#!ascii label  , from subject sub-v1s10x0051013_ses-1 vox2ras=TkReg
7857
155  9.340  -80.677  13.264 0.6000000238
104703  8.434  -80.823  13.139 0.5000000000
87  9.735  -81.626  12.528 0.6999999881
160  9.039  -81.247  12.976 0.5000000000
0  8.506  -81.845  11.694 0.4000000060
93  8.409  -81.406  11.978 0.2000000030
3  8.797  -82.226  11.513 0.5000000000
419  11.330  -79.406  13.244 0.8999999762
412  10.434  -79.487  13.328 0.6999999881
281  11.711  -79.871  13.149 0.8000000119
159  10.127  -81.024  13.050 0.6999999881
158  11.207  -80.641  12.966 0.8000000119
2  9.741  -82.571  11.317 0.6999999881
86  10.682  -81.360  12.450 0.6999999881
10  8.275  -82.099  11.142 0.4000000060
100  7.943  -81.963  10.410 0.3000000119
586  8.915  -77.983  12.521 0.6999999881
827  12.640  -76.988  12.409 0.8999999762
583  12.261  -77.837  12.721 0.8999999762
584  11.233  -77.846  12.725 0.8000000119
413  9.763  -79.202  13.277 0.6999999881
282  8.725  -79.434  13.278 0.6999999881
582  13.062  -77.723  12.539 0.8999999762
100201  11.806  -78.659  13.055 0.8999999762
156  8.399  -80.336  13.325 0.5000000000
295  15.857  -80.227  10.918 1.0000000000
432  15.697  -78.560  10.175 1.0000000000
427  13.943  -78.138  11.531 0.8999999762
417  13.256  -78.271  12.343 0.8999999762
418  12.608  -78.654  12.788 0.8999999762
102163  15.244  -80.714  10.684 0.8999999762
433  14.828  -79.359  10.329 1.0000000000
288  13.296  -78.845  11.615 0.8999999762
279  12.854  -78.918  12.511 0.8999999762
280  12.327  -79.385  12.816 0.8999999762
161  7.748  -80.572  13.125 0.2000000030
174  14.520  -81.166  10.579 0.8999999762
296  14.276  -79.921  10.415 0.8999999762
289  12.613  -79.708  11.658 0.8999999762
157  11.973  -80.201  12.623 0.8000000119
169  7.768  -80.762  12.508 0.2000000030
90  11.082  -81.806  11.606 0.8999999762
9  8.734  -82.677  10.825 0.5000000000
15  8.101  -82.529  10.041 0.3000000119
110642  9.631  -82.221  3.052 0.3000000119
59  8.959  -82.056  3.518 0.3000000119
132  9.634  -81.742  2.684 0.2000000030
65  9.789  -81.949  2.441 0.3000000119
115012  9.769  -81.226  2.730 0.2000000030
98363  9.341  -76.653  11.424 0.8000000119
1147  10.549  -75.314  10.751 1.0000000000
848  9.017  -76.159  10.746 0.6999999881
838  8.328  -76.860  11.105 0.4000000060
837  10.324  -76.523  11.675 0.8000000119
587  7.699  -78.219  12.302 0.5000000000
100163  7.334  -77.640  11.431 0.4000000060
836  11.745  -75.693  11.627 1.0000000000
592  9.688  -77.225  12.059 0.6999999881
107301  12.155  -76.284  12.079 0.8999999762
1485  12.892  -74.720  11.682 1.0000000000
103615  11.248  -76.386  11.919 0.8000000119
829  10.726  -77.110  12.252 0.8000000119
421  9.350  -78.621  13.040 0.6999999881
422  8.038  -78.800  13.015 0.5000000000
1134  13.384  -75.404  11.963 1.0000000000
828  11.720  -77.040  12.390 0.8000000119
835  13.026  -76.190  12.207 0.8999999762
1135  12.560  -75.517  11.869 1.0000000000
420  10.622  -78.706  13.115 0.6999999881
416  17.004  -78.969  13.363 0.6999999881
425  16.820  -78.997  12.584 0.6999999881
430  16.668  -78.721  11.263 0.8000000119
826  13.400  -76.896  12.281 0.8999999762
426  16.852  -79.779  12.114 1.0000000000
597  16.570  -77.677  10.632 0.8000000119
103912  14.019  -76.808  12.081 0.8999999762
834  13.795  -76.170  12.078 0.8999999762
287  17.360  -80.061  12.275 0.8999999762
165  16.820  -80.426  12.005 0.8999999762
294  16.600  -80.517  11.735 1.0000000000
598  16.118  -77.542  10.251 1.0000000000
590  14.530  -77.263  11.325 0.8999999762
102  15.826  -81.791  10.315 0.8999999762
173  16.100  -81.093  11.398 1.0000000000
434  14.089  -79.079  10.603 1.0000000000
105669  14.804  -78.282  10.515 0.8999999762
96  15.232  -81.767  10.594 0.8999999762
97  14.625  -81.844  10.571 0.8999999762
175  13.719  -81.431  10.552 0.8999999762
166  12.161  -80.722  11.403 0.8999999762
108  15.791  -81.733  8.929 0.8999999762
11  15.132  -82.120  10.055 0.8999999762
109943  14.461  -82.150  10.336 0.8999999762
5  13.083  -82.731  10.178 0.8999999762
176  12.718  -81.543  10.634 0.8999999762
89  11.839  -81.615  11.084 0.8999999762
112  15.701  -81.943  7.574 0.8999999762
16  15.078  -81.904  8.837 0.8999999762
17  14.177  -82.359  9.583 0.8999999762
18  13.476  -82.787  9.952 0.8999999762
13  11.490  -82.856  10.397 0.6999999881
104953  10.349  -83.011  10.185 0.6999999881
27  14.193  -82.640  6.760 0.8000000119
105541  13.186  -82.636  7.199 0.8000000119
105614  12.824  -82.529  8.328 0.6999999881
98854  11.838  -82.807  8.544 0.6999999881
20  11.338  -83.023  9.599 0.5000000000
21  9.418  -83.014  8.383 0.5000000000
101322  9.611  -83.099  9.280 0.6000000238
107720  8.436  -82.941  9.440 0.5000000000
43  14.813  -82.487  5.536 0.6999999881
36  12.592  -82.969  6.475 0.6999999881
29  11.116  -82.767  7.616 0.6000000238
111163  9.143  -82.869  7.035 0.5000000000
31  8.696  -82.840  7.786 0.4000000060
113  7.528  -82.105  7.241 0.3000000119
104219  12.934  -82.462  4.165 0.6000000238
50  13.506  -82.704  4.869 0.6000000238
105003  12.521  -82.891  4.449 0.6000000238
37  11.870  -83.151  5.804 0.6000000238
46  11.097  -83.152  5.269 0.6000000238
47  9.943  -83.008  5.218 0.6000000238
39  9.110  -82.909  6.060 0.4000000060
130  13.371  -82.055  2.830 0.5000000000
55  12.675  -82.510  3.245 0.5000000000
100156  10.615  -83.046  4.434 0.6000000238
106947  9.438  -82.823  4.541 0.4000000060
53  8.632  -82.312  4.283 0.4000000060
61  12.744  -82.713  2.080 0.5000000000
56  12.146  -82.930  3.573 0.5000000000
62  11.987  -82.840  2.563 0.3000000119
106291  10.490  -82.788  3.429 0.5000000000
223  9.368  -81.231  3.409 0.2000000030
60  13.652  -82.490  1.698 0.5000000000
69  11.968  -82.506  1.660 0.3000000119
58  10.439  -82.382  2.620 0.2000000030
131  10.179  -81.819  1.962 0.2000000030
229  10.192  -81.225  2.104 0.2000000030
222  10.330  -80.618  3.089 0.2000000030
68  12.902  -82.483  1.043 0.3000000119
77  11.899  -82.080  0.822 0.2000000030
228  10.880  -80.852  1.432 0.2000000030
75  13.384  -82.262  0.172 0.3000000119
137  10.990  -81.779  1.010 0.2000000030
234  11.107  -81.255  0.902 0.2000000030
81  13.814  -82.078  -0.559 0.2000000030
76  12.665  -82.100  0.278 0.2000000030
142  12.305  -81.777  0.054 0.2000000030
242  12.166  -81.192  0.046 0.2000000030
345  12.248  -79.828  1.252 0.2000000030
148  13.428  -81.811  -0.676 0.2000000030
250  12.860  -81.539  -0.324 0.2000000030
241  12.980  -80.609  -0.093 0.2000000030
233  12.243  -80.468  0.527 0.2000000030
1154  8.925  -75.085  9.601 0.8000000119
849  8.073  -76.453  10.444 0.4000000060
95873  8.578  -75.746  10.094 0.4000000060
1146  11.380  -75.214  11.094 1.0000000000
1136  10.876  -75.851  11.366 1.0000000000
850  7.098  -76.762  10.246 0.4000000060
1155  8.147  -75.549  9.383 0.4000000060
1519  8.502  -74.982  8.892 0.6000000238
1486  12.156  -74.969  11.417 1.0000000000
594  6.737  -78.129  11.174 0.3000000119
1872  13.199  -73.944  11.425 1.0000000000
1871  13.839  -73.878  11.459 1.0000000000
101185  14.356  -75.382  11.645 1.0000000000
415  17.819  -79.240  13.280 0.8000000119
581  16.733  -78.219  12.870 0.6999999881
1133  15.311  -75.101  10.900 1.0000000000
278  17.181  -79.433  12.820 0.8999999762
832  17.004  -77.002  11.443 0.8000000119
109364  16.827  -77.098  10.875 0.8000000119
833  14.514  -76.337  11.622 0.8999999762
164  17.116  -80.558  11.950 1.0000000000
845  16.436  -76.860  10.532 0.8000000119
1144  15.867  -75.727  10.512 0.8999999762
1145  15.252  -75.918  10.900 0.8999999762
163  17.947  -80.356  11.652 0.8999999762
171  17.465  -80.761  11.222 1.0000000000
172  16.638  -80.775  11.646 1.0000000000
846  15.949  -76.614  10.332 0.8999999762
106  17.437  -81.266  8.867 0.8999999762
111  16.571  -81.870  7.458 0.8999999762
24  17.035  -82.037  6.436 0.8999999762
26  15.603  -82.360  6.435 0.8000000119
110906  15.971  -82.263  6.019 0.8999999762
114598  14.404  -82.207  4.981 0.6000000238
42  15.477  -82.230  5.741 0.8000000119
121  13.763  -81.909  4.526 0.6000000238
105759  14.961  -82.327  5.405 0.6999999881
226  15.352  -80.533  3.012 0.6999999881
227  14.621  -81.023  2.914 0.6000000238
221  14.014  -81.175  4.231 0.6000000238
213  14.394  -81.303  4.900 0.6000000238
129  14.240  -81.697  2.397 0.6000000238
67  13.948  -82.524  0.808 0.4000000060
66  14.824  -82.393  0.483 0.4000000060
74  14.644  -82.286  -0.336 0.4000000060
80  15.168  -82.198  -0.879 0.3000000119
85  14.961  -81.937  -1.317 0.1000000015
147  14.168  -81.756  -1.063 0.2000000030
249  13.573  -81.319  -0.677 0.2000000030
1148  9.575  -75.336  10.330 1.0000000000
1505  9.628  -74.709  9.739 0.8999999762
102407  11.055  -74.788  10.596 1.0000000000
1518  9.275  -74.522  9.027 0.8000000119
602  6.847  -77.471  10.660 0.3000000119
1528  8.986  -74.664  8.142 0.8000000119
1502  12.506  -74.203  11.163 1.0000000000
1889  12.058  -73.791  10.482 1.0000000000
858  6.861  -76.626  9.596 0.3000000119
97163  7.847  -75.454  8.797 0.3000000119
1167  8.071  -75.167  8.216 0.6999999881
1539  8.501  -74.884  7.346 0.8000000119
108651  6.553  -77.805  9.641 0.3000000119
1887  13.626  -73.219  11.206 1.0000000000
1886  14.380  -73.441  11.194 1.0000000000
2335  14.297  -72.568  10.990 1.0000000000
97636  15.088  -71.879  10.780 0.8999999762
2334  16.026  -72.201  10.560 0.8000000119
414  18.865  -79.126  12.922 0.8999999762
98241  16.810  -76.501  13.649 0.8000000119
95500  16.948  -76.856  12.629 0.8000000119
1501  15.566  -74.382  10.743 1.0000000000
109725  15.085  -73.752  10.937 1.0000000000
102195  16.288  -73.047  10.555 0.8000000119
424  19.224  -79.243  11.948 0.8999999762
277  18.142  -79.651  12.674 0.8999999762
100302  17.221  -75.346  13.607 0.8000000119
1125  17.237  -75.690  12.610 0.8000000119
1132  17.166  -75.952  11.583 0.8000000119
1500  16.445  -74.381  10.601 0.8000000119
1884  16.716  -73.648  10.575 0.8000000119
292  19.229  -79.593  11.067 0.8999999762
114392  17.395  -75.096  11.721 0.8000000119
1142  17.174  -75.134  11.056 0.8000000119
844  16.888  -76.183  10.893 0.8000000119
1143  16.794  -75.182  10.751 0.8000000119
170  18.489  -80.311  10.646 0.8999999762
108628  18.151  -80.652  10.089 0.8999999762
98101  16.352  -75.970  10.576 0.8000000119
188  18.233  -80.893  9.023 0.8999999762
110  17.512  -81.728  7.290 1.0000000000
115  17.577  -81.777  6.409 0.8999999762
206  16.000  -81.927  5.763 0.8999999762
219  15.051  -80.087  4.213 0.8000000119
212  14.822  -80.480  5.049 0.8000000119
207  15.190  -81.369  5.462 0.8000000119
220  14.498  -80.680  3.700 0.6999999881
102461  14.471  -80.689  4.497 0.6999999881
127  15.896  -80.947  2.238 0.6000000238
135  15.808  -81.552  1.574 0.5000000000
136  14.788  -82.149  1.403 0.5000000000
141  15.742  -82.183  0.809 0.6000000238
72  16.688  -82.235  0.142 0.5000000000
73  15.535  -82.364  -0.061 0.4000000060
1504  10.390  -74.604  10.123 1.0000000000
1516  11.260  -74.204  10.226 1.0000000000
1517  10.069  -74.174  9.300 1.0000000000
1900  12.341  -72.952  9.901 1.0000000000
608  6.613  -77.296  9.938 0.3000000119
100164  10.804  -73.561  7.731 1.0000000000
1888  12.847  -73.231  10.859 1.0000000000
859  6.492  -77.197  9.140 0.3000000119
114525  6.725  -76.588  9.117 0.3000000119
100831  13.513  -72.259  10.702 1.0000000000
447  6.736  -78.366  9.967 0.3000000119
454  6.625  -78.045  8.961 0.3000000119
615  6.439  -77.469  8.183 0.3000000119
868  6.583  -76.561  8.548 0.3000000119
1178  7.397  -75.480  7.559 0.6000000238
1187  6.438  -75.798  6.767 0.4000000060
1186  8.057  -75.204  6.312 0.6999999881
2806  14.959  -70.976  10.858 1.0000000000
98345  14.256  -71.523  10.749 1.0000000000
2805  15.819  -71.292  10.743 0.8000000119
1114  16.800  -76.130  14.565 0.6999999881
2804  16.694  -71.579  10.725 0.8000000119
580  19.335  -78.324  13.139 0.8000000119
1458  17.688  -74.312  13.675 0.8000000119
98666  19.577  -78.013  11.406 0.8000000119
1470  17.617  -74.542  12.511 0.8000000119
1883  17.284  -73.298  10.704 0.8000000119
305  19.287  -79.853  10.153 0.8000000119
1482  17.526  -74.317  11.331 0.8000000119
1499  17.197  -74.207  10.791 0.8000000119
1870  17.667  -73.468  11.028 0.8000000119
109871  19.652  -79.929  9.074 0.8999999762
187  19.088  -80.956  8.060 0.8999999762
105  18.353  -81.353  7.725 0.8999999762
194  19.054  -81.323  7.093 0.8999999762
114  18.351  -81.536  6.611 0.8999999762
200  17.646  -81.602  6.336 0.8999999762
201  16.772  -81.697  5.982 0.8999999762
202  15.783  -80.921  5.838 0.8999999762
108430  15.761  -79.499  4.261 0.8999999762
328  15.417  -79.715  5.208 1.0000000000
97198  15.348  -80.382  5.499 0.8999999762
225  16.435  -80.434  2.627 0.6999999881
232  16.776  -81.116  1.829 0.5000000000
134  17.532  -81.711  1.138 0.5000000000
101748  16.540  -81.829  1.150 0.5000000000
78  16.577  -82.231  -0.959 0.5000000000
83  16.145  -82.127  -1.462 0.4000000060
152  15.973  -82.009  -1.887 0.2000000030
154  15.003  -81.630  -1.428 0.1000000015
145  18.205  -81.830  -0.748 0.5000000000
1901  11.609  -73.506  9.704 1.0000000000
1902  10.850  -73.913  9.560 1.0000000000
1537  10.253  -73.908  7.120 0.8999999762
2345  12.585  -72.097  9.228 1.0000000000
2360  12.196  -72.132  8.521 1.0000000000
100245  11.269  -73.391  9.047 1.0000000000
1931  9.514  -73.615  6.234 0.8999999762
113129  13.005  -70.785  9.789 1.0000000000
107448  12.874  -72.420  10.191 1.0000000000
2831  12.363  -71.566  8.729 1.0000000000
1547  8.650  -74.652  5.808 0.8000000119
2820  13.071  -70.239  10.315 1.0000000000
2807  13.599  -71.080  10.301 1.0000000000
453  7.168  -78.441  9.098 0.3000000119
115046  8.168  -75.080  5.612 0.6999999881
106374  14.865  -70.409  11.165 0.8999999762
96832  14.047  -70.492  10.879 1.0000000000
1179  5.939  -76.588  6.916 0.4000000060
95907  7.440  -75.321  5.654 0.5000000000
1201  7.162  -75.162  4.857 0.5000000000
1189  5.317  -76.131  5.521 0.4000000060
1212  6.344  -74.780  4.141 0.6000000238
3253  16.957  -70.444  12.194 0.6999999881
3272  16.375  -70.829  11.001 0.8000000119
1569  5.893  -74.178  3.523 0.6000000238
3262  18.110  -70.847  12.066 0.6999999881
2803  17.176  -70.982  11.169 0.8000000119
1445  17.802  -74.184  14.621 0.6999999881
115038  18.462  -73.289  13.842 0.6999999881
2325  18.142  -71.967  11.394 0.8000000119
102838  17.524  -71.789  10.943 0.8000000119
429  19.571  -78.642  10.682 0.8000000119
1858  18.121  -73.547  12.816 0.6999999881
2324  18.607  -72.159  11.986 0.6999999881
108499  19.518  -79.291  10.211 0.8000000119
1859  17.922  -73.593  11.825 0.8000000119
186  19.756  -80.397  8.243 0.8999999762
193  19.709  -80.918  7.202 0.8999999762
199  19.279  -81.127  6.463 0.8999999762
319  17.547  -81.006  6.120 0.8000000119
320  16.261  -80.490  6.149 0.8000000119
325  15.823  -79.720  5.949 0.8000000119
218  16.049  -79.876  3.432 0.8999999762
331  16.584  -79.273  3.748 0.8999999762
224  17.354  -80.443  2.333 0.8000000119
336  17.114  -79.833  2.987 0.8000000119
342  18.087  -80.268  2.104 0.8000000119
231  17.792  -81.009  1.733 0.8000000119
114674  17.645  -80.022  2.557 0.8000000119
230  18.578  -81.023  1.377 0.5000000000
133  18.442  -81.648  0.984 0.5000000000
140  17.920  -82.044  0.284 0.5000000000
239  19.114  -81.343  0.816 0.6000000238
139  18.723  -81.689  0.364 0.5000000000
106293  17.424  -81.798  -1.535 0.5000000000
151  16.661  -81.984  -1.712 0.5000000000
245  20.286  -81.079  -0.469 0.5000000000
138  19.297  -81.424  0.319 0.5000000000
144  18.946  -81.547  -0.278 0.5000000000
246  19.520  -81.318  -0.384 0.5000000000
253  19.547  -80.924  -1.439 0.5000000000
150  17.953  -81.350  -1.718 0.5000000000
252  21.145  -80.677  -0.536 0.5000000000
105551  20.302  -80.551  -1.566 0.5000000000
259  19.572  -80.174  -2.101 0.5000000000
113550  19.135  -80.316  -2.120 0.5000000000
257  20.966  -80.101  -1.765 0.5000000000
367  20.751  -79.595  -2.199 0.5000000000
368  20.076  -79.901  -2.292 0.4000000060
363  21.584  -79.464  -2.072 0.5000000000
505  20.755  -79.636  -2.254 0.4000000060
696  21.376  -77.194  -1.935 0.4000000060
1911  10.713  -73.705  8.706 1.0000000000
1933  8.280  -73.323  5.882 1.0000000000
2361  11.701  -72.488  8.100 1.0000000000
2372  10.767  -72.698  7.069 1.0000000000
104640  10.010  -72.483  6.889 0.8999999762
2821  12.719  -71.140  9.202 1.0000000000
1557  8.428  -74.375  5.343 0.6999999881
3771  13.495  -69.647  11.461 1.0000000000
3779  12.863  -69.782  10.802 1.0000000000
1948  7.711  -73.674  5.117 0.8999999762
3770  14.349  -69.874  11.444 0.8999999762
3763  14.089  -69.507  11.989 0.8000000119
3764  13.298  -69.448  12.129 0.8000000119
3772  12.696  -69.537  11.510 0.8000000119
1200  8.061  -74.976  5.206 0.6999999881
1558  7.617  -74.299  4.719 0.8000000119
1960  7.048  -73.796  4.438 0.8000000119
3265  15.329  -70.085  11.601 0.8999999762
3255  14.585  -69.891  12.564 0.8000000119
1565  6.822  -74.009  4.050 0.6999999881
1961  6.321  -73.825  3.900 0.8000000119
111783  4.403  -73.295  4.885 0.8000000119
3252  17.785  -70.660  12.497 0.6999999881
2796  18.487  -71.361  11.991 0.6999999881
3251  18.619  -70.904  12.723 0.6999999881
596  19.651  -77.703  10.536 0.8000000119
442  19.763  -78.751  9.649 0.8000000119
2294  19.020  -72.664  14.403 0.6999999881
2316  18.822  -72.530  12.844 0.6999999881
309  20.195  -79.843  8.390 0.8999999762
192  20.215  -80.646  6.330 0.8999999762
95147  19.504  -80.753  6.053 0.8999999762
100088  18.622  -80.636  6.110 0.8000000119
463  16.847  -78.513  6.424 0.8999999762
104833  17.483  -79.547  6.504 0.8000000119
324  16.510  -79.502  6.332 0.8000000119
473  16.130  -78.972  4.707 1.0000000000
468  15.987  -79.081  5.635 1.0000000000
467  16.355  -78.766  6.092 1.0000000000
330  17.268  -79.118  3.286 1.0000000000
335  17.804  -79.435  2.639 0.8999999762
334  18.356  -79.539  2.045 0.8000000119
6250  5.850  -63.856  -7.809 0.6000000238
6866  5.612  -63.849  -6.264 0.6000000238
341  18.754  -80.139  1.534 0.8000000119
340  19.355  -80.840  1.024 0.6000000238
482  18.783  -79.114  1.486 0.8999999762
109032  7.113  -65.074  -7.283 0.6000000238
238  19.867  -81.136  0.473 0.6000000238
237  20.741  -80.782  0.299 0.5000000000
236  21.379  -80.417  0.272 0.5000000000
361  23.448  -79.059  -1.872 0.6000000238
362  22.508  -79.623  -1.580 0.5000000000
348  21.923  -79.964  0.574 0.6999999881
100331  22.477  -78.972  -2.388 0.5000000000
109835  22.916  -78.929  -2.809 0.5000000000
702  22.323  -78.199  -2.417 0.5000000000
503  23.481  -78.836  -2.896 0.5000000000
96961  21.467  -78.676  -2.088 0.4000000060
695  22.196  -76.991  -2.529 0.4000000060
2384  9.487  -72.956  6.464 0.8999999762
100654  7.439  -73.248  5.922 1.0000000000
1949  7.019  -73.449  4.990 0.8999999762
98479  6.415  -73.562  4.347 0.8000000119
1950  5.497  -73.319  4.413 0.8000000119
1963  4.271  -73.171  3.881 0.6999999881
2774  19.155  -71.180  13.305 0.6999999881
843  19.673  -76.982  10.814 0.8000000119
441  20.021  -78.074  9.128 0.8000000119
2307  19.166  -72.290  13.712 0.6999999881
448  20.300  -79.023  8.576 0.8000000119
314  20.369  -80.367  7.405 0.8000000119
313  20.853  -80.184  6.674 0.8000000119
318  20.280  -80.271  5.662 0.8000000119
106434  18.382  -79.608  6.321 0.6999999881
462  17.760  -78.591  6.581 0.8999999762
652  16.530  -78.249  5.326 1.0000000000
472  16.923  -78.474  4.001 1.0000000000
104589  16.994  -77.740  4.547 0.8999999762
6851  6.778  -64.557  -3.949 0.8000000119
6225  6.910  -64.865  -5.912 0.8000000119
100340  5.280  -63.873  -5.489 0.6999999881
477  18.256  -78.709  2.193 0.8999999762
101118  7.304  -65.105  -5.105 0.8000000119
6237  6.400  -64.314  -6.790 0.6000000238
6853  4.942  -64.247  -4.650 0.6999999881
481  19.415  -79.692  0.862 0.8000000119
488  19.212  -78.640  0.882 0.8999999762
6236  7.401  -65.609  -6.536 0.8000000119
350  20.192  -80.633  0.620 0.8000000119
487  19.742  -78.644  0.426 1.0000000000
689  19.395  -77.969  0.580 0.8999999762
6258  6.907  -64.569  -8.137 0.5000000000
5660  7.607  -66.045  -7.647 0.6000000238
349  21.181  -80.286  0.515 0.6000000238
486  21.646  -79.240  0.769 0.8999999762
355  23.228  -79.479  -0.637 0.6999999881
356  22.542  -79.721  0.196 0.8000000119
347  22.584  -79.312  0.799 0.8999999762
686  22.620  -78.664  0.993 0.8000000119
497  24.341  -78.473  -0.983 0.6000000238
493  23.219  -79.132  0.349 0.6999999881
507  24.971  -78.280  -3.037 0.6999999881
109100  24.266  -78.725  -1.676 0.6999999881
508  24.223  -78.576  -3.271 0.5000000000
113768  23.539  -78.784  -3.046 0.5000000000
2385  8.715  -72.836  6.497 1.0000000000
2386  7.779  -72.813  6.730 1.0000000000
104500  6.133  -73.307  5.136 0.8000000119
1951  3.981  -73.529  5.796 0.8000000119
2860  3.202  -72.031  5.219 0.4000000060
111498  3.259  -72.574  4.371 0.6000000238
2398  3.450  -72.867  5.538 0.8000000119
2753  19.135  -71.018  14.240 0.6999999881
3325  3.186  -70.864  5.041 0.3000000119
97420  20.199  -75.933  9.059 0.8000000119
853  19.995  -77.005  9.213 0.8000000119
609  20.468  -77.737  8.249 0.8000000119
456  20.866  -78.976  7.572 0.8000000119
317  20.800  -80.130  5.821 0.8000000119
316  21.135  -79.632  5.295 0.8000000119
460  20.097  -79.548  5.189 0.6999999881
101810  19.435  -80.188  5.843 0.6999999881
625  19.181  -78.154  6.016 0.8000000119
461  18.802  -78.924  6.242 0.6999999881
886  17.867  -76.895  6.246 0.8999999762
627  17.346  -77.717  6.353 0.8999999762
651  17.108  -77.276  5.414 0.8999999762
640  16.810  -77.893  6.090 1.0000000000
661  17.349  -77.674  3.770 0.8999999762
671  17.728  -77.498  3.096 0.8999999762
114811  7.454  -63.842  -1.840 1.0000000000
6819  7.909  -64.029  -2.380 0.8999999762
6820  7.069  -63.907  -2.537 0.8999999762
670  18.153  -77.767  2.367 0.8999999762
6833  7.499  -64.262  -3.270 0.8000000119
6834  5.967  -64.739  -4.032 0.6999999881
6835  5.028  -65.082  -3.630 0.6999999881
680  18.740  -78.026  1.378 0.8999999762
6196  7.537  -64.803  -4.259 0.8999999762
102906  19.174  -77.055  0.731 0.8000000119
5625  7.813  -65.804  -5.743 0.8000000119
688  19.913  -77.709  0.202 0.8999999762
5641  7.657  -66.290  -7.049 0.8000000119
96724  20.378  -79.683  0.536 1.0000000000
5076  8.019  -66.758  -7.178 0.8999999762
101488  21.968  -78.023  1.021 0.8999999762
952  25.403  -77.314  -2.828 0.8000000119
700  25.265  -77.713  -2.801 0.6999999881
944  24.998  -77.838  -1.882 0.8000000119
694  24.568  -78.096  -0.882 0.6000000238
485  23.682  -78.492  0.366 0.6000000238
103760  23.079  -77.835  1.199 0.6999999881
501  24.841  -78.299  -1.965 0.6999999881
704  25.367  -77.617  -3.483 0.6999999881
99931  4.969  -73.324  5.447 0.8000000119
3326  2.910  -69.739  4.987 0.3000000119
2851  3.349  -72.295  6.151 0.6999999881
842  19.880  -76.141  9.919 0.8000000119
1153  20.376  -75.014  9.399 0.8000000119
864  20.447  -76.395  8.363 0.8000000119
617  21.065  -77.960  7.155 0.8000000119
312  21.116  -79.778  6.165 0.8000000119
638  20.279  -78.549  4.782 0.8999999762
885  18.607  -77.270  6.289 0.8999999762
626  18.226  -77.830  6.446 0.8999999762
6803  8.435  -63.740  -1.435 1.0000000000
6821  6.394  -64.422  -2.587 0.6999999881
97214  18.437  -77.070  1.691 0.8000000119
6195  8.422  -65.007  -3.800 0.8999999762
1258  23.717  -75.869  -1.650 0.8000000119
6224  8.344  -65.645  -4.762 0.8999999762
5640  8.077  -66.591  -6.475 0.8000000119
1257  25.217  -75.653  -2.907 0.8999999762
934  20.693  -77.177  0.474 0.8000000119
5659  8.113  -66.440  -7.880 0.8999999762
953  24.764  -77.089  -2.146 0.8999999762
1249  24.123  -76.784  -0.419 0.5000000000
115019  24.166  -77.123  0.767 0.6000000238
931  24.246  -76.465  1.030 0.5000000000
1237  22.004  -75.686  0.981 0.6000000238
933  22.319  -76.788  1.140 0.6999999881
5691  8.875  -65.215  -9.646 0.6000000238
5676  9.398  -65.992  -8.862 0.8000000119
951  25.687  -76.585  -3.241 0.8999999762
939  24.305  -77.680  0.119 0.5000000000
958  25.790  -76.955  -3.801 0.6000000238
699  25.673  -77.097  -3.393 0.6999999881
968  24.270  -77.110  -4.391 0.5000000000
709  25.302  -77.576  -4.002 0.6000000238
3831  2.672  -68.722  5.167 0.3000000119
110663  2.630  -69.370  6.484 0.6999999881
3314  3.229  -71.239  5.947 0.6999999881
1162  20.627  -75.381  8.503 0.8000000119
873  20.812  -76.840  7.606 0.8000000119
459  21.411  -79.134  5.565 0.8000000119
465  21.428  -79.067  4.642 0.8000000119
111906  21.080  -79.445  4.814 0.8000000119
8567  9.126  -61.585  1.217 0.8999999762
8549  9.170  -62.134  1.634 1.0000000000
7405  8.657  -63.803  1.066 1.0000000000
6791  8.043  -63.741  -0.472 1.0000000000
7404  9.288  -62.972  0.681 1.0000000000
7437  8.799  -63.453  -0.655 1.0000000000
6804  7.319  -63.885  -0.980 0.8999999762
6161  5.514  -65.233  -0.554 0.6999999881
99676  4.204  -65.067  -1.927 0.6000000238
924  18.614  -76.272  1.300 0.8000000119
7436  9.552  -63.400  -0.884 1.0000000000
936  19.155  -76.003  0.624 0.8000000119
6802  9.787  -63.888  -1.581 1.0000000000
6183  8.595  -64.577  -2.956 0.8999999762
98697  9.169  -65.226  -3.383 0.8999999762
5624  8.689  -66.498  -5.624 0.8000000119
1606  23.653  -75.672  -0.785 0.6999999881
103494  20.167  -75.152  0.267 0.6999999881
1239  19.704  -75.606  0.291 0.8000000119
5075  8.720  -67.075  -6.699 0.8000000119
1613  25.061  -74.576  -2.986 0.8999999762
1245  24.247  -76.108  0.812 0.6000000238
1238  20.678  -75.973  0.445 0.8000000119
104682  9.992  -66.516  -8.106 0.8999999762
1236  23.376  -75.909  1.271 0.6000000238
99278  22.448  -74.893  0.922 0.6000000238
99417  21.070  -75.027  0.602 0.6000000238
6269  10.316  -64.826  -10.367 0.6000000238
5690  9.793  -65.287  -9.733 0.6999999881
108976  10.130  -65.948  -8.931 0.8000000119
1276  25.729  -75.627  -4.312 0.8000000119
932  23.794  -76.859  1.240 0.6000000238
967  25.551  -76.635  -4.229 0.6000000238
1277  24.285  -76.107  -4.718 0.6000000238
1278  22.894  -76.032  -4.752 0.4000000060
4346  2.310  -67.851  7.216 0.6000000238
637  21.018  -78.471  4.034 0.8999999762
8566  9.787  -61.955  0.827 0.8999999762
6772  7.828  -64.512  1.490 1.0000000000
6782  7.192  -64.727  0.399 1.0000000000
95314  6.510  -64.795  -0.396 0.8999999762
7956  10.098  -62.398  0.224 0.8999999762
6784  5.599  -65.017  0.386 0.6999999881
2003  18.908  -74.020  0.794 0.6000000238
1593  18.837  -74.768  0.786 0.6999999881
6182  9.604  -64.942  -2.786 0.8999999762
2492  24.386  -72.348  -3.998 0.8999999762
2033  24.526  -72.766  -3.435 0.8000000119
1592  19.444  -74.743  0.445 0.8000000119
1240  19.089  -75.287  0.603 0.8000000119
6194  10.032  -65.662  -3.367 0.8999999762
2027  24.814  -73.674  -3.244 0.8000000119
97157  23.440  -75.020  -1.843 0.8000000119
2016  23.835  -74.848  -0.373 0.6999999881
5606  9.329  -66.285  -4.796 0.8999999762
5074  9.667  -67.017  -6.557 0.8999999762
5657  10.277  -66.891  -7.152 0.8999999762
2500  23.874  -72.532  -4.611 0.8999999762
2040  24.703  -73.193  -4.118 0.8999999762
2039  25.339  -73.813  -3.924 0.8999999762
1601  24.395  -75.408  1.051 0.6000000238
1235  24.183  -75.832  1.185 0.5000000000
1591  20.235  -74.455  0.358 0.6000000238
102633  20.239  -73.675  0.467 0.5000000000
112731  23.779  -73.332  -4.690 1.0000000000
103591  24.974  -73.971  -4.344 0.8999999762
1624  25.695  -74.680  -4.134 1.0000000000
1587  24.608  -74.781  0.744 0.6999999881
1588  24.434  -74.986  1.004 0.5000000000
96757  23.975  -75.194  1.186 0.5000000000
1589  23.168  -74.332  0.969 0.5000000000
1590  21.198  -74.215  0.585 0.6000000238
6910  11.328  -63.981  -11.837 0.5000000000
5689  10.593  -65.613  -9.478 0.8999999762
98689  24.642  -74.896  -4.681 1.0000000000
111801  24.043  -74.554  1.162 0.5000000000
102110  22.091  -74.038  0.694 0.5000000000
1625  23.365  -74.240  -4.826 1.0000000000
1632  22.640  -74.979  -5.409 0.6999999881
1626  23.208  -75.434  -4.891 0.6999999881
96281  22.494  -75.646  -5.198 0.6000000238
101423  22.178  -76.133  -4.831 0.4000000060
1282  22.110  -75.374  -6.238 0.4000000060
3805  2.606  -68.942  7.673 0.8000000119
96341  2.746  -69.688  7.212 0.6999999881
3309  3.070  -70.754  7.485 0.6999999881
2852  3.247  -71.522  6.815 0.6999999881
4324  2.489  -67.754  8.885 0.8000000119
3315  2.989  -70.337  6.524 0.6000000238
5464  3.821  -66.062  6.921 0.1000000015
8550  8.740  -61.679  2.099 1.0000000000
9129  7.530  -60.512  0.419 0.8999999762
9128  8.647  -60.934  0.451 0.8999999762
6773  7.216  -64.550  1.525 1.0000000000
6783  6.698  -64.888  0.931 0.8000000119
6774  6.191  -64.496  1.119 0.8000000119
2002  19.425  -73.374  0.719 0.5000000000
7435  10.700  -63.337  -1.115 1.0000000000
2491  24.381  -71.919  -3.281 0.8999999762
101344  19.562  -74.029  0.491 0.4000000060
2945  24.220  -71.635  -4.190 0.8999999762
2028  23.568  -73.106  -2.110 0.8000000119
2454  20.165  -72.862  0.655 0.4000000060
6181  10.596  -65.182  -2.721 1.0000000000
105996  10.169  -66.529  -4.903 0.8999999762
2022  23.521  -73.739  -1.492 0.8000000119
2015  24.644  -74.634  -0.051 0.6999999881
95788  12.914  -64.403  -12.621 0.8000000119
99191  10.154  -66.738  -5.775 0.8999999762
100970  11.258  -66.675  -6.853 0.8999999762
2512  23.614  -72.605  -5.362 0.8999999762
1998  24.438  -74.420  0.974 0.5000000000
5123  14.535  -66.875  -13.146 0.8000000119
6294  14.408  -65.224  -13.114 0.8999999762
6276  12.317  -64.266  -11.668 0.6999999881
6268  11.120  -65.257  -10.186 0.8000000119
5675  10.740  -66.170  -8.633 0.8999999762
2051  23.362  -73.407  -4.973 1.0000000000
1999  23.604  -73.940  0.961 0.5000000000
2000  22.448  -73.522  0.688 0.5000000000
107756  21.835  -72.799  0.576 0.5000000000
6267  12.633  -65.022  -10.585 0.8000000119
1631  22.989  -74.179  -5.742 0.8999999762
106061  23.488  -73.342  -6.002 0.8999999762
1638  23.025  -74.258  -7.005 0.8000000119
101370  22.535  -74.734  -6.489 0.6000000238
1291  21.592  -75.975  -6.678 0.5000000000
1283  21.934  -75.968  -5.507 0.4000000060
110970  2.862  -68.743  9.004 0.8000000119
3804  2.515  -68.234  8.196 0.8000000119
5448  1.610  -65.667  8.742 0.4000000060
112109  7.513  -60.574  1.578 0.8999999762
9113  8.054  -61.113  2.312 0.8999999762
8541  8.248  -61.871  2.941 1.0000000000
6760  8.213  -64.128  2.157 1.0000000000
104692  7.944  -62.288  3.213 1.0000000000
7384  7.424  -63.467  2.555 1.0000000000
6762  6.893  -63.986  1.881 1.0000000000
7397  5.295  -63.089  0.849 0.8000000119
107219  6.049  -63.502  1.536 0.8999999762
7398  4.321  -62.329  -0.247 0.8000000119
9149  9.152  -60.802  -0.446 0.8999999762
8583  10.398  -61.623  0.163 0.8999999762
7955  10.962  -62.233  -0.167 0.8999999762
2481  24.454  -71.745  -2.534 0.6999999881
7434  11.500  -63.216  -1.494 1.0000000000
6801  11.087  -63.954  -1.804 1.0000000000
2959  24.042  -71.147  -4.708 0.8000000119
2473  23.711  -72.905  -1.662 0.8000000119
2021  23.912  -73.653  -0.906 0.6999999881
2462  25.241  -74.274  -0.058 0.6999999881
110845  10.732  -66.124  -3.689 0.8999999762
2972  23.831  -71.789  -4.967 0.8000000119
2001  21.251  -73.336  0.557 0.4000000060
5622  11.078  -66.578  -5.034 0.8999999762
103800  11.163  -66.664  -5.908 0.8999999762
105533  23.813  -71.865  -5.777 0.8999999762
108078  23.970  -73.561  0.885 0.5000000000
4550  15.176  -67.491  -12.626 0.6000000238
109752  23.732  -72.606  -6.170 1.0000000000
2452  22.842  -72.827  0.645 0.5000000000
6285  14.937  -64.774  -12.278 0.8999999762
6275  13.499  -64.616  -11.330 0.8000000119
5688  11.340  -65.919  -9.195 0.8999999762
2531  23.864  -73.090  -7.033 0.8999999762
110339  11.963  -65.635  -9.886 0.8999999762
2061  23.580  -73.821  -7.072 0.8000000119
102390  22.803  -74.786  -7.667 0.5000000000
114093  22.255  -74.982  -6.996 0.5000000000
1290  22.162  -75.488  -7.545 0.5000000000
991  21.718  -76.319  -7.746 0.4000000060
992  21.214  -77.081  -7.728 0.3000000119
2352  2.801  -73.060  9.203 1.0000000000
113313  3.382  -73.045  7.500 1.0000000000
3791  2.969  -69.700  8.995 0.8999999762
105239  2.884  -70.000  8.172 0.6999999881
102033  3.028  -71.137  8.291 0.8000000119
115268  3.079  -71.882  8.304 0.8000000119
2842  3.382  -72.603  6.923 0.8000000119
9699  5.053  -59.137  0.292 0.8999999762
9130  6.462  -60.082  0.039 0.8999999762
9114  6.858  -60.209  0.955 0.8999999762
100265  6.632  -60.041  1.920 0.8999999762
9106  6.655  -60.462  2.928 1.0000000000
9105  7.461  -61.184  2.943 1.0000000000
7385  6.378  -63.222  2.173 1.0000000000
7914  5.757  -62.788  2.422 1.0000000000
9712  5.789  -59.798  -1.055 0.8999999762
7928  4.306  -61.883  0.703 0.8000000119
7943  3.609  -61.342  -0.207 0.6999999881
98508  21.783  -72.040  0.701 0.4000000060
9150  7.907  -60.562  -0.596 0.8999999762
112034  10.827  -61.445  -0.272 0.8999999762
8551  2.321  -60.772  0.421 0.6000000238
7958  2.548  -61.662  -1.022 0.5000000000
2937  24.749  -71.301  -2.227 0.6999999881
2911  22.565  -71.646  0.682 0.5000000000
8597  11.612  -61.815  -0.913 0.8999999762
6816  11.285  -64.605  -2.432 1.0000000000
3429  24.269  -70.557  -4.871 0.8000000119
2472  24.331  -72.978  -1.220 0.6999999881
2014  25.403  -74.200  0.254 0.6000000238
6180  11.430  -65.182  -2.810 1.0000000000
5585  12.399  -65.723  -3.817 0.8999999762
3430  23.947  -71.089  -5.335 0.8000000119
1997  24.955  -74.401  0.579 0.5000000000
111239  24.726  -73.738  0.785 0.5000000000
97543  23.710  -72.385  0.637 0.5000000000
2982  23.948  -72.072  -6.707 0.8999999762
109658  15.866  -67.111  -12.392 0.8999999762
104037  12.304  -66.594  -6.806 0.8999999762
5656  11.792  -66.499  -7.703 0.8999999762
2992  24.076  -72.401  -7.818 0.8999999762
5710  14.876  -65.896  -13.152 0.8000000119
2067  23.850  -73.695  -8.033 0.8999999762
2537  23.871  -72.889  -8.719 1.0000000000
6265  14.413  -65.349  -10.430 0.8999999762
6266  13.491  -65.394  -10.194 0.8999999762
2074  23.753  -73.857  -8.741 1.0000000000
1653  23.613  -74.491  -8.677 1.0000000000
1645  23.375  -74.911  -8.779 0.8999999762
1644  23.535  -74.317  -8.013 0.6999999881
1297  22.859  -75.309  -8.580 0.6000000238
1298  22.413  -75.893  -8.595 0.5000000000
999  21.766  -76.648  -8.549 0.3000000119
1000  21.199  -77.202  -8.885 0.4000000060
2339  2.564  -72.701  10.227 1.0000000000
3278  2.855  -70.918  10.540 1.0000000000
2367  3.135  -72.828  8.279 0.8999999762
3277  3.521  -70.033  10.359 1.0000000000
3304  2.901  -70.676  8.983 0.8999999762
2836  2.844  -71.801  8.922 1.0000000000
4323  2.967  -68.322  9.688 0.6999999881
3790  3.375  -69.293  9.722 0.8000000119
10329  4.121  -58.189  -0.316 0.8000000119
10311  4.524  -58.535  0.631 0.8999999762
10298  3.796  -57.056  1.671 0.8000000119
9688  5.999  -59.639  0.892 0.8999999762
111188  4.970  -58.812  1.838 0.8999999762
9677  5.866  -59.648  2.819 0.8999999762
8531  7.441  -61.772  3.305 1.0000000000
7913  6.763  -62.777  3.002 1.0000000000
9713  4.968  -59.115  -0.671 0.8000000119
7915  4.662  -62.338  2.170 1.0000000000
105107  3.605  -61.325  1.286 0.8000000119
2471  25.436  -73.046  -0.964 0.6000000238
9171  6.365  -59.977  -1.638 0.8999999762
9170  7.232  -60.184  -1.595 0.8999999762
7929  3.040  -60.784  0.428 0.6999999881
2013  26.224  -74.235  0.045 0.6000000238
9167  10.714  -60.633  -1.662 0.8999999762
96815  11.732  -63.074  -1.762 1.0000000000
8615  11.555  -61.646  -1.811 0.8999999762
7447  11.804  -63.878  -2.363 1.0000000000
6191  12.514  -64.959  -3.517 1.0000000000
110648  24.492  -70.617  -7.672 0.8000000119
2971  24.035  -71.095  -6.229 0.6999999881
5621  12.191  -66.526  -5.178 0.8999999762
104627  24.057  -71.972  -8.736 1.0000000000
2991  24.286  -71.338  -8.234 0.8999999762
3004  23.804  -72.020  -9.549 0.8999999762
5674  11.397  -66.306  -8.398 0.8999999762
5687  12.958  -65.811  -9.472 0.8999999762
5673  12.216  -66.249  -8.681 0.8999999762
2084  23.622  -73.207  -9.349 1.0000000000
1663  23.594  -74.235  -9.096 1.0000000000
6284  15.743  -65.123  -11.931 0.8000000119
1664  23.064  -74.442  -9.641 1.0000000000
1654  23.497  -74.992  -8.953 1.0000000000
1312  22.961  -75.400  -9.123 1.0000000000
1304  23.048  -75.383  -8.932 0.8000000119
1305  22.497  -76.011  -8.897 0.6000000238
1005  21.680  -76.543  -9.173 0.4000000060
735  20.213  -77.717  -9.335 0.4000000060
3270  2.768  -71.216  11.377 1.0000000000
2811  2.477  -71.942  11.134 1.0000000000
101860  2.561  -72.826  10.971 1.0000000000
3269  3.410  -70.564  11.145 1.0000000000
3268  4.150  -69.776  10.953 1.0000000000
2824  2.594  -71.674  10.388 1.0000000000
103143  3.835  -69.315  10.444 1.0000000000
3781  4.111  -68.951  10.954 0.8999999762
111006  3.779  -56.527  0.511 0.8000000119
11009  3.788  -56.070  1.771 0.6999999881
11053  3.794  -56.563  -0.721 0.6999999881
11817  4.067  -55.992  1.017 0.6999999881
9678  5.092  -58.838  2.608 0.8999999762
11832  5.378  -55.850  -0.960 0.6000000238
10285  3.977  -57.233  2.609 0.8999999762
9666  5.376  -58.982  3.520 0.8999999762
9098  6.735  -61.123  3.583 1.0000000000
11833  4.235  -56.163  -0.938 0.6999999881
9656  5.625  -59.187  4.238 0.8999999762
110105  6.068  -60.246  3.871 1.0000000000
7897  6.478  -62.277  3.505 1.0000000000
7898  5.593  -62.568  3.247 1.0000000000
10330  3.831  -57.347  -1.191 0.6999999881
9731  4.893  -58.987  -1.758 0.6000000238
105800  6.365  -61.253  4.075 1.0000000000
7883  5.961  -62.169  3.979 1.0000000000
97459  25.281  -73.274  0.663 0.5000000000
97756  24.601  -72.578  0.670 0.5000000000
9730  5.666  -59.481  -2.108 0.6999999881
9184  7.624  -59.964  -2.466 0.8000000119
98523  8.756  -60.093  -2.501 0.8000000119
8518  6.200  -61.693  4.419 1.0000000000
7900  3.504  -61.483  3.184 1.0000000000
98539  2.792  -60.414  2.263 0.6999999881
2451  25.667  -73.729  0.513 0.5000000000
9168  9.580  -60.447  -1.552 0.8999999762
114805  10.591  -60.545  -2.293 0.8000000119
107543  11.775  -63.173  -2.349 1.0000000000
8543  2.161  -59.928  2.244 0.6000000238
102307  25.263  -74.094  0.518 0.5000000000
7453  11.984  -63.831  -3.053 1.0000000000
2949  18.309  -71.373  -3.672 0.8000000119
3421  17.852  -70.661  -3.704 0.8000000119
110813  17.605  -70.664  -4.666 0.8999999762
6207  12.952  -65.369  -4.260 0.8999999762
3014  24.269  -71.071  -9.998 0.8000000119
3015  23.585  -71.455  -10.472 0.6999999881
3482  21.753  -70.126  -9.490 0.6000000238
3471  21.565  -70.238  -8.311 0.5000000000
2502  19.286  -73.017  -3.994 0.8000000119
97978  18.406  -72.195  -3.915 0.8000000119
103315  17.843  -72.100  -4.792 0.8999999762
3445  17.494  -70.079  -5.379 0.8000000119
5636  13.960  -66.269  -5.754 0.8000000119
5637  12.868  -66.545  -5.876 0.8000000119
3025  21.859  -71.237  -11.179 0.8000000119
3998  22.113  -69.880  -10.612 0.8000000119
3005  21.263  -70.945  -9.231 0.6000000238
3006  20.899  -71.734  -8.421 0.6000000238
2042  18.767  -73.531  -4.343 0.8000000119
2503  18.673  -72.974  -4.024 0.8999999762
2504  18.089  -72.920  -4.408 0.8999999762
3459  17.571  -70.887  -6.837 0.8999999762
99955  17.576  -70.802  -7.614 0.8999999762
3492  17.025  -70.548  -9.884 0.8999999762
110890  17.204  -70.050  -10.261 0.8999999762
102412  13.333  -66.590  -6.625 0.8999999762
5655  12.775  -66.543  -7.582 0.8000000119
2543  23.427  -72.465  -10.187 0.8999999762
3491  21.458  -70.659  -10.530 0.6999999881
1628  18.134  -74.027  -4.610 0.8000000119
2054  17.613  -73.713  -4.811 0.8000000119
2522  17.341  -72.435  -6.124 0.8999999762
2523  16.978  -72.897  -6.569 0.8999999762
2996  16.999  -71.936  -7.940 0.8000000119
3499  16.719  -70.195  -10.503 0.8999999762
4545  16.485  -68.412  -11.500 0.8999999762
5116  17.527  -67.135  -11.437 0.8999999762
5702  17.075  -66.334  -11.823 0.8999999762
5672  13.520  -66.445  -8.350 0.8999999762
2085  23.302  -73.442  -9.907 0.8999999762
1627  18.901  -74.100  -4.676 0.8000000119
1635  17.401  -74.680  -5.208 0.8000000119
2064  17.118  -73.387  -5.593 0.8999999762
2065  16.465  -73.806  -6.487 0.8999999762
2538  16.393  -72.310  -8.430 0.8999999762
6264  15.533  -65.405  -10.847 1.0000000000
1665  22.238  -74.935  -10.007 1.0000000000
1671  22.162  -74.093  -10.442 0.8999999762
745  18.761  -76.893  -10.757 0.6999999881
741  18.931  -77.658  -10.259 0.6999999881
742  17.846  -77.659  -10.396 0.6999999881
1317  21.259  -75.139  -10.410 0.8000000119
1318  20.252  -75.236  -10.775 0.8000000119
1010  19.993  -76.119  -10.564 0.6999999881
1007  19.648  -76.985  -10.402 0.6999999881
743  16.914  -77.494  -10.352 0.6999999881
744  16.184  -77.596  -10.073 0.6999999881
731  15.551  -77.436  -9.200 0.6000000238
1314  21.038  -76.010  -10.053 0.8999999762
113280  4.873  -70.124  12.105 1.0000000000
3774  4.517  -69.445  11.709 1.0000000000
4310  3.264  -68.200  11.014 0.8999999762
4843  2.238  -67.200  10.670 0.6999999881
4831  2.796  -67.225  12.245 0.6999999881
5419  1.603  -65.956  11.070 0.5000000000
5406  1.643  -65.473  11.851 0.6000000238
10306  13.202  -58.572  0.840 0.4000000060
10310  9.940  -58.303  0.561 0.4000000060
10296  9.252  -57.974  1.069 0.4000000060
11031  7.181  -56.058  0.714 0.5000000000
109718  6.843  -56.010  1.495 0.5000000000
10325  12.210  -58.402  -0.182 0.4000000060
10308  11.883  -58.884  0.445 0.4000000060
11030  8.124  -56.748  0.506 0.4000000060
11794  4.784  -55.653  1.372 0.6999999881
11782  4.606  -55.781  2.846 0.6999999881
11776  4.534  -56.211  3.459 0.8999999762
10276  4.095  -56.711  3.157 0.8999999762
10327  10.506  -58.218  -0.267 0.4000000060
110872  9.699  -57.857  -0.233 0.4000000060
11814  7.461  -56.004  -0.235 0.6000000238
10998  3.826  -56.469  2.400 0.8999999762
10275  4.543  -57.853  3.276 0.8999999762
111673  5.135  -58.220  4.123 0.8999999762
10262  5.892  -58.866  4.839 0.8999999762
10328  9.185  -57.125  -0.690 0.4000000060
9655  6.180  -59.995  4.644 0.8999999762
7872  4.736  -62.223  4.780 1.0000000000
8506  5.331  -61.874  5.411 1.0000000000
2909  25.022  -71.668  0.557 0.4000000060
11831  6.773  -55.747  -0.948 0.6000000238
11849  4.745  -56.453  -1.694 0.6000000238
10367  4.638  -57.198  -2.253 0.6000000238
7885  4.140  -62.236  4.109 1.0000000000
7886  3.395  -61.280  3.946 1.0000000000
1996  25.844  -74.088  0.153 0.5000000000
109133  4.898  -57.939  -2.580 0.6000000238
10365  6.337  -59.029  -3.024 0.6000000238
9740  7.164  -59.287  -2.992 0.6999999881
8533  2.669  -60.120  2.921 1.0000000000
106998  10.347  -62.110  -3.654 0.8000000119
7983  11.218  -63.107  -3.416 0.8000000119
7465  9.103  -63.507  -6.547 0.6000000238
113540  9.545  -63.310  -5.491 0.6000000238
7989  9.847  -62.761  -4.616 0.6000000238
7459  11.941  -63.823  -3.946 0.8000000119
7458  12.361  -64.421  -3.658 0.8999999762
113464  2.024  -59.278  3.362 0.8000000119
7464  10.125  -63.961  -5.926 0.5000000000
7460  10.656  -63.512  -4.737 0.6999999881
6850  12.489  -64.389  -4.509 0.6000000238
6206  13.544  -65.082  -4.625 0.8000000119
3458  21.383  -70.293  -7.288 0.5000000000
2513  20.423  -72.693  -4.931 0.6000000238
2960  20.323  -72.259  -4.212 0.8000000119
2501  19.918  -72.953  -4.298 0.8000000119
4492  17.694  -68.717  -6.544 0.8999999762
4501  18.006  -68.918  -7.412 0.8000000119
6864  11.994  -64.436  -5.841 0.6000000238
6848  13.270  -64.614  -5.052 0.6000000238
5602  13.477  -65.657  -4.711 0.8000000119
2993  21.254  -71.030  -7.892 0.5000000000
2052  20.021  -73.430  -4.967 0.8000000119
3948  17.481  -69.358  -5.993 0.8000000119
3958  17.739  -69.501  -6.913 0.8000000119
3472  17.748  -70.357  -8.161 0.8000000119
3999  17.676  -69.844  -9.818 0.8999999762
4527  17.970  -69.017  -10.204 1.0000000000
4538  17.620  -68.619  -10.712 1.0000000000
5618  14.686  -65.967  -6.201 0.8000000119
3016  20.901  -71.235  -10.449 0.6999999881
100564  20.467  -72.426  -9.177 0.6999999881
2532  20.631  -72.498  -7.708 0.6999999881
2063  19.889  -73.850  -5.816 0.8000000119
2053  19.549  -73.947  -5.012 0.8000000119
3007  17.332  -71.113  -8.329 0.8000000119
3018  17.067  -71.014  -9.161 0.8999999762
111154  18.147  -67.007  -11.114 1.0000000000
5701  17.895  -66.325  -11.430 1.0000000000
5654  13.689  -66.636  -7.309 0.8999999762
3017  20.466  -71.949  -10.677 0.8000000119
2086  20.015  -72.786  -10.431 0.6999999881
2075  20.046  -73.159  -9.352 0.6999999881
1639  19.430  -74.428  -6.498 0.8000000119
1633  19.218  -74.427  -5.383 0.8000000119
1287  16.361  -75.393  -5.678 0.8999999762
1641  16.063  -74.940  -5.817 0.8999999762
1647  15.817  -74.621  -6.558 0.8999999762
3008  16.757  -71.622  -8.838 0.8999999762
2545  16.094  -71.907  -9.333 0.8000000119
6283  16.465  -65.734  -11.919 0.8999999762
5696  16.598  -65.465  -11.106 0.8999999762
5685  15.230  -66.200  -9.466 0.8999999762
5653  14.464  -66.580  -7.544 1.0000000000
2100  20.251  -72.841  -11.090 0.8000000119
2094  19.859  -73.154  -10.939 0.6999999881
113796  15.888  -75.529  -5.824 0.6999999881
105101  15.518  -75.521  -6.268 0.6999999881
2093  21.370  -73.273  -11.070 0.8999999762
1676  20.569  -73.661  -11.077 0.8000000119
1011  19.022  -76.226  -10.868 0.8000000119
746  18.090  -77.072  -10.757 0.8000000119
1013  17.713  -76.715  -10.648 0.8000000119
987  15.357  -76.751  -6.796 0.6999999881
1294  15.154  -76.236  -6.691 0.6999999881
1672  21.343  -74.254  -10.733 0.8999999762
1322  19.814  -74.592  -10.927 0.8000000119
1001  17.020  -76.669  -9.850 0.6999999881
1002  16.222  -77.254  -9.631 0.6999999881
994  16.176  -77.190  -7.542 0.6000000238
3753  4.964  -69.418  12.545 1.0000000000
4304  3.795  -68.418  11.825 0.8999999762
4830  3.117  -67.107  12.803 0.8000000119
5405  2.263  -66.459  12.264 0.8000000119
6011  2.031  -65.640  12.642 0.6999999881
6063  1.918  -65.015  8.093 0.3000000119
6024  1.414  -64.528  10.938 0.5000000000
6037  1.289  -64.674  9.900 0.4000000060
11791  16.115  -56.406  1.908 0.3000000119
11813  14.978  -57.084  0.889 0.3000000119
11006  14.039  -58.207  1.294 0.3000000119
10292  13.373  -58.982  1.770 0.2000000030
10293  12.508  -59.176  1.247 0.4000000060
107636  9.787  -58.471  1.598 0.2000000030
11008  7.880  -56.851  1.696 0.4000000060
11027  13.626  -57.797  0.315 0.4000000060
97703  6.870  -56.136  2.324 0.6000000238
10977  5.470  -56.626  4.731 0.8999999762
11049  11.897  -57.979  -0.897 0.3000000119
96789  10.068  -57.549  -0.886 0.4000000060
10263  5.521  -57.670  4.824 0.8999999762
11829  8.687  -56.277  -1.299 0.4000000060
11847  7.299  -56.081  -1.625 0.6000000238
103571  7.946  -56.389  -2.235 0.5000000000
11860  7.630  -57.097  -2.752 0.5000000000
9081  6.841  -60.702  5.303 1.0000000000
8519  5.637  -62.078  4.692 1.0000000000
11861  6.606  -56.757  -2.338 0.5000000000
11081  6.718  -57.600  -2.778 0.5000000000
10373  7.966  -58.917  -3.350 0.6999999881
8505  6.239  -61.512  5.200 1.0000000000
8488  3.471  -60.659  5.562 1.0000000000
11862  5.374  -56.801  -2.244 0.6000000238
10374  6.401  -58.408  -2.938 0.5000000000
9750  7.050  -58.934  -3.189 0.6000000238
9183  8.956  -59.796  -3.418 0.8000000119
8508  2.727  -59.471  4.312 1.0000000000
115145  8.735  -59.444  -3.874 0.6000000238
9190  9.406  -60.341  -3.681 0.8000000119
112940  8.377  -61.699  -5.482 0.5000000000
8637  9.060  -61.921  -4.706 0.6000000238
2983  20.949  -71.607  -6.219 0.6000000238
103148  20.508  -71.568  -4.222 0.6999999881
5084  18.096  -68.057  -7.099 0.8999999762
4500  18.435  -68.518  -8.027 0.8999999762
2521  20.666  -72.443  -6.557 0.6999999881
98531  20.400  -73.061  -5.745 0.6999999881
5095  18.826  -68.242  -8.792 0.8999999762
5110  18.543  -67.302  -10.690 1.0000000000
96987  12.494  -64.444  -6.776 0.5000000000
110911  14.319  -65.744  -5.621 0.6999999881
2062  20.273  -73.286  -6.865 0.8000000119
113889  19.874  -73.899  -6.662 0.8000000119
6263  17.545  -65.212  -10.610 0.8000000119
5635  15.251  -65.640  -6.709 0.6999999881
104458  15.094  -66.273  -6.896 0.8000000119
2076  19.702  -73.618  -10.165 0.6999999881
2068  20.251  -73.200  -8.205 0.6999999881
1299  18.104  -75.679  -7.444 0.8000000119
5684  16.144  -66.064  -9.618 0.8999999762
106419  15.679  -66.415  -8.697 0.8000000119
986  15.936  -76.789  -6.422 0.8000000119
1319  19.345  -75.292  -10.819 0.8999999762
2101  19.872  -73.759  -11.007 0.8000000119
1321  18.030  -76.236  -10.636 0.6999999881
1008  17.150  -76.925  -10.485 0.8000000119
985  16.630  -76.431  -6.279 0.8999999762
4299  4.248  -68.565  12.605 0.8999999762
97767  3.960  -67.733  13.264 0.8000000119
4818  4.683  -66.880  13.473 0.8999999762
4300  3.446  -67.789  12.518 0.8999999762
5390  4.383  -65.972  13.171 0.8999999762
5404  3.022  -66.216  13.091 0.6999999881
5998  3.947  -65.571  13.380 0.8000000119
6000  1.838  -65.071  12.864 0.8000000119
6616  1.980  -65.130  13.490 0.5000000000
6012  1.524  -64.473  12.025 0.5000000000
6617  1.595  -64.133  12.840 0.5000000000
6678  2.919  -64.031  9.239 0.2000000030
6667  2.255  -63.559  9.818 0.2000000030
6654  1.515  -63.402  11.021 0.5000000000
6668  1.488  -63.720  10.113 0.4000000060
11004  15.180  -57.400  1.701 0.3000000119
9687  11.201  -59.296  1.998 0.2000000030
109629  8.919  -57.936  1.969 0.2000000030
10274  8.977  -58.234  3.023 0.3000000119
10990  7.718  -56.644  3.691 0.5000000000
11759  6.171  -56.105  4.743 0.8999999762
107755  6.341  -56.770  5.358 0.8999999762
10250  7.143  -57.341  5.876 0.8999999762
11047  13.211  -57.483  -0.507 0.4000000060
11064  11.542  -57.215  -1.526 0.3000000119
11065  10.536  -57.018  -1.560 0.3000000119
10251  6.455  -58.116  5.384 0.8999999762
11859  8.929  -56.119  -2.405 0.5000000000
9647  6.717  -59.520  5.302 0.8999999762
9646  7.680  -60.083  5.831 1.0000000000
8486  6.020  -61.486  5.920 1.0000000000
9064  5.495  -61.022  6.618 1.0000000000
11844  10.019  -56.222  -2.145 0.3000000119
9065  4.138  -60.544  6.503 1.0000000000
11095  8.393  -57.467  -3.289 0.6000000238
113560  7.683  -59.141  -3.279 0.8000000119
9043  3.599  -59.408  6.728 1.0000000000
11142  12.715  -58.863  -7.664 0.5000000000
10395  11.177  -58.803  -6.992 0.5000000000
10410  10.737  -59.479  -7.256 0.5000000000
109708  2.755  -59.099  4.801 0.8999999762
8647  7.893  -60.949  -7.572 0.6000000238
9202  8.082  -60.507  -6.663 0.5000000000
9196  8.367  -60.439  -5.631 0.5000000000
9760  8.897  -59.655  -4.731 0.6000000238
9082  2.268  -58.870  4.420 0.8999999762
9648  2.016  -58.539  5.002 0.8999999762
7998  8.508  -62.845  -7.215 0.6000000238
104654  7.985  -61.290  -6.276 0.6000000238
5083  18.766  -67.773  -7.993 1.0000000000
7467  9.876  -64.114  -7.214 0.5000000000
6889  12.257  -64.195  -8.030 0.5000000000
97372  13.283  -64.419  -7.295 0.6000000238
6875  14.727  -64.822  -6.439 0.6999999881
113449  19.405  -74.174  -9.494 0.8000000119
1655  19.378  -74.390  -8.474 0.8000000119
1656  18.834  -75.062  -8.266 0.8000000119
1306  18.130  -75.612  -8.936 0.6999999881
109406  15.858  -66.257  -8.065 0.6999999881
2095  19.720  -73.859  -10.756 0.6999999881
96813  19.024  -74.726  -9.422 0.8000000119
112215  18.570  -75.228  -9.441 0.6999999881
1307  17.645  -76.089  -9.676 0.8999999762
1675  19.106  -75.058  -10.678 0.8999999762
1316  17.616  -76.464  -10.351 0.8000000119
101905  16.750  -76.711  -8.615 0.8000000119
102725  4.623  -67.967  13.798 0.8000000119
5389  5.461  -65.856  13.379 0.8000000119
5996  5.968  -65.176  13.715 0.8000000119
6614  4.502  -64.989  13.742 0.8000000119
6615  3.283  -65.436  13.794 0.8000000119
6603  3.775  -65.066  13.967 0.8000000119
7237  1.743  -64.216  13.951 0.5000000000
7277  2.041  -62.737  11.381 0.4000000060
6636  1.532  -63.273  12.009 0.5000000000
10291  14.038  -58.570  2.283 0.2000000030
9675  11.603  -59.424  2.661 0.2000000030
9665  11.132  -59.286  3.250 0.2000000030
106843  10.517  -59.036  3.867 0.4000000060
12518  16.458  -55.662  1.526 0.2000000030
9673  12.734  -59.334  2.124 0.2000000030
10282  10.420  -58.969  2.196 0.2000000030
10273  9.562  -58.620  3.727 0.4000000060
10989  8.671  -57.837  3.744 0.4000000060
11812  15.347  -56.417  0.326 0.2000000030
11773  6.706  -55.962  4.196 0.8000000119
10960  7.178  -56.543  5.807 0.8999999762
112059  14.731  -56.888  0.161 0.3000000119
11046  14.081  -57.047  -0.339 0.3000000119
11063  12.546  -57.218  -1.247 0.3000000119
11843  10.987  -56.351  -2.176 0.3000000119
10243  7.958  -58.198  6.276 0.8999999762
107329  7.459  -58.869  5.848 0.8999999762
9040  7.366  -60.535  6.726 1.0000000000
9041  6.186  -60.587  7.110 1.0000000000
11858  9.727  -55.960  -2.608 0.4000000060
11875  8.630  -56.576  -2.854 0.5000000000
9042  4.762  -60.197  7.170 1.0000000000
11094  9.139  -56.900  -3.560 0.5000000000
10385  8.490  -58.403  -3.639 0.5000000000
9044  2.702  -58.230  5.785 1.0000000000
11128  12.907  -57.837  -6.948 0.4000000060
114349  10.157  -59.096  -6.760 0.5000000000
10396  10.329  -58.492  -5.940 0.5000000000
9749  8.453  -59.175  -3.630 0.6000000238
10244  2.366  -57.700  6.212 0.8999999762
9637  1.645  -58.219  5.805 0.6000000238
103638  8.544  -60.347  -7.381 0.5000000000
10397  9.429  -59.155  -5.966 0.5000000000
9759  8.940  -59.548  -5.351 0.5000000000
10384  9.175  -58.591  -4.548 0.5000000000
10245  2.004  -57.712  6.114 0.8999999762
6887  14.887  -64.509  -7.596 0.6000000238
6249  15.815  -65.281  -7.228 0.6999999881
4810  5.274  -67.833  14.062 0.8999999762
4817  5.933  -66.642  13.707 0.8999999762
5985  6.691  -64.973  14.216 0.8000000119
6613  5.263  -64.857  13.784 0.8000000119
6592  5.108  -64.862  14.390 0.8999999762
97789  4.057  -65.621  15.023 0.8000000119
5986  2.920  -65.630  14.743 0.6999999881
5987  1.973  -65.239  14.837 0.6999999881
7278  1.794  -62.731  12.257 0.4000000060
13242  17.360  -54.507  2.717 0.2000000030
12513  16.529  -55.941  2.717 0.2000000030
11778  16.059  -56.630  2.724 0.2000000030
11769  15.538  -57.077  3.210 0.2000000030
10983  14.972  -57.611  3.195 0.2000000030
13252  17.141  -54.350  1.649 0.2000000030
13243  16.876  -55.097  2.149 0.2000000030
114245  12.387  -58.973  3.420 0.2000000030
10988  9.087  -57.912  4.367 0.4000000060
99031  8.718  -56.645  4.966 0.6999999881
11735  7.782  -56.300  5.873 0.8999999762
13253  16.767  -54.931  1.087 0.2000000030
12531  16.341  -55.430  0.538 0.2000000030
11827  14.794  -56.427  -0.464 0.3000000119
10954  7.880  -56.824  6.252 0.8999999762
10242  8.546  -58.325  6.774 0.8999999762
9597  7.213  -59.314  8.038 1.0000000000
9598  5.950  -59.110  8.099 1.0000000000
12543  14.799  -56.005  -1.069 0.3000000119
11841  13.469  -56.764  -1.116 0.3000000119
12554  12.939  -56.407  -1.679 0.3000000119
107449  8.143  -59.364  6.359 0.8999999762
9617  7.907  -59.912  7.253 0.8999999762
99678  13.679  -55.930  -1.766 0.3000000119
12563  12.143  -55.366  -2.636 0.3000000119
11857  10.477  -55.753  -2.722 0.3000000119
11917  14.465  -57.482  -7.238 0.4000000060
98898  11.613  -55.074  -2.969 0.3000000119
109545  10.766  -55.493  -3.265 0.4000000060
12566  9.548  -56.084  -3.105 0.4000000060
11127  13.653  -57.469  -6.892 0.4000000060
11130  11.028  -58.027  -5.969 0.5000000000
11111  9.551  -57.604  -4.283 0.5000000000
10231  1.759  -57.740  6.656 0.6000000238
11109  11.293  -57.242  -5.267 0.4000000060
10383  9.800  -58.300  -5.065 0.5000000000
10915  3.546  -56.816  9.047 1.0000000000
10230  2.153  -57.389  6.866 0.8000000119
10933  2.482  -56.864  8.126 0.6999999881
5376  7.898  -65.826  14.453 0.8999999762
6600  7.890  -64.784  14.952 0.8999999762
98208  7.322  -64.759  15.573 0.8000000119
5976  5.224  -65.482  15.423 0.8999999762
109376  5.076  -66.051  16.382 0.8999999762
106348  4.122  -66.329  16.017 0.8999999762
5977  3.096  -66.365  15.900 0.8999999762
5978  2.461  -65.793  15.549 0.6000000238
6594  1.763  -64.511  15.016 0.6999999881
96382  1.754  -63.638  14.595 0.4000000060
12512  17.007  -55.165  3.275 0.2000000030
10984  14.333  -57.778  3.481 0.2000000030
10260  10.844  -58.651  4.348 0.4000000060
10974  9.481  -57.462  4.898 0.6999999881
11758  7.980  -56.151  5.422 0.6999999881
11741  8.482  -56.210  5.991 0.6999999881
10203  6.305  -58.575  8.526 1.0000000000
10190  5.382  -57.881  8.811 1.0000000000
13263  17.115  -54.307  0.663 0.2000000030
13264  16.737  -54.807  0.147 0.2000000030
12542  15.397  -55.813  -0.651 0.3000000119
11734  8.324  -56.365  6.240 0.8999999762
10953  8.715  -56.913  6.760 0.8999999762
10227  8.767  -58.598  7.481 0.8999999762
9596  8.226  -59.101  7.883 0.8999999762
12587  11.008  -55.673  -3.829 0.5000000000
11888  9.923  -56.640  -3.911 0.4000000060
11887  10.712  -56.466  -4.301 0.4000000060
11110  10.392  -57.549  -4.895 0.4000000060
6576  8.414  -64.742  16.955 0.8000000119
5966  6.614  -65.277  17.188 0.8999999762
5967  5.429  -65.984  17.297 0.8000000119
5968  4.220  -66.590  17.815 0.8999999762
5362  3.488  -66.663  16.592 0.8999999762
5363  2.971  -66.770  16.830 0.6999999881
5364  2.750  -66.613  17.222 0.6000000238
98777  2.100  -65.311  15.651 0.6000000238
7225  1.969  -63.697  15.355 0.4000000060
10987  11.761  -58.491  4.030 0.3000000119
10973  10.359  -57.903  4.888 0.4000000060
11740  9.429  -56.307  6.182 0.6999999881
11733  9.189  -56.428  6.536 0.8999999762
10202  7.431  -58.641  8.578 1.0000000000
10241  8.992  -57.834  7.281 0.8999999762
10200  9.217  -57.848  7.878 0.8999999762
10187  8.475  -57.948  9.033 0.8999999762
6562  7.468  -64.600  18.676 0.8000000119
106700  8.319  -64.603  17.960 0.8000000119
6560  9.197  -64.962  18.921 0.8000000119
6577  7.553  -64.714  17.555 0.8000000119
6563  5.973  -65.270  19.155 0.8999999762
5957  6.354  -65.322  18.064 0.8999999762
5958  5.092  -66.000  18.480 0.8999999762
5959  3.900  -66.622  18.820 0.8999999762
5345  3.291  -66.848  18.159 0.8999999762
5356  2.977  -66.859  17.616 0.8999999762
7224  2.532  -62.890  15.592 0.3000000119
7215  1.967  -64.563  15.772 0.3000000119
6587  2.280  -65.139  16.669 0.6000000238
7731  3.427  -62.555  16.109 0.3000000119
7214  2.535  -63.680  16.414 0.3000000119
10957  10.822  -57.221  5.222 0.6000000238
10959  8.846  -56.307  5.639 0.6999999881
11731  11.207  -55.881  6.244 0.6999999881
96897  9.924  -56.463  7.408 0.8999999762
100544  11.560  -56.036  4.389 0.4000000060
95447  11.605  -55.731  5.701 0.6999999881
10948  9.695  -56.852  8.200 0.8999999762
10931  9.130  -57.554  8.625 0.8999999762
112190  8.176  -57.523  9.673 0.8999999762
13210  11.591  -54.105  5.222 0.6000000238
12476  11.212  -54.622  6.999 0.6999999881
10911  8.833  -57.227  9.440 0.8999999762
10896  8.381  -56.813  10.326 0.8999999762
13225  11.356  -53.952  4.064 0.3000000119
14011  10.850  -52.961  5.435 0.6000000238
13987  10.451  -53.589  7.227 0.6999999881
14033  10.869  -53.035  4.716 0.4000000060
98411  9.173  -53.033  6.031 0.6999999881
14858  9.456  -53.198  3.902 0.5000000000
14012  9.058  -53.153  5.034 0.5000000000
14034  8.265  -53.464  3.910 0.4000000060
14035  7.123  -53.510  3.733 0.5000000000
106628  7.825  -53.521  4.648 0.6000000238
6542  8.119  -64.313  19.572 0.8000000119
6525  8.606  -64.174  20.381 0.8000000119
6526  7.377  -64.152  20.339 0.8000000119
99163  6.262  -64.550  20.509 0.8000000119
6543  6.806  -64.631  19.780 0.8000000119
6544  5.595  -65.162  20.201 0.8999999762
5925  4.569  -65.507  20.719 0.8999999762
5940  4.610  -65.976  19.655 0.8999999762
5941  3.506  -66.498  19.582 0.8999999762
5333  3.132  -66.744  19.015 0.8999999762
5347  2.768  -66.546  18.013 0.8000000119
6579  2.462  -66.060  17.414 0.6000000238
7213  3.831  -63.118  17.136 0.3000000119
98177  2.833  -64.073  17.537 0.4000000060
7203  2.928  -64.185  18.392 0.4000000060
12481  10.870  -55.571  7.007 0.8000000119
12477  10.942  -55.183  7.588 0.8000000119
12473  10.419  -55.597  8.438 0.8999999762
11711  9.639  -56.176  9.449 0.8999999762
13197  10.188  -53.996  8.012 0.6999999881
13185  9.742  -54.487  8.647 0.8999999762
11691  9.100  -55.916  10.067 0.8999999762
13988  9.470  -53.363  7.426 0.8999999762
12457  8.458  -55.841  10.810 0.8999999762
11672  8.150  -56.144  11.176 0.8999999762
102193  10.993  -53.373  3.988 0.3000000119
14001  8.774  -53.143  6.705 0.6000000238
13979  9.127  -53.713  8.197 0.8999999762
11674  6.903  -56.256  12.035 1.0000000000
103901  6.099  -56.984  11.262 1.0000000000
14857  10.430  -53.232  3.781 0.3000000119
14002  7.639  -53.417  6.639 0.6999999881
104150  4.279  -56.920  10.839 1.0000000000
14884  10.138  -53.272  1.926 0.3000000119
104784  6.591  -53.538  4.638 0.6999999881
10901  2.725  -56.675  10.582 0.8000000119
14872  9.524  -53.278  2.594 0.4000000060
14069  8.257  -53.156  1.649 0.4000000060
14036  6.195  -53.267  3.529 0.6999999881
14052  7.402  -53.214  2.229 0.4000000060
14053  6.759  -53.238  2.857 0.5000000000
5926  3.611  -66.099  20.405 1.0000000000
5927  3.062  -65.912  20.852 1.0000000000
5943  2.801  -66.002  20.279 0.8000000119
6565  2.615  -65.748  19.697 0.6999999881
6564  2.661  -64.963  19.232 0.6999999881
108686  2.592  -65.096  18.523 0.5000000000
7201  5.018  -62.982  17.485 0.2000000030
7202  4.087  -63.382  17.953 0.2000000030
13171  9.342  -54.945  9.321 0.8999999762
13186  8.696  -54.285  8.848 0.8999999762
12471  8.893  -55.470  9.959 0.8999999762
12458  7.849  -55.547  11.182 0.8999999762
13187  7.558  -54.239  8.897 0.8999999762
13157  7.097  -54.909  10.648 0.8999999762
110856  7.138  -55.349  11.378 0.8000000119
9601  1.453  -58.178  7.601 0.4000000060
10917  2.080  -56.925  8.789 0.6000000238
14050  10.733  -53.572  2.659 0.3000000119
14014  6.631  -53.520  5.794 0.8000000119
13981  6.684  -53.875  8.082 0.8999999762
11654  6.911  -56.007  12.195 0.8999999762
10867  4.603  -56.819  12.517 0.8999999762
10902  2.143  -56.804  9.944 0.6000000238
14003  5.564  -53.558  6.001 0.8999999762
13991  5.766  -53.695  7.063 0.8999999762
10885  3.632  -56.871  11.686 0.8999999762
10886  2.192  -56.928  11.682 0.6999999881
14015  5.477  -53.493  5.073 0.8999999762
14839  5.516  -53.200  4.191 0.6999999881
7158  6.488  -64.029  20.910 0.8000000119
6527  5.271  -64.837  21.057 0.8999999762
110806  5.172  -64.192  21.485 0.8999999762
111196  4.879  -63.381  21.664 0.8000000119
6511  4.290  -64.813  21.645 1.0000000000
6528  3.662  -65.425  21.333 1.0000000000
5928  2.790  -65.474  21.005 0.8999999762
6546  2.642  -65.277  20.633 0.8999999762
7186  4.124  -63.239  18.367 0.2000000030
7187  2.963  -63.934  19.064 0.4000000060
10181  1.545  -57.785  11.007 0.4000000060
9589  1.571  -58.908  9.521 0.2000000030
13173  7.354  -54.584  9.711 0.8999999762
13158  6.127  -54.574  10.538 0.8999999762
13144  6.395  -54.964  11.272 0.8000000119
10191  1.630  -57.678  9.719 0.5000000000
101907  1.987  -56.940  11.010 0.6000000238
13962  5.427  -53.945  9.029 0.8999999762
98519  5.324  -54.458  11.028 0.8000000119
12426  6.089  -55.856  12.497 0.8999999762
10854  3.902  -56.539  13.175 0.8999999762
13982  5.589  -53.852  8.036 0.8999999762
13145  5.740  -55.153  11.949 0.8999999762
12427  4.872  -55.519  12.747 0.8999999762
10868  2.798  -56.877  12.613 0.6999999881
14068  10.881  -53.346  1.464 0.3000000119
14874  6.261  -52.601  2.957 0.6000000238
14016  4.969  -53.401  5.513 0.8999999762
14004  4.964  -53.463  6.298 0.8999999762
7683  4.461  -62.614  21.768 0.8000000119
7143  3.970  -64.118  22.018 0.8000000119
6512  3.276  -64.674  22.021 0.8999999762
6513  2.640  -64.338  21.978 0.8999999762
7159  2.230  -63.995  21.732 0.8999999762
106559  2.328  -64.513  20.965 0.8000000119
7171  2.470  -64.306  20.044 0.6999999881
7712  4.437  -62.629  18.670 0.2000000030
7713  3.424  -63.105  19.013 0.4000000060
10887  1.607  -57.476  11.958 0.6000000238
10869  1.669  -57.280  12.796 0.6999999881
98138  5.773  -52.176  3.519 0.6000000238
15645  5.337  -51.790  4.381 0.8000000119
10855  1.834  -56.742  13.528 0.6999999881
14860  5.254  -52.657  4.129 0.8000000119
14840  4.850  -53.124  4.833 0.8999999762
13175  5.436  -54.194  10.025 0.8999999762
13159  4.677  -53.980  10.354 0.8000000119
12428  3.308  -55.224  13.172 0.8999999762
12411  2.379  -55.659  13.629 0.8000000119
11637  3.212  -56.201  13.375 0.8000000119
13992  4.952  -53.559  7.245 0.8999999762
104601  4.687  -53.551  8.923 0.8999999762
13146  4.558  -54.670  11.891 0.8999999762
12410  4.188  -55.934  13.347 0.8999999762
104177  4.938  -60.800  21.149 0.6999999881
7684  3.317  -62.794  22.299 0.8000000119
7685  2.436  -62.680  22.348 0.8999999762
112326  3.019  -62.099  22.388 0.8999999762
7145  2.397  -63.569  22.107 0.8999999762
7686  2.002  -62.950  21.825 1.0000000000
7701  1.903  -62.708  20.692 0.6999999881
8321  3.390  -62.136  18.960 0.3000000119
7700  2.394  -63.508  19.827 0.6000000238
16407  6.194  -51.029  4.483 0.6000000238
15628  4.851  -52.415  4.696 0.8000000119
15627  5.003  -51.703  5.430 0.8000000119
15622  4.556  -52.203  5.975 0.8999999762
16406  7.132  -50.543  4.345 0.5000000000
115040  5.811  -51.591  3.863 0.6000000238
97187  4.627  -52.555  5.259 0.8999999762
15623  4.376  -52.633  6.424 0.8999999762
10856  1.556  -57.619  13.922 0.5000000000
13993  4.473  -53.142  7.566 0.8999999762
11638  1.591  -56.218  14.048 0.6000000238
11639  1.387  -56.907  14.500 0.6999999881
14833  4.573  -53.091  5.761 0.8999999762
13984  4.237  -53.067  8.599 0.8999999762
13964  4.240  -53.282  9.367 0.6999999881
13160  3.965  -53.868  11.120 0.8999999762
13147  3.223  -54.052  12.037 0.8999999762
8284  3.685  -61.339  21.788 0.8000000119
8900  2.791  -60.649  22.004 0.8999999762
8285  2.454  -61.598  22.239 0.8999999762
8286  1.997  -61.813  22.052 0.8999999762
8294  1.792  -61.876  21.290 0.6999999881
98434  2.228  -60.256  18.785 0.3000000119
8302  1.838  -61.733  20.029 0.5000000000
8322  2.296  -61.409  19.134 0.5000000000
16386  7.409  -50.529  5.559 0.6000000238
16387  5.967  -50.961  5.484 0.6999999881
16385  8.361  -50.401  5.242 0.5000000000
16379  5.004  -51.324  6.511 0.6999999881
14828  4.215  -52.593  7.142 0.8999999762
14825  4.063  -52.520  8.014 0.8999999762
11623  1.371  -56.370  14.695 0.6000000238
12412  1.570  -55.448  14.342 0.6000000238
13135  2.520  -54.297  12.925 0.8000000119
109501  8.180  -54.494  22.041 0.8000000119
9472  3.913  -58.943  20.723 0.8999999762
8913  1.716  -60.538  21.060 0.8999999762
9474  2.094  -59.296  21.330 0.8000000119
8921  1.799  -60.865  19.560 0.4000000060
16378  5.803  -50.878  6.325 0.6999999881
103204  4.913  -50.678  7.451 0.8999999762
15618  4.390  -51.784  6.946 0.8999999762
16371  4.371  -51.065  7.981 0.8999999762
102657  4.062  -51.933  7.668 0.8999999762
14813  3.688  -52.665  9.665 0.8000000119
13943  3.970  -53.360  10.213 0.8000000119
13125  1.895  -54.743  13.721 0.6999999881
13944  3.220  -53.012  10.996 0.8999999762
102543  7.001  -54.460  21.583 0.8000000119
13048  6.225  -54.092  21.140 0.8000000119
114752  4.856  -54.282  20.815 0.8000000119
13050  4.126  -54.448  20.638 0.8999999762
106148  3.080  -56.501  20.804 0.8999999762
10071  2.812  -58.269  20.969 0.8999999762
9473  2.583  -59.161  21.347 0.8999999762
99872  3.282  -55.049  20.770 0.8999999762
103971  2.495  -56.790  20.746 0.8000000119
107808  2.281  -58.559  21.092 0.8000000119
109616  2.054  -58.559  18.883 0.6000000238
10781  2.032  -57.488  20.467 0.6999999881
9497  1.940  -59.468  18.883 0.4000000060
8922  1.696  -60.039  19.564 0.5000000000
9475  1.750  -59.790  20.714 0.6999999881
16364  4.688  -49.872  8.308 1.0000000000
15596  3.262  -50.867  10.732 0.8000000119
110933  3.452  -50.094  10.757 0.8000000119
16365  4.061  -50.344  8.988 1.0000000000
15583  2.958  -50.946  11.774 0.8000000119
16347  3.586  -50.735  9.743 0.8999999762
14814  3.162  -51.781  10.693 0.8000000119
15613  3.875  -51.560  8.643 0.8000000119
14787  2.706  -51.980  11.700 0.8000000119
15595  3.482  -51.710  9.655 0.8000000119
14801  3.259  -52.589  10.592 0.6999999881
13126  1.592  -54.305  14.189 0.4000000060
13911  2.162  -53.213  12.775 0.8000000119
13136  1.725  -53.786  13.632 0.6999999881
13816  5.737  -53.549  20.629 0.8000000119
13817  4.676  -53.794  20.581 0.8999999762
13051  2.952  -54.330  20.422 0.8000000119
106679  6.798  -53.749  20.856 0.8000000119
11537  2.644  -55.913  20.782 0.8000000119
11538  2.318  -56.724  20.558 0.8000000119
11573  2.173  -56.986  19.132 0.6999999881
11552  2.035  -56.385  19.944 0.8000000119
16348  3.528  -49.207  11.382 0.8000000119
16316  3.631  -50.249  12.800 0.6000000238
15559  3.870  -50.851  13.024 0.5000000000
17167  5.343  -49.506  7.819 1.0000000000
17159  4.329  -49.047  9.582 1.0000000000
96536  3.704  -49.681  10.186 0.8999999762
16330  3.302  -50.422  12.493 0.8000000119
14771  3.598  -51.474  13.448 0.5000000000
16377  6.963  -50.471  6.289 0.6999999881
15574  2.855  -51.145  12.458 0.6999999881
15544  2.719  -51.713  13.467 0.6999999881
112036  8.560  -50.480  5.904 0.6000000238
101297  2.560  -51.668  12.827 0.6999999881
13900  1.848  -53.077  14.346 0.3000000119
111848  2.372  -52.362  12.498 0.6000000238
14758  1.804  -53.013  13.704 0.5000000000
17201  9.574  -49.624  4.145 0.5000000000
107732  4.925  -53.232  20.275 0.8999999762
13829  5.582  -52.911  20.084 0.8000000119
12316  2.411  -55.896  20.484 0.6999999881
17133  3.732  -48.301  11.895 0.8000000119
15573  4.075  -50.107  12.778 0.6000000238
17158  5.009  -48.652  8.609 1.0000000000
16370  5.643  -50.391  7.168 0.8000000119
16404  9.293  -50.234  4.835 0.5000000000
14668  6.262  -52.510  19.722 0.8000000119
15474  6.993  -51.883  19.322 0.8000000119
14677  5.811  -51.922  19.171 0.8999999762
108146  4.519  -51.992  19.129 0.8999999762
98940  4.216  -48.050  11.010 0.8000000119
16376  8.118  -50.372  6.280 0.6000000238
15478  6.330  -51.245  18.721 0.8000000119
15479  5.192  -51.318  18.472 0.8000000119
14678  3.243  -51.806  18.790 0.8000000119
14685  2.927  -52.343  16.567 0.5000000000
13855  2.081  -53.210  17.361 0.5000000000
17833  4.033  -48.015  12.278 0.8000000119
16369  6.526  -50.197  6.993 0.8000000119
16384  9.289  -50.404  5.707 0.5000000000
17200  10.574  -49.766  4.530 0.5000000000
16403  10.240  -50.200  4.905 0.5000000000
16383  10.151  -50.293  5.398 0.5000000000
16247  8.036  -50.263  19.393 0.8000000119
98515  6.747  -50.488  18.505 0.8000000119
16261  5.866  -50.527  18.020 0.8999999762
101703  6.737  -49.857  18.159 0.8000000119
15480  3.837  -51.273  18.302 0.8000000119
14679  2.317  -52.101  18.593 0.8000000119
13874  3.987  -53.098  16.864 0.5000000000
14707  1.935  -51.709  17.043 0.6000000238
15482  1.926  -51.846  17.684 0.6000000238
14705  3.213  -51.533  16.171 0.5000000000
15494  2.855  -50.598  16.294 0.6000000238
17131  5.689  -48.895  11.439 0.4000000060
17838  5.380  -47.541  12.057 0.4000000060
17839  4.472  -47.631  12.062 0.6999999881
17166  6.045  -49.246  7.506 0.8999999762
17846  4.660  -47.232  11.247 0.8000000119
18502  4.854  -47.103  11.967 0.8000000119
17175  7.499  -50.007  6.874 0.6999999881
16375  8.989  -50.341  6.195 0.6000000238
16374  9.872  -50.324  6.040 0.5000000000
17172  10.286  -49.704  6.278 0.6000000238
16269  7.265  -49.006  17.932 0.6999999881
16270  6.169  -49.561  17.546 0.8000000119
15486  4.384  -50.521  17.620 0.8000000119
15487  2.968  -50.726  17.463 0.8000000119
108794  12.691  -50.937  10.719 0.4000000060
110664  11.667  -51.306  12.540 0.3000000119
15541  10.332  -51.349  12.676 0.4000000060
15521  9.968  -51.854  13.593 0.2000000030
99881  4.233  -51.578  15.840 0.5000000000
16282  3.121  -50.092  16.399 0.8000000119
16311  12.012  -50.023  10.321 0.5000000000
110951  10.653  -50.850  12.070 0.4000000060
15558  9.997  -50.503  11.817 0.4000000060
15543  8.582  -50.895  12.721 0.3000000119
15504  7.903  -51.697  14.445 0.2000000030
15524  7.308  -51.136  13.900 0.4000000060
14703  6.072  -52.053  15.841 0.3000000119
15492  5.119  -51.574  15.624 0.6000000238
17116  10.709  -49.449  11.394 0.5000000000
16314  9.254  -49.985  11.737 0.4000000060
16294  7.427  -50.528  13.105 0.4000000060
16295  6.067  -49.733  13.804 0.4000000060
15507  4.209  -50.680  15.345 0.6000000238
16301  7.944  -50.143  12.453 0.5000000000
104075  6.805  -50.277  13.451 0.5000000000
17860  5.357  -47.648  8.889 1.0000000000
18538  5.094  -46.927  10.174 1.0000000000
111092  5.969  -47.602  8.288 1.0000000000
17165  6.831  -49.031  7.292 0.8000000119
17174  8.404  -49.869  6.686 0.6999999881
17045  6.552  -48.765  17.013 0.8000000119
17046  5.258  -49.117  16.674 0.8000000119
111144  12.944  -50.559  10.237 0.6000000238
15525  6.438  -50.927  14.350 0.3000000119
16315  8.595  -49.581  12.122 0.5000000000
15506  5.509  -51.034  15.030 0.5000000000
16291  3.477  -49.679  15.928 0.6999999881
17117  9.974  -49.653  11.538 0.5000000000
107677  5.801  -46.669  11.890 0.5000000000
18517  5.142  -46.773  11.366 0.6999999881
18537  5.806  -46.736  9.027 0.8999999762
17867  7.047  -47.825  7.451 0.8999999762
17868  6.353  -48.143  7.757 0.8999999762
19200  6.647  -46.346  8.450 0.8999999762
18547  6.497  -47.190  8.014 1.0000000000
17878  7.713  -48.859  7.119 0.8000000119
17877  8.603  -48.670  6.834 0.6000000238
97057  8.886  -47.374  6.726 0.8000000119
17101  10.125  -48.802  11.886 0.5000000000
17059  5.806  -48.347  16.126 0.8000000119
16280  4.717  -48.613  15.845 0.8000000119
17098  14.026  -47.794  13.424 0.8000000119
97631  12.398  -48.728  11.482 0.6999999881
17115  11.459  -49.241  11.204 0.6000000238
110065  8.790  -48.256  13.265 0.6999999881
17089  8.421  -47.913  13.994 0.6999999881
98045  6.809  -48.272  13.860 0.6999999881
17088  9.519  -48.382  12.815 0.5000000000
17102  8.643  -48.775  12.524 0.5000000000
17813  5.869  -48.146  14.589 0.6000000238
17075  4.682  -48.792  14.826 0.6999999881
115232  4.182  -49.039  16.202 0.8000000119
107813  9.326  -49.200  11.923 0.4000000060
17090  7.022  -48.935  13.282 0.6000000238
17091  6.079  -48.802  13.852 0.5000000000
17076  4.067  -49.115  15.367 0.6999999881
17113  14.092  -48.907  11.214 0.6000000238
99104  7.799  -49.101  12.654 0.5000000000
16296  5.273  -49.157  14.256 0.6000000238
16289  4.534  -49.669  14.792 0.6000000238
18500  7.325  -46.392  11.720 0.5000000000
19148  6.497  -45.915  11.250 0.6000000238
19163  7.475  -45.737  11.301 0.6999999881
18516  5.656  -46.321  10.652 0.6999999881
19763  6.896  -45.333  10.173 0.8999999762
18546  7.239  -46.817  7.640 1.0000000000
18557  7.948  -47.400  7.079 0.8999999762
17073  9.523  -49.024  15.255 0.6999999881
96509  15.575  -48.298  13.570 0.8999999762
96739  14.888  -47.928  13.561 0.8999999762
99608  12.912  -47.929  13.223 0.6000000238
17100  10.952  -48.534  12.007 0.6000000238
17811  7.912  -47.865  14.914 0.6999999881
17812  7.019  -47.932  14.766 0.6999999881
17805  6.352  -47.987  15.522 0.8000000119
17095  18.394  -47.713  12.010 0.8999999762
17097  16.316  -48.361  12.619 0.8999999762
104936  15.400  -48.173  12.733 0.8999999762
17111  15.937  -48.481  11.861 0.8000000119
104939  14.516  -48.056  12.481 0.8999999762
17112  15.058  -48.722  11.573 0.8000000119
110787  8.304  -45.856  11.381 0.5000000000
19187  6.205  -45.810  9.733 0.8999999762
19186  6.824  -45.633  8.964 0.8999999762
18545  7.909  -46.489  7.286 1.0000000000
16286  11.197  -49.828  15.862 0.8000000119
95128  10.055  -48.461  14.175 0.6999999881
110910  9.238  -48.163  14.023 0.6999999881
17057  8.142  -48.182  15.990 0.8000000119
17080  16.585  -49.103  14.236 0.8000000119
17081  15.694  -48.718  14.478 0.8000000119
17084  13.754  -47.938  14.347 0.8000000119
17071  11.715  -48.880  15.010 0.8000000119
17072  10.875  -48.768  14.581 0.6999999881
17079  18.550  -49.033  13.836 0.8999999762
96510  16.416  -48.591  13.337 0.8000000119
17085  12.188  -48.194  14.057 0.8000000119
17086  11.341  -48.252  13.521 0.6999999881
17817  20.003  -48.306  13.493 0.8000000119
17094  19.408  -48.269  12.934 0.8999999762
109014  17.460  -48.736  13.354 0.8000000119
18468  20.709  -47.148  14.164 0.8999999762
17816  20.389  -47.930  14.098 0.8999999762
19199  7.424  -45.954  7.954 1.0000000000
19788  7.416  -45.226  9.036 1.0000000000
18556  8.607  -46.553  6.867 1.0000000000
18555  9.260  -46.571  6.462 0.8000000119
17810  19.855  -48.790  14.854 0.8999999762
18466  20.418  -47.517  15.138 0.8999999762
19787  8.207  -44.893  9.062 1.0000000000
19762  7.865  -45.211  10.478 0.6999999881
19212  9.041  -45.956  6.596 1.0000000000
19198  8.315  -45.945  7.208 1.0000000000
19798  7.983  -45.376  7.991 1.0000000000
19095  20.645  -46.985  15.732 0.6999999881
19717  20.870  -45.580  15.855 0.8000000119
21848  20.818  -41.950  16.652 0.6000000238
104095  9.817  -45.559  6.191 0.8000000119
18463  21.072  -47.336  16.482 0.6999999881
20372  21.129  -44.873  16.157 0.4000000060
113525  21.870  -44.202  17.213 0.4000000060
105974  21.349  -44.056  16.596 0.5000000000
112818  20.942  -42.342  17.040 0.3000000119
22604  20.626  -41.187  17.656 0.1000000015
23446  19.778  -40.169  18.327 0.1000000015
100087  20.913  -42.674  16.498 0.4000000060
23447  19.188  -40.067  18.830 0.2000000030
24301  18.601  -39.330  18.454 0.1000000015
22614  20.710  -41.217  16.908 0.4000000060
23457  20.462  -40.515  17.306 0.3000000119
24300  19.383  -39.557  18.118 0.2000000030
24302  17.742  -39.298  18.622 0.1000000015
22621  20.813  -41.398  15.872 0.5000000000
23465  20.622  -40.428  16.307 0.5000000000
23458  20.018  -39.962  17.718 0.2000000030
24318  18.916  -38.845  17.834 0.2000000030
25092  18.095  -38.661  18.088 0.2000000030
24319  16.273  -39.017  18.210 0.2000000030
25093  17.140  -38.619  18.135 0.2000000030
25106  16.401  -38.457  17.720 0.2000000030
21064  21.754  -43.106  18.039 0.2000000030
21077  21.723  -43.622  17.433 0.3000000119
21827  21.305  -42.467  18.378 0.2000000030
22593  20.708  -41.623  18.312 0.2000000030
107249  20.313  -40.733  18.166 0.1000000015
23430  20.364  -41.298  18.983 0.1000000015
22627  21.098  -41.249  14.702 0.6000000238
23431  19.865  -40.642  18.873 0.1000000015
24316  20.251  -39.722  16.960 0.4000000060
24317  19.586  -39.237  17.408 0.2000000030
21818  21.503  -42.617  19.375 0.1000000015
21828  20.900  -42.031  19.177 0.1000000015
105244  18.762  -40.493  19.564 0.1000000015
23482  20.921  -40.386  14.581 0.6999999881
23475  20.652  -39.978  15.375 0.4000000060
24330  20.364  -39.484  16.092 0.3000000119
25103  19.204  -38.521  17.099 0.3000000119
25104  18.502  -38.279  17.431 0.2000000030
25105  17.713  -38.125  17.562 0.2000000030
22583  19.847  -41.132  19.606 0.1000000015
23501  22.788  -40.875  12.877 0.8999999762
100354  22.297  -40.317  13.043 0.6000000238
101195  21.673  -39.754  13.296 0.5000000000
110427  20.390  -38.969  14.373 0.5000000000
25138  20.046  -38.555  14.793 0.4000000060
111273  19.397  -40.658  19.378 0.1000000015
23483  20.627  -39.584  14.437 0.4000000060
24344  19.986  -38.730  15.734 0.4000000060
25140  18.947  -37.722  15.815 0.1000000015
25809  18.195  -37.502  16.196 0.1000000015
25820  17.342  -37.317  16.032 0.1000000015
25122  18.793  -37.945  16.703 0.2000000030
25123  17.509  -37.652  16.893 0.1000000015
111944  18.176  -37.826  17.022 0.2000000030
25124  16.081  -38.074  17.109 0.2000000030
21916  10.388  -42.356  7.384 0.8000000119
21924  10.320  -42.414  7.072 0.8000000119
109338  10.636  -42.742  6.686 0.8000000119
21941  10.661  -42.014  6.765 0.8000000119
98414  11.174  -42.607  6.421 0.6999999881
23499  24.626  -41.107  13.158 1.0000000000
23500  23.262  -40.215  12.885 1.0000000000
24363  21.181  -39.256  13.517 0.6000000238
25157  20.345  -38.457  14.016 0.5000000000
25838  19.805  -37.806  14.441 0.1000000015
23489  25.369  -40.324  13.510 1.0000000000
24361  23.971  -39.393  13.183 1.0000000000
25158  19.494  -38.135  15.244 0.3000000119
114003  17.902  -37.138  15.663 0.1000000015
110785  26.271  -41.309  13.402 1.0000000000
102802  10.516  -41.112  7.583 0.6999999881
22706  10.370  -41.679  7.470 0.6999999881
21940  11.608  -41.933  6.354 0.6000000238
24362  22.719  -39.397  13.077 0.6000000238
110727  22.571  -38.598  13.253 0.6000000238
24364  21.022  -38.498  13.560 0.5000000000
25856  20.496  -37.768  13.896 0.4000000060
25839  19.107  -37.486  15.001 0.1000000015
25840  18.732  -36.951  15.041 0.1000000015
25819  18.490  -37.247  15.435 0.1000000015
23488  26.284  -40.565  13.477 1.0000000000
102482  26.270  -39.524  13.538 1.0000000000
23487  26.749  -41.069  13.199 0.8999999762
24370  26.879  -39.348  13.083 1.0000000000
23563  10.737  -40.582  7.539 0.6000000238
22707  10.478  -41.279  7.219 0.8000000119
23584  11.720  -40.443  6.128 0.6000000238
97499  12.624  -41.892  6.362 0.5000000000
22729  11.162  -41.222  6.477 0.6999999881
26627  20.749  -36.896  14.038 0.3000000119
26604  20.140  -36.326  14.422 0.2000000030
26606  18.670  -36.230  15.039 0.1000000015
107563  21.948  -38.112  13.392 0.6000000238
111992  20.089  -37.175  14.262 0.3000000119
25167  23.555  -38.581  13.307 0.6999999881
100653  23.040  -37.797  13.431 0.6000000238
25854  22.370  -37.058  13.645 0.5000000000
24360  25.166  -39.437  13.577 0.8000000119
25156  25.274  -38.028  13.646 0.6999999881
103988  25.881  -38.823  13.620 1.0000000000
25166  25.888  -38.252  13.596 0.8999999762
24371  26.583  -38.662  13.250 0.6999999881
24468  11.202  -39.462  6.510 0.8000000119
24425  11.182  -39.786  7.474 0.6000000238
24437  10.878  -39.868  7.257 0.6999999881
24453  10.806  -39.663  7.006 0.6000000238
23564  10.682  -40.520  7.367 0.8000000119
23585  10.969  -40.321  6.683 0.6999999881
23598  11.590  -39.648  6.047 0.6999999881
108199  11.485  -38.790  6.039 0.6999999881
108178  11.920  -39.108  5.705 0.6999999881
94883  11.963  -38.310  5.629 0.3000000119
26626  21.606  -36.554  13.887 0.4000000060
26603  21.010  -35.894  14.181 0.4000000060
114079  22.915  -36.404  13.700 0.6000000238
25852  24.521  -37.581  13.602 0.6000000238
25863  24.795  -36.648  13.323 0.6000000238
26624  23.238  -35.831  13.569 0.6000000238
25862  25.748  -37.409  13.463 0.6999999881
26634  24.049  -35.880  13.345 0.6999999881
24379  26.551  -38.157  12.561 0.6999999881
25872  26.218  -37.419  12.859 0.6999999881
25873  25.555  -36.757  12.867 0.6999999881
112010  26.069  -38.021  11.354 0.6999999881
25211  19.691  -38.308  8.310 0.5000000000
24420  19.187  -39.057  8.626 0.3000000119
24421  18.264  -38.950  8.464 0.4000000060
25239  11.164  -38.907  6.669 0.6999999881
95211  17.059  -38.051  7.921 0.5000000000
103116  16.241  -37.890  7.754 0.5000000000
24426  11.116  -39.236  7.182 0.8000000119
25230  11.029  -39.079  7.023 0.8000000119
26670  13.136  -37.062  7.339 0.4000000060
25907  11.528  -37.918  7.083 0.8000000119
25229  11.256  -38.535  7.011 0.6999999881
94902  11.489  -38.010  5.965 0.5000000000
94732  12.571  -36.617  5.495 0.3000000119
27407  20.270  -35.410  14.358 0.2000000030
26625  22.458  -36.103  13.832 0.3000000119
96460  21.813  -35.656  13.934 0.3000000119
114640  21.373  -35.389  14.002 0.3000000119
26643  24.674  -36.136  12.782 0.5000000000
27429  23.472  -35.256  13.194 0.4000000060
95195  25.652  -36.936  12.279 0.6999999881
26642  24.932  -36.467  11.865 0.6000000238
26649  24.991  -37.104  10.447 0.6999999881
26641  25.350  -36.960  11.390 0.6000000238
100305  22.686  -37.682  8.225 0.6000000238
25209  21.363  -38.311  8.380 0.3000000119
25210  20.513  -38.298  8.335 0.5000000000
25212  18.833  -38.286  8.254 0.4000000060
25213  17.946  -38.193  8.147 0.5000000000
25901  18.493  -37.723  7.881 0.4000000060
25902  17.654  -37.553  7.765 0.4000000060
25903  16.738  -37.272  7.628 0.5000000000
113453  16.011  -37.312  7.628 0.5000000000
25905  14.901  -37.480  7.573 0.4000000060
25238  11.261  -38.348  6.803 0.6999999881
108216  11.344  -38.166  6.350 0.6000000238
27478  13.279  -36.161  7.200 0.5000000000
97133  12.128  -37.396  7.266 0.6999999881
26672  11.543  -37.008  6.826 0.6000000238
26671  12.197  -36.559  7.146 0.5000000000
99510  11.400  -37.104  6.425 0.5000000000
94935  11.403  -37.367  6.141 0.6000000238
27520  12.026  -35.953  5.615 0.3000000119
28286  20.398  -34.772  14.117 0.2000000030
28263  19.684  -34.785  14.317 0.2000000030
27431  21.666  -34.836  13.711 0.3000000119
98315  20.891  -34.446  13.694 0.2000000030
111266  20.107  -34.210  13.749 0.1000000015
29140  19.708  -33.528  13.152 0.1000000015
27430  22.613  -35.168  13.532 0.4000000060
28285  21.476  -34.050  13.206 0.2000000030
29139  20.691  -33.726  13.198 0.1000000015
28284  22.997  -34.549  12.920 0.4000000060
99463  22.236  -34.364  13.167 0.4000000060
100057  24.081  -35.446  12.748 0.5000000000
27441  23.527  -34.904  12.522 0.5000000000
26650  24.773  -36.428  10.739 0.6999999881
27450  24.482  -35.681  11.122 0.6000000238
99837  24.468  -35.727  12.057 0.5000000000
27451  23.933  -35.007  11.661 0.4000000060
27459  24.476  -35.626  10.046 0.6000000238
25887  24.543  -37.222  9.017 0.8000000119
26655  24.625  -36.506  9.605 0.6999999881
25896  24.100  -37.231  8.441 0.6999999881
25897  23.363  -37.306  8.237 0.5000000000
25916  22.548  -37.031  7.967 0.6000000238
97702  21.841  -37.729  8.114 0.5000000000
25918  20.708  -37.416  7.746 0.4000000060
25899  20.135  -37.781  7.970 0.4000000060
25920  18.916  -37.355  7.612 0.5000000000
25921  18.135  -37.176  7.577 0.5000000000
106186  16.012  -36.061  7.304 0.6000000238
27476  15.247  -36.261  7.389 0.5000000000
26669  14.670  -36.865  7.483 0.5000000000
26684  17.757  -36.620  7.297 0.5000000000
26685  17.153  -36.408  7.271 0.5000000000
27492  16.636  -35.917  7.100 0.5000000000
103260  16.023  -35.546  7.000 0.5000000000
107743  14.765  -35.630  7.157 0.5000000000
27495  12.909  -35.303  6.911 0.4000000060
28353  11.400  -34.420  6.306 0.5000000000
95379  11.288  -35.411  5.955 0.5000000000
110235  11.279  -35.022  5.904 0.4000000060
108253  11.741  -35.140  5.680 0.4000000060
94898  12.601  -34.880  5.496 0.3000000119
104891  14.051  -34.028  5.180 0.2000000030
28308  21.906  -33.862  12.661 0.2000000030
28307  22.473  -34.052  12.392 0.3000000119
29157  21.307  -33.456  12.509 0.2000000030
29158  20.429  -33.226  12.554 0.2000000030
29943  19.653  -32.995  12.425 0.1000000015
99404  23.140  -34.323  11.899 0.3000000119
29156  22.030  -33.591  12.072 0.3000000119
29174  20.909  -32.894  12.025 0.1000000015
29942  20.222  -32.815  12.093 0.1000000015
27460  24.184  -34.919  10.526 0.5000000000
26664  24.262  -36.299  8.643 0.5000000000
26665  23.561  -36.610  8.185 0.5000000000
26681  21.661  -36.465  7.426 0.4000000060
107077  20.144  -37.257  7.537 0.5000000000
105319  20.119  -36.708  7.070 0.4000000060
26683  18.493  -36.802  7.311 0.5000000000
26696  18.755  -36.302  6.847 0.6000000238
27491  17.368  -35.995  6.952 0.5000000000
27493  15.408  -35.548  7.080 0.5000000000
28350  14.703  -34.869  6.834 0.5000000000
27494  13.956  -35.430  7.051 0.5000000000
29206  15.233  -34.112  6.582 0.5000000000
29209  12.668  -33.908  6.617 0.3000000119
28335  12.172  -34.102  6.563 0.4000000060
28367  11.087  -33.972  5.871 0.4000000060
28380  11.187  -34.522  5.871 0.3000000119
108155  11.305  -34.400  5.804 0.3000000119
27534  13.289  -35.073  5.417 0.2000000030
108148  12.125  -34.346  5.563 0.2000000030
108257  11.520  -33.619  5.686 0.3000000119
30046  13.859  -33.614  5.190 0.2000000030
108156  12.844  -33.505  5.464 0.2000000030
29255  13.988  -33.307  4.995 0.2000000030
28315  22.588  -33.786  11.801 0.3000000119
29173  21.616  -33.149  11.748 0.2000000030
29956  20.364  -32.517  11.551 0.1000000015
98752  23.536  -34.369  10.916 0.5000000000
29171  22.980  -33.727  11.206 0.3000000119
29172  22.297  -33.384  11.445 0.3000000119
29177  21.928  -32.911  11.074 0.2000000030
29955  21.181  -32.639  11.366 0.2000000030
28318  23.835  -34.380  10.105 0.4000000060
29967  21.489  -32.382  10.628 0.1000000015
27465  24.351  -35.535  9.083 0.5000000000
28322  24.220  -34.858  9.535 0.4000000060
28323  23.827  -34.135  9.339 0.4000000060
112158  23.349  -33.740  10.234 0.4000000060
27474  24.110  -35.457  8.561 0.4000000060
26680  22.921  -36.172  7.828 0.5000000000
112050  22.161  -36.566  7.670 0.5000000000
26682  20.889  -36.727  7.306 0.5000000000
26695  19.602  -36.225  6.698 0.6000000238
113438  19.820  -35.507  6.271 0.5000000000
107513  19.037  -35.560  6.396 0.6000000238
27505  18.082  -35.576  6.579 0.4000000060
28365  17.714  -34.676  6.251 0.4000000060
28348  16.461  -35.167  6.737 0.5000000000
28366  16.888  -34.483  6.385 0.4000000060
28349  15.639  -34.930  6.768 0.5000000000
29208  13.428  -33.529  6.644 0.3000000119
29190  12.526  -33.104  6.608 0.3000000119
29211  11.578  -33.244  7.084 0.3000000119
29224  10.812  -33.096  5.938 0.3000000119
94864  11.061  -33.551  5.937 0.3000000119
29998  14.050  -32.946  6.545 0.3000000119
29999  13.184  -32.635  6.619 0.3000000119
30001  12.133  -32.985  6.748 0.3000000119
30016  10.638  -32.201  5.925 0.3000000119
108172  11.874  -32.707  5.637 0.2000000030
108255  13.007  -32.454  5.377 0.2000000030
29176  22.664  -33.219  10.724 0.3000000119
29968  20.623  -32.155  10.874 0.1000000015
29181  23.025  -33.061  9.852 0.4000000060
29966  22.304  -32.676  10.287 0.2000000030
30667  21.017  -31.786  10.121 0.1000000015
29180  23.452  -33.536  9.356 0.4000000060
29189  23.268  -33.052  8.889 0.4000000060
29975  21.883  -32.114  9.773 0.2000000030
28334  24.036  -34.741  8.669 0.4000000060
29188  23.588  -33.801  8.503 0.4000000060
27475  23.745  -35.098  8.180 0.5000000000
27486  23.144  -35.267  7.693 0.5000000000
28346  22.449  -35.080  7.135 0.5000000000
27488  21.581  -35.734  6.958 0.5000000000
27503  21.180  -35.072  6.451 0.5000000000
27504  20.437  -34.840  6.005 0.5000000000
28364  18.589  -34.842  6.080 0.4000000060
29221  17.359  -33.937  5.879 0.3000000119
29222  16.527  -33.719  6.086 0.3000000119
29223  15.707  -33.505  6.253 0.3000000119
31384  13.230  -30.598  6.487 0.3000000119
108258  11.072  -31.024  6.046 0.3000000119
98455  10.697  -32.506  5.929 0.3000000119
108269  12.871  -31.228  5.402 0.2000000030
108261  11.973  -31.583  5.754 0.2000000030
29974  22.680  -32.520  9.348 0.2000000030
29980  23.292  -33.109  8.119 0.4000000060
29981  22.953  -32.500  8.379 0.4000000060
29982  22.324  -31.930  8.791 0.2000000030
114830  23.006  -34.543  7.420 0.4000000060
29204  23.201  -33.686  7.594 0.4000000060
29995  22.882  -32.726  7.479 0.4000000060
28360  22.600  -34.245  6.978 0.4000000060
107424  22.150  -33.973  6.552 0.4000000060
28361  21.904  -34.720  6.661 0.4000000060
28362  21.420  -34.164  6.095 0.4000000060
112473  19.916  -34.329  5.568 0.4000000060
28363  19.491  -34.911  5.919 0.4000000060
28378  19.158  -34.238  5.579 0.4000000060
28379  18.254  -34.115  5.695 0.3000000119
94964  11.845  -30.095  6.242 0.3000000119
108256  13.324  -29.715  5.301 0.1000000015
108173  11.924  -29.358  6.148 0.1000000015
108154  13.522  -30.747  5.043 0.2000000030
30685  22.575  -31.948  7.818 0.2000000030
30686  21.914  -31.404  8.214 0.2000000030
29217  22.652  -33.394  6.929 0.4000000060
30009  22.470  -32.745  6.786 0.4000000060
29218  22.039  -33.310  6.355 0.4000000060
29219  21.374  -33.164  5.770 0.4000000060
29220  20.598  -33.871  5.579 0.3000000119
29237  19.828  -33.655  5.234 0.3000000119
29238  18.926  -33.508  5.188 0.3000000119
29996  22.415  -32.080  6.987 0.3000000119
30697  22.050  -31.415  7.324 0.3000000119
30010  21.969  -32.471  6.275 0.3000000119
30011  21.316  -32.202  5.629 0.3000000119
30711  21.200  -31.263  5.545 0.3000000119
29236  20.577  -32.960  5.276 0.3000000119
30025  20.544  -32.005  4.999 0.3000000119
30026  19.720  -32.821  4.829 0.3000000119
30727  19.551  -31.767  4.444 0.2000000030
1527  9.990  -74.146  8.124 1.0000000000
4361  2.568  -68.007  5.597 0.4000000060
98576  2.537  -66.968  6.271 0.3000000119
4892  2.284  -66.956  6.847 0.5000000000
5459  1.888  -65.867  7.901 0.4000000060
115243  2.905  -68.019  10.305 0.8000000119
4842  2.273  -66.996  11.690 0.6000000238
2514  17.574  -72.775  -5.113 0.8999999762
95234  17.592  -71.146  -5.622 0.8999999762
98843  17.376  -69.203  -5.042 0.8000000119
4484  17.465  -68.536  -5.660 0.8000000119
2055  16.817  -74.406  -5.441 0.8999999762
1293  17.559  -75.899  -6.197 0.8000000119
5073  17.953  -67.352  -6.371 0.8999999762
993  17.156  -76.441  -7.301 0.8999999762
103636  22.794  -71.106  -10.994 0.6999999881
3498  21.831  -70.570  -11.011 0.8000000119
2544  22.906  -72.717  -10.621 0.8000000119
3496  23.954  -70.037  -10.794 0.6000000238
3997  22.644  -69.135  -10.018 0.6000000238
2550  21.925  -72.355  -11.147 0.8000000119
2559  20.918  -72.339  -11.207 0.8000000119
3497  23.038  -69.689  -11.060 0.6999999881
9620  4.137  -59.094  7.413 1.0000000000
10204  5.301  -58.365  8.392 1.0000000000
10207  2.060  -57.049  7.758 0.5000000000
112106  2.808  -56.619  9.663 0.8999999762
10900  4.129  -56.873  9.849 1.0000000000
10883  6.868  -56.734  11.483 0.8999999762
10189  6.465  -58.019  9.057 0.8999999762
10913  6.545  -57.479  9.777 1.0000000000
10912  7.511  -57.339  10.120 0.8999999762
16312  11.276  -50.011  10.994 0.5000000000
17114  13.005  -49.481  10.560 0.6000000238
112056  10.695  -82.382  11.294 0.6999999881
8  9.689  -82.936  10.711 0.8000000119
103301  16.325  -78.279  10.409 1.0000000000
102419  15.427  -81.519  10.761 0.8999999762
297  13.472  -79.974  10.591 0.8999999762
7  11.506  -82.424  10.807 0.8999999762
23  7.830  -82.542  9.030 0.4000000060
114954  8.149  -82.035  4.435 0.3000000119
126  9.004  -81.874  3.422 0.2000000030
64  10.431  -82.017  1.921 0.2000000030
99337  11.067  -80.350  2.371 0.2000000030
589  16.857  -77.913  11.390 0.8000000119
599  15.515  -77.466  10.331 0.8999999762
94  16.697  -81.159  11.171 1.0000000000
101  16.583  -81.395  10.294 1.0000000000
95  16.015  -81.399  11.096 0.8999999762
107  16.590  -81.522  8.869 0.8999999762
98  13.716  -82.237  10.375 0.8999999762
4  13.763  -82.503  10.146 0.8999999762
298  12.836  -80.599  10.779 0.8999999762
99  12.567  -82.376  10.439 0.8999999762
110662  14.955  -82.590  6.325 0.8000000119
96365  14.730  -82.057  7.619 0.8999999762
102292  13.688  -82.166  8.094 0.8000000119
110675  13.410  -82.627  9.239 0.6999999881
19  12.702  -82.923  9.631 0.6999999881
12  12.277  -82.889  10.144 0.8999999762
35  13.673  -82.933  6.135 0.8000000119
34  14.579  -82.770  5.903 0.8000000119
28  12.197  -82.703  7.480 0.6999999881
101150  10.583  -82.946  8.504 0.5000000000
22  8.486  -82.916  8.692 0.5000000000
44  14.003  -82.857  5.364 0.6999999881
119  14.375  -82.591  5.167 0.6000000238
33  15.282  -82.490  5.922 0.8000000119
45  12.945  -83.042  5.568 0.6999999881
51  12.037  -83.200  4.899 0.6000000238
105155  11.509  -82.937  6.718 0.6999999881
38  10.293  -82.890  6.859 0.5000000000
96153  10.682  -83.018  6.009 0.5000000000
32  7.875  -82.462  8.036 0.3000000119
125  13.372  -81.771  3.855 0.5000000000
48  8.712  -82.714  5.059 0.4000000060
49  8.036  -82.176  4.848 0.3000000119
124  13.968  -81.328  3.358 0.6000000238
98828  11.553  -83.033  3.959 0.5000000000
57  11.311  -82.865  3.001 0.5000000000
63  11.179  -82.495  2.130 0.4000000060
1483  14.557  -74.343  11.293 1.0000000000
825  16.631  -77.807  13.824 0.6999999881
286  18.483  -79.966  11.912 0.8999999762
293  18.774  -80.028  11.153 0.8999999762
182  17.419  -81.002  10.130 1.0000000000
25  16.338  -82.181  6.494 0.8999999762
116  17.002  -81.884  6.217 0.8999999762
118  15.603  -82.123  5.673 0.8999999762
128  15.114  -81.284  2.247 0.5000000000
1538  9.532  -74.393  7.129 0.8999999762
103693  8.929  -74.635  6.550 0.8999999762
98627  19.403  -78.535  12.336 0.8000000119
181  18.978  -80.338  9.317 0.8999999762
1920  11.239  -72.959  7.546 1.0000000000
104977  6.026  -75.669  5.832 0.4000000060
3273  15.592  -70.644  11.059 0.8999999762
588  19.582  -77.685  12.132 0.8000000119
104218  19.753  -79.481  9.309 0.8000000119
1213  5.074  -75.832  4.781 0.4000000060
106262  18.539  -81.166  6.312 0.8000000119
254  18.749  -80.690  -1.940 0.5000000000
251  21.829  -80.190  -1.183 0.5000000000
504  21.802  -79.271  -2.211 0.5000000000
703  20.520  -78.290  -1.954 0.4000000060
1962  5.463  -73.557  3.705 0.8000000119
308  20.733  -79.763  7.618 0.8000000119
110699  4.617  -63.666  -6.899 0.5000000000
244  21.893  -80.247  -0.071 0.5000000000
502  24.304  -78.705  -2.585 0.5000000000
107634  21.054  -79.683  6.971 0.8000000119
478  17.637  -78.389  3.040 0.8999999762
107054  6.725  -64.260  -3.222 0.6999999881
6852  6.016  -64.518  -4.737 0.6999999881
101986  20.299  -78.626  0.386 0.8999999762
687  20.787  -78.172  0.540 0.8999999762
105227  23.233  -78.597  0.832 0.8000000119
455  21.259  -79.090  6.619 0.8000000119
6805  6.676  -64.178  -1.659 0.8000000119
935  19.832  -76.567  0.196 0.8000000119
5085  9.367  -66.982  -7.328 0.8999999762
945  24.458  -77.611  -0.692 0.6000000238
685  23.881  -77.828  0.703 0.6999999881
3812  2.448  -68.683  6.803 0.6000000238
894  20.304  -77.539  4.724 0.8999999762
1618  25.644  -74.596  -3.743 0.8999999762
1275  26.047  -75.324  -3.932 0.8000000119
966  25.972  -76.160  -3.929 0.6999999881
114902  8.847  -63.302  1.871 1.0000000000
5639  9.202  -66.927  -6.049 0.8999999762
106083  23.366  -73.934  -1.929 0.8000000119
110571  11.687  -64.649  -10.929 0.6999999881
4885  2.136  -66.957  7.776 0.5000000000
2482  24.140  -72.390  -2.445 0.8000000119
4852  2.388  -67.465  9.670 0.6999999881
4869  1.904  -66.658  8.705 0.6000000238
5458  2.706  -65.502  7.426 0.2000000030
5457  3.929  -65.512  7.726 0.2000000030
2944  24.494  -71.124  -3.235 0.6999999881
6295  12.272  -64.841  -13.401 0.6000000238
6293  15.246  -65.297  -12.664 0.8999999762
4853  1.788  -66.596  9.529 0.6999999881
5428  1.499  -65.825  9.802 0.4000000060
7420  3.171  -62.196  -1.414 0.6999999881
2928  24.230  -72.114  -1.884 0.6999999881
113797  15.214  -64.892  -11.680 0.8999999762
99742  5.672  -59.359  1.859 0.8999999762
2927  24.758  -72.105  -1.643 0.6000000238
2981  24.179  -71.247  -7.222 0.8000000119
8616  10.881  -61.301  -2.765 0.8000000119
3003  24.329  -71.270  -9.185 0.6999999881
11816  4.848  -55.785  0.117 0.6999999881
96986  6.000  -55.655  0.906 0.6000000238
11815  6.314  -55.693  -0.087 0.5000000000
9090  6.493  -61.031  4.581 1.0000000000
9189  10.366  -60.628  -2.808 0.8000000119
2494  19.103  -72.390  -3.712 0.8000000119
2961  17.854  -71.415  -4.305 0.8999999762
2549  22.796  -71.885  -10.900 0.8000000119
114233  22.169  -69.546  -9.507 0.6000000238
2975  17.602  -71.983  -5.690 0.8999999762
95221  17.567  -70.203  -6.384 0.8000000119
110988  13.872  -65.317  -4.921 0.8000000119
101786  22.454  -70.468  -11.052 0.8000000119
2558  21.102  -71.724  -11.210 0.8000000119
109053  22.412  -69.965  -10.980 0.6999999881
2994  20.948  -71.763  -7.268 0.6999999881
2984  17.482  -71.639  -6.502 0.8999999762
2533  17.146  -72.163  -7.027 0.8999999762
96572  17.709  -70.225  -7.297 0.8999999762
3483  17.555  -70.471  -9.045 0.8999999762
4004  17.264  -69.523  -10.534 0.8999999762
3983  18.199  -69.236  -9.489 1.0000000000
101672  16.624  -72.774  -7.417 0.8000000119
3500  15.950  -70.459  -10.756 0.6999999881
4544  17.216  -68.065  -11.219 1.0000000000
2092  22.531  -73.416  -10.543 0.8999999762
1285  17.890  -75.262  -5.515 0.8000000119
1286  16.958  -75.658  -5.638 0.8000000119
113168  16.248  -73.360  -7.359 0.8999999762
2539  15.694  -72.564  -8.882 0.8999999762
2078  15.330  -73.339  -8.396 0.8999999762
4305  2.923  -67.668  11.749 0.8999999762
11007  8.649  -57.451  1.074 0.4000000060
11029  8.990  -57.530  0.228 0.4000000060
10997  7.567  -56.730  2.727 0.6000000238
11774  5.841  -55.820  3.980 0.8999999762
10991  4.699  -56.998  4.139 0.8999999762
11830  7.845  -55.951  -1.061 0.4000000060
8507  4.241  -61.738  5.323 1.0000000000
6877  11.411  -64.484  -7.005 0.5000000000
111540  21.204  -71.079  -7.011 0.6999999881
107913  20.669  -72.346  -5.678 0.6000000238
110069  18.227  -69.166  -8.167 0.8000000119
3971  17.957  -69.658  -7.791 0.8000000119
6876  13.780  -64.638  -5.818 0.6999999881
3984  18.095  -69.733  -8.784 0.8999999762
4512  18.481  -68.945  -8.827 1.0000000000
106986  18.564  -68.471  -9.651 1.0000000000
4537  18.266  -68.151  -10.432 1.0000000000
2069  19.804  -73.959  -7.556 0.8000000119
2560  20.564  -72.061  -11.057 0.8000000119
1640  18.744  -74.960  -5.845 0.6999999881
1646  18.843  -75.045  -6.941 0.8000000119
5683  16.783  -65.570  -9.804 0.8000000119
6036  1.693  -64.088  9.316 0.2000000030
11005  14.686  -57.995  1.968 0.2000000030
11845  9.188  -56.103  -1.966 0.4000000060
8485  6.772  -61.176  5.766 1.0000000000
8627  8.593  -60.985  -4.904 0.6000000238
114090  21.033  -71.021  -5.637 0.6000000238
1666  19.333  -74.446  -10.408 0.8000000119
107747  19.295  -74.579  -7.524 0.8000000119
1292  18.304  -75.437  -6.278 0.8999999762
5670  16.393  -66.097  -8.717 0.8000000119
1667  18.785  -75.153  -10.318 0.6999999881
5997  5.011  -65.297  13.467 0.8000000119
6062  3.080  -64.897  8.053 0.2000000030
5447  4.400  -65.283  8.537 0.2000000030
10272  10.364  -59.095  3.112 0.3000000119
10975  8.278  -56.747  4.450 0.6000000238
10976  7.200  -56.066  4.793 0.8999999762
9636  8.051  -60.123  6.403 0.8999999762
9063  6.750  -61.076  6.292 1.0000000000
109614  2.387  -58.545  5.103 0.8999999762
5387  6.949  -65.515  13.986 0.8999999762
6593  4.158  -64.992  14.189 0.8000000119
10270  13.192  -58.584  3.361 0.2000000030
9618  6.772  -59.970  7.565 1.0000000000
9619  5.416  -59.638  7.649 1.0000000000
10228  3.616  -57.901  7.529 1.0000000000
11901  12.192  -57.059  -5.565 0.4000000060
10206  3.041  -57.019  7.649 0.8999999762
103773  6.248  -64.837  14.913 0.8000000119
9616  8.468  -59.444  6.966 0.8999999762
103564  4.575  -57.289  9.080 1.0000000000
10205  4.179  -57.580  8.373 1.0000000000
6585  8.094  -64.648  16.039 0.8999999762
5970  6.238  -65.363  16.215 0.8000000119
6586  7.445  -64.771  16.570 0.8000000119
10972  11.233  -57.949  4.618 0.4000000060
11732  10.331  -56.062  6.808 0.6999999881
10914  5.468  -57.425  9.442 1.0000000000
10201  8.687  -58.336  8.246 0.8999999762
11739  10.521  -56.348  5.874 0.6999999881
114622  9.899  -56.308  9.077 0.8999999762
11738  11.294  -56.449  5.334 0.6000000238
12480  11.378  -55.210  6.517 0.6999999881
11729  10.419  -55.973  7.842 0.8999999762
12497  11.515  -55.093  4.088 0.4000000060
14010  11.225  -53.305  4.966 0.4000000060
13203  11.525  -54.379  6.258 0.6000000238
13196  10.855  -54.384  7.555 0.6999999881
13204  11.171  -53.888  6.828 0.6999999881
14838  10.272  -52.898  4.835 0.5000000000
14832  10.018  -52.831  5.767 0.6999999881
13184  10.576  -54.868  8.281 0.8999999762
12474  10.119  -55.279  8.935 0.8999999762
13156  8.146  -55.233  10.422 0.8999999762
11673  7.506  -56.036  11.692 0.8999999762
13980  7.938  -53.739  8.180 0.8999999762
11655  6.155  -56.164  12.453 1.0000000000
10884  5.117  -56.945  11.554 1.0000000000
13990  7.192  -53.582  7.349 0.8999999762
13174  6.319  -54.381  9.788 0.8999999762
108879  1.622  -57.658  8.450 0.5000000000
9600  1.525  -59.131  8.620 0.3000000119
13188  6.463  -54.131  8.915 0.8999999762
11635  5.305  -56.073  12.932 0.8999999762
13983  4.850  -53.573  8.162 0.8999999762
9460  3.201  -59.813  21.529 0.8999999762
8901  2.066  -60.903  22.074 0.8999999762
113735  1.660  -60.473  20.282 0.5000000000
10779  2.416  -57.764  20.827 0.8000000119
11536  4.069  -55.958  20.492 0.8999999762
10793  1.966  -57.658  19.506 0.6000000238
17128  3.543  -48.933  12.086 0.8000000119
16329  3.728  -49.410  12.551 0.6999999881
15560  3.144  -51.011  13.026 0.6000000238
14757  2.217  -52.312  13.970 0.4000000060
14772  2.204  -52.315  13.255 0.5000000000
17840  4.252  -47.628  11.957 0.8000000119
16328  4.381  -49.571  12.461 0.6000000238
17869  5.697  -48.422  8.083 1.0000000000
17861  4.675  -47.808  9.828 1.0000000000
15481  2.595  -51.400  18.052 0.8000000119
17132  4.639  -48.170  12.265 0.6999999881
15488  2.217  -51.192  17.220 0.6000000238
17140  6.457  -48.569  11.040 0.4000000060
16335  6.031  -50.056  10.678 0.4000000060
16271  4.254  -49.660  16.823 0.8000000119
15556  11.978  -50.896  11.538 0.4000000060
17125  14.629  -49.492  10.689 0.6999999881
103742  13.467  -48.208  12.021 0.6000000238
17083  14.565  -47.991  14.329 0.8000000119
17099  11.862  -48.274  12.518 0.6000000238
107247  12.957  -48.183  14.489 0.8000000119
103675  18.492  -47.231  10.900 0.8000000119
110269  17.702  -47.587  10.947 0.8000000119
17096  17.429  -48.001  11.988 0.8999999762
17065  17.487  -49.437  14.761 0.8000000119
17063  19.414  -49.380  15.517 0.8000000119
17078  19.333  -49.048  14.385 0.8999999762
108370  20.302  -46.885  11.534 0.8000000119
19102  20.547  -46.666  15.020 0.8999999762
108650  20.705  -47.021  12.175 0.8000000119
17809  20.218  -48.362  15.253 0.8000000119
19812  9.474  -45.546  6.412 1.0000000000
19094  21.035  -46.391  16.200 0.3000000119
19718  20.659  -45.489  15.242 0.8000000119
19101  20.698  -46.163  15.491 0.8000000119
20374  20.709  -44.241  15.555 0.6999999881
21079  21.203  -43.303  16.792 0.3000000119
21839  21.254  -42.765  17.406 0.4000000060
22603  20.859  -41.955  17.511 0.2000000030
25107  15.543  -38.763  17.571 0.1000000015
23474  20.837  -40.709  15.396 0.5000000000
25801  16.916  -38.007  17.438 0.2000000030
24331  19.822  -38.968  16.621 0.4000000060
22643  23.636  -41.127  12.702 1.0000000000
24354  20.978  -39.827  13.797 0.6000000238
23492  21.411  -40.647  13.710 0.6000000238
24355  20.688  -39.117  13.842 0.5000000000
24343  20.368  -39.190  15.162 0.4000000060
25139  19.395  -38.302  16.238 0.2000000030
112830  10.328  -41.856  7.232 0.8000000119
105878  25.562  -41.180  13.444 1.0000000000
23490  24.295  -40.257  13.130 1.0000000000
25168  21.819  -38.951  13.279 0.6000000238
26605  19.382  -36.863  14.668 0.1000000015
24359  26.861  -40.156  13.192 1.0000000000
107073  27.084  -40.057  12.588 1.0000000000
25855  21.293  -37.534  13.651 0.4000000060
106724  24.952  -38.569  13.633 0.6999999881
25173  26.358  -38.004  13.188 0.6999999881
94729  11.651  -36.744  5.782 0.5000000000
25853  23.659  -36.601  13.632 0.6000000238
108923  25.970  -37.491  11.910 0.6999999881
109186  25.612  -37.551  10.909 0.6999999881
114519  12.110  -38.115  7.373 0.6999999881
25922  11.390  -37.790  6.788 0.5000000000
113064  12.515  -35.411  5.510 0.4000000060
25208  22.309  -38.284  8.415 0.6000000238
25898  20.970  -37.804  8.045 0.4000000060
25900  19.305  -37.818  7.952 0.5000000000
26666  17.365  -36.924  7.504 0.5000000000
26668  15.408  -37.036  7.565 0.5000000000
25928  11.343  -37.741  6.523 0.6000000238
27479  12.294  -35.865  6.997 0.5000000000
26686  11.678  -36.069  6.708 0.5000000000
27497  11.405  -35.376  6.173 0.5000000000
94731  11.338  -36.408  6.080 0.5000000000
95026  11.397  -35.767  5.894 0.4000000060
25917  21.498  -37.156  7.761 0.2000000030
25919  19.593  -37.480  7.685 0.5000000000
105967  19.373  -36.921  7.286 0.5000000000
26667  16.658  -36.539  7.399 0.6000000238
27490  18.060  -36.314  6.993 0.6000000238
28351  13.511  -34.507  6.771 0.4000000060
27496  11.940  -35.295  6.605 0.5000000000
106846  11.926  -33.480  6.572 0.4000000060
106015  11.175  -34.740  5.867 0.3000000119
28396  13.376  -34.242  5.388 0.2000000030
26679  23.711  -35.784  8.183 0.5000000000
27487  22.314  -35.893  7.441 0.5000000000
27489  20.524  -35.888  6.643 0.5000000000
28347  17.223  -35.246  6.626 0.4000000060
29207  14.331  -33.879  6.651 0.4000000060
29182  11.203  -33.316  7.287 0.3000000119
29205  16.076  -34.304  6.492 0.4000000060
29997  14.883  -33.254  6.410 0.3000000119
30000  12.366  -32.529  6.614 0.3000000119
30015  14.517  -32.304  6.287 0.3000000119
30699  12.820  -31.629  6.591 0.3000000119
30700  12.066  -31.489  6.584 0.3000000119
30701  11.537  -31.410  6.410 0.3000000119
108195  13.759  -32.002  4.811 0.2000000030
29969  19.557  -32.078  11.012 0.1000000015
28345  23.532  -34.472  7.959 0.4000000060
31398  12.494  -29.553  6.399 0.3000000119
95049  11.770  -30.065  6.068 0.3000000119
108152  11.820  -30.255  5.962 0.2000000030
108251  12.636  -29.912  5.587 0.1000000015
98565  21.383  -31.481  9.161 0.2000000030
29239  17.952  -33.352  5.366 0.3000000119
94733  12.177  -29.316  6.201 0.3000000119
30710  21.821  -31.518  6.387 0.3000000119
5466  2.629  -66.493  6.599 0.2000000030
4002  24.539  -69.527  -10.680 0.5000000000
9599  4.758  -58.630  7.939 1.0000000000
1657  14.942  -74.220  -8.055 0.8000000119
1648  15.293  -74.888  -7.269 0.6999999881
988  14.665  -76.659  -7.616 0.5000000000
732  14.730  -77.559  -9.230 0.3000000119
726  14.831  -77.067  -7.964 0.5000000000
532  13.690  -78.235  -9.029 0.1000000015
739  14.401  -77.833  -9.379 0.4000000060
2070  15.754  -73.889  -7.447 0.8000000119
2087  14.956  -72.840  -9.270 0.8000000119
2088  14.129  -73.126  -9.539 0.4000000060
2553  14.136  -72.269  -10.919 0.2000000030
100639  14.552  -72.453  -10.229 0.4000000060
370  16.045  -79.728  -6.457 0.2000000030
377  15.342  -79.713  -7.329 0.1000000015
379  16.015  -79.229  -8.974 0.5000000000
536  15.735  -77.878  -10.043 0.5000000000
372  17.045  -79.899  -7.040 0.3000000119
376  16.163  -79.738  -7.678 0.3000000119
528  18.532  -78.879  -8.927 0.4000000060
529  17.637  -79.174  -8.742 0.5000000000
375  16.949  -79.543  -8.159 0.4000000060
112125  16.674  -79.018  -9.278 0.5000000000
535  16.461  -78.204  -10.011 0.6000000238
102310  17.276  -77.164  4.445 0.8000000119
2546  15.346  -72.160  -9.814 0.6999999881
2552  14.924  -71.869  -10.570 0.4000000060
3029  14.467  -71.747  -11.026 0.2000000030
3034  13.932  -71.575  -11.414 0.3000000119
100760  13.547  -70.501  -11.657 0.3000000119
95789  12.677  -71.172  -11.547 0.3000000119
4012  13.216  -69.331  -12.094 0.3000000119
4013  12.043  -68.960  -12.056 0.2000000030
371  15.097  -79.282  -5.927 0.1000000015
737  18.467  -78.281  -9.782 0.5000000000
534  17.535  -78.421  -9.812 0.6000000238
1182  22.510  -76.596  5.872 0.6999999881
872  21.509  -76.765  6.714 0.6999999881
1181  22.946  -75.931  6.283 0.6000000238
103233  22.109  -77.479  5.602 0.6999999881
897  17.582  -76.570  5.647 0.8000000119
913  17.604  -76.783  3.704 0.8000000119
907  17.471  -76.513  4.818 0.8000000119
3019  16.495  -71.267  -9.662 0.6999999881
3027  16.197  -70.869  -10.339 0.6000000238
3020  15.745  -71.550  -10.175 0.6999999881
3028  15.335  -71.242  -10.789 0.6000000238
4547  12.595  -68.701  -12.432 0.2000000030
4548  11.835  -68.606  -12.236 0.2000000030
4553  12.534  -68.079  -12.886 0.2000000030
5118  11.685  -67.930  -12.732 0.2000000030
4549  11.284  -68.408  -12.236 0.1000000015
5111  10.482  -67.685  -11.381 0.1000000015
1173  21.967  -75.459  7.083 0.6999999881
882  23.886  -76.759  5.553 0.5000000000
1171  23.226  -75.787  6.576 0.6000000238
1172  22.613  -75.284  7.255 0.6999999881
624  22.008  -78.422  4.789 0.6999999881
883  23.447  -77.191  4.993 0.6000000238
884  22.755  -77.654  4.698 0.6999999881
636  22.404  -78.059  4.124 0.6000000238
102437  21.918  -78.608  4.244 0.8000000119
881  24.865  -77.119  6.009 0.4000000060
871  24.243  -76.632  6.825 0.4000000060
99090  24.596  -76.925  5.138 0.6000000238
892  23.934  -76.872  4.620 0.6000000238
893  23.069  -77.365  4.162 0.6000000238
106710  19.309  -77.308  5.848 0.8000000119
1195  17.807  -75.839  5.124 0.6999999881
917  18.024  -76.936  2.654 0.8000000119
1215  17.779  -75.922  4.158 0.6999999881
912  18.033  -76.079  2.978 0.6999999881
1214  18.058  -75.438  3.596 0.6999999881
1566  18.257  -74.755  3.620 0.5000000000
4006  15.760  -70.004  -11.190 0.6000000238
4010  15.319  -69.405  -11.766 0.5000000000
4011  14.425  -69.898  -11.828 0.3000000119
4008  11.726  -69.180  -11.750 0.2000000030
4551  14.339  -67.928  -12.829 0.4000000060
4014  14.344  -68.939  -12.330 0.5000000000
4542  11.202  -68.132  -11.581 0.1000000015
5124  13.495  -67.255  -13.302 0.3000000119
5119  10.833  -67.658  -12.554 0.1000000015
5713  11.556  -65.499  -13.441 0.3000000119
5125  12.495  -67.097  -13.262 0.3000000119
1174  21.006  -75.789  7.634 0.6999999881
1161  21.268  -74.960  8.046 0.6999999881
861  25.062  -76.812  8.443 0.4000000060
870  24.790  -77.091  7.295 0.4000000060
1159  23.342  -75.622  7.530 0.5000000000
109013  22.636  -74.932  7.950 0.6999999881
905  21.966  -77.249  3.892 0.6000000238
650  21.851  -78.208  3.941 0.6000000238
1158  25.908  -76.265  8.601 0.3000000119
860  26.005  -76.520  7.513 0.3000000119
869  25.607  -76.979  6.655 0.4000000060
902  24.492  -76.711  4.763 0.6000000238
903  23.742  -76.802  4.308 0.5000000000
904  22.951  -77.228  3.952 0.6000000238
906  21.037  -77.456  4.039 0.6000000238
895  19.284  -76.306  5.793 0.6999999881
1193  18.816  -75.352  5.653 0.5000000000
1180  26.160  -76.503  6.051 0.4000000060
880  25.563  -76.932  5.754 0.3000000119
891  25.066  -76.863  5.201 0.4000000060
1204  23.772  -75.831  4.293 0.4000000060
1560  22.949  -74.766  4.263 0.4000000060
1206  22.086  -76.147  3.988 0.5000000000
1207  20.958  -76.145  4.323 0.4000000060
1192  19.801  -75.649  5.405 0.5000000000
896  18.133  -75.961  5.875 0.6999999881
1169  26.888  -75.930  7.069 0.3000000119
1170  26.346  -76.411  6.717 0.4000000060
1191  24.922  -76.275  4.734 0.4000000060
1203  24.410  -75.501  4.539 0.3000000119
1559  23.767  -74.803  4.471 0.4000000060
1540  26.697  -75.894  6.508 0.3000000119
1549  25.087  -75.294  4.868 0.3000000119
1194  18.300  -75.211  5.210 0.6000000238
1208  18.098  -75.225  4.467 0.6000000238
1562  18.444  -74.333  4.615 0.4000000060
1965  18.374  -73.890  3.547 0.6000000238
1221  18.346  -75.771  1.970 0.6999999881
97245  18.260  -75.278  2.753 0.6000000238
1227  18.622  -75.377  1.114 0.6999999881
1580  18.567  -74.559  1.340 0.6000000238
98111  18.406  -75.096  1.892 0.5000000000
1571  18.397  -74.417  2.482 0.6000000238
4005  16.518  -69.756  -10.854 0.8000000119
4546  15.147  -68.434  -12.262 0.6000000238
5103  10.440  -67.878  -10.503 0.1000000015
5112  9.773  -67.338  -11.435 0.1000000015
5126  11.620  -66.783  -13.192 0.2000000030
1141  19.806  -76.096  10.823 0.6999999881
1524  21.404  -74.538  8.668 0.6999999881
1525  20.855  -74.686  8.745 0.6999999881
863  24.234  -76.939  8.146 0.4000000060
1523  22.222  -74.570  8.618 0.6999999881
97714  20.282  -76.572  4.896 0.6000000238
1561  22.035  -74.320  4.305 0.4000000060
105682  21.312  -74.770  4.501 0.4000000060
1190  25.635  -76.219  5.277 0.3000000119
1550  24.298  -74.270  4.810 0.3000000119
115260  21.006  -73.889  4.869 0.4000000060
97886  20.244  -74.949  5.302 0.5000000000
111466  19.390  -74.923  5.515 0.5000000000
1553  18.738  -74.574  5.326 0.4000000060
102943  18.782  -73.736  5.152 0.4000000060
1956  18.533  -73.254  4.384 0.4000000060
109490  18.423  -73.127  3.378 0.4000000060
101089  18.591  -73.769  1.643 0.5000000000
98014  18.454  -73.472  2.569 0.4000000060
4539  16.905  -68.964  -10.945 0.8000000119
4009  16.206  -69.265  -11.300 0.6999999881
102974  15.856  -67.926  -12.043 0.8000000119
5104  9.576  -67.731  -10.610 0.1000000015
98672  13.173  -66.258  -13.631 0.4000000060
5120  10.093  -66.832  -12.483 0.1000000015
5714  10.784  -65.020  -13.163 0.4000000060
5121  9.410  -66.458  -12.220 0.1000000015
5113  8.920  -67.134  -11.422 0.1000000015
5704  9.940  -65.531  -12.839 0.2000000030
824  19.637  -77.103  12.742 0.6999999881
113147  19.623  -77.310  11.491 0.6999999881
831  19.713  -76.668  11.664 0.6999999881
1131  19.978  -75.595  11.382 0.6999999881
1953  23.375  -73.813  4.573 0.4000000060
1954  22.458  -73.592  4.437 0.4000000060
1955  21.564  -73.555  4.605 0.4000000060
1551  20.378  -74.099  5.380 0.4000000060
1552  19.468  -74.254  5.533 0.4000000060
1938  25.030  -74.295  5.309 0.2000000030
1939  23.755  -73.166  4.957 0.2000000030
2399  22.072  -72.700  4.629 0.4000000060
1941  20.581  -73.224  5.353 0.4000000060
2378  24.041  -72.809  5.516 0.3000000119
1940  22.933  -72.836  4.696 0.4000000060
104139  21.646  -72.081  4.956 0.4000000060
2391  21.376  -72.696  4.904 0.4000000060
2392  19.996  -72.664  5.756 0.4000000060
1943  18.863  -72.932  5.157 0.4000000060
2394  18.904  -72.239  5.177 0.4000000060
2400  18.621  -72.450  4.633 0.4000000060
2424  18.549  -72.540  2.635 0.4000000060
111562  18.525  -71.555  4.016 0.4000000060
1985  18.904  -73.195  1.213 0.5000000000
113516  18.630  -73.063  1.880 0.4000000060
2410  18.484  -72.384  3.783 0.4000000060
2439  18.883  -72.456  1.721 0.4000000060
4475  17.321  -68.327  -4.748 0.8000000119
3934  17.472  -69.912  -4.373 0.8000000119
5117  16.638  -67.316  -11.852 0.8000000119
4543  8.714  -67.760  -10.629 0.1000000015
108885  13.331  -65.217  -13.511 0.6999999881
5698  8.059  -66.504  -11.659 0.1000000015
6288  11.017  -64.240  -12.600 0.4000000060
5705  9.121  -65.489  -12.357 0.2000000030
6287  11.901  -64.183  -12.602 0.5000000000
6289  10.176  -64.436  -12.510 0.4000000060
6290  8.869  -64.680  -11.990 0.2000000030
6911  10.388  -63.933  -11.896 0.4000000060
6912  9.461  -64.141  -11.880 0.4000000060
2833  10.874  -71.410  8.109 0.8999999762
2835  8.767  -72.049  8.046 0.8999999762
111129  9.630  -72.036  7.481 0.8999999762
2362  8.168  -72.102  8.908 0.8999999762
2375  7.236  -72.575  7.768 0.8999999762
2853  21.964  -71.588  5.397 0.4000000060
104537  20.712  -72.296  5.424 0.4000000060
99632  19.939  -71.842  5.822 0.4000000060
2393  19.397  -72.465  5.519 0.4000000060
2855  19.157  -71.671  5.436 0.4000000060
2861  18.661  -71.667  4.783 0.4000000060
2872  18.631  -71.621  3.184 0.4000000060
3349  18.715  -70.859  3.720 0.4000000060
102542  18.615  -71.050  4.415 0.4000000060
106789  17.684  -68.042  -6.223 0.8000000119
104742  17.277  -68.189  -3.764 0.6000000238
5058  17.360  -67.400  -4.445 0.6000000238
5065  17.546  -67.575  -5.453 0.8000000119
110965  19.013  -67.830  -9.437 0.8999999762
5102  18.893  -67.623  -10.135 0.8999999762
110381  19.127  -67.603  -8.822 0.8999999762
5682  19.435  -67.044  -9.595 0.8999999762
5708  16.148  -66.312  -12.342 0.8000000119
5106  6.706  -67.490  -10.499 0.1000000015
5114  7.980  -67.389  -11.016 0.1000000015
5707  7.295  -65.660  -11.711 0.1000000015
6291  7.890  -64.945  -11.542 0.2000000030
5706  8.355  -65.578  -11.926 0.1000000015
1876  5.624  -74.589  10.942 0.8999999762
1892  5.187  -74.419  10.265 0.8999999762
2832  11.851  -71.613  8.238 0.8999999762
3288  12.510  -70.351  9.488 0.8999999762
3289  11.943  -70.064  9.315 0.8999999762
3303  11.415  -70.719  8.709 0.8999999762
1507  4.388  -74.638  10.247 0.8999999762
2822  10.366  -70.837  8.933 0.8999999762
2841  10.434  -71.958  7.429 0.8999999762
2834  9.732  -71.539  8.274 0.8999999762
2347  8.507  -71.830  9.553 0.8999999762
102964  8.866  -71.730  8.852 0.8999999762
2363  7.262  -72.370  8.911 0.8999999762
2387  6.900  -72.957  6.854 0.8999999762
3316  19.263  -70.405  5.697 0.4000000060
3317  18.827  -70.789  5.149 0.4000000060
107303  19.108  -70.068  5.373 0.4000000060
3821  19.307  -69.460  5.244 0.3000000119
114555  17.476  -66.680  -4.177 0.6000000238
104051  17.423  -68.071  -2.894 0.5000000000
5072  18.590  -67.181  -7.200 0.6999999881
5669  19.281  -66.918  -8.287 0.8000000119
5681  19.842  -66.014  -10.213 0.8000000119
5101  19.203  -66.758  -10.440 0.8000000119
5694  18.656  -66.365  -10.958 0.8999999762
5695  18.261  -65.731  -11.198 0.8999999762
4534  6.561  -68.058  -9.793 0.1000000015
5699  6.281  -65.466  -11.469 0.1000000015
6279  8.844  -64.190  -11.286 0.3000000119
6917  8.491  -64.457  -11.415 0.3000000119
6278  9.774  -64.114  -11.236 0.4000000060
104874  7.332  -74.769  12.370 0.8000000119
1106  7.151  -76.148  14.119 0.8000000119
1461  7.598  -75.149  12.989 0.8000000119
1487  6.965  -74.416  11.762 0.8000000119
1875  6.569  -74.084  11.137 0.8999999762
1488  6.042  -74.854  11.568 0.8000000119
3780  12.183  -69.589  10.712 0.8999999762
1904  4.881  -73.881  8.831 0.8999999762
3789  11.695  -69.636  9.981 0.8999999762
3275  10.800  -70.099  10.319 0.8999999762
3291  10.121  -70.645  9.865 0.8999999762
3773  11.924  -69.578  11.643 0.8000000119
3267  10.693  -70.391  11.222 0.8000000119
2823  9.361  -71.318  9.432 0.8999999762
1905  4.063  -74.545  9.050 0.8999999762
1913  3.940  -74.301  8.371 0.8999999762
2348  7.795  -72.184  9.620 0.8999999762
1912  4.741  -73.737  7.904 0.8999999762
1924  4.069  -73.953  7.353 0.8999999762
1937  3.901  -73.603  6.684 0.8000000119
104040  3.597  -73.323  7.035 0.8000000119
1935  5.483  -73.336  6.181 0.6999999881
1578  4.319  -74.657  1.793 0.4000000060
1971  4.955  -73.843  3.028 0.5000000000
1972  4.124  -73.417  2.720 0.5000000000
114158  17.430  -66.735  -3.034 0.5000000000
108372  17.339  -67.219  -3.525 0.5000000000
5601  17.638  -66.688  -4.904 0.6000000238
5617  17.886  -66.678  -5.747 0.6000000238
5634  18.374  -66.565  -6.479 0.6000000238
99033  18.832  -65.847  -6.468 0.6000000238
5650  19.078  -66.375  -7.260 0.6000000238
6248  19.541  -65.563  -7.229 0.5000000000
5649  19.736  -66.008  -8.106 0.5000000000
5693  19.348  -65.978  -10.622 0.8000000119
6274  18.983  -65.384  -10.805 0.6999999881
106034  17.475  -65.700  -11.362 0.8000000119
105779  6.140  -67.881  -9.127 0.1000000015
5700  6.104  -66.317  -10.968 0.1000000015
113019  5.792  -67.683  -8.320 0.1000000015
6914  6.750  -64.191  -11.209 0.3000000119
6282  5.496  -65.091  -11.067 0.1000000015
3276  10.119  -70.845  10.892 0.8000000119
2809  9.452  -71.292  10.478 0.8999999762
2810  8.944  -71.866  10.968 0.8999999762
103328  7.082  -72.485  9.754 0.8999999762
1923  4.971  -73.530  7.056 0.8999999762
1936  4.304  -73.642  6.444 0.6999999881
2364  6.370  -72.790  8.448 0.8999999762
1922  6.017  -73.225  6.912 0.8999999762
5584  17.537  -66.365  -3.589 0.5000000000
6205  17.844  -65.956  -4.322 0.5000000000
6222  18.114  -66.064  -5.232 0.5000000000
6861  19.321  -64.797  -5.275 0.4000000060
6221  18.713  -65.542  -5.680 0.5000000000
98269  20.095  -64.682  -7.388 0.4000000060
7470  20.338  -63.764  -7.244 0.4000000060
115183  20.093  -65.325  -7.980 0.6000000238
102749  20.211  -65.395  -8.886 0.6000000238
107494  20.561  -63.890  -9.135 0.6000000238
6901  20.323  -63.779  -9.803 0.6000000238
101203  20.273  -65.377  -9.915 0.6999999881
7479  20.302  -63.016  -9.436 0.6000000238
6908  19.633  -64.646  -10.356 0.6999999881
6909  18.986  -64.676  -10.509 0.6999999881
6903  19.580  -63.930  -10.105 0.6999999881
6262  18.220  -64.678  -10.170 0.6999999881
112659  5.094  -64.554  -10.484 0.1000000015
5692  5.401  -65.750  -10.249 0.1000000015
5077  5.273  -67.354  -6.798 0.1000000015
6257  17.241  -65.247  -9.149 0.6999999881
111907  5.716  -63.879  -10.700 0.2000000030
6281  5.713  -64.492  -11.180 0.1000000015
115127  7.543  -64.309  -10.505 0.4000000060
6913  7.672  -64.309  -11.114 0.3000000119
6270  9.239  -64.457  -10.569 0.4000000060
1472  6.420  -75.110  12.154 0.8000000119
1115  7.842  -75.459  13.664 0.8000000119
815  7.569  -76.414  14.793 0.6999999881
1914  3.501  -74.162  8.674 0.8999999762
1925  3.701  -73.806  7.812 0.8999999762
2336  8.275  -72.176  10.635 0.8999999762
2349  6.591  -72.665  9.261 0.8999999762
6190  17.885  -65.659  -3.444 0.5000000000
6189  18.369  -65.144  -3.978 0.4000000060
6204  18.591  -65.372  -4.799 0.4000000060
6831  18.898  -64.358  -3.631 0.3000000119
7457  19.315  -63.532  -4.079 0.3000000119
7461  19.954  -63.287  -5.719 0.4000000060
6860  19.775  -64.154  -5.823 0.4000000060
107608  20.111  -62.565  -6.351 0.4000000060
97492  20.093  -63.532  -6.432 0.4000000060
8007  20.441  -62.433  -8.185 0.6000000238
8015  19.970  -61.694  -8.977 0.6000000238
8024  18.621  -62.506  -9.229 0.6000000238
8023  19.433  -62.456  -9.406 0.6000000238
7482  19.185  -63.203  -9.582 0.6999999881
6260  4.853  -63.920  -9.306 0.1000000015
5679  4.857  -64.577  -9.510 0.1000000015
5088  5.326  -66.883  -7.788 0.1000000015
110784  5.534  -68.292  -6.459 0.1000000015
7475  18.147  -63.247  -9.172 0.6000000238
6894  17.862  -64.413  -9.200 0.6999999881
107033  6.724  -64.193  -9.030 0.3000000119
6907  5.245  -63.870  -10.307 0.1000000015
6272  4.980  -63.967  -10.200 0.1000000015
6885  16.479  -64.991  -7.784 0.6000000238
6895  17.109  -64.723  -8.487 0.6000000238
5678  7.612  -65.416  -8.643 0.5000000000
6271  7.146  -64.294  -9.778 0.4000000060
111096  8.302  -74.822  13.381 0.8000000119
1506  4.890  -74.754  10.769 0.8999999762
110607  4.516  -74.620  10.858 0.8999999762
1471  7.837  -74.011  12.000 0.8000000119
1508  3.862  -74.518  10.310 0.8999999762
1450  8.637  -74.966  14.040 0.6000000238
1529  3.565  -74.433  9.091 0.8999999762
1903  5.564  -73.640  9.648 0.8999999762
2365  5.565  -73.311  8.409 0.8999999762
107587  7.643  -72.363  10.261 0.8999999762
7462  19.688  -63.674  -4.950 0.4000000060
112677  19.617  -62.636  -4.484 0.4000000060
7456  19.920  -62.270  -5.318 0.4000000060
7466  20.395  -62.840  -7.242 0.4000000060
7999  20.173  -61.716  -7.476 0.4000000060
8656  20.136  -61.738  -8.490 0.5000000000
8662  19.283  -61.472  -8.631 0.6000000238
8016  18.752  -61.999  -9.114 0.6000000238
6892  4.918  -63.814  -8.419 0.3000000119
5661  4.818  -65.279  -8.285 0.1000000015
7476  16.873  -62.804  -9.071 0.6000000238
101310  17.499  -62.230  -9.054 0.6000000238
6896  15.977  -63.830  -8.596 0.6000000238
1489  5.132  -74.924  11.431 0.8000000119
1894  3.335  -74.110  10.675 0.8999999762
1874  7.390  -73.616  11.374 0.8000000119
1891  6.194  -73.598  10.418 0.8999999762
1873  8.160  -73.202  11.648 0.8000000119
2790  9.695  -71.793  12.095 0.8000000119
2327  8.519  -72.489  11.314 0.8000000119
2337  6.970  -72.820  10.347 0.8999999762
8630  18.710  -60.709  -4.396 0.3000000119
7991  19.851  -61.552  -6.284 0.4000000060
8639  19.112  -60.652  -5.214 0.3000000119
8638  19.278  -60.842  -6.183 0.3000000119
115134  19.398  -60.972  -7.770 0.5000000000
8658  18.552  -61.073  -7.859 0.5000000000
6251  4.655  -64.079  -8.444 0.2000000030
5643  4.118  -65.222  -6.761 0.1000000015
5067  4.454  -67.419  -5.514 0.1000000015
5607  3.680  -66.821  -5.012 0.1000000015
8017  16.174  -62.464  -9.102 0.6000000238
8663  18.029  -61.699  -8.721 0.6000000238
6238  4.381  -64.475  -7.558 0.1000000015
6226  3.458  -64.562  -6.286 0.1000000015
5626  3.972  -66.011  -5.885 0.1000000015
6239  3.809  -64.073  -6.965 0.1000000015
1491  4.000  -74.408  11.115 0.8999999762
1907  2.815  -73.659  9.730 0.8999999762
2310  9.723  -72.548  13.174 0.6999999881
2319  8.851  -72.803  12.034 0.8000000119
2318  9.438  -72.361  12.447 0.8000000119
8620  18.264  -60.856  -3.653 0.4000000060
8640  18.189  -60.592  -5.118 0.4000000060
97460  18.545  -60.560  -6.035 0.4000000060
8649  19.015  -60.571  -7.001 0.4000000060
8661  15.919  -61.920  -7.518 0.5000000000
8651  16.821  -61.392  -6.940 0.5000000000
8008  15.770  -62.256  -8.754 0.6000000238
8659  17.451  -61.408  -7.979 0.6000000238
5627  3.112  -65.175  -5.511 0.1000000015
8018  15.148  -62.735  -9.223 0.6000000238
95883  3.903  -63.825  -6.830 0.2000000030
6897  14.679  -63.706  -8.910 0.6000000238
7478  14.794  -63.033  -9.339 0.6000000238
6867  4.496  -63.594  -6.277 0.3000000119
6874  15.348  -65.037  -6.738 0.6000000238
1895  2.806  -73.591  10.426 0.8999999762
97755  17.100  -60.915  -5.066 0.4000000060
8019  14.454  -62.832  -9.228 0.5000000000
6227  2.931  -64.116  -5.751 0.1000000015
6869  3.255  -63.725  -5.595 0.2000000030
2329  2.594  -72.462  11.803 0.8999999762
2320  3.032  -72.692  13.473 0.8000000119
1863  2.905  -73.141  11.954 0.8999999762
2792  2.588  -72.023  12.612 0.8999999762
2799  3.132  -71.012  12.118 0.8999999762
99803  14.733  -62.553  -8.904 0.6000000238
6211  2.472  -63.962  -5.063 0.1000000015
98957  2.527  -64.493  -5.176 0.1000000015
6898  13.790  -63.833  -8.790 0.5000000000
2311  3.054  -72.211  14.000 0.8000000119
1852  3.426  -72.797  14.225 0.8000000119
2782  3.745  -71.543  13.651 0.8000000119
2312  2.768  -71.996  13.426 0.8000000119
1862  3.324  -73.390  12.532 0.8000000119
113369  3.065  -71.700  13.451 0.8000000119
113798  4.202  -70.634  12.247 0.8999999762
6199  1.714  -64.304  -4.069 0.1000000015
6197  4.253  -63.992  -4.194 0.4000000060
6210  3.690  -63.576  -4.858 0.3000000119
2289  4.196  -72.707  15.523 0.8000000119
2301  4.692  -72.182  14.938 0.8000000119
1844  3.709  -72.859  14.901 0.8000000119
2781  5.010  -71.194  13.563 0.8000000119
2762  5.453  -71.594  14.229 0.8000000119
3242  5.654  -70.252  13.255 0.8000000119
3258  5.328  -70.001  12.633 0.8000000119
3243  4.695  -70.722  12.820 0.8000000119
3752  5.347  -69.317  13.270 0.8000000119
6198  3.318  -63.616  -4.037 0.3000000119
6837  2.376  -63.641  -4.008 0.2000000030
2300  6.143  -72.072  14.805 0.8000000119
2288  5.356  -72.665  15.486 0.8000000119
1833  6.322  -73.145  16.047 0.8000000119
96674  6.009  -70.907  13.794 0.8000000119
3743  5.814  -69.224  13.906 0.8000000119
110801  3.968  -64.920  -1.452 0.6000000238
6172  3.266  -63.423  -2.490 0.4000000060
106977  2.441  -63.156  -3.060 0.2000000030
2747  7.564  -71.175  15.513 0.6999999881
2287  6.830  -72.449  15.481 0.8000000119
2275  7.504  -72.330  16.469 0.6999999881
3741  7.119  -70.083  14.643 0.8000000119
2761  6.556  -71.311  14.388 0.8000000119
3228  6.393  -70.050  14.028 0.8000000119
4280  6.028  -68.503  14.358 0.8000000119
4287  5.169  -68.478  13.931 0.6999999881
6171  4.544  -65.274  -0.871 0.6000000238
6174  1.629  -63.356  -2.810 0.1000000015
3214  7.553  -70.585  15.968 0.6999999881
2726  7.461  -71.881  16.918 0.6999999881
3220  7.449  -70.320  15.284 0.6999999881
3742  6.637  -69.311  14.513 0.8000000119
6164  3.406  -63.383  -1.957 0.4000000060
6173  2.346  -62.929  -2.516 0.2000000030
2737  7.171  -70.952  16.677 0.6999999881
115011  5.335  -70.387  17.948 0.6999999881
3734  7.222  -69.348  15.141 0.8000000119
6152  4.593  -64.806  -0.174 0.6999999881
6792  3.670  -63.532  -1.261 0.6000000238
6794  1.804  -62.907  -1.764 0.1000000015
3729  7.349  -69.704  15.801 0.6999999881
4256  6.099  -68.796  17.698 0.6999999881
3193  5.066  -70.034  18.468 0.6999999881
4268  7.205  -68.414  16.177 0.6999999881
100101  7.066  -69.167  16.198 0.6999999881
4269  6.630  -68.874  16.797 0.6999999881
4273  6.892  -68.475  14.826 0.6999999881
6793  2.386  -62.708  -2.034 0.3000000119
4257  6.083  -68.452  18.669 0.6999999881
4801  7.320  -67.720  14.975 0.6999999881
96091  7.425  -67.868  15.666 0.6999999881
5377  6.971  -66.330  13.962 0.8000000119
102148  6.565  -67.502  14.406 0.6999999881
4266  6.936  -68.159  17.088 0.6999999881
4785  6.826  -67.695  19.002 0.6999999881
4247  6.202  -68.170  19.654 0.6999999881
4809  7.590  -66.813  14.634 0.6999999881
7798  2.596  -62.338  12.261 0.3000000119
7407  1.619  -62.247  -0.136 0.2000000030
4794  6.742  -67.910  18.010 0.6999999881
5316  7.122  -66.983  21.615 0.6999999881
4796  7.742  -67.459  16.343 0.6999999881
4793  7.631  -67.331  17.406 0.6999999881
5323  7.733  -66.775  20.203 0.6999999881
4800  7.924  -67.207  15.416 0.6999999881
5361  8.525  -66.665  16.840 0.6999999881
7755  1.841  -62.803  13.820 0.3000000119
7745  2.217  -62.818  14.809 0.3000000119
7945  2.082  -61.286  -0.400 0.3000000119
112808  6.480  -67.176  22.212 0.6999999881
4753  7.040  -67.272  20.829 0.6999999881
101667  7.207  -66.669  22.375 0.6999999881
5344  8.496  -66.440  18.680 0.6999999881
4795  8.605  -66.587  15.922 0.6999999881
5353  9.066  -66.063  17.242 0.6999999881
5354  8.467  -66.589  17.786 0.6999999881
5375  8.582  -65.753  15.074 0.6999999881
5359  8.977  -65.494  16.199 0.6999999881
98011  7.364  -66.347  23.196 0.6999999881
101257  7.760  -66.614  21.015 0.6999999881
5331  9.058  -65.624  18.909 0.6999999881
5332  8.599  -66.230  19.542 0.6999999881
98334  7.858  -66.423  21.782 0.6999999881
5965  9.086  -65.411  17.561 0.6999999881
5343  9.037  -65.876  18.091 0.6999999881
103118  8.424  -66.114  21.235 0.6999999881
6589  8.285  -64.872  15.275 0.6999999881
6584  8.543  -64.856  15.985 0.6999999881
114243  9.272  -65.065  19.109 0.6999999881
5923  9.413  -64.966  20.619 0.6999999881
6575  8.911  -64.907  17.922 0.6999999881
5956  9.163  -65.171  18.417 0.6999999881
5939  9.315  -64.952  19.732 0.6999999881
115124  2.534  -60.533  0.812 0.6000000238
7930  1.714  -60.834  1.061 0.4000000060
110042  9.448  -64.662  22.018 0.6999999881
6524  9.243  -64.625  20.677 0.6999999881
6541  9.051  -64.697  19.653 0.6999999881
7917  1.736  -60.278  1.898 0.5000000000
6495  9.314  -64.486  22.705 0.6999999881
7127  9.398  -64.125  21.997 0.6999999881
7918  1.674  -59.927  2.694 0.4000000060
7156  8.928  -63.829  21.104 0.6999999881
7157  7.970  -63.593  20.714 0.6999999881
9083  1.799  -59.035  4.243 0.6000000238
9068  1.496  -58.890  5.079 0.3000000119
9099  1.776  -59.559  3.139 0.5000000000
8510  1.237  -59.925  4.200 0.3000000119
7141  7.489  -63.080  21.078 0.6999999881
8282  6.653  -61.397  21.149 0.6000000238
7142  6.132  -63.348  21.180 0.6000000238
10150  1.708  -58.007  14.467 0.4000000060
105690  5.722  -62.443  21.278 0.6000000238
10092  2.224  -58.154  18.196 0.2000000030
107421  1.317  -56.885  14.905 0.4000000060
8898  6.195  -60.621  20.998 0.6999999881
11587  2.476  -56.023  17.826 0.3000000119
99092  2.332  -56.831  17.993 0.3000000119
109843  3.374  -55.059  17.486 0.2000000030
11586  3.556  -55.942  17.613 0.1000000015
17069  13.543  -48.700  15.269 0.6000000238
16275  13.225  -49.774  16.217 0.4000000060
13854  2.636  -53.154  16.970 0.4000000060
13089  2.646  -54.173  17.390 0.3000000119
13090  2.067  -54.224  17.722 0.6000000238
17067  15.538  -48.873  15.518 0.6000000238
97616  15.048  -48.817  15.865 0.6000000238
17070  12.614  -48.981  15.247 0.6000000238
14756  3.259  -52.027  13.944 0.3000000119
14669  4.626  -52.707  19.821 0.8000000119
13818  3.635  -53.814  20.389 0.6999999881
14670  3.266  -52.523  19.447 0.6999999881
14671  2.131  -52.786  19.017 0.6999999881
13075  2.049  -54.397  18.533 0.6000000238
12342  2.136  -55.494  18.633 0.6000000238
111858  15.625  -49.053  16.225 0.5000000000
110618  14.767  -49.436  16.573 0.5000000000
16285  12.142  -49.946  16.013 0.5000000000
14687  1.839  -52.456  17.389 0.6000000238
97538  15.033  -48.397  14.972 0.6999999881
17068  14.399  -48.393  15.142 0.6999999881
16336  5.046  -49.269  11.913 0.5000000000
17066  16.334  -49.236  15.179 0.6999999881
17054  15.447  -49.359  16.880 0.4000000060
17041  14.705  -49.903  17.306 0.4000000060
16264  14.099  -50.048  16.908 0.4000000060
96613  16.124  -49.133  16.130 0.6000000238
16278  10.643  -50.255  16.674 0.6000000238
16279  9.799  -49.689  16.319 0.8000000119
96511  17.082  -49.637  15.851 0.6000000238
17074  8.758  -48.387  15.049 0.6000000238
17039  16.540  -49.297  17.743 0.4000000060
16265  13.270  -50.465  17.283 0.5000000000
16277  11.603  -50.615  16.900 0.5000000000
17038  17.367  -49.729  17.668 0.3000000119
17052  16.762  -49.538  16.805 0.6000000238
17051  17.886  -50.057  16.653 0.6000000238
16267  10.907  -50.447  17.410 0.6000000238
17804  7.426  -47.985  15.796 0.6999999881
17036  19.653  -50.131  17.347 0.5000000000
17049  19.559  -49.779  16.452 0.6000000238
97966  17.932  -49.821  15.687 0.6000000238
113202  20.557  -48.864  16.603 0.6000000238
17064  18.605  -49.515  15.079 0.6999999881
17062  20.086  -49.059  15.945 0.6999999881
17110  16.921  -48.231  11.543 0.6999999881
17173  9.315  -49.784  6.482 0.5000000000
105773  14.945  -49.779  18.221 0.4000000060
16253  14.031  -50.290  17.810 0.4000000060
16254  13.143  -50.349  18.117 0.5000000000
16268  10.025  -49.975  17.213 0.6000000238
17042  9.443  -48.713  18.117 0.6999999881
97262  7.895  -48.266  16.944 0.6999999881
107058  7.465  -48.514  17.270 0.8000000119
95045  8.936  -49.091  16.062 0.6999999881
18480  22.029  -46.827  12.158 0.6000000238
112855  20.668  -46.941  10.952 0.6999999881
96078  19.469  -46.872  10.982 0.6999999881
17875  10.305  -48.343  6.429 0.5000000000
100779  9.543  -47.377  6.536 0.5000000000
108812  21.409  -45.978  13.865 0.6999999881
19109  20.902  -46.353  14.410 0.8000000119
20381  22.283  -44.967  13.195 0.8000000119
19727  21.487  -45.215  13.999 0.8000000119
97443  21.028  -44.800  14.571 0.8000000119
18554  10.066  -46.914  6.340 0.5000000000
97055  20.666  -44.855  15.065 0.6999999881
20375  20.827  -44.179  14.793 0.6000000238
111363  20.801  -42.169  15.947 0.5000000000
21099  22.556  -43.480  13.033 0.8000000119
21091  21.241  -43.492  14.353 0.8000000119
23491  22.066  -41.137  13.237 0.8000000119
110141  21.499  -41.415  13.839 0.6999999881
22644  22.682  -41.709  12.899 0.8999999762
22634  21.869  -41.900  13.531 0.8000000119
22635  21.351  -42.003  14.283 0.8000000119
107137  20.946  -42.050  15.162 0.8000000119
21866  23.850  -42.670  12.468 0.8999999762
21090  21.850  -43.518  13.624 0.8000000119
102690  27.071  -42.855  12.186 0.6999999881
19797  8.811  -45.094  7.321 0.8999999762
19210  10.163  -45.990  6.161 0.6000000238
24303  16.885  -39.513  18.672 0.1000000015
22633  24.987  -41.918  13.284 0.8999999762
109588  26.832  -42.520  10.839 0.6000000238
21864  27.095  -42.155  12.411 0.8000000119
19162  8.888  -45.563  11.152 0.5000000000
105811  8.605  -44.955  10.306 0.8000000119
20451  9.564  -44.363  7.869 0.8999999762
19786  9.057  -44.622  9.351 0.8999999762
106219  10.180  -45.483  6.104 0.6999999881
19796  9.805  -44.988  6.379 0.6999999881
96649  10.084  -44.306  6.770 0.6999999881
19811  10.612  -45.167  6.145 0.6999999881
106001  10.433  -44.432  6.384 0.6999999881
20463  10.966  -43.918  6.395 0.6000000238
22641  26.945  -41.691  12.848 0.8000000119
23508  27.239  -41.024  11.994 0.8000000119
19761  9.477  -45.034  10.909 0.6000000238
20441  9.999  -44.495  10.143 0.6000000238
21179  10.923  -43.203  6.455 0.6999999881
23498  27.094  -40.929  12.770 0.8000000119
22660  26.848  -41.206  10.966 0.8000000119
23520  26.866  -40.211  11.384 0.8999999762
22675  25.414  -41.329  9.606 0.8000000119
23532  25.813  -40.434  9.826 0.8000000119
24391  26.442  -39.400  10.966 0.6000000238
24415  23.873  -38.990  8.727 0.5000000000
24403  23.362  -39.748  8.980 0.5000000000
24416  22.874  -38.957  8.722 0.4000000060
20449  10.662  -43.820  8.100 0.8000000119
20440  10.647  -44.040  9.335 0.8999999762
22687  13.281  -41.429  8.508 0.3000000119
20464  10.448  -43.509  6.793 0.6999999881
21165  10.208  -43.235  7.216 0.6999999881
25194  25.735  -38.265  10.433 0.6000000238
25189  26.361  -38.648  11.319 0.6000000238
24402  24.619  -38.876  9.146 0.6000000238
24404  22.391  -39.691  8.986 0.5000000000
20439  11.646  -43.803  9.552 0.5000000000
101405  12.781  -42.192  8.524 0.4000000060
21915  12.569  -43.106  8.701 0.4000000060
21158  11.230  -43.252  8.120 0.6999999881
22688  12.088  -41.279  8.152 0.5000000000
104167  11.512  -42.219  8.135 0.5000000000
112618  12.227  -40.636  8.023 0.6000000238
22695  10.666  -41.279  7.800 0.6000000238
24424  13.107  -39.396  7.863 0.5000000000
25886  25.317  -37.641  10.179 0.5000000000
25195  24.988  -38.049  9.572 0.6999999881
111052  24.162  -38.490  8.670 0.6000000238
25206  24.401  -37.985  8.771 0.6000000238
103994  12.101  -39.470  7.617 0.4000000060
25217  13.759  -38.575  7.701 0.4000000060
100973  11.764  -40.002  7.700 0.5000000000
25904  15.521  -37.723  7.647 0.4000000060
25218  11.570  -38.806  7.291 0.5000000000
96391  14.056  -37.562  7.513 0.5000000000
25906  13.001  -37.903  7.470 0.4000000060
112149  13.936  -36.766  7.377 0.3000000119
30668  20.052  -31.664  10.243 0.1000000015
113071  21.229  -31.039  8.424 0.1000000015
107215  20.759  -30.627  8.090 0.1000000015
30012  17.031  -33.155  5.579 0.2000000030
30014  15.316  -32.677  6.021 0.2000000030
31382  21.477  -30.916  7.675 0.1000000015
31394  21.623  -30.924  6.940 0.1000000015
30728  18.232  -32.028  4.412 0.1000000015
30729  17.298  -31.987  4.733 0.2000000030
30028  17.622  -32.617  5.041 0.2000000030
30029  16.664  -32.285  5.292 0.2000000030
30013  16.157  -32.944  5.766 0.2000000030
30712  15.760  -32.075  5.569 0.2000000030
30714  14.115  -31.115  6.267 0.2000000030
31395  21.376  -30.697  6.281 0.1000000015
30726  20.584  -31.009  4.814 0.1000000015
114711  16.115  -31.706  5.283 0.1000000015
30713  14.916  -31.630  5.866 0.2000000030
31412  20.991  -30.446  5.532 0.1000000015
30730  16.483  -31.325  4.807 0.1000000015
31415  14.517  -29.489  5.629 0.1000000015
30731  15.412  -30.967  5.418 0.2000000030
31397  13.700  -30.026  6.284 0.2000000030
32021  13.594  -29.108  6.137 0.1000000015
32022  12.847  -29.251  6.306 0.1000000015
108254  13.658  -29.454  4.865 0.1000000015
31413  20.652  -30.197  4.860 0.1000000015
30746  18.733  -31.191  3.966 0.1000000015
30745  19.875  -30.489  4.279 0.1000000015
30747  17.569  -31.352  4.217 0.1000000015
107391  16.827  -30.465  4.050 0.1000000015
31414  15.624  -30.035  4.908 0.1000000015
32039  14.619  -28.728  5.258 0.1000000015
2376  6.447  -72.916  7.568 0.8999999762
2374  8.226  -72.475  7.420 0.8999999762
99651  4.167  -63.536  -5.618 0.3000000119
6185  3.487  -63.810  -3.202 0.4000000060
1140  20.120  -75.243  10.429 0.6999999881
616  21.592  -78.158  6.071 0.6999999881
471  21.457  -78.798  4.092 0.8000000119
736  19.336  -78.417  -9.123 0.4000000060
738  15.532  -77.772  -9.765 0.5000000000
10813  2.259  -56.923  18.258 0.4000000060
114235  2.175  -55.792  19.576 0.6000000238
13062  2.723  -53.429  19.895 0.6999999881
13063  2.255  -54.222  19.817 0.6000000238
110986  4.939  -50.569  12.024 0.5000000000
14680  1.811  -52.556  18.171 0.6999999881
104498  21.047  -47.087  12.925 0.6999999881
21853  20.794  -42.752  15.564 0.5000000000
21083  20.828  -43.408  16.022 0.5000000000
109065  23.478  -41.990  12.612 0.8999999762
22632  25.839  -41.920  13.397 0.8999999762
21858  26.178  -42.598  13.295 0.8000000119
22640  27.162  -41.577  12.361 0.8000000119
24378  26.920  -39.096  12.347 0.6999999881
109103  25.984  -38.940  10.498 0.6000000238
25207  23.535  -38.113  8.432 0.5000000000
26654  24.868  -37.345  9.743 0.6000000238
30698  13.691  -31.903  6.493 0.2000000030
30677  20.505  -31.412  9.604 0.1000000015
94879  12.791  -29.348  6.309 0.1000000015
30027  18.672  -32.743  4.750 0.2000000030
6880  4.339  -63.859  -7.522 0.2000000030
19719  20.659  -45.998  14.997 0.8000000119
97692  20.727  -44.995  15.503 0.6000000238
99926  20.730  -43.455  15.138 0.6000000238
96288  12.620  -38.698  7.581 0.4000000060
107782  13.125  -29.435  6.356 0.1000000015
30687  20.554  -31.010  8.919 0.1000000015
380  15.311  -79.260  -8.546 0.3000000119
524  17.854  -79.557  -7.511 0.3000000119
3506  14.622  -70.786  -11.460 0.3000000119
4552  13.422  -68.378  -12.735 0.4000000060
649  22.594  -77.806  3.968 0.6999999881
106545  24.098  -77.089  8.909 0.4000000060
1160  23.088  -75.230  8.760 0.5000000000
112236  24.334  -76.352  4.492 0.4000000060
1205  23.038  -76.094  4.070 0.5000000000
104001  22.247  -75.187  4.168 0.4000000060
1531  26.516  -74.868  6.404 0.3000000119
1548  25.636  -75.157  5.324 0.3000000119
1515  20.897  -74.211  9.437 0.6999999881
111959  24.398  -73.520  5.263 0.2000000030
1942  19.577  -73.351  5.576 0.4000000060
2390  22.484  -72.115  4.912 0.4000000060
2389  23.318  -72.367  5.149 0.4000000060
3855  18.920  -70.299  4.023 0.4000000060
5668  19.855  -66.156  -9.217 0.8000000119
6273  19.742  -65.337  -10.448 0.6999999881
6234  19.480  -65.020  -6.304 0.4000000060
5096  5.488  -66.507  -9.014 0.1000000015
6847  19.033  -64.535  -4.428 0.4000000060
7481  19.870  -63.122  -9.821 0.6000000238
5642  4.801  -65.995  -7.214 0.1000000015
7984  19.484  -61.390  -4.566 0.3000000119
8664  16.854  -61.919  -8.863 0.6000000238
2302  3.915  -72.268  14.937 0.8000000119
2736  7.599  -71.509  16.195 0.6999999881
107186  7.197  -69.002  15.727 0.8000000119
3724  6.151  -69.447  17.220 0.6999999881
3725  5.536  -69.673  17.808 0.6999999881
3716  5.441  -69.226  18.476 0.6999999881
4776  6.959  -67.525  19.978 0.6999999881
4754  6.385  -67.529  21.467 0.6999999881
4784  7.581  -67.149  18.377 0.6999999881
112248  9.151  -65.411  20.447 0.6999999881
7682  7.095  -62.233  21.140 0.6000000238
12357  2.099  -55.252  17.966 0.5000000000
17053  16.038  -49.147  16.927 0.5000000000
17040  15.898  -49.281  17.892 0.4000000060
102139  18.894  -50.245  17.016 0.6000000238
17037  18.392  -50.169  17.698 0.3000000119
18471  21.403  -46.655  13.129 0.6999999881
17821  21.440  -47.041  11.548 0.5000000000
19722  20.884  -45.511  14.685 0.8000000119
114774  22.199  -44.104  13.324 0.8000000119
20382  21.503  -44.327  13.982 0.8000000119
21855  21.042  -42.738  14.698 0.6999999881
111400  22.215  -42.957  13.313 0.8000000119
21867  22.922  -42.648  12.770 0.8999999762
21860  22.239  -42.388  13.263 0.8000000119
21861  21.633  -42.721  13.837 0.8000000119
21109  26.862  -44.117  11.318 0.6000000238
103450  26.943  -43.176  11.212 0.6000000238
22642  24.162  -41.901  12.656 0.8999999762
21110  26.437  -43.952  10.464 0.6000000238
21873  26.375  -42.849  10.259 0.6000000238
22651  27.113  -42.068  11.559 0.6000000238
102134  26.615  -41.991  10.525 0.6999999881
20450  10.004  -43.921  7.380 0.8000000119
22661  26.232  -41.258  10.086 0.6999999881
23521  26.442  -40.631  10.460 0.8000000119
24401  25.924  -39.558  10.091 0.6999999881
99818  24.257  -39.762  9.104 0.6000000238
95072  25.475  -38.888  9.802 0.6999999881
105388  25.154  -39.694  9.523 0.6000000238
107916  10.526  -41.996  7.783 0.5000000000
31396  14.373  -30.294  5.983 0.1000000015
108244  13.945  -29.221  5.892 0.1000000015
31432  17.933  -30.559  3.664 0.1000000015
110130  17.287  -70.669  12.996 0.5000000000
96040  16.296  -70.513  12.567 0.5000000000
3254  15.421  -69.998  12.202 0.5000000000
3239  13.808  -70.062  13.145 0.6999999881
2776  14.642  -70.691  13.361 0.5000000000
411  17.533  -79.011  13.833 0.6000000238
783  10.788  -77.491  18.628 0.3000000119
550  12.557  -78.008  18.444 0.3000000119
781  13.288  -77.533  18.320 0.2000000030
102584  13.514  -76.640  19.132 0.2000000030
789  13.874  -76.579  18.103 0.4000000060
1068  14.180  -75.721  17.905 0.4000000060
1820  15.350  -73.065  16.904 0.4000000060
2744  17.882  -70.919  15.720 0.5000000000
2745  16.857  -71.213  15.750 0.5000000000
2273  15.767  -72.321  16.103 0.5000000000
3224  18.560  -70.673  13.982 0.6000000238
3225  17.626  -70.640  14.030 0.5000000000
2746  15.964  -71.840  15.190 0.5000000000
2274  14.927  -73.064  15.820 0.5000000000
3226  16.873  -70.838  14.284 0.5000000000
110267  15.866  -71.585  14.358 0.5000000000
2775  15.436  -71.288  13.727 0.5000000000
2295  14.425  -72.449  14.571 0.5000000000
3751  13.083  -69.696  12.796 0.6999999881
113847  16.028  -70.944  13.279 0.5000000000
2756  14.590  -71.663  13.966 0.6000000238
2777  13.676  -71.049  13.758 0.6999999881
579  16.957  -78.615  14.076 0.6000000238
3238  15.433  -70.523  12.898 0.5000000000
255  17.760  -80.884  -2.081 0.4000000060
95557  16.905  -81.132  -2.100 0.3000000119
357  17.361  -79.343  -1.253 0.2000000030
494  18.208  -77.913  -1.305 0.1000000015
1247  15.065  -76.958  -0.607 0.1000000015
941  16.591  -76.823  -0.355 0.1000000015
942  15.118  -76.939  -0.161 0.1000000015
112154  9.975  -76.644  18.731 0.2000000030
98282  13.149  -77.241  18.622 0.2000000030
770  13.965  -76.462  19.657 0.2000000030
1057  14.153  -76.180  18.836 0.3000000119
1395  14.731  -75.205  18.654 0.4000000060
1081  14.029  -75.351  16.994 0.5000000000
1069  13.743  -76.354  17.326 0.5000000000
790  13.514  -77.390  17.756 0.4000000060
1048  14.507  -75.960  19.741 0.3000000119
1813  14.861  -73.962  17.243 0.5000000000
2265  16.721  -72.113  17.530 0.5000000000
1812  15.445  -73.560  17.909 0.4000000060
2722  17.421  -71.659  17.315 0.5000000000
2734  17.571  -71.301  16.534 0.5000000000
2735  16.639  -71.736  16.651 0.4000000060
97461  17.103  -78.487  14.897 0.6000000238
821  16.640  -77.477  14.716 0.6000000238
2282  19.122  -72.505  15.216 0.6000000238
2742  19.166  -71.545  15.188 0.6000000238
111226  18.403  -70.763  14.810 0.5000000000
3766  11.728  -69.901  12.527 0.6999999881
1838  18.518  -73.390  14.848 0.6000000238
3240  12.339  -69.942  13.038 0.6999999881
110885  16.883  -75.834  15.277 0.6000000238
1446  17.257  -75.112  14.532 0.6000000238
98569  13.872  -71.927  14.179 0.6000000238
109147  12.294  -70.444  13.542 0.6999999881
578  17.917  -78.815  14.485 0.6000000238
260  18.642  -80.372  -2.082 0.4000000060
369  19.296  -80.004  -2.281 0.4000000060
364  18.569  -79.698  -2.066 0.3000000119
105896  18.992  -77.920  -1.698 0.1000000015
950  14.695  -76.882  -1.421 0.1000000015
1248  14.762  -76.691  -0.433 0.1000000015
698  18.702  -77.090  -1.361 0.1000000015
949  17.522  -76.003  -1.096 0.1000000015
1255  15.554  -76.534  -1.156 0.1000000015
1262  15.874  -76.560  -1.826 0.1000000015
782  11.617  -77.262  18.586 0.2000000030
1060  10.738  -76.302  18.451 0.2000000030
771  13.313  -76.419  19.562 0.2000000030
551  11.708  -78.407  18.487 0.4000000060
549  12.893  -78.283  18.155 0.4000000060
1801  16.072  -73.288  18.589 0.4000000060
2255  16.842  -72.510  18.405 0.5000000000
111449  19.228  -72.113  15.826 0.6000000238
2721  18.330  -71.566  17.134 0.5000000000
3257  11.114  -70.142  11.884 0.6999999881
97009  17.959  -74.127  15.337 0.6000000238
2272  19.210  -72.268  16.520 0.5000000000
2253  18.682  -72.267  18.439 0.5000000000
2296  13.511  -72.492  14.503 0.6000000238
2285  13.913  -73.148  14.901 0.5000000000
3241  11.705  -70.404  13.303 0.6999999881
1431  17.357  -75.051  15.469 0.6000000238
1828  18.562  -73.556  15.681 0.6000000238
98543  19.261  -73.075  16.988 0.5000000000
2757  13.104  -71.726  14.156 0.6999999881
2779  11.117  -71.227  13.602 0.6000000238
2252  19.285  -72.676  18.369 0.5000000000
2759  11.670  -71.684  14.158 0.6999999881
576  17.020  -78.093  15.675 0.6000000238
2297  12.483  -72.306  14.451 0.6999999881
410  18.474  -78.888  13.656 0.6000000238
102183  19.334  -77.277  -1.594 0.1000000015
1609  18.779  -74.781  -1.881 0.1000000015
109471  17.078  -75.682  -1.968 0.1000000015
712  17.437  -77.560  -4.608 0.1000000015
515  17.466  -78.904  -5.862 0.2000000030
509  16.974  -78.294  -5.107 0.1000000015
3024  24.057  -70.745  -10.398 0.6000000238
3671  7.650  -70.106  23.634 0.1000000015
3648  7.943  -69.251  24.730 0.1000000015
4163  8.113  -68.733  26.265 0.1000000015
1377  9.123  -74.507  20.395 0.2000000030
1782  8.934  -73.907  20.903 0.2000000030
1772  8.703  -73.566  21.514 0.2000000030
2670  7.557  -71.289  23.087 0.1000000015
1050  9.525  -75.570  18.947 0.2000000030
1040  9.181  -75.531  20.233 0.2000000030
1367  8.800  -74.341  21.898 0.2000000030
2215  8.215  -72.501  22.069 0.1000000015
99274  12.676  -76.853  18.842 0.2000000030
95945  10.875  -75.391  18.245 0.2000000030
97798  9.405  -76.594  19.621 0.2000000030
1432  14.116  -74.257  16.061 0.5000000000
1082  13.520  -75.900  16.513 0.5000000000
796  13.335  -76.998  16.864 0.5000000000
2284  14.526  -72.989  15.163 0.5000000000
1433  13.665  -74.439  15.695 0.5000000000
1800  16.657  -73.139  19.120 0.5000000000
2254  17.824  -72.204  18.538 0.4000000060
2789  10.291  -71.055  12.036 0.6999999881
1607  20.342  -74.825  -2.325 0.2000000030
1252  19.944  -75.843  -1.630 0.2000000030
1271  18.868  -75.032  -2.874 0.1000000015
102339  17.813  -75.452  -2.640 0.1000000015
959  19.413  -75.571  -3.612 0.2000000030
711  18.347  -77.482  -4.803 0.1000000015
710  19.239  -77.372  -4.979 0.1000000015
724  19.292  -78.469  -6.347 0.1000000015
4179  8.336  -68.678  25.317 0.1000000015
4161  9.474  -67.747  26.626 0.1000000015
2235  8.797  -72.971  20.905 0.2000000030
103749  7.788  -71.870  22.558 0.1000000015
4670  9.050  -67.860  27.352 0.1000000015
107650  8.529  -72.969  21.615 0.1000000015
3163  7.472  -70.816  23.559 0.1000000015
3155  7.305  -70.745  24.393 0.1000000015
1781  9.184  -73.901  20.047 0.2000000030
95347  8.426  -73.570  22.317 0.2000000030
3649  7.656  -69.462  25.552 0.1000000015
95083  8.282  -68.358  27.155 0.1000000015
111451  12.945  -76.159  19.886 0.2000000030
762  13.395  -76.061  20.411 0.2000000030
393  12.675  -78.782  17.730 0.4000000060
1037  14.184  -76.201  20.789 0.3000000119
559  13.143  -78.025  17.105 0.4000000060
1091  13.289  -75.274  15.882 0.5000000000
1830  13.478  -73.833  15.184 0.5000000000
1839  13.092  -73.171  14.768 0.6000000238
2308  11.013  -71.965  14.051 0.6000000238
2780  10.497  -71.315  13.006 0.6000000238
1251  20.569  -75.415  -1.958 0.2000000030
1250  21.385  -75.979  -2.240 0.3000000119
1620  20.196  -74.738  -2.675 0.3000000119
1268  21.462  -75.485  -3.342 0.3000000119
705  24.265  -77.991  -3.835 0.3000000119
100128  22.215  -76.177  -4.121 0.3000000119
977  20.746  -76.981  -5.736 0.3000000119
729  20.458  -77.772  -7.259 0.2000000030
984  20.881  -77.076  -6.681 0.2000000030
4003  22.778  -69.353  -10.878 0.5000000000
4681  10.377  -67.586  26.617 0.1000000015
4669  9.844  -67.685  27.404 0.1000000015
3670  8.080  -69.231  23.839 0.1000000015
98996  9.094  -67.956  25.069 0.1000000015
4659  9.940  -67.874  28.150 0.1000000015
4136  10.474  -69.220  28.960 0.1000000015
3170  7.722  -70.464  22.903 0.1000000015
2216  7.906  -72.890  22.925 0.2000000030
99946  9.330  -67.769  28.004 0.1000000015
4137  9.953  -68.414  28.985 0.1000000015
3607  9.990  -70.430  29.499 0.1000000015
2664  7.223  -71.615  24.005 0.1000000015
1030  9.100  -76.010  21.733 0.2000000030
96700  11.599  -79.051  18.229 0.3000000119
772  9.630  -77.656  19.512 0.3000000119
103953  12.991  -77.423  16.582 0.5000000000
556  12.843  -78.654  17.227 0.4000000060
264  11.439  -79.306  18.008 0.4000000060
797  12.973  -76.381  16.116 0.5000000000
1092  12.480  -75.260  15.597 0.5000000000
1831  12.740  -73.860  15.012 0.5000000000
2298  11.496  -72.466  14.403 0.6000000238
2309  10.404  -72.030  13.560 0.6000000238
2326  9.187  -72.157  11.712 0.6999999881
969  23.065  -76.551  -4.228 0.3000000119
983  21.254  -76.559  -6.978 0.2000000030
4526  23.239  -68.604  -10.544 0.5000000000
2181  11.424  -72.600  27.220 0.1000000015
3124  10.898  -71.579  27.358 0.1000000015
3623  11.284  -70.250  27.270 0.1000000015
4145  11.167  -68.479  27.669 0.1000000015
4667  11.330  -68.248  27.037 0.1000000015
4668  10.721  -67.856  27.425 0.1000000015
4135  11.089  -69.294  28.159 0.1000000015
3614  10.506  -70.068  28.803 0.1000000015
4192  8.526  -68.569  24.473 0.1000000015
3147  7.287  -70.253  25.223 0.1000000015
4146  8.477  -67.957  28.078 0.1000000015
4652  9.150  -67.942  28.795 0.1000000015
4128  9.926  -69.363  29.743 0.1000000015
2205  7.462  -72.236  23.420 0.2000000030
100277  7.701  -68.907  26.959 0.1000000015
4129  9.356  -68.565  29.801 0.1000000015
395  10.918  -79.184  18.379 0.3000000119
1031  8.936  -75.356  22.390 0.2000000030
4138  8.326  -67.955  28.895 0.1000000015
3624  7.077  -69.304  27.320 0.1000000015
805  12.085  -76.195  15.824 0.5000000000
97505  12.496  -77.216  16.279 0.5000000000
1832  11.885  -73.851  14.979 0.6000000238
2317  9.976  -71.828  12.771 0.6000000238
3982  22.469  -69.010  -8.901 0.4000000060
1356  8.126  -74.101  23.486 0.2000000030
763  9.242  -76.811  21.034 0.2000000030
1756  7.533  -73.336  23.908 0.2000000030
2201  7.179  -72.710  24.400 0.2000000030
3156  6.956  -71.159  25.404 0.1000000015
3148  6.882  -70.743  25.942 0.1000000015
561  12.080  -77.982  16.467 0.5000000000
404  12.326  -78.732  16.928 0.4000000060
107036  12.422  -74.422  15.263 0.5000000000
2299  10.728  -72.636  14.172 0.6000000238
3969  22.237  -68.975  -7.942 0.3000000119
110706  22.711  -68.540  -8.356 0.3000000119
4511  23.096  -68.339  -9.378 0.3000000119
4525  23.718  -67.832  -10.175 0.3000000119
270  11.096  -79.346  17.566 0.4000000060
547  9.690  -78.606  19.343 0.4000000060
1022  8.932  -76.426  22.811 0.2000000030
541  9.186  -77.902  21.646 0.4000000060
96754  8.692  -75.791  23.338 0.2000000030
102555  11.443  -78.545  16.743 0.5000000000
396  10.269  -79.166  18.629 0.4000000060
384  9.225  -78.649  20.219 0.4000000060
752  9.079  -77.135  22.239 0.3000000119
106767  7.014  -72.214  24.853 0.2000000030
1343  8.350  -75.188  23.800 0.2000000030
97867  7.689  -74.427  24.384 0.2000000030
2658  6.678  -72.236  25.720 0.1000000015
261  9.595  -79.151  18.972 0.4000000060
381  9.010  -78.397  21.236 0.3000000119
1447  10.991  -73.920  14.903 0.6000000238
537  8.927  -77.770  22.433 0.2000000030
1448  10.174  -74.122  14.684 0.6000000238
1842  10.460  -73.395  14.380 0.6000000238
3109  9.649  -71.774  29.844 0.1000000015
3597  9.538  -70.869  30.307 0.1000000015
4130  8.571  -68.077  29.544 0.1000000015
4120  9.503  -69.554  30.430 0.1000000015
110668  11.202  -75.972  15.767 0.5000000000
798  11.441  -76.901  16.061 0.5000000000
274  10.697  -79.243  17.287 0.5000000000
3137  6.617  -70.699  26.681 0.1000000015
3625  6.370  -69.908  27.734 0.1000000015
1435  11.676  -74.554  15.271 0.6000000238
562  10.476  -78.103  16.472 0.5000000000
1751  7.148  -73.935  25.004 0.2000000030
96960  6.508  -71.587  26.481 0.1000000015
1436  10.741  -74.634  15.199 0.6000000238
799  10.432  -77.123  16.105 0.5000000000
406  9.839  -79.096  17.149 0.5000000000
748  8.498  -76.723  23.501 0.2000000030
1094  10.547  -75.405  15.497 0.5000000000
100162  9.613  -78.478  16.658 0.5000000000
262  8.861  -79.218  19.188 0.4000000060
99801  9.168  -78.971  19.798 0.4000000060
2418  3.388  -72.635  3.155 0.4000000060
2166  10.781  -73.095  28.224 0.1000000015
103504  10.406  -72.799  29.104 0.1000000015
1745  12.663  -74.001  28.053 0.1000000015
4139  7.610  -68.270  28.555 0.1000000015
1752  6.505  -74.027  25.787 0.2000000030
382  8.576  -78.502  21.462 0.3000000119
1344  7.848  -75.377  24.504 0.2000000030
1339  7.229  -74.878  24.942 0.2000000030
400  9.307  -79.133  17.339 0.5000000000
538  8.551  -77.804  22.693 0.3000000119
800  9.566  -77.526  16.151 0.5000000000
1843  9.733  -73.702  14.058 0.6000000238
1860  9.135  -73.014  12.763 0.6000000238
1437  9.877  -74.858  15.058 0.6000000238
390  8.515  -79.071  19.999 0.4000000060
1459  8.977  -74.182  13.565 0.6000000238
3923  17.653  -69.788  -3.352 0.6999999881
2493  19.749  -72.395  -3.821 0.6999999881
543  8.170  -78.297  22.153 0.4000000060
268  8.408  -79.159  18.336 0.4000000060
1095  9.703  -75.695  15.422 0.6000000238
95288  17.321  -69.085  -4.014 0.6999999881
407  8.729  -78.715  16.895 0.5000000000
1104  8.979  -75.319  14.848 0.6000000238
1460  8.263  -74.336  12.764 0.6999999881
1490  4.624  -74.664  11.550 0.6999999881
1475  4.130  -74.327  12.188 0.6999999881
1127  5.389  -75.501  12.789 0.6999999881
1118  4.703  -75.286  13.776 0.6999999881
1474  4.926  -75.061  12.266 0.6999999881
1463  4.518  -74.763  13.065 0.6999999881
1117  5.890  -75.870  13.121 0.6999999881
110904  5.277  -75.939  13.606 0.6999999881
109055  5.873  -76.883  14.891 0.6999999881
811  5.356  -76.861  15.416 0.6999999881
822  5.999  -76.430  13.960 0.6999999881
817  5.345  -76.460  14.546 0.6999999881
1107  4.763  -75.858  14.499 0.6999999881
1451  4.250  -74.791  14.884 0.6999999881
816  6.579  -76.775  14.709 0.6000000238
818  4.746  -76.278  15.354 0.6999999881
114871  4.409  -75.501  15.436 0.6999999881
101895  4.309  -74.711  16.699 0.6999999881
1452  3.841  -73.645  14.712 0.6999999881
1439  3.974  -73.861  15.753 0.6999999881
97491  3.760  -73.757  13.419 0.6999999881
810  6.414  -77.280  15.343 0.6000000238
106515  5.867  -77.233  15.534 0.6999999881
812  4.801  -76.679  16.133 0.6999999881
809  7.152  -77.142  15.282 0.6000000238
554  5.354  -77.302  17.778 0.6000000238
565  6.937  -78.087  16.382 0.6000000238
103626  6.191  -77.936  18.280 0.5000000000
557  5.711  -77.750  17.700 0.6000000238
801  4.904  -76.966  16.703 0.6999999881
1071  5.123  -76.014  17.634 0.6999999881
1411  5.075  -75.243  17.369 0.6999999881
1412  4.430  -75.072  17.042 0.6999999881
573  6.271  -77.632  15.951 0.6000000238
558  5.247  -77.377  17.142 0.6000000238
1072  4.604  -75.804  17.198 0.6999999881
572  6.982  -77.730  15.788 0.6000000238
1834  4.068  -73.296  15.958 0.6999999881
1389  7.080  -74.924  19.472 0.6999999881
1052  7.011  -75.783  19.718 0.6000000238
1051  7.231  -75.484  19.097 0.6000000238
784  6.732  -76.780  18.960 0.6000000238
1070  6.407  -75.761  17.918 0.6999999881
553  6.063  -77.541  18.401 0.6000000238
785  5.834  -76.702  18.194 0.6999999881
1410  6.698  -75.021  17.596 0.6999999881
1421  6.146  -74.490  17.121 0.6999999881
1825  4.271  -73.826  16.366 0.6999999881
2277  4.647  -73.225  16.061 0.6999999881
8909  6.743  -59.714  21.125 0.6000000238
10044  6.170  -58.224  21.416 0.6000000238
9459  6.594  -59.065  21.223 0.6000000238
10726  5.894  -56.900  23.546 0.6000000238
10045  5.499  -57.706  22.695 0.6000000238
10068  6.238  -58.346  20.898 0.6000000238
10749  5.590  -57.145  22.699 0.6000000238
10058  5.813  -57.285  21.729 0.6000000238
9470  6.210  -58.993  20.763 0.6000000238
8910  5.526  -59.898  20.772 0.6000000238
8899  4.046  -60.385  21.321 0.6000000238
11505  5.787  -56.572  21.928 0.6000000238
10057  6.119  -57.790  20.998 0.6000000238
113033  5.921  -56.581  22.842 0.6000000238
9471  5.188  -59.064  20.520 0.6000000238
10763  5.745  -57.136  20.920 0.6000000238
10070  4.329  -57.993  20.354 0.6000000238
11521  5.546  -56.226  21.151 0.6999999881
11535  5.072  -56.626  20.538 0.6999999881
11520  6.007  -55.818  21.894 0.6999999881
12306  6.416  -55.148  21.905 0.6999999881
12307  5.691  -55.427  21.392 0.6999999881
12314  5.008  -55.736  20.780 0.6999999881
100890  4.287  -56.986  20.379 0.6999999881
13049  5.086  -54.826  20.997 0.6999999881
13036  6.006  -54.680  21.421 0.6999999881
13035  7.933  -54.064  21.089 0.6999999881
13804  8.682  -53.736  21.691 0.6999999881
13815  7.495  -53.363  20.433 0.6999999881
14662  8.031  -52.945  20.123 0.6999999881
13827  7.242  -52.685  19.907 0.6999999881
14667  8.080  -52.184  19.775 0.6999999881
15467  8.890  -51.838  20.401 0.6999999881
15466  9.453  -51.395  21.250 0.6000000238
104642  5.387  -52.425  19.594 0.6999999881
15472  8.463  -51.086  19.908 0.6999999881
16246  8.919  -49.780  19.990 0.6000000238
15473  7.777  -51.313  19.417 0.6999999881
16258  9.261  -48.753  19.398 0.6000000238
114466  9.984  -48.696  19.401 0.6000000238
16259  8.413  -49.087  19.171 0.6999999881
16260  7.514  -49.691  18.707 0.6999999881
17031  8.073  -48.783  18.512 0.6999999881
17030  8.832  -48.617  18.588 0.6000000238
16257  10.320  -49.064  18.292 0.5000000000
17043  8.547  -48.557  17.765 0.6000000238
17044  8.098  -48.516  17.918 0.6000000238
13918  22.453  -52.969  11.300 0.1000000015
13954  21.456  -53.015  10.041 0.1000000015
106294  21.640  -52.476  13.422 0.1000000015
13894  22.070  -52.777  12.985 0.1000000015
13953  22.493  -52.707  10.392 0.1000000015
15605  18.149  -51.781  8.527 0.1000000015
14805  22.869  -52.161  9.821 0.1000000015
102621  21.503  -52.031  9.152 0.1000000015
14817  19.703  -52.438  8.781 0.1000000015
15534  18.947  -51.491  13.170 0.1000000015
109378  20.353  -51.125  12.532 0.1000000015
16310  19.481  -50.456  11.097 0.2000000030
15566  18.005  -50.743  10.891 0.3000000119
15568  16.207  -51.040  10.749 0.4000000060
15569  15.266  -51.062  10.805 0.4000000060
16327  13.892  -50.331  10.406 0.4000000060
15532  20.640  -51.601  13.359 0.1000000015
16309  20.397  -50.000  11.303 0.2000000030
15530  22.141  -51.953  12.964 0.1000000015
15548  22.148  -50.976  12.749 0.1000000015
16299  21.592  -50.312  12.432 0.2000000030
14783  22.806  -52.441  11.585 0.1000000015
14767  23.061  -51.738  11.910 0.1000000015
14795  22.971  -52.487  10.903 0.1000000015
15578  23.479  -51.553  10.338 0.1000000015
15589  23.029  -51.521  9.591 0.1000000015
15601  21.501  -51.320  8.867 0.1000000015
15603  19.855  -51.507  8.612 0.1000000015
99416  19.254  -51.033  8.517 0.1000000015
16353  21.913  -50.519  8.774 0.1000000015
16355  19.934  -50.624  8.522 0.1000000015
16323  18.775  -50.069  10.551 0.2000000030
106930  17.916  -49.537  10.502 0.3000000119
16324  16.812  -50.081  10.626 0.4000000060
16325  15.754  -50.290  10.569 0.4000000060
16322  19.696  -48.976  10.411 0.2000000030
17104  23.708  -49.566  12.159 0.1000000015
16307  22.751  -50.523  12.442 0.1000000015
17107  21.448  -48.708  11.581 0.2000000030
16321  20.517  -48.223  10.676 0.2000000030
15572  4.892  -51.136  12.256 0.3000000119
16320  23.872  -50.400  11.375 0.1000000015
15564  23.691  -51.054  10.836 0.1000000015
99892  5.697  -51.128  11.338 0.3000000119
16333  24.021  -50.290  10.659 0.1000000015
15588  23.509  -51.129  9.914 0.1000000015
16351  23.153  -50.126  9.221 0.1000000015
15600  22.491  -51.106  9.143 0.1000000015
17145  22.407  -49.896  8.796 0.1000000015
17146  21.398  -49.717  8.567 0.1000000015
17827  22.859  -48.347  12.365 0.3000000119
17105  23.004  -49.493  12.448 0.1000000015
17106  22.128  -48.583  12.139 0.4000000060
109510  20.515  -47.477  11.862 0.4000000060
17825  24.797  -48.208  11.975 0.1000000015
95811  24.288  -49.102  11.975 0.2000000030
15581  6.311  -50.884  10.636 0.2000000030
17120  24.277  -49.705  11.352 0.1000000015
17135  24.104  -49.800  10.149 0.1000000015
16340  23.622  -50.371  9.746 0.1000000015
17832  24.697  -48.891  11.316 0.1000000015
17130  24.418  -49.582  10.788 0.1000000015
17843  23.623  -48.795  9.264 0.1000000015
101437  22.175  -49.115  8.632 0.1000000015
17849  21.983  -48.282  8.544 0.1000000015
95973  24.273  -48.251  12.360 0.3000000119
17829  20.776  -47.121  11.204 0.5000000000
98660  25.853  -46.974  10.970 0.3000000119
18510  25.334  -47.039  10.138 0.1000000015
18511  24.674  -47.405  9.669 0.2000000030
17836  24.555  -49.042  10.461 0.1000000015
18499  24.889  -47.857  10.156 0.1000000015
18524  23.263  -47.199  8.762 0.1000000015
104579  22.662  -47.755  8.659 0.1000000015
19774  23.379  -45.695  8.666 0.2000000030
18525  21.774  -47.348  8.460 0.1000000015
17837  6.524  -47.324  11.663 0.3000000119
19775  22.217  -45.542  8.486 0.2000000030
20431  20.882  -44.181  8.649 0.2000000030
109600  23.525  -47.999  12.491 0.3000000119
96009  23.301  -47.274  12.431 0.6000000238
95923  24.082  -47.406  12.612 0.6000000238
95520  24.187  -46.482  12.587 0.5000000000
19734  23.811  -45.447  12.428 0.6999999881
19126  25.637  -46.620  12.237 0.5000000000
114686  25.325  -45.657  12.737 0.6999999881
20386  24.703  -44.184  12.854 0.6999999881
19138  26.216  -46.277  11.305 0.4000000060
19157  25.389  -46.254  9.818 0.2000000030
19158  24.688  -46.591  9.411 0.2000000030
19748  26.289  -45.598  10.717 0.3000000119
19756  25.030  -45.649  9.408 0.2000000030
19773  24.275  -45.814  9.008 0.2000000030
103590  25.491  -44.924  9.596 0.2000000030
20410  24.800  -44.911  9.211 0.2000000030
20428  24.039  -45.027  8.854 0.2000000030
21146  24.417  -44.392  9.065 0.2000000030
20429  22.949  -44.819  8.636 0.2000000030
21148  22.644  -43.994  8.770 0.2000000030
21149  21.713  -43.738  8.788 0.2000000030
21125  22.452  -43.257  8.964 0.2000000030
108873  21.702  -43.108  8.979 0.2000000030
21127  19.997  -43.084  8.855 0.2000000030
21097  24.201  -43.466  12.526 0.6999999881
20387  23.856  -44.360  12.406 0.6999999881
20385  26.447  -44.461  12.592 0.5000000000
20380  25.354  -44.362  13.067 0.6999999881
20400  26.109  -44.880  10.216 0.5000000000
21122  25.817  -43.519  9.731 0.4000000060
102223  25.044  -43.176  9.365 0.2000000030
105640  24.330  -43.686  9.111 0.3000000119
21124  23.403  -43.428  8.980 0.3000000119
21891  23.166  -42.633  9.163 0.2000000030
21892  22.237  -42.550  9.163 0.2000000030
108890  21.330  -42.579  9.128 0.3000000119
21893  20.527  -42.653  9.052 0.2000000030
109659  23.319  -41.161  9.318 0.5000000000
23536  21.973  -40.439  9.178 0.4000000060
107994  20.808  -41.866  9.248 0.2000000030
22679  21.519  -41.143  9.278 0.3000000119
22681  19.987  -41.307  9.226 0.2000000030
21894  19.664  -42.289  9.114 0.2000000030
21865  24.596  -42.696  12.906 0.8000000119
21087  26.339  -43.258  13.073 0.6999999881
21859  25.445  -42.662  13.322 0.6999999881
21103  26.955  -43.808  12.132 0.6999999881
21874  25.938  -42.058  9.821 0.5000000000
21890  24.143  -42.826  9.183 0.4000000060
22677  23.887  -41.887  9.262 0.4000000060
108043  9.124  -46.205  11.412 0.4000000060
23533  24.726  -40.612  9.410 0.6000000238
23534  23.774  -40.486  9.184 0.5000000000
19160  11.189  -45.632  11.482 0.2000000030
19161  10.058  -45.768  11.505 0.4000000060
22683  17.830  -41.760  9.044 0.1000000015
19758  12.823  -45.031  11.897 0.1000000015
19759  11.735  -45.061  11.763 0.3000000119
19760  10.593  -45.131  11.415 0.3000000119
24405  21.459  -39.670  8.962 0.4000000060
24406  20.569  -39.696  8.930 0.4000000060
23538  20.222  -40.484  9.130 0.2000000030
109564  18.677  -42.003  9.147 0.1000000015
21134  14.073  -43.969  9.679 0.1000000015
20413  13.533  -44.337  10.375 0.1000000015
24418  20.945  -38.928  8.671 0.4000000060
24407  19.730  -39.780  8.897 0.2000000030
20414  13.057  -44.406  11.131 0.2000000030
24417  21.867  -38.953  8.703 0.3000000119
97045  19.306  -40.633  9.099 0.2000000030
22682  18.543  -41.182  9.101 0.1000000015
99685  16.954  -41.520  8.859 0.1000000015
22684  16.352  -42.049  8.921 0.1000000015
21898  15.280  -42.825  8.996 0.1000000015
21133  14.750  -43.563  9.275 0.1000000015
21900  14.123  -43.491  9.273 0.1000000015
113767  13.337  -44.107  10.508 0.2000000030
24419  20.097  -38.951  8.658 0.3000000119
23539  19.057  -39.862  8.858 0.2000000030
23547  18.560  -39.597  8.686 0.2000000030
20415  11.948  -44.564  11.328 0.4000000060
23540  17.717  -40.875  8.869 0.1000000015
23541  16.762  -40.546  8.566 0.1000000015
102681  16.109  -41.360  8.706 0.1000000015
100345  14.988  -42.130  8.838 0.1000000015
21899  14.431  -42.728  8.931 0.1000000015
21156  13.499  -43.705  9.605 0.2000000030
21157  12.595  -43.655  9.588 0.2000000030
20416  10.959  -44.639  11.178 0.5000000000
23542  15.811  -40.554  8.486 0.3000000119
103350  15.188  -41.275  8.677 0.2000000030
22694  13.696  -42.187  8.702 0.2000000030
21914  13.561  -42.967  8.887 0.2000000030
22686  14.286  -41.616  8.672 0.2000000030
1407  15.006  -74.325  18.041 0.4000000060
105116  14.506  -74.793  17.583 0.4000000060
1821  14.611  -73.732  16.354 0.5000000000
1394  15.455  -74.264  18.870 0.4000000060
1790  16.168  -73.866  19.442 0.4000000060
1047  14.842  -75.863  20.528 0.4000000060
5100  24.228  -67.238  -9.840 0.3000000119
18514  8.182  -46.616  11.464 0.4000000060
96722  16.411  -81.618  -2.022 0.2000000030
98644  16.142  -70.182  11.945 0.6999999881
506  19.763  -79.120  -2.157 0.3000000119
946  20.731  -76.202  -1.835 0.2000000030
697  19.630  -78.006  -1.868 0.3000000119
2293  19.283  -71.871  14.410 0.6000000238
701  23.257  -78.105  -3.140 0.3000000119
1259  21.922  -76.220  -2.779 0.3000000119
954  22.848  -77.061  -3.464 0.3000000119
976  21.298  -76.531  -6.109 0.3000000119
109713  20.857  -77.669  -8.308 0.2000000030
730  20.109  -78.355  -8.213 0.3000000119
15582  5.485  -50.374  11.329 0.3000000119
22631  26.516  -41.855  13.179 0.6999999881
523  19.293  -78.995  -8.066 0.2000000030
16326  14.861  -50.431  10.555 0.4000000060
107938  16.524  -79.047  -5.668 0.1000000015
520  16.996  -79.508  -6.360 0.2000000030
519  17.805  -79.465  -6.658 0.2000000030
110223  18.508  -79.272  -7.988 0.2000000030
95133  21.916  -47.443  11.823 0.5000000000
21098  23.421  -43.454  12.547 0.8000000119
21857  26.728  -42.532  12.859 0.6999999881
23535  22.881  -40.458  9.196 0.5000000000
21096  26.739  -43.264  12.630 0.6999999881
17828  21.383  -47.497  11.325 0.5000000000
20392  26.790  -44.724  11.877 0.6999999881
109255  25.842  -44.294  9.805 0.2000000030
100313  16.103  -72.367  17.003 0.4000000060
2743  18.714  -71.141  15.529 0.5000000000
2754  16.490  -71.201  14.759 0.6000000238
3219  17.324  -70.768  14.963 0.5000000000
2283  15.164  -72.521  15.151 0.5000000000
365  17.918  -80.037  -1.981 0.3000000119
500  18.072  -79.009  -1.628 0.1000000015
1246  16.587  -76.250  -0.865 0.1000000015
692  17.462  -77.511  -0.619 0.1000000015
2708  18.145  -71.814  17.869 0.5000000000
1818  19.110  -72.806  16.135 0.5000000000
2732  19.085  -71.643  16.063 0.5000000000
112026  19.277  -78.477  -1.962 0.1000000015
947  19.269  -76.447  -1.491 0.1000000015
1256  14.489  -76.834  -0.869 0.1000000015
940  17.887  -76.881  -0.943 0.1000000015
948  18.447  -76.146  -1.324 0.1000000015
1254  17.487  -75.582  -1.509 0.1000000015
112377  18.283  -75.518  -1.512 0.1000000015
2720  19.037  -71.774  16.869 0.5000000000
1829  14.186  -73.655  15.549 0.5000000000
1615  18.393  -74.853  -2.045 0.1000000015
1608  19.710  -74.991  -1.793 0.2000000030
1614  19.513  -74.566  -2.052 0.2000000030
961  17.339  -76.257  -3.347 0.1000000015
713  16.472  -77.792  -4.360 0.1000000015
720  17.930  -78.164  -5.318 0.1000000015
973  16.918  -77.052  -3.886 0.1000000015
514  18.415  -78.796  -6.108 0.1000000015
518  18.784  -79.191  -7.096 0.2000000030
1388  9.338  -74.511  19.374 0.2000000030
100348  9.356  -77.530  20.512 0.3000000119
1619  20.937  -74.897  -2.863 0.3000000119
960  18.465  -75.989  -3.635 0.1000000015
972  17.864  -76.830  -4.122 0.1000000015
1280  20.408  -75.776  -3.962 0.2000000030
971  19.523  -76.464  -4.393 0.1000000015
103058  18.676  -76.830  -4.392 0.1000000015
970  20.589  -76.542  -4.843 0.2000000030
718  19.736  -77.744  -5.789 0.1000000015
101626  20.225  -77.350  -5.771 0.3000000119
719  18.870  -78.059  -5.523 0.1000000015
723  19.936  -78.041  -6.555 0.1000000015
517  19.684  -78.534  -7.240 0.2000000030
3638  7.391  -69.437  26.478 0.1000000015
1260  21.485  -75.462  -2.826 0.3000000119
1269  20.803  -75.052  -3.270 0.3000000119
1267  22.111  -76.100  -3.395 0.3000000119
1279  21.470  -75.891  -4.122 0.3000000119
113076  21.045  -76.173  -4.527 0.3000000119
1284  21.452  -76.397  -5.139 0.3000000119
717  20.345  -77.510  -6.283 0.2000000030
10069  5.542  -58.327  20.526 0.6000000238
13936  21.732  -53.304  10.873 0.1000000015
13905  22.235  -53.032  12.277 0.1000000015
100524  21.995  -52.431  9.626 0.1000000015
15531  21.462  -51.474  13.166 0.1000000015
14768  22.546  -52.267  12.408 0.1000000015
14794  23.178  -52.155  10.349 0.1000000015
112988  23.304  -51.799  9.962 0.1000000015
15590  22.303  -51.795  9.335 0.1000000015
15602  20.641  -51.954  8.848 0.1000000015
15550  19.659  -51.148  12.125 0.2000000030
15533  19.843  -51.550  13.394 0.1000000015
15549  20.965  -50.740  12.491 0.1000000015
15567  17.175  -50.815  10.783 0.3000000119
16308  21.076  -49.554  11.654 0.2000000030
108448  22.618  -51.415  12.485 0.1000000015
95353  22.237  -49.826  12.422 0.1000000015
14782  23.358  -51.898  11.019 0.1000000015
15547  23.093  -51.023  12.167 0.1000000015
15565  23.450  -51.087  11.579 0.1000000015
15587  23.701  -50.912  10.327 0.1000000015
16352  22.673  -50.517  9.041 0.1000000015
16354  20.954  -50.549  8.593 0.1000000015
17826  23.685  -48.882  12.367 0.3000000119
108643  23.441  -50.294  12.063 0.1000000015
16306  23.972  -49.828  11.790 0.1000000015
17136  23.675  -49.603  9.524 0.1000000015
17144  23.034  -49.372  8.977 0.1000000015
18479  22.676  -47.368  12.252 0.3000000119
17842  24.201  -49.005  9.813 0.1000000015
17831  25.167  -47.990  11.420 0.2000000030
111364  24.614  -48.501  10.106 0.1000000015
18512  24.281  -48.152  9.553 0.1000000015
17848  22.848  -48.563  8.795 0.1000000015
112632  23.493  -46.818  12.500 0.5000000000
111648  25.180  -47.018  12.350 0.5000000000
18478  24.779  -47.564  12.325 0.5000000000
18489  25.570  -47.374  11.412 0.2000000030
17835  24.928  -48.343  10.715 0.2000000030
19139  25.868  -46.821  11.746 0.5000000000
18523  24.077  -47.334  9.186 0.1000000015
19172  23.790  -46.525  8.877 0.2000000030
19173  22.864  -46.416  8.551 0.1000000015
19174  22.006  -46.495  8.432 0.1000000015
19776  21.339  -45.924  8.438 0.1000000015
101831  21.230  -45.074  8.510 0.2000000030
19128  22.660  -46.582  12.359 0.6000000238
95333  23.217  -46.108  12.432 0.6999999881
19733  24.727  -45.840  12.689 0.5000000000
19127  25.169  -46.408  12.584 0.5000000000
104748  24.841  -45.026  12.870 0.6999999881
99910  25.793  -45.880  12.493 0.6000000238
18477  25.346  -47.389  12.013 0.3000000119
19726  25.777  -44.975  12.834 0.6000000238
19732  26.311  -45.328  12.340 0.6000000238
19739  26.533  -45.520  11.611 0.5000000000
96679  25.873  -46.313  10.460 0.3000000119
19755  25.756  -45.616  9.962 0.3000000119
18515  7.494  -47.260  11.393 0.4000000060
21123  25.143  -44.126  9.356 0.3000000119
21147  23.638  -44.212  8.849 0.2000000030
20430  21.900  -44.539  8.610 0.2000000030
21126  20.895  -43.304  8.874 0.2000000030
21089  25.202  -43.548  13.204 0.6999999881
20378  26.523  -43.778  12.764 0.6999999881
20379  25.973  -43.980  13.140 0.6999999881
21889  24.979  -42.201  9.427 0.4000000060
106577  22.830  -41.872  9.309 0.3000000119
105349  24.068  -41.112  9.307 0.5000000000
106576  21.877  -41.865  9.311 0.3000000119
22678  22.417  -41.160  9.316 0.4000000060
22680  20.761  -41.053  9.235 0.2000000030
23537  21.104  -40.431  9.147 0.3000000119
110302  19.228  -41.484  9.198 0.2000000030
21088  25.858  -43.227  13.311 0.6999999881
22676  24.612  -41.425  9.407 0.4000000060
106176  18.485  -40.344  8.884 0.2000000030
22685  15.661  -42.087  8.866 0.1000000015
21897  16.059  -42.689  8.940 0.1000000015
23548  17.704  -39.861  8.582 0.3000000119
98412  8.103  -82.550  6.846 0.2000000030
110527  7.756  -82.173  6.255 0.2000000030
217  8.480  -81.357  4.746 0.2000000030
1063  23.753  -75.917  18.006 0.4000000060
105958  23.848  -75.834  17.162 0.3000000119
1064  22.848  -76.207  17.684 0.4000000060
775  22.933  -76.335  18.635 0.3000000119
101249  23.326  -75.825  16.765 0.4000000060
1415  22.534  -75.276  16.251 0.4000000060
111307  21.147  -75.881  16.991 0.5000000000
1426  22.872  -74.984  15.433 0.4000000060
1416  21.404  -75.094  16.428 0.5000000000
1077  20.481  -75.489  16.537 0.5000000000
1444  21.075  -74.084  15.020 0.5000000000
1429  20.271  -74.742  15.250 0.5000000000
1088  19.978  -75.276  16.048 0.5000000000
1457  20.545  -74.250  13.149 0.6000000238
1112  20.144  -75.038  13.441 0.5000000000
1101  20.133  -74.897  14.370 0.5000000000
574  18.817  -78.275  14.800 0.5000000000
577  18.953  -78.535  14.042 0.5000000000
1481  20.604  -74.124  11.821 0.6000000238
95893  20.363  -74.609  11.100 0.6000000238
1469  20.375  -74.596  12.607 0.6000000238
100733  20.077  -75.410  12.740 0.5000000000
820  19.438  -77.693  13.847 0.5000000000
1498  20.568  -74.318  10.179 0.6000000238
97805  15.728  -74.664  19.796 0.3000000119
1075  24.084  -75.701  16.214 0.4000000060
776  22.018  -76.772  19.486 0.3000000119
786  21.790  -76.747  18.495 0.4000000060
1087  23.623  -75.632  15.871 0.4000000060
1065  21.482  -76.457  17.652 0.5000000000
1443  22.080  -74.207  14.883 0.4000000060
1846  21.552  -73.870  14.339 0.5000000000
1856  21.421  -73.609  12.743 0.6000000238
114775  19.836  -75.346  15.665 0.5000000000
813  18.584  -77.918  15.765 0.5000000000
575  17.879  -78.441  15.388 0.5000000000
98725  20.829  -73.834  10.914 0.6000000238
1102  19.614  -75.605  15.203 0.5000000000
96899  19.424  -76.863  14.788 0.5000000000
95844  19.116  -76.832  15.875 0.5000000000
115110  20.888  -73.894  10.200 0.6000000238
3416  25.445  -70.139  -3.248 0.5000000000
3417  24.715  -70.432  -3.650 0.6000000238
3443  24.340  -70.402  -5.683 0.6999999881
3945  24.772  -69.907  -6.023 0.6999999881
1038  13.663  -75.948  21.065 0.2000000030
95446  24.303  -75.583  17.536 0.2000000030
1053  24.357  -75.193  18.240 0.2000000030
1385  15.463  -75.385  20.644 0.3000000119
1384  16.222  -74.639  20.579 0.3000000119
1074  24.488  -75.533  16.859 0.3000000119
1054  23.716  -75.632  18.939 0.3000000119
1044  23.579  -75.535  19.970 0.3000000119
101853  23.786  -75.645  14.945 0.4000000060
1456  22.989  -74.636  13.558 0.5000000000
767  20.985  -77.044  20.348 0.4000000060
787  20.532  -77.179  18.400 0.4000000060
1468  22.893  -74.432  12.641 0.4000000060
1103  16.723  -76.938  15.634 0.5000000000
1855  22.252  -73.819  13.095 0.5000000000
98594  22.108  -73.688  12.077 0.6000000238
1078  19.515  -76.585  16.860 0.5000000000
568  17.674  -78.152  16.223 0.5000000000
1090  16.885  -76.220  16.087 0.5000000000
1868  21.544  -73.628  11.161 0.6000000238
1089  19.327  -76.340  16.189 0.5000000000
802  18.214  -77.842  16.686 0.5000000000
1881  21.867  -73.780  10.472 0.6000000238
3398  25.977  -70.974  -1.958 0.5000000000
3405  25.406  -70.728  -2.335 0.5000000000
2936  25.370  -71.539  -1.762 0.5000000000
2935  26.789  -71.169  -2.040 0.5000000000
3921  25.049  -69.902  -4.186 0.5000000000
3932  24.761  -69.924  -5.097 0.6000000238
3944  25.332  -69.716  -5.864 0.6000000238
3457  24.505  -70.312  -6.740 0.6999999881
3957  25.038  -69.806  -6.791 0.6000000238
3968  24.856  -70.131  -7.688 0.6999999881
3470  24.660  -70.590  -8.555 0.5000000000
3481  24.826  -70.561  -9.629 0.5000000000
1017  7.604  -76.156  24.431 0.1000000015
1014  7.107  -75.575  24.764 0.2000000030
749  7.980  -76.798  23.941 0.2000000030
1398  10.516  -74.662  18.168 0.1000000015
1058  12.248  -75.765  18.939 0.1000000015
1397  11.533  -74.698  18.344 0.1000000015
1039  13.192  -75.733  20.738 0.1000000015
1376  12.854  -75.013  20.697 0.1000000015
1029  14.015  -75.907  21.763 0.2000000030
1771  13.651  -74.710  21.962 0.2000000030
1381  23.956  -74.518  19.177 0.2000000030
1364  14.044  -75.427  22.233 0.3000000119
1382  23.714  -74.783  20.119 0.3000000119
1370  23.358  -74.829  21.067 0.3000000119
111537  14.487  -75.647  22.184 0.3000000119
1375  15.671  -75.458  21.741 0.3000000119
1363  15.175  -75.462  22.312 0.3000000119
1374  16.397  -75.050  21.766 0.3000000119
111808  24.659  -75.490  16.218 0.3000000119
1778  16.990  -74.329  21.031 0.3000000119
2243  17.471  -72.775  19.320 0.3000000119
1086  24.077  -75.761  15.378 0.4000000060
1111  23.781  -75.762  13.867 0.4000000060
1033  23.260  -75.472  20.912 0.3000000119
1034  22.343  -75.975  21.456 0.3000000119
1788  17.616  -73.460  20.318 0.3000000119
1099  24.106  -75.804  14.606 0.3000000119
766  22.472  -76.378  20.530 0.3000000119
759  21.313  -76.479  21.131 0.4000000060
1455  23.547  -75.648  12.938 0.4000000060
777  20.723  -77.256  19.372 0.5000000000
768  19.803  -77.248  20.001 0.5000000000
1819  18.621  -73.902  16.571 0.5000000000
1066  20.214  -76.731  17.494 0.5000000000
778  19.540  -77.409  19.165 0.5000000000
803  17.374  -77.718  16.760 0.5000000000
804  16.941  -77.150  16.424 0.5000000000
1430  17.849  -74.574  16.079 0.5000000000
795  17.809  -77.533  17.234 0.5000000000
1080  17.233  -76.747  16.916 0.5000000000
1418  17.307  -75.568  16.353 0.5000000000
1867  22.413  -73.937  11.213 0.6000000238
794  18.437  -77.464  17.274 0.5000000000
1497  22.047  -74.035  9.857 0.5000000000
2934  27.630  -71.648  -2.284 0.4000000060
2925  27.237  -72.448  -1.593 0.5000000000
2926  26.146  -71.985  -1.552 0.5000000000
3403  27.375  -71.001  -2.817 0.4000000060
3920  25.852  -69.770  -4.074 0.5000000000
3931  25.647  -69.695  -4.904 0.5000000000
3943  26.304  -69.834  -5.764 0.5000000000
3956  25.913  -69.728  -6.759 0.5000000000
3967  25.535  -69.868  -7.783 0.4000000060
3480  25.346  -70.146  -8.878 0.5000000000
3490  24.756  -70.352  -10.234 0.3000000119
1748  6.006  -73.942  26.231 0.2000000030
1337  5.997  -74.503  25.717 0.2000000030
750  7.125  -76.689  23.979 0.2000000030
1018  6.556  -76.076  24.432 0.2000000030
539  7.941  -77.798  22.904 0.2000000030
1793  9.342  -73.574  19.351 0.1000000015
97077  9.278  -72.699  19.380 0.1000000015
100379  10.167  -75.503  18.442 0.1000000015
100049  9.620  -73.994  18.751 0.1000000015
1804  9.673  -73.283  18.631 0.1000000015
1408  10.787  -73.790  17.914 0.1000000015
1802  11.543  -73.433  18.108 0.1000000015
1396  12.215  -74.827  19.024 0.1000000015
104791  12.155  -73.891  18.838 0.1000000015
1392  24.336  -74.607  18.452 0.2000000030
1404  24.697  -74.708  17.805 0.2000000030
1387  12.511  -74.453  19.733 0.1000000015
1797  24.276  -74.163  18.556 0.2000000030
2233  13.522  -73.649  21.283 0.2000000030
115054  13.509  -72.765  20.485 0.1000000015
1062  24.767  -75.108  17.408 0.2000000030
1785  23.816  -74.159  19.652 0.2000000030
1770  14.271  -74.794  22.501 0.2000000030
2232  14.163  -72.783  21.230 0.2000000030
1786  23.462  -73.754  20.388 0.2000000030
1764  15.002  -74.691  22.731 0.2000000030
1775  23.232  -74.217  21.169 0.2000000030
1353  15.550  -75.100  22.717 0.3000000119
1085  24.443  -75.601  15.428 0.3000000119
1024  22.852  -75.337  21.517 0.3000000119
1766  22.473  -73.911  21.775 0.3000000119
1352  16.397  -74.783  22.868 0.3000000119
1373  16.960  -74.841  22.341 0.3000000119
1025  22.135  -75.536  21.990 0.3000000119
1758  21.198  -74.270  22.662 0.3000000119
1760  19.500  -74.636  23.277 0.2000000030
2209  19.174  -73.380  22.977 0.3000000119
1769  18.785  -74.410  21.743 0.3000000119
2231  18.329  -73.536  20.650 0.3000000119
96895  18.323  -72.456  19.068 0.4000000060
819  23.963  -75.952  13.018 0.4000000060
1035  21.523  -75.914  21.800 0.3000000119
1021  20.998  -75.293  22.648 0.3000000119
1349  19.358  -75.264  23.298 0.3000000119
2230  19.137  -73.305  20.254 0.4000000060
2241  19.079  -72.727  19.229 0.4000000060
2262  19.227  -72.478  17.354 0.4000000060
1036  20.891  -76.175  21.309 0.5000000000
1027  21.130  -75.636  22.177 0.4000000060
1810  19.389  -73.359  17.900 0.4000000060
1405  19.171  -74.786  18.455 0.5000000000
102694  22.801  -74.325  11.885 0.4000000060
793  18.919  -77.473  17.849 0.5000000000
788  18.238  -77.237  17.889 0.5000000000
1067  18.165  -76.953  18.402 0.5000000000
1406  18.118  -75.981  18.055 0.5000000000
1811  18.854  -74.343  17.502 0.5000000000
1480  23.143  -74.968  11.313 0.4000000060
1079  17.704  -76.893  17.728 0.5000000000
1417  17.802  -75.458  17.077 0.5000000000
1496  22.730  -74.505  10.368 0.4000000060
1984  29.575  -73.603  0.909 0.2000000030
2435  29.851  -73.624  1.736 0.1000000015
2423  29.454  -73.152  2.167 0.1000000015
1991  30.224  -73.615  0.618 0.1000000015
2436  29.310  -73.496  1.153 0.2000000030
2892  28.810  -72.679  1.484 0.2000000030
98939  30.083  -73.718  -0.103 0.2000000030
103035  29.254  -74.069  -0.720 0.3000000119
2011  28.471  -74.301  -0.269 0.2000000030
1994  27.848  -74.377  0.001 0.3000000119
109052  29.388  -73.624  -1.417 0.2000000030
2469  28.123  -73.493  -1.303 0.4000000060
2012  27.152  -74.357  -0.121 0.4000000060
2480  29.460  -72.891  -2.645 0.2000000030
2942  28.432  -71.989  -2.995 0.3000000119
3414  27.141  -70.405  -3.576 0.5000000000
2943  27.953  -71.350  -3.787 0.3000000119
3427  27.643  -70.851  -4.458 0.3000000119
5094  23.776  -67.561  -9.154 0.2000000030
3428  26.818  -70.049  -4.675 0.4000000060
101020  23.358  -68.849  -10.902 0.4000000060
3469  26.312  -70.073  -8.672 0.5000000000
3489  25.592  -70.024  -9.764 0.3000000119
3996  25.248  -69.868  -10.238 0.3000000119
3479  26.525  -70.042  -9.284 0.3000000119
3488  26.453  -69.917  -9.420 0.3000000119
2561  13.040  -72.285  -11.517 0.2000000030
3995  25.878  -69.594  -9.962 0.3000000119
2079  14.499  -73.616  -8.723 0.4000000060
2080  13.375  -73.847  -8.979 0.3000000119
1746  5.672  -73.363  26.721 0.2000000030
1340  6.425  -75.170  25.114 0.2000000030
1338  5.265  -74.352  25.615 0.2000000030
751  6.188  -76.424  23.684 0.2000000030
1341  5.565  -74.975  25.129 0.2000000030
2246  8.741  -72.122  20.604 0.1000000015
546  7.470  -78.297  21.416 0.2000000030
540  7.260  -77.623  22.876 0.2000000030
102702  9.039  -71.989  19.872 0.1000000015
2257  9.743  -72.465  18.500 0.1000000015
1803  10.282  -73.104  18.018 0.1000000015
102864  10.374  -72.117  17.893 0.1000000015
2267  10.919  -72.867  17.731 0.1000000015
2724  11.170  -71.966  17.603 0.1000000015
2256  11.596  -72.635  17.896 0.1000000015
1792  12.646  -73.503  19.642 0.1000000015
2245  12.310  -72.738  18.638 0.1000000015
2710  12.505  -71.780  18.235 0.1000000015
1791  13.054  -73.481  20.501 0.1000000015
2700  12.903  -72.097  19.012 0.1000000015
3200  12.680  -70.942  17.708 0.1000000015
2699  13.499  -71.944  19.659 0.2000000030
2709  13.184  -71.442  18.678 0.1000000015
113815  13.974  -72.148  20.423 0.2000000030
2698  14.279  -71.481  19.935 0.1000000015
2227  22.720  -73.208  20.935 0.2000000030
106540  14.600  -74.097  22.534 0.2000000030
2693  14.641  -71.844  20.742 0.2000000030
2228  21.959  -72.411  20.982 0.2000000030
2222  15.517  -72.735  22.292 0.2000000030
2685  15.071  -72.280  21.500 0.2000000030
2218  22.069  -73.141  21.533 0.2000000030
107097  21.685  -73.659  22.170 0.1000000015
2673  17.890  -72.157  22.591 0.2000000030
2674  17.081  -72.173  22.615 0.2000000030
2212  16.775  -73.134  22.991 0.2000000030
2208  20.046  -73.517  22.859 0.1000000015
2672  18.752  -72.262  22.485 0.1000000015
1754  17.949  -74.314  23.241 0.3000000119
1350  18.035  -74.769  22.949 0.3000000119
111725  18.854  -75.186  23.255 0.3000000119
1776  20.043  -74.164  20.747 0.4000000060
2229  19.603  -73.329  19.719 0.4000000060
769  19.513  -77.006  20.114 0.5000000000
1371  20.831  -75.719  21.716 0.5000000000
1787  20.030  -73.884  19.678 0.5000000000
2240  19.554  -73.137  19.102 0.4000000060
1046  19.245  -76.805  19.856 0.5000000000
108596  20.196  -75.038  19.973 0.5000000000
96780  19.814  -74.430  19.217 0.5000000000
1799  19.640  -73.541  18.785 0.5000000000
1130  23.662  -76.079  11.572 0.4000000060
104228  18.686  -77.231  18.708 0.5000000000
1055  18.660  -76.944  19.123 0.5000000000
1056  18.493  -76.356  18.662 0.5000000000
2870  30.076  -72.209  3.525 0.1000000015
3344  29.320  -71.337  3.530 0.1000000015
2871  29.016  -71.833  3.319 0.1000000015
2408  30.822  -72.600  3.443 0.1000000015
2422  30.023  -73.317  2.480 0.1000000015
2879  29.583  -72.589  2.931 0.1000000015
2880  28.931  -72.251  2.654 0.1000000015
1973  30.456  -73.693  1.971 0.1000000015
1982  30.656  -73.573  1.271 0.1000000015
2881  28.385  -71.736  1.598 0.2000000030
112168  28.415  -73.289  0.566 0.2000000030
2906  27.720  -72.346  0.523 0.3000000119
2449  27.399  -73.974  0.195 0.4000000060
2009  29.941  -73.641  -0.879 0.3000000119
1995  26.969  -74.309  0.001 0.4000000060
2450  26.555  -73.561  0.359 0.4000000060
2479  29.742  -73.204  -1.909 0.2000000030
3441  27.793  -71.084  -5.444 0.4000000060
5082  23.221  -68.028  -8.265 0.2000000030
2970  28.476  -71.574  -6.051 0.2000000030
3442  27.208  -70.459  -5.960 0.2000000030
4498  22.657  -68.438  -7.540 0.2000000030
102368  27.577  -70.904  -7.058 0.2000000030
108505  26.792  -70.131  -6.664 0.4000000060
3468  27.416  -70.483  -8.776 0.4000000060
5108  24.322  -67.722  -10.452 0.3000000119
99990  27.941  -70.872  -8.627 0.2000000030
4001  25.032  -69.041  -10.502 0.3000000119
3487  27.376  -70.253  -9.101 0.2000000030
3994  26.808  -69.750  -9.498 0.2000000030
1659  12.826  -74.912  -8.822 0.3000000119
1750  4.837  -73.694  26.137 0.2000000030
1747  5.091  -73.315  26.769 0.2000000030
1753  4.537  -73.847  25.008 0.3000000119
1019  5.589  -75.860  23.868 0.3000000119
1342  4.935  -74.652  24.934 0.2000000030
96712  6.839  -77.829  21.405 0.3000000119
758  5.890  -76.642  21.778 0.3000000119
1032  5.494  -76.109  22.722 0.3000000119
391  7.806  -78.936  19.887 0.3000000119
387  7.604  -78.600  20.613 0.3000000119
98993  6.360  -77.265  21.359 0.4000000060
2713  9.539  -71.155  18.816 0.1000000015
397  7.514  -78.737  18.766 0.3000000119
401  8.498  -78.997  17.404 0.4000000060
402  7.463  -78.723  17.673 0.4000000060
2712  10.094  -71.212  18.040 0.1000000015
3208  10.441  -70.506  17.671 0.1000000015
3714  10.238  -69.771  17.925 0.1000000015
570  8.764  -77.048  15.776 0.4000000060
3207  11.115  -70.718  17.289 0.1000000015
2723  11.793  -71.317  17.479 0.1000000015
3723  10.908  -69.701  17.215 0.1000000015
3206  11.920  -70.139  16.956 0.1000000015
3205  12.992  -70.028  17.202 0.1000000015
3199  13.509  -70.650  18.151 0.1000000015
3190  13.882  -71.095  19.102 0.1000000015
3184  15.103  -71.096  20.248 0.2000000030
3177  16.294  -71.001  21.417 0.2000000030
2684  15.886  -71.835  21.815 0.2000000030
2692  15.461  -71.406  21.090 0.2000000030
2680  20.043  -71.825  21.604 0.1000000015
3175  17.786  -70.629  21.563 0.1000000015
2682  17.450  -71.412  22.041 0.2000000030
2219  21.303  -72.704  21.665 0.2000000030
2221  19.621  -72.461  22.328 0.1000000015
2681  18.257  -71.394  21.948 0.1000000015
4394  31.233  -68.009  2.688 0.1000000015
4376  31.781  -68.986  3.250 0.1000000015
4377  30.791  -68.956  3.006 0.1000000015
115037  29.961  -69.010  3.088 0.1000000015
3848  31.369  -69.845  3.556 0.1000000015
3849  30.337  -69.764  3.407 0.1000000015
104754  29.334  -69.570  3.422 0.1000000015
105492  32.119  -70.977  4.051 0.1000000015
3342  31.720  -71.878  4.122 0.1000000015
3343  30.525  -71.591  3.799 0.1000000015
106961  29.783  -70.590  3.621 0.1000000015
3850  28.515  -70.230  3.552 0.1000000015
2407  31.228  -72.291  3.814 0.1000000015
3345  28.546  -71.070  3.431 0.1000000015
98639  31.618  -72.858  2.740 0.1000000015
111464  28.157  -71.194  3.023 0.1000000015
3371  27.790  -70.997  1.355 0.1000000015
2447  31.169  -73.258  1.331 0.1000000015
2448  30.658  -73.365  0.386 0.1000000015
2905  31.071  -72.958  0.480 0.1000000015
2917  30.743  -72.991  -0.549 0.1000000015
3381  27.411  -71.061  0.768 0.3000000119
2907  26.830  -71.574  0.551 0.4000000060
2908  25.944  -72.467  0.557 0.4000000060
2467  30.145  -73.113  -1.797 0.1000000015
2489  30.104  -72.405  -3.720 0.1000000015
100123  28.822  -72.051  -4.035 0.2000000030
2956  29.450  -72.093  -4.478 0.1000000015
2957  28.505  -71.712  -4.928 0.2000000030
4490  22.583  -68.367  -6.648 0.3000000119
4491  21.912  -68.761  -6.096 0.3000000119
97696  21.500  -69.567  -6.523 0.4000000060
3970  21.742  -69.534  -7.577 0.3000000119
3455  28.329  -71.486  -7.085 0.2000000030
97209  27.948  -71.390  -6.391 0.2000000030
113409  28.307  -71.420  -7.668 0.1000000015
95444  27.990  -71.281  -8.055 0.2000000030
5680  24.740  -67.006  -9.356 0.2000000030
106817  25.059  -66.990  -9.399 0.2000000030
5098  24.826  -67.633  -10.133 0.2000000030
3993  27.586  -70.004  -9.316 0.1000000015
4523  26.251  -68.891  -9.866 0.2000000030
1658  14.059  -74.501  -8.506 0.4000000060
1308  13.613  -75.462  -8.463 0.4000000060
1003  13.398  -77.138  -8.770 0.2000000030
3113  4.235  -71.244  29.264 0.3000000119
2641  5.360  -72.318  27.860 0.2000000030
2183  4.361  -72.137  28.052 0.2000000030
113964  3.935  -71.270  29.028 0.3000000119
2167  4.620  -71.870  28.401 0.2000000030
2642  3.750  -71.635  27.999 0.3000000119
2197  6.286  -73.390  26.238 0.1000000015
2184  3.955  -72.149  27.525 0.3000000119
2653  3.545  -71.553  27.131 0.3000000119
2203  4.078  -72.936  25.679 0.3000000119
1346  4.491  -74.472  23.278 0.4000000060
1757  4.163  -73.525  23.623 0.4000000060
111670  5.260  -75.802  21.712 0.3000000119
548  6.692  -77.915  19.157 0.4000000060
764  6.618  -77.466  20.637 0.4000000060
392  7.210  -78.410  19.582 0.4000000060
408  7.700  -78.550  16.886 0.4000000060
403  6.470  -78.254  17.719 0.5000000000
571  7.857  -77.498  15.789 0.5000000000
4254  11.106  -68.017  17.754 0.1000000015
3189  14.695  -70.711  19.418 0.2000000030
3183  15.875  -70.599  20.696 0.2000000030
3176  17.055  -70.723  21.595 0.1000000015
4393  32.309  -68.246  2.991 0.1000000015
4937  31.969  -67.326  2.543 0.1000000015
3847  32.437  -70.035  3.868 0.1000000015
2869  32.069  -72.358  4.008 0.1000000015
2868  32.345  -72.281  3.546 0.1000000015
102501  28.023  -70.560  3.473 0.1000000015
3346  27.529  -70.196  3.340 0.1000000015
3360  27.309  -70.374  2.642 0.1000000015
3895  23.759  -69.968  0.779 0.3000000119
3373  22.847  -70.070  1.093 0.3000000119
3386  22.328  -70.723  0.988 0.3000000119
3372  27.036  -70.244  1.213 0.4000000060
3383  25.061  -70.440  0.521 0.3000000119
3384  24.275  -70.639  0.558 0.3000000119
2910  24.158  -71.625  0.558 0.4000000060
3385  23.325  -70.931  0.665 0.4000000060
2466  30.500  -72.945  -1.444 0.1000000015
2478  30.577  -72.575  -2.486 0.1000000015
3882  26.238  -69.691  1.257 0.3000000119
3382  26.555  -70.383  0.721 0.4000000060
3893  25.548  -69.843  0.700 0.3000000119
98746  25.863  -70.871  0.505 0.4000000060
2488  30.555  -72.311  -3.333 0.1000000015
3946  21.413  -69.334  -5.479 0.3000000119
2941  30.308  -71.840  -4.220 0.1000000015
5071  23.207  -67.974  -7.326 0.3000000119
4482  22.513  -68.173  -5.638 0.3000000119
95816  29.663  -71.703  -4.992 0.1000000015
2969  28.999  -71.798  -5.466 0.1000000015
5070  23.746  -67.576  -7.179 0.2000000030
107152  21.171  -70.189  -5.629 0.4000000060
2973  21.217  -70.604  -6.406 0.5000000000
3454  28.721  -71.378  -7.227 0.1000000015
5081  23.804  -67.492  -8.125 0.2000000030
3466  29.331  -70.744  -7.673 0.1000000015
3981  29.091  -69.991  -8.505 0.1000000015
3966  28.975  -70.515  -8.281 0.1000000015
3478  28.258  -70.434  -8.887 0.1000000015
109447  26.470  -68.050  -9.590 0.2000000030
3992  27.987  -69.757  -9.294 0.1000000015
4522  27.224  -69.135  -9.501 0.1000000015
1295  14.584  -76.210  -7.461 0.5000000000
1649  14.503  -75.145  -7.949 0.5000000000
996  13.214  -76.494  -8.685 0.2000000030
1301  14.127  -75.944  -8.038 0.4000000060
531  15.191  -78.251  -9.702 0.3000000119
3114  3.718  -70.711  29.321 0.3000000119
2652  5.534  -72.800  27.321 0.2000000030
3126  5.268  -71.776  28.307 0.2000000030
2627  3.613  -70.963  28.486 0.3000000119
2659  3.490  -71.467  26.270 0.3000000119
2206  3.921  -72.906  24.425 0.4000000060
2198  3.586  -71.889  25.576 0.3000000119
1765  4.172  -73.733  22.432 0.4000000060
105696  3.816  -72.603  23.508 0.4000000060
1368  4.898  -75.180  21.297 0.5000000000
1369  4.551  -74.734  21.479 0.5000000000
774  6.809  -76.749  19.763 0.5000000000
1096  8.893  -76.154  15.381 0.5000000000
808  8.098  -76.699  15.319 0.5000000000
1449  9.397  -74.485  14.383 0.5000000000
2854  21.031  -71.633  5.577 0.3000000119
4378  29.340  -68.592  3.250 0.1000000015
104338  33.249  -71.126  4.189 0.1000000015
104615  21.880  -69.348  2.362 0.3000000119
3886  22.437  -69.666  1.750 0.3000000119
3376  19.827  -70.939  1.971 0.3000000119
2882  19.287  -71.179  2.243 0.3000000119
3868  22.740  -69.075  2.232 0.3000000119
3374  21.643  -70.561  1.410 0.3000000119
2894  21.044  -70.957  1.405 0.3000000119
3375  20.509  -70.665  1.871 0.3000000119
2437  20.164  -72.057  1.027 0.3000000119
3894  24.615  -69.858  0.680 0.3000000119
2912  21.693  -71.219  0.996 0.3000000119
2913  20.979  -71.637  1.022 0.3000000119
2453  20.988  -72.414  0.709 0.3000000119
2933  30.948  -72.269  -3.034 0.1000000015
3883  25.351  -69.341  1.472 0.3000000119
3419  19.196  -70.942  -3.133 0.6000000238
106422  23.689  -67.625  -6.372 0.3000000119
3444  20.863  -70.915  -4.825 0.5000000000
740  13.536  -77.627  -8.856 0.3000000119
3601  3.748  -70.071  30.828 0.2000000030
4126  3.390  -69.370  31.266 0.2000000030
3609  4.001  -70.830  30.541 0.2000000030
3600  4.068  -70.330  31.028 0.3000000119
4646  3.260  -68.560  31.678 0.2000000030
3112  4.693  -71.324  29.011 0.2000000030
3610  3.504  -69.986  29.899 0.3000000119
106011  3.393  -70.173  28.566 0.3000000119
106837  3.335  -70.099  27.813 0.3000000119
103552  3.487  -70.783  25.438 0.4000000060
98613  3.398  -70.735  26.534 0.3000000119
2207  3.626  -72.044  23.981 0.4000000060
2666  3.516  -71.410  24.616 0.4000000060
112025  3.872  -72.677  22.573 0.4000000060
2217  3.636  -71.841  23.084 0.4000000060
1380  4.653  -74.418  20.960 0.5000000000
1773  4.295  -73.927  21.393 0.5000000000
1794  6.639  -74.053  19.355 0.6000000238
1400  7.306  -74.967  18.630 0.6000000238
2846  21.302  -71.093  6.077 0.3000000119
2847  20.264  -71.097  6.083 0.3000000119
2848  19.456  -71.054  5.783 0.3000000119
3362  19.514  -70.612  2.556 0.3000000119
2883  18.866  -71.745  2.322 0.3000000119
98848  21.209  -69.586  2.490 0.3000000119
111850  20.090  -70.435  2.286 0.3000000119
3871  19.939  -70.014  2.785 0.3000000119
3869  21.578  -69.967  1.947 0.3000000119
109113  21.091  -70.423  1.797 0.3000000119
110025  3.652  -67.289  32.730 0.2000000030
4639  3.448  -68.324  32.564 0.2000000030
4102  3.733  -68.940  33.170 0.1000000015
4116  3.595  -69.330  32.229 0.1000000015
4654  3.200  -68.461  30.717 0.2000000030
3616  4.773  -70.497  29.655 0.2000000030
96151  3.253  -68.590  29.832 0.2000000030
96985  3.423  -69.981  26.886 0.3000000119
104816  3.370  -68.882  28.451 0.2000000030
2671  3.509  -71.185  23.664 0.4000000060
98759  4.140  -72.912  21.017 0.6000000238
2677  3.719  -71.621  22.160 0.4000000060
101621  5.082  -73.454  19.878 0.6000000238
1784  4.516  -73.441  20.483 0.6000000238
2226  3.918  -72.311  21.575 0.6000000238
2687  3.910  -71.466  21.244 0.5000000000
1401  7.210  -74.340  18.828 0.6000000238
1409  7.255  -74.980  18.036 0.6000000238
3313  19.736  -70.452  6.200 0.3000000119
3832  19.470  -69.383  4.468 0.3000000119
4385  20.652  -68.940  3.521 0.3000000119
3854  19.826  -69.508  3.590 0.3000000119
3348  19.240  -70.287  3.351 0.3000000119
3870  20.589  -69.504  2.910 0.3000000119
101689  17.479  -68.958  -3.023 0.6000000238
5203  4.422  -67.196  33.831 0.1000000015
5216  3.761  -66.311  32.368 0.2000000030
110227  4.200  -68.899  33.866 0.1000000015
4087  3.859  -68.570  33.592 0.1000000015
4653  3.933  -67.337  30.507 0.2000000030
4125  5.298  -68.892  31.425 0.1000000015
3599  4.244  -70.032  31.158 0.2000000030
3587  4.194  -69.559  32.365 0.1000000015
3608  5.895  -69.262  29.390 0.1000000015
114523  3.904  -70.046  31.578 0.2000000030
3588  3.875  -69.747  32.057 0.2000000030
106478  3.736  -68.385  27.923 0.2000000030
95879  3.752  -67.765  29.798 0.2000000030
3149  3.542  -69.920  25.900 0.3000000119
4164  3.848  -68.741  26.669 0.2000000030
4149  3.602  -68.824  27.566 0.2000000030
96088  3.656  -69.852  24.868 0.4000000060
4180  4.053  -68.575  25.643 0.3000000119
2688  3.763  -70.574  21.842 0.6000000238
3171  3.592  -69.987  22.806 0.4000000060
2695  4.149  -71.525  20.311 0.6000000238
1796  4.790  -72.795  19.729 0.6000000238
1806  7.070  -73.599  18.610 0.6000000238
1795  5.839  -73.216  19.232 0.6000000238
1805  7.334  -73.144  17.827 0.6000000238
1815  7.201  -74.291  17.523 0.6000000238
1814  7.351  -73.463  17.317 0.6000000238
112943  4.319  -66.635  33.371 0.2000000030
5223  3.972  -66.939  31.029 0.2000000030
4661  4.537  -67.350  29.064 0.2000000030
4672  3.952  -68.395  27.031 0.2000000030
4671  4.340  -67.840  27.507 0.2000000030
4207  3.884  -68.801  23.878 0.3000000119
4717  4.185  -68.181  24.874 0.3000000119
4683  4.441  -67.826  26.540 0.3000000119
3678  3.916  -69.504  22.031 0.5000000000
4206  4.058  -68.411  23.360 0.5000000000
3687  4.062  -69.993  21.183 0.5000000000
2248  4.508  -71.982  19.601 0.6000000238
2704  4.451  -71.210  19.528 0.6000000238
2247  5.152  -72.313  18.983 0.6000000238
2703  4.762  -71.525  18.977 0.6000000238
108662  4.648  -71.053  19.031 0.6000000238
2258  6.523  -72.551  18.409 0.6000000238
2715  5.479  -71.657  18.435 0.6000000238
2269  7.165  -72.259  17.598 0.6000000238
2268  7.503  -72.720  17.097 0.6000000238
5803  3.925  -65.720  32.455 0.2000000030
6395  3.789  -65.012  31.784 0.2000000030
5830  4.131  -66.137  30.552 0.2000000030
6396  3.521  -64.821  31.108 0.2000000030
114742  4.671  -66.111  29.677 0.2000000030
5240  4.995  -66.470  29.081 0.2000000030
105618  5.073  -67.281  27.311 0.2000000030
115331  4.346  -67.917  23.608 0.4000000060
4731  4.462  -67.689  24.001 0.3000000119
4699  5.001  -67.425  25.183 0.3000000119
4682  5.448  -67.105  26.720 0.3000000119
114572  4.285  -69.439  21.314 0.6000000238
97036  4.151  -68.708  22.562 0.6000000238
4730  5.055  -67.462  23.477 0.4000000060
4715  4.991  -67.356  24.339 0.4000000060
5263  5.903  -66.849  26.018 0.3000000119
3707  4.523  -69.950  19.962 0.6000000238
4238  4.763  -69.072  21.003 0.6000000238
97334  5.061  -68.603  21.412 0.6000000238
3706  4.992  -69.604  19.271 0.6000000238
3697  5.015  -69.158  20.157 0.6000000238
3194  4.660  -70.493  19.250 0.6000000238
2714  6.307  -71.748  17.962 0.6000000238
95684  9.049  -60.674  -8.218 0.5000000000
8655  8.779  -61.494  -8.451 0.5000000000
7473  9.955  -62.723  -8.694 0.5000000000
5831  3.513  -64.909  30.510 0.2000000030
5841  3.953  -65.307  29.832 0.2000000030
115194  5.058  -65.623  28.570 0.2000000030
5854  5.607  -65.659  27.860 0.3000000119
5248  5.728  -66.443  27.557 0.3000000119
5254  6.526  -66.119  26.463 0.3000000119
95096  5.752  -67.670  22.108 0.6000000238
4741  5.827  -67.299  22.794 0.5000000000
5290  5.817  -66.899  24.051 0.5000000000
4755  5.638  -68.081  21.416 0.6000000238
4248  5.505  -68.837  19.377 0.6000000238
8645  10.218  -60.463  -8.007 0.5000000000
8654  9.904  -61.064  -8.710 0.5000000000
109961  10.600  -60.963  -7.816 0.5000000000
6428  3.533  -64.350  29.510 0.2000000030
5849  3.997  -65.019  28.977 0.2000000030
109774  4.468  -64.893  28.222 0.2000000030
5247  6.208  -65.982  27.125 0.3000000119
5867  6.909  -65.570  25.909 0.4000000060
5860  6.375  -65.594  26.639 0.4000000060
5261  7.358  -65.765  25.153 0.6000000238
5887  8.216  -65.744  23.421 0.6000000238
5315  8.698  -65.714  21.902 0.6000000238
10409  11.798  -59.246  -7.528 0.5000000000
9776  12.218  -59.391  -7.493 0.4000000060
9768  11.367  -60.004  -6.894 0.5000000000
6452  3.816  -64.229  27.657 0.2000000030
6459  5.725  -64.889  26.813 0.2000000030
114101  5.903  -65.430  27.196 0.2000000030
6469  6.275  -64.440  25.583 0.3000000119
6458  6.434  -64.934  26.247 0.3000000119
5874  8.517  -64.877  24.223 0.4000000060
5875  7.977  -65.302  24.705 0.5000000000
7119  8.445  -63.303  23.232 0.5000000000
6484  8.877  -64.271  23.478 0.5000000000
7095  6.335  -63.998  24.904 0.3000000119
7128  9.087  -63.683  22.607 0.6000000238
7139  8.979  -63.420  21.830 0.6000000238
7140  8.406  -63.122  21.398 0.6000000238
7805  3.023  -62.547  11.511 0.2000000030
7744  3.109  -62.189  15.160 0.2000000030
7779  4.752  -61.734  13.124 0.1000000015
8369  4.843  -61.514  15.002 0.1000000015
8387  5.566  -61.374  14.443 0.1000000015
8352  6.208  -61.908  16.169 0.1000000015
8937  3.183  -61.027  18.701 0.2000000030
9509  2.356  -59.142  18.263 0.2000000030
8936  4.233  -60.675  18.431 0.1000000015
9508  3.316  -59.092  17.954 0.2000000030
10105  2.680  -58.489  17.996 0.2000000030
10104  3.556  -58.295  17.881 0.2000000030
13022  9.511  -53.819  23.556 0.5000000000
13004  9.862  -54.006  23.619 0.3000000119
111370  11.051  -53.499  22.602 0.4000000060
13826  18.331  -53.969  19.705 0.1000000015
13030  16.019  -54.282  21.761 0.1000000015
13812  16.379  -53.592  21.651 0.1000000015
101579  15.971  -53.826  21.808 0.1000000015
112921  8.689  -53.987  22.390 0.6000000238
96280  10.008  -53.448  23.414 0.4000000060
13785  11.222  -52.814  22.419 0.4000000060
13786  10.442  -52.919  23.030 0.4000000060
109753  9.039  -53.023  21.241 0.6000000238
95790  12.070  -53.151  21.156 0.1000000015
113931  9.523  -52.445  21.945 0.4000000060
13801  13.825  -53.903  21.144 0.1000000015
13813  12.940  -53.090  20.447 0.1000000015
13799  15.696  -53.445  21.753 0.1000000015
13803  9.444  -52.987  22.404 0.6000000238
14627  10.835  -52.121  22.736 0.4000000060
14628  10.092  -52.315  22.746 0.5000000000
107302  11.158  -51.497  22.544 0.4000000060
14645  9.819  -51.762  22.046 0.4000000060
13797  16.852  -52.811  21.645 0.1000000015
13798  16.211  -53.035  21.807 0.1000000015
14639  15.971  -52.460  21.855 0.1000000015
14642  12.336  -52.148  20.959 0.2000000030
14643  11.494  -52.064  22.157 0.3000000119
14641  13.936  -52.824  20.555 0.1000000015
15444  11.000  -50.799  22.463 0.5000000000
15445  10.129  -50.974  22.034 0.5000000000
15443  11.711  -51.057  22.042 0.5000000000
14657  17.715  -52.556  21.114 0.1000000015
14637  17.329  -52.103  21.654 0.1000000015
15463  12.519  -51.213  20.935 0.4000000060
113575  9.698  -50.599  21.382 0.5000000000
15441  16.115  -51.440  21.806 0.1000000015
14658  14.301  -51.742  20.428 0.1000000015
104901  12.928  -50.668  20.705 0.4000000060
17123  16.356  -49.123  10.911 0.3000000119
17124  15.209  -49.581  10.695 0.4000000060
17109  18.296  -47.893  10.482 0.4000000060
17122  17.255  -48.588  10.578 0.4000000060
17213  9.987  -49.066  3.476 0.3000000119
17214  9.286  -49.276  3.086 0.3000000119
16240  9.651  -49.866  20.923 0.5000000000
15464  11.447  -50.008  22.144 0.5000000000
15440  16.782  -51.081  21.776 0.2000000030
15460  15.438  -50.314  21.282 0.2000000030
16236  12.794  -49.337  21.118 0.3000000119
104005  12.185  -49.992  21.576 0.5000000000
16405  7.979  -50.090  4.023 0.4000000060
16419  8.001  -50.434  2.829 0.4000000060
15657  6.293  -52.083  2.979 0.4000000060
17914  10.406  -48.452  2.993 0.3000000119
16420  7.204  -50.869  3.173 0.4000000060
17220  9.653  -49.626  2.237 0.4000000060
16245  9.737  -49.153  20.170 0.5000000000
15439  17.687  -51.362  21.718 0.2000000030
16216  17.580  -50.377  21.684 0.2000000030
16218  15.820  -49.319  21.314 0.2000000030
16238  11.019  -49.276  21.687 0.5000000000
100022  16.174  -50.528  21.619 0.2000000030
16234  14.906  -48.872  21.196 0.3000000119
103500  13.727  -48.552  21.024 0.3000000119
17016  11.829  -48.815  20.079 0.4000000060
17017  10.528  -48.894  19.983 0.4000000060
17215  8.779  -50.019  2.508 0.4000000060
15655  7.506  -51.500  2.207 0.4000000060
14888  6.620  -52.392  2.570 0.4000000060
17921  10.602  -48.546  2.383 0.3000000119
16427  8.377  -51.120  1.917 0.4000000060
16968  17.337  -49.202  21.423 0.2000000030
17754  16.908  -48.196  20.932 0.2000000030
17771  15.062  -47.956  21.080 0.3000000119
16991  15.167  -48.185  21.134 0.3000000119
17024  14.477  -48.752  19.675 0.3000000119
17025  13.864  -49.499  18.750 0.4000000060
16992  14.500  -48.241  21.132 0.3000000119
17014  13.435  -48.580  20.254 0.3000000119
110399  11.696  -50.606  17.675 0.4000000060
17028  10.547  -48.687  19.031 0.4000000060
97508  21.832  -46.235  12.975 0.6000000238
14887  7.108  -52.351  2.053 0.4000000060
15666  8.850  -51.784  1.230 0.4000000060
16426  9.303  -50.636  1.680 0.4000000060
17789  15.938  -47.992  20.637 0.3000000119
17768  17.415  -47.806  20.536 0.1000000015
17023  15.560  -49.077  19.045 0.3000000119
108358  21.860  -45.659  13.406 0.6000000238
16382  10.893  -50.120  5.121 0.4000000060
17181  11.581  -49.751  5.258 0.4000000060
17788  16.960  -47.748  20.126 0.3000000119
17012  15.201  -48.303  20.277 0.3000000119
17787  17.881  -47.777  20.258 0.1000000015
17011  16.154  -48.411  19.630 0.2000000030
17009  18.423  -48.612  19.587 0.1000000015
17021  17.077  -49.090  18.539 0.3000000119
17022  16.367  -49.021  18.684 0.3000000119
115048  19.128  -50.308  17.777 0.4000000060
109742  22.915  -44.204  12.754 0.6999999881
20388  23.183  -44.892  12.563 0.6999999881
16252  19.012  -50.010  18.610 0.2000000030
17803  20.841  -49.173  17.310 0.2000000030
113336  11.026  -48.124  6.298 0.4000000060
19209  10.890  -45.940  6.143 0.4000000060
106805  15.032  -40.383  8.457 0.3000000119
23543  14.519  -40.831  8.546 0.3000000119
23544  13.815  -40.782  8.469 0.3000000119
21178  11.721  -43.129  6.449 0.5000000000
24409  15.546  -39.933  8.334 0.4000000060
24410  14.935  -39.663  8.218 0.4000000060
103203  14.322  -40.169  8.353 0.4000000060
23549  12.449  -40.116  7.908 0.4000000060
23583  12.649  -40.487  6.162 0.4000000060
23582  13.889  -40.539  6.358 0.4000000060
22728  12.093  -41.216  6.226 0.5000000000
22727  13.449  -41.362  6.409 0.4000000060
101403  17.248  -38.917  8.296 0.4000000060
25214  16.385  -38.631  8.009 0.4000000060
25196  15.706  -39.245  8.109 0.4000000060
24423  14.147  -39.380  8.023 0.4000000060
101898  14.312  -39.914  6.277 0.3000000119
24451  13.227  -39.769  6.036 0.4000000060
25215  15.592  -38.452  7.812 0.3000000119
94980  12.769  -38.939  5.639 0.3000000119
24467  13.586  -38.333  5.601 0.3000000119
2234  9.094  -73.252  20.152 0.1000000015
2225  8.457  -72.270  21.319 0.1000000015
7797  3.790  -62.367  11.985 0.1000000015
100494  3.621  -61.962  12.756 0.2000000030
8319  5.820  -62.044  18.460 0.1000000015
102164  5.091  -62.162  18.575 0.1000000015
8411  5.417  -61.535  13.691 0.1000000015
8320  4.327  -61.696  18.716 0.1000000015
7742  5.204  -61.842  15.892 0.1000000015
8368  5.837  -61.418  15.285 0.1000000015
7185  5.087  -63.079  18.019 0.1000000015
2438  19.406  -72.586  1.082 0.3000000119
2958  24.334  -70.833  -4.172 0.6000000238
3406  24.886  -70.636  -2.838 0.5000000000
99768  24.598  -70.283  -4.385 0.6000000238
2470  26.523  -73.478  -0.783 0.5000000000
3420  18.547  -70.863  -3.234 0.6000000238
107692  21.964  -69.571  -8.575 0.3000000119
4499  22.063  -68.896  -7.031 0.4000000060
7743  4.140  -61.894  15.562 0.1000000015
7730  4.655  -62.580  16.570 0.1000000015
96690  13.697  -51.245  10.917 0.2000000030
18464  20.474  -48.026  16.022 0.5000000000
111715  23.731  -69.222  -10.942 0.4000000060
120  7.767  -82.059  5.448 0.2000000030
24452  12.194  -39.736  5.793 0.5000000000
99738  24.083  -68.396  -10.857 0.4000000060
1124  19.842  -76.003  12.306 0.6000000238
1123  20.184  -75.043  11.989 0.6000000238
2896  19.461  -71.697  1.620 0.3000000119
2276  7.304  -72.782  16.184 0.6000000238
2716  4.966  -70.892  18.512 0.6000000238
104248  6.543  -66.816  22.925 0.5000000000
5303  8.021  -66.152  22.580 0.6000000238
5275  6.777  -66.408  24.679 0.5000000000
5274  7.636  -65.936  24.218 0.6000000238
5912  9.408  -65.052  21.545 0.6000000238
5899  9.257  -65.098  22.444 0.6000000238
7680  8.430  -62.462  21.855 0.6000000238
100981  17.972  -49.541  18.521 0.2000000030
17048  20.207  -49.539  16.899 0.3000000119
17108  20.167  -46.932  11.155 0.5000000000
97385  19.450  -47.562  10.590 0.4000000060
19117  22.403  -45.831  12.757 0.6000000238
19735  22.918  -45.454  12.561 0.6000000238
23545  12.928  -40.699  8.278 0.4000000060
24411  13.488  -40.084  8.200 0.4000000060
25216  14.756  -38.232  7.675 0.4000000060
16250  20.405  -49.997  18.638 0.2000000030
1789  16.850  -73.619  19.915 0.3000000119
5109  24.058  -67.658  -10.465 0.3000000119
409  6.880  -78.378  17.015 0.4000000060
106927  6.786  -77.586  19.897 0.4000000060
1378  6.434  -75.377  20.274 0.5000000000
1783  5.132  -74.079  20.295 0.5000000000
95310  7.368  -74.169  18.061 0.6000000238
1823  7.082  -73.616  16.747 0.6000000238
17026  12.816  -48.961  19.022 0.4000000060
16256  11.324  -49.587  18.402 0.4000000060
17121  18.886  -48.657  10.318 0.2000000030
5099  24.427  -67.296  -9.960 0.2000000030
211  8.100  -81.488  5.426 0.2000000030
1427  21.709  -74.541  15.705 0.5000000000
1428  20.781  -74.693  15.848 0.5000000000
104610  20.532  -74.298  13.812 0.5000000000
1848  20.886  -73.816  13.341 0.6000000238
99670  19.809  -75.647  14.226 0.5000000000
1113  19.773  -76.243  13.415 0.5000000000
1100  23.072  -74.852  14.512 0.5000000000
3404  26.383  -70.443  -2.651 0.5000000000
1780  12.783  -74.148  20.410 0.1000000015
2242  18.351  -72.872  19.799 0.4000000060
2924  28.361  -72.474  -2.052 0.2000000030
3456  26.844  -70.192  -7.782 0.3000000119
1015  5.909  -75.554  24.668 0.2000000030
2223  14.753  -73.217  22.056 0.2000000030
1763  15.822  -74.503  22.996 0.2000000030
1361  17.879  -74.800  22.771 0.3000000119
2213  16.017  -73.409  22.913 0.2000000030
1755  17.214  -73.961  23.203 0.2000000030
1759  20.461  -74.502  23.024 0.3000000119
97788  18.710  -74.270  23.278 0.3000000119
2210  18.336  -73.214  23.035 0.2000000030
1768  19.594  -74.960  22.441 0.3000000119
1360  20.626  -75.245  22.653 0.4000000060
100908  19.710  -75.279  23.262 0.4000000060
1045  20.147  -76.430  20.627 0.5000000000
1993  28.905  -74.063  0.271 0.2000000030
1983  30.063  -73.660  1.215 0.1000000015
2010  29.361  -74.074  -0.270 0.2000000030
2893  28.170  -71.782  0.766 0.2000000030
2461  30.442  -73.309  -0.487 0.2000000030
106179  28.879  -74.073  -0.990 0.3000000119
2020  27.911  -74.269  -0.476 0.2000000030
109303  27.606  -74.456  -0.048 0.3000000119
2468  29.053  -73.347  -1.710 0.3000000119
103513  27.343  -73.816  -0.843 0.4000000060
98849  30.161  -72.825  -2.869 0.2000000030
757  6.648  -77.446  22.146 0.2000000030
113279  11.156  -71.330  17.436 0.1000000015
2675  16.315  -72.373  22.522 0.2000000030
2220  20.456  -72.624  22.086 0.1000000015
1372  20.369  -75.190  21.992 0.4000000060
1383  20.425  -74.872  20.733 0.5000000000
1393  19.080  -75.944  19.292 0.5000000000
2490  29.575  -72.530  -3.598 0.2000000030
2980  28.768  -71.575  -6.358 0.2000000030
2192  4.601  -72.706  27.335 0.2000000030
98040  4.519  -73.062  26.623 0.3000000119
1345  5.045  -75.132  24.237 0.2000000030
99374  6.977  -78.081  20.418 0.4000000060
1020  4.884  -75.309  23.039 0.4000000060
2690  20.488  -71.394  20.990 0.1000000015
106301  30.962  -70.769  3.815 0.1000000015
3110  4.193  -71.057  29.853 0.2000000030
1357  4.448  -74.633  22.163 0.4000000060
1042  5.558  -75.811  21.035 0.4000000060
1041  6.342  -76.475  20.620 0.4000000060
1023  4.798  -75.316  21.969 0.5000000000
3866  26.611  -69.799  2.267 0.1000000015
4483  21.762  -68.619  -5.180 0.3000000119
3615  5.668  -70.079  28.677 0.1000000015
4399  21.302  -69.068  2.914 0.2000000030
2895  20.329  -71.318  1.459 0.3000000119
4141  3.196  -69.054  29.378 0.2000000030
3157  3.533  -70.514  24.290 0.3000000119
110657  4.237  -69.157  33.460 0.1000000015
4133  5.614  -68.989  30.425 0.1000000015
3164  3.515  -70.411  23.443 0.4000000060
2236  4.268  -72.469  20.294 0.6000000238
95260  3.845  -69.195  25.317 0.2000000030
3661  3.809  -69.191  24.483 0.4000000060
3672  3.635  -69.661  23.788 0.4000000060
4684  4.092  -68.374  26.232 0.3000000119
4216  3.778  -69.135  23.042 0.5000000000
5241  4.491  -66.877  29.886 0.2000000030
4193  4.139  -68.121  24.116 0.3000000119
4700  4.328  -67.959  25.516 0.3000000119
5840  4.910  -65.820  29.157 0.2000000030
4224  4.951  -68.274  22.127 0.6000000238
5255  6.102  -66.419  26.839 0.3000000119
4742  5.189  -67.731  22.686 0.6000000238
5276  5.899  -66.894  25.000 0.4000000060
5262  6.711  -66.257  25.653 0.5000000000
103512  7.011  -64.957  25.771 0.4000000060
5886  8.936  -65.082  23.424 0.6000000238
106912  8.359  -65.320  24.086 0.5000000000
6476  7.912  -64.762  24.837 0.4000000060
96968  7.256  -64.162  24.722 0.4000000060
7120  8.086  -64.012  24.195 0.5000000000
7666  7.958  -62.360  22.962 0.6000000238
7671  8.538  -62.700  22.342 0.6000000238
7780  3.689  -61.772  13.657 0.2000000030
8388  3.844  -61.744  14.622 0.1000000015
7710  6.278  -62.389  18.175 0.1000000015
7729  5.693  -62.609  16.870 0.1000000015
98623  5.185  -60.319  18.191 0.1000000015
14659  13.241  -51.885  20.237 0.1000000015
14638  16.644  -52.104  21.795 0.2000000030
15462  13.663  -50.340  20.681 0.3000000119
16235  14.146  -48.927  21.116 0.3000000119
16995  11.220  -48.703  20.849 0.3000000119
16994  12.119  -48.722  21.050 0.3000000119
15459  19.211  -51.342  21.442 0.2000000030
16215  19.272  -50.022  22.071 0.2000000030
17015  12.507  -48.738  20.109 0.4000000060
17767  18.425  -47.994  20.814 0.1000000015
17010  17.503  -48.373  19.430 0.2000000030
25197  14.924  -38.964  7.917 0.4000000060
7711  5.348  -62.714  18.265 0.1000000015
1530  27.648  -74.809  7.406 0.2000000030
2357  27.286  -73.883  7.529 0.2000000030
1513  22.553  -74.530  9.428 0.3000000119
1521  28.248  -74.743  7.925 0.1000000015
1915  26.829  -74.342  7.024 0.2000000030
115207  27.187  -73.292  8.023 0.2000000030
105232  27.152  -75.329  6.987 0.2000000030
852  23.982  -77.023  9.424 0.3000000119
1152  23.696  -76.567  9.827 0.3000000119
97674  23.772  -76.743  8.867 0.3000000119
1084  26.238  -75.027  14.983 0.1000000015
1119  25.563  -75.370  13.526 0.1000000015
1477  26.057  -74.842  11.496 0.1000000015
1511  26.893  -75.205  9.481 0.1000000015
112017  28.183  -74.433  7.647 0.2000000030
841  23.912  -76.525  10.805 0.3000000119
851  24.240  -76.978  9.241 0.3000000119
2344  27.060  -72.707  8.558 0.2000000030
2358  26.362  -72.812  8.262 0.2000000030
1097  25.470  -75.390  14.352 0.2000000030
1467  25.604  -75.256  12.496 0.1000000015
99073  26.567  -74.688  10.612 0.1000000015
1494  25.767  -75.354  10.620 0.1000000015
1510  28.236  -74.979  8.716 0.1000000015
839  24.324  -76.785  10.016 0.3000000119
1157  26.796  -75.805  7.863 0.2000000030
2817  26.937  -71.782  9.394 0.2000000030
1413  26.376  -74.294  16.076 0.2000000030
1425  25.857  -74.899  15.854 0.2000000030
1827  27.169  -73.766  15.697 0.1000000015
103677  25.301  -75.363  15.195 0.2000000030
1098  24.567  -75.642  14.498 0.2000000030
1109  24.660  -75.682  13.672 0.2000000030
1478  25.279  -75.526  11.560 0.1000000015
1149  27.515  -75.306  8.241 0.1000000015
1139  24.130  -76.510  10.933 0.3000000119
2343  28.030  -72.731  8.506 0.2000000030
1151  25.006  -76.613  9.413 0.2000000030
1522  27.396  -75.264  7.517 0.2000000030
98231  25.108  -75.330  15.909 0.2000000030
98814  24.089  -75.889  13.750 0.2000000030
101189  24.735  -75.734  12.855 0.1000000015
102938  26.628  -75.699  8.743 0.1000000015
1138  24.919  -76.288  10.455 0.1000000015
1122  23.837  -76.060  12.342 0.3000000119
1150  25.826  -75.888  9.565 0.2000000030
8020  13.017  -62.997  -8.952 0.4000000060
2089  13.331  -73.406  -9.801 0.3000000119
1414  25.694  -74.582  16.460 0.2000000030
1073  25.158  -75.105  16.593 0.2000000030
1110  24.126  -75.933  12.973 0.2000000030
1121  24.188  -76.127  12.115 0.2000000030
1129  24.625  -76.113  11.413 0.1000000015
830  23.954  -76.287  11.754 0.3000000119
6899  12.198  -63.519  -8.585 0.4000000060
102201  13.033  -64.046  -8.500 0.4000000060
99068  13.477  -62.503  -7.770 0.5000000000
8002  12.563  -62.495  -7.702 0.4000000060
8010  13.821  -62.726  -8.866 0.4000000060
8009  15.197  -62.226  -8.001 0.5000000000
1403  25.200  -74.539  17.123 0.2000000030
8644  11.142  -61.287  -6.492 0.4000000060
6878  10.697  -64.334  -7.679 0.4000000060
7997  11.339  -61.836  -7.229 0.4000000060
8653  10.540  -61.505  -8.306 0.4000000060
8013  10.747  -63.082  -8.799 0.4000000060
7988  12.688  -61.774  -5.068 0.3000000119
7995  13.134  -62.068  -5.470 0.4000000060
8000  15.182  -62.077  -6.799 0.4000000060
995  13.988  -76.560  -8.352 0.3000000119
97034  14.241  -58.885  -7.534 0.3000000119
9775  13.029  -59.465  -7.000 0.4000000060
9201  11.036  -60.841  -6.514 0.4000000060
10394  13.800  -59.305  -6.816 0.3000000119
9758  11.666  -60.536  -5.378 0.4000000060
8636  11.621  -61.077  -5.337 0.4000000060
9195  12.467  -60.720  -4.440 0.4000000060
733  13.929  -77.279  -8.786 0.2000000030
11140  15.137  -58.108  -7.895 0.3000000119
7993  14.817  -62.049  -5.661 0.4000000060
11141  13.666  -58.516  -7.620 0.3000000119
8642  15.634  -61.733  -5.752 0.4000000060
11900  12.991  -56.716  -5.774 0.3000000119
10393  14.826  -59.048  -6.982 0.3000000119
11898  14.844  -56.490  -6.470 0.3000000119
110442  16.072  -57.449  -7.541 0.3000000119
11886  12.331  -56.004  -4.769 0.3000000119
9766  12.736  -59.563  -5.362 0.3000000119
12599  14.559  -55.552  -5.255 0.3000000119
11885  13.051  -55.778  -4.941 0.3000000119
12598  16.106  -55.334  -5.609 0.3000000119
12597  17.036  -55.714  -6.249 0.3000000119
97547  15.449  -55.849  -6.007 0.3000000119
12584  13.597  -55.090  -4.591 0.3000000119
11897  15.593  -56.684  -6.984 0.3000000119
12586  11.727  -55.396  -4.050 0.4000000060
13339  15.926  -54.534  -4.753 0.3000000119
12582  15.203  -54.857  -4.830 0.3000000119
13324  13.800  -54.346  -4.063 0.3000000119
13325  13.154  -54.488  -4.009 0.3000000119
12574  12.032  -54.982  -3.499 0.3000000119
13312  14.130  -54.193  -3.550 0.2000000030
13300  12.975  -54.525  -2.970 0.3000000119
102121  12.715  -55.005  -2.697 0.2000000030
105132  4.277  -66.150  32.966 0.1000000015
6382  4.240  -65.397  32.364 0.1000000015
10971  12.019  -57.715  4.150 0.3000000119
11756  12.088  -56.832  4.093 0.3000000119
8281  8.036  -61.683  21.882 0.5000000000
106533  7.574  -61.398  21.561 0.5000000000
8897  7.177  -60.512  21.456 0.5000000000
111781  8.522  -52.610  1.154 0.3000000119
8878  4.356  -59.436  23.916 0.4000000060
8877  5.451  -59.842  23.356 0.4000000060
8269  6.909  -61.150  23.106 0.5000000000
8274  7.904  -61.434  22.106 0.5000000000
10688  6.441  -57.667  25.249 0.3000000119
9992  5.130  -58.305  25.010 0.4000000060
9434  4.935  -58.922  23.344 0.4000000060
8876  6.611  -60.276  22.795 0.4000000060
8888  7.404  -60.726  22.275 0.5000000000
9991  5.941  -58.337  25.472 0.3000000119
9433  6.140  -59.353  22.617 0.5000000000
8889  7.159  -59.895  22.072 0.5000000000
8896  7.549  -60.804  21.894 0.5000000000
9447  7.136  -59.907  21.760 0.5000000000
10704  5.935  -57.361  24.449 0.4000000060
10705  4.911  -58.112  24.302 0.4000000060
11468  6.716  -56.600  24.362 0.5000000000
10727  5.290  -57.592  23.512 0.5000000000
14886  7.547  -52.790  1.676 0.3000000119
15682  9.325  -52.162  0.931 0.3000000119
104234  9.999  -51.260  1.071 0.3000000119
16425  10.297  -50.135  1.511 0.3000000119
11467  7.522  -56.316  24.882 0.4000000060
11485  7.265  -55.995  24.274 0.5000000000
11486  6.615  -56.162  23.460 0.5000000000
11504  6.266  -56.050  22.566 0.5000000000
113482  11.546  -50.592  0.916 0.3000000119
17233  11.724  -49.965  0.957 0.3000000119
17234  11.240  -49.602  1.245 0.3000000119
97295  11.914  -49.133  0.994 0.3000000119
17933  11.295  -48.568  1.610 0.3000000119
12267  7.889  -55.555  24.650 0.5000000000
12283  7.504  -55.448  23.653 0.5000000000
12298  8.185  -54.740  23.305 0.5000000000
12299  7.280  -55.072  22.497 0.5000000000
101603  3.136  -56.824  17.747 0.2000000030
107625  8.811  -54.093  23.149 0.5000000000
13852  6.249  -53.460  17.256 0.2000000030
99364  3.761  -53.757  17.228 0.2000000030
14704  5.272  -52.263  16.194 0.2000000030
97105  11.043  -48.222  3.320 0.3000000119
17912  11.986  -48.238  4.053 0.3000000119
17913  11.547  -48.904  4.255 0.3000000119
18588  12.084  -47.131  3.424 0.3000000119
17198  12.190  -49.171  4.758 0.3000000119
17199  11.576  -49.642  4.830 0.3000000119
17171  11.344  -49.421  6.008 0.3000000119
17903  12.701  -48.735  4.888 0.3000000119
17180  12.281  -49.348  5.057 0.3000000119
17887  12.117  -49.311  5.474 0.3000000119
18581  13.586  -47.339  4.827 0.3000000119
17886  13.297  -48.127  5.003 0.3000000119
18571  13.232  -47.998  5.354 0.3000000119
17874  12.070  -48.676  6.034 0.3000000119
18551  13.175  -47.434  5.761 0.3000000119
18552  12.630  -47.928  5.935 0.3000000119
18553  11.271  -47.163  6.249 0.3000000119
19208  12.233  -46.805  6.179 0.3000000119
101417  11.782  -45.703  6.199 0.3000000119
19832  13.881  -45.959  5.995 0.3000000119
19810  12.822  -45.306  6.315 0.3000000119
20462  12.132  -44.292  6.382 0.4000000060
96220  11.285  -44.737  6.281 0.4000000060
27408  19.338  -35.673  14.690 0.1000000015
28264  18.779  -34.755  14.489 0.1000000015
12561  14.319  -55.231  -2.244 0.2000000030
13873  5.270  -53.001  16.790 0.2000000030
9449  5.599  -58.411  22.633 0.5000000000
9448  6.632  -59.127  21.794 0.5000000000
1495  23.434  -75.890  10.666 0.4000000060
8004  10.630  -62.438  -8.627 0.4000000060
8280  8.292  -61.971  22.027 0.5000000000
8021  12.287  -62.882  -8.492 0.4000000060
8001  14.189  -62.252  -6.635 0.5000000000
97869  13.207  -62.293  -6.479 0.4000000060
8003  11.632  -62.554  -8.190 0.4000000060
7996  12.208  -62.113  -6.361 0.4000000060
8268  7.612  -61.589  22.676 0.5000000000
10009  4.373  -58.688  24.139 0.4000000060
10029  4.850  -58.352  23.609 0.4000000060
19207  13.282  -46.547  6.036 0.3000000119
428  6.875  -78.486  11.949 0.3000000119
285  6.741  -79.157  12.102 0.2000000030
1219  4.975  -75.538  3.873 0.3000000119
1570  4.591  -74.853  2.925 0.3000000119
603  6.591  -77.934  10.379 0.2000000030
304  6.746  -78.939  11.431 0.2000000030
446  7.376  -78.933  10.128 0.2000000030
878  6.519  -76.187  7.760 0.3000000119
879  6.250  -76.812  7.799 0.2000000030
634  6.169  -77.244  7.295 0.2000000030
648  5.407  -77.042  5.541 0.2000000030
110077  4.860  -76.040  4.392 0.2000000030
669  5.704  -76.883  3.688 0.2000000030
1220  4.803  -75.815  3.546 0.2000000030
1226  4.873  -75.485  2.013 0.2000000030
1980  4.066  -73.972  1.870 0.3000000119
915  5.156  -76.268  2.936 0.2000000030
660  5.189  -76.785  4.877 0.2000000030
614  7.014  -78.137  8.186 0.2000000030
613  7.863  -78.341  8.319 0.2000000030
2547  13.800  -72.856  -10.636 0.2000000030
3913  18.263  -69.544  -2.599 0.5000000000
3408  18.803  -70.295  -2.739 0.5000000000
3431  20.482  -70.754  -3.891 0.5000000000
2946  20.118  -71.689  -3.719 0.5000000000
2947  19.506  -71.690  -3.523 0.5000000000
3407  19.556  -70.246  -2.782 0.5000000000
3922  20.263  -69.982  -3.119 0.4000000060
103870  20.741  -69.748  -3.948 0.4000000060
4461  20.831  -68.934  -3.657 0.4000000060
4460  21.335  -68.120  -3.595 0.2000000030
97415  17.689  -67.926  -2.296 0.4000000060
106095  17.483  -66.706  -2.403 0.3000000119
110820  17.998  -67.384  -1.387 0.4000000060
4435  18.244  -68.059  -1.738 0.5000000000
4447  17.952  -68.599  -2.378 0.5000000000
4446  18.745  -68.814  -2.096 0.5000000000
3912  19.150  -69.577  -2.408 0.5000000000
3911  19.875  -69.415  -2.553 0.5000000000
3933  21.188  -69.127  -4.579 0.4000000060
4444  20.342  -68.445  -2.377 0.4000000060
95153  20.377  -69.079  -2.865 0.5000000000
4474  21.526  -68.443  -4.354 0.2000000030
5057  22.015  -67.867  -4.160 0.2000000030
5048  21.897  -67.615  -3.355 0.1000000015
97062  22.488  -67.627  -3.971 0.2000000030
5047  22.705  -67.470  -3.394 0.1000000015
101780  23.094  -67.494  -4.135 0.1000000015
5046  23.559  -67.472  -3.383 0.1000000015
5029  24.178  -67.578  -2.533 0.1000000015
7667  6.152  -61.721  23.748 0.4000000060
5573  17.594  -66.105  -2.234 0.3000000119
5564  17.705  -66.643  -1.581 0.3000000119
5563  18.193  -66.914  -0.877 0.3000000119
4434  19.067  -68.213  -1.498 0.5000000000
5009  18.623  -67.612  -1.121 0.3000000119
4433  19.959  -67.958  -1.590 0.5000000000
5008  19.378  -67.626  -1.005 0.4000000060
4980  19.769  -67.171  -0.543 0.3000000119
5006  21.290  -67.388  -1.690 0.1000000015
99246  20.792  -68.439  -3.053 0.3000000119
4473  22.125  -68.131  -4.818 0.2000000030
5005  22.260  -67.384  -1.886 0.1000000015
5031  21.588  -67.529  -2.500 0.1000000015
5064  23.263  -67.738  -5.631 0.2000000030
5056  22.716  -67.738  -4.744 0.2000000030
5004  23.284  -67.434  -1.626 0.1000000015
5030  22.280  -67.438  -2.765 0.1000000015
5093  24.454  -67.068  -8.958 0.1000000015
104969  23.100  -67.461  -2.532 0.1000000015
5045  24.470  -67.434  -3.486 0.1000000015
5003  24.266  -67.537  -1.592 0.1000000015
5665  26.730  -66.055  -8.544 0.1000000015
109403  27.211  -67.498  -9.061 0.1000000015
5092  25.979  -66.999  -9.141 0.1000000015
102652  25.167  -67.457  -2.788 0.1000000015
96414  26.048  -67.338  -1.478 0.1000000015
5002  25.262  -67.428  -1.428 0.1000000015
5562  26.721  -66.922  -1.192 0.1000000015
113009  18.401  -64.919  -2.608 0.2000000030
6179  17.940  -65.472  -2.582 0.4000000060
6169  18.239  -65.213  -1.143 0.3000000119
6170  17.836  -65.709  -1.713 0.3000000119
4981  18.911  -67.151  -0.524 0.3000000119
5007  20.616  -67.509  -1.469 0.1000000015
107277  20.102  -67.494  -1.060 0.3000000119
4978  21.764  -67.188  -0.965 0.1000000015
5550  20.248  -66.818  -0.027 0.3000000119
4979  20.752  -67.204  -0.837 0.2000000030
4977  22.736  -67.210  -0.967 0.1000000015
5055  23.491  -67.499  -4.929 0.1000000015
106279  23.879  -67.425  -4.223 0.1000000015
5548  22.254  -66.852  -0.271 0.1000000015
5069  24.218  -67.287  -6.949 0.1000000015
5063  24.035  -67.387  -5.845 0.1000000015
5054  24.259  -67.278  -4.956 0.1000000015
5547  23.185  -66.903  -0.237 0.1000000015
112581  23.707  -67.607  -2.041 0.1000000015
5648  24.890  -66.777  -8.596 0.1000000015
5080  24.325  -67.117  -7.956 0.1000000015
5616  24.714  -67.000  -6.617 0.1000000015
5062  24.794  -67.034  -5.623 0.1000000015
5053  25.079  -67.102  -4.775 0.1000000015
111793  24.593  -67.313  -4.273 0.1000000015
5546  24.139  -66.943  -0.144 0.1000000015
4975  24.707  -67.231  -0.785 0.1000000015
5667  25.236  -66.634  -8.914 0.1000000015
5600  25.757  -66.776  -5.452 0.1000000015
5052  25.865  -66.981  -4.536 0.1000000015
5044  25.419  -67.270  -3.804 0.1000000015
5027  26.189  -67.238  -2.907 0.1000000015
103318  26.551  -67.342  -2.000 0.1000000015
4974  25.737  -67.061  -0.738 0.1000000015
5666  25.736  -66.392  -8.668 0.1000000015
109059  26.916  -67.038  -2.571 0.1000000015
4973  26.409  -66.561  -0.358 0.1000000015
6255  27.488  -65.695  -8.577 0.1000000015
5544  27.184  -66.265  -0.642 0.1000000015
6157  27.477  -65.533  -0.245 0.1000000015
99297  18.428  -64.989  -3.163 0.3000000119
6178  18.331  -64.845  -1.998 0.2000000030
5553  17.983  -66.074  -0.892 0.3000000119
5551  19.330  -66.711  -0.000 0.3000000119
5536  20.667  -66.475  0.561 0.2000000030
5549  21.282  -66.785  -0.126 0.2000000030
5533  23.617  -66.590  0.496 0.1000000015
5647  25.389  -66.471  -8.339 0.1000000015
5633  24.799  -66.824  -7.678 0.1000000015
5632  25.466  -66.476  -7.288 0.1000000015
5534  22.707  -66.555  0.425 0.1000000015
5545  25.049  -66.847  -0.099 0.1000000015
98942  25.819  -66.338  -8.634 0.1000000015
5615  25.279  -66.767  -6.254 0.1000000015
5599  26.549  -66.653  -4.845 0.1000000015
5043  26.401  -66.996  -3.924 0.1000000015
5561  27.521  -66.403  -1.379 0.1000000015
5646  26.087  -66.056  -8.232 0.1000000015
5631  26.337  -65.985  -7.215 0.1000000015
96073  25.927  -66.483  -6.406 0.1000000015
6247  26.485  -66.044  -8.468 0.1000000015
5630  26.988  -65.692  -6.985 0.1000000015
111814  19.020  -61.187  -3.838 0.2000000030
104647  17.855  -61.089  -2.777 0.2000000030
8631  17.760  -60.714  -4.300 0.3000000119
8632  16.669  -61.099  -4.251 0.3000000119
99487  17.511  -60.748  -5.958 0.3000000119
13006  8.925  -54.361  24.002 0.4000000060
12266  8.492  -55.299  24.693 0.3000000119
12282  8.369  -54.960  24.345 0.4000000060
12281  9.015  -54.828  24.455 0.3000000119
12280  9.865  -54.944  23.808 0.2000000030
7987  13.557  -61.888  -4.684 0.3000000119
12296  11.118  -55.078  22.529 0.1000000015
13021  10.516  -53.871  23.070 0.2000000030
13034  11.413  -54.520  22.031 0.1000000015
13802  11.748  -53.925  21.515 0.2000000030
7901  1.299  -61.321  2.840 0.1000000015
7843  2.526  -62.414  7.117 0.1000000015
9622  1.376  -58.489  6.883 0.3000000119
8470  2.170  -61.595  7.554 0.1000000015
96271  1.243  -59.376  5.991 0.1000000015
7855  2.103  -62.536  6.311 0.1000000015
7888  1.208  -61.572  4.472 0.1000000015
9019  2.173  -60.123  9.442 0.1000000015
9581  2.666  -59.641  10.937 0.1000000015
9582  1.661  -58.982  10.560 0.2000000030
10846  4.568  -58.025  15.019 0.1000000015
10149  2.439  -58.492  14.325 0.1000000015
10832  4.866  -57.193  15.219 0.1000000015
10136  2.248  -57.928  15.033 0.1000000015
11611  2.455  -56.401  15.293 0.2000000030
15555  14.765  -51.410  11.365 0.2000000030
11610  3.654  -56.823  15.346 0.1000000015
12381  1.838  -55.614  15.146 0.3000000119
13101  3.953  -54.667  15.369 0.1000000015
12380  2.729  -55.469  15.397 0.2000000030
13112  4.786  -54.267  15.036 0.1000000015
13102  2.909  -54.708  15.439 0.1000000015
13115  1.724  -54.853  14.768 0.2000000030
13892  1.709  -53.869  14.556 0.2000000030
13897  5.851  -53.265  13.753 0.1000000015
104238  4.035  -53.410  14.743 0.1000000015
14755  5.447  -52.619  13.274 0.1000000015
13898  4.518  -52.770  14.060 0.2000000030
13113  3.215  -53.945  15.275 0.1000000015
17797  22.718  -48.270  18.617 0.1000000015
17034  21.150  -49.451  18.274 0.2000000030
17035  20.356  -49.933  17.755 0.2000000030
14800  7.559  -51.956  10.982 0.1000000015
15571  6.615  -51.584  11.045 0.1000000015
14786  5.938  -51.780  11.858 0.2000000030
15580  7.378  -51.324  10.442 0.1000000015
14770  4.918  -51.845  12.755 0.2000000030
18444  23.771  -47.386  19.392 0.1000000015
17799  22.216  -48.055  17.894 0.1000000015
18459  22.267  -47.298  17.571 0.1000000015
17802  21.024  -48.296  16.874 0.1000000015
16345  7.506  -50.030  9.686 0.1000000015
109020  7.153  -48.249  10.820 0.2000000030
21026  24.426  -43.500  21.477 0.1000000015
21027  23.609  -43.086  21.223 0.1000000015
19681  25.050  -45.867  21.104 0.1000000015
101298  24.988  -44.867  21.252 0.1000000015
97421  24.624  -44.119  21.138 0.1000000015
21035  24.102  -43.780  20.786 0.1000000015
19060  24.622  -46.328  20.389 0.1000000015
19699  24.353  -45.716  19.980 0.1000000015
19700  23.925  -45.636  19.401 0.1000000015
20350  23.660  -44.677  19.493 0.1000000015
108779  23.501  -47.017  18.717 0.1000000015
19085  23.150  -46.562  18.240 0.1000000015
19711  23.017  -45.682  18.051 0.1000000015
19088  22.619  -46.566  17.697 0.1000000015
19713  22.310  -45.743  17.316 0.1000000015
19089  21.831  -46.681  16.976 0.1000000015
20370  21.933  -44.829  17.023 0.2000000030
18536  9.905  -47.409  9.533 0.1000000015
17157  9.496  -49.065  8.960 0.1000000015
101920  7.874  -48.528  9.865 0.2000000030
21028  22.896  -43.026  20.826 0.1000000015
21037  22.573  -43.198  20.220 0.1000000015
20351  23.125  -44.303  19.013 0.1000000015
21076  22.325  -44.263  17.728 0.2000000030
113333  22.142  -43.597  18.103 0.2000000030
17845  8.290  -47.650  10.518 0.3000000119
17844  9.095  -47.217  10.525 0.2000000030
18513  9.986  -46.558  10.950 0.2000000030
20460  14.317  -44.452  6.335 0.3000000119
103717  13.767  -43.020  6.505 0.3000000119
21177  12.967  -43.663  6.438 0.3000000119
101765  12.474  -42.635  6.409 0.4000000060
21938  14.812  -42.823  6.511 0.3000000119
21939  13.694  -42.293  6.487 0.3000000119
22726  14.770  -41.964  6.523 0.3000000119
1168  7.218  -75.748  8.368 0.2000000030
623  6.809  -77.806  7.394 0.2000000030
635  5.747  -77.091  6.389 0.2000000030
890  5.461  -76.632  5.949 0.3000000119
901  5.195  -76.650  5.379 0.3000000119
9028  1.451  -59.441  7.813 0.1000000015
10163  1.695  -58.405  13.694 0.2000000030
13899  2.898  -52.760  14.561 0.2000000030
17139  7.229  -49.163  9.944 0.2000000030
16346  6.635  -49.655  10.235 0.1000000015
19714  21.545  -45.675  16.575 0.2000000030
7979  19.340  -62.276  -3.747 0.2000000030
8621  17.282  -60.965  -3.519 0.3000000119
8641  16.491  -61.269  -5.845 0.3000000119
101342  1.269  -59.694  4.835 0.1000000015
98200  4.369  -52.105  13.521 0.2000000030
114174  11.621  -43.615  6.433 0.4000000060
98542  15.198  -51.762  12.179 0.1000000015
19185  10.726  -46.263  11.085 0.1000000015
24422  16.874  -39.713  8.386 0.1000000015
104237  16.474  -39.290  8.239 0.2000000030
16334  6.914  -50.516  10.078 0.1000000015
5097  25.596  -67.779  -9.820 0.1000000015
98636  7.485  -63.007  23.682 0.4000000060
13005  9.370  -54.312  23.938 0.2000000030
17800  21.518  -48.622  17.630 0.1000000015
18460  21.669  -47.721  17.218 0.1000000015
100721  14.642  -41.196  6.482 0.3000000119
7108  6.841  -63.526  24.393 0.4000000060
98731  7.144  -62.037  23.397 0.4000000060
20461  13.311  -44.603  6.397 0.3000000119
647  6.203  -77.451  5.655 0.2000000030
3418  19.866  -70.924  -3.310 0.5000000000
4443  21.115  -67.858  -2.870 0.2000000030
4445  19.507  -68.758  -2.065 0.5000000000
5032  20.828  -67.680  -2.113 0.2000000030
103227  24.956  -67.632  -2.054 0.1000000015
7655  6.415  -62.693  24.046 0.4000000060
4976  23.722  -67.273  -0.867 0.1000000015
8471  1.462  -60.653  6.890 0.1000000015
8489  1.710  -61.640  6.668 0.1000000015
7856  1.297  -61.292  5.495 0.1000000015
10125  3.571  -57.732  15.186 0.1000000015
96874  3.404  -58.327  14.820 0.1000000015
11609  4.611  -56.073  15.351 0.1000000015
107626  4.796  -55.141  15.301 0.1000000015
13890  5.317  -53.644  14.378 0.2000000030
17019  22.005  -48.823  18.439 0.1000000015
114609  7.994  -51.744  10.607 0.1000000015
14785  6.993  -52.253  11.667 0.1000000015
14769  6.370  -52.543  12.564 0.1000000015
19073  23.905  -46.582  19.270 0.1000000015
18443  24.238  -46.948  19.873 0.1000000015
18456  22.863  -47.390  18.193 0.1000000015
111875  7.970  -49.488  9.551 0.2000000030
16344  8.585  -50.324  9.430 0.1000000015
21785  24.233  -42.791  21.942 0.1000000015
19689  24.635  -45.378  20.525 0.1000000015
20349  24.188  -45.000  19.986 0.1000000015
20339  23.846  -44.212  20.158 0.1000000015
19084  23.528  -46.109  18.713 0.1000000015
19710  23.445  -45.160  18.771 0.1000000015
20369  22.575  -45.036  17.658 0.1000000015
20367  22.956  -44.695  18.236 0.1000000015
107379  9.618  -48.095  9.054 0.1000000015
17859  8.784  -48.342  9.471 0.1000000015
21036  23.367  -43.535  20.486 0.1000000015
21044  23.213  -43.891  19.776 0.1000000015
21063  22.584  -43.920  18.524 0.1000000015
109  7.454  -82.146  8.411 0.2000000030
191  7.612  -81.707  8.752 0.2000000030
104  7.607  -82.055  9.475 0.2000000030
1660  12.305  -74.476  -9.229 0.1000000015
2081  12.283  -73.883  -9.850 0.1000000015
101845  12.582  -72.907  -11.384 0.1000000015
2097  11.845  -73.428  -10.903 0.1000000015
2096  12.895  -73.198  -10.833 0.1000000015
3694  16.223  -69.796  20.230 0.1000000015
3188  15.483  -70.305  19.790 0.1000000015
3507  12.086  -69.812  -11.379 0.1000000015
3030  13.801  -72.173  -11.241 0.1000000015
2554  13.406  -72.644  -11.231 0.1000000015
2090  11.033  -73.898  -10.113 0.1000000015
3701  16.462  -68.985  19.797 0.1000000015
4251  16.377  -67.851  18.494 0.1000000015
99493  15.413  -69.370  18.630 0.1000000015
3703  15.100  -69.984  18.936 0.1000000015
1981  3.968  -73.802  1.077 0.2000000030
105832  3.465  -72.749  2.138 0.2000000030
2867  3.022  -71.535  4.196 0.2000000030
3338  3.056  -70.240  4.063 0.2000000030
3842  2.904  -69.154  4.346 0.1000000015
8256  5.090  -61.311  24.096 0.3000000119
8257  3.737  -61.249  25.078 0.2000000030
114170  4.936  -62.904  24.731 0.2000000030
7109  5.625  -63.274  24.658 0.2000000030
7656  5.284  -62.314  24.375 0.2000000030
7642  3.397  -61.991  26.038 0.2000000030
8206  3.459  -62.261  26.627 0.2000000030
7097  4.297  -63.590  25.737 0.2000000030
114376  4.011  -63.859  26.356 0.2000000030
8840  3.873  -59.927  25.217 0.3000000119
7641  3.755  -62.760  25.663 0.2000000030
9416  4.127  -59.220  24.502 0.2000000030
8857  4.704  -60.365  23.970 0.3000000119
8270  5.879  -60.788  23.508 0.3000000119
9400  5.020  -58.795  25.412 0.2000000030
8222  3.733  -61.656  26.855 0.2000000030
8238  3.601  -61.272  25.652 0.2000000030
8223  3.588  -61.483  26.172 0.2000000030
9993  4.497  -58.708  24.717 0.3000000119
9385  5.035  -59.520  26.015 0.2000000030
8826  3.894  -60.858  26.331 0.2000000030
9386  3.999  -60.035  25.820 0.2000000030
105290  3.766  -60.655  25.740 0.2000000030
11456  7.793  -57.000  25.202 0.2000000030
10687  7.178  -57.520  25.358 0.2000000030
9990  6.938  -58.164  25.556 0.2000000030
109952  9.014  -56.515  24.668 0.2000000030
10703  6.957  -56.995  25.092 0.3000000119
11465  8.963  -55.682  24.614 0.1000000015
14636  18.191  -51.714  21.547 0.1000000015
109301  18.464  -50.541  21.779 0.1000000015
15456  21.918  -51.468  20.685 0.1000000015
11757  11.635  -57.063  4.468 0.2000000030
17753  17.978  -48.241  21.099 0.1000000015
14049  11.295  -54.062  2.871 0.2000000030
106406  11.868  -55.181  3.033 0.2000000030
12508  12.108  -55.399  3.173 0.2000000030
114863  11.889  -55.586  3.310 0.2000000030
11771  12.295  -56.177  3.733 0.2000000030
104899  13.093  -52.270  2.154 0.2000000030
14871  13.397  -52.906  2.806 0.2000000030
14065  12.729  -53.686  2.406 0.2000000030
14067  11.587  -53.860  1.935 0.2000000030
15653  14.179  -52.207  3.597 0.2000000030
13244  12.579  -54.324  2.808 0.2000000030
13245  12.111  -54.176  2.294 0.2000000030
14048  13.328  -53.910  3.221 0.2000000030
13235  12.938  -54.848  3.409 0.2000000030
14870  14.096  -53.280  3.832 0.2000000030
13234  14.023  -54.280  4.050 0.2000000030
12507  12.859  -55.571  3.682 0.2000000030
14078  11.585  -53.250  1.310 0.2000000030
100308  14.460  -51.323  3.691 0.2000000030
115139  13.977  -51.568  3.399 0.2000000030
14856  14.893  -52.753  4.198 0.2000000030
17210  14.772  -49.326  3.693 0.2000000030
17211  13.741  -49.444  3.147 0.2000000030
17218  13.024  -49.471  2.139 0.2000000030
17909  15.475  -48.692  3.848 0.2000000030
16418  13.425  -50.249  2.934 0.2000000030
16438  12.430  -50.570  1.353 0.2000000030
14899  11.945  -51.953  1.006 0.2000000030
16402  15.148  -51.045  3.885 0.2000000030
16417  14.399  -50.356  3.595 0.2000000030
15665  12.875  -51.323  1.918 0.2000000030
14883  12.151  -52.810  1.337 0.2000000030
15654  13.508  -51.747  2.905 0.2000000030
105517  14.056  -48.765  3.236 0.2000000030
17908  15.967  -48.084  4.127 0.2000000030
17911  13.415  -48.641  2.361 0.2000000030
16439  12.075  -50.353  0.980 0.2000000030
17231  12.407  -49.656  1.277 0.2000000030
14900  11.220  -51.957  0.793 0.2000000030
14902  9.377  -52.581  0.952 0.2000000030
105549  15.305  -48.051  3.729 0.2000000030
17910  13.948  -48.029  2.747 0.2000000030
97470  12.733  -48.646  1.491 0.2000000030
17232  12.041  -49.675  0.978 0.2000000030
15679  11.727  -51.038  0.841 0.2000000030
19237  15.550  -46.342  3.216 0.2000000030
19238  14.705  -46.752  2.746 0.2000000030
18594  13.932  -47.202  2.230 0.2000000030
17930  12.682  -47.953  1.425 0.2000000030
18604  12.495  -47.248  1.501 0.2000000030
19236  16.191  -46.731  3.861 0.2000000030
18587  14.662  -47.615  3.223 0.2000000030
17919  13.217  -47.726  1.666 0.2000000030
19246  14.833  -45.904  2.287 0.2000000030
18595  13.348  -46.948  1.539 0.2000000030
17219  10.488  -49.188  1.913 0.2000000030
19247  13.960  -46.357  1.744 0.2000000030
18603  13.021  -47.153  1.388 0.2000000030
19250  11.917  -46.490  1.849 0.2000000030
17920  10.997  -47.889  2.427 0.2000000030
19257  13.182  -45.730  1.426 0.2000000030
96284  12.544  -45.461  1.740 0.2000000030
19256  13.635  -45.859  1.456 0.2000000030
18596  11.387  -47.079  2.120 0.2000000030
19860  12.999  -45.035  1.573 0.2000000030
19249  12.004  -45.715  2.191 0.2000000030
19241  11.671  -46.545  2.406 0.2000000030
20514  13.875  -44.110  1.453 0.2000000030
20500  12.660  -44.702  2.297 0.2000000030
19240  12.026  -46.026  2.888 0.2000000030
19233  12.883  -46.777  3.956 0.2000000030
19861  12.688  -44.714  1.896 0.2000000030
19239  12.850  -45.796  3.429 0.2000000030
18582  12.881  -47.827  4.490 0.2000000030
20509  12.992  -44.179  2.030 0.2000000030
20499  13.220  -44.201  2.570 0.2000000030
21213  13.792  -43.383  2.532 0.2000000030
19840  13.610  -45.559  3.809 0.2000000030
19846  12.824  -44.909  2.991 0.2000000030
19232  13.756  -46.379  4.465 0.2000000030
18569  13.968  -46.851  4.969 0.2000000030
19839  14.370  -45.629  4.593 0.2000000030
21212  14.428  -42.814  2.980 0.2000000030
20492  14.600  -44.721  4.227 0.2000000030
20491  15.198  -44.480  4.680 0.2000000030
18570  13.671  -47.363  5.210 0.2000000030
19226  14.072  -46.535  5.387 0.2000000030
19225  14.286  -46.331  4.955 0.2000000030
21206  14.752  -43.784  3.754 0.2000000030
20484  14.943  -44.975  5.774 0.2000000030
19809  14.090  -45.260  6.183 0.2000000030
21205  15.376  -43.011  4.006 0.2000000030
21204  16.097  -43.147  5.161 0.2000000030
20483  15.383  -44.454  5.423 0.2000000030
21198  15.783  -43.725  5.753 0.2000000030
21175  15.544  -43.330  6.263 0.2000000030
21176  14.568  -43.637  6.440 0.2000000030
24450  14.122  -39.106  5.952 0.2000000030
25943  15.445  -37.506  5.673 0.2000000030
25944  14.076  -37.671  5.548 0.2000000030
94892  12.762  -38.185  5.485 0.2000000030
110170  17.193  -36.487  5.025 0.2000000030
26710  15.341  -36.511  5.450 0.2000000030
26711  13.621  -36.416  5.408 0.2000000030
94730  12.348  -37.488  5.533 0.2000000030
27516  16.356  -35.919  5.177 0.2000000030
100149  14.347  -36.917  5.461 0.2000000030
25958  17.352  -37.184  4.819 0.1000000015
27519  13.094  -35.822  5.430 0.2000000030
113254  14.474  -36.241  5.395 0.2000000030
27532  15.787  -35.020  4.902 0.2000000030
27533  14.730  -34.913  5.137 0.1000000015
104895  16.829  -35.136  4.583 0.2000000030
28394  15.422  -34.215  4.616 0.1000000015
105354  13.890  -35.245  5.346 0.1000000015
28406  17.202  -34.049  3.621 0.1000000015
28395  14.583  -34.083  4.884 0.1000000015
29265  17.660  -34.037  2.627 0.1000000015
29253  16.141  -33.489  4.062 0.1000000015
29281  17.847  -34.200  2.265 0.1000000015
29266  16.938  -33.355  3.361 0.1000000015
30044  15.554  -32.601  3.937 0.1000000015
30054  17.016  -32.776  2.790 0.1000000015
29267  16.291  -32.790  3.454 0.1000000015
30066  17.924  -33.091  1.937 0.1000000015
108262  14.266  -31.306  4.384 0.1000000015
30067  17.356  -32.487  2.128 0.1000000015
30056  15.115  -31.562  4.005 0.1000000015
108149  13.750  -30.197  4.501 0.1000000015
30755  14.460  -30.686  4.088 0.1000000015
30055  15.882  -31.803  3.148 0.1000000015
12509  11.756  -55.548  3.408 0.2000000030
14901  10.074  -52.862  1.080 0.2000000030
10175  1.478  -58.467  12.218 0.2000000030
14079  10.901  -52.794  0.936 0.2000000030
97846  13.325  -37.153  5.428 0.2000000030
106799  14.044  -34.598  5.256 0.1000000015
30045  14.686  -32.388  4.400 0.1000000015
29254  15.074  -33.372  4.455 0.1000000015
7096  5.317  -63.847  25.252 0.2000000030
15681  10.219  -52.175  0.785 0.2000000030
100326  12.276  -48.848  1.180 0.2000000030
18605  11.865  -47.284  1.625 0.2000000030
17932  11.526  -47.710  1.745 0.2000000030
18589  11.228  -47.331  2.838 0.2000000030
22725  15.658  -41.478  6.417 0.2000000030
7657  4.357  -62.554  24.894 0.2000000030
7110  4.631  -63.235  25.083 0.2000000030
95519  11.605  -54.903  3.152 0.2000000030
14882  12.724  -52.933  1.919 0.2000000030
14066  12.178  -53.528  1.768 0.2000000030
110751  13.318  -50.940  2.652 0.2000000030
15678  12.270  -51.198  1.152 0.2000000030
100877  14.698  -48.417  3.511 0.2000000030
18585  16.446  -47.397  4.232 0.2000000030
18586  15.552  -47.290  3.678 0.2000000030
100205  12.701  -46.358  1.502 0.2000000030
21226  13.445  -43.768  1.772 0.2000000030
20498  13.989  -44.131  3.298 0.2000000030
19830  15.076  -45.145  5.031 0.2000000030
109823  15.579  -43.857  4.816 0.2000000030
19831  14.549  -45.785  5.428 0.2000000030
20459  15.203  -44.153  6.138 0.2000000030
21964  15.854  -42.233  4.275 0.2000000030
25254  14.699  -38.307  5.811 0.2000000030
26709  16.521  -36.911  5.413 0.2000000030
27518  14.140  -35.718  5.354 0.2000000030
27517  15.115  -35.693  5.265 0.1000000015
28393  16.466  -34.367  4.389 0.1000000015
28392  17.380  -34.662  3.974 0.1000000015
105313  17.618  -33.389  2.305 0.1000000015
256  16.204  -80.835  -1.798 0.1000000015
366  17.107  -80.406  -1.890 0.1000000015
240  13.989  -80.428  -0.355 0.1000000015
339  11.650  -80.065  1.747 0.1000000015
333  11.436  -79.805  3.319 0.1000000015
190  8.193  -81.032  8.626 0.1000000015
189  9.667  -80.565  8.705 0.1000000015
197  8.634  -80.788  7.548 0.1000000015
205  8.460  -80.927  6.308 0.1000000015
196  10.251  -80.425  7.702 0.1000000015
311  11.876  -79.626  8.518 0.1000000015
210  8.842  -80.838  5.273 0.1000000015
204  9.771  -80.530  6.011 0.1000000015
203  10.731  -80.333  6.811 0.1000000015
108676  12.262  -79.564  7.605 0.1000000015
315  12.630  -79.125  8.422 0.1000000015
310  12.160  -79.035  9.362 0.1000000015
101279  10.903  -80.299  4.900 0.1000000015
321  12.496  -79.299  6.665 0.1000000015
214  11.122  -80.103  4.164 0.1000000015
458  12.910  -78.973  7.596 0.1000000015
329  11.878  -79.403  4.233 0.1000000015
327  11.676  -79.714  5.147 0.1000000015
464  13.164  -78.608  6.849 0.1000000015
343  14.040  -79.084  0.893 0.1000000015
344  13.606  -78.793  1.565 0.1000000015
337  12.850  -79.159  1.755 0.1000000015
99751  11.892  -79.539  2.621 0.1000000015
332  12.306  -79.055  3.491 0.1000000015
642  14.144  -77.473  6.358 0.1000000015
338  12.617  -78.980  2.609 0.1000000015
99358  12.686  -78.534  3.962 0.1000000015
103  7.927  -81.507  10.400 0.1000000015
111493  8.914  -80.739  9.459 0.1000000015
183  10.300  -80.245  9.802 0.1000000015
102995  10.943  -80.150  8.658 0.1000000015
208  11.075  -80.249  5.847 0.1000000015
322  11.706  -79.883  6.782 0.1000000015
326  12.338  -79.279  5.711 0.1000000015
470  12.831  -78.787  6.009 0.1000000015
108934  12.937  -78.449  5.410 0.1000000015
109166  12.383  -78.905  4.260 0.1000000015
475  12.735  -78.539  4.701 0.1000000015
673  14.420  -77.675  2.246 0.1000000015
476  13.074  -78.406  3.253 0.1000000015
663  13.662  -77.734  3.462 0.1000000015
100994  13.250  -78.010  4.968 0.1000000015
628  14.702  -76.780  6.620 0.1000000015
4363  25.892  -68.267  4.461 0.1000000015
99317  13.657  -77.505  4.334 0.1000000015
283  7.490  -79.809  13.137 0.2000000030
162  7.129  -80.223  12.871 0.1000000015
168  7.771  -80.880  11.782 0.1000000015
179  8.387  -80.653  10.968 0.1000000015
104012  9.407  -79.835  10.664 0.1000000015
178  9.855  -80.032  10.461 0.1000000015
177  10.881  -79.533  10.179 0.1000000015
104809  11.362  -79.587  9.500 0.1000000015
444  10.074  -78.342  10.082 0.1000000015
607  10.129  -77.893  9.434 0.1000000015
299  11.092  -78.996  10.307 0.1000000015
600  10.937  -77.936  9.944 0.1000000015
469  13.419  -78.130  5.998 0.1000000015
307  11.615  -78.998  10.026 0.1000000015
99614  24.970  -68.425  3.739 0.1000000015
4396  24.474  -68.552  2.801 0.2000000030
654  13.818  -77.484  5.325 0.1000000015
4397  23.618  -68.777  2.347 0.2000000030
111237  14.148  -77.498  2.936 0.1000000015
662  14.237  -77.037  3.595 0.1000000015
641  14.399  -76.915  5.655 0.1000000015
918  15.072  -76.492  2.322 0.1000000015
914  14.838  -76.386  3.143 0.1000000015
4362  26.638  -68.134  4.438 0.1000000015
284  6.935  -79.635  12.670 0.1000000015
1926  25.724  -74.438  5.898 0.1000000015
2368  26.194  -73.361  7.497 0.1000000015
111668  25.608  -72.705  8.044 0.1000000015
291  6.882  -79.762  12.342 0.1000000015
1927  24.889  -73.432  5.931 0.1000000015
1917  24.976  -72.983  6.680 0.1000000015
301  8.109  -80.103  11.006 0.1000000015
102489  7.144  -79.307  11.001 0.1000000015
104663  24.334  -72.567  6.278 0.1000000015
2370  24.612  -72.378  7.087 0.1000000015
438  7.984  -79.494  10.712 0.1000000015
99209  9.006  -78.818  10.289 0.1000000015
2371  23.967  -71.872  6.719 0.1000000015
437  9.331  -79.295  10.550 0.1000000015
2379  23.624  -72.099  5.877 0.1000000015
114449  9.993  -78.775  10.405 0.1000000015
451  9.053  -78.124  8.787 0.1000000015
2845  22.292  -71.161  6.303 0.2000000030
3311  21.484  -70.610  6.827 0.2000000030
629  13.807  -77.980  7.094 0.1000000015
3312  20.601  -70.513  6.550 0.2000000030
899  14.600  -76.439  5.100 0.1000000015
3814  19.433  -69.743  5.984 0.2000000030
3308  20.856  -69.932  7.205 0.2000000030
908  14.681  -76.255  4.160 0.1000000015
4355  19.598  -68.949  5.790 0.2000000030
1197  15.006  -75.865  5.156 0.1000000015
5492  27.423  -66.704  4.234 0.1000000015
2356  28.087  -73.772  7.839 0.1000000015
3793  32.575  -70.162  8.585 0.1000000015
2359  24.907  -72.327  8.003 0.1000000015
2829  24.589  -71.595  8.605 0.1000000015
452  8.092  -78.630  9.277 0.1000000015
2837  24.212  -71.765  7.644 0.1000000015
2830  23.842  -71.116  8.304 0.1000000015
2380  22.850  -71.753  5.554 0.2000000030
2844  23.222  -71.494  6.434 0.1000000015
3298  24.273  -70.778  9.131 0.1000000015
2839  22.820  -70.947  7.162 0.2000000030
3305  23.113  -70.765  8.074 0.1000000015
445  9.299  -78.337  9.658 0.1000000015
3310  22.133  -70.669  7.164 0.2000000030
4383  23.574  -68.187  3.183 0.2000000030
104272  22.930  -68.563  2.735 0.2000000030
3885  23.421  -69.411  1.505 0.2000000030
3813  19.867  -69.147  6.517 0.2000000030
3807  20.484  -69.247  7.193 0.2000000030
4409  24.427  -69.119  1.743 0.2000000030
4386  20.107  -68.857  4.252 0.2000000030
4367  19.703  -68.779  5.029 0.2000000030
4347  19.995  -68.548  6.259 0.2000000030
1217  15.063  -75.774  3.543 0.1000000015
6097  28.539  -65.501  3.429 0.1000000015
2815  28.791  -71.866  8.770 0.1000000015
2816  28.007  -71.769  9.216 0.1000000015
3794  31.799  -69.972  8.469 0.1000000015
3296  30.067  -71.343  8.522 0.1000000015
3283  28.411  -70.911  9.388 0.1000000015
2818  26.067  -72.040  9.193 0.1000000015
105406  32.954  -69.462  8.642 0.1000000015
101600  32.071  -69.124  8.526 0.1000000015
96902  30.298  -70.454  8.605 0.1000000015
106339  27.623  -69.972  9.814 0.1000000015
3284  27.350  -70.893  9.740 0.1000000015
102257  26.017  -71.261  9.670 0.1000000015
4325  33.548  -68.878  8.780 0.1000000015
2819  25.178  -71.253  9.423 0.1000000015
111367  34.369  -68.778  9.024 0.1000000015
621  9.046  -77.938  7.637 0.1000000015
3287  24.010  -69.983  9.434 0.1000000015
3299  23.537  -70.418  8.842 0.2000000030
3798  23.348  -69.674  9.134 0.2000000030
3300  22.818  -70.084  8.564 0.2000000030
3307  21.664  -70.091  7.601 0.2000000030
3799  22.666  -69.345  8.799 0.2000000030
3788  23.300  -68.834  9.259 0.2000000030
3806  21.283  -69.296  7.849 0.2000000030
3800  21.963  -68.992  8.503 0.2000000030
4317  23.646  -68.143  9.442 0.2000000030
4330  22.201  -68.208  8.548 0.2000000030
4338  20.849  -68.554  7.552 0.2000000030
4331  21.494  -68.431  8.097 0.2000000030
4876  22.501  -67.535  8.549 0.2000000030
4904  20.719  -67.712  5.508 0.2000000030
4354  20.099  -68.313  5.615 0.2000000030
4339  20.324  -68.537  6.927 0.2000000030
97709  21.202  -67.256  6.175 0.2000000030
4893  20.525  -67.878  6.414 0.2000000030
4887  20.721  -67.958  7.176 0.2000000030
4382  25.692  -68.695  4.030 0.1000000015
104857  25.360  -68.817  3.146 0.2000000030
6735  29.636  -64.124  2.960 0.1000000015
99360  24.209  -69.519  1.041 0.2000000030
3282  29.309  -70.571  8.971 0.1000000015
3795  30.832  -69.656  8.530 0.1000000015
3784  28.517  -69.791  9.418 0.1000000015
103357  26.688  -70.087  10.058 0.1000000015
102896  31.193  -68.884  8.503 0.1000000015
4328  30.329  -68.650  8.589 0.1000000015
4329  29.508  -68.614  8.865 0.1000000015
3785  27.817  -69.012  9.728 0.1000000015
102760  26.950  -69.211  10.053 0.1000000015
112022  26.080  -69.320  10.106 0.1000000015
100440  8.529  -77.731  5.950 0.1000000015
4870  33.637  -67.948  8.996 0.1000000015
4327  31.535  -68.262  8.518 0.1000000015
101542  25.257  -69.272  9.983 0.1000000015
632  8.709  -77.852  6.711 0.1000000015
4857  34.695  -67.963  9.246 0.1000000015
101107  24.803  -68.520  9.877 0.2000000030
110165  25.157  -67.546  9.890 0.1000000015
622  7.743  -78.084  7.428 0.1000000015
97435  24.066  -68.668  9.640 0.2000000030
4886  21.246  -67.812  7.623 0.2000000030
3797  28.677  -68.784  9.303 0.1000000015
4315  27.116  -68.312  9.909 0.1000000015
114460  26.384  -68.586  10.053 0.1000000015
4326  32.378  -68.151  8.652 0.1000000015
4861  26.268  -67.732  9.941 0.1000000015
646  7.424  -77.689  5.891 0.1000000015
633  7.579  -77.864  6.657 0.1000000015
4381  26.475  -68.850  4.123 0.1000000015
99232  28.002  -68.056  9.533 0.1000000015
645  8.346  -77.653  5.213 0.1000000015
100441  7.394  -77.616  5.186 0.1000000015
108906  27.229  -67.613  4.339 0.1000000015
3884  24.836  -69.443  0.992 0.2000000030
96563  6.499  -77.539  6.626 0.1000000015
657  8.030  -77.623  4.459 0.1000000015
103920  7.554  -77.595  3.620 0.1000000015
102107  8.593  -77.825  3.493 0.1000000015
4395  25.073  -69.018  2.310 0.2000000030
3853  26.121  -69.175  3.544 0.1000000015
7446  19.147  -63.139  -2.573 0.1000000015
6814  18.871  -64.271  -2.736 0.1000000015
6790  18.654  -64.681  -0.613 0.1000000015
6159  18.404  -65.561  -0.314 0.1000000015
930  6.337  -76.093  0.323 0.1000000015
668  7.044  -77.463  2.579 0.1000000015
679  7.425  -77.378  1.189 0.1000000015
929  6.849  -76.684  0.679 0.1000000015
5491  28.273  -66.469  3.649 0.1000000015
3867  25.859  -69.316  2.428 0.2000000030
8592  18.300  -61.448  -1.133 0.1000000015
8609  18.614  -61.422  -2.456 0.1000000015
7975  19.104  -62.054  -2.500 0.1000000015
7452  19.202  -63.404  -3.316 0.1000000015
7415  19.009  -63.615  -1.048 0.1000000015
105075  19.093  -62.717  -1.828 0.1000000015
101997  19.200  -64.389  0.543 0.1000000015
6779  19.323  -65.071  1.002 0.1000000015
115092  19.071  -65.500  0.640 0.1000000015
5537  19.759  -66.391  0.577 0.2000000030
6769  19.816  -64.740  1.701 0.1000000015
5522  20.261  -65.980  1.209 0.1000000015
658  6.814  -77.520  4.633 0.1000000015
923  5.831  -76.156  1.377 0.1000000015
5490  29.077  -66.148  3.065 0.1000000015
9144  16.865  -60.682  0.106 0.1000000015
8594  16.079  -61.485  -1.132 0.1000000015
110732  26.445  -69.578  3.113 0.1000000015
8579  17.651  -61.137  -0.434 0.1000000015
8593  17.216  -61.341  -1.114 0.1000000015
106450  18.064  -61.263  -1.898 0.1000000015
98035  18.831  -61.498  -3.148 0.1000000015
8564  18.968  -61.402  0.150 0.1000000015
8578  18.681  -61.540  -0.565 0.1000000015
7953  19.042  -62.324  -1.026 0.1000000015
7940  19.435  -62.701  0.500 0.1000000015
104915  19.350  -63.611  0.488 0.1000000015
98721  19.492  -64.174  1.177 0.1000000015
7393  19.880  -63.896  1.888 0.1000000015
6755  20.532  -64.381  2.294 0.1000000015
99124  20.953  -65.658  1.595 0.1000000015
103425  6.501  -77.351  3.893 0.1000000015
922  6.264  -76.863  2.029 0.1000000015
1234  5.482  -75.508  0.460 0.1000000015
1586  4.949  -74.942  -0.025 0.1000000015
1579  4.463  -74.372  0.458 0.1000000015
9728  14.886  -59.590  -1.398 0.2000000030
10363  15.276  -58.835  -2.122 0.2000000030
10347  16.384  -58.430  -1.118 0.2000000030
9738  14.231  -60.036  -1.790 0.2000000030
8596  14.641  -61.124  -1.679 0.2000000030
9145  15.998  -60.637  -0.154 0.2000000030
9711  15.344  -59.776  -0.542 0.2000000030
8581  15.579  -61.149  -0.742 0.2000000030
8595  15.257  -61.340  -1.373 0.2000000030
105518  15.436  -61.604  -2.747 0.2000000030
9123  18.465  -60.746  0.653 0.1000000015
9124  17.434  -60.210  0.756 0.1000000015
8565  18.345  -61.106  -0.031 0.1000000015
8563  19.372  -61.834  0.623 0.1000000015
8548  19.207  -61.121  0.907 0.1000000015
7925  19.743  -62.430  1.304 0.1000000015
104472  4.716  -74.967  0.857 0.1000000015
2432  3.722  -72.871  1.197 0.1000000015
2446  3.566  -72.101  1.053 0.1000000015
10362  16.113  -58.279  -2.037 0.2000000030
11062  16.983  -57.769  -1.859 0.2000000030
11079  16.619  -57.747  -2.813 0.2000000030
109134  16.801  -58.857  0.505 0.1000000015
8623  15.220  -61.683  -3.474 0.2000000030
9696  16.960  -59.520  0.816 0.1000000015
9685  17.707  -59.516  1.373 0.1000000015
2419  2.986  -72.166  2.533 0.1000000015
106788  2.922  -70.983  3.241 0.1000000015
2891  3.466  -71.345  1.404 0.1000000015
3357  3.154  -70.009  3.190 0.1000000015
11883  18.756  -57.187  -4.839 0.2000000030
11884  17.966  -57.476  -4.775 0.2000000030
11872  18.652  -56.638  -3.678 0.2000000030
11093  16.528  -57.782  -3.859 0.2000000030
11080  15.695  -58.227  -3.185 0.2000000030
11855  17.856  -56.994  -2.594 0.2000000030
11078  17.337  -57.336  -2.690 0.2000000030
9737  14.570  -59.392  -2.159 0.2000000030
11061  17.557  -57.419  -1.314 0.2000000030
9179  14.149  -60.674  -2.049 0.2000000030
8624  14.602  -61.592  -3.150 0.2000000030
9180  13.775  -60.755  -2.835 0.2000000030
8634  14.719  -61.807  -4.069 0.2000000030
8633  15.249  -61.723  -4.894 0.2000000030
96837  19.947  -57.259  -5.645 0.2000000030
11105  18.393  -57.725  -5.897 0.2000000030
11108  15.886  -58.238  -4.685 0.2000000030
10364  14.717  -58.882  -2.978 0.2000000030
9188  13.173  -60.776  -3.554 0.2000000030
7980  13.992  -61.750  -3.939 0.2000000030
98210  20.981  -57.128  -6.262 0.2000000030
11107  16.729  -57.968  -5.144 0.2000000030
10371  14.989  -58.664  -4.256 0.2000000030
9747  13.434  -59.758  -3.478 0.2000000030
10382  13.476  -59.303  -4.769 0.2000000030
9748  12.899  -60.198  -3.839 0.2000000030
11124  18.693  -57.739  -6.795 0.2000000030
11106  17.566  -57.835  -5.587 0.2000000030
10380  15.341  -58.811  -5.847 0.2000000030
11895  20.149  -57.295  -6.628 0.2000000030
11125  18.021  -57.993  -6.818 0.2000000030
11126  17.077  -58.199  -6.648 0.2000000030
11138  17.329  -57.874  -7.201 0.2000000030
10392  15.605  -58.711  -7.103 0.2000000030
11912  20.843  -56.922  -6.870 0.2000000030
11123  19.225  -57.458  -6.828 0.2000000030
96708  19.319  -57.023  -7.051 0.2000000030
11915  17.997  -57.472  -7.231 0.2000000030
12611  18.517  -56.988  -7.191 0.2000000030
11916  16.968  -57.488  -7.389 0.2000000030
12612  17.533  -56.779  -7.159 0.2000000030
14127  16.086  -53.678  -4.012 0.2000000030
13323  14.579  -54.175  -4.128 0.2000000030
13311  14.931  -53.999  -3.589 0.1000000015
13299  13.744  -54.477  -2.911 0.1000000015
14126  16.798  -53.661  -4.109 0.1000000015
14116  15.739  -53.814  -3.600 0.1000000015
12560  15.211  -54.924  -2.232 0.1000000015
14935  18.959  -52.708  -3.433 0.1000000015
14113  18.269  -53.139  -4.008 0.2000000030
14114  17.508  -53.458  -3.635 0.1000000015
99650  17.173  -53.794  -2.878 0.1000000015
14106  16.292  -54.002  -2.933 0.1000000015
12553  14.413  -55.814  -1.545 0.2000000030
105241  19.262  -52.185  -2.805 0.1000000015
111953  18.333  -53.134  -3.334 0.1000000015
14928  18.774  -52.781  -2.477 0.1000000015
14098  18.285  -53.295  -1.662 0.1000000015
14105  18.005  -53.426  -2.711 0.1000000015
14099  17.780  -53.774  -1.278 0.1000000015
13297  16.913  -54.370  -2.114 0.1000000015
13285  17.263  -54.333  -1.229 0.1000000015
13286  16.070  -54.675  -2.182 0.1000000015
12551  16.485  -54.781  -1.347 0.2000000030
111730  15.727  -55.215  -1.417 0.2000000030
12304  13.082  -55.472  21.845 0.1000000015
13033  12.279  -54.774  21.429 0.1000000015
9570  1.823  -59.113  11.567 0.1000000015
9569  2.973  -59.525  11.732 0.1000000015
9556  2.137  -59.177  12.497 0.1000000015
17138  8.679  -49.308  9.282 0.1000000015
215  10.067  -80.584  4.098 0.1000000015
11484  9.558  -55.569  24.226 0.1000000015
13019  15.106  -54.826  21.802 0.1000000015
180  8.362  -81.201  11.422 0.1000000015
198  7.888  -81.416  7.022 0.1000000015
103949  7.723  -81.544  7.919 0.1000000015
354  13.057  -79.605  0.823 0.1000000015
97455  13.704  -79.787  0.271 0.1000000015
360  14.877  -80.236  -0.630 0.1000000015
97042  2.855  -71.957  3.297 0.1000000015
106269  20.036  -69.847  6.686 0.2000000030
4366  20.446  -68.194  4.786 0.2000000030
2828  25.414  -72.151  8.712 0.1000000015
8625  12.962  -61.207  -3.960 0.2000000030
10406  15.682  -58.256  -7.694 0.2000000030
7985  14.599  -61.923  -4.856 0.2000000030
302  7.197  -79.840  11.563 0.1000000015
5552  18.573  -66.407  -0.176 0.2000000030
6800  18.634  -64.461  -1.356 0.1000000015
8622  16.121  -61.398  -3.464 0.2000000030
113627  19.171  -62.475  -3.078 0.1000000015
8610  16.620  -61.281  -2.710 0.2000000030
185  7.925  -81.384  9.503 0.1000000015
100649  9.522  -80.540  6.849 0.1000000015
209  9.970  -80.539  5.057 0.1000000015
195  11.381  -80.036  7.663 0.1000000015
97233  11.910  -79.704  6.045 0.1000000015
107524  12.297  -79.128  4.914 0.1000000015
479  13.911  -78.247  2.076 0.1000000015
184  8.823  -80.677  10.267 0.1000000015
674  13.775  -78.023  2.720 0.1000000015
653  14.189  -76.924  4.673 0.1000000015
300  10.343  -79.280  10.455 0.1000000015
1916  25.791  -73.699  6.703 0.1000000015
2369  25.336  -72.905  7.360 0.1000000015
2838  23.545  -71.306  7.341 0.1000000015
3297  29.399  -71.596  8.659 0.1000000015
108530  30.015  -69.336  8.684 0.1000000015
3285  25.655  -70.264  9.966 0.1000000015
113406  25.005  -69.778  9.907 0.1000000015
3786  24.525  -69.383  9.755 0.2000000030
3301  22.095  -69.695  8.257 0.2000000030
110162  21.804  -66.898  7.135 0.2000000030
97715  18.870  -61.698  -1.836 0.1000000015
7433  18.902  -63.856  -1.920 0.1000000015
6780  18.826  -65.048  0.265 0.1000000015
7414  19.255  -63.043  -0.300 0.1000000015
7403  19.067  -64.062  -0.140 0.1000000015
6135  19.798  -65.441  1.381 0.1000000015
6116  21.191  -65.106  2.159 0.1000000015
6133  21.741  -65.648  1.645 0.1000000015
9125  16.473  -60.155  0.372 0.2000000030
107370  17.019  -61.301  -1.937 0.1000000015
7941  19.175  -62.093  -0.193 0.1000000015
9164  14.907  -60.914  -0.998 0.2000000030
114664  15.786  -59.653  -0.103 0.2000000030
11045  17.039  -57.951  -0.841 0.2000000030
102625  17.115  -57.459  -3.407 0.2000000030
10305  17.450  -58.619  1.077 0.1000000015
9739  13.805  -60.152  -2.582 0.2000000030
1391  24.727  -74.298  17.736 0.1000000015
2260  24.609  -72.992  17.415 0.1000000015
2250  23.701  -72.923  18.679 0.1000000015
2238  22.983  -72.819  20.037 0.1000000015
3195  22.179  -70.774  18.143 0.1000000015
1402  25.851  -74.066  16.610 0.1000000015
1808  25.340  -73.935  17.136 0.1000000015
1424  26.797  -74.512  15.432 0.1000000015
1809  24.749  -73.786  17.629 0.1000000015
1807  25.892  -73.458  16.585 0.1000000015
13349  21.509  -55.784  -6.665 0.1000000015
11911  21.401  -56.739  -6.677 0.1000000015
6035  4.266  -64.405  9.550 0.1000000015
14134  22.809  -54.476  -6.247 0.1000000015
13334  21.291  -54.459  -6.112 0.1000000015
13333  22.375  -55.520  -6.506 0.1000000015
100288  23.350  -55.267  -6.259 0.1000000015
12593  22.608  -55.995  -6.376 0.1000000015
13319  23.292  -55.609  -5.574 0.1000000015
12581  21.743  -56.705  -5.796 0.1000000015
11882  20.568  -56.603  -4.991 0.1000000015
11871  19.415  -56.474  -4.232 0.1000000015
11840  17.658  -57.244  -2.024 0.1000000015
6665  4.785  -64.173  10.241 0.1000000015
14952  22.042  -53.575  -5.730 0.1000000015
14939  23.482  -52.598  -5.296 0.1000000015
13350  20.597  -55.572  -6.616 0.1000000015
12594  20.124  -56.601  -6.856 0.1000000015
14121  24.085  -53.665  -5.644 0.1000000015
12595  19.036  -56.379  -6.822 0.1000000015
13308  24.013  -55.000  -4.774 0.1000000015
12571  22.365  -56.046  -5.386 0.1000000015
12572  21.244  -55.753  -4.410 0.1000000015
13309  22.416  -55.192  -4.122 0.1000000015
12573  20.030  -55.669  -3.476 0.1000000015
12559  19.082  -56.134  -3.101 0.1000000015
13310  20.942  -54.932  -3.092 0.1000000015
115087  19.474  -55.659  -2.479 0.1000000015
11838  18.828  -56.158  -2.029 0.1000000015
11044  17.632  -57.540  -0.424 0.1000000015
7274  7.249  -63.058  12.340 0.1000000015
7283  6.736  -63.715  11.723 0.1000000015
6666  3.551  -63.740  9.907 0.1000000015
6650  6.251  -64.241  11.148 0.1000000015
5446  5.468  -65.886  9.078 0.1000000015
14122  20.256  -53.530  -5.412 0.1000000015
14941  21.098  -53.085  -5.323 0.1000000015
13335  19.511  -55.428  -6.427 0.1000000015
15720  21.242  -52.104  -4.859 0.1000000015
12550  19.527  -55.506  -1.562 0.1000000015
106892  18.416  -56.596  -1.336 0.1000000015
11825  19.012  -55.964  -0.962 0.1000000015
11060  18.079  -57.048  -0.879 0.1000000015
7286  2.882  -62.838  10.843 0.1000000015
6652  4.071  -63.421  10.652 0.1000000015
15721  20.648  -51.615  -4.265 0.1000000015
14942  20.124  -52.607  -4.680 0.1000000015
14123  19.371  -53.450  -5.101 0.1000000015
14136  18.907  -54.318  -5.550 0.1000000015
13336  18.513  -55.296  -5.995 0.1000000015
13337  17.555  -55.052  -5.567 0.1000000015
7285  3.939  -62.842  11.318 0.1000000015
7276  4.957  -62.745  11.813 0.1000000015
6651  5.287  -63.880  10.864 0.1000000015
15713  20.292  -51.045  -3.571 0.1000000015
14943  19.102  -52.881  -4.273 0.1000000015
14137  18.001  -54.288  -5.114 0.1000000015
13320  17.137  -54.208  -4.718 0.1000000015
14124  18.491  -53.553  -4.712 0.1000000015
13869  10.392  -53.433  16.521 0.1000000015
14699  11.953  -53.296  16.026 0.1000000015
13083  11.131  -54.239  17.866 0.1000000015
13072  9.303  -54.897  18.667 0.1000000015
12338  8.658  -55.453  18.904 0.1000000015
13074  7.730  -54.747  18.394 0.1000000015
113928  9.554  -53.376  16.692 0.1000000015
100291  9.323  -54.195  18.013 0.1000000015
13868  11.207  -53.331  16.126 0.1000000015
13849  9.870  -53.766  17.262 0.1000000015
107991  11.557  -52.392  14.349 0.1000000015
102131  11.494  -52.959  15.303 0.1000000015
13850  8.909  -53.562  17.225 0.1000000015
13073  8.473  -54.630  18.419 0.1000000015
15519  12.417  -52.139  14.137 0.1000000015
15538  13.148  -51.615  12.309 0.1000000015
12339  7.231  -55.315  18.500 0.1000000015
12354  6.371  -55.031  18.101 0.1000000015
11570  6.542  -56.726  18.340 0.1000000015
13883  9.685  -53.068  15.960 0.1000000015
13882  10.551  -53.065  15.610 0.1000000015
15520  10.874  -51.963  13.584 0.1000000015
14741  10.549  -52.524  14.598 0.1000000015
107317  11.675  -51.811  13.456 0.1000000015
15539  12.373  -51.608  13.051 0.1000000015
98385  7.091  -54.552  18.068 0.1000000015
12341  5.613  -55.591  17.918 0.1000000015
11571  5.762  -56.458  17.972 0.1000000015
10802  5.817  -57.387  17.962 0.1000000015
13851  7.913  -53.530  17.337 0.1000000015
13086  7.821  -54.204  17.979 0.1000000015
14723  9.847  -52.727  15.231 0.1000000015
14700  8.950  -52.601  15.423 0.1000000015
15522  9.036  -51.600  13.555 0.1000000015
10810  4.805  -57.549  17.771 0.1000000015
10103  4.403  -58.115  17.817 0.1000000015
9495  4.230  -59.703  18.004 0.1000000015
100290  8.287  -53.156  16.759 0.1000000015
100593  7.098  -53.826  17.605 0.1000000015
14743  8.610  -51.972  14.479 0.1000000015
13087  6.274  -54.202  17.759 0.1000000015
15523  8.040  -51.232  13.399 0.1000000015
11585  4.863  -56.196  17.738 0.1000000015
103653  4.239  -56.854  17.707 0.1000000015
14725  7.492  -52.256  15.598 0.1000000015
14724  8.080  -52.200  15.206 0.1000000015
6034  5.344  -64.892  9.934 0.1000000015
15554  15.680  -51.469  11.446 0.1000000015
2237  23.599  -73.338  19.546 0.1000000015
1798  23.954  -73.673  18.951 0.1000000015
2239  22.364  -72.375  20.386 0.1000000015
12596  18.042  -56.086  -6.666 0.1000000015
14125  17.642  -53.618  -4.373 0.1000000015
2705  23.204  -72.003  18.267 0.1000000015
2251  23.049  -72.407  19.149 0.1000000015
2706  22.391  -71.433  18.730 0.1000000015
4398  22.110  -68.754  2.819 0.1000000015
100158  21.471  -68.412  3.518 0.1000000015
4365  20.734  -68.432  4.060 0.1000000015
110726  24.327  -68.155  3.548 0.1000000015
4384  22.503  -68.197  3.305 0.1000000015
4930  22.055  -67.805  3.982 0.1000000015
111187  21.189  -67.949  4.288 0.1000000015
4916  21.031  -67.676  4.888 0.1000000015
114556  24.662  -68.060  4.153 0.1000000015
4928  24.002  -67.786  4.003 0.1000000015
4902  23.189  -66.996  5.279 0.1000000015
4915  21.731  -67.507  4.693 0.1000000015
4900  24.902  -67.190  5.287 0.1000000015
4913  23.640  -67.402  4.666 0.1000000015
96877  22.281  -67.086  5.307 0.1000000015
5469  21.985  -66.803  6.090 0.1000000015
5468  22.210  -66.598  6.880 0.1000000015
5461  21.801  -67.179  7.592 0.1000000015
5441  23.034  -67.128  8.879 0.1000000015
4901  24.139  -67.062  5.302 0.1000000015
5475  23.553  -66.553  5.906 0.1000000015
108123  22.753  -66.720  5.823 0.1000000015
103526  22.776  -66.424  6.440 0.1000000015
5460  22.338  -66.634  7.551 0.1000000015
6061  22.918  -66.156  8.093 0.1000000015
5454  22.491  -66.896  8.219 0.1000000015
111433  24.253  -67.844  9.693 0.1000000015
4862  23.611  -67.422  9.363 0.1000000015
6060  23.526  -65.713  8.575 0.1000000015
5440  23.556  -66.728  9.221 0.1000000015
98610  24.551  -65.869  9.480 0.1000000015
105968  3.497  -64.156  28.470 0.1000000015
7055  3.722  -63.117  28.891 0.1000000015
7610  5.473  -62.361  28.667 0.1000000015
7609  6.529  -62.244  28.629 0.1000000015
7056  3.203  -63.020  28.017 0.1000000015
7071  3.516  -63.624  27.062 0.1000000015
7608  7.536  -62.143  28.444 0.1000000015
8189  5.902  -61.842  28.205 0.1000000015
8205  4.078  -61.789  27.615 0.1000000015
7072  3.215  -62.927  27.173 0.1000000015
7085  3.556  -63.215  26.416 0.1000000015
7607  8.353  -62.409  28.331 0.1000000015
8188  6.795  -61.785  28.160 0.1000000015
7621  8.177  -61.857  28.022 0.1000000015
8204  5.214  -61.464  27.696 0.1000000015
8201  8.408  -61.454  27.507 0.1000000015
8202  7.455  -61.445  27.748 0.1000000015
8811  6.791  -60.755  27.230 0.1000000015
8221  8.752  -61.000  26.914 0.1000000015
8810  7.871  -60.842  27.112 0.1000000015
8822  8.320  -60.400  26.541 0.1000000015
8823  7.295  -60.149  26.583 0.1000000015
8824  5.981  -60.171  26.684 0.1000000015
8821  9.130  -60.591  26.296 0.1000000015
8839  8.668  -60.023  25.970 0.1000000015
9383  7.402  -59.486  26.017 0.1000000015
9397  8.933  -59.456  25.520 0.1000000015
9382  8.187  -59.430  25.787 0.1000000015
9399  6.718  -58.919  25.794 0.1000000015
9989  8.390  -58.741  25.434 0.1000000015
13241  17.867  -53.921  3.165 0.1000000015
14062  18.865  -52.994  3.116 0.1000000015
9398  7.595  -58.817  25.672 0.1000000015
9988  9.162  -58.790  25.074 0.1000000015
10985  13.517  -57.950  3.721 0.1000000015
14029  17.325  -53.867  4.490 0.1000000015
12494  16.933  -54.940  4.130 0.1000000015
12506  16.479  -55.613  3.840 0.1000000015
11770  14.807  -57.126  3.855 0.1000000015
14851  19.035  -52.799  4.132 0.1000000015
14028  18.565  -53.251  4.137 0.1000000015
13233  17.449  -54.519  3.681 0.1000000015
106966  15.340  -56.509  4.060 0.1000000015
14869  19.602  -52.333  3.694 0.1000000015
14046  19.058  -52.920  3.712 0.1000000015
14880  19.506  -52.545  2.947 0.1000000015
14881  18.802  -52.745  2.441 0.1000000015
14063  18.223  -53.236  2.443 0.1000000015
14076  17.747  -53.055  1.352 0.1000000015
10686  7.747  -58.009  25.405 0.1000000015
10008  8.600  -57.890  25.077 0.1000000015
11754  14.515  -56.292  4.282 0.1000000015
11755  13.447  -56.636  4.153 0.1000000015
96787  15.334  -55.436  4.449 0.1000000015
12495  16.211  -55.134  4.483 0.1000000015
14852  18.525  -52.800  4.439 0.1000000015
15652  20.325  -51.702  3.563 0.1000000015
15651  21.085  -51.363  2.959 0.1000000015
15663  20.347  -52.031  2.957 0.1000000015
14896  19.103  -52.316  1.990 0.1000000015
14897  18.286  -52.616  1.569 0.1000000015
14907  17.698  -52.240  0.538 0.1000000015
14084  17.670  -53.082  0.499 0.1000000015
13273  17.294  -54.254  -0.234 0.1000000015
13223  15.877  -54.458  4.656 0.1000000015
13224  13.798  -55.167  4.096 0.1000000015
101485  17.328  -53.319  4.640 0.1000000015
105510  19.171  -51.422  4.482 0.1000000015
15639  18.474  -52.153  4.607 0.1000000015
17192  20.819  -49.731  4.469 0.1000000015
16396  20.450  -50.428  4.297 0.1000000015
15638  19.720  -51.848  4.125 0.1000000015
16395  21.278  -50.287  4.039 0.1000000015
16416  20.860  -51.007  3.747 0.1000000015
17208  22.004  -49.943  3.735 0.1000000015
16415  21.600  -50.644  3.348 0.1000000015
15675  20.749  -51.536  2.283 0.1000000015
15677  18.429  -51.966  1.061 0.1000000015
102729  16.203  -55.238  -0.468 0.1000000015
14855  16.181  -53.056  4.610 0.1000000015
110562  15.539  -53.140  4.476 0.1000000015
96357  18.193  -51.285  4.565 0.1000000015
106130  16.332  -52.288  4.483 0.1000000015
98342  20.379  -49.140  4.670 0.1000000015
101000  19.206  -49.797  4.504 0.1000000015
16398  18.626  -50.323  4.468 0.1000000015
17896  21.879  -48.844  4.648 0.1000000015
17191  21.604  -49.557  4.315 0.1000000015
107750  15.594  -52.446  4.338 0.1000000015
97591  17.291  -51.312  4.467 0.1000000015
15642  15.721  -51.676  4.141 0.1000000015
17193  19.916  -49.659  4.537 0.1000000015
97950  19.231  -49.147  4.576 0.1000000015
16399  17.600  -50.423  4.285 0.1000000015
15641  16.475  -51.475  4.305 0.1000000015
18577  22.131  -48.134  5.001 0.1000000015
17194  18.629  -49.263  4.464 0.1000000015
15643  14.983  -51.873  4.043 0.1000000015
17884  20.388  -48.454  4.966 0.1000000015
17196  17.008  -49.621  3.956 0.1000000015
16400  16.580  -50.514  4.035 0.1000000015
16401  15.512  -50.171  3.841 0.1000000015
17883  21.234  -48.278  5.078 0.1000000015
17195  17.861  -49.502  4.295 0.1000000015
17898  19.696  -48.767  4.742 0.1000000015
17899  18.874  -48.421  4.745 0.1000000015
17197  16.218  -49.699  3.880 0.1000000015
17209  15.649  -49.354  3.855 0.1000000015
18564  22.388  -47.359  5.239 0.1000000015
18566  20.469  -47.627  5.271 0.1000000015
17885  19.615  -47.951  5.076 0.1000000015
98354  18.061  -48.603  4.525 0.1000000015
95897  17.270  -48.747  4.287 0.1000000015
105784  17.604  -47.961  4.614 0.1000000015
17901  16.794  -48.066  4.373 0.1000000015
19824  23.230  -45.867  5.432 0.1000000015
19221  21.737  -46.651  5.472 0.1000000015
18567  19.610  -46.983  5.308 0.1000000015
17900  18.278  -47.928  4.787 0.1000000015
19220  22.778  -46.579  5.382 0.1000000015
18580  17.243  -47.337  4.555 0.1000000015
101182  22.838  -45.116  5.535 0.1000000015
19825  22.133  -45.780  5.560 0.1000000015
105405  21.215  -46.041  5.552 0.1000000015
19223  19.919  -46.066  5.474 0.1000000015
18579  18.111  -47.225  4.852 0.1000000015
20476  24.448  -44.523  5.371 0.1000000015
99091  23.774  -45.250  5.429 0.1000000015
13853  5.118  -53.789  17.403 0.1000000015
13872  6.260  -52.761  16.589 0.1000000015
20478  22.404  -44.360  5.565 0.1000000015
101482  21.981  -44.957  5.587 0.1000000015
19826  21.132  -45.259  5.587 0.1000000015
19224  19.098  -46.210  5.345 0.1000000015
19230  17.622  -46.582  4.653 0.1000000015
19829  18.637  -45.572  5.228 0.1000000015
19231  16.848  -46.669  4.292 0.1000000015
19844  15.539  -45.542  2.713 0.1000000015
19854  15.036  -45.047  1.882 0.1000000015
20479  21.456  -44.312  5.585 0.1000000015
19827  20.221  -45.291  5.542 0.1000000015
19828  19.408  -45.399  5.451 0.1000000015
20480  20.610  -44.536  5.580 0.1000000015
20481  19.782  -44.578  5.521 0.1000000015
19836  17.855  -45.706  4.708 0.1000000015
19838  16.414  -45.788  3.548 0.1000000015
21193  22.002  -43.747  5.560 0.1000000015
21192  22.826  -43.645  5.580 0.1000000015
114131  20.910  -43.983  5.599 0.1000000015
20489  18.267  -45.034  4.987 0.1000000015
20490  17.735  -44.815  4.389 0.1000000015
19843  17.186  -45.295  3.969 0.1000000015
98529  16.642  -44.853  3.274 0.1000000015
19855  14.233  -45.478  1.607 0.1000000015
19859  13.609  -45.038  1.491 0.1000000015
19853  15.895  -44.704  2.498 0.1000000015
20508  14.424  -44.556  1.416 0.1000000015
20507  15.249  -44.094  1.429 0.1000000015
21224  15.538  -43.217  1.157 0.1000000015
21210  17.085  -43.566  3.093 0.1000000015
21232  14.124  -43.324  1.516 0.1000000015
20513  14.720  -43.675  1.257 0.1000000015
17008  21.225  -48.968  20.486 0.1000000015
21225  13.717  -43.154  1.939 0.1000000015
21987  14.376  -42.576  1.720 0.1000000015
21979  14.263  -42.599  2.220 0.1000000015
22779  15.451  -41.381  1.671 0.1000000015
17786  23.211  -48.603  20.150 0.1000000015
16251  19.804  -50.046  18.923 0.1000000015
21151  19.433  -43.538  8.704 0.1000000015
21969  15.031  -42.042  2.850 0.1000000015
22758  15.299  -40.959  2.324 0.1000000015
21963  16.327  -42.360  5.450 0.1000000015
21174  15.884  -42.434  6.322 0.1000000015
21197  16.245  -42.967  5.996 0.1000000015
112413  19.340  -42.994  8.886 0.1000000015
107691  18.785  -42.736  8.979 0.1000000015
23612  15.776  -40.085  1.958 0.1000000015
22757  15.870  -40.309  3.093 0.1000000015
22751  15.589  -41.315  3.351 0.1000000015
23618  16.533  -39.576  1.568 0.1000000015
23611  16.394  -39.200  2.247 0.1000000015
22750  16.279  -41.453  4.584 0.1000000015
21957  16.383  -42.286  6.014 0.1000000015
23605  16.455  -39.676  3.825 0.1000000015
108737  16.848  -38.439  2.306 0.1000000015
103209  16.673  -38.842  3.521 0.1000000015
101014  16.510  -40.693  4.823 0.1000000015
98466  16.519  -40.884  5.734 0.1000000015
97795  16.192  -40.831  6.241 0.1000000015
24476  16.797  -38.922  4.850 0.1000000015
24466  16.537  -39.572  5.725 0.1000000015
23580  16.067  -40.032  6.277 0.1000000015
25942  16.796  -37.857  5.435 0.1000000015
25253  15.882  -38.421  5.972 0.1000000015
25237  15.231  -38.922  6.113 0.1000000015
23581  15.226  -40.544  6.402 0.1000000015
10970  12.861  -57.302  4.094 0.1000000015
20433  19.122  -44.177  8.592 0.1000000015
6460  4.486  -64.318  26.895 0.1000000015
6453  3.301  -63.466  27.866 0.1000000015
114299  21.715  -49.320  19.086 0.1000000015
7622  3.484  -62.397  27.392 0.1000000015
8813  4.483  -61.137  27.055 0.1000000015
17902  16.333  -48.893  4.043 0.1000000015
19837  17.195  -46.028  4.284 0.1000000015
22724  16.286  -41.646  6.143 0.1000000015
4929  23.055  -67.728  3.895 0.1000000015
4914  22.642  -67.385  4.584 0.1000000015
6440  3.424  -63.643  28.667 0.1000000015
100652  4.408  -62.511  28.658 0.1000000015
8190  4.793  -62.029  28.204 0.1000000015
13222  16.713  -54.421  4.513 0.1000000015
112520  14.445  -55.529  4.345 0.1000000015
96744  14.827  -54.774  4.440 0.1000000015
14854  16.941  -52.921  4.745 0.1000000015
108509  17.807  -51.965  4.699 0.1000000015
18565  21.423  -47.462  5.329 0.1000000015
18578  18.855  -47.550  5.045 0.1000000015
19222  20.681  -46.663  5.457 0.1000000015
18568  18.788  -46.863  5.176 0.1000000015
102610  20.602  -45.864  5.538 0.1000000015
19229  18.352  -46.370  5.049 0.1000000015
21191  24.866  -43.627  5.431 0.1000000015
20482  18.888  -44.661  5.331 0.1000000015
21231  15.061  -42.805  1.207 0.1000000015
21978  14.806  -41.685  1.964 0.1000000015
22766  15.369  -40.833  1.915 0.1000000015
17006  22.543  -48.890  19.471 0.1000000015
22744  16.449  -41.628  5.595 0.1000000015
23597  16.637  -39.896  5.080 0.1000000015
109491  16.515  -40.292  5.906 0.1000000015
24449  15.252  -39.646  6.275 0.1000000015
100309  16.992  -38.332  4.828 0.1000000015
25265  17.326  -37.810  4.106 0.1000000015
25252  16.588  -38.774  5.590 0.1000000015
24448  15.991  -39.230  6.173 0.1000000015
1  10.651  -82.822  10.881 0.6999999881
6  12.264  -82.711  10.320 0.8999999762
14  9.026  -83.019  10.109 0.5000000000
30  9.895  -82.921  7.676 0.5000000000
40  8.075  -82.418  5.691 0.3000000119
41  16.224  -82.059  5.918 0.8999999762
52  9.547  -82.590  3.813 0.4000000060
54  8.445  -81.995  4.070 0.3000000119
70  11.044  -82.098  1.402 0.2000000030
71  10.620  -81.820  1.512 0.2000000030
79  15.967  -82.278  -0.775 0.4000000060
82  12.993  -82.002  -0.320 0.2000000030
84  15.588  -82.065  -1.449 0.2000000030
88  8.838  -81.675  12.238 0.4000000060
91  10.281  -82.021  11.890 0.6999999881
92  9.450  -82.078  11.915 0.5000000000
117  7.742  -81.754  6.257 0.2000000030
122  8.671  -81.624  4.088 0.2000000030
123  8.017  -81.961  4.618 0.3000000119
143  11.671  -81.520  0.548 0.2000000030
146  17.288  -82.133  -0.804 0.5000000000
149  18.807  -81.291  -1.170 0.5000000000
153  15.501  -81.892  -1.643 0.2000000030
167  11.461  -80.994  12.030 0.8999999762
216  9.051  -80.903  4.359 0.2000000030
235  10.624  -81.579  1.436 0.2000000030
243  22.464  -79.983  -0.600 0.5000000000
258  20.222  -79.863  -2.242 0.5000000000
263  8.179  -79.095  19.256 0.4000000060
265  10.724  -79.373  18.131 0.4000000060
266  9.952  -79.348  18.285 0.4000000060
267  9.243  -79.294  18.528 0.4000000060
269  11.746  -79.254  17.571 0.4000000060
271  10.154  -79.326  17.575 0.5000000000
272  9.278  -79.301  17.843 0.5000000000
273  11.531  -79.177  17.181 0.4000000060
275  10.627  -80.202  13.326 0.6999999881
276  9.561  -79.914  13.414 0.6000000238
290  7.218  -80.428  12.281 0.1000000015
303  6.814  -79.288  11.629 0.1000000015
323  20.811  -79.746  5.130 0.8000000119
346  11.572  -80.575  0.981 0.2000000030
373  15.115  -79.599  -6.569 0.1000000015
383  8.016  -78.624  21.359 0.4000000060
385  8.835  -78.768  20.690 0.4000000060
386  8.232  -78.866  20.756 0.4000000060
388  10.269  -79.012  18.764 0.3000000119
389  9.668  -78.918  19.275 0.4000000060
394  12.097  -79.114  17.853 0.4000000060
398  6.794  -78.255  18.578 0.5000000000
399  12.292  -79.013  17.375 0.4000000060
405  10.619  -78.917  16.970 0.5000000000
423  7.061  -79.030  12.676 0.1000000015
431  16.387  -79.344  10.921 0.8999999762
435  11.424  -78.378  10.068 0.1000000015
436  10.707  -78.602  10.263 0.1000000015
439  6.831  -78.898  10.857 0.2000000030
440  6.754  -78.508  10.896 0.2000000030
466  20.947  -79.215  4.438 0.8000000119
474  13.136  -78.079  4.101 0.1000000015
480  13.308  -78.566  2.329 0.1000000015
491  24.174  -78.216  -0.117 0.6000000238
492  23.773  -78.794  -0.316 0.6000000238
498  23.948  -78.988  -1.044 0.6999999881
499  18.851  -78.877  -1.994 0.3000000119
530  15.972  -78.505  -9.677 0.5000000000
542  8.854  -78.146  22.068 0.3000000119
544  7.363  -78.014  22.249 0.2000000030
545  9.288  -78.281  20.559 0.4000000060
552  10.185  -77.877  18.884 0.2000000030
555  13.083  -78.304  17.701 0.4000000060
560  12.795  -78.154  16.745 0.4000000060
563  8.659  -77.987  16.273 0.4000000060
564  7.741  -78.147  16.347 0.5000000000
566  6.027  -77.931  16.827 0.6000000238
567  5.404  -77.335  16.207 0.6999999881
569  17.036  -77.699  16.285 0.5000000000
585  10.109  -77.873  12.658 0.8000000119
591  13.716  -77.481  12.160 0.8999999762
593  8.565  -77.388  11.816 0.5000000000
595  6.780  -78.691  11.519 0.3000000119
601  7.452  -77.007  10.775 0.4000000060
604  19.737  -77.858  9.869 0.8000000119
639  17.239  -77.205  6.024 0.8999999762
659  5.751  -77.246  4.807 0.1000000015
725  15.471  -77.177  -7.615 0.5000000000
747  17.443  -77.076  -10.615 0.8000000119
753  8.752  -77.321  22.945 0.2000000030
754  8.261  -77.350  23.330 0.3000000119
755  7.602  -77.310  23.483 0.2000000030
756  6.514  -76.998  23.022 0.2000000030
760  20.280  -76.788  20.563 0.5000000000
761  13.732  -76.237  20.191 0.2000000030
765  23.080  -76.211  19.532 0.3000000119
773  7.121  -76.065  19.200 0.6000000238
779  19.063  -77.126  19.603 0.5000000000
780  13.656  -76.801  18.649 0.4000000060
791  4.942  -76.661  17.423 0.6999999881
792  4.661  -76.381  16.789 0.6999999881
806  10.468  -76.228  15.785 0.5000000000
807  9.619  -76.574  15.774 0.5000000000
814  8.329  -75.988  15.000 0.5000000000
823  23.993  -76.124  12.452 0.3000000119
840  23.997  -76.924  10.040 0.3000000119
847  15.248  -76.695  10.715 0.8999999762
854  19.708  -77.106  10.036 0.8000000119
857  7.670  -76.171  9.816 0.4000000060
862  24.496  -76.995  8.321 0.4000000060
911  4.971  -76.328  4.924 0.3000000119
916  18.268  -76.429  2.095 0.6999999881
919  14.639  -77.040  2.727 0.1000000015
957  25.900  -76.544  -3.687 0.6999999881
978  20.027  -77.108  -5.260 0.3000000119
979  16.271  -76.161  -5.851 0.8999999762
980  15.730  -76.161  -5.979 0.6999999881
1006  20.714  -76.875  -9.745 0.8999999762
1009  16.679  -77.233  -10.180 0.6999999881
1012  18.301  -76.472  -10.750 0.8000000119
1016  8.246  -76.065  24.039 0.2000000030
1026  21.480  -75.527  22.266 0.3000000119
1028  14.774  -75.860  21.575 0.3000000119
1043  24.007  -74.916  19.182 0.2000000030
1049  12.650  -75.438  19.868 0.1000000015
1059  11.551  -76.032  18.530 0.2000000030
1061  7.068  -75.805  18.603 0.6000000238
1076  22.168  -75.865  16.980 0.4000000060
1083  4.391  -75.643  16.431 0.6999999881
1093  11.471  -75.317  15.550 0.6000000238
1105  8.145  -75.700  14.385 0.6999999881
1116  6.836  -75.807  13.374 0.8000000119
1120  24.828  -75.789  12.125 0.1000000015
1126  5.931  -75.513  12.543 0.8000000119
1128  4.995  -75.396  13.040 0.6999999881
1137  9.981  -75.993  11.024 1.0000000000
1156  7.257  -76.030  9.100 0.3000000119
1188  5.680  -76.173  6.225 0.4000000060
1202  5.857  -75.516  4.990 0.4000000060
1253  19.082  -75.517  -1.567 0.1000000015
1261  20.980  -75.198  -2.491 0.2000000030
1265  25.932  -75.863  -3.657 0.8000000119
1266  25.818  -75.159  -3.550 0.8999999762
1270  19.921  -74.882  -3.146 0.2000000030
1300  14.834  -75.766  -7.152 0.5000000000
1313  22.072  -75.791  -9.507 0.6999999881
1315  18.169  -75.771  -10.158 0.8000000119
1320  18.636  -75.740  -10.694 0.6999999881
1347  21.015  -74.988  22.800 0.3000000119
1348  20.172  -75.173  23.076 0.3000000119
1351  17.072  -74.682  22.800 0.3000000119
1354  14.723  -75.289  22.534 0.3000000119
1355  8.628  -74.742  22.896 0.2000000030
1358  22.617  -74.819  21.837 0.3000000119
1359  21.659  -75.221  22.388 0.3000000119
1362  16.113  -75.105  22.529 0.3000000119
1365  13.447  -75.436  21.559 0.1000000015
1366  9.032  -74.904  21.300 0.2000000030
1379  5.462  -74.940  20.684 0.5000000000
1386  15.180  -75.279  19.673 0.4000000060
1390  6.119  -74.529  19.998 0.5000000000
1399  9.812  -74.690  18.587 0.1000000015
1419  14.314  -74.488  16.708 0.5000000000
1420  13.799  -74.958  16.254 0.5000000000
1422  4.521  -74.471  16.840 0.6999999881
1434  13.062  -74.541  15.395 0.5000000000
1438  4.127  -74.057  16.450 0.6999999881
1462  6.663  -75.430  12.720 0.6999999881
1464  4.215  -74.485  13.937 0.6999999881
1473  5.559  -75.222  12.121 0.6999999881
1479  23.357  -75.439  12.158 0.4000000060
1484  13.684  -74.586  11.680 1.0000000000
1503  11.745  -74.545  10.828 1.0000000000
1512  23.132  -75.261  9.784 0.4000000060
1514  21.700  -74.207  9.293 0.5000000000
1520  3.855  -74.625  9.656 0.8999999762
1532  21.973  -74.822  7.906 0.6999999881
1541  26.208  -75.583  5.815 0.3000000119
1545  10.176  -73.381  6.687 0.8999999762
1546  9.553  -74.158  6.415 0.8999999762
1556  9.060  -74.043  5.763 0.8000000119
1621  19.323  -74.667  -2.397 0.2000000030
1634  18.373  -74.624  -5.071 0.8000000119
1673  20.432  -74.406  -10.973 0.8000000119
1674  19.576  -74.504  -10.717 0.8999999762
1749  5.545  -73.863  26.211 0.2000000030
1761  17.215  -74.542  23.019 0.2000000030
1762  16.598  -74.198  23.118 0.2000000030
1767  21.824  -74.539  22.396 0.3000000119
1774  23.563  -74.394  20.514 0.3000000119
1777  17.729  -74.269  21.504 0.3000000119
1779  13.102  -74.420  21.174 0.2000000030
1822  7.462  -72.982  16.743 0.6000000238
1824  5.400  -73.834  16.568 0.6000000238
1835  3.905  -73.198  15.425 0.8000000119
1837  20.965  -73.867  14.127 0.5000000000
1840  12.169  -73.150  14.719 0.6999999881
1841  11.250  -73.216  14.614 0.6000000238
1847  21.525  -73.709  13.610 0.6000000238
1849  10.051  -72.908  13.818 0.6000000238
1850  9.424  -73.318  13.408 0.6000000238
1851  8.890  -73.671  12.969 0.6000000238
1857  20.790  -73.860  12.578 0.6000000238
1861  8.547  -73.517  12.349 0.6999999881
1869  18.103  -72.792  11.495 0.6999999881
1877  2.852  -73.371  11.222 0.8999999762
1882  21.166  -73.705  10.514 0.6000000238
1885  15.887  -73.700  10.617 0.8000000119
1890  6.978  -73.326  10.829 0.8999999762
1893  4.579  -74.423  9.607 0.8999999762
1899  21.335  -73.859  9.933 0.6000000238
1906  3.255  -74.300  9.800 0.8999999762
1910  11.382  -73.171  8.235 1.0000000000
1921  10.738  -73.356  7.181 1.0000000000
1932  8.994  -73.445  5.994 0.8999999762
1934  6.547  -73.248  6.019 0.8000000119
1947  8.435  -73.858  5.412 0.6999999881
1952  3.716  -73.315  5.941 0.8000000119
1964  3.716  -73.146  5.150 0.6999999881
1992  29.678  -73.791  0.387 0.1000000015
2019  29.597  -73.656  -1.232 0.2000000030
2041  19.427  -73.530  -4.513 0.8000000119
2043  18.252  -73.436  -4.433 0.8000000119
2077  16.014  -73.024  -8.009 0.8999999762
2182  4.924  -72.531  27.738 0.2000000030
2191  5.185  -72.958  27.190 0.2000000030
2193  3.903  -72.312  26.657 0.3000000119
2202  6.818  -73.128  25.409 0.2000000030
2204  3.660  -72.272  24.817 0.4000000060
2211  17.534  -73.095  23.042 0.2000000030
2214  15.246  -73.750  22.716 0.2000000030
2224  14.097  -73.879  22.005 0.2000000030
2244  12.997  -72.718  19.682 0.1000000015
2249  24.246  -73.440  18.184 0.1000000015
2263  18.903  -72.016  17.670 0.5000000000
2264  17.373  -71.993  17.940 0.5000000000
2266  16.062  -72.748  17.739 0.5000000000
2286  7.524  -72.017  15.779 0.8000000119
2290  3.961  -72.731  15.257 0.8000000119
2303  3.571  -72.343  14.504 0.8000000119
2315  19.250  -71.814  13.189 0.6999999881
2321  2.756  -72.560  12.655 0.8000000119
2328  7.689  -72.799  10.918 0.8000000119
2332  17.697  -72.657  10.942 0.8000000119
2333  16.984  -72.540  10.594 0.8000000119
2338  6.379  -72.920  9.787 0.8999999762
2346  11.908  -72.779  8.905 1.0000000000
2350  5.902  -73.062  9.117 0.8999999762
2351  3.060  -74.090  9.136 0.8999999762
2366  3.194  -73.757  8.613 1.0000000000
2373  9.162  -72.421  7.073 0.8999999762
2377  5.714  -73.243  7.716 0.8999999762
2388  3.547  -73.115  6.366 0.8000000119
2409  30.222  -72.775  3.113 0.1000000015
2420  31.581  -72.578  3.519 0.1000000015
2421  30.843  -73.091  2.801 0.1000000015
2433  3.237  -72.092  1.752 0.1000000015
2551  20.121  -72.529  -11.005 0.8000000119
2555  11.543  -72.869  -11.240 0.1000000015
2562  12.159  -72.464  -11.457 0.1000000015
2626  4.108  -71.608  28.650 0.3000000119
2638  11.215  -72.020  26.860 0.1000000015
2665  7.067  -71.561  24.840 0.1000000015
2678  3.545  -70.920  22.800 0.5000000000
2679  20.712  -72.037  21.450 0.1000000015
2683  16.700  -71.549  22.013 0.2000000030
2691  19.788  -71.161  21.171 0.1000000015
2696  22.384  -71.944  19.689 0.1000000015
2711  11.937  -72.125  17.881 0.1000000015
2725  10.700  -71.303  17.596 0.1000000015
2727  6.769  -71.394  17.375 0.6000000238
2728  5.642  -71.040  17.855 0.6000000238
2733  18.515  -71.346  16.333 0.5000000000
2748  7.184  -71.697  15.047 0.6999999881
2755  15.243  -71.959  14.441 0.5000000000
2758  12.357  -71.487  14.143 0.6999999881
2760  7.306  -70.825  14.788 0.8000000119
2763  4.241  -71.797  14.341 0.8000000119
2764  3.587  -72.028  14.355 0.8000000119
2773  19.294  -71.595  13.745 0.6999999881
2778  12.702  -70.955  13.860 0.6999999881
2783  3.083  -71.943  14.005 0.8000000119
2787  18.989  -71.591  12.591 0.6999999881
2788  11.008  -70.622  12.774 0.6999999881
2791  2.852  -71.625  12.852 0.8000000119
2797  17.892  -71.210  11.512 0.6999999881
2798  9.602  -71.521  11.382 0.6999999881
2800  2.654  -71.676  12.029 0.8999999762
2808  13.056  -71.624  9.936 1.0000000000
2840  11.281  -72.162  7.585 1.0000000000
2843  3.213  -71.962  7.679 0.8000000119
2948  18.864  -71.607  -3.494 0.8000000119
2974  20.760  -71.828  -5.039 0.5000000000
2995  17.381  -71.423  -7.398 0.8999999762
3026  21.007  -71.273  -11.111 0.8000000119
3033  14.766  -71.281  -11.155 0.3000000119
3102  4.061  -70.870  30.357 0.3000000119
3138  3.407  -70.838  27.513 0.3000000119
3182  16.657  -70.142  21.064 0.1000000015
3186  4.244  -70.197  20.532 0.5000000000
3209  6.073  -70.346  17.322 0.6999999881
3227  16.208  -71.191  13.925 0.5000000000
3236  18.842  -70.805  13.506 0.6000000238
3237  18.210  -70.660  13.299 0.6999999881
3244  3.450  -71.276  12.922 0.8000000119
3256  13.778  -69.643  12.521 0.8000000119
3263  17.475  -70.663  11.817 0.8000000119
3264  16.713  -70.519  11.600 0.8000000119
3266  11.413  -69.801  10.919 0.8000000119
3274  12.330  -69.758  9.991 0.8999999762
3286  24.732  -70.244  9.679 0.1000000015
3290  11.011  -70.168  9.456 0.8999999762
3292  3.079  -70.339  9.701 0.8999999762
3302  12.249  -70.814  8.820 1.0000000000
3306  22.408  -70.397  7.855 0.2000000030
3327  18.767  -70.586  4.395 0.4000000060
3361  20.719  -70.079  2.310 0.3000000119
3363  18.960  -71.008  2.855 0.3000000119
3409  18.194  -70.293  -2.973 0.6000000238
3415  26.382  -69.983  -3.585 0.5000000000
3467  28.419  -71.127  -8.115 0.1000000015
3505  15.303  -70.742  -11.156 0.6000000238
3589  3.841  -69.943  31.558 0.2000000030
3617  3.311  -69.680  28.952 0.3000000119
3626  3.359  -69.430  28.098 0.3000000119
3639  6.785  -69.972  26.890 0.1000000015
3640  3.520  -69.324  27.227 0.3000000119
3650  7.090  -70.104  26.092 0.1000000015
3651  3.723  -69.235  26.287 0.2000000030
3660  7.610  -69.870  24.421 0.1000000015
3698  4.457  -69.645  20.681 0.6000000238
3702  15.780  -69.545  19.367 0.1000000015
3712  14.761  -69.484  17.999 0.1000000015
3730  6.872  -69.848  16.515 0.6999999881
3762  14.780  -69.716  11.960 0.8000000119
3765  12.492  -69.547  12.290 0.6999999881
3778  13.561  -69.951  10.973 1.0000000000
3787  23.855  -69.308  9.491 0.2000000030
3796  29.361  -69.574  8.998 0.1000000015
3820  2.483  -68.622  5.997 0.3000000119
3822  18.984  -70.024  4.680 0.4000000060
3947  21.012  -69.978  -4.726 0.4000000060
4115  3.914  -69.354  32.909 0.1000000015
4134  3.262  -69.293  30.343 0.2000000030
4144  11.472  -69.028  27.170 0.1000000015
4147  7.608  -68.595  27.702 0.1000000015
4162  8.745  -68.132  26.654 0.1000000015
4194  4.020  -68.616  24.704 0.3000000119
4215  4.456  -68.029  22.976 0.4000000060
4225  4.441  -68.934  21.716 0.6000000238
4237  5.407  -68.559  20.792 0.6000000238
4264  11.538  -68.381  17.164 0.1000000015
4265  10.998  -68.746  17.368 0.1000000015
4272  7.236  -68.457  15.360 0.6999999881
4288  4.685  -68.436  13.427 0.8999999762
4318  22.966  -67.984  9.032 0.2000000030
4353  2.402  -67.695  6.318 0.4000000060
4364  25.254  -68.161  4.401 0.1000000015
4524  25.408  -68.521  -10.227 0.3000000119
4535  24.709  -68.195  -10.502 0.3000000119
4536  23.696  -68.212  -10.694 0.3000000119
4620  4.016  -67.930  33.813 0.1000000015
4631  3.711  -67.983  33.242 0.2000000030
4638  3.551  -67.319  31.966 0.2000000030
4645  3.418  -67.799  31.243 0.2000000030
4658  10.630  -68.405  28.252 0.1000000015
4660  5.075  -67.003  28.231 0.2000000030
4662  3.550  -68.255  28.922 0.2000000030
4680  11.212  -67.860  26.501 0.1000000015
4716  4.409  -67.815  24.600 0.3000000119
4729  5.948  -66.999  23.380 0.5000000000
4762  6.193  -67.944  20.618 0.6999999881
4775  7.634  -66.953  19.321 0.6999999881
4799  8.468  -66.383  15.102 0.6999999881
4877  21.904  -67.640  8.105 0.2000000030
4903  21.439  -67.320  5.405 0.1000000015
5010  17.641  -67.397  -1.950 0.3000000119
5028  25.765  -67.565  -2.070 0.1000000015
5033  17.447  -67.356  -2.674 0.4000000060
5066  5.108  -67.876  -5.989 0.1000000015
5078  4.711  -66.683  -6.318 0.1000000015
5086  8.602  -66.869  -7.407 0.8999999762
5107  6.025  -67.139  -10.022 0.1000000015
5115  7.012  -66.712  -11.362 0.1000000015
5122  15.359  -66.574  -12.801 0.8999999762
5210  3.954  -66.753  33.234 0.2000000030
5224  3.752  -66.192  31.558 0.2000000030
5289  6.664  -66.583  23.717 0.5000000000
5322  8.635  -66.040  20.460 0.6999999881
5334  2.870  -66.437  19.132 0.8000000119
5346  3.005  -66.769  18.361 0.8999999762
5355  3.409  -66.856  17.303 0.8999999762
5360  9.064  -66.074  16.418 0.6999999881
5367  8.924  -65.968  15.671 0.6999999881
5388  6.334  -65.854  13.608 0.8999999762
5427  5.797  -65.660  9.724 0.1000000015
5453  23.216  -66.402  8.722 0.1000000015
5538  19.077  -66.257  0.395 0.2000000030
5586  11.576  -66.064  -3.664 0.8999999762
5587  10.053  -66.234  -4.140 0.8999999762
5603  12.806  -66.056  -4.446 0.8999999762
5604  11.898  -66.344  -4.302 0.8999999762
5605  10.925  -66.412  -4.257 0.8999999762
5619  13.929  -65.787  -5.150 0.8000000119
5620  13.319  -66.235  -5.062 0.8000000119
5623  9.508  -66.627  -5.433 0.8999999762
5638  11.941  -66.625  -6.126 0.8999999762
5651  16.180  -65.736  -7.838 0.6000000238
5652  15.623  -65.963  -7.348 0.6999999881
5658  8.975  -66.571  -8.062 0.8999999762
5671  14.742  -66.482  -8.527 0.8000000119
5677  8.468  -65.931  -8.768 0.5000000000
5686  14.075  -66.088  -9.357 0.8999999762
5697  8.767  -66.290  -11.999 0.1000000015
5703  10.781  -66.254  -13.146 0.2000000030
5709  15.500  -65.870  -12.726 0.8999999762
5711  13.981  -66.053  -13.561 0.8000000119
5712  12.431  -65.866  -13.583 0.4000000060
5818  3.709  -65.383  31.728 0.2000000030
5866  7.486  -65.199  25.317 0.5000000000
5900  8.655  -65.555  22.768 0.6000000238
5913  9.023  -65.502  21.014 0.6000000238
5924  9.193  -65.342  19.777 0.6999999881
5942  3.017  -66.419  19.915 1.0000000000
5960  2.545  -65.905  18.542 0.6999999881
5971  4.283  -66.551  16.877 0.8999999762
5972  2.507  -66.178  16.413 0.6000000238
5975  8.685  -65.371  15.496 0.6999999881
5983  8.245  -65.168  14.869 0.6999999881
5984  7.520  -65.088  14.553 0.8999999762
5999  2.621  -65.632  13.280 0.6999999881
6051  4.909  -65.090  9.258 0.1000000015
6052  3.663  -64.646  8.844 0.2000000030
6053  2.315  -64.528  8.673 0.2000000030
6054  1.440  -64.854  8.960 0.3000000119
6134  20.375  -65.264  1.805 0.1000000015
6146  19.398  -65.857  0.857 0.1000000015
6147  18.794  -65.852  0.374 0.1000000015
6162  4.965  -65.305  -0.126 0.6999999881
6163  4.200  -64.990  -0.772 0.6000000238
6184  5.621  -65.148  -1.853 0.6999999881
6192  11.961  -65.396  -3.248 1.0000000000
6193  11.059  -65.685  -3.172 0.8999999762
6208  9.216  -65.768  -4.011 0.8999999762
6209  6.362  -64.486  -5.281 0.6999999881
6212  2.092  -64.459  -4.573 0.1000000015
6223  14.193  -65.302  -5.339 0.6999999881
6235  14.674  -65.345  -6.055 0.6999999881
6240  3.458  -63.912  -6.345 0.1000000015
6256  20.444  -64.604  -9.578 0.6000000238
6259  5.781  -63.778  -8.814 0.5000000000
6261  20.171  -64.689  -10.178 0.6999999881
6277  10.731  -64.292  -11.203 0.6999999881
6280  6.621  -64.682  -11.460 0.1000000015
6286  13.988  -64.585  -12.490 0.8999999762
6292  15.829  -65.622  -12.362 0.8999999762
6296  11.507  -64.689  -13.156 0.4000000060
6412  3.784  -64.463  31.106 0.2000000030
6451  5.136  -64.873  27.485 0.2000000030
6468  7.139  -64.583  25.252 0.3000000119
6470  5.207  -64.290  26.096 0.2000000030
6510  9.388  -64.612  21.386 0.6999999881
6529  2.895  -65.152  21.530 1.0000000000
6530  2.539  -64.809  21.399 0.8999999762
6545  2.588  -64.902  20.057 0.6999999881
6561  8.638  -64.622  18.763 0.8000000119
6578  2.498  -65.192  17.848 0.5000000000
6590  7.986  -64.700  15.351 0.8999999762
6591  7.139  -64.792  14.781 0.8999999762
6601  5.875  -64.786  14.140 0.8000000119
6602  4.838  -64.760  13.909 0.8000000119
6604  2.415  -65.160  14.006 0.6999999881
6653  2.019  -63.132  10.498 0.2000000030
6761  7.790  -64.310  2.127 1.0000000000
6781  8.108  -64.196  0.550 1.0000000000
6806  1.806  -62.985  -2.384 0.1000000015
6815  12.147  -64.378  -3.076 1.0000000000
6817  10.223  -64.498  -2.227 1.0000000000
6818  9.071  -64.306  -2.219 0.8999999762
6822  4.815  -65.290  -2.910 0.6999999881
6832  11.997  -64.707  -2.900 1.0000000000
6836  2.749  -63.699  -4.679 0.1000000015
6849  12.932  -64.838  -4.230 0.8000000119
6854  2.037  -63.871  -4.337 0.1000000015
6862  14.329  -64.932  -5.689 0.6999999881
6863  13.973  -64.934  -5.090 0.8000000119
6865  10.836  -64.378  -6.520 0.5000000000
6868  3.750  -63.670  -6.219 0.2000000030
6879  5.121  -63.686  -7.311 0.5000000000
6884  20.553  -63.903  -8.156 0.6000000238
6886  15.764  -64.654  -7.582 0.6000000238
6888  13.988  -64.411  -7.643 0.6000000238
6890  11.484  -64.301  -7.815 0.4000000060
6891  10.983  -63.816  -8.478 0.4000000060
6893  20.407  -64.656  -8.525 0.6000000238
6900  5.099  -63.823  -9.562 0.1000000015
6902  20.040  -63.847  -10.092 0.6000000238
6904  18.792  -64.069  -9.834 0.6999999881
6905  6.628  -63.976  -10.805 0.3000000119
6906  5.972  -63.801  -9.897 0.1000000015
6915  6.017  -64.053  -11.173 0.2000000030
6916  5.329  -63.980  -10.814 0.2000000030
6918  7.417  -64.459  -11.273 0.2000000030
7144  2.950  -63.746  22.380 0.8999999762
7172  2.057  -63.680  21.026 0.8000000119
7255  1.560  -63.189  12.939 0.4000000060
7298  2.869  -63.239  10.280 0.1000000015
7381  8.996  -62.769  1.841 1.0000000000
7382  8.613  -63.316  2.289 1.0000000000
7383  8.107  -63.581  2.617 1.0000000000
7394  19.642  -63.323  1.255 0.1000000015
7395  8.990  -63.185  1.470 1.0000000000
7396  8.594  -63.847  1.780 1.0000000000
7406  5.017  -64.195  0.376 0.6999999881
7416  11.264  -62.689  -0.753 1.0000000000
7417  10.448  -62.806  -0.394 0.8999999762
7418  9.547  -63.026  -0.162 1.0000000000
7419  8.745  -63.437  0.049 1.0000000000
7421  2.148  -62.269  -1.468 0.3000000119
7463  11.368  -64.119  -5.215 0.6999999881
7468  9.259  -63.326  -7.879 0.5000000000
7469  20.579  -63.201  -7.916 0.6000000238
7471  11.622  -63.833  -8.408 0.4000000060
7472  10.164  -63.674  -8.406 0.5000000000
7474  20.588  -63.129  -8.798 0.6000000238
7477  15.752  -62.906  -9.254 0.6000000238
7480  20.073  -63.224  -9.767 0.6000000238
7611  3.768  -62.502  28.129 0.1000000015
7672  8.117  -61.958  22.375 0.5000000000
7681  8.032  -62.216  21.483 0.5000000000
7721  5.896  -62.766  17.753 0.1000000015
7754  2.776  -62.040  14.227 0.2000000030
7781  1.923  -62.519  12.877 0.3000000119
7873  3.360  -61.034  4.697 1.0000000000
7884  5.079  -62.400  4.071 1.0000000000
7896  7.275  -62.222  3.335 1.0000000000
7899  4.398  -62.319  3.276 1.0000000000
7902  1.219  -61.000  3.413 0.4000000060
7911  8.328  -62.713  2.911 1.0000000000
7912  7.803  -62.831  3.099 1.0000000000
7916  3.567  -61.465  2.248 1.0000000000
7926  8.752  -62.394  2.380 1.0000000000
7927  5.437  -62.826  1.609 0.8999999762
7942  10.429  -62.033  0.317 0.8999999762
7944  2.843  -61.052  -0.378 0.6000000238
7954  11.412  -62.208  -0.566 0.8999999762
7957  3.450  -61.671  -0.880 0.6999999881
7967  11.652  -62.499  -1.165 1.0000000000
7976  11.748  -62.500  -1.724 1.0000000000
7981  13.225  -61.563  -4.209 0.2000000030
7982  11.396  -62.309  -2.558 1.0000000000
7986  14.160  -61.920  -4.512 0.2000000030
7990  8.475  -62.522  -5.896 0.6000000238
7992  19.635  -61.188  -5.437 0.3000000119
7994  13.953  -62.130  -5.375 0.4000000060
8005  9.797  -61.843  -8.743 0.5000000000
8006  8.937  -62.378  -8.242 0.6000000238
8011  12.853  -62.715  -8.395 0.4000000060
8012  11.581  -63.178  -8.761 0.4000000060
8014  20.294  -62.295  -9.007 0.6000000238
8022  19.992  -62.429  -9.475 0.6000000238
8203  6.335  -61.329  27.731 0.1000000015
8237  3.736  -61.928  25.315 0.2000000030
8283  5.086  -61.623  21.346 0.6999999881
8295  1.689  -61.080  20.651 0.5000000000
8301  2.436  -62.451  19.565 0.5000000000
8412  4.677  -61.567  14.091 0.1000000015
8487  4.774  -61.450  6.063 1.0000000000
8490  1.238  -60.305  5.854 0.1000000015
8509  2.179  -59.158  3.809 0.8000000119
8520  2.615  -59.711  3.596 0.8000000119
8521  1.344  -59.982  3.431 0.3000000119
8532  6.597  -61.787  3.731 1.0000000000
8534  2.076  -59.518  2.963 0.6000000238
8542  2.674  -60.463  1.345 0.6999999881
8580  16.453  -61.154  -0.559 0.1000000015
8582  11.126  -61.876  -0.192 0.8999999762
8598  11.130  -61.236  -0.753 0.8999999762
8611  15.777  -61.553  -1.905 0.2000000030
8612  14.955  -61.485  -2.167 0.2000000030
8613  14.329  -61.229  -2.499 0.2000000030
8614  13.732  -61.310  -3.429 0.2000000030
8626  9.819  -61.100  -3.715 0.8000000119
8635  12.434  -61.313  -4.686 0.3000000119
8643  11.738  -61.557  -5.620 0.4000000060
8646  7.907  -61.996  -7.383 0.6000000238
8648  19.638  -60.981  -7.223 0.5000000000
8650  18.007  -60.767  -6.931 0.4000000060
8652  16.002  -61.734  -6.513 0.5000000000
8657  19.909  -61.247  -8.191 0.5000000000
8660  16.569  -61.761  -8.167 0.5000000000
8665  19.599  -61.939  -9.190 0.6000000238
8812  5.597  -60.836  27.202 0.1000000015
8825  4.732  -60.382  26.542 0.1000000015
8841  3.730  -60.592  25.218 0.2000000030
8858  3.931  -59.975  24.605 0.3000000119
8911  4.397  -59.653  20.865 0.6000000238
8912  1.825  -61.061  21.628 0.8999999762
9027  2.000  -60.423  8.670 0.1000000015
9046  1.304  -59.494  6.890 0.3000000119
9062  7.454  -60.714  5.958 1.0000000000
9066  3.112  -59.261  5.657 0.8999999762
9067  2.133  -57.994  5.594 0.8999999762
9091  1.779  -59.347  3.574 0.6000000238
9107  1.872  -59.671  2.792 0.5000000000
9112  8.359  -61.025  1.401 0.8999999762
9126  15.751  -60.059  0.041 0.2000000030
9127  9.571  -61.365  0.452 0.8999999762
9146  15.354  -60.508  -0.523 0.2000000030
9147  14.760  -60.299  -1.050 0.2000000030
9148  10.330  -60.932  -0.573 0.8999999762
9151  6.854  -60.239  -0.764 0.8999999762
9165  14.511  -60.617  -1.466 0.2000000030
9166  11.321  -61.156  -1.447 0.8999999762
9169  8.308  -60.400  -1.536 0.8999999762
9181  11.077  -60.781  -2.138 0.8000000119
9182  9.860  -60.271  -2.582 0.8000000119
9191  8.865  -59.969  -4.488 0.6000000238
9205  10.862  -60.174  -7.526 0.5000000000
9384  6.394  -59.521  26.196 0.2000000030
9401  4.235  -59.324  25.247 0.2000000030
9435  4.321  -58.841  23.919 0.4000000060
9461  2.350  -60.053  21.734 0.8999999762
9462  1.930  -60.294  21.566 0.8999999762
9483  1.753  -59.171  19.803 0.5000000000
9496  3.109  -59.959  18.267 0.2000000030
9507  4.367  -58.809  17.865 0.1000000015
9588  2.390  -59.875  10.193 0.1000000015
9621  3.136  -58.019  6.595 1.0000000000
9664  11.814  -59.329  3.212 0.2000000030
9674  12.342  -59.382  2.735 0.2000000030
9676  10.953  -59.292  2.655 0.2000000030
9686  12.018  -59.488  1.998 0.2000000030
9689  5.130  -59.058  1.156 0.8999999762
9697  16.282  -59.449  0.213 0.2000000030
9698  5.672  -59.628  -0.091 0.8999999762
9729  6.533  -59.638  -2.455 0.6999999881
9746  14.075  -59.570  -2.730 0.2000000030
9756  12.863  -59.766  -4.243 0.2000000030
9757  12.340  -60.076  -4.687 0.4000000060
9767  11.913  -59.784  -5.886 0.4000000060
9769  8.596  -59.935  -6.521 0.5000000000
9770  8.477  -60.118  -5.915 0.5000000000
9777  11.193  -59.638  -7.286 0.5000000000
9778  10.320  -60.080  -7.534 0.5000000000
9779  9.489  -59.776  -7.113 0.5000000000
10072  2.198  -58.149  20.816 0.6999999881
10081  1.797  -58.285  20.161 0.6000000238
10188  7.584  -57.984  9.298 1.0000000000
10208  1.827  -57.434  7.383 0.5000000000
10229  2.696  -57.365  6.936 0.8999999762
10261  9.937  -58.461  4.385 0.4000000060
10269  13.905  -58.454  3.082 0.2000000030
10271  11.428  -59.062  3.741 0.2000000030
10281  13.205  -59.022  2.727 0.2000000030
10283  9.653  -58.621  2.601 0.3000000119
10284  4.403  -58.099  2.242 0.8999999762
10294  11.549  -59.174  1.228 0.4000000060
10295  10.629  -58.844  1.325 0.2000000030
10297  4.427  -58.283  1.358 0.8999999762
10307  12.548  -58.677  0.466 0.4000000060
10309  10.986  -58.668  0.496 0.4000000060
10322  17.155  -58.183  0.155 0.1000000015
10323  16.547  -58.639  -0.204 0.2000000030
10324  15.951  -59.124  -0.451 0.2000000030
10326  11.432  -58.412  -0.272 0.4000000060
10348  15.635  -58.975  -1.239 0.2000000030
10349  5.093  -58.658  -2.474 0.6000000238
10350  4.284  -57.854  -2.108 0.6000000238
10366  5.609  -58.490  -2.800 0.6000000238
10372  14.112  -59.101  -3.846 0.2000000030
10379  16.201  -58.512  -6.242 0.2000000030
10381  14.437  -59.053  -5.471 0.2000000030
10405  16.362  -58.314  -7.274 0.2000000030
10407  15.023  -58.577  -7.617 0.3000000119
10408  12.381  -59.108  -7.691 0.4000000060
10689  5.622  -57.892  24.960 0.4000000060
10762  5.908  -57.829  20.769 0.6000000238
10777  5.260  -57.491  20.436 0.6999999881
10778  3.042  -57.306  20.793 0.8999999762
10780  2.360  -57.386  20.700 0.8000000119
10803  2.246  -57.666  18.403 0.6000000238
10811  3.825  -57.566  17.785 0.1000000015
10812  2.729  -57.666  17.930 0.2000000030
10833  2.691  -57.312  15.238 0.2000000030
10834  1.753  -57.139  15.087 0.4000000060
10847  1.531  -57.420  14.739 0.4000000060
10866  5.980  -56.695  12.159 1.0000000000
10870  1.432  -58.051  12.927 0.6000000238
10882  7.478  -56.322  11.512 0.8999999762
10897  7.620  -56.776  10.943 0.8999999762
10898  6.695  -57.157  10.639 0.8999999762
10899  5.509  -57.095  10.422 1.0000000000
10910  9.599  -56.768  9.080 0.8999999762
10916  2.564  -56.711  8.989 0.6999999881
10932  3.137  -56.849  8.383 1.0000000000
10949  2.430  -57.056  7.392 0.8000000119
10952  9.361  -56.966  7.358 0.8999999762
10958  9.911  -56.909  5.478 0.6999999881
10969  13.910  -57.171  4.087 0.1000000015
10986  12.669  -58.214  3.841 0.1000000015
10994  15.174  -57.592  2.504 0.2000000030
10995  14.585  -58.068  2.729 0.2000000030
10996  8.309  -57.479  2.811 0.6000000238
11026  14.356  -57.444  0.584 0.3000000119
11028  12.906  -58.150  0.037 0.4000000060
11048  12.558  -57.866  -0.576 0.4000000060
11050  11.014  -57.923  -1.013 0.4000000060
11051  8.355  -56.532  -0.445 0.4000000060
11052  4.034  -56.826  -1.588 0.6999999881
11066  9.559  -56.634  -1.474 0.4000000060
11082  5.600  -57.572  -2.682 0.6000000238
11092  17.275  -57.555  -4.310 0.2000000030
11112  8.938  -57.759  -3.868 0.5000000000
11129  11.958  -58.171  -6.645 0.4000000060
11137  18.413  -57.702  -6.987 0.2000000030
11139  16.319  -58.006  -7.616 0.2000000030
11143  11.971  -58.976  -7.631 0.5000000000
11466  8.273  -56.071  24.884 0.2000000030
11553  1.902  -56.995  20.096 0.8000000119
11569  7.199  -56.198  18.654 0.1000000015
11572  2.167  -56.282  18.804 0.6999999881
11588  2.156  -56.159  18.148 0.5000000000
11612  1.490  -56.416  15.043 0.3000000119
11636  4.568  -56.195  13.186 0.8999999762
11656  5.195  -56.392  12.776 0.8999999762
11710  10.088  -55.928  9.059 0.8999999762
11712  9.052  -56.477  9.824 0.8999999762
11724  10.074  -56.262  8.674 0.8999999762
11742  7.097  -56.277  5.336 0.8999999762
11753  15.779  -55.840  4.252 0.1000000015
11760  5.171  -56.112  4.248 0.8999999762
11768  16.035  -56.352  3.528 0.1000000015
11772  11.873  -56.129  3.720 0.2000000030
11775  5.089  -55.787  3.597 0.8999999762
11779  15.684  -57.035  2.236 0.3000000119
11780  6.786  -56.061  3.292 0.5000000000
11781  5.651  -55.700  2.952 0.6999999881
11783  3.995  -56.033  2.588 0.8999999762
11792  15.553  -56.737  1.327 0.3000000119
11793  5.861  -55.685  1.876 0.6999999881
11795  4.071  -55.767  2.025 0.6999999881
11828  14.234  -56.355  -1.078 0.3000000119
11839  18.164  -56.792  -2.055 0.1000000015
11842  12.078  -56.339  -2.097 0.3000000119
11846  8.363  -56.136  -1.710 0.4000000060
11848  6.028  -56.225  -1.680 0.6000000238
11854  18.370  -56.625  -2.804 0.2000000030
11856  11.313  -55.568  -2.683 0.3000000119
11873  17.873  -57.087  -3.597 0.2000000030
11874  10.354  -55.874  -3.513 0.5000000000
11881  21.637  -56.764  -6.487 0.2000000030
11894  20.939  -57.018  -6.779 0.2000000030
11896  19.263  -57.576  -6.310 0.2000000030
11899  13.869  -56.345  -5.800 0.3000000119
11913  19.975  -57.110  -6.824 0.2000000030
11914  18.911  -57.315  -7.030 0.2000000030
12300  6.820  -55.627  22.904 0.5000000000
12315  4.349  -55.149  20.728 0.8999999762
12327  2.313  -55.089  19.685 0.6000000238
12340  6.455  -55.873  18.309 0.1000000015
12356  2.494  -55.122  17.650 0.3000000119
12399  1.568  -55.821  14.822 0.3000000119
12443  7.969  -55.922  11.390 0.8999999762
12444  7.417  -55.818  11.689 0.8000000119
12445  6.711  -55.560  11.945 0.8000000119
12470  9.595  -55.639  9.489 0.8999999762
12484  11.732  -55.101  5.509 0.6000000238
12496  13.567  -55.944  4.154 0.1000000015
12519  15.973  -56.098  0.942 0.2000000030
12552  14.981  -55.532  -1.553 0.2000000030
12562  13.400  -55.145  -2.485 0.2000000030
12564  10.915  -55.321  -2.997 0.4000000060
12565  10.285  -55.629  -3.030 0.4000000060
12575  11.316  -55.275  -3.367 0.3000000119
12579  23.363  -55.490  -6.137 0.1000000015
12580  22.498  -56.269  -6.206 0.1000000015
12583  14.325  -54.690  -4.494 0.3000000119
12585  12.588  -55.002  -4.202 0.3000000119
12609  21.875  -56.321  -6.616 0.1000000015
12610  21.144  -56.509  -6.816 0.1000000015
12613  16.395  -56.461  -6.891 0.3000000119
13020  14.187  -55.272  21.891 0.1000000015
13031  14.336  -54.616  21.651 0.1000000015
13032  13.343  -54.735  21.425 0.1000000015
13047  16.541  -54.302  21.155 0.1000000015
13052  2.563  -55.049  20.480 0.8000000119
13085  8.493  -54.008  17.833 0.1000000015
13088  4.171  -54.465  17.497 0.2000000030
13103  2.133  -54.921  15.229 0.2000000030
13114  2.072  -54.216  15.163 0.2000000030
13172  8.396  -54.791  9.568 0.8999999762
13221  17.313  -54.374  4.235 0.1000000015
13232  17.933  -53.894  4.065 0.1000000015
13236  12.092  -54.808  2.799 0.2000000030
13237  11.833  -54.541  2.639 0.2000000030
13274  16.783  -54.691  -0.628 0.1000000015
13296  17.653  -53.971  -2.016 0.1000000015
13298  14.574  -54.357  -2.873 0.1000000015
13301  12.326  -54.768  -2.974 0.3000000119
13313  13.386  -54.365  -3.522 0.2000000030
13314  12.731  -54.603  -3.501 0.3000000119
13321  16.281  -53.992  -4.393 0.2000000030
13322  15.460  -53.947  -4.184 0.2000000030
13332  23.969  -55.054  -6.098 0.1000000015
13338  16.659  -54.771  -5.150 0.3000000119
13787  9.851  -53.148  23.169 0.6000000238
13788  9.192  -53.541  22.879 0.6000000238
13800  14.982  -54.114  21.670 0.1000000015
13814  8.366  -53.423  20.680 0.6999999881
13828  6.506  -53.115  20.279 0.8000000119
13830  3.963  -53.229  20.132 0.6999999881
13831  2.023  -53.477  18.975 0.6999999881
13837  1.778  -53.274  17.943 0.6999999881
13870  8.893  -53.077  16.364 0.1000000015
13891  2.243  -53.477  14.920 0.2000000030
13901  1.598  -53.563  14.072 0.4000000060
13927  2.779  -53.079  11.737 0.8000000119
13963  4.719  -53.782  9.610 0.6999999881
13989  8.376  -53.382  7.451 0.6999999881
13998  11.331  -53.513  5.919 0.6000000238
13999  10.672  -53.178  6.391 0.6999999881
14000  9.766  -53.056  6.632 0.6999999881
14005  4.573  -53.163  6.664 0.8999999762
14013  8.006  -53.413  5.704 0.6000000238
14030  16.640  -53.709  4.668 0.1000000015
14031  15.904  -53.673  4.658 0.1000000015
14032  15.050  -53.767  4.434 0.1000000015
14047  18.482  -53.425  3.563 0.1000000015
14051  8.411  -53.403  2.837 0.4000000060
14054  6.296  -52.990  2.968 0.6000000238
14064  17.583  -53.767  2.070 0.2000000030
14077  17.399  -53.695  1.097 0.2000000030
14115  16.559  -53.686  -3.593 0.1000000015
14133  23.933  -54.469  -6.047 0.1000000015
14135  19.919  -54.408  -5.860 0.1000000015
14640  15.091  -52.652  21.344 0.1000000015
14644  10.554  -51.524  22.597 0.4000000060
14660  9.251  -52.275  21.113 0.4000000060
14661  8.641  -52.708  20.430 0.6999999881
14672  1.810  -52.977  18.501 0.6999999881
14686  2.084  -52.375  16.942 0.6000000238
14701  8.078  -52.688  16.079 0.1000000015
14706  2.396  -51.524  16.705 0.6000000238
14742  9.505  -52.262  14.509 0.1000000015
14799  8.445  -52.189  10.783 0.1000000015
14853  17.761  -52.703  4.672 0.1000000015
14859  5.845  -52.831  3.512 0.6000000238
14873  6.780  -52.848  2.373 0.5000000000
14885  9.181  -53.025  1.246 0.4000000060
14898  12.567  -52.099  1.514 0.2000000030
14927  19.103  -52.046  -2.054 0.1000000015
14940  22.194  -52.635  -5.395 0.1000000015
14951  23.151  -53.488  -5.783 0.1000000015
15438  18.785  -50.899  21.802 0.1000000015
15442  15.331  -51.591  21.259 0.1000000015
15458  20.270  -51.046  21.426 0.2000000030
15461  14.644  -50.546  20.785 0.2000000030
15465  10.449  -50.021  21.850 0.5000000000
15471  9.133  -50.784  20.645 0.5000000000
15477  7.251  -50.860  18.971 0.6999999881
15493  3.460  -50.908  15.772 0.5000000000
15495  2.329  -51.110  16.856 0.6000000238
15508  3.402  -50.248  15.713 0.6000000238
15540  11.077  -51.411  12.701 0.3000000119
15542  9.386  -50.962  12.504 0.3000000119
15557  11.199  -50.720  11.787 0.3000000119
15570  14.460  -51.032  10.747 0.2000000030
15637  20.067  -51.185  4.191 0.1000000015
15640  17.116  -52.134  4.666 0.1000000015
15644  6.326  -51.395  3.456 0.4000000060
15656  6.776  -51.796  2.651 0.4000000060
15664  20.044  -52.081  2.231 0.1000000015
15667  7.877  -52.160  1.506 0.4000000060
15676  19.358  -51.809  1.529 0.1000000015
15680  10.982  -51.238  0.842 0.3000000119
16217  16.678  -49.993  21.549 0.2000000030
16237  11.750  -49.206  21.579 0.3000000119
16239  10.360  -49.171  21.048 0.5000000000
16255  12.277  -50.221  18.272 0.4000000060
16263  19.716  -50.286  18.184 0.4000000060
16266  12.409  -50.645  17.550 0.5000000000
16272  3.297  -50.098  16.824 0.8000000119
16273  2.728  -50.639  16.797 0.6000000238
16276  12.526  -50.496  16.788 0.5000000000
16281  3.624  -49.571  16.253 0.8000000119
16287  10.337  -49.477  15.554 0.8000000119
16288  5.516  -50.160  14.348 0.5000000000
16290  3.808  -49.750  15.431 0.6000000238
16300  8.697  -50.305  12.155 0.4000000060
16302  7.262  -49.682  12.915 0.5000000000
16303  6.662  -49.418  13.397 0.5000000000
16313  10.586  -50.130  11.389 0.4000000060
16337  3.309  -49.903  11.841 0.8000000119
16339  23.809  -50.519  10.132 0.1000000015
16341  23.148  -50.828  9.432 0.1000000015
16397  19.599  -50.494  4.444 0.1000000015
16424  12.849  -50.363  2.024 0.2000000030
16440  11.031  -50.487  1.046 0.3000000119
16448  11.875  -50.296  0.912 0.2000000030
16969  16.520  -48.996  21.292 0.3000000119
16989  19.463  -48.262  21.326 0.1000000015
16990  15.980  -48.268  21.021 0.3000000119
16993  12.870  -48.714  21.059 0.3000000119
17007  21.853  -49.156  20.130 0.1000000015
17013  14.315  -48.173  20.861 0.3000000119
17020  21.111  -49.563  19.286 0.1000000015
17027  11.265  -48.826  19.498 0.4000000060
17029  9.755  -48.557  18.838 0.6000000238
17050  18.754  -49.902  16.061 0.6000000238
17055  14.236  -49.078  15.978 0.5000000000
17056  9.165  -49.206  17.080 0.6999999881
17058  6.978  -48.259  16.454 0.8000000119
17060  3.975  -49.015  15.767 0.8000000119
17082  15.117  -48.193  14.248 0.8000000119
17087  10.480  -48.263  13.023 0.6999999881
17092  5.335  -48.602  14.528 0.6000000238
17126  4.080  -48.626  12.516 0.6000000238
17127  3.857  -48.538  12.271 0.8000000119
17141  3.798  -48.790  10.894 0.8000000119
17182  10.734  -50.084  5.642 0.4000000060
17202  8.693  -49.769  3.570 0.5000000000
17212  10.786  -48.978  3.886 0.3000000119
17769  16.433  -47.856  20.689 0.3000000119
17770  15.629  -47.953  20.968 0.3000000119
17806  5.260  -48.182  15.322 0.8000000119
17807  4.581  -48.681  15.301 0.8000000119
17814  5.022  -48.364  14.870 0.6999999881
17818  8.109  -48.256  13.169 0.6999999881
17819  7.652  -47.925  13.955 0.6999999881
17822  7.475  -48.457  13.328 0.6000000238
17873  12.738  -48.712  5.292 0.3000000119
17876  9.491  -48.532  6.617 0.5000000000
17897  21.071  -49.027  4.715 0.1000000015
17915  10.012  -48.931  2.720 0.3000000119
17931  12.148  -48.131  1.296 0.2000000030
18455  23.299  -47.806  18.913 0.1000000015
18498  25.368  -47.626  10.799 0.2000000030
18501  6.777  -46.689  11.780 0.5000000000
19072  24.238  -46.260  19.754 0.1000000015
19125  26.179  -46.140  12.091 0.5000000000
19211  9.603  -45.983  6.267 0.8000000119
19248  13.306  -46.458  1.428 0.2000000030
19845  13.831  -44.888  3.576 0.2000000030
19847  12.329  -45.284  2.560 0.2000000030
19856  12.335  -45.089  2.140 0.2000000030
20338  24.430  -44.534  20.606 0.1000000015
20399  26.660  -44.829  11.010 0.6000000238
20477  23.386  -44.422  5.551 0.1000000015
20497  16.563  -44.103  2.732 0.1000000015
20515  13.208  -44.425  1.704 0.2000000030
21214  13.351  -43.714  2.103 0.2000000030
21986  15.035  -42.117  1.556 0.1000000015
23550  11.411  -40.513  7.820 0.5000000000
23632  15.946  -40.409  1.675 0.1000000015
24320  15.594  -39.440  18.138 0.1000000015
24392  26.338  -40.046  10.462 0.6999999881
24408  16.195  -39.881  8.340 0.2000000030
25945  13.208  -37.777  5.444 0.2000000030
26687  11.410  -36.254  6.271 0.5000000000
26729  17.393  -35.851  4.529 0.1000000015
27406  20.960  -35.107  14.084 0.3000000119
27477  14.341  -36.167  7.317 0.3000000119
28324  11.939  -33.232  6.885 0.3000000119
28352  12.398  -34.574  6.638 0.4000000060
28407  13.619  -33.957  5.340 0.2000000030
29191  12.066  -33.522  6.794 0.3000000119
29192  11.443  -33.335  7.152 0.3000000119
29210  11.281  -33.579  6.252 0.3000000119
29256  13.797  -33.835  5.259 0.2000000030
29268  13.611  -33.759  5.315 0.2000000030
29976  11.043  -33.292  7.299 0.3000000119
29983  11.744  -32.827  7.298 0.3000000119
29984  11.089  -32.982  7.321 0.3000000119
30030  10.738  -31.814  5.970 0.3000000119
30715  10.889  -31.304  6.036 0.3000000119
31385  12.355  -30.601  6.520 0.3000000119
31386  11.834  -30.767  6.426 0.3000000119
31399  11.442  -30.757  6.203 0.3000000119
31416  11.347  -30.620  6.081 0.3000000119
95217  15.251  -72.936  10.804 0.8000000119
95231  4.046  -72.136  20.858 0.6000000238
95280  4.042  -73.114  21.763 0.4000000060
95407  6.157  -72.738  26.789 0.1000000015
95412  1.953  -58.849  20.781 0.8000000119
95432  8.748  -59.082  -4.136 0.6000000238
95657  2.723  -69.501  5.804 0.3000000119
95959  5.419  -66.110  28.459 0.3000000119
96013  13.092  -82.941  5.029 0.6000000238
96069  7.325  -60.653  2.345 0.8999999762
96096  11.096  -32.851  6.272 0.3000000119
96181  12.177  -62.798  -8.423 0.4000000060
96327  8.310  -81.080  12.799 0.5000000000
96584  15.907  -50.982  3.907 0.1000000015
96686  3.033  -70.339  5.682 0.3000000119
96692  14.335  -66.424  -6.619 0.8000000119
96784  14.627  -64.766  -11.507 0.8999999762
96841  18.778  -74.905  23.157 0.3000000119
96881  3.534  -68.675  10.334 0.6999999881
96894  4.954  -76.332  4.189 0.2000000030
97075  19.139  -52.296  4.342 0.1000000015
97201  4.620  -74.354  24.226 0.3000000119
97227  9.259  -64.125  21.440 0.6999999881
97343  6.680  -77.410  19.236 0.4000000060
97364  4.249  -70.250  11.620 1.0000000000
97620  10.110  -73.936  18.262 0.1000000015
97868  15.651  -61.524  -4.178 0.2000000030
97945  2.253  -66.208  7.173 0.2000000030
97947  9.924  -72.258  29.309 0.1000000015
97962  11.697  -53.559  16.658 0.1000000015
98015  11.518  -56.270  -4.573 0.3000000119
98070  25.138  -76.978  7.605 0.4000000060
98083  8.171  -58.469  8.614 0.8999999762
98110  4.841  -63.281  11.213 0.1000000015
98352  7.996  -55.160  18.684 0.1000000015
98384  15.712  -81.645  -1.824 0.1000000015
98390  17.738  -60.765  0.245 0.1000000015
98394  9.492  -60.250  -7.756 0.5000000000
98501  4.167  -52.335  16.400 0.5000000000
98532  20.123  -76.982  -1.705 0.1000000015
98555  5.993  -65.151  0.255 0.8999999762
98656  17.136  -81.503  -1.905 0.5000000000
98701  5.147  -61.341  18.488 0.1000000015
98879  15.424  -54.159  -2.928 0.1000000015
98914  6.569  -53.571  6.577 0.8999999762
99047  3.917  -57.561  0.560 0.8999999762
99139  1.822  -61.169  0.263 0.3000000119
99176  5.444  -54.167  20.972 0.8000000119
99199  13.824  -51.021  3.262 0.2000000030
99387  8.748  -71.679  10.219 0.8999999762
99668  9.472  -62.341  0.997 1.0000000000
99727  2.239  -60.403  1.258 0.6000000238
99827  7.910  -72.322  8.250 0.8999999762
99868  17.940  -53.338  4.461 0.1000000015
99958  14.465  -58.356  -7.725 0.3000000119
100266  14.422  -62.397  -7.904 0.5000000000
100417  11.529  -32.040  7.236 0.3000000119
100450  16.117  -75.121  10.548 0.8999999762
100499  12.961  -70.281  13.425 0.6999999881
100804  15.849  -55.796  0.123 0.2000000030
100996  18.289  -65.176  -10.953 0.8000000119
101200  19.736  -73.735  -8.854 0.8000000119
101268  30.972  -71.964  -2.648 0.1000000015
101292  19.124  -54.226  19.563 0.1000000015
101371  8.878  -65.088  16.860 0.6999999881
101414  7.511  -53.482  3.043 0.4000000060
101440  2.757  -71.208  9.717 1.0000000000
101635  3.702  -57.108  -0.336 0.8000000119
101994  4.334  -61.719  24.650 0.2000000030
102026  12.075  -79.247  13.091 0.8999999762
102256  16.883  -63.772  -8.675 0.6000000238
102265  23.503  -47.988  9.016 0.1000000015
102299  4.289  -70.678  20.057 0.6000000238
102515  22.300  -73.972  14.024 0.5000000000
102552  20.770  -71.630  -9.606 0.6999999881
102623  4.210  -67.787  28.301 0.2000000030
102748  17.481  -76.177  -8.636 0.8000000119
102787  3.736  -66.878  13.161 0.8999999762
102822  6.620  -62.534  17.061 0.1000000015
102847  13.128  -59.122  -7.600 0.3000000119
102897  6.524  -55.512  22.376 0.5000000000
102988  5.215  -49.924  17.353 0.8000000119
103222  11.197  -77.755  16.354 0.5000000000
103370  5.660  -68.514  20.127 0.6000000238
103480  4.486  -64.786  -3.452 0.4000000060
103758  9.393  -71.883  19.090 0.1000000015
103862  11.325  -32.212  6.399 0.3000000119
103878  5.420  -54.707  17.769 0.1000000015
103940  4.027  -70.721  20.840 0.6000000238
104126  15.311  -57.407  -7.464 0.4000000060
104446  14.109  -82.374  0.093 0.4000000060
104524  31.180  -73.496  2.020 0.1000000015
104583  2.648  -72.066  9.692 1.0000000000
104636  18.348  -72.938  12.160 0.6999999881
104661  17.581  -66.144  -2.899 0.3000000119
104865  10.794  -78.758  18.644 0.3000000119
104985  23.180  -67.950  -6.432 0.3000000119
105039  3.783  -73.375  1.756 0.2000000030
105100  10.716  -53.853  17.227 0.1000000015
105284  15.158  -70.236  -11.501 0.3000000119
106126  25.676  -42.754  9.648 0.4000000060
106250  4.870  -69.860  30.198 0.2000000030
106295  9.806  -71.767  18.421 0.1000000015
106331  14.764  -53.451  21.399 0.1000000015
106692  3.449  -73.813  11.575 0.8999999762
106866  26.506  -70.854  9.858 0.1000000015
106964  16.041  -70.415  11.434 0.6999999881
107044  16.607  -65.434  -8.311 0.6000000238
107062  11.932  -70.927  13.868 0.6999999881
107070  4.912  -55.644  2.225 0.6999999881
107084  5.136  -56.908  17.791 0.1000000015
107196  12.006  -48.921  19.085 0.4000000060
107199  14.657  -57.630  1.292 0.3000000119
107223  6.681  -74.561  25.364 0.2000000030
107278  16.745  -70.789  13.504 0.5000000000
107371  8.890  -68.073  25.933 0.1000000015
107443  9.087  -65.636  16.848 0.6999999881
107458  12.318  -49.063  21.301 0.3000000119
107527  13.346  -48.865  21.092 0.3000000119
107564  23.345  -70.595  -10.873 0.6000000238
107836  14.478  -82.077  -0.964 0.1000000015
107865  4.117  -60.859  24.554 0.3000000119
107937  5.818  -59.009  25.788 0.1000000015
108014  15.667  -49.133  11.049 0.5000000000
108082  6.240  -68.570  -8.305 0.1000000015
108086  19.217  -69.868  4.008 0.3000000119
108179  11.657  -37.578  5.796 0.5000000000
108252  11.036  -32.050  5.820 0.3000000119
108328  24.732  -47.012  12.533 0.5000000000
108336  10.914  -66.532  -7.799 0.8999999762
108470  9.519  -64.694  -12.372 0.4000000060
108542  16.090  -61.285  -4.997 0.2000000030
108563  5.772  -59.118  -2.704 0.6000000238
108587  12.847  -55.714  -2.236 0.3000000119
108646  6.776  -64.695  -4.636 0.8000000119
108836  11.683  -81.003  0.517 0.2000000030
108888  2.252  -57.449  18.194 0.2000000030
109124  22.157  -70.177  1.421 0.3000000119
109127  17.904  -67.736  -10.911 1.0000000000
109139  2.583  -63.420  -3.589 0.3000000119
109199  18.587  -76.654  6.179 0.6999999881
109215  20.892  -73.520  22.497 0.2000000030
109302  3.829  -52.359  8.868 0.8000000119
109315  24.268  -77.014  0.464 0.6000000238
109446  17.472  -63.986  -8.828 0.6000000238
109485  19.471  -77.424  18.338 0.5000000000
109516  4.045  -56.210  -0.097 0.6999999881
109560  20.074  -65.355  -10.227 0.6999999881
109573  16.017  -36.718  7.512 0.6000000238
109672  14.817  -49.587  21.109 0.2000000030
109678  7.966  -65.021  -9.605 0.6000000238
109845  1.675  -58.700  12.987 0.2000000030
109885  3.568  -65.293  31.146 0.2000000030
109972  24.941  -78.141  -3.605 0.5000000000
110122  3.119  -70.482  2.585 0.1000000015
110161  8.330  -64.472  -10.599 0.4000000060
110446  10.481  -66.809  -6.453 0.8999999762
110512  11.104  -32.887  5.800 0.3000000119
110542  5.228  -64.284  -10.809 0.1000000015
110621  4.316  -58.339  -1.266 0.8000000119
110626  14.040  -63.029  -9.294 0.5000000000
110693  14.046  -57.964  -7.559 0.4000000060
110718  8.172  -72.004  10.079 0.8999999762
110740  12.349  -78.741  18.132 0.4000000060
110746  8.058  -74.772  24.104 0.2000000030
110796  7.700  -53.022  16.685 0.1000000015
110847  4.185  -74.720  16.060 0.6999999881
110891  2.628  -62.056  13.228 0.3000000119
110903  15.226  -56.028  4.345 0.1000000015
110914  18.136  -81.369  1.325 0.5000000000
110926  5.709  -73.834  19.753 0.6000000238
110961  14.745  -79.293  -8.060 0.3000000119
111183  16.561  -82.111  6.118 0.8999999762
111277  24.548  -45.350  9.112 0.2000000030
111296  21.957  -56.473  -6.468 0.1000000015
111312  12.267  -79.472  1.996 0.1000000015
111397  11.574  -52.593  1.004 0.2000000030
111576  4.186  -63.391  -0.617 0.8000000119
111625  8.649  -56.126  10.534 0.8999999762
111710  3.049  -53.333  14.988 0.1000000015
111722  3.952  -61.976  4.680 1.0000000000
111857  22.513  -47.039  8.537 0.1000000015
111957  22.600  -68.691  8.857 0.2000000030
111961  21.203  -67.341  6.992 0.2000000030
112000  25.123  -75.847  11.034 0.1000000015
112055  7.508  -58.201  -3.074 0.6999999881
112075  21.660  -66.950  6.657 0.1000000015
112226  5.855  -64.890  -3.308 0.6999999881
112257  15.264  -66.428  -7.824 0.6999999881
112319  8.173  -59.518  -3.194 0.8000000119
112335  6.517  -75.618  24.774 0.2000000030
112402  17.966  -57.036  -1.556 0.1000000015
112407  2.959  -71.349  2.329 0.1000000015
112408  8.004  -59.899  26.198 0.1000000015
112527  18.549  -72.045  4.303 0.4000000060
112609  18.949  -71.024  14.953 0.6000000238
112826  12.618  -78.844  5.362 0.1000000015
112890  20.579  -51.201  8.640 0.1000000015
112960  8.664  -66.855  -6.198 0.8000000119
112964  8.993  -72.614  20.201 0.1000000015
112965  16.310  -71.753  15.957 0.5000000000
113028  18.265  -66.095  -5.943 0.6000000238
113090  3.838  -62.112  -1.018 0.6999999881
113098  16.837  -48.543  19.276 0.2000000030
113140  15.711  -57.961  -7.861 0.3000000119
113150  9.906  -61.129  -0.007 0.8999999762
113182  30.727  -73.169  -0.098 0.1000000015
113199  19.969  -64.275  -6.572 0.4000000060
113225  4.814  -58.593  20.409 0.6000000238
113266  7.398  -60.263  21.966 0.5000000000
113273  16.750  -78.215  14.436 0.6000000238
113282  20.445  -63.453  -9.334 0.6000000238
113341  5.503  -58.515  4.511 0.8999999762
113364  11.138  -62.864  -8.789 0.4000000060
113370  2.777  -69.138  8.424 0.8000000119
113378  16.888  -35.612  6.851 0.5000000000
113399  6.995  -78.529  18.136 0.4000000060
113745  24.052  -76.213  1.252 0.6000000238
113791  6.743  -70.589  14.288 0.8000000119
113860  17.444  -53.801  0.363 0.1000000015
113922  3.413  -62.559  26.465 0.1000000015
113963  3.776  -54.821  12.551 0.8999999762
114012  3.869  -63.361  22.110 0.8000000119
114028  15.820  -68.715  -11.743 0.6999999881
114036  3.876  -62.096  21.936 0.8000000119
114096  2.461  -56.318  20.694 0.8000000119
114117  7.612  -69.707  24.952 0.1000000015
114137  8.412  -48.499  16.897 0.6999999881
114190  17.055  -78.759  -9.536 0.6000000238
114242  2.640  -71.408  10.901 1.0000000000
114254  13.435  -60.310  -3.221 0.2000000030
114291  4.479  -65.192  21.273 0.8999999762
114384  20.596  -74.288  14.520 0.5000000000
114462  10.249  -53.373  2.827 0.3000000119
114488  14.411  -38.800  7.808 0.4000000060
114514  4.954  -67.481  25.952 0.3000000119
114579  4.236  -66.815  30.459 0.2000000030
114656  33.043  -68.029  8.836 0.1000000015
114738  21.288  -77.175  -8.395 0.4000000060
114741  9.784  -64.585  -10.479 0.4000000060
114763  4.234  -74.414  1.155 0.1000000015
114764  2.189  -58.689  21.095 0.8000000119
114787  14.171  -64.645  -6.340 0.6000000238
114923  11.733  -62.136  -1.336 1.0000000000
114975  19.004  -74.508  -1.987 0.1000000015
114998  21.146  -73.599  11.859 0.6000000238
115057  24.934  -66.817  -9.048 0.1000000015
115187  9.348  -81.971  2.987 0.3000000119
115201  12.248  -45.952  1.810 0.2000000030
115330  16.860  -73.145  10.556 0.8000000119
