
Fri Mar  6 17:14:01 CET 2026
cd /out/sourcedata/freesurfer/sub-v1s10x0051146_ses-1
setenv SUBJECTS_DIR /out/sourcedata/freesurfer
/opt/freesurfer/bin/recon-all -autorecon-hemi lh -noparcstats -noparcstats2 -noparcstats3 -nohyporelabel -nobalabels -lh-only -openmp 16 -subjid sub-v1s10x0051146_ses-1 -sd /out/sourcedata/freesurfer

subjid sub-v1s10x0051146_ses-1
setenv SUBJECTS_DIR /out/sourcedata/freesurfer
FREESURFER_HOME /opt/freesurfer
Actual FREESURFER_HOME /opt/freesurfer
build-stamp.txt: freesurfer-linux-ubuntu22_x86_64-7.3.2-20220804-6354275
Linux dna088 5.14.0-427.37.1.el9_4.x86_64 #1 SMP PREEMPT_DYNAMIC Fri Sep 13 12:41:50 EDT 2024 x86_64 x86_64 x86_64 GNU/Linux
cputime      unlimited
filesize     unlimited
datasize     unlimited
stacksize    8192 kbytes
coredumpsize 0 kbytes
memoryuse    67108864 kbytes
vmemoryuse   unlimited
descriptors  1024 
memorylocked unlimited
maxproc      2061970 
maxlocks     unlimited
maxsignal    2062029 
maxmessage   819200 
maxnice      0 
maxrtprio    0 
maxrttime    unlimited

               total        used        free      shared  buff/cache   available
Mem:           503Gi       175Gi       256Gi        20Gi        71Gi       304Gi
Swap:             0B          0B          0B

########################################
program versions used
7.3.2 (freesurfer-linux-ubuntu22_x86_64-7.3.2-20220804-6354275)
7.3.2

ProgramName: lta_convert  ProgramArguments: lta_convert -all-info  ProgramVersion: 7.3.2  TimeStamp: 2026/03/06-16:14:01-GMT  BuildTime: Aug  4 2022 06:17:15  BuildStamp: freesurfer-linux-ubuntu22_x86_64-7.3.2-20220804-6354275  User: oesteban  Machine: dna088  Platform: Linux  PlatformVersion: 5.14.0-427.37.1.el9_4.x86_64  CompilerName: GCC  CompilerVersion: 8.4.0
ProgramName: mri_and  ProgramArguments: mri_and -all-info  ProgramVersion: 7.3.2  TimeStamp: 2026/03/06-16:14:01-GMT  BuildTime: Aug  4 2022 06:17:15  BuildStamp: freesurfer-linux-ubuntu22_x86_64-7.3.2-20220804-6354275  User: oesteban  Machine: dna088  Platform: Linux  PlatformVersion: 5.14.0-427.37.1.el9_4.x86_64  CompilerName: GCC  CompilerVersion: 8.4.0
ProgramName: mri_annotation2label  ProgramArguments: mri_annotation2label -all-info  ProgramVersion: 7.3.2  TimeStamp: 2026/03/06-16:14:01-GMT  BuildTime: Aug  4 2022 06:17:15  BuildStamp: freesurfer-linux-ubuntu22_x86_64-7.3.2-20220804-6354275  User: oesteban  Machine: dna088  Platform: Linux  PlatformVersion: 5.14.0-427.37.1.el9_4.x86_64  CompilerName: GCC  CompilerVersion: 8.4.0
ProgramName: mri_aparc2aseg  ProgramArguments: mri_aparc2aseg -all-info  ProgramVersion: 7.3.2  TimeStamp: 2026/03/06-16:14:01-GMT  BuildTime: Aug  4 2022 06:17:15  BuildStamp: freesurfer-linux-ubuntu22_x86_64-7.3.2-20220804-6354275  User: oesteban  Machine: dna088  Platform: Linux  PlatformVersion: 5.14.0-427.37.1.el9_4.x86_64  CompilerName: GCC  CompilerVersion: 8.4.0
ProgramName: mri_surf2volseg  ProgramArguments: mri_surf2volseg -all-info  ProgramVersion: 7.3.2  TimeStamp: 2026/03/06-16:14:01-GMT  BuildTime: Aug  4 2022 06:17:15  BuildStamp: freesurfer-linux-ubuntu22_x86_64-7.3.2-20220804-6354275  User: oesteban  Machine: dna088  Platform: Linux  PlatformVersion: 5.14.0-427.37.1.el9_4.x86_64  CompilerName: GCC  CompilerVersion: 8.4.0
ProgramName: mri_binarize  ProgramArguments: mri_binarize -all-info  ProgramVersion: 7.3.2  TimeStamp: 2026/03/06-16:14:01-GMT  BuildTime: Aug  4 2022 06:17:15  BuildStamp: freesurfer-linux-ubuntu22_x86_64-7.3.2-20220804-6354275  User: oesteban  Machine: dna088  Platform: Linux  PlatformVersion: 5.14.0-427.37.1.el9_4.x86_64  CompilerName: GCC  CompilerVersion: 8.4.0
ProgramName: mri_ca_label  ProgramArguments: mri_ca_label -all-info  ProgramVersion: 7.3.2  TimeStamp: 2026/03/06-16:14:01-GMT  BuildTime: Aug  4 2022 06:17:15  BuildStamp: freesurfer-linux-ubuntu22_x86_64-7.3.2-20220804-6354275  User: oesteban  Machine: dna088  Platform: Linux  PlatformVersion: 5.14.0-427.37.1.el9_4.x86_64  CompilerName: GCC  CompilerVersion: 8.4.0
ProgramName: mri_ca_normalize  ProgramArguments: mri_ca_normalize -all-info  ProgramVersion: 7.3.2  TimeStamp: 2026/03/06-16:14:01-GMT  BuildTime: Aug  4 2022 06:17:15  BuildStamp: freesurfer-linux-ubuntu22_x86_64-7.3.2-20220804-6354275  User: oesteban  Machine: dna088  Platform: Linux  PlatformVersion: 5.14.0-427.37.1.el9_4.x86_64  CompilerName: GCC  CompilerVersion: 8.4.0
ProgramName: mri_ca_register  ProgramArguments: mri_ca_register -all-info  ProgramVersion: 7.3.2  TimeStamp: 2026/03/06-16:14:01-GMT  BuildTime: Aug  4 2022 06:17:15  BuildStamp: freesurfer-linux-ubuntu22_x86_64-7.3.2-20220804-6354275  User: oesteban  Machine: dna088  Platform: Linux  PlatformVersion: 5.14.0-427.37.1.el9_4.x86_64  CompilerName: GCC  CompilerVersion: 8.4.0
ProgramName: mri_cc  ProgramArguments: mri_cc -all-info  ProgramVersion: 7.3.2  TimeStamp: 2026/03/06-16:14:01-GMT  BuildTime: Aug  4 2022 06:17:15  BuildStamp: freesurfer-linux-ubuntu22_x86_64-7.3.2-20220804-6354275  User: oesteban  Machine: dna088  Platform: Linux  PlatformVersion: 5.14.0-427.37.1.el9_4.x86_64  CompilerName: GCC  CompilerVersion: 8.4.0
ProgramName: mri_compute_overlap  ProgramArguments: mri_compute_overlap -all-info  ProgramVersion: 7.3.2  TimeStamp: 2026/03/06-16:14:01-GMT  BuildTime: Aug  4 2022 06:17:15  BuildStamp: freesurfer-linux-ubuntu22_x86_64-7.3.2-20220804-6354275  User: oesteban  Machine: dna088  Platform: Linux  PlatformVersion: 5.14.0-427.37.1.el9_4.x86_64  CompilerName: GCC  CompilerVersion: 8.4.0
ProgramName: mri_compute_seg_overlap  ProgramArguments: mri_compute_seg_overlap -all-info  ProgramVersion: 7.3.2  TimeStamp: 2026/03/06-16:14:01-GMT  BuildTime: Aug  4 2022 06:17:15  BuildStamp: freesurfer-linux-ubuntu22_x86_64-7.3.2-20220804-6354275  User: oesteban  Machine: dna088  Platform: Linux  PlatformVersion: 5.14.0-427.37.1.el9_4.x86_64  CompilerName: GCC  CompilerVersion: 8.4.0
ProgramName: mri_concat  ProgramArguments: mri_concat -all-info  ProgramVersion: 7.3.2  TimeStamp: 2026/03/06-16:14:01-GMT  BuildTime: Aug  4 2022 06:17:15  BuildStamp: freesurfer-linux-ubuntu22_x86_64-7.3.2-20220804-6354275  User: oesteban  Machine: dna088  Platform: Linux  PlatformVersion: 5.14.0-427.37.1.el9_4.x86_64  CompilerName: GCC  CompilerVersion: 8.4.0
ProgramName: mri_concatenate_lta  ProgramArguments: mri_concatenate_lta -all-info  ProgramVersion: 7.3.2  TimeStamp: 2026/03/06-16:14:01-GMT  BuildTime: Aug  4 2022 06:17:15  BuildStamp: freesurfer-linux-ubuntu22_x86_64-7.3.2-20220804-6354275  User: oesteban  Machine: dna088  Platform: Linux  PlatformVersion: 5.14.0-427.37.1.el9_4.x86_64  CompilerName: GCC  CompilerVersion: 8.4.0
mri_convert -all-info 
ProgramName: mri_convert  ProgramArguments: mri_convert -all-info  ProgramVersion: 7.3.2  TimeStamp: 2026/03/06-16:14:01-GMT  BuildTime: Aug  4 2022 06:17:15  BuildStamp: freesurfer-linux-ubuntu22_x86_64-7.3.2-20220804-6354275  User: oesteban  Machine: dna088  Platform: Linux  PlatformVersion: 5.14.0-427.37.1.el9_4.x86_64  CompilerName: GCC  CompilerVersion: 8.4.0
ProgramName: mri_diff  ProgramArguments: mri_diff -all-info  ProgramVersion: 7.3.2  TimeStamp: 2026/03/06-16:14:01-GMT  BuildTime: Aug  4 2022 06:17:15  BuildStamp: freesurfer-linux-ubuntu22_x86_64-7.3.2-20220804-6354275  User: oesteban  Machine: dna088  Platform: Linux  PlatformVersion: 5.14.0-427.37.1.el9_4.x86_64  CompilerName: GCC  CompilerVersion: 8.4.0
ProgramName: mri_edit_wm_with_aseg  ProgramArguments: mri_edit_wm_with_aseg -all-info  ProgramVersion: 7.3.2  TimeStamp: 2026/03/06-16:14:01-GMT  BuildTime: Aug  4 2022 06:17:15  BuildStamp: freesurfer-linux-ubuntu22_x86_64-7.3.2-20220804-6354275  User: oesteban  Machine: dna088  Platform: Linux  PlatformVersion: 5.14.0-427.37.1.el9_4.x86_64  CompilerName: GCC  CompilerVersion: 8.4.0
ProgramName: mri_em_register  ProgramArguments: mri_em_register -all-info  ProgramVersion: 7.3.2  TimeStamp: 2026/03/06-16:14:01-GMT  BuildTime: Aug  4 2022 06:17:15  BuildStamp: freesurfer-linux-ubuntu22_x86_64-7.3.2-20220804-6354275  User: oesteban  Machine: dna088  Platform: Linux  PlatformVersion: 5.14.0-427.37.1.el9_4.x86_64  CompilerName: GCC  CompilerVersion: 8.4.0
ProgramName: mri_fill  ProgramArguments: mri_fill -all-info  ProgramVersion: 7.3.2  TimeStamp: 2026/03/06-16:14:01-GMT  BuildTime: Aug  4 2022 06:17:15  BuildStamp: freesurfer-linux-ubuntu22_x86_64-7.3.2-20220804-6354275  User: oesteban  Machine: dna088  Platform: Linux  PlatformVersion: 5.14.0-427.37.1.el9_4.x86_64  CompilerName: GCC  CompilerVersion: 8.4.0
ProgramName: mri_fuse_segmentations  ProgramArguments: mri_fuse_segmentations -all-info  ProgramVersion: 7.3.2  TimeStamp: 2026/03/06-16:14:01-GMT  BuildTime: Aug  4 2022 06:17:15  BuildStamp: freesurfer-linux-ubuntu22_x86_64-7.3.2-20220804-6354275  User: oesteban  Machine: dna088  Platform: Linux  PlatformVersion: 5.14.0-427.37.1.el9_4.x86_64  CompilerName: GCC  CompilerVersion: 8.4.0
ProgramName: mri_fwhm  ProgramArguments: mri_fwhm -all-info  ProgramVersion: 7.3.2  TimeStamp: 2026/03/06-16:14:01-GMT  BuildTime: Aug  4 2022 06:17:15  BuildStamp: freesurfer-linux-ubuntu22_x86_64-7.3.2-20220804-6354275  User: oesteban  Machine: dna088  Platform: Linux  PlatformVersion: 5.14.0-427.37.1.el9_4.x86_64  CompilerName: GCC  CompilerVersion: 8.4.0
ProgramName: mri_gcut  ProgramArguments: mri_gcut -all-info  ProgramVersion: 7.3.2  TimeStamp: 2026/03/06-16:14:01-GMT  BuildTime: Aug  4 2022 06:17:15  BuildStamp: freesurfer-linux-ubuntu22_x86_64-7.3.2-20220804-6354275  User: oesteban  Machine: dna088  Platform: Linux  PlatformVersion: 5.14.0-427.37.1.el9_4.x86_64  CompilerName: GCC  CompilerVersion: 8.4.0
ProgramName: mri_info  ProgramArguments: mri_info -all-info  ProgramVersion: 7.3.2  TimeStamp: 2026/03/06-16:14:01-GMT  BuildTime: Aug  4 2022 06:17:15  BuildStamp: freesurfer-linux-ubuntu22_x86_64-7.3.2-20220804-6354275  User: oesteban  Machine: dna088  Platform: Linux  PlatformVersion: 5.14.0-427.37.1.el9_4.x86_64  CompilerName: GCC  CompilerVersion: 8.4.0
ProgramName: mri_label2label  ProgramArguments: mri_label2label -all-info  ProgramVersion: 7.3.2  TimeStamp: 2026/03/06-16:14:01-GMT  BuildTime: Aug  4 2022 06:17:15  BuildStamp: freesurfer-linux-ubuntu22_x86_64-7.3.2-20220804-6354275  User: oesteban  Machine: dna088  Platform: Linux  PlatformVersion: 5.14.0-427.37.1.el9_4.x86_64  CompilerName: GCC  CompilerVersion: 8.4.0
ProgramName: mri_label2vol  ProgramArguments: mri_label2vol -all-info  ProgramVersion: 7.3.2  TimeStamp: 2026/03/06-16:14:01-GMT  BuildTime: Aug  4 2022 06:17:15  BuildStamp: freesurfer-linux-ubuntu22_x86_64-7.3.2-20220804-6354275  User: oesteban  Machine: dna088  Platform: Linux  PlatformVersion: 5.14.0-427.37.1.el9_4.x86_64  CompilerName: GCC  CompilerVersion: 8.4.0
ProgramName: mri_log_likelihood  ProgramArguments: mri_log_likelihood -all-info  ProgramVersion: 7.3.2  TimeStamp: 2026/03/06-16:14:01-GMT  BuildTime: Aug  4 2022 06:17:15  BuildStamp: freesurfer-linux-ubuntu22_x86_64-7.3.2-20220804-6354275  User: oesteban  Machine: dna088  Platform: Linux  PlatformVersion: 5.14.0-427.37.1.el9_4.x86_64  CompilerName: GCC  CompilerVersion: 8.4.0
ProgramName: mri_mask  ProgramArguments: mri_mask -all-info  ProgramVersion: 7.3.2  TimeStamp: 2026/03/06-16:14:01-GMT  BuildTime: Aug  4 2022 06:17:15  BuildStamp: freesurfer-linux-ubuntu22_x86_64-7.3.2-20220804-6354275  User: oesteban  Machine: dna088  Platform: Linux  PlatformVersion: 5.14.0-427.37.1.el9_4.x86_64  CompilerName: GCC  CompilerVersion: 8.4.0
ProgramName: mri_matrix_multiply  ProgramArguments: mri_matrix_multiply -all-info  ProgramVersion: 7.3.2  TimeStamp: 2026/03/06-16:14:01-GMT  BuildTime: Aug  4 2022 06:17:15  BuildStamp: freesurfer-linux-ubuntu22_x86_64-7.3.2-20220804-6354275  User: oesteban  Machine: dna088  Platform: Linux  PlatformVersion: 5.14.0-427.37.1.el9_4.x86_64  CompilerName: GCC  CompilerVersion: 8.4.0
ProgramName: mri_normalize  ProgramArguments: mri_normalize -all-info  ProgramVersion: 7.3.2  TimeStamp: 2026/03/06-16:14:01-GMT  BuildTime: Aug  4 2022 06:17:15  BuildStamp: freesurfer-linux-ubuntu22_x86_64-7.3.2-20220804-6354275  User: oesteban  Machine: dna088  Platform: Linux  PlatformVersion: 5.14.0-427.37.1.el9_4.x86_64  CompilerName: GCC  CompilerVersion: 8.4.0
ProgramName: mri_normalize_tp2  ProgramArguments: mri_normalize_tp2 -all-info  ProgramVersion: 7.3.2  TimeStamp: 2026/03/06-16:14:01-GMT  BuildTime: Aug  4 2022 06:17:15  BuildStamp: freesurfer-linux-ubuntu22_x86_64-7.3.2-20220804-6354275  User: oesteban  Machine: dna088  Platform: Linux  PlatformVersion: 5.14.0-427.37.1.el9_4.x86_64  CompilerName: GCC  CompilerVersion: 8.4.0
ProgramName: mri_or  ProgramArguments: mri_or -all-info  ProgramVersion: 7.3.2  TimeStamp: 2026/03/06-16:14:01-GMT  BuildTime: Aug  4 2022 06:17:15  BuildStamp: freesurfer-linux-ubuntu22_x86_64-7.3.2-20220804-6354275  User: oesteban  Machine: dna088  Platform: Linux  PlatformVersion: 5.14.0-427.37.1.el9_4.x86_64  CompilerName: GCC  CompilerVersion: 8.4.0
ProgramName: mri_relabel_hypointensities  ProgramArguments: mri_relabel_hypointensities -all-info  ProgramVersion: 7.3.2  TimeStamp: 2026/03/06-16:14:01-GMT  BuildTime: Aug  4 2022 06:17:15  BuildStamp: freesurfer-linux-ubuntu22_x86_64-7.3.2-20220804-6354275  User: oesteban  Machine: dna088  Platform: Linux  PlatformVersion: 5.14.0-427.37.1.el9_4.x86_64  CompilerName: GCC  CompilerVersion: 8.4.0
ProgramName: mri_relabel_nonwm_hypos  ProgramArguments: mri_relabel_nonwm_hypos -all-info  ProgramVersion: 7.3.2  TimeStamp: 2026/03/06-16:14:01-GMT  BuildTime: Aug  4 2022 06:17:15  BuildStamp: freesurfer-linux-ubuntu22_x86_64-7.3.2-20220804-6354275  User: oesteban  Machine: dna088  Platform: Linux  PlatformVersion: 5.14.0-427.37.1.el9_4.x86_64  CompilerName: GCC  CompilerVersion: 8.4.0
ProgramName: mri_remove_neck  ProgramArguments: mri_remove_neck -all-info  ProgramVersion: 7.3.2  TimeStamp: 2026/03/06-16:14:01-GMT  BuildTime: Aug  4 2022 06:17:15  BuildStamp: freesurfer-linux-ubuntu22_x86_64-7.3.2-20220804-6354275  User: oesteban  Machine: dna088  Platform: Linux  PlatformVersion: 5.14.0-427.37.1.el9_4.x86_64  CompilerName: GCC  CompilerVersion: 8.4.0
7.3.2

ProgramName: mri_robust_register  ProgramArguments: mri_robust_register -all-info  ProgramVersion: 7.3.2  TimeStamp: 2026/03/06-16:14:01-GMT  BuildTime: Aug  4 2022 06:17:15  BuildStamp: freesurfer-linux-ubuntu22_x86_64-7.3.2-20220804-6354275  User: oesteban  Machine: dna088  Platform: Linux  PlatformVersion: 5.14.0-427.37.1.el9_4.x86_64  CompilerName: GCC  CompilerVersion: 8.4.0
7.3.2

ProgramName: mri_robust_template  ProgramArguments: mri_robust_template -all-info  ProgramVersion: 7.3.2  TimeStamp: 2026/03/06-16:14:01-GMT  BuildTime: Aug  4 2022 06:17:15  BuildStamp: freesurfer-linux-ubuntu22_x86_64-7.3.2-20220804-6354275  User: oesteban  Machine: dna088  Platform: Linux  PlatformVersion: 5.14.0-427.37.1.el9_4.x86_64  CompilerName: GCC  CompilerVersion: 8.4.0
ProgramName: mris_anatomical_stats  ProgramArguments: mris_anatomical_stats -all-info  ProgramVersion: 7.3.2  TimeStamp: 2026/03/06-16:14:01-GMT  BuildTime: Aug  4 2022 06:17:15  BuildStamp: freesurfer-linux-ubuntu22_x86_64-7.3.2-20220804-6354275  User: oesteban  Machine: dna088  Platform: Linux  PlatformVersion: 5.14.0-427.37.1.el9_4.x86_64  CompilerName: GCC  CompilerVersion: 8.4.0
ProgramName: mris_ca_label  ProgramArguments: mris_ca_label -all-info  ProgramVersion: 7.3.2  TimeStamp: 2026/03/06-16:14:01-GMT  BuildTime: Aug  4 2022 06:17:15  BuildStamp: freesurfer-linux-ubuntu22_x86_64-7.3.2-20220804-6354275  User: oesteban  Machine: dna088  Platform: Linux  PlatformVersion: 5.14.0-427.37.1.el9_4.x86_64  CompilerName: GCC  CompilerVersion: 8.4.0
ProgramName: mris_calc  ProgramArguments: mris_calc -all-info  ProgramVersion: 7.3.2  TimeStamp: 2026/03/06-16:14:01-GMT  BuildTime: Aug  4 2022 06:17:15  BuildStamp: freesurfer-linux-ubuntu22_x86_64-7.3.2-20220804-6354275  User: oesteban  Machine: dna088  Platform: Linux  PlatformVersion: 5.14.0-427.37.1.el9_4.x86_64  CompilerName: GCC  CompilerVersion: 8.4.0
ProgramName: mris_convert  ProgramArguments: mris_convert -all-info  ProgramVersion: 7.3.2  TimeStamp: 2026/03/06-16:14:01-GMT  BuildTime: Aug  4 2022 06:17:15  BuildStamp: freesurfer-linux-ubuntu22_x86_64-7.3.2-20220804-6354275  User: oesteban  Machine: dna088  Platform: Linux  PlatformVersion: 5.14.0-427.37.1.el9_4.x86_64  CompilerName: GCC  CompilerVersion: 8.4.0
ProgramName: mris_curvature  ProgramArguments: mris_curvature -all-info  ProgramVersion: 7.3.2  TimeStamp: 2026/03/06-16:14:01-GMT  BuildTime: Aug  4 2022 06:17:15  BuildStamp: freesurfer-linux-ubuntu22_x86_64-7.3.2-20220804-6354275  User: oesteban  Machine: dna088  Platform: Linux  PlatformVersion: 5.14.0-427.37.1.el9_4.x86_64  CompilerName: GCC  CompilerVersion: 8.4.0
ProgramName: mris_curvature_stats  ProgramArguments: mris_curvature_stats -all-info  ProgramVersion: 7.3.2  TimeStamp: 2026/03/06-16:14:01-GMT  BuildTime: Aug  4 2022 06:17:15  BuildStamp: freesurfer-linux-ubuntu22_x86_64-7.3.2-20220804-6354275  User: oesteban  Machine: dna088  Platform: Linux  PlatformVersion: 5.14.0-427.37.1.el9_4.x86_64  CompilerName: GCC  CompilerVersion: 8.4.0
ProgramName: mris_diff  ProgramArguments: mris_diff -all-info  ProgramVersion: 7.3.2  TimeStamp: 2026/03/06-16:14:01-GMT  BuildTime: Aug  4 2022 06:17:15  BuildStamp: freesurfer-linux-ubuntu22_x86_64-7.3.2-20220804-6354275  User: oesteban  Machine: dna088  Platform: Linux  PlatformVersion: 5.14.0-427.37.1.el9_4.x86_64  CompilerName: GCC  CompilerVersion: 8.4.0
ProgramName: mris_divide_parcellation  ProgramArguments: mris_divide_parcellation -all-info  ProgramVersion: 7.3.2  TimeStamp: 2026/03/06-16:14:01-GMT  BuildTime: Aug  4 2022 06:17:15  BuildStamp: freesurfer-linux-ubuntu22_x86_64-7.3.2-20220804-6354275  User: oesteban  Machine: dna088  Platform: Linux  PlatformVersion: 5.14.0-427.37.1.el9_4.x86_64  CompilerName: GCC  CompilerVersion: 8.4.0
ProgramName: mri_segment  ProgramArguments: mri_segment -all-info  ProgramVersion: 7.3.2  TimeStamp: 2026/03/06-16:14:01-GMT  BuildTime: Aug  4 2022 06:17:15  BuildStamp: freesurfer-linux-ubuntu22_x86_64-7.3.2-20220804-6354275  User: oesteban  Machine: dna088  Platform: Linux  PlatformVersion: 5.14.0-427.37.1.el9_4.x86_64  CompilerName: GCC  CompilerVersion: 8.4.0
ProgramName: mri_segstats  ProgramArguments: mri_segstats -all-info  ProgramVersion: 7.3.2  TimeStamp: 2026/03/06-16:14:01-GMT  BuildTime: Aug  4 2022 06:17:15  BuildStamp: freesurfer-linux-ubuntu22_x86_64-7.3.2-20220804-6354275  User: oesteban  Machine: dna088  Platform: Linux  PlatformVersion: 5.14.0-427.37.1.el9_4.x86_64  CompilerName: GCC  CompilerVersion: 8.4.0
ProgramName: mris_euler_number  ProgramArguments: mris_euler_number -all-info  ProgramVersion: 7.3.2  TimeStamp: 2026/03/06-16:14:01-GMT  BuildTime: Aug  4 2022 06:17:15  BuildStamp: freesurfer-linux-ubuntu22_x86_64-7.3.2-20220804-6354275  User: oesteban  Machine: dna088  Platform: Linux  PlatformVersion: 5.14.0-427.37.1.el9_4.x86_64  CompilerName: GCC  CompilerVersion: 8.4.0
ProgramName: mris_fix_topology  ProgramArguments: mris_fix_topology -all-info  ProgramVersion: 7.3.2  TimeStamp: 2026/03/06-16:14:01-GMT  BuildTime: Aug  4 2022 06:17:15  BuildStamp: freesurfer-linux-ubuntu22_x86_64-7.3.2-20220804-6354275  User: oesteban  Machine: dna088  Platform: Linux  PlatformVersion: 5.14.0-427.37.1.el9_4.x86_64  CompilerName: GCC  CompilerVersion: 8.4.0
ProgramName: mris_topo_fixer  ProgramArguments: mris_topo_fixer -all-info  ProgramVersion: 7.3.2  TimeStamp: 2026/03/06-16:14:01-GMT  BuildTime: Aug  4 2022 06:17:15  BuildStamp: freesurfer-linux-ubuntu22_x86_64-7.3.2-20220804-6354275  User: oesteban  Machine: dna088  Platform: Linux  PlatformVersion: 5.14.0-427.37.1.el9_4.x86_64  CompilerName: GCC  CompilerVersion: 8.4.0
ProgramName: mris_jacobian  ProgramArguments: mris_jacobian -all-info  ProgramVersion: 7.3.2  TimeStamp: 2026/03/06-16:14:01-GMT  BuildTime: Aug  4 2022 06:17:15  BuildStamp: freesurfer-linux-ubuntu22_x86_64-7.3.2-20220804-6354275  User: oesteban  Machine: dna088  Platform: Linux  PlatformVersion: 5.14.0-427.37.1.el9_4.x86_64  CompilerName: GCC  CompilerVersion: 8.4.0
ProgramName: mris_label2annot  ProgramArguments: mris_label2annot -all-info  ProgramVersion: 7.3.2  TimeStamp: 2026/03/06-16:14:01-GMT  BuildTime: Aug  4 2022 06:17:15  BuildStamp: freesurfer-linux-ubuntu22_x86_64-7.3.2-20220804-6354275  User: oesteban  Machine: dna088  Platform: Linux  PlatformVersion: 5.14.0-427.37.1.el9_4.x86_64  CompilerName: GCC  CompilerVersion: 8.4.0
ProgramName: mris_left_right_register  ProgramArguments: mris_left_right_register -all-info  ProgramVersion: 7.3.2  TimeStamp: 2026/03/06-16:14:01-GMT  BuildTime: Aug  4 2022 06:17:15  BuildStamp: freesurfer-linux-ubuntu22_x86_64-7.3.2-20220804-6354275  User: oesteban  Machine: dna088  Platform: Linux  PlatformVersion: 5.14.0-427.37.1.el9_4.x86_64  CompilerName: GCC  CompilerVersion: 8.4.0
ProgramName: mris_place_surface  ProgramArguments: mris_place_surface -all-info  ProgramVersion: 7.3.2  TimeStamp: 2026/03/06-16:14:01-GMT  BuildTime: Aug  4 2022 06:17:15  BuildStamp: freesurfer-linux-ubuntu22_x86_64-7.3.2-20220804-6354275  User: oesteban  Machine: dna088  Platform: Linux  PlatformVersion: 5.14.0-427.37.1.el9_4.x86_64  CompilerName: GCC  CompilerVersion: 8.4.0
ProgramName: mrisp_paint  ProgramArguments: mrisp_paint -all-info  ProgramVersion: 7.3.2  TimeStamp: 2026/03/06-16:14:01-GMT  BuildTime: Aug  4 2022 06:17:15  BuildStamp: freesurfer-linux-ubuntu22_x86_64-7.3.2-20220804-6354275  User: oesteban  Machine: dna088  Platform: Linux  PlatformVersion: 5.14.0-427.37.1.el9_4.x86_64  CompilerName: GCC  CompilerVersion: 8.4.0
ProgramName: mris_register  ProgramArguments: mris_register -all-info  ProgramVersion: 7.3.2  TimeStamp: 2026/03/06-16:14:01-GMT  BuildTime: Aug  4 2022 06:17:15  BuildStamp: freesurfer-linux-ubuntu22_x86_64-7.3.2-20220804-6354275  User: oesteban  Machine: dna088  Platform: Linux  PlatformVersion: 5.14.0-427.37.1.el9_4.x86_64  CompilerName: GCC  CompilerVersion: 8.4.0
ProgramName: mris_smooth  ProgramArguments: mris_smooth -all-info  ProgramVersion: 7.3.2  TimeStamp: 2026/03/06-16:14:01-GMT  BuildTime: Aug  4 2022 06:17:15  BuildStamp: freesurfer-linux-ubuntu22_x86_64-7.3.2-20220804-6354275  User: oesteban  Machine: dna088  Platform: Linux  PlatformVersion: 5.14.0-427.37.1.el9_4.x86_64  CompilerName: GCC  CompilerVersion: 8.4.0
ProgramName: mris_sphere  ProgramArguments: mris_sphere -all-info  ProgramVersion: 7.3.2  TimeStamp: 2026/03/06-16:14:01-GMT  BuildTime: Aug  4 2022 06:17:15  BuildStamp: freesurfer-linux-ubuntu22_x86_64-7.3.2-20220804-6354275  User: oesteban  Machine: dna088  Platform: Linux  PlatformVersion: 5.14.0-427.37.1.el9_4.x86_64  CompilerName: GCC  CompilerVersion: 8.4.0
ProgramName: mris_surface_stats  ProgramArguments: mris_surface_stats -all-info  ProgramVersion: 7.3.2  TimeStamp: 2026/03/06-16:14:01-GMT  BuildTime: Aug  4 2022 06:17:15  BuildStamp: freesurfer-linux-ubuntu22_x86_64-7.3.2-20220804-6354275  User: oesteban  Machine: dna088  Platform: Linux  PlatformVersion: 5.14.0-427.37.1.el9_4.x86_64  CompilerName: GCC  CompilerVersion: 8.4.0
ProgramName: mri_stats2seg  ProgramArguments: mri_stats2seg -all-info  ProgramVersion: 7.3.2  TimeStamp: 2026/03/06-16:14:01-GMT  BuildTime: Aug  4 2022 06:17:15  BuildStamp: freesurfer-linux-ubuntu22_x86_64-7.3.2-20220804-6354275  User: oesteban  Machine: dna088  Platform: Linux  PlatformVersion: 5.14.0-427.37.1.el9_4.x86_64  CompilerName: GCC  CompilerVersion: 8.4.0
ProgramName: mris_thickness  ProgramArguments: mris_thickness -all-info  ProgramVersion: 7.3.2  TimeStamp: 2026/03/06-16:14:01-GMT  BuildTime: Aug  4 2022 06:17:15  BuildStamp: freesurfer-linux-ubuntu22_x86_64-7.3.2-20220804-6354275  User: oesteban  Machine: dna088  Platform: Linux  PlatformVersion: 5.14.0-427.37.1.el9_4.x86_64  CompilerName: GCC  CompilerVersion: 8.4.0
ProgramName: mris_thickness_diff  ProgramArguments: mris_thickness_diff -all-info  ProgramVersion: 7.3.2  TimeStamp: 2026/03/06-16:14:01-GMT  BuildTime: Aug  4 2022 06:17:15  BuildStamp: freesurfer-linux-ubuntu22_x86_64-7.3.2-20220804-6354275  User: oesteban  Machine: dna088  Platform: Linux  PlatformVersion: 5.14.0-427.37.1.el9_4.x86_64  CompilerName: GCC  CompilerVersion: 8.4.0
ProgramName: mris_topo_fixer  ProgramArguments: mris_topo_fixer -all-info  ProgramVersion: 7.3.2  TimeStamp: 2026/03/06-16:14:01-GMT  BuildTime: Aug  4 2022 06:17:15  BuildStamp: freesurfer-linux-ubuntu22_x86_64-7.3.2-20220804-6354275  User: oesteban  Machine: dna088  Platform: Linux  PlatformVersion: 5.14.0-427.37.1.el9_4.x86_64  CompilerName: GCC  CompilerVersion: 8.4.0
ProgramName: mri_surf2surf  ProgramArguments: mri_surf2surf -all-info  ProgramVersion: 7.3.2  TimeStamp: 2026/03/06-16:14:01-GMT  BuildTime: Aug  4 2022 06:17:15  BuildStamp: freesurfer-linux-ubuntu22_x86_64-7.3.2-20220804-6354275  User: oesteban  Machine: dna088  Platform: Linux  PlatformVersion: 5.14.0-427.37.1.el9_4.x86_64  CompilerName: GCC  CompilerVersion: 8.4.0
ProgramName: mri_surf2vol  ProgramArguments: mri_surf2vol -all-info  ProgramVersion: 7.3.2  TimeStamp: 2026/03/06-16:14:01-GMT  BuildTime: Aug  4 2022 06:17:15  BuildStamp: freesurfer-linux-ubuntu22_x86_64-7.3.2-20220804-6354275  User: oesteban  Machine: dna088  Platform: Linux  PlatformVersion: 5.14.0-427.37.1.el9_4.x86_64  CompilerName: GCC  CompilerVersion: 8.4.0
ProgramName: mri_surfcluster  ProgramArguments: mri_surfcluster -all-info  ProgramVersion: 7.3.2  TimeStamp: 2026/03/06-16:14:01-GMT  BuildTime: Aug  4 2022 06:17:15  BuildStamp: freesurfer-linux-ubuntu22_x86_64-7.3.2-20220804-6354275  User: oesteban  Machine: dna088  Platform: Linux  PlatformVersion: 5.14.0-427.37.1.el9_4.x86_64  CompilerName: GCC  CompilerVersion: 8.4.0
ProgramName: mris_volmask  ProgramArguments: mris_volmask -all-info  ProgramVersion: 7.3.2  TimeStamp: 2026/03/06-16:14:01-GMT  BuildTime: Aug  4 2022 06:17:15  BuildStamp: freesurfer-linux-ubuntu22_x86_64-7.3.2-20220804-6354275  User: oesteban  Machine: dna088  Platform: Linux  PlatformVersion: 5.14.0-427.37.1.el9_4.x86_64  CompilerName: GCC  CompilerVersion: 8.4.0
ProgramName: mri_tessellate  ProgramArguments: mri_tessellate -all-info  ProgramVersion: 7.3.2  TimeStamp: 2026/03/06-16:14:01-GMT  BuildTime: Aug  4 2022 06:17:15  BuildStamp: freesurfer-linux-ubuntu22_x86_64-7.3.2-20220804-6354275  User: oesteban  Machine: dna088  Platform: Linux  PlatformVersion: 5.14.0-427.37.1.el9_4.x86_64  CompilerName: GCC  CompilerVersion: 8.4.0
ProgramName: mri_vol2surf  ProgramArguments: mri_vol2surf -all-info  ProgramVersion: 7.3.2  TimeStamp: 2026/03/06-16:14:01-GMT  BuildTime: Aug  4 2022 06:17:15  BuildStamp: freesurfer-linux-ubuntu22_x86_64-7.3.2-20220804-6354275  User: oesteban  Machine: dna088  Platform: Linux  PlatformVersion: 5.14.0-427.37.1.el9_4.x86_64  CompilerName: GCC  CompilerVersion: 8.4.0
ProgramName: mri_vol2vol  ProgramArguments: mri_vol2vol -all-info  ProgramVersion: 7.3.2  TimeStamp: 2026/03/06-16:14:01-GMT  BuildTime: Aug  4 2022 06:17:15  BuildStamp: freesurfer-linux-ubuntu22_x86_64-7.3.2-20220804-6354275  User: oesteban  Machine: dna088  Platform: Linux  PlatformVersion: 5.14.0-427.37.1.el9_4.x86_64  CompilerName: GCC  CompilerVersion: 8.4.0
ProgramName: mri_voldiff  ProgramArguments: mri_voldiff -all-info  ProgramVersion: 7.3.2  TimeStamp: 2026/03/06-16:14:01-GMT  BuildTime: Aug  4 2022 06:17:15  BuildStamp: freesurfer-linux-ubuntu22_x86_64-7.3.2-20220804-6354275  User: oesteban  Machine: dna088  Platform: Linux  PlatformVersion: 5.14.0-427.37.1.el9_4.x86_64  CompilerName: GCC  CompilerVersion: 8.4.0
ProgramName: mri_watershed  ProgramArguments: mri_watershed -all-info  ProgramVersion: 7.3.2  TimeStamp: 2026/03/06-16:14:01-GMT  BuildTime: Aug  4 2022 06:17:15  BuildStamp: freesurfer-linux-ubuntu22_x86_64-7.3.2-20220804-6354275  User: oesteban  Machine: dna088  Platform: Linux  PlatformVersion: 5.14.0-427.37.1.el9_4.x86_64  CompilerName: GCC  CompilerVersion: 8.4.0
ProgramName: tkregister2  ProgramArguments: tkregister2_cmdl -all-info  ProgramVersion: 7.3.2  TimeStamp: 2026/03/06-16:14:01-GMT  BuildTime: Aug  4 2022 06:17:15  BuildStamp: freesurfer-linux-ubuntu22_x86_64-7.3.2-20220804-6354275  User: oesteban  Machine: dna088  Platform: Linux  PlatformVersion: 5.14.0-427.37.1.el9_4.x86_64  CompilerName: GCC  CompilerVersion: 8.4.0
mri_motion_correct.fsl 7.3.2
mri_convert -all-info 
ProgramName: mri_convert  ProgramArguments: mri_convert -all-info  ProgramVersion: 7.3.2  TimeStamp: 2026/03/06-16:14:01-GMT  BuildTime: Aug  4 2022 06:17:15  BuildStamp: freesurfer-linux-ubuntu22_x86_64-7.3.2-20220804-6354275  User: oesteban  Machine: dna088  Platform: Linux  PlatformVersion: 5.14.0-427.37.1.el9_4.x86_64  CompilerName: GCC  CompilerVersion: 8.4.0
Program nu_correct, built from:
Package MNI N3, version 1.12.0, compiled by nicks@terrier (x86_64-unknown-linux-gnu) on 2015-06-19 at 01:25:34
#######################################
GCADIR /opt/freesurfer/average
GCA RB_all_2020-01-02.gca
GCASkull RB_all_withskull_2020_01_02.gca
AvgCurvTif folding.atlas.acfb40.noaparc.i12.2016-08-02.tif
GCSDIR /opt/freesurfer/average
GCS DKaparc.atlas.acfb40.noaparc.i12.2016-08-02.gcs
#######################################
#--------------------------------------------
#@# Tessellate lh Fri Mar  6 17:14:01 CET 2026
/out/sourcedata/freesurfer/sub-v1s10x0051146_ses-1/scripts

 mri_pretess ../mri/filled.mgz 255 ../mri/norm.mgz ../mri/filled-pretess255.mgz 


Iteration Number : 1
pass   1 (xy+):   3 found -   3 modified     |    TOTAL:   3
pass   2 (xy+):   0 found -   3 modified     |    TOTAL:   3
pass   1 (xy-):   1 found -   1 modified     |    TOTAL:   4
pass   2 (xy-):   0 found -   1 modified     |    TOTAL:   4
pass   1 (yz+):   6 found -   6 modified     |    TOTAL:  10
pass   2 (yz+):   0 found -   6 modified     |    TOTAL:  10
pass   1 (yz-):   8 found -   8 modified     |    TOTAL:  18
pass   2 (yz-):   0 found -   8 modified     |    TOTAL:  18
pass   1 (xz+):   2 found -   2 modified     |    TOTAL:  20
pass   2 (xz+):   0 found -   2 modified     |    TOTAL:  20
pass   1 (xz-):   2 found -   2 modified     |    TOTAL:  22
pass   2 (xz-):   0 found -   2 modified     |    TOTAL:  22
Iteration Number : 1
pass   1 (+++):   0 found -   0 modified     |    TOTAL:   0
pass   1 (+++):   0 found -   0 modified     |    TOTAL:   0
pass   1 (+++):   0 found -   0 modified     |    TOTAL:   0
pass   1 (+++):   0 found -   0 modified     |    TOTAL:   0
Iteration Number : 1
pass   1 (++):   0 found -   0 modified     |    TOTAL:   0
pass   1 (+-):   2 found -   2 modified     |    TOTAL:   2
pass   2 (+-):   0 found -   2 modified     |    TOTAL:   2
pass   1 (--):   1 found -   1 modified     |    TOTAL:   3
pass   2 (--):   0 found -   1 modified     |    TOTAL:   3
pass   1 (-+):   2 found -   2 modified     |    TOTAL:   5
pass   2 (-+):   0 found -   2 modified     |    TOTAL:   5
Iteration Number : 2
pass   1 (xy+):   0 found -   0 modified     |    TOTAL:   0
pass   1 (xy-):   0 found -   0 modified     |    TOTAL:   0
pass   1 (yz+):   0 found -   0 modified     |    TOTAL:   0
pass   1 (yz-):   0 found -   0 modified     |    TOTAL:   0
pass   1 (xz+):   0 found -   0 modified     |    TOTAL:   0
pass   1 (xz-):   0 found -   0 modified     |    TOTAL:   0
Iteration Number : 2
pass   1 (+++):   0 found -   0 modified     |    TOTAL:   0
pass   1 (+++):   0 found -   0 modified     |    TOTAL:   0
pass   1 (+++):   0 found -   0 modified     |    TOTAL:   0
pass   1 (+++):   0 found -   0 modified     |    TOTAL:   0
Iteration Number : 2
pass   1 (++):   0 found -   0 modified     |    TOTAL:   0
pass   1 (+-):   0 found -   0 modified     |    TOTAL:   0
pass   1 (--):   0 found -   0 modified     |    TOTAL:   0
pass   1 (-+):   0 found -   0 modified     |    TOTAL:   0

Total Number of Modified Voxels = 27 (out of 300600: 0.008982)
Ambiguous edge configurations... 

mri_pretess done


 mri_tessellate ../mri/filled-pretess255.mgz 255 ../surf/lh.orig.nofix 

7.3.2
  7.3.2
slice 50: 4848 vertices, 5143 faces
slice 60: 16244 vertices, 16661 faces
slice 70: 29586 vertices, 30007 faces
slice 80: 42502 vertices, 42903 faces
slice 90: 54240 vertices, 54607 faces
slice 100: 66347 vertices, 66804 faces
slice 110: 78317 vertices, 78729 faces
slice 120: 89567 vertices, 89968 faces
slice 130: 100049 vertices, 100441 faces
slice 140: 110581 vertices, 110968 faces
slice 150: 119810 vertices, 120161 faces
slice 160: 128361 vertices, 128667 faces
slice 170: 135262 vertices, 135514 faces
slice 180: 140848 vertices, 141042 faces
slice 190: 144584 vertices, 144727 faces
slice 200: 146378 vertices, 146427 faces
slice 210: 146416 vertices, 146448 faces
slice 220: 146416 vertices, 146448 faces
slice 230: 146416 vertices, 146448 faces
slice 240: 146416 vertices, 146448 faces
slice 250: 146416 vertices, 146448 faces
using the conformed surface RAS to save vertex points...
writing ../surf/lh.orig.nofix
using vox2ras matrix:
-1.00000   0.00000   0.00000   128.00000;
 0.00000   0.00000   1.00000  -128.00000;
 0.00000  -1.00000   0.00000   128.00000;
 0.00000   0.00000   0.00000   1.00000;

 rm -f ../mri/filled-pretess255.mgz 


 mris_extract_main_component ../surf/lh.orig.nofix ../surf/lh.orig.nofix 


counting number of connected components...
   146416 voxel in cpt #1: X=-32 [v=146416,e=439344,f=292896] located at (-28.903896, -20.133516, -9.955633)
For the whole surface: X=-32 [v=146416,e=439344,f=292896]
One single component has been found
nothing to do
done

#--------------------------------------------
#@# Smooth1 lh Fri Mar  6 17:14:04 CET 2026
/out/sourcedata/freesurfer/sub-v1s10x0051146_ses-1/scripts

 mris_smooth -nw -seed 1234 ../surf/lh.orig.nofix ../surf/lh.smoothwm.nofix 

setting seed for random number generator to 1234
smoothing surface tessellation for 10 iterations...
smoothing complete - recomputing first and second fundamental forms...
#--------------------------------------------
#@# Inflation1 lh Fri Mar  6 17:14:06 CET 2026
/out/sourcedata/freesurfer/sub-v1s10x0051146_ses-1/scripts

 mris_inflate -no-save-sulc ../surf/lh.smoothwm.nofix ../surf/lh.inflated.nofix 

Not saving sulc
Reading ../surf/lh.smoothwm.nofix
avg radius = 48.4 mm, total surface area = 78770 mm^2
step 000: RMS=0.150 (target=0.015)   step 005: RMS=0.113 (target=0.015)   step 010: RMS=0.084 (target=0.015)   step 015: RMS=0.071 (target=0.015)   step 020: RMS=0.061 (target=0.015)   step 025: RMS=0.054 (target=0.015)   step 030: RMS=0.049 (target=0.015)   step 035: RMS=0.045 (target=0.015)   step 040: RMS=0.042 (target=0.015)   step 045: RMS=0.040 (target=0.015)   step 050: RMS=0.039 (target=0.015)   step 055: RMS=0.040 (target=0.015)   step 060: RMS=0.040 (target=0.015)   writing inflated surface to ../surf/lh.inflated.nofix
inflation took 0.1 minutes

inflation complete.
Not saving sulc
mris_inflate utimesec    40.608990
mris_inflate stimesec    1.936267
mris_inflate ru_maxrss   231264
mris_inflate ru_ixrss    0
mris_inflate ru_idrss    0
mris_inflate ru_isrss    0
mris_inflate ru_minflt   651486
mris_inflate ru_majflt   46
mris_inflate ru_nswap    0
mris_inflate ru_inblock  1672
mris_inflate ru_oublock  10304
mris_inflate ru_msgsnd   0
mris_inflate ru_msgrcv   0
mris_inflate ru_nsignals 0
mris_inflate ru_nvcsw    4860
mris_inflate ru_nivcsw   265
#--------------------------------------------
#@# QSphere lh Fri Mar  6 17:14:15 CET 2026
/out/sourcedata/freesurfer/sub-v1s10x0051146_ses-1/scripts

 mris_sphere -q -p 6 -a 128 -seed 1234 ../surf/lh.inflated.nofix ../surf/lh.qsphere.nofix 

doing quick spherical unfolding.
limitting unfolding to 6 passes
using n_averages = 128
setting seed for random number genererator to 1234
version: 7.3.2
available threads: 16
scaling brain by 0.316...
inflating...
projecting onto sphere...
surface projected - minimizing metric distortion...
vertex spacing 0.95 +- 0.56 (0.00-->6.36) (max @ vno 111311 --> 111320)
face area 0.03 +- 0.04 (-0.18-->0.70)
Entering MRISinflateToSphere()
inflating to sphere (rms error < 2.00)
000: dt: 0.0000, rms radial error=175.543, avgs=0
005/300: dt: 0.9000, rms radial error=175.284, avgs=0
010/300: dt: 0.9000, rms radial error=174.729, avgs=0
015/300: dt: 0.9000, rms radial error=173.998, avgs=0
020/300: dt: 0.9000, rms radial error=173.166, avgs=0
025/300: dt: 0.9000, rms radial error=172.274, avgs=0
030/300: dt: 0.9000, rms radial error=171.350, avgs=0
035/300: dt: 0.9000, rms radial error=170.408, avgs=0
040/300: dt: 0.9000, rms radial error=169.468, avgs=0
045/300: dt: 0.9000, rms radial error=168.526, avgs=0
050/300: dt: 0.9000, rms radial error=167.585, avgs=0
055/300: dt: 0.9000, rms radial error=166.647, avgs=0
060/300: dt: 0.9000, rms radial error=165.713, avgs=0
065/300: dt: 0.9000, rms radial error=164.782, avgs=0
070/300: dt: 0.9000, rms radial error=163.856, avgs=0
075/300: dt: 0.9000, rms radial error=162.935, avgs=0
080/300: dt: 0.9000, rms radial error=162.018, avgs=0
085/300: dt: 0.9000, rms radial error=161.106, avgs=0
090/300: dt: 0.9000, rms radial error=160.203, avgs=0
095/300: dt: 0.9000, rms radial error=159.306, avgs=0
100/300: dt: 0.9000, rms radial error=158.414, avgs=0
105/300: dt: 0.9000, rms radial error=157.527, avgs=0
110/300: dt: 0.9000, rms radial error=156.644, avgs=0
115/300: dt: 0.9000, rms radial error=155.767, avgs=0
120/300: dt: 0.9000, rms radial error=154.894, avgs=0
125/300: dt: 0.9000, rms radial error=154.025, avgs=0
130/300: dt: 0.9000, rms radial error=153.162, avgs=0
135/300: dt: 0.9000, rms radial error=152.303, avgs=0
140/300: dt: 0.9000, rms radial error=151.448, avgs=0
145/300: dt: 0.9000, rms radial error=150.599, avgs=0
150/300: dt: 0.9000, rms radial error=149.754, avgs=0
155/300: dt: 0.9000, rms radial error=148.914, avgs=0
160/300: dt: 0.9000, rms radial error=148.079, avgs=0
165/300: dt: 0.9000, rms radial error=147.248, avgs=0
170/300: dt: 0.9000, rms radial error=146.421, avgs=0
175/300: dt: 0.9000, rms radial error=145.599, avgs=0
180/300: dt: 0.9000, rms radial error=144.782, avgs=0
185/300: dt: 0.9000, rms radial error=143.969, avgs=0
190/300: dt: 0.9000, rms radial error=143.161, avgs=0
195/300: dt: 0.9000, rms radial error=142.358, avgs=0
200/300: dt: 0.9000, rms radial error=141.558, avgs=0
205/300: dt: 0.9000, rms radial error=140.763, avgs=0
210/300: dt: 0.9000, rms radial error=139.973, avgs=0
215/300: dt: 0.9000, rms radial error=139.186, avgs=0
220/300: dt: 0.9000, rms radial error=138.404, avgs=0
225/300: dt: 0.9000, rms radial error=137.627, avgs=0
230/300: dt: 0.9000, rms radial error=136.853, avgs=0
235/300: dt: 0.9000, rms radial error=136.084, avgs=0
240/300: dt: 0.9000, rms radial error=135.319, avgs=0
245/300: dt: 0.9000, rms radial error=134.559, avgs=0
250/300: dt: 0.9000, rms radial error=133.803, avgs=0
255/300: dt: 0.9000, rms radial error=133.051, avgs=0
260/300: dt: 0.9000, rms radial error=132.303, avgs=0
265/300: dt: 0.9000, rms radial error=131.559, avgs=0
270/300: dt: 0.9000, rms radial error=130.819, avgs=0
275/300: dt: 0.9000, rms radial error=130.084, avgs=0
280/300: dt: 0.9000, rms radial error=129.352, avgs=0
285/300: dt: 0.9000, rms radial error=128.625, avgs=0
290/300: dt: 0.9000, rms radial error=127.902, avgs=0
295/300: dt: 0.9000, rms radial error=127.182, avgs=0
300/300: dt: 0.9000, rms radial error=126.467, avgs=0

spherical inflation complete.
epoch 1 (K=10.0), pass 1, starting sse = 17027.73
taking momentum steps...
taking momentum steps...
taking momentum steps...
taking momentum steps...
pass 1 complete, delta sse/iter = 0.01/13 = 0.00039
epoch 2 (K=40.0), pass 1, starting sse = 2759.94
taking momentum steps...
taking momentum steps...
taking momentum steps...
taking momentum steps...
pass 1 complete, delta sse/iter = 0.00/13 = 0.00019
epoch 3 (K=160.0), pass 1, starting sse = 265.82
taking momentum steps...
taking momentum steps...
taking momentum steps...
taking momentum steps...
pass 1 complete, delta sse/iter = 0.11/15 = 0.00710
epoch 4 (K=640.0), pass 1, starting sse = 18.11
taking momentum steps...
taking momentum steps...
taking momentum steps...
taking momentum steps...
pass 1 complete, delta sse/iter = 0.08/17 = 0.00474
final distance error %100000.00
writing spherical brain to ../surf/lh.qsphere.nofix
spherical transformation took 0.0119 hours
FSRUNTIME@ mris_sphere  0.0119 hours 16 threads
#VMPC# mris_sphere VmPeak  2227496
mris_sphere done
#@# Fix Topology lh Fri Mar  6 17:14:57 CET 2026

 mris_fix_topology -mgz -sphere qsphere.nofix -inflated inflated.nofix -orig orig.nofix -out orig.premesh -ga -seed 1234 sub-v1s10x0051146_ses-1 lh 

reading spherical homeomorphism from 'qsphere.nofix'
reading inflated coordinates from 'inflated.nofix'
reading original coordinates from 'orig.nofix'
using genetic algorithm with optimized parameters
setting seed for random number genererator to 1234

*************************************************************
Topology Correction Parameters
retessellation mode:           genetic search
number of patches/generation : 10
number of generations :        10
surface mri loglikelihood coefficient :         1.0
volume mri loglikelihood coefficient :          10.0
normal dot loglikelihood coefficient :          1.0
quadratic curvature loglikelihood coefficient : 1.0
volume resolution :                             2
eliminate vertices during search :              1
initial patch selection :                       1
select all defect vertices :                    0
ordering dependant retessellation:              0
use precomputed edge table :                    0
smooth retessellated patch :                    2
match retessellated patch :                     1
verbose mode :                                  0

*************************************************************
INFO: assuming .mgz format
writing corrected surface to 'orig.premesh'
7.3.2
  7.3.2
before topology correction, eno=-32 (nv=146416, nf=292896, ne=439344, g=17)
using quasi-homeomorphic spherical map to tessellate cortical surface...

Correction of the Topology
Finding true center and radius of Spherical Surface...done
Surface centered at (0,0,0) with radius 100.0 in 11 iterations
marking ambiguous vertices...
9581 ambiguous faces found in tessellation
segmenting defects...
24 defects found, arbitrating ambiguous regions...
analyzing neighboring defects...
24 defects to be corrected 
0 vertices coincident
reading input surface /out/sourcedata/freesurfer/sub-v1s10x0051146_ses-1/surf/lh.qsphere.nofix...
reading brain volume from brain...
reading wm segmentation from wm...
Reading original properties of orig.nofix
Reading vertex positions of inflated.nofix
Computing Initial Surface Statistics
      -face       loglikelihood: -9.3212  (-4.6606)
      -vertex     loglikelihood: -6.3240  (-3.1620)
      -normal dot loglikelihood: -3.6870  (-3.6870)
      -quad curv  loglikelihood: -6.1017  (-3.0508)
      Total Loglikelihood : -25.4338
CORRECTING DEFECT 0 (vertices=644, convex hull=141, v0=6439)
After retessellation of defect 0 (v0=6439), euler #=-21 (141037,422054,280996) : difference with theory (-21) = 0 
CORRECTING DEFECT 1 (vertices=250, convex hull=129, v0=26565)
After retessellation of defect 1 (v0=26565), euler #=-20 (141097,422292,281175) : difference with theory (-20) = 0 
CORRECTING DEFECT 2 (vertices=6, convex hull=16, v0=45806)
After retessellation of defect 2 (v0=45806), euler #=-19 (141099,422302,281184) : difference with theory (-19) = 0 
CORRECTING DEFECT 3 (vertices=521, convex hull=350, v0=53861)
After retessellation of defect 3 (v0=53861), euler #=-18 (141278,423022,281726) : difference with theory (-18) = 0 
CORRECTING DEFECT 4 (vertices=24, convex hull=46, v0=59764)
After retessellation of defect 4 (v0=59764), euler #=-17 (141289,423072,281766) : difference with theory (-17) = 0 
CORRECTING DEFECT 5 (vertices=384, convex hull=237, v0=59787)
After retessellation of defect 5 (v0=59787), euler #=-16 (141348,423360,281996) : difference with theory (-16) = 0 
CORRECTING DEFECT 6 (vertices=7, convex hull=25, v0=62293)
After retessellation of defect 6 (v0=62293), euler #=-15 (141350,423372,282007) : difference with theory (-15) = 0 
CORRECTING DEFECT 7 (vertices=10, convex hull=24, v0=65776)
After retessellation of defect 7 (v0=65776), euler #=-14 (141355,423392,282023) : difference with theory (-14) = 0 
CORRECTING DEFECT 8 (vertices=11, convex hull=28, v0=70933)
After retessellation of defect 8 (v0=70933), euler #=-13 (141359,423416,282044) : difference with theory (-13) = 0 
CORRECTING DEFECT 9 (vertices=138, convex hull=83, v0=75739)
After retessellation of defect 9 (v0=75739), euler #=-12 (141398,423576,282166) : difference with theory (-12) = 0 
CORRECTING DEFECT 10 (vertices=1704, convex hull=685, v0=77762)
An extra large defect has been detected...
This often happens because cerebellum or dura has not been removed from wm.mgz.
This may cause recon-all to run very slowly or crash.
if so, see https://surfer.nmr.mgh.harvard.edu/fswiki/FsTutorial/TopologicalDefect_freeview
After retessellation of defect 10 (v0=77762), euler #=-11 (141804,425130,283315) : difference with theory (-11) = 0 
CORRECTING DEFECT 11 (vertices=21, convex hull=35, v0=82569)
After retessellation of defect 11 (v0=82569), euler #=-10 (141813,425171,283348) : difference with theory (-10) = 0 
CORRECTING DEFECT 12 (vertices=11, convex hull=13, v0=91348)
After retessellation of defect 12 (v0=91348), euler #=-9 (141815,425180,283356) : difference with theory (-9) = 0 
CORRECTING DEFECT 13 (vertices=6, convex hull=27, v0=92616)
After retessellation of defect 13 (v0=92616), euler #=-8 (141818,425198,283372) : difference with theory (-8) = 0 
CORRECTING DEFECT 14 (vertices=43, convex hull=56, v0=95354)
After retessellation of defect 14 (v0=95354), euler #=-7 (141839,425285,283439) : difference with theory (-7) = 0 
CORRECTING DEFECT 15 (vertices=113, convex hull=24, v0=100897)
After retessellation of defect 15 (v0=100897), euler #=-6 (141845,425309,283458) : difference with theory (-6) = 0 
CORRECTING DEFECT 16 (vertices=119, convex hull=117, v0=101856)
After retessellation of defect 16 (v0=101856), euler #=-5 (141885,425479,283589) : difference with theory (-5) = 0 
CORRECTING DEFECT 17 (vertices=15, convex hull=32, v0=102037)
After retessellation of defect 17 (v0=102037), euler #=-4 (141889,425502,283609) : difference with theory (-4) = 0 
CORRECTING DEFECT 18 (vertices=64, convex hull=36, v0=102708)
After retessellation of defect 18 (v0=102708), euler #=-3 (141900,425548,283645) : difference with theory (-3) = 0 
CORRECTING DEFECT 19 (vertices=873, convex hull=136, v0=107089)
After retessellation of defect 19 (v0=107089), euler #=-2 (141910,425637,283725) : difference with theory (-2) = 0 
CORRECTING DEFECT 20 (vertices=31, convex hull=40, v0=109260)
After retessellation of defect 20 (v0=109260), euler #=-1 (141919,425677,283757) : difference with theory (-1) = 0 
CORRECTING DEFECT 21 (vertices=42, convex hull=34, v0=116955)
After retessellation of defect 21 (v0=116955), euler #=0 (141932,425727,283795) : difference with theory (0) = 0 
CORRECTING DEFECT 22 (vertices=309, convex hull=94, v0=121140)
After retessellation of defect 22 (v0=121140), euler #=1 (141968,425873,283906) : difference with theory (1) = 0 
CORRECTING DEFECT 23 (vertices=37, convex hull=59, v0=142374)
After retessellation of defect 23 (v0=142374), euler #=2 (141984,425946,283964) : difference with theory (2) = 0 
computing original vertex metric properties...
storing new metric properties...
computing tessellation statistics...
vertex spacing 0.89 +- 0.22 (0.05-->8.20) (max @ vno 58911 --> 142742)
face area -nan +- -nan (1000.00-->-1.00)
performing soap bubble on retessellated vertices for 0 iterations...
vertex spacing 0.89 +- 0.22 (0.05-->8.20) (max @ vno 58911 --> 142742)
face area -nan +- -nan (1000.00-->-1.00)
tessellation finished, orienting corrected surface...
71 mutations (32.0%), 151 crossovers (68.0%), 317 vertices were eliminated
building final representation...
4432 vertices and 0 faces have been removed from triangulation
after topology correction, eno=2 (nv=141984, nf=283964, ne=425946, g=0)
writing corrected surface to /out/sourcedata/freesurfer/sub-v1s10x0051146_ses-1/surf/lh.orig.premesh...

0.000 % of the vertices (0 vertices) exhibit an orientation change
removing intersecting faces
000: 328 intersecting
001: 26 intersecting
terminating search with 0 intersecting
topology fixing took 2.6 minutes
FSRUNTIME@ mris_fix_topology lh  0.0432 hours 16 threads
#VMPC# mris_fix_topology VmPeak  1862536

 mris_euler_number ../surf/lh.orig.premesh 

euler # = v-e+f = 2g-2: 141984 - 425946 + 283964 = 2 --> 0 holes
      F =2V-4:          283964 = 283968-4 (0)
      2E=3F:            851892 = 851892 (0)

total defect index = 0
Fri Mar  6 17:17:33 CET 2026

setenv SUBJECTS_DIR /out/sourcedata/freesurfer
cd /out/sourcedata/freesurfer/sub-v1s10x0051146_ses-1/scripts
/opt/freesurfer/bin/defect2seg --s sub-v1s10x0051146_ses-1 --lh-only --cortex

freesurfer-linux-ubuntu22_x86_64-7.3.2-20220804-6354275
defect2seg 7.3.2
Linux dna088 5.14.0-427.37.1.el9_4.x86_64 #1 SMP PREEMPT_DYNAMIC Fri Sep 13 12:41:50 EDT 2024 x86_64 x86_64 x86_64 GNU/Linux
pid 3756600
mri_label2label --label-cortex /out/sourcedata/freesurfer/sub-v1s10x0051146_ses-1/surf/lh.orig.nofix /out/sourcedata/freesurfer/sub-v1s10x0051146_ses-1/mri/aseg.presurf.mgz 0 /out/sourcedata/freesurfer/sub-v1s10x0051146_ses-1/label/lh.nofix.cortex.label

 Generating cortex label... RemoveHipAmgy=0
 NucAccIsMedialWall=0
 mris->useRealRAS=0
22 non-cortical segments detected
only using segment with 8311 vertices
erasing segment 1 (vno[0] = 67144)
erasing segment 2 (vno[0] = 92067)
erasing segment 3 (vno[0] = 94123)
erasing segment 4 (vno[0] = 94456)
erasing segment 5 (vno[0] = 96226)
erasing segment 6 (vno[0] = 96241)
erasing segment 7 (vno[0] = 98336)
erasing segment 8 (vno[0] = 103537)
erasing segment 9 (vno[0] = 103742)
erasing segment 10 (vno[0] = 106142)
erasing segment 11 (vno[0] = 106201)
erasing segment 12 (vno[0] = 107878)
erasing segment 13 (vno[0] = 108751)
erasing segment 14 (vno[0] = 108942)
erasing segment 15 (vno[0] = 109032)
erasing segment 16 (vno[0] = 109034)
erasing segment 17 (vno[0] = 110193)
erasing segment 18 (vno[0] = 111302)
erasing segment 19 (vno[0] = 112180)
erasing segment 20 (vno[0] = 113147)
erasing segment 21 (vno[0] = 116636)
mri_label2vol --defects /out/sourcedata/freesurfer/sub-v1s10x0051146_ses-1/surf/lh.orig.nofix /out/sourcedata/freesurfer/sub-v1s10x0051146_ses-1/surf/lh.defect_labels /out/sourcedata/freesurfer/sub-v1s10x0051146_ses-1/mri/orig.mgz 1000 0 /out/sourcedata/freesurfer/sub-v1s10x0051146_ses-1/mri/lh.surface.defects.mgz /out/sourcedata/freesurfer/sub-v1s10x0051146_ses-1/label/lh.nofix.cortex.label
mri_label2vol supposed to be reproducible but seed not set
Contraining to label /out/sourcedata/freesurfer/sub-v1s10x0051146_ses-1/label/lh.nofix.cortex.label
Changing input type 0 to MRI_INT
Converting defects to volume: offset=1000, merge=0
Writing to /out/sourcedata/freesurfer/sub-v1s10x0051146_ses-1/mri/lh.surface.defects.mgz
mris_defects_pointset -s /out/sourcedata/freesurfer/sub-v1s10x0051146_ses-1/surf/lh.orig.nofix -d /out/sourcedata/freesurfer/sub-v1s10x0051146_ses-1/surf/lh.defect_labels -o /out/sourcedata/freesurfer/sub-v1s10x0051146_ses-1/surf/lh.defects.pointset --label /out/sourcedata/freesurfer/sub-v1s10x0051146_ses-1/label/lh.nofix.cortex.label
Reading in surface /out/sourcedata/freesurfer/sub-v1s10x0051146_ses-1/surf/lh.orig.nofix
Reading in defect segmentation /out/sourcedata/freesurfer/sub-v1s10x0051146_ses-1/surf/lh.defect_labels
Reading in label /out/sourcedata/freesurfer/sub-v1s10x0051146_ses-1/label/lh.nofix.cortex.label
#VMPC# mris_defects_pointset 1570892
mris_defects_pointset done
 
Started at Fri Mar 6 17:17:33 CET 2026 
Ended   at Fri Mar  6 17:17:44 CET 2026
Defect2seg-Run-Time-Sec 11
Defect2seg-Run-Time-Min 0.22
Defect2seg-Run-Time-Hours 0.00
 
tkmeditfv sub-v1s10x0051146_ses-1 brain.finalsurfs.mgz -defect
defect2seg Done

 mris_remesh --remesh --iters 3 --input /out/sourcedata/freesurfer/sub-v1s10x0051146_ses-1/surf/lh.orig.premesh --output /out/sourcedata/freesurfer/sub-v1s10x0051146_ses-1/surf/lh.orig 

iters = 3
standard remeshing without target
   adjusted l: 0.71229
remeshing to edge length 0.71229 with 3 iterations

avg qual before   : 0.891482  after: 0.971247

Removing intersections
Remeshed surface quality stats nv0 = 141984  nv = 148319  1.04462
Area    296634  0.30383  0.03369 0.078010   0.4931
Corner  889902 60.00000  8.78706 20.001135 139.2298
Edge    444951  0.84563  0.08244 0.431461   1.2719
Hinge   444951  9.43378  9.84092 0.000004 147.8198
mris_remesh done
/out/sourcedata/freesurfer/sub-v1s10x0051146_ses-1/scripts

 mris_remove_intersection ../surf/lh.orig ../surf/lh.orig 

intersection removal took 0.00 hours
writing corrected surface to ../surf/lh.orig

 rm -f ../surf/lh.inflated 

#--------------------------------------------
#@# AutoDetGWStats lh Fri Mar  6 17:18:14 CET 2026
cd /out/sourcedata/freesurfer/sub-v1s10x0051146_ses-1/mri
mris_autodet_gwstats --o ../surf/autodet.gw.stats.lh.dat --i brain.finalsurfs.mgz --wm wm.mgz --surf ../surf/lh.orig.premesh
7.3.2

cd /out/sourcedata/freesurfer/sub-v1s10x0051146_ses-1/mri
setenv SUBJECTS_DIR /out/sourcedata/freesurfer
mris_autodet_gwstats --o ../surf/autodet.gw.stats.lh.dat --i brain.finalsurfs.mgz --wm wm.mgz --surf ../surf/lh.orig.premesh 

border white:    271893 voxels (1.62%)
border gray      301602 voxels (1.80%)
Reading in intensity volume brain.finalsurfs.mgz
Reading in wm volume wm.mgz
Reading in surf ../surf/lh.orig.premesh
Auto detecting stats
MRIclipBrightWM(): nthresh=18166, wmmin=5, clip=110 
Binarizing thresholding at 5
computing class statistics... low=30, hi=110.000000
CCS WM (98.0): 98.2 +- 8.5 [70.0 --> 110.0]
CCS GM (71.0) : 70.6 +- 10.4 [30.0 --> 110.0]
white_mean = 98.2214 +/- 8.47473, gray_mean = 70.5734 +/- 10.3928
using class modes intead of means, discounting robust sigmas....
MRIScomputeClassModes(): min=0 max=198 nbins=199
intensity peaks found at WM=103+-6.1,    GM=65+-7.8
white_mode = 103, gray_mode = 65
std_scale = 1
Applying sanity checks, max_scale_down = 0.2
setting MIN_GRAY_AT_WHITE_BORDER to 54.6 (was 70.000000)
setting MAX_BORDER_WHITE to 111.5 (was 105.000000)
setting MIN_BORDER_WHITE to 65.0 (was 85.000000)
setting MAX_CSF to 44.2 (was 40.000000)
setting MAX_GRAY to 94.5 (was 95.000000)
setting MAX_GRAY_AT_CSF_BORDER to 54.6 (was 75.000000)
setting MIN_GRAY_AT_CSF_BORDER to 33.8 (was 40.000000)
When placing the white surface
  white_border_hi   = 111.475;
  white_border_low  = 65;
  white_outside_low = 54.6072;
  white_inside_hi   = 120;
  white_outside_hi  = 111.475;
When placing the pial surface
  pial_border_hi   = 54.6072;
  pial_border_low  = 33.8216;
  pial_outside_low = 10;
  pial_inside_hi   = 94.5253;
  pial_outside_hi  = 49.4108;
#VMPC# mris_autodet_gwstats VmPeak  2205052
mris_autodet_gwstats done
#--------------------------------------------
#@# WhitePreAparc lh Fri Mar  6 17:18:17 CET 2026
cd /out/sourcedata/freesurfer/sub-v1s10x0051146_ses-1/mri
mris_place_surface --adgws-in ../surf/autodet.gw.stats.lh.dat --wm wm.mgz --threads 16 --invol brain.finalsurfs.mgz --lh --i ../surf/lh.orig --o ../surf/lh.white.preaparc --white --seg aseg.presurf.mgz --nsmooth 5
7.3.2
7.3.2

cd /out/sourcedata/freesurfer/sub-v1s10x0051146_ses-1/mri
setenv SUBJECTS_DIR /out/sourcedata/freesurfer
mris_place_surface --adgws-in ../surf/autodet.gw.stats.lh.dat --wm wm.mgz --threads 16 --invol brain.finalsurfs.mgz --lh --i ../surf/lh.orig --o ../surf/lh.white.preaparc --white --seg aseg.presurf.mgz --nsmooth 5 

Reading in input surface ../surf/lh.orig
Smoothing surface before ripping with 5 iterations
Area    296634  0.26938  0.06230 0.003864   0.6077
Corner  889902 60.00000  9.34749 8.627969 141.4312
Edge    444951  0.79255  0.11275 0.061853   1.2911
Hinge   444951  6.34921  6.28290 0.000025 146.5567
Not reading in aparc
Reading in input volume brain.finalsurfs.mgz
Reading in wm volume wm.mgz
MRIclipBrightWM(): nthresh=18166, wmmin=5, clip=110 
MRIfindBrightNonWM(): 1199 bright non-wm voxels segmented.
Masking bright non-wm for white surface
MRImask(): AllowDiffGeom = 1
MRImask(): AllowDiffGeom = 1
Reading in seg volume aseg.presurf.mgz
Ripping frozen voxels
INFO: rip surface needed but not specified, so using input surface
Freezing midline and others
Entering: MRISripMidline(): inhibiting deformation at non-cortical midline structures...
  which=1, fix_mtl=0, using annot = 0
#FML0# MRISripMidline(): nripped=0
#FML# MRISripMidline(): nmarked=6845, nmarked2=44, nripped=6845
Ripping segs (eg, WMSA, BG, frozen)
Starting MRISripSegs() d = (-2 2 0.5) segnos: 247 
MRISripSegs(): -2 2 0.5 ripped 0
vertex 74160: xyz = (-44.2589,-10.6659,-25.4895) oxyz = (-44.2589,-10.6659,-25.4895) wxzy = (-44.2589,-10.6659,-25.4895) pxyz = (0,0,0) 
CBVO Creating mask 148319
n_averages 4
Iteration 0 =========================================
n_averages=4, current_sigma=2
Freezing midline and others
Ripping frozen voxels
INFO: rip surface needed but not specified, so using input surface
Freezing midline and others
Entering: MRISripMidline(): inhibiting deformation at non-cortical midline structures...
  which=1, fix_mtl=0, using annot = 0
#FML0# MRISripMidline(): nripped=6845
#FML# MRISripMidline(): nmarked=6845, nmarked2=44, nripped=6845
Ripping segs (eg, WMSA, BG, frozen)
Starting MRISripSegs() d = (-2 2 0.5) segnos: 247 247 
MRISripSegs(): -2 2 0.5 ripped 0
Computing target border values 
Entering MRIScomputeBorderValues_new(): 
  inside_hi   = 120.0000000;
  border_hi   = 111.4747240;
  border_low  =  65.0000000;
  outside_low =  54.6071850;
  outside_hi  = 111.4747240;
  sigma = 2;
  max_thickness = 10;
  step_size=0.5;
  STEP_SIZE=0.1;
  which = 1
  thresh = 0
  flags = 0
  CBVfindFirstPeakD1=0
  CBVfindFirstPeakD2=0
  nvertices=148319
  Gdiag_no=-1
  vno start=0, stop=148319
Replacing 255s with 0s
#SI# sigma=2 had to be increased for 67 vertices, nripped=6845
mean border=79.4, 50 (50) missing vertices, mean dist 0.3 [0.6 (%38.7)->0.8 (%61.3))]
%76 local maxima, %19 large gradients and % 0 min vals, 0 gradients ignored
nFirstPeakD1 0
MRIScomputeBorderValues_new() finished in 0.0142 min


Finding expansion regions
mean absolute distance = 0.69 +- 0.88
4544 vertices more than 2 sigmas from mean.
Averaging target values for 5 iterations...
Positioning Surface: tspring = 0.3, nspring = 0.3, spring = 0, niters = 100 l_repulse = 5, l_surf_repulse = 0, checktol = 0
Positioning pial surface
Entering MRISpositionSurface()
  max_mm = 0.3
  MAX_REDUCTIONS = 2, REDUCTION_PCT = 0.5
  parms->check_tol = 0, niterations = 100
tol=1.0e-04, sigma=2.0, host=dna08, nav=4, nbrs=2, l_repulse=5.000, l_tspring=0.300, l_nspring=0.300, l_intensity=0.200, l_curv=1.000
mom=0.00, dt=0.50
complete_dist_mat 0
rms 0
smooth_averages 0
remove_neg 0
ico_order 0
which_surface 0
target_radius 0.000000
nfields 0
scale 0.000000
desired_rms_height 0.000000
momentum 0.000000
nbhd_size 0
max_nbrs 0
niterations 100
nsurfaces 0
SURFACES 3
flags 0 (0)
use curv 0
no sulc 0
no rigid align 0
mris->nsize 2
mris->hemisphere 0
randomSeed 0

000: dt: 0.0000, sse=3746764.2, rms=11.256
001: dt: 0.5000, sse=2028189.4, rms=8.127 (27.796%)
002: dt: 0.5000, sse=1242291.2, rms=6.190 (23.838%)
003: dt: 0.5000, sse=850645.4, rms=4.945 (20.111%)
004: dt: 0.5000, sse=643527.2, rms=4.134 (16.404%)
005: dt: 0.5000, sse=543546.6, rms=3.676 (11.072%)
006: dt: 0.5000, sse=491737.8, rms=3.412 (7.194%)
007: dt: 0.5000, sse=472866.0, rms=3.306 (3.103%)
008: dt: 0.5000, sse=459530.9, rms=3.231 (2.275%)
rms = 3.2225/3.2305, sse=459171.2/459530.9, time step reduction 1 of 3 to 0.250  0 0 1
009: dt: 0.5000, sse=459171.2, rms=3.222 (0.250%)
010: dt: 0.2500, sse=246155.5, rms=1.656 (48.618%)
011: dt: 0.2500, sse=216181.3, rms=1.290 (22.117%)
012: dt: 0.2500, sse=209152.0, rms=1.186 (8.030%)
013: dt: 0.2500, sse=205931.9, rms=1.136 (4.248%)
rms = 1.1141/1.1356, sse=204841.7/205931.9, time step reduction 2 of 3 to 0.125  0 0 1
014: dt: 0.2500, sse=204841.7, rms=1.114 (1.892%)
rms = 1.0720/1.1141, sse=202242.8/204841.7, time step reduction 3 of 3 to 0.062  0 0 1
015: dt: 0.1250, sse=202242.8, rms=1.072 (3.781%)
  maximum number of reductions reached, breaking from loop
positioning took 1.1 minutes
Iteration 1 =========================================
n_averages=2, current_sigma=1
Freezing midline and others
Ripping frozen voxels
INFO: rip surface needed but not specified, so using input surface
Freezing midline and others
Entering: MRISripMidline(): inhibiting deformation at non-cortical midline structures...
  which=1, fix_mtl=0, using annot = 0
#FML0# MRISripMidline(): nripped=6845
removing 3 vertices from ripped group in thread:0
removing 4 vertices from ripped group in thread:0
removing 3 vertices from ripped group in thread:0
removing 3 vertices from ripped group in thread:0
removing 2 vertices from ripped group in thread:0
removing 1 vertices from ripped group in thread:0
removing 4 vertices from ripped group in thread:0
#FML# MRISripMidline(): nmarked=7027, nmarked2=102, nripped=7027
Ripping segs (eg, WMSA, BG, frozen)
Starting MRISripSegs() d = (-2 2 0.5) segnos: 247 247 247 
MRISripSegs(): -2 2 0.5 ripped 0
Computing target border values 
Entering MRIScomputeBorderValues_new(): 
  inside_hi   = 120.0000000;
  border_hi   = 111.4747240;
  border_low  =  65.0000000;
  outside_low =  54.6071850;
  outside_hi  = 111.4747240;
  sigma = 1;
  max_thickness = 10;
  step_size=0.5;
  STEP_SIZE=0.1;
  which = 1
  thresh = 0
  flags = 0
  CBVfindFirstPeakD1=0
  CBVfindFirstPeakD2=0
  nvertices=148319
  Gdiag_no=-1
  vno start=0, stop=148319
Replacing 255s with 0s
#SI# sigma=1 had to be increased for 121 vertices, nripped=7027
mean border=81.9, 115 (31) missing vertices, mean dist -0.2 [0.4 (%69.7)->0.2 (%30.3))]
%80 local maxima, %15 large gradients and % 0 min vals, 0 gradients ignored
nFirstPeakD1 0
MRIScomputeBorderValues_new() finished in 0.0100 min


Finding expansion regions
mean absolute distance = 0.32 +- 0.60
3090 vertices more than 2 sigmas from mean.
Averaging target values for 5 iterations...
Positioning Surface: tspring = 0.3, nspring = 0.3, spring = 0, niters = 100 l_repulse = 5, l_surf_repulse = 0, checktol = 0
Positioning pial surface
Entering MRISpositionSurface()
  max_mm = 0.3
  MAX_REDUCTIONS = 2, REDUCTION_PCT = 0.5
  parms->check_tol = 0, niterations = 100
tol=1.0e-04, sigma=1.0, host=dna08, nav=2, nbrs=2, l_repulse=5.000, l_tspring=0.300, l_nspring=0.300, l_intensity=0.200, l_curv=1.000
mom=0.00, dt=0.50
000: dt: 0.0000, sse=782179.8, rms=4.455
016: dt: 0.5000, sse=446046.3, rms=2.827 (36.540%)
rms = 2.8678/2.8274, sse=451160.4/446046.4, time step reduction 1 of 3 to 0.250  0 1 1
   RMS increased, rejecting step
017: dt: 0.2500, sse=341108.0, rms=2.069 (26.834%)
018: dt: 0.2500, sse=281571.9, rms=1.474 (28.729%)
019: dt: 0.2500, sse=261773.2, rms=1.213 (17.722%)
020: dt: 0.2500, sse=254357.6, rms=1.098 (9.516%)
021: dt: 0.2500, sse=250565.2, rms=1.031 (6.096%)
rms = 0.9929/1.0307, sse=251148.3/250565.2, time step reduction 2 of 3 to 0.125  0 1 1
022: dt: 0.2500, sse=251148.3, rms=0.993 (3.670%)
rms = 0.9550/0.9929, sse=246438.0/251148.3, time step reduction 3 of 3 to 0.062  0 0 1
023: dt: 0.1250, sse=246438.0, rms=0.955 (3.813%)
  maximum number of reductions reached, breaking from loop
positioning took 0.6 minutes
Iteration 2 =========================================
n_averages=1, current_sigma=0.5
Freezing midline and others
Ripping frozen voxels
INFO: rip surface needed but not specified, so using input surface
Freezing midline and others
Entering: MRISripMidline(): inhibiting deformation at non-cortical midline structures...
  which=1, fix_mtl=0, using annot = 0
#FML0# MRISripMidline(): nripped=7027
removing 2 vertices from ripped group in thread:0
removing 4 vertices from ripped group in thread:0
removing 3 vertices from ripped group in thread:0
removing 3 vertices from ripped group in thread:0
removing 4 vertices from ripped group in thread:0
removing 2 vertices from ripped group in thread:0
removing 1 vertices from ripped group in thread:0
#FML# MRISripMidline(): nmarked=7079, nmarked2=103, nripped=7079
Ripping segs (eg, WMSA, BG, frozen)
Starting MRISripSegs() d = (-2 2 0.5) segnos: 247 247 247 247 
MRISripSegs(): -2 2 0.5 ripped 0
Computing target border values 
Entering MRIScomputeBorderValues_new(): 
  inside_hi   = 120.0000000;
  border_hi   = 111.4747240;
  border_low  =  65.0000000;
  outside_low =  54.6071850;
  outside_hi  = 111.4747240;
  sigma = 0.5;
  max_thickness = 10;
  step_size=0.5;
  STEP_SIZE=0.1;
  which = 1
  thresh = 0
  flags = 0
  CBVfindFirstPeakD1=0
  CBVfindFirstPeakD2=0
  nvertices=148319
  Gdiag_no=-1
  vno start=0, stop=148319
Replacing 255s with 0s
#SI# sigma=0.5 had to be increased for 91 vertices, nripped=7079
mean border=83.9, 111 (27) missing vertices, mean dist -0.1 [0.3 (%67.6)->0.2 (%32.4))]
%86 local maxima, % 9 large gradients and % 0 min vals, 0 gradients ignored
nFirstPeakD1 0
MRIScomputeBorderValues_new() finished in 0.0057 min


Finding expansion regions
mean absolute distance = 0.26 +- 0.46
3788 vertices more than 2 sigmas from mean.
Averaging target values for 5 iterations...
Positioning Surface: tspring = 0.3, nspring = 0.3, spring = 0, niters = 100 l_repulse = 5, l_surf_repulse = 0, checktol = 0
Positioning pial surface
Entering MRISpositionSurface()
  max_mm = 0.3
  MAX_REDUCTIONS = 2, REDUCTION_PCT = 0.5
  parms->check_tol = 0, niterations = 100
tol=1.0e-04, sigma=0.5, host=dna08, nav=1, nbrs=2, l_repulse=5.000, l_tspring=0.300, l_nspring=0.300, l_intensity=0.200, l_curv=1.000
mom=0.00, dt=0.50
000: dt: 0.0000, sse=494147.2, rms=3.132
024: dt: 0.5000, sse=394236.1, rms=2.480 (20.838%)
rms = 2.6608/2.4796, sse=418066.6/394236.1, time step reduction 1 of 3 to 0.250  0 1 1
   RMS increased, rejecting step
025: dt: 0.2500, sse=296192.2, rms=1.646 (33.609%)
026: dt: 0.2500, sse=256994.7, rms=1.148 (30.264%)
027: dt: 0.2500, sse=247550.1, rms=0.969 (15.592%)
028: dt: 0.2500, sse=247472.9, rms=0.917 (5.416%)
rms = 0.8955/0.9165, sse=241211.1/247472.9, time step reduction 2 of 3 to 0.125  0 0 1
029: dt: 0.2500, sse=241211.0, rms=0.895 (2.297%)
rms = 0.8568/0.8955, sse=239586.4/241211.1, time step reduction 3 of 3 to 0.062  0 0 1
030: dt: 0.1250, sse=239586.4, rms=0.857 (4.324%)
  maximum number of reductions reached, breaking from loop
positioning took 0.5 minutes
Iteration 3 =========================================
n_averages=0, current_sigma=0.25
Freezing midline and others
Ripping frozen voxels
INFO: rip surface needed but not specified, so using input surface
Freezing midline and others
Entering: MRISripMidline(): inhibiting deformation at non-cortical midline structures...
  which=1, fix_mtl=0, using annot = 0
#FML0# MRISripMidline(): nripped=7079
removing 2 vertices from ripped group in thread:0
removing 3 vertices from ripped group in thread:0
removing 4 vertices from ripped group in thread:0
removing 4 vertices from ripped group in thread:0
removing 3 vertices from ripped group in thread:0
removing 4 vertices from ripped group in thread:0
removing 1 vertices from ripped group in thread:0
#FML# MRISripMidline(): nmarked=7093, nmarked2=103, nripped=7093
Ripping segs (eg, WMSA, BG, frozen)
Starting MRISripSegs() d = (-2 2 0.5) segnos: 247 247 247 247 247 
MRISripSegs(): -2 2 0.5 ripped 0
Computing target border values 
Entering MRIScomputeBorderValues_new(): 
  inside_hi   = 120.0000000;
  border_hi   = 111.4747240;
  border_low  =  65.0000000;
  outside_low =  54.6071850;
  outside_hi  = 111.4747240;
  sigma = 0.25;
  max_thickness = 10;
  step_size=0.5;
  STEP_SIZE=0.1;
  which = 1
  thresh = 0
  flags = 0
  CBVfindFirstPeakD1=0
  CBVfindFirstPeakD2=0
  nvertices=148319
  Gdiag_no=-1
  vno start=0, stop=148319
Replacing 255s with 0s
#SI# sigma=0.25 had to be increased for 50 vertices, nripped=7093
mean border=84.7, 135 (24) missing vertices, mean dist -0.1 [0.3 (%56.4)->0.2 (%43.6))]
%88 local maxima, % 7 large gradients and % 0 min vals, 0 gradients ignored
nFirstPeakD1 0
MRIScomputeBorderValues_new() finished in 0.0037 min


Finding expansion regions
mean absolute distance = 0.23 +- 0.36
3273 vertices more than 2 sigmas from mean.
Averaging target values for 5 iterations...
Positioning Surface: tspring = 0.3, nspring = 0.3, spring = 0, niters = 100 l_repulse = 5, l_surf_repulse = 0, checktol = 0
Positioning pial surface
Entering MRISpositionSurface()
  max_mm = 0.3
  MAX_REDUCTIONS = 2, REDUCTION_PCT = 0.5
  parms->check_tol = 0, niterations = 100
tol=1.0e-04, sigma=0.2, host=dna08, nav=0, nbrs=2, l_repulse=5.000, l_tspring=0.300, l_nspring=0.300, l_intensity=0.200, l_curv=1.000
mom=0.00, dt=0.50
000: dt: 0.0000, sse=286533.1, rms=1.586
031: dt: 0.5000, sse=282604.1, rms=1.534 (3.281%)
rms = 2.0186/1.5343, sse=328269.9/282604.1, time step reduction 1 of 3 to 0.250  0 1 1
   RMS increased, rejecting step
032: dt: 0.2500, sse=240143.9, rms=0.937 (38.963%)
033: dt: 0.2500, sse=230152.5, rms=0.740 (20.967%)
rms = 0.6930/0.7402, sse=227135.6/230152.5, time step reduction 2 of 3 to 0.125  0 0 1
034: dt: 0.2500, sse=227135.6, rms=0.693 (6.370%)
rms = 0.6557/0.6930, sse=225535.3/227135.6, time step reduction 3 of 3 to 0.062  0 0 1
035: dt: 0.1250, sse=225535.3, rms=0.656 (5.380%)
  maximum number of reductions reached, breaking from loop
positioning took 0.4 minutes


Writing output to ../surf/lh.white.preaparc
#ET# mris_place_surface  2.76 minutes
#VMPC# mris_place_surfaces VmPeak  3272876
mris_place_surface done
#--------------------------------------------
#@# CortexLabel lh Fri Mar  6 17:21:07 CET 2026
cd /out/sourcedata/freesurfer/sub-v1s10x0051146_ses-1/mri
mri_label2label --label-cortex ../surf/lh.white.preaparc aseg.presurf.mgz 0 ../label/lh.cortex.label

 Generating cortex label... RemoveHipAmgy=0
 NucAccIsMedialWall=0
 mris->useRealRAS=0
8 non-cortical segments detected
only using segment with 8639 vertices
erasing segment 1 (vno[0] = 79544)
erasing segment 2 (vno[0] = 87466)
erasing segment 3 (vno[0] = 88915)
erasing segment 4 (vno[0] = 90717)
erasing segment 5 (vno[0] = 91493)
erasing segment 6 (vno[0] = 94644)
erasing segment 7 (vno[0] = 98794)
#--------------------------------------------
#@# CortexLabel+HipAmyg lh Fri Mar  6 17:21:17 CET 2026
cd /out/sourcedata/freesurfer/sub-v1s10x0051146_ses-1/mri
mri_label2label --label-cortex ../surf/lh.white.preaparc aseg.presurf.mgz 1 ../label/lh.cortex+hipamyg.label

 Generating cortex label... RemoveHipAmgy=1
 NucAccIsMedialWall=0
 mris->useRealRAS=0
10 non-cortical segments detected
only using segment with 6387 vertices
erasing segment 1 (vno[0] = 53751)
erasing segment 2 (vno[0] = 79544)
erasing segment 3 (vno[0] = 87466)
erasing segment 4 (vno[0] = 88915)
erasing segment 5 (vno[0] = 90717)
erasing segment 6 (vno[0] = 91493)
erasing segment 7 (vno[0] = 94644)
erasing segment 8 (vno[0] = 98794)
erasing segment 9 (vno[0] = 139276)
#--------------------------------------------
#@# Smooth2 lh Fri Mar  6 17:21:27 CET 2026
/out/sourcedata/freesurfer/sub-v1s10x0051146_ses-1/scripts

 mris_smooth -n 3 -nw -seed 1234 ../surf/lh.white.preaparc ../surf/lh.smoothwm 

smoothing for 3 iterations
setting seed for random number generator to 1234
smoothing surface tessellation for 3 iterations...
smoothing complete - recomputing first and second fundamental forms...
#--------------------------------------------
#@# Inflation2 lh Fri Mar  6 17:21:29 CET 2026
/out/sourcedata/freesurfer/sub-v1s10x0051146_ses-1/scripts

 mris_inflate ../surf/lh.smoothwm ../surf/lh.inflated 

Reading ../surf/lh.smoothwm
avg radius = 48.7 mm, total surface area = 91622 mm^2
step 000: RMS=0.167 (target=0.015)   step 005: RMS=0.112 (target=0.015)   step 010: RMS=0.083 (target=0.015)   step 015: RMS=0.069 (target=0.015)   step 020: RMS=0.056 (target=0.015)   step 025: RMS=0.046 (target=0.015)   step 030: RMS=0.038 (target=0.015)   step 035: RMS=0.032 (target=0.015)   step 040: RMS=0.027 (target=0.015)   step 045: RMS=0.023 (target=0.015)   step 050: RMS=0.021 (target=0.015)   step 055: RMS=0.019 (target=0.015)   step 060: RMS=0.018 (target=0.015)   writing inflated surface to ../surf/lh.inflated
writing sulcal depths to ../surf/lh.sulc

inflation complete.
inflation took 0.1 minutes
mris_inflate utimesec    42.724304
mris_inflate stimesec    0.563023
mris_inflate ru_maxrss   228768
mris_inflate ru_ixrss    0
mris_inflate ru_idrss    0
mris_inflate ru_isrss    0
mris_inflate ru_minflt   151292
mris_inflate ru_majflt   13
mris_inflate ru_nswap    0
mris_inflate ru_inblock  130
mris_inflate ru_oublock  11600
mris_inflate ru_msgsnd   0
mris_inflate ru_msgrcv   0
mris_inflate ru_nsignals 0
mris_inflate ru_nvcsw    4998
mris_inflate ru_nivcsw   341
#--------------------------------------------
#@# Curv .H and .K lh Fri Mar  6 17:21:38 CET 2026
/out/sourcedata/freesurfer/sub-v1s10x0051146_ses-1/surf

 mris_curvature -w -seed 1234 lh.white.preaparc 

setting seed for random number generator to 1234
total integrated curvature = 17.434*4pi (219.084) --> -16 handles
ICI = 148.1, FI = 1500.1, variation=23544.068
writing Gaussian curvature to ./lh.white.preaparc.K...done.
writing mean curvature to ./lh.white.preaparc.H...done.
rm -f lh.white.H
ln -s lh.white.preaparc.H lh.white.H
rm -f lh.white.K
ln -s lh.white.preaparc.K lh.white.K

 mris_curvature -seed 1234 -thresh .999 -n -a 5 -w -distances 10 10 lh.inflated 

setting seed for random number generator to 1234
normalizing curvature values.
averaging curvature patterns 5 times.
sampling 10 neighbors out to a distance of 10 mm
189 vertices thresholded to be in k1 ~ [-0.15 1.37], k2 ~ [-0.09 0.07]
total integrated curvature = 0.678*4pi (8.523) --> 0 handles
ICI = 1.6, FI = 9.9, variation=170.341
119 vertices thresholded to be in [-0.01 0.02]
writing Gaussian curvature to ./lh.inflated.K...thresholding curvature at 99.90% level
curvature mean = 0.000, std = 0.001
161 vertices thresholded to be in [-0.11 0.46]
done.
writing mean curvature to ./lh.inflated.H...curvature mean = -0.014, std = 0.025
done.
#--------------------------------------------
#@# Sphere lh Fri Mar  6 17:22:18 CET 2026
/out/sourcedata/freesurfer/sub-v1s10x0051146_ses-1/scripts

 mris_sphere -seed 1234 ../surf/lh.inflated ../surf/lh.sphere 

setting seed for random number genererator to 1234
version: 7.3.2
available threads: 16
reading original vertex positions...
projecting onto sphere...
surface projected - minimizing metric distortion...
scaling brain by 0.291...
MRISunfold() max_passes = 1 -------
tol=5.0e-01, sigma=0.0, host=dna08, nav=1024, nbrs=2, l_area=1.000, l_dist=1.000
using quadratic fit line minimization
complete_dist_mat 0
rms 0
smooth_averages 0
remove_neg 0
ico_order 0
which_surface 0
target_radius 0.000000
nfields 0
scale 1.000000
desired_rms_height -1.000000
momentum 0.900000
nbhd_size 7
max_nbrs 8
niterations 25
nsurfaces 0
SURFACES 3
flags 0 (0)
use curv 0
no sulc 0
no rigid align 0
mris->nsize 2
mris->hemisphere 0
randomSeed 1234

singular matrix in quadratic form
singular matrix in quadratic form
singular matrix in quadratic form
singular matrix in quadratic form
--------------------
  mrisRemoveNegativeArea()
pass 1: epoch 1 of 3 starting distance error %19.02
pass 1: epoch 2 of 3 starting distance error %19.04
unfolding complete - removing small folds...
starting distance error %19.03
removing remaining folds...
final distance error %19.03
MRISunfold() return, current seed 1234
-01: dt=0.0000, 128 negative triangles  VmPeak 1679424
097: dt=0.9900, 128 negative triangles
098: dt=0.9900,  50 negative triangles
099: dt=0.9900,  44 negative triangles
100: dt=0.9900,  45 negative triangles
101: dt=0.9900,  47 negative triangles
102: dt=0.9900,  42 negative triangles
103: dt=0.9900,  44 negative triangles
104: dt=0.9900,  38 negative triangles
105: dt=0.9900,  39 negative triangles
106: dt=0.9900,  35 negative triangles
107: dt=0.9900,  39 negative triangles
108: dt=0.9900,  34 negative triangles
109: dt=0.9900,  29 negative triangles
110: dt=0.9900,  35 negative triangles
111: dt=0.9900,  30 negative triangles
112: dt=0.9900,  25 negative triangles
113: dt=0.9900,  20 negative triangles
114: dt=0.9900,  17 negative triangles
115: dt=0.9900,  16 negative triangles
116: dt=0.9900,  16 negative triangles
117: dt=0.9900,  12 negative triangles
118: dt=0.9900,  10 negative triangles
119: dt=0.9900,  11 negative triangles
120: dt=0.9900,  12 negative triangles
121: dt=0.9900,   9 negative triangles
122: dt=0.9900,   7 negative triangles
123: dt=0.9900,   9 negative triangles
124: dt=0.9900,   8 negative triangles
125: dt=0.9900,   6 negative triangles
126: dt=0.9900,   8 negative triangles
127: dt=0.9900,   7 negative triangles
128: dt=0.9900,   1 negative triangles
129: dt=0.9900,   5 negative triangles
130: dt=0.9900,   4 negative triangles
131: dt=0.9900,   3 negative triangles
132: dt=0.9900,   1 negative triangles
133: dt=0.9900,   2 negative triangles
writing spherical brain to ../surf/lh.sphere
spherical transformation took 0.0263 hours
FSRUNTIME@ mris_sphere  0.0263 hours 16 threads
#VMPC# mris_sphere VmPeak  1679424
mris_sphere done
#--------------------------------------------
#@# Surf Reg lh Fri Mar  6 17:23:52 CET 2026
/out/sourcedata/freesurfer/sub-v1s10x0051146_ses-1/scripts

 mris_register -curv ../surf/lh.sphere /opt/freesurfer/average/lh.folding.atlas.acfb40.noaparc.i12.2016-08-02.tif ../surf/lh.sphere.reg 

using smoothwm curvature for final alignment

cwd /out/sourcedata/freesurfer/sub-v1s10x0051146_ses-1/scripts
cmdline mris_register -curv ../surf/lh.sphere /opt/freesurfer/average/lh.folding.atlas.acfb40.noaparc.i12.2016-08-02.tif ../surf/lh.sphere.reg 

0 inflated.H
1 sulc
2 smoothwm (computed)
7.3.2
  7.3.2
reading surface from ../surf/lh.sphere...
reading template parameterization from /opt/freesurfer/average/lh.folding.atlas.acfb40.noaparc.i12.2016-08-02.tif...
MRISregister() -------
max_passes = 4 
min_degrees = 0.500000 
max_degrees = 64.000000 
nangles = 8 
tol=5.0e-01, sigma=0.0, host=dna08, nav=1024, nbrs=1, l_extern=10000.000, l_parea=0.200, l_nlarea=1.000, l_corr=1.000, l_dist=5.000
using quadratic fit line minimization
complete_dist_mat 0
rms 0
smooth_averages 0
remove_neg 0
ico_order 0
which_surface 0
target_radius 0.000000
nfields 0
scale 0.000000
desired_rms_height -1.000000
momentum 0.950000
nbhd_size -10
max_nbrs 10
niterations 25
nsurfaces 0
SURFACES 3
flags 16 (10)
use curv 16
no sulc 0
no rigid align 0
mris->nsize 1
mris->hemisphere 0
randomSeed 0

tol=5.0e-01, sigma=0.0, host=dna08, nav=1024, nbrs=1, l_extern=10000.000, l_parea=0.200, l_nlarea=1.000, l_corr=1.000, l_dist=5.000
using quadratic fit line minimization
--------------------
1 Reading lh.sulc
tol=1.0e+00, sigma=0.5, host=dna08, nav=1024, nbrs=1, l_extern=10000.000, l_parea=0.200, l_nlarea=1.000, l_corr=0.050, l_spring=0.500, l_dist=5.000
using quadratic fit line minimization
curvature mean = 0.000, std = 5.673
curvature mean = 0.039, std = 0.825
curvature mean = 0.009, std = 0.860
Starting MRISrigidBodyAlignGlobal()
Starting new MRISrigidBodyAlignGlobal_findMinSSE()
  new MRISrigidBodyAlignGlobal_findMinSSE min @ (5.00, -9.50, -5.00) sse = 214386.7, elapsed since starting=0.0629 min
MRISrigidBodyAlignGlobal() done   0.06 min
curvature mean = 0.021, std = 0.834
curvature mean = 0.004, std = 0.947
curvature mean = 0.017, std = 0.841
curvature mean = 0.002, std = 0.980
curvature mean = 0.015, std = 0.842
curvature mean = 0.001, std = 0.993
2 Reading smoothwm
curvature mean = -0.017, std = 0.249
curvature mean = 0.042, std = 0.247
curvature mean = 0.049, std = 0.379
curvature mean = 0.039, std = 0.303
curvature mean = 0.025, std = 0.596
curvature mean = 0.039, std = 0.330
curvature mean = 0.013, std = 0.745
curvature mean = 0.038, std = 0.341
curvature mean = 0.003, std = 0.848
MRISregister() return, current seed 0
-01: dt=0.0000,   5 negative triangles  VmPeak 2220960
108: dt=0.9900,   5 negative triangles
109: dt=0.9900,   2 negative triangles
110: dt=0.9900,   1 negative triangles
111: dt=0.9900,   1 negative triangles
writing registered surface to ../surf/lh.sphere.reg...
registration took 0.04 hours
#VMPC# mris_register VmPeak  2220960
FSRUNTIME@ mris_register  0.0428 hours 16 threads

 ln -sf lh.sphere.reg lh.fsaverage.sphere.reg 

#--------------------------------------------
#@# Jacobian white lh Fri Mar  6 17:26:26 CET 2026
/out/sourcedata/freesurfer/sub-v1s10x0051146_ses-1/scripts

 mris_jacobian ../surf/lh.white.preaparc ../surf/lh.sphere.reg ../surf/lh.jacobian_white 

reading surface from ../surf/lh.white.preaparc...
writing curvature file ../surf/lh.jacobian_white
#--------------------------------------------
#@# AvgCurv lh Fri Mar  6 17:26:27 CET 2026
/out/sourcedata/freesurfer/sub-v1s10x0051146_ses-1/scripts

 mrisp_paint -a 5 /opt/freesurfer/average/lh.folding.atlas.acfb40.noaparc.i12.2016-08-02.tif#6 ../surf/lh.sphere.reg ../surf/lh.avg_curv 

averaging curvature patterns 5 times...
reading surface from ../surf/lh.sphere.reg...
reading template parameterization from /opt/freesurfer/average/lh.folding.atlas.acfb40.noaparc.i12.2016-08-02.tif...
writing curvature file to ../surf/lh.avg_curv...
#-----------------------------------------
#@# Cortical Parc lh Fri Mar  6 17:26:28 CET 2026
/out/sourcedata/freesurfer/sub-v1s10x0051146_ses-1/scripts

 mris_ca_label -l ../label/lh.cortex.label -aseg ../mri/aseg.presurf.mgz -seed 1234 sub-v1s10x0051146_ses-1 lh ../surf/lh.sphere.reg /opt/freesurfer/average/lh.DKaparc.atlas.acfb40.noaparc.i12.2016-08-02.gcs ../label/lh.aparc.annot 

setting seed for random number generator to 1234
using ../mri/aseg.presurf.mgz aseg volume to correct midline
7.3.2
  7.3.2
reading atlas from /opt/freesurfer/average/lh.DKaparc.atlas.acfb40.noaparc.i12.2016-08-02.gcs...
reading color table from GCSA file....
average std = 0.8   using min determinant for regularization = 0.006
0 singular and 342 ill-conditioned covariance matrices regularized
input 0: MEAN CURVATURE, flags 0, avgs 5, name mean_curvature
labeling surface...
964 labels changed using aseg
relabeling using gibbs priors...
000:   3355 changed, 148319 examined...
001:    785 changed, 13999 examined...
002:    181 changed, 4488 examined...
003:     54 changed, 1110 examined...
004:     21 changed, 344 examined...
005:      8 changed, 121 examined...
006:      5 changed, 48 examined...
007:      2 changed, 29 examined...
008:      0 changed, 9 examined...
197 labels changed using aseg
000: 94 total segments, 49 labels (115 vertices) changed
001: 44 total segments, 1 labels (2 vertices) changed
002: 43 total segments, 0 labels (0 vertices) changed
10 filter iterations complete (10 requested, 5 changed)
rationalizing unknown annotations with cortex label
relabeling unknown label...
relabeling corpuscallosum label...
2048 vertices marked for relabeling...
2048 labels changed in reclassification.
writing output to ../label/lh.aparc.annot...
classification took 0 minutes and 8 seconds.
#--------------------------------------------
#@# WhiteSurfs lh Fri Mar  6 17:26:35 CET 2026
cd /out/sourcedata/freesurfer/sub-v1s10x0051146_ses-1/mri
mris_place_surface --adgws-in ../surf/autodet.gw.stats.lh.dat --seg aseg.presurf.mgz --threads 16 --wm wm.mgz --invol brain.finalsurfs.mgz --lh --i ../surf/lh.white.preaparc --o ../surf/lh.white --white --nsmooth 0 --rip-label ../label/lh.cortex.label --rip-bg --rip-surf ../surf/lh.white.preaparc --aparc ../label/lh.aparc.annot
7.3.2
7.3.2

cd /out/sourcedata/freesurfer/sub-v1s10x0051146_ses-1/mri
setenv SUBJECTS_DIR /out/sourcedata/freesurfer
mris_place_surface --adgws-in ../surf/autodet.gw.stats.lh.dat --seg aseg.presurf.mgz --threads 16 --wm wm.mgz --invol brain.finalsurfs.mgz --lh --i ../surf/lh.white.preaparc --o ../surf/lh.white --white --nsmooth 0 --rip-label ../label/lh.cortex.label --rip-bg --rip-surf ../surf/lh.white.preaparc --aparc ../label/lh.aparc.annot 

Reading in input surface ../surf/lh.white.preaparc
Not smoothing input surface
Area    296634  0.33751  0.11011 0.000923   1.8628
Corner  889902 60.00000 12.64185 0.573469 177.2201
Edge    444951  0.89201  0.18416 0.050479   4.0004
Hinge   444951  9.28946 10.05479 0.000050 179.9901
Reading in aparc ../label/lh.aparc.annot
Reading in input volume brain.finalsurfs.mgz
Reading in wm volume wm.mgz
MRIclipBrightWM(): nthresh=18166, wmmin=5, clip=110 
MRIfindBrightNonWM(): 1199 bright non-wm voxels segmented.
Masking bright non-wm for white surface
MRImask(): AllowDiffGeom = 1
MRImask(): AllowDiffGeom = 1
Reading in seg volume aseg.presurf.mgz
Ripping frozen voxels
Ripping vertices not in label ../label/lh.cortex.label
MRISripNotLabel() ripped 9007/148319 vertices (139312 unripped)
Reading in ripping surface ../surf/lh.white.preaparc
Reading in aparc ../label/lh.aparc.annot for ripsurf
Ripping BG
MRISripBasalGanglia(): 1 -2 2 0.5 ripped 542
Ripping segs (eg, WMSA, BG, frozen)
Starting MRISripSegs() d = (-2 2 0.5) segnos: 247 
MRISripSegs(): -2 2 0.5 ripped 0
vertex 74160: xyz = (-44.5382,-10.7623,-25.4882) oxyz = (-44.5382,-10.7623,-25.4882) wxzy = (-44.5382,-10.7623,-25.4882) pxyz = (0,0,0) 
CBVO Creating mask 148319
n_averages 4
Iteration 0 =========================================
n_averages=4, current_sigma=2
Computing target border values 
Entering MRIScomputeBorderValues_new(): 
  inside_hi   = 120.0000000;
  border_hi   = 111.4747240;
  border_low  =  65.0000000;
  outside_low =  54.6071850;
  outside_hi  = 111.4747240;
  sigma = 2;
  max_thickness = 10;
  step_size=0.5;
  STEP_SIZE=0.1;
  which = 1
  thresh = 0
  flags = 0
  CBVfindFirstPeakD1=0
  CBVfindFirstPeakD2=0
  nvertices=148319
  Gdiag_no=-1
  vno start=0, stop=148319
Replacing 255s with 0s
#SI# sigma=2 had to be increased for 85 vertices, nripped=9549
mean border=78.9, 118 (118) missing vertices, mean dist 0.3 [0.7 (%18.6)->0.5 (%81.4))]
%71 local maxima, %22 large gradients and % 0 min vals, 0 gradients ignored
nFirstPeakD1 0
MRIScomputeBorderValues_new() finished in 0.0132 min


Finding expansion regions
mean absolute distance = 0.55 +- 0.86
2265 vertices more than 2 sigmas from mean.
Averaging target values for 5 iterations...
Positioning Surface: tspring = 0.3, nspring = 0.3, spring = 0, niters = 100 l_repulse = 5, l_surf_repulse = 0, checktol = 0
Positioning pial surface
Entering MRISpositionSurface()
  max_mm = 0.3
  MAX_REDUCTIONS = 2, REDUCTION_PCT = 0.5
  parms->check_tol = 0, niterations = 100
tol=1.0e-04, sigma=2.0, host=dna08, nav=4, nbrs=2, l_repulse=5.000, l_tspring=0.300, l_nspring=0.300, l_intensity=0.200, l_curv=1.000
mom=0.00, dt=0.50
complete_dist_mat 0
rms 0
smooth_averages 0
remove_neg 0
ico_order 0
which_surface 0
target_radius 0.000000
nfields 0
scale 0.000000
desired_rms_height 0.000000
momentum 0.000000
nbhd_size 0
max_nbrs 0
niterations 100
nsurfaces 0
SURFACES 3
flags 0 (0)
use curv 0
no sulc 0
no rigid align 0
mris->nsize 2
mris->hemisphere 0
randomSeed 0

000: dt: 0.0000, sse=1946556.8, rms=7.921
001: dt: 0.5000, sse=835825.1, rms=4.769 (39.790%)
002: dt: 0.5000, sse=541475.9, rms=3.480 (27.030%)
003: dt: 0.5000, sse=475924.8, rms=3.121 (10.314%)
004: dt: 0.5000, sse=444399.9, rms=2.931 (6.104%)
rms = 2.9755/2.9307, sse=452538.1/444399.9, time step reduction 1 of 3 to 0.250  0 1 1
   RMS increased, rejecting step
005: dt: 0.2500, sse=309689.7, rms=1.914 (34.675%)
006: dt: 0.2500, sse=258878.4, rms=1.342 (29.911%)
007: dt: 0.2500, sse=246373.4, rms=1.156 (13.868%)
008: dt: 0.2500, sse=242912.3, rms=1.096 (5.165%)
rms = 1.0575/1.0960, sse=240816.4/242912.3, time step reduction 2 of 3 to 0.125  0 0 1
009: dt: 0.2500, sse=240816.4, rms=1.058 (3.513%)
rms = 1.0197/1.0575, sse=238761.4/240816.4, time step reduction 3 of 3 to 0.062  0 0 1
010: dt: 0.1250, sse=238761.4, rms=1.020 (3.575%)
  maximum number of reductions reached, breaking from loop
positioning took 0.8 minutes
Iteration 1 =========================================
n_averages=2, current_sigma=1
Computing target border values 
Entering MRIScomputeBorderValues_new(): 
  inside_hi   = 120.0000000;
  border_hi   = 111.4747240;
  border_low  =  65.0000000;
  outside_low =  54.6071850;
  outside_hi  = 111.4747240;
  sigma = 1;
  max_thickness = 10;
  step_size=0.5;
  STEP_SIZE=0.1;
  which = 1
  thresh = 0
  flags = 0
  CBVfindFirstPeakD1=0
  CBVfindFirstPeakD2=0
  nvertices=148319
  Gdiag_no=-1
  vno start=0, stop=148319
Replacing 255s with 0s
#SI# sigma=1 had to be increased for 40 vertices, nripped=9549
mean border=81.6, 128 (71) missing vertices, mean dist -0.2 [0.4 (%69.8)->0.2 (%30.2))]
%78 local maxima, %15 large gradients and % 0 min vals, 0 gradients ignored
nFirstPeakD1 0
MRIScomputeBorderValues_new() finished in 0.0100 min


Finding expansion regions
mean absolute distance = 0.32 +- 0.62
2682 vertices more than 2 sigmas from mean.
Averaging target values for 5 iterations...
Positioning Surface: tspring = 0.3, nspring = 0.3, spring = 0, niters = 100 l_repulse = 5, l_surf_repulse = 0, checktol = 0
Positioning pial surface
Entering MRISpositionSurface()
  max_mm = 0.3
  MAX_REDUCTIONS = 2, REDUCTION_PCT = 0.5
  parms->check_tol = 0, niterations = 100
tol=1.0e-04, sigma=1.0, host=dna08, nav=2, nbrs=2, l_repulse=5.000, l_tspring=0.300, l_nspring=0.300, l_intensity=0.200, l_curv=1.000
mom=0.00, dt=0.50
000: dt: 0.0000, sse=774955.0, rms=4.454
011: dt: 0.5000, sse=439251.0, rms=2.785 (37.479%)
rms = 2.7428/2.7845, sse=431426.8/439251.0, time step reduction 1 of 3 to 0.250  0 0 1
012: dt: 0.5000, sse=431426.8, rms=2.743 (1.499%)
013: dt: 0.2500, sse=272899.7, rms=1.331 (51.473%)
014: dt: 0.2500, sse=253938.7, rms=1.041 (21.763%)
015: dt: 0.2500, sse=248198.2, rms=0.935 (10.218%)
rms = 0.8907/0.9349, sse=246081.7/248198.3, time step reduction 2 of 3 to 0.125  0 0 1
016: dt: 0.2500, sse=246081.7, rms=0.891 (4.726%)
rms = 0.8559/0.8907, sse=244447.8/246081.7, time step reduction 3 of 3 to 0.062  0 0 1
017: dt: 0.1250, sse=244447.8, rms=0.856 (3.909%)
  maximum number of reductions reached, breaking from loop
positioning took 0.5 minutes
Iteration 2 =========================================
n_averages=1, current_sigma=0.5
Computing target border values 
Entering MRIScomputeBorderValues_new(): 
  inside_hi   = 120.0000000;
  border_hi   = 111.4747240;
  border_low  =  65.0000000;
  outside_low =  54.6071850;
  outside_hi  = 111.4747240;
  sigma = 0.5;
  max_thickness = 10;
  step_size=0.5;
  STEP_SIZE=0.1;
  which = 1
  thresh = 0
  flags = 0
  CBVfindFirstPeakD1=0
  CBVfindFirstPeakD2=0
  nvertices=148319
  Gdiag_no=-1
  vno start=0, stop=148319
Replacing 255s with 0s
#SI# sigma=0.5 had to be increased for 41 vertices, nripped=9549
mean border=83.8, 106 (57) missing vertices, mean dist -0.1 [0.3 (%68.3)->0.2 (%31.7))]
%84 local maxima, % 9 large gradients and % 0 min vals, 0 gradients ignored
nFirstPeakD1 0
MRIScomputeBorderValues_new() finished in 0.0057 min


Finding expansion regions
mean absolute distance = 0.27 +- 0.47
3832 vertices more than 2 sigmas from mean.
Averaging target values for 5 iterations...
Positioning Surface: tspring = 0.3, nspring = 0.3, spring = 0, niters = 100 l_repulse = 5, l_surf_repulse = 0, checktol = 0
Positioning pial surface
Entering MRISpositionSurface()
  max_mm = 0.3
  MAX_REDUCTIONS = 2, REDUCTION_PCT = 0.5
  parms->check_tol = 0, niterations = 100
tol=1.0e-04, sigma=0.5, host=dna08, nav=1, nbrs=2, l_repulse=5.000, l_tspring=0.300, l_nspring=0.300, l_intensity=0.200, l_curv=1.000
mom=0.00, dt=0.50
000: dt: 0.0000, sse=497796.8, rms=3.181
018: dt: 0.5000, sse=389771.8, rms=2.456 (22.800%)
rms = 2.6090/2.4556, sse=408375.1/389771.8, time step reduction 1 of 3 to 0.250  0 1 1
   RMS increased, rejecting step
019: dt: 0.2500, sse=294361.0, rms=1.620 (34.030%)
020: dt: 0.2500, sse=258160.8, rms=1.098 (32.228%)
021: dt: 0.2500, sse=241292.2, rms=0.903 (17.769%)
022: dt: 0.2500, sse=238874.0, rms=0.849 (5.939%)
rms = 0.8271/0.8492, sse=237895.7/238874.0, time step reduction 2 of 3 to 0.125  0 0 1
023: dt: 0.2500, sse=237895.7, rms=0.827 (2.601%)
rms = 0.7953/0.8271, sse=236599.2/237895.7, time step reduction 3 of 3 to 0.062  0 0 1
024: dt: 0.1250, sse=236599.2, rms=0.795 (3.839%)
  maximum number of reductions reached, breaking from loop
positioning took 0.6 minutes
Iteration 3 =========================================
n_averages=0, current_sigma=0.25
Computing target border values 
Entering MRIScomputeBorderValues_new(): 
  inside_hi   = 120.0000000;
  border_hi   = 111.4747240;
  border_low  =  65.0000000;
  outside_low =  54.6071850;
  outside_hi  = 111.4747240;
  sigma = 0.25;
  max_thickness = 10;
  step_size=0.5;
  STEP_SIZE=0.1;
  which = 1
  thresh = 0
  flags = 0
  CBVfindFirstPeakD1=0
  CBVfindFirstPeakD2=0
  nvertices=148319
  Gdiag_no=-1
  vno start=0, stop=148319
Replacing 255s with 0s
#SI# sigma=0.25 had to be increased for 47 vertices, nripped=9549
mean border=84.6, 98 (41) missing vertices, mean dist -0.1 [0.3 (%56.7)->0.2 (%43.3))]
%87 local maxima, % 6 large gradients and % 0 min vals, 0 gradients ignored
nFirstPeakD1 0
MRIScomputeBorderValues_new() finished in 0.0038 min


Finding expansion regions
mean absolute distance = 0.23 +- 0.37
3393 vertices more than 2 sigmas from mean.
Averaging target values for 5 iterations...
Positioning Surface: tspring = 0.3, nspring = 0.3, spring = 0, niters = 100 l_repulse = 5, l_surf_repulse = 0, checktol = 0
Positioning pial surface
Entering MRISpositionSurface()
  max_mm = 0.3
  MAX_REDUCTIONS = 2, REDUCTION_PCT = 0.5
  parms->check_tol = 0, niterations = 100
tol=1.0e-04, sigma=0.2, host=dna08, nav=0, nbrs=2, l_repulse=5.000, l_tspring=0.300, l_nspring=0.300, l_intensity=0.200, l_curv=1.000
mom=0.00, dt=0.50
000: dt: 0.0000, sse=283001.6, rms=1.566
025: dt: 0.5000, sse=282138.5, rms=1.492 (4.769%)
rms = 1.9503/1.4916, sse=318633.1/282138.5, time step reduction 1 of 3 to 0.250  0 1 1
   RMS increased, rejecting step
026: dt: 0.2500, sse=239523.0, rms=0.900 (39.655%)
027: dt: 0.2500, sse=228175.5, rms=0.686 (23.842%)
rms = 0.6401/0.6855, sse=225766.7/228175.5, time step reduction 2 of 3 to 0.125  0 0 1
028: dt: 0.2500, sse=225766.7, rms=0.640 (6.621%)
rms = 0.6149/0.6401, sse=224694.8/225766.7, time step reduction 3 of 3 to 0.062  0 0 1
029: dt: 0.1250, sse=224694.8, rms=0.615 (3.938%)
  maximum number of reductions reached, breaking from loop
positioning took 0.4 minutes


Writing output to ../surf/lh.white
#ET# mris_place_surface  2.41 minutes
#VMPC# mris_place_surfaces VmPeak  3163300
mris_place_surface done
#--------------------------------------------
#@# T1PialSurf lh Fri Mar  6 17:29:04 CET 2026
cd /out/sourcedata/freesurfer/sub-v1s10x0051146_ses-1/mri
mris_place_surface --adgws-in ../surf/autodet.gw.stats.lh.dat --seg aseg.presurf.mgz --threads 16 --wm wm.mgz --invol brain.finalsurfs.mgz --lh --i ../surf/lh.white --o ../surf/lh.pial.T1 --pial --nsmooth 0 --rip-label ../label/lh.cortex+hipamyg.label --pin-medial-wall ../label/lh.cortex.label --aparc ../label/lh.aparc.annot --repulse-surf ../surf/lh.white --white-surf ../surf/lh.white
7.3.2
7.3.2

cd /out/sourcedata/freesurfer/sub-v1s10x0051146_ses-1/mri
setenv SUBJECTS_DIR /out/sourcedata/freesurfer
mris_place_surface --adgws-in ../surf/autodet.gw.stats.lh.dat --seg aseg.presurf.mgz --threads 16 --wm wm.mgz --invol brain.finalsurfs.mgz --lh --i ../surf/lh.white --o ../surf/lh.pial.T1 --pial --nsmooth 0 --rip-label ../label/lh.cortex+hipamyg.label --pin-medial-wall ../label/lh.cortex.label --aparc ../label/lh.aparc.annot --repulse-surf ../surf/lh.white --white-surf ../surf/lh.white 

Reading in input surface ../surf/lh.white
Not smoothing input surface
Area    296634  0.33915  0.12139 0.000923   2.1383
Corner  889902 60.00000 13.81206 0.573469 177.1282
Edge    444951  0.89503  0.19939 0.042383   3.6768
Hinge   444951  9.30870 10.10243 0.000044 179.9901
Reading white surface coordinates from ../surf/lh.white
Reading repulsion surface coordinates from ../surf/lh.white
Reading in aparc ../label/lh.aparc.annot
Reading in input volume brain.finalsurfs.mgz
Reading in wm volume wm.mgz
MRIclipBrightWM(): nthresh=18166, wmmin=5, clip=110 
MRIfindBrightNonWM(): 1199 bright non-wm voxels segmented.
Masking bright non-wm for pial surface mid_gray = 64.1734
MRImask(): AllowDiffGeom = 1
MRImask(): AllowDiffGeom = 1
MRImask(): AllowDiffGeom = 1
Reading in seg volume aseg.presurf.mgz
Ripping frozen voxels
Ripping vertices not in label ../label/lh.cortex+hipamyg.label
MRISripNotLabel() ripped 6877/148319 vertices (141442 unripped)
INFO: rip surface needed but not specified, so using input surface
Ripping segs (eg, WMSA, BG, frozen)
Starting MRISripSegs() d = (-2 2 0.5) segnos: 247 
MRISripSegs(): -2 2 0.5 ripped 0
vertex 74160: xyz = (-44.5197,-10.7633,-25.4645) oxyz = (-44.5197,-10.7633,-25.4645) wxzy = (-44.5197,-10.7633,-25.4645) pxyz = (-44.5197,-10.7633,-25.4645) 
CBVO Creating mask 148319
n_averages 16
Iteration 0 =========================================
n_averages=16, current_sigma=2
Computing target border values 
Entering MRIScomputeBorderValues_new(): 
  inside_hi   =  94.5252760;
  border_hi   =  54.6071850;
  border_low  =  33.8215640;
  outside_low =  10.0000000;
  outside_hi  =  49.4107820;
  sigma = 2;
  max_thickness = 10;
  step_size=0.5;
  STEP_SIZE=0.1;
  which = 2
  thresh = 0
  flags = 0
  CBVfindFirstPeakD1=0
  CBVfindFirstPeakD2=0
  nvertices=148319
  Gdiag_no=-1
  vno start=0, stop=148319
Replacing 255s with 0s
#SI# sigma=2 had to be increased for 159 vertices, nripped=6877
mean border=53.5, 145 (145) missing vertices, mean dist 1.4 [0.0 (%0.0)->2.8 (%100.0))]
%12 local maxima, %37 large gradients and %47 min vals, 0 gradients ignored
nFirstPeakD1 0
MRIScomputeBorderValues_new() finished in 0.0116 min


Averaging target values for 5 iterations...
Positioning Surface: tspring = 0.3, nspring = 0.3, spring = 0, niters = 100 l_repulse = 0, l_surf_repulse = 5, checktol = 0
Positioning pial surface
Entering MRISpositionSurface()
  max_mm = 0.3
  MAX_REDUCTIONS = 2, REDUCTION_PCT = 0.5
  parms->check_tol = 0, niterations = 100
tol=1.0e-04, sigma=2.0, host=dna08, nav=16, nbrs=2, l_surf_repulse=5.000, l_tspring=0.300, l_nspring=0.300, l_intensity=0.200, l_curv=1.000
mom=0.00, dt=0.50
complete_dist_mat 0
rms 0
smooth_averages 0
remove_neg 0
ico_order 0
which_surface 0
target_radius 0.000000
nfields 0
scale 0.000000
desired_rms_height 0.000000
momentum 0.000000
nbhd_size 0
max_nbrs 0
niterations 100
nsurfaces 0
SURFACES 3
flags 0 (0)
use curv 0
no sulc 0
no rigid align 0
mris->nsize 2
mris->hemisphere 0
randomSeed 0

000: dt: 0.0000, sse=28555034.0, rms=31.670
001: dt: 0.5000, sse=19831032.0, rms=26.348 (16.802%)
002: dt: 0.5000, sse=13496485.0, rms=21.680 (17.717%)
003: dt: 0.5000, sse=9246561.0, rms=17.876 (17.546%)
004: dt: 0.5000, sse=6519474.0, rms=14.931 (16.473%)
005: dt: 0.5000, sse=4734531.5, rms=12.636 (15.374%)
006: dt: 0.5000, sse=3497642.2, rms=10.760 (14.848%)
007: dt: 0.5000, sse=2592735.5, rms=9.145 (15.011%)
008: dt: 0.5000, sse=1922312.4, rms=7.732 (15.451%)
009: dt: 0.5000, sse=1441085.5, rms=6.529 (15.549%)
010: dt: 0.5000, sse=1109695.2, rms=5.550 (15.001%)
011: dt: 0.5000, sse=905943.0, rms=4.848 (12.641%)
012: dt: 0.5000, sse=781963.4, rms=4.364 (9.982%)
013: dt: 0.5000, sse=711398.0, rms=4.061 (6.953%)
014: dt: 0.5000, sse=669443.3, rms=3.868 (4.754%)
015: dt: 0.5000, sse=649933.6, rms=3.772 (2.487%)
016: dt: 0.5000, sse=632268.2, rms=3.683 (2.354%)
rms = 3.6379/3.6829, sse=623978.0/632268.2, time step reduction 1 of 3 to 0.250  0 0 1
017: dt: 0.5000, sse=623978.0, rms=3.638 (1.224%)
018: dt: 0.2500, sse=520716.4, rms=3.072 (15.567%)
019: dt: 0.2500, sse=499692.2, rms=2.944 (4.146%)
rms = 2.9173/2.9442, sse=495710.4/499692.3, time step reduction 2 of 3 to 0.125  0 0 1
020: dt: 0.2500, sse=495710.4, rms=2.917 (0.915%)
021: dt: 0.1250, sse=484346.2, rms=2.844 (2.518%)
rms = 2.8287/2.8438, sse=482124.3/484346.2, time step reduction 3 of 3 to 0.062  0 0 1
022: dt: 0.1250, sse=482124.2, rms=2.829 (0.531%)
  maximum number of reductions reached, breaking from loop
positioning took 1.4 minutes
Iteration 1 =========================================
n_averages=8, current_sigma=1
Computing target border values 
Entering MRIScomputeBorderValues_new(): 
  inside_hi   =  94.5252760;
  border_hi   =  54.6071850;
  border_low  =  33.8215640;
  outside_low =  10.0000000;
  outside_hi  =  49.4107820;
  sigma = 1;
  max_thickness = 10;
  step_size=0.5;
  STEP_SIZE=0.1;
  which = 2
  thresh = 0
  flags = 0
  CBVfindFirstPeakD1=0
  CBVfindFirstPeakD2=0
  nvertices=148319
  Gdiag_no=-1
  vno start=0, stop=148319
Replacing 255s with 0s
#SI# sigma=1 had to be increased for 14037 vertices, nripped=6877
mean border=52.4, 2137 (53) missing vertices, mean dist 0.1 [0.2 (%48.8)->0.6 (%51.2))]
%20 local maxima, %33 large gradients and %41 min vals, 0 gradients ignored
nFirstPeakD1 0
MRIScomputeBorderValues_new() finished in 0.0035 min


Averaging target values for 5 iterations...
Positioning Surface: tspring = 0.3, nspring = 0.3, spring = 0, niters = 100 l_repulse = 0, l_surf_repulse = 5, checktol = 0
Positioning pial surface
Entering MRISpositionSurface()
  max_mm = 0.3
  MAX_REDUCTIONS = 2, REDUCTION_PCT = 0.5
  parms->check_tol = 0, niterations = 100
tol=1.0e-04, sigma=1.0, host=dna08, nav=8, nbrs=2, l_surf_repulse=5.000, l_tspring=0.300, l_nspring=0.300, l_intensity=0.200, l_curv=1.000
mom=0.00, dt=0.50
000: dt: 0.0000, sse=644173.1, rms=3.482
023: dt: 0.5000, sse=606244.7, rms=3.277 (5.880%)
rms = 3.3596/3.2772, sse=619047.6/606244.7, time step reduction 1 of 3 to 0.250  0 1 1
   RMS increased, rejecting step
024: dt: 0.2500, sse=550036.6, rms=2.955 (9.844%)
025: dt: 0.2500, sse=530020.5, rms=2.832 (4.134%)
rms = 2.8196/2.8324, sse=528216.5/530020.5, time step reduction 2 of 3 to 0.125  0 0 1
026: dt: 0.2500, sse=528216.5, rms=2.820 (0.454%)
rms = 2.7798/2.8196, sse=522422.4/528216.5, time step reduction 3 of 3 to 0.062  0 0 1
027: dt: 0.1250, sse=522422.4, rms=2.780 (1.410%)
  maximum number of reductions reached, breaking from loop
positioning took 0.3 minutes
Iteration 2 =========================================
n_averages=4, current_sigma=0.5
Computing target border values 
Entering MRIScomputeBorderValues_new(): 
  inside_hi   =  94.5252760;
  border_hi   =  54.6071850;
  border_low  =  33.8215640;
  outside_low =  10.0000000;
  outside_hi  =  49.4107820;
  sigma = 0.5;
  max_thickness = 10;
  step_size=0.5;
  STEP_SIZE=0.1;
  which = 2
  thresh = 0
  flags = 0
  CBVfindFirstPeakD1=0
  CBVfindFirstPeakD2=0
  nvertices=148319
  Gdiag_no=-1
  vno start=0, stop=148319
Replacing 255s with 0s
#SI# sigma=0.5 had to be increased for 15642 vertices, nripped=6877
mean border=51.9, 2568 (32) missing vertices, mean dist 0.1 [0.2 (%48.1)->0.4 (%51.9))]
%29 local maxima, %24 large gradients and %41 min vals, 0 gradients ignored
nFirstPeakD1 0
MRIScomputeBorderValues_new() finished in 0.0022 min


Averaging target values for 5 iterations...
Positioning Surface: tspring = 0.3, nspring = 0.3, spring = 0, niters = 100 l_repulse = 0, l_surf_repulse = 5, checktol = 0
Positioning pial surface
Entering MRISpositionSurface()
  max_mm = 0.3
  MAX_REDUCTIONS = 2, REDUCTION_PCT = 0.5
  parms->check_tol = 0, niterations = 100
tol=1.0e-04, sigma=0.5, host=dna08, nav=4, nbrs=2, l_surf_repulse=5.000, l_tspring=0.300, l_nspring=0.300, l_intensity=0.200, l_curv=1.000
mom=0.00, dt=0.50
000: dt: 0.0000, sse=574727.5, rms=3.073
rms = 3.2601/3.0726, sse=607880.7/574727.5, time step reduction 1 of 3 to 0.250  0 1 1
   RMS increased, rejecting step
028: dt: 0.2500, sse=547631.9, rms=2.910 (5.284%)
rms = 2.8715/2.9103, sse=541385.1/547632.0, time step reduction 2 of 3 to 0.125  0 0 1
029: dt: 0.2500, sse=541385.1, rms=2.872 (1.331%)
rms = 2.8542/2.8715, sse=538861.9/541385.1, time step reduction 3 of 3 to 0.062  0 0 1
030: dt: 0.1250, sse=538861.9, rms=2.854 (0.604%)
  maximum number of reductions reached, breaking from loop
positioning took 0.3 minutes
Iteration 3 =========================================
n_averages=2, current_sigma=0.25
Computing target border values 
Entering MRIScomputeBorderValues_new(): 
  inside_hi   =  94.5252760;
  border_hi   =  54.6071850;
  border_low  =  33.8215640;
  outside_low =  10.0000000;
  outside_hi  =  49.4107820;
  sigma = 0.25;
  max_thickness = 10;
  step_size=0.5;
  STEP_SIZE=0.1;
  which = 2
  thresh = 0
  flags = 0
  CBVfindFirstPeakD1=0
  CBVfindFirstPeakD2=0
  nvertices=148319
  Gdiag_no=-1
  vno start=0, stop=148319
Replacing 255s with 0s
#SI# sigma=0.25 had to be increased for 13084 vertices, nripped=6877
mean border=51.3, 6287 (31) missing vertices, mean dist 0.1 [0.2 (%48.2)->0.3 (%51.8))]
%33 local maxima, %18 large gradients and %39 min vals, 0 gradients ignored
nFirstPeakD1 0
MRIScomputeBorderValues_new() finished in 0.0015 min


Averaging target values for 5 iterations...
Positioning Surface: tspring = 0.3, nspring = 0.3, spring = 0, niters = 100 l_repulse = 0, l_surf_repulse = 5, checktol = 0
Positioning pial surface
Entering MRISpositionSurface()
  max_mm = 0.3
  MAX_REDUCTIONS = 2, REDUCTION_PCT = 0.5
  parms->check_tol = 0, niterations = 100
tol=1.0e-04, sigma=0.2, host=dna08, nav=2, nbrs=2, l_surf_repulse=5.000, l_tspring=0.300, l_nspring=0.300, l_intensity=0.200, l_curv=1.000
mom=0.00, dt=0.50
000: dt: 0.0000, sse=570490.1, rms=3.043
rms = 3.0777/3.0427, sse=574827.2/570490.1, time step reduction 1 of 3 to 0.250  0 1 1
   RMS increased, rejecting step
031: dt: 0.2500, sse=549035.7, rms=2.915 (4.209%)
032: dt: 0.2500, sse=528988.2, rms=2.795 (4.112%)
033: dt: 0.2500, sse=517881.7, rms=2.727 (2.430%)
034: dt: 0.2500, sse=508402.9, rms=2.668 (2.167%)
rms = 2.6324/2.6678, sse=502782.2/508402.9, time step reduction 2 of 3 to 0.125  0 0 1
035: dt: 0.2500, sse=502782.2, rms=2.632 (1.327%)
036: dt: 0.1250, sse=492820.1, rms=2.563 (2.648%)
rms = 2.5414/2.5627, sse=489631.5/492820.1, time step reduction 3 of 3 to 0.062  0 0 1
037: dt: 0.1250, sse=489631.5, rms=2.541 (0.829%)
  maximum number of reductions reached, breaking from loop
positioning took 0.5 minutes
Pinning medial wall to white surface
removing intersecting faces
000: 25 intersecting
001: 15 intersecting
terminating search with 0 intersecting


Writing output to ../surf/lh.pial.T1
#ET# mris_place_surface  2.57 minutes
#VMPC# mris_place_surfaces VmPeak  2443152
mris_place_surface done
#@# white curv lh Fri Mar  6 17:31:43 CET 2026
cd /out/sourcedata/freesurfer/sub-v1s10x0051146_ses-1/mri
mris_place_surface --curv-map ../surf/lh.white 2 10 ../surf/lh.curv
insurf  ../surf/lh.white, nbrs 2, curvature_avgs 10
writing curvature file ../surf/lh.curv
#@# white area lh Fri Mar  6 17:31:44 CET 2026
cd /out/sourcedata/freesurfer/sub-v1s10x0051146_ses-1/mri
mris_place_surface --area-map ../surf/lh.white ../surf/lh.area
writing curvature file ../surf/lh.area
#@# pial curv lh Fri Mar  6 17:31:45 CET 2026
cd /out/sourcedata/freesurfer/sub-v1s10x0051146_ses-1/mri
mris_place_surface --curv-map ../surf/lh.pial 2 10 ../surf/lh.curv.pial
insurf  ../surf/lh.pial, nbrs 2, curvature_avgs 10
writing curvature file ../surf/lh.curv.pial
#@# pial area lh Fri Mar  6 17:31:46 CET 2026
cd /out/sourcedata/freesurfer/sub-v1s10x0051146_ses-1/mri
mris_place_surface --area-map ../surf/lh.pial ../surf/lh.area.pial
writing curvature file ../surf/lh.area.pial
#@# thickness lh Fri Mar  6 17:31:46 CET 2026
cd /out/sourcedata/freesurfer/sub-v1s10x0051146_ses-1/mri
mris_place_surface --thickness ../surf/lh.white ../surf/lh.pial 20 5 ../surf/lh.thickness
0 of 148319 vertices processed
25000 of 148319 vertices processed
50000 of 148319 vertices processed
75000 of 148319 vertices processed
100000 of 148319 vertices processed
125000 of 148319 vertices processed
0 of 148319 vertices processed
25000 of 148319 vertices processed
50000 of 148319 vertices processed
75000 of 148319 vertices processed
100000 of 148319 vertices processed
125000 of 148319 vertices processed
thickness calculation complete, 134:856 truncations.
68033 vertices at 0 distance
128155 vertices at 1 distance
64353 vertices at 2 distance
22973 vertices at 3 distance
8218 vertices at 4 distance
3001 vertices at 5 distance
1076 vertices at 6 distance
400 vertices at 7 distance
170 vertices at 8 distance
79 vertices at 9 distance
30 vertices at 10 distance
29 vertices at 11 distance
23 vertices at 12 distance
25 vertices at 13 distance
14 vertices at 14 distance
15 vertices at 15 distance
16 vertices at 16 distance
9 vertices at 17 distance
7 vertices at 18 distance
3 vertices at 19 distance
9 vertices at 20 distance
writing curvature file ../surf/lh.thickness
#@# area and vertex vol lh Fri Mar  6 17:32:07 CET 2026
cd /out/sourcedata/freesurfer/sub-v1s10x0051146_ses-1/mri
mris_place_surface --thickness ../surf/lh.white ../surf/lh.pial 20 5 ../surf/lh.thickness
/out/sourcedata/freesurfer/sub-v1s10x0051146_ses-1/surf
mris_calc -o lh.area.mid lh.area add lh.area.pial
Saving result to 'lh.area.mid' (type = MRI_CURV_FILE)                       [ ok ]
mris_calc -o lh.area.mid lh.area.mid div 2
Saving result to 'lh.area.mid' (type = MRI_CURV_FILE)                       [ ok ]
mris_convert --volume sub-v1s10x0051146_ses-1 lh /out/sourcedata/freesurfer/sub-v1s10x0051146_ses-1/surf/lh.volume
masking with /out/sourcedata/freesurfer/sub-v1s10x0051146_ses-1/label/lh.cortex.label
Total face volume 264147
Total vertex volume 263959 (mask=0)
#@# sub-v1s10x0051146_ses-1 lh 263959
 
vertexvol Done

#-----------------------------------------
#@# Curvature Stats lh Fri Mar  6 17:32:09 CET 2026
/out/sourcedata/freesurfer/sub-v1s10x0051146_ses-1/surf

 mris_curvature_stats -m --writeCurvatureFiles -G -o ../stats/lh.curv.stats -F smoothwm sub-v1s10x0051146_ses-1 lh curv sulc 

             Toggling save flag on curvature files                       [ ok ]
                 Outputting results using filestem   [ ../stats/lh.curv.stats ]
             Toggling save flag on curvature files                       [ ok ]
                                   Setting surface [ sub-v1s10x0051146_ses-1/lh.smoothwm ]
                                Reading surface...                       [ ok ]
                                   Setting texture                     [ curv ]
                                Reading texture...                       [ ok ]
                                   Setting texture                     [ sulc ]
                                Reading texture...Gb_filter = 0
                       [ ok ]
      Calculating Discrete Principal Curvatures...
      Determining geometric order for vno faces... [####################] [ ok ]
                      Determining KH curvatures... [####################] [ ok ]
                    Determining k1k2 curvatures... [####################] [ ok ]
                                   deltaViolations                      [ 246 ]
Gb_filter = 0
#-----------------------------------------
#@# Cortical Parc 2 lh Fri Mar  6 17:32:10 CET 2026
/out/sourcedata/freesurfer/sub-v1s10x0051146_ses-1/scripts

 mris_ca_label -l ../label/lh.cortex.label -aseg ../mri/aseg.presurf.mgz -seed 1234 sub-v1s10x0051146_ses-1 lh ../surf/lh.sphere.reg /opt/freesurfer/average/lh.CDaparc.atlas.acfb40.noaparc.i12.2016-08-02.gcs ../label/lh.aparc.a2009s.annot 

setting seed for random number generator to 1234
using ../mri/aseg.presurf.mgz aseg volume to correct midline
7.3.2
  7.3.2
reading atlas from /opt/freesurfer/average/lh.CDaparc.atlas.acfb40.noaparc.i12.2016-08-02.gcs...
reading color table from GCSA file....
average std = 3.0   using min determinant for regularization = 0.088
0 singular and 0 ill-conditioned covariance matrices regularized
input 0: MEAN CURVATURE, flags 0, avgs 5, name mean_curvature
labeling surface...
69 labels changed using aseg
relabeling using gibbs priors...
000:   9998 changed, 148319 examined...
001:   2218 changed, 39121 examined...
002:    631 changed, 12089 examined...
003:    261 changed, 3690 examined...
004:    124 changed, 1501 examined...
005:     56 changed, 730 examined...
006:     25 changed, 324 examined...
007:     18 changed, 142 examined...
008:      9 changed, 105 examined...
009:      5 changed, 55 examined...
010:      3 changed, 31 examined...
011:      2 changed, 16 examined...
012:      0 changed, 12 examined...
38 labels changed using aseg
000: 263 total segments, 176 labels (2824 vertices) changed
001: 97 total segments, 10 labels (94 vertices) changed
002: 87 total segments, 0 labels (0 vertices) changed
10 filter iterations complete (10 requested, 31 changed)
rationalizing unknown annotations with cortex label
relabeling Medial_wall label...
1289 vertices marked for relabeling...
1289 labels changed in reclassification.
writing output to ../label/lh.aparc.a2009s.annot...
classification took 0 minutes and 11 seconds.
#-----------------------------------------
#@# Cortical Parc 3 lh Fri Mar  6 17:32:21 CET 2026
/out/sourcedata/freesurfer/sub-v1s10x0051146_ses-1/scripts

 mris_ca_label -l ../label/lh.cortex.label -aseg ../mri/aseg.presurf.mgz -seed 1234 sub-v1s10x0051146_ses-1 lh ../surf/lh.sphere.reg /opt/freesurfer/average/lh.DKTaparc.atlas.acfb40.noaparc.i12.2016-08-02.gcs ../label/lh.aparc.DKTatlas.annot 

setting seed for random number generator to 1234
using ../mri/aseg.presurf.mgz aseg volume to correct midline
7.3.2
  7.3.2
reading atlas from /opt/freesurfer/average/lh.DKTaparc.atlas.acfb40.noaparc.i12.2016-08-02.gcs...
reading color table from GCSA file....
average std = 1.4   using min determinant for regularization = 0.020
0 singular and 383 ill-conditioned covariance matrices regularized
input 0: MEAN CURVATURE, flags 0, avgs 5, name mean_curvature
labeling surface...
1299 labels changed using aseg
relabeling using gibbs priors...
000:   2176 changed, 148319 examined...
001:    450 changed, 9996 examined...
002:    115 changed, 2547 examined...
003:     49 changed, 664 examined...
004:     19 changed, 292 examined...
005:      7 changed, 123 examined...
006:      4 changed, 45 examined...
007:      2 changed, 25 examined...
008:      4 changed, 14 examined...
009:      3 changed, 20 examined...
010:      0 changed, 13 examined...
190 labels changed using aseg
000: 52 total segments, 19 labels (150 vertices) changed
001: 33 total segments, 0 labels (0 vertices) changed
10 filter iterations complete (10 requested, 6 changed)
rationalizing unknown annotations with cortex label
relabeling unknown label...
relabeling corpuscallosum label...
844 vertices marked for relabeling...
844 labels changed in reclassification.
writing output to ../label/lh.aparc.DKTatlas.annot...
classification took 0 minutes and 8 seconds.
#-----------------------------------------
#@# WM/GM Contrast lh Fri Mar  6 17:32:29 CET 2026
/out/sourcedata/freesurfer/sub-v1s10x0051146_ses-1/scripts

 pctsurfcon --s sub-v1s10x0051146_ses-1 --lh-only 

Log file is /out/sourcedata/freesurfer/sub-v1s10x0051146_ses-1/scripts/pctsurfcon.log
Fri Mar  6 17:32:29 CET 2026
setenv SUBJECTS_DIR /out/sourcedata/freesurfer
cd /out/sourcedata/freesurfer/sub-v1s10x0051146_ses-1/scripts
/opt/freesurfer/bin/pctsurfcon
pctsurfcon 7.3.2
Linux dna088 5.14.0-427.37.1.el9_4.x86_64 #1 SMP PREEMPT_DYNAMIC Fri Sep 13 12:41:50 EDT 2024 x86_64 x86_64 x86_64 GNU/Linux
FREESURFER_HOME /opt/freesurfer
mri_vol2surf --mov /out/sourcedata/freesurfer/sub-v1s10x0051146_ses-1/mri/rawavg.mgz --hemi lh --noreshape --interp trilinear --projdist -1 --o /out/sourcedata/freesurfer/sub-v1s10x0051146_ses-1/surf/tmp.pctsurfcon.3760737/lh.wm.mgh --regheader sub-v1s10x0051146_ses-1 --cortex
srcvol = /out/sourcedata/freesurfer/sub-v1s10x0051146_ses-1/mri/rawavg.mgz
srcreg unspecified
srcregold = 0
srcwarp unspecified
surf = white
hemi = lh
ProjDist = -1
reshape = 0
interp = trilinear
float2int = round
GetProjMax = 0
INFO: float2int code = 0
Done loading volume
Computing registration from header.
  Using /out/sourcedata/freesurfer/sub-v1s10x0051146_ses-1/mri/orig.mgz as target reference.
-------- original matrix -----------
-1.00000   0.00000   0.00000   0.00000;
 0.00000   0.00000   1.00000  -0.00001;
 0.00000  -1.00000   0.00000  -0.00001;
 0.00000   0.00000   0.00000   1.00000;
-------- original matrix -----------
Loading label /out/sourcedata/freesurfer/sub-v1s10x0051146_ses-1/label/lh.cortex.label
Reading surface /out/sourcedata/freesurfer/sub-v1s10x0051146_ses-1/surf/lh.white
Done reading source surface
Mapping Source Volume onto Source Subject Surface
Projecting -1 -1 1
 1 -1 -1 -1
using old
Done mapping volume to surface
Number of source voxels hit = 78587
Masking with /out/sourcedata/freesurfer/sub-v1s10x0051146_ses-1/label/lh.cortex.label
Writing to /out/sourcedata/freesurfer/sub-v1s10x0051146_ses-1/surf/tmp.pctsurfcon.3760737/lh.wm.mgh
Dim: 148319 1 1
mri_vol2surf --mov /out/sourcedata/freesurfer/sub-v1s10x0051146_ses-1/mri/rawavg.mgz --hemi lh --noreshape --interp trilinear --o /out/sourcedata/freesurfer/sub-v1s10x0051146_ses-1/surf/tmp.pctsurfcon.3760737/lh.gm.mgh --projfrac 0.3 --regheader sub-v1s10x0051146_ses-1 --cortex
srcvol = /out/sourcedata/freesurfer/sub-v1s10x0051146_ses-1/mri/rawavg.mgz
srcreg unspecified
srcregold = 0
srcwarp unspecified
surf = white
hemi = lh
ProjFrac = 0.3
thickness = thickness
reshape = 0
interp = trilinear
float2int = round
GetProjMax = 0
INFO: float2int code = 0
Done loading volume
Computing registration from header.
  Using /out/sourcedata/freesurfer/sub-v1s10x0051146_ses-1/mri/orig.mgz as target reference.
-------- original matrix -----------
-1.00000   0.00000   0.00000   0.00000;
 0.00000   0.00000   1.00000  -0.00001;
 0.00000  -1.00000   0.00000  -0.00001;
 0.00000   0.00000   0.00000   1.00000;
-------- original matrix -----------
Loading label /out/sourcedata/freesurfer/sub-v1s10x0051146_ses-1/label/lh.cortex.label
Reading surface /out/sourcedata/freesurfer/sub-v1s10x0051146_ses-1/surf/lh.white
Done reading source surface
Reading thickness /out/sourcedata/freesurfer/sub-v1s10x0051146_ses-1/surf/lh.thickness
Done
Mapping Source Volume onto Source Subject Surface
Projecting 0.3 0.3 1
 1 0.3 0.3 0.3
using old
Done mapping volume to surface
Number of source voxels hit = 89486
Masking with /out/sourcedata/freesurfer/sub-v1s10x0051146_ses-1/label/lh.cortex.label
Writing to /out/sourcedata/freesurfer/sub-v1s10x0051146_ses-1/surf/tmp.pctsurfcon.3760737/lh.gm.mgh
Dim: 148319 1 1
mri_concat /out/sourcedata/freesurfer/sub-v1s10x0051146_ses-1/surf/tmp.pctsurfcon.3760737/lh.wm.mgh /out/sourcedata/freesurfer/sub-v1s10x0051146_ses-1/surf/tmp.pctsurfcon.3760737/lh.gm.mgh --paired-diff-norm --mul 100 --o /out/sourcedata/freesurfer/sub-v1s10x0051146_ses-1/surf/lh.w-g.pct.mgh
ninputs = 2
Checking inputs
nframestot = 2
Allocing output
Done allocing
Combining pairs
nframes = 1
Multiplying by 100.000000
Writing to /out/sourcedata/freesurfer/sub-v1s10x0051146_ses-1/surf/lh.w-g.pct.mgh
mri_segstats --in /out/sourcedata/freesurfer/sub-v1s10x0051146_ses-1/surf/lh.w-g.pct.mgh --annot sub-v1s10x0051146_ses-1 lh aparc --sum /out/sourcedata/freesurfer/sub-v1s10x0051146_ses-1/stats/lh.w-g.pct.stats --snr

7.3.2
cwd 
cmdline mri_segstats --in /out/sourcedata/freesurfer/sub-v1s10x0051146_ses-1/surf/lh.w-g.pct.mgh --annot sub-v1s10x0051146_ses-1 lh aparc --sum /out/sourcedata/freesurfer/sub-v1s10x0051146_ses-1/stats/lh.w-g.pct.stats --snr 
sysname  Linux
hostname dna088
machine  x86_64
user     oesteban
whitesurfname  white
UseRobust  0
Constructing seg from annotation

Reading annotation /out/sourcedata/freesurfer/sub-v1s10x0051146_ses-1/label/lh.aparc.annot
Seg base 1000
Loading /out/sourcedata/freesurfer/sub-v1s10x0051146_ses-1/surf/lh.w-g.pct.mgh
Vertex Area is 0.678289 mm^3
Generating list of segmentation ids
Found  36 segmentations
Computing statistics for each segmentation

Reporting on  35 segmentations
Using PrintSegStat
mri_segstats done
Cleaning up

Started at Fri Mar 6 17:14:01 CET 2026 
Ended   at Fri Mar 6 17:32:31 CET 2026
#@#%# recon-all-run-time-hours 0.308
recon-all -s sub-v1s10x0051146_ses-1 finished without error at Fri Mar  6 17:32:31 CET 2026



#New# invocation of recon-all 




Fri Mar  6 17:54:23 CET 2026
cd /out/sourcedata/freesurfer/sub-v1s10x0051146_ses-1
setenv SUBJECTS_DIR /out/sourcedata/freesurfer
/opt/freesurfer/bin/recon-all -autorecon-hemi lh -nohyporelabel -lh-only -openmp 16 -subjid sub-v1s10x0051146_ses-1 -sd /out/sourcedata/freesurfer -notessellate -nosmooth1 -noinflate1 -noqsphere -nofix -nowhite -nosmooth2 -noinflate2 -nocurvHK -nocurvstats -nosphere -nosurfreg -nojacobian_white -noavgcurv -nocortparc -nopial -nocortparc2 -nocortparc3 -nopctsurfcon

subjid sub-v1s10x0051146_ses-1
setenv SUBJECTS_DIR /out/sourcedata/freesurfer
FREESURFER_HOME /opt/freesurfer
Actual FREESURFER_HOME /opt/freesurfer
build-stamp.txt: freesurfer-linux-ubuntu22_x86_64-7.3.2-20220804-6354275
Linux dna088 5.14.0-427.37.1.el9_4.x86_64 #1 SMP PREEMPT_DYNAMIC Fri Sep 13 12:41:50 EDT 2024 x86_64 x86_64 x86_64 GNU/Linux
cputime      unlimited
filesize     unlimited
datasize     unlimited
stacksize    8192 kbytes
coredumpsize 0 kbytes
memoryuse    67108864 kbytes
vmemoryuse   unlimited
descriptors  1024 
memorylocked unlimited
maxproc      2061970 
maxlocks     unlimited
maxsignal    2062029 
maxmessage   819200 
maxnice      0 
maxrtprio    0 
maxrttime    unlimited

               total        used        free      shared  buff/cache   available
Mem:           503Gi       172Gi       258Gi        20Gi        72Gi       306Gi
Swap:             0B          0B          0B

########################################
program versions used
7.3.2 (freesurfer-linux-ubuntu22_x86_64-7.3.2-20220804-6354275)
7.3.2

ProgramName: lta_convert  ProgramArguments: lta_convert -all-info  ProgramVersion: 7.3.2  TimeStamp: 2026/03/06-16:54:23-GMT  BuildTime: Aug  4 2022 06:17:15  BuildStamp: freesurfer-linux-ubuntu22_x86_64-7.3.2-20220804-6354275  User: oesteban  Machine: dna088  Platform: Linux  PlatformVersion: 5.14.0-427.37.1.el9_4.x86_64  CompilerName: GCC  CompilerVersion: 8.4.0
ProgramName: mri_and  ProgramArguments: mri_and -all-info  ProgramVersion: 7.3.2  TimeStamp: 2026/03/06-16:54:23-GMT  BuildTime: Aug  4 2022 06:17:15  BuildStamp: freesurfer-linux-ubuntu22_x86_64-7.3.2-20220804-6354275  User: oesteban  Machine: dna088  Platform: Linux  PlatformVersion: 5.14.0-427.37.1.el9_4.x86_64  CompilerName: GCC  CompilerVersion: 8.4.0
ProgramName: mri_annotation2label  ProgramArguments: mri_annotation2label -all-info  ProgramVersion: 7.3.2  TimeStamp: 2026/03/06-16:54:23-GMT  BuildTime: Aug  4 2022 06:17:15  BuildStamp: freesurfer-linux-ubuntu22_x86_64-7.3.2-20220804-6354275  User: oesteban  Machine: dna088  Platform: Linux  PlatformVersion: 5.14.0-427.37.1.el9_4.x86_64  CompilerName: GCC  CompilerVersion: 8.4.0
ProgramName: mri_aparc2aseg  ProgramArguments: mri_aparc2aseg -all-info  ProgramVersion: 7.3.2  TimeStamp: 2026/03/06-16:54:23-GMT  BuildTime: Aug  4 2022 06:17:15  BuildStamp: freesurfer-linux-ubuntu22_x86_64-7.3.2-20220804-6354275  User: oesteban  Machine: dna088  Platform: Linux  PlatformVersion: 5.14.0-427.37.1.el9_4.x86_64  CompilerName: GCC  CompilerVersion: 8.4.0
ProgramName: mri_surf2volseg  ProgramArguments: mri_surf2volseg -all-info  ProgramVersion: 7.3.2  TimeStamp: 2026/03/06-16:54:23-GMT  BuildTime: Aug  4 2022 06:17:15  BuildStamp: freesurfer-linux-ubuntu22_x86_64-7.3.2-20220804-6354275  User: oesteban  Machine: dna088  Platform: Linux  PlatformVersion: 5.14.0-427.37.1.el9_4.x86_64  CompilerName: GCC  CompilerVersion: 8.4.0
ProgramName: mri_binarize  ProgramArguments: mri_binarize -all-info  ProgramVersion: 7.3.2  TimeStamp: 2026/03/06-16:54:23-GMT  BuildTime: Aug  4 2022 06:17:15  BuildStamp: freesurfer-linux-ubuntu22_x86_64-7.3.2-20220804-6354275  User: oesteban  Machine: dna088  Platform: Linux  PlatformVersion: 5.14.0-427.37.1.el9_4.x86_64  CompilerName: GCC  CompilerVersion: 8.4.0
ProgramName: mri_ca_label  ProgramArguments: mri_ca_label -all-info  ProgramVersion: 7.3.2  TimeStamp: 2026/03/06-16:54:23-GMT  BuildTime: Aug  4 2022 06:17:15  BuildStamp: freesurfer-linux-ubuntu22_x86_64-7.3.2-20220804-6354275  User: oesteban  Machine: dna088  Platform: Linux  PlatformVersion: 5.14.0-427.37.1.el9_4.x86_64  CompilerName: GCC  CompilerVersion: 8.4.0
ProgramName: mri_ca_normalize  ProgramArguments: mri_ca_normalize -all-info  ProgramVersion: 7.3.2  TimeStamp: 2026/03/06-16:54:23-GMT  BuildTime: Aug  4 2022 06:17:15  BuildStamp: freesurfer-linux-ubuntu22_x86_64-7.3.2-20220804-6354275  User: oesteban  Machine: dna088  Platform: Linux  PlatformVersion: 5.14.0-427.37.1.el9_4.x86_64  CompilerName: GCC  CompilerVersion: 8.4.0
ProgramName: mri_ca_register  ProgramArguments: mri_ca_register -all-info  ProgramVersion: 7.3.2  TimeStamp: 2026/03/06-16:54:23-GMT  BuildTime: Aug  4 2022 06:17:15  BuildStamp: freesurfer-linux-ubuntu22_x86_64-7.3.2-20220804-6354275  User: oesteban  Machine: dna088  Platform: Linux  PlatformVersion: 5.14.0-427.37.1.el9_4.x86_64  CompilerName: GCC  CompilerVersion: 8.4.0
ProgramName: mri_cc  ProgramArguments: mri_cc -all-info  ProgramVersion: 7.3.2  TimeStamp: 2026/03/06-16:54:23-GMT  BuildTime: Aug  4 2022 06:17:15  BuildStamp: freesurfer-linux-ubuntu22_x86_64-7.3.2-20220804-6354275  User: oesteban  Machine: dna088  Platform: Linux  PlatformVersion: 5.14.0-427.37.1.el9_4.x86_64  CompilerName: GCC  CompilerVersion: 8.4.0
ProgramName: mri_compute_overlap  ProgramArguments: mri_compute_overlap -all-info  ProgramVersion: 7.3.2  TimeStamp: 2026/03/06-16:54:23-GMT  BuildTime: Aug  4 2022 06:17:15  BuildStamp: freesurfer-linux-ubuntu22_x86_64-7.3.2-20220804-6354275  User: oesteban  Machine: dna088  Platform: Linux  PlatformVersion: 5.14.0-427.37.1.el9_4.x86_64  CompilerName: GCC  CompilerVersion: 8.4.0
ProgramName: mri_compute_seg_overlap  ProgramArguments: mri_compute_seg_overlap -all-info  ProgramVersion: 7.3.2  TimeStamp: 2026/03/06-16:54:23-GMT  BuildTime: Aug  4 2022 06:17:15  BuildStamp: freesurfer-linux-ubuntu22_x86_64-7.3.2-20220804-6354275  User: oesteban  Machine: dna088  Platform: Linux  PlatformVersion: 5.14.0-427.37.1.el9_4.x86_64  CompilerName: GCC  CompilerVersion: 8.4.0
ProgramName: mri_concat  ProgramArguments: mri_concat -all-info  ProgramVersion: 7.3.2  TimeStamp: 2026/03/06-16:54:23-GMT  BuildTime: Aug  4 2022 06:17:15  BuildStamp: freesurfer-linux-ubuntu22_x86_64-7.3.2-20220804-6354275  User: oesteban  Machine: dna088  Platform: Linux  PlatformVersion: 5.14.0-427.37.1.el9_4.x86_64  CompilerName: GCC  CompilerVersion: 8.4.0
ProgramName: mri_concatenate_lta  ProgramArguments: mri_concatenate_lta -all-info  ProgramVersion: 7.3.2  TimeStamp: 2026/03/06-16:54:23-GMT  BuildTime: Aug  4 2022 06:17:15  BuildStamp: freesurfer-linux-ubuntu22_x86_64-7.3.2-20220804-6354275  User: oesteban  Machine: dna088  Platform: Linux  PlatformVersion: 5.14.0-427.37.1.el9_4.x86_64  CompilerName: GCC  CompilerVersion: 8.4.0
mri_convert -all-info 
ProgramName: mri_convert  ProgramArguments: mri_convert -all-info  ProgramVersion: 7.3.2  TimeStamp: 2026/03/06-16:54:23-GMT  BuildTime: Aug  4 2022 06:17:15  BuildStamp: freesurfer-linux-ubuntu22_x86_64-7.3.2-20220804-6354275  User: oesteban  Machine: dna088  Platform: Linux  PlatformVersion: 5.14.0-427.37.1.el9_4.x86_64  CompilerName: GCC  CompilerVersion: 8.4.0
ProgramName: mri_diff  ProgramArguments: mri_diff -all-info  ProgramVersion: 7.3.2  TimeStamp: 2026/03/06-16:54:23-GMT  BuildTime: Aug  4 2022 06:17:15  BuildStamp: freesurfer-linux-ubuntu22_x86_64-7.3.2-20220804-6354275  User: oesteban  Machine: dna088  Platform: Linux  PlatformVersion: 5.14.0-427.37.1.el9_4.x86_64  CompilerName: GCC  CompilerVersion: 8.4.0
ProgramName: mri_edit_wm_with_aseg  ProgramArguments: mri_edit_wm_with_aseg -all-info  ProgramVersion: 7.3.2  TimeStamp: 2026/03/06-16:54:23-GMT  BuildTime: Aug  4 2022 06:17:15  BuildStamp: freesurfer-linux-ubuntu22_x86_64-7.3.2-20220804-6354275  User: oesteban  Machine: dna088  Platform: Linux  PlatformVersion: 5.14.0-427.37.1.el9_4.x86_64  CompilerName: GCC  CompilerVersion: 8.4.0
ProgramName: mri_em_register  ProgramArguments: mri_em_register -all-info  ProgramVersion: 7.3.2  TimeStamp: 2026/03/06-16:54:23-GMT  BuildTime: Aug  4 2022 06:17:15  BuildStamp: freesurfer-linux-ubuntu22_x86_64-7.3.2-20220804-6354275  User: oesteban  Machine: dna088  Platform: Linux  PlatformVersion: 5.14.0-427.37.1.el9_4.x86_64  CompilerName: GCC  CompilerVersion: 8.4.0
ProgramName: mri_fill  ProgramArguments: mri_fill -all-info  ProgramVersion: 7.3.2  TimeStamp: 2026/03/06-16:54:23-GMT  BuildTime: Aug  4 2022 06:17:15  BuildStamp: freesurfer-linux-ubuntu22_x86_64-7.3.2-20220804-6354275  User: oesteban  Machine: dna088  Platform: Linux  PlatformVersion: 5.14.0-427.37.1.el9_4.x86_64  CompilerName: GCC  CompilerVersion: 8.4.0
ProgramName: mri_fuse_segmentations  ProgramArguments: mri_fuse_segmentations -all-info  ProgramVersion: 7.3.2  TimeStamp: 2026/03/06-16:54:23-GMT  BuildTime: Aug  4 2022 06:17:15  BuildStamp: freesurfer-linux-ubuntu22_x86_64-7.3.2-20220804-6354275  User: oesteban  Machine: dna088  Platform: Linux  PlatformVersion: 5.14.0-427.37.1.el9_4.x86_64  CompilerName: GCC  CompilerVersion: 8.4.0
ProgramName: mri_fwhm  ProgramArguments: mri_fwhm -all-info  ProgramVersion: 7.3.2  TimeStamp: 2026/03/06-16:54:23-GMT  BuildTime: Aug  4 2022 06:17:15  BuildStamp: freesurfer-linux-ubuntu22_x86_64-7.3.2-20220804-6354275  User: oesteban  Machine: dna088  Platform: Linux  PlatformVersion: 5.14.0-427.37.1.el9_4.x86_64  CompilerName: GCC  CompilerVersion: 8.4.0
ProgramName: mri_gcut  ProgramArguments: mri_gcut -all-info  ProgramVersion: 7.3.2  TimeStamp: 2026/03/06-16:54:23-GMT  BuildTime: Aug  4 2022 06:17:15  BuildStamp: freesurfer-linux-ubuntu22_x86_64-7.3.2-20220804-6354275  User: oesteban  Machine: dna088  Platform: Linux  PlatformVersion: 5.14.0-427.37.1.el9_4.x86_64  CompilerName: GCC  CompilerVersion: 8.4.0
ProgramName: mri_info  ProgramArguments: mri_info -all-info  ProgramVersion: 7.3.2  TimeStamp: 2026/03/06-16:54:23-GMT  BuildTime: Aug  4 2022 06:17:15  BuildStamp: freesurfer-linux-ubuntu22_x86_64-7.3.2-20220804-6354275  User: oesteban  Machine: dna088  Platform: Linux  PlatformVersion: 5.14.0-427.37.1.el9_4.x86_64  CompilerName: GCC  CompilerVersion: 8.4.0
ProgramName: mri_label2label  ProgramArguments: mri_label2label -all-info  ProgramVersion: 7.3.2  TimeStamp: 2026/03/06-16:54:23-GMT  BuildTime: Aug  4 2022 06:17:15  BuildStamp: freesurfer-linux-ubuntu22_x86_64-7.3.2-20220804-6354275  User: oesteban  Machine: dna088  Platform: Linux  PlatformVersion: 5.14.0-427.37.1.el9_4.x86_64  CompilerName: GCC  CompilerVersion: 8.4.0
ProgramName: mri_label2vol  ProgramArguments: mri_label2vol -all-info  ProgramVersion: 7.3.2  TimeStamp: 2026/03/06-16:54:23-GMT  BuildTime: Aug  4 2022 06:17:15  BuildStamp: freesurfer-linux-ubuntu22_x86_64-7.3.2-20220804-6354275  User: oesteban  Machine: dna088  Platform: Linux  PlatformVersion: 5.14.0-427.37.1.el9_4.x86_64  CompilerName: GCC  CompilerVersion: 8.4.0
ProgramName: mri_log_likelihood  ProgramArguments: mri_log_likelihood -all-info  ProgramVersion: 7.3.2  TimeStamp: 2026/03/06-16:54:23-GMT  BuildTime: Aug  4 2022 06:17:15  BuildStamp: freesurfer-linux-ubuntu22_x86_64-7.3.2-20220804-6354275  User: oesteban  Machine: dna088  Platform: Linux  PlatformVersion: 5.14.0-427.37.1.el9_4.x86_64  CompilerName: GCC  CompilerVersion: 8.4.0
ProgramName: mri_mask  ProgramArguments: mri_mask -all-info  ProgramVersion: 7.3.2  TimeStamp: 2026/03/06-16:54:23-GMT  BuildTime: Aug  4 2022 06:17:15  BuildStamp: freesurfer-linux-ubuntu22_x86_64-7.3.2-20220804-6354275  User: oesteban  Machine: dna088  Platform: Linux  PlatformVersion: 5.14.0-427.37.1.el9_4.x86_64  CompilerName: GCC  CompilerVersion: 8.4.0
ProgramName: mri_matrix_multiply  ProgramArguments: mri_matrix_multiply -all-info  ProgramVersion: 7.3.2  TimeStamp: 2026/03/06-16:54:23-GMT  BuildTime: Aug  4 2022 06:17:15  BuildStamp: freesurfer-linux-ubuntu22_x86_64-7.3.2-20220804-6354275  User: oesteban  Machine: dna088  Platform: Linux  PlatformVersion: 5.14.0-427.37.1.el9_4.x86_64  CompilerName: GCC  CompilerVersion: 8.4.0
ProgramName: mri_normalize  ProgramArguments: mri_normalize -all-info  ProgramVersion: 7.3.2  TimeStamp: 2026/03/06-16:54:23-GMT  BuildTime: Aug  4 2022 06:17:15  BuildStamp: freesurfer-linux-ubuntu22_x86_64-7.3.2-20220804-6354275  User: oesteban  Machine: dna088  Platform: Linux  PlatformVersion: 5.14.0-427.37.1.el9_4.x86_64  CompilerName: GCC  CompilerVersion: 8.4.0
ProgramName: mri_normalize_tp2  ProgramArguments: mri_normalize_tp2 -all-info  ProgramVersion: 7.3.2  TimeStamp: 2026/03/06-16:54:23-GMT  BuildTime: Aug  4 2022 06:17:15  BuildStamp: freesurfer-linux-ubuntu22_x86_64-7.3.2-20220804-6354275  User: oesteban  Machine: dna088  Platform: Linux  PlatformVersion: 5.14.0-427.37.1.el9_4.x86_64  CompilerName: GCC  CompilerVersion: 8.4.0
ProgramName: mri_or  ProgramArguments: mri_or -all-info  ProgramVersion: 7.3.2  TimeStamp: 2026/03/06-16:54:23-GMT  BuildTime: Aug  4 2022 06:17:15  BuildStamp: freesurfer-linux-ubuntu22_x86_64-7.3.2-20220804-6354275  User: oesteban  Machine: dna088  Platform: Linux  PlatformVersion: 5.14.0-427.37.1.el9_4.x86_64  CompilerName: GCC  CompilerVersion: 8.4.0
ProgramName: mri_relabel_hypointensities  ProgramArguments: mri_relabel_hypointensities -all-info  ProgramVersion: 7.3.2  TimeStamp: 2026/03/06-16:54:23-GMT  BuildTime: Aug  4 2022 06:17:15  BuildStamp: freesurfer-linux-ubuntu22_x86_64-7.3.2-20220804-6354275  User: oesteban  Machine: dna088  Platform: Linux  PlatformVersion: 5.14.0-427.37.1.el9_4.x86_64  CompilerName: GCC  CompilerVersion: 8.4.0
ProgramName: mri_relabel_nonwm_hypos  ProgramArguments: mri_relabel_nonwm_hypos -all-info  ProgramVersion: 7.3.2  TimeStamp: 2026/03/06-16:54:23-GMT  BuildTime: Aug  4 2022 06:17:15  BuildStamp: freesurfer-linux-ubuntu22_x86_64-7.3.2-20220804-6354275  User: oesteban  Machine: dna088  Platform: Linux  PlatformVersion: 5.14.0-427.37.1.el9_4.x86_64  CompilerName: GCC  CompilerVersion: 8.4.0
ProgramName: mri_remove_neck  ProgramArguments: mri_remove_neck -all-info  ProgramVersion: 7.3.2  TimeStamp: 2026/03/06-16:54:23-GMT  BuildTime: Aug  4 2022 06:17:15  BuildStamp: freesurfer-linux-ubuntu22_x86_64-7.3.2-20220804-6354275  User: oesteban  Machine: dna088  Platform: Linux  PlatformVersion: 5.14.0-427.37.1.el9_4.x86_64  CompilerName: GCC  CompilerVersion: 8.4.0
7.3.2

ProgramName: mri_robust_register  ProgramArguments: mri_robust_register -all-info  ProgramVersion: 7.3.2  TimeStamp: 2026/03/06-16:54:23-GMT  BuildTime: Aug  4 2022 06:17:15  BuildStamp: freesurfer-linux-ubuntu22_x86_64-7.3.2-20220804-6354275  User: oesteban  Machine: dna088  Platform: Linux  PlatformVersion: 5.14.0-427.37.1.el9_4.x86_64  CompilerName: GCC  CompilerVersion: 8.4.0
7.3.2

ProgramName: mri_robust_template  ProgramArguments: mri_robust_template -all-info  ProgramVersion: 7.3.2  TimeStamp: 2026/03/06-16:54:23-GMT  BuildTime: Aug  4 2022 06:17:15  BuildStamp: freesurfer-linux-ubuntu22_x86_64-7.3.2-20220804-6354275  User: oesteban  Machine: dna088  Platform: Linux  PlatformVersion: 5.14.0-427.37.1.el9_4.x86_64  CompilerName: GCC  CompilerVersion: 8.4.0
ProgramName: mris_anatomical_stats  ProgramArguments: mris_anatomical_stats -all-info  ProgramVersion: 7.3.2  TimeStamp: 2026/03/06-16:54:23-GMT  BuildTime: Aug  4 2022 06:17:15  BuildStamp: freesurfer-linux-ubuntu22_x86_64-7.3.2-20220804-6354275  User: oesteban  Machine: dna088  Platform: Linux  PlatformVersion: 5.14.0-427.37.1.el9_4.x86_64  CompilerName: GCC  CompilerVersion: 8.4.0
ProgramName: mris_ca_label  ProgramArguments: mris_ca_label -all-info  ProgramVersion: 7.3.2  TimeStamp: 2026/03/06-16:54:23-GMT  BuildTime: Aug  4 2022 06:17:15  BuildStamp: freesurfer-linux-ubuntu22_x86_64-7.3.2-20220804-6354275  User: oesteban  Machine: dna088  Platform: Linux  PlatformVersion: 5.14.0-427.37.1.el9_4.x86_64  CompilerName: GCC  CompilerVersion: 8.4.0
ProgramName: mris_calc  ProgramArguments: mris_calc -all-info  ProgramVersion: 7.3.2  TimeStamp: 2026/03/06-16:54:23-GMT  BuildTime: Aug  4 2022 06:17:15  BuildStamp: freesurfer-linux-ubuntu22_x86_64-7.3.2-20220804-6354275  User: oesteban  Machine: dna088  Platform: Linux  PlatformVersion: 5.14.0-427.37.1.el9_4.x86_64  CompilerName: GCC  CompilerVersion: 8.4.0
ProgramName: mris_convert  ProgramArguments: mris_convert -all-info  ProgramVersion: 7.3.2  TimeStamp: 2026/03/06-16:54:23-GMT  BuildTime: Aug  4 2022 06:17:15  BuildStamp: freesurfer-linux-ubuntu22_x86_64-7.3.2-20220804-6354275  User: oesteban  Machine: dna088  Platform: Linux  PlatformVersion: 5.14.0-427.37.1.el9_4.x86_64  CompilerName: GCC  CompilerVersion: 8.4.0
ProgramName: mris_curvature  ProgramArguments: mris_curvature -all-info  ProgramVersion: 7.3.2  TimeStamp: 2026/03/06-16:54:23-GMT  BuildTime: Aug  4 2022 06:17:15  BuildStamp: freesurfer-linux-ubuntu22_x86_64-7.3.2-20220804-6354275  User: oesteban  Machine: dna088  Platform: Linux  PlatformVersion: 5.14.0-427.37.1.el9_4.x86_64  CompilerName: GCC  CompilerVersion: 8.4.0
ProgramName: mris_curvature_stats  ProgramArguments: mris_curvature_stats -all-info  ProgramVersion: 7.3.2  TimeStamp: 2026/03/06-16:54:23-GMT  BuildTime: Aug  4 2022 06:17:15  BuildStamp: freesurfer-linux-ubuntu22_x86_64-7.3.2-20220804-6354275  User: oesteban  Machine: dna088  Platform: Linux  PlatformVersion: 5.14.0-427.37.1.el9_4.x86_64  CompilerName: GCC  CompilerVersion: 8.4.0
ProgramName: mris_diff  ProgramArguments: mris_diff -all-info  ProgramVersion: 7.3.2  TimeStamp: 2026/03/06-16:54:23-GMT  BuildTime: Aug  4 2022 06:17:15  BuildStamp: freesurfer-linux-ubuntu22_x86_64-7.3.2-20220804-6354275  User: oesteban  Machine: dna088  Platform: Linux  PlatformVersion: 5.14.0-427.37.1.el9_4.x86_64  CompilerName: GCC  CompilerVersion: 8.4.0
ProgramName: mris_divide_parcellation  ProgramArguments: mris_divide_parcellation -all-info  ProgramVersion: 7.3.2  TimeStamp: 2026/03/06-16:54:23-GMT  BuildTime: Aug  4 2022 06:17:15  BuildStamp: freesurfer-linux-ubuntu22_x86_64-7.3.2-20220804-6354275  User: oesteban  Machine: dna088  Platform: Linux  PlatformVersion: 5.14.0-427.37.1.el9_4.x86_64  CompilerName: GCC  CompilerVersion: 8.4.0
ProgramName: mri_segment  ProgramArguments: mri_segment -all-info  ProgramVersion: 7.3.2  TimeStamp: 2026/03/06-16:54:23-GMT  BuildTime: Aug  4 2022 06:17:15  BuildStamp: freesurfer-linux-ubuntu22_x86_64-7.3.2-20220804-6354275  User: oesteban  Machine: dna088  Platform: Linux  PlatformVersion: 5.14.0-427.37.1.el9_4.x86_64  CompilerName: GCC  CompilerVersion: 8.4.0
ProgramName: mri_segstats  ProgramArguments: mri_segstats -all-info  ProgramVersion: 7.3.2  TimeStamp: 2026/03/06-16:54:23-GMT  BuildTime: Aug  4 2022 06:17:15  BuildStamp: freesurfer-linux-ubuntu22_x86_64-7.3.2-20220804-6354275  User: oesteban  Machine: dna088  Platform: Linux  PlatformVersion: 5.14.0-427.37.1.el9_4.x86_64  CompilerName: GCC  CompilerVersion: 8.4.0
ProgramName: mris_euler_number  ProgramArguments: mris_euler_number -all-info  ProgramVersion: 7.3.2  TimeStamp: 2026/03/06-16:54:23-GMT  BuildTime: Aug  4 2022 06:17:15  BuildStamp: freesurfer-linux-ubuntu22_x86_64-7.3.2-20220804-6354275  User: oesteban  Machine: dna088  Platform: Linux  PlatformVersion: 5.14.0-427.37.1.el9_4.x86_64  CompilerName: GCC  CompilerVersion: 8.4.0
ProgramName: mris_fix_topology  ProgramArguments: mris_fix_topology -all-info  ProgramVersion: 7.3.2  TimeStamp: 2026/03/06-16:54:23-GMT  BuildTime: Aug  4 2022 06:17:15  BuildStamp: freesurfer-linux-ubuntu22_x86_64-7.3.2-20220804-6354275  User: oesteban  Machine: dna088  Platform: Linux  PlatformVersion: 5.14.0-427.37.1.el9_4.x86_64  CompilerName: GCC  CompilerVersion: 8.4.0
ProgramName: mris_topo_fixer  ProgramArguments: mris_topo_fixer -all-info  ProgramVersion: 7.3.2  TimeStamp: 2026/03/06-16:54:23-GMT  BuildTime: Aug  4 2022 06:17:15  BuildStamp: freesurfer-linux-ubuntu22_x86_64-7.3.2-20220804-6354275  User: oesteban  Machine: dna088  Platform: Linux  PlatformVersion: 5.14.0-427.37.1.el9_4.x86_64  CompilerName: GCC  CompilerVersion: 8.4.0
ProgramName: mris_jacobian  ProgramArguments: mris_jacobian -all-info  ProgramVersion: 7.3.2  TimeStamp: 2026/03/06-16:54:23-GMT  BuildTime: Aug  4 2022 06:17:15  BuildStamp: freesurfer-linux-ubuntu22_x86_64-7.3.2-20220804-6354275  User: oesteban  Machine: dna088  Platform: Linux  PlatformVersion: 5.14.0-427.37.1.el9_4.x86_64  CompilerName: GCC  CompilerVersion: 8.4.0
ProgramName: mris_label2annot  ProgramArguments: mris_label2annot -all-info  ProgramVersion: 7.3.2  TimeStamp: 2026/03/06-16:54:23-GMT  BuildTime: Aug  4 2022 06:17:15  BuildStamp: freesurfer-linux-ubuntu22_x86_64-7.3.2-20220804-6354275  User: oesteban  Machine: dna088  Platform: Linux  PlatformVersion: 5.14.0-427.37.1.el9_4.x86_64  CompilerName: GCC  CompilerVersion: 8.4.0
ProgramName: mris_left_right_register  ProgramArguments: mris_left_right_register -all-info  ProgramVersion: 7.3.2  TimeStamp: 2026/03/06-16:54:23-GMT  BuildTime: Aug  4 2022 06:17:15  BuildStamp: freesurfer-linux-ubuntu22_x86_64-7.3.2-20220804-6354275  User: oesteban  Machine: dna088  Platform: Linux  PlatformVersion: 5.14.0-427.37.1.el9_4.x86_64  CompilerName: GCC  CompilerVersion: 8.4.0
ProgramName: mris_place_surface  ProgramArguments: mris_place_surface -all-info  ProgramVersion: 7.3.2  TimeStamp: 2026/03/06-16:54:23-GMT  BuildTime: Aug  4 2022 06:17:15  BuildStamp: freesurfer-linux-ubuntu22_x86_64-7.3.2-20220804-6354275  User: oesteban  Machine: dna088  Platform: Linux  PlatformVersion: 5.14.0-427.37.1.el9_4.x86_64  CompilerName: GCC  CompilerVersion: 8.4.0
ProgramName: mrisp_paint  ProgramArguments: mrisp_paint -all-info  ProgramVersion: 7.3.2  TimeStamp: 2026/03/06-16:54:23-GMT  BuildTime: Aug  4 2022 06:17:15  BuildStamp: freesurfer-linux-ubuntu22_x86_64-7.3.2-20220804-6354275  User: oesteban  Machine: dna088  Platform: Linux  PlatformVersion: 5.14.0-427.37.1.el9_4.x86_64  CompilerName: GCC  CompilerVersion: 8.4.0
ProgramName: mris_register  ProgramArguments: mris_register -all-info  ProgramVersion: 7.3.2  TimeStamp: 2026/03/06-16:54:23-GMT  BuildTime: Aug  4 2022 06:17:15  BuildStamp: freesurfer-linux-ubuntu22_x86_64-7.3.2-20220804-6354275  User: oesteban  Machine: dna088  Platform: Linux  PlatformVersion: 5.14.0-427.37.1.el9_4.x86_64  CompilerName: GCC  CompilerVersion: 8.4.0
ProgramName: mris_smooth  ProgramArguments: mris_smooth -all-info  ProgramVersion: 7.3.2  TimeStamp: 2026/03/06-16:54:23-GMT  BuildTime: Aug  4 2022 06:17:15  BuildStamp: freesurfer-linux-ubuntu22_x86_64-7.3.2-20220804-6354275  User: oesteban  Machine: dna088  Platform: Linux  PlatformVersion: 5.14.0-427.37.1.el9_4.x86_64  CompilerName: GCC  CompilerVersion: 8.4.0
ProgramName: mris_sphere  ProgramArguments: mris_sphere -all-info  ProgramVersion: 7.3.2  TimeStamp: 2026/03/06-16:54:23-GMT  BuildTime: Aug  4 2022 06:17:15  BuildStamp: freesurfer-linux-ubuntu22_x86_64-7.3.2-20220804-6354275  User: oesteban  Machine: dna088  Platform: Linux  PlatformVersion: 5.14.0-427.37.1.el9_4.x86_64  CompilerName: GCC  CompilerVersion: 8.4.0
ProgramName: mris_surface_stats  ProgramArguments: mris_surface_stats -all-info  ProgramVersion: 7.3.2  TimeStamp: 2026/03/06-16:54:23-GMT  BuildTime: Aug  4 2022 06:17:15  BuildStamp: freesurfer-linux-ubuntu22_x86_64-7.3.2-20220804-6354275  User: oesteban  Machine: dna088  Platform: Linux  PlatformVersion: 5.14.0-427.37.1.el9_4.x86_64  CompilerName: GCC  CompilerVersion: 8.4.0
ProgramName: mri_stats2seg  ProgramArguments: mri_stats2seg -all-info  ProgramVersion: 7.3.2  TimeStamp: 2026/03/06-16:54:23-GMT  BuildTime: Aug  4 2022 06:17:15  BuildStamp: freesurfer-linux-ubuntu22_x86_64-7.3.2-20220804-6354275  User: oesteban  Machine: dna088  Platform: Linux  PlatformVersion: 5.14.0-427.37.1.el9_4.x86_64  CompilerName: GCC  CompilerVersion: 8.4.0
ProgramName: mris_thickness  ProgramArguments: mris_thickness -all-info  ProgramVersion: 7.3.2  TimeStamp: 2026/03/06-16:54:23-GMT  BuildTime: Aug  4 2022 06:17:15  BuildStamp: freesurfer-linux-ubuntu22_x86_64-7.3.2-20220804-6354275  User: oesteban  Machine: dna088  Platform: Linux  PlatformVersion: 5.14.0-427.37.1.el9_4.x86_64  CompilerName: GCC  CompilerVersion: 8.4.0
ProgramName: mris_thickness_diff  ProgramArguments: mris_thickness_diff -all-info  ProgramVersion: 7.3.2  TimeStamp: 2026/03/06-16:54:23-GMT  BuildTime: Aug  4 2022 06:17:15  BuildStamp: freesurfer-linux-ubuntu22_x86_64-7.3.2-20220804-6354275  User: oesteban  Machine: dna088  Platform: Linux  PlatformVersion: 5.14.0-427.37.1.el9_4.x86_64  CompilerName: GCC  CompilerVersion: 8.4.0
ProgramName: mris_topo_fixer  ProgramArguments: mris_topo_fixer -all-info  ProgramVersion: 7.3.2  TimeStamp: 2026/03/06-16:54:23-GMT  BuildTime: Aug  4 2022 06:17:15  BuildStamp: freesurfer-linux-ubuntu22_x86_64-7.3.2-20220804-6354275  User: oesteban  Machine: dna088  Platform: Linux  PlatformVersion: 5.14.0-427.37.1.el9_4.x86_64  CompilerName: GCC  CompilerVersion: 8.4.0
ProgramName: mri_surf2surf  ProgramArguments: mri_surf2surf -all-info  ProgramVersion: 7.3.2  TimeStamp: 2026/03/06-16:54:23-GMT  BuildTime: Aug  4 2022 06:17:15  BuildStamp: freesurfer-linux-ubuntu22_x86_64-7.3.2-20220804-6354275  User: oesteban  Machine: dna088  Platform: Linux  PlatformVersion: 5.14.0-427.37.1.el9_4.x86_64  CompilerName: GCC  CompilerVersion: 8.4.0
ProgramName: mri_surf2vol  ProgramArguments: mri_surf2vol -all-info  ProgramVersion: 7.3.2  TimeStamp: 2026/03/06-16:54:23-GMT  BuildTime: Aug  4 2022 06:17:15  BuildStamp: freesurfer-linux-ubuntu22_x86_64-7.3.2-20220804-6354275  User: oesteban  Machine: dna088  Platform: Linux  PlatformVersion: 5.14.0-427.37.1.el9_4.x86_64  CompilerName: GCC  CompilerVersion: 8.4.0
ProgramName: mri_surfcluster  ProgramArguments: mri_surfcluster -all-info  ProgramVersion: 7.3.2  TimeStamp: 2026/03/06-16:54:23-GMT  BuildTime: Aug  4 2022 06:17:15  BuildStamp: freesurfer-linux-ubuntu22_x86_64-7.3.2-20220804-6354275  User: oesteban  Machine: dna088  Platform: Linux  PlatformVersion: 5.14.0-427.37.1.el9_4.x86_64  CompilerName: GCC  CompilerVersion: 8.4.0
ProgramName: mris_volmask  ProgramArguments: mris_volmask -all-info  ProgramVersion: 7.3.2  TimeStamp: 2026/03/06-16:54:23-GMT  BuildTime: Aug  4 2022 06:17:15  BuildStamp: freesurfer-linux-ubuntu22_x86_64-7.3.2-20220804-6354275  User: oesteban  Machine: dna088  Platform: Linux  PlatformVersion: 5.14.0-427.37.1.el9_4.x86_64  CompilerName: GCC  CompilerVersion: 8.4.0
ProgramName: mri_tessellate  ProgramArguments: mri_tessellate -all-info  ProgramVersion: 7.3.2  TimeStamp: 2026/03/06-16:54:23-GMT  BuildTime: Aug  4 2022 06:17:15  BuildStamp: freesurfer-linux-ubuntu22_x86_64-7.3.2-20220804-6354275  User: oesteban  Machine: dna088  Platform: Linux  PlatformVersion: 5.14.0-427.37.1.el9_4.x86_64  CompilerName: GCC  CompilerVersion: 8.4.0
ProgramName: mri_vol2surf  ProgramArguments: mri_vol2surf -all-info  ProgramVersion: 7.3.2  TimeStamp: 2026/03/06-16:54:23-GMT  BuildTime: Aug  4 2022 06:17:15  BuildStamp: freesurfer-linux-ubuntu22_x86_64-7.3.2-20220804-6354275  User: oesteban  Machine: dna088  Platform: Linux  PlatformVersion: 5.14.0-427.37.1.el9_4.x86_64  CompilerName: GCC  CompilerVersion: 8.4.0
ProgramName: mri_vol2vol  ProgramArguments: mri_vol2vol -all-info  ProgramVersion: 7.3.2  TimeStamp: 2026/03/06-16:54:23-GMT  BuildTime: Aug  4 2022 06:17:15  BuildStamp: freesurfer-linux-ubuntu22_x86_64-7.3.2-20220804-6354275  User: oesteban  Machine: dna088  Platform: Linux  PlatformVersion: 5.14.0-427.37.1.el9_4.x86_64  CompilerName: GCC  CompilerVersion: 8.4.0
ProgramName: mri_voldiff  ProgramArguments: mri_voldiff -all-info  ProgramVersion: 7.3.2  TimeStamp: 2026/03/06-16:54:23-GMT  BuildTime: Aug  4 2022 06:17:15  BuildStamp: freesurfer-linux-ubuntu22_x86_64-7.3.2-20220804-6354275  User: oesteban  Machine: dna088  Platform: Linux  PlatformVersion: 5.14.0-427.37.1.el9_4.x86_64  CompilerName: GCC  CompilerVersion: 8.4.0
ProgramName: mri_watershed  ProgramArguments: mri_watershed -all-info  ProgramVersion: 7.3.2  TimeStamp: 2026/03/06-16:54:23-GMT  BuildTime: Aug  4 2022 06:17:15  BuildStamp: freesurfer-linux-ubuntu22_x86_64-7.3.2-20220804-6354275  User: oesteban  Machine: dna088  Platform: Linux  PlatformVersion: 5.14.0-427.37.1.el9_4.x86_64  CompilerName: GCC  CompilerVersion: 8.4.0
ProgramName: tkregister2  ProgramArguments: tkregister2_cmdl -all-info  ProgramVersion: 7.3.2  TimeStamp: 2026/03/06-16:54:23-GMT  BuildTime: Aug  4 2022 06:17:15  BuildStamp: freesurfer-linux-ubuntu22_x86_64-7.3.2-20220804-6354275  User: oesteban  Machine: dna088  Platform: Linux  PlatformVersion: 5.14.0-427.37.1.el9_4.x86_64  CompilerName: GCC  CompilerVersion: 8.4.0
mri_motion_correct.fsl 7.3.2
mri_convert -all-info 
ProgramName: mri_convert  ProgramArguments: mri_convert -all-info  ProgramVersion: 7.3.2  TimeStamp: 2026/03/06-16:54:23-GMT  BuildTime: Aug  4 2022 06:17:15  BuildStamp: freesurfer-linux-ubuntu22_x86_64-7.3.2-20220804-6354275  User: oesteban  Machine: dna088  Platform: Linux  PlatformVersion: 5.14.0-427.37.1.el9_4.x86_64  CompilerName: GCC  CompilerVersion: 8.4.0
Program nu_correct, built from:
Package MNI N3, version 1.12.0, compiled by nicks@terrier (x86_64-unknown-linux-gnu) on 2015-06-19 at 01:25:34
#######################################
GCADIR /opt/freesurfer/average
GCA RB_all_2020-01-02.gca
GCASkull RB_all_withskull_2020_01_02.gca
AvgCurvTif folding.atlas.acfb40.noaparc.i12.2016-08-02.tif
GCSDIR /opt/freesurfer/average
GCS DKaparc.atlas.acfb40.noaparc.i12.2016-08-02.gcs
#######################################
#--------------------------------------------
#@# AutoDetGWStats lh Fri Mar  6 17:54:23 CET 2026
cd /out/sourcedata/freesurfer/sub-v1s10x0051146_ses-1/mri
mris_autodet_gwstats --o ../surf/autodet.gw.stats.lh.dat --i brain.finalsurfs.mgz --wm wm.mgz --surf ../surf/lh.orig.premesh
  Update not needed
#--------------------------------------------
#@# WhitePreAparc lh Fri Mar  6 17:54:24 CET 2026
cd /out/sourcedata/freesurfer/sub-v1s10x0051146_ses-1/mri
mris_place_surface --adgws-in ../surf/autodet.gw.stats.lh.dat --wm wm.mgz --threads 16 --invol brain.finalsurfs.mgz --lh --i ../surf/lh.orig --o ../surf/lh.white.preaparc --white --seg aseg.presurf.mgz --nsmooth 5
   Update not needed
#--------------------------------------------
#@# CortexLabel lh Fri Mar  6 17:54:24 CET 2026
cd /out/sourcedata/freesurfer/sub-v1s10x0051146_ses-1/mri
mri_label2label --label-cortex ../surf/lh.white.preaparc aseg.presurf.mgz 0 ../label/lh.cortex.label
   Update not needed
#--------------------------------------------
#@# CortexLabel+HipAmyg lh Fri Mar  6 17:54:24 CET 2026
cd /out/sourcedata/freesurfer/sub-v1s10x0051146_ses-1/mri
mri_label2label --label-cortex ../surf/lh.white.preaparc aseg.presurf.mgz 1 ../label/lh.cortex+hipamyg.label
   Update not needed
#@# white curv lh Fri Mar  6 17:54:24 CET 2026
cd /out/sourcedata/freesurfer/sub-v1s10x0051146_ses-1/mri
mris_place_surface --curv-map ../surf/lh.white 2 10 ../surf/lh.curv
   Update not needed
#@# white area lh Fri Mar  6 17:54:24 CET 2026
cd /out/sourcedata/freesurfer/sub-v1s10x0051146_ses-1/mri
mris_place_surface --area-map ../surf/lh.white ../surf/lh.area
   Update not needed
#@# pial curv lh Fri Mar  6 17:54:24 CET 2026
cd /out/sourcedata/freesurfer/sub-v1s10x0051146_ses-1/mri
mris_place_surface --curv-map ../surf/lh.pial 2 10 ../surf/lh.curv.pial
   Update not needed
#@# pial area lh Fri Mar  6 17:54:24 CET 2026
cd /out/sourcedata/freesurfer/sub-v1s10x0051146_ses-1/mri
mris_place_surface --area-map ../surf/lh.pial ../surf/lh.area.pial
   Update not needed
#@# thickness lh Fri Mar  6 17:54:24 CET 2026
cd /out/sourcedata/freesurfer/sub-v1s10x0051146_ses-1/mri
mris_place_surface --thickness ../surf/lh.white ../surf/lh.pial 20 5 ../surf/lh.thickness
   Update not needed
#@# area and vertex vol lh Fri Mar  6 17:54:24 CET 2026
cd /out/sourcedata/freesurfer/sub-v1s10x0051146_ses-1/mri
mris_place_surface --thickness ../surf/lh.white ../surf/lh.pial 20 5 ../surf/lh.thickness
   Update not needed
#-----------------------------------------
#@# Parcellation Stats lh Fri Mar  6 17:54:24 CET 2026
/out/sourcedata/freesurfer/sub-v1s10x0051146_ses-1/scripts

 mris_anatomical_stats -th3 -mgz -noglobal -cortex ../label/lh.cortex.label -f ../stats/lh.aparc.stats -b -a ../label/lh.aparc.annot -c ../label/aparc.annot.ctab sub-v1s10x0051146_ses-1 lh white 

computing statistics for each annotation in ../label/lh.aparc.annot.
reading volume /out/sourcedata/freesurfer/sub-v1s10x0051146_ses-1/mri/wm.mgz...
reading input surface /out/sourcedata/freesurfer/sub-v1s10x0051146_ses-1/surf/lh.white...
reading input pial surface /out/sourcedata/freesurfer/sub-v1s10x0051146_ses-1/surf/lh.pial...
reading input white surface /out/sourcedata/freesurfer/sub-v1s10x0051146_ses-1/surf/lh.white...
INFO: using TH3 volume calc
INFO: assuming MGZ format for volumes.
INFO: not computing global stats
INFO: using ../label/lh.cortex.label as mask to calc cortex NumVert, SurfArea and MeanThickness.
Using TH3 vertex volume calc
Total face volume 264147
Total vertex volume 263959 (mask=0)
Saving annotation colortable ../label/aparc.annot.ctab

table columns are:
    number of vertices
    total surface area (mm^2)
    total gray matter volume (mm^3)
    average cortical thickness +- standard deviation (mm)
    integrated rectified mean curvature
    integrated rectified Gaussian curvature
    folding index
    intrinsic curvature index
    structure name

 1686   1121   2994  2.740 0.442     0.096     0.016       10     1.1  bankssts
  850    550   1323  2.199 0.486     0.093     0.011        7     0.5  caudalanteriorcingulate
 3701   2530   6459  2.440 0.450     0.108     0.020       30     3.1  caudalmiddlefrontal
 2369   1632   2706  1.642 0.302     0.145     0.035       30     3.4  cuneus
  622    397   1771  3.299 1.032     0.102     0.032        6     0.6  entorhinal
 4842   3369  10102  2.739 0.624     0.121     0.023       51     5.0  fusiform
 7152   4804  12696  2.414 0.517     0.114     0.021       67     6.1  inferiorparietal
 5337   3909  13197  2.837 0.675     0.132     0.026       68     5.9  inferiortemporal
 1642   1125   2729  2.118 0.803     0.115     0.023       20     1.5  isthmuscingulate
 8117   5558  11974  2.042 0.490     0.137     0.031       91    10.8  lateraloccipital
 4617   3271   9196  2.701 0.647     0.123     0.026       57     4.9  lateralorbitofrontal
 3930   2778   5825  2.027 0.626     0.132     0.032       46     5.1  lingual
 3210   2256   6379  2.509 0.638     0.109     0.024       38     3.1  medialorbitofrontal
 4501   3167  11054  2.883 0.606     0.121     0.022       53     4.2  middletemporal
 1037    670   1872  2.467 0.642     0.088     0.019        8     0.8  parahippocampal
 2455   1508   3852  2.405 0.589     0.092     0.015       14     1.6  paracentral
 2187   1504   4916  2.836 0.509     0.118     0.022       21     1.9  parsopercularis
  993    734   2665  2.859 0.476     0.145     0.028       14     1.2  parsorbitalis
 2259   1649   4804  2.712 0.498     0.131     0.025       26     2.3  parstriangularis
 2048   1373   1802  1.555 0.372     0.123     0.026       20     2.2  pericalcarine
 7341   4757  11236  2.107 0.709     0.103     0.019       56     5.7  postcentral
 1671   1132   3371  2.781 0.700     0.114     0.019       17     1.4  posteriorcingulate
 8888   5621  16154  2.621 0.623     0.106     0.020       69     7.7  precentral
 6833   4637  11478  2.399 0.616     0.110     0.020       56     5.8  precuneus
 1532   1020   2918  2.647 0.580     0.115     0.019       19     1.3  rostralanteriorcingulate
 8373   6110  16537  2.446 0.515     0.126     0.025       97     8.7  rostralmiddlefrontal
12646   8614  28273  2.897 0.559     0.113     0.021      110    10.9  superiorfrontal
 9292   6263  14627  2.146 0.537     0.118     0.021       88     8.4  superiorparietal
 6328   4239  13787  2.817 0.661     0.106     0.020       53     5.1  superiortemporal
 7058   4852  14598  2.652 0.621     0.122     0.021       70     6.5  supramarginal
  362    272   1124  3.156 0.376     0.166     0.031        6     0.6  frontalpole
  733    555   3003  3.895 0.579     0.128     0.028       10     0.8  temporalpole
  988    639   1404  2.030 0.488     0.114     0.026       11     1.2  transversetemporal
 3712   2478   7133  2.943 0.682     0.111     0.026       31     3.6  insula

 mris_anatomical_stats -th3 -mgz -noglobal -cortex ../label/lh.cortex.label -f ../stats/lh.aparc.pial.stats -b -a ../label/lh.aparc.annot -c ../label/aparc.annot.ctab sub-v1s10x0051146_ses-1 lh pial 

computing statistics for each annotation in ../label/lh.aparc.annot.
reading volume /out/sourcedata/freesurfer/sub-v1s10x0051146_ses-1/mri/wm.mgz...
reading input surface /out/sourcedata/freesurfer/sub-v1s10x0051146_ses-1/surf/lh.pial...
reading input pial surface /out/sourcedata/freesurfer/sub-v1s10x0051146_ses-1/surf/lh.pial...
reading input white surface /out/sourcedata/freesurfer/sub-v1s10x0051146_ses-1/surf/lh.white...
INFO: using TH3 volume calc
INFO: assuming MGZ format for volumes.
INFO: not computing global stats
INFO: using ../label/lh.cortex.label as mask to calc cortex NumVert, SurfArea and MeanThickness.
Using TH3 vertex volume calc
Total face volume 264147
Total vertex volume 263959 (mask=0)
Saving annotation colortable ../label/aparc.annot.ctab

table columns are:
    number of vertices
    total surface area (mm^2)
    total gray matter volume (mm^3)
    average cortical thickness +- standard deviation (mm)
    integrated rectified mean curvature
    integrated rectified Gaussian curvature
    folding index
    intrinsic curvature index
    structure name

 1686   1083   2994  2.740 0.442     0.112     0.029       20     2.2  bankssts
  850    678   1323  2.199 0.486     0.135     0.035       18     1.2  caudalanteriorcingulate
 3701   2806   6459  2.440 0.450     0.120     0.024       51     4.0  caudalmiddlefrontal
 2369   1852   2706  1.642 0.302     0.137     0.048      210     3.3  cuneus
  622    714   1771  3.299 1.032     0.240     0.072       17     2.2  entorhinal
 4842   4047  10102  2.739 0.624     0.147     0.038      133     7.9  fusiform
 7152   5615  12696  2.414 0.517     0.123     0.026       98     8.0  inferiorparietal
 5337   5136  13197  2.837 0.675     0.160     0.043      228     8.5  inferiortemporal
 1642   1492   2729  2.118 0.803     0.161     0.041       51     3.1  isthmuscingulate
 8117   6416  11974  2.042 0.490     0.131     0.034      168    10.9  lateraloccipital
 4617   3769   9196  2.701 0.647     0.144     0.038      123     6.7  lateralorbitofrontal
 3930   3302   5825  2.027 0.626     0.144     0.040      122     6.4  lingual
 3210   2930   6379  2.509 0.638     0.159     0.042      133     5.7  medialorbitofrontal
 4501   4345  11054  2.883 0.606     0.149     0.031       71     6.1  middletemporal
 1037    913   1872  2.467 0.642     0.169     0.049       18     2.6  parahippocampal
 2455   1707   3852  2.405 0.589     0.105     0.020       30     2.0  paracentral
 2187   1958   4916  2.836 0.509     0.161     0.040       42     3.5  parsopercularis
  993   1142   2665  2.859 0.476     0.179     0.033       16     1.4  parsorbitalis
 2259   1945   4804  2.712 0.498     0.150     0.032       48     3.0  parstriangularis
 2048   1083   1802  1.555 0.372     0.101     0.026       42     2.1  pericalcarine
 7341   5947  11236  2.107 0.709     0.122     0.024      100     7.5  postcentral
 1671   1341   3371  2.781 0.700     0.140     0.035       46     2.7  posteriorcingulate
 8888   6587  16154  2.621 0.623     0.116     0.028     5549     8.6  precentral
 6833   4987  11478  2.399 0.616     0.124     0.031      144     8.4  precuneus
 1532   1294   2918  2.647 0.580     0.176     0.050       29     3.7  rostralanteriorcingulate
 8373   7222  16537  2.446 0.515     0.146     0.031     1576    10.3  rostralmiddlefrontal
12646  10595  28273  2.897 0.559     0.138     0.033      199    16.0  superiorfrontal
 9292   7287  14627  2.146 0.537     0.122     0.024      111     9.0  superiorparietal
 6328   5332  13787  2.817 0.661     0.144     0.036      139     9.3  superiortemporal
 7058   5996  14598  2.652 0.621     0.137     0.034      138     9.4  supramarginal
  362    439   1124  3.156 0.376     0.197     0.038        5     0.5  frontalpole
  733    983   3003  3.895 0.579     0.216     0.044       14     1.4  temporalpole
  988    873   1404  2.030 0.488     0.171     0.050       14     2.2  transversetemporal
 3712   2414   7133  2.943 0.682     0.151     0.050       98     7.4  insula
#-----------------------------------------
#@# Parcellation Stats 2 lh Fri Mar  6 17:54:40 CET 2026
/out/sourcedata/freesurfer/sub-v1s10x0051146_ses-1/scripts

 mris_anatomical_stats -th3 -mgz -noglobal -cortex ../label/lh.cortex.label -f ../stats/lh.aparc.a2009s.stats -b -a ../label/lh.aparc.a2009s.annot -c ../label/aparc.annot.a2009s.ctab sub-v1s10x0051146_ses-1 lh white 

computing statistics for each annotation in ../label/lh.aparc.a2009s.annot.
reading volume /out/sourcedata/freesurfer/sub-v1s10x0051146_ses-1/mri/wm.mgz...
reading input surface /out/sourcedata/freesurfer/sub-v1s10x0051146_ses-1/surf/lh.white...
reading input pial surface /out/sourcedata/freesurfer/sub-v1s10x0051146_ses-1/surf/lh.pial...
reading input white surface /out/sourcedata/freesurfer/sub-v1s10x0051146_ses-1/surf/lh.white...
INFO: using TH3 volume calc
INFO: assuming MGZ format for volumes.
INFO: not computing global stats
INFO: using ../label/lh.cortex.label as mask to calc cortex NumVert, SurfArea and MeanThickness.
Using TH3 vertex volume calc
Total face volume 264147
Total vertex volume 263959 (mask=0)
Saving annotation colortable ../label/aparc.annot.a2009s.ctab

table columns are:
    number of vertices
    total surface area (mm^2)
    total gray matter volume (mm^3)
    average cortical thickness +- standard deviation (mm)
    integrated rectified mean curvature
    integrated rectified Gaussian curvature
    folding index
    intrinsic curvature index
    structure name

 1049    788   2164  2.520 0.580     0.134     0.026       14     1.2  G_and_S_frontomargin
 1875   1319   3262  2.201 0.552     0.137     0.028       22     2.1  G_and_S_occipital_inf
 1886   1096   3029  2.364 0.649     0.097     0.019       13     1.5  G_and_S_paracentral
 1480   1000   3266  2.829 0.553     0.117     0.021       13     1.3  G_and_S_subcentral
  636    480   1668  2.648 0.635     0.156     0.030       13     0.8  G_and_S_transv_frontopol
 2734   1887   5506  2.733 0.500     0.111     0.019       27     2.2  G_and_S_cingul-Ant
 1268    849   2102  2.554 0.445     0.091     0.012        6     0.7  G_and_S_cingul-Mid-Ant
 1381    897   2615  2.894 0.556     0.090     0.015        8     0.9  G_and_S_cingul-Mid-Post
  609    430   1689  3.025 0.541     0.141     0.029        9     0.7  G_cingul-Post-dorsal
  346    220    665  2.299 0.572     0.129     0.028        5     0.4  G_cingul-Post-ventral
 2081   1444   2414  1.567 0.352     0.143     0.036       26     3.2  G_cuneus
 1307    902   3739  3.057 0.510     0.127     0.025       16     1.4  G_front_inf-Opercular
  460    316   1269  2.905 0.487     0.130     0.025        5     0.5  G_front_inf-Orbital
 1169    909   3242  2.803 0.512     0.152     0.030       19     1.4  G_front_inf-Triangul
 4717   3537  11759  2.620 0.511     0.137     0.029       69     5.4  G_front_middle
 8867   5983  21857  3.009 0.555     0.119     0.023       91     8.3  G_front_sup
  762    528   1412  2.707 0.794     0.124     0.034       10     0.8  G_Ins_lg_and_S_cent_ins
  783    518   2242  3.312 0.746     0.112     0.024        8     0.8  G_insular_short
 2254   1542   4476  2.333 0.558     0.138     0.033       27     2.9  G_occipital_middle
 1448    962   2157  2.081 0.486     0.131     0.025       18     1.6  G_occipital_sup
 2136   1467   5156  2.876 0.613     0.129     0.026       30     2.3  G_oc-temp_lat-fusifor
 2669   1946   4267  1.956 0.676     0.151     0.040       39     4.4  G_oc-temp_med-Lingual
 1219    772   2660  2.738 0.858     0.109     0.031       14     1.4  G_oc-temp_med-Parahip
 2680   2036   6594  2.633 0.597     0.143     0.032       46     3.6  G_orbital
 2587   1755   5951  2.637 0.556     0.126     0.024       35     2.5  G_pariet_inf-Angular
 3593   2503   9293  2.859 0.658     0.132     0.025       45     3.8  G_pariet_inf-Supramar
 4054   2798   7838  2.251 0.591     0.121     0.022       44     3.8  G_parietal_sup
 3004   1929   5391  2.250 0.697     0.115     0.023       29     3.0  G_postcentral
 3438   2133   7698  2.757 0.605     0.105     0.021       30     3.1  G_precentral
 3332   2309   6959  2.389 0.644     0.126     0.025       41     3.3  G_precuneus
 1207    874   3181  2.670 0.645     0.119     0.022       18     1.2  G_rectus
  805    542   1460  2.469 0.878     0.127     0.049       11     1.5  G_subcallosal
  831    523   1209  1.981 0.467     0.122     0.029       10     1.2  G_temp_sup-G_T_transv
 2142   1465   6726  3.158 0.653     0.130     0.027       30     2.2  G_temp_sup-Lateral
  834    571   2070  3.130 0.700     0.071     0.012        2     0.3  G_temp_sup-Plan_polar
 1292    885   2545  2.656 0.557     0.109     0.025       11     1.3  G_temp_sup-Plan_tempo
 3144   2360   8903  2.915 0.652     0.141     0.028       50     3.7  G_temporal_inf
 2595   1887   7378  2.998 0.592     0.134     0.026       39     2.9  G_temporal_middle
  382    248    515  2.464 0.415     0.076     0.011        2     0.1  Lat_Fis-ant-Horizont
  405    287    637  2.727 0.497     0.112     0.018        2     0.3  Lat_Fis-ant-Vertical
 1283    857   1699  2.531 0.453     0.112     0.021        8     1.2  Lat_Fis-post
 2209   1528   3274  1.904 0.496     0.150     0.042       29     3.8  Pole_occipital
 1594   1249   6426  3.688 0.713     0.143     0.029       24     2.0  Pole_temporal
 2466   1656   2619  1.872 0.585     0.112     0.021       20     2.3  S_calcarine
 3863   2508   4037  1.842 0.591     0.102     0.019       25     3.3  S_central
 1363    895   1786  2.284 0.547     0.086     0.011        6     0.7  S_cingul-Marginalis
  555    361    826  2.696 0.497     0.075     0.009        2     0.2  S_circular_insula_ant
 1395    907   2096  2.795 0.704     0.083     0.013        5     0.8  S_circular_insula_inf
 1925   1244   2768  2.840 0.425     0.104     0.018       10     1.6  S_circular_insula_sup
  962    670   1868  2.958 0.634     0.115     0.024        7     0.9  S_collat_transv_ant
  456    318    486  1.933 0.421     0.129     0.031        4     0.5  S_collat_transv_post
 2393   1680   3667  2.298 0.383     0.115     0.020       20     2.0  S_front_inf
 1584   1060   1878  2.125 0.405     0.103     0.018        9     1.4  S_front_middle
 3141   2153   5314  2.560 0.419     0.090     0.014       17     1.9  S_front_sup
  438    316    682  2.240 0.438     0.092     0.013        2     0.3  S_interm_prim-Jensen
 3518   2348   4055  2.022 0.382     0.106     0.016       23     2.5  S_intrapariet_and_P_trans
 1206    795   1251  1.932 0.420     0.117     0.026        9     1.3  S_oc_middle_and_Lunatus
 1137    763   1390  2.030 0.378     0.115     0.021        8     1.1  S_oc_sup_and_transversal
 1040    704   1298  2.207 0.366     0.104     0.021        7     0.9  S_occipital_ant
 1031    711   1422  2.307 0.416     0.108     0.022        6     1.0  S_oc-temp_lat
 2261   1487   3189  2.350 0.498     0.094     0.016       12     1.5  S_oc-temp_med_and_Lingual
  531    376    801  2.370 0.390     0.122     0.028        4     0.6  S_orbital_lateral
  902    610   1267  2.471 0.589     0.104     0.019        6     0.6  S_orbital_med-olfact
 1617   1122   3181  2.956 0.674     0.117     0.024       16     1.5  S_orbital-H_Shaped
 2658   1792   3610  2.366 0.668     0.122     0.022       22     2.6  S_parieto_occipital
 1150    748    992  1.616 0.539     0.106     0.017       14     0.8  S_pericallosal
 3367   2200   4239  2.198 0.497     0.104     0.016       21     2.3  S_postcentral
 1561   1041   2369  2.567 0.362     0.107     0.020       10     1.2  S_precentral-inf-part
 1909   1232   2676  2.536 0.484     0.099     0.015       10     1.2  S_precentral-sup-part
  835    549   1104  2.371 0.547     0.092     0.011        4     0.4  S_suborbital
 1316    888   1727  2.154 0.493     0.098     0.016        8     0.9  S_subparietal
 1468   1004   2175  2.539 0.364     0.118     0.020       12     1.4  S_temporal_inf
 6136   4055  10164  2.585 0.509     0.098     0.015       38     4.0  S_temporal_sup
  581    374    658  2.226 0.334     0.087     0.010        2     0.3  S_temporal_transverse
#-----------------------------------------
#@# Parcellation Stats 3 lh Fri Mar  6 17:54:48 CET 2026
/out/sourcedata/freesurfer/sub-v1s10x0051146_ses-1/scripts

 mris_anatomical_stats -th3 -mgz -noglobal -cortex ../label/lh.cortex.label -f ../stats/lh.aparc.DKTatlas.stats -b -a ../label/lh.aparc.DKTatlas.annot -c ../label/aparc.annot.DKTatlas.ctab sub-v1s10x0051146_ses-1 lh white 

computing statistics for each annotation in ../label/lh.aparc.DKTatlas.annot.
reading volume /out/sourcedata/freesurfer/sub-v1s10x0051146_ses-1/mri/wm.mgz...
reading input surface /out/sourcedata/freesurfer/sub-v1s10x0051146_ses-1/surf/lh.white...
reading input pial surface /out/sourcedata/freesurfer/sub-v1s10x0051146_ses-1/surf/lh.pial...
reading input white surface /out/sourcedata/freesurfer/sub-v1s10x0051146_ses-1/surf/lh.white...
INFO: using TH3 volume calc
INFO: assuming MGZ format for volumes.
INFO: not computing global stats
INFO: using ../label/lh.cortex.label as mask to calc cortex NumVert, SurfArea and MeanThickness.
Using TH3 vertex volume calc
Total face volume 264147
Total vertex volume 263959 (mask=0)
Saving annotation colortable ../label/aparc.annot.DKTatlas.ctab

table columns are:
    number of vertices
    total surface area (mm^2)
    total gray matter volume (mm^3)
    average cortical thickness +- standard deviation (mm)
    integrated rectified mean curvature
    integrated rectified Gaussian curvature
    folding index
    intrinsic curvature index
    structure name

 1780   1153   3181  2.516 0.596     0.098     0.014       14     1.1  caudalanteriorcingulate
 4009   2761   7037  2.451 0.451     0.110     0.020       34     3.4  caudalmiddlefrontal
 3240   2223   3660  1.690 0.347     0.138     0.031       38     4.2  cuneus
  565    351   1457  3.180 1.020     0.099     0.031        5     0.5  entorhinal
 4544   3130   8816  2.649 0.593     0.119     0.023       45     4.4  fusiform
 7223   4846  12605  2.386 0.512     0.114     0.021       66     6.3  inferiorparietal
 5405   3990  14277  2.929 0.723     0.135     0.027       72     6.3  inferiortemporal
 1630   1118   2723  2.127 0.793     0.115     0.023       20     1.5  isthmuscingulate
 8022   5481  11788  2.047 0.487     0.138     0.032       92    10.8  lateraloccipital
 4917   3531  10276  2.723 0.680     0.131     0.030       67     5.8  lateralorbitofrontal
 4013   2839   5969  2.015 0.631     0.133     0.032       47     5.2  lingual
 2647   1840   5444  2.535 0.651     0.104     0.021       28     2.2  medialorbitofrontal
 6132   4294  13885  2.836 0.588     0.119     0.022       67     5.6  middletemporal
 1068    685   1937  2.476 0.651     0.087     0.019        8     0.8  parahippocampal
 2924   1782   4786  2.495 0.607     0.090     0.015       16     1.8  paracentral
 2050   1400   4554  2.860 0.506     0.119     0.022       20     1.9  parsopercularis
 1132    764   2370  2.719 0.554     0.110     0.019       10     0.9  parsorbitalis
 2696   1972   5837  2.703 0.468     0.128     0.025       30     2.7  parstriangularis
 2019   1354   1775  1.557 0.372     0.124     0.026       20     2.2  pericalcarine
 8312   5417  12725  2.143 0.712     0.106     0.020       66     6.9  postcentral
 1863   1253   3587  2.777 0.691     0.113     0.020       18     1.5  posteriorcingulate
 8771   5523  15968  2.631 0.620     0.106     0.020       67     7.6  precentral
 6659   4515  11566  2.423 0.613     0.111     0.021       57     5.8  precuneus
 2191   1493   4311  2.667 0.585     0.115     0.020       25     2.0  rostralanteriorcingulate
 6279   4599  12874  2.482 0.505     0.131     0.026       75     6.8  rostralmiddlefrontal
12761   8880  28367  2.823 0.595     0.116     0.022      123    11.7  superiorfrontal
 7690   5180  12302  2.173 0.532     0.114     0.020       68     6.6  superiorparietal
 8274   5602  18780  2.863 0.704     0.107     0.020       72     7.0  superiortemporal
 6431   4435  13601  2.673 0.622     0.123     0.022       66     5.9  supramarginal
  975    631   1383  2.028 0.491     0.113     0.027       11     1.2  transversetemporal
 3090   2051   6118  2.969 0.676     0.103     0.020       22     2.4  insula
/out/sourcedata/freesurfer/sub-v1s10x0051146_ses-1/label
#--------------------------------------------
#@# BA_exvivo Labels lh Fri Mar  6 17:54:56 CET 2026

 mri_label2label --srcsubject fsaverage --srclabel /out/sourcedata/freesurfer/fsaverage/label/lh.BA1_exvivo.label --trgsubject sub-v1s10x0051146_ses-1 --trglabel ./lh.BA1_exvivo.label --hemi lh --regmethod surface 


srclabel = /out/sourcedata/freesurfer/fsaverage/label/lh.BA1_exvivo.label
srcsubject = fsaverage
trgsubject = sub-v1s10x0051146_ses-1
trglabel = ./lh.BA1_exvivo.label
regmethod = surface

srchemi = lh
trghemi = lh
trgsurface = white
srcsurfreg = sphere.reg
trgsurfreg = sphere.reg
usehash = 1
Use ProjAbs  = 0, 0
Use ProjFrac = 0, 0
DoPaint 0

SUBJECTS_DIR    /out/sourcedata/freesurfer
FREESURFER_HOME /opt/freesurfer
Loading source label.
Found 4129 points in source label.
Starting surface-based mapping
Reading source registration 
 /out/sourcedata/freesurfer/fsaverage/surf/lh.sphere.reg
Rescaling ...  original radius = 100
Reading target surface 
 /out/sourcedata/freesurfer/sub-v1s10x0051146_ses-1/surf/lh.white
Reading target registration 
 /out/sourcedata/freesurfer/sub-v1s10x0051146_ses-1/surf/lh.sphere.reg
Rescaling ...  original radius = 100
Building target registration hash (res=16).
Building source registration hash (res=16).
INFO: found  4129 nlabel points
Performing mapping from target back to the source label 148319
Number of reverse mapping hits = 351
Checking for and removing duplicates
Writing label file ./lh.BA1_exvivo.label 4480
mri_label2label: Done


 mri_label2label --srcsubject fsaverage --srclabel /out/sourcedata/freesurfer/fsaverage/label/lh.BA2_exvivo.label --trgsubject sub-v1s10x0051146_ses-1 --trglabel ./lh.BA2_exvivo.label --hemi lh --regmethod surface 


srclabel = /out/sourcedata/freesurfer/fsaverage/label/lh.BA2_exvivo.label
srcsubject = fsaverage
trgsubject = sub-v1s10x0051146_ses-1
trglabel = ./lh.BA2_exvivo.label
regmethod = surface

srchemi = lh
trghemi = lh
trgsurface = white
srcsurfreg = sphere.reg
trgsurfreg = sphere.reg
usehash = 1
Use ProjAbs  = 0, 0
Use ProjFrac = 0, 0
DoPaint 0

SUBJECTS_DIR    /out/sourcedata/freesurfer
FREESURFER_HOME /opt/freesurfer
Loading source label.
Found 7909 points in source label.
Starting surface-based mapping
Reading source registration 
 /out/sourcedata/freesurfer/fsaverage/surf/lh.sphere.reg
Rescaling ...  original radius = 100
Reading target surface 
 /out/sourcedata/freesurfer/sub-v1s10x0051146_ses-1/surf/lh.white
Reading target registration 
 /out/sourcedata/freesurfer/sub-v1s10x0051146_ses-1/surf/lh.sphere.reg
Rescaling ...  original radius = 100
Building target registration hash (res=16).
Building source registration hash (res=16).
INFO: found  7909 nlabel points
Performing mapping from target back to the source label 148319
Number of reverse mapping hits = 560
Checking for and removing duplicates
Writing label file ./lh.BA2_exvivo.label 8469
mri_label2label: Done


 mri_label2label --srcsubject fsaverage --srclabel /out/sourcedata/freesurfer/fsaverage/label/lh.BA3a_exvivo.label --trgsubject sub-v1s10x0051146_ses-1 --trglabel ./lh.BA3a_exvivo.label --hemi lh --regmethod surface 


srclabel = /out/sourcedata/freesurfer/fsaverage/label/lh.BA3a_exvivo.label
srcsubject = fsaverage
trgsubject = sub-v1s10x0051146_ses-1
trglabel = ./lh.BA3a_exvivo.label
regmethod = surface

srchemi = lh
trghemi = lh
trgsurface = white
srcsurfreg = sphere.reg
trgsurfreg = sphere.reg
usehash = 1
Use ProjAbs  = 0, 0
Use ProjFrac = 0, 0
DoPaint 0

SUBJECTS_DIR    /out/sourcedata/freesurfer
FREESURFER_HOME /opt/freesurfer
Loading source label.
Found 4077 points in source label.
Starting surface-based mapping
Reading source registration 
 /out/sourcedata/freesurfer/fsaverage/surf/lh.sphere.reg
Rescaling ...  original radius = 100
Reading target surface 
 /out/sourcedata/freesurfer/sub-v1s10x0051146_ses-1/surf/lh.white
Reading target registration 
 /out/sourcedata/freesurfer/sub-v1s10x0051146_ses-1/surf/lh.sphere.reg
Rescaling ...  original radius = 100
Building target registration hash (res=16).
Building source registration hash (res=16).
INFO: found  4077 nlabel points
Performing mapping from target back to the source label 148319
Number of reverse mapping hits = 122
Checking for and removing duplicates
Writing label file ./lh.BA3a_exvivo.label 4199
mri_label2label: Done


 mri_label2label --srcsubject fsaverage --srclabel /out/sourcedata/freesurfer/fsaverage/label/lh.BA3b_exvivo.label --trgsubject sub-v1s10x0051146_ses-1 --trglabel ./lh.BA3b_exvivo.label --hemi lh --regmethod surface 


srclabel = /out/sourcedata/freesurfer/fsaverage/label/lh.BA3b_exvivo.label
srcsubject = fsaverage
trgsubject = sub-v1s10x0051146_ses-1
trglabel = ./lh.BA3b_exvivo.label
regmethod = surface

srchemi = lh
trghemi = lh
trgsurface = white
srcsurfreg = sphere.reg
trgsurfreg = sphere.reg
usehash = 1
Use ProjAbs  = 0, 0
Use ProjFrac = 0, 0
DoPaint 0

SUBJECTS_DIR    /out/sourcedata/freesurfer
FREESURFER_HOME /opt/freesurfer
Loading source label.
Found 5983 points in source label.
Starting surface-based mapping
Reading source registration 
 /out/sourcedata/freesurfer/fsaverage/surf/lh.sphere.reg
Rescaling ...  original radius = 100
Reading target surface 
 /out/sourcedata/freesurfer/sub-v1s10x0051146_ses-1/surf/lh.white
Reading target registration 
 /out/sourcedata/freesurfer/sub-v1s10x0051146_ses-1/surf/lh.sphere.reg
Rescaling ...  original radius = 100
Building target registration hash (res=16).
Building source registration hash (res=16).
INFO: found  5983 nlabel points
Performing mapping from target back to the source label 148319
Number of reverse mapping hits = 289
Checking for and removing duplicates
Writing label file ./lh.BA3b_exvivo.label 6272
mri_label2label: Done


 mri_label2label --srcsubject fsaverage --srclabel /out/sourcedata/freesurfer/fsaverage/label/lh.BA4a_exvivo.label --trgsubject sub-v1s10x0051146_ses-1 --trglabel ./lh.BA4a_exvivo.label --hemi lh --regmethod surface 


srclabel = /out/sourcedata/freesurfer/fsaverage/label/lh.BA4a_exvivo.label
srcsubject = fsaverage
trgsubject = sub-v1s10x0051146_ses-1
trglabel = ./lh.BA4a_exvivo.label
regmethod = surface

srchemi = lh
trghemi = lh
trgsurface = white
srcsurfreg = sphere.reg
trgsurfreg = sphere.reg
usehash = 1
Use ProjAbs  = 0, 0
Use ProjFrac = 0, 0
DoPaint 0

SUBJECTS_DIR    /out/sourcedata/freesurfer
FREESURFER_HOME /opt/freesurfer
Loading source label.
Found 5784 points in source label.
Starting surface-based mapping
Reading source registration 
 /out/sourcedata/freesurfer/fsaverage/surf/lh.sphere.reg
Rescaling ...  original radius = 100
Reading target surface 
 /out/sourcedata/freesurfer/sub-v1s10x0051146_ses-1/surf/lh.white
Reading target registration 
 /out/sourcedata/freesurfer/sub-v1s10x0051146_ses-1/surf/lh.sphere.reg
Rescaling ...  original radius = 100
Building target registration hash (res=16).
Building source registration hash (res=16).
INFO: found  5784 nlabel points
Performing mapping from target back to the source label 148319
Number of reverse mapping hits = 619
Checking for and removing duplicates
Writing label file ./lh.BA4a_exvivo.label 6403
mri_label2label: Done


 mri_label2label --srcsubject fsaverage --srclabel /out/sourcedata/freesurfer/fsaverage/label/lh.BA4p_exvivo.label --trgsubject sub-v1s10x0051146_ses-1 --trglabel ./lh.BA4p_exvivo.label --hemi lh --regmethod surface 


srclabel = /out/sourcedata/freesurfer/fsaverage/label/lh.BA4p_exvivo.label
srcsubject = fsaverage
trgsubject = sub-v1s10x0051146_ses-1
trglabel = ./lh.BA4p_exvivo.label
regmethod = surface

srchemi = lh
trghemi = lh
trgsurface = white
srcsurfreg = sphere.reg
trgsurfreg = sphere.reg
usehash = 1
Use ProjAbs  = 0, 0
Use ProjFrac = 0, 0
DoPaint 0

SUBJECTS_DIR    /out/sourcedata/freesurfer
FREESURFER_HOME /opt/freesurfer
Loading source label.
Found 4070 points in source label.
Starting surface-based mapping
Reading source registration 
 /out/sourcedata/freesurfer/fsaverage/surf/lh.sphere.reg
Rescaling ...  original radius = 100
Reading target surface 
 /out/sourcedata/freesurfer/sub-v1s10x0051146_ses-1/surf/lh.white
Reading target registration 
 /out/sourcedata/freesurfer/sub-v1s10x0051146_ses-1/surf/lh.sphere.reg
Rescaling ...  original radius = 100
Building target registration hash (res=16).
Building source registration hash (res=16).
INFO: found  4070 nlabel points
Performing mapping from target back to the source label 148319
Number of reverse mapping hits = 331
Checking for and removing duplicates
Writing label file ./lh.BA4p_exvivo.label 4401
mri_label2label: Done


 mri_label2label --srcsubject fsaverage --srclabel /out/sourcedata/freesurfer/fsaverage/label/lh.BA6_exvivo.label --trgsubject sub-v1s10x0051146_ses-1 --trglabel ./lh.BA6_exvivo.label --hemi lh --regmethod surface 


srclabel = /out/sourcedata/freesurfer/fsaverage/label/lh.BA6_exvivo.label
srcsubject = fsaverage
trgsubject = sub-v1s10x0051146_ses-1
trglabel = ./lh.BA6_exvivo.label
regmethod = surface

srchemi = lh
trghemi = lh
trgsurface = white
srcsurfreg = sphere.reg
trgsurfreg = sphere.reg
usehash = 1
Use ProjAbs  = 0, 0
Use ProjFrac = 0, 0
DoPaint 0

SUBJECTS_DIR    /out/sourcedata/freesurfer
FREESURFER_HOME /opt/freesurfer
Loading source label.
Found 13589 points in source label.
Starting surface-based mapping
Reading source registration 
 /out/sourcedata/freesurfer/fsaverage/surf/lh.sphere.reg
Rescaling ...  original radius = 100
Reading target surface 
 /out/sourcedata/freesurfer/sub-v1s10x0051146_ses-1/surf/lh.white
Reading target registration 
 /out/sourcedata/freesurfer/sub-v1s10x0051146_ses-1/surf/lh.sphere.reg
Rescaling ...  original radius = 100
Building target registration hash (res=16).
Building source registration hash (res=16).
INFO: found  13589 nlabel points
Performing mapping from target back to the source label 148319
Number of reverse mapping hits = 1460
Checking for and removing duplicates
Writing label file ./lh.BA6_exvivo.label 15049
mri_label2label: Done


 mri_label2label --srcsubject fsaverage --srclabel /out/sourcedata/freesurfer/fsaverage/label/lh.BA44_exvivo.label --trgsubject sub-v1s10x0051146_ses-1 --trglabel ./lh.BA44_exvivo.label --hemi lh --regmethod surface 


srclabel = /out/sourcedata/freesurfer/fsaverage/label/lh.BA44_exvivo.label
srcsubject = fsaverage
trgsubject = sub-v1s10x0051146_ses-1
trglabel = ./lh.BA44_exvivo.label
regmethod = surface

srchemi = lh
trghemi = lh
trgsurface = white
srcsurfreg = sphere.reg
trgsurfreg = sphere.reg
usehash = 1
Use ProjAbs  = 0, 0
Use ProjFrac = 0, 0
DoPaint 0

SUBJECTS_DIR    /out/sourcedata/freesurfer
FREESURFER_HOME /opt/freesurfer
Loading source label.
Found 4181 points in source label.
Starting surface-based mapping
Reading source registration 
 /out/sourcedata/freesurfer/fsaverage/surf/lh.sphere.reg
Rescaling ...  original radius = 100
Reading target surface 
 /out/sourcedata/freesurfer/sub-v1s10x0051146_ses-1/surf/lh.white
Reading target registration 
 /out/sourcedata/freesurfer/sub-v1s10x0051146_ses-1/surf/lh.sphere.reg
Rescaling ...  original radius = 100
Building target registration hash (res=16).
Building source registration hash (res=16).
INFO: found  4181 nlabel points
Performing mapping from target back to the source label 148319
Number of reverse mapping hits = 116
Checking for and removing duplicates
Writing label file ./lh.BA44_exvivo.label 4297
mri_label2label: Done


 mri_label2label --srcsubject fsaverage --srclabel /out/sourcedata/freesurfer/fsaverage/label/lh.BA45_exvivo.label --trgsubject sub-v1s10x0051146_ses-1 --trglabel ./lh.BA45_exvivo.label --hemi lh --regmethod surface 


srclabel = /out/sourcedata/freesurfer/fsaverage/label/lh.BA45_exvivo.label
srcsubject = fsaverage
trgsubject = sub-v1s10x0051146_ses-1
trglabel = ./lh.BA45_exvivo.label
regmethod = surface

srchemi = lh
trghemi = lh
trgsurface = white
srcsurfreg = sphere.reg
trgsurfreg = sphere.reg
usehash = 1
Use ProjAbs  = 0, 0
Use ProjFrac = 0, 0
DoPaint 0

SUBJECTS_DIR    /out/sourcedata/freesurfer
FREESURFER_HOME /opt/freesurfer
Loading source label.
Found 3422 points in source label.
Starting surface-based mapping
Reading source registration 
 /out/sourcedata/freesurfer/fsaverage/surf/lh.sphere.reg
Rescaling ...  original radius = 100
Reading target surface 
 /out/sourcedata/freesurfer/sub-v1s10x0051146_ses-1/surf/lh.white
Reading target registration 
 /out/sourcedata/freesurfer/sub-v1s10x0051146_ses-1/surf/lh.sphere.reg
Rescaling ...  original radius = 100
Building target registration hash (res=16).
Building source registration hash (res=16).
INFO: found  3422 nlabel points
Performing mapping from target back to the source label 148319
Number of reverse mapping hits = 722
Checking for and removing duplicates
Writing label file ./lh.BA45_exvivo.label 4144
mri_label2label: Done


 mri_label2label --srcsubject fsaverage --srclabel /out/sourcedata/freesurfer/fsaverage/label/lh.V1_exvivo.label --trgsubject sub-v1s10x0051146_ses-1 --trglabel ./lh.V1_exvivo.label --hemi lh --regmethod surface 


srclabel = /out/sourcedata/freesurfer/fsaverage/label/lh.V1_exvivo.label
srcsubject = fsaverage
trgsubject = sub-v1s10x0051146_ses-1
trglabel = ./lh.V1_exvivo.label
regmethod = surface

srchemi = lh
trghemi = lh
trgsurface = white
srcsurfreg = sphere.reg
trgsurfreg = sphere.reg
usehash = 1
Use ProjAbs  = 0, 0
Use ProjFrac = 0, 0
DoPaint 0

SUBJECTS_DIR    /out/sourcedata/freesurfer
FREESURFER_HOME /opt/freesurfer
Loading source label.
Found 4641 points in source label.
Starting surface-based mapping
Reading source registration 
 /out/sourcedata/freesurfer/fsaverage/surf/lh.sphere.reg
Rescaling ...  original radius = 100
Reading target surface 
 /out/sourcedata/freesurfer/sub-v1s10x0051146_ses-1/surf/lh.white
Reading target registration 
 /out/sourcedata/freesurfer/sub-v1s10x0051146_ses-1/surf/lh.sphere.reg
Rescaling ...  original radius = 100
Building target registration hash (res=16).
Building source registration hash (res=16).
INFO: found  4641 nlabel points
Performing mapping from target back to the source label 148319
Number of reverse mapping hits = 971
Checking for and removing duplicates
Writing label file ./lh.V1_exvivo.label 5612
mri_label2label: Done


 mri_label2label --srcsubject fsaverage --srclabel /out/sourcedata/freesurfer/fsaverage/label/lh.V2_exvivo.label --trgsubject sub-v1s10x0051146_ses-1 --trglabel ./lh.V2_exvivo.label --hemi lh --regmethod surface 


srclabel = /out/sourcedata/freesurfer/fsaverage/label/lh.V2_exvivo.label
srcsubject = fsaverage
trgsubject = sub-v1s10x0051146_ses-1
trglabel = ./lh.V2_exvivo.label
regmethod = surface

srchemi = lh
trghemi = lh
trgsurface = white
srcsurfreg = sphere.reg
trgsurfreg = sphere.reg
usehash = 1
Use ProjAbs  = 0, 0
Use ProjFrac = 0, 0
DoPaint 0

SUBJECTS_DIR    /out/sourcedata/freesurfer
FREESURFER_HOME /opt/freesurfer
Loading source label.
Found 8114 points in source label.
Starting surface-based mapping
Reading source registration 
 /out/sourcedata/freesurfer/fsaverage/surf/lh.sphere.reg
Rescaling ...  original radius = 100
Reading target surface 
 /out/sourcedata/freesurfer/sub-v1s10x0051146_ses-1/surf/lh.white
Reading target registration 
 /out/sourcedata/freesurfer/sub-v1s10x0051146_ses-1/surf/lh.sphere.reg
Rescaling ...  original radius = 100
Building target registration hash (res=16).
Building source registration hash (res=16).
INFO: found  8114 nlabel points
Performing mapping from target back to the source label 148319
Number of reverse mapping hits = 2045
Checking for and removing duplicates
Writing label file ./lh.V2_exvivo.label 10159
mri_label2label: Done


 mri_label2label --srcsubject fsaverage --srclabel /out/sourcedata/freesurfer/fsaverage/label/lh.MT_exvivo.label --trgsubject sub-v1s10x0051146_ses-1 --trglabel ./lh.MT_exvivo.label --hemi lh --regmethod surface 


srclabel = /out/sourcedata/freesurfer/fsaverage/label/lh.MT_exvivo.label
srcsubject = fsaverage
trgsubject = sub-v1s10x0051146_ses-1
trglabel = ./lh.MT_exvivo.label
regmethod = surface

srchemi = lh
trghemi = lh
trgsurface = white
srcsurfreg = sphere.reg
trgsurfreg = sphere.reg
usehash = 1
Use ProjAbs  = 0, 0
Use ProjFrac = 0, 0
DoPaint 0

SUBJECTS_DIR    /out/sourcedata/freesurfer
FREESURFER_HOME /opt/freesurfer
Loading source label.
Found 2018 points in source label.
Starting surface-based mapping
Reading source registration 
 /out/sourcedata/freesurfer/fsaverage/surf/lh.sphere.reg
Rescaling ...  original radius = 100
Reading target surface 
 /out/sourcedata/freesurfer/sub-v1s10x0051146_ses-1/surf/lh.white
Reading target registration 
 /out/sourcedata/freesurfer/sub-v1s10x0051146_ses-1/surf/lh.sphere.reg
Rescaling ...  original radius = 100
Building target registration hash (res=16).
Building source registration hash (res=16).
INFO: found  2018 nlabel points
Performing mapping from target back to the source label 148319
Number of reverse mapping hits = 456
Checking for and removing duplicates
Writing label file ./lh.MT_exvivo.label 2474
mri_label2label: Done


 mri_label2label --srcsubject fsaverage --srclabel /out/sourcedata/freesurfer/fsaverage/label/lh.entorhinal_exvivo.label --trgsubject sub-v1s10x0051146_ses-1 --trglabel ./lh.entorhinal_exvivo.label --hemi lh --regmethod surface 


srclabel = /out/sourcedata/freesurfer/fsaverage/label/lh.entorhinal_exvivo.label
srcsubject = fsaverage
trgsubject = sub-v1s10x0051146_ses-1
trglabel = ./lh.entorhinal_exvivo.label
regmethod = surface

srchemi = lh
trghemi = lh
trgsurface = white
srcsurfreg = sphere.reg
trgsurfreg = sphere.reg
usehash = 1
Use ProjAbs  = 0, 0
Use ProjFrac = 0, 0
DoPaint 0

SUBJECTS_DIR    /out/sourcedata/freesurfer
FREESURFER_HOME /opt/freesurfer
Loading source label.
Found 1290 points in source label.
Starting surface-based mapping
Reading source registration 
 /out/sourcedata/freesurfer/fsaverage/surf/lh.sphere.reg
Rescaling ...  original radius = 100
Reading target surface 
 /out/sourcedata/freesurfer/sub-v1s10x0051146_ses-1/surf/lh.white
Reading target registration 
 /out/sourcedata/freesurfer/sub-v1s10x0051146_ses-1/surf/lh.sphere.reg
Rescaling ...  original radius = 100
Building target registration hash (res=16).
Building source registration hash (res=16).
INFO: found  1290 nlabel points
Performing mapping from target back to the source label 148319
Number of reverse mapping hits = 48
Checking for and removing duplicates
Writing label file ./lh.entorhinal_exvivo.label 1338
mri_label2label: Done


 mri_label2label --srcsubject fsaverage --srclabel /out/sourcedata/freesurfer/fsaverage/label/lh.perirhinal_exvivo.label --trgsubject sub-v1s10x0051146_ses-1 --trglabel ./lh.perirhinal_exvivo.label --hemi lh --regmethod surface 


srclabel = /out/sourcedata/freesurfer/fsaverage/label/lh.perirhinal_exvivo.label
srcsubject = fsaverage
trgsubject = sub-v1s10x0051146_ses-1
trglabel = ./lh.perirhinal_exvivo.label
regmethod = surface

srchemi = lh
trghemi = lh
trgsurface = white
srcsurfreg = sphere.reg
trgsurfreg = sphere.reg
usehash = 1
Use ProjAbs  = 0, 0
Use ProjFrac = 0, 0
DoPaint 0

SUBJECTS_DIR    /out/sourcedata/freesurfer
FREESURFER_HOME /opt/freesurfer
Loading source label.
Found 1199 points in source label.
Starting surface-based mapping
Reading source registration 
 /out/sourcedata/freesurfer/fsaverage/surf/lh.sphere.reg
Rescaling ...  original radius = 100
Reading target surface 
 /out/sourcedata/freesurfer/sub-v1s10x0051146_ses-1/surf/lh.white
Reading target registration 
 /out/sourcedata/freesurfer/sub-v1s10x0051146_ses-1/surf/lh.sphere.reg
Rescaling ...  original radius = 100
Building target registration hash (res=16).
Building source registration hash (res=16).
INFO: found  1199 nlabel points
Performing mapping from target back to the source label 148319
Number of reverse mapping hits = 32
Checking for and removing duplicates
Writing label file ./lh.perirhinal_exvivo.label 1231
mri_label2label: Done


 mri_label2label --srcsubject fsaverage --srclabel /out/sourcedata/freesurfer/fsaverage/label/lh.FG1.mpm.vpnl.label --trgsubject sub-v1s10x0051146_ses-1 --trglabel ./lh.FG1.mpm.vpnl.label --hemi lh --regmethod surface 


srclabel = /out/sourcedata/freesurfer/fsaverage/label/lh.FG1.mpm.vpnl.label
srcsubject = fsaverage
trgsubject = sub-v1s10x0051146_ses-1
trglabel = ./lh.FG1.mpm.vpnl.label
regmethod = surface

srchemi = lh
trghemi = lh
trgsurface = white
srcsurfreg = sphere.reg
trgsurfreg = sphere.reg
usehash = 1
Use ProjAbs  = 0, 0
Use ProjFrac = 0, 0
DoPaint 0

SUBJECTS_DIR    /out/sourcedata/freesurfer
FREESURFER_HOME /opt/freesurfer
Loading source label.
Found 414 points in source label.
Starting surface-based mapping
Reading source registration 
 /out/sourcedata/freesurfer/fsaverage/surf/lh.sphere.reg
Rescaling ...  original radius = 100
Reading target surface 
 /out/sourcedata/freesurfer/sub-v1s10x0051146_ses-1/surf/lh.white
Reading target registration 
 /out/sourcedata/freesurfer/sub-v1s10x0051146_ses-1/surf/lh.sphere.reg
Rescaling ...  original radius = 100
Building target registration hash (res=16).
Building source registration hash (res=16).
INFO: found  414 nlabel points
Performing mapping from target back to the source label 148319
Number of reverse mapping hits = 183
Checking for and removing duplicates
Writing label file ./lh.FG1.mpm.vpnl.label 597
mri_label2label: Done


 mri_label2label --srcsubject fsaverage --srclabel /out/sourcedata/freesurfer/fsaverage/label/lh.FG2.mpm.vpnl.label --trgsubject sub-v1s10x0051146_ses-1 --trglabel ./lh.FG2.mpm.vpnl.label --hemi lh --regmethod surface 


srclabel = /out/sourcedata/freesurfer/fsaverage/label/lh.FG2.mpm.vpnl.label
srcsubject = fsaverage
trgsubject = sub-v1s10x0051146_ses-1
trglabel = ./lh.FG2.mpm.vpnl.label
regmethod = surface

srchemi = lh
trghemi = lh
trgsurface = white
srcsurfreg = sphere.reg
trgsurfreg = sphere.reg
usehash = 1
Use ProjAbs  = 0, 0
Use ProjFrac = 0, 0
DoPaint 0

SUBJECTS_DIR    /out/sourcedata/freesurfer
FREESURFER_HOME /opt/freesurfer
Loading source label.
Found 703 points in source label.
Starting surface-based mapping
Reading source registration 
 /out/sourcedata/freesurfer/fsaverage/surf/lh.sphere.reg
Rescaling ...  original radius = 100
Reading target surface 
 /out/sourcedata/freesurfer/sub-v1s10x0051146_ses-1/surf/lh.white
Reading target registration 
 /out/sourcedata/freesurfer/sub-v1s10x0051146_ses-1/surf/lh.sphere.reg
Rescaling ...  original radius = 100
Building target registration hash (res=16).
Building source registration hash (res=16).
INFO: found  703 nlabel points
Performing mapping from target back to the source label 148319
Number of reverse mapping hits = 264
Checking for and removing duplicates
Writing label file ./lh.FG2.mpm.vpnl.label 967
mri_label2label: Done


 mri_label2label --srcsubject fsaverage --srclabel /out/sourcedata/freesurfer/fsaverage/label/lh.FG3.mpm.vpnl.label --trgsubject sub-v1s10x0051146_ses-1 --trglabel ./lh.FG3.mpm.vpnl.label --hemi lh --regmethod surface 


srclabel = /out/sourcedata/freesurfer/fsaverage/label/lh.FG3.mpm.vpnl.label
srcsubject = fsaverage
trgsubject = sub-v1s10x0051146_ses-1
trglabel = ./lh.FG3.mpm.vpnl.label
regmethod = surface

srchemi = lh
trghemi = lh
trgsurface = white
srcsurfreg = sphere.reg
trgsurfreg = sphere.reg
usehash = 1
Use ProjAbs  = 0, 0
Use ProjFrac = 0, 0
DoPaint 0

SUBJECTS_DIR    /out/sourcedata/freesurfer
FREESURFER_HOME /opt/freesurfer
Loading source label.
Found 1873 points in source label.
Starting surface-based mapping
Reading source registration 
 /out/sourcedata/freesurfer/fsaverage/surf/lh.sphere.reg
Rescaling ...  original radius = 100
Reading target surface 
 /out/sourcedata/freesurfer/sub-v1s10x0051146_ses-1/surf/lh.white
Reading target registration 
 /out/sourcedata/freesurfer/sub-v1s10x0051146_ses-1/surf/lh.sphere.reg
Rescaling ...  original radius = 100
Building target registration hash (res=16).
Building source registration hash (res=16).
INFO: found  1873 nlabel points
Performing mapping from target back to the source label 148319
Number of reverse mapping hits = 229
Checking for and removing duplicates
Writing label file ./lh.FG3.mpm.vpnl.label 2102
mri_label2label: Done


 mri_label2label --srcsubject fsaverage --srclabel /out/sourcedata/freesurfer/fsaverage/label/lh.FG4.mpm.vpnl.label --trgsubject sub-v1s10x0051146_ses-1 --trglabel ./lh.FG4.mpm.vpnl.label --hemi lh --regmethod surface 


srclabel = /out/sourcedata/freesurfer/fsaverage/label/lh.FG4.mpm.vpnl.label
srcsubject = fsaverage
trgsubject = sub-v1s10x0051146_ses-1
trglabel = ./lh.FG4.mpm.vpnl.label
regmethod = surface

srchemi = lh
trghemi = lh
trgsurface = white
srcsurfreg = sphere.reg
trgsurfreg = sphere.reg
usehash = 1
Use ProjAbs  = 0, 0
Use ProjFrac = 0, 0
DoPaint 0

SUBJECTS_DIR    /out/sourcedata/freesurfer
FREESURFER_HOME /opt/freesurfer
Loading source label.
Found 2101 points in source label.
Starting surface-based mapping
Reading source registration 
 /out/sourcedata/freesurfer/fsaverage/surf/lh.sphere.reg
Rescaling ...  original radius = 100
Reading target surface 
 /out/sourcedata/freesurfer/sub-v1s10x0051146_ses-1/surf/lh.white
Reading target registration 
 /out/sourcedata/freesurfer/sub-v1s10x0051146_ses-1/surf/lh.sphere.reg
Rescaling ...  original radius = 100
Building target registration hash (res=16).
Building source registration hash (res=16).
INFO: found  2101 nlabel points
Performing mapping from target back to the source label 148319
Number of reverse mapping hits = 455
Checking for and removing duplicates
Writing label file ./lh.FG4.mpm.vpnl.label 2556
mri_label2label: Done


 mri_label2label --srcsubject fsaverage --srclabel /out/sourcedata/freesurfer/fsaverage/label/lh.hOc1.mpm.vpnl.label --trgsubject sub-v1s10x0051146_ses-1 --trglabel ./lh.hOc1.mpm.vpnl.label --hemi lh --regmethod surface 


srclabel = /out/sourcedata/freesurfer/fsaverage/label/lh.hOc1.mpm.vpnl.label
srcsubject = fsaverage
trgsubject = sub-v1s10x0051146_ses-1
trglabel = ./lh.hOc1.mpm.vpnl.label
regmethod = surface

srchemi = lh
trghemi = lh
trgsurface = white
srcsurfreg = sphere.reg
trgsurfreg = sphere.reg
usehash = 1
Use ProjAbs  = 0, 0
Use ProjFrac = 0, 0
DoPaint 0

SUBJECTS_DIR    /out/sourcedata/freesurfer
FREESURFER_HOME /opt/freesurfer
Loading source label.
Found 3877 points in source label.
Starting surface-based mapping
Reading source registration 
 /out/sourcedata/freesurfer/fsaverage/surf/lh.sphere.reg
Rescaling ...  original radius = 100
Reading target surface 
 /out/sourcedata/freesurfer/sub-v1s10x0051146_ses-1/surf/lh.white
Reading target registration 
 /out/sourcedata/freesurfer/sub-v1s10x0051146_ses-1/surf/lh.sphere.reg
Rescaling ...  original radius = 100
Building target registration hash (res=16).
Building source registration hash (res=16).
INFO: found  3877 nlabel points
Performing mapping from target back to the source label 148319
Number of reverse mapping hits = 747
Checking for and removing duplicates
Writing label file ./lh.hOc1.mpm.vpnl.label 4624
mri_label2label: Done


 mri_label2label --srcsubject fsaverage --srclabel /out/sourcedata/freesurfer/fsaverage/label/lh.hOc2.mpm.vpnl.label --trgsubject sub-v1s10x0051146_ses-1 --trglabel ./lh.hOc2.mpm.vpnl.label --hemi lh --regmethod surface 


srclabel = /out/sourcedata/freesurfer/fsaverage/label/lh.hOc2.mpm.vpnl.label
srcsubject = fsaverage
trgsubject = sub-v1s10x0051146_ses-1
trglabel = ./lh.hOc2.mpm.vpnl.label
regmethod = surface

srchemi = lh
trghemi = lh
trgsurface = white
srcsurfreg = sphere.reg
trgsurfreg = sphere.reg
usehash = 1
Use ProjAbs  = 0, 0
Use ProjFrac = 0, 0
DoPaint 0

SUBJECTS_DIR    /out/sourcedata/freesurfer
FREESURFER_HOME /opt/freesurfer
Loading source label.
Found 2919 points in source label.
Starting surface-based mapping
Reading source registration 
 /out/sourcedata/freesurfer/fsaverage/surf/lh.sphere.reg
Rescaling ...  original radius = 100
Reading target surface 
 /out/sourcedata/freesurfer/sub-v1s10x0051146_ses-1/surf/lh.white
Reading target registration 
 /out/sourcedata/freesurfer/sub-v1s10x0051146_ses-1/surf/lh.sphere.reg
Rescaling ...  original radius = 100
Building target registration hash (res=16).
Building source registration hash (res=16).
INFO: found  2919 nlabel points
Performing mapping from target back to the source label 148319
Number of reverse mapping hits = 850
Checking for and removing duplicates
Writing label file ./lh.hOc2.mpm.vpnl.label 3769
mri_label2label: Done


 mri_label2label --srcsubject fsaverage --srclabel /out/sourcedata/freesurfer/fsaverage/label/lh.hOc3v.mpm.vpnl.label --trgsubject sub-v1s10x0051146_ses-1 --trglabel ./lh.hOc3v.mpm.vpnl.label --hemi lh --regmethod surface 


srclabel = /out/sourcedata/freesurfer/fsaverage/label/lh.hOc3v.mpm.vpnl.label
srcsubject = fsaverage
trgsubject = sub-v1s10x0051146_ses-1
trglabel = ./lh.hOc3v.mpm.vpnl.label
regmethod = surface

srchemi = lh
trghemi = lh
trgsurface = white
srcsurfreg = sphere.reg
trgsurfreg = sphere.reg
usehash = 1
Use ProjAbs  = 0, 0
Use ProjFrac = 0, 0
DoPaint 0

SUBJECTS_DIR    /out/sourcedata/freesurfer
FREESURFER_HOME /opt/freesurfer
Loading source label.
Found 1286 points in source label.
Starting surface-based mapping
Reading source registration 
 /out/sourcedata/freesurfer/fsaverage/surf/lh.sphere.reg
Rescaling ...  original radius = 100
Reading target surface 
 /out/sourcedata/freesurfer/sub-v1s10x0051146_ses-1/surf/lh.white
Reading target registration 
 /out/sourcedata/freesurfer/sub-v1s10x0051146_ses-1/surf/lh.sphere.reg
Rescaling ...  original radius = 100
Building target registration hash (res=16).
Building source registration hash (res=16).
INFO: found  1286 nlabel points
Performing mapping from target back to the source label 148319
Number of reverse mapping hits = 411
Checking for and removing duplicates
Writing label file ./lh.hOc3v.mpm.vpnl.label 1697
mri_label2label: Done


 mri_label2label --srcsubject fsaverage --srclabel /out/sourcedata/freesurfer/fsaverage/label/lh.hOc4v.mpm.vpnl.label --trgsubject sub-v1s10x0051146_ses-1 --trglabel ./lh.hOc4v.mpm.vpnl.label --hemi lh --regmethod surface 


srclabel = /out/sourcedata/freesurfer/fsaverage/label/lh.hOc4v.mpm.vpnl.label
srcsubject = fsaverage
trgsubject = sub-v1s10x0051146_ses-1
trglabel = ./lh.hOc4v.mpm.vpnl.label
regmethod = surface

srchemi = lh
trghemi = lh
trgsurface = white
srcsurfreg = sphere.reg
trgsurfreg = sphere.reg
usehash = 1
Use ProjAbs  = 0, 0
Use ProjFrac = 0, 0
DoPaint 0

SUBJECTS_DIR    /out/sourcedata/freesurfer
FREESURFER_HOME /opt/freesurfer
Loading source label.
Found 1006 points in source label.
Starting surface-based mapping
Reading source registration 
 /out/sourcedata/freesurfer/fsaverage/surf/lh.sphere.reg
Rescaling ...  original radius = 100
Reading target surface 
 /out/sourcedata/freesurfer/sub-v1s10x0051146_ses-1/surf/lh.white
Reading target registration 
 /out/sourcedata/freesurfer/sub-v1s10x0051146_ses-1/surf/lh.sphere.reg
Rescaling ...  original radius = 100
Building target registration hash (res=16).
Building source registration hash (res=16).
INFO: found  1006 nlabel points
Performing mapping from target back to the source label 148319
Number of reverse mapping hits = 381
Checking for and removing duplicates
Writing label file ./lh.hOc4v.mpm.vpnl.label 1387
mri_label2label: Done


 mris_label2annot --s sub-v1s10x0051146_ses-1 --ctab /opt/freesurfer/average/colortable_vpnl.txt --hemi lh --a mpm.vpnl --maxstatwinner --noverbose --l lh.FG1.mpm.vpnl.label --l lh.FG2.mpm.vpnl.label --l lh.FG3.mpm.vpnl.label --l lh.FG4.mpm.vpnl.label --l lh.hOc1.mpm.vpnl.label --l lh.hOc2.mpm.vpnl.label --l lh.hOc3v.mpm.vpnl.label --l lh.hOc4v.mpm.vpnl.label 

Reading ctab /opt/freesurfer/average/colortable_vpnl.txt
Number of ctab entries 9

7.3.2
cwd /out/sourcedata/freesurfer/sub-v1s10x0051146_ses-1/label
cmdline mris_label2annot --s sub-v1s10x0051146_ses-1 --ctab /opt/freesurfer/average/colortable_vpnl.txt --hemi lh --a mpm.vpnl --maxstatwinner --noverbose --l lh.FG1.mpm.vpnl.label --l lh.FG2.mpm.vpnl.label --l lh.FG3.mpm.vpnl.label --l lh.FG4.mpm.vpnl.label --l lh.hOc1.mpm.vpnl.label --l lh.hOc2.mpm.vpnl.label --l lh.hOc3v.mpm.vpnl.label --l lh.hOc4v.mpm.vpnl.label 
sysname  Linux
hostname dna088
machine  x86_64
user     oesteban

subject sub-v1s10x0051146_ses-1
hemi    lh
SUBJECTS_DIR /out/sourcedata/freesurfer
ColorTable /opt/freesurfer/average/colortable_vpnl.txt
AnnotName  mpm.vpnl
nlables 8
LabelThresh 0 0.000000
Loading /out/sourcedata/freesurfer/sub-v1s10x0051146_ses-1/surf/lh.orig
 1 1376057 FG1
 2 16711935 FG2
 3 16711680 FG3
 4 1705837 FG4
 5 25600 hOc1
 6 255 hOc2
 7 16776960 hOc3v
 8 65535 hOc4v
Mapping unhit to unknown
Found 132106 unhit vertices
Writing annot to /out/sourcedata/freesurfer/sub-v1s10x0051146_ses-1/label/lh.mpm.vpnl.annot

 mri_label2label --srcsubject fsaverage --srclabel /out/sourcedata/freesurfer/fsaverage/label/lh.BA1_exvivo.thresh.label --trgsubject sub-v1s10x0051146_ses-1 --trglabel ./lh.BA1_exvivo.thresh.label --hemi lh --regmethod surface 


srclabel = /out/sourcedata/freesurfer/fsaverage/label/lh.BA1_exvivo.thresh.label
srcsubject = fsaverage
trgsubject = sub-v1s10x0051146_ses-1
trglabel = ./lh.BA1_exvivo.thresh.label
regmethod = surface

srchemi = lh
trghemi = lh
trgsurface = white
srcsurfreg = sphere.reg
trgsurfreg = sphere.reg
usehash = 1
Use ProjAbs  = 0, 0
Use ProjFrac = 0, 0
DoPaint 0

SUBJECTS_DIR    /out/sourcedata/freesurfer
FREESURFER_HOME /opt/freesurfer
Loading source label.
Found 1014 points in source label.
Starting surface-based mapping
Reading source registration 
 /out/sourcedata/freesurfer/fsaverage/surf/lh.sphere.reg
Rescaling ...  original radius = 100
Reading target surface 
 /out/sourcedata/freesurfer/sub-v1s10x0051146_ses-1/surf/lh.white
Reading target registration 
 /out/sourcedata/freesurfer/sub-v1s10x0051146_ses-1/surf/lh.sphere.reg
Rescaling ...  original radius = 100
Building target registration hash (res=16).
Building source registration hash (res=16).
INFO: found  1014 nlabel points
Performing mapping from target back to the source label 148319
Number of reverse mapping hits = 103
Checking for and removing duplicates
Writing label file ./lh.BA1_exvivo.thresh.label 1117
mri_label2label: Done


 mri_label2label --srcsubject fsaverage --srclabel /out/sourcedata/freesurfer/fsaverage/label/lh.BA2_exvivo.thresh.label --trgsubject sub-v1s10x0051146_ses-1 --trglabel ./lh.BA2_exvivo.thresh.label --hemi lh --regmethod surface 


srclabel = /out/sourcedata/freesurfer/fsaverage/label/lh.BA2_exvivo.thresh.label
srcsubject = fsaverage
trgsubject = sub-v1s10x0051146_ses-1
trglabel = ./lh.BA2_exvivo.thresh.label
regmethod = surface

srchemi = lh
trghemi = lh
trgsurface = white
srcsurfreg = sphere.reg
trgsurfreg = sphere.reg
usehash = 1
Use ProjAbs  = 0, 0
Use ProjFrac = 0, 0
DoPaint 0

SUBJECTS_DIR    /out/sourcedata/freesurfer
FREESURFER_HOME /opt/freesurfer
Loading source label.
Found 2092 points in source label.
Starting surface-based mapping
Reading source registration 
 /out/sourcedata/freesurfer/fsaverage/surf/lh.sphere.reg
Rescaling ...  original radius = 100
Reading target surface 
 /out/sourcedata/freesurfer/sub-v1s10x0051146_ses-1/surf/lh.white
Reading target registration 
 /out/sourcedata/freesurfer/sub-v1s10x0051146_ses-1/surf/lh.sphere.reg
Rescaling ...  original radius = 100
Building target registration hash (res=16).
Building source registration hash (res=16).
INFO: found  2092 nlabel points
Performing mapping from target back to the source label 148319
Number of reverse mapping hits = 304
Checking for and removing duplicates
Writing label file ./lh.BA2_exvivo.thresh.label 2396
mri_label2label: Done


 mri_label2label --srcsubject fsaverage --srclabel /out/sourcedata/freesurfer/fsaverage/label/lh.BA3a_exvivo.thresh.label --trgsubject sub-v1s10x0051146_ses-1 --trglabel ./lh.BA3a_exvivo.thresh.label --hemi lh --regmethod surface 


srclabel = /out/sourcedata/freesurfer/fsaverage/label/lh.BA3a_exvivo.thresh.label
srcsubject = fsaverage
trgsubject = sub-v1s10x0051146_ses-1
trglabel = ./lh.BA3a_exvivo.thresh.label
regmethod = surface

srchemi = lh
trghemi = lh
trgsurface = white
srcsurfreg = sphere.reg
trgsurfreg = sphere.reg
usehash = 1
Use ProjAbs  = 0, 0
Use ProjFrac = 0, 0
DoPaint 0

SUBJECTS_DIR    /out/sourcedata/freesurfer
FREESURFER_HOME /opt/freesurfer
Loading source label.
Found 1504 points in source label.
Starting surface-based mapping
Reading source registration 
 /out/sourcedata/freesurfer/fsaverage/surf/lh.sphere.reg
Rescaling ...  original radius = 100
Reading target surface 
 /out/sourcedata/freesurfer/sub-v1s10x0051146_ses-1/surf/lh.white
Reading target registration 
 /out/sourcedata/freesurfer/sub-v1s10x0051146_ses-1/surf/lh.sphere.reg
Rescaling ...  original radius = 100
Building target registration hash (res=16).
Building source registration hash (res=16).
INFO: found  1504 nlabel points
Performing mapping from target back to the source label 148319
Number of reverse mapping hits = 22
Checking for and removing duplicates
Writing label file ./lh.BA3a_exvivo.thresh.label 1526
mri_label2label: Done


 mri_label2label --srcsubject fsaverage --srclabel /out/sourcedata/freesurfer/fsaverage/label/lh.BA3b_exvivo.thresh.label --trgsubject sub-v1s10x0051146_ses-1 --trglabel ./lh.BA3b_exvivo.thresh.label --hemi lh --regmethod surface 


srclabel = /out/sourcedata/freesurfer/fsaverage/label/lh.BA3b_exvivo.thresh.label
srcsubject = fsaverage
trgsubject = sub-v1s10x0051146_ses-1
trglabel = ./lh.BA3b_exvivo.thresh.label
regmethod = surface

srchemi = lh
trghemi = lh
trgsurface = white
srcsurfreg = sphere.reg
trgsurfreg = sphere.reg
usehash = 1
Use ProjAbs  = 0, 0
Use ProjFrac = 0, 0
DoPaint 0

SUBJECTS_DIR    /out/sourcedata/freesurfer
FREESURFER_HOME /opt/freesurfer
Loading source label.
Found 1996 points in source label.
Starting surface-based mapping
Reading source registration 
 /out/sourcedata/freesurfer/fsaverage/surf/lh.sphere.reg
Rescaling ...  original radius = 100
Reading target surface 
 /out/sourcedata/freesurfer/sub-v1s10x0051146_ses-1/surf/lh.white
Reading target registration 
 /out/sourcedata/freesurfer/sub-v1s10x0051146_ses-1/surf/lh.sphere.reg
Rescaling ...  original radius = 100
Building target registration hash (res=16).
Building source registration hash (res=16).
INFO: found  1996 nlabel points
Performing mapping from target back to the source label 148319
Number of reverse mapping hits = 138
Checking for and removing duplicates
Writing label file ./lh.BA3b_exvivo.thresh.label 2134
mri_label2label: Done


 mri_label2label --srcsubject fsaverage --srclabel /out/sourcedata/freesurfer/fsaverage/label/lh.BA4a_exvivo.thresh.label --trgsubject sub-v1s10x0051146_ses-1 --trglabel ./lh.BA4a_exvivo.thresh.label --hemi lh --regmethod surface 


srclabel = /out/sourcedata/freesurfer/fsaverage/label/lh.BA4a_exvivo.thresh.label
srcsubject = fsaverage
trgsubject = sub-v1s10x0051146_ses-1
trglabel = ./lh.BA4a_exvivo.thresh.label
regmethod = surface

srchemi = lh
trghemi = lh
trgsurface = white
srcsurfreg = sphere.reg
trgsurfreg = sphere.reg
usehash = 1
Use ProjAbs  = 0, 0
Use ProjFrac = 0, 0
DoPaint 0

SUBJECTS_DIR    /out/sourcedata/freesurfer
FREESURFER_HOME /opt/freesurfer
Loading source label.
Found 2319 points in source label.
Starting surface-based mapping
Reading source registration 
 /out/sourcedata/freesurfer/fsaverage/surf/lh.sphere.reg
Rescaling ...  original radius = 100
Reading target surface 
 /out/sourcedata/freesurfer/sub-v1s10x0051146_ses-1/surf/lh.white
Reading target registration 
 /out/sourcedata/freesurfer/sub-v1s10x0051146_ses-1/surf/lh.sphere.reg
Rescaling ...  original radius = 100
Building target registration hash (res=16).
Building source registration hash (res=16).
INFO: found  2319 nlabel points
Performing mapping from target back to the source label 148319
Number of reverse mapping hits = 267
Checking for and removing duplicates
Writing label file ./lh.BA4a_exvivo.thresh.label 2586
mri_label2label: Done


 mri_label2label --srcsubject fsaverage --srclabel /out/sourcedata/freesurfer/fsaverage/label/lh.BA4p_exvivo.thresh.label --trgsubject sub-v1s10x0051146_ses-1 --trglabel ./lh.BA4p_exvivo.thresh.label --hemi lh --regmethod surface 


srclabel = /out/sourcedata/freesurfer/fsaverage/label/lh.BA4p_exvivo.thresh.label
srcsubject = fsaverage
trgsubject = sub-v1s10x0051146_ses-1
trglabel = ./lh.BA4p_exvivo.thresh.label
regmethod = surface

srchemi = lh
trghemi = lh
trgsurface = white
srcsurfreg = sphere.reg
trgsurfreg = sphere.reg
usehash = 1
Use ProjAbs  = 0, 0
Use ProjFrac = 0, 0
DoPaint 0

SUBJECTS_DIR    /out/sourcedata/freesurfer
FREESURFER_HOME /opt/freesurfer
Loading source label.
Found 1549 points in source label.
Starting surface-based mapping
Reading source registration 
 /out/sourcedata/freesurfer/fsaverage/surf/lh.sphere.reg
Rescaling ...  original radius = 100
Reading target surface 
 /out/sourcedata/freesurfer/sub-v1s10x0051146_ses-1/surf/lh.white
Reading target registration 
 /out/sourcedata/freesurfer/sub-v1s10x0051146_ses-1/surf/lh.sphere.reg
Rescaling ...  original radius = 100
Building target registration hash (res=16).
Building source registration hash (res=16).
INFO: found  1549 nlabel points
Performing mapping from target back to the source label 148319
Number of reverse mapping hits = 93
Checking for and removing duplicates
Writing label file ./lh.BA4p_exvivo.thresh.label 1642
mri_label2label: Done


 mri_label2label --srcsubject fsaverage --srclabel /out/sourcedata/freesurfer/fsaverage/label/lh.BA6_exvivo.thresh.label --trgsubject sub-v1s10x0051146_ses-1 --trglabel ./lh.BA6_exvivo.thresh.label --hemi lh --regmethod surface 


srclabel = /out/sourcedata/freesurfer/fsaverage/label/lh.BA6_exvivo.thresh.label
srcsubject = fsaverage
trgsubject = sub-v1s10x0051146_ses-1
trglabel = ./lh.BA6_exvivo.thresh.label
regmethod = surface

srchemi = lh
trghemi = lh
trgsurface = white
srcsurfreg = sphere.reg
trgsurfreg = sphere.reg
usehash = 1
Use ProjAbs  = 0, 0
Use ProjFrac = 0, 0
DoPaint 0

SUBJECTS_DIR    /out/sourcedata/freesurfer
FREESURFER_HOME /opt/freesurfer
Loading source label.
Found 7035 points in source label.
Starting surface-based mapping
Reading source registration 
 /out/sourcedata/freesurfer/fsaverage/surf/lh.sphere.reg
Rescaling ...  original radius = 100
Reading target surface 
 /out/sourcedata/freesurfer/sub-v1s10x0051146_ses-1/surf/lh.white
Reading target registration 
 /out/sourcedata/freesurfer/sub-v1s10x0051146_ses-1/surf/lh.sphere.reg
Rescaling ...  original radius = 100
Building target registration hash (res=16).
Building source registration hash (res=16).
INFO: found  7035 nlabel points
Performing mapping from target back to the source label 148319
Number of reverse mapping hits = 745
Checking for and removing duplicates
Writing label file ./lh.BA6_exvivo.thresh.label 7780
mri_label2label: Done


 mri_label2label --srcsubject fsaverage --srclabel /out/sourcedata/freesurfer/fsaverage/label/lh.BA44_exvivo.thresh.label --trgsubject sub-v1s10x0051146_ses-1 --trglabel ./lh.BA44_exvivo.thresh.label --hemi lh --regmethod surface 


srclabel = /out/sourcedata/freesurfer/fsaverage/label/lh.BA44_exvivo.thresh.label
srcsubject = fsaverage
trgsubject = sub-v1s10x0051146_ses-1
trglabel = ./lh.BA44_exvivo.thresh.label
regmethod = surface

srchemi = lh
trghemi = lh
trgsurface = white
srcsurfreg = sphere.reg
trgsurfreg = sphere.reg
usehash = 1
Use ProjAbs  = 0, 0
Use ProjFrac = 0, 0
DoPaint 0

SUBJECTS_DIR    /out/sourcedata/freesurfer
FREESURFER_HOME /opt/freesurfer
Loading source label.
Found 1912 points in source label.
Starting surface-based mapping
Reading source registration 
 /out/sourcedata/freesurfer/fsaverage/surf/lh.sphere.reg
Rescaling ...  original radius = 100
Reading target surface 
 /out/sourcedata/freesurfer/sub-v1s10x0051146_ses-1/surf/lh.white
Reading target registration 
 /out/sourcedata/freesurfer/sub-v1s10x0051146_ses-1/surf/lh.sphere.reg
Rescaling ...  original radius = 100
Building target registration hash (res=16).
Building source registration hash (res=16).
INFO: found  1912 nlabel points
Performing mapping from target back to the source label 148319
Number of reverse mapping hits = 39
Checking for and removing duplicates
Writing label file ./lh.BA44_exvivo.thresh.label 1951
mri_label2label: Done


 mri_label2label --srcsubject fsaverage --srclabel /out/sourcedata/freesurfer/fsaverage/label/lh.BA45_exvivo.thresh.label --trgsubject sub-v1s10x0051146_ses-1 --trglabel ./lh.BA45_exvivo.thresh.label --hemi lh --regmethod surface 


srclabel = /out/sourcedata/freesurfer/fsaverage/label/lh.BA45_exvivo.thresh.label
srcsubject = fsaverage
trgsubject = sub-v1s10x0051146_ses-1
trglabel = ./lh.BA45_exvivo.thresh.label
regmethod = surface

srchemi = lh
trghemi = lh
trgsurface = white
srcsurfreg = sphere.reg
trgsurfreg = sphere.reg
usehash = 1
Use ProjAbs  = 0, 0
Use ProjFrac = 0, 0
DoPaint 0

SUBJECTS_DIR    /out/sourcedata/freesurfer
FREESURFER_HOME /opt/freesurfer
Loading source label.
Found 1151 points in source label.
Starting surface-based mapping
Reading source registration 
 /out/sourcedata/freesurfer/fsaverage/surf/lh.sphere.reg
Rescaling ...  original radius = 100
Reading target surface 
 /out/sourcedata/freesurfer/sub-v1s10x0051146_ses-1/surf/lh.white
Reading target registration 
 /out/sourcedata/freesurfer/sub-v1s10x0051146_ses-1/surf/lh.sphere.reg
Rescaling ...  original radius = 100
Building target registration hash (res=16).
Building source registration hash (res=16).
INFO: found  1151 nlabel points
Performing mapping from target back to the source label 148319
Number of reverse mapping hits = 287
Checking for and removing duplicates
Writing label file ./lh.BA45_exvivo.thresh.label 1438
mri_label2label: Done


 mri_label2label --srcsubject fsaverage --srclabel /out/sourcedata/freesurfer/fsaverage/label/lh.V1_exvivo.thresh.label --trgsubject sub-v1s10x0051146_ses-1 --trglabel ./lh.V1_exvivo.thresh.label --hemi lh --regmethod surface 


srclabel = /out/sourcedata/freesurfer/fsaverage/label/lh.V1_exvivo.thresh.label
srcsubject = fsaverage
trgsubject = sub-v1s10x0051146_ses-1
trglabel = ./lh.V1_exvivo.thresh.label
regmethod = surface

srchemi = lh
trghemi = lh
trgsurface = white
srcsurfreg = sphere.reg
trgsurfreg = sphere.reg
usehash = 1
Use ProjAbs  = 0, 0
Use ProjFrac = 0, 0
DoPaint 0

SUBJECTS_DIR    /out/sourcedata/freesurfer
FREESURFER_HOME /opt/freesurfer
Loading source label.
Found 3405 points in source label.
Starting surface-based mapping
Reading source registration 
 /out/sourcedata/freesurfer/fsaverage/surf/lh.sphere.reg
Rescaling ...  original radius = 100
Reading target surface 
 /out/sourcedata/freesurfer/sub-v1s10x0051146_ses-1/surf/lh.white
Reading target registration 
 /out/sourcedata/freesurfer/sub-v1s10x0051146_ses-1/surf/lh.sphere.reg
Rescaling ...  original radius = 100
Building target registration hash (res=16).
Building source registration hash (res=16).
INFO: found  3405 nlabel points
Performing mapping from target back to the source label 148319
Number of reverse mapping hits = 670
Checking for and removing duplicates
Writing label file ./lh.V1_exvivo.thresh.label 4075
mri_label2label: Done


 mri_label2label --srcsubject fsaverage --srclabel /out/sourcedata/freesurfer/fsaverage/label/lh.V2_exvivo.thresh.label --trgsubject sub-v1s10x0051146_ses-1 --trglabel ./lh.V2_exvivo.thresh.label --hemi lh --regmethod surface 


srclabel = /out/sourcedata/freesurfer/fsaverage/label/lh.V2_exvivo.thresh.label
srcsubject = fsaverage
trgsubject = sub-v1s10x0051146_ses-1
trglabel = ./lh.V2_exvivo.thresh.label
regmethod = surface

srchemi = lh
trghemi = lh
trgsurface = white
srcsurfreg = sphere.reg
trgsurfreg = sphere.reg
usehash = 1
Use ProjAbs  = 0, 0
Use ProjFrac = 0, 0
DoPaint 0

SUBJECTS_DIR    /out/sourcedata/freesurfer
FREESURFER_HOME /opt/freesurfer
Loading source label.
Found 3334 points in source label.
Starting surface-based mapping
Reading source registration 
 /out/sourcedata/freesurfer/fsaverage/surf/lh.sphere.reg
Rescaling ...  original radius = 100
Reading target surface 
 /out/sourcedata/freesurfer/sub-v1s10x0051146_ses-1/surf/lh.white
Reading target registration 
 /out/sourcedata/freesurfer/sub-v1s10x0051146_ses-1/surf/lh.sphere.reg
Rescaling ...  original radius = 100
Building target registration hash (res=16).
Building source registration hash (res=16).
INFO: found  3334 nlabel points
Performing mapping from target back to the source label 148319
Number of reverse mapping hits = 890
Checking for and removing duplicates
Writing label file ./lh.V2_exvivo.thresh.label 4224
mri_label2label: Done


 mri_label2label --srcsubject fsaverage --srclabel /out/sourcedata/freesurfer/fsaverage/label/lh.MT_exvivo.thresh.label --trgsubject sub-v1s10x0051146_ses-1 --trglabel ./lh.MT_exvivo.thresh.label --hemi lh --regmethod surface 


srclabel = /out/sourcedata/freesurfer/fsaverage/label/lh.MT_exvivo.thresh.label
srcsubject = fsaverage
trgsubject = sub-v1s10x0051146_ses-1
trglabel = ./lh.MT_exvivo.thresh.label
regmethod = surface

srchemi = lh
trghemi = lh
trgsurface = white
srcsurfreg = sphere.reg
trgsurfreg = sphere.reg
usehash = 1
Use ProjAbs  = 0, 0
Use ProjFrac = 0, 0
DoPaint 0

SUBJECTS_DIR    /out/sourcedata/freesurfer
FREESURFER_HOME /opt/freesurfer
Loading source label.
Found 513 points in source label.
Starting surface-based mapping
Reading source registration 
 /out/sourcedata/freesurfer/fsaverage/surf/lh.sphere.reg
Rescaling ...  original radius = 100
Reading target surface 
 /out/sourcedata/freesurfer/sub-v1s10x0051146_ses-1/surf/lh.white
Reading target registration 
 /out/sourcedata/freesurfer/sub-v1s10x0051146_ses-1/surf/lh.sphere.reg
Rescaling ...  original radius = 100
Building target registration hash (res=16).
Building source registration hash (res=16).
INFO: found  513 nlabel points
Performing mapping from target back to the source label 148319
Number of reverse mapping hits = 98
Checking for and removing duplicates
Writing label file ./lh.MT_exvivo.thresh.label 611
mri_label2label: Done


 mri_label2label --srcsubject fsaverage --srclabel /out/sourcedata/freesurfer/fsaverage/label/lh.entorhinal_exvivo.thresh.label --trgsubject sub-v1s10x0051146_ses-1 --trglabel ./lh.entorhinal_exvivo.thresh.label --hemi lh --regmethod surface 


srclabel = /out/sourcedata/freesurfer/fsaverage/label/lh.entorhinal_exvivo.thresh.label
srcsubject = fsaverage
trgsubject = sub-v1s10x0051146_ses-1
trglabel = ./lh.entorhinal_exvivo.thresh.label
regmethod = surface

srchemi = lh
trghemi = lh
trgsurface = white
srcsurfreg = sphere.reg
trgsurfreg = sphere.reg
usehash = 1
Use ProjAbs  = 0, 0
Use ProjFrac = 0, 0
DoPaint 0

SUBJECTS_DIR    /out/sourcedata/freesurfer
FREESURFER_HOME /opt/freesurfer
Loading source label.
Found 470 points in source label.
Starting surface-based mapping
Reading source registration 
 /out/sourcedata/freesurfer/fsaverage/surf/lh.sphere.reg
Rescaling ...  original radius = 100
Reading target surface 
 /out/sourcedata/freesurfer/sub-v1s10x0051146_ses-1/surf/lh.white
Reading target registration 
 /out/sourcedata/freesurfer/sub-v1s10x0051146_ses-1/surf/lh.sphere.reg
Rescaling ...  original radius = 100
Building target registration hash (res=16).
Building source registration hash (res=16).
INFO: found  470 nlabel points
Performing mapping from target back to the source label 148319
Number of reverse mapping hits = 25
Checking for and removing duplicates
Writing label file ./lh.entorhinal_exvivo.thresh.label 495
mri_label2label: Done


 mri_label2label --srcsubject fsaverage --srclabel /out/sourcedata/freesurfer/fsaverage/label/lh.perirhinal_exvivo.thresh.label --trgsubject sub-v1s10x0051146_ses-1 --trglabel ./lh.perirhinal_exvivo.thresh.label --hemi lh --regmethod surface 


srclabel = /out/sourcedata/freesurfer/fsaverage/label/lh.perirhinal_exvivo.thresh.label
srcsubject = fsaverage
trgsubject = sub-v1s10x0051146_ses-1
trglabel = ./lh.perirhinal_exvivo.thresh.label
regmethod = surface

srchemi = lh
trghemi = lh
trgsurface = white
srcsurfreg = sphere.reg
trgsurfreg = sphere.reg
usehash = 1
Use ProjAbs  = 0, 0
Use ProjFrac = 0, 0
DoPaint 0

SUBJECTS_DIR    /out/sourcedata/freesurfer
FREESURFER_HOME /opt/freesurfer
Loading source label.
Found 450 points in source label.
Starting surface-based mapping
Reading source registration 
 /out/sourcedata/freesurfer/fsaverage/surf/lh.sphere.reg
Rescaling ...  original radius = 100
Reading target surface 
 /out/sourcedata/freesurfer/sub-v1s10x0051146_ses-1/surf/lh.white
Reading target registration 
 /out/sourcedata/freesurfer/sub-v1s10x0051146_ses-1/surf/lh.sphere.reg
Rescaling ...  original radius = 100
Building target registration hash (res=16).
Building source registration hash (res=16).
INFO: found  450 nlabel points
Performing mapping from target back to the source label 148319
Number of reverse mapping hits = 3
Checking for and removing duplicates
Writing label file ./lh.perirhinal_exvivo.thresh.label 453
mri_label2label: Done


 mris_label2annot --s sub-v1s10x0051146_ses-1 --hemi lh --ctab /opt/freesurfer/average/colortable_BA.txt --l lh.BA1_exvivo.label --l lh.BA2_exvivo.label --l lh.BA3a_exvivo.label --l lh.BA3b_exvivo.label --l lh.BA4a_exvivo.label --l lh.BA4p_exvivo.label --l lh.BA6_exvivo.label --l lh.BA44_exvivo.label --l lh.BA45_exvivo.label --l lh.V1_exvivo.label --l lh.V2_exvivo.label --l lh.MT_exvivo.label --l lh.perirhinal_exvivo.label --l lh.entorhinal_exvivo.label --a BA_exvivo --maxstatwinner --noverbose 

Reading ctab /opt/freesurfer/average/colortable_BA.txt
Number of ctab entries 15

7.3.2
cwd /out/sourcedata/freesurfer/sub-v1s10x0051146_ses-1/label
cmdline mris_label2annot --s sub-v1s10x0051146_ses-1 --hemi lh --ctab /opt/freesurfer/average/colortable_BA.txt --l lh.BA1_exvivo.label --l lh.BA2_exvivo.label --l lh.BA3a_exvivo.label --l lh.BA3b_exvivo.label --l lh.BA4a_exvivo.label --l lh.BA4p_exvivo.label --l lh.BA6_exvivo.label --l lh.BA44_exvivo.label --l lh.BA45_exvivo.label --l lh.V1_exvivo.label --l lh.V2_exvivo.label --l lh.MT_exvivo.label --l lh.perirhinal_exvivo.label --l lh.entorhinal_exvivo.label --a BA_exvivo --maxstatwinner --noverbose 
sysname  Linux
hostname dna088
machine  x86_64
user     oesteban

subject sub-v1s10x0051146_ses-1
hemi    lh
SUBJECTS_DIR /out/sourcedata/freesurfer
ColorTable /opt/freesurfer/average/colortable_BA.txt
AnnotName  BA_exvivo
nlables 14
LabelThresh 0 0.000000
Loading /out/sourcedata/freesurfer/sub-v1s10x0051146_ses-1/surf/lh.orig
 1 1530880 BA1_exvivo
 2 16749699 BA2_exvivo
 3 16711680 BA3a_exvivo
 4 3368703 BA3b_exvivo
 5 1376196 BA4a_exvivo
 6 13382655 BA4p_exvivo
 7 10036737 BA6_exvivo
 8 2490521 BA44_exvivo
 9 39283 BA45_exvivo
10 3993 V1_exvivo
11 8508928 V2_exvivo
12 10027163 MT_exvivo
13 16422433 perirhinal_exvivo
14 16392598 entorhinal_exvivo
Mapping unhit to unknown
Found 103393 unhit vertices
Writing annot to /out/sourcedata/freesurfer/sub-v1s10x0051146_ses-1/label/lh.BA_exvivo.annot

 mris_label2annot --s sub-v1s10x0051146_ses-1 --hemi lh --ctab /opt/freesurfer/average/colortable_BA.txt --l lh.BA1_exvivo.thresh.label --l lh.BA2_exvivo.thresh.label --l lh.BA3a_exvivo.thresh.label --l lh.BA3b_exvivo.thresh.label --l lh.BA4a_exvivo.thresh.label --l lh.BA4p_exvivo.thresh.label --l lh.BA6_exvivo.thresh.label --l lh.BA44_exvivo.thresh.label --l lh.BA45_exvivo.thresh.label --l lh.V1_exvivo.thresh.label --l lh.V2_exvivo.thresh.label --l lh.MT_exvivo.thresh.label --l lh.perirhinal_exvivo.thresh.label --l lh.entorhinal_exvivo.thresh.label --a BA_exvivo.thresh --maxstatwinner --noverbose 

Reading ctab /opt/freesurfer/average/colortable_BA.txt
Number of ctab entries 15

7.3.2
cwd /out/sourcedata/freesurfer/sub-v1s10x0051146_ses-1/label
cmdline mris_label2annot --s sub-v1s10x0051146_ses-1 --hemi lh --ctab /opt/freesurfer/average/colortable_BA.txt --l lh.BA1_exvivo.thresh.label --l lh.BA2_exvivo.thresh.label --l lh.BA3a_exvivo.thresh.label --l lh.BA3b_exvivo.thresh.label --l lh.BA4a_exvivo.thresh.label --l lh.BA4p_exvivo.thresh.label --l lh.BA6_exvivo.thresh.label --l lh.BA44_exvivo.thresh.label --l lh.BA45_exvivo.thresh.label --l lh.V1_exvivo.thresh.label --l lh.V2_exvivo.thresh.label --l lh.MT_exvivo.thresh.label --l lh.perirhinal_exvivo.thresh.label --l lh.entorhinal_exvivo.thresh.label --a BA_exvivo.thresh --maxstatwinner --noverbose 
sysname  Linux
hostname dna088
machine  x86_64
user     oesteban

subject sub-v1s10x0051146_ses-1
hemi    lh
SUBJECTS_DIR /out/sourcedata/freesurfer
ColorTable /opt/freesurfer/average/colortable_BA.txt
AnnotName  BA_exvivo.thresh
nlables 14
LabelThresh 0 0.000000
Loading /out/sourcedata/freesurfer/sub-v1s10x0051146_ses-1/surf/lh.orig
 1 1530880 BA1_exvivo
 2 16749699 BA2_exvivo
 3 16711680 BA3a_exvivo
 4 3368703 BA3b_exvivo
 5 1376196 BA4a_exvivo
 6 13382655 BA4p_exvivo
 7 10036737 BA6_exvivo
 8 2490521 BA44_exvivo
 9 39283 BA45_exvivo
10 3993 V1_exvivo
11 8508928 V2_exvivo
12 10027163 MT_exvivo
13 16422433 perirhinal_exvivo
14 16392598 entorhinal_exvivo
Mapping unhit to unknown
Found 121372 unhit vertices
Writing annot to /out/sourcedata/freesurfer/sub-v1s10x0051146_ses-1/label/lh.BA_exvivo.thresh.annot

 mris_anatomical_stats -th3 -mgz -noglobal -f ../stats/lh.BA_exvivo.stats -b -a ./lh.BA_exvivo.annot -c ./BA_exvivo.ctab sub-v1s10x0051146_ses-1 lh white 

computing statistics for each annotation in ./lh.BA_exvivo.annot.
reading volume /out/sourcedata/freesurfer/sub-v1s10x0051146_ses-1/mri/wm.mgz...
reading input surface /out/sourcedata/freesurfer/sub-v1s10x0051146_ses-1/surf/lh.white...
reading input pial surface /out/sourcedata/freesurfer/sub-v1s10x0051146_ses-1/surf/lh.pial...
reading input white surface /out/sourcedata/freesurfer/sub-v1s10x0051146_ses-1/surf/lh.white...
INFO: using TH3 volume calc
INFO: assuming MGZ format for volumes.
INFO: not computing global stats
Using TH3 vertex volume calc
Total face volume 264147
Total vertex volume 263959 (mask=0)
Saving annotation colortable ./BA_exvivo.ctab

table columns are:
    number of vertices
    total surface area (mm^2)
    total gray matter volume (mm^3)
    average cortical thickness +- standard deviation (mm)
    integrated rectified mean curvature
    integrated rectified Gaussian curvature
    folding index
    intrinsic curvature index
    structure name

 1386    861   2569  2.295 0.681     0.127     0.027       15     1.7  BA1_exvivo
 4591   3021   7300  2.337 0.591     0.108     0.018       36     3.5  BA2_exvivo
 1146    754    920  1.659 0.381     0.135     0.027       12     1.3  BA3a_exvivo
 2643   1728   3670  1.875 0.756     0.096     0.017       18     1.9  BA3b_exvivo
 2106   1188   3690  2.708 0.595     0.092     0.018       14     1.7  BA4a_exvivo
 1636   1029   2241  2.339 0.595     0.095     0.018        9     1.4  BA4p_exvivo
11228   7438  24470  2.830 0.567     0.109     0.020       92     9.0  BA6_exvivo
 1973   1347   4622  2.864 0.521     0.122     0.023       20     1.8  BA44_exvivo
 3332   2457   7508  2.669 0.478     0.137     0.028       43     3.9  BA45_exvivo
 3429   2373   3811  1.636 0.473     0.130     0.031       35     4.4  V1_exvivo
 7987   5560  10855  1.894 0.516     0.146     0.036      104    12.1  V2_exvivo
 2270   1570   3617  2.243 0.388     0.127     0.026       24     2.6  MT_exvivo
  599    408   1669  3.316 0.886     0.076     0.014        3     0.3  perirhinal_exvivo
  600    388   1322  2.553 1.140     0.119     0.039        6     0.8  entorhinal_exvivo

 mris_anatomical_stats -th3 -mgz -f ../stats/lh.BA_exvivo.thresh.stats -noglobal -b -a ./lh.BA_exvivo.thresh.annot -c ./BA_exvivo.thresh.ctab sub-v1s10x0051146_ses-1 lh white 

computing statistics for each annotation in ./lh.BA_exvivo.thresh.annot.
reading volume /out/sourcedata/freesurfer/sub-v1s10x0051146_ses-1/mri/wm.mgz...
reading input surface /out/sourcedata/freesurfer/sub-v1s10x0051146_ses-1/surf/lh.white...
reading input pial surface /out/sourcedata/freesurfer/sub-v1s10x0051146_ses-1/surf/lh.pial...
reading input white surface /out/sourcedata/freesurfer/sub-v1s10x0051146_ses-1/surf/lh.white...
INFO: using TH3 volume calc
INFO: assuming MGZ format for volumes.
INFO: not computing global stats
Using TH3 vertex volume calc
Total face volume 264147
Total vertex volume 263959 (mask=0)
Saving annotation colortable ./BA_exvivo.thresh.ctab

table columns are:
    number of vertices
    total surface area (mm^2)
    total gray matter volume (mm^3)
    average cortical thickness +- standard deviation (mm)
    integrated rectified mean curvature
    integrated rectified Gaussian curvature
    folding index
    intrinsic curvature index
    structure name

  947    599   1775  2.294 0.671     0.123     0.027        9     1.1  BA1_exvivo
 2049   1341   3325  2.304 0.551     0.102     0.016       16     1.4  BA2_exvivo
  989    654    757  1.622 0.355     0.141     0.030       11     1.2  BA3a_exvivo
 1706   1099   1711  1.500 0.393     0.085     0.015        9     1.1  BA3b_exvivo
 2110   1202   3621  2.754 0.581     0.083     0.015       12     1.4  BA4a_exvivo
 1274    813   1663  2.213 0.542     0.099     0.020        7     1.1  BA4p_exvivo
 6555   4190  13894  2.791 0.580     0.107     0.020       51     5.4  BA6_exvivo
 1268    869   3050  2.889 0.480     0.126     0.024       14     1.3  BA44_exvivo
 1320   1006   3344  2.751 0.510     0.147     0.030       17     1.6  BA45_exvivo
 3630   2495   4115  1.656 0.474     0.129     0.032       37     4.7  V1_exvivo
 3910   2763   4840  1.776 0.426     0.157     0.042       58     7.0  V2_exvivo
  576    405    939  2.258 0.404     0.128     0.023        5     0.6  MT_exvivo
  241    155    598  3.422 0.646     0.047     0.007        1     0.1  perirhinal_exvivo
  372    239    916  2.831 0.970     0.104     0.028        3     0.4  entorhinal_exvivo

Started at Fri Mar 6 17:54:23 CET 2026 
Ended   at Fri Mar 6 17:56:53 CET 2026
#@#%# recon-all-run-time-hours 0.042
recon-all -s sub-v1s10x0051146_ses-1 finished without error at Fri Mar  6 17:56:53 CET 2026
