#!ascii label  , from subject sub-v1s20x0050295_ses-1 vox2ras=TkReg
5359
644  -8.205  -77.776  2.514 0.8999999762
659  -8.533  -77.794  2.004 0.8000000119
930  -9.240  -76.924  2.279 0.8000000119
142772  -9.338  -76.323  0.567 0.8000000119
668  -8.146  -78.892  0.860 0.8999999762
950  -8.714  -76.574  0.395 0.8000000119
145575  -9.357  -76.340  -0.842 0.8000000119
996  -8.797  -76.842  -2.846 0.8000000119
430  -7.517  -79.226  -2.171 0.8000000119
719  -7.946  -78.498  -2.861 0.8000000119
138636  -8.747  -76.642  -1.937 0.8000000119
1584  -3.703  -73.590  7.518 0.6999999881
1980  -5.231  -73.277  6.728 0.8000000119
1990  -5.809  -72.949  5.872 0.6999999881
1206  -7.537  -75.857  7.156 0.6000000238
408  -10.096  -79.054  -0.749 0.5000000000
998  -10.170  -76.931  -2.865 0.6999999881
459  -10.998  -78.430  -3.843 0.6000000238
735  -8.883  -77.958  -5.606 0.8000000119
467  -8.387  -79.204  -5.119 0.8000000119
746  -9.320  -77.974  -6.330 0.6999999881
475  -8.540  -79.171  -6.062 0.8000000119
1988  -4.075  -72.269  6.224 0.8000000119
1989  -4.926  -72.523  6.102 0.8000000119
2010  -1.712  -73.247  4.274 0.8000000119
2014  -6.024  -73.138  4.773 1.0000000000
1244  -6.593  -74.461  3.854 0.8999999762
1245  -7.191  -74.599  4.007 0.8999999762
916  -6.617  -76.250  3.285 0.8999999762
1258  -7.345  -75.479  4.036 0.8999999762
371  -7.327  -78.739  2.187 0.8999999762
133193  -10.598  -78.116  0.001 0.5000000000
706  -10.436  -77.975  -2.384 0.5000000000
720  -10.638  -77.564  -3.340 0.6999999881
728  -11.214  -77.915  -4.641 0.6000000238
143515  -11.588  -78.509  -5.084 0.6000000238
658  -7.976  -78.769  1.927 0.8999999762
146734  -10.107  -76.990  -5.264 0.6999999881
761  -11.611  -78.168  -6.815 0.6999999881
177  -7.289  -80.370  1.404 0.8999999762
139883  -7.229  -79.373  -0.777 0.8999999762
446  -7.457  -80.197  -2.875 1.0000000000
204  -6.189  -80.938  -2.257 0.8999999762
90  -7.940  -81.094  -7.064 0.8000000119
484  -10.298  -78.394  -7.561 0.6999999881
133178  -6.354  -82.568  -6.752 1.0000000000
95  -7.428  -81.725  -7.816 0.8000000119
131684  -7.953  -81.026  -9.042 0.8000000119
1932  2.794  -73.941  12.150 0.6999999881
1979  -3.472  -72.767  6.931 0.6999999881
2431  -5.273  -72.607  5.512 0.8000000119
1628  -1.528  -74.719  3.221 0.8999999762
1256  -6.350  -75.470  3.581 1.0000000000
643  -6.879  -77.898  2.534 0.8999999762
477  -11.826  -78.444  -5.896 0.6000000238
143638  -12.795  -79.498  -7.035 0.6000000238
447  -8.106  -78.856  -3.517 0.8000000119
76  -7.085  -82.245  -5.558 1.0000000000
476  -9.046  -78.571  -6.780 0.8000000119
485  -11.230  -78.379  -7.537 0.6000000238
265  -10.184  -79.243  -8.884 0.6999999881
142043  -12.086  -79.230  -8.971 0.6000000238
238  -6.610  -82.244  -4.892 1.0000000000
147068  -7.796  -81.679  -11.242 0.6999999881
2001  -1.677  -72.917  5.237 0.8000000119
2420  -2.726  -72.336  5.953 0.8000000119
134059  1.174  -73.569  9.560 0.8000000119
1204  -5.760  -75.030  7.568 0.6000000238
2430  -4.525  -72.386  5.418 0.8000000119
2013  -4.559  -72.750  4.823 0.8999999762
1629  -2.340  -74.268  3.714 0.8999999762
149000  -5.173  -74.063  4.439 1.0000000000
1622  -7.349  -74.110  4.695 0.8999999762
1229  -7.662  -74.900  5.425 0.8000000119
903  -7.741  -75.829  4.866 0.8000000119
135641  -7.570  -76.489  4.178 0.8999999762
929  -6.338  -77.056  2.769 1.0000000000
168  -6.267  -81.160  1.855 0.8999999762
406  -6.178  -80.413  -0.452 0.8999999762
458  -8.248  -79.135  -4.293 0.8000000119
247  -8.019  -81.036  -6.096 0.8000000119
747  -10.229  -77.549  -6.410 0.6999999881
276  -8.713  -80.108  -9.119 0.8000000119
264  -9.127  -79.525  -8.643 0.6999999881
266  -11.248  -79.153  -8.962 0.6000000238
75  -5.794  -82.408  -5.532 1.0000000000
93  -5.824  -81.672  -8.158 1.0000000000
100  -8.819  -80.676  -9.991 0.6999999881
277  -9.537  -79.837  -9.453 0.8000000119
278  -10.695  -79.744  -9.785 0.6000000238
3145  -6.749  -71.726  -17.421 0.8000000119
16  -6.192  -81.911  -9.477 1.0000000000
17  -6.833  -81.750  -9.950 0.8000000119
104  -9.353  -80.931  -10.847 0.6999999881
105  -11.090  -80.555  -11.387 0.6000000238
82  -5.752  -82.300  -6.184 1.0000000000
301  -8.645  -80.186  -12.821 0.8000000119
293  -4.240  -80.461  -11.679 0.8999999762
116  -8.234  -80.664  -12.501 0.8000000119
780  -5.839  -77.588  -11.306 0.8999999762
296  -8.345  -79.688  -12.239 0.8000000119
1582  -1.609  -74.037  7.713 0.6000000238
1617  -3.236  -73.676  4.298 1.0000000000
1242  -3.967  -74.574  4.810 1.0000000000
1202  2.253  -75.175  7.395 0.8999999762
1240  0.969  -75.309  4.548 0.8999999762
1227  -3.227  -76.112  5.772 0.8999999762
345  -2.201  -79.200  7.011 1.0000000000
353  -1.965  -79.928  6.106 1.0000000000
1228  -3.826  -75.598  5.483 1.0000000000
625  -3.216  -78.717  5.409 1.0000000000
362  -2.978  -79.278  5.164 1.0000000000
639  -2.984  -78.658  3.744 1.0000000000
1254  -1.388  -75.549  3.116 0.8999999762
914  -4.450  -76.827  4.048 1.0000000000
938  -2.850  -77.253  1.249 1.0000000000
926  -0.734  -75.781  2.675 0.8999999762
135891  -5.278  -76.746  3.192 1.0000000000
913  -3.567  -77.739  4.785 1.0000000000
640  -3.447  -78.651  3.146 1.0000000000
940  -4.005  -78.154  1.490 1.0000000000
642  -5.110  -78.527  2.272 1.0000000000
657  -4.490  -79.566  2.271 1.0000000000
382  -5.338  -80.161  2.362 1.0000000000
133313  -4.289  -78.986  1.261 1.0000000000
176  -6.089  -81.528  1.532 1.0000000000
185  -5.036  -80.967  1.022 1.0000000000
187  -6.508  -80.722  0.697 0.8999999762
1819  -1.695  -76.108  -16.732 0.5000000000
142860  -5.266  -80.626  -0.766 1.0000000000
195  -5.442  -80.804  -1.548 1.0000000000
2222  -2.363  -74.721  -16.173 0.6999999881
60  -5.164  -82.157  -2.541 1.0000000000
217  -6.223  -81.903  -3.127 1.0000000000
2661  -4.248  -72.364  -16.293 0.8000000119
254  -5.605  -82.108  -6.972 1.0000000000
12  -6.222  -82.001  -8.224 1.0000000000
2662  -4.988  -72.556  -17.016 0.8000000119
3133  -6.286  -71.112  -16.957 0.8000000119
285  -10.668  -80.380  -10.597 0.6000000238
15  -5.387  -81.726  -10.268 1.0000000000
112  -10.580  -80.741  -12.452 0.6999999881
2693  -8.436  -72.676  -18.530 0.8000000119
19  -4.746  -81.400  -11.159 1.0000000000
25  -7.160  -81.719  -11.481 0.8000000119
121  -10.609  -80.311  -13.859 0.8000000119
526  -11.676  -79.667  -13.311 0.6999999881
302  -9.231  -79.977  -13.671 0.8000000119
517  -11.939  -78.543  -12.133 0.6999999881
513  -6.233  -79.340  -11.674 0.8999999762
504  -6.752  -78.267  -11.314 0.8999999762
782  -8.128  -77.221  -10.790 0.8000000119
1060  -8.111  -75.949  -10.116 0.8000000119
1388  -6.636  -76.237  -12.234 0.8000000119
2854  4.207  -71.308  13.039 0.6000000238
1967  2.705  -73.231  7.760 0.8999999762
2427  -2.456  -72.769  4.619 0.8000000119
899  -2.584  -76.188  5.336 0.8999999762
369  -1.935  -79.186  4.241 1.0000000000
1594  3.520  -74.893  6.684 0.8999999762
2009  -1.137  -73.748  3.980 0.8999999762
1255  -2.218  -75.268  3.758 0.8999999762
638  -1.997  -78.392  2.774 1.0000000000
654  -2.126  -77.733  1.598 1.0000000000
1213  2.668  -76.006  6.982 0.8999999762
152932  1.721  -75.622  6.341 0.8999999762
1616  -0.433  -74.103  4.565 0.8999999762
1626  -0.200  -74.983  3.014 0.8999999762
939  -3.476  -77.649  1.519 1.0000000000
1239  1.855  -75.907  4.986 0.8999999762
1252  1.414  -75.832  3.007 0.8999999762
641  -3.866  -78.378  2.303 1.0000000000
656  -3.906  -78.597  2.392 1.0000000000
395  -4.572  -80.436  1.437 1.0000000000
960  -5.279  -77.074  -0.184 1.0000000000
1422  -0.086  -77.188  -15.452 0.5000000000
704  -5.179  -79.092  -1.756 1.0000000000
1437  -0.968  -77.030  -17.354 0.5000000000
148082  -4.801  -80.414  -1.388 1.0000000000
1805  -1.738  -75.158  -15.658 0.5000000000
194  -5.012  -80.878  -1.770 1.0000000000
445  -5.159  -79.601  -3.662 1.0000000000
1448  -1.564  -77.025  -19.036 0.5000000000
202  -4.603  -81.786  -2.389 1.0000000000
456  -5.415  -79.606  -4.574 1.0000000000
745  -6.342  -78.207  -6.501 1.0000000000
757  -5.849  -77.399  -7.780 0.8999999762
229  -5.417  -82.273  -4.455 1.0000000000
138477  -5.913  -80.535  -7.246 1.0000000000
758  -6.116  -78.594  -7.398 1.0000000000
769  -5.461  -78.064  -8.293 1.0000000000
135753  -5.086  -76.049  -8.418 0.8999999762
143117  -4.943  -78.843  -8.917 1.0000000000
1832  -1.687  -76.592  -17.926 0.5000000000
2223  -3.010  -74.167  -16.472 0.6999999881
491  -5.062  -80.002  -8.661 1.0000000000
1457  -2.131  -76.569  -19.404 0.5000000000
2675  -4.178  -73.373  -17.028 0.8000000119
261  -5.098  -80.874  -9.076 1.0000000000
20  -5.559  -81.764  -11.099 1.0000000000
1833  -2.546  -76.197  -18.556 0.5000000000
3144  -5.886  -72.091  -17.272 0.8000000119
102  -4.362  -81.212  -10.564 1.0000000000
27  -8.746  -81.160  -12.048 0.8000000119
304  -12.668  -79.775  -12.856 0.6000000238
2245  -4.451  -75.096  -18.598 0.4000000060
2676  -5.587  -73.266  -17.719 0.8000000119
2678  -7.178  -72.417  -17.949 0.8000000119
147856  -8.766  -72.076  -17.831 0.8000000119
18  -3.846  -80.945  -11.283 0.8999999762
308  -10.422  -79.995  -14.120 0.6999999881
292  -3.290  -79.818  -11.380 0.8999999762
512  -4.859  -79.461  -11.590 0.8999999762
149169  -6.749  -80.223  -11.999 0.8999999762
520  -9.376  -79.707  -13.498 0.8000000119
781  -7.115  -77.342  -11.005 0.8999999762
297  -9.047  -79.039  -12.126 0.8000000119
792  -9.599  -78.031  -11.389 0.6999999881
136339  -11.429  -78.004  -11.613 0.6000000238
784  -10.105  -77.237  -10.775 0.6999999881
1381  -4.829  -77.061  -12.132 0.8999999762
1783  -8.415  -75.299  -13.334 0.8000000119
1769  -7.743  -75.409  -12.221 0.8000000119
1759  -8.358  -74.738  -10.731 0.6999999881
2174  -10.407  -73.423  -12.649 0.5000000000
3373  4.627  -70.411  12.702 0.6000000238
2385  4.040  -71.960  10.702 0.8000000119
2394  3.806  -72.031  9.590 0.8999999762
1596  -0.294  -73.558  6.707 0.8000000119
1563  2.109  -73.213  8.296 0.8999999762
624  -0.125  -77.647  3.926 0.8999999762
149230  -0.547  -78.465  5.924 0.8999999762
361  -0.818  -79.873  4.715 1.0000000000
1271  -3.575  -76.029  0.402 1.0000000000
1282  -3.921  -75.398  0.227 1.0000000000
1283  -4.628  -75.090  0.254 1.0000000000
145554  0.659  -76.381  2.335 0.8999999762
948  -4.450  -76.630  0.612 1.0000000000
134398  -4.923  -75.483  0.353 1.0000000000
381  -4.242  -79.660  2.013 1.0000000000
961  -5.685  -75.867  -0.419 1.0000000000
142163  -4.461  -79.158  0.685 1.0000000000
977  -5.637  -76.731  -0.898 1.0000000000
150519  -5.503  -78.050  -2.501 1.0000000000
1791  -0.599  -76.261  -14.939 0.5000000000
995  -5.841  -76.933  -2.748 1.0000000000
428  -4.829  -80.669  -2.159 1.0000000000
1341  -6.782  -76.308  -5.744 0.8999999762
1037  -6.569  -76.900  -6.498 0.8999999762
1455  -0.353  -76.852  -18.854 0.5000000000
1351  -6.715  -75.957  -6.620 0.8999999762
1045  -5.884  -76.441  -7.735 0.8999999762
141883  -5.864  -80.017  -6.395 1.0000000000
492  -5.656  -79.413  -8.087 1.0000000000
1367  -4.849  -75.388  -8.813 0.8999999762
152058  -4.393  -77.717  -9.176 0.8999999762
772  -2.943  -77.544  -10.138 0.8999999762
144954  -4.003  -75.613  -9.753 0.8999999762
274  -3.063  -79.585  -10.277 0.8999999762
3694  -8.115  -70.834  -17.158 0.8000000119
273  -2.918  -79.939  -10.872 0.8999999762
778  -2.332  -77.769  -11.373 0.8999999762
122  -11.358  -80.311  -13.593 0.6999999881
3146  -7.653  -71.499  -17.469 0.8000000119
523  -12.408  -79.100  -12.711 0.6000000238
2248  -6.053  -74.579  -19.214 0.4000000060
2677  -6.352  -72.799  -17.842 0.8000000119
134387  -5.908  -75.320  -20.655 0.5000000000
2691  -6.634  -73.504  -18.609 0.5000000000
2704  -8.972  -73.184  -19.094 0.6999999881
134403  -9.597  -72.534  -17.744 0.8999999762
128471  -7.445  -79.264  -11.673 0.8999999762
785  -11.291  -77.281  -10.958 0.5000000000
1070  -6.189  -76.956  -11.228 0.8000000119
1062  -9.705  -75.922  -9.738 0.6999999881
1063  -10.436  -75.755  -9.646 0.5000000000
1782  -7.524  -75.738  -13.132 0.8000000119
2163  -9.449  -73.458  -11.118 0.6000000238
2186  -10.767  -73.815  -13.392 0.5000000000
2375  3.931  -72.148  12.155 0.6999999881
1542  1.487  -73.812  10.556 0.6000000238
1203  1.188  -74.392  7.214 0.8999999762
153  0.504  -79.393  4.466 1.0000000000
160  0.010  -79.978  3.347 1.0000000000
665  -1.542  -77.771  0.753 1.0000000000
142985  -2.887  -76.594  0.428 1.0000000000
1238  2.717  -76.269  5.277 0.8999999762
636  1.360  -78.185  2.501 1.0000000000
1281  -3.250  -75.860  -0.048 1.0000000000
978  -6.103  -75.836  -1.303 1.0000000000
146832  -6.099  -76.201  -2.163 1.0000000000
1331  -6.788  -75.991  -4.825 0.8999999762
718  -5.584  -78.004  -3.287 1.0000000000
146659  -1.224  -74.024  -14.051 0.8000000119
725  -5.849  -77.854  -4.236 1.0000000000
1359  -5.597  -75.525  -7.972 0.8999999762
3098  -3.666  -71.432  -14.985 0.8000000119
3660  -4.675  -70.462  -15.422 0.8000000119
3678  -7.264  -70.732  -17.059 0.8000000119
771  -2.372  -77.325  -10.867 0.8999999762
790  -2.659  -78.352  -11.657 0.8999999762
779  -2.771  -77.564  -12.129 0.8999999762
502  -3.867  -78.416  -11.667 0.8999999762
2263  -8.093  -73.880  -20.165 0.6999999881
132797  -4.537  -77.803  -11.659 0.8999999762
143460  -7.223  -74.567  -21.570 0.5000000000
2278  -9.317  -74.056  -20.844 0.6000000238
2279  -10.289  -74.356  -21.000 0.6999999881
2265  -10.360  -73.871  -19.598 0.6999999881
1393  -4.868  -77.044  -13.716 0.8000000119
1382  -7.098  -76.313  -11.017 0.8000000119
1861  -10.598  -75.090  -21.326 0.6000000238
136616  -10.923  -75.111  -20.651 0.6999999881
2266  -10.824  -74.562  -19.286 0.6999999881
1758  -7.427  -75.626  -11.125 0.8000000119
1061  -8.888  -75.949  -9.797 0.6999999881
130149  -8.396  -74.341  -22.419 0.5000000000
2287  -9.374  -74.338  -21.636 0.6000000238
1373  -8.097  -75.399  -10.355 0.8000000119
1771  -9.144  -74.590  -13.022 0.6999999881
152382  -10.479  -72.988  -12.097 0.4000000060
2613  -11.214  -73.066  -13.165 0.5000000000
664  -0.665  -78.596  -0.059 1.0000000000
673  -2.075  -77.217  -0.842 1.0000000000
1294  -3.102  -75.958  -0.988 1.0000000000
1654  -4.249  -74.774  -0.223 1.0000000000
947  -3.503  -76.714  0.800 1.0000000000
1655  -4.905  -74.401  -0.089 1.0000000000
2049  -5.866  -73.582  -0.547 1.0000000000
1657  -6.120  -74.324  -0.459 1.0000000000
1670  -6.768  -74.250  -1.025 1.0000000000
1285  -6.207  -74.981  -0.682 1.0000000000
1683  -7.132  -74.637  -1.911 1.0000000000
1308  -6.605  -75.419  -2.070 1.0000000000
1342  -7.113  -75.401  -5.426 0.8999999762
129198  -6.376  -75.956  -2.902 1.0000000000
1352  -6.974  -75.490  -6.142 0.8999999762
1722  -6.737  -75.013  -6.820 0.8999999762
2193  -2.139  -73.323  -14.657 0.8000000119
1731  -5.500  -74.871  -8.248 0.8999999762
2645  -2.721  -73.023  -14.994 0.8000000119
3117  -4.290  -71.407  -15.646 0.8000000119
3677  -5.868  -70.571  -16.431 0.8000000119
143508  -6.639  -70.352  -16.671 0.8000000119
3131  -4.795  -71.708  -16.364 0.8000000119
144824  -4.036  -74.748  -10.440 0.8999999762
1068  -2.656  -76.830  -11.475 0.8999999762
1385  -3.246  -76.469  -13.095 0.8999999762
1386  -2.879  -76.996  -13.020 0.8999999762
131144  4.600  -69.938  10.414 0.8000000119
3942  4.627  -69.445  12.412 0.6999999881
2882  4.098  -71.378  9.513 0.8000000119
988  4.944  -76.314  -4.102 1.0000000000
129053  3.477  -72.951  7.088 0.8999999762
2883  3.844  -71.580  8.930 0.8000000119
1007  4.603  -77.705  -4.348 1.0000000000
135223  3.742  -74.183  6.378 0.8999999762
147896  3.241  -72.192  7.825 0.8999999762
1222  3.960  -75.453  5.163 0.8999999762
907  4.184  -76.422  3.980 0.8999999762
1223  3.511  -75.937  5.821 0.8999999762
921  4.043  -76.881  3.203 1.0000000000
414  -1.091  -78.863  -1.898 1.0000000000
685  -2.217  -77.496  -1.790 1.0000000000
976  -3.200  -76.360  -2.076 1.0000000000
1295  -3.615  -75.434  -1.778 1.0000000000
908  3.811  -76.707  3.813 0.8999999762
141598  3.777  -77.156  2.894 0.8999999762
377  1.945  -78.306  1.374 1.0000000000
153074  1.340  -78.813  1.179 1.0000000000
139290  0.400  -79.005  0.446 1.0000000000
133328  0.301  -79.187  -0.519 1.0000000000
1681  -4.087  -74.543  -2.076 1.0000000000
936  2.434  -77.601  1.939 1.0000000000
378  1.412  -78.938  1.732 1.0000000000
1669  -4.423  -74.064  -0.902 1.0000000000
2086  -4.315  -73.016  -3.112 1.0000000000
2048  -5.184  -73.714  -0.585 1.0000000000
2468  -5.130  -72.672  -1.740 1.0000000000
2968  -5.827  -71.553  -2.643 1.0000000000
147143  2.169  -73.984  -13.046 0.6999999881
2179  1.292  -73.706  -13.387 0.6999999881
2608  0.919  -72.659  -13.409 0.8999999762
2495  -6.895  -71.737  -2.716 1.0000000000
145411  3.106  -78.181  -13.833 0.6999999881
1395  1.747  -77.160  -13.403 0.6999999881
149952  -7.138  -73.134  -1.726 1.0000000000
149251  -7.564  -71.856  -3.234 1.0000000000
133949  3.183  -75.406  -15.956 0.4000000060
1419  2.921  -76.757  -15.089 0.6000000238
153840  1.920  -76.961  -15.142 0.5000000000
1420  1.014  -77.852  -15.124 0.6000000238
1396  0.769  -77.136  -13.728 0.6000000238
130166  1.179  -75.877  -13.462 0.6999999881
2180  0.173  -73.683  -13.613 0.8000000119
2609  -0.079  -72.449  -13.600 0.8999999762
3087  -2.048  -70.840  -13.982 0.8999999762
4680  -3.618  -67.592  -11.931 0.8999999762
5273  -5.438  -67.330  -11.436 0.8999999762
2087  -8.134  -73.285  -3.319 0.8999999762
130487  -8.104  -73.749  -5.241 0.8999999762
1086  0.518  -77.702  -14.858 0.6000000238
1779  -0.384  -75.873  -14.113 0.6000000238
129453  -0.638  -74.455  -13.889 0.6999999881
2610  -0.959  -72.176  -13.842 0.8999999762
1694  -7.971  -74.099  -3.714 0.8999999762
148048  4.074  -75.225  -16.593 0.6000000238
1397  -0.041  -77.115  -14.545 0.6000000238
2181  -1.638  -73.094  -14.090 0.8000000119
4709  -4.112  -68.205  -13.260 0.8999999762
1710  -7.590  -74.657  -5.284 0.8999999762
146606  -7.627  -74.230  -5.892 0.8999999762
2125  -7.270  -73.337  -7.102 0.8999999762
1792  -1.002  -75.041  -14.381 0.6000000238
2621  -1.820  -71.898  -14.066 0.8000000119
3638  -2.885  -70.695  -14.225 0.8000000119
4202  -4.079  -69.532  -14.387 0.8999999762
4184  -4.611  -68.731  -13.948 0.8999999762
149858  -5.151  -68.025  -13.262 0.8999999762
1745  -5.835  -74.122  -8.168 0.8999999762
2622  -2.351  -72.515  -14.460 0.8000000119
132038  -3.181  -71.325  -14.568 0.8000000119
3639  -3.659  -70.568  -14.611 0.8000000119
4185  -5.697  -68.574  -14.010 0.8999999762
4710  -6.954  -68.262  -13.716 0.8999999762
139026  -6.135  -68.043  -13.384 0.8999999762
2138  -6.008  -73.360  -8.754 0.8999999762
3099  -4.131  -70.832  -15.040 0.8000000119
3641  -5.184  -69.664  -15.082 0.8000000119
4711  -8.029  -68.160  -13.346 0.8999999762
4154  -8.783  -68.747  -11.260 0.8999999762
4140  -8.640  -69.121  -10.378 0.8999999762
1750  -4.939  -74.201  -9.705 0.8999999762
2137  -5.479  -73.945  -8.911 0.8999999762
3661  -5.511  -70.023  -15.792 0.8000000119
4731  -7.781  -68.589  -14.131 0.8999999762
4732  -8.519  -68.789  -13.803 0.8999999762
3608  -8.298  -70.183  -12.132 0.8999999762
1372  -4.415  -74.991  -9.694 0.8999999762
135487  -7.406  -68.971  -14.795 0.8999999762
4224  -8.744  -69.490  -15.264 0.8999999762
3073  -8.448  -70.468  -12.866 0.8999999762
2576  -5.602  -72.459  -10.558 0.8999999762
2155  -4.676  -73.348  -11.046 0.8999999762
3679  -8.179  -70.248  -16.748 0.8999999762
148868  -9.013  -69.830  -15.704 0.8999999762
4206  -9.237  -69.839  -14.697 0.8999999762
2600  -6.042  -72.359  -12.460 0.8999999762
1756  -3.358  -75.029  -11.476 0.8999999762
3695  -8.779  -70.665  -16.884 0.8999999762
3119  -9.261  -70.799  -15.793 0.8999999762
2626  -8.974  -71.746  -15.091 0.8999999762
2172  -5.531  -73.154  -13.084 0.8999999762
1760  -3.292  -75.419  -12.495 0.8999999762
3135  -9.446  -71.669  -16.627 0.8999999762
2648  -9.340  -71.651  -15.770 0.8999999762
2624  -7.475  -72.662  -14.332 0.8999999762
1768  -4.182  -74.950  -13.634 0.8999999762
1767  -3.570  -75.757  -13.431 0.8000000119
2679  -9.683  -72.376  -17.279 0.8999999762
2625  -8.372  -72.240  -14.691 0.8999999762
2196  -7.846  -73.308  -15.037 0.8000000119
1392  -3.937  -76.501  -13.747 0.8999999762
1867  -8.469  -74.569  -23.696 0.5000000000
2663  -9.927  -72.713  -17.004 0.8000000119
2239  -10.334  -74.092  -17.763 0.8000000119
2240  -10.569  -74.662  -18.301 0.8000000119
1425  -6.759  -76.785  -16.470 0.8000000119
1400  -5.892  -76.767  -14.320 0.8000000119
134259  -7.272  -74.349  -22.452 0.5000000000
1865  -10.051  -75.190  -22.019 0.5000000000
136730  -9.104  -76.327  -17.739 0.6999999881
1088  -6.911  -77.027  -15.410 0.8000000119
153052  -10.468  -74.253  -13.609 0.6999999881
1115  -9.581  -77.469  -21.608 0.5000000000
1858  -10.885  -75.940  -19.832 0.6999999881
134659  -10.363  -76.567  -19.082 0.6999999881
1412  -8.481  -76.697  -15.450 0.8000000119
1401  -8.244  -75.843  -14.138 0.8000000119
1121  -8.994  -77.287  -22.578 0.5000000000
1110  -10.066  -77.247  -20.111 0.6999999881
1461  -10.099  -77.045  -19.322 0.6999999881
1098  -9.163  -77.419  -17.663 0.8000000119
1413  -9.610  -75.641  -14.790 0.8000000119
1796  -11.528  -74.415  -14.588 0.4000000060
1109  -9.717  -77.756  -20.650 0.6000000238
536  -10.214  -80.322  -19.461 0.5000000000
546  -11.164  -78.519  -19.850 0.5000000000
128226  -10.317  -77.350  -19.177 0.6999999881
1100  -10.728  -77.069  -18.208 0.6999999881
1427  -10.250  -75.963  -15.532 0.6000000238
1809  -11.437  -75.324  -15.416 0.6000000238
1428  -11.772  -75.906  -16.108 0.6000000238
1786  -11.573  -73.661  -13.876 0.4000000060
806  -11.080  -77.870  -19.811 0.4000000060
1106  -12.704  -76.837  -19.695 0.4000000060
1453  -12.966  -75.798  -17.318 0.4000000060
4466  4.560  -68.245  10.336 0.6000000238
142718  4.557  -69.028  10.033 0.8000000119
3399  4.414  -70.439  9.206 0.8000000119
1289  5.286  -75.404  -2.629 1.0000000000
133521  3.331  -72.009  7.584 0.8999999762
1650  5.366  -74.930  -1.827 1.0000000000
1280  5.490  -75.597  -1.351 1.0000000000
698  4.351  -78.115  -4.623 1.0000000000
2424  3.239  -72.975  5.952 0.8999999762
1270  5.527  -75.574  0.709 1.0000000000
131006  5.556  -75.685  -0.254 1.0000000000
958  5.025  -76.836  -1.454 1.0000000000
147824  4.822  -79.309  -4.092 1.0000000000
1997  4.215  -74.119  5.191 0.8999999762
1631  5.357  -75.001  2.252 1.0000000000
149902  5.289  -76.182  1.097 1.0000000000
1251  4.788  -75.581  3.959 0.8999999762
633  4.284  -77.380  1.889 1.0000000000
142219  3.674  -78.908  -2.254 1.0000000000
141106  2.761  -78.992  -1.703 1.0000000000
920  4.386  -76.863  2.593 0.8999999762
652  3.797  -77.841  1.690 1.0000000000
375  3.819  -77.989  1.110 1.0000000000
390  2.564  -78.507  0.022 1.0000000000
401  1.668  -78.872  -0.516 1.0000000000
183  0.883  -79.594  -1.634 1.0000000000
413  -0.303  -79.359  -1.637 1.0000000000
702  -1.775  -78.242  -2.246 1.0000000000
717  -2.734  -77.660  -3.282 1.0000000000
1319  -3.745  -75.451  -3.556 1.0000000000
2093  -4.092  -72.991  -3.982 1.0000000000
376  3.432  -78.133  1.360 1.0000000000
1307  -3.924  -75.265  -2.752 1.0000000000
1682  -4.313  -73.853  -2.735 1.0000000000
3084  0.554  -71.609  -13.389 1.0000000000
2469  -5.897  -72.535  -1.492 1.0000000000
2485  -7.104  -72.511  -2.120 1.0000000000
3618  5.526  -70.918  -13.654 0.8999999762
1418  3.793  -76.787  -14.746 0.6999999881
1417  4.324  -76.385  -14.163 0.6999999881
1406  3.688  -77.659  -14.003 0.6999999881
1082  1.385  -78.227  -13.868 0.6000000238
3085  -0.339  -71.381  -13.561 0.8999999762
4182  -2.709  -68.977  -13.388 1.0000000000
5260  -5.638  -67.448  -10.538 0.8999999762
2975  -7.911  -71.628  -3.797 0.8999999762
3624  -3.203  -69.678  -14.121 0.8999999762
2094  -8.352  -73.604  -4.259 0.8999999762
2511  -8.326  -72.721  -5.768 0.8999999762
2115  -7.809  -73.556  -6.207 0.8999999762
2527  -8.298  -72.108  -6.540 0.8999999762
5251  -7.546  -67.610  -10.103 0.8999999762
2541  -7.848  -72.424  -7.214 0.8999999762
2124  -6.543  -73.415  -7.929 0.8999999762
137627  -4.903  -69.244  -14.543 0.8000000119
4666  -8.701  -68.277  -10.680 0.8999999762
133303  -5.717  -69.069  -14.674 0.8999999762
5276  -8.420  -67.737  -11.756 0.8999999762
3566  -8.203  -69.969  -9.912 0.8999999762
2551  -6.895  -72.152  -8.728 0.8999999762
2148  -5.827  -72.953  -9.558 0.8999999762
4698  -8.719  -68.030  -12.192 0.8999999762
3579  -8.250  -69.796  -10.839 0.8999999762
3565  -7.539  -70.780  -9.689 0.8999999762
2156  -5.203  -73.453  -10.149 0.8999999762
3609  -8.652  -69.510  -12.709 0.8999999762
3072  -7.583  -71.001  -12.145 0.8999999762
2585  -5.166  -72.867  -11.457 0.8999999762
3681  -9.188  -70.703  -16.329 0.8999999762
2612  -8.127  -71.764  -13.959 0.8999999762
2171  -4.696  -73.837  -12.941 0.8999999762
2183  -6.326  -72.598  -13.277 0.8999999762
2182  -5.087  -74.219  -13.838 0.8999999762
132052  -9.586  -72.589  -16.280 0.8999999762
152380  -5.887  -73.404  -13.742 0.8999999762
1409  -4.646  -76.091  -14.861 0.8000000119
2215  -9.557  -73.819  -16.834 0.8000000119
1808  -8.418  -75.072  -16.697 0.8000000119
2213  -7.108  -74.533  -15.535 0.8000000119
1793  -5.549  -75.724  -15.248 0.8000000119
1399  -4.327  -76.832  -14.814 0.8000000119
1807  -7.343  -75.551  -16.246 0.8000000119
148845  -5.868  -76.460  -15.705 0.8000000119
1821  -7.421  -76.773  -17.054 0.8000000119
1090  -6.802  -77.224  -16.190 0.8000000119
1097  -9.739  -77.273  -17.246 0.8000000119
322  -9.578  -80.384  -19.767 0.4000000060
538  -11.221  -80.151  -19.467 0.4000000060
1459  -12.218  -76.440  -17.792 0.5000000000
1440  -12.269  -75.843  -16.433 0.5000000000
1429  -12.535  -75.251  -15.861 0.5000000000
1810  -12.831  -74.272  -15.711 0.4000000060
137693  -13.641  -76.258  -20.102 0.4000000060
3977  4.464  -69.703  8.514 0.8000000119
1290  2.366  -75.671  -2.266 1.0000000000
2910  3.090  -71.552  7.108 0.8999999762
1303  4.547  -75.407  -4.358 1.0000000000
973  1.599  -76.362  -2.105 1.0000000000
1664  5.006  -74.325  -2.092 1.0000000000
991  2.100  -77.634  -3.027 1.0000000000
1008  0.757  -77.629  -3.313 1.0000000000
715  0.597  -78.628  -4.367 1.0000000000
131774  0.142  -77.625  -4.600 1.0000000000
2007  3.995  -73.759  4.824 0.8999999762
442  1.174  -80.158  -4.568 1.0000000000
701  1.508  -79.389  -4.309 1.0000000000
2018  4.943  -74.259  3.735 0.8999999762
452  0.595  -79.931  -5.118 1.0000000000
245  -0.454  -79.690  -6.179 1.0000000000
481  0.304  -79.741  -7.632 1.0000000000
919  4.994  -75.913  2.494 1.0000000000
672  4.570  -77.450  -0.853 1.0000000000
412  4.445  -79.430  -3.288 1.0000000000
198  2.208  -80.216  -3.670 1.0000000000
215  0.006  -80.346  -4.487 1.0000000000
465  -2.074  -78.587  -5.237 1.0000000000
143696  -2.615  -77.690  -5.099 1.0000000000
663  4.373  -77.527  0.530 1.0000000000
192  1.773  -79.812  -2.468 1.0000000000
193  0.454  -79.971  -2.479 1.0000000000
443  -1.513  -79.191  -3.562 1.0000000000
454  -2.001  -78.882  -4.177 1.0000000000
1010  -3.084  -77.069  -3.929 1.0000000000
1018  -3.171  -76.483  -4.582 1.0000000000
1340  -3.276  -75.012  -4.973 1.0000000000
1709  -3.293  -74.276  -4.906 1.0000000000
2482  -4.752  -72.381  -2.577 1.0000000000
2972  -5.223  -71.328  -3.367 1.0000000000
4179  -0.450  -69.810  -12.794 1.0000000000
2483  -5.466  -72.118  -2.198 1.0000000000
2980  -5.653  -70.881  -3.976 1.0000000000
2981  -6.746  -70.785  -3.925 1.0000000000
1802  4.531  -75.675  -15.507 0.6999999881
1079  4.193  -76.858  -13.086 0.6999999881
1407  3.014  -78.139  -14.289 0.6000000238
3622  -1.495  -70.109  -13.568 1.0000000000
4181  -1.874  -69.370  -13.243 1.0000000000
2974  -7.215  -71.291  -3.455 0.8999999762
3512  -8.034  -70.740  -4.845 0.8999999762
4708  -3.274  -68.301  -13.037 0.8999999762
2996  -8.460  -71.117  -5.328 0.8999999762
149658  3.936  -74.898  -17.245 0.4000000060
5261  -7.311  -67.448  -10.818 0.8999999762
4653  -8.373  -68.452  -9.161 0.8999999762
3020  -7.682  -71.832  -7.950 0.8999999762
3021  -8.243  -71.597  -7.201 0.8999999762
4696  -7.118  -67.769  -12.864 0.8999999762
3554  -8.393  -70.010  -8.319 0.8999999762
2563  -7.601  -71.250  -8.802 0.8999999762
4697  -8.244  -67.833  -12.524 0.8999999762
2550  -6.306  -72.707  -9.000 0.8999999762
3594  -8.563  -69.478  -11.673 0.8999999762
3042  -6.896  -71.563  -9.564 0.8999999762
3051  -6.333  -71.777  -10.210 0.8999999762
3052  -6.847  -71.160  -10.379 0.8999999762
3071  -6.556  -71.663  -11.827 0.8999999762
3625  -8.922  -69.922  -13.617 0.8999999762
2601  -6.880  -71.806  -12.748 0.8999999762
3089  -8.788  -70.841  -13.693 0.8999999762
2195  -6.886  -73.730  -14.766 0.8000000119
1794  -6.283  -74.813  -15.273 0.8000000119
1806  -6.339  -75.900  -15.861 0.8000000119
144568  -10.771  -80.290  -19.652 0.4000000060
1103  -11.530  -77.015  -18.584 0.6000000238
1111  -12.868  -77.208  -20.471 0.5000000000
800  -13.145  -78.011  -20.667 0.4000000060
4489  4.174  -68.751  7.609 0.8000000119
1667  1.041  -74.845  -1.231 1.0000000000
139882  4.453  -74.543  -3.812 1.0000000000
141017  4.003  -74.806  -4.035 1.0000000000
1291  1.371  -75.557  -1.592 1.0000000000
1306  -0.052  -75.624  -2.551 1.0000000000
3423  2.390  -71.100  6.496 0.8000000119
3981  3.764  -69.292  7.168 0.8000000119
1678  5.031  -74.684  -3.133 1.0000000000
1017  0.001  -76.507  -4.456 1.0000000000
2426  2.103  -71.961  4.946 0.8999999762
1009  0.114  -77.016  -3.730 1.0000000000
1026  0.378  -76.945  -6.098 1.0000000000
133677  3.464  -73.560  2.912 1.0000000000
1638  3.607  -73.797  1.192 1.0000000000
1643  4.813  -74.611  0.189 1.0000000000
731  0.401  -78.382  -6.458 1.0000000000
1034  0.918  -77.831  -6.890 1.0000000000
754  1.776  -79.121  -8.472 1.0000000000
1637  4.716  -74.394  1.223 1.0000000000
453  0.235  -79.780  -5.515 1.0000000000
742  0.359  -79.473  -6.876 1.0000000000
683  4.751  -77.603  -2.390 1.0000000000
425  3.346  -80.030  -4.119 1.0000000000
768  0.856  -79.289  -8.995 1.0000000000
1043  0.001  -78.323  -8.570 1.0000000000
226  0.592  -80.218  -4.743 1.0000000000
237  -0.556  -79.828  -5.574 1.0000000000
464  -1.209  -79.357  -5.996 1.0000000000
146470  -0.471  -79.314  -7.378 1.0000000000
756  -0.902  -78.357  -7.443 1.0000000000
1035  -1.553  -76.930  -6.750 1.0000000000
1329  -3.041  -75.830  -5.222 1.0000000000
130517  -1.284  -79.460  -5.058 1.0000000000
1699  -3.683  -74.678  -4.199 1.0000000000
2502  -4.010  -72.209  -4.207 1.0000000000
1766  3.031  -75.181  -12.667 0.6999999881
3619  1.041  -70.789  -13.022 1.0000000000
4166  0.157  -69.576  -12.245 1.0000000000
149980  -1.235  -69.395  -11.862 1.0000000000
2607  2.078  -72.924  -13.035 0.8999999762
3082  2.455  -72.104  -12.661 1.0000000000
3620  0.187  -70.161  -12.899 1.0000000000
2995  -5.099  -70.600  -4.635 1.0000000000
3083  1.532  -71.844  -13.104 1.0000000000
3592  -2.049  -69.757  -11.377 1.0000000000
3510  -6.179  -70.437  -4.539 1.0000000000
152897  5.273  -74.769  -13.948 0.6999999881
142292  5.220  -75.162  -13.248 0.6999999881
1389  4.588  -76.019  -12.812 0.6999999881
1390  3.864  -76.428  -12.764 0.6999999881
3621  -0.581  -70.350  -13.320 1.0000000000
4707  -2.709  -68.425  -12.668 1.0000000000
4679  -3.024  -67.862  -11.469 1.0000000000
5259  -4.574  -67.426  -10.753 0.8999999762
4074  -7.581  -69.969  -5.754 0.8999999762
3522  -8.251  -70.449  -5.641 0.8999999762
2190  5.408  -74.146  -15.793 0.6999999881
5258  -3.676  -67.536  -11.036 1.0000000000
3511  -7.231  -70.518  -4.587 1.0000000000
3007  -8.528  -70.839  -6.200 0.8999999762
141419  -6.423  -67.384  -11.117 0.8999999762
4638  -7.090  -68.182  -8.315 0.8999999762
152874  -8.455  -71.410  -6.571 0.8999999762
2657  4.349  -74.337  -17.824 0.4000000060
5252  -8.293  -67.944  -10.087 0.8999999762
4630  -8.283  -69.026  -7.828 0.8999999762
3032  -8.192  -70.854  -7.953 0.8999999762
4498  3.129  -68.886  6.727 0.6999999881
5061  3.291  -67.268  8.035 0.6000000238
133678  5.916  -72.343  -3.248 1.0000000000
139234  3.332  -73.428  -3.121 1.0000000000
2059  2.237  -73.346  -2.024 1.0000000000
1293  0.164  -75.277  -2.064 1.0000000000
2464  5.503  -73.079  -3.130 1.0000000000
2071  4.219  -73.562  -3.506 1.0000000000
129377  -0.272  -74.845  -2.547 1.0000000000
2057  4.801  -73.805  -3.259 1.0000000000
1318  -0.227  -75.650  -3.472 1.0000000000
1337  0.536  -75.757  -5.899 1.0000000000
2434  2.518  -72.471  4.574 1.0000000000
1644  3.863  -74.043  0.230 1.0000000000
1348  1.374  -76.610  -6.725 1.0000000000
134077  2.617  -72.779  2.859 1.0000000000
2028  2.988  -73.233  1.424 1.0000000000
1033  2.097  -78.045  -7.775 1.0000000000
141491  2.720  -76.784  -7.501 1.0000000000
753  2.702  -78.199  -8.489 1.0000000000
2025  3.514  -73.653  2.142 1.0000000000
766  2.369  -78.538  -8.971 1.0000000000
1350  -2.324  -75.998  -6.068 1.0000000000
2103  -3.174  -73.418  -5.093 1.0000000000
1349  -1.315  -75.589  -7.064 1.0000000000
148767  -2.288  -74.415  -5.807 1.0000000000
4178  5.796  -69.842  -13.707 1.0000000000
3607  1.683  -70.368  -12.316 1.0000000000
2597  4.046  -73.132  -12.439 0.8999999762
2598  3.385  -72.796  -12.390 0.8999999762
146055  0.807  -70.044  -12.522 1.0000000000
4135  -0.662  -69.414  -11.119 1.0000000000
4136  -1.394  -69.762  -11.223 1.0000000000
3525  -3.555  -70.298  -6.647 1.0000000000
2509  -3.063  -72.400  -5.409 1.0000000000
2994  -4.144  -70.939  -4.991 1.0000000000
4137  -2.899  -69.820  -11.001 1.0000000000
3518  -4.690  -69.993  -5.403 1.0000000000
146153  -5.668  -70.103  -5.056 1.0000000000
2620  5.573  -73.135  -14.563 0.6999999881
2177  5.103  -74.274  -13.311 0.6999999881
2168  4.959  -74.570  -12.899 0.8000000119
2169  4.512  -74.292  -12.605 0.8000000119
135994  -2.038  -69.103  -12.067 1.0000000000
4663  -3.217  -68.196  -10.537 1.0000000000
4139  -3.533  -68.644  -9.669 1.0000000000
3520  -6.683  -70.073  -5.256 1.0000000000
2640  4.876  -74.290  -17.002 0.6999999881
4650  -5.302  -67.845  -9.022 1.0000000000
5250  -5.940  -67.614  -9.721 0.8999999762
4665  -4.892  -67.657  -9.862 1.0000000000
4629  -7.588  -68.750  -7.684 0.8999999762
4082  -7.662  -69.597  -6.422 0.8999999762
4098  -8.347  -69.644  -7.358 0.8999999762
3129  5.175  -73.662  -17.893 0.6000000238
4109  -8.415  -69.495  -8.109 0.8999999762
131701  -8.403  -70.170  -7.603 0.8999999762
5071  3.101  -67.726  7.306 0.6000000238
3499  4.297  -70.986  -3.318 1.0000000000
1680  -0.227  -74.088  -2.141 1.0000000000
146851  2.516  -70.365  6.349 0.8999999762
2454  5.654  -72.541  -2.408 1.0000000000
130888  2.553  -72.142  2.921 1.0000000000
2917  2.184  -71.251  4.897 0.8999999762
2448  3.704  -72.830  0.140 1.0000000000
2455  4.554  -72.729  -0.939 1.0000000000
1692  -0.411  -74.605  -3.341 1.0000000000
1698  -0.200  -74.688  -4.255 1.0000000000
2036  3.358  -73.387  0.430 1.0000000000
2044  4.012  -73.655  -0.604 1.0000000000
1051  3.200  -77.511  -9.004 1.0000000000
1053  1.054  -78.250  -9.264 1.0000000000
134416  0.237  -77.023  -8.739 1.0000000000
1358  -0.283  -75.813  -8.207 1.0000000000
1720  -1.473  -74.386  -7.040 1.0000000000
5257  4.296  -66.913  -9.607 1.0000000000
2102  -2.509  -73.169  -5.750 1.0000000000
129376  5.507  -69.482  -12.821 1.0000000000
130877  3.884  -67.254  -8.864 1.0000000000
5243  3.189  -68.025  -8.439 1.0000000000
4149  1.490  -69.307  -11.158 1.0000000000
4150  0.593  -69.287  -11.409 1.0000000000
3574  -1.197  -70.180  -10.617 1.0000000000
1366  0.674  -76.025  -9.011 1.0000000000
1730  -0.671  -74.743  -7.965 1.0000000000
1721  -2.001  -73.868  -6.209 1.0000000000
4725  5.761  -69.117  -14.415 1.0000000000
148820  3.752  -71.733  -12.008 0.8999999762
3591  2.164  -69.880  -11.666 1.0000000000
2561  -1.584  -71.712  -9.830 1.0000000000
2525  -2.804  -71.807  -6.233 1.0000000000
2993  -3.360  -71.374  -5.545 1.0000000000
3606  2.895  -70.884  -11.939 0.8999999762
3576  -2.345  -70.485  -10.583 1.0000000000
3050  -2.536  -70.948  -10.042 1.0000000000
3590  3.060  -70.100  -11.595 1.0000000000
139023  -5.017  -69.610  -6.150 1.0000000000
3081  5.317  -72.084  -13.690 0.8000000119
2606  4.944  -73.185  -13.430 0.8000000119
2596  4.408  -73.506  -12.825 0.8000000119
3564  -3.989  -69.922  -8.618 1.0000000000
3543  -4.799  -69.511  -6.923 1.0000000000
3527  -5.809  -69.435  -6.526 1.0000000000
3112  6.228  -72.420  -15.728 0.8000000119
134598  -5.799  -68.135  -8.255 1.0000000000
4096  -6.859  -69.170  -6.931 0.8999999762
3528  -6.732  -69.590  -6.069 0.8999999762
136159  6.314  -72.153  -16.423 0.8000000119
4628  -6.356  -68.648  -7.632 0.8999999762
3128  5.970  -72.422  -17.270 0.6999999881
125269  5.860  -71.054  -17.436 0.8000000119
125256  4.183  -74.093  -18.808 0.5000000000
149086  1.380  -67.268  8.027 0.5000000000
4500  1.950  -68.157  6.243 0.6000000238
153761  4.825  -70.093  -2.489 1.0000000000
2466  2.689  -72.528  -2.487 1.0000000000
2456  1.567  -72.755  -1.352 1.0000000000
144694  2.770  -70.232  4.595 0.8000000119
3984  2.463  -69.719  6.006 0.6999999881
2955  5.706  -71.671  -2.535 1.0000000000
2965  5.341  -71.710  -3.380 1.0000000000
3435  2.660  -71.106  3.986 1.0000000000
2935  4.960  -72.043  -0.127 1.0000000000
148182  5.487  -72.062  -1.460 1.0000000000
2480  3.953  -72.352  -3.407 1.0000000000
2045  1.152  -73.450  -1.188 1.0000000000
1653  0.662  -73.996  -1.292 1.0000000000
2060  -0.019  -73.570  -1.542 1.0000000000
2924  3.073  -71.341  3.149 1.0000000000
134347  3.708  -72.287  0.852 1.0000000000
2073  -0.439  -73.378  -2.283 1.0000000000
2443  2.985  -72.384  1.582 1.0000000000
1697  0.170  -74.388  -5.143 1.0000000000
2499  0.208  -72.745  -4.930 1.0000000000
142037  0.603  -73.944  -5.547 1.0000000000
1718  2.264  -74.669  -6.658 1.0000000000
2091  0.038  -73.683  -4.743 1.0000000000
2100  1.643  -73.874  -6.186 1.0000000000
1347  2.669  -75.714  -6.999 1.0000000000
1356  4.617  -75.569  -8.129 1.0000000000
2101  0.803  -73.345  -5.553 1.0000000000
1040  4.380  -75.908  -8.333 1.0000000000
5880  4.045  -66.407  -9.236 1.0000000000
5874  4.162  -66.610  -8.476 1.0000000000
132917  1.775  -73.259  -6.114 1.0000000000
138099  3.308  -76.496  -8.893 1.0000000000
142937  1.183  -77.085  -9.230 1.0000000000
2523  2.948  -73.498  -6.820 1.0000000000
2111  3.777  -74.523  -7.622 1.0000000000
1365  1.844  -76.370  -9.190 1.0000000000
4092  4.655  -69.247  -7.297 1.0000000000
3003  4.702  -73.419  -6.938 1.0000000000
2535  4.135  -73.395  -7.205 1.0000000000
2132  3.623  -74.468  -8.137 1.0000000000
1740  2.367  -75.293  -8.788 1.0000000000
2114  -2.083  -72.976  -6.578 1.0000000000
147679  5.099  -68.192  -12.963 1.0000000000
4626  2.752  -68.391  -7.997 1.0000000000
151172  0.660  -69.041  -10.319 1.0000000000
4119  -0.383  -69.634  -10.215 1.0000000000
2546  1.310  -72.973  -9.018 1.0000000000
140401  1.011  -74.360  -9.574 1.0000000000
1742  0.182  -75.011  -9.178 1.0000000000
2113  -1.623  -73.528  -7.239 1.0000000000
2145  -0.303  -73.289  -10.053 1.0000000000
2123  -1.945  -72.853  -7.575 1.0000000000
3004  -2.733  -71.559  -7.182 1.0000000000
4148  3.356  -69.559  -11.057 1.0000000000
138030  2.537  -69.485  -10.944 1.0000000000
4661  1.877  -69.174  -10.212 1.0000000000
3040  -2.205  -71.552  -9.704 1.0000000000
3526  -4.198  -69.831  -6.326 1.0000000000
4197  5.803  -69.981  -14.750 1.0000000000
140952  5.272  -70.292  -13.004 0.8999999762
3041  -3.124  -70.939  -9.479 1.0000000000
3542  -3.900  -69.903  -7.243 1.0000000000
3634  5.853  -71.576  -14.552 0.8000000119
3067  4.378  -72.334  -12.640 0.8999999762
3068  3.886  -72.035  -11.984 0.8999999762
4107  -4.243  -69.179  -8.213 1.0000000000
3656  5.909  -71.102  -15.407 0.8000000119
4108  -5.096  -68.774  -7.809 1.0000000000
125266  5.506  -72.523  -18.268 0.6000000238
127390  4.686  -72.342  -19.788 0.5000000000
127428  5.260  -72.046  -19.067 0.6999999881
5063  0.667  -67.034  7.811 0.5000000000
4506  1.697  -67.866  5.677 0.6000000238
4505  2.306  -68.739  5.674 0.6999999881
3490  5.408  -70.620  -2.095 1.0000000000
2956  3.166  -71.538  -2.842 1.0000000000
136843  1.610  -71.479  -0.868 1.0000000000
4511  3.375  -68.931  4.494 0.8999999762
2934  5.195  -70.958  0.301 1.0000000000
2947  0.962  -72.204  -0.592 1.0000000000
144711  4.303  -70.989  2.568 1.0000000000
2928  4.940  -70.991  1.566 1.0000000000
2457  0.201  -72.517  -0.661 1.0000000000
2929  3.833  -71.658  1.592 1.0000000000
2084  -0.576  -73.199  -3.129 1.0000000000
2458  -0.292  -72.050  -0.506 1.0000000000
2092  -0.360  -73.855  -3.690 1.0000000000
2492  -0.539  -72.356  -3.425 1.0000000000
2507  1.054  -72.808  -5.565 1.0000000000
139550  -0.281  -72.184  -4.309 1.0000000000
2112  3.137  -74.044  -6.955 1.0000000000
1739  4.182  -75.400  -8.414 1.0000000000
5866  4.294  -66.736  -7.724 1.0000000000
2991  0.865  -71.510  -5.312 1.0000000000
2989  3.585  -72.338  -6.161 1.0000000000
2536  3.189  -73.530  -7.276 1.0000000000
1741  0.995  -75.156  -9.302 1.0000000000
148969  4.175  -66.884  -10.415 1.0000000000
3539  4.224  -71.326  -7.480 1.0000000000
131049  3.014  -72.639  -7.436 1.0000000000
2122  -1.279  -73.363  -8.513 1.0000000000
4648  0.872  -68.874  -9.285 1.0000000000
3541  1.000  -69.881  -7.973 1.0000000000
3017  0.908  -70.984  -8.345 1.0000000000
3029  0.548  -72.119  -9.356 1.0000000000
2559  -0.077  -72.806  -10.121 1.0000000000
2537  -1.821  -72.689  -8.542 1.0000000000
4676  4.987  -68.626  -11.701 1.0000000000
4660  2.697  -68.825  -9.658 1.0000000000
141913  1.833  -68.894  -9.582 1.0000000000
4106  0.813  -69.235  -8.570 1.0000000000
3561  -0.235  -70.426  -9.567 1.0000000000
3038  -0.301  -71.678  -9.799 1.0000000000
3039  -0.769  -72.098  -9.904 1.0000000000
2560  -1.436  -72.198  -9.659 1.0000000000
3018  -2.761  -71.531  -8.209 1.0000000000
4163  5.090  -69.320  -12.203 1.0000000000
4659  3.642  -68.520  -10.072 1.0000000000
3030  -2.733  -71.462  -9.055 1.0000000000
4742  5.470  -68.675  -15.174 1.0000000000
127348  5.627  -69.957  -16.581 0.8999999762
127479  5.499  -69.712  -17.444 0.8000000119
125267  5.549  -70.764  -18.438 0.8000000119
125268  5.263  -69.288  -18.193 0.8000000119
5669  -0.320  -65.865  8.243 0.5000000000
6898  -0.066  -64.591  8.387 0.5000000000
6288  0.564  -65.080  7.162 0.5000000000
5072  0.730  -67.116  7.105 0.6000000238
146926  4.365  -69.379  -2.442 1.0000000000
137046  2.116  -68.229  5.079 0.6999999881
134307  4.921  -69.540  -1.884 1.0000000000
4055  3.367  -69.663  -2.343 1.0000000000
3475  2.553  -70.220  -1.585 1.0000000000
2936  0.927  -71.326  0.077 1.0000000000
4520  4.814  -68.722  3.716 0.8999999762
3450  5.338  -70.296  1.291 1.0000000000
3498  4.230  -70.004  -2.909 1.0000000000
4009  4.996  -70.170  3.073 1.0000000000
151214  5.460  -69.936  2.690 1.0000000000
2946  2.325  -71.048  -1.743 1.0000000000
3442  5.339  -70.439  2.311 1.0000000000
2948  -0.664  -71.461  -0.738 1.0000000000
131418  -0.609  -72.160  -1.982 1.0000000000
2500  -0.321  -72.995  -4.019 1.0000000000
5865  4.276  -66.028  -7.860 1.0000000000
2506  2.060  -72.597  -5.971 1.0000000000
2990  2.014  -71.465  -5.447 1.0000000000
4091  6.101  -70.168  -6.982 1.0000000000
148304  5.357  -71.734  -6.046 1.0000000000
2133  2.292  -73.768  -8.180 1.0000000000
4625  3.561  -68.630  -7.617 1.0000000000
2134  1.194  -73.759  -9.565 1.0000000000
2136  -0.619  -73.417  -9.738 1.0000000000
5271  4.384  -67.352  -11.890 1.0000000000
5256  4.685  -67.436  -10.927 1.0000000000
3540  2.715  -71.189  -7.487 1.0000000000
3028  1.347  -72.045  -8.512 1.0000000000
2547  0.666  -73.159  -9.936 1.0000000000
2144  0.381  -73.605  -10.049 1.0000000000
132046  4.317  -67.474  -10.216 1.0000000000
5249  2.299  -68.443  -8.791 1.0000000000
143505  1.967  -68.717  -8.133 1.0000000000
4627  1.462  -69.145  -8.032 1.0000000000
4658  4.736  -68.685  -11.170 1.0000000000
5312  5.107  -68.015  -15.202 1.0000000000
125277  5.318  -68.962  -16.649 1.0000000000
127330  5.220  -68.633  -17.390 1.0000000000
125261  5.120  -70.959  -19.553 0.6999999881
125262  4.487  -71.711  -20.505 0.6000000238
125263  4.029  -72.656  -20.545 0.4000000060
146549  4.200  -71.371  -21.189 0.5000000000
5686  1.516  -66.778  5.397 0.6000000238
5096  2.746  -68.099  4.489 0.8000000119
5088  1.858  -67.473  5.006 0.6000000238
4575  3.573  -68.881  -2.188 1.0000000000
4031  2.346  -69.249  -0.397 1.0000000000
4551  1.893  -69.063  0.629 1.0000000000
4019  1.166  -69.748  1.348 1.0000000000
4008  5.416  -69.320  3.066 1.0000000000
4042  2.735  -69.402  -1.482 1.0000000000
3451  0.837  -70.594  0.921 1.0000000000
2937  0.091  -71.696  0.030 1.0000000000
2930  -0.350  -71.002  0.750 1.0000000000
2967  -0.664  -71.804  -2.739 1.0000000000
2958  -0.749  -71.403  -1.818 1.0000000000
2971  -0.600  -71.425  -3.819 1.0000000000
2979  -0.062  -71.529  -4.847 1.0000000000
2992  0.100  -70.663  -5.135 1.0000000000
4070  4.742  -69.394  -5.264 1.0000000000
3517  0.858  -70.600  -5.314 1.0000000000
139404  4.458  -71.498  -5.565 1.0000000000
4081  5.772  -69.346  -6.482 1.0000000000
4069  5.671  -69.836  -5.962 1.0000000000
3516  1.859  -70.375  -5.284 1.0000000000
5283  4.476  -67.376  -12.968 1.0000000000
135173  4.326  -65.344  -7.144 1.0000000000
5242  3.949  -67.310  -8.161 1.0000000000
4624  4.662  -68.162  -7.132 1.0000000000
3013  6.005  -71.981  -7.354 1.0000000000
2521  5.040  -73.175  -7.170 1.0000000000
5298  5.321  -68.292  -14.457 1.0000000000
151604  3.320  -66.335  -10.740 1.0000000000
142877  4.863  -64.697  -6.407 1.0000000000
3538  5.384  -71.268  -7.477 1.0000000000
4093  3.347  -69.866  -7.493 1.0000000000
5299  4.658  -67.343  -14.758 1.0000000000
5905  3.928  -66.586  -13.525 1.0000000000
5900  3.629  -66.595  -12.605 1.0000000000
5313  4.842  -67.604  -15.648 1.0000000000
125278  4.928  -67.567  -16.435 1.0000000000
134943  5.122  -67.732  -17.291 0.8999999762
144409  4.776  -70.572  -20.501 0.8000000119
125270  5.264  -69.622  -19.710 0.8000000119
6907  2.906  -64.247  8.017 0.5000000000
6908  1.691  -64.573  7.453 0.5000000000
6300  1.407  -65.259  6.480 0.6000000238
6917  2.451  -64.601  7.100 0.6000000238
6927  3.507  -64.591  5.892 0.6000000238
5685  2.253  -66.590  4.994 0.6000000238
6312  2.962  -65.534  5.376 0.6000000238
5095  3.685  -67.519  4.068 0.8000000119
4041  4.740  -68.349  -1.561 1.0000000000
144741  4.264  -67.951  -2.052 1.0000000000
5167  3.786  -67.993  -2.086 1.0000000000
5103  4.890  -67.239  3.075 1.0000000000
4549  4.978  -68.510  -0.100 1.0000000000
4541  1.262  -68.745  1.677 1.0000000000
5146  4.930  -67.455  -0.961 1.0000000000
5166  4.171  -67.050  -2.060 1.0000000000
5147  3.523  -67.255  -1.629 1.0000000000
5132  2.024  -68.099  0.595 1.0000000000
142948  0.438  -70.226  1.700 1.0000000000
3443  -0.355  -70.107  2.216 1.0000000000
139103  4.569  -66.129  1.300 1.0000000000
149478  4.990  -66.372  -1.323 1.0000000000
6377  4.059  -65.637  -1.967 1.0000000000
5760  3.408  -65.841  -1.311 1.0000000000
5131  2.263  -67.084  0.468 1.0000000000
3452  -0.034  -70.650  1.380 1.0000000000
6389  4.405  -65.540  -1.701 1.0000000000
5728  2.136  -66.388  0.984 1.0000000000
3453  -0.795  -70.518  1.513 1.0000000000
3477  -0.957  -70.815  -0.175 1.0000000000
6484  3.457  -65.721  -9.648 1.0000000000
3500  -0.843  -70.479  -2.119 1.0000000000
132088  -0.927  -69.564  -1.670 1.0000000000
4059  -0.779  -69.779  -3.040 1.0000000000
137555  -0.690  -69.883  -4.256 1.0000000000
4607  4.052  -68.318  -5.387 1.0000000000
138226  -0.734  -68.816  -3.299 1.0000000000
4073  -0.025  -69.253  -5.508 1.0000000000
4589  -0.532  -67.977  -2.979 1.0000000000
139525  1.795  -67.697  -5.856 1.0000000000
4611  -0.302  -68.406  -5.170 1.0000000000
5192  -0.137  -67.249  -3.572 1.0000000000
5913  4.094  -66.512  -14.251 1.0000000000
5829  4.295  -66.657  -5.964 1.0000000000
5214  3.090  -67.352  -5.734 1.0000000000
5217  0.037  -67.725  -5.511 1.0000000000
5800  0.124  -66.260  -3.177 1.0000000000
5906  3.292  -66.063  -13.378 1.0000000000
7073  4.347  -64.450  -7.249 1.0000000000
6434  4.371  -65.573  -6.055 1.0000000000
5831  2.815  -66.298  -5.945 1.0000000000
5215  1.624  -66.913  -6.094 1.0000000000
134065  0.787  -66.624  -6.029 1.0000000000
5813  0.131  -66.513  -4.194 1.0000000000
5799  0.368  -65.559  -3.682 1.0000000000
137630  2.855  -66.063  -12.228 1.0000000000
7105  3.094  -64.603  -9.125 1.0000000000
5832  1.476  -66.007  -6.034 1.0000000000
5833  0.676  -65.856  -5.584 1.0000000000
7113  2.898  -64.982  -9.934 1.0000000000
7089  3.003  -64.086  -8.603 1.0000000000
7062  5.079  -64.013  -6.319 1.0000000000
6437  1.415  -65.028  -5.667 1.0000000000
5812  0.351  -65.876  -4.725 1.0000000000
5932  4.450  -66.890  -15.873 1.0000000000
5950  4.685  -66.935  -17.093 1.0000000000
5963  4.579  -66.755  -18.008 1.0000000000
4826  4.517  -69.314  -21.601 0.6999999881
5387  5.328  -68.240  -20.731 0.8999999762
127247  5.268  -68.838  -18.906 0.8999999762
4276  3.824  -70.676  -22.635 0.6000000238
127202  4.336  -70.536  -21.471 0.6000000238
7503  3.477  -63.847  7.958 0.5000000000
6311  3.687  -65.308  5.162 0.6000000238
5706  4.355  -66.939  3.719 0.8000000119
6323  4.150  -65.677  4.727 0.8000000119
4550  2.503  -68.439  -0.394 1.0000000000
5111  5.152  -67.438  2.343 1.0000000000
5777  4.414  -66.178  -1.941 1.0000000000
4531  0.447  -68.793  2.672 1.0000000000
5719  -2.681  -66.879  3.314 1.0000000000
6376  4.682  -65.271  -1.305 1.0000000000
6378  3.613  -64.995  -1.138 1.0000000000
6359  2.033  -65.153  1.722 1.0000000000
4532  -0.264  -68.750  3.228 1.0000000000
4022  -1.423  -69.582  2.246 1.0000000000
5107  -1.822  -67.213  3.625 1.0000000000
141578  -1.457  -69.290  0.172 1.0000000000
5121  -1.997  -68.159  2.366 1.0000000000
5730  -2.863  -67.194  2.328 1.0000000000
4561  -1.115  -68.708  -0.774 1.0000000000
4562  -1.385  -68.328  0.008 1.0000000000
5168  -0.813  -67.666  -1.283 1.0000000000
5148  -1.243  -67.750  -0.549 1.0000000000
4586  -0.757  -68.730  -2.424 1.0000000000
138054  -0.560  -67.739  -2.056 1.0000000000
132480  -0.500  -66.953  -1.910 1.0000000000
132528  4.512  -64.547  -5.693 1.0000000000
6390  -0.605  -65.928  -2.501 1.0000000000
7729  2.115  -64.620  -11.225 1.0000000000
7716  2.249  -64.555  -10.426 1.0000000000
6405  -0.955  -65.512  -2.704 1.0000000000
6498  2.667  -65.577  -13.030 1.0000000000
6436  2.450  -65.299  -5.836 1.0000000000
5788  0.240  -65.411  -3.037 1.0000000000
6507  3.609  -66.036  -13.954 1.0000000000
6508  3.083  -65.441  -13.917 1.0000000000
138579  2.379  -65.308  -12.039 1.0000000000
7674  3.218  -63.707  -7.833 1.0000000000
7661  4.673  -63.617  -6.335 1.0000000000
149076  2.146  -64.499  -5.546 1.0000000000
7028  0.011  -64.501  -3.551 1.0000000000
5933  3.801  -66.108  -15.581 1.0000000000
5951  4.095  -66.232  -16.573 1.0000000000
127035  3.971  -69.399  -22.733 0.8999999762
6005  5.231  -67.286  -20.741 0.8999999762
5357  5.387  -67.782  -18.915 1.0000000000
8155  3.733  -63.335  7.737 0.5000000000
6916  3.595  -64.205  7.313 0.5000000000
6926  4.259  -63.667  6.529 0.6000000238
7513  4.170  -63.408  7.435 0.5000000000
6310  3.950  -64.599  5.248 0.6000000238
6322  4.359  -65.217  4.441 0.8000000119
7564  -0.086  -63.008  3.302 1.0000000000
6938  -1.283  -64.059  4.350 1.0000000000
6345  4.366  -65.859  2.453 1.0000000000
6951  4.349  -64.573  3.743 0.8000000119
146531  0.137  -64.463  3.726 1.0000000000
6324  -1.191  -65.056  4.606 1.0000000000
146005  0.931  -68.070  2.336 1.0000000000
6337  0.182  -65.085  3.817 1.0000000000
5709  -1.516  -66.607  4.237 1.0000000000
6325  -2.641  -65.861  4.389 1.0000000000
6357  4.654  -65.547  0.337 1.0000000000
5729  1.723  -66.097  1.881 1.0000000000
4522  0.244  -67.945  3.170 1.0000000000
6346  1.458  -65.322  2.521 1.0000000000
5105  -0.345  -67.192  3.622 1.0000000000
4524  -1.324  -68.189  3.474 1.0000000000
9791  2.637  -60.380  -14.612 1.0000000000
5743  -2.996  -67.315  0.547 1.0000000000
9142  2.614  -61.142  -16.066 1.0000000000
5134  -2.574  -67.416  1.171 1.0000000000
149447  -2.033  -67.541  0.468 1.0000000000
5763  -2.742  -67.296  -0.469 1.0000000000
5742  -2.357  -67.397  0.041 1.0000000000
130537  -2.404  -67.068  -1.282 1.0000000000
5761  -1.211  -67.163  -1.300 1.0000000000
5779  -1.608  -66.629  -1.733 1.0000000000
142210  0.889  -62.557  -16.312 1.0000000000
6391  -1.106  -66.129  -2.303 1.0000000000
7164  2.224  -64.230  -15.973 1.0000000000
7049  4.133  -63.927  -5.554 1.0000000000
6415  -1.849  -65.634  -3.079 1.0000000000
8366  3.130  -63.439  -7.183 1.0000000000
8339  2.942  -63.015  -6.356 1.0000000000
7645  3.171  -63.424  -5.757 1.0000000000
150580  1.835  -63.840  -5.372 1.0000000000
6423  1.164  -64.467  -5.190 1.0000000000
7633  0.601  -64.027  -4.966 1.0000000000
6544  3.242  -65.461  -15.304 1.0000000000
5976  4.300  -66.199  -18.369 1.0000000000
126527  4.422  -67.454  -22.463 0.8999999762
138969  4.624  -65.947  -19.245 1.0000000000
142401  4.748  -68.110  -21.794 0.8999999762
5975  5.092  -66.803  -18.923 1.0000000000
8852  1.640  -61.444  5.583 0.5000000000
8165  3.324  -62.635  7.023 0.5000000000
9537  3.885  -60.805  4.115 0.6999999881
8858  3.988  -61.504  4.772 0.6000000238
8174  3.353  -62.180  6.158 0.6000000238
7523  4.561  -63.164  6.131 0.6999999881
8865  4.290  -61.439  3.869 0.8000000119
8181  4.421  -62.379  4.210 0.8000000119
134574  4.379  -63.473  3.940 0.8000000119
142164  4.241  -63.691  5.574 0.8000000119
8902  0.986  -61.635  0.444 1.0000000000
8207  0.491  -62.704  2.565 1.0000000000
7561  4.561  -63.248  1.907 0.8000000119
7548  4.387  -62.880  3.065 0.8000000119
8924  1.594  -61.410  -0.273 1.0000000000
8206  1.198  -62.804  2.155 1.0000000000
7563  0.599  -63.453  3.087 1.0000000000
6939  -2.394  -64.648  4.757 1.0000000000
6962  4.443  -64.240  1.600 1.0000000000
130721  4.255  -64.930  2.622 0.8999999762
131878  2.701  -67.588  -0.570 1.0000000000
6940  -2.886  -65.123  4.646 1.0000000000
7571  4.822  -63.504  0.685 1.0000000000
5741  2.649  -66.193  0.016 1.0000000000
7573  1.644  -63.495  2.042 1.0000000000
143482  1.151  -63.938  2.727 1.0000000000
6348  -3.804  -66.169  3.429 1.0000000000
7579  4.920  -63.597  -0.370 1.0000000000
7005  4.376  -63.637  -1.400 1.0000000000
6366  2.840  -65.394  -0.167 1.0000000000
6347  0.801  -65.303  3.235 1.0000000000
5721  -3.986  -66.789  2.748 1.0000000000
7594  4.697  -63.610  -1.087 1.0000000000
5717  0.933  -66.146  2.816 1.0000000000
5708  -0.771  -66.508  4.193 1.0000000000
9770  1.992  -59.816  -13.990 1.0000000000
5732  -4.406  -67.218  1.876 1.0000000000
135161  -3.432  -67.301  0.075 1.0000000000
9793  0.239  -60.375  -14.713 1.0000000000
149280  -0.673  -59.975  -11.900 1.0000000000
9143  0.340  -61.549  -15.799 1.0000000000
9792  1.309  -60.216  -14.832 1.0000000000
9118  -0.101  -61.714  -15.079 1.0000000000
9119  -0.409  -61.160  -14.564 1.0000000000
9095  -0.409  -60.679  -12.674 1.0000000000
9750  -0.433  -60.253  -10.957 1.0000000000
9733  -0.567  -60.342  -10.459 1.0000000000
8504  1.837  -62.665  -17.139 1.0000000000
134908  -0.273  -61.663  -14.106 1.0000000000
9094  0.036  -61.522  -12.083 1.0000000000
6406  -1.722  -66.094  -2.401 1.0000000000
5790  -2.554  -66.238  -2.706 1.0000000000
8486  0.780  -62.072  -16.428 1.0000000000
8439  0.239  -62.355  -13.535 1.0000000000
8436  0.360  -62.371  -12.538 1.0000000000
9718  0.042  -60.556  -9.554 1.0000000000
5801  -2.646  -66.165  -3.641 1.0000000000
7746  1.758  -64.266  -13.513 1.0000000000
135620  0.705  -63.130  -12.037 1.0000000000
131120  0.992  -61.751  -9.686 1.0000000000
9075  0.751  -61.984  -10.593 1.0000000000
7029  -0.771  -64.476  -3.790 1.0000000000
140855  1.321  -61.206  -9.074 1.0000000000
7648  0.249  -63.819  -5.353 1.0000000000
152757  2.641  -64.697  -14.321 1.0000000000
7145  2.352  -64.337  -14.734 1.0000000000
130989  1.233  -63.442  -10.112 1.0000000000
9026  2.193  -61.913  -7.455 1.0000000000
8353  2.419  -62.376  -6.965 1.0000000000
8340  1.843  -62.581  -5.784 1.0000000000
8341  1.053  -62.594  -5.775 1.0000000000
6578  3.234  -65.002  -17.074 1.0000000000
6577  3.757  -65.655  -17.182 1.0000000000
144933  3.841  -65.787  -17.923 1.0000000000
6630  4.044  -65.716  -22.095 0.8999999762
6006  4.864  -66.517  -20.818 1.0000000000
6018  4.837  -67.174  -21.471 0.8999999762
125283  3.449  -68.827  -24.158 0.5000000000
129082  1.700  -60.804  4.189 0.5000000000
150031  3.494  -60.390  3.710 0.6999999881
8173  4.278  -62.552  6.400 0.5000000000
8857  4.170  -61.796  4.636 0.6000000238
8849  4.165  -62.110  5.449 0.6000000238
9633  2.230  -59.955  -2.972 1.0000000000
7534  4.486  -63.070  5.143 0.8000000119
8238  0.350  -61.899  1.130 1.0000000000
8208  -0.422  -62.454  2.730 1.0000000000
8205  4.554  -62.242  2.291 0.8999999762
143015  2.230  -60.586  -1.797 1.0000000000
8237  1.315  -62.026  1.070 1.0000000000
8192  -0.888  -62.670  3.503 1.0000000000
7535  -1.429  -63.023  4.207 1.0000000000
8218  4.911  -62.590  1.097 0.8999999762
8943  2.989  -60.883  -1.483 1.0000000000
146708  -2.271  -63.699  4.639 1.0000000000
8261  3.385  -62.306  -0.998 1.0000000000
128838  -4.190  -64.857  4.100 1.0000000000
7595  4.111  -63.097  -1.433 1.0000000000
7596  3.425  -63.319  -0.946 1.0000000000
7572  2.149  -63.435  1.049 1.0000000000
6973  2.091  -64.297  1.427 1.0000000000
5722  -4.988  -66.645  2.684 1.0000000000
7580  2.684  -63.404  0.006 1.0000000000
9767  4.344  -60.610  -13.415 1.0000000000
10455  0.798  -59.728  -14.066 1.0000000000
5745  -5.891  -67.367  1.104 1.0000000000
10403  -0.943  -59.290  -12.015 1.0000000000
5151  -5.692  -67.772  -0.436 1.0000000000
9757  -0.546  -59.881  -12.766 1.0000000000
9751  -1.187  -59.764  -11.393 1.0000000000
5792  -4.094  -67.419  -1.826 1.0000000000
9812  0.662  -60.810  -15.523 1.0000000000
9077  -1.952  -60.899  -10.248 1.0000000000
9159  1.523  -62.169  -16.819 1.0000000000
9060  -0.471  -60.938  -9.081 1.0000000000
5834  -2.788  -66.171  -5.145 1.0000000000
141131  -3.430  -66.669  -3.198 1.0000000000
9042  -0.242  -61.574  -8.379 1.0000000000
7074  -0.579  -64.197  -7.867 1.0000000000
132713  -2.205  -65.495  -4.879 1.0000000000
7822  1.844  -63.104  -17.217 1.0000000000
8432  0.506  -62.263  -11.539 1.0000000000
153813  1.137  -61.022  -9.540 1.0000000000
9041  0.497  -60.911  -8.646 1.0000000000
7063  -0.620  -64.457  -6.259 1.0000000000
6439  -1.874  -65.154  -5.539 1.0000000000
6426  -1.879  -65.192  -3.897 1.0000000000
7760  1.109  -63.252  -14.846 1.0000000000
8435  0.809  -63.174  -13.048 1.0000000000
9029  0.319  -61.525  -7.924 1.0000000000
7663  -0.208  -63.741  -6.848 1.0000000000
132084  -0.069  -63.786  -5.859 1.0000000000
7038  -0.754  -64.274  -4.598 1.0000000000
7747  1.261  -63.652  -13.783 1.0000000000
8402  0.890  -62.781  -10.279 1.0000000000
9058  1.193  -62.028  -9.015 1.0000000000
9027  1.693  -61.582  -7.618 1.0000000000
8355  0.743  -62.147  -6.405 1.0000000000
7662  0.305  -62.979  -5.952 1.0000000000
7179  2.568  -64.353  -17.034 1.0000000000
7198  3.524  -64.626  -18.414 1.0000000000
7212  3.908  -64.629  -19.174 1.0000000000
141435  4.230  -65.269  -19.450 1.0000000000
6608  4.563  -65.701  -20.187 1.0000000000
134228  4.168  -66.753  -22.917 0.8999999762
143990  3.730  -66.858  -24.094 0.8000000119
9632  3.001  -59.328  -2.786 1.0000000000
136258  1.384  -61.110  -1.098 1.0000000000
9549  4.308  -60.376  2.951 0.6999999881
8879  4.494  -61.139  2.869 0.8000000119
8889  4.835  -61.530  1.596 0.8000000119
9616  3.308  -60.080  -2.239 1.0000000000
8209  -1.331  -62.199  2.788 1.0000000000
8942  4.213  -60.955  -1.912 1.0000000000
8236  1.967  -62.188  0.840 1.0000000000
153054  -3.202  -63.631  4.624 1.0000000000
8234  5.340  -61.963  0.213 1.0000000000
135508  5.166  -61.766  -0.838 1.0000000000
8260  4.410  -61.946  -1.554 1.0000000000
6954  -4.728  -64.160  3.999 1.0000000000
6349  -4.565  -66.013  3.288 1.0000000000
6350  -5.384  -65.678  3.022 1.0000000000
138700  5.250  -62.883  0.094 1.0000000000
8259  5.120  -62.686  -0.764 1.0000000000
132120  -4.243  -65.533  3.726 1.0000000000
7604  4.663  -62.855  -1.374 1.0000000000
5136  -6.273  -67.492  0.310 1.0000000000
133734  3.992  -60.544  -12.886 1.0000000000
10437  1.495  -59.214  -13.227 1.0000000000
147354  0.829  -58.784  -12.787 1.0000000000
9789  4.527  -60.770  -14.710 1.0000000000
5170  -6.090  -68.096  -1.138 1.0000000000
10389  -2.131  -59.558  -11.296 1.0000000000
129599  -5.799  -68.285  -1.979 1.0000000000
9155  4.477  -60.879  -15.664 1.0000000000
8422  -2.890  -62.531  -10.262 1.0000000000
8483  3.221  -62.119  -16.847 1.0000000000
5193  -5.651  -68.160  -3.927 1.0000000000
5184  -5.650  -68.262  -2.967 1.0000000000
9813  -0.127  -60.955  -15.150 1.0000000000
7702  -2.002  -63.773  -9.644 1.0000000000
5835  -3.549  -66.581  -5.429 1.0000000000
5816  -4.215  -67.014  -4.757 1.0000000000
134292  -4.148  -67.138  -2.737 1.0000000000
8484  2.389  -62.435  -17.135 1.0000000000
7684  -0.834  -63.507  -8.451 1.0000000000
153255  -2.426  -65.776  -5.607 1.0000000000
5802  -3.806  -66.843  -3.928 1.0000000000
8503  2.695  -63.075  -17.553 1.0000000000
8383  -0.654  -62.489  -8.287 1.0000000000
8447  0.365  -62.514  -15.017 1.0000000000
7675  -0.384  -63.113  -7.646 1.0000000000
8520  3.481  -63.644  -18.104 1.0000000000
7802  1.938  -63.630  -16.972 1.0000000000
9028  0.990  -61.367  -7.796 1.0000000000
8368  0.501  -61.803  -7.193 1.0000000000
7836  3.318  -64.119  -18.124 1.0000000000
7223  3.968  -65.202  -20.920 1.0000000000
7235  3.775  -64.649  -21.801 1.0000000000
127963  3.709  -66.026  -23.231 0.8000000119
9551  2.231  -60.011  2.934 0.6000000238
10931  2.785  -58.154  -1.954 0.8999999762
10945  2.660  -58.347  -2.923 1.0000000000
10294  2.102  -59.066  -3.871 1.0000000000
10187  3.228  -59.483  2.293 0.6000000238
10201  4.090  -59.105  1.242 0.8000000119
10910  3.289  -58.594  -1.575 0.8999999762
9647  1.694  -59.553  -4.045 1.0000000000
8925  0.678  -61.400  -0.397 1.0000000000
9567  4.699  -59.815  1.286 0.8000000119
153701  -0.268  -61.823  0.822 1.0000000000
8223  -0.898  -62.105  1.981 1.0000000000
10200  4.805  -59.464  0.242 0.8999999762
10236  4.783  -59.497  -0.839 1.0000000000
9615  3.787  -59.793  -1.993 1.0000000000
8182  -2.203  -62.748  4.217 1.0000000000
136686  5.018  -60.787  0.929 0.8999999762
9581  5.169  -60.190  -0.757 1.0000000000
7553  -4.396  -63.271  3.886 1.0000000000
9599  5.061  -60.317  -1.702 1.0000000000
8193  -2.726  -62.300  3.651 1.0000000000
151044  -4.926  -63.677  3.689 1.0000000000
6964  -5.945  -64.230  2.733 1.0000000000
8275  4.901  -61.873  -1.445 1.0000000000
6361  -6.635  -65.627  1.994 1.0000000000
5734  -6.395  -66.704  1.708 1.0000000000
6367  -7.194  -66.020  1.204 1.0000000000
10435  5.151  -59.873  -13.593 1.0000000000
10418  2.388  -59.284  -12.504 1.0000000000
11079  1.385  -58.265  -11.703 1.0000000000
11080  0.713  -58.346  -12.256 1.0000000000
11081  -1.031  -58.078  -11.746 1.0000000000
5153  -7.021  -67.848  -1.080 1.0000000000
147186  -7.341  -67.392  -0.490 1.0000000000
5781  -8.620  -66.666  -1.603 1.0000000000
10468  5.043  -59.459  -15.342 1.0000000000
9769  3.297  -60.339  -13.563 1.0000000000
10404  -1.760  -59.001  -11.763 1.0000000000
10390  -2.884  -59.590  -10.999 1.0000000000
5171  -6.578  -68.168  -1.718 1.0000000000
5186  -7.699  -67.908  -2.696 1.0000000000
11125  4.681  -58.557  -15.891 1.0000000000
9829  4.870  -60.946  -16.406 1.0000000000
9735  -2.558  -60.305  -10.766 1.0000000000
5203  -6.613  -68.191  -4.206 1.0000000000
5196  -8.193  -67.806  -3.484 1.0000000000
5793  -8.807  -66.899  -2.464 1.0000000000
5838  -6.129  -67.344  -5.581 1.0000000000
5818  -5.867  -67.766  -4.781 1.0000000000
9156  4.210  -61.149  -16.000 1.0000000000
9811  1.915  -60.699  -15.527 1.0000000000
8404  -2.198  -62.931  -9.845 1.0000000000
6465  -5.696  -65.633  -7.488 1.0000000000
7091  -3.012  -65.213  -9.127 1.0000000000
5836  -4.450  -66.876  -5.880 1.0000000000
5837  -5.431  -66.980  -6.104 1.0000000000
6463  -3.307  -65.913  -7.657 1.0000000000
6451  -3.073  -66.195  -6.865 1.0000000000
135458  -1.190  -65.013  -7.853 1.0000000000
6462  -2.495  -65.753  -7.392 1.0000000000
5851  -2.963  -66.196  -5.977 1.0000000000
9087  0.351  -61.327  -11.069 1.0000000000
8369  -0.142  -62.112  -7.642 1.0000000000
149879  -0.635  -64.599  -7.231 1.0000000000
7849  4.083  -63.460  -19.493 1.0000000000
7862  4.082  -63.426  -20.385 1.0000000000
135777  3.646  -63.849  -22.666 0.8999999762
127721  3.033  -66.768  -24.977 0.8000000119
10188  1.909  -59.684  2.207 0.6000000238
10218  3.392  -58.569  0.434 0.8000000119
10202  2.777  -59.092  1.476 0.6999999881
10911  2.958  -58.302  -0.917 0.8999999762
9634  1.297  -60.267  -3.431 1.0000000000
8944  0.472  -61.256  -1.405 1.0000000000
143533  -0.839  -61.858  0.524 1.0000000000
10260  4.451  -59.726  -1.646 1.0000000000
8926  -0.270  -61.590  -0.841 1.0000000000
8239  -1.367  -61.916  1.116 1.0000000000
8210  -2.326  -61.976  2.798 1.0000000000
8945  -0.384  -61.531  -1.943 1.0000000000
8224  -2.808  -61.767  1.899 1.0000000000
8211  -3.414  -61.974  2.816 1.0000000000
150385  -4.070  -61.970  2.456 1.0000000000
7565  -5.628  -63.404  2.815 1.0000000000
147464  -7.102  -65.005  1.476 1.0000000000
6368  -7.818  -65.858  0.415 1.0000000000
5767  -8.387  -66.446  -0.845 1.0000000000
11776  0.587  -57.915  -11.606 1.0000000000
11778  -1.756  -57.820  -11.294 1.0000000000
6407  -9.151  -66.138  -2.133 1.0000000000
7689  -6.332  -63.380  -8.593 1.0000000000
128741  -7.950  -67.531  -5.166 1.0000000000
5805  -9.536  -66.895  -3.846 1.0000000000
10487  4.978  -59.198  -17.218 1.0000000000
9078  -2.946  -61.393  -10.447 1.0000000000
5856  -7.206  -66.647  -6.592 1.0000000000
5840  -8.853  -67.194  -5.394 1.0000000000
5841  -9.587  -66.713  -5.694 1.0000000000
10456  -0.049  -59.922  -13.956 1.0000000000
7076  -5.306  -64.924  -8.027 1.0000000000
5855  -6.323  -66.816  -6.352 1.0000000000
9841  5.446  -61.145  -17.453 1.0000000000
9141  3.680  -61.083  -15.557 1.0000000000
7107  -2.454  -64.505  -9.569 1.0000000000
6464  -4.157  -65.844  -7.782 1.0000000000
5854  -5.614  -66.449  -6.830 1.0000000000
6470  -10.260  -65.543  -7.551 1.0000000000
9170  4.835  -62.043  -17.658 1.0000000000
130554  -4.930  -66.652  -6.552 1.0000000000
9185  5.203  -61.658  -18.409 1.0000000000
5867  -3.886  -66.292  -7.133 1.0000000000
8518  4.852  -62.225  -19.071 1.0000000000
8501  4.573  -62.514  -18.274 1.0000000000
132870  3.865  -63.127  -17.950 1.0000000000
8548  4.341  -62.468  -20.494 1.0000000000
7876  3.685  -63.085  -22.243 1.0000000000
128577  3.852  -63.662  -21.491 1.0000000000
6642  3.614  -64.906  -23.300 0.8999999762
140437  3.010  -64.654  -25.014 0.6999999881
6661  2.555  -65.627  -25.684 0.6000000238
10189  0.751  -59.719  2.223 0.6000000238
10203  1.515  -59.378  1.511 0.6000000238
10899  2.352  -58.308  0.011 0.8000000119
130687  2.251  -58.859  0.867 0.6000000238
9662  1.019  -59.457  -4.637 1.0000000000
9663  0.345  -59.720  -4.805 1.0000000000
10295  1.446  -59.036  -4.472 1.0000000000
8959  0.469  -60.794  -3.301 1.0000000000
8960  -0.450  -61.447  -3.232 1.0000000000
8276  -1.218  -61.884  -1.545 1.0000000000
143238  -1.791  -61.717  0.026 1.0000000000
8263  -1.743  -61.876  -0.938 1.0000000000
8240  -2.306  -61.742  0.997 1.0000000000
8226  -4.566  -62.000  2.045 1.0000000000
145956  -5.775  -62.887  2.338 1.0000000000
7566  -6.182  -63.513  2.284 1.0000000000
8264  -2.427  -61.768  -1.065 1.0000000000
131553  -2.841  -61.558  -0.047 1.0000000000
6975  -7.240  -64.050  1.202 1.0000000000
6392  -8.861  -65.705  -1.235 1.0000000000
11105  5.196  -58.996  -13.886 1.0000000000
130610  2.986  -59.681  -11.835 1.0000000000
11063  1.899  -58.300  -11.029 1.0000000000
11763  -0.485  -57.593  -10.593 1.0000000000
8386  -5.566  -61.922  -8.622 1.0000000000
140878  -7.871  -67.240  -1.122 1.0000000000
7019  -9.201  -65.204  -2.022 1.0000000000
11095  1.531  -58.696  -12.401 1.0000000000
9063  -3.888  -61.046  -9.913 1.0000000000
8407  -4.917  -61.784  -8.655 1.0000000000
134521  -7.478  -64.396  -8.842 1.0000000000
147308  -9.864  -66.300  -4.301 1.0000000000
133010  -4.337  -61.892  -9.333 1.0000000000
8406  -4.694  -62.844  -9.176 1.0000000000
6467  -7.344  -65.426  -7.788 1.0000000000
6455  -9.044  -66.440  -7.084 1.0000000000
135735  5.347  -60.302  -17.013 1.0000000000
7108  -3.433  -64.415  -9.663 1.0000000000
7109  -8.987  -64.249  -9.589 1.0000000000
7692  -10.887  -64.250  -8.845 1.0000000000
9852  5.560  -60.675  -18.610 1.0000000000
7708  -10.424  -63.762  -9.651 1.0000000000
9217  4.995  -60.914  -20.064 1.0000000000
138493  4.239  -61.682  -21.122 1.0000000000
145565  4.013  -62.610  -21.464 1.0000000000
8565  3.489  -62.230  -22.716 1.0000000000
142563  3.206  -63.784  -24.033 0.8000000119
141033  2.537  -63.746  -25.075 0.6999999881
10204  0.372  -59.437  1.555 0.6000000238
10219  1.234  -59.019  0.772 0.6999999881
10900  1.185  -58.436  -0.154 0.6999999881
10933  1.007  -57.969  -2.391 0.8000000119
10947  0.798  -58.248  -3.339 0.8000000119
10296  0.707  -58.914  -4.768 0.8999999762
10934  0.013  -58.475  -2.483 0.8000000119
8975  -0.036  -61.016  -4.099 1.0000000000
8976  -0.823  -61.440  -4.277 1.0000000000
8961  -1.472  -62.152  -3.706 1.0000000000
8277  -2.142  -62.052  -1.777 1.0000000000
8265  -3.143  -61.647  -1.338 1.0000000000
146332  -3.587  -61.420  -0.421 1.0000000000
8227  -5.494  -62.260  1.854 1.0000000000
8228  -6.235  -62.780  1.917 1.0000000000
7575  -7.190  -63.137  1.252 1.0000000000
7581  -7.752  -63.284  0.807 1.0000000000
8891  -6.776  -61.928  1.096 1.0000000000
6997  -8.145  -64.927  0.130 1.0000000000
6982  -8.379  -64.269  -0.042 1.0000000000
11117  4.851  -58.561  -14.853 1.0000000000
9731  4.271  -60.226  -11.268 1.0000000000
10402  3.164  -59.609  -11.114 1.0000000000
11065  -3.189  -58.904  -10.641 1.0000000000
7006  -9.002  -64.810  -1.403 1.0000000000
7705  -7.796  -63.079  -9.630 1.0000000000
7020  -9.513  -64.680  -2.655 1.0000000000
7030  -9.728  -65.000  -3.438 1.0000000000
11146  4.418  -58.041  -17.474 1.0000000000
9720  -3.797  -60.096  -10.012 1.0000000000
7098  -9.381  -64.873  -8.989 1.0000000000
7052  -10.441  -65.258  -5.210 1.0000000000
7097  -8.421  -64.683  -8.975 1.0000000000
7664  -11.118  -64.149  -6.709 1.0000000000
11159  4.461  -58.221  -18.276 1.0000000000
11872  2.311  -56.453  -20.793 0.6999999881
7686  -4.421  -63.963  -9.189 1.0000000000
128233  5.086  -59.491  -19.114 1.0000000000
9218  4.504  -60.871  -20.856 1.0000000000
9230  3.600  -61.452  -22.280 1.0000000000
8574  3.033  -62.012  -23.904 0.8999999762
7900  2.770  -62.846  -24.353 0.6999999881
10205  -0.644  -59.258  1.597 0.6000000238
10220  -0.042  -59.207  0.704 0.6999999881
10206  -1.364  -59.016  1.351 0.5000000000
10221  -1.225  -59.313  0.868 0.6000000238
10914  -0.052  -58.676  -1.299 0.6999999881
10297  -0.199  -58.918  -4.591 0.8999999762
9664  -0.442  -60.013  -4.876 1.0000000000
9650  -1.340  -60.277  -4.684 1.0000000000
10901  -2.143  -58.880  0.769 0.6000000238
10238  -1.286  -59.217  -1.063 0.6999999881
10262  -1.020  -58.939  -2.513 0.6999999881
10298  -1.153  -59.358  -4.395 0.8000000119
8977  -1.617  -61.835  -4.357 1.0000000000
8289  -2.327  -62.407  -3.494 1.0000000000
8279  -3.254  -61.870  -2.242 1.0000000000
10223  -2.419  -59.170  0.205 0.6000000238
10239  -2.257  -59.342  -0.689 0.6000000238
10263  -2.015  -59.367  -1.865 0.6999999881
153002  -3.412  -61.689  -1.785 1.0000000000
10282  -2.661  -59.490  -3.051 0.8000000119
8995  -2.316  -62.051  -4.239 1.0000000000
8243  -5.547  -61.735  1.128 1.0000000000
149327  -6.154  -61.701  1.012 1.0000000000
11076  5.269  -59.358  -11.693 0.8999999762
10386  4.476  -60.023  -10.512 0.8999999762
8244  -7.435  -62.387  0.977 1.0000000000
11094  5.091  -58.511  -12.175 0.8999999762
7582  -8.398  -63.521  0.154 1.0000000000
7597  -9.238  -63.398  -0.798 1.0000000000
134672  4.801  -58.078  -14.029 0.8999999762
11093  5.342  -59.392  -12.444 0.8999999762
10399  5.148  -60.071  -11.853 0.8999999762
10388  3.411  -59.631  -10.290 1.0000000000
11761  1.521  -58.051  -10.390 1.0000000000
11747  0.107  -57.795  -9.617 1.0000000000
11734  -2.188  -58.614  -8.995 1.0000000000
11750  -2.358  -58.199  -9.994 1.0000000000
9706  -4.095  -60.353  -7.554 1.0000000000
134132  -5.970  -60.711  -8.323 1.0000000000
7606  -9.543  -63.666  -1.655 1.0000000000
11833  4.347  -57.751  -16.700 0.8999999762
11762  0.562  -57.696  -10.658 1.0000000000
9079  -7.503  -61.222  -9.789 1.0000000000
7616  -10.091  -63.375  -3.092 1.0000000000
9657  -11.675  -60.855  -3.341 1.0000000000
11819  3.979  -56.238  -16.118 0.8999999762
11765  -2.137  -57.861  -10.706 1.0000000000
10373  -3.572  -59.404  -9.882 1.0000000000
152394  -10.452  -62.896  -3.605 1.0000000000
11147  3.992  -57.286  -18.402 1.0000000000
140922  -8.330  -61.176  -10.317 1.0000000000
8328  -10.822  -62.727  -4.423 1.0000000000
9001  -12.121  -61.137  -4.794 1.0000000000
11848  3.933  -56.897  -17.791 0.8999999762
8370  -11.863  -62.879  -6.898 1.0000000000
8329  -11.579  -62.024  -5.168 1.0000000000
11160  3.744  -57.212  -19.257 1.0000000000
134937  3.348  -55.959  -19.084 0.8999999762
8423  -8.826  -61.957  -10.375 1.0000000000
8410  -10.324  -62.939  -10.146 1.0000000000
8389  -11.199  -63.364  -9.400 1.0000000000
9008  -12.358  -61.418  -5.720 1.0000000000
10324  -13.767  -59.807  -5.448 1.0000000000
10978  -14.467  -58.567  -4.560 1.0000000000
11172  3.574  -57.311  -20.238 1.0000000000
11861  2.946  -56.240  -20.122 0.8000000119
11862  2.391  -56.116  -19.801 0.6000000238
132435  -12.140  -62.841  -7.914 1.0000000000
9685  -12.953  -60.933  -6.185 1.0000000000
10325  -14.409  -59.375  -5.890 1.0000000000
10979  -15.146  -58.172  -4.903 1.0000000000
10523  4.085  -58.800  -21.274 1.0000000000
145617  3.293  -57.385  -21.366 0.8000000119
11880  1.943  -56.792  -21.301 0.6999999881
8424  -9.720  -62.029  -10.396 1.0000000000
8411  -11.187  -62.419  -9.816 1.0000000000
9068  -11.744  -61.803  -9.571 1.0000000000
9048  -12.205  -61.859  -9.030 1.0000000000
9694  -13.357  -60.613  -7.555 1.0000000000
10987  -14.959  -58.827  -6.335 1.0000000000
10524  3.376  -58.843  -22.410 1.0000000000
11196  3.063  -57.833  -22.315 0.6999999881
11185  2.513  -57.160  -22.145 0.6000000238
9069  -12.175  -61.318  -9.381 1.0000000000
9709  -12.998  -60.642  -8.486 1.0000000000
10362  -13.430  -59.177  -8.788 1.0000000000
135095  -14.877  -58.107  -7.795 1.0000000000
11712  -15.441  -58.224  -6.731 1.0000000000
9899  2.850  -60.209  -23.259 1.0000000000
9249  2.466  -61.323  -24.125 0.6999999881
147375  -0.925  -58.881  -3.780 0.8000000119
10299  -2.118  -59.834  -4.048 0.8000000119
9651  -2.457  -61.009  -4.210 0.8999999762
148121  -3.362  -61.048  -3.738 0.8999999762
8927  -4.539  -61.414  -0.572 1.0000000000
12325  -1.552  -56.944  0.293 0.6000000238
11614  -2.554  -58.387  0.353 0.6000000238
10264  -2.764  -59.235  -1.736 0.6000000238
137411  -3.037  -60.145  -3.561 0.8000000119
8978  -3.127  -61.917  -3.793 0.8999999762
8291  -3.679  -61.991  -2.833 1.0000000000
8928  -5.383  -61.270  -0.578 1.0000000000
8906  -6.539  -61.288  0.680 1.0000000000
8907  -7.399  -61.464  0.751 1.0000000000
153394  -7.842  -61.925  0.717 1.0000000000
8246  -8.891  -62.012  -0.043 1.0000000000
147446  2.190  -58.535  -10.296 1.0000000000
11733  -1.371  -58.431  -8.720 1.0000000000
10359  -4.076  -59.995  -7.158 1.0000000000
9707  -5.323  -60.257  -7.648 1.0000000000
8267  -9.464  -62.521  -0.618 1.0000000000
9636  -11.665  -60.376  -2.514 1.0000000000
11818  4.300  -57.470  -15.700 0.8999999762
9065  -6.722  -60.892  -8.997 1.0000000000
10315  -12.867  -60.038  -4.307 1.0000000000
12545  3.521  -55.498  -18.122 0.8999999762
10361  -6.219  -59.501  -8.487 1.0000000000
9722  -7.138  -60.287  -9.599 1.0000000000
8358  -12.033  -62.092  -6.265 1.0000000000
10977  -13.798  -58.984  -4.205 1.0000000000
11659  -14.334  -57.467  -2.591 1.0000000000
10392  -8.170  -59.676  -10.483 1.0000000000
9081  -9.210  -61.187  -10.460 1.0000000000
9017  -12.643  -61.536  -6.652 1.0000000000
11669  -15.298  -57.442  -3.618 1.0000000000
147315  -13.062  -61.005  -6.940 1.0000000000
12392  -16.461  -56.676  -3.408 1.0000000000
10394  -9.902  -59.494  -10.261 1.0000000000
9739  -9.565  -60.346  -10.398 1.0000000000
9723  -10.889  -60.826  -10.085 1.0000000000
135285  -16.533  -56.751  -4.106 1.0000000000
12401  -17.241  -56.146  -4.821 1.0000000000
10376  -10.891  -59.494  -9.951 1.0000000000
140876  -15.813  -57.700  -6.225 1.0000000000
12422  -16.729  -56.482  -6.291 1.0000000000
13115  -17.611  -55.527  -5.131 1.0000000000
10532  2.473  -59.017  -23.184 0.6000000238
11040  -13.177  -58.358  -8.960 1.0000000000
10902  -2.986  -58.793  -0.003 0.6000000238
10300  -3.982  -60.233  -3.370 0.8000000119
9652  -4.080  -61.382  -3.554 0.8999999762
8947  -4.655  -61.553  -1.726 1.0000000000
10915  -3.355  -58.308  -0.490 0.6000000238
132720  -4.217  -59.320  -2.764 0.6999999881
8949  -6.074  -60.897  -1.239 1.0000000000
9600  -6.763  -60.429  -0.425 1.0000000000
139997  4.921  -59.661  -10.048 0.8999999762
10371  3.669  -59.599  -9.472 1.0000000000
12374  -3.875  -56.643  -2.252 0.6999999881
145241  -6.233  -62.098  -3.954 0.8999999762
137487  -7.774  -60.849  0.476 1.0000000000
9584  -8.365  -60.487  0.226 1.0000000000
10285  -5.400  -59.187  -3.457 0.6999999881
135093  -9.712  -60.878  -0.350 1.0000000000
11797  4.605  -57.589  -12.720 0.8999999762
11077  5.055  -58.652  -11.261 0.8999999762
11048  3.079  -59.156  -8.838 1.0000000000
11049  2.102  -58.504  -9.380 1.0000000000
11032  0.157  -59.005  -7.521 1.0000000000
11731  0.624  -58.375  -8.593 1.0000000000
140753  -3.172  -59.581  -8.588 1.0000000000
8950  -9.909  -62.053  -1.204 1.0000000000
10938  -11.613  -58.584  -0.919 1.0000000000
11807  4.392  -57.163  -14.081 0.8999999762
151384  -10.273  -61.772  -1.533 1.0000000000
13264  3.995  -55.158  -14.728 0.8999999762
10360  -5.664  -59.556  -7.614 1.0000000000
8981  -10.740  -61.845  -2.766 1.0000000000
8966  -11.166  -61.123  -2.678 1.0000000000
10954  -12.832  -58.837  -2.632 1.0000000000
10940  -12.896  -58.123  -1.902 1.0000000000
11808  4.090  -56.522  -14.989 0.8999999762
11037  -4.757  -59.070  -7.021 1.0000000000
8311  -11.203  -61.522  -3.458 1.0000000000
148270  -13.316  -58.276  -2.659 1.0000000000
11658  -13.625  -57.728  -2.280 1.0000000000
12378  -14.889  -57.028  -2.170 1.0000000000
9000  -11.289  -61.884  -4.206 1.0000000000
10955  -13.849  -57.985  -3.043 1.0000000000
11660  -15.074  -57.280  -2.891 1.0000000000
12379  -15.800  -57.043  -3.116 1.0000000000
13100  -16.927  -56.124  -3.002 1.0000000000
11069  -10.241  -58.677  -10.096 1.0000000000
132313  -17.584  -55.647  -4.294 1.0000000000
142460  -18.128  -54.668  -3.863 1.0000000000
11054  -11.084  -58.541  -9.808 1.0000000000
11022  -15.346  -57.873  -7.401 1.0000000000
12433  -16.335  -56.392  -7.192 1.0000000000
137385  -12.511  -58.170  -9.275 1.0000000000
142404  -14.175  -57.160  -8.266 1.0000000000
11721  -15.015  -57.335  -7.882 1.0000000000
11722  -15.758  -57.143  -7.394 1.0000000000
12423  -17.065  -55.808  -6.384 1.0000000000
13925  -17.963  -54.908  -4.594 1.0000000000
10935  -3.775  -58.325  -1.113 0.6000000238
10283  -3.528  -59.405  -2.559 0.6999999881
145042  -5.487  -61.669  -3.377 1.0000000000
10936  -4.095  -57.783  -1.338 0.6999999881
8948  -5.491  -61.369  -1.835 1.0000000000
148570  -6.591  -60.756  -2.189 1.0000000000
9617  -6.699  -60.347  -1.229 1.0000000000
10242  -7.207  -59.875  -0.831 1.0000000000
10243  -7.789  -59.427  -0.422 1.0000000000
10225  -8.716  -59.700  0.026 1.0000000000
130734  4.861  -59.131  -9.427 0.8999999762
11047  3.789  -59.242  -8.690 1.0000000000
130079  2.247  -58.717  -8.170 1.0000000000
11732  -0.390  -58.400  -8.529 1.0000000000
10245  -9.075  -59.016  -0.018 1.0000000000
142454  -9.352  -59.608  -0.057 1.0000000000
10247  -10.860  -58.838  -0.531 1.0000000000
12506  4.262  -56.813  -13.290 0.8999999762
11034  -1.871  -59.144  -7.622 1.0000000000
11035  -2.785  -59.443  -7.736 1.0000000000
9620  -11.295  -60.120  -1.604 1.0000000000
12516  4.186  -56.107  -13.978 0.8999999762
130380  4.147  -54.913  -13.761 0.8999999762
11038  -5.620  -58.927  -7.567 1.0000000000
11630  -11.975  -57.516  -0.564 1.0000000000
11644  -12.758  -57.448  -1.019 1.0000000000
14045  3.545  -53.574  -12.389 0.8000000119
11006  -2.924  -58.568  -6.587 1.0000000000
11735  -4.379  -58.317  -6.627 1.0000000000
11039  -6.085  -58.843  -8.324 1.0000000000
11646  -14.038  -57.105  -1.738 1.0000000000
13038  -15.046  -55.712  -0.267 1.0000000000
14029  3.384  -53.820  -11.778 0.8000000119
11737  -6.180  -58.088  -8.969 1.0000000000
10374  -6.793  -59.517  -9.470 1.0000000000
13863  -16.210  -54.766  -0.114 1.0000000000
13856  -16.533  -54.106  0.353 1.0000000000
11753  -6.606  -57.962  -10.040 1.0000000000
12380  -16.210  -56.560  -2.524 1.0000000000
13875  -16.630  -55.004  -0.982 1.0000000000
14683  -17.575  -53.857  -1.051 1.0000000000
11067  -8.365  -58.327  -10.538 1.0000000000
137423  -8.511  -59.046  -10.532 1.0000000000
13877  -17.797  -54.059  -1.862 1.0000000000
14698  -18.558  -53.631  -2.808 1.0000000000
11068  -9.286  -58.684  -10.382 1.0000000000
11769  -9.106  -57.642  -10.346 1.0000000000
11770  -9.902  -57.430  -10.066 1.0000000000
11754  -10.461  -57.868  -9.905 1.0000000000
11738  -12.754  -57.554  -8.971 1.0000000000
13926  -18.536  -54.124  -4.317 1.0000000000
14731  -18.974  -53.293  -4.345 1.0000000000
14010  -0.456  -54.992  -10.419 0.4000000060
152890  -11.423  -57.005  -9.361 1.0000000000
11756  -12.005  -57.572  -9.333 1.0000000000
12448  -13.642  -56.399  -8.277 1.0000000000
12431  -14.571  -56.496  -8.006 1.0000000000
135263  -16.071  -55.787  -7.482 1.0000000000
13130  -16.635  -55.598  -7.003 1.0000000000
13956  -17.729  -54.494  -6.109 1.0000000000
14747  -18.644  -53.546  -5.170 1.0000000000
15451  -19.559  -52.222  -3.948 1.0000000000
16282  -16.063  -51.315  -7.266 1.0000000000
17100  -16.827  -50.995  -6.860 1.0000000000
10949  -4.109  -58.658  -2.014 0.6999999881
10284  -4.736  -58.814  -2.710 0.6999999881
10301  -4.742  -59.790  -3.237 0.8000000119
9654  -5.372  -60.530  -3.828 0.8000000119
11656  -4.977  -57.489  -2.397 0.6999999881
8327  -7.041  -62.262  -4.499 0.8999999762
146288  -6.572  -61.852  -3.632 1.0000000000
145187  -6.000  -60.851  -4.475 0.8000000119
8980  -7.180  -61.943  -4.096 1.0000000000
9635  -7.154  -60.539  -2.843 1.0000000000
148103  -7.101  -60.028  -1.796 1.0000000000
10286  -7.546  -59.534  -2.600 1.0000000000
10916  -8.167  -58.675  -0.796 1.0000000000
10937  -8.379  -58.066  -1.487 1.0000000000
11774  4.756  -57.689  -10.754 0.8999999762
11029  3.635  -58.725  -8.041 1.0000000000
10336  -9.571  -59.665  -6.360 0.8999999762
11657  -8.548  -57.507  -1.902 1.0000000000
11626  -9.017  -57.759  -0.509 1.0000000000
12498  4.195  -56.443  -12.359 0.8999999762
141715  2.053  -58.628  -7.382 1.0000000000
11017  0.798  -58.916  -7.052 1.0000000000
10918  -9.426  -58.306  -0.193 1.0000000000
13033  -10.149  -55.481  -0.453 1.0000000000
139069  -12.218  -56.329  -0.053 1.0000000000
137609  4.253  -56.233  -10.843 0.8999999762
11715  3.627  -57.784  -7.548 0.8999999762
11005  -1.601  -58.654  -6.626 1.0000000000
136202  -9.857  -56.770  -0.314 1.0000000000
13854  -14.024  -54.741  0.983 1.0000000000
13152  3.747  -54.225  -9.994 0.8999999762
14852  2.957  -52.704  -14.560 0.6000000238
11706  1.146  -57.974  -6.612 1.0000000000
11004  -0.647  -58.777  -6.631 1.0000000000
12338  -13.895  -56.520  -0.766 1.0000000000
13861  -14.499  -55.248  0.451 1.0000000000
13855  -15.676  -54.419  0.740 1.0000000000
133260  -17.362  -53.165  0.655 0.8999999762
13247  1.252  -54.285  -14.138 0.6000000238
11751  -5.763  -57.487  -8.425 1.0000000000
11053  -7.013  -58.836  -10.118 1.0000000000
13908  -11.803  -54.022  -4.571 0.8000000119
14695  -10.689  -53.658  -2.557 0.8999999762
14669  -17.362  -53.648  -0.042 1.0000000000
148987  -18.902  -52.193  -0.101 0.8999999762
133606  -7.457  -58.157  -10.505 1.0000000000
10350  -14.454  -59.231  -7.477 1.0000000000
15407  -19.037  -52.279  -0.826 0.8999999762
11767  -7.237  -57.329  -10.483 1.0000000000
15420  -18.569  -52.833  -1.221 1.0000000000
15421  -19.139  -52.395  -1.666 1.0000000000
16176  -19.624  -51.803  -1.220 0.8999999762
11768  -8.097  -57.481  -10.552 1.0000000000
15435  -19.510  -52.254  -3.074 1.0000000000
16210  -20.274  -51.208  -2.341 1.0000000000
12481  -9.571  -56.794  -10.144 1.0000000000
13188  -9.990  -56.141  -10.037 1.0000000000
13146  -13.298  -55.472  -8.179 1.0000000000
17059  -20.537  -50.445  -3.365 1.0000000000
135597  -10.617  -55.786  -9.699 1.0000000000
13145  -12.538  -55.206  -8.531 1.0000000000
13138  -16.095  -55.094  -7.303 1.0000000000
136502  -16.606  -54.860  -6.913 1.0000000000
152263  -17.545  -53.737  -6.365 1.0000000000
14756  -17.779  -53.168  -6.278 1.0000000000
16260  -19.035  -52.087  -5.476 1.0000000000
14732  -19.275  -52.687  -4.338 1.0000000000
16244  -19.746  -51.550  -4.298 1.0000000000
134584  -19.433  -49.199  -6.240 1.0000000000
10951  -5.247  -58.141  -2.772 0.6999999881
10963  -6.082  -59.158  -4.254 0.6999999881
9666  -6.483  -61.463  -4.854 0.8000000119
9667  -7.882  -61.302  -4.415 1.0000000000
9655  -7.689  -60.423  -3.614 1.0000000000
136324  -6.196  -58.199  -4.499 0.6999999881
10974  -7.177  -58.510  -5.790 0.6999999881
10303  -8.126  -59.613  -3.656 1.0000000000
10953  -8.347  -58.037  -2.497 1.0000000000
138391  4.102  -56.110  -8.746 0.8999999762
11666  -8.709  -57.131  -2.728 1.0000000000
12354  -8.896  -56.941  -1.697 1.0000000000
12335  -9.648  -56.015  -0.775 1.0000000000
132623  -7.982  -58.407  -6.294 0.8000000119
12390  -9.194  -56.412  -3.377 1.0000000000
13075  -9.428  -55.541  -1.839 1.0000000000
13851  -11.018  -54.165  0.001 1.0000000000
130130  -11.359  -55.940  0.067 1.0000000000
12476  4.512  -57.178  -9.913 0.8999999762
11705  2.135  -57.783  -6.727 1.0000000000
11001  2.528  -58.223  -7.071 1.0000000000
132979  -9.119  -58.464  -7.034 0.8000000119
137376  -10.543  -55.980  -4.590 0.8999999762
140630  -9.807  -54.805  -1.824 1.0000000000
13052  -9.872  -55.127  -1.074 1.0000000000
13024  -12.631  -55.035  0.721 1.0000000000
12425  3.377  -57.349  -7.126 0.8999999762
11707  0.080  -58.044  -6.548 1.0000000000
11718  -2.811  -57.869  -6.676 1.0000000000
11720  -4.247  -57.400  -6.811 1.0000000000
11736  -4.965  -57.792  -6.901 1.0000000000
144810  -11.354  -56.173  -5.786 0.8999999762
13924  -11.490  -54.710  -4.896 0.8999999762
14652  -15.060  -53.883  1.423 0.8999999762
141227  -15.626  -52.265  1.954 0.8000000119
15381  -18.187  -52.079  1.370 0.8999999762
13975  3.937  -53.988  -8.545 0.8999999762
14065  1.807  -53.499  -13.904 0.6000000238
12416  1.870  -57.119  -6.583 1.0000000000
11716  -0.947  -57.066  -6.860 1.0000000000
12428  -1.408  -56.319  -7.414 1.0000000000
12430  -3.335  -57.138  -6.883 1.0000000000
130938  -13.522  -52.601  -3.576 0.8000000119
152560  -11.592  -53.838  0.407 1.0000000000
15392  -19.030  -51.756  0.653 0.8999999762
13991  3.569  -53.861  -9.676 0.8999999762
13153  3.432  -53.976  -10.297 0.8999999762
13143  -4.927  -55.857  -8.674 1.0000000000
148268  -6.052  -56.019  -9.742 1.0000000000
12478  -7.049  -56.558  -10.395 1.0000000000
15419  -12.934  -51.934  -1.437 0.8000000119
16177  -20.133  -51.255  -0.713 0.8999999762
17018  -20.756  -50.805  -1.090 0.8999999762
13158  -5.962  -55.295  -9.877 1.0000000000
137343  -8.321  -56.161  -10.425 1.0000000000
16221  -15.091  -51.901  -3.539 0.6999999881
17038  -20.758  -50.753  -1.844 0.8999999762
138992  -6.745  -55.711  -10.253 1.0000000000
133192  -20.702  -50.605  -2.598 1.0000000000
13186  -8.370  -55.451  -10.422 1.0000000000
13187  -9.165  -55.943  -10.285 1.0000000000
13159  -9.937  -55.350  -10.095 1.0000000000
13985  -13.894  -54.865  -7.859 1.0000000000
14014  -9.905  -54.416  -10.169 1.0000000000
13144  -11.896  -54.883  -8.917 1.0000000000
13983  -12.408  -54.538  -8.607 1.0000000000
14765  -15.396  -53.311  -7.299 1.0000000000
15501  -15.996  -52.748  -7.030 1.0000000000
15490  -17.664  -52.445  -6.409 1.0000000000
17082  -19.885  -50.823  -4.617 1.0000000000
10962  -5.727  -58.194  -3.565 0.6999999881
10313  -6.537  -60.330  -4.875 0.6999999881
12376  -5.160  -56.861  -2.785 0.6999999881
12388  -5.553  -56.725  -3.489 0.6000000238
10321  -7.396  -60.332  -5.649 0.8000000119
9675  -8.674  -60.866  -5.823 1.0000000000
10335  -8.618  -59.963  -6.738 0.8000000119
10314  -9.503  -59.923  -5.205 1.0000000000
10287  -8.094  -58.796  -2.944 1.0000000000
10976  -10.562  -58.141  -5.083 1.0000000000
13874  -10.148  -54.347  -1.323 1.0000000000
140584  3.961  -56.254  -7.861 0.8999999762
12399  -11.416  -56.406  -5.271 0.8999999762
13099  -10.049  -55.176  -3.841 0.8999999762
143043  2.587  -57.048  -6.618 0.8999999762
12429  -2.362  -56.838  -7.228 1.0000000000
11710  -10.093  -57.870  -6.871 0.8000000119
14681  -10.516  -53.681  -1.664 0.8999999762
15406  -12.540  -52.081  -0.319 0.8000000119
16161  -13.649  -51.739  1.015 0.8000000119
15377  -13.974  -52.446  1.534 0.8000000119
16150  -18.669  -51.441  1.666 0.8000000119
133169  1.603  -56.243  -6.586 0.8999999762
12427  -0.435  -56.203  -7.229 1.0000000000
12443  -2.818  -56.246  -7.843 1.0000000000
12444  -3.813  -56.557  -7.679 1.0000000000
13940  -11.022  -54.696  -5.985 0.8000000119
16208  -14.442  -51.639  -2.514 0.8000000119
15389  -16.937  -52.901  1.367 0.8000000119
16976  -19.508  -50.435  1.828 0.8000000119
13210  1.538  -55.105  -11.248 0.6999999881
13128  1.033  -55.365  -6.581 0.8999999762
13140  -2.336  -55.371  -8.280 1.0000000000
140722  -4.721  -55.034  -8.868 1.0000000000
13142  -4.236  -55.644  -8.524 1.0000000000
139644  -11.815  -53.615  -4.891 0.6000000238
151839  -12.290  -53.574  -4.325 0.6999999881
15465  -13.259  -52.490  -4.383 0.6999999881
17037  -16.526  -50.171  -2.772 0.6000000238
16175  -14.171  -51.039  -0.587 0.8000000119
17000  -20.629  -50.681  -0.304 0.8999999762
13992  3.153  -53.837  -9.863 0.8000000119
13977  2.228  -53.891  -9.108 0.8000000119
13229  0.929  -55.029  -12.191 0.6000000238
17001  -21.189  -50.217  -0.729 0.8999999762
17823  -21.593  -49.639  -1.325 0.8000000119
13184  -6.691  -54.616  -10.248 1.0000000000
14764  -14.637  -53.254  -7.660 1.0000000000
133841  -17.598  -48.063  -0.009 0.5000000000
17845  -21.605  -49.273  -2.352 0.8999999762
14012  -8.353  -54.611  -10.470 1.0000000000
14781  -13.364  -53.712  -8.168 1.0000000000
145225  -16.678  -52.024  -6.806 1.0000000000
132647  -18.415  -51.922  -6.136 1.0000000000
17859  -20.802  -49.792  -3.689 0.8999999762
18553  -21.700  -48.528  -3.032 0.8999999762
135393  -9.084  -54.098  -10.444 1.0000000000
13160  -11.291  -55.312  -9.322 1.0000000000
13998  -11.982  -54.122  -8.915 1.0000000000
16272  -17.590  -51.542  -6.533 1.0000000000
16273  -18.280  -51.195  -6.330 1.0000000000
17103  -19.265  -50.446  -5.978 1.0000000000
17878  -20.555  -49.570  -4.440 1.0000000000
18552  -21.300  -48.614  -3.831 1.0000000000
18598  -14.005  -48.838  -9.010 1.0000000000
16292  -15.535  -50.767  -7.772 1.0000000000
17893  -18.233  -49.866  -6.565 1.0000000000
17109  -16.239  -50.453  -7.359 1.0000000000
12415  3.075  -56.460  -6.648 0.8999999762
10975  -10.057  -59.110  -5.099 1.0000000000
11691  -8.334  -57.422  -6.306 0.8000000119
11678  -11.078  -57.137  -5.077 1.0000000000
11677  -10.085  -57.501  -4.585 1.0000000000
12426  0.507  -56.217  -6.882 1.0000000000
13127  2.324  -55.297  -6.145 0.8999999762
16972  -14.785  -51.024  1.361 0.8000000119
16134  -16.531  -50.802  2.215 0.8000000119
17796  -16.102  -49.844  -0.197 0.8000000119
17764  -16.130  -50.084  1.840 0.8000000119
17747  -18.891  -49.446  2.453 0.8000000119
17766  -20.899  -49.290  1.339 0.8000000119
14761  4.114  -53.347  -7.235 0.8999999762
150035  -3.693  -54.805  -8.694 1.0000000000
17797  -16.704  -49.416  -0.705 0.6999999881
16975  -18.957  -50.858  1.943 0.8000000119
142475  -20.518  -50.504  0.406 0.8000000119
17799  -21.010  -50.056  0.069 0.8000000119
13993  1.215  -54.614  -9.599 0.6999999881
151272  -1.156  -54.745  -7.842 1.0000000000
13981  -4.859  -54.275  -9.029 1.0000000000
13995  -5.869  -54.528  -9.875 1.0000000000
16242  -14.489  -51.101  -4.605 0.5000000000
14787  1.012  -53.965  -9.156 0.6000000238
14778  -4.077  -53.175  -9.014 1.0000000000
13994  -5.443  -54.021  -9.516 1.0000000000
14013  -9.149  -54.981  -10.329 1.0000000000
13997  -11.343  -54.427  -9.342 1.0000000000
18547  -22.114  -48.376  -2.205 0.8999999762
14791  -6.186  -53.730  -10.052 1.0000000000
15511  -12.659  -52.562  -9.003 1.0000000000
137983  -13.969  -52.093  -8.387 1.0000000000
17101  -17.694  -50.584  -6.604 1.0000000000
19270  -21.703  -47.828  -3.668 0.8999999762
14810  -8.929  -53.352  -10.527 1.0000000000
14811  -9.782  -53.383  -10.336 1.0000000000
152934  -11.164  -53.063  -9.647 1.0000000000
16291  -14.843  -51.060  -8.195 1.0000000000
17894  -19.040  -49.871  -6.299 1.0000000000
17886  -19.719  -49.820  -5.751 1.0000000000
17887  -20.288  -49.297  -5.226 1.0000000000
19281  -21.063  -47.924  -5.073 1.0000000000
18561  -21.291  -48.115  -4.351 1.0000000000
17903  -17.838  -49.185  -6.771 1.0000000000
132203  -19.490  -48.024  -6.502 1.0000000000
18585  -18.247  -48.498  -6.788 1.0000000000
17915  -15.898  -49.022  -7.908 1.0000000000
19305  -17.062  -47.920  -7.586 1.0000000000
11676  -7.179  -57.505  -5.661 0.6999999881
10323  -10.069  -59.108  -6.183 0.8999999762
11711  -10.601  -57.750  -6.306 0.8999999762
12420  -10.209  -56.992  -6.749 0.8000000119
13125  3.476  -55.497  -6.610 0.8999999762
13136  -1.587  -55.345  -7.883 1.0000000000
13129  -10.728  -56.364  -6.366 0.8000000119
140006  4.038  -54.049  -6.650 0.8999999762
13951  3.602  -54.587  -6.069 0.8999999762
13952  3.086  -54.603  -5.743 0.8999999762
13979  -2.789  -54.499  -8.675 1.0000000000
14744  -10.572  -54.041  -6.135 0.6000000238
18509  -17.203  -48.128  1.043 0.6999999881
19207  -18.103  -47.573  2.258 0.6999999881
17748  -19.648  -49.190  2.269 0.8000000119
19229  -21.973  -47.979  0.697 0.8000000119
146930  -22.389  -47.425  0.406 0.8000000119
137001  -3.669  -53.909  -8.771 1.0000000000
17780  -21.337  -49.425  0.565 0.8000000119
18511  -22.343  -47.978  -0.287 0.8000000119
143018  3.995  -52.832  -5.850 0.8999999762
14773  3.139  -52.904  -8.736 0.8999999762
13965  -0.506  -54.478  -7.455 1.0000000000
14777  -2.838  -53.490  -8.728 1.0000000000
141685  -7.319  -52.909  -10.480 1.0000000000
19220  -17.899  -46.941  1.562 0.6000000238
18521  -21.987  -48.847  -0.784 0.8000000119
18536  -22.348  -48.176  -1.327 0.8000000119
14762  3.850  -52.695  -7.870 0.8999999762
14776  -2.166  -53.027  -8.589 1.0000000000
14789  -4.903  -53.373  -9.274 1.0000000000
14808  -7.015  -53.678  -10.380 1.0000000000
16319  -9.595  -51.795  -10.409 1.0000000000
17147  -9.228  -50.943  -10.460 1.0000000000
18535  -21.963  -48.877  -1.601 0.8000000119
19271  -22.365  -46.954  -2.927 0.8999999762
15537  0.468  -52.496  -9.911 0.5000000000
140873  -8.231  -52.855  -10.572 1.0000000000
15542  -9.943  -52.508  -10.348 1.0000000000
18611  -11.670  -49.152  -9.479 1.0000000000
17117  -13.796  -50.422  -9.106 1.0000000000
19282  -21.537  -47.442  -4.503 0.8999999762
15525  -10.566  -52.823  -10.064 1.0000000000
144811  -12.733  -51.736  -9.257 1.0000000000
17912  -13.500  -49.562  -9.227 1.0000000000
19323  -14.007  -47.336  -8.757 1.0000000000
18572  -20.469  -48.458  -5.634 1.0000000000
19294  -21.265  -47.103  -5.285 0.8999999762
139929  -15.176  -49.392  -8.321 1.0000000000
18579  -20.120  -47.866  -6.253 1.0000000000
137909  -16.137  -48.043  -7.969 1.0000000000
19306  -18.328  -47.092  -7.213 1.0000000000
19307  -19.562  -47.373  -6.619 1.0000000000
20045  -19.639  -46.498  -6.778 1.0000000000
13936  2.922  -54.005  -5.267 0.8999999762
14736  3.467  -53.306  -5.242 0.8999999762
13964  0.366  -54.540  -6.792 0.8999999762
144777  -2.164  -53.801  -8.603 1.0000000000
132972  -19.069  -46.801  2.573 0.6000000238
139841  -19.814  -47.914  2.417 0.8000000119
19965  -21.685  -46.776  1.759 0.8000000119
20798  -22.370  -45.567  1.318 0.8000000119
14751  1.828  -53.785  -5.618 0.8999999762
14763  -0.708  -53.475  -7.575 1.0000000000
20797  -21.712  -45.840  1.912 0.6999999881
141859  -22.631  -47.093  -0.164 0.8000000119
141756  -22.902  -46.641  -1.534 0.8000000119
15472  3.627  -52.362  -5.347 0.8999999762
152794  1.131  -53.319  -5.872 0.8999999762
151285  -0.096  -53.851  -7.019 0.8999999762
15524  -6.059  -52.824  -10.069 1.0000000000
15540  -6.723  -52.265  -10.393 1.0000000000
17057  -16.387  -49.740  -3.560 0.6000000238
17822  -17.450  -48.810  -2.576 0.5000000000
19237  -22.695  -47.347  -1.016 0.8000000119
15495  3.704  -52.102  -7.252 0.8999999762
15496  3.122  -52.172  -8.061 0.8000000119
153302  -3.395  -53.115  -8.851 1.0000000000
15522  -4.476  -52.453  -9.483 1.0000000000
17133  -10.597  -50.425  -9.983 1.0000000000
20835  -22.681  -45.618  -3.533 0.8999999762
15483  3.903  -52.016  -6.174 0.8999999762
16287  1.330  -51.714  -8.505 0.5000000000
16316  -7.133  -51.445  -10.519 1.0000000000
16317  -7.845  -51.348  -10.574 1.0000000000
17911  -12.586  -49.376  -9.367 1.0000000000
20013  -22.244  -46.115  -4.138 0.8999999762
17148  -10.101  -51.079  -10.232 1.0000000000
17134  -11.394  -50.655  -9.769 1.0000000000
19293  -20.727  -47.547  -5.807 1.0000000000
20030  -21.461  -46.257  -5.485 0.8999999762
147407  -14.755  -47.327  -8.542 1.0000000000
19326  -16.701  -47.202  -7.886 1.0000000000
19327  -17.539  -47.155  -7.569 1.0000000000
20046  -20.405  -46.372  -6.430 1.0000000000
20869  -20.678  -45.213  -6.619 0.8999999762
20061  -18.787  -46.395  -7.185 1.0000000000
20083  -16.285  -46.404  -8.192 1.0000000000
20059  -17.218  -46.425  -7.831 1.0000000000
21598  -20.399  -44.675  2.899 0.6999999881
21612  -21.990  -45.106  1.797 0.6999999881
14737  2.578  -53.209  -4.991 0.8999999762
15510  -2.801  -52.675  -8.836 1.0000000000
20812  -23.097  -45.707  -0.172 0.8000000119
15508  -1.459  -51.971  -8.184 1.0000000000
16299  -4.014  -51.557  -9.606 1.0000000000
20784  -19.139  -45.576  2.828 0.6000000238
20828  -23.116  -45.940  -2.027 0.8000000119
16276  3.318  -51.443  -6.708 0.8999999762
15520  -2.792  -51.985  -9.076 1.0000000000
15539  -5.896  -51.977  -10.187 1.0000000000
131856  -22.746  -46.109  -2.812 0.8000000119
20844  -22.519  -45.261  -4.354 0.8000000119
16266  3.566  -51.215  -5.833 0.8999999762
16267  3.226  -50.629  -6.368 0.8000000119
16286  2.139  -51.730  -7.934 0.6999999881
132988  1.618  -51.056  -8.230 0.6000000238
143311  -10.409  -48.339  -9.677 1.0000000000
143176  -12.240  -48.512  -9.251 1.0000000000
20029  -20.882  -46.712  -5.963 1.0000000000
19325  -15.977  -47.233  -8.198 1.0000000000
15497  -0.107  -53.101  -6.851 0.8999999762
23317  -20.479  -42.761  3.377 0.6000000238
23351  -22.245  -42.596  1.708 0.6000000238
23377  -22.922  -42.666  0.910 0.6000000238
15484  1.566  -53.007  -5.310 0.8999999762
15475  1.174  -52.343  -5.317 0.8999999762
15498  -0.605  -52.663  -7.356 0.8999999762
15509  -2.132  -52.118  -8.703 1.0000000000
142546  -3.597  -50.883  -9.567 1.0000000000
22482  -23.759  -43.417  -0.658 0.6000000238
15474  2.172  -52.302  -4.713 0.8999999762
16250  1.334  -51.637  -4.919 0.8999999762
15499  -0.890  -51.972  -7.560 0.8999999762
16298  -3.193  -51.461  -9.345 1.0000000000
17145  -7.508  -50.708  -10.506 1.0000000000
17925  -7.621  -49.078  -10.273 1.0000000000
21629  -23.328  -44.751  0.043 0.6000000238
22488  -23.865  -43.340  -1.693 0.6000000238
21641  -23.626  -44.212  -2.171 0.6999999881
16265  3.566  -51.682  -5.454 0.8999999762
16249  2.284  -51.357  -4.397 0.8999999762
16268  0.461  -51.867  -5.749 0.8999999762
16278  -0.803  -51.246  -7.028 0.8999999762
131271  -5.285  -50.621  -10.129 1.0000000000
21648  -22.990  -44.693  -3.727 0.8000000119
21655  -22.787  -44.332  -4.591 0.8000000119
148986  3.464  -50.516  -5.485 0.8999999762
16269  -0.222  -51.199  -6.153 0.8999999762
17107  -1.273  -50.450  -7.272 0.8999999762
17144  -6.670  -50.784  -10.454 1.0000000000
17926  -8.536  -49.181  -10.228 1.0000000000
18609  -9.978  -48.750  -9.896 1.0000000000
19322  -12.028  -47.627  -9.157 1.0000000000
20079  -11.545  -47.009  -9.339 1.0000000000
20856  -21.677  -45.383  -5.680 0.8999999762
21668  -22.469  -44.010  -5.370 0.8999999762
17097  3.281  -49.859  -5.787 0.6999999881
17897  2.103  -49.489  -7.508 0.6000000238
17899  -1.856  -49.562  -7.341 0.8999999762
17924  -6.717  -49.083  -10.250 1.0000000000
18606  -7.262  -48.377  -10.248 1.0000000000
18608  -9.099  -48.448  -10.056 1.0000000000
19320  -9.437  -47.885  -10.054 1.0000000000
19321  -10.351  -47.854  -9.682 1.0000000000
20080  -12.854  -46.392  -9.058 1.0000000000
20082  -15.340  -46.781  -8.424 1.0000000000
20870  -21.306  -44.943  -6.306 0.8999999762
21667  -21.904  -44.529  -5.838 0.8999999762
132350  -9.773  -45.994  -10.269 1.0000000000
21725  -11.108  -44.825  -10.172 1.0000000000
20917  -12.670  -45.505  -9.430 1.0000000000
20897  -13.519  -45.818  -8.988 1.0000000000
134737  -15.593  -45.996  -8.443 1.0000000000
20901  -16.955  -45.600  -8.048 1.0000000000
20882  -17.796  -45.685  -7.736 1.0000000000
21695  -19.328  -44.577  -7.309 0.8999999762
20885  -20.046  -44.959  -6.923 0.8999999762
21696  -20.105  -44.090  -7.033 0.8999999762
20884  -19.276  -45.574  -7.159 1.0000000000
21724  -9.064  -45.017  -10.385 1.0000000000
20899  -15.299  -45.214  -8.601 1.0000000000
133360  -15.972  -44.763  -8.480 1.0000000000
22555  -17.890  -43.801  -7.857 1.0000000000
135682  -18.646  -44.117  -7.588 0.8999999762
22586  -12.505  -43.850  -10.108 1.0000000000
22573  -17.947  -42.858  -7.874 1.0000000000
23349  -20.931  -41.029  3.259 0.3000000119
24239  -22.564  -40.606  1.860 0.4000000060
24240  -22.893  -41.435  1.204 0.5000000000
23348  -20.233  -40.360  3.568 0.3000000119
25155  -23.877  -41.245  -0.841 0.5000000000
145744  -24.102  -42.034  -1.787 0.6000000238
16288  -1.844  -51.256  -8.525 1.0000000000
17108  -1.768  -50.439  -8.069 0.8999999762
17126  -3.623  -50.122  -9.420 1.0000000000
147724  -24.065  -42.569  -2.841 0.6000000238
17087  1.574  -50.757  -4.488 0.8999999762
17127  -5.130  -49.767  -10.009 1.0000000000
18605  -6.504  -48.319  -10.237 1.0000000000
22523  -23.648  -42.766  -4.159 0.6000000238
22522  -23.074  -43.303  -4.871 0.6999999881
16232  2.868  -51.103  -4.195 0.8999999762
135758  2.974  -49.687  -3.854 0.8999999762
17898  -1.267  -49.716  -6.646 0.8999999762
17908  -3.092  -48.896  -8.209 1.0000000000
19318  -7.528  -47.832  -10.307 1.0000000000
22528  -22.071  -43.813  -5.962 0.8999999762
17890  3.259  -49.099  -5.120 0.8000000119
141526  -0.596  -49.608  -5.821 0.8999999762
17922  -4.949  -48.909  -9.876 1.0000000000
18592  -7.113  -48.037  -10.275 1.0000000000
22538  -20.912  -43.684  -6.742 0.8999999762
22539  -21.751  -43.216  -6.350 0.8999999762
17891  2.539  -49.211  -6.440 0.6999999881
18586  2.116  -48.259  -8.312 0.6000000238
19332  1.620  -47.530  -9.256 0.6000000238
137146  -5.943  -46.824  -10.074 1.0000000000
22558  -20.198  -43.124  -7.084 0.8999999762
21738  -9.324  -44.117  -10.439 1.0000000000
128143  -12.974  -44.565  -9.715 1.0000000000
20918  -13.547  -45.029  -9.260 1.0000000000
21710  -16.284  -44.137  -8.465 1.0000000000
23454  -19.345  -42.792  -7.412 0.8999999762
23502  -9.740  -42.621  -10.609 0.8999999762
21727  -14.759  -43.988  -9.139 1.0000000000
22572  -17.253  -43.216  -8.130 1.0000000000
25125  -23.014  -39.568  1.638 0.3000000119
24266  -23.859  -40.254  -0.687 0.4000000060
25203  -24.182  -40.949  -2.395 0.5000000000
152122  0.002  -49.840  -5.366 0.8999999762
131885  -23.604  -41.486  -4.825 0.5000000000
17088  0.743  -50.039  -4.802 0.8999999762
17885  0.180  -49.256  -5.071 0.8999999762
18591  -5.980  -48.131  -10.210 1.0000000000
22540  -22.325  -42.485  -6.079 0.8000000119
23430  -23.013  -42.144  -5.512 0.6999999881
17867  2.320  -48.889  -3.781 0.8999999762
17868  1.223  -49.049  -4.222 0.8999999762
18569  -0.559  -48.625  -5.379 0.8999999762
18570  -1.252  -48.053  -5.745 0.8999999762
18587  -3.469  -48.064  -7.196 1.0000000000
18603  -4.716  -48.310  -9.843 1.0000000000
18590  -5.075  -47.824  -10.015 1.0000000000
20095  -7.293  -46.865  -10.239 1.0000000000
145570  -21.038  -42.930  -6.744 0.8999999762
18574  2.559  -48.341  -5.841 0.6999999881
137774  2.480  -47.261  -8.017 0.6000000238
20093  -4.906  -46.306  -10.141 1.0000000000
20929  -7.222  -45.725  -10.334 1.0000000000
22556  -18.636  -43.268  -7.616 0.8999999762
24348  -20.194  -41.582  -7.136 0.8000000119
127702  -11.510  -43.851  -10.315 1.0000000000
21737  -8.489  -44.320  -10.487 1.0000000000
145467  -10.131  -43.095  -10.547 1.0000000000
21709  -15.488  -44.251  -8.763 1.0000000000
22589  -15.378  -43.413  -9.048 1.0000000000
23468  -15.927  -41.826  -9.155 1.0000000000
23470  -17.341  -42.440  -8.202 0.8999999762
146819  -18.600  -41.656  -7.628 0.8000000119
18588  -3.253  -48.191  -8.568 1.0000000000
24334  -21.813  -41.219  -6.574 0.6999999881
19292  -0.374  -47.716  -5.092 0.8999999762
150821  -0.997  -47.593  -5.659 0.8999999762
18575  -2.158  -48.056  -6.345 0.8999999762
19315  -4.368  -47.449  -9.801 1.0000000000
19316  -5.663  -47.454  -10.116 1.0000000000
24333  -21.050  -41.644  -6.847 0.6999999881
25231  -20.933  -40.807  -6.942 0.6999999881
20026  2.289  -45.944  -4.245 0.8000000119
20027  0.851  -46.395  -4.199 0.8999999762
20057  -1.591  -46.301  -7.092 0.8999999762
24346  -18.774  -40.916  -7.613 0.8000000119
24347  -19.289  -41.916  -7.388 0.8999999762
25243  -20.080  -40.828  -7.194 0.6999999881
19296  2.459  -46.557  -5.859 0.6999999881
145909  2.326  -46.967  -8.619 0.6000000238
20109  0.500  -46.751  -10.314 0.6000000238
20925  -0.819  -45.629  -11.070 0.5000000000
20928  -6.173  -45.433  -10.428 1.0000000000
21736  -7.606  -44.516  -10.525 1.0000000000
134651  -9.567  -41.837  -10.639 0.8999999762
22603  -7.874  -43.439  -10.640 0.8999999762
151052  -8.329  -42.931  -10.665 0.8000000119
23503  -10.573  -42.383  -10.563 1.0000000000
23483  -11.584  -42.243  -10.381 1.0000000000
127930  -12.069  -43.028  -10.294 1.0000000000
24403  -8.492  -41.419  -10.527 0.8000000119
19314  -3.211  -47.637  -8.900 1.0000000000
18559  2.505  -48.074  -3.806 0.8999999762
19278  2.110  -47.165  -3.753 0.8999999762
127817  -3.481  -47.132  -7.133 1.0000000000
20044  -2.187  -47.045  -6.666 0.8999999762
20071  -3.136  -47.306  -8.089 1.0000000000
20092  -4.198  -46.775  -9.733 1.0000000000
20074  -6.289  -47.284  -10.164 1.0000000000
20912  -6.550  -46.443  -10.228 1.0000000000
20842  1.296  -45.349  -4.577 0.8000000119
20091  -3.311  -46.531  -9.281 0.8999999762
26187  -17.978  -39.844  -8.060 0.6999999881
20041  2.574  -45.603  -6.219 0.6000000238
20841  1.927  -45.595  -4.160 0.8999999762
20911  -3.857  -46.071  -10.051 0.8999999762
20927  -5.226  -45.351  -10.406 1.0000000000
21734  -5.622  -44.574  -10.500 0.8999999762
21735  -6.613  -44.475  -10.577 0.8999999762
128460  -7.063  -42.966  -10.614 0.8999999762
149047  -15.384  -41.250  -9.396 0.8999999762
25262  -17.472  -40.623  -8.422 0.8000000119
132145  2.649  -46.482  -7.993 0.6000000238
20926  -0.948  -44.859  -10.507 0.6000000238
21722  -4.370  -44.194  -9.822 0.8000000119
23499  -6.237  -42.793  -10.273 0.8000000119
24382  -7.115  -40.828  -9.441 0.8000000119
142035  -8.592  -40.417  -10.186 0.8000000119
24383  -11.900  -41.285  -10.178 1.0000000000
23463  -1.389  -42.163  -7.988 0.6999999881
23452  -3.314  -42.188  -7.513 0.6999999881
25286  -12.587  -40.585  -9.837 0.8999999762
24362  -16.724  -41.242  -8.865 0.8999999762
19279  1.457  -46.813  -3.822 0.8999999762
20028  0.350  -46.180  -5.057 0.8999999762
19298  -0.582  -46.998  -5.566 0.8999999762
20043  -1.122  -46.638  -6.391 0.8999999762
152457  2.255  -44.929  -6.326 0.8000000119
20866  1.133  -44.575  -5.316 0.8000000119
20056  -0.680  -45.564  -6.567 0.8999999762
20069  -1.953  -45.919  -7.728 0.8999999762
144950  -4.180  -45.161  -10.205 0.8999999762
22584  -4.756  -43.432  -9.353 0.8000000119
25283  -9.408  -39.931  -10.162 0.8000000119
24404  -10.296  -41.314  -10.532 0.8999999762
151914  -10.052  -39.896  -10.257 0.8000000119
26206  -11.538  -39.121  -9.646 0.8999999762
25260  -15.891  -40.011  -9.295 0.8999999762
26186  -17.175  -39.573  -8.613 0.6999999881
20055  2.458  -45.617  -7.261 0.6000000238
21690  1.721  -44.301  -5.991 0.8000000119
21691  1.217  -43.521  -6.644 0.8000000119
21719  -0.435  -44.581  -9.555 0.6999999881
21721  -3.662  -44.517  -9.303 0.8000000119
23481  -5.782  -42.379  -9.312 0.8000000119
26207  -12.448  -39.646  -9.656 0.8999999762
25289  -15.242  -40.552  -9.433 0.8999999762
23449  -0.826  -42.538  -7.370 0.6999999881
22568  -3.829  -43.008  -7.773 0.8000000119
23467  -6.082  -41.601  -8.775 0.8000000119
26208  -13.209  -39.176  -9.444 0.8000000119
26184  -15.833  -39.052  -9.224 0.8999999762
20910  -3.383  -45.411  -9.574 0.8999999762
20881  -1.248  -45.135  -7.028 0.8000000119
20895  -1.825  -44.654  -7.370 0.8000000119
22537  0.775  -43.203  -6.580 0.8000000119
22553  -2.350  -42.988  -7.072 0.8000000119
21707  -3.225  -43.728  -8.031 0.8000000119
26183  -8.347  -39.119  -9.024 0.8000000119
27117  -9.710  -38.758  -9.156 0.8000000119
27119  -12.332  -38.630  -9.391 0.8000000119
137353  -17.076  -38.656  -8.454 0.6999999881
21679  -0.052  -43.052  -6.679 0.8000000119
22554  -3.066  -42.805  -7.437 0.6999999881
27091  -7.179  -39.323  -9.207 0.8000000119
27122  -14.806  -38.774  -9.319 0.8000000119
27095  -9.856  -38.151  -8.570 0.6999999881
28044  -12.096  -37.301  -8.511 0.5000000000
21692  -1.149  -43.860  -6.683 0.8000000119
21706  -2.458  -44.135  -7.633 0.8000000119
135273  -10.560  -38.693  -9.344 0.8000000119
27118  -11.352  -38.263  -9.199 0.6000000238
22551  -0.177  -42.522  -6.980 0.6999999881
28039  -8.191  -38.187  -9.003 0.6999999881
27116  -7.394  -38.479  -9.433 0.6000000238
28935  -9.009  -37.073  -8.663 0.6000000238
28043  -11.187  -37.495  -8.445 0.5000000000
28939  -13.303  -36.567  -8.002 0.6000000238
28017  -10.208  -36.825  -7.377 0.5000000000
138450  -12.036  -35.853  -6.523 0.5000000000
29769  -8.566  -35.418  -9.682 0.5000000000
28914  -10.914  -36.507  -6.784 0.5000000000
30551  -8.934  -34.380  -9.665 0.4000000060
28955  -7.815  -36.888  -9.706 0.6000000238
29756  -10.014  -36.120  -7.507 0.5000000000
31399  -10.306  -34.129  -9.284 0.4000000060
30563  -8.316  -33.616  -10.181 0.3000000119
1597  -6.087  -73.755  6.514 0.6999999881
1241  -3.172  -75.005  4.680 0.8999999762
368  -1.037  -79.397  3.148 1.0000000000
686  -5.202  -78.071  -0.906 1.0000000000
1078  -12.155  -77.171  -10.958 0.5000000000
158  0.854  -79.639  1.896 1.0000000000
174  0.299  -79.581  1.200 1.0000000000
149008  -3.931  -74.768  -1.083 1.0000000000
1671  -7.321  -73.816  -1.725 1.0000000000
2075  -7.577  -73.218  -2.371 1.0000000000
1732  -6.593  -74.149  -7.359 0.8999999762
3957  4.680  -69.143  11.143 0.6000000238
2154  -3.896  -74.307  -11.717 0.8999999762
135544  5.005  -76.957  -0.145 1.0000000000
2074  -4.566  -73.107  -2.203 1.0000000000
1096  -8.681  -77.652  -17.245 0.8000000119
972  2.536  -76.540  -2.774 1.0000000000
2425  2.558  -72.419  5.401 0.8999999762
139143  -8.779  -68.615  -12.249 0.8999999762
2194  -5.870  -74.242  -14.554 0.8000000119
993  0.229  -76.453  -2.770 1.0000000000
1339  -2.674  -74.970  -5.542 1.0000000000
132699  -8.585  -68.592  -9.872 0.8999999762
129753  2.015  -74.905  -1.724 1.0000000000
128476  2.223  -71.882  4.250 1.0000000000
1719  1.411  -75.417  -6.424 1.0000000000
1052  2.195  -77.782  -9.267 1.0000000000
3588  4.140  -69.735  -12.011 1.0000000000
3031  -3.281  -70.962  -8.556 1.0000000000
1729  4.699  -74.851  -8.018 1.0000000000
4043  2.121  -70.023  -0.549 1.0000000000
130138  1.511  -70.579  0.111 1.0000000000
141816  5.542  -68.746  2.297 1.0000000000
2938  -0.562  -71.371  0.060 1.0000000000
147657  4.692  -67.557  -6.669 1.0000000000
4606  4.988  -68.527  -5.875 1.0000000000
5895  3.673  -66.685  -11.413 1.0000000000
6473  4.080  -65.136  -8.185 1.0000000000
6491  3.049  -65.685  -10.492 1.0000000000
3504  -0.728  -70.536  -3.733 1.0000000000
150971  4.468  -66.421  -7.338 1.0000000000
5213  4.292  -67.425  -5.770 1.0000000000
4072  1.894  -69.286  -5.440 1.0000000000
6336  4.470  -65.584  3.619 0.8000000119
132442  4.869  -66.282  -0.047 1.0000000000
8400  2.078  -63.888  -9.130 1.0000000000
5112  1.042  -67.093  2.320 1.0000000000
5720  -3.319  -66.791  2.863 1.0000000000
7742  1.414  -64.364  -12.531 1.0000000000
7730  1.486  -64.345  -11.507 1.0000000000
7717  1.588  -64.202  -10.682 1.0000000000
8367  2.066  -63.081  -7.329 1.0000000000
5696  -1.293  -65.927  4.595 1.0000000000
6995  3.956  -64.114  -1.441 1.0000000000
6996  3.220  -64.124  -0.677 1.0000000000
5707  0.128  -66.133  3.699 1.0000000000
7037  -0.030  -64.138  -4.352 1.0000000000
152061  1.410  -62.540  -8.494 1.0000000000
8354  1.577  -61.978  -6.256 1.0000000000
150131  1.127  -63.814  -5.323 1.0000000000
8221  0.862  -62.318  1.773 1.0000000000
5765  -7.094  -67.237  0.177 1.0000000000
126790  2.454  -66.603  -25.456 0.6000000238
6379  -8.357  -65.747  -0.342 1.0000000000
8534  4.427  -62.757  -19.693 1.0000000000
10932  2.037  -57.869  -2.252 0.8000000119
10946  1.768  -58.101  -3.204 0.8000000119
7039  -10.039  -65.351  -4.288 1.0000000000
6469  -9.368  -65.870  -7.733 1.0000000000
7615  -9.676  -63.890  -2.480 1.0000000000
11078  2.302  -58.869  -11.655 1.0000000000
7628  -10.192  -63.614  -4.022 1.0000000000
7634  -10.641  -63.645  -4.926 1.0000000000
7649  -10.918  -63.880  -5.804 1.0000000000
7665  -11.343  -63.361  -6.315 1.0000000000
7707  -9.598  -63.632  -9.930 1.0000000000
9882  4.697  -60.074  -20.565 1.0000000000
136861  0.274  -58.717  -0.339 0.6999999881
8904  -5.019  -61.441  0.334 1.0000000000
130206  2.882  -55.535  -19.357 0.8000000119
9710  -13.476  -59.931  -8.241 1.0000000000
10281  -1.819  -59.211  -3.292 0.8000000119
12527  3.846  -55.226  -15.900 0.8999999762
11041  -13.898  -58.513  -8.502 1.0000000000
8324  -5.310  -61.521  -3.387 0.8999999762
8962  -5.385  -61.613  -2.749 1.0000000000
8996  -5.819  -61.787  -4.058 0.8999999762
13137  -14.851  -55.861  -7.847 1.0000000000
11643  -9.248  -56.948  -0.820 1.0000000000
12446  -5.303  -56.696  -8.483 1.0000000000
132557  -14.973  -53.945  -7.478 1.0000000000
14667  -10.609  -53.828  -0.722 1.0000000000
134192  -12.787  -52.991  0.952 0.8000000119
150268  3.715  -57.118  -7.436 0.8999999762
15500  -15.153  -52.474  -7.555 1.0000000000
17095  -19.601  -50.644  -5.397 1.0000000000
11667  -9.257  -57.272  -3.840 1.0000000000
16148  -15.273  -51.489  1.873 0.8000000119
13134  0.018  -55.346  -7.175 1.0000000000
14792  -10.710  -53.799  -9.804 1.0000000000
16280  -14.597  -51.844  -8.044 1.0000000000
133946  -15.841  -52.028  -7.256 1.0000000000
9669  -9.358  -60.304  -5.851 0.8999999762
11007  -9.153  -59.540  -6.914 0.8000000119
12410  -11.347  -56.833  -5.751 0.8999999762
17056  -16.069  -50.604  -3.484 0.6999999881
15526  -11.235  -52.252  -9.801 1.0000000000
17118  -14.448  -50.557  -8.668 1.0000000000
138230  -6.647  -58.121  -5.282 0.6999999881
18501  -20.912  -48.565  1.772 0.8000000119
16243  -15.436  -51.081  -3.922 0.6000000238
133743  -12.915  -50.261  -9.380 1.0000000000
19324  -15.351  -47.673  -8.345 1.0000000000
145078  -13.018  -47.260  -8.937 1.0000000000
130681  -14.864  -46.028  -8.603 1.0000000000
22441  -21.807  -43.337  2.072 0.6000000238
22461  -21.868  -44.342  1.927 0.6000000238
21581  -19.085  -43.527  3.269 0.4000000060
21613  -22.453  -44.752  1.337 0.6999999881
20829  -23.443  -45.088  -1.672 0.8000000119
15458  2.883  -51.733  -4.403 0.8999999762
21640  -23.163  -45.118  -2.720 0.8000000119
18595  -9.658  -48.130  -9.909 1.0000000000
20099  -11.138  -46.450  -9.723 1.0000000000
23328  -20.841  -42.080  3.223 0.5000000000
24214  -21.691  -40.715  2.642 0.5000000000
22500  -23.856  -43.283  -2.576 0.6000000238
17125  -2.967  -50.683  -9.279 1.0000000000
18581  2.218  -48.493  -7.279 0.6000000238
146920  -9.786  -47.410  -10.061 1.0000000000
20915  -10.665  -45.744  -10.109 1.0000000000
24215  -22.127  -41.795  2.002 0.5000000000
20076  -8.070  -47.099  -10.308 1.0000000000
19297  2.412  -47.464  -6.617 0.6000000238
128633  -12.952  -43.028  -10.088 1.0000000000
130965  -13.791  -43.040  -9.747 1.0000000000
24335  -22.673  -40.658  -6.069 0.4000000060
133315  0.120  -46.952  -4.727 0.8999999762
19300  -2.773  -47.483  -6.598 1.0000000000
24401  -6.912  -42.163  -10.364 0.8000000119
23484  -12.476  -42.203  -10.153 1.0000000000
24405  -11.082  -41.602  -10.430 0.8999999762
25256  -5.576  -40.732  -8.753 0.6999999881
25241  -18.697  -40.075  -7.654 0.8000000119
26163  -20.167  -39.424  -7.225 0.6000000238
150234  -13.971  -40.151  -9.572 0.8999999762
22581  -0.622  -43.584  -8.851 0.6999999881
25258  -7.123  -40.167  -9.064 0.8000000119
22583  -4.057  -43.682  -8.794 0.8000000119
28020  -16.831  -37.859  -8.197 0.6999999881
28065  -13.461  -37.838  -9.059 0.6000000238
27098  -16.322  -38.363  -8.760 0.6999999881
28957  -9.371  -36.080  -8.722 0.6000000238
1587  -6.347  -74.611  7.032 0.6999999881
1991  -6.669  -73.531  5.784 0.8000000119
1217  -7.642  -75.429  6.316 0.8000000119
875  -7.822  -76.375  6.681 0.8000000119
627  -7.077  -77.102  3.158 0.8999999762
618  -7.970  -77.136  4.508 0.8000000119
629  -8.516  -77.204  4.019 0.8000000119
646  -9.791  -76.966  2.876 0.8000000119
669  -8.515  -77.628  1.171 0.8000000119
137891  -9.961  -76.679  -1.112 0.6000000238
2386  3.593  -72.818  11.389 0.8000000119
143916  3.978  -68.439  -23.087 0.6999999881
9240  2.162  -60.578  -24.095 0.6000000238
7901  2.134  -62.905  -24.770 0.6999999881
12553  3.157  -54.707  -18.727 0.8000000119
12554  2.704  -55.126  -18.957 0.5000000000
132066  3.488  -54.007  -15.608 0.8000000119
13288  3.472  -53.880  -17.852 0.8000000119
14063  3.469  -52.989  -13.810 0.8000000119
14064  2.746  -53.025  -13.591 0.8000000119
14046  2.963  -53.450  -12.522 0.8000000119
14047  1.987  -53.996  -12.955 0.6999999881
12375  -4.568  -56.973  -2.228 0.6999999881
13209  2.833  -54.266  -11.265 0.8000000119
13181  0.867  -55.251  -10.651 0.6000000238
13211  0.282  -55.415  -11.288 0.6000000238
133125  -0.261  -55.539  -11.952 0.5000000000
13906  -10.702  -54.008  -3.324 0.8999999762
13156  0.469  -55.045  -10.204 0.6000000238
14805  0.266  -53.576  -9.808 0.5000000000
11665  -5.863  -57.341  -3.874 0.6999999881
14718  -12.227  -53.586  -3.971 0.8000000119
15432  -12.632  -52.472  -2.512 0.8000000119
17017  -16.268  -50.299  -1.984 0.6999999881
15519  1.056  -52.463  -8.806 0.5000000000
17098  2.572  -50.003  -6.977 0.6999999881
18619  1.321  -48.683  -10.420 0.6000000238
20916  -11.639  -45.608  -9.807 1.0000000000
20096  -7.994  -46.507  -10.295 1.0000000000
139411  -23.249  -41.102  -5.484 0.4000000060
23486  -14.373  -42.201  -9.620 1.0000000000
20089  0.856  -46.300  -9.533 0.6000000238
22582  -1.366  -43.100  -9.496 0.6000000238
24380  -3.053  -41.070  -9.007 0.6999999881
20893  1.691  -45.172  -7.778 0.6000000238
20068  1.274  -45.766  -8.699 0.6000000238
26161  -18.577  -39.260  -7.683 0.6000000238
27071  -19.403  -38.671  -7.409 0.6000000238
144779  1.375  -44.123  -7.309 0.6999999881
21705  0.200  -44.076  -8.468 0.6999999881
22566  0.113  -42.960  -7.663 0.6999999881
28047  -16.032  -37.581  -8.426 0.6000000238
28021  -18.257  -37.548  -7.565 0.6000000238
22550  0.557  -42.679  -6.973 0.6999999881
28060  -6.665  -37.832  -10.075 0.5000000000
28940  -14.321  -36.711  -8.216 0.6000000238
28942  -15.791  -36.800  -7.993 0.6000000238
28077  -6.939  -36.839  -10.225 0.5000000000
29770  -9.451  -35.037  -9.083 0.4000000060
133986  -9.928  -35.354  -8.141 0.5000000000
30542  -11.783  -34.806  -7.275 0.5000000000
30552  -9.709  -34.274  -9.230 0.3000000119
9250  1.859  -61.167  -24.334 0.6999999881
28076  -5.837  -37.195  -10.532 0.5000000000
134466  -7.931  -77.506  3.015 0.8999999762
630  -9.415  -77.386  3.651 0.8000000119
942  -9.689  -76.493  1.479 0.8000000119
631  -10.286  -77.487  3.298 0.8000000119
1274  -9.028  -76.178  -0.285 0.8000000119
647  -10.572  -77.112  2.549 0.6999999881
951  -10.110  -76.579  0.758 0.6999999881
675  -7.796  -77.977  -0.439 0.8000000119
407  -7.323  -79.729  0.237 0.8999999762
962  -8.249  -77.045  -1.307 0.8000000119
138612  -8.565  -77.730  -4.024 0.8000000119
1020  -8.960  -76.938  -3.654 0.8000000119
1013  -9.515  -76.739  -3.257 0.6999999881
689  -8.166  -77.549  -2.307 0.8000000119
1585  -4.604  -73.838  7.466 0.6999999881
1586  -5.486  -74.191  7.273 0.6000000238
2015  -6.743  -73.539  4.650 1.0000000000
145404  -7.612  -76.645  7.470 0.8000000119
149675  -7.467  -74.673  6.100 0.8000000119
690  -10.247  -77.676  -1.401 0.6000000238
736  -9.391  -77.177  -5.114 0.6999999881
981  -10.103  -76.894  -1.973 0.6000000238
135959  -10.722  -77.163  -4.975 0.6999999881
483  -9.316  -78.728  -7.396 0.6999999881
263  -8.251  -80.306  -8.322 0.8000000119
2435  -3.242  -72.492  4.784 0.8999999762
2000  -1.011  -73.443  4.921 0.8000000119
137268  -5.887  -73.980  4.129 1.0000000000
128251  -10.422  -76.979  0.144 0.6000000238
748  -11.136  -77.640  -6.262 0.6999999881
494  -10.780  -78.771  -8.218 0.6999999881
230  -6.399  -82.116  -4.069 1.0000000000
94  -6.629  -82.354  -7.447 0.8999999762
84  -7.442  -82.113  -6.190 0.8999999762
137037  -5.893  -82.452  -6.488 1.0000000000
255  -8.692  -79.495  -7.805 0.8000000119
14  -7.686  -81.308  -9.964 0.8000000119
1957  2.777  -73.256  10.237 0.8000000119
2376  3.355  -72.972  12.387 0.6000000238
1541  2.269  -73.918  11.498 0.6999999881
1554  1.983  -73.412  9.487 0.8999999762
1978  -1.972  -73.253  7.079 0.6999999881
1634  -0.895  -74.726  2.904 0.8999999762
928  -5.581  -77.232  2.617 1.0000000000
383  -6.371  -80.342  2.144 1.0000000000
469  -12.301  -79.423  -5.881 0.6000000238
486  -12.484  -79.076  -7.619 0.6000000238
239  -7.825  -80.915  -5.305 0.8000000119
231  -7.627  -80.799  -4.533 1.0000000000
279  -11.831  -79.578  -9.664 0.6000000238
134733  -7.411  -81.781  -10.769 0.8000000119
22  -9.272  -81.096  -11.583 0.6999999881
149144  -7.507  -81.324  -12.020 0.8000000119
141221  0.331  -73.738  7.185 0.8999999762
2012  -3.700  -72.894  4.615 1.0000000000
129822  -5.506  -74.897  4.122 1.0000000000
885  -4.123  -76.015  5.567 1.0000000000
130691  -7.781  -76.833  4.838 0.8000000119
246  -5.462  -81.853  -6.236 1.0000000000
98  -4.871  -81.245  -9.755 1.0000000000
21  -6.353  -81.981  -10.701 0.8999999762
111  -9.604  -80.839  -12.397 0.6999999881
151171  -8.849  -79.863  -13.198 0.8000000119
117  -10.113  -80.577  -13.340 0.6999999881
109  -4.342  -81.024  -11.696 0.8999999762
110  -5.893  -81.152  -12.102 0.8999999762
294  -5.629  -80.623  -12.073 0.8999999762
129444  -6.670  -80.953  -12.353 0.8999999762
514  -8.295  -78.804  -11.596 0.8000000119
1215  1.200  -75.045  6.386 0.8999999762
134999  2.609  -72.819  8.902 0.8999999762
137051  1.412  -75.714  3.943 0.8999999762
1595  0.415  -74.185  6.475 0.8999999762
610  -2.905  -77.742  6.366 1.0000000000
609  -2.327  -78.201  6.643 1.0000000000
354  -2.929  -79.145  6.297 1.0000000000
608  -1.337  -78.770  6.907 1.0000000000
139  -0.381  -79.471  6.382 1.0000000000
900  -3.949  -76.746  5.518 1.0000000000
141350  -3.283  -78.550  4.252 1.0000000000
139002  -1.012  -77.240  4.737 0.8999999762
927  -4.616  -77.551  2.890 1.0000000000
637  0.442  -77.124  2.428 0.8999999762
140947  0.443  -75.704  2.544 0.8999999762
166  -4.839  -80.649  2.086 1.0000000000
167  -5.553  -81.387  2.186 1.0000000000
130464  -4.990  -80.486  -0.410 1.0000000000
415  -4.710  -79.799  -0.724 1.0000000000
1820  -2.476  -75.424  -17.182 0.6000000238
1423  -0.928  -76.619  -16.041 0.5000000000
2192  -1.638  -74.256  -14.686 0.6999999881
2659  -2.960  -73.478  -15.668 0.6999999881
216  -4.867  -81.475  -3.853 1.0000000000
2660  -3.556  -73.131  -16.194 0.8000000119
2646  -3.684  -72.206  -15.527 0.8000000119
3132  -5.463  -71.457  -16.701 0.8000000119
3662  -6.521  -69.813  -16.097 0.8999999762
2692  -7.505  -73.049  -18.675 0.6999999881
521  -10.288  -79.586  -13.619 0.6999999881
797  -12.970  -78.380  -12.085 0.6000000238
793  -10.573  -77.991  -11.512 0.6999999881
783  -9.064  -77.228  -10.693 0.8000000119
1071  -7.570  -76.575  -10.690 0.8000000119
1394  -6.591  -76.260  -13.043 0.8000000119
2868  4.419  -71.292  11.840 0.6999999881
1956  3.274  -72.570  9.598 0.8999999762
1212  3.348  -75.886  6.726 0.8999999762
1577  3.172  -74.226  7.223 0.8999999762
1608  -0.293  -73.824  5.696 0.8999999762
380  -1.208  -78.579  1.812 1.0000000000
897  2.320  -76.209  3.987 0.8999999762
148643  1.861  -77.025  2.057 0.8999999762
444  -4.753  -81.091  -2.951 1.0000000000
145863  -5.268  -81.155  -4.757 1.0000000000
140100  -5.790  -79.411  -5.533 1.0000000000
1029  -6.383  -77.576  -5.730 1.0000000000
1055  -4.988  -76.907  -8.553 0.8999999762
490  -3.709  -78.590  -9.679 0.8999999762
498  -4.275  -79.759  -9.389 1.0000000000
2235  -3.230  -75.002  -17.534 0.6000000238
2224  -3.598  -73.989  -16.981 0.6999999881
2237  -4.819  -74.055  -17.843 0.8000000119
275  -3.950  -80.551  -9.988 1.0000000000
1842  -3.892  -75.675  -19.186 0.5000000000
2236  -4.005  -74.724  -17.886 0.5000000000
2238  -5.362  -74.312  -18.399 0.5000000000
2690  -5.936  -73.948  -18.461 0.6000000238
3159  -9.184  -72.496  -18.153 0.8000000119
3148  -9.279  -71.894  -17.402 0.8999999762
291  -2.837  -79.651  -11.202 0.8999999762
1784  -9.248  -75.152  -13.781 0.8000000119
1402  -8.766  -75.887  -14.561 0.8000000119
1770  -8.639  -74.744  -12.444 0.8000000119
1751  -8.769  -74.758  -10.001 0.6999999881
2162  -9.157  -73.960  -11.716 0.6999999881
1762  -8.478  -74.616  -11.545 0.6999999881
2173  -9.528  -74.000  -12.466 0.6000000238
3389  4.653  -70.544  11.469 0.8000000119
140556  3.648  -72.551  10.388 0.8000000119
145  0.042  -79.471  5.617 1.0000000000
937  1.802  -77.741  1.965 1.0000000000
687  -5.649  -77.204  -1.777 1.0000000000
141998  -6.339  -76.579  -4.312 1.0000000000
1019  -6.387  -76.997  -4.995 1.0000000000
152346  -3.827  -76.915  -9.481 0.8999999762
135786  -3.269  -76.102  -10.406 0.8999999762
501  -2.211  -79.052  -10.979 0.8999999762
2702  -6.619  -74.343  -19.624 0.5000000000
2262  -6.920  -74.628  -20.423 0.5000000000
2277  -7.278  -74.626  -20.876 0.6000000238
2264  -9.307  -73.685  -19.991 0.6999999881
148147  -10.044  -73.929  -20.330 0.6999999881
2249  -9.982  -73.456  -19.008 0.6999999881
1752  -9.435  -74.334  -9.622 0.5000000000
366  1.219  -79.366  2.428 1.0000000000
159  0.753  -79.760  2.792 1.0000000000
151141  -0.627  -79.225  1.500 1.0000000000
946  -2.124  -77.116  0.090 1.0000000000
1320  -6.742  -75.720  -3.840 0.8999999762
4223  -7.632  -69.375  -15.538 0.8999999762
1371  -3.230  -75.554  -10.957 0.8999999762
147954  -8.412  -74.272  -21.545 0.5000000000
1864  -9.235  -74.668  -22.619 0.5000000000
2250  -10.689  -74.118  -18.810 0.6999999881
134669  -3.424  -77.103  -13.653 0.8999999762
1116  -10.260  -76.669  -21.154 0.6999999881
130048  -10.225  -74.802  -13.930 0.6999999881
684  -1.505  -77.961  -1.342 1.0000000000
404  -0.813  -78.620  -0.977 1.0000000000
975  -2.675  -76.758  -1.397 1.0000000000
1684  -7.664  -74.193  -2.765 1.0000000000
1321  -7.545  -74.826  -3.699 0.8999999762
1723  -7.222  -74.838  -6.044 0.8999999762
2894  4.037  -71.028  8.684 0.8000000119
153171  5.289  -75.877  -3.313 1.0000000000
989  4.416  -76.627  -4.466 1.0000000000
1998  3.806  -73.746  5.726 0.8999999762
699  3.516  -78.863  -4.466 1.0000000000
971  5.088  -76.670  -2.884 1.0000000000
139897  3.083  -77.967  1.642 1.0000000000
1011  -3.419  -76.254  -3.734 1.0000000000
391  1.797  -78.626  0.749 1.0000000000
402  0.814  -79.040  -0.438 1.0000000000
2085  -4.115  -73.869  -3.671 1.0000000000
127902  2.087  -75.934  -13.158 0.6999999881
1777  1.723  -74.791  -13.243 0.6999999881
2170  3.844  -74.020  -12.497 0.6999999881
2088  -8.111  -72.361  -3.538 0.8999999762
147406  -0.044  -74.874  -13.746 0.6999999881
5284  -5.254  -67.478  -12.332 0.8999999762
143608  -6.429  -67.397  -12.050 0.8999999762
2207  4.540  -74.920  -16.690 0.6999999881
4203  -6.676  -68.737  -14.435 0.8999999762
4204  -8.337  -69.086  -14.656 0.8999999762
4205  -8.965  -69.440  -14.481 0.8999999762
3593  -7.885  -70.363  -11.412 0.8999999762
3088  -7.935  -71.370  -13.110 0.8999999762
2161  -4.605  -73.625  -11.993 0.8999999762
1781  -5.076  -75.121  -14.620 0.8999999762
2214  -8.145  -74.079  -15.814 0.8000000119
1836  -10.239  -75.868  -18.481 0.6999999881
1823  -9.748  -74.672  -17.529 0.8000000119
1438  -7.903  -77.524  -17.303 0.8000000119
149587  -7.393  -76.465  -14.643 0.8000000119
1450  -9.427  -77.070  -18.102 0.8000000119
1089  -7.443  -77.182  -15.688 0.8000000119
551  -8.320  -79.363  -21.195 0.5000000000
805  -9.835  -77.926  -19.945 0.6000000238
1093  -9.517  -77.118  -16.503 0.8000000119
1426  -9.312  -76.594  -15.721 0.6999999881
804  -9.425  -78.795  -20.424 0.5000000000
1102  -9.955  -77.229  -18.956 0.6999999881
321  -8.368  -80.205  -20.543 0.5000000000
1439  -11.086  -76.537  -17.024 0.6000000238
547  -12.443  -77.926  -20.507 0.5000000000
1441  -13.031  -75.449  -16.583 0.4000000060
4475  4.586  -68.375  9.241 0.8000000119
3412  4.268  -70.307  8.257 0.8000000119
700  2.470  -79.403  -4.197 1.0000000000
2008  3.141  -73.167  4.227 0.8999999762
131596  5.230  -74.685  2.042 1.0000000000
1625  5.007  -74.616  3.814 0.8999999762
388  3.912  -77.914  -0.061 1.0000000000
191  2.755  -79.988  -3.066 1.0000000000
152196  -2.404  -78.235  -3.714 1.0000000000
1330  -3.393  -75.617  -4.404 1.0000000000
130128  -4.563  -71.396  -4.205 1.0000000000
136398  -3.681  -73.704  -4.428 1.0000000000
2512  -8.395  -72.012  -5.101 0.8999999762
127912  -8.481  -71.668  -5.913 0.8999999762
5275  -7.945  -67.476  -11.266 0.8999999762
4639  -8.053  -68.492  -8.422 0.8999999762
148274  -6.873  -67.634  -9.652 0.8999999762
3056  -6.231  -71.606  -10.970 0.8999999762
5060  4.050  -67.131  8.315 0.6000000238
3420  3.880  -70.184  7.529 0.8000000119
134825  3.174  -74.783  -3.157 1.0000000000
1304  3.724  -75.681  -3.956 1.0000000000
2058  4.839  -73.837  -2.242 1.0000000000
723  0.280  -78.906  -5.217 1.0000000000
1027  0.169  -77.581  -5.458 1.0000000000
755  0.079  -79.354  -8.193 1.0000000000
489  0.832  -79.715  -8.423 1.0000000000
199  1.342  -80.182  -3.064 1.0000000000
201  -0.717  -79.768  -3.527 1.0000000000
734  -2.306  -77.822  -5.760 1.0000000000
744  -1.764  -77.987  -6.487 1.0000000000
2501  -3.604  -72.780  -4.619 1.0000000000
4490  3.762  -68.253  7.158 0.6999999881
1668  0.280  -74.602  -1.699 1.0000000000
1338  0.124  -76.163  -5.224 1.0000000000
741  0.988  -79.200  -7.570 1.0000000000
479  1.441  -79.464  -8.831 1.0000000000
1044  -0.659  -76.908  -7.694 1.0000000000
1036  -2.260  -77.108  -6.127 1.0000000000
2510  -3.727  -71.837  -4.778 1.0000000000
4153  -3.066  -68.910  -11.230 1.0000000000
2639  5.863  -73.423  -15.888 0.6999999881
1707  0.853  -74.677  -5.877 1.0000000000
1042  3.418  -77.331  -8.096 1.0000000000
145868  -1.399  -71.252  -9.966 1.0000000000
3019  -3.305  -70.773  -7.501 1.0000000000
149864  -3.484  -69.650  -9.623 1.0000000000
145785  -4.684  -68.464  -8.461 1.0000000000
142325  1.244  -67.427  7.337 0.6000000238
131807  4.602  -71.580  0.856 1.0000000000
4645  3.551  -67.871  -9.468 1.0000000000
3605  3.589  -71.048  -12.042 1.0000000000
4095  -5.545  -69.167  -7.254 1.0000000000
5660  0.117  -66.518  8.370 0.5000000000
134177  3.778  -70.356  3.558 1.0000000000
3474  5.340  -70.247  -0.970 1.0000000000
2467  -0.411  -72.792  -1.703 1.0000000000
2978  0.668  -72.194  -5.256 1.0000000000
2522  3.726  -73.464  -6.817 1.0000000000
2121  3.488  -73.988  -7.407 1.0000000000
3002  5.500  -73.031  -7.047 1.0000000000
2988  5.065  -72.732  -6.494 1.0000000000
151193  2.070  -72.780  -7.910 1.0000000000
140970  1.932  -74.368  -8.795 1.0000000000
3016  1.841  -71.667  -7.792 1.0000000000
2135  0.171  -74.138  -9.878 1.0000000000
2548  -1.310  -72.777  -9.408 1.0000000000
3603  4.665  -70.543  -12.598 1.0000000000
5668  0.322  -66.442  7.485 0.6000000238
5089  1.221  -67.187  5.794 0.6000000238
137593  5.074  -69.335  -0.739 1.0000000000
4003  4.624  -69.580  3.714 1.0000000000
3461  5.159  -70.013  0.135 1.0000000000
4094  1.918  -69.868  -7.669 1.0000000000
149377  1.570  -70.641  -7.770 1.0000000000
5676  1.117  -66.355  6.062 0.6000000238
5104  4.545  -67.803  3.626 0.8000000119
4540  5.422  -68.675  1.273 1.0000000000
3515  3.167  -71.018  -5.247 1.0000000000
2986  6.061  -71.257  -6.415 1.0000000000
136956  4.072  -70.273  -5.035 1.0000000000
3514  5.226  -70.605  -5.483 1.0000000000
130927  3.037  -67.920  -1.472 1.0000000000
131534  -0.777  -70.910  -2.882 1.0000000000
4064  -0.328  -69.934  -5.053 1.0000000000
131296  0.182  -70.006  -5.382 1.0000000000
134904  2.866  -70.036  -5.109 1.0000000000
4608  2.605  -68.355  -5.524 1.0000000000
142068  0.758  -69.009  -5.685 1.0000000000
5224  4.655  -67.358  -6.123 1.0000000000
7683  3.871  -64.064  -7.841 1.0000000000
5694  3.971  -66.563  4.365 0.8000000119
5165  4.498  -67.115  -1.731 1.0000000000
5705  4.515  -66.434  3.266 1.0000000000
5727  4.990  -67.070  1.193 1.0000000000
5740  4.898  -67.006  -0.161 1.0000000000
5120  1.542  -67.654  1.491 1.0000000000
4021  -1.052  -70.056  2.356 1.0000000000
5716  4.783  -66.713  2.331 1.0000000000
132600  4.317  -65.242  1.430 1.0000000000
6365  4.961  -65.467  -0.864 1.0000000000
135924  2.581  -64.944  0.828 1.0000000000
3464  -1.211  -70.306  1.107 1.0000000000
143414  -1.129  -69.943  -0.536 1.0000000000
6483  3.525  -65.091  -9.083 1.0000000000
4595  -0.615  -68.336  -4.133 1.0000000000
5830  3.787  -66.785  -5.819 1.0000000000
5202  -0.206  -67.506  -4.740 1.0000000000
4609  1.258  -68.377  -5.785 1.0000000000
6413  0.472  -65.056  -3.515 1.0000000000
5711  -3.101  -66.293  3.702 1.0000000000
5697  -1.937  -66.113  4.546 1.0000000000
6980  2.576  -64.185  0.425 1.0000000000
4533  -0.964  -69.090  3.282 1.0000000000
4523  -0.673  -68.188  3.564 1.0000000000
4552  -1.631  -68.555  0.834 1.0000000000
4534  -1.605  -68.890  2.952 1.0000000000
5113  -1.931  -67.933  3.095 1.0000000000
5122  -2.391  -67.596  2.204 1.0000000000
5106  -1.089  -67.352  3.872 1.0000000000
5149  -1.619  -67.808  0.285 1.0000000000
143223  -1.719  -67.462  -0.330 1.0000000000
7134  2.487  -65.109  -13.551 1.0000000000
7124  2.040  -64.732  -13.368 1.0000000000
7144  2.963  -65.191  -14.429 1.0000000000
6953  -0.428  -64.515  4.094 1.0000000000
5718  0.385  -66.905  3.139 1.0000000000
6974  1.651  -64.479  2.277 1.0000000000
9790  3.660  -60.781  -14.285 1.0000000000
9116  3.873  -61.012  -14.780 1.0000000000
5744  -3.868  -67.362  0.919 1.0000000000
145264  -3.180  -67.171  -1.415 1.0000000000
7781  1.660  -63.541  -16.248 1.0000000000
7759  1.913  -63.920  -14.313 1.0000000000
8381  1.993  -63.490  -8.371 1.0000000000
7163  2.632  -64.926  -15.099 1.0000000000
8860  2.136  -61.290  4.828 0.5000000000
9529  2.938  -60.856  4.202 0.6000000238
8191  4.408  -61.980  3.275 0.8000000119
8901  1.845  -61.791  0.357 1.0000000000
128865  -4.883  -67.382  1.053 1.0000000000
5150  -4.253  -67.350  0.040 1.0000000000
145141  -4.863  -67.634  -0.456 1.0000000000
9794  -0.334  -60.598  -14.380 1.0000000000
142914  0.100  -62.227  -14.362 1.0000000000
9749  0.188  -60.681  -10.705 1.0000000000
9061  -1.365  -61.343  -9.550 1.0000000000
8430  0.930  -63.857  -11.716 1.0000000000
7189  3.481  -65.188  -17.855 1.0000000000
143915  3.444  -67.534  -24.670 0.6000000238
9538  2.504  -60.434  3.606 0.5000000000
130031  3.408  -59.949  3.127 0.6999999881
8235  2.502  -62.104  0.107 1.0000000000
6360  -5.913  -66.264  2.462 1.0000000000
9755  4.118  -60.354  -12.023 1.0000000000
9788  4.728  -60.436  -14.068 1.0000000000
10439  -0.285  -59.575  -13.187 1.0000000000
11097  -0.474  -58.607  -12.327 1.0000000000
5169  -5.032  -67.968  -1.280 1.0000000000
5803  -4.785  -67.564  -3.394 1.0000000000
137903  -1.586  -62.345  -9.426 1.0000000000
8384  -1.191  -62.833  -8.898 1.0000000000
140055  -1.700  -65.423  -7.162 1.0000000000
6449  -1.458  -65.056  -6.296 1.0000000000
147543  3.866  -64.025  -19.701 1.0000000000
150489  3.886  -64.105  -20.193 1.0000000000
10279  3.172  -58.965  -2.665 1.0000000000
9550  4.160  -59.787  2.419 0.8000000119
131384  4.380  -60.442  -1.965 1.0000000000
6351  -6.067  -65.174  2.606 1.0000000000
9810  4.949  -60.382  -14.994 1.0000000000
5194  -6.359  -68.344  -3.448 1.0000000000
5817  -4.972  -67.567  -4.373 1.0000000000
7685  -1.373  -63.713  -9.113 1.0000000000
134169  -1.964  -65.078  -8.789 1.0000000000
144936  -4.377  -67.213  -3.964 1.0000000000
10912  2.117  -58.016  -1.083 0.8000000119
147282  3.852  -58.824  -0.815 0.8999999762
7554  -5.035  -63.198  3.286 1.0000000000
5766  -7.836  -66.720  -0.173 1.0000000000
10405  -2.520  -58.976  -11.431 1.0000000000
5172  -7.376  -67.883  -1.858 1.0000000000
151550  -8.386  -67.446  -2.793 1.0000000000
10479  5.029  -60.099  -16.355 1.0000000000
8405  -3.546  -62.001  -10.164 1.0000000000
11083  -2.715  -58.576  -11.164 1.0000000000
5195  -7.237  -68.189  -3.471 1.0000000000
5819  -6.895  -67.655  -5.003 1.0000000000
5820  -8.792  -67.538  -4.333 1.0000000000
5794  -9.354  -66.509  -2.987 1.0000000000
5839  -7.081  -67.179  -5.800 1.0000000000
7077  -6.046  -64.735  -7.904 1.0000000000
6466  -6.591  -65.402  -7.556 1.0000000000
6453  -6.453  -66.174  -7.039 1.0000000000
6475  -3.611  -65.522  -8.386 1.0000000000
7889  3.383  -62.952  -23.332 0.8999999762
129092  -3.192  -61.509  1.086 1.0000000000
153563  -6.549  -62.864  -8.773 1.0000000000
142207  -7.130  -63.487  -9.025 1.0000000000
7078  -6.830  -64.731  -8.160 1.0000000000
7688  -5.799  -63.346  -8.469 1.0000000000
147489  -5.990  -62.727  -8.563 1.0000000000
7704  -3.847  -63.491  -9.856 1.0000000000
6454  -7.315  -65.971  -7.214 1.0000000000
139819  -8.108  -66.520  -6.848 1.0000000000
6456  -9.867  -66.057  -6.960 1.0000000000
6440  -10.223  -65.959  -6.027 1.0000000000
7687  -5.237  -63.506  -8.685 1.0000000000
6476  -4.505  -65.235  -8.285 1.0000000000
6457  -10.447  -65.521  -6.756 1.0000000000
7080  -10.689  -64.992  -8.137 1.0000000000
7099  -10.261  -64.874  -8.832 1.0000000000
9201  5.206  -61.295  -19.281 1.0000000000
9202  4.711  -61.777  -20.042 1.0000000000
140170  -4.012  -61.497  1.207 1.0000000000
7574  -6.711  -63.410  1.700 1.0000000000
136869  -2.450  -62.233  -2.590 1.0000000000
137167  -7.902  -64.156  0.512 1.0000000000
11749  -1.736  -57.969  -9.833 1.0000000000
9044  -4.335  -60.651  -7.778 1.0000000000
9047  -6.935  -61.732  -9.107 1.0000000000
8385  -5.418  -62.644  -8.646 1.0000000000
6477  -8.847  -65.381  -8.417 1.0000000000
6468  -8.263  -65.856  -7.653 1.0000000000
7706  -8.657  -63.432  -9.925 1.0000000000
7676  -11.253  -64.329  -7.739 1.0000000000
7693  -11.726  -63.613  -8.309 1.0000000000
9868  5.228  -60.344  -19.627 1.0000000000
9239  2.962  -61.226  -23.514 1.0000000000
10913  1.121  -58.170  -1.240 0.6999999881
10948  -0.145  -58.595  -3.527 0.8000000119
145636  -4.199  -61.324  0.239 1.0000000000
8890  -6.196  -62.177  1.459 1.0000000000
142103  -8.767  -63.941  -0.460 1.0000000000
129742  4.441  -57.605  -14.707 0.8999999762
7007  -9.330  -64.404  -1.894 1.0000000000
8408  -8.383  -62.574  -10.075 1.0000000000
7031  -9.954  -64.472  -3.953 1.0000000000
7040  -10.329  -64.450  -4.606 1.0000000000
11171  4.413  -58.321  -19.198 1.0000000000
132542  4.284  -58.453  -20.214 1.0000000000
9883  4.105  -59.835  -21.622 1.0000000000
137078  3.828  -60.649  -21.949 1.0000000000
10237  -0.794  -59.239  -0.047 0.6999999881
8306  -2.702  -62.317  -3.829 1.0000000000
8307  -3.371  -62.021  -3.363 1.0000000000
148169  4.620  -57.631  -13.474 0.8999999762
8266  -8.901  -62.930  -0.134 1.0000000000
10358  -3.517  -59.779  -8.185 1.0000000000
8294  -9.995  -63.120  -2.251 1.0000000000
8295  -10.437  -62.634  -2.873 1.0000000000
10288  -12.311  -59.634  -2.725 1.0000000000
8982  -11.700  -61.246  -4.067 1.0000000000
9658  -12.245  -60.572  -3.999 1.0000000000
8310  -10.801  -62.234  -3.570 1.0000000000
9737  -7.818  -60.407  -10.233 1.0000000000
7650  -11.062  -62.995  -5.444 1.0000000000
9670  -12.619  -60.527  -4.700 1.0000000000
8391  -12.393  -62.076  -8.296 1.0000000000
8357  -11.572  -62.668  -5.987 1.0000000000
150712  -11.904  -63.298  -7.573 1.0000000000
8390  -11.958  -62.661  -9.001 1.0000000000
9671  -13.140  -60.185  -5.050 1.0000000000
9686  -13.541  -60.548  -6.677 1.0000000000
10316  -13.481  -59.619  -4.644 1.0000000000
10317  -14.122  -59.203  -5.010 1.0000000000
132733  -14.752  -58.759  -5.400 1.0000000000
11668  -14.553  -57.707  -3.356 1.0000000000
9695  -13.994  -59.926  -7.326 1.0000000000
10988  -15.331  -58.261  -5.800 1.0000000000
11693  -15.758  -57.692  -5.282 1.0000000000
11670  -15.966  -57.082  -3.892 1.0000000000
9724  -11.652  -60.926  -9.841 1.0000000000
9049  -12.592  -61.347  -8.767 1.0000000000
149932  -12.350  -59.745  -9.514 1.0000000000
11056  -12.644  -58.991  -9.356 1.0000000000
11740  -14.375  -57.919  -8.197 1.0000000000
8908  -8.223  -61.440  0.462 1.0000000000
10268  -12.195  -58.936  -1.804 1.0000000000
10267  -11.464  -59.348  -1.253 1.0000000000
10966  -12.858  -59.306  -3.250 1.0000000000
10967  -13.171  -59.442  -3.888 1.0000000000
9738  -8.672  -60.402  -10.472 1.0000000000
12393  -17.088  -56.288  -3.939 1.0000000000
9740  -10.419  -60.259  -10.159 1.0000000000
11694  -16.292  -57.137  -5.754 1.0000000000
11713  -16.185  -57.109  -6.687 1.0000000000
134370  -17.848  -54.921  -5.440 1.0000000000
129328  -3.291  -56.765  -1.538 0.6000000238
12373  -2.943  -56.453  -2.468 0.6000000238
9583  -7.754  -60.357  0.247 1.0000000000
8931  -10.168  -61.317  -1.018 1.0000000000
11628  -10.570  -57.307  -0.178 1.0000000000
10939  -12.208  -58.122  -1.155 1.0000000000
8965  -10.684  -61.412  -1.866 1.0000000000
130496  3.813  -53.883  -14.256 0.8000000119
11645  -13.359  -57.494  -1.625 1.0000000000
13054  -15.516  -56.107  -1.114 1.0000000000
13053  -14.677  -56.181  -0.724 1.0000000000
149819  -15.526  -56.929  -2.505 1.0000000000
13101  -17.458  -55.615  -3.470 1.0000000000
13887  -17.546  -54.729  -2.246 1.0000000000
13056  -17.009  -55.241  -1.792 1.0000000000
13888  -18.060  -54.190  -2.610 1.0000000000
11755  -11.221  -57.699  -9.594 1.0000000000
139559  -13.074  -56.885  -8.635 1.0000000000
13131  -17.167  -55.081  -6.546 1.0000000000
13942  -18.224  -54.319  -5.274 1.0000000000
9618  -7.545  -59.275  -1.307 1.0000000000
10952  -7.974  -58.690  -1.911 1.0000000000
11046  4.325  -59.106  -8.612 0.8999999762
11729  4.585  -58.198  -8.895 0.8999999762
10246  -9.955  -59.085  -0.151 1.0000000000
9619  -10.659  -60.620  -1.154 1.0000000000
11627  -9.677  -57.512  -0.292 1.0000000000
10266  -10.734  -59.703  -0.802 1.0000000000
12507  4.087  -55.645  -13.101 0.8999999762
12499  4.095  -55.070  -12.383 0.8999999762
13246  3.957  -53.983  -13.000 0.8000000119
136662  -12.307  -57.002  -0.381 1.0000000000
141110  -11.469  -56.854  -0.124 1.0000000000
12337  -12.975  -56.716  -0.514 1.0000000000
13228  3.897  -54.183  -12.044 0.8999999762
13037  -14.148  -55.867  -0.064 1.0000000000
13862  -15.359  -55.057  0.212 1.0000000000
13039  -15.888  -55.426  -0.585 1.0000000000
13178  3.781  -54.351  -10.538 0.8999999762
13864  -16.939  -54.312  -0.571 1.0000000000
14653  -16.788  -53.506  0.863 0.8999999762
11766  -6.656  -57.134  -10.182 1.0000000000
12359  -16.129  -56.235  -1.776 1.0000000000
13876  -17.255  -54.529  -1.432 1.0000000000
14655  -18.507  -52.691  -0.378 1.0000000000
14685  -18.703  -53.083  -2.111 1.0000000000
14719  -18.832  -53.554  -3.590 1.0000000000
135895  -19.211  -52.527  -2.398 1.0000000000
12464  -12.162  -56.708  -8.992 1.0000000000
12447  -12.732  -56.063  -8.519 1.0000000000
16224  -20.237  -51.080  -3.077 1.0000000000
17110  -16.927  -50.097  -6.951 1.0000000000
9673  -7.119  -61.309  -5.367 0.8999999762
8999  -8.082  -61.421  -5.176 1.0000000000
11015  3.442  -58.256  -7.702 1.0000000000
11003  0.395  -58.720  -6.719 1.0000000000
13860  -10.405  -54.721  -0.461 1.0000000000
13034  -11.162  -55.085  0.144 1.0000000000
13036  -13.066  -55.897  0.065 1.0000000000
136160  4.128  -54.759  -11.001 0.8999999762
12459  3.999  -55.278  -9.685 0.8999999762
11708  -0.886  -57.976  -6.575 1.0000000000
12355  -9.215  -56.330  -1.426 1.0000000000
13853  -13.264  -54.398  1.027 1.0000000000
152133  -13.424  -53.834  1.233 1.0000000000
13844  -14.054  -54.020  1.374 1.0000000000
132436  -14.766  -54.598  0.959 1.0000000000
13025  -13.600  -55.262  0.620 1.0000000000
13139  4.026  -54.934  -8.957 0.8999999762
14864  2.048  -53.016  -15.155 0.6000000238
12418  -0.164  -57.138  -6.689 1.0000000000
15391  -18.429  -52.450  0.454 0.8999999762
14048  1.043  -54.615  -13.353 0.6000000238
12445  -4.668  -56.833  -7.755 1.0000000000
13907  -11.525  -54.106  -4.108 0.8000000119
15449  -13.044  -53.143  -4.059 0.8000000119
14717  -11.336  -53.535  -3.235 0.8999999762
13076  -9.689  -54.900  -2.696 1.0000000000
14696  -11.151  -53.260  -2.218 0.8000000119
16163  -19.905  -51.081  0.283 0.8999999762
16194  -19.706  -51.864  -2.158 1.0000000000
17039  -21.208  -50.127  -2.077 0.8999999762
13966  -14.727  -54.674  -7.615 1.0000000000
13161  -11.959  -55.730  -8.888 1.0000000000
13967  -15.469  -54.558  -7.376 1.0000000000
14766  -16.113  -53.591  -6.909 1.0000000000
14755  -16.939  -53.118  -6.608 1.0000000000
16261  -19.504  -51.438  -5.093 1.0000000000
139357  -18.654  -49.194  -6.533 1.0000000000
9668  -8.777  -60.722  -5.068 1.0000000000
11675  -6.393  -57.323  -4.795 0.5000000000
10973  -6.752  -59.152  -5.299 0.6999999881
147364  -9.318  -59.230  -4.609 1.0000000000
139890  -8.326  -58.332  -3.175 1.0000000000
12407  -7.737  -56.507  -5.644 0.6999999881
12391  -9.691  -55.904  -3.848 1.0000000000
13098  -9.320  -55.609  -3.007 1.0000000000
13023  -11.730  -54.630  0.501 1.0000000000
14668  -11.295  -53.354  -0.189 1.0000000000
12419  -9.488  -57.281  -6.834 0.8000000119
13113  -11.108  -55.381  -4.842 0.8999999762
13923  -10.909  -54.612  -4.162 0.8999999762
12398  -10.037  -56.638  -4.360 0.8999999762
13941  -11.353  -54.907  -5.567 0.8000000119
14639  -15.509  -53.075  1.775 0.8999999762
14640  -16.303  -53.195  1.522 0.8000000119
15380  -17.188  -52.179  1.863 0.8000000119
15378  -14.865  -52.385  1.829 0.8000000119
135128  -16.233  -51.672  2.106 0.8000000119
13133  3.939  -55.322  -7.581 0.8999999762
145117  -13.850  -52.546  -3.902 0.8000000119
15434  -14.446  -52.189  -3.404 0.8000000119
15433  -13.618  -52.023  -2.570 0.8000000119
14697  -11.968  -53.077  -2.950 0.8000000119
14651  -12.873  -53.627  1.020 1.0000000000
15387  -12.509  -52.507  0.506 1.0000000000
15405  -11.930  -52.688  -0.152 0.8999999762
16991  -20.071  -50.509  1.083 0.8000000119
13976  3.507  -53.393  -9.336 0.8999999762
141811  -14.458  -51.196  -1.701 0.8000000119
16174  -13.252  -51.538  -0.506 0.8000000119
15418  -12.139  -52.388  -1.142 0.8000000119
17019  -21.151  -50.336  -1.410 0.8999999762
142785  -15.144  -51.905  -3.046 0.6999999881
14780  -12.866  -53.270  -8.594 1.0000000000
17877  -20.045  -50.063  -4.923 1.0000000000
12387  -4.608  -56.459  -2.953 0.5000000000
10965  -9.491  -58.289  -4.376 1.0000000000
12409  -9.758  -56.349  -6.749 0.6999999881
15431  -11.688  -52.808  -1.792 0.8000000119
16160  -13.024  -51.859  0.407 0.8000000119
141327  -13.583  -51.361  0.268 0.8000000119
16147  -14.400  -51.661  1.527 0.8000000119
129268  -11.412  -54.299  -5.383 0.8000000119
13939  -10.194  -54.678  -6.350 0.6999999881
16193  -15.174  -51.215  -2.318 0.8000000119
16977  -20.147  -49.799  1.688 0.8000000119
17765  -19.409  -49.844  2.181 0.8000000119
17779  -20.705  -49.959  0.882 0.8000000119
150071  2.152  -54.498  -9.645 0.8000000119
146167  -12.964  -51.299  -4.944 0.6000000238
17821  -16.909  -49.681  -1.964 0.6000000238
17843  -16.941  -49.125  -3.360 0.5000000000
17036  -15.943  -50.832  -2.550 0.6999999881
16192  -14.840  -50.889  -1.383 0.8000000119
16998  -15.419  -50.267  -0.259 0.8000000119
16162  -14.244  -51.071  0.683 0.8000000119
14774  1.672  -53.238  -8.722 0.8000000119
15512  -13.491  -52.769  -8.413 1.0000000000
15513  -14.286  -52.609  -7.964 1.0000000000
19235  -18.406  -47.054  -0.849 0.5000000000
150612  -16.779  -49.116  -0.063 0.6999999881
131600  -17.897  -48.075  -1.224 0.5000000000
18520  -17.209  -48.763  -0.476 0.6999999881
19264  -22.105  -47.768  -2.858 0.8999999762
137029  -20.873  -48.755  -4.665 1.0000000000
17913  -14.414  -49.711  -8.854 1.0000000000
139881  -13.590  -48.035  -8.962 1.0000000000
17119  -15.041  -50.249  -8.327 1.0000000000
17901  -16.422  -49.582  -7.459 1.0000000000
13118  -8.234  -55.841  -5.704 0.6000000238
16974  -15.851  -50.912  1.982 0.8000000119
16990  -14.993  -50.574  0.750 0.8000000119
16973  -15.390  -50.620  1.548 0.8000000119
139634  -17.008  -51.425  2.215 0.8000000119
16955  -17.744  -50.184  2.442 0.8000000119
132422  -17.321  -49.565  2.385 0.8000000119
132192  -9.897  -55.434  -6.546 0.6999999881
17777  -15.696  -49.915  0.831 0.8000000119
16999  -16.198  -50.062  -1.101 0.8000000119
17744  -16.759  -49.241  2.027 0.8000000119
135639  -16.349  -49.314  1.225 0.8000000119
18483  -18.404  -48.812  2.498 0.8000000119
150929  -19.045  -48.983  2.489 0.8000000119
19222  -21.485  -47.750  1.618 0.8000000119
17798  -17.391  -48.881  -1.522 0.6000000238
18510  -21.850  -48.769  0.168 0.8000000119
15506  2.037  -52.467  -8.280 0.5000000000
19249  -22.554  -47.457  -2.029 0.8000000119
16290  -14.055  -51.300  -8.663 1.0000000000
20006  -21.993  -46.958  -3.811 0.8999999762
18583  -16.673  -48.730  -7.542 1.0000000000
131905  -17.875  -47.821  -7.170 1.0000000000
133035  -15.301  -48.520  -8.306 1.0000000000
18508  -16.856  -48.793  0.541 0.8000000119
18499  -16.796  -48.758  1.373 0.6999999881
19219  -17.563  -47.724  1.624 0.6999999881
18482  -17.810  -48.251  2.278 0.8000000119
131215  -18.486  -48.131  2.457 0.6999999881
19208  -18.978  -47.565  2.537 0.6999999881
19221  -20.624  -47.840  2.174 0.8000000119
19223  -22.133  -47.204  1.110 0.8000000119
19974  -22.667  -46.020  0.629 0.8000000119
18534  -17.872  -48.032  -2.437 0.4000000060
19950  -18.679  -46.063  2.416 0.6000000238
19964  -18.191  -46.190  1.675 0.5000000000
19228  -17.897  -47.226  0.578 0.6000000238
16318  -8.583  -51.770  -10.550 1.0000000000
16302  -10.496  -51.907  -10.176 1.0000000000
17131  -8.888  -50.081  -10.339 1.0000000000
19999  -22.766  -46.638  -2.268 0.8000000119
17928  -10.307  -49.585  -9.966 1.0000000000
17929  -11.135  -49.800  -9.737 1.0000000000
16304  -12.273  -51.038  -9.535 1.0000000000
20012  -21.772  -46.626  -4.706 0.8999999762
16303  -11.476  -51.465  -9.766 1.0000000000
131209  -12.292  -46.905  -9.116 1.0000000000
20081  -14.142  -46.085  -8.744 1.0000000000
20868  -20.175  -45.745  -6.709 1.0000000000
19951  -19.541  -46.280  2.690 0.6999999881
19952  -20.483  -46.353  2.516 0.6999999881
19210  -21.003  -47.056  2.224 0.6999999881
20806  -22.864  -45.201  0.679 0.8000000119
20786  -20.880  -45.640  2.482 0.6999999881
21599  -21.333  -44.945  2.295 0.6999999881
20819  -23.242  -45.851  -1.148 0.8000000119
20783  -18.697  -44.942  2.497 0.5000000000
16301  -5.875  -51.085  -10.329 1.0000000000
20047  -20.970  -45.816  -6.204 0.8999999762
20883  -18.477  -45.821  -7.455 1.0000000000
20785  -19.971  -45.587  2.825 0.6000000238
21583  -20.440  -43.572  3.202 0.6000000238
22440  -21.158  -43.986  2.627 0.6999999881
20813  -23.465  -45.001  -0.767 0.8000000119
16279  -1.308  -51.222  -7.831 0.8999999762
21597  -19.398  -44.893  3.068 0.4000000060
22511  -23.351  -43.731  -4.007 0.8000000119
17086  3.374  -49.954  -4.740 0.8999999762
152771  -12.797  -48.018  -9.070 1.0000000000
23327  -20.379  -41.397  3.540 0.3000000119
23316  -20.106  -42.191  3.610 0.4000000060
21582  -19.622  -44.018  3.271 0.5000000000
23329  -21.079  -43.017  2.956 0.6000000238
24216  -22.668  -42.131  1.312 0.6000000238
133124  -22.473  -43.180  1.379 0.6000000238
23350  -21.549  -42.455  2.502 0.6000000238
22477  -23.471  -43.051  0.201 0.6000000238
23378  -23.455  -42.337  0.191 0.6000000238
21622  -22.958  -44.336  0.754 0.6000000238
24241  -23.127  -41.964  0.703 0.6000000238
21634  -23.684  -44.237  -1.220 0.6000000238
23394  -23.961  -42.588  -1.324 0.6000000238
23390  -23.791  -42.539  -0.513 0.6000000238
17128  -6.069  -50.027  -10.266 1.0000000000
17068  2.552  -50.560  -4.043 0.8999999762
17099  -0.735  -50.442  -6.470 0.8999999762
21649  -23.469  -44.045  -3.104 0.6999999881
22529  -22.567  -43.119  -5.659 0.8000000119
20078  -10.619  -47.242  -9.692 1.0000000000
151271  -1.659  -49.239  -6.729 0.8999999762
18582  -2.191  -48.728  -6.731 1.0000000000
17920  -2.933  -49.836  -8.943 1.0000000000
18594  -8.865  -48.170  -10.059 1.0000000000
19319  -8.576  -47.954  -10.199 1.0000000000
20097  -9.347  -46.898  -10.215 1.0000000000
21723  -8.212  -45.365  -10.394 1.0000000000
145610  -10.684  -44.146  -10.337 1.0000000000
20898  -14.315  -45.334  -8.859 1.0000000000
21708  -14.793  -44.668  -8.891 1.0000000000
21693  -17.571  -44.766  -7.908 1.0000000000
145210  -18.144  -44.429  -7.728 1.0000000000
21694  -18.472  -45.005  -7.579 1.0000000000
22557  -19.380  -43.660  -7.364 0.8999999762
133848  -17.034  -44.014  -8.167 1.0000000000
22587  -13.331  -43.785  -9.817 1.0000000000
24364  -17.974  -42.033  -7.903 0.8000000119
24238  -22.010  -39.151  2.783 0.3000000119
25126  -23.245  -40.609  0.920 0.4000000060
25154  -23.595  -40.780  0.001 0.4000000060
24285  -23.990  -41.968  -1.123 0.4000000060
25185  -24.028  -40.621  -1.502 0.4000000060
17909  -3.564  -49.186  -9.065 1.0000000000
24313  -24.158  -41.319  -3.275 0.5000000000
22512  -23.790  -43.100  -3.383 0.6000000238
23425  -23.868  -41.849  -4.137 0.5000000000
150200  -23.039  -42.734  -5.242 0.6000000238
17866  2.926  -48.829  -3.891 0.8999999762
17910  -4.101  -48.672  -9.446 1.0000000000
20075  -7.254  -47.434  -10.288 1.0000000000
18566  2.938  -48.335  -4.438 0.8999999762
23439  -21.618  -42.227  -6.559 0.8999999762
19312  2.008  -47.772  -8.859 0.6000000238
17938  1.657  -49.245  -9.983 0.6000000238
139446  -5.781  -46.135  -10.238 1.0000000000
23504  -10.725  -43.377  -10.482 1.0000000000
132292  -15.970  -43.616  -8.723 1.0000000000
22588  -14.613  -43.175  -9.411 1.0000000000
24265  -23.645  -39.716  0.387 0.3000000119
24312  -24.215  -40.374  -2.995 0.3000000119
18568  0.399  -48.318  -4.541 0.8999999762
23440  -22.498  -41.651  -6.107 0.6000000238
18560  1.553  -47.927  -3.817 0.8999999762
19304  -3.494  -47.459  -6.873 1.0000000000
18567  2.499  -47.443  -5.218 0.8000000119
129504  2.729  -46.419  -7.164 0.6000000238
23469  -16.726  -42.135  -8.646 0.8999999762
24361  -15.997  -40.874  -9.263 0.8999999762
24386  -15.114  -41.804  -9.413 1.0000000000
25263  -18.057  -41.229  -7.965 0.8000000119
25242  -19.521  -40.318  -7.358 0.8000000119
25232  -21.947  -40.243  -6.612 0.5000000000
19291  0.605  -47.331  -4.194 0.8999999762
20040  2.453  -45.716  -5.075 0.8000000119
20070  -2.753  -46.529  -8.172 0.8999999762
20909  -2.852  -45.697  -8.925 0.8999999762
26162  -19.256  -39.550  -7.452 0.6000000238
153043  0.270  -45.991  -10.060 0.6000000238
20908  0.395  -45.279  -9.278 0.6000000238
23500  -7.839  -42.387  -10.610 0.8000000119
23485  -13.384  -42.224  -9.907 1.0000000000
142708  -9.398  -40.856  -10.520 0.8000000119
20042  -0.188  -45.936  -5.900 0.8999999762
20854  1.919  -45.052  -4.671 0.8000000119
27099  -17.794  -38.990  -8.047 0.6999999881
129521  -5.873  -43.671  -10.462 0.8000000119
131354  -14.612  -41.173  -9.550 1.0000000000
21720  -1.053  -43.981  -10.031 0.5000000000
138560  -6.040  -41.091  -8.619 0.8000000119
25281  -7.409  -40.297  -9.247 0.8000000119
143292  -8.023  -40.136  -9.530 0.8000000119
24402  -7.465  -41.462  -10.274 0.8000000119
23482  -6.323  -42.056  -9.812 0.8000000119
25261  -16.652  -40.321  -8.988 0.6999999881
23451  -2.428  -42.165  -7.449 0.6999999881
24355  -2.632  -41.624  -8.056 0.6999999881
24354  -2.199  -41.426  -8.739 0.6999999881
22567  -0.860  -42.689  -8.136 0.6999999881
23466  -4.909  -42.374  -7.955 0.8000000119
24356  -3.630  -41.607  -7.913 0.6999999881
25285  -11.592  -40.134  -9.982 0.8999999762
132329  -13.360  -40.094  -9.613 0.8999999762
20879  1.852  -44.545  -6.823 0.6999999881
20867  0.308  -44.615  -5.877 0.8000000119
21677  1.189  -43.795  -5.872 0.8000000119
25282  -8.502  -39.693  -9.515 0.8000000119
25284  -10.630  -39.988  -10.181 0.8000000119
142481  -10.886  -39.426  -9.868 0.8000000119
28063  -11.929  -37.865  -9.035 0.8000000119
135255  -16.606  -39.027  -8.918 0.8000000119
27069  -17.620  -38.141  -7.913 0.6999999881
20894  0.966  -44.637  -8.171 0.6999999881
23480  -5.168  -42.716  -8.731 0.8000000119
25288  -14.488  -40.297  -9.534 0.8999999762
22552  -1.134  -42.842  -6.885 0.8000000119
24358  -5.483  -41.412  -8.256 0.8000000119
27121  -13.860  -38.596  -9.290 0.8000000119
27096  -14.423  -37.750  -8.976 0.6999999881
27097  -15.467  -38.099  -8.997 0.6999999881
20880  -0.432  -44.293  -6.411 0.8000000119
26182  -7.578  -39.618  -9.144 0.6999999881
27094  -9.119  -38.588  -8.815 0.6999999881
27093  -8.661  -38.461  -8.817 0.6999999881
146545  -10.614  -38.007  -8.728 0.6000000238
28064  -12.656  -37.862  -9.072 0.6000000238
26180  -6.180  -40.247  -9.037 0.6999999881
28018  -10.722  -36.977  -7.537 0.5000000000
133553  -9.268  -38.047  -8.448 0.6999999881
28938  -12.377  -36.684  -7.741 0.5000000000
28040  -8.813  -37.840  -8.592 0.6999999881
28062  -8.335  -37.373  -9.162 0.6999999881
28956  -8.487  -36.504  -9.372 0.5000000000
28936  -9.691  -36.877  -8.147 0.6000000238
136220  -11.742  -36.291  -6.719 0.5000000000
29740  -10.564  -36.171  -6.778 0.5000000000
30527  -11.931  -35.360  -6.573 0.5000000000
29758  -11.252  -35.190  -6.685 0.5000000000
30564  -9.178  -33.711  -9.771 0.4000000060
29757  -10.561  -35.434  -7.069 0.5000000000
30553  -10.813  -34.441  -8.584 0.4000000060
25287  -13.915  -40.667  -9.634 1.0000000000
25280  -4.446  -40.365  -9.326 0.6000000238
28941  -15.106  -36.557  -7.949 0.6000000238
28919  -16.316  -36.254  -7.585 0.6000000238
1565  0.412  -73.816  9.056 0.6999999881
138238  0.046  -73.832  8.195 0.6000000238
14076  3.327  -52.993  -14.914 0.6999999881
14088  3.093  -53.817  -16.842 0.5000000000
144702  -18.950  -37.003  -7.380 0.5000000000
28019  -16.572  -37.066  -7.863 0.5000000000
135956  -17.405  -37.297  -7.701 0.5000000000
146935  -16.786  -35.601  -7.449 0.5000000000
134197  -17.688  -35.646  -7.487 0.5000000000
28918  -15.533  -35.960  -7.548 0.5000000000
130060  -16.699  -34.346  -7.895 0.5000000000
29743  -15.011  -35.311  -7.540 0.5000000000
28916  -13.669  -36.020  -7.410 0.5000000000
133389  -15.613  -34.718  -7.817 0.5000000000
30554  -11.546  -34.402  -8.477 0.4000000060
134537  -13.336  -34.598  -8.019 0.4000000060
1977  -1.084  -73.488  7.033 0.6999999881
27060  -21.183  -38.913  -6.964 0.4000000060
29742  -12.901  -35.540  -6.964 0.4000000060
30528  -12.666  -34.948  -7.287 0.4000000060
27072  -20.437  -38.439  -7.175 0.5000000000
28917  -14.650  -35.978  -7.573 0.5000000000
30530  -14.565  -34.817  -7.749 0.5000000000
30529  -13.592  -34.997  -7.535 0.5000000000
588  -7.726  -78.432  9.376 0.5000000000
334  -7.954  -79.057  8.830 0.5000000000
126  -7.969  -79.574  8.315 0.6000000238
128  -9.475  -79.973  8.537 0.5000000000
136927  -7.517  -78.704  7.136 0.6000000238
134  -7.846  -79.991  7.645 0.6000000238
145755  -9.386  -80.593  7.156 0.5000000000
36  -9.976  -80.776  6.659 0.5000000000
347  -7.828  -78.383  6.436 0.6000000238
349  -9.134  -78.938  5.671 0.6000000238
147  -9.970  -79.451  5.328 0.5000000000
355  -8.820  -78.214  5.204 0.6000000238
356  -9.647  -78.441  4.792 0.6999999881
150691  -10.157  -78.350  4.280 0.5000000000
9908  1.469  -60.560  -24.085 0.5000000000
10544  1.738  -58.984  -23.261 0.5000000000
10533  2.055  -58.324  -23.130 0.5000000000
138153  2.068  -48.992  -8.112 0.5000000000
19343  0.734  -47.617  -10.520 0.5000000000
20121  -0.560  -46.491  -11.757 0.5000000000
25255  -4.700  -41.009  -8.388 0.6000000238
29781  -8.222  -34.598  -10.126 0.4000000060
8576  1.475  -62.049  -24.421 0.5000000000
17113  1.564  -50.380  -8.811 0.5000000000
17114  1.263  -51.047  -8.961 0.4000000060
19356  0.604  -48.053  -11.194 0.5000000000
148667  0.985  -48.290  -10.665 0.5000000000
14890  2.926  -53.246  -15.965 0.4000000060
17919  1.749  -49.623  -9.207 0.5000000000
19333  1.046  -47.204  -9.726 0.5000000000
20088  1.573  -46.704  -9.013 0.5000000000
602  -7.768  -77.441  7.351 0.5000000000
133143  -7.797  -77.465  6.354 0.6999999881
611  -7.901  -77.587  5.482 0.6999999881
619  -8.357  -77.628  5.004 0.6999999881
372  -11.042  -78.035  2.945 0.5000000000
341  -7.694  -79.405  6.894 0.6000000238
127  -8.482  -79.842  8.442 0.6000000238
136  -9.092  -80.257  6.784 0.6000000238
348  -8.277  -78.490  5.977 0.6000000238
141  -9.525  -79.888  6.137 0.6000000238
24399  -2.401  -41.651  -10.650 0.5000000000
24400  -2.720  -41.023  -10.559 0.5000000000
25303  -3.270  -40.162  -10.713 0.5000000000
26201  -4.094  -39.676  -10.284 0.5000000000
26235  -3.540  -39.692  -10.999 0.4000000060
26220  -4.104  -39.010  -10.969 0.4000000060
132838  -4.183  -38.965  -11.127 0.4000000060
26203  -6.284  -39.572  -9.469 0.5000000000
27114  -5.493  -38.995  -10.193 0.4000000060
27133  -4.675  -38.270  -11.162 0.4000000060
27115  -6.468  -38.742  -9.833 0.4000000060
27134  -4.781  -38.419  -10.778 0.4000000060
28962  -5.356  -36.843  -10.971 0.4000000060
133910  -6.807  -35.798  -10.453 0.3000000119
29780  -7.638  -35.211  -10.317 0.3000000119
28963  -5.933  -36.342  -10.620 0.3000000119
30562  -7.512  -34.331  -10.457 0.3000000119
29779  -5.900  -35.467  -10.876 0.3000000119
23479  -1.620  -42.171  -9.038 0.5000000000
29768  -7.745  -36.124  -10.047 0.3000000119
23498  -1.903  -42.453  -10.361 0.5000000000
24379  -2.459  -41.085  -9.714 0.5000000000
151758  -3.869  -40.759  -8.953 0.5000000000
27135  -5.651  -38.087  -10.423 0.4000000060
137779  -2.053  -41.753  -9.928 0.5000000000
25321  -3.178  -40.991  -11.072 0.5000000000
132740  -3.482  -40.321  -10.004 0.5000000000
25322  -3.325  -40.233  -11.021 0.5000000000
29778  -5.450  -36.183  -11.023 0.3000000119
20130  -0.671  -47.236  -13.258 0.4000000060
20141  -0.824  -46.556  -14.014 0.4000000060
20942  -1.236  -45.540  -12.084 0.4000000060
150381  -0.186  -47.153  -11.852 0.4000000060
20131  -0.909  -46.369  -12.911 0.4000000060
140592  -1.024  -45.786  -13.756 0.4000000060
21779  -1.385  -45.049  -13.730 0.4000000060
20982  -1.241  -45.623  -14.222 0.4000000060
148640  -1.300  -45.024  -11.274 0.4000000060
21756  -1.653  -44.594  -11.907 0.4000000060
22655  -2.005  -44.228  -13.960 0.3000000119
22642  -2.143  -44.284  -13.237 0.4000000060
22620  -1.902  -43.704  -11.594 0.4000000060
151862  -2.082  -44.107  -12.749 0.4000000060
23531  -2.277  -43.331  -11.737 0.4000000060
23543  -2.561  -44.108  -12.380 0.4000000060
136291  -3.778  -42.762  -12.247 0.3000000119
24421  -2.803  -41.712  -11.059 0.4000000060
24433  -3.130  -41.969  -11.427 0.4000000060
24434  -3.489  -41.397  -11.572 0.4000000060
149148  -4.780  -40.743  -12.723 0.3000000119
25334  -4.107  -40.462  -11.844 0.3000000119
26258  -5.128  -39.766  -13.500 0.3000000119
26236  -3.947  -39.246  -11.128 0.3000000119
135362  -4.449  -39.201  -11.665 0.3000000119
27157  -4.934  -38.604  -12.049 0.3000000119
28089  -4.978  -37.787  -11.517 0.3000000119
27169  -5.106  -38.971  -13.971 0.3000000119
131468  -1.532  -44.332  -10.945 0.4000000060
22599  -1.656  -43.459  -10.612 0.4000000060
23520  -2.005  -42.961  -11.216 0.4000000060
27148  -4.550  -38.616  -11.361 0.3000000119
25333  -3.591  -40.638  -11.417 0.4000000060
20951  -1.291  -45.553  -13.069 0.4000000060
150615  -1.733  -44.565  -13.406 0.4000000060
129387  -3.396  -43.851  -12.606 0.3000000119
24443  -3.494  -42.233  -11.820 0.4000000060
151217  -4.216  -41.302  -12.189 0.3000000119
24445  -4.525  -41.872  -12.656 0.3000000119
26248  -4.634  -39.875  -12.232 0.3000000119
26269  -5.216  -39.437  -14.678 0.3000000119
128483  -5.152  -39.143  -12.693 0.3000000119
132855  -5.014  -38.077  -11.977 0.3000000119
11  -6.396  -82.557  -6.445 1.0000000000
13  -6.892  -81.818  -8.733 1.0000000000
23  -5.267  -81.350  -11.694 1.0000000000
24  -6.153  -81.630  -11.595 1.0000000000
26  -7.991  -81.450  -11.712 0.8000000119
28  -7.489  -81.047  -12.355 0.8000000119
29  -8.170  -81.084  -12.277 0.8000000119
30  -9.061  -80.556  -12.926 0.8000000119
49  -5.629  -81.990  1.959 1.0000000000
53  -5.427  -81.719  1.575 1.0000000000
59  -4.774  -82.226  -2.599 1.0000000000
63  -4.637  -82.142  -3.016 1.0000000000
64  -5.073  -82.284  -3.075 1.0000000000
70  -5.000  -82.364  -3.501 1.0000000000
71  -5.485  -82.309  -3.616 1.0000000000
83  -6.401  -82.514  -6.076 1.0000000000
89  -7.050  -82.412  -6.758 1.0000000000
96  -3.337  -80.336  -11.141 0.8999999762
97  -3.594  -80.631  -10.722 1.0000000000
99  -5.704  -81.671  -9.097 1.0000000000
101  -9.883  -80.361  -10.318 0.6999999881
103  -8.453  -81.430  -11.046 0.6999999881
108  -3.620  -80.465  -11.346 0.8999999762
118  -11.072  -80.609  -13.293 0.8000000119
120  -9.758  -80.170  -13.958 0.8000000119
130  -8.750  -80.268  7.745 0.6000000238
135  -8.325  -80.137  7.095 0.6000000238
140  -8.564  -79.530  6.452 0.6000000238
142  -10.377  -80.539  5.788 0.5000000000
146  -0.632  -79.770  5.912 1.0000000000
154  0.031  -79.810  4.707 1.0000000000
165  0.229  -79.922  2.071 1.0000000000
173  0.861  -79.249  1.173 1.0000000000
175  -5.449  -81.345  1.716 1.0000000000
181  2.035  -79.380  -1.817 1.0000000000
182  1.378  -79.348  -1.315 1.0000000000
184  0.262  -79.510  -1.364 1.0000000000
186  -5.522  -80.994  0.563 1.0000000000
200  -0.489  -79.621  -2.604 1.0000000000
203  -4.819  -81.912  -1.955 1.0000000000
213  1.483  -80.355  -4.044 1.0000000000
214  0.862  -80.418  -4.249 1.0000000000
227  0.086  -80.118  -5.221 1.0000000000
228  -1.056  -79.704  -4.302 1.0000000000
262  -5.688  -80.917  -8.102 1.0000000000
286  -11.509  -80.226  -10.470 0.6000000238
295  -7.677  -80.446  -12.277 0.8000000119
303  -9.718  -79.900  -14.037 0.8000000119
309  -11.148  -80.049  -13.851 0.6999999881
310  -11.910  -79.997  -13.364 0.6000000238
311  -12.583  -79.450  -12.860 0.6000000238
338  -7.683  -79.356  7.735 0.6000000238
344  -1.053  -79.629  6.932 1.0000000000
346  -2.786  -78.538  6.600 1.0000000000
351  0.273  -78.926  5.179 1.0000000000
352  -0.069  -79.204  6.150 1.0000000000
357  -10.368  -79.010  4.537 0.5000000000
363  -10.583  -78.418  3.778 0.5000000000
367  1.108  -79.240  3.187 1.0000000000
370  -6.220  -78.865  2.127 1.0000000000
379  -0.381  -79.683  2.154 1.0000000000
384  -7.297  -79.926  1.795 0.8999999762
385  -8.054  -79.070  1.635 0.8999999762
389  3.357  -78.294  0.678 1.0000000000
392  1.009  -78.859  0.513 1.0000000000
393  -0.082  -79.194  0.385 1.0000000000
394  -0.736  -78.747  0.847 1.0000000000
400  3.376  -78.363  -0.792 1.0000000000
403  -0.139  -79.115  -0.689 1.0000000000
405  -4.567  -80.175  0.312 1.0000000000
411  4.185  -78.179  -1.963 1.0000000000
416  -6.760  -80.094  -1.421 0.8999999762
423  4.869  -78.691  -3.371 1.0000000000
424  4.333  -79.810  -3.923 1.0000000000
426  2.019  -80.057  -4.107 1.0000000000
427  -1.373  -79.079  -2.786 1.0000000000
429  -5.143  -79.424  -2.735 1.0000000000
440  4.956  -78.565  -4.173 1.0000000000
441  4.417  -79.343  -4.492 1.0000000000
455  -2.582  -77.897  -4.298 1.0000000000
457  -7.467  -80.600  -3.732 0.8999999762
460  -11.376  -79.209  -4.397 0.6000000238
463  -0.120  -79.765  -5.833 1.0000000000
466  -5.413  -81.528  -5.442 1.0000000000
472  0.514  -79.685  -7.493 1.0000000000
473  0.036  -79.735  -6.715 1.0000000000
474  -0.504  -79.569  -6.790 1.0000000000
478  -12.323  -78.883  -6.716 0.6000000238
480  1.065  -79.874  -8.165 1.0000000000
482  -8.511  -79.537  -6.918 0.8000000119
493  -9.728  -78.953  -8.102 0.6999999881
495  -11.804  -78.874  -8.175 0.6000000238
497  -2.608  -78.509  -10.456 0.8999999762
503  -5.493  -78.395  -11.462 0.8999999762
505  -7.777  -78.088  -11.218 0.8999999762
509  -2.386  -78.992  -11.258 0.8999999762
510  -2.676  -79.050  -11.439 0.8999999762
511  -3.472  -79.272  -11.538 0.8999999762
515  -9.989  -78.917  -12.360 0.6999999881
516  -10.960  -78.768  -12.315 0.6999999881
522  -11.387  -79.290  -13.027 0.6999999881
525  -10.944  -79.768  -13.795 0.6999999881
530  -10.986  -80.333  -19.105 0.4000000060
537  -10.623  -80.349  -19.042 0.5000000000
540  -13.721  -78.337  -20.008 0.4000000060
544  -9.294  -80.297  -20.465 0.5000000000
545  -10.071  -79.314  -19.729 0.5000000000
552  -8.243  -79.590  -20.413 0.5000000000
595  -7.744  -78.377  8.268 0.5000000000
607  -0.503  -79.200  6.733 1.0000000000
617  -3.283  -77.956  6.045 1.0000000000
620  -9.101  -77.707  4.475 0.6000000238
623  0.803  -78.606  3.711 1.0000000000
626  -3.686  -77.996  3.522 1.0000000000
628  -7.811  -77.052  3.765 0.8999999762
634  3.925  -77.534  2.367 1.0000000000
635  1.472  -78.665  2.190 1.0000000000
645  -8.896  -77.290  3.174 0.8000000119
651  4.169  -77.659  1.353 1.0000000000
653  1.981  -78.112  1.628 1.0000000000
655  -2.949  -78.108  2.438 1.0000000000
660  -10.606  -76.872  1.642 0.6999999881
666  -2.330  -77.229  0.807 1.0000000000
667  -4.612  -77.677  0.579 1.0000000000
670  -10.764  -77.339  0.767 0.6000000238
674  -4.778  -78.611  -0.050 1.0000000000
676  -8.253  -77.302  0.254 0.8000000119
677  -10.343  -77.307  -0.574 0.5000000000
688  -7.653  -78.409  -1.446 0.8000000119
697  4.854  -77.653  -3.626 1.0000000000
703  -2.375  -77.809  -2.564 1.0000000000
705  -8.404  -77.546  -3.247 0.8000000119
714  4.788  -78.703  -4.560 1.0000000000
716  -2.131  -78.500  -3.161 1.0000000000
724  -2.925  -77.210  -4.678 1.0000000000
726  -9.152  -77.028  -4.387 0.6999999881
727  -10.726  -77.254  -4.177 0.6999999881
732  0.149  -79.277  -6.016 1.0000000000
733  -1.793  -78.591  -6.067 1.0000000000
737  -10.570  -77.255  -5.729 0.6999999881
738  -11.264  -77.698  -5.431 0.6000000238
743  -1.241  -79.003  -6.753 1.0000000000
752  3.347  -77.429  -8.613 1.0000000000
759  -9.831  -78.072  -6.959 0.6999999881
760  -10.747  -77.899  -6.977 0.6999999881
767  1.638  -78.927  -9.263 1.0000000000
777  -2.086  -78.014  -10.921 0.8999999762
789  -2.238  -78.477  -11.311 0.8999999762
791  -8.681  -78.041  -11.202 0.8000000119
794  -12.172  -77.745  -11.450 0.5000000000
799  -10.162  -77.359  -19.732 0.6999999881
811  -9.057  -78.225  -21.854 0.5000000000
812  -9.079  -78.561  -21.017 0.6000000238
881  3.660  -76.019  5.067 0.8999999762
882  3.305  -76.167  5.262 0.8999999762
883  -2.746  -77.079  6.203 0.8999999762
884  -3.443  -76.764  5.964 1.0000000000
886  -7.778  -76.716  5.626 0.8000000119
894  4.199  -75.893  4.563 0.8999999762
895  3.732  -76.357  4.542 0.8999999762
896  3.301  -76.492  4.467 0.8999999762
898  -1.743  -77.433  6.079 0.8999999762
901  -4.761  -75.861  4.955 1.0000000000
902  -5.544  -76.002  3.947 1.0000000000
906  4.574  -76.232  3.317 0.8999999762
909  3.109  -76.672  3.321 0.8999999762
910  2.176  -76.333  2.846 0.8999999762
911  -0.985  -76.461  3.263 0.8999999762
912  -1.729  -76.324  4.334 0.8999999762
915  -5.987  -76.379  3.065 1.0000000000
917  -7.153  -76.284  3.610 0.8999999762
922  3.350  -77.594  2.170 1.0000000000
923  2.605  -76.926  2.341 0.8999999762
924  1.227  -76.997  2.100 0.8999999762
925  -0.364  -76.512  2.657 0.8999999762
931  -10.014  -76.629  2.213 0.8000000119
934  4.922  -76.555  1.822 1.0000000000
935  4.797  -77.013  1.012 1.0000000000
941  -8.949  -76.678  1.339 0.8000000119
945  5.383  -76.324  0.301 1.0000000000
949  -5.214  -76.165  0.275 1.0000000000
957  5.373  -76.298  -0.774 1.0000000000
959  -2.663  -76.511  -0.407 1.0000000000
963  -8.477  -76.692  -0.444 0.8000000119
964  -9.762  -76.508  -0.195 0.6999999881
970  5.311  -76.126  -2.066 1.0000000000
974  0.940  -76.010  -1.843 1.0000000000
979  -8.839  -76.334  -1.071 0.8000000119
980  -9.435  -76.446  -1.574 0.6000000238
987  5.180  -75.252  -3.962 1.0000000000
990  3.551  -77.249  -3.953 1.0000000000
992  0.990  -76.773  -2.447 1.0000000000
994  -3.571  -75.964  -2.837 1.0000000000
997  -9.479  -76.599  -2.433 0.6999999881
1012  -6.060  -76.736  -3.590 1.0000000000
1014  -10.177  -76.800  -3.701 0.6999999881
1021  -9.580  -76.779  -3.923 0.6999999881
1022  -10.022  -76.794  -4.535 0.6999999881
1028  -2.747  -76.870  -5.394 1.0000000000
1041  4.127  -76.511  -8.271 1.0000000000
1046  -6.466  -76.436  -7.087 0.8999999762
1050  3.903  -76.614  -8.564 1.0000000000
1054  -4.183  -76.212  -9.357 0.8999999762
1059  -2.972  -76.722  -10.283 0.8999999762
1069  -4.158  -77.376  -12.230 0.8999999762
1072  -8.493  -76.482  -10.267 0.8000000119
1073  -9.456  -76.555  -10.139 0.6999999881
1074  -10.589  -76.548  -10.097 0.5000000000
1080  3.671  -77.557  -13.535 0.6999999881
1081  2.149  -78.541  -14.065 0.6000000238
1083  0.638  -77.865  -14.054 0.6000000238
1084  0.443  -77.713  -14.294 0.6000000238
1085  1.082  -78.243  -14.370 0.6000000238
1087  -6.097  -76.967  -15.772 0.8000000119
1091  -7.610  -77.556  -16.365 0.8000000119
1092  -8.513  -77.484  -16.466 0.8000000119
1094  -7.223  -77.532  -16.889 0.8000000119
1095  -7.879  -77.810  -16.964 0.8000000119
1099  -9.811  -77.185  -17.976 0.8000000119
1101  -9.778  -77.149  -18.624 0.6999999881
1104  -12.850  -76.461  -18.985 0.4000000060
1105  -11.185  -77.495  -19.569 0.5000000000
1122  -9.773  -76.243  -22.183 0.6000000238
1193  -4.840  -74.990  7.860 0.6000000238
1194  -5.527  -75.852  8.091 0.6000000238
1201  3.016  -75.416  7.259 0.8999999762
1211  3.667  -75.240  5.938 0.8999999762
1214  1.939  -75.626  6.899 0.8999999762
1216  -7.139  -75.049  6.748 0.6000000238
1224  3.013  -76.205  6.167 0.8999999762
1225  2.204  -76.034  6.173 0.8999999762
1226  1.415  -75.450  5.645 0.8999999762
1237  4.615  -74.943  4.479 0.8999999762
1243  -4.488  -74.989  4.837 1.0000000000
1246  -7.542  -74.908  4.530 0.8000000119
1250  5.034  -75.231  3.167 1.0000000000
1253  0.643  -75.350  3.404 0.8999999762
1257  -6.939  -75.317  3.614 0.8999999762
1261  1.421  -76.396  2.354 0.8999999762
1262  -1.007  -75.162  2.770 0.8999999762
1266  5.363  -75.565  1.591 1.0000000000
1272  -4.184  -75.945  0.554 1.0000000000
1273  -5.149  -74.809  0.145 1.0000000000
1284  -5.593  -75.048  -0.014 1.0000000000
1292  0.687  -75.391  -1.638 1.0000000000
1296  -6.591  -74.969  -1.369 1.0000000000
1305  0.454  -75.935  -2.117 1.0000000000
1309  -7.123  -75.135  -2.841 1.0000000000
1327  0.097  -75.164  -5.153 1.0000000000
1328  -0.121  -75.591  -4.479 1.0000000000
1332  -7.306  -75.170  -4.593 0.8999999762
1346  3.859  -74.956  -7.452 1.0000000000
1357  3.844  -76.156  -7.734 1.0000000000
1360  -6.323  -75.701  -7.328 0.8999999762
1364  4.313  -75.954  -8.447 1.0000000000
1374  -8.819  -75.378  -9.821 0.6999999881
1379  -2.865  -76.230  -12.243 0.8999999762
1380  -2.666  -77.032  -12.592 0.8999999762
1387  -4.676  -77.074  -12.829 0.8999999762
1391  2.848  -76.923  -13.017 0.6999999881
1398  -4.000  -76.037  -14.279 0.8000000119
1405  4.142  -76.949  -13.522 0.6999999881
1408  1.932  -78.173  -14.564 0.6000000238
1410  -6.370  -76.960  -15.026 0.8000000119
1411  -7.908  -76.499  -14.910 0.8000000119
1424  -6.245  -76.739  -16.098 0.8000000119
1436  -0.169  -77.130  -16.693 0.5000000000
1447  -0.908  -77.077  -18.484 0.5000000000
1449  -8.685  -77.321  -17.599 0.8000000119
1451  -9.798  -76.799  -18.561 0.6999999881
1452  -12.151  -76.165  -17.160 0.6000000238
1458  -9.971  -76.776  -18.783 0.6999999881
1460  -13.141  -76.020  -18.088 0.4000000060
1463  -10.785  -76.044  -20.685 0.6999999881
1465  -10.460  -75.724  -21.526 0.6999999881
1468  -9.350  -75.478  -22.859 0.5000000000
1555  0.629  -73.939  10.015 0.6000000238
1564  1.322  -73.360  8.653 0.8000000119
1578  2.536  -74.365  7.581 0.8999999762
1579  1.674  -73.710  7.779 0.8999999762
1580  0.648  -73.511  7.914 0.8999999762
1581  -0.715  -74.299  8.105 0.6000000238
1598  -6.911  -74.217  6.316 0.8000000119
1599  -7.310  -74.067  5.596 0.8999999762
1605  4.157  -74.572  5.122 0.8999999762
1606  3.862  -74.481  5.874 0.8999999762
1607  0.491  -74.649  5.344 0.8999999762
1614  4.689  -74.219  4.452 0.8999999762
1615  0.115  -74.739  4.005 0.8999999762
1618  -4.413  -73.622  4.606 0.8999999762
1619  -5.450  -73.328  4.584 1.0000000000
1620  -6.344  -73.694  4.273 1.0000000000
1621  -6.968  -73.981  4.125 0.8999999762
1627  -0.688  -74.377  3.545 0.8999999762
1632  5.081  -74.575  2.959 1.0000000000
1633  4.560  -74.205  2.135 1.0000000000
1636  5.465  -74.904  1.225 1.0000000000
1642  5.424  -75.162  0.101 1.0000000000
1651  5.093  -74.705  -0.869 1.0000000000
1652  4.423  -74.181  -0.842 1.0000000000
1656  -5.578  -74.254  -0.256 1.0000000000
1665  2.674  -74.080  -2.490 1.0000000000
1666  1.568  -74.155  -1.459 1.0000000000
1679  3.746  -74.122  -3.554 1.0000000000
1693  -4.100  -74.676  -3.222 1.0000000000
1700  -7.861  -74.381  -4.473 0.8999999762
1708  -2.695  -74.100  -5.458 1.0000000000
1728  4.611  -75.500  -8.253 1.0000000000
1733  -7.175  -74.185  -6.573 0.8999999762
1743  -0.453  -74.123  -9.123 1.0000000000
1744  -5.149  -74.556  -8.845 0.8999999762
1757  -4.278  -74.118  -10.703 0.8999999762
1761  -7.834  -75.278  -11.476 0.8000000119
1764  4.930  -75.281  -12.790 0.6999999881
1765  4.301  -75.248  -12.477 0.6999999881
1776  4.869  -76.078  -13.209 0.6999999881
1778  0.750  -74.713  -13.555 0.6999999881
1780  -4.519  -75.300  -14.305 0.8999999762
1785  -10.944  -74.360  -13.949 0.6999999881
1795  -10.684  -75.014  -14.707 0.6999999881
1797  -12.211  -74.440  -15.171 0.4000000060
1803  3.875  -75.829  -15.625 0.4000000060
1822  -8.304  -76.622  -17.423 0.8000000119
1834  -3.408  -75.621  -18.545 0.5000000000
1835  -9.943  -75.661  -18.090 0.6999999881
1845  -10.697  -75.336  -18.802 0.6999999881
1853  -10.902  -75.339  -19.382 0.6999999881
1857  -10.843  -74.579  -20.041 0.6999999881
1860  -10.020  -74.678  -21.718 0.6999999881
1922  3.053  -73.569  12.495 0.6999999881
1923  2.751  -73.496  12.473 0.6999999881
1931  3.193  -73.620  11.919 0.6000000238
1933  2.138  -73.815  11.953 0.6999999881
1943  3.255  -73.159  10.852 0.8000000119
1944  2.839  -73.778  11.385 0.6999999881
1945  1.396  -73.701  11.152 0.6000000238
1975  3.272  -73.128  7.320 0.8999999762
1976  -0.128  -73.693  7.444 0.8000000119
1986  3.603  -73.525  6.503 0.8999999762
1987  -1.885  -72.838  6.283 0.8000000119
1999  3.237  -73.075  5.123 0.8999999762
2002  -5.280  -72.758  5.029 0.8000000119
2003  -5.762  -72.847  5.249 0.6999999881
2004  -6.371  -73.194  5.233 1.0000000000
2005  -7.003  -73.583  5.191 0.8999999762
2011  -2.314  -73.456  3.914 0.8000000119
2019  4.135  -73.747  3.864 0.8999999762
2020  2.969  -73.194  3.277 1.0000000000
2021  -1.668  -73.689  3.731 0.8000000119
2024  4.477  -73.996  3.030 1.0000000000
2026  2.833  -73.156  2.325 1.0000000000
2029  2.724  -72.901  1.698 1.0000000000
2037  3.008  -72.881  1.014 1.0000000000
2046  0.352  -73.198  -1.088 1.0000000000
2047  -0.135  -72.763  -0.998 1.0000000000
2050  -6.335  -73.731  -0.668 1.0000000000
2061  -4.843  -73.335  -1.327 1.0000000000
2062  -5.532  -73.056  -0.982 1.0000000000
2063  -6.801  -73.432  -1.169 1.0000000000
2072  3.712  -72.937  -3.315 1.0000000000
2095  -8.516  -72.892  -4.012 0.8999999762
2104  -8.522  -72.895  -4.763 0.8999999762
2146  -0.877  -72.853  -9.909 1.0000000000
2147  -5.504  -73.567  -9.379 0.8999999762
2149  -9.142  -74.116  -10.230 0.6000000238
2157  -8.983  -73.977  -10.921 0.6999999881
2160  -3.904  -74.618  -12.731 0.8999999762
2164  -9.919  -73.305  -11.789 0.4000000060
2178  2.916  -73.741  -12.678 0.6999999881
2184  -6.591  -73.073  -14.038 0.8999999762
2185  -9.962  -74.245  -13.227 0.6999999881
2191  5.351  -73.965  -14.310 0.6999999881
2197  -12.097  -73.729  -14.547 0.4000000060
2212  -2.345  -73.940  -15.342 0.6999999881
2246  -4.883  -75.091  -18.903 0.4000000060
2293  -7.280  -74.141  -23.233 0.5000000000
2366  3.109  -72.963  12.815 0.6000000238
2399  3.516  -71.987  8.736 0.8999999762
2410  -2.655  -72.729  6.748 0.6999999881
2417  3.279  -72.553  6.751 0.8999999762
2418  2.649  -72.340  6.104 0.8999999762
2419  -2.289  -72.561  5.458 0.8000000119
2428  -2.852  -72.367  5.225 0.8000000119
2429  -3.543  -72.187  5.517 0.8000000119
2436  -3.925  -72.436  4.969 0.8999999762
2438  2.503  -72.500  3.637 1.0000000000
2441  2.656  -72.577  2.253 1.0000000000
2459  -6.211  -73.077  -0.918 1.0000000000
2465  4.643  -73.257  -1.515 1.0000000000
2470  -6.605  -72.773  -1.510 1.0000000000
2479  5.207  -72.412  -3.531 1.0000000000
2481  -0.592  -72.609  -2.533 1.0000000000
2484  -6.326  -72.166  -2.087 1.0000000000
2493  -4.443  -72.080  -3.454 1.0000000000
2494  -5.011  -71.731  -2.755 1.0000000000
2496  -7.626  -72.431  -2.832 1.0000000000
2503  -8.373  -72.194  -4.272 0.8999999762
2508  -2.493  -72.480  -6.137 1.0000000000
2520  5.673  -72.754  -7.193 1.0000000000
2524  -2.333  -72.268  -6.889 1.0000000000
2526  -7.924  -72.851  -6.555 0.8999999762
2538  -2.304  -72.198  -7.888 1.0000000000
2539  -6.558  -72.862  -8.453 0.8999999762
2540  -7.110  -72.673  -7.878 0.8999999762
2549  -2.155  -72.150  -9.044 1.0000000000
2562  -6.305  -72.265  -9.596 0.8999999762
2574  -0.630  -72.771  -10.010 1.0000000000
2575  -1.087  -72.242  -9.831 1.0000000000
2586  -5.773  -72.254  -11.578 0.8999999762
2599  -5.305  -72.974  -12.243 0.8999999762
2611  -7.185  -72.172  -13.579 0.8999999762
2623  -3.063  -72.128  -14.862 0.8000000119
2647  -8.831  -72.719  -15.476 0.8999999762
2680  -10.027  -73.060  -17.623 0.8000000119
2694  -9.730  -72.990  -18.305 0.8999999762
2703  -7.798  -73.578  -19.445 0.6999999881
2895  3.653  -71.503  8.261 0.8000000119
2905  3.483  -71.079  7.703 0.8000000119
2911  2.570  -71.897  6.487 0.8999999762
2914  2.150  -71.681  5.767 0.8999999762
2920  2.429  -71.811  3.567 1.0000000000
2925  3.060  -71.799  2.283 1.0000000000
2945  5.610  -71.260  -1.196 1.0000000000
2957  2.001  -71.911  -1.639 1.0000000000
2966  4.411  -71.784  -3.492 1.0000000000
2973  -6.279  -71.114  -3.258 1.0000000000
2982  -7.621  -71.007  -4.134 0.8999999762
2983  -8.198  -71.405  -4.525 0.8999999762
2987  5.849  -72.484  -6.654 1.0000000000
3001  6.154  -72.357  -7.059 1.0000000000
3005  -3.177  -71.010  -6.464 1.0000000000
3006  -3.735  -70.457  -5.816 1.0000000000
3014  5.217  -72.393  -7.469 1.0000000000
3015  4.101  -72.530  -7.447 1.0000000000
3049  -1.933  -71.099  -10.113 1.0000000000
3057  -6.969  -70.969  -11.218 0.8999999762
3066  4.832  -71.257  -12.974 0.8999999762
3069  2.952  -71.990  -12.179 0.8999999762
3070  2.140  -71.261  -12.588 1.0000000000
3086  -1.182  -71.079  -13.767 1.0000000000
3090  -9.210  -70.292  -14.428 0.8999999762
3096  5.940  -72.488  -14.822 0.8000000119
3097  -2.605  -71.613  -14.301 0.8000000119
3100  -8.897  -71.289  -14.473 0.8999999762
3101  -9.197  -70.907  -15.143 0.8999999762
3118  -5.030  -70.890  -16.117 0.8000000119
3134  -9.163  -71.070  -16.875 0.8999999762
3147  -8.606  -71.383  -17.371 0.8000000119
3158  -8.061  -72.134  -17.939 0.8000000119
3182  3.585  -72.465  -20.932 0.4000000060
3363  4.252  -70.491  13.412 0.6000000238
3364  3.948  -70.476  13.556 0.6000000238
3413  3.910  -70.810  8.106 0.8000000119
3422  3.137  -70.551  6.947 0.8000000119
3425  2.228  -70.575  5.711 0.8999999762
3454  -1.263  -70.097  1.716 1.0000000000
3462  0.220  -71.085  0.695 1.0000000000
3463  -0.903  -70.754  0.639 1.0000000000
3476  1.834  -70.787  -0.729 1.0000000000
3478  -1.240  -70.199  0.416 1.0000000000
3491  3.232  -70.510  -2.649 1.0000000000
3492  -0.901  -70.658  -1.164 1.0000000000
3497  5.093  -70.863  -2.888 1.0000000000
3509  -0.476  -70.657  -4.566 1.0000000000
3519  -5.757  -69.726  -5.712 1.0000000000
3521  -7.640  -70.320  -5.180 0.8999999762
3524  6.126  -70.319  -6.666 1.0000000000
3529  -8.337  -70.288  -6.303 0.8999999762
3536  6.338  -71.208  -7.078 1.0000000000
3537  6.061  -70.985  -7.280 1.0000000000
3544  -8.370  -70.271  -6.861 0.8999999762
3550  0.421  -70.098  -8.721 1.0000000000
3551  -3.611  -70.485  -8.874 1.0000000000
3552  -4.386  -69.467  -7.759 1.0000000000
3553  -8.163  -70.329  -8.940 0.8999999762
3562  -0.875  -70.881  -10.022 1.0000000000
3563  -3.620  -70.179  -9.319 1.0000000000
3575  -1.762  -70.464  -10.686 1.0000000000
3577  -3.089  -70.269  -10.086 1.0000000000
3578  -7.584  -70.507  -10.583 0.8999999762
3589  3.591  -69.982  -11.872 1.0000000000
3604  4.072  -70.595  -12.251 1.0000000000
3623  -2.324  -69.848  -13.825 0.8999999762
3640  -4.390  -70.075  -14.858 0.8000000119
3642  -9.280  -70.204  -15.140 0.8999999762
3663  -7.425  -69.916  -16.459 0.8999999762
3664  -9.210  -70.194  -15.723 0.8999999762
3680  -8.952  -70.214  -16.332 0.8999999762
3723  3.797  -72.069  -21.173 0.4000000060
3930  4.454  -69.847  13.218 0.6000000238
3969  4.553  -69.383  9.232 0.8000000119
3980  4.260  -69.502  7.852 0.8000000119
3983  2.921  -69.706  6.584 0.8000000119
3990  2.601  -69.633  5.404 0.6999999881
3996  3.700  -69.621  4.215 0.8999999762
3997  2.976  -69.481  4.770 0.8999999762
4010  -0.856  -69.713  2.813 1.0000000000
4011  -1.194  -69.547  2.839 1.0000000000
4018  5.588  -69.609  2.025 1.0000000000
4020  0.498  -69.589  2.184 1.0000000000
4030  5.363  -69.411  0.686 1.0000000000
4032  1.720  -69.919  0.445 1.0000000000
4033  -1.477  -69.616  1.200 1.0000000000
4054  3.988  -69.247  -2.608 1.0000000000
4061  -0.792  -69.198  -3.937 1.0000000000
4071  3.454  -69.234  -5.162 1.0000000000
4075  -8.099  -70.013  -6.147 0.8999999762
4083  -8.207  -69.801  -6.674 0.8999999762
4097  -8.003  -69.211  -7.072 0.8999999762
4118  0.415  -69.094  -9.978 1.0000000000
4120  -3.846  -69.227  -8.901 1.0000000000
4131  4.402  -68.994  -11.032 1.0000000000
4132  3.830  -69.116  -10.651 1.0000000000
4133  3.037  -69.337  -10.214 1.0000000000
4134  0.207  -69.166  -10.762 1.0000000000
4138  -3.187  -69.275  -10.307 1.0000000000
4146  4.614  -69.213  -11.655 1.0000000000
4147  4.007  -69.407  -11.378 1.0000000000
4151  -0.248  -69.362  -11.641 1.0000000000
4152  -2.548  -69.175  -11.618 1.0000000000
4164  4.614  -69.851  -12.268 1.0000000000
4165  1.107  -69.633  -11.926 1.0000000000
4167  -0.769  -69.537  -12.395 1.0000000000
4168  -1.564  -69.300  -12.582 1.0000000000
4169  -2.233  -68.904  -12.654 1.0000000000
4180  -1.108  -69.655  -13.051 1.0000000000
4183  -3.662  -68.853  -13.758 0.8999999762
4186  -8.773  -69.152  -13.459 0.8999999762
4187  -9.101  -69.698  -14.213 0.8999999762
4218  5.693  -70.075  -15.702 0.8999999762
4222  -6.331  -69.314  -15.211 0.8999999762
4225  -9.182  -69.798  -15.152 0.8999999762
4235  -8.398  -69.737  -16.062 0.8999999762
4483  4.456  -68.758  8.331 0.8000000119
4491  2.734  -68.249  6.696 0.6999999881
4492  1.975  -67.797  6.940 0.6000000238
4499  2.573  -68.913  6.209 0.6999999881
4512  2.651  -68.829  5.003 0.6999999881
4521  3.885  -68.366  4.088 0.8999999762
4530  5.298  -68.151  2.948 1.0000000000
4542  -1.757  -68.801  1.879 1.0000000000
4560  2.937  -68.584  -1.525 1.0000000000
4573  4.431  -68.769  -2.151 1.0000000000
4574  4.133  -68.676  -2.366 1.0000000000
4576  -0.807  -68.456  -1.594 1.0000000000
4610  0.304  -68.382  -5.697 1.0000000000
4618  5.110  -68.360  -6.459 1.0000000000
4636  2.278  -68.485  -8.387 1.0000000000
4637  1.520  -68.747  -8.618 1.0000000000
4646  2.479  -68.539  -9.199 1.0000000000
4647  1.565  -68.713  -9.229 1.0000000000
4649  -4.257  -68.152  -9.218 1.0000000000
4651  -6.464  -67.777  -8.982 0.8999999762
4652  -7.666  -67.887  -9.184 0.8999999762
4657  4.872  -68.163  -11.121 1.0000000000
4662  1.104  -68.866  -9.912 1.0000000000
4664  -3.914  -67.794  -10.094 1.0000000000
4677  0.941  -69.065  -10.617 1.0000000000
4678  -2.582  -68.484  -12.015 1.0000000000
4681  -8.760  -68.078  -11.533 0.8999999762
4692  5.352  -68.774  -12.494 1.0000000000
4693  -3.015  -67.912  -12.286 0.8999999762
4694  -4.311  -67.650  -12.536 0.8999999762
4695  -5.990  -67.675  -12.839 0.8999999762
4706  5.627  -68.790  -13.453 1.0000000000
4712  -8.617  -68.352  -12.882 0.8999999762
4743  5.134  -68.298  -15.956 1.0000000000
4809  4.986  -69.371  -20.587 0.8000000119
5047  4.501  -67.260  10.580 0.6000000238
5054  4.450  -67.431  9.515 0.6000000238
5059  4.408  -67.654  8.459 0.6000000238
5062  2.173  -67.490  7.708 0.6000000238
5070  3.941  -67.617  7.769 0.6999999881
5080  0.745  -66.841  6.583 0.6000000238
5114  -2.416  -67.341  2.980 1.0000000000
5118  5.336  -67.972  1.838 1.0000000000
5119  1.703  -66.862  1.427 1.0000000000
5130  5.094  -67.788  0.544 1.0000000000
5133  -1.984  -67.842  1.319 1.0000000000
5135  -5.324  -67.501  0.280 1.0000000000
5152  -6.616  -67.665  -0.424 1.0000000000
5182  -0.148  -67.013  -2.599 1.0000000000
5183  -4.873  -67.881  -2.357 1.0000000000
5185  -6.666  -68.285  -2.593 1.0000000000
5201  0.227  -66.796  -5.410 1.0000000000
5204  -7.687  -67.966  -4.304 1.0000000000
5216  0.713  -67.501  -5.965 1.0000000000
5233  4.579  -66.791  -6.774 1.0000000000
5234  4.344  -67.302  -7.357 1.0000000000
5235  3.771  -67.874  -7.820 1.0000000000
5248  3.144  -68.098  -8.933 1.0000000000
5262  -8.016  -67.557  -10.641 0.8999999762
5263  -8.473  -67.757  -10.989 0.8999999762
5270  4.917  -68.066  -12.215 1.0000000000
5272  -4.412  -67.392  -11.673 0.8999999762
5274  -7.156  -67.412  -11.463 0.8999999762
5285  -7.638  -67.521  -12.004 0.8999999762
5293  4.964  -67.842  -13.748 1.0000000000
5294  4.464  -67.086  -13.857 1.0000000000
5370  5.425  -68.480  -19.770 0.8999999762
5648  -0.399  -65.908  9.034 0.5000000000
5658  2.240  -67.043  8.589 0.5000000000
5684  3.477  -66.155  4.887 0.6000000238
5693  4.459  -66.085  4.144 0.8000000119
5695  2.809  -67.145  4.440 0.6000000238
5710  -2.286  -66.512  4.082 1.0000000000
5731  -3.350  -67.245  1.759 1.0000000000
5733  -5.457  -67.082  1.907 1.0000000000
5746  -6.796  -67.047  0.943 1.0000000000
5747  -7.389  -66.623  0.558 1.0000000000
5758  4.819  -65.770  -1.585 1.0000000000
5759  3.899  -66.340  -2.014 1.0000000000
5762  -1.995  -67.201  -0.885 1.0000000000
5764  -3.398  -67.336  -0.626 1.0000000000
5778  -0.799  -66.461  -2.035 1.0000000000
5780  -4.103  -67.527  -0.920 1.0000000000
5789  -0.232  -66.171  -2.603 1.0000000000
5791  -3.281  -66.857  -2.307 1.0000000000
5804  -8.916  -67.241  -3.302 1.0000000000
5814  -2.502  -66.003  -4.417 1.0000000000
5815  -3.255  -66.506  -4.454 1.0000000000
5821  -9.589  -66.961  -4.783 1.0000000000
5850  4.422  -66.371  -6.207 1.0000000000
5852  -3.703  -66.486  -6.327 1.0000000000
5853  -4.348  -66.541  -6.632 1.0000000000
5857  -8.882  -66.826  -6.281 1.0000000000
5873  3.930  -65.820  -8.816 1.0000000000
5887  3.612  -66.367  -10.010 1.0000000000
5914  3.572  -65.855  -14.559 1.0000000000
5964  4.192  -66.276  -17.504 1.0000000000
5991  5.531  -67.434  -19.857 1.0000000000
5992  5.212  -66.531  -19.954 1.0000000000
6279  -0.697  -65.361  9.001 0.5000000000
6289  0.008  -65.586  7.577 0.5000000000
6290  -0.447  -65.235  8.239 0.5000000000
6299  2.574  -64.947  6.195 0.6000000238
6301  0.600  -65.937  6.839 0.6000000238
6313  1.899  -65.898  5.665 0.6000000238
6338  -0.517  -65.584  4.312 1.0000000000
6339  -3.534  -65.547  4.109 1.0000000000
6340  -4.910  -65.026  3.549 1.0000000000
6341  -5.552  -64.809  3.053 1.0000000000
6358  2.388  -65.679  0.967 1.0000000000
6403  0.237  -64.887  -3.203 1.0000000000
6404  -0.078  -65.314  -2.735 1.0000000000
6408  -9.508  -65.602  -2.776 1.0000000000
6414  -1.195  -64.993  -3.224 1.0000000000
6416  -9.770  -65.993  -3.577 1.0000000000
6424  0.725  -65.060  -4.485 1.0000000000
6425  -1.506  -64.699  -4.641 1.0000000000
6427  -10.006  -66.112  -5.046 1.0000000000
6435  3.658  -65.413  -5.808 1.0000000000
6438  -1.141  -64.525  -5.385 1.0000000000
6448  4.970  -64.526  -5.934 1.0000000000
6450  -2.277  -65.700  -6.421 1.0000000000
6452  -4.794  -66.222  -7.231 1.0000000000
6474  -2.712  -65.561  -8.248 1.0000000000
6495  2.785  -65.868  -11.340 1.0000000000
6561  3.526  -65.578  -16.305 1.0000000000
6562  2.860  -64.969  -16.167 1.0000000000
6593  3.933  -65.399  -18.625 1.0000000000
6619  4.354  -65.934  -21.106 1.0000000000
6649  3.229  -65.848  -24.355 0.8000000119
6909  -0.011  -64.988  7.710 0.5000000000
6937  4.133  -64.090  4.652 0.8000000119
6941  -3.562  -64.810  4.478 1.0000000000
6952  0.631  -64.390  3.341 1.0000000000
6955  -5.375  -64.059  3.431 1.0000000000
6963  1.175  -64.687  2.860 1.0000000000
6965  -6.583  -64.425  2.011 1.0000000000
6972  4.648  -64.575  0.203 1.0000000000
6979  4.708  -64.510  -0.863 1.0000000000
6981  -7.650  -64.986  0.877 1.0000000000
6994  4.326  -64.559  -1.279 1.0000000000
6998  -8.682  -64.778  -0.632 1.0000000000
7018  -0.301  -64.805  -3.061 1.0000000000
7027  0.490  -64.595  -4.027 1.0000000000
7048  4.989  -63.898  -5.806 1.0000000000
7050  2.866  -63.889  -5.442 1.0000000000
7051  -0.373  -64.094  -5.204 1.0000000000
7053  -10.729  -64.912  -6.126 1.0000000000
7064  -10.770  -64.900  -7.158 1.0000000000
7075  -1.024  -65.044  -7.002 1.0000000000
7079  -9.842  -65.348  -8.338 1.0000000000
7088  3.741  -64.493  -8.385 1.0000000000
7090  -1.164  -64.409  -8.655 1.0000000000
7092  -4.006  -64.896  -8.945 1.0000000000
7093  -4.882  -64.451  -8.599 1.0000000000
7094  -5.641  -64.137  -8.341 1.0000000000
7095  -6.185  -64.045  -8.338 1.0000000000
7096  -7.850  -65.124  -8.352 1.0000000000
7106  -1.727  -64.376  -9.269 1.0000000000
7190  3.094  -64.497  -17.719 1.0000000000
7256  1.947  -63.828  -25.407 0.6999999881
7504  2.838  -64.027  8.304 0.5000000000
7536  -3.932  -64.055  4.497 1.0000000000
7549  0.049  -63.865  3.578 1.0000000000
7550  -0.641  -63.462  3.874 1.0000000000
7551  -2.957  -62.897  4.366 1.0000000000
7552  -3.667  -63.233  4.326 1.0000000000
7562  1.092  -63.200  2.607 1.0000000000
7605  -9.008  -64.134  -1.188 1.0000000000
7627  -9.789  -64.122  -3.305 1.0000000000
7644  4.274  -63.451  -5.913 1.0000000000
7646  2.269  -63.220  -5.553 1.0000000000
7647  0.763  -63.350  -5.469 1.0000000000
7673  4.313  -63.861  -7.107 1.0000000000
7677  -11.605  -63.661  -7.234 1.0000000000
7690  -8.028  -63.971  -9.466 1.0000000000
7691  -9.970  -64.377  -9.446 1.0000000000
7700  2.440  -64.399  -9.525 1.0000000000
7701  1.678  -64.063  -9.858 1.0000000000
7703  -2.857  -63.595  -10.040 1.0000000000
7718  -3.412  -62.931  -10.173 1.0000000000
7743  1.162  -64.009  -13.055 1.0000000000
7782  1.207  -63.132  -15.888 1.0000000000
7803  1.387  -63.064  -16.749 1.0000000000
7821  2.660  -63.757  -17.533 1.0000000000
7835  3.713  -63.954  -18.873 1.0000000000
7911  1.724  -62.913  -24.732 0.6999999881
8163  4.734  -62.963  6.870 0.6999999881
8164  4.406  -62.958  7.265 0.5000000000
8172  4.477  -62.697  5.938 0.6999999881
8194  -3.637  -62.553  3.753 1.0000000000
8212  -4.389  -62.395  3.036 1.0000000000
8213  -5.181  -62.638  2.591 1.0000000000
8219  2.311  -62.674  0.641 1.0000000000
8220  1.693  -62.625  1.468 1.0000000000
8222  0.002  -62.195  1.948 1.0000000000
8225  -3.706  -61.730  1.909 1.0000000000
8229  -6.766  -62.628  1.417 1.0000000000
8241  -3.525  -61.383  0.424 1.0000000000
8242  -4.809  -61.657  1.197 1.0000000000
8245  -8.228  -62.490  0.474 1.0000000000
8262  -0.991  -61.816  -0.396 1.0000000000
8278  -2.762  -61.956  -2.040 1.0000000000
8280  -3.799  -61.732  -2.156 1.0000000000
8281  -9.813  -62.864  -1.405 1.0000000000
8282  -10.280  -62.245  -2.002 1.0000000000
8288  -1.787  -62.192  -2.620 1.0000000000
8290  -2.995  -62.251  -2.989 1.0000000000
8292  -4.476  -61.752  -2.735 1.0000000000
8293  -6.113  -61.880  -3.528 0.8999999762
8305  -2.166  -62.406  -4.120 1.0000000000
8308  -4.351  -61.787  -3.101 0.8999999762
8309  -6.671  -62.149  -4.095 0.8999999762
8325  -6.047  -62.009  -4.028 0.8999999762
8326  -6.638  -62.152  -4.377 0.8999999762
8342  -7.001  -62.315  -4.886 0.8999999762
8352  3.620  -63.276  -6.581 1.0000000000
8356  0.032  -62.529  -6.832 1.0000000000
8371  -12.359  -62.169  -7.269 1.0000000000
8382  1.705  -62.624  -7.884 1.0000000000
8387  -6.353  -62.214  -8.793 1.0000000000
8388  -7.085  -62.597  -9.137 1.0000000000
8401  1.394  -63.198  -9.224 1.0000000000
8403  -1.651  -63.145  -9.408 1.0000000000
8409  -9.243  -62.807  -10.282 1.0000000000
8421  1.076  -63.708  -10.862 1.0000000000
8431  0.687  -63.041  -11.109 1.0000000000
8434  0.910  -63.798  -12.446 1.0000000000
8438  0.661  -62.880  -14.075 1.0000000000
8470  0.700  -62.693  -15.637 1.0000000000
8471  0.319  -62.151  -15.876 1.0000000000
8485  1.359  -62.573  -16.777 1.0000000000
8502  3.709  -62.569  -17.472 1.0000000000
8519  4.230  -63.146  -18.802 1.0000000000
8575  2.293  -61.976  -24.420 0.6999999881
8584  1.882  -62.258  -24.590 0.6999999881
8842  2.198  -62.034  6.235 0.5000000000
8850  3.825  -61.886  5.518 0.6000000238
8851  2.719  -61.731  5.500 0.5000000000
8859  3.412  -61.341  4.805 0.6000000238
8866  4.081  -61.202  4.199 0.6999999881
8900  5.126  -61.018  -0.270 1.0000000000
8903  -0.061  -61.650  0.247 1.0000000000
8905  -5.750  -61.324  0.495 1.0000000000
8909  -8.992  -61.111  0.009 1.0000000000
8921  5.199  -61.015  -1.478 1.0000000000
8922  3.542  -61.499  -1.445 1.0000000000
8923  2.533  -61.533  -0.618 1.0000000000
8929  -6.205  -60.868  -0.010 1.0000000000
8930  -9.576  -61.661  -0.472 1.0000000000
8941  4.880  -60.989  -1.951 1.0000000000
8946  -3.877  -61.508  -1.199 1.0000000000
8958  1.200  -60.711  -2.271 1.0000000000
8963  -6.121  -61.445  -2.722 1.0000000000
8964  -6.818  -61.354  -3.221 1.0000000000
8979  -4.143  -61.689  -3.308 0.8999999762
8994  -1.041  -60.987  -4.712 1.0000000000
8997  -6.424  -62.002  -4.591 0.8000000119
8998  -7.505  -62.118  -4.752 1.0000000000
9007  -7.464  -62.011  -5.411 1.0000000000
9015  2.150  -61.689  -6.907 1.0000000000
9016  1.354  -61.602  -6.925 1.0000000000
9030  -12.831  -61.388  -7.710 1.0000000000
9039  1.564  -61.740  -8.267 1.0000000000
9040  1.281  -61.191  -8.523 1.0000000000
9043  -0.952  -61.834  -8.867 1.0000000000
9045  -5.094  -61.050  -8.018 1.0000000000
9046  -6.106  -61.378  -8.603 1.0000000000
9059  0.892  -60.788  -9.376 1.0000000000
9062  -2.211  -61.924  -9.970 1.0000000000
9064  -4.328  -61.080  -8.498 1.0000000000
9066  -7.620  -62.189  -9.703 1.0000000000
9067  -11.031  -61.521  -10.005 1.0000000000
9076  0.798  -60.971  -10.112 1.0000000000
9080  -8.125  -61.836  -10.119 1.0000000000
9082  -10.198  -61.166  -10.309 1.0000000000
9088  -0.185  -60.703  -11.555 1.0000000000
9102  -0.157  -61.593  -13.146 1.0000000000
9103  -0.571  -60.967  -13.749 1.0000000000
9117  3.185  -60.839  -15.136 1.0000000000
9139  4.582  -60.783  -15.202 1.0000000000
9140  4.263  -61.018  -15.103 1.0000000000
9157  3.438  -61.527  -16.374 1.0000000000
9158  2.282  -61.761  -16.731 1.0000000000
9171  4.420  -61.815  -16.765 1.0000000000
9251  1.357  -61.302  -24.266 0.5000000000
9258  1.731  -61.708  -24.453 0.6999999881
9536  4.196  -60.762  3.623 0.6999999881
9582  -7.086  -60.662  0.326 1.0000000000
9585  -9.172  -60.292  -0.025 1.0000000000
9601  -7.469  -60.105  -0.155 1.0000000000
9602  -9.989  -60.129  -0.380 1.0000000000
9614  4.689  -60.339  -1.917 1.0000000000
9637  -12.089  -60.263  -3.252 1.0000000000
9646  2.451  -59.344  -3.408 1.0000000000
9648  0.695  -60.244  -4.276 1.0000000000
9649  -0.235  -60.597  -4.573 1.0000000000
9653  -5.123  -61.399  -3.561 0.8000000119
9656  -8.276  -60.443  -4.304 1.0000000000
9665  -5.860  -61.500  -4.310 0.8999999762
9674  -7.879  -61.145  -5.697 0.8000000119
9676  -9.075  -60.364  -6.534 0.8999999762
9677  -12.756  -60.753  -5.376 1.0000000000
9678  -13.384  -60.389  -5.836 1.0000000000
9684  -8.283  -60.515  -6.248 0.8000000119
9693  -4.949  -60.166  -6.967 1.0000000000
9705  -3.582  -60.064  -8.581 1.0000000000
9708  -6.446  -60.156  -8.726 1.0000000000
9719  -0.896  -60.565  -9.901 1.0000000000
9721  -3.844  -60.534  -8.732 1.0000000000
9725  -12.419  -60.570  -9.374 1.0000000000
9732  0.227  -60.517  -10.139 1.0000000000
9734  -1.515  -60.173  -10.726 1.0000000000
9736  -3.338  -60.443  -10.462 1.0000000000
9747  4.629  -60.401  -12.521 1.0000000000
9748  4.625  -60.272  -11.738 0.8999999762
9756  3.355  -60.082  -12.462 1.0000000000
9766  4.789  -60.312  -13.251 1.0000000000
9768  3.952  -60.752  -13.637 1.0000000000
9771  -0.414  -60.250  -13.614 1.0000000000
9828  4.754  -60.557  -15.716 1.0000000000
9891  3.395  -59.661  -22.592 1.0000000000
9900  1.861  -59.787  -23.716 0.6000000238
10217  4.432  -58.832  0.086 0.8999999762
10222  -1.861  -59.176  0.714 0.6000000238
10224  -8.081  -59.839  0.041 1.0000000000
10240  -2.856  -59.109  -0.589 0.6000000238
10241  -3.262  -58.751  -0.621 0.6000000238
10244  -8.422  -59.158  -0.143 1.0000000000
10261  3.602  -59.154  -1.840 1.0000000000
10265  -3.366  -58.884  -1.381 0.6000000238
10280  2.642  -58.903  -3.322 1.0000000000
10302  -5.903  -59.991  -4.109 0.8000000119
10304  -12.597  -59.888  -3.575 1.0000000000
10310  0.769  -59.166  -4.896 0.8999999762
10311  0.141  -59.274  -4.942 0.8999999762
10312  -0.564  -59.502  -4.822 1.0000000000
10322  -9.956  -59.578  -5.723 1.0000000000
10337  -14.009  -59.975  -6.325 1.0000000000
10338  -14.605  -59.443  -6.812 1.0000000000
10349  -5.154  -59.644  -7.056 1.0000000000
10363  -14.001  -59.265  -8.084 1.0000000000
10364  -14.454  -58.632  -7.923 1.0000000000
10370  4.313  -59.593  -9.521 1.0000000000
10372  2.889  -59.194  -9.781 1.0000000000
10375  -7.414  -59.613  -10.154 1.0000000000
10377  -11.739  -60.043  -9.785 1.0000000000
10378  -12.938  -59.858  -9.041 1.0000000000
10385  5.135  -59.713  -10.912 0.8999999762
10387  3.875  -60.068  -10.741 1.0000000000
10391  -3.356  -59.544  -10.633 1.0000000000
10393  -9.024  -59.598  -10.499 1.0000000000
10400  4.766  -60.103  -11.243 0.8999999762
10401  3.684  -60.081  -11.536 1.0000000000
10406  -3.027  -59.071  -11.105 1.0000000000
10417  5.159  -60.004  -12.769 1.0000000000
10419  -0.602  -59.164  -12.545 1.0000000000
10420  -1.123  -58.708  -11.930 1.0000000000
10436  2.536  -59.680  -13.182 1.0000000000
10438  0.350  -59.266  -13.245 1.0000000000
10454  5.151  -59.667  -14.452 1.0000000000
10478  5.019  -60.027  -15.715 1.0000000000
10498  5.615  -59.955  -17.906 1.0000000000
10512  4.775  -59.457  -20.137 1.0000000000
10545  1.740  -58.312  -22.925 0.5000000000
10917  -8.783  -58.486  -0.326 1.0000000000
10919  -10.237  -58.174  -0.197 1.0000000000
10920  -11.049  -58.086  -0.349 1.0000000000
10921  -11.656  -57.989  -0.646 1.0000000000
10944  3.134  -58.614  -2.281 0.8999999762
10950  -4.681  -58.121  -2.154 0.6999999881
10959  2.070  -58.729  -3.684 0.8000000119
10960  1.271  -58.662  -3.958 0.8000000119
10961  0.505  -58.638  -4.117 0.8999999762
10964  -8.633  -58.824  -3.811 1.0000000000
10968  -14.108  -58.271  -3.800 1.0000000000
10984  -7.780  -59.459  -6.169 0.6999999881
10985  -8.585  -59.238  -6.792 0.8000000119
10986  -10.435  -58.691  -5.627 1.0000000000
11000  3.174  -57.975  -7.293 1.0000000000
11002  1.492  -58.485  -6.912 1.0000000000
11008  -9.730  -58.870  -6.741 0.8999999762
11009  -10.354  -58.324  -6.252 0.8999999762
11010  -14.955  -58.675  -7.257 1.0000000000
11016  3.016  -58.412  -7.561 1.0000000000
11018  -0.288  -59.054  -6.935 1.0000000000
11019  -1.289  -59.062  -6.947 1.0000000000
11020  -2.305  -59.032  -6.893 1.0000000000
11021  -3.130  -59.099  -6.778 1.0000000000
11028  4.007  -58.357  -8.023 1.0000000000
11030  3.058  -58.775  -8.023 1.0000000000
11031  1.223  -58.845  -7.696 1.0000000000
11033  -0.889  -59.061  -7.509 1.0000000000
11036  -3.648  -59.533  -6.928 1.0000000000
11050  -2.825  -58.715  -9.464 1.0000000000
11051  -3.335  -58.981  -9.785 1.0000000000
11052  -6.482  -58.788  -9.304 1.0000000000
11055  -11.899  -58.354  -9.567 1.0000000000
11061  5.064  -58.920  -10.320 0.8999999762
11062  2.640  -58.986  -10.715 1.0000000000
11064  -2.752  -58.368  -10.541 1.0000000000
11066  -7.768  -58.956  -10.509 1.0000000000
11082  -1.998  -58.373  -11.556 1.0000000000
11096  0.164  -58.656  -12.627 1.0000000000
11106  5.087  -58.495  -13.134 0.8999999762
11107  -0.191  -59.006  -12.851 1.0000000000
11134  4.640  -58.616  -16.662 1.0000000000
11197  2.160  -57.676  -22.676 0.5000000000
11613  -1.961  -57.895  0.677 0.6000000238
11624  -2.289  -57.397  0.075 0.6000000238
11625  -2.985  -57.892  -0.183 0.6000000238
11629  -11.334  -57.554  -0.293 1.0000000000
11641  -3.557  -57.578  -0.886 0.6000000238
11642  -8.738  -57.522  -1.163 1.0000000000
11655  -4.461  -57.606  -1.844 0.6999999881
11664  -5.496  -57.369  -2.982 0.6000000238
11679  -11.431  -56.998  -5.451 0.8999999762
11680  -14.814  -57.918  -4.125 1.0000000000
11681  -15.557  -57.583  -4.407 1.0000000000
11682  -16.247  -57.062  -4.754 1.0000000000
11692  -11.087  -57.664  -5.691 0.8999999762
11704  2.922  -57.449  -6.863 0.8999999762
11709  -2.359  -58.435  -6.640 1.0000000000
11717  -1.800  -57.661  -6.780 1.0000000000
11719  -3.601  -58.221  -6.577 1.0000000000
11730  4.080  -57.308  -8.121 0.8999999762
11739  -13.622  -57.643  -8.628 1.0000000000
11746  1.098  -57.974  -9.572 1.0000000000
11748  -0.879  -57.809  -9.671 1.0000000000
11752  -6.225  -57.293  -9.493 1.0000000000
11760  4.972  -58.335  -9.772 0.8999999762
11764  -1.372  -57.652  -10.624 1.0000000000
11775  1.224  -57.923  -11.122 1.0000000000
11777  -0.280  -57.721  -11.427 1.0000000000
11779  -2.347  -58.082  -11.166 1.0000000000
11787  4.658  -57.591  -11.802 0.8999999762
11788  -0.101  -58.149  -12.092 1.0000000000
11834  4.020  -56.531  -16.947 0.8999999762
11871  2.829  -56.690  -20.901 0.6999999881
11887  1.961  -57.031  -22.087 0.6000000238
12336  -10.493  -56.250  -0.135 1.0000000000
12353  -4.033  -57.189  -1.599 0.6999999881
12356  -13.424  -57.046  -1.136 1.0000000000
12357  -14.760  -56.617  -1.401 1.0000000000
12358  -15.526  -56.617  -1.895 1.0000000000
12377  -9.074  -56.303  -2.337 1.0000000000
12400  -16.807  -56.587  -4.582 1.0000000000
12408  -8.731  -56.491  -6.322 0.8000000119
12411  -16.798  -56.598  -5.314 1.0000000000
12412  -17.221  -56.017  -5.662 1.0000000000
12417  0.848  -57.177  -6.630 1.0000000000
12421  -10.758  -57.222  -6.337 0.8999999762
12432  -15.496  -56.372  -7.705 1.0000000000
12441  4.269  -56.660  -9.236 0.8999999762
12442  -2.082  -55.967  -7.748 1.0000000000
12460  -5.883  -56.633  -9.178 1.0000000000
12461  -6.386  -56.542  -9.986 1.0000000000
12462  -10.547  -56.864  -9.730 1.0000000000
12463  -11.322  -56.226  -9.324 1.0000000000
12477  4.083  -55.737  -10.216 0.8999999762
12479  -7.809  -56.702  -10.505 1.0000000000
12480  -8.676  -56.781  -10.385 1.0000000000
12489  4.327  -56.681  -11.499 0.8999999762
12537  3.623  -55.089  -17.194 0.8999999762
13035  -12.021  -55.532  0.365 1.0000000000
13055  -16.371  -55.692  -1.376 1.0000000000
13077  -16.711  -55.925  -2.153 1.0000000000
13078  -17.274  -55.435  -2.627 1.0000000000
13114  -11.396  -55.515  -5.411 0.8999999762
13120  -10.974  -55.383  -6.075 0.8000000119
13121  -17.522  -55.353  -5.918 1.0000000000
13126  3.114  -55.434  -6.273 0.8999999762
13135  -0.830  -55.381  -7.574 1.0000000000
13141  -3.256  -55.564  -8.444 1.0000000000
13147  -14.117  -55.732  -7.963 1.0000000000
13154  2.743  -54.331  -10.304 0.8000000119
13155  1.515  -55.000  -10.101 0.6000000238
13157  -5.521  -55.912  -9.188 1.0000000000
13179  3.220  -54.185  -10.756 0.8000000119
13180  2.079  -54.969  -10.679 0.8000000119
13182  -0.222  -55.295  -10.741 0.4000000060
13185  -7.620  -55.941  -10.425 1.0000000000
13208  3.637  -54.091  -11.160 0.8000000119
13212  -0.816  -55.538  -11.375 0.5000000000
13278  3.452  -54.317  -16.768 0.8000000119
13304  2.959  -54.270  -18.484 0.5000000000
13852  -12.307  -54.121  0.815 1.0000000000
13886  -10.144  -54.202  -2.370 1.0000000000
13909  -17.804  -54.854  -3.152 1.0000000000
13910  -18.359  -54.194  -3.395 1.0000000000
13935  3.419  -54.050  -5.566 0.8999999762
13953  2.482  -54.481  -5.691 0.8999999762
13954  1.448  -54.528  -6.206 0.8999999762
13955  -16.923  -54.170  -6.669 1.0000000000
13963  3.978  -54.598  -7.056 0.8999999762
13968  -16.102  -54.353  -7.015 1.0000000000
13978  -1.752  -54.493  -8.332 1.0000000000
13980  -4.294  -54.570  -8.821 1.0000000000
13982  -5.281  -54.966  -9.258 1.0000000000
13984  -13.072  -54.567  -8.223 1.0000000000
13996  -10.640  -54.848  -9.745 1.0000000000
14011  -7.594  -54.218  -10.463 1.0000000000
14030  2.321  -54.366  -11.968 0.8000000119
14089  2.495  -53.374  -15.855 0.4000000060
14637  -13.509  -53.233  1.364 1.0000000000
14638  -14.479  -53.206  1.675 0.8000000119
14650  -12.093  -53.254  0.564 1.0000000000
14654  -17.912  -52.985  0.138 0.8999999762
14670  -18.005  -53.230  -0.706 1.0000000000
14682  -11.024  -53.234  -1.158 0.8999999762
14684  -18.148  -53.453  -1.536 1.0000000000
14699  -19.028  -53.007  -2.948 1.0000000000
14720  -19.237  -52.867  -3.708 1.0000000000
14746  -18.129  -53.698  -5.930 1.0000000000
14752  0.687  -53.696  -6.365 0.8999999762
14757  -18.461  -52.837  -5.870 1.0000000000
14771  4.073  -53.828  -7.602 0.8999999762
14772  3.871  -53.254  -8.414 0.8999999762
14775  -1.505  -53.463  -8.216 1.0000000000
14779  -4.388  -53.856  -8.922 1.0000000000
14782  -14.147  -53.991  -7.795 1.0000000000
14788  0.297  -54.476  -9.890 0.5000000000
14790  -5.587  -53.297  -9.719 1.0000000000
14793  -11.539  -53.605  -9.329 1.0000000000
14794  -12.232  -53.381  -8.937 1.0000000000
14809  -8.319  -53.779  -10.544 1.0000000000
14853  2.299  -52.917  -14.509 0.6000000238
14863  2.596  -52.790  -15.040 0.6000000238
14877  3.009  -52.798  -15.318 0.4000000060
14878  2.638  -52.943  -15.462 0.4000000060
15379  -16.292  -52.581  1.854 0.8000000119
15388  -13.186  -52.434  1.038 0.8000000119
15390  -17.698  -52.674  1.010 0.8999999762
15417  -11.529  -52.834  -0.822 0.8999999762
15450  -14.441  -52.095  -3.849 0.6999999881
15457  3.306  -51.753  -4.840 0.8999999762
15466  -19.031  -52.793  -5.000 1.0000000000
15467  -19.405  -52.153  -4.704 1.0000000000
15473  3.089  -52.505  -4.700 0.8999999762
15485  0.612  -52.784  -6.048 0.8999999762
15486  -0.267  -52.126  -6.696 0.8999999762
15494  4.088  -52.748  -6.744 0.8999999762
15507  -1.147  -52.691  -7.863 0.8999999762
15521  -3.517  -52.356  -9.205 1.0000000000
15523  -5.324  -52.587  -9.770 1.0000000000
15527  -11.811  -52.813  -9.363 1.0000000000
15541  -7.636  -52.096  -10.542 1.0000000000
16135  -17.340  -50.818  2.347 0.8000000119
16136  -18.244  -50.887  2.237 0.8000000119
16149  -17.792  -51.524  2.052 0.8000000119
16151  -19.406  -51.061  1.275 0.8000000119
16191  -13.740  -51.449  -1.577 0.8000000119
16195  -20.234  -51.291  -1.565 0.8999999762
16209  -19.899  -51.598  -2.825 1.0000000000
16222  -15.598  -51.503  -3.098 0.6999999881
16223  -19.846  -51.621  -3.506 1.0000000000
16231  3.144  -51.217  -4.484 0.8999999762
16248  3.407  -50.974  -4.970 0.8999999762
16251  0.549  -51.008  -5.271 0.8999999762
16277  2.428  -50.937  -7.401 0.6999999881
16281  -15.337  -51.582  -7.673 1.0000000000
16289  -2.479  -51.324  -9.036 1.0000000000
16297  0.955  -51.488  -9.579 0.4000000060
16300  -5.036  -51.568  -9.929 1.0000000000
16315  -6.448  -51.516  -10.412 1.0000000000
16954  -16.890  -50.076  2.314 0.8000000119
16956  -18.724  -50.215  2.339 0.8000000119
16997  -14.697  -50.675  0.018 0.8000000119
17015  -14.920  -50.660  -0.726 0.8000000119
17016  -15.540  -50.574  -1.497 0.8000000119
17058  -20.092  -50.967  -3.830 1.0000000000
17067  3.144  -50.582  -4.277 0.8999999762
17083  -20.313  -50.275  -4.137 1.0000000000
17089  -0.098  -50.377  -5.660 0.8999999762
17094  -19.035  -51.227  -5.887 1.0000000000
17102  -18.621  -50.563  -6.308 1.0000000000
17106  1.869  -50.290  -7.851 0.6000000238
17115  -2.431  -49.675  -8.174 1.0000000000
17116  -2.337  -50.535  -8.762 1.0000000000
17129  -7.080  -49.942  -10.350 1.0000000000
17130  -7.996  -49.968  -10.363 1.0000000000
17132  -9.786  -50.238  -10.236 1.0000000000
17146  -8.341  -50.790  -10.519 1.0000000000
17745  -17.520  -48.944  2.337 0.8000000119
17746  -18.075  -49.526  2.514 0.8000000119
17778  -16.371  -49.391  0.310 0.8000000119
17800  -21.575  -49.536  -0.329 0.8000000119
17844  -21.073  -49.947  -2.905 0.8999999762
17860  -21.270  -49.243  -3.302 0.8999999762
17883  3.165  -49.190  -4.297 0.8999999762
17884  1.973  -49.857  -3.913 0.8999999762
17892  -1.412  -48.825  -6.115 0.8999999762
17900  -2.895  -48.771  -7.287 1.0000000000
17902  -17.108  -49.302  -7.066 1.0000000000
17907  1.839  -49.662  -8.373 0.5000000000
17914  -15.715  -49.918  -7.867 1.0000000000
17921  -4.305  -49.512  -9.612 1.0000000000
17923  -5.837  -49.032  -10.126 1.0000000000
17927  -9.446  -49.366  -10.138 1.0000000000
17930  -12.007  -50.045  -9.571 1.0000000000
18484  -19.225  -48.454  2.481 0.8000000119
18485  -20.149  -48.532  2.210 0.8000000119
18500  -17.176  -48.453  1.840 0.6999999881
18502  -21.473  -48.661  1.071 0.8000000119
18571  -19.990  -49.084  -5.856 1.0000000000
18576  -3.123  -48.075  -6.705 0.8999999762
18577  -19.085  -48.546  -6.533 1.0000000000
18578  -19.812  -48.550  -6.214 1.0000000000
18584  -17.439  -48.561  -7.133 1.0000000000
18589  -4.007  -47.972  -9.565 1.0000000000
18593  -7.969  -48.141  -10.130 1.0000000000
18596  -11.224  -48.254  -9.396 1.0000000000
18597  -13.129  -48.720  -9.182 1.0000000000
18602  1.590  -48.342  -9.609 0.6000000238
18604  -5.554  -48.321  -10.101 1.0000000000
18607  -8.125  -48.197  -10.171 1.0000000000
18610  -10.803  -48.962  -9.681 1.0000000000
18632  0.461  -48.600  -11.610 0.5000000000
19209  -19.972  -47.130  2.508 0.8000000119
19230  -22.526  -46.775  0.575 0.8000000119
19277  2.315  -46.628  -4.000 0.8000000119
19290  2.444  -46.555  -4.657 0.8000000119
19299  -1.645  -47.470  -6.160 1.0000000000
19301  -18.774  -47.755  -6.797 1.0000000000
19313  -3.415  -47.498  -7.281 1.0000000000
19317  -6.744  -47.621  -10.281 1.0000000000
19342  1.145  -48.037  -9.985 0.5000000000
19344  0.163  -47.156  -11.215 0.4000000060
19953  -21.197  -46.343  2.198 0.6999999881
19966  -22.258  -46.389  1.274 0.8000000119
19979  -22.787  -46.436  0.041 0.8000000119
19985  -22.913  -46.526  -0.677 0.8000000119
20007  -22.411  -46.360  -3.445 0.8999999762
20010  1.995  -46.295  -3.801 0.8999999762
20011  1.531  -46.015  -3.931 0.8999999762
20058  -3.002  -46.849  -6.995 0.8999999762
20060  -18.032  -46.431  -7.528 1.0000000000
20072  -3.734  -47.243  -9.379 1.0000000000
20073  -5.069  -47.109  -9.900 1.0000000000
20077  -8.965  -47.615  -10.220 1.0000000000
20090  -0.334  -45.462  -10.195 0.5000000000
20094  -6.903  -46.774  -10.218 1.0000000000
20098  -10.226  -46.655  -10.035 1.0000000000
20100  -12.040  -46.318  -9.372 1.0000000000
20110  -0.166  -46.261  -10.759 0.5000000000
20843  -21.970  -45.763  -4.902 0.8999999762
20853  2.181  -45.396  -4.623 0.8000000119
20855  0.602  -45.298  -5.337 0.8999999762
20857  -22.231  -44.891  -5.129 0.8999999762
20865  2.197  -44.961  -5.378 0.8000000119
20896  -2.395  -45.293  -8.197 0.8999999762
20900  -16.133  -45.474  -8.350 1.0000000000
20913  -8.904  -46.116  -10.350 1.0000000000
20914  -10.025  -44.869  -10.306 1.0000000000
21623  -23.436  -43.894  0.156 0.6000000238
21630  -23.584  -44.269  -0.470 0.8000000119
21666  1.635  -44.547  -5.232 0.8000000119
21678  0.443  -43.661  -6.272 0.8000000119
21680  -20.777  -44.525  -6.708 0.8999999762
21681  -21.500  -44.132  -6.378 0.8999999762
21704  0.870  -43.379  -7.419 0.6999999881
21711  -16.662  -44.787  -8.251 1.0000000000
21726  -12.081  -44.725  -9.986 1.0000000000
21767  -1.604  -44.886  -12.867 0.4000000060
21797  -1.628  -44.845  -14.078 0.3000000119
22429  -19.835  -43.100  3.513 0.5000000000
22462  -22.439  -43.904  1.388 0.6000000238
22476  -22.970  -43.496  0.810 0.6000000238
22569  -4.564  -42.957  -8.213 0.8000000119
22570  -16.108  -42.839  -8.853 1.0000000000
22571  -16.571  -43.435  -8.445 1.0000000000
22585  -10.066  -43.811  -10.421 1.0000000000
22600  -5.098  -43.903  -10.191 0.8000000119
22601  -5.437  -43.112  -9.831 0.8000000119
22602  -6.573  -43.500  -10.581 0.8999999762
22604  -9.493  -43.271  -10.558 1.0000000000
23405  -24.037  -42.546  -2.142 0.6000000238
23414  -24.019  -42.223  -3.428 0.6000000238
23424  -23.425  -42.384  -4.841 0.6000000238
23438  -20.662  -42.320  -6.923 0.8999999762
23450  -1.630  -42.407  -7.435 0.6999999881
23453  -18.618  -42.420  -7.608 0.8000000119
23455  -19.937  -42.354  -7.220 0.8999999762
23464  -1.923  -41.845  -7.978 0.6999999881
23465  -4.231  -42.322  -7.693 0.8000000119
23487  -15.262  -42.551  -9.272 1.0000000000
23501  -8.885  -42.543  -10.664 0.8000000119
23532  -2.941  -43.140  -11.743 0.4000000060
23544  -3.161  -43.587  -12.162 0.3000000119
24267  -23.754  -41.937  -0.427 0.5000000000
24298  -24.191  -41.823  -2.539 0.6000000238
24357  -4.722  -41.699  -7.830 0.6999999881
24359  -6.541  -40.976  -8.933 0.8000000119
24360  -6.893  -40.551  -9.046 0.8000000119
24363  -17.388  -41.617  -8.337 0.8999999762
24378  -2.032  -41.501  -9.308 0.6999999881
24381  -6.709  -41.473  -9.715 0.8000000119
24384  -12.901  -41.430  -9.917 1.0000000000
24385  -13.752  -41.429  -9.739 1.0000000000
24420  -2.407  -42.328  -11.218 0.4000000060
24432  -2.706  -42.672  -11.475 0.4000000060
24444  -3.791  -41.723  -11.964 0.3000000119
25127  -23.615  -41.473  -0.166 0.4000000060
25186  -24.094  -41.457  -1.732 0.4000000060
25254  -3.988  -41.183  -8.305 0.6000000238
25257  -6.475  -40.608  -8.940 0.8000000119
25259  -7.781  -39.799  -9.168 0.8000000119
25279  -2.888  -40.619  -10.232 0.5000000000
25302  -3.069  -40.521  -10.727 0.5000000000
25304  -7.813  -40.689  -10.049 0.8000000119
25305  -10.126  -40.444  -10.409 0.8000000119
25306  -10.959  -40.801  -10.307 0.8999999762
25343  -3.929  -41.028  -11.879 0.3000000119
25353  -5.312  -40.248  -14.345 0.3000000119
26181  -6.866  -40.003  -8.974 0.6999999881
26185  -16.451  -39.588  -9.065 0.6999999881
26200  -3.592  -39.653  -10.822 0.4000000060
26202  -5.245  -39.855  -9.688 0.5000000000
26204  -9.152  -39.172  -9.390 0.8000000119
26205  -10.056  -39.341  -9.889 0.8000000119
26209  -14.113  -39.544  -9.476 0.8999999762
26210  -15.069  -39.701  -9.429 0.8999999762
26221  -4.637  -39.162  -10.463 0.4000000060
26247  -3.832  -39.856  -11.360 0.3000000119
27070  -18.441  -38.412  -7.651 0.5000000000
27092  -7.960  -38.917  -8.931 0.6999999881
27120  -13.112  -38.432  -9.276 0.8000000119
28041  -9.797  -37.493  -8.138 0.6999999881
28042  -10.329  -37.431  -8.132 0.5000000000
28045  -12.947  -37.237  -8.594 0.6000000238
28046  -15.202  -37.245  -8.494 0.6000000238
28061  -7.580  -37.613  -9.624 0.6000000238
28075  -5.089  -37.597  -10.909 0.4000000060
28090  -5.086  -37.342  -11.245 0.4000000060
28915  -12.660  -36.119  -7.015 0.4000000060
28920  -17.138  -36.417  -7.519 0.5000000000
28937  -11.464  -36.860  -7.550 0.5000000000
29741  -11.232  -35.849  -6.334 0.5000000000
29744  -15.709  -35.264  -7.514 0.5000000000
30541  -10.995  -34.782  -7.553 0.4000000060
125259  4.708  -73.285  -19.134 0.5000000000
125275  5.204  -68.166  -16.737 1.0000000000
125276  5.982  -71.072  -16.474 0.8000000119
125279  5.017  -67.352  -18.059 1.0000000000
125284  2.922  -67.589  -25.107 0.6000000238
126434  -11.886  -80.140  -19.298 0.4000000060
126463  3.905  -67.747  -23.873 0.8000000119
126504  3.144  -69.816  -24.263 0.5000000000
126863  5.181  -68.222  -18.108 1.0000000000
126870  -5.978  -82.350  -7.152 1.0000000000
126925  4.496  -66.605  -21.768 0.8999999762
127069  4.811  -73.769  -18.486 0.5000000000
127227  3.271  -68.218  -24.723 0.6000000238
127699  4.387  -70.962  10.461 0.8000000119
127802  -2.972  -44.791  -8.706 0.8000000119
127822  3.544  -73.891  6.757 0.8999999762
127899  4.197  -71.438  -12.398 1.0000000000
128075  -10.662  -64.431  -5.314 1.0000000000
128248  4.071  -64.721  -20.025 1.0000000000
128608  5.715  -73.388  -16.973 0.6999999881
128767  4.279  -63.910  2.815 0.8999999762
128799  -8.481  -69.327  -9.128 0.8999999762
128855  0.600  -79.792  3.756 1.0000000000
128906  -14.185  -44.546  -9.179 1.0000000000
129050  4.909  -60.240  0.342 0.8999999762
129095  3.882  -73.200  -0.397 1.0000000000
129166  -6.084  -74.869  -7.625 0.8999999762
129283  -2.442  -43.804  -12.086 0.4000000060
129371  -10.687  -55.475  -0.095 1.0000000000
129520  -7.138  -43.745  -10.641 0.8999999762
129561  3.063  -66.715  -0.954 1.0000000000
129746  3.953  -72.586  -12.272 0.8999999762
129817  4.201  -60.933  -14.232 1.0000000000
129832  -5.261  -57.380  -7.723 1.0000000000
129954  -16.004  -53.765  1.235 0.8999999762
129966  -1.776  -62.373  3.608 1.0000000000
130042  0.256  -69.448  -9.365 1.0000000000
130249  3.015  -72.446  8.275 0.8999999762
130285  -2.410  -66.610  -1.953 1.0000000000
130471  -13.213  -51.120  -9.187 1.0000000000
130518  4.176  -69.065  4.108 1.0000000000
130548  1.470  -77.998  -3.384 1.0000000000
130563  2.610  -63.249  -7.029 1.0000000000
130764  4.759  -69.912  11.732 0.6999999881
130820  -13.708  -37.208  -8.654 0.6000000238
131086  0.193  -71.055  -9.135 1.0000000000
131121  -6.004  -78.167  -5.035 1.0000000000
131321  -20.268  -47.077  -6.347 1.0000000000
131390  -20.349  -40.245  -7.136 0.6999999881
131456  -5.482  -42.078  -8.207 0.8000000119
131463  5.448  -69.191  -15.870 1.0000000000
131568  0.178  -70.801  -13.283 1.0000000000
131579  -10.506  -62.016  -10.203 1.0000000000
131625  -3.623  -75.296  -0.589 1.0000000000
131657  -8.690  -77.885  -4.809 0.8000000119
131703  2.353  -73.772  10.721 0.8999999762
131798  -7.347  -76.239  -14.037 0.8000000119
131892  -1.849  -61.934  1.920 1.0000000000
131979  -18.390  -46.877  2.280 0.6000000238
131991  4.091  -66.539  -14.992 1.0000000000
132148  -10.852  -51.194  -9.989 1.0000000000
132304  5.481  -69.181  -6.892 1.0000000000
132506  -19.466  -51.754  -0.327 0.8999999762
132639  -0.259  -69.435  2.874 1.0000000000
132902  -2.809  -77.169  -2.363 1.0000000000
132938  0.850  -69.740  -5.489 1.0000000000
132948  1.273  -61.418  -16.314 1.0000000000
133023  -13.653  -46.590  -8.814 1.0000000000
133314  -2.367  -59.373  -2.486 0.8000000119
133354  -14.471  -46.699  -8.624 1.0000000000
133373  -17.811  -55.154  -3.865 1.0000000000
133410  -4.393  -73.738  -1.829 1.0000000000
133517  -11.112  -60.302  -9.956 1.0000000000
133614  4.628  -70.344  -7.407 1.0000000000
133664  -14.585  -55.304  -7.759 1.0000000000
134052  2.648  -64.815  -14.045 1.0000000000
134125  -4.407  -50.579  -9.826 1.0000000000
134452  -11.656  -77.156  -19.130 0.6000000238
134553  -19.462  -41.166  -7.359 0.8000000119
134555  -10.317  -34.729  -8.320 0.5000000000
134836  -5.331  -76.660  -15.337 0.8000000119
134913  4.684  -60.425  2.085 0.8000000119
134923  2.295  -62.334  -6.369 1.0000000000
135040  -8.745  -43.443  -10.580 1.0000000000
135120  -0.772  -73.303  -13.813 0.8000000119
135205  5.514  -70.145  -7.246 1.0000000000
135421  -8.014  -66.941  -5.989 1.0000000000
135501  -0.595  -58.827  -1.800 0.8000000119
135614  -8.649  -57.904  -3.426 1.0000000000
135710  -9.038  -75.305  -17.275 0.8000000119
135984  2.906  -51.683  -7.472 0.8000000119
136343  -3.263  -76.810  -3.032 1.0000000000
136617  -4.662  -60.756  -3.549 0.8999999762
136638  0.262  -80.315  -3.547 1.0000000000
136703  4.350  -62.371  5.112 0.8000000119
136743  1.474  -58.457  -8.665 1.0000000000
136758  -9.156  -74.911  -9.710 0.5000000000
136812  -14.545  -48.091  -8.661 1.0000000000
136834  4.404  -68.334  -10.698 1.0000000000
136864  -5.153  -67.329  -5.265 1.0000000000
136878  -7.820  -75.780  5.839 0.8000000119
136945  -6.037  -77.822  2.401 1.0000000000
137006  -1.669  -52.648  -8.323 1.0000000000
137041  -0.483  -73.993  -2.847 1.0000000000
137042  -1.751  -59.380  0.132 0.6999999881
137086  4.020  -60.244  3.399 0.6999999881
137216  -9.804  -58.055  -10.171 1.0000000000
137370  -12.041  -51.981  -9.477 1.0000000000
137454  2.357  -69.005  -7.795 1.0000000000
137459  -5.878  -58.262  -8.143 1.0000000000
137498  -1.868  -44.433  -13.663 0.4000000060
137509  -3.614  -67.831  -12.634 0.8999999762
137523  1.887  -48.815  -8.988 0.6000000238
137681  2.586  -58.249  -22.860 0.6999999881
137766  -8.572  -46.839  -10.317 1.0000000000
137791  4.520  -66.118  -6.811 1.0000000000
137802  2.484  -62.815  -5.884 1.0000000000
137838  3.904  -72.281  -12.010 0.8999999762
137926  -4.846  -44.616  -10.313 0.8999999762
137967  1.836  -53.367  -14.529 0.6000000238
138015  -15.364  -55.386  -7.620 1.0000000000
138118  4.968  -75.450  -14.136 0.6999999881
138143  -3.825  -39.328  -11.072 0.4000000060
138229  -14.042  -35.414  -7.422 0.5000000000
138469  -18.263  -53.681  -2.191 1.0000000000
138473  0.286  -75.909  -13.715 0.6000000238
138528  -1.369  -77.845  -0.291 1.0000000000
138542  -1.096  -74.000  -7.906 1.0000000000
138578  2.549  -56.272  -6.492 0.8999999762
138711  3.988  -53.648  -6.004 0.8999999762
138727  -10.078  -80.726  -11.360 0.6000000238
138788  -9.719  -77.337  -5.800 0.6999999881
138968  -2.328  -41.314  -10.091 0.5000000000
139014  -1.009  -73.279  6.013 0.8000000119
139078  -0.442  -47.177  -12.430 0.4000000060
139090  0.253  -61.152  -2.395 1.0000000000
139105  -5.014  -81.041  -11.995 0.8999999762
139205  3.389  -64.564  -5.533 1.0000000000
139282  -0.503  -61.965  1.277 1.0000000000
139337  5.384  -69.850  -18.961 0.8000000119
139338  3.851  -64.309  -20.749 1.0000000000
139488  -0.582  -69.176  -4.765 1.0000000000
139722  -12.772  -53.020  -3.603 0.8000000119
139815  -10.293  -76.908  -19.781 0.6999999881
139952  5.330  -59.383  -13.171 0.8999999762
140111  -16.799  -42.812  -8.439 1.0000000000
140180  -2.981  -72.980  4.318 0.8000000119
140302  -1.306  -74.195  3.418 0.8999999762
140306  -1.954  -74.821  -6.205 1.0000000000
140461  -5.468  -58.132  -7.457 1.0000000000
140521  5.265  -74.945  -15.221 0.6999999881
140541  -4.353  -72.924  6.894 0.6999999881
140570  -15.580  -53.938  -7.175 1.0000000000
140662  -10.698  -76.383  -16.287 0.6000000238
140972  -1.035  -57.655  -11.243 1.0000000000
141053  4.581  -65.433  -6.220 1.0000000000
141135  3.421  -77.515  -13.314 0.6999999881
141149  2.740  -64.922  -11.055 1.0000000000
141156  1.229  -67.528  6.485 0.6000000238
141172  -6.323  -77.266  -7.172 0.8999999762
141235  -3.770  -70.269  -8.148 1.0000000000
141272  -13.375  -51.939  -8.853 1.0000000000
141479  -0.488  -72.147  -1.226 1.0000000000
141489  3.370  -53.240  -12.989 0.8000000119
141519  -9.188  -52.614  -10.500 1.0000000000
141593  3.511  -56.471  -7.043 0.8999999762
141595  -3.063  -64.340  4.729 1.0000000000
141664  2.553  -47.357  -4.168 0.8999999762
141681  -6.643  -53.085  -10.301 1.0000000000
141687  -3.211  -72.781  -15.414 0.8000000119
141690  2.408  -64.438  -14.060 1.0000000000
141714  -10.162  -54.486  -3.300 0.8999999762
141744  -6.281  -76.537  -11.711 0.8000000119
141764  1.912  -64.820  -12.159 1.0000000000
141843  2.815  -62.720  -0.255 1.0000000000
141902  2.166  -65.143  -12.891 1.0000000000
142055  -20.405  -49.108  1.898 0.8000000119
142165  -0.063  -76.078  2.412 0.8999999762
142298  -11.789  -59.191  -9.705 1.0000000000
142368  -7.548  -55.093  -10.418 1.0000000000
142466  3.737  -79.889  -3.218 1.0000000000
142495  -0.459  -75.383  2.702 0.8999999762
142768  -8.599  -58.079  -0.800 1.0000000000
142776  2.272  -63.407  -7.711 1.0000000000
142923  -13.778  -51.746  -4.510 0.5000000000
142940  -10.389  -73.635  -18.228 0.6999999881
143039  4.723  -72.972  -3.418 1.0000000000
143050  2.369  -56.792  -21.508 0.6000000238
143054  2.881  -64.737  -0.199 1.0000000000
143220  -9.676  -75.163  -9.553 0.5000000000
143281  -6.615  -67.495  -10.334 0.8999999762
143284  1.761  -63.736  -15.322 1.0000000000
143291  4.152  -55.294  -11.630 0.8999999762
143360  4.904  -59.335  -16.194 1.0000000000
143437  -8.292  -74.157  -20.815 0.5000000000
143453  3.470  -54.297  -18.281 0.8000000119
143461  -7.981  -47.762  -10.294 1.0000000000
143577  -6.780  -81.278  -12.090 0.8000000119
143585  -11.158  -47.575  -9.395 1.0000000000
143683  3.972  -59.964  -10.045 1.0000000000
143718  2.734  -78.398  1.147 1.0000000000
144700  -1.118  -54.124  -7.915 1.0000000000
145052  -6.845  -62.033  -5.211 0.8000000119
145208  -14.058  -43.821  -9.482 1.0000000000
145215  0.077  -72.140  -4.833 1.0000000000
145292  -6.024  -73.936  -0.411 1.0000000000
145348  -1.859  -43.598  -6.917 0.8000000119
145357  -8.181  -67.356  -2.067 1.0000000000
145420  -11.134  -60.763  -1.968 1.0000000000
145457  3.073  -66.072  -12.829 1.0000000000
145460  2.474  -78.113  -13.558 0.6999999881
145537  3.160  -53.152  -15.729 0.6999999881
145551  5.782  -70.643  -14.354 0.8000000119
145571  -14.679  -48.914  -8.650 1.0000000000
145587  -1.792  -41.779  -8.542 0.6999999881
145613  -4.001  -62.679  -9.867 1.0000000000
145641  -10.021  -73.558  -17.314 0.8000000119
146011  0.127  -77.082  -14.021 0.6000000238
146013  -17.532  -49.787  -6.765 1.0000000000
146173  -0.172  -79.633  1.315 1.0000000000
146216  -2.725  -74.028  -15.859 0.6999999881
146367  -11.803  -59.699  -2.005 1.0000000000
146473  -23.330  -41.320  0.465 0.6000000238
146548  -8.444  -68.927  -8.502 0.8999999762
146563  -12.631  -53.926  -8.539 1.0000000000
146588  -20.977  -49.205  -3.989 1.0000000000
146599  -9.902  -77.856  4.048 0.6999999881
146622  5.086  -69.880  -12.540 1.0000000000
146628  5.662  -69.367  -15.164 1.0000000000
146652  -13.626  -57.017  -8.452 1.0000000000
146823  2.103  -46.202  -8.233 0.6000000238
146905  3.945  -54.234  -11.467 0.8999999762
147044  -0.839  -77.087  -19.201 0.5000000000
147439  -9.041  -73.587  -16.143 0.8000000119
147504  4.116  -65.095  -1.543 1.0000000000
147609  -8.775  -59.814  -4.470 1.0000000000
147670  -8.352  -47.621  -10.282 1.0000000000
147671  -13.404  -58.718  -3.368 1.0000000000
147814  3.548  -69.494  -23.795 0.6000000238
147938  -0.512  -80.036  -4.984 1.0000000000
148338  -9.559  -66.485  -6.435 1.0000000000
148382  1.453  -63.164  -5.416 1.0000000000
148547  -1.807  -64.603  4.697 1.0000000000
148586  -1.222  -75.509  -15.105 0.6999999881
148597  -1.998  -65.378  4.762 1.0000000000
148706  5.027  -59.066  -18.300 1.0000000000
148945  3.821  -66.195  -5.953 1.0000000000
148972  -21.379  -41.722  2.780 0.5000000000
149234  -8.404  -70.857  -7.050 0.8999999762
149330  -9.670  -33.612  -9.778 0.3000000119
149346  4.278  -68.108  7.761 0.8000000119
149386  -4.295  -58.102  -1.592 0.6999999881
149402  5.513  -75.169  -0.802 1.0000000000
149520  -19.006  -47.014  -6.915 1.0000000000
149551  -7.364  -61.199  -3.662 1.0000000000
149669  -1.604  -45.761  -14.623 0.4000000060
149851  -22.033  -47.376  -3.312 0.8999999762
149859  4.833  -67.938  -11.449 1.0000000000
149922  -0.117  -42.580  -7.248 0.6999999881
149950  -1.835  -74.029  3.505 0.8999999762
150004  -12.099  -80.251  -13.180 0.6000000238
150086  -18.187  -40.539  -7.933 0.8000000119
150191  -8.612  -69.280  -11.036 0.8999999762
150226  -9.451  -45.532  -10.346 1.0000000000
150253  -3.298  -72.322  6.309 0.8000000119
150266  -10.064  -47.636  -9.906 1.0000000000
150269  -4.137  -67.033  -3.430 1.0000000000
150326  2.280  -64.893  -11.577 1.0000000000
150406  -10.170  -60.744  -0.683 1.0000000000
150419  -11.026  -51.699  -9.962 1.0000000000
150449  -5.470  -81.398  -9.003 1.0000000000
150463  -16.124  -35.587  -7.480 0.6000000238
150546  3.223  -56.961  -6.864 0.8999999762
150568  -4.395  -42.605  -12.687 0.3000000119
150569  -13.589  -54.279  -7.967 1.0000000000
150622  -8.868  -63.473  -0.272 1.0000000000
150754  -11.662  -61.548  -4.560 1.0000000000
150895  1.053  -62.596  -9.627 1.0000000000
150980  2.771  -59.606  -2.893 1.0000000000
150991  -9.992  -80.983  7.006 0.5000000000
151020  -1.106  -78.199  0.306 1.0000000000
151089  -7.771  -78.031  6.800 0.6999999881
151122  2.392  -73.636  -6.507 1.0000000000
151177  -11.309  -42.978  -10.465 1.0000000000
151186  4.225  -71.230  -12.139 1.0000000000
151190  -3.437  -61.229  -10.286 1.0000000000
151249  -3.292  -66.560  -3.807 1.0000000000
151251  -4.143  -80.963  -10.254 1.0000000000
151267  -13.964  -53.257  -7.968 1.0000000000
151459  0.784  -72.888  -0.853 1.0000000000
151538  -2.578  -58.919  0.379 0.6000000238
151558  -1.992  -65.417  -7.904 1.0000000000
151602  -16.763  -56.103  -6.769 1.0000000000
151781  -10.994  -56.565  -4.872 0.8999999762
151858  -15.779  -57.651  -6.970 1.0000000000
151918  -11.954  -78.589  -7.362 0.6000000238
152030  -3.037  -74.603  -5.226 1.0000000000
152057  0.962  -80.436  -3.581 1.0000000000
152383  -3.291  -80.208  -10.516 0.8999999762
152385  -19.009  -41.416  -7.478 0.8000000119
152452  -13.627  -44.357  -9.503 1.0000000000
152475  -4.896  -65.559  -7.755 1.0000000000
152494  -9.368  -37.522  -8.382 0.6999999881
152524  2.963  -73.019  -2.747 1.0000000000
152528  3.546  -69.919  7.021 0.8000000119
152558  -9.884  -34.786  -8.683 0.4000000060
152611  -4.031  -61.369  -0.502 1.0000000000
152703  -13.300  -40.848  -9.733 1.0000000000
152882  -7.690  -53.487  -10.520 1.0000000000
152996  -6.732  -64.038  -8.636 1.0000000000
153001  0.822  -53.182  -9.151 0.5000000000
153045  -2.870  -67.230  -0.967 1.0000000000
153123  -0.460  -60.473  -13.229 1.0000000000
153126  -10.861  -80.183  -13.937 0.6999999881
153367  -1.044  -61.911  -2.618 1.0000000000
153378  -1.747  -61.316  -4.501 1.0000000000
153513  -23.462  -41.840  0.146 0.6000000238
153580  -18.376  -45.532  1.848 0.5000000000
153627  -3.914  -76.991  0.935 1.0000000000
153641  2.120  -61.112  -0.975 1.0000000000
153760  -9.241  -75.585  -9.686 0.6999999881
153806  -9.076  -70.629  -16.610 0.8999999762
153872  3.206  -58.341  -0.270 0.8999999762
