#!ascii label  , from subject sub-v1s10x0051021_ses-1 vox2ras=TkReg
8702
116358  8.374  -90.857  -29.795 0.6000000238
3  9.090  -91.147  -30.258 0.5000000000
83  10.371  -91.008  -29.573 0.6999999881
2  9.721  -91.144  -30.004 0.5000000000
7  10.187  -92.003  -31.044 0.4000000060
14  9.613  -91.567  -31.281 0.2000000030
1  10.316  -91.463  -30.323 0.5000000000
284  9.019  -89.220  -28.986 0.8999999762
285  8.380  -89.745  -29.425 0.6999999881
279  9.607  -89.866  -28.528 0.8000000119
174  9.048  -90.731  -29.314 0.6999999881
173  9.697  -90.612  -28.792 0.8000000119
129197  10.841  -91.379  -29.987 0.6999999881
82  11.142  -91.058  -29.313 0.6999999881
13  10.779  -92.258  -31.629 0.4000000060
293  6.901  -89.759  -31.476 0.6999999881
685  10.002  -86.983  -30.182 0.8999999762
678  9.689  -87.589  -29.749 0.8999999762
458  8.950  -87.978  -30.009 0.8000000119
179  7.861  -90.421  -29.891 0.6999999881
123581  7.551  -90.756  -30.594 0.6999999881
670  10.610  -87.562  -28.710 0.8999999762
443  9.747  -88.816  -28.641 0.8999999762
86  8.012  -90.993  -30.231 0.5000000000
267  14.603  -88.897  -25.708 1.0000000000
268  14.102  -88.885  -25.731 1.0000000000
648  13.586  -87.616  -26.062 1.0000000000
659  11.669  -87.746  -27.661 0.8999999762
669  11.150  -87.657  -28.182 0.8999999762
442  10.476  -88.415  -28.204 0.8999999762
270  14.137  -89.208  -26.197 0.8999999762
271  13.411  -89.322  -26.356 1.0000000000
436  11.273  -88.619  -27.493 0.8999999762
276  10.695  -90.015  -27.787 0.8999999762
9  8.998  -91.227  -30.857 0.2000000030
162  14.630  -89.612  -27.765 0.8999999762
160  12.996  -89.857  -27.059 0.8999999762
275  11.362  -89.891  -27.401 0.8999999762
69  11.269  -90.664  -28.175 0.8000000119
172  10.455  -90.646  -28.597 0.8000000119
21  9.411  -91.287  -31.852 0.2000000030
74  11.570  -90.849  -28.488 0.8999999762
112525  11.695  -92.238  -31.399 0.5000000000
12  12.010  -92.386  -32.395 0.3000000119
120455  15.597  -90.823  -37.158 0.3000000119
123558  14.654  -91.211  -37.364 0.3000000119
136  14.562  -91.124  -38.280 0.2000000030
128  15.261  -90.864  -37.833 0.3000000119
137  13.676  -91.334  -38.851 0.2000000030
117914  7.379  -88.404  -33.125 0.8000000119
707  7.961  -87.585  -32.974 1.0000000000
310  6.663  -89.343  -33.215 0.6999999881
301  7.007  -89.051  -32.346 0.8000000119
302  6.470  -90.193  -32.470 0.4000000060
477  7.700  -88.171  -32.339 0.8000000119
294  6.623  -90.610  -31.790 0.5000000000
113772  6.198  -90.870  -33.109 0.4000000060
696  8.969  -87.174  -31.373 1.0000000000
697  8.474  -87.739  -31.431 0.8000000119
468  7.519  -88.689  -31.632 0.6999999881
963  9.666  -86.731  -30.901 0.8999999762
972  10.039  -86.184  -31.193 1.0000000000
687  8.727  -87.826  -30.803 0.8000000119
459  8.302  -88.512  -30.381 0.8000000119
460  7.613  -89.087  -30.840 0.6999999881
186  6.913  -90.634  -31.199 0.5000000000
1287  10.674  -85.669  -30.976 1.0000000000
686  9.351  -87.372  -30.498 0.8000000119
130987  10.525  -86.608  -29.951 0.8999999762
962  10.286  -86.375  -30.543 1.0000000000
450  8.585  -88.782  -29.637 0.6999999881
407  16.781  -88.041  -24.522 0.6999999881
625  15.796  -88.091  -24.502 0.6999999881
410  15.181  -88.221  -24.754 0.8000000119
677  10.427  -87.141  -29.420 0.8999999762
408  16.174  -88.279  -24.676 0.8000000119
409  15.504  -88.460  -24.920 1.0000000000
647  14.407  -87.316  -25.529 0.8000000119
676  11.130  -87.001  -28.822 0.8999999762
956  11.057  -86.488  -29.491 0.8999999762
423  16.133  -88.523  -25.802 0.8999999762
424  15.392  -88.848  -26.009 0.8999999762
266  15.144  -88.776  -25.465 1.0000000000
924  13.955  -86.760  -26.526 0.8000000119
125888  13.301  -87.045  -26.862 1.0000000000
947  12.456  -86.331  -28.532 0.8999999762
668  11.882  -87.036  -28.216 0.8999999762
447  16.547  -89.106  -29.579 0.8999999762
273  15.274  -89.063  -27.945 1.0000000000
269  14.757  -89.063  -26.131 0.8999999762
426  12.645  -88.919  -26.411 1.0000000000
658  12.196  -87.494  -27.460 0.8999999762
283  16.282  -89.506  -29.580 0.8999999762
170  15.087  -89.827  -28.524 0.8999999762
171  14.497  -90.121  -28.344 0.8999999762
164  13.096  -90.101  -27.497 0.8999999762
161  12.285  -90.121  -27.227 0.8999999762
166  11.755  -90.517  -27.709 0.8999999762
282  16.984  -89.307  -30.002 0.8999999762
175  16.798  -89.517  -30.028 0.8999999762
177  15.548  -90.021  -29.132 0.8999999762
71  14.414  -90.700  -28.927 0.8999999762
67  13.199  -90.486  -27.969 0.8999999762
73  12.483  -90.881  -28.314 0.8999999762
183  18.515  -89.245  -31.331 0.8999999762
181  17.233  -89.718  -30.645 0.8999999762
185  16.661  -90.194  -30.880 0.8999999762
88  15.320  -90.768  -30.240 0.8999999762
124875  14.591  -91.041  -29.833 0.8999999762
90  13.348  -91.461  -30.364 0.6999999881
91  12.303  -91.484  -30.058 0.6999999881
297  17.823  -89.685  -32.804 0.8000000119
194  17.056  -90.123  -33.252 0.8000000119
100  15.930  -90.679  -32.369 0.6999999881
96  15.344  -90.931  -31.696 0.6999999881
98  13.963  -91.505  -31.225 0.5000000000
10  13.626  -91.817  -32.205 0.5000000000
4  13.143  -91.890  -31.387 0.6000000238
125559  12.451  -92.167  -31.620 0.5000000000
112222  18.317  -89.312  -34.128 0.6999999881
121656  16.572  -90.412  -33.907 0.6000000238
105  15.571  -90.962  -33.283 0.6000000238
25  14.054  -91.648  -33.582 0.5000000000
113499  12.192  -92.312  -34.109 0.3000000119
323  18.385  -89.010  -36.391 0.6000000238
317  18.018  -89.349  -35.505 0.6000000238
205  17.144  -89.921  -35.300 0.6000000238
200  16.486  -90.398  -34.661 0.6000000238
201  15.922  -90.823  -34.927 0.6000000238
124945  15.173  -91.228  -34.770 0.6000000238
118  14.184  -91.599  -34.937 0.4000000060
515  18.979  -88.143  -37.943 0.5000000000
516  18.394  -88.730  -37.399 0.5000000000
324  17.521  -89.604  -36.270 0.5000000000
206  16.320  -90.484  -35.518 0.6000000238
212  15.999  -90.716  -36.355 0.6000000238
117  15.565  -91.027  -35.628 0.4000000060
123  15.146  -91.160  -36.479 0.4000000060
517  17.841  -89.046  -37.813 0.5000000000
330  17.739  -89.304  -37.120 0.5000000000
325  17.054  -89.851  -37.060 0.3000000119
130  13.208  -91.478  -37.447 0.2000000030
113572  17.908  -88.514  -39.037 0.5000000000
129298  17.536  -89.029  -38.459 0.3000000119
338  16.772  -89.605  -38.618 0.3000000119
218  15.948  -90.508  -37.819 0.2000000030
120072  15.202  -90.323  -39.280 0.2000000030
228  14.568  -91.011  -39.115 0.2000000030
132025  13.244  -91.323  -38.233 0.2000000030
346  17.208  -88.950  -39.204 0.3000000119
347  16.443  -89.330  -39.505 0.3000000119
132071  13.988  -91.082  -40.074 0.2000000030
538  16.976  -88.745  -39.949 0.3000000119
235  15.540  -89.754  -39.880 0.2000000030
236  14.642  -90.560  -39.848 0.2000000030
547  16.915  -88.666  -40.765 0.2000000030
353  16.241  -89.116  -40.345 0.2000000030
363  15.464  -89.452  -40.859 0.2000000030
241  14.159  -90.705  -40.623 0.2000000030
362  16.228  -88.997  -41.263 0.2000000030
129610  15.652  -89.229  -41.425 0.2000000030
111952  15.118  -89.463  -41.701 0.2000000030
364  14.245  -90.098  -42.245 0.2000000030
486  7.116  -88.627  -34.067 0.8000000119
120109  6.259  -90.229  -33.353 0.4000000060
123690  6.348  -89.677  -34.048 0.4000000060
496  6.729  -89.154  -34.844 0.6000000238
705  8.847  -86.841  -32.187 1.0000000000
706  8.355  -87.476  -32.144 1.0000000000
109781  5.967  -90.743  -34.057 0.4000000060
119425  6.189  -90.035  -34.843 0.4000000060
322  6.565  -89.563  -35.601 0.6000000238
973  9.485  -86.397  -31.813 1.0000000000
109884  6.494  -91.277  -32.965 0.3000000119
111041  10.846  -85.150  -31.888 1.0000000000
1294  10.168  -85.743  -31.834 1.0000000000
1593  11.502  -84.929  -31.086 1.0000000000
1286  11.335  -85.515  -30.410 1.0000000000
635  17.290  -88.015  -24.745 0.8000000119
111912  16.168  -87.464  -24.520 0.6999999881
912  15.745  -86.694  -25.069 0.6999999881
1277  12.455  -85.386  -29.533 1.0000000000
1278  11.660  -85.831  -29.682 1.0000000000
646  16.526  -88.171  -26.537 0.8999999762
645  16.945  -88.177  -25.553 0.8999999762
922  15.422  -86.105  -25.930 0.8000000119
923  14.701  -86.422  -26.239 0.8000000119
954  12.228  -85.925  -29.114 0.8999999762
656  16.153  -88.000  -27.521 0.8999999762
433  15.659  -88.623  -26.958 1.0000000000
933  14.358  -86.059  -27.095 0.8000000119
1266  12.848  -85.673  -28.866 0.8999999762
126515  15.995  -87.908  -28.329 0.8999999762
109688  15.640  -88.490  -28.035 1.0000000000
946  13.216  -86.067  -28.194 0.8999999762
455  18.058  -88.593  -30.536 0.8999999762
934  13.591  -86.399  -27.415 0.8000000119
122702  18.358  -88.787  -30.684 0.8999999762
292  19.158  -88.767  -31.362 0.8999999762
291  19.747  -88.481  -31.696 0.8999999762
296  18.560  -89.362  -32.370 0.8000000119
474  19.953  -88.602  -32.459 0.8999999762
130229  19.136  -88.768  -35.266 0.6000000238
311  19.009  -89.025  -33.913 0.6999999881
481  19.963  -88.603  -33.507 0.8000000119
500  18.657  -88.988  -35.595 0.6000000238
489  20.429  -88.376  -34.383 0.6999999881
118086  20.369  -87.501  -38.228 0.6999999881
765  19.771  -87.783  -37.621 0.6000000238
117713  19.204  -88.335  -36.894 0.6000000238
499  19.897  -88.450  -35.360 0.6000000238
498  20.942  -88.153  -35.117 0.8000000119
526  19.549  -87.628  -38.511 0.6000000238
527  18.717  -87.971  -38.950 0.5000000000
537  17.552  -88.459  -39.633 0.4000000060
545  18.283  -87.761  -40.284 0.4000000060
546  17.622  -88.212  -40.349 0.4000000060
554  17.458  -88.234  -41.249 0.3000000119
128426  16.866  -88.572  -41.472 0.1000000015
555  16.483  -88.679  -42.058 0.2000000030
370  15.781  -89.093  -41.969 0.2000000030
495  7.292  -88.471  -34.938 0.8999999762
110038  8.526  -86.941  -32.858 1.0000000000
504  7.197  -88.804  -35.613 0.8000000119
110  6.214  -91.338  -33.765 0.3000000119
328  7.146  -89.260  -36.515 0.8000000119
1304  9.765  -85.809  -32.631 1.0000000000
110529  9.109  -86.368  -32.738 1.0000000000
210  5.944  -91.063  -35.652 0.3000000119
209  6.119  -90.360  -35.630 0.3000000119
336  6.652  -90.102  -37.111 0.6999999881
335  7.451  -89.303  -37.722 0.8000000119
46  6.747  -91.955  -35.032 0.3000000119
115876  11.542  -84.555  -32.066 1.0000000000
1600  12.045  -84.379  -31.524 1.0000000000
1606  12.298  -83.956  -32.316 1.0000000000
1599  12.573  -84.027  -31.546 0.8999999762
1592  12.423  -84.432  -30.826 1.0000000000
1598  13.132  -83.812  -31.195 0.8000000119
655  18.082  -87.600  -26.580 0.8999999762
1240  16.811  -85.094  -26.161 0.8000000119
1241  15.867  -85.390  -26.468 0.8000000119
1580  12.790  -84.693  -29.999 1.0000000000
1591  13.166  -84.151  -30.488 1.0000000000
118012  13.935  -83.573  -30.758 0.8000000119
130214  17.315  -87.943  -26.245 0.8999999762
1540  16.367  -84.674  -27.042 0.8000000119
1252  15.521  -85.044  -27.285 0.8000000119
1276  13.233  -85.016  -29.298 0.8000000119
1579  13.732  -84.228  -29.825 0.8000000119
665  17.631  -87.170  -27.822 0.8000000119
944  16.881  -86.851  -28.823 0.8999999762
1551  15.969  -84.358  -27.807 0.8000000119
1552  15.190  -84.756  -27.991 0.8000000119
1254  13.985  -85.710  -27.856 0.8000000119
1566  14.066  -84.692  -28.989 0.8000000119
953  16.698  -86.723  -29.714 0.8999999762
945  16.309  -87.467  -29.064 0.8999999762
1265  13.612  -85.382  -28.590 0.8000000119
683  17.146  -87.513  -30.666 0.8999999762
456  16.839  -88.313  -30.048 1.0000000000
454  18.839  -88.517  -30.854 1.0000000000
693  19.474  -87.999  -31.113 1.0000000000
465  20.110  -88.119  -31.512 0.8999999762
726  21.819  -87.626  -33.497 0.8999999762
763  21.617  -87.621  -37.215 0.8000000119
740  21.506  -87.867  -35.779 0.8000000119
764  20.664  -87.665  -37.420 0.6999999881
754  21.053  -87.794  -36.612 0.6999999881
739  21.931  -87.772  -34.912 0.8999999762
120420  20.164  -87.331  -39.016 0.6000000238
800  19.531  -87.171  -40.228 0.5000000000
791  18.789  -87.558  -39.840 0.5000000000
801  18.799  -87.393  -40.639 0.5000000000
802  18.154  -87.796  -40.994 0.4000000060
718  8.307  -87.091  -33.581 1.0000000000
719  7.769  -87.754  -33.774 1.0000000000
126503  8.838  -86.498  -33.505 1.0000000000
730  8.286  -87.233  -35.246 1.0000000000
989  9.492  -85.928  -33.475 1.0000000000
116  6.108  -91.391  -34.752 0.3000000119
757  8.239  -87.641  -37.126 1.0000000000
1316  10.268  -85.283  -33.449 1.0000000000
47  6.424  -91.784  -35.754 0.3000000119
127  6.081  -91.460  -36.326 0.3000000119
1303  10.383  -85.343  -32.537 1.0000000000
1302  11.015  -84.746  -32.903 1.0000000000
44  7.947  -91.765  -35.418 0.3000000119
118013  7.601  -92.019  -35.920 0.3000000119
51  8.206  -91.854  -36.426 0.3000000119
135  6.308  -91.666  -36.866 0.3000000119
224  6.350  -90.910  -37.536 0.6000000238
1607  11.738  -84.232  -32.834 1.0000000000
64  7.248  -91.235  -38.824 0.4000000060
118203  6.790  -90.944  -38.561 0.6999999881
1937  12.884  -83.155  -32.959 1.0000000000
1938  12.196  -83.617  -33.280 1.0000000000
1929  13.828  -83.152  -31.739 0.8000000119
1229  17.294  -85.686  -25.181 0.6999999881
1928  14.584  -82.791  -31.394 0.8000000119
654  19.200  -87.416  -26.532 0.8000000119
1549  17.633  -84.168  -26.863 0.8000000119
932  18.754  -86.854  -27.984 0.8000000119
1550  16.747  -84.051  -27.633 0.8000000119
1578  14.669  -84.016  -29.359 0.8000000119
1909  14.590  -83.555  -30.113 0.8000000119
111856  17.311  -86.414  -29.420 0.8000000119
1564  16.588  -83.427  -28.574 0.6999999881
128275  15.618  -84.164  -28.382 0.8000000119
117389  15.391  -83.368  -29.726 0.8000000119
1275  17.335  -86.048  -30.251 0.8999999762
1264  14.417  -85.085  -28.293 0.8000000119
971  17.398  -86.347  -31.285 0.8999999762
694  17.690  -87.024  -31.333 0.8999999762
109860  19.043  -87.253  -31.500 0.8999999762
692  20.223  -87.597  -31.547 0.8999999762
472  21.301  -87.740  -32.647 0.8999999762
713  22.193  -87.183  -33.000 0.8999999762
128919  22.170  -87.591  -34.173 0.8999999762
128047  22.500  -87.546  -37.011 0.8999999762
738  22.552  -87.573  -35.594 1.0000000000
488  21.398  -88.021  -34.248 0.8999999762
120875  21.299  -87.525  -38.016 0.8999999762
777  21.016  -87.380  -38.816 0.6999999881
776  21.988  -87.372  -38.595 0.8000000119
1052  20.884  -86.782  -40.885 0.5000000000
788  20.745  -87.205  -39.562 0.6999999881
806  20.036  -86.876  -40.919 0.5000000000
122553  19.356  -87.074  -40.989 0.5000000000
815  18.510  -87.507  -42.583 0.5000000000
808  17.986  -87.883  -41.889 0.4000000060
115170  17.211  -88.277  -42.055 0.2000000030
1065  19.698  -86.960  -41.653 0.5000000000
561  16.839  -88.429  -42.823 0.1000000015
814  19.345  -87.117  -42.457 0.5000000000
997  9.259  -86.151  -34.356 1.0000000000
112125  8.235  -87.191  -34.340 1.0000000000
1326  9.943  -85.549  -34.279 1.0000000000
1006  9.435  -86.041  -35.418 1.0000000000
998  8.764  -86.618  -34.887 1.0000000000
116356  7.907  -88.483  -38.369 0.8999999762
117818  7.689  -88.824  -39.974 0.8999999762
1617  10.963  -84.594  -34.026 1.0000000000
1325  10.521  -85.031  -34.407 1.0000000000
113385  10.373  -85.188  -35.110 1.0000000000
1947  11.902  -83.263  -34.099 1.0000000000
1616  11.576  -84.097  -33.627 1.0000000000
239  7.212  -90.332  -40.172 0.6999999881
2321  13.240  -82.211  -33.346 0.8999999762
1946  12.492  -82.690  -33.692 1.0000000000
63  7.961  -91.482  -38.936 0.4000000060
148  7.385  -90.911  -39.481 0.5000000000
154  7.356  -90.195  -40.724 0.5000000000
153  8.075  -91.206  -40.424 0.4000000060
157  7.236  -90.299  -41.505 0.6000000238
2736  15.466  -80.755  -31.841 0.6999999881
2314  14.430  -82.205  -32.229 0.8000000119
259  7.316  -90.224  -42.120 0.6000000238
2299  15.813  -82.097  -30.921 0.6999999881
2313  15.275  -81.784  -31.674 0.8000000119
1877  18.864  -83.571  -26.713 0.6999999881
125418  17.440  -83.520  -27.829 0.6999999881
1924  15.324  -82.938  -30.461 0.8000000119
131942  15.170  -82.600  -31.063 0.8000000119
941  19.756  -86.614  -28.153 0.8000000119
942  18.856  -86.443  -28.670 0.8000000119
1908  16.174  -82.550  -30.122 0.6999999881
943  17.883  -86.616  -28.710 0.8000000119
1895  16.073  -83.190  -29.378 0.8000000119
1284  17.325  -85.972  -30.985 0.8999999762
1301  18.517  -85.616  -32.186 0.8999999762
981  18.910  -86.347  -32.083 0.8999999762
969  20.075  -86.823  -31.829 0.8999999762
691  21.028  -87.128  -31.928 0.8000000119
703  21.631  -87.171  -32.420 0.8000000119
725  22.629  -87.229  -33.710 0.8000000119
116941  22.892  -87.332  -34.640 0.8000000119
761  23.395  -87.313  -37.311 0.8999999762
752  23.084  -87.449  -36.365 1.0000000000
737  23.521  -87.147  -35.579 0.8999999762
762  22.307  -87.506  -37.755 0.8999999762
775  23.073  -87.308  -38.320 0.8999999762
787  21.650  -87.207  -39.409 0.8000000119
122020  22.693  -87.160  -39.199 0.8000000119
1051  21.838  -86.757  -40.844 0.8000000119
797  22.285  -87.008  -40.047 0.8000000119
1063  21.356  -86.557  -41.566 0.5000000000
1064  20.504  -86.708  -41.604 0.5000000000
1076  20.944  -86.479  -42.282 0.6000000238
1077  20.158  -86.763  -42.373 0.5000000000
112876  18.269  -87.579  -43.312 0.5000000000
816  17.680  -87.964  -42.850 0.5000000000
126939  20.534  -86.540  -43.973 0.5000000000
130268  20.187  -86.697  -43.553 0.5000000000
114662  19.850  -86.870  -43.142 0.5000000000
1097  20.217  -86.588  -44.698 0.5000000000
1098  19.396  -86.854  -44.717 0.5000000000
823  19.036  -87.246  -43.376 0.5000000000
824  18.441  -87.449  -43.975 0.5000000000
1109  20.630  -86.329  -45.338 0.5000000000
1110  19.841  -86.483  -45.532 0.5000000000
115491  18.798  -86.686  -45.433 0.5000000000
124449  18.155  -87.064  -45.169 0.5000000000
1118  20.716  -86.171  -46.201 0.5000000000
1119  19.214  -86.417  -46.190 0.5000000000
1111  17.974  -86.659  -45.807 0.4000000060
129583  19.914  -86.336  -46.345 0.5000000000
1121  17.972  -86.519  -46.794 0.4000000060
1130  17.754  -86.619  -47.856 0.4000000060
744  8.354  -87.323  -36.225 1.0000000000
541  7.269  -88.870  -40.295 1.0000000000
1007  8.919  -86.517  -36.041 1.0000000000
769  8.581  -86.975  -38.129 1.0000000000
128465  8.304  -87.149  -38.962 0.8999999762
1627  11.391  -83.836  -34.568 1.0000000000
1628  10.888  -84.468  -35.077 1.0000000000
350  7.431  -89.571  -40.397 0.6999999881
1955  11.953  -82.288  -34.317 1.0000000000
1956  11.487  -82.931  -34.810 1.0000000000
358  6.294  -90.105  -40.959 0.8999999762
2329  12.588  -81.652  -33.751 0.8999999762
2766  12.321  -81.184  -33.378 0.8000000119
126560  11.753  -81.668  -34.046 0.8000000119
2337  10.565  -82.206  -34.590 0.8000000119
121897  7.452  -90.455  -40.478 0.6999999881
246  6.800  -90.082  -41.091 0.8000000119
247  6.003  -90.135  -41.297 0.8000000119
2328  13.328  -81.408  -33.380 0.8999999762
2765  13.004  -81.010  -33.402 0.8000000119
255  5.903  -90.185  -41.733 0.6999999881
261  6.047  -90.071  -42.209 0.8000000119
123364  6.809  -89.795  -42.786 0.6999999881
566  4.696  -88.550  -42.413 0.8000000119
2723  16.120  -81.115  -31.301 0.6999999881
2298  16.434  -81.602  -30.618 0.6999999881
128235  16.641  -80.870  -30.571 0.6999999881
1263  19.423  -86.054  -29.062 0.8000000119
952  18.244  -86.036  -29.438 0.8000000119
1887  17.993  -82.610  -28.413 0.6999999881
130558  17.342  -82.386  -29.177 0.6999999881
2278  16.666  -82.662  -29.456 0.6999999881
1274  18.138  -85.566  -30.234 0.8000000119
1293  17.904  -85.644  -31.601 0.8999999762
980  19.572  -85.810  -32.495 0.8999999762
1299  20.517  -85.659  -32.766 0.8999999762
979  20.835  -86.432  -32.317 0.8999999762
1311  22.012  -85.520  -32.983 0.8999999762
977  22.342  -86.218  -32.805 0.8000000119
1320  23.753  -85.965  -34.429 0.8999999762
1309  23.354  -86.288  -33.718 0.8000000119
724  23.301  -86.904  -34.033 0.8000000119
751  23.897  -87.069  -36.490 1.0000000000
736  23.998  -86.801  -36.030 1.0000000000
120443  23.526  -86.919  -34.804 1.0000000000
774  24.125  -87.052  -38.094 1.0000000000
786  23.824  -87.075  -38.958 1.0000000000
796  23.407  -86.957  -39.841 0.8999999762
1062  22.408  -86.449  -41.654 0.6999999881
1050  22.934  -86.742  -40.721 0.8000000119
9009  4.382  -69.512  -56.360 0.6000000238
115810  4.391  -69.079  -55.634 0.6000000238
1061  23.634  -86.413  -41.380 0.8000000119
1049  24.102  -86.626  -40.459 0.8999999762
1083  21.481  -86.294  -42.895 0.6000000238
1074  22.306  -86.196  -42.596 0.6999999881
9020  4.689  -70.134  -56.850 0.6000000238
112165  21.317  -86.250  -43.762 0.6000000238
8355  3.885  -70.103  -56.296 0.5000000000
1096  21.120  -86.208  -44.732 0.5000000000
1426  21.910  -85.818  -45.384 0.5000000000
1108  21.248  -86.100  -45.601 0.5000000000
1134  21.230  -85.749  -48.516 0.6000000238
1126  21.179  -85.762  -47.338 0.5000000000
113058  22.630  -85.507  -45.968 0.6999999881
1127  20.257  -86.184  -47.065 0.5000000000
1128  19.741  -86.534  -47.930 0.5000000000
1129  18.674  -86.583  -47.785 0.5000000000
113724  20.560  -86.235  -48.736 0.5000000000
1135  19.255  -86.650  -48.609 0.5000000000
1136  18.480  -86.673  -48.660 0.4000000060
1137  17.582  -86.741  -48.896 0.4000000060
532  7.969  -87.913  -39.369 0.8999999762
551  6.148  -89.545  -40.575 1.0000000000
359  5.440  -89.879  -40.862 1.0000000000
360  4.797  -89.644  -40.838 0.8999999762
368  5.336  -90.025  -41.423 0.8000000119
117090  5.310  -89.215  -42.671 0.8000000119
821  4.535  -87.845  -42.989 0.6999999881
2286  17.027  -81.715  -29.876 0.6999999881
1262  20.437  -86.071  -28.697 0.8000000119
1273  18.988  -85.448  -29.842 0.8000000119
2285  17.902  -81.527  -29.056 0.6999999881
1590  18.432  -84.990  -31.475 0.8000000119
1605  18.519  -84.949  -32.098 0.8000000119
1300  19.046  -84.940  -32.633 0.8000000119
1312  20.988  -85.157  -33.129 0.8000000119
1310  22.811  -85.629  -33.268 0.6999999881
1321  23.396  -85.419  -34.014 0.8999999762
1622  23.778  -85.257  -34.931 0.8999999762
1001  24.156  -86.470  -36.076 1.0000000000
1002  23.858  -86.677  -35.387 0.8999999762
760  24.301  -86.838  -37.315 1.0000000000
1029  24.726  -86.630  -38.055 1.0000000000
1357  25.098  -86.246  -38.144 0.8999999762
785  24.673  -86.727  -38.714 1.0000000000
1040  24.487  -86.732  -39.545 1.0000000000
122494  7.235  -70.281  -52.407 0.8000000119
8994  6.260  -70.064  -54.369 0.8000000119
8995  5.252  -69.513  -54.459 0.6999999881
1060  24.734  -86.185  -41.069 0.8999999762
1048  25.082  -86.260  -40.121 0.8999999762
8977  6.909  -70.472  -53.189 0.8000000119
118385  5.405  -69.577  -55.723 0.6000000238
126136  5.527  -70.101  -53.209 0.6999999881
1081  22.971  -85.882  -43.136 0.8000000119
1072  24.397  -86.111  -42.005 0.8999999762
9008  6.404  -69.772  -55.685 0.8000000119
1082  22.130  -86.050  -43.441 0.8000000119
1390  24.049  -85.704  -42.914 1.0000000000
1399  24.871  -85.205  -42.996 0.8999999762
8353  5.146  -71.080  -57.007 0.5000000000
131005  5.996  -69.881  -57.086 0.6000000238
1107  22.083  -85.842  -44.399 0.6000000238
1401  22.960  -85.407  -44.501 0.8000000119
1414  23.310  -85.095  -45.417 0.8999999762
1424  24.027  -84.662  -45.184 0.8999999762
116109  21.937  -85.424  -47.278 0.6999999881
1433  22.542  -85.265  -46.775 0.8000000119
1432  23.217  -85.022  -46.336 0.8999999762
1735  23.848  -84.672  -45.995 0.8000000119
1437  22.311  -84.919  -47.845 0.6000000238
1743  22.938  -84.665  -47.178 0.6999999881
1444  21.295  -85.748  -49.102 0.6999999881
1443  22.002  -85.590  -49.024 0.6999999881
1141  20.415  -86.131  -49.222 0.5000000000
121288  19.915  -86.572  -49.001 0.5000000000
794  7.369  -88.045  -39.863 1.0000000000
542  6.877  -88.736  -40.331 1.0000000000
369  4.813  -89.437  -41.686 0.8000000119
813  4.073  -87.834  -42.048 0.8000000119
1094  3.961  -87.202  -44.932 0.4000000060
830  4.435  -87.574  -44.100 0.6000000238
822  3.905  -87.312  -42.999 0.8000000119
2715  17.870  -80.949  -29.117 0.6999999881
1106  3.578  -86.572  -44.955 0.3000000119
1575  20.428  -84.738  -29.751 0.8000000119
1576  19.555  -84.802  -30.216 0.8000000119
127379  19.766  -83.853  -31.036 0.8000000119
1282  18.634  -85.058  -30.668 0.8000000119
1597  18.966  -84.329  -31.934 0.8000000119
1615  19.517  -84.135  -33.073 0.8000000119
117144  20.071  -83.543  -33.510 0.8000000119
1624  22.105  -83.844  -34.175 0.6999999881
1613  21.819  -84.632  -33.507 0.6999999881
1623  22.725  -84.005  -34.657 0.8000000119
1612  22.756  -84.671  -33.918 0.6999999881
130572  23.221  -84.690  -34.511 0.8000000119
1643  23.852  -84.738  -36.568 0.8999999762
131232  23.650  -84.729  -35.774 0.8999999762
1341  24.550  -85.638  -36.834 0.8999999762
1331  24.343  -86.099  -36.157 1.0000000000
1653  24.936  -85.420  -37.770 0.8999999762
1358  25.296  -85.821  -38.348 0.8999999762
1038  25.407  -85.934  -38.967 0.8999999762
11943  7.615  -66.892  -50.561 1.0000000000
11201  7.630  -67.729  -51.327 0.8999999762
10452  7.430  -68.773  -50.953 0.8999999762
1047  25.471  -85.738  -39.827 0.8999999762
10460  7.707  -68.593  -51.980 0.8000000119
8963  6.202  -70.425  -52.312 0.6999999881
8954  4.982  -69.087  -52.330 0.6999999881
1059  25.468  -85.635  -40.720 0.8999999762
9676  7.370  -70.107  -53.326 0.8999999762
1388  25.473  -85.156  -42.287 0.8000000119
9684  7.452  -69.666  -54.380 0.8000000119
1398  25.323  -84.675  -42.894 0.8999999762
9019  5.467  -69.718  -56.803 0.8000000119
114806  23.746  -85.079  -44.499 1.0000000000
9018  6.666  -69.788  -56.788 0.8999999762
1734  24.363  -84.129  -45.659 0.8999999762
1756  21.099  -84.582  -49.352 0.8000000119
1448  21.435  -85.261  -49.346 0.6999999881
1755  22.118  -84.669  -49.334 0.8000000119
1749  22.612  -84.454  -48.556 0.6000000238
1741  24.100  -84.001  -46.418 0.6999999881
1447  22.192  -85.275  -49.166 0.6999999881
1762  20.523  -85.330  -49.482 0.6999999881
559  4.364  -88.586  -41.585 0.8000000119
1740  2.880  -84.540  -45.369 0.3000000119
1080  3.304  -86.519  -42.825 0.6999999881
1272  20.698  -85.381  -29.216 0.8000000119
1422  3.123  -85.682  -44.964 0.3000000119
1574  21.334  -84.900  -29.270 0.8000000119
1588  20.110  -84.088  -30.480 0.8000000119
1923  19.615  -83.633  -31.598 0.8000000119
1943  21.029  -83.519  -33.949 0.8000000119
1951  22.231  -83.420  -34.796 0.8999999762
1644  23.042  -84.030  -36.325 0.8999999762
1634  22.509  -83.532  -35.561 0.8999999762
1633  23.202  -84.318  -35.274 0.8999999762
11960  7.651  -66.628  -51.798 1.0000000000
9656  6.208  -69.757  -50.753 0.6999999881
122963  25.820  -84.609  -41.077 0.8000000119
1694  25.948  -84.291  -41.660 0.8000000119
109475  7.799  -68.420  -53.080 0.8999999762
2476  20.254  -82.691  -47.598 0.8000000119
1705  25.819  -84.423  -42.369 0.8000000119
10469  7.696  -69.243  -53.650 0.8999999762
9007  7.267  -69.660  -55.526 0.8000000119
2087  19.715  -83.245  -48.050 0.8999999762
2086  20.660  -83.221  -48.291 0.6000000238
1727  25.012  -83.758  -44.324 0.8000000119
9032  6.561  -70.277  -57.115 0.8999999762
2088  18.919  -83.176  -48.179 0.8999999762
2094  20.374  -83.861  -48.784 0.8999999762
2474  22.367  -83.289  -48.411 0.5000000000
125703  22.983  -82.824  -47.924 0.6000000238
2473  23.798  -82.833  -47.490 0.5000000000
2886  25.014  -82.089  -46.467 0.6000000238
2073  25.118  -82.812  -46.143 0.6999999881
128685  5.728  -72.292  -56.730 0.6000000238
8363  7.002  -71.345  -56.944 0.8000000119
2095  19.218  -83.835  -48.603 0.8999999762
2093  21.706  -83.753  -49.023 0.5000000000
2085  23.054  -83.690  -47.856 0.5000000000
2084  23.921  -83.410  -47.154 0.6000000238
2074  24.572  -83.133  -46.569 0.6000000238
2070  24.838  -83.388  -45.986 0.8000000119
1763  19.512  -85.355  -49.670 0.6000000238
1757  19.884  -84.625  -49.200 0.6999999881
1764  18.647  -84.969  -50.253 0.5000000000
130866  19.156  -85.798  -49.925 0.6000000238
1451  18.440  -85.739  -50.384 0.4000000060
2068  2.449  -83.555  -45.121 0.3000000119
1725  1.854  -84.659  -43.837 0.6999999881
125735  2.805  -85.836  -43.144 0.6999999881
1587  20.954  -84.106  -29.945 0.8000000119
1922  20.189  -83.476  -30.942 0.8000000119
1945  19.693  -83.116  -33.129 0.8000000119
2327  19.875  -82.268  -33.244 0.8000000119
1944  20.163  -82.794  -33.699 0.8000000119
131751  21.626  -83.073  -34.545 0.8000000119
14786  7.588  -62.568  -50.684 0.8999999762
13388  7.705  -64.247  -50.423 1.0000000000
12680  7.696  -65.179  -49.960 1.0000000000
13395  7.699  -64.178  -51.370 1.0000000000
115388  7.655  -65.996  -51.296 1.0000000000
11191  7.470  -68.118  -50.254 0.8999999762
9645  5.676  -69.345  -49.866 0.6999999881
9657  5.284  -69.452  -50.909 0.6000000238
2028  25.874  -83.820  -41.821 0.8000000119
121773  7.695  -65.152  -51.392 1.0000000000
2041  25.892  -83.818  -42.312 0.8000000119
12694  7.766  -65.536  -52.247 1.0000000000
11209  7.762  -67.395  -52.560 0.8999999762
11217  7.866  -67.442  -53.661 0.8999999762
9692  7.901  -69.296  -55.283 0.8000000119
2902  20.706  -82.096  -47.219 0.6999999881
2872  26.192  -81.773  -43.833 0.6999999881
2442  25.923  -82.544  -43.645 0.8000000119
9702  7.924  -69.656  -56.319 0.8000000119
2478  18.806  -82.486  -48.184 0.8999999762
129670  22.197  -82.557  -47.840 0.6000000238
2900  22.608  -81.991  -47.486 0.6000000238
2452  26.182  -82.169  -44.768 0.8000000119
111669  7.608  -70.776  -56.826 0.8999999762
121453  24.111  -81.734  -46.756 0.6000000238
2881  24.771  -81.314  -45.983 0.6000000238
2878  26.282  -81.690  -44.601 0.6000000238
2069  25.511  -82.763  -45.646 0.8000000119
7155  7.401  -73.018  -55.804 0.6000000238
7768  7.478  -72.329  -56.388 0.6999999881
113876  7.835  -71.634  -56.541 0.8000000119
2100  18.307  -83.794  -49.650 0.8000000119
2083  24.368  -82.853  -47.060 0.6000000238
2105  18.551  -84.655  -51.916 0.6000000238
1767  18.296  -85.110  -51.199 0.4000000060
1463  18.010  -84.914  -52.566 0.4000000060
113204  1.102  -82.619  -44.025 0.6000000238
2334  21.346  -82.335  -34.949 0.8999999762
14093  7.587  -63.387  -50.954 0.8999999762
114179  7.644  -66.313  -49.452 1.0000000000
11929  7.433  -67.536  -49.472 1.0000000000
10429  7.033  -68.481  -49.546 0.8999999762
131872  7.730  -63.376  -51.632 0.8999999762
10420  6.177  -68.607  -49.200 0.6999999881
2861  24.921  -81.534  -42.829 0.6000000238
2428  25.231  -82.403  -42.713 0.6999999881
11992  7.907  -66.737  -53.389 0.8999999762
2921  20.287  -81.670  -50.957 0.8999999762
3377  19.770  -81.142  -50.016 0.8000000119
2443  25.897  -82.480  -43.106 0.8000000119
2042  25.627  -83.242  -42.431 0.8000000119
11216  8.128  -67.401  -54.484 0.8999999762
2914  19.040  -81.515  -49.653 0.8000000119
3353  19.008  -81.224  -48.948 0.8000000119
2477  19.507  -82.513  -47.657 0.8000000119
2462  20.028  -82.160  -47.152 0.6999999881
10468  7.841  -68.277  -54.247 0.8999999762
9701  8.914  -69.468  -56.224 0.8999999762
9031  8.463  -70.393  -56.631 0.8999999762
2927  19.838  -82.469  -51.500 0.8999999762
2922  19.301  -81.925  -50.506 0.8999999762
2923  18.508  -82.411  -50.042 0.8999999762
2915  18.597  -81.940  -49.271 0.8000000119
2889  20.213  -81.562  -46.727 0.6999999881
2888  21.040  -81.534  -46.642 0.6000000238
2887  22.035  -81.475  -46.757 0.5000000000
116972  26.280  -81.038  -44.201 0.6000000238
3322  25.911  -80.358  -44.335 0.5000000000
111001  20.357  -82.966  -52.455 1.0000000000
2494  18.905  -82.797  -50.989 0.8999999762
2492  18.191  -83.184  -49.859 1.0000000000
3341  20.465  -81.035  -46.011 0.6999999881
3340  21.461  -81.003  -46.031 0.5000000000
3339  22.524  -80.940  -46.162 0.5000000000
2882  23.630  -81.050  -46.133 0.5000000000
3326  26.179  -81.246  -44.913 0.6000000238
7142  5.669  -74.352  -54.642 0.5000000000
7767  8.481  -72.144  -56.085 0.8999999762
2497  18.702  -83.747  -51.405 1.0000000000
3329  22.017  -80.444  -45.492 0.5000000000
114842  23.174  -80.293  -45.661 0.5000000000
3328  24.335  -80.481  -45.473 0.5000000000
2108  19.754  -83.660  -52.981 1.0000000000
2104  19.073  -84.152  -52.472 1.0000000000
2102  18.358  -84.074  -50.670 0.8000000119
130170  19.259  -84.199  -53.274 0.6999999881
1770  18.766  -84.571  -52.893 0.6999999881
125632  18.321  -84.791  -52.554 0.4000000060
2120  19.523  -83.572  -54.246 0.6999999881
1773  18.951  -84.285  -53.572 0.6000000238
1464  17.522  -85.021  -52.408 0.4000000060
1791  18.779  -84.025  -53.874 0.4000000060
1774  18.411  -84.578  -53.119 0.4000000060
1713  1.207  -84.271  -43.089 0.8000000119
1712  2.221  -85.344  -43.005 0.6999999881
1386  2.600  -85.863  -42.172 0.6999999881
2441  0.451  -81.946  -42.908 0.8000000119
1412  2.624  -85.368  -43.996 0.6000000238
3311  2.924  -80.754  -42.390 0.1000000015
14083  7.679  -63.400  -49.973 1.0000000000
15491  7.662  -61.756  -50.451 0.8999999762
15507  7.765  -62.027  -51.173 0.8999999762
11913  7.357  -67.010  -48.613 1.0000000000
11160  6.890  -67.882  -48.853 0.8000000119
11161  6.128  -67.891  -48.471 0.8000000119
123498  7.992  -64.051  -52.636 1.0000000000
3376  20.670  -80.907  -50.456 0.8999999762
2860  25.762  -81.698  -43.255 0.4000000060
2906  19.116  -81.179  -48.310 0.8000000119
3342  19.793  -80.782  -46.502 0.8000000119
3783  25.721  -79.812  -43.846 0.4000000060
3315  25.982  -80.445  -43.798 0.4000000060
12709  8.647  -65.549  -53.819 1.0000000000
11239  8.413  -67.898  -55.119 0.8999999762
113732  21.023  -82.372  -51.867 0.8000000119
3348  19.395  -80.816  -47.556 0.8000000119
3803  19.638  -80.009  -46.878 0.6999999881
3331  19.995  -80.372  -45.509 0.6000000238
7133  6.778  -74.413  -52.738 0.8000000119
10488  9.073  -68.668  -55.745 0.8999999762
9700  9.697  -69.199  -56.345 0.8999999762
2500  21.279  -82.667  -53.292 0.8999999762
3330  20.903  -80.555  -45.307 0.5000000000
3323  25.051  -79.943  -44.748 0.5000000000
4814  7.865  -77.541  -53.309 0.8000000119
5909  7.116  -76.112  -53.309 0.8999999762
7141  6.458  -74.009  -53.541 0.6999999881
7154  8.322  -72.671  -55.749 0.8000000119
8362  8.711  -71.317  -56.377 0.8999999762
2498  20.561  -83.118  -53.270 1.0000000000
3794  22.683  -79.738  -45.121 0.5000000000
3785  23.921  -79.580  -45.015 0.5000000000
117661  24.820  -79.198  -44.461 0.5000000000
7140  6.966  -73.591  -54.000 0.8000000119
2501  20.546  -83.057  -53.806 1.0000000000
2110  20.035  -83.342  -54.238 0.8999999762
2504  20.513  -82.759  -54.265 0.8999999762
2505  19.887  -83.073  -54.476 0.8000000119
1782  19.055  -83.998  -54.044 0.6000000238
122528  19.419  -83.157  -54.483 0.6000000238
2506  18.585  -83.004  -54.535 0.5000000000
127946  17.897  -83.219  -54.307 0.5000000000
1784  18.257  -84.211  -53.531 0.4000000060
2053  0.503  -82.881  -42.615 0.8000000119
2052  0.830  -83.394  -43.461 0.8000000119
3321  0.948  -80.435  -43.007 0.4000000060
15477  7.620  -61.493  -49.708 0.8999999762
14770  7.821  -62.140  -49.056 0.8999999762
14072  7.951  -63.870  -49.107 1.0000000000
13370  7.952  -64.738  -48.528 1.0000000000
13362  8.272  -64.492  -47.661 1.0000000000
12672  7.659  -65.927  -48.324 1.0000000000
11899  7.251  -66.559  -47.810 1.0000000000
11162  5.119  -67.589  -48.399 0.8000000119
11900  6.601  -66.780  -47.456 0.8999999762
10421  4.749  -67.620  -49.249 0.8000000119
15506  8.210  -61.723  -51.446 0.8999999762
14797  7.955  -62.323  -51.865 0.8999999762
14112  8.143  -63.438  -52.614 0.8999999762
3363  20.144  -80.310  -49.600 0.6999999881
13404  8.637  -64.088  -52.978 1.0000000000
11974  8.091  -65.433  -53.292 1.0000000000
2926  22.182  -82.174  -52.189 0.8000000119
3352  19.377  -80.486  -48.450 0.8000000119
3807  19.507  -79.980  -47.716 0.6999999881
11227  8.800  -67.089  -54.931 0.8999999762
2932  21.926  -82.399  -52.861 0.8000000119
3332  19.698  -80.015  -45.982 0.6000000238
3796  20.446  -79.895  -44.839 0.4000000060
3784  25.434  -79.477  -44.113 0.4000000060
11238  9.495  -67.738  -55.568 0.8999999762
10487  10.432  -68.516  -56.350 0.8999999762
2937  21.789  -82.238  -53.544 0.8999999762
3795  21.485  -79.934  -44.846 0.5000000000
3786  22.210  -79.172  -44.648 0.5000000000
4244  24.169  -78.637  -44.429 0.4000000060
4328  8.165  -78.163  -52.849 0.6000000238
2940  21.161  -82.314  -54.093 1.0000000000
119679  23.218  -79.049  -44.825 0.5000000000
7132  7.096  -73.855  -52.556 0.8999999762
122453  7.261  -73.687  -53.317 0.8000000119
2944  20.075  -81.764  -54.828 0.8999999762
118488  9.085  -72.415  -55.642 0.8999999762
2945  19.413  -81.875  -55.051 0.8000000119
2517  19.017  -82.353  -54.889 0.5000000000
2518  17.942  -81.923  -55.177 0.5000000000
2507  17.420  -82.430  -54.842 0.5000000000
2508  16.370  -82.305  -55.100 0.3000000119
1058  2.481  -86.099  -40.225 1.0000000000
1071  2.637  -86.035  -41.112 1.0000000000
2027  0.473  -83.246  -40.371 0.8999999762
1703  1.410  -84.671  -41.891 0.6999999881
1387  2.070  -85.410  -41.473 0.8000000119
1070  3.184  -86.585  -41.656 0.8000000119
110870  0.799  -83.806  -42.340 0.8000000119
16213  9.560  -60.095  -49.896 0.8999999762
16231  8.108  -60.722  -50.391 0.8999999762
16216  7.699  -60.727  -49.433 0.8999999762
15470  7.696  -61.325  -48.899 0.8999999762
15469  8.069  -61.955  -48.257 1.0000000000
14071  8.240  -63.703  -48.283 1.0000000000
12659  7.593  -65.796  -47.379 1.0000000000
11884  6.308  -66.376  -46.757 1.0000000000
16230  9.053  -60.617  -50.439 0.8999999762
15489  8.684  -61.213  -50.891 0.8999999762
11901  5.549  -66.737  -47.225 0.8000000119
11145  4.729  -66.574  -48.210 0.8000000119
11930  4.365  -65.484  -50.300 0.6999999881
4243  25.101  -78.752  -43.967 0.4000000060
15488  9.712  -61.114  -50.894 0.8999999762
14796  8.789  -62.222  -51.900 0.8999999762
12681  4.170  -65.290  -50.128 0.6000000238
11944  4.179  -65.504  -51.004 0.5000000000
126089  20.157  -79.798  -49.173 0.6999999881
4730  23.800  -77.910  -44.041 0.5000000000
15504  10.319  -61.522  -51.378 0.8999999762
14111  8.984  -63.403  -52.783 0.8999999762
13413  8.901  -64.854  -53.582 1.0000000000
3815  19.695  -79.639  -48.215 0.6999999881
121925  19.636  -79.317  -46.197 0.6000000238
12722  9.463  -65.614  -54.218 1.0000000000
11226  9.845  -66.873  -55.316 0.8999999762
2931  22.555  -81.863  -52.747 0.8000000119
3797  19.716  -79.490  -45.214 0.5000000000
3787  21.022  -79.280  -44.473 0.5000000000
4731  22.564  -77.860  -43.954 0.5000000000
3403  21.553  -80.678  -53.955 0.8999999762
5330  8.381  -77.000  -52.855 0.8999999762
9715  10.476  -69.401  -56.771 0.8999999762
109422  9.566  -69.964  -56.731 0.8999999762
3406  21.484  -81.682  -54.247 0.8999999762
3407  20.606  -81.045  -54.574 0.8999999762
5331  7.588  -76.937  -53.423 0.8000000119
3869  19.515  -79.943  -54.199 1.0000000000
7139  8.142  -73.391  -54.097 0.8999999762
7753  9.103  -72.788  -55.335 0.8999999762
3408  19.623  -81.106  -55.057 0.8999999762
3409  18.983  -80.461  -55.216 1.0000000000
3874  18.142  -80.431  -55.486 1.0000000000
3412  17.775  -80.876  -55.693 0.8999999762
3411  18.804  -81.086  -55.469 0.6999999881
2946  18.421  -81.489  -55.356 0.6000000238
2519  16.779  -81.508  -55.648 0.5000000000
2948  16.065  -81.144  -56.391 0.3000000119
2949  15.333  -81.283  -56.354 0.4000000060
126533  1.794  -85.584  -39.143 1.0000000000
1680  1.126  -84.652  -40.126 1.0000000000
1369  1.808  -85.448  -39.955 0.8999999762
124390  0.452  -83.210  -39.547 1.0000000000
1693  1.165  -84.490  -40.992 0.8999999762
1376  1.631  -85.037  -40.844 1.0000000000
2851  0.513  -81.633  -40.284 0.6999999881
2418  0.433  -82.417  -40.831 0.8000000119
16968  10.078  -59.554  -49.301 0.8000000119
16969  8.951  -59.490  -49.474 0.8999999762
17705  8.897  -58.601  -48.257 0.8000000119
16970  8.098  -59.616  -49.401 0.8999999762
16959  7.865  -59.364  -48.736 0.8999999762
126117  7.831  -61.250  -48.146 0.8999999762
14057  8.643  -63.770  -47.393 1.0000000000
126373  8.114  -65.040  -46.973 1.0000000000
16212  10.654  -60.086  -49.759 0.8000000119
11885  5.264  -66.060  -46.756 1.0000000000
130683  4.803  -66.127  -47.525 0.8000000119
4279  20.010  -79.014  -48.095 0.6000000238
16228  11.154  -60.504  -50.321 0.8999999762
16245  10.720  -60.970  -50.924 0.8999999762
114804  4.526  -65.116  -48.861 0.6999999881
4269  20.207  -78.442  -47.718 0.6000000238
4765  19.945  -78.237  -46.983 0.6000000238
14795  9.881  -62.167  -51.827 0.8999999762
125236  9.684  -64.173  -53.273 1.0000000000
111184  19.737  -79.139  -47.298 0.6000000238
4248  19.758  -78.492  -44.744 0.5000000000
4732  21.239  -77.784  -43.944 0.5000000000
14810  10.497  -62.673  -52.360 0.8999999762
12708  10.031  -64.957  -53.923 1.0000000000
112751  21.280  -79.535  -53.219 0.8000000119
3402  22.274  -81.403  -53.638 0.6999999881
4345  19.144  -79.083  -53.993 1.0000000000
3863  20.425  -79.815  -53.550 0.8999999762
4833  18.437  -78.532  -54.523 0.8999999762
8361  9.986  -71.316  -56.292 0.8999999762
3870  18.409  -79.469  -54.639 1.0000000000
7759  10.034  -72.421  -55.480 0.8999999762
7766  9.495  -71.942  -55.888 0.8999999762
4349  17.675  -78.746  -54.839 1.0000000000
3871  17.612  -79.566  -55.144 1.0000000000
7125  7.161  -74.110  -51.859 0.8000000119
4350  17.012  -79.152  -55.429 1.0000000000
3875  17.183  -80.285  -55.897 1.0000000000
3876  16.527  -79.715  -56.297 1.0000000000
3414  16.891  -80.712  -56.089 0.8000000119
2947  16.577  -80.920  -56.266 0.6000000238
2955  16.058  -80.760  -56.578 0.4000000060
3415  16.297  -80.597  -56.534 1.0000000000
3417  14.822  -80.444  -56.835 0.5000000000
2957  14.910  -80.943  -56.647 0.4000000060
3880  15.281  -79.980  -56.971 0.6999999881
1670  0.589  -84.031  -38.590 1.0000000000
1669  1.016  -84.737  -38.538 1.0000000000
1363  1.542  -85.361  -38.510 1.0000000000
1997  0.428  -83.185  -38.739 1.0000000000
2400  0.422  -82.321  -38.626 1.0000000000
118300  1.318  -85.065  -39.264 1.0000000000
2411  0.431  -82.487  -39.910 1.0000000000
2842  0.493  -81.785  -39.306 0.8999999762
16957  9.483  -59.042  -48.809 0.8000000119
17704  10.026  -58.658  -48.103 0.6999999881
16955  11.683  -59.476  -48.109 0.6999999881
17703  11.087  -58.767  -47.942 0.6999999881
121057  7.633  -59.861  -48.281 0.8999999762
16953  13.486  -59.751  -48.003 0.6000000238
17707  7.767  -59.196  -48.083 0.8999999762
16192  7.798  -60.692  -47.469 0.8999999762
14757  8.545  -62.527  -47.586 1.0000000000
16201  12.226  -60.179  -48.379 0.6999999881
15450  8.515  -61.503  -46.661 0.8999999762
14748  8.861  -62.296  -46.801 1.0000000000
13355  8.560  -64.461  -46.408 1.0000000000
12644  7.487  -65.684  -46.556 1.0000000000
16967  11.176  -59.793  -48.907 0.6999999881
118958  11.680  -60.300  -49.414 0.6000000238
13354  8.911  -63.825  -46.693 1.0000000000
12629  7.966  -65.116  -46.062 1.0000000000
12630  6.954  -65.555  -45.705 1.0000000000
123904  19.663  -77.691  -44.809 0.5000000000
4733  20.151  -77.623  -44.293 0.5000000000
121312  12.134  -60.596  -50.151 0.6999999881
131217  12.049  -61.161  -51.484 0.8000000119
15518  12.080  -61.741  -52.094 0.8000000119
13345  9.005  -63.926  -45.945 1.0000000000
12646  5.161  -65.360  -46.384 1.0000000000
12660  4.534  -64.383  -48.495 0.6999999881
4763  20.934  -77.282  -47.641 0.6000000238
126498  20.151  -77.595  -46.778 0.5000000000
4753  19.708  -77.884  -46.117 0.5000000000
4742  19.656  -77.324  -45.366 0.5000000000
123003  11.301  -61.338  -51.460 0.8999999762
15519  10.965  -62.015  -51.865 0.8000000119
14119  10.773  -63.976  -53.327 1.0000000000
13356  4.688  -63.734  -48.151 0.6000000238
4257  19.564  -77.994  -45.292 0.5000000000
126171  10.561  -64.509  -53.766 1.0000000000
5862  16.696  -76.068  -48.457 0.8000000119
5299  16.188  -76.680  -48.002 0.8999999762
12006  10.245  -66.201  -54.933 0.8999999762
4831  20.179  -78.133  -54.521 0.8000000119
4840  19.527  -77.696  -55.415 0.6999999881
111237  18.058  -74.155  -56.941 0.6000000238
111857  17.934  -74.053  -55.849 0.5000000000
5315  16.414  -76.592  -50.473 0.8000000119
5309  16.547  -76.378  -49.578 0.8000000119
4780  15.647  -77.284  -48.200 0.8999999762
123820  15.094  -76.941  -47.163 0.8000000119
10498  12.033  -68.117  -56.728 0.8000000119
120618  18.658  -77.810  -54.946 0.8999999762
4848  17.544  -77.218  -56.130 0.8000000119
127573  17.429  -74.685  -57.611 0.8000000119
6548  17.117  -73.782  -56.734 0.6000000238
116741  17.075  -73.977  -55.498 0.6000000238
4803  15.964  -77.177  -50.736 0.8000000119
4796  16.091  -77.141  -49.864 0.8999999762
4271  14.199  -78.582  -47.633 0.8999999762
4272  13.449  -78.863  -47.654 0.8999999762
4283  11.681  -78.105  -49.515 0.8999999762
4294  11.207  -77.780  -50.349 0.8999999762
9714  11.684  -69.171  -57.177 0.8999999762
9030  10.419  -70.675  -56.753 0.8000000119
4841  17.957  -77.854  -55.146 0.8999999762
6557  17.065  -74.120  -57.559 0.6999999881
119638  15.652  -77.795  -51.051 0.8000000119
4305  15.453  -78.520  -50.672 0.8000000119
121912  15.211  -78.880  -49.096 0.8999999762
3354  14.597  -79.537  -48.645 0.8999999762
3810  12.760  -79.439  -47.961 0.8000000119
4306  10.798  -78.015  -51.055 0.8999999762
5322  10.123  -76.771  -51.520 0.8999999762
5897  9.199  -75.938  -51.528 0.8999999762
5889  7.739  -74.692  -51.137 0.8999999762
7765  10.660  -71.781  -55.951 0.8999999762
8360  11.151  -71.266  -56.609 0.8999999762
4842  17.198  -78.158  -55.496 0.8999999762
116345  15.381  -77.514  -51.706 0.8000000119
4314  15.226  -78.300  -51.382 0.8000000119
3378  14.650  -79.794  -50.369 0.8999999762
3365  14.248  -80.161  -49.432 0.8999999762
124036  12.831  -80.663  -48.843 0.8999999762
7746  8.885  -73.080  -53.216 1.0000000000
4351  16.380  -78.502  -56.039 0.8999999762
121955  15.871  -79.194  -56.419 1.0000000000
4354  15.540  -78.390  -56.605 0.8999999762
3882  13.533  -79.449  -56.977 0.6999999881
110387  13.075  -79.984  -56.869 0.6999999881
117740  12.056  -79.754  -56.538 0.6999999881
119543  15.271  -79.289  -56.865 0.8000000119
3881  14.597  -79.309  -57.082 0.8000000119
3423  14.336  -79.800  -57.040 0.6999999881
3418  13.963  -80.220  -56.937 0.6999999881
3884  11.077  -79.684  -56.185 0.6999999881
3877  10.799  -79.211  -55.634 0.6999999881
3405  10.578  -79.964  -53.639 0.6000000238
3422  14.951  -80.073  -56.979 0.8999999762
110039  0.359  -82.768  -38.034 1.0000000000
2826  0.505  -81.555  -38.461 1.0000000000
121661  0.624  -80.910  -39.735 0.8999999762
3284  0.612  -80.649  -40.837 0.6999999881
4189  0.665  -78.925  -40.214 0.6999999881
4205  0.814  -77.908  -40.883 0.5000000000
4682  0.831  -77.255  -40.555 0.6000000238
20071  17.300  -55.265  -48.063 0.4000000060
20085  16.130  -55.455  -48.244 0.4000000060
19305  14.423  -56.442  -48.205 0.4000000060
17690  12.281  -57.917  -47.980 0.5000000000
18498  11.569  -57.460  -47.617 0.5000000000
20070  17.391  -55.744  -48.267 0.4000000060
20084  17.081  -55.550  -48.363 0.4000000060
18510  13.878  -57.146  -48.306 0.4000000060
17692  10.485  -58.191  -47.616 0.6999999881
17693  9.457  -58.121  -47.614 0.6999999881
18500  8.050  -57.839  -47.097 0.8999999762
17695  7.812  -58.620  -47.338 0.8999999762
112253  17.259  -56.109  -48.576 0.4000000060
120770  16.004  -56.579  -48.737 0.4000000060
17701  13.776  -58.830  -48.239 0.6000000238
17694  8.452  -58.225  -47.659 0.8999999762
16946  7.665  -59.613  -47.434 0.8999999762
16176  8.166  -60.174  -45.732 0.8999999762
16175  8.894  -60.983  -45.200 0.8999999762
18508  16.126  -57.148  -49.142 0.4000000060
15449  9.099  -62.028  -46.020 0.8999999762
123918  6.711  -64.887  -45.181 1.0000000000
13333  7.196  -64.416  -44.757 1.0000000000
4721  20.878  -76.984  -43.873 0.4000000060
125716  14.293  -59.471  -48.517 0.6000000238
16199  14.023  -60.285  -48.521 0.6000000238
16211  12.686  -60.651  -49.031 0.6000000238
12631  5.763  -65.034  -45.588 1.0000000000
13335  5.355  -64.018  -45.827 1.0000000000
5267  20.054  -76.966  -46.209 0.5000000000
122228  20.166  -76.816  -44.221 0.5000000000
16227  13.116  -60.847  -49.979 0.6000000238
127102  12.516  -60.869  -50.953 0.6000000238
15503  12.805  -61.246  -51.734 0.6999999881
13348  5.191  -63.896  -47.117 1.0000000000
14816  12.201  -63.165  -53.330 0.8000000119
14118  11.775  -63.777  -53.749 0.8000000119
128100  15.332  -63.579  -54.430 0.6000000238
14815  13.379  -63.247  -54.013 0.6000000238
123745  12.686  -63.664  -54.154 0.6000000238
13412  11.450  -64.392  -54.183 0.8000000119
13420  11.086  -65.001  -54.415 0.8999999762
14045  4.896  -62.982  -47.891 0.8000000119
14122  13.605  -64.095  -54.732 0.5000000000
13411  12.713  -64.405  -54.689 0.6999999881
13419  12.287  -65.067  -54.953 0.6000000238
12005  11.469  -66.133  -55.439 0.8000000119
6537  18.685  -74.433  -54.910 0.5000000000
111368  17.452  -75.484  -51.835 0.6000000238
5895  17.228  -75.698  -51.011 0.8000000119
5896  16.692  -76.189  -50.966 0.8000000119
5300  15.762  -76.713  -47.267 0.8999999762
5850  13.526  -75.838  -47.046 0.8999999762
5286  13.339  -76.171  -47.939 0.8000000119
111386  13.409  -65.271  -55.226 0.6000000238
130504  12.620  -66.215  -55.774 0.6000000238
11237  10.758  -67.507  -55.978 0.8000000119
6538  17.808  -74.424  -54.656 0.5000000000
124747  16.708  -75.956  -51.650 0.8000000119
5284  14.582  -76.777  -47.044 0.8000000119
5285  13.900  -76.615  -47.146 0.8000000119
4782  12.898  -77.425  -48.608 0.8000000119
4792  11.824  -77.189  -49.840 0.8999999762
5316  10.811  -76.498  -50.903 1.0000000000
9713  12.705  -69.617  -57.235 0.8000000119
5930  16.120  -73.989  -57.792 0.6999999881
6539  16.242  -74.345  -55.100 0.6999999881
126349  15.466  -74.969  -54.647 0.6999999881
5328  16.124  -76.167  -52.282 0.8000000119
5320  16.208  -76.600  -51.366 0.8000000119
4273  12.748  -78.601  -47.942 0.8000000119
3817  11.483  -79.203  -48.957 0.8999999762
5887  9.391  -75.451  -50.482 1.0000000000
6505  8.309  -74.268  -50.472 1.0000000000
9029  11.529  -70.655  -57.091 0.8999999762
5939  15.728  -74.457  -57.721 0.8000000119
5931  15.404  -74.318  -57.600 0.6999999881
5923  15.002  -74.389  -56.910 0.6999999881
5329  15.477  -76.398  -52.854 0.8000000119
5321  15.674  -76.824  -52.005 0.8000000119
110527  13.606  -79.782  -51.941 0.8999999762
3389  14.250  -79.865  -51.198 0.8999999762
2928  12.942  -80.804  -51.033 0.8999999762
121676  12.341  -79.951  -48.333 0.8999999762
3356  11.708  -80.184  -48.657 0.8000000119
6506  7.720  -73.890  -51.138 0.8999999762
7739  8.509  -73.094  -52.154 0.8999999762
112860  10.729  -72.612  -54.972 0.8999999762
8352  11.815  -71.632  -56.242 1.0000000000
127784  15.324  -75.302  -57.591 0.8000000119
5940  15.006  -74.862  -57.517 0.6999999881
3390  12.970  -80.395  -51.740 0.6999999881
3391  12.357  -80.687  -51.564 0.6999999881
114831  9.910  -72.781  -53.513 0.8000000119
4850  15.916  -77.585  -56.656 0.8999999762
5360  15.433  -76.507  -57.394 0.8000000119
132056  13.395  -77.988  -57.191 0.8000000119
3883  12.599  -79.130  -56.643 0.8000000119
4358  12.277  -78.380  -56.373 0.8000000119
3404  11.722  -79.900  -53.050 0.6999999881
3397  12.100  -80.349  -52.165 0.6999999881
130259  15.231  -77.563  -57.178 0.8999999762
4853  14.024  -77.359  -57.452 0.8000000119
4356  13.953  -78.189  -57.314 0.8000000119
4348  11.312  -78.573  -54.818 0.6999999881
3867  11.233  -79.204  -54.080 0.6999999881
3866  12.323  -79.247  -53.331 0.6000000238
2811  0.457  -81.492  -37.594 1.0000000000
126352  0.621  -81.042  -38.974 0.8999999762
3730  0.640  -78.928  -39.068 0.8000000119
4188  0.693  -77.959  -39.692 0.8000000119
124426  0.782  -77.023  -39.737 0.6999999881
3782  1.829  -79.916  -42.873 0.3000000119
4698  0.976  -77.139  -41.331 0.5000000000
4232  1.398  -78.694  -42.112 0.4000000060
111145  16.073  -54.262  -44.503 0.3000000119
20821  16.006  -54.942  -45.509 0.3000000119
20052  16.757  -54.771  -46.532 0.3000000119
20838  16.992  -54.420  -47.660 0.2000000030
20853  16.944  -55.091  -48.138 0.4000000060
20086  14.857  -55.731  -48.004 0.2000000030
18511  12.956  -57.143  -47.994 0.4000000060
19277  16.794  -55.394  -47.013 0.4000000060
18499  10.827  -57.515  -47.288 0.6000000238
17677  7.780  -58.112  -45.444 0.8999999762
19290  17.456  -56.232  -48.434 0.3000000119
18507  16.887  -56.517  -49.060 0.4000000060
16928  8.134  -59.315  -45.000 0.8999999762
17712  16.175  -57.956  -49.777 0.4000000060
124290  15.068  -58.794  -49.198 0.6000000238
16965  15.623  -59.060  -49.973 0.5000000000
16982  16.291  -59.383  -50.774 0.5000000000
14728  9.446  -62.885  -44.689 1.0000000000
13332  8.133  -64.406  -44.779 1.0000000000
16966  14.837  -59.891  -49.102 0.6000000238
16208  15.243  -60.107  -49.985 0.5000000000
16226  14.918  -60.790  -50.303 0.5000000000
15484  15.348  -60.914  -51.385 0.6999999881
14011  9.202  -63.464  -44.743 1.0000000000
14015  5.875  -63.241  -45.188 1.0000000000
16210  13.649  -60.764  -49.013 0.6000000238
15476  14.081  -61.011  -49.975 0.5000000000
15485  14.420  -61.043  -51.069 0.6000000238
15517  13.218  -61.834  -52.524 0.8000000119
14031  5.339  -63.345  -46.804 1.0000000000
15516  14.320  -61.945  -52.831 0.6000000238
14806  15.056  -62.699  -53.921 0.5000000000
14807  13.855  -62.583  -53.444 0.6000000238
5913  17.666  -74.793  -53.589 0.6000000238
5894  18.146  -75.138  -51.044 0.6999999881
127585  13.024  -75.627  -47.810 0.8999999762
5863  12.904  -75.766  -48.695 0.8999999762
6530  16.978  -74.603  -54.319 0.6999999881
5907  16.750  -75.591  -52.500 0.6999999881
5302  12.623  -75.974  -49.385 0.8999999762
5878  9.572  -75.095  -49.412 1.0000000000
12719  13.256  -65.923  -55.587 0.5000000000
10486  13.024  -68.389  -56.719 0.6999999881
130879  16.248  -74.883  -54.070 0.8000000119
5335  15.975  -75.567  -53.322 0.8000000119
7737  10.496  -72.627  -52.841 0.8000000119
10485  13.234  -69.283  -56.923 0.6999999881
9027  13.025  -70.612  -56.775 0.8000000119
5932  14.648  -74.913  -57.344 0.6999999881
5920  14.797  -74.813  -55.749 0.6999999881
5336  15.134  -75.906  -53.836 0.8000000119
110317  14.176  -77.180  -53.855 0.8000000119
4338  13.089  -78.184  -53.926 0.8999999762
7745  10.279  -72.674  -54.360 0.8999999762
7757  11.999  -72.088  -55.522 0.8000000119
3396  12.685  -79.830  -52.466 0.8000000119
4854  13.461  -77.205  -57.303 0.8999999762
5371  14.680  -75.789  -57.530 0.8000000119
4844  12.507  -77.731  -56.449 0.6999999881
4353  11.285  -78.596  -55.424 0.8000000119
3258  0.623  -80.658  -38.255 0.8999999762
3247  0.693  -79.867  -37.757 0.8000000119
4168  0.724  -78.427  -37.598 0.8999999762
3257  0.668  -79.746  -38.605 0.8999999762
5184  0.794  -76.942  -37.427 0.8999999762
4176  0.645  -78.253  -38.539 0.6999999881
5190  0.794  -76.759  -38.643 0.8000000119
5200  0.844  -76.313  -39.743 0.8000000119
130292  0.890  -75.138  -39.429 0.5000000000
5219  0.911  -76.437  -40.796 0.5000000000
121945  1.231  -75.050  -40.937 0.5000000000
4203  2.986  -78.619  -41.331 0.2000000030
4218  2.287  -78.334  -41.919 0.2000000030
5227  1.271  -76.455  -41.321 0.5000000000
4709  1.766  -77.579  -41.907 0.4000000060
20812  16.488  -54.228  -45.658 0.3000000119
20839  16.288  -54.747  -47.865 0.2000000030
129012  13.981  -55.956  -47.850 0.2000000030
19292  12.671  -56.399  -47.662 0.3000000119
19294  10.894  -56.995  -46.855 0.5000000000
19280  8.299  -57.200  -46.060 0.8999999762
129738  7.814  -58.713  -45.182 0.8999999762
16921  8.719  -59.190  -44.314 0.8999999762
19276  16.809  -56.155  -47.292 0.4000000060
119983  17.625  -56.702  -48.675 0.3000000119
18517  17.287  -57.071  -49.715 0.3000000119
16169  8.886  -60.278  -44.623 0.8999999762
17719  16.642  -58.506  -50.495 0.5000000000
119956  9.398  -61.332  -44.583 0.8999999762
112001  9.625  -61.720  -43.891 1.0000000000
14012  8.623  -63.856  -44.355 1.0000000000
14000  7.398  -63.351  -43.795 1.0000000000
18522  18.027  -57.450  -50.087 0.3000000119
14014  6.786  -63.726  -44.473 1.0000000000
16225  15.777  -60.281  -50.990 0.6000000238
15502  13.792  -61.314  -51.933 0.8000000119
14730  5.788  -62.233  -44.996 1.0000000000
14089  17.580  -63.001  -50.273 0.5000000000
14785  18.324  -62.441  -51.003 0.5000000000
14098  18.096  -63.078  -53.063 0.5000000000
14738  5.517  -62.335  -46.058 0.8999999762
14115  16.685  -63.827  -54.101 0.6000000238
14804  17.087  -62.736  -54.039 0.5000000000
14805  16.137  -62.713  -53.892 0.5000000000
15515  15.398  -61.983  -53.064 0.6000000238
14044  5.325  -62.547  -47.099 0.8999999762
14749  5.091  -61.409  -47.332 0.8999999762
112381  15.855  -64.179  -54.375 0.6000000238
122717  16.024  -63.452  -54.239 0.6000000238
5852  11.435  -75.104  -48.075 1.0000000000
14121  14.507  -64.632  -55.004 0.5000000000
12004  13.716  -66.506  -55.602 0.5000000000
110046  13.532  -67.111  -55.963 0.6000000238
11236  13.230  -67.824  -56.249 0.6999999881
5921  14.272  -75.397  -55.685 0.8000000119
5345  14.670  -75.548  -54.835 0.8000000119
4834  13.735  -76.683  -54.766 0.8000000119
4823  13.385  -77.420  -54.369 0.6999999881
131868  11.018  -72.465  -54.545 0.8000000119
8351  12.364  -71.545  -56.107 0.6999999881
5941  14.385  -75.427  -57.339 0.6999999881
5346  13.524  -76.323  -55.666 0.8000000119
4835  12.943  -76.917  -55.556 0.6999999881
4347  11.755  -78.070  -55.221 0.8999999762
5362  13.230  -76.574  -57.139 0.8999999762
4836  12.364  -77.599  -55.816 0.8000000119
4339  12.112  -78.483  -54.248 0.8000000119
3231  0.704  -79.909  -37.022 0.8000000119
4160  0.841  -78.611  -36.720 0.8000000119
118697  0.922  -77.164  -36.406 0.8000000119
5175  0.916  -76.245  -36.738 0.8000000119
116204  0.920  -76.063  -37.846 0.8000000119
5742  0.883  -75.838  -39.029 0.8000000119
110218  0.966  -74.255  -38.068 0.8000000119
4697  2.236  -77.006  -41.457 0.2000000030
117994  1.269  -74.127  -40.899 0.5000000000
5218  1.887  -76.124  -41.443 0.4000000060
5778  1.484  -75.534  -41.181 0.5000000000
21603  17.331  -53.559  -47.434 0.2000000030
20840  15.105  -54.474  -47.472 0.2000000030
115254  13.030  -54.705  -47.029 0.4000000060
115657  16.175  -54.497  -43.652 0.2000000030
20072  15.278  -55.123  -47.781 0.2000000030
20073  12.389  -55.681  -47.260 0.4000000060
126926  11.491  -56.345  -47.041 0.4000000060
20042  15.564  -55.540  -44.888 0.2000000030
19295  9.872  -57.199  -46.549 0.8000000119
17665  8.225  -57.649  -44.838 0.8999999762
17664  8.886  -58.273  -44.240 0.8999999762
20053  16.130  -55.508  -45.946 0.3000000119
124500  16.195  -56.050  -46.406 0.3000000119
18496  17.409  -56.653  -47.926 0.3000000119
18506  17.923  -57.048  -49.223 0.3000000119
16920  9.402  -59.890  -43.882 0.8999999762
121894  9.640  -60.881  -43.903 0.8999999762
14698  9.220  -62.310  -43.033 1.0000000000
14717  7.982  -62.989  -43.221 1.0000000000
17717  18.205  -58.176  -50.600 0.4000000060
16981  17.629  -58.695  -51.149 0.5000000000
14729  6.454  -62.860  -44.295 1.0000000000
16991  18.314  -59.464  -51.933 0.5000000000
16244  16.446  -60.712  -51.925 0.5000000000
117773  5.675  -61.474  -44.860 1.0000000000
14778  18.258  -62.491  -49.798 0.4000000060
14794  18.466  -62.464  -52.248 0.5000000000
15498  19.124  -61.411  -52.307 0.5000000000
15500  15.873  -61.374  -52.374 0.6000000238
15428  5.484  -60.556  -45.354 0.8999999762
15451  3.966  -60.380  -47.921 0.6000000238
14107  17.945  -62.935  -53.636 0.5000000000
15512  18.201  -62.116  -53.445 0.5000000000
15513  17.454  -62.055  -53.630 0.5000000000
15499  17.001  -61.355  -52.846 0.5000000000
15439  4.974  -60.222  -46.745 0.8999999762
11225  13.104  -67.711  -55.565 0.6000000238
9699  13.163  -70.253  -56.557 0.6999999881
126460  0.933  -78.234  -35.503 0.8999999762
4646  0.930  -77.465  -35.399 0.8999999762
116533  0.967  -75.377  -35.962 0.8000000119
115269  1.050  -74.603  -36.559 0.8999999762
6981  0.936  -73.396  -37.883 0.8000000119
6367  0.906  -73.750  -38.799 0.6999999881
7005  0.987  -73.694  -40.003 0.6999999881
6391  1.745  -74.606  -41.259 0.4000000060
21546  18.049  -54.082  -41.644 0.2000000030
21559  17.398  -53.854  -42.329 0.2000000030
21560  16.617  -54.046  -43.000 0.2000000030
21573  16.451  -53.533  -43.915 0.2000000030
21585  16.580  -53.439  -45.107 0.2000000030
21593  17.774  -53.000  -47.230 0.2000000030
20782  17.472  -54.682  -41.835 0.2000000030
20790  16.910  -54.538  -42.396 0.2000000030
109431  16.295  -53.812  -47.607 0.2000000030
20074  11.925  -55.699  -46.902 0.4000000060
19264  10.728  -56.927  -45.818 0.6999999881
18463  8.929  -57.501  -44.608 0.8999999762
20791  16.439  -54.876  -42.914 0.2000000030
20030  15.481  -55.858  -44.167 0.2000000030
19261  15.623  -56.292  -45.539 0.3000000119
16909  9.345  -59.090  -43.886 0.8999999762
16908  9.986  -59.662  -43.464 0.8999999762
15400  8.852  -62.056  -42.308 1.0000000000
15401  7.961  -62.093  -42.296 1.0000000000
18484  15.863  -56.825  -46.336 0.3000000119
18483  16.552  -57.191  -47.077 0.3000000119
18495  17.644  -57.363  -48.385 0.3000000119
123137  9.936  -60.417  -43.389 0.8999999762
15399  9.579  -61.709  -42.604 0.8999999762
116242  17.167  -57.727  -47.462 0.3000000119
17711  18.195  -57.448  -49.796 0.3000000119
14066  17.593  -62.876  -48.092 0.4000000060
17699  18.045  -58.009  -49.019 0.3000000119
17710  18.536  -58.170  -49.933 0.4000000060
16980  18.603  -58.836  -51.311 0.4000000060
14768  18.104  -62.365  -48.762 0.4000000060
14784  18.922  -62.021  -51.694 0.5000000000
16243  17.827  -60.512  -52.533 0.5000000000
16177  4.498  -59.485  -46.398 0.6000000238
15483  19.209  -61.243  -51.384 0.4000000060
16250  18.491  -61.144  -52.915 0.5000000000
16149  5.759  -59.751  -43.488 1.0000000000
16170  5.154  -59.587  -45.692 0.8000000119
16910  5.413  -58.822  -44.333 0.6999999881
112852  0.910  -75.674  -34.881 0.8999999762
6342  1.205  -73.889  -35.093 0.8000000119
6350  1.160  -73.674  -36.065 0.8999999762
6357  1.011  -73.953  -37.109 0.8999999762
114768  1.320  -72.884  -36.089 0.8999999762
6972  1.046  -73.056  -36.857 0.8999999762
7594  0.957  -72.451  -37.700 0.8999999762
6994  0.924  -72.834  -38.989 0.6000000238
7620  1.182  -72.860  -40.167 0.6999999881
7630  1.518  -72.545  -40.629 0.5000000000
116657  1.801  -73.526  -41.196 0.4000000060
21572  16.960  -53.193  -43.085 0.2000000030
21602  17.615  -52.721  -47.403 0.2000000030
20842  12.403  -54.942  -46.830 0.4000000060
20056  11.500  -56.363  -46.364 0.6999999881
19251  10.979  -57.127  -45.157 0.6999999881
18461  11.442  -57.619  -44.470 0.6999999881
15382  8.287  -61.538  -41.764 1.0000000000
16127  7.742  -60.719  -41.447 1.0000000000
20016  16.870  -55.278  -42.187 0.2000000030
20017  16.271  -55.790  -42.887 0.2000000030
19248  15.436  -56.477  -44.541 0.3000000119
122630  9.636  -57.948  -44.150 0.8999999762
17650  10.023  -58.748  -43.672 0.8999999762
16891  10.376  -60.328  -42.736 0.8999999762
16146  10.061  -60.992  -42.102 0.8999999762
16964  18.844  -59.122  -50.106 0.5000000000
16990  18.993  -59.501  -51.921 0.4000000060
16223  19.268  -60.288  -51.187 0.4000000060
16241  19.213  -60.381  -52.100 0.4000000060
6928  1.846  -73.567  -33.611 0.8000000119
7559  2.653  -72.609  -34.750 0.8999999762
7578  1.706  -72.549  -35.762 0.8000000119
7586  1.307  -72.208  -36.679 0.8999999762
8218  1.146  -71.592  -37.629 0.8999999762
120001  0.996  -71.804  -38.519 0.6999999881
8225  1.194  -71.264  -38.984 0.6000000238
119662  1.313  -72.011  -39.676 0.6000000238
7021  2.095  -72.725  -41.104 0.4000000060
21615  15.010  -53.795  -47.217 0.3000000119
20831  12.316  -54.938  -46.494 0.4000000060
19250  12.221  -57.069  -44.847 0.6999999881
18447  11.883  -58.091  -43.782 0.8999999762
16126  8.621  -60.949  -41.188 1.0000000000
16907  10.724  -59.532  -43.031 0.8999999762
16871  11.382  -59.881  -41.697 0.8999999762
16125  9.602  -60.931  -41.208 0.8999999762
6945  4.113  -73.087  -34.290 0.8000000119
6926  3.740  -73.476  -33.590 0.8000000119
6913  4.370  -73.741  -32.971 0.8000000119
6946  3.122  -72.970  -34.105 0.8000000119
8196  3.771  -71.660  -36.021 0.8999999762
7558  3.655  -72.654  -34.809 0.8999999762
7585  1.910  -71.870  -36.182 0.8999999762
125775  2.244  -71.347  -36.539 0.8999999762
8208  1.608  -71.427  -36.942 0.8999999762
109610  1.166  -71.040  -38.397 0.8999999762
129753  2.889  -71.709  -40.653 0.3000000119
8248  2.260  -71.365  -40.414 0.3000000119
8238  1.667  -71.114  -39.671 0.6000000238
8246  3.358  -71.286  -40.324 0.3000000119
8873  2.421  -70.434  -40.370 0.3000000119
20055  12.051  -55.423  -46.250 0.6000000238
19263  11.792  -56.365  -45.688 0.6999999881
120653  12.574  -53.963  -46.098 0.4000000060
19262  12.866  -56.168  -44.841 0.6999999881
17649  12.200  -58.287  -43.075 0.8999999762
121508  12.593  -53.439  -45.594 0.4000000060
20043  13.200  -55.070  -44.508 0.6999999881
16889  11.884  -59.297  -41.724 0.8999999762
16124  11.118  -60.344  -40.867 0.8999999762
16113  9.035  -60.647  -40.468 0.8999999762
20031  13.425  -54.680  -43.964 0.6000000238
19237  12.965  -56.775  -43.330 0.6999999881
16112  10.225  -60.687  -40.413 0.8999999762
16098  9.536  -60.593  -39.626 0.8999999762
20815  12.504  -53.438  -44.948 0.3000000119
20792  12.629  -54.557  -43.125 0.6000000238
19223  12.340  -56.148  -41.982 0.6999999881
20803  12.227  -53.650  -43.469 0.4000000060
125358  10.617  -55.840  -42.329 0.6999999881
20804  10.189  -54.574  -43.302 0.5000000000
20020  10.361  -55.329  -42.931 0.5000000000
19225  9.501  -56.080  -43.046 0.5000000000
20033  9.139  -55.303  -43.752 0.4000000060
19238  8.651  -56.024  -43.778 0.5000000000
19209  9.103  -56.497  -42.280 0.6000000238
6925  4.619  -73.242  -33.657 0.8000000119
117844  5.340  -72.809  -33.626 0.8000000119
7542  4.910  -72.680  -34.230 0.8000000119
8195  4.727  -71.424  -35.730 0.8000000119
7556  5.121  -71.967  -34.896 0.8000000119
8205  4.287  -70.837  -36.530 0.8999999762
8197  2.721  -71.685  -35.985 0.8999999762
8825  4.732  -69.679  -36.761 0.8999999762
8206  3.072  -70.977  -36.622 0.8999999762
8827  2.685  -70.311  -37.214 0.8999999762
8839  1.949  -70.022  -37.828 0.8999999762
8848  1.555  -70.310  -38.562 0.8000000119
8863  1.786  -70.310  -39.689 0.6000000238
8871  3.810  -70.122  -39.967 0.3000000119
9572  3.353  -69.548  -40.326 0.4000000060
9573  2.475  -69.483  -40.456 0.4000000060
10327  2.785  -68.747  -40.545 0.4000000060
18446  12.610  -57.615  -43.388 0.8000000119
18435  12.712  -57.355  -42.494 0.8000000119
17617  12.185  -58.779  -41.408 0.8999999762
16123  11.432  -60.060  -40.215 0.8999999762
18423  12.079  -57.399  -41.051 0.6999999881
17603  11.359  -58.431  -39.850 0.8999999762
16096  10.734  -60.317  -38.957 0.8999999762
127708  11.373  -57.266  -40.679 0.8999999762
16085  9.984  -60.286  -38.398 0.8999999762
16838  8.432  -59.927  -38.799 0.8999999762
21586  12.166  -52.668  -44.374 0.3000000119
113156  10.378  -56.293  -41.855 0.6000000238
19208  11.376  -56.719  -41.171 0.6999999881
18409  10.920  -57.551  -40.154 0.8999999762
16840  7.129  -59.043  -39.862 1.0000000000
16857  7.038  -59.184  -40.585 1.0000000000
117679  11.430  -52.964  -43.609 0.3000000119
19196  9.151  -56.701  -41.163 0.6999999881
18410  9.767  -57.137  -40.112 0.8999999762
16873  6.551  -59.173  -41.848 1.0000000000
122776  10.361  -51.789  -43.650 0.3000000119
19210  8.261  -56.644  -41.772 0.6999999881
17618  5.992  -58.350  -41.465 0.8999999762
17619  5.198  -57.670  -42.201 0.8000000119
21576  10.201  -52.728  -43.490 0.4000000060
111117  9.327  -54.025  -43.659 0.4000000060
124223  7.867  -56.354  -43.121 0.6999999881
20044  8.353  -54.767  -44.176 0.4000000060
20034  8.182  -55.647  -44.213 0.5000000000
8826  3.669  -70.177  -37.086 1.0000000000
8838  2.858  -69.607  -37.482 1.0000000000
9542  2.165  -68.994  -38.173 0.8000000119
9543  1.803  -69.356  -38.806 0.6999999881
10316  1.617  -68.158  -39.935 0.6999999881
9560  1.762  -68.971  -39.968 0.5000000000
10328  2.002  -68.705  -40.363 0.6000000238
110294  4.730  -69.070  -39.813 0.2000000030
10314  3.838  -68.918  -40.122 0.2000000030
17587  11.382  -59.300  -39.621 0.8999999762
17588  10.933  -58.779  -39.065 0.8999999762
16837  10.888  -59.617  -38.798 0.8999999762
16823  8.683  -59.914  -37.981 0.8999999762
112197  10.515  -58.963  -38.414 0.8999999762
16806  9.024  -59.151  -36.902 0.8999999762
16818  8.152  -59.407  -37.440 0.8000000119
16931  4.146  -59.104  -45.690 0.4000000060
17651  5.121  -57.934  -44.093 0.6000000238
22366  11.325  -52.283  -43.916 0.3000000119
18411  8.629  -56.767  -40.594 0.8000000119
18379  9.549  -57.812  -38.064 0.8999999762
16825  7.253  -58.971  -38.951 0.8999999762
17605  5.606  -57.910  -40.691 0.8999999762
17635  5.161  -57.616  -43.211 0.6000000238
18396  9.031  -57.089  -39.442 0.8999999762
18380  9.002  -57.180  -38.401 0.8999999762
128363  5.240  -57.691  -41.391 0.8999999762
17636  4.320  -56.933  -42.835 0.6999999881
19197  7.587  -56.524  -40.991 0.8999999762
19211  7.426  -56.413  -42.089 0.6999999881
8194  5.585  -71.012  -35.350 0.8000000119
8812  5.230  -70.452  -36.103 0.8999999762
9532  5.306  -68.614  -36.421 0.8999999762
10287  5.359  -67.969  -36.030 0.8000000119
9533  4.377  -68.669  -36.992 1.0000000000
9541  3.185  -68.709  -37.479 1.0000000000
10297  1.816  -68.421  -39.101 0.8999999762
116091  4.508  -68.367  -39.973 0.2000000030
10315  2.170  -67.949  -40.428 0.4000000060
109534  3.326  -68.066  -40.403 0.2000000030
17637  3.177  -57.512  -43.376 0.4000000060
120678  3.091  -59.358  -44.030 0.2000000030
17563  9.582  -58.960  -37.275 0.8999999762
17564  7.624  -58.870  -36.953 0.8999999762
17565  6.892  -58.331  -37.548 0.8000000119
17653  3.881  -57.531  -44.080 0.5000000000
18449  3.845  -57.055  -43.456 0.6000000238
19148  8.499  -56.798  -36.778 0.8999999762
17554  7.188  -58.151  -36.614 0.8000000119
17572  6.720  -58.430  -38.551 0.8999999762
18397  5.041  -57.451  -40.146 0.8999999762
19158  8.499  -56.620  -37.815 0.8999999762
18381  6.101  -57.728  -38.246 0.8999999762
17606  4.723  -57.352  -40.927 0.6999999881
23204  11.320  -51.301  -44.240 0.3000000119
20036  6.897  -55.635  -43.681 0.6000000238
124319  7.378  -56.288  -40.124 0.8999999762
19169  8.377  -56.582  -38.852 0.8999999762
11028  4.598  -67.347  -36.208 0.8000000119
10288  4.743  -67.862  -36.611 0.8000000119
10295  3.661  -67.913  -37.222 0.8999999762
11037  2.944  -67.237  -37.522 0.8999999762
10296  2.252  -67.904  -38.184 0.8999999762
11048  1.744  -67.496  -39.444 0.8000000119
11060  1.765  -67.226  -40.129 0.6999999881
11802  3.859  -66.468  -40.085 0.2000000030
11059  2.675  -67.052  -40.394 0.4000000060
18436  3.391  -56.923  -42.737 0.6000000238
18424  3.531  -56.789  -41.974 0.6999999881
19212  6.738  -56.013  -42.737 0.6000000238
19996  6.023  -55.591  -41.173 0.8000000119
18412  3.773  -56.788  -41.129 0.6999999881
20006  6.739  -56.084  -41.643 0.8000000119
19995  6.770  -56.065  -40.655 0.8999999762
126722  8.207  -57.817  -36.053 0.8999999762
18358  7.539  -57.706  -36.006 0.8000000119
118660  5.356  -57.075  -38.445 0.8999999762
18398  4.393  -56.762  -39.770 0.8000000119
121240  4.243  -56.877  -40.481 0.8000000119
19170  7.844  -55.973  -38.261 0.8999999762
19130  8.236  -57.085  -36.054 0.8999999762
18372  6.392  -57.673  -37.115 0.8000000119
18373  5.649  -57.115  -37.624 0.8999999762
18382  5.391  -57.409  -39.218 0.8999999762
11019  4.276  -67.264  -35.668 0.6999999881
11036  3.940  -67.235  -36.899 0.8000000119
11769  3.756  -66.774  -36.550 0.8999999762
11038  2.220  -66.901  -38.573 1.0000000000
11047  1.796  -66.485  -39.713 0.6999999881
12563  3.542  -65.336  -40.168 0.3000000119
126675  2.033  -66.510  -40.157 0.6000000238
19997  5.358  -54.959  -41.604 0.6000000238
111452  6.195  -55.572  -40.354 0.8000000119
20769  5.201  -54.609  -39.849 0.8000000119
20762  5.902  -54.505  -38.791 0.8999999762
21563  6.717  -53.929  -42.777 0.5000000000
20795  5.687  -54.640  -42.470 0.6000000238
19988  6.074  -55.167  -39.672 0.8999999762
127992  7.004  -55.303  -38.749 0.8999999762
18425  2.820  -56.883  -41.876 0.5000000000
19968  7.447  -55.301  -37.607 0.8999999762
19198  3.381  -56.488  -40.245 0.6000000238
18413  2.989  -56.673  -41.104 0.6999999881
19184  7.621  -56.083  -39.276 0.8999999762
19958  7.852  -56.232  -36.165 0.8999999762
19940  7.238  -56.058  -35.717 0.6999999881
124798  5.248  -56.532  -37.235 0.8999999762
19159  4.865  -56.484  -38.078 0.8999999762
11759  4.026  -66.872  -36.063 0.8000000119
12519  2.849  -65.764  -36.696 0.8999999762
11770  3.186  -66.082  -36.929 0.8999999762
114735  2.034  -65.367  -38.538 0.8999999762
12555  1.975  -65.588  -39.499 0.6999999881
13275  3.181  -63.747  -39.764 0.3000000119
13286  2.243  -65.049  -39.851 0.5000000000
12564  2.589  -65.332  -40.174 0.5000000000
21551  5.600  -53.700  -41.968 0.6000000238
129786  4.967  -54.595  -41.155 0.6999999881
21549  6.943  -53.600  -41.879 0.5000000000
21550  6.226  -53.686  -42.206 0.5000000000
19969  6.796  -54.617  -37.749 0.8999999762
20747  7.223  -54.645  -36.864 0.8999999762
19186  2.935  -56.161  -39.523 0.6000000238
19185  3.642  -56.191  -39.339 0.6000000238
19171  3.985  -55.887  -38.523 0.8000000119
19149  6.323  -56.572  -35.972 0.8000000119
13863  1.553  -63.557  -28.553 0.8000000119
11762  1.777  -65.988  -35.148 0.8999999762
12537  2.014  -64.716  -38.080 0.8999999762
13241  1.790  -64.200  -37.575 0.8000000119
13276  2.305  -64.157  -39.688 0.4000000060
20778  4.793  -54.142  -40.587 0.6999999881
20763  5.219  -53.832  -38.470 0.8999999762
20749  6.125  -53.937  -37.585 0.8999999762
20738  6.770  -54.211  -36.236 0.8999999762
20748  6.773  -54.091  -36.906 0.8999999762
20737  7.144  -54.937  -36.108 0.8000000119
20726  7.002  -55.358  -35.756 0.8000000119
19941  6.566  -55.496  -35.694 0.8000000119
19187  2.548  -56.253  -39.133 0.4000000060
19132  6.696  -56.152  -35.713 0.8000000119
19979  3.480  -55.579  -37.899 0.6999999881
19172  3.025  -55.806  -38.734 0.6999999881
19150  5.424  -56.159  -36.429 0.8999999762
19160  4.429  -55.810  -37.426 0.8999999762
14572  1.975  -62.582  -27.778 0.8000000119
14586  1.387  -62.764  -28.964 0.8000000119
14594  1.361  -62.503  -29.876 0.8000000119
119240  1.343  -62.855  -31.676 0.8000000119
127205  1.390  -63.230  -33.006 0.8999999762
13217  1.500  -64.526  -34.416 0.8999999762
13225  1.511  -64.231  -35.920 0.8999999762
12512  1.699  -65.218  -35.504 0.8999999762
121527  1.423  -63.702  -33.821 0.8999999762
122866  1.378  -63.566  -35.127 0.8000000119
13224  1.862  -64.704  -36.466 0.8000000119
14657  2.004  -61.978  -38.356 0.6000000238
128085  1.226  -62.825  -37.392 0.6999999881
13953  3.144  -63.038  -39.264 0.4000000060
13946  1.853  -62.766  -38.643 0.5000000000
13261  1.453  -63.183  -37.964 0.6999999881
21503  5.190  -53.242  -37.532 1.0000000000
21498  5.282  -53.088  -36.180 1.0000000000
20729  4.097  -53.843  -35.623 0.8000000119
20730  2.864  -53.812  -35.069 0.8000000119
21489  6.035  -53.808  -35.807 1.0000000000
20739  3.006  -54.580  -35.632 0.8000000119
22343  6.172  -53.305  -41.527 0.5000000000
21537  5.104  -53.484  -41.215 0.6000000238
20728  5.519  -54.201  -35.591 0.8999999762
19943  4.753  -54.664  -35.762 0.8000000119
20727  6.452  -54.704  -35.748 0.8000000119
19942  5.901  -54.974  -35.627 0.8000000119
19133  5.868  -55.633  -35.808 0.6999999881
110362  2.480  -56.061  -38.310 0.4000000060
128369  3.824  -55.335  -37.121 0.8000000119
15280  1.289  -61.566  -30.204 0.8000000119
110058  1.184  -62.074  -31.813 0.8999999762
13909  1.194  -62.535  -33.728 0.8000000119
15266  1.327  -61.818  -28.960 0.8000000119
13916  1.267  -62.922  -34.467 0.8000000119
13934  1.308  -63.172  -36.431 0.8000000119
15349  1.501  -61.741  -37.439 0.6999999881
115700  1.223  -62.173  -37.133 0.8000000119
21492  2.869  -53.063  -34.658 0.8000000119
113583  2.573  -54.580  -34.351 0.6000000238
19118  2.650  -55.498  -34.690 0.5000000000
22292  4.622  -52.491  -37.240 1.0000000000
22284  4.281  -52.705  -35.870 1.0000000000
21491  3.672  -53.113  -35.440 0.8999999762
109661  2.604  -54.612  -34.943 0.8000000119
19134  2.492  -56.023  -35.650 0.5000000000
21538  4.912  -53.339  -40.542 0.6999999881
122897  4.879  -54.042  -39.440 0.8000000119
19944  2.603  -55.362  -35.633 0.6999999881
22344  5.695  -53.203  -41.242 0.6000000238
19960  2.821  -55.424  -36.354 0.6999999881
19152  2.450  -56.284  -36.449 0.3000000119
19959  3.569  -54.986  -36.428 0.6999999881
19970  3.108  -55.491  -37.168 0.6000000238
19162  2.402  -56.034  -37.550 0.5000000000
22342  9.278  -53.541  -40.873 0.5000000000
19151  4.673  -55.359  -36.269 0.8000000119
15292  1.081  -61.261  -31.391 0.8999999762
111383  1.183  -60.795  -29.544 0.8000000119
14616  1.007  -61.581  -34.260 0.8000000119
14624  1.087  -62.051  -34.717 0.6999999881
20707  2.587  -53.368  -34.029 0.8000000119
19924  2.960  -54.898  -33.882 0.6000000238
19931  3.521  -55.741  -33.792 0.5000000000
22288  4.382  -52.348  -36.460 1.0000000000
128082  3.416  -52.267  -35.133 1.0000000000
21515  4.768  -53.362  -38.853 0.8000000119
21548  7.965  -53.873  -41.461 0.5000000000
21536  7.461  -53.496  -41.084 0.5000000000
15979  1.078  -59.992  -29.099 0.8000000119
16735  1.183  -59.297  -28.774 0.8000000119
16752  0.839  -59.089  -29.570 0.8999999762
125330  0.913  -60.179  -31.418 0.8999999762
21478  2.749  -52.737  -34.175 0.8000000119
22330  5.503  -52.857  -40.544 0.6000000238
17482  0.892  -58.448  -29.131 0.8000000119
116729  0.693  -58.315  -29.985 0.8000000119
110106  0.817  -59.301  -31.528 0.8000000119
16780  2.717  -58.944  -34.333 0.5000000000
16794  2.174  -59.041  -35.128 0.5000000000
22289  4.037  -51.750  -35.973 1.0000000000
21469  3.010  -53.432  -33.652 0.8000000119
21516  4.789  -52.785  -39.289 0.8000000119
22328  6.785  -53.091  -41.009 0.5000000000
21534  9.110  -53.689  -40.252 0.5000000000
21535  8.299  -53.545  -40.450 0.5000000000
22317  8.243  -52.946  -39.787 0.5000000000
17479  3.621  -58.101  -28.633 0.8000000119
115564  2.303  -57.889  -28.700 0.8000000119
17493  0.728  -57.655  -29.829 0.8999999762
18274  1.712  -56.954  -28.987 0.8000000119
16763  0.729  -58.627  -31.029 0.8000000119
16019  0.924  -59.299  -33.612 0.8000000119
16781  1.793  -58.552  -34.596 0.6000000238
16782  1.138  -58.574  -34.449 0.6000000238
127320  2.382  -58.289  -33.803 0.5000000000
16774  1.379  -57.964  -34.140 0.6000000238
130618  5.665  -54.016  -33.237 0.4000000060
21467  4.995  -53.345  -33.143 0.4000000060
21468  3.883  -53.413  -33.171 0.6999999881
22254  4.241  -52.502  -33.228 0.5000000000
21504  4.544  -52.647  -38.294 0.8999999762
22270  3.040  -51.995  -33.989 0.8000000119
23073  3.730  -51.598  -33.713 0.8000000119
113312  6.870  -52.448  -40.358 0.6000000238
23152  6.800  -51.958  -39.867 0.6000000238
22327  7.403  -52.765  -40.350 0.5000000000
23151  7.267  -51.861  -39.753 0.6000000238
19070  2.251  -56.163  -28.936 0.6999999881
18287  1.154  -55.976  -29.523 0.8000000119
17511  0.788  -57.546  -32.494 0.8000000119
109736  9.387  -54.703  -29.991 0.4000000060
116762  7.950  -56.029  -30.422 0.3000000119
125562  7.666  -56.727  -30.525 0.4000000060
19089  6.736  -56.918  -30.737 0.2000000030
117380  3.320  -59.221  -33.278 0.5000000000
18308  0.871  -56.693  -32.265 0.8000000119
21438  9.122  -53.649  -30.274 0.5000000000
19899  7.663  -55.126  -30.427 0.4000000060
19900  6.628  -55.267  -30.597 0.4000000060
116682  6.222  -56.046  -30.777 0.3000000119
18299  5.436  -57.647  -31.142 0.2000000030
18300  4.643  -57.024  -31.334 0.4000000060
17510  3.370  -58.058  -32.298 0.3000000119
18314  2.854  -57.335  -32.647 0.6000000238
20680  7.508  -53.989  -30.443 0.5000000000
113103  6.077  -54.408  -30.611 0.4000000060
19091  4.682  -56.172  -31.255 0.4000000060
19095  3.881  -56.414  -31.554 0.4000000060
18315  2.078  -57.178  -33.222 0.6000000238
120348  5.421  -55.903  -31.010 0.5000000000
19902  3.560  -54.599  -31.241 0.5000000000
125467  4.550  -51.948  -37.926 0.8999999762
119042  3.650  -51.288  -35.213 1.0000000000
23087  3.541  -51.060  -34.401 1.0000000000
23106  4.270  -50.915  -36.178 1.0000000000
22318  5.429  -52.328  -39.664 0.6999999881
22306  5.060  -51.908  -38.736 0.8000000119
23153  6.156  -52.107  -39.891 0.6999999881
19887  1.631  -55.120  -29.322 0.8000000119
19081  0.609  -55.839  -30.414 0.8000000119
20690  9.752  -53.205  -30.021 0.6000000238
119284  3.714  -57.831  -31.870 0.3000000119
20681  5.080  -54.216  -30.765 0.5000000000
18306  3.523  -57.021  -31.937 0.5000000000
18316  1.317  -57.041  -33.274 0.6999999881
112200  6.916  -54.510  -30.497 0.5000000000
118403  4.687  -51.573  -33.426 0.5000000000
129060  3.459  -51.330  -34.055 0.6999999881
23939  3.991  -50.106  -34.455 0.8999999762
23131  5.073  -51.338  -37.857 0.8999999762
122173  4.450  -51.606  -37.029 0.8999999762
116451  4.101  -50.314  -35.314 1.0000000000
124699  4.410  -49.758  -34.953 0.8999999762
23112  4.967  -50.811  -37.074 1.0000000000
23958  4.849  -50.250  -36.314 1.0000000000
23143  5.985  -51.436  -39.129 0.8000000119
23989  6.172  -50.740  -38.382 0.8999999762
23990  5.637  -50.732  -37.743 1.0000000000
23142  6.720  -51.332  -39.387 0.6000000238
24007  6.600  -50.838  -38.901 0.8000000119
21441  5.972  -52.372  -30.534 0.5000000000
19888  0.688  -54.861  -30.074 0.8000000119
19903  0.540  -54.990  -31.057 0.8000000119
23014  9.961  -50.950  -30.608 0.8000000119
122360  8.428  -51.820  -31.339 0.6999999881
22222  7.675  -52.213  -31.073 0.6000000238
22225  4.569  -51.752  -30.085 0.6999999881
123437  3.302  -52.797  -30.671 0.6999999881
21444  2.216  -52.872  -30.766 0.6999999881
21439  8.103  -53.362  -30.512 0.5000000000
21440  7.060  -52.824  -30.566 0.5000000000
21442  4.880  -52.177  -30.430 0.5000000000
120689  4.390  -52.987  -30.628 0.5000000000
20692  1.337  -53.972  -31.528 0.6000000238
19908  1.429  -54.842  -31.995 0.6999999881
19092  0.626  -55.955  -31.471 0.8000000119
114901  5.480  -53.283  -30.565 0.4000000060
19907  2.456  -54.506  -31.559 0.5000000000
114001  0.912  -55.921  -32.513 0.6999999881
21451  10.261  -53.289  -30.979 0.6000000238
112657  4.627  -55.140  -31.073 0.5000000000
123399  2.373  -55.317  -32.035 0.6000000238
19097  1.611  -55.660  -32.408 0.6000000238
119255  5.187  -50.694  -33.501 0.5000000000
23921  5.730  -49.948  -33.552 0.6999999881
23923  4.215  -49.942  -33.956 0.6999999881
24837  4.704  -49.587  -33.968 0.8999999762
23969  5.484  -50.338  -37.028 1.0000000000
22199  5.106  -51.826  -29.481 0.6999999881
22998  12.052  -51.040  -29.898 0.8999999762
23870  10.582  -50.672  -29.968 0.8999999762
23015  8.528  -50.883  -31.138 0.6000000238
22223  6.588  -51.420  -30.974 0.6000000238
22211  2.337  -52.598  -30.226 0.6999999881
21445  1.442  -52.976  -30.606 0.6999999881
20693  0.851  -53.613  -31.216 0.8000000119
22208  14.205  -52.270  -30.261 0.8999999762
23012  12.169  -51.656  -30.398 0.8999999762
23013  11.438  -51.914  -30.666 0.8999999762
22221  12.221  -52.235  -30.598 0.8000000119
114443  10.711  -51.499  -30.714 0.8999999762
22231  11.402  -52.421  -30.656 0.8000000119
24835  6.204  -49.732  -33.717 0.5000000000
24860  4.504  -49.657  -34.377 0.8999999762
24859  5.034  -49.473  -34.267 0.8999999762
24836  5.308  -49.619  -33.845 0.6999999881
24873  5.094  -49.539  -35.085 0.8999999762
23968  6.114  -50.139  -37.510 1.0000000000
24874  4.887  -49.775  -35.694 1.0000000000
22989  5.922  -51.461  -29.409 0.8000000119
23002  4.880  -51.569  -29.954 0.6999999881
127249  3.892  -51.915  -30.094 0.6999999881
21427  2.647  -52.523  -29.821 0.8000000119
23840  12.499  -51.031  -28.331 0.8000000119
23856  11.182  -50.755  -29.398 0.8000000119
122152  9.704  -50.312  -29.585 0.8000000119
23860  7.254  -50.621  -29.633 0.8000000119
130532  6.071  -51.108  -29.774 0.6999999881
22983  14.182  -51.702  -28.398 0.8999999762
22985  12.625  -51.265  -29.404 0.8000000119
23873  7.399  -50.680  -30.288 0.8000000119
23018  6.254  -51.264  -30.587 0.6999999881
23019  5.473  -51.461  -30.160 0.6999999881
22995  15.619  -52.015  -29.692 0.8000000119
22996  14.707  -52.133  -29.422 0.8999999762
22984  13.320  -51.502  -28.865 0.8000000119
23854  16.992  -50.924  -29.651 0.8999999762
111478  16.241  -51.695  -28.770 0.8999999762
24882  5.693  -49.490  -36.024 1.0000000000
25698  5.614  -49.537  -34.859 1.0000000000
24883  5.564  -49.883  -36.546 1.0000000000
23988  6.807  -50.166  -38.359 0.8000000119
124888  6.628  -49.665  -37.647 1.0000000000
24912  7.147  -49.407  -38.156 0.8000000119
22968  15.647  -51.781  -27.628 0.8999999762
22981  17.044  -51.104  -28.414 0.8999999762
25716  6.299  -49.395  -35.496 1.0000000000
25676  6.565  -49.698  -33.914 0.6999999881
24892  6.812  -49.169  -37.318 1.0000000000
25744  7.041  -48.710  -37.009 1.0000000000
25734  6.495  -49.201  -36.437 1.0000000000
25717  5.991  -49.407  -35.691 1.0000000000
24893  6.242  -49.562  -36.880 1.0000000000
22957  16.893  -51.224  -26.657 0.6999999881
24760  18.136  -50.183  -26.294 0.8000000119
26477  18.849  -47.548  -26.015 0.6000000238
27391  18.070  -46.360  -25.883 0.6000000238
25764  7.327  -48.734  -37.912 0.8000000119
25567  18.322  -48.891  -24.858 0.4000000060
25581  18.725  -48.489  -25.734 0.5000000000
118087  18.011  -46.511  -24.613 0.3000000119
28289  17.419  -45.766  -25.110 0.1000000015
28290  16.358  -45.444  -25.235 0.1000000015
27390  18.486  -47.062  -25.352 0.4000000060
28292  15.034  -45.186  -25.604 0.2000000030
28307  15.658  -45.520  -25.885 0.2000000030
29191  14.303  -44.895  -25.907 0.1000000015
27408  18.186  -46.111  -26.388 0.5000000000
28305  17.462  -45.801  -26.192 0.5000000000
28306  16.503  -45.673  -26.006 0.4000000060
28326  15.120  -45.287  -26.145 0.2000000030
29192  13.341  -44.526  -26.083 0.2000000030
29211  14.597  -44.765  -26.394 0.2000000030
127306  13.904  -44.627  -26.399 0.2000000030
29212  13.337  -44.386  -26.717 0.2000000030
27382  17.800  -46.899  -23.537 0.2000000030
26462  18.167  -47.438  -24.302 0.3000000119
115735  16.819  -45.278  -24.153 0.1000000015
28291  15.608  -45.266  -25.260 0.2000000030
28282  17.393  -45.939  -23.717 0.1000000015
28322  18.442  -45.870  -26.514 0.6000000238
29173  16.025  -44.948  -24.416 0.1000000015
28323  17.632  -45.621  -26.438 0.5000000000
28324  16.773  -45.459  -26.318 0.4000000060
28325  15.887  -45.407  -26.235 0.2000000030
29210  15.452  -44.929  -26.580 0.2000000030
117131  13.966  -44.366  -26.827 0.2000000030
29224  13.291  -44.068  -27.197 0.2000000030
27374  17.370  -46.497  -22.777 0.1000000015
28273  17.021  -45.835  -22.814 0.1000000015
29163  14.828  -44.108  -24.095 0.1000000015
28321  19.224  -46.101  -26.501 0.6999999881
28304  18.203  -45.198  -26.363 0.6999999881
125514  17.028  -45.235  -26.513 0.4000000060
29209  16.329  -45.123  -26.567 0.3000000119
30076  14.742  -44.307  -26.828 0.2000000030
28283  16.772  -45.316  -23.168 0.1000000015
29152  16.355  -44.907  -22.680 0.1000000015
27405  21.700  -46.246  -25.769 0.8999999762
29188  19.975  -44.524  -25.407 0.6000000238
29189  18.933  -44.407  -25.596 0.5000000000
29190  18.001  -44.341  -25.916 0.5000000000
30054  17.775  -43.436  -25.544 0.4000000060
30055  17.109  -43.155  -25.664 0.4000000060
29161  16.309  -44.783  -23.453 0.1000000015
29162  15.601  -44.387  -23.761 0.1000000015
28303  19.055  -45.339  -26.145 0.6000000238
30074  17.024  -44.343  -26.349 0.4000000060
30904  16.366  -43.547  -26.301 0.2000000030
30905  15.746  -42.872  -26.247 0.1000000015
109714  14.939  -43.299  -26.802 0.1000000015
30913  14.337  -42.550  -26.879 0.1000000015
29208  17.531  -45.056  -26.486 0.4000000060
30075  15.581  -43.941  -26.709 0.2000000030
29223  14.002  -43.663  -27.182 0.2000000030
30086  13.215  -43.461  -27.462 0.2000000030
28427  8.468  -45.806  -35.787 0.8000000119
28439  8.382  -45.673  -36.220 0.8000000119
29334  8.587  -45.397  -37.051 0.8000000119
29320  8.755  -44.721  -36.334 0.8000000119
29333  9.127  -45.061  -37.374 0.8000000119
28452  8.990  -45.861  -37.810 0.6999999881
27403  23.337  -46.172  -26.163 1.0000000000
28300  22.438  -45.518  -25.702 1.0000000000
29186  22.214  -44.775  -25.604 1.0000000000
30052  19.809  -43.616  -25.041 0.6000000238
30053  18.775  -43.349  -25.162 0.6000000238
124729  17.624  -42.835  -25.334 0.3000000119
30881  16.512  -42.528  -25.622 0.1000000015
29185  23.566  -45.089  -26.381 1.0000000000
122732  23.057  -45.065  -25.867 1.0000000000
31689  15.116  -42.201  -26.275 0.1000000015
26516  23.923  -46.877  -27.108 1.0000000000
28319  23.750  -45.760  -26.614 1.0000000000
29293  9.325  -43.665  -34.688 0.6999999881
29306  8.891  -44.339  -34.954 0.6999999881
30179  8.810  -44.265  -35.502 0.8000000119
29332  9.890  -44.747  -37.698 0.6000000238
30051  20.873  -43.684  -25.193 0.6000000238
124388  20.529  -43.003  -25.037 0.6000000238
30880  19.126  -42.268  -24.900 0.5000000000
114669  18.191  -42.605  -25.107 0.4000000060
111835  17.441  -42.208  -25.192 0.1000000015
31669  16.718  -41.479  -25.252 0.1000000015
125248  15.994  -41.170  -25.366 0.1000000015
117897  23.057  -44.535  -25.980 1.0000000000
121714  22.063  -43.882  -25.559 0.8000000119
30877  21.437  -42.874  -25.414 0.6999999881
30882  15.849  -41.909  -25.609 0.1000000015
29205  23.814  -45.248  -26.771 1.0000000000
29206  23.764  -44.836  -26.859 1.0000000000
120019  24.346  -46.281  -28.079 0.8999999762
28341  24.237  -45.972  -28.169 1.0000000000
30165  9.701  -43.085  -34.609 0.6000000238
30196  9.057  -43.767  -35.935 0.8000000119
30166  9.400  -43.176  -34.824 0.6999999881
30207  9.364  -44.177  -36.869 0.8000000119
30206  10.103  -43.733  -37.192 0.6000000238
29344  10.037  -45.456  -38.187 0.5000000000
32396  18.252  -40.587  -25.208 0.3000000119
32397  17.258  -40.531  -25.257 0.2000000030
32398  16.481  -40.773  -25.301 0.1000000015
30878  20.531  -42.338  -25.132 0.6000000238
30879  19.917  -42.032  -24.879 0.5000000000
31668  17.634  -41.248  -25.121 0.3000000119
30876  22.363  -43.302  -25.775 0.6999999881
30903  21.045  -42.007  -25.659 0.6000000238
31666  20.379  -41.544  -25.260 0.5000000000
29207  23.937  -44.699  -26.438 0.8000000119
30901  22.718  -43.307  -26.562 0.6999999881
30902  21.901  -42.570  -25.972 0.6000000238
29222  24.189  -44.914  -26.910 1.0000000000
30085  23.391  -44.446  -26.859 0.8999999762
29237  24.178  -44.848  -27.932 0.6999999881
30098  23.544  -44.623  -27.723 0.6999999881
31805  10.580  -41.941  -36.260 0.8000000119
121834  10.094  -42.488  -34.678 0.6000000238
30996  9.447  -42.950  -35.425 0.6999999881
126859  9.947  -42.561  -36.039 0.6000000238
30195  9.672  -43.305  -36.387 0.6999999881
31020  10.354  -42.857  -36.735 0.6999999881
31794  11.105  -40.971  -36.207 0.6999999881
31804  11.246  -41.664  -36.783 0.6999999881
31803  11.777  -40.983  -37.019 0.3000000119
32395  19.169  -40.698  -25.233 0.4000000060
33136  18.838  -39.913  -25.508 0.4000000060
33137  17.967  -39.814  -25.423 0.4000000060
31687  20.733  -41.079  -26.025 0.6000000238
31688  20.037  -40.799  -25.504 0.4000000060
30912  21.918  -42.484  -26.683 0.6000000238
31695  21.543  -41.937  -27.312 0.6000000238
31696  20.913  -41.257  -27.090 0.6000000238
115531  22.950  -43.763  -27.526 0.6999999881
31705  21.131  -41.336  -28.149 0.6999999881
30097  24.095  -44.224  -28.638 0.6999999881
129040  23.124  -43.989  -28.288 0.6999999881
30921  22.494  -42.992  -28.448 0.6999999881
30120  23.419  -44.238  -29.582 0.6999999881
30958  18.273  -42.932  -33.077 0.5000000000
30959  17.541  -42.973  -33.080 0.3000000119
31746  16.952  -42.236  -33.960 0.4000000060
30995  10.078  -42.040  -35.372 0.6999999881
30976  16.362  -42.408  -34.233 0.5000000000
31760  15.884  -41.927  -34.878 0.6000000238
128470  14.617  -42.422  -35.020 0.5000000000
30982  10.246  -41.893  -34.900 0.8000000119
32480  11.683  -40.150  -34.651 0.4000000060
31764  10.692  -41.035  -34.862 0.8000000119
31777  10.491  -41.161  -35.115 0.6999999881
32514  11.495  -40.305  -36.393 0.5000000000
33277  12.766  -39.559  -37.352 0.3000000119
33159  18.512  -39.220  -25.860 0.2000000030
34080  17.710  -39.132  -25.702 0.2000000030
32413  20.254  -40.390  -26.089 0.3000000119
33158  19.274  -39.427  -26.160 0.3000000119
32419  20.507  -40.486  -26.805 0.4000000060
32420  19.891  -39.936  -26.634 0.4000000060
115377  20.667  -40.724  -27.688 0.4000000060
31704  21.987  -42.164  -29.117 0.6000000238
30946  22.902  -42.453  -30.394 0.6999999881
30937  22.572  -42.768  -29.497 0.6000000238
30955  21.449  -42.413  -33.048 0.6000000238
30956  20.429  -42.968  -33.299 0.3000000119
30965  18.832  -42.310  -33.456 0.5000000000
30966  17.875  -42.298  -33.522 0.4000000060
31745  17.207  -42.580  -33.503 0.4000000060
31759  16.654  -41.798  -34.498 0.5000000000
31758  17.250  -41.685  -34.266 0.4000000060
32478  17.021  -41.188  -34.830 0.4000000060
31773  16.285  -41.342  -35.224 0.4000000060
31774  15.416  -41.264  -35.483 0.5000000000
31761  14.954  -41.902  -35.196 0.5000000000
32496  13.501  -40.268  -35.344 0.4000000060
32497  10.907  -40.583  -35.442 0.6999999881
111949  10.597  -41.312  -35.646 0.6000000238
33226  12.409  -39.118  -34.689 0.5000000000
32481  11.098  -40.239  -34.833 0.6999999881
33229  11.112  -39.752  -34.953 0.6000000238
33227  11.830  -39.313  -34.572 0.5000000000
33228  11.325  -39.488  -34.789 0.5000000000
118366  11.333  -39.321  -35.488 0.5000000000
115893  11.516  -39.527  -36.088 0.5000000000
34081  16.906  -38.966  -25.631 0.2000000030
34100  18.187  -38.705  -26.160 0.2000000030
125697  16.809  -38.243  -26.008 0.2000000030
33169  18.862  -38.732  -26.723 0.3000000119
110351  18.155  -38.258  -26.745 0.2000000030
34961  17.478  -37.901  -26.580 0.1000000015
34970  17.326  -37.356  -27.042 0.1000000015
32430  20.239  -39.943  -27.711 0.4000000060
33168  19.537  -39.302  -27.221 0.4000000060
34112  18.677  -38.204  -27.624 0.2000000030
34113  18.018  -37.768  -27.418 0.1000000015
34979  18.550  -37.732  -28.446 0.2000000030
125289  21.511  -41.628  -28.861 0.5000000000
32429  20.681  -40.563  -28.538 0.5000000000
31721  22.325  -41.949  -29.941 0.6999999881
31722  21.722  -41.468  -29.566 0.6000000238
32428  21.210  -41.022  -29.098 0.5000000000
32444  20.865  -40.323  -29.421 0.4000000060
31727  23.163  -42.132  -31.109 0.6999999881
31728  22.856  -41.589  -30.699 0.6000000238
31732  23.068  -41.940  -31.774 0.8000000119
31736  22.867  -41.874  -32.198 0.6999999881
31738  21.932  -41.552  -32.929 0.5000000000
30963  20.921  -41.973  -33.326 0.6000000238
116706  19.467  -41.760  -33.712 0.4000000060
31744  18.678  -41.585  -33.946 0.4000000060
32477  17.709  -40.975  -34.644 0.5000000000
32492  17.328  -40.611  -35.234 0.5000000000
117755  15.917  -40.801  -35.791 0.4000000060
32494  15.123  -40.363  -35.993 0.4000000060
32495  14.111  -39.949  -35.648 0.5000000000
33238  17.130  -39.912  -35.983 0.5000000000
32513  16.101  -40.164  -36.307 0.5000000000
33260  15.355  -39.359  -36.453 0.5000000000
33261  14.538  -38.943  -36.077 0.5000000000
117331  13.985  -39.080  -35.596 0.5000000000
34182  13.381  -38.528  -35.221 0.5000000000
123536  11.929  -38.599  -34.514 0.4000000060
35043  13.123  -37.749  -34.935 0.4000000060
116135  12.339  -37.355  -34.533 0.4000000060
35026  11.545  -37.465  -34.778 0.5000000000
33263  11.465  -38.602  -35.511 0.5000000000
34202  11.735  -38.123  -35.875 0.4000000060
35081  12.754  -37.580  -36.699 0.4000000060
35079  14.113  -37.107  -37.786 0.2000000030
34101  17.552  -38.482  -26.061 0.2000000030
128046  19.232  -38.694  -27.867 0.3000000119
33175  20.331  -39.762  -28.845 0.4000000060
33176  19.744  -39.244  -28.308 0.3000000119
34119  19.433  -38.589  -28.795 0.3000000119
131605  19.027  -38.236  -28.434 0.2000000030
35814  17.344  -36.678  -28.333 0.1000000015
33190  19.949  -39.018  -29.216 0.3000000119
34120  19.123  -38.020  -29.096 0.2000000030
34980  18.176  -37.169  -28.840 0.1000000015
111696  17.882  -36.738  -29.148 0.1000000015
32442  22.288  -41.124  -30.264 0.6000000238
32443  21.545  -40.741  -29.869 0.5000000000
32449  22.804  -40.756  -30.959 0.6000000238
32453  22.846  -41.170  -32.140 0.5000000000
31737  22.581  -41.546  -32.459 0.5000000000
32458  22.087  -40.631  -33.057 0.5000000000
31742  21.348  -41.080  -33.430 0.5000000000
115614  20.753  -40.668  -33.890 0.4000000060
32464  19.753  -41.124  -34.060 0.5000000000
32476  19.126  -40.728  -34.412 0.5000000000
33224  19.467  -39.835  -34.793 0.4000000060
33225  18.535  -40.377  -34.823 0.5000000000
32491  17.944  -40.135  -35.357 0.5000000000
33237  17.974  -39.250  -35.977 0.6000000238
33258  17.267  -39.041  -36.519 0.5000000000
33259  16.411  -39.261  -36.685 0.5000000000
34201  14.909  -38.370  -36.325 0.5000000000
34181  14.034  -38.190  -35.570 0.5000000000
35065  14.491  -37.455  -35.877 0.5000000000
35042  13.600  -37.177  -35.148 0.5000000000
128043  12.822  -36.998  -34.656 0.3000000119
35024  12.214  -36.540  -34.540 0.4000000060
35044  11.539  -36.793  -35.092 0.4000000060
35067  12.017  -37.331  -35.815 0.3000000119
34214  13.198  -38.166  -37.276 0.2000000030
35066  12.702  -36.828  -36.478 0.2000000030
35915  14.159  -36.341  -37.641 0.2000000030
114585  13.487  -35.759  -36.984 0.2000000030
36854  14.223  -35.477  -37.553 0.2000000030
33189  20.558  -39.511  -29.694 0.3000000119
34133  19.572  -38.331  -29.476 0.3000000119
34134  19.194  -37.753  -29.635 0.2000000030
126569  18.816  -37.351  -29.753 0.1000000015
35828  17.961  -36.573  -29.696 0.1000000015
33188  21.373  -39.930  -30.097 0.5000000000
34132  20.158  -38.645  -29.839 0.3000000119
34139  19.664  -37.936  -29.874 0.2000000030
35002  19.108  -37.325  -30.037 0.2000000030
109699  18.518  -36.910  -29.978 0.1000000015
32450  22.192  -40.343  -30.502 0.5000000000
33195  21.156  -38.929  -30.323 0.4000000060
35837  18.749  -36.458  -30.369 0.1000000015
33194  22.631  -40.076  -31.109 0.5000000000
111877  22.102  -39.561  -30.748 0.4000000060
113571  21.447  -38.174  -30.787 0.4000000060
32454  22.813  -40.369  -31.778 0.4000000060
33199  22.586  -39.500  -31.546 0.4000000060
118680  22.603  -39.516  -32.233 0.4000000060
121717  22.460  -40.997  -32.610 0.4000000060
32462  22.160  -39.791  -33.135 0.5000000000
32463  21.584  -40.207  -33.570 0.5000000000
33208  21.038  -39.808  -34.120 0.5000000000
32475  20.132  -40.267  -34.371 0.5000000000
33236  18.849  -39.375  -35.401 0.6000000238
34179  19.423  -38.488  -35.619 0.5000000000
34198  17.861  -38.399  -36.549 0.4000000060
35062  17.623  -37.542  -37.014 0.4000000060
34200  15.786  -38.476  -36.848 0.5000000000
35063  16.638  -37.155  -37.155 0.4000000060
35064  15.318  -37.654  -36.521 0.5000000000
35882  14.101  -36.416  -35.370 0.4000000060
35883  12.958  -36.331  -34.702 0.3000000119
35862  12.233  -35.802  -34.697 0.3000000119
36799  11.891  -36.041  -34.748 0.3000000119
35884  11.744  -36.059  -34.937 0.3000000119
35901  12.018  -36.326  -35.502 0.3000000119
35881  14.327  -35.441  -35.369 0.3000000119
114231  13.113  -35.451  -34.783 0.3000000119
36821  12.154  -35.530  -34.903 0.3000000119
37729  12.599  -34.680  -35.190 0.3000000119
127272  12.974  -35.351  -36.472 0.2000000030
35900  12.679  -35.852  -36.263 0.3000000119
36855  13.309  -34.895  -36.665 0.2000000030
35000  20.433  -38.003  -30.329 0.3000000119
118023  19.746  -37.485  -30.145 0.2000000030
35001  20.352  -37.103  -30.539 0.4000000060
35836  19.536  -36.826  -30.350 0.2000000030
34144  22.072  -38.769  -31.159 0.4000000060
35007  21.241  -37.440  -30.916 0.4000000060
111547  20.264  -36.251  -30.745 0.2000000030
35843  19.440  -35.988  -30.648 0.2000000030
34143  22.578  -38.741  -31.988 0.4000000060
34147  22.408  -38.071  -32.541 0.4000000060
113585  22.396  -39.458  -32.742 0.5000000000
33207  21.723  -39.342  -33.697 0.5000000000
33222  21.211  -38.968  -34.308 0.5000000000
33223  20.392  -39.401  -34.627 0.5000000000
34166  20.596  -38.611  -34.838 0.5000000000
127772  20.113  -38.322  -35.328 0.5000000000
34180  18.669  -38.551  -36.048 0.5000000000
34197  18.597  -37.661  -36.531 0.4000000060
129384  17.380  -36.854  -37.234 0.3000000119
35898  16.063  -36.223  -36.723 0.3000000119
36838  16.138  -35.505  -36.587 0.3000000119
37727  13.193  -33.455  -34.986 0.3000000119
36841  12.183  -35.510  -35.267 0.3000000119
37753  13.369  -33.981  -36.566 0.2000000030
35006  22.090  -37.912  -31.606 0.4000000060
35842  21.155  -36.577  -31.243 0.3000000119
35011  22.242  -37.293  -32.341 0.4000000060
125500  21.520  -36.035  -31.915 0.4000000060
36775  20.889  -35.770  -31.480 0.2000000030
33206  22.170  -38.979  -33.197 0.4000000060
126702  22.271  -37.408  -33.066 0.4000000060
35847  22.214  -36.686  -32.901 0.4000000060
34152  21.806  -38.385  -33.844 0.4000000060
109524  21.989  -37.486  -33.693 0.4000000060
112741  21.546  -37.568  -34.373 0.4000000060
35038  21.317  -36.845  -34.939 0.4000000060
34165  21.232  -38.251  -34.479 0.5000000000
35039  20.489  -36.930  -35.492 0.4000000060
34178  19.855  -37.681  -35.681 0.4000000060
35040  19.313  -37.419  -36.180 0.4000000060
35896  19.077  -36.844  -36.549 0.4000000060
35897  18.198  -36.753  -37.090 0.3000000119
35913  17.441  -36.228  -37.250 0.3000000119
38578  12.991  -33.224  -35.180 0.3000000119
39405  13.214  -31.485  -35.688 0.1000000015
38592  12.899  -33.235  -35.684 0.1000000015
38603  13.581  -33.097  -36.576 0.2000000030
125195  21.512  -35.365  -32.376 0.2000000030
36784  20.726  -35.047  -31.827 0.2000000030
116622  22.073  -36.728  -33.573 0.4000000060
35854  22.110  -36.062  -33.399 0.3000000119
129778  22.048  -35.504  -33.078 0.3000000119
35022  21.803  -36.734  -34.227 0.4000000060
35880  20.188  -36.167  -35.771 0.3000000119
35879  20.944  -36.231  -35.307 0.3000000119
119804  19.738  -36.869  -35.996 0.3000000119
112527  19.515  -36.168  -36.327 0.3000000119
36835  19.271  -35.552  -36.597 0.3000000119
36791  21.940  -34.804  -33.209 0.3000000119
35861  22.021  -36.023  -34.035 0.4000000060
36797  22.098  -35.323  -33.785 0.3000000119
131656  21.946  -35.526  -34.217 0.3000000119
36798  21.913  -34.970  -34.298 0.3000000119
36815  21.611  -35.806  -34.707 0.3000000119
38573  21.285  -33.707  -35.029 0.3000000119
36816  20.711  -35.358  -35.465 0.3000000119
37724  20.771  -34.463  -35.414 0.3000000119
36817  19.849  -35.443  -36.091 0.3000000119
119971  19.708  -34.048  -36.196 0.3000000119
37723  21.440  -34.725  -34.906 0.3000000119
120590  20.364  -33.844  -35.677 0.2000000030
745  7.741  -87.964  -35.594 1.0000000000
2456  1.862  -82.897  -44.612 0.4000000060
2449  2.319  -82.306  -44.148 0.3000000119
2876  1.491  -81.196  -43.563 0.5000000000
3319  1.923  -80.694  -43.337 0.4000000060
3777  1.134  -79.312  -42.191 0.4000000060
2426  0.428  -82.247  -41.885 0.6999999881
4699  0.984  -77.827  -41.690 0.4000000060
3747  0.718  -79.572  -41.062 0.6000000238
4790  15.665  -77.847  -49.220 0.8999999762
4766  15.131  -77.516  -47.638 0.8999999762
5269  15.331  -76.139  -46.414 0.8000000119
4270  14.722  -78.226  -47.757 0.8999999762
5270  14.319  -76.073  -46.510 0.8000000119
3854  14.302  -79.195  -51.764 0.8000000119
3845  14.982  -79.178  -51.099 0.8999999762
4326  14.217  -78.427  -52.437 0.8000000119
5835  11.924  -74.622  -46.893 0.8999999762
3865  12.894  -78.793  -53.484 0.8999999762
4847  18.768  -77.102  -56.363 0.6999999881
5369  17.273  -75.374  -57.595 0.8000000119
4846  20.144  -77.252  -56.867 0.6000000238
5368  19.301  -75.725  -57.535 0.6000000238
5938  16.602  -74.430  -57.738 0.8000000119
4849  16.712  -77.494  -56.261 0.8000000119
5359  16.300  -76.846  -57.072 0.8000000119
121215  19.063  -76.219  -57.497 0.6999999881
14719  6.070  -61.963  -44.161 1.0000000000
16147  7.394  -61.238  -42.128 1.0000000000
16930  4.749  -58.964  -45.549 0.5000000000
16893  5.580  -58.650  -43.368 0.8999999762
16874  5.805  -58.483  -42.463 1.0000000000
16856  7.631  -59.641  -40.246 0.8999999762
16114  8.116  -60.299  -40.705 1.0000000000
16099  8.496  -60.161  -39.698 0.8999999762
20679  8.460  -54.417  -30.340 0.5000000000
21453  8.745  -52.889  -31.027 0.6000000238
280  8.964  -90.237  -28.978 0.8000000119
0  11.480  -91.455  -29.973 0.6999999881
126734  11.808  -91.935  -30.549 0.8000000119
448  10.004  -87.896  -28.980 0.8999999762
418  14.790  -88.553  -25.214 0.8999999762
638  14.129  -88.268  -25.421 1.0000000000
649  12.760  -87.815  -26.661 1.0000000000
435  12.011  -88.302  -26.994 1.0000000000
277  15.072  -89.425  -28.060 0.8999999762
163  13.871  -89.951  -27.665 0.8999999762
272  12.736  -89.611  -26.762 0.8999999762
81  11.941  -91.165  -29.174 0.8999999762
18  12.772  -92.236  -33.016 0.4000000060
121166  14.241  -91.486  -36.641 0.3000000119
129  13.838  -91.508  -37.243 0.2000000030
339  16.000  -90.049  -39.077 0.2000000030
143  13.855  -91.171  -39.673 0.2000000030
110818  15.055  -86.761  -25.455 0.8000000119
657  12.757  -86.841  -27.656 0.8999999762
667  15.899  -88.370  -28.857 1.0000000000
441  15.708  -89.155  -28.838 0.8999999762
281  17.625  -89.008  -30.250 0.8999999762
169  15.548  -89.571  -28.872 0.8999999762
176  16.105  -89.707  -29.600 0.8999999762
66  13.888  -90.433  -28.286 0.8999999762
78  15.172  -90.510  -29.430 0.8999999762
68  12.541  -90.462  -27.750 0.8999999762
287  18.015  -89.159  -30.673 0.8999999762
180  17.851  -89.372  -30.809 0.8999999762
182  16.501  -89.917  -30.174 0.8999999762
77  15.817  -90.177  -29.806 0.8999999762
79  13.802  -91.128  -29.505 0.8999999762
80  12.880  -91.179  -29.303 0.8999999762
184  17.759  -89.740  -31.285 0.8999999762
126773  17.166  -90.059  -31.271 0.8000000119
87  16.026  -90.386  -30.544 0.6999999881
113512  16.616  -90.308  -31.737 0.6999999881
122980  15.567  -90.793  -30.939 0.6999999881
114725  14.844  -91.107  -30.992 0.6999999881
132023  13.994  -91.251  -30.056 0.8999999762
305  17.758  -89.649  -33.768 0.8000000119
304  18.444  -89.328  -33.355 0.8000000119
190  16.613  -90.337  -32.562 0.8000000119
104  16.271  -90.564  -33.257 0.6999999881
101  15.076  -91.077  -32.582 0.6000000238
102  14.293  -91.478  -32.783 0.5000000000
17  13.622  -91.871  -33.066 0.5000000000
313  17.817  -89.534  -34.642 0.6999999881
312  18.613  -89.084  -34.816 0.6000000238
111  15.944  -90.882  -34.108 0.6999999881
106  14.806  -91.272  -33.382 0.5000000000
122200  15.246  -91.180  -33.941 0.5000000000
112  14.553  -91.447  -34.151 0.4000000060
26  13.211  -92.078  -33.811 0.3000000119
124  14.546  -91.475  -35.752 0.4000000060
217  16.342  -90.351  -37.078 0.5000000000
332  16.638  -90.055  -37.815 0.4000000060
536  18.128  -88.039  -39.673 0.5000000000
226  16.185  -90.186  -38.393 0.3000000119
240  14.988  -90.088  -40.436 0.2000000030
1285  12.015  -85.130  -30.244 1.0000000000
1230  16.242  -85.896  -25.541 0.6999999881
666  16.593  -87.473  -28.145 0.8999999762
1253  14.759  -85.391  -27.559 0.8000000119
457  16.234  -88.089  -29.490 1.0000000000
682  18.605  -87.823  -31.060 1.0000000000
466  19.310  -88.404  -31.224 0.8999999762
295  19.251  -89.016  -32.036 0.8999999762
128975  20.619  -88.285  -32.761 0.8999999762
303  19.244  -89.023  -32.942 0.8000000119
480  20.974  -88.168  -33.467 0.8999999762
113556  19.157  -88.650  -35.955 0.6000000238
755  20.118  -87.918  -36.785 0.6999999881
790  19.448  -87.428  -39.364 0.5000000000
113689  7.659  -88.331  -36.379 0.8999999762
511  7.785  -88.463  -37.362 0.8999999762
223  7.133  -90.205  -38.258 0.6999999881
342  7.749  -89.091  -38.981 0.8999999762
115022  18.692  -87.255  -27.275 0.8000000119
644  18.730  -87.651  -25.544 0.6999999881
684  16.465  -87.337  -29.948 0.8999999762
960  16.957  -86.602  -30.574 0.8999999762
789  20.035  -87.176  -39.671 0.5000000000
1015  8.740  -86.748  -37.115 1.0000000000
52  6.534  -91.924  -36.515 0.3000000119
147  7.598  -90.888  -39.650 0.4000000060
2315  13.630  -82.669  -32.613 0.8999999762
931  19.527  -87.108  -27.358 0.8000000119
1283  17.828  -85.516  -30.957 0.8000000119
158  7.922  -90.645  -41.615 0.4000000060
978  21.732  -86.681  -32.431 0.8000000119
702  22.360  -86.750  -32.801 0.8000000119
1084  20.624  -86.519  -43.134 0.5000000000
831  18.619  -87.134  -44.653 0.5000000000
1120  18.525  -86.485  -46.186 0.5000000000
117315  18.907  -86.454  -46.931 0.5000000000
265  6.019  -89.569  -42.805 0.8000000119
117792  19.957  -85.426  -29.493 0.8000000119
9010  3.838  -69.347  -55.707 0.5000000000
1434  21.816  -85.807  -46.367 0.5000000000
1589  19.235  -84.346  -31.102 0.8000000119
1604  19.061  -84.400  -32.438 0.8000000119
1614  20.442  -84.286  -33.452 0.8000000119
1010  24.520  -86.300  -36.812 1.0000000000
1028  25.046  -86.398  -38.598 0.8999999762
1039  25.135  -86.324  -39.275 0.8999999762
9669  6.764  -70.174  -51.622 0.6999999881
8978  6.249  -70.446  -53.171 0.6999999881
1378  25.282  -85.681  -41.660 0.8999999762
128538  22.705  -85.750  -43.846 0.8999999762
117203  24.234  -85.147  -43.707 0.8999999762
1715  24.795  -84.533  -43.716 0.8999999762
1742  23.499  -84.567  -46.534 0.8000000119
1936  19.493  -83.605  -32.453 0.8000000119
10441  7.150  -68.896  -50.176 0.8000000119
1377  25.852  -84.989  -41.444 0.8999999762
1714  25.457  -84.016  -43.336 0.8000000119
9717  7.476  -70.043  -56.811 0.8999999762
2092  22.738  -84.136  -49.025 0.6000000238
1748  23.288  -84.177  -47.212 0.6999999881
1732  1.784  -83.936  -44.790 0.6000000238
1971  21.901  -82.899  -36.203 0.8999999762
2054  25.699  -83.252  -43.485 0.8000000119
2055  25.438  -83.333  -44.040 0.8000000119
117023  18.154  -83.118  -49.186 0.8999999762
2096  18.482  -83.573  -48.804 0.8000000119
2899  23.577  -82.131  -47.471 0.6000000238
2880  25.734  -81.687  -45.724 0.6000000238
2457  26.096  -82.066  -45.348 0.6999999881
1758  18.852  -84.389  -49.349 0.6999999881
13378  7.812  -64.465  -49.522 1.0000000000
10478  8.125  -68.699  -55.122 0.8999999762
2907  18.776  -81.786  -48.567 0.8000000119
3327  25.528  -80.793  -45.212 0.5000000000
7147  7.214  -73.373  -54.911 0.6999999881
113897  1.612  -81.981  -44.065 0.5000000000
3364  19.444  -80.739  -49.249 0.8000000119
2890  19.643  -81.639  -47.170 0.8000000119
2496  19.395  -83.321  -52.006 1.0000000000
119742  0.566  -80.810  -41.807 0.6999999881
2871  0.722  -81.106  -43.070 0.6000000238
3312  2.297  -80.362  -43.003 0.2000000030
3296  3.068  -80.035  -41.690 0.2000000030
120802  3.329  -81.721  -41.652 0.1000000015
3836  20.983  -80.268  -50.114 0.6999999881
5915  6.013  -76.255  -53.891 0.6000000238
5898  7.218  -75.234  -51.995 0.8999999762
3298  0.704  -80.086  -41.863 0.6999999881
3762  0.887  -79.280  -41.947 0.4000000060
11178  4.581  -66.101  -50.436 0.6999999881
3825  19.761  -80.018  -48.906 0.6999999881
7131  7.901  -73.489  -52.817 0.8999999762
119518  17.370  -81.132  -55.723 0.6999999881
16202  7.650  -60.597  -48.593 0.8999999762
15459  8.293  -61.728  -47.467 0.8999999762
3814  20.202  -79.360  -48.750 0.6000000238
7752  9.784  -72.844  -54.950 0.8999999762
14109  11.156  -63.299  -52.907 0.8000000119
4337  20.432  -79.065  -53.123 0.6999999881
4832  19.230  -78.364  -54.408 0.8999999762
2958  14.103  -80.903  -56.704 0.4000000060
16945  12.048  -58.913  -47.820 0.6999999881
117399  12.936  -58.963  -47.794 0.5000000000
14028  9.323  -63.288  -45.475 1.0000000000
14809  11.595  -62.509  -52.574 0.8000000119
5875  17.057  -75.592  -49.406 0.8000000119
4779  16.183  -76.940  -48.877 0.8999999762
4343  20.718  -78.388  -53.441 0.6999999881
5929  18.318  -74.851  -57.407 0.6000000238
4280  15.169  -78.162  -48.236 0.8999999762
4767  14.496  -77.703  -47.471 0.8000000119
124916  11.891  -67.287  -56.245 0.8000000119
5357  17.966  -76.279  -57.199 0.8000000119
5358  17.007  -76.514  -57.020 0.8000000119
123238  18.211  -75.419  -57.541 0.6999999881
6549  16.307  -73.705  -56.359 0.6999999881
4797  15.749  -77.850  -50.260 0.8000000119
4281  14.699  -78.859  -48.060 0.8999999762
3808  14.083  -79.328  -47.872 0.8999999762
4768  13.382  -78.030  -47.557 0.8999999762
4295  10.666  -78.602  -50.299 0.8999999762
4282  12.258  -78.406  -48.786 0.8999999762
4799  10.910  -77.252  -51.126 0.8999999762
4798  11.346  -76.869  -50.444 1.0000000000
3837  15.226  -79.156  -50.160 0.8999999762
3355  13.477  -80.428  -48.782 0.8000000119
4296  10.065  -79.205  -50.142 0.6999999881
4325  14.789  -77.879  -52.027 0.8000000119
3379  13.817  -80.407  -50.496 0.8999999762
124037  12.971  -80.810  -49.417 0.8999999762
124039  13.028  -80.856  -50.183 0.8999999762
109051  12.300  -80.602  -48.623 0.8999999762
109031  12.319  -81.065  -49.139 0.8999999762
3868  10.272  -79.691  -54.554 0.6000000238
3731  0.629  -79.590  -39.386 0.8999999762
18509  15.033  -57.052  -48.577 0.4000000060
111413  11.449  -56.859  -47.316 0.6000000238
18485  9.230  -57.349  -46.865 0.8999999762
16929  7.698  -59.023  -45.671 0.8999999762
17700  15.194  -57.893  -48.955 0.4000000060
13334  6.201  -64.233  -45.096 1.0000000000
13418  13.963  -64.934  -55.164 0.5000000000
5906  17.572  -75.195  -52.696 0.6000000238
5301  13.121  -76.359  -48.871 0.8000000119
4781  13.469  -77.044  -47.771 0.8000000119
113185  13.263  -67.170  -56.177 0.6999999881
4791  12.547  -76.682  -49.406 0.8999999762
5310  11.933  -76.422  -49.835 1.0000000000
5311  11.257  -76.150  -50.209 1.0000000000
5317  10.137  -76.064  -51.091 1.0000000000
5370  16.212  -75.583  -57.508 0.8000000119
4813  14.582  -77.642  -52.978 0.6999999881
4822  14.859  -76.803  -53.362 0.8000000119
131987  13.768  -79.060  -52.363 0.8999999762
7744  10.692  -72.409  -53.806 0.8000000119
3775  2.002  -78.987  -42.301 0.2000000030
111115  17.369  -53.958  -46.979 0.2000000030
13998  9.088  -63.221  -44.109 1.0000000000
6522  18.376  -74.826  -52.919 0.6000000238
5914  16.842  -75.123  -53.367 0.6999999881
5361  13.821  -75.718  -57.163 0.8000000119
5337  14.449  -76.365  -54.274 0.8000000119
124830  13.908  -77.986  -53.482 0.8999999762
4327  13.566  -78.672  -53.104 0.8000000119
7750  12.033  -72.305  -54.985 0.8000000119
4843  12.804  -77.030  -56.595 0.6999999881
3761  2.680  -79.142  -41.880 0.2000000030
3746  3.189  -79.456  -41.053 0.2000000030
116071  1.577  -76.900  -41.578 0.3000000119
20841  13.988  -55.149  -47.473 0.3000000119
20063  11.487  -56.352  -46.764 0.6000000238
19253  9.148  -57.162  -45.113 0.8999999762
16162  9.918  -61.193  -43.114 0.8999999762
14716  8.825  -62.888  -43.427 1.0000000000
111050  5.496  -61.346  -45.906 0.8999999762
5167  0.924  -76.450  -35.691 0.8999999762
122930  1.029  -74.690  -37.407 0.8000000119
21613  17.207  -53.242  -47.607 0.2000000030
14699  8.470  -62.522  -42.818 1.0000000000
15402  7.100  -61.777  -42.805 1.0000000000
15417  5.684  -61.073  -44.232 1.0000000000
14767  18.611  -61.845  -49.482 0.4000000060
16164  5.520  -59.902  -44.537 0.8999999762
116151  1.072  -74.446  -35.722 0.8000000119
16892  6.184  -59.490  -42.650 1.0000000000
16163  5.841  -60.647  -43.637 1.0000000000
6330  1.224  -74.180  -34.366 0.8999999762
6963  1.448  -73.161  -35.311 0.8000000119
6948  1.567  -73.517  -34.367 0.8000000119
124504  12.559  -54.391  -46.427 0.4000000060
18460  12.342  -57.543  -44.176 0.6999999881
16128  6.980  -60.141  -42.032 1.0000000000
16148  6.427  -60.690  -42.830 1.0000000000
17634  11.344  -58.753  -43.202 0.8999999762
16145  10.736  -60.394  -41.871 0.8999999762
7576  3.204  -72.154  -35.367 0.8999999762
16870  11.749  -59.591  -40.899 0.8999999762
8874  2.107  -70.761  -40.172 0.4000000060
20823  12.422  -54.291  -45.855 0.6000000238
111482  13.288  -55.997  -43.927 0.6999999881
17633  12.175  -58.727  -42.330 0.8999999762
20822  12.694  -54.299  -45.092 0.4000000060
20802  13.108  -54.143  -43.710 0.4000000060
20032  13.179  -55.193  -43.470 0.6000000238
19206  12.648  -56.836  -41.968 0.6999999881
20018  12.542  -55.444  -42.653 0.6999999881
20793  11.565  -54.605  -42.879 0.5000000000
20019  11.565  -55.536  -42.292 0.6999999881
17616  12.526  -58.102  -41.916 0.8999999762
17601  12.304  -58.153  -41.198 0.8999999762
17602  11.850  -58.889  -40.530 0.8999999762
19195  10.298  -56.760  -40.939 0.6999999881
16816  9.481  -59.564  -37.513 0.8999999762
16824  7.941  -59.477  -38.387 0.8999999762
17589  10.168  -58.160  -38.686 0.8999999762
17590  6.596  -58.515  -39.463 1.0000000000
17604  6.439  -58.576  -40.439 1.0000000000
18395  9.832  -57.551  -39.283 0.8999999762
17552  8.552  -58.529  -36.531 0.8999999762
17667  4.134  -58.330  -44.765 0.5000000000
16922  3.640  -58.884  -45.026 0.3000000119
18371  9.016  -57.355  -37.443 0.8999999762
17591  5.898  -58.002  -39.837 0.8999999762
16911  3.437  -58.192  -44.221 0.3000000119
19957  8.017  -56.013  -37.201 0.8999999762
11760  3.297  -66.388  -36.236 0.8999999762
12536  2.542  -65.461  -37.360 0.8999999762
111967  1.972  -64.762  -39.225 0.5000000000
13242  1.431  -63.736  -36.979 0.8000000119
21502  6.227  -53.654  -36.486 1.0000000000
13947  1.306  -62.184  -37.999 0.6000000238
21490  5.016  -53.420  -35.656 1.0000000000
120287  2.587  -53.833  -34.391 0.8000000119
20706  2.655  -54.075  -33.912 0.6999999881
19135  2.491  -55.840  -36.379 0.5000000000
22255  3.373  -52.654  -33.612 0.8000000119
20705  3.472  -54.238  -33.463 0.6000000238
22285  3.136  -51.964  -34.442 1.0000000000
16771  0.804  -58.351  -32.552 0.8000000119
20704  4.705  -54.352  -33.160 0.6999999881
17518  0.974  -57.553  -33.555 0.6000000238
21466  6.174  -53.246  -33.439 0.4000000060
20703  6.517  -54.216  -33.433 0.4000000060
23072  4.314  -50.656  -33.702 0.6000000238
18301  0.589  -56.878  -30.828 0.8000000119
19898  8.761  -55.595  -30.246 0.4000000060
20689  10.522  -53.379  -29.800 0.6999999881
23034  9.035  -51.432  -31.413 0.6000000238
23857  10.306  -50.429  -29.011 0.8000000119
23016  7.662  -50.835  -31.093 0.6000000238
23872  8.150  -50.506  -30.233 0.8000000119
22219  14.845  -52.812  -30.638 0.8000000119
114205  13.820  -52.649  -30.499 0.8000000119
109859  13.943  -51.958  -29.355 0.8999999762
131684  13.652  -52.143  -30.441 0.8999999762
23011  13.018  -52.049  -30.528 0.8999999762
22997  13.350  -51.807  -30.024 0.8999999762
22970  13.279  -51.123  -27.854 0.8000000119
110697  14.776  -51.632  -27.704 0.8000000119
22982  15.207  -51.947  -28.550 0.8999999762
22206  16.039  -52.150  -30.426 0.8000000119
22994  16.504  -51.613  -30.068 0.8000000119
22967  16.558  -51.529  -27.565 0.8000000119
22966  17.188  -51.170  -27.449 0.8000000119
26629  7.182  -48.290  -37.169 1.0000000000
23813  17.340  -50.753  -25.918 0.3000000119
113165  17.611  -50.740  -26.909 0.6999999881
24775  18.220  -49.866  -27.434 0.8000000119
24738  18.471  -49.439  -25.694 0.6999999881
24759  18.779  -49.385  -26.780 0.6999999881
26461  18.500  -47.970  -25.031 0.3000000119
121355  18.981  -48.845  -26.343 0.6000000238
29174  15.232  -44.805  -24.749 0.1000000015
29225  12.769  -44.164  -27.052 0.1000000015
118907  16.151  -44.432  -26.616 0.3000000119
28301  21.363  -45.488  -25.600 0.6999999881
29307  8.626  -44.997  -35.530 0.8000000119
28299  23.363  -45.589  -26.049 1.0000000000
29187  21.141  -44.599  -25.359 0.8999999762
113622  19.800  -42.746  -24.849 0.6000000238
124660  18.480  -41.552  -25.008 0.4000000060
29221  23.837  -45.090  -27.252 1.0000000000
29236  23.971  -45.632  -28.473 1.0000000000
30983  9.757  -42.633  -34.872 0.6999999881
31667  19.542  -41.447  -25.033 0.4000000060
31019  11.045  -42.413  -37.069 0.6999999881
33278  12.039  -40.004  -36.762 0.5000000000
31686  21.451  -41.780  -26.379 0.6000000238
30911  22.223  -42.756  -27.467 0.6999999881
31694  21.726  -42.153  -28.254 0.6999999881
30121  22.966  -43.650  -29.070 0.6999999881
30128  23.071  -43.346  -29.980 0.6999999881
31763  11.347  -40.985  -34.693 0.6999999881
33242  11.142  -39.701  -35.192 0.5000000000
123044  12.788  -38.784  -37.132 0.4000000060
30964  19.858  -42.276  -33.490 0.4000000060
31757  17.795  -41.653  -34.087 0.5000000000
32493  16.648  -40.675  -35.563 0.5000000000
31775  14.344  -40.963  -35.477 0.5000000000
34168  12.578  -38.338  -34.704 0.5000000000
34171  11.219  -39.222  -34.939 0.6000000238
34169  11.810  -37.803  -34.527 0.5000000000
34170  11.456  -38.531  -34.779 0.5000000000
35045  11.318  -37.985  -34.976 0.5000000000
33262  12.067  -38.982  -36.435 0.4000000060
34215  12.427  -38.175  -36.533 0.4000000060
31733  22.991  -41.316  -31.467 0.5000000000
31743  20.374  -41.493  -33.669 0.2000000030
115908  18.314  -41.086  -34.378 0.5000000000
35025  11.817  -36.945  -34.568 0.5000000000
35885  11.676  -36.637  -34.811 0.4000000060
35068  11.474  -37.639  -35.247 0.3000000119
35080  13.422  -37.385  -37.258 0.2000000030
34993  18.753  -37.533  -29.299 0.2000000030
32457  22.533  -40.259  -32.514 0.5000000000
34199  16.825  -38.264  -36.983 0.4000000060
113914  16.012  -37.712  -37.042 0.5000000000
124246  14.936  -36.940  -36.159 0.5000000000
34167  19.832  -39.018  -35.163 0.5000000000
126479  15.680  -36.971  -36.653 0.4000000060
36820  12.577  -34.950  -34.923 0.3000000119
36818  14.764  -34.744  -35.483 0.3000000119
36819  13.395  -34.467  -34.971 0.3000000119
37728  12.874  -34.054  -35.121 0.3000000119
37741  12.751  -34.140  -35.791 0.2000000030
118410  13.950  -34.633  -37.253 0.2000000030
35838  18.102  -36.282  -30.165 0.1000000015
124715  21.769  -37.142  -31.623 0.4000000060
33202  22.411  -38.819  -32.658 0.4000000060
35023  20.776  -37.753  -35.064 0.4000000060
35914  16.851  -36.459  -37.177 0.3000000119
38577  13.098  -32.614  -34.989 0.3000000119
38579  12.814  -33.827  -35.347 0.3000000119
38591  13.037  -32.531  -36.040 0.1000000015
35848  21.894  -36.594  -32.082 0.4000000060
36776  20.146  -35.468  -31.076 0.2000000030
36783  21.950  -36.032  -32.629 0.3000000119
37683  20.012  -34.783  -31.476 0.2000000030
34151  22.248  -38.184  -33.177 0.4000000060
110443  18.841  -36.093  -36.896 0.3000000119
36836  18.654  -35.291  -36.991 0.3000000119
113746  12.994  -32.436  -35.361 0.3000000119
37701  22.091  -34.424  -33.885 0.3000000119
37725  20.100  -34.659  -35.900 0.3000000119
2875  2.084  -81.477  -43.734 0.2000000030
15416  6.259  -61.475  -43.461 1.0000000000
109077  11.410  -81.688  -50.044 0.8000000119
109014  12.203  -81.168  -50.509 0.6999999881
3398  11.045  -80.445  -52.681 0.5000000000
3399  9.840  -80.664  -53.397 0.3000000119
2939  8.364  -82.288  -53.856 0.1000000015
2938  9.172  -81.214  -54.362 0.4000000060
109080  12.324  -81.209  -49.786 0.8000000119
117632  11.531  -81.225  -48.803 0.8000000119
2908  10.279  -81.824  -48.806 0.4000000060
3367  9.529  -80.738  -48.820 0.2000000030
3358  10.177  -80.992  -48.713 0.4000000060
2117  11.275  -83.862  -53.771 0.2000000030
2514  9.840  -82.801  -55.013 0.1000000015
2942  9.372  -81.271  -55.331 0.5000000000
3410  9.700  -80.395  -54.988 0.5000000000
2513  11.135  -82.871  -55.026 0.3000000119
2129  10.394  -83.536  -54.200 0.3000000119
2526  9.434  -82.045  -55.380 0.3000000119
2952  12.429  -81.683  -56.136 0.4000000060
2953  11.182  -81.630  -56.073 0.5000000000
2525  10.518  -82.222  -55.611 0.4000000060
2954  10.035  -81.469  -55.938 0.5000000000
3421  10.469  -79.849  -55.867 0.6000000238
1664  24.470  -84.744  -38.141 0.8000000119
124716  10.971  -80.889  -48.712 0.6999999881
3827  9.595  -79.955  -49.465 0.4000000060
3368  8.738  -80.667  -49.117 0.2000000030
116869  7.933  -80.694  -49.481 0.3000000119
3829  7.606  -80.261  -50.237 0.3000000119
3369  6.767  -81.290  -49.511 0.3000000119
3380  6.461  -80.726  -50.581 0.3000000119
3370  5.472  -81.664  -49.989 0.2000000030
3419  12.535  -80.506  -56.637 0.5000000000
3420  11.461  -80.393  -56.418 0.6000000238
2734  20.714  -81.633  -31.869 0.6999999881
2311  20.423  -82.415  -31.644 0.6999999881
2312  19.902  -82.948  -32.021 0.6999999881
2733  21.482  -81.481  -31.587 0.6000000238
2318  20.209  -81.992  -32.299 0.6999999881
2749  20.981  -81.056  -32.108 0.6999999881
2750  20.329  -81.119  -32.729 0.6999999881
1654  24.170  -84.765  -37.413 0.8000000119
1663  25.135  -85.135  -38.570 0.8000000119
122039  24.264  -84.363  -39.001 0.8000000119
3818  10.570  -79.455  -49.385 0.6000000238
3357  10.843  -80.182  -48.785 0.6999999881
3846  7.329  -79.863  -51.487 0.4000000060
3392  6.009  -80.587  -51.695 0.2000000030
121496  4.958  -81.163  -51.696 0.2000000030
3848  5.348  -80.547  -52.670 0.2000000030
3393  4.471  -80.834  -52.333 0.2000000030
3383  3.768  -81.334  -50.670 0.1000000015
3394  3.711  -80.751  -51.777 0.1000000015
2310  21.176  -82.152  -31.208 0.6999999881
2748  22.515  -80.807  -32.217 0.5000000000
123001  22.576  -81.411  -31.603 0.6000000238
2309  22.118  -82.037  -30.997 0.6999999881
2751  19.997  -81.869  -32.871 0.6999999881
3179  21.710  -80.888  -32.100 0.6000000238
3189  21.035  -80.467  -32.604 0.6000000238
3199  20.537  -80.241  -33.361 0.6999999881
114090  20.210  -80.739  -33.742 0.6000000238
2326  20.131  -81.961  -33.901 0.8000000119
3187  24.152  -81.010  -32.806 0.4000000060
2747  23.376  -81.156  -32.164 0.4000000060
3188  23.030  -80.444  -32.691 0.4000000060
3198  22.526  -79.768  -33.235 0.6000000238
132082  21.883  -79.733  -33.141 0.6000000238
3661  20.703  -79.655  -33.781 0.6000000238
1970  22.322  -83.434  -36.493 0.8000000119
1655  23.188  -84.188  -37.312 0.8000000119
1665  23.520  -84.268  -38.149 0.8000000119
1673  22.895  -83.862  -38.982 0.6999999881
1671  25.500  -85.413  -39.712 0.8000000119
1672  25.327  -84.900  -39.420 0.6999999881
1998  23.354  -83.770  -39.984 0.6999999881
1370  25.663  -85.164  -40.523 0.8000000119
1683  24.734  -84.204  -40.039 0.6999999881
2016  22.358  -83.486  -40.519 0.5000000000
123775  23.050  -83.486  -41.037 0.5000000000
3838  9.339  -79.356  -50.437 0.6000000238
4308  9.174  -78.887  -51.286 0.5000000000
3839  8.430  -79.545  -50.835 0.3000000119
2919  3.914  -81.827  -49.691 0.2000000030
4318  7.548  -79.005  -52.644 0.4000000060
3847  6.430  -79.853  -52.628 0.3000000119
3372  3.242  -80.400  -50.181 0.1000000015
4329  7.151  -78.240  -53.599 0.3000000119
3857  5.646  -79.710  -53.378 0.2000000030
3400  4.017  -80.436  -52.655 0.1000000015
4340  6.386  -77.760  -53.781 0.3000000119
4330  6.100  -78.657  -53.630 0.3000000119
2297  20.797  -82.903  -30.839 0.6999999881
2308  23.241  -82.162  -31.031 0.4000000060
2296  21.744  -82.731  -30.565 0.6999999881
1921  21.395  -83.451  -30.206 0.6999999881
2731  24.753  -82.182  -31.852 0.4000000060
116475  24.211  -81.627  -32.208 0.4000000060
2295  22.819  -82.736  -30.489 0.6999999881
2774  20.399  -80.560  -34.676 0.6000000238
112279  20.132  -81.234  -34.045 0.6000000238
2335  20.648  -81.636  -34.677 0.6999999881
2730  26.339  -82.504  -31.816 0.3000000119
123075  25.605  -82.365  -32.053 0.3000000119
2746  25.008  -81.890  -32.488 0.4000000060
3659  21.837  -79.379  -33.586 0.6000000238
113723  21.132  -79.330  -33.794 0.5000000000
3674  20.778  -79.279  -34.378 0.6000000238
2783  20.838  -81.109  -35.472 0.6000000238
2345  21.128  -81.787  -35.385 0.6999999881
1979  21.697  -83.144  -37.118 0.6999999881
1980  20.987  -83.011  -37.919 0.5000000000
3196  24.480  -80.590  -33.630 0.4000000060
3197  23.522  -80.049  -33.406 0.3000000119
4144  22.037  -78.813  -34.888 0.4000000060
113666  21.989  -78.875  -35.714 0.4000000060
115568  20.613  -79.570  -35.142 0.5000000000
2791  20.981  -80.919  -36.374 0.4000000060
2377  21.250  -82.378  -36.998 0.5000000000
1978  22.354  -83.665  -37.220 0.6999999881
122566  21.634  -83.446  -37.805 0.5000000000
2745  26.074  -82.259  -32.620 0.3000000119
2763  25.243  -81.506  -33.171 0.4000000060
3195  25.298  -81.143  -34.001 0.3000000119
3658  23.939  -79.758  -34.183 0.4000000060
3671  23.517  -79.334  -34.832 0.3000000119
3681  22.787  -78.979  -35.203 0.4000000060
1987  21.252  -83.408  -38.582 0.5000000000
3670  24.358  -79.810  -35.040 0.3000000119
119149  21.898  -83.634  -38.984 0.6000000238
1999  22.149  -83.601  -39.733 0.6000000238
2018  20.867  -83.115  -40.143 0.4000000060
1682  25.575  -84.627  -40.444 0.8000000119
2032  21.954  -83.174  -41.309 0.6000000238
2030  24.052  -83.355  -41.571 0.6999999881
2015  24.109  -83.698  -40.679 0.6000000238
2043  24.631  -82.966  -42.208 0.6000000238
2031  22.823  -83.170  -41.788 0.5000000000
2045  22.218  -82.674  -42.124 0.6000000238
4307  10.072  -78.622  -50.978 0.8000000119
130986  8.284  -78.613  -52.298 0.6000000238
3841  3.200  -79.828  -50.920 0.1000000015
4321  3.406  -79.507  -52.522 0.1000000015
4331  4.976  -79.191  -53.537 0.2000000030
131857  21.102  -86.279  -28.204 0.6999999881
1920  22.499  -83.526  -29.947 0.6999999881
1907  21.860  -84.154  -29.564 0.6999999881
115770  22.192  -84.861  -29.055 0.6999999881
2732  23.753  -81.824  -31.661 0.4000000060
3694  22.166  -79.339  -36.584 0.4000000060
3695  21.412  -79.797  -36.793 0.4000000060
3239  21.043  -80.925  -37.093 0.4000000060
113935  24.641  -80.328  -34.329 0.3000000119
3692  23.921  -79.705  -36.345 0.3000000119
3238  21.204  -80.692  -37.286 0.4000000060
2806  20.998  -81.583  -37.200 0.5000000000
2378  20.688  -82.346  -38.151 0.5000000000
3679  24.354  -79.753  -35.850 0.3000000119
131294  20.827  -83.280  -39.046 0.4000000060
2000  21.198  -83.410  -39.487 0.4000000060
2404  20.518  -82.366  -39.449 0.4000000060
119168  20.646  -81.791  -40.595 0.4000000060
2420  20.750  -82.152  -41.106 0.4000000060
2852  20.943  -80.936  -41.755 0.4000000060
2419  21.320  -82.454  -41.672 0.4000000060
2429  24.060  -82.263  -42.555 0.6000000238
2430  22.803  -82.088  -42.566 0.5000000000
2431  21.621  -81.701  -42.290 0.4000000060
5830  16.211  -75.444  -46.221 0.6999999881
4800  10.301  -77.717  -51.472 0.8000000119
4316  9.662  -78.239  -51.571 0.6999999881
4806  8.730  -77.483  -52.561 0.8000000119
127493  3.871  -78.980  -50.135 0.1000000015
4815  6.931  -77.515  -53.796 0.4000000060
4332  3.969  -78.841  -53.282 0.1000000015
4311  3.324  -78.923  -51.119 0.1000000015
4824  6.286  -77.278  -53.817 0.5000000000
4825  6.042  -77.192  -53.854 0.4000000060
128150  4.470  -78.143  -53.373 0.1000000015
4320  3.483  -78.592  -52.357 0.1000000015
4341  5.766  -78.037  -53.690 0.2000000030
118285  20.329  -86.929  -27.389 0.6999999881
940  20.652  -86.585  -27.899 0.6999999881
120877  21.772  -86.138  -28.112 0.6999999881
3224  23.697  -80.105  -37.015 0.4000000060
3702  22.771  -79.931  -37.213 0.4000000060
3237  21.660  -80.590  -37.578 0.4000000060
3251  20.863  -81.507  -37.986 0.4000000060
2391  20.517  -82.571  -38.915 0.4000000060
3217  24.979  -80.269  -35.616 0.2000000030
3236  23.298  -80.863  -37.789 0.4000000060
122820  22.415  -80.714  -37.838 0.4000000060
2817  21.992  -81.288  -38.728 0.4000000060
2820  20.567  -82.039  -38.890 0.4000000060
3235  24.232  -81.076  -37.524 0.3000000119
126083  22.905  -81.326  -38.556 0.4000000060
2818  21.284  -81.480  -39.173 0.4000000060
2847  20.826  -81.219  -40.563 0.4000000060
3277  21.230  -80.537  -40.593 0.4000000060
3278  20.890  -80.540  -41.131 0.4000000060
2853  20.709  -81.359  -41.154 0.4000000060
2863  22.545  -81.017  -42.605 0.4000000060
3739  21.264  -79.737  -41.087 0.4000000060
2862  23.752  -81.340  -42.689 0.5000000000
3286  21.119  -80.036  -41.669 0.4000000060
3765  23.577  -79.232  -42.366 0.4000000060
5832  14.569  -75.394  -45.871 0.8000000119
112311  16.557  -76.243  -47.319 0.8000000119
6448  16.185  -74.499  -46.033 0.6999999881
5323  9.072  -76.807  -52.105 0.8000000119
4319  3.738  -78.046  -51.745 0.1000000015
4816  4.242  -77.791  -53.186 0.1000000015
114972  5.612  -75.485  -54.100 0.4000000060
4826  5.510  -77.293  -53.837 0.2000000030
6523  5.957  -74.711  -53.816 0.5000000000
116353  5.354  -76.048  -54.278 0.4000000060
128297  5.258  -76.002  -54.329 0.2000000030
6531  5.111  -75.269  -54.804 0.4000000060
5916  4.958  -75.621  -54.736 0.4000000060
112832  9.200  -86.087  -36.983 0.8999999762
782  7.879  -86.983  -39.397 0.8999999762
781  8.366  -86.530  -38.713 0.8999999762
1036  7.361  -86.573  -39.172 0.8999999762
783  6.677  -88.002  -39.840 0.8999999762
121546  24.678  -81.800  -39.127 0.4000000060
2833  23.913  -81.396  -39.627 0.4000000060
2834  22.959  -81.428  -39.422 0.4000000060
2835  21.847  -81.174  -39.859 0.4000000060
3263  22.971  -81.035  -40.050 0.4000000060
2836  21.062  -81.453  -39.921 0.4000000060
3276  21.946  -80.490  -40.300 0.4000000060
3738  21.769  -79.504  -40.719 0.4000000060
3302  22.442  -79.927  -42.415 0.4000000060
3752  21.598  -79.332  -41.493 0.4000000060
4211  22.262  -78.727  -41.191 0.4000000060
4195  22.093  -78.858  -40.875 0.4000000060
5833  13.696  -75.358  -46.162 0.8000000119
7065  15.984  -73.791  -46.505 0.6000000238
6450  14.613  -74.589  -45.681 0.6000000238
122532  13.984  -74.838  -45.743 0.8000000119
5877  10.703  -75.501  -49.513 0.8999999762
5886  10.398  -75.784  -50.363 0.8999999762
5866  10.155  -74.729  -48.729 0.8999999762
132139  9.630  -74.542  -49.007 0.8999999762
5908  8.184  -76.237  -52.478 0.8000000119
128263  4.135  -76.078  -52.680 0.1000000015
4808  4.139  -77.458  -52.479 0.1000000015
112232  4.802  -75.991  -54.361 0.1000000015
5325  4.243  -76.735  -53.144 0.1000000015
6540  4.710  -75.021  -55.089 0.2000000030
5332  4.649  -76.731  -53.716 0.1000000015
513  4.042  -88.635  -36.569 0.8999999762
525  3.838  -88.834  -37.196 0.8999999762
1337  10.030  -85.429  -35.758 0.8999999762
1638  10.770  -84.133  -35.722 0.8999999762
1336  10.487  -84.792  -35.809 0.8999999762
1346  10.037  -85.102  -36.465 0.8999999762
772  3.431  -88.356  -37.220 0.8999999762
1023  9.354  -85.412  -37.176 0.8999999762
1024  8.867  -86.176  -37.840 0.8999999762
1353  8.734  -85.559  -37.799 0.8999999762
1025  6.666  -86.369  -38.386 0.8999999762
1361  7.456  -86.015  -38.722 0.8999999762
770  6.674  -87.140  -39.194 0.8999999762
351  5.270  -89.493  -40.151 0.8999999762
3721  24.089  -79.862  -39.919 0.4000000060
115450  23.366  -78.956  -39.985 0.4000000060
4181  24.594  -78.055  -39.398 0.3000000119
7066  14.426  -73.845  -45.947 0.6000000238
7080  16.616  -73.453  -47.169 0.5000000000
6451  13.231  -74.518  -46.051 0.6000000238
6447  16.892  -73.969  -46.446 0.6999999881
122155  11.514  -74.221  -47.034 0.6999999881
6472  10.836  -74.632  -48.019 0.8000000119
7099  10.422  -74.012  -48.173 0.6999999881
7100  9.742  -74.125  -48.806 0.8000000119
7109  9.489  -73.579  -49.271 0.8000000119
6495  9.245  -74.347  -49.238 0.8000000119
5879  8.819  -74.705  -49.848 0.8999999762
7118  8.525  -73.411  -50.526 0.8999999762
5901  3.833  -75.529  -52.458 0.1000000015
5910  4.070  -75.835  -53.666 0.1000000015
5917  4.355  -75.443  -54.673 0.1000000015
128785  5.616  -73.964  -55.579 0.3000000119
7149  5.060  -74.580  -55.557 0.3000000119
7156  6.345  -73.444  -55.748 0.4000000060
732  4.688  -87.467  -34.688 0.8000000119
720  4.865  -87.552  -32.964 0.8000000119
114182  4.703  -87.561  -33.822 0.8000000119
746  4.893  -87.275  -35.590 0.8000000119
110912  5.087  -87.565  -36.468 0.8999999762
505  4.019  -88.277  -35.129 0.8000000119
1637  11.125  -83.575  -35.329 0.8999999762
117129  3.273  -88.253  -37.998 0.8999999762
1965  10.542  -83.443  -35.680 0.8999999762
1976  9.309  -84.008  -36.338 0.8999999762
1649  8.793  -84.513  -36.867 0.8999999762
2350  10.140  -82.752  -35.278 0.8000000119
1966  9.757  -83.445  -35.793 0.8000000119
1660  8.188  -84.774  -37.237 0.8999999762
784  2.949  -87.370  -38.333 0.8999999762
1355  7.234  -85.605  -37.905 0.8999999762
129570  3.257  -87.670  -39.731 0.8999999762
771  5.909  -87.386  -38.166 0.8999999762
126337  3.510  -88.519  -39.285 0.8999999762
129494  3.498  -87.718  -40.565 0.8999999762
111263  3.560  -87.357  -41.328 0.8000000119
552  4.331  -88.964  -40.853 0.6999999881
381  7.416  -89.647  -44.076 0.4000000060
382  6.610  -89.372  -43.795 0.5000000000
391  6.288  -88.974  -44.520 0.5000000000
7097  15.705  -73.059  -48.647 0.5000000000
121342  15.061  -73.489  -46.712 0.5000000000
123905  13.924  -74.277  -45.755 0.6000000238
7068  12.647  -73.900  -46.367 0.6000000238
7069  11.919  -74.058  -46.647 0.6000000238
7085  11.526  -73.776  -47.080 0.6000000238
7098  11.163  -73.553  -47.746 0.6000000238
7699  11.683  -72.781  -48.322 0.5000000000
7712  11.014  -72.899  -49.154 0.5000000000
7110  8.814  -73.813  -49.746 0.8000000119
125579  9.026  -72.906  -50.837 0.6999999881
7732  8.359  -73.203  -51.283 0.8000000119
5900  4.123  -75.266  -51.473 0.1000000015
6509  3.147  -74.908  -51.344 0.1000000015
7150  4.483  -74.297  -55.673 0.3000000119
5918  3.618  -75.034  -54.108 0.1000000015
130642  5.672  -73.704  -56.046 0.3000000119
1639  8.426  -84.083  -36.041 0.8000000119
1650  7.884  -84.514  -36.479 0.8999999762
1347  7.476  -85.006  -37.069 0.8999999762
523  5.125  -88.471  -37.746 0.8999999762
553  3.732  -88.583  -40.113 0.8999999762
560  3.892  -88.183  -41.069 0.6999999881
534  4.902  -89.088  -38.381 0.8999999762
544  3.862  -89.092  -39.326 0.8999999762
7696  15.311  -72.947  -48.125 0.5000000000
7682  14.943  -73.105  -47.441 0.5000000000
7082  14.120  -73.295  -46.826 0.5000000000
131626  12.815  -71.770  -47.788 0.4000000060
7685  12.679  -72.831  -47.239 0.5000000000
7698  12.454  -72.427  -47.784 0.4000000060
7084  12.189  -73.483  -46.820 0.6000000238
7711  11.897  -72.265  -49.268 0.4000000060
8324  11.957  -71.843  -50.149 0.4000000060
111308  11.410  -72.491  -50.084 0.6000000238
7720  11.593  -72.314  -51.116 0.6000000238
7721  10.856  -72.856  -50.691 0.6999999881
7730  11.046  -72.826  -51.577 0.6999999881
129733  11.003  -72.669  -52.256 0.6999999881
7729  11.367  -72.372  -52.083 0.6999999881
7736  10.983  -72.180  -53.081 0.6999999881
6532  3.240  -74.286  -53.474 0.1000000015
5902  3.455  -74.864  -52.919 0.1000000015
6510  2.656  -74.415  -51.496 0.1000000015
7743  11.356  -72.203  -54.340 0.6999999881
7151  3.897  -73.317  -55.669 0.2000000030
6542  3.614  -73.967  -55.031 0.1000000015
7157  5.131  -73.061  -56.462 0.4000000060
7158  4.566  -73.381  -56.164 0.3000000119
7760  6.577  -72.846  -56.376 0.4000000060
733  4.225  -88.169  -34.309 0.8000000119
983  5.365  -86.683  -32.579 0.8000000119
982  5.825  -86.156  -32.172 0.6999999881
1046  2.816  -86.726  -39.640 0.8999999762
1057  3.125  -86.830  -40.589 0.8999999762
1348  6.670  -85.508  -36.708 0.8999999762
120045  5.850  -88.111  -38.887 0.8999999762
7683  14.536  -72.812  -47.422 0.5000000000
8297  14.058  -72.318  -47.377 0.4000000060
7684  13.565  -72.775  -47.187 0.4000000060
8304  14.037  -71.613  -47.432 0.3000000119
8298  13.248  -72.103  -47.438 0.4000000060
8940  13.014  -70.506  -47.636 0.3000000119
8306  12.695  -71.254  -48.127 0.4000000060
7710  12.419  -72.036  -48.451 0.4000000060
8945  12.429  -70.535  -48.744 0.4000000060
8313  12.276  -71.509  -49.144 0.4000000060
110873  11.935  -71.377  -50.974 0.6000000238
8961  11.812  -70.768  -51.745 0.6000000238
114312  11.487  -70.468  -53.418 0.6000000238
8332  11.765  -71.723  -51.899 0.6000000238
8340  11.400  -71.803  -52.769 0.6999999881
111176  3.304  -72.909  -54.995 0.1000000015
7143  3.140  -73.501  -54.085 0.1000000015
7126  2.779  -73.983  -52.063 0.1000000015
118104  2.260  -74.789  -51.016 0.1000000015
8992  11.419  -71.294  -53.595 0.6000000238
123442  11.258  -71.868  -53.711 0.6999999881
8354  4.339  -71.294  -56.517 0.3000000119
7159  3.588  -72.360  -55.536 0.1000000015
9005  12.717  -71.018  -55.592 0.6000000238
8343  12.026  -71.784  -54.610 0.6000000238
8364  6.059  -71.135  -57.122 0.5000000000
7770  4.946  -72.076  -56.643 0.4000000060
990  5.202  -86.597  -33.416 0.8000000119
514  3.650  -88.352  -36.340 0.8999999762
759  3.050  -87.745  -36.645 0.8999999762
999  5.120  -86.625  -34.298 0.8000000119
773  2.971  -87.586  -37.495 0.8999999762
127334  6.475  -85.113  -32.789 0.6000000238
1317  6.223  -85.155  -33.605 0.6999999881
1008  5.513  -86.368  -35.635 0.8000000119
1037  2.641  -86.623  -38.811 0.8999999762
337  4.040  -89.175  -38.030 0.8999999762
524  4.338  -88.863  -37.425 0.8999999762
345  4.029  -89.238  -38.727 0.8999999762
1016  6.436  -86.018  -37.343 0.8999999762
114762  12.683  -69.815  -48.057 0.4000000060
8323  12.199  -70.986  -49.974 0.4000000060
8946  12.073  -69.987  -49.778 0.4000000060
8951  11.899  -70.367  -50.781 0.5000000000
9667  11.644  -69.711  -51.576 0.6000000238
115500  11.597  -70.080  -52.588 0.6000000238
7762  3.661  -71.311  -55.878 0.3000000119
7134  3.089  -73.469  -52.896 0.1000000015
128424  2.093  -74.363  -51.070 0.1000000015
9683  11.475  -69.416  -53.803 0.6000000238
120022  12.462  -69.338  -55.068 0.6000000238
9006  12.003  -70.504  -54.470 0.6000000238
9690  12.834  -70.101  -55.610 0.6000000238
748  3.643  -88.171  -35.235 0.8000000119
1027  2.503  -86.603  -37.848 0.8999999762
127353  5.443  -86.792  -36.246 0.8000000119
512  4.641  -88.353  -36.853 0.8999999762
1017  5.986  -86.156  -36.440 0.8000000119
1968  8.156  -83.876  -35.255 0.8000000119
1651  6.946  -84.897  -35.843 0.8000000119
111708  5.331  -87.764  -37.235 0.8999999762
9635  12.399  -68.976  -48.069 0.3000000119
9643  12.169  -69.539  -48.824 0.4000000060
9636  11.824  -68.794  -48.843 0.3000000119
9644  11.738  -69.062  -49.617 0.3000000119
9654  11.677  -69.364  -50.571 0.5000000000
10451  11.489  -68.642  -51.408 0.5000000000
8347  3.394  -70.346  -55.517 0.3000000119
125331  3.078  -70.934  -54.655 0.2000000030
7740  3.141  -72.468  -52.895 0.1000000015
7120  1.973  -73.524  -50.593 0.1000000015
7722  2.677  -72.722  -51.089 0.1000000015
119022  11.522  -69.057  -52.518 0.6000000238
8344  3.039  -71.732  -53.639 0.1000000015
131231  3.089  -71.281  -52.784 0.1000000015
7733  2.978  -72.883  -52.051 0.1000000015
128333  3.122  -70.517  -54.053 0.1000000015
115299  2.651  -86.982  -37.020 0.8999999762
1368  2.285  -86.059  -39.394 0.8999999762
1629  7.237  -84.337  -33.998 0.6999999881
1327  6.265  -85.204  -34.680 0.8000000119
1328  5.577  -85.974  -34.884 0.8000000119
1630  7.035  -84.581  -34.762 0.8000000119
10419  12.322  -68.279  -47.824 0.4000000060
119960  11.700  -68.098  -48.439 0.4000000060
10428  11.425  -68.273  -49.393 0.4000000060
10440  11.434  -68.484  -50.308 0.4000000060
11959  11.519  -67.100  -51.068 0.5000000000
129485  11.414  -67.927  -50.904 0.5000000000
114089  11.903  -66.981  -52.334 0.6000000238
11200  11.501  -67.720  -51.824 0.6000000238
120338  3.131  -72.003  -51.631 0.1000000015
10459  11.642  -68.348  -53.473 0.6000000238
8996  3.478  -69.513  -55.012 0.2000000030
8333  3.188  -71.175  -51.726 0.1000000015
10467  12.148  -68.438  -54.661 0.6000000238
111650  3.971  -68.688  -55.268 0.3000000119
10476  13.156  -69.322  -56.221 0.6000000238
1356  1.869  -85.730  -37.762 0.8999999762
11177  11.271  -67.449  -49.225 0.4000000060
11973  12.675  -66.882  -53.831 0.5000000000
110692  3.397  -69.414  -54.146 0.1000000015
130744  3.761  -68.762  -55.073 0.2000000030
1350  1.522  -85.418  -36.949 0.8999999762
122287  1.074  -85.098  -36.195 0.8000000119
1349  2.180  -86.199  -36.963 0.8999999762
1661  1.244  -85.052  -37.757 0.8999999762
1662  0.681  -84.355  -37.811 0.8999999762
11972  12.593  -66.410  -52.709 0.6000000238
113804  3.499  -68.665  -53.759 0.1000000015
8965  3.108  -69.896  -52.597 0.1000000015
1641  0.722  -84.768  -35.595 0.8000000119
1340  1.208  -85.356  -35.352 0.8000000119
1969  0.044  -83.319  -35.298 0.8000000119
1652  0.484  -84.414  -36.230 0.8000000119
111757  1.791  -85.912  -36.057 0.8000000119
113332  0.277  -83.866  -37.045 0.8000000119
1985  0.277  -83.095  -37.435 0.8999999762
9671  3.302  -68.620  -52.675 0.1000000015
111701  4.487  -68.189  -53.888 0.4000000060
8980  4.075  -68.210  -54.586 0.3000000119
114279  0.511  -84.206  -33.972 0.8000000119
1632  0.291  -83.843  -34.674 0.8000000119
1330  1.259  -85.517  -34.437 0.8000000119
123220  0.004  -82.822  -35.885 0.8000000119
112240  0.157  -81.952  -36.131 0.8000000119
118239  0.305  -81.975  -36.928 0.8000000119
2371  0.164  -82.829  -36.715 0.8000000119
2800  0.409  -81.252  -36.737 0.8000000119
9677  4.177  -67.113  -54.303 0.3000000119
9678  3.750  -67.554  -54.152 0.2000000030
126605  0.331  -82.847  -33.788 0.8000000119
131435  0.340  -83.511  -34.065 0.8000000119
1950  0.519  -83.631  -33.307 0.8000000119
124469  0.133  -81.599  -34.718 0.8000000119
110371  0.347  -81.113  -36.054 0.8000000119
10443  4.677  -67.182  -51.718 0.6000000238
115025  4.467  -67.026  -52.993 0.4000000060
125260  3.838  -66.518  -53.937 0.2000000030
2758  0.372  -81.216  -33.191 0.6999999881
2332  0.544  -82.748  -32.975 0.8000000119
2324  0.845  -82.628  -32.166 0.6999999881
3203  0.295  -80.548  -33.738 0.8000000119
127672  0.205  -81.380  -34.022 0.8000000119
3213  0.270  -80.755  -34.698 0.8000000119
124276  0.566  -79.950  -35.805 0.8000000119
3232  0.540  -80.404  -36.413 0.6999999881
9646  4.854  -68.708  -50.469 0.6000000238
10454  3.404  -67.818  -51.909 0.1000000015
3185  0.593  -80.322  -31.985 0.6999999881
2741  1.159  -81.713  -31.154 0.6999999881
3192  0.405  -80.407  -32.836 0.6999999881
118962  0.479  -79.965  -35.117 0.8000000119
11976  4.065  -65.874  -52.839 0.2000000030
3184  1.118  -80.277  -31.274 0.6999999881
3177  1.522  -80.743  -30.585 0.6999999881
3677  0.399  -79.889  -34.286 0.8000000119
3689  0.723  -79.363  -35.527 0.8000000119
125522  5.446  -68.246  -48.774 0.6999999881
10431  4.681  -67.461  -50.343 0.6000000238
11203  3.996  -65.524  -52.152 0.1000000015
3656  0.491  -79.627  -32.428 0.6999999881
4118  1.925  -79.042  -30.874 0.6999999881
3647  2.391  -79.833  -30.416 0.6999999881
4138  0.510  -78.782  -32.966 0.6999999881
3655  0.737  -78.934  -31.891 0.6999999881
4123  1.309  -78.197  -31.326 0.6999999881
124960  0.719  -78.702  -34.557 0.8000000119
4149  0.513  -79.093  -33.987 0.6999999881
11961  4.033  -65.563  -52.159 0.3000000119
4617  1.138  -77.161  -31.573 0.6999999881
4611  2.028  -77.868  -30.782 0.6999999881
4608  2.904  -77.514  -30.442 0.6999999881
4137  0.661  -77.363  -33.537 0.6999999881
113776  0.595  -77.911  -33.055 0.6999999881
5161  0.825  -76.645  -34.707 0.8000000119
4148  0.848  -78.147  -34.842 0.6999999881
4612  1.505  -77.128  -30.997 0.6999999881
4607  4.104  -77.971  -29.970 0.6999999881
113734  0.697  -76.795  -33.940 0.6999999881
6390  2.692  -74.792  -40.981 0.3000000119
123279  3.407  -66.555  -49.741 0.2000000030
5122  1.910  -76.691  -30.693 0.6999999881
5670  3.254  -76.062  -30.267 0.6999999881
5116  4.889  -76.838  -29.272 0.6999999881
5135  1.090  -76.173  -31.962 0.6999999881
5125  1.362  -76.309  -31.019 0.6999999881
5148  0.845  -76.541  -33.123 0.6999999881
5676  1.410  -75.589  -31.316 0.6999999881
129107  3.019  -74.228  -40.909 0.3000000119
114087  2.496  -73.988  -41.165 0.3000000119
7015  2.589  -73.114  -41.107 0.3000000119
11931  3.957  -65.433  -50.468 0.3000000119
5115  5.708  -76.422  -28.871 0.6999999881
5120  4.227  -76.449  -29.918 0.6999999881
131859  2.582  -75.096  -30.998 0.6999999881
113398  1.035  -75.728  -32.803 0.6999999881
5680  1.602  -74.909  -31.742 0.6999999881
6288  2.280  -74.683  -31.529 0.6999999881
121541  0.838  -75.872  -33.800 0.6999999881
6297  1.529  -74.535  -32.567 0.6999999881
5659  7.150  -75.471  -28.009 0.6999999881
120958  4.423  -75.559  -30.326 0.6999999881
6287  3.406  -74.700  -31.395 0.6999999881
5673  4.155  -74.990  -30.940 0.6999999881
5669  5.850  -75.049  -30.047 0.6999999881
6915  2.463  -73.858  -32.623 0.6999999881
6295  2.866  -74.185  -32.063 0.6999999881
6281  5.043  -74.731  -30.746 0.6999999881
5710  1.015  -74.882  -34.076 0.6999999881
6311  1.848  -73.876  -32.903 0.6999999881
6294  3.987  -74.267  -32.237 0.6999999881
6293  5.137  -73.861  -32.222 0.6999999881
6927  2.597  -73.451  -33.353 0.6999999881
6914  3.377  -73.833  -32.802 0.6999999881
12673  4.257  -64.582  -49.176 0.6000000238
13379  4.179  -64.878  -49.566 0.4000000060
6906  6.255  -73.492  -31.730 0.6999999881
6912  6.061  -73.120  -32.476 0.6999999881
6924  5.266  -73.276  -33.044 0.6999999881
13364  4.256  -63.911  -48.652 0.5000000000
7520  7.417  -72.343  -31.110 0.6999999881
6911  6.940  -72.605  -31.937 0.6999999881
14073  4.313  -63.179  -48.395 0.4000000060
7540  6.712  -71.605  -33.303 0.6999999881
8164  6.518  -71.297  -34.003 0.6999999881
14059  4.288  -62.232  -48.533 0.6000000238
14759  4.126  -61.460  -48.578 0.3000000119
127394  4.382  -63.168  -48.359 0.5000000000
14771  4.312  -62.029  -48.433 0.3000000119
8175  6.606  -70.581  -34.313 0.6999999881
10258  4.844  -68.273  -34.676 0.6000000238
9523  5.793  -68.845  -35.660 0.6000000238
130485  6.108  -69.344  -35.184 0.6999999881
18414  2.477  -56.970  -40.949 0.4000000060
10278  5.482  -68.404  -35.248 0.6000000238
10279  4.994  -67.733  -35.586 0.6999999881
14656  2.972  -61.994  -38.224 0.2000000030
110394  2.218  -57.019  -40.194 0.4000000060
11001  4.308  -67.795  -35.129 0.6999999881
14633  3.430  -61.339  -36.378 0.3000000119
14645  3.303  -61.720  -37.316 0.3000000119
14623  3.743  -61.353  -35.257 0.2000000030
23834  9.034  -50.905  -28.436 0.6000000238
22974  8.890  -51.252  -28.256 0.4000000060
16029  3.078  -59.584  -34.740 0.4000000060
117335  3.065  -60.485  -36.006 0.3000000119
16060  1.750  -60.050  -35.863 0.6000000238
110383  10.432  -51.167  -28.135 0.6000000238
23833  9.847  -51.196  -28.234 0.6000000238
22986  8.202  -50.840  -28.458 0.6000000238
18337  3.030  -56.555  -34.929 0.3000000119
15304  0.963  -61.393  -32.504 0.6999999881
110390  0.909  -60.343  -32.453 0.6999999881
15308  1.005  -60.615  -34.407 0.6999999881
15328  1.548  -60.649  -35.889 0.6000000238
15327  1.874  -60.639  -36.354 0.6000000238
22972  10.727  -51.759  -27.801 0.5000000000
129014  10.208  -51.696  -27.961 0.5000000000
22189  8.356  -51.681  -28.171 0.5000000000
16795  1.460  -58.993  -35.087 0.6000000238
23841  10.861  -50.851  -28.413 0.6999999881
23843  9.257  -50.644  -28.633 0.6999999881
22988  6.577  -51.117  -29.203 0.6000000238
23842  9.982  -50.754  -28.489 0.6999999881
23859  7.898  -50.296  -29.425 0.6999999881
22197  6.934  -51.757  -28.636 0.6000000238
23832  11.198  -51.373  -27.830 0.6000000238
111175  11.666  -51.017  -28.032 0.6999999881
22183  10.846  -52.138  -27.540 0.4000000060
22187  10.128  -51.977  -27.800 0.4000000060
22188  9.216  -52.062  -28.022 0.4000000060
22971  11.655  -51.938  -27.313 0.6000000238
22198  6.106  -52.192  -28.801 0.6000000238
21420  5.403  -53.027  -28.752 0.8000000119
120337  12.857  -51.540  -26.721 0.6000000238
21426  3.506  -52.240  -29.745 0.6000000238
23830  13.245  -51.331  -26.977 0.6999999881
22230  12.206  -52.798  -30.419 0.5000000000
22175  12.311  -52.394  -26.680 0.4000000060
120643  8.484  -52.571  -28.034 0.5000000000
121422  6.903  -52.677  -28.419 0.5000000000
22946  12.485  -52.302  -26.517 0.3000000119
22959  12.578  -52.076  -26.470 0.6000000238
23818  12.345  -51.934  -26.764 0.6000000238
21419  6.502  -53.391  -28.463 0.6000000238
20667  1.182  -53.773  -29.773 0.6999999881
23800  13.671  -51.494  -25.566 0.5000000000
23816  14.163  -51.098  -25.955 0.6000000238
23815  15.081  -51.005  -25.806 0.6000000238
22969  14.048  -51.314  -27.385 0.6999999881
23829  14.806  -51.293  -26.815 0.6999999881
22220  12.935  -52.764  -30.521 0.6999999881
21408  10.531  -52.566  -27.494 0.4000000060
21409  9.858  -52.830  -27.694 0.4000000060
21411  8.204  -53.416  -28.022 0.5000000000
20653  5.262  -54.137  -28.583 0.6000000238
20654  4.462  -54.171  -28.676 0.6999999881
124492  3.064  -54.049  -28.889 0.6999999881
19886  2.343  -54.471  -29.087 0.8000000119
20655  3.515  -53.145  -29.116 0.6999999881
23008  18.117  -51.480  -30.531 0.6000000238
23010  16.814  -51.869  -30.403 0.6999999881
22218  15.758  -52.723  -30.624 0.6999999881
22207  15.180  -52.375  -30.338 0.8000000119
23141  7.317  -51.149  -39.403 0.5000000000
24006  7.202  -50.598  -39.024 0.5000000000
24782  18.225  -49.608  -28.535 0.6999999881
24790  19.150  -49.509  -29.643 0.6999999881
23839  17.562  -50.240  -29.098 0.8000000119
24780  20.179  -49.040  -28.708 0.8000000119
25629  19.579  -48.799  -29.235 0.8000000119
25623  19.493  -48.668  -28.607 0.8000000119
113673  7.774  -50.947  -39.349 0.5000000000
24005  7.829  -50.339  -39.114 0.5000000000
24774  18.998  -49.034  -27.949 0.6999999881
25600  19.547  -48.826  -27.011 0.6000000238
27407  18.686  -46.699  -26.229 0.5000000000
24758  20.196  -48.474  -27.374 0.8000000119
26531  20.034  -48.612  -27.792 0.8000000119
25614  19.874  -48.602  -27.799 0.8000000119
28320  19.848  -46.326  -26.429 0.8000000119
27425  20.995  -46.918  -26.102 0.8999999762
27426  20.141  -46.817  -26.556 0.8000000119
27427  19.538  -46.813  -26.583 0.8000000119
26498  21.395  -47.547  -26.302 0.8999999762
26517  20.088  -47.984  -27.045 0.8000000119
26518  20.117  -48.196  -27.072 0.8000000119
129572  19.927  -48.258  -26.996 0.8000000119
24786  24.620  -49.246  -29.675 0.6999999881
25733  6.857  -48.888  -36.192 0.8999999762
24911  7.847  -49.093  -38.632 0.6000000238
27406  20.631  -46.264  -25.976 0.8000000119
29213  12.673  -44.241  -26.604 0.1000000015
28302  20.143  -45.527  -25.825 0.5000000000
111502  23.017  -46.864  -26.171 0.8999999762
25634  24.949  -48.800  -30.541 0.6000000238
25627  24.778  -48.239  -29.356 0.8000000119
24834  7.268  -49.840  -33.563 0.5000000000
25697  6.936  -49.575  -34.975 0.8000000119
26600  7.035  -48.838  -35.979 0.8999999762
25763  7.962  -48.358  -38.403 0.6999999881
26628  7.688  -47.608  -37.121 0.6999999881
26616  7.879  -47.622  -36.485 0.6999999881
26617  7.577  -48.382  -36.255 0.8999999762
26648  8.044  -47.511  -37.988 0.6999999881
123369  8.801  -47.378  -38.558 0.6000000238
26530  24.462  -47.509  -28.487 0.8000000119
26541  25.731  -47.737  -31.210 0.6999999881
27472  25.180  -46.858  -29.582 0.8000000119
24857  7.920  -49.400  -34.778 0.6000000238
25715  7.412  -48.829  -35.836 0.6999999881
26599  7.969  -47.839  -36.219 0.8999999762
27549  8.161  -46.855  -36.221 0.6999999881
28474  8.969  -46.652  -38.301 0.6999999881
27587  8.423  -46.886  -37.936 0.6999999881
27564  7.975  -46.915  -37.006 0.6999999881
123617  24.664  -46.465  -28.790 0.8000000119
28377  25.860  -47.059  -30.201 0.8000000119
29255  24.042  -45.983  -29.522 0.8999999762
28383  24.617  -46.698  -31.372 0.8000000119
29266  23.994  -46.290  -30.886 0.8000000119
29256  24.127  -44.795  -29.017 0.6000000238
116290  22.357  -44.144  -32.565 0.5000000000
29272  21.871  -44.624  -32.835 0.5000000000
25714  8.364  -48.878  -35.691 0.6999999881
30137  21.666  -43.985  -32.943 0.4000000060
27548  8.429  -47.209  -36.129 0.8000000119
112036  8.144  -48.169  -35.823 0.8999999762
29304  11.669  -44.892  -35.073 0.3000000119
28454  8.187  -46.360  -36.393 0.6999999881
28428  8.234  -46.247  -36.034 0.6999999881
30127  23.429  -43.997  -30.547 0.6000000238
29263  23.730  -45.067  -30.091 0.6000000238
30135  23.178  -43.360  -31.817 0.6000000238
122446  23.381  -44.119  -31.547 0.6999999881
120626  23.021  -44.065  -32.135 0.6000000238
30138  20.652  -43.885  -33.266 0.5000000000
26615  9.478  -47.908  -36.403 0.5000000000
27528  11.444  -46.487  -36.214 0.4000000060
27546  10.573  -46.909  -36.355 0.4000000060
27547  9.484  -47.112  -36.295 0.6999999881
122706  11.010  -45.537  -35.493 0.5000000000
126267  10.476  -46.074  -35.879 0.5000000000
27530  8.551  -46.168  -35.799 0.8000000119
29305  10.441  -44.643  -34.660 0.6000000238
28412  9.437  -44.438  -34.697 0.6000000238
30163  11.964  -43.367  -34.591 0.5000000000
30945  23.270  -42.996  -30.804 0.5000000000
30951  23.206  -42.730  -31.459 0.6999999881
30136  22.485  -43.369  -32.466 0.6000000238
30953  22.995  -42.569  -32.091 0.6000000238
30954  22.313  -42.337  -32.584 0.4000000060
30164  10.692  -43.012  -34.499 0.4000000060
115965  13.040  -41.852  -35.082 0.4000000060
122982  11.637  -42.565  -34.598 0.4000000060
29292  9.995  -43.780  -34.433 0.5000000000
30205  10.850  -43.264  -37.436 0.6000000238
31762  14.001  -41.816  -35.218 0.4000000060
31776  13.288  -41.016  -35.199 0.4000000060
30980  11.981  -41.827  -34.697 0.5000000000
30981  10.817  -41.917  -34.624 0.5000000000
116370  12.323  -40.975  -34.786 0.4000000060
33240  13.215  -39.322  -35.191 0.3000000119
35844  18.746  -35.649  -30.811 0.1000000015
36839  15.377  -35.506  -36.108 0.2000000030
37693  20.520  -34.469  -32.069 0.1000000015
37694  19.936  -34.141  -31.958 0.1000000015
37751  17.760  -35.080  -37.128 0.2000000030
36837  16.734  -35.048  -36.794 0.2000000030
116039  15.753  -34.885  -36.224 0.2000000030
37692  21.259  -34.405  -32.617 0.1000000015
116881  21.812  -33.916  -33.430 0.1000000015
38547  21.289  -33.428  -32.982 0.1000000015
38587  19.018  -33.803  -36.637 0.1000000015
38588  17.911  -33.533  -36.795 0.2000000030
37739  17.299  -34.310  -36.846 0.2000000030
37740  15.270  -34.279  -35.690 0.2000000030
37726  14.222  -33.911  -35.217 0.2000000030
37706  21.839  -34.090  -34.375 0.1000000015
38556  21.724  -33.238  -34.329 0.1000000015
38554  21.694  -32.970  -33.722 0.1000000015
38574  20.699  -32.961  -35.387 0.1000000015
38589  16.014  -33.272  -36.082 0.1000000015
38590  15.112  -33.588  -35.520 0.2000000030
39369  21.409  -32.437  -34.284 0.1000000015
38575  19.751  -33.146  -36.113 0.1000000015
122242  18.754  -32.935  -36.567 0.1000000015
127001  17.924  -32.739  -36.647 0.1000000015
131275  16.975  -32.866  -36.486 0.1000000015
39390  14.649  -31.833  -35.316 0.1000000015
39404  14.855  -32.724  -35.390 0.2000000030
123171  14.578  -31.138  -35.234 0.1000000015
123122  13.588  -31.123  -34.940 0.1000000015
39392  13.389  -31.792  -35.255 0.1000000015
40173  14.272  -31.000  -36.602 0.1000000015
39388  20.997  -32.146  -34.944 0.1000000015
39401  18.406  -32.153  -36.524 0.1000000015
39389  20.240  -32.178  -35.641 0.1000000015
39402  17.495  -32.144  -36.494 0.1000000015
127898  16.669  -32.118  -36.203 0.1000000015
40161  16.980  -31.460  -36.261 0.1000000015
40150  15.823  -31.516  -35.746 0.1000000015
40151  13.965  -30.511  -34.934 0.1000000015
39400  19.350  -32.205  -36.251 0.1000000015
119021  4.828  -89.532  -40.278 0.8000000119
352  4.501  -89.317  -39.450 0.8999999762
123287  7.256  -87.263  -39.546 0.8999999762
8979  4.548  -68.975  -54.392 0.3000000119
533  5.712  -88.694  -39.412 0.8999999762
9670  4.514  -67.527  -53.493 0.4000000060
1261  21.242  -85.744  -28.702 0.6999999881
2014  25.189  -83.818  -40.866 0.6999999881
2319  19.882  -82.598  -32.633 0.6999999881
1952  20.824  -82.528  -34.277 0.8000000119
118513  13.421  -80.560  -56.768 0.4000000060
123720  9.801  -80.306  -54.227 0.5000000000
5851  12.217  -75.257  -47.765 0.8000000119
15348  2.308  -61.529  -37.789 0.4000000060
14646  1.508  -61.401  -36.636 0.6000000238
19117  3.440  -56.304  -34.235 0.4000000060
110104  0.929  -60.444  -33.483 0.6999999881
15316  1.188  -61.012  -35.085 0.6000000238
19923  4.006  -55.119  -33.390 0.5000000000
16059  2.255  -60.062  -36.010 0.5000000000
16030  1.055  -59.430  -34.574 0.6999999881
24924  7.607  -49.869  -38.737 0.6999999881
23828  17.649  -50.541  -27.943 0.6999999881
26501  19.337  -48.080  -26.498 0.5000000000
27428  18.877  -46.434  -26.423 0.5000000000
28426  8.863  -45.208  -35.255 0.8000000119
28453  8.403  -46.197  -37.278 0.6999999881
27423  23.583  -46.549  -26.572 0.8999999762
27404  22.708  -46.218  -25.871 0.8999999762
26515  23.959  -47.595  -27.593 0.8000000119
27447  24.065  -46.339  -27.501 0.8000000119
111048  24.905  -47.299  -29.218 0.8000000119
28359  24.615  -46.460  -29.286 0.8999999762
32479  12.608  -40.032  -34.852 0.4000000060
112221  21.517  -43.178  -32.981 0.5000000000
36777  19.355  -35.276  -31.118 0.1000000015
38576  13.841  -33.032  -35.058 0.1000000015
40163  13.486  -30.319  -36.048 0.1000000015
37737  19.327  -34.744  -36.544 0.2000000030
38553  22.014  -33.669  -33.970 0.1000000015
129532  21.336  -32.842  -34.779 0.1000000015
23869  17.196  -51.116  -30.375 0.6000000238
22958  15.952  -51.410  -26.657 0.6999999881
37738  18.371  -34.439  -36.947 0.2000000030
2515  9.020  -82.518  -54.741 0.3000000119
2524  11.793  -82.288  -55.656 0.3000000119
3828  8.621  -80.034  -49.890 0.3000000119
3208  20.368  -79.918  -34.167 0.6999999881
1986  22.318  -83.808  -38.144 0.6000000238
2307  24.371  -82.489  -31.219 0.4000000060
1919  23.613  -83.437  -30.077 0.5000000000
3218  20.712  -80.267  -35.726 0.6000000238
3672  22.774  -79.176  -34.117 0.4000000060
3682  21.183  -78.898  -35.208 0.5000000000
2360  21.169  -81.630  -36.206 0.6000000238
3683  20.891  -79.579  -36.046 0.4000000060
3225  20.967  -80.259  -36.588 0.4000000060
2773  26.107  -81.552  -34.520 0.3000000119
3207  25.159  -80.634  -34.808 0.3000000119
2044  23.318  -82.832  -42.233 0.5000000000
1573  22.922  -84.473  -29.187 0.6999999881
2819  20.855  -81.687  -38.994 0.4000000060
3223  24.601  -80.352  -36.492 0.2000000030
2805  23.812  -81.597  -38.689 0.4000000060
2804  24.770  -81.831  -38.130 0.4000000060
4182  23.391  -78.160  -40.178 0.4000000060
7713  10.106  -73.171  -49.427 0.8000000119
7731  10.119  -72.950  -51.118 0.6999999881
6516  3.247  -74.842  -52.018 0.1000000015
7686  11.878  -73.107  -47.437 0.4000000060
6517  3.036  -74.409  -52.116 0.1000000015
8305  13.266  -71.260  -47.474 0.4000000060
6524  3.132  -74.207  -52.624 0.1000000015
7761  4.594  -72.512  -56.378 0.3000000119
129537  3.083  -72.741  -53.519 0.1000000015
7119  2.412  -73.791  -51.414 0.1000000015
118961  11.504  -68.248  -52.410 0.6000000238
1631  0.691  -84.723  -34.740 0.8000000119
122891  0.577  -81.909  -32.683 0.6999999881
3666  0.388  -79.715  -33.370 0.8000000119
3651  1.216  -79.324  -31.306 0.6999999881
3648  1.716  -79.967  -30.806 0.6999999881
4117  2.805  -78.926  -30.522 0.6999999881
125208  4.309  -77.175  -29.733 0.6999999881
5671  2.421  -75.693  -30.614 0.6999999881
5675  1.830  -75.300  -31.076 0.6999999881
6286  4.545  -74.491  -31.504 0.6999999881
10239  6.009  -68.984  -33.907 0.6000000238
15326  2.446  -60.719  -36.591 0.5000000000
121188  12.126  -52.260  -26.916 0.5000000000
22182  11.668  -52.415  -27.129 0.4000000060
23817  13.380  -51.382  -26.229 0.6000000238
22945  13.057  -52.021  -25.941 0.3000000119
117931  13.930  -51.203  -26.651 0.6000000238
23852  18.551  -50.199  -30.133 0.6999999881
23868  17.940  -50.914  -30.512 0.6999999881
22216  17.701  -52.100  -30.466 0.5000000000
24791  18.305  -49.713  -29.470 0.8000000119
24781  18.932  -49.049  -28.993 0.8000000119
23853  17.677  -50.408  -30.026 0.6999999881
25621  20.084  -48.699  -28.435 0.8000000119
25628  20.084  -48.873  -29.099 0.8000000119
25622  19.903  -48.532  -28.670 0.8000000119
111064  19.219  -47.098  -26.459 0.6000000238
26499  20.433  -47.395  -26.630 0.8999999762
26500  19.953  -47.392  -26.783 0.8000000119
121148  19.791  -47.569  -26.726 0.8000000119
25599  20.760  -48.012  -26.737 0.8000000119
112335  24.373  -49.995  -30.076 0.6000000238
26497  22.478  -47.630  -26.299 0.8999999762
27424  22.076  -46.945  -25.978 0.8999999762
24796  24.591  -49.394  -30.843 0.6000000238
25640  25.091  -48.418  -31.379 0.6000000238
26537  25.250  -47.352  -29.825 0.6000000238
28372  25.676  -46.971  -30.085 0.8000000119
27482  25.794  -47.276  -30.594 0.6999999881
27531  8.190  -46.633  -36.118 0.8999999762
27483  24.854  -47.839  -31.024 0.6999999881
28378  24.473  -46.905  -30.373 0.8000000119
119775  23.758  -45.846  -31.333 0.6999999881
29262  24.116  -46.150  -30.321 0.6999999881
29271  22.667  -44.727  -32.407 0.6000000238
29267  23.717  -44.948  -31.025 0.6999999881
30131  23.421  -43.621  -31.202 0.6999999881
29270  23.384  -44.967  -31.771 0.6000000238
27529  9.425  -46.053  -35.683 0.5000000000
28425  9.796  -45.310  -35.029 0.6000000238
131834  18.746  -35.082  -31.200 0.1000000015
125479  16.170  -34.163  -36.298 0.2000000030
130707  16.882  -33.650  -36.575 0.1000000015
39358  21.032  -32.620  -33.204 0.1000000015
39403  15.877  -32.428  -35.890 0.1000000015
112820  15.253  -30.663  -35.424 0.1000000015
39391  13.770  -32.004  -34.909 0.1000000015
40153  13.306  -30.788  -35.199 0.1000000015
41054  14.729  -29.427  -36.622 0.1000000015
40160  17.952  -31.450  -36.507 0.1000000015
23009  17.512  -51.622  -30.491 0.6999999881
3180  15.287  -80.339  -31.648 0.5000000000
2752  14.806  -80.561  -32.286 0.5000000000
3190  14.041  -80.536  -32.597 0.5000000000
2755  12.514  -80.828  -32.575 0.6999999881
3191  13.364  -80.525  -32.430 0.5000000000
915  9.969  -87.160  -25.972 0.3000000119
925  10.328  -86.349  -26.361 0.3000000119
1245  10.708  -85.634  -26.681 0.2000000030
1244  11.554  -85.338  -26.340 0.2000000030
1543  11.694  -84.736  -26.874 0.4000000060
1553  12.106  -84.265  -27.147 0.4000000060
2275  13.799  -82.658  -27.647 0.4000000060
126409  16.662  -80.675  -28.702 0.5000000000
2703  15.490  -81.258  -28.404 0.5000000000
2710  14.609  -81.306  -28.877 0.5000000000
2279  13.643  -82.105  -28.457 0.5000000000
3164  16.755  -80.529  -30.098 0.6000000238
3172  16.321  -80.354  -30.679 0.5000000000
2717  14.658  -80.651  -29.792 0.5000000000
2711  13.761  -81.406  -29.315 0.5000000000
3166  15.457  -80.219  -30.293 0.5000000000
3175  13.799  -80.482  -31.035 0.5000000000
2724  12.873  -81.039  -30.755 0.5000000000
2767  11.424  -81.574  -33.659 0.6999999881
3174  15.024  -80.156  -31.521 0.5000000000
3183  13.378  -80.473  -31.725 0.6000000238
2756  11.645  -81.306  -32.902 0.6999999881
901  17.109  -87.408  -24.326 0.6000000238
3182  14.001  -80.285  -32.175 0.5000000000
2738  12.502  -80.887  -31.699 0.6000000238
825  17.799  -87.892  -43.760 0.4000000060
833  17.188  -88.186  -44.218 0.3000000119
124689  16.068  -88.318  -45.346 0.2000000030
127104  15.344  -88.087  -46.502 0.1000000015
597  11.134  -88.951  -48.025 0.1000000015
595  12.228  -89.239  -47.373 0.1000000015
592  11.482  -88.578  -46.372 0.1000000015
411  8.583  -88.179  -24.406 0.2000000030
1234  11.070  -86.119  -26.004 0.2000000030
1243  12.226  -85.326  -25.781 0.2000000030
1542  12.324  -84.677  -26.410 0.3000000119
1881  12.771  -83.990  -26.873 0.4000000060
1896  12.411  -83.221  -28.018 0.5000000000
1554  11.428  -84.431  -27.422 0.5000000000
1544  11.063  -84.987  -27.043 0.4000000060
1541  13.121  -84.260  -26.194 0.3000000119
126429  13.127  -82.765  -27.978 0.5000000000
2266  14.653  -82.557  -27.158 0.5000000000
2273  15.678  -82.030  -27.063 0.5000000000
2702  16.172  -81.312  -27.781 0.5000000000
125409  15.276  -81.858  -27.673 0.4000000060
2271  19.339  -82.106  -27.503 0.6000000238
3151  17.675  -80.803  -28.574 0.6000000238
3156  17.224  -80.704  -29.366 0.5000000000
2330  10.055  -82.174  -33.997 0.6999999881
2272  18.900  -82.468  -27.799 0.6000000238
2768  10.673  -81.857  -33.845 0.6999999881
1239  17.837  -84.836  -25.793 0.6000000238
2725  11.903  -81.498  -30.994 0.6000000238
2757  10.866  -81.759  -33.080 0.6999999881
1220  17.814  -86.481  -24.453 0.6000000238
623  17.478  -87.723  -24.381 0.6000000238
832  17.830  -87.553  -44.583 0.4000000060
112802  17.075  -87.885  -44.965 0.3000000119
840  17.481  -87.216  -45.394 0.4000000060
841  16.690  -87.567  -45.672 0.3000000119
126235  15.838  -87.632  -46.983 0.1000000015
108570  10.810  -87.590  -48.247 0.1000000015
1125  12.318  -86.717  -47.049 0.1000000015
588  14.999  -87.918  -47.165 0.1000000015
854  13.463  -88.030  -48.062 0.1000000015
108568  11.351  -88.935  -49.833 0.1000000015
109158  11.070  -87.901  -50.341 0.1000000015
914  10.666  -86.847  -25.670 0.2000000030
628  9.555  -87.987  -24.239 0.2000000030
1233  11.788  -85.968  -25.541 0.2000000030
926  9.563  -86.599  -26.677 0.4000000060
1246  9.910  -85.869  -27.004 0.4000000060
1878  15.300  -82.730  -26.376 0.4000000060
2699  18.922  -81.410  -27.719 0.6000000238
2693  16.679  -81.526  -27.109 0.5000000000
1957  9.289  -83.026  -35.066 0.6999999881
2691  18.639  -81.365  -27.002 0.5000000000
2255  17.242  -82.207  -25.763 0.5000000000
2300  11.325  -82.148  -30.365 0.6000000238
2720  12.151  -81.815  -30.082 0.5000000000
2322  10.065  -82.232  -33.157 0.6999999881
1531  18.897  -84.178  -25.896 0.6000000238
1885  19.466  -82.821  -27.015 0.6000000238
2690  19.112  -81.671  -26.179 0.5000000000
2726  11.102  -81.922  -31.245 0.6000000238
2740  10.989  -81.770  -32.185 0.6999999881
2331  9.467  -82.588  -33.682 0.6000000238
1867  18.022  -82.432  -24.981 0.5000000000
132215  10.389  -82.133  -32.406 0.6999999881
900  18.179  -87.251  -24.250 0.6000000238
115448  10.269  -82.365  -31.508 0.6999999881
118912  17.799  -87.917  -25.466 0.6000000238
851  16.377  -87.100  -47.468 0.1000000015
1140  14.399  -87.337  -49.746 0.1000000015
108569  12.001  -88.409  -51.287 0.1000000015
1160  12.959  -85.968  -52.470 0.1000000015
2127  12.859  -83.292  -54.423 0.2000000030
1789  12.659  -84.441  -53.259 0.1000000015
4839  20.697  -77.670  -55.971 0.6000000238
1806  5.375  -84.711  -16.821 0.1000000015
1803  5.649  -84.242  -16.049 0.1000000015
2177  5.954  -83.563  -15.286 0.1000000015
617  8.066  -87.548  -23.090 0.2000000030
611  7.253  -87.228  -22.600 0.2000000030
875  6.779  -86.820  -21.528 0.2000000030
1161  5.611  -85.406  -18.087 0.1000000015
616  8.856  -87.877  -23.583 0.2000000030
131994  5.415  -86.009  -19.407 0.1000000015
405  7.627  -87.675  -23.626 0.2000000030
884  6.759  -86.995  -22.167 0.2000000030
1177  5.549  -86.249  -20.030 0.1000000015
913  11.302  -86.673  -25.299 0.2000000030
627  10.558  -87.738  -24.111 0.2000000030
650  9.222  -87.483  -26.246 0.2000000030
419  7.873  -88.462  -24.892 0.2000000030
2281  11.978  -82.814  -28.764 0.5000000000
1897  11.543  -83.452  -28.379 0.5000000000
125535  10.703  -84.643  -27.698 0.5000000000
2719  12.988  -81.562  -29.741 0.5000000000
1910  11.165  -83.081  -29.104 0.5000000000
1869  15.119  -83.416  -25.651 0.5000000000
2256  16.042  -82.798  -25.655 0.4000000060
1958  8.452  -83.541  -34.632 0.6999999881
1146  15.916  -86.509  -49.532 0.2000000030
1139  15.781  -86.969  -48.777 0.2000000030
858  13.788  -87.462  -50.838 0.1000000015
1151  12.973  -87.475  -51.787 0.1000000015
1155  14.870  -86.188  -51.141 0.2000000030
1467  13.570  -85.646  -52.498 0.1000000015
1778  14.703  -84.965  -52.521 0.1000000015
2126  13.863  -83.189  -54.447 0.1000000015
2167  6.780  -83.362  -14.872 0.1000000015
2158  6.637  -82.511  -14.272 0.1000000015
118862  7.221  -86.860  -21.499 0.2000000030
122857  6.003  -86.032  -19.331 0.1000000015
2572  6.207  -81.780  -13.761 0.1000000015
1176  6.456  -86.253  -20.088 0.1000000015
1471  4.924  -85.394  -18.329 0.1000000015
1469  4.941  -85.101  -17.658 0.1000000015
610  7.745  -87.276  -22.377 0.2000000030
876  5.947  -86.747  -21.570 0.2000000030
1804  4.917  -84.092  -16.536 0.1000000015
2168  5.422  -82.593  -14.918 0.1000000015
114022  11.916  -86.633  -24.781 0.2000000030
1232  12.655  -85.855  -24.920 0.2000000030
935  9.188  -86.158  -27.376 0.4000000060
1534  12.840  -84.907  -25.635 0.3000000119
1255  10.321  -85.244  -27.353 0.4000000060
1911  10.359  -83.305  -29.399 0.5000000000
1898  10.712  -83.652  -28.703 0.5000000000
2288  11.622  -82.465  -29.546 0.5000000000
2289  10.814  -82.728  -29.829 0.5000000000
2323  9.315  -82.788  -32.813 0.6000000238
2339  8.977  -82.963  -34.197 0.6000000238
1138  16.670  -86.801  -48.968 0.2000000030
129503  17.211  -86.735  -49.398 0.3000000119
1149  16.065  -85.911  -50.376 0.3000000119
119753  18.333  -86.591  -49.383 0.3000000119
1154  16.862  -85.774  -51.131 0.3000000119
126217  19.257  -86.088  -49.800 0.3000000119
1458  17.701  -85.279  -51.929 0.3000000119
1777  16.100  -84.682  -52.466 0.3000000119
2509  15.387  -82.376  -55.161 0.2000000030
1776  17.234  -84.777  -52.715 0.3000000119
5367  20.093  -76.379  -57.825 0.5000000000
2157  7.386  -82.794  -14.470 0.1000000015
2571  7.144  -81.970  -13.915 0.1000000015
1805  6.056  -84.592  -16.468 0.1000000015
3020  7.217  -80.960  -13.902 0.1000000015
3503  7.067  -79.699  -14.609 0.1000000015
1468  5.869  -85.053  -17.321 0.1000000015
865  5.437  -86.462  -20.812 0.2000000030
3021  6.447  -81.337  -13.648 0.1000000015
3490  6.251  -80.477  -13.662 0.1000000015
128284  7.107  -78.063  -16.508 0.1000000015
413  7.102  -87.989  -24.322 0.2000000030
119973  4.375  -84.975  -18.428 0.1000000015
406  7.164  -87.621  -23.665 0.2000000030
927  8.857  -86.929  -26.967 0.3000000119
651  8.516  -87.872  -26.513 0.3000000119
1555  9.943  -84.869  -28.016 0.5000000000
1256  9.551  -85.475  -27.698 0.4000000060
936  8.533  -86.537  -27.678 0.4000000060
1899  9.913  -83.870  -29.004 0.5000000000
1912  9.615  -83.534  -29.664 0.5000000000
2302  9.783  -82.860  -30.730 0.5000000000
1931  9.457  -82.911  -31.424 0.6000000238
1948  8.827  -83.144  -33.351 0.6000000238
1454  17.915  -85.449  -51.244 0.3000000119
5937  20.275  -75.961  -57.899 0.5000000000
4000  9.234  -77.987  -17.169 0.1000000015
3986  8.597  -78.441  -16.559 0.1000000015
3515  8.824  -79.288  -16.056 0.1000000015
111806  8.032  -80.497  -14.632 0.1000000015
3032  8.008  -81.580  -14.281 0.1000000015
3516  8.054  -79.488  -15.385 0.1000000015
3973  7.302  -78.705  -15.789 0.1000000015
1802  6.391  -84.008  -15.673 0.1000000015
1807  4.518  -84.222  -17.300 0.1000000015
2573  5.502  -81.554  -13.695 0.1000000015
3022  5.523  -81.049  -13.385 0.1000000015
3974  6.371  -78.742  -15.221 0.1000000015
1164  4.659  -85.817  -19.642 0.2000000030
2574  5.078  -81.726  -14.079 0.1000000015
3504  5.917  -79.430  -14.148 0.1000000015
660  8.239  -87.420  -27.287 0.3000000119
885  6.161  -86.935  -22.302 0.2000000030
3023  4.705  -81.145  -13.463 0.1000000015
2178  4.737  -82.393  -15.634 0.1000000015
1581  9.165  -84.136  -29.295 0.5000000000
1567  9.526  -84.498  -28.641 0.5000000000
1925  9.130  -83.344  -30.759 0.6000000238
1959  7.694  -84.079  -34.644 0.6000000238
6556  19.142  -74.738  -56.870 0.4000000060
5928  19.625  -75.399  -57.383 0.4000000060
877  4.884  -86.389  -21.299 0.2000000030
414  6.675  -87.857  -24.297 0.2000000030
1178  4.682  -86.124  -20.502 0.2000000030
1165  3.783  -85.122  -19.705 0.2000000030
1810  4.081  -84.321  -18.204 0.1000000015
2187  4.262  -83.127  -16.987 0.1000000015
1568  8.721  -84.877  -28.860 0.5000000000
1268  8.763  -85.695  -28.145 0.4000000060
131588  9.480  -83.288  -30.238 0.5000000000
1939  8.718  -83.360  -32.484 0.6000000238
1940  8.149  -83.800  -33.093 0.6000000238
6546  19.985  -74.674  -55.932 0.3000000119
6555  20.275  -75.000  -56.879 0.3000000119
5927  20.559  -75.463  -57.668 0.3000000119
429  7.202  -88.732  -26.015 0.4000000060
629  6.671  -87.551  -23.620 0.2000000030
122103  6.602  -88.156  -24.828 0.4000000060
886  5.201  -86.671  -22.184 0.2000000030
1194  4.094  -85.852  -21.084 0.2000000030
1269  8.070  -85.694  -28.873 0.5000000000
661  7.565  -87.978  -27.561 0.4000000060
430  6.383  -88.725  -26.194 0.4000000060
630  6.106  -87.732  -24.279 0.3000000119
896  5.057  -86.790  -23.101 0.2000000030
1179  3.938  -85.552  -20.378 0.2000000030
1474  3.724  -84.520  -19.092 0.2000000030
1203  4.242  -86.043  -21.880 0.2000000030
114469  3.678  -85.220  -21.015 0.2000000030
2196  3.838  -83.329  -18.002 0.1000000015
662  6.793  -88.488  -27.799 0.4000000060
415  6.064  -88.121  -25.047 0.3000000119
1932  8.748  -83.484  -31.532 0.6000000238
631  5.411  -87.381  -24.305 0.2000000030
1601  8.216  -84.088  -31.360 0.6000000238
383  5.886  -88.954  -43.632 0.6000000238
4488  6.581  -77.603  -16.872 0.1000000015
3988  6.515  -78.115  -16.105 0.1000000015
3491  5.244  -80.055  -13.316 0.1000000015
3975  5.469  -78.551  -14.789 0.1000000015
1582  8.541  -84.452  -29.624 0.5000000000
2585  4.594  -81.819  -14.964 0.1000000015
1279  8.181  -85.007  -29.385 0.5000000000
937  7.958  -87.029  -27.972 0.5000000000
2604  4.422  -82.431  -16.371 0.1000000015
2596  4.253  -81.666  -16.042 0.1000000015
1594  8.538  -83.899  -30.761 0.6000000238
1583  8.023  -84.790  -30.013 0.5000000000
949  7.713  -86.651  -28.634 0.5000000000
1484  3.508  -84.627  -20.579 0.2000000030
113540  3.521  -83.496  -18.931 0.2000000030
2188  3.774  -82.387  -17.870 0.1000000015
128897  7.933  -84.529  -30.801 0.6000000238
1280  7.746  -85.480  -29.701 0.5000000000
671  7.338  -87.597  -28.308 0.5000000000
906  4.921  -86.854  -23.998 0.2000000030
1288  7.517  -85.229  -30.462 0.5000000000
950  7.137  -87.276  -29.077 0.5000000000
119183  6.274  -88.918  -27.130 0.4000000060
579  6.036  -88.571  -44.822 0.4000000060
4503  7.786  -77.164  -17.726 0.1000000015
109443  10.232  -75.660  -18.979 0.1000000015
3012  4.527  -80.424  -13.157 0.1000000015
1495  3.427  -84.551  -21.458 0.2000000030
653  5.260  -88.022  -25.712 0.3000000119
111723  4.322  -86.186  -22.761 0.2000000030
111821  3.709  -85.297  -21.700 0.2000000030
672  6.583  -88.162  -28.634 0.5000000000
916  4.678  -86.891  -24.921 0.3000000119
964  7.229  -86.041  -30.164 0.5000000000
1608  7.476  -84.439  -32.614 0.6000000238
113083  6.670  -84.741  -34.057 0.6000000238
580  5.651  -88.452  -44.487 0.4000000060
1295  7.290  -85.048  -31.247 0.6000000238
115165  5.603  -88.800  -26.879 0.4000000060
1602  7.676  -84.511  -31.692 0.6000000238
1619  6.907  -84.680  -33.294 0.6000000238
5848  17.341  -75.054  -46.907 0.6999999881
5884  17.592  -75.396  -50.194 0.6999999881
124766  4.783  -87.406  -25.499 0.4000000060
439  5.808  -88.834  -27.938 0.4000000060
1289  6.951  -85.721  -30.918 0.6000000238
6470  16.918  -74.808  -46.406 0.6999999881
679  6.375  -87.822  -29.459 0.5000000000
127781  6.779  -85.486  -31.584 0.6000000238
1318  5.616  -85.786  -33.958 0.6999999881
749  3.105  -87.793  -35.744 0.6999999881
1018  2.537  -86.859  -36.187 0.6999999881
734  3.459  -88.101  -34.247 0.6999999881
735  2.867  -87.462  -34.389 0.6999999881
132145  3.160  -87.824  -34.958 0.6999999881
1009  2.632  -87.025  -35.224 0.6999999881
487  3.901  -88.351  -33.763 0.6999999881
1000  2.374  -86.724  -34.523 0.6999999881
709  4.603  -88.149  -32.432 0.6999999881
130457  3.642  -88.299  -32.332 0.6999999881
721  4.313  -88.228  -33.216 0.6999999881
710  3.830  -88.388  -32.833 0.6999999881
984  2.746  -87.112  -32.955 0.6999999881
1307  2.047  -86.124  -33.164 0.6999999881
708  5.091  -87.517  -32.310 0.6000000238
701  2.981  -87.282  -32.108 0.6999999881
117312  2.501  -86.335  -32.334 0.6999999881
118861  1.957  -85.618  -32.427 0.6999999881
1329  1.854  -86.189  -34.105 0.6999999881
1319  1.413  -85.613  -33.658 0.6999999881
1339  1.905  -86.142  -35.064 0.6999999881
470  4.121  -88.444  -31.178 0.6000000238
115487  3.520  -87.965  -30.990 0.6999999881
976  3.209  -87.308  -31.278 0.6999999881
114047  5.279  -87.821  -31.142 0.6000000238
959  3.387  -86.549  -29.906 0.6000000238
452  4.147  -88.418  -29.479 0.6000000238
675  3.659  -87.919  -28.834 0.5000000000
681  3.537  -87.613  -29.644 0.6000000238
690  3.397  -87.411  -30.474 0.6999999881
967  3.124  -86.445  -30.752 0.6999999881
1291  2.700  -85.481  -31.053 0.6999999881
1296  2.310  -85.543  -31.787 0.6999999881
462  4.040  -88.411  -30.258 0.6000000238
463  3.706  -88.111  -30.316 0.6000000238
968  2.825  -86.388  -31.552 0.6999999881
689  5.542  -87.828  -30.536 0.6000000238
1620  0.864  -84.966  -33.696 0.6999999881
1570  3.251  -83.924  -29.097 0.6999999881
1569  4.151  -84.310  -28.955 0.6000000238
1584  3.328  -84.568  -29.714 0.6000000238
1281  3.671  -85.427  -29.405 0.6000000238
1290  3.174  -85.471  -30.262 0.6999999881
951  3.557  -86.750  -28.876 0.6000000238
1292  1.945  -84.778  -31.301 0.6999999881
1297  1.576  -85.011  -31.999 0.6999999881
1308  1.321  -85.240  -32.863 0.6999999881
1611  0.766  -84.164  -32.650 0.6999999881
10241  4.097  -68.861  -34.102 0.6000000238
9493  1.772  -69.115  -33.244 0.6000000238
10243  2.169  -68.500  -33.761 0.6000000238
10932  1.309  -67.634  -30.569 0.6000000238
128466  1.403  -68.129  -32.321 0.6000000238
10244  1.748  -68.260  -33.501 0.6000000238
10260  2.691  -67.990  -34.370 0.6000000238
11711  1.432  -67.026  -31.058 0.6000000238
10964  1.572  -67.837  -33.080 0.6000000238
11004  1.878  -67.026  -34.409 0.6000000238
11003  2.481  -67.184  -34.850 0.6000000238
11021  2.716  -66.483  -35.537 0.6000000238
124939  1.599  -66.422  -31.589 0.6000000238
114884  1.651  -66.936  -33.259 0.6000000238
12468  1.614  -66.092  -30.637 0.6000000238
11754  1.722  -66.431  -34.672 0.6000000238
12476  1.609  -65.617  -31.628 0.6000000238
11725  1.625  -66.222  -32.471 0.6000000238
12507  1.578  -65.617  -34.532 0.6000000238
13189  1.510  -64.669  -31.698 0.6999999881
12498  1.588  -65.940  -33.451 0.6999999881
111311  1.625  -65.105  -30.789 0.6999999881
124598  1.474  -63.935  -30.099 0.6999999881
13891  1.435  -63.730  -31.660 0.6999999881
13200  1.464  -64.106  -32.659 0.6999999881
122572  1.501  -64.873  -33.574 0.6999999881
13900  1.390  -63.283  -32.315 0.6999999881
13884  1.405  -63.264  -30.693 0.6999999881
15252  1.651  -61.753  -28.171 0.6999999881
15245  2.121  -61.820  -27.697 0.6999999881
15251  1.781  -60.989  -28.048 0.6999999881
15963  2.238  -60.265  -28.048 0.6999999881
112239  1.414  -60.902  -28.622 0.6999999881
16734  1.998  -59.454  -28.412 0.6999999881
131136  3.748  -59.794  -28.225 0.6999999881
118946  3.712  -59.107  -28.451 0.6000000238
111887  0.896  -59.851  -30.309 0.6999999881
17480  2.716  -58.793  -28.497 0.6999999881
117117  4.757  -57.854  -28.568 0.6000000238
17481  1.671  -58.609  -28.697 0.6999999881
19068  4.536  -56.173  -28.617 0.6000000238
19870  5.363  -55.623  -28.501 0.6000000238
18272  4.081  -57.118  -28.698 0.6999999881
18273  2.923  -57.096  -28.716 0.6999999881
19069  3.375  -56.231  -28.727 0.6999999881
19871  4.493  -55.106  -28.615 0.6000000238
20651  7.048  -54.493  -28.298 0.5000000000
113293  5.828  -54.981  -28.448 0.5000000000
19872  3.503  -55.164  -28.730 0.6000000238
19873  2.646  -55.465  -28.868 0.6000000238
17497  19.427  -58.291  -31.183 0.1000000015
18321  18.978  -57.977  -33.540 0.1000000015
17487  17.997  -58.294  -28.753 0.1000000015
18267  17.258  -57.861  -27.980 0.1000000015
117523  18.388  -58.482  -29.713 0.1000000015
18304  19.687  -58.382  -32.063 0.1000000015
19125  17.347  -55.956  -35.604 0.1000000015
18312  20.323  -58.204  -32.682 0.1000000015
19106  19.286  -57.301  -34.004 0.1000000015
19114  18.683  -56.744  -34.507 0.1000000015
19076  14.824  -56.205  -28.764 0.1000000015
19062  16.524  -56.803  -27.847 0.1000000015
111861  14.895  -55.494  -29.292 0.2000000030
19881  14.006  -55.684  -29.500 0.3000000119
19896  13.027  -55.541  -29.637 0.4000000060
20676  11.746  -54.396  -29.599 0.4000000060
20678  10.101  -54.014  -29.750 0.4000000060
19075  15.615  -55.780  -28.606 0.2000000030
18281  18.827  -57.957  -29.054 0.1000000015
19060  18.432  -56.674  -28.190 0.1000000015
19866  17.636  -55.901  -27.974 0.2000000030
18291  19.928  -57.830  -30.560 0.1000000015
18280  19.593  -57.612  -29.431 0.1000000015
18290  21.040  -57.902  -31.035 0.1000000015
18310  22.158  -58.342  -33.322 0.1000000015
19105  20.189  -57.040  -33.867 0.1000000015
19927  18.716  -55.896  -34.640 0.1000000015
19918  20.321  -56.000  -34.297 0.1000000015
19926  19.245  -55.412  -34.530 0.1000000015
19880  14.479  -55.387  -29.577 0.2000000030
19894  14.225  -55.144  -29.960 0.3000000119
131300  13.248  -54.363  -30.234 0.4000000060
20687  12.037  -53.848  -29.754 0.4000000060
19879  15.404  -55.054  -29.353 0.2000000030
19893  15.005  -54.905  -29.810 0.2000000030
19863  20.209  -55.274  -28.066 0.1000000015
19059  19.304  -56.486  -28.249 0.1000000015
19877  16.883  -55.087  -28.353 0.2000000030
20662  15.713  -54.394  -29.730 0.2000000030
128118  15.500  -54.218  -30.092 0.2000000030
19109  5.324  -56.359  -33.347 0.3000000119
19876  20.802  -55.669  -29.040 0.1000000015
121381  21.101  -57.082  -30.150 0.1000000015
19922  5.098  -55.391  -33.216 0.3000000119
19892  21.341  -56.297  -29.926 0.1000000015
19094  21.786  -57.938  -31.768 0.1000000015
19103  22.349  -57.366  -33.937 0.1000000015
20698  21.579  -54.908  -33.946 0.1000000015
118213  20.891  -54.114  -34.219 0.1000000015
20700  19.840  -54.977  -34.442 0.1000000015
21416  19.606  -53.524  -27.847 0.3000000119
21417  18.599  -53.792  -28.156 0.2000000030
20648  19.434  -54.583  -27.856 0.1000000015
21425  16.662  -53.621  -29.981 0.4000000060
19875  21.485  -54.622  -29.298 0.1000000015
20646  20.930  -54.078  -28.458 0.2000000030
19921  6.134  -55.738  -33.249 0.2000000030
124871  21.497  -55.428  -29.707 0.1000000015
19905  22.323  -56.238  -31.700 0.1000000015
19913  22.638  -56.334  -32.884 0.1000000015
20670  22.019  -54.945  -30.232 0.1000000015
19891  21.909  -55.844  -30.606 0.1000000015
19890  22.389  -55.207  -31.139 0.1000000015
20696  22.795  -54.553  -32.674 0.1000000015
21464  21.713  -53.873  -33.779 0.1000000015
21472  20.299  -53.393  -34.337 0.1000000015
22195  18.921  -52.903  -28.510 0.2000000030
21415  20.404  -53.506  -27.916 0.3000000119
21423  18.096  -53.067  -29.505 0.4000000060
21432  17.505  -52.768  -30.298 0.5000000000
21433  16.880  -53.234  -30.293 0.3000000119
21414  21.137  -53.327  -28.288 0.2000000030
22203  22.845  -52.811  -29.721 0.3000000119
123920  22.971  -53.502  -31.446 0.1000000015
22229  23.118  -52.752  -31.964 0.2000000030
20669  22.533  -54.512  -30.700 0.1000000015
121105  22.046  -53.067  -33.465 0.1000000015
121015  21.400  -53.059  -33.887 0.1000000015
23895  21.988  -50.667  -32.993 0.2000000030
22250  20.112  -51.912  -34.136 0.1000000015
22253  5.345  -52.417  -33.329 0.3000000119
120324  21.208  -50.599  -33.245 0.2000000030
129047  19.593  -48.981  -33.297 0.2000000030
22980  19.744  -51.685  -28.137 0.6000000238
124782  20.744  -52.880  -27.831 0.6000000238
22185  20.730  -52.213  -27.512 0.5000000000
23826  21.276  -50.726  -27.004 0.6999999881
22192  22.336  -52.663  -28.903 0.5000000000
23825  22.274  -50.547  -27.252 0.6999999881
24756  22.204  -49.079  -26.722 0.6999999881
128221  23.336  -52.333  -30.035 0.4000000060
22239  23.263  -51.959  -32.050 0.2000000030
22240  22.857  -52.099  -32.630 0.2000000030
23006  23.822  -51.256  -30.653 0.3000000119
23050  23.037  -51.338  -32.395 0.2000000030
126937  22.634  -50.750  -32.665 0.2000000030
22252  6.322  -52.107  -33.597 0.4000000060
23894  23.316  -50.511  -32.225 0.2000000030
24809  22.459  -49.936  -32.655 0.2000000030
25646  22.556  -48.930  -32.555 0.2000000030
23896  21.580  -49.944  -32.978 0.2000000030
25663  20.889  -48.685  -33.007 0.2000000030
128550  20.278  -48.666  -33.103 0.2000000030
26567  20.573  -48.067  -33.092 0.2000000030
131672  19.952  -48.186  -33.193 0.2000000030
122169  18.392  -47.492  -33.473 0.2000000030
24772  21.482  -49.779  -26.831 0.6999999881
23837  23.577  -50.548  -28.556 0.5000000000
24771  22.649  -49.787  -27.124 0.6999999881
111497  24.232  -50.013  -31.083 0.5000000000
25641  24.678  -48.769  -31.923 0.4000000060
25645  23.562  -48.753  -32.311 0.2000000030
26555  21.882  -47.793  -32.698 0.3000000119
25648  21.208  -48.125  -32.907 0.3000000119
114582  21.632  -46.825  -32.758 0.2000000030
26556  21.018  -47.443  -32.969 0.2000000030
27493  19.680  -46.101  -33.308 0.3000000119
26557  18.951  -46.711  -33.357 0.2000000030
28388  22.105  -45.299  -32.685 0.5000000000
28389  20.637  -45.175  -33.220 0.4000000060
26558  17.960  -46.600  -33.341 0.2000000030
29274  19.912  -44.553  -33.284 0.4000000060
28390  19.752  -45.296  -33.265 0.3000000119
28391  18.832  -45.415  -33.109 0.2000000030
27494  18.321  -45.925  -33.189 0.2000000030
115015  23.688  -49.085  -27.811 0.6999999881
26496  23.414  -47.523  -26.693 0.6999999881
24778  24.169  -49.100  -28.713 0.6999999881
26547  24.745  -47.789  -32.141 0.5000000000
26554  22.568  -47.127  -32.462 0.4000000060
112745  7.678  -49.704  -33.361 0.4000000060
23920  6.729  -49.899  -33.490 0.4000000060
28384  23.587  -46.107  -31.694 0.6999999881
28387  22.949  -45.563  -32.256 0.5000000000
25673  9.459  -48.845  -33.395 0.2000000030
24833  8.174  -49.563  -33.402 0.4000000060
29273  21.007  -44.566  -33.196 0.3000000119
28395  15.786  -45.810  -32.326 0.1000000015
26587  10.805  -47.837  -33.602 0.1000000015
25695  9.724  -48.574  -34.391 0.3000000119
25674  8.499  -49.293  -33.427 0.3000000119
30139  19.572  -43.745  -33.193 0.4000000060
117419  18.960  -44.243  -32.842 0.4000000060
119905  18.329  -44.687  -32.692 0.2000000030
28393  17.206  -45.457  -32.632 0.1000000015
26572  12.070  -47.031  -33.261 0.1000000015
26586  11.484  -47.494  -34.098 0.1000000015
30140  18.667  -43.555  -32.850 0.4000000060
29275  17.730  -44.099  -32.537 0.2000000030
25694  10.364  -48.164  -34.253 0.2000000030
25675  7.568  -49.643  -33.677 0.4000000060
122549  17.484  -44.835  -32.534 0.2000000030
28394  16.639  -45.133  -32.490 0.1000000015
28401  15.339  -45.370  -32.547 0.1000000015
28402  14.767  -45.463  -33.170 0.1000000015
27505  13.588  -46.282  -33.216 0.1000000015
27515  12.929  -46.707  -33.810 0.1000000015
26585  12.466  -47.298  -35.013 0.1000000015
25693  11.022  -48.126  -35.254 0.2000000030
115004  17.935  -43.466  -32.711 0.3000000119
30141  17.301  -43.543  -32.709 0.2000000030
25713  9.367  -48.703  -35.778 0.4000000060
29279  15.899  -44.592  -32.757 0.1000000015
29280  15.334  -44.721  -33.419 0.1000000015
126407  14.849  -45.210  -34.102 0.1000000015
127040  14.108  -45.989  -35.042 0.1000000015
27514  13.767  -46.361  -34.666 0.1000000015
26597  11.746  -47.688  -35.801 0.2000000030
25712  10.283  -48.462  -35.665 0.2000000030
29289  14.947  -44.503  -34.294 0.3000000119
28411  14.395  -45.227  -34.821 0.2000000030
28423  12.916  -46.101  -35.759 0.2000000030
121839  12.305  -46.729  -36.111 0.2000000030
26614  10.422  -47.730  -36.354 0.3000000119
25732  8.824  -48.322  -36.202 0.5000000000
28422  13.650  -45.660  -35.330 0.2000000030
28424  12.115  -45.855  -35.875 0.2000000030
26613  11.523  -47.394  -36.206 0.2000000030
2267  13.864  -83.125  -27.035 0.4000000060
1888  13.120  -83.311  -27.364 0.4000000060
2280  12.760  -82.513  -28.539 0.5000000000
1879  14.341  -83.353  -26.372 0.4000000060
1533  13.623  -84.487  -25.503 0.4000000060
5935  21.504  -75.990  -58.540 0.3000000119
23071  7.289  -50.699  -33.641 0.4000000060
124585  17.204  -88.238  -43.487 0.2000000030
2753  14.341  -80.848  -32.801 0.6999999881
847  17.225  -86.835  -46.179 0.3000000119
1131  16.922  -86.742  -48.057 0.2000000030
1122  17.074  -86.704  -47.117 0.3000000119
2708  18.331  -81.144  -28.501 0.6000000238
114318  19.183  -86.486  -49.321 0.3000000119
1144  17.715  -86.553  -49.856 0.3000000119
1143  18.533  -86.254  -49.937 0.3000000119
1459  17.212  -85.468  -51.820 0.3000000119
120694  17.488  -84.169  -53.395 0.3000000119
2123  16.995  -82.991  -54.318 0.3000000119
2520  15.827  -81.680  -55.830 0.2000000030
2521  14.935  -81.825  -55.774 0.2000000030
2950  14.506  -81.413  -56.290 0.3000000119
117642  5.831  -54.818  -33.233 0.3000000119
110308  24.221  -46.867  -27.920 0.6999999881
30957  19.203  -42.990  -33.203 0.4000000060
2951  13.549  -81.564  -56.220 0.2000000030
111582  6.793  -55.080  -33.412 0.2000000030
20688  11.313  -53.574  -29.722 0.4000000060
1790  11.491  -84.324  -53.310 0.1000000015
2116  12.245  -83.829  -53.767 0.2000000030
2512  12.366  -82.799  -55.068 0.2000000030
2523  12.967  -82.185  -55.671 0.2000000030
22215  18.144  -52.171  -30.298 0.5000000000
24757  21.087  -48.812  -26.758 0.8000000119
25598  21.814  -48.271  -26.470 0.8000000119
25597  22.800  -48.384  -26.663 0.6999999881
25696  8.810  -48.986  -34.670 0.3000000119
27484  23.930  -47.128  -31.578 0.4000000060
124902  21.402  -45.084  -33.007 0.5000000000
25731  9.978  -48.306  -36.222 0.3000000119
25620  24.085  -48.322  -28.207 0.6999999881
24787  24.109  -49.910  -29.090 0.6999999881
113954  23.958  -51.094  -30.084 0.4000000060
23867  24.077  -50.613  -30.435 0.4000000060
126827  23.849  -50.023  -31.847 0.2000000030
2274  14.549  -81.990  -28.020 0.4000000060
2709  15.686  -80.506  -29.413 0.6000000238
3165  16.131  -80.159  -30.232 0.5000000000
2718  13.765  -80.846  -30.208 0.5000000000
129118  16.598  -88.071  -45.175 0.3000000119
842  16.007  -87.948  -46.184 0.1000000015
109224  10.841  -88.754  -48.914 0.1000000015
108571  11.146  -87.787  -47.209 0.1000000015
109140  11.748  -89.330  -48.730 0.1000000015
109203  11.728  -89.235  -47.699 0.1000000015
598  12.656  -88.814  -48.203 0.1000000015
594  13.028  -88.564  -47.246 0.1000000015
1871  13.759  -83.924  -26.064 0.4000000060
2265  16.292  -82.193  -26.419 0.5000000000
2698  19.486  -81.720  -26.811 0.5000000000
2700  18.153  -80.993  -27.809 0.5000000000
848  16.520  -87.235  -46.584 0.1000000015
852  15.553  -87.351  -47.900 0.1000000015
109145  10.950  -87.436  -49.532 0.1000000015
108572  11.509  -86.892  -48.680 0.1000000015
109264  11.461  -87.118  -47.568 0.1000000015
853  14.478  -87.666  -47.981 0.1000000015
108564  12.971  -88.178  -49.009 0.1000000015
856  13.913  -87.651  -48.897 0.1000000015
109260  12.393  -88.640  -50.108 0.1000000015
2692  17.689  -81.288  -27.121 0.5000000000
2287  12.420  -82.204  -29.245 0.5000000000
857  13.402  -87.902  -50.001 0.1000000015
132227  15.195  -86.958  -49.424 0.2000000030
112612  14.863  -86.701  -50.361 0.2000000030
859  12.730  -88.041  -51.107 0.1000000015
128902  12.042  -88.128  -52.028 0.1000000015
112359  12.340  -84.798  -52.718 0.1000000015
1779  13.129  -85.183  -52.796 0.1000000015
860  12.122  -87.665  -52.128 0.1000000015
1159  13.214  -86.435  -52.298 0.1000000015
2115  13.257  -83.796  -53.772 0.1000000015
2511  13.434  -82.642  -55.080 0.2000000030
120295  8.647  -87.657  -22.951 0.2000000030
115896  7.364  -88.540  -25.252 0.3000000119
1150  14.092  -87.006  -51.359 0.1000000015
1156  13.805  -86.616  -51.894 0.1000000015
1157  12.829  -87.050  -52.185 0.1000000015
1455  15.814  -85.584  -51.087 0.2000000030
1461  15.025  -85.660  -51.642 0.1000000015
1788  13.607  -84.416  -53.224 0.1000000015
115417  13.871  -84.942  -52.797 0.1000000015
120355  14.191  -85.764  -52.163 0.1000000015
1466  15.498  -85.150  -52.039 0.2000000030
1787  14.561  -84.402  -53.131 0.1000000015
2113  15.482  -83.802  -53.626 0.3000000119
2114  14.270  -83.777  -53.763 0.1000000015
2125  14.883  -83.105  -54.445 0.1000000015
2522  13.995  -82.005  -55.709 0.2000000030
2510  14.420  -82.491  -55.120 0.2000000030
122849  5.028  -83.364  -15.890 0.1000000015
1145  16.882  -86.578  -49.817 0.3000000119
1460  16.235  -85.312  -51.589 0.3000000119
1147  17.951  -86.082  -50.613 0.3000000119
1148  17.274  -86.192  -50.564 0.3000000119
1465  16.774  -85.140  -52.217 0.3000000119
2124  15.944  -83.030  -54.422 0.3000000119
2112  16.713  -83.647  -53.712 0.3000000119
1785  16.632  -84.293  -53.097 0.3000000119
11744  1.663  -66.642  -34.108 0.6000000238
17507  18.983  -58.797  -31.940 0.1000000015
18292  19.140  -58.094  -30.083 0.1000000015
18320  19.885  -57.672  -33.275 0.1000000015
18313  19.375  -58.246  -32.755 0.1000000015
18266  18.247  -57.512  -28.388 0.1000000015
19061  17.539  -56.798  -28.014 0.1000000015
18303  20.329  -58.248  -31.688 0.1000000015
18319  21.285  -58.065  -33.648 0.1000000015
19063  15.494  -56.832  -28.081 0.1000000015
19867  16.689  -55.826  -28.090 0.1000000015
19895  13.681  -55.527  -29.688 0.3000000119
20675  12.662  -54.662  -29.815 0.4000000060
19878  16.135  -54.853  -29.005 0.2000000030
18265  19.110  -57.270  -28.629 0.1000000015
20650  17.547  -54.915  -28.107 0.1000000015
19865  18.501  -55.796  -27.955 0.1000000015
18279  20.376  -57.339  -29.856 0.1000000015
19074  19.908  -56.972  -28.895 0.1000000015
19073  20.666  -56.635  -29.305 0.1000000015
19084  21.765  -56.993  -31.038 0.1000000015
19101  22.283  -57.608  -32.517 0.1000000015
19104  21.273  -57.130  -34.284 0.1000000015
19113  19.391  -56.395  -34.341 0.1000000015
19916  22.256  -55.807  -33.662 0.1000000015
20673  13.953  -54.457  -30.345 0.5000000000
20647  20.210  -54.322  -28.001 0.3000000119
19864  19.407  -55.586  -27.926 0.1000000015
19058  20.159  -56.207  -28.371 0.1000000015
20658  20.783  -54.851  -28.618 0.1000000015
20659  17.680  -53.985  -28.703 0.2000000030
20660  16.860  -54.240  -29.150 0.2000000030
21424  17.190  -53.441  -29.870 0.2000000030
20661  16.297  -54.079  -29.679 0.2000000030
131609  21.128  -55.119  -29.210 0.1000000015
19915  22.696  -55.329  -33.039 0.1000000015
20697  22.303  -54.700  -33.416 0.1000000015
21465  21.014  -53.402  -34.151 0.1000000015
20649  18.472  -54.792  -27.896 0.1000000015
21422  21.645  -53.776  -29.005 0.2000000030
19912  22.660  -55.343  -32.151 0.1000000015
20657  22.265  -54.083  -29.905 0.2000000030
20686  22.786  -54.392  -31.577 0.1000000015
21460  22.906  -53.670  -32.317 0.1000000015
21463  22.529  -53.811  -33.190 0.1000000015
22249  20.711  -52.637  -34.109 0.1000000015
22204  19.258  -52.037  -28.900 0.6000000238
22186  20.071  -52.162  -27.583 0.5000000000
21413  21.780  -53.138  -28.725 0.5000000000
21431  22.740  -53.413  -30.064 0.2000000030
22214  23.122  -52.863  -30.739 0.1000000015
22992  23.040  -52.141  -29.281 0.5000000000
22228  23.351  -52.206  -31.402 0.2000000030
119279  22.727  -52.941  -32.882 0.1000000015
22247  22.218  -52.230  -33.188 0.2000000030
22248  21.459  -52.366  -33.652 0.1000000015
23051  22.414  -51.407  -32.924 0.2000000030
23066  21.568  -51.450  -33.338 0.1000000015
23067  20.861  -51.129  -33.511 0.1000000015
23913  20.469  -50.548  -33.440 0.1000000015
109722  20.807  -49.913  -33.169 0.2000000030
24826  19.417  -49.816  -33.605 0.2000000030
22979  20.046  -50.628  -28.631 0.6999999881
22965  20.307  -51.513  -27.502 0.6999999881
22964  21.025  -51.477  -27.194 0.5000000000
22978  21.522  -51.936  -27.626 0.5000000000
23838  22.825  -51.031  -28.007 0.6000000238
22977  22.397  -51.892  -28.302 0.6000000238
22976  23.346  -51.384  -28.879 0.6000000238
22963  21.903  -51.318  -27.460 0.6000000238
23824  23.125  -50.258  -27.763 0.6000000238
23850  23.937  -50.752  -29.531 0.5000000000
22213  23.516  -51.983  -30.703 0.3000000119
114988  23.874  -50.633  -31.338 0.3000000119
22251  7.088  -51.818  -33.812 0.4000000060
24808  23.321  -49.568  -32.302 0.3000000119
109591  21.886  -49.327  -32.780 0.2000000030
24824  21.202  -49.291  -32.976 0.2000000030
25647  21.679  -48.634  -32.776 0.2000000030
24825  20.449  -49.255  -33.115 0.2000000030
114427  20.039  -47.247  -33.259 0.2000000030
26568  19.274  -47.876  -33.353 0.2000000030
25613  23.077  -49.112  -27.101 0.6999999881
24779  23.693  -49.770  -28.243 0.6999999881
24770  23.297  -49.631  -27.589 0.6999999881
119420  23.808  -48.115  -32.190 0.4000000060
131284  22.236  -48.347  -32.620 0.3000000119
26553  23.499  -47.456  -32.151 0.4000000060
27490  22.307  -46.179  -32.555 0.5000000000
27492  20.717  -46.520  -33.115 0.3000000119
120306  20.439  -45.761  -33.228 0.3000000119
129851  18.936  -45.978  -33.288 0.2000000030
27491  21.336  -45.821  -32.942 0.4000000060
28392  17.923  -45.363  -32.798 0.2000000030
128089  19.121  -44.841  -33.007 0.2000000030
25612  23.558  -48.394  -27.243 0.6999999881
27489  23.191  -46.536  -32.178 0.4000000060
113286  8.877  -49.182  -33.317 0.3000000119
25672  10.268  -48.323  -33.447 0.1000000015
113921  16.040  -45.083  -32.491 0.1000000015
126181  18.314  -43.992  -32.614 0.3000000119
127584  17.055  -44.263  -32.523 0.2000000030
29276  16.438  -44.428  -32.574 0.2000000030
27504  14.381  -45.829  -34.168 0.1000000015
28397  14.111  -45.908  -32.875 0.1000000015
26596  12.416  -47.189  -35.942 0.2000000030
25711  10.928  -48.083  -36.143 0.2000000030
30142  16.732  -43.712  -32.765 0.3000000119
27526  13.456  -46.289  -35.379 0.2000000030
33  13.728  -91.792  -34.357 0.2000000030
34  12.869  -92.067  -34.657 0.2000000030
54  13.458  -91.649  -36.778 0.2000000030
1847  23.262  -83.281  -22.703 0.4000000060
2227  23.763  -83.073  -23.199 0.3000000119
1846  23.736  -83.918  -22.822 0.4000000060
2216  22.653  -83.149  -22.355 0.3000000119
1497  22.730  -84.844  -22.046 0.4000000060
1845  24.349  -83.844  -23.416 0.4000000060
1496  23.375  -84.696  -22.638 0.4000000060
1205  24.214  -84.917  -23.845 0.4000000060
1206  23.444  -85.222  -23.185 0.5000000000
1216  24.347  -85.128  -24.556 0.4000000060
112067  23.669  -85.387  -24.035 0.5000000000
1207  23.036  -85.621  -23.586 0.5000000000
907  23.388  -85.866  -25.189 0.5000000000
908  22.557  -86.328  -25.080 0.5000000000
898  22.092  -86.261  -24.297 0.5000000000
928  22.602  -86.308  -26.577 0.6000000238
918  22.143  -86.573  -25.817 0.5000000000
633  19.097  -87.519  -24.765 0.5000000000
634  18.221  -87.689  -24.570 0.5000000000
1250  23.054  -86.014  -27.298 0.6000000238
1260  22.589  -85.942  -28.041 0.6000000238
1251  22.190  -86.312  -27.374 0.6000000238
929  21.751  -86.649  -26.677 0.5000000000
921  20.092  -87.222  -26.661 0.6000000238
643  19.756  -87.363  -25.607 0.5000000000
1563  22.000  -85.492  -28.610 0.6000000238
1870  14.332  -83.933  -25.589 0.3000000119
1858  24.993  -83.877  -24.148 0.4000000060
1834  22.381  -84.022  -21.820 0.3000000119
1485  21.968  -84.952  -21.567 0.4000000060
1508  24.532  -84.436  -23.795 0.4000000060
1195  22.862  -85.271  -22.499 0.5000000000
1528  24.975  -84.911  -25.057 0.4000000060
113116  22.489  -85.679  -22.851 0.5000000000
1227  24.247  -85.326  -25.324 0.5000000000
112002  23.934  -85.618  -27.205 0.6000000238
909  21.562  -86.717  -24.975 0.5000000000
632  19.839  -87.229  -24.487 0.5000000000
118789  18.986  -87.362  -24.289 0.5000000000
1562  22.822  -85.274  -28.557 0.6000000238
910  20.627  -87.087  -25.232 0.5000000000
3835  21.880  -79.908  -50.322 0.5000000000
3375  21.720  -80.818  -50.802 0.6000000238
3374  22.892  -80.829  -51.064 0.5000000000
2930  23.285  -81.286  -52.231 0.6999999881
3401  22.906  -81.023  -52.892 0.6999999881
2655  23.621  -82.164  -23.777 0.2000000030
2228  22.971  -82.463  -22.997 0.2000000030
1532  14.260  -84.430  -25.064 0.3000000119
1863  14.977  -84.109  -24.905 0.3000000119
2226  24.463  -82.976  -23.775 0.3000000119
2229  22.282  -82.406  -22.515 0.3000000119
2217  21.806  -83.005  -21.907 0.3000000119
1518  25.331  -84.320  -25.061 0.4000000060
1226  24.900  -84.978  -25.810 0.5000000000
127269  21.160  -84.934  -21.117 0.4000000060
1180  22.236  -85.524  -22.034 0.4000000060
124950  24.724  -85.221  -27.144 0.4000000060
1228  18.764  -85.170  -24.892 0.5000000000
1238  24.298  -85.370  -26.325 0.5000000000
1258  24.398  -85.309  -27.910 0.6000000238
888  21.689  -86.088  -23.338 0.5000000000
115852  21.361  -86.438  -24.149 0.5000000000
891  19.199  -87.002  -23.958 0.5000000000
612  19.653  -87.067  -24.063 0.5000000000
1259  23.462  -85.665  -27.960 0.6000000238
899  20.712  -86.785  -24.387 0.5000000000
622  20.285  -86.726  -23.978 0.5000000000
1561  23.683  -85.064  -28.535 0.6000000238
129472  21.646  -78.987  -49.472 0.5000000000
130939  22.467  -79.297  -50.167 0.5000000000
3824  20.781  -79.614  -49.483 0.5000000000
4292  22.584  -78.720  -49.664 0.5000000000
3373  23.813  -80.670  -51.292 0.5000000000
3387  23.449  -81.176  -51.630 0.5000000000
3860  23.922  -80.090  -52.289 0.6000000238
3862  22.362  -80.366  -53.376 0.6999999881
3861  23.205  -79.961  -52.751 0.6000000238
3853  22.151  -79.239  -52.958 0.6999999881
4336  21.293  -78.746  -52.980 0.5000000000
4821  21.748  -78.015  -53.383 0.5000000000
4830  21.385  -77.661  -54.662 0.3000000119
1215  3.760  -85.602  -23.413 0.1000000015
1507  3.295  -84.518  -22.398 0.2000000030
1214  4.321  -86.231  -23.669 0.2000000030
111257  9.616  -87.786  -23.145 0.1000000015
626  11.223  -87.538  -23.730 0.1000000015
615  10.682  -87.611  -23.073 0.1000000015
903  12.466  -86.793  -24.191 0.1000000015
902  13.172  -86.585  -23.697 0.1000000015
1213  13.833  -86.057  -23.635 0.2000000030
893  13.072  -87.013  -22.605 0.2000000030
2657  22.310  -81.731  -22.963 0.2000000030
1222  13.501  -85.645  -24.378 0.3000000119
892  13.807  -86.534  -22.803 0.3000000119
2645  21.589  -81.865  -22.341 0.3000000119
2218  20.951  -82.385  -21.648 0.3000000119
1221  14.162  -85.419  -24.042 0.3000000119
1523  14.519  -84.765  -24.458 0.3000000119
1212  14.468  -86.016  -23.167 0.3000000119
1211  15.254  -85.782  -22.771 0.3000000119
2240  24.986  -82.960  -24.356 0.3000000119
122809  15.127  -84.639  -24.200 0.3000000119
109601  15.869  -83.481  -24.942 0.3000000119
1538  25.749  -84.320  -26.790 0.4000000060
2208  21.091  -83.304  -21.307 0.3000000119
1824  20.648  -84.108  -20.766 0.3000000119
1522  15.751  -84.165  -24.235 0.3000000119
1527  25.560  -84.291  -25.953 0.3000000119
1823  21.535  -84.121  -21.342 0.3000000119
1248  25.345  -84.767  -27.122 0.4000000060
1181  21.454  -85.511  -21.665 0.5000000000
118903  20.511  -85.173  -21.563 0.5000000000
127589  19.944  -82.205  -26.297 0.5000000000
1196  21.654  -85.834  -22.321 0.5000000000
1197  21.123  -85.675  -21.952 0.5000000000
1219  19.089  -86.128  -24.014 0.5000000000
1539  19.786  -83.433  -26.064 0.5000000000
878  21.188  -86.014  -22.813 0.5000000000
890  20.182  -86.339  -23.664 0.5000000000
1521  19.651  -84.764  -24.286 0.5000000000
1530  19.838  -84.108  -25.184 0.5000000000
119774  24.418  -84.877  -28.539 0.6000000238
889  20.936  -86.342  -23.681 0.5000000000
4788  22.772  -78.206  -49.050 0.4000000060
4789  22.040  -78.408  -49.030 0.5000000000
4277  21.318  -78.332  -48.627 0.5000000000
131769  20.857  -78.960  -48.953 0.5000000000
4304  23.342  -79.255  -50.364 0.4000000060
3844  24.347  -80.160  -51.388 0.5000000000
3395  23.943  -80.682  -51.957 0.5000000000
3852  24.479  -79.837  -52.036 0.5000000000
4334  24.097  -79.010  -52.589 0.5000000000
4335  22.963  -78.784  -52.866 0.4000000060
130970  22.105  -78.507  -52.973 0.5000000000
4838  21.624  -77.501  -56.294 0.3000000119
1831  3.196  -83.816  -21.207 0.2000000030
1832  2.940  -83.184  -21.015 0.2000000030
1224  3.847  -85.706  -24.142 0.2000000030
1516  3.305  -84.854  -23.286 0.2000000030
603  8.041  -87.228  -21.813 0.1000000015
873  8.290  -86.918  -21.087 0.1000000015
608  9.162  -87.585  -22.271 0.1000000015
602  8.868  -87.298  -21.571 0.1000000015
607  10.060  -87.531  -22.307 0.1000000015
601  9.746  -87.282  -21.714 0.1000000015
614  11.584  -87.454  -23.091 0.1000000015
606  11.037  -87.349  -22.363 0.1000000015
2656  22.874  -81.712  -23.519 0.2000000030
613  12.432  -87.209  -23.297 0.1000000015
110057  21.662  -81.120  -22.879 0.2000000030
869  12.685  -86.266  -21.449 0.2000000030
1188  12.175  -85.851  -21.206 0.1000000015
129584  23.705  -81.728  -24.390 0.2000000030
132074  21.232  -81.231  -22.463 0.2000000030
882  13.703  -86.625  -22.079 0.2000000030
862  13.353  -85.939  -21.235 0.2000000030
2646  20.690  -81.342  -22.002 0.2000000030
881  14.595  -86.283  -22.181 0.2000000030
2640  20.133  -81.963  -21.262 0.2000000030
2251  25.687  -82.949  -25.398 0.3000000119
2209  20.417  -82.987  -20.870 0.3000000119
2210  19.631  -82.663  -20.635 0.3000000119
1202  15.524  -85.940  -21.853 0.3000000119
1514  15.600  -84.925  -23.512 0.3000000119
1825  19.881  -83.659  -20.327 0.3000000119
2203  19.089  -83.412  -20.180 0.3000000119
1817  17.629  -83.930  -19.873 0.2000000030
128813  16.736  -83.712  -20.223 0.3000000119
120027  17.195  -84.704  -22.881 0.3000000119
1513  16.480  -84.423  -23.521 0.3000000119
1868  16.937  -82.902  -24.952 0.4000000060
129486  25.867  -84.378  -27.482 0.4000000060
1814  19.914  -84.433  -20.468 0.3000000119
1815  19.263  -84.206  -20.059 0.3000000119
1476  17.818  -84.534  -19.948 0.3000000119
1850  17.603  -83.906  -23.566 0.4000000060
1861  18.165  -83.062  -24.253 0.4000000060
2263  18.088  -81.588  -26.327 0.4000000060
1182  20.785  -85.208  -21.324 0.5000000000
1166  19.942  -84.934  -20.821 0.5000000000
126308  19.328  -84.638  -20.372 0.4000000060
2242  19.246  -82.464  -24.799 0.4000000060
1548  25.625  -84.629  -27.816 0.4000000060
1859  20.087  -83.453  -24.436 0.5000000000
2241  20.072  -82.772  -24.926 0.4000000060
1249  25.088  -85.008  -27.631 0.4000000060
879  20.754  -85.709  -22.605 0.5000000000
880  20.291  -85.501  -22.909 0.5000000000
1208  19.861  -85.151  -23.210 0.5000000000
1520  19.903  -84.353  -23.866 0.5000000000
1866  20.199  -83.230  -25.277 0.5000000000
1571  24.901  -84.504  -28.939 0.4000000060
127109  20.720  -86.181  -23.434 0.5000000000
1209  19.864  -86.016  -23.509 0.5000000000
1218  19.714  -85.302  -23.648 0.5000000000
1529  20.092  -83.905  -24.621 0.5000000000
1572  23.962  -84.506  -29.079 0.4000000060
6442  24.599  -74.892  -46.639 0.2000000030
7062  24.720  -74.035  -46.116 0.1000000015
123246  23.688  -73.785  -46.019 0.1000000015
6441  25.545  -74.936  -46.323 0.1000000015
123249  23.972  -74.329  -46.469 0.2000000030
6443  23.199  -74.267  -46.514 0.2000000030
5827  25.327  -75.741  -46.801 0.2000000030
5280  24.186  -76.209  -47.780 0.3000000119
5845  23.544  -75.527  -47.461 0.2000000030
5860  22.793  -75.748  -47.641 0.2000000030
5846  22.087  -75.406  -47.268 0.3000000119
5295  24.723  -77.210  -48.119 0.2000000030
5297  23.003  -76.587  -48.174 0.4000000060
5282  21.490  -76.764  -47.710 0.4000000060
129811  24.732  -77.845  -48.466 0.2000000030
117283  24.520  -78.781  -49.654 0.3000000119
112481  24.149  -80.013  -50.906 0.5000000000
4303  24.297  -79.215  -50.457 0.3000000119
3833  24.771  -79.588  -51.057 0.3000000119
6564  21.161  -75.278  -58.091 0.2000000030
3385  24.405  -80.042  -51.618 0.4000000060
5355  20.600  -77.029  -57.943 0.4000000060
129569  23.604  -78.132  -53.046 0.5000000000
4837  22.307  -77.236  -57.024 0.3000000119
115026  23.514  -77.416  -53.790 0.3000000119
5344  23.317  -76.767  -54.948 0.3000000119
2916  6.577  -82.179  -48.695 0.2000000030
116178  22.418  -77.213  -55.663 0.3000000119
117496  10.724  -81.969  -49.097 0.4000000060
108579  10.377  -82.291  -49.563 0.3000000119
1822  2.960  -82.973  -20.404 0.2000000030
2207  2.828  -82.115  -20.377 0.2000000030
125132  3.110  -83.895  -21.903 0.2000000030
2215  2.666  -82.381  -21.195 0.2000000030
1236  3.745  -85.331  -24.918 0.2000000030
1844  2.792  -83.632  -22.635 0.2000000030
1175  7.153  -86.098  -20.196 0.1000000015
110369  4.287  -86.554  -25.866 0.2000000030
1235  4.115  -85.693  -25.646 0.2000000030
1493  7.712  -85.523  -20.664 0.1000000015
117715  8.960  -86.651  -20.971 0.1000000015
1192  8.508  -86.010  -20.755 0.1000000015
872  9.646  -86.717  -21.151 0.1000000015
122690  9.018  -84.975  -21.388 0.1000000015
871  10.601  -86.655  -21.421 0.1000000015
1190  10.327  -85.985  -20.971 0.1000000015
600  11.353  -86.998  -21.805 0.1000000015
1189  11.288  -85.942  -21.118 0.1000000015
1490  11.004  -85.338  -21.162 0.1000000015
870  11.704  -86.392  -21.465 0.1000000015
1839  10.294  -83.762  -22.549 0.1000000015
1501  11.771  -84.632  -21.467 0.2000000030
1838  11.273  -83.816  -22.341 0.1000000015
1489  12.577  -85.006  -21.048 0.2000000030
1829  12.740  -84.394  -21.400 0.1000000015
2647  19.802  -81.087  -21.742 0.2000000030
861  13.986  -85.843  -21.218 0.2000000030
2648  18.859  -80.903  -21.917 0.2000000030
1172  14.387  -85.244  -20.959 0.2000000030
1487  14.291  -84.631  -20.830 0.2000000030
2641  19.276  -81.758  -21.197 0.2000000030
2211  18.775  -82.510  -20.667 0.1000000015
2214  15.262  -83.048  -21.500 0.2000000030
1827  14.856  -83.897  -21.018 0.2000000030
1478  15.668  -84.875  -20.335 0.2000000030
2205  17.519  -83.223  -20.357 0.1000000015
114989  16.163  -82.924  -21.162 0.1000000015
1477  16.332  -84.848  -20.156 0.3000000119
1186  16.617  -85.220  -20.734 0.3000000119
1169  17.049  -84.886  -20.187 0.3000000119
1500  17.795  -85.023  -22.317 0.4000000060
1183  19.565  -85.062  -21.090 0.5000000000
1184  18.620  -85.121  -20.806 0.5000000000
1512  18.260  -84.312  -23.049 0.5000000000
1849  18.892  -83.611  -23.591 0.5000000000
1199  19.162  -85.067  -21.656 0.5000000000
1499  18.820  -84.747  -22.528 0.5000000000
1848  19.696  -83.773  -23.731 0.5000000000
1860  19.656  -83.069  -24.171 0.5000000000
1559  25.783  -84.384  -28.518 0.4000000060
1498  19.645  -84.971  -22.502 0.5000000000
1510  19.553  -84.471  -23.161 0.5000000000
7657  26.205  -72.555  -44.904 0.1000000015
7658  25.473  -72.106  -44.288 0.1000000015
131407  26.427  -73.114  -45.201 0.1000000015
7667  25.235  -72.739  -44.860 0.1000000015
7050  26.608  -73.669  -45.397 0.1000000015
6431  25.892  -74.106  -45.757 0.1000000015
7051  25.033  -73.343  -45.470 0.1000000015
7052  24.204  -73.439  -45.574 0.1000000015
6430  26.954  -74.624  -45.605 0.1000000015
6440  26.538  -75.253  -46.013 0.1000000015
7063  22.824  -73.724  -45.955 0.2000000030
6467  22.075  -74.780  -46.813 0.2000000030
6445  21.656  -74.390  -46.352 0.3000000119
5828  21.513  -75.112  -46.747 0.4000000060
5279  25.258  -76.702  -47.358 0.3000000119
5847  21.373  -75.964  -47.225 0.4000000060
121610  20.689  -76.373  -46.757 0.4000000060
5294  25.889  -77.969  -47.736 0.2000000030
4290  24.857  -78.531  -48.870 0.2000000030
4302  25.211  -79.019  -50.460 0.3000000119
3832  25.221  -79.168  -51.113 0.4000000060
6554  21.002  -74.864  -57.151 0.2000000030
3842  25.426  -78.924  -51.351 0.2000000030
3851  24.986  -79.264  -51.664 0.2000000030
6545  20.906  -74.569  -56.036 0.2000000030
4333  24.844  -78.218  -52.596 0.2000000030
4324  24.850  -79.043  -52.168 0.4000000060
4819  24.250  -77.762  -53.168 0.4000000060
131847  21.332  -77.130  -58.271 0.3000000119
4828  24.090  -76.874  -53.970 0.2000000030
5354  22.123  -77.177  -58.010 0.3000000119
5349  23.044  -76.710  -56.406 0.2000000030
123988  9.972  -82.468  -50.272 0.3000000119
2225  2.416  -82.160  -22.139 0.2000000030
111190  2.299  -82.761  -22.918 0.3000000119
112905  3.128  -84.793  -24.671 0.3000000119
130775  2.541  -83.981  -23.726 0.2000000030
938  3.975  -86.479  -26.785 0.3000000119
1536  3.345  -84.724  -25.439 0.3000000119
111542  2.504  -84.278  -24.986 0.3000000119
432  4.928  -88.366  -26.579 0.3000000119
663  3.958  -87.773  -27.232 0.3000000119
1247  4.297  -85.397  -26.581 0.4000000060
440  4.723  -88.657  -27.634 0.3000000119
673  5.673  -88.507  -28.928 0.4000000060
445  4.424  -88.528  -28.422 0.4000000060
1492  8.215  -85.020  -21.243 0.1000000015
1505  8.303  -84.302  -22.062 0.1000000015
1842  7.693  -83.729  -22.691 0.1000000015
965  6.588  -86.549  -30.596 0.4000000060
1504  8.978  -84.163  -22.222 0.1000000015
1503  9.716  -84.345  -21.963 0.1000000015
1841  8.538  -83.691  -22.793 0.1000000015
1840  9.387  -83.690  -22.733 0.1000000015
1853  9.892  -83.223  -23.339 0.1000000015
1852  10.866  -83.231  -23.167 0.1000000015
1837  12.245  -83.802  -22.174 0.1000000015
1836  13.630  -83.407  -21.966 0.2000000030
116833  14.145  -83.846  -21.333 0.2000000030
1828  13.525  -84.149  -21.328 0.2000000030
2643  17.425  -81.881  -21.513 0.1000000015
2221  14.781  -82.364  -22.482 0.1000000015
1835  14.415  -83.172  -21.800 0.2000000030
2642  18.361  -81.738  -21.321 0.2000000030
2213  17.042  -82.689  -20.925 0.1000000015
2220  15.694  -82.269  -22.085 0.1000000015
117317  29.139  -69.188  -43.292 0.1000000015
8901  29.531  -70.009  -43.781 0.1000000015
125830  28.773  -69.847  -43.632 0.1000000015
8902  28.113  -70.079  -43.693 0.1000000015
8912  28.897  -70.671  -44.068 0.1000000015
8913  28.028  -70.780  -44.096 0.1000000015
8903  27.299  -70.447  -43.633 0.1000000015
8277  29.477  -71.674  -44.440 0.1000000015
7655  28.086  -72.253  -44.858 0.1000000015
8279  27.434  -71.383  -44.332 0.1000000015
8280  26.340  -71.645  -44.250 0.1000000015
8264  26.707  -70.975  -43.809 0.1000000015
7656  27.135  -72.291  -44.853 0.1000000015
7036  27.763  -73.050  -45.159 0.1000000015
116756  27.523  -73.991  -45.380 0.1000000015
7659  24.572  -72.374  -44.254 0.1000000015
7038  22.856  -73.047  -44.637 0.1000000015
124832  27.731  -75.076  -45.488 0.1000000015
115293  26.216  -75.959  -46.459 0.1000000015
7668  24.305  -72.977  -44.910 0.1000000015
7054  22.501  -73.439  -45.234 0.2000000030
5813  27.461  -75.754  -45.740 0.1000000015
5826  27.154  -76.431  -46.136 0.1000000015
129775  21.179  -73.915  -44.861 0.3000000119
6432  20.677  -74.677  -45.567 0.4000000060
5814  20.490  -75.260  -45.789 0.4000000060
5248  20.008  -76.120  -44.508 0.4000000060
5278  26.486  -77.720  -47.029 0.1000000015
5800  20.069  -75.666  -45.229 0.4000000060
5258  19.811  -76.495  -45.299 0.4000000060
4774  26.528  -78.552  -48.392 0.1000000015
4289  25.830  -78.694  -50.002 0.2000000030
4786  26.376  -78.528  -49.506 0.1000000015
4301  25.922  -78.768  -50.929 0.2000000030
6535  20.603  -74.373  -54.929 0.3000000119
118608  20.425  -74.280  -53.958 0.3000000119
112285  19.491  -74.495  -54.031 0.4000000060
4288  26.313  -78.446  -50.458 0.1000000015
4811  25.353  -77.803  -52.532 0.2000000030
4323  25.348  -78.528  -52.128 0.2000000030
4817  25.536  -77.152  -52.686 0.1000000015
4818  24.864  -77.187  -53.169 0.2000000030
5934  22.461  -76.012  -58.490 0.2000000030
5334  25.158  -76.387  -53.329 0.1000000015
5933  23.391  -75.835  -58.090 0.2000000030
5364  22.748  -76.604  -58.152 0.2000000030
5343  23.916  -76.267  -54.740 0.1000000015
5352  23.553  -76.237  -56.926 0.2000000030
124082  11.545  -81.530  -49.418 0.6000000238
5348  23.637  -76.119  -55.726 0.2000000030
124085  11.191  -81.575  -50.764 0.4000000060
108588  9.099  -81.948  -52.000 0.2000000030
3545  2.951  -79.743  -19.302 0.3000000119
2629  3.209  -81.261  -19.289 0.2000000030
131638  2.742  -80.387  -20.111 0.2000000030
3546  2.806  -79.204  -19.659 0.3000000119
2630  2.789  -81.062  -20.216 0.2000000030
3089  2.578  -80.184  -20.523 0.3000000119
1813  3.331  -83.631  -19.748 0.1000000015
112386  2.343  -80.802  -21.596 0.3000000119
3101  2.335  -79.847  -21.298 0.3000000119
2654  2.204  -81.195  -22.389 0.3000000119
2249  1.803  -82.966  -23.969 0.4000000060
118978  1.476  -82.121  -24.356 0.4000000060
1545  4.396  -84.012  -26.858 0.4000000060
1537  2.853  -84.284  -26.045 0.3000000119
939  3.755  -86.498  -27.806 0.4000000060
1257  4.369  -85.244  -27.505 0.4000000060
674  3.951  -88.229  -28.162 0.4000000060
446  4.032  -88.374  -28.897 0.5000000000
688  6.178  -87.449  -30.224 0.5000000000
1855  8.041  -83.260  -23.422 0.1000000015
1851  11.851  -83.208  -22.995 0.2000000030
2223  12.879  -83.061  -22.681 0.2000000030
2222  13.853  -82.690  -22.605 0.1000000015
10356  30.716  -68.691  -43.215 0.1000000015
10357  29.821  -68.573  -43.029 0.1000000015
8911  29.952  -70.922  -44.157 0.1000000015
8904  26.559  -70.534  -43.267 0.1000000015
8905  25.994  -71.022  -43.343 0.1000000015
7654  29.032  -72.404  -44.765 0.1000000015
7035  28.604  -73.099  -45.110 0.1000000015
8282  24.894  -71.839  -43.622 0.1000000015
7643  24.089  -72.084  -43.529 0.1000000015
3301  23.664  -80.273  -42.645 0.3000000119
5825  27.967  -76.903  -45.838 0.1000000015
7661  22.667  -72.715  -43.932 0.1000000015
5790  22.513  -75.774  -42.853 0.3000000119
5238  22.991  -76.552  -43.242 0.3000000119
5237  24.325  -76.934  -43.077 0.3000000119
7040  21.542  -73.593  -44.301 0.4000000060
116708  20.659  -75.507  -43.807 0.3000000119
5239  21.542  -76.247  -43.403 0.3000000119
4720  22.103  -77.106  -43.665 0.4000000060
117128  23.434  -77.285  -43.619 0.3000000119
4751  27.278  -77.750  -46.711 0.1000000015
4761  27.292  -78.107  -47.140 0.1000000015
7028  21.393  -73.819  -43.460 0.3000000119
6416  20.993  -74.147  -44.205 0.4000000060
6407  20.989  -74.622  -43.510 0.3000000119
4773  27.276  -78.224  -47.877 0.1000000015
4785  26.926  -78.153  -49.053 0.1000000015
6520  20.281  -73.988  -52.357 0.3000000119
4795  26.779  -78.018  -50.418 0.1000000015
6534  21.297  -74.104  -55.278 0.3000000119
7145  21.127  -73.982  -54.253 0.3000000119
7136  21.350  -73.449  -53.766 0.3000000119
6527  19.995  -74.303  -53.147 0.3000000119
4300  26.499  -78.281  -51.065 0.1000000015
6544  21.337  -74.307  -56.439 0.2000000030
6528  19.161  -74.531  -53.108 0.4000000060
6529  18.508  -74.587  -53.842 0.5000000000
4809  26.456  -77.493  -52.019 0.1000000015
6553  21.589  -74.513  -57.668 0.2000000030
5327  26.278  -76.765  -52.258 0.1000000015
5911  25.312  -75.787  -53.310 0.1000000015
5333  25.707  -76.502  -52.684 0.1000000015
5922  24.051  -75.515  -56.214 0.2000000030
5912  24.723  -75.612  -54.230 0.1000000015
5919  24.326  -75.275  -55.249 0.1000000015
2933  11.504  -80.821  -51.874 0.5000000000
2929  11.908  -81.031  -51.188 0.5000000000
109262  10.801  -81.379  -51.529 0.4000000060
112503  2.880  -78.755  -19.993 0.3000000119
2202  3.056  -81.924  -19.714 0.2000000030
3056  3.571  -80.682  -17.654 0.2000000030
3554  2.564  -79.331  -20.496 0.3000000119
3113  2.078  -80.049  -22.307 0.3000000119
2665  1.908  -81.270  -23.227 0.4000000060
3114  2.000  -80.572  -22.964 0.3000000119
2250  1.494  -82.111  -25.222 0.4000000060
2675  1.380  -81.301  -24.880 0.4000000060
1883  2.388  -83.785  -26.650 0.5000000000
1884  1.875  -83.105  -26.322 0.5000000000
966  5.899  -87.094  -30.933 0.5000000000
974  6.269  -86.180  -31.444 0.5000000000
1609  7.011  -85.008  -32.117 0.5000000000
9602  27.563  -69.682  -43.088 0.1000000015
7048  28.999  -74.037  -45.338 0.1000000015
5768  24.365  -75.634  -41.564 0.3000000119
5229  24.455  -76.444  -42.195 0.3000000119
4209  24.412  -77.805  -41.738 0.3000000119
5779  24.047  -75.795  -42.115 0.3000000119
5230  23.715  -76.153  -42.651 0.3000000119
5228  24.687  -77.173  -42.674 0.3000000119
4718  24.788  -77.615  -43.184 0.3000000119
4711  24.745  -77.696  -42.633 0.3000000119
4221  25.175  -79.132  -43.115 0.3000000119
4719  24.365  -77.562  -43.529 0.3000000119
4234  24.651  -78.107  -43.723 0.3000000119
4233  24.985  -78.454  -43.262 0.3000000119
3778  25.364  -79.237  -43.627 0.3000000119
4760  27.614  -77.942  -47.202 0.1000000015
6400  21.583  -74.401  -42.761 0.3000000119
125678  17.880  -75.026  -49.265 0.6000000238
7153  21.643  -73.561  -55.952 0.3000000119
6521  19.063  -74.697  -52.320 0.5000000000
5905  18.310  -75.108  -52.064 0.5000000000
2935  8.922  -81.561  -53.208 0.3000000119
4016  3.067  -78.416  -19.204 0.2000000030
4521  3.379  -77.482  -19.192 0.2000000030
131771  3.107  -79.559  -18.615 0.2000000030
4009  2.934  -79.002  -17.958 0.3000000119
124867  3.004  -78.525  -18.454 0.3000000119
5034  3.901  -76.951  -19.927 0.2000000030
3065  3.287  -80.389  -18.730 0.2000000030
3567  2.334  -79.035  -21.198 0.3000000119
4034  2.677  -78.438  -21.598 0.3000000119
3595  1.854  -79.806  -23.234 0.4000000060
3581  2.112  -79.122  -21.920 0.3000000119
3125  1.674  -80.516  -23.631 0.4000000060
122386  1.633  -79.737  -23.970 0.4000000060
2685  1.394  -81.265  -25.823 0.4000000060
3132  1.418  -80.333  -24.545 0.4000000060
1892  1.914  -83.074  -27.232 0.5000000000
2258  1.599  -82.240  -26.047 0.5000000000
1914  2.288  -83.633  -29.103 0.6000000238
1585  2.438  -84.017  -29.726 0.6000000238
113977  24.750  -81.377  -39.831 0.3000000119
3261  24.988  -80.606  -40.084 0.3000000119
3262  24.025  -80.977  -40.079 0.3000000119
3722  22.576  -79.826  -40.307 0.3000000119
4210  23.266  -78.180  -41.111 0.3000000119
3766  22.320  -79.137  -41.953 0.3000000119
111520  24.596  -76.983  -41.786 0.3000000119
4703  23.855  -77.593  -40.620 0.3000000119
6513  19.024  -74.719  -51.480 0.6000000238
123347  3.637  -76.220  -19.778 0.2000000030
4514  3.348  -76.737  -19.164 0.2000000030
124920  3.134  -77.198  -18.604 0.1000000015
4515  2.697  -77.417  -17.966 0.1000000015
3539  3.239  -79.790  -17.860 0.2000000030
4527  3.983  -77.410  -20.701 0.2000000030
4046  2.327  -78.623  -22.396 0.3000000119
4033  3.340  -78.062  -20.887 0.2000000030
121564  1.966  -79.112  -22.782 0.4000000060
3607  1.647  -79.292  -24.674 0.4000000060
2694  1.520  -81.507  -26.693 0.6000000238
3141  1.337  -80.558  -25.363 0.4000000060
119819  1.600  -79.411  -26.125 0.5000000000
123507  1.771  -82.555  -28.067 0.6000000238
2276  1.667  -82.072  -27.390 0.6000000238
129591  1.396  -80.866  -26.401 0.6000000238
3627  1.672  -79.651  -26.904 0.5000000000
1915  1.902  -83.445  -29.618 0.6000000238
1595  2.452  -84.556  -30.498 0.6000000238
123733  23.871  -77.975  -39.694 0.3000000119
131960  24.347  -76.784  -39.832 0.3000000119
4674  23.952  -77.363  -39.905 0.3000000119
4194  22.832  -78.445  -40.715 0.3000000119
5209  24.601  -76.149  -40.125 0.2000000030
4689  24.367  -76.666  -40.496 0.3000000119
6469  17.512  -74.304  -46.827 0.6000000238
5027  2.922  -76.019  -19.157 0.1000000015
5583  3.080  -75.579  -19.859 0.2000000030
5010  2.001  -76.853  -17.342 0.1000000015
5023  2.585  -76.602  -18.382 0.1000000015
5033  4.142  -76.238  -20.432 0.2000000030
3528  2.748  -79.319  -16.797 0.1000000015
4001  2.553  -78.549  -17.127 0.2000000030
4506  2.215  -77.738  -17.015 0.1000000015
3506  2.659  -79.874  -14.601 0.1000000015
120116  2.829  -78.188  -17.837 0.2000000030
3527  3.256  -80.116  -17.022 0.1000000015
118741  4.519  -77.214  -22.066 0.2000000030
4526  4.262  -76.750  -20.691 0.2000000030
4061  2.415  -78.480  -23.165 0.3000000119
4549  4.162  -77.739  -22.639 0.2000000030
4537  3.830  -77.743  -21.630 0.2000000030
3606  2.190  -78.637  -24.679 0.4000000060
4560  4.565  -77.604  -23.560 0.3000000119
4099  2.350  -79.157  -27.143 0.6000000238
3626  1.907  -79.044  -26.423 0.4000000060
3152  1.640  -80.329  -27.767 0.6000000238
2282  1.599  -81.667  -28.148 0.6000000238
120603  1.636  -82.809  -29.579 0.6000000238
1902  1.858  -83.098  -28.770 0.6000000238
2303  1.408  -82.593  -30.211 0.6000000238
1934  1.343  -83.693  -31.229 0.6000000238
115120  1.281  -83.022  -30.896 0.6000000238
5576  2.061  -75.293  -19.474 0.2000000030
5581  4.124  -75.520  -20.951 0.2000000030
5040  4.500  -76.251  -21.165 0.2000000030
5051  4.807  -76.428  -22.071 0.2000000030
4548  4.933  -77.061  -22.727 0.2000000030
4547  5.263  -76.858  -23.391 0.2000000030
4088  3.352  -78.338  -25.542 0.3000000119
4074  4.085  -78.127  -24.904 0.3000000119
4571  5.218  -77.179  -24.134 0.3000000119
124586  3.157  -78.819  -26.969 0.5000000000
4098  3.742  -78.563  -26.386 0.5000000000
3631  1.950  -79.721  -27.638 0.5000000000
2712  1.566  -80.994  -28.201 0.6000000238
3158  1.989  -80.092  -28.423 0.6000000238
125228  1.581  -82.120  -28.887 0.6000000238
3159  1.675  -80.811  -28.730 0.6000000238
3168  2.218  -80.335  -29.517 0.6000000238
125205  1.482  -82.126  -29.624 0.6000000238
3169  1.686  -80.973  -29.755 0.6000000238
124815  1.269  -82.315  -30.755 0.6000000238
2317  1.096  -82.484  -31.405 0.6000000238
6174  3.110  -75.320  -20.640 0.2000000030
6182  3.128  -75.109  -21.443 0.2000000030
6181  4.108  -75.081  -21.688 0.2000000030
6193  1.971  -75.064  -22.254 0.2000000030
6192  3.367  -74.940  -22.251 0.2000000030
6191  4.508  -75.018  -22.454 0.2000000030
5599  5.004  -75.657  -22.581 0.2000000030
5061  5.680  -76.246  -23.862 0.2000000030
4097  4.656  -78.229  -26.670 0.4000000060
4593  5.152  -77.624  -26.063 0.3000000119
124235  5.752  -76.756  -24.679 0.3000000119
5070  6.234  -75.992  -24.634 0.3000000119
4104  3.415  -79.217  -27.730 0.6000000238
116288  4.110  -78.815  -27.235 0.6000000238
4592  5.486  -77.571  -26.998 0.4000000060
119179  5.759  -77.148  -26.250 0.4000000060
130439  6.190  -76.421  -25.145 0.3000000119
4107  4.295  -78.971  -28.138 0.6000000238
4604  4.762  -78.156  -28.387 0.6000000238
3642  3.069  -79.755  -29.877 0.6000000238
4109  4.275  -78.923  -29.106 0.6000000238
2727  1.400  -81.641  -30.261 0.6000000238
126229  17.354  -63.434  -53.626 0.5000000000
13400  16.077  -64.333  -54.128 0.5000000000
13410  15.446  -64.710  -54.378 0.5000000000
131374  2.378  -75.033  -22.898 0.2000000030
5612  4.802  -74.841  -23.371 0.2000000030
6209  5.522  -74.907  -24.056 0.3000000119
5621  5.921  -75.477  -24.252 0.3000000119
5639  6.787  -75.219  -25.785 0.3000000119
4603  5.213  -77.252  -28.573 0.6000000238
5112  5.939  -76.761  -28.205 0.5000000000
5105  6.540  -76.336  -27.140 0.5000000000
4606  4.628  -77.773  -29.141 0.6000000238
4110  3.690  -78.990  -30.031 0.6000000238
14099  17.057  -63.441  -52.461 0.5000000000
14108  16.530  -64.101  -53.633 0.5000000000
14100  15.904  -63.826  -52.149 0.5000000000
6210  3.529  -74.778  -23.169 0.2000000030
6224  4.844  -74.601  -24.240 0.2000000030
6223  5.590  -74.647  -24.800 0.2000000030
125226  6.068  -74.967  -24.637 0.3000000119
5638  7.201  -75.067  -26.612 0.4000000060
5650  7.408  -74.892  -27.443 0.6000000238
5119  5.214  -75.970  -29.569 0.6000000238
5668  7.042  -74.728  -29.520 0.6000000238
6280  6.823  -74.252  -30.249 0.6000000238
14090  16.998  -63.184  -51.134 0.5000000000
111659  16.585  -63.430  -50.224 0.4000000060
116277  16.254  -63.610  -51.138 0.5000000000
130617  4.515  -74.495  -25.750 0.2000000030
118804  5.456  -74.088  -26.728 0.2000000030
6236  5.437  -74.407  -25.735 0.2000000030
6868  7.077  -73.622  -27.495 0.3000000119
6855  6.468  -73.817  -27.044 0.3000000119
7506  7.531  -72.728  -29.679 0.4000000060
6884  7.382  -73.604  -28.002 0.5000000000
6904  7.475  -72.464  -30.375 0.5000000000
6900  7.650  -73.082  -29.983 0.5000000000
6886  6.086  -73.089  -28.164 0.3000000119
7527  7.334  -71.644  -31.766 0.6000000238
7528  6.964  -71.973  -32.537 0.6000000238
7529  6.110  -72.535  -33.107 0.6000000238
8163  7.065  -70.621  -33.469 0.6000000238
5748  3.434  -75.256  -40.012 0.2000000030
7629  3.195  -71.945  -40.611 0.2000000030
8237  4.265  -71.207  -39.839 0.2000000030
6993  4.686  -73.661  -38.795 0.1000000015
8236  5.247  -71.134  -39.317 0.1000000015
8224  5.833  -71.484  -38.826 0.1000000015
9549  6.577  -69.337  -38.306 0.1000000015
13274  4.286  -64.094  -39.316 0.2000000030
13952  3.947  -63.359  -38.984 0.2000000030
13273  5.093  -64.529  -38.737 0.1000000015
13944  4.406  -63.132  -38.105 0.2000000030
14644  4.101  -62.538  -37.507 0.2000000030
14567  3.893  -63.140  -26.959 0.5000000000
13853  4.948  -63.120  -26.596 0.3000000119
113928  6.245  -61.839  -26.840 0.4000000060
15926  12.657  -60.408  -24.628 0.1000000015
15928  11.420  -61.413  -25.133 0.1000000015
15927  11.815  -60.512  -25.266 0.1000000015
15932  10.942  -60.845  -25.555 0.1000000015
14571  2.455  -62.598  -27.442 0.6000000238
14566  4.520  -62.491  -26.847 0.4000000060
15242  5.626  -61.403  -27.194 0.4000000060
15243  4.642  -61.728  -27.126 0.4000000060
15955  2.563  -61.096  -27.701 0.6000000238
15947  7.460  -60.851  -27.076 0.1000000015
15961  4.222  -60.312  -27.998 0.4000000060
15235  8.894  -60.887  -26.452 0.1000000015
131258  8.221  -60.596  -26.832 0.1000000015
15931  11.173  -60.188  -25.679 0.1000000015
15946  9.669  -60.163  -26.415 0.1000000015
15244  2.843  -61.900  -27.299 0.6000000238
15952  5.857  -60.522  -27.562 0.4000000060
15954  3.715  -61.197  -27.518 0.5000000000
16714  5.988  -59.664  -27.855 0.4000000060
16715  5.138  -60.016  -27.951 0.4000000060
120637  11.688  -59.650  -25.537 0.1000000015
16693  11.064  -59.622  -25.980 0.1000000015
113229  9.646  -59.245  -26.664 0.1000000015
16708  7.839  -59.998  -27.281 0.2000000030
15951  6.813  -60.110  -27.487 0.3000000119
16707  8.791  -59.842  -26.835 0.1000000015
17463  6.092  -58.890  -28.067 0.5000000000
16731  5.328  -59.212  -28.225 0.5000000000
129130  6.595  -59.303  -27.777 0.5000000000
16681  12.930  -59.144  -24.872 0.1000000015
16691  12.254  -58.993  -25.380 0.1000000015
16692  11.586  -58.953  -25.825 0.1000000015
16712  8.191  -59.120  -27.371 0.4000000060
115461  4.590  -58.714  -28.484 0.5000000000
17446  11.475  -58.386  -26.165 0.1000000015
18242  10.947  -58.147  -26.480 0.2000000030
17453  9.726  -58.418  -26.942 0.1000000015
17460  8.408  -58.108  -27.467 0.4000000060
21437  12.654  -53.602  -30.166 0.3000000119
21449  11.726  -53.076  -30.036 0.4000000060
20672  14.817  -54.424  -30.269 0.4000000060
21436  13.512  -53.588  -30.448 0.4000000060
22341  10.135  -53.241  -40.875 0.3000000119
23163  9.456  -52.787  -41.893 0.3000000119
17477  6.259  -58.129  -28.200 0.5000000000
17461  7.547  -58.419  -27.660 0.5000000000
117554  11.620  -57.654  -26.327 0.2000000030
18249  9.689  -57.629  -27.226 0.2000000030
18255  8.298  -57.307  -27.632 0.3000000119
18256  7.693  -57.577  -27.758 0.5000000000
21435  14.429  -53.601  -30.524 0.6000000238
21561  8.621  -53.634  -41.924 0.4000000060
20794  6.340  -54.850  -43.321 0.4000000060
119792  11.377  -52.272  -41.354 0.3000000119
21579  7.243  -54.220  -43.510 0.4000000060
119113  10.359  -52.132  -41.811 0.4000000060
125346  4.967  -57.090  -28.556 0.5000000000
18232  12.854  -57.527  -25.473 0.2000000030
18241  12.336  -57.206  -26.059 0.2000000030
19039  11.737  -56.596  -26.566 0.2000000030
18257  6.416  -57.318  -28.250 0.5000000000
19045  10.308  -57.066  -27.171 0.2000000030
19044  10.145  -56.206  -27.353 0.3000000119
19051  8.208  -55.985  -27.905 0.3000000119
19066  6.610  -56.593  -28.254 0.4000000060
120040  16.429  -52.470  -30.517 0.6000000238
21578  8.090  -53.833  -43.640 0.4000000060
20806  7.035  -54.855  -44.016 0.4000000060
23161  12.044  -51.901  -41.477 0.3000000119
22357  8.670  -53.195  -43.048 0.4000000060
19038  12.598  -56.312  -26.199 0.2000000030
19847  12.222  -55.533  -26.603 0.2000000030
19857  10.086  -55.313  -27.451 0.3000000119
19852  10.744  -55.671  -27.265 0.3000000119
128454  10.099  -54.480  -27.493 0.3000000119
20643  8.779  -54.175  -27.921 0.4000000060
19067  5.719  -56.617  -28.446 0.5000000000
19858  9.219  -55.866  -27.668 0.3000000119
20642  9.383  -54.835  -27.722 0.3000000119
21418  7.388  -53.510  -28.248 0.4000000060
19869  6.369  -55.785  -28.352 0.4000000060
22993  18.828  -51.429  -30.022 0.6000000238
23851  19.426  -50.329  -29.769 0.6000000238
20805  7.787  -54.455  -44.136 0.4000000060
23192  9.700  -51.464  -42.976 0.4000000060
23162  11.065  -51.352  -41.998 0.4000000060
23178  9.776  -51.620  -42.621 0.4000000060
20637  11.891  -54.613  -26.997 0.3000000119
19846  12.985  -55.405  -26.184 0.1000000015
118177  9.598  -53.876  -27.704 0.4000000060
20641  10.510  -53.540  -27.398 0.3000000119
115686  20.671  -50.092  -27.160 0.6000000238
24789  19.705  -49.342  -29.470 0.6000000238
22316  9.186  -52.884  -39.328 0.4000000060
20631  12.603  -54.554  -26.496 0.3000000119
122942  11.454  -53.647  -27.124 0.3000000119
21398  12.895  -53.677  -26.240 0.1000000015
122600  12.239  -53.675  -26.729 0.2000000030
122845  13.120  -53.017  -25.901 0.1000000015
21399  12.530  -53.028  -26.410 0.3000000119
21404  11.856  -53.151  -26.922 0.3000000119
23801  12.918  -51.780  -26.219 0.4000000060
24773  20.325  -49.167  -27.540 0.6999999881
120406  20.255  -49.823  -28.100 0.6999999881
22173  13.368  -52.443  -25.562 0.2000000030
22944  13.751  -51.820  -25.259 0.4000000060
23798  15.157  -50.883  -24.973 0.2000000030
24923  8.273  -49.538  -39.036 0.4000000060
111098  14.240  -44.110  -34.737 0.3000000119
120622  13.560  -44.692  -35.119 0.3000000119
29290  12.399  -44.255  -34.891 0.3000000119
28473  9.278  -46.169  -38.170 0.5000000000
30147  16.985  -43.105  -33.106 0.2000000030
30148  16.510  -43.329  -33.289 0.3000000119
30161  14.889  -43.600  -34.466 0.4000000060
117794  13.968  -43.199  -34.802 0.4000000060
30162  13.165  -43.657  -34.817 0.4000000060
30215  11.444  -43.668  -38.002 0.4000000060
29356  11.663  -44.814  -38.647 0.4000000060
29343  10.697  -45.139  -38.362 0.5000000000
127697  10.455  -44.825  -38.114 0.5000000000
28493  11.049  -45.536  -38.530 0.4000000060
30977  15.497  -42.571  -34.610 0.4000000060
30978  14.745  -42.915  -34.690 0.4000000060
120871  12.796  -42.723  -34.827 0.4000000060
30230  11.163  -44.438  -38.275 0.5000000000
30229  12.138  -43.927  -38.707 0.3000000119
30979  13.851  -42.527  -35.026 0.3000000119
31029  11.615  -42.848  -37.690 0.3000000119
31832  13.089  -42.006  -38.851 0.3000000119
874  7.645  -86.885  -21.370 0.1000000015
863  7.030  -86.585  -20.899 0.1000000015
6377  3.456  -74.483  -40.204 0.1000000015
7004  3.337  -73.630  -40.531 0.2000000030
11788  6.063  -65.872  -38.674 0.1000000015
132232  5.876  -66.536  -39.079 0.1000000015
7606  5.150  -72.773  -38.858 0.1000000015
11789  4.987  -65.901  -39.505 0.1000000015
8861  5.541  -70.259  -39.144 0.1000000015
129333  6.438  -70.749  -38.429 0.1000000015
10313  5.385  -68.711  -39.431 0.1000000015
3763  25.471  -79.876  -43.332 0.3000000119
2920  21.446  -81.596  -51.315 0.6999999881
3388  22.604  -81.495  -51.543 0.6000000238
2925  23.070  -81.667  -52.038 0.6000000238
4778  20.811  -77.993  -47.992 0.5000000000
4752  20.554  -77.106  -47.056 0.4000000060
4777  21.452  -77.545  -48.084 0.5000000000
5266  20.273  -76.043  -45.959 0.4000000060
120904  17.424  -75.264  -48.448 0.6000000238
6547  18.881  -74.326  -55.988 0.3000000119
5240  20.584  -76.347  -43.895 0.4000000060
6536  19.619  -74.486  -55.027 0.4000000060
8862  4.664  -70.376  -39.747 0.1000000015
120193  5.123  -69.597  -39.531 0.1000000015
11046  5.211  -67.051  -39.584 0.1000000015
19885  10.145  -54.938  -29.681 0.2000000030
5356  19.791  -76.788  -57.450 0.4000000060
119763  13.587  -91.802  -35.620 0.2000000030
4845  21.291  -77.356  -57.401 0.4000000060
930  20.907  -86.968  -26.828 0.6000000238
125575  21.330  -86.576  -27.503 0.6000000238
3764  24.792  -79.541  -42.766 0.3000000119
1935  1.081  -83.272  -31.656 0.6000000238
3176  1.964  -80.432  -30.265 0.6000000238
5111  6.562  -76.226  -27.796 0.5000000000
111731  6.326  -75.618  -29.231 0.6000000238
5651  7.034  -75.662  -27.210 0.5000000000
5658  7.490  -74.602  -28.228 0.6000000238
6285  5.551  -74.154  -31.316 0.6000000238
6901  7.308  -73.461  -30.419 0.6000000238
8153  7.312  -70.973  -32.546 0.6000000238
22174  12.810  -52.422  -26.192 0.2000000030
23799  14.448  -51.128  -25.208 0.4000000060
23007  18.574  -50.892  -30.286 0.6000000238
112602  16.403  -53.106  -30.507 0.5000000000
21434  15.499  -53.556  -30.473 0.4000000060
24788  20.096  -49.543  -29.188 0.6000000238
29291  11.138  -43.999  -34.493 0.4000000060
22932  14.273  -51.743  -24.834 0.2000000030
119152  18.365  -87.457  -24.326 0.5000000000
5366  20.884  -76.539  -58.408 0.3000000119
680  5.413  -88.233  -29.820 0.4000000060
1271  4.159  -85.246  -28.483 0.4000000060
1557  2.606  -83.675  -27.543 0.5000000000
112226  2.077  -83.234  -27.976 0.5000000000
1900  3.863  -83.696  -28.117 0.4000000060
1926  1.595  -83.353  -30.390 0.6000000238
1941  0.991  -83.980  -31.923 0.6000000238
20644  7.935  -54.370  -28.067 0.4000000060
19868  7.011  -55.364  -28.257 0.4000000060
5365  21.839  -76.702  -58.466 0.2000000030
114217  19.552  -51.159  -29.310 0.6000000238
23827  20.524  -50.771  -27.357 0.6000000238
49  13.034  -91.846  -36.202 0.2000000030
1217  23.753  -85.533  -24.728 0.5000000000
897  23.003  -85.886  -24.392 0.5000000000
118733  22.989  -86.164  -25.792 0.5000000000
917  23.445  -85.890  -26.496 0.6000000238
919  21.272  -86.910  -25.949 0.5000000000
920  20.549  -87.140  -26.085 0.5000000000
126371  25.202  -84.622  -25.592 0.5000000000
4829  22.551  -77.426  -54.215 0.4000000060
599  12.165  -86.778  -21.770 0.1000000015
1862  16.749  -83.621  -24.230 0.4000000060
1198  20.096  -85.108  -21.976 0.5000000000
4776  22.904  -77.508  -48.610 0.3000000119
4787  23.721  -78.196  -49.029 0.2000000030
112011  22.067  -77.840  -48.552 0.4000000060
1517  2.861  -84.137  -23.265 0.2000000030
1173  13.624  -85.454  -21.102 0.2000000030
866  14.957  -86.009  -21.524 0.2000000030
118649  16.353  -85.532  -21.549 0.3000000119
1171  15.219  -85.113  -20.664 0.2000000030
1187  15.604  -85.491  -21.071 0.2000000030
1210  16.213  -85.334  -22.602 0.3000000119
1816  18.471  -84.051  -19.867 0.3000000119
2204  18.252  -83.274  -20.215 0.2000000030
122944  16.925  -84.503  -19.945 0.3000000119
1826  15.733  -83.842  -20.628 0.2000000030
128545  16.969  -85.288  -22.155 0.3000000119
1201  17.268  -85.319  -21.437 0.3000000119
1168  18.142  -84.874  -20.248 0.4000000060
1185  17.636  -85.152  -20.679 0.4000000060
6465  23.748  -74.872  -46.931 0.2000000030
5844  24.432  -75.604  -47.191 0.2000000030
6466  22.801  -74.941  -47.049 0.2000000030
118154  25.978  -76.644  -46.803 0.2000000030
5296  23.864  -76.582  -48.213 0.3000000119
5281  22.105  -76.188  -47.770 0.3000000119
4775  23.976  -77.367  -48.634 0.3000000119
5298  22.138  -77.054  -48.143 0.4000000060
117910  25.504  -78.261  -48.386 0.2000000030
126562  25.312  -78.834  -49.538 0.2000000030
131228  3.984  -84.913  -25.803 0.2000000030
1491  10.023  -85.226  -21.221 0.1000000015
1502  10.669  -84.498  -21.709 0.1000000015
1479  14.836  -84.921  -20.639 0.2000000030
2212  17.902  -82.506  -20.805 0.1000000015
1200  18.219  -85.197  -21.531 0.4000000060
130893  21.199  -74.115  -45.633 0.2000000030
4762  26.818  -78.324  -47.576 0.1000000015
4276  25.854  -78.791  -48.992 0.2000000030
4313  26.170  -78.278  -51.544 0.2000000030
5342  24.536  -76.308  -54.066 0.1000000015
2639  2.559  -81.452  -20.993 0.2000000030
2664  2.151  -81.892  -22.850 0.3000000119
1864  2.256  -83.799  -24.148 0.2000000030
2239  1.777  -82.082  -23.540 0.3000000119
126668  1.951  -83.442  -24.836 0.4000000060
2650  16.899  -81.406  -22.335 0.1000000015
8278  28.498  -71.527  -44.455 0.1000000015
7039  22.202  -73.226  -44.494 0.2000000030
6417  20.650  -74.478  -44.915 0.4000000060
3075  2.952  -80.443  -19.643 0.2000000030
129274  1.651  -82.718  -24.773 0.4000000060
1546  3.749  -83.798  -27.024 0.4000000060
1270  4.467  -84.293  -27.964 0.4000000060
1872  2.102  -83.780  -25.740 0.5000000000
7645  22.525  -72.676  -43.006 0.1000000015
7137  20.822  -73.806  -53.203 0.3000000119
2597  3.622  -80.804  -16.415 0.1000000015
5220  24.534  -76.077  -41.225 0.2000000030
4222  24.699  -78.542  -42.538 0.3000000119
4024  3.388  -77.949  -20.035 0.2000000030
3594  1.899  -78.975  -23.775 0.3000000119
2268  1.704  -82.433  -26.736 0.6000000238
3518  2.443  -79.342  -15.547 0.1000000015
4045  3.013  -78.094  -22.503 0.2000000030
3616  1.862  -78.905  -25.588 0.4000000060
2704  1.536  -81.132  -27.534 0.6000000238
4060  3.352  -78.070  -23.535 0.2000000030
4075  3.067  -78.186  -24.616 0.4000000060
124269  2.559  -78.483  -25.345 0.4000000060
4089  2.604  -78.663  -26.220 0.5000000000
5589  4.602  -75.606  -21.792 0.2000000030
4087  4.364  -78.154  -25.758 0.3000000119
124599  5.011  -77.580  -25.057 0.3000000119
132012  5.009  -75.202  -22.906 0.2000000030
4601  4.809  -78.247  -27.569 0.6000000238
5069  6.393  -75.362  -24.980 0.3000000119
3641  3.666  -79.491  -28.619 0.6000000238
5097  6.163  -76.777  -26.708 0.4000000060
4600  5.392  -77.514  -27.889 0.6000000238
5096  6.762  -75.901  -26.333 0.4000000060
6249  6.429  -74.310  -26.314 0.3000000119
6867  7.319  -73.955  -27.404 0.4000000060
6279  7.494  -73.826  -29.723 0.6000000238
5665  7.575  -74.229  -28.998 0.5000000000
128307  7.466  -73.012  -28.788 0.4000000060
7493  6.764  -72.612  -28.753 0.4000000060
7507  7.197  -72.365  -29.462 0.5000000000
8142  7.017  -71.003  -31.242 0.6000000238
8141  7.280  -70.981  -31.790 0.6000000238
7607  4.205  -72.976  -39.739 0.2000000030
7619  4.715  -71.979  -39.527 0.1000000015
10302  6.241  -68.635  -38.747 0.1000000015
9558  5.875  -69.453  -38.956 0.1000000015
12552  6.204  -65.268  -38.173 0.1000000015
15241  6.539  -61.109  -27.195 0.3000000119
17454  9.051  -58.843  -27.154 0.1000000015
17447  10.980  -58.909  -26.273 0.2000000030
17459  9.193  -58.094  -27.284 0.3000000119
19050  9.501  -56.810  -27.427 0.3000000119
19052  7.144  -57.043  -28.023 0.3000000119
115305  7.875  -56.786  -27.856 0.3000000119
112317  13.519  -57.740  -24.933 0.2000000030
128399  12.902  -56.835  -25.739 0.2000000030
19859  8.534  -55.113  -27.923 0.4000000060
20630  13.299  -54.468  -25.988 0.1000000015
10303  5.837  -67.895  -39.192 0.1000000015
117413  26.918  -82.043  -34.019 0.2000000030
2325  27.500  -82.030  -34.191 0.2000000030
1906  23.457  -83.963  -29.564 0.3000000119
115027  27.097  -82.062  -32.720 0.1000000015
2761  27.097  -82.122  -33.426 0.2000000030
2772  27.074  -82.153  -34.803 0.2000000030
2333  28.050  -82.127  -34.664 0.2000000030
2293  25.058  -83.118  -30.743 0.3000000119
1918  24.686  -83.539  -30.165 0.3000000119
2294  23.956  -82.901  -30.634 0.3000000119
2762  26.297  -81.963  -33.492 0.2000000030
2697  24.930  -81.161  -26.926 0.1000000015
126144  27.322  -82.719  -28.445 0.1000000015
2713  27.964  -81.941  -29.534 0.1000000015
2743  27.217  -81.944  -31.881 0.1000000015
2771  27.978  -81.926  -34.172 0.2000000030
1904  25.583  -84.003  -29.462 0.3000000119
2306  25.583  -82.719  -31.367 0.3000000119
2341  28.815  -81.968  -35.444 0.2000000030
2356  28.401  -82.186  -35.943 0.2000000030
2343  28.076  -82.247  -35.304 0.2000000030
2686  25.611  -81.888  -26.511 0.2000000030
2695  26.728  -82.278  -27.887 0.2000000030
2706  27.216  -81.921  -28.514 0.1000000015
2728  27.504  -81.710  -30.964 0.1000000015
2291  27.827  -82.346  -29.884 0.1000000015
1917  25.654  -83.514  -30.158 0.3000000119
2292  26.206  -83.180  -30.567 0.3000000119
2355  29.008  -81.922  -36.090 0.2000000030
112348  26.765  -82.260  -32.866 0.2000000030
2789  29.466  -81.529  -36.161 0.2000000030
2688  24.099  -81.267  -25.764 0.2000000030
2676  24.589  -81.777  -25.323 0.2000000030
129086  24.332  -80.674  -27.269 0.1000000015
2260  26.045  -82.926  -26.176 0.2000000030
2270  26.350  -82.529  -27.074 0.2000000030
2705  27.813  -82.345  -28.969 0.1000000015
2269  26.811  -83.174  -27.790 0.2000000030
2283  27.762  -82.659  -29.417 0.1000000015
2729  26.936  -82.290  -31.405 0.1000000015
1916  26.602  -83.517  -29.732 0.3000000119
2779  29.276  -81.606  -35.448 0.2000000030
2305  26.655  -82.687  -30.966 0.2000000030
2261  25.376  -82.191  -25.690 0.2000000030
1875  26.040  -83.823  -26.479 0.3000000119
2259  26.365  -83.344  -26.987 0.2000000030
129571  27.183  -83.228  -28.482 0.1000000015
2304  27.456  -82.296  -30.565 0.1000000015
2744  26.758  -82.319  -32.238 0.1000000015
2284  27.355  -82.964  -30.084 0.1000000015
1547  26.273  -84.193  -28.057 0.3000000119
115081  13.378  -66.346  -53.819 0.4000000060
2677  23.743  -81.381  -25.022 0.2000000030
130636  24.345  -82.162  -24.486 0.2000000030
1558  26.796  -83.665  -28.245 0.2000000030
126953  27.178  -83.401  -28.764 0.2000000030
1903  27.351  -83.274  -29.274 0.1000000015
1894  26.652  -83.860  -28.848 0.3000000119
12707  14.141  -65.860  -54.343 0.4000000060
11214  13.416  -67.036  -55.244 0.4000000060
13403  13.427  -65.423  -52.359 0.4000000060
11958  12.012  -66.490  -51.699 0.5000000000
2666  23.111  -81.313  -24.256 0.2000000030
14101  14.984  -64.043  -51.730 0.4000000060
12706  14.654  -65.351  -54.877 0.4000000060
13393  14.386  -64.477  -52.077 0.4000000060
13392  15.572  -64.358  -52.918 0.4000000060
12699  14.669  -65.458  -54.157 0.4000000060
13375  13.263  -64.403  -49.958 0.3000000119
13394  12.928  -65.189  -51.264 0.4000000060
12693  11.777  -66.231  -50.843 0.4000000060
2934  10.258  -81.103  -52.401 0.3000000119
14078  16.814  -63.285  -49.367 0.3000000119
110682  15.636  -63.671  -50.084 0.4000000060
14091  15.246  -63.899  -50.896 0.4000000060
14068  15.158  -63.597  -49.007 0.3000000119
14080  14.639  -63.873  -49.840 0.4000000060
14092  14.207  -64.215  -50.679 0.4000000060
128724  13.834  -64.071  -49.657 0.4000000060
14067  16.784  -63.307  -48.378 0.3000000119
12686  12.169  -65.506  -50.627 0.4000000060
14077  17.585  -62.862  -49.072 0.3000000119
12687  11.562  -65.889  -50.028 0.4000000060
15468  18.395  -61.751  -48.541 0.3000000119
130139  16.351  -63.475  -47.780 0.3000000119
14756  18.000  -62.338  -47.857 0.3000000119
14051  17.608  -62.875  -47.292 0.3000000119
15467  18.821  -61.084  -49.292 0.3000000119
15458  18.160  -61.689  -47.713 0.3000000119
16198  18.500  -60.977  -48.391 0.3000000119
15436  16.969  -61.653  -45.447 0.3000000119
15435  17.413  -62.598  -45.657 0.3000000119
14746  17.788  -62.380  -47.049 0.3000000119
16191  18.000  -60.762  -47.596 0.3000000119
16197  18.695  -60.099  -49.218 0.4000000060
15426  16.568  -61.219  -44.622 0.3000000119
15448  17.023  -60.932  -46.146 0.3000000119
16935  17.402  -60.581  -46.945 0.3000000119
16952  18.209  -59.960  -48.315 0.3000000119
16951  18.380  -59.048  -49.177 0.3000000119
16936  16.816  -59.951  -46.594 0.2000000030
112141  17.900  -59.038  -48.362 0.3000000119
17689  17.533  -58.448  -47.899 0.2000000030
6175  2.093  -75.123  -20.429 0.1000000015
21604  14.334  -53.380  -46.728 0.3000000119
20830  12.756  -54.266  -46.586 0.3000000119
21605  13.154  -53.628  -46.385 0.3000000119
8786  6.914  -69.906  -33.899 0.5000000000
8761  6.164  -70.716  -31.563 0.5000000000
8772  7.091  -69.939  -32.815 0.5000000000
9490  5.788  -69.377  -33.333 0.5000000000
10240  5.249  -68.792  -33.907 0.5000000000
22367  9.527  -52.149  -43.228 0.3000000119
8763  1.905  -71.081  -31.957 0.4000000060
8155  2.931  -71.351  -32.262 0.4000000060
8154  4.058  -71.240  -32.316 0.5000000000
9482  5.435  -69.968  -32.738 0.5000000000
10203  1.510  -69.016  -30.030 0.3000000119
9453  1.159  -69.843  -30.386 0.4000000060
8778  1.620  -70.455  -32.256 0.4000000060
8776  3.406  -70.930  -32.769 0.4000000060
8775  4.323  -70.535  -32.838 0.5000000000
9452  1.589  -69.767  -29.652 0.3000000119
9483  1.656  -69.948  -32.823 0.5000000000
8788  3.351  -70.287  -33.284 0.5000000000
8787  4.529  -69.598  -33.444 0.5000000000
9491  3.252  -69.478  -33.720 0.5000000000
112040  1.348  -68.254  -30.266 0.4000000060
10211  1.197  -69.047  -30.770 0.4000000060
10921  1.515  -67.419  -29.864 0.5000000000
10222  1.218  -68.933  -31.812 0.5000000000
21577  8.974  -53.322  -43.522 0.3000000119
23191  10.081  -51.139  -43.282 0.3000000119
24050  10.941  -50.155  -42.937 0.3000000119
24052  10.066  -50.910  -42.941 0.3000000119
11656  2.379  -66.542  -28.812 0.4000000060
11657  1.874  -66.142  -28.946 0.5000000000
11690  1.406  -66.882  -30.100 0.5000000000
114583  1.611  -66.189  -29.573 0.5000000000
12457  1.601  -65.415  -29.855 0.5000000000
24970  11.612  -49.636  -43.047 0.3000000119
24969  12.259  -49.085  -42.960 0.3000000119
24049  11.697  -49.860  -42.715 0.3000000119
23176  10.939  -50.495  -42.639 0.3000000119
109875  12.643  -49.486  -42.605 0.3000000119
23174  12.725  -50.575  -42.272 0.3000000119
12448  1.976  -65.341  -28.619 0.5000000000
13170  1.710  -64.772  -28.610 0.5000000000
13161  1.856  -64.200  -28.223 0.5000000000
111626  1.494  -64.200  -29.208 0.5000000000
13859  2.327  -63.172  -27.598 0.5000000000
117992  3.697  -60.299  -32.616 0.2000000030
15307  3.616  -60.624  -33.901 0.2000000030
16770  3.358  -58.725  -32.581 0.2000000030
22340  11.190  -52.968  -40.605 0.3000000119
22325  11.429  -53.150  -39.744 0.3000000119
22326  10.666  -53.389  -40.165 0.3000000119
22324  12.721  -52.666  -40.218 0.3000000119
22314  11.072  -53.039  -39.358 0.3000000119
21525  9.671  -53.489  -39.800 0.3000000119
23140  7.678  -51.846  -39.678 0.3000000119
22315  10.299  -53.054  -39.334 0.3000000119
22305  9.975  -52.322  -38.834 0.3000000119
23139  8.941  -51.722  -38.905 0.3000000119
123600  11.854  -52.669  -38.981 0.3000000119
23128  10.595  -51.855  -38.587 0.3000000119
23129  9.672  -51.234  -38.579 0.3000000119
115743  8.123  -50.838  -39.330 0.3000000119
23986  10.651  -50.774  -38.398 0.3000000119
24003  8.289  -49.710  -38.983 0.3000000119
23987  9.191  -49.860  -38.677 0.3000000119
125207  8.590  -49.035  -38.933 0.3000000119
24908  10.162  -49.390  -38.464 0.3000000119
24909  9.076  -48.755  -38.884 0.3000000119
24910  8.851  -48.627  -38.904 0.4000000060
25761  9.053  -48.065  -38.889 0.4000000060
25762  8.700  -48.104  -38.749 0.4000000060
26647  8.989  -47.772  -38.801 0.4000000060
122639  16.598  -40.214  -25.349 0.1000000015
33139  16.301  -39.625  -25.466 0.1000000015
34082  15.960  -38.825  -25.712 0.1000000015
17684  15.926  -58.673  -46.218 0.2000000030
114829  3.427  -59.882  -33.638 0.2000000030
33138  17.123  -39.709  -25.438 0.1000000015
22217  17.093  -52.492  -30.435 0.4000000060
25775  8.570  -48.870  -38.828 0.5000000000
118178  1.409  -69.357  -32.621 0.5000000000
9492  2.384  -69.815  -33.308 0.5000000000
1905  24.356  -84.016  -29.586 0.4000000060
115251  15.178  -64.782  -53.460 0.4000000060
8773  6.921  -70.140  -32.387 0.5000000000
130809  14.029  -65.612  -53.401 0.4000000060
12692  12.552  -65.853  -51.757 0.5000000000
127963  13.636  -64.925  -51.893 0.4000000060
13402  14.356  -65.152  -53.055 0.4000000060
13385  13.459  -64.674  -50.971 0.4000000060
15447  17.707  -61.455  -46.941 0.3000000119
110569  5.179  -70.659  -32.166 0.5000000000
8764  1.272  -70.612  -31.569 0.4000000060
9475  1.247  -69.913  -32.106 0.4000000060
131384  8.745  -50.637  -38.822 0.3000000119
103  6.824  -91.210  -32.106 0.3000000119
24  6.867  -91.507  -32.890 0.2000000030
258  7.975  -90.319  -42.275 0.3000000119
264  7.729  -89.865  -43.023 0.3000000119
39  6.508  -91.686  -34.301 0.2000000030
128796  6.928  -91.743  -33.644 0.2000000030
115  8.200  -91.273  -34.685 0.2000000030
134  6.524  -91.420  -37.735 0.3000000119
61  7.348  -91.640  -38.267 0.2000000030
57  7.697  -91.876  -37.691 0.2000000030
60  8.215  -91.750  -38.466 0.2000000030
146  9.190  -91.665  -39.677 0.2000000030
111371  8.855  -91.019  -41.475 0.2000000030
252  9.534  -90.713  -41.239 0.2000000030
263  8.556  -90.104  -42.833 0.2000000030
380  8.334  -89.751  -44.247 0.2000000030
397  7.179  -89.143  -45.216 0.3000000119
38  7.048  -91.935  -34.343 0.2000000030
374  9.256  -90.000  -42.671 0.2000000030
388  9.020  -89.462  -44.542 0.2000000030
244  9.674  -91.040  -40.300 0.2000000030
126  8.871  -91.614  -36.677 0.2000000030
215  9.125  -90.856  -36.006 0.2000000030
121  8.494  -91.405  -35.747 0.2000000030
839  4.581  -87.534  -45.174 0.3000000119
2909  9.632  -81.876  -48.668 0.2000000030
6483  17.751  -74.675  -47.585 0.5000000000
5874  18.078  -74.679  -48.453 0.5000000000
6504  19.032  -74.578  -50.582 0.5000000000
6494  18.808  -74.418  -48.954 0.5000000000
6503  19.558  -73.909  -50.134 0.4000000060
6512  19.701  -74.140  -50.985 0.4000000060
7123  20.132  -73.367  -50.490 0.4000000060
7725  20.906  -72.008  -51.237 0.2000000030
7096  16.084  -73.220  -48.373 0.4000000060
7107  15.843  -73.000  -49.121 0.3000000119
7079  17.502  -73.569  -47.060 0.5000000000
7695  16.649  -72.752  -48.957 0.4000000060
7681  17.378  -72.961  -47.743 0.5000000000
128258  18.048  -73.231  -47.511 0.5000000000
7095  18.390  -72.812  -47.917 0.5000000000
7094  18.622  -73.374  -47.858 0.5000000000
7106  19.102  -73.582  -48.478 0.5000000000
7105  19.512  -73.074  -48.987 0.5000000000
6493  19.431  -73.774  -49.246 0.5000000000
120722  19.736  -74.319  -51.832 0.4000000060
7704  20.065  -72.080  -49.840 0.4000000060
7116  19.815  -73.192  -49.717 0.5000000000
7129  20.896  -73.287  -52.207 0.2000000030
7130  20.387  -73.558  -51.422 0.2000000030
7735  21.216  -72.366  -52.079 0.2000000030
7724  21.074  -71.439  -52.004 0.1000000015
7734  21.439  -71.846  -53.051 0.2000000030
8971  20.768  -70.801  -53.624 0.1000000015
8342  21.198  -71.217  -53.772 0.1000000015
9001  20.121  -70.686  -55.252 0.1000000015
9002  19.281  -70.398  -55.739 0.1000000015
109627  5.103  -71.754  -30.637 0.4000000060
8762  4.901  -71.300  -31.459 0.4000000060
7709  15.667  -72.795  -49.135 0.3000000119
7719  15.745  -72.428  -50.266 0.3000000119
7708  15.916  -72.738  -49.849 0.3000000119
8311  17.700  -72.395  -49.264 0.5000000000
7707  16.563  -72.529  -50.131 0.3000000119
7706  18.643  -72.512  -48.625 0.5000000000
7705  19.397  -72.446  -49.228 0.5000000000
8320  17.625  -72.157  -50.300 0.4000000060
8319  18.639  -71.734  -50.513 0.4000000060
7717  16.576  -72.316  -51.111 0.3000000119
8327  19.474  -71.088  -51.592 0.1000000015
7716  20.473  -71.977  -50.492 0.3000000119
7128  21.389  -72.967  -52.979 0.2000000030
110133  19.020  -70.921  -53.306 0.1000000015
124391  19.846  -70.794  -52.214 0.1000000015
110464  21.577  -73.467  -54.646 0.2000000030
7742  21.563  -72.702  -53.899 0.2000000030
126709  21.496  -71.912  -54.080 0.2000000030
8989  17.990  -71.015  -54.464 0.1000000015
8336  20.585  -70.906  -52.209 0.1000000015
6563  21.983  -75.227  -58.393 0.1000000015
8987  20.283  -70.606  -54.193 0.1000000015
8350  20.575  -71.250  -55.869 0.1000000015
9013  19.852  -70.670  -56.376 0.1000000015
9015  18.762  -70.093  -55.775 0.1000000015
6543  24.507  -74.583  -56.403 0.1000000015
5925  24.287  -75.062  -56.808 0.1000000015
6552  24.016  -75.073  -57.603 0.1000000015
9025  20.068  -70.437  -56.959 0.1000000015
9037  20.149  -69.914  -56.967 0.1000000015
10497  19.770  -69.078  -56.504 0.1000000015
9711  19.131  -69.360  -56.081 0.1000000015
126942  20.302  -68.553  -56.406 0.1000000015
7160  24.629  -74.005  -56.835 0.1000000015
127115  14.759  -71.348  -47.988 0.2000000030
7697  14.956  -72.372  -47.940 0.4000000060
8321  15.368  -71.829  -50.631 0.3000000119
8312  15.318  -72.159  -49.294 0.3000000119
7718  15.978  -72.476  -50.806 0.3000000119
8328  18.436  -71.529  -51.682 0.1000000015
8329  17.488  -71.972  -51.340 0.3000000119
8338  17.690  -71.656  -52.822 0.1000000015
8339  17.077  -71.869  -52.383 0.3000000119
8973  17.705  -71.387  -53.627 0.1000000015
115188  21.724  -72.508  -55.065 0.1000000015
8346  21.359  -71.528  -54.796 0.1000000015
8990  16.787  -70.957  -54.417 0.1000000015
120371  21.313  -71.925  -55.854 0.1000000015
9004  17.462  -70.461  -55.118 0.1000000015
9003  18.483  -70.552  -55.217 0.1000000015
112432  22.392  -74.347  -58.144 0.1000000015
114072  21.669  -73.941  -56.986 0.1000000015
121055  21.780  -73.240  -57.167 0.1000000015
7764  21.595  -72.300  -57.522 0.1000000015
8349  20.866  -71.674  -57.140 0.1000000015
128007  20.250  -71.115  -56.998 0.1000000015
9689  17.697  -69.527  -55.368 0.1000000015
9698  18.502  -69.666  -55.781 0.1000000015
129440  23.578  -75.168  -58.095 0.1000000015
6562  22.981  -75.067  -58.390 0.1000000015
8357  21.219  -71.578  -57.661 0.1000000015
8368  20.878  -70.734  -57.691 0.1000000015
127402  20.432  -70.516  -57.369 0.1000000015
9720  20.744  -69.880  -57.344 0.1000000015
9710  20.470  -69.222  -56.867 0.1000000015
10482  19.874  -68.134  -56.023 0.1000000015
6560  24.213  -74.386  -57.598 0.1000000015
9709  21.209  -69.292  -57.021 0.1000000015
10496  20.967  -68.559  -56.463 0.1000000015
11246  20.693  -67.857  -55.873 0.1000000015
122758  24.601  -73.461  -57.161 0.1000000015
11245  21.604  -67.917  -55.841 0.1000000015
11233  22.161  -67.168  -55.345 0.1000000015
8322  15.130  -71.104  -49.218 0.2000000030
7728  15.745  -72.192  -51.140 0.3000000119
7727  15.962  -72.168  -51.736 0.3000000119
8975  15.736  -71.354  -52.967 0.2000000030
8974  16.608  -71.540  -53.357 0.2000000030
6565  23.000  -74.065  -58.332 0.1000000015
7166  22.514  -73.343  -57.959 0.1000000015
129183  22.074  -72.932  -57.671 0.1000000015
10475  17.253  -68.896  -54.644 0.1000000015
128144  18.768  -68.183  -55.458 0.1000000015
6561  23.663  -74.498  -58.077 0.1000000015
7165  23.034  -73.421  -58.145 0.1000000015
7774  21.926  -72.208  -57.912 0.1000000015
118427  21.317  -71.327  -57.817 0.1000000015
9719  21.430  -70.129  -57.527 0.1000000015
11244  22.661  -67.915  -55.835 0.1000000015
7772  23.554  -73.259  -57.979 0.1000000015
114493  23.742  -72.639  -57.851 0.1000000015
7773  22.809  -72.659  -58.006 0.1000000015
7163  24.453  -73.923  -57.365 0.1000000015
8366  23.228  -71.917  -57.991 0.1000000015
9629  12.814  -68.734  -47.526 0.2000000030
12447  2.432  -65.515  -28.474 0.4000000060
10408  12.788  -67.929  -47.450 0.2000000030
11159  11.432  -67.196  -48.403 0.3000000119
11928  11.302  -66.625  -49.155 0.3000000119
11190  11.248  -67.668  -50.123 0.3000000119
122920  2.513  -63.764  -27.700 0.4000000060
12428  3.088  -64.608  -27.806 0.3000000119
13152  2.720  -64.285  -27.845 0.4000000060
12427  3.562  -64.439  -27.512 0.3000000119
13126  5.082  -64.204  -26.656 0.2000000030
13386  12.641  -64.883  -50.289 0.3000000119
14553  5.836  -62.991  -26.310 0.1000000015
15238  5.461  -62.307  -26.754 0.2000000030
15222  7.076  -62.320  -26.288 0.1000000015
12661  3.543  -64.772  -48.543 0.1000000015
121033  3.910  -64.743  -49.402 0.2000000030
14032  2.928  -63.517  -45.211 0.1000000015
16186  3.965  -59.891  -47.473 0.3000000119
14739  3.207  -62.273  -46.057 0.1000000015
15461  3.880  -61.101  -48.288 0.1000000015
14046  3.226  -63.192  -46.607 0.1000000015
13365  3.744  -63.938  -48.323 0.1000000015
16165  2.790  -60.610  -43.653 0.1000000015
16171  3.258  -60.014  -44.747 0.1000000015
16150  2.508  -60.010  -43.064 0.1000000015
16894  2.759  -58.761  -43.322 0.2000000030
16842  2.745  -59.426  -39.180 0.1000000015
16859  1.872  -58.839  -40.710 0.1000000015
16826  4.084  -59.589  -38.065 0.1000000015
17607  1.956  -57.705  -40.524 0.1000000015
17576  2.037  -57.454  -38.976 0.2000000030
122918  11.304  -55.352  -29.517 0.2000000030
17592  2.236  -58.404  -38.990 0.1000000015
18400  2.205  -56.819  -39.486 0.3000000119
17567  3.118  -57.925  -37.162 0.1000000015
17575  2.532  -57.942  -38.146 0.2000000030
17566  4.003  -58.725  -36.621 0.1000000015
18374  2.358  -57.060  -37.560 0.1000000015
18384  2.146  -56.734  -38.533 0.2000000030
18375  2.290  -56.386  -37.838 0.2000000030
17540  4.722  -58.139  -34.623 0.1000000015
17556  3.464  -57.934  -36.369 0.1000000015
18335  5.110  -57.710  -33.846 0.1000000015
18348  3.628  -57.448  -35.139 0.2000000030
18362  2.708  -57.114  -36.604 0.1000000015
22921  15.583  -51.628  -23.814 0.1000000015
22931  14.923  -51.460  -24.500 0.2000000030
22943  14.273  -51.373  -24.971 0.2000000030
19919  7.991  -56.134  -33.687 0.1000000015
122191  6.559  -56.749  -33.343 0.1000000015
18325  4.902  -57.004  -33.633 0.2000000030
19920  7.125  -55.943  -33.421 0.1000000015
19110  4.287  -56.432  -33.697 0.2000000030
22920  16.253  -51.711  -23.196 0.1000000015
23771  15.495  -51.020  -23.938 0.1000000015
129004  15.689  -50.717  -24.054 0.1000000015
23797  15.799  -50.662  -24.607 0.1000000015
20714  8.145  -54.660  -34.101 0.1000000015
123928  7.048  -52.800  -33.817 0.2000000030
23722  17.492  -50.256  -20.537 0.1000000015
24666  17.320  -49.187  -20.470 0.1000000015
22886  17.388  -51.604  -21.629 0.1000000015
23737  17.217  -50.664  -21.466 0.1000000015
24679  17.170  -49.772  -21.392 0.1000000015
22906  16.829  -51.801  -22.434 0.1000000015
22887  16.882  -51.001  -22.102 0.1000000015
114760  16.402  -50.862  -22.772 0.1000000015
109590  16.650  -49.952  -22.696 0.1000000015
114065  15.921  -51.089  -23.458 0.1000000015
23770  16.138  -50.588  -23.487 0.1000000015
24707  16.811  -49.901  -23.524 0.1000000015
23784  16.301  -50.352  -24.086 0.1000000015
23783  17.282  -50.016  -24.391 0.1000000015
125050  16.831  -50.524  -24.943 0.1000000015
24723  17.994  -49.618  -24.814 0.2000000030
131788  9.216  -51.043  -34.495 0.1000000015
21476  9.052  -53.008  -35.332 0.1000000015
119793  17.323  -48.192  -21.218 0.1000000015
114509  16.975  -49.761  -22.035 0.1000000015
25537  17.304  -48.688  -21.813 0.1000000015
24706  17.236  -49.230  -23.032 0.1000000015
24724  17.687  -49.256  -23.984 0.2000000030
25568  18.084  -48.355  -24.128 0.2000000030
23086  7.939  -51.609  -34.065 0.2000000030
25536  17.406  -47.826  -21.874 0.1000000015
23070  8.133  -50.469  -33.653 0.2000000030
23938  8.891  -50.357  -33.730 0.1000000015
23919  8.465  -49.547  -33.222 0.1000000015
130904  10.630  -48.070  -38.492 0.3000000119
28471  10.223  -46.257  -38.467 0.3000000119
26646  9.226  -47.413  -38.668 0.3000000119
28472  9.677  -46.193  -38.331 0.4000000060
28470  11.474  -46.064  -38.629 0.3000000119
28492  12.273  -45.382  -38.959 0.3000000119
31816  11.753  -41.983  -37.408 0.3000000119
29303  12.803  -45.234  -35.433 0.2000000030
225  6.131  -91.343  -37.007 0.2000000030
133  8.657  -91.851  -37.162 0.2000000030
59  8.945  -91.974  -38.754 0.2000000030
152  8.615  -91.498  -40.176 0.3000000119
155  8.377  -91.124  -41.039 0.3000000119
16178  3.716  -60.016  -46.769 0.1000000015
17622  2.155  -57.726  -41.599 0.2000000030
18349  2.801  -56.813  -35.759 0.2000000030
124758  6.301  -51.003  -33.549 0.3000000119
23814  16.161  -50.902  -25.601 0.1000000015
126775  10.221  -45.740  -38.351 0.3000000119
113007  7.131  -53.616  -33.741 0.2000000030
20702  7.402  -54.430  -33.717 0.1000000015
24739  17.785  -50.203  -25.301 0.2000000030
9634  13.170  -69.571  -47.463 0.2000000030
11142  11.956  -67.518  -47.707 0.3000000119
11942  11.281  -66.710  -50.011 0.3000000119
14760  3.951  -61.789  -48.477 0.1000000015
18336  4.121  -57.134  -34.242 0.2000000030
115878  9.335  -46.709  -38.430 0.4000000060
19883  11.625  -56.052  -29.447 0.1000000015
23918  9.294  -49.614  -33.242 0.1000000015
116235  15.808  -44.103  -33.264 0.1000000015
30150  15.454  -43.919  -33.874 0.1000000015
30160  15.503  -43.224  -34.212 0.2000000030
20701  7.698  -55.287  -33.689 0.1000000015
5926  23.841  -75.710  -57.287 0.1000000015
7756  21.558  -72.587  -56.539 0.1000000015
8131  6.970  -71.512  -30.529 0.4000000060
13143  3.689  -63.951  -27.215 0.2000000030
23786  14.762  -51.149  -24.785 0.1000000015
23785  15.254  -50.998  -24.460 0.1000000015
30968  16.150  -42.988  -33.940 0.2000000030
29355  12.569  -44.498  -39.306 0.3000000119
121095  6.354  -72.166  -29.489 0.4000000060
8143  6.128  -71.216  -30.868 0.4000000060
25760  9.863  -48.372  -38.664 0.3000000119
111101  9.770  -47.598  -38.683 0.3000000119
139  9.846  -91.081  -39.392 0.2000000030
114835  19.113  -74.354  -49.773 0.5000000000
8317  20.414  -71.273  -51.229 0.2000000030
7694  19.093  -72.883  -48.332 0.5000000000
8308  20.139  -71.687  -50.368 0.2000000030
8318  19.560  -71.395  -50.779 0.2000000030
9014  19.446  -70.164  -56.320 0.1000000015
8132  6.175  -71.712  -30.182 0.4000000060
9016  18.077  -70.122  -55.532 0.1000000015
15440  3.382  -61.008  -46.413 0.1000000015
14750  3.588  -62.088  -47.554 0.1000000015
13357  3.182  -64.020  -47.103 0.1000000015
16827  3.124  -59.057  -38.419 0.1000000015
16841  3.713  -59.933  -38.745 0.1000000015
16843  2.036  -58.683  -39.792 0.1000000015
17574  3.561  -58.806  -37.625 0.1000000015
17555  4.112  -58.270  -35.628 0.2000000030
17539  5.585  -58.418  -34.074 0.1000000015
19116  8.732  -56.421  -34.107 0.1000000015
19930  8.456  -55.520  -34.092 0.1000000015
18322  7.413  -57.443  -33.569 0.1000000015
20715  7.861  -53.731  -34.150 0.2000000030
20725  8.966  -54.021  -35.097 0.1000000015
23754  16.850  -50.308  -22.117 0.1000000015
24692  17.135  -49.270  -22.279 0.1000000015
22267  9.246  -51.942  -35.188 0.1000000015
22268  8.475  -52.325  -34.784 0.1000000015
22269  7.789  -52.707  -34.221 0.2000000030
117186  17.160  -49.307  -21.743 0.1000000015
25553  17.716  -48.628  -23.392 0.1000000015
27584  10.853  -46.626  -38.566 0.3000000119
19  11.869  -92.390  -33.316 0.2000000030
27  11.393  -92.135  -33.765 0.2000000030
129433  11.246  -92.347  -32.214 0.2000000030
108966  8.797  -83.555  -49.475 0.1000000015
108580  8.936  -83.071  -48.690 0.1000000015
123321  8.055  -82.258  -48.441 0.1000000015
2910  8.708  -82.480  -48.520 0.1000000015
2231  13.296  -82.279  -23.301 0.1000000015
2232  12.373  -82.517  -23.482 0.1000000015
2917  5.628  -82.330  -49.020 0.1000000015
3360  7.757  -81.530  -48.818 0.1000000015
3359  8.800  -81.434  -48.688 0.1000000015
2488  7.940  -84.585  -48.300 0.1000000015
2669  12.416  -81.377  -24.491 0.1000000015
2679  11.933  -80.928  -25.059 0.1000000015
2243  11.941  -82.048  -24.115 0.1000000015
2233  11.423  -82.671  -23.692 0.1000000015
585  7.306  -88.671  -45.288 0.2000000030
587  5.936  -88.215  -44.936 0.2000000030
1117  3.791  -86.089  -45.525 0.2000000030
1431  3.292  -85.195  -45.419 0.2000000030
1739  3.495  -84.639  -45.525 0.1000000015
120145  5.643  -73.614  -27.524 0.2000000030
8133  4.136  -71.951  -31.110 0.3000000119
7514  2.780  -72.708  -30.204 0.2000000030
7508  5.184  -72.257  -29.907 0.2000000030
7494  5.367  -72.732  -28.972 0.2000000030
7513  4.048  -72.395  -30.499 0.2000000030
7495  4.000  -73.363  -28.907 0.2000000030
6888  3.008  -73.766  -28.599 0.2000000030
6856  4.355  -74.122  -27.508 0.2000000030
8135  1.973  -72.107  -30.751 0.3000000119
123885  3.864  -73.820  -28.259 0.2000000030
8146  1.473  -71.387  -31.149 0.2000000030
8145  2.419  -71.692  -31.509 0.3000000119
8144  3.583  -71.718  -31.679 0.3000000119
8742  1.100  -71.236  -29.775 0.2000000030
6870  2.138  -74.083  -27.971 0.2000000030
6897  2.987  -73.247  -29.376 0.2000000030
7496  2.124  -73.282  -28.781 0.2000000030
127473  1.068  -70.789  -30.642 0.3000000119
7511  1.593  -72.571  -29.199 0.2000000030
8125  1.204  -71.980  -29.528 0.2000000030
8136  1.265  -71.695  -30.311 0.2000000030
7515  1.669  -72.401  -29.966 0.2000000030
10893  2.917  -67.243  -28.685 0.2000000030
124178  2.967  -68.172  -28.923 0.2000000030
10202  2.047  -69.051  -29.516 0.2000000030
11639  2.928  -66.186  -28.392 0.2000000030
10920  1.903  -68.106  -29.640 0.3000000119
11624  3.745  -65.213  -27.721 0.1000000015
17436  12.864  -58.357  -25.181 0.1000000015
18220  14.798  -57.509  -23.956 0.1000000015
21606  12.646  -53.799  -46.140 0.2000000030
22386  12.059  -52.248  -44.749 0.2000000030
22385  13.135  -52.352  -45.592 0.2000000030
23225  14.230  -51.972  -45.866 0.2000000030
22395  13.658  -52.891  -46.163 0.2000000030
22394  14.987  -52.571  -46.678 0.2000000030
25007  14.516  -49.550  -44.883 0.2000000030
25006  15.275  -49.185  -45.042 0.2000000030
24094  14.182  -50.364  -45.021 0.2000000030
23214  12.283  -51.757  -44.900 0.2000000030
25005  16.839  -49.397  -45.481 0.2000000030
111722  15.275  -50.208  -45.496 0.2000000030
109635  14.015  -51.195  -45.353 0.2000000030
23213  13.237  -51.531  -45.244 0.2000000030
115143  16.393  -50.039  -45.931 0.2000000030
23212  14.946  -51.089  -45.774 0.2000000030
23211  16.073  -50.838  -46.471 0.2000000030
115563  15.614  -51.680  -46.669 0.2000000030
23203  11.840  -50.875  -44.450 0.2000000030
25872  16.676  -48.323  -44.954 0.2000000030
115955  15.795  -48.415  -44.931 0.2000000030
25871  17.248  -48.932  -45.081 0.2000000030
26734  17.710  -46.720  -44.271 0.2000000030
26736  16.048  -45.973  -44.626 0.2000000030
26737  14.986  -45.905  -44.678 0.2000000030
26738  14.097  -46.057  -44.409 0.2000000030
25842  18.407  -47.014  -43.866 0.2000000030
25858  15.923  -47.194  -44.790 0.2000000030
25861  13.219  -47.603  -44.114 0.2000000030
24996  12.434  -49.207  -43.847 0.2000000030
25856  17.984  -47.896  -44.407 0.2000000030
25857  17.090  -47.447  -44.689 0.2000000030
24994  13.936  -48.427  -44.632 0.2000000030
24083  12.078  -50.093  -44.188 0.2000000030
24993  14.652  -47.999  -44.801 0.2000000030
26735  16.925  -45.905  -44.212 0.2000000030
27686  16.121  -45.421  -44.098 0.2000000030
26703  19.545  -46.687  -42.609 0.2000000030
27672  14.834  -45.192  -43.950 0.2000000030
25862  12.772  -48.334  -43.712 0.2000000030
26739  13.414  -46.582  -44.125 0.2000000030
24997  11.731  -49.705  -43.521 0.2000000030
26720  18.691  -45.990  -43.169 0.2000000030
27671  15.847  -45.302  -43.748 0.2000000030
26705  14.675  -45.939  -43.447 0.2000000030
25825  12.778  -48.408  -43.246 0.2000000030
24984  12.310  -49.050  -43.288 0.2000000030
27651  17.957  -44.932  -42.484 0.2000000030
26704  16.295  -45.453  -42.818 0.2000000030
122325  15.680  -46.355  -42.816 0.2000000030
25823  14.139  -48.078  -42.691 0.2000000030
24967  14.503  -49.339  -42.436 0.2000000030
128854  19.022  -45.237  -41.861 0.2000000030
130847  17.403  -44.915  -42.611 0.2000000030
27653  15.654  -45.435  -43.408 0.2000000030
25822  14.869  -47.251  -42.716 0.2000000030
26684  17.826  -45.173  -42.086 0.2000000030
25821  16.743  -46.704  -42.425 0.2000000030
24965  16.181  -47.907  -42.455 0.2000000030
23175  11.834  -50.905  -42.167 0.2000000030
24966  15.459  -48.942  -42.378 0.2000000030
24047  14.560  -50.537  -42.204 0.2000000030
23160  13.019  -51.703  -41.557 0.2000000030
24943  16.607  -49.224  -41.872 0.2000000030
24028  15.581  -50.834  -41.646 0.2000000030
24030  13.903  -51.270  -41.940 0.2000000030
24027  16.838  -50.188  -41.117 0.2000000030
24029  14.936  -51.468  -41.445 0.2000000030
23159  14.164  -51.982  -41.133 0.2000000030
24942  17.435  -49.363  -41.158 0.2000000030
24018  15.842  -51.358  -40.697 0.2000000030
23149  14.198  -52.268  -40.053 0.2000000030
22312  13.377  -52.484  -39.530 0.2000000030
111872  16.288  -50.780  -41.133 0.2000000030
22311  14.057  -52.197  -39.236 0.2000000030
24017  16.678  -50.810  -40.326 0.2000000030
23137  15.411  -51.588  -39.595 0.2000000030
22302  13.631  -52.205  -38.893 0.2000000030
24002  16.574  -50.709  -39.484 0.2000000030
23983  14.268  -51.154  -38.562 0.2000000030
23981  15.746  -51.026  -39.026 0.2000000030
23123  14.923  -51.469  -38.904 0.2000000030
23126  12.417  -51.911  -38.555 0.2000000030
23127  11.451  -51.934  -38.555 0.2000000030
23125  13.407  -51.663  -38.584 0.2000000030
23984  12.754  -51.078  -38.426 0.2000000030
116249  15.343  -50.238  -38.599 0.2000000030
115860  14.467  -50.295  -38.513 0.2000000030
116530  13.491  -50.478  -38.448 0.2000000030
117881  11.406  -49.917  -38.324 0.2000000030
23985  11.890  -51.012  -38.384 0.2000000030
111244  14.769  -49.377  -38.555 0.2000000030
111641  13.088  -49.283  -38.509 0.2000000030
24907  10.966  -48.881  -38.358 0.2000000030
110586  14.599  -48.389  -38.675 0.2000000030
25757  13.927  -48.794  -38.664 0.2000000030
25758  12.412  -48.457  -38.506 0.2000000030
25759  11.540  -48.345  -38.416 0.2000000030
26643  12.475  -47.598  -38.655 0.2000000030
131451  11.914  -47.963  -38.470 0.2000000030
26644  11.098  -47.441  -38.506 0.2000000030
27583  11.938  -46.756  -38.633 0.2000000030
30228  12.961  -43.716  -39.528 0.2000000030
31028  12.382  -42.465  -38.119 0.2000000030
32559  14.519  -41.312  -40.387 0.2000000030
32537  13.402  -40.951  -38.666 0.2000000030
31815  12.593  -41.533  -37.849 0.2000000030
31845  16.116  -41.063  -40.709 0.2000000030
33290  13.504  -39.993  -38.121 0.2000000030
32525  12.717  -40.531  -37.583 0.2000000030
32546  14.837  -40.331  -40.517 0.2000000030
129837  13.853  -40.176  -39.033 0.2000000030
31829  16.300  -41.583  -39.887 0.1000000015
34224  13.602  -39.001  -37.845 0.2000000030
32558  15.779  -40.399  -40.800 0.2000000030
33304  14.309  -39.833  -39.708 0.2000000030
34250  15.137  -39.109  -40.212 0.2000000030
110216  14.719  -38.212  -38.931 0.1000000015
33314  16.104  -39.720  -40.577 0.2000000030
35092  14.057  -38.027  -38.010 0.1000000015
34237  15.379  -38.439  -39.819 0.1000000015
109881  16.196  -37.822  -39.729 0.1000000015
112519  14.603  -36.808  -38.142 0.1000000015
35937  17.942  -36.752  -39.750 0.1000000015
35924  15.675  -36.050  -38.660 0.1000000015
35936  18.641  -36.545  -39.560 0.1000000015
129443  17.611  -36.038  -39.594 0.1000000015
36864  16.370  -35.470  -38.892 0.1000000015
116871  15.034  -35.523  -38.106 0.1000000015
37777  17.580  -34.379  -39.166 0.1000000015
37765  16.700  -34.646  -38.809 0.1000000015
37766  15.233  -33.943  -37.935 0.1000000015
125074  18.384  -35.983  -39.625 0.1000000015
39416  13.917  -32.017  -36.649 0.1000000015
36876  17.975  -35.261  -39.544 0.1000000015
38602  14.626  -32.991  -37.488 0.1000000015
37752  14.198  -33.924  -37.348 0.1000000015
38623  17.915  -33.558  -39.221 0.1000000015
112228  16.271  -33.850  -38.390 0.1000000015
39415  15.556  -32.060  -37.671 0.1000000015
38613  15.854  -33.030  -38.084 0.1000000015
22396  12.821  -53.178  -45.849 0.2000000030
21607  12.587  -53.172  -45.515 0.2000000030
120744  11.863  -52.215  -44.510 0.2000000030
24085  10.672  -50.741  -43.553 0.2000000030
16895  2.405  -58.248  -42.540 0.2000000030
24084  11.335  -50.409  -43.890 0.2000000030
36866  14.734  -34.779  -37.785 0.1000000015
35925  14.821  -36.204  -38.122 0.1000000015
6887  4.881  -73.452  -28.231 0.2000000030
22339  12.062  -52.578  -40.753 0.2000000030
31042  12.766  -42.971  -39.057 0.2000000030
24068  11.038  -50.157  -43.241 0.2000000030
128025  13.586  -48.615  -42.644 0.2000000030
24048  13.511  -50.320  -42.333 0.2000000030
23150  13.422  -52.347  -40.620 0.2000000030
27605  12.684  -46.171  -39.078 0.2000000030
2662  12.832  -81.812  -23.888 0.1000000015
7509  4.048  -72.881  -29.711 0.2000000030
117760  12.457  -52.642  -45.285 0.2000000030
24081  13.733  -49.383  -44.639 0.2000000030
24096  12.622  -50.853  -44.712 0.2000000030
25859  14.743  -46.976  -44.848 0.2000000030
24995  13.078  -48.685  -44.205 0.2000000030
26722  16.758  -45.173  -43.548 0.2000000030
27650  18.750  -45.226  -42.338 0.2000000030
26706  13.760  -46.875  -43.474 0.2000000030
27670  18.133  -44.955  -42.915 0.2000000030
24046  15.321  -50.055  -42.214 0.2000000030
24016  17.379  -50.108  -40.402 0.2000000030
23138  14.689  -51.928  -39.436 0.2000000030
24904  16.292  -50.123  -38.784 0.2000000030
23982  14.976  -50.877  -38.627 0.2000000030
24906  12.464  -50.169  -38.390 0.2000000030
25756  15.457  -48.820  -38.546 0.2000000030
24905  13.948  -49.638  -38.520 0.2000000030
111924  12.017  -49.191  -38.356 0.2000000030
113875  13.223  -48.255  -38.716 0.2000000030
26640  15.152  -47.923  -38.586 0.2000000030
31041  13.528  -42.435  -39.648 0.2000000030
110261  15.409  -41.180  -40.790 0.2000000030
31847  14.250  -42.127  -40.164 0.2000000030
31831  13.762  -41.574  -39.686 0.2000000030
32557  16.357  -40.317  -40.485 0.1000000015
32547  14.043  -40.668  -39.772 0.2000000030
33316  14.807  -39.549  -40.212 0.2000000030
33289  14.033  -39.457  -38.807 0.2000000030
34249  15.782  -39.097  -40.362 0.2000000030
34238  14.625  -39.021  -39.516 0.1000000015
34223  14.238  -38.750  -38.617 0.1000000015
35091  14.661  -37.443  -38.465 0.1000000015
34236  16.312  -38.570  -40.149 0.1000000015
35106  15.352  -37.634  -39.109 0.1000000015
35090  15.175  -36.864  -38.610 0.1000000015
35105  16.019  -36.972  -39.182 0.1000000015
35938  16.732  -36.235  -39.325 0.1000000015
130463  17.352  -36.554  -39.669 0.1000000015
36865  15.684  -34.914  -38.415 0.1000000015
36877  17.159  -35.367  -39.264 0.1000000015
123311  17.545  -33.207  -39.015 0.1000000015
38612  16.820  -32.801  -38.528 0.1000000015
567  16.469  -88.622  -43.699 0.1000000015
572  16.457  -88.380  -44.648 0.1000000015
144  13.158  -91.204  -39.583 0.1000000015
371  15.042  -89.294  -42.663 0.1000000015
149  13.333  -91.047  -40.303 0.1000000015
237  12.780  -90.830  -39.928 0.1000000015
36  11.684  -92.067  -34.455 0.1000000015
113  11.675  -91.399  -34.614 0.1000000015
42  12.564  -91.615  -35.596 0.1000000015
50  12.789  -91.549  -36.437 0.1000000015
207  12.188  -90.738  -35.083 0.1000000015
114531  12.752  -89.849  -34.405 0.1000000015
55  12.988  -91.670  -36.821 0.1000000015
213  12.783  -90.568  -36.778 0.1000000015
114437  12.516  -90.785  -35.998 0.1000000015
318  13.521  -89.299  -35.021 0.1000000015
314  13.442  -89.085  -33.806 0.1000000015
128001  12.871  -91.135  -38.003 0.1000000015
509  13.738  -89.108  -36.113 0.1000000015
229  12.811  -90.401  -38.396 0.1000000015
501  14.305  -88.509  -35.291 0.1000000015
348  12.703  -89.942  -39.901 0.1000000015
340  12.912  -89.603  -38.783 0.1000000015
117084  14.681  -87.708  -37.015 0.1000000015
262  13.189  -90.163  -43.286 0.1000000015
378  12.606  -89.992  -43.475 0.1000000015
257  12.899  -90.144  -42.773 0.1000000015
250  12.788  -90.107  -41.725 0.1000000015
150  12.983  -90.766  -40.708 0.1000000015
118774  12.850  -89.397  -40.639 0.1000000015
767  14.999  -87.199  -37.750 0.1000000015
365  12.643  -89.893  -41.714 0.1000000015
548  13.406  -88.594  -40.459 0.1000000015
111819  10.554  -91.893  -33.099 0.1000000015
107  11.204  -91.787  -33.835 0.1000000015
196  10.531  -90.962  -33.000 0.1000000015
315  12.011  -90.483  -33.930 0.1000000015
326  13.053  -89.924  -36.087 0.1000000015
519  13.662  -88.923  -36.989 0.1000000015
125081  13.998  -88.345  -37.334 0.1000000015
529  13.506  -88.635  -38.190 0.1000000015
539  13.290  -88.851  -39.431 0.1000000015
827  13.135  -88.143  -43.338 0.1000000015
115775  12.932  -89.031  -41.280 0.1000000015
804  13.605  -88.068  -41.061 0.1000000015
528  13.794  -87.997  -38.739 0.1000000015
128430  15.561  -86.623  -37.484 0.1000000015
124623  24.860  -71.953  -40.559 0.1000000015
792  13.835  -87.811  -39.521 0.1000000015
93  7.707  -91.048  -30.916 0.2000000030
15  8.756  -91.121  -31.524 0.1000000015
28  9.655  -91.094  -32.490 0.1000000015
124227  9.933  -91.705  -32.343 0.1000000015
122433  8.929  -90.684  -32.955 0.1000000015
127437  10.234  -91.329  -32.829 0.1000000015
128499  10.636  -90.110  -32.707 0.1000000015
195  11.890  -89.915  -32.840 0.1000000015
308  10.381  -89.619  -33.041 0.1000000015
485  10.848  -88.831  -33.501 0.1000000015
192  11.241  -89.508  -32.629 0.1000000015
307  11.352  -88.937  -32.729 0.1000000015
518  14.218  -87.821  -37.952 0.1000000015
299  12.321  -89.105  -32.476 0.1000000015
7011  23.996  -73.157  -40.802 0.1000000015
127198  23.751  -74.410  -41.403 0.2000000030
779  14.530  -87.299  -38.743 0.1000000015
7623  24.442  -72.467  -40.630 0.1000000015
5769  23.734  -75.066  -41.795 0.2000000030
810  13.775  -87.644  -41.689 0.1000000015
117164  14.065  -87.330  -41.101 0.1000000015
778  15.445  -86.545  -38.401 0.1000000015
826  13.847  -87.182  -42.940 0.1000000015
809  14.316  -86.892  -41.640 0.1000000015
8241  25.503  -71.775  -40.403 0.1000000015
2782  26.309  -81.552  -35.424 0.1000000015
99  7.363  -91.160  -31.574 0.1000000015
3216  25.592  -80.969  -35.288 0.1000000015
2781  26.982  -82.095  -35.645 0.1000000015
115520  27.975  -82.367  -36.068 0.1000000015
22  7.911  -91.227  -32.010 0.1000000015
3222  25.558  -80.909  -36.058 0.1000000015
2802  26.358  -82.122  -37.167 0.1000000015
29  8.813  -90.856  -32.428 0.1000000015
37  7.664  -91.572  -34.324 0.1000000015
3234  25.327  -81.425  -37.043 0.1000000015
2375  27.348  -82.439  -37.392 0.1000000015
109  8.249  -91.025  -33.525 0.1000000015
114  8.664  -90.607  -33.875 0.1000000015
2376  26.344  -82.366  -38.049 0.1000000015
198  9.395  -90.279  -33.286 0.1000000015
2803  25.588  -82.054  -37.785 0.1000000015
320  10.290  -89.172  -35.105 0.1000000015
2832  25.525  -81.745  -39.500 0.2000000030
123748  25.420  -81.271  -40.047 0.2000000030
126881  15.133  -87.562  -35.875 0.1000000015
1042  14.848  -86.775  -40.102 0.1000000015
128383  24.131  -78.714  -39.621 0.2000000030
3736  26.498  -79.950  -40.368 0.2000000030
1054  14.555  -86.810  -40.860 0.1000000015
4180  25.511  -78.183  -39.376 0.2000000030
1041  15.452  -86.254  -39.847 0.1000000015
128408  27.338  -70.095  -40.434 0.1000000015
112518  26.658  -70.584  -40.490 0.1000000015
1053  15.302  -86.254  -40.699 0.1000000015
2770  28.573  -81.899  -34.572 0.1000000015
5152  30.864  -77.244  -34.345 0.1000000015
2357  28.116  -82.385  -36.905 0.1000000015
2388  28.658  -82.147  -38.455 0.1000000015
120  8.688  -90.712  -34.991 0.1000000015
2390  27.250  -82.513  -38.451 0.1000000015
2401  28.357  -82.224  -39.215 0.1000000015
203  9.098  -90.148  -34.266 0.1000000015
125861  9.522  -90.187  -35.704 0.1000000015
2816  25.462  -82.079  -38.597 0.2000000030
2815  26.263  -82.205  -38.917 0.1000000015
2814  28.841  -81.846  -39.350 0.1000000015
2831  26.364  -81.854  -39.629 0.2000000030
2829  28.004  -81.974  -39.881 0.1000000015
321  9.622  -89.728  -34.827 0.1000000015
2846  25.952  -81.447  -39.973 0.2000000030
3275  25.997  -80.764  -40.261 0.2000000030
6392  24.353  -74.839  -41.211 0.2000000030
5780  23.203  -75.463  -42.308 0.2000000030
3719  25.989  -79.101  -39.776 0.2000000030
4193  27.028  -79.174  -40.253 0.2000000030
131864  22.862  -74.847  -42.049 0.2000000030
4673  24.371  -77.332  -39.578 0.2000000030
4672  25.087  -77.326  -39.283 0.2000000030
1067  14.940  -86.469  -41.361 0.1000000015
8864  28.002  -69.957  -40.139 0.1000000015
2769  29.217  -81.524  -34.822 0.1000000015
3204  29.972  -80.452  -34.873 0.1000000015
3215  29.707  -81.034  -35.104 0.1000000015
4634  31.072  -78.041  -34.454 0.1000000015
120951  30.187  -79.513  -34.536 0.1000000015
3214  30.115  -80.330  -35.369 0.1000000015
2778  29.731  -81.098  -35.805 0.1000000015
115530  29.332  -81.780  -36.933 0.1000000015
5699  31.117  -75.897  -34.402 0.1000000015
4140  30.707  -78.830  -34.685 0.1000000015
3691  30.478  -80.000  -36.737 0.1000000015
2801  29.823  -81.241  -36.617 0.1000000015
116935  29.845  -81.303  -37.539 0.1000000015
113003  30.589  -75.352  -34.824 0.1000000015
2813  29.271  -81.757  -37.980 0.1000000015
6317  31.212  -75.106  -34.570 0.1000000015
131442  29.171  -81.727  -38.788 0.1000000015
334  10.331  -89.568  -36.719 0.1000000015
3260  29.417  -80.764  -40.028 0.1000000015
208  9.163  -90.301  -35.194 0.1000000015
2844  27.575  -81.373  -40.377 0.2000000030
2828  28.980  -81.263  -40.149 0.2000000030
3271  29.187  -80.330  -40.546 0.2000000030
3274  27.037  -80.682  -40.567 0.2000000030
3272  28.861  -79.843  -40.986 0.2000000030
3285  29.495  -79.531  -40.690 0.2000000030
3735  27.518  -79.948  -40.918 0.2000000030
3750  28.906  -79.380  -41.091 0.2000000030
3748  30.016  -78.987  -40.758 0.2000000030
3751  28.148  -79.177  -41.010 0.2000000030
4207  29.377  -78.979  -40.933 0.2000000030
4178  27.580  -78.363  -40.131 0.2000000030
4208  28.933  -78.971  -41.081 0.2000000030
4702  29.250  -78.361  -40.796 0.2000000030
6393  23.032  -74.330  -41.685 0.2000000030
5193  26.564  -76.510  -39.546 0.2000000030
4671  26.081  -77.386  -39.321 0.2000000030
4179  26.572  -78.263  -39.588 0.2000000030
4670  27.323  -77.418  -39.704 0.2000000030
4688  28.009  -77.826  -40.149 0.2000000030
7624  23.757  -72.290  -40.938 0.1000000015
118659  23.397  -72.859  -41.141 0.2000000030
10309  29.877  -69.057  -39.706 0.1000000015
9564  29.122  -68.989  -40.091 0.1000000015
5781  22.247  -75.024  -42.465 0.2000000030
4152  30.833  -78.906  -34.927 0.1000000015
3221  30.115  -80.615  -36.232 0.1000000015
3678  30.584  -79.428  -35.308 0.1000000015
109861  30.373  -79.930  -35.855 0.1000000015
3233  30.196  -80.750  -37.201 0.1000000015
129148  31.502  -77.745  -34.553 0.1000000015
4139  31.283  -78.199  -34.745 0.1000000015
4151  31.145  -78.588  -35.293 0.1000000015
3701  30.500  -79.913  -38.211 0.1000000015
3249  30.114  -80.502  -38.783 0.1000000015
113845  10.483  -89.747  -38.093 0.1000000015
5698  31.922  -76.014  -33.897 0.1000000015
122488  31.453  -76.702  -34.173 0.1000000015
114909  32.185  -76.863  -33.979 0.1000000015
3718  30.396  -79.792  -39.629 0.1000000015
221  9.985  -90.440  -37.457 0.1000000015
6932  31.741  -73.681  -34.449 0.1000000015
3717  31.062  -79.008  -40.274 0.2000000030
4177  31.686  -78.537  -40.140 0.1000000015
214  9.728  -90.343  -36.480 0.1000000015
3733  30.297  -79.316  -40.459 0.2000000030
4192  28.462  -78.344  -40.628 0.2000000030
4150  31.548  -78.002  -35.488 0.1000000015
4156  31.308  -78.376  -36.413 0.1000000015
3700  30.863  -79.120  -37.248 0.1000000015
4170  31.373  -78.269  -37.909 0.1000000015
129669  31.003  -78.886  -38.479 0.1000000015
109571  10.348  -90.201  -39.056 0.1000000015
231  9.969  -90.851  -38.463 0.1000000015
8242  24.311  -71.666  -40.874 0.1000000015
6399  22.281  -74.279  -42.151 0.2000000030
232  9.520  -91.435  -37.926 0.1000000015
119458  10.775  -89.283  -38.874 0.1000000015
128498  10.605  -89.718  -39.566 0.1000000015
8866  25.603  -70.899  -40.710 0.1000000015
5791  21.469  -75.284  -43.025 0.2000000030
140  9.161  -91.937  -38.193 0.1000000015
531  11.193  -88.481  -38.900 0.1000000015
356  10.640  -89.659  -40.375 0.1000000015
540  11.277  -88.256  -39.637 0.1000000015
8865  26.124  -70.205  -40.974 0.1000000015
7018  22.596  -73.573  -41.823 0.2000000030
7639  22.627  -72.823  -42.103 0.1000000015
9642  14.633  -69.240  -48.668 0.1000000015
8944  14.641  -70.306  -48.170 0.1000000015
8950  15.166  -70.886  -50.394 0.1000000015
8960  15.304  -71.190  -51.450 0.1000000015
128228  9.417  -91.640  -38.768 0.1000000015
829  10.618  -88.250  -43.818 0.1000000015
550  11.061  -88.688  -40.330 0.1000000015
557  11.201  -88.160  -41.044 0.1000000015
812  11.281  -87.881  -41.911 0.1000000015
9567  26.914  -69.859  -40.829 0.1000000015
7023  21.971  -73.444  -42.624 0.2000000030
10417  14.243  -67.884  -48.274 0.1000000015
10418  13.478  -68.615  -47.553 0.1000000015
8939  13.852  -70.588  -47.430 0.1000000015
9653  15.038  -70.049  -49.517 0.1000000015
9652  15.240  -70.028  -50.928 0.1000000015
10450  15.545  -68.941  -51.100 0.1000000015
129654  15.420  -69.717  -51.604 0.1000000015
8976  15.494  -71.451  -52.226 0.1000000015
127722  15.752  -71.760  -52.278 0.2000000030
9665  15.657  -69.418  -52.100 0.1000000015
9675  15.822  -70.161  -53.164 0.1000000015
243  10.122  -90.429  -40.653 0.1000000015
564  10.560  -88.828  -42.827 0.1000000015
9566  27.636  -69.561  -40.651 0.1000000015
118234  14.988  -66.820  -47.777 0.1000000015
11140  14.098  -66.880  -47.421 0.1000000015
11141  13.182  -67.132  -47.148 0.2000000030
118008  12.506  -67.175  -47.284 0.1000000015
7638  23.159  -72.235  -42.422 0.1000000015
11156  15.320  -67.118  -48.615 0.1000000015
11157  14.537  -67.222  -48.194 0.1000000015
11158  13.650  -67.576  -47.627 0.1000000015
11175  15.520  -67.389  -49.402 0.1000000015
11176  14.864  -67.578  -48.999 0.1000000015
10427  14.652  -68.245  -49.076 0.1000000015
10438  15.425  -68.217  -50.423 0.1000000015
10437  16.043  -68.070  -50.828 0.1000000015
10449  16.118  -68.435  -51.660 0.1000000015
11199  16.819  -67.756  -51.215 0.1000000015
10458  16.228  -68.873  -52.564 0.1000000015
251  10.318  -89.987  -41.283 0.1000000015
366  10.428  -89.361  -42.000 0.1000000015
130157  9.555  -89.204  -44.236 0.1000000015
577  9.298  -88.801  -44.740 0.1000000015
124266  7.945  -88.498  -45.394 0.1000000015
12641  13.916  -65.501  -45.576 0.2000000030
12628  13.849  -64.932  -45.352 0.2000000030
11869  15.125  -66.424  -44.977 0.2000000030
12642  13.239  -65.146  -45.906 0.2000000030
11882  12.794  -65.710  -46.483 0.2000000030
8257  23.696  -71.707  -41.860 0.1000000015
11894  14.570  -66.588  -46.860 0.2000000030
11880  14.174  -66.134  -46.067 0.2000000030
11895  13.689  -66.527  -46.730 0.2000000030
11896  12.757  -66.478  -46.794 0.2000000030
11898  11.678  -66.140  -47.714 0.2000000030
111789  16.884  -67.372  -48.190 0.1000000015
11138  15.998  -67.000  -47.878 0.1000000015
11174  16.386  -67.373  -49.582 0.1000000015
11154  17.059  -67.452  -48.951 0.1000000015
11188  16.629  -67.616  -50.343 0.1000000015
373  9.809  -89.460  -42.756 0.1000000015
389  8.501  -89.344  -45.095 0.1000000015
845  6.507  -88.157  -45.061 0.1000000015
129644  5.631  -87.150  -45.224 0.1000000015
11116  15.641  -67.198  -45.060 0.2000000030
12618  15.208  -65.750  -44.747 0.2000000030
11128  16.491  -67.676  -46.225 0.1000000015
12671  11.630  -65.569  -48.411 0.2000000030
11127  16.879  -67.543  -47.274 0.1000000015
11155  16.202  -67.155  -48.805 0.1000000015
125313  4.863  -87.216  -45.624 0.1000000015
1429  4.800  -86.024  -45.876 0.1000000015
1421  5.339  -85.938  -45.471 0.1000000015
1737  4.677  -85.409  -45.675 0.1000000015
124252  17.608  -65.635  -43.899 0.2000000030
13330  17.035  -65.190  -44.491 0.2000000030
12616  16.981  -66.274  -44.072 0.2000000030
13331  15.837  -65.214  -44.655 0.2000000030
13343  14.437  -64.461  -45.188 0.2000000030
11859  17.130  -67.073  -43.929 0.2000000030
11861  15.637  -66.536  -44.633 0.2000000030
13352  13.067  -64.383  -46.290 0.2000000030
11105  16.388  -67.876  -44.786 0.2000000030
13353  12.665  -64.387  -47.021 0.2000000030
12658  11.893  -65.308  -47.726 0.2000000030
13361  12.296  -64.500  -47.854 0.2000000030
13377  11.835  -64.984  -48.988 0.2000000030
12679  11.492  -65.792  -49.232 0.2000000030
13324  17.779  -64.831  -44.063 0.2000000030
14026  14.954  -63.800  -45.589 0.2000000030
14041  13.643  -63.751  -46.244 0.2000000030
14070  12.704  -64.073  -48.451 0.2000000030
13376  12.481  -64.525  -49.307 0.2000000030
13323  18.937  -64.723  -42.926 0.2000000030
13342  15.425  -64.515  -45.094 0.2000000030
14025  16.152  -64.130  -45.806 0.2000000030
14040  14.436  -63.494  -46.289 0.2000000030
124204  13.798  -63.456  -47.149 0.2000000030
14054  14.437  -63.471  -48.031 0.2000000030
110816  14.072  -63.768  -48.933 0.2000000030
118319  17.537  -64.400  -44.604 0.2000000030
13341  16.576  -64.549  -45.116 0.2000000030
112526  14.884  -63.348  -47.138 0.2000000030
130335  18.182  -63.964  -43.575 0.2000000030
13340  17.250  -64.195  -45.187 0.2000000030
14039  16.606  -63.673  -46.609 0.2000000030
14053  15.994  -63.591  -47.252 0.2000000030
13996  17.994  -63.402  -43.534 0.2000000030
13329  17.887  -64.027  -44.141 0.2000000030
13997  17.665  -63.329  -44.331 0.2000000030
14010  17.569  -63.803  -44.978 0.2000000030
14023  17.377  -63.393  -45.913 0.2000000030
14038  17.233  -63.288  -46.672 0.2000000030
124974  17.513  -62.934  -46.702 0.2000000030
16168  16.469  -60.715  -45.227 0.2000000030
16926  16.326  -60.053  -45.728 0.2000000030
16927  15.803  -59.313  -45.478 0.1000000015
111709  16.760  -58.867  -46.975 0.1000000015
16161  16.395  -60.617  -43.851 0.1000000015
128311  15.861  -59.985  -44.898 0.1000000015
17675  15.562  -58.424  -45.352 0.1000000015
113373  18.348  -59.814  -41.544 0.1000000015
16143  17.266  -60.398  -42.532 0.2000000030
125758  16.988  -59.653  -42.564 0.1000000015
118894  16.149  -59.858  -43.572 0.1000000015
16919  15.533  -59.112  -44.500 0.1000000015
115206  15.722  -57.782  -46.251 0.2000000030
16867  18.932  -59.659  -41.055 0.1000000015
16886  17.710  -59.510  -42.036 0.1000000015
16869  17.735  -58.578  -41.841 0.1000000015
16887  17.067  -58.839  -42.339 0.1000000015
129820  17.342  -58.317  -42.089 0.1000000015
17647  15.935  -58.478  -43.292 0.1000000015
18433  16.205  -57.698  -42.863 0.1000000015
17648  15.477  -58.383  -43.868 0.1000000015
18445  15.664  -57.785  -43.487 0.2000000030
18459  15.378  -57.384  -44.049 0.2000000030
113608  8.603  -62.282  -26.103 0.1000000015
15221  7.802  -61.970  -26.335 0.1000000015
16151  2.249  -59.464  -42.424 0.1000000015
16130  2.122  -60.068  -41.616 0.1000000015
16875  1.927  -59.050  -41.665 0.1000000015
21477  8.423  -53.322  -34.740 0.1000000015
230  12.704  -90.966  -39.011 0.1000000015
112909  4.005  -64.758  -27.456 0.1000000015
15220  9.263  -61.714  -26.118 0.1000000015
114808  10.030  -92.073  -31.872 0.1000000015
125931  10.592  -92.181  -32.454 0.1000000015
41  12.871  -91.900  -35.390 0.1000000015
35  12.200  -92.036  -34.949 0.1000000015
242  13.339  -90.616  -41.182 0.1000000015
249  13.423  -90.334  -42.077 0.1000000015
376  14.041  -89.977  -43.270 0.1000000015
568  15.560  -89.035  -43.514 0.1000000015
1105  4.186  -86.896  -45.482 0.1000000015
3720  24.949  -79.166  -39.634 0.2000000030
5194  25.538  -76.544  -39.451 0.2000000030
112593  28.639  -82.176  -36.860 0.1000000015
14081  13.234  -64.013  -49.074 0.2000000030
113344  15.618  -63.486  -48.043 0.2000000030
14052  16.967  -63.339  -47.436 0.2000000030
13387  11.942  -65.194  -49.760 0.2000000030
17663  15.438  -58.146  -44.516 0.2000000030
30  7.875  -91.246  -33.188 0.1000000015
8331  15.559  -71.859  -51.700 0.2000000030
126727  11.612  -66.837  -47.843 0.2000000030
9633  14.024  -69.534  -47.614 0.1000000015
11143  12.017  -66.717  -47.286 0.2000000030
355  13.711  -90.326  -40.802 0.1000000015
119  12.218  -91.326  -35.400 0.1000000015
113792  12.537  -91.292  -36.053 0.1000000015
131  12.866  -91.382  -37.104 0.1000000015
319  12.735  -90.160  -35.403 0.1000000015
219  12.872  -90.432  -37.535 0.1000000015
333  13.174  -89.478  -37.750 0.1000000015
372  12.634  -89.905  -42.551 0.1000000015
556  12.717  -89.240  -42.182 0.1000000015
129835  13.288  -88.417  -41.736 0.1000000015
121484  14.450  -87.170  -39.588 0.1000000015
197  9.962  -90.482  -32.778 0.1000000015
2790  26.327  -81.706  -36.283 0.1000000015
2358  27.287  -82.255  -36.387 0.1000000015
2374  27.898  -82.516  -37.812 0.1000000015
2373  28.329  -82.316  -37.699 0.1000000015
2403  26.904  -82.253  -39.222 0.1000000015
3667  30.361  -79.672  -34.862 0.1000000015
2812  29.727  -81.195  -38.573 0.1000000015
3259  29.788  -80.615  -39.455 0.1000000015
3270  29.788  -80.071  -40.211 0.2000000030
3273  28.124  -80.555  -40.930 0.2000000030
4687  28.615  -77.351  -40.225 0.2000000030
3690  30.742  -79.244  -36.036 0.1000000015
122344  14.232  -68.672  -48.089 0.1000000015
10439  15.018  -68.859  -50.017 0.1000000015
9666  15.415  -70.538  -52.176 0.1000000015
10448  16.736  -68.003  -52.032 0.1000000015
10466  16.408  -69.220  -53.485 0.1000000015
11139  15.411  -66.741  -47.015 0.2000000030
10426  15.070  -67.877  -49.805 0.1000000015
11881  13.416  -65.906  -46.271 0.2000000030
11129  15.717  -67.244  -46.026 0.2000000030
11115  16.113  -67.737  -45.398 0.2000000030
11173  17.272  -67.607  -49.707 0.1000000015
12617  16.094  -66.006  -44.348 0.2000000030
10382  17.643  -68.722  -45.397 0.1000000015
14055  12.933  -63.833  -47.570 0.2000000030
3117  22.285  -80.981  -23.623 0.1000000015
3126  21.840  -80.169  -24.115 0.1000000015
3107  20.267  -80.010  -22.626 0.1000000015
115398  20.244  -80.619  -22.195 0.1000000015
4053  18.756  -78.775  -23.496 0.1000000015
3133  23.413  -80.864  -25.789 0.1000000015
2678  22.907  -80.788  -25.057 0.1000000015
127615  22.480  -80.650  -24.411 0.1000000015
3134  22.593  -80.341  -25.729 0.1000000015
13995  18.359  -63.198  -42.791 0.1000000015
13316  18.536  -63.936  -43.025 0.1000000015
109677  3.291  -78.982  -40.529 0.1000000015
3297  2.424  -79.805  -42.455 0.1000000015
14682  20.222  -62.831  -40.815 0.1000000015
111768  18.747  -62.946  -42.117 0.1000000015
13976  19.547  -63.313  -41.644 0.1000000015
13975  20.459  -63.846  -41.268 0.1000000015
13984  19.655  -64.103  -41.957 0.1000000015
13314  20.423  -64.675  -41.871 0.1000000015
13315  19.667  -64.775  -42.444 0.1000000015
12607  18.672  -65.476  -43.317 0.1000000015
11104  17.001  -67.817  -44.199 0.1000000015
4187  3.397  -77.918  -39.703 0.1000000015
14673  21.242  -62.699  -40.238 0.1000000015
14712  18.164  -62.613  -42.614 0.1000000015
14713  17.902  -62.713  -43.077 0.1000000015
14681  21.024  -63.379  -40.645 0.1000000015
14714  17.622  -62.738  -43.658 0.1000000015
13304  21.095  -64.478  -41.389 0.1000000015
12594  19.510  -65.446  -42.923 0.1000000015
12593  20.488  -65.457  -42.544 0.1000000015
123172  19.236  -66.178  -43.220 0.1000000015
11845  18.492  -66.503  -43.455 0.1000000015
11832  20.083  -66.188  -43.094 0.1000000015
130695  19.055  -66.722  -43.351 0.1000000015
11093  17.843  -67.466  -43.678 0.1000000015
10383  16.746  -68.217  -45.395 0.1000000015
6348  5.664  -74.701  -36.736 0.1000000015
6349  5.079  -75.126  -37.022 0.1000000015
4696  3.077  -77.396  -40.721 0.1000000015
119760  4.526  -75.546  -37.344 0.1000000015
111235  3.437  -78.897  -39.593 0.1000000015
15396  18.414  -62.320  -42.006 0.1000000015
14683  19.230  -62.492  -41.454 0.1000000015
14727  17.799  -62.401  -42.914 0.1000000015
15379  19.754  -61.846  -40.837 0.1000000015
11092  18.904  -67.395  -43.489 0.1000000015
10361  18.488  -68.223  -43.787 0.1000000015
10360  19.230  -68.127  -43.729 0.1000000015
10368  18.349  -68.784  -44.365 0.1000000015
5217  2.890  -76.515  -40.779 0.1000000015
4681  3.362  -77.045  -39.753 0.1000000015
4666  3.480  -77.551  -38.937 0.1000000015
121156  20.275  -61.126  -40.347 0.1000000015
15369  19.489  -60.943  -40.905 0.1000000015
15380  18.777  -61.610  -41.449 0.1000000015
15397  18.052  -61.818  -42.212 0.1000000015
125637  17.421  -62.729  -44.303 0.1000000015
15425  17.040  -62.196  -44.683 0.1000000015
5199  3.431  -76.122  -39.639 0.1000000015
6366  3.921  -74.858  -39.216 0.1000000015
5733  3.820  -76.065  -38.460 0.1000000015
16110  19.999  -60.316  -40.456 0.1000000015
16122  18.709  -60.556  -41.357 0.1000000015
15414  17.135  -62.063  -43.557 0.1000000015
15415  16.675  -61.505  -43.933 0.1000000015
15398  17.541  -61.325  -42.554 0.1000000015
16142  17.920  -60.464  -41.912 0.1000000015
15277  6.655  -61.096  -29.651 0.1000000015
15275  8.167  -61.179  -29.048 0.1000000015
14585  7.390  -62.720  -28.964 0.1000000015
13882  4.871  -63.265  -30.285 0.1000000015
13889  4.873  -64.011  -30.994 0.1000000015
13890  4.383  -63.451  -31.381 0.1000000015
15278  5.559  -61.354  -29.820 0.1000000015
14592  5.590  -62.450  -29.620 0.1000000015
132123  7.624  -60.248  -29.888 0.1000000015
114384  6.351  -61.840  -29.491 0.1000000015
17501  8.365  -58.726  -30.297 0.1000000015
16760  8.127  -59.648  -30.045 0.1000000015
14593  4.671  -62.169  -30.165 0.1000000015
13883  4.252  -62.729  -30.914 0.1000000015
130063  8.895  -58.156  -30.251 0.1000000015
19897  9.773  -55.678  -29.852 0.1000000015
13199  4.751  -64.224  -32.596 0.1000000015
13908  4.629  -63.530  -33.296 0.1000000015
13216  5.002  -63.710  -34.195 0.1000000015
15990  6.175  -60.490  -30.078 0.1000000015
16761  7.284  -59.820  -30.257 0.1000000015
18297  7.526  -57.490  -30.598 0.1000000015
117202  7.516  -59.107  -30.450 0.1000000015
116406  8.170  -57.233  -30.457 0.1000000015
19088  8.504  -56.613  -30.350 0.1000000015
14607  4.044  -62.520  -31.942 0.1000000015
14614  4.262  -62.562  -33.268 0.1000000015
128477  4.759  -63.107  -34.898 0.1000000015
13915  5.216  -63.556  -35.170 0.1000000015
15279  4.599  -61.253  -30.498 0.1000000015
14599  4.035  -61.914  -31.024 0.1000000015
18298  6.839  -57.856  -30.775 0.1000000015
116551  6.565  -59.915  -30.436 0.1000000015
131828  5.909  -60.001  -30.578 0.1000000015
126653  6.173  -57.480  -30.948 0.1000000015
13922  4.789  -62.923  -35.730 0.1000000015
13240  5.033  -63.404  -37.156 0.1000000015
13259  4.965  -63.848  -38.224 0.1000000015
15991  5.293  -60.523  -30.404 0.1000000015
14600  3.889  -61.325  -32.018 0.1000000015
17503  6.153  -58.236  -31.002 0.1000000015
14608  3.957  -61.592  -32.975 0.1000000015
19090  5.640  -56.758  -31.024 0.1000000015
20671  16.205  -53.710  -30.155 0.1000000015
14622  4.320  -62.270  -35.329 0.1000000015
123414  4.731  -62.911  -36.565 0.1000000015
15992  4.469  -60.396  -31.027 0.1000000015
16768  5.039  -59.094  -31.187 0.1000000015
4175  3.500  -78.363  -38.611 0.1000000015
19882  12.531  -56.171  -29.357 0.1000000015
3106  20.913  -80.614  -22.620 0.1000000015
3118  21.447  -80.353  -23.330 0.1000000015
3573  18.873  -80.043  -22.527 0.1000000015
16160  16.823  -61.095  -43.174 0.1000000015
3571  20.328  -79.316  -23.242 0.1000000015
3572  19.601  -79.622  -22.756 0.1000000015
3588  19.563  -78.988  -23.275 0.1000000015
5758  24.707  -75.340  -40.533 0.1000000015
5195  24.745  -76.615  -39.600 0.1000000015
111943  24.590  -73.728  -40.620 0.1000000015
6386  24.814  -74.442  -40.466 0.1000000015
5757  25.459  -75.000  -39.925 0.1000000015
5208  25.086  -75.851  -39.774 0.1000000015
7010  24.698  -73.179  -40.507 0.1000000015
5756  26.502  -75.131  -39.691 0.1000000015
5207  26.858  -75.792  -39.663 0.1000000015
110031  26.864  -73.955  -39.639 0.1000000015
6385  26.086  -74.326  -39.765 0.1000000015
5755  27.547  -75.445  -39.675 0.1000000015
5206  27.651  -76.378  -39.761 0.1000000015
5205  28.670  -76.041  -39.834 0.1000000015
122490  29.539  -77.737  -40.602 0.1000000015
4206  30.534  -78.486  -40.677 0.1000000015
6384  27.181  -74.652  -39.625 0.1000000015
110668  28.204  -75.000  -39.646 0.1000000015
123473  29.529  -76.940  -40.275 0.1000000015
5204  30.364  -76.865  -40.368 0.1000000015
4686  30.077  -77.606  -40.602 0.1000000015
3732  30.776  -78.706  -40.569 0.1000000015
5203  31.373  -77.137  -40.499 0.1000000015
4700  31.228  -77.938  -40.641 0.1000000015
4684  31.944  -77.602  -40.459 0.1000000015
111604  3.828  -74.645  -24.645 0.1000000015
117093  2.059  -75.063  -25.987 0.1000000015
113800  1.034  -74.728  -25.677 0.1000000015
7466  1.182  -72.744  -24.934 0.1000000015
6251  2.891  -74.868  -26.644 0.1000000015
6265  3.384  -74.591  -27.226 0.1000000015
8089  1.491  -71.915  -25.542 0.1000000015
6847  0.655  -74.007  -26.252 0.1000000015
6857  0.894  -73.987  -27.070 0.1000000015
6266  2.468  -74.668  -27.320 0.1000000015
6869  3.167  -74.297  -27.889 0.1000000015
8713  1.956  -70.979  -25.311 0.1000000015
7478  0.889  -73.197  -26.795 0.1000000015
8719  1.814  -71.170  -26.090 0.1000000015
7483  1.215  -73.193  -27.636 0.1000000015
8718  2.351  -70.704  -26.662 0.1000000015
8095  1.731  -71.451  -27.001 0.1000000015
8112  1.373  -72.301  -28.196 0.1000000015
9426  2.940  -70.111  -26.168 0.1000000015
8723  3.181  -70.339  -27.323 0.1000000015
8102  1.577  -71.586  -27.889 0.1000000015
126165  1.334  -72.210  -28.895 0.1000000015
9434  4.147  -70.002  -27.803 0.1000000015
8728  3.056  -70.303  -28.075 0.1000000015
8111  1.342  -71.574  -28.877 0.1000000015
110696  2.566  -70.221  -28.510 0.1000000015
9433  4.509  -69.550  -28.193 0.1000000015
9438  3.643  -69.775  -28.424 0.1000000015
8741  1.605  -70.564  -29.131 0.1000000015
10186  4.324  -69.063  -28.597 0.1000000015
21558  18.137  -53.477  -42.014 0.1000000015
21545  18.755  -53.619  -41.519 0.1000000015
9439  2.490  -69.660  -28.982 0.1000000015
10904  4.375  -68.040  -28.557 0.1000000015
124851  16.732  -52.945  -47.630 0.1000000015
22363  18.391  -52.136  -42.689 0.1000000015
22365  16.886  -52.776  -43.791 0.1000000015
22376  16.874  -52.770  -44.647 0.1000000015
22392  17.857  -52.235  -47.217 0.1000000015
22337  19.499  -52.978  -41.662 0.1000000015
22354  18.679  -52.882  -42.110 0.1000000015
22355  17.830  -52.975  -42.576 0.1000000015
22384  17.394  -52.614  -46.045 0.1000000015
21543  20.103  -53.214  -41.118 0.1000000015
21544  19.482  -53.588  -41.186 0.1000000015
113617  18.985  -54.276  -40.878 0.1000000015
20781  18.177  -54.810  -41.161 0.1000000015
20005  17.533  -55.557  -41.526 0.1000000015
10187  3.370  -69.069  -28.874 0.1000000015
10905  3.642  -68.170  -28.772 0.1000000015
22393  17.668  -52.165  -47.406 0.1000000015
23236  17.256  -51.954  -47.537 0.1000000015
130934  17.318  -52.085  -45.211 0.1000000015
23210  17.707  -51.517  -46.299 0.1000000015
22375  17.197  -52.121  -44.278 0.1000000015
22353  19.333  -52.068  -42.145 0.1000000015
22323  20.754  -52.695  -40.766 0.1000000015
21522  21.667  -53.574  -39.350 0.1000000015
21531  21.185  -53.082  -40.030 0.1000000015
21523  20.963  -53.817  -39.715 0.1000000015
20768  20.372  -54.451  -39.870 0.1000000015
20776  18.786  -55.223  -40.557 0.1000000015
20004  18.115  -55.792  -40.803 0.1000000015
19220  16.945  -56.304  -42.028 0.1000000015
128730  17.683  -50.822  -45.738 0.1000000015
23224  16.750  -51.460  -47.223 0.1000000015
23190  17.552  -51.367  -44.016 0.1000000015
24105  17.061  -50.870  -46.874 0.1000000015
22335  20.944  -51.840  -41.057 0.1000000015
22336  20.193  -52.297  -41.539 0.1000000015
23158  19.888  -51.564  -41.901 0.1000000015
23135  22.452  -51.520  -39.436 0.1000000015
22322  21.518  -52.232  -40.377 0.1000000015
22321  22.131  -52.221  -39.697 0.1000000015
22310  21.757  -52.791  -39.736 0.1000000015
22301  22.640  -52.269  -38.960 0.1000000015
21521  22.245  -52.943  -39.196 0.1000000015
19986  20.008  -55.372  -39.775 0.1000000015
18434  15.723  -57.064  -43.376 0.1000000015
24067  17.884  -50.694  -43.881 0.1000000015
120977  17.552  -50.221  -45.430 0.1000000015
25004  17.392  -49.936  -45.678 0.1000000015
23157  20.456  -51.344  -41.576 0.1000000015
23171  19.979  -50.842  -42.061 0.1000000015
24066  18.512  -50.394  -43.389 0.1000000015
127986  22.690  -50.869  -39.189 0.1000000015
23156  21.098  -50.973  -41.197 0.1000000015
23121  23.721  -50.922  -38.187 0.1000000015
23122  23.074  -51.458  -38.690 0.1000000015
24079  17.836  -49.928  -44.314 0.1000000015
24045  19.420  -50.435  -42.702 0.1000000015
112089  18.347  -49.535  -43.735 0.1000000015
24014  22.269  -50.746  -39.870 0.1000000015
24015  21.657  -50.634  -40.594 0.1000000015
24044  20.095  -50.036  -42.316 0.1000000015
24964  19.642  -49.563  -42.795 0.1000000015
23978  24.324  -50.599  -37.666 0.1000000015
24025  21.114  -49.991  -41.161 0.1000000015
112212  17.583  -48.586  -44.703 0.1000000015
24000  22.666  -50.100  -39.401 0.1000000015
130907  19.725  -49.019  -42.825 0.1000000015
24065  19.003  -49.610  -43.247 0.1000000015
24983  18.600  -48.568  -43.718 0.1000000015
23980  23.163  -50.498  -38.700 0.1000000015
24941  20.551  -49.606  -41.832 0.1000000015
129545  21.565  -49.907  -40.664 0.1000000015
24982  19.337  -48.854  -43.155 0.1000000015
23967  24.429  -49.847  -37.369 0.1000000015
23999  23.148  -49.598  -38.810 0.1000000015
24918  22.618  -49.090  -39.560 0.1000000015
25819  19.712  -48.268  -42.811 0.1000000015
25797  20.711  -47.992  -41.571 0.1000000015
25818  20.191  -47.963  -42.270 0.1000000015
24881  25.286  -48.944  -36.753 0.1000000015
24890  24.605  -49.037  -37.076 0.1000000015
24891  23.981  -49.218  -37.562 0.1000000015
24940  20.924  -49.039  -41.385 0.1000000015
24889  25.223  -49.742  -36.981 0.1000000015
25730  24.914  -48.284  -36.716 0.1000000015
124438  24.179  -48.775  -37.392 0.1000000015
25742  23.806  -48.544  -37.713 0.1000000015
25773  22.844  -48.197  -39.263 0.1000000015
25784  21.649  -48.200  -40.587 0.1000000015
25727  27.319  -48.139  -36.843 0.1000000015
116971  26.664  -47.700  -36.380 0.1000000015
26702  20.198  -46.720  -41.894 0.1000000015
16004  3.947  -60.491  -31.760 0.1000000015
26612  25.288  -47.586  -36.501 0.1000000015
121941  24.304  -48.287  -37.268 0.1000000015
26624  23.837  -47.751  -37.755 0.1000000015
25783  22.276  -48.233  -39.951 0.1000000015
26682  20.679  -46.922  -41.251 0.1000000015
26657  22.419  -47.398  -39.612 0.1000000015
26670  21.310  -47.098  -40.669 0.1000000015
27649  19.482  -45.615  -41.898 0.1000000015
26683  18.503  -45.944  -41.361 0.1000000015
25799  17.763  -46.681  -41.807 0.1000000015
26623  24.468  -47.311  -37.083 0.1000000015
26637  23.478  -47.380  -38.320 0.1000000015
26656  23.038  -47.450  -38.905 0.1000000015
27597  22.711  -46.841  -39.119 0.1000000015
27629  20.581  -46.109  -40.810 0.1000000015
27631  19.346  -45.503  -41.372 0.1000000015
27632  18.643  -45.289  -41.874 0.1000000015
118245  24.672  -46.478  -36.878 0.1000000015
27544  25.633  -46.973  -36.239 0.1000000015
110698  24.252  -46.288  -37.526 0.1000000015
27614  21.130  -46.153  -40.313 0.1000000015
28521  19.890  -45.525  -40.756 0.1000000015
27616  19.574  -45.536  -40.512 0.1000000015
25800  17.201  -48.170  -41.875 0.1000000015
25798  18.360  -47.284  -40.957 0.1000000015
25786  17.953  -48.339  -41.116 0.1000000015
25785  18.411  -48.340  -40.332 0.1000000015
117288  19.613  -45.560  -39.844 0.1000000015
24920  17.688  -49.881  -39.709 0.1000000015
24933  17.925  -49.303  -40.414 0.1000000015
21385  14.986  -53.556  -24.552 0.1000000015
24001  17.188  -50.431  -39.807 0.1000000015
24903  17.670  -49.482  -38.941 0.1000000015
111424  17.026  -49.493  -38.557 0.1000000015
25754  17.541  -48.962  -38.416 0.1000000015
22145  15.768  -52.612  -23.836 0.1000000015
22159  14.005  -52.474  -24.965 0.1000000015
26569  17.549  -47.280  -33.471 0.1000000015
25755  16.324  -49.238  -38.487 0.1000000015
116620  16.907  -47.751  -37.714 0.1000000015
110608  16.143  -48.368  -38.272 0.1000000015
26659  13.848  -47.074  -39.108 0.1000000015
26660  13.056  -46.890  -39.074 0.1000000015
120124  13.355  -47.500  -38.893 0.1000000015
27495  17.459  -45.911  -32.994 0.1000000015
27563  17.266  -46.821  -37.436 0.1000000015
114372  15.714  -47.372  -38.239 0.1000000015
28451  16.849  -46.054  -37.334 0.1000000015
27581  15.361  -46.351  -38.468 0.1000000015
27582  14.662  -46.976  -38.849 0.1000000015
27604  13.514  -46.376  -39.476 0.1000000015
27580  16.302  -46.662  -37.766 0.1000000015
122090  16.749  -45.167  -37.250 0.1000000015
28468  15.934  -45.528  -37.927 0.1000000015
28469  15.186  -45.450  -38.918 0.1000000015
28490  13.932  -45.871  -39.728 0.1000000015
28491  13.229  -45.661  -39.637 0.1000000015
30213  15.409  -43.958  -39.396 0.1000000015
117934  14.955  -44.072  -39.771 0.1000000015
29367  13.933  -44.230  -39.962 0.1000000015
31830  15.733  -41.816  -40.576 0.1000000015
31051  14.596  -42.601  -40.223 0.1000000015
121213  13.398  -43.106  -39.694 0.1000000015
21614  15.643  -53.104  -47.332 0.1000000015
120672  17.948  -48.004  -33.656 0.1000000015
6225  2.970  -74.882  -24.136 0.1000000015
6250  4.215  -74.501  -26.502 0.1000000015
6237  3.548  -74.734  -25.681 0.1000000015
22146  15.163  -52.092  -24.204 0.1000000015
122424  13.006  -44.975  -39.665 0.1000000015
7497  1.480  -72.797  -28.450 0.1000000015
24992  17.545  -49.439  -44.975 0.1000000015
25841  19.122  -47.600  -43.299 0.1000000015
27630  20.061  -45.839  -41.381 0.1000000015
26641  14.402  -47.618  -38.815 0.1000000015
31846  14.989  -41.977  -40.605 0.1000000015
31052  13.971  -42.821  -40.001 0.1000000015
31039  15.890  -42.324  -40.033 0.1000000015
7009  25.254  -73.767  -40.201 0.1000000015
112933  2.611  -74.931  -25.036 0.1000000015
6252  1.436  -74.836  -26.457 0.1000000015
6267  1.513  -74.511  -27.142 0.1000000015
22364  17.479  -52.262  -43.340 0.1000000015
23223  17.453  -51.489  -47.299 0.1000000015
24092  17.555  -50.797  -46.401 0.1000000015
23189  18.112  -51.344  -43.313 0.1000000015
23173  18.908  -51.259  -42.732 0.1000000015
23147  21.964  -51.488  -40.184 0.1000000015
23979  23.668  -49.983  -37.978 0.1000000015
124739  20.512  -48.789  -41.923 0.1000000015
24932  21.510  -49.196  -40.760 0.1000000015
24917  23.131  -48.822  -38.893 0.1000000015
120679  22.048  -48.901  -40.239 0.1000000015
25772  23.373  -48.167  -38.441 0.1000000015
25796  21.081  -47.787  -41.010 0.1000000015
26611  27.488  -47.353  -36.454 0.1000000015
27598  22.153  -46.523  -39.509 0.1000000015
25753  18.197  -48.806  -38.771 0.1000000015
120360  17.042  -48.766  -38.088 0.1000000015
22157  15.111  -52.800  -24.310 0.1000000015
27603  14.069  -46.498  -39.417 0.1000000015
129710  17.485  -46.329  -37.220 0.1000000015
29341  16.190  -44.463  -37.844 0.1000000015
27602  14.584  -46.083  -39.218 0.1000000015
29342  15.588  -44.650  -38.693 0.1000000015
30212  15.901  -43.780  -38.652 0.1000000015
29352  15.077  -44.680  -39.447 0.1000000015
28489  14.536  -45.292  -39.586 0.1000000015
29353  14.478  -44.511  -39.827 0.1000000015
29354  13.309  -44.316  -39.777 0.1000000015
30225  15.763  -43.109  -39.546 0.1000000015
120776  16.174  -43.047  -38.687 0.1000000015
30240  14.749  -43.072  -40.108 0.1000000015
30227  14.464  -43.709  -39.965 0.1000000015
30226  15.125  -43.430  -39.908 0.1000000015
30241  13.742  -43.565  -39.902 0.1000000015
5  12.481  -91.942  -30.872 0.8000000119
6  11.014  -92.029  -30.616 0.5000000000
8  9.693  -91.393  -30.637 0.5000000000
11  12.832  -92.153  -32.121 0.5000000000
16  8.061  -91.156  -31.352 0.1000000015
20  11.227  -92.303  -32.974 0.2000000030
23  7.349  -91.316  -32.141 0.1000000015
31  7.414  -91.421  -32.862 0.2000000030
32  6.574  -91.540  -33.537 0.3000000119
40  6.381  -91.664  -35.112 0.3000000119
43  11.870  -91.827  -34.882 0.1000000015
45  7.346  -91.985  -35.153 0.3000000119
48  13.730  -91.742  -36.231 0.2000000030
53  6.277  -91.687  -36.231 0.3000000119
56  8.155  -91.926  -37.192 0.3000000119
58  6.768  -91.893  -37.494 0.3000000119
62  6.861  -91.550  -38.213 0.4000000060
65  8.108  -91.287  -39.697 0.4000000060
70  15.007  -90.253  -28.857 0.8999999762
72  13.478  -90.864  -28.634 0.8999999762
75  10.795  -90.740  -28.806 0.6999999881
76  9.740  -90.753  -29.162 0.6999999881
84  9.837  -90.885  -29.505 0.6999999881
85  9.154  -90.964  -29.710 0.6000000238
89  14.244  -91.262  -30.486 0.8999999762
92  8.421  -91.078  -30.563 0.5000000000
94  7.040  -91.028  -31.303 0.5000000000
95  16.039  -90.560  -31.342 0.6999999881
97  14.534  -91.315  -31.918 0.6000000238
108  9.491  -90.715  -32.691 0.1000000015
122  6.205  -91.582  -35.649 0.3000000119
125  12.656  -91.153  -36.637 0.1000000015
132  9.091  -91.840  -37.491 0.2000000030
138  12.955  -91.238  -38.892 0.2000000030
141  8.624  -91.968  -37.863 0.2000000030
142  6.935  -91.219  -38.657 0.4000000060
145  12.827  -91.063  -39.499 0.1000000015
151  9.081  -91.363  -40.698 0.3000000119
156  7.709  -90.763  -41.078 0.4000000060
159  13.641  -89.621  -26.917 0.8999999762
165  12.615  -90.228  -27.469 0.8999999762
167  10.997  -90.560  -27.941 0.8000000119
168  10.268  -90.403  -28.204 0.8000000119
178  8.488  -90.510  -29.446 0.6999999881
187  6.720  -90.938  -31.728 0.3000000119
188  18.032  -89.695  -31.940 0.8999999762
189  17.295  -90.025  -32.118 0.8000000119
191  11.747  -89.469  -32.530 0.1000000015
193  6.458  -90.984  -32.317 0.3000000119
199  17.134  -90.031  -34.258 0.6999999881
202  11.228  -90.973  -33.548 0.1000000015
204  5.971  -90.777  -34.964 0.3000000119
211  16.743  -90.161  -36.264 0.6000000238
216  6.087  -90.767  -36.516 0.2000000030
220  12.743  -91.020  -37.231 0.1000000015
222  9.398  -91.165  -37.028 0.1000000015
227  15.384  -90.555  -38.532 0.3000000119
233  7.618  -89.842  -39.563 0.6999999881
234  7.285  -90.793  -39.318 0.6999999881
238  10.249  -90.416  -39.914 0.2000000030
245  6.999  -90.035  -40.878 0.6999999881
248  14.669  -90.097  -41.228 0.2000000030
253  8.470  -90.643  -41.952 0.2000000030
254  6.581  -90.101  -41.416 0.6999999881
256  13.513  -90.210  -42.789 0.1000000015
260  6.554  -90.179  -41.957 0.6000000238
274  14.326  -89.422  -26.896 0.8999999762
278  10.200  -89.494  -28.079 0.8999999762
286  18.765  -88.746  -30.940 0.8999999762
288  17.452  -89.228  -30.373 0.8999999762
289  7.867  -89.391  -30.021 0.6999999881
290  7.348  -90.064  -30.604 0.6999999881
306  12.773  -89.375  -33.054 0.1000000015
309  9.646  -89.736  -33.754 0.1000000015
316  10.136  -89.240  -34.015 0.1000000015
327  9.999  -89.688  -35.822 0.1000000015
329  6.408  -89.987  -36.256 0.6999999881
331  17.263  -89.490  -37.812 0.3000000119
341  12.701  -90.421  -39.208 0.1000000015
343  5.098  -89.284  -39.308 0.8999999762
344  4.431  -89.227  -38.682 0.8999999762
349  10.928  -88.991  -39.601 0.1000000015
354  13.472  -89.927  -40.772 0.1000000015
357  6.940  -89.453  -40.631 1.0000000000
361  4.309  -89.253  -40.100 0.8000000119
367  9.730  -90.037  -42.005 0.2000000030
375  5.434  -89.962  -42.076 0.8000000119
379  9.227  -89.654  -43.612 0.1000000015
390  6.994  -89.321  -44.708 0.5000000000
396  7.919  -89.113  -45.465 0.1000000015
398  6.546  -89.026  -44.980 0.3000000119
404  8.195  -87.790  -23.583 0.2000000030
412  7.712  -88.028  -24.190 0.2000000030
416  16.523  -88.319  -24.981 0.8999999762
417  15.818  -88.584  -25.218 1.0000000000
420  7.301  -88.302  -24.697 0.3000000119
421  6.834  -88.436  -25.179 0.4000000060
422  6.319  -88.391  -25.401 0.3000000119
425  13.390  -88.598  -25.926 1.0000000000
427  11.995  -89.320  -26.893 1.0000000000
428  7.930  -88.558  -25.834 0.3000000119
431  5.763  -88.477  -25.952 0.3000000119
434  14.982  -89.163  -27.055 1.0000000000
437  10.745  -89.276  -27.719 0.8999999762
438  7.040  -88.831  -26.945 0.4000000060
444  5.018  -88.770  -28.407 0.4000000060
449  9.310  -88.304  -29.310 0.8999999762
451  4.667  -88.577  -29.095 0.4000000060
453  3.855  -88.245  -29.527 0.6000000238
461  4.747  -88.314  -30.567 0.6000000238
464  20.895  -87.696  -31.909 0.8999999762
467  8.049  -88.032  -31.730 0.8000000119
469  4.645  -88.268  -31.298 0.6000000238
471  3.850  -88.338  -31.093 0.6000000238
473  20.549  -88.190  -32.041 0.8999999762
478  4.188  -88.424  -32.454 0.6999999881
479  3.890  -88.461  -31.950 0.6999999881
490  19.483  -88.717  -34.558 0.6999999881
497  3.863  -88.282  -34.497 0.8000000119
506  3.889  -88.383  -35.826 0.8999999762
507  20.523  -88.091  -35.978 0.6999999881
508  14.366  -88.327  -36.319 0.1000000015
522  8.220  -87.727  -38.318 0.8999999762
535  3.630  -88.858  -38.530 0.8999999762
543  6.042  -88.943  -40.098 1.0000000000
558  11.032  -88.628  -41.968 0.1000000015
565  5.129  -88.348  -43.593 0.6999999881
570  9.999  -89.060  -43.612 0.1000000015
571  9.951  -88.656  -44.255 0.1000000015
578  8.571  -88.636  -45.184 0.1000000015
581  4.979  -88.062  -44.682 0.4000000060
586  6.553  -88.700  -45.060 0.2000000030
596  11.490  -89.029  -47.013 0.1000000015
604  7.381  -87.058  -21.952 0.2000000030
605  12.109  -87.191  -22.349 0.1000000015
609  8.297  -87.458  -22.422 0.2000000030
618  7.629  -87.416  -22.994 0.2000000030
619  7.118  -87.387  -23.153 0.2000000030
620  6.615  -87.223  -22.868 0.2000000030
621  5.841  -87.314  -23.517 0.2000000030
624  16.583  -87.944  -24.387 0.6999999881
636  15.240  -87.534  -24.815 0.8000000119
637  14.681  -88.038  -24.957 0.8999999762
639  10.260  -87.628  -25.109 0.2000000030
640  9.441  -87.971  -25.296 0.3000000119
641  8.648  -88.246  -25.541 0.2000000030
642  5.412  -87.681  -24.944 0.2000000030
652  7.795  -88.332  -26.752 0.4000000060
664  3.623  -87.557  -28.148 0.4000000060
695  17.138  -86.816  -31.056 0.8999999762
698  4.962  -87.995  -31.813 0.6000000238
699  4.337  -88.397  -31.866 0.6999999881
700  3.457  -88.104  -31.791 0.6999999881
711  3.282  -88.015  -32.716 0.6999999881
712  22.862  -86.786  -33.329 0.8000000119
722  3.543  -88.186  -33.420 0.6999999881
723  3.069  -87.730  -33.582 0.6999999881
731  7.712  -87.835  -34.628 1.0000000000
747  4.387  -88.011  -35.109 0.8000000119
750  24.258  -86.613  -36.694 1.0000000000
753  22.050  -87.670  -36.430 0.8999999762
758  4.345  -88.175  -35.920 0.8999999762
766  15.368  -87.031  -36.795 0.1000000015
795  3.239  -88.017  -38.820 0.8999999762
798  21.287  -87.017  -40.173 0.6999999881
799  20.407  -87.028  -40.240 0.5000000000
803  14.059  -87.441  -40.356 0.1000000015
807  18.821  -87.353  -41.593 0.5000000000
820  11.125  -88.069  -42.823 0.1000000015
838  5.303  -88.013  -45.091 0.2000000030
846  5.558  -87.556  -45.165 0.1000000015
855  11.007  -88.384  -47.474 0.1000000015
864  6.197  -86.576  -20.801 0.1000000015
867  14.733  -85.655  -21.179 0.2000000030
868  13.508  -86.304  -21.578 0.2000000030
883  12.912  -86.824  -21.924 0.2000000030
887  22.450  -85.911  -23.687 0.5000000000
894  11.887  -87.302  -23.959 0.1000000015
895  5.853  -87.006  -22.765 0.2000000030
904  11.335  -87.261  -24.534 0.1000000015
905  10.894  -87.299  -25.016 0.2000000030
911  16.664  -86.632  -24.702 0.6000000238
948  8.204  -86.276  -28.260 0.5000000000
955  11.747  -86.423  -28.983 0.8999999762
957  7.481  -86.331  -29.382 0.5000000000
958  6.885  -86.929  -29.842 0.5000000000
961  10.885  -86.045  -30.139 0.8999999762
970  18.076  -86.348  -31.794 0.8999999762
975  5.526  -86.995  -31.751 0.6999999881
985  22.860  -86.396  -33.081 0.8000000119
991  2.513  -86.896  -33.788 0.6999999881
992  23.648  -86.501  -34.593 0.8999999762
1014  9.569  -85.747  -36.370 0.8999999762
1019  24.664  -86.440  -37.454 1.0000000000
1026  5.850  -86.843  -37.163 0.8999999762
1031  15.087  -86.724  -39.306 0.1000000015
1034  8.369  -85.860  -38.432 0.8999999762
1035  7.954  -86.194  -38.989 0.8999999762
1045  3.022  -87.232  -39.067 0.8999999762
1073  23.293  -86.177  -42.299 0.8999999762
1075  21.678  -86.367  -42.188 0.6000000238
1085  19.063  -87.154  -44.135 0.5000000000
1095  3.668  -86.929  -44.012 0.4000000060
1104  5.983  -86.774  -45.007 0.1000000015
1114  6.389  -87.566  -44.880 0.1000000015
1115  5.184  -86.712  -45.686 0.1000000015
1116  4.536  -86.417  -45.777 0.2000000030
1132  16.272  -86.992  -48.222 0.1000000015
1142  19.823  -86.264  -49.433 0.5000000000
1153  17.500  -85.698  -51.230 0.3000000119
1162  5.356  -85.736  -18.859 0.1000000015
1167  19.037  -84.883  -20.476 0.4000000060
1170  16.055  -85.048  -20.316 0.3000000119
1174  12.925  -85.693  -21.163 0.2000000030
1191  9.412  -85.952  -20.866 0.1000000015
1193  7.729  -86.389  -20.866 0.1000000015
1204  3.721  -85.438  -22.541 0.1000000015
1223  4.262  -86.155  -24.572 0.2000000030
1225  25.279  -84.640  -26.277 0.4000000060
1231  13.285  -85.137  -25.064 0.3000000119
1237  24.962  -85.014  -26.543 0.5000000000
1242  15.089  -85.710  -26.781 0.8000000119
1267  9.283  -85.078  -28.289 0.5000000000
1298  21.509  -85.977  -32.674 0.8999999762
1305  6.345  -85.576  -32.172 0.5000000000
1306  5.752  -85.742  -32.931 0.8000000119
1313  19.837  -84.984  -33.100 0.8000000119
1338  6.127  -85.642  -35.686 0.8000000119
1342  24.125  -85.484  -35.880 0.8999999762
1351  25.005  -86.070  -37.548 0.8999999762
1354  8.097  -85.254  -37.900 0.8999999762
1360  7.866  -85.726  -38.523 0.8999999762
1362  2.119  -85.965  -38.577 0.8999999762
1364  25.414  -85.539  -39.002 0.8999999762
1375  2.145  -85.586  -40.707 0.8999999762
1389  24.917  -85.675  -42.408 0.8999999762
1400  23.445  -85.495  -43.760 0.8999999762
1411  3.209  -86.120  -43.963 0.6999999881
1413  24.497  -84.219  -44.784 0.8999999762
1423  2.436  -84.797  -45.024 0.3000000119
1425  22.556  -85.468  -45.150 0.8000000119
1430  4.143  -85.527  -45.729 0.2000000030
1438  21.851  -85.377  -48.259 0.6999999881
1442  22.576  -85.201  -48.912 0.6000000238
1449  20.768  -85.718  -49.296 0.6999999881
1450  20.011  -85.927  -49.643 0.5000000000
1473  4.379  -85.338  -18.958 0.2000000030
1475  18.678  -84.591  -20.103 0.4000000060
1480  13.948  -85.054  -20.849 0.2000000030
1481  13.170  -85.238  -21.010 0.2000000030
1486  20.458  -84.801  -20.863 0.5000000000
1488  13.373  -84.826  -20.966 0.2000000030
1509  24.018  -84.584  -23.253 0.4000000060
1511  19.127  -84.110  -23.220 0.5000000000
1515  14.867  -85.284  -23.702 0.3000000119
1519  24.798  -84.633  -24.395 0.4000000060
1524  13.872  -84.933  -24.754 0.3000000119
1525  3.410  -85.122  -24.072 0.2000000030
1526  2.802  -84.440  -24.018 0.2000000030
1535  4.297  -84.668  -26.442 0.4000000060
1556  4.530  -84.419  -27.145 0.4000000060
1560  25.088  -84.854  -28.214 0.4000000060
1565  14.900  -84.417  -28.640 0.8000000119
1577  15.501  -83.749  -28.961 0.8000000119
1586  1.885  -83.874  -30.209 0.6000000238
1596  1.667  -84.059  -30.874 0.6000000238
1603  1.397  -84.300  -31.607 0.6000000238
1610  1.080  -84.578  -32.285 0.6000000238
1618  7.528  -84.239  -33.379 0.6000000238
1621  0.668  -84.369  -33.305 0.8000000119
1640  7.631  -84.301  -35.480 0.8000000119
1642  0.311  -84.156  -35.440 0.8000000119
1647  10.223  -84.229  -36.249 0.8999999762
1648  9.581  -84.689  -36.803 0.8999999762
1659  8.778  -84.990  -37.472 0.8999999762
1681  0.619  -83.912  -39.868 1.0000000000
1704  25.851  -83.784  -42.868 0.8000000119
1726  1.270  -83.972  -43.964 0.6000000238
1733  24.953  -83.548  -45.300 0.8000000119
1754  22.698  -84.869  -49.142 0.6000000238
1771  18.089  -85.064  -51.975 0.4000000060
1775  17.980  -84.664  -53.099 0.4000000060
1783  18.527  -84.158  -53.619 0.4000000060
1786  15.488  -84.401  -52.936 0.3000000119
1818  15.270  -84.655  -20.450 0.2000000030
1821  3.265  -83.734  -20.477 0.2000000030
1833  23.100  -83.986  -22.310 0.4000000060
1857  25.429  -83.427  -24.871 0.3000000119
1865  25.732  -83.687  -25.641 0.3000000119
1873  1.750  -82.917  -25.491 0.4000000060
1874  26.316  -83.899  -27.432 0.2000000030
1876  20.097  -82.750  -26.218 0.5000000000
1880  13.479  -83.654  -26.644 0.4000000060
1882  4.397  -83.875  -27.412 0.4000000060
1886  18.430  -83.217  -27.524 0.6000000238
1889  12.454  -83.733  -27.425 0.4000000060
1890  11.844  -83.858  -27.727 0.5000000000
1891  11.100  -84.054  -28.040 0.5000000000
1893  27.635  -83.018  -28.889 0.1000000015
1901  2.535  -83.591  -28.405 0.6999999881
1913  8.922  -83.785  -30.044 0.5000000000
1927  20.214  -83.070  -31.416 0.8000000119
1930  13.075  -83.510  -32.071 1.0000000000
1933  8.156  -83.954  -32.108 0.6000000238
1942  0.773  -83.451  -32.418 0.6000000238
1949  7.886  -83.886  -33.919 0.6000000238
1960  0.119  -83.013  -34.539 0.8000000119
1961  21.908  -82.888  -35.272 0.8999999762
1967  8.870  -83.580  -35.592 0.6999999881
1977  0.083  -83.622  -36.110 0.8000000119
1988  20.655  -83.014  -38.675 0.4000000060
2001  20.586  -83.013  -39.432 0.4000000060
2013  25.803  -84.100  -41.237 0.8000000119
2017  21.516  -83.336  -40.392 0.5000000000
2026  0.733  -83.993  -40.705 0.8999999762
2029  25.389  -83.562  -41.669 0.8000000119
2039  0.885  -84.082  -41.463 0.6999999881
2040  0.533  -83.272  -41.444 0.8000000119
2062  1.334  -83.374  -44.218 0.6000000238
2063  25.892  -82.687  -44.319 0.8000000119
2064  25.511  -83.102  -44.876 0.8000000119
2072  2.950  -84.030  -45.420 0.1000000015
2107  19.712  -83.729  -53.830 0.6999999881
2111  17.721  -83.721  -53.821 0.5000000000
2121  19.096  -83.776  -54.188 0.6000000238
2122  18.570  -83.854  -54.019 0.5000000000
2128  11.765  -83.386  -54.374 0.2000000030
2159  6.187  -82.890  -14.674 0.1000000015
2201  3.124  -82.762  -19.680 0.2000000030
2252  20.076  -82.488  -25.708 0.5000000000
2253  19.620  -82.151  -25.509 0.5000000000
2254  18.600  -81.951  -25.529 0.4000000060
2262  19.775  -82.318  -26.818 0.6000000238
2264  17.155  -81.701  -26.523 0.5000000000
2277  18.689  -81.835  -28.238 0.6000000238
2290  10.062  -83.003  -30.059 0.5000000000
2301  10.534  -82.490  -30.599 0.5000000000
2316  9.762  -82.551  -32.193 0.6999999881
2320  14.032  -81.593  -33.009 0.8999999762
2336  11.309  -82.212  -34.588 0.8000000119
2338  9.716  -82.517  -34.517 0.6999999881
2340  0.167  -82.194  -34.290 0.8000000119
2342  28.467  -82.092  -35.113 0.2000000030
2344  27.638  -82.250  -35.468 0.2000000030
2349  10.930  -82.721  -35.242 0.8999999762
2354  0.014  -82.321  -35.176 0.8000000119
2359  21.488  -82.280  -35.816 0.6999999881
2372  28.810  -82.093  -37.577 0.1000000015
2387  0.329  -82.369  -37.454 1.0000000000
2389  28.077  -82.515  -38.478 0.1000000015
2402  27.661  -82.389  -39.212 0.1000000015
2412  21.022  -82.882  -40.898 0.4000000060
2413  20.654  -82.496  -40.238 0.4000000060
2427  25.841  -83.193  -42.945 0.8000000119
2440  0.677  -82.506  -43.389 0.8000000119
2450  0.914  -81.707  -43.600 0.5000000000
2451  26.175  -82.134  -44.246 0.6999999881
2459  25.526  -82.385  -46.046 0.6000000238
2460  24.846  -82.637  -46.566 0.6000000238
2461  24.343  -82.397  -47.090 0.6000000238
2475  21.359  -82.768  -47.983 0.6000000238
2485  18.392  -82.455  -48.838 0.8000000119
2495  21.357  -82.658  -52.699 0.8999999762
2503  21.072  -82.591  -53.760 1.0000000000
2516  20.033  -82.421  -54.684 0.8000000119
2584  7.887  -82.370  -14.414 0.1000000015
2644  2.438  -81.602  -21.659 0.2000000030
2687  24.780  -81.467  -26.100 0.2000000030
2689  19.780  -81.927  -26.063 0.5000000000
2701  17.261  -80.887  -27.852 0.5000000000
2716  17.373  -80.977  -29.727 0.6999999881
2721  1.534  -81.492  -29.286 0.6000000238
2735  16.011  -80.497  -31.235 0.5000000000
2737  14.841  -81.185  -32.473 0.6999999881
2739  11.734  -81.301  -31.945 0.6000000238
2742  0.590  -81.094  -32.358 0.6999999881
2754  13.683  -80.894  -33.147 0.5000000000
2764  20.051  -81.509  -33.413 0.6000000238
2775  11.145  -81.815  -34.200 0.8000000119
2780  28.912  -81.909  -35.016 0.2000000030
2827  29.331  -81.297  -39.430 0.1000000015
2830  27.167  -81.923  -39.796 0.2000000030
2837  20.659  -81.841  -39.803 0.4000000060
2843  28.400  -81.316  -40.356 0.2000000030
2845  26.641  -81.380  -40.166 0.2000000030
2859  0.499  -81.526  -41.291 0.8000000119
2864  21.578  -80.535  -42.274 0.4000000060
2870  2.510  -81.099  -43.228 0.2000000030
2877  1.038  -80.954  -43.332 0.6000000238
2901  21.640  -82.038  -47.330 0.6000000238
2903  19.128  -81.735  -47.842 0.8000000119
2924  23.566  -81.149  -51.840 0.6000000238
2941  20.699  -82.050  -54.547 0.8999999762
2956  15.516  -80.805  -56.650 0.4000000060
2959  13.034  -81.103  -56.544 0.4000000060
2960  11.906  -81.078  -56.391 0.5000000000
2961  10.769  -80.924  -56.257 0.5000000000
3033  4.116  -81.227  -14.053 0.1000000015
3108  19.621  -80.331  -22.238 0.1000000015
3119  20.846  -79.898  -23.049 0.1000000015
3142  24.041  -80.891  -26.519 0.1000000015
3147  1.374  -80.215  -26.154 0.6000000238
3157  16.511  -80.447  -29.606 0.5000000000
3167  14.715  -80.263  -30.820 0.5000000000
3173  15.696  -80.123  -31.008 0.5000000000
3181  14.638  -80.253  -32.043 0.5000000000
3200  13.175  -80.738  -33.018 0.8000000119
3220  0.396  -80.589  -35.583 0.8000000119
3248  0.588  -80.594  -37.296 0.6999999881
3250  21.207  -81.272  -38.202 0.4000000060
3269  0.649  -80.329  -39.145 0.8999999762
3299  25.629  -80.826  -43.279 0.4000000060
3300  24.800  -80.561  -42.843 0.3000000119
3303  21.658  -79.680  -42.102 0.4000000060
3313  1.242  -79.933  -42.691 0.4000000060
3314  0.739  -80.568  -42.533 0.6999999881
3320  1.378  -80.516  -43.156 0.4000000060
3349  12.840  -80.195  -48.310 0.8999999762
3366  13.573  -80.602  -49.689 0.8999999762
3381  5.441  -81.214  -50.911 0.2000000030
3382  4.499  -81.689  -50.556 0.2000000030
3384  3.393  -80.613  -50.832 0.1000000015
3386  23.977  -80.682  -51.622 0.5000000000
3413  10.007  -80.530  -55.815 0.6000000238
3416  15.591  -80.426  -56.774 0.4000000060
3517  2.878  -80.038  -15.973 0.1000000015
3589  18.814  -79.391  -23.029 0.1000000015
3617  1.436  -79.713  -25.416 0.4000000060
3636  2.910  -79.854  -29.028 0.6000000238
3653  21.964  -80.211  -32.668 0.6000000238
3660  21.221  -79.786  -33.219 0.6000000238
3673  21.581  -78.993  -34.283 0.5000000000
3680  23.596  -79.330  -35.714 0.3000000119
3688  0.891  -78.744  -35.907 0.8999999762
3693  23.178  -79.462  -36.541 0.3000000119
3699  0.741  -79.459  -36.375 0.8000000119
3703  22.044  -79.931  -37.224 0.4000000060
3709  0.752  -79.225  -37.261 0.8000000119
3716  0.705  -79.079  -38.122 0.8999999762
3723  22.610  -78.864  -40.514 0.4000000060
3734  28.454  -79.820  -41.179 0.2000000030
3737  25.658  -79.938  -40.088 0.2000000030
3749  29.280  -79.169  -40.864 0.2000000030
3776  1.516  -79.381  -42.362 0.3000000119
3788  20.201  -79.198  -44.618 0.5000000000
3809  13.435  -79.749  -48.018 0.8000000119
3816  12.237  -79.303  -48.436 0.8999999762
3819  10.150  -80.237  -48.868 0.6999999881
3823  3.442  -80.482  -49.389 0.1000000015
3826  14.880  -79.576  -49.565 0.8999999762
3834  23.159  -80.070  -50.715 0.5000000000
3840  3.301  -79.686  -50.096 0.1000000015
3843  24.794  -79.523  -51.367 0.4000000060
3849  3.580  -80.156  -52.426 0.1000000015
3850  3.283  -80.052  -51.730 0.1000000015
3855  13.162  -79.235  -52.755 0.8999999762
3856  6.578  -79.076  -53.277 0.3000000119
3858  4.700  -80.236  -53.172 0.1000000015
3859  3.964  -79.824  -53.126 0.1000000015
3864  19.826  -79.270  -53.533 1.0000000000
3872  10.696  -79.016  -54.980 0.6000000238
3873  10.232  -79.710  -55.320 0.5000000000
3878  16.574  -80.414  -56.431 1.0000000000
3879  15.980  -80.083  -56.804 1.0000000000
3989  5.866  -78.131  -15.649 0.1000000015
4025  2.784  -78.626  -20.687 0.3000000119
4059  3.954  -78.055  -24.193 0.3000000119
4076  2.507  -78.388  -23.974 0.4000000060
4129  0.822  -78.040  -32.190 0.6999999881
4155  0.843  -78.755  -35.188 0.8000000119
4191  31.314  -78.221  -40.559 0.1000000015
4196  21.681  -79.132  -41.030 0.4000000060
4204  2.627  -77.827  -41.408 0.2000000030
4219  1.260  -77.973  -41.919 0.4000000060
4220  1.011  -78.537  -41.950 0.4000000060
4223  23.465  -78.556  -41.720 0.3000000119
4231  1.729  -78.242  -42.067 0.2000000030
4245  22.985  -78.487  -44.415 0.5000000000
4246  21.755  -78.532  -44.232 0.5000000000
4247  20.579  -78.513  -44.301 0.5000000000
4265  19.703  -78.612  -46.470 0.6000000238
4278  20.535  -78.651  -48.383 0.6000000238
4284  11.129  -78.609  -49.721 0.8999999762
4291  23.496  -78.653  -49.737 0.4000000060
4293  15.527  -78.506  -49.907 0.8999999762
4312  3.219  -79.383  -51.739 0.1000000015
4315  14.723  -78.615  -51.708 0.8000000119
4317  8.905  -78.289  -52.030 0.6000000238
4322  25.605  -78.604  -51.707 0.2000000030
4342  4.951  -78.206  -53.591 0.2000000030
4344  19.835  -78.805  -53.611 0.6999999881
4346  12.490  -77.662  -54.837 0.6999999881
4352  11.889  -78.130  -55.877 0.8000000119
4355  14.697  -78.199  -57.194 0.8000000119
4357  12.980  -78.390  -56.900 0.8000000119
4359  11.585  -78.866  -56.117 0.6999999881
4522  3.083  -77.860  -18.507 0.2000000030
4536  4.445  -76.974  -21.339 0.2000000030
4572  4.563  -77.727  -24.378 0.3000000119
4585  5.720  -77.058  -25.504 0.3000000119
4625  0.836  -77.210  -32.583 0.6999999881
4640  0.761  -77.454  -34.412 0.6999999881
4642  31.577  -77.974  -34.979 0.1000000015
4667  0.701  -77.516  -38.898 0.8000000119
4685  30.672  -77.867  -40.679 0.1000000015
4701  29.975  -78.426  -40.786 0.2000000030
4710  1.261  -77.326  -41.633 0.4000000060
4734  19.742  -77.000  -44.693 0.4000000060
4764  20.421  -77.763  -47.402 0.6000000238
4783  12.274  -77.519  -49.297 0.8999999762
4804  15.782  -77.175  -51.381 0.8000000119
4805  9.556  -77.514  -51.923 0.6999999881
4810  25.900  -77.907  -52.165 0.2000000030
4812  15.098  -77.149  -52.442 0.8000000119
4820  22.734  -77.952  -53.241 0.5000000000
4827  4.856  -77.490  -53.671 0.1000000015
4851  12.953  -77.337  -57.024 0.8000000119
4852  14.580  -76.919  -57.445 0.8000000119
5050  5.290  -76.272  -22.947 0.2000000030
5083  6.555  -75.863  -25.368 0.3000000119
5084  6.248  -76.544  -25.860 0.4000000060
5106  6.024  -76.905  -27.503 0.5000000000
5114  6.505  -75.973  -28.484 0.5000000000
5117  3.461  -76.833  -30.168 0.6999999881
5121  2.477  -76.376  -30.474 0.6999999881
5124  1.726  -75.946  -30.763 0.6999999881
5151  31.682  -77.377  -34.321 0.1000000015
5189  3.573  -76.826  -38.710 0.1000000015
5265  26.794  -77.069  -46.523 0.2000000030
5268  16.221  -76.143  -46.676 0.6999999881
5283  20.990  -76.668  -47.342 0.4000000060
5338  6.570  -76.984  -53.835 0.5000000000
5339  5.945  -76.767  -53.895 0.4000000060
5340  5.700  -76.438  -53.942 0.4000000060
5341  5.187  -76.582  -54.038 0.2000000030
5347  24.121  -75.707  -55.001 0.1000000015
5350  13.798  -75.769  -56.225 0.8000000119
5351  13.272  -76.392  -56.610 0.6999999881
5353  22.943  -76.814  -57.493 0.2000000030
5363  23.374  -76.330  -57.668 0.1000000015
5372  13.895  -76.332  -57.392 0.8999999762
5582  3.758  -75.770  -20.277 0.2000000030
5598  5.405  -75.480  -23.377 0.2000000030
5666  7.162  -75.154  -28.759 0.6000000238
5674  3.338  -75.382  -30.724 0.6999999881
5681  1.274  -75.226  -32.132 0.6999999881
5695  1.144  -74.975  -33.089 0.6999999881
5718  1.041  -74.728  -35.005 0.8000000119
5732  4.138  -75.966  -37.719 0.1000000015
5734  1.011  -75.374  -37.119 0.8000000119
5741  3.769  -75.519  -39.062 0.1000000015
5745  25.947  -75.764  -39.627 0.1000000015
5749  0.911  -75.574  -40.340 0.5000000000
5765  2.767  -75.672  -40.831 0.1000000015
5766  1.999  -75.301  -41.359 0.4000000060
5767  1.060  -75.766  -41.094 0.5000000000
5799  20.276  -75.219  -44.654 0.4000000060
5829  20.857  -75.537  -46.508 0.4000000060
5831  15.419  -75.051  -45.777 0.8000000119
5834  12.781  -75.151  -46.764 0.8999999762
5849  16.829  -75.636  -46.739 0.8000000119
5859  23.451  -76.081  -47.887 0.3000000119
5861  17.153  -75.541  -47.514 0.6999999881
5864  12.201  -75.493  -48.906 1.0000000000
5865  11.139  -75.244  -48.784 1.0000000000
5876  11.786  -75.762  -49.569 0.8999999762
5883  18.439  -74.849  -49.988 0.5000000000
5885  16.879  -75.954  -50.290 0.8000000119
5888  8.445  -75.073  -50.698 1.0000000000
5899  6.530  -75.155  -53.141 0.8000000119
5924  14.324  -75.114  -56.628 0.8000000119
5936  20.849  -75.865  -58.260 0.3000000119
6235  6.369  -74.809  -25.436 0.3000000119
6247  7.280  -74.424  -27.051 0.4000000060
6248  6.928  -74.650  -26.336 0.3000000119
6253  0.984  -74.488  -26.548 0.1000000015
6273  7.501  -74.163  -27.737 0.5000000000
6284  6.509  -73.801  -30.934 0.6000000238
6296  1.991  -74.238  -32.179 0.6999999881
6312  1.402  -74.157  -33.517 0.6999999881
6378  0.957  -74.669  -40.273 0.6999999881
6387  24.163  -74.046  -40.981 0.1000000015
6408  20.628  -74.753  -44.214 0.4000000060
6444  22.393  -74.264  -46.463 0.2000000030
6446  20.978  -74.740  -46.207 0.3000000119
6449  15.323  -74.144  -45.872 0.6000000238
6452  12.453  -74.396  -46.527 0.6000000238
6468  18.074  -73.855  -47.365 0.5000000000
6471  11.394  -74.644  -47.446 0.8000000119
6482  18.482  -74.088  -48.055 0.5000000000
6500  1.878  -75.275  -50.544 0.1000000015
6514  7.331  -74.469  -51.580 0.8000000119
6515  6.900  -74.653  -52.083 0.8999999762
6541  3.971  -74.837  -54.982 0.1000000015
6550  15.495  -74.130  -55.989 0.6999999881
6551  24.444  -74.525  -57.103 0.1000000015
6558  16.432  -73.757  -57.318 0.6999999881
6559  15.743  -73.846  -57.204 0.6999999881
6854  7.047  -74.091  -26.896 0.4000000060
6871  1.369  -73.941  -27.644 0.1000000015
6885  7.035  -73.145  -28.101 0.3000000119
6889  1.608  -73.492  -28.134 0.2000000030
6896  7.606  -73.408  -29.282 0.4000000060
6905  7.124  -73.094  -31.150 0.6999999881
6947  2.181  -73.017  -34.084 0.8000000119
6962  1.916  -72.820  -34.890 0.8999999762
7014  3.317  -72.646  -40.596 0.2000000030
7016  1.326  -73.244  -40.816 0.6999999881
7017  23.352  -73.623  -41.290 0.2000000030
7022  1.645  -72.860  -41.016 0.4000000060
7027  21.970  -73.147  -43.641 0.1000000015
7034  29.502  -73.300  -45.108 0.1000000015
7037  26.952  -73.088  -45.178 0.1000000015
7049  28.263  -73.764  -45.311 0.1000000015
7053  23.399  -73.284  -45.224 0.1000000015
7055  21.749  -73.625  -45.107 0.2000000030
7064  22.006  -73.797  -45.890 0.2000000030
7067  13.523  -73.793  -46.113 0.6000000238
7081  15.606  -73.292  -47.683 0.5000000000
7083  13.056  -73.296  -46.697 0.5000000000
7086  11.079  -74.153  -47.501 0.6000000238
7104  19.797  -72.625  -49.582 0.5000000000
7108  10.183  -73.515  -48.844 0.8000000119
7115  20.210  -72.583  -50.095 0.5000000000
7117  9.567  -73.055  -50.104 0.8000000119
7122  20.601  -72.676  -50.801 0.4000000060
7124  7.649  -73.547  -51.833 0.8000000119
7138  9.335  -72.959  -54.201 1.0000000000
7146  8.258  -73.135  -55.198 0.8999999762
7148  6.260  -73.737  -54.626 0.5000000000
7161  22.040  -73.745  -57.658 0.1000000015
7162  5.742  -73.316  -56.324 0.3000000119
7164  24.016  -73.841  -57.855 0.1000000015
7167  23.455  -73.801  -58.135 0.1000000015
7472  0.875  -73.062  -25.878 0.1000000015
7510  2.200  -72.861  -29.534 0.2000000030
7541  5.863  -72.110  -34.028 0.6999999881
7557  4.416  -72.569  -34.742 0.8000000119
7575  4.208  -72.204  -35.361 0.8000000119
7577  2.308  -72.280  -35.469 0.8999999762
7605  5.898  -72.190  -38.517 0.1000000015
7628  3.825  -71.983  -40.132 0.2000000030
7631  23.270  -72.344  -41.574 0.1000000015
7632  22.945  -73.019  -41.518 0.2000000030
7635  2.690  -72.292  -40.957 0.3000000119
7636  2.189  -72.207  -40.961 0.4000000060
7637  1.840  -72.345  -40.856 0.4000000060
7660  23.562  -72.616  -44.287 0.1000000015
7700  10.840  -73.367  -48.410 0.5000000000
7726  16.581  -72.086  -51.890 0.3000000119
7738  9.583  -72.913  -52.557 0.8000000119
7747  3.045  -72.286  -54.312 0.1000000015
7749  12.354  -71.697  -55.533 0.8000000119
7751  11.558  -72.423  -54.943 0.8000000119
7754  3.209  -71.678  -55.158 0.3000000119
7755  24.619  -73.254  -56.582 0.1000000015
7758  11.200  -72.220  -55.498 0.8000000119
7769  6.580  -72.032  -56.766 0.6000000238
8096  1.331  -72.177  -26.433 0.1000000015
8103  1.295  -72.353  -27.326 0.1000000015
8123  7.333  -72.072  -30.136 0.5000000000
8124  6.935  -71.863  -29.912 0.4000000060
8130  7.321  -71.664  -30.994 0.6000000238
8134  3.080  -72.253  -31.063 0.3000000119
8162  7.228  -70.308  -32.868 0.6000000238
8176  6.003  -71.319  -34.626 0.6999999881
8207  2.101  -70.802  -37.100 0.8999999762
8216  6.434  -71.395  -38.328 0.1000000015
8217  1.456  -70.858  -37.737 0.8999999762
8247  2.719  -71.158  -40.491 0.3000000119
8249  1.864  -71.774  -40.421 0.5000000000
8251  23.783  -71.803  -41.257 0.1000000015
8254  2.423  -71.804  -40.700 0.3000000119
8255  2.049  -71.915  -40.738 0.3000000119
8281  25.576  -71.567  -43.712 0.1000000015
8309  19.564  -71.843  -49.950 0.2000000030
8310  18.710  -72.094  -49.532 0.5000000000
8330  16.152  -71.865  -52.529 0.2000000030
8335  21.010  -70.940  -52.886 0.1000000015
8337  18.779  -71.179  -52.498 0.1000000015
8358  20.585  -71.038  -57.533 0.1000000015
8359  12.584  -71.121  -56.630 0.8000000119
8724  2.223  -70.808  -27.587 0.1000000015
8729  1.940  -70.823  -28.323 0.1000000015
8759  7.166  -70.452  -32.399 0.6000000238
8760  7.016  -70.522  -31.899 0.5000000000
8774  6.255  -70.243  -32.208 0.5000000000
8777  2.394  -70.618  -32.738 0.4000000060
8785  7.136  -69.989  -33.264 0.5000000000
8795  6.439  -69.773  -34.717 0.6999999881
8796  6.161  -70.550  -34.937 0.6999999881
8811  5.963  -69.915  -35.533 0.8000000119
8824  5.567  -69.470  -36.194 0.6000000238
8837  3.857  -69.394  -37.226 1.0000000000
8846  6.331  -70.167  -38.523 0.1000000015
8847  6.037  -70.873  -38.830 0.1000000015
8849  1.436  -70.576  -39.046 0.6000000238
8867  24.807  -71.046  -41.011 0.1000000015
8872  3.119  -70.366  -40.387 0.4000000060
8952  6.111  -70.196  -51.617 0.6999999881
8953  5.649  -69.871  -51.472 0.6999999881
8962  6.776  -70.524  -52.443 0.8000000119
8964  5.330  -69.903  -52.603 0.6999999881
8972  20.226  -70.661  -53.126 0.1000000015
8986  20.836  -70.901  -54.514 0.1000000015
8988  19.361  -70.707  -54.170 0.1000000015
8993  7.007  -70.087  -54.250 0.8000000119
9017  12.828  -71.058  -56.333 0.6999999881
9026  19.602  -69.829  -56.546 0.1000000015
9028  12.594  -70.519  -57.099 0.8000000119
9033  5.598  -70.209  -57.136 0.6000000238
9465  1.119  -69.892  -31.236 0.4000000060
9481  6.446  -69.801  -32.763 0.5000000000
9489  6.628  -69.571  -33.414 0.5000000000
9503  6.488  -69.351  -34.106 0.5000000000
9522  6.050  -68.931  -34.717 0.6999999881
9550  1.708  -69.678  -39.369 0.6000000238
9559  4.300  -69.624  -39.881 0.2000000030
9561  1.988  -69.749  -40.124 0.4000000060
9565  28.348  -69.319  -40.420 0.1000000015
9600  30.102  -69.337  -43.524 0.1000000015
9655  6.974  -69.503  -50.729 0.8000000119
9658  4.871  -68.228  -52.007 0.6000000238
9668  7.396  -69.581  -51.633 0.8000000119
9681  16.812  -70.003  -54.855 0.1000000015
9685  3.825  -66.887  -54.314 0.3000000119
9691  8.448  -69.143  -55.696 0.8999999762
9693  3.793  -66.873  -54.486 0.2000000030
9712  13.204  -70.068  -56.965 0.8000000119
9716  8.428  -69.916  -56.604 0.8999999762
10188  2.552  -68.633  -29.209 0.2000000030
10231  1.460  -68.658  -32.840 0.6000000238
10242  2.980  -68.722  -34.051 0.6000000238
10257  5.542  -68.667  -34.449 0.6000000238
10259  3.709  -68.176  -34.542 0.6999999881
10304  1.749  -68.839  -39.471 0.6999999881
10359  19.867  -68.290  -43.988 0.1000000015
10362  17.668  -68.362  -44.117 0.1000000015
10369  17.077  -68.456  -44.679 0.1000000015
10397  17.298  -68.128  -46.339 0.1000000015
10430  5.124  -68.598  -49.416 0.6000000238
10442  6.579  -69.179  -49.949 0.6999999881
10453  4.227  -66.619  -53.931 0.4000000060
10461  3.861  -66.618  -54.311 0.3000000119
10462  3.620  -67.283  -53.303 0.2000000030
10470  3.753  -66.877  -54.144 0.2000000030
10477  13.050  -68.500  -55.815 0.6000000238
10479  7.824  -69.083  -54.498 0.8000000119
10483  19.228  -68.571  -55.898 0.1000000015
10484  18.513  -68.931  -55.665 0.1000000015
10892  3.619  -67.076  -28.441 0.1000000015
10906  2.421  -67.556  -29.114 0.3000000119
10907  1.888  -67.041  -29.286 0.4000000060
10982  2.000  -67.764  -34.085 0.6000000238
11002  3.461  -67.543  -35.028 0.6999999881
11020  3.461  -66.871  -35.600 0.6999999881
11044  6.683  -67.782  -38.419 0.1000000015
11045  6.147  -67.207  -39.002 0.1000000015
11058  4.139  -67.500  -40.026 0.2000000030
11091  19.775  -67.637  -43.590 0.1000000015
11144  5.884  -67.324  -47.801 0.8000000119
11163  4.633  -66.410  -49.399 0.6999999881
11189  15.761  -67.675  -50.124 0.1000000015
11192  4.352  -66.019  -51.560 0.4000000060
11202  4.197  -66.011  -52.987 0.4000000060
11208  11.831  -67.588  -53.036 0.6000000238
11210  4.029  -66.181  -53.856 0.2000000030
11215  12.328  -67.628  -54.351 0.5000000000
11218  3.880  -66.580  -54.454 0.2000000030
11219  3.771  -66.864  -54.337 0.2000000030
11234  21.311  -67.291  -55.373 0.1000000015
11235  19.361  -67.768  -55.477 0.1000000015
11247  12.831  -67.572  -56.397 0.6999999881
11638  3.609  -65.974  -28.110 0.2000000030
11673  1.639  -66.750  -29.493 0.5000000000
11761  2.013  -66.533  -35.081 0.6000000238
11776  2.976  -66.570  -37.436 0.8999999762
11777  2.168  -66.083  -38.663 0.8999999762
11803  2.681  -66.047  -40.258 0.5000000000
11831  20.989  -66.257  -42.962 0.1000000015
11844  19.605  -66.865  -43.342 0.1000000015
11860  16.356  -67.064  -44.389 0.2000000030
11870  14.564  -65.927  -45.229 0.2000000030
11879  14.979  -66.541  -45.913 0.2000000030
11883  7.108  -66.245  -47.032 1.0000000000
11897  12.140  -65.824  -46.985 0.2000000030
11914  6.783  -67.281  -48.143 0.8000000119
11915  4.385  -65.394  -49.673 0.6999999881
11975  7.828  -66.284  -52.830 1.0000000000
11990  13.729  -66.406  -54.869 0.4000000060
11991  8.158  -66.052  -53.671 1.0000000000
12007  9.186  -66.359  -54.623 0.8999999762
12020  13.356  -66.662  -55.968 0.5000000000
12021  12.501  -66.777  -56.089 0.8000000119
12022  11.073  -66.739  -55.685 0.8000000119
12437  3.087  -65.221  -28.028 0.1000000015
12438  2.618  -64.750  -28.091 0.4000000060
12439  2.125  -64.780  -28.309 0.4000000060
12487  1.510  -65.235  -32.590 0.6999999881
12511  2.341  -65.728  -35.942 0.8999999762
12520  2.379  -65.065  -37.005 0.8999999762
12553  5.520  -65.165  -38.771 0.1000000015
12554  4.536  -64.936  -39.489 0.2000000030
12565  2.084  -65.825  -39.997 0.5000000000
12608  18.120  -65.848  -43.600 0.1000000015
12609  17.674  -66.476  -43.706 0.2000000030
12619  14.967  -65.036  -44.809 0.2000000030
12627  14.457  -65.237  -45.059 0.2000000030
12632  5.106  -64.685  -46.222 1.0000000000
12643  12.626  -65.104  -46.573 0.2000000030
12645  6.007  -65.867  -46.110 1.0000000000
12647  4.902  -64.613  -47.279 1.0000000000
12657  12.274  -65.032  -47.186 0.2000000030
12688  7.658  -65.747  -50.549 1.0000000000
12700  13.367  -65.947  -53.076 0.4000000060
12701  8.060  -64.704  -52.938 1.0000000000
12718  14.066  -65.743  -55.175 0.5000000000
12720  11.896  -65.588  -55.243 0.6000000238
12721  10.648  -65.568  -54.651 0.8999999762
13142  4.378  -64.352  -27.107 0.2000000030
13144  3.061  -64.107  -27.570 0.3000000119
13153  2.273  -64.213  -28.001 0.4000000060
13179  5.463  -64.108  -30.319 0.1000000015
13180  1.557  -64.626  -30.037 0.5000000000
13187  5.340  -64.707  -31.204 0.1000000015
13258  5.806  -64.602  -37.939 0.1000000015
13260  1.911  -63.797  -38.753 0.6999999881
13284  3.624  -64.509  -39.940 0.3000000119
13285  2.807  -64.608  -40.164 0.5000000000
13303  21.899  -64.583  -41.254 0.1000000015
13344  13.640  -64.373  -45.654 0.2000000030
13346  8.420  -64.503  -45.597 1.0000000000
13347  7.602  -64.885  -45.287 1.0000000000
13363  7.915  -65.220  -47.733 1.0000000000
13368  12.216  -64.549  -48.617 0.2000000030
13369  11.920  -64.920  -48.352 0.2000000030
13371  4.172  -64.332  -49.008 0.5000000000
13401  15.909  -64.573  -53.884 0.4000000060
13405  7.810  -64.536  -52.159 1.0000000000
13417  14.985  -64.970  -54.952 0.5000000000
13854  4.567  -63.798  -26.801 0.2000000030
13858  2.915  -63.364  -27.343 0.5000000000
13860  1.975  -63.473  -27.899 0.5000000000
13874  1.415  -63.368  -29.550 0.6999999881
13899  4.355  -63.495  -32.329 0.1000000015
13923  1.268  -62.402  -36.027 0.8000000119
13933  5.273  -63.436  -36.083 0.1000000015
13945  3.546  -62.727  -38.545 0.2000000030
13954  2.626  -62.577  -38.799 0.4000000060
13985  18.968  -63.628  -42.316 0.1000000015
13999  8.344  -63.503  -43.734 1.0000000000
14013  7.771  -64.057  -44.134 1.0000000000
14024  16.990  -63.877  -45.921 0.2000000030
14027  14.187  -63.818  -45.679 0.2000000030
14029  8.884  -63.975  -45.119 1.0000000000
14030  5.470  -63.147  -46.086 1.0000000000
14042  13.149  -63.837  -46.819 0.2000000030
14043  9.156  -63.375  -46.253 1.0000000000
14056  9.014  -63.112  -46.973 1.0000000000
14058  4.747  -62.107  -47.964 0.6000000238
14060  3.801  -62.875  -48.024 0.1000000015
14069  13.468  -63.654  -48.192 0.2000000030
14079  16.033  -63.503  -49.495 0.4000000060
14082  7.928  -63.031  -49.130 0.8999999762
14102  7.882  -63.005  -52.099 0.8999999762
14103  7.833  -63.726  -52.144 0.8999999762
14110  10.075  -63.399  -52.784 0.8999999762
14116  15.059  -64.292  -54.682 0.5000000000
14117  14.247  -63.882  -54.708 0.6000000238
14565  6.410  -62.377  -26.457 0.1000000015
14569  3.722  -62.158  -27.023 0.4000000060
14570  3.088  -62.604  -27.136 0.6000000238
14575  1.618  -62.639  -28.294 0.8000000119
14601  1.319  -62.268  -30.949 0.8000000119
14609  1.201  -62.445  -32.620 0.8000000119
14632  4.206  -62.235  -36.482 0.1000000015
14634  1.243  -61.596  -35.650 0.6999999881
14697  9.617  -61.913  -43.314 0.8999999762
14700  7.707  -62.436  -42.865 1.0000000000
14711  17.944  -62.422  -42.731 0.1000000015
14715  9.414  -62.475  -43.870 1.0000000000
14718  6.965  -62.459  -43.456 1.0000000000
14726  17.901  -62.489  -42.843 0.1000000015
14737  9.399  -62.504  -45.365 1.0000000000
14747  9.241  -62.772  -46.155 1.0000000000
14758  4.295  -61.423  -48.380 0.3000000119
14769  8.227  -62.764  -48.350 1.0000000000
14777  18.772  -61.944  -50.556 0.5000000000
14779  7.587  -62.366  -49.863 0.8999999762
14793  18.889  -62.058  -52.547 0.5000000000
14798  7.717  -62.740  -51.441 0.8999999762
14802  18.843  -61.697  -52.984 0.5000000000
14803  18.489  -62.451  -53.095 0.5000000000
14808  12.725  -62.546  -52.909 0.8000000119
14811  9.395  -62.761  -52.361 0.8999999762
14812  8.389  -62.792  -52.369 0.8999999762
14813  16.800  -63.329  -54.197 0.5000000000
14814  14.499  -63.310  -54.346 0.5000000000
15237  7.064  -61.714  -26.648 0.1000000015
15276  7.526  -60.936  -29.492 0.1000000015
15315  3.332  -60.369  -35.138 0.4000000060
15337  2.617  -61.174  -37.156 0.3000000119
15338  1.913  -61.260  -37.168 0.4000000060
15381  9.232  -61.473  -41.802 1.0000000000
15412  17.969  -62.276  -42.604 0.1000000015
15413  17.683  -62.197  -42.946 0.1000000015
15424  17.853  -62.366  -42.796 0.1000000015
15427  9.504  -62.155  -44.606 1.0000000000
15437  9.250  -61.743  -45.266 0.8999999762
15438  8.693  -61.237  -45.872 0.8999999762
15452  3.774  -60.483  -47.511 0.1000000015
15460  3.980  -61.035  -48.400 0.3000000119
15475  19.051  -61.157  -50.296 0.4000000060
15486  13.448  -60.996  -50.997 0.6999999881
15487  11.635  -60.834  -50.951 0.6999999881
15490  7.893  -61.367  -50.796 0.8999999762
15501  14.823  -61.331  -52.100 0.6000000238
15505  9.252  -61.644  -51.396 0.8999999762
15514  16.473  -61.991  -53.413 0.5000000000
15520  17.673  -62.707  -53.825 0.5000000000
15933  9.792  -61.029  -26.125 0.1000000015
15953  4.879  -60.868  -27.601 0.5000000000
15962  3.212  -60.367  -27.914 0.4000000060
15964  1.537  -60.147  -28.449 0.6999999881
15993  1.093  -60.751  -30.551 0.6999999881
16005  3.709  -59.715  -32.335 0.2000000030
16006  0.860  -59.286  -32.532 0.8000000119
16044  2.537  -59.656  -35.497 0.5000000000
16045  1.845  -59.513  -35.579 0.6000000238
16046  1.429  -59.891  -35.308 0.6999999881
16075  9.366  -60.056  -37.895 0.8999999762
16084  10.417  -59.966  -38.362 0.8999999762
16086  9.226  -60.368  -38.669 0.8999999762
16095  11.307  -59.998  -39.521 0.8999999762
16097  10.005  -60.538  -38.977 0.8999999762
16109  20.743  -60.429  -39.981 0.1000000015
16111  11.029  -60.429  -39.849 0.8999999762
16144  16.633  -60.180  -43.097 0.1000000015
16159  17.797  -62.304  -42.830 0.1000000015
16183  8.169  -60.773  -46.477 0.8999999762
16184  7.771  -60.115  -46.740 0.8999999762
16185  4.129  -59.838  -47.402 0.6000000238
16200  13.162  -60.406  -48.214 0.6000000238
16207  19.069  -60.170  -50.196 0.4000000060
16209  14.490  -60.594  -49.350 0.5000000000
16214  8.536  -60.163  -49.892 0.8999999762
16215  7.906  -60.344  -49.754 0.8999999762
16224  17.069  -59.791  -51.636 0.5000000000
16229  10.128  -60.555  -50.422 0.8999999762
16232  7.758  -61.005  -50.170 0.8999999762
16242  18.727  -60.247  -52.385 0.4000000060
16249  18.974  -60.912  -52.666 0.4000000060
16251  17.878  -61.417  -53.202 0.5000000000
16682  12.420  -59.759  -25.101 0.1000000015
16706  10.364  -59.518  -26.343 0.1000000015
16713  7.295  -59.267  -27.585 0.5000000000
16732  4.475  -59.532  -28.284 0.6000000238
16733  2.926  -59.614  -28.228 0.6999999881
16762  6.040  -59.229  -30.906 0.1000000015
16769  4.563  -59.588  -31.230 0.1000000015
16775  0.875  -58.273  -33.684 0.6000000238
16807  8.336  -59.094  -36.815 0.8999999762
16815  10.148  -59.417  -37.992 0.8999999762
16817  8.849  -59.590  -37.335 0.8999999762
16822  9.922  -59.960  -37.947 0.8999999762
16839  7.788  -59.531  -39.345 0.8999999762
16855  11.556  -59.607  -40.144 0.8999999762
16872  7.272  -59.731  -41.163 1.0000000000
16888  16.386  -59.256  -43.029 0.1000000015
16890  11.459  -59.412  -42.423 0.8999999762
16906  15.720  -59.216  -43.697 0.1000000015
16918  15.804  -59.932  -44.138 0.1000000015
16932  3.734  -59.534  -45.911 0.1000000015
16937  16.246  -59.402  -46.204 0.1000000015
16938  7.654  -59.346  -46.543 0.8999999762
16939  4.039  -59.616  -46.813 0.3000000119
16944  17.524  -59.672  -47.493 0.2000000030
16954  12.651  -59.730  -47.843 0.6999999881
16956  10.611  -59.213  -48.497 0.8000000119
16958  8.437  -59.069  -48.898 0.8999999762
16971  7.726  -59.995  -49.110 0.8999999762
16979  19.098  -59.287  -51.141 0.5000000000
17445  12.138  -58.160  -25.771 0.1000000015
17452  10.321  -58.687  -26.568 0.2000000030
17462  6.791  -58.638  -27.873 0.5000000000
17478  5.477  -58.410  -28.368 0.5000000000
17502  6.839  -58.687  -30.729 0.1000000015
17504  5.350  -58.449  -31.165 0.1000000015
17505  0.635  -57.634  -31.061 0.8000000119
17516  2.647  -57.772  -33.116 0.6000000238
17517  1.754  -57.584  -33.567 0.5000000000
17551  9.112  -58.554  -36.843 0.8999999762
17553  7.894  -58.480  -36.344 0.8999999762
17570  9.959  -58.604  -37.872 0.8999999762
17571  7.405  -58.937  -37.956 0.8000000119
17573  6.149  -58.038  -39.071 0.8999999762
17593  1.983  -57.629  -39.680 0.2000000030
17620  4.447  -57.179  -41.753 0.6999999881
17621  2.740  -57.313  -42.484 0.6000000238
17630  16.866  -58.075  -42.296 0.1000000015
17631  16.451  -58.472  -42.733 0.1000000015
17632  12.522  -58.008  -42.606 0.8999999762
17652  4.486  -57.348  -43.751 0.6000000238
17666  4.860  -58.406  -44.861 0.6000000238
17676  8.117  -58.482  -44.745 0.8999999762
17683  16.344  -58.059  -46.843 0.3000000119
17685  7.731  -58.457  -46.364 0.8999999762
17691  11.359  -58.146  -47.711 0.6999999881
17702  13.303  -57.948  -48.244 0.4000000060
17706  8.006  -58.735  -48.272 0.8000000119
17716  18.666  -58.494  -50.601 0.4000000060
17718  17.422  -57.857  -50.380 0.3000000119
18247  10.986  -57.313  -26.729 0.2000000030
18248  10.341  -57.895  -26.835 0.2000000030
18254  8.946  -57.427  -27.448 0.3000000119
18271  5.632  -57.590  -28.425 0.5000000000
18275  1.188  -57.727  -28.993 0.8000000119
18296  8.245  -57.896  -30.437 0.1000000015
18307  1.904  -56.526  -32.795 0.6000000238
18311  21.483  -58.437  -32.473 0.1000000015
18324  5.718  -57.267  -33.497 0.2000000030
18347  7.217  -56.838  -35.786 0.6999999881
18357  8.817  -57.729  -36.611 0.8999999762
18359  6.755  -57.377  -36.269 0.8000000119
18360  5.943  -56.971  -36.682 0.8999999762
18361  3.340  -57.528  -35.888 0.1000000015
18363  2.376  -56.398  -37.173 0.2000000030
18370  9.423  -58.168  -37.258 0.8999999762
18383  4.621  -56.591  -38.942 0.8999999762
18394  10.566  -57.893  -39.469 0.8999999762
18399  2.667  -56.589  -40.093 0.6000000238
18408  11.800  -57.993  -40.528 0.8999999762
18422  12.504  -57.465  -41.681 0.8999999762
18448  10.726  -58.118  -43.978 0.8999999762
18462  10.042  -57.452  -44.624 0.8999999762
18472  15.479  -57.347  -45.205 0.2000000030
18473  8.460  -57.255  -45.079 0.8999999762
18474  8.072  -57.314  -45.486 0.8999999762
18486  8.528  -57.425  -46.668 0.8999999762
18487  7.919  -57.658  -46.297 0.8999999762
18497  12.113  -56.969  -47.759 0.4000000060
18501  7.856  -58.057  -46.859 0.8999999762
18516  17.915  -57.034  -49.627 0.3000000119
19043  10.944  -56.437  -27.066 0.3000000119
19064  14.774  -56.992  -28.390 0.1000000015
19065  7.288  -56.132  -28.117 0.4000000060
19087  9.503  -56.635  -30.097 0.1000000015
19096  2.811  -56.045  -32.180 0.6000000238
19098  0.822  -55.271  -31.974 0.8000000119
19108  7.481  -56.659  -33.492 0.1000000015
19131  7.706  -56.711  -35.861 0.8999999762
19161  2.755  -55.776  -37.839 0.6999999881
19183  8.096  -56.616  -39.900 0.8999999762
19207  12.200  -56.781  -41.517 0.6999999881
19221  16.254  -56.740  -42.749 0.1000000015
19222  12.844  -56.455  -42.570 0.6999999881
19224  11.491  -56.178  -41.736 0.6999999881
19226  8.617  -56.298  -43.373 0.5000000000
19235  15.873  -56.367  -43.319 0.1000000015
19236  15.504  -56.480  -43.827 0.3000000119
19239  8.196  -56.215  -43.879 0.5000000000
19240  7.706  -56.040  -44.019 0.5000000000
19249  12.925  -56.950  -44.128 0.6999999881
19252  10.052  -57.128  -45.301 0.6999999881
19265  9.651  -57.084  -45.853 0.8000000119
19266  8.609  -57.137  -45.610 0.8999999762
19278  10.718  -56.989  -46.382 0.6000000238
19279  8.932  -57.144  -46.286 0.8999999762
19291  17.454  -55.808  -48.068 0.4000000060
19293  11.939  -56.274  -47.330 0.4000000060
19303  17.603  -56.610  -49.088 0.3000000119
19304  15.464  -56.203  -48.426 0.4000000060
19306  13.512  -56.510  -47.935 0.2000000030
19851  11.464  -55.616  -27.019 0.2000000030
19860  7.683  -55.269  -28.100 0.4000000060
19884  10.712  -55.712  -29.605 0.2000000030
19901  5.703  -55.221  -30.800 0.5000000000
19906  3.533  -55.521  -31.498 0.5000000000
19909  0.790  -54.383  -31.495 0.8000000119
19917  21.487  -56.120  -34.210 0.1000000015
19971  2.554  -55.836  -37.073 0.5000000000
19987  6.862  -55.759  -39.786 0.8999999762
20021  6.015  -55.485  -42.188 0.8000000119
20029  15.736  -55.793  -43.640 0.2000000030
20035  7.479  -55.486  -44.160 0.5000000000
20045  7.764  -55.031  -44.284 0.5000000000
20054  12.505  -55.168  -45.533 0.6000000238
20062  11.919  -55.747  -46.646 0.6999999881
20652  6.130  -54.220  -28.460 0.5000000000
20663  12.050  -55.323  -29.482 0.4000000060
20664  11.373  -54.792  -29.544 0.4000000060
20665  10.760  -54.799  -29.578 0.2000000030
20666  2.278  -53.325  -29.448 0.6999999881
20674  13.490  -55.059  -30.026 0.3000000119
20677  10.972  -54.127  -29.601 0.4000000060
20682  4.000  -53.918  -30.915 0.6000000238
20683  2.908  -53.635  -31.113 0.6999999881
20684  0.591  -53.868  -30.738 0.8000000119
20691  1.980  -53.563  -31.246 0.6000000238
20699  20.674  -55.015  -34.284 0.1000000015
20770  4.777  -53.506  -39.842 0.8000000119
20774  19.862  -53.980  -40.647 0.1000000015
20775  19.566  -54.831  -40.306 0.1000000015
20777  5.316  -55.022  -40.646 0.8000000119
20783  5.014  -54.236  -41.616 0.6999999881
20801  15.683  -55.111  -44.146 0.2000000030
20813  15.756  -54.787  -44.873 0.2000000030
20814  13.119  -54.060  -44.293 0.6000000238
20829  17.110  -54.658  -47.574 0.4000000060
21374  15.682  -53.553  -24.117 0.1000000015
21387  13.631  -53.192  -25.365 0.1000000015
21405  11.145  -52.777  -27.228 0.4000000060
21407  20.159  -52.776  -27.668 0.5000000000
21410  9.014  -53.190  -27.907 0.4000000060
21421  22.279  -53.322  -29.391 0.2000000030
21428  1.633  -52.852  -30.010 0.6999999881
21429  0.995  -53.198  -30.417 0.6999999881
21443  3.806  -52.140  -30.295 0.6999999881
21448  22.830  -53.823  -30.723 0.2000000030
21450  10.894  -52.835  -30.184 0.6999999881
21452  9.583  -53.326  -30.998 0.6000000238
21454  1.286  -53.229  -31.124 0.6999999881
21455  0.838  -53.181  -30.957 0.8000000119
21524  10.556  -53.377  -39.798 0.3000000119
21526  8.870  -53.505  -39.860 0.5000000000
21532  20.538  -53.541  -40.356 0.1000000015
21533  9.904  -53.545  -40.229 0.5000000000
21547  8.713  -53.682  -40.872 0.5000000000
21562  7.649  -53.822  -42.653 0.4000000060
21564  6.115  -54.146  -42.737 0.5000000000
21574  12.771  -53.326  -44.013 0.4000000060
21575  12.105  -52.915  -43.837 0.4000000060
21594  17.181  -53.445  -46.266 0.2000000030
21595  12.301  -52.761  -45.010 0.2000000030
21616  13.844  -54.198  -46.936 0.3000000119
22158  14.625  -52.196  -24.549 0.1000000015
22190  7.693  -52.441  -28.208 0.5000000000
22193  21.528  -52.592  -28.110 0.5000000000
22194  19.603  -52.538  -27.911 0.6000000238
22196  7.698  -51.475  -28.386 0.5000000000
22200  4.326  -52.434  -29.363 0.6000000238
22202  23.698  -51.630  -29.849 0.4000000060
22205  18.673  -52.310  -29.645 0.5000000000
22209  4.130  -51.816  -29.941 0.6999999881
22210  3.305  -52.130  -30.117 0.6999999881
22224  5.608  -51.647  -30.412 0.6999999881
22232  10.560  -52.505  -31.181 0.6000000238
22233  9.534  -52.440  -31.284 0.6000000238
22234  7.467  -51.172  -31.293 0.6000000238
22256  2.825  -52.852  -33.909 0.8000000119
22303  12.890  -52.384  -38.881 0.2000000030
22304  10.943  -52.601  -38.876 0.3000000119
22313  12.394  -52.727  -39.512 0.3000000119
22329  6.265  -52.716  -40.645 0.6000000238
22331  5.026  -52.933  -40.063 0.8000000119
22338  12.712  -52.334  -40.964 0.2000000030
22356  9.306  -52.406  -42.742 0.4000000060
22377  11.222  -51.793  -44.129 0.3000000119
22378  10.610  -51.293  -43.760 0.2000000030
22405  17.304  -52.509  -47.589 0.1000000015
22406  16.410  -52.274  -47.415 0.1000000015
22960  12.202  -51.990  -26.908 0.6000000238
22961  11.530  -52.198  -27.299 0.5000000000
22973  9.606  -51.420  -28.157 0.4000000060
22987  7.349  -50.942  -28.762 0.6000000238
22999  11.391  -51.214  -30.256 0.8999999762
23000  6.024  -51.071  -30.177 0.6999999881
23001  5.508  -51.316  -29.917 0.6999999881
23017  6.884  -50.913  -31.023 0.8000000119
23031  23.538  -51.420  -31.578 0.2000000030
23032  10.802  -52.080  -31.109 0.8999999762
23033  10.060  -51.733  -31.388 0.8999999762
23035  8.171  -51.115  -31.425 0.6000000238
23124  14.200  -51.845  -38.830 0.2000000030
23130  5.629  -51.188  -38.438 0.8999999762
23136  16.104  -51.340  -39.848 0.2000000030
23148  15.061  -51.864  -40.402 0.2000000030
23172  19.527  -51.239  -42.318 0.1000000015
23177  10.323  -51.004  -42.603 0.4000000060
23202  17.525  -51.380  -45.034 0.1000000015
23222  17.738  -51.491  -47.157 0.1000000015
23831  12.291  -51.449  -27.406 0.6000000238
23844  8.448  -50.447  -28.786 0.6999999881
23845  7.680  -50.446  -28.981 0.6000000238
23846  7.103  -50.715  -29.239 0.8000000119
23855  11.801  -50.948  -28.858 0.8000000119
23858  8.804  -50.199  -29.260 0.6999999881
23861  6.624  -50.904  -29.754 0.8000000119
23871  9.060  -50.618  -30.313 0.6000000238
23874  6.699  -50.875  -30.337 0.6999999881
23922  4.846  -49.906  -33.709 0.8999999762
23924  3.758  -50.694  -34.031 0.6999999881
24004  8.207  -49.991  -38.999 0.3000000119
24026  20.543  -50.478  -41.688 0.1000000015
24051  10.479  -50.522  -42.891 0.3000000119
24069  10.443  -50.520  -43.060 0.2000000030
24080  17.690  -50.657  -44.747 0.1000000015
24082  13.050  -49.902  -44.512 0.2000000030
24093  17.251  -50.477  -46.301 0.1000000015
24095  13.440  -50.811  -44.944 0.2000000030
24104  17.519  -51.049  -46.965 0.1000000015
24802  24.162  -49.435  -31.871 0.2000000030
24858  5.689  -49.549  -34.062 0.6999999881
24902  23.475  -49.064  -38.183 0.1000000015
24919  18.230  -49.137  -39.619 0.1000000015
24921  17.117  -50.091  -39.161 0.1000000015
24922  8.407  -49.164  -39.089 0.3000000119
24931  22.046  -49.795  -40.171 0.1000000015
24944  16.108  -50.121  -41.845 0.2000000030
24963  20.114  -49.098  -42.458 0.1000000015
24968  12.854  -48.661  -42.820 0.3000000119
24991  17.962  -49.001  -44.300 0.1000000015
25729  25.815  -48.311  -36.543 0.1000000015
25743  7.524  -48.121  -37.543 0.6999999881
25820  17.065  -45.278  -42.427 0.2000000030
25824  13.188  -47.898  -43.098 0.2000000030
25843  13.185  -47.577  -43.729 0.2000000030
25860  13.842  -47.104  -44.479 0.2000000030
26542  25.083  -48.209  -30.613 0.6000000238
26546  25.032  -47.939  -31.055 0.6999999881
26584  13.073  -46.821  -35.256 0.2000000030
26598  7.931  -47.439  -36.116 0.8999999762
26639  17.942  -48.174  -38.011 0.1000000015
26642  13.897  -47.897  -38.832 0.2000000030
26645  10.026  -47.086  -38.607 0.3000000119
26669  21.912  -47.575  -40.208 0.1000000015
26721  17.743  -45.553  -43.605 0.2000000030
26723  13.989  -45.699  -44.050 0.2000000030
27422  23.914  -46.192  -26.984 1.0000000000
27460  24.662  -46.810  -28.690 0.8000000119
27470  26.333  -47.113  -30.564 0.6999999881
27471  26.256  -46.987  -30.226 0.8000000119
27477  26.155  -47.247  -30.661 0.6999999881
27478  26.418  -47.282  -30.778 0.6999999881
27527  12.837  -46.648  -35.748 0.2000000030
27545  25.010  -46.934  -36.577 0.1000000015
27559  23.854  -46.909  -37.910 0.1000000015
27585  9.461  -46.832  -38.488 0.3000000119
27586  9.139  -47.198  -38.588 0.4000000060
27599  21.561  -46.155  -39.837 0.1000000015
27613  21.786  -46.834  -40.072 0.1000000015
27617  19.104  -45.701  -40.934 0.1000000015
27652  16.659  -45.006  -43.034 0.2000000030
27673  14.532  -45.417  -44.314 0.2000000030
27687  15.290  -45.314  -44.293 0.2000000030
28382  25.770  -47.485  -30.996 0.6999999881
28507  13.764  -44.993  -39.856 0.1000000015
29184  23.733  -45.294  -26.578 1.0000000000
29331  16.869  -44.285  -37.136 0.1000000015
29345  9.533  -45.653  -38.049 0.5000000000
30073  22.912  -44.135  -26.204 0.8000000119
30143  16.260  -43.927  -32.951 0.1000000015
30149  15.977  -43.551  -33.571 0.2000000030
30178  9.018  -43.630  -35.093 0.8000000119
30214  12.118  -43.209  -38.276 0.4000000060
30216  10.645  -44.133  -37.805 0.5000000000
30967  16.721  -42.761  -33.633 0.4000000060
31040  15.280  -42.611  -40.245 0.1000000015
32482  10.865  -40.367  -35.013 0.6999999881
33239  14.589  -39.574  -36.017 0.5000000000
33241  11.254  -38.844  -35.062 0.5000000000
33264  11.264  -40.059  -35.811 0.5000000000
33315  15.405  -39.683  -40.536 0.2000000030
34248  16.425  -39.191  -40.332 0.2000000030
34994  18.398  -37.081  -29.530 0.1000000015
35041  19.206  -37.990  -36.071 0.4000000060
35104  17.026  -37.153  -39.782 0.1000000015
35863  11.908  -36.317  -34.632 0.4000000060
35899  15.095  -36.244  -36.082 0.5000000000
35916  13.459  -36.556  -37.106 0.2000000030
36840  12.620  -34.990  -35.861 0.2000000030
36851  18.072  -35.847  -37.239 0.3000000119
36852  17.340  -35.594  -37.160 0.2000000030
36853  16.748  -35.830  -37.000 0.3000000119
108561  11.982  -89.278  -49.447 0.1000000015
108562  11.524  -89.199  -49.309 0.1000000015
108563  11.702  -89.134  -49.751 0.1000000015
108565  11.305  -89.157  -48.690 0.1000000015
108566  11.068  -89.021  -49.327 0.1000000015
108574  10.936  -88.505  -49.690 0.1000000015
108575  10.662  -88.025  -49.223 0.1000000015
109076  10.080  -81.942  -51.078 0.4000000060
109212  11.925  -86.933  -49.775 0.1000000015
109340  9.122  -83.112  -48.951 0.1000000015
109463  13.146  -56.036  -43.174 0.6999999881
109489  5.125  -67.906  -39.733 0.1000000015
109511  16.521  -56.028  -48.573 0.4000000060
109738  3.320  -60.557  -45.548 0.1000000015
109821  0.625  -79.997  -40.037 0.8999999762
110209  20.876  -72.753  -51.490 0.2000000030
110254  2.730  -83.114  -21.843 0.2000000030
110279  16.063  -55.208  -43.461 0.2000000030
110332  10.925  -69.978  -57.117 0.8000000119
110430  12.889  -55.218  -47.257 0.4000000060
110671  1.575  -67.212  -32.188 0.6000000238
110790  6.676  -59.008  -41.118 1.0000000000
110891  0.955  -61.543  -33.471 0.8000000119
110999  9.395  -70.731  -56.502 0.8999999762
111019  8.572  -63.189  -47.707 1.0000000000
111044  0.645  -79.297  -34.779 0.8000000119
111228  17.749  -62.847  -51.700 0.5000000000
111309  0.856  -78.627  -41.370 0.4000000060
111418  13.809  -78.908  -57.153 0.6999999881
111435  23.338  -80.249  -40.106 0.3000000119
111486  7.380  -92.061  -36.743 0.3000000119
111561  3.549  -61.344  -47.244 0.1000000015
111677  21.335  -79.144  -36.056 0.4000000060
111719  10.840  -89.112  -41.172 0.1000000015
111760  25.891  -73.231  -45.265 0.1000000015
111838  10.031  -57.366  -47.012 0.8999999762
111845  1.503  -64.220  -30.853 0.6999999881
111875  6.981  -60.419  -29.988 0.1000000015
111882  4.240  -81.247  -51.434 0.1000000015
111978  8.200  -60.415  -29.528 0.1000000015
112167  3.219  -78.257  -40.588 0.1000000015
112236  7.216  -61.805  -29.227 0.1000000015
112287  4.701  -74.491  -25.095 0.1000000015
112354  5.098  -54.855  -28.544 0.6000000238
112360  5.164  -73.887  -56.135 0.3000000119
112468  15.650  -49.572  -38.557 0.2000000030
112663  4.572  -53.320  -28.830 0.6999999881
112670  11.914  -69.981  -57.322 0.8999999762
112691  6.533  -72.571  -32.535 0.6000000238
112704  0.390  -83.568  -37.939 0.8999999762
112714  7.559  -58.299  -30.574 0.1000000015
112896  2.915  -79.090  -18.878 0.3000000119
112899  1.271  -81.068  -30.992 0.6999999881
112964  12.773  -68.856  -57.140 0.6999999881
112981  21.165  -48.474  -41.051 0.1000000015
113078  12.099  -89.341  -48.459 0.1000000015
113184  3.819  -66.213  -52.956 0.2000000030
113186  2.405  -83.538  -23.447 0.2000000030
113331  4.490  -88.432  -29.800 0.6000000238
113420  3.491  -84.334  -19.908 0.2000000030
113435  3.598  -87.120  -42.138 0.8000000119
113438  13.814  -91.447  -37.928 0.2000000030
113465  1.120  -70.469  -29.939 0.3000000119
113632  2.719  -79.865  -19.982 0.3000000119
113764  1.468  -80.538  -26.929 0.6000000238
113773  11.907  -85.390  -21.159 0.1000000015
113775  18.233  -88.570  -38.270 0.5000000000
113790  1.187  -68.345  -30.955 0.4000000060
113802  12.023  -52.974  -40.116 0.3000000119
114100  11.619  -71.085  -52.622 0.6000000238
114170  3.590  -66.994  -51.313 0.1000000015
114235  23.677  -85.711  -25.796 0.6000000238
114285  7.777  -89.530  -45.100 0.3000000119
114551  5.134  -86.681  -35.024 0.8000000119
114567  6.960  -92.118  -35.877 0.3000000119
114608  10.372  -60.676  -41.321 0.8999999762
114767  19.753  -88.281  -36.192 0.6999999881
114832  22.753  -79.050  -36.017 0.4000000060
115036  23.085  -81.477  -46.871 0.5000000000
115074  9.452  -81.429  -48.677 0.2000000030
115087  0.843  -84.401  -39.269 1.0000000000
115180  8.282  -91.096  -32.233 0.1000000015
115195  2.428  -69.146  -33.628 0.5000000000
115198  0.431  -82.596  -39.221 1.0000000000
115213  19.547  -70.605  -54.933 0.1000000015
115218  9.576  -50.356  -28.865 0.6999999881
115221  1.720  -67.481  -33.812 0.6000000238
115292  19.660  -74.393  -52.527 0.5000000000
115315  8.624  -51.318  -34.376 0.2000000030
115340  22.911  -48.049  -32.482 0.3000000119
115358  0.977  -78.011  -36.157 0.8000000119
115387  8.067  -75.409  -51.503 0.8000000119
115476  3.654  -88.804  -37.756 0.8999999762
115497  0.673  -77.611  -37.998 0.6999999881
115533  6.535  -53.587  -30.513 0.5000000000
115543  3.940  -84.303  -26.297 0.3000000119
115627  20.680  -83.562  -30.457 0.6999999881
115653  28.323  -76.090  -45.620 0.1000000015
115655  12.667  -51.517  -30.158 0.8999999762
115678  0.864  -84.698  -32.939 0.6999999881
115685  17.488  -62.027  -46.270 0.3000000119
115772  17.508  -63.076  -45.052 0.2000000030
115774  7.580  -73.789  -28.494 0.5000000000
115838  2.642  -79.619  -28.100 0.6000000238
115845  25.193  -46.306  -36.441 0.1000000015
115903  14.269  -86.185  -21.604 0.2000000030
115988  7.752  -65.352  -49.129 1.0000000000
116252  17.245  -55.409  -47.787 0.4000000060
116532  7.145  -56.040  -30.560 0.4000000060
116728  8.787  -57.707  -47.221 0.8999999762
116839  0.197  -81.383  -35.395 0.8000000119
116929  13.212  -55.823  -47.591 0.3000000119
116998  13.990  -77.471  -47.370 0.8000000119
117213  7.654  -69.471  -52.618 0.8999999762
117361  7.595  -55.394  -36.632 0.8999999762
117372  18.143  -61.170  -41.825 0.1000000015
117390  0.882  -81.017  -31.592 0.6999999881
117480  7.671  -64.901  -50.734 1.0000000000
117483  6.969  -57.847  -27.947 0.5000000000
117491  8.459  -54.131  -34.514 0.1000000015
117530  13.424  -91.843  -35.010 0.2000000030
117559  1.644  -65.507  -29.014 0.5000000000
117627  17.641  -84.512  -53.146 0.3000000119
117758  11.970  -90.668  -27.901 0.8999999762
117815  10.898  -53.645  -43.349 0.5000000000
117904  5.227  -59.824  -30.888 0.1000000015
118159  1.450  -81.310  -23.991 0.4000000060
118347  3.826  -54.346  -28.739 0.6000000238
118354  10.382  -60.579  -39.537 0.8999999762
118561  13.181  -68.628  -56.512 0.6999999881
118866  6.854  -66.025  -46.382 1.0000000000
118881  12.252  -90.442  -27.619 0.8999999762
118892  17.536  -62.780  -46.394 0.2000000030
118948  10.776  -88.326  -48.360 0.1000000015
118976  8.143  -88.284  -31.135 0.6999999881
119119  10.405  -72.919  -51.990 0.6999999881
119241  4.477  -87.513  -26.216 0.2000000030
119242  7.321  -91.627  -33.701 0.2000000030
119273  8.332  -79.045  -51.750 0.6000000238
119299  4.518  -62.932  -34.199 0.1000000015
119316  19.774  -86.922  -43.951 0.5000000000
119466  14.872  -86.338  -42.034 0.1000000015
119507  2.458  -63.258  -39.329 0.4000000060
119524  8.259  -66.639  -54.212 0.8999999762
119706  5.406  -71.901  -39.031 0.1000000015
119820  26.127  -81.099  -43.694 0.4000000060
119839  16.153  -67.133  -46.912 0.2000000030
119907  0.805  -56.803  -29.792 0.8000000119
120058  6.518  -55.006  -28.363 0.4000000060
120166  13.214  -89.742  -36.893 0.1000000015
120231  0.597  -78.200  -33.928 0.6999999881
120233  13.581  -49.449  -42.500 0.3000000119
120283  0.900  -74.454  -39.142 0.6999999881
120401  14.248  -57.889  -48.539 0.6000000238
120541  8.962  -57.433  -30.270 0.1000000015
120719  16.114  -84.579  -20.141 0.3000000119
120801  3.789  -70.659  -39.960 0.3000000119
120804  0.820  -77.793  -37.039 0.8000000119
120811  26.046  -77.162  -52.364 0.1000000015
120869  12.993  -83.720  -21.912 0.2000000030
120919  10.045  -57.767  -47.334 0.6999999881
120955  20.334  -75.027  -45.214 0.4000000060
120965  18.406  -83.009  -48.545 0.8999999762
120989  8.429  -54.047  -44.037 0.4000000060
121042  25.169  -82.512  -24.948 0.2000000030
121064  0.965  -75.134  -38.262 0.8000000119
121358  20.829  -51.788  -33.773 0.1000000015
121384  24.737  -46.856  -29.933 0.8000000119
121401  14.324  -80.235  -31.644 0.5000000000
121430  0.505  -81.347  -42.301 0.6999999881
121489  15.451  -63.577  -46.386 0.2000000030
121560  13.859  -78.201  -47.480 0.8999999762
121726  12.821  -90.338  -41.084 0.1000000015
121783  18.298  -64.570  -43.510 0.2000000030
121850  8.568  -91.048  -30.063 0.5000000000
121863  8.657  -56.692  -27.658 0.3000000119
121913  4.494  -57.830  -44.346 0.5000000000
122274  0.833  -84.739  -36.999 0.8000000119
122331  11.440  -66.383  -48.432 0.2000000030
122332  10.506  -87.221  -21.864 0.1000000015
122436  19.556  -86.364  -46.870 0.5000000000
122807  24.050  -86.137  -35.294 0.8999999762
122843  19.594  -40.150  -25.792 0.3000000119
122894  11.827  -88.865  -50.331 0.1000000015
122913  9.253  -72.895  -51.608 0.6999999881
122921  1.965  -85.264  -42.247 0.6999999881
123116  10.207  -90.746  -29.089 0.8000000119
123138  25.952  -82.532  -45.080 0.8000000119
123173  12.558  -85.447  -21.118 0.1000000015
123248  10.261  -84.249  -53.418 0.1000000015
123354  30.152  -80.814  -38.041 0.1000000015
123403  11.198  -90.139  -32.731 0.1000000015
123562  14.292  -43.117  -40.043 0.1000000015
123570  0.875  -81.806  -31.889 0.6999999881
123649  1.996  -74.958  -26.774 0.1000000015
123839  15.037  -65.117  -54.658 0.5000000000
123892  4.502  -75.796  -51.686 0.1000000015
124238  4.321  -60.606  -47.857 0.6000000238
124338  12.876  -91.020  -40.011 0.1000000015
124417  9.204  -84.856  -37.184 0.8999999762
124479  0.951  -79.886  -42.486 0.4000000060
124542  0.397  -82.090  -38.033 1.0000000000
124618  19.105  -69.820  -56.109 0.1000000015
124634  28.746  -80.639  -40.696 0.2000000030
124761  10.307  -84.261  -28.356 0.5000000000
124826  9.072  -90.530  -42.060 0.2000000030
124836  0.757  -79.674  -31.727 0.6999999881
124842  14.000  -75.951  -55.177 0.8000000119
124991  14.718  -83.151  -30.752 0.8000000119
125020  1.562  -64.915  -29.295 0.5000000000
125042  8.446  -83.464  -33.830 0.6000000238
125052  4.467  -55.828  -33.437 0.5000000000
125085  14.543  -65.189  -55.054 0.5000000000
125166  17.009  -87.672  -27.150 0.8999999762
125170  16.047  -63.436  -48.842 0.3000000119
125246  4.082  -74.637  -23.852 0.2000000030
125258  8.568  -91.709  -39.310 0.3000000119
125400  19.124  -64.222  -42.516 0.1000000015
125416  25.917  -46.315  -35.941 0.1000000015
125457  1.713  -61.713  -37.824 0.4000000060
125515  4.076  -72.406  -56.052 0.1000000015
125548  17.332  -63.238  -53.964 0.5000000000
125702  9.824  -85.685  -34.981 1.0000000000
125705  3.422  -74.392  -54.360 0.1000000015
125786  8.575  -64.331  -47.044 1.0000000000
125894  1.515  -64.696  -35.100 0.8999999762
125903  7.397  -55.582  -35.946 0.8000000119
125958  21.464  -51.443  -40.712 0.1000000015
125981  18.399  -83.228  -50.528 1.0000000000
125986  5.959  -74.413  -30.662 0.6999999881
125988  5.274  -59.004  -45.100 0.6999999881
126086  3.438  -64.791  -27.726 0.3000000119
126087  6.529  -73.419  -27.653 0.3000000119
126088  7.852  -57.237  -35.858 0.8999999762
126152  5.897  -82.165  -14.147 0.1000000015
126209  14.930  -87.311  -48.779 0.2000000030
126215  2.792  -60.041  -35.757 0.3000000119
126286  0.349  -82.037  -33.497 0.6999999881
126346  8.327  -52.048  -39.422 0.3000000119
126350  1.677  -84.881  -42.805 0.6999999881
126368  8.732  -66.007  -54.117 1.0000000000
126474  11.458  -37.270  -34.913 0.5000000000
126558  6.119  -55.334  -43.109 0.6000000238
126585  6.109  -49.581  -34.620 0.8000000119
126724  2.454  -84.168  -45.229 0.3000000119
126815  4.231  -64.967  -49.645 0.6000000238
126832  2.961  -52.406  -30.369 0.6999999881
126847  7.979  -87.823  -36.302 1.0000000000
126978  4.782  -65.405  -47.412 0.8000000119
126993  9.339  -51.114  -31.218 0.6000000238
127069  19.164  -59.782  -51.677 0.4000000060
127084  7.493  -72.854  -30.574 0.5000000000
127085  18.301  -82.584  -49.437 0.8999999762
127110  13.504  -88.638  -46.533 0.1000000015
127161  17.436  -44.818  -42.964 0.2000000030
127300  6.626  -54.422  -43.325 0.4000000060
127377  8.383  -84.278  -30.234 0.5000000000
127425  20.592  -86.102  -47.930 0.5000000000
127665  6.340  -51.574  -28.953 0.8000000119
127757  18.397  -57.871  -50.217 0.3000000119
127815  17.751  -52.512  -47.359 0.2000000030
127863  20.957  -81.735  -41.675 0.4000000060
127931  12.043  -71.183  -56.894 1.0000000000
127955  10.964  -59.950  -42.376 0.8999999762
128185  14.016  -90.436  -41.467 0.2000000030
128199  0.570  -83.759  -39.202 1.0000000000
128215  17.840  -72.600  -48.366 0.5000000000
128241  10.336  -61.105  -25.775 0.1000000015
128323  9.482  -57.624  -47.226 0.6999999881
128345  9.196  -83.015  -32.058 0.6000000238
128416  1.298  -67.882  -31.468 0.6000000238
128421  2.381  -56.037  -36.956 0.5000000000
128438  23.499  -80.679  -52.386 0.6000000238
128489  2.567  -65.889  -37.689 0.8999999762
128591  9.534  -57.550  -38.778 0.8999999762
128679  19.626  -82.617  -54.677 0.8000000119
128826  19.586  -78.628  -45.633 0.5000000000
128896  13.422  -55.264  -43.953 0.6000000238
128898  10.674  -80.275  -56.166 0.6000000238
128960  23.970  -45.687  -27.306 1.0000000000
128965  11.399  -66.247  -49.617 0.2000000030
129019  2.949  -52.496  -34.529 0.8000000119
129096  8.427  -90.906  -41.531 0.4000000060
129187  1.205  -62.538  -35.169 0.8000000119
129192  8.902  -48.166  -38.879 0.4000000060
129290  5.556  -51.560  -33.457 0.5000000000
129293  3.726  -60.794  -32.958 0.2000000030
129481  18.502  -54.191  -41.285 0.1000000015
129648  20.085  -82.475  -32.144 0.6999999881
129717  16.139  -49.286  -45.358 0.2000000030
129726  15.054  -65.143  -54.055 0.4000000060
129760  13.581  -80.316  -51.291 0.8999999762
129859  13.936  -87.294  -42.206 0.1000000015
129941  12.904  -80.589  -32.148 0.5000000000
130003  20.914  -79.171  -35.657 0.4000000060
130021  22.798  -83.541  -48.320 0.6000000238
130022  17.373  -42.115  -33.855 0.4000000060
130056  2.497  -80.671  -20.931 0.3000000119
130064  14.016  -79.930  -48.427 0.8999999762
130124  0.588  -56.405  -30.603 0.8000000119
130140  15.671  -51.600  -40.136 0.2000000030
130231  16.209  -60.475  -44.535 0.2000000030
130272  10.925  -54.714  -27.291 0.3000000119
130319  8.972  -73.091  -54.840 0.8999999762
130369  27.795  -82.347  -36.678 0.1000000015
130398  2.232  -86.445  -35.650 0.6999999881
130478  4.483  -58.672  -45.221 0.5000000000
130495  24.248  -84.714  -44.372 0.8999999762
130513  3.629  -79.525  -29.318 0.6000000238
130550  17.721  -68.822  -44.655 0.1000000015
130579  7.499  -53.220  -33.995 0.2000000030
130756  5.381  -69.525  -55.040 0.8000000119
130810  15.912  -88.613  -44.812 0.1000000015
130831  24.963  -71.388  -40.737 0.1000000015
130892  14.486  -58.597  -48.676 0.6000000238
130990  20.823  -86.791  -27.399 0.6999999881
131083  20.785  -67.364  -55.388 0.1000000015
131150  6.956  -84.815  -32.699 0.5000000000
131174  1.556  -81.368  -28.660 0.6000000238
131214  2.003  -69.165  -40.284 0.4000000060
131219  10.485  -60.376  -26.015 0.1000000015
131226  8.633  -86.683  -34.107 1.0000000000
131259  25.369  -74.386  -40.038 0.1000000015
131349  14.776  -91.078  -30.392 0.8999999762
131411  6.859  -59.369  -30.584 0.1000000015
131468  18.104  -65.242  -43.670 0.2000000030
131551  29.794  -78.839  -40.795 0.2000000030
131681  13.074  -81.936  -28.995 0.5000000000
131710  27.724  -82.202  -34.840 0.2000000030
131759  10.636  -72.884  -49.844 0.6999999881
131772  20.061  -74.443  -54.449 0.4000000060
131832  28.553  -81.788  -39.795 0.1000000015
131948  1.602  -64.197  -28.538 0.5000000000
131968  6.594  -51.682  -33.648 0.4000000060
132021  10.401  -89.690  -37.403 0.1000000015
132085  13.556  -88.793  -37.550 0.1000000015
132094  7.888  -90.852  -30.066 0.5000000000
132118  2.616  -53.271  -34.235 0.8000000119
132203  12.387  -89.089  -49.091 0.1000000015
