
Fri Mar  6 13:41:20 CET 2026
cd /out/sourcedata/freesurfer/sub-v1s10x0051099_ses-1
setenv SUBJECTS_DIR /out/sourcedata/freesurfer
/opt/freesurfer/bin/recon-all -autorecon1 -i /work/fmriprep_25_2_wf/sub_v1s10x0051099_ses_1_wf/anat_fit_wf/anat_validate/sub-v1s10x0051099_ses-1_T1w_noise_corrected_ras_valid.nii.gz -noskullstrip -noT2pial -noFLAIRpial -openmp 16 -subjid sub-v1s10x0051099_ses-1 -sd /out/sourcedata/freesurfer

subjid sub-v1s10x0051099_ses-1
setenv SUBJECTS_DIR /out/sourcedata/freesurfer
FREESURFER_HOME /opt/freesurfer
Actual FREESURFER_HOME /opt/freesurfer
build-stamp.txt: freesurfer-linux-ubuntu22_x86_64-7.3.2-20220804-6354275
Linux dna042 5.14.0-427.37.1.el9_4.x86_64 #1 SMP PREEMPT_DYNAMIC Fri Sep 13 12:41:50 EDT 2024 x86_64 x86_64 x86_64 GNU/Linux
cputime      unlimited
filesize     unlimited
datasize     unlimited
stacksize    8192 kbytes
coredumpsize 0 kbytes
memoryuse    67108864 kbytes
vmemoryuse   unlimited
descriptors  1024 
memorylocked unlimited
maxproc      2061970 
maxlocks     unlimited
maxsignal    4126352 
maxmessage   819200 
maxnice      0 
maxrtprio    0 
maxrttime    unlimited

               total        used        free      shared  buff/cache   available
Mem:           1.0Ti        50Gi       733Gi       6.7Gi       223Gi       944Gi
Swap:             0B          0B          0B

########################################
program versions used
7.3.2 (freesurfer-linux-ubuntu22_x86_64-7.3.2-20220804-6354275)
7.3.2

ProgramName: lta_convert  ProgramArguments: lta_convert -all-info  ProgramVersion: 7.3.2  TimeStamp: 2026/03/06-12:41:20-GMT  BuildTime: Aug  4 2022 06:17:15  BuildStamp: freesurfer-linux-ubuntu22_x86_64-7.3.2-20220804-6354275  User: oesteban  Machine: dna042  Platform: Linux  PlatformVersion: 5.14.0-427.37.1.el9_4.x86_64  CompilerName: GCC  CompilerVersion: 8.4.0
ProgramName: mri_and  ProgramArguments: mri_and -all-info  ProgramVersion: 7.3.2  TimeStamp: 2026/03/06-12:41:20-GMT  BuildTime: Aug  4 2022 06:17:15  BuildStamp: freesurfer-linux-ubuntu22_x86_64-7.3.2-20220804-6354275  User: oesteban  Machine: dna042  Platform: Linux  PlatformVersion: 5.14.0-427.37.1.el9_4.x86_64  CompilerName: GCC  CompilerVersion: 8.4.0
ProgramName: mri_annotation2label  ProgramArguments: mri_annotation2label -all-info  ProgramVersion: 7.3.2  TimeStamp: 2026/03/06-12:41:20-GMT  BuildTime: Aug  4 2022 06:17:15  BuildStamp: freesurfer-linux-ubuntu22_x86_64-7.3.2-20220804-6354275  User: oesteban  Machine: dna042  Platform: Linux  PlatformVersion: 5.14.0-427.37.1.el9_4.x86_64  CompilerName: GCC  CompilerVersion: 8.4.0
ProgramName: mri_aparc2aseg  ProgramArguments: mri_aparc2aseg -all-info  ProgramVersion: 7.3.2  TimeStamp: 2026/03/06-12:41:20-GMT  BuildTime: Aug  4 2022 06:17:15  BuildStamp: freesurfer-linux-ubuntu22_x86_64-7.3.2-20220804-6354275  User: oesteban  Machine: dna042  Platform: Linux  PlatformVersion: 5.14.0-427.37.1.el9_4.x86_64  CompilerName: GCC  CompilerVersion: 8.4.0
ProgramName: mri_surf2volseg  ProgramArguments: mri_surf2volseg -all-info  ProgramVersion: 7.3.2  TimeStamp: 2026/03/06-12:41:20-GMT  BuildTime: Aug  4 2022 06:17:15  BuildStamp: freesurfer-linux-ubuntu22_x86_64-7.3.2-20220804-6354275  User: oesteban  Machine: dna042  Platform: Linux  PlatformVersion: 5.14.0-427.37.1.el9_4.x86_64  CompilerName: GCC  CompilerVersion: 8.4.0
ProgramName: mri_binarize  ProgramArguments: mri_binarize -all-info  ProgramVersion: 7.3.2  TimeStamp: 2026/03/06-12:41:20-GMT  BuildTime: Aug  4 2022 06:17:15  BuildStamp: freesurfer-linux-ubuntu22_x86_64-7.3.2-20220804-6354275  User: oesteban  Machine: dna042  Platform: Linux  PlatformVersion: 5.14.0-427.37.1.el9_4.x86_64  CompilerName: GCC  CompilerVersion: 8.4.0
ProgramName: mri_ca_label  ProgramArguments: mri_ca_label -all-info  ProgramVersion: 7.3.2  TimeStamp: 2026/03/06-12:41:20-GMT  BuildTime: Aug  4 2022 06:17:15  BuildStamp: freesurfer-linux-ubuntu22_x86_64-7.3.2-20220804-6354275  User: oesteban  Machine: dna042  Platform: Linux  PlatformVersion: 5.14.0-427.37.1.el9_4.x86_64  CompilerName: GCC  CompilerVersion: 8.4.0
ProgramName: mri_ca_normalize  ProgramArguments: mri_ca_normalize -all-info  ProgramVersion: 7.3.2  TimeStamp: 2026/03/06-12:41:20-GMT  BuildTime: Aug  4 2022 06:17:15  BuildStamp: freesurfer-linux-ubuntu22_x86_64-7.3.2-20220804-6354275  User: oesteban  Machine: dna042  Platform: Linux  PlatformVersion: 5.14.0-427.37.1.el9_4.x86_64  CompilerName: GCC  CompilerVersion: 8.4.0
ProgramName: mri_ca_register  ProgramArguments: mri_ca_register -all-info  ProgramVersion: 7.3.2  TimeStamp: 2026/03/06-12:41:20-GMT  BuildTime: Aug  4 2022 06:17:15  BuildStamp: freesurfer-linux-ubuntu22_x86_64-7.3.2-20220804-6354275  User: oesteban  Machine: dna042  Platform: Linux  PlatformVersion: 5.14.0-427.37.1.el9_4.x86_64  CompilerName: GCC  CompilerVersion: 8.4.0
ProgramName: mri_cc  ProgramArguments: mri_cc -all-info  ProgramVersion: 7.3.2  TimeStamp: 2026/03/06-12:41:20-GMT  BuildTime: Aug  4 2022 06:17:15  BuildStamp: freesurfer-linux-ubuntu22_x86_64-7.3.2-20220804-6354275  User: oesteban  Machine: dna042  Platform: Linux  PlatformVersion: 5.14.0-427.37.1.el9_4.x86_64  CompilerName: GCC  CompilerVersion: 8.4.0
ProgramName: mri_compute_overlap  ProgramArguments: mri_compute_overlap -all-info  ProgramVersion: 7.3.2  TimeStamp: 2026/03/06-12:41:20-GMT  BuildTime: Aug  4 2022 06:17:15  BuildStamp: freesurfer-linux-ubuntu22_x86_64-7.3.2-20220804-6354275  User: oesteban  Machine: dna042  Platform: Linux  PlatformVersion: 5.14.0-427.37.1.el9_4.x86_64  CompilerName: GCC  CompilerVersion: 8.4.0
ProgramName: mri_compute_seg_overlap  ProgramArguments: mri_compute_seg_overlap -all-info  ProgramVersion: 7.3.2  TimeStamp: 2026/03/06-12:41:20-GMT  BuildTime: Aug  4 2022 06:17:15  BuildStamp: freesurfer-linux-ubuntu22_x86_64-7.3.2-20220804-6354275  User: oesteban  Machine: dna042  Platform: Linux  PlatformVersion: 5.14.0-427.37.1.el9_4.x86_64  CompilerName: GCC  CompilerVersion: 8.4.0
ProgramName: mri_concat  ProgramArguments: mri_concat -all-info  ProgramVersion: 7.3.2  TimeStamp: 2026/03/06-12:41:20-GMT  BuildTime: Aug  4 2022 06:17:15  BuildStamp: freesurfer-linux-ubuntu22_x86_64-7.3.2-20220804-6354275  User: oesteban  Machine: dna042  Platform: Linux  PlatformVersion: 5.14.0-427.37.1.el9_4.x86_64  CompilerName: GCC  CompilerVersion: 8.4.0
ProgramName: mri_concatenate_lta  ProgramArguments: mri_concatenate_lta -all-info  ProgramVersion: 7.3.2  TimeStamp: 2026/03/06-12:41:20-GMT  BuildTime: Aug  4 2022 06:17:15  BuildStamp: freesurfer-linux-ubuntu22_x86_64-7.3.2-20220804-6354275  User: oesteban  Machine: dna042  Platform: Linux  PlatformVersion: 5.14.0-427.37.1.el9_4.x86_64  CompilerName: GCC  CompilerVersion: 8.4.0
mri_convert -all-info 
ProgramName: mri_convert  ProgramArguments: mri_convert -all-info  ProgramVersion: 7.3.2  TimeStamp: 2026/03/06-12:41:20-GMT  BuildTime: Aug  4 2022 06:17:15  BuildStamp: freesurfer-linux-ubuntu22_x86_64-7.3.2-20220804-6354275  User: oesteban  Machine: dna042  Platform: Linux  PlatformVersion: 5.14.0-427.37.1.el9_4.x86_64  CompilerName: GCC  CompilerVersion: 8.4.0
ProgramName: mri_diff  ProgramArguments: mri_diff -all-info  ProgramVersion: 7.3.2  TimeStamp: 2026/03/06-12:41:20-GMT  BuildTime: Aug  4 2022 06:17:15  BuildStamp: freesurfer-linux-ubuntu22_x86_64-7.3.2-20220804-6354275  User: oesteban  Machine: dna042  Platform: Linux  PlatformVersion: 5.14.0-427.37.1.el9_4.x86_64  CompilerName: GCC  CompilerVersion: 8.4.0
ProgramName: mri_edit_wm_with_aseg  ProgramArguments: mri_edit_wm_with_aseg -all-info  ProgramVersion: 7.3.2  TimeStamp: 2026/03/06-12:41:20-GMT  BuildTime: Aug  4 2022 06:17:15  BuildStamp: freesurfer-linux-ubuntu22_x86_64-7.3.2-20220804-6354275  User: oesteban  Machine: dna042  Platform: Linux  PlatformVersion: 5.14.0-427.37.1.el9_4.x86_64  CompilerName: GCC  CompilerVersion: 8.4.0
ProgramName: mri_em_register  ProgramArguments: mri_em_register -all-info  ProgramVersion: 7.3.2  TimeStamp: 2026/03/06-12:41:20-GMT  BuildTime: Aug  4 2022 06:17:15  BuildStamp: freesurfer-linux-ubuntu22_x86_64-7.3.2-20220804-6354275  User: oesteban  Machine: dna042  Platform: Linux  PlatformVersion: 5.14.0-427.37.1.el9_4.x86_64  CompilerName: GCC  CompilerVersion: 8.4.0
ProgramName: mri_fill  ProgramArguments: mri_fill -all-info  ProgramVersion: 7.3.2  TimeStamp: 2026/03/06-12:41:20-GMT  BuildTime: Aug  4 2022 06:17:15  BuildStamp: freesurfer-linux-ubuntu22_x86_64-7.3.2-20220804-6354275  User: oesteban  Machine: dna042  Platform: Linux  PlatformVersion: 5.14.0-427.37.1.el9_4.x86_64  CompilerName: GCC  CompilerVersion: 8.4.0
ProgramName: mri_fuse_segmentations  ProgramArguments: mri_fuse_segmentations -all-info  ProgramVersion: 7.3.2  TimeStamp: 2026/03/06-12:41:20-GMT  BuildTime: Aug  4 2022 06:17:15  BuildStamp: freesurfer-linux-ubuntu22_x86_64-7.3.2-20220804-6354275  User: oesteban  Machine: dna042  Platform: Linux  PlatformVersion: 5.14.0-427.37.1.el9_4.x86_64  CompilerName: GCC  CompilerVersion: 8.4.0
ProgramName: mri_fwhm  ProgramArguments: mri_fwhm -all-info  ProgramVersion: 7.3.2  TimeStamp: 2026/03/06-12:41:20-GMT  BuildTime: Aug  4 2022 06:17:15  BuildStamp: freesurfer-linux-ubuntu22_x86_64-7.3.2-20220804-6354275  User: oesteban  Machine: dna042  Platform: Linux  PlatformVersion: 5.14.0-427.37.1.el9_4.x86_64  CompilerName: GCC  CompilerVersion: 8.4.0
ProgramName: mri_gcut  ProgramArguments: mri_gcut -all-info  ProgramVersion: 7.3.2  TimeStamp: 2026/03/06-12:41:20-GMT  BuildTime: Aug  4 2022 06:17:15  BuildStamp: freesurfer-linux-ubuntu22_x86_64-7.3.2-20220804-6354275  User: oesteban  Machine: dna042  Platform: Linux  PlatformVersion: 5.14.0-427.37.1.el9_4.x86_64  CompilerName: GCC  CompilerVersion: 8.4.0
ProgramName: mri_info  ProgramArguments: mri_info -all-info  ProgramVersion: 7.3.2  TimeStamp: 2026/03/06-12:41:20-GMT  BuildTime: Aug  4 2022 06:17:15  BuildStamp: freesurfer-linux-ubuntu22_x86_64-7.3.2-20220804-6354275  User: oesteban  Machine: dna042  Platform: Linux  PlatformVersion: 5.14.0-427.37.1.el9_4.x86_64  CompilerName: GCC  CompilerVersion: 8.4.0
ProgramName: mri_label2label  ProgramArguments: mri_label2label -all-info  ProgramVersion: 7.3.2  TimeStamp: 2026/03/06-12:41:20-GMT  BuildTime: Aug  4 2022 06:17:15  BuildStamp: freesurfer-linux-ubuntu22_x86_64-7.3.2-20220804-6354275  User: oesteban  Machine: dna042  Platform: Linux  PlatformVersion: 5.14.0-427.37.1.el9_4.x86_64  CompilerName: GCC  CompilerVersion: 8.4.0
ProgramName: mri_label2vol  ProgramArguments: mri_label2vol -all-info  ProgramVersion: 7.3.2  TimeStamp: 2026/03/06-12:41:20-GMT  BuildTime: Aug  4 2022 06:17:15  BuildStamp: freesurfer-linux-ubuntu22_x86_64-7.3.2-20220804-6354275  User: oesteban  Machine: dna042  Platform: Linux  PlatformVersion: 5.14.0-427.37.1.el9_4.x86_64  CompilerName: GCC  CompilerVersion: 8.4.0
ProgramName: mri_log_likelihood  ProgramArguments: mri_log_likelihood -all-info  ProgramVersion: 7.3.2  TimeStamp: 2026/03/06-12:41:20-GMT  BuildTime: Aug  4 2022 06:17:15  BuildStamp: freesurfer-linux-ubuntu22_x86_64-7.3.2-20220804-6354275  User: oesteban  Machine: dna042  Platform: Linux  PlatformVersion: 5.14.0-427.37.1.el9_4.x86_64  CompilerName: GCC  CompilerVersion: 8.4.0
ProgramName: mri_mask  ProgramArguments: mri_mask -all-info  ProgramVersion: 7.3.2  TimeStamp: 2026/03/06-12:41:20-GMT  BuildTime: Aug  4 2022 06:17:15  BuildStamp: freesurfer-linux-ubuntu22_x86_64-7.3.2-20220804-6354275  User: oesteban  Machine: dna042  Platform: Linux  PlatformVersion: 5.14.0-427.37.1.el9_4.x86_64  CompilerName: GCC  CompilerVersion: 8.4.0
ProgramName: mri_matrix_multiply  ProgramArguments: mri_matrix_multiply -all-info  ProgramVersion: 7.3.2  TimeStamp: 2026/03/06-12:41:20-GMT  BuildTime: Aug  4 2022 06:17:15  BuildStamp: freesurfer-linux-ubuntu22_x86_64-7.3.2-20220804-6354275  User: oesteban  Machine: dna042  Platform: Linux  PlatformVersion: 5.14.0-427.37.1.el9_4.x86_64  CompilerName: GCC  CompilerVersion: 8.4.0
ProgramName: mri_normalize  ProgramArguments: mri_normalize -all-info  ProgramVersion: 7.3.2  TimeStamp: 2026/03/06-12:41:20-GMT  BuildTime: Aug  4 2022 06:17:15  BuildStamp: freesurfer-linux-ubuntu22_x86_64-7.3.2-20220804-6354275  User: oesteban  Machine: dna042  Platform: Linux  PlatformVersion: 5.14.0-427.37.1.el9_4.x86_64  CompilerName: GCC  CompilerVersion: 8.4.0
ProgramName: mri_normalize_tp2  ProgramArguments: mri_normalize_tp2 -all-info  ProgramVersion: 7.3.2  TimeStamp: 2026/03/06-12:41:20-GMT  BuildTime: Aug  4 2022 06:17:15  BuildStamp: freesurfer-linux-ubuntu22_x86_64-7.3.2-20220804-6354275  User: oesteban  Machine: dna042  Platform: Linux  PlatformVersion: 5.14.0-427.37.1.el9_4.x86_64  CompilerName: GCC  CompilerVersion: 8.4.0
ProgramName: mri_or  ProgramArguments: mri_or -all-info  ProgramVersion: 7.3.2  TimeStamp: 2026/03/06-12:41:20-GMT  BuildTime: Aug  4 2022 06:17:15  BuildStamp: freesurfer-linux-ubuntu22_x86_64-7.3.2-20220804-6354275  User: oesteban  Machine: dna042  Platform: Linux  PlatformVersion: 5.14.0-427.37.1.el9_4.x86_64  CompilerName: GCC  CompilerVersion: 8.4.0
ProgramName: mri_relabel_hypointensities  ProgramArguments: mri_relabel_hypointensities -all-info  ProgramVersion: 7.3.2  TimeStamp: 2026/03/06-12:41:20-GMT  BuildTime: Aug  4 2022 06:17:15  BuildStamp: freesurfer-linux-ubuntu22_x86_64-7.3.2-20220804-6354275  User: oesteban  Machine: dna042  Platform: Linux  PlatformVersion: 5.14.0-427.37.1.el9_4.x86_64  CompilerName: GCC  CompilerVersion: 8.4.0
ProgramName: mri_relabel_nonwm_hypos  ProgramArguments: mri_relabel_nonwm_hypos -all-info  ProgramVersion: 7.3.2  TimeStamp: 2026/03/06-12:41:20-GMT  BuildTime: Aug  4 2022 06:17:15  BuildStamp: freesurfer-linux-ubuntu22_x86_64-7.3.2-20220804-6354275  User: oesteban  Machine: dna042  Platform: Linux  PlatformVersion: 5.14.0-427.37.1.el9_4.x86_64  CompilerName: GCC  CompilerVersion: 8.4.0
ProgramName: mri_remove_neck  ProgramArguments: mri_remove_neck -all-info  ProgramVersion: 7.3.2  TimeStamp: 2026/03/06-12:41:20-GMT  BuildTime: Aug  4 2022 06:17:15  BuildStamp: freesurfer-linux-ubuntu22_x86_64-7.3.2-20220804-6354275  User: oesteban  Machine: dna042  Platform: Linux  PlatformVersion: 5.14.0-427.37.1.el9_4.x86_64  CompilerName: GCC  CompilerVersion: 8.4.0
7.3.2

ProgramName: mri_robust_register  ProgramArguments: mri_robust_register -all-info  ProgramVersion: 7.3.2  TimeStamp: 2026/03/06-12:41:20-GMT  BuildTime: Aug  4 2022 06:17:15  BuildStamp: freesurfer-linux-ubuntu22_x86_64-7.3.2-20220804-6354275  User: oesteban  Machine: dna042  Platform: Linux  PlatformVersion: 5.14.0-427.37.1.el9_4.x86_64  CompilerName: GCC  CompilerVersion: 8.4.0
7.3.2

ProgramName: mri_robust_template  ProgramArguments: mri_robust_template -all-info  ProgramVersion: 7.3.2  TimeStamp: 2026/03/06-12:41:20-GMT  BuildTime: Aug  4 2022 06:17:15  BuildStamp: freesurfer-linux-ubuntu22_x86_64-7.3.2-20220804-6354275  User: oesteban  Machine: dna042  Platform: Linux  PlatformVersion: 5.14.0-427.37.1.el9_4.x86_64  CompilerName: GCC  CompilerVersion: 8.4.0
ProgramName: mris_anatomical_stats  ProgramArguments: mris_anatomical_stats -all-info  ProgramVersion: 7.3.2  TimeStamp: 2026/03/06-12:41:20-GMT  BuildTime: Aug  4 2022 06:17:15  BuildStamp: freesurfer-linux-ubuntu22_x86_64-7.3.2-20220804-6354275  User: oesteban  Machine: dna042  Platform: Linux  PlatformVersion: 5.14.0-427.37.1.el9_4.x86_64  CompilerName: GCC  CompilerVersion: 8.4.0
ProgramName: mris_ca_label  ProgramArguments: mris_ca_label -all-info  ProgramVersion: 7.3.2  TimeStamp: 2026/03/06-12:41:20-GMT  BuildTime: Aug  4 2022 06:17:15  BuildStamp: freesurfer-linux-ubuntu22_x86_64-7.3.2-20220804-6354275  User: oesteban  Machine: dna042  Platform: Linux  PlatformVersion: 5.14.0-427.37.1.el9_4.x86_64  CompilerName: GCC  CompilerVersion: 8.4.0
ProgramName: mris_calc  ProgramArguments: mris_calc -all-info  ProgramVersion: 7.3.2  TimeStamp: 2026/03/06-12:41:20-GMT  BuildTime: Aug  4 2022 06:17:15  BuildStamp: freesurfer-linux-ubuntu22_x86_64-7.3.2-20220804-6354275  User: oesteban  Machine: dna042  Platform: Linux  PlatformVersion: 5.14.0-427.37.1.el9_4.x86_64  CompilerName: GCC  CompilerVersion: 8.4.0
ProgramName: mris_convert  ProgramArguments: mris_convert -all-info  ProgramVersion: 7.3.2  TimeStamp: 2026/03/06-12:41:20-GMT  BuildTime: Aug  4 2022 06:17:15  BuildStamp: freesurfer-linux-ubuntu22_x86_64-7.3.2-20220804-6354275  User: oesteban  Machine: dna042  Platform: Linux  PlatformVersion: 5.14.0-427.37.1.el9_4.x86_64  CompilerName: GCC  CompilerVersion: 8.4.0
ProgramName: mris_curvature  ProgramArguments: mris_curvature -all-info  ProgramVersion: 7.3.2  TimeStamp: 2026/03/06-12:41:20-GMT  BuildTime: Aug  4 2022 06:17:15  BuildStamp: freesurfer-linux-ubuntu22_x86_64-7.3.2-20220804-6354275  User: oesteban  Machine: dna042  Platform: Linux  PlatformVersion: 5.14.0-427.37.1.el9_4.x86_64  CompilerName: GCC  CompilerVersion: 8.4.0
ProgramName: mris_curvature_stats  ProgramArguments: mris_curvature_stats -all-info  ProgramVersion: 7.3.2  TimeStamp: 2026/03/06-12:41:20-GMT  BuildTime: Aug  4 2022 06:17:15  BuildStamp: freesurfer-linux-ubuntu22_x86_64-7.3.2-20220804-6354275  User: oesteban  Machine: dna042  Platform: Linux  PlatformVersion: 5.14.0-427.37.1.el9_4.x86_64  CompilerName: GCC  CompilerVersion: 8.4.0
ProgramName: mris_diff  ProgramArguments: mris_diff -all-info  ProgramVersion: 7.3.2  TimeStamp: 2026/03/06-12:41:20-GMT  BuildTime: Aug  4 2022 06:17:15  BuildStamp: freesurfer-linux-ubuntu22_x86_64-7.3.2-20220804-6354275  User: oesteban  Machine: dna042  Platform: Linux  PlatformVersion: 5.14.0-427.37.1.el9_4.x86_64  CompilerName: GCC  CompilerVersion: 8.4.0
ProgramName: mris_divide_parcellation  ProgramArguments: mris_divide_parcellation -all-info  ProgramVersion: 7.3.2  TimeStamp: 2026/03/06-12:41:20-GMT  BuildTime: Aug  4 2022 06:17:15  BuildStamp: freesurfer-linux-ubuntu22_x86_64-7.3.2-20220804-6354275  User: oesteban  Machine: dna042  Platform: Linux  PlatformVersion: 5.14.0-427.37.1.el9_4.x86_64  CompilerName: GCC  CompilerVersion: 8.4.0
ProgramName: mri_segment  ProgramArguments: mri_segment -all-info  ProgramVersion: 7.3.2  TimeStamp: 2026/03/06-12:41:20-GMT  BuildTime: Aug  4 2022 06:17:15  BuildStamp: freesurfer-linux-ubuntu22_x86_64-7.3.2-20220804-6354275  User: oesteban  Machine: dna042  Platform: Linux  PlatformVersion: 5.14.0-427.37.1.el9_4.x86_64  CompilerName: GCC  CompilerVersion: 8.4.0
ProgramName: mri_segstats  ProgramArguments: mri_segstats -all-info  ProgramVersion: 7.3.2  TimeStamp: 2026/03/06-12:41:20-GMT  BuildTime: Aug  4 2022 06:17:15  BuildStamp: freesurfer-linux-ubuntu22_x86_64-7.3.2-20220804-6354275  User: oesteban  Machine: dna042  Platform: Linux  PlatformVersion: 5.14.0-427.37.1.el9_4.x86_64  CompilerName: GCC  CompilerVersion: 8.4.0
ProgramName: mris_euler_number  ProgramArguments: mris_euler_number -all-info  ProgramVersion: 7.3.2  TimeStamp: 2026/03/06-12:41:20-GMT  BuildTime: Aug  4 2022 06:17:15  BuildStamp: freesurfer-linux-ubuntu22_x86_64-7.3.2-20220804-6354275  User: oesteban  Machine: dna042  Platform: Linux  PlatformVersion: 5.14.0-427.37.1.el9_4.x86_64  CompilerName: GCC  CompilerVersion: 8.4.0
ProgramName: mris_fix_topology  ProgramArguments: mris_fix_topology -all-info  ProgramVersion: 7.3.2  TimeStamp: 2026/03/06-12:41:20-GMT  BuildTime: Aug  4 2022 06:17:15  BuildStamp: freesurfer-linux-ubuntu22_x86_64-7.3.2-20220804-6354275  User: oesteban  Machine: dna042  Platform: Linux  PlatformVersion: 5.14.0-427.37.1.el9_4.x86_64  CompilerName: GCC  CompilerVersion: 8.4.0
ProgramName: mris_topo_fixer  ProgramArguments: mris_topo_fixer -all-info  ProgramVersion: 7.3.2  TimeStamp: 2026/03/06-12:41:20-GMT  BuildTime: Aug  4 2022 06:17:15  BuildStamp: freesurfer-linux-ubuntu22_x86_64-7.3.2-20220804-6354275  User: oesteban  Machine: dna042  Platform: Linux  PlatformVersion: 5.14.0-427.37.1.el9_4.x86_64  CompilerName: GCC  CompilerVersion: 8.4.0
ProgramName: mris_jacobian  ProgramArguments: mris_jacobian -all-info  ProgramVersion: 7.3.2  TimeStamp: 2026/03/06-12:41:20-GMT  BuildTime: Aug  4 2022 06:17:15  BuildStamp: freesurfer-linux-ubuntu22_x86_64-7.3.2-20220804-6354275  User: oesteban  Machine: dna042  Platform: Linux  PlatformVersion: 5.14.0-427.37.1.el9_4.x86_64  CompilerName: GCC  CompilerVersion: 8.4.0
ProgramName: mris_label2annot  ProgramArguments: mris_label2annot -all-info  ProgramVersion: 7.3.2  TimeStamp: 2026/03/06-12:41:20-GMT  BuildTime: Aug  4 2022 06:17:15  BuildStamp: freesurfer-linux-ubuntu22_x86_64-7.3.2-20220804-6354275  User: oesteban  Machine: dna042  Platform: Linux  PlatformVersion: 5.14.0-427.37.1.el9_4.x86_64  CompilerName: GCC  CompilerVersion: 8.4.0
ProgramName: mris_left_right_register  ProgramArguments: mris_left_right_register -all-info  ProgramVersion: 7.3.2  TimeStamp: 2026/03/06-12:41:20-GMT  BuildTime: Aug  4 2022 06:17:15  BuildStamp: freesurfer-linux-ubuntu22_x86_64-7.3.2-20220804-6354275  User: oesteban  Machine: dna042  Platform: Linux  PlatformVersion: 5.14.0-427.37.1.el9_4.x86_64  CompilerName: GCC  CompilerVersion: 8.4.0
ProgramName: mris_place_surface  ProgramArguments: mris_place_surface -all-info  ProgramVersion: 7.3.2  TimeStamp: 2026/03/06-12:41:20-GMT  BuildTime: Aug  4 2022 06:17:15  BuildStamp: freesurfer-linux-ubuntu22_x86_64-7.3.2-20220804-6354275  User: oesteban  Machine: dna042  Platform: Linux  PlatformVersion: 5.14.0-427.37.1.el9_4.x86_64  CompilerName: GCC  CompilerVersion: 8.4.0
ProgramName: mrisp_paint  ProgramArguments: mrisp_paint -all-info  ProgramVersion: 7.3.2  TimeStamp: 2026/03/06-12:41:20-GMT  BuildTime: Aug  4 2022 06:17:15  BuildStamp: freesurfer-linux-ubuntu22_x86_64-7.3.2-20220804-6354275  User: oesteban  Machine: dna042  Platform: Linux  PlatformVersion: 5.14.0-427.37.1.el9_4.x86_64  CompilerName: GCC  CompilerVersion: 8.4.0
ProgramName: mris_register  ProgramArguments: mris_register -all-info  ProgramVersion: 7.3.2  TimeStamp: 2026/03/06-12:41:20-GMT  BuildTime: Aug  4 2022 06:17:15  BuildStamp: freesurfer-linux-ubuntu22_x86_64-7.3.2-20220804-6354275  User: oesteban  Machine: dna042  Platform: Linux  PlatformVersion: 5.14.0-427.37.1.el9_4.x86_64  CompilerName: GCC  CompilerVersion: 8.4.0
ProgramName: mris_smooth  ProgramArguments: mris_smooth -all-info  ProgramVersion: 7.3.2  TimeStamp: 2026/03/06-12:41:20-GMT  BuildTime: Aug  4 2022 06:17:15  BuildStamp: freesurfer-linux-ubuntu22_x86_64-7.3.2-20220804-6354275  User: oesteban  Machine: dna042  Platform: Linux  PlatformVersion: 5.14.0-427.37.1.el9_4.x86_64  CompilerName: GCC  CompilerVersion: 8.4.0
ProgramName: mris_sphere  ProgramArguments: mris_sphere -all-info  ProgramVersion: 7.3.2  TimeStamp: 2026/03/06-12:41:20-GMT  BuildTime: Aug  4 2022 06:17:15  BuildStamp: freesurfer-linux-ubuntu22_x86_64-7.3.2-20220804-6354275  User: oesteban  Machine: dna042  Platform: Linux  PlatformVersion: 5.14.0-427.37.1.el9_4.x86_64  CompilerName: GCC  CompilerVersion: 8.4.0
ProgramName: mris_surface_stats  ProgramArguments: mris_surface_stats -all-info  ProgramVersion: 7.3.2  TimeStamp: 2026/03/06-12:41:20-GMT  BuildTime: Aug  4 2022 06:17:15  BuildStamp: freesurfer-linux-ubuntu22_x86_64-7.3.2-20220804-6354275  User: oesteban  Machine: dna042  Platform: Linux  PlatformVersion: 5.14.0-427.37.1.el9_4.x86_64  CompilerName: GCC  CompilerVersion: 8.4.0
ProgramName: mri_stats2seg  ProgramArguments: mri_stats2seg -all-info  ProgramVersion: 7.3.2  TimeStamp: 2026/03/06-12:41:20-GMT  BuildTime: Aug  4 2022 06:17:15  BuildStamp: freesurfer-linux-ubuntu22_x86_64-7.3.2-20220804-6354275  User: oesteban  Machine: dna042  Platform: Linux  PlatformVersion: 5.14.0-427.37.1.el9_4.x86_64  CompilerName: GCC  CompilerVersion: 8.4.0
ProgramName: mris_thickness  ProgramArguments: mris_thickness -all-info  ProgramVersion: 7.3.2  TimeStamp: 2026/03/06-12:41:20-GMT  BuildTime: Aug  4 2022 06:17:15  BuildStamp: freesurfer-linux-ubuntu22_x86_64-7.3.2-20220804-6354275  User: oesteban  Machine: dna042  Platform: Linux  PlatformVersion: 5.14.0-427.37.1.el9_4.x86_64  CompilerName: GCC  CompilerVersion: 8.4.0
ProgramName: mris_thickness_diff  ProgramArguments: mris_thickness_diff -all-info  ProgramVersion: 7.3.2  TimeStamp: 2026/03/06-12:41:20-GMT  BuildTime: Aug  4 2022 06:17:15  BuildStamp: freesurfer-linux-ubuntu22_x86_64-7.3.2-20220804-6354275  User: oesteban  Machine: dna042  Platform: Linux  PlatformVersion: 5.14.0-427.37.1.el9_4.x86_64  CompilerName: GCC  CompilerVersion: 8.4.0
ProgramName: mris_topo_fixer  ProgramArguments: mris_topo_fixer -all-info  ProgramVersion: 7.3.2  TimeStamp: 2026/03/06-12:41:20-GMT  BuildTime: Aug  4 2022 06:17:15  BuildStamp: freesurfer-linux-ubuntu22_x86_64-7.3.2-20220804-6354275  User: oesteban  Machine: dna042  Platform: Linux  PlatformVersion: 5.14.0-427.37.1.el9_4.x86_64  CompilerName: GCC  CompilerVersion: 8.4.0
ProgramName: mri_surf2surf  ProgramArguments: mri_surf2surf -all-info  ProgramVersion: 7.3.2  TimeStamp: 2026/03/06-12:41:20-GMT  BuildTime: Aug  4 2022 06:17:15  BuildStamp: freesurfer-linux-ubuntu22_x86_64-7.3.2-20220804-6354275  User: oesteban  Machine: dna042  Platform: Linux  PlatformVersion: 5.14.0-427.37.1.el9_4.x86_64  CompilerName: GCC  CompilerVersion: 8.4.0
ProgramName: mri_surf2vol  ProgramArguments: mri_surf2vol -all-info  ProgramVersion: 7.3.2  TimeStamp: 2026/03/06-12:41:20-GMT  BuildTime: Aug  4 2022 06:17:15  BuildStamp: freesurfer-linux-ubuntu22_x86_64-7.3.2-20220804-6354275  User: oesteban  Machine: dna042  Platform: Linux  PlatformVersion: 5.14.0-427.37.1.el9_4.x86_64  CompilerName: GCC  CompilerVersion: 8.4.0
ProgramName: mri_surfcluster  ProgramArguments: mri_surfcluster -all-info  ProgramVersion: 7.3.2  TimeStamp: 2026/03/06-12:41:20-GMT  BuildTime: Aug  4 2022 06:17:15  BuildStamp: freesurfer-linux-ubuntu22_x86_64-7.3.2-20220804-6354275  User: oesteban  Machine: dna042  Platform: Linux  PlatformVersion: 5.14.0-427.37.1.el9_4.x86_64  CompilerName: GCC  CompilerVersion: 8.4.0
ProgramName: mris_volmask  ProgramArguments: mris_volmask -all-info  ProgramVersion: 7.3.2  TimeStamp: 2026/03/06-12:41:20-GMT  BuildTime: Aug  4 2022 06:17:15  BuildStamp: freesurfer-linux-ubuntu22_x86_64-7.3.2-20220804-6354275  User: oesteban  Machine: dna042  Platform: Linux  PlatformVersion: 5.14.0-427.37.1.el9_4.x86_64  CompilerName: GCC  CompilerVersion: 8.4.0
ProgramName: mri_tessellate  ProgramArguments: mri_tessellate -all-info  ProgramVersion: 7.3.2  TimeStamp: 2026/03/06-12:41:21-GMT  BuildTime: Aug  4 2022 06:17:15  BuildStamp: freesurfer-linux-ubuntu22_x86_64-7.3.2-20220804-6354275  User: oesteban  Machine: dna042  Platform: Linux  PlatformVersion: 5.14.0-427.37.1.el9_4.x86_64  CompilerName: GCC  CompilerVersion: 8.4.0
ProgramName: mri_vol2surf  ProgramArguments: mri_vol2surf -all-info  ProgramVersion: 7.3.2  TimeStamp: 2026/03/06-12:41:21-GMT  BuildTime: Aug  4 2022 06:17:15  BuildStamp: freesurfer-linux-ubuntu22_x86_64-7.3.2-20220804-6354275  User: oesteban  Machine: dna042  Platform: Linux  PlatformVersion: 5.14.0-427.37.1.el9_4.x86_64  CompilerName: GCC  CompilerVersion: 8.4.0
ProgramName: mri_vol2vol  ProgramArguments: mri_vol2vol -all-info  ProgramVersion: 7.3.2  TimeStamp: 2026/03/06-12:41:21-GMT  BuildTime: Aug  4 2022 06:17:15  BuildStamp: freesurfer-linux-ubuntu22_x86_64-7.3.2-20220804-6354275  User: oesteban  Machine: dna042  Platform: Linux  PlatformVersion: 5.14.0-427.37.1.el9_4.x86_64  CompilerName: GCC  CompilerVersion: 8.4.0
ProgramName: mri_voldiff  ProgramArguments: mri_voldiff -all-info  ProgramVersion: 7.3.2  TimeStamp: 2026/03/06-12:41:21-GMT  BuildTime: Aug  4 2022 06:17:15  BuildStamp: freesurfer-linux-ubuntu22_x86_64-7.3.2-20220804-6354275  User: oesteban  Machine: dna042  Platform: Linux  PlatformVersion: 5.14.0-427.37.1.el9_4.x86_64  CompilerName: GCC  CompilerVersion: 8.4.0
ProgramName: mri_watershed  ProgramArguments: mri_watershed -all-info  ProgramVersion: 7.3.2  TimeStamp: 2026/03/06-12:41:21-GMT  BuildTime: Aug  4 2022 06:17:15  BuildStamp: freesurfer-linux-ubuntu22_x86_64-7.3.2-20220804-6354275  User: oesteban  Machine: dna042  Platform: Linux  PlatformVersion: 5.14.0-427.37.1.el9_4.x86_64  CompilerName: GCC  CompilerVersion: 8.4.0
ProgramName: tkregister2  ProgramArguments: tkregister2_cmdl -all-info  ProgramVersion: 7.3.2  TimeStamp: 2026/03/06-12:41:21-GMT  BuildTime: Aug  4 2022 06:17:15  BuildStamp: freesurfer-linux-ubuntu22_x86_64-7.3.2-20220804-6354275  User: oesteban  Machine: dna042  Platform: Linux  PlatformVersion: 5.14.0-427.37.1.el9_4.x86_64  CompilerName: GCC  CompilerVersion: 8.4.0
mri_motion_correct.fsl 7.3.2
mri_convert -all-info 
ProgramName: mri_convert  ProgramArguments: mri_convert -all-info  ProgramVersion: 7.3.2  TimeStamp: 2026/03/06-12:41:21-GMT  BuildTime: Aug  4 2022 06:17:15  BuildStamp: freesurfer-linux-ubuntu22_x86_64-7.3.2-20220804-6354275  User: oesteban  Machine: dna042  Platform: Linux  PlatformVersion: 5.14.0-427.37.1.el9_4.x86_64  CompilerName: GCC  CompilerVersion: 8.4.0
Program nu_correct, built from:
Package MNI N3, version 1.12.0, compiled by nicks@terrier (x86_64-unknown-linux-gnu) on 2015-06-19 at 01:25:34
#######################################
GCADIR /opt/freesurfer/average
GCA RB_all_2020-01-02.gca
GCASkull RB_all_withskull_2020_01_02.gca
AvgCurvTif folding.atlas.acfb40.noaparc.i12.2016-08-02.tif
GCSDIR /opt/freesurfer/average
GCS DKaparc.atlas.acfb40.noaparc.i12.2016-08-02.gcs
#######################################
/out/sourcedata/freesurfer/sub-v1s10x0051099_ses-1

 mri_convert /work/fmriprep_25_2_wf/sub_v1s10x0051099_ses_1_wf/anat_fit_wf/anat_validate/sub-v1s10x0051099_ses-1_T1w_noise_corrected_ras_valid.nii.gz /out/sourcedata/freesurfer/sub-v1s10x0051099_ses-1/mri/orig/001.mgz 

mri_convert /work/fmriprep_25_2_wf/sub_v1s10x0051099_ses_1_wf/anat_fit_wf/anat_validate/sub-v1s10x0051099_ses-1_T1w_noise_corrected_ras_valid.nii.gz /out/sourcedata/freesurfer/sub-v1s10x0051099_ses-1/mri/orig/001.mgz 
reading from /work/fmriprep_25_2_wf/sub_v1s10x0051099_ses_1_wf/anat_fit_wf/anat_validate/sub-v1s10x0051099_ses-1_T1w_noise_corrected_ras_valid.nii.gz...
TR=0.00, TE=0.00, TI=0.00, flip angle=0.00
i_ras = (1, 0, 0)
j_ras = (0, 1, 0)
k_ras = (0, 0, 1)
writing to /out/sourcedata/freesurfer/sub-v1s10x0051099_ses-1/mri/orig/001.mgz...
#--------------------------------------------
#@# MotionCor Fri Mar  6 13:41:22 CET 2026
Found 1 runs
/out/sourcedata/freesurfer/sub-v1s10x0051099_ses-1/mri/orig/001.mgz
Checking for (invalid) multi-frame inputs...
Only one run found so motion
correction will not be performed. I'll
copy the run to rawavg and continue.

 cp /out/sourcedata/freesurfer/sub-v1s10x0051099_ses-1/mri/orig/001.mgz /out/sourcedata/freesurfer/sub-v1s10x0051099_ses-1/mri/rawavg.mgz 


 mri_info /out/sourcedata/freesurfer/sub-v1s10x0051099_ses-1/mri/rawavg.mgz 

rawavg.mgz ========================================
Volume information for /out/sourcedata/freesurfer/sub-v1s10x0051099_ses-1/mri/rawavg.mgz
          type: MGH
    dimensions: 128 x 256 x 256
   voxel sizes: 1.329994, 1.000000, 1.000000
          type: FLOAT (3)
           fov: 256.000
           dof: 1
        xstart: -85.1, xend: 85.1
        ystart: -128.0, yend: 128.0
        zstart: -128.0, zend: 128.0
            TR: 0.00 msec, TE: 0.00 msec, TI: 0.00 msec, flip angle: 0.00 degrees
       nframes: 1
       PhEncDir: UNKNOWN
       FieldStrength: 0.000000
ras xform present
    xform info: x_r =   1.0000, y_r =   0.0000, z_r =   0.0000, c_r =     2.1104
              : x_a =   0.0000, y_a =   1.0000, z_a =   0.0000, c_a =     1.0000
              : x_s =   0.0000, y_s =   0.0000, z_s =   1.0000, c_s =   -13.4578

talairach xfm : 
Orientation   : RAS
Primary Slice Direction: axial

voxel to ras transform:
                1.3300   0.0000   0.0000   -83.0092
                0.0000   1.0000   0.0000  -127.0000
                0.0000   0.0000   1.0000  -141.4578
                0.0000   0.0000   0.0000     1.0000

voxel-to-ras determinant 1.32999

ras to voxel transform:
                0.7519   0.0000   0.0000    62.4132
                0.0000   1.0000   0.0000   127.0000
                0.0000   0.0000   1.0000   141.4578
                0.0000   0.0000   0.0000     1.0000
/out/sourcedata/freesurfer/sub-v1s10x0051099_ses-1

 mri_convert /out/sourcedata/freesurfer/sub-v1s10x0051099_ses-1/mri/rawavg.mgz /out/sourcedata/freesurfer/sub-v1s10x0051099_ses-1/mri/orig.mgz --conform 

mri_convert /out/sourcedata/freesurfer/sub-v1s10x0051099_ses-1/mri/rawavg.mgz /out/sourcedata/freesurfer/sub-v1s10x0051099_ses-1/mri/orig.mgz --conform 
reading from /out/sourcedata/freesurfer/sub-v1s10x0051099_ses-1/mri/rawavg.mgz...
TR=0.00, TE=0.00, TI=0.00, flip angle=0.00
i_ras = (1, 0, 0)
j_ras = (0, 1, 0)
k_ras = (0, 0, 1)
changing data type from float to uchar (noscale = 0)...
MRIchangeType: Building histogram 0 630.612 1000, flo=0, fhi=0.999, dest_type=0
Reslicing using trilinear interpolation 
writing to /out/sourcedata/freesurfer/sub-v1s10x0051099_ses-1/mri/orig.mgz...

 mri_add_xform_to_header -c /out/sourcedata/freesurfer/sub-v1s10x0051099_ses-1/mri/transforms/talairach.xfm /out/sourcedata/freesurfer/sub-v1s10x0051099_ses-1/mri/orig.mgz /out/sourcedata/freesurfer/sub-v1s10x0051099_ses-1/mri/orig.mgz 

INFO: extension is mgz

 mri_info /out/sourcedata/freesurfer/sub-v1s10x0051099_ses-1/mri/orig.mgz 

orig.mgz ========================================
Volume information for /out/sourcedata/freesurfer/sub-v1s10x0051099_ses-1/mri/orig.mgz
          type: MGH
    dimensions: 256 x 256 x 256
   voxel sizes: 1.000000, 1.000000, 1.000000
          type: UCHAR (0)
           fov: 256.000
           dof: 1
        xstart: -128.0, xend: 128.0
        ystart: -128.0, yend: 128.0
        zstart: -128.0, zend: 128.0
            TR: 0.00 msec, TE: 0.00 msec, TI: 0.00 msec, flip angle: 0.00 degrees
       nframes: 1
       PhEncDir: UNKNOWN
       FieldStrength: 0.000000
ras xform present
    xform info: x_r =  -1.0000, y_r =   0.0000, z_r =   0.0000, c_r =     2.1104
              : x_a =   0.0000, y_a =   0.0000, z_a =   1.0000, c_a =     1.0000
              : x_s =   0.0000, y_s =  -1.0000, z_s =   0.0000, c_s =   -13.4578

talairach xfm : /out/sourcedata/freesurfer/sub-v1s10x0051099_ses-1/mri/transforms/talairach.xfm
Orientation   : LIA
Primary Slice Direction: coronal

voxel to ras transform:
               -1.0000   0.0000   0.0000   130.1104
                0.0000   0.0000   1.0000  -127.0000
                0.0000  -1.0000   0.0000   114.5422
                0.0000   0.0000   0.0000     1.0000

voxel-to-ras determinant -1

ras to voxel transform:
               -1.0000  -0.0000  -0.0000   130.1104
               -0.0000  -0.0000  -1.0000   114.5422
               -0.0000   1.0000  -0.0000   127.0000
               -0.0000  -0.0000  -0.0000     1.0000
#--------------------------------------------
#@# Talairach Fri Mar  6 13:41:30 CET 2026
/out/sourcedata/freesurfer/sub-v1s10x0051099_ses-1/mri

 mri_nu_correct.mni --no-rescale --i orig.mgz --o orig_nu.mgz --ants-n4 --n 1 --proto-iters 1000 --distance 50 

/usr/bin/bc
/out/sourcedata/freesurfer/sub-v1s10x0051099_ses-1/mri
/opt/freesurfer/bin/mri_nu_correct.mni
--no-rescale --i orig.mgz --o orig_nu.mgz --ants-n4 --n 1 --proto-iters 1000 --distance 50
nIters 1
mri_nu_correct.mni 7.3.2
Linux dna042 5.14.0-427.37.1.el9_4.x86_64 #1 SMP PREEMPT_DYNAMIC Fri Sep 13 12:41:50 EDT 2024 x86_64 x86_64 x86_64 GNU/Linux
Fri Mar  6 13:41:31 CET 2026
tmpdir is ./tmp.mri_nu_correct.mni.1798245
cd /out/sourcedata/freesurfer/sub-v1s10x0051099_ses-1/mri
AntsN4BiasFieldCorrectionFs -i orig.mgz -o ./tmp.mri_nu_correct.mni.1798245/nu0.mgz --dtype uchar
AntsN4BiasFieldCorrectionFs done
mri_convert ./tmp.mri_nu_correct.mni.1798245/nu0.mgz orig_nu.mgz --like orig.mgz --conform
mri_convert ./tmp.mri_nu_correct.mni.1798245/nu0.mgz orig_nu.mgz --like orig.mgz --conform 
reading from ./tmp.mri_nu_correct.mni.1798245/nu0.mgz...
TR=0.00, TE=0.00, TI=0.00, flip angle=0.00
i_ras = (-1, 0, 0)
j_ras = (0, 0, -1)
k_ras = (0, 1, 0)
INFO: transform src into the like-volume: orig.mgz
writing to orig_nu.mgz...
 
 
Fri Mar  6 13:44:24 CET 2026
mri_nu_correct.mni done

 talairach_avi --i orig_nu.mgz --xfm transforms/talairach.auto.xfm 

talairach_avi log file is transforms/talairach_avi.log...
mv -f /out/sourcedata/freesurfer/sub-v1s10x0051099_ses-1/mri/talsrcimg_to_711-2C_as_mni_average_305_t4_vox2vox.txt /out/sourcedata/freesurfer/sub-v1s10x0051099_ses-1/mri/transforms/talsrcimg_to_711-2C_as_mni_average_305_t4_vox2vox.txt
Started at Fri Mar 6 13:44:24 CET 2026
Ended   at Fri Mar  6 13:45:52 CET 2026
talairach_avi done

 cp transforms/talairach.auto.xfm transforms/talairach.xfm 

lta_convert --src orig.mgz --trg /opt/freesurfer/average/mni305.cor.mgz --inxfm transforms/talairach.xfm --outlta transforms/talairach.xfm.lta --subject fsaverage --ltavox2vox
7.3.2

--src: orig.mgz src image (geometry).
--trg: /opt/freesurfer/average/mni305.cor.mgz trg image (geometry).
--inmni: transforms/talairach.xfm input MNI/XFM transform.
--outlta: transforms/talairach.xfm.lta output LTA.
--s: fsaverage subject name
--ltavox2vox: output LTA as VOX_TO_VOX transform.
 LTA read, type : 1
 1.13500   0.04785   0.04114   0.74844;
-0.09362   0.97090   0.46644   4.04028;
-0.01312  -0.33816   1.07378   3.32672;
 0.00000   0.00000   0.00000   1.00000;
setting subject to fsaverage
Writing  LTA to file transforms/talairach.xfm.lta...
lta_convert successful.
#--------------------------------------------
#@# Talairach Failure Detection Fri Mar  6 13:45:54 CET 2026
/out/sourcedata/freesurfer/sub-v1s10x0051099_ses-1/mri

 talairach_afd -T 0.005 -xfm transforms/talairach.xfm 

talairach_afd: Talairach Transform: transforms/talairach.xfm OK (p=0.5780, pval=0.2817 >= threshold=0.0050)

 awk -f /opt/freesurfer/bin/extract_talairach_avi_QA.awk /out/sourcedata/freesurfer/sub-v1s10x0051099_ses-1/mri/transforms/talairach_avi.log 


 tal_QC_AZS /out/sourcedata/freesurfer/sub-v1s10x0051099_ses-1/mri/transforms/talairach_avi.log 

TalAviQA: 0.97731
z-score: 0
#--------------------------------------------
#@# Nu Intensity Correction Fri Mar  6 13:45:54 CET 2026

 mri_nu_correct.mni --i orig.mgz --o nu.mgz --uchar transforms/talairach.xfm --n 2 --ants-n4 

/usr/bin/bc
/out/sourcedata/freesurfer/sub-v1s10x0051099_ses-1/mri
/opt/freesurfer/bin/mri_nu_correct.mni
--i orig.mgz --o nu.mgz --uchar transforms/talairach.xfm --n 2 --ants-n4
nIters 2
mri_nu_correct.mni 7.3.2
Linux dna042 5.14.0-427.37.1.el9_4.x86_64 #1 SMP PREEMPT_DYNAMIC Fri Sep 13 12:41:50 EDT 2024 x86_64 x86_64 x86_64 GNU/Linux
Fri Mar  6 13:45:54 CET 2026
tmpdir is ./tmp.mri_nu_correct.mni.1799097
cd /out/sourcedata/freesurfer/sub-v1s10x0051099_ses-1/mri
AntsN4BiasFieldCorrectionFs -i orig.mgz -o ./tmp.mri_nu_correct.mni.1799097/nu0.mgz --dtype uchar
AntsN4BiasFieldCorrectionFs done
mri_binarize --i ./tmp.mri_nu_correct.mni.1799097/nu0.mgz --min -1 --o ./tmp.mri_nu_correct.mni.1799097/ones.mgz

7.3.2
cwd /out/sourcedata/freesurfer/sub-v1s10x0051099_ses-1/mri
cmdline mri_binarize --i ./tmp.mri_nu_correct.mni.1799097/nu0.mgz --min -1 --o ./tmp.mri_nu_correct.mni.1799097/ones.mgz 
sysname  Linux
hostname dna042
machine  x86_64
user     oesteban

input      ./tmp.mri_nu_correct.mni.1799097/nu0.mgz
frame      0
nErode3d   0
nErode2d   0
output     ./tmp.mri_nu_correct.mni.1799097/ones.mgz
Binarizing based on threshold
min        -1
max        +infinity
binval        1
binvalnot     0
fstart = 0, fend = 0, nframes = 1
Starting parallel 1
Found 16777216 values in range
Counting number of voxels in first frame
Found 16777215 voxels in final mask
Writing output to ./tmp.mri_nu_correct.mni.1799097/ones.mgz
Count: 16777215 16777215.000000 16777216 99.999994
mri_binarize done
mri_segstats --id 1 --seg ./tmp.mri_nu_correct.mni.1799097/ones.mgz --i orig.mgz --sum ./tmp.mri_nu_correct.mni.1799097/sum.junk --avgwf ./tmp.mri_nu_correct.mni.1799097/input.mean.dat

7.3.2
cwd 
cmdline mri_segstats --id 1 --seg ./tmp.mri_nu_correct.mni.1799097/ones.mgz --i orig.mgz --sum ./tmp.mri_nu_correct.mni.1799097/sum.junk --avgwf ./tmp.mri_nu_correct.mni.1799097/input.mean.dat 
sysname  Linux
hostname dna042
machine  x86_64
user     oesteban
whitesurfname  white
UseRobust  0
Loading ./tmp.mri_nu_correct.mni.1799097/ones.mgz
Loading orig.mgz
Voxel Volume is 1 mm^3
Generating list of segmentation ids
Found   1 segmentations
Computing statistics for each segmentation

Reporting on   1 segmentations
Using PrintSegStat
Computing spatial average of each frame

Writing to ./tmp.mri_nu_correct.mni.1799097/input.mean.dat
mri_segstats done
mri_segstats --id 1 --seg ./tmp.mri_nu_correct.mni.1799097/ones.mgz --i ./tmp.mri_nu_correct.mni.1799097/nu0.mgz --sum ./tmp.mri_nu_correct.mni.1799097/sum.junk --avgwf ./tmp.mri_nu_correct.mni.1799097/output.mean.dat

7.3.2
cwd 
cmdline mri_segstats --id 1 --seg ./tmp.mri_nu_correct.mni.1799097/ones.mgz --i ./tmp.mri_nu_correct.mni.1799097/nu0.mgz --sum ./tmp.mri_nu_correct.mni.1799097/sum.junk --avgwf ./tmp.mri_nu_correct.mni.1799097/output.mean.dat 
sysname  Linux
hostname dna042
machine  x86_64
user     oesteban
whitesurfname  white
UseRobust  0
Loading ./tmp.mri_nu_correct.mni.1799097/ones.mgz
Loading ./tmp.mri_nu_correct.mni.1799097/nu0.mgz
Voxel Volume is 1 mm^3
Generating list of segmentation ids
Found   1 segmentations
Computing statistics for each segmentation

Reporting on   1 segmentations
Using PrintSegStat
Computing spatial average of each frame

Writing to ./tmp.mri_nu_correct.mni.1799097/output.mean.dat
mri_segstats done
mris_calc -o ./tmp.mri_nu_correct.mni.1799097/nu0.mgz ./tmp.mri_nu_correct.mni.1799097/nu0.mgz mul 1.33619693776151058566
Saving result to './tmp.mri_nu_correct.mni.1799097/nu0.mgz' (type = MGH )                       [ ok ]
mri_convert ./tmp.mri_nu_correct.mni.1799097/nu0.mgz nu.mgz --like orig.mgz
mri_convert ./tmp.mri_nu_correct.mni.1799097/nu0.mgz nu.mgz --like orig.mgz 
reading from ./tmp.mri_nu_correct.mni.1799097/nu0.mgz...
TR=0.00, TE=0.00, TI=0.00, flip angle=0.00
i_ras = (-1, 0, 0)
j_ras = (0, 0, -1)
k_ras = (0, 1, 0)
INFO: transform src into the like-volume: orig.mgz
writing to nu.mgz...
mri_make_uchar nu.mgz transforms/talairach.xfm nu.mgz
type change took 0 minutes and 6 seconds.
FIRST_PERCENTILE 0.010000
WM_PERCENTILE    0.900000
MAX_R 50.000000
i1 = 4, i2 = 69
#mri_make_uchar# mapping 10 178 to  3 110  :  b -4.06231 m 0.641783 : thresh 6.32972 maxsat 403.66 : nzero 12778948 nsat 0
 
 
Fri Mar  6 13:49:06 CET 2026
mri_nu_correct.mni done

 mri_add_xform_to_header -c /out/sourcedata/freesurfer/sub-v1s10x0051099_ses-1/mri/transforms/talairach.xfm nu.mgz nu.mgz 

INFO: extension is mgz
#--------------------------------------------
#@# Intensity Normalization Fri Mar  6 13:49:07 CET 2026
/out/sourcedata/freesurfer/sub-v1s10x0051099_ses-1/mri

 mri_normalize -g 1 -seed 1234 -mprage nu.mgz T1.mgz 

using max gradient = 1.000
setting seed for random number genererator to 1234
assuming input volume is MGH (Van der Kouwe) MP-RAGE
reading mri_src from nu.mgz...
normalizing image...
NOT doing gentle normalization with control points/label
talairach transform
 1.13500   0.04785   0.04114   0.74844;
-0.09362   0.97090   0.46644   4.04028;
-0.01312  -0.33816   1.07378   3.32672;
 0.00000   0.00000   0.00000   1.00000;
processing without aseg, no1d=0
MRInormInit(): 
INFO: Modifying talairach volume c_(r,a,s) based on average_305
MRInormalize(): 
MRIsplineNormalize(): npeaks = 18
Starting OpenSpline(): npoints = 18
building Voronoi diagram...
performing soap bubble smoothing, sigma = 8...

Iterating 2 times
---------------------------------
3d normalization pass 1 of 2
white matter peak found at 110
white matter peak found at 110
gm peak at 58 (58), valley at 38 (38)
csf peak at 30, setting threshold to 48
building Voronoi diagram...
performing soap bubble smoothing, sigma = 8...
---------------------------------
3d normalization pass 2 of 2
white matter peak found at 110
white matter peak found at 110
gm peak at 60 (60), valley at 41 (41)
csf peak at 31, setting threshold to 50
building Voronoi diagram...
performing soap bubble smoothing, sigma = 8...
Done iterating ---------------------------------
writing output to T1.mgz
3D bias adjustment took 1 minutes and 27 seconds.

Started at Fri Mar 6 13:41:20 CET 2026 
Ended   at Fri Mar 6 13:50:34 CET 2026
#@#%# recon-all-run-time-hours 0.154
recon-all -s sub-v1s10x0051099_ses-1 finished without error at Fri Mar  6 13:50:34 CET 2026



#New# invocation of recon-all 




Fri Mar  6 13:57:22 CET 2026
cd /out/sourcedata/freesurfer/sub-v1s10x0051099_ses-1
setenv SUBJECTS_DIR /out/sourcedata/freesurfer
/opt/freesurfer/bin/recon-all -openmp 16 -subjid sub-v1s10x0051099_ses-1 -sd /out/sourcedata/freesurfer -gcareg

subjid sub-v1s10x0051099_ses-1
setenv SUBJECTS_DIR /out/sourcedata/freesurfer
FREESURFER_HOME /opt/freesurfer
Actual FREESURFER_HOME /opt/freesurfer
build-stamp.txt: freesurfer-linux-ubuntu22_x86_64-7.3.2-20220804-6354275
Linux dna042 5.14.0-427.37.1.el9_4.x86_64 #1 SMP PREEMPT_DYNAMIC Fri Sep 13 12:41:50 EDT 2024 x86_64 x86_64 x86_64 GNU/Linux
cputime      unlimited
filesize     unlimited
datasize     unlimited
stacksize    8192 kbytes
coredumpsize 0 kbytes
memoryuse    67108864 kbytes
vmemoryuse   unlimited
descriptors  1024 
memorylocked unlimited
maxproc      2061970 
maxlocks     unlimited
maxsignal    4126352 
maxmessage   819200 
maxnice      0 
maxrtprio    0 
maxrttime    unlimited

               total        used        free      shared  buff/cache   available
Mem:           1.0Ti        50Gi       732Gi       6.7Gi       224Gi       944Gi
Swap:             0B          0B          0B

########################################
program versions used
7.3.2 (freesurfer-linux-ubuntu22_x86_64-7.3.2-20220804-6354275)
7.3.2

ProgramName: lta_convert  ProgramArguments: lta_convert -all-info  ProgramVersion: 7.3.2  TimeStamp: 2026/03/06-12:57:22-GMT  BuildTime: Aug  4 2022 06:17:15  BuildStamp: freesurfer-linux-ubuntu22_x86_64-7.3.2-20220804-6354275  User: oesteban  Machine: dna042  Platform: Linux  PlatformVersion: 5.14.0-427.37.1.el9_4.x86_64  CompilerName: GCC  CompilerVersion: 8.4.0
ProgramName: mri_and  ProgramArguments: mri_and -all-info  ProgramVersion: 7.3.2  TimeStamp: 2026/03/06-12:57:22-GMT  BuildTime: Aug  4 2022 06:17:15  BuildStamp: freesurfer-linux-ubuntu22_x86_64-7.3.2-20220804-6354275  User: oesteban  Machine: dna042  Platform: Linux  PlatformVersion: 5.14.0-427.37.1.el9_4.x86_64  CompilerName: GCC  CompilerVersion: 8.4.0
ProgramName: mri_annotation2label  ProgramArguments: mri_annotation2label -all-info  ProgramVersion: 7.3.2  TimeStamp: 2026/03/06-12:57:22-GMT  BuildTime: Aug  4 2022 06:17:15  BuildStamp: freesurfer-linux-ubuntu22_x86_64-7.3.2-20220804-6354275  User: oesteban  Machine: dna042  Platform: Linux  PlatformVersion: 5.14.0-427.37.1.el9_4.x86_64  CompilerName: GCC  CompilerVersion: 8.4.0
ProgramName: mri_aparc2aseg  ProgramArguments: mri_aparc2aseg -all-info  ProgramVersion: 7.3.2  TimeStamp: 2026/03/06-12:57:22-GMT  BuildTime: Aug  4 2022 06:17:15  BuildStamp: freesurfer-linux-ubuntu22_x86_64-7.3.2-20220804-6354275  User: oesteban  Machine: dna042  Platform: Linux  PlatformVersion: 5.14.0-427.37.1.el9_4.x86_64  CompilerName: GCC  CompilerVersion: 8.4.0
ProgramName: mri_surf2volseg  ProgramArguments: mri_surf2volseg -all-info  ProgramVersion: 7.3.2  TimeStamp: 2026/03/06-12:57:22-GMT  BuildTime: Aug  4 2022 06:17:15  BuildStamp: freesurfer-linux-ubuntu22_x86_64-7.3.2-20220804-6354275  User: oesteban  Machine: dna042  Platform: Linux  PlatformVersion: 5.14.0-427.37.1.el9_4.x86_64  CompilerName: GCC  CompilerVersion: 8.4.0
ProgramName: mri_binarize  ProgramArguments: mri_binarize -all-info  ProgramVersion: 7.3.2  TimeStamp: 2026/03/06-12:57:22-GMT  BuildTime: Aug  4 2022 06:17:15  BuildStamp: freesurfer-linux-ubuntu22_x86_64-7.3.2-20220804-6354275  User: oesteban  Machine: dna042  Platform: Linux  PlatformVersion: 5.14.0-427.37.1.el9_4.x86_64  CompilerName: GCC  CompilerVersion: 8.4.0
ProgramName: mri_ca_label  ProgramArguments: mri_ca_label -all-info  ProgramVersion: 7.3.2  TimeStamp: 2026/03/06-12:57:22-GMT  BuildTime: Aug  4 2022 06:17:15  BuildStamp: freesurfer-linux-ubuntu22_x86_64-7.3.2-20220804-6354275  User: oesteban  Machine: dna042  Platform: Linux  PlatformVersion: 5.14.0-427.37.1.el9_4.x86_64  CompilerName: GCC  CompilerVersion: 8.4.0
ProgramName: mri_ca_normalize  ProgramArguments: mri_ca_normalize -all-info  ProgramVersion: 7.3.2  TimeStamp: 2026/03/06-12:57:22-GMT  BuildTime: Aug  4 2022 06:17:15  BuildStamp: freesurfer-linux-ubuntu22_x86_64-7.3.2-20220804-6354275  User: oesteban  Machine: dna042  Platform: Linux  PlatformVersion: 5.14.0-427.37.1.el9_4.x86_64  CompilerName: GCC  CompilerVersion: 8.4.0
ProgramName: mri_ca_register  ProgramArguments: mri_ca_register -all-info  ProgramVersion: 7.3.2  TimeStamp: 2026/03/06-12:57:22-GMT  BuildTime: Aug  4 2022 06:17:15  BuildStamp: freesurfer-linux-ubuntu22_x86_64-7.3.2-20220804-6354275  User: oesteban  Machine: dna042  Platform: Linux  PlatformVersion: 5.14.0-427.37.1.el9_4.x86_64  CompilerName: GCC  CompilerVersion: 8.4.0
ProgramName: mri_cc  ProgramArguments: mri_cc -all-info  ProgramVersion: 7.3.2  TimeStamp: 2026/03/06-12:57:22-GMT  BuildTime: Aug  4 2022 06:17:15  BuildStamp: freesurfer-linux-ubuntu22_x86_64-7.3.2-20220804-6354275  User: oesteban  Machine: dna042  Platform: Linux  PlatformVersion: 5.14.0-427.37.1.el9_4.x86_64  CompilerName: GCC  CompilerVersion: 8.4.0
ProgramName: mri_compute_overlap  ProgramArguments: mri_compute_overlap -all-info  ProgramVersion: 7.3.2  TimeStamp: 2026/03/06-12:57:22-GMT  BuildTime: Aug  4 2022 06:17:15  BuildStamp: freesurfer-linux-ubuntu22_x86_64-7.3.2-20220804-6354275  User: oesteban  Machine: dna042  Platform: Linux  PlatformVersion: 5.14.0-427.37.1.el9_4.x86_64  CompilerName: GCC  CompilerVersion: 8.4.0
ProgramName: mri_compute_seg_overlap  ProgramArguments: mri_compute_seg_overlap -all-info  ProgramVersion: 7.3.2  TimeStamp: 2026/03/06-12:57:22-GMT  BuildTime: Aug  4 2022 06:17:15  BuildStamp: freesurfer-linux-ubuntu22_x86_64-7.3.2-20220804-6354275  User: oesteban  Machine: dna042  Platform: Linux  PlatformVersion: 5.14.0-427.37.1.el9_4.x86_64  CompilerName: GCC  CompilerVersion: 8.4.0
ProgramName: mri_concat  ProgramArguments: mri_concat -all-info  ProgramVersion: 7.3.2  TimeStamp: 2026/03/06-12:57:22-GMT  BuildTime: Aug  4 2022 06:17:15  BuildStamp: freesurfer-linux-ubuntu22_x86_64-7.3.2-20220804-6354275  User: oesteban  Machine: dna042  Platform: Linux  PlatformVersion: 5.14.0-427.37.1.el9_4.x86_64  CompilerName: GCC  CompilerVersion: 8.4.0
ProgramName: mri_concatenate_lta  ProgramArguments: mri_concatenate_lta -all-info  ProgramVersion: 7.3.2  TimeStamp: 2026/03/06-12:57:22-GMT  BuildTime: Aug  4 2022 06:17:15  BuildStamp: freesurfer-linux-ubuntu22_x86_64-7.3.2-20220804-6354275  User: oesteban  Machine: dna042  Platform: Linux  PlatformVersion: 5.14.0-427.37.1.el9_4.x86_64  CompilerName: GCC  CompilerVersion: 8.4.0
mri_convert -all-info 
ProgramName: mri_convert  ProgramArguments: mri_convert -all-info  ProgramVersion: 7.3.2  TimeStamp: 2026/03/06-12:57:22-GMT  BuildTime: Aug  4 2022 06:17:15  BuildStamp: freesurfer-linux-ubuntu22_x86_64-7.3.2-20220804-6354275  User: oesteban  Machine: dna042  Platform: Linux  PlatformVersion: 5.14.0-427.37.1.el9_4.x86_64  CompilerName: GCC  CompilerVersion: 8.4.0
ProgramName: mri_diff  ProgramArguments: mri_diff -all-info  ProgramVersion: 7.3.2  TimeStamp: 2026/03/06-12:57:22-GMT  BuildTime: Aug  4 2022 06:17:15  BuildStamp: freesurfer-linux-ubuntu22_x86_64-7.3.2-20220804-6354275  User: oesteban  Machine: dna042  Platform: Linux  PlatformVersion: 5.14.0-427.37.1.el9_4.x86_64  CompilerName: GCC  CompilerVersion: 8.4.0
ProgramName: mri_edit_wm_with_aseg  ProgramArguments: mri_edit_wm_with_aseg -all-info  ProgramVersion: 7.3.2  TimeStamp: 2026/03/06-12:57:22-GMT  BuildTime: Aug  4 2022 06:17:15  BuildStamp: freesurfer-linux-ubuntu22_x86_64-7.3.2-20220804-6354275  User: oesteban  Machine: dna042  Platform: Linux  PlatformVersion: 5.14.0-427.37.1.el9_4.x86_64  CompilerName: GCC  CompilerVersion: 8.4.0
ProgramName: mri_em_register  ProgramArguments: mri_em_register -all-info  ProgramVersion: 7.3.2  TimeStamp: 2026/03/06-12:57:22-GMT  BuildTime: Aug  4 2022 06:17:15  BuildStamp: freesurfer-linux-ubuntu22_x86_64-7.3.2-20220804-6354275  User: oesteban  Machine: dna042  Platform: Linux  PlatformVersion: 5.14.0-427.37.1.el9_4.x86_64  CompilerName: GCC  CompilerVersion: 8.4.0
ProgramName: mri_fill  ProgramArguments: mri_fill -all-info  ProgramVersion: 7.3.2  TimeStamp: 2026/03/06-12:57:22-GMT  BuildTime: Aug  4 2022 06:17:15  BuildStamp: freesurfer-linux-ubuntu22_x86_64-7.3.2-20220804-6354275  User: oesteban  Machine: dna042  Platform: Linux  PlatformVersion: 5.14.0-427.37.1.el9_4.x86_64  CompilerName: GCC  CompilerVersion: 8.4.0
ProgramName: mri_fuse_segmentations  ProgramArguments: mri_fuse_segmentations -all-info  ProgramVersion: 7.3.2  TimeStamp: 2026/03/06-12:57:22-GMT  BuildTime: Aug  4 2022 06:17:15  BuildStamp: freesurfer-linux-ubuntu22_x86_64-7.3.2-20220804-6354275  User: oesteban  Machine: dna042  Platform: Linux  PlatformVersion: 5.14.0-427.37.1.el9_4.x86_64  CompilerName: GCC  CompilerVersion: 8.4.0
ProgramName: mri_fwhm  ProgramArguments: mri_fwhm -all-info  ProgramVersion: 7.3.2  TimeStamp: 2026/03/06-12:57:22-GMT  BuildTime: Aug  4 2022 06:17:15  BuildStamp: freesurfer-linux-ubuntu22_x86_64-7.3.2-20220804-6354275  User: oesteban  Machine: dna042  Platform: Linux  PlatformVersion: 5.14.0-427.37.1.el9_4.x86_64  CompilerName: GCC  CompilerVersion: 8.4.0
ProgramName: mri_gcut  ProgramArguments: mri_gcut -all-info  ProgramVersion: 7.3.2  TimeStamp: 2026/03/06-12:57:22-GMT  BuildTime: Aug  4 2022 06:17:15  BuildStamp: freesurfer-linux-ubuntu22_x86_64-7.3.2-20220804-6354275  User: oesteban  Machine: dna042  Platform: Linux  PlatformVersion: 5.14.0-427.37.1.el9_4.x86_64  CompilerName: GCC  CompilerVersion: 8.4.0
ProgramName: mri_info  ProgramArguments: mri_info -all-info  ProgramVersion: 7.3.2  TimeStamp: 2026/03/06-12:57:22-GMT  BuildTime: Aug  4 2022 06:17:15  BuildStamp: freesurfer-linux-ubuntu22_x86_64-7.3.2-20220804-6354275  User: oesteban  Machine: dna042  Platform: Linux  PlatformVersion: 5.14.0-427.37.1.el9_4.x86_64  CompilerName: GCC  CompilerVersion: 8.4.0
ProgramName: mri_label2label  ProgramArguments: mri_label2label -all-info  ProgramVersion: 7.3.2  TimeStamp: 2026/03/06-12:57:22-GMT  BuildTime: Aug  4 2022 06:17:15  BuildStamp: freesurfer-linux-ubuntu22_x86_64-7.3.2-20220804-6354275  User: oesteban  Machine: dna042  Platform: Linux  PlatformVersion: 5.14.0-427.37.1.el9_4.x86_64  CompilerName: GCC  CompilerVersion: 8.4.0
ProgramName: mri_label2vol  ProgramArguments: mri_label2vol -all-info  ProgramVersion: 7.3.2  TimeStamp: 2026/03/06-12:57:22-GMT  BuildTime: Aug  4 2022 06:17:15  BuildStamp: freesurfer-linux-ubuntu22_x86_64-7.3.2-20220804-6354275  User: oesteban  Machine: dna042  Platform: Linux  PlatformVersion: 5.14.0-427.37.1.el9_4.x86_64  CompilerName: GCC  CompilerVersion: 8.4.0
ProgramName: mri_log_likelihood  ProgramArguments: mri_log_likelihood -all-info  ProgramVersion: 7.3.2  TimeStamp: 2026/03/06-12:57:22-GMT  BuildTime: Aug  4 2022 06:17:15  BuildStamp: freesurfer-linux-ubuntu22_x86_64-7.3.2-20220804-6354275  User: oesteban  Machine: dna042  Platform: Linux  PlatformVersion: 5.14.0-427.37.1.el9_4.x86_64  CompilerName: GCC  CompilerVersion: 8.4.0
ProgramName: mri_mask  ProgramArguments: mri_mask -all-info  ProgramVersion: 7.3.2  TimeStamp: 2026/03/06-12:57:22-GMT  BuildTime: Aug  4 2022 06:17:15  BuildStamp: freesurfer-linux-ubuntu22_x86_64-7.3.2-20220804-6354275  User: oesteban  Machine: dna042  Platform: Linux  PlatformVersion: 5.14.0-427.37.1.el9_4.x86_64  CompilerName: GCC  CompilerVersion: 8.4.0
ProgramName: mri_matrix_multiply  ProgramArguments: mri_matrix_multiply -all-info  ProgramVersion: 7.3.2  TimeStamp: 2026/03/06-12:57:22-GMT  BuildTime: Aug  4 2022 06:17:15  BuildStamp: freesurfer-linux-ubuntu22_x86_64-7.3.2-20220804-6354275  User: oesteban  Machine: dna042  Platform: Linux  PlatformVersion: 5.14.0-427.37.1.el9_4.x86_64  CompilerName: GCC  CompilerVersion: 8.4.0
ProgramName: mri_normalize  ProgramArguments: mri_normalize -all-info  ProgramVersion: 7.3.2  TimeStamp: 2026/03/06-12:57:22-GMT  BuildTime: Aug  4 2022 06:17:15  BuildStamp: freesurfer-linux-ubuntu22_x86_64-7.3.2-20220804-6354275  User: oesteban  Machine: dna042  Platform: Linux  PlatformVersion: 5.14.0-427.37.1.el9_4.x86_64  CompilerName: GCC  CompilerVersion: 8.4.0
ProgramName: mri_normalize_tp2  ProgramArguments: mri_normalize_tp2 -all-info  ProgramVersion: 7.3.2  TimeStamp: 2026/03/06-12:57:22-GMT  BuildTime: Aug  4 2022 06:17:15  BuildStamp: freesurfer-linux-ubuntu22_x86_64-7.3.2-20220804-6354275  User: oesteban  Machine: dna042  Platform: Linux  PlatformVersion: 5.14.0-427.37.1.el9_4.x86_64  CompilerName: GCC  CompilerVersion: 8.4.0
ProgramName: mri_or  ProgramArguments: mri_or -all-info  ProgramVersion: 7.3.2  TimeStamp: 2026/03/06-12:57:22-GMT  BuildTime: Aug  4 2022 06:17:15  BuildStamp: freesurfer-linux-ubuntu22_x86_64-7.3.2-20220804-6354275  User: oesteban  Machine: dna042  Platform: Linux  PlatformVersion: 5.14.0-427.37.1.el9_4.x86_64  CompilerName: GCC  CompilerVersion: 8.4.0
ProgramName: mri_relabel_hypointensities  ProgramArguments: mri_relabel_hypointensities -all-info  ProgramVersion: 7.3.2  TimeStamp: 2026/03/06-12:57:22-GMT  BuildTime: Aug  4 2022 06:17:15  BuildStamp: freesurfer-linux-ubuntu22_x86_64-7.3.2-20220804-6354275  User: oesteban  Machine: dna042  Platform: Linux  PlatformVersion: 5.14.0-427.37.1.el9_4.x86_64  CompilerName: GCC  CompilerVersion: 8.4.0
ProgramName: mri_relabel_nonwm_hypos  ProgramArguments: mri_relabel_nonwm_hypos -all-info  ProgramVersion: 7.3.2  TimeStamp: 2026/03/06-12:57:22-GMT  BuildTime: Aug  4 2022 06:17:15  BuildStamp: freesurfer-linux-ubuntu22_x86_64-7.3.2-20220804-6354275  User: oesteban  Machine: dna042  Platform: Linux  PlatformVersion: 5.14.0-427.37.1.el9_4.x86_64  CompilerName: GCC  CompilerVersion: 8.4.0
ProgramName: mri_remove_neck  ProgramArguments: mri_remove_neck -all-info  ProgramVersion: 7.3.2  TimeStamp: 2026/03/06-12:57:22-GMT  BuildTime: Aug  4 2022 06:17:15  BuildStamp: freesurfer-linux-ubuntu22_x86_64-7.3.2-20220804-6354275  User: oesteban  Machine: dna042  Platform: Linux  PlatformVersion: 5.14.0-427.37.1.el9_4.x86_64  CompilerName: GCC  CompilerVersion: 8.4.0
7.3.2

ProgramName: mri_robust_register  ProgramArguments: mri_robust_register -all-info  ProgramVersion: 7.3.2  TimeStamp: 2026/03/06-12:57:22-GMT  BuildTime: Aug  4 2022 06:17:15  BuildStamp: freesurfer-linux-ubuntu22_x86_64-7.3.2-20220804-6354275  User: oesteban  Machine: dna042  Platform: Linux  PlatformVersion: 5.14.0-427.37.1.el9_4.x86_64  CompilerName: GCC  CompilerVersion: 8.4.0
7.3.2

ProgramName: mri_robust_template  ProgramArguments: mri_robust_template -all-info  ProgramVersion: 7.3.2  TimeStamp: 2026/03/06-12:57:22-GMT  BuildTime: Aug  4 2022 06:17:15  BuildStamp: freesurfer-linux-ubuntu22_x86_64-7.3.2-20220804-6354275  User: oesteban  Machine: dna042  Platform: Linux  PlatformVersion: 5.14.0-427.37.1.el9_4.x86_64  CompilerName: GCC  CompilerVersion: 8.4.0
ProgramName: mris_anatomical_stats  ProgramArguments: mris_anatomical_stats -all-info  ProgramVersion: 7.3.2  TimeStamp: 2026/03/06-12:57:22-GMT  BuildTime: Aug  4 2022 06:17:15  BuildStamp: freesurfer-linux-ubuntu22_x86_64-7.3.2-20220804-6354275  User: oesteban  Machine: dna042  Platform: Linux  PlatformVersion: 5.14.0-427.37.1.el9_4.x86_64  CompilerName: GCC  CompilerVersion: 8.4.0
ProgramName: mris_ca_label  ProgramArguments: mris_ca_label -all-info  ProgramVersion: 7.3.2  TimeStamp: 2026/03/06-12:57:22-GMT  BuildTime: Aug  4 2022 06:17:15  BuildStamp: freesurfer-linux-ubuntu22_x86_64-7.3.2-20220804-6354275  User: oesteban  Machine: dna042  Platform: Linux  PlatformVersion: 5.14.0-427.37.1.el9_4.x86_64  CompilerName: GCC  CompilerVersion: 8.4.0
ProgramName: mris_calc  ProgramArguments: mris_calc -all-info  ProgramVersion: 7.3.2  TimeStamp: 2026/03/06-12:57:22-GMT  BuildTime: Aug  4 2022 06:17:15  BuildStamp: freesurfer-linux-ubuntu22_x86_64-7.3.2-20220804-6354275  User: oesteban  Machine: dna042  Platform: Linux  PlatformVersion: 5.14.0-427.37.1.el9_4.x86_64  CompilerName: GCC  CompilerVersion: 8.4.0
ProgramName: mris_convert  ProgramArguments: mris_convert -all-info  ProgramVersion: 7.3.2  TimeStamp: 2026/03/06-12:57:22-GMT  BuildTime: Aug  4 2022 06:17:15  BuildStamp: freesurfer-linux-ubuntu22_x86_64-7.3.2-20220804-6354275  User: oesteban  Machine: dna042  Platform: Linux  PlatformVersion: 5.14.0-427.37.1.el9_4.x86_64  CompilerName: GCC  CompilerVersion: 8.4.0
ProgramName: mris_curvature  ProgramArguments: mris_curvature -all-info  ProgramVersion: 7.3.2  TimeStamp: 2026/03/06-12:57:22-GMT  BuildTime: Aug  4 2022 06:17:15  BuildStamp: freesurfer-linux-ubuntu22_x86_64-7.3.2-20220804-6354275  User: oesteban  Machine: dna042  Platform: Linux  PlatformVersion: 5.14.0-427.37.1.el9_4.x86_64  CompilerName: GCC  CompilerVersion: 8.4.0
ProgramName: mris_curvature_stats  ProgramArguments: mris_curvature_stats -all-info  ProgramVersion: 7.3.2  TimeStamp: 2026/03/06-12:57:22-GMT  BuildTime: Aug  4 2022 06:17:15  BuildStamp: freesurfer-linux-ubuntu22_x86_64-7.3.2-20220804-6354275  User: oesteban  Machine: dna042  Platform: Linux  PlatformVersion: 5.14.0-427.37.1.el9_4.x86_64  CompilerName: GCC  CompilerVersion: 8.4.0
ProgramName: mris_diff  ProgramArguments: mris_diff -all-info  ProgramVersion: 7.3.2  TimeStamp: 2026/03/06-12:57:22-GMT  BuildTime: Aug  4 2022 06:17:15  BuildStamp: freesurfer-linux-ubuntu22_x86_64-7.3.2-20220804-6354275  User: oesteban  Machine: dna042  Platform: Linux  PlatformVersion: 5.14.0-427.37.1.el9_4.x86_64  CompilerName: GCC  CompilerVersion: 8.4.0
ProgramName: mris_divide_parcellation  ProgramArguments: mris_divide_parcellation -all-info  ProgramVersion: 7.3.2  TimeStamp: 2026/03/06-12:57:22-GMT  BuildTime: Aug  4 2022 06:17:15  BuildStamp: freesurfer-linux-ubuntu22_x86_64-7.3.2-20220804-6354275  User: oesteban  Machine: dna042  Platform: Linux  PlatformVersion: 5.14.0-427.37.1.el9_4.x86_64  CompilerName: GCC  CompilerVersion: 8.4.0
ProgramName: mri_segment  ProgramArguments: mri_segment -all-info  ProgramVersion: 7.3.2  TimeStamp: 2026/03/06-12:57:22-GMT  BuildTime: Aug  4 2022 06:17:15  BuildStamp: freesurfer-linux-ubuntu22_x86_64-7.3.2-20220804-6354275  User: oesteban  Machine: dna042  Platform: Linux  PlatformVersion: 5.14.0-427.37.1.el9_4.x86_64  CompilerName: GCC  CompilerVersion: 8.4.0
ProgramName: mri_segstats  ProgramArguments: mri_segstats -all-info  ProgramVersion: 7.3.2  TimeStamp: 2026/03/06-12:57:22-GMT  BuildTime: Aug  4 2022 06:17:15  BuildStamp: freesurfer-linux-ubuntu22_x86_64-7.3.2-20220804-6354275  User: oesteban  Machine: dna042  Platform: Linux  PlatformVersion: 5.14.0-427.37.1.el9_4.x86_64  CompilerName: GCC  CompilerVersion: 8.4.0
ProgramName: mris_euler_number  ProgramArguments: mris_euler_number -all-info  ProgramVersion: 7.3.2  TimeStamp: 2026/03/06-12:57:22-GMT  BuildTime: Aug  4 2022 06:17:15  BuildStamp: freesurfer-linux-ubuntu22_x86_64-7.3.2-20220804-6354275  User: oesteban  Machine: dna042  Platform: Linux  PlatformVersion: 5.14.0-427.37.1.el9_4.x86_64  CompilerName: GCC  CompilerVersion: 8.4.0
ProgramName: mris_fix_topology  ProgramArguments: mris_fix_topology -all-info  ProgramVersion: 7.3.2  TimeStamp: 2026/03/06-12:57:22-GMT  BuildTime: Aug  4 2022 06:17:15  BuildStamp: freesurfer-linux-ubuntu22_x86_64-7.3.2-20220804-6354275  User: oesteban  Machine: dna042  Platform: Linux  PlatformVersion: 5.14.0-427.37.1.el9_4.x86_64  CompilerName: GCC  CompilerVersion: 8.4.0
ProgramName: mris_topo_fixer  ProgramArguments: mris_topo_fixer -all-info  ProgramVersion: 7.3.2  TimeStamp: 2026/03/06-12:57:22-GMT  BuildTime: Aug  4 2022 06:17:15  BuildStamp: freesurfer-linux-ubuntu22_x86_64-7.3.2-20220804-6354275  User: oesteban  Machine: dna042  Platform: Linux  PlatformVersion: 5.14.0-427.37.1.el9_4.x86_64  CompilerName: GCC  CompilerVersion: 8.4.0
ProgramName: mris_jacobian  ProgramArguments: mris_jacobian -all-info  ProgramVersion: 7.3.2  TimeStamp: 2026/03/06-12:57:22-GMT  BuildTime: Aug  4 2022 06:17:15  BuildStamp: freesurfer-linux-ubuntu22_x86_64-7.3.2-20220804-6354275  User: oesteban  Machine: dna042  Platform: Linux  PlatformVersion: 5.14.0-427.37.1.el9_4.x86_64  CompilerName: GCC  CompilerVersion: 8.4.0
ProgramName: mris_label2annot  ProgramArguments: mris_label2annot -all-info  ProgramVersion: 7.3.2  TimeStamp: 2026/03/06-12:57:22-GMT  BuildTime: Aug  4 2022 06:17:15  BuildStamp: freesurfer-linux-ubuntu22_x86_64-7.3.2-20220804-6354275  User: oesteban  Machine: dna042  Platform: Linux  PlatformVersion: 5.14.0-427.37.1.el9_4.x86_64  CompilerName: GCC  CompilerVersion: 8.4.0
ProgramName: mris_left_right_register  ProgramArguments: mris_left_right_register -all-info  ProgramVersion: 7.3.2  TimeStamp: 2026/03/06-12:57:22-GMT  BuildTime: Aug  4 2022 06:17:15  BuildStamp: freesurfer-linux-ubuntu22_x86_64-7.3.2-20220804-6354275  User: oesteban  Machine: dna042  Platform: Linux  PlatformVersion: 5.14.0-427.37.1.el9_4.x86_64  CompilerName: GCC  CompilerVersion: 8.4.0
ProgramName: mris_place_surface  ProgramArguments: mris_place_surface -all-info  ProgramVersion: 7.3.2  TimeStamp: 2026/03/06-12:57:23-GMT  BuildTime: Aug  4 2022 06:17:15  BuildStamp: freesurfer-linux-ubuntu22_x86_64-7.3.2-20220804-6354275  User: oesteban  Machine: dna042  Platform: Linux  PlatformVersion: 5.14.0-427.37.1.el9_4.x86_64  CompilerName: GCC  CompilerVersion: 8.4.0
ProgramName: mrisp_paint  ProgramArguments: mrisp_paint -all-info  ProgramVersion: 7.3.2  TimeStamp: 2026/03/06-12:57:23-GMT  BuildTime: Aug  4 2022 06:17:15  BuildStamp: freesurfer-linux-ubuntu22_x86_64-7.3.2-20220804-6354275  User: oesteban  Machine: dna042  Platform: Linux  PlatformVersion: 5.14.0-427.37.1.el9_4.x86_64  CompilerName: GCC  CompilerVersion: 8.4.0
ProgramName: mris_register  ProgramArguments: mris_register -all-info  ProgramVersion: 7.3.2  TimeStamp: 2026/03/06-12:57:23-GMT  BuildTime: Aug  4 2022 06:17:15  BuildStamp: freesurfer-linux-ubuntu22_x86_64-7.3.2-20220804-6354275  User: oesteban  Machine: dna042  Platform: Linux  PlatformVersion: 5.14.0-427.37.1.el9_4.x86_64  CompilerName: GCC  CompilerVersion: 8.4.0
ProgramName: mris_smooth  ProgramArguments: mris_smooth -all-info  ProgramVersion: 7.3.2  TimeStamp: 2026/03/06-12:57:23-GMT  BuildTime: Aug  4 2022 06:17:15  BuildStamp: freesurfer-linux-ubuntu22_x86_64-7.3.2-20220804-6354275  User: oesteban  Machine: dna042  Platform: Linux  PlatformVersion: 5.14.0-427.37.1.el9_4.x86_64  CompilerName: GCC  CompilerVersion: 8.4.0
ProgramName: mris_sphere  ProgramArguments: mris_sphere -all-info  ProgramVersion: 7.3.2  TimeStamp: 2026/03/06-12:57:23-GMT  BuildTime: Aug  4 2022 06:17:15  BuildStamp: freesurfer-linux-ubuntu22_x86_64-7.3.2-20220804-6354275  User: oesteban  Machine: dna042  Platform: Linux  PlatformVersion: 5.14.0-427.37.1.el9_4.x86_64  CompilerName: GCC  CompilerVersion: 8.4.0
ProgramName: mris_surface_stats  ProgramArguments: mris_surface_stats -all-info  ProgramVersion: 7.3.2  TimeStamp: 2026/03/06-12:57:23-GMT  BuildTime: Aug  4 2022 06:17:15  BuildStamp: freesurfer-linux-ubuntu22_x86_64-7.3.2-20220804-6354275  User: oesteban  Machine: dna042  Platform: Linux  PlatformVersion: 5.14.0-427.37.1.el9_4.x86_64  CompilerName: GCC  CompilerVersion: 8.4.0
ProgramName: mri_stats2seg  ProgramArguments: mri_stats2seg -all-info  ProgramVersion: 7.3.2  TimeStamp: 2026/03/06-12:57:23-GMT  BuildTime: Aug  4 2022 06:17:15  BuildStamp: freesurfer-linux-ubuntu22_x86_64-7.3.2-20220804-6354275  User: oesteban  Machine: dna042  Platform: Linux  PlatformVersion: 5.14.0-427.37.1.el9_4.x86_64  CompilerName: GCC  CompilerVersion: 8.4.0
ProgramName: mris_thickness  ProgramArguments: mris_thickness -all-info  ProgramVersion: 7.3.2  TimeStamp: 2026/03/06-12:57:23-GMT  BuildTime: Aug  4 2022 06:17:15  BuildStamp: freesurfer-linux-ubuntu22_x86_64-7.3.2-20220804-6354275  User: oesteban  Machine: dna042  Platform: Linux  PlatformVersion: 5.14.0-427.37.1.el9_4.x86_64  CompilerName: GCC  CompilerVersion: 8.4.0
ProgramName: mris_thickness_diff  ProgramArguments: mris_thickness_diff -all-info  ProgramVersion: 7.3.2  TimeStamp: 2026/03/06-12:57:23-GMT  BuildTime: Aug  4 2022 06:17:15  BuildStamp: freesurfer-linux-ubuntu22_x86_64-7.3.2-20220804-6354275  User: oesteban  Machine: dna042  Platform: Linux  PlatformVersion: 5.14.0-427.37.1.el9_4.x86_64  CompilerName: GCC  CompilerVersion: 8.4.0
ProgramName: mris_topo_fixer  ProgramArguments: mris_topo_fixer -all-info  ProgramVersion: 7.3.2  TimeStamp: 2026/03/06-12:57:23-GMT  BuildTime: Aug  4 2022 06:17:15  BuildStamp: freesurfer-linux-ubuntu22_x86_64-7.3.2-20220804-6354275  User: oesteban  Machine: dna042  Platform: Linux  PlatformVersion: 5.14.0-427.37.1.el9_4.x86_64  CompilerName: GCC  CompilerVersion: 8.4.0
ProgramName: mri_surf2surf  ProgramArguments: mri_surf2surf -all-info  ProgramVersion: 7.3.2  TimeStamp: 2026/03/06-12:57:23-GMT  BuildTime: Aug  4 2022 06:17:15  BuildStamp: freesurfer-linux-ubuntu22_x86_64-7.3.2-20220804-6354275  User: oesteban  Machine: dna042  Platform: Linux  PlatformVersion: 5.14.0-427.37.1.el9_4.x86_64  CompilerName: GCC  CompilerVersion: 8.4.0
ProgramName: mri_surf2vol  ProgramArguments: mri_surf2vol -all-info  ProgramVersion: 7.3.2  TimeStamp: 2026/03/06-12:57:23-GMT  BuildTime: Aug  4 2022 06:17:15  BuildStamp: freesurfer-linux-ubuntu22_x86_64-7.3.2-20220804-6354275  User: oesteban  Machine: dna042  Platform: Linux  PlatformVersion: 5.14.0-427.37.1.el9_4.x86_64  CompilerName: GCC  CompilerVersion: 8.4.0
ProgramName: mri_surfcluster  ProgramArguments: mri_surfcluster -all-info  ProgramVersion: 7.3.2  TimeStamp: 2026/03/06-12:57:23-GMT  BuildTime: Aug  4 2022 06:17:15  BuildStamp: freesurfer-linux-ubuntu22_x86_64-7.3.2-20220804-6354275  User: oesteban  Machine: dna042  Platform: Linux  PlatformVersion: 5.14.0-427.37.1.el9_4.x86_64  CompilerName: GCC  CompilerVersion: 8.4.0
ProgramName: mris_volmask  ProgramArguments: mris_volmask -all-info  ProgramVersion: 7.3.2  TimeStamp: 2026/03/06-12:57:23-GMT  BuildTime: Aug  4 2022 06:17:15  BuildStamp: freesurfer-linux-ubuntu22_x86_64-7.3.2-20220804-6354275  User: oesteban  Machine: dna042  Platform: Linux  PlatformVersion: 5.14.0-427.37.1.el9_4.x86_64  CompilerName: GCC  CompilerVersion: 8.4.0
ProgramName: mri_tessellate  ProgramArguments: mri_tessellate -all-info  ProgramVersion: 7.3.2  TimeStamp: 2026/03/06-12:57:23-GMT  BuildTime: Aug  4 2022 06:17:15  BuildStamp: freesurfer-linux-ubuntu22_x86_64-7.3.2-20220804-6354275  User: oesteban  Machine: dna042  Platform: Linux  PlatformVersion: 5.14.0-427.37.1.el9_4.x86_64  CompilerName: GCC  CompilerVersion: 8.4.0
ProgramName: mri_vol2surf  ProgramArguments: mri_vol2surf -all-info  ProgramVersion: 7.3.2  TimeStamp: 2026/03/06-12:57:23-GMT  BuildTime: Aug  4 2022 06:17:15  BuildStamp: freesurfer-linux-ubuntu22_x86_64-7.3.2-20220804-6354275  User: oesteban  Machine: dna042  Platform: Linux  PlatformVersion: 5.14.0-427.37.1.el9_4.x86_64  CompilerName: GCC  CompilerVersion: 8.4.0
ProgramName: mri_vol2vol  ProgramArguments: mri_vol2vol -all-info  ProgramVersion: 7.3.2  TimeStamp: 2026/03/06-12:57:23-GMT  BuildTime: Aug  4 2022 06:17:15  BuildStamp: freesurfer-linux-ubuntu22_x86_64-7.3.2-20220804-6354275  User: oesteban  Machine: dna042  Platform: Linux  PlatformVersion: 5.14.0-427.37.1.el9_4.x86_64  CompilerName: GCC  CompilerVersion: 8.4.0
ProgramName: mri_voldiff  ProgramArguments: mri_voldiff -all-info  ProgramVersion: 7.3.2  TimeStamp: 2026/03/06-12:57:23-GMT  BuildTime: Aug  4 2022 06:17:15  BuildStamp: freesurfer-linux-ubuntu22_x86_64-7.3.2-20220804-6354275  User: oesteban  Machine: dna042  Platform: Linux  PlatformVersion: 5.14.0-427.37.1.el9_4.x86_64  CompilerName: GCC  CompilerVersion: 8.4.0
ProgramName: mri_watershed  ProgramArguments: mri_watershed -all-info  ProgramVersion: 7.3.2  TimeStamp: 2026/03/06-12:57:23-GMT  BuildTime: Aug  4 2022 06:17:15  BuildStamp: freesurfer-linux-ubuntu22_x86_64-7.3.2-20220804-6354275  User: oesteban  Machine: dna042  Platform: Linux  PlatformVersion: 5.14.0-427.37.1.el9_4.x86_64  CompilerName: GCC  CompilerVersion: 8.4.0
ProgramName: tkregister2  ProgramArguments: tkregister2_cmdl -all-info  ProgramVersion: 7.3.2  TimeStamp: 2026/03/06-12:57:23-GMT  BuildTime: Aug  4 2022 06:17:15  BuildStamp: freesurfer-linux-ubuntu22_x86_64-7.3.2-20220804-6354275  User: oesteban  Machine: dna042  Platform: Linux  PlatformVersion: 5.14.0-427.37.1.el9_4.x86_64  CompilerName: GCC  CompilerVersion: 8.4.0
mri_motion_correct.fsl 7.3.2
mri_convert -all-info 
ProgramName: mri_convert  ProgramArguments: mri_convert -all-info  ProgramVersion: 7.3.2  TimeStamp: 2026/03/06-12:57:23-GMT  BuildTime: Aug  4 2022 06:17:15  BuildStamp: freesurfer-linux-ubuntu22_x86_64-7.3.2-20220804-6354275  User: oesteban  Machine: dna042  Platform: Linux  PlatformVersion: 5.14.0-427.37.1.el9_4.x86_64  CompilerName: GCC  CompilerVersion: 8.4.0
Program nu_correct, built from:
Package MNI N3, version 1.12.0, compiled by nicks@terrier (x86_64-unknown-linux-gnu) on 2015-06-19 at 01:25:34
#######################################
GCADIR /opt/freesurfer/average
GCA RB_all_2020-01-02.gca
GCASkull RB_all_withskull_2020_01_02.gca
AvgCurvTif folding.atlas.acfb40.noaparc.i12.2016-08-02.tif
GCSDIR /opt/freesurfer/average
GCS DKaparc.atlas.acfb40.noaparc.i12.2016-08-02.gcs
#######################################
#-------------------------------------
#@# EM Registration Fri Mar  6 13:57:23 CET 2026
/out/sourcedata/freesurfer/sub-v1s10x0051099_ses-1/mri

 mri_em_register -uns 3 -mask brainmask.mgz nu.mgz /opt/freesurfer/average/RB_all_2020-01-02.gca transforms/talairach.lta 

setting unknown_nbr_spacing = 3
using MR volume brainmask.mgz to mask input volume...

== Number of threads available to mri_em_register for OpenMP = 16 == 
reading 1 input volumes...
logging results to talairach.log
reading '/opt/freesurfer/average/RB_all_2020-01-02.gca'...
GCAread took 0 minutes and 1 seconds.
average std = 7.2   using min determinant for regularization = 5.2
0 singular and 884 ill-conditioned covariance matrices regularized
reading 'nu.mgz'...
MRImask(): AllowDiffGeom = 1
MRImask(): AllowDiffGeom = 1
MRImask(): AllowDiffGeom = 1
MRImask(): AllowDiffGeom = 1
MRImask(): AllowDiffGeom = 1
freeing gibbs priors...done.
accounting for voxel sizes in initial transform
bounding unknown intensity as < 5.9 or > 519.0 
total sample mean = 79.1 (1017 zeros)
************************************************
spacing=8, using 2841 sample points, tol=1.00e-05...
************************************************
register_mri: find_optimal_transform
find_optimal_transform: nsamples 2841, passno 0, spacing 8
resetting wm mean[0]: 98 --> 107
resetting gm mean[0]: 61 --> 61
input volume #1 is the most T1-like
using real data threshold=24.9
skull bounding box = (66, 55, 33) --> (191, 189, 191)
finding center of left hemi white matter
using (108, 100, 112) as brain centroid of Right_Cerebral_White_Matter...
MRImask(): AllowDiffGeom = 1
mean wm in atlas = 107, using box (93,84,93) --> (123, 116,131) to find MRI wm
before smoothing, mri peak at 107
robust fit to distribution - 108 +- 3.5
after smoothing, mri peak at 108, scaling input intensities by 0.991
scaling channel 0 by 0.990741
initial log_p = -3.919
************************************************
First Search limited to translation only.
************************************************
max log p =    -3.915089 @ (0.000, 0.000, 0.000)
max log p =    -3.898082 @ (-5.263, -5.263, -5.263)
max log p =    -3.879499 @ (2.632, 2.632, 2.632)
max log p =    -3.856159 @ (-6.579, 1.316, -1.316)
max log p =    -3.828536 @ (5.921, 0.658, -0.658)
max log p =    -3.826380 @ (0.329, -1.645, 0.329)
max log p =    -3.826380 @ (0.000, 0.000, 0.000)
max log p =    -3.826380 @ (0.000, 0.000, 0.000)
Found translation: (-3.0, -2.3, -4.3): log p = -3.826
****************************************
Nine parameter search.  iteration 0 nscales = 0 ...
****************************************
Result so far: scale 1.000: max_log_p=-3.260, old_max_log_p =-3.826 (thresh=-3.8)
 1.14016   0.05242  -0.11993  -14.36612;
 0.00000   1.06753   0.42117  -49.21530;
 0.15011  -0.39816   0.91095   41.92737;
 0.00000   0.00000   0.00000   1.00000;
iteration took 0 minutes and 9 seconds.
****************************************
Nine parameter search.  iteration 1 nscales = 0 ...
****************************************
Result so far: scale 1.000: max_log_p=-3.260, old_max_log_p =-3.260 (thresh=-3.3)
 1.14016   0.05242  -0.11993  -14.36612;
 0.00000   1.06753   0.42117  -49.21530;
 0.15011  -0.39816   0.91095   41.92737;
 0.00000   0.00000   0.00000   1.00000;
reducing scale to 0.2500
iteration took 0 minutes and 9 seconds.
****************************************
Nine parameter search.  iteration 2 nscales = 1 ...
****************************************
Result so far: scale 0.250: max_log_p=-3.135, old_max_log_p =-3.260 (thresh=-3.3)
 1.12521   0.02575  -0.05892  -17.27047;
-0.00251   1.06030   0.38252  -44.16442;
 0.07799  -0.38061   0.96450   43.78320;
 0.00000   0.00000   0.00000   1.00000;
iteration took 0 minutes and 9 seconds.
****************************************
Nine parameter search.  iteration 3 nscales = 1 ...
****************************************
Result so far: scale 0.250: max_log_p=-3.127, old_max_log_p =-3.135 (thresh=-3.1)
 1.14631   0.02624  -0.06003  -19.97183;
-0.00251   1.06030   0.38252  -44.16442;
 0.07799  -0.38061   0.96450   43.78320;
 0.00000   0.00000   0.00000   1.00000;
iteration took 0 minutes and 9 seconds.
****************************************
Nine parameter search.  iteration 4 nscales = 1 ...
****************************************
Result so far: scale 0.250: max_log_p=-3.127, old_max_log_p =-3.127 (thresh=-3.1)
 1.14631   0.02624  -0.06003  -19.97183;
-0.00251   1.06030   0.38252  -44.16442;
 0.07799  -0.38061   0.96450   43.78320;
 0.00000   0.00000   0.00000   1.00000;
reducing scale to 0.0625
iteration took 0 minutes and 9 seconds.
****************************************
Nine parameter search.  iteration 5 nscales = 2 ...
****************************************
Result so far: scale 0.062: max_log_p=-3.090, old_max_log_p =-3.127 (thresh=-3.1)
 1.14656   0.05552  -0.05862  -23.13668;
-0.03004   1.05745   0.39215  -42.12413;
 0.08779  -0.38921   0.96202   43.78395;
 0.00000   0.00000   0.00000   1.00000;
iteration took 0 minutes and 9 seconds.
****************************************
Nine parameter search.  iteration 6 nscales = 2 ...
****************************************
Result so far: scale 0.062: max_log_p=-3.090, old_max_log_p =-3.090 (thresh=-3.1)
 1.14522   0.05546  -0.05855  -22.96097;
-0.03004   1.05745   0.39215  -42.12413;
 0.08779  -0.38921   0.96202   43.78395;
 0.00000   0.00000   0.00000   1.00000;
min search scale 0.025000 reached
***********************************************
Computing MAP estimate using 2841 samples...
***********************************************
dt = 5.00e-06, momentum=0.80, tol=1.00e-05
l_intensity = 1.0000
Aligning input volume to GCA...
Transform matrix
 1.14522   0.05546  -0.05855  -22.96097;
-0.03004   1.05745   0.39215  -42.12413;
 0.08779  -0.38921   0.96202   43.78395;
 0.00000   0.00000   0.00000   1.00000;
nsamples 2841
Quasinewton: input matrix
 1.14522   0.05546  -0.05855  -22.96097;
-0.03004   1.05745   0.39215  -42.12413;
 0.08779  -0.38921   0.96202   43.78395;
 0.00000   0.00000   0.00000   1.00000;
 IFLAG= -1  LINE SEARCH FAILED. SEE DOCUMENTATION OF ROUTINE MCSRCH ERROR RETURN OF LINE SEARCH: INFO= 3 POSSIBLE CAUSES: FUNCTION OR GRADIENT ARE INCORRECT OR INCORRECT TOLERANCESoutof QuasiNewtonEMA: 009: -log(p) =   -0.0  tol 0.000010
Resulting transform:
 1.14522   0.05546  -0.05855  -22.96097;
-0.03004   1.05745   0.39215  -42.12413;
 0.08779  -0.38921   0.96202   43.78395;
 0.00000   0.00000   0.00000   1.00000;

pass 1, spacing 8: log(p) = -3.090 (old=-3.919)
transform before final EM align:
 1.14522   0.05546  -0.05855  -22.96097;
-0.03004   1.05745   0.39215  -42.12413;
 0.08779  -0.38921   0.96202   43.78395;
 0.00000   0.00000   0.00000   1.00000;

**************************************************
 EM alignment process ...
 Computing final MAP estimate using 315638 samples. 
**************************************************
dt = 5.00e-06, momentum=0.80, tol=1.00e-07
l_intensity = 1.0000
Aligning input volume to GCA...
Transform matrix
 1.14522   0.05546  -0.05855  -22.96097;
-0.03004   1.05745   0.39215  -42.12413;
 0.08779  -0.38921   0.96202   43.78395;
 0.00000   0.00000   0.00000   1.00000;
nsamples 315638
Quasinewton: input matrix
 1.14522   0.05546  -0.05855  -22.96097;
-0.03004   1.05745   0.39215  -42.12413;
 0.08779  -0.38921   0.96202   43.78395;
 0.00000   0.00000   0.00000   1.00000;
 IFLAG= -1  LINE SEARCH FAILED. SEE DOCUMENTATION OF ROUTINE MCSRCH ERROR RETURN OF LINE SEARCH: INFO= 6 POSSIBLE CAUSES: FUNCTION OR GRADIENT ARE INCORRECT OR INCORRECT TOLERANCESoutof QuasiNewtonEMA: 011: -log(p) =    3.7  tol 0.000000
final transform:
 1.14522   0.05546  -0.05855  -22.96097;
-0.03004   1.05745   0.39215  -42.12413;
 0.08779  -0.38921   0.96202   43.78395;
 0.00000   0.00000   0.00000   1.00000;

writing output transformation to transforms/talairach.lta...
#VMPC# mri_em_register VmPeak  891284
FSRUNTIME@ mri_em_register  0.0259 hours 16 threads
registration took 1 minutes and 33 seconds.

Started at Fri Mar 6 13:57:22 CET 2026 
Ended   at Fri Mar 6 13:58:56 CET 2026
#@#%# recon-all-run-time-hours 0.026
recon-all -s sub-v1s10x0051099_ses-1 finished without error at Fri Mar  6 13:58:56 CET 2026



#New# invocation of recon-all 




Fri Mar  6 13:58:58 CET 2026
cd /out/sourcedata/freesurfer/sub-v1s10x0051099_ses-1
setenv SUBJECTS_DIR /out/sourcedata/freesurfer
/opt/freesurfer/bin/recon-all -autorecon2-volonly -openmp 16 -subjid sub-v1s10x0051099_ses-1 -sd /out/sourcedata/freesurfer -nogcareg

subjid sub-v1s10x0051099_ses-1
setenv SUBJECTS_DIR /out/sourcedata/freesurfer
FREESURFER_HOME /opt/freesurfer
Actual FREESURFER_HOME /opt/freesurfer
build-stamp.txt: freesurfer-linux-ubuntu22_x86_64-7.3.2-20220804-6354275
Linux dna042 5.14.0-427.37.1.el9_4.x86_64 #1 SMP PREEMPT_DYNAMIC Fri Sep 13 12:41:50 EDT 2024 x86_64 x86_64 x86_64 GNU/Linux
cputime      unlimited
filesize     unlimited
datasize     unlimited
stacksize    8192 kbytes
coredumpsize 0 kbytes
memoryuse    67108864 kbytes
vmemoryuse   unlimited
descriptors  1024 
memorylocked unlimited
maxproc      2061970 
maxlocks     unlimited
maxsignal    4126352 
maxmessage   819200 
maxnice      0 
maxrtprio    0 
maxrttime    unlimited

               total        used        free      shared  buff/cache   available
Mem:           1.0Ti        50Gi       732Gi       6.7Gi       224Gi       944Gi
Swap:             0B          0B          0B

########################################
program versions used
7.3.2 (freesurfer-linux-ubuntu22_x86_64-7.3.2-20220804-6354275)
7.3.2

ProgramName: lta_convert  ProgramArguments: lta_convert -all-info  ProgramVersion: 7.3.2  TimeStamp: 2026/03/06-12:58:58-GMT  BuildTime: Aug  4 2022 06:17:15  BuildStamp: freesurfer-linux-ubuntu22_x86_64-7.3.2-20220804-6354275  User: oesteban  Machine: dna042  Platform: Linux  PlatformVersion: 5.14.0-427.37.1.el9_4.x86_64  CompilerName: GCC  CompilerVersion: 8.4.0
ProgramName: mri_and  ProgramArguments: mri_and -all-info  ProgramVersion: 7.3.2  TimeStamp: 2026/03/06-12:58:58-GMT  BuildTime: Aug  4 2022 06:17:15  BuildStamp: freesurfer-linux-ubuntu22_x86_64-7.3.2-20220804-6354275  User: oesteban  Machine: dna042  Platform: Linux  PlatformVersion: 5.14.0-427.37.1.el9_4.x86_64  CompilerName: GCC  CompilerVersion: 8.4.0
ProgramName: mri_annotation2label  ProgramArguments: mri_annotation2label -all-info  ProgramVersion: 7.3.2  TimeStamp: 2026/03/06-12:58:58-GMT  BuildTime: Aug  4 2022 06:17:15  BuildStamp: freesurfer-linux-ubuntu22_x86_64-7.3.2-20220804-6354275  User: oesteban  Machine: dna042  Platform: Linux  PlatformVersion: 5.14.0-427.37.1.el9_4.x86_64  CompilerName: GCC  CompilerVersion: 8.4.0
ProgramName: mri_aparc2aseg  ProgramArguments: mri_aparc2aseg -all-info  ProgramVersion: 7.3.2  TimeStamp: 2026/03/06-12:58:58-GMT  BuildTime: Aug  4 2022 06:17:15  BuildStamp: freesurfer-linux-ubuntu22_x86_64-7.3.2-20220804-6354275  User: oesteban  Machine: dna042  Platform: Linux  PlatformVersion: 5.14.0-427.37.1.el9_4.x86_64  CompilerName: GCC  CompilerVersion: 8.4.0
ProgramName: mri_surf2volseg  ProgramArguments: mri_surf2volseg -all-info  ProgramVersion: 7.3.2  TimeStamp: 2026/03/06-12:58:58-GMT  BuildTime: Aug  4 2022 06:17:15  BuildStamp: freesurfer-linux-ubuntu22_x86_64-7.3.2-20220804-6354275  User: oesteban  Machine: dna042  Platform: Linux  PlatformVersion: 5.14.0-427.37.1.el9_4.x86_64  CompilerName: GCC  CompilerVersion: 8.4.0
ProgramName: mri_binarize  ProgramArguments: mri_binarize -all-info  ProgramVersion: 7.3.2  TimeStamp: 2026/03/06-12:58:58-GMT  BuildTime: Aug  4 2022 06:17:15  BuildStamp: freesurfer-linux-ubuntu22_x86_64-7.3.2-20220804-6354275  User: oesteban  Machine: dna042  Platform: Linux  PlatformVersion: 5.14.0-427.37.1.el9_4.x86_64  CompilerName: GCC  CompilerVersion: 8.4.0
ProgramName: mri_ca_label  ProgramArguments: mri_ca_label -all-info  ProgramVersion: 7.3.2  TimeStamp: 2026/03/06-12:58:58-GMT  BuildTime: Aug  4 2022 06:17:15  BuildStamp: freesurfer-linux-ubuntu22_x86_64-7.3.2-20220804-6354275  User: oesteban  Machine: dna042  Platform: Linux  PlatformVersion: 5.14.0-427.37.1.el9_4.x86_64  CompilerName: GCC  CompilerVersion: 8.4.0
ProgramName: mri_ca_normalize  ProgramArguments: mri_ca_normalize -all-info  ProgramVersion: 7.3.2  TimeStamp: 2026/03/06-12:58:58-GMT  BuildTime: Aug  4 2022 06:17:15  BuildStamp: freesurfer-linux-ubuntu22_x86_64-7.3.2-20220804-6354275  User: oesteban  Machine: dna042  Platform: Linux  PlatformVersion: 5.14.0-427.37.1.el9_4.x86_64  CompilerName: GCC  CompilerVersion: 8.4.0
ProgramName: mri_ca_register  ProgramArguments: mri_ca_register -all-info  ProgramVersion: 7.3.2  TimeStamp: 2026/03/06-12:58:58-GMT  BuildTime: Aug  4 2022 06:17:15  BuildStamp: freesurfer-linux-ubuntu22_x86_64-7.3.2-20220804-6354275  User: oesteban  Machine: dna042  Platform: Linux  PlatformVersion: 5.14.0-427.37.1.el9_4.x86_64  CompilerName: GCC  CompilerVersion: 8.4.0
ProgramName: mri_cc  ProgramArguments: mri_cc -all-info  ProgramVersion: 7.3.2  TimeStamp: 2026/03/06-12:58:58-GMT  BuildTime: Aug  4 2022 06:17:15  BuildStamp: freesurfer-linux-ubuntu22_x86_64-7.3.2-20220804-6354275  User: oesteban  Machine: dna042  Platform: Linux  PlatformVersion: 5.14.0-427.37.1.el9_4.x86_64  CompilerName: GCC  CompilerVersion: 8.4.0
ProgramName: mri_compute_overlap  ProgramArguments: mri_compute_overlap -all-info  ProgramVersion: 7.3.2  TimeStamp: 2026/03/06-12:58:58-GMT  BuildTime: Aug  4 2022 06:17:15  BuildStamp: freesurfer-linux-ubuntu22_x86_64-7.3.2-20220804-6354275  User: oesteban  Machine: dna042  Platform: Linux  PlatformVersion: 5.14.0-427.37.1.el9_4.x86_64  CompilerName: GCC  CompilerVersion: 8.4.0
ProgramName: mri_compute_seg_overlap  ProgramArguments: mri_compute_seg_overlap -all-info  ProgramVersion: 7.3.2  TimeStamp: 2026/03/06-12:58:58-GMT  BuildTime: Aug  4 2022 06:17:15  BuildStamp: freesurfer-linux-ubuntu22_x86_64-7.3.2-20220804-6354275  User: oesteban  Machine: dna042  Platform: Linux  PlatformVersion: 5.14.0-427.37.1.el9_4.x86_64  CompilerName: GCC  CompilerVersion: 8.4.0
ProgramName: mri_concat  ProgramArguments: mri_concat -all-info  ProgramVersion: 7.3.2  TimeStamp: 2026/03/06-12:58:58-GMT  BuildTime: Aug  4 2022 06:17:15  BuildStamp: freesurfer-linux-ubuntu22_x86_64-7.3.2-20220804-6354275  User: oesteban  Machine: dna042  Platform: Linux  PlatformVersion: 5.14.0-427.37.1.el9_4.x86_64  CompilerName: GCC  CompilerVersion: 8.4.0
ProgramName: mri_concatenate_lta  ProgramArguments: mri_concatenate_lta -all-info  ProgramVersion: 7.3.2  TimeStamp: 2026/03/06-12:58:58-GMT  BuildTime: Aug  4 2022 06:17:15  BuildStamp: freesurfer-linux-ubuntu22_x86_64-7.3.2-20220804-6354275  User: oesteban  Machine: dna042  Platform: Linux  PlatformVersion: 5.14.0-427.37.1.el9_4.x86_64  CompilerName: GCC  CompilerVersion: 8.4.0
mri_convert -all-info 
ProgramName: mri_convert  ProgramArguments: mri_convert -all-info  ProgramVersion: 7.3.2  TimeStamp: 2026/03/06-12:58:58-GMT  BuildTime: Aug  4 2022 06:17:15  BuildStamp: freesurfer-linux-ubuntu22_x86_64-7.3.2-20220804-6354275  User: oesteban  Machine: dna042  Platform: Linux  PlatformVersion: 5.14.0-427.37.1.el9_4.x86_64  CompilerName: GCC  CompilerVersion: 8.4.0
ProgramName: mri_diff  ProgramArguments: mri_diff -all-info  ProgramVersion: 7.3.2  TimeStamp: 2026/03/06-12:58:58-GMT  BuildTime: Aug  4 2022 06:17:15  BuildStamp: freesurfer-linux-ubuntu22_x86_64-7.3.2-20220804-6354275  User: oesteban  Machine: dna042  Platform: Linux  PlatformVersion: 5.14.0-427.37.1.el9_4.x86_64  CompilerName: GCC  CompilerVersion: 8.4.0
ProgramName: mri_edit_wm_with_aseg  ProgramArguments: mri_edit_wm_with_aseg -all-info  ProgramVersion: 7.3.2  TimeStamp: 2026/03/06-12:58:58-GMT  BuildTime: Aug  4 2022 06:17:15  BuildStamp: freesurfer-linux-ubuntu22_x86_64-7.3.2-20220804-6354275  User: oesteban  Machine: dna042  Platform: Linux  PlatformVersion: 5.14.0-427.37.1.el9_4.x86_64  CompilerName: GCC  CompilerVersion: 8.4.0
ProgramName: mri_em_register  ProgramArguments: mri_em_register -all-info  ProgramVersion: 7.3.2  TimeStamp: 2026/03/06-12:58:58-GMT  BuildTime: Aug  4 2022 06:17:15  BuildStamp: freesurfer-linux-ubuntu22_x86_64-7.3.2-20220804-6354275  User: oesteban  Machine: dna042  Platform: Linux  PlatformVersion: 5.14.0-427.37.1.el9_4.x86_64  CompilerName: GCC  CompilerVersion: 8.4.0
ProgramName: mri_fill  ProgramArguments: mri_fill -all-info  ProgramVersion: 7.3.2  TimeStamp: 2026/03/06-12:58:58-GMT  BuildTime: Aug  4 2022 06:17:15  BuildStamp: freesurfer-linux-ubuntu22_x86_64-7.3.2-20220804-6354275  User: oesteban  Machine: dna042  Platform: Linux  PlatformVersion: 5.14.0-427.37.1.el9_4.x86_64  CompilerName: GCC  CompilerVersion: 8.4.0
ProgramName: mri_fuse_segmentations  ProgramArguments: mri_fuse_segmentations -all-info  ProgramVersion: 7.3.2  TimeStamp: 2026/03/06-12:58:58-GMT  BuildTime: Aug  4 2022 06:17:15  BuildStamp: freesurfer-linux-ubuntu22_x86_64-7.3.2-20220804-6354275  User: oesteban  Machine: dna042  Platform: Linux  PlatformVersion: 5.14.0-427.37.1.el9_4.x86_64  CompilerName: GCC  CompilerVersion: 8.4.0
ProgramName: mri_fwhm  ProgramArguments: mri_fwhm -all-info  ProgramVersion: 7.3.2  TimeStamp: 2026/03/06-12:58:58-GMT  BuildTime: Aug  4 2022 06:17:15  BuildStamp: freesurfer-linux-ubuntu22_x86_64-7.3.2-20220804-6354275  User: oesteban  Machine: dna042  Platform: Linux  PlatformVersion: 5.14.0-427.37.1.el9_4.x86_64  CompilerName: GCC  CompilerVersion: 8.4.0
ProgramName: mri_gcut  ProgramArguments: mri_gcut -all-info  ProgramVersion: 7.3.2  TimeStamp: 2026/03/06-12:58:58-GMT  BuildTime: Aug  4 2022 06:17:15  BuildStamp: freesurfer-linux-ubuntu22_x86_64-7.3.2-20220804-6354275  User: oesteban  Machine: dna042  Platform: Linux  PlatformVersion: 5.14.0-427.37.1.el9_4.x86_64  CompilerName: GCC  CompilerVersion: 8.4.0
ProgramName: mri_info  ProgramArguments: mri_info -all-info  ProgramVersion: 7.3.2  TimeStamp: 2026/03/06-12:58:58-GMT  BuildTime: Aug  4 2022 06:17:15  BuildStamp: freesurfer-linux-ubuntu22_x86_64-7.3.2-20220804-6354275  User: oesteban  Machine: dna042  Platform: Linux  PlatformVersion: 5.14.0-427.37.1.el9_4.x86_64  CompilerName: GCC  CompilerVersion: 8.4.0
ProgramName: mri_label2label  ProgramArguments: mri_label2label -all-info  ProgramVersion: 7.3.2  TimeStamp: 2026/03/06-12:58:58-GMT  BuildTime: Aug  4 2022 06:17:15  BuildStamp: freesurfer-linux-ubuntu22_x86_64-7.3.2-20220804-6354275  User: oesteban  Machine: dna042  Platform: Linux  PlatformVersion: 5.14.0-427.37.1.el9_4.x86_64  CompilerName: GCC  CompilerVersion: 8.4.0
ProgramName: mri_label2vol  ProgramArguments: mri_label2vol -all-info  ProgramVersion: 7.3.2  TimeStamp: 2026/03/06-12:58:58-GMT  BuildTime: Aug  4 2022 06:17:15  BuildStamp: freesurfer-linux-ubuntu22_x86_64-7.3.2-20220804-6354275  User: oesteban  Machine: dna042  Platform: Linux  PlatformVersion: 5.14.0-427.37.1.el9_4.x86_64  CompilerName: GCC  CompilerVersion: 8.4.0
ProgramName: mri_log_likelihood  ProgramArguments: mri_log_likelihood -all-info  ProgramVersion: 7.3.2  TimeStamp: 2026/03/06-12:58:58-GMT  BuildTime: Aug  4 2022 06:17:15  BuildStamp: freesurfer-linux-ubuntu22_x86_64-7.3.2-20220804-6354275  User: oesteban  Machine: dna042  Platform: Linux  PlatformVersion: 5.14.0-427.37.1.el9_4.x86_64  CompilerName: GCC  CompilerVersion: 8.4.0
ProgramName: mri_mask  ProgramArguments: mri_mask -all-info  ProgramVersion: 7.3.2  TimeStamp: 2026/03/06-12:58:58-GMT  BuildTime: Aug  4 2022 06:17:15  BuildStamp: freesurfer-linux-ubuntu22_x86_64-7.3.2-20220804-6354275  User: oesteban  Machine: dna042  Platform: Linux  PlatformVersion: 5.14.0-427.37.1.el9_4.x86_64  CompilerName: GCC  CompilerVersion: 8.4.0
ProgramName: mri_matrix_multiply  ProgramArguments: mri_matrix_multiply -all-info  ProgramVersion: 7.3.2  TimeStamp: 2026/03/06-12:58:58-GMT  BuildTime: Aug  4 2022 06:17:15  BuildStamp: freesurfer-linux-ubuntu22_x86_64-7.3.2-20220804-6354275  User: oesteban  Machine: dna042  Platform: Linux  PlatformVersion: 5.14.0-427.37.1.el9_4.x86_64  CompilerName: GCC  CompilerVersion: 8.4.0
ProgramName: mri_normalize  ProgramArguments: mri_normalize -all-info  ProgramVersion: 7.3.2  TimeStamp: 2026/03/06-12:58:58-GMT  BuildTime: Aug  4 2022 06:17:15  BuildStamp: freesurfer-linux-ubuntu22_x86_64-7.3.2-20220804-6354275  User: oesteban  Machine: dna042  Platform: Linux  PlatformVersion: 5.14.0-427.37.1.el9_4.x86_64  CompilerName: GCC  CompilerVersion: 8.4.0
ProgramName: mri_normalize_tp2  ProgramArguments: mri_normalize_tp2 -all-info  ProgramVersion: 7.3.2  TimeStamp: 2026/03/06-12:58:59-GMT  BuildTime: Aug  4 2022 06:17:15  BuildStamp: freesurfer-linux-ubuntu22_x86_64-7.3.2-20220804-6354275  User: oesteban  Machine: dna042  Platform: Linux  PlatformVersion: 5.14.0-427.37.1.el9_4.x86_64  CompilerName: GCC  CompilerVersion: 8.4.0
ProgramName: mri_or  ProgramArguments: mri_or -all-info  ProgramVersion: 7.3.2  TimeStamp: 2026/03/06-12:58:59-GMT  BuildTime: Aug  4 2022 06:17:15  BuildStamp: freesurfer-linux-ubuntu22_x86_64-7.3.2-20220804-6354275  User: oesteban  Machine: dna042  Platform: Linux  PlatformVersion: 5.14.0-427.37.1.el9_4.x86_64  CompilerName: GCC  CompilerVersion: 8.4.0
ProgramName: mri_relabel_hypointensities  ProgramArguments: mri_relabel_hypointensities -all-info  ProgramVersion: 7.3.2  TimeStamp: 2026/03/06-12:58:59-GMT  BuildTime: Aug  4 2022 06:17:15  BuildStamp: freesurfer-linux-ubuntu22_x86_64-7.3.2-20220804-6354275  User: oesteban  Machine: dna042  Platform: Linux  PlatformVersion: 5.14.0-427.37.1.el9_4.x86_64  CompilerName: GCC  CompilerVersion: 8.4.0
ProgramName: mri_relabel_nonwm_hypos  ProgramArguments: mri_relabel_nonwm_hypos -all-info  ProgramVersion: 7.3.2  TimeStamp: 2026/03/06-12:58:59-GMT  BuildTime: Aug  4 2022 06:17:15  BuildStamp: freesurfer-linux-ubuntu22_x86_64-7.3.2-20220804-6354275  User: oesteban  Machine: dna042  Platform: Linux  PlatformVersion: 5.14.0-427.37.1.el9_4.x86_64  CompilerName: GCC  CompilerVersion: 8.4.0
ProgramName: mri_remove_neck  ProgramArguments: mri_remove_neck -all-info  ProgramVersion: 7.3.2  TimeStamp: 2026/03/06-12:58:59-GMT  BuildTime: Aug  4 2022 06:17:15  BuildStamp: freesurfer-linux-ubuntu22_x86_64-7.3.2-20220804-6354275  User: oesteban  Machine: dna042  Platform: Linux  PlatformVersion: 5.14.0-427.37.1.el9_4.x86_64  CompilerName: GCC  CompilerVersion: 8.4.0
7.3.2

ProgramName: mri_robust_register  ProgramArguments: mri_robust_register -all-info  ProgramVersion: 7.3.2  TimeStamp: 2026/03/06-12:58:59-GMT  BuildTime: Aug  4 2022 06:17:15  BuildStamp: freesurfer-linux-ubuntu22_x86_64-7.3.2-20220804-6354275  User: oesteban  Machine: dna042  Platform: Linux  PlatformVersion: 5.14.0-427.37.1.el9_4.x86_64  CompilerName: GCC  CompilerVersion: 8.4.0
7.3.2

ProgramName: mri_robust_template  ProgramArguments: mri_robust_template -all-info  ProgramVersion: 7.3.2  TimeStamp: 2026/03/06-12:58:59-GMT  BuildTime: Aug  4 2022 06:17:15  BuildStamp: freesurfer-linux-ubuntu22_x86_64-7.3.2-20220804-6354275  User: oesteban  Machine: dna042  Platform: Linux  PlatformVersion: 5.14.0-427.37.1.el9_4.x86_64  CompilerName: GCC  CompilerVersion: 8.4.0
ProgramName: mris_anatomical_stats  ProgramArguments: mris_anatomical_stats -all-info  ProgramVersion: 7.3.2  TimeStamp: 2026/03/06-12:58:59-GMT  BuildTime: Aug  4 2022 06:17:15  BuildStamp: freesurfer-linux-ubuntu22_x86_64-7.3.2-20220804-6354275  User: oesteban  Machine: dna042  Platform: Linux  PlatformVersion: 5.14.0-427.37.1.el9_4.x86_64  CompilerName: GCC  CompilerVersion: 8.4.0
ProgramName: mris_ca_label  ProgramArguments: mris_ca_label -all-info  ProgramVersion: 7.3.2  TimeStamp: 2026/03/06-12:58:59-GMT  BuildTime: Aug  4 2022 06:17:15  BuildStamp: freesurfer-linux-ubuntu22_x86_64-7.3.2-20220804-6354275  User: oesteban  Machine: dna042  Platform: Linux  PlatformVersion: 5.14.0-427.37.1.el9_4.x86_64  CompilerName: GCC  CompilerVersion: 8.4.0
ProgramName: mris_calc  ProgramArguments: mris_calc -all-info  ProgramVersion: 7.3.2  TimeStamp: 2026/03/06-12:58:59-GMT  BuildTime: Aug  4 2022 06:17:15  BuildStamp: freesurfer-linux-ubuntu22_x86_64-7.3.2-20220804-6354275  User: oesteban  Machine: dna042  Platform: Linux  PlatformVersion: 5.14.0-427.37.1.el9_4.x86_64  CompilerName: GCC  CompilerVersion: 8.4.0
ProgramName: mris_convert  ProgramArguments: mris_convert -all-info  ProgramVersion: 7.3.2  TimeStamp: 2026/03/06-12:58:59-GMT  BuildTime: Aug  4 2022 06:17:15  BuildStamp: freesurfer-linux-ubuntu22_x86_64-7.3.2-20220804-6354275  User: oesteban  Machine: dna042  Platform: Linux  PlatformVersion: 5.14.0-427.37.1.el9_4.x86_64  CompilerName: GCC  CompilerVersion: 8.4.0
ProgramName: mris_curvature  ProgramArguments: mris_curvature -all-info  ProgramVersion: 7.3.2  TimeStamp: 2026/03/06-12:58:59-GMT  BuildTime: Aug  4 2022 06:17:15  BuildStamp: freesurfer-linux-ubuntu22_x86_64-7.3.2-20220804-6354275  User: oesteban  Machine: dna042  Platform: Linux  PlatformVersion: 5.14.0-427.37.1.el9_4.x86_64  CompilerName: GCC  CompilerVersion: 8.4.0
ProgramName: mris_curvature_stats  ProgramArguments: mris_curvature_stats -all-info  ProgramVersion: 7.3.2  TimeStamp: 2026/03/06-12:58:59-GMT  BuildTime: Aug  4 2022 06:17:15  BuildStamp: freesurfer-linux-ubuntu22_x86_64-7.3.2-20220804-6354275  User: oesteban  Machine: dna042  Platform: Linux  PlatformVersion: 5.14.0-427.37.1.el9_4.x86_64  CompilerName: GCC  CompilerVersion: 8.4.0
ProgramName: mris_diff  ProgramArguments: mris_diff -all-info  ProgramVersion: 7.3.2  TimeStamp: 2026/03/06-12:58:59-GMT  BuildTime: Aug  4 2022 06:17:15  BuildStamp: freesurfer-linux-ubuntu22_x86_64-7.3.2-20220804-6354275  User: oesteban  Machine: dna042  Platform: Linux  PlatformVersion: 5.14.0-427.37.1.el9_4.x86_64  CompilerName: GCC  CompilerVersion: 8.4.0
ProgramName: mris_divide_parcellation  ProgramArguments: mris_divide_parcellation -all-info  ProgramVersion: 7.3.2  TimeStamp: 2026/03/06-12:58:59-GMT  BuildTime: Aug  4 2022 06:17:15  BuildStamp: freesurfer-linux-ubuntu22_x86_64-7.3.2-20220804-6354275  User: oesteban  Machine: dna042  Platform: Linux  PlatformVersion: 5.14.0-427.37.1.el9_4.x86_64  CompilerName: GCC  CompilerVersion: 8.4.0
ProgramName: mri_segment  ProgramArguments: mri_segment -all-info  ProgramVersion: 7.3.2  TimeStamp: 2026/03/06-12:58:59-GMT  BuildTime: Aug  4 2022 06:17:15  BuildStamp: freesurfer-linux-ubuntu22_x86_64-7.3.2-20220804-6354275  User: oesteban  Machine: dna042  Platform: Linux  PlatformVersion: 5.14.0-427.37.1.el9_4.x86_64  CompilerName: GCC  CompilerVersion: 8.4.0
ProgramName: mri_segstats  ProgramArguments: mri_segstats -all-info  ProgramVersion: 7.3.2  TimeStamp: 2026/03/06-12:58:59-GMT  BuildTime: Aug  4 2022 06:17:15  BuildStamp: freesurfer-linux-ubuntu22_x86_64-7.3.2-20220804-6354275  User: oesteban  Machine: dna042  Platform: Linux  PlatformVersion: 5.14.0-427.37.1.el9_4.x86_64  CompilerName: GCC  CompilerVersion: 8.4.0
ProgramName: mris_euler_number  ProgramArguments: mris_euler_number -all-info  ProgramVersion: 7.3.2  TimeStamp: 2026/03/06-12:58:59-GMT  BuildTime: Aug  4 2022 06:17:15  BuildStamp: freesurfer-linux-ubuntu22_x86_64-7.3.2-20220804-6354275  User: oesteban  Machine: dna042  Platform: Linux  PlatformVersion: 5.14.0-427.37.1.el9_4.x86_64  CompilerName: GCC  CompilerVersion: 8.4.0
ProgramName: mris_fix_topology  ProgramArguments: mris_fix_topology -all-info  ProgramVersion: 7.3.2  TimeStamp: 2026/03/06-12:58:59-GMT  BuildTime: Aug  4 2022 06:17:15  BuildStamp: freesurfer-linux-ubuntu22_x86_64-7.3.2-20220804-6354275  User: oesteban  Machine: dna042  Platform: Linux  PlatformVersion: 5.14.0-427.37.1.el9_4.x86_64  CompilerName: GCC  CompilerVersion: 8.4.0
ProgramName: mris_topo_fixer  ProgramArguments: mris_topo_fixer -all-info  ProgramVersion: 7.3.2  TimeStamp: 2026/03/06-12:58:59-GMT  BuildTime: Aug  4 2022 06:17:15  BuildStamp: freesurfer-linux-ubuntu22_x86_64-7.3.2-20220804-6354275  User: oesteban  Machine: dna042  Platform: Linux  PlatformVersion: 5.14.0-427.37.1.el9_4.x86_64  CompilerName: GCC  CompilerVersion: 8.4.0
ProgramName: mris_jacobian  ProgramArguments: mris_jacobian -all-info  ProgramVersion: 7.3.2  TimeStamp: 2026/03/06-12:58:59-GMT  BuildTime: Aug  4 2022 06:17:15  BuildStamp: freesurfer-linux-ubuntu22_x86_64-7.3.2-20220804-6354275  User: oesteban  Machine: dna042  Platform: Linux  PlatformVersion: 5.14.0-427.37.1.el9_4.x86_64  CompilerName: GCC  CompilerVersion: 8.4.0
ProgramName: mris_label2annot  ProgramArguments: mris_label2annot -all-info  ProgramVersion: 7.3.2  TimeStamp: 2026/03/06-12:58:59-GMT  BuildTime: Aug  4 2022 06:17:15  BuildStamp: freesurfer-linux-ubuntu22_x86_64-7.3.2-20220804-6354275  User: oesteban  Machine: dna042  Platform: Linux  PlatformVersion: 5.14.0-427.37.1.el9_4.x86_64  CompilerName: GCC  CompilerVersion: 8.4.0
ProgramName: mris_left_right_register  ProgramArguments: mris_left_right_register -all-info  ProgramVersion: 7.3.2  TimeStamp: 2026/03/06-12:58:59-GMT  BuildTime: Aug  4 2022 06:17:15  BuildStamp: freesurfer-linux-ubuntu22_x86_64-7.3.2-20220804-6354275  User: oesteban  Machine: dna042  Platform: Linux  PlatformVersion: 5.14.0-427.37.1.el9_4.x86_64  CompilerName: GCC  CompilerVersion: 8.4.0
ProgramName: mris_place_surface  ProgramArguments: mris_place_surface -all-info  ProgramVersion: 7.3.2  TimeStamp: 2026/03/06-12:58:59-GMT  BuildTime: Aug  4 2022 06:17:15  BuildStamp: freesurfer-linux-ubuntu22_x86_64-7.3.2-20220804-6354275  User: oesteban  Machine: dna042  Platform: Linux  PlatformVersion: 5.14.0-427.37.1.el9_4.x86_64  CompilerName: GCC  CompilerVersion: 8.4.0
ProgramName: mrisp_paint  ProgramArguments: mrisp_paint -all-info  ProgramVersion: 7.3.2  TimeStamp: 2026/03/06-12:58:59-GMT  BuildTime: Aug  4 2022 06:17:15  BuildStamp: freesurfer-linux-ubuntu22_x86_64-7.3.2-20220804-6354275  User: oesteban  Machine: dna042  Platform: Linux  PlatformVersion: 5.14.0-427.37.1.el9_4.x86_64  CompilerName: GCC  CompilerVersion: 8.4.0
ProgramName: mris_register  ProgramArguments: mris_register -all-info  ProgramVersion: 7.3.2  TimeStamp: 2026/03/06-12:58:59-GMT  BuildTime: Aug  4 2022 06:17:15  BuildStamp: freesurfer-linux-ubuntu22_x86_64-7.3.2-20220804-6354275  User: oesteban  Machine: dna042  Platform: Linux  PlatformVersion: 5.14.0-427.37.1.el9_4.x86_64  CompilerName: GCC  CompilerVersion: 8.4.0
ProgramName: mris_smooth  ProgramArguments: mris_smooth -all-info  ProgramVersion: 7.3.2  TimeStamp: 2026/03/06-12:58:59-GMT  BuildTime: Aug  4 2022 06:17:15  BuildStamp: freesurfer-linux-ubuntu22_x86_64-7.3.2-20220804-6354275  User: oesteban  Machine: dna042  Platform: Linux  PlatformVersion: 5.14.0-427.37.1.el9_4.x86_64  CompilerName: GCC  CompilerVersion: 8.4.0
ProgramName: mris_sphere  ProgramArguments: mris_sphere -all-info  ProgramVersion: 7.3.2  TimeStamp: 2026/03/06-12:58:59-GMT  BuildTime: Aug  4 2022 06:17:15  BuildStamp: freesurfer-linux-ubuntu22_x86_64-7.3.2-20220804-6354275  User: oesteban  Machine: dna042  Platform: Linux  PlatformVersion: 5.14.0-427.37.1.el9_4.x86_64  CompilerName: GCC  CompilerVersion: 8.4.0
ProgramName: mris_surface_stats  ProgramArguments: mris_surface_stats -all-info  ProgramVersion: 7.3.2  TimeStamp: 2026/03/06-12:58:59-GMT  BuildTime: Aug  4 2022 06:17:15  BuildStamp: freesurfer-linux-ubuntu22_x86_64-7.3.2-20220804-6354275  User: oesteban  Machine: dna042  Platform: Linux  PlatformVersion: 5.14.0-427.37.1.el9_4.x86_64  CompilerName: GCC  CompilerVersion: 8.4.0
ProgramName: mri_stats2seg  ProgramArguments: mri_stats2seg -all-info  ProgramVersion: 7.3.2  TimeStamp: 2026/03/06-12:58:59-GMT  BuildTime: Aug  4 2022 06:17:15  BuildStamp: freesurfer-linux-ubuntu22_x86_64-7.3.2-20220804-6354275  User: oesteban  Machine: dna042  Platform: Linux  PlatformVersion: 5.14.0-427.37.1.el9_4.x86_64  CompilerName: GCC  CompilerVersion: 8.4.0
ProgramName: mris_thickness  ProgramArguments: mris_thickness -all-info  ProgramVersion: 7.3.2  TimeStamp: 2026/03/06-12:58:59-GMT  BuildTime: Aug  4 2022 06:17:15  BuildStamp: freesurfer-linux-ubuntu22_x86_64-7.3.2-20220804-6354275  User: oesteban  Machine: dna042  Platform: Linux  PlatformVersion: 5.14.0-427.37.1.el9_4.x86_64  CompilerName: GCC  CompilerVersion: 8.4.0
ProgramName: mris_thickness_diff  ProgramArguments: mris_thickness_diff -all-info  ProgramVersion: 7.3.2  TimeStamp: 2026/03/06-12:58:59-GMT  BuildTime: Aug  4 2022 06:17:15  BuildStamp: freesurfer-linux-ubuntu22_x86_64-7.3.2-20220804-6354275  User: oesteban  Machine: dna042  Platform: Linux  PlatformVersion: 5.14.0-427.37.1.el9_4.x86_64  CompilerName: GCC  CompilerVersion: 8.4.0
ProgramName: mris_topo_fixer  ProgramArguments: mris_topo_fixer -all-info  ProgramVersion: 7.3.2  TimeStamp: 2026/03/06-12:58:59-GMT  BuildTime: Aug  4 2022 06:17:15  BuildStamp: freesurfer-linux-ubuntu22_x86_64-7.3.2-20220804-6354275  User: oesteban  Machine: dna042  Platform: Linux  PlatformVersion: 5.14.0-427.37.1.el9_4.x86_64  CompilerName: GCC  CompilerVersion: 8.4.0
ProgramName: mri_surf2surf  ProgramArguments: mri_surf2surf -all-info  ProgramVersion: 7.3.2  TimeStamp: 2026/03/06-12:58:59-GMT  BuildTime: Aug  4 2022 06:17:15  BuildStamp: freesurfer-linux-ubuntu22_x86_64-7.3.2-20220804-6354275  User: oesteban  Machine: dna042  Platform: Linux  PlatformVersion: 5.14.0-427.37.1.el9_4.x86_64  CompilerName: GCC  CompilerVersion: 8.4.0
ProgramName: mri_surf2vol  ProgramArguments: mri_surf2vol -all-info  ProgramVersion: 7.3.2  TimeStamp: 2026/03/06-12:58:59-GMT  BuildTime: Aug  4 2022 06:17:15  BuildStamp: freesurfer-linux-ubuntu22_x86_64-7.3.2-20220804-6354275  User: oesteban  Machine: dna042  Platform: Linux  PlatformVersion: 5.14.0-427.37.1.el9_4.x86_64  CompilerName: GCC  CompilerVersion: 8.4.0
ProgramName: mri_surfcluster  ProgramArguments: mri_surfcluster -all-info  ProgramVersion: 7.3.2  TimeStamp: 2026/03/06-12:58:59-GMT  BuildTime: Aug  4 2022 06:17:15  BuildStamp: freesurfer-linux-ubuntu22_x86_64-7.3.2-20220804-6354275  User: oesteban  Machine: dna042  Platform: Linux  PlatformVersion: 5.14.0-427.37.1.el9_4.x86_64  CompilerName: GCC  CompilerVersion: 8.4.0
ProgramName: mris_volmask  ProgramArguments: mris_volmask -all-info  ProgramVersion: 7.3.2  TimeStamp: 2026/03/06-12:58:59-GMT  BuildTime: Aug  4 2022 06:17:15  BuildStamp: freesurfer-linux-ubuntu22_x86_64-7.3.2-20220804-6354275  User: oesteban  Machine: dna042  Platform: Linux  PlatformVersion: 5.14.0-427.37.1.el9_4.x86_64  CompilerName: GCC  CompilerVersion: 8.4.0
ProgramName: mri_tessellate  ProgramArguments: mri_tessellate -all-info  ProgramVersion: 7.3.2  TimeStamp: 2026/03/06-12:58:59-GMT  BuildTime: Aug  4 2022 06:17:15  BuildStamp: freesurfer-linux-ubuntu22_x86_64-7.3.2-20220804-6354275  User: oesteban  Machine: dna042  Platform: Linux  PlatformVersion: 5.14.0-427.37.1.el9_4.x86_64  CompilerName: GCC  CompilerVersion: 8.4.0
ProgramName: mri_vol2surf  ProgramArguments: mri_vol2surf -all-info  ProgramVersion: 7.3.2  TimeStamp: 2026/03/06-12:58:59-GMT  BuildTime: Aug  4 2022 06:17:15  BuildStamp: freesurfer-linux-ubuntu22_x86_64-7.3.2-20220804-6354275  User: oesteban  Machine: dna042  Platform: Linux  PlatformVersion: 5.14.0-427.37.1.el9_4.x86_64  CompilerName: GCC  CompilerVersion: 8.4.0
ProgramName: mri_vol2vol  ProgramArguments: mri_vol2vol -all-info  ProgramVersion: 7.3.2  TimeStamp: 2026/03/06-12:58:59-GMT  BuildTime: Aug  4 2022 06:17:15  BuildStamp: freesurfer-linux-ubuntu22_x86_64-7.3.2-20220804-6354275  User: oesteban  Machine: dna042  Platform: Linux  PlatformVersion: 5.14.0-427.37.1.el9_4.x86_64  CompilerName: GCC  CompilerVersion: 8.4.0
ProgramName: mri_voldiff  ProgramArguments: mri_voldiff -all-info  ProgramVersion: 7.3.2  TimeStamp: 2026/03/06-12:58:59-GMT  BuildTime: Aug  4 2022 06:17:15  BuildStamp: freesurfer-linux-ubuntu22_x86_64-7.3.2-20220804-6354275  User: oesteban  Machine: dna042  Platform: Linux  PlatformVersion: 5.14.0-427.37.1.el9_4.x86_64  CompilerName: GCC  CompilerVersion: 8.4.0
ProgramName: mri_watershed  ProgramArguments: mri_watershed -all-info  ProgramVersion: 7.3.2  TimeStamp: 2026/03/06-12:58:59-GMT  BuildTime: Aug  4 2022 06:17:15  BuildStamp: freesurfer-linux-ubuntu22_x86_64-7.3.2-20220804-6354275  User: oesteban  Machine: dna042  Platform: Linux  PlatformVersion: 5.14.0-427.37.1.el9_4.x86_64  CompilerName: GCC  CompilerVersion: 8.4.0
ProgramName: tkregister2  ProgramArguments: tkregister2_cmdl -all-info  ProgramVersion: 7.3.2  TimeStamp: 2026/03/06-12:58:59-GMT  BuildTime: Aug  4 2022 06:17:15  BuildStamp: freesurfer-linux-ubuntu22_x86_64-7.3.2-20220804-6354275  User: oesteban  Machine: dna042  Platform: Linux  PlatformVersion: 5.14.0-427.37.1.el9_4.x86_64  CompilerName: GCC  CompilerVersion: 8.4.0
mri_motion_correct.fsl 7.3.2
mri_convert -all-info 
ProgramName: mri_convert  ProgramArguments: mri_convert -all-info  ProgramVersion: 7.3.2  TimeStamp: 2026/03/06-12:58:59-GMT  BuildTime: Aug  4 2022 06:17:15  BuildStamp: freesurfer-linux-ubuntu22_x86_64-7.3.2-20220804-6354275  User: oesteban  Machine: dna042  Platform: Linux  PlatformVersion: 5.14.0-427.37.1.el9_4.x86_64  CompilerName: GCC  CompilerVersion: 8.4.0
Program nu_correct, built from:
Package MNI N3, version 1.12.0, compiled by nicks@terrier (x86_64-unknown-linux-gnu) on 2015-06-19 at 01:25:34
#######################################
GCADIR /opt/freesurfer/average
GCA RB_all_2020-01-02.gca
GCASkull RB_all_withskull_2020_01_02.gca
AvgCurvTif folding.atlas.acfb40.noaparc.i12.2016-08-02.tif
GCSDIR /opt/freesurfer/average
GCS DKaparc.atlas.acfb40.noaparc.i12.2016-08-02.gcs
#######################################
#--------------------------------------
#@# CA Normalize Fri Mar  6 13:58:59 CET 2026
/out/sourcedata/freesurfer/sub-v1s10x0051099_ses-1/mri

 mri_ca_normalize -c ctrl_pts.mgz -mask brainmask.mgz nu.mgz /opt/freesurfer/average/RB_all_2020-01-02.gca transforms/talairach.lta norm.mgz 

writing control point volume to ctrl_pts.mgz
using MR volume brainmask.mgz to mask input volume...
reading 1 input volume
reading atlas from '/opt/freesurfer/average/RB_all_2020-01-02.gca'...
reading transform from 'transforms/talairach.lta'...
reading input volume from nu.mgz...
resetting wm mean[0]: 98 --> 107
resetting gm mean[0]: 61 --> 61
input volume #1 is the most T1-like
using real data threshold=24.9
skull bounding box = (66, 55, 33) --> (191, 189, 191)
finding center of left hemi white matter
using (108, 100, 112) as brain centroid of Right_Cerebral_White_Matter...
mean wm in atlas = 107, using box (93,84,93) --> (123, 116,131) to find MRI wm
before smoothing, mri peak at 107
robust fit to distribution - 108 +- 3.5
after smoothing, mri peak at 108, scaling input intensities by 0.991
scaling channel 0 by 0.990741
using 246437 sample points...
INFO: compute sample coordinates transform
 1.14522   0.05546  -0.05855  -22.96097;
-0.03004   1.05745   0.39215  -42.12413;
 0.08779  -0.38921   0.96202   43.78395;
 0.00000   0.00000   0.00000   1.00000;
INFO: transform used
finding control points in Left_Cerebral_White_Matter....
found 40230 control points for structure...
bounding box (124, 61, 28) --> (187, 171, 186)
Left_Cerebral_White_Matter: limiting intensities to 96.0 --> 132.0
14 of 7699 (0.2%) samples deleted
finding control points in Right_Cerebral_White_Matter....
found 39478 control points for structure...
bounding box (73, 59, 30) --> (134, 161, 187)
Right_Cerebral_White_Matter: limiting intensities to 96.0 --> 132.0
2 of 7255 (0.0%) samples deleted
finding control points in Left_Cerebellum_White_Matter....
found 3105 control points for structure...
bounding box (128, 141, 61) --> (170, 184, 112)
Left_Cerebellum_White_Matter: limiting intensities to 90.0 --> 132.0
78 of 105 (74.3%) samples deleted
finding control points in Right_Cerebellum_White_Matter....
found 2710 control points for structure...
bounding box (88, 141, 60) --> (127, 180, 115)
Right_Cerebellum_White_Matter: limiting intensities to 88.0 --> 132.0
47 of 78 (60.3%) samples deleted
finding control points in Brain_Stem....
found 3475 control points for structure...
bounding box (114, 129, 92) --> (144, 190, 124)
Brain_Stem: limiting intensities to 88.0 --> 132.0
1 of 260 (0.4%) samples deleted
using 15397 total control points for intensity normalization...
bias field = 0.989 +- 0.040
221 of 15255 control points discarded
finding control points in Left_Cerebral_White_Matter....
found 40230 control points for structure...
bounding box (124, 61, 28) --> (187, 171, 186)
Left_Cerebral_White_Matter: limiting intensities to 93.0 --> 132.0
13 of 7854 (0.2%) samples deleted
finding control points in Right_Cerebral_White_Matter....
found 39478 control points for structure...
bounding box (73, 59, 30) --> (134, 161, 187)
Right_Cerebral_White_Matter: limiting intensities to 93.0 --> 132.0
2 of 7468 (0.0%) samples deleted
finding control points in Left_Cerebellum_White_Matter....
found 3105 control points for structure...
bounding box (128, 141, 61) --> (170, 184, 112)
Left_Cerebellum_White_Matter: limiting intensities to 88.0 --> 132.0
116 of 192 (60.4%) samples deleted
finding control points in Right_Cerebellum_White_Matter....
found 2710 control points for structure...
bounding box (88, 141, 60) --> (127, 180, 115)
Right_Cerebellum_White_Matter: limiting intensities to 88.0 --> 132.0
100 of 136 (73.5%) samples deleted
finding control points in Brain_Stem....
found 3475 control points for structure...
bounding box (114, 129, 92) --> (144, 190, 124)
Brain_Stem: limiting intensities to 88.0 --> 132.0
92 of 412 (22.3%) samples deleted
using 16062 total control points for intensity normalization...
bias field = 1.018 +- 0.040
192 of 15667 control points discarded
finding control points in Left_Cerebral_White_Matter....
found 40230 control points for structure...
bounding box (124, 61, 28) --> (187, 171, 186)
Left_Cerebral_White_Matter: limiting intensities to 92.0 --> 132.0
13 of 7897 (0.2%) samples deleted
finding control points in Right_Cerebral_White_Matter....
found 39478 control points for structure...
bounding box (73, 59, 30) --> (134, 161, 187)
Right_Cerebral_White_Matter: limiting intensities to 92.0 --> 132.0
4 of 7508 (0.1%) samples deleted
finding control points in Left_Cerebellum_White_Matter....
found 3105 control points for structure...
bounding box (128, 141, 61) --> (170, 184, 112)
Left_Cerebellum_White_Matter: limiting intensities to 88.0 --> 132.0
112 of 176 (63.6%) samples deleted
finding control points in Right_Cerebellum_White_Matter....
found 2710 control points for structure...
bounding box (88, 141, 60) --> (127, 180, 115)
Right_Cerebellum_White_Matter: limiting intensities to 88.0 --> 132.0
136 of 161 (84.5%) samples deleted
finding control points in Brain_Stem....
found 3475 control points for structure...
bounding box (114, 129, 92) --> (144, 190, 124)
Brain_Stem: limiting intensities to 88.0 --> 132.0
96 of 388 (24.7%) samples deleted
using 16130 total control points for intensity normalization...
bias field = 1.019 +- 0.037
131 of 15591 control points discarded
writing normalized volume to norm.mgz...
writing control points to ctrl_pts.mgz
freeing GCA...done.
normalization took 1 minutes and 21 seconds.
#--------------------------------------
#@# CA Reg Fri Mar  6 14:00:19 CET 2026
/out/sourcedata/freesurfer/sub-v1s10x0051099_ses-1/mri

 mri_ca_register -nobigventricles -T transforms/talairach.lta -align-after -mask brainmask.mgz norm.mgz /opt/freesurfer/average/RB_all_2020-01-02.gca transforms/talairach.m3z 

not handling expanded ventricles...
using previously computed transform transforms/talairach.lta
renormalizing sequences with structure alignment, equivalent to:
	-renormalize
	-regularize_mean 0.500
	-regularize 0.500
using MR volume brainmask.mgz to mask input volume...

== Number of threads available to mri_ca_register for OpenMP = 16 == 
reading 1 input volumes...
logging results to talairach.log
reading input volume 'norm.mgz'...
reading GCA '/opt/freesurfer/average/RB_all_2020-01-02.gca'...
label assignment complete, 0 changed (0.00%)
freeing gibbs priors...done.
average std[0] = 5.0
Starting GCAMregister()
label assignment complete, 0 changed (0.00%)
npasses = 1, nlevels = 6
#pass# 1 of 1 ************************
enabling zero nodes
setting smoothness cost coefficient to 0.156

#GCAMreg# pass 0 level1 5 level2 0 tsec 0 sigma 2
l_jacobian=1.00 l_label=1.00 l_log_likelihood=0.20 l_smoothness=0.16 
tol=2.50e-01, dt=5.00e-02, exp_k=20.0, momentum=0.90, levels=6, niter=500, lbl_dist=10.00, avgs=256, sigma=2.0,type=2, relabel=0, neg=no

blurring input image with Gaussian with sigma=2.000...
GCAMRegisterLevel(): init RMS 0.775092
#FOTS# QuadFit found better minimum quadopt=(dt=162.909,rms=0.724051) vs oldopt=(dt=92.48,rms=0.733915)
#GCMRL#    0 dt 162.909091 rms  0.724  6.585% neg 0  invalid 762 tFOTS 3.4740 tGradient 2.6260 tsec 6.3630
#FOTS# QuadFit found better minimum quadopt=(dt=161.698,rms=0.711493) vs oldopt=(dt=92.48,rms=0.714268)
#GCMRL#    1 dt 161.697959 rms  0.711  1.734% neg 0  invalid 762 tFOTS 3.3890 tGradient 2.5630 tsec 6.2070
#FOTS# QuadFit found better minimum quadopt=(dt=295.936,rms=0.70202) vs oldopt=(dt=369.92,rms=0.702843)
#GCMRL#    2 dt 295.936000 rms  0.702  1.331% neg 0  invalid 762 tFOTS 3.2090 tGradient 2.4930 tsec 5.9530
#FOTS# QuadFit found better minimum quadopt=(dt=112.415,rms=0.696955) vs oldopt=(dt=92.48,rms=0.697188)
#GCMRL#    3 dt 112.414508 rms  0.697  0.721% neg 0  invalid 762 tFOTS 3.4630 tGradient 2.5450 tsec 6.2610
#FOTS# QuadFit found better minimum quadopt=(dt=887.808,rms=0.68575) vs oldopt=(dt=1479.68,rms=0.688671)
#GCMRL#    4 dt 887.808000 rms  0.686  1.608% neg 0  invalid 762 tFOTS 3.4130 tGradient 2.3940 tsec 6.0730
#FOTS# QuadFit found better minimum quadopt=(dt=94.1935,rms=0.681647) vs oldopt=(dt=92.48,rms=0.681656)
#GCMRL#    5 dt  94.193548 rms  0.682  0.598% neg 0  invalid 762 tFOTS 3.5310 tGradient 2.4760 tsec 6.3130
#GCMRL#    6 dt 1479.680000 rms  0.677  0.674% neg 0  invalid 762 tFOTS 3.4410 tGradient 2.4650 tsec 6.1590
#FOTS# QuadFit found better minimum quadopt=(dt=129.472,rms=0.674709) vs oldopt=(dt=92.48,rms=0.675014)
#GCMRL#    7 dt 129.472000 rms  0.675  0.346% neg 0  invalid 762 tFOTS 3.6340 tGradient 2.4960 tsec 6.3880
#FOTS# QuadFit found better minimum quadopt=(dt=129.472,rms=0.674305) vs oldopt=(dt=92.48,rms=0.674358)
#GCMRL#    8 dt 129.472000 rms  0.674  0.000% neg 0  invalid 762 tFOTS 3.4200 tGradient 2.5610 tsec 6.2500
#GCMRL#    9 dt 129.472000 rms  0.674  0.073% neg 0  invalid 762 tFOTS 0.0000 tGradient 2.7380 tsec 2.9840
#GCMRL#   10 dt 129.472000 rms  0.673  0.092% neg 0  invalid 762 tFOTS 0.0000 tGradient 2.6370 tsec 2.8940
#GCMRL#   11 dt 129.472000 rms  0.672  0.117% neg 0  invalid 762 tFOTS 0.0000 tGradient 2.4020 tsec 2.6450
#GCMRL#   12 dt 129.472000 rms  0.672  0.131% neg 0  invalid 762 tFOTS 0.0000 tGradient 2.3650 tsec 2.6440
#GCMRL#   13 dt 129.472000 rms  0.671  0.150% neg 0  invalid 762 tFOTS 0.0000 tGradient 2.4300 tsec 2.6730
#GCMRL#   14 dt 129.472000 rms  0.669  0.160% neg 0  invalid 762 tFOTS 0.0000 tGradient 2.3680 tsec 2.6140
#GCMRL#   15 dt 129.472000 rms  0.668  0.144% neg 0  invalid 762 tFOTS 0.0000 tGradient 2.4360 tsec 2.6820
#GCMRL#   16 dt 129.472000 rms  0.668  0.117% neg 0  invalid 762 tFOTS 0.0000 tGradient 2.4620 tsec 2.7050
#GCMRL#   17 dt 129.472000 rms  0.667  0.098% neg 0  invalid 762 tFOTS 0.0000 tGradient 2.3290 tsec 2.5940
#FOTS# QuadFit found better minimum quadopt=(dt=517.888,rms=0.666506) vs oldopt=(dt=369.92,rms=0.66659)
#GCMRL#   18 dt 517.888000 rms  0.667  0.000% neg 0  invalid 762 tFOTS 3.5930 tGradient 2.3960 tsec 6.2650

#GCAMreg# pass 0 level1 5 level2 1 tsec 98.91 sigma 0.5
l_jacobian=1.00 l_label=1.00 l_log_likelihood=0.20 l_smoothness=0.16 
tol=2.50e-01, dt=5.00e-02, exp_k=20.0, momentum=0.90, levels=6, niter=500, lbl_dist=10.00, avgs=256, sigma=0.5,type=2, relabel=0, neg=no

blurring input image with Gaussian with sigma=0.500...
GCAMRegisterLevel(): init RMS 0.667267
#FOTS# QuadFit found better minimum quadopt=(dt=129.472,rms=0.666176) vs oldopt=(dt=92.48,rms=0.666222)
#GCMRL#   20 dt 129.472000 rms  0.666  0.164% neg 0  invalid 762 tFOTS 3.4070 tGradient 2.5510 tsec 6.2110
#FOTS# QuadFit found better minimum quadopt=(dt=517.888,rms=0.66555) vs oldopt=(dt=369.92,rms=0.665624)
#GCMRL#   21 dt 517.888000 rms  0.666  0.000% neg 0  invalid 762 tFOTS 3.4010 tGradient 2.4330 tsec 6.1180
#GCMRL#   22 dt 517.888000 rms  0.666  0.003% neg 0  invalid 762 tFOTS 0.0000 tGradient 2.5890 tsec 2.8340
setting smoothness cost coefficient to 0.615

#GCAMreg# pass 0 level1 4 level2 0 tsec 0 sigma 2
l_jacobian=1.00 l_label=1.00 l_log_likelihood=0.20 l_smoothness=0.62 
tol=2.50e-01, dt=5.00e-02, exp_k=20.0, momentum=0.90, levels=6, niter=500, lbl_dist=10.00, avgs=64, sigma=2.0,type=2, relabel=0, neg=no

blurring input image with Gaussian with sigma=2.000...
GCAMRegisterLevel(): init RMS 0.674312
#FOTS# QuadFit found better minimum quadopt=(dt=73.8038,rms=0.670298) vs oldopt=(dt=103.68,rms=0.670805)
#GCMRL#   24 dt  73.803787 rms  0.670  0.595% neg 0  invalid 762 tFOTS 3.3520 tGradient 1.8050 tsec 5.4040
#FOTS# QuadFit found better minimum quadopt=(dt=145.152,rms=0.665637) vs oldopt=(dt=103.68,rms=0.666418)
#GCMRL#   25 dt 145.152000 rms  0.666  0.695% neg 0  invalid 762 tFOTS 3.2760 tGradient 1.8360 tsec 5.3560
#FOTS# QuadFit found better minimum quadopt=(dt=106.896,rms=0.662445) vs oldopt=(dt=103.68,rms=0.662448)
#GCMRL#   26 dt 106.896057 rms  0.662  0.480% neg 0  invalid 762 tFOTS 3.5920 tGradient 2.0540 tsec 5.8970
#FOTS# QuadFit found better minimum quadopt=(dt=67.0822,rms=0.660416) vs oldopt=(dt=103.68,rms=0.660873)
#GCMRL#   27 dt  67.082153 rms  0.660  0.306% neg 0  invalid 762 tFOTS 3.6530 tGradient 1.9570 tsec 5.8610
#FOTS# QuadFit found better minimum quadopt=(dt=145.152,rms=0.658545) vs oldopt=(dt=103.68,rms=0.658737)
#GCMRL#   28 dt 145.152000 rms  0.659  0.283% neg 0  invalid 762 tFOTS 3.3620 tGradient 1.8540 tsec 5.4710
#FOTS# QuadFit found better minimum quadopt=(dt=36.288,rms=0.657381) vs oldopt=(dt=25.92,rms=0.657617)
#GCMRL#   29 dt  36.288000 rms  0.657  0.000% neg 0  invalid 762 tFOTS 3.3500 tGradient 1.8760 tsec 5.4980
#GCMRL#   30 dt  36.288000 rms  0.657  0.071% neg 0  invalid 762 tFOTS 0.0000 tGradient 1.9100 tsec 2.1530
#GCMRL#   31 dt  36.288000 rms  0.656  0.118% neg 0  invalid 762 tFOTS 0.0000 tGradient 1.8060 tsec 2.0500
#GCMRL#   32 dt  36.288000 rms  0.655  0.158% neg 0  invalid 762 tFOTS 0.0000 tGradient 1.8640 tsec 2.1040
#GCMRL#   33 dt  36.288000 rms  0.654  0.189% neg 0  invalid 762 tFOTS 0.0000 tGradient 2.0100 tsec 2.2540
#GCMRL#   34 dt  36.288000 rms  0.653  0.200% neg 0  invalid 762 tFOTS 0.0000 tGradient 1.9310 tsec 2.1800
#GCMRL#   35 dt  36.288000 rms  0.651  0.205% neg 0  invalid 762 tFOTS 0.0000 tGradient 1.9160 tsec 2.1620
#GCMRL#   36 dt  36.288000 rms  0.650  0.198% neg 0  invalid 762 tFOTS 0.0000 tGradient 1.9130 tsec 2.1700
#GCMRL#   37 dt  36.288000 rms  0.649  0.185% neg 0  invalid 762 tFOTS 0.0000 tGradient 1.9950 tsec 2.2420
#GCMRL#   38 dt  36.288000 rms  0.648  0.166% neg 0  invalid 762 tFOTS 0.0000 tGradient 1.6950 tsec 1.9400
#GCMRL#   39 dt  36.288000 rms  0.647  0.150% neg 0  invalid 762 tFOTS 0.0000 tGradient 1.7010 tsec 1.9460
#GCMRL#   40 dt  36.288000 rms  0.646  0.135% neg 0  invalid 762 tFOTS 0.0000 tGradient 1.8000 tsec 2.0720
#GCMRL#   41 dt  36.288000 rms  0.645  0.117% neg 0  invalid 762 tFOTS 0.0000 tGradient 1.7210 tsec 1.9670
#GCMRL#   42 dt  36.288000 rms  0.644  0.095% neg 0  invalid 762 tFOTS 0.0000 tGradient 2.0030 tsec 2.2660
#GCMRL#   43 dt   0.450000 rms  0.644  0.000% neg 0  invalid 762 tFOTS 3.3750 tGradient 1.8660 tsec 5.5130

#GCAMreg# pass 0 level1 4 level2 1 tsec 77.974 sigma 0.5
l_jacobian=1.00 l_label=1.00 l_log_likelihood=0.20 l_smoothness=0.62 
tol=2.50e-01, dt=5.00e-02, exp_k=20.0, momentum=0.90, levels=6, niter=500, lbl_dist=10.00, avgs=64, sigma=0.5,type=2, relabel=0, neg=no

blurring input image with Gaussian with sigma=0.500...
GCAMRegisterLevel(): init RMS 0.645142
#GCMRL#   45 dt   0.000000 rms  0.644  0.110% neg 0  invalid 762 tFOTS 3.3750 tGradient 1.8630 tsec 5.4910
setting smoothness cost coefficient to 2.353

#GCAMreg# pass 0 level1 3 level2 0 tsec 0 sigma 2
l_jacobian=1.00 l_label=1.00 l_log_likelihood=0.20 l_smoothness=2.35 
tol=2.50e-01, dt=5.00e-02, exp_k=20.0, momentum=0.90, levels=6, niter=500, lbl_dist=10.00, avgs=16, sigma=2.0,type=2, relabel=0, neg=no

blurring input image with Gaussian with sigma=2.000...
GCAMRegisterLevel(): init RMS 0.672475
#GCMRL#   47 dt   2.000000 rms  0.671  0.146% neg 0  invalid 762 tFOTS 3.2110 tGradient 1.4180 tsec 4.8850
#FOTS# QuadFit found better minimum quadopt=(dt=0.4,rms=0.671487) vs oldopt=(dt=0.5,rms=0.671488)
#GCMRL#   48 dt   0.400000 rms  0.671  0.000% neg 0  invalid 762 tFOTS 3.2830 tGradient 1.4790 tsec 5.0370

#GCAMreg# pass 0 level1 3 level2 1 tsec 21.083 sigma 0.5
l_jacobian=1.00 l_label=1.00 l_log_likelihood=0.20 l_smoothness=2.35 
tol=2.50e-01, dt=5.00e-02, exp_k=20.0, momentum=0.90, levels=6, niter=500, lbl_dist=10.00, avgs=16, sigma=0.5,type=2, relabel=0, neg=no

blurring input image with Gaussian with sigma=0.500...
GCAMRegisterLevel(): init RMS 0.67215
#FOTS# QuadFit found better minimum quadopt=(dt=0.4,rms=0.671482) vs oldopt=(dt=0.5,rms=0.671482)
#GCMRL#   50 dt   0.400000 rms  0.671  0.099% neg 0  invalid 762 tFOTS 3.2160 tGradient 1.5910 tsec 5.0650
#FOTS# QuadFit found better minimum quadopt=(dt=0.04375,rms=0.671476) vs oldopt=(dt=0.03125,rms=0.671476)
#GCMRL#   51 dt   0.043750 rms  0.671  0.000% neg 0  invalid 762 tFOTS 3.2240 tGradient 1.4820 tsec 4.9820
setting smoothness cost coefficient to 8.000

#GCAMreg# pass 0 level1 2 level2 0 tsec 0 sigma 2
l_jacobian=1.00 l_label=1.00 l_log_likelihood=0.20 l_smoothness=8.00 
tol=2.50e-01, dt=5.00e-02, exp_k=20.0, momentum=0.90, levels=6, niter=500, lbl_dist=10.00, avgs=4, sigma=2.0,type=2, relabel=0, neg=no

blurring input image with Gaussian with sigma=2.000...
GCAMRegisterLevel(): init RMS 0.743014
#FOTS# QuadFit found better minimum quadopt=(dt=2.68519,rms=0.71855) vs oldopt=(dt=2.88,rms=0.718676)
#GCMRL#   53 dt   2.685185 rms  0.719  3.293% neg 0  invalid 762 tFOTS 3.1890 tGradient 1.3560 tsec 4.8030
#FOTS# QuadFit found better minimum quadopt=(dt=2.2716,rms=0.714502) vs oldopt=(dt=2.88,rms=0.714792)
#GCMRL#   54 dt   2.271605 rms  0.715  0.563% neg 0  invalid 762 tFOTS 3.2040 tGradient 1.3260 tsec 4.7850
#FOTS# QuadFit found better minimum quadopt=(dt=2.17568,rms=0.713083) vs oldopt=(dt=2.88,rms=0.713225)
#GCMRL#   55 dt   2.175676 rms  0.713  0.000% neg 0  invalid 762 tFOTS 3.2120 tGradient 1.4270 tsec 4.9120

#GCAMreg# pass 0 level1 2 level2 1 tsec 25.552 sigma 0.5
l_jacobian=1.00 l_label=1.00 l_log_likelihood=0.20 l_smoothness=8.00 
tol=2.50e-01, dt=5.00e-02, exp_k=20.0, momentum=0.90, levels=6, niter=500, lbl_dist=10.00, avgs=4, sigma=0.5,type=2, relabel=0, neg=no

blurring input image with Gaussian with sigma=0.500...
GCAMRegisterLevel(): init RMS 0.713623
#GCMRL#   57 dt   0.180000 rms  0.713  0.076% neg 0  invalid 762 tFOTS 3.6640 tGradient 1.3980 tsec 5.3150
#FOTS# QuadFit found better minimum quadopt=(dt=0.144,rms=0.713072) vs oldopt=(dt=0.18,rms=0.713072)
#GCMRL#   58 dt   0.144000 rms  0.713  0.000% neg 0  invalid 762 tFOTS 3.5720 tGradient 1.4900 tsec 5.3330
setting smoothness cost coefficient to 20.000

#GCAMreg# pass 0 level1 1 level2 0 tsec 0 sigma 2
l_jacobian=1.00 l_label=1.00 l_log_likelihood=0.20 l_smoothness=20.00 
tol=2.50e-01, dt=5.00e-02, exp_k=20.0, momentum=0.90, levels=6, niter=500, lbl_dist=10.00, avgs=1, sigma=2.0,type=2, relabel=0, neg=no

blurring input image with Gaussian with sigma=2.000...
GCAMRegisterLevel(): init RMS 0.754531
#FOTS# QuadFit found better minimum quadopt=(dt=0.256,rms=0.75351) vs oldopt=(dt=0.32,rms=0.753593)
#GCMRL#   60 dt   0.256000 rms  0.754  0.135% neg 0  invalid 762 tFOTS 3.1660 tGradient 1.2520 tsec 4.7090
#GCMRL#   61 dt   1.280000 rms  0.749  0.646% neg 0  invalid 762 tFOTS 3.1680 tGradient 1.2190 tsec 4.6400
#FOTS# QuadFit found better minimum quadopt=(dt=0.256,rms=0.747355) vs oldopt=(dt=0.32,rms=0.747436)
#GCMRL#   62 dt   0.256000 rms  0.747  0.000% neg 0  invalid 762 tFOTS 3.1640 tGradient 1.3220 tsec 4.7560
#GCMRL#   63 dt   0.256000 rms  0.745  0.248% neg 0  invalid 762 tFOTS 0.0000 tGradient 1.2340 tsec 1.5120
#GCMRL#   64 dt   0.256000 rms  0.743  0.291% neg 0  invalid 762 tFOTS 0.0000 tGradient 1.2450 tsec 1.4920
#GCMRL#   65 dt   0.256000 rms  0.742  0.232% neg 0  invalid 762 tFOTS 0.0000 tGradient 1.1980 tsec 1.4450
#GCMRL#   66 dt   0.256000 rms  0.740  0.160% neg 0  invalid 762 tFOTS 0.0000 tGradient 1.2900 tsec 1.5910
#GCMRL#   67 dt   0.256000 rms  0.739  0.147% neg 0  invalid 762 tFOTS 0.0000 tGradient 1.3380 tsec 1.5850
#GCMRL#   68 dt   0.256000 rms  0.739  0.080% neg 0  invalid 762 tFOTS 0.0000 tGradient 1.1600 tsec 1.4080
#GCMRL#   69 dt   0.256000 rms  0.739 -0.012% neg 0  invalid 762 tFOTS 0.0000 tGradient 1.1660 tsec 1.5940
#GCMRL#   70 dt   0.320000 rms  0.739  0.022% neg 0  invalid 762 tFOTS 3.2410 tGradient 1.2180 tsec 4.7150
#FOTS# QuadFit found better minimum quadopt=(dt=1.024,rms=0.737502) vs oldopt=(dt=1.28,rms=0.737635)
#GCMRL#   71 dt   1.024000 rms  0.738  0.145% neg 0  invalid 762 tFOTS 3.2450 tGradient 1.1210 tsec 4.6210
#FOTS# QuadFit found better minimum quadopt=(dt=0.096,rms=0.737235) vs oldopt=(dt=0.08,rms=0.737245)

#GCAMreg# pass 0 level1 1 level2 1 tsec 47.884 sigma 0.5
l_jacobian=1.00 l_label=1.00 l_log_likelihood=0.20 l_smoothness=20.00 
tol=2.50e-01, dt=5.00e-02, exp_k=20.0, momentum=0.90, levels=6, niter=500, lbl_dist=10.00, avgs=1, sigma=0.5,type=2, relabel=0, neg=no

blurring input image with Gaussian with sigma=0.500...
GCAMRegisterLevel(): init RMS 0.737749
#FOTS# QuadFit found better minimum quadopt=(dt=0.112,rms=0.737111) vs oldopt=(dt=0.08,rms=0.737125)
#GCMRL#   73 dt   0.112000 rms  0.737  0.087% neg 0  invalid 762 tFOTS 3.3070 tGradient 1.1300 tsec 4.6890
#FOTS# QuadFit found better minimum quadopt=(dt=0.192,rms=0.737038) vs oldopt=(dt=0.32,rms=0.737052)
#GCMRL#   74 dt   0.192000 rms  0.737  0.000% neg 0  invalid 762 tFOTS 3.2200 tGradient 1.1460 tsec 4.6380
#GCMRL#   75 dt   0.192000 rms  0.737  0.015% neg 0  invalid 762 tFOTS 0.0000 tGradient 1.1640 tsec 1.4100
#GCMRL#   76 dt   0.192000 rms  0.737  0.021% neg 0  invalid 762 tFOTS 0.0000 tGradient 1.2010 tsec 1.4500
#GCMRL#   77 dt   0.192000 rms  0.737  0.019% neg 0  invalid 762 tFOTS 0.0000 tGradient 1.2490 tsec 1.5460
resetting metric properties...
setting smoothness cost coefficient to 40.000

#GCAMreg# pass 0 level1 0 level2 0 tsec 0 sigma 2
l_jacobian=1.00 l_label=1.00 l_log_likelihood=0.20 l_smoothness=40.00 
tol=2.50e-01, dt=5.00e-02, exp_k=20.0, momentum=0.90, levels=6, niter=500, lbl_dist=10.00, avgs=0, sigma=2.0,type=2, relabel=0, neg=no

blurring input image with Gaussian with sigma=2.000...
GCAMRegisterLevel(): init RMS 0.718805
#FOTS# QuadFit found better minimum quadopt=(dt=0.192,rms=0.714614) vs oldopt=(dt=0.32,rms=0.715875)
#GCMRL#   79 dt   0.192000 rms  0.715  0.583% neg 0  invalid 762 tFOTS 3.2320 tGradient 0.7480 tsec 4.2390
#GCMRL#   80 dt   0.020000 rms  0.714  0.000% neg 0  invalid 762 tFOTS 3.3880 tGradient 0.7740 tsec 4.4360

#GCAMreg# pass 0 level1 0 level2 1 tsec 19.008 sigma 0.5
l_jacobian=1.00 l_label=1.00 l_log_likelihood=0.20 l_smoothness=40.00 
tol=2.50e-01, dt=5.00e-02, exp_k=20.0, momentum=0.90, levels=6, niter=500, lbl_dist=10.00, avgs=0, sigma=0.5,type=2, relabel=0, neg=no

blurring input image with Gaussian with sigma=0.500...
GCAMRegisterLevel(): init RMS 0.71495
#FOTS# QuadFit found better minimum quadopt=(dt=0.007,rms=0.714399) vs oldopt=(dt=0.005,rms=0.714406)
#GCMRL#   82 dt   0.007000 rms  0.714  0.077% neg 0  invalid 762 tFOTS 3.2670 tGradient 0.7380 tsec 4.2610
#GCMRL#   83 dt   0.005000 rms  0.714  0.000% neg 0  invalid 762 tFOTS 3.5480 tGradient 0.7240 tsec 4.5460
GCAMregister done in 6.27383 min
Starting GCAmapRenormalizeWithAlignment() without scales
renormalizing by structure alignment....
renormalizing input #0
gca peak = 0.10253 (16)
mri peak = 0.06452 (28)
Left_Lateral_Ventricle (4): linear fit = 1.33 x + 0.0 (492 voxels, overlap=0.281)
Left_Lateral_Ventricle (4): linear fit = 1.33 x + 0.0 (492 voxels, peak = 21), gca=21.2
gca peak = 0.17690 (16)
mri peak = 0.05868 (28)
Right_Lateral_Ventricle (43): linear fit = 1.48 x + 0.0 (258 voxels, overlap=0.570)
Right_Lateral_Ventricle (43): linear fit = 1.48 x + 0.0 (258 voxels, peak = 24), gca=23.6
gca peak = 0.28275 (96)
mri peak = 0.07635 (93)
Right_Pallidum (52): linear fit = 1.00 x + 0.0 (803 voxels, overlap=1.000)
Right_Pallidum (52): linear fit = 1.00 x + 0.0 (803 voxels, peak = 96), gca=95.5
gca peak = 0.18948 (93)
mri peak = 0.08075 (96)
Left_Pallidum (13): linear fit = 1.02 x + 0.0 (657 voxels, overlap=1.006)
Left_Pallidum (13): linear fit = 1.02 x + 0.0 (657 voxels, peak = 95), gca=95.3
gca peak = 0.20755 (55)
mri peak = 0.11023 (61)
Right_Hippocampus (53): linear fit = 1.04 x + 0.0 (610 voxels, overlap=0.950)
Right_Hippocampus (53): linear fit = 1.04 x + 0.0 (610 voxels, peak = 57), gca=57.5
gca peak = 0.31831 (58)
mri peak = 0.16211 (61)
Left_Hippocampus (17): linear fit = 1.04 x + 0.0 (519 voxels, overlap=0.997)
Left_Hippocampus (17): linear fit = 1.04 x + 0.0 (519 voxels, peak = 61), gca=60.6
gca peak = 0.11957 (102)
mri peak = 0.17145 (105)
Right_Cerebral_White_Matter (41): linear fit = 1.02 x + 0.0 (49791 voxels, overlap=0.574)
Right_Cerebral_White_Matter (41): linear fit = 1.02 x + 0.0 (49791 voxels, peak = 105), gca=104.5
gca peak = 0.11429 (102)
mri peak = 0.16675 (105)
Left_Cerebral_White_Matter (2): linear fit = 1.03 x + 0.0 (52864 voxels, overlap=0.450)
Left_Cerebral_White_Matter (2): linear fit = 1.03 x + 0.0 (52864 voxels, peak = 106), gca=105.6
gca peak = 0.14521 (59)
mri peak = 0.05175 (52)
Left_Cerebral_Cortex (3): linear fit = 0.94 x + 0.0 (22118 voxels, overlap=0.987)
Left_Cerebral_Cortex (3): linear fit = 0.94 x + 0.0 (22118 voxels, peak = 56), gca=55.8
gca peak = 0.14336 (58)
mri peak = 0.05701 (57)
Right_Cerebral_Cortex (42): linear fit = 0.94 x + 0.0 (21698 voxels, overlap=0.972)
Right_Cerebral_Cortex (42): linear fit = 0.94 x + 0.0 (21698 voxels, peak = 55), gca=54.8
gca peak = 0.13305 (70)
mri peak = 0.12896 (69)
Right_Caudate (50): linear fit = 1.00 x + 0.0 (739 voxels, overlap=0.954)
Right_Caudate (50): linear fit = 1.00 x + 0.0 (739 voxels, peak = 70), gca=70.0
gca peak = 0.15761 (71)
mri peak = 0.10870 (74)
Left_Caudate (11): linear fit = 1.03 x + 0.0 (760 voxels, overlap=0.974)
Left_Caudate (11): linear fit = 1.03 x + 0.0 (760 voxels, peak = 73), gca=73.5
gca peak = 0.13537 (57)
mri peak = 0.04119 (33)
Left_Cerebellum_Cortex (8): linear fit = 0.64 x + 0.0 (27012 voxels, overlap=0.036)
Left_Cerebellum_Cortex (8): linear fit = 0.64 x + 0.0 (27012 voxels, peak = 37), gca=36.8
gca peak = 0.13487 (56)
mri peak = 0.04048 (43)
Right_Cerebellum_Cortex (47): linear fit = 0.75 x + 0.0 (30867 voxels, overlap=0.025)
Right_Cerebellum_Cortex (47): linear fit = 0.75 x + 0.0 (30867 voxels, peak = 42), gca=41.7
gca peak = 0.19040 (84)
mri peak = 0.05737 (76)
Left_Cerebellum_White_Matter (7): linear fit = 0.96 x + 0.0 (7154 voxels, overlap=0.987)
Left_Cerebellum_White_Matter (7): linear fit = 0.96 x + 0.0 (7154 voxels, peak = 81), gca=81.1
gca peak = 0.18871 (83)
mri peak = 0.05089 (75)
Right_Cerebellum_White_Matter (46): linear fit = 1.01 x + 0.0 (7060 voxels, overlap=0.994)
Right_Cerebellum_White_Matter (46): linear fit = 1.01 x + 0.0 (7060 voxels, peak = 84), gca=84.2
gca peak = 0.24248 (57)
mri peak = 0.11212 (55)
Left_Amygdala (18): linear fit = 0.96 x + 0.0 (338 voxels, overlap=1.001)
Left_Amygdala (18): linear fit = 0.96 x + 0.0 (338 voxels, peak = 55), gca=55.0
gca peak = 0.35833 (56)
mri peak = 0.11962 (64)
Right_Amygdala (54): linear fit = 1.04 x + 0.0 (427 voxels, overlap=0.999)
Right_Amygdala (54): linear fit = 1.04 x + 0.0 (427 voxels, peak = 59), gca=58.5
gca peak = 0.12897 (85)
mri peak = 0.05562 (98)
Left_Thalamus (10): linear fit = 1.08 x + 0.0 (4875 voxels, overlap=0.793)
Left_Thalamus (10): linear fit = 1.08 x + 0.0 (4875 voxels, peak = 91), gca=91.4
gca peak = 0.13127 (83)
mri peak = 0.06270 (86)
Right_Thalamus (49): linear fit = 1.02 x + 0.0 (3991 voxels, overlap=0.881)
Right_Thalamus (49): linear fit = 1.02 x + 0.0 (3991 voxels, peak = 85), gca=85.1
gca peak = 0.12974 (78)
mri peak = 0.09972 (80)
Left_Putamen (12): linear fit = 1.04 x + 0.0 (1945 voxels, overlap=0.964)
Left_Putamen (12): linear fit = 1.04 x + 0.0 (1945 voxels, peak = 82), gca=81.5
gca peak = 0.17796 (79)
mri peak = 0.08854 (78)
Right_Putamen (51): linear fit = 1.00 x + 0.0 (2112 voxels, overlap=0.997)
Right_Putamen (51): linear fit = 1.00 x + 0.0 (2112 voxels, peak = 79), gca=78.6
gca peak = 0.10999 (80)
mri peak = 0.08296 (96)
Brain_Stem (16): linear fit = 1.21 x + 0.0 (10776 voxels, overlap=0.070)
Brain_Stem (16): linear fit = 1.21 x + 0.0 (10776 voxels, peak = 96), gca=96.4
gca peak = 0.13215 (88)
mri peak = 0.10240 (99)
Right_VentralDC (60): linear fit = 1.15 x + 0.0 (1030 voxels, overlap=0.396)
Right_VentralDC (60): linear fit = 1.15 x + 0.0 (1030 voxels, peak = 102), gca=101.6
gca peak = 0.11941 (89)
mri peak = 0.07224 (99)
Left_VentralDC (28): linear fit = 1.12 x + 0.0 (1086 voxels, overlap=0.551)
Left_VentralDC (28): linear fit = 1.12 x + 0.0 (1086 voxels, peak = 100), gca=100.1
gca peak = 0.20775 (25)
uniform distribution in MR - rejecting arbitrary fit
gca peak = 0.13297 (21)
mri peak = 0.08863 ( 5)
Fourth_Ventricle (15): linear fit = 0.23 x + 0.0 (179 voxels, overlap=0.086)
Fourth_Ventricle (15): linear fit = 0.23 x + 0.0 (179 voxels, peak =  5), gca=4.9
gca peak Unknown = 0.94777 ( 0)
gca peak Left_Inf_Lat_Vent = 0.19087 (28)
gca peak Left_Cerebellum_Cortex = 0.13537 (57)
gca peak Third_Ventricle = 0.20775 (25)
gca peak Fourth_Ventricle = 0.13297 (21)
gca peak CSF = 0.16821 (33)
gca peak Left_Accumbens_area = 0.32850 (63)
gca peak Left_undetermined = 0.98480 (28)
gca peak Left_vessel = 0.40887 (53)
gca peak Left_choroid_plexus = 0.10898 (46)
gca peak Right_Inf_Lat_Vent = 0.17798 (26)
gca peak Right_Accumbens_area = 0.30137 (64)
gca peak Right_vessel = 0.47828 (52)
gca peak Right_choroid_plexus = 0.11612 (45)
gca peak Fifth_Ventricle = 0.59466 (35)
gca peak WM_hypointensities = 0.10053 (78)
gca peak non_WM_hypointensities = 0.07253 (60)
gca peak Optic_Chiasm = 0.25330 (73)
not using caudate to estimate GM means
setting label Left_Cerebellum_Cortex based on Right_Cerebellum_Cortex = 0.75 x +  0: 42
estimating mean gm scale to be 1.00 x + 0.0
estimating mean wm scale to be 1.03 x + 0.0
estimating mean csf scale to be 1.40 x + 0.0
saving intensity scales to talairach.label_intensities.txt
GCAmapRenormalizeWithAlignment() took 3.36568 min
noneg pre
Starting GCAMregister()
label assignment complete, 0 changed (0.00%)
npasses = 1, nlevels = 6
#pass# 1 of 1 ************************
enabling zero nodes
setting smoothness cost coefficient to 0.008

#GCAMreg# pass 0 level1 5 level2 0 tsec 0 sigma 2
l_jacobian=1.00 l_label=1.00 l_log_likelihood=0.20 l_smoothness=0.01 
tol=5.00e-02, dt=5.00e-02, exp_k=20.0, momentum=0.90, levels=6, niter=500, lbl_dist=10.00, avgs=256, sigma=2.0,type=2, relabel=0, neg=no

blurring input image with Gaussian with sigma=2.000...
GCAMRegisterLevel(): init RMS 0.733002
#FOTS# QuadFit found better minimum quadopt=(dt=309.102,rms=0.715405) vs oldopt=(dt=369.92,rms=0.715952)
#GCMRL#   85 dt 309.101612 rms  0.715  2.401% neg 0  invalid 762 tFOTS 3.4120 tGradient 2.7380 tsec 6.4030
#FOTS# QuadFit found better minimum quadopt=(dt=136.059,rms=0.71007) vs oldopt=(dt=92.48,rms=0.710805)
#GCMRL#   86 dt 136.059259 rms  0.710  0.746% neg 0  invalid 762 tFOTS 3.4430 tGradient 2.8070 tsec 6.5060
#FOTS# QuadFit found better minimum quadopt=(dt=295.936,rms=0.704811) vs oldopt=(dt=369.92,rms=0.704837)
#GCMRL#   87 dt 295.936000 rms  0.705  0.741% neg 0  invalid 762 tFOTS 3.3930 tGradient 2.9130 tsec 6.5590
#FOTS# QuadFit found better minimum quadopt=(dt=129.472,rms=0.70227) vs oldopt=(dt=92.48,rms=0.702414)
#GCMRL#   88 dt 129.472000 rms  0.702  0.360% neg 0  invalid 762 tFOTS 3.6480 tGradient 2.8250 tsec 6.7270
#FOTS# QuadFit found better minimum quadopt=(dt=295.936,rms=0.699146) vs oldopt=(dt=369.92,rms=0.699225)
#GCMRL#   89 dt 295.936000 rms  0.699  0.445% neg 0  invalid 762 tFOTS 3.4030 tGradient 2.7060 tsec 6.3630
#FOTS# QuadFit found better minimum quadopt=(dt=110.976,rms=0.697459) vs oldopt=(dt=92.48,rms=0.697496)
#GCMRL#   90 dt 110.976000 rms  0.697  0.241% neg 0  invalid 762 tFOTS 3.6630 tGradient 2.8010 tsec 6.7180
#FOTS# QuadFit found better minimum quadopt=(dt=517.888,rms=0.69389) vs oldopt=(dt=369.92,rms=0.694478)
#GCMRL#   91 dt 517.888000 rms  0.694  0.512% neg 0  invalid 762 tFOTS 3.6460 tGradient 2.8850 tsec 6.7850
#GCMRL#   92 dt  92.480000 rms  0.693  0.174% neg 0  invalid 762 tFOTS 3.7980 tGradient 2.7700 tsec 6.8230
#FOTS# QuadFit found better minimum quadopt=(dt=2071.55,rms=0.685294) vs oldopt=(dt=1479.68,rms=0.686507)
#GCMRL#   93 dt 2071.552000 rms  0.685  1.066% neg 0  invalid 762 tFOTS 3.4410 tGradient 2.7000 tsec 6.3960
#FOTS# QuadFit found better minimum quadopt=(dt=129.472,rms=0.684549) vs oldopt=(dt=92.48,rms=0.684667)
#GCMRL#   94 dt 129.472000 rms  0.685  0.109% neg 0  invalid 762 tFOTS 3.4040 tGradient 2.6700 tsec 6.3310
#FOTS# QuadFit found better minimum quadopt=(dt=295.936,rms=0.683944) vs oldopt=(dt=369.92,rms=0.683945)
#GCMRL#   95 dt 295.936000 rms  0.684  0.088% neg 0  invalid 762 tFOTS 3.5960 tGradient 2.8160 tsec 6.6660
#FOTS# QuadFit found better minimum quadopt=(dt=129.472,rms=0.68357) vs oldopt=(dt=92.48,rms=0.683595)
#GCMRL#   96 dt 129.472000 rms  0.684  0.055% neg 0  invalid 762 tFOTS 3.4950 tGradient 2.8110 tsec 6.5600
#FOTS# QuadFit found better minimum quadopt=(dt=443.904,rms=0.682873) vs oldopt=(dt=369.92,rms=0.682894)
#GCMRL#   97 dt 443.904000 rms  0.683  0.102% neg 0  invalid 762 tFOTS 3.5900 tGradient 2.8190 tsec 6.6640
#GCMRL#   98 dt  92.480000 rms  0.682  0.058% neg 0  invalid 762 tFOTS 3.4790 tGradient 2.7340 tsec 6.4650
#FOTS# QuadFit found better minimum quadopt=(dt=4734.98,rms=0.677239) vs oldopt=(dt=5918.72,rms=0.677471)
#GCMRL#   99 dt 4734.976000 rms  0.677  0.768% neg 0  invalid 762 tFOTS 3.6000 tGradient 2.7350 tsec 6.5910
#FOTS# QuadFit found better minimum quadopt=(dt=73.984,rms=0.67591) vs oldopt=(dt=92.48,rms=0.675934)
#GCMRL#  100 dt  73.984000 rms  0.676  0.196% neg 0  invalid 762 tFOTS 3.6070 tGradient 2.9170 tsec 6.7790
#FOTS# QuadFit found better minimum quadopt=(dt=129.472,rms=0.675751) vs oldopt=(dt=92.48,rms=0.675769)
#GCMRL#  101 dt 129.472000 rms  0.676  0.000% neg 0  invalid 762 tFOTS 3.3720 tGradient 2.7390 tsec 6.4460
#GCMRL#  102 dt 129.472000 rms  0.675  0.041% neg 0  invalid 762 tFOTS 0.0000 tGradient 2.6350 tsec 2.8800
#GCMRL#  103 dt 129.472000 rms  0.675  0.065% neg 0  invalid 762 tFOTS 0.0000 tGradient 2.6290 tsec 2.8720
#GCMRL#  104 dt 129.472000 rms  0.675  0.068% neg 0  invalid 762 tFOTS 0.0000 tGradient 2.7340 tsec 2.9790
#GCMRL#  105 dt 129.472000 rms  0.674  0.071% neg 0  invalid 762 tFOTS 0.0000 tGradient 2.7330 tsec 2.9760
#GCMRL#  106 dt 129.472000 rms  0.673  0.094% neg 0  invalid 762 tFOTS 0.0000 tGradient 2.7870 tsec 3.0310
#GCMRL#  107 dt 129.472000 rms  0.673  0.106% neg 0  invalid 762 tFOTS 0.0000 tGradient 2.5880 tsec 2.8300
#GCMRL#  108 dt 129.472000 rms  0.672  0.109% neg 0  invalid 762 tFOTS 0.0000 tGradient 2.7310 tsec 2.9720
#GCMRL#  109 dt 129.472000 rms  0.671  0.102% neg 0  invalid 762 tFOTS 0.0000 tGradient 2.5680 tsec 2.8120
#GCMRL#  110 dt 129.472000 rms  0.671  0.105% neg 0  invalid 762 tFOTS 0.0000 tGradient 2.7690 tsec 3.0240
#GCMRL#  111 dt 129.472000 rms  0.670  0.119% neg 0  invalid 762 tFOTS 0.0000 tGradient 2.7480 tsec 2.9890
#GCMRL#  112 dt 129.472000 rms  0.669  0.117% neg 0  invalid 762 tFOTS 0.0000 tGradient 2.7170 tsec 2.9590
#GCMRL#  113 dt 129.472000 rms  0.668  0.104% neg 0  invalid 762 tFOTS 0.0000 tGradient 2.7810 tsec 3.0230
#GCMRL#  114 dt 129.472000 rms  0.668  0.094% neg 0  invalid 762 tFOTS 0.0000 tGradient 2.8060 tsec 3.0510
#GCMRL#  115 dt 129.472000 rms  0.667  0.089% neg 0  invalid 762 tFOTS 0.0000 tGradient 2.8460 tsec 3.0820
#GCMRL#  116 dt 129.472000 rms  0.666  0.096% neg 0  invalid 762 tFOTS 0.0000 tGradient 2.8120 tsec 3.0550
#GCMRL#  117 dt 129.472000 rms  0.666  0.091% neg 0  invalid 762 tFOTS 0.0000 tGradient 2.8710 tsec 3.1760
#GCMRL#  118 dt 129.472000 rms  0.665  0.073% neg 0  invalid 762 tFOTS 0.0000 tGradient 2.8340 tsec 3.0750
#GCMRL#  119 dt 129.472000 rms  0.665  0.064% neg 0  invalid 762 tFOTS 0.0000 tGradient 2.7680 tsec 3.0110
#GCMRL#  120 dt 129.472000 rms  0.665  0.066% neg 0  invalid 762 tFOTS 0.0000 tGradient 2.8040 tsec 3.0470
#GCMRL#  121 dt 129.472000 rms  0.664  0.073% neg 0  invalid 762 tFOTS 0.0000 tGradient 2.6280 tsec 2.8700
#GCMRL#  122 dt 129.472000 rms  0.664  0.067% neg 0  invalid 762 tFOTS 0.0000 tGradient 2.7940 tsec 3.0370
#GCMRL#  123 dt 129.472000 rms  0.663  0.053% neg 0  invalid 762 tFOTS 0.0000 tGradient 2.7880 tsec 3.0310
#GCMRL#  124 dt 129.472000 rms  0.663  0.047% neg 0  invalid 762 tFOTS 0.0000 tGradient 2.6280 tsec 2.8730
#GCMRL#  125 dt 129.472000 rms  0.663  0.048% neg 0  invalid 762 tFOTS 0.0000 tGradient 2.5200 tsec 2.8130
#GCMRL#  126 dt 129.472000 rms  0.662  0.057% neg 0  invalid 762 tFOTS 0.0000 tGradient 2.7220 tsec 2.9650
#GCMRL#  127 dt 129.472000 rms  0.662  0.052% neg 0  invalid 762 tFOTS 0.0000 tGradient 2.5640 tsec 2.8070
#GCMRL#  128 dt 129.472000 rms  0.662  0.041% neg 0  invalid 762 tFOTS 0.0000 tGradient 2.6200 tsec 2.8640
#GCMRL#  129 dt 129.472000 rms  0.661  0.041% neg 0  invalid 762 tFOTS 0.0000 tGradient 2.6510 tsec 2.8930
#GCMRL#  130 dt 129.472000 rms  0.661  0.057% neg 0  invalid 762 tFOTS 0.0000 tGradient 2.5740 tsec 2.8160
#GCMRL#  131 dt 129.472000 rms  0.661  0.056% neg 0  invalid 762 tFOTS 0.0000 tGradient 2.6450 tsec 2.8860
#GCMRL#  132 dt 129.472000 rms  0.660  0.050% neg 0  invalid 762 tFOTS 0.0000 tGradient 2.5710 tsec 2.8150
#GCMRL#  133 dt 129.472000 rms  0.660  0.052% neg 0  invalid 762 tFOTS 0.0000 tGradient 2.6290 tsec 2.8740
#GCMRL#  134 dt 129.472000 rms  0.660  0.053% neg 0  invalid 762 tFOTS 0.0000 tGradient 2.6740 tsec 2.9180
#GCMRL#  135 dt 129.472000 rms  0.659  0.060% neg 0  invalid 762 tFOTS 0.0000 tGradient 2.5610 tsec 2.8040
#GCMRL#  136 dt 129.472000 rms  0.659  0.054% neg 0  invalid 762 tFOTS 0.0000 tGradient 2.5950 tsec 2.8370
#GCMRL#  137 dt 129.472000 rms  0.658  0.049% neg 0  invalid 762 tFOTS 0.0000 tGradient 2.6220 tsec 2.8630
#GCMRL#  138 dt 129.472000 rms  0.658  0.050% neg 0  invalid 762 tFOTS 0.0000 tGradient 2.6270 tsec 2.8700
#GCMRL#  139 dt 129.472000 rms  0.658  0.051% neg 0  invalid 762 tFOTS 0.0000 tGradient 2.6370 tsec 2.8830
#GCMRL#  140 dt 129.472000 rms  0.658  0.047% neg 0  invalid 762 tFOTS 0.0000 tGradient 2.7510 tsec 2.9930
#GCMRL#  141 dt 129.472000 rms  0.657  0.046% neg 0  invalid 762 tFOTS 0.0000 tGradient 2.6480 tsec 2.9360
#GCMRL#  142 dt 129.472000 rms  0.657  0.040% neg 0  invalid 762 tFOTS 0.0000 tGradient 2.7500 tsec 2.9920
#GCMRL#  143 dt 129.472000 rms  0.657  0.048% neg 0  invalid 762 tFOTS 0.0000 tGradient 2.6980 tsec 2.9400
#GCMRL#  144 dt 129.472000 rms  0.656  0.048% neg 0  invalid 762 tFOTS 0.0000 tGradient 2.6640 tsec 2.9300
#GCMRL#  145 dt 129.472000 rms  0.656  0.045% neg 0  invalid 762 tFOTS 0.0000 tGradient 2.6980 tsec 2.9420
#GCMRL#  146 dt 129.472000 rms  0.656  0.041% neg 0  invalid 762 tFOTS 0.0000 tGradient 2.7070 tsec 2.9470
#GCMRL#  147 dt 129.472000 rms  0.656  0.037% neg 0  invalid 762 tFOTS 0.0000 tGradient 2.7190 tsec 2.9640
#GCMRL#  148 dt 129.472000 rms  0.655  0.039% neg 0  invalid 762 tFOTS 0.0000 tGradient 2.7530 tsec 2.9970
#GCMRL#  149 dt 129.472000 rms  0.655  0.037% neg 0  invalid 762 tFOTS 0.0000 tGradient 2.7920 tsec 3.0380
#GCMRL#  150 dt 129.472000 rms  0.655  0.036% neg 0  invalid 762 tFOTS 0.0000 tGradient 2.8460 tsec 3.0960
#GCMRL#  151 dt 129.472000 rms  0.655  0.035% neg 0  invalid 762 tFOTS 0.0000 tGradient 2.6880 tsec 2.9300
#GCMRL#  152 dt 129.472000 rms  0.654  0.033% neg 0  invalid 762 tFOTS 0.0000 tGradient 2.7340 tsec 2.9800
#GCMRL#  153 dt 129.472000 rms  0.654  0.033% neg 0  invalid 762 tFOTS 0.0000 tGradient 2.6370 tsec 2.9440
#GCMRL#  154 dt 129.472000 rms  0.654  0.031% neg 0  invalid 762 tFOTS 0.0000 tGradient 2.6570 tsec 2.9010
#GCMRL#  155 dt 129.472000 rms  0.654  0.031% neg 0  invalid 762 tFOTS 0.0000 tGradient 2.8180 tsec 3.0620
#GCMRL#  156 dt 129.472000 rms  0.654  0.030% neg 0  invalid 762 tFOTS 0.0000 tGradient 2.6840 tsec 2.9300
#GCMRL#  157 dt 129.472000 rms  0.653  0.030% neg 0  invalid 762 tFOTS 0.0000 tGradient 2.8110 tsec 3.0530
#GCMRL#  158 dt 129.472000 rms  0.653  0.030% neg 0  invalid 762 tFOTS 0.0000 tGradient 2.6640 tsec 2.9090
#GCMRL#  159 dt 129.472000 rms  0.653  0.028% neg 0  invalid 762 tFOTS 0.0000 tGradient 2.7130 tsec 2.9660
#GCMRL#  160 dt 129.472000 rms  0.653  0.030% neg 0  invalid 762 tFOTS 0.0000 tGradient 2.6020 tsec 2.8460
#GCMRL#  161 dt 129.472000 rms  0.653  0.029% neg 0  invalid 762 tFOTS 0.0000 tGradient 2.6990 tsec 2.9430
#GCMRL#  162 dt 129.472000 rms  0.652  0.028% neg 0  invalid 762 tFOTS 0.0000 tGradient 2.8120 tsec 3.0570
#GCMRL#  163 dt 129.472000 rms  0.652  0.024% neg 0  invalid 762 tFOTS 0.0000 tGradient 2.6930 tsec 2.9380
#GCMRL#  164 dt 129.472000 rms  0.652  0.024% neg 0  invalid 762 tFOTS 0.0000 tGradient 2.7330 tsec 2.9960
#FOTS# QuadFit found better minimum quadopt=(dt=517.888,rms=0.651986) vs oldopt=(dt=369.92,rms=0.652003)
#GCMRL#  165 dt 517.888000 rms  0.652  0.000% neg 0  invalid 762 tFOTS 3.5910 tGradient 2.6540 tsec 6.5190

#GCAMreg# pass 0 level1 5 level2 1 tsec 316.547 sigma 0.5
l_jacobian=1.00 l_label=1.00 l_log_likelihood=0.20 l_smoothness=0.01 
tol=5.00e-02, dt=5.00e-02, exp_k=20.0, momentum=0.90, levels=6, niter=500, lbl_dist=10.00, avgs=256, sigma=0.5,type=2, relabel=0, neg=no

blurring input image with Gaussian with sigma=0.500...
GCAMRegisterLevel(): init RMS 0.652759
#FOTS# QuadFit found better minimum quadopt=(dt=129.472,rms=0.651465) vs oldopt=(dt=92.48,rms=0.651556)
#GCMRL#  167 dt 129.472000 rms  0.651  0.198% neg 0  invalid 762 tFOTS 3.3940 tGradient 2.6680 tsec 6.3140
#FOTS# QuadFit found better minimum quadopt=(dt=517.888,rms=0.650918) vs oldopt=(dt=369.92,rms=0.651008)
#GCMRL#  168 dt 517.888000 rms  0.651  0.084% neg 0  invalid 762 tFOTS 3.3910 tGradient 2.7820 tsec 6.4270
#FOTS# QuadFit found better minimum quadopt=(dt=295.936,rms=0.650593) vs oldopt=(dt=369.92,rms=0.650605)
#GCMRL#  169 dt 295.936000 rms  0.651  0.000% neg 0  invalid 762 tFOTS 3.5980 tGradient 2.6570 tsec 6.5290
#GCMRL#  170 dt 295.936000 rms  0.651  0.004% neg 0  invalid 762 tFOTS 0.0000 tGradient 2.6330 tsec 2.8790
#GCMRL#  171 dt 295.936000 rms  0.650  0.094% neg 0  invalid 762 tFOTS 0.0000 tGradient 2.7070 tsec 2.9530
#GCMRL#  172 dt 295.936000 rms  0.650  0.057% neg 0  invalid 762 tFOTS 0.0000 tGradient 2.6060 tsec 2.8490
#GCMRL#  173 dt 295.936000 rms  0.649  0.059% neg 0  invalid 762 tFOTS 0.0000 tGradient 2.7380 tsec 2.9820
#GCMRL#  174 dt 295.936000 rms  0.649  0.074% neg 0  invalid 762 tFOTS 0.0000 tGradient 2.6560 tsec 2.9040
#GCMRL#  175 dt 295.936000 rms  0.648  0.054% neg 0  invalid 762 tFOTS 0.0000 tGradient 2.7150 tsec 2.9600
#GCMRL#  176 dt 295.936000 rms  0.648  0.076% neg 0  invalid 762 tFOTS 0.0000 tGradient 2.7850 tsec 3.0280
#GCMRL#  177 dt 295.936000 rms  0.647  0.066% neg 0  invalid 762 tFOTS 0.0000 tGradient 2.6870 tsec 2.9320
#GCMRL#  178 dt 295.936000 rms  0.647  0.042% neg 0  invalid 762 tFOTS 0.0000 tGradient 2.6490 tsec 2.8950
#GCMRL#  179 dt 295.936000 rms  0.647  0.057% neg 0  invalid 762 tFOTS 0.0000 tGradient 2.6670 tsec 2.9130
#GCMRL#  180 dt 295.936000 rms  0.646  0.049% neg 0  invalid 762 tFOTS 0.0000 tGradient 2.6990 tsec 2.9450
#GCMRL#  181 dt 295.936000 rms  0.646  0.041% neg 0  invalid 762 tFOTS 0.0000 tGradient 2.7970 tsec 3.0440
#GCMRL#  182 dt 295.936000 rms  0.646  0.042% neg 0  invalid 762 tFOTS 0.0000 tGradient 2.7660 tsec 3.0140
#GCMRL#  183 dt 295.936000 rms  0.646  0.028% neg 0  invalid 762 tFOTS 0.0000 tGradient 2.8530 tsec 3.0970
#GCMRL#  184 dt 295.936000 rms  0.646  0.022% neg 0  invalid 762 tFOTS 0.0000 tGradient 2.9190 tsec 3.1650
#GCMRL#  185 dt 295.936000 rms  0.645  0.047% neg 0  invalid 762 tFOTS 0.0000 tGradient 2.8690 tsec 3.1140
#GCMRL#  186 dt 295.936000 rms  0.645  0.019% neg 0  invalid 762 tFOTS 0.0000 tGradient 2.7700 tsec 3.0160
#GCMRL#  187 dt 295.936000 rms  0.645  0.023% neg 0  invalid 762 tFOTS 0.0000 tGradient 2.8470 tsec 3.0960
#GCMRL#  188 dt 295.936000 rms  0.645  0.042% neg 0  invalid 762 tFOTS 0.0000 tGradient 2.8400 tsec 3.0860
#GCMRL#  189 dt 295.936000 rms  0.645  0.032% neg 0  invalid 762 tFOTS 0.0000 tGradient 2.9520 tsec 3.1990
#GCMRL#  190 dt 295.936000 rms  0.644  0.035% neg 0  invalid 762 tFOTS 0.0000 tGradient 2.9770 tsec 3.2240
#GCMRL#  191 dt 295.936000 rms  0.644  0.046% neg 0  invalid 762 tFOTS 0.0000 tGradient 2.9150 tsec 3.1620
#GCMRL#  192 dt 295.936000 rms  0.644  0.025% neg 0  invalid 762 tFOTS 0.0000 tGradient 2.9370 tsec 3.1840
#GCMRL#  193 dt 295.936000 rms  0.644  0.039% neg 0  invalid 762 tFOTS 0.0000 tGradient 2.8740 tsec 3.1230
#GCMRL#  194 dt 295.936000 rms  0.643  0.037% neg 0  invalid 762 tFOTS 0.0000 tGradient 2.7770 tsec 3.0240
#GCMRL#  195 dt 295.936000 rms  0.643  0.025% neg 0  invalid 762 tFOTS 0.0000 tGradient 2.8550 tsec 3.1030
#GCMRL#  196 dt 295.936000 rms  0.643  0.060% neg 0  invalid 762 tFOTS 0.0000 tGradient 2.8380 tsec 3.0870
#GCMRL#  197 dt 295.936000 rms  0.643  0.032% neg 0  invalid 762 tFOTS 0.0000 tGradient 2.8320 tsec 3.0790
#GCMRL#  198 dt 295.936000 rms  0.643  0.015% neg 0  invalid 762 tFOTS 0.0000 tGradient 2.9910 tsec 3.2360
#GCMRL#  199 dt 295.936000 rms  0.642  0.050% neg 0  invalid 762 tFOTS 0.0000 tGradient 2.8320 tsec 3.0760
#GCMRL#  200 dt 295.936000 rms  0.642  0.041% neg 0  invalid 762 tFOTS 0.0000 tGradient 2.8620 tsec 3.1070
#GCMRL#  201 dt 295.936000 rms  0.642  0.021% neg 0  invalid 762 tFOTS 0.0000 tGradient 2.8320 tsec 3.0790
#GCMRL#  202 dt 295.936000 rms  0.641  0.051% neg 0  invalid 762 tFOTS 0.0000 tGradient 2.8380 tsec 3.0850
#GCMRL#  203 dt 295.936000 rms  0.641  0.038% neg 0  invalid 762 tFOTS 0.0000 tGradient 2.8510 tsec 3.0980
#GCMRL#  204 dt 295.936000 rms  0.641  0.015% neg 0  invalid 762 tFOTS 0.0000 tGradient 2.8070 tsec 3.0520
#GCMRL#  205 dt 295.936000 rms  0.641  0.051% neg 0  invalid 762 tFOTS 0.0000 tGradient 2.8620 tsec 3.1090
#GCMRL#  206 dt 295.936000 rms  0.641  0.020% neg 0  invalid 762 tFOTS 0.0000 tGradient 2.8190 tsec 3.0660
#GCMRL#  207 dt 295.936000 rms  0.641  0.012% neg 0  invalid 762 tFOTS 0.0000 tGradient 2.7650 tsec 3.0280
#FOTS# QuadFit found better minimum quadopt=(dt=129.472,rms=0.640487) vs oldopt=(dt=92.48,rms=0.640512)
#GCMRL#  208 dt 129.472000 rms  0.640  0.020% neg 0  invalid 762 tFOTS 3.6790 tGradient 2.8420 tsec 6.7890
#FOTS# QuadFit found better minimum quadopt=(dt=129.472,rms=0.640483) vs oldopt=(dt=92.48,rms=0.640485)
#GCMRL#  209 dt 129.472000 rms  0.640  0.000% neg 0  invalid 762 tFOTS 3.6390 tGradient 2.8250 tsec 6.7980
#GCMRL#  210 dt 129.472000 rms  0.640  0.003% neg 0  invalid 762 tFOTS 0.0000 tGradient 2.7690 tsec 3.0140
#GCMRL#  211 dt 129.472000 rms  0.640  0.004% neg 0  invalid 762 tFOTS 0.0000 tGradient 2.7720 tsec 3.0190
#GCMRL#  212 dt 129.472000 rms  0.640  0.004% neg 0  invalid 762 tFOTS 0.0000 tGradient 2.7760 tsec 3.0230
#GCMRL#  213 dt 129.472000 rms  0.640  0.005% neg 0  invalid 762 tFOTS 0.0000 tGradient 2.6860 tsec 2.9330
#GCMRL#  214 dt 129.472000 rms  0.640  0.006% neg 0  invalid 762 tFOTS 0.0000 tGradient 2.8160 tsec 3.0620
setting smoothness cost coefficient to 0.031

#GCAMreg# pass 0 level1 4 level2 0 tsec 0 sigma 2
l_jacobian=1.00 l_label=1.00 l_log_likelihood=0.20 l_smoothness=0.03 
tol=5.00e-02, dt=5.00e-02, exp_k=20.0, momentum=0.90, levels=6, niter=500, lbl_dist=10.00, avgs=64, sigma=2.0,type=2, relabel=0, neg=no

blurring input image with Gaussian with sigma=2.000...
GCAMRegisterLevel(): init RMS 0.643182
#FOTS# QuadFit found better minimum quadopt=(dt=124.301,rms=0.639815) vs oldopt=(dt=103.68,rms=0.63986)
#GCMRL#  216 dt 124.300578 rms  0.640  0.524% neg 0  invalid 762 tFOTS 3.3790 tGradient 2.1220 tsec 5.7540
#FOTS# QuadFit found better minimum quadopt=(dt=145.152,rms=0.634077) vs oldopt=(dt=103.68,rms=0.635175)
#GCMRL#  217 dt 145.152000 rms  0.634  0.897% neg 0  invalid 762 tFOTS 3.2170 tGradient 2.0410 tsec 5.5130
#FOTS# QuadFit found better minimum quadopt=(dt=89.4915,rms=0.632182) vs oldopt=(dt=103.68,rms=0.632247)
#GCMRL#  218 dt  89.491525 rms  0.632  0.299% neg 0  invalid 762 tFOTS 3.3840 tGradient 2.1140 tsec 5.7530
#FOTS# QuadFit found better minimum quadopt=(dt=145.152,rms=0.629157) vs oldopt=(dt=103.68,rms=0.629416)
#GCMRL#  219 dt 145.152000 rms  0.629  0.478% neg 0  invalid 762 tFOTS 3.4080 tGradient 2.1030 tsec 5.7670
#FOTS# QuadFit found better minimum quadopt=(dt=36.288,rms=0.627445) vs oldopt=(dt=25.92,rms=0.627794)
#GCMRL#  220 dt  36.288000 rms  0.627  0.272% neg 0  invalid 762 tFOTS 3.4190 tGradient 2.1020 tsec 5.7750
#FOTS# QuadFit found better minimum quadopt=(dt=248.832,rms=0.624501) vs oldopt=(dt=414.72,rms=0.625325)
#GCMRL#  221 dt 248.832000 rms  0.625  0.469% neg 0  invalid 762 tFOTS 3.1760 tGradient 2.2350 tsec 5.6650
#FOTS# QuadFit found better minimum quadopt=(dt=36.288,rms=0.622241) vs oldopt=(dt=25.92,rms=0.6227)
#GCMRL#  222 dt  36.288000 rms  0.622  0.362% neg 0  invalid 762 tFOTS 3.3950 tGradient 2.0980 tsec 5.7480
#FOTS# QuadFit found better minimum quadopt=(dt=331.776,rms=0.619017) vs oldopt=(dt=414.72,rms=0.619421)
#GCMRL#  223 dt 331.776000 rms  0.619  0.518% neg 0  invalid 762 tFOTS 3.1770 tGradient 2.0950 tsec 5.5250
#FOTS# QuadFit found better minimum quadopt=(dt=36.288,rms=0.616577) vs oldopt=(dt=25.92,rms=0.617025)
#GCMRL#  224 dt  36.288000 rms  0.617  0.394% neg 0  invalid 762 tFOTS 3.3990 tGradient 2.1930 tsec 5.8410
#GCMRL#  225 dt 103.680000 rms  0.616  0.155% neg 0  invalid 762 tFOTS 3.4000 tGradient 2.0990 tsec 5.7540
#GCMRL#  226 dt 103.680000 rms  0.614  0.205% neg 0  invalid 762 tFOTS 3.2770 tGradient 2.0790 tsec 5.6120
#FOTS# QuadFit found better minimum quadopt=(dt=68.8655,rms=0.613365) vs oldopt=(dt=103.68,rms=0.613557)
#GCMRL#  227 dt  68.865497 rms  0.613  0.162% neg 0  invalid 762 tFOTS 3.6000 tGradient 2.1310 tsec 5.9870
#FOTS# QuadFit found better minimum quadopt=(dt=145.152,rms=0.611983) vs oldopt=(dt=103.68,rms=0.612197)
#GCMRL#  228 dt 145.152000 rms  0.612  0.225% neg 0  invalid 762 tFOTS 3.1750 tGradient 2.0990 tsec 5.5280
#FOTS# QuadFit found better minimum quadopt=(dt=64.4025,rms=0.611159) vs oldopt=(dt=103.68,rms=0.611382)
#GCMRL#  229 dt  64.402516 rms  0.611  0.135% neg 0  invalid 762 tFOTS 3.6010 tGradient 2.1390 tsec 5.9960
#FOTS# QuadFit found better minimum quadopt=(dt=145.152,rms=0.60996) vs oldopt=(dt=103.68,rms=0.61017)
#GCMRL#  230 dt 145.152000 rms  0.610  0.196% neg 0  invalid 762 tFOTS 3.3550 tGradient 2.1230 tsec 5.7320
#FOTS# QuadFit found better minimum quadopt=(dt=65.4656,rms=0.609274) vs oldopt=(dt=103.68,rms=0.609454)
#GCMRL#  231 dt  65.465649 rms  0.609  0.112% neg 0  invalid 762 tFOTS 3.5210 tGradient 2.1170 tsec 5.8890
#FOTS# QuadFit found better minimum quadopt=(dt=145.152,rms=0.608214) vs oldopt=(dt=103.68,rms=0.608367)
#GCMRL#  232 dt 145.152000 rms  0.608  0.174% neg 0  invalid 762 tFOTS 3.3220 tGradient 2.1860 tsec 5.7580
#FOTS# QuadFit found better minimum quadopt=(dt=36.288,rms=0.607663) vs oldopt=(dt=25.92,rms=0.607774)
#GCMRL#  233 dt  36.288000 rms  0.608  0.090% neg 0  invalid 762 tFOTS 3.3240 tGradient 2.0910 tsec 5.6660
#FOTS# QuadFit found better minimum quadopt=(dt=580.608,rms=0.605516) vs oldopt=(dt=414.72,rms=0.605668)
#GCMRL#  234 dt 580.608000 rms  0.606  0.353% neg 0  invalid 762 tFOTS 3.3170 tGradient 2.1450 tsec 5.7130
#FOTS# QuadFit found better minimum quadopt=(dt=36.288,rms=0.603405) vs oldopt=(dt=25.92,rms=0.603778)
#GCMRL#  235 dt  36.288000 rms  0.603  0.349% neg 0  invalid 762 tFOTS 3.3250 tGradient 2.0900 tsec 5.6670
#FOTS# QuadFit found better minimum quadopt=(dt=145.152,rms=0.602513) vs oldopt=(dt=103.68,rms=0.602622)
#GCMRL#  236 dt 145.152000 rms  0.603  0.148% neg 0  invalid 762 tFOTS 3.4300 tGradient 2.0880 tsec 5.7730
#FOTS# QuadFit found better minimum quadopt=(dt=36.288,rms=0.602106) vs oldopt=(dt=25.92,rms=0.60218)
#GCMRL#  237 dt  36.288000 rms  0.602  0.068% neg 0  invalid 762 tFOTS 3.5630 tGradient 2.2060 tsec 6.0250
#FOTS# QuadFit found better minimum quadopt=(dt=331.776,rms=0.601108) vs oldopt=(dt=414.72,rms=0.601153)
#GCMRL#  238 dt 331.776000 rms  0.601  0.166% neg 0  invalid 762 tFOTS 3.3830 tGradient 2.1010 tsec 5.7390
#FOTS# QuadFit found better minimum quadopt=(dt=36.288,rms=0.600167) vs oldopt=(dt=25.92,rms=0.600331)
#GCMRL#  239 dt  36.288000 rms  0.600  0.156% neg 0  invalid 762 tFOTS 3.3970 tGradient 2.1040 tsec 5.7590
#FOTS# QuadFit found better minimum quadopt=(dt=331.776,rms=0.599161) vs oldopt=(dt=414.72,rms=0.599203)
#GCMRL#  240 dt 331.776000 rms  0.599  0.168% neg 0  invalid 762 tFOTS 3.3880 tGradient 2.1160 tsec 5.7600
#FOTS# QuadFit found better minimum quadopt=(dt=36.288,rms=0.598393) vs oldopt=(dt=25.92,rms=0.598529)
#GCMRL#  241 dt  36.288000 rms  0.598  0.128% neg 0  invalid 762 tFOTS 3.1900 tGradient 2.1480 tsec 5.5930
#FOTS# QuadFit found better minimum quadopt=(dt=124.416,rms=0.597956) vs oldopt=(dt=103.68,rms=0.597974)
#GCMRL#  242 dt 124.416000 rms  0.598  0.073% neg 0  invalid 762 tFOTS 3.4000 tGradient 2.1270 tsec 5.7820
#FOTS# QuadFit found better minimum quadopt=(dt=62.208,rms=0.597522) vs oldopt=(dt=103.68,rms=0.597602)
#GCMRL#  243 dt  62.208000 rms  0.598  0.073% neg 0  invalid 762 tFOTS 3.4170 tGradient 2.1150 tsec 5.7880
#FOTS# QuadFit found better minimum quadopt=(dt=145.152,rms=0.597029) vs oldopt=(dt=103.68,rms=0.597094)
#GCMRL#  244 dt 145.152000 rms  0.597  0.082% neg 0  invalid 762 tFOTS 3.4130 tGradient 2.1180 tsec 5.7870
#FOTS# QuadFit found better minimum quadopt=(dt=82.944,rms=0.596589) vs oldopt=(dt=103.68,rms=0.596636)
#GCMRL#  245 dt  82.944000 rms  0.597  0.074% neg 0  invalid 762 tFOTS 3.4110 tGradient 2.1430 tsec 5.8120
#FOTS# QuadFit found better minimum quadopt=(dt=62.208,rms=0.596311) vs oldopt=(dt=103.68,rms=0.596374)
#GCMRL#  246 dt  62.208000 rms  0.596  0.000% neg 0  invalid 762 tFOTS 3.4360 tGradient 2.1090 tsec 5.8230
#GCMRL#  247 dt  62.208000 rms  0.596  0.048% neg 0  invalid 762 tFOTS 0.0000 tGradient 2.1390 tsec 2.3880
#GCMRL#  248 dt  62.208000 rms  0.596  0.070% neg 0  invalid 762 tFOTS 0.0000 tGradient 2.1210 tsec 2.3680
#GCMRL#  249 dt  62.208000 rms  0.595  0.104% neg 0  invalid 762 tFOTS 0.0000 tGradient 2.0420 tsec 2.2910
#GCMRL#  250 dt  62.208000 rms  0.594  0.125% neg 0  invalid 762 tFOTS 0.0000 tGradient 2.1110 tsec 2.3600
#GCMRL#  251 dt  62.208000 rms  0.593  0.161% neg 0  invalid 762 tFOTS 0.0000 tGradient 2.1410 tsec 2.3880
#GCMRL#  252 dt  62.208000 rms  0.592  0.177% neg 0  invalid 762 tFOTS 0.0000 tGradient 2.1060 tsec 2.3520
#GCMRL#  253 dt  62.208000 rms  0.591  0.184% neg 0  invalid 762 tFOTS 0.0000 tGradient 2.1110 tsec 2.3590
#GCMRL#  254 dt  62.208000 rms  0.590  0.191% neg 0  invalid 762 tFOTS 0.0000 tGradient 2.0750 tsec 2.3240
#GCMRL#  255 dt  62.208000 rms  0.589  0.184% neg 0  invalid 762 tFOTS 0.0000 tGradient 2.1100 tsec 2.3580
#GCMRL#  256 dt  62.208000 rms  0.588  0.192% neg 0  invalid 762 tFOTS 0.0000 tGradient 2.1300 tsec 2.3800
#GCMRL#  257 dt  62.208000 rms  0.587  0.191% neg 0  invalid 762 tFOTS 0.0000 tGradient 2.1010 tsec 2.3480
#GCMRL#  258 dt  62.208000 rms  0.586  0.177% neg 0  invalid 762 tFOTS 0.0000 tGradient 2.0800 tsec 2.3270
#GCMRL#  259 dt  62.208000 rms  0.585  0.169% neg 0  invalid 762 tFOTS 0.0000 tGradient 2.1190 tsec 2.3670
#GCMRL#  260 dt  62.208000 rms  0.584  0.166% neg 0  invalid 762 tFOTS 0.0000 tGradient 2.0920 tsec 2.3380
#GCMRL#  261 dt  62.208000 rms  0.583  0.165% neg 0  invalid 762 tFOTS 0.0000 tGradient 2.1280 tsec 2.3740
#GCMRL#  262 dt  62.208000 rms  0.582  0.150% neg 0  invalid 762 tFOTS 0.0000 tGradient 2.1040 tsec 2.3500
#GCMRL#  263 dt  62.208000 rms  0.581  0.130% neg 0  invalid 762 tFOTS 0.0000 tGradient 2.1980 tsec 2.4460
#GCMRL#  264 dt  62.208000 rms  0.580  0.118% neg 0  invalid 762 tFOTS 0.0000 tGradient 2.1700 tsec 2.4170
#GCMRL#  265 dt  62.208000 rms  0.580  0.114% neg 0  invalid 762 tFOTS 0.0000 tGradient 2.0810 tsec 2.3280
#GCMRL#  266 dt  62.208000 rms  0.579  0.121% neg 0  invalid 762 tFOTS 0.0000 tGradient 2.1380 tsec 2.3850
#GCMRL#  267 dt  62.208000 rms  0.578  0.112% neg 0  invalid 762 tFOTS 0.0000 tGradient 2.1230 tsec 2.3700
#GCMRL#  268 dt  62.208000 rms  0.578  0.107% neg 0  invalid 762 tFOTS 0.0000 tGradient 2.1680 tsec 2.4170
#GCMRL#  269 dt  62.208000 rms  0.577  0.098% neg 0  invalid 762 tFOTS 0.0000 tGradient 2.1530 tsec 2.4030
#GCMRL#  270 dt  62.208000 rms  0.577  0.106% neg 0  invalid 762 tFOTS 0.0000 tGradient 2.0580 tsec 2.3050
#GCMRL#  271 dt  62.208000 rms  0.576  0.104% neg 0  invalid 762 tFOTS 0.0000 tGradient 2.1000 tsec 2.3480
#GCMRL#  272 dt  62.208000 rms  0.575  0.095% neg 0  invalid 762 tFOTS 0.0000 tGradient 2.0830 tsec 2.3300
#GCMRL#  273 dt  62.208000 rms  0.575  0.090% neg 0  invalid 762 tFOTS 0.0000 tGradient 2.0950 tsec 2.3430
#GCMRL#  274 dt  62.208000 rms  0.574  0.088% neg 0  invalid 762 tFOTS 0.0000 tGradient 2.0700 tsec 2.3170
#GCMRL#  275 dt  62.208000 rms  0.574  0.088% neg 0  invalid 762 tFOTS 0.0000 tGradient 2.0980 tsec 2.3460
#GCMRL#  276 dt  62.208000 rms  0.573  0.080% neg 0  invalid 762 tFOTS 0.0000 tGradient 2.0970 tsec 2.3430
#GCMRL#  277 dt  62.208000 rms  0.573  0.082% neg 0  invalid 762 tFOTS 0.0000 tGradient 2.1420 tsec 2.3900
#GCMRL#  278 dt  62.208000 rms  0.573  0.071% neg 0  invalid 762 tFOTS 0.0000 tGradient 2.0930 tsec 2.3390
#GCMRL#  279 dt  62.208000 rms  0.572  0.066% neg 0  invalid 762 tFOTS 0.0000 tGradient 2.0640 tsec 2.3110
#GCMRL#  280 dt  62.208000 rms  0.572  0.063% neg 0  invalid 762 tFOTS 0.0000 tGradient 2.1300 tsec 2.3780
#GCMRL#  281 dt  62.208000 rms  0.572  0.054% neg 0  invalid 762 tFOTS 0.0000 tGradient 2.0860 tsec 2.3330
#GCMRL#  282 dt  62.208000 rms  0.571  0.056% neg 0  invalid 762 tFOTS 0.0000 tGradient 2.0990 tsec 2.3440
#GCMRL#  283 dt  62.208000 rms  0.571  0.047% neg 0  invalid 762 tFOTS 0.0000 tGradient 2.0800 tsec 2.3270
#GCMRL#  284 dt  62.208000 rms  0.571  0.058% neg 0  invalid 762 tFOTS 0.0000 tGradient 2.0540 tsec 2.3010
#GCMRL#  285 dt  62.208000 rms  0.570  0.052% neg 0  invalid 762 tFOTS 0.0000 tGradient 2.0690 tsec 2.3170
#GCMRL#  286 dt  62.208000 rms  0.570  0.050% neg 0  invalid 762 tFOTS 0.0000 tGradient 2.0810 tsec 2.3690
#GCMRL#  287 dt  62.208000 rms  0.570  0.048% neg 0  invalid 762 tFOTS 0.0000 tGradient 2.0990 tsec 2.3470
#GCMRL#  288 dt  62.208000 rms  0.569  0.047% neg 0  invalid 762 tFOTS 0.0000 tGradient 2.0540 tsec 2.3000
#GCMRL#  289 dt  62.208000 rms  0.569  0.050% neg 0  invalid 762 tFOTS 0.0000 tGradient 1.9410 tsec 2.1860
#GCMRL#  290 dt  62.208000 rms  0.569  0.043% neg 0  invalid 762 tFOTS 0.0000 tGradient 2.0770 tsec 2.3240
#GCMRL#  291 dt  62.208000 rms  0.569  0.048% neg 0  invalid 762 tFOTS 0.0000 tGradient 2.0810 tsec 2.3270
#GCMRL#  292 dt  62.208000 rms  0.568  0.039% neg 0  invalid 762 tFOTS 0.0000 tGradient 2.0710 tsec 2.3190
#GCMRL#  293 dt  62.208000 rms  0.568  0.043% neg 0  invalid 762 tFOTS 0.0000 tGradient 2.0730 tsec 2.3160
#GCMRL#  294 dt  62.208000 rms  0.568  0.040% neg 0  invalid 762 tFOTS 0.0000 tGradient 2.0860 tsec 2.3320
#GCMRL#  295 dt  62.208000 rms  0.568  0.035% neg 0  invalid 762 tFOTS 0.0000 tGradient 2.0610 tsec 2.3080
#GCMRL#  296 dt  62.208000 rms  0.568  0.031% neg 0  invalid 762 tFOTS 0.0000 tGradient 2.0660 tsec 2.3130
#GCMRL#  297 dt  62.208000 rms  0.567  0.025% neg 0  invalid 762 tFOTS 0.0000 tGradient 2.0950 tsec 2.3410
#GCMRL#  298 dt  62.208000 rms  0.567  0.034% neg 0  invalid 762 tFOTS 0.0000 tGradient 2.0610 tsec 2.3060
#GCMRL#  299 dt  62.208000 rms  0.567  0.037% neg 0  invalid 762 tFOTS 0.0000 tGradient 2.0790 tsec 2.3260
#GCMRL#  300 dt  62.208000 rms  0.567  0.032% neg 0  invalid 762 tFOTS 0.0000 tGradient 2.0650 tsec 2.3120
#GCMRL#  301 dt  62.208000 rms  0.567  0.027% neg 0  invalid 762 tFOTS 0.0000 tGradient 2.0770 tsec 2.3210
#GCMRL#  302 dt  62.208000 rms  0.567  0.024% neg 0  invalid 762 tFOTS 0.0000 tGradient 2.0810 tsec 2.3270
#GCMRL#  303 dt  62.208000 rms  0.566  0.026% neg 0  invalid 762 tFOTS 0.0000 tGradient 2.0590 tsec 2.3050
#GCMRL#  304 dt  62.208000 rms  0.566  0.026% neg 0  invalid 762 tFOTS 0.0000 tGradient 2.0380 tsec 2.2830
#GCMRL#  305 dt  62.208000 rms  0.566  0.027% neg 0  invalid 762 tFOTS 0.0000 tGradient 2.0450 tsec 2.2910
#GCMRL#  306 dt  62.208000 rms  0.566  0.025% neg 0  invalid 762 tFOTS 0.0000 tGradient 2.0840 tsec 2.3310
#GCMRL#  307 dt  62.208000 rms  0.566  0.037% neg 0  invalid 762 tFOTS 0.0000 tGradient 2.0140 tsec 2.2590
#GCMRL#  308 dt  62.208000 rms  0.566  0.031% neg 0  invalid 762 tFOTS 0.0000 tGradient 2.0780 tsec 2.3230
#GCMRL#  309 dt  62.208000 rms  0.565  0.027% neg 0  invalid 762 tFOTS 0.0000 tGradient 2.0270 tsec 2.2710
#GCMRL#  310 dt  62.208000 rms  0.565  0.026% neg 0  invalid 762 tFOTS 0.0000 tGradient 2.0820 tsec 2.3290
#GCMRL#  311 dt  62.208000 rms  0.565  0.028% neg 0  invalid 762 tFOTS 0.0000 tGradient 2.0470 tsec 2.3080
#GCMRL#  312 dt  62.208000 rms  0.565  0.035% neg 0  invalid 762 tFOTS 0.0000 tGradient 2.1330 tsec 2.3800
#GCMRL#  313 dt  62.208000 rms  0.565  0.028% neg 0  invalid 762 tFOTS 0.0000 tGradient 2.0900 tsec 2.3360
#GCMRL#  314 dt  62.208000 rms  0.565  0.023% neg 0  invalid 762 tFOTS 0.0000 tGradient 2.1000 tsec 2.3460
#GCMRL#  315 dt  62.208000 rms  0.565  0.026% neg 0  invalid 762 tFOTS 0.0000 tGradient 2.0680 tsec 2.3140
#GCMRL#  316 dt  62.208000 rms  0.564  0.022% neg 0  invalid 762 tFOTS 0.0000 tGradient 2.1210 tsec 2.3660
#GCMRL#  317 dt  62.208000 rms  0.564  0.026% neg 0  invalid 762 tFOTS 0.0000 tGradient 2.0890 tsec 2.3360
#GCMRL#  318 dt  62.208000 rms  0.564  0.025% neg 0  invalid 762 tFOTS 0.0000 tGradient 2.0340 tsec 2.2800
#GCMRL#  319 dt  62.208000 rms  0.564  0.024% neg 0  invalid 762 tFOTS 0.0000 tGradient 2.0850 tsec 2.3510
#FOTS# QuadFit found better minimum quadopt=(dt=145.152,rms=0.563944) vs oldopt=(dt=103.68,rms=0.563951)
#GCMRL#  320 dt 145.152000 rms  0.564  0.000% neg 0  invalid 762 tFOTS 3.4110 tGradient 2.0900 tsec 5.7770

#GCAMreg# pass 0 level1 4 level2 1 tsec 366.594 sigma 0.5
l_jacobian=1.00 l_label=1.00 l_log_likelihood=0.20 l_smoothness=0.03 
tol=5.00e-02, dt=5.00e-02, exp_k=20.0, momentum=0.90, levels=6, niter=500, lbl_dist=10.00, avgs=64, sigma=0.5,type=2, relabel=0, neg=no

blurring input image with Gaussian with sigma=0.500...
GCAMRegisterLevel(): init RMS 0.564899
#FOTS# QuadFit found better minimum quadopt=(dt=102.4,rms=0.562589) vs oldopt=(dt=103.68,rms=0.56259)
#GCMRL#  322 dt 102.400000 rms  0.563  0.409% neg 0  invalid 762 tFOTS 3.2020 tGradient 2.1150 tsec 5.5750
#GCMRL#  323 dt 103.680000 rms  0.562  0.144% neg 0  invalid 762 tFOTS 3.2110 tGradient 1.9720 tsec 5.4410
#FOTS# QuadFit found better minimum quadopt=(dt=36.288,rms=0.561499) vs oldopt=(dt=25.92,rms=0.561546)
#GCMRL#  324 dt  36.288000 rms  0.561  0.000% neg 0  invalid 762 tFOTS 3.2590 tGradient 2.1070 tsec 5.6410
#GCMRL#  325 dt  36.288000 rms  0.561  0.024% neg 0  invalid 762 tFOTS 0.0000 tGradient 2.0510 tsec 2.2980
#GCMRL#  326 dt  36.288000 rms  0.561  0.043% neg 0  invalid 762 tFOTS 0.0000 tGradient 2.0750 tsec 2.3210
#GCMRL#  327 dt  36.288000 rms  0.561  0.057% neg 0  invalid 762 tFOTS 0.0000 tGradient 2.0100 tsec 2.2560
#GCMRL#  328 dt  36.288000 rms  0.560  0.070% neg 0  invalid 762 tFOTS 0.0000 tGradient 2.1200 tsec 2.3670
#GCMRL#  329 dt  36.288000 rms  0.560  0.069% neg 0  invalid 762 tFOTS 0.0000 tGradient 2.0050 tsec 2.2510
#GCMRL#  330 dt  36.288000 rms  0.560  0.063% neg 0  invalid 762 tFOTS 0.0000 tGradient 2.1110 tsec 2.3570
#GCMRL#  331 dt  36.288000 rms  0.559  0.056% neg 0  invalid 762 tFOTS 0.0000 tGradient 2.0900 tsec 2.3360
#GCMRL#  332 dt  36.288000 rms  0.559  0.049% neg 0  invalid 762 tFOTS 0.0000 tGradient 2.0930 tsec 2.3390
#GCMRL#  333 dt  36.288000 rms  0.559  0.053% neg 0  invalid 762 tFOTS 0.0000 tGradient 2.0070 tsec 2.2560
#GCMRL#  334 dt  36.288000 rms  0.559  0.050% neg 0  invalid 762 tFOTS 0.0000 tGradient 2.1420 tsec 2.3880
#GCMRL#  335 dt  36.288000 rms  0.558  0.059% neg 0  invalid 762 tFOTS 0.0000 tGradient 2.0860 tsec 2.3310
#GCMRL#  336 dt  36.288000 rms  0.558  0.048% neg 0  invalid 762 tFOTS 0.0000 tGradient 2.0880 tsec 2.3330
#GCMRL#  337 dt  36.288000 rms  0.558  0.049% neg 0  invalid 762 tFOTS 0.0000 tGradient 2.0830 tsec 2.3300
#GCMRL#  338 dt  36.288000 rms  0.557  0.042% neg 0  invalid 762 tFOTS 0.0000 tGradient 2.0830 tsec 2.3290
#GCMRL#  339 dt  36.288000 rms  0.557  0.043% neg 0  invalid 762 tFOTS 0.0000 tGradient 2.1080 tsec 2.3530
#GCMRL#  340 dt  36.288000 rms  0.557  0.053% neg 0  invalid 762 tFOTS 0.0000 tGradient 2.0880 tsec 2.3330
#GCMRL#  341 dt  36.288000 rms  0.557  0.041% neg 0  invalid 762 tFOTS 0.0000 tGradient 2.0810 tsec 2.3280
#GCMRL#  342 dt  36.288000 rms  0.556  0.038% neg 0  invalid 762 tFOTS 0.0000 tGradient 2.0910 tsec 2.3370
#GCMRL#  343 dt  36.288000 rms  0.556  0.040% neg 0  invalid 762 tFOTS 0.0000 tGradient 2.0910 tsec 2.3390
#GCMRL#  344 dt  36.288000 rms  0.556  0.039% neg 0  invalid 762 tFOTS 0.0000 tGradient 2.0240 tsec 2.2710
#GCMRL#  345 dt  36.288000 rms  0.556  0.041% neg 0  invalid 762 tFOTS 0.0000 tGradient 2.1210 tsec 2.3680
#GCMRL#  346 dt  36.288000 rms  0.556  0.036% neg 0  invalid 762 tFOTS 0.0000 tGradient 2.0860 tsec 2.3320
#GCMRL#  347 dt  36.288000 rms  0.555  0.035% neg 0  invalid 762 tFOTS 0.0000 tGradient 2.0690 tsec 2.3140
#GCMRL#  348 dt  36.288000 rms  0.555  0.033% neg 0  invalid 762 tFOTS 0.0000 tGradient 2.0820 tsec 2.3320
#GCMRL#  349 dt  36.288000 rms  0.555  0.032% neg 0  invalid 762 tFOTS 0.0000 tGradient 2.0890 tsec 2.3340
#GCMRL#  350 dt  36.288000 rms  0.555  0.035% neg 0  invalid 762 tFOTS 0.0000 tGradient 2.0380 tsec 2.2830
#GCMRL#  351 dt  36.288000 rms  0.555  0.031% neg 0  invalid 762 tFOTS 0.0000 tGradient 2.0400 tsec 2.2830
#GCMRL#  352 dt  36.288000 rms  0.554  0.029% neg 0  invalid 762 tFOTS 0.0000 tGradient 2.0240 tsec 2.2690
#GCMRL#  353 dt  36.288000 rms  0.554  0.022% neg 0  invalid 762 tFOTS 0.0000 tGradient 2.0660 tsec 2.3130
#GCMRL#  354 dt  36.288000 rms  0.554  0.024% neg 0  invalid 762 tFOTS 0.0000 tGradient 2.0440 tsec 2.2900
#GCMRL#  355 dt  36.288000 rms  0.554  0.026% neg 0  invalid 762 tFOTS 0.0000 tGradient 1.9770 tsec 2.2200
#GCMRL#  356 dt  36.288000 rms  0.554  0.027% neg 0  invalid 762 tFOTS 0.0000 tGradient 2.0520 tsec 2.2970
#GCMRL#  357 dt  36.288000 rms  0.554  0.028% neg 0  invalid 762 tFOTS 0.0000 tGradient 2.0400 tsec 2.2850
#GCMRL#  358 dt  36.288000 rms  0.554  0.023% neg 0  invalid 762 tFOTS 0.0000 tGradient 2.0710 tsec 2.3130
#GCMRL#  359 dt  36.288000 rms  0.554  0.019% neg 0  invalid 762 tFOTS 0.0000 tGradient 2.0470 tsec 2.3110
#FOTS# QuadFit found better minimum quadopt=(dt=145.152,rms=0.553511) vs oldopt=(dt=103.68,rms=0.553514)
#GCMRL#  360 dt 145.152000 rms  0.554  0.000% neg 0  invalid 762 tFOTS 3.5740 tGradient 2.0410 tsec 5.8880
#GCMRL#  361 dt 145.152000 rms  0.553  0.004% neg 0  invalid 762 tFOTS 0.0000 tGradient 1.9990 tsec 2.2450
setting smoothness cost coefficient to 0.118

#GCAMreg# pass 0 level1 3 level2 0 tsec 0 sigma 2
l_jacobian=1.00 l_label=1.00 l_log_likelihood=0.20 l_smoothness=0.12 
tol=5.00e-02, dt=5.00e-02, exp_k=20.0, momentum=0.90, levels=6, niter=500, lbl_dist=10.00, avgs=16, sigma=2.0,type=2, relabel=0, neg=no

blurring input image with Gaussian with sigma=2.000...
GCAMRegisterLevel(): init RMS 0.568541
#FOTS# QuadFit found better minimum quadopt=(dt=24.7671,rms=0.566309) vs oldopt=(dt=32,rms=0.566488)
#GCMRL#  363 dt  24.767123 rms  0.566  0.393% neg 0  invalid 762 tFOTS 3.1810 tGradient 1.5360 tsec 4.9720
#FOTS# QuadFit found better minimum quadopt=(dt=44.8,rms=0.564523) vs oldopt=(dt=32,rms=0.564739)
#GCMRL#  364 dt  44.800000 rms  0.565  0.315% neg 0  invalid 762 tFOTS 3.1600 tGradient 1.5440 tsec 4.9580
#FOTS# QuadFit found better minimum quadopt=(dt=76.3509,rms=0.562738) vs oldopt=(dt=32,rms=0.563042)
#GCMRL#  365 dt  76.350877 rms  0.563  0.316% neg 0  invalid 762 tFOTS 3.4850 tGradient 1.5480 tsec 5.2890
#FOTS# QuadFit found better minimum quadopt=(dt=25.6,rms=0.559691) vs oldopt=(dt=32,rms=0.559834)
#GCMRL#  366 dt  25.600000 rms  0.560  0.542% neg 0  invalid 762 tFOTS 3.2270 tGradient 1.5260 tsec 5.0050
#FOTS# QuadFit found better minimum quadopt=(dt=25.6,rms=0.558775) vs oldopt=(dt=32,rms=0.558813)
#GCMRL#  367 dt  25.600000 rms  0.559  0.164% neg 0  invalid 762 tFOTS 3.3570 tGradient 1.5510 tsec 5.1610
#FOTS# QuadFit found better minimum quadopt=(dt=77.5211,rms=0.556355) vs oldopt=(dt=32,rms=0.556911)
#GCMRL#  368 dt  77.521127 rms  0.556  0.433% neg 0  invalid 762 tFOTS 3.3620 tGradient 1.5540 tsec 5.1690
#FOTS# QuadFit found better minimum quadopt=(dt=11.2,rms=0.554851) vs oldopt=(dt=8,rms=0.55514)
#GCMRL#  369 dt  11.200000 rms  0.555  0.270% neg 0  invalid 762 tFOTS 3.1690 tGradient 1.6050 tsec 5.0260
#FOTS# QuadFit found better minimum quadopt=(dt=19.2,rms=0.554234) vs oldopt=(dt=32,rms=0.554404)
#GCMRL#  370 dt  19.200000 rms  0.554  0.111% neg 0  invalid 762 tFOTS 3.1620 tGradient 1.6250 tsec 5.0410
#FOTS# QuadFit found better minimum quadopt=(dt=179.2,rms=0.550715) vs oldopt=(dt=128,rms=0.550858)
#GCMRL#  371 dt 179.200000 rms  0.551  0.635% neg 0  invalid 762 tFOTS 3.1970 tGradient 1.5780 tsec 5.0310
#FOTS# QuadFit found better minimum quadopt=(dt=20.3154,rms=0.548758) vs oldopt=(dt=32,rms=0.549329)
#GCMRL#  372 dt  20.315353 rms  0.549  0.355% neg 0  invalid 762 tFOTS 3.1740 tGradient 2.2460 tsec 5.6730
#FOTS# QuadFit found better minimum quadopt=(dt=25.6,rms=0.547638) vs oldopt=(dt=32,rms=0.547654)
#GCMRL#  373 dt  25.600000 rms  0.548  0.204% neg 0  invalid 762 tFOTS 3.1800 tGradient 1.6030 tsec 5.0350
#FOTS# QuadFit found better minimum quadopt=(dt=44.8,rms=0.546864) vs oldopt=(dt=32,rms=0.546969)
#GCMRL#  374 dt  44.800000 rms  0.547  0.141% neg 0  invalid 762 tFOTS 3.1800 tGradient 1.5440 tsec 4.9750
#FOTS# QuadFit found better minimum quadopt=(dt=44.8,rms=0.545744) vs oldopt=(dt=32,rms=0.545802)
#GCMRL#  375 dt  44.800000 rms  0.546  0.205% neg 0  invalid 762 tFOTS 3.1800 tGradient 1.5190 tsec 4.9520
#FOTS# QuadFit found better minimum quadopt=(dt=11.2,rms=0.545459) vs oldopt=(dt=8,rms=0.545516)
#GCMRL#  376 dt  11.200000 rms  0.545  0.052% neg 0  invalid 762 tFOTS 3.1700 tGradient 1.5950 tsec 5.0180
#GCMRL#  377 dt  32.000000 rms  0.545  0.067% neg 0  invalid 762 tFOTS 3.1800 tGradient 1.6190 tsec 5.0500
#FOTS# QuadFit found better minimum quadopt=(dt=11.2,rms=0.544681) vs oldopt=(dt=8,rms=0.544783)
#GCMRL#  378 dt  11.200000 rms  0.545  0.075% neg 0  invalid 762 tFOTS 2.9780 tGradient 1.5650 tsec 4.7990
#FOTS# QuadFit found better minimum quadopt=(dt=11.2,rms=0.544436) vs oldopt=(dt=8,rms=0.544499)
#GCMRL#  379 dt  11.200000 rms  0.544  0.000% neg 0  invalid 762 tFOTS 2.9470 tGradient 1.5810 tsec 4.8130
#GCMRL#  380 dt   1.400000 rms  0.544  0.003% neg 0  invalid 762 tFOTS 0.0000 tGradient 1.5430 tsec 2.2720
#GCMRL#  381 dt   0.700000 rms  0.544  0.003% neg 0  invalid 762 tFOTS 0.0000 tGradient 1.5360 tsec 2.0290
#GCMRL#  382 dt   0.350000 rms  0.544  0.001% neg 0  invalid 762 tFOTS 0.0000 tGradient 1.5420 tsec 2.0590
#FOTS# QuadFit found better minimum quadopt=(dt=0.175,rms=0.544392) vs oldopt=(dt=0.125,rms=0.544393)

#GCAMreg# pass 0 level1 3 level2 1 tsec 105.851 sigma 0.5
l_jacobian=1.00 l_label=1.00 l_log_likelihood=0.20 l_smoothness=0.12 
tol=5.00e-02, dt=5.00e-02, exp_k=20.0, momentum=0.90, levels=6, niter=500, lbl_dist=10.00, avgs=16, sigma=0.5,type=2, relabel=0, neg=no

blurring input image with Gaussian with sigma=0.500...
GCAMRegisterLevel(): init RMS 0.545265
#GCMRL#  384 dt  32.000000 rms  0.542  0.575% neg 0  invalid 762 tFOTS 3.3740 tGradient 1.5460 tsec 5.1720
#FOTS# QuadFit found better minimum quadopt=(dt=24.9032,rms=0.540869) vs oldopt=(dt=32,rms=0.541018)
#GCMRL#  385 dt  24.903226 rms  0.541  0.233% neg 0  invalid 762 tFOTS 3.3850 tGradient 1.5430 tsec 5.1800
#FOTS# QuadFit found better minimum quadopt=(dt=22.6341,rms=0.539996) vs oldopt=(dt=32,rms=0.540227)
#GCMRL#  386 dt  22.634146 rms  0.540  0.162% neg 0  invalid 762 tFOTS 3.3880 tGradient 1.5360 tsec 5.1780
#FOTS# QuadFit found better minimum quadopt=(dt=25.6,rms=0.539268) vs oldopt=(dt=32,rms=0.539356)
#GCMRL#  387 dt  25.600000 rms  0.539  0.135% neg 0  invalid 762 tFOTS 3.4150 tGradient 1.5420 tsec 5.2110
#FOTS# QuadFit found better minimum quadopt=(dt=11.2,rms=0.538716) vs oldopt=(dt=8,rms=0.538831)
#GCMRL#  388 dt  11.200000 rms  0.539  0.102% neg 0  invalid 762 tFOTS 3.3740 tGradient 1.5480 tsec 5.1750
#FOTS# QuadFit found better minimum quadopt=(dt=179.2,rms=0.53574) vs oldopt=(dt=128,rms=0.536195)
#GCMRL#  389 dt 179.200000 rms  0.536  0.552% neg 0  invalid 762 tFOTS 3.1980 tGradient 1.5310 tsec 4.9820
#FOTS# QuadFit found better minimum quadopt=(dt=11.2,rms=0.535199) vs oldopt=(dt=8,rms=0.535297)
#GCMRL#  390 dt  11.200000 rms  0.535  0.101% neg 0  invalid 762 tFOTS 3.3880 tGradient 1.5360 tsec 5.1790
#FOTS# QuadFit found better minimum quadopt=(dt=44.8,rms=0.534602) vs oldopt=(dt=32,rms=0.53471)
#GCMRL#  391 dt  44.800000 rms  0.535  0.111% neg 0  invalid 762 tFOTS 3.1560 tGradient 1.5200 tsec 4.9280
#FOTS# QuadFit found better minimum quadopt=(dt=38.4,rms=0.534095) vs oldopt=(dt=32,rms=0.534103)
#GCMRL#  392 dt  38.400000 rms  0.534  0.095% neg 0  invalid 762 tFOTS 3.3500 tGradient 1.6140 tsec 5.2150
#FOTS# QuadFit found better minimum quadopt=(dt=11.2,rms=0.53378) vs oldopt=(dt=8,rms=0.533852)
#GCMRL#  393 dt  11.200000 rms  0.534  0.059% neg 0  invalid 762 tFOTS 3.3860 tGradient 1.4790 tsec 5.1170
#FOTS# QuadFit found better minimum quadopt=(dt=76.8,rms=0.533164) vs oldopt=(dt=128,rms=0.533283)
#GCMRL#  394 dt  76.800000 rms  0.533  0.115% neg 0  invalid 762 tFOTS 3.1960 tGradient 1.4890 tsec 4.9390
#FOTS# QuadFit found better minimum quadopt=(dt=25.6,rms=0.532651) vs oldopt=(dt=32,rms=0.532693)
#GCMRL#  395 dt  25.600000 rms  0.533  0.096% neg 0  invalid 762 tFOTS 3.3800 tGradient 1.5590 tsec 5.1910
#FOTS# QuadFit found better minimum quadopt=(dt=25.6,rms=0.532381) vs oldopt=(dt=32,rms=0.532415)
#GCMRL#  396 dt  25.600000 rms  0.532  0.051% neg 0  invalid 762 tFOTS 3.3520 tGradient 1.5260 tsec 5.1320
#FOTS# QuadFit found better minimum quadopt=(dt=19.2,rms=0.532143) vs oldopt=(dt=32,rms=0.532186)
#GCMRL#  397 dt  19.200000 rms  0.532  0.000% neg 0  invalid 762 tFOTS 3.3800 tGradient 1.5660 tsec 5.2190
#GCMRL#  398 dt  19.200000 rms  0.532  0.037% neg 0  invalid 762 tFOTS 0.0000 tGradient 1.4900 tsec 1.7350
#GCMRL#  399 dt  19.200000 rms  0.532  0.056% neg 0  invalid 762 tFOTS 0.0000 tGradient 1.4870 tsec 1.7830
#GCMRL#  400 dt  19.200000 rms  0.531  0.093% neg 0  invalid 762 tFOTS 0.0000 tGradient 1.5070 tsec 1.7500
#GCMRL#  401 dt  19.200000 rms  0.531  0.112% neg 0  invalid 762 tFOTS 0.0000 tGradient 1.5130 tsec 1.7560
#GCMRL#  402 dt  19.200000 rms  0.530  0.133% neg 0  invalid 762 tFOTS 0.0000 tGradient 1.5820 tsec 1.8260
#GCMRL#  403 dt  19.200000 rms  0.529  0.136% neg 0  invalid 762 tFOTS 0.0000 tGradient 1.5260 tsec 1.7700
#GCMRL#  404 dt  19.200000 rms  0.528  0.144% neg 0  invalid 762 tFOTS 0.0000 tGradient 1.6000 tsec 1.8450
#GCMRL#  405 dt  19.200000 rms  0.528  0.146% neg 0  invalid 762 tFOTS 0.0000 tGradient 1.5530 tsec 1.7990
#GCMRL#  406 dt  19.200000 rms  0.527  0.151% neg 0  invalid 762 tFOTS 0.0000 tGradient 1.5360 tsec 1.7780
#GCMRL#  407 dt  19.200000 rms  0.526  0.142% neg 0  invalid 762 tFOTS 0.0000 tGradient 1.4660 tsec 1.7100
#GCMRL#  408 dt  19.200000 rms  0.525  0.139% neg 0  invalid 762 tFOTS 0.0000 tGradient 1.5740 tsec 1.8190
#GCMRL#  409 dt  19.200000 rms  0.525  0.137% neg 0  invalid 762 tFOTS 0.0000 tGradient 1.6180 tsec 1.8620
#GCMRL#  410 dt  19.200000 rms  0.524  0.126% neg 0  invalid 762 tFOTS 0.0000 tGradient 1.5590 tsec 1.8040
#GCMRL#  411 dt  19.200000 rms  0.523  0.128% neg 0  invalid 762 tFOTS 0.0000 tGradient 1.4900 tsec 1.7370
#GCMRL#  412 dt  19.200000 rms  0.523  0.133% neg 0  invalid 762 tFOTS 0.0000 tGradient 1.5400 tsec 1.7840
#GCMRL#  413 dt  19.200000 rms  0.522  0.127% neg 0  invalid 762 tFOTS 0.0000 tGradient 1.4890 tsec 1.7320
#GCMRL#  414 dt  19.200000 rms  0.521  0.125% neg 0  invalid 762 tFOTS 0.0000 tGradient 1.4790 tsec 1.7240
#GCMRL#  415 dt  19.200000 rms  0.521  0.116% neg 0  invalid 762 tFOTS 0.0000 tGradient 1.4770 tsec 1.7190
#GCMRL#  416 dt  19.200000 rms  0.520  0.108% neg 0  invalid 762 tFOTS 0.0000 tGradient 1.4960 tsec 1.7400
#GCMRL#  417 dt  19.200000 rms  0.520  0.094% neg 0  invalid 762 tFOTS 0.0000 tGradient 1.5090 tsec 1.7540
#GCMRL#  418 dt  19.200000 rms  0.519  0.093% neg 0  invalid 762 tFOTS 0.0000 tGradient 1.5410 tsec 1.7860
#GCMRL#  419 dt  19.200000 rms  0.519  0.086% neg 0  invalid 762 tFOTS 0.0000 tGradient 1.5300 tsec 1.7750
#GCMRL#  420 dt  19.200000 rms  0.518  0.074% neg 0  invalid 762 tFOTS 0.0000 tGradient 1.5340 tsec 1.7780
#GCMRL#  421 dt  19.200000 rms  0.518  0.069% neg 0  invalid 762 tFOTS 0.0000 tGradient 1.4930 tsec 1.7390
#GCMRL#  422 dt  19.200000 rms  0.518  0.068% neg 0  invalid 762 tFOTS 0.0000 tGradient 1.4910 tsec 1.7370
#GCMRL#  423 dt  19.200000 rms  0.517  0.066% neg 0  invalid 762 tFOTS 0.0000 tGradient 1.4920 tsec 1.7380
#GCMRL#  424 dt  19.200000 rms  0.517  0.061% neg 0  invalid 762 tFOTS 0.0000 tGradient 1.4920 tsec 1.7390
#GCMRL#  425 dt  19.200000 rms  0.517  0.059% neg 0  invalid 762 tFOTS 0.0000 tGradient 1.5170 tsec 1.7640
#GCMRL#  426 dt  19.200000 rms  0.516  0.058% neg 0  invalid 762 tFOTS 0.0000 tGradient 1.5200 tsec 1.7670
#GCMRL#  427 dt  19.200000 rms  0.516  0.049% neg 0  invalid 762 tFOTS 0.0000 tGradient 1.5150 tsec 1.7590
#GCMRL#  428 dt  19.200000 rms  0.516  0.050% neg 0  invalid 762 tFOTS 0.0000 tGradient 1.5360 tsec 1.7830
#GCMRL#  429 dt  19.200000 rms  0.516  0.046% neg 0  invalid 762 tFOTS 0.0000 tGradient 1.5180 tsec 1.7660
#GCMRL#  430 dt  19.200000 rms  0.515  0.050% neg 0  invalid 762 tFOTS 0.0000 tGradient 1.4920 tsec 1.7380
#GCMRL#  431 dt  19.200000 rms  0.515  0.046% neg 0  invalid 762 tFOTS 0.0000 tGradient 1.4810 tsec 1.7300
#GCMRL#  432 dt  19.200000 rms  0.515  0.042% neg 0  invalid 762 tFOTS 0.0000 tGradient 1.4740 tsec 1.7210
#GCMRL#  433 dt  19.200000 rms  0.515  0.039% neg 0  invalid 762 tFOTS 0.0000 tGradient 1.4990 tsec 1.7440
#GCMRL#  434 dt  19.200000 rms  0.514  0.032% neg 0  invalid 762 tFOTS 0.0000 tGradient 1.4980 tsec 1.7450
#GCMRL#  435 dt  19.200000 rms  0.514  0.035% neg 0  invalid 762 tFOTS 0.0000 tGradient 1.4820 tsec 1.7310
#GCMRL#  436 dt  19.200000 rms  0.514  0.033% neg 0  invalid 762 tFOTS 0.0000 tGradient 1.5010 tsec 1.7470
#GCMRL#  437 dt  19.200000 rms  0.514  0.036% neg 0  invalid 762 tFOTS 0.0000 tGradient 1.5370 tsec 1.7840
#GCMRL#  438 dt  19.200000 rms  0.514  0.028% neg 0  invalid 762 tFOTS 0.0000 tGradient 1.5820 tsec 1.8310
#GCMRL#  439 dt  19.200000 rms  0.514  0.026% neg 0  invalid 762 tFOTS 0.0000 tGradient 1.5360 tsec 1.7830
#GCMRL#  440 dt  19.200000 rms  0.514  0.030% neg 0  invalid 762 tFOTS 0.0000 tGradient 1.5190 tsec 1.7650
#GCMRL#  441 dt  19.200000 rms  0.513  0.032% neg 0  invalid 762 tFOTS 0.0000 tGradient 1.5310 tsec 1.7780
#GCMRL#  442 dt  19.200000 rms  0.513  0.031% neg 0  invalid 762 tFOTS 0.0000 tGradient 1.5240 tsec 1.7710
#GCMRL#  443 dt  19.200000 rms  0.513  0.026% neg 0  invalid 762 tFOTS 0.0000 tGradient 1.5370 tsec 1.7840
#GCMRL#  444 dt  19.200000 rms  0.513  0.028% neg 0  invalid 762 tFOTS 0.0000 tGradient 1.5150 tsec 1.7610
#GCMRL#  445 dt  19.200000 rms  0.513  0.027% neg 0  invalid 762 tFOTS 0.0000 tGradient 1.5410 tsec 1.7870
#GCMRL#  446 dt  19.200000 rms  0.513  0.027% neg 0  invalid 762 tFOTS 0.0000 tGradient 1.5360 tsec 1.7830
#GCMRL#  447 dt  19.200000 rms  0.513  0.021% neg 0  invalid 762 tFOTS 0.0000 tGradient 1.5460 tsec 1.7940
#GCMRL#  448 dt  19.200000 rms  0.512  0.024% neg 0  invalid 762 tFOTS 0.0000 tGradient 1.5490 tsec 1.7990
#GCMRL#  449 dt  19.200000 rms  0.512  0.020% neg 0  invalid 762 tFOTS 0.0000 tGradient 1.5520 tsec 1.8170
#FOTS# QuadFit found better minimum quadopt=(dt=38.4,rms=0.512281) vs oldopt=(dt=32,rms=0.512282)
#GCMRL#  450 dt  38.400000 rms  0.512  0.000% neg 0  invalid 762 tFOTS 3.2350 tGradient 1.5390 tsec 5.0530
setting smoothness cost coefficient to 0.400

#GCAMreg# pass 0 level1 2 level2 0 tsec 0 sigma 2
l_jacobian=1.00 l_label=1.00 l_log_likelihood=0.20 l_smoothness=0.40 
tol=5.00e-02, dt=5.00e-02, exp_k=20.0, momentum=0.90, levels=6, niter=500, lbl_dist=10.00, avgs=4, sigma=2.0,type=2, relabel=0, neg=no

blurring input image with Gaussian with sigma=2.000...
GCAMRegisterLevel(): init RMS 0.541112
#GCMRL#  452 dt   0.000000 rms  0.540  0.129% neg 0  invalid 762 tFOTS 3.2210 tGradient 1.3560 tsec 4.8340
#GCMRL#  453 dt   0.150000 rms  0.540  0.000% neg 0  invalid 762 tFOTS 3.2520 tGradient 1.3430 tsec 5.0340

#GCAMreg# pass 0 level1 2 level2 1 tsec 21 sigma 0.5
l_jacobian=1.00 l_label=1.00 l_log_likelihood=0.20 l_smoothness=0.40 
tol=5.00e-02, dt=5.00e-02, exp_k=20.0, momentum=0.90, levels=6, niter=500, lbl_dist=10.00, avgs=4, sigma=0.5,type=2, relabel=0, neg=no

blurring input image with Gaussian with sigma=0.500...
GCAMRegisterLevel(): init RMS 0.541112
#GCMRL#  455 dt   0.000000 rms  0.540  0.129% neg 0  invalid 762 tFOTS 3.1830 tGradient 1.3500 tsec 4.7880
#GCMRL#  456 dt   0.150000 rms  0.540  0.000% neg 0  invalid 762 tFOTS 3.1710 tGradient 1.3500 tsec 4.9560
setting smoothness cost coefficient to 1.000

#GCAMreg# pass 0 level1 1 level2 0 tsec 0 sigma 2
l_jacobian=1.00 l_label=1.00 l_log_likelihood=0.20 l_smoothness=1.00 
tol=5.00e-02, dt=5.00e-02, exp_k=20.0, momentum=0.90, levels=6, niter=500, lbl_dist=10.00, avgs=1, sigma=2.0,type=2, relabel=0, neg=no

blurring input image with Gaussian with sigma=2.000...
GCAMRegisterLevel(): init RMS 0.596436
#GCMRL#  458 dt   1.280000 rms  0.592  0.764% neg 0  invalid 762 tFOTS 3.2190 tGradient 1.1610 tsec 4.6390
#GCMRL#  459 dt   0.320000 rms  0.592  0.000% neg 0  invalid 762 tFOTS 3.1840 tGradient 1.1450 tsec 4.6040

#GCAMreg# pass 0 level1 1 level2 1 tsec 20.178 sigma 0.5
l_jacobian=1.00 l_label=1.00 l_log_likelihood=0.20 l_smoothness=1.00 
tol=5.00e-02, dt=5.00e-02, exp_k=20.0, momentum=0.90, levels=6, niter=500, lbl_dist=10.00, avgs=1, sigma=0.5,type=2, relabel=0, neg=no

blurring input image with Gaussian with sigma=0.500...
GCAMRegisterLevel(): init RMS 0.592366
#FOTS# QuadFit found better minimum quadopt=(dt=0.448,rms=0.591231) vs oldopt=(dt=0.32,rms=0.591331)
#GCMRL#  461 dt   0.448000 rms  0.591  0.192% neg 0  invalid 762 tFOTS 3.1860 tGradient 1.1470 tsec 4.5880
#FOTS# QuadFit found better minimum quadopt=(dt=0.448,rms=0.591047) vs oldopt=(dt=0.32,rms=0.591062)
#GCMRL#  462 dt   0.448000 rms  0.591  0.000% neg 0  invalid 762 tFOTS 3.1790 tGradient 1.1430 tsec 4.5950
resetting metric properties...
setting smoothness cost coefficient to 2.000

#GCAMreg# pass 0 level1 0 level2 0 tsec 0 sigma 2
l_jacobian=1.00 l_label=1.00 l_log_likelihood=0.20 l_smoothness=2.00 
tol=5.00e-02, dt=5.00e-02, exp_k=20.0, momentum=0.90, levels=6, niter=500, lbl_dist=10.00, avgs=0, sigma=2.0,type=2, relabel=0, neg=no

blurring input image with Gaussian with sigma=2.000...
GCAMRegisterLevel(): init RMS 0.525902
#FOTS# QuadFit found better minimum quadopt=(dt=0.448,rms=0.512249) vs oldopt=(dt=0.32,rms=0.515794)
#GCMRL#  464 dt   0.448000 rms  0.512  2.596% neg 0  invalid 762 tFOTS 2.9790 tGradient 0.7320 tsec 3.9660
#FOTS# QuadFit found better minimum quadopt=(dt=0.448,rms=0.508905) vs oldopt=(dt=0.32,rms=0.509843)
#GCMRL#  465 dt   0.448000 rms  0.509  0.653% neg 0  invalid 762 tFOTS 2.9950 tGradient 0.7310 tsec 3.9800
#FOTS# QuadFit found better minimum quadopt=(dt=0.448,rms=0.506999) vs oldopt=(dt=0.32,rms=0.507533)
#GCMRL#  466 dt   0.448000 rms  0.507  0.375% neg 0  invalid 762 tFOTS 2.9820 tGradient 0.7280 tsec 3.9650
#FOTS# QuadFit found better minimum quadopt=(dt=0.448,rms=0.505876) vs oldopt=(dt=0.32,rms=0.506198)
#GCMRL#  467 dt   0.448000 rms  0.506  0.222% neg 0  invalid 762 tFOTS 2.9750 tGradient 0.6730 tsec 3.9010
#FOTS# QuadFit found better minimum quadopt=(dt=0.448,rms=0.505024) vs oldopt=(dt=0.32,rms=0.505263)
#GCMRL#  468 dt   0.448000 rms  0.505  0.168% neg 0  invalid 762 tFOTS 2.9900 tGradient 0.6730 tsec 3.9180
#FOTS# QuadFit found better minimum quadopt=(dt=0.448,rms=0.504388) vs oldopt=(dt=0.32,rms=0.504568)
#GCMRL#  469 dt   0.448000 rms  0.504  0.126% neg 0  invalid 762 tFOTS 2.9830 tGradient 0.6700 tsec 3.9060
#FOTS# QuadFit found better minimum quadopt=(dt=0.448,rms=0.503858) vs oldopt=(dt=0.32,rms=0.504002)
#GCMRL#  470 dt   0.448000 rms  0.504  0.105% neg 0  invalid 762 tFOTS 3.0020 tGradient 0.6790 tsec 3.9340
#FOTS# QuadFit found better minimum quadopt=(dt=0.448,rms=0.503457) vs oldopt=(dt=0.32,rms=0.503571)
#GCMRL#  471 dt   0.448000 rms  0.503  0.080% neg 0  invalid 762 tFOTS 2.9980 tGradient 0.6920 tsec 3.9440
#FOTS# QuadFit found better minimum quadopt=(dt=0.448,rms=0.503096) vs oldopt=(dt=0.32,rms=0.503191)
#GCMRL#  472 dt   0.448000 rms  0.503  0.072% neg 0  invalid 762 tFOTS 2.9860 tGradient 0.6850 tsec 3.9270
#FOTS# QuadFit found better minimum quadopt=(dt=0.448,rms=0.502822) vs oldopt=(dt=0.32,rms=0.5029)
#GCMRL#  473 dt   0.448000 rms  0.503  0.054% neg 0  invalid 762 tFOTS 2.9930 tGradient 0.6700 tsec 3.9190
#FOTS# QuadFit found better minimum quadopt=(dt=0.448,rms=0.502566) vs oldopt=(dt=0.32,rms=0.502632)
#GCMRL#  474 dt   0.448000 rms  0.503  0.051% neg 0  invalid 762 tFOTS 2.9870 tGradient 0.6900 tsec 3.9310
#FOTS# QuadFit found better minimum quadopt=(dt=0.448,rms=0.502373) vs oldopt=(dt=0.32,rms=0.502428)
#GCMRL#  475 dt   0.448000 rms  0.502  0.000% neg 0  invalid 762 tFOTS 2.9930 tGradient 0.6940 tsec 3.9600
#GCMRL#  476 dt   0.448000 rms  0.502  0.041% neg 0  invalid 762 tFOTS 0.0000 tGradient 0.6910 tsec 0.9440
#GCMRL#  477 dt   0.448000 rms  0.502  0.057% neg 0  invalid 762 tFOTS 0.0000 tGradient 0.6730 tsec 0.9250
#GCMRL#  478 dt   0.448000 rms  0.501  0.080% neg 0  invalid 762 tFOTS 0.0000 tGradient 0.6770 tsec 0.9300
#GCMRL#  479 dt   0.448000 rms  0.501  0.082% neg 0  invalid 762 tFOTS 0.0000 tGradient 0.6950 tsec 0.9480
#GCMRL#  480 dt   0.448000 rms  0.501  0.074% neg 0  invalid 762 tFOTS 0.0000 tGradient 0.6780 tsec 0.9290
#GCMRL#  481 dt   0.448000 rms  0.500  0.061% neg 0  invalid 762 tFOTS 0.0000 tGradient 0.6950 tsec 0.9460
#GCMRL#  482 dt   0.448000 rms  0.500 -0.012% neg 0  invalid 762 tFOTS 0.0000 tGradient 0.6780 tsec 1.2460
#GCMRL#  483 dt   0.000313 rms  0.500  0.000% neg 0  invalid 762 tFOTS 2.9980 tGradient 0.6770 tsec 3.9330
#FOTS# QuadFit found better minimum quadopt=(dt=1e-05,rms=0.500421) vs oldopt=(dt=1.25e-05,rms=0.500421)
#GCMRL#  484 dt   0.000010 rms  0.500  0.000% neg 0  invalid 762 tFOTS 4.0060 tGradient 0.6720 tsec 4.9340

#GCAMreg# pass 0 level1 0 level2 1 tsec 76.268 sigma 0.5
l_jacobian=1.00 l_label=1.00 l_log_likelihood=0.20 l_smoothness=2.00 
tol=5.00e-02, dt=5.00e-02, exp_k=20.0, momentum=0.90, levels=6, niter=500, lbl_dist=10.00, avgs=0, sigma=0.5,type=2, relabel=0, neg=no

blurring input image with Gaussian with sigma=0.500...
GCAMRegisterLevel(): init RMS 0.501148
#FOTS# QuadFit found better minimum quadopt=(dt=0.448,rms=0.49558) vs oldopt=(dt=0.32,rms=0.496875)
#GCMRL#  486 dt   0.448000 rms  0.496  1.111% neg 0  invalid 762 tFOTS 3.0000 tGradient 0.6800 tsec 3.9350
#FOTS# QuadFit found better minimum quadopt=(dt=0.59375,rms=0.49443) vs oldopt=(dt=0.32,rms=0.494931)
#GCMRL#  487 dt   0.593750 rms  0.494  0.232% neg 0  invalid 762 tFOTS 2.9860 tGradient 0.6950 tsec 3.9340
#FOTS# QuadFit found better minimum quadopt=(dt=0.448,rms=0.494168) vs oldopt=(dt=0.32,rms=0.494235)
#GCMRL#  488 dt   0.448000 rms  0.494  0.053% neg 0  invalid 762 tFOTS 2.9970 tGradient 0.6920 tsec 3.9430
#FOTS# QuadFit found better minimum quadopt=(dt=0.448,rms=0.493998) vs oldopt=(dt=0.32,rms=0.494036)
#GCMRL#  489 dt   0.448000 rms  0.494  0.000% neg 0  invalid 762 tFOTS 2.9910 tGradient 0.6900 tsec 3.9550
#GCMRL#  490 dt   0.448000 rms  0.494  0.017% neg 0  invalid 762 tFOTS 0.0000 tGradient 0.6880 tsec 0.9410
#GCMRL#  491 dt   0.448000 rms  0.494  0.022% neg 0  invalid 762 tFOTS 0.0000 tGradient 0.6910 tsec 0.9420
#GCMRL#  492 dt   0.448000 rms  0.494  0.020% neg 0  invalid 762 tFOTS 0.0000 tGradient 0.6900 tsec 0.9410
#GCMRL#  493 dt   0.448000 rms  0.494  0.004% neg 0  invalid 762 tFOTS 0.0000 tGradient 0.6900 tsec 0.9580
#FOTS# QuadFit found better minimum quadopt=(dt=0.064,rms=0.493664) vs oldopt=(dt=0.08,rms=0.493664)
#GCMRL#  494 dt   0.064000 rms  0.494  0.005% neg 0  invalid 762 tFOTS 2.9890 tGradient 0.6920 tsec 3.9380
#FOTS# QuadFit found better minimum quadopt=(dt=0.028,rms=0.493659) vs oldopt=(dt=0.02,rms=0.493659)
GCAMregister done in 23.4837 min
********************* ALLOWING NEGATIVE NODES IN DEFORMATION********************************
noneg post
Starting GCAMregister()
label assignment complete, 0 changed (0.00%)
npasses = 1, nlevels = 6
#pass# 1 of 1 ************************
enabling zero nodes
setting smoothness cost coefficient to 0.008

#GCAMreg# pass 0 level1 5 level2 0 tsec 0 sigma 2
l_jacobian=1.00 l_label=1.00 l_log_likelihood=0.20 l_smoothness=0.01 
tol=2.50e-01, dt=5.00e-02, exp_k=20.0, momentum=0.90, levels=6, niter=500, lbl_dist=10.00, avgs=256, sigma=2.0,type=2, relabel=0, neg=yes

blurring input image with Gaussian with sigma=2.000...
GCAMRegisterLevel(): init RMS 0.492082
#FOTS# QuadFit found better minimum quadopt=(dt=27.744,rms=0.49129) vs oldopt=(dt=23.12,rms=0.491291)
#GCMRL#  496 dt  27.744000 rms  0.491  0.161% neg 0  invalid 762 tFOTS 3.8150 tGradient 2.7310 tsec 6.8020
#FOTS# QuadFit found better minimum quadopt=(dt=6.936,rms=0.491294) vs oldopt=(dt=5.78,rms=0.491294)

#GCAMreg# pass 0 level1 5 level2 1 tsec 23.037 sigma 0.5
l_jacobian=1.00 l_label=1.00 l_log_likelihood=0.20 l_smoothness=0.01 
tol=2.50e-01, dt=5.00e-02, exp_k=20.0, momentum=0.90, levels=6, niter=500, lbl_dist=10.00, avgs=256, sigma=0.5,type=2, relabel=0, neg=yes

blurring input image with Gaussian with sigma=0.500...
GCAMRegisterLevel(): init RMS 0.492049
#FOTS# QuadFit found better minimum quadopt=(dt=110.976,rms=0.491085) vs oldopt=(dt=92.48,rms=0.491091)
#GCMRL#  498 dt 110.976000 rms  0.491  0.196% neg 0  invalid 762 tFOTS 3.6160 tGradient 2.7630 tsec 6.6330
#GCMRL#  499 dt 369.920000 rms  0.491  0.000% neg 0  invalid 762 tFOTS 3.5980 tGradient 2.6650 tsec 6.5380
setting smoothness cost coefficient to 0.031

#GCAMreg# pass 0 level1 4 level2 0 tsec 0 sigma 2
l_jacobian=1.00 l_label=1.00 l_log_likelihood=0.20 l_smoothness=0.03 
tol=2.50e-01, dt=5.00e-02, exp_k=20.0, momentum=0.90, levels=6, niter=500, lbl_dist=10.00, avgs=64, sigma=2.0,type=2, relabel=0, neg=yes

blurring input image with Gaussian with sigma=2.000...
GCAMRegisterLevel(): init RMS 0.491451
#FOTS# QuadFit found better minimum quadopt=(dt=31.104,rms=0.490325) vs oldopt=(dt=25.92,rms=0.49033)
#GCMRL#  501 dt  31.104000 rms  0.490  0.229% neg 0  invalid 762 tFOTS 3.8200 tGradient 1.9970 tsec 6.0730
#FOTS# QuadFit found better minimum quadopt=(dt=20.736,rms=0.490259) vs oldopt=(dt=25.92,rms=0.490263)
#GCMRL#  502 dt  20.736000 rms  0.490  0.000% neg 0  invalid 762 tFOTS 3.6210 tGradient 2.0600 tsec 5.9550
#GCMRL#  503 dt  20.736000 rms  0.490  0.006% neg 0  invalid 762 tFOTS 0.0000 tGradient 2.0520 tsec 2.2990

#GCAMreg# pass 0 level1 4 level2 1 tsec 26.081 sigma 0.5
l_jacobian=1.00 l_label=1.00 l_log_likelihood=0.20 l_smoothness=0.03 
tol=2.50e-01, dt=5.00e-02, exp_k=20.0, momentum=0.90, levels=6, niter=500, lbl_dist=10.00, avgs=64, sigma=0.5,type=2, relabel=0, neg=yes

blurring input image with Gaussian with sigma=0.500...
GCAMRegisterLevel(): init RMS 0.491037
#FOTS# QuadFit found better minimum quadopt=(dt=36.288,rms=0.489032) vs oldopt=(dt=25.92,rms=0.489259)
#GCMRL#  505 dt  36.288000 rms  0.489  0.408% neg 0  invalid 762 tFOTS 3.8060 tGradient 2.0690 tsec 6.1300
#FOTS# QuadFit found better minimum quadopt=(dt=124.416,rms=0.487827) vs oldopt=(dt=103.68,rms=0.48788)
#GCMRL#  506 dt 124.416000 rms  0.488  0.000% neg 0  invalid 762 tFOTS 3.6090 tGradient 2.0100 tsec 5.8930
setting smoothness cost coefficient to 0.118

#GCAMreg# pass 0 level1 3 level2 0 tsec 0 sigma 2
l_jacobian=1.00 l_label=1.00 l_log_likelihood=0.20 l_smoothness=0.12 
tol=2.50e-01, dt=5.00e-02, exp_k=20.0, momentum=0.90, levels=6, niter=500, lbl_dist=10.00, avgs=16, sigma=2.0,type=2, relabel=0, neg=yes

blurring input image with Gaussian with sigma=2.000...
GCAMRegisterLevel(): init RMS 0.488785
#FOTS# QuadFit found better minimum quadopt=(dt=27.8065,rms=0.484855) vs oldopt=(dt=32,rms=0.484951)
#GCMRL#  508 dt  27.806452 rms  0.485  0.804% neg 0  invalid 762 tFOTS 3.8090 tGradient 1.4710 tsec 5.5330
#FOTS# QuadFit found better minimum quadopt=(dt=38.4,rms=0.483136) vs oldopt=(dt=32,rms=0.483215)
iter 0, gcam->neg = 6
after 10 iterations, nbhd size=1, neg = 0
#GCMRL#  509 dt  38.400000 rms  0.483  0.350% neg 0  invalid 762 tFOTS 3.8050 tGradient 1.5390 tsec 9.4890
#FOTS# QuadFit found better minimum quadopt=(dt=25.6,rms=0.482219) vs oldopt=(dt=32,rms=0.482307)
iter 0, gcam->neg = 3
after 0 iterations, nbhd size=0, neg = 0
#GCMRL#  510 dt  25.600000 rms  0.482  0.000% neg 0  invalid 762 tFOTS 3.8340 tGradient 1.2610 tsec 6.0800
iter 0, gcam->neg = 5
after 8 iterations, nbhd size=1, neg = 0
#GCMRL#  511 dt  25.600000 rms  0.481  0.182% neg 0  invalid 762 tFOTS 0.0000 tGradient 1.2330 tsec 4.9200
iter 0, gcam->neg = 4
after 4 iterations, nbhd size=0, neg = 0
#GCMRL#  512 dt  25.600000 rms  0.480  0.199% neg 0  invalid 762 tFOTS 0.0000 tGradient 1.1910 tsec 3.4660
iter 0, gcam->neg = 17
after 13 iterations, nbhd size=1, neg = 0
#GCMRL#  513 dt  25.600000 rms  0.480  0.095% neg 0  invalid 762 tFOTS 0.0000 tGradient 1.2150 tsec 6.4620
iter 0, gcam->neg = 36
after 17 iterations, nbhd size=1, neg = 0
#GCMRL#  514 dt  25.600000 rms  0.479  0.115% neg 0  invalid 762 tFOTS 0.0000 tGradient 1.2330 tsec 7.8000
iter 0, gcam->neg = 41
after 18 iterations, nbhd size=1, neg = 0
#GCMRL#  515 dt  25.600000 rms  0.479  0.060% neg 0  invalid 762 tFOTS 0.0000 tGradient 1.1970 tsec 8.1320
#FOTS# QuadFit found better minimum quadopt=(dt=19.2,rms=0.478554) vs oldopt=(dt=32,rms=0.478753)
iter 0, gcam->neg = 2
after 3 iterations, nbhd size=0, neg = 0
#GCMRL#  516 dt  19.200000 rms  0.479  0.112% neg 0  invalid 762 tFOTS 3.8200 tGradient 1.2210 tsec 6.9920
#FOTS# QuadFit found better minimum quadopt=(dt=44.8,rms=0.47786) vs oldopt=(dt=32,rms=0.477899)
iter 0, gcam->neg = 5
after 1 iterations, nbhd size=0, neg = 0
#GCMRL#  517 dt  44.800000 rms  0.478  0.145% neg 0  invalid 762 tFOTS 3.8320 tGradient 1.2280 tsec 6.3530
#FOTS# QuadFit found better minimum quadopt=(dt=11.2,rms=0.47753) vs oldopt=(dt=8,rms=0.477605)
iter 0, gcam->neg = 1
after 6 iterations, nbhd size=1, neg = 0
#GCMRL#  518 dt  11.200000 rms  0.478  0.000% neg 0  invalid 762 tFOTS 3.8350 tGradient 1.2660 tsec 8.0580
iter 0, gcam->neg = 2
after 3 iterations, nbhd size=0, neg = 0
#GCMRL#  519 dt  11.200000 rms  0.477  0.056% neg 0  invalid 762 tFOTS 0.0000 tGradient 1.2330 tsec 3.1800
iter 0, gcam->neg = 1
after 0 iterations, nbhd size=0, neg = 0
#GCMRL#  520 dt  11.200000 rms  0.477  0.047% neg 0  invalid 762 tFOTS 0.0000 tGradient 1.2340 tsec 2.1920
iter 0, gcam->neg = 1
after 2 iterations, nbhd size=0, neg = 0
#GCMRL#  521 dt  11.200000 rms  0.477  0.066% neg 0  invalid 762 tFOTS 0.0000 tGradient 1.2370 tsec 2.8500
iter 0, gcam->neg = 5
after 14 iterations, nbhd size=1, neg = 0
#GCMRL#  522 dt  11.200000 rms  0.476  0.071% neg 0  invalid 762 tFOTS 0.0000 tGradient 1.2260 tsec 6.7960
iter 0, gcam->neg = 2
after 1 iterations, nbhd size=0, neg = 0

#GCAMreg# pass 0 level1 3 level2 1 tsec 100.221 sigma 0.5
l_jacobian=1.00 l_label=1.00 l_log_likelihood=0.20 l_smoothness=0.12 
tol=2.50e-01, dt=5.00e-02, exp_k=20.0, momentum=0.90, levels=6, niter=500, lbl_dist=10.00, avgs=16, sigma=0.5,type=2, relabel=0, neg=yes

blurring input image with Gaussian with sigma=0.500...
GCAMRegisterLevel(): init RMS 0.476881
#FOTS# QuadFit found better minimum quadopt=(dt=35.3613,rms=0.472124) vs oldopt=(dt=32,rms=0.47214)
#GCMRL#  524 dt  35.361345 rms  0.472  0.997% neg 0  invalid 762 tFOTS 3.8310 tGradient 1.2290 tsec 5.3190
#FOTS# QuadFit found better minimum quadopt=(dt=25.4118,rms=0.470519) vs oldopt=(dt=8,rms=0.47085)
#GCMRL#  525 dt  25.411765 rms  0.471  0.340% neg 0  invalid 762 tFOTS 3.8340 tGradient 1.2250 tsec 5.3140
#FOTS# QuadFit found better minimum quadopt=(dt=11.2,rms=0.469141) vs oldopt=(dt=8,rms=0.46939)
#GCMRL#  526 dt  11.200000 rms  0.469  0.293% neg 0  invalid 762 tFOTS 3.8610 tGradient 1.2280 tsec 5.3440
#FOTS# QuadFit found better minimum quadopt=(dt=114.593,rms=0.466298) vs oldopt=(dt=128,rms=0.46637)
iter 0, gcam->neg = 4
after 1 iterations, nbhd size=0, neg = 0
#GCMRL#  527 dt 114.592885 rms  0.466  0.606% neg 0  invalid 762 tFOTS 3.8100 tGradient 1.2170 tsec 6.3220
#FOTS# QuadFit found better minimum quadopt=(dt=11.2,rms=0.465403) vs oldopt=(dt=8,rms=0.465535)
#GCMRL#  528 dt  11.200000 rms  0.465  0.000% neg 0  invalid 762 tFOTS 3.7410 tGradient 1.2100 tsec 5.2220
#GCMRL#  529 dt  11.200000 rms  0.465  0.045% neg 0  invalid 762 tFOTS 0.0000 tGradient 1.2020 tsec 1.4480
#GCMRL#  530 dt  11.200000 rms  0.465  0.058% neg 0  invalid 762 tFOTS 0.0000 tGradient 1.2120 tsec 1.4580
#GCMRL#  531 dt  11.200000 rms  0.465  0.063% neg 0  invalid 762 tFOTS 0.0000 tGradient 1.2160 tsec 1.4640
#GCMRL#  532 dt  11.200000 rms  0.464  0.075% neg 0  invalid 762 tFOTS 0.0000 tGradient 1.2080 tsec 1.4540
#GCMRL#  533 dt  11.200000 rms  0.464  0.088% neg 0  invalid 762 tFOTS 0.0000 tGradient 1.1840 tsec 1.4300
#GCMRL#  534 dt  11.200000 rms  0.463  0.091% neg 0  invalid 762 tFOTS 0.0000 tGradient 1.1850 tsec 1.4270
#GCMRL#  535 dt  11.200000 rms  0.463  0.103% neg 0  invalid 762 tFOTS 0.0000 tGradient 1.2080 tsec 1.4530
#GCMRL#  536 dt  11.200000 rms  0.462  0.113% neg 0  invalid 762 tFOTS 0.0000 tGradient 1.1860 tsec 1.4300
#GCMRL#  537 dt  11.200000 rms  0.462  0.094% neg 0  invalid 762 tFOTS 0.0000 tGradient 1.2070 tsec 1.4510
#GCMRL#  538 dt  11.200000 rms  0.462  0.076% neg 0  invalid 762 tFOTS 0.0000 tGradient 1.2100 tsec 1.4750
#FOTS# QuadFit found better minimum quadopt=(dt=38.4,rms=0.461557) vs oldopt=(dt=32,rms=0.461558)
iter 0, gcam->neg = 1
after 3 iterations, nbhd size=0, neg = 0
setting smoothness cost coefficient to 0.400

#GCAMreg# pass 0 level1 2 level2 0 tsec 0 sigma 2
l_jacobian=1.00 l_label=1.00 l_log_likelihood=0.20 l_smoothness=0.40 
tol=2.50e-01, dt=5.00e-02, exp_k=20.0, momentum=0.90, levels=6, niter=500, lbl_dist=10.00, avgs=4, sigma=2.0,type=2, relabel=0, neg=yes

blurring input image with Gaussian with sigma=2.000...
GCAMRegisterLevel(): init RMS 0.46746
#GCMRL#  540 dt   0.720000 rms  0.467  0.162% neg 0  invalid 762 tFOTS 3.8180 tGradient 1.1530 tsec 5.2230
#FOTS# QuadFit found better minimum quadopt=(dt=0.216,rms=0.466698) vs oldopt=(dt=0.18,rms=0.466698)
#GCMRL#  541 dt   0.216000 rms  0.467  0.000% neg 0  invalid 762 tFOTS 3.6190 tGradient 1.1620 tsec 5.0540
#GCMRL#  542 dt   0.216000 rms  0.467  0.001% neg 0  invalid 762 tFOTS 0.0000 tGradient 1.1450 tsec 1.3930

#GCAMreg# pass 0 level1 2 level2 1 tsec 22.55 sigma 0.5
l_jacobian=1.00 l_label=1.00 l_log_likelihood=0.20 l_smoothness=0.40 
tol=2.50e-01, dt=5.00e-02, exp_k=20.0, momentum=0.90, levels=6, niter=500, lbl_dist=10.00, avgs=4, sigma=0.5,type=2, relabel=0, neg=yes

blurring input image with Gaussian with sigma=0.500...
GCAMRegisterLevel(): init RMS 0.467439
#FOTS# QuadFit found better minimum quadopt=(dt=5.33333,rms=0.466332) vs oldopt=(dt=2.88,rms=0.466409)
#GCMRL#  544 dt   5.333333 rms  0.466  0.237% neg 0  invalid 762 tFOTS 3.8290 tGradient 1.1450 tsec 5.2270
#FOTS# QuadFit found better minimum quadopt=(dt=7.28713,rms=0.466019) vs oldopt=(dt=11.52,rms=0.466123)
#GCMRL#  545 dt   7.287129 rms  0.466  0.000% neg 0  invalid 762 tFOTS 3.8410 tGradient 1.1630 tsec 5.3090
#GCMRL#  546 dt   7.287129 rms  0.466  0.100% neg 0  invalid 762 tFOTS 0.0000 tGradient 1.1600 tsec 1.4070
#GCMRL#  547 dt   7.287129 rms  0.465  0.109% neg 0  invalid 762 tFOTS 0.0000 tGradient 1.1730 tsec 1.4210
iter 0, gcam->neg = 6
after 1 iterations, nbhd size=0, neg = 0
#GCMRL#  548 dt   7.287129 rms  0.464  0.130% neg 0  invalid 762 tFOTS 0.0000 tGradient 1.1480 tsec 2.4240
iter 0, gcam->neg = 6
after 2 iterations, nbhd size=0, neg = 0
#GCMRL#  549 dt   7.287129 rms  0.463  0.250% neg 0  invalid 762 tFOTS 0.0000 tGradient 1.1320 tsec 2.7440
iter 0, gcam->neg = 6
after 3 iterations, nbhd size=0, neg = 0
#GCMRL#  550 dt   7.287129 rms  0.461  0.444% neg 0  invalid 762 tFOTS 0.0000 tGradient 1.1510 tsec 3.0910
iter 0, gcam->neg = 10
after 4 iterations, nbhd size=0, neg = 0
#GCMRL#  551 dt   7.287129 rms  0.459  0.584% neg 0  invalid 762 tFOTS 0.0000 tGradient 1.1520 tsec 3.4550
iter 0, gcam->neg = 7
after 4 iterations, nbhd size=0, neg = 0
#GCMRL#  552 dt   7.287129 rms  0.456  0.543% neg 0  invalid 762 tFOTS 0.0000 tGradient 1.1460 tsec 3.4150
iter 0, gcam->neg = 6
after 1 iterations, nbhd size=0, neg = 0
#GCMRL#  553 dt   7.287129 rms  0.454  0.409% neg 0  invalid 762 tFOTS 0.0000 tGradient 1.1750 tsec 2.4570
iter 0, gcam->neg = 4
after 3 iterations, nbhd size=0, neg = 0
#GCMRL#  554 dt   7.287129 rms  0.453  0.187% neg 0  invalid 762 tFOTS 0.0000 tGradient 1.1730 tsec 3.1090
iter 0, gcam->neg = 1
after 1 iterations, nbhd size=0, neg = 0
#GCMRL#  555 dt   7.287129 rms  0.453 -0.013% neg 0  invalid 762 tFOTS 0.0000 tGradient 1.1730 tsec 2.6510
#FOTS# QuadFit found better minimum quadopt=(dt=0.0005625,rms=0.453335) vs oldopt=(dt=0.000703125,rms=0.453335)
#GCMRL#  556 dt   0.000563 rms  0.453  0.000% neg 0  invalid 762 tFOTS 3.8180 tGradient 1.1650 tsec 5.2370
setting smoothness cost coefficient to 1.000

#GCAMreg# pass 0 level1 1 level2 0 tsec 0 sigma 2
l_jacobian=1.00 l_label=1.00 l_log_likelihood=0.20 l_smoothness=1.00 
tol=2.50e-01, dt=5.00e-02, exp_k=20.0, momentum=0.90, levels=6, niter=500, lbl_dist=10.00, avgs=1, sigma=2.0,type=2, relabel=0, neg=yes

blurring input image with Gaussian with sigma=2.000...
GCAMRegisterLevel(): init RMS 0.461265
#GCMRL#  558 dt   0.000000 rms  0.460  0.173% neg 0  invalid 762 tFOTS 3.6480 tGradient 1.1130 tsec 5.0160

#GCAMreg# pass 0 level1 1 level2 1 tsec 19.503 sigma 0.5
l_jacobian=1.00 l_label=1.00 l_log_likelihood=0.20 l_smoothness=1.00 
tol=2.50e-01, dt=5.00e-02, exp_k=20.0, momentum=0.90, levels=6, niter=500, lbl_dist=10.00, avgs=1, sigma=0.5,type=2, relabel=0, neg=yes

blurring input image with Gaussian with sigma=0.500...
GCAMRegisterLevel(): init RMS 0.461265
#FOTS# QuadFit found better minimum quadopt=(dt=0,rms=0.460466) vs oldopt=(dt=0,rms=0.460466)
#GCMRL#  560 dt   0.000000 rms  0.460  0.173% neg 0  invalid 762 tFOTS 3.5860 tGradient 1.1060 tsec 4.9450
resetting metric properties...
setting smoothness cost coefficient to 2.000

#GCAMreg# pass 0 level1 0 level2 0 tsec 0 sigma 2
l_jacobian=1.00 l_label=1.00 l_log_likelihood=0.20 l_smoothness=2.00 
tol=2.50e-01, dt=5.00e-02, exp_k=20.0, momentum=0.90, levels=6, niter=500, lbl_dist=10.00, avgs=0, sigma=2.0,type=2, relabel=0, neg=yes

blurring input image with Gaussian with sigma=2.000...
GCAMRegisterLevel(): init RMS 0.449337
#FOTS# QuadFit found better minimum quadopt=(dt=1.7369,rms=0.427267) vs oldopt=(dt=1.28,rms=0.428941)
iter 0, gcam->neg = 714
after 14 iterations, nbhd size=1, neg = 0
#GCMRL#  562 dt   1.736897 rms  0.427  4.894% neg 0  invalid 762 tFOTS 3.7810 tGradient 0.6960 tsec 10.1350
#GCMRL#  563 dt   0.000013 rms  0.427  0.000% neg 0  invalid 762 tFOTS 4.8200 tGradient 0.7100 tsec 5.8040

#GCAMreg# pass 0 level1 0 level2 1 tsec 26.426 sigma 0.5
l_jacobian=1.00 l_label=1.00 l_log_likelihood=0.20 l_smoothness=2.00 
tol=2.50e-01, dt=5.00e-02, exp_k=20.0, momentum=0.90, levels=6, niter=500, lbl_dist=10.00, avgs=0, sigma=0.5,type=2, relabel=0, neg=yes

blurring input image with Gaussian with sigma=0.500...
GCAMRegisterLevel(): init RMS 0.428263
#FOTS# QuadFit found better minimum quadopt=(dt=0.064,rms=0.42717) vs oldopt=(dt=0.08,rms=0.427172)
#GCMRL#  565 dt   0.064000 rms  0.427  0.255% neg 0  invalid 762 tFOTS 3.8080 tGradient 0.6960 tsec 4.7560
#FOTS# QuadFit found better minimum quadopt=(dt=0.007,rms=0.427152) vs oldopt=(dt=0.005,rms=0.427152)
#GCMRL#  566 dt   0.007000 rms  0.427  0.000% neg 0  invalid 762 tFOTS 3.8350 tGradient 0.6750 tsec 4.7800
label assignment complete, 0 changed (0.00%)
GCAMregister done in 6.20088 min
Starting GCAMcomputeMaxPriorLabels()
Morphing with label term set to 0 *******************************
Starting GCAMregister()
label assignment complete, 0 changed (0.00%)
npasses = 1, nlevels = 6
#pass# 1 of 1 ************************
enabling zero nodes
setting smoothness cost coefficient to 0.008

#GCAMreg# pass 0 level1 5 level2 0 tsec 0 sigma 2
l_jacobian=1.00 l_log_likelihood=0.20 l_smoothness=0.01 
tol=2.50e-01, dt=5.00e-02, exp_k=20.0, momentum=0.90, levels=6, niter=500, lbl_dist=10.00, avgs=256, sigma=2.0,type=2, relabel=0, neg=yes

blurring input image with Gaussian with sigma=2.000...
GCAMRegisterLevel(): init RMS 0.417821

#GCAMreg# pass 0 level1 5 level2 1 tsec 14.13 sigma 0.5
l_jacobian=1.00 l_log_likelihood=0.20 l_smoothness=0.01 
tol=2.50e-01, dt=5.00e-02, exp_k=20.0, momentum=0.90, levels=6, niter=500, lbl_dist=10.00, avgs=256, sigma=0.5,type=2, relabel=0, neg=yes

blurring input image with Gaussian with sigma=0.500...
GCAMRegisterLevel(): init RMS 0.417821
#FOTS# QuadFit found better minimum quadopt=(dt=32.368,rms=0.417797) vs oldopt=(dt=23.12,rms=0.417799)
#GCMRL#  569 dt  32.368000 rms  0.418  0.006% neg 0  invalid 762 tFOTS 3.4500 tGradient 1.1440 tsec 4.8310
#FOTS# QuadFit found better minimum quadopt=(dt=8.092,rms=0.417796) vs oldopt=(dt=5.78,rms=0.417796)
#GCMRL#  570 dt   8.092000 rms  0.418  0.000% neg 0  invalid 762 tFOTS 3.4370 tGradient 1.1330 tsec 4.8230
setting smoothness cost coefficient to 0.031

#GCAMreg# pass 0 level1 4 level2 0 tsec 0 sigma 2
l_jacobian=1.00 l_log_likelihood=0.20 l_smoothness=0.03 
tol=2.50e-01, dt=5.00e-02, exp_k=20.0, momentum=0.90, levels=6, niter=500, lbl_dist=10.00, avgs=64, sigma=2.0,type=2, relabel=0, neg=yes

blurring input image with Gaussian with sigma=2.000...
GCAMRegisterLevel(): init RMS 0.417916

#GCAMreg# pass 0 level1 4 level2 1 tsec 13.725 sigma 0.5
l_jacobian=1.00 l_log_likelihood=0.20 l_smoothness=0.03 
tol=2.50e-01, dt=5.00e-02, exp_k=20.0, momentum=0.90, levels=6, niter=500, lbl_dist=10.00, avgs=64, sigma=0.5,type=2, relabel=0, neg=yes

blurring input image with Gaussian with sigma=0.500...
GCAMRegisterLevel(): init RMS 0.417916
#FOTS# QuadFit found better minimum quadopt=(dt=36.288,rms=0.417723) vs oldopt=(dt=25.92,rms=0.417753)
#GCMRL#  573 dt  36.288000 rms  0.418  0.046% neg 0  invalid 762 tFOTS 3.2650 tGradient 0.8820 tsec 4.3800
#FOTS# QuadFit found better minimum quadopt=(dt=82.944,rms=0.417596) vs oldopt=(dt=103.68,rms=0.417611)
#GCMRL#  574 dt  82.944000 rms  0.418  0.000% neg 0  invalid 762 tFOTS 3.2700 tGradient 0.8940 tsec 4.4200
#GCMRL#  575 dt  82.944000 rms  0.417  0.029% neg 0  invalid 762 tFOTS 0.0000 tGradient 0.9270 tsec 1.1590
#GCMRL#  576 dt  82.944000 rms  0.417  0.014% neg 0  invalid 762 tFOTS 0.0000 tGradient 0.8820 tsec 1.1100
setting smoothness cost coefficient to 0.118

#GCAMreg# pass 0 level1 3 level2 0 tsec 0 sigma 2
l_jacobian=1.00 l_log_likelihood=0.20 l_smoothness=0.12 
tol=2.50e-01, dt=5.00e-02, exp_k=20.0, momentum=0.90, levels=6, niter=500, lbl_dist=10.00, avgs=16, sigma=2.0,type=2, relabel=0, neg=yes

blurring input image with Gaussian with sigma=2.000...
GCAMRegisterLevel(): init RMS 0.41789
#FOTS# QuadFit found better minimum quadopt=(dt=2.8,rms=0.417858) vs oldopt=(dt=2,rms=0.417861)
#GCMRL#  578 dt   2.800000 rms  0.418  0.008% neg 0  invalid 762 tFOTS 3.4670 tGradient 0.8370 tsec 4.5420
#FOTS# QuadFit found better minimum quadopt=(dt=0.4,rms=0.417857) vs oldopt=(dt=0.5,rms=0.417857)
#GCMRL#  579 dt   0.400000 rms  0.418  0.000% neg 0  invalid 762 tFOTS 3.4140 tGradient 0.7980 tsec 4.4660

#GCAMreg# pass 0 level1 3 level2 1 tsec 19.345 sigma 0.5
l_jacobian=1.00 l_log_likelihood=0.20 l_smoothness=0.12 
tol=2.50e-01, dt=5.00e-02, exp_k=20.0, momentum=0.90, levels=6, niter=500, lbl_dist=10.00, avgs=16, sigma=0.5,type=2, relabel=0, neg=yes

blurring input image with Gaussian with sigma=0.500...
GCAMRegisterLevel(): init RMS 0.417857
#FOTS# QuadFit found better minimum quadopt=(dt=97.3617,rms=0.415489) vs oldopt=(dt=32,rms=0.416176)
iter 0, gcam->neg = 21
after 9 iterations, nbhd size=1, neg = 0
#GCMRL#  581 dt  97.361702 rms  0.416  0.540% neg 0  invalid 762 tFOTS 3.4380 tGradient 0.8850 tsec 8.2310
#FOTS# QuadFit found better minimum quadopt=(dt=11.2,rms=0.414485) vs oldopt=(dt=8,rms=0.414708)
#GCMRL#  582 dt  11.200000 rms  0.414  0.269% neg 0  invalid 762 tFOTS 3.3270 tGradient 0.7680 tsec 4.7090
iter 0, gcam->neg = 2
after 2 iterations, nbhd size=0, neg = 0
#GCMRL#  583 dt  32.000000 rms  0.414  0.000% neg 0  invalid 762 tFOTS 3.3610 tGradient 0.7650 tsec 5.7570
iter 0, gcam->neg = 3
after 2 iterations, nbhd size=0, neg = 0
#GCMRL#  584 dt  32.000000 rms  0.414  0.070% neg 0  invalid 762 tFOTS 0.0000 tGradient 0.7750 tsec 2.3730
iter 0, gcam->neg = 7
after 2 iterations, nbhd size=0, neg = 0
#GCMRL#  585 dt  32.000000 rms  0.413  0.148% neg 0  invalid 762 tFOTS 0.0000 tGradient 0.7830 tsec 2.4040
iter 0, gcam->neg = 5
after 2 iterations, nbhd size=0, neg = 0
#GCMRL#  586 dt  32.000000 rms  0.413  0.140% neg 0  invalid 762 tFOTS 0.0000 tGradient 0.7880 tsec 2.3990
iter 0, gcam->neg = 9
after 1 iterations, nbhd size=0, neg = 0
#GCMRL#  587 dt  32.000000 rms  0.412  0.153% neg 0  invalid 762 tFOTS 0.0000 tGradient 0.7820 tsec 2.0680
iter 0, gcam->neg = 7
after 1 iterations, nbhd size=0, neg = 0
#GCMRL#  588 dt  32.000000 rms  0.411  0.135% neg 0  invalid 762 tFOTS 0.0000 tGradient 0.7970 tsec 2.0950
iter 0, gcam->neg = 9
after 12 iterations, nbhd size=1, neg = 0
#GCMRL#  589 dt  32.000000 rms  0.411  0.114% neg 0  invalid 762 tFOTS 0.0000 tGradient 0.7950 tsec 5.7470
iter 0, gcam->neg = 7
after 1 iterations, nbhd size=0, neg = 0
#GCMRL#  590 dt  32.000000 rms  0.410  0.110% neg 0  invalid 762 tFOTS 0.0000 tGradient 0.7900 tsec 2.0860
#GCMRL#  591 dt  32.000000 rms  0.410  0.000% neg 0  invalid 762 tFOTS 3.1730 tGradient 0.8230 tsec 4.2430
iter 0, gcam->neg = 3
after 6 iterations, nbhd size=0, neg = 0
#GCMRL#  592 dt  32.000000 rms  0.410  0.017% neg 0  invalid 762 tFOTS 0.0000 tGradient 0.7950 tsec 3.7280
iter 0, gcam->neg = 6
after 5 iterations, nbhd size=0, neg = 0
#GCMRL#  593 dt  32.000000 rms  0.410  0.035% neg 0  invalid 762 tFOTS 0.0000 tGradient 0.7850 tsec 3.3880
iter 0, gcam->neg = 7
after 16 iterations, nbhd size=1, neg = 0
setting smoothness cost coefficient to 0.400

#GCAMreg# pass 0 level1 2 level2 0 tsec 0 sigma 2
l_jacobian=1.00 l_log_likelihood=0.20 l_smoothness=0.40 
tol=2.50e-01, dt=5.00e-02, exp_k=20.0, momentum=0.90, levels=6, niter=500, lbl_dist=10.00, avgs=4, sigma=2.0,type=2, relabel=0, neg=yes

blurring input image with Gaussian with sigma=2.000...
GCAMRegisterLevel(): init RMS 0.413631
#FOTS# QuadFit found better minimum quadopt=(dt=1.008,rms=0.413603) vs oldopt=(dt=0.72,rms=0.413607)
#GCMRL#  595 dt   1.008000 rms  0.414  0.007% neg 0  invalid 762 tFOTS 3.1670 tGradient 0.7400 tsec 4.1360
#GCMRL#  596 dt   0.180000 rms  0.414  0.000% neg 0  invalid 762 tFOTS 3.1820 tGradient 0.7470 tsec 4.2420

#GCAMreg# pass 0 level1 2 level2 1 tsec 18.683 sigma 0.5
l_jacobian=1.00 l_log_likelihood=0.20 l_smoothness=0.40 
tol=2.50e-01, dt=5.00e-02, exp_k=20.0, momentum=0.90, levels=6, niter=500, lbl_dist=10.00, avgs=4, sigma=0.5,type=2, relabel=0, neg=yes

blurring input image with Gaussian with sigma=0.500...
GCAMRegisterLevel(): init RMS 0.413603
#FOTS# QuadFit found better minimum quadopt=(dt=12.3711,rms=0.412719) vs oldopt=(dt=11.52,rms=0.412722)
iter 0, gcam->neg = 6
after 13 iterations, nbhd size=1, neg = 0
#GCMRL#  598 dt  12.371134 rms  0.413  0.209% neg 0  invalid 762 tFOTS 3.4540 tGradient 0.7460 tsec 9.5700
#FOTS# QuadFit found better minimum quadopt=(dt=29.0786,rms=0.411319) vs oldopt=(dt=46.08,rms=0.411824)
iter 0, gcam->neg = 37
after 15 iterations, nbhd size=1, neg = 0
#GCMRL#  599 dt  29.078556 rms  0.411  0.316% neg 0  invalid 762 tFOTS 3.4300 tGradient 0.7410 tsec 10.0660
#FOTS# QuadFit found better minimum quadopt=(dt=8.08333,rms=0.411045) vs oldopt=(dt=11.52,rms=0.411105)
iter 0, gcam->neg = 4
after 11 iterations, nbhd size=1, neg = 0
#GCMRL#  600 dt   8.083333 rms  0.411  0.000% neg 0  invalid 762 tFOTS 3.4390 tGradient 0.7480 tsec 8.8150
iter 0, gcam->neg = 2
after 2 iterations, nbhd size=0, neg = 0
#GCMRL#  601 dt   8.083333 rms  0.411  0.102% neg 0  invalid 762 tFOTS 0.0000 tGradient 0.7730 tsec 2.3630
iter 0, gcam->neg = 14
after 17 iterations, nbhd size=1, neg = 0
#GCMRL#  602 dt   8.083333 rms  0.410  0.093% neg 0  invalid 762 tFOTS 0.0000 tGradient 0.7430 tsec 7.2720
iter 0, gcam->neg = 23
after 19 iterations, nbhd size=1, neg = 0
#GCMRL#  603 dt   8.083333 rms  0.410  0.080% neg 0  invalid 762 tFOTS 0.0000 tGradient 0.7510 tsec 8.0000
#FOTS# QuadFit found better minimum quadopt=(dt=20.3636,rms=0.409839) vs oldopt=(dt=11.52,rms=0.409881)
iter 0, gcam->neg = 20
after 11 iterations, nbhd size=1, neg = 0
setting smoothness cost coefficient to 1.000

#GCAMreg# pass 0 level1 1 level2 0 tsec 0 sigma 2
l_jacobian=1.00 l_log_likelihood=0.20 l_smoothness=1.00 
tol=2.50e-01, dt=5.00e-02, exp_k=20.0, momentum=0.90, levels=6, niter=500, lbl_dist=10.00, avgs=1, sigma=2.0,type=2, relabel=0, neg=yes

blurring input image with Gaussian with sigma=2.000...
GCAMRegisterLevel(): init RMS 0.414791
#GCMRL#  605 dt   0.000050 rms  0.415  0.000% neg 0  invalid 762 tFOTS 4.3610 tGradient 0.7140 tsec 5.3530

#GCAMreg# pass 0 level1 1 level2 1 tsec 18.826 sigma 0.5
l_jacobian=1.00 l_log_likelihood=0.20 l_smoothness=1.00 
tol=2.50e-01, dt=5.00e-02, exp_k=20.0, momentum=0.90, levels=6, niter=500, lbl_dist=10.00, avgs=1, sigma=0.5,type=2, relabel=0, neg=yes

blurring input image with Gaussian with sigma=0.500...
GCAMRegisterLevel(): init RMS 0.41479
resetting metric properties...
setting smoothness cost coefficient to 2.000

#GCAMreg# pass 0 level1 0 level2 0 tsec 0 sigma 2
l_jacobian=1.00 l_log_likelihood=0.20 l_smoothness=2.00 
tol=2.50e-01, dt=5.00e-02, exp_k=20.0, momentum=0.90, levels=6, niter=500, lbl_dist=10.00, avgs=0, sigma=2.0,type=2, relabel=0, neg=yes

blurring input image with Gaussian with sigma=2.000...
GCAMRegisterLevel(): init RMS 0.406544
#FOTS# QuadFit found better minimum quadopt=(dt=1.024,rms=0.398849) vs oldopt=(dt=1.28,rms=0.399435)
iter 0, gcam->neg = 508
after 14 iterations, nbhd size=1, neg = 0
#GCMRL#  608 dt   1.024000 rms  0.399  1.736% neg 0  invalid 762 tFOTS 3.4620 tGradient 0.2720 tsec 9.3170
#FOTS# QuadFit found better minimum quadopt=(dt=2.73438e-05,rms=0.399488) vs oldopt=(dt=1.95313e-05,rms=0.399488)
#GCMRL#  609 dt   0.000027 rms  0.399  0.000% neg 0  invalid 762 tFOTS 4.3390 tGradient 0.2690 tsec 4.8600

#GCAMreg# pass 0 level1 0 level2 1 tsec 24.061 sigma 0.5
l_jacobian=1.00 l_log_likelihood=0.20 l_smoothness=2.00 
tol=2.50e-01, dt=5.00e-02, exp_k=20.0, momentum=0.90, levels=6, niter=500, lbl_dist=10.00, avgs=0, sigma=0.5,type=2, relabel=0, neg=yes

blurring input image with Gaussian with sigma=0.500...
GCAMRegisterLevel(): init RMS 0.399488
#FOTS# QuadFit found better minimum quadopt=(dt=0.192,rms=0.398914) vs oldopt=(dt=0.32,rms=0.39907)
#GCMRL#  611 dt   0.192000 rms  0.399  0.144% neg 0  invalid 762 tFOTS 3.4840 tGradient 0.2690 tsec 3.9900
#GCMRL#  612 dt   0.320000 rms  0.398  0.000% neg 0  invalid 762 tFOTS 3.4760 tGradient 0.2690 tsec 4.0000
#GCMRL#  613 dt   0.320000 rms  0.398  0.168% neg 0  invalid 762 tFOTS 0.0000 tGradient 0.2620 tsec 0.4900
iter 0, gcam->neg = 46
after 10 iterations, nbhd size=1, neg = 0
#GCMRL#  614 dt   0.320000 rms  0.397  0.103% neg 0  invalid 762 tFOTS 0.0000 tGradient 0.2680 tsec 4.5190
iter 0, gcam->neg = 32
after 12 iterations, nbhd size=1, neg = 0
#GCMRL#  615 dt   0.320000 rms  0.397  0.041% neg 0  invalid 762 tFOTS 0.0000 tGradient 0.2680 tsec 5.2360
#FOTS# QuadFit found better minimum quadopt=(dt=0.256,rms=0.396952) vs oldopt=(dt=0.32,rms=0.396955)
#GCMRL#  616 dt   0.256000 rms  0.397  0.056% neg 0  invalid 762 tFOTS 3.4630 tGradient 0.2680 tsec 3.9640
iter 0, gcam->neg = 4
after 2 iterations, nbhd size=0, neg = 0
#GCMRL#  617 dt   0.320000 rms  0.397  0.000% neg 0  invalid 762 tFOTS 3.4390 tGradient 0.2660 tsec 5.3270
iter 0, gcam->neg = 1
after 0 iterations, nbhd size=0, neg = 0
#GCMRL#  618 dt   0.320000 rms  0.397  0.025% neg 0  invalid 762 tFOTS 0.0000 tGradient 0.2670 tsec 1.2110
#GCMRL#  619 dt   0.320000 rms  0.397  0.046% neg 0  invalid 762 tFOTS 0.0000 tGradient 0.2700 tsec 0.5030
iter 0, gcam->neg = 10
after 1 iterations, nbhd size=0, neg = 0
#GCMRL#  620 dt   0.320000 rms  0.396  0.050% neg 0  invalid 762 tFOTS 0.0000 tGradient 0.2710 tsec 1.5430
iter 0, gcam->neg = 12
after 12 iterations, nbhd size=1, neg = 0
#GCMRL#  621 dt   0.320000 rms  0.396  0.006% neg 0  invalid 762 tFOTS 0.0000 tGradient 0.2660 tsec 5.1710
iter 0, gcam->neg = 20
after 2 iterations, nbhd size=0, neg = 0
GCAMregister done in 4.86727 min
writing output transformation to transforms/talairach.m3z...
GCAMwrite
Calls to gcamLogLikelihoodEnergy 4653 tmin = 1.48423
Calls to gcamLabelEnergy         4038 tmin = 1.12158
Calls to gcamJacobianEnergy      4653 tmin = 0.711817
Calls to gcamSmoothnessEnergy    4653 tmin = 3.99052
Calls to gcamLogLikelihoodTerm 623 tmin = 0.586583
Calls to gcamLabelTerm         568 tmin = 4.58857
Calls to gcamJacobianTerm      623 tmin = 0.840667
Calls to gcamSmoothnessTerm    623 tmin = 0.330133
Calls to gcamComputeGradient    623 tmin = 18.7373
Calls to gcamComputeMetricProperties    6643 tmin = 1.59278
mri_ca_register took 0 hours, 44 minutes and 25 seconds.
#VMPC# mri_ca_register VmPeak  3232624
FSRUNTIME@ mri_ca_register  0.7401 hours 16 threads
#--------------------------------------
#@# SubCort Seg Fri Mar  6 14:44:44 CET 2026

 mri_ca_label -relabel_unlikely 9 .3 -prior 0.5 -align norm.mgz transforms/talairach.m3z /opt/freesurfer/average/RB_all_2020-01-02.gca aseg.auto_noCCseg.mgz 

sysname  Linux
hostname dna042
machine  x86_64

setenv SUBJECTS_DIR /out/sourcedata/freesurfer
cd /out/sourcedata/freesurfer/sub-v1s10x0051099_ses-1/mri
mri_ca_label -relabel_unlikely 9 .3 -prior 0.5 -align norm.mgz transforms/talairach.m3z /opt/freesurfer/average/RB_all_2020-01-02.gca aseg.auto_noCCseg.mgz 

relabeling unlikely voxels with window_size = 9 and prior threshold 0.30
using Gibbs prior factor = 0.500
renormalizing sequences with structure alignment, equivalent to:
	-renormalize
	-renormalize_mean 0.500
	-regularize 0.500

== Number of threads available to for OpenMP = 16 == 
reading 1 input volumes
reading classifier array from /opt/freesurfer/average/RB_all_2020-01-02.gca
reading input volume from norm.mgz
average std[0] = 7.2
reading transform from transforms/talairach.m3z
setting orig areas to linear transform determinant scaled 5.93
Atlas used for the 3D morph was /opt/freesurfer/average/RB_all_2020-01-02.gca
average std = 7.2   using min determinant for regularization = 5.2
0 singular and 0 ill-conditioned covariance matrices regularized
labeling volume...
renormalizing by structure alignment....
renormalizing input #0
gca peak = 0.15521 (20)
mri peak = 0.06677 (22)
Left_Lateral_Ventricle (4): linear fit = 1.23 x + 0.0 (314 voxels, overlap=0.599)
Left_Lateral_Ventricle (4): linear fit = 1.23 x + 0.0 (314 voxels, peak = 24), gca=24.5
gca peak = 0.20380 (13)
mri peak = 0.09059 ( 5)
Right_Lateral_Ventricle (43): linear fit = 0.31 x + 0.0 (273 voxels, overlap=0.325)
Right_Lateral_Ventricle (43): linear fit = 0.40 x + 0.0 (273 voxels, peak =  4), gca=5.2
gca peak = 0.26283 (96)
mri peak = 0.14058 (96)
Right_Pallidum (52): linear fit = 0.99 x + 0.0 (690 voxels, overlap=1.006)
Right_Pallidum (52): linear fit = 0.99 x + 0.0 (690 voxels, peak = 95), gca=94.6
gca peak = 0.15814 (97)
mri peak = 0.11480 (98)
Left_Pallidum (13): linear fit = 1.03 x + 0.0 (662 voxels, overlap=1.004)
Left_Pallidum (13): linear fit = 1.03 x + 0.0 (662 voxels, peak = 100), gca=100.4
gca peak = 0.27624 (56)
mri peak = 0.11673 (59)
Right_Hippocampus (53): linear fit = 1.04 x + 0.0 (834 voxels, overlap=0.968)
Right_Hippocampus (53): linear fit = 1.04 x + 0.0 (834 voxels, peak = 59), gca=58.5
gca peak = 0.28723 (59)
mri peak = 0.15306 (61)
Left_Hippocampus (17): linear fit = 1.04 x + 0.0 (686 voxels, overlap=1.008)
Left_Hippocampus (17): linear fit = 1.04 x + 0.0 (686 voxels, peak = 62), gca=61.7
gca peak = 0.07623 (103)
mri peak = 0.18498 (105)
Right_Cerebral_White_Matter (41): linear fit = 1.01 x + 0.0 (36968 voxels, overlap=0.569)
Right_Cerebral_White_Matter (41): linear fit = 1.01 x + 0.0 (36968 voxels, peak = 105), gca=104.5
gca peak = 0.07837 (105)
mri peak = 0.17121 (105)
Left_Cerebral_White_Matter (2): linear fit = 1.01 x + 0.0 (36756 voxels, overlap=0.474)
Left_Cerebral_White_Matter (2): linear fit = 1.01 x + 0.0 (36756 voxels, peak = 107), gca=106.6
gca peak = 0.10165 (58)
mri peak = 0.05406 (52)
Left_Cerebral_Cortex (3): linear fit = 0.93 x + 0.0 (35326 voxels, overlap=0.946)
Left_Cerebral_Cortex (3): linear fit = 0.93 x + 0.0 (35326 voxels, peak = 54), gca=53.7
gca peak = 0.11113 (58)
mri peak = 0.06617 (57)
Right_Cerebral_Cortex (42): linear fit = 0.94 x + 0.0 (34642 voxels, overlap=0.902)
Right_Cerebral_Cortex (42): linear fit = 0.94 x + 0.0 (34642 voxels, peak = 54), gca=54.2
gca peak = 0.27796 (67)
mri peak = 0.13798 (69)
Right_Caudate (50): linear fit = 1.03 x + 0.0 (645 voxels, overlap=1.003)
Right_Caudate (50): linear fit = 1.03 x + 0.0 (645 voxels, peak = 69), gca=69.3
gca peak = 0.14473 (69)
mri peak = 0.13679 (75)
Left_Caudate (11): linear fit = 0.96 x + 0.0 (745 voxels, overlap=0.894)
Left_Caudate (11): linear fit = 0.96 x + 0.0 (745 voxels, peak = 67), gca=66.6
gca peak = 0.14301 (56)
mri peak = 0.05194 (44)
Left_Cerebellum_Cortex (8): linear fit = 0.79 x + 0.0 (22337 voxels, overlap=0.080)
Left_Cerebellum_Cortex (8): linear fit = 0.79 x + 0.0 (22337 voxels, peak = 44), gca=44.0
gca peak = 0.14610 (55)
mri peak = 0.05387 (43)
Right_Cerebellum_Cortex (47): linear fit = 0.79 x + 0.0 (25015 voxels, overlap=0.208)
Right_Cerebellum_Cortex (47): linear fit = 0.79 x + 0.0 (25015 voxels, peak = 43), gca=43.2
gca peak = 0.16309 (85)
mri peak = 0.05814 (76)
Left_Cerebellum_White_Matter (7): linear fit = 0.95 x + 0.0 (8106 voxels, overlap=0.994)
Left_Cerebellum_White_Matter (7): linear fit = 0.95 x + 0.0 (8106 voxels, peak = 81), gca=81.2
gca peak = 0.15172 (84)
mri peak = 0.05542 (86)
Right_Cerebellum_White_Matter (46): linear fit = 1.00 x + 0.0 (6475 voxels, overlap=0.998)
Right_Cerebellum_White_Matter (46): linear fit = 1.00 x + 0.0 (6475 voxels, peak = 84), gca=83.6
gca peak = 0.30461 (58)
mri peak = 0.10561 (61)
Left_Amygdala (18): linear fit = 1.04 x + 0.0 (455 voxels, overlap=0.755)
Left_Amygdala (18): linear fit = 1.04 x + 0.0 (455 voxels, peak = 61), gca=60.6
gca peak = 0.32293 (57)
mri peak = 0.09482 (64)
Right_Amygdala (54): linear fit = 1.12 x + 0.0 (570 voxels, overlap=1.036)
Right_Amygdala (54): linear fit = 1.12 x + 0.0 (570 voxels, peak = 64), gca=63.6
gca peak = 0.11083 (90)
mri peak = 0.07325 (86)
Left_Thalamus (10): linear fit = 1.01 x + 0.0 (4240 voxels, overlap=0.919)
Left_Thalamus (10): linear fit = 1.01 x + 0.0 (4240 voxels, peak = 91), gca=91.3
gca peak = 0.11393 (83)
mri peak = 0.08533 (86)
Right_Thalamus (49): linear fit = 1.04 x + 0.0 (3818 voxels, overlap=0.945)
Right_Thalamus (49): linear fit = 1.04 x + 0.0 (3818 voxels, peak = 87), gca=86.7
gca peak = 0.08575 (81)
mri peak = 0.11140 (80)
Left_Putamen (12): linear fit = 1.02 x + 0.0 (1921 voxels, overlap=0.853)
Left_Putamen (12): linear fit = 1.02 x + 0.0 (1921 voxels, peak = 83), gca=83.0
gca peak = 0.08618 (78)
mri peak = 0.09381 (80)
Right_Putamen (51): linear fit = 0.99 x + 0.0 (1957 voxels, overlap=0.892)
Right_Putamen (51): linear fit = 0.99 x + 0.0 (1957 voxels, peak = 77), gca=76.8
gca peak = 0.08005 (78)
mri peak = 0.08777 (96)
Brain_Stem (16): linear fit = 1.18 x + 0.0 (10667 voxels, overlap=0.129)
Brain_Stem (16): linear fit = 1.18 x + 0.0 (10667 voxels, peak = 92), gca=92.4
gca peak = 0.12854 (88)
mri peak = 0.08413 (99)
Right_VentralDC (60): linear fit = 1.12 x + 0.0 (1455 voxels, overlap=0.731)
Right_VentralDC (60): linear fit = 1.12 x + 0.0 (1455 voxels, peak = 98), gca=98.1
gca peak = 0.15703 (87)
mri peak = 0.08321 (100)
Left_VentralDC (28): linear fit = 1.13 x + 0.0 (1406 voxels, overlap=0.662)
Left_VentralDC (28): linear fit = 1.13 x + 0.0 (1406 voxels, peak = 99), gca=98.7
gca peak = 0.17522 (25)
mri peak = 0.25000 (43)
gca peak = 0.17113 (14)
mri peak = 0.21359 (10)
Fourth_Ventricle (15): linear fit = 0.58 x + 0.0 (98 voxels, overlap=0.032)
Fourth_Ventricle (15): linear fit = 0.58 x + 0.0 (98 voxels, peak =  8), gca=8.2
gca peak Unknown = 0.94777 ( 0)
gca peak Left_Inf_Lat_Vent = 0.16627 (28)
gca peak Third_Ventricle = 0.17522 (25)
gca peak Fourth_Ventricle = 0.17113 (14)
gca peak CSF = 0.20346 (36)
gca peak Left_Accumbens_area = 0.70646 (62)
gca peak Left_undetermined = 1.00000 (28)
gca peak Left_vessel = 0.89917 (53)
gca peak Left_choroid_plexus = 0.11689 (35)
gca peak Right_Inf_Lat_Vent = 0.25504 (23)
gca peak Right_Accumbens_area = 0.31650 (65)
gca peak Right_vessel = 0.77268 (52)
gca peak Right_choroid_plexus = 0.13275 (38)
gca peak Fifth_Ventricle = 0.60973 (33)
gca peak WM_hypointensities = 0.11013 (77)
gca peak non_WM_hypointensities = 0.11354 (41)
gca peak Optic_Chiasm = 0.51646 (76)
not using caudate to estimate GM means
estimating mean gm scale to be 1.02 x + 0.0
estimating mean wm scale to be 1.01 x + 0.0
estimating mean csf scale to be 0.81 x + 0.0
saving intensity scales to aseg.auto_noCCseg.label_intensities.txt
renormalizing by structure alignment....
renormalizing input #0
gca peak = 0.13822 (23)
mri peak = 0.06677 (22)
Left_Lateral_Ventricle (4): linear fit = 1.07 x + 0.0 (314 voxels, overlap=0.717)
Left_Lateral_Ventricle (4): linear fit = 1.07 x + 0.0 (314 voxels, peak = 24), gca=24.5
gca peak = 0.29334 ( 5)
mri peak = 0.09059 ( 5)
Right_Lateral_Ventricle (43): linear fit = 1.70 x + 0.0 (273 voxels, overlap=0.724)
Right_Lateral_Ventricle (43): linear fit = 1.50 x + 0.0 (273 voxels, peak =  8), gca=7.5
gca peak = 0.21903 (92)
mri peak = 0.14058 (96)
Right_Pallidum (52): linear fit = 1.03 x + 0.0 (690 voxels, overlap=1.002)
Right_Pallidum (52): linear fit = 1.03 x + 0.0 (690 voxels, peak = 95), gca=95.2
gca peak = 0.16064 (98)
mri peak = 0.11480 (98)
Left_Pallidum (13): linear fit = 1.00 x + 0.0 (662 voxels, overlap=1.004)
Left_Pallidum (13): linear fit = 1.00 x + 0.0 (662 voxels, peak = 98), gca=98.5
gca peak = 0.27398 (58)
mri peak = 0.11673 (59)
Right_Hippocampus (53): linear fit = 1.00 x + 0.0 (834 voxels, overlap=1.003)
Right_Hippocampus (53): linear fit = 1.00 x + 0.0 (834 voxels, peak = 58), gca=58.0
gca peak = 0.34736 (59)
mri peak = 0.15306 (61)
Left_Hippocampus (17): linear fit = 1.01 x + 0.0 (686 voxels, overlap=1.004)
Left_Hippocampus (17): linear fit = 1.01 x + 0.0 (686 voxels, peak = 60), gca=59.9
gca peak = 0.07895 (105)
mri peak = 0.18498 (105)
Right_Cerebral_White_Matter (41): linear fit = 1.00 x + 0.0 (36968 voxels, overlap=0.627)
Right_Cerebral_White_Matter (41): linear fit = 1.00 x + 0.0 (36968 voxels, peak = 105), gca=105.0
gca peak = 0.07852 (106)
mri peak = 0.17121 (105)
Left_Cerebral_White_Matter (2): linear fit = 1.00 x + 0.0 (36756 voxels, overlap=0.548)
Left_Cerebral_White_Matter (2): linear fit = 1.00 x + 0.0 (36756 voxels, peak = 106), gca=106.0
gca peak = 0.10440 (54)
mri peak = 0.05406 (52)
Left_Cerebral_Cortex (3): linear fit = 1.04 x + 0.0 (35326 voxels, overlap=0.994)
Left_Cerebral_Cortex (3): linear fit = 1.04 x + 0.0 (35326 voxels, peak = 56), gca=56.4
gca peak = 0.11885 (54)
mri peak = 0.06617 (57)
Right_Cerebral_Cortex (42): linear fit = 1.00 x + 0.0 (34642 voxels, overlap=0.984)
Right_Cerebral_Cortex (42): linear fit = 1.00 x + 0.0 (34642 voxels, peak = 54), gca=54.0
gca peak = 0.22983 (69)
mri peak = 0.13798 (69)
Right_Caudate (50): linear fit = 0.99 x + 0.0 (645 voxels, overlap=1.003)
Right_Caudate (50): linear fit = 0.99 x + 0.0 (645 voxels, peak = 68), gca=68.0
gca peak = 0.14003 (66)
mri peak = 0.13679 (75)
Left_Caudate (11): linear fit = 1.02 x + 0.0 (745 voxels, overlap=0.848)
Left_Caudate (11): linear fit = 1.02 x + 0.0 (745 voxels, peak = 68), gca=67.7
gca peak = 0.17675 (44)
mri peak = 0.05194 (44)
Left_Cerebellum_Cortex (8): linear fit = 0.99 x + 0.0 (22337 voxels, overlap=1.000)
Left_Cerebellum_Cortex (8): linear fit = 0.99 x + 0.0 (22337 voxels, peak = 43), gca=43.3
gca peak = 0.17501 (43)
mri peak = 0.05387 (43)
Right_Cerebellum_Cortex (47): linear fit = 1.03 x + 0.0 (25015 voxels, overlap=1.000)
Right_Cerebellum_Cortex (47): linear fit = 1.03 x + 0.0 (25015 voxels, peak = 45), gca=44.5
gca peak = 0.16835 (81)
mri peak = 0.05814 (76)
Left_Cerebellum_White_Matter (7): linear fit = 1.00 x + 0.0 (8106 voxels, overlap=0.973)
Left_Cerebellum_White_Matter (7): linear fit = 1.00 x + 0.0 (8106 voxels, peak = 81), gca=80.6
gca peak = 0.18755 (84)
mri peak = 0.05542 (86)
Right_Cerebellum_White_Matter (46): linear fit = 1.01 x + 0.0 (6475 voxels, overlap=0.990)
Right_Cerebellum_White_Matter (46): linear fit = 1.01 x + 0.0 (6475 voxels, peak = 85), gca=85.3
gca peak = 0.29176 (61)
mri peak = 0.10561 (61)
Left_Amygdala (18): linear fit = 1.02 x + 0.0 (455 voxels, overlap=0.970)
Left_Amygdala (18): linear fit = 1.02 x + 0.0 (455 voxels, peak = 63), gca=62.5
gca peak = 0.30514 (64)
mri peak = 0.09482 (64)
Right_Amygdala (54): linear fit = 0.99 x + 0.0 (570 voxels, overlap=1.018)
Right_Amygdala (54): linear fit = 0.99 x + 0.0 (570 voxels, peak = 63), gca=63.0
gca peak = 0.10373 (90)
mri peak = 0.07325 (86)
Left_Thalamus (10): linear fit = 1.01 x + 0.0 (4240 voxels, overlap=0.951)
Left_Thalamus (10): linear fit = 1.01 x + 0.0 (4240 voxels, peak = 91), gca=91.3
gca peak = 0.09483 (87)
mri peak = 0.08533 (86)
Right_Thalamus (49): linear fit = 0.98 x + 0.0 (3818 voxels, overlap=0.977)
Right_Thalamus (49): linear fit = 0.98 x + 0.0 (3818 voxels, peak = 85), gca=84.8
gca peak = 0.08550 (83)
mri peak = 0.11140 (80)
Left_Putamen (12): linear fit = 1.00 x + 0.0 (1921 voxels, overlap=0.900)
Left_Putamen (12): linear fit = 1.00 x + 0.0 (1921 voxels, peak = 83), gca=83.0
gca peak = 0.09459 (76)
mri peak = 0.09381 (80)
Right_Putamen (51): linear fit = 1.00 x + 0.0 (1957 voxels, overlap=0.877)
Right_Putamen (51): linear fit = 1.00 x + 0.0 (1957 voxels, peak = 76), gca=76.0
gca peak = 0.07834 (93)
mri peak = 0.08777 (96)
Brain_Stem (16): linear fit = 0.99 x + 0.0 (10667 voxels, overlap=0.742)
Brain_Stem (16): linear fit = 0.99 x + 0.0 (10667 voxels, peak = 92), gca=91.6
gca peak = 0.11384 (98)
mri peak = 0.08413 (99)
Right_VentralDC (60): linear fit = 1.00 x + 0.0 (1455 voxels, overlap=0.878)
Right_VentralDC (60): linear fit = 1.00 x + 0.0 (1455 voxels, peak = 98), gca=98.5
gca peak = 0.13966 (97)
mri peak = 0.08321 (100)
Left_VentralDC (28): linear fit = 1.01 x + 0.0 (1406 voxels, overlap=0.955)
Left_VentralDC (28): linear fit = 1.01 x + 0.0 (1406 voxels, peak = 98), gca=98.5
gca peak = 0.19869 (20)
mri peak = 0.25000 (43)
gca peak = 0.19659 (12)
mri peak = 0.21359 (10)
Fourth_Ventricle (15): linear fit = 0.73 x + 0.0 (98 voxels, overlap=0.399)
Fourth_Ventricle (15): linear fit = 0.73 x + 0.0 (98 voxels, peak =  9), gca=8.7
gca peak Unknown = 0.94777 ( 0)
gca peak Left_Inf_Lat_Vent = 0.17817 (29)
gca peak Third_Ventricle = 0.19869 (20)
gca peak CSF = 0.24532 (29)
gca peak Left_Accumbens_area = 0.80259 (60)
gca peak Left_undetermined = 0.99358 (29)
gca peak Left_vessel = 0.88886 (53)
gca peak Left_choroid_plexus = 0.11689 (35)
gca peak Right_Inf_Lat_Vent = 0.25188 (24)
gca peak Right_Accumbens_area = 0.31721 (67)
gca peak Right_vessel = 0.77337 (52)
gca peak Right_choroid_plexus = 0.13275 (38)
gca peak Fifth_Ventricle = 0.60973 (27)
gca peak WM_hypointensities = 0.09869 (77)
gca peak non_WM_hypointensities = 0.13982 (41)
gca peak Optic_Chiasm = 0.68707 (76)
not using caudate to estimate GM means
estimating mean gm scale to be 1.01 x + 0.0
estimating mean wm scale to be 1.00 x + 0.0
estimating mean csf scale to be 1.10 x + 0.0
saving intensity scales to aseg.auto_noCCseg.label_intensities.txt
saving sequentially combined intensity scales to aseg.auto_noCCseg.label_intensities.txt
47042 voxels changed in iteration 0 of unlikely voxel relabeling
166 voxels changed in iteration 1 of unlikely voxel relabeling
6 voxels changed in iteration 2 of unlikely voxel relabeling
0 voxels changed in iteration 3 of unlikely voxel relabeling
27804 gm and wm labels changed (%27 to gray, %73 to white out of all changed labels)
282 hippocampal voxels changed.
0 amygdala voxels changed.
Reclassifying using Gibbs Priors
pass 1: 61714 changed. image ll: -2.088, PF=0.500
pass 2: 15588 changed. image ll: -2.087, PF=0.500
pass 3: 5157 changed.
pass 4: 2055 changed.
25580 voxels changed in iteration 0 of unlikely voxel relabeling
299 voxels changed in iteration 1 of unlikely voxel relabeling
8 voxels changed in iteration 2 of unlikely voxel relabeling
0 voxels changed in iteration 3 of unlikely voxel relabeling
4568 voxels changed in iteration 0 of unlikely voxel relabeling
45 voxels changed in iteration 1 of unlikely voxel relabeling
0 voxels changed in iteration 2 of unlikely voxel relabeling
5089 voxels changed in iteration 0 of unlikely voxel relabeling
46 voxels changed in iteration 1 of unlikely voxel relabeling
1 voxels changed in iteration 2 of unlikely voxel relabeling
0 voxels changed in iteration 3 of unlikely voxel relabeling
4646 voxels changed in iteration 0 of unlikely voxel relabeling
17 voxels changed in iteration 1 of unlikely voxel relabeling
0 voxels changed in iteration 2 of unlikely voxel relabeling
 !!!!!!!!! ventricle segment 0 with volume 167 above threshold 100 - not erasing !!!!!!!!!!
 !!!!!!!!! ventricle segment 2 with volume 4047 above threshold 100 - not erasing !!!!!!!!!!
 !!!!!!!!! ventricle segment 0 with volume 316 above threshold 100 - not erasing !!!!!!!!!!
 !!!!!!!!! ventricle segment 1 with volume 3085 above threshold 100 - not erasing !!!!!!!!!!
 !!!!!!!!! ventricle segment 1 with volume 499 above threshold 100 - not erasing !!!!!!!!!!
writing labeled volume to aseg.auto_noCCseg.mgz
mri_ca_label utimesec    1705.286072
mri_ca_label stimesec    2.811470
mri_ca_label ru_maxrss   2124468
mri_ca_label ru_ixrss    0
mri_ca_label ru_idrss    0
mri_ca_label ru_isrss    0
mri_ca_label ru_minflt   3778045
mri_ca_label ru_majflt   22
mri_ca_label ru_nswap    0
mri_ca_label ru_inblock  1142
mri_ca_label ru_oublock  632
mri_ca_label ru_msgsnd   0
mri_ca_label ru_msgrcv   0
mri_ca_label ru_nsignals 0
mri_ca_label ru_nvcsw    2236
mri_ca_label ru_nivcsw   1957
auto-labeling took 27 minutes and 8 seconds.
#--------------------------------------
#@# CC Seg Fri Mar  6 15:11:52 CET 2026

 mri_cc -aseg aseg.auto_noCCseg.mgz -o aseg.auto.mgz -lta /out/sourcedata/freesurfer/sub-v1s10x0051099_ses-1/mri/transforms/cc_up.lta sub-v1s10x0051099_ses-1 

will read input aseg from aseg.auto_noCCseg.mgz
writing aseg with cc labels to aseg.auto.mgz
will write lta as /out/sourcedata/freesurfer/sub-v1s10x0051099_ses-1/mri/transforms/cc_up.lta
reading aseg from /out/sourcedata/freesurfer/sub-v1s10x0051099_ses-1/mri/aseg.auto_noCCseg.mgz
reading norm from /out/sourcedata/freesurfer/sub-v1s10x0051099_ses-1/mri/norm.mgz
55351 voxels in left wm, 84866 in right wm, xrange [122, 136]
searching rotation angles z=[-10  4], y=[-10  4]
searching scale 1 Z rot -9.7  searching scale 1 Z rot -9.4  searching scale 1 Z rot -9.2  searching scale 1 Z rot -8.9  searching scale 1 Z rot -8.7  searching scale 1 Z rot -8.4  searching scale 1 Z rot -8.2  searching scale 1 Z rot -7.9  searching scale 1 Z rot -7.7  searching scale 1 Z rot -7.4  searching scale 1 Z rot -7.2  searching scale 1 Z rot -6.9  searching scale 1 Z rot -6.7  searching scale 1 Z rot -6.4  searching scale 1 Z rot -6.2  searching scale 1 Z rot -5.9  searching scale 1 Z rot -5.7  searching scale 1 Z rot -5.4  searching scale 1 Z rot -5.2  searching scale 1 Z rot -4.9  searching scale 1 Z rot -4.7  searching scale 1 Z rot -4.4  searching scale 1 Z rot -4.2  searching scale 1 Z rot -3.9  searching scale 1 Z rot -3.7  searching scale 1 Z rot -3.4  searching scale 1 Z rot -3.2  searching scale 1 Z rot -2.9  searching scale 1 Z rot -2.7  searching scale 1 Z rot -2.4  searching scale 1 Z rot -2.2  searching scale 1 Z rot -1.9  searching scale 1 Z rot -1.7  searching scale 1 Z rot -1.4  searching scale 1 Z rot -1.2  searching scale 1 Z rot -0.9  searching scale 1 Z rot -0.7  searching scale 1 Z rot -0.4  searching scale 1 Z rot -0.2  searching scale 1 Z rot 0.1  searching scale 1 Z rot 0.3  searching scale 1 Z rot 0.6  searching scale 1 Z rot 0.8  searching scale 1 Z rot 1.1  searching scale 1 Z rot 1.3  searching scale 1 Z rot 1.6  searching scale 1 Z rot 1.8  searching scale 1 Z rot 2.1  searching scale 1 Z rot 2.3  searching scale 1 Z rot 2.6  searching scale 1 Z rot 2.8  searching scale 1 Z rot 3.1  searching scale 1 Z rot 3.3  searching scale 1 Z rot 3.6  searching scale 1 Z rot 3.8  searching scale 1 Z rot 4.1  global minimum found at slice 130.0, rotations (-2.87, -2.94)
final transformation (x=130.0, yr=-2.870, zr=-2.940):
 0.99743   0.05129  -0.05000  -1.89547;
-0.05122   0.99868   0.00257   33.53746;
 0.05007   0.00000   0.99875   22.61501;
 0.00000   0.00000   0.00000   1.00000;
updating x range to be [126, 130] in xformed coordinates
best xformed slice 128
min_x_fornix = 139
min_x_fornix = 141
min_x_fornix = 141
min_x_fornix = 141
min_x_fornix = 141
cc center is found at 128 101 99
eigenvectors:
-0.00104  -0.01112   0.99994;
-0.18929  -0.98186  -0.01111;
 0.98192  -0.18929  -0.00109;
writing aseg with callosum to /out/sourcedata/freesurfer/sub-v1s10x0051099_ses-1/mri/aseg.auto.mgz...
corpus callosum segmentation took 0.7 minutes
#VMPC# mri_cc VmPeak  555480
mri_cc done
#--------------------------------------
#@# Merge ASeg Fri Mar  6 15:12:34 CET 2026

 cp aseg.auto.mgz aseg.presurf.mgz 

#--------------------------------------------
#@# Intensity Normalization2 Fri Mar  6 15:12:34 CET 2026
/out/sourcedata/freesurfer/sub-v1s10x0051099_ses-1/mri

 mri_normalize -seed 1234 -mprage -aseg aseg.presurf.mgz -mask brainmask.mgz norm.mgz brain.mgz 

setting seed for random number genererator to 1234
assuming input volume is MGH (Van der Kouwe) MP-RAGE
using segmentation for initial intensity normalization
using MR volume brainmask.mgz to mask input volume...
reading mri_src from norm.mgz...
Reading aseg aseg.presurf.mgz
normalizing image...
NOT doing gentle normalization with control points/label
processing with aseg
removing outliers in the aseg WM...
1001 control points removed
Building bias image
building Voronoi diagram...
performing soap bubble smoothing, sigma = 0...
Smoothing with sigma 8
Applying bias correction
building Voronoi diagram...
performing soap bubble smoothing, sigma = 8...

Iterating 2 times
---------------------------------
3d normalization pass 1 of 2
white matter peak found at 110
white matter peak found at 110
gm peak at 59 (59), valley at  0 (-1)
csf peak at 29, setting threshold to 49
building Voronoi diagram...
performing soap bubble smoothing, sigma = 8...
---------------------------------
3d normalization pass 2 of 2
white matter peak found at 110
white matter peak found at 110
gm peak at 61 (61), valley at  0 (-1)
csf peak at 30, setting threshold to 50
building Voronoi diagram...
performing soap bubble smoothing, sigma = 8...
Done iterating ---------------------------------
writing output to brain.mgz
3D bias adjustment took 2 minutes and 9 seconds.
#--------------------------------------------
#@# Mask BFS Fri Mar  6 15:14:44 CET 2026
/out/sourcedata/freesurfer/sub-v1s10x0051099_ses-1/mri

 mri_mask -T 5 brain.mgz brainmask.mgz brain.finalsurfs.mgz 

threshold mask volume at 5
DoAbs = 0
Found 1427460 voxels in mask (pct=  8.51)
Writing masked volume to brain.finalsurfs.mgz...done.
#--------------------------------------------
#@# WM Segmentation Fri Mar  6 15:14:45 CET 2026

 AntsDenoiseImageFs -i brain.mgz -o antsdn.brain.mgz 


 mri_segment -wsizemm 13 -mprage antsdn.brain.mgz wm.seg.mgz 

wsizemm = 13, voxres = 1, wsize = 13
Widening wm low from 89 to 79
assuming input volume is MGH (Van der Kouwe) MP-RAGE
wm mean:  110
wsize:    13
wm low:   79
wm hi:    125
gray low: 30
gray hi:  99
Doing initial trinary intensity segmentation 
Using local statistics to label ambiguous voxels
Autodetecting stats
Computing class statistics for intensity windows...
CCS WM (104.0): 104.4 +- 5.0 [79.0 --> 125.0]
CCS GM (71.0) : 69.7 +- 9.3 [30.0 --> 95.0]
 white_mean 104.386
 white_sigma 5.02987
 gray_mean 69.6902
 gray_sigma 9.28682
setting bottom of white matter range wm_low to 79.0
setting top of gray matter range gray_hi to 88.3
 wm_low 78.977
 wm_hi  125
 gray_low 30
 gray_hi  88.2639
Redoing initial intensity segmentation...
Recomputing local statistics to label ambiguous voxels...
 wm_low 78.977
 wm_hi  125
 gray_low 30
 gray_hi  88.2639
using local geometry to label remaining ambiguous voxels...
polvwsize = 5, polvlen = 3, gray_hi = 88.2639, wm_low = 78.977
MRIcpolvMedianCurveSegment(): wsize=5, len=3, gmhi=88.2639, wmlow=78.977
    120031 voxels processed (0.72%)
     53865 voxels white (0.32%)
     66166 voxels non-white (0.39%)

Reclassifying voxels using Gaussian border classifier niter=1
MRIreclassify(): wm_low=73.977, gray_hi=88.2639, wsize=13
    198586 voxels tested (1.18%)
     42213 voxels changed (0.25%)
     52654 multi-scale searches  (0.31%)
Recovering bright white
MRIrecoverBrightWhite()
 wm_low 78.977
 wm_hi 125
 slack 5.02987
 pct_thresh 0.33
 intensity_thresh 130.03
 nvox_thresh 8.58
      542 voxels tested (0.00%)
      370 voxels changed (0.00%)

removing voxels with positive offset direction...
MRIremoveWrongDirection() wsize=3, lowthr=73.977, hithr=88.2639
  smoothing input volume with sigma = 0.250
    64150 voxels tested (0.38%)
    13422 voxels changed (0.08%)
thicken = 1
removing 1-dimensional structures...
MRIremove1dStructures(): max_iter=10000, thresh=2, WM_MIN_VAL=5
 3765 sparsely connected voxels removed in 1 iterations
thickening thin strands....
thickness 4
nsegments 20
wm_hi 125
1616 diagonally connected voxels added...
MRIthickenThinWMStrands(): thickness=4, nsegments=20
  20 segments, 4517 filled
MRIfindBrightNonWM(): 3046 bright non-wm voxels segmented.
MRIfilterMorphology() WM_MIN_VAL=5, DIAGONAL_FILL=230
white matter segmentation took 0.9 minutes
writing output to wm.seg.mgz...

 mri_edit_wm_with_aseg -keep-in wm.seg.mgz brain.mgz aseg.presurf.mgz wm.asegedit.mgz 

preserving editing changes in input volume...
auto filling took 0.41 minutes
reading wm segmentation from wm.seg.mgz...
0 voxels added to wm to prevent paths from MTL structures to cortex
2139 additional wm voxels added
0 additional wm voxels added
SEG EDIT: 31129 voxels turned on, 30467 voxels turned off.
propagating editing to output volume from wm.seg.mgz
writing edited volume to wm.asegedit.mgz....

 mri_pretess wm.asegedit.mgz wm norm.mgz wm.mgz 


Iteration Number : 1
pass   1 (xy+):  17 found -  17 modified     |    TOTAL:  17
pass   2 (xy+):   0 found -  17 modified     |    TOTAL:  17
pass   1 (xy-):  15 found -  15 modified     |    TOTAL:  32
pass   2 (xy-):   0 found -  15 modified     |    TOTAL:  32
pass   1 (yz+):  26 found -  26 modified     |    TOTAL:  58
pass   2 (yz+):   0 found -  26 modified     |    TOTAL:  58
pass   1 (yz-):  18 found -  18 modified     |    TOTAL:  76
pass   2 (yz-):   0 found -  18 modified     |    TOTAL:  76
pass   1 (xz+):  11 found -  11 modified     |    TOTAL:  87
pass   2 (xz+):   0 found -  11 modified     |    TOTAL:  87
pass   1 (xz-):  12 found -  12 modified     |    TOTAL:  99
pass   2 (xz-):   0 found -  12 modified     |    TOTAL:  99
Iteration Number : 1
pass   1 (+++):  32 found -  32 modified     |    TOTAL:  32
pass   2 (+++):   0 found -  32 modified     |    TOTAL:  32
pass   1 (+++):  16 found -  16 modified     |    TOTAL:  48
pass   2 (+++):   0 found -  16 modified     |    TOTAL:  48
pass   1 (+++):  26 found -  26 modified     |    TOTAL:  74
pass   2 (+++):   0 found -  26 modified     |    TOTAL:  74
pass   1 (+++):  45 found -  45 modified     |    TOTAL: 119
pass   2 (+++):   0 found -  45 modified     |    TOTAL: 119
Iteration Number : 1
pass   1 (++):  63 found -  63 modified     |    TOTAL:  63
pass   2 (++):   0 found -  63 modified     |    TOTAL:  63
pass   1 (+-): 103 found - 103 modified     |    TOTAL: 166
pass   2 (+-):   1 found - 104 modified     |    TOTAL: 167
pass   3 (+-):   0 found - 104 modified     |    TOTAL: 167
pass   1 (--):  76 found -  76 modified     |    TOTAL: 243
pass   2 (--):   0 found -  76 modified     |    TOTAL: 243
pass   1 (-+):  70 found -  70 modified     |    TOTAL: 313
pass   2 (-+):   0 found -  70 modified     |    TOTAL: 313
Iteration Number : 2
pass   1 (xy+):   3 found -   3 modified     |    TOTAL:   3
pass   2 (xy+):   0 found -   3 modified     |    TOTAL:   3
pass   1 (xy-):   5 found -   5 modified     |    TOTAL:   8
pass   2 (xy-):   0 found -   5 modified     |    TOTAL:   8
pass   1 (yz+):   8 found -   8 modified     |    TOTAL:  16
pass   2 (yz+):   0 found -   8 modified     |    TOTAL:  16
pass   1 (yz-):   5 found -   5 modified     |    TOTAL:  21
pass   2 (yz-):   0 found -   5 modified     |    TOTAL:  21
pass   1 (xz+):   4 found -   4 modified     |    TOTAL:  25
pass   2 (xz+):   0 found -   4 modified     |    TOTAL:  25
pass   1 (xz-):   1 found -   1 modified     |    TOTAL:  26
pass   2 (xz-):   0 found -   1 modified     |    TOTAL:  26
Iteration Number : 2
pass   1 (+++):   0 found -   0 modified     |    TOTAL:   0
pass   1 (+++):   2 found -   2 modified     |    TOTAL:   2
pass   2 (+++):   0 found -   2 modified     |    TOTAL:   2
pass   1 (+++):   2 found -   2 modified     |    TOTAL:   4
pass   2 (+++):   0 found -   2 modified     |    TOTAL:   4
pass   1 (+++):   2 found -   2 modified     |    TOTAL:   6
pass   2 (+++):   0 found -   2 modified     |    TOTAL:   6
Iteration Number : 2
pass   1 (++):   3 found -   3 modified     |    TOTAL:   3
pass   2 (++):   0 found -   3 modified     |    TOTAL:   3
pass   1 (+-):   2 found -   2 modified     |    TOTAL:   5
pass   2 (+-):   0 found -   2 modified     |    TOTAL:   5
pass   1 (--):   2 found -   2 modified     |    TOTAL:   7
pass   2 (--):   0 found -   2 modified     |    TOTAL:   7
pass   1 (-+):   0 found -   0 modified     |    TOTAL:   7
Iteration Number : 3
pass   1 (xy+):   1 found -   1 modified     |    TOTAL:   1
pass   2 (xy+):   0 found -   1 modified     |    TOTAL:   1
pass   1 (xy-):   0 found -   0 modified     |    TOTAL:   1
pass   1 (yz+):   0 found -   0 modified     |    TOTAL:   1
pass   1 (yz-):   0 found -   0 modified     |    TOTAL:   1
pass   1 (xz+):   0 found -   0 modified     |    TOTAL:   1
pass   1 (xz-):   1 found -   1 modified     |    TOTAL:   2
pass   2 (xz-):   0 found -   1 modified     |    TOTAL:   2
Iteration Number : 3
pass   1 (+++):   0 found -   0 modified     |    TOTAL:   0
pass   1 (+++):   0 found -   0 modified     |    TOTAL:   0
pass   1 (+++):   0 found -   0 modified     |    TOTAL:   0
pass   1 (+++):   0 found -   0 modified     |    TOTAL:   0
Iteration Number : 3
pass   1 (++):   0 found -   0 modified     |    TOTAL:   0
pass   1 (+-):   0 found -   0 modified     |    TOTAL:   0
pass   1 (--):   0 found -   0 modified     |    TOTAL:   0
pass   1 (-+):   1 found -   1 modified     |    TOTAL:   1
pass   2 (-+):   0 found -   1 modified     |    TOTAL:   1
Iteration Number : 4
pass   1 (xy+):   0 found -   0 modified     |    TOTAL:   0
pass   1 (xy-):   0 found -   0 modified     |    TOTAL:   0
pass   1 (yz+):   0 found -   0 modified     |    TOTAL:   0
pass   1 (yz-):   0 found -   0 modified     |    TOTAL:   0
pass   1 (xz+):   0 found -   0 modified     |    TOTAL:   0
pass   1 (xz-):   0 found -   0 modified     |    TOTAL:   0
Iteration Number : 4
pass   1 (+++):   0 found -   0 modified     |    TOTAL:   0
pass   1 (+++):   0 found -   0 modified     |    TOTAL:   0
pass   1 (+++):   0 found -   0 modified     |    TOTAL:   0
pass   1 (+++):   0 found -   0 modified     |    TOTAL:   0
Iteration Number : 4
pass   1 (++):   0 found -   0 modified     |    TOTAL:   0
pass   1 (+-):   0 found -   0 modified     |    TOTAL:   0
pass   1 (--):   0 found -   0 modified     |    TOTAL:   0
pass   1 (-+):   0 found -   0 modified     |    TOTAL:   0

Total Number of Modified Voxels = 573 (out of 508214: 0.112748)
binarizing input wm segmentation...
Ambiguous edge configurations... 

mri_pretess done

#--------------------------------------------
#@# Fill Fri Mar  6 15:16:41 CET 2026
/out/sourcedata/freesurfer/sub-v1s10x0051099_ses-1/mri

 mri_fill -a ../scripts/ponscc.cut.log -xform transforms/talairach.lta -segmentation aseg.presurf.mgz -ctab /opt/freesurfer/SubCorticalMassLUT.txt wm.mgz filled.mgz 

logging cutting plane coordinates to ../scripts/ponscc.cut.log...
INFO: Using transforms/talairach.lta and its offset for Talairach volume ...
using segmentation aseg.presurf.mgz...
reading input volume...done.
searching for cutting planes...voxel to talairach voxel transform
 1.14522   0.05546  -0.05855  -22.96097;
-0.03004   1.05745   0.39215  -42.12411;
 0.08779  -0.38921   0.96202   43.78395;
 0.00000   0.00000   0.00000   1.00000;
voxel to talairach voxel transform
 1.14522   0.05546  -0.05855  -22.96097;
-0.03004   1.05745   0.39215  -42.12411;
 0.08779  -0.38921   0.96202   43.78395;
 0.00000   0.00000   0.00000   1.00000;
reading segmented volume aseg.presurf.mgz
removing CC from segmentation
Looking for area (min, max) = (350, 1400)
area[0] = 1154 (min = 350, max = 1400), aspect = 0.49 (min = 0.10, max = 0.75)
no need to search
using seed (126, 123, 150), TAL = (2.0, 22.0, 5.0)
talairach voxel to voxel transform
 0.86785  -0.02267   0.06206   16.25423;
 0.04697   0.82107  -0.33183   50.19453;
-0.06019   0.33425   0.89956  -26.68845;
 0.00000   0.00000   0.00000   1.00000;
segmentation indicates cc at (126,  123,  150) --> (2.0, 22.0, 5.0)
done.
filling took 1.0 minutes
talairach cc position changed to (2.00, 22.00, 5.00)
Erasing brainstem...done.
seed_search_size = 9, min_neighbors = 5
search rh wm seed point around talairach space:(20.00, 22.00, 5.00) SRC: (116.50, 106.49, 142.86)
search lh wm seed point around talairach space (-16.00, 22.00, 5.00), SRC: (147.74, 108.18, 140.69)
compute mri_fill using aseg
Erasing Brain Stem and Cerebellum ...
Define left and right masks using aseg:
Building Voronoi diagram ...
Using the Voronoi diagram for separating WM into two hemispheres ...
Find the largest connected component for each hemisphere ...
Embedding colortable
mri_fill done, writing output to filled.mgz...
 cp filled.mgz filled.auto.mgz

Started at Fri Mar 6 13:58:58 CET 2026 
Ended   at Fri Mar 6 15:17:43 CET 2026
#@#%# recon-all-run-time-hours 1.312
recon-all -s sub-v1s10x0051099_ses-1 finished without error at Fri Mar  6 15:17:43 CET 2026



#New# invocation of recon-all 




Fri Mar  6 15:57:29 CET 2026
cd /out/sourcedata/freesurfer/sub-v1s10x0051099_ses-1
setenv SUBJECTS_DIR /out/sourcedata/freesurfer
/opt/freesurfer/bin/recon-all -parallel -subjid sub-v1s10x0051099_ses-1 -sd /out/sourcedata/freesurfer -cortribbon

subjid sub-v1s10x0051099_ses-1
setenv SUBJECTS_DIR /out/sourcedata/freesurfer
FREESURFER_HOME /opt/freesurfer
Actual FREESURFER_HOME /opt/freesurfer
build-stamp.txt: freesurfer-linux-ubuntu22_x86_64-7.3.2-20220804-6354275
Linux dna042 5.14.0-427.37.1.el9_4.x86_64 #1 SMP PREEMPT_DYNAMIC Fri Sep 13 12:41:50 EDT 2024 x86_64 x86_64 x86_64 GNU/Linux
cputime      unlimited
filesize     unlimited
datasize     unlimited
stacksize    8192 kbytes
coredumpsize 0 kbytes
memoryuse    67108864 kbytes
vmemoryuse   unlimited
descriptors  1024 
memorylocked unlimited
maxproc      2061970 
maxlocks     unlimited
maxsignal    4126352 
maxmessage   819200 
maxnice      0 
maxrtprio    0 
maxrttime    unlimited

               total        used        free      shared  buff/cache   available
Mem:           1.0Ti        51Gi       730Gi       6.6Gi       224Gi       943Gi
Swap:             0B          0B          0B

########################################
program versions used
7.3.2 (freesurfer-linux-ubuntu22_x86_64-7.3.2-20220804-6354275)
7.3.2

ProgramName: lta_convert  ProgramArguments: lta_convert -all-info  ProgramVersion: 7.3.2  TimeStamp: 2026/03/06-14:57:29-GMT  BuildTime: Aug  4 2022 06:17:15  BuildStamp: freesurfer-linux-ubuntu22_x86_64-7.3.2-20220804-6354275  User: oesteban  Machine: dna042  Platform: Linux  PlatformVersion: 5.14.0-427.37.1.el9_4.x86_64  CompilerName: GCC  CompilerVersion: 8.4.0
ProgramName: mri_and  ProgramArguments: mri_and -all-info  ProgramVersion: 7.3.2  TimeStamp: 2026/03/06-14:57:29-GMT  BuildTime: Aug  4 2022 06:17:15  BuildStamp: freesurfer-linux-ubuntu22_x86_64-7.3.2-20220804-6354275  User: oesteban  Machine: dna042  Platform: Linux  PlatformVersion: 5.14.0-427.37.1.el9_4.x86_64  CompilerName: GCC  CompilerVersion: 8.4.0
ProgramName: mri_annotation2label  ProgramArguments: mri_annotation2label -all-info  ProgramVersion: 7.3.2  TimeStamp: 2026/03/06-14:57:29-GMT  BuildTime: Aug  4 2022 06:17:15  BuildStamp: freesurfer-linux-ubuntu22_x86_64-7.3.2-20220804-6354275  User: oesteban  Machine: dna042  Platform: Linux  PlatformVersion: 5.14.0-427.37.1.el9_4.x86_64  CompilerName: GCC  CompilerVersion: 8.4.0
ProgramName: mri_aparc2aseg  ProgramArguments: mri_aparc2aseg -all-info  ProgramVersion: 7.3.2  TimeStamp: 2026/03/06-14:57:29-GMT  BuildTime: Aug  4 2022 06:17:15  BuildStamp: freesurfer-linux-ubuntu22_x86_64-7.3.2-20220804-6354275  User: oesteban  Machine: dna042  Platform: Linux  PlatformVersion: 5.14.0-427.37.1.el9_4.x86_64  CompilerName: GCC  CompilerVersion: 8.4.0
ProgramName: mri_surf2volseg  ProgramArguments: mri_surf2volseg -all-info  ProgramVersion: 7.3.2  TimeStamp: 2026/03/06-14:57:29-GMT  BuildTime: Aug  4 2022 06:17:15  BuildStamp: freesurfer-linux-ubuntu22_x86_64-7.3.2-20220804-6354275  User: oesteban  Machine: dna042  Platform: Linux  PlatformVersion: 5.14.0-427.37.1.el9_4.x86_64  CompilerName: GCC  CompilerVersion: 8.4.0
ProgramName: mri_binarize  ProgramArguments: mri_binarize -all-info  ProgramVersion: 7.3.2  TimeStamp: 2026/03/06-14:57:29-GMT  BuildTime: Aug  4 2022 06:17:15  BuildStamp: freesurfer-linux-ubuntu22_x86_64-7.3.2-20220804-6354275  User: oesteban  Machine: dna042  Platform: Linux  PlatformVersion: 5.14.0-427.37.1.el9_4.x86_64  CompilerName: GCC  CompilerVersion: 8.4.0
ProgramName: mri_ca_label  ProgramArguments: mri_ca_label -all-info  ProgramVersion: 7.3.2  TimeStamp: 2026/03/06-14:57:29-GMT  BuildTime: Aug  4 2022 06:17:15  BuildStamp: freesurfer-linux-ubuntu22_x86_64-7.3.2-20220804-6354275  User: oesteban  Machine: dna042  Platform: Linux  PlatformVersion: 5.14.0-427.37.1.el9_4.x86_64  CompilerName: GCC  CompilerVersion: 8.4.0
ProgramName: mri_ca_normalize  ProgramArguments: mri_ca_normalize -all-info  ProgramVersion: 7.3.2  TimeStamp: 2026/03/06-14:57:29-GMT  BuildTime: Aug  4 2022 06:17:15  BuildStamp: freesurfer-linux-ubuntu22_x86_64-7.3.2-20220804-6354275  User: oesteban  Machine: dna042  Platform: Linux  PlatformVersion: 5.14.0-427.37.1.el9_4.x86_64  CompilerName: GCC  CompilerVersion: 8.4.0
ProgramName: mri_ca_register  ProgramArguments: mri_ca_register -all-info  ProgramVersion: 7.3.2  TimeStamp: 2026/03/06-14:57:29-GMT  BuildTime: Aug  4 2022 06:17:15  BuildStamp: freesurfer-linux-ubuntu22_x86_64-7.3.2-20220804-6354275  User: oesteban  Machine: dna042  Platform: Linux  PlatformVersion: 5.14.0-427.37.1.el9_4.x86_64  CompilerName: GCC  CompilerVersion: 8.4.0
ProgramName: mri_cc  ProgramArguments: mri_cc -all-info  ProgramVersion: 7.3.2  TimeStamp: 2026/03/06-14:57:29-GMT  BuildTime: Aug  4 2022 06:17:15  BuildStamp: freesurfer-linux-ubuntu22_x86_64-7.3.2-20220804-6354275  User: oesteban  Machine: dna042  Platform: Linux  PlatformVersion: 5.14.0-427.37.1.el9_4.x86_64  CompilerName: GCC  CompilerVersion: 8.4.0
ProgramName: mri_compute_overlap  ProgramArguments: mri_compute_overlap -all-info  ProgramVersion: 7.3.2  TimeStamp: 2026/03/06-14:57:29-GMT  BuildTime: Aug  4 2022 06:17:15  BuildStamp: freesurfer-linux-ubuntu22_x86_64-7.3.2-20220804-6354275  User: oesteban  Machine: dna042  Platform: Linux  PlatformVersion: 5.14.0-427.37.1.el9_4.x86_64  CompilerName: GCC  CompilerVersion: 8.4.0
ProgramName: mri_compute_seg_overlap  ProgramArguments: mri_compute_seg_overlap -all-info  ProgramVersion: 7.3.2  TimeStamp: 2026/03/06-14:57:29-GMT  BuildTime: Aug  4 2022 06:17:15  BuildStamp: freesurfer-linux-ubuntu22_x86_64-7.3.2-20220804-6354275  User: oesteban  Machine: dna042  Platform: Linux  PlatformVersion: 5.14.0-427.37.1.el9_4.x86_64  CompilerName: GCC  CompilerVersion: 8.4.0
ProgramName: mri_concat  ProgramArguments: mri_concat -all-info  ProgramVersion: 7.3.2  TimeStamp: 2026/03/06-14:57:29-GMT  BuildTime: Aug  4 2022 06:17:15  BuildStamp: freesurfer-linux-ubuntu22_x86_64-7.3.2-20220804-6354275  User: oesteban  Machine: dna042  Platform: Linux  PlatformVersion: 5.14.0-427.37.1.el9_4.x86_64  CompilerName: GCC  CompilerVersion: 8.4.0
ProgramName: mri_concatenate_lta  ProgramArguments: mri_concatenate_lta -all-info  ProgramVersion: 7.3.2  TimeStamp: 2026/03/06-14:57:29-GMT  BuildTime: Aug  4 2022 06:17:15  BuildStamp: freesurfer-linux-ubuntu22_x86_64-7.3.2-20220804-6354275  User: oesteban  Machine: dna042  Platform: Linux  PlatformVersion: 5.14.0-427.37.1.el9_4.x86_64  CompilerName: GCC  CompilerVersion: 8.4.0
mri_convert -all-info 
ProgramName: mri_convert  ProgramArguments: mri_convert -all-info  ProgramVersion: 7.3.2  TimeStamp: 2026/03/06-14:57:29-GMT  BuildTime: Aug  4 2022 06:17:15  BuildStamp: freesurfer-linux-ubuntu22_x86_64-7.3.2-20220804-6354275  User: oesteban  Machine: dna042  Platform: Linux  PlatformVersion: 5.14.0-427.37.1.el9_4.x86_64  CompilerName: GCC  CompilerVersion: 8.4.0
ProgramName: mri_diff  ProgramArguments: mri_diff -all-info  ProgramVersion: 7.3.2  TimeStamp: 2026/03/06-14:57:29-GMT  BuildTime: Aug  4 2022 06:17:15  BuildStamp: freesurfer-linux-ubuntu22_x86_64-7.3.2-20220804-6354275  User: oesteban  Machine: dna042  Platform: Linux  PlatformVersion: 5.14.0-427.37.1.el9_4.x86_64  CompilerName: GCC  CompilerVersion: 8.4.0
ProgramName: mri_edit_wm_with_aseg  ProgramArguments: mri_edit_wm_with_aseg -all-info  ProgramVersion: 7.3.2  TimeStamp: 2026/03/06-14:57:29-GMT  BuildTime: Aug  4 2022 06:17:15  BuildStamp: freesurfer-linux-ubuntu22_x86_64-7.3.2-20220804-6354275  User: oesteban  Machine: dna042  Platform: Linux  PlatformVersion: 5.14.0-427.37.1.el9_4.x86_64  CompilerName: GCC  CompilerVersion: 8.4.0
ProgramName: mri_em_register  ProgramArguments: mri_em_register -all-info  ProgramVersion: 7.3.2  TimeStamp: 2026/03/06-14:57:29-GMT  BuildTime: Aug  4 2022 06:17:15  BuildStamp: freesurfer-linux-ubuntu22_x86_64-7.3.2-20220804-6354275  User: oesteban  Machine: dna042  Platform: Linux  PlatformVersion: 5.14.0-427.37.1.el9_4.x86_64  CompilerName: GCC  CompilerVersion: 8.4.0
ProgramName: mri_fill  ProgramArguments: mri_fill -all-info  ProgramVersion: 7.3.2  TimeStamp: 2026/03/06-14:57:29-GMT  BuildTime: Aug  4 2022 06:17:15  BuildStamp: freesurfer-linux-ubuntu22_x86_64-7.3.2-20220804-6354275  User: oesteban  Machine: dna042  Platform: Linux  PlatformVersion: 5.14.0-427.37.1.el9_4.x86_64  CompilerName: GCC  CompilerVersion: 8.4.0
ProgramName: mri_fuse_segmentations  ProgramArguments: mri_fuse_segmentations -all-info  ProgramVersion: 7.3.2  TimeStamp: 2026/03/06-14:57:29-GMT  BuildTime: Aug  4 2022 06:17:15  BuildStamp: freesurfer-linux-ubuntu22_x86_64-7.3.2-20220804-6354275  User: oesteban  Machine: dna042  Platform: Linux  PlatformVersion: 5.14.0-427.37.1.el9_4.x86_64  CompilerName: GCC  CompilerVersion: 8.4.0
ProgramName: mri_fwhm  ProgramArguments: mri_fwhm -all-info  ProgramVersion: 7.3.2  TimeStamp: 2026/03/06-14:57:29-GMT  BuildTime: Aug  4 2022 06:17:15  BuildStamp: freesurfer-linux-ubuntu22_x86_64-7.3.2-20220804-6354275  User: oesteban  Machine: dna042  Platform: Linux  PlatformVersion: 5.14.0-427.37.1.el9_4.x86_64  CompilerName: GCC  CompilerVersion: 8.4.0
ProgramName: mri_gcut  ProgramArguments: mri_gcut -all-info  ProgramVersion: 7.3.2  TimeStamp: 2026/03/06-14:57:29-GMT  BuildTime: Aug  4 2022 06:17:15  BuildStamp: freesurfer-linux-ubuntu22_x86_64-7.3.2-20220804-6354275  User: oesteban  Machine: dna042  Platform: Linux  PlatformVersion: 5.14.0-427.37.1.el9_4.x86_64  CompilerName: GCC  CompilerVersion: 8.4.0
ProgramName: mri_info  ProgramArguments: mri_info -all-info  ProgramVersion: 7.3.2  TimeStamp: 2026/03/06-14:57:29-GMT  BuildTime: Aug  4 2022 06:17:15  BuildStamp: freesurfer-linux-ubuntu22_x86_64-7.3.2-20220804-6354275  User: oesteban  Machine: dna042  Platform: Linux  PlatformVersion: 5.14.0-427.37.1.el9_4.x86_64  CompilerName: GCC  CompilerVersion: 8.4.0
ProgramName: mri_label2label  ProgramArguments: mri_label2label -all-info  ProgramVersion: 7.3.2  TimeStamp: 2026/03/06-14:57:29-GMT  BuildTime: Aug  4 2022 06:17:15  BuildStamp: freesurfer-linux-ubuntu22_x86_64-7.3.2-20220804-6354275  User: oesteban  Machine: dna042  Platform: Linux  PlatformVersion: 5.14.0-427.37.1.el9_4.x86_64  CompilerName: GCC  CompilerVersion: 8.4.0
ProgramName: mri_label2vol  ProgramArguments: mri_label2vol -all-info  ProgramVersion: 7.3.2  TimeStamp: 2026/03/06-14:57:29-GMT  BuildTime: Aug  4 2022 06:17:15  BuildStamp: freesurfer-linux-ubuntu22_x86_64-7.3.2-20220804-6354275  User: oesteban  Machine: dna042  Platform: Linux  PlatformVersion: 5.14.0-427.37.1.el9_4.x86_64  CompilerName: GCC  CompilerVersion: 8.4.0
ProgramName: mri_log_likelihood  ProgramArguments: mri_log_likelihood -all-info  ProgramVersion: 7.3.2  TimeStamp: 2026/03/06-14:57:29-GMT  BuildTime: Aug  4 2022 06:17:15  BuildStamp: freesurfer-linux-ubuntu22_x86_64-7.3.2-20220804-6354275  User: oesteban  Machine: dna042  Platform: Linux  PlatformVersion: 5.14.0-427.37.1.el9_4.x86_64  CompilerName: GCC  CompilerVersion: 8.4.0
ProgramName: mri_mask  ProgramArguments: mri_mask -all-info  ProgramVersion: 7.3.2  TimeStamp: 2026/03/06-14:57:29-GMT  BuildTime: Aug  4 2022 06:17:15  BuildStamp: freesurfer-linux-ubuntu22_x86_64-7.3.2-20220804-6354275  User: oesteban  Machine: dna042  Platform: Linux  PlatformVersion: 5.14.0-427.37.1.el9_4.x86_64  CompilerName: GCC  CompilerVersion: 8.4.0
ProgramName: mri_matrix_multiply  ProgramArguments: mri_matrix_multiply -all-info  ProgramVersion: 7.3.2  TimeStamp: 2026/03/06-14:57:29-GMT  BuildTime: Aug  4 2022 06:17:15  BuildStamp: freesurfer-linux-ubuntu22_x86_64-7.3.2-20220804-6354275  User: oesteban  Machine: dna042  Platform: Linux  PlatformVersion: 5.14.0-427.37.1.el9_4.x86_64  CompilerName: GCC  CompilerVersion: 8.4.0
ProgramName: mri_normalize  ProgramArguments: mri_normalize -all-info  ProgramVersion: 7.3.2  TimeStamp: 2026/03/06-14:57:29-GMT  BuildTime: Aug  4 2022 06:17:15  BuildStamp: freesurfer-linux-ubuntu22_x86_64-7.3.2-20220804-6354275  User: oesteban  Machine: dna042  Platform: Linux  PlatformVersion: 5.14.0-427.37.1.el9_4.x86_64  CompilerName: GCC  CompilerVersion: 8.4.0
ProgramName: mri_normalize_tp2  ProgramArguments: mri_normalize_tp2 -all-info  ProgramVersion: 7.3.2  TimeStamp: 2026/03/06-14:57:29-GMT  BuildTime: Aug  4 2022 06:17:15  BuildStamp: freesurfer-linux-ubuntu22_x86_64-7.3.2-20220804-6354275  User: oesteban  Machine: dna042  Platform: Linux  PlatformVersion: 5.14.0-427.37.1.el9_4.x86_64  CompilerName: GCC  CompilerVersion: 8.4.0
ProgramName: mri_or  ProgramArguments: mri_or -all-info  ProgramVersion: 7.3.2  TimeStamp: 2026/03/06-14:57:29-GMT  BuildTime: Aug  4 2022 06:17:15  BuildStamp: freesurfer-linux-ubuntu22_x86_64-7.3.2-20220804-6354275  User: oesteban  Machine: dna042  Platform: Linux  PlatformVersion: 5.14.0-427.37.1.el9_4.x86_64  CompilerName: GCC  CompilerVersion: 8.4.0
ProgramName: mri_relabel_hypointensities  ProgramArguments: mri_relabel_hypointensities -all-info  ProgramVersion: 7.3.2  TimeStamp: 2026/03/06-14:57:29-GMT  BuildTime: Aug  4 2022 06:17:15  BuildStamp: freesurfer-linux-ubuntu22_x86_64-7.3.2-20220804-6354275  User: oesteban  Machine: dna042  Platform: Linux  PlatformVersion: 5.14.0-427.37.1.el9_4.x86_64  CompilerName: GCC  CompilerVersion: 8.4.0
ProgramName: mri_relabel_nonwm_hypos  ProgramArguments: mri_relabel_nonwm_hypos -all-info  ProgramVersion: 7.3.2  TimeStamp: 2026/03/06-14:57:29-GMT  BuildTime: Aug  4 2022 06:17:15  BuildStamp: freesurfer-linux-ubuntu22_x86_64-7.3.2-20220804-6354275  User: oesteban  Machine: dna042  Platform: Linux  PlatformVersion: 5.14.0-427.37.1.el9_4.x86_64  CompilerName: GCC  CompilerVersion: 8.4.0
ProgramName: mri_remove_neck  ProgramArguments: mri_remove_neck -all-info  ProgramVersion: 7.3.2  TimeStamp: 2026/03/06-14:57:29-GMT  BuildTime: Aug  4 2022 06:17:15  BuildStamp: freesurfer-linux-ubuntu22_x86_64-7.3.2-20220804-6354275  User: oesteban  Machine: dna042  Platform: Linux  PlatformVersion: 5.14.0-427.37.1.el9_4.x86_64  CompilerName: GCC  CompilerVersion: 8.4.0
7.3.2

ProgramName: mri_robust_register  ProgramArguments: mri_robust_register -all-info  ProgramVersion: 7.3.2  TimeStamp: 2026/03/06-14:57:29-GMT  BuildTime: Aug  4 2022 06:17:15  BuildStamp: freesurfer-linux-ubuntu22_x86_64-7.3.2-20220804-6354275  User: oesteban  Machine: dna042  Platform: Linux  PlatformVersion: 5.14.0-427.37.1.el9_4.x86_64  CompilerName: GCC  CompilerVersion: 8.4.0
7.3.2

ProgramName: mri_robust_template  ProgramArguments: mri_robust_template -all-info  ProgramVersion: 7.3.2  TimeStamp: 2026/03/06-14:57:29-GMT  BuildTime: Aug  4 2022 06:17:15  BuildStamp: freesurfer-linux-ubuntu22_x86_64-7.3.2-20220804-6354275  User: oesteban  Machine: dna042  Platform: Linux  PlatformVersion: 5.14.0-427.37.1.el9_4.x86_64  CompilerName: GCC  CompilerVersion: 8.4.0
ProgramName: mris_anatomical_stats  ProgramArguments: mris_anatomical_stats -all-info  ProgramVersion: 7.3.2  TimeStamp: 2026/03/06-14:57:29-GMT  BuildTime: Aug  4 2022 06:17:15  BuildStamp: freesurfer-linux-ubuntu22_x86_64-7.3.2-20220804-6354275  User: oesteban  Machine: dna042  Platform: Linux  PlatformVersion: 5.14.0-427.37.1.el9_4.x86_64  CompilerName: GCC  CompilerVersion: 8.4.0
ProgramName: mris_ca_label  ProgramArguments: mris_ca_label -all-info  ProgramVersion: 7.3.2  TimeStamp: 2026/03/06-14:57:29-GMT  BuildTime: Aug  4 2022 06:17:15  BuildStamp: freesurfer-linux-ubuntu22_x86_64-7.3.2-20220804-6354275  User: oesteban  Machine: dna042  Platform: Linux  PlatformVersion: 5.14.0-427.37.1.el9_4.x86_64  CompilerName: GCC  CompilerVersion: 8.4.0
ProgramName: mris_calc  ProgramArguments: mris_calc -all-info  ProgramVersion: 7.3.2  TimeStamp: 2026/03/06-14:57:29-GMT  BuildTime: Aug  4 2022 06:17:15  BuildStamp: freesurfer-linux-ubuntu22_x86_64-7.3.2-20220804-6354275  User: oesteban  Machine: dna042  Platform: Linux  PlatformVersion: 5.14.0-427.37.1.el9_4.x86_64  CompilerName: GCC  CompilerVersion: 8.4.0
ProgramName: mris_convert  ProgramArguments: mris_convert -all-info  ProgramVersion: 7.3.2  TimeStamp: 2026/03/06-14:57:29-GMT  BuildTime: Aug  4 2022 06:17:15  BuildStamp: freesurfer-linux-ubuntu22_x86_64-7.3.2-20220804-6354275  User: oesteban  Machine: dna042  Platform: Linux  PlatformVersion: 5.14.0-427.37.1.el9_4.x86_64  CompilerName: GCC  CompilerVersion: 8.4.0
ProgramName: mris_curvature  ProgramArguments: mris_curvature -all-info  ProgramVersion: 7.3.2  TimeStamp: 2026/03/06-14:57:29-GMT  BuildTime: Aug  4 2022 06:17:15  BuildStamp: freesurfer-linux-ubuntu22_x86_64-7.3.2-20220804-6354275  User: oesteban  Machine: dna042  Platform: Linux  PlatformVersion: 5.14.0-427.37.1.el9_4.x86_64  CompilerName: GCC  CompilerVersion: 8.4.0
ProgramName: mris_curvature_stats  ProgramArguments: mris_curvature_stats -all-info  ProgramVersion: 7.3.2  TimeStamp: 2026/03/06-14:57:29-GMT  BuildTime: Aug  4 2022 06:17:15  BuildStamp: freesurfer-linux-ubuntu22_x86_64-7.3.2-20220804-6354275  User: oesteban  Machine: dna042  Platform: Linux  PlatformVersion: 5.14.0-427.37.1.el9_4.x86_64  CompilerName: GCC  CompilerVersion: 8.4.0
ProgramName: mris_diff  ProgramArguments: mris_diff -all-info  ProgramVersion: 7.3.2  TimeStamp: 2026/03/06-14:57:29-GMT  BuildTime: Aug  4 2022 06:17:15  BuildStamp: freesurfer-linux-ubuntu22_x86_64-7.3.2-20220804-6354275  User: oesteban  Machine: dna042  Platform: Linux  PlatformVersion: 5.14.0-427.37.1.el9_4.x86_64  CompilerName: GCC  CompilerVersion: 8.4.0
ProgramName: mris_divide_parcellation  ProgramArguments: mris_divide_parcellation -all-info  ProgramVersion: 7.3.2  TimeStamp: 2026/03/06-14:57:29-GMT  BuildTime: Aug  4 2022 06:17:15  BuildStamp: freesurfer-linux-ubuntu22_x86_64-7.3.2-20220804-6354275  User: oesteban  Machine: dna042  Platform: Linux  PlatformVersion: 5.14.0-427.37.1.el9_4.x86_64  CompilerName: GCC  CompilerVersion: 8.4.0
ProgramName: mri_segment  ProgramArguments: mri_segment -all-info  ProgramVersion: 7.3.2  TimeStamp: 2026/03/06-14:57:29-GMT  BuildTime: Aug  4 2022 06:17:15  BuildStamp: freesurfer-linux-ubuntu22_x86_64-7.3.2-20220804-6354275  User: oesteban  Machine: dna042  Platform: Linux  PlatformVersion: 5.14.0-427.37.1.el9_4.x86_64  CompilerName: GCC  CompilerVersion: 8.4.0
ProgramName: mri_segstats  ProgramArguments: mri_segstats -all-info  ProgramVersion: 7.3.2  TimeStamp: 2026/03/06-14:57:29-GMT  BuildTime: Aug  4 2022 06:17:15  BuildStamp: freesurfer-linux-ubuntu22_x86_64-7.3.2-20220804-6354275  User: oesteban  Machine: dna042  Platform: Linux  PlatformVersion: 5.14.0-427.37.1.el9_4.x86_64  CompilerName: GCC  CompilerVersion: 8.4.0
ProgramName: mris_euler_number  ProgramArguments: mris_euler_number -all-info  ProgramVersion: 7.3.2  TimeStamp: 2026/03/06-14:57:29-GMT  BuildTime: Aug  4 2022 06:17:15  BuildStamp: freesurfer-linux-ubuntu22_x86_64-7.3.2-20220804-6354275  User: oesteban  Machine: dna042  Platform: Linux  PlatformVersion: 5.14.0-427.37.1.el9_4.x86_64  CompilerName: GCC  CompilerVersion: 8.4.0
ProgramName: mris_fix_topology  ProgramArguments: mris_fix_topology -all-info  ProgramVersion: 7.3.2  TimeStamp: 2026/03/06-14:57:29-GMT  BuildTime: Aug  4 2022 06:17:15  BuildStamp: freesurfer-linux-ubuntu22_x86_64-7.3.2-20220804-6354275  User: oesteban  Machine: dna042  Platform: Linux  PlatformVersion: 5.14.0-427.37.1.el9_4.x86_64  CompilerName: GCC  CompilerVersion: 8.4.0
ProgramName: mris_topo_fixer  ProgramArguments: mris_topo_fixer -all-info  ProgramVersion: 7.3.2  TimeStamp: 2026/03/06-14:57:29-GMT  BuildTime: Aug  4 2022 06:17:15  BuildStamp: freesurfer-linux-ubuntu22_x86_64-7.3.2-20220804-6354275  User: oesteban  Machine: dna042  Platform: Linux  PlatformVersion: 5.14.0-427.37.1.el9_4.x86_64  CompilerName: GCC  CompilerVersion: 8.4.0
ProgramName: mris_jacobian  ProgramArguments: mris_jacobian -all-info  ProgramVersion: 7.3.2  TimeStamp: 2026/03/06-14:57:29-GMT  BuildTime: Aug  4 2022 06:17:15  BuildStamp: freesurfer-linux-ubuntu22_x86_64-7.3.2-20220804-6354275  User: oesteban  Machine: dna042  Platform: Linux  PlatformVersion: 5.14.0-427.37.1.el9_4.x86_64  CompilerName: GCC  CompilerVersion: 8.4.0
ProgramName: mris_label2annot  ProgramArguments: mris_label2annot -all-info  ProgramVersion: 7.3.2  TimeStamp: 2026/03/06-14:57:29-GMT  BuildTime: Aug  4 2022 06:17:15  BuildStamp: freesurfer-linux-ubuntu22_x86_64-7.3.2-20220804-6354275  User: oesteban  Machine: dna042  Platform: Linux  PlatformVersion: 5.14.0-427.37.1.el9_4.x86_64  CompilerName: GCC  CompilerVersion: 8.4.0
ProgramName: mris_left_right_register  ProgramArguments: mris_left_right_register -all-info  ProgramVersion: 7.3.2  TimeStamp: 2026/03/06-14:57:29-GMT  BuildTime: Aug  4 2022 06:17:15  BuildStamp: freesurfer-linux-ubuntu22_x86_64-7.3.2-20220804-6354275  User: oesteban  Machine: dna042  Platform: Linux  PlatformVersion: 5.14.0-427.37.1.el9_4.x86_64  CompilerName: GCC  CompilerVersion: 8.4.0
ProgramName: mris_place_surface  ProgramArguments: mris_place_surface -all-info  ProgramVersion: 7.3.2  TimeStamp: 2026/03/06-14:57:29-GMT  BuildTime: Aug  4 2022 06:17:15  BuildStamp: freesurfer-linux-ubuntu22_x86_64-7.3.2-20220804-6354275  User: oesteban  Machine: dna042  Platform: Linux  PlatformVersion: 5.14.0-427.37.1.el9_4.x86_64  CompilerName: GCC  CompilerVersion: 8.4.0
ProgramName: mrisp_paint  ProgramArguments: mrisp_paint -all-info  ProgramVersion: 7.3.2  TimeStamp: 2026/03/06-14:57:29-GMT  BuildTime: Aug  4 2022 06:17:15  BuildStamp: freesurfer-linux-ubuntu22_x86_64-7.3.2-20220804-6354275  User: oesteban  Machine: dna042  Platform: Linux  PlatformVersion: 5.14.0-427.37.1.el9_4.x86_64  CompilerName: GCC  CompilerVersion: 8.4.0
ProgramName: mris_register  ProgramArguments: mris_register -all-info  ProgramVersion: 7.3.2  TimeStamp: 2026/03/06-14:57:29-GMT  BuildTime: Aug  4 2022 06:17:15  BuildStamp: freesurfer-linux-ubuntu22_x86_64-7.3.2-20220804-6354275  User: oesteban  Machine: dna042  Platform: Linux  PlatformVersion: 5.14.0-427.37.1.el9_4.x86_64  CompilerName: GCC  CompilerVersion: 8.4.0
ProgramName: mris_smooth  ProgramArguments: mris_smooth -all-info  ProgramVersion: 7.3.2  TimeStamp: 2026/03/06-14:57:29-GMT  BuildTime: Aug  4 2022 06:17:15  BuildStamp: freesurfer-linux-ubuntu22_x86_64-7.3.2-20220804-6354275  User: oesteban  Machine: dna042  Platform: Linux  PlatformVersion: 5.14.0-427.37.1.el9_4.x86_64  CompilerName: GCC  CompilerVersion: 8.4.0
ProgramName: mris_sphere  ProgramArguments: mris_sphere -all-info  ProgramVersion: 7.3.2  TimeStamp: 2026/03/06-14:57:29-GMT  BuildTime: Aug  4 2022 06:17:15  BuildStamp: freesurfer-linux-ubuntu22_x86_64-7.3.2-20220804-6354275  User: oesteban  Machine: dna042  Platform: Linux  PlatformVersion: 5.14.0-427.37.1.el9_4.x86_64  CompilerName: GCC  CompilerVersion: 8.4.0
ProgramName: mris_surface_stats  ProgramArguments: mris_surface_stats -all-info  ProgramVersion: 7.3.2  TimeStamp: 2026/03/06-14:57:29-GMT  BuildTime: Aug  4 2022 06:17:15  BuildStamp: freesurfer-linux-ubuntu22_x86_64-7.3.2-20220804-6354275  User: oesteban  Machine: dna042  Platform: Linux  PlatformVersion: 5.14.0-427.37.1.el9_4.x86_64  CompilerName: GCC  CompilerVersion: 8.4.0
ProgramName: mri_stats2seg  ProgramArguments: mri_stats2seg -all-info  ProgramVersion: 7.3.2  TimeStamp: 2026/03/06-14:57:29-GMT  BuildTime: Aug  4 2022 06:17:15  BuildStamp: freesurfer-linux-ubuntu22_x86_64-7.3.2-20220804-6354275  User: oesteban  Machine: dna042  Platform: Linux  PlatformVersion: 5.14.0-427.37.1.el9_4.x86_64  CompilerName: GCC  CompilerVersion: 8.4.0
ProgramName: mris_thickness  ProgramArguments: mris_thickness -all-info  ProgramVersion: 7.3.2  TimeStamp: 2026/03/06-14:57:29-GMT  BuildTime: Aug  4 2022 06:17:15  BuildStamp: freesurfer-linux-ubuntu22_x86_64-7.3.2-20220804-6354275  User: oesteban  Machine: dna042  Platform: Linux  PlatformVersion: 5.14.0-427.37.1.el9_4.x86_64  CompilerName: GCC  CompilerVersion: 8.4.0
ProgramName: mris_thickness_diff  ProgramArguments: mris_thickness_diff -all-info  ProgramVersion: 7.3.2  TimeStamp: 2026/03/06-14:57:29-GMT  BuildTime: Aug  4 2022 06:17:15  BuildStamp: freesurfer-linux-ubuntu22_x86_64-7.3.2-20220804-6354275  User: oesteban  Machine: dna042  Platform: Linux  PlatformVersion: 5.14.0-427.37.1.el9_4.x86_64  CompilerName: GCC  CompilerVersion: 8.4.0
ProgramName: mris_topo_fixer  ProgramArguments: mris_topo_fixer -all-info  ProgramVersion: 7.3.2  TimeStamp: 2026/03/06-14:57:29-GMT  BuildTime: Aug  4 2022 06:17:15  BuildStamp: freesurfer-linux-ubuntu22_x86_64-7.3.2-20220804-6354275  User: oesteban  Machine: dna042  Platform: Linux  PlatformVersion: 5.14.0-427.37.1.el9_4.x86_64  CompilerName: GCC  CompilerVersion: 8.4.0
ProgramName: mri_surf2surf  ProgramArguments: mri_surf2surf -all-info  ProgramVersion: 7.3.2  TimeStamp: 2026/03/06-14:57:29-GMT  BuildTime: Aug  4 2022 06:17:15  BuildStamp: freesurfer-linux-ubuntu22_x86_64-7.3.2-20220804-6354275  User: oesteban  Machine: dna042  Platform: Linux  PlatformVersion: 5.14.0-427.37.1.el9_4.x86_64  CompilerName: GCC  CompilerVersion: 8.4.0
ProgramName: mri_surf2vol  ProgramArguments: mri_surf2vol -all-info  ProgramVersion: 7.3.2  TimeStamp: 2026/03/06-14:57:29-GMT  BuildTime: Aug  4 2022 06:17:15  BuildStamp: freesurfer-linux-ubuntu22_x86_64-7.3.2-20220804-6354275  User: oesteban  Machine: dna042  Platform: Linux  PlatformVersion: 5.14.0-427.37.1.el9_4.x86_64  CompilerName: GCC  CompilerVersion: 8.4.0
ProgramName: mri_surfcluster  ProgramArguments: mri_surfcluster -all-info  ProgramVersion: 7.3.2  TimeStamp: 2026/03/06-14:57:29-GMT  BuildTime: Aug  4 2022 06:17:15  BuildStamp: freesurfer-linux-ubuntu22_x86_64-7.3.2-20220804-6354275  User: oesteban  Machine: dna042  Platform: Linux  PlatformVersion: 5.14.0-427.37.1.el9_4.x86_64  CompilerName: GCC  CompilerVersion: 8.4.0
ProgramName: mris_volmask  ProgramArguments: mris_volmask -all-info  ProgramVersion: 7.3.2  TimeStamp: 2026/03/06-14:57:29-GMT  BuildTime: Aug  4 2022 06:17:15  BuildStamp: freesurfer-linux-ubuntu22_x86_64-7.3.2-20220804-6354275  User: oesteban  Machine: dna042  Platform: Linux  PlatformVersion: 5.14.0-427.37.1.el9_4.x86_64  CompilerName: GCC  CompilerVersion: 8.4.0
ProgramName: mri_tessellate  ProgramArguments: mri_tessellate -all-info  ProgramVersion: 7.3.2  TimeStamp: 2026/03/06-14:57:29-GMT  BuildTime: Aug  4 2022 06:17:15  BuildStamp: freesurfer-linux-ubuntu22_x86_64-7.3.2-20220804-6354275  User: oesteban  Machine: dna042  Platform: Linux  PlatformVersion: 5.14.0-427.37.1.el9_4.x86_64  CompilerName: GCC  CompilerVersion: 8.4.0
ProgramName: mri_vol2surf  ProgramArguments: mri_vol2surf -all-info  ProgramVersion: 7.3.2  TimeStamp: 2026/03/06-14:57:29-GMT  BuildTime: Aug  4 2022 06:17:15  BuildStamp: freesurfer-linux-ubuntu22_x86_64-7.3.2-20220804-6354275  User: oesteban  Machine: dna042  Platform: Linux  PlatformVersion: 5.14.0-427.37.1.el9_4.x86_64  CompilerName: GCC  CompilerVersion: 8.4.0
ProgramName: mri_vol2vol  ProgramArguments: mri_vol2vol -all-info  ProgramVersion: 7.3.2  TimeStamp: 2026/03/06-14:57:29-GMT  BuildTime: Aug  4 2022 06:17:15  BuildStamp: freesurfer-linux-ubuntu22_x86_64-7.3.2-20220804-6354275  User: oesteban  Machine: dna042  Platform: Linux  PlatformVersion: 5.14.0-427.37.1.el9_4.x86_64  CompilerName: GCC  CompilerVersion: 8.4.0
ProgramName: mri_voldiff  ProgramArguments: mri_voldiff -all-info  ProgramVersion: 7.3.2  TimeStamp: 2026/03/06-14:57:29-GMT  BuildTime: Aug  4 2022 06:17:15  BuildStamp: freesurfer-linux-ubuntu22_x86_64-7.3.2-20220804-6354275  User: oesteban  Machine: dna042  Platform: Linux  PlatformVersion: 5.14.0-427.37.1.el9_4.x86_64  CompilerName: GCC  CompilerVersion: 8.4.0
ProgramName: mri_watershed  ProgramArguments: mri_watershed -all-info  ProgramVersion: 7.3.2  TimeStamp: 2026/03/06-14:57:29-GMT  BuildTime: Aug  4 2022 06:17:15  BuildStamp: freesurfer-linux-ubuntu22_x86_64-7.3.2-20220804-6354275  User: oesteban  Machine: dna042  Platform: Linux  PlatformVersion: 5.14.0-427.37.1.el9_4.x86_64  CompilerName: GCC  CompilerVersion: 8.4.0
ProgramName: tkregister2  ProgramArguments: tkregister2_cmdl -all-info  ProgramVersion: 7.3.2  TimeStamp: 2026/03/06-14:57:29-GMT  BuildTime: Aug  4 2022 06:17:15  BuildStamp: freesurfer-linux-ubuntu22_x86_64-7.3.2-20220804-6354275  User: oesteban  Machine: dna042  Platform: Linux  PlatformVersion: 5.14.0-427.37.1.el9_4.x86_64  CompilerName: GCC  CompilerVersion: 8.4.0
mri_motion_correct.fsl 7.3.2
mri_convert -all-info 
ProgramName: mri_convert  ProgramArguments: mri_convert -all-info  ProgramVersion: 7.3.2  TimeStamp: 2026/03/06-14:57:29-GMT  BuildTime: Aug  4 2022 06:17:15  BuildStamp: freesurfer-linux-ubuntu22_x86_64-7.3.2-20220804-6354275  User: oesteban  Machine: dna042  Platform: Linux  PlatformVersion: 5.14.0-427.37.1.el9_4.x86_64  CompilerName: GCC  CompilerVersion: 8.4.0
Program nu_correct, built from:
Package MNI N3, version 1.12.0, compiled by nicks@terrier (x86_64-unknown-linux-gnu) on 2015-06-19 at 01:25:34
#######################################
GCADIR /opt/freesurfer/average
GCA RB_all_2020-01-02.gca
GCASkull RB_all_withskull_2020_01_02.gca
AvgCurvTif folding.atlas.acfb40.noaparc.i12.2016-08-02.tif
GCSDIR /opt/freesurfer/average
GCS DKaparc.atlas.acfb40.noaparc.i12.2016-08-02.gcs
#######################################
#@# white curv lh Fri Mar  6 15:57:29 CET 2026
cd /out/sourcedata/freesurfer/sub-v1s10x0051099_ses-1/mri
mris_place_surface --curv-map ../surf/lh.white 2 10 ../surf/lh.curv
   Update not needed
#@# white area lh Fri Mar  6 15:57:29 CET 2026
cd /out/sourcedata/freesurfer/sub-v1s10x0051099_ses-1/mri
mris_place_surface --area-map ../surf/lh.white ../surf/lh.area
   Update not needed
#@# pial curv lh Fri Mar  6 15:57:29 CET 2026
cd /out/sourcedata/freesurfer/sub-v1s10x0051099_ses-1/mri
mris_place_surface --curv-map ../surf/lh.pial 2 10 ../surf/lh.curv.pial
   Update not needed
#@# pial area lh Fri Mar  6 15:57:29 CET 2026
cd /out/sourcedata/freesurfer/sub-v1s10x0051099_ses-1/mri
mris_place_surface --area-map ../surf/lh.pial ../surf/lh.area.pial
   Update not needed
#@# thickness lh Fri Mar  6 15:57:29 CET 2026
cd /out/sourcedata/freesurfer/sub-v1s10x0051099_ses-1/mri
mris_place_surface --thickness ../surf/lh.white ../surf/lh.pial 20 5 ../surf/lh.thickness
   Update not needed
#@# area and vertex vol lh Fri Mar  6 15:57:29 CET 2026
cd /out/sourcedata/freesurfer/sub-v1s10x0051099_ses-1/mri
mris_place_surface --thickness ../surf/lh.white ../surf/lh.pial 20 5 ../surf/lh.thickness
   Update not needed
#@# white curv rh Fri Mar  6 15:57:29 CET 2026
cd /out/sourcedata/freesurfer/sub-v1s10x0051099_ses-1/mri
mris_place_surface --curv-map ../surf/rh.white 2 10 ../surf/rh.curv
   Update not needed
#@# white area rh Fri Mar  6 15:57:29 CET 2026
cd /out/sourcedata/freesurfer/sub-v1s10x0051099_ses-1/mri
mris_place_surface --area-map ../surf/rh.white ../surf/rh.area
   Update not needed
#@# pial curv rh Fri Mar  6 15:57:29 CET 2026
cd /out/sourcedata/freesurfer/sub-v1s10x0051099_ses-1/mri
mris_place_surface --curv-map ../surf/rh.pial 2 10 ../surf/rh.curv.pial
   Update not needed
#@# pial area rh Fri Mar  6 15:57:29 CET 2026
cd /out/sourcedata/freesurfer/sub-v1s10x0051099_ses-1/mri
mris_place_surface --area-map ../surf/rh.pial ../surf/rh.area.pial
   Update not needed
#@# thickness rh Fri Mar  6 15:57:29 CET 2026
cd /out/sourcedata/freesurfer/sub-v1s10x0051099_ses-1/mri
mris_place_surface --thickness ../surf/rh.white ../surf/rh.pial 20 5 ../surf/rh.thickness
   Update not needed
#@# area and vertex vol rh Fri Mar  6 15:57:29 CET 2026
cd /out/sourcedata/freesurfer/sub-v1s10x0051099_ses-1/mri
mris_place_surface --thickness ../surf/rh.white ../surf/rh.pial 20 5 ../surf/rh.thickness
   Update not needed
#--------------------------------------------
#@# Cortical ribbon mask Fri Mar  6 15:57:29 CET 2026
/out/sourcedata/freesurfer/sub-v1s10x0051099_ses-1/mri

 mris_volmask --aseg_name aseg.presurf --label_left_white 2 --label_left_ribbon 3 --label_right_white 41 --label_right_ribbon 42 --save_ribbon sub-v1s10x0051099_ses-1 

SUBJECTS_DIR is /out/sourcedata/freesurfer
loading input data...
Running hemis serially
Processing left hemi
computing distance to left white surface 
computing distance to left pial surface 
Processing right hemi
computing distance to right white surface 
computing distance to right pial surface 
 hemi masks overlap voxels = 549
writing volume /out/sourcedata/freesurfer/sub-v1s10x0051099_ses-1/mri/ribbon.mgz
mris_volmask took 4.82 minutes
 writing ribbon files

Started at Fri Mar 6 15:57:29 CET 2026 
Ended   at Fri Mar 6 16:02:18 CET 2026
#@#%# recon-all-run-time-hours 0.080
recon-all -s sub-v1s10x0051099_ses-1 finished without error at Fri Mar  6 16:02:18 CET 2026



#New# invocation of recon-all 




Fri Mar  6 16:08:01 CET 2026
cd /out/sourcedata/freesurfer/sub-v1s10x0051099_ses-1
setenv SUBJECTS_DIR /out/sourcedata/freesurfer
/opt/freesurfer/bin/recon-all -autorecon3 -openmp 16 -subjid sub-v1s10x0051099_ses-1 -sd /out/sourcedata/freesurfer -nosphere -nosurfreg -nojacobian_white -noavgcurv -nocortparc -nopial -noparcstats -nocortparc2 -noparcstats2 -nocortparc3 -noparcstats3 -nopctsurfcon -nocortribbon -nobalabels

subjid sub-v1s10x0051099_ses-1
setenv SUBJECTS_DIR /out/sourcedata/freesurfer
FREESURFER_HOME /opt/freesurfer
Actual FREESURFER_HOME /opt/freesurfer
build-stamp.txt: freesurfer-linux-ubuntu22_x86_64-7.3.2-20220804-6354275
Linux dna042 5.14.0-427.37.1.el9_4.x86_64 #1 SMP PREEMPT_DYNAMIC Fri Sep 13 12:41:50 EDT 2024 x86_64 x86_64 x86_64 GNU/Linux
cputime      unlimited
filesize     unlimited
datasize     unlimited
stacksize    8192 kbytes
coredumpsize 0 kbytes
memoryuse    67108864 kbytes
vmemoryuse   unlimited
descriptors  1024 
memorylocked unlimited
maxproc      2061970 
maxlocks     unlimited
maxsignal    4126352 
maxmessage   819200 
maxnice      0 
maxrtprio    0 
maxrttime    unlimited

               total        used        free      shared  buff/cache   available
Mem:           1.0Ti        49Gi       733Gi       6.6Gi       224Gi       945Gi
Swap:             0B          0B          0B

########################################
program versions used
7.3.2 (freesurfer-linux-ubuntu22_x86_64-7.3.2-20220804-6354275)
7.3.2

ProgramName: lta_convert  ProgramArguments: lta_convert -all-info  ProgramVersion: 7.3.2  TimeStamp: 2026/03/06-15:08:01-GMT  BuildTime: Aug  4 2022 06:17:15  BuildStamp: freesurfer-linux-ubuntu22_x86_64-7.3.2-20220804-6354275  User: oesteban  Machine: dna042  Platform: Linux  PlatformVersion: 5.14.0-427.37.1.el9_4.x86_64  CompilerName: GCC  CompilerVersion: 8.4.0
ProgramName: mri_and  ProgramArguments: mri_and -all-info  ProgramVersion: 7.3.2  TimeStamp: 2026/03/06-15:08:01-GMT  BuildTime: Aug  4 2022 06:17:15  BuildStamp: freesurfer-linux-ubuntu22_x86_64-7.3.2-20220804-6354275  User: oesteban  Machine: dna042  Platform: Linux  PlatformVersion: 5.14.0-427.37.1.el9_4.x86_64  CompilerName: GCC  CompilerVersion: 8.4.0
ProgramName: mri_annotation2label  ProgramArguments: mri_annotation2label -all-info  ProgramVersion: 7.3.2  TimeStamp: 2026/03/06-15:08:01-GMT  BuildTime: Aug  4 2022 06:17:15  BuildStamp: freesurfer-linux-ubuntu22_x86_64-7.3.2-20220804-6354275  User: oesteban  Machine: dna042  Platform: Linux  PlatformVersion: 5.14.0-427.37.1.el9_4.x86_64  CompilerName: GCC  CompilerVersion: 8.4.0
ProgramName: mri_aparc2aseg  ProgramArguments: mri_aparc2aseg -all-info  ProgramVersion: 7.3.2  TimeStamp: 2026/03/06-15:08:01-GMT  BuildTime: Aug  4 2022 06:17:15  BuildStamp: freesurfer-linux-ubuntu22_x86_64-7.3.2-20220804-6354275  User: oesteban  Machine: dna042  Platform: Linux  PlatformVersion: 5.14.0-427.37.1.el9_4.x86_64  CompilerName: GCC  CompilerVersion: 8.4.0
ProgramName: mri_surf2volseg  ProgramArguments: mri_surf2volseg -all-info  ProgramVersion: 7.3.2  TimeStamp: 2026/03/06-15:08:01-GMT  BuildTime: Aug  4 2022 06:17:15  BuildStamp: freesurfer-linux-ubuntu22_x86_64-7.3.2-20220804-6354275  User: oesteban  Machine: dna042  Platform: Linux  PlatformVersion: 5.14.0-427.37.1.el9_4.x86_64  CompilerName: GCC  CompilerVersion: 8.4.0
ProgramName: mri_binarize  ProgramArguments: mri_binarize -all-info  ProgramVersion: 7.3.2  TimeStamp: 2026/03/06-15:08:01-GMT  BuildTime: Aug  4 2022 06:17:15  BuildStamp: freesurfer-linux-ubuntu22_x86_64-7.3.2-20220804-6354275  User: oesteban  Machine: dna042  Platform: Linux  PlatformVersion: 5.14.0-427.37.1.el9_4.x86_64  CompilerName: GCC  CompilerVersion: 8.4.0
ProgramName: mri_ca_label  ProgramArguments: mri_ca_label -all-info  ProgramVersion: 7.3.2  TimeStamp: 2026/03/06-15:08:01-GMT  BuildTime: Aug  4 2022 06:17:15  BuildStamp: freesurfer-linux-ubuntu22_x86_64-7.3.2-20220804-6354275  User: oesteban  Machine: dna042  Platform: Linux  PlatformVersion: 5.14.0-427.37.1.el9_4.x86_64  CompilerName: GCC  CompilerVersion: 8.4.0
ProgramName: mri_ca_normalize  ProgramArguments: mri_ca_normalize -all-info  ProgramVersion: 7.3.2  TimeStamp: 2026/03/06-15:08:01-GMT  BuildTime: Aug  4 2022 06:17:15  BuildStamp: freesurfer-linux-ubuntu22_x86_64-7.3.2-20220804-6354275  User: oesteban  Machine: dna042  Platform: Linux  PlatformVersion: 5.14.0-427.37.1.el9_4.x86_64  CompilerName: GCC  CompilerVersion: 8.4.0
ProgramName: mri_ca_register  ProgramArguments: mri_ca_register -all-info  ProgramVersion: 7.3.2  TimeStamp: 2026/03/06-15:08:01-GMT  BuildTime: Aug  4 2022 06:17:15  BuildStamp: freesurfer-linux-ubuntu22_x86_64-7.3.2-20220804-6354275  User: oesteban  Machine: dna042  Platform: Linux  PlatformVersion: 5.14.0-427.37.1.el9_4.x86_64  CompilerName: GCC  CompilerVersion: 8.4.0
ProgramName: mri_cc  ProgramArguments: mri_cc -all-info  ProgramVersion: 7.3.2  TimeStamp: 2026/03/06-15:08:01-GMT  BuildTime: Aug  4 2022 06:17:15  BuildStamp: freesurfer-linux-ubuntu22_x86_64-7.3.2-20220804-6354275  User: oesteban  Machine: dna042  Platform: Linux  PlatformVersion: 5.14.0-427.37.1.el9_4.x86_64  CompilerName: GCC  CompilerVersion: 8.4.0
ProgramName: mri_compute_overlap  ProgramArguments: mri_compute_overlap -all-info  ProgramVersion: 7.3.2  TimeStamp: 2026/03/06-15:08:01-GMT  BuildTime: Aug  4 2022 06:17:15  BuildStamp: freesurfer-linux-ubuntu22_x86_64-7.3.2-20220804-6354275  User: oesteban  Machine: dna042  Platform: Linux  PlatformVersion: 5.14.0-427.37.1.el9_4.x86_64  CompilerName: GCC  CompilerVersion: 8.4.0
ProgramName: mri_compute_seg_overlap  ProgramArguments: mri_compute_seg_overlap -all-info  ProgramVersion: 7.3.2  TimeStamp: 2026/03/06-15:08:01-GMT  BuildTime: Aug  4 2022 06:17:15  BuildStamp: freesurfer-linux-ubuntu22_x86_64-7.3.2-20220804-6354275  User: oesteban  Machine: dna042  Platform: Linux  PlatformVersion: 5.14.0-427.37.1.el9_4.x86_64  CompilerName: GCC  CompilerVersion: 8.4.0
ProgramName: mri_concat  ProgramArguments: mri_concat -all-info  ProgramVersion: 7.3.2  TimeStamp: 2026/03/06-15:08:01-GMT  BuildTime: Aug  4 2022 06:17:15  BuildStamp: freesurfer-linux-ubuntu22_x86_64-7.3.2-20220804-6354275  User: oesteban  Machine: dna042  Platform: Linux  PlatformVersion: 5.14.0-427.37.1.el9_4.x86_64  CompilerName: GCC  CompilerVersion: 8.4.0
ProgramName: mri_concatenate_lta  ProgramArguments: mri_concatenate_lta -all-info  ProgramVersion: 7.3.2  TimeStamp: 2026/03/06-15:08:01-GMT  BuildTime: Aug  4 2022 06:17:15  BuildStamp: freesurfer-linux-ubuntu22_x86_64-7.3.2-20220804-6354275  User: oesteban  Machine: dna042  Platform: Linux  PlatformVersion: 5.14.0-427.37.1.el9_4.x86_64  CompilerName: GCC  CompilerVersion: 8.4.0
mri_convert -all-info 
ProgramName: mri_convert  ProgramArguments: mri_convert -all-info  ProgramVersion: 7.3.2  TimeStamp: 2026/03/06-15:08:01-GMT  BuildTime: Aug  4 2022 06:17:15  BuildStamp: freesurfer-linux-ubuntu22_x86_64-7.3.2-20220804-6354275  User: oesteban  Machine: dna042  Platform: Linux  PlatformVersion: 5.14.0-427.37.1.el9_4.x86_64  CompilerName: GCC  CompilerVersion: 8.4.0
ProgramName: mri_diff  ProgramArguments: mri_diff -all-info  ProgramVersion: 7.3.2  TimeStamp: 2026/03/06-15:08:01-GMT  BuildTime: Aug  4 2022 06:17:15  BuildStamp: freesurfer-linux-ubuntu22_x86_64-7.3.2-20220804-6354275  User: oesteban  Machine: dna042  Platform: Linux  PlatformVersion: 5.14.0-427.37.1.el9_4.x86_64  CompilerName: GCC  CompilerVersion: 8.4.0
ProgramName: mri_edit_wm_with_aseg  ProgramArguments: mri_edit_wm_with_aseg -all-info  ProgramVersion: 7.3.2  TimeStamp: 2026/03/06-15:08:01-GMT  BuildTime: Aug  4 2022 06:17:15  BuildStamp: freesurfer-linux-ubuntu22_x86_64-7.3.2-20220804-6354275  User: oesteban  Machine: dna042  Platform: Linux  PlatformVersion: 5.14.0-427.37.1.el9_4.x86_64  CompilerName: GCC  CompilerVersion: 8.4.0
ProgramName: mri_em_register  ProgramArguments: mri_em_register -all-info  ProgramVersion: 7.3.2  TimeStamp: 2026/03/06-15:08:01-GMT  BuildTime: Aug  4 2022 06:17:15  BuildStamp: freesurfer-linux-ubuntu22_x86_64-7.3.2-20220804-6354275  User: oesteban  Machine: dna042  Platform: Linux  PlatformVersion: 5.14.0-427.37.1.el9_4.x86_64  CompilerName: GCC  CompilerVersion: 8.4.0
ProgramName: mri_fill  ProgramArguments: mri_fill -all-info  ProgramVersion: 7.3.2  TimeStamp: 2026/03/06-15:08:01-GMT  BuildTime: Aug  4 2022 06:17:15  BuildStamp: freesurfer-linux-ubuntu22_x86_64-7.3.2-20220804-6354275  User: oesteban  Machine: dna042  Platform: Linux  PlatformVersion: 5.14.0-427.37.1.el9_4.x86_64  CompilerName: GCC  CompilerVersion: 8.4.0
ProgramName: mri_fuse_segmentations  ProgramArguments: mri_fuse_segmentations -all-info  ProgramVersion: 7.3.2  TimeStamp: 2026/03/06-15:08:01-GMT  BuildTime: Aug  4 2022 06:17:15  BuildStamp: freesurfer-linux-ubuntu22_x86_64-7.3.2-20220804-6354275  User: oesteban  Machine: dna042  Platform: Linux  PlatformVersion: 5.14.0-427.37.1.el9_4.x86_64  CompilerName: GCC  CompilerVersion: 8.4.0
ProgramName: mri_fwhm  ProgramArguments: mri_fwhm -all-info  ProgramVersion: 7.3.2  TimeStamp: 2026/03/06-15:08:01-GMT  BuildTime: Aug  4 2022 06:17:15  BuildStamp: freesurfer-linux-ubuntu22_x86_64-7.3.2-20220804-6354275  User: oesteban  Machine: dna042  Platform: Linux  PlatformVersion: 5.14.0-427.37.1.el9_4.x86_64  CompilerName: GCC  CompilerVersion: 8.4.0
ProgramName: mri_gcut  ProgramArguments: mri_gcut -all-info  ProgramVersion: 7.3.2  TimeStamp: 2026/03/06-15:08:01-GMT  BuildTime: Aug  4 2022 06:17:15  BuildStamp: freesurfer-linux-ubuntu22_x86_64-7.3.2-20220804-6354275  User: oesteban  Machine: dna042  Platform: Linux  PlatformVersion: 5.14.0-427.37.1.el9_4.x86_64  CompilerName: GCC  CompilerVersion: 8.4.0
ProgramName: mri_info  ProgramArguments: mri_info -all-info  ProgramVersion: 7.3.2  TimeStamp: 2026/03/06-15:08:01-GMT  BuildTime: Aug  4 2022 06:17:15  BuildStamp: freesurfer-linux-ubuntu22_x86_64-7.3.2-20220804-6354275  User: oesteban  Machine: dna042  Platform: Linux  PlatformVersion: 5.14.0-427.37.1.el9_4.x86_64  CompilerName: GCC  CompilerVersion: 8.4.0
ProgramName: mri_label2label  ProgramArguments: mri_label2label -all-info  ProgramVersion: 7.3.2  TimeStamp: 2026/03/06-15:08:01-GMT  BuildTime: Aug  4 2022 06:17:15  BuildStamp: freesurfer-linux-ubuntu22_x86_64-7.3.2-20220804-6354275  User: oesteban  Machine: dna042  Platform: Linux  PlatformVersion: 5.14.0-427.37.1.el9_4.x86_64  CompilerName: GCC  CompilerVersion: 8.4.0
ProgramName: mri_label2vol  ProgramArguments: mri_label2vol -all-info  ProgramVersion: 7.3.2  TimeStamp: 2026/03/06-15:08:01-GMT  BuildTime: Aug  4 2022 06:17:15  BuildStamp: freesurfer-linux-ubuntu22_x86_64-7.3.2-20220804-6354275  User: oesteban  Machine: dna042  Platform: Linux  PlatformVersion: 5.14.0-427.37.1.el9_4.x86_64  CompilerName: GCC  CompilerVersion: 8.4.0
ProgramName: mri_log_likelihood  ProgramArguments: mri_log_likelihood -all-info  ProgramVersion: 7.3.2  TimeStamp: 2026/03/06-15:08:01-GMT  BuildTime: Aug  4 2022 06:17:15  BuildStamp: freesurfer-linux-ubuntu22_x86_64-7.3.2-20220804-6354275  User: oesteban  Machine: dna042  Platform: Linux  PlatformVersion: 5.14.0-427.37.1.el9_4.x86_64  CompilerName: GCC  CompilerVersion: 8.4.0
ProgramName: mri_mask  ProgramArguments: mri_mask -all-info  ProgramVersion: 7.3.2  TimeStamp: 2026/03/06-15:08:01-GMT  BuildTime: Aug  4 2022 06:17:15  BuildStamp: freesurfer-linux-ubuntu22_x86_64-7.3.2-20220804-6354275  User: oesteban  Machine: dna042  Platform: Linux  PlatformVersion: 5.14.0-427.37.1.el9_4.x86_64  CompilerName: GCC  CompilerVersion: 8.4.0
ProgramName: mri_matrix_multiply  ProgramArguments: mri_matrix_multiply -all-info  ProgramVersion: 7.3.2  TimeStamp: 2026/03/06-15:08:01-GMT  BuildTime: Aug  4 2022 06:17:15  BuildStamp: freesurfer-linux-ubuntu22_x86_64-7.3.2-20220804-6354275  User: oesteban  Machine: dna042  Platform: Linux  PlatformVersion: 5.14.0-427.37.1.el9_4.x86_64  CompilerName: GCC  CompilerVersion: 8.4.0
ProgramName: mri_normalize  ProgramArguments: mri_normalize -all-info  ProgramVersion: 7.3.2  TimeStamp: 2026/03/06-15:08:01-GMT  BuildTime: Aug  4 2022 06:17:15  BuildStamp: freesurfer-linux-ubuntu22_x86_64-7.3.2-20220804-6354275  User: oesteban  Machine: dna042  Platform: Linux  PlatformVersion: 5.14.0-427.37.1.el9_4.x86_64  CompilerName: GCC  CompilerVersion: 8.4.0
ProgramName: mri_normalize_tp2  ProgramArguments: mri_normalize_tp2 -all-info  ProgramVersion: 7.3.2  TimeStamp: 2026/03/06-15:08:01-GMT  BuildTime: Aug  4 2022 06:17:15  BuildStamp: freesurfer-linux-ubuntu22_x86_64-7.3.2-20220804-6354275  User: oesteban  Machine: dna042  Platform: Linux  PlatformVersion: 5.14.0-427.37.1.el9_4.x86_64  CompilerName: GCC  CompilerVersion: 8.4.0
ProgramName: mri_or  ProgramArguments: mri_or -all-info  ProgramVersion: 7.3.2  TimeStamp: 2026/03/06-15:08:01-GMT  BuildTime: Aug  4 2022 06:17:15  BuildStamp: freesurfer-linux-ubuntu22_x86_64-7.3.2-20220804-6354275  User: oesteban  Machine: dna042  Platform: Linux  PlatformVersion: 5.14.0-427.37.1.el9_4.x86_64  CompilerName: GCC  CompilerVersion: 8.4.0
ProgramName: mri_relabel_hypointensities  ProgramArguments: mri_relabel_hypointensities -all-info  ProgramVersion: 7.3.2  TimeStamp: 2026/03/06-15:08:01-GMT  BuildTime: Aug  4 2022 06:17:15  BuildStamp: freesurfer-linux-ubuntu22_x86_64-7.3.2-20220804-6354275  User: oesteban  Machine: dna042  Platform: Linux  PlatformVersion: 5.14.0-427.37.1.el9_4.x86_64  CompilerName: GCC  CompilerVersion: 8.4.0
ProgramName: mri_relabel_nonwm_hypos  ProgramArguments: mri_relabel_nonwm_hypos -all-info  ProgramVersion: 7.3.2  TimeStamp: 2026/03/06-15:08:01-GMT  BuildTime: Aug  4 2022 06:17:15  BuildStamp: freesurfer-linux-ubuntu22_x86_64-7.3.2-20220804-6354275  User: oesteban  Machine: dna042  Platform: Linux  PlatformVersion: 5.14.0-427.37.1.el9_4.x86_64  CompilerName: GCC  CompilerVersion: 8.4.0
ProgramName: mri_remove_neck  ProgramArguments: mri_remove_neck -all-info  ProgramVersion: 7.3.2  TimeStamp: 2026/03/06-15:08:01-GMT  BuildTime: Aug  4 2022 06:17:15  BuildStamp: freesurfer-linux-ubuntu22_x86_64-7.3.2-20220804-6354275  User: oesteban  Machine: dna042  Platform: Linux  PlatformVersion: 5.14.0-427.37.1.el9_4.x86_64  CompilerName: GCC  CompilerVersion: 8.4.0
7.3.2

ProgramName: mri_robust_register  ProgramArguments: mri_robust_register -all-info  ProgramVersion: 7.3.2  TimeStamp: 2026/03/06-15:08:01-GMT  BuildTime: Aug  4 2022 06:17:15  BuildStamp: freesurfer-linux-ubuntu22_x86_64-7.3.2-20220804-6354275  User: oesteban  Machine: dna042  Platform: Linux  PlatformVersion: 5.14.0-427.37.1.el9_4.x86_64  CompilerName: GCC  CompilerVersion: 8.4.0
7.3.2

ProgramName: mri_robust_template  ProgramArguments: mri_robust_template -all-info  ProgramVersion: 7.3.2  TimeStamp: 2026/03/06-15:08:01-GMT  BuildTime: Aug  4 2022 06:17:15  BuildStamp: freesurfer-linux-ubuntu22_x86_64-7.3.2-20220804-6354275  User: oesteban  Machine: dna042  Platform: Linux  PlatformVersion: 5.14.0-427.37.1.el9_4.x86_64  CompilerName: GCC  CompilerVersion: 8.4.0
ProgramName: mris_anatomical_stats  ProgramArguments: mris_anatomical_stats -all-info  ProgramVersion: 7.3.2  TimeStamp: 2026/03/06-15:08:01-GMT  BuildTime: Aug  4 2022 06:17:15  BuildStamp: freesurfer-linux-ubuntu22_x86_64-7.3.2-20220804-6354275  User: oesteban  Machine: dna042  Platform: Linux  PlatformVersion: 5.14.0-427.37.1.el9_4.x86_64  CompilerName: GCC  CompilerVersion: 8.4.0
ProgramName: mris_ca_label  ProgramArguments: mris_ca_label -all-info  ProgramVersion: 7.3.2  TimeStamp: 2026/03/06-15:08:01-GMT  BuildTime: Aug  4 2022 06:17:15  BuildStamp: freesurfer-linux-ubuntu22_x86_64-7.3.2-20220804-6354275  User: oesteban  Machine: dna042  Platform: Linux  PlatformVersion: 5.14.0-427.37.1.el9_4.x86_64  CompilerName: GCC  CompilerVersion: 8.4.0
ProgramName: mris_calc  ProgramArguments: mris_calc -all-info  ProgramVersion: 7.3.2  TimeStamp: 2026/03/06-15:08:01-GMT  BuildTime: Aug  4 2022 06:17:15  BuildStamp: freesurfer-linux-ubuntu22_x86_64-7.3.2-20220804-6354275  User: oesteban  Machine: dna042  Platform: Linux  PlatformVersion: 5.14.0-427.37.1.el9_4.x86_64  CompilerName: GCC  CompilerVersion: 8.4.0
ProgramName: mris_convert  ProgramArguments: mris_convert -all-info  ProgramVersion: 7.3.2  TimeStamp: 2026/03/06-15:08:01-GMT  BuildTime: Aug  4 2022 06:17:15  BuildStamp: freesurfer-linux-ubuntu22_x86_64-7.3.2-20220804-6354275  User: oesteban  Machine: dna042  Platform: Linux  PlatformVersion: 5.14.0-427.37.1.el9_4.x86_64  CompilerName: GCC  CompilerVersion: 8.4.0
ProgramName: mris_curvature  ProgramArguments: mris_curvature -all-info  ProgramVersion: 7.3.2  TimeStamp: 2026/03/06-15:08:01-GMT  BuildTime: Aug  4 2022 06:17:15  BuildStamp: freesurfer-linux-ubuntu22_x86_64-7.3.2-20220804-6354275  User: oesteban  Machine: dna042  Platform: Linux  PlatformVersion: 5.14.0-427.37.1.el9_4.x86_64  CompilerName: GCC  CompilerVersion: 8.4.0
ProgramName: mris_curvature_stats  ProgramArguments: mris_curvature_stats -all-info  ProgramVersion: 7.3.2  TimeStamp: 2026/03/06-15:08:01-GMT  BuildTime: Aug  4 2022 06:17:15  BuildStamp: freesurfer-linux-ubuntu22_x86_64-7.3.2-20220804-6354275  User: oesteban  Machine: dna042  Platform: Linux  PlatformVersion: 5.14.0-427.37.1.el9_4.x86_64  CompilerName: GCC  CompilerVersion: 8.4.0
ProgramName: mris_diff  ProgramArguments: mris_diff -all-info  ProgramVersion: 7.3.2  TimeStamp: 2026/03/06-15:08:01-GMT  BuildTime: Aug  4 2022 06:17:15  BuildStamp: freesurfer-linux-ubuntu22_x86_64-7.3.2-20220804-6354275  User: oesteban  Machine: dna042  Platform: Linux  PlatformVersion: 5.14.0-427.37.1.el9_4.x86_64  CompilerName: GCC  CompilerVersion: 8.4.0
ProgramName: mris_divide_parcellation  ProgramArguments: mris_divide_parcellation -all-info  ProgramVersion: 7.3.2  TimeStamp: 2026/03/06-15:08:01-GMT  BuildTime: Aug  4 2022 06:17:15  BuildStamp: freesurfer-linux-ubuntu22_x86_64-7.3.2-20220804-6354275  User: oesteban  Machine: dna042  Platform: Linux  PlatformVersion: 5.14.0-427.37.1.el9_4.x86_64  CompilerName: GCC  CompilerVersion: 8.4.0
ProgramName: mri_segment  ProgramArguments: mri_segment -all-info  ProgramVersion: 7.3.2  TimeStamp: 2026/03/06-15:08:01-GMT  BuildTime: Aug  4 2022 06:17:15  BuildStamp: freesurfer-linux-ubuntu22_x86_64-7.3.2-20220804-6354275  User: oesteban  Machine: dna042  Platform: Linux  PlatformVersion: 5.14.0-427.37.1.el9_4.x86_64  CompilerName: GCC  CompilerVersion: 8.4.0
ProgramName: mri_segstats  ProgramArguments: mri_segstats -all-info  ProgramVersion: 7.3.2  TimeStamp: 2026/03/06-15:08:01-GMT  BuildTime: Aug  4 2022 06:17:15  BuildStamp: freesurfer-linux-ubuntu22_x86_64-7.3.2-20220804-6354275  User: oesteban  Machine: dna042  Platform: Linux  PlatformVersion: 5.14.0-427.37.1.el9_4.x86_64  CompilerName: GCC  CompilerVersion: 8.4.0
ProgramName: mris_euler_number  ProgramArguments: mris_euler_number -all-info  ProgramVersion: 7.3.2  TimeStamp: 2026/03/06-15:08:01-GMT  BuildTime: Aug  4 2022 06:17:15  BuildStamp: freesurfer-linux-ubuntu22_x86_64-7.3.2-20220804-6354275  User: oesteban  Machine: dna042  Platform: Linux  PlatformVersion: 5.14.0-427.37.1.el9_4.x86_64  CompilerName: GCC  CompilerVersion: 8.4.0
ProgramName: mris_fix_topology  ProgramArguments: mris_fix_topology -all-info  ProgramVersion: 7.3.2  TimeStamp: 2026/03/06-15:08:01-GMT  BuildTime: Aug  4 2022 06:17:15  BuildStamp: freesurfer-linux-ubuntu22_x86_64-7.3.2-20220804-6354275  User: oesteban  Machine: dna042  Platform: Linux  PlatformVersion: 5.14.0-427.37.1.el9_4.x86_64  CompilerName: GCC  CompilerVersion: 8.4.0
ProgramName: mris_topo_fixer  ProgramArguments: mris_topo_fixer -all-info  ProgramVersion: 7.3.2  TimeStamp: 2026/03/06-15:08:01-GMT  BuildTime: Aug  4 2022 06:17:15  BuildStamp: freesurfer-linux-ubuntu22_x86_64-7.3.2-20220804-6354275  User: oesteban  Machine: dna042  Platform: Linux  PlatformVersion: 5.14.0-427.37.1.el9_4.x86_64  CompilerName: GCC  CompilerVersion: 8.4.0
ProgramName: mris_jacobian  ProgramArguments: mris_jacobian -all-info  ProgramVersion: 7.3.2  TimeStamp: 2026/03/06-15:08:01-GMT  BuildTime: Aug  4 2022 06:17:15  BuildStamp: freesurfer-linux-ubuntu22_x86_64-7.3.2-20220804-6354275  User: oesteban  Machine: dna042  Platform: Linux  PlatformVersion: 5.14.0-427.37.1.el9_4.x86_64  CompilerName: GCC  CompilerVersion: 8.4.0
ProgramName: mris_label2annot  ProgramArguments: mris_label2annot -all-info  ProgramVersion: 7.3.2  TimeStamp: 2026/03/06-15:08:01-GMT  BuildTime: Aug  4 2022 06:17:15  BuildStamp: freesurfer-linux-ubuntu22_x86_64-7.3.2-20220804-6354275  User: oesteban  Machine: dna042  Platform: Linux  PlatformVersion: 5.14.0-427.37.1.el9_4.x86_64  CompilerName: GCC  CompilerVersion: 8.4.0
ProgramName: mris_left_right_register  ProgramArguments: mris_left_right_register -all-info  ProgramVersion: 7.3.2  TimeStamp: 2026/03/06-15:08:01-GMT  BuildTime: Aug  4 2022 06:17:15  BuildStamp: freesurfer-linux-ubuntu22_x86_64-7.3.2-20220804-6354275  User: oesteban  Machine: dna042  Platform: Linux  PlatformVersion: 5.14.0-427.37.1.el9_4.x86_64  CompilerName: GCC  CompilerVersion: 8.4.0
ProgramName: mris_place_surface  ProgramArguments: mris_place_surface -all-info  ProgramVersion: 7.3.2  TimeStamp: 2026/03/06-15:08:01-GMT  BuildTime: Aug  4 2022 06:17:15  BuildStamp: freesurfer-linux-ubuntu22_x86_64-7.3.2-20220804-6354275  User: oesteban  Machine: dna042  Platform: Linux  PlatformVersion: 5.14.0-427.37.1.el9_4.x86_64  CompilerName: GCC  CompilerVersion: 8.4.0
ProgramName: mrisp_paint  ProgramArguments: mrisp_paint -all-info  ProgramVersion: 7.3.2  TimeStamp: 2026/03/06-15:08:01-GMT  BuildTime: Aug  4 2022 06:17:15  BuildStamp: freesurfer-linux-ubuntu22_x86_64-7.3.2-20220804-6354275  User: oesteban  Machine: dna042  Platform: Linux  PlatformVersion: 5.14.0-427.37.1.el9_4.x86_64  CompilerName: GCC  CompilerVersion: 8.4.0
ProgramName: mris_register  ProgramArguments: mris_register -all-info  ProgramVersion: 7.3.2  TimeStamp: 2026/03/06-15:08:01-GMT  BuildTime: Aug  4 2022 06:17:15  BuildStamp: freesurfer-linux-ubuntu22_x86_64-7.3.2-20220804-6354275  User: oesteban  Machine: dna042  Platform: Linux  PlatformVersion: 5.14.0-427.37.1.el9_4.x86_64  CompilerName: GCC  CompilerVersion: 8.4.0
ProgramName: mris_smooth  ProgramArguments: mris_smooth -all-info  ProgramVersion: 7.3.2  TimeStamp: 2026/03/06-15:08:01-GMT  BuildTime: Aug  4 2022 06:17:15  BuildStamp: freesurfer-linux-ubuntu22_x86_64-7.3.2-20220804-6354275  User: oesteban  Machine: dna042  Platform: Linux  PlatformVersion: 5.14.0-427.37.1.el9_4.x86_64  CompilerName: GCC  CompilerVersion: 8.4.0
ProgramName: mris_sphere  ProgramArguments: mris_sphere -all-info  ProgramVersion: 7.3.2  TimeStamp: 2026/03/06-15:08:01-GMT  BuildTime: Aug  4 2022 06:17:15  BuildStamp: freesurfer-linux-ubuntu22_x86_64-7.3.2-20220804-6354275  User: oesteban  Machine: dna042  Platform: Linux  PlatformVersion: 5.14.0-427.37.1.el9_4.x86_64  CompilerName: GCC  CompilerVersion: 8.4.0
ProgramName: mris_surface_stats  ProgramArguments: mris_surface_stats -all-info  ProgramVersion: 7.3.2  TimeStamp: 2026/03/06-15:08:01-GMT  BuildTime: Aug  4 2022 06:17:15  BuildStamp: freesurfer-linux-ubuntu22_x86_64-7.3.2-20220804-6354275  User: oesteban  Machine: dna042  Platform: Linux  PlatformVersion: 5.14.0-427.37.1.el9_4.x86_64  CompilerName: GCC  CompilerVersion: 8.4.0
ProgramName: mri_stats2seg  ProgramArguments: mri_stats2seg -all-info  ProgramVersion: 7.3.2  TimeStamp: 2026/03/06-15:08:01-GMT  BuildTime: Aug  4 2022 06:17:15  BuildStamp: freesurfer-linux-ubuntu22_x86_64-7.3.2-20220804-6354275  User: oesteban  Machine: dna042  Platform: Linux  PlatformVersion: 5.14.0-427.37.1.el9_4.x86_64  CompilerName: GCC  CompilerVersion: 8.4.0
ProgramName: mris_thickness  ProgramArguments: mris_thickness -all-info  ProgramVersion: 7.3.2  TimeStamp: 2026/03/06-15:08:01-GMT  BuildTime: Aug  4 2022 06:17:15  BuildStamp: freesurfer-linux-ubuntu22_x86_64-7.3.2-20220804-6354275  User: oesteban  Machine: dna042  Platform: Linux  PlatformVersion: 5.14.0-427.37.1.el9_4.x86_64  CompilerName: GCC  CompilerVersion: 8.4.0
ProgramName: mris_thickness_diff  ProgramArguments: mris_thickness_diff -all-info  ProgramVersion: 7.3.2  TimeStamp: 2026/03/06-15:08:01-GMT  BuildTime: Aug  4 2022 06:17:15  BuildStamp: freesurfer-linux-ubuntu22_x86_64-7.3.2-20220804-6354275  User: oesteban  Machine: dna042  Platform: Linux  PlatformVersion: 5.14.0-427.37.1.el9_4.x86_64  CompilerName: GCC  CompilerVersion: 8.4.0
ProgramName: mris_topo_fixer  ProgramArguments: mris_topo_fixer -all-info  ProgramVersion: 7.3.2  TimeStamp: 2026/03/06-15:08:01-GMT  BuildTime: Aug  4 2022 06:17:15  BuildStamp: freesurfer-linux-ubuntu22_x86_64-7.3.2-20220804-6354275  User: oesteban  Machine: dna042  Platform: Linux  PlatformVersion: 5.14.0-427.37.1.el9_4.x86_64  CompilerName: GCC  CompilerVersion: 8.4.0
ProgramName: mri_surf2surf  ProgramArguments: mri_surf2surf -all-info  ProgramVersion: 7.3.2  TimeStamp: 2026/03/06-15:08:01-GMT  BuildTime: Aug  4 2022 06:17:15  BuildStamp: freesurfer-linux-ubuntu22_x86_64-7.3.2-20220804-6354275  User: oesteban  Machine: dna042  Platform: Linux  PlatformVersion: 5.14.0-427.37.1.el9_4.x86_64  CompilerName: GCC  CompilerVersion: 8.4.0
ProgramName: mri_surf2vol  ProgramArguments: mri_surf2vol -all-info  ProgramVersion: 7.3.2  TimeStamp: 2026/03/06-15:08:01-GMT  BuildTime: Aug  4 2022 06:17:15  BuildStamp: freesurfer-linux-ubuntu22_x86_64-7.3.2-20220804-6354275  User: oesteban  Machine: dna042  Platform: Linux  PlatformVersion: 5.14.0-427.37.1.el9_4.x86_64  CompilerName: GCC  CompilerVersion: 8.4.0
ProgramName: mri_surfcluster  ProgramArguments: mri_surfcluster -all-info  ProgramVersion: 7.3.2  TimeStamp: 2026/03/06-15:08:01-GMT  BuildTime: Aug  4 2022 06:17:15  BuildStamp: freesurfer-linux-ubuntu22_x86_64-7.3.2-20220804-6354275  User: oesteban  Machine: dna042  Platform: Linux  PlatformVersion: 5.14.0-427.37.1.el9_4.x86_64  CompilerName: GCC  CompilerVersion: 8.4.0
ProgramName: mris_volmask  ProgramArguments: mris_volmask -all-info  ProgramVersion: 7.3.2  TimeStamp: 2026/03/06-15:08:01-GMT  BuildTime: Aug  4 2022 06:17:15  BuildStamp: freesurfer-linux-ubuntu22_x86_64-7.3.2-20220804-6354275  User: oesteban  Machine: dna042  Platform: Linux  PlatformVersion: 5.14.0-427.37.1.el9_4.x86_64  CompilerName: GCC  CompilerVersion: 8.4.0
ProgramName: mri_tessellate  ProgramArguments: mri_tessellate -all-info  ProgramVersion: 7.3.2  TimeStamp: 2026/03/06-15:08:01-GMT  BuildTime: Aug  4 2022 06:17:15  BuildStamp: freesurfer-linux-ubuntu22_x86_64-7.3.2-20220804-6354275  User: oesteban  Machine: dna042  Platform: Linux  PlatformVersion: 5.14.0-427.37.1.el9_4.x86_64  CompilerName: GCC  CompilerVersion: 8.4.0
ProgramName: mri_vol2surf  ProgramArguments: mri_vol2surf -all-info  ProgramVersion: 7.3.2  TimeStamp: 2026/03/06-15:08:01-GMT  BuildTime: Aug  4 2022 06:17:15  BuildStamp: freesurfer-linux-ubuntu22_x86_64-7.3.2-20220804-6354275  User: oesteban  Machine: dna042  Platform: Linux  PlatformVersion: 5.14.0-427.37.1.el9_4.x86_64  CompilerName: GCC  CompilerVersion: 8.4.0
ProgramName: mri_vol2vol  ProgramArguments: mri_vol2vol -all-info  ProgramVersion: 7.3.2  TimeStamp: 2026/03/06-15:08:01-GMT  BuildTime: Aug  4 2022 06:17:15  BuildStamp: freesurfer-linux-ubuntu22_x86_64-7.3.2-20220804-6354275  User: oesteban  Machine: dna042  Platform: Linux  PlatformVersion: 5.14.0-427.37.1.el9_4.x86_64  CompilerName: GCC  CompilerVersion: 8.4.0
ProgramName: mri_voldiff  ProgramArguments: mri_voldiff -all-info  ProgramVersion: 7.3.2  TimeStamp: 2026/03/06-15:08:01-GMT  BuildTime: Aug  4 2022 06:17:15  BuildStamp: freesurfer-linux-ubuntu22_x86_64-7.3.2-20220804-6354275  User: oesteban  Machine: dna042  Platform: Linux  PlatformVersion: 5.14.0-427.37.1.el9_4.x86_64  CompilerName: GCC  CompilerVersion: 8.4.0
ProgramName: mri_watershed  ProgramArguments: mri_watershed -all-info  ProgramVersion: 7.3.2  TimeStamp: 2026/03/06-15:08:01-GMT  BuildTime: Aug  4 2022 06:17:15  BuildStamp: freesurfer-linux-ubuntu22_x86_64-7.3.2-20220804-6354275  User: oesteban  Machine: dna042  Platform: Linux  PlatformVersion: 5.14.0-427.37.1.el9_4.x86_64  CompilerName: GCC  CompilerVersion: 8.4.0
ProgramName: tkregister2  ProgramArguments: tkregister2_cmdl -all-info  ProgramVersion: 7.3.2  TimeStamp: 2026/03/06-15:08:01-GMT  BuildTime: Aug  4 2022 06:17:15  BuildStamp: freesurfer-linux-ubuntu22_x86_64-7.3.2-20220804-6354275  User: oesteban  Machine: dna042  Platform: Linux  PlatformVersion: 5.14.0-427.37.1.el9_4.x86_64  CompilerName: GCC  CompilerVersion: 8.4.0
mri_motion_correct.fsl 7.3.2
mri_convert -all-info 
ProgramName: mri_convert  ProgramArguments: mri_convert -all-info  ProgramVersion: 7.3.2  TimeStamp: 2026/03/06-15:08:01-GMT  BuildTime: Aug  4 2022 06:17:15  BuildStamp: freesurfer-linux-ubuntu22_x86_64-7.3.2-20220804-6354275  User: oesteban  Machine: dna042  Platform: Linux  PlatformVersion: 5.14.0-427.37.1.el9_4.x86_64  CompilerName: GCC  CompilerVersion: 8.4.0
Program nu_correct, built from:
Package MNI N3, version 1.12.0, compiled by nicks@terrier (x86_64-unknown-linux-gnu) on 2015-06-19 at 01:25:34
#######################################
GCADIR /opt/freesurfer/average
GCA RB_all_2020-01-02.gca
GCASkull RB_all_withskull_2020_01_02.gca
AvgCurvTif folding.atlas.acfb40.noaparc.i12.2016-08-02.tif
GCSDIR /opt/freesurfer/average
GCS DKaparc.atlas.acfb40.noaparc.i12.2016-08-02.gcs
#######################################
#--------------------------------------------
#@# WhiteSurfs lh Fri Mar  6 16:08:01 CET 2026
cd /out/sourcedata/freesurfer/sub-v1s10x0051099_ses-1/mri
mris_place_surface --adgws-in ../surf/autodet.gw.stats.lh.dat --seg aseg.presurf.mgz --threads 16 --wm wm.mgz --invol brain.finalsurfs.mgz --lh --i ../surf/lh.white.preaparc --o ../surf/lh.white --white --nsmooth 0 --rip-label ../label/lh.cortex.label --rip-bg --rip-surf ../surf/lh.white.preaparc --aparc ../label/lh.aparc.annot
   Update not needed
#--------------------------------------------
#@# WhiteSurfs rh Fri Mar  6 16:08:01 CET 2026
cd /out/sourcedata/freesurfer/sub-v1s10x0051099_ses-1/mri
mris_place_surface --adgws-in ../surf/autodet.gw.stats.rh.dat --seg aseg.presurf.mgz --threads 16 --wm wm.mgz --invol brain.finalsurfs.mgz --rh --i ../surf/rh.white.preaparc --o ../surf/rh.white --white --nsmooth 0 --rip-label ../label/rh.cortex.label --rip-bg --rip-surf ../surf/rh.white.preaparc --aparc ../label/rh.aparc.annot
   Update not needed
#@# white curv lh Fri Mar  6 16:08:01 CET 2026
cd /out/sourcedata/freesurfer/sub-v1s10x0051099_ses-1/mri
mris_place_surface --curv-map ../surf/lh.white 2 10 ../surf/lh.curv
   Update not needed
#@# white area lh Fri Mar  6 16:08:01 CET 2026
cd /out/sourcedata/freesurfer/sub-v1s10x0051099_ses-1/mri
mris_place_surface --area-map ../surf/lh.white ../surf/lh.area
   Update not needed
#@# pial curv lh Fri Mar  6 16:08:01 CET 2026
cd /out/sourcedata/freesurfer/sub-v1s10x0051099_ses-1/mri
mris_place_surface --curv-map ../surf/lh.pial 2 10 ../surf/lh.curv.pial
   Update not needed
#@# pial area lh Fri Mar  6 16:08:01 CET 2026
cd /out/sourcedata/freesurfer/sub-v1s10x0051099_ses-1/mri
mris_place_surface --area-map ../surf/lh.pial ../surf/lh.area.pial
   Update not needed
#@# thickness lh Fri Mar  6 16:08:01 CET 2026
cd /out/sourcedata/freesurfer/sub-v1s10x0051099_ses-1/mri
mris_place_surface --thickness ../surf/lh.white ../surf/lh.pial 20 5 ../surf/lh.thickness
   Update not needed
#@# area and vertex vol lh Fri Mar  6 16:08:01 CET 2026
cd /out/sourcedata/freesurfer/sub-v1s10x0051099_ses-1/mri
mris_place_surface --thickness ../surf/lh.white ../surf/lh.pial 20 5 ../surf/lh.thickness
   Update not needed
#@# white curv rh Fri Mar  6 16:08:01 CET 2026
cd /out/sourcedata/freesurfer/sub-v1s10x0051099_ses-1/mri
mris_place_surface --curv-map ../surf/rh.white 2 10 ../surf/rh.curv
   Update not needed
#@# white area rh Fri Mar  6 16:08:01 CET 2026
cd /out/sourcedata/freesurfer/sub-v1s10x0051099_ses-1/mri
mris_place_surface --area-map ../surf/rh.white ../surf/rh.area
   Update not needed
#@# pial curv rh Fri Mar  6 16:08:01 CET 2026
cd /out/sourcedata/freesurfer/sub-v1s10x0051099_ses-1/mri
mris_place_surface --curv-map ../surf/rh.pial 2 10 ../surf/rh.curv.pial
   Update not needed
#@# pial area rh Fri Mar  6 16:08:01 CET 2026
cd /out/sourcedata/freesurfer/sub-v1s10x0051099_ses-1/mri
mris_place_surface --area-map ../surf/rh.pial ../surf/rh.area.pial
   Update not needed
#@# thickness rh Fri Mar  6 16:08:02 CET 2026
cd /out/sourcedata/freesurfer/sub-v1s10x0051099_ses-1/mri
mris_place_surface --thickness ../surf/rh.white ../surf/rh.pial 20 5 ../surf/rh.thickness
   Update not needed
#@# area and vertex vol rh Fri Mar  6 16:08:02 CET 2026
cd /out/sourcedata/freesurfer/sub-v1s10x0051099_ses-1/mri
mris_place_surface --thickness ../surf/rh.white ../surf/rh.pial 20 5 ../surf/rh.thickness
   Update not needed

#-----------------------------------------
#@# Curvature Stats lh Fri Mar  6 16:08:02 CET 2026
/out/sourcedata/freesurfer/sub-v1s10x0051099_ses-1/surf

 mris_curvature_stats -m --writeCurvatureFiles -G -o ../stats/lh.curv.stats -F smoothwm sub-v1s10x0051099_ses-1 lh curv sulc 

             Toggling save flag on curvature files                       [ ok ]
                 Outputting results using filestem   [ ../stats/lh.curv.stats ]
             Toggling save flag on curvature files                       [ ok ]
                                   Setting surface [ sub-v1s10x0051099_ses-1/lh.smoothwm ]
                                Reading surface...                       [ ok ]
                                   Setting texture                     [ curv ]
                                Reading texture...                       [ ok ]
                                   Setting texture                     [ sulc ]
                                Reading texture...Gb_filter = 0
                       [ ok ]
      Calculating Discrete Principal Curvatures...
      Determining geometric order for vno faces... [####################] [ ok ]
                      Determining KH curvatures... [####################] [ ok ]
                    Determining k1k2 curvatures... [####################] [ ok ]
                                   deltaViolations                      [ 255 ]
Gb_filter = 0

WARN:    S lookup   min:                          -0.047063
WARN:    S explicit min:                          0.000000	vertex = 389

#-----------------------------------------
#@# Curvature Stats rh Fri Mar  6 16:08:04 CET 2026
/out/sourcedata/freesurfer/sub-v1s10x0051099_ses-1/surf

 mris_curvature_stats -m --writeCurvatureFiles -G -o ../stats/rh.curv.stats -F smoothwm sub-v1s10x0051099_ses-1 rh curv sulc 

             Toggling save flag on curvature files                       [ ok ]
                 Outputting results using filestem   [ ../stats/rh.curv.stats ]
             Toggling save flag on curvature files                       [ ok ]
                                   Setting surface [ sub-v1s10x0051099_ses-1/rh.smoothwm ]
                                Reading surface...                       [ ok ]
                                   Setting texture                     [ curv ]
                                Reading texture...                       [ ok ]
                                   Setting texture                     [ sulc ]
                                Reading texture...Gb_filter = 0
                       [ ok ]
      Calculating Discrete Principal Curvatures...
      Determining geometric order for vno faces... [####################] [ ok ]
                      Determining KH curvatures... [####################] [ ok ]
                    Determining k1k2 curvatures... [####################] [ ok ]
                                   deltaViolations                      [ 262 ]
Gb_filter = 0
#-----------------------------------------
#@# Relabel Hypointensities Fri Mar  6 16:08:05 CET 2026
/out/sourcedata/freesurfer/sub-v1s10x0051099_ses-1/mri

 mri_relabel_hypointensities aseg.presurf.mgz ../surf aseg.presurf.hypos.mgz 

reading input surface ../surf/lh.white...
relabeling lh hypointensities...
2518 voxels changed to hypointensity...
reading input surface ../surf/rh.white...
relabeling rh hypointensities...
2495 voxels changed to hypointensity...
4870 hypointense voxels neighboring cortex changed
#-----------------------------------------
#@# APas-to-ASeg Fri Mar  6 16:08:20 CET 2026
/out/sourcedata/freesurfer/sub-v1s10x0051099_ses-1/mri

 mri_surf2volseg --o aseg.mgz --i aseg.presurf.hypos.mgz --fix-presurf-with-ribbon /out/sourcedata/freesurfer/sub-v1s10x0051099_ses-1/mri/ribbon.mgz --threads 16 --lh-cortex-mask /out/sourcedata/freesurfer/sub-v1s10x0051099_ses-1/label/lh.cortex.label --lh-white /out/sourcedata/freesurfer/sub-v1s10x0051099_ses-1/surf/lh.white --lh-pial /out/sourcedata/freesurfer/sub-v1s10x0051099_ses-1/surf/lh.pial --rh-cortex-mask /out/sourcedata/freesurfer/sub-v1s10x0051099_ses-1/label/rh.cortex.label --rh-white /out/sourcedata/freesurfer/sub-v1s10x0051099_ses-1/surf/rh.white --rh-pial /out/sourcedata/freesurfer/sub-v1s10x0051099_ses-1/surf/rh.pial 

SUBJECTS_DIR /out/sourcedata/freesurfer
outvol aseg.mgz
16 avail.processors, using 16
Loading aseg.presurf.hypos.mgz
Loading /out/sourcedata/freesurfer/sub-v1s10x0051099_ses-1/mri/ribbon.mgz
Loading /out/sourcedata/freesurfer/sub-v1s10x0051099_ses-1/surf/lh.white
Loading /out/sourcedata/freesurfer/sub-v1s10x0051099_ses-1/surf/lh.pial
Loading /out/sourcedata/freesurfer/sub-v1s10x0051099_ses-1/label/lh.cortex.label
Loading /out/sourcedata/freesurfer/sub-v1s10x0051099_ses-1/surf/rh.white
Loading /out/sourcedata/freesurfer/sub-v1s10x0051099_ses-1/surf/rh.pial
Loading /out/sourcedata/freesurfer/sub-v1s10x0051099_ses-1/label/rh.cortex.label
Done loading
160 208 128 176  16 240 192  96 224  64   0 112  48  80 144  32   1  65 241  33 225 193 209  17  49 242  34   2 194 210 226  66  18  81  50 161 113 177  97  35   3 195 243 227 211  67  19 
 51 145   4  36 244 228 196 212  68  20  82  52 162 178   5 245  37 229 197 213  98  69  21 146  53   6  38 246 230 214 198 129  22 114  83  70  54   7  39 
247 231 215 199 
163  99 
179 
 23 147  55  40 248 232   8 200 216  71  24  84  56   9  41 249 233 201 217 164 100  25  57  10  42 250 234 202 218  72 180  26 148 115  85  58  11 251  43 235 219 
203 101  27 165  59 
 12 252 236  44 220 204 181  28  73  86  60  13  45 253 237 205 221 149 102  29  61  14  46 254 238 206 222 130 166  30 116 182  87  62 255 239 
223 207  15  47 150  31  63 103  74  88 167 183 151 104  75 117  89 184 168 131 152 105  76 185 118 169  90 186 153 106  77 187 170  91 154 119 
188 107  78 189 171 155 132  92 108 190  79 
120 156 191 172  93 109 121 157 173  94 110 174 158 122 133  95 111 175 159 
123 124 134 125 126 127 135 136 137 138 139 
140 141 142 143 
nrelabeled = 153928
ndotcheck = 0
Starting Surf2VolSeg free
free done
#VMPC# mri_surf2volseg VmPeak  1927940
mri_surf2volseg done

 mri_brainvol_stats sub-v1s10x0051099_ses-1 

ComputeBrainVolumeStats2 VoxelVol=1, KeepCSF=1
  #CBVS2 MaskVol              1428505.0
  #CBVS2 BrainSegVol          1176963.0
  #CBVS2 BrainSegVolNotVent   1166116.0
  #CBVS2 SupraTentVol         1040987.0
  #CBVS2 SupraTentVolNotVent  1030140.0
  #CBVS2 lhCtxGM               266556.4
  #CBVS2 rhCtxGM               269860.8
  #CBVS2 lhCerebralWM          216508.0
  #CBVS2 rhCerebralWM          221755.0
  #CBVS2 SubCortGMVol           56903.0
  #CBVS2 CerebellumVol         135976.0
  #CBVS2 CerebellumGMVol        99390.0
  #CBVS2 VentChorVol             8743.0
  #CBVS2 3rd4th5thCSF            2104.0
  #CBVS2 AllCSF                 10847.0
  #CBVS2 CCVol                   3558.0
#-----------------------------------------
#@# AParc-to-ASeg aparc Fri Mar  6 16:08:27 CET 2026
/out/sourcedata/freesurfer/sub-v1s10x0051099_ses-1/mri

 mri_surf2volseg --o aparc+aseg.mgz --label-cortex --i aseg.mgz --threads 16 --lh-annot /out/sourcedata/freesurfer/sub-v1s10x0051099_ses-1/label/lh.aparc.annot 1000 --lh-cortex-mask /out/sourcedata/freesurfer/sub-v1s10x0051099_ses-1/label/lh.cortex.label --lh-white /out/sourcedata/freesurfer/sub-v1s10x0051099_ses-1/surf/lh.white --lh-pial /out/sourcedata/freesurfer/sub-v1s10x0051099_ses-1/surf/lh.pial --rh-annot /out/sourcedata/freesurfer/sub-v1s10x0051099_ses-1/label/rh.aparc.annot 2000 --rh-cortex-mask /out/sourcedata/freesurfer/sub-v1s10x0051099_ses-1/label/rh.cortex.label --rh-white /out/sourcedata/freesurfer/sub-v1s10x0051099_ses-1/surf/rh.white --rh-pial /out/sourcedata/freesurfer/sub-v1s10x0051099_ses-1/surf/rh.pial 

SUBJECTS_DIR /out/sourcedata/freesurfer
outvol aparc+aseg.mgz
16 avail.processors, using 16
Loading aseg.mgz
Loading /out/sourcedata/freesurfer/sub-v1s10x0051099_ses-1/surf/lh.white
Loading /out/sourcedata/freesurfer/sub-v1s10x0051099_ses-1/surf/lh.pial
Loading /out/sourcedata/freesurfer/sub-v1s10x0051099_ses-1/label/lh.cortex.label
Ripping lh vertices labeled not in lh.cortex.label
  ripped 6862 vertices from lh hemi
Loading /out/sourcedata/freesurfer/sub-v1s10x0051099_ses-1/label/lh.aparc.annot
Loading /out/sourcedata/freesurfer/sub-v1s10x0051099_ses-1/surf/rh.white
Loading /out/sourcedata/freesurfer/sub-v1s10x0051099_ses-1/surf/rh.pial
Loading /out/sourcedata/freesurfer/sub-v1s10x0051099_ses-1/label/rh.cortex.label
Ripping rh vertices labeled not in rh.cortex.label
  ripped 7707 vertices from rh hemi
Loading /out/sourcedata/freesurfer/sub-v1s10x0051099_ses-1/label/rh.aparc.annot
Done loading
  0  96  64 112  48 192  16 176  80  32 224 240 208 160 144 128 209  17   1 241 225  65  49 193  33  18 210   2 242 226  66  50 194  34  19 
211   3 243 227  67  51 195  35  20 212   4 244 228  52 196  68  36  21 213   5 245 229  53  37 197  22 214   6 246 230  54  38 198  23 215   7  69 247 231  55  39 
199 
 24 216   8 248 232  56  40 200  25 217   9 249 233  57  41 201  26 218  10 250 234  58  42 202  27 219 
 11 251 235  59 
203  43  28 220  12 252 236  60 204  44 221  29  13 237 253  61 205  45 222  30  14  70 254 238  62 206  46 223  31  15 239 
255  63 207  47  71  72  73 145 113 161  74  81 177 129  97 146  75 114 162  76 178 147  82 130  98 115 148  77 179 
116 131 163  99 
 83 149  78 117 180 132 150 100 164  79 
 84 118 181 151 133 101 165 119 
182 152  85 134 102 153 183 166 120 135 103 184 154  86 121 167 185 136 104 155 186 122  87 187 168 156 188 189 190 105 191 137 123 157 169  88 106 138 158 124 170  89 107 159 
139 
171 125 108  90 172 140 109 126 173  91 141 110 174 127 111 142  92 175 143  93  94  95 
nrelabeled = 534970
ndotcheck = 48011
Starting Surf2VolSeg free
free done
#VMPC# mri_surf2volseg VmPeak  1912108
mri_surf2volseg done
#-----------------------------------------
#@# AParc-to-ASeg aparc.a2009s Fri Mar  6 16:09:08 CET 2026
/out/sourcedata/freesurfer/sub-v1s10x0051099_ses-1/mri

 mri_surf2volseg --o aparc.a2009s+aseg.mgz --label-cortex --i aseg.mgz --threads 16 --lh-annot /out/sourcedata/freesurfer/sub-v1s10x0051099_ses-1/label/lh.aparc.a2009s.annot 11100 --lh-cortex-mask /out/sourcedata/freesurfer/sub-v1s10x0051099_ses-1/label/lh.cortex.label --lh-white /out/sourcedata/freesurfer/sub-v1s10x0051099_ses-1/surf/lh.white --lh-pial /out/sourcedata/freesurfer/sub-v1s10x0051099_ses-1/surf/lh.pial --rh-annot /out/sourcedata/freesurfer/sub-v1s10x0051099_ses-1/label/rh.aparc.a2009s.annot 12100 --rh-cortex-mask /out/sourcedata/freesurfer/sub-v1s10x0051099_ses-1/label/rh.cortex.label --rh-white /out/sourcedata/freesurfer/sub-v1s10x0051099_ses-1/surf/rh.white --rh-pial /out/sourcedata/freesurfer/sub-v1s10x0051099_ses-1/surf/rh.pial 

SUBJECTS_DIR /out/sourcedata/freesurfer
outvol aparc.a2009s+aseg.mgz
16 avail.processors, using 16
Loading aseg.mgz
Loading /out/sourcedata/freesurfer/sub-v1s10x0051099_ses-1/surf/lh.white
Loading /out/sourcedata/freesurfer/sub-v1s10x0051099_ses-1/surf/lh.pial
Loading /out/sourcedata/freesurfer/sub-v1s10x0051099_ses-1/label/lh.cortex.label
Ripping lh vertices labeled not in lh.cortex.label
  ripped 6862 vertices from lh hemi
Loading /out/sourcedata/freesurfer/sub-v1s10x0051099_ses-1/label/lh.aparc.a2009s.annot
Loading /out/sourcedata/freesurfer/sub-v1s10x0051099_ses-1/surf/rh.white
Loading /out/sourcedata/freesurfer/sub-v1s10x0051099_ses-1/surf/rh.pial
Loading /out/sourcedata/freesurfer/sub-v1s10x0051099_ses-1/label/rh.cortex.label
Ripping rh vertices labeled not in rh.cortex.label
  ripped 7707 vertices from rh hemi
Loading /out/sourcedata/freesurfer/sub-v1s10x0051099_ses-1/label/rh.aparc.a2009s.annot
Done loading
  0  80 192 208 112 128  48 144 176 240  32  96 160  64  16 224  65  17  49  33 225 241 209 193   1  66  50  34   2  18 242 226 210 194  67  19  51 
 35   3 243 227 211 195  52  20  36   4 244 228 212 196  68  21   5  37  53 245 229 213 197  22   6  38  54 246 230 214 198   7  23  55  39 
247 231 215 199 
 69  24   8  56 248  40 232 200 216  25   9  57 249 233  41 217 201  26  10  58 250 234  42 218 202  27  11  59 
251 235  43 219 
203  28  12  60 252 236  44 220 204  13  29  61 237 253  45 221 205  14  30  62 238 254  46 222 206  31  15  63 255 239 
 47 223 207  70  71  72  73 113 145  81 177 161 129  74  97 114 146  75 178  82 130 162 115  76 147  98 179 
 83 148  77 116 131 163  99 
180 149  78 117 132  84 150 181 100 164 118  79 
151 133 182  85 119 
152 101 165 183 134 153 120 184 102  86 166 154 135 185 121 186 103 155 187 167  87 136 188 122 189 190 191 156 104 168  88 123 157 137 105 169 158 124  89 106 170 138 159 
125 107 171  90 139 
108 172 126  91 140 109 173 127 110 141 174  92 111 175 142  93 143  94  95 
nrelabeled = 534970
ndotcheck = 48011
Starting Surf2VolSeg free
free done
#VMPC# mri_surf2volseg VmPeak  2205376
mri_surf2volseg done
#-----------------------------------------
#@# AParc-to-ASeg aparc.DKTatlas Fri Mar  6 16:09:50 CET 2026
/out/sourcedata/freesurfer/sub-v1s10x0051099_ses-1/mri

 mri_surf2volseg --o aparc.DKTatlas+aseg.mgz --label-cortex --i aseg.mgz --threads 16 --lh-annot /out/sourcedata/freesurfer/sub-v1s10x0051099_ses-1/label/lh.aparc.DKTatlas.annot 1000 --lh-cortex-mask /out/sourcedata/freesurfer/sub-v1s10x0051099_ses-1/label/lh.cortex.label --lh-white /out/sourcedata/freesurfer/sub-v1s10x0051099_ses-1/surf/lh.white --lh-pial /out/sourcedata/freesurfer/sub-v1s10x0051099_ses-1/surf/lh.pial --rh-annot /out/sourcedata/freesurfer/sub-v1s10x0051099_ses-1/label/rh.aparc.DKTatlas.annot 2000 --rh-cortex-mask /out/sourcedata/freesurfer/sub-v1s10x0051099_ses-1/label/rh.cortex.label --rh-white /out/sourcedata/freesurfer/sub-v1s10x0051099_ses-1/surf/rh.white --rh-pial /out/sourcedata/freesurfer/sub-v1s10x0051099_ses-1/surf/rh.pial 

SUBJECTS_DIR /out/sourcedata/freesurfer
outvol aparc.DKTatlas+aseg.mgz
16 avail.processors, using 16
Loading aseg.mgz
Loading /out/sourcedata/freesurfer/sub-v1s10x0051099_ses-1/surf/lh.white
Loading /out/sourcedata/freesurfer/sub-v1s10x0051099_ses-1/surf/lh.pial
Loading /out/sourcedata/freesurfer/sub-v1s10x0051099_ses-1/label/lh.cortex.label
Ripping lh vertices labeled not in lh.cortex.label
  ripped 6862 vertices from lh hemi
Loading /out/sourcedata/freesurfer/sub-v1s10x0051099_ses-1/label/lh.aparc.DKTatlas.annot
Loading /out/sourcedata/freesurfer/sub-v1s10x0051099_ses-1/surf/rh.white
Loading /out/sourcedata/freesurfer/sub-v1s10x0051099_ses-1/surf/rh.pial
Loading /out/sourcedata/freesurfer/sub-v1s10x0051099_ses-1/label/rh.cortex.label
Ripping rh vertices labeled not in rh.cortex.label
  ripped 7707 vertices from rh hemi
Loading /out/sourcedata/freesurfer/sub-v1s10x0051099_ses-1/label/rh.aparc.DKTatlas.annot
Done loading
  0  96 112 144 192 160  80  32  16 128  48 208  64 176 224 240  65  49 209  33  17   1 225 241 193  66  50  34  18   2 242 226 194 210  67  51  35 243  19 
  3 227 195 211  68  52  36 244  20   4 228 196 212  53  37 245  21   5 229 197 213  54  38 246  22   6 230 198 214  69  55  39 
247  23 231   7 199 
215  56 248  40  24   8 232 200 216  57 249  41  25   9 233 217 201  58 250 234  42  26  10 202 218  59 
251 235  11  43  27 219 
203  60 252  28  44 236  12 220 204  61 253  29  13  45 237 221 205  62 254  30  46  14 238 222 206  70  63 255 239 
 31  15  47 207 223  71  72  73 145 177  81 113  74 129  97 161 146  75 114 178  82 147  76 130  98 162 115 148 179 
 77  83 131  99 
149 180 116 163  78 150  84 132 100 181 117  79 
151 164 182 101 133  85 118 152 183 102 153 165 134 184 119 
 86 185 154 103 135 186 120 166 187  87 155 188 189 190 191 104 136 121 156  88 167 105 157 137 122 168  89 106 158 123 138 169 159 
107  90 124 170 139 
108  91 171 125 140 109 172  92 110 141 126 173 111 142  93 174 127 143 175  94  95 
nrelabeled = 534970
ndotcheck = 48011
Starting Surf2VolSeg free
free done
#VMPC# mri_surf2volseg VmPeak  1912120
mri_surf2volseg done
#-----------------------------------------
#@# WMParc Fri Mar  6 16:10:29 CET 2026
/out/sourcedata/freesurfer/sub-v1s10x0051099_ses-1/mri

 mri_surf2volseg --o wmparc.mgz --label-wm --i aparc+aseg.mgz --threads 16 --lh-annot /out/sourcedata/freesurfer/sub-v1s10x0051099_ses-1/label/lh.aparc.annot 3000 --lh-cortex-mask /out/sourcedata/freesurfer/sub-v1s10x0051099_ses-1/label/lh.cortex.label --lh-white /out/sourcedata/freesurfer/sub-v1s10x0051099_ses-1/surf/lh.white --lh-pial /out/sourcedata/freesurfer/sub-v1s10x0051099_ses-1/surf/lh.pial --rh-annot /out/sourcedata/freesurfer/sub-v1s10x0051099_ses-1/label/rh.aparc.annot 4000 --rh-cortex-mask /out/sourcedata/freesurfer/sub-v1s10x0051099_ses-1/label/rh.cortex.label --rh-white /out/sourcedata/freesurfer/sub-v1s10x0051099_ses-1/surf/rh.white --rh-pial /out/sourcedata/freesurfer/sub-v1s10x0051099_ses-1/surf/rh.pial 

SUBJECTS_DIR /out/sourcedata/freesurfer
outvol wmparc.mgz
16 avail.processors, using 16
Loading aparc+aseg.mgz
Loading /out/sourcedata/freesurfer/sub-v1s10x0051099_ses-1/surf/lh.white
Loading /out/sourcedata/freesurfer/sub-v1s10x0051099_ses-1/surf/lh.pial
Loading /out/sourcedata/freesurfer/sub-v1s10x0051099_ses-1/label/lh.cortex.label
Ripping lh vertices labeled not in lh.cortex.label
  ripped 6862 vertices from lh hemi
Loading /out/sourcedata/freesurfer/sub-v1s10x0051099_ses-1/label/lh.aparc.annot
Loading /out/sourcedata/freesurfer/sub-v1s10x0051099_ses-1/surf/rh.white
Loading /out/sourcedata/freesurfer/sub-v1s10x0051099_ses-1/surf/rh.pial
Loading /out/sourcedata/freesurfer/sub-v1s10x0051099_ses-1/label/rh.cortex.label
Ripping rh vertices labeled not in rh.cortex.label
  ripped 7707 vertices from rh hemi
Loading /out/sourcedata/freesurfer/sub-v1s10x0051099_ses-1/label/rh.aparc.annot
Done loading
  0 144  80 160 240  32  16 208 224 176  64  96  48 128 112 192 193   1  65  49 241 225 209  17  33 194   2  66  18 242  50  34 210 226 195   3  67 243  19 
 51  35 227 211 196   4  68 244  20  52  36 228 212 197   5  69 245  21  37  53 229 213 198   6  70 246  22  38  54 230 214 199 
  7  71 247  23  39 
 55 231 215 200   8 248  24  72  40  56 232 216 201   9 249  25  41  57 233 217  81 202 250  10  73  26  42  58 234 218 203 251  11  27  59 
 43 235 219 
204 252  12  28  60  44 236 220 205 253  13  29  61  45 237 221 206 254  14  62  30  46 238 222  74 207 255  15  63  31  47 239 
223 129  75 177  76  82  77 178 161 145  97 130  83  78 179 
 79 
131 113  84 180 132 162 133 181  98  85 146 182 134  86 183 184 163 185 114  99 
186 187 188  87 135 189 190 191 147 164  88 136 100  89 148 137 165 115  90 101 166 138 149  91 116 167 139 
102  92 168 150 140  93 103 117 169 151 170 141  94 104 171 118  95 152 172 142 105 173 119 
174 153 143 106 175 120 107 154 121 108 122 155 123 109 156 124 125 157 110 126 158 127 111 159 

nrelabeled = 434705
ndotcheck = 3487
Starting Surf2VolSeg free
free done
#VMPC# mri_surf2volseg VmPeak  1912108
mri_surf2volseg done

 mri_segstats --seed 1234 --seg mri/wmparc.mgz --sum stats/wmparc.stats --pv mri/norm.mgz --excludeid 0 --brainmask mri/brainmask.mgz --in mri/norm.mgz --in-intensity-name norm --in-intensity-units MR --subject sub-v1s10x0051099_ses-1 --surf-wm-vol --ctab /opt/freesurfer/WMParcStatsLUT.txt --etiv 

setting seed for random number genererator to 1234

7.3.2
cwd 
cmdline mri_segstats --seed 1234 --seg mri/wmparc.mgz --sum stats/wmparc.stats --pv mri/norm.mgz --excludeid 0 --brainmask mri/brainmask.mgz --in mri/norm.mgz --in-intensity-name norm --in-intensity-units MR --subject sub-v1s10x0051099_ses-1 --surf-wm-vol --ctab /opt/freesurfer/WMParcStatsLUT.txt --etiv 
sysname  Linux
hostname dna042
machine  x86_64
user     oesteban
whitesurfname  white
UseRobust  0
atlas_icv (eTIV) = 1423380 mm^3    (det: 1.368648 )
Loading mri/wmparc.mgz
Getting Brain Volume Statistics
Loading mri/norm.mgz
Loading mri/norm.mgz
Voxel Volume is 1 mm^3
Generating list of segmentation ids
Found 390 segmentations
Computing statistics for each segmentation

Reporting on  70 segmentations
Using PrintSegStat
mri_segstats done
#--------------------------------------------
#@# ASeg Stats Fri Mar  6 16:14:02 CET 2026
/out/sourcedata/freesurfer/sub-v1s10x0051099_ses-1

 mri_segstats --seed 1234 --seg mri/aseg.mgz --sum stats/aseg.stats --pv mri/norm.mgz --empty --brainmask mri/brainmask.mgz --brain-vol-from-seg --excludeid 0 --excl-ctxgmwm --supratent --subcortgray --in mri/norm.mgz --in-intensity-name norm --in-intensity-units MR --etiv --surf-wm-vol --surf-ctx-vol --totalgray --euler --ctab /opt/freesurfer/ASegStatsLUT.txt --subject sub-v1s10x0051099_ses-1 

setting seed for random number genererator to 1234

7.3.2
cwd 
cmdline mri_segstats --seed 1234 --seg mri/aseg.mgz --sum stats/aseg.stats --pv mri/norm.mgz --empty --brainmask mri/brainmask.mgz --brain-vol-from-seg --excludeid 0 --excl-ctxgmwm --supratent --subcortgray --in mri/norm.mgz --in-intensity-name norm --in-intensity-units MR --etiv --surf-wm-vol --surf-ctx-vol --totalgray --euler --ctab /opt/freesurfer/ASegStatsLUT.txt --subject sub-v1s10x0051099_ses-1 
sysname  Linux
hostname dna042
machine  x86_64
user     oesteban
whitesurfname  white
UseRobust  0
atlas_icv (eTIV) = 1423380 mm^3    (det: 1.368648 )
Computing euler number
orig.nofix lheno =  -68, rheno = -44
orig.nofix lhholes =   35, rhholes = 23
Loading mri/aseg.mgz
Getting Brain Volume Statistics
Loading mri/norm.mgz
Loading mri/norm.mgz
Voxel Volume is 1 mm^3
Generating list of segmentation ids
Found  50 segmentations
Computing statistics for each segmentation

Reporting on  45 segmentations
Using PrintSegStat
mri_segstats done

Started at Fri Mar 6 16:08:01 CET 2026 
Ended   at Fri Mar 6 16:14:33 CET 2026
#@#%# recon-all-run-time-hours 0.109
recon-all -s sub-v1s10x0051099_ses-1 finished without error at Fri Mar  6 16:14:33 CET 2026
