global_signal	global_signal_derivative1	global_signal_derivative1_power2	global_signal_power2	csf	csf_derivative1	csf_power2	csf_derivative1_power2	white_matter	white_matter_derivative1	white_matter_power2	white_matter_derivative1_power2	csf_wm	tcompcor	std_dvars	dvars	framewise_displacement	rmsd	t_comp_cor_00	t_comp_cor_01	t_comp_cor_02	t_comp_cor_03	c_comp_cor_00	c_comp_cor_01	c_comp_cor_02	c_comp_cor_03	c_comp_cor_04	w_comp_cor_00	w_comp_cor_01	w_comp_cor_02	w_comp_cor_03	w_comp_cor_04	w_comp_cor_05	w_comp_cor_06	w_comp_cor_07	w_comp_cor_08	w_comp_cor_09	w_comp_cor_10	w_comp_cor_11	w_comp_cor_12	w_comp_cor_13	w_comp_cor_14	w_comp_cor_15	w_comp_cor_16	w_comp_cor_17	w_comp_cor_18	w_comp_cor_19	w_comp_cor_20	w_comp_cor_21	w_comp_cor_22	w_comp_cor_23	w_comp_cor_24	w_comp_cor_25	w_comp_cor_26	w_comp_cor_27	w_comp_cor_28	w_comp_cor_29	w_comp_cor_30	w_comp_cor_31	w_comp_cor_32	w_comp_cor_33	a_comp_cor_00	a_comp_cor_01	a_comp_cor_02	a_comp_cor_03	a_comp_cor_04	a_comp_cor_05	a_comp_cor_06	a_comp_cor_07	a_comp_cor_08	a_comp_cor_09	a_comp_cor_10	a_comp_cor_11	a_comp_cor_12	a_comp_cor_13	a_comp_cor_14	a_comp_cor_15	a_comp_cor_16	a_comp_cor_17	a_comp_cor_18	a_comp_cor_19	a_comp_cor_20	a_comp_cor_21	a_comp_cor_22	a_comp_cor_23	a_comp_cor_24	a_comp_cor_25	a_comp_cor_26	a_comp_cor_27	a_comp_cor_28	a_comp_cor_29	edge_comp_00	edge_comp_01	edge_comp_02	edge_comp_03	edge_comp_04	edge_comp_05	edge_comp_06	edge_comp_07	edge_comp_08	edge_comp_09	edge_comp_10	edge_comp_11	edge_comp_12	edge_comp_13	edge_comp_14	edge_comp_15	edge_comp_16	edge_comp_17	edge_comp_18	edge_comp_19	edge_comp_20	edge_comp_21	edge_comp_22	edge_comp_23	cosine00	cosine01	cosine02	trans_x	trans_x_derivative1	trans_x_derivative1_power2	trans_x_power2	trans_y	trans_y_derivative1	trans_y_derivative1_power2	trans_y_power2	trans_z	trans_z_derivative1	trans_z_power2	trans_z_derivative1_power2	rot_x	rot_x_derivative1	rot_x_derivative1_power2	rot_x_power2	rot_y	rot_y_derivative1	rot_y_derivative1_power2	rot_y_power2	rot_z	rot_z_derivative1	rot_z_power2	rot_z_derivative1_power2	motion_outlier00	motion_outlier01	motion_outlier02	motion_outlier03	motion_outlier04	motion_outlier05	motion_outlier06	motion_outlier07	motion_outlier08	motion_outlier09	motion_outlier10	motion_outlier11	motion_outlier12	motion_outlier13	motion_outlier14	motion_outlier15	motion_outlier16	motion_outlier17	motion_outlier18	motion_outlier19	motion_outlier20	motion_outlier21	motion_outlier22	motion_outlier23	motion_outlier24	motion_outlier25	motion_outlier26	motion_outlier27	motion_outlier28	motion_outlier29	motion_outlier30	motion_outlier31	motion_outlier32	motion_outlier33	motion_outlier34	motion_outlier35	motion_outlier36	motion_outlier37	motion_outlier38	motion_outlier39	motion_outlier40	motion_outlier41
1015869.0484476496	n/a	n/a	1031989923593.933	1557812.3434203586	n/a	2426779297312.829	n/a	1038634.2860066708	n/a	1078761180068.5868	n/a	1084297.413545296	1175448.2014067578	n/a	n/a	n/a	n/a	-0.1051802018	0.0407855944	-0.0360360137	0.057945835	0.0929308914	0.1125529953	0.1829286503	-0.1303121934	0.2952906801	-0.0720275397	-0.0078464529	0.0218317096	-0.2111892946	0.2516964918	-0.1462693513	-0.1394912695	0.1365043871	-0.2149425346	0.0370169828	-0.1200707142	0.0653491125	-0.1646150245	0.1102989376	0.0142730999	-0.0175339603	0.095713694	-0.1070981172	0.0675160452	-0.0261698655	0.0951419041	-0.0713076999	0.0112861625	-0.1043739497	0.0738652906	-0.0865735768	0.0193898096	-0.1009287455	0.2252965914	-0.0021075116	-0.1371684015	0.1114998249	-0.0174512734	0.090631487	-0.0815002398	0.0126782391	0.0049775944	-0.0635838001	0.221702958	-0.192787685	0.2649984525	-0.134443057	0.3106954953	-0.0241249813	0.1248798413	-0.0585180292	0.0305460689	-0.1356014941	0.2196848849	-0.1377594221	0.0153175313	0.0864766172	-0.021940062	0.1599554841	-0.1332822165	0.0164890025	-0.1305243157	0.1139211669	-0.1399786699	0.0718853972	-0.1884894852	0.0093319716	-0.1426125313	0.079188937	0.029345037	-0.1803445607	0.0786687299	-0.0228699038	0.156627898	-0.0464139027	0.0655026704	-0.0896287888	0.0479775631	0.0671751387	-0.0683753569	0.0215580027	-0.0185169422	0.1056130314	-0.1236124376	0.1590784338	-0.1331242307	0.0809192654	-0.0664064803	0.0583873255	0.1421371347	-0.0811991963	0.0759704001	-0.007869152	0.1154637225	0.1154447293	0.1154130763	-0.0583745994673705	n/a	n/a	0.0034075938629759	-0.1060287889486346	n/a	n/a	0.011242104085914	0.0502630211536825	n/a	0.0025263712954955	n/a	0.000843999943229	n/a	n/a	7.123359041705552e-07	-8.069530372800671e-07	n/a	n/a	6.511732043755253e-13	-0.0007280003359264	n/a	5.299844891089513e-07	n/a	0.0	0.0	0.0	0.0	0.0	0.0	0.0	0.0	0.0	0.0	0.0	0.0	0.0	0.0	0.0	0.0	0.0	0.0	0.0	0.0	0.0	0.0	0.0	0.0	0.0	0.0	0.0	0.0	0.0	0.0	0.0	0.0	0.0	0.0	0.0	0.0	0.0	0.0	0.0	0.0	0.0	0.0
1012094.8357701704	-3774.21267747914	14244681.334844256	1024335956592.6484	1520680.0963212026	-37132.247099156026	2312467955347.462	1378803774.632781	1035910.7501137052	-2723.5358929656213	1073111082201.1392	7417647.760272045	1076297.9198061847	1195579.779741248	1.623856	28.249279	0.0550955849296914	0.0383774260553585	-0.049987706	-0.0606264786	0.0475508449	0.0868718089	0.0658039028	-0.0189147697	0.091499097	-0.0456544875	-0.0913612814	-0.0419178866	-0.0125445119	0.0306782877	-0.1172994606	0.1689551947	-0.0684677573	-0.0880578376	0.0760382802	-0.0130016879	0.1086409702	-0.0105856494	0.0776573201	0.1155181735	-0.0216754385	0.0689332542	0.0337357036	0.0562578795	0.0229433435	-0.2301832855	0.0375106945	0.0449158913	-0.0188665359	0.0209131121	-0.1457198594	-0.0255819337	-0.1087241917	0.0090903762	-0.0711610155	-0.1172282671	0.0977904415	0.085063127	-0.0620231261	-0.017314111	-0.0492733	-0.0576521803	0.0036650415	-0.0401647271	-0.011009063	0.06966285	0.0523519604	0.1930841989	0.0508741888	0.1141162003	-0.1318099186	-0.0039022623	0.0685366225	-0.168373003	0.0637410457	-0.0816996307	-0.0619230399	0.0740201668	-0.0932253552	-0.0888326385	0.0758947268	0.025430425	-0.0681585596	0.0381775011	-0.0722207049	-0.1225614669	0.0352607028	-0.0699615283	-0.0014905087	-0.0182362859	-0.1555380548	0.0200773894	-0.1720524837	0.087249195	-0.1266085212	0.0751743938	-0.0708459118	0.0045808375	-0.0935690309	-0.0320579512	0.0800851915	-0.108326845	-0.0478442128	-0.0235093642	0.043110047	-0.1107128356	0.129010882	-0.1503454642	0.0658650661	-0.1570784865	0.0292108512	0.0084078498	-0.1597757027	0.1279306133	-0.0510067787	0.1154130763	0.1152422001	0.1149575937	-0.0583523616125205	2.2237854850004624e-05	4.945221883298742e-10	0.0034049981057583	-0.0703028396247447	0.0357259493238898	0.0012763434550931	0.0049424892593025	0.050222173732692	-4.084742099050298e-05	0.0025222667344366	1.6685118015753835e-09	0.0007079087433782	-0.0001360911998508	1.85208146768304e-08	5.011347889513022e-07	-0.0002507575959118	-0.0002499506428745	6.24753238733858e-08	6.287937190746557e-08	-0.0007279111720525	8.916387390001027e-08	5.298546743988442e-07	7.95019640885693e-15	1.0	0.0	0.0	0.0	0.0	0.0	0.0	0.0	0.0	0.0	0.0	0.0	0.0	0.0	0.0	0.0	0.0	0.0	0.0	0.0	0.0	0.0	0.0	0.0	0.0	0.0	0.0	0.0	0.0	0.0	0.0	0.0	0.0	0.0	0.0	0.0	0.0	0.0	0.0	0.0	0.0	0.0
1012026.4207432558	-68.41502691467758	4680.615907736058	1024197476282.4052	1525874.8412447255	5194.744923522929	2328294031143.616	26985374.82046724	1037462.9859384476	1552.2358247424709	1076329447192.3196	2409436.0556139387	1079785.9707099304	1233290.0118668743	1.329241	23.124033	0.091654656216377	0.0587860374399087	0.0980224222	-0.0285351449	0.0974821557	0.0540192274	-0.0763196818	0.0386296299	0.1329368206	-0.0771316889	-0.0101499819	0.0383994322	0.0806263373	0.0353627714	-0.1933359726	-0.0544563532	0.0676516875	0.1170015489	-0.009207663	0.0265594957	0.1369608736	0.0519326387	0.0792924233	0.0672880561	-0.1033787099	-0.0365400785	-0.0137727223	-0.0205568956	0.0047463269	-0.0165017252	0.1386384647	0.0552832678	-0.1527705078	-0.0782189499	0.0950977214	0.1514365879	-0.0791635332	0.1580963415	-0.0666482932	0.0255593487	0.0145549779	-0.0479947511	-0.0805962813	-0.0205407648	0.0999619697	0.050445976	0.0646042742	-0.0026251357	-0.009677301	0.1922741552	0.2025852487	-0.0886949805	-0.0400938984	-0.0480971687	-0.0313798127	0.0866228198	0.0373404241	-0.0883329942	0.0573204225	-0.0491257098	-0.0183255409	0.0791410754	-0.0721345768	-0.0398319241	-0.1047998516	0.0435550681	0.0357187824	-0.0176783935	-0.0551327682	-0.2006473152	-0.0568633306	0.0655420115	-0.002620929	0.0572057492	0.0177000842	-0.0088867856	-0.1822547095	0.1480247039	0.0204330444	-0.0974632242	0.0615560841	-0.0954072474	-0.0027356701	0.0111937857	0.0514825935	-0.1090329215	-0.0975844687	-0.0144779666	-0.0268170838	-0.1094435402	-0.0575764956	0.0642567764	0.1551288094	-0.0834919228	-0.0363967189	-0.111076735	-0.0050658963	0.0036778065	-0.0647147024	0.1153118061	0.1148374968	0.1140484259	-0.0585254496253497	-0.0001730880128292	2.995946018516296e-08	0.0034252282538493	-0.0702235786214089	7.9261003335801e-05	6.2823066497978575e-09	0.0049313509943971	0.005457231542195	-0.044764942190497	2.978137610512801e-05	0.0020039000493185	0.0011490891388569	0.0004411803954787	1.9464014135474217e-07	1.320405849038892e-06	0.0002400817771393	0.0004908393730511	2.409232901371969e-07	5.7639259714364517e-08	-0.000728638703717	-7.275316645000314e-07	5.309143605543901e-07	5.293023228501864e-13	0.0	0.0	0.0	0.0	0.0	0.0	0.0	0.0	0.0	0.0	0.0	0.0	0.0	0.0	0.0	0.0	0.0	0.0	0.0	0.0	0.0	0.0	0.0	0.0	0.0	0.0	0.0	0.0	0.0	0.0	0.0	0.0	0.0	0.0	0.0	0.0	0.0	0.0	0.0	0.0	0.0	0.0
1010275.0395614016	-1751.3811818541726	3067336.0441529183	1020655655560.7916	1516229.5656315929	-9645.275613132631	2298952095695.3687	93031341.65329106	1035646.2461719224	-1816.739766525221	1072563147209.994	3300543.3792741145	1079658.6781086673	1211792.145762798	1.378007	23.972389	0.0627742377697636	0.0349791767839607	0.0883452403	0.0252150982	0.0462089254	-0.0037387797	-0.1526333749	0.0277856726	0.01458441	0.0207766282	0.0517891638	0.1247700422	0.0220641214	-0.0386819689	-0.0425394869	0.1056484257	0.0904313008	0.0372133162	0.0616470178	-0.0690282744	0.1384423046	0.1445618108	0.021723241	0.0655487541	-0.0953995543	-0.0260983657	0.032939392	-0.0039627227	-0.0341982861	0.0107937806	0.0536832802	0.0690282197	-0.1627124653	-0.0582854794	-0.1355289721	-0.0341108166	0.0454517343	-0.1268199279	0.0126750309	0.0282571011	-0.0241931141	0.065662181	-0.0149755544	-0.0712255403	-0.189863732	0.1414649805	0.0045249731	0.0347631528	-0.0837689235	0.0490171215	-0.0132470272	-0.0983459452	-0.0543534115	0.1296577119	-0.0204579533	0.081562523	0.125176728	-0.0144906864	0.1414139467	-0.0496108362	-0.0374620793	0.0631890696	-0.0529345676	-0.0187841434	0.0518826757	-0.0508183367	-0.1058247566	0.0018643591	-0.1322405289	-0.0687587853	0.0345227015	0.0488956142	0.2036886388	0.0305297125	0.0248894524	-0.0013686104	-0.1507741502	0.0919664062	0.0712067076	0.0469917958	-0.081853791	0.0559077187	-0.0066404494	0.1346136158	0.074450868	-0.0425638893	0.0196759508	-0.0226832162	-0.0376463699	-0.0288878102	-0.1038750001	0.0946983661	0.0911765813	0.0674529085	-0.1449106864	-0.0682856612	0.0470336042	-0.0052816855	0.0892999493	0.1151599564	0.1142313295	0.112689161	-0.058434480045463	9.09695798867044e-05	8.275464464763494e-09	0.0034145884581836	-0.0867831204041351	-0.0165595417827262	0.0002742184240538	0.0075313099870786	0.0083453101343877	0.0028880785921927	6.964420123911406e-05	8.340997954681772e-06	0.0017209990344624	0.0005719098956054	3.2708092869149384e-07	2.9618376766205127e-06	-1.0823444278607042e-06	-0.0002411641215671	5.8160133531260274e-08	1.1714694605211153e-12	-0.0006769997645905	5.163893912649999e-05	4.5832868125559254e-07	2.6665800341103718e-09	0.0	0.0	0.0	0.0	0.0	0.0	0.0	0.0	0.0	0.0	0.0	0.0	0.0	0.0	0.0	0.0	0.0	0.0	0.0	0.0	0.0	0.0	0.0	0.0	0.0	0.0	0.0	0.0	0.0	0.0	0.0	0.0	0.0	0.0	0.0	0.0	0.0	0.0	0.0	0.0	0.0	0.0
1006842.340658009	-3432.6989033925347	11783421.76135231	1013731498941.6984	1504218.8785601263	-12010.687071466586	2262674434616.684	144256603.92869458	1031557.6009323832	-4088.645239539212	1064111084041.374	16717019.894806655	1074364.7378320992	1187259.8590025732	1.362555	23.703564	0.0985967304782647	0.057372463726796	-0.0093211997	0.0672738774	0.0327152707	-0.080884771	-0.050669299	0.0213104716	-0.1945419694	-0.0014831211	-0.0980620271	0.0746796177	-0.1536965175	0.0871115397	0.0836255809	0.0747266798	0.0396407689	-0.0628779817	0.1310182235	-0.0031942969	0.2411561196	-0.1023515532	-0.0317591818	-0.1205221927	-0.0392916926	-0.1284896357	-0.0249189803	-0.1165174558	-0.0119964882	0.0752192914	-0.0258256878	0.0279903537	-0.0069613178	-0.1398673096	0.1589844748	-0.008523044	0.2118289256	-0.0394870598	0.035329145	-0.0607473961	-0.0602982959	-0.1284305637	0.006830994	0.03716215	0.0492563865	0.0439243717	-0.1356254566	-0.1289141213	-0.0596594908	-0.0581836491	-0.0487111475	-0.0528507044	0.0174209279	0.0791556691	-0.1320659753	0.2443921899	0.0089026066	0.0971974745	0.0105581866	0.0615738437	0.0232917189	-0.0859815564	-0.0444060119	0.1096853648	-0.1747258673	0.0763162371	-0.0228722426	0.1142474185	0.0872424941	-0.0090609716	-0.0605266324	0.1663779558	0.0324387057	0.0127882718	-0.1059234296	0.0324005798	-0.135697667	-0.0115367209	-0.0260431208	0.0831413781	-0.190034647	0.0163942575	0.0271576105	0.0480576361	0.0635192359	-0.0705827766	0.0531615171	0.0072561572	-0.0347268439	0.0525309142	0.1414655932	0.0883155045	0.0005834322	0.061534323	0.0243376735	0.0417647128	0.0093962111	-0.0762688481	0.0261462046	0.1149575937	0.1134247617	0.1108851636	-0.0583680086493387	6.647139612429853e-05	4.41844650271341e-09	0.0034068244336892	-0.0519186411937369	0.0348644792103982	0.0012155319106122	0.0026955453034039	0.0403027457611955	0.0319574356268078	0.0016243113158915	0.0010212776918415	0.0011380004835691	-0.0005829985508932	3.398873103436876e-07	1.2950451006035057e-06	-9.141369605725204e-07	1.6820746728818381e-07	2.8293752051505427e-14	8.356463826847658e-13	-0.0007279998911286	-5.100012653809992e-05	5.299838414832534e-07	2.6010129069022043e-09	0.0	0.0	0.0	0.0	0.0	0.0	0.0	0.0	0.0	0.0	0.0	0.0	0.0	0.0	0.0	0.0	0.0	0.0	0.0	0.0	0.0	0.0	0.0	0.0	0.0	0.0	0.0	0.0	0.0	0.0	0.0	0.0	0.0	0.0	0.0	0.0	0.0	0.0	0.0	0.0	0.0	0.0
1006108.397927484	-733.9427305250429	538671.9316905556	1012254108380.2084	1502472.7573839664	-1746.121176159941	2257424386680.979	3048939.1618341743	1032438.4439053972	880.8429730139906	1065929140453.798	775884.3431081257	1072440.0870807928	1181411.4738031554	1.32501	23.050425	0.1262538398292748	0.0775008704970933	-0.0626820179	-0.0385874947	0.0136433801	-0.0834910384	0.0245693281	-0.0120341011	-0.1828098379	-0.0255090053	-0.2064616114	-0.0536685353	-0.1287808216	0.1503019834	0.0591516153	0.0566964385	-0.1051463931	-0.002638837	0.113852649	0.0285817884	0.0563252242	0.157091841	0.0974103704	-0.0963038984	-0.0450359066	0.0253758716	-0.1079473342	0.1160951921	0.0780375905	-0.0372319367	-0.1118260795	-0.1762932625	0.0854716389	-0.0397119416	0.0433759196	-0.0233020469	-0.11770296	0.1271575359	0.0290710506	-0.0789297682	-0.0214644597	0.0344946697	-0.0696749467	0.0422353592	0.0873765744	-0.0800912527	-0.0832898377	-0.1945782928	-0.0511076953	-0.0897664565	0.0495726997	0.1060947137	0.0481994053	-0.0527861807	-0.0206607327	0.163329505	0.0591503615	-0.1914950379	-0.0282063974	-0.1637676696	-0.0450951763	0.1482661844	0.0807250179	0.050976624	0.1180149461	0.0399378379	0.0097770128	0.0429588379	0.1615479818	0.1180544222	-0.0683053111	0.1109210202	-0.0974492976	-0.0867972008	-0.0262681721	0.0427460595	-0.1116551458	-0.0880008106	-0.0514855749	0.0001762986	-0.1425511679	-0.03342243	0.0540737865	-0.1428494976	0.1527093211	-0.1231131884	-0.0792537238	-0.0342469855	-0.0073974396	0.0470610145	-0.0622777932	-0.0383982893	-0.0707333195	-0.0538358009	0.0481712222	0.0545268222	0.0390062506	0.1277470107	-0.0486015608	0.1147048067	0.1124192083	0.108643553	-0.0711793229099839	-0.0128113142606451	0.000164129773085	0.0050664960099237	0.0181560464955765	0.0700746876893134	0.0049104618547548	0.0003296420243495	0.0579862132950665	0.0176834675338709	0.0033624009323009	0.0003127050240214	0.0006249998338257	-0.0005130006497434	2.631696666371506e-07	3.906247922821526e-07	-2.275906960669261e-07	6.865462645055942e-07	4.713457733065853e-13	5.1797524936227943e-14	-0.0007280001020296	-2.1090100000599463e-10	5.299841485551079e-07	4.4479231803528556e-20	0.0	0.0	0.0	0.0	0.0	0.0	0.0	0.0	0.0	0.0	0.0	0.0	0.0	0.0	0.0	0.0	0.0	0.0	0.0	0.0	0.0	0.0	0.0	0.0	0.0	0.0	0.0	0.0	0.0	0.0	0.0	0.0	0.0	0.0	0.0	0.0	0.0	0.0	0.0	0.0	0.0	0.0
1007202.2944205188	1093.8964930347863	1196609.5374738048	1014456461885.9574	1513662.1051555907	11189.347771624336	2291172968584.0547	125201503.55435447	1037175.8648044268	4737.420899029588	1075733774532.8104	22443156.774562314	1078311.130662021	1196255.0794390745	1.267579	22.051332	0.0963854878411271	0.0506267106411822	-0.0281173931	-0.0812374844	0.0052850805	-0.0782735867	0.0346817421	0.0596214757	-0.0508372664	-0.0003188556	-0.0293071893	-0.0699103942	0.0350651108	0.0749836212	0.0324012621	-0.0696045213	0.0307515391	0.112969293	0.1541768755	0.1054408889	0.071119761	-0.0074972639	0.1033806412	-0.0545638064	-0.0828750971	-0.0346325104	-0.1589023314	-0.0092835585	-0.0223518107	-0.02321541	-0.0437469853	-0.136229607	-0.0054327826	-0.0065832816	-0.1553636702	-0.1449108159	-0.1580804142	-0.0752874981	0.0712368026	0.1026006526	0.015336443	0.0795289125	0.0504005782	-0.0951713398	0.0206721504	-0.0672344646	0.052057648	-0.0740477447	-0.0059265315	-0.0060326876	0.0080231226	-0.075900353	-0.0037529203	-0.173622972	-0.0717990614	0.1421752754	-0.0597479004	-0.1691993102	0.1107836478	-0.0452382985	-0.1007586384	0.0970765349	-0.0551883144	0.0189041242	0.0232463766	-0.0155606413	-0.0713967918	-0.0771935699	0.0231021405	0.0852275878	0.0399555023	-0.126557868	0.0064063995	-0.1566188199	0.0997805266	0.0284281163	-0.1451040869	-0.0399899204	0.1192799701	-0.0380102687	-0.042805391	-0.0452863924	0.039603332	-0.1234882313	0.055517621	-0.1107139863	-0.0768378847	-0.0116307671	0.016057152	0.0115384494	0.0237235408	0.0850200731	-0.0509079734	-0.0186676962	0.028399916	0.0926555092	0.0636309003	-0.01759632	-0.0361096567	0.1144017065	0.1112164334	0.105973176	-0.0609590233572134	0.0102202995527704	0.0001044545229483	0.0037160025286652	-0.0177580341233607	-0.0359140806189371	0.0012898211867035	0.0003153477759264	0.0344805510676735	-0.023505662227393	0.0011889084019304	0.0005525161567482	0.0010800318549916	0.0004550320211659	2.070541402863241e-07	1.1664688077965966e-06	7.910647082676192e-05	7.933406152282885e-05	6.293893317707993e-09	6.2578337266653355e-09	-0.0007285429281814	-5.428261518000427e-07	5.307747982031286e-07	2.9466023107804313e-13	0.0	0.0	0.0	0.0	0.0	0.0	0.0	0.0	0.0	0.0	0.0	0.0	0.0	0.0	0.0	0.0	0.0	0.0	0.0	0.0	0.0	0.0	0.0	0.0	0.0	0.0	0.0	0.0	0.0	0.0	0.0	0.0	0.0	0.0	0.0	0.0	0.0	0.0	0.0	0.0	0.0	0.0
1007440.72348826	238.42906774114817	56848.42034391302	1014936811342.5486	1515214.2770635549	1552.1719079641623	2295874305417.231	2409237.6318731084	1033782.9988250457	-3392.8659793811385	1068707288659.7043	11511539.554041931	1075994.5254518727	1192295.605439125	1.354902	23.570429	0.0568944543596196	0.0281739042342039	0.019317269	-0.040662572	-0.0885066099	-0.0224362898	0.0376754413	0.0317409287	-0.0130143736	0.091934091	0.0723258921	0.0009537267	0.0204848666	0.1664823244	-0.1377921534	-0.0768887403	0.0768803783	0.1265180508	-0.0207510624	0.1600003955	0.1425733813	-0.1070653818	0.0158522049	0.0555550331	0.0222606783	0.1112634333	0.0671536966	0.0569060526	0.0272301892	-0.0130274629	0.0486994077	-0.0201911418	-0.0260871945	-0.1218316203	-0.0607596167	-0.0647270539	0.0966878551	0.0499880602	-0.0474415617	-0.0135350914	-0.0407318851	0.0349970014	0.0720390561	-0.0453143421	0.0106040634	-0.0023886078	0.0762850626	-0.150463464	0.0896329088	0.1376830733	0.0461485082	-0.0641798429	-0.0132102518	-0.1484821458	-0.1854481952	-0.0330247979	0.0275986605	0.0071842018	0.0637697623	0.0670195258	-0.0360005655	0.1243264524	-0.0663453588	-0.0477502783	0.0338010544	-0.0157558123	0.0353218131	0.0070228659	-0.0201802984	-0.0538916945	0.0141580588	0.1033835371	-0.0091251193	-0.0754200514	-0.0146242353	0.0239637111	-0.1088409049	-0.0157447911	0.0703218631	0.0496919812	-0.0428053941	0.112435425	0.0449043376	-0.1226174636	0.1095228746	-0.0888090959	-0.0350170344	-0.0944842252	-0.0303957873	-0.0260039288	-0.1645702694	0.0434669378	0.0693819143	-0.0623844627	-0.0947985927	-0.0880142133	-0.0025716227	-0.0507660912	-0.0616373548	0.1140484259	0.1098185471	0.1028845713	-0.0764550164966237	-0.0154959931394103	0.0002401258033766	0.005845369547499	-0.0174100678166979	0.0003479663066627	1.21080550572548e-07	0.000303110461382	0.0193598081630739	-0.0151207429045995	0.000374802172111	0.0002286368659869	0.0008511348939831	-0.0002288969610085	5.2393818758926784e-08	7.244306077556229e-07	0.0003686903256558	0.000289583854829	8.38588089776454e-08	1.3593255623217984e-07	-0.0007286571525228	-1.142243414000094e-07	5.309412459226351e-07	1.3047200168265902e-14	0.0	0.0	0.0	0.0	0.0	0.0	0.0	0.0	0.0	0.0	0.0	0.0	0.0	0.0	0.0	0.0	0.0	0.0	0.0	0.0	0.0	0.0	0.0	0.0	0.0	0.0	0.0	0.0	0.0	0.0	0.0	0.0	0.0	0.0	0.0	0.0	0.0	0.0	0.0	0.0	0.0	0.0
1010571.0978571152	3130.374368855264	9799243.689185992	1021253943824.1353	1510704.2988858123	-4509.978177742567	2282227478672.0737	20339903.163714163	1035772.8150773196	1989.816252273973	1072825324453.1952	3959368.71781364	1078759.7825021776	1189550.4031266929	1.256489	21.858398	0.0731477388776749	0.0370805637009385	0.0057548054	0.0562186271	-0.0697468367	0.0468405715	-0.0124529947	-0.0668577158	0.0420659145	0.1256133257	0.0790160248	0.1085733539	-0.0362706435	0.0445786529	-0.091927878	-0.1092272126	0.0503511976	0.0208763097	-0.0532179506	-0.1815823309	0.1146990979	0.0650705035	-0.023689212	-0.0327106181	-0.0091540526	-0.0210848943	0.0795926061	0.0087861481	0.0998504102	0.1444074391	0.1328917339	0.1155081256	-0.0565522225	-0.0530593006	0.0497821877	-0.1066175581	-0.0901070276	-0.0811328609	0.0250447497	0.0597487446	0.0091981606	-0.012925457	-0.0928513104	-0.0148434488	-0.0787149186	0.0764854552	-0.0057597679	-0.0504298137	0.1317899041	0.0458387587	0.0687528452	-0.1231335601	-0.1478477667	0.1298993858	0.040999817	0.0477921836	0.0382251837	0.1566888633	0.0494375296	-0.0305154509	-0.004464107	0.0121347521	0.0086839069	0.0615896467	0.0701948112	-0.0412599688	0.0993948903	-0.0058550659	-0.1526234512	0.0680271523	-0.0956005086	0.0733259594	0.1287346576	-0.1328758881	-0.0257594851	0.0503565549	-0.1588952558	0.0311535803	-0.0388761678	0.0857816039	-0.0674743472	0.0632477584	0.0285902199	-0.0775686505	0.0331697925	-0.0259564486	0.0240920611	-0.0209770327	-0.0430880612	0.0242986056	-0.0486094544	0.0633841565	0.0888623132	0.1920354673	-0.1162927496	-0.0347015321	-0.025056105	-0.0883661383	0.0652265962	0.1136451198	0.1082280018	0.0993899282	-0.0763084287637525	0.0001465877328711	2.1487963428317663e-08	0.0058229763003926	-0.0293467180144517	-0.0119366501977538	0.0001424836179435	0.0008612298582197	0.0327127315829898	0.0133529234199158	0.0010701228076207	0.0001783005638581	0.0013789787631988	0.0005278438692157	2.78619150268601e-07	1.901582429353292e-06	-5.7001419985880375e-05	-0.0004256917456416	1.812134623074611e-07	3.2491618804067223e-09	-0.0007279612168375	6.959356853000667e-07	5.299275332195336e-07	4.843264780740735e-13	0.0	0.0	0.0	0.0	0.0	0.0	0.0	0.0	0.0	0.0	0.0	0.0	0.0	0.0	0.0	0.0	0.0	0.0	0.0	0.0	0.0	0.0	0.0	0.0	0.0	0.0	0.0	0.0	0.0	0.0	0.0	0.0	0.0	0.0	0.0	0.0	0.0	0.0	0.0	0.0	0.0	0.0
1010016.1112906238	-554.986566491425	308010.08898594097	1020132545066.6335	1511145.8931962026	441.5943103902973	2283561910523.749	195005.53496908225	1038897.3409642208	3124.5258869011886	1079307685062.5284	9762662.01791566	1081187.5424379357	1179123.4115824755	1.247884	21.7087	0.0720529598293978	0.0535961725173913	-0.0516866207	0.0405893239	0.0207093994	0.0113701421	0.0293226718	-0.0749057478	-0.0560574298	-0.0324761803	-0.0498955548	0.0107999222	-0.0561254312	-0.1099125239	-0.1173197755	0.0379231186	0.1094946526	-0.1698725455	0.0853558533	-0.063218316	0.122608004	0.0453291727	-0.0824665343	0.0194302577	0.0267241715	-0.0041099169	-0.0891418135	0.0389971241	-0.0489180465	-0.0514145397	0.0950740458	-0.1170775309	0.1460004498	-0.099416726	0.0502747279	-0.1280554757	0.1356813613	-0.0705946797	0.0626245151	-0.165472625	0.0696896633	0.0050856987	0.0847194436	0.2189137378	0.0365475849	-0.0002714178	-0.0905855241	0.0963553307	0.0414568201	0.1034451669	-0.0660178329	0.0093478637	0.1195112849	0.1351389273	-0.0177750187	0.1614002097	0.0508972828	0.0608851518	-0.0645446504	-0.0980745185	-0.0660195334	-0.0518570917	0.1075687217	0.0050623418	-0.1756940556	-0.1236256949	-0.0240393537	0.1960630586	-0.1210501563	0.0819626388	0.0418845954	0.1388710837	-0.1061208711	-0.0021164733	-0.1143382974	0.0461928017	-0.201908907	0.0256030505	-0.0079841133	-0.0088754902	-0.0354062376	-0.1080056529	-0.0120410943	0.023871801	0.1203930544	-0.099021939	0.052116547	-0.0036487983	0.0187467938	0.1195471434	0.0359439806	-0.0100129966	-0.0338042398	0.0068453638	0.0619708855	0.0471966851	0.1124278269	-0.0931430546	0.0374106763	0.1131919653	0.1064475877	0.0955030384	-0.076389543221552	-8.111445779949988e-05	6.579555264106848e-09	0.0058353623135973	-0.0815705019241335	-0.0522237839096818	0.0027273236058451	0.006653746784155	0.0326917831707618	-2.0948412227994595e-05	0.0010687526868841	4.3883597487399347e-10	0.001650026591187	0.0002710478279881	7.346692505712079e-08	2.722587751624191e-06	6.589913552978999e-05	0.0001229005555156	1.5104546546060372e-08	4.342696063573629e-09	-0.0007285550943274	-5.938774899000906e-07	5.307925254704068e-07	3.526904730100322e-13	0.0	0.0	0.0	0.0	0.0	0.0	0.0	0.0	0.0	0.0	0.0	0.0	0.0	0.0	0.0	0.0	0.0	0.0	0.0	0.0	0.0	0.0	0.0	0.0	0.0	0.0	0.0	0.0	0.0	0.0	0.0	0.0	0.0	0.0	0.0	0.0	0.0	0.0	0.0	0.0	0.0	0.0
1009639.2421592794	-376.86913134437054	142030.34216026042	1019371399307.964	1514077.5601265824	2931.666930379812	2292430858078.8647	8594670.990682587	1038262.4922301394	-634.8487340813735	1077989002771.9404	403032.91516472254	1080147.8509091898	1190609.7053087757	1.295917	22.544312	0.1440599318842502	0.0929265130414437	-0.0411083852	-0.0150114788	0.0223445327	-0.0746423758	0.0455787933	0.0045222893	-0.060677739	-0.0696137317	-0.0415319329	-0.0560865576	0.0117627687	-0.0501813827	0.0724719776	0.1686395284	0.0953308585	-0.0697109416	0.0720552703	0.0676527978	0.0171130702	-0.0315158088	0.0634176153	0.0079566785	0.0541300916	-0.1536426208	0.0720250129	0.0985478128	0.1248237781	0.0757845726	-0.0263703687	-0.1267799134	0.033003948	0.0290518835	-0.0744824329	0.1103615656	-0.0124245763	-0.0488972895	-0.1148767359	-0.0214210604	-0.0023270341	0.0747013334	0.0260928498	-0.0124866606	0.0967123528	-0.0503900556	0.0084878543	0.0431492052	-0.0954569845	-0.0294608598	-0.1245246876	0.0150461207	0.1346194702	0.0418819586	-0.1059980076	-0.0603676254	0.0483093393	-0.0822410557	0.1016897284	-0.0212176634	-0.0812883285	0.0834016344	0.0038017512	0.0916481068	0.0446213653	0.0488940407	0.1270508137	0.0194815	0.1099974644	0.0592946424	0.1611706803	0.0561644284	0.0203097335	0.0382350451	0.0145290888	0.0219510698	-0.0749878163	-0.0162072661	0.1268407994	0.0684331477	-0.1214488328	0.0427205272	0.0491889778	-0.1161530671	-0.0566800908	0.026049219	-0.0961213619	-0.0189228446	0.0387730117	-0.115417337	0.0147361544	0.1432743739	-0.1507345063	-0.0430221144	0.1337073889	0.0640584724	-0.0769730862	0.0467834927	0.1711971874	0.112689161	0.1044804285	0.0912392418	-0.0764213307549113	-3.178753335929263e-05	1.0104472770681415e-09	0.0058402197943515	0.0062631401508497	0.0878336420749831	0.0077147486801562	3.92269245491856e-05	0.0084579587428095	-0.0242338244279523	7.153706609506765e-05	0.0005872782464048	0.0013791564437033	-0.0002708701474836	7.33706367978413e-08	1.902072496208334e-06	0.0004339978928884	0.0003680987573586	1.3549669516895286e-07	1.883541710315711e-07	-0.0007287997464442	-2.4465211679995137e-07	5.311490704171302e-07	5.985465825469706e-14	0.0	0.0	0.0	0.0	0.0	0.0	0.0	0.0	0.0	0.0	0.0	0.0	0.0	0.0	0.0	0.0	0.0	0.0	0.0	0.0	0.0	0.0	0.0	0.0	0.0	0.0	0.0	0.0	0.0	0.0	0.0	0.0	0.0	0.0	0.0	0.0	0.0	0.0	0.0	0.0	0.0	0.0
1011368.7405263566	1729.498367077205	2991164.60172272	1022866729313.8688	1520408.3625065929	6330.802380010486	2311641588779.979	40079058.77474643	1038171.0844072164	-91.40782292303628	1077799200499.2556	8355.39009152916	1079324.3701001743	1220534.0099952177	1.483867	25.813957	0.0983176034220845	0.0508514868539725	0.0272300859	-0.015112781	-0.0847039149	-0.0140913626	0.0787614965	0.0229398419	-0.0525687036	0.0468947811	0.0253220425	-0.0760545552	0.0277258183	0.0818271035	-0.1170988169	-0.1474238497	-0.0927007349	-0.0272558788	-0.1728359871	0.2829729592	0.1008800846	0.0433597831	0.0971871588	0.1569994827	0.1354361567	-0.043992484	-0.2066420756	0.0833091584	0.1123519489	0.1145576225	0.0001863403	0.349515224	0.0905365733	0.0718430848	-0.0244192357	0.0532459703	0.0195398542	-0.0995168176	0.0737112183	0.0342156779	-0.0573762929	0.0312984857	-0.0487195939	-0.0428706818	0.018654313	-0.0700495641	0.0404905184	-0.0566822295	0.0659454778	0.104233307	0.1743428059	0.0825568978	0.103312317	-0.2096786694	-0.053535663	-0.0782737567	-0.0627629131	-0.0252328032	0.2818121758	0.2101759975	-0.0782823037	-0.2344039204	0.0443818897	-0.0426554707	0.1496501116	-0.2431319393	0.0983296421	0.0064601326	-0.0752669973	-0.0266039187	-0.0876090371	0.0250364277	0.1236672025	0.1164346862	0.0557847281	0.0406626817	0.0077428204	0.0424518355	0.0398875871	-0.08077654	0.0322640799	-0.0207441321	0.087856427	-0.3473492404	-0.613684737	0.2210444014	-0.136307239	0.0461807727	0.0690040964	-0.3467393805	0.0400133797	0.2664495509	0.0817358545	0.1030295739	0.0157142524	-0.006344762	0.0332718888	0.0680252121	0.0373403412	0.1121369276	0.102329975	0.0866153656	-0.0758537428543775	0.0005675879005337	3.2215602483236085e-07	0.005753790305018	0.0243595366534776	0.0180963965026279	0.0003274795663803	0.0005933870259721	0.0143635707435123	0.0059056120007028	0.0002063121645038	3.4876253102844926e-05	0.0017033072149194	0.000324150771216	1.0507372247999237e-07	2.9012554683964837e-06	-0.0003629219795535	-0.0007969198724419	6.350812830928141e-07	1.317123632430311e-07	-0.0010826892431506	-0.0003538894967064	1.1722159972340192e-06	1.2523777587910916e-07	0.0	0.0	0.0	0.0	0.0	0.0	0.0	0.0	0.0	0.0	0.0	0.0	0.0	0.0	0.0	0.0	0.0	0.0	0.0	0.0	0.0	0.0	0.0	0.0	0.0	0.0	0.0	0.0	0.0	0.0	0.0	0.0	0.0	0.0	0.0	0.0	0.0	0.0	0.0	0.0	0.0	0.0
1014575.0863759436	3206.345849587	10280653.70716378	1029362605894.7534	1526044.508306962	5636.145800369093	2328811841333.8374	31766139.483018167	1038912.850515464	741.7661082475679	1079339910966.1667	550216.9593447426	1082948.6492269165	1192399.0951381363	1.79757	31.271275	0.2696875895930243	0.1467233863787143	0.0219061735	0.0091975395	-0.0138468299	0.1325502572	-0.0722679497	-0.0200127892	0.1527430828	0.0368286041	0.0424074218	0.0701467878	0.0488537798	-0.0042104976	-0.0715479832	-0.1039424926	0.1436014605	0.0305465836	-0.0154207132	-0.236812631	-0.1350013774	0.0471353641	0.0165109061	-0.0135440386	-0.0093086288	-0.0664863756	0.0073036073	-0.016458932	0.1336540417	0.1689069318	-0.0915736818	-0.0760847218	0.0196745531	0.0468282222	-0.0130715421	-0.1168441478	-0.0232548747	0.0354918623	-0.0217053387	-0.051392583	0.1710978991	-0.0553783558	-0.1201554535	0.1651281953	-0.0506227993	0.0652005573	0.0488333861	0.0372072553	0.0715766078	0.0862462875	-0.0140348781	-0.1683122404	-0.1373663063	0.1399404644	0.1612829943	-0.0097878113	-0.077960161	0.0597183659	0.0899005473	-0.0837399796	0.0426264371	0.0618368662	0.0517218966	0.087770681	0.0072154242	0.0449510832	0.0761709926	0.0086012195	0.0255862706	0.1343572667	-0.1003185155	-0.0076806357	-0.0960631421	0.1257666049	-0.0375074857	-0.0254873227	-0.062472816	0.1037833031	0.1117551637	0.0035940723	0.1154009467	-0.0248809627	-0.0941172295	0.1382078482	-0.0407519621	0.1249077455	0.1444881524	3.18464e-05	-0.026030924	0.188644645	0.0224130208	-0.1068584752	-0.0155040362	0.0926241673	-0.1460184429	-0.2110248637	-0.0181555588	-0.0712311775	0.0563321641	0.1115355072	0.1	0.0816496581	-0.0600417427290267	0.0158120001253508	0.000250019347964	0.0036050108699386	-0.1080310176218546	-0.1323905542753322	0.0175272588613296	0.0116707007684134	-0.018305948261144	-0.0326695190046563	0.0003351077417396	0.0010672974719955	0.0022501176062901	0.0005468103913707	2.990016041109781e-07	5.0630292421366896e-06	0.0003858234700171	0.0007487454495706	5.606197482526799e-07	1.4885975001603604e-07	-0.0006019347603382	0.0004807544828124	3.6232545570340635e-07	2.311248727442183e-07	0.0	1.0	0.0	0.0	0.0	0.0	0.0	0.0	0.0	0.0	0.0	0.0	0.0	0.0	0.0	0.0	0.0	0.0	0.0	0.0	0.0	0.0	0.0	0.0	0.0	0.0	0.0	0.0	0.0	0.0	0.0	0.0	0.0	0.0	0.0	0.0	0.0	0.0	0.0	0.0	0.0	0.0
1016081.1841665752	1506.097790631582	2268330.554945333	1032420972817.3496	1522808.2916007384	-3236.216706223553	2318945092967.9595	10473098.569640422	1040134.259437538	1221.4089220740134	1081879277655.6757	1491839.7549220033	1083092.497114547	1241326.251468547	1.762597	30.662872	0.2129122958274062	0.1079391782402998	0.0325057528	0.0934783074	0.1175637915	-0.0021354603	-0.0040911641	-0.0430517586	-0.0239920341	-0.1306036537	0.0077661239	-0.0709972935	-0.0628768045	-0.126140672	0.0289127796	-0.0597962937	0.0217393167	0.1042095743	0.0328395969	-0.0093950628	0.0594422247	0.0229696642	0.0955296556	-0.1339216189	0.1252003113	-0.0518470645	-0.0982620441	-0.133477154	-0.0512790638	-0.0317232312	-0.0789113733	-0.0674957719	0.0886506971	0.039231604	0.0136793072	0.003130843	0.0296219108	0.0669071929	0.0990576933	0.1028540915	-0.0670531847	0.0336742182	0.070938756	0.0319434945	-0.0395220393	-0.0504838594	-0.0999066951	0.1034771559	-0.0603059944	0.0015795542	0.0054985023	-0.1227161936	-0.0436931474	-0.0763778239	-0.0432705231	0.1195238867	-0.0570575875	-0.0920948531	-0.0638909914	0.1333758564	0.0673343735	-0.0633740126	0.0943982487	0.113557446	-0.0037093113	-0.0254531422	-0.143719209	0.0429522274	-0.016836839	0.1601243113	0.0618682799	-0.0333145985	-0.167562758	-0.0285261793	0.0503084249	0.0566173687	0.0445994072	0.0889639073	-0.0458918434	0.0455662721	-0.0700029078	-0.0573078242	0.0793147529	0.0668788651	-0.4799013659	-0.0799141888	0.0930299899	-0.1118650224	-0.0951934125	0.3151243747	0.0378484319	-0.2041852474	-0.2813680047	-0.1267535339	0.041613564	-0.0777572602	-0.1482480072	-0.1721588153	0.0014083847	0.1108851636	0.097494591	0.0763617167	-0.0935809605924049	-0.0335392178633781	0.0011248791348871	0.0087573961853972	-0.0241673931611074	0.0838636244607472	0.0070331075076932	0.0005840628922035	0.0142924646786468	0.0325984129397908	0.0002042745465903	0.0010626565261931	0.001380150003642	-0.0008699676026481	7.568436296572823e-07	1.9048140325530128e-06	0.0003238594482373	-6.196402177979999e-05	3.839539995127527e-09	1.048849422125684e-07	-0.0009282239471801	-0.0003262891868419	8.615996961186051e-07	1.0646463344994837e-07	0.0	0.0	1.0	0.0	0.0	0.0	0.0	0.0	0.0	0.0	0.0	0.0	0.0	0.0	0.0	0.0	0.0	0.0	0.0	0.0	0.0	0.0	0.0	0.0	0.0	0.0	0.0	0.0	0.0	0.0	0.0	0.0	0.0	0.0	0.0	0.0	0.0	0.0	0.0	0.0	0.0	0.0
1007338.5962222482	-8742.587944327039	76432843.96429248	1014731047439.0096	1520987.1602386604	-1821.131362078013	2313401941610.8643	3316519.4379441184	1034026.002842632	-6108.256594905979	1069209774554.7108	37310798.62921239	1077606.6402711235	1240880.9322775595	1.482001	25.781502	0.1653024609083067	0.0828631538823802	0.1104535317	0.022821736	0.0284775873	-0.1283790572	-0.1400084674	0.0310253101	-0.0704332846	0.0059415411	0.0742663014	0.0639638702	-0.1342737491	0.0569704556	0.0188515496	-0.064821179	-0.0776044353	-0.0023507364	0.0416528247	0.0761677585	-0.1550931146	0.0178670324	0.0190364287	-0.0907147626	-0.0442165665	-0.0572408346	0.0113206196	-0.0437078534	-0.1077144742	0.1086794657	0.0879107694	-0.0166410225	-0.0087689439	0.0314907227	0.0174230747	0.1249086937	0.0757456431	-0.0901181364	0.0934972616	0.0251464618	0.1286563643	0.0216227048	0.0068793983	0.001616631	-0.2016801301	0.0733166758	-0.1135428677	-0.1007992312	-0.0534273121	0.018560236	-0.0207738034	0.0374365746	-0.0005309504	-0.1191024826	0.1895334531	0.0996038135	-0.0408560762	0.0250762486	-0.0534319825	0.0836512813	0.0813872224	0.0371004534	-0.0470763342	0.0426954176	-0.072649671	-0.048873904	-0.0338380433	-0.127051612	0.0059387192	0.0187491923	0.1293858088	0.0341767895	0.0689125735	0.2224250613	0.0321286214	-0.0009391388	-0.0775674254	-0.0090542126	0.0226752032	-0.2101200449	0.0120815342	-0.0121948652	0.1118621452	0.0771871057	-0.0569265204	0.1040777805	0.082801945	0.1407328074	-0.0780330964	0.1779526053	-0.2640131298	-0.136013346	0.0086038572	-0.0120284081	-0.0203835804	0.0362410215	0.0080073533	0.1526393591	-0.1037130383	0.1101861821	0.0948181434	0.0707724105	-0.0450156571719446	0.0485653034204602	0.0023585886963213	0.002026409390622	-0.0350183940663129	-0.0108510009052055	0.0001177442206447	0.0012262879229835	0.019608394700171	0.0053159300215241	0.0003844891427176	2.825911199374227e-05	0.0023569867684991	0.0009768367648571	9.542100651764851e-07	5.55538662687983e-06	-9.68711188973348e-05	-0.0004207305671346	1.7701421012143146e-07	9.384013676421577e-09	-0.0003143867479495	0.0006138371992306	9.883902728626247e-08	3.767961071592674e-07	0.0	0.0	0.0	0.0	0.0	0.0	0.0	0.0	0.0	0.0	0.0	0.0	0.0	0.0	0.0	0.0	0.0	0.0	0.0	0.0	0.0	0.0	0.0	0.0	0.0	0.0	0.0	0.0	0.0	0.0	0.0	0.0	0.0	0.0	0.0	0.0	0.0	0.0	0.0	0.0	0.0	0.0
1007355.7377699724	17.14154772425536	293.83265838292414	1014765582418.0854	1523296.3255537974	2309.165315137012	2320431695445.7007	5332244.452631815	1040201.302456034	6175.299613401992	1082018749631.2296	38134325.31528279	1083130.8121461235	1161228.505345172	2.159472	37.567074	0.0871597706081375	0.0458915970163459	-0.1128843078	-0.1237924642	-0.1056719355	-0.0715049744	0.1091747162	0.0850733246	-0.0945209611	0.0958800356	-0.0994426172	-0.0921922982	0.0718048128	-0.0098427246	0.1924339406	0.0470810544	0.0066213518	-0.0649700759	0.1301158849	0.0712577957	-0.1796666551	-0.0547422618	0.0318168067	-0.0600346506	-0.0210719471	0.0202831304	0.101496681	-0.0167088426	0.0112248825	0.0218341748	0.0317280114	-0.0195686784	0.0751592071	0.0359923136	-0.0999753393	0.0453740045	0.0287737055	0.0808546794	-0.0690237709	0.0198733636	0.0182983118	0.0087770082	0.0737637141	-0.023324932	-0.0012845552	-0.0775776387	0.0837071323	0.0326623536	-0.0229397376	-0.147128824	-0.238492293	0.0396325752	0.0961766721	-0.02657672	0.0685998782	-0.0181384332	0.0010951197	-0.0464064865	-0.0401726317	0.0352340283	0.0034054804	0.0243788986	-0.0017817394	-0.0086612228	0.04029294	0.1194604391	0.0427369773	-0.0963900443	0.0297126593	0.0218697264	0.1035644154	0.0504888462	-0.1099618979	-0.0374991965	0.0013611893	-0.0123192174	0.0321750311	-0.145946382	0.1526649228	0.0288746339	-0.0290577554	0.0142223963	-0.0497048089	-0.0158168078	-0.022822482	0.1800974437	0.0812000591	0.0533577631	0.0773424353	0.063114177	0.0647772471	-0.023658539	-0.2895272732	-0.0992150768	-0.0060634014	0.0501607022	0.1668199236	0.0937469765	-0.0618092677	0.1094388693	0.0919753525	0.0649037979	-0.0505931539014028	-0.0055774967294582	3.110846976711696e-05	0.002559667221691	-0.0306382653729286	0.0043801286933843	1.918552737060847e-05	0.0009387033050619	0.0382273461468543	0.0186189514466833	0.0014613299934314	0.0003466653529739	0.0017600439423172	-0.0005969428261819	3.5634073773003414e-07	3.097754678887471e-06	0.0003868031460545	0.0004836742649518	2.339407945766977e-07	1.4961667379765885e-07	-0.000223339964311	9.104678363850002e-05	4.9880739658438753e-08	8.289516810915834e-09	0.0	0.0	0.0	1.0	0.0	0.0	0.0	0.0	0.0	0.0	0.0	0.0	0.0	0.0	0.0	0.0	0.0	0.0	0.0	0.0	0.0	0.0	0.0	0.0	0.0	0.0	0.0	0.0	0.0	0.0	0.0	0.0	0.0	0.0	0.0	0.0	0.0	0.0	0.0	0.0	0.0	0.0
1013447.6091779836	6091.871408011182	37110897.25174414	1027076056548.571	1522086.192378692	-1210.1331751053222	2316746377029.8647	1464422.3014904882	1040201.4131291691	0.1106731351464986	1082018979875.9204	0.0122485428431551	1082750.9541866288	1194902.533899309	1.877409	32.660187	0.0964913426695553	0.0542365025888205	-0.0006225764	0.0823823814	-0.1962678886	0.0665070045	0.1013526566	-0.0169821575	0.0945273475	0.2070410797	0.1497389833	-0.0088631866	0.077240122	-0.0265398922	-0.0707658454	-0.2017082658	0.1470910162	0.0592665363	-0.084641756	-0.0512441187	0.0388626884	-0.006221296	-0.0494543417	0.1037807006	-0.0278354914	-0.1018581106	0.1470416586	0.0429232217	0.0687770264	-0.0634644424	-0.1811294023	0.0552356133	-0.020942411	0.1817347888	-0.023965813	0.1067675418	0.0480867819	0.014415234	-0.0401121076	-0.0428155256	-0.0716222878	0.0272885066	0.0586256301	-0.1240744701	-0.13048007	-0.0118653552	0.0837905248	0.0512218583	0.2041258291	0.0800787518	-0.0071627687	-0.2068312113	-0.019833448	-0.0346126774	0.0957990178	-0.114557341	0.1342999469	0.0934084874	0.0092058265	0.1386053637	-0.0613171907	-0.1111986756	-0.1688253245	-0.0230869656	0.0860784257	0.0595938553	0.021705366	0.10364106	0.1040701636	-0.041757854	0.0162298345	-0.1585104632	0.0045556098	0.1246002208	-0.0227225856	-0.0241756241	0.0224732624	0.0358015129	-0.010690226	0.0585963251	0.165601682	0.135154419	-0.0067081442	-0.1175987769	-0.0123520623	0.1826515587	0.1395325225	0.0552714976	-0.0947920949	0.0665059714	0.0376137289	-0.0352250459	-0.021823726	-0.0019402087	-0.2612368162	-0.1765402317	0.044061076	-0.0627511873	-0.138841933	0.108643553	0.0889712056	0.0587790397	-0.0505432461074377	4.990779396510381e-05	2.4907878984632523e-09	0.002554619727077	-0.0309166887128213	-0.0002784233398927	7.751955619700631e-08	0.0009558416409654	-0.0004713739348432	-0.0386987200816975	2.2219338644956137e-07	0.0014975909359615	0.0009430617546092	-0.0008169821877079	6.674598950321496e-07	8.89365473006583e-07	0.0002762898272008	-0.0001105133188537	1.2213193644059569e-08	7.633606861464792e-08	-0.0004451302868293	-0.0002217903225183	1.981409722527349e-07	4.919094716277154e-08	0.0	0.0	0.0	0.0	1.0	0.0	0.0	0.0	0.0	0.0	0.0	0.0	0.0	0.0	0.0	0.0	0.0	0.0	0.0	0.0	0.0	0.0	0.0	0.0	0.0	0.0	0.0	0.0	0.0	0.0	0.0	0.0	0.0	0.0	0.0	0.0	0.0	0.0	0.0	0.0	0.0	0.0
1017963.2171554072	4515.607977423584	20390715.405771516	1036249111481.3868	1510761.5360627638	-11324.656315928323	2282400418846.7217	128247840.6738953	1043652.197543966	3450.784414796857	1089209909438.3496	11907913.077404888	1083148.421983885	1176361.7794598115	1.89223	32.918015	0.1008545577449901	0.0496024997605819	-0.0916990341	0.0290367035	0.013860398	0.2057427887	0.06405264	-0.2026506628	0.0461757152	0.0783317364	-0.1034368233	0.0352481407	0.0435922307	-0.19689025	0.064815741	-0.1374622005	-0.1161050367	-0.0771514302	0.0446658805	-0.0624142979	0.0461957485	-0.0597873329	-0.0922584621	-0.2156221532	-0.0727122694	0.0173070819	0.1040779211	0.193444506	-0.0843266698	-0.1406558684	0.0456450769	0.0359925294	0.1045199493	0.2664173637	0.1074452113	0.1115667708	0.11665842	-0.03847109	-0.0351173591	-0.0106426978	0.0065844081	0.2386328184	0.0035558606	0.1246336297	-0.0062849147	-0.002047828	-0.0563945882	0.1847951528	0.1689796964	-0.169032875	0.0823681186	0.0991598841	-0.0036192059	0.0343577549	0.00847454	0.1545712879	0.0864883835	0.0758345878	-0.3332181263	-0.0326170966	-0.0632039743	-0.0785030337	-0.1780680529	0.0904542311	-0.0471262593	0.0708921797	0.1170735442	0.0323813389	-0.0040166359	0.0420709245	-0.0094750035	-0.0765667388	-0.0306417312	0.1709133158	0.1938866158	-0.0159126416	0.0830302823	0.0405092068	-0.1072757851	0.0478764657	0.0543134678	-0.1276124905	-0.0649695439	-0.068786618	0.0140744742	0.1218280314	-0.0273064835	0.2561560927	-0.0693178652	0.2666124583	0.1628399812	-0.0064567817	-0.1021171435	0.1278379236	0.1250875676	0.0154438518	0.0325382375	0.1061103079	0.0710960716	0.1078005821	0.085810973	0.0524223074	-0.0285204106028373	0.0220228355046003	0.0004850052836626	0.0008134138209544	0.0014143705036815	0.0323310592165028	0.001045297390061	2.00044392168426e-06	0.0062905099049288	0.006761883839772	3.957051486400734e-05	4.572307306256973e-05	0.0012949702510421	0.0003519084964328	1.2383958986166438e-07	1.6769479510840394e-06	-0.0001458018539943	-0.0004220916811951	1.7816138733410593e-07	2.1258180628175177e-08	-0.0004659056928836	-2.07754060543e-05	2.1706811466134746e-07	4.316174967210449e-10	0.0	0.0	0.0	0.0	0.0	1.0	0.0	0.0	0.0	0.0	0.0	0.0	0.0	0.0	0.0	0.0	0.0	0.0	0.0	0.0	0.0	0.0	0.0	0.0	0.0	0.0	0.0	0.0	0.0	0.0	0.0	0.0	0.0	0.0	0.0	0.0	0.0	0.0	0.0	0.0	0.0	0.0
1016780.7414983258	-1182.475657081348	1398248.6795899654	1033843076281.8853	1529305.3988001056	18543.862737341784	2338775002799.15	343874845.22137314	1043112.2685718618	-539.9289721042151	1088083204845.136	291523.29491751426	1084599.2066365418	1238339.747156013	2.25399	39.211338	0.0741150809595102	0.0387106313945509	0.0342806829	0.0369251694	0.1424223232	0.0959664673	0.0159872597	-0.082722766	0.1106352434	-0.1758815871	-0.1784102215	-0.084134946	0.0751585031	-0.1155487378	-0.0396006839	0.0496986796	-0.1114694527	0.1223300199	-0.1012548123	0.0538778031	-0.0808808873	-0.0424390331	0.0121321875	-0.0834113093	-0.0918657298	0.1057246869	-0.0259698972	0.023387263	0.0058459104	-0.0878634208	0.0272644543	0.0461166637	-0.0149807533	-0.0627200711	-0.0320290102	0.0193292314	0.1408239972	0.0083747866	-0.0390088482	0.1148583333	-0.0047544761	0.0430392123	-0.0495180908	-0.1507750694	0.0993796003	-0.0730263323	0.0297257799	0.1426029739	-0.0791126014	0.0247614689	0.1132506389	0.0945943116	-0.0161026371	-0.0962045507	-0.0340906046	-0.0818819104	-0.1114448161	-0.0458198324	-0.025529491	-0.0938046637	0.0526929876	0.0569102404	-0.0734152831	-0.0299845452	0.1160313403	0.080020127	0.0008381705	-0.0789178946	-0.001818935	-0.0415494869	-0.0667020505	0.1088716509	-0.0676912208	0.0207387196	0.0759234697	-0.0381295064	0.0638218446	0.1072316122	0.1181687357	-0.0935900596	0.1010579314	-0.065320832	0.0617312183	0.053826011	0.0295629189	0.1659894728	-0.1151232151	0.0535336566	0.0337314952	-0.0825436218	-0.0539909376	-0.2106155753	-0.0632869653	0.0525003314	-0.0692870626	-0.0012731468	-0.067104778	0.0209827865	-0.1311701664	0.1069103263	0.0825001988	0.0458586883	-0.016768242368883	0.0117521682339543	0.0001381134581991	0.0002811739521416	-0.0008693243716351	-0.0022836948753165	5.2152622835473005e-06	7.557248631187614e-07	-0.0045963075421155	-0.0108868174470443	2.112604302170783e-05	0.0001185227941252	0.0013570390243708	6.20687733287001e-05	3.8525326225295525e-09	1.841554913665253e-06	0.0004703911420935	0.0006161929960878	3.796938084276596e-07	2.212678265600273e-07	-0.0001603194542362	0.0003055862386474	2.5702327406593026e-08	9.338294925066573e-08	0.0	0.0	0.0	0.0	0.0	0.0	1.0	0.0	0.0	0.0	0.0	0.0	0.0	0.0	0.0	0.0	0.0	0.0	0.0	0.0	0.0	0.0	0.0	0.0	0.0	0.0	0.0	0.0	0.0	0.0	0.0	0.0	0.0	0.0	0.0	0.0	0.0	0.0	0.0	0.0	0.0	0.0
1014250.348321094	-2530.39317723189	6402889.6313817	1028703769069.4604	1533853.7518459917	4548.35304588615	2352707332052.025	20687515.43002181	1040314.4024408732	-2797.8661309885792	1082254055925.9113	7828054.886933002	1085212.8811792247	1222170.2021600758	1.442153	25.088287	0.115203330132911	0.0572876462154179	0.1024265196	-0.0269166397	0.1126985532	0.0122617628	-0.1621866426	0.0324957881	0.139890013	-0.1044810993	0.0814765504	0.1131323888	0.1104317785	-0.0541621446	-0.0058323541	0.0840949061	-0.0996672343	0.1381269123	-0.0883173412	-0.1125499299	-0.1135238751	0.0365262155	-0.1521762022	-0.0097518651	0.0459653106	-0.0455099282	0.0151600984	0.022038789	-0.0132392668	0.0228263898	0.0221475243	-0.1289823038	0.0033520708	-0.0034838646	-0.0125676646	0.1193491463	0.0648255032	-0.1316402266	0.0018357499	0.0746470477	0.1184114916	0.1265171046	-0.0374111209	-0.0933276751	0.1363231766	0.1564834041	0.0716093681	0.0972634765	-0.1212461711	0.0107829335	-0.025820401	0.0221870776	-0.2003967495	0.0196181875	0.0723100585	-0.1607414598	0.0324177833	0.084804209	-0.0110711091	-0.0644966986	0.0075863423	-0.0289444837	0.0239097445	0.0807210039	0.0323762031	-0.0524917083	0.0241813513	-0.026405188	0.0209780883	0.0069604907	0.1718227709	-0.0358170569	0.0407454128	-0.016511721	0.1446225131	-0.1097683325	0.1061600476	0.045511543	0.0889579297	-0.0247389011	-0.1155415944	0.0057984666	-0.0591824952	0.1528567728	0.0390138074	0.2352775465	-0.008709074	0.0148665569	0.0080230184	-0.0360805991	0.0762869545	0.0212845484	0.0443768631	0.1161340748	-0.0364169927	-0.0248607244	-0.0236844639	0.0388519211	0.0992885885	0.105973176	0.0790446912	0.0391140859	-0.0104718591342702	0.0062963832346128	3.964444183711316e-05	0.0001096598337279	-0.0312235207325102	-0.0303541963608751	0.0009213772367145	0.0009749082469334	-0.0371457887166286	-0.0325494811745131	0.0013798096193804	0.0010594687247299	0.0016899916086735	0.0003329525843026	1.1085742339384646e-07	2.856071637386844e-06	-0.0001141376995754	-0.0005845288416689	3.41673966742786e-07	1.3027414464364266e-08	-0.0001629034155228	-2.5839612866000023e-06	2.653752278899404e-08	6.676855930647539e-12	0.0	0.0	0.0	0.0	0.0	0.0	0.0	0.0	0.0	0.0	0.0	0.0	0.0	0.0	0.0	0.0	0.0	0.0	0.0	0.0	0.0	0.0	0.0	0.0	0.0	0.0	0.0	0.0	0.0	0.0	0.0	0.0	0.0	0.0	0.0	0.0	0.0	0.0	0.0	0.0	0.0	0.0
1012265.543583444	-1984.8047376499744	3939449.846597784	1024681530726.2852	1528353.5953322784	-5500.1565137133	2335864712365.102	30251721.675342847	1037068.0426015768	-3246.359839296434	1075510124985.4658	10538852.20619677	1080051.298916594	1218027.640972034	1.359261	23.646269	0.1527811870551102	0.1015104945319944	0.0029532718	-0.0194797201	0.0950266306	-0.1030917051	-0.0284670381	0.1036778018	-0.0800307067	-0.0980832353	-0.1535663665	-0.0531774108	-0.0546394569	0.0520523913	0.0069484868	0.1372165058	0.0034330825	-0.1769040659	-0.1358149664	0.0715427939	-0.1282894637	0.114284722	-0.1425226639	-0.1445786357	0.09695959	-0.0900385989	0.0528213941	-0.2073849276	0.0966443314	-0.014759718	-0.2024983639	-0.063966383	-0.0358662957	0.1368113687	-0.0163507989	-0.0262777438	-0.0521798129	0.1164874557	-0.1079986016	-0.0576498833	0.1402470157	0.0117629956	-0.1752430128	-0.1398102337	0.023076123	-0.0283907507	-0.0202950602	-0.0647470562	-0.154326234	0.02335717	-0.0041195782	0.1007049929	0.204958301	0.0188122652	0.0885628537	-0.1267287408	0.0456037454	0.1302686059	0.0297956873	-0.0305486611	0.1215986425	-0.0896601065	0.1215499039	0.255919042	0.1042978594	0.2031192141	-0.069729575	-0.0142077087	0.0520165319	0.0191843012	-0.0421856001	-0.1444346969	-0.0818643521	0.1281659246	-0.0336802335	-0.1276397837	0.1443516924	-0.0988446339	-0.2082299094	-0.0663719915	-0.1041444014	-0.1016723922	0.0217950474	0.0819087352	0.0661807357	0.1943718618	0.0706703056	-0.0546115422	-0.0179132989	-0.1174732219	-0.0912498286	0.0923649636	0.1497476256	-0.2485167777	0.1795428939	-0.1192330732	0.1169810496	-0.0662158888	-0.2725801145	0.1049895425	0.0754505123	0.032215118	-0.0124732020337319	-0.0020013428994617	4.005373401225768e-06	0.0001555807689742	-0.0315175815068471	-0.0002940607743369	8.647173900361863e-08	0.0009933579440407	-0.0006973786802006	0.036448410036428	4.863370235983307e-07	0.0013284865941835	-1.1993173540419148e-05	-0.0017019847822139	2.896752198887761e-06	1.4383621157060998e-10	-0.0005029999967349	-0.0003888622971595	1.512138861521633e-07	2.530089967153094e-07	2.6996972001453803e-05	0.0001899003875242	7.288364972472804e-10	3.6062157181861775e-08	0.0	0.0	0.0	0.0	0.0	0.0	0.0	0.0	0.0	0.0	0.0	0.0	0.0	0.0	0.0	0.0	0.0	0.0	0.0	0.0	0.0	0.0	0.0	0.0	0.0	0.0	0.0	0.0	0.0	0.0	0.0	0.0	0.0	0.0	0.0	0.0	0.0	0.0	0.0	0.0	0.0	0.0
1010414.7828730582	-1850.7607103857445	3425315.2071075453	1020938033448.4094	1520895.0359968354	-7458.559335442958	2313121710519.8154	55630107.3603233	1040816.2168738628	3748.174272286007	1083298397307.6198	14048810.37542674	1084285.0795405053	1201942.0863099268	1.480922	25.762726	0.1022426971057904	0.0540915256178783	0.0569347833	-0.0084663891	-0.0629347036	-0.0751816993	-0.0960272809	0.0254874974	-0.0554128757	0.0732313848	0.058876757	0.1016762446	0.0497940499	-0.1213902712	0.2147274129	-0.1011757486	0.072882136	0.0492161333	0.03977425	-0.1125581656	-0.1041555203	-0.0733428567	0.040375125	0.1306827494	-0.0808662648	0.014005197	-0.1182917397	-0.0483570641	0.1095160968	0.0642652788	-0.0896220831	0.010263511	0.0175411259	0.0127619665	0.0526898016	0.0341308345	0.0257239032	-0.0023292026	-0.0111642542	-0.0724002314	0.072839899	-0.0735179124	-0.0675091225	-0.0953806286	-0.009844402	0.1041222825	0.0047918059	0.1121379294	0.0150383688	-0.1953461441	-0.0880953291	-0.1489880325	-0.0298760584	0.0057397355	0.1009346611	-0.0135352397	-0.1920850921	-0.0974754942	0.1066827247	-0.0242048238	0.0613595831	-0.0760598191	-0.0504845103	-0.1020859246	-0.0580450428	0.0250684388	0.0410430127	0.1398446265	0.0860230808	-0.0375886005	-0.0656787443	-0.0738659602	-0.0097942468	0.067092494	-0.034856681	-0.1033441385	0.1108634021	-0.0981505076	0.0811085159	-0.1069714263	0.0959066896	0.0459564935	0.0097473291	0.0758297748	0.0345288117	0.073082499	0.0219038477	-0.0034844731	0.0485910667	0.06439127	-0.0978477857	0.0364676628	0.0193607887	0.0203287583	0.0084392893	0.0561007873	-0.0903545216	0.0529451655	0.0209013876	0.103959857	0.0717239676	0.0251890118	-0.002592061680076	0.0098811403536559	9.763693468864704e-05	6.718783753318416e-06	0.0030451203336383	0.0345627018404854	0.0011945803585142	9.272757846337433e-06	0.0035034736429935	0.0042008523231941	1.2274327567150149e-05	1.7647160241285263e-05	0.0006440001462135	0.0006559933197539	4.303272355617677e-07	4.147361883230094e-07	-0.0001039967590312	0.0003990032377037	1.592035836980353e-07	1.0815325888993481e-08	1.0033477689972976e-05	-1.6963494311480826e-05	1.0067067455518546e-10	2.8776013925564235e-10	0.0	0.0	0.0	0.0	0.0	0.0	0.0	0.0	0.0	0.0	0.0	0.0	0.0	0.0	0.0	0.0	0.0	0.0	0.0	0.0	0.0	0.0	0.0	0.0	0.0	0.0	0.0	0.0	0.0	0.0	0.0	0.0	0.0	0.0	0.0	0.0	0.0	0.0	0.0	0.0	0.0	0.0
1010914.8964261544	500.113553096191	250113.5659904967	1021948927816.3024	1521229.9202267933	334.8842299578246	2314140470193.216	112147.44747444511	1037580.777175561	-3235.439698301838	1076573869164.2412	10468070.041347489	1079723.2032066635	1190377.0286684046	1.257132	21.869589	0.08732363360345	0.042213877895295	-0.0838104089	-0.0032365479	-0.02744819	-0.0308638829	0.0883282521	0.0269711563	-0.0617036195	-0.0329987006	-0.0459382656	-0.1005840887	-0.0280219474	0.0808735316	0.0929681875	0.0566717811	-0.0271996196	-0.0426174199	0.0762559726	-0.0147239555	-0.1693226353	0.0082892279	-0.01700549	0.1403959641	0.0642358722	0.188204469	0.0673037662	-0.1833343472	-0.0620526517	0.0877372021	-0.1183470846	0.1004017372	0.0489459495	0.0277357332	-0.0200376067	0.0501733208	0.0528538722	0.0353167046	-0.0590769826	-0.0247665298	-0.0400466559	0.0702419866	-0.0095490959	0.0485768208	-0.0347711001	-0.1093680331	0.0145989999	-0.076982318	-0.0277669868	-0.062873597	-0.1112377676	0.0782327076	0.0183238442	0.0057633189	-0.0011919255	-0.0986084339	-0.0163921299	-0.0117641746	0.0170594259	0.0256778298	0.2560449534	-0.0312981812	0.1294015738	-0.1678744076	-0.0226603851	0.0969221807	-0.0391183656	-0.0776214647	0.0774558737	-0.0290325437	-0.0874284823	0.0243205917	-0.0110520229	0.1023467504	0.0989121896	-0.0739043423	0.1125952465	-0.1026426693	-0.0535348971	0.0645953137	0.0656150281	0.0122717004	-0.0276729439	0.069442461	0.0872496624	0.1132175775	0.0434138711	-0.0172082679	0.0322964539	-0.0753319346	-0.0627823579	-0.0448365686	0.0136461299	-0.0432778734	0.0364093049	0.1617666126	-0.0468063413	-0.0519553933	0.0117998115	0.1028845713	0.0678715947	0.0180634961	0.0087720716265948	0.0113641333066708	0.0001291435258117	7.694924062210953e-05	-0.0223968527908624	-0.0254419731245007	0.0006472939964678	0.0005016190149355	0.0134229404631867	0.0099194668201932	0.0001801753306782	9.83958219969138e-05	0.0001799928892607	-0.0004640072569527	2.1530273450486173e-07	3.2397440184414614e-08	0.0001790067939075	0.0002830035529387	8.00910109759276e-08	3.2043432265042184e-08	7.498387484018015e-05	6.495039715020718e-05	5.622581486047802e-09	4.218554089969641e-09	0.0	0.0	0.0	0.0	0.0	0.0	0.0	0.0	0.0	0.0	0.0	0.0	0.0	0.0	0.0	0.0	0.0	0.0	0.0	0.0	0.0	0.0	0.0	0.0	0.0	0.0	0.0	0.0	0.0	0.0	0.0	0.0	0.0	0.0	0.0	0.0	0.0	0.0	0.0	0.0	0.0	0.0
1010710.6092231044	-204.2872030499857	41733.26132998608	1021535935596.1388	1516140.2023338608	-5089.717892932473	2298681113132.9604	25905228.22963697	1037052.5559808976	-528.2211946633179	1075478003866.5128	279017.63049154275	1079206.947626307	1195328.7826042797	1.190176	20.704794	0.0450050297039837	0.0274460012094121	0.0584872695	0.0296058456	-0.0881700339	-0.0149411101	-0.0720952946	-0.0757772106	-0.0438442412	0.0482562079	0.0770241447	0.0691014515	-0.0879659812	0.0404021519	0.0721408026	-0.1327182942	-0.0919218164	-0.0780896341	0.0181334384	-0.0436479229	-0.1316883113	-0.0967214738	-0.0499022215	-0.0133162099	-0.0699619204	0.0733015624	0.0158497733	-0.0051536245	0.0616648673	0.0658736046	0.0396963323	0.0264975366	0.0582147901	-0.0997054328	0.045925623	0.0356874302	-0.0852971423	0.0797825641	0.0474585727	-0.0131777569	-0.0693000686	-0.0849621353	0.1514521679	0.0635288222	-0.0381872316	0.0532079295	-0.0813242361	-0.0666731548	0.0893143434	-0.104602438	0.026106693	0.0455129121	-0.065847709	-0.0632227745	0.0883490245	0.009698815	-0.1339372309	0.1323983588	0.0094145118	-0.029187598	0.1524301498	0.0556799962	-0.0297460855	-0.0432440042	-0.0952108434	-0.0403759028	0.0618998051	-0.0416991189	0.0467120805	0.0006624445	-0.0152170973	-0.0285458758	-0.0603854996	-0.0736698637	0.0372248646	-0.0908308263	0.1242935571	-0.0627885234	-0.1491974814	-0.072110536	0.0768024952	0.0754361749	-0.0172991102	0.0518375154	0.0906496414	0.0593067705	0.0452547824	-0.0484817667	0.0060320102	-0.0019341522	-0.0618776209	0.0034762351	0.0432984957	0.052323588	0.0236318325	0.0066745525	-0.189778477	0.0313085662	0.0872777164	0.1017641571	0.063900152	0.010866692	0.0086967634340311	-7.530819256369899e-05	5.6713238672111675e-09	7.563369422750042e-05	-0.0067743536077955	0.0156224991830669	0.0002440624807249	4.589186680345191e-05	0.0134342551180708	1.131465488410019e-05	0.0001804792105774	1.2802141514629228e-10	0.0001070464278432	-7.294646141750001e-05	5.321186233334818e-09	1.1458937713989424e-08	0.0002599808327607	8.097403885320002e-05	6.556794968199547e-09	6.759003340294707e-08	-0.0003570137783585	-0.0004319976531986	1.2745883793781216e-07	1.8662197236916718e-07	0.0	0.0	0.0	0.0	0.0	0.0	0.0	0.0	0.0	0.0	0.0	0.0	0.0	0.0	0.0	0.0	0.0	0.0	0.0	0.0	0.0	0.0	0.0	0.0	0.0	0.0	0.0	0.0	0.0	0.0	0.0	0.0	0.0	0.0	0.0	0.0	0.0	0.0	0.0	0.0	0.0	0.0
1011982.187517992	1271.5782948875567	1616911.360029146	1024107947853.7004	1533016.27782173	16876.075487869093	2350138908066.391	284801923.87225604	1043082.7599681624	6030.203987264773	1088021644142.7992	36363360.12802397	1086371.2213087978	1194529.8793760156	1.289389	22.430746	0.0856828762914714	0.0392530138127369	-0.0730601869	-0.0900870803	0.0201321222	-0.0257933264	0.0718154229	0.097352576	0.0291844067	-0.0308395498	0.0147541202	-0.0824500205	0.1157737475	-0.0340359216	0.0024705006	-0.0576144071	0.020052507	0.0849222295	0.0118358067	0.0732585683	-0.0554920955	-0.0645825009	-0.0518158077	0.1164069011	-0.1022415325	0.0682878238	-0.0187384026	-0.1340559155	0.0184234203	-0.0078157376	0.0183254251	-0.0712492943	0.0401055232	-0.0517273311	0.1188799239	0.0038633844	-0.1926130642	0.0544224556	0.1468121311	-0.1076551886	0.0215826237	-0.0610317079	0.0178673595	0.0976735157	0.0090654012	-0.0562770861	0.1145481044	0.0660506527	0.0002168359	0.0172146567	-0.0244966919	-0.0457918434	-0.0009235921	-0.1457906944	0.0040579237	-0.0123624893	-0.1027985269	0.0306509485	-0.0327314632	-0.070683412	0.0370228026	0.0258364516	0.009389108	-0.1555190514	-0.1391553418	0.03036473	-0.0584248055	0.0051712296	0.0337995685	0.0789612817	-0.0544353384	-0.0983193849	-0.0081649201	-0.1036170746	-0.1489968562	-0.0469678403	0.0665063986	-0.1018927759	0.0326494002	-0.0511840879	0.1387131551	-0.1396076269	-0.0619139034	0.1094278858	0.0947635104	0.0253971629	-0.0167183057	-0.0193568686	0.0399742651	-0.0252119587	0.0315137888	0.1391228258	0.0250500459	0.0370517368	0.0780532877	0.0830094859	-0.0189746623	-0.0099158041	0.0190634517	0.1005991057	0.0598166067	0.003627002	-0.0116304164742615	-0.0203271799082926	0.000413194243024	0.0001352665873647	-0.0268142914582227	-0.0200399378504272	0.0004015991090489	0.0007190062264065	0.0071107550171092	-0.0063235001009616	5.056283691334366e-05	3.998665352686137e-05	0.0005310760534047	0.0004240296255615	1.7980112335382594e-07	2.820417744999119e-07	0.0005399256110789	0.0002799447783181	7.836907890762612e-08	2.915196654989236e-07	-0.0002811430136024	7.587076475609999e-05	7.904139409743928e-08	5.756372944675464e-09	0.0	0.0	0.0	0.0	0.0	0.0	0.0	0.0	0.0	0.0	0.0	0.0	0.0	0.0	0.0	0.0	0.0	0.0	0.0	0.0	0.0	0.0	0.0	0.0	0.0	0.0	0.0	0.0	0.0	0.0	0.0	0.0	0.0	0.0	0.0	0.0	0.0	0.0	0.0	0.0	0.0	0.0
1012203.8963978464	221.70887985441368	49154.82740629884	1024556727882.9822	1516050.7130472043	-16965.564774525585	2298409764530.9365	287830388.1186234	1041403.5218693148	-1679.2380988475634	1084521295361.8124	2819840.592621179	1084092.412674216	1190614.5180373103	1.286181	22.374941	0.0705434694530675	0.0366683900913488	-0.0135691276	0.0972624143	-0.0703324513	-0.0361276096	0.0116559694	-0.0772579671	-0.0812992265	0.0343948723	0.1474459612	0.0207170634	-0.0328884023	-0.1188012021	0.0779826097	-0.091650623	0.0407947459	-0.0523048387	0.0048778378	0.010114648	-0.0131477522	-0.1038613333	-0.1713363445	-0.0308225952	-0.0204303334	0.1668288522	0.0681433669	0.010117794	-0.0496372624	0.1119465962	0.0137043219	0.0117762683	-0.0471264575	-0.1141576492	0.0233872236	-0.0778858818	0.0409733237	-0.0099912241	0.0021697412	-0.0030957692	-0.0454827394	-0.0543140957	-0.0237268588	0.0354350769	0.0041511702	0.0053940434	-0.0710126738	0.0997153579	0.0514459261	-0.0694803368	-0.0780928619	-0.064128222	0.0103679909	-0.0249395113	-0.0616663115	0.0165372948	-0.0995436411	0.2062254335	-0.0846424311	-0.0206263727	0.034074133	0.0116828038	0.0464341943	-0.0641401615	0.0163192357	0.0189991234	0.0700734085	-0.012813602	-0.0762843201	-0.0255953742	-0.038672226	0.0606939673	0.0616179179	-0.0679440928	-0.0059485694	-0.0376651303	0.1331854254	-0.0687731157	-0.008459228	0.0660224664	0.062539665	0.098307245	0.0307774893	0.0693027989	0.0826747725	0.051121384	0.0688965572	0.0459467366	-0.0195787732	0.0679444774	0.0227151966	0.1601084285	-0.0123983934	0.1422295713	0.0837748524	0.0378312384	-0.0532613851	0.0211456531	-0.0423200444	0.0993899282	0.0556281227	-0.003627002	-0.0118094508513877	-0.0001790343771262	3.205330819296697e-08	0.0001394631294113	0.0042179424432191	0.0310322339014418	0.0009629995409137	1.779103845430911e-05	0.0026854642198514	-0.0044252907972578	7.211718076102088e-06	1.9583198640294574e-05	0.0002780336638404	-0.0002530423895643	6.4030450916411e-08	7.730271822851654e-08	0.0007899883235029	0.000250062712424	6.253136014484814e-08	6.240815512709225e-07	-8.610990804586513e-05	0.0001950331055565	7.414916263667347e-09	3.803791226302647e-08	0.0	0.0	0.0	0.0	0.0	0.0	0.0	0.0	0.0	0.0	0.0	0.0	0.0	0.0	0.0	0.0	0.0	0.0	0.0	0.0	0.0	0.0	0.0	0.0	0.0	0.0	0.0	0.0	0.0	0.0	0.0	0.0	0.0	0.0	0.0	0.0	0.0	0.0	0.0	0.0	0.0	0.0
1015197.6614555063	2993.765057659941	8962629.220465628	1030626291824.7288	1526748.553665612	10697.840618407588	2330961146120.0376	114443793.8968512	1042611.9223013947	1208.400432079914	1087039620525.0096	1460231.6042509228	1083243.3736389372	1182518.3118736458	1.387895	24.144398	0.1160688207147396	0.0684039870948778	-0.0894105012	-0.0583403253	-0.054608328	0.1273916978	0.1391836079	-0.0094138384	0.0214486067	0.0144654783	-0.0323119282	-0.112351691	0.0484924009	-0.0345347526	0.0868834301	0.0141988595	-0.0538615507	-0.0832010915	-0.0068388564	0.1127024084	-0.0496811574	0.0771973295	-0.033053931	-0.0200984152	0.0225984028	0.1056647945	0.082300126	0.0393760626	0.0670142343	-0.1669367997	0.0675601216	0.0624967067	0.075454386	-0.0438959277	0.1234083999	-0.0175103839	-0.1102776674	0.041370302	-0.0098310127	-0.0171988689	0.0353788357	-0.090018714	0.0344790746	0.0203362064	0.0463623781	-0.1126676076	0.0366221589	0.0493534595	0.0284244953	-0.1101267346	-0.008176328	0.1402904764	0.1065490151	-0.0511261286	-0.0218403104	-0.0980840079	0.130361686	-0.0271803293	-0.0510583645	-0.0052786468	0.1001785154	-0.0198780311	-0.079813679	-0.0441578985	0.0426931862	-0.0380142951	0.086127594	-0.0067073736	-0.041637477	-0.0605203439	-0.0949714742	0.0099230578	-0.0309348277	-0.1622792293	-0.050994336	-0.0335319172	0.1722187137	-0.0361216766	-0.123459799	0.0413766155	0.0576998324	-0.0169430631	-0.0696467165	-0.1296292395	0.1092745256	0.020976419	-0.0880642727	0.0215471628	0.0595182274	-0.0774809573	0.053834059	-0.0821012333	-0.1340824351	-0.0505664071	0.0188232193	0.0978016368	-0.0306566895	-0.0409538031	-0.0520792185	0.098137155	0.0513420481	-0.010866692	-0.0117681111205598	4.133973082790128e-05	1.7089733449233314e-09	0.0001384884393458	0.0663641883656964	0.0621462459224772	0.003862155882257	0.0044042054974376	0.0135250635747041	0.0108395993548527	0.0001829273446997	0.0001174969141737	0.0001231463119221	-0.0001548873519182	2.3990091784263307e-08	1.5165014140015147e-08	0.000539966356456	-0.0002500219670468	6.251098400600111e-08	2.915636661043681e-07	-0.0005420333032123	-0.0004559233951664	2.938001017912372e-07	2.0786614226008917e-07	0.0	0.0	0.0	0.0	0.0	0.0	0.0	0.0	0.0	0.0	0.0	0.0	0.0	0.0	0.0	0.0	0.0	0.0	0.0	0.0	0.0	0.0	0.0	0.0	0.0	0.0	0.0	0.0	0.0	0.0	0.0	0.0	0.0	0.0	0.0	0.0	0.0	0.0	0.0	0.0	0.0	0.0
1017410.435955438	2212.774499931605	4896370.987547567	1035123995191.0344	1521228.6815005275	-5519.872165084351	2314136701419.833	30468988.718873	1041498.5040554882	-1113.4182459065923	1084719133949.8196	1239700.190317713	1083410.3381424216	1213385.4474158655	1.54386	26.857622	0.1536468376614298	0.0875945604177794	0.1001950345	0.044796785	0.0221696252	0.153515375	-0.0809803388	-0.1169443757	0.1641024267	0.0381405145	-0.033281026	0.094417362	0.0661769432	-0.0935021135	-0.0128817343	-0.04808763	0.0554070487	0.0907810236	-0.0824733625	-0.0999155041	-0.163071292	0.0622142492	-0.0060860175	0.0825892996	0.042572766	-0.0572622197	-0.0765299966	-0.0246375952	-0.0060241182	-0.0446141031	0.0041870456	-0.0132017341	-0.0091089285	-0.0451264763	0.0571531524	0.0006334686	-0.0992358784	-0.0189428732	0.0260033281	-0.0356763126	0.057427292	-0.0239708516	-0.1045001397	0.0307307374	0.0355776889	0.0915019743	0.0150575648	0.1151879515	0.0820982602	-0.0118353941	0.0399692982	-0.0849266222	-0.0899855059	0.0359170659	0.0623384742	-0.1701915879	-0.0430421197	-0.1058074393	0.0510044896	-0.1360153765	0.052853463	-0.0146014012	0.0180672634	0.0400073581	-0.0702832981	-0.0391952441	-0.0164780961	-0.035909131	0.051579138	-0.0346914956	-0.0336632327	0.0365912077	0.0731828031	-0.0509684328	0.0032583023	-0.0652759738	0.1292008961	0.1121017718	0.042399264	-0.0464177683	0.1410048371	0.0082685686	-0.0377079977	0.069697262	0.068855495	-0.0164488062	-0.0611958191	0.0251795655	-0.0217204735	-0.0847908231	0.133679669	0.1080046392	-0.0089424435	0.0542304349	-0.0783316036	-0.0707772393	0.0179295164	-0.0702638914	0.0283207656	0.0968413356	0.0469659021	-0.0180634961	-0.0117094692972443	5.864182331549901e-05	3.4388634417662034e-09	0.0001371116712231	0.0033841103497991	-0.0629800780158972	0.0039664902268885	1.1452202859617386e-05	-0.0290805201265129	-0.042605583701217	0.0008456766508285	0.0018152357625214	0.0009091933788201	0.000786047066898	6.17869991378949e-07	8.2663260009031e-07	0.0005391749464604	-7.914099956000649e-07	6.263297811356948e-13	2.907096228905752e-07	-0.0007152455087387	-0.0001732122055264	5.115761377708818e-07	3.000246814331983e-08	0.0	0.0	0.0	0.0	0.0	0.0	0.0	1.0	0.0	0.0	0.0	0.0	0.0	0.0	0.0	0.0	0.0	0.0	0.0	0.0	0.0	0.0	0.0	0.0	0.0	0.0	0.0	0.0	0.0	0.0	0.0	0.0	0.0	0.0	0.0	0.0	0.0	0.0	0.0	0.0	0.0	0.0
1018270.5659115174	860.1299560794141	739823.5413451749	1036874945401.7618	1526165.258570675	4936.577070147498	2329180396468.095	24369793.16950605	1044665.1735521528	3166.669496664661	1091325324832.7496	10027795.701106418	1086594.229992378	1229929.5579250746	1.433669	24.940701	0.1259524654419087	0.0840345930324234	-0.0319280973	0.020386736	0.1665300425	0.0337282078	0.0190301349	-0.0153579167	-0.0297684598	-0.1889079055	-0.0794299662	-0.0848834074	0.0713677405	-0.1590881249	0.1687992873	0.0817328234	0.0228841674	0.0784504648	0.0249995843	0.030220606	-0.1110732627	0.0726845987	-0.071083479	0.0100956559	0.1646593743	0.1068187282	-0.0307459243	0.0963688616	0.0117571915	0.0080460498	0.0968329604	-0.0355823515	-0.1901540764	-0.0479217591	0.0703968112	0.0479712344	0.0387408268	0.0660088611	0.097830394	-0.0036000397	-0.2286061823	0.031745225	0.0888113683	-0.0243503727	-0.0222850003	-0.0574260499	0.0089927221	0.1619048952	-0.1317058824	-0.151500216	-0.0165636089	-0.0350075995	0.0195730171	-0.0432281502	-0.0692597696	-0.0710212011	0.0552424416	-0.0611440765	-0.1251832362	-0.1220970178	0.129683419	0.0870119267	0.1635566585	0.0644158964	-0.0681493466	-0.0930802235	0.1141965798	0.0109500229	0.022636476	-0.0291195368	0.0057058724	-0.0251887599	0.0584692964	-0.0123891668	0.0417206944	-0.0100103692	0.201911306	-0.0118242396	-0.0112299825	0.0669275598	-0.0652765556	-0.0689919824	0.0399947977	0.0323551297	0.0690805695	-0.0183746104	-0.1653144168	0.0462345447	-0.0088802814	-0.0045107383	-0.084649198	-0.0660556626	-0.1100938264	0.0217793715	0.1225933897	0.0614992568	-0.0380182304	-0.0467173092	0.2001019762	0.0955030384	0.0425073619	-0.0251890118	-0.0115853304147464	0.0001241388824979	1.541046214782754e-08	0.0001342198808188	0.0833448210184997	0.0799607106687006	0.0063937152506436	0.0069463591906057	-0.0111821560548577	0.0178983640716552	0.0001250406140351	0.0003203514364415	0.0006002607598956	-0.0003089326189245	9.543936303555036e-08	3.603129798704432e-07	0.0005392104516219	3.5505161499987774e-08	1.260616493140214e-15	2.907479111382933e-07	-0.0009656624210338	-0.0002504169122951	9.3250391139686e-07	6.27086299634118e-08	0.0	0.0	0.0	0.0	0.0	0.0	0.0	0.0	0.0	0.0	0.0	0.0	0.0	0.0	0.0	0.0	0.0	0.0	0.0	0.0	0.0	0.0	0.0	0.0	0.0	0.0	0.0	0.0	0.0	0.0	0.0	0.0	0.0	0.0	0.0	0.0	0.0	0.0	0.0	0.0	0.0	0.0
1014392.166426452	-3878.399485065369	15041982.56575532	1028991467307.3508	1525637.928698576	-527.3298720989842	2327571089483.6816	278076.794007931	1038586.0275924804	-6079.145959672402	1078660936710.3284	36956015.59900129	1081192.379927047	1248115.0689328278	1.928324	33.545929	0.1465330789304719	0.0824230687642956	0.1658425007	0.0600965213	0.000846085	-0.0630481669	-0.1416314195	0.0156516958	-0.0142451117	0.0072066549	0.121240636	0.0472268153	-0.1318631963	-0.0720958737	-0.0654299446	0.0355626784	0.088713711	-0.0115933227	-0.0946715639	0.2044883285	-0.1015824046	-0.0344094202	0.0057289472	-0.0437539426	-0.0461291707	-0.115778811	-0.0164071738	-0.0218530186	0.0253617987	-0.0534027147	-0.1280846326	-0.1654005932	0.0299736585	-0.036206461	0.076573703	0.0630231762	-0.089868545	-0.1184289909	0.1510933131	-0.0634614915	-0.2117180219	0.0193873653	0.1005589576	-0.0739228926	0.129779047	0.0675976672	-0.1299399518	0.0032422366	-0.0566022704	0.1019572072	0.025702985	-0.0554642169	0.2005788434	-0.1100935345	0.1356661891	-0.044914852	-0.0538422125	-0.0189448575	-0.0168546209	0.0562798972	-0.0009038282	-0.0590697891	-0.1271686017	0.0537398081	-0.0683803486	-0.0340477202	-0.0532189252	0.0576425905	0.1521350663	0.0993202675	0.103149041	-0.087445556	0.0862209352	-0.1019129237	-0.1067894312	-0.016314578	0.0494877633	0.0421524047	-0.1193094087	-0.2090843261	0.1260742183	0.008284282	0.1108026162	0.0300567902	0.0339150158	-0.0255902291	-0.0821498516	-0.0378620955	0.0196351461	0.0074049852	-0.1605029751	0.0850673861	0.023611262	0.0726828405	0.0604881624	0.0134820877	0.0823540476	-0.1734600115	-0.0727041402	0.0941228505	0.0379742494	-0.032215118	-0.0281663894346309	-0.0165810590198845	0.0002749315182208	0.0007933454937832	0.01031922521544	-0.0730255958030597	0.0053327376423918	0.0001064864090469	0.0074706478157651	0.0186528038706228	5.581057878719586e-05	0.0003479270922359	0.0007110841838658	0.0001108234239702	1.22818313004787e-08	5.05640716544091e-07	0.000539889076693	6.786250711000733e-07	4.605319871255795e-13	2.9148021513242005e-07	-0.000311692065337	0.0006539703556968	9.71519435940447e-08	4.2767722613019915e-07	0.0	0.0	0.0	0.0	0.0	0.0	0.0	0.0	1.0	0.0	0.0	0.0	0.0	0.0	0.0	0.0	0.0	0.0	0.0	0.0	0.0	0.0	0.0	0.0	0.0	0.0	0.0	0.0	0.0	0.0	0.0	0.0	0.0	0.0	0.0	0.0	0.0	0.0	0.0	0.0	0.0	0.0
1009985.8231180372	-4406.343308414798	19415861.35161187	1020071362899.4192	1531130.0238660336	5492.095167457592	2344359149984.001	30163109.32841103	1036230.1782519708	-2355.8493405096237	1073772982320.1112	5550026.115179627	1081433.440167683	1216561.3984417322	1.962369	34.138187	0.071573891412432	0.0386257668719323	0.0443965831	-0.1590795942	0.0744673064	-0.095043935	-0.1324804358	0.1135103699	0.0001629377	0.0518574055	-0.0168679759	0.1234625821	0.0547856442	0.1260563876	0.0538934987	0.0555008087	-0.0690810043	0.0597375777	0.0291466691	-0.0442123929	-0.0788147391	0.0266405249	0.1353068926	0.1706930559	-0.0229553306	0.0300596084	0.1798267797	-0.0796286873	-0.0933033924	-0.020463232	0.0027942069	-0.0471559056	-0.1078789693	-0.0639228252	0.1204148375	0.0553212088	0.0628141995	-0.0851559729	0.0493320964	-0.0059759765	0.0392713997	0.0018006788	-0.0160646334	-0.0474925955	-0.1373576111	0.141740664	0.0888007674	-0.0975306653	-0.0639186152	-0.0541189568	-0.0371003463	0.0342126152	-0.1115149266	0.0444461515	0.0703530736	-0.0819917496	0.0991725479	-0.0436909848	-0.0405412703	0.1076515796	0.0846297481	0.1107256294	0.063676286	-0.1303653149	-0.1625760547	0.0925526312	-0.1036768842	0.0889375599	-0.0151274974	-0.017562831	-0.0283890845	0.0231180413	0.0910273937	0.0525101451	0.0900901897	-0.009236793	0.0862426354	-0.141472996	0.0552835036	-0.0111189859	-0.0626028231	0.0181804987	-0.1302142784	0.1675025431	-0.0046874664	0.0168023147	-0.1159976988	-0.0279974241	-0.0291419522	0.0734843386	0.0326794664	0.1208986783	0.0249770888	-0.042781341	0.1451008465	0.0327709578	0.0517681005	-0.0483295262	0.0780132344	0.0927013771	0.0333745172	-0.0391140859	-0.025922329003734	0.0022440604308969	5.035807217517184e-06	0.0006719671409778	-0.0190894928812497	-0.0294087180966897	0.0008648727000905	0.0003644087384632	-0.0008008181522853	-0.0082714659680504	6.413097130296419e-07	6.841714926061596e-05	0.00042613847139	-0.0002849457124758	8.11940590583413e-08	1.815939967986059e-07	0.0008879337054983	0.0003480446288053	1.2113506364021905e-07	7.884262653599418e-07	-0.0003116894682822	2.597054800000057e-09	9.715032463804057e-08	6.744693634203338e-18	0.0	0.0	0.0	0.0	0.0	0.0	0.0	0.0	0.0	1.0	0.0	0.0	0.0	0.0	0.0	0.0	0.0	0.0	0.0	0.0	0.0	0.0	0.0	0.0	0.0	0.0	0.0	0.0	0.0	0.0	0.0	0.0	0.0	0.0	0.0	0.0	0.0	0.0	0.0	0.0	0.0	0.0
1008120.8902137972	-1864.9329042399768	3477974.7373169544	1016307729285.459	1520685.3983386075	-10444.625527426137	2312484080720.249	109090202.40816168	1037840.4213917524	1610.24313978164	1077112740274.6102	2592882.969213834	1080378.2961672477	1192579.8829987135	1.862855	32.406994	0.1648941718010174	0.0965720137793188	-0.045349672	-0.0210114948	-0.0979739892	-0.1560466271	0.0940566247	0.0790429469	-0.1368377503	0.0537663469	-0.0652973665	-0.107094849	-0.0601839394	0.1600478759	0.0754412161	-0.046489999	-0.0715347856	0.0090628206	-0.0172811001	0.053214955	-0.0838887523	0.130789919	-0.1282562573	0.0851899625	-0.0587603779	0.0500391186	0.0746235903	0.028269925	0.0020455048	-0.0750942503	0.0371545488	-0.0155193585	-0.1124268335	-0.0597013975	-0.1283661742	0.0152368029	-0.0368585167	0.126222834	0.1389757838	0.0264940833	-0.1016371846	-0.1228851777	-0.1157249372	-0.0452172258	-0.1360237376	-0.0988600958	0.0207055956	-0.1686719257	-0.0043361489	-0.0809466464	-0.0509521081	0.0183214913	0.0055265289	-0.1075239836	0.1013910391	-0.10531439	0.1193129582	0.0350297023	-0.0103133209	-0.0890587349	-0.0137511384	0.0133958063	0.0206918035	-0.0803509986	0.0797428953	0.0061600692	-0.042145102	-0.0330401793	-0.1129168888	0.0233985354	0.095116668	0.0408457679	0.0147162687	-0.0806867106	-0.1028905899	-0.0109764686	0.121996468	-0.1751881709	-0.0675983287	-0.0029078643	-0.0130678562	0.05384367	0.1303297039	-0.1215620359	0.0772839519	0.026145383	-0.0110566957	-0.1542799367	-0.0066799553	-0.0883169064	-0.0751167154	0.005137504	-0.0735368858	-0.1060852604	0.0381028166	-0.0993625286	-0.1139469676	-0.0636642539	-0.0065567424	0.0912392418	0.0287162347	-0.0458586883	-0.0355292899923966	-0.0096069609886626	9.22936994376851e-05	0.0012623304473638	0.07033353450052	0.0894230273817697	0.0079964778261207	0.0049468060753358	0.0134480016009916	0.0142488197532769	0.0001808487470602	0.0002030288643613	-2.3933043847865567e-05	-0.0004500715152378	2.0256436882850826e-07	5.727905878238558e-10	0.0003630039594229	-0.0005249297460754	2.755512383147839e-07	1.3177187455670244e-07	-0.0003689954805151	-5.730601223289999e-05	1.3615766464056953e-07	3.2839790380372836e-09	0.0	0.0	0.0	0.0	0.0	0.0	0.0	0.0	0.0	0.0	1.0	0.0	0.0	0.0	0.0	0.0	0.0	0.0	0.0	0.0	0.0	0.0	0.0	0.0	0.0	0.0	0.0	0.0	0.0	0.0	0.0	0.0	0.0	0.0	0.0	0.0	0.0	0.0	0.0	0.0	0.0	0.0
1014619.5340449236	6498.643831126392	42232371.64383711	1029452798865.5378	1522341.673193565	1656.2748549575915	2317524169941.783	2743246.3951647915	1043168.4005457852	5327.979154032772	1088200311897.2516	28387361.865807768	1086089.6414144165	1173855.2841701652	1.505987	26.198772	0.0731785536000478	0.0441263124531452	-0.0521275548	-0.0213174601	-0.196135174	0.0664005395	0.085109776	-0.0128764892	0.0601069059	0.2145871814	0.1306799621	0.0334817418	0.0528383242	-0.0556076932	0.0258265919	-0.229772298	0.0381344062	-0.0595411852	0.0306632394	-0.0793206175	-0.0501589348	0.2005418454	0.0261611552	-0.0391597177	0.0094651559	-0.0645911791	0.0890817466	0.0333096108	-0.1187357206	-0.1312836398	0.1020174061	-0.0803338836	0.0113411845	0.0751304649	-0.084405252	-0.099888639	0.0101263515	-0.1362936884	-0.0360969686	0.0371675947	-0.0996809366	-0.2175052043	0.0076070437	0.1493913143	-0.0006327633	0.0166488602	0.0485859262	0.0634870509	0.2128615584	-0.0686270702	-0.0281912269	-0.1340199027	-0.0406279898	0.0380578778	0.2533922867	0.0530089008	0.1816085577	-0.0121262394	-0.1083093835	0.025154664	-0.0405264218	-0.0121731775	0.0535655989	-0.0219043779	0.0359323175	-0.0483413182	-0.0466553938	-0.0357080178	-0.2083692043	0.0954173635	0.1275070772	-0.0613990826	0.0262713245	-0.0420757656	-0.1397725488	0.0048367604	0.053065687	-0.0784471921	-0.0097091871	-0.0398727086	0.1929972145	-0.013113124	-0.0880901774	-0.1517871215	0.07780572	-0.0488057646	-0.0336192449	-0.0683795435	0.0526469209	0.1125407014	0.0831338469	0.0141290564	-0.0048492184	0.0358384459	-0.0229077296	-0.045499766	0.085168405	-0.1752532824	0.0147568914	0.089737086	0.0240075741	-0.0524223074	-0.0357341021171606	-0.0002048121247639	4.1948006450342836e-08	0.0012769260541196	0.0313486011608006	-0.0389849333397194	0.0015198250275023	0.0009827347947389	0.0134025049236754	-4.5496677316200426e-05	0.0001796271382291	2.069947646814466e-09	0.0003340975138878	0.0003580305577356	1.2818588027251178e-07	1.1162114878600873e-07	0.0006259484055306	0.0002629444461076	6.913978173888515e-08	3.918114063863004e-07	-0.0003111042551935	5.789122532159999e-05	9.678585759950237e-08	3.3513939692362605e-09	0.0	0.0	0.0	0.0	0.0	0.0	0.0	0.0	0.0	0.0	0.0	1.0	0.0	0.0	0.0	0.0	0.0	0.0	0.0	0.0	0.0	0.0	0.0	0.0	0.0	0.0	0.0	0.0	0.0	0.0	0.0	0.0	0.0	0.0	0.0	0.0	0.0	0.0	0.0	0.0	0.0	0.0
1018791.7650611602	4172.23101623659	17407511.652846612	1037936660556.4342	1531203.7794699366	8862.106276371516	2344585014263.018	78536927.65370342	1043413.7178214068	245.31727562157903	1088712186537.8904	60180.56571839377	1084257.502994338	1194443.9206519164	1.438095	25.017694	0.0499117135884153	0.0294293142355465	-0.110471814	0.0646614502	0.0020480546	0.1304773857	0.1475660451	-0.0817499325	0.0711506832	-0.0087011179	-0.0797779209	-0.1337534261	-0.0029162783	-0.0451540653	-0.0623084396	0.0553028776	-0.0506695244	-0.0504083216	-0.0965334639	-0.0167545572	-0.1184877744	-0.0450012066	-0.0840926302	0.0267606536	0.0223973752	0.0819469406	0.1962614333	-0.0028092229	0.0131854166	-0.1017656232	-0.0387574761	-0.0264240484	0.1295143666	-0.1063453545	0.078211291	-0.0816444204	0.029143834	-0.0586182197	-0.1029227921	-0.0034578498	-0.1327542594	-0.0759618246	0.0491536495	-0.0522276143	0.021757197	-0.1363556661	0.0035178507	0.0498228552	0.0424066713	0.0271911266	0.0242284242	0.1020502318	0.016126406	0.0663478941	0.0532300039	-0.2084062917	0.1488459949	0.0464682911	-0.1184677356	0.0646246307	0.1677382341	-0.0872524347	-0.1613456435	-0.0633910375	-0.0121896752	0.0581461166	0.041592117	0.0844357101	0.0563217266	0.0502823866	0.0047923642	0.0130421033	-0.0355827049	-0.2256894816	-0.0791632626	0.0275503263	0.1217768034	0.0226485848	0.0126543539	0.1362746445	0.0783190337	0.0038133439	0.0337600889	-0.0497101138	0.0697581562	-0.0614726343	-0.0625605068	-0.0082831261	0.127900951	-0.026763196	-0.0216619946	-0.0822552468	0.0108399938	0.0311129754	0.0372414461	-0.1250389421	0.0711207055	0.0128342756	0.050849223	0.0881955685	0.0192567962	-0.0587790397	-0.0355478125303818	0.0001862895867787	3.4703810142215445e-08	0.0012636469756951	0.0402216640919874	0.0088730629311868	7.873124578080133e-05	0.0016177822623286	0.0113046105298906	-0.0020978943937847	0.0001277942192325	4.401160887473691e-06	0.0007890630296563	0.0004549655157685	2.0699362053849726e-07	6.22620464770379e-07	0.0003518589485493	-0.0002740894569812	7.512503042830387e-08	1.2380471967421896e-07	-0.000357138615977	-4.60343607835e-05	1.275479910219671e-07	2.119162372745442e-09	0.0	0.0	0.0	0.0	0.0	0.0	0.0	0.0	0.0	0.0	0.0	0.0	0.0	0.0	0.0	0.0	0.0	0.0	0.0	0.0	0.0	0.0	0.0	0.0	0.0	0.0	0.0	0.0	0.0	0.0	0.0	0.0	0.0	0.0	0.0	0.0	0.0	0.0	0.0	0.0	0.0	0.0
1019983.9349198116	1192.169858651352	1421268.971876785	1040367227494.5024	1518821.0201740507	-12382.759295885917	2306817291322.544	153332727.77984908	1042898.6750303216	-515.0427910852013	1087637646380.0002	265269.07664883434	1083462.4691038765	1230461.0447674026	1.815502	31.583225	0.1200318865343863	0.0556667589762453	0.1141543246	0.0798570832	0.0247653056	0.1176624061	-0.073195597	-0.1900191215	0.0714061433	-0.0282237068	-0.0956793102	0.1064750095	0.010800831	-0.1303711187	0.0653008425	-0.0427837769	-0.0120150582	-0.0331693284	-0.1966518257	-0.0562150702	0.0254345427	0.0237222329	-0.0910512569	-0.0542981118	0.098136407	-0.1008239336	-0.1516768135	0.036386893	-0.0306460632	-0.1228319216	0.0277622898	0.1327015761	0.0587937685	-0.0310383813	-0.0506887255	-0.0417737451	-0.0244136398	0.0469262773	-0.0563994466	0.1386695582	-0.0211329648	0.0032549023	0.0288847804	0.0578582473	-0.0910233155	0.0883253841	-0.0502668165	0.1141379788	0.0597037371	-0.1259073327	0.1830274607	-0.0015300678	0.0404952857	0.0588480625	-0.0625204152	-0.0955067645	-0.0828450748	0.0354100839	0.0692811607	-0.0894684893	0.0079413692	-0.1181361172	-0.0571240491	0.1244294224	0.0399195883	-0.127570168	-0.1308748888	-0.0659063569	0.0001655487	-0.1463122777	0.0144226018	0.0564018075	-0.1093730556	0.0324154318	0.1317612909	0.0260729943	0.1414468248	0.1602146842	-0.0802742638	0.0505836122	0.0398513205	0.0906016154	-0.037623785	0.0601298222	-0.0952197412	-0.1432458169	-0.0271337956	-0.127589166	0.0030009973	-0.0101628077	-0.087669538	-0.1140234162	0.1138713875	-0.0077962665	-0.0266688447	-0.0121503754	0.0758983519	-0.04727257	0.0185076002	0.0866153656	0.0144722352	-0.0649037979	-0.0237633936480818	0.0117844188822999	0.0001388725283935	0.0005646988776736	0.010698595711986	-0.0295230683800014	0.0008716115665702	0.0001144599502085	-0.0151843791959294	-0.02648898972582	0.0002305653715657	0.0007016665766945	0.0004687031113496	-0.0003203599183067	1.0263047725747549e-07	2.1968260658879557e-07	0.0003872550547476	3.539610619829997e-05	1.2528843340013296e-09	1.4996647742756668e-07	-0.0010460907823973	-0.0006889521664202	1.0943059250165951e-06	4.746550876152246e-07	0.0	0.0	0.0	0.0	0.0	0.0	0.0	0.0	0.0	0.0	0.0	0.0	1.0	0.0	0.0	0.0	0.0	0.0	0.0	0.0	0.0	0.0	0.0	0.0	0.0	0.0	0.0	0.0	0.0	0.0	0.0	0.0	0.0	0.0	0.0	0.0	0.0	0.0	0.0	0.0	0.0	0.0
1015147.6168090164	-4836.3181107951095	23389972.86880478	1030524683913.0256	1531013.7739978903	12192.753823839594	2344003176171.263	148663245.80875504	1038303.1087401456	-4595.566290176008	1078073345619.4506	21119229.52740208	1081833.1851045296	1259914.2397836538	1.393932	24.249414	0.1099145212745443	0.0516500042827072	0.159973093	-0.0803779146	0.1224913456	0.012117861	-0.138828715	0.0262869015	0.0726081879	-0.0373053208	-0.0463924691	0.1491440779	-0.0038725174	0.0158204999	-0.0422257782	0.1398770886	-0.1579567787	-0.0501341	-0.0714271166	0.0309693126	0.1245607284	0.0440572037	0.0574745007	0.1453936037	-0.0165011874	0.0958276535	-0.1603007627	-0.1667924461	-0.2161336083	-0.2082997663	-0.0783809046	-0.0240083141	0.0621680768	0.1238421313	0.0782093429	-0.0206918293	0.0616040655	0.0880414706	-0.0821167776	-0.0242184355	-0.068393966	-0.0429816375	0.1402320877	0.0103984994	-0.0298722128	0.155362095	-0.0153349631	-0.0289252901	-0.0658433095	0.0266982272	0.1530329765	0.1662831001	0.0489560072	0.0583432426	-0.0315048569	0.0411242045	0.0405293692	-0.1011416524	-0.0537485046	0.073075391	-0.0151948906	-0.2069699779	-0.000922102	-0.2004390479	-0.0745392672	0.0173780664	-0.2662491289	0.0945090414	-0.0526169201	-0.0256817391	-0.0489917584	-0.1023276703	-0.0498345361	-0.0021385446	0.070211519	0.0581973871	0.0514949161	0.0941422377	-0.1132172368	-0.1005422512	-0.0397334084	-0.0359156436	-0.1143961477	0.1231619879	-0.2284831513	-0.2253299183	-0.0571508516	-0.0920544762	-0.0743761751	0.119110151	-0.0590771432	-0.0266627569	0.0945322766	-0.2007811519	0.0913079235	0.0516080008	0.2066524236	0.070298337	-0.0482451166	0.0849971703	0.0096622851	-0.0707724105	-0.0418940643459535	-0.0181306706978716	0.0003287212199546	0.0017551126274228	-0.0217017675235808	-0.0324003632355668	0.0010497835377966	0.0004709667136475	-0.0174544049252602	-0.0022700257293308	0.0003046562512949	5.153016811823834e-06	0.0008878785515475	0.0004191754401979	1.7570804966510326e-07	7.883283222980866e-07	-0.0002070212900562	-0.0005942763448038	3.53164373993365e-07	4.285781453653329e-08	-0.0011749082296311	-0.0001288174472338	1.3804093480548858e-06	1.6593934711832892e-08	0.0	0.0	0.0	0.0	0.0	0.0	0.0	0.0	0.0	0.0	0.0	0.0	0.0	0.0	0.0	0.0	0.0	0.0	0.0	0.0	0.0	0.0	0.0	0.0	0.0	0.0	0.0	0.0	0.0	0.0	0.0	0.0	0.0	0.0	0.0	0.0	0.0	0.0	0.0	0.0	0.0	0.0
1011584.8038507455	-3562.812958270893	12693636.175622996	1023303815381.7512	1530639.5580168776	-374.2159810126759	2342857456566.1025	140037.6004452794	1041029.7276000606	2726.618859915063	1083742893747.0564	7434450.407244517	1085073.553489765	1197208.5265819677	2.033132	35.369202	0.1193581990431223	0.0578884505829206	-0.0194117632	-0.077891008	0.0178238801	-0.061657403	-0.0014190854	0.1287785614	-0.0248775223	0.089333135	-0.0866440638	0.0102622528	0.0919523519	0.0562564598	0.0346615263	0.0881834606	0.0873732907	0.0442430038	-0.0732920442	0.1053691768	0.0038053844	-0.007588674	-0.0790675252	0.1550237155	0.0484889783	0.0140142852	-0.0188417465	0.0741545289	-0.2786527083	0.3036429207	0.0123262472	-0.0884341009	-0.0913664311	0.0610072434	-0.0283605888	-0.1301350788	-0.0682556158	0.0884923334	-0.1933727845	-0.073253872	0.0317753864	0.0004689032	-0.0654027692	0.0314910173	0.0515097027	0.0327496587	0.1110735486	-0.0298329196	-0.0528171059	0.0088321102	-0.078615133	-0.091707737	0.0164266514	-0.0258444208	-0.0705811272	-0.1445867007	0.0653953742	0.0470013313	-0.0198446746	-0.0461208199	-0.2394229084	-0.0377151444	0.2291470426	-0.1215346074	-0.1162011181	0.0434021507	0.0640567893	-0.1396850177	0.1454352447	-0.1565754126	-0.0837432663	0.0515620758	0.0446216674	0.0262926249	-0.0010648973	-0.0164054205	0.1206500376	-0.0428040444	0.1291345458	-0.0207160943	0.0003905587	-0.0328678734	-0.0364238592	0.0945356703	-0.0969902892	-0.1757758683	0.1443092422	-0.0977056814	0.0576933792	-0.0168961091	0.0532965384	0.0358397919	0.1137171673	-0.0090700146	-0.1354213923	0.0325359299	0.0458655818	0.2351858214	-0.1660515272	0.0833416924	0.004835384	-0.0763617167	-0.0108588153064062	0.0310352490395472	0.0009631866829467	0.0001179138698586	0.007704149938263	0.0294059174618438	0.0008647079817727	5.935392627123778e-05	-0.013693000137124	0.0037614047881362	0.0001874982527552	1.4148165980213944e-05	0.0009781874799692	9.030892842169996e-05	8.155702552675728e-09	9.56850745968494e-07	0.0004550965473624	0.0006621178374186	4.384000306278836e-07	2.071128674211772e-07	-0.0008242224403995	0.0003506857892316	6.793426312581073e-07	1.2298052276899024e-07	0.0	0.0	0.0	0.0	0.0	0.0	0.0	0.0	0.0	0.0	0.0	0.0	0.0	1.0	0.0	0.0	0.0	0.0	0.0	0.0	0.0	0.0	0.0	0.0	0.0	0.0	0.0	0.0	0.0	0.0	0.0	0.0	0.0	0.0	0.0	0.0	0.0	0.0	0.0	0.0	0.0	0.0
1014950.8082593766	3366.004408631008	11329985.678923383	1030125143186.3618	1513169.1575026372	-17470.400514240377	2289680899217.241	305214894.1279704	1038806.5927456034	-2223.1348544572247	1079119137131.73	4942328.581102545	1080543.4301774823	1190308.4295774647	1.368912	23.814159	0.0772831028376566	0.0428996859573529	-0.037025268	0.0814334772	-0.0979942005	0.0065884992	0.042449534	-0.0610430985	-0.1319500743	0.0866993123	-0.042968926	0.0326624017	-0.0933999924	0.0752116382	0.1207541146	-0.0817037197	-0.0606603248	-0.0089838781	0.0133901671	-0.1096038685	0.1018295316	-0.1372115293	-0.0768793109	-0.0435622342	0.1458062502	-0.0228556884	-0.0351953735	-0.0938682869	-0.0914390633	0.0557665914	-0.0386918863	-0.0686445832	-0.0535096484	0.0835946973	0.0786516489	-0.1103744065	0.1549780727	0.043842442	-0.0898180955	-0.020237016	-0.0960276271	-0.0143393012	-0.1052167219	-0.09623381	0.0278141855	-0.0093438109	-0.0786214589	-0.0998268935	0.0903692424	-0.1482362788	-0.0477517293	0.0096220355	-0.1115741529	0.0720571679	-0.1146786506	0.0009728377	-0.0404965312	0.052127458	-0.0427679574	0.0728366297	-0.0386433915	-0.176279522	0.1103835521	0.0859097646	-0.0300486927	0.1224681489	-0.0210606791	0.045380173	0.0352448231	-0.0848977526	-0.0270685918	0.0315422894	0.0722134415	-0.0015395394	0.0078971203	-0.0104362476	0.1440545826	0.0150027834	-0.0223712565	0.1008004722	0.0254989905	0.0950054893	-0.0224909587	-0.0475670511	-0.0721512629	-0.1241435509	0.1548142311	-0.0629519209	-0.038965849	0.0483554509	0.1647122285	-0.0798472766	0.0703589222	0.1025550626	-0.1349109517	0.1110712187	-0.1270629823	0.0884282072	-0.1494842538	0.0816496581	0.0	-0.0816496581	-0.0108584635116955	3.517947106991548e-07	1.2375951847590206e-13	0.0001179062298348	0.0421147294472348	0.0344105795089718	0.0011840879821432	0.0017736504364137	-0.0275364793329231	-0.0138434791957991	0.0007582576940525	0.0001916419162445	0.0004817209587024	-0.0004964665212668	2.46479006738758e-07	2.3205508205315937e-07	0.0005282992588835	7.320271152110004e-05	5.358636974041392e-09	2.791001069368554e-07	-0.0008351270543751	-1.090461397560002e-05	6.974371969492312e-07	1.1891060595685124e-10	0.0	0.0	0.0	0.0	0.0	0.0	0.0	0.0	0.0	0.0	0.0	0.0	0.0	0.0	0.0	0.0	0.0	0.0	0.0	0.0	0.0	0.0	0.0	0.0	0.0	0.0	0.0	0.0	0.0	0.0	0.0	0.0	0.0	0.0	0.0	0.0	0.0	0.0	0.0	0.0	0.0	0.0
1017975.7471680758	3024.9389086992014	9150255.401362317	1036274621822.402	1526391.523668249	13222.36616561166	2329871083526.2783	174830967.017512	1040894.8367950273	2088.24404942384	1083462061266.5464	4360763.209954076	1081533.807790723	1184936.9635275595	1.507095	26.21805	0.0527880444597067	0.0269079087723698	-0.0780284027	-0.0827699604	0.0226631096	0.1472923479	0.0634232234	-0.0449966994	0.0383842	0.0064861356	-0.1978853966	-0.0701474851	0.0050282473	0.1757851035	-0.0614336984	-0.0612641092	-0.2575101821	-0.0937030304	-0.1296464736	0.0536374712	0.0789463035	-0.1128277426	0.0034065484	0.1221276799	-0.0469174817	-0.1622042512	-0.0004168354	0.0119358282	-0.0622898318	-0.0447216158	-0.0187071921	-0.0996207475	0.1682592036	0.0825115476	0.0554077127	-0.0970764687	-0.0587771773	0.0380259415	0.1277979746	0.0586385357	0.022414119	-0.0789430711	0.0365639407	-0.0076607601	-0.0835155372	-0.0839978188	0.0381072457	-0.1528181992	0.0733936777	-0.0184970027	0.2228447664	0.2277136713	-0.0609621584	-0.0729315705	-0.0412553463	-0.0175427757	0.0145789455	0.0573606943	0.0550431858	0.016580978	-0.0983340313	-0.047573062	-0.0317510539	-0.0502343432	-0.2282852039	0.0106545626	-0.0536668315	-0.0434754405	0.0330041725	0.2631181312	-0.0342710431	-0.014063523	-0.1244445794	0.0382826519	0.0101142299	0.0147925528	0.1136207591	0.0451715349	-0.1295600898	0.0103840039	0.036801343	-0.1564625094	-0.1099624928	-0.0453752069	-0.084168385	-0.1052092854	-0.0166875449	-0.0066378442	0.0149732285	-0.0388774949	0.1023199848	-0.1686590524	0.075411609	-0.0619854632	-0.0406991558	0.1167642949	-0.0104895583	0.0595985245	-0.0037509704	0.0799218096	-0.004835384	-0.0866153656	-0.0159050658624693	-0.0050466023507738	2.546819528683564e-05	0.0002529711200894	0.0386257355604726	-0.0034889938867622	1.217307834186401e-05	0.0014919474475875	-0.0197031564902374	0.0078333228426857	0.0003882143756787	6.136094675774162e-05	0.0007860509167507	0.0003043299580483	9.261672336568007e-08	6.17876043724616e-07	0.0001181665022651	-0.0004101327566184	1.6820887805140773e-07	1.3963322257567884e-08	-0.0008490468472981	-1.3919792922999978e-05	7.208805489068431e-07	1.9376063501920028e-10	0.0	0.0	0.0	0.0	0.0	0.0	0.0	0.0	0.0	0.0	0.0	0.0	0.0	0.0	1.0	0.0	0.0	0.0	0.0	0.0	0.0	0.0	0.0	0.0	0.0	0.0	0.0	0.0	0.0	0.0	0.0	0.0	0.0	0.0	0.0	0.0	0.0	0.0	0.0	0.0	0.0	0.0
1017377.6801710046	-598.066997071146	357684.1329856982	1035057344110.135	1525548.4535864978	-843.0700817510951	2327298084240.155	710767.1627437982	1041912.2100515465	1017.373256519204	1085581053454.4978	1035048.34308049	1084994.8918499565	1255777.2252018722	2.418839	42.079128	0.0833054849671385	0.0410135434414226	0.0764756626	0.20134437	0.1347444687	-0.0683899553	-0.0560109571	-0.0789483956	-0.0221053995	-0.1263875597	0.1010750184	-0.0579737795	-0.0896260987	-0.1167297686	0.0881099949	0.0142478005	0.0797385102	0.198209485	-0.0607532839	0.0699739899	0.0654606756	-0.0937724322	0.0329156228	0.1771296778	0.0179823845	-0.1271589417	0.1229658274	0.0006105537	-0.0337341606	0.0338675824	0.0737382647	0.0224592058	-0.0616759439	0.0587235971	-0.0300281568	0.0432832176	0.0738516482	0.087159142	-0.005763911	0.0361298185	0.1931302171	-0.0150943397	0.2211305733	0.0883610245	0.0388030458	-0.0300138037	-0.1150164435	0.0787982794	-0.0961689112	-0.0210014391	-0.0137883163	-0.1791643366	-0.0865893059	-0.1023202708	-0.1039724817	-0.1347706153	0.0589987927	0.0420941751	0.0405059166	0.0760697545	-0.115097225	0.122722558	-0.029393444	-0.0475758909	-0.192954222	-0.0057590745	-0.0037438813	-0.0569367731	-0.0388685985	-0.0577039164	0.050417261	-0.0174254458	-0.1066087691	0.1679622767	0.0172477862	0.0021181591	0.1263950233	0.0822480335	0.0754109347	-0.0079939346	0.0290911572	-0.0363010033	0.2318617549	0.12367202	-0.0431581048	-0.1095296165	0.0194212754	-0.0119306913	-0.0179546247	-0.0229420339	0.0422549948	0.019448682	0.0204808532	0.0599302745	-0.0843651384	-0.016702867	-0.0294999928	0.0070258021	0.0147618901	0.0781589047	-0.0096622851	-0.0912392418	-0.0108215802072635	0.0050834856552058	2.584182640668314e-05	0.0001171065981822	0.0546631818147318	0.0160374462542592	0.0002571996823582	0.0029880634461104	-0.0194885361189989	0.0002146203712385	0.0003798030400615	4.6061903750551757e-08	0.0011491009374786	0.0003630500207279	1.3180531755052866e-07	1.3204329645141975e-06	0.0005352762439148	0.0004171097416497	1.7398053657907949e-07	2.8652065729953653e-07	-0.000389807955947	0.000459238891351	1.5195024251957828e-07	2.109003593293874e-07	0.0	0.0	0.0	0.0	0.0	0.0	0.0	0.0	0.0	0.0	0.0	0.0	0.0	0.0	0.0	1.0	0.0	0.0	0.0	0.0	0.0	0.0	0.0	0.0	0.0	0.0	0.0	0.0	0.0	0.0	0.0	0.0	0.0	0.0	0.0	0.0	0.0	0.0	0.0	0.0	0.0	0.0
1012308.7289185532	-5068.951252451399	25694266.79972861	1024768962644.6968	1525155.2789425105	-393.1746439873241	2326098624886.207	154586.30067455905	1038670.4344299576	-3241.775621588808	1078836271358.917	10509109.1807275	1082166.8612260453	1224470.9385664952	1.728057	30.062002	0.1019417092737367	0.0514170218038251	0.0994319687	-0.0561062867	0.0111970347	-0.1061875737	-0.1480203975	0.0396949102	-0.0826778797	0.0097318835	0.0244942255	0.1205825731	-0.0183377286	0.0286690223	0.1935561289	0.0981820732	-0.0971864347	-0.0048559093	-0.0962159083	-0.0132949783	-0.0140992495	0.0536481533	0.0708700607	0.07606702	0.0969000498	0.0735292292	0.0281514176	0.0471810858	0.1634525841	-0.0493430995	-0.0648514512	0.0065080829	-0.0307854503	-0.0370263524	-0.0359654656	0.1069176029	-0.0400062922	-0.0648780496	-0.0703765771	-0.1189404497	0.1853136972	-0.1586003378	0.1176393374	-0.0119925142	0.0754053828	0.1328918024	-0.0231728299	-0.0618058964	-0.1031893345	-0.2040462004	-0.015819621	0.0611387301	-0.0185470469	0.0013684921	0.0358579401	-0.1065002611	0.0574343616	-0.0432204072	0.0447152764	0.0443601435	0.0489495637	0.0562807921	0.0079081404	-0.0582485894	0.1215220956	-0.0977011068	0.0217018377	0.1274266847	0.0925292249	-0.102401409	0.0587531606	-0.1237797178	-0.0560313802	0.0727213891	-0.2004241114	-0.0084039989	0.1125747978	-0.0164396975	0.0225345097	-0.068237731	-0.1255274687	0.0679797486	-0.0427752617	0.0599128993	-0.0542525143	-0.0296706251	0.008454429	-0.1532673841	0.0868294373	-0.0614855254	-0.0862223901	-0.0996819075	0.0279581162	0.0444323282	-0.1079842511	0.1499277052	0.0372863675	0.0061306055	0.1546882563	0.0763617167	-0.0144722352	-0.0955030384	-0.0109366384032512	-0.0001150581959876	1.3238388463943873e-08	0.0001196100595634	0.0170968497840959	-0.0375663320306359	0.0014112293022359	0.0002923022725399	-0.0250245227354213	-0.0055359866164224	0.0006262267381356	3.064714781720796e-05	0.0014220174215935	0.0002729164841148	7.44834073016384e-08	2.0221335473154257e-06	4.49305187519844e-05	-0.0004903457251628	2.404389301854475e-07	2.018751515322422e-09	-0.0008010323952831	-0.0004112244393361	6.416528982929806e-07	1.691055395072898e-07	0.0	0.0	0.0	0.0	0.0	0.0	0.0	0.0	0.0	0.0	0.0	0.0	0.0	0.0	0.0	0.0	1.0	0.0	0.0	0.0	0.0	0.0	0.0	0.0	0.0	0.0	0.0	0.0	0.0	0.0	0.0	0.0	0.0	0.0	0.0	0.0	0.0	0.0	0.0	0.0	0.0	0.0
1011920.2139325888	-388.5149859644007	150943.89431891846	1023982519365.3763	1525879.264636076	723.9856935655698	2328307530246.332	524155.2844876192	1039945.2021679806	1274.767738022958	1081486023512.202	1625032.7859041686	1082056.6603876306	1186975.5004655337	1.680232	29.230015	0.1041972302722483	0.0511201213527852	-0.0812073531	-0.0330771426	-0.0402169937	-0.0820872779	0.0868138337	0.0850025894	-0.1100407415	0.0183985065	-0.0982560264	-0.0798906383	-0.0404154732	0.1172765563	0.068244335	0.0254595573	0.0424231811	-0.0520949275	-0.1765098666	0.0554345045	-0.0413622732	-0.0079565416	-0.1364845025	0.0679390008	-0.1052757816	-0.0194646479	-0.045086159	0.0576699263	-0.2033928159	-0.0318019294	0.1214378899	0.0760476354	0.0281174607	-0.018225119	0.0005203349	0.1325942549	-0.0265975953	-0.0724692252	0.0119592149	-0.0548681381	0.0061143582	0.1260900821	-0.0234797639	-0.0044564698	0.0103238998	-0.0899243219	0.0220366191	-0.1438167459	-0.0407458668	-0.0681949495	0.0723332698	-0.0160245484	0.1318802463	0.0061055694	0.0096868662	-0.0900330842	-0.0412168671	0.0898884812	-0.0482432127	-0.1535605002	-0.0880126149	-0.09120961	-0.0086704961	-0.0930115655	-0.1008841924	-0.0702030621	-0.0447382308	-0.1713665101	-0.0442127853	-0.0226596868	0.0677836491	0.0684947322	0.0676075003	0.0335754132	0.028560829	0.0504024325	0.0259376605	-0.0950751851	-0.1196371084	-0.0048787777	-0.0073019544	-0.0598425597	0.0228422537	-0.0278853158	-0.0230588509	-0.0133385312	0.0969745681	-0.0745754931	-0.0222490395	-0.0800091053	0.0850725999	0.0374145342	0.0544192638	-0.0335668998	-0.0862500729	-0.0267233924	0.1196964269	0.0325855756	0.0696340641	0.074531034	-0.0192567962	-0.0993899282	-0.0316926278130296	-0.0207559894097784	0.0004308110963788	0.0010044226576952	0.0253245943991231	0.0082277446150272	6.769578145010911e-05	0.00064133508148	0.0084348106711757	0.033459333406597	7.114603105857945e-05	0.0011195269920138	0.0009781313415088	-0.0004438860800847	1.9703485209296076e-07	9.567409212418046e-07	0.0002700271396245	0.0002250966208725	5.066848872822503e-08	7.291465613378922e-08	-0.0009671329511428	-0.0001661005558597	9.353461451861816e-07	2.7589394656901334e-08	0.0	0.0	0.0	0.0	0.0	0.0	0.0	0.0	0.0	0.0	0.0	0.0	0.0	0.0	0.0	0.0	0.0	1.0	0.0	0.0	0.0	0.0	0.0	0.0	0.0	0.0	0.0	0.0	0.0	0.0	0.0	0.0	0.0	0.0	0.0	0.0	0.0	0.0	0.0	0.0	0.0	0.0
1013714.2780728886	1794.0641402998008	3218666.1395096635	1027616637568.8378	1519018.460706751	-6860.80392932496	2307417083967.908	47070630.55664082	1041793.3359232869	1848.133755306248	1085333354774.1704	3415598.377502373	1084115.8078723866	1196658.0711419962	1.226633	21.339014	0.0503940032549529	0.0274139133344166	0.0436175167	-0.0073354986	-0.1196715552	-0.0059581528	-0.0509283068	-0.0801878518	-0.0470669647	0.0877926741	0.0081397096	0.0559939415	-0.0568721798	-0.0016514	0.0345943372	-0.1465104207	-0.0670843135	-0.004454535	-0.0417485891	-0.0421264901	-0.0539309109	-0.086929713	-0.0133872121	0.0647350083	-0.0518405202	0.0443762013	-0.0948356106	0.0349141658	-0.0099331486	0.044979572	-0.0222392294	0.0927939761	-0.0053785029	0.0336005934	-0.0246918511	0.0289810929	-0.0107218082	-0.1427125274	0.0149042685	0.0171745231	0.0369279479	0.0769907166	0.0885883024	-0.1115767476	0.0668492968	0.0404606035	-0.0622031491	-0.0186076802	0.0954750983	-0.0739629983	-0.0068273145	0.021940123	-0.0607720493	-0.0371955513	0.0634148469	0.0105682632	-0.1646135927	0.0450568238	0.0713755368	-0.0333703537	-0.0313413745	0.0198869117	0.011202039	-0.0623094561	0.0223566267	-0.0331813567	-0.014626539	-0.017298963	0.0139343834	0.0214618029	-0.0115536335	-0.0313161141	0.1034779057	0.0332312348	-0.0278068148	0.0256162665	0.0312240994	0.00958248	0.065409789	-0.0948428667	0.0943136685	0.0849124494	-0.0180560315	-0.0277640498	0.0073523251	-0.0657008364	-0.0059422298	-0.1067009022	0.0935133881	-0.0642238289	-0.0314302197	-0.1377601054	0.060854939	0.0814143886	-0.0384710378	0.069311024	0.0065844668	0.002791826	0.0927065468	0.0726676594	-0.0240075741	-0.1028845713	-0.0177079355156024	0.0139846922974272	0.0001955716186537	0.0003135709802247	0.0262391954186256	0.0009146010195024	8.364950248750084e-07	0.0006884953762168	-0.0087144176470275	-0.0171492283182032	7.59410749268243e-05	0.0002940960319098	0.0012036296309102	0.0002254982894014	5.0849478522957627e-08	1.4487242884050245e-06	0.0002989857405308	2.8958600906300023e-05	8.386005664503604e-10	8.939247304075089e-08	-0.0008546802090541	0.0001124527420887	7.304782597487601e-07	1.2645619203267688e-08	0.0	0.0	0.0	0.0	0.0	0.0	0.0	0.0	0.0	0.0	0.0	0.0	0.0	0.0	0.0	0.0	0.0	0.0	0.0	0.0	0.0	0.0	0.0	0.0	0.0	0.0	0.0	0.0	0.0	0.0	0.0	0.0	0.0	0.0	0.0	0.0	0.0	0.0	0.0	0.0	0.0	0.0
1015306.0088514296	1591.7307785409505	2533606.8713545795	1030846291609.8192	1537709.9992088608	18691.538502109703	2364552041666.9146	349373611.5758494	1043903.866358399	2110.530435112189	1089735282198.0144	4454338.717534844	1087602.490363676	1199817.488624052	1.333352	23.195536	0.0599412274022706	0.0279065434489472	-0.089671786	-0.024679315	0.053557781	-0.0132152547	0.0806016862	0.0565672763	0.0258650225	-0.0597044782	-0.0587159721	-0.0986512606	0.0488598881	0.0888797483	-0.0346470249	0.0291635059	-0.1171048104	0.0602432686	-0.0566546886	-0.0703132025	-0.1170755129	-0.0294545022	-0.0866216706	0.0860462109	0.1160194184	0.0607013545	-0.1675453211	0.0296686412	-0.0259227722	0.1259863567	0.0069860401	0.1070666702	-0.0664625306	0.0671414952	-0.0419794059	-0.0268998329	-0.0322425804	-0.0587425539	0.0443864548	0.1624507024	0.0628872171	-0.0745804665	-0.0034121697	0.0828085613	0.03309371	-0.0898538587	0.0909265851	-0.0532320387	-0.0366663776	0.0158749272	-0.0019470076	0.0995877291	-0.1233016349	-0.0172173613	-0.0185815238	-0.1253060557	-0.1138588218	0.0250318214	-0.0411058318	-0.092190971	0.0268117138	-0.1045976572	0.1397680089	-0.0608626926	0.0065863346	-0.1340370732	-0.0203344468	-0.0561977369	-0.0392545751	0.0681766937	-0.0392450005	-0.071274177	0.0460597239	0.0666538344	0.0474390883	0.0776424389	0.0723270118	-0.074752708	0.031917257	0.1268738497	-0.0551433704	-0.0225839129	0.0383860669	0.0612419854	-0.0243108409	-0.0768155567	-0.0150807486	-0.0421080882	-0.0657591853	-0.071944345	0.1338198427	-0.0069856497	0.0909603065	0.0388630182	0.0145273575	0.014544812	0.0508510692	0.1014104123	0.071161151	0.0707724105	-0.0287162347	-0.105973176	-0.0323146905088407	-0.0146067549932383	0.0002133572914324	0.0010442392226821	0.0427918431738447	0.0165526477552191	0.0002739901477083	0.0018311418422149	-0.0010822480583243	0.0076321695887031	1.1712608597467177e-06	5.825001263072596e-05	0.0009781862473646	-0.0002254433835456	5.082471918448856e-08	9.568483345332385e-07	0.0003840271126882	8.50413721574e-05	7.2320349784134094e-09	1.474768232796355e-07	-0.0009671885546533	-0.0001125083455991	9.354537002523394e-07	1.2658127829469017e-08	0.0	0.0	0.0	0.0	0.0	0.0	0.0	0.0	0.0	0.0	0.0	0.0	0.0	0.0	0.0	0.0	0.0	0.0	0.0	0.0	0.0	0.0	0.0	0.0	0.0	0.0	0.0	0.0	0.0	0.0	0.0	0.0	0.0	0.0	0.0	0.0	0.0	0.0	0.0	0.0	0.0	0.0
1014198.7588614754	-1107.2499899541726	1226002.5402535154	1028599122476.1572	1524615.5616099683	-13094.437598892488	2324452610703.28	171464296.03128925	1040676.4947316556	-3227.3716267434647	1083007566686.9656	10415927.61710876	1083203.2266169426	1203242.011748375	1.462414	25.440763	0.0535353983475579	0.0303108075414707	0.0158576085	0.0631302786	-0.0422682513	-0.0372117904	-0.0249758983	-0.0702909323	-0.0625577222	-0.0213315305	0.1126255987	0.0403050533	-0.1127665429	-0.0114877528	0.0523401634	-0.0213649464	-0.0294100804	0.010473464	-0.0485713985	0.0807849798	0.1429518904	-0.0848653389	-0.0772250873	-0.1081396628	0.0236251536	-0.0017855048	0.10950775	-0.0630226382	0.028529067	0.0586552614	0.1072810957	0.0842583429	-0.0830583847	0.1660037405	0.0158919472	0.073775803	0.0333692406	-0.0632783868	0.1026975236	-0.003943685	-0.1355424782	-0.0565407373	-0.1852567911	0.1502151543	0.1002394739	0.0202745595	-0.1223628159	-0.0282867831	0.0136807292	-0.0229461324	0.0154489697	0.0066925809	0.0082554006	-0.0465352574	-0.1235859922	0.0295976922	-0.0021997751	0.109185731	-0.0987011877	0.084307993	-0.0630013882	-0.0221333124	0.0282852789	0.0738053391	0.00979276	0.116924256	0.0523657225	-0.0641808631	-0.1170036675	0.0007466606	0.056407132	-0.0147153223	0.1286481463	0.0936816953	-0.152860685	0.0697775899	0.022082654	-0.0159496367	-0.1056044975	-0.0302672164	-0.0437675893	0.0536166871	0.0583316825	-0.058067282	-0.0126004795	-0.0634549909	0.038405925	0.0609005258	0.0235145834	0.0284273126	-0.0194385743	-0.0182983911	0.0602767789	0.0995710561	0.0638839774	0.0952753027	0.0210017305	-0.0231326581	-0.0223540085	0.0688461184	-0.0333745172	-0.108643553	-0.0322761015982422	3.8588910598498505e-05	1.4891040211789103e-09	0.00104174673438	0.0656895453589925	0.0228977021851478	0.0005243047653597	0.0043151163694711	0.0115542655399423	0.0126365135982666	0.0001335010521674	0.0001596814759191	0.0012801976712426	0.000302011423878	9.1210900152817e-08	1.638906077454976e-06	0.000383844131764	-1.8298092420004086e-07	3.348201862110109e-14	1.47336317489659e-07	-0.001024246022922	-5.705746826869997e-05	1.049079915471534e-06	3.255554685233704e-09	0.0	0.0	0.0	0.0	0.0	0.0	0.0	0.0	0.0	0.0	0.0	0.0	0.0	0.0	0.0	0.0	0.0	0.0	0.0	0.0	0.0	0.0	0.0	0.0	0.0	0.0	0.0	0.0	0.0	0.0	0.0	0.0	0.0	0.0	0.0	0.0	0.0	0.0	0.0	0.0	0.0	0.0
1015645.091400686	1446.3325392105617	2091877.8139792709	1031534951686.3076	1546413.2281118142	21797.66650184593	2391393872079.202	475138264.92569625	1045744.2794875682	5067.784755912609	1093581098080.9731	25682442.332260225	1090188.0197626306	1215759.8691258123	1.187771	20.662952	0.0775730415720621	0.0426331663655537	-0.0079361869	-0.0744622004	0.0091899524	-0.0456335046	0.0238005178	0.1326493492	0.1047948368	-7.90236e-05	0.1262921525	-0.0203449789	0.1467361292	0.0169516233	-0.1283309557	0.0377193573	0.1467528959	0.0799056046	-0.0862075099	0.07487378	-0.0627680142	-0.0955008896	0.0903356597	-0.0756201336	0.0662460082	0.0494915	-0.0705336291	-0.0801679451	-0.033459333	0.0514056909	-0.0405437308	0.1118632582	0.0663755119	0.0903819107	-0.0842683696	-0.0283386382	-0.0308598738	0.0352457139	0.1048251596	-0.0963022396	-0.0611240339	-0.085440673	0.072528834	0.1284003397	-0.0103821002	-0.0003199483	0.1411613284	0.0358870135	-0.0313371846	0.1733188826	0.0433722623	-0.1120627174	0.067485608	-0.0296615849	-0.0483935523	-0.0523505353	-0.1603004757	-0.0701085563	-0.063889709	0.1225316424	0.0206638458	-0.0315332713	0.045718457	0.008541106	0.015915356	-0.0101117417	-0.0249671989	-0.0720239968	-0.0067260437	0.059784335	-0.028085781	-0.0876017949	-0.0525079228	0.0495764157	-0.0713153015	0.0623389875	-0.0138285677	-0.0636240103	0.033597378	-0.0495502691	0.0856852715	-0.0336998928	-0.0225267194	0.0526897048	-0.0257247694	-0.1077092609	-0.0224547286	-0.0358789652	-0.15214178	-0.010012308	0.0907615137	0.0300307488	0.0740554531	0.0154545269	-0.0320898321	-0.0190889736	0.0696203651	0.1272311898	-0.0253908579	0.0668896282	-0.0379742494	-0.1108851636	-0.0209042847311025	0.0113718168671397	0.0001293182188597	0.000436989120119	0.029427806497253	-0.0362617388617395	0.0013149137052769	0.0008659957952397	-0.0059870581680456	-0.0175413237079879	3.584486550756153e-05	0.0003076980374284	0.0013332522429274	5.3054571684800055e-05	2.8147875766575877e-09	1.7775615432709428e-06	0.0005218547838006	0.0001380106520366	1.9046940075567498e-08	2.72332415375571e-07	-0.0009673480039395	5.689801898249992e-05	9.357621607257348e-07	3.237384564132921e-09	0.0	0.0	0.0	0.0	0.0	0.0	0.0	0.0	0.0	0.0	0.0	0.0	0.0	0.0	0.0	0.0	0.0	0.0	0.0	0.0	0.0	0.0	0.0	0.0	0.0	0.0	0.0	0.0	0.0	0.0	0.0	0.0	0.0	0.0	0.0	0.0	0.0	0.0	0.0	0.0	0.0	0.0
1014413.4434215032	-1231.6479791827733	1516956.7446250091	1029034634194.2712	1523836.4338739451	-22576.794237869093	2322077477201.6626	509711638.0590791	1043565.7001970892	-2178.579290478956	1089029370627.8412	4746207.724903791	1086075.568053136	1190983.5420927005	1.396414	24.292601	0.1084735832068968	0.0695749709198258	-0.0541954612	0.0631829398	-0.0675714866	-0.0194851499	0.0602361349	-0.0597804192	-0.1176943399	0.037748361	0.1287030097	0.0121323484	-0.0591256017	-0.0330735956	0.0666042638	-0.0524817824	-0.0957191512	0.0446677205	0.0386051938	0.0723119405	0.0391127348	0.0145687774	0.0435566927	-0.1615239851	0.0410602523	0.0606809482	-0.0806613998	-0.0525869247	-0.0107437529	0.0186458206	0.0093782129	0.123812604	0.0128919325	0.0494137539	0.0790778404	-0.2015409647	-0.065738163	-0.047047656	-0.1801744533	-0.1953466477	-0.053525006	-0.0724858176	-0.119704659	0.0426855466	0.0823104427	-0.0151116168	-0.0722310848	0.0044117895	0.0479170956	-0.0692679281	-0.016942131	0.0251640836	-0.0211637899	-0.0714068135	-0.0638187428	0.0740114214	-0.0804267737	-0.0782099663	-0.1355590898	0.0365701926	-0.0347156176	-0.0929423597	0.0963025109	0.0444149688	0.0927759477	0.0576002707	-0.001770263	-0.0199068885	-0.1550318911	-0.057288236	-0.2626710248	0.0683017581	0.0614733208	-0.0132708853	-0.175342807	0.0996665742	0.0351598772	-0.0216834987	0.0682814441	0.0308004384	-0.0113311843	0.0500452085	0.0785758952	-0.1230917533	-0.0050884949	-0.1842852659	0.0313477971	0.1872102577	0.0946434998	0.1342332059	-0.1284289547	0.0586812566	0.1483292083	0.0733959939	0.129824019	-0.0046306033	-0.0186808087	-0.0035487866	-0.0300307595	0.0649037979	-0.0425073619	-0.112689161	-0.023125181357102	-0.0022208966259994	4.9323818233759575e-06	0.0005347740127988	0.0921704707024702	0.0627426642052172	0.0039366419115686	0.0084953956695149	0.0017428008953146	0.0077298590633602	3.0373549607093715e-06	5.975072113941183e-05	0.0015360024035761	0.0002027501606486	4.110762764307361e-08	2.359303383791556e-06	0.0010337601284486	0.0005119053446479	2.620470818791876e-07	1.068660003170066e-06	-0.0009682957648892	-9.477609497000102e-07	9.37596688302361e-07	8.982508177762653e-13	0.0	0.0	0.0	0.0	0.0	0.0	0.0	0.0	0.0	0.0	0.0	0.0	0.0	0.0	0.0	0.0	0.0	0.0	0.0	0.0	0.0	0.0	0.0	0.0	0.0	0.0	0.0	0.0	0.0	0.0	0.0	0.0	0.0	0.0	0.0	0.0	0.0	0.0	0.0	0.0	0.0	0.0
1018077.129505147	3663.6860836438136	13422595.719485344	1036481041621.4398	1538621.8032700422	14785.369396097029	2367357053497.9565	218607148.17904252	1044316.9127880534	751.2125909641618	1090597814335.1708	564320.3568230891	1088533.801938153	1187660.3603526205	1.282553	22.311815	0.193232218085811	0.1231455621293101	-0.0719319577	-0.0643410237	-0.0241162012	0.088524966	0.0381083818	-0.0031985774	0.0958249295	0.0280321452	-0.002552416	-0.0059356633	0.0708996428	-0.005139046	-0.0906763744	0.0565442722	0.1460746936	-0.2092361249	0.0333467563	0.1004335419	0.030227579	-0.0839102458	-0.0377986034	0.0746074646	0.0371744952	0.1090448283	0.0209002818	0.0053985448	0.0404028063	0.0348856444	0.0006349968	-0.1021841467	-0.0320908427	0.0549905626	-0.0444194685	-0.0517528999	0.0989745427	0.0970165832	-0.0067404683	0.0230095402	0.1417239875	0.0814452569	-0.1745767711	0.102432459	-0.1257221929	-0.0094018681	0.0778937174	0.0401106793	0.0436664871	0.1128761393	-0.0996053237	0.031149102	0.1929240191	0.0644664898	-0.123138192	-0.0028326337	0.0190587518	0.1362988517	0.0410117599	-0.0011225277	-0.034008423	0.1188236929	0.1048334455	-0.0755262238	-0.0387463968	0.0645455026	0.0765238718	0.0647316528	-0.0788690924	-0.003901717	0.0160792703	0.0339824014	-0.0369079677	0.1217228129	0.022974807	0.0678541586	-0.0283452355	0.0199616561	0.0217881055	0.1161970137	-0.0895385597	0.0701383338	-0.138537125	-0.0217299042	-0.0691269937	-0.0236988189	0.1626667118	0.21699388	0.3690612243	0.0041377933	-0.1338681626	0.0022067267	0.1485051535	-0.0240854447	0.1441122559	-0.1793046964	0.1471107	-0.1794982669	0.0352452979	0.0628894987	-0.0469659021	-0.1140484259	-0.0266850491792354	-0.0035598678221334	1.2672658911060805e-05	0.0007120918496982	-0.0260354363320942	-0.1182059070345644	0.013972636457864	0.0006778439450025	0.0117824783115878	0.0100396774162732	0.000138826795163	0.0001007951226228	0.0020828112353254	0.0005468088317493	2.989998984790346e-07	4.33810264199772e-06	0.000537799493673	-0.0004959606347756	2.459769512470161e-07	2.892282953949352e-07	-0.0011540616146211	-0.0001857658497318	1.3318582103418603e-06	3.450895092661482e-08	0.0	0.0	0.0	0.0	0.0	0.0	0.0	0.0	0.0	0.0	0.0	0.0	0.0	0.0	0.0	0.0	0.0	0.0	0.0	0.0	0.0	0.0	0.0	0.0	0.0	0.0	0.0	0.0	0.0	0.0	0.0	0.0	0.0	0.0	0.0	0.0	0.0	0.0	0.0	0.0	0.0	0.0
1018889.803436797	812.6739316500025	660438.9191834729	1038136431547.4749	1525902.7354298525	-12719.067840189671	2328379157992.3066	161774686.7233472	1041404.549158581	-2912.363629472442	1084523435008.1873	8481861.910273895	1084125.0314133274	1213597.8172992282	1.501218	26.115807	0.1916324832201267	0.1060746379624952	0.0431980976	0.1007214689	-0.0115951483	0.0565617807	-0.0214840293	-0.1246569874	0.0308187603	0.0141762646	0.0542840458	0.054519749	-0.0801238564	0.0308530939	-0.0414847322	-0.0213425416	0.0469684166	-0.0696084503	-0.1282959951	-0.1074349083	0.0012402445	0.0646529594	-0.0752406051	-0.025727906	0.0944301486	-0.0182794515	-0.0899926248	0.2136529741	0.1369443849	-0.1069751802	-0.0069481151	-0.0255703893	0.0013911145	-0.1598669811	-0.0694653357	-0.0920249748	-0.0513901122	0.0752303207	-0.0240972435	0.070057952	-0.1265276883	0.1721736303	0.0811199103	-0.0478010764	0.0438031147	0.0419925672	-0.0682332113	-0.0465174896	0.0774209434	-0.0006289477	0.0632741161	0.0203809381	0.0079426147	0.106560752	0.0224649392	-0.1099250317	-0.0303614801	0.0690236197	0.057777968	-0.1371669844	-0.0618452993	0.0444416534	-0.0477521326	0.1936830227	0.12946539	-0.2312298171	0.0306518712	0.0960950343	-0.0491611124	-0.0162839055	-0.0001037334	0.024088702	-0.0922664081	-0.1417173727	0.1054707179	0.0514554574	0.0423274513	0.0470996766	-0.1048283891	0.0381839392	-0.0540223345	0.0867608499	0.0808486072	-0.0516927577	0.0483767922	-0.0819153541	0.0061326692	0.0886593559	-0.146361356	-0.0822070373	-0.1107990874	-0.0015618775	-0.0621624248	0.0098845183	-0.1083017542	-0.1965225817	-0.0343518614	0.0803503593	0.1239588773	0.0608476141	-0.0513420481	-0.1149575937	-0.0261131560704939	0.0005718931087414	3.270617278260158e-07	0.0006818969199619	0.0648513465635574	0.0908867828956516	0.0082604073051213	0.0042056971511066	-0.0157314269236508	-0.0275139052352386	0.0002474777930541	0.0007570149812936	0.0010090070911219	-0.0010738041442035	1.1530553401086112e-06	1.0180953099342785e-06	0.000790356600975	0.000252557107302	6.378509244875394e-08	6.246635567047554e-07	-0.0012808984027255	-0.0001268367881044	1.6407007181047372e-06	1.6087570816640482e-08	0.0	0.0	0.0	0.0	0.0	0.0	0.0	0.0	0.0	0.0	0.0	0.0	0.0	0.0	0.0	0.0	0.0	0.0	1.0	0.0	0.0	0.0	0.0	0.0	0.0	0.0	0.0	0.0	0.0	0.0	0.0	0.0	0.0	0.0	0.0	0.0	0.0	0.0	0.0	0.0	0.0	0.0
1018857.7396262542	-32.063810542807914	1028.08794652508	1038071093596.32	1551249.463871308	25346.7284414554	2406374899161.02	642456642.6848842	1048026.4214675562	6621.872308975202	1098359380094.0916	43849192.876372576	1092402.1759037457	1217804.3568907436	1.703462	29.634134	0.1152140270455963	0.0721383882276682	-0.0730226456	-0.0913623795	0.1748521359	0.0113748337	0.0196149467	0.0955683734	0.0998487158	-0.2046055281	-0.0810583926	-0.1043737343	0.0986505125	-0.0461307087	-0.0786168054	0.1210448077	0.0192181486	-0.0521260824	0.0796444581	-0.0111858712	-0.0137029198	-0.0501653672	0.1049415382	-0.1397827504	0.0045865643	0.059313358	-0.1963199576	-0.0999506095	0.0034953801	0.0433831267	0.0794312288	-0.0655104138	-0.1081508594	-0.0049430221	0.0091408757	-0.1389741435	0.0629866162	-0.1652108524	0.0588872963	0.058953648	0.0153557292	-0.1273190741	0.066909057	-0.0938932406	-0.0090335718	-0.071146176	0.078092789	0.0885447298	-0.1603082026	0.1024778613	0.0024300461	0.0502681871	0.0638210382	0.0214999535	-0.0075086966	0.1664953222	-0.1985943063	-0.0548401698	0.0005645996	-0.0482140818	0.0815659309	0.0847534484	0.0941187138	0.0584109477	-0.0767930061	-0.051256706	-0.0098417267	0.019305924	-0.0924311794	0.0540550739	-0.0527586726	-0.0996686292	0.0717652609	-0.0208677665	0.0143915218	0.0726224221	-0.1242653833	-0.0255380587	0.0779706852	-0.0792089044	-0.0044373498	-0.2161227226	-0.0744972855	0.0570119662	-0.0312041091	-0.0819467738	-0.0021428662	0.149501442	-0.0065237642	-0.1178195031	0.053739575	-0.0513276151	-0.1382267736	0.037737372	0.0124659133	0.070688922	-0.059771521	-0.0994248934	-0.017140854	0.0587790397	-0.0556281227	-0.1154130763	-0.0260924902645882	2.0665805905699383e-05	4.2707553373203955e-10	0.0006808180482076	0.0048684363699891	-0.0599829101935683	0.0035979495152896	2.370167268863265e-05	-0.0106266089829034	0.0051048179407474	0.0001129248184755	2.6059166208176537e-05	0.0018730273974603	0.0008640203063383	7.465310897651023e-07	3.508231631636904e-06	0.0008658618609973	7.550526002230004e-05	5.701044291035141e-09	7.497167623297077e-07	-0.0012183113069787	6.258709574680004e-05	1.4842824407121482e-06	3.917144554019116e-09	0.0	0.0	0.0	0.0	0.0	0.0	0.0	0.0	0.0	0.0	0.0	0.0	0.0	0.0	0.0	0.0	0.0	0.0	0.0	1.0	0.0	0.0	0.0	0.0	0.0	0.0	0.0	0.0	0.0	0.0	0.0	0.0	0.0	0.0	0.0	0.0	0.0	0.0	0.0	0.0	0.0	0.0
1014056.937763978	-4800.801862276159	23047698.52083424	1028311473027.2563	1541215.5791798525	-10033.8846914554	2375345461506.688	100678842.00142306	1042599.7873332322	-5426.634134323918	1087014316547.301	29448358.0278095	1088078.2344294426	1248333.8723930118	1.990435	34.626434	0.0775500029365932	0.037793108302679	0.0227752937	0.1680908395	0.0817971883	-0.2136491317	-0.0506870709	0.0881443315	-0.0710570922	-0.1303583564	0.2292624992	-0.056162372	-0.0972211424	-0.069667522	0.0308496647	0.1805576671	0.1868479407	0.1210027252	-0.0286946088	-0.0171364848	0.0977377913	-0.052633169	0.1012454076	0.0394682257	-0.0100208254	-0.0148218943	0.0168510705	-0.1323326746	0.0636290897	0.0430011062	-0.0304276149	0.0336982735	0.0302712239	0.0301581753	0.0511798532	0.0426517327	0.0640543048	0.1470584643	0.0717236672	0.1393542301	-0.0170725235	0.0660317496	0.0151229141	-0.0062733962	0.008297732	-0.0315618922	-0.0902706425	0.034501996	-0.2080977398	0.0997341522	-0.0527103841	-0.2139622484	0.0318273539	0.0909723942	-0.0650342126	-0.0071982091	0.0011237273	-0.0390390181	0.0821428722	0.1504599709	-0.0168936547	-0.0385607006	-0.0603212726	-0.0257477875	0.0008451214	0.0482793466	-0.0050471279	0.0736459086	-0.0426888658	-0.0254694295	0.0023439616	-0.0673551738	-0.0354850336	-0.0957898713	0.1287089329	0.0537578147	-0.0842399313	-0.0381238321	0.0378376317	0.0194434082	-0.027075797	0.0417178071	0.1938067418	0.1638962171	-0.0257459698	-0.0410803453	0.1477913621	0.1056355651	-0.1240370005	-0.0674919001	-0.041628881	0.1150627082	-0.1191138472	-0.1026678525	-0.0158211183	-0.1403208179	0.0322532949	0.0304627146	0.0131116311	0.0566846829	-0.0598166067	-0.1154130763	-0.0221414317872614	0.0039510584773268	1.561086309125597e-05	0.0004902430015899	-0.0121057796844326	-0.0169742160544217	0.0002881240106621	0.000146549901768	-0.0059252739858237	0.0047013349970797	3.510887180707907e-05	2.2102550754766388e-05	0.0015661870632963	-0.0003068403341639	9.415099066987514e-08	2.4529419172366883e-06	0.0003852425398001	-0.0004806193211972	2.3099493190805733e-07	1.4841181447163166e-07	-0.0009673030941846	0.0002510082127941	9.356752760191012e-07	6.300512289008818e-08	0.0	0.0	0.0	0.0	0.0	0.0	0.0	0.0	0.0	0.0	0.0	0.0	0.0	0.0	0.0	0.0	0.0	0.0	0.0	0.0	1.0	0.0	0.0	0.0	0.0	0.0	0.0	0.0	0.0	0.0	0.0	0.0	0.0	0.0	0.0	0.0	0.0	0.0	0.0	0.0	0.0	0.0
1009272.8725237964	-4784.065240181633	22887280.22231415	1018631731212.4354	1529801.546644251	-11414.032535601407	2340292772115.1426	130280138.72376747	1039452.1156382656	-3147.671694966615	1080460700704.8665	9907837.099294003	1084269.6296276134	1188165.8790162853	2.05951	35.828098	0.088393008857311	0.043159329411597	-0.010028188	-0.0202370053	-0.1189487117	-0.1544736188	-0.0682264434	0.0372663675	-0.1765459957	0.0675143324	0.0652313524	0.0966356051	-0.0854792102	0.0777245788	0.1487160334	0.0294584073	0.071926863	-0.0428019298	-0.0037523323	-0.039215771	0.0437626194	0.0466659256	-0.0567316132	-0.0627960217	-0.1018481769	0.0778815753	-0.0216368765	0.0354869535	0.0184979309	-0.0620436453	0.0525773003	0.1295296049	-0.0427042591	-0.1366207243	0.0370103987	0.0074877246	-0.0315458367	0.0249404309	-0.0542900478	0.0686153136	-0.0006789594	0.0527651772	-0.1357550712	0.0017606773	0.0803245728	0.078087402	-0.0604551349	-0.1083471981	-0.0533687526	-0.1258635525	-0.05062703	-0.0622696692	0.05458012	0.0508644916	-0.0331559074	0.025689547	-0.0217881449	0.0872813932	0.0032534965	-0.0666265763	0.0029789746	0.0185885174	-0.0475825118	-0.0287622381	0.122166989	-0.0588510444	0.0020977756	-0.0226317927	-0.063964495	-0.160895117	-0.04387661	0.0747723282	0.0521148969	-0.0586367308	0.0598381148	0.0488123987	-0.0828979537	-0.1445261208	-0.0851130257	0.0039509127	-0.0747337121	0.1269390612	-0.0220358587	-0.0157341971	-0.0118499069	-0.0050531109	0.1375797465	0.1140248408	-0.0603363076	0.0067632965	-0.0485316948	0.0555386401	-0.0376359816	0.0150378939	0.0592115313	0.129030951	-0.0520288296	0.0774541633	-0.0363671211	0.0545654623	-0.063900152	-0.1149575937	-0.0161605481973197	0.0059808835899417	3.577096851643395e-05	0.0002611633180378	0.018714307447027	0.0308200871314596	0.0009498777707907	0.0003502253032218	0.007844600918986	0.0137698749048097	6.1537763578156e-05	0.0001896094548941	0.0011162664224923	-0.000449920640804	2.0242858302148207e-07	1.2460507259837575e-06	0.0004418212334089	5.6578693608800006e-05	3.2011485704784672e-09	1.952060022909617e-07	-0.0012172470243938	-0.0002499439302092	1.4816903183955603e-06	6.247196824842144e-08	0.0	0.0	0.0	0.0	0.0	0.0	0.0	0.0	0.0	0.0	0.0	0.0	0.0	0.0	0.0	0.0	0.0	0.0	0.0	0.0	0.0	1.0	0.0	0.0	0.0	0.0	0.0	0.0	0.0	0.0	0.0	0.0	0.0	0.0	0.0	0.0	0.0	0.0	0.0	0.0	0.0	0.0
1014926.2820774518	5653.409553655423	31961039.58136241	1030075358051.5592	1543114.8382120254	13313.291567774257	2381203403910.125	177243732.36856914	1047443.6418662826	7991.526228016941	1097138182886.1012	63864491.45308267	1091130.221499347	1188928.6244117348	1.451561	25.251965	0.0742397601187233	0.0384895646592756	-0.119200353	-0.038275407	-0.1478362774	0.0148410073	0.1897273901	0.0586934512	0.0143520204	0.0674829166	0.0573751142	-0.1607342938	0.0366620127	0.0047435584	0.0007459722	-0.069917453	0.1116917374	-0.0877985612	0.010789437	-0.0514973193	-0.10566989	-0.0164698001	0.2082738285	-0.0352844769	-0.1144170079	-0.1851075805	0.0014016791	-0.0284785817	-0.0082760182	-0.0393183695	-0.0522321046	0.0784000984	0.185903144	-0.0315202749	-0.1310413385	-0.0169543959	-0.0554291411	0.0070219918	0.0926933332	-0.0426865459	0.012556646	0.0988249878	-0.0572498569	-0.0439620407	-0.0292667357	-0.1584297031	0.0613299505	0.0309548673	0.0636807901	0.0350834219	-0.0783098043	-0.0288108611	0.1326227395	0.0519251311	0.1941793972	0.0303555787	-0.0966909613	-0.1023438337	0.0907168087	0.1522452236	-0.0529679759	-0.0308243729	-0.1489798713	0.0396165247	0.0762250579	-0.0140996841	-0.0800829275	-0.1143639261	-0.0036961871	0.1466641655	-0.0162657679	0.0781063871	-0.1214888904	-0.0147173779	-0.0379355794	0.0276337002	-0.1180175378	-0.0829673974	0.0188588577	-0.0514005025	0.1778604831	-0.0246525378	-0.0337921255	-0.1064651613	0.0638567146	-0.0260683224	0.1211929488	0.0417689625	0.0652263131	-0.0885041522	0.0061070595	-0.0385263895	-0.2093261793	-0.1016775187	-0.0208828812	-0.0922039929	-0.074630698	0.0525047817	0.0352141492	0.0524223074	-0.0678715947	-0.1140484259	-0.0162286737292305	-6.812553191080234e-05	4.641088098129748e-09	0.0002633698510098	0.0099760373534252	-0.0087382700936018	7.635736422873563e-05	9.952132127693488e-05	0.0118263585014517	0.0039817575824657	0.0001398627554048	1.5854393445523094e-05	0.0017019075742258	0.0005856411517335	3.429755586037405e-07	2.8964893912071477e-06	0.0008361789218018	0.0003943576883928	1.5551798639459157e-07	6.991951892656207e-07	-0.0009682137263053	0.0002490332980885	9.374378198059944e-07	6.20175835568357e-08	0.0	0.0	0.0	0.0	0.0	0.0	0.0	0.0	0.0	0.0	0.0	0.0	0.0	0.0	0.0	0.0	0.0	0.0	0.0	0.0	0.0	0.0	0.0	0.0	0.0	0.0	0.0	0.0	0.0	0.0	0.0	0.0	0.0	0.0	0.0	0.0	0.0	0.0	0.0	0.0	0.0	0.0
1019970.9298400574	5044.647762605571	25448471.048761398	1040340697718.7913	1529166.1736550634	-13948.664556961972	2338349186650.868	194565242.92264715	1046260.6769254094	-1182.9649408732075	1094661404080.4158	1399406.0513351513	1088573.3629409843	1202770.522244041	1.420251	24.707281	0.0930671835983075	0.0476948631998675	0.0404054522	0.0257805227	-0.0980540542	0.1422722039	-0.0011002552	-0.187970119	0.1043065175	0.0823586157	-0.0025837867	0.0481266902	0.0146459783	-0.0726128439	-0.035903268	-0.1041374354	0.0248965688	0.0001211428	0.0400429818	-0.0779387113	-0.0262511054	-0.1819551111	0.0458908608	-0.0170572909	-0.0188216324	-0.0492292654	0.0253072508	0.1311543034	-0.0394801196	-0.117713273	0.0168949863	0.0638175501	0.036346012	-0.0641934707	-0.0583173655	-0.1127911653	0.0117258381	0.0334414865	0.0044876913	-0.0748387632	0.0894717846	-0.0246725338	-0.0003319027	-0.1472999078	0.0916019903	0.0356399341	-0.0303971436	0.0880922461	0.1517959582	0.0107260634	-0.0346818208	0.0312262434	-0.0393377016	0.0335521934	-0.0248351028	-0.033292446	-0.0984215234	-0.010495018	0.0060310055	0.0331755415	-0.088835406	0.1006412813	-0.1647733064	0.0472829061	-0.0478786818	-0.059312101	-0.0081572743	-0.0560820297	-0.0244200911	-0.0446901421	-0.0950127693	0.0171465359	-0.1182758344	-0.0145378597	-0.0487514266	0.0147957381	-0.0280486585	0.0584624826	0.0415593116	0.0498862566	0.1121498881	0.1705041559	-0.0558219507	-0.0382512521	0.0372311794	0.0025117238	-0.035955674	0.1706802451	-0.0497469784	-0.0426886506	0.0327401599	0.0015476712	-0.1156553141	-0.0526739782	0.0497616988	0.0281312349	0.1174025001	0.0113191728	-0.0134676363	0.0502561585	-0.0717239676	-0.112689161	-0.0135834766862643	0.0026451970429662	6.997067396117139e-06	0.0001845108388862	0.026586596405437	0.0166105590520118	0.0002759106720203	0.0007068471084255	-0.0290785008272678	-0.0409048593287195	0.0008455592103614	0.0016732075167023	0.0012918039755689	-0.0004101035986569	1.681849616313398e-07	1.668757511295615e-06	0.0008370339591754	8.550373736000011e-07	7.310889102527878e-13	7.006258488128451e-07	-0.0007210409988436	0.0002471727274616	5.199001220133764e-07	6.109435720085581e-08	0.0	0.0	0.0	0.0	0.0	0.0	0.0	0.0	0.0	0.0	0.0	0.0	0.0	0.0	0.0	0.0	0.0	0.0	0.0	0.0	0.0	0.0	0.0	0.0	0.0	0.0	0.0	0.0	0.0	0.0	0.0	0.0	0.0	0.0	0.0	0.0	0.0	0.0	0.0	0.0	0.0	0.0
1020493.8136379214	522.883797863964	273407.46606864274	1041407623673.2686	1543724.7775580168	14558.603902953444	2383086188846.5483	211952947.60309124	1047933.8779563372	1673.2010309278269	1098165412568.6074	2799601.689897942	1092123.1533101045	1249527.3237473972	1.535415	26.710722	0.056486828624125	0.0337259289187726	0.0780729841	-0.0885444567	0.1224452379	0.1077237148	-0.0692694152	-0.011174905	0.1887483826	-0.0440301272	-0.045798601	0.0743005629	0.1578558652	-0.0964678801	-0.1205256013	0.0719843614	0.0190173903	-0.0258171632	-0.0405818224	-0.0386558671	0.049920654	0.0027943312	0.0854298139	-0.0460294498	0.0876840801	0.1605376763	0.1794785811	-0.0104345575	-0.0066495937	0.0671563143	-0.0942396053	0.0840465438	0.037419711	-0.0351498342	0.0334969668	-0.1125573005	-0.0472079206	0.0011522442	0.0065630876	-0.0298290716	-0.1479571198	0.083961898	0.048384117	-0.1584405586	-0.1295930918	0.0932477482	0.1139548574	0.1450237069	-0.0070911528	0.0762533025	0.0922470526	0.0230553733	-0.005742296	0.0988728788	-0.104426535	-0.0063778522	0.0465498134	0.0458305146	-0.0122157628	0.0689348016	0.0956195632	0.1570199765	0.0749231281	-0.0239389197	0.0424641434	0.0132968081	0.011785386	-0.0904403715	0.035144749	0.1046324283	-0.1645884214	0.0274572718	-0.0646533112	-0.0609443319	-0.0115967705	0.0072904501	-0.0293894752	0.0254812349	-0.0365373826	0.027051303	-0.0867267724	0.0437310037	-0.1116108491	0.0920225674	0.0278054236	0.042651932	-0.0814584253	0.1484526071	-0.1133558184	-0.0781338514	-0.0425621301	0.0697252269	0.0164521073	0.0388918579	-0.061123805	-0.1079620657	0.0063984681	0.0115719562	-0.0574158689	0.0480679655	-0.0754505123	-0.1108851636	-0.0065477001755027	0.0070357765107615	4.950215110938466e-05	4.287237758827809e-05	0.0047039154127901	-0.0218826809926469	0.0004788517274259	2.2126820210684258e-05	-0.0257086328904563	0.0033698679368114	0.0006609338050962	1.1356009911550184e-05	0.001291127244071	-6.767314979000318e-07	4.579655202500208e-13	1.6670095603823757e-06	0.0003670440300274	-0.0004699899291479	2.20890533500542e-07	1.3472131997875493e-07	-0.0007077375958114	1.3303403032200053e-05	5.008925045249006e-07	1.7698053223714954e-10	0.0	0.0	0.0	0.0	0.0	0.0	0.0	0.0	0.0	0.0	0.0	0.0	0.0	0.0	0.0	0.0	0.0	0.0	0.0	0.0	0.0	0.0	1.0	0.0	0.0	0.0	0.0	0.0	0.0	0.0	0.0	0.0	0.0	0.0	0.0	0.0	0.0	0.0	0.0	0.0	0.0	0.0
1015824.4834102442	-4669.330227677128	21802644.77509934	1031899381095.6896	1560454.1344277426	16729.356869725743	2435017105652.6357	279871381.2746399	1046053.6789342024	-1880.199022134766	1094228299211.7794	3535148.3628365304	1092620.2407447735	1239839.6090840416	1.150879	20.021162	0.0740880204207533	0.0450411063437685	0.0476109097	-0.1269462225	0.1538843056	-0.0675981012	-0.0845958926	0.1810280596	0.1249516184	-0.0949367164	0.1330440227	0.0328307853	0.1340844984	0.0241292326	-0.1508979156	0.0679175075	-0.0329683022	0.0703206499	-0.1040451278	0.0274852832	0.0184862191	0.0857691916	0.0399993968	-0.1761719177	-0.0925279039	-0.0075786863	0.1137382529	-0.1343112534	0.1718819104	0.0756202611	-0.0192867883	-0.0362955143	0.1104344322	-0.077338447	0.0500251536	0.0413872621	0.0239403049	-0.1130857634	-0.1019917958	0.1310896973	0.1153065243	0.0273663057	0.097377737	0.1970586389	0.1579613462	0.0886598561	0.1432660306	0.0365116081	-0.1615701979	0.1631683922	0.1023015849	9.3713e-06	-0.0227054978	-0.0376989183	0.0966409494	0.0295511364	0.0179266637	0.1155482673	-0.0587677532	0.1113272732	0.105243355	0.0045868049	-0.0002465502	0.0804717878	0.1430921103	0.1605808007	0.0037798549	0.1809863387	-0.0130528927	0.0297524516	0.018217219	0.1017899814	0.0079375547	-0.0842044214	0.1318158074	-0.0258580896	-0.0093931433	-0.0662729116	-0.0397677456	-0.0966915749	-0.1461441037	-0.1127197941	-0.0246679256	0.0242838965	0.0561368836	0.0793756099	-0.0772521446	0.0412970789	-0.107060229	0.0155177409	0.0071108876	0.0319968567	-0.0336450899	-0.0246795684	-0.0145542538	-0.1745101781	-0.0713408853	0.1018963342	0.1131010507	0.0458586883	-0.0790446912	-0.108643553	0.0005868883871897	0.0071345885626924	5.090235395890121e-05	3.4443797901812725e-07	0.04192238064158	0.0372184652287898	0.0013852141539866	0.0017574859986575	-0.0317869321737873	-0.006078299283331	0.0010104090570209	3.694572217774215e-05	0.001694103005221	0.00040297576115	1.6238946407442193e-07	2.869984992298824e-06	0.0002969012677536	-7.01427622738e-05	4.92000709939882e-09	8.81503627936949e-08	-0.0007077524193064	-1.4823495000058916e-08	5.009134870340622e-07	2.197360040167717e-16	0.0	0.0	0.0	0.0	0.0	0.0	0.0	0.0	0.0	0.0	0.0	0.0	0.0	0.0	0.0	0.0	0.0	0.0	0.0	0.0	0.0	0.0	0.0	0.0	0.0	0.0	0.0	0.0	0.0	0.0	0.0	0.0	0.0	0.0	0.0	0.0	0.0	0.0	0.0	0.0	0.0	0.0
1013801.3478538304	-2023.135556413792	4093077.479625744	1027793172910.2432	1544147.2766350212	-16306.857792721365	2384390811939.3525	265913611.07203743	1046874.5881973924	820.9092631899985	1095946403413.46	673892.0183911462	1091801.4565004357	1212723.2069762324	1.515192	26.35891	0.0821536014208647	0.0436417627151771	-0.0879682656	-0.0166328174	0.04451569	-0.1638552771	0.0671802189	0.1258604163	-0.0699594881	-0.0690371122	0.0007387225	-0.1130602415	0.0552868977	-0.0176696032	0.0952039629	0.0461936218	0.0297805167	0.1073102507	0.0703363835	0.0318874574	-0.057323521	0.1506537679	0.0645851876	-0.0868220047	-0.1832242601	-0.0771036661	-0.1437847384	-0.0483369414	0.0492129158	-0.0137257183	0.0497397225	-0.0576487898	-0.0303484444	0.0695535344	-0.1143390796	-0.0764302535	0.1396184946	0.0884482586	-0.0416374466	0.0940301301	-0.0895655519	0.0811810553	-0.0774914361	0.030045192	0.0573697208	-0.0834982155	0.0751672731	0.0363590269	-0.1465113574	-0.0555215142	-0.0835456051	-0.0896081906	0.0171048389	-0.0666933236	0.1534046591	0.0895615964	-0.0469632652	-0.1356853099	-0.0151178117	-0.1160214396	-0.0923654309	0.0064529089	-0.0132378862	0.0486665037	0.1335503966	0.1068958002	-0.0273453434	0.0046419138	-0.1442386576	-0.0124851634	0.0613258635	0.115126835	0.0136833714	0.016545012	0.1295660083	0.0372813292	-0.0572096979	-0.1131038666	0.1410603701	-0.062219104	0.050392765	-0.118122231	0.0965132278	-0.0223408001	0.0376953686	-0.032911359	-0.0252309466	-0.0650020572	0.0058342579	-0.0816815496	-0.1401629953	-0.0020749576	-0.1097294614	-0.0129195954	-0.0546136419	0.0231843038	0.028248424	-0.1147633478	0.0637649955	0.043629296	-0.0825001988	-0.105973176	-0.0223071190166734	-0.0228940074038631	0.0005241355750081	0.000497607558824	0.0431948234412118	0.0012724427996318	1.6191106783348229e-06	0.0018657927721174	-0.0183814589819775	0.0134054731918098	0.0003378780343061	0.0001797067114963	0.0016579012285117	-3.620177670929999e-05	1.310568636910015e-09	2.748636483500604e-06	0.0006760235699414	0.0003791223021878	1.4373372001617756e-07	4.57007867116315e-07	-0.0011840619009205	-0.0004763094816141	1.402002585211468e-06	2.268707222754927e-07	0.0	0.0	0.0	0.0	0.0	0.0	0.0	0.0	0.0	0.0	0.0	0.0	0.0	0.0	0.0	0.0	0.0	0.0	0.0	0.0	0.0	0.0	0.0	1.0	0.0	0.0	0.0	0.0	0.0	0.0	0.0	0.0	0.0	0.0	0.0	0.0	0.0	0.0	0.0	0.0	0.0	0.0
1014168.5523046108	367.2044507804094	134839.1086729421	1028537852483.63	1520595.467761076	-23551.80887394515	2312210576575.526	554687701.2348415	1042357.3371361432	-4517.251061249175	1086508818281.5514	20405557.1503568	1085092.7622495643	1188835.9380332476	1.401858	24.3873	0.1088816921767016	0.0792790155170464	0.002747557	0.0429205731	-0.2016322779	-0.0276559469	0.0294654377	-0.0798009263	-0.1205707627	0.1237061521	0.0892769901	0.046053743	-0.0963504385	0.0144737879	0.0272867571	-0.0365529406	0.0323000696	-0.0404978292	0.0862315954	0.0032442047	-0.0334114573	-0.1684613892	0.0364419549	-0.0935167059	0.0535580724	0.1174840805	0.049937136	-0.0620971343	0.0241777287	0.0595809584	0.1426259637	-0.0096431331	-0.1543945855	0.0735407862	-0.0315451808	0.0759837492	-0.2599433946	0.0129731425	-0.0540001769	-0.0767550295	-0.0743199109	-0.0356593957	-0.0108521392	-0.0032138528	-0.1082886664	0.011324297	-0.0890525387	-0.0457891607	0.1159596031	-0.0175468555	-0.1042060186	-0.0027142834	0.0294746003	0.0288658005	-0.063957641	0.0325172226	-0.1462611236	-0.0087573425	-0.0345613939	0.0709550945	0.0471819205	0.0340003386	0.0383485258	-0.0170438528	0.0303390548	0.1292782671	0.1402076778	-0.0994303299	3.58263e-05	-0.1574039076	0.0509435207	-0.1139352385	0.1536299266	-0.1281361798	-0.0651253749	0.0285298799	-0.0987530028	0.0013138155	-0.0306025922	0.034450728	0.1005875061	0.2026789837	-0.0275009751	-0.0203360302	0.0329402209	0.009762114	0.0913918526	-0.0336342302	0.0158476788	-0.043157719	-0.0178146948	0.0142321825	0.0180848587	0.0258689907	-0.0449579822	-0.0335513545	-0.0007997432	-0.1260113207	0.0642174009	0.0413807664	-0.085810973	-0.1028845713	-0.0221579129248397	0.0001492060918336	2.2262457840286318e-08	0.0004909731051847	-0.0315110549004202	-0.074705878341632	0.0055809682587947	0.0009929465809372	-0.0186734972992184	-0.0002920383172409	0.0003486995013839	8.52863787368975e-08	0.0012917980839691	-0.0003661031445426	1.3403151244397996e-07	1.6687422897462375e-06	0.000460674788518	-0.0002153487814234	4.637509766054334e-08	2.12221260776104e-07	-0.0012773013634744	-9.323946255390008e-05	1.6314987731335617e-06	8.693597377340136e-09	0.0	0.0	0.0	0.0	0.0	0.0	0.0	0.0	0.0	0.0	0.0	0.0	0.0	0.0	0.0	0.0	0.0	0.0	0.0	0.0	0.0	0.0	0.0	0.0	0.0	0.0	0.0	0.0	0.0	0.0	0.0	0.0	0.0	0.0	0.0	0.0	0.0	0.0	0.0	0.0	0.0	0.0
1018224.0913042162	4055.538999605342	16447396.577319896	1036780300112.2968	1539571.745121308	18976.27736023185	2370281158375.8696	360099102.45244783	1043101.5286537296	744.1915175863542	1088060799079.7474	553821.0148474809	1086104.415042465	1195826.2805093783	1.432328	24.917376	0.11900297919402	0.0867654657655123	-0.0476419095	-0.1112302851	-0.0197001691	0.1192124037	0.0471976414	-0.0061866787	0.13139137	0.0754006886	-0.1016577188	-0.0138948851	0.0560614163	0.1413005155	-0.0567447749	-0.0710079273	0.1171682974	-0.069748294	-0.0233810688	0.0273544324	0.053179726	0.0775999029	-0.005939562	-0.0797334599	0.0099167371	0.0233298462	0.1930367708	0.0607474746	-0.0998422431	-0.0672839101	0.001979944	-0.0233930303	-0.0391616734	-0.107673442	0.0003716196	0.0523039733	-0.021069318	0.0992996673	0.1262791389	0.1031047306	0.0299082366	0.0184062896	0.0480977341	0.0661094584	0.0907736896	-0.0253448608	0.097704867	-0.1074151346	0.1281050622	0.0457832726	0.0742935549	-0.0313865455	0.0868486334	0.0176040961	-0.036938024	0.0321078926	0.1439245481	0.0713615442	-0.0788250053	0.0060400838	0.0145408054	0.1884690602	0.0091859492	0.0365154215	-0.0290639036	-0.0336040935	-0.0299743822	-0.0690941448	0.0587819113	-0.0669156771	0.0145400525	0.0666608293	-0.1290769482	-0.0282104688	0.0553135133	0.0434491557	-0.0218442806	-0.0229780769	-0.1119864989	0.0457651965	0.0059661623	-0.0195010188	-0.1158606846	-0.110520461	0.051253316	-0.021607508	-0.1283060563	0.056651375	-0.0552064164	-0.01458992	0.0574995851	-0.0091296424	-0.0807214315	0.1048741703	0.0040563844	-0.0534143239	-0.027237726	-0.0291178747	0.057077518	0.0391140859	-0.0889712056	-0.0993899282	-0.0222119007442671	-5.398781942739933e-05	2.9146846465254766e-09	0.0004933685346731	0.0539198370036189	0.0854308919040391	0.0072984372915196	0.0029073488224968	-0.0226367939224019	-0.0039632966231834	0.0005124244390852	1.5707720123337728e-05	0.0010068989772484	-0.0002848991067206	8.116750101025277e-08	1.013845550383874e-06	0.0006729056534626	0.0002122308649446	4.504194003513306e-08	4.528020184619287e-07	-0.0011833352781923	9.39660852821002e-05	1.400282380614448e-06	8.829625183242925e-09	0.0	0.0	0.0	0.0	0.0	0.0	0.0	0.0	0.0	0.0	0.0	0.0	0.0	0.0	0.0	0.0	0.0	0.0	0.0	0.0	0.0	0.0	0.0	0.0	0.0	0.0	0.0	0.0	0.0	0.0	0.0	0.0	0.0	0.0	0.0	0.0	0.0	0.0	0.0	0.0	0.0	0.0
1019045.5125650167	821.4212608005619	674732.8876951847	1038453756678.8976	1542263.0803006329	2691.3351793249603	2378575408858.3965	7243285.047472117	1046459.2237340813	3357.6950803516665	1095076906938.136	11274116.252617784	1089038.9097887632	1216553.6727806744	1.448826	25.20438	0.0975197854966261	0.0577538735963786	-0.0915000979	0.0242666158	0.1518833621	-8.02951e-05	0.0730435058	-0.0049688483	0.0629645418	-0.1653780804	-0.0541470935	-0.1126212596	0.0147246478	-0.0050207644	0.0133736453	0.0107866727	0.0331529758	0.095193392	0.0408149331	-0.001009591	-0.0433735666	-0.1302787114	-0.0045221746	-0.0844409665	-0.156808115	-0.0603507124	0.1140482612	-0.0219257163	0.0995082911	-0.144696259	0.0502177205	-0.0508983981	-0.1305439532	0.0527033953	-0.0091520723	-0.0614313739	0.0392529662	0.0307930695	-0.0675051363	0.1064346095	0.0275093846	0.0630957926	0.0063407809	0.0461819455	-0.0971828288	-0.1085227477	0.0306462732	0.0075601086	-0.0410218821	0.0085962829	0.0185477518	-0.0260069488	-0.0418326004	-0.020227296	-0.0402277148	-0.023911467	-0.0510060911	-0.0244523836	-0.0259413345	-0.0712568294	0.0233588074	0.1342266103	-0.2158130087	0.1015057264	-0.0477946127	0.217404873	-0.0034190109	0.012489787	-0.1320879231	0.0242037485	0.0483282243	-0.0385886415	0.0031674987	-0.0106944819	0.1325436225	0.047619389	-0.0545954221	0.01816859	0.0945607502	0.0321298176	0.0501076232	-0.1482731242	0.0711285967	0.0875451203	0.0164494719	-0.0111353353	-0.097697234	0.017566345	-0.0312334591	-0.0430128352	0.0219250576	-0.0144089081	-0.005340232	-0.030487092	0.0402488527	-0.1551698494	-0.0215168642	-0.1206981465	0.0323773351	0.0368302486	-0.0919753525	-0.0955030384	-0.0221757079575155	3.619278675159876e-05	1.3099178128467027e-09	0.000491762023417	0.013135542124786	-0.0407842948788329	0.0016633587087635	0.000172542466912	-0.0324610060875585	-0.0098242121651566	0.0010537169162165	9.651514466601098e-05	0.0017893068427349	0.0007824078654864	6.121620679751409e-07	3.201618977457936e-06	0.0005179414970784	-0.0001549641563842	2.40138897638668e-08	2.682633943958143e-07	-0.0011834649696393	-1.2969144700010482e-07	1.4005893343633492e-06	1.6819871424980996e-14	0.0	0.0	0.0	0.0	0.0	0.0	0.0	0.0	0.0	0.0	0.0	0.0	0.0	0.0	0.0	0.0	0.0	0.0	0.0	0.0	0.0	0.0	0.0	0.0	0.0	0.0	0.0	0.0	0.0	0.0	0.0	0.0	0.0	0.0	0.0	0.0	0.0	0.0	0.0	0.0	0.0	0.0
1017136.3511797084	-1909.161385308369	3644897.195152571	1034566356891.171	1535601.0988264768	-6661.981474156026	2358070734717.083	44381997.16199809	1045374.0900166768	-1085.1337174044456	1092806988078.1952	1177515.184647991	1089948.760915723	1238213.6721077668	1.50262	26.140192	0.0635749278394727	0.0423710237758757	0.0210820321	0.1259120127	0.073112596	-0.1146597688	-0.0469710953	-0.005938225	-0.0459000875	-0.1097341731	0.1720641881	-0.0133969342	-0.0740565732	-0.0544750868	-0.0787712668	0.0744276534	-0.1678368704	0.2681929152	-0.0465203743	-0.084426811	0.1135998729	0.0169192675	-0.0845558119	-0.1281279406	-0.0672303001	0.0426072888	0.0981982456	0.0719304077	-0.0136967572	0.0496065141	-0.1341713147	-0.0666703142	-0.0434223719	0.0173256733	-0.0033570301	-0.1127103079	-0.0224044658	-0.130906656	0.0442534926	-0.0969936326	0.1173322303	0.0673096309	-0.0390529602	-0.0190891277	-0.059774792	-0.0017137771	-0.0922754948	0.0325986562	-0.119404425	0.0637686416	0.0221495547	-0.0282612515	-0.2620201531	-0.0538048327	-0.0327451471	0.0082809529	0.0704273231	0.1024317657	-0.145162428	0.0070620457	-0.1412446447	0.0371486823	0.00849653	0.0194663259	0.1851226443	0.0381335886	-0.0528596611	-0.0120833637	0.040804849	0.0884576543	-0.0270967058	-0.0555937943	0.1005508093	-0.0159613486	-0.1454448282	0.0244278812	-0.0249591722	0.0241773617	0.0609124947	0.0313643286	-0.0805121719	0.0166148966	0.202803286	0.0369897392	0.0270400409	0.0680523042	-0.0075396367	0.0596683358	-0.0728352937	0.0303097173	0.0622309877	-0.0278409662	0.0805957146	0.0081177346	0.0320674419	0.0322664075	-0.1492662251	-0.0219355651	-0.0678547774	0.0345302564	-0.0948181434	-0.0912392418	-0.0121821660452923	0.0099935419122232	9.987087995136173e-05	0.000148405169555	0.0532674446292418	0.0401319025044558	0.0016105695986271	0.0028374206573293	-0.0290951178351548	0.0033658882524037	0.0008465258818415	1.1329203727669254e-05	0.0015883084732935	-0.0002009983694413	4.0400344518101514e-08	2.5227238063359288e-06	0.000518560541098	6.190440196000195e-07	3.8321549820254944e-13	2.6890503478385057e-07	-0.0011834104796925	5.448994679991062e-08	1.4004603634460332e-06	2.9691543022570898e-15	0.0	0.0	0.0	0.0	0.0	0.0	0.0	0.0	0.0	0.0	0.0	0.0	0.0	0.0	0.0	0.0	0.0	0.0	0.0	0.0	0.0	0.0	0.0	0.0	1.0	0.0	0.0	0.0	0.0	0.0	0.0	0.0	0.0	0.0	0.0	0.0	0.0	0.0	0.0	0.0	0.0	0.0
1013176.1877465604	-3960.163433147944	15682894.417242108	1026525987416.6534	1532119.9730683018	-3481.12575817504	2347391611874.814	12118236.544229744	1042390.339675561	-2983.7503411158687	1086577620248.9312	8902766.098109063	1086510.199695122	1235409.3214974946	1.170977	20.37081	0.1225283904519679	0.0726648689661009	0.0576487803	0.0667721393	-0.0556627045	-0.1390005027	-0.0619823096	0.0367899505	-0.1510285658	-0.010779794	0.0498158054	0.0097713284	-0.1517236128	-0.019629015	-0.0434248082	0.0546277346	0.0559145262	0.0294549366	0.0317489609	0.0458380885	-0.0150477987	0.1373662123	0.0805982726	-0.1226509103	-0.1084467545	-0.0098164821	-0.0810364326	0.16894809	-0.0798726974	-0.0043150655	0.0813227975	0.049634476	0.0250783811	0.065511499	0.1097829693	0.1034398776	-0.0276871933	0.0564140659	-0.0417694054	-0.0997866546	-0.0713506692	0.0753258486	-0.0149973406	0.0625473045	-0.1327795821	-0.0015889514	-0.1366586604	-0.0467561112	-0.0824145871	0.0742259489	0.0177713932	-0.0597496633	0.11757093	-0.0122512799	0.0850210972	0.125593576	0.0006520915	-0.1184418162	-0.1151675974	-0.0866252039	-0.1069262096	0.008873384	-0.0213217279	0.0154308308	0.0949257405	-0.0555356571	0.0517706824	-0.0581144063	0.050767449	-0.0752124478	-0.0391738516	0.0542720558	0.0529882802	0.0153183025	0.07129158	0.0285014949	-0.1739729986	0.0123215347	-0.0773210873	-0.1251037224	0.0192808372	-0.0014118619	0.070440911	0.016575675	-0.0255908707	0.1143730894	0.0484916664	0.0160047722	-0.0699970555	0.021705999	-0.0716693162	-0.0264646751	-0.0051042388	-0.0177786729	-0.0118916175	0.1619756895	-0.0176028848	-0.0557352127	-0.0069929539	0.032215118	-0.097494591	-0.0866153656	-0.0221712222103036	-0.0099890561650112	9.97812430677502e-05	0.0004915630942986	-0.0125469105454243	-0.0658143551746661	0.004331529347057	0.0001574249642348	-0.0248864052194193	0.0042087126157355	0.0006193331647451	1.771326188185116e-05	0.0021901632664437	0.0006018547931502	3.622291920378703e-07	4.796815133679338e-06	0.000270204514666	-0.000248356026432	6.168071586509229e-08	7.30104797458886e-08	-0.0011832959693436	1.1451034890013617e-07	1.4001893510648098e-06	1.3112620005230915e-14	0.0	0.0	0.0	0.0	0.0	0.0	0.0	0.0	0.0	0.0	0.0	0.0	0.0	0.0	0.0	0.0	0.0	0.0	0.0	0.0	0.0	0.0	0.0	0.0	0.0	0.0	0.0	0.0	0.0	0.0	0.0	0.0	0.0	0.0	0.0	0.0	0.0	0.0	0.0	0.0	0.0	0.0
1013929.0631018004	752.8753552399576	566821.3005276923	1028052145002.4948	1539431.3646492616	7311.391580959782	2369848926465.888	53456446.85012958	1043667.6959520922	1277.356276531238	1089242259573.9489	1631639.057193749	1088138.8020470382	1207688.7137116569	1.570186	27.315609	0.0611005198568415	0.0350675702248555	0.0558660841	-0.1062792362	-0.1077305823	-0.0242826519	-0.0690726439	0.0481625774	0.0046148612	0.1321915968	-0.0117838605	0.1179708191	0.0576574211	-0.0028974447	0.0067007455	0.0222704263	0.1297589759	0.018337284	0.0746433366	-0.0734192214	-0.005526824	0.0372460562	0.1449731851	0.0890883951	-0.1404403658	0.0769671476	-0.0373496944	0.0421518718	0.0632633812	-0.0655757227	-0.157537895	0.0510058646	-0.0810318421	0.0595689199	-0.0074201162	-0.0454788201	-0.0460332607	-0.0824572916	0.0712412035	0.1027336986	-0.0329690724	-0.0065230998	-0.0058084239	0.0182707552	0.0209841479	0.103377676	0.0563681399	-0.003798882	0.0440035812	-0.0045163895	-0.0596830766	-0.0884397638	0.0230915398	0.0957301405	-0.0137752584	0.02053922	0.001357588	-0.1318857294	0.1045293862	-0.0597577648	-0.0577780761	0.0898809044	-0.053865503	-0.1209650551	0.1561200197	0.0356774416	-0.06681315	0.0544792148	0.0253678364	0.1011343966	-0.1055716229	-0.1134446295	0.0501138646	0.021734488	0.0754560472	0.0385772654	-0.1273403726	-0.0614634079	0.1082328087	0.0033474626	0.0324310336	0.1478494667	-0.1228769442	0.0634141524	-0.0558493144	0.0575431121	-0.0220737133	0.0361166506	-0.0602235667	0.0101801743	0.0333699614	0.0693016091	-0.106984162	-0.0463684837	-0.0270843393	0.0618830252	0.0894016553	-0.0353742596	-0.0889334195	0.0298858491	-0.1	-0.0816496581	-0.0286279147473464	-0.0064566925370428	4.168887851790422e-05	0.0008195575027813	-0.0254859235937061	-0.0129390130482818	0.0001674180586636	0.0006495323014242	-0.0262757330500562	-0.0013893278306369	0.0006904141473178	1.930231820982241e-06	0.0016318108827506	-0.0005583523836931	3.117573843757669e-07	2.662806757063293e-06	0.0005180347285307	0.0002478302138647	6.141981490422292e-08	2.68359979963876e-07	-0.0011834231006034	-1.2713125980006078e-07	1.400490235041765e-06	1.616235721835054e-14	0.0	0.0	0.0	0.0	0.0	0.0	0.0	0.0	0.0	0.0	0.0	0.0	0.0	0.0	0.0	0.0	0.0	0.0	0.0	0.0	0.0	0.0	0.0	0.0	0.0	1.0	0.0	0.0	0.0	0.0	0.0	0.0	0.0	0.0	0.0	0.0	0.0	0.0	0.0	0.0	0.0	0.0
1015208.6881969516	1279.6250951512484	1637440.3841408414	1030648680590.5752	1543051.8117088608	3620.447059599217	2381008893617.9976	13107636.911360616	1043625.7769481504	-41.91900394181721	1089154762310.6304	1757.2028914740868	1088577.6597070992	1208427.2461064465	1.396071	24.286638	0.0562013479866415	0.0389677377597806	-0.0948342596	-0.064838887	0.0325156545	-0.0167045921	0.08676909	0.1000351063	0.034065569	-0.0062224894	-0.0609181516	-0.0336730735	0.0453667569	0.1696820886	-0.1146885692	-0.028969098	0.0021963655	0.0442996021	0.0690574148	0.0082270418	-0.0206173828	-0.0636021786	-0.0266978888	-0.0200819689	0.0992993426	0.0788647529	-0.0693230387	-0.0043225649	0.1106073921	0.0613907549	-0.04999315	-0.1115111209	0.0788973262	0.1442580465	0.0635671815	0.0211656218	0.0730252939	-0.0394386721	0.1388457475	0.029431178	0.0320700736	0.1456259182	-0.1011222054	0.0072411884	-0.0133419801	-0.0417898399	0.0959899485	-0.1279608805	0.0352259498	0.1136692904	-0.0071041419	0.0217907748	-0.0903584585	-0.0398050778	-0.116214418	0.038890273	-0.0632468173	0.0026763945	-0.0233849222	-0.0377757419	0.1146839708	0.0211980978	0.0692076412	0.0124276252	-0.0320373934	-0.0392292916	0.1000530766	0.0563467692	0.0272655484	0.1972505296	0.0112408509	-0.0632281837	0.0264392246	0.101921924	0.0710778579	0.0204728456	-0.1236219816	-0.082253338	0.0278734947	0.0613006168	-0.0014943288	-0.0307210921	-0.0343395161	0.0104961612	-0.0311539316	0.1262416509	-0.0103130841	0.0191789919	-0.135368662	-0.0623717241	0.0442484173	-0.0853885888	0.035287216	0.0305707214	-0.0645693892	0.1120792189	-0.1315727538	0.0030174501	-0.1778368102	0.0275434712	-0.102329975	-0.0763617167	-0.0222358044572246	0.0063921102901218	4.085907396108102e-05	0.0004944309998599	0.0127386457617575	0.0382245693554636	0.0014611177024106	0.0001622730958435	-0.0309793279423473	-0.004703594892291	0.0009597187597595	2.21238049107869e-05	0.001494805952135	-0.0001370049306156	1.8770351012985377e-08	2.234444834538224e-06	0.0005186158306877	5.811021570000224e-07	3.3767971687007865e-13	2.689623798398931e-07	-0.0011833876644007	3.5436202700054465e-08	1.4004063642557438e-06	1.255724461799347e-15	0.0	0.0	0.0	0.0	0.0	0.0	0.0	0.0	0.0	0.0	0.0	0.0	0.0	0.0	0.0	0.0	0.0	0.0	0.0	0.0	0.0	0.0	0.0	0.0	0.0	0.0	0.0	0.0	0.0	0.0	0.0	0.0	0.0	0.0	0.0	0.0	0.0	0.0	0.0	0.0	0.0	0.0
1013040.4891416492	-2168.1990553024225	4701087.143414318	1026251032640.352	1526552.228243671	-16499.583465189906	2330361705555.717	272236254.5247681	1041511.9232868406	-2113.8536613098117	1084747086348.6536	4468377.301432895	1084385.2691637632	1195707.9851029252	1.360227	23.663069	0.102395346254474	0.0574561434070233	-0.0757423259	0.0896073841	-0.0103194376	-0.0172158272	0.0901930328	-0.0542615903	-0.0976117365	-0.0331773344	0.0065728315	-0.0467847723	-0.1496878669	0.0905951972	-0.1504855209	0.0047503024	-0.0184444245	0.0128818238	0.0941857652	-0.1493001679	0.0006805402	0.0234590619	0.0971680025	0.1214137239	-0.1445725069	0.0337346338	-0.0100131221	-0.0196793786	0.0104088841	-0.0242375282	-0.0253510061	-0.0269337865	0.1213438188	0.132059199	0.0760410643	0.1624453634	0.171897396	0.1023531839	0.0419326566	-0.0417757067	-0.0375653332	-0.0795842677	-0.070104308	-0.0344639473	0.0478948394	-0.0879332594	-0.1100875948	-0.1189531222	0.0495983164	0.1308103982	0.0297879059	0.0161432383	-0.1088086949	0.1165529552	0.0192651464	0.0616603718	0.0052551636	-0.1277453188	0.0114104694	-0.0017628906	0.0477673935	-0.0498071195	-0.0698120202	-0.1756558833	0.0017120702	0.1078989648	0.0581365188	0.1041732831	0.0477787811	0.0732274251	0.0434975798	0.0346886115	0.005997111	0.17002426	0.0537984329	0.0006099718	-0.1719573777	-0.0030984668	-0.0069383827	-0.0327735718	0.1092618372	-0.087556465	0.0257797497	0.05516639	-0.0481216062	0.1040304067	0.0521242823	0.0841323551	-0.0511672793	-0.0481264784	0.1547200608	-0.0797215415	0.0621839193	-0.1366058131	0.0355866871	0.063964288	0.0272154803	-0.0916058191	-0.0714383543	0.0251890118	-0.1044804285	-0.0707724105	-0.0222412289113549	-5.424454130299738e-06	2.9424702611725893e-11	0.0004946722634872	-0.0281570188039239	-0.0408956645656814	0.0016724553802687	0.0007928177079245	-0.0353007855325984	-0.004321457590251	0.0012461454592185	1.8674995704338832e-05	0.0021650290771032	0.0006702231249681	4.491990372421392e-07	4.6873509047023335e-06	4.571940064157509e-05	-0.0004728964300461	2.236310335503695e-07	2.090263595024857e-09	-0.0011830512265268	3.364378738999856e-07	1.3996102045865655e-06	1.1319044299434259e-13	0.0	0.0	0.0	0.0	0.0	0.0	0.0	0.0	0.0	0.0	0.0	0.0	0.0	0.0	0.0	0.0	0.0	0.0	0.0	0.0	0.0	0.0	0.0	0.0	0.0	0.0	0.0	0.0	0.0	0.0	0.0	0.0	0.0	0.0	0.0	0.0	0.0	0.0	0.0	0.0	0.0	0.0
1016065.6754511568	3025.1863095075823	9151752.207232106	1032389456830.0156	1529856.861352848	3304.633109176997	2340462016228.3867	10920599.986268828	1041104.8786385688	-407.0446482717525	1083899368325.029	165685.34568667473	1084257.369283537	1222264.8889279184	1.42717	24.827646	0.108318749288416	0.0586722415020929	0.0925721845	-0.0175256404	-0.0903903825	0.0307324813	-0.0622763513	-0.0867450811	0.0130139658	0.0773230667	0.0755723626	0.1159282392	-0.0579504536	0.0752421649	-0.0815891832	-0.011257077	0.0287097728	0.0114986771	0.0700171086	-0.091074917	-0.0740063247	-0.0679612361	0.0275821889	0.0479795253	0.0313239222	-0.0033030977	-0.0273616205	-0.0129507678	-0.0287468358	-0.1393858753	0.0261036242	0.0329327245	-0.0422614158	-0.0399089333	-0.140988968	0.0836819834	0.0042622822	-0.0331548106	0.0138444456	-0.0350033628	0.008099619	-0.0889895537	0.1327574517	-0.0472933383	0.054776886	0.093708721	-0.0434283726	-0.0920353004	0.1010832595	0.0564677531	0.0141314813	0.0405695441	-0.0303535324	0.0638317226	-0.043310718	-0.0312787032	-0.0864060764	-0.0991672949	0.048399539	-0.0530378044	0.0838284105	0.1170050842	-0.1061619065	-0.0019376606	0.0079833722	-0.0486824906	-0.0974180769	-0.0382962928	-0.0003189264	-0.0218525066	0.1483501408	-0.0518924684	0.0041418046	0.0742011573	-0.066336969	0.004025357	-0.0890280611	0.0311024296	-0.0227478164	-0.0192935449	0.0181634037	0.15720771	-0.0410463319	-0.0430437211	-0.0165722431	0.1204100885	-0.1199459323	0.0261678922	-0.0893288756	-0.0159563264	0.0370779371	-0.1079083331	0.0272500969	-0.0297048601	0.0649574822	0.0400214302	-0.0735493012	-0.0140029348	0.0782821545	0.0228235037	-0.1064475877	-0.0649037979	-0.0158622587133123	0.0063789701980426	4.069126078751566e-05	0.000251611251488	0.0235202922623045	0.0516773110662284	0.0026705444790357	0.0005532041481042	-0.0478469490713422	-0.0125461635387438	0.0022893305354356	0.0001574062195409	0.0018362795600372	-0.0003287495170659	1.080762449711282e-07	3.371922622610413e-06	0.0004709142256023	0.0004251948249607	1.8079063917338148e-07	2.217602078746139e-07	-0.0011834329742081	-3.8174768129993833e-07	1.4005136044430291e-06	1.457312921778793e-13	0.0	0.0	0.0	0.0	0.0	0.0	0.0	0.0	0.0	0.0	0.0	0.0	0.0	0.0	0.0	0.0	0.0	0.0	0.0	0.0	0.0	0.0	0.0	0.0	0.0	0.0	0.0	0.0	0.0	0.0	0.0	0.0	0.0	0.0	0.0	0.0	0.0	0.0	0.0	0.0	0.0	0.0
1016157.4674056012	91.7919544443721	8425.762900717682	1032575998564.1654	1548402.863462553	18546.002109705005	2397551427579.033	343954194.2531825	1042756.9676698	1652.0890312312404	1087342093623.9164	2729398.167114578	1088859.319033101	1236076.9659017809	1.29967	22.609594	0.0547585615360323	0.0320720390714711	0.0711191446	-0.0909360019	0.0505480552	-0.0057116297	-0.1018135905	0.0530759816	0.0733145294	-0.0431262848	0.022531615	0.1178691907	0.0067603472	0.0475895504	0.0116627078	0.0903466211	0.074770446	-0.1064342169	0.0517091459	0.0011530911	-0.005203495	-0.092450313	0.0376396552	-0.0540450753	0.0752059731	-0.0889163269	-0.0473164445	0.0417235921	0.0530503247	-0.0363814329	0.1147730929	-0.001785174	-0.0837632582	-0.0492257613	-0.1767409542	0.0503980491	-0.0281364853	-0.1225493414	0.060400375	0.0111372593	-0.027194684	0.0329943907	0.0647963814	0.0594190593	-0.0591744989	0.1258770052	0.023315666	-0.0417599611	-0.0396806191	0.0324535274	-0.0780436906	0.0397165351	0.0763642418	0.1010325051	-0.0282875848	0.045776861	-0.0643499907	0.0289885857	0.064524153	0.0539451281	0.0426105288	0.0639143951	-0.06182078	0.1028524855	-0.0720926108	-0.1204684889	0.0161482615	-0.013726708	-0.1556260797	0.0012277541	0.1594771514	-0.0315669542	-0.0658054538	0.0446228294	0.0634849839	0.0206189606	-0.0631081833	-0.0402462382	-0.0681417329	-0.0427014158	-0.0877020792	0.0462320594	-0.0460717206	0.0253260052	-0.0119716898	0.1005871222	-0.1283743983	0.0302274855	-0.0496927483	0.1080633927	0.0546948488	-0.0542206108	0.0198517293	0.1379835506	0.0478119057	0.0601968127	0.0731626742	-0.1308657525	-0.0443549754	0.0204479845	-0.1082280018	-0.0587790397	-0.0222814647113409	-0.0064192059980286	4.120620564512637e-05	0.0004964636696827	0.0330605567759931	0.0095402645136886	9.1016646991146e-05	0.0010930004143386	-0.0183313982148121	0.0295155508565301	0.00033604016051	0.0008711677423644	0.0018973522443486	6.10726843114002e-05	3.729872768999948e-09	3.59994553913467e-06	0.0005948768598544	0.000123962634252	1.536673469071991e-08	3.538784783902314e-07	-0.0011840684590003	-6.354847922000056e-07	1.4020181155993449e-06	4.038409211174844e-13	0.0	0.0	0.0	0.0	0.0	0.0	0.0	0.0	0.0	0.0	0.0	0.0	0.0	0.0	0.0	0.0	0.0	0.0	0.0	0.0	0.0	0.0	0.0	0.0	0.0	0.0	0.0	0.0	0.0	0.0	0.0	0.0	0.0	0.0	0.0	0.0	0.0	0.0	0.0	0.0	0.0	0.0
1011887.2023015524	-4270.265104048769	18235164.058856644	1023915710181.6628	1534965.762921941	-13437.100540611891	2356119893342.5366	180555670.9385124	1041443.6433065494	-1313.3243632506346	1084604862183.6191	1724820.883107685	1085716.35959277	1222974.7468301395	1.271604	22.121349	0.0573773669458226	0.0297035299916155	0.0732069776	-0.1178394065	-0.0471858058	-0.1217321827	-0.0950304656	0.0800775452	-0.0532581911	0.0948755291	-0.0559597963	0.189815383	0.0401225659	0.1001045377	0.040167643	0.0653558064	-0.1384746855	0.1083867697	0.1381871616	-0.0907854821	-0.0898305086	0.1028959997	0.0590482066	0.0255545649	0.1266531092	-0.0193888204	-0.0961766558	-0.0085690035	0.1138497533	-0.1028650686	0.1347614137	0.028174683	0.0883874572	0.060232314	-0.0160265403	0.1883434008	0.0822326347	-0.0036903494	0.0113130594	-0.1775293727	-0.0013551702	0.0621508107	-0.0621122347	0.0206531208	-0.0118756851	0.1735238504	0.0301430594	-0.101624558	0.0014653942	-0.0454804979	-0.022119408	0.0925785968	-0.1184377817	0.0351991358	-0.0048998569	0.0289520113	-0.0230831248	-0.3067446348	-0.0887370847	-0.0011365714	0.1137643117	-0.1610818341	-0.0166533881	0.0225773982	0.0284149722	-0.0452361526	0.0946835282	0.1002329097	-0.1019208761	-0.0250902883	0.1715306532	0.0390402002	0.0356694152	0.1097478647	-0.1261091771	0.0121738683	-0.1008745236	-0.0939485018	0.0663988869	-0.1255164987	-0.0311842183	0.0824775813	0.0537441441	-0.0347339501	-0.0283300236	0.064475377	-0.2030040373	-0.0307520377	-0.0314414128	0.1348326822	0.0141578343	-0.0850156498	0.1523677458	-0.0762397047	0.070835038	0.0821776604	-0.0998333206	0.0558164337	0.0738011471	0.0180634961	-0.1098185471	-0.0524223074	-0.0222265227370996	5.494197424130154e-05	3.0186205335318413e-09	0.0004940183129828	0.0541539219539259	0.0210933651779327	0.0004449300545296	0.0029326472629918	-0.0185016231250756	-0.0001702249102635	0.0003423100582623	2.8976520074216648e-08	0.0016721540120894	-0.0002251982322592	5.071424381266866e-08	2.796099040146677e-06	0.0003211966342306	-0.0002736802256237	7.490086589749405e-08	1.0316727784106585e-07	-0.0009617702192156	0.0002222982397846	9.250019545700232e-07	4.941650741137595e-08	0.0	0.0	0.0	0.0	0.0	0.0	0.0	0.0	0.0	0.0	0.0	0.0	0.0	0.0	0.0	0.0	0.0	0.0	0.0	0.0	0.0	0.0	0.0	0.0	0.0	0.0	0.0	0.0	0.0	0.0	0.0	0.0	0.0	0.0	0.0	0.0	0.0	0.0	0.0	0.0	0.0	0.0
1013601.1857642249	1713.9834626724478	2937739.3103146343	1027387363782.6428	1542832.887987869	7867.125065928092	2380333320256.989	61891656.80295409	1046287.4752880534	4843.831981503987	1094717480944.6488	23462708.26504084	1091311.228876307	1195409.5740007956	1.386669	24.123064	0.1102737747190467	0.0668427872281545	-0.0863442769	-0.1171639235	-0.0834004021	-0.0635180405	0.0735503013	0.1086281477	0.0030581118	0.1544212835	0.033516657	0.0088975183	0.0997061696	0.0859612734	-0.0406500998	-0.1060481365	0.0933475323	-0.1148017894	0.0443831657	-0.035409926	0.0646182484	0.0575624805	-0.0003308297	-0.0435777239	0.0472894819	3.46608e-05	-0.0839704212	0.0538742496	-0.0773827171	0.1201198324	0.0137060733	-0.0431342385	0.0871486755	-0.1294554228	-0.0790614864	0.0529804786	0.1441141517	0.0573851615	0.0593095329	-0.0600947079	0.1453783201	-0.0873742779	0.094814011	0.0556574354	-0.0403625269	0.0016246045	0.1353354839	-0.0428478967	0.1072443234	0.0393146001	-0.0514273164	-0.0708608172	0.0573263577	0.0571582384	0.0349596782	0.1399847964	0.0287910958	0.0710995421	-0.0060076792	0.062836128	-0.0670129219	-0.0657601573	0.1406942557	-0.049792969	0.0399325502	-0.1063578184	0.0314797555	0.043243739	0.0446893728	-0.0374397097	0.105308819	0.1475582981	-0.1271672843	0.0336026945	-0.0522673346	0.034389353	-0.1151846775	-0.1066339737	0.0496880063	0.0291751235	-0.0265144109	-0.0068698983	-0.0986191405	-0.0618449797	-0.0498742242	0.1332333992	-0.0476489639	-0.1036442985	0.0602825778	0.1484620087	-0.0060600241	-0.032040227	0.1795973343	-0.0031297888	-0.0287752911	-0.0071109405	0.0614952002	-0.0984974865	0.0703613431	0.0156710845	-0.1112164334	-0.0458586883	-0.037973345754537	-0.0157468230174374	0.0002479624351424	0.0014419749877936	-0.0067954244091055	-0.0609493463630314	0.0037148228220807	4.617779289986683e-05	-0.0219537256465685	-0.0034521025214928	0.0004819660697647	1.1917011818897636e-05	0.0020521943463926	0.0003800403343032	1.4443065569728821e-07	4.211501635365752e-06	0.0003202858599407	-9.10774289900008e-07	8.295098071428642e-13	1.025830320779537e-07	-0.0011833291669642	-0.0002215589477485	1.4002679173881873e-06	4.908836732746683e-08	0.0	0.0	0.0	0.0	0.0	0.0	0.0	0.0	0.0	0.0	0.0	0.0	0.0	0.0	0.0	0.0	0.0	0.0	0.0	0.0	0.0	0.0	0.0	0.0	0.0	0.0	0.0	0.0	0.0	0.0	0.0	0.0	0.0	0.0	0.0	0.0	0.0	0.0	0.0	0.0	0.0	0.0
1018584.798756348	4983.612992123119	24836398.455258343	1037514992257.51	1545906.153349156	3073.2653612869326	2389825834962.784	9444959.9808861	1046782.4772968466	495.0020087931771	1095753554775.7231	245026.98870928056	1089881.271532012	1181410.792109629	1.442135	25.087984	0.067099617078437	0.0350867332162735	-0.1244755863	0.0518545645	-0.1264409251	0.0665939817	0.1783748341	-0.0303384486	0.0281651147	0.0298785991	0.0721305817	-0.1555528257	-0.0186753249	-0.0105072283	0.034268178	-0.0258511371	0.1038778	-0.1617624815	0.0640018788	-0.0308564166	0.0505965925	0.0660633195	0.1206161007	0.0519354036	0.0297844536	-0.0358059737	0.0603074892	0.0394888413	-0.149031901	-0.0068199424	-0.0885306522	0.1139945401	-0.0007561681	0.0257103023	0.1815769061	-0.0028559592	-0.0302668345	-0.0957452054	-0.0743228304	-0.0277054257	0.0428042955	0.0268359842	0.0310862959	-0.1872268608	-0.0360227323	-0.1626928365	-0.0020915082	0.0146878599	0.0645419107	-0.0335308736	-0.0532285074	-0.0159420443	0.1214347285	0.137294117	0.118454833	0.0174938434	0.1927952482	-0.0706882966	0.0556387364	0.2126274755	0.0545907153	0.000873594	-0.1194767081	0.0018572238	-0.105320543	-0.1194365413	-0.0443803379	0.021083247	0.0869437715	-0.0729835577	-0.1510967733	-0.1009434265	0.1111490614	-0.0111475962	0.021388344	-0.0434106822	-0.0350989401	0.0349990649	-0.0804170436	0.0703705619	0.062610434	-0.0360111079	-0.0390340243	-0.1485120029	0.0626164129	0.1017080553	0.0801450225	-0.147738609	0.0994110974	0.0606417296	0.1662961355	-0.0679525518	-0.0304461827	-0.1542666564	0.0240303685	-0.1976493119	0.0853146898	0.1474094005	0.1647281945	0.013271799	-0.1124192083	-0.0391140859	-0.0222549808749334	0.0157183648796036	0.0002470669944883	0.0004952841737436	0.0036839741421772	0.0104793985512827	0.0001098177939966	1.3571665480230236e-05	-0.0513040400771842	-0.0293503144306156	0.0026321045282413	0.000861440957176	0.0018886554365514	-0.0001635389098412	2.67449750320482e-08	3.56701935801516e-06	0.0002528828169721	-6.740304296859998e-05	4.5431702014269356e-09	6.394971911974462e-08	-0.0011832403354353	8.883152889985722e-08	1.4000576914010414e-06	7.891040526686171e-15	0.0	0.0	0.0	0.0	0.0	0.0	0.0	0.0	0.0	0.0	0.0	0.0	0.0	0.0	0.0	0.0	0.0	0.0	0.0	0.0	0.0	0.0	0.0	0.0	0.0	0.0	0.0	0.0	0.0	0.0	0.0	0.0	0.0	0.0	0.0	0.0	0.0	0.0	0.0	0.0	0.0	0.0
1022666.7861806388	4081.987424290856	16662621.332068693	1045847355557.0364	1524395.3662974683	-21510.78705168772	2323781232789.1924	462713959.5830559	1046508.351917829	-274.1253790175542	1095179730633.7706	75144.72342151776	1087622.7618684669	1211313.7527106751	1.52554	26.538931	0.2203570475137623	0.1252321846121006	0.0568302794	0.077356818	-0.0508662705	0.2253308004	-0.0098322561	-0.2268437542	0.0995398844	0.083031847	-0.2111695822	-0.0010261196	-0.0258591683	-0.1009196504	-0.1131227002	-0.104441115	-0.0650246317	0.0069100508	0.0840962234	0.1106351817	-0.0364214599	0.0628812909	0.105529913	0.073120284	0.1396862781	-0.2318457067	0.0564525479	-0.0161424946	-0.0322149407	-0.0082729729	-0.1267726882	-0.0683857413	-0.2027630764	0.0092138651	0.0590286945	0.1142029015	-0.089513244	-0.0012913304	-0.1444264363	0.0489613382	0.0158178698	-0.1325127726	0.0032633942	0.0932048758	-0.0364294515	-0.0049386025	-0.0727900527	0.0950861422	0.1753597982	0.0640972954	-0.0160885489	0.0841886281	-0.0488295553	-0.118260001	0.0932296368	-0.0913156046	0.1647124574	-0.1975656062	0.0538587221	0.0111456095	-0.1472432739	0.0773239456	0.0910256619	0.166480984	-0.125652237	0.117588111	-0.0299419276	0.0822048746	0.1873087244	-0.1308648615	0.018326047	-0.0275483429	0.1122198904	0.0089569051	0.0254584148	-0.1647710842	0.0481008005	0.2502727776	0.1582162445	-0.04866269	0.0483360004	-0.0636934514	0.0704786694	-0.2019610643	0.0918649732	-0.0612914669	-0.0588800308	-0.0041107601	-0.0043054647	0.0429740456	0.0751850943	0.0351847497	0.0014286092	-0.1754247932	-0.0089295426	-0.0339032124	-0.0152386497	-0.0278835036	0.0020829638	0.010866692	-0.1134247617	-0.032215118	0.0021725238381122	0.0244275047130456	0.0005967029865058	4.719859827165764e-06	0.0879270775451601	0.0842431034029829	0.0070969004709656	0.0077311709656325	-0.1420575556429781	-0.0907535155657938	0.0201803491152578	0.0082362005875507	0.0016412522013485	-0.0002474032352028	6.120836078886142e-08	2.6937087884312976e-06	0.0004240291067505	0.0001711462897784	2.9291052504912072e-08	1.7980068337162694e-07	-0.0011833492870928	-1.0895165749994809e-07	1.400315535263038e-06	1.1870463671985991e-14	0.0	0.0	0.0	0.0	0.0	0.0	0.0	0.0	0.0	0.0	0.0	0.0	0.0	0.0	0.0	0.0	0.0	0.0	0.0	0.0	0.0	0.0	0.0	0.0	0.0	0.0	1.0	0.0	0.0	0.0	0.0	0.0	0.0	0.0	0.0	0.0	0.0	0.0	0.0	0.0	0.0	0.0
1022804.3587820936	137.57260145479813	18926.220671040726	1046128756343.6497	1540156.5605880802	15761.194290611891	2372082231122.505	248415245.46641693	1049455.4361355368	2947.084217707743	1101356712434.4297	8685305.38626206	1093827.7900969076	1270524.6398251287	1.604579	27.913927	0.1394312324919416	0.0943092208473905	0.1877117379	0.0455270617	0.0785431215	0.1479831128	-0.0892854289	-0.1034734215	0.0809755532	-0.0394711958	-0.0426971931	0.060372995	0.04191787	-0.1888322968	-0.0414480403	-0.0342022042	-0.0855570468	-0.0199465888	0.0863694242	0.0136693246	0.0892513347	-0.0034228993	-0.0657634803	0.0350050576	-0.0717404804	-0.1344445	0.0028680961	-0.1522606302	-0.0166681408	0.0218771547	-0.0751267046	0.0554933769	0.0067315114	-0.248692509	-0.0345601513	-0.041636619	-0.1027348627	0.0235727612	-0.0540985224	-0.045041717	-0.0706108365	0.0763823582	-0.1718461498	0.0340203379	0.1005773822	0.0826649407	-0.0351341043	0.2020931008	-0.0022724082	0.0307292979	-0.057165059	0.0769038609	-0.059280135	-0.087964266	-0.0397583762	0.0477949999	0.0465746084	0.1013531353	0.1272701204	-0.0094307733	0.0224473992	-0.0326525984	-0.0142159677	0.0391182192	-0.0222062287	0.0541699663	-0.1531321334	0.0079699075	0.0388681617	-0.0324671623	-0.0564140887	0.1715570018	0.0736179555	-0.1314299287	-0.0355166479	-0.1704724165	0.0291136216	0.240424251	0.0071130252	-0.0112136765	-0.1278147925	0.008287845	-0.0514180839	0.0487237312	0.0667692874	-0.0245684058	0.0608718797	-0.1172686217	-0.1009250663	-0.0922283887	0.0724300474	0.1906365318	-0.1566135927	-0.0779790092	-0.1007043154	0.0434582834	0.0261669333	-0.094473851	-0.0108901398	0.0084568186	-0.1142313295	-0.0251890118	-0.0049113094387962	-0.0070838332769084	5.0180693895034806e-05	2.4120960403608644e-05	-0.0036449915022984	-0.0915720690474585	0.0083854438296325	1.3285963051827547e-05	-0.1357828074513634	0.0062747481916146	0.018436970799374	3.937246486817186e-05	0.0018099640102834	0.0001687118089348	2.8463674474086188e-08	3.275969718521168e-06	0.000608126893258	0.0001840977865074	3.3891994996961036e-08	3.698183183036269e-07	-0.0015205513311696	-0.0003372020440767	2.3120763507216427e-06	1.1370521852957213e-07	0.0	0.0	0.0	0.0	0.0	0.0	0.0	0.0	0.0	0.0	0.0	0.0	0.0	0.0	0.0	0.0	0.0	0.0	0.0	0.0	0.0	0.0	0.0	0.0	0.0	0.0	0.0	1.0	0.0	0.0	0.0	0.0	0.0	0.0	0.0	0.0	0.0	0.0	0.0	0.0	0.0	0.0
1019456.0783662876	-3348.280415805988	11210981.74286992	1039290695717.9705	1546060.3140822784	5903.753494198201	2390302494780.1934	34854305.32025747	1048763.7278274712	-691.708308065543	1099905356806.5742	478460.3834468961	1092907.1585910278	1233585.3449180662	1.530284	26.621458	0.151098610445613	0.0917192712659523	0.0864874879	-0.0549410193	0.082640967	0.0903680557	-0.099937512	0.0574803547	0.0414101144	-0.0351392809	-0.0323242723	0.0963708856	0.1402095493	-0.0927057676	0.0050943379	0.0820022968	-0.2381568435	0.0039335659	-0.0061271996	0.0795671592	0.0753889627	0.0431570433	-0.0100515282	0.005448265	-0.0591984548	-0.1912424739	0.1457567494	0.0949912108	0.0607570753	0.0874087955	-0.0290274388	-0.1044010559	0.044603785	0.0017522475	0.0003079403	-0.0757447869	-0.0898769427	-0.0315941663	-0.0135300194	-0.0626293925	-0.073282107	-0.1656177583	-0.0079793639	-0.0405860476	-0.0260400365	0.1105517948	0.0673130696	0.1132724755	-0.0758663542	-0.0547360557	0.0991352615	0.1307705084	-0.0777032423	-0.0519237329	0.0027749597	0.0361183975	0.1788981246	-0.0367535062	0.0920134069	0.0480390537	-0.1992132109	-0.108417703	-0.0546693601	0.0427316395	0.0508223084	0.1276555859	0.1679336529	-0.0736659747	0.0086174039	0.1924832999	-0.0006576999	0.0363960887	0.0758801886	-0.1518596218	-0.0721078222	-0.1139558232	0.0708728174	0.0865070485	-0.0042500677	-0.0418302825	-0.1751213751	-0.1014952667	-0.0945102119	-0.0823270987	-0.022155213	-0.0949833485	0.061159674	0.059442987	0.1046281117	0.1168978429	-0.1115117465	0.1763389302	-0.0524560452	-0.0704836933	-0.0552141385	0.0275606611	-0.1721700511	-0.0997739784	-0.0097428633	0.0060432357	-0.1148374968	-0.0180634961	-0.0047939861267849	0.0001173233120112	1.3764759541300737e-08	2.298230298380609e-05	0.0743839582663383	0.0780289497686367	0.0060885170019964	0.0055329732473683	-0.0905454989999583	0.0452373084514051	0.0081984873891514	0.0020464140759275	0.0019562663894986	0.0001463023792151	2.1404386164028157e-08	3.826978186681888e-06	0.0003223938027212	-0.0002857330905368	8.164339902771115e-08	1.0393776403303601e-07	-0.0016428164396888	-0.0001222651085192	2.6988458545117845e-06	1.4948756761211756e-08	0.0	0.0	0.0	0.0	0.0	0.0	0.0	0.0	0.0	0.0	0.0	0.0	0.0	0.0	0.0	0.0	0.0	0.0	0.0	0.0	0.0	0.0	0.0	0.0	0.0	0.0	0.0	0.0	1.0	0.0	0.0	0.0	0.0	0.0	0.0	0.0	0.0	0.0	0.0	0.0	0.0	0.0
1018772.7209522752	-683.3574140124256	466977.3552857496	1037897856956.5024	1545534.821993671	-525.4920886075124	2388677885995.008	276141.93518908566	1046879.2423438448	-1884.4854836263692	1095956148050.4226	3551285.5379985115	1091134.2603712978	1194837.836589247	1.64059	28.54038	0.1774180191486183	0.1049951690084335	-0.1526183344	-0.0162774514	0.1204583975	0.0549031808	0.0625937009	0.0612843783	-0.0467414528	-0.0584676725	-0.2167513466	-0.1029690461	0.0234174514	0.0172967954	0.0722757968	0.0652879507	-0.0398596883	-0.1695623784	0.0014315793	-0.0071744112	0.0588572832	0.112592758	-0.1179449653	0.0550166251	-0.1189053644	-0.1629743196	-0.1259545566	-0.0444529349	0.1487268348	-0.0067026516	0.0470383384	0.0965206974	-0.2303549242	0.0056478424	0.0756391306	-0.1291984143	0.1546961598	0.0948542627	-0.0804600867	-0.1232826909	0.032478598	-0.0600666277	0.0322793895	-0.0413720812	0.0030533834	-0.0995188359	0.0367807756	-0.007159407	-0.0897997311	-0.0791648737	0.0072709805	0.064093657	0.0700116482	0.0620692498	0.082130043	0.1094533868	0.0268749401	0.0564546013	0.2206932383	-0.210888438	-0.091046438	-0.1005178632	0.0424428301	0.1115376282	-0.0642191922	0.1099888556	0.0300953896	0.0548465265	-0.0967551299	-0.122494973	-0.1900326398	-0.0299174949	-0.0330584392	0.079012347	-0.1408819352	-0.0633441759	-0.0036807746	0.0713073154	0.0348310765	0.1124409552	-0.1077623394	-0.1308074601	-0.1171546382	-0.0201222324	-0.0497970727	0.0725309312	0.2749629296	0.0791539228	0.3763303382	0.0108480219	-0.1473766205	0.0521092565	0.0241745677	0.0053563484	-0.0218108126	0.0384724202	-0.2217997059	0.0340717652	-0.069581273	0.003627002	-0.1152422001	-0.010866692	-0.0047689606643501	2.5025462434800225e-05	6.262737700755971e-10	2.2742985818118547e-05	-0.0231618653102003	-0.0975458235765386	0.0095151876972251	0.0005364720046478	-0.0606764298381534	0.0298690691618049	0.0036816291379043	0.0008921612925926	0.0023520927943935	0.0003958264048948	1.5667854281202124e-07	5.532340513437822e-06	0.0007837372037193	0.0004613434009981	2.1283773364449369e-07	6.142440044937475e-07	-0.001500424226625	0.0001423922130637	2.251272859843229e-06	2.0275542341206608e-08	0.0	0.0	0.0	0.0	0.0	0.0	0.0	0.0	0.0	0.0	0.0	0.0	0.0	0.0	0.0	0.0	0.0	0.0	0.0	0.0	0.0	0.0	0.0	0.0	0.0	0.0	0.0	0.0	0.0	1.0	0.0	0.0	0.0	0.0	0.0	0.0	0.0	0.0	0.0	0.0	0.0	0.0
1020187.6184848977	1414.8975326224463	2001935.0278210863	1040782776909.8872	1531909.529535865	-13625.292457805946	2346746806682.795	185648594.5607436	1044133.8210657976	-2745.421278047259	1090215436293.463	7537337.993954645	1087162.852515244	1243573.6150502777	2.169542	37.742249	0.1866683146789713	0.1206466578525296	0.0630354994	0.1411872863	0.0517231662	0.0391974984	-0.0221140277	-0.0792456765	-0.0846447831	-0.0355869708	-0.000429937	-0.0496901568	-0.1452728994	-0.0296945617	-0.0744646921	-0.0750472278	0.016137368	0.0821462027	0.0137946072	0.0639262137	0.0474498376	0.1551207326	0.0123808414	-0.0236613063	0.1223989652	-0.0252557543	0.0059948832	0.1126839784	-0.0786763353	-0.0449894124	-0.0221807911	0.0509162324	-0.0368903338	-0.0647592898	0.0857979584	-0.0682393836	0.0138549512	0.1288954477	-0.0786710891	-0.0795909266	0.128374416	0.0721055115	0.0271092199	-0.0120389074	0.0548417718	-0.0478280245	-0.1483006626	-0.0237181313	0.018904278	0.0640356268	0.0794209939	-0.0509541818	-0.0046508869	-0.0947003005	0.0121575684	-0.0109168659	0.1399015329	-0.045751831	-0.0686903866	-0.0138122508	-0.0496911027	-0.0047416075	0.0940278269	0.0951208616	-0.0390196729	-0.1222526513	-0.0084829152	0.0163905531	-0.0257298939	-0.0958539765	-0.1268936845	0.0192982903	-0.1112398448	-0.0053623785	0.0236285672	-0.0508453551	0.0313700005	0.1253514698	-0.1198905767	0.0106718529	-0.0444967215	-0.0508528932	0.1345313502	-0.111433579	0.0635864398	-0.0438066387	-0.0169981667	0.0250912918	-0.0460443261	0.0639433953	0.050281659	0.1029762052	-0.0414497311	0.0669566704	-0.0106426859	0.0309880677	-0.0435739162	0.0835006503	-0.0222765433	0.0012091775	-0.1154447293	-0.003627002	-0.0046078517681706	0.0001611088961795	2.5956076428177066e-08	2.123229791743292e-05	0.0933839578319464	0.1165458231421467	0.0135829288918805	0.0087205635803587	-0.0729119463734235	-0.0122355165352701	0.0053161519239609	0.0001497078648848	0.0018458063883747	-0.0005062864060187	2.5632592491943304e-07	3.407001223364854e-06	0.0003539144720712	-0.000429822731648	1.8474758064143457e-07	1.252554535414362e-07	-0.0017188324110656	-0.0002184081844405	2.9543848573295835e-06	4.770213503063913e-08	0.0	0.0	0.0	0.0	0.0	0.0	0.0	0.0	0.0	0.0	0.0	0.0	0.0	0.0	0.0	0.0	0.0	0.0	0.0	0.0	0.0	0.0	0.0	0.0	0.0	0.0	0.0	0.0	0.0	0.0	1.0	0.0	0.0	0.0	0.0	0.0	0.0	0.0	0.0	0.0	0.0	0.0
1019544.4781162024	-643.1403686952544	413629.53384546784	1039470942857.2396	1543702.0015163503	11792.471980485368	2383015869485.586	139062395.41053247	1046658.4203684052	2524.5993026075885	1095493848928.0852	6373601.638726722	1091586.558008493	1239198.294242619	1.438406	25.023102	0.0655055480210443	0.034453837291373	0.1367552351	-0.0657990749	0.0752955585	0.0465108386	-0.1554861007	0.0410915065	0.0652483353	-0.0008907551	-0.0249156649	0.0796608753	0.0555075534	-0.0354055848	0.1080447351	-0.1250410977	-0.1173062498	-0.0128666338	0.1858209452	0.0872050345	0.0763856934	0.0015338074	0.0519142042	0.1098364394	-0.0606173154	0.0549594829	0.0134315508	0.1043222048	0.1086448379	0.0543691171	0.0656412876	-0.1123810977	0.0141206417	-0.1191712999	0.1386129842	-0.0938887582	-0.0429536825	0.201597479	0.0714310637	0.0970171785	0.1775202017	0.040151377	0.0997396955	0.0259630553	-0.002731938	0.1057379343	0.0168971421	0.0330976441	-0.0164816494	-0.1261077857	-0.0617264508	0.0565514942	-0.0790690727	-0.1860305031	0.0650288075	0.174678667	0.0732545451	-0.0139971882	0.0826162206	0.0204631054	-0.0505650289	0.1540710167	-0.01914839	-0.0728015745	-0.1565453182	-0.0990077694	0.118533707	0.0962289224	0.0262223432	-0.0208019669	-0.0816807597	-0.0906607438	-0.2175307172	-0.1235077682	0.0150573916	-0.0668499217	0.0463622342	0.0965960457	0.1616739148	-0.0852626316	-0.1237352411	0.0107527268	-0.0240926905	-0.0390306836	0.0301561812	-0.0531046496	-0.0953690065	0.0089104631	0.1583986018	0.0602444735	-0.0385870005	0.0165413398	-0.1086233063	0.0689536718	-0.0275957598	0.0810487645	-0.0389968048	0.0572309266	-0.0887403235	-0.0012091775	-0.1154447293	0.003627002	-0.0048841917007962	-0.0002763399326256	7.63637583635214e-08	2.385532857012648e-05	0.0826482135527868	-0.0107357442791596	0.0001152562052275	0.006830727203467	-0.0583992392939194	0.0145127070795041	0.0034104711501084	0.0002106186667754	0.0024352717505869	0.0005894653622122	3.474694132479603e-07	5.930548499206585e-06	0.0003536633921088	-2.510799623999774e-07	6.304114751877407e-14	1.2507779491790281e-07	-0.0015089337186451	0.0002098986924204	2.27688096726413e-06	4.4057461079835615e-08	0.0	0.0	0.0	0.0	0.0	0.0	0.0	0.0	0.0	0.0	0.0	0.0	0.0	0.0	0.0	0.0	0.0	0.0	0.0	0.0	0.0	0.0	0.0	0.0	0.0	0.0	0.0	0.0	0.0	0.0	0.0	0.0	0.0	0.0	0.0	0.0	0.0	0.0	0.0	0.0	0.0	0.0
1018656.3264908064	-888.1516253959853	788813.3096935307	1037660711499.7444	1545143.3703190929	1441.368802742567	2387468034841.0454	2077544.0255195408	1048358.0931625228	1699.6727941175925	1099054691499.3608	2888887.607063503	1093248.8065657665	1210734.0681795098	1.60416	27.906628	0.0650834628366986	0.0341451513827706	-0.0632317402	-0.0412203112	0.0538368642	0.0084376946	0.0573249111	0.1141149036	-0.0230058499	0.0190244257	-0.0512746777	-0.0578178457	0.1256560543	0.0495096091	0.0557715881	-0.0929737828	-0.1254666787	0.050359003	0.0189989755	0.0485682564	0.1487106915	-0.0999284269	-0.167873545	0.0036736811	0.0845924131	-0.0201485002	-0.0584451481	-0.0177823158	0.0499296733	0.0325848225	-0.0703472899	-0.1577396434	-0.0564209141	-0.0196435355	-0.0311672401	0.0622661447	-0.0326010089	-0.0594160208	0.0315490747	-0.0239388286	-0.0211667152	0.17876513	0.0065791286	-0.0757221779	-0.0900003785	-0.0481446944	0.1322493798	-0.0076443268	0.0021453941	-0.0864594002	-0.0134384958	0.0129562151	-0.0983420358	-0.1555247574	-0.1284495684	0.0523143156	-0.0253893921	0.1387274504	0.0677512545	0.0209913177	-0.0500047853	-0.1281517784	0.0705525915	0.0741789413	0.0065398737	-0.0219707162	-0.0255929164	0.118106625	0.1251939698	0.0101925967	0.1260842646	-0.1077743029	0.0902572597	-0.1325744498	0.0024975553	-0.059104156	0.0805378165	0.0173831901	0.1144311879	0.1368360289	-0.1523514659	-0.0532807247	0.0008756362	-0.0502615312	0.0291180178	0.0268959162	0.0184497381	-0.0395454158	-0.0427074842	0.036345566	-0.0144702512	0.1023445381	0.0704166525	0.0016431301	-0.0553086993	0.0163890117	0.0477619713	0.0904620165	-0.0537885107	-0.003627002	-0.1152422001	0.010866692	-0.0025002853112141	0.0023839063895821	5.683009674290363e-06	6.25142663747299e-06	0.0857312741136979	0.003083060560911	9.50526242224543e-06	0.007349851361158	-0.0874599779362199	-0.0290607386423005	0.007649247740604	0.000844526530436	0.002230044159533	-0.0002052275910538	4.211836412978679e-08	4.973096953467245e-06	0.0006767270696945	0.0003230636775856	1.0437013977519709e-07	4.579595268573047e-07	-0.0015917575948836	-8.282387623849983e-05	2.5336922408696227e-06	6.8597944751703365e-09	0.0	0.0	0.0	0.0	0.0	0.0	0.0	0.0	0.0	0.0	0.0	0.0	0.0	0.0	0.0	0.0	0.0	0.0	0.0	0.0	0.0	0.0	0.0	0.0	0.0	0.0	0.0	0.0	0.0	0.0	0.0	1.0	0.0	0.0	0.0	0.0	0.0	0.0	0.0	0.0	0.0	0.0
1021041.677945286	2385.35145447962	5689901.561388038	1042526108101.3252	1536335.7166402957	-8807.653678797185	2360327434224.651	77574763.32562959	1049743.116699515	1385.023536992143	1101960611058.0117	1918290.1980222256	1092913.657202744	1202105.9825128657	1.345236	23.402281	0.0806885452152452	0.0475917325765238	-0.0888517235	0.1151266057	0.018535885	0.0630846724	0.0911002523	-0.0658467379	-0.0575869888	-0.0503100076	0.0344509434	-0.1285998745	-0.0239577882	-0.1346601718	0.0589532236	-0.0017670174	-0.0264982661	-0.1822136612	0.0375522534	0.0019603424	0.0940828837	0.0889270473	-0.0366108444	0.0950377374	0.122174697	-0.1174593235	0.0944542548	0.0025927562	0.0886376929	0.1504053198	0.11491933	-0.0570015116	0.1595736841	-0.0410503035	-0.0228627162	0.0353196581	-0.0247963277	-0.0032915944	-0.02851756	0.0124939077	-0.0647268921	0.0311959623	0.0536253949	0.0326043495	-0.2148938144	-0.1318470155	-0.0603003089	0.1223846792	-0.0088462139	-0.0735850787	0.0167162442	0.0078355871	0.0578842719	0.0617427179	0.0318144384	0.0761421391	0.1222831944	0.0392972117	0.1677352155	0.0755324614	0.0471572092	-0.1352061486	0.1218669505	-0.0140949954	-0.0712077962	-0.0088801387	0.155815408	0.0105763406	0.0090058094	0.0635719691	0.1185589866	0.0730297714	-0.040813999	-0.0944842746	0.0628557989	-0.0820505585	0.0008080653	0.094844655	-0.077515043	0.0747583503	-0.0087204025	-0.1316213659	0.0193327111	-0.1105955965	0.0322817385	0.0706468609	0.1078301355	0.0321212479	-0.0283554377	-0.0204132754	-0.016947061	0.032971513	0.0264384999	-0.0884213688	0.0014787001	0.043802681	0.0600359676	-0.0517470854	-0.0764468843	-0.0060432357	-0.1148374968	0.0180634961	-0.0048109567416219	-0.0023106714304078	5.339202459302828e-06	2.314530476975721e-05	0.0514787548810886	-0.0342525192326092	0.0011732350737802	0.0026500622041072	-0.099494855699973	-0.0120348777637531	0.0098992263107584	0.0001448382827884	0.0016350004417624	-0.0005950437177706	3.540770260582576e-07	2.6732264445632438e-06	0.0006306989672004	-4.6028102494099945e-05	2.118586219207369e-09	3.977811872276513e-07	-0.0015910198793788	7.377155047999431e-07	2.531344256578532e-06	5.44224166022235e-13	0.0	0.0	0.0	0.0	0.0	0.0	0.0	0.0	0.0	0.0	0.0	0.0	0.0	0.0	0.0	0.0	0.0	0.0	0.0	0.0	0.0	0.0	0.0	0.0	0.0	0.0	0.0	0.0	0.0	0.0	0.0	0.0	0.0	0.0	0.0	0.0	0.0	0.0	0.0	0.0	0.0	0.0
1019997.4160854812	-1044.2618598048575	1090482.8318431	1040394728821.0582	1537538.522415612	1202.8057753161993	2364024707911.983	1446741.7331340034	1047178.8676849606	-2564.2490145543125	1096583580925.9562	6575373.008642763	1091440.8749455574	1244004.0134137154	1.580551	27.495922	0.1125619245388766	0.0530942851078744	0.1292413892	0.0790432615	0.0053784823	0.0513475143	-0.0886733015	-0.1043637449	0.0410142444	-0.0396864265	-0.0470847888	-0.0082072507	-0.0449904844	-0.1159484313	-0.0691860738	0.016698607	0.0146155804	0.0187549297	0.0029840532	0.1077981393	-0.0997696519	-0.0131197408	0.0137444093	-0.0420855186	0.0883091904	-0.1578585385	-0.0083434405	0.0200261539	-0.143856817	0.0630324422	0.0112260468	0.0180943628	0.1520889666	-0.10256147	0.0128065136	0.0127308707	-0.112280601	-0.017380065	-0.0413853841	0.0547137549	0.093857622	0.1296408045	-0.0336887441	-0.0193677256	-0.0983801607	0.0158628005	-0.0886482114	0.1036345687	-0.0284053012	0.0837872185	-0.0220323027	0.0247671074	0.0264607441	-0.0829671245	0.0363233717	-0.0813755587	-0.0208630314	-0.0426473305	0.0393936721	0.0264295547	-0.0267829195	0.0218723246	0.03646561	0.1506739539	-0.1507242347	-0.0924042925	-0.071012585	-0.1657485772	0.147290654	0.0288262351	0.010056344	0.1209438435	0.0104786141	-0.023299137	0.1122983665	-0.1173439779	-0.025411804	0.1713519251	0.0861885789	-0.0858830841	0.0286873558	0.0294482693	0.0751359406	0.0368995812	0.0495626472	0.0532528779	0.0080166054	-0.0234191866	0.0108573816	-0.016569497	0.0181553804	-0.0101070219	0.0274269668	-0.129563119	-0.0417922117	-0.0105953911	0.110664943	0.1846930189	0.0647315942	-0.0084568186	-0.1142313295	0.0251890118	0.0121040577726461	0.016915014514268	0.0002861177160178	0.0001465082145635	0.0262836492399145	-0.0251951056411741	0.0006347933482699	0.0006908302173668	-0.1033092890743176	-0.0038144333743446	0.0106728092090409	1.4549901967313954e-05	0.0023101229179748	0.0006751224762123	4.5579035788716246e-07	5.336667896152404e-06	0.0001713913474943	-0.0004593076197061	2.109634895200834e-07	2.9374993995911896e-08	-0.0013927025551155	0.0001983173242632	1.9396204070252425e-06	3.932976110295487e-08	0.0	0.0	0.0	0.0	0.0	0.0	0.0	0.0	0.0	0.0	0.0	0.0	0.0	0.0	0.0	0.0	0.0	0.0	0.0	0.0	0.0	0.0	0.0	0.0	0.0	0.0	0.0	0.0	0.0	0.0	0.0	0.0	1.0	0.0	0.0	0.0	0.0	0.0	0.0	0.0	0.0	0.0
1017483.8645383528	-2513.551547128358	6317941.380071362	1035273414595.9012	1545698.7589662448	8160.236550632864	2389184653469.789	66589460.562284544	1043406.2827850212	-3772.584899939364	1088696670955.2556	14232396.8272505	1089808.5512031794	1260410.8343779624	1.230546	21.407091	0.0926386067072901	0.0504878852828677	0.1581252773	0.0304173438	0.0483028301	-0.0384426406	-0.1164236807	0.0380059511	0.0079589447	-0.0278659905	0.0371980766	0.1062562581	-0.0287543025	-0.0266788923	-0.0391277923	0.1799756922	0.0323406051	0.0646325955	0.0659180665	0.0673432045	-0.0441744328	-0.0326880723	-0.019303683	-0.0152004501	0.1294210206	0.0595703465	0.0941868753	0.163567533	-0.070796776	0.0496820958	0.051527597	-0.0149446264	0.1905313482	-0.0399344864	0.0163466936	-0.1160395333	0.1233966045	-0.0603933163	0.0375453814	0.0586907671	-0.0384111547	-0.1088479967	-0.1559597719	-0.1052147114	0.0086945765	0.1107093616	-0.0516201465	0.0105354348	-0.1009384432	0.0742882793	-0.085732444	0.0268930374	0.0129937491	0.0196598455	-0.0960268521	-0.0619421271	0.07689584	-0.0307926204	-0.143076704	0.0567709442	0.0738950638	-0.0203937919	-0.0580770993	-0.0300555304	-0.0322940295	-0.1776037857	0.1285514634	-0.0897929824	0.0167003592	0.1390966977	-0.0237551421	0.1683071845	0.0023085785	0.0623691627	-0.0190767546	-0.0706362614	-0.0062326926	0.0715149368	-0.0003257567	-0.0699894109	-0.178366578	0.0408509151	0.0422326085	0.0220116186	0.018928014	0.0688308366	0.0053084477	-0.0100588096	0.0755603204	-0.016147147	0.0085166596	-0.0787053802	-0.0092510426	-0.0423383286	-0.0016033499	0.0182403403	0.0217852534	-0.0110205941	0.006919152	-0.010866692	-0.1134247617	0.032215118	0.0013530974885185	-0.0107509602841276	0.0001155831470308	1.830872813435072e-06	0.0452589439632049	0.0189752947232904	0.0003600618098357	0.0020483720086645	-0.0584987925847855	0.0448104964895321	0.0034221087338777	0.0020079805956383	0.002568107185685	0.0002579842677102	6.655588238596819e-08	6.5951745171669305e-06	0.0001603322214769	-1.1059126017399996e-05	1.223042682687335e-10	2.570642124371772e-08	-0.0012997088446363	9.299371047919998e-05	1.6892430808258258e-06	8.647830188689268e-09	0.0	0.0	0.0	0.0	0.0	0.0	0.0	0.0	0.0	0.0	0.0	0.0	0.0	0.0	0.0	0.0	0.0	0.0	0.0	0.0	0.0	0.0	0.0	0.0	0.0	0.0	0.0	0.0	0.0	0.0	0.0	0.0	0.0	0.0	0.0	0.0	0.0	0.0	0.0	0.0	0.0	0.0
1013588.2423873588	-3895.6221509940224	15175871.943315294	1027361125105.8951	1538868.0777294305	-6830.681236814242	2368114960654.6724	46658206.15896614	1043303.4943147362	-102.78847028501332	1088482181249.3387	10565.469623533068	1087966.5073497386	1225362.4095087352	1.522625	26.488209	0.1239644838261729	0.0586709505051242	0.1010923927	-0.0286421408	-0.0671310921	-0.0546776288	-0.0927636963	0.034658899	-0.1329875136	0.0788205406	-0.0951837776	0.0941002206	-0.0538677721	0.0259081403	0.0449906629	-0.0522376039	-0.1313545428	0.054841762	0.0287196046	0.1357241162	0.0185913944	0.0624640412	-0.0705833363	0.0124727666	-0.1584386207	-0.0834873627	-0.0400346369	0.0093013215	-0.1072863833	0.0849819862	-0.0488236317	0.0246814278	-0.081055791	-0.0303999745	-0.0236079984	-0.0196954794	0.0686675661	-0.114340421	0.0478979294	0.0664390488	0.0415235469	0.102005868	-0.030263142	-0.1585692978	0.1258478355	0.089888491	-0.0681578758	-0.0654099681	-0.0182046282	-0.0549828154	-0.0229474221	0.0587650492	0.0040643727	-0.1722074119	0.0843527575	0.0907255169	0.0531850999	0.0262162965	-0.0146430473	-0.0157579286	-0.086178344	-0.1096895567	-0.0671263581	-0.019478329	0.0196740712	-0.0157954482	-0.0686912122	-0.0282586828	0.0601650545	-0.0074029809	-0.0446920767	0.0231913057	0.1314310367	0.017657819	0.0517845165	-0.0564812953	-0.0190703262	-0.0263998423	-0.0176845576	-0.1852578017	-0.0904681682	-0.0472099972	0.0876290665	-0.104879408	0.0467123608	-0.031672847	0.0206172151	-0.0544375569	0.0204231945	0.1006401846	-0.0213527715	-0.0061483141	-0.0646010817	0.0527897134	-0.0692189293	-0.0160304685	0.0077972808	0.0801278347	-0.1173022145	-0.013271799	-0.1124192083	0.0391140859	-0.0058593551645742	-0.0072124526530927	5.2019473273103926e-05	3.433204294462235e-05	0.0740673078609717	0.0288083638977667	0.0008299218304661	0.0054859660937719	-0.035365349012622	0.0231334435721635	0.0012507079107845	0.0005351562115064	0.0018148480234184	-0.0007532591622665	5.6739936553858e-07	3.293673348105673e-06	0.0004410837017025	0.0002807514802256	7.88213936488655e-08	1.9455483190758006e-07	-0.0015619026762071	-0.0002621938315708	2.439539969942901e-06	6.874560531377706e-08	0.0	0.0	0.0	0.0	0.0	0.0	0.0	0.0	0.0	0.0	0.0	0.0	0.0	0.0	0.0	0.0	0.0	0.0	0.0	0.0	0.0	0.0	0.0	0.0	0.0	0.0	0.0	0.0	0.0	0.0	0.0	0.0	0.0	1.0	0.0	0.0	0.0	0.0	0.0	0.0	0.0	0.0
1014940.1922521676	1351.9498648088193	1827768.4369565847	1030103593848.867	1545911.5913765824	7043.513647151878	2389842648352.477	49611084.49761475	1045710.731011219	2407.2366964827524	1093510932952.018	5794788.512893195	1091356.5764645035	1193872.3384894703	1.454511	25.30327	0.1281586351779214	0.0771526229289716	-0.0464555574	-0.1495384961	-0.0508777755	0.0015515955	0.0372861851	0.1077757066	0.0256684141	0.1267949797	-0.0825851548	0.0196374085	0.1176404229	0.0860601878	0.0215701671	-0.0798750815	0.0599504034	0.0126019765	0.0765947092	0.099173372	0.0473245937	-0.0107368661	-0.0312732438	-0.0224456425	-0.0241100486	0.0875709627	-0.0157943838	-0.065094048	0.0235362607	0.0246101612	-0.0840282512	-0.0270530344	0.0499626427	0.0024328273	-0.0624596599	0.0187095336	0.0745251973	0.1014857682	-0.1424706004	0.1551626582	0.0213302131	-0.0075835114	0.0156306696	-0.0079117859	-0.0016951125	0.022362279	0.1474380648	-0.0471813383	0.0573490757	0.0098868405	-0.0773343662	-0.0683276944	0.0422687243	-0.1012268864	-0.0600256927	0.0721841088	0.0021123914	0.0325191342	0.0211352895	-0.0097006924	0.0283544777	-0.0110238589	0.0492532626	-0.0688546707	0.0866625005	0.0813043345	0.0019404312	0.0375602396	0.0612419316	-0.0847604439	0.0317475388	0.0456422952	-0.1404309583	-0.0026532214	0.0893248014	-0.0466075291	-0.0326746786	-0.0554082954	0.1533374026	0.0517404435	-0.0292196312	0.0067343913	-0.1030445884	-0.0135762722	0.0057213827	0.0219888219	-0.0088625145	-0.0829051164	-0.0052960124	0.078466719	-0.0395014391	0.0489108951	-0.0251558965	0.0868434793	-0.0837292703	0.1124784914	0.0250586742	0.0780589785	-0.0297970014	-0.0156710845	-0.1112164334	0.0458586883	-0.0057934601726969	6.589499187730028e-05	4.34214995450947e-09	3.356418077262519e-05	0.0144583899101462	-0.0596089179508255	0.0035532230992682	0.0002090450387938	-0.0806505415848306	-0.0452851925722086	0.0065045098579264	0.002050748666302	0.001964092734784	0.0001492447113655	2.227398387060121e-08	3.857660270831292e-06	0.0007549684349614	0.0003138847332588	9.852362577301077e-08	5.699773377880656e-07	-0.0015627458248428	-8.431486356998228e-07	2.442174513063603e-06	7.108996218824725e-13	0.0	0.0	0.0	0.0	0.0	0.0	0.0	0.0	0.0	0.0	0.0	0.0	0.0	0.0	0.0	0.0	0.0	0.0	0.0	0.0	0.0	0.0	0.0	0.0	0.0	0.0	0.0	0.0	0.0	0.0	0.0	0.0	0.0	0.0	0.0	0.0	0.0	0.0	0.0	0.0	0.0	0.0
1015974.9486847132	1034.7564325456042	1070720.8746945057	1032205096354.9056	1547281.132581751	1369.5412051687017	2394078903243.4663	1875643.11265494	1044184.6042298364	-1526.126781382598	1090321487710.62	2329062.952853208	1089238.588822953	1196107.090017267	1.26393	21.987854	0.1086512869500903	0.0572903227129352	-0.1362236951	-0.019276259	0.0392185474	0.0287237419	0.1333787694	0.0225983799	0.0317162414	-0.0326552242	-0.0353476072	-0.1230665708	-0.0063262071	0.1510464891	0.078358514	-0.0044145507	-0.0276278728	-0.0530828446	0.0883856876	-0.0151260632	-0.055040127	0.0444467782	0.037583315	0.0450874625	-0.0121349199	0.0036229332	0.1003386709	-0.0297695252	0.1262163477	0.0150393169	-0.026518458	0.1093733597	0.0540803671	-0.0367179647	-0.047878336	-0.0219826065	0.0038666449	-0.0530220724	-0.0110514534	0.1402665575	-0.0135100525	-0.0302128485	-0.0369223791	0.1204089648	0.0143228693	-0.1344268837	0.0626019604	-0.118168164	0.0159550817	-0.0607914846	-0.0896965999	0.0653512503	-0.045731239	0.0005679043	0.0677698228	-0.0155041559	0.0561324286	0.0396969663	0.0986298543	0.0110145665	0.1422992412	0.0723977544	-0.1061672853	0.0123017754	0.039578852	-0.0105408177	-0.0169829005	0.0499010016	-0.0294142967	0.007643874	-0.0264235913	0.0977759873	-0.0423077906	0.0418406514	0.05852969	-0.0390118191	-0.0131490615	-0.0543854546	-0.0273370846	0.1513436766	-0.0368041373	-0.0694851043	-0.016874112	-0.0425366988	0.0012422374	0.0417655234	0.0212188767	-0.1669117572	-0.1067153564	-0.0690688445	-0.0487508286	-0.0578483302	-0.0824132441	-0.0358636602	-0.0271132492	0.0040963442	-0.0807246236	0.0212155954	0.0233748689	-0.0180634961	-0.1098185471	0.0524223074	-0.0299169711784088	-0.0241235110057119	0.0005819437832427	0.0008950251644897	0.0490002018504327	0.0345418119402864	0.0011931367721181	0.0024010197813831	-0.0889408333764976	-0.0082902917916669	0.0079104718417059	6.872893799098103e-05	0.001154106035001	-0.0008099866997829	6.560784538253557e-07	1.3319607400257293e-06	0.0007780995378705	2.313110290909999e-05	5.35047921791374e-10	6.054388908342856e-07	-0.0015619501832864	7.956415563998512e-07	2.4396883750684182e-06	6.330454862703777e-13	0.0	0.0	0.0	0.0	0.0	0.0	0.0	0.0	0.0	0.0	0.0	0.0	0.0	0.0	0.0	0.0	0.0	0.0	0.0	0.0	0.0	0.0	0.0	0.0	0.0	0.0	0.0	0.0	0.0	0.0	0.0	0.0	0.0	0.0	0.0	0.0	0.0	0.0	0.0	0.0	0.0	0.0
1016407.2942831352	432.34559842199087	186922.7164748694	1033083787871.964	1548077.2209915612	796.0884098100942	2396543082152.955	633756.7562339645	1047589.900280473	3405.29605063668	1097444599169.6516	11596041.19248177	1091412.869637413	1183900.8622951652	1.131706	19.687622	0.067772504271032	0.037922431000712	-0.1467862499	0.0695106369	0.0628023515	0.0567584013	0.1027914165	-0.0291515614	0.0452711279	-0.1205591358	0.0744297587	-0.1578542751	-0.0223527612	0.0551159102	-0.053529028	-0.120596827	-0.0612423785	0.0078169892	0.0106242904	-0.1020921966	-0.0707155991	0.024503021	-0.0115231261	0.0108384259	-0.041902126	-0.0099000552	-0.0068418999	-0.0817015387	0.0512178748	0.1002853318	0.2461223384	0.04281644	0.0581240455	-0.0309189417	0.0427525784	0.0848661458	-0.0263250544	-0.11231048	-0.1765414089	0.0370160353	-0.0757730985	-0.0369930138	0.0874575399	0.0321389429	0.1732048247	-0.1650421832	0.0015600956	-0.0348609095	0.0190744209	0.0250733247	0.0661030587	-0.006494853	-0.1314251974	-0.0049958299	0.1498834396	0.0827668543	-0.0563753847	0.049677684	0.0878381879	0.0017654972	0.1360517573	0.0095739272	-0.0323295237	-0.0340455856	-0.0625222001	0.021449467	0.1356813998	-0.0922212686	-0.0656265633	-0.0844677494	0.0985634915	0.0767309013	0.0896231713	-2.8347e-05	0.0217186509	-0.02395564	-0.0569647439	0.0120464395	0.0667854671	0.0460000682	0.1069900102	-0.2043568106	0.0479865586	0.0038705464	0.0110701339	-0.0061182417	0.0352965428	-0.0864877169	-0.0091833769	0.0249645127	-0.0392903246	0.022717988	0.0551659584	0.1102752015	0.0881365635	0.0272630573	-0.0106516238	-0.0320205286	-0.1064645016	-0.0204479845	-0.1082280018	0.0587790397	-0.0298496421604284	6.732901798039981e-05	4.533196662205001e-09	0.0008910011371056	0.027896963414804	-0.0211032384356286	0.0004453466724709	0.0007782405677669	-0.0894821070607605	-0.0005412736842629	0.0080070474840334	2.929772012755391e-07	0.0017228652089402	0.0005687591739392	3.2348699794000133e-07	2.968264528176559e-06	0.0010555907499196	0.0002774912120491	7.700137276447864e-08	1.1142718313158235e-06	-0.0016369130599613	-7.496287667490002e-05	2.679484365871867e-06	5.61943287937627e-09	0.0	0.0	0.0	0.0	0.0	0.0	0.0	0.0	0.0	0.0	0.0	0.0	0.0	0.0	0.0	0.0	0.0	0.0	0.0	0.0	0.0	0.0	0.0	0.0	0.0	0.0	0.0	0.0	0.0	0.0	0.0	0.0	0.0	0.0	0.0	0.0	0.0	0.0	0.0	0.0	0.0	0.0
1017133.089561153	725.7952780177584	526778.7855928752	1034559721880.2164	1535498.3072257384	-12578.91376582277	2357755051493.1084	158229071.52800557	1047685.1790858096	95.27880533656572	1097644234476.065	9078.050746363182	1090755.8656631098	1208989.7632465465	1.347418	23.440239	0.056251281702939	0.0399939206580898	-0.0139927493	0.1611883217	-0.0645233119	0.0080936553	0.0548823844	-0.1308821654	-0.0539922311	-0.032396358	0.0386524767	-0.0584649303	-0.096537951	-0.1222991278	-0.0183172521	-0.1174174145	0.0157273933	0.0591135233	-0.0130720603	-0.0741937368	0.0263761584	-0.0195573604	0.0171517932	-0.0264296623	0.1107393795	0.1329630784	-0.0207801421	-0.0479627654	0.0961037049	-0.0553391246	-0.0843777894	-0.0575045302	0.0162241366	-0.0095115262	-0.1900707218	0.0309387801	0.0578051195	0.0137190776	0.0913432789	-0.1566061881	0.0383532528	-0.1333080093	-0.1636554253	-0.1518590876	0.0679227288	-0.071598207	-0.1229622922	0.0746877973	0.0767752615	0.0036422435	0.0327540388	-0.0682665812	-0.0265322374	-0.0220112077	-0.0582045658	-0.0282793907	-0.0563374917	-0.0572698504	0.0275025155	-0.0002064036	0.0891766492	0.0536480536	0.0689243346	-0.0039065638	0.17316544	0.0095616058	-0.0288339531	0.0200278364	-0.0195077227	0.0488966815	0.0564896185	-0.0935252041	-0.0862202388	0.0760361703	-0.2422575927	0.0134548205	-0.0443516125	0.0384194404	0.0045527248	0.1065801717	0.0670966112	0.1346785317	0.1388649255	0.0463268345	-0.0109368555	0.0537822562	-0.0272575189	-0.0739319189	0.0143711332	0.0800875625	-0.0863119972	0.0009707602	-0.0034598136	0.1475798579	0.0651761896	0.0090393917	0.0960264592	0.1806649078	-0.0287740709	-0.0228235037	-0.1064475877	0.0649037979	-0.0348399790598534	-0.004990336899425	2.4903462369762732e-05	0.001213824140891	0.027816055335009	-8.090807979500153e-05	6.546117376114335e-09	0.0007737329344002	-0.0508348762244565	0.0386472308363039	0.0025841846407558	0.0014936084513145	0.001666736780135	-5.612842880520002e-05	3.1504005201404077e-09	2.7780114942547874e-06	0.000935197363294	-0.0001203933866256	1.4494567543181206e-08	8.745941083120499e-07	-0.0015627787576438	7.413430231750003e-05	2.442277445342699e-06	5.495894780102491e-09	0.0	0.0	0.0	0.0	0.0	0.0	0.0	0.0	0.0	0.0	0.0	0.0	0.0	0.0	0.0	0.0	0.0	0.0	0.0	0.0	0.0	0.0	0.0	0.0	0.0	0.0	0.0	0.0	0.0	0.0	0.0	0.0	0.0	0.0	0.0	0.0	0.0	0.0	0.0	0.0	0.0	0.0
1016087.9037997738	-1045.1857613791944	1092413.2757898064	1032434628248.2184	1536980.2218486287	1481.914622890297	2362308202353.86	2196070.949536092	1044920.4158959975	-2764.7631898120744	1091858675556.2644	7643915.495739836	1088836.0844947735	1199435.1398886105	1.161285	20.202198	0.0752865180297245	0.0398989686259747	0.0292051002	0.0383156433	-0.0844313799	0.0739608738	-0.039596009	-0.1114736681	-0.0060613627	0.0073492112	-0.0325416726	0.0692795562	-0.0437276921	-0.065452789	0.004855395	0.0062602018	0.0029270055	-0.1672060806	-0.0196096056	0.1135482743	0.1054430549	-0.0263128234	-0.0360012835	-0.0224988538	-0.0661593328	0.0890325455	-0.0234405928	-0.1147238502	0.0436900097	-0.129479358	-0.1563154866	-0.0167481304	0.0309747373	-0.0018258529	-0.0431820945	0.1614622443	-0.0061312693	-0.1192396384	0.0191807255	0.0758581087	0.0858321473	-0.1280583448	-0.0906059478	0.0085820918	-0.0820081864	0.045706437	-0.0715293258	0.0393564497	0.046524109	-0.0393241007	0.0338487617	0.0913962495	0.1688266613	0.0145012949	-0.1274964876	0.0544050666	0.0059833867	0.098045482	0.0549563798	-0.0350165822	0.0746329843	0.0097508527	-0.0341728732	-0.0184342633	0.0921000159	0.112626548	-0.1092322943	0.0777127219	0.0590217876	0.042032121	0.084337127	-0.0246671007	0.0366539828	0.076773808	0.0319382728	-0.0124501295	-0.0494837125	0.0409792614	-0.1442270485	0.0541135556	-0.0355748343	0.1191721954	-0.0288135731	-0.0113967634	-0.0136355211	0.1581516367	-0.045467083	-0.0851940874	0.0449006314	0.0349632004	-0.1176599647	-0.1135645989	0.0394755062	0.0361806658	0.1447286544	-0.0224545174	0.1212453311	0.0940004542	-0.0240654704	-0.0251890118	-0.1044804285	0.0707724105	-0.0289201825938647	0.0059197964659887	3.5043990198732304e-05	0.0008363769612624	0.0176503806945476	-0.0101656746404613	0.0001033409408957	0.0003115359386624	-0.0487931572411071	0.0020417189833494	0.0023807721935554	4.168616406969307e-06	0.0013267240750041	-0.0003400127051309	1.156086396504324e-07	1.7601967711954848e-06	0.0003210897212408	-0.0006141076420532	3.771281960281414e-07	1.0309860908649465e-07	-0.0013737125460294	0.0001890662116143	1.8870861591185768e-06	3.574603237422106e-08	0.0	0.0	0.0	0.0	0.0	0.0	0.0	0.0	0.0	0.0	0.0	0.0	0.0	0.0	0.0	0.0	0.0	0.0	0.0	0.0	0.0	0.0	0.0	0.0	0.0	0.0	0.0	0.0	0.0	0.0	0.0	0.0	0.0	0.0	0.0	0.0	0.0	0.0	0.0	0.0	0.0	0.0
1018600.9039410938	2513.000141320052	6315169.7102746	1037547801509.6134	1550701.3353111814	13721.11346255266	2404674631335.881	188268954.65224388	1046888.8887583384	1968.4728623408591	1095976345405.6688	3874885.409772415	1090995.5204976045	1193374.809967074	1.300465	22.62343	0.114322288136032	0.0583863515089764	-0.0546352093	-0.0812961614	-0.0388543996	0.1434915745	0.0780742641	0.0361694118	0.1336625121	0.1003791933	-0.0553409567	0.0240894612	0.0801794812	0.0324457632	-0.1088165966	-0.0433368377	0.105225804	0.03278734	-0.0466550286	-0.0779996103	0.0758089122	0.0717134471	-0.0918844328	-0.0388293352	-0.1160775428	0.0361135622	0.0145847181	0.1423510014	-0.0626808677	0.0801149019	-0.0219662309	-0.0133670903	0.0307555575	0.0660618412	-0.1104257589	0.1747026592	0.0453817601	0.1299204885	-0.1186311945	-0.0478847268	-0.1523654127	-0.1663426427	-0.0339570944	-0.1121618306	0.0636103978	-0.0071285956	0.097344896	-0.0100866379	0.1339868886	0.0852767043	0.1083104149	-0.1032279018	0.0250790462	0.0759078344	-0.0208708154	0.0526378655	0.0469523357	0.0114532187	-0.0722697065	-0.1365237336	-0.0468117859	-0.0746305569	-0.063306901	-0.0966803808	0.1208413468	0.0319804846	0.0603055874	-0.0592690868	0.2008947873	-0.0486946296	0.0440094119	0.1133444532	-0.0516736537	0.099382881	-0.0937440025	-0.015638489	-0.0438995243	0.0564319161	0.0241186193	0.017027031	0.1082414034	-0.0682394847	-0.0990132937	-0.0300068032	0.002614159	4.71641e-05	-0.1189258907	-0.0844034665	0.054148695	0.0651867903	0.0525225295	-0.0318660293	0.0775577152	0.1324799302	0.0412214612	-0.2281504717	-4.9823e-06	0.0832738502	-0.0020840917	-0.0275434712	-0.102329975	0.0763617167	-0.0288916814443496	2.850114951509844e-05	8.12315523681996e-10	0.0008347292566817	0.0403657913996937	0.0227154107051461	0.0005159898835034	0.0016293971153235	-0.076561433060263	-0.0277682758191558	0.0058616530322411	0.0007710771419687	0.0020100662564284	0.0006833421814242	4.669565369137208e-07	4.0403663552320814e-06	0.0007249305709595	0.0004038408497187	1.6308743190152166e-07	5.255243327116667e-07	-0.0015627315241307	-0.0001890189781012	2.4421298165118604e-06	3.572817408245966e-08	0.0	0.0	0.0	0.0	0.0	0.0	0.0	0.0	0.0	0.0	0.0	0.0	0.0	0.0	0.0	0.0	0.0	0.0	0.0	0.0	0.0	0.0	0.0	0.0	0.0	0.0	0.0	0.0	0.0	0.0	0.0	0.0	0.0	0.0	0.0	0.0	0.0	0.0	0.0	0.0	0.0	0.0
1022817.3697228108	4216.465781716979	17778583.688390177	1046155371806.6892	1537522.4588607594	-13178.876450421987	2363975311501.236	173682784.49548724	1048465.157519709	1576.268761370564	1099279186532.828	2484623.208072692	1091627.939732143	1207693.7587118263	1.486365	25.857416	0.1004650613620845	0.0460714466574513	-0.1131170304	0.1220781086	0.1211602782	0.118627972	0.0929629063	-0.1489119488	0.0222964668	-0.129058589	-0.120366833	-0.1012799292	-0.0277171313	-0.0935369312	-0.0279608763	0.081822015	-0.0333452313	-0.0106866593	0.0133336691	-0.148952476	0.0407455518	0.0105845308	-0.0495130748	0.0671292104	0.1293830935	0.0251313327	-0.0004094555	-0.0316232227	0.0442043243	-0.0441862149	-0.0609412507	-0.0158853741	-0.0976772941	0.0310921697	-0.0277043053	0.0117656061	0.0731981113	0.1611670648	0.0850595944	-0.0510956226	-0.0936028462	-0.0024749537	0.0682918583	-0.0217437749	0.1696034093	-0.1181433154	-0.0650103793	0.0927826434	0.004331352	0.0132660121	0.029526859	0.0507618157	-0.0957915421	0.1819698423	-0.0907053446	-0.0324264047	0.0536165812	-0.0416743044	0.017079089	-0.0481088108	0.0281893871	-0.0674857825	0.0802204365	0.0131731504	-0.014550858	0.0692696612	-0.0375635015	0.0665939192	0.0532056442	-0.0539171497	0.0110738884	-0.0260198211	-0.1708273965	0.0470780968	-0.0473448903	-0.0010228309	0.0395913974	0.1060208059	0.0419713781	0.213663016	0.0036332802	-0.0801070822	0.0465122785	0.0456074104	-0.0027238231	0.0060603793	-0.1061422521	-0.0006294849	0.022422985	-0.0191643192	0.0259358469	-0.1090077462	-0.0077775274	0.1554860011	0.1118795548	-0.0645950009	0.0824214252	-0.0658658081	0.0061433596	-0.0298858491	-0.1	0.0816496581	-0.0288290548574821	6.262658686750217e-05	3.9220893826727945e-09	0.0008311144039757	0.0707498064124365	0.0303840150127428	0.0009231883682945	0.0050055351073972	-0.0992129385403473	-0.0226515054800842	0.0098432071738107	0.0005130907005142	0.0016660631787024	-0.0003440030777259	1.1833811748496023e-07	2.775766515427945e-06	0.0005618340665654	-0.0001630965043941	2.6600469745574683e-08	3.156575183534143e-07	-0.0020029702276584	-0.0004402387035277	4.011889732885943e-06	1.9381011608375034e-07	0.0	0.0	0.0	0.0	0.0	0.0	0.0	0.0	0.0	0.0	0.0	0.0	0.0	0.0	0.0	0.0	0.0	0.0	0.0	0.0	0.0	0.0	0.0	0.0	0.0	0.0	0.0	0.0	0.0	0.0	0.0	0.0	0.0	0.0	0.0	0.0	0.0	0.0	0.0	0.0	0.0	0.0
1020611.015356833	-2206.354365977808	4867999.588269334	1041646844667.7056	1545129.9530590717	7607.494198312284	2387426571840.329	57873967.97735507	1045250.3079138872	-3214.8496058217715	1092548206194.076	10335257.9880524	1089891.8743739112	1245622.0929712893	1.641934	28.563757	0.0792694168796647	0.04702248400162	0.0350978217	0.1487117098	0.1599711119	0.0162044085	-0.0691878278	-0.0491653132	0.0001808531	-0.2311224525	-0.0366900359	-0.055303301	-0.1077065417	-0.0175512198	-0.0882843508	0.0548218686	-0.0066016085	0.0396826215	-0.0760130061	-0.0823184597	0.1291275577	0.0246519881	-0.0762630097	0.0286121015	0.1211319472	0.0001621911	0.0260149271	-0.190520998	0.1247887676	0.0679617205	0.0746584911	0.0088355043	-0.0414173649	0.0737693955	-0.0257786679	0.0688347965	-0.1544881458	0.0141281523	-0.0024838167	-0.0525776485	0.086604062	0.0422110724	0.1293661985	0.0401725422	0.0099449446	-0.0483913204	-0.1087381535	-0.0072961842	-0.1192099243	0.0883097308	0.1341299169	-0.0333186931	-0.0773848931	0.0323215022	-0.0663834584	0.0229260084	0.0409215054	0.0786708032	0.1447958765	-0.0119405143	0.1221113897	-0.0050615295	0.0831202058	0.0566566123	-0.0388891173	0.0516780843	0.0076221148	-0.0450461115	0.0736107434	-0.1095564658	0.0646073609	-0.161140968	-0.0858972575	0.0314756509	-0.0875286969	0.0049533248	-0.0451314743	0.1238829608	-0.1876213866	0.0559652612	-0.0572799016	-0.0529131919	0.1018602842	0.1201116577	-0.0485444744	0.0296719124	-0.0075747824	-0.0686684341	-0.00656405	-0.0983601609	-0.0015054791	-0.0555939172	-0.0144299917	0.1432862803	0.0069716077	-0.0140558859	-0.1233854108	-0.064176685	0.0408446231	-0.032215118	-0.097494591	0.0866153656	-0.0286310341805346	0.0001980206769474	3.921218849874544e-08	0.0008197361182469	0.0348846734235337	-0.0358651329889028	0.0012863077643116	0.0012169404398665	-0.0683870091451979	0.0308259293951494	0.0046767830198253	0.0009502379230747	0.0018560304404198	0.0001899672617174	3.6087560524407154e-08	3.444848995764917e-06	0.0005341669321521	-2.7667134413300038e-05	7.65470326643611e-10	2.8533431140478614e-07	-0.0019729979474158	2.997228024260003e-05	3.89272090050696e-06	8.983375829409522e-10	0.0	0.0	0.0	0.0	0.0	0.0	0.0	0.0	0.0	0.0	0.0	0.0	0.0	0.0	0.0	0.0	0.0	0.0	0.0	0.0	0.0	0.0	0.0	0.0	0.0	0.0	0.0	0.0	0.0	0.0	0.0	0.0	0.0	0.0	1.0	0.0	0.0	0.0	0.0	0.0	0.0	0.0
1017117.2678677958	-3493.747489037225	12206271.517153917	1034527536594.8494	1547278.6742484176	2148.721189345932	2394071295783.941	4617002.749544195	1045040.8986127956	-209.4093010915676	1092110479773.4396	43852.25538365882	1091117.9724793115	1258571.0548483208	1.413244	24.585375	0.1208023656958648	0.0629300440292563	0.1229070922	0.035495729	0.0484385555	-0.0620786646	-0.099107609	0.0431808467	-0.0372085014	-0.0090644982	-0.0115222841	0.0511382933	-0.083008687	-0.068884677	-0.0603115581	0.0555463708	0.0104837518	-0.0436160297	0.0541545916	0.0356766598	0.0036467297	0.0801549543	-0.037579672	0.0233849945	-0.0857239442	0.2040845055	-0.0638764166	-0.1096652423	-0.1493449351	0.0608310247	0.0142894564	0.0305186342	-0.0287142766	-0.0749722184	0.0097314739	0.0539066413	-0.0655155035	-0.1163950955	0.0530267994	0.0042703768	0.0324031183	0.0840576142	0.0552723434	0.01956624	-0.126715121	0.0616639727	-0.0929247156	0.0235490936	-0.0726246879	0.075516204	-0.0040263146	0.0075455172	0.0737318059	-0.0374932572	0.0751144303	0.1116824644	0.026867125	0.0642442748	-0.0724683355	-0.0382303986	0.1314702633	0.0112430316	-0.0279232011	-0.1559632627	-0.0479076556	-0.1689641993	-0.1200641402	-0.0063830618	0.0894434639	-0.1019917745	-0.0115855553	-0.0036539966	0.1521418382	-0.019270087	-0.0023951836	0.0207572959	-0.0922595529	0.0519536817	-0.0890090984	-0.112742742	0.037288303	-0.0028707983	0.0131649627	0.1437381279	-0.0505299983	-0.038978681	-0.0111736347	-0.0905757663	0.1053408124	0.0062089807	-0.1516488727	0.020329641	-0.1095513479	0.0797092017	0.0499260778	-0.0418516187	0.103663139	0.0680006996	0.0532427644	-0.0345302564	-0.0948181434	0.0912392418	-0.0453096233115246	-0.0166785891309899	0.0002781753354003	0.0020529619646322	0.018947666162461	-0.0159370072610726	0.0002539882004394	0.000359014053004	-0.0592914064524308	0.009095602692767	0.0035154708791073	8.272998834467203e-05	0.0028882314721482	0.0010322010317284	1.0654389699011734e-06	8.341881036707359e-06	0.0005869316693756	5.2764737223500086e-05	2.7841174942650155e-09	3.444887845160287e-07	-0.0024698555106846	-0.0004968575632688	6.100186243659086e-06	2.468674381774095e-07	0.0	0.0	0.0	0.0	0.0	0.0	0.0	0.0	0.0	0.0	0.0	0.0	0.0	0.0	0.0	0.0	0.0	0.0	0.0	0.0	0.0	0.0	0.0	0.0	0.0	0.0	0.0	0.0	0.0	0.0	0.0	0.0	0.0	0.0	0.0	0.0	0.0	0.0	0.0	0.0	0.0	0.0
1015169.2212869688	-1948.04658082698	3794885.481071688	1030568547848.3906	1547541.84909019	263.17484177229926	2394885774685.484	69260.99734187475	1043193.231124924	-1847.6674878716003	1088252117464.8593	3413875.1457377505	1089417.7266169426	1220954.490611034	1.540034	26.791063	0.1686773599043243	0.080446025476077	0.0701660355	-0.1236263843	0.0440816916	-0.052331259	-0.1125354825	0.0908797403	0.0033484811	0.0263014506	-0.0791292493	0.099023709	0.0142940653	0.0670650701	0.0152182979	0.0446026051	0.0525117026	0.1052231693	-0.0596328683	-0.0006117745	0.0222565036	0.0707858357	-0.0648573563	0.0236002206	-0.0062462833	0.0992866631	0.1144301357	0.0034170564	-0.0748443537	0.0609407741	-0.1005961906	-0.0785397773	0.0643631854	0.0489816565	-0.0266804649	0.0778992811	0.0542988962	-0.0303427856	-0.0601505264	-0.0203407166	-0.0534159315	0.127114551	0.1291349832	0.0596788721	0.0967415171	0.1193988259	0.0486326501	-0.0752736204	-0.0742345802	0.0043191485	0.0232287062	-0.1006036126	-0.0216497005	-0.0089394915	-0.0075625885	-0.0630410409	0.1464496858	0.0727945116	-0.0625344843	0.0013844177	0.0444403888	0.0434765951	0.004266999	-0.0915095564	0.0513251838	0.0492775026	-0.0745006222	0.014347896	0.1895612997	0.0169743877	0.0483984006	0.0099702853	0.0046196994	0.0554487363	0.0401144619	-9.5628e-05	0.0241659503	-0.0863183393	0.0245435298	-0.0150402214	-0.1110128565	0.0343206559	-0.0526235682	0.0635401666	-0.0298676273	0.0163458561	-0.0861598253	-0.0532762316	0.0561963982	0.0133134502	0.0839036203	0.0337935043	-0.0334282947	0.1561502253	-0.0534256901	-0.0590043671	0.0485746112	0.0071261926	-0.056581577	-0.0368302486	-0.0919753525	0.0955030384	-0.0232251971198707	0.0220844261916539	0.0004877218802146	0.0005394097812568	0.0787134365485826	0.0597657703861215	0.0035719473098466	0.0061958050932877	-0.045030411847037	0.0142609946053937	0.0020277379911137	0.000203375967135	0.0021628126789439	-0.0007254187932043	5.262324255339833e-07	4.677758684200489e-06	0.0008163684437578	0.0002294367743821	5.264123343890852e-08	6.664574359635322e-07	-0.001973387703848	0.0004964678068366	3.894259029698482e-06	2.4648028322514373e-07	0.0	0.0	0.0	0.0	0.0	0.0	0.0	0.0	0.0	0.0	0.0	0.0	0.0	0.0	0.0	0.0	0.0	0.0	0.0	0.0	0.0	0.0	0.0	0.0	0.0	0.0	0.0	0.0	0.0	0.0	0.0	0.0	0.0	0.0	0.0	1.0	0.0	0.0	0.0	0.0	0.0	0.0
1013515.1357978344	-1654.0854891344206	2735998.805365056	1027212930491.3026	1540963.4494989451	-6578.399591244757	2374568352691.688	43275341.18208919	1046181.8399408732	2988.6088159491774	1094496442222.0708	8931782.654769143	1091843.8741833623	1197289.0477383533	1.678667	29.202793	0.1053658291001166	0.0492368437792523	-0.0991621203	-0.0562533817	0.0554390723	-0.1301438006	0.0673549967	0.1060596605	-0.1073555341	-0.0146068231	-0.0911977814	-0.0831567446	0.0697602642	0.0803235323	0.0749707163	0.1174384734	0.056517632	0.0292719397	0.0184514052	0.0167244977	0.0963862873	0.0543106681	-0.0801315608	0.0808127704	-0.0800450712	0.096505002	-0.0727454796	0.274310818	-0.0013562632	-0.0173235411	-0.06467152	-0.0309114979	0.0494864089	0.1163246407	0.0607591744	0.0680261293	-0.1454369798	-0.0898723468	-0.0103038603	0.0275952812	-0.0343957258	-0.1924253354	-0.0511980912	0.0993221567	0.0109938212	-0.0640211761	0.0979334452	-0.0595934275	-0.1006514485	-0.0602261963	-0.0229975043	-0.0429815469	0.0129700491	0.0134068694	-0.0846391098	0.0160553671	0.0696972145	0.0112049454	-0.0839966775	-0.1918243287	-0.1191808917	0.0033876715	-0.0767714055	-0.1490717773	0.0182006489	-0.1678147087	0.1090373249	0.0842858057	0.0671093571	0.0782247619	0.002065242	-0.0932074665	0.0572329904	0.0621421936	0.0664186383	0.0144965478	-0.0054420594	-0.1280410705	-0.0452544532	0.0281863678	-0.0405125156	-0.0877295701	-0.0004678399	0.0566834293	-0.0503652396	0.0461417976	-0.0165898356	-0.122191879	-0.0163689074	-0.0612615899	-0.0293721329	0.0283234875	0.0104205045	-0.0083882516	0.0148854886	0.0450103894	0.0725121954	-0.0474564405	0.0821326684	-0.0391140859	-0.0889712056	0.0993899282	-0.022982238970215	0.0002429581496556	5.902866248412104e-08	0.000528183308084	0.0566326218427519	-0.0220808147058306	0.0004875623780732	0.0032072538567841	-0.0598765464336423	-0.0148461345866052	0.0035852008128201	0.0002204077121635	0.0015346280100078	-0.000628184668936	3.946159782863573e-07	2.3550831291005003e-06	0.0005201487399946	-0.0002962197037631	8.774611289755795e-08	2.7055471171797e-07	-0.0024129017643092	-0.0004395140604612	5.82209492420645e-06	1.9317260934309145e-07	0.0	0.0	0.0	0.0	0.0	0.0	0.0	0.0	0.0	0.0	0.0	0.0	0.0	0.0	0.0	0.0	0.0	0.0	0.0	0.0	0.0	0.0	0.0	0.0	0.0	0.0	0.0	0.0	0.0	0.0	0.0	0.0	0.0	0.0	0.0	0.0	1.0	0.0	0.0	0.0	0.0	0.0
1012874.897183441	-640.2386143933982	409905.4833603784	1025915557344.366	1535255.676292194	-5707.773206751095	2357009991587.4023	32578674.97970568	1043740.9502728928	-2440.889667980373	1089395171276.5614	5957942.371253335	1088267.3787293115	1196581.2019653982	1.492181	25.958601	0.080098821327385	0.0443665248958069	-0.0501323002	0.1350251603	-0.0409609715	-0.1416775044	0.0575647626	-0.0321570767	-0.1576140195	-0.0224196439	0.1052581276	-0.0622954416	-0.1649869884	0.0502141162	-0.067801142	-0.0163293132	0.0264518457	0.0634760442	-0.0475922356	-0.0497525724	-0.0899426356	-0.0206037848	-0.0242612812	-0.0290997694	0.0683669637	-0.0503887866	0.0186332651	0.0062981463	0.0164850819	0.0711435394	-0.0372052054	-0.106709873	0.013843698	-0.101312499	0.0181946087	0.0772562595	0.2247664822	0.0640799064	0.0758578297	-0.0703566043	-0.0922434194	0.0344500974	0.1312101178	-0.022254735	-0.1581241608	-0.0854155827	-0.1252389844	-0.1017785163	0.0007745827	0.0861127662	-0.0151333178	-0.0920340329	-0.0978875931	0.0204311905	0.0306715641	-0.072098961	-0.0454223654	0.0426543328	-0.0251739065	0.0060625908	0.0010671016	-0.0578035365	0.0802644814	0.0457664542	-0.059546944	0.0071564048	0.0938516287	0.0366703346	0.0007912744	0.0736885258	0.12142628	0.0892267318	-0.0996002639	-0.0253307677	0.0146896936	-0.0117188836	-0.0034431994	-0.0944395935	0.0389470165	0.037674975	0.0784032174	0.0280887496	0.1695822047	0.0758188944	-0.0075768297	-0.0227051219	0.0110381626	-0.1478778197	0.0143594103	-0.0207164488	0.0966677957	0.0794869835	0.0108659245	0.0233269655	0.1197991032	-0.0700384309	-0.0684804445	-0.108922964	-0.0605695841	-0.0413807664	-0.085810973	0.1028845713	-0.023303812901176	-0.0003215739309609	1.0340979307370862e-07	0.000543067695733	0.0630595745600288	0.0064269527172768	4.1305721230112896e-05	0.0039765099436918	-0.0600879876767095	-0.0002114412430672	0.0036105662630363	4.470739926980485e-08	0.0009827826429173	-0.0005518453670905	3.0453330917924866e-07	9.658617232195134e-07	0.0008521002944426	0.000331951554448	1.1019183450044353e-07	7.260749117891656e-07	-0.0018339216171261	0.000578980147183	3.36326849776241e-06	3.35218010832164e-07	0.0	0.0	0.0	0.0	0.0	0.0	0.0	0.0	0.0	0.0	0.0	0.0	0.0	0.0	0.0	0.0	0.0	0.0	0.0	0.0	0.0	0.0	0.0	0.0	0.0	0.0	0.0	0.0	0.0	0.0	0.0	0.0	0.0	0.0	0.0	0.0	0.0	0.0	0.0	0.0	0.0	0.0
1013472.151128229	597.2539447880117	356712.2745648413	1027125801112.48	1533673.9690796414	-1581.707212552661	2352155843432.501	2501797.706241109	1046517.8292146756	2776.87894178275	1095199566864.1968	7711056.657316486	1091905.192427047	1207061.4087977384	1.364028	23.729195	0.0500602591379591	0.0248866495792258	0.065000811	-0.0001308689	-0.1038396282	-0.1153806597	-0.0892960317	-0.0260621293	-0.1044554962	0.0612762919	0.0596839847	0.0532258939	0.0025179319	-0.0453496229	0.0960794155	-0.0577124012	-0.0105037197	-0.0868937495	0.0375644215	0.0225189943	0.0209720116	0.0430723286	-0.0437650942	-0.0365089751	-0.0049412101	0.0818490304	-0.0242987307	0.0285652377	0.1949433675	0.037584549	-0.0522088784	-0.0286583802	-0.1083789773	0.0264509157	-0.1239816748	0.0600830218	-0.0106837385	-0.117009476	-0.0623916797	0.0884118108	-0.0262187865	0.1070707118	0.0067374128	-0.034699637	-0.0417017238	0.068123837	-0.0341860994	0.0292747483	-0.0304541064	-0.1137322051	-0.0546306908	0.0168232655	0.0128290593	-0.0721750578	-0.0140861093	0.0820774964	-0.0130154719	0.1026729218	0.1213253682	-0.0514825427	0.1101106769	0.1292452943	0.0085428874	0.0405755942	0.1248580517	-0.0572338787	0.07154476	0.0392370431	0.0058593115	0.0103863101	0.0603412526	-0.115887646	0.0123117653	0.0901996009	0.0141577269	-0.032416756	0.0305911581	-0.0840721331	-0.007409836	-0.0305328066	-0.0124128457	0.1492688072	0.0170716061	-0.0265757938	-0.0131751002	0.0031280044	-0.0023344014	-0.1986926508	0.0162984289	-0.0355669421	-0.0834335905	-0.0821961871	-0.0891617829	-0.0418149252	-0.0561996459	-0.0306903566	-0.090815748	-0.0489745887	0.0584828112	-0.043629296	-0.0825001988	0.105973176	-0.0233725513715086	-6.873847033260147e-05	4.7249773036659325e-09	0.0005462761576138	0.0803980882997308	0.017338513739702	0.0003006240587018	0.0064638526022513	-0.076243424426849	-0.0161554367501395	0.0058130597683326	0.0002609981365877	0.0008148642554149	-0.0001679183875024	2.8196584861406214e-08	6.640037547528793e-07	0.0008756988600862	2.3598565643599996e-05	5.568923004352978e-10	7.668484935562701e-07	-0.0019723560675358	-0.0001384344504096	3.890188457145285e-06	1.916409706023569e-08	0.0	0.0	0.0	0.0	0.0	0.0	0.0	0.0	0.0	0.0	0.0	0.0	0.0	0.0	0.0	0.0	0.0	0.0	0.0	0.0	0.0	0.0	0.0	0.0	0.0	0.0	0.0	0.0	0.0	0.0	0.0	0.0	0.0	0.0	0.0	0.0	0.0	0.0	0.0	0.0	0.0	0.0
1015356.0290889952	1883.8779607662	3548996.171060616	1030947865807.3724	1552522.8402558018	18848.871176160406	2410327169515.942	355279944.61549056	1048914.1523650698	2396.323150394252	1100220899031.733	5742364.641115431	1093894.1646613677	1179228.9655505146	1.593614	27.723164	0.1187015541459196	0.0676762889990486	-0.1163363347	-0.1042343231	-0.0842891609	-0.02091118	0.1103100612	0.113437207	0.0369897587	0.0764747429	0.062134245	-0.0572614723	0.1160845789	0.0441896132	-0.0957433338	-0.0813300704	0.0831084866	-0.041832612	-0.0376085975	0.0614154497	-0.0649957906	-0.1606043122	-0.1776757758	-0.0064022248	-0.0486368085	-0.0043061302	-0.1544842714	-0.0243681742	0.001368092	0.0214598068	0.1273929809	-0.034345641	0.0281583753	0.1230269073	0.0786489036	-0.062623633	0.0650311048	-0.1021094848	-0.0820091404	-0.0490356673	0.0427231433	-0.0780585316	0.0165396678	-0.0257877304	-0.0232082979	-0.0552588585	0.1315111348	-0.0082010563	0.0661603349	0.0855244163	0.027609343	-0.0483299394	0.0817060303	-0.0762031376	-0.0377323977	0.0044506899	-0.152576922	0.0693652154	-0.0520913934	-0.0956019618	0.0101530983	-0.1674933554	-0.0384755838	-0.0305505935	-0.152014671	-0.0252977452	0.0903592374	-0.0802336389	-0.0508809321	0.0228208185	0.0829186848	-0.1193385514	0.0733177192	0.0241222394	-0.0444045131	-0.0131166487	-0.0454286548	-0.1142930837	-0.0621727784	-0.0156279516	0.149087795	-0.1268271627	-0.0780454702	0.0212147793	-0.0426628674	-0.0354185646	0.0737814203	-0.1275592121	-0.0221049152	0.0178519553	0.0852180029	0.124618049	0.0798344341	0.0595214281	0.0170195155	-0.0338543014	-0.0664994976	-0.0360235114	0.0297729667	-0.0458586883	-0.0790446912	0.108643553	-0.022980924701045	0.0003916266704636	1.5337144901840546e-07	0.0005281229001151	0.0210051806194684	-0.0593929076802624	0.0035275174827161	0.0004412176128564	-0.0840145645565826	-0.0077711401297335	0.0070584470576321	6.039061891595587e-05	0.0012924046526355	0.0004775403972206	2.2804483097760842e-07	1.6703097861538873e-06	0.0007529541636326	-0.0001227446964536	1.506626050748641e-08	5.669399725316682e-07	-0.0023949885671708	-0.000422632499635	5.735970236878842e-06	1.7861822974772837e-07	0.0	0.0	0.0	0.0	0.0	0.0	0.0	0.0	0.0	0.0	0.0	0.0	0.0	0.0	0.0	0.0	0.0	0.0	0.0	0.0	0.0	0.0	0.0	0.0	0.0	0.0	0.0	0.0	0.0	0.0	0.0	0.0	0.0	0.0	0.0	0.0	0.0	1.0	0.0	0.0	0.0	0.0
1017473.0044783908	2116.975389395608	4481584.799306684	1035251314842.2834	1538873.9787051687	-13648.861550633095	2368133122335.876	186291421.6283505	1049412.6144633112	498.462098241318	1101266835394.7222	248464.46338313736	1094586.579322735	1212762.987735306	1.721698	29.951372	0.0510174641173817	0.0246915349649779	-0.0141492798	0.1444306835	-0.0710296586	-0.0497916103	0.059537229	-0.1283079736	-0.025863679	-0.0064755078	0.0710590164	-0.0562992172	-0.0342165148	-0.1761088053	0.057303292	0.0089670179	0.0636415456	0.0846459502	0.01901665	-0.0385594415	-0.0115112014	-0.0613843665	0.0544023326	0.1647428443	0.0635232783	0.0105073152	-0.0303019392	0.0639897591	-0.0376870776	-0.0276869262	0.0392944958	-0.0722489308	0.0821162646	-0.0117001643	0.0657249734	-0.0233220206	-0.1313403115	-0.0710443519	-0.0504592383	-0.0263000713	0.1069964943	-0.0160530445	-0.077055577	-0.0726420087	0.0566154296	-0.0584465632	-0.0793325943	0.1676968704	0.0146448834	-0.0202374829	-0.0966203168	-0.0670264717	-0.0205764804	0.0389952542	-0.0733920737	-0.0973959034	-0.0447899579	-0.1183007449	-0.0021935992	-0.00941702	-0.043482564	-0.0303186833	0.0128706263	-0.0837225653	-0.0336158155	-0.0440777849	0.0016562852	0.0617755996	-0.0012817894	0.0207472974	-0.0368836211	0.0216350445	0.0132468365	-0.0784755573	-0.00437254	0.0138964791	0.0038862983	-0.0133004114	0.040520721	0.0756294685	0.1681147434	0.1050789077	0.0880709738	0.0948678187	-0.0184223968	-0.0834187424	0.0372043332	-0.0701909918	0.0472820906	0.0222398005	0.0097415123	0.0409856115	-0.1325862899	-0.0080615949	0.0858313157	0.0001669587	-0.051684371	0.1266643635	0.02371782	-0.0480679655	-0.0754505123	0.1108851636	-0.0232309906871535	-0.0002500659861085	6.253299740841709e-08	0.0005396789283066	0.035917597623424	0.0149124170039556	0.0002223801808998	0.0012900738190381	-0.081617375094865	0.0023971894617176	0.0066613959173758	5.746517315369929e-06	0.0011060529134113	-0.0001863517392241	3.4726970711884176e-08	1.223353047265625e-06	0.0009818171859368	0.0002288630223042	5.237828297821279e-08	9.63964986600857e-07	-0.0021410474953872	0.0002539410717836	4.584084377503803e-06	6.448606793860351e-08	0.0	0.0	0.0	0.0	0.0	0.0	0.0	0.0	0.0	0.0	0.0	0.0	0.0	0.0	0.0	0.0	0.0	0.0	0.0	0.0	0.0	0.0	0.0	0.0	0.0	0.0	0.0	0.0	0.0	0.0	0.0	0.0	0.0	0.0	0.0	0.0	0.0	0.0	1.0	0.0	0.0	0.0
1017718.06664384	245.062165449257	60055.46493467902	1035750063173.2756	1544057.815400844	5183.8366956752725	2384114537300.427	26872162.887429528	1045558.0597710734	-3854.5546922377534	1093191656352.2516	14857591.87545209	1090868.735872169	1218470.2290763813	1.419949	24.702015	0.0883584450361712	0.0573477449421073	0.0854020808	-0.0046026891	-0.0719181042	0.0001026852	-0.0854039257	-0.0555110327	-0.0025332158	-0.0123146725	0.0667655591	0.075754058	-0.0102996462	-0.0286213923	0.1740274546	0.0066564348	-0.0512499964	-0.0238165673	-0.0257022835	0.0415624993	0.0572710014	-0.1447091034	0.0570574278	-0.0793296448	-0.0457730094	-0.0257650489	-0.0053014851	-0.0752054302	0.0236637964	-0.022184072	-0.0582524115	0.0803093137	0.029048444	0.04099394	0.0080130662	0.0470860085	-0.1123958246	0.0388420798	0.125103904	0.0944449033	0.0326996667	-0.0144960069	0.1341481528	-0.023848693	0.0121175312	0.0778071974	-0.0420444735	0.02431129	-0.0164181669	-0.1440346937	-0.0175325021	0.055365803	0.039813949	-0.0435670323	-0.0829566869	0.0436649802	-0.1065537753	0.0609878265	0.0380128148	0.1107739118	-0.0047451501	0.0352645856	-0.1286193214	0.0249673074	0.0290572527	0.0254986255	-0.0970012951	-0.0869138155	0.0316004356	0.063442015	-0.0217467964	-0.0572945639	-0.0097501538	0.0175591818	0.0333591769	0.0284073225	0.0391422653	-0.0170945401	-0.0588403565	-0.010679871	0.0142284199	0.1383293738	-0.0196069132	0.0098244208	-0.007732803	-0.0512648615	-0.0915185063	-0.0099116126	0.0565146051	-0.0272725446	0.0188299889	0.0109525806	-0.0996674127	0.076732696	-0.0205748124	0.0534377198	0.0166645432	-0.0295292541	-0.1915273307	-0.0502561585	-0.0717239676	0.112689161	-0.0231411964035572	8.97942835962999e-05	8.063013366572733e-09	0.000535514970988	0.0866175550876562	0.0506999574642322	0.0025704856868749	0.0075026008493631	-0.0557398534352273	0.0258775216596377	0.0031069312609806	0.000669646127245	0.000987071755277	-0.0001189811581343	1.4156515990979334e-08	9.743106500656178e-07	0.0009589010439832	-2.291614195360013e-05	5.251495620375518e-10	9.194912121520708e-07	-0.0022329736278734	-9.192613248619996e-05	4.986171222778094e-06	8.450413833870385e-09	0.0	0.0	0.0	0.0	0.0	0.0	0.0	0.0	0.0	0.0	0.0	0.0	0.0	0.0	0.0	0.0	0.0	0.0	0.0	0.0	0.0	0.0	0.0	0.0	0.0	0.0	0.0	0.0	0.0	0.0	0.0	0.0	0.0	0.0	0.0	0.0	0.0	0.0	0.0	0.0	0.0	0.0
1016314.783393185	-1403.2832506550476	1969203.8815689967	1032895738943.5364	1550665.1354166667	6607.32001582277	2404562362196.7896	43656677.79149221	1044495.7271452396	-1062.3326258338057	1090971324024.6628	1128550.6079109486	1090641.146532012	1216996.6523479822	1.200139	20.878124	0.1464378862835286	0.0869852463610362	0.022398164	-0.1193482319	0.0234057309	-0.0179729838	-0.0583423381	0.0847085421	0.0603767764	0.005459129	-0.0273450529	0.1062422582	0.0343500915	0.0464874102	0.0990226938	0.1192028809	0.1088412822	-0.0486909977	-0.1000185329	-0.0795543477	-0.0025428508	0.0938762576	-0.1189349116	-0.0131044033	-0.1874189971	-0.0206863535	0.0430908666	-0.0836927532	-0.0727181853	0.0164251382	0.0634774779	-0.02197683	0.0475777533	0.1171511526	-0.0451598571	-0.0696829781	-0.0954156022	0.1323695101	0.1321662175	0.0045630296	-0.0291277321	-0.0169036205	0.0727402543	-0.0711860318	-0.0956661439	0.0966488623	0.0555752779	-0.049045096	-0.0437915715	-0.066746243	0.0689289472	-0.0693472879	0.1134549564	0.1699758416	0.0190680444	0.00410094	0.0355903096	0.0557574286	-0.0584233537	-0.08698459	0.0137471388	-0.0510780168	-0.0370551123	-0.0943342082	-0.0001157852	0.0979932618	-0.0973713067	-0.2305960601	-0.0498828614	0.0882197871	-0.0423062458	-0.0368579895	-0.0474460381	-0.0780292764	-0.0188874364	0.0478856125	-0.0358774026	-0.1157780536	-0.1697366402	-0.0529704501	0.0375816696	-0.0136897804	-0.1124703635	0.1225552269	-0.0292187092	-0.0389334777	-0.0691928826	-0.0150261188	0.0725773999	-0.0026463793	0.0153065282	0.0718829792	-0.086169842	0.0017583592	-0.0239717822	-0.0910795643	0.107596599	0.0873141141	-0.0776430963	-0.0524223074	-0.0678715947	0.1140484259	-0.0232427543800923	-0.000101557976535	1.0314022597903509e-08	0.0005402256311732	0.0128429945272756	-0.0737745605603806	0.0054426857858772	0.0001649425084276	-0.0175178127866644	0.0382220406485629	0.0003068737648286	0.0014609243913403	0.0007438761403485	-0.0002431956149284	5.9144107120451216e-08	5.533517121797814e-07	0.0007180951522403	-0.0002408058917428	5.798747749809326e-08	5.156606476710196e-07	-0.002435766663163	-0.0002027930352895	5.932959237376216e-06	4.112501516196893e-08	0.0	0.0	0.0	0.0	0.0	0.0	0.0	0.0	0.0	0.0	0.0	0.0	0.0	0.0	0.0	0.0	0.0	0.0	0.0	0.0	0.0	0.0	0.0	0.0	0.0	0.0	0.0	0.0	0.0	0.0	0.0	0.0	0.0	0.0	0.0	0.0	0.0	0.0	0.0	0.0	0.0	0.0
1013956.0015698342	-2358.781823350815	5563851.690170196	1028106773119.4856	1548266.316389768	-2398.819026898825	2397128586467.141	5754332.7238118285	1044994.9509172224	499.2237719828263	1092014447442.488	249224.37451276093	1091279.7940712108	1188274.7114538192	1.330383	23.143887	0.1438674276887769	0.0979120454912201	-0.1332876028	-0.0499577128	0.0189617219	-0.0723597328	0.1152471744	0.0750763564	-0.021425927	-0.001781659	-0.0455712123	-0.0647591938	0.0150944679	0.1359132081	0.062401303	0.0582656922	0.0351190917	0.079657107	-0.0111190867	-0.0901496291	0.0215405437	-0.1577965907	-0.0245112062	0.0610967665	-0.0065570035	-0.0684841034	-0.0934762346	0.1055191052	-0.0448931126	-0.1524143235	0.010274741	-0.0619954523	0.0584751627	-0.1218189894	0.0382664225	0.1480622182	-0.0716811626	-0.0216872171	-0.0378967919	-0.0763787119	-0.0743061777	0.030700246	-0.1975387491	0.0479947058	-0.0134051027	-0.077548802	0.0613833493	-0.1018583431	-0.0180338935	-0.037886014	-0.077913258	-0.0012053752	-0.0730513251	0.1005147694	-0.0599746575	-0.0860700165	-0.1114719447	-0.0388999349	-0.0654120895	-0.0811105729	-0.1288389273	-0.0215700141	-0.1100939529	0.0068666777	-0.0723048558	-0.0593231843	-0.0971169451	0.0945460471	-0.02135318	0.058212125	0.0581285172	0.1352868492	0.0318594674	-0.0292665944	-0.0879838889	0.0439127794	0.0227347449	-0.1367876266	0.0584750467	0.0887660438	0.0951106735	-0.023801479	0.0309542956	0.0536797249	-0.0242084256	-0.0596131674	-0.0816585591	0.0019111767	0.0265898098	-0.0570120107	0.0168483053	-0.0064353856	0.0623764596	-0.0976566196	0.0979895724	0.0149307517	-0.0635980668	0.0874274557	-0.0895553111	-0.0545654623	-0.063900152	0.1149575937	-0.0229127900815626	0.0003299642985296	1.0887643830419669e-07	0.0005249959493217	0.0978843570890717	0.0850413625617961	0.0072320333463668	0.0095813473627409	-0.0660576027774055	-0.048539789990741	0.0043636068846974	0.0023561112123452	0.0007550188243619	1.1142684013399969e-05	1.241594070224792e-10	5.700534251408257e-07	0.0008000422654959	8.194711325560007e-05	6.715329370926144e-09	6.400676265798123e-07	-0.0025418030826482	-0.0001060364194851	6.460762910959892e-06	1.1243722257241291e-08	0.0	0.0	0.0	0.0	0.0	0.0	0.0	0.0	0.0	0.0	0.0	0.0	0.0	0.0	0.0	0.0	0.0	0.0	0.0	0.0	0.0	0.0	0.0	0.0	0.0	0.0	0.0	0.0	0.0	0.0	0.0	0.0	0.0	0.0	0.0	0.0	0.0	0.0	0.0	0.0	0.0	0.0
1018385.31943069	4429.317860855837	19618856.71249653	1037108658831.9486	1532186.668908228	-16079.647481539983	2347595988380.092	258555063.1305952	1045267.1729457248	272.22202850237954	1092583462837.9478	74104.83280195034	1089534.8554551394	1203142.2793032231	1.411685	24.558264	0.0114371527853184	0.008732200657798	-0.0524700201	0.1396064477	-0.1096653415	-6.53116e-05	0.0930188544	-0.1223947751	-0.061070846	0.0477332713	0.0869401021	-0.0354741773	-0.1535447296	-0.0226677999	0.0577611702	-0.0578536446	0.0833034576	-0.010201982	-0.0011217804	-0.0606983235	-0.0459894072	-0.064941261	0.0200946211	-0.1526169373	0.0518853147	-0.013583649	-0.0862502928	0.0063044181	-0.1565895733	-0.0076688487	-0.0318475141	0.0799646653	-0.0145488816	0.0490629246	0.0072679041	-0.0290217652	-0.0569691198	0.1251165034	0.0772929382	0.0379913829	0.1612579847	-0.0655517987	0.0291749346	-0.0307770029	-0.0145853424	-0.0748744051	-0.1415188664	-0.0252784941	0.0972123708	-0.0350604677	-0.0354506292	-0.0760287798	0.0220548378	0.074279049	-0.004016519	0.0085047401	-0.0776872684	-0.0236413768	-0.1369124702	0.05343674	0.0039755796	0.0001014858	-0.0021183933	0.0757018694	0.0012411521	-0.0362310028	-0.0693271569	-0.1438681705	0.0288398725	-0.0052294408	-0.131947154	-0.0930422149	-0.1074575123	0.0679999132	0.0145480623	0.0563875303	0.032765947	-0.013916695	-0.0803326261	0.0879821635	0.1141564069	0.1172950322	0.0945058098	-0.0309055475	0.0052411078	-0.0121468592	-0.0178912364	0.0935503998	0.0048440169	0.046925786	0.0073586211	0.0551259245	0.0705697603	-0.0617897627	-0.0322304262	0.0277109776	0.041438222	0.0229219689	-0.1226095457	-0.0566846829	-0.0598166067	0.1154130763	-0.023124640573755	-0.0002118504921924	4.488063104216254e-08	0.0005347490016653	0.0976569400242652	-0.0002274170648065	5.1718521365204295e-08	0.0095368779349029	-0.0659549216551909	0.0001026811222145	0.0043500516905423	1.0543412859248166e-08	0.000809810609969	5.479178560709999e-05	3.0021397700144084e-09	6.557932240183638e-07	0.0006369729904327	-0.0001630692750632	2.659158846963759e-08	4.0573459054077653e-07	-0.0025417600611964	4.302145179988989e-08	6.460544208693128e-06	1.8508453149702494e-15	0.0	0.0	0.0	0.0	0.0	0.0	0.0	0.0	0.0	0.0	0.0	0.0	0.0	0.0	0.0	0.0	0.0	0.0	0.0	0.0	0.0	0.0	0.0	0.0	0.0	0.0	0.0	0.0	0.0	0.0	0.0	0.0	0.0	0.0	0.0	0.0	0.0	0.0	0.0	0.0	0.0	0.0
1019446.08177494	1060.7623442499898	1125216.750978734	1039270313646.2776	1540431.2515822784	8244.58267405047	2372928440851.3447	67973143.46925321	1047744.851121892	2477.678176167188	1097769273052.4355	6138889.144655164	1091658.7224793115	1210389.0495412378	1.139738	19.827356	0.1026927731109545	0.0516131934539704	0.0426063712	0.0299406269	-0.1133771541	0.1108095299	0.0186810371	-0.1378219001	0.036845815	0.023230425	-0.0261739145	-0.0104895714	-0.0914821635	-0.0825837375	-0.1871655886	-0.0258741469	-0.0262848661	-0.1448100592	-0.0172962106	0.0052789004	-0.1878336042	-0.0843099225	-0.0187374723	0.0561777959	-0.0029693461	0.075355318	-0.1048989694	0.0228772586	-0.0200630248	-0.013431564	0.1139394679	-0.1155044861	-0.1715839992	-0.0284909242	0.1624901951	0.0135759482	-0.003534131	-0.024804144	0.0525352572	0.073707612	-0.0406936108	0.0109982582	-0.0065416645	-0.0907637213	0.030251137	-0.0224405062	-0.1058026181	0.0543686395	0.1105625871	0.1271685155	0.0313471531	0.1245122988	0.1067356994	0.0208493881	0.091518692	-0.0746526971	-0.0840741502	0.0158596058	-0.0700307167	-0.1154926687	0.0236365695	0.0683677833	0.0968424369	-0.0346051921	-0.1212653808	-0.0273239369	0.0821234162	0.0648338045	-0.0136927579	-0.0113735678	0.0372481104	-0.0534554623	0.1767921766	-0.1030494912	0.0457321406	0.0242214654	-0.0128766907	0.0580261687	-0.1197258605	-0.0883107048	0.1669098911	0.0242836207	-0.0302471988	-0.0056674196	0.009058478	-0.0684092864	-0.0301025223	0.0607097684	0.0910978502	-0.0321763589	-0.0529522917	-0.025524011	-0.0772290293	-0.083361482	0.0235764227	0.0266867868	-0.0196898822	-0.0306205898	-0.0625243059	-0.0587790397	-0.0556281227	0.1154130763	-0.0045684317312151	0.0185562088425399	0.0003443328866079	2.0870568482773e-05	0.0583218310482607	-0.0393351089760045	0.0015472507981541	0.0034014359768218	-0.079589268582211	-0.0136343469270201	0.0063344516734513	0.0001858954161263	0.0012820038609341	0.000472193250965	2.2296646625698986e-07	1.643533899449939e-06	0.0007878716687688	0.000150898678336	2.277041112358177e-08	6.207417664485336e-07	-0.002542010299203	-2.5023800659992185e-07	6.461816361254125e-06	6.261905994710253e-14	0.0	0.0	0.0	0.0	0.0	0.0	0.0	0.0	0.0	0.0	0.0	0.0	0.0	0.0	0.0	0.0	0.0	0.0	0.0	0.0	0.0	0.0	0.0	0.0	0.0	0.0	0.0	0.0	0.0	0.0	0.0	0.0	0.0	0.0	0.0	0.0	0.0	0.0	0.0	0.0	0.0	0.0
1020222.3543154236	776.2725404836237	602599.0571088992	1040853652244.9058	1546186.1077267933	5754.856144514866	2390691479727.3306	33118369.24406051	1047868.4396224984	123.58850060636178	1098028266756.8896	15274.117482128686	1092892.1652874565	1225826.4612633735	1.421047	24.721117	0.078626057365416	0.0486789201997835	0.0774795859	-0.0524822795	0.0026983271	0.1300511105	-0.0782191543	-0.0627499475	0.1000709799	0.0366441513	-0.0066103502	0.0580499966	0.0334784011	-0.0551825705	-0.0478744131	-0.0080722466	-0.1021570198	-0.0844385947	-0.0569235904	0.0317823279	-0.0360621835	-0.0350471898	0.0062104256	0.0549857961	0.0038881475	0.0387052248	-0.0358111525	-0.043291746	0.018523705	-0.0562438844	0.0223320671	0.0775918508	-0.0338403355	-0.0513152666	-0.1214796093	-0.1141511339	0.0959103827	0.0231038856	-0.0132251641	-0.0887495557	0.0583714346	0.01539849	0.0064269583	0.0021125026	-0.0411125035	0.0684512498	0.008679016	0.0687372271	0.0454485754	0.0155805126	0.0006490138	0.1438782817	0.0097590474	-0.010975087	0.0158838185	-0.0617602699	-0.064528468	0.0214888315	0.1366557527	-0.0009807033	-0.0386247001	0.0186277213	0.026289659	-0.0331263264	0.0342128734	0.0001670565	-0.0195075644	0.0190549324	-0.1189185135	-0.0911869545	-0.0119130525	0.0035299247	-0.0739200006	-0.0257712316	-0.0889434572	-0.0202967033	0.0745664065	0.0657946493	0.0565127764	0.0297649474	0.034501054	0.1001685353	-0.1024748894	0.0697597628	-0.0148581641	-0.0595678342	-0.0607432868	0.1086678708	-0.0263909016	-0.0204406947	0.0189723309	0.0777770949	-0.0022094197	-0.0286416731	0.0527634372	0.0186695819	-0.0111686386	-0.0279583358	-0.1304726698	-0.0608476141	-0.0513420481	0.1149575937	-0.0048194609043292	-0.0002510291731141	6.301564575434886e-08	2.322720340835763e-05	0.0638532093101957	0.0055313782619349	3.059614547660704e-05	0.0040772323392116	-0.126195376502423	-0.0466061079202119	0.0159252730505882	0.0021721292954704	0.001024165090667	-0.000257838770267	6.648083145285033e-08	1.0489141329409444e-06	0.0005211994711309	-0.0002666721976379	7.111406099302719e-08	2.7164888870712986e-07	-0.0025417704269049	2.398722981000398e-07	6.4605969030883175e-06	5.753871939579436e-14	0.0	0.0	0.0	0.0	0.0	0.0	0.0	0.0	0.0	0.0	0.0	0.0	0.0	0.0	0.0	0.0	0.0	0.0	0.0	0.0	0.0	0.0	0.0	0.0	0.0	0.0	0.0	0.0	0.0	0.0	0.0	0.0	0.0	0.0	0.0	0.0	0.0	0.0	0.0	0.0	0.0	0.0
1021060.1910605326	837.8367451089434	701970.4114547486	1042563913768.5712	1552548.351793249	6362.244066455634	2410406384655.9336	40478149.561149925	1046880.5137204366	-987.9259020617465	1095958810007.5652	975997.5879645154	1092667.4930858014	1235424.3865960184	0.994658	17.303488	0.0738502723674092	0.0440078028736738	0.0802273588	-0.0718154583	0.0481858661	0.1001000663	-0.0641811451	0.0151573101	0.0753357884	0.0186692595	-0.0256211842	0.0851420177	0.0919377678	0.0089545852	0.0321100693	0.0124915437	0.0402054269	-0.0489303844	-0.1182809293	-0.0148886115	-0.0125293222	0.0475855368	-0.0307379191	-0.0337489184	0.1018124039	-0.0018695822	0.0019157217	-0.1605957607	0.0434450103	-0.1716385105	0.0369794609	0.092613003	0.0125025394	-0.0153302694	0.0539430541	0.0288569082	-0.0221759108	0.0271866363	0.0088862239	-0.0576566508	-0.1222488475	0.0943152055	-0.0304942638	0.0832154495	-0.0881674737	0.0958449337	0.0831413392	0.0169969339	0.0080949708	-0.0540971283	0.0896536319	-0.0276413955	0.0830842616	0.0573556582	-0.0267458709	-0.0939729292	-0.0043851056	-0.0066545866	0.0304710034	0.0111403365	0.1041253413	-0.0665441155	0.0428599902	0.1104510022	0.0190093904	0.0417320897	-0.0958100734	0.0152103599	-0.1147427277	-0.013828146	-0.0018421042	-0.0158840495	0.06309725	-0.1005093166	-0.035994068	0.0040462473	0.0857118992	0.0138669815	-0.0712305722	0.0035261793	-0.0385595355	0.0584003917	-0.0998673262	0.0287968119	0.001107055	-0.0532205391	-0.0632341954	0.1154065749	-0.0739574743	-0.0278016367	0.0160604072	0.0998869063	-0.0144022686	-0.0096579912	-0.1420436441	-0.0013155284	-0.0243467412	-0.051961849	-0.0626905104	-0.0628894987	-0.0469659021	0.1140484259	-0.0046960443055183	0.0001234165988109	1.5231656862050765e-08	2.205283211939085e-05	0.0953238332714505	0.0314706239612548	0.0009904001725107	0.0090866331895632	-0.0976576673068194	0.0285377091956035	0.0095370199838094	0.0008144008461328	0.0009769535761816	-4.721151448539994e-05	2.228927100005128e-09	9.544382900140174e-07	0.0007482605409989	0.000227061069868	5.155672944960079e-08	5.598938372159665e-07	-0.0025418682947863	-9.786788140011064e-08	6.461094428039813e-06	9.578122209746122e-15	0.0	0.0	0.0	0.0	0.0	0.0	0.0	0.0	0.0	0.0	0.0	0.0	0.0	0.0	0.0	0.0	0.0	0.0	0.0	0.0	0.0	0.0	0.0	0.0	0.0	0.0	0.0	0.0	0.0	0.0	0.0	0.0	0.0	0.0	0.0	0.0	0.0	0.0	0.0	0.0	0.0	0.0
1019587.9939404278	-1472.1971201048	2167364.360444867	1039559677387.4658	1559667.215585443	7118.8637921940535	2432561823372.049	50678221.6918115	1047577.3550257732	696.8413053365657	1097418314762.7948	485587.8048231688	1093032.0773083623	1218363.707340195	1.194855	20.7862	0.07382212225957	0.0483178228071062	-0.0140972196	-0.1058017199	0.0919803178	0.0587166972	-0.0111053753	0.1009687648	0.1003192164	-0.0021445325	0.0479341505	0.0277001937	0.1101255498	0.0262862167	-0.0185523358	-0.0093544004	0.0381737502	-0.0226361885	-0.1410049241	-0.0031448082	0.0441286363	0.1139186295	0.0700064423	-0.1816116602	-0.0290651278	0.1062728409	0.0234649117	-0.0790996657	-0.0307243944	-0.0833047058	0.0215102132	0.0887751405	-0.0475382176	0.0204072928	0.1915322313	-0.0029892615	-0.0919863651	0.0048845283	0.0773674334	0.0071547183	0.0666934972	0.0651401752	0.0141440159	-0.1006633978	0.0055847092	0.0399868368	0.1095730793	0.0011864087	-0.004094966	-0.0006711345	0.1901494008	-0.040443845	0.1007391832	0.0302719283	0.0177181108	0.0515381103	0.0048171603	0.0029025163	-0.1237223799	0.0651016221	0.09926738	0.0681245583	-0.0030026037	0.0661151067	0.0631701528	-0.0158829298	-0.0270633138	-0.031506702	-0.0290245345	-0.0745687571	-0.1360944434	-0.0155789285	0.1464795103	-0.088998138	0.0193341028	0.0374601645	0.0024649491	-0.0078533436	-0.1086182833	-0.023711357	0.0846686562	-0.0860976241	-0.140002876	0.0690293866	-0.0389494985	-0.0194090213	-0.0407046005	0.1172145516	-0.0347708516	0.0128127267	-0.1357801595	0.0661560327	0.0095736494	-0.057097201	-0.0288852697	-0.0087915758	-0.0448670425	0.0779489542	0.1059632947	-0.0649037979	-0.0425073619	0.112689161	-0.0044961393991513	0.0001999049063669	3.996197158959886e-08	2.0215269496600616e-05	0.0506829798864885	-0.044640853384962	0.0019928057909376	0.0025687644501741	-0.1090482585769905	-0.0113905912701711	0.0118915226986741	0.000129745569484	0.0012820102860496	0.0003050567098679	9.305959623548903e-08	1.6435503735369769e-06	0.0007948766980936	4.661615709469996e-05	2.173066102277745e-09	6.318289651721841e-07	-0.002542010881785	-1.4258699869993188e-07	6.461819323113353e-06	2.0331052198254377e-14	0.0	0.0	0.0	0.0	0.0	0.0	0.0	0.0	0.0	0.0	0.0	0.0	0.0	0.0	0.0	0.0	0.0	0.0	0.0	0.0	0.0	0.0	0.0	0.0	0.0	0.0	0.0	0.0	0.0	0.0	0.0	0.0	0.0	0.0	0.0	0.0	0.0	0.0	0.0	0.0	0.0	0.0
1019274.8575469216	-313.1363935061963	98054.40093806744	1038921235227.2972	1550308.105485232	-9359.110100210875	2403455221933.209	87592941.86786926	1047862.578039721	285.22301394783426	1098015982456.0504	81352.16768548646	1093201.181184669	1205271.0408315277	1.200538	20.885065	0.0438372763043362	0.0315504095620546	-0.1096771961	-0.0016003585	0.1015112985	0.0090476734	0.0828056146	0.0325999692	-0.0061352275	-0.0704613713	-0.0061848799	-0.0866280025	0.0292405149	0.0339309621	0.0046446569	0.1249463875	-0.0221913601	0.0538769249	0.0164730578	-0.1629226297	-0.0901172821	-0.1316949486	-0.0206981255	0.067783747	-0.0404151012	-0.0350830896	0.0443058996	0.0428021269	-0.1695249897	-0.0723810349	-0.0581650132	0.0305962603	0.0332696618	-0.0361050679	-0.0576927756	-0.0765700168	-0.0726157509	-0.1262760239	0.0539630081	-0.0250962036	-0.0162635957	0.0785168382	-0.0709119509	0.1916004492	-0.0191800053	-0.0879730516	0.0455123913	-0.0107871848	-0.0616039154	-0.0087941318	-0.0574187529	0.0565045421	-0.1004265539	0.1363032922	0.0062127101	-0.1213197348	-0.0732110588	-0.0405799992	-0.079457639	-0.0352819101	-0.0916752119	0.0339293941	-0.089709458	-0.03030182	-0.05572097	-0.0174461725	-0.1641154222	-0.0128832568	0.0112259755	0.0312756254	0.0006352368	0.0536046797	0.086693771	-0.0236342976	-0.0298741439	0.042035261	0.0558671332	-0.0121338057	0.0874411078	0.0969160745	0.0528135319	-0.0612829344	-0.0035664613	0.0804415374	-0.0074213404	0.0018642572	-0.0288262889	0.0967483583	-0.0078264545	-0.048467119	-0.0525244835	-0.0804438038	0.0561031055	-0.1182601722	0.0261659831	-0.031725358	-0.0515452176	0.0216600556	0.0761628473	-0.0668896282	-0.0379742494	0.1108851636	-0.0044775763264084	1.856307274290033e-05	3.4458766965820924e-10	2.004868975881294e-05	0.0782324630999085	0.02754948321342	0.0007589740253265	0.0061203182826785	-0.1244157286477189	-0.0153674700707283	0.0154792735349428	0.0002361591363747	0.001281988805604	-2.1480445599976125e-08	4.614095431735337e-16	1.6434952976939705e-06	0.000776871387478	-1.8005310615599947e-05	3.2419121036423607e-10	6.035291526819929e-07	-0.0025420024738973	8.407887699870414e-09	6.461776577299994e-06	7.06925755736322e-17	0.0	0.0	0.0	0.0	0.0	0.0	0.0	0.0	0.0	0.0	0.0	0.0	0.0	0.0	0.0	0.0	0.0	0.0	0.0	0.0	0.0	0.0	0.0	0.0	0.0	0.0	0.0	0.0	0.0	0.0	0.0	0.0	0.0	0.0	0.0	0.0	0.0	0.0	0.0	0.0	0.0	0.0
1019459.9050794322	185.0475325105945	34242.589288259514	1039298498064.5648	1540247.2625263713	-10060.842958860798	2372361629719.9805	101220561.0428589	1046149.388189812	-1713.1898499090455	1094428542409.9178	2935019.4618313788	1090306.261759582	1213895.1673381636	1.292052	22.477077	0.0544009506641473	0.0391074804719862	-0.0481735506	0.1527866704	0.0582644718	-0.0340306394	0.0050373866	-0.0926856414	-0.0842505287	-0.0945208554	0.0870191957	-0.0540603129	-0.1044590442	-0.0025878364	0.0155450065	-0.0686892308	-0.0692440626	0.1162691025	0.0292766354	-0.0634176924	0.0665529977	-0.0209790821	-0.0264133539	0.01500465	0.0596118577	0.0443143428	0.0509340409	-0.0649179342	-0.0399154975	-0.052715318	-0.0086246096	-0.037598655	-0.0644326512	0.1121138091	0.072109759	-0.1265219689	-0.0182777139	-0.006353116	0.1543103438	0.0522808085	0.0719157006	0.0002248954	0.0494061679	0.0421125385	-0.0124771111	-0.0583900591	-0.1076642566	-0.0322265036	-0.0065990957	-0.0209579448	0.0728270404	-0.0365360201	-0.1307339344	-0.0429167133	-0.0512700883	0.0215966593	0.0173611261	-0.0035703736	-0.0335591731	0.0581655553	0.0100308365	-0.0040721282	0.0353869357	-0.0009020689	-0.0520928138	0.0311914919	-0.0847244492	0.0157222004	-0.0879279065	0.0182407656	-0.0487063607	-0.146421631	0.0219262758	-0.0616578957	0.027196272	0.0531405197	0.089067155	0.0461119317	-0.0150841671	0.0676255663	0.0092895825	-0.0177659952	0.1687540964	0.0220605905	0.0288907146	0.0204738431	0.0121984449	0.135121707	-0.0633573808	0.0499962323	0.0556724913	0.0075887846	0.2146357907	-0.0163589424	0.0627184506	0.0136374715	-0.1459323998	-0.1379089876	0.0438485345	-0.0688461184	-0.0333745172	0.108643553	0.0051611041877492	0.0096386805141576	9.290416205400142e-05	2.6636996436802333e-05	0.1158513393311437	0.0376188762312351	0.0014151798489009	0.0134215328248198	-0.1205788662881843	0.0038368623595345	0.0145392629953438	1.4721512766013364e-05	0.0012820740363315	8.523072749996864e-08	7.264276910173908e-15	1.6437138346353442e-06	0.0008428742943986	6.600290692059993e-05	4.356383721969379e-09	7.104370761579378e-07	-0.0025420449674336	-4.249353629994651e-08	6.461992616454493e-06	1.805700627274872e-15	0.0	0.0	0.0	0.0	0.0	0.0	0.0	0.0	0.0	0.0	0.0	0.0	0.0	0.0	0.0	0.0	0.0	0.0	0.0	0.0	0.0	0.0	0.0	0.0	0.0	0.0	0.0	0.0	0.0	0.0	0.0	0.0	0.0	0.0	0.0	0.0	0.0	0.0	0.0	0.0	0.0	0.0
1017347.25748054	-2112.647598892217	4463279.877105052	1034995442303.176	1546574.376318565	6327.113792193821	2391892301485.1587	40032368.93936927	1046110.479912068	-38.90827774396166	1094347136181.8572	1513.8540770012623	1092118.3283699914	1233115.112439057	1.23538	21.49118	0.1120379625974825	0.0634967364900364	0.0411164138	0.0987843357	0.0284588801	-0.0971348526	-0.0458664891	-0.007654583	-0.0791768191	-0.0958884864	0.0471009997	-0.0393723989	-0.1211329105	-0.063023061	0.0161847013	-0.065734089	0.0274250882	0.0619484634	-0.0397001998	0.1033704589	0.0311907957	0.1412267452	0.0781515095	0.0915689037	-0.0435108479	0.1623201147	0.0746452849	-0.081015642	0.0397014203	-0.0501072845	0.0663505796	-0.0119932785	-0.0693431361	0.0676659208	-0.0669913904	-0.1483741808	0.0097142078	-0.1393566488	0.0224554065	-0.1001181238	-0.0218398493	0.023173066	0.055793086	0.1770325399	0.1393428547	-0.0265031491	-0.1156739735	0.0005760801	-0.0472282277	0.002436541	0.0185035876	-0.0792998291	0.0294046267	-0.1405365348	0.0492642815	-0.0122574931	0.1135462398	0.0396762297	-0.0440099356	0.0246003155	0.0327074842	0.1318597774	0.1072776327	-0.1593953003	0.0187291312	-0.0029594104	-0.0361406579	0.0695589835	-0.2222956513	0.0551522184	-0.086853533	-0.1288578233	0.015905738	0.0155088424	-0.0692543331	0.0344070004	0.0546322883	0.0025539742	-0.0734281611	-0.1308438349	-0.0624329321	-0.0614429581	0.1405250594	-0.0086264462	0.043700183	0.0456770256	0.0575857452	0.1003106163	0.075641776	0.0283755028	0.0876882231	-0.0168083311	0.0410007925	-0.0438004322	-0.0362005336	0.0686847875	0.0360861966	0.0525752105	0.2480398693	-0.0707724105	-0.0287162347	0.105973176	0.0136719124126472	0.008510808224898	7.243385664099146e-05	0.000186921189019	0.1188452759432294	0.0029939366120857	8.963656437187224e-06	0.0141241996140223	-0.0836639585980805	0.0369149076901038	0.0069996579683013	0.0013627104097688	0.0023618331133109	0.0010797590769794	1.165879664319406e-06	5.578255655131859e-06	0.0006509981197508	-0.0001918761746478	3.6816466397473056e-08	4.237985519190769e-07	-0.0025427759172143	-7.309497806998362e-07	6.465709365165024e-06	5.342875819051386e-13	0.0	0.0	0.0	0.0	0.0	0.0	0.0	0.0	0.0	0.0	0.0	0.0	0.0	0.0	0.0	0.0	0.0	0.0	0.0	0.0	0.0	0.0	0.0	0.0	0.0	0.0	0.0	0.0	0.0	0.0	0.0	0.0	0.0	0.0	0.0	0.0	0.0	0.0	0.0	0.0	0.0	0.0
1015311.1630255616	-2036.09445497836	4145680.629593624	1030856757764.3184	1542385.9711234176	-4188.405195147498	2378954483918.328	17542738.078738548	1043047.8099605822	-3062.669951485819	1087948733863.5668	9379947.23173415	1088978.0918717335	1227584.2692476977	1.175261	20.445333	0.0561557859983768	0.0294675871803604	0.12044032	-0.00413034	-0.0983459801	-0.0897781139	-0.0957620084	-0.0096835848	-0.0961389409	0.0969820104	-0.0424457313	0.102346966	-0.1105678119	-0.0002933577	0.0327159423	0.0298561781	0.0638366778	0.0407177745	-0.0070539383	0.1500493929	-0.1514315789	-0.0780746277	0.0708549197	-0.0447560145	-0.075806556	-0.096147875	0.0647215022	-0.0215938155	-0.0221645437	0.0666465305	-0.0420807227	0.0819238306	-0.0809560563	-0.085151501	-0.056669389	0.0133552147	0.0763247994	-0.0340421823	-0.0032271167	-0.0724113425	-0.0514350655	-0.0960666111	-0.0214583917	-0.0204996043	0.0848092216	0.0995560124	-0.0971202176	-0.0587883225	0.0107690617	0.0029692924	-0.1064000352	-0.0375865947	0.100571832	-0.0920640285	0.0262408486	-0.0964721913	-0.0542250569	-0.0315539787	-0.0071032892	0.0434173032	-0.0351550895	0.090545402	-0.072412835	0.0359335107	9.32556e-05	0.0972995237	-0.0231470863	-0.074036127	0.0964877799	-0.0172882672	0.0075065639	0.0691621296	0.0677222117	0.0121239837	-0.0788869662	0.0314275697	0.0722691482	-0.0284203697	0.0773921199	-0.1380820219	-0.0395763123	0.1101560964	0.0371005	-0.0054597736	0.0239355774	-0.013817727	0.0213830129	0.0158915709	0.1388018393	0.0179620059	0.100881814	-0.0457876536	-0.0040307361	-0.1226227826	-0.053178514	-0.005440577	0.0931515368	-0.1397723695	0.0993582771	-0.0726676594	-0.0240075741	0.1028845713	0.0005607902204474	-0.0131111221921998	0.0001719015251387	3.144856713494434e-07	0.1061163962921512	-0.0127288796510782	0.0001620243771716	0.0112606895620328	-0.0840523213956743	-0.0003883627975937	0.0070647927320017	1.508256625548827e-07	0.0019560878868496	-0.0004057452264613	1.6462918879613172e-07	3.8262798210797326e-06	0.0004590172879375	-0.0001919808318132	3.685663978372656e-08	2.1069687062549778e-07	-0.0025419535483388	8.223688754997391e-07	6.461527841912217e-06	6.762905673907053e-13	0.0	0.0	0.0	0.0	0.0	0.0	0.0	0.0	0.0	0.0	0.0	0.0	0.0	0.0	0.0	0.0	0.0	0.0	0.0	0.0	0.0	0.0	0.0	0.0	0.0	0.0	0.0	0.0	0.0	0.0	0.0	0.0	0.0	0.0	0.0	0.0	0.0	0.0	0.0	0.0	0.0	0.0
1015913.8306843856	602.667658824008	363208.30699241086	1032080911375.8224	1543349.2660205695	963.294897151878	2381926956926.2305	927937.0588788474	1044422.2808141296	1374.4708535474492	1090817900660.9886	1889170.1272514537	1091106.0169316202	1213864.317248443	1.269039	22.076723	0.1244136761685448	0.05988227887354	0.0484548526	-0.0763463309	-0.0794810057	-0.0393609379	-0.0652015258	0.0136423618	-0.0415007222	0.0806940412	-0.0758159128	0.116003351	0.0257059351	0.1050136746	0.0963983671	0.0323464163	-0.0418216366	0.0130999346	0.0229639844	-0.0864443906	-0.0601345757	0.0245722905	-0.0567527826	0.0436642117	0.0814599181	-0.0224494293	-0.0550037627	0.0162569897	-0.0271693614	-0.0195045174	-0.1374947415	0.012059666	0.0705680768	0.0048462777	0.0783866205	-0.0961438321	0.0162532094	-0.0187545468	0.0321764281	0.2208155516	-0.0119538914	-0.1160278515	0.0097508459	0.0669133468	0.0777214938	0.1014281099	0.0431923489	-0.0896504388	0.0268641802	-0.0928680935	-0.0577353876	0.0112739146	-0.0780627045	0.0616690821	-0.0249427587	-0.0721197461	-0.0060536054	-0.0337132271	0.0170073218	-0.0645660099	0.0287258978	-0.042310492	0.0834889539	0.0238873388	0.0256113193	-0.0282202424	-0.0400101054	-0.0016277436	0.0060308917	0.1747761169	-0.074139394	0.0229250532	-0.0073478232	-0.0359335345	0.1416773711	-0.0143727606	0.0650068972	-0.0571095264	0.0618366944	-0.0584879702	-0.1041589108	0.0968499341	-0.0453896544	-0.0385159787	-0.015715239	0.0783647945	0.0285298505	0.0343293748	-0.0192826753	0.0461430956	0.1416754509	-0.0725006971	0.1150118286	-0.0698923967	-0.0431462172	0.0318559191	-0.0330377913	-0.0259114709	0.0606102383	-0.074531034	-0.0192567962	0.0993899282	0.0183575126710877	0.0177967224506403	0.0003167233299851	0.0003369982714691	0.1025618300026423	-0.0035545662895088	1.2634941506513057e-05	0.0105189289734908	-0.129784491787035	-0.0457321703913606	0.0168440143084189	0.0020914314087044	0.0015332781084384	-0.0004228097784111	1.7876810872012785e-07	2.350941757816438e-06	0.000274965825953	-0.0001840514619845	3.3874940658631854e-08	7.56062054420155e-08	-0.0020022104479938	0.000539743100345	4.008846678055533e-06	2.91322614370033e-07	0.0	0.0	0.0	0.0	0.0	0.0	0.0	0.0	0.0	0.0	0.0	0.0	0.0	0.0	0.0	0.0	0.0	0.0	0.0	0.0	0.0	0.0	0.0	0.0	0.0	0.0	0.0	0.0	0.0	0.0	0.0	0.0	0.0	0.0	0.0	0.0	0.0	0.0	0.0	0.0	0.0	0.0
1016698.2668773097	784.4361929240404	615340.1407691623	1033675365871.3252	1549946.1217035863	6596.855683016824	2402332980183.9883	43518504.90255136	1045792.3496816251	1370.0688674955163	1093681638652.6144	1877088.7016804467	1091068.3135344076	1199261.3774419352	1.137092	19.781324	0.0992808625299404	0.0424365584979819	-0.0036318294	-0.1101030605	-0.0731694801	0.0150262698	-0.0173353405	0.0465766652	0.0343420835	0.113165778	0.0041979199	0.0824964041	0.0359107053	0.0776144833	-0.0399875906	-0.1036510341	-0.0431963648	0.0172906344	-0.0279636652	0.0118347295	-0.0504237439	0.1166599476	0.0148353393	-0.0551126723	0.0404185052	0.0006576765	-0.0744786988	-0.0437497069	-0.0091423179	-0.0305303185	0.0628127546	-0.1846557821	0.026522015	-0.0373394556	0.0182216255	0.0260529967	-0.0681541165	0.0496897801	-0.0936028018	0.143699059	-0.0729901074	-0.0868663085	-0.0852169968	-0.0707475751	-0.1157739139	0.0652797348	0.0597149248	-0.0705687405	0.0938454977	-0.0015457651	0.092544319	-0.002914162	-0.0074927923	-0.0381706827	0.0709367218	0.0375440941	-0.0131806189	-0.1009556757	-0.0424171734	-0.040064416	0.0411634169	-0.0500211764	0.1239201197	0.0359320594	0.0170941455	0.0276834215	0.001496967	0.0201081877	-0.0283966755	-0.0090949111	0.1334970948	-0.0131774695	-0.0303681049	-0.1757386129	0.1401134208	0.0309503876	0.0469235856	-0.0417247195	-0.0172342848	-0.0790899965	-0.0245020992	-0.0217853005	-0.0734332651	-0.1293510206	0.0137209495	0.0112282596	0.0244053388	0.0328786291	-0.1652033017	0.1055204169	-0.0408223598	0.0369156345	0.1704403448	-0.1154654611	-0.0558913758	-0.0453655696	-0.1144337628	-0.0699916664	0.0932301861	-0.0763617167	-0.0144722352	0.0955030384	0.0076747711583777	-0.0106827415127099	0.0001141209662273	5.890211233346618e-05	0.1109470146960092	0.0083851846933669	7.031132234187471e-05	0.0123092400699564	-0.1533725018115035	-0.0235880100244685	0.0235231243119196	0.0005563942169144	0.0010497095385773	-0.0004835685698611	2.338385617575097e-07	1.101890115380168e-06	0.0006112865974601	0.0003363207715071	1.1311166134713096e-07	3.7367130423434633e-07	-0.0023148196326135	-0.0003126091846196	5.358389931532898e-06	9.772450230859361e-08	0.0	0.0	0.0	0.0	0.0	0.0	0.0	0.0	0.0	0.0	0.0	0.0	0.0	0.0	0.0	0.0	0.0	0.0	0.0	0.0	0.0	0.0	0.0	0.0	0.0	0.0	0.0	0.0	0.0	0.0	0.0	0.0	0.0	0.0	0.0	0.0	0.0	0.0	0.0	0.0	0.0	0.0
1018067.5321897762	1369.2653124665376	1874887.495924085	1036461500098.981	1562079.5051424052	12133.383438818855	2440092380385.9414	147218993.67340368	1049848.1553593087	4055.8056776835583	1102181149311.3433	16449559.695130188	1096641.863866507	1206395.5478441564	1.059072	18.424055	0.0602200461496562	0.0301053543289228	-0.0533104603	-0.1085838199	0.0127554975	0.0024407469	0.0799279225	0.1185082245	0.1379119796	0.0594987658	0.0453809337	0.0336110545	0.1856853637	0.0402271659	-0.0205917631	-0.0639786444	0.0167014107	0.1124797845	0.0164730379	-0.0521001119	-0.0949300214	-0.0516470563	0.0698473753	-0.0303877414	0.0215878449	-0.0171014649	-0.0149817287	0.0668013922	0.0679046916	-0.0529347032	-0.1217407922	0.0948820126	-0.0144690852	0.0242941771	0.2309089775	-0.0505022303	0.166109328	-0.0304082324	-0.1497211957	-0.0226584149	-0.0645383744	-0.0042404051	0.0298117828	0.1291866815	-0.1296706051	0.0359435264	0.1883887009	0.032914181	0.055505351	0.021753765	-0.0201845484	-0.0465878581	-0.0652994115	-0.0235871126	0.0208681421	-0.0640614277	-0.1099872333	-0.1111369226	-0.1641312997	0.0231665359	0.0435617601	-0.0938497296	-0.01362047	0.0603139408	0.0013974784	0.0862418202	0.0615692053	0.2291952028	0.0113596337	-0.0445918399	-0.1868293619	0.0685165773	-0.0073309495	0.0976868062	0.0370525615	0.0394329468	0.0836882564	-0.055979988	0.1591926042	-0.0414749082	0.0260792815	-0.0369363879	-0.0410939956	-0.0732378127	0.0025443678	-0.074356382	-0.0377791954	0.0488962062	-0.121692964	0.0770738581	-0.0801777282	0.0076456347	0.0865731086	-0.1206865572	-0.0715605275	0.0122815614	-0.0773837377	-0.0175894307	0.0690000401	-0.0781589047	-0.0096622851	0.0912392418	0.0015453375689276	-0.0061294335894501	3.756995612747914e-05	2.388068201939065e-06	0.1338064494022148	0.0228594347062056	0.0005225537550872	0.0179041659016274	-0.162544825389034	-0.0091723235775305	0.0264208202607515	8.413151981092202e-05	0.0010370243121852	-1.2685226392099855e-05	1.6091496861882668e-10	1.0754194240631874e-06	0.0008006746288673	0.0001893880314071	3.586782644029455e-08	6.410798613117885e-07	-0.0025539234603436	-0.0002391038277301	6.522525041293429e-06	5.717064043518545e-08	0.0	0.0	0.0	0.0	0.0	0.0	0.0	0.0	0.0	0.0	0.0	0.0	0.0	0.0	0.0	0.0	0.0	0.0	0.0	0.0	0.0	0.0	0.0	0.0	0.0	0.0	0.0	0.0	0.0	0.0	0.0	0.0	0.0	0.0	0.0	0.0	0.0	0.0	0.0	0.0	0.0	0.0
1019356.3182224678	1288.786032691598	1660969.4380609486	1039087303500.0652	1556287.9752109705	-5791.529931434663	2422032261786.262	33541818.946703594	1050203.78426319	355.62890388141386	1102927988480.725	126471.9172758959	1095868.7835910278	1199931.017715669	1.071918	18.647532	0.0520105193473512	0.039165761007882	-0.1279669006	-0.0388219145	0.0266686556	0.0125304691	0.1385284458	0.0617307161	0.0447556267	-0.0391233948	0.0276635465	-0.1097048921	0.1143227659	0.0200903796	0.1013414356	0.0303418036	0.0192824927	-0.0159931069	-0.0402040072	-0.0468744949	-0.0532335472	-0.0135370342	0.0108131005	0.0076005781	0.0751893668	-0.0486884127	0.0731682359	0.014920838	-0.0319337241	-0.0936058783	0.1057198184	0.0137617457	-0.046973615	0.0473265381	-0.0473580032	-0.0564107745	0.0080468207	-0.0031760145	0.1032462912	0.0243809661	0.0474250547	0.1024240297	-0.0563716479	0.1035672424	0.0870680149	-0.099626825	0.1196892394	0.0326527557	-0.0256602007	-0.0924847778	-0.0534961532	0.0215561687	-0.0128837754	0.0455843194	0.0294145898	-0.1054232759	0.0083960673	-0.0030285638	-0.0349630251	0.030801477	-0.0269315373	0.041089622	-0.029703739	0.078849307	-0.0348509509	-0.0467708854	-0.0209985514	-0.0480092537	-0.073213713	-0.0320874859	0.0422123307	-0.0483323495	0.0080988327	0.0673712369	-0.0548194417	0.0887512413	0.0617245547	-0.0134957914	0.0697291947	0.0919161379	0.021701794	-0.0491117987	-0.0754265353	-0.051338056	0.0093610955	0.0343404426	0.0453218389	-0.0165958066	-0.1030623608	-0.0714877754	-0.1378770919	-0.0646157049	0.0182949414	-0.0822879775	-0.0740694694	0.1334565716	-0.0760666993	-0.1681407195	0.0019341171	-0.0799218096	-0.004835384	0.0866153656	-0.0025311777637	-0.0040765153326276	1.6617977257147913e-05	6.406860871449332e-06	0.09600342948724	-0.0378030199149748	0.0014290683146919	0.0092166584733114	-0.1625184610786902	2.636431034380715e-05	0.0264122501913857	6.950768599045768e-10	0.0009091191677185	-0.0001279051444667	1.635972598104742e-08	8.264976611131781e-07	0.0008748402660012	7.416563713390006e-05	5.500541731477335e-09	7.653454910170504e-07	-0.0025539018461561	2.16141875001262e-08	6.522414639799536e-06	4.671731012906115e-16	0.0	0.0	0.0	0.0	0.0	0.0	0.0	0.0	0.0	0.0	0.0	0.0	0.0	0.0	0.0	0.0	0.0	0.0	0.0	0.0	0.0	0.0	0.0	0.0	0.0	0.0	0.0	0.0	0.0	0.0	0.0	0.0	0.0	0.0	0.0	0.0	0.0	0.0	0.0	0.0	0.0	0.0
1020842.5831408713	1486.2649184034672	2208983.407676865	1042119579553.7268	1551090.9297204642	-5197.045490506338	2405883072261.0938	27009281.830392264	1052367.8381594906	2164.0538963004947	1107478066792.4795	4683129.266093352	1097061.0179115853	1195205.0367602247	1.168945	20.335449	0.1116044410920549	0.0714636683141178	-0.1382020387	0.0799915504	0.0727034258	0.0395524771	0.074466081	-0.0361851249	0.0326803048	-0.106977857	0.0560051956	-0.1233564363	0.0747245913	-0.1104830437	0.0716074504	0.0177098467	-0.0094950824	-0.105306133	-0.1177503013	-0.1276046013	0.0583432662	-0.0126887634	0.0870855993	0.1481810818	-0.1378650673	-0.015018691	0.0279388576	-0.0318599182	0.0277480447	0.082138275	0.0742565478	0.0441903563	0.0642031316	0.0393305224	0.120035853	-0.0833773029	0.0363534707	0.07162862	0.0120671266	0.0592285943	0.0024228458	0.0788372303	-0.0360623034	-0.1104316462	0.0394957926	-0.1175590221	0.0312507949	0.1365983697	-0.0560035928	-0.1117948479	0.1319355372	-0.027716261	0.0100072483	0.1291481439	0.0654887322	0.0145390315	-0.0204906437	0.0477628743	0.118724706	0.0380336675	-0.0408042412	-0.0071868994	-0.0626074321	-0.1436342767	-0.0698694836	0.0324778166	0.0718283071	-0.0219776855	-0.0471189855	-0.0145503001	-0.0566382826	0.0286798904	0.0225941187	-0.0156866429	0.0775077907	0.1324774944	-0.0041774955	0.037999971	-0.1181506066	0.0947208103	0.0960296467	-0.1013209306	-0.0726755857	0.0884374815	-0.0147963739	0.0518639703	0.1693821984	0.0587771018	-0.047248556	-0.0794320892	-0.0526903731	0.0910867163	-0.0671869601	-0.0377898297	-0.0167572604	0.1037334972	0.0320979565	0.0142191686	0.0678916466	-0.0816496581	-0.0	0.0816496581	0.0002237450784292	0.0027549228421291	7.589599866085227e-06	5.006186012128886e-08	0.0291928661229974	-0.0668105633642426	0.0044636513770474	0.0008522234324752	-0.1386320364806721	0.023886424598018	0.0192188415387784	0.0005705612800768	0.0010008085425269	9.168937480840008e-05	8.406941452755272e-09	1.001617738794818e-06	0.0009501245012586	7.528423525739994e-05	5.66771607829154e-09	9.027365678919032e-07	-0.0027499788418436	-0.0001960769956875	7.562383630587469e-06	3.8446188237835985e-08	0.0	0.0	0.0	0.0	0.0	0.0	0.0	0.0	0.0	0.0	0.0	0.0	0.0	0.0	0.0	0.0	0.0	0.0	0.0	0.0	0.0	0.0	0.0	0.0	0.0	0.0	0.0	0.0	0.0	0.0	0.0	0.0	0.0	0.0	0.0	0.0	0.0	0.0	0.0	0.0	0.0	0.0
1018906.277394546	-1936.305746325292	3749279.943252345	1038170002114.0116	1541947.0681698313	-9143.861550632864	2377600761037.5386	83610204.05714205	1047828.2001591874	-4539.638000303181	1097943937048.8422	20608313.17379666	1092387.167492378	1229648.902648463	1.573351	27.370668	0.1673453732887437	0.0978742510173745	0.0295729618	0.1233964858	0.0157550974	-0.0278660841	0.0011744531	-0.0835983614	-0.0661203955	-0.0687950602	0.1027324906	-0.052353887	-0.0679956235	-0.0223479027	-0.0283181915	-0.0485820571	-0.0518281757	0.1011695961	-0.0865604726	0.0050809215	-0.0261629902	-0.0221889246	0.1197808755	-0.0910032752	6.4205e-06	0.0915488734	-0.0121614148	-0.0390643762	-0.0001296853	0.0039010324	0.0864571503	0.0186690695	0.1302286005	0.0574338079	-0.127031387	-0.0564915636	-0.0500900971	0.0224852767	-0.1029790998	-0.1637267163	0.0982468855	-0.0441511337	-0.087008001	-0.07903513	-0.0111303939	-0.0452440401	-0.0796048458	0.0107979396	-0.0063854181	0.0126377486	0.1014209536	-0.0183753363	-0.0439365093	-0.0724547514	0.0018689096	-0.051264797	-0.0890074138	-0.0837581903	-0.0757265493	0.0608682087	-0.0073285193	0.0137891094	0.0404547218	-0.0591123976	0.1123597133	0.0604780073	0.0199826204	-0.0705068396	-0.013209383	-0.1049273508	0.0337511604	0.0554421172	-0.0821579417	0.0228358339	-0.1330788105	0.1593661133	0.0626143278	0.083811238	0.0190773892	-0.0418054757	0.0993032577	0.0644335942	0.0829383211	0.0670856306	0.0151364465	-0.0537359731	0.0240141266	0.1339514398	0.0570995139	-0.0410425659	0.0547144478	0.0365445551	-0.057794737	-0.0462145555	0.0029267822	0.0774731617	-0.0647656566	0.1198035522	0.0739247549	-0.0833416924	0.004835384	0.0763617167	0.0140797776212338	0.0138560325428046	0.0001919896378272	0.0001982401378633	0.1154126907752299	0.0862198246522325	0.0074338581630617	0.0133200891919788	-0.1107861068485505	0.0278459296321215	0.0122735614706584	0.000775395797077	0.0016384122498203	0.0006376037072933	4.065384875542876e-07	2.684394700361217e-06	0.000985157980115	3.503347885640002e-05	1.2273446407818271e-09	9.70536245784267e-07	-0.0028658133849255	-0.0001158345430818	8.212886357218152e-06	1.3417641370992491e-08	0.0	0.0	0.0	0.0	0.0	0.0	0.0	0.0	0.0	0.0	0.0	0.0	0.0	0.0	0.0	0.0	0.0	0.0	0.0	0.0	0.0	0.0	0.0	0.0	0.0	0.0	0.0	0.0	0.0	0.0	0.0	0.0	0.0	0.0	0.0	0.0	0.0	0.0	0.0	1.0	0.0	0.0
1020813.5519794096	1907.274584863684	3637696.3420669385	1042060307904.8188	1549864.4217431431	7917.353573311819	2402079725785.2075	62684487.604833424	1047794.5754244996	-33.62473468785174	1097873472289.0072	1130.6227828284202	1094022.1119337978	1241333.5239030337	1.380452	24.01491	0.125355515224007	0.0595190874374325	0.1123733828	-0.0430182089	0.0351233194	0.0054860807	-0.1249741649	0.0313840259	0.0495307494	-0.0045252945	0.0405610865	0.0930114904	0.0775216907	-0.0236697009	0.0791912509	0.0088025915	-0.0869501525	0.0404589378	-0.0986678191	0.0612345	0.0020551087	0.0348949121	0.1744704067	0.0081889518	0.1393790359	0.0098130368	0.1168826066	0.0288105419	-0.107250451	0.0544028334	0.186893913	-0.0760583009	0.0171389836	0.0264710936	-0.0516232289	0.0423061331	0.0471669266	0.1097222812	0.1061260389	0.0408120988	-0.0017883141	-0.0842145444	-0.0831867458	-0.0277286215	0.0384595945	0.1173595163	0.0506980263	0.0291292319	-0.0522585684	-0.1164340108	0.1060625067	0.0141873823	-0.0272376832	-0.0075103897	0.0278347861	-0.0680738533	0.0813885262	-0.0949050806	-0.0553806913	0.2076583679	-0.0425797451	0.0588167717	0.1070967024	-0.0524743138	-0.0313134475	-0.0353975262	0.1139593811	-0.1421948505	-0.1065387596	0.0308510246	0.1461570913	0.0424210869	-0.0566255257	-0.00256688	-0.0617650518	0.1705237872	0.1130697972	0.0120398387	0.0069929258	-0.0929529129	-0.0932872489	0.0651735082	-0.036918036	-0.0469329934	0.0421216708	-0.0470694323	-0.0995121487	0.0845132131	0.0846672653	-0.0133250148	0.0546114642	-0.0493789756	-0.0787050387	0.0259886311	-0.1220049798	-0.0493792585	0.019017421	-0.0987376797	-0.0801317743	-0.0849971703	0.0096622851	0.0707724105	-0.0020141583626411	-0.0160939359838749	0.000259014775453	4.056833909797077e-06	0.1532995834028838	0.0378868926276538	0.0014354166329793	0.0235007622714977	-0.0730856618465622	0.0377004450019883	0.00534151396755	0.0014213235533479	0.0015808722851189	-5.753996470140004e-05	3.310847537838362e-09	2.4991571818570526e-06	0.0006809840549113	-0.0003041739252036	9.252177677382604e-08	4.637392830434365e-07	-0.0025540424426208	0.0003117709423046	6.523132798708423e-06	9.720112046556049e-08	0.0	0.0	0.0	0.0	0.0	0.0	0.0	0.0	0.0	0.0	0.0	0.0	0.0	0.0	0.0	0.0	0.0	0.0	0.0	0.0	0.0	0.0	0.0	0.0	0.0	0.0	0.0	0.0	0.0	0.0	0.0	0.0	0.0	0.0	0.0	0.0	0.0	0.0	0.0	0.0	0.0	0.0
1019288.1136756616	-1525.4383037480293	2326962.018541665	1038948258680.4884	1559435.6619198313	9571.24017668818	2431839583667.3423	91608638.51985	1046894.2827471194	-900.2926773801446	1095987639248.6056	810526.9049443091	1094158.9490962543	1223009.380171655	1.388258	24.150709	0.0754732696491582	0.0584070572501371	0.0162563474	-0.1159268872	0.0603130444	-0.0650602039	-0.0537691995	0.1292152781	0.0219199011	-0.0002923016	-0.0316940933	0.0571252533	0.0670965916	0.0710633429	0.0396909371	0.0384792919	0.0638787869	0.0018192585	-0.1971057576	0.0371812493	0.0611065175	-0.0881266661	0.0240618249	-0.052713968	-0.0835749726	-0.0061846781	-0.0176752745	0.0030951364	-0.0323865548	-0.0769279613	0.0300928473	-0.0557408818	0.0461554273	-0.0348679427	-0.1599360404	-0.0823118364	0.0950495273	0.0855261112	-0.0789459905	-0.0790453453	0.0978625706	-0.0866383094	0.1267445979	-0.0486553643	-0.0224614165	0.0734175133	0.0926801622	-0.0577283402	-0.0819290433	-0.0252949469	0.1075375709	-0.0844532928	0.1036894888	0.0250266602	0.0141254947	-0.0456844997	-0.0541887679	0.0663083506	-0.0682450158	0.0794853375	-0.1200876018	0.0055406201	-0.0614148017	-0.0021839422	-0.0004158671	0.0195018069	-0.0403907793	0.050937682	-0.0339795869	-0.101045029	0.0321699704	-0.0454481577	-0.2064994756	-0.0024572179	-0.0211308304	0.1902364542	0.0492040797	-0.0668922265	-0.1029508991	-0.0948516997	-0.058768188	-0.0274290181	-0.0657022052	0.041214818	0.0317997862	-0.0123643641	0.0026443918	0.0548868658	0.0581943968	-0.0335617959	0.0746156262	0.0629546659	-0.0279707578	0.0624407047	-0.2257008692	-0.0666869531	0.0124552598	0.0884913151	0.0960074017	-0.0866153656	0.0144722352	0.0649037979	-0.0033448866986987	-0.0013307283360576	1.7708379043866283e-06	1.1188267027131487e-05	0.096125770694897	-0.0571738127079868	0.0032688448595679	0.0092401637916879	-0.0732432739677761	-0.0001576121212139	0.0053645771815187	2.4841580753545564e-08	0.0015651008768196	-1.5771408299299896e-05	2.4873731974322563e-10	2.449540754621481e-06	0.0007968468752603	0.0001158628203489	1.3424193139224649e-08	6.349649426121042e-07	-0.0027586305436505	-0.0002045881010296	7.610042476361452e-06	4.185629108293861e-08	0.0	0.0	0.0	0.0	0.0	0.0	0.0	0.0	0.0	0.0	0.0	0.0	0.0	0.0	0.0	0.0	0.0	0.0	0.0	0.0	0.0	0.0	0.0	0.0	0.0	0.0	0.0	0.0	0.0	0.0	0.0	0.0	0.0	0.0	0.0	0.0	0.0	0.0	0.0	0.0	0.0	0.0
1017932.199925954	-1355.91374970763	1838502.0966462053	1036185963646.0924	1559508.4671677216	72.80524789029732	2432066659167.8164	5300.604120367643	1048830.5920633718	1936.3093162523585	1100045610848.003	3749293.7682056753	1095152.993575784	1204903.7006365114	1.18791	20.665379	0.1109173738833556	0.0615004898686414	-0.0891178588	-0.0966627988	0.0673238527	-0.1044944392	0.0569307348	0.1394322355	-0.0224556203	-0.0373958128	0.0127836805	-0.0887825558	0.0993347935	0.0783292116	0.1138446772	0.0350746476	0.0571441566	0.0284199878	-0.1426878594	0.0799359771	-0.0294719577	-0.1633111213	0.1277117289	-0.120996174	0.0253395586	-0.021909417	-0.0466897425	0.0148464884	0.0203037553	-0.0324121749	0.0690665142	-0.0828815851	-0.0808718895	-0.2185769927	0.0532316185	0.0381646666	0.0964382201	-0.024811276	-0.0501301299	-0.1154818463	0.0081848283	0.0217148128	-0.0133632613	0.0753117642	0.060273164	-0.0609396999	0.1263992291	-0.043797718	-0.1031045632	-0.0821523236	0.0391366636	-0.0479023223	0.1018154009	-0.0415926447	0.027640822	-0.0516966325	-0.1762886223	-0.0102970614	-0.1116416554	0.1388498656	-0.0698793581	0.0564504123	-0.0464059872	0.1074781097	-0.0912842039	-0.0210669078	0.0435798353	0.177124951	0.0048973841	-0.1194988427	0.0813844071	0.094817998	0.0115167445	-0.075772782	-0.1046601419	0.235549031	0.0675809603	-0.1067223787	0.0845821857	-0.0401262678	-0.0208650873	-0.077717979	-0.0129880022	-0.0213217244	0.0171438565	-0.0777174097	-0.0620631131	0.0397240509	0.0425443184	-0.0027097899	-0.0171959387	-0.0871501174	-0.0567075467	0.058654226	-0.0717587417	-0.0046931542	0.0522148725	-0.0752958638	-0.0024552843	-0.0881955685	0.0192567962	0.0587790397	-0.0105558456472465	-0.0072109589485478	5.199792895764161e-05	0.0001114258773284	0.1513686139262517	0.0552428432313547	0.003051771728284	0.0229124572819546	-0.0979797073253792	-0.024736433357603	0.0096000230475669	0.0006118911352551	0.0013042732266242	-0.0002608276501954	6.803106310645397e-08	1.7011286496887017e-06	0.000880115696656	8.32688213957e-05	6.933696616628985e-09	7.746036395002762e-07	-0.0028890768389764	-0.0001304462953259	8.346764981509867e-06	1.701623596425198e-08	0.0	0.0	0.0	0.0	0.0	0.0	0.0	0.0	0.0	0.0	0.0	0.0	0.0	0.0	0.0	0.0	0.0	0.0	0.0	0.0	0.0	0.0	0.0	0.0	0.0	0.0	0.0	0.0	0.0	0.0	0.0	0.0	0.0	0.0	0.0	0.0	0.0	0.0	0.0	0.0	0.0	0.0
1017499.5987362314	-432.6011897225399	187143.78934935693	1035305433428.392	1549911.887921941	-9596.579245780596	2402226860321.7554	92094333.22054684	1048294.5324060036	-536.0596573682269	1098921426672.3217	287359.95625774085	1094764.955030488	1206546.038072183	1.254547	21.824623	0.0635874015253532	0.0350148112970073	-0.0986840957	0.0970288455	0.0110222362	-0.1164997065	0.0531576877	0.0134745974	-0.0743210022	-0.0739166085	0.0931120681	-0.0889320144	-0.0319653509	0.0229576174	0.1030705926	0.043266579	0.0099227235	0.0201183542	-0.1298276249	-0.1315331336	0.0368389524	-0.0408624436	0.0845005355	-0.0742899219	-0.0115528078	-0.122563066	-0.0386782847	0.0062517297	-0.0120554711	0.1005590624	0.0462357654	0.0537312039	-0.0546661314	-0.0028773002	-0.0626548994	-0.0333811869	-0.1017758459	0.0252485226	-0.0098552526	0.0934594174	-0.1318393198	0.0344114792	-0.0507501869	0.0044358584	0.0025910415	-0.0957003527	-0.0138748827	-0.0254346855	-0.0957682751	-0.0870199051	0.0173333893	-0.0660887242	-0.0796962688	0.1102648718	0.0432524981	-0.0202089436	-0.1197785096	0.0484332831	0.0582026701	0.1137815181	-0.1164047652	0.0020530856	0.0125619744	0.0632277187	0.0323158553	0.0026929873	0.0092297552	-0.0960787668	0.0019640681	-0.0350308548	-0.0210391434	0.0130709158	0.0380533963	-0.0320567134	0.0816179352	0.2278457126	0.0527141823	-0.0470910204	0.0612943473	0.0265953434	0.022553732	0.0293984519	0.0934939373	0.0190901456	0.0401262998	0.0370978301	0.0896831563	0.0604420439	-0.0102531878	-0.0528608907	0.0138552876	-0.0347909478	0.0382521172	-0.0546306203	-0.0861170564	0.0556448003	0.1096193726	-0.0809913769	-0.0168986883	-0.089737086	0.0240075741	0.0524223074	-0.0004346108504194	0.0101212347968271	0.0001024393938125	1.888865913022741e-07	0.1202310215700492	-0.0311375923562025	0.000969549657741	0.0144554985477776	-0.1075313061434428	-0.0095515988180636	0.0115629818009148	9.123303998123418e-05	0.0012601343802822	-4.4138846341999945e-05	1.948237756402682e-09	1.5879386563692044e-06	0.0007611261849709	-0.0001189895116851	1.4158503891058552e-08	5.793130694483568e-07	-0.0029814879920345	-9.241115305809976e-05	8.889270646645914e-06	8.53982120952754e-09	0.0	0.0	0.0	0.0	0.0	0.0	0.0	0.0	0.0	0.0	0.0	0.0	0.0	0.0	0.0	0.0	0.0	0.0	0.0	0.0	0.0	0.0	0.0	0.0	0.0	0.0	0.0	0.0	0.0	0.0	0.0	0.0	0.0	0.0	0.0	0.0	0.0	0.0	0.0	0.0	0.0	0.0
1017209.4414327786	-290.157303452841	84191.26074702406	1034715047739.9856	1543700.9483781646	-6210.939543776447	2383012618023.6445	38575770.01644598	1044552.760650394	-3741.771755609545	1091090469782.3594	14000855.871077336	1090103.3850174216	1199146.3936932895	1.253063	21.798811	0.1196605470602263	0.0720450880541874	-0.0139160922	0.0611750956	-0.0965722289	-0.0417487822	0.003437857	-0.1007945569	-0.0768048704	0.0290024417	0.0421676203	-0.0305037729	-0.1571857163	0.0511111679	-0.0360939232	-0.061100718	-0.0405584288	-0.1279151872	-0.1301403527	0.0890102282	-0.0804204084	-0.0046234569	0.1240074316	0.0264275035	-0.0125537082	0.0895357361	0.1212477632	0.0849623483	-0.0420982965	-0.0202469532	-0.0674738985	-0.1009355587	-0.1336696857	0.0426438694	-0.0016447366	-0.0575202594	0.1079601003	-0.019091469	-0.199887549	0.1613405531	0.0681533618	0.0853269727	-0.1271336109	0.0656068394	-0.0173224193	-0.0345042193	-0.1113442148	-0.0855439114	0.0526009156	0.0435452076	0.0116362825	0.0886813973	0.0933936571	-0.0272489583	0.1101635904	-0.1467593013	0.0102248389	0.0822367577	-0.0794633602	0.0774843869	-0.1173448156	0.1204736496	0.1320688377	-0.0438282736	0.0203007289	0.073921422	0.0167741329	0.1842549517	-0.1680319992	-0.0784811872	-0.0178211252	0.0038969029	0.0058410478	0.0630789084	0.2546441529	0.0903017743	0.0671258841	0.0071684815	-0.0535458576	-0.0734664178	-0.0398680815	0.0402931381	0.0436681841	-0.1520995131	0.0582782181	-0.0058882356	0.1688100631	0.0580848933	-0.0827834791	0.0371542346	0.084017154	0.0053397003	0.0511047685	0.030628578	0.0956372154	-0.017135138	0.0809495885	0.1191545954	0.0309638816	-0.0912392418	0.0287162347	0.0458586883	0.0136583797075928	0.0140929905580122	0.0001986123828682	0.0001865513362367	0.1331079456472821	0.0128769240772328	0.0001658151736908	0.0177177251944398	-0.1737058066391341	-0.0661745004956912	0.0301737072601522	0.0043790645158542	0.0012507428520061	-9.391528276100037e-06	8.820080336078649e-11	1.564357681844353e-06	0.0005528299991099	-0.000208296185861	4.338730104424028e-08	3.05621007915852e-07	-0.0026688530675858	0.0003126349244486	7.122776696362135e-06	9.774059598504429e-08	0.0	0.0	0.0	0.0	0.0	0.0	0.0	0.0	0.0	0.0	0.0	0.0	0.0	0.0	0.0	0.0	0.0	0.0	0.0	0.0	0.0	0.0	0.0	0.0	0.0	0.0	0.0	0.0	0.0	0.0	0.0	0.0	0.0	0.0	0.0	0.0	0.0	0.0	0.0	0.0	0.0	0.0
1019950.3090701054	2740.8676373268245	7512355.405345529	1040298632972.2036	1552903.8287842828	9202.88040611823	2411510301452.8853	84693007.76931486	1049026.2634172223	4473.5027668282855	1100456101339.0994	20012227.004820324	1095934.111525479	1228678.177427546	1.382123	24.043991	0.1753061890309378	0.0881792912530534	0.1096266636	-0.0398695904	-0.056358627	0.0348522258	-0.0673775512	-0.0507637635	0.0992643702	0.0711161371	0.0130366384	0.078394245	-0.0108200025	-0.0458419087	-0.1236289299	-0.0629827002	-0.1466018293	-0.0624915942	-0.0442513644	0.0283840632	-0.065319707	-0.1267941093	0.0042480423	0.0980020651	-0.1310499418	-0.1116578495	0.0746515187	-0.0455565544	-0.053956248	0.0440807511	-0.0854387347	0.0165556013	-0.0635597537	-0.0140042221	-0.1761913782	-0.0520066229	-0.0114137064	0.1076889292	0.0325864999	-0.0800041331	-0.1939054324	0.0701846269	0.0126696339	0.1017462307	0.0290692343	0.0834633394	-0.0161440819	0.0533588376	0.0752150797	0.0945298166	-0.0827674344	0.1573540864	-0.0372608909	-0.0605110295	0.1167762063	-0.0386917064	-0.1063707724	0.1242706559	0.0788772105	0.0203470887	-0.1802050605	0.0279968413	0.0172809217	-0.0897077958	0.0162435553	0.1700766958	-0.1155963951	-0.0576407163	-0.0412655297	0.0389173482	0.032811372	0.1081886303	-0.0519656795	-0.0028528107	-0.07001493	-0.0207384296	0.0262328799	0.0807914942	0.121995309	-0.1456650807	0.0042596932	0.0491188758	-0.0976947289	-0.0335092038	0.0345555572	0.0052703525	0.1500100019	-0.0191996225	-0.0701304384	-0.0805805923	0.0652771394	-0.0672107592	0.0805668672	-0.0533153896	0.1397381005	0.0271250132	0.1331404029	-0.0947530231	0.0544523955	-0.0927013771	0.0333745172	0.0391140859	0.0328313707931045	0.0191729910855116	0.0003676035871651	0.0010778989081543	0.0695594204905489	-0.0635485251567331	0.0040384150495959	0.0048385129789809	-0.2243578796267371	-0.0506520729876029	0.0503364581506054	0.0025656324979414	0.0011138366787274	-0.0001369061732787	1.8743300281817428e-08	1.2406321468784854e-06	0.0003027656401917	-0.0002500643589182	6.253218360117035e-08	9.166703288068993e-08	-0.0022171716037609	0.0004516814638248	4.915849920523683e-06	2.040161447630042e-07	0.0	0.0	0.0	0.0	0.0	0.0	0.0	0.0	0.0	0.0	0.0	0.0	0.0	0.0	0.0	0.0	0.0	0.0	0.0	0.0	0.0	0.0	0.0	0.0	0.0	0.0	0.0	0.0	0.0	0.0	0.0	0.0	0.0	0.0	0.0	0.0	0.0	0.0	0.0	0.0	0.0	0.0
1017596.7713587196	-2353.5377113858704	5539139.75891544	1035503189079.6902	1548562.4889240507	-4341.339860232081	2398045782102.651	18847231.782039907	1046734.9606200728	-2291.3027971495176	1095654077784.3052	5250068.508225204	1093152.5336182492	1245145.7353229956	1.06271	18.487343	0.1057297356948071	0.0498675861828421	0.114680787	-0.0168252324	-0.0106341312	-0.0151100421	-0.0759494969	-0.0294467118	-0.0483821495	0.0193215496	-0.0776570309	0.1084802319	-0.0158146066	-0.041236387	0.0749761611	0.1316077847	0.0613420179	-0.0513573103	0.0259738758	0.0729689189	0.0280124323	-0.1054526801	-0.0819130119	0.0048326823	-0.0446652769	-0.0545905699	0.0688025966	0.007089801	-0.0053620283	0.0301244651	-0.0774455241	0.198711144	0.043134532	0.0736474046	0.0451266235	0.0838351469	-0.0024490251	-0.0219286142	-0.0720960606	0.0087100516	0.0919298548	-0.0604431633	0.0173630164	0.0431479257	0.0510748812	0.1017539023	-0.0420374802	0.0198731579	-0.0337721527	-0.037574557	-0.1342571069	0.0483089109	0.0660044071	0.0376672177	-0.1661989447	-0.0627576748	0.037969445	0.0946522977	0.0083600835	0.0196231738	-0.0472268242	-0.0331481644	-0.1086802328	-0.0309550012	0.0060337551	0.0648970176	0.0271532324	-0.0840313735	-0.0343172565	0.0721856335	-0.1218531445	0.0347045823	0.040131604	0.1347512149	0.0816552636	-0.1034260312	0.03193316	0.010576775	0.0376762159	-0.0729282678	-0.1252471272	0.085806124	-0.0565340501	0.0112435297	-0.0082401294	-0.0056986709	0.1771161733	-0.0249985088	-0.1167205637	-0.1132536156	0.0935034018	-0.0527385862	-0.0032165504	0.039531634	0.1616973513	-0.0454602942	0.0956836805	0.0034519075	0.0181539793	-0.0941228505	0.0379742494	0.032215118	0.0631517689163274	0.0303203981232229	0.0009193265423507	0.0039881459172612	0.0815734133639125	0.0120139928733635	0.0001443360247612	0.0066542217678397	-0.2431662462972781	-0.018808366670541	0.0591298233383085	0.0003537546568135	0.0004790512351149	-0.0006347854436124	4.029525594223184e-07	2.2949008586511121e-07	4.596863264860751e-05	-0.000256797007543	6.594470308308708e-08	2.1131151875826243e-09	-0.0022170144943629	1.571093980004025e-07	4.915153268215184e-06	2.468336294004888e-14	0.0	0.0	0.0	0.0	0.0	0.0	0.0	0.0	0.0	0.0	0.0	0.0	0.0	0.0	0.0	0.0	0.0	0.0	0.0	0.0	0.0	0.0	0.0	0.0	0.0	0.0	0.0	0.0	0.0	0.0	0.0	0.0	0.0	0.0	0.0	0.0	0.0	0.0	0.0	0.0	0.0	0.0
1017705.616561039	108.84520231944045	11847.27806795992	1035724721979.8844	1553977.460443038	5414.971518987324	2414845947564.9937	29321916.55144389	1049103.3828835655	2368.4222634927137	1100617907977.741	5609424.01820795	1095347.045268946	1204232.3142267065	1.408346	24.500168	0.0948730110821227	0.0595231821749374	0.0301387439	-0.112884434	-0.0789682	0.041928426	-0.0431815145	0.0410043187	0.0296978251	0.104542827	-0.0201778236	0.066930585	0.0495651321	-0.0247382654	0.0455108465	-0.0373251244	-0.0234252966	0.0124326075	0.040887333	0.0673768628	-0.0570196712	0.172429227	0.0342252418	0.003111622	0.0770355326	-0.144084356	-0.0060961488	-0.0813152242	-0.1449278385	-0.049999797	-0.0544184774	-0.0064186825	0.0368992352	0.0458067168	-0.0867305957	-0.0558618292	0.0718467595	-0.0642876924	-0.0161107908	0.0474251136	-0.094811082	-0.0937758888	0.1093456712	0.0242730499	0.0652327915	0.0668927054	0.0466047428	0.0323334557	0.038695854	-0.0510180907	-0.0008213187	-0.0143532996	0.0248057017	-0.0273469869	0.0697791235	0.0418629385	0.0718790521	-0.1304514125	0.0459123459	0.024934863	-0.064111462	-0.1121917049	0.1570167359	0.0443602775	0.0084820287	0.0459216795	-0.1434740803	-0.1553064109	-0.0830605417	0.1232164693	0.0437320358	-0.0194476125	-0.0134125603	0.0405705643	0.1063131375	-0.1017027627	0.0080581519	0.0026405907	0.0867928982	-0.1356910773	-0.0046429003	-0.071420434	-0.0904328976	-0.1427129303	0.0132110189	-0.086946993	0.1314614596	-0.0458513653	-0.1704979541	0.0360376214	-0.0194001581	-0.0168978482	0.065276346	0.1904201892	0.1133238408	-0.0020222951	0.0483261295	-0.0146310301	-0.02482483	-0.0955030384	0.0425073619	0.0251890118	0.0632420307438366	9.026182750919431e-05	8.147197505299548e-09	0.0039995544526043	0.1210569007125172	0.0394834873486047	0.0015589457732074	0.0146547732101202	-0.2821536737392307	-0.0389874274419526	0.0796106956045442	0.0015200194985415	0.0007700911157877	0.0002910398806728	8.470421214203767e-08	5.930403266151448e-07	8.114604496323174e-05	3.5177412314624235e-05	1.2374503371530767e-09	6.584680613174828e-09	-0.0022170338906566	-1.9396293700086473e-08	4.9152392723199406e-06	3.7621620930001406e-16	0.0	0.0	0.0	0.0	0.0	0.0	0.0	0.0	0.0	0.0	0.0	0.0	0.0	0.0	0.0	0.0	0.0	0.0	0.0	0.0	0.0	0.0	0.0	0.0	0.0	0.0	0.0	0.0	0.0	0.0	0.0	0.0	0.0	0.0	0.0	0.0	0.0	0.0	0.0	0.0	0.0	0.0
1020676.8221704264	2971.205609387369	8828062.773254966	1041781175315.9202	1563451.5767405063	9474.11629746831	2444380832812.3755	89758879.61795464	1051723.2150166768	2619.832133111311	1106121721005.015	6863520.405682563	1098710.9698116288	1213952.8248578007	1.29876	22.593767	0.0498710699545767	0.0265687624171662	-0.094811503	-0.0808591273	0.0435330686	0.0197033166	0.126331482	0.0999837272	0.107079909	0.079959284	0.0657418749	-0.0521096159	0.1699069038	0.0166456862	0.0666386295	-0.0245452226	-0.0200851216	0.0718665743	0.1176081884	0.0866395643	0.1159725687	-0.055423351	-0.0446201478	-0.0562389111	0.1114838145	0.0177052438	-0.1111824674	0.0434390752	-0.0312409536	0.0252190952	-0.1234768709	-0.0028441194	-0.1048522005	0.0720696843	0.0320992563	0.0065253291	-0.0943930288	0.014553384	-0.1218961606	-0.1036890706	-0.0874074246	0.0672505849	0.0893851414	0.0785543371	-0.1326565982	-0.0454691483	0.1713046144	0.0402453866	0.0281747521	-0.0385014474	-0.1018525714	0.0144370295	-0.0386048386	-0.1178016599	-0.1494662976	0.0916690596	-0.0105667721	0.0197167623	-0.0739252194	0.0402535092	-0.0590421152	-0.0766310435	0.0246828347	0.0838942499	0.0290965712	-0.097110923	-0.0384797336	0.1105017823	0.0202489168	-0.0402165072	-0.0469243768	-0.11431418	0.0388671225	0.0125509149	0.0413144782	-0.0360566336	0.0696244162	-0.0249534863	0.1230369244	0.0866306209	-0.0445449425	-0.0718838065	-0.0866957583	-0.0765533493	0.0029785818	-0.0312188359	0.0913187535	-0.0500572939	-0.2189918851	-0.0339045767	-0.1389177327	-0.0678151871	-0.0292572905	0.1178572594	0.077216972	0.089981959	0.1133954937	0.0806178841	0.0520053209	-0.0968413356	0.0469659021	0.0180634961	0.0450161798555939	-0.0182258508882426	0.0003321816406004	0.0020264564487911	0.1210361195665399	-2.078114597729719e-05	4.3185602812973506e-10	0.0146497422397257	-0.2757341696367774	0.0064195041024533	0.0760293323052831	4.121003292141531e-05	0.0005152866222842	-0.0002548044935035	6.492532990957521e-08	2.6552030310505977e-07	0.0002489085034016	0.0001677624584383	2.8144242461285244e-08	6.195544306562433e-08	-0.0022985656150728	-8.153172441619991e-05	5.283403886794998e-06	6.6474220862791685e-09	0.0	0.0	0.0	0.0	0.0	0.0	0.0	0.0	0.0	0.0	0.0	0.0	0.0	0.0	0.0	0.0	0.0	0.0	0.0	0.0	0.0	0.0	0.0	0.0	0.0	0.0	0.0	0.0	0.0	0.0	0.0	0.0	0.0	0.0	0.0	0.0	0.0	0.0	0.0	0.0	0.0	0.0
1020752.1750684804	75.35289805405773	5678.059245145218	1041935002907.0336	1549306.97217827	-14144.604562236227	2400352094040.199	200069838.22203395	1050884.879851425	-838.3351652517449	1104359030700.344	702805.8492976704	1095339.457289852	1206123.2119870663	1.317904	22.926796	0.1076785101029723	0.0635098609099509	-0.0856034958	0.0449356238	0.034907381	0.0198618521	0.0700893358	-0.0346484233	-0.0196640659	-0.0907957641	0.1017582842	-0.1160333268	0.0065142182	-0.0428126976	0.0474443878	0.015153073	-0.0870833329	-0.0917205155	-0.1264084337	-0.0413394858	-0.0270429292	0.1832070078	0.2636976772	-0.0467486431	0.0023520024	0.1088112317	0.0389287561	0.1533935716	0.0379275161	0.2560165839	-0.0952637972	0.0321727962	-0.0439114424	-0.0532677607	0.0384890461	0.0275214452	0.0717584046	-0.0441385422	0.1585981175	-0.1382491375	-0.0992127507	-0.0168079013	0.0043251782	0.0234952911	0.0056283773	-0.1123528322	-0.0094733552	0.0489810751	-0.0691907091	-0.0861002594	0.1193836975	0.0299136979	0.003315195	0.0522595489	0.1170435378	0.0068068709	-0.0054742302	-0.0438297138	0.057439902	0.1425569621	0.0330490898	0.1799154452	0.1421299003	-0.0372853998	0.1318899504	-0.0830814599	0.1539002748	-0.0113110587	0.0688731	0.1300737784	-0.170161019	0.1617582999	0.1533165247	0.1639127322	-0.0754629712	0.0928627053	0.0652288698	0.0079988215	-0.0162379297	0.0324299564	-0.0014922653	-0.1000773648	0.0080785256	-0.1270645263	0.0228766998	-0.0085058419	0.1029674575	-0.0434474098	-0.1665158309	-0.1277349067	-0.1551808723	-0.077663235	-0.0920657926	0.0721931578	-0.0295996271	0.0494541464	0.1458042608	-0.0352981866	-0.0317054957	-0.098137155	0.0513420481	0.010866692	0.0334089014196905	-0.0116072784359033	0.0001347289126885	0.0011161546940705	0.139089522696949	0.018053403130409	0.000325925364589	0.019345895324065	-0.2183135271571075	0.0574206424796698	0.0476607961397771	0.003297130182778	0.0005331799277867	1.789330550249998e-05	3.20170381805796e-10	2.842808353946306e-07	0.0005738695477464	0.0003249610443447	1.0559968034166304e-07	3.293262578306576e-07	-0.0023676549863653	-6.908937129250026e-05	5.605790134460469e-06	4.7733412255929594e-09	0.0	0.0	0.0	0.0	0.0	0.0	0.0	0.0	0.0	0.0	0.0	0.0	0.0	0.0	0.0	0.0	0.0	0.0	0.0	0.0	0.0	0.0	0.0	0.0	0.0	0.0	0.0	0.0	0.0	0.0	0.0	0.0	0.0	0.0	0.0	0.0	0.0	0.0	0.0	0.0	0.0	0.0
1021735.5834585502	983.4083900697296	967092.0616595376	1043943602505.384	1548039.8578586497	-1267.1143196204212	2396427401519.0283	1605578.6989871229	1049049.6800333536	-1835.199818071444	1100505231178.0815	3367958.37224946	1095346.0252068816	1248121.0234459643	1.670627	29.062918	0.1397129686973697	0.0697313208582219	0.1126039202	0.0667482934	-0.0212519488	0.0161245402	-0.0818283932	-0.0877065154	0.0142375113	0.011106684	0.0828806207	0.0341787565	-0.0706237566	-0.0365295585	-0.1712722568	0.0211527043	-0.0364569393	-0.0164417057	-0.0294422887	0.0014880987	-0.170515981	-0.0527260672	-0.083287998	0.0136912051	-0.0844078944	-0.0133050665	-0.1096272967	0.178712737	0.2091363187	0.0138076407	-0.1714430847	0.0669076737	-0.132744136	-0.0353223376	0.052310785	-0.0041366077	-0.0111270477	0.055985373	0.0021994586	-0.0454562041	0.0149157694	0.0048471476	0.1685891696	0.1194477564	-0.0604687824	0.0474488017	-0.0698796348	0.0249587431	0.0329673137	0.1723439887	-0.0584978037	0.0975221118	-0.0197385575	-0.0399774867	0.1411827082	-0.1140774809	-0.0987436009	0.090940205	0.0430112809	-0.1758233722	-0.100829526	0.0372941154	-0.0155144876	0.0476233804	0.096774488	-0.0444330041	0.063829906	0.1848189639	0.0772519626	0.0506401652	-0.0856647463	-0.0696963642	-0.0440472845	0.042914167	-0.0008699404	-0.0505577115	0.0068392645	0.0865819223	0.0811515441	-0.1106074575	0.0374975438	0.0890063363	0.0563671038	-0.0434741072	0.0301387602	0.0104479438	0.0334561264	0.0904120165	-0.025051185	-0.1275231127	-0.0626161094	-0.1950600599	0.0177432923	0.0820420745	0.1984542682	-0.0703715365	-0.0485262179	0.0316542075	-0.0480845963	-0.0993899282	0.0556281227	0.003627002	0.0650842450717164	0.0316753436520258	0.0010033273954739	0.0042359589565552	0.1195987400774356	-0.0194907826195133	0.0003798906071211	0.0143038586281099	-0.261966897467758	-0.0436533703106504	0.0686266553688828	0.0019056167394787	0.000574353895753	4.117396796630003e-05	1.695295638089901e-09	3.29882397566648e-07	-0.0001321382171064	-0.0007060077648527	4.984469640324464e-07	1.7460508420058103e-08	-0.0022169672768808	0.0001506877094844	4.914943906760271e-06	2.2706785789685025e-08	0.0	0.0	0.0	0.0	0.0	0.0	0.0	0.0	0.0	0.0	0.0	0.0	0.0	0.0	0.0	0.0	0.0	0.0	0.0	0.0	0.0	0.0	0.0	0.0	0.0	0.0	0.0	0.0	0.0	0.0	0.0	0.0	0.0	0.0	0.0	0.0	0.0	0.0	0.0	0.0	1.0	0.0
1019702.1063339792	-2033.477124570985	4135029.2161534815	1039792385661.9536	1556196.9110627638	8157.053204114083	2421748826001.288	66537516.97474783	1046855.8164038812	-2193.863629472442	1095907100338.6366	4813037.6247219965	1095273.4893564896	1273056.175988624	1.461646	25.427404	0.062862314433541	0.0316150730569396	0.174864954	-0.017327434	0.0405254676	-0.046702339	-0.140198721	0.0233042541	-0.0021244318	-0.0117912433	-0.0064980857	0.0880322091	-0.0648462444	-0.0027482968	-0.0340522033	0.0561660937	0.0002218105	0.0391400896	0.096981186	0.0478374703	-0.0615951748	-0.068840824	-0.0639677726	0.0073574746	-0.0835023576	0.0055637347	0.0376921358	0.0429495792	0.0593175414	0.0353609268	-0.0780889424	0.1604054744	0.1020975117	-0.0926837226	0.069126115	-0.1197347882	0.0021827139	0.0906760187	0.0216956864	0.1164253977	-0.0586436606	-0.0229822512	-0.1139574762	0.0441300055	-0.1086644852	0.10682172	-0.0653705931	-0.0179209756	-0.0785165225	0.0898275055	-0.1509784297	0.0352720949	-0.0416016829	-0.0560559119	0.04361985	-0.0043241412	0.0121045909	0.088757372	-0.0087015776	0.0204704871	0.063195779	-0.0503445296	-0.155405053	-0.0346898045	-0.0175641939	-0.0765343351	0.0184022494	0.0239019571	-0.0023098504	0.0958058242	-0.1894544277	0.0684116268	-0.0781582819	-0.0183755998	-0.0291752135	-0.1156043898	-0.0101745452	0.0055995757	-0.0047598274	-0.1417574158	-0.1426338862	0.0293452241	0.0211073805	0.0200005856	0.0049781139	-0.0256730171	0.0306006148	0.0400868634	-0.0003745209	-0.1222401767	0.1799557344	-0.1461911169	-0.0151985674	0.0884273916	0.0612391697	-0.0596563284	0.1058323269	-0.1140991672	-0.1097137164	-0.1005991057	0.0598166067	-0.003627002	0.0692312461788873	0.0041470011071709	1.719761818287674e-05	0.0047929654474816	0.1193553680111279	-0.0002433720663077	5.9229962658880026e-08	0.0142457038730717	-0.2471871028739656	0.0147797945937923	0.0611014638272244	0.0002184423282346	0.0007279699393003	0.0001536160435473	2.359788883512599e-08	5.299402325248825e-07	-0.000553198626215	-0.0004210604091086	1.772918681187016e-07	3.0602872004616325e-07	-0.0019178007962113	0.0002991664806695	3.677959893948696e-06	8.95005831561745e-08	0.0	0.0	0.0	0.0	0.0	0.0	0.0	0.0	0.0	0.0	0.0	0.0	0.0	0.0	0.0	0.0	0.0	0.0	0.0	0.0	0.0	0.0	0.0	0.0	0.0	0.0	0.0	0.0	0.0	0.0	0.0	0.0	0.0	0.0	0.0	0.0	0.0	0.0	0.0	0.0	0.0	0.0
1015811.4531875488	-3890.653146430384	15137181.90582865	1031872908426.9996	1550937.124472574	-5259.786590189673	2405405964067.257	27665354.97433911	1045450.322543966	-1405.4938599151792	1092966376907.2826	1975412.9902592693	1092616.4082371516	1227790.2534745734	1.557524	27.095331	0.1041954538089786	0.0523430136144147	0.0914840969	-0.0856524818	-0.0512353856	-0.071979549	-0.08849488	0.052768859	-0.0682702988	0.080504404	-0.1193967863	0.0970648308	-0.0562695842	0.0579738304	-0.0470020223	0.0464643034	-0.0067879443	0.0077859914	0.1057333192	0.1177834898	-0.1129639745	-0.0183996537	0.06668942	-0.010991682	-0.0364382599	-0.0752938154	0.0177793183	0.1379676565	0.0456200098	-0.0755653106	0.0585101192	0.0504700979	-0.076485762	0.2390030785	0.0563576506	-0.13571468	-0.0025417955	0.0949186258	0.0359392345	-0.0666664957	0.0244518024	0.0504178225	0.0715816555	0.0180675025	0.0920081825	0.1040276649	-0.0308907301	-0.0877452172	-0.0199159259	0.0745377392	-0.1324235034	0.0713317787	0.0438181238	-0.0636644054	0.0487677462	-0.0259885393	0.0552178813	-0.1164464153	-0.0527198709	-0.0278880459	-0.1106516123	-0.047551503	-0.0894851798	0.0448047632	-0.0601573915	0.0499443339	0.2217200558	-0.0206310762	-0.1335763181	-0.049246644	-0.1319912763	-0.2159481815	-0.1265067524	0.0046638897	0.0855454878	-0.1648956147	-0.035313111	-0.116584997	-0.0313023926	-0.1368458164	-0.037027487	0.0201739656	0.0148336669	-0.0008888357	-0.0621574726	-0.1624348535	0.094894704	0.0201852859	0.0077525792	-0.0078767276	0.0512994142	-0.0213070791	-0.1138375993	0.0741000887	0.1554996119	-0.1847444354	-0.1224732816	-0.0074679453	0.0763235651	-0.1017641571	0.063900152	-0.010866692	0.065121323279186	-0.0041099228997013	1.6891466241489154e-05	0.0042407867456322	0.1062909797947213	-0.0130643882164065	0.0001706782394689	0.0112977723857218	-0.2688410738721813	-0.0216539709982157	0.0722755230007476	0.0004688944599915	-0.0001418041212909	-0.0008697740605912	7.565069164773045e-07	2.0108408815084282e-08	-0.0002908533039822	0.0002623453222327	6.882506809743165e-08	8.459564443736205e-08	-0.0020930248472804	-0.0001752240510691	4.380753011333142e-06	3.0703468073066634e-08	0.0	0.0	0.0	0.0	0.0	0.0	0.0	0.0	0.0	0.0	0.0	0.0	0.0	0.0	0.0	0.0	0.0	0.0	0.0	0.0	0.0	0.0	0.0	0.0	0.0	0.0	0.0	0.0	0.0	0.0	0.0	0.0	0.0	0.0	0.0	0.0	0.0	0.0	0.0	0.0	0.0	1.0
1015517.5385584852	-293.914629063569	86385.80917757537	1031275871119.8844	1550347.4037447255	-589.7207278485876	2403577072298.0107	347770.5368542679	1046377.7091040025	927.3865600364516	1094906310109.7404	860045.831736243	1093526.1490635888	1205951.6469097035	1.247268	21.697983	0.1325044745086851	0.0835246603284493	0.0303941115	-0.1231828189	-0.0948472642	-0.0596777627	-0.0535426588	0.0664866292	-0.0331584487	0.1548471328	-0.0505130873	0.0967104588	0.030570249	0.1213767464	-0.0343187475	-0.0204358604	0.0762308505	-0.027969988	0.2118199184	-0.0626974442	-0.0079467026	0.0279492499	-0.0281932337	0.0414545638	0.083366166	-0.0654275441	0.0709321332	-0.0302380323	-0.0420055289	0.122353233	-0.0162849012	0.0772150905	0.0162731672	0.1523787284	-0.0474748248	-0.1004197612	-0.1061077352	0.0060327428	0.0910806793	-0.0863796601	-0.1271007923	0.1440507685	-0.0225697744	-0.0237251851	0.1627562986	0.090706293	0.056382469	-0.1018252782	0.047845382	0.0602487381	-0.1316111841	-0.0360594209	-0.0608868005	0.0546639944	-0.0314195538	0.0914216545	0.0498574385	-0.0709104676	0.1046931677	-0.0314793214	-0.0087786403	-0.0374117158	0.1274008595	0.0652283815	-0.0559160365	0.0814953837	0.0348414582	-0.1945442511	-0.0042216835	0.0421570191	-0.1431496313	-0.1104822173	-0.040774624	0.0304174368	-0.0135355239	-0.1782728285	-0.0442985733	-0.2037147437	0.079788846	0.0590134015	0.0109408622	0.1440133037	-0.0515881312	0.0436673249	-0.1039237527	-0.1800693736	0.0247431586	0.0955594471	-0.049985397	-0.06028827	0.0083244119	0.018536415	0.0195683818	-0.0378877068	0.1334530384	-0.1788117545	-0.2003363121	0.0216482378	-0.0623549957	-0.1028845713	0.0678715947	-0.0180634961	0.0644946808462663	-0.0006266424329196	3.926807387355167e-07	0.0041595638574617	0.1102137548978134	0.0039227751030921	1.5388164509439297e-05	0.0121470717686752	-0.2929087210907397	-0.0240676472185583	0.0857955188910127	0.0005792516426369	-0.0017112328694279	-0.001569428748137	2.4631065954788706e-06	2.928317933410444e-06	-0.000726273063466	-0.0004354197594837	1.895903669489302e-07	5.274725627162885e-07	-0.0020201251598189	7.289968746150002e-05	4.0809056613333365e-06	5.3143644319843835e-09	0.0	0.0	0.0	0.0	0.0	0.0	0.0	0.0	0.0	0.0	0.0	0.0	0.0	0.0	0.0	0.0	0.0	0.0	0.0	0.0	0.0	0.0	0.0	0.0	0.0	0.0	0.0	0.0	0.0	0.0	0.0	0.0	0.0	0.0	0.0	0.0	0.0	0.0	0.0	0.0	0.0	0.0
1017562.3167409108	2044.778182425536	4181117.81532348	1035433068451.1296	1562665.11623154	12317.712486814477	2441922265486.932	151726040.90782523	1050858.041275015	4480.332171012647	1104302622912.361	20073376.362610903	1098261.5793771776	1206602.0199840872	1.150126	20.008062	0.1609099559247783	0.073433484453713	-0.0669979422	-0.0978219708	-0.0849350825	-0.0132435783	0.1193526187	0.1002866633	0.0697586309	0.1440087749	0.0194179877	-0.0756282717	0.1469082128	0.0929974706	-0.0615617943	-0.0752820319	0.0907661934	-0.0294906392	0.1422740966	0.114278262	0.020344867	0.0316267385	-0.1805776228	-0.0198524538	0.1172600149	-0.0341161606	0.0961582144	-0.0917356106	-0.0064406272	-0.0726847543	-0.0673716567	0.1356264005	0.0115411681	-0.1374788853	0.0182664374	0.1174969929	0.0185009808	-0.0172391283	0.1587149645	-0.0107407212	0.0608673544	-0.0174848662	-0.1093832667	-0.0047607335	0.189917713	-0.0483164021	0.1803525323	-0.0131203399	0.0942409939	0.0966716837	-0.1819598851	-0.0045490703	0.0370568083	-0.1344764222	-0.0841354512	0.0275182484	0.1322655453	0.1120131267	0.0343429933	0.020822161	0.1367999729	-0.0271599321	0.0042613369	0.1479147841	0.0102914019	-0.0851201891	-0.1495577242	-0.0100836444	-0.0028656472	-0.031748374	0.0046617139	0.0458688565	0.0448193623	0.053851434	-0.0748149911	-0.2382990538	-0.0415743212	-0.1752194547	-0.0131920635	0.1230229569	-0.0125413847	0.0429491635	0.0046565958	-0.07589422	-0.0607546668	-0.0567685707	-0.0333980982	0.0917891795	-0.0149449491	-0.004694695	-0.0917761702	-0.0833804008	0.0002438332	-0.0266561753	-0.1339676177	-0.0976651278	0.1093620684	0.0840576447	-0.0128850279	-0.103959857	0.0717239676	-0.0251890118	0.0773719131848622	0.0128772323385958	0.0001658231127021	0.0059864129498858	0.1356174079319174	0.0254036530341039	0.0006453455874771	0.018392081334172	-0.3339186692288081	-0.0410099481380684	0.1115016776595381	0.001681815846287	-0.0012409743624441	0.0004702585069837	2.2114306339063254e-07	1.5400173682435406e-06	-0.0013310979887324	-0.0006048249252664	3.658131902235064e-07	1.7718218556074409e-06	-0.0014628261437889	0.00055729901603	2.139860326952304e-06	3.105821932680063e-07	0.0	0.0	0.0	0.0	0.0	0.0	0.0	0.0	0.0	0.0	0.0	0.0	0.0	0.0	0.0	0.0	0.0	0.0	0.0	0.0	0.0	0.0	0.0	0.0	0.0	0.0	0.0	0.0	0.0	0.0	0.0	0.0	0.0	0.0	0.0	0.0	0.0	0.0	0.0	0.0	0.0	0.0
1021947.4127657644	4385.096024853643	19229067.14718722	1044376514458.6396	1568802.1898734176	6137.073641877621	2461140310951.631	37663672.885829054	1055057.2866130988	4199.245338083711	1113145878035.3943	17633661.409417775	1100904.829513284	1196690.005755688	1.197561	20.833275	0.1071693419383066	0.0461066702043627	-0.1335274402	-0.0187233641	0.0188269903	0.0769153345	0.1416573351	0.0151774923	0.1780388347	-0.0216582864	0.0628800971	-0.1435751009	0.1478030872	-0.047110299	-0.0536323895	-0.033364347	-0.0351764765	-0.0335211614	0.2423347532	-0.0011948339	-0.0563931124	0.086741799	-0.0895167073	-0.0520809784	-0.0723827394	0.0559190674	0.0517910537	-0.0051054565	-0.0511822423	-0.0101980938	0.0354312261	0.0879412448	-0.0471268806	0.0695173388	0.0140062556	0.0299827914	-0.0003867845	-0.0156039971	0.0207737011	-0.0339481673	0.0901000879	-0.0209049843	0.1640413624	-0.2524562588	0.0613500118	-0.1268713089	0.116808233	0.1197784111	0.0531860423	0.046392419	-0.1171102362	0.0542182985	-0.0744744151	-0.0535289513	0.0599788797	0.1599735134	0.1250778188	-0.0147565984	0.0191894653	-0.0725082641	0.1388427344	0.013463974	-0.1229855229	-0.0019837033	0.0038583984	-0.0566671202	-0.0020136648	-0.1491080967	-0.0164002826	-0.1456529615	-0.0043034539	-0.1450407261	0.0559280515	0.051506254	0.0221237141	-0.2623210726	-0.0870805983	-0.1018688518	-0.0374827212	0.1095746716	0.1006604708	-0.1640327166	0.0063415834	-0.0730760893	-0.0305010648	-0.1066568141	0.0073602508	0.0849637779	0.0464083777	-0.0359663633	-0.0070535243	-0.0748957139	-0.0109936496	0.1178287778	-0.0239510587	0.0238726713	0.0779816669	-0.0442219637	0.0408187112	-0.1049895425	0.0754505123	-0.032215118	0.0892380082602812	0.011866095075419	0.0001408042123388	0.007963422118262	0.1079288674373089	-0.0276885404946085	0.0007666552747215	0.0116486404263001	-0.3569707732575722	-0.0230521040287641	0.127428132960109	0.0005313995001529	-0.0009868026064558	0.0002541717559883	6.460328154217594e-08	9.737793841079606e-07	-0.0009401585265971	0.0003909394621353	1.528336630546377e-07	8.8389805513323e-07	-0.0017089669724556	-0.0002461408286666	2.9205681129440597e-06	6.05853075367297e-08	0.0	0.0	0.0	0.0	0.0	0.0	0.0	0.0	0.0	0.0	0.0	0.0	0.0	0.0	0.0	0.0	0.0	0.0	0.0	0.0	0.0	0.0	0.0	0.0	0.0	0.0	0.0	0.0	0.0	0.0	0.0	0.0	0.0	0.0	0.0	0.0	0.0	0.0	0.0	0.0	0.0	0.0
1022942.987653285	995.5748875206336	991169.3566617224	1046412355989.0288	1550137.1641613925	-18665.02571202512	2402925227714.324	348383184.8305588	1051796.5508262585	-3260.73578684032	1106275984330.0142	10632397.871581158	1096000.9666267422	1213660.722931338	1.395175	24.271042	0.0735587057602431	0.0388102461638714	-0.0390763424	0.1468092275	-0.0030726084	0.08221434	0.0670581607	-0.1537445583	0.0341056717	-0.0412405932	-0.0093327032	-0.0542082524	-0.0226309707	-0.1196020956	-0.0850393902	-0.012913395	-0.0771401347	0.148292956	0.1201252145	-0.0146278159	0.0326525806	0.0539536345	-0.0780748484	0.051219371	-0.0149254882	0.028940383	-0.0550580377	-0.1341469753	0.0234889614	-0.0657592259	0.1074622819	0.0542496371	0.1349553864	-0.0247140699	0.0094798556	0.0416693218	0.0593045627	0.1052011412	-0.0904381221	0.1233758365	-0.1005935655	0.0435150409	-0.0327416485	0.0549059737	0.0100733226	-0.0665521158	-0.0701093592	0.1180071433	0.0564461437	0.0748349951	-0.0021863173	0.0108726338	-0.1475354234	-0.0639520701	-0.1238216001	0.0304608866	0.0627807973	-0.0904412219	0.0292447787	-0.1177712411	0.1105148358	-0.1116123165	-0.035571313	-0.0839467136	0.0655507787	0.1078585388	-0.049760019	-0.0638194131	-0.0419287491	-0.1225305507	0.0637683961	0.108004434	-0.0485818228	-0.0393328774	0.1282143893	-0.2365858768	-0.0676127935	0.0630920129	-0.0194787305	0.1607175027	0.079492864	-0.0001843901	0.1110438865	0.0446776903	-0.0523783506	-0.0434644845	-0.0084774478	0.1170568199	-0.038377988	-0.0012760109	-0.0693357568	-0.0048572499	0.0162862121	0.0082802058	-0.0532514184	0.1734269096	0.1429539731	-0.0008653652	0.1720277859	-0.105973176	0.0790446912	-0.0391140859	0.0891562949401816	-8.171332009961063e-05	6.677066681701431e-09	0.0079488449274606	0.0890519354398122	-0.0188769319974966	0.0003563385616381	0.0079302472055764	-0.386175032176439	-0.0292042589188668	0.1491311554764737	0.0008528887390002	-0.0008609792890883	0.0001258233173675	1.5831507193362644e-08	7.412853362389944e-07	-0.0012183097873899	-0.0002781512607927	7.73681238806242e-08	1.484278738050023e-06	-0.0016050255201403	0.0001039414523152	2.57610692030164e-06	1.080382550941378e-08	0.0	0.0	0.0	0.0	0.0	0.0	0.0	0.0	0.0	0.0	0.0	0.0	0.0	0.0	0.0	0.0	0.0	0.0	0.0	0.0	0.0	0.0	0.0	0.0	0.0	0.0	0.0	0.0	0.0	0.0	0.0	0.0	0.0	0.0	0.0	0.0	0.0	0.0	0.0	0.0	0.0	0.0
1023885.0533584292	942.0657051441958	887487.7928088309	1048340602490.7936	1554361.7525712026	4224.588409810094	2416040457856.22	17847147.23230178	1052169.555450273	373.0046240144875	1107060773416.425	139132.44953618915	1097609.579322735	1251930.202718716	1.418167	24.671019	0.0764301221207779	0.0497412952528847	0.1092529964	0.0785081705	0.0223516245	0.0634193152	-0.0694996155	-0.0749825697	0.0501997575	-0.0553377973	0.0171121481	0.041253441	0.0126786277	-0.152218493	-0.1136631407	0.0645489014	-0.0663130065	0.007536497	0.062084686	0.1107871269	-0.0107036284	-0.0278697771	-0.1245301438	-0.0079746226	-0.0455382531	-0.0041262161	0.0879260186	0.0439275352	0.14639589	0.0116247299	0.195918307	-0.0350968682	0.1182962361	0.1317562111	-0.1241642235	0.0335479773	0.0337147529	0.0309690818	0.0712323658	0.0290788376	-0.0042491887	-0.1304504351	-0.0441294757	-0.0695388164	-0.0518633073	0.0614752954	-0.0491918703	0.1450741964	-0.0477031923	0.094022837	0.0255200499	0.0908858154	0.0331815663	-0.07375583	-0.0841428089	0.0016544919	0.0544683401	0.0356586061	-0.0164004735	-0.0687091027	0.0758366568	-0.0650156821	-0.1231386183	-0.0537301876	0.0499694785	0.0695643504	0.2061431858	-0.0975480092	-0.0616587615	0.0637697027	0.1756675523	-0.009796359	-0.0433768688	0.019076139	-0.0690987692	-0.1945911202	-0.071038696	0.0658873398	-0.1744105453	0.0342389113	-0.0019928843	0.0576700934	-0.0031968164	0.070534915	-0.0390328886	-0.0444806771	-0.0362245309	0.0725932733	0.0101119166	-0.0903037236	-0.1000944288	-0.0354021159	-0.0578428788	0.0703100963	-0.0915585286	0.1133878689	-0.0044836705	-0.0631027412	0.0820970281	-0.1069103263	0.0825001988	-0.0458586883	0.076103785019356	-0.0130525099208256	0.0001703680152332	0.0057917860942723	0.0893258525039613	0.0002739170641491	7.503055803206283e-08	0.0079791079255594	-0.3391451948194657	0.0470298373569733	0.1150194631691333	0.0022118056018233	-0.0007732923416597	8.76869474286e-05	7.68900074934606e-09	5.979810456695422e-07	-0.0009858802007878	0.000232429586602	5.402351272802308e-08	9.719597703053928e-07	-0.0016063861416862	-1.3606215458999808e-06	2.580476436201476e-06	1.8512909911672536e-12	0.0	0.0	0.0	0.0	0.0	0.0	0.0	0.0	0.0	0.0	0.0	0.0	0.0	0.0	0.0	0.0	0.0	0.0	0.0	0.0	0.0	0.0	0.0	0.0	0.0	0.0	0.0	0.0	0.0	0.0	0.0	0.0	0.0	0.0	0.0	0.0	0.0	0.0	0.0	0.0	0.0	0.0
1021249.3327219288	-2635.720636500395	6947023.273674047	1042950199584.9847	1558180.6719409283	3818.9193697257433	2427927006410.2827	14584145.152466469	1049484.717631898	-2684.83781837509	1101418172542.9043	7208354.110977113	1097199.3501197735	1269397.2020669691	1.327362	23.091345	0.1259553892137926	0.0645974893664639	0.1664339398	-0.0276770655	0.043236592	-0.0231288407	-0.1122393914	0.0575945332	0.0285454406	-0.0230053927	-0.0243416008	0.0935620833	-0.0028089611	-0.0558325237	-0.0748553654	0.1272282941	-0.0426458697	0.08011928	0.0674045915	0.1035295527	-0.1044829069	0.0150849534	0.0101661839	-0.0505409278	-0.0472274566	0.0408721937	-0.1008172482	-0.0242061059	0.0473919294	0.1130738411	0.0515757831	0.0557872797	0.1136787945	-0.0638840673	0.0382654791	-0.0035026013	-0.0105067483	0.1615213936	0.0044196935	-0.0092007516	0.032340362	0.023501948	-0.0733530178	-0.0389711903	-0.134111706	0.1140223431	-0.0271067462	0.0610495934	-0.100405525	0.1209272299	-0.0273292732	0.0590460635	0.0262482822	-0.0711353127	0.0400890839	0.0305422526	-0.0748836031	-0.1007200369	-0.0575719099	-0.0091684648	0.1204689019	-0.1394488823	-0.0465132284	-0.039841807	-0.0006660457	-0.0571892601	0.0883277497	-0.0524085598	0.080704704	-0.03077357	-0.0973953026	0.1677479876	-0.0613584452	-0.0540641483	-0.0340169531	-0.1443018762	-0.0694121141	-0.0003351168	-0.0131232524	-0.1286971751	0.0032121034	0.019699255	0.024330537	0.1086417963	-0.0361245065	-0.0622845306	-0.0882019384	0.0893001293	0.0673971061	-0.0473652203	0.1134587343	0.0062571477	-0.0056973107	-0.0830241158	-0.0751416325	0.0778576373	0.013878567	0.0406947113	-0.0097195297	-0.1078005821	0.085810973	-0.0524223074	0.0775578362699462	0.0014540512505901	2.1142650393429223e-06	0.0060152179668757	0.1072713104946814	0.0179454579907201	0.0003220394624966	0.0115071340552463	-0.28936752134274	0.0497776734767256	0.0837335624080411	0.0024778167767555	-7.911887790916755e-05	0.0006941734637505	4.818767977754118e-07	6.2597968416057605e-09	-0.0014089400357342	-0.0004230598349463	1.7897962394487517e-07	1.9851120242946885e-06	-0.001588055310468	1.8330831218199952e-05	2.521919669105616e-06	3.3601937315013386e-10	0.0	0.0	0.0	0.0	0.0	0.0	0.0	0.0	0.0	0.0	0.0	0.0	0.0	0.0	0.0	0.0	0.0	0.0	0.0	0.0	0.0	0.0	0.0	0.0	0.0	0.0	0.0	0.0	0.0	0.0	0.0	0.0	0.0	0.0	0.0	0.0	0.0	0.0	0.0	0.0	0.0	0.0
1019011.8038438904	-2237.5288780384	5006535.48005578	1038385056373.1794	1557973.450158228	-207.2217827003915	2427281271397.932	42940.867225528265	1044472.3330048516	-5012.384627046296	1090922454412.5977	25123999.64945004	1092596.8856162892	1233732.435967971	1.43002	24.877213	0.0554981441970568	0.031423756245219	0.0955624672	-0.1045705328	0.0079022992	-0.046943894	-0.1199066267	0.0837060722	-0.0197366004	0.0534180875	-0.0815077674	0.1407079457	-0.0278911505	0.0872693456	-0.0060065829	0.1637262033	0.0756478038	-0.0276374886	0.0207276695	0.0742092369	-0.0167587809	-0.027360943	0.0487465542	0.1076140316	0.1576685402	-0.0776245195	-0.0101869863	-0.0022916609	0.0995737797	-0.0220189357	0.1800482407	-0.0168395339	0.0183507654	0.030593336	0.1292261816	-0.0450457161	-0.0094509393	-0.0647543676	-0.0116973802	0.0154401741	0.0145950884	0.117629521	-0.0031438996	-0.0669023213	0.0348716669	0.1438504636	0.0050398427	-0.1061123146	-0.0919062638	0.0657215115	-0.0794465994	-0.0033576954	0.0574360758	0.1000819054	-0.0572933059	-0.0879991391	0.0509661501	-0.0916382189	0.1181536477	0.027954163	0.0148800211	-0.0426993198	0.0027529356	0.0866859177	-0.1388574936	-0.006295601	0.1894030228	0.0207933118	-0.05166249	-0.0183931441	0.000215757	-0.0334676048	0.0108254086	-0.0990010616	-0.075578903	-0.1097739107	-0.0404887387	-0.0778037045	-0.0448414007	-0.0312830229	-0.0728848024	0.0623442656	-0.0327173333	0.0948028039	-0.0605553161	-0.0049004793	-0.0923176884	0.0284784797	0.0706199883	-0.0016776335	0.0307622808	-0.0151035794	0.0601014941	0.0357745425	-0.1469618271	0.0083701705	-0.0553015921	-0.102008457	-0.0227542621	-0.108643553	0.0889712056	-0.0587790397	0.0745452003412054	-0.0030126359287407	9.075975239139896e-06	0.0055569868939104	0.1105339627460182	0.0032626522513368	1.0644899713153113e-05	0.0122177569203381	-0.2814987632614674	0.0078687580812726	0.0792415537177356	6.191735374159333e-05	-0.0002421317653457	-0.0001630128874365	2.6573201470395605e-08	5.8627791789425135e-08	-0.0008548215470889	0.0005541184886452	3.070472994585514e-07	7.307198773674604e-07	-0.0014781047278357	0.0001099505826322	2.1847935864502485e-06	1.2089130621182226e-08	0.0	0.0	0.0	0.0	0.0	0.0	0.0	0.0	0.0	0.0	0.0	0.0	0.0	0.0	0.0	0.0	0.0	0.0	0.0	0.0	0.0	0.0	0.0	0.0	0.0	0.0	0.0	0.0	0.0	0.0	0.0	0.0	0.0	0.0	0.0	0.0	0.0	0.0	0.0	0.0	0.0	0.0
1017633.6663468422	-1378.137497048243	1899262.960770396	1035578278882.516	1557497.815268987	-475.6348892408423	2425799444567.668	226228.54786314836	1045511.6330351728	1039.300030321232	1093094574811.874	1080144.553025714	1091722.8289688588	1215820.8873958895	1.302904	22.665857	0.0389686800387994	0.0178329372884776	-0.0001635824	-0.1239584848	-0.0308904899	-0.0641828952	-0.0084196705	0.108653862	-0.0055971175	0.0804879904	-0.0797254359	0.0782140761	0.0046999247	0.1802895622	-0.0084964293	-0.0444063254	0.136125057	-0.0027030245	-0.0145558733	0.0144394243	-0.0698240053	0.1137022079	-0.0736350538	-0.1417718269	0.014365605	0.0010782181	0.0190364424	-0.0878377522	0.0444146658	-0.0152794018	0.0992352643	-0.09749121	0.0530079025	0.0403508631	0.0481557646	-0.0623068038	-0.1129544455	-0.0652298742	-0.0964525986	-0.1011945211	0.0037274006	0.0006656525	0.1341711747	-0.1103559428	-0.0537740524	0.0566100802	0.0677554098	-0.1853621895	0.0368035507	0.0155998576	0.0479522733	-0.1112878769	0.0881132582	0.02018857	0.0413367446	0.0510231779	0.0254076575	-0.0297166696	-0.0624414025	-0.1008165266	0.1331126068	-0.0484193761	0.0108810475	0.1172196262	-0.0289760041	0.0968739593	0.0640242513	-0.0662847926	0.0425241121	-0.0457689397	-0.0309597526	-0.0176356899	0.0061013242	-0.123072091	-0.0659655772	-0.0876499309	-0.0734353478	-0.1196092992	-0.05124684	-0.0688347094	0.0637799059	-0.0597162111	-0.0374873403	-0.0206329937	-0.0305890926	0.0190905804	-0.1061690905	0.0078221421	0.0314750237	0.0705368955	-0.0153372129	-0.0313944066	0.1065265739	-0.0121757947	-0.1523590093	-0.0441309543	-0.1130357294	0.0612571581	0.0693128975	-0.1094388693	0.0919753525	-0.0649037979	0.0694091904324949	-0.0051360099087105	2.6378597782372506e-05	0.0048176357164943	0.1173549444706623	0.006820981724644	4.652579168792878e-05	0.0137721829917122	-0.2950247282760472	-0.0135259650145798	0.0870395902943554	0.0001829517295756	-0.000433619782634	-0.0001914880172882	3.666766076500426e-08	1.8802611589155738e-07	-0.0008166726070517	3.814894003719999e-05	1.4553416259618803e-09	6.669541471086204e-07	-0.0015181822383275	-4.00775104918e-05	2.304877308773098e-06	1.606206847220339e-09	0.0	0.0	0.0	0.0	0.0	0.0	0.0	0.0	0.0	0.0	0.0	0.0	0.0	0.0	0.0	0.0	0.0	0.0	0.0	0.0	0.0	0.0	0.0	0.0	0.0	0.0	0.0	0.0	0.0	0.0	0.0	0.0	0.0	0.0	0.0	0.0	0.0	0.0	0.0	0.0	0.0	0.0
1019707.2191807677	2073.552833925467	4299621.355080335	1039802812849.374	1556272.2849419832	-1225.5303270039149	2421983424878.541	1501924.5824063225	1048111.8490372952	2600.216002122382	1098538448092.378	6761123.257693307	1094792.2117269165	1198003.9435561688	1.28456	22.346743	0.0381577310008707	0.022224879346151	-0.1289707848	-0.0204914675	0.0160889846	-0.0212681168	0.1301495276	0.0225859575	-0.0060307892	-0.0245337855	-0.0108056379	-0.1139886201	-0.0258680072	0.1393888867	0.0335964069	-0.0106167474	-0.0549846485	0.0444600338	0.1396961494	-0.0382874066	-0.0121627223	-0.0221777593	0.0021629203	0.0384607422	0.035149728	-0.0693027899	0.0828163952	-0.062467149	-0.0022873879	-0.1198014782	-0.0455934255	0.0255857814	0.0118248145	-0.1394680438	-0.0225863289	-0.1293434312	0.0838018795	-0.1771832097	-0.0732365895	-0.0828185006	-0.0662030444	0.004436191	0.0290260971	-0.1161484443	-0.1196145305	-0.1148237603	0.0363131443	-0.1101830664	0.0242889867	0.0039695681	-0.1536833427	0.0586459088	-0.1099830028	-0.0039694611	-0.0056902397	-0.0278660804	0.0566522718	-0.0001341125	0.050316807	0.0368973242	0.0650846343	0.0400895256	-0.0703261795	0.0797852759	-0.051534281	-0.0091507404	-0.1772343129	0.0791921617	-0.1275988826	0.038135788	-0.0102900309	0.1308577129	0.0559629863	-0.0379851367	-0.0434000391	-0.0825252306	-0.0137050153	-0.1063362813	0.0910432235	0.1699278839	-0.0002950462	-0.0333761012	0.0369323937	0.0405112437	-0.0230039997	0.0570535887	-0.0840996774	-0.0132601715	0.0772132686	0.0510746751	-0.0256341489	-0.0524724991	0.0121822785	-0.1060368313	-0.1068027247	0.0202879831	0.1021835042	-0.0408995914	-0.0201531913	-0.1101861821	0.0948181434	-0.0707724105	0.0741451666805659	0.0047359762480709	2.242947102229264e-05	0.0054975057420888	0.1217811681687379	0.0044262236980755	1.9591456225405957e-05	0.0148306529205424	-0.3155951517629063	-0.0205704234868591	0.0996002998162518	0.0004231423224287	-0.0004110871037503	2.2532678883699985e-05	5.07721617675939e-10	1.689926068698099e-07	-0.0007396742168264	7.699839022529999e-05	5.928752097287572e-09	5.471179470377482e-07	-0.0015871533205758	-6.89710822483001e-05	2.5190556630147883e-06	4.757010186501778e-09	0.0	0.0	0.0	0.0	0.0	0.0	0.0	0.0	0.0	0.0	0.0	0.0	0.0	0.0	0.0	0.0	0.0	0.0	0.0	0.0	0.0	0.0	0.0	0.0	0.0	0.0	0.0	0.0	0.0	0.0	0.0	0.0	0.0	0.0	0.0	0.0	0.0	0.0	0.0	0.0	0.0	0.0
1020880.0261540688	1172.806973301107	1375476.1966237037	1042196027800.3322	1547196.3167194093	-9075.968222573863	2393816442470.107	82373199.1771706	1047359.7083080655	-752.1407292296644	1096962358587.156	565715.6765661314	1091831.8942182057	1205461.2533010563	1.186658	20.643589	0.1151751906626666	0.0594964481676065	-0.0796483236	0.1197117811	-0.0189908138	-0.0139058079	0.0840596601	-0.0852985755	-0.0614811328	-0.0476597416	0.0328057767	-0.0445737962	-0.1189800229	0.0495979613	0.0304245088	-0.0471400989	0.062991988	0.1264341872	0.0061407443	-0.0436861185	0.1365622839	-0.0737348767	-0.0959671561	0.0034570282	0.0522082964	-0.0252817195	0.1495761108	0.1148939878	0.1085248328	-0.0337793337	0.0096449205	0.0640861572	0.0709885148	-0.0170696688	0.0472895597	-0.0190712716	-0.0670452913	-0.0507010968	0.0533391742	-0.0147542785	0.0471954985	-0.0855662744	0.0273839033	-0.081037686	-0.0317743372	-0.084673075	-0.0953127112	-0.0857676157	0.0403806695	-0.0210796402	0.0356686186	-0.1015666805	-0.0984583637	0.0009193304	-0.1629918057	-0.0312463929	0.0702618399	0.0411549723	0.0632667656	0.0130544903	0.0150782538	0.0468539123	-0.1610418392	0.0735435649	-0.0112535501	-0.0330493419	0.0632706466	-0.0432442288	-0.008956887	0.0897354161	-0.0392138059	-0.015923827	0.0289717186	-0.0253959509	-0.0201668783	-0.0534595226	-0.0116136976	-0.0407554391	-0.0882531796	0.116389913	0.0043565207	-0.0228674101	0.1605278794	-0.0703046025	-0.0112611944	0.0168472097	-0.09727775	-0.0071144834	0.0360877747	0.12977053	0.0612045125	0.0075720807	0.0381913557	-0.0391350229	-0.0970985162	0.0578368132	0.0462569036	-0.0230009858	-0.0598700775	-0.1108851636	0.097494591	-0.0763617167	0.0598258267436335	-0.0143193399369323	0.0002050434962294	0.0035791295455592	0.168457633369826	0.0466764652010881	0.0021786924036683	0.0283779742405627	-0.3003810482478002	0.0152141035151061	0.0902287741464472	0.0002314689457683	-0.0010356301972002	-0.0006245430934499	3.9005407557597053e-07	1.0725299053529252e-06	-0.0008257152336745	-8.604101684809998e-05	7.403056580255025e-09	6.818056471221341e-07	-0.001518431790683	6.87215298928001e-05	2.305635102956782e-06	4.722648670807018e-09	0.0	0.0	0.0	0.0	0.0	0.0	0.0	0.0	0.0	0.0	0.0	0.0	0.0	0.0	0.0	0.0	0.0	0.0	0.0	0.0	0.0	0.0	0.0	0.0	0.0	0.0	0.0	0.0	0.0	0.0	0.0	0.0	0.0	0.0	0.0	0.0	0.0	0.0	0.0	0.0	0.0	0.0
1020995.8816053048	115.85545123601332	13422.485581100262	1042432590254.9937	1550005.649657173	2809.332937763771	2402517513969.156	7892351.55520442	1048830.897134627	1471.1888265614398	1100046250784.2266	2164396.563399226	1093813.8884200784	1216842.5606971155	1.019541	17.736366	0.1796684723075576	0.0985959527456642	-0.0031216867	0.113605762	-0.0411859137	-0.0035058843	0.0204201414	-0.1135527434	-0.0242148375	-0.0466458793	0.0112962629	-0.0495208308	-0.1305100807	-0.0407386257	-0.0971139003	-0.0458221851	0.0389426663	0.0848937746	0.0463157865	0.0220482748	-0.0538707169	0.0441169955	-0.0321586567	0.0085482339	0.1337741471	-0.0216791037	0.044944907	-0.0526385276	-0.0850295235	-0.1329439837	-0.0426868289	0.0079645359	-0.1304566412	-0.0556427075	-0.0178340645	0.0551794257	-0.0823605677	0.0957613433	-0.0886657587	0.0996086198	0.0768559427	-0.0316472845	-0.0799584467	0.0688519112	-0.0573122696	-0.0547806572	-0.1253511944	-5.52326e-05	0.0584128953	0.1061419083	-0.0352794408	-0.0252092304	-0.0270464034	-0.0597534641	-0.0333442734	-0.0962470999	0.0601212392	-0.0420716146	-0.0695569188	-0.078429975	0.0389099502	0.0921415085	0.1021790607	0.0819736002	-0.014920511	0.0058517564	-0.1338054402	-0.0167648952	-0.0352748231	-0.0646681626	0.0408134363	0.0352531548	0.0050739164	-0.0080700771	0.0253407487	-0.0372944125	-0.0406020696	0.051966271	0.0214729325	0.0245915945	0.0634695596	0.0196661167	0.1353697165	0.0726585438	-0.002244567	0.0553829666	-0.0280128937	-0.0398082585	0.0755620835	0.0777789824	0.0104181135	0.0842549328	0.0421320028	-0.1222978471	-0.026632406	0.0998977443	0.057794067	0.0186876819	0.1286619779	-0.1115355072	0.1	-0.0816496581	0.0679639562381879	0.0081381294945544	6.622915167013634e-05	0.0046190993475463	0.0946722519236828	-0.0737853814461432	0.0054442825151528	0.0089628352843012	-0.3155303205473103	-0.01514927229951	0.0995593831846883	0.0002295004512047	0.0002097747833183	0.0012454049805185	1.5510335655002851e-06	4.4005459716239725e-08	-0.0007746977563465	5.101747732799992e-05	2.6027829929129863e-09	6.001566136883011e-07	-0.0018739231141835	-0.0003554913235005	3.511587837871187e-06	1.2637408108413726e-07	0.0	0.0	0.0	0.0	0.0	0.0	0.0	0.0	0.0	0.0	0.0	0.0	0.0	0.0	0.0	0.0	0.0	0.0	0.0	0.0	0.0	0.0	0.0	0.0	0.0	0.0	0.0	0.0	0.0	0.0	0.0	0.0	0.0	0.0	0.0	0.0	0.0	0.0	0.0	0.0	0.0	0.0
1019585.667894628	-1410.2137106767625	1988702.709780723	1039554934176.1346	1554002.2940400844	3996.6443829112686	2414923129881.8447	15973166.323456194	1049728.1649484537	897.2678138266783	1101929220286.048	805089.5297293067	1095044.086481925	1220067.791085455	0.982706	17.095564	0.1189517226689473	0.0675841683375546	-0.0389873711	0.1190978646	0.0268621576	-0.0617660537	0.0245745704	-0.012291307	-0.1056564445	-0.0892259043	0.0205984794	-0.0486439322	-0.0664264141	-0.0743429854	0.0971335131	-0.0003335666	0.113686998	0.0694101957	-0.0085785195	0.0879482071	0.0707220821	0.1247010283	-0.0750465521	0.034970062	0.0573836037	0.042831344	-0.0702494183	0.1019649737	0.0051335726	-0.0606108476	0.0114782189	0.0606732212	-0.0404580292	0.0265848771	-0.1325398161	-0.0633920115	0.1435945087	-0.099753803	0.0844182513	0.1077859471	0.0704834009	-0.0995316136	-0.0180199718	0.0350540077	-0.1094329505	-0.0488684932	-0.0835299219	0.0329356469	-0.0227256402	-0.0564892367	0.0145400158	-0.1317146084	0.077920001	-0.0493011648	-0.1130393536	-0.0368612739	0.1207195742	-0.0340743965	-0.0186524646	-0.0447520296	0.0006758934	-0.0677630752	-0.0006859721	-0.025428345	0.0767205744	-0.150793531	-0.0379008404	0.0383819865	-0.1720017678	0.0498539804	0.05253417	-0.0135871957	-0.043009586	0.1059845705	0.0665885207	0.0016835592	0.0166978367	-0.0276909239	-0.0890525657	0.0838427272	-0.0833171998	-0.0338185231	0.1842762917	0.0204882966	-0.0004144739	0.0202926989	-0.0224046746	-0.0031218728	0.0381693025	0.1536174358	0.074201313	0.1732564334	-0.0352096418	-0.0789897275	0.0079339928	-0.0515935357	0.1005100202	-0.0391762128	0.0022322447	-0.1121369276	0.102329975	-0.0866153656	0.0638455574257648	-0.0041183988124231	1.6961208778168086e-05	0.0040762552030066	0.1495540180031156	0.0548817660794328	0.0030120082479975	0.0223664043008762	-0.2883142708776489	0.0272160496696614	0.0831251187917102	0.0007407133596214	-0.0003362131578382	-0.0005459879411565	2.9810283188831373e-07	1.1303928750353441e-07	-0.000734172402562	4.052535378450009e-05	1.6423042993588959e-09	5.390091166836593e-07	-0.0019421199813911	-6.819686720759997e-05	3.771830022118567e-06	4.650812696931024e-09	0.0	0.0	0.0	0.0	0.0	0.0	0.0	0.0	0.0	0.0	0.0	0.0	0.0	0.0	0.0	0.0	0.0	0.0	0.0	0.0	0.0	0.0	0.0	0.0	0.0	0.0	0.0	0.0	0.0	0.0	0.0	0.0	0.0	0.0	0.0	0.0	0.0	0.0	0.0	0.0	0.0	0.0
1019540.1056919966	-45.56220263137948	2075.914308622883	1039462027114.4476	1554624.3008966246	622.006856540218	2416856716938.319	386892.5295830433	1050406.4135081868	678.2485597331543	1103353633539.1318	460021.1087800981	1096400.939405488	1203806.205799702	1.156843	20.124916	0.0709131355075698	0.0441529212923925	-0.0236835047	0.0849483246	-0.1395892792	0.0048684818	0.0556465185	-0.048190081	-0.0851539983	0.0292978162	0.0619301965	-0.058342206	-0.1260516842	-0.1252464415	-0.0349773393	0.0068029852	0.1429765402	-0.0874202332	0.0131061534	0.0513588507	0.0127480445	0.0467901489	-0.0194534032	0.1185179918	-0.0808743273	0.0076460994	-0.1267741481	-0.0161204745	0.0154777208	0.0058758199	-0.0589329854	-0.1311365997	0.0661671616	0.0774862573	-0.0281521737	0.0997015587	0.0135400417	-0.2027132328	-0.0370013386	0.0266496481	-0.0229486081	-0.0013840885	-0.0697742764	0.0301116446	0.0302692133	-0.0737800904	-0.1238179123	0.076011024	0.0344485542	0.0744097912	-0.0839670032	-0.0850192896	0.1753061403	0.0360561126	0.0283063254	0.0213192584	0.0051830578	-0.0399625806	0.0853170128	-0.0490454142	-0.0175950131	-0.1369774354	0.0563324379	-0.1406459971	0.0674847141	0.0560422025	-0.0472696884	0.1146658585	0.0209831513	0.1292291752	0.0928783993	0.006018149	0.1706203113	0.0055095645	0.0642201152	-0.0315376766	-0.0791807723	0.0264120227	-0.0145591131	-0.0730879773	0.132715549	-0.0356968558	0.0752483877	-0.0725085164	0.0460771768	0.0042293055	0.0169255118	-0.1034159333	0.136187868	0.1002208664	0.0714004923	0.0902801417	-0.0185536884	0.0831494208	0.014275203	0.1140305589	-0.0179627081	0.0053940414	-0.1119651811	-0.112689161	0.1044804285	-0.0912392418	0.0644069652450838	0.000561407819319	3.151787395925165e-07	0.0041482571720814	0.1120530720978649	-0.0375009459052507	0.0014063209437885	0.0125558909665693	-0.298330131075474	-0.0100158601978251	0.0890008671075095	0.0001003174555023	-0.0003818143559289	-4.560119809069997e-05	2.079469267307258e-09	1.457822023934007e-07	-0.0003231301190425	0.0004110422835194	1.6895575884092498e-07	1.0441307383242022e-07	-0.0019420650312978	5.4950093300023754e-08	3.771616585789725e-06	3.0195127536813148e-15	0.0	0.0	0.0	0.0	0.0	0.0	0.0	0.0	0.0	0.0	0.0	0.0	0.0	0.0	0.0	0.0	0.0	0.0	0.0	0.0	0.0	0.0	0.0	0.0	0.0	0.0	0.0	0.0	0.0	0.0	0.0	0.0	0.0	0.0	0.0	0.0	0.0	0.0	0.0	0.0	0.0	0.0
1022773.5387566972	3233.43306470057	10455089.38389892	1046065711580.8972	1547986.943367616	-6637.357529008528	2396263576836.6147	44054514.9678862	1049618.4921922376	-787.9213159491774	1101698979151.9065	620820.0001270834	1093961.386977352	1211292.8614825974	1.283044	22.320368	0.0894806168355667	0.0493588946378305	0.0609583262	0.0102528185	-0.1440180152	0.1288995627	-0.0028255789	-0.1160597885	0.0498065433	0.1550518385	-0.022191772	0.1001188522	0.0008129463	-0.0468684901	0.104005003	-0.1065906431	0.0574753922	-0.0780107393	0.0318653037	-0.058840236	0.0067075755	0.0208144549	-0.04665414	0.0029595175	0.0870796858	-0.0241293416	-0.1048323325	0.0891484181	-0.0484982972	0.0525814863	-0.059482132	-0.012848089	0.0444322369	-0.0214963109	0.0038498156	0.1028860736	-0.0125379397	0.1354540563	-0.043008969	0.0301140737	0.0215591481	0.0351047302	0.0390932508	-0.1148526457	0.0922098401	0.0588418613	-0.0282072651	0.0317012659	0.189325379	-0.1314721418	-0.0357301215	-0.0213341371	0.0399978761	0.055667358	-0.0608407239	-0.0071561329	-0.0054346472	-0.0601848755	0.038346422	-0.0423231282	0.003643551	-0.0336726588	0.0507570818	0.0112602124	0.0516002717	-0.0926529216	0.0167654669	-0.0653630632	0.1897706223	-0.0287493619	0.0583713346	0.023214971	-0.0036265365	0.0022353301	0.042682778	0.0181126022	-0.0032640837	0.111653054	0.0463942993	0.0866167146	0.0534077364	0.1577442229	-0.1105784345	-0.0318344728	-0.0126311924	0.0265513303	-0.0411397131	-0.166734205	-0.044276884	0.070406756	-0.007210938	0.1439665336	-0.1334265309	-0.1136357658	0.0923090551	0.0289556348	-0.0385702319	-0.1068510076	0.0114202451	-0.1131919653	0.1064475877	-0.0955030384	0.0465786729123607	-0.017828292332723	0.000317848007501	0.0021695727702766	0.1020690662528807	-0.0099840058449841	9.968037271267864e-05	0.0104180942857349	-0.3380838669893933	-0.0397537359139192	0.1143007011185017	0.0015803595191136	-0.0002789878542428	0.000102826501686	1.0573289449001522e-08	7.783422281500183e-08	1.227086185240367e-05	0.0003354009808949	1.1249381798526358e-07	1.5057405060077562e-10	-0.001942000859	6.41722978000827e-08	3.7713673363567378e-06	4.1180838049424985e-15	0.0	0.0	0.0	0.0	0.0	0.0	0.0	0.0	0.0	0.0	0.0	0.0	0.0	0.0	0.0	0.0	0.0	0.0	0.0	0.0	0.0	0.0	0.0	0.0	0.0	0.0	0.0	0.0	0.0	0.0	0.0	0.0	0.0	0.0	0.0	0.0	0.0	0.0	0.0	0.0	0.0	0.0
1023536.4229917624	762.8842350651976	581992.3561110116	1047626809190.772	1545599.0076476794	-2387.9357199366204	2388876292441.491	5702237.002549225	1047792.9941252274	-1825.498067010194	1097870158537.9088	3332443.192657955	1091475.2848159843	1223431.4602688246	1.028219	17.887327	0.0696409831970279	0.0359806913200067	0.0561284062	7.55328e-05	-0.0618895419	0.1767995068	0.0004612415	-0.1402136526	0.0392199218	0.0651091662	-0.0579147183	0.0756366756	-0.0011226734	0.0624372134	0.0480333741	-0.1265673145	-0.1028917727	-0.0994660898	-0.0647956263	-0.0539071993	0.1217925163	-0.1010776002	0.2340964531	-0.0258208422	0.105219944	0.0953377676	0.0242895521	-0.0078381185	0.0741948667	-0.0124010646	0.0147728545	-0.0142460145	0.0183657639	0.0231935062	-0.0799116061	0.0421197393	0.0629496989	0.0002696229	-0.0141029198	0.0643446866	0.0428231958	0.0746110142	-0.0511494704	0.0028563438	-0.035901966	0.0403918322	-0.0158844778	-0.0580033732	0.1685262018	-0.1266293505	0.1361937262	0.1074540061	-0.0073108202	0.0316717879	-0.1036386447	0.020866052	-0.0774422376	-0.0431008238	0.049016276	0.1961676973	0.0721711402	0.0969716439	0.002141324	0.0254299577	0.0602098188	-0.0081713052	0.0500235492	0.0867580266	0.0174943236	0.00155182	0.0395135508	0.0600037096	0.0235068338	0.0508036422	0.098501152	0.0401228368	0.0074991462	0.1379239961	-0.0719005199	0.031007855	-0.0034133305	0.0811508652	-0.0792327327	-0.0637218629	0.0063774736	0.0334867441	-0.1152394124	-0.0607661946	-0.0594160401	0.0930654734	-0.0353482846	0.0635122116	-0.032078505	-0.0151634881	0.0521815869	0.041920496	-0.0589882341	-0.02259056	-0.1146447838	-0.1136451198	0.1082280018	-0.0993899282	0.0605543457137542	0.0139756728013934	0.0001953194302516	0.0036668287848208	0.1206201353249127	0.0185510690720319	0.0003441421637153	0.0145492170458002	-0.313378735873016	0.0247051311163772	0.0982062320973695	0.0006103435034773	-0.0003231862695715	-4.419841532869999e-05	1.9534999175682627e-09	1.0444936483954227e-07	-0.000191685309514	-0.0002039561713664	4.1598119838441824e-08	3.6743257883477975e-08	-0.0019420284764494	-2.7617449400085467e-08	3.771474603340378e-06	7.627235113662811e-16	0.0	0.0	0.0	0.0	0.0	0.0	0.0	0.0	0.0	0.0	0.0	0.0	0.0	0.0	0.0	0.0	0.0	0.0	0.0	0.0	0.0	0.0	0.0	0.0	0.0	0.0	0.0	0.0	0.0	0.0	0.0	0.0	0.0	0.0	0.0	0.0	0.0	0.0	0.0	0.0	0.0	0.0
1023722.363529082	185.94053731963504	34573.88341871459	1048007477589.57	1552409.9930775317	6810.98542985227	2409976786606.982	46389522.525659904	1050917.0816024863	3124.087477258872	1104426712403.887	9759922.565565703	1094765.660197082	1218022.4049972915	1.070779	18.62771	0.0570795562586726	0.0324347088433941	0.0227461849	-0.0936207385	0.0178055705	0.14833106	-0.0201997367	-0.0342107342	0.0965450657	0.0694983008	-0.0732068599	0.0680260682	0.0616981373	-0.0455501655	-0.0746415063	-0.0090768888	0.0838790552	-0.1274346781	-0.0779346092	-0.0711377568	0.0372041941	0.008815321	0.0743239886	0.104135991	0.033057261	-0.0430938494	0.0033218689	-0.0641316264	0.0206314718	-0.0326667772	0.0208259688	-0.1525554307	-0.0518047268	-0.0025606632	0.1888888736	-0.0530080493	0.0134696277	-0.0557986624	0.0850116251	0.0975535323	-0.0173777611	0.006490856	-0.055137514	-0.0943460522	0.1087156389	0.0530141962	0.0305055745	0.0474203344	0.0985776619	-0.0003887231	0.1628166256	-0.014236534	0.1099722411	0.1293441167	-0.0092200275	0.0011688035	0.0224404442	-0.0645281913	0.0428745929	-0.0287626141	0.0082270591	0.1457030946	0.0755770508	0.0215402481	-0.1696607739	0.028742809	-0.0390675783	0.0169624174	0.0956439482	0.1366586757	0.009086702	-0.0631457835	0.1266709947	-0.015797492	-0.0495737664	0.068392773	-0.0224735323	0.1320998954	-0.0238348435	-0.0177161284	0.0449121244	-0.0255912971	-0.1768344603	-0.0001200656	-0.0012279582	0.0558391535	-0.072677338	-0.0332734834	-0.0748715609	0.0497498416	-0.0498066401	0.1467874302	-0.0020636598	-0.0178397642	0.0307550886	0.0085781249	-0.0836028897	0.0510718877	-0.074618891	-0.1140484259	0.1098185471	-0.1028845713	0.0607551125950891	0.0002007668813349	4.030734064094418e-08	0.0036911837064419	0.092217556473912	-0.0284025788510006	0.0008067064853873	0.0085040777220191	-0.3146456321927786	-0.0012668963197625	0.0990018738579933	1.6050262850279369e-06	-4.729133400261027e-05	0.0002758949355688	7.611801547256182e-08	2.236470271746442e-09	-0.000322957355791	-0.0001312720462769	1.7232350133750824e-08	1.0430145365951457e-07	-0.0018050091741638	0.0001370193022856	3.258058118815483e-06	1.8774289198832672e-08	0.0	0.0	0.0	0.0	0.0	0.0	0.0	0.0	0.0	0.0	0.0	0.0	0.0	0.0	0.0	0.0	0.0	0.0	0.0	0.0	0.0	0.0	0.0	0.0	0.0	0.0	0.0	0.0	0.0	0.0	0.0	0.0	0.0	0.0	0.0	0.0	0.0	0.0	0.0	0.0	0.0	0.0
1025466.8891072314	1744.5255781493615	3043369.492817364	1051582340655.2628	1563383.0887394515	10973.095661919797	2444166682156.508	120408828.40564306	1055666.3594223773	4749.277819890995	1114431462416.096	22555639.81050856	1101765.7806511323	1229647.1171875	1.15533	20.098602	0.1136088105669223	0.0679470163984546	-0.0676112432	-0.0421875416	0.1293460542	0.057042704	0.08073216	0.0559199553	0.0486705322	-0.0792244528	-0.057178772	-0.0840512071	0.1632684596	-0.1026643319	-0.003892448	0.02818897	0.0095338494	0.0248993758	-0.0196648025	0.0202858542	0.098224208	-0.0616107107	0.0809814136	-0.1428912053	-0.0431958977	0.0216451895	-0.0059996994	0.047397921	-0.0991668264	-0.0197443172	-0.1075536347	-0.0488265177	-0.0822851391	-0.0559369902	0.1102956569	0.1880734305	-0.0259860917	-0.0282876228	0.0966082107	-0.032533068	0.016862441	-0.138864261	-0.0999079552	0.0328172856	-0.1109898928	-0.065615918	0.1197413834	0.1481909697	-0.0560070463	-0.0258714144	0.0845216311	-0.0125070323	0.019189981	-0.0009328218	-0.0812848244	0.0998608007	-0.0336292715	-0.0019202586	-0.1217991282	0.0156048155	-0.1011590066	0.1349809606	-0.0247242564	0.0686011549	-0.0083458594	-0.017164238	-0.0826908912	0.0591559477	0.1189857049	0.0532513359	0.0308991713	0.0594661476	0.1119956949	0.1015969482	-0.0431318411	0.0879900178	0.0487192456	0.0846232691	0.1236390618	0.0603448508	-0.0227685942	-0.0612485409	-0.0560694177	0.0344846594	0.0287491593	0.0785397925	-0.1054817546	0.0086382477	0.0051442354	0.0232238878	-0.1055192373	-0.032880739	0.0019834727	-0.0835518525	0.0505751343	-0.1223321943	-0.0218352661	0.187213964	-0.0290616978	-0.1144017065	0.1112164334	-0.105973176	0.0607992871321414	4.4174537052299456e-05	1.9513897237849773e-09	0.0036965533157765	0.1453921310774006	0.0531745746034885	0.0028275353842619	0.021138871779228	-0.2939325719356276	0.0207130602571509	0.0863963568446928	0.0004290308652163	0.0006472534271126	0.0006945447611152	4.823924251925846e-07	4.189369989090058e-07	-0.0002830649461307	3.989240966029996e-05	1.5914043485051935e-09	8.01257637279761e-08	-0.0017459063215547	5.910285260909997e-05	3.048188883644663e-06	3.493147186532995e-09	0.0	0.0	0.0	0.0	0.0	0.0	0.0	0.0	0.0	0.0	0.0	0.0	0.0	0.0	0.0	0.0	0.0	0.0	0.0	0.0	0.0	0.0	0.0	0.0	0.0	0.0	0.0	0.0	0.0	0.0	0.0	0.0	0.0	0.0	0.0	0.0	0.0	0.0	0.0	0.0	0.0	0.0
1024612.1057478128	-854.7833594186231	730654.5915389871	1049829967244.967	1558994.8372890295	-4388.251450421987	2430464902693.848	19256750.792130675	1051961.47737265	-3704.8820497272536	1106622949876.0486	13726151.002391215	1097369.583405923	1230809.3621682017	1.210633	21.060677	0.045236122338565	0.0228155224877845	-0.0440957894	-0.0035536549	0.1831777541	0.0074623364	-0.0131909489	0.0408591253	0.003506494	-0.1714686081	-0.0535317568	-0.0761756532	0.0597001114	-0.0100719351	0.0121367744	0.12865517	-0.0598527017	0.0239720426	-0.0932036865	-0.0923769797	0.0583502904	-0.0184918688	-0.0747243964	0.0177753022	-0.0307236498	-0.0902447597	-0.0919141211	-0.0094115134	0.0555846388	-0.0359596127	0.0242365941	-0.0624837154	-0.1094691031	0.0469693179	-0.0230867289	-0.0126473667	0.0081126527	0.017778302	0.1182358354	-0.0454890322	-0.0262566966	-0.0763453726	-0.0461234797	0.0315720847	-0.0681799439	-0.0556660333	0.0445812686	0.0202736943	-0.1531950669	-0.03837869	0.1269247397	0.0418803071	-0.038120584	0.0656020597	-0.0305861243	-0.0355075274	0.0004834374	0.0198945232	0.0263001761	-0.0907223502	-0.0364928322	0.0032315417	-0.0655821268	0.0560197354	-0.0492619243	-0.0052626628	-0.0152008279	0.0487379549	0.0295585767	0.0134381073	0.0539889301	-0.0931659302	0.0563545033	0.0352225243	-0.1188508986	0.1016797451	0.0481343939	0.0510244472	0.0253286295	0.1109700623	-0.1268581012	-0.0823590775	0.0172114373	0.0420843513	0.0251749361	0.066037199	-0.1379844553	-0.0146557409	0.0019814258	-0.0336743728	-0.0650503949	-0.067285363	-0.0218739528	0.013053085	0.0356066375	-0.1400338705	0.0119384935	0.012481192	-0.1494398669	-0.1147048067	0.1124192083	-0.108643553	0.0605243269964006	-0.0002749601357408	7.560307624660201e-08	0.0036631941583672	0.1621386410392915	0.0167465099618908	0.0002804455959037	0.0262889389180682	-0.2903148975311893	0.0036176744044383	0.0842827397285449	1.3087568096528234e-05	0.0003866337472351	-0.0002606196798775	6.79226175394506e-08	1.494856545010552e-07	-0.0003923619037422	-0.0001092969576114	1.1945824943130021e-08	1.539478635082034e-07	-0.0018679292407956	-0.0001220229192409	3.4891596486192265e-06	1.4889592820071212e-08	0.0	0.0	0.0	0.0	0.0	0.0	0.0	0.0	0.0	0.0	0.0	0.0	0.0	0.0	0.0	0.0	0.0	0.0	0.0	0.0	0.0	0.0	0.0	0.0	0.0	0.0	0.0	0.0	0.0	0.0	0.0	0.0	0.0	0.0	0.0	0.0	0.0	0.0	0.0	0.0	0.0	0.0
1021530.1386095656	-3081.967138247215	9498521.441235729	1043523824087.6782	1563119.0956619198	4124.258372890297	2443341307222.938	17009507.126355723	1050889.9751364463	-1071.5022362037562	1104369739842.2808	1148117.04218965	1097424.8513719512	1224716.136342091	1.011057	17.588774	0.0915145139993596	0.0490801763966198	-0.054618775	0.0005432975	0.1593408894	-0.0696523547	-0.0369197056	0.1109607015	-0.0080080338	-0.1392923766	-0.0542729619	-0.0737852193	0.0114090225	0.0778902951	-0.0439688245	0.0281890335	-0.1679646005	-0.0441927496	-0.0578067998	-0.0940809603	-0.0112442597	0.1398654875	-0.105413602	-0.1075866354	-0.0694455418	-0.1109980278	0.0164208955	0.0022172551	-0.0863085897	0.0844462587	-0.0335379928	0.0474920064	-0.0735036026	-0.0594006002	-0.0121934732	0.0827528623	0.0552925397	0.0071306299	0.1201711942	-0.1160641354	0.2183351209	0.0613853808	0.0047698317	0.0521500173	0.0171349074	-0.048668506	0.0318144793	-0.0567760616	-0.1454995723	0.0054422334	0.1184213478	0.0922221971	-0.097483841	0.0229071676	0.2438447768	0.0941860838	0.0595815357	0.1149037125	-0.0222533388	-0.0481096549	-0.0578161862	-0.0580730592	-0.022773591	0.10709527	0.0108692066	-0.0854429463	-0.0322754359	-0.043491797	0.0972782442	-0.1139365079	0.023684466	-0.0234946583	-0.0327230682	0.1534539004	-0.0800430187	0.1069499666	-0.0137792149	-0.0038042318	-0.0697593262	-0.0352912777	-0.1027463131	-0.1608954264	0.0340541643	0.0036542408	0.0599202874	0.0797936401	-0.003851662	-0.0522158345	0.0924661208	-0.0557924588	-0.0143661676	-0.0448620508	-0.0395095666	0.0386961791	-0.0648995028	-0.0608493377	-0.0401047741	0.0744667732	-0.1120658741	-0.1149575937	0.1134247617	-0.1108851636	0.0607379401090781	0.0002136131126775	4.563056190777059e-08	0.0036890973686939	0.1450931821019736	-0.0170454589373178	0.0002905476703837	0.0210520314924764	-0.24603481577536	0.0442800817558292	0.0605331305736153	0.0019607256403029	0.0006478878680046	0.0002612541207695	6.82537156190445e-08	4.197586895075461e-07	-0.0001250813617696	0.0002672805419726	7.143888811716678e-08	1.5645347062137556e-08	-0.001796956699667	7.097254112859992e-05	3.229053380478117e-06	5.037101594250808e-09	0.0	0.0	0.0	0.0	0.0	0.0	0.0	0.0	0.0	0.0	0.0	0.0	0.0	0.0	0.0	0.0	0.0	0.0	0.0	0.0	0.0	0.0	0.0	0.0	0.0	0.0	0.0	0.0	0.0	0.0	0.0	0.0	0.0	0.0	0.0	0.0	0.0	0.0	0.0	0.0	0.0	0.0
1020065.528770964	-1464.609838601551	2145081.979328461	1040533682986.7864	1555778.098628692	-7340.997033227701	2420445492172.7085	53890237.441857904	1049059.259892359	-1830.7152440873904	1100525330765.9038	3351518.304933954	1095348.857224521	1221175.9009852384	1.094528	19.040863	0.1165053540600348	0.0554285791237745	-0.0600373262	0.0882016338	0.1038653744	-0.0861196039	-0.0021119974	0.0403721509	-0.094688867	-0.1084556318	-0.0202977373	-0.071921949	-0.0508327875	0.0444748543	0.0468107417	-0.001521207	-0.0242504538	0.0878909953	0.0025740046	-0.1102098352	0.0949069768	-0.0247204675	0.0881048548	0.0558438198	-0.1203209794	-0.052290179	-0.0177872188	-0.0923702878	-0.0058429928	0.0663588404	0.1077922397	-0.0202645762	0.0314839752	-0.0371186317	0.0296933421	0.1331095024	-0.0251673969	-0.0714198559	-0.2235428092	0.0035188602	-0.025304008	-0.0327000048	0.0662498943	-0.0380509681	-0.0977113479	-0.0731156357	-0.0416780798	-0.0514921098	-0.1032942006	-0.0304580643	0.0462312025	-0.1003504288	-0.1322724876	0.0336072731	0.0442025112	0.0942272476	-0.0508121686	-0.0130325504	0.084648303	0.0719016683	0.0111798219	-0.0709428669	-0.0497266547	-0.1091855773	-0.0951995809	0.0955996942	0.0583801686	0.0411662864	0.0666904602	-0.1354360728	0.0563081514	0.0532091567	-0.0191420164	-0.0282695606	0.047497724	0.1410221348	-0.0439206321	0.0289185445	0.1095712463	-5.92152e-05	0.0157588518	-0.0997629318	0.0265545572	0.0973902116	0.0321963987	0.0623013969	0.0988634418	-0.1031602439	0.0458790934	-0.0472804352	0.0651408791	0.0472847577	0.032459823	0.0670948947	0.0634111335	0.0122653613	-0.0736836122	-0.0467370905	-0.0297521043	-0.1151599564	0.1142313295	-0.112689161	0.0488137852856169	-0.0119241548234612	0.0001421854682538	0.0023827856339103	0.1070129157984496	-0.038080266303524	0.0014501066817473	0.011451764147686	-0.26987191474376	-0.0238370989684	0.0728308503674632	0.0005682072872292	0.0011335908787714	0.0004857030107667	2.359074146679341e-07	1.2850282804337146e-06	9.189770592499258e-05	0.0002169790676945	4.707991581761459e-08	8.445188354276416e-09	-0.0019475513004986	-0.0001505946008315	3.792956068073788e-06	2.2678733799628925e-08	0.0	0.0	0.0	0.0	0.0	0.0	0.0	0.0	0.0	0.0	0.0	0.0	0.0	0.0	0.0	0.0	0.0	0.0	0.0	0.0	0.0	0.0	0.0	0.0	0.0	0.0	0.0	0.0	0.0	0.0	0.0	0.0	0.0	0.0	0.0	0.0	0.0	0.0	0.0	0.0	0.0	0.0
1019329.4601653976	-736.0686055663973	541796.9921004606	1039032548361.0808	1552174.7366824895	-3603.3619462025817	2409246413195.3555	12984217.315340858	1047570.9886294724	-1488.2712628864683	1097404976218.1302	2214951.3519336837	1094280.0091735628	1229885.3038410754	1.004524	17.475115	0.1226977348459681	0.0634025169335286	-0.0136851611	0.1169253475	0.0133333151	-0.1310978358	-0.0069466025	0.0233737896	-0.1638068594	-0.0499283072	0.0439827526	-0.0528552697	-0.1343966964	0.0317601835	0.0425339187	0.0497959382	0.0424094303	0.0957529722	-0.1069666613	-0.019830776	0.020535678	0.0775607583	-0.1005301269	0.02179423	-0.0262936597	0.1261962356	-0.0484441686	-0.0100494241	0.023141119	0.0544621179	-0.1272177493	-0.0191774893	0.1746059529	-0.0959256029	-0.0492402618	-0.0608114543	-0.0891863232	-0.0266447253	-0.0830918341	0.0811145948	-0.0033791942	0.0144729763	0.1369453446	-0.009346374	-0.0048163814	-0.0564337724	-0.0985728455	-0.0845305181	-0.0933921571	-0.0180789462	0.0205471119	-0.1365268671	-0.0271589784	-0.003032039	0.0352309177	-0.0474671488	0.0019238038	0.0788325647	-0.0015291996	-0.0123634311	0.0198900888	-0.0660879416	0.0239719026	-0.1128479079	0.1326506773	-0.1105205095	-0.0677045716	0.0270900543	0.1298979681	0.0414278311	-0.0642058706	-0.0674440116	-0.1507223911	-0.2080206513	0.0092502622	0.1498822876	-0.0192013141	0.0002663696	-0.0017805875	-0.0174341048	-0.0771312569	0.0335881333	0.1430546676	0.0161523577	0.0396145279	0.0601502774	0.0754411122	-0.1063256124	0.0703419931	-0.0118368386	0.0992216939	-0.0184080517	-0.0024647021	0.0170545809	-0.0176189019	-0.0430138376	-0.0751780555	0.0102035493	-0.0691351672	-0.1153118061	0.1148374968	-0.1140484259	0.0414883514388861	-0.0073254338467307	5.366198104282915e-05	0.0017212833051165	0.1416476874236565	0.0346347716252068	0.0011995674055302	0.0200640673524698	-0.2335349143910292	0.0363370003527308	0.0545385562396253	0.0013203775946343	0.0004818717123083	-0.000651719166463	4.247378719353577e-07	2.3220034712293306e-07	-0.0001309730644314	-0.0002228707703563	4.967138027925188e-08	1.7153943606551652e-08	-0.0019609719441051	-1.342064360649979e-05	3.845410965567335e-06	1.8011367481268368e-10	0.0	0.0	0.0	0.0	0.0	0.0	0.0	0.0	0.0	0.0	0.0	0.0	0.0	0.0	0.0	0.0	0.0	0.0	0.0	0.0	0.0	0.0	0.0	0.0	0.0	0.0	0.0	0.0	0.0	0.0	0.0	0.0	0.0	0.0	0.0	0.0	0.0	0.0	0.0	0.0	0.0	0.0
1019667.6941906988	338.2340253011789	114402.25587143854	1039722206576.1764	1548431.805379747	-3742.931302742567	2397641055911.5825	14009534.737050168	1048526.014781686	955.0261522135696	1099406803673.9644	912074.9514118565	1093897.399390244	1203279.2810383935	1.499347	26.083261	0.1288218687113963	0.0693036561245289	0.0079849318	0.0427216107	-0.1479785753	-0.0067328624	-0.0069198171	-0.0520723074	-0.0984689173	0.0598549396	0.0614528481	0.0446896917	-0.0773325597	0.025648049	-0.010060244	-0.0958424401	-0.0067924702	-0.119691857	-0.0319345101	-0.0289105738	0.0430103066	-0.1239026192	0.0237617179	-0.0363018135	-0.117925788	0.1178289888	0.0394582013	0.0186302303	-0.0114753996	0.0453854851	0.0044414958	-0.1785058449	-0.0234137952	0.0747473565	-0.0085804567	0.0043162246	-0.0821265605	0.0389205038	-0.027994074	0.0328162929	-0.0807601553	0.0283666113	0.0032603829	0.0492951824	0.1548350183	0.0144318775	-0.0680878437	-0.0608153051	0.0747882931	-0.024992267	0.0434952797	0.0193132492	0.0622052288	0.0222298733	0.0186594758	0.0837857503	-0.1062223527	0.1048029263	-0.0478732972	-0.0006966342	-0.0856423264	0.0838494627	0.0220529634	-0.1183366013	0.035344349	0.1382806707	0.0898512908	0.0219817414	0.0528565743	0.029491506	0.0667418609	-0.0902642749	0.0254529621	-0.1344787883	0.0788462624	0.1160434606	-0.0650425348	0.0713205261	-0.1004169883	-0.0694900579	0.0466363086	0.0731825183	-0.0588536526	-0.070368696	0.0312811033	0.0803903117	0.1288062998	-0.1349115045	0.0602020062	-0.0083690583	-0.0488911261	0.0302465099	0.0204676737	0.0385419636	0.0204207079	0.0263478728	-0.0756937591	0.0721856583	0.0933734056	-0.1154130763	0.1152422001	-0.1149575937	0.053397312302323	0.0119089608634369	0.0001418233488468	0.0028512729611118	0.089439594438673	-0.0522080929849834	0.0027256849731286	0.0079994410533543	-0.2749679611423801	-0.0414330467513509	0.0756073796547974	0.0017166973630996	0.0005732020301403	9.133031783199996e-05	8.34122695529413e-09	3.2856056735696135e-07	-0.0002721286591003	-0.0001411555946689	1.9924901906330795e-08	7.405400710372729e-08	-0.0021939213938367	-0.0002329494497316	4.8132910823343686e-06	5.42654461302553e-08	0.0	0.0	0.0	0.0	0.0	0.0	0.0	0.0	0.0	0.0	0.0	0.0	0.0	0.0	0.0	0.0	0.0	0.0	0.0	0.0	0.0	0.0	0.0	0.0	0.0	0.0	0.0	0.0	0.0	0.0	0.0	0.0	0.0	0.0	0.0	0.0	0.0	0.0	0.0	0.0	0.0	0.0
1024211.7383262658	4544.044135567034	20648337.10598115	1049009684925.3112	1566119.2805907172	17687.475210970268	2452729601037.986	312846779.3386877	1053760.6918587023	5234.677077016328	1110411595706.531	27401844.100640204	1100940.598459277	1213995.7552309046	1.254589	21.82535	0.0822162904287249	0.0497544735844367	0.0303382278	-0.0948213047	0.0220659269	0.0965535857	-0.0729424839	0.0022117626	0.1467063539	0.0342359754	-0.0001946918	0.0728023596	0.1145700706	-0.1122217319	0.0166713535	-0.0605769396	-0.0954527536	-0.0871199483	0.0737975136	-0.0535123391	0.0421511234	-0.0054547664	0.027141352	0.0704243586	-0.0368690048	0.1282942476	-0.0625703704	-0.0471960892	-0.1044072707	0.0361518934	-0.0211943007	-0.0261064201	0.0012292173	-0.1225668654	-0.1661793845	0.0771507566	-0.00029534	0.0578673012	-0.0238373877	-0.0948701446	0.0238225924	0.1169099129	0.0024614454	0.1326302537	0.0593313318	0.090745981	0.0674660124	0.1375850002	0.0296501131	-0.042863977	-0.0346484712	0.0808226525	-0.0283341593	-0.0064327744	0.0498813032	0.1444595197	-0.0688032473	0.0720128264	0.0091890592	-0.012986315	-0.021225485	0.0900144206	0.1109070019	-0.176232766	-0.0304419087	-0.0562599179	-0.119217781	0.0426678538	-0.0234140772	-0.0868702645	0.0953610875	0.0626716001	-0.1679245903	0.0158130646	-0.0862459195	0.1056330045	-0.0289386994	0.1051351838	0.0737658215	-0.0317078474	0.0071354651	0.030688208	-0.1535643243	0.0402684087	0.0153638697	0.0602569061	-0.0006249104	-0.0614878969	-0.0226475018	0.0328625405	-0.0200532033	0.0729368966	-0.0193148242	0.0275465365	0.1092898652	0.0043461803	-0.0835168305	0.0553470788	0.0933955272	-0.1154637225	0.1154447293	-0.1154130763	0.0511699185922793	-0.0022273937100437	4.9612827395422624e-06	0.0026183605687404	0.0840471055271621	-0.0053924889115108	2.907893666076796e-05	0.0070639159474939	-0.3145286757433894	-0.0395607146010092	0.0989282878648901	0.0015650501397425	0.0010198965557151	0.0004466945255748	1.995359991784957e-07	1.040188984359524e-06	-9.907776205397845e-05	0.0001730508970463	2.9946612968536586e-08	9.81640293362477e-09	-0.0021129529523346	8.096844150209991e-05	4.464570178779503e-06	6.5558885192789754e-09	0.0	0.0	0.0	0.0	0.0	0.0	0.0	0.0	0.0	0.0	0.0	0.0	0.0	0.0	0.0	0.0	0.0	0.0	0.0	0.0	0.0	0.0	0.0	0.0	0.0	0.0	0.0	0.0	0.0	0.0	0.0	0.0	0.0	0.0	0.0	0.0	0.0	0.0	0.0	0.0	0.0	0.0
