global_signal	global_signal_derivative1	global_signal_derivative1_power2	global_signal_power2	csf	csf_derivative1	csf_power2	csf_derivative1_power2	white_matter	white_matter_derivative1	white_matter_power2	white_matter_derivative1_power2	csf_wm	tcompcor	std_dvars	dvars	framewise_displacement	rmsd	t_comp_cor_00	t_comp_cor_01	t_comp_cor_02	t_comp_cor_03	t_comp_cor_04	t_comp_cor_05	c_comp_cor_00	c_comp_cor_01	c_comp_cor_02	c_comp_cor_03	c_comp_cor_04	c_comp_cor_05	c_comp_cor_06	w_comp_cor_00	w_comp_cor_01	w_comp_cor_02	w_comp_cor_03	w_comp_cor_04	w_comp_cor_05	w_comp_cor_06	w_comp_cor_07	w_comp_cor_08	w_comp_cor_09	w_comp_cor_10	w_comp_cor_11	w_comp_cor_12	w_comp_cor_13	w_comp_cor_14	w_comp_cor_15	w_comp_cor_16	w_comp_cor_17	w_comp_cor_18	w_comp_cor_19	w_comp_cor_20	w_comp_cor_21	w_comp_cor_22	w_comp_cor_23	w_comp_cor_24	w_comp_cor_25	w_comp_cor_26	w_comp_cor_27	w_comp_cor_28	w_comp_cor_29	w_comp_cor_30	w_comp_cor_31	w_comp_cor_32	w_comp_cor_33	w_comp_cor_34	w_comp_cor_35	w_comp_cor_36	w_comp_cor_37	a_comp_cor_00	a_comp_cor_01	a_comp_cor_02	a_comp_cor_03	a_comp_cor_04	a_comp_cor_05	a_comp_cor_06	a_comp_cor_07	a_comp_cor_08	a_comp_cor_09	a_comp_cor_10	a_comp_cor_11	a_comp_cor_12	a_comp_cor_13	a_comp_cor_14	a_comp_cor_15	a_comp_cor_16	a_comp_cor_17	a_comp_cor_18	a_comp_cor_19	a_comp_cor_20	a_comp_cor_21	a_comp_cor_22	a_comp_cor_23	a_comp_cor_24	a_comp_cor_25	a_comp_cor_26	a_comp_cor_27	a_comp_cor_28	a_comp_cor_29	edge_comp_00	edge_comp_01	edge_comp_02	edge_comp_03	edge_comp_04	edge_comp_05	edge_comp_06	edge_comp_07	edge_comp_08	edge_comp_09	edge_comp_10	edge_comp_11	edge_comp_12	edge_comp_13	edge_comp_14	edge_comp_15	edge_comp_16	edge_comp_17	edge_comp_18	edge_comp_19	edge_comp_20	edge_comp_21	edge_comp_22	edge_comp_23	cosine00	cosine01	cosine02	trans_x	trans_x_derivative1	trans_x_power2	trans_x_derivative1_power2	trans_y	trans_y_derivative1	trans_y_power2	trans_y_derivative1_power2	trans_z	trans_z_derivative1	trans_z_power2	trans_z_derivative1_power2	rot_x	rot_x_derivative1	rot_x_derivative1_power2	rot_x_power2	rot_y	rot_y_derivative1	rot_y_power2	rot_y_derivative1_power2	rot_z	rot_z_derivative1	rot_z_power2	rot_z_derivative1_power2	motion_outlier00	motion_outlier01	motion_outlier02	motion_outlier03	motion_outlier04	motion_outlier05	motion_outlier06	motion_outlier07	motion_outlier08	motion_outlier09	motion_outlier10	motion_outlier11	motion_outlier12	motion_outlier13	motion_outlier14	motion_outlier15	motion_outlier16	motion_outlier17	motion_outlier18
950240.5288376876	n/a	n/a	902957062645.728	1549073.0939184637	n/a	2399627450302.1216	n/a	971555.9295393956	n/a	943920924223.159	n/a	1052299.3375473742	918169.640061829	n/a	n/a	n/a	n/a	-0.0861238948	0.0809064045	-0.1516340032	0.066801858	-0.0876977512	0.0178126825	-0.4175967457	0.4151778066	-0.5726565011	0.0301645288	-0.087674519	0.1041954044	-0.0263439852	0.0510082342	-0.0540366689	0.158586118	-0.2009884891	0.01154764	-0.1369220985	-0.1150300572	0.067376641	-0.0108976382	0.1806338707	-0.0778320363	0.4108829168	-0.1209902945	0.0405595229	-0.1995431574	0.2152321114	-0.1812399488	0.1099353105	-0.1161919963	0.076217624	-0.0823361519	0.0304294961	-0.0845491916	0.0154828165	-0.0353842331	0.0087413146	-0.1021757046	0.0287381426	-0.033258065	0.18928721	-0.0251420245	-0.0336326803	0.0298616598	-0.149978561	0.0513435222	0.0067826161	-0.1917070224	-0.0552714346	-0.0253227941	0.0366997341	-0.2512868827	0.546014491	-0.0913969129	0.0601106663	-0.207087148	0.284407665	-0.3822939834	0.0533581856	-0.0448121954	0.2189588893	-0.3024569503	0.0071514932	-0.1044346473	0.0429952741	-0.1096490311	0.0734415802	-0.0269926049	0.1663429072	-0.016249605	0.0055586143	-0.0415726655	0.0628048672	-0.0060195627	0.0383716257	-0.0209116054	0.0466935768	-0.0240971092	0.0002111949	-0.1007820614	-0.1002378581	0.1382982443	-0.0217095812	0.1189847956	-0.0648830564	0.0316840765	-0.2262212306	0.1974641329	-0.2005666503	0.2445351784	-0.0110733901	0.170378807	-0.0214524903	0.1327585815	-0.1013646439	0.1749701813	-0.2265669522	0.0478814488	-0.0483668669	0.1033661351	0.0953901323	-0.09953074	-0.079328266	0.1154637225	0.1154447293	0.1154130763	0.0238033414217824	n/a	0.0005665990628419	n/a	0.0137253942465491	n/a	0.0001883864472232	n/a	0.0011064707220214	n/a	1.224277458690558e-06	n/a	0.0056514279289405	n/a	n/a	3.193863763600871e-05	0.0007540144743367	n/a	5.6853782750925e-07	n/a	0.0015948864979766	n/a	2.543662941428064e-06	n/a	0.0	0.0	0.0	0.0	0.0	0.0	0.0	0.0	0.0	0.0	0.0	0.0	0.0	0.0	0.0	0.0	0.0	0.0	0.0
945684.4966458654	-4556.032191822189	20757429.3329201	894319167196.3438	1492423.6567553908	-56649.43716307287	2227328371243.1323	3209158730.892941	966403.5861966824	-5152.343342713197	933935891413.8086	26546641.921201	1036988.2498922022	882969.4345940276	1.638033	30.669132	0.2050981460782416	0.0937563035603173	-0.0588633131	-0.0205575652	-0.2357830816	0.1215953504	0.0340326836	-0.0660646008	-0.1240465274	0.131222046	0.128283222	-0.0580024518	0.197087062	0.1816576418	0.0925831394	-0.1109941168	-0.072656763	0.3175652076	-0.0707732362	0.1109231719	-0.0780889201	-0.1309647344	-0.0760148471	-0.1017904302	0.1185210303	-0.0602848547	0.2004993729	-0.2180171286	-0.0146440795	-0.050865835	0.0110117678	0.138297537	0.0218042937	-0.0400112628	0.0335336826	-0.092754298	-0.0118765126	0.0956833939	-0.2037796642	0.012206124	0.0017671832	-0.0063145838	0.1610911887	-0.0260291763	-0.1110676827	-0.0344100877	0.0092772567	0.0013034447	-0.0780054353	0.0312803904	-0.0190567581	-0.0405427133	0.1702899446	0.0598172208	0.1731426557	0.2181298917	0.1976427227	-0.175084109	-0.1440137192	-0.0066333051	0.0863746077	-0.075007715	-0.0610279503	0.1233315627	-0.0326023745	-0.0626243654	-0.0204015103	0.145262155	0.1561440136	-0.1611332926	-0.2292713721	0.1167207716	0.0880543727	-0.073693233	-0.06232152	0.0320456408	-0.1399772772	0.1101962338	-0.0406956327	0.0527178931	0.016152538	-0.0054048258	-0.1334851821	-0.1107586407	-0.1108845056	0.1727760036	0.0156925137	-0.1343500072	-0.0539513042	-0.02240551	-0.2765933063	0.0909583555	-0.2698658141	0.0561294717	0.1273449844	-0.0305838277	-0.0134446979	0.1198113539	-0.0542992551	0.171817102	0.0091016139	0.2499152083	-0.1774499218	0.3226899828	-0.05037164	0.0490909713	0.0929644632	0.1154130763	0.1152422001	0.1149575937	0.0417544965644935	0.0179511551427111	0.0017434379833542	0.0003222439709576	0.0749761608050789	0.0612507665585298	0.005621424689069	0.0037516564040075	0.0413506368899021	0.0402441661678807	0.0017098751712005	0.0016195929105479	0.0047611814864698	-0.0008902464424706	7.92538728331737e-07	2.266884914710277e-05	0.0008149884848469	6.097401051020001e-05	6.642062304330458e-07	3.717829957697981e-09	0.0008330657867751	-0.0007618207112015	6.939986050952163e-07	5.803707960155594e-07	1.0	0.0	0.0	0.0	0.0	0.0	0.0	0.0	0.0	0.0	0.0	0.0	0.0	0.0	0.0	0.0	0.0	0.0	0.0
948419.8205477862	2735.323901920812	7481996.8484192975	899500156007.895	1509897.324187163	17473.66743177222	2279789929587.5547	305329053.5161772	966530.4588270142	126.87263033178168	934181127840.3586	16096.664327304932	1042331.9260961328	912106.1560899856	1.837007	34.394554	0.1726902302311026	0.0883874701827231	-0.0361093441	0.0407316171	-0.0482709803	0.2022587339	0.0661487733	-0.1633500817	-0.091751015	-0.2030335588	-0.1569896883	-0.1441095186	0.0655584861	0.1798150111	0.1661120561	-0.068840557	-0.1477560132	0.2706437628	-0.2847772929	0.2797787524	-0.0624210843	-0.0121724796	0.1303174326	-0.3037395555	-0.2402078026	-0.4274681835	-0.2439078543	0.0257717498	-0.102673714	0.0818107615	0.0945299503	-0.089597065	-0.0333585485	0.1218326341	0.0105443898	0.1105422823	0.0398879429	-0.0632354326	0.1020563137	0.0163905473	0.0010940662	0.0601987564	-0.1216193239	0.0530353969	0.0141163603	-0.0403017156	0.0007031795	0.1308335611	0.1467182117	-0.0419319823	-0.013286754	0.1115520113	-0.0427399364	0.0740373561	-0.1172525029	0.052007502	0.3222947386	-0.0498304631	-0.3862330458	-0.0570395321	0.1561661601	0.0709615056	0.2560518965	-0.2298397138	-0.2745051717	0.4738437312	-0.1607634438	0.011466357	0.0027816262	0.0184221273	-0.0516371018	-0.1364362915	-0.1850450314	0.0564129712	0.1400518014	-0.0165531713	-0.0709418487	0.017889035	0.0381201282	-0.0482401812	-0.047969457	-0.0072580832	-0.00821072	-0.0830984847	-0.0587894561	0.0971908947	-0.0028615395	0.0096485073	-0.1172294693	-0.0498859613	-0.1059748513	-0.0812154719	-0.2907364583	-0.0413307379	0.0256892139	0.0008551574	0.1616494417	-0.1120973615	0.2385874815	-0.3059664613	0.5098561126	-0.0382397203	-0.1680089172	-0.0989236339	-0.2690689399	-0.1664765525	-0.0207025761	0.1153118061	0.1148374968	0.1140484259	0.0227218807151388	-0.0190326158493547	0.0005162838632329	0.0003622404660691	-0.0011082876920056	-0.0760844484970845	1.2283016082510998e-06	0.0057888433031055	0.0113542957570587	-0.0299963411328434	0.0001289200321387	0.0008997804813579	0.0049379232551318	0.0001767417686619	3.1237652789771826e-08	2.4383086073571427e-05	0.0003852075948365	-0.0004297808900104	1.4838489111972116e-07	1.847116134181316e-07	0.0004880519504111	-0.0003450138363639	2.3819470630007885e-07	1.1903454728260495e-07	0.0	1.0	0.0	0.0	0.0	0.0	0.0	0.0	0.0	0.0	0.0	0.0	0.0	0.0	0.0	0.0	0.0	0.0	0.0
953922.1701460816	5502.349598295405	30275851.1018616	909967506696.2098	1475179.7831241577	-34717.54106300534	2176155392538.2368	1205307657.4614618	971386.012181576	4855.553354561795	943590784662.0248	23576398.378996298	1038544.9597545617	957020.0257301253	1.984632	37.158562	0.1195696430966933	0.0594384415484489	-0.0295595357	-0.0256878278	0.0739868008	0.1286437752	-0.0569872264	-0.0187076484	0.1900499746	-0.0127586449	0.1544297531	-0.0690483415	-0.0084695798	0.1107880089	0.0947857776	0.0756742307	-0.1261118537	-0.0338182333	0.0409466149	-0.0654867977	0.0619177495	-0.1685055498	-0.0679523735	0.0706261181	0.0629643464	0.0037270666	0.0967945038	0.02785591	0.0555541419	0.022174588	0.0152048657	0.1150055575	0.05935637	-0.3265670901	0.127014806	0.1342025697	0.0797165751	0.0381895056	-0.2148426948	-0.0291466876	0.0248013739	0.0402973331	-0.232653156	0.0601236387	0.0839994364	0.0577052927	0.0383387129	-0.0233648446	0.2724574286	-0.0092127225	0.0951812505	0.0046887562	-0.0587089134	-0.1428378037	-0.0264002088	0.1383183253	-0.0617501401	0.0345390743	0.03252346	0.0944178549	0.0297982057	0.0053868767	-0.149279898	-0.0383009742	0.012592358	-0.1176327514	0.0897190484	0.0985361444	-0.1090052448	-0.1094302425	0.0663561097	0.0335953431	-0.1301625433	-0.231234437	0.0372615276	-0.0236343557	-0.2361558568	0.0026738098	0.3357101842	0.0235309188	-0.0846330725	0.2422618804	0.1372814976	-0.072251191	-0.0322014045	0.114266636	-0.0555001221	-0.0810997008	-0.0031623265	-0.0957636162	-0.0011300188	-0.0085916724	0.0173476202	0.1471278744	-0.1434300051	0.0543390596	0.0065656169	0.0418288554	0.0174561712	0.0653639637	0.0178398658	-0.3269452709	0.1109982247	-0.1149929133	-0.0732945768	0.2884384016	-0.1558318444	0.1151599564	0.1142313295	0.112689161	0.0153032642441814	-0.0074186164709573	0.0002341898965272	5.5035870343160414e-05	0.0374371212932516	0.0385454089852572	0.0014015380507256	0.0014857485538407	-0.026231685713725	-0.0375859814707837	0.0006881013353836	0.001412706003122	0.0052209181971989	0.0002829949420671	8.008613723556157e-08	2.725798682184261e-05	0.000655843810926	0.0002706362160895	4.301311043299389e-07	7.324396145924254e-08	0.0003212903851738	-0.0001667615652373	1.0322751160512877e-07	2.7809419640394272e-08	0.0	0.0	1.0	0.0	0.0	0.0	0.0	0.0	0.0	0.0	0.0	0.0	0.0	0.0	0.0	0.0	0.0	0.0	0.0
952689.01163223	-1233.1585138515802	1520679.920284638	907616352884.7952	1490919.5820838949	15739.798959737178	2222841200241.216	247741271.29294357	971662.598785545	276.5866039689863	944128205878.679	76500.14949509688	1041325.0521968048	942557.4529153086	1.455116	27.244341	0.1073187600230491	0.0546691537850836	-0.0166188537	-0.0348974175	0.0429629378	0.0912775135	0.124524358	-0.0445819832	0.0462145673	-0.0257496937	0.2130187643	-0.0609694964	-0.0793226451	0.1312892593	-0.0134261664	-0.0027789043	0.0072079665	0.1264904134	0.0018439141	0.0538781978	0.1454158133	-0.0988340628	0.0405340449	-0.0185367634	-0.0966877829	0.1656089136	0.0781366715	0.0726678543	-0.1314275532	-0.0035352451	-0.0167202204	0.2844846083	-0.0913231197	-0.0681198549	-0.047603783	-0.0872974886	0.0454233825	0.0794771885	-0.0016203917	0.0349784018	-0.0250894599	0.072448142	0.0160812172	-0.0118095016	-0.0810391646	0.0156039708	0.0913610197	0.0918329006	-0.0126634967	-0.1204512645	-0.1131668113	-0.0816592508	-0.0569059097	-0.0025393513	0.1156573173	0.1257315745	-0.0549870878	0.0015985458	-0.148753411	0.1080889161	-0.0260845316	0.2348119599	-0.0138084926	0.0730750909	0.0891821872	-0.0310456006	-0.0851764774	0.1748066528	0.1479357041	-0.1793867379	0.037288247	-0.0441933918	0.1114317458	-0.0537645774	-0.0752810331	-0.0127631582	-0.0976373653	0.0109274583	0.057674108	-0.0179748347	0.1012540004	-0.0028867075	0.0307646735	-0.0705352538	-0.050387762	0.1196780666	-0.0387597092	-0.0931915771	-0.0231941557	-0.0717756261	0.0133866061	-0.046709982	-0.0304066111	-0.0452270736	0.0474849828	-0.02220647	0.2236657089	0.0485420937	0.16404509	0.0915817981	0.0067779315	-0.0626589998	0.0102553324	-0.0734026	0.0337219793	0.2642883903	-0.0551504433	0.1149575937	0.1134247617	0.1108851636	0.0133862610209121	-0.0019170032232692	0.0001791919841199	3.674901358024883e-06	0.0581476732771477	0.020710551983896	0.0033811519075459	0.0004289269634776	0.004545249765826	0.030776935479551	2.065929543374131e-05	0.0009472197575124	0.0044890259437546	-0.0007318922534442	5.356662706517753e-07	2.015135392370188e-05	0.0006619605759914	6.1167650654000505e-06	4.381918041668661e-07	3.741481486529848e-11	-1.8985983043154263e-05	-0.0003402763682169	3.6046755211494117e-10	1.1578800676692025e-07	0.0	0.0	0.0	0.0	0.0	0.0	0.0	0.0	0.0	0.0	0.0	0.0	0.0	0.0	0.0	0.0	0.0	0.0	0.0
950699.5813440452	-1989.4302881847836	3957832.8715469902	903829693967.7428	1493032.907976752	2113.325892857043	2229147264301.516	4466146.329420018	969002.4459789692	-2660.1528065757598	938965740313.2252	7076412.954332889	1040975.0876338962	946321.8978184114	1.335761	25.009651	0.0847077913019133	0.0422535604467216	0.1307296193	-0.0035892449	0.0485727385	0.0724098428	-0.0106776052	0.0349714851	0.0551651734	-0.1538911213	-0.0081518817	-0.0469378655	0.0488484878	0.0721877823	0.0558003302	-0.080197115	-0.1445548912	-0.0015201426	-0.0272405664	0.0205937196	0.1377133583	-0.0342526309	0.0471128716	0.0639623907	0.056500173	0.0417674313	0.0117373514	0.1615832475	-0.1955943815	0.2052105211	-0.0889607185	0.1340977906	0.0010586867	-0.0005792415	0.0227918834	0.0676441565	0.0556555456	-0.1164440588	0.0245597241	-0.0168633764	-0.071768832	-0.1391335518	0.0063170411	0.069293142	0.0302930134	0.1688109417	-0.0606353475	-0.1185004833	-0.0680958391	0.0971086003	-0.1145472385	-0.0126243604	-0.125842295	0.030038105	-0.1665930998	0.1147705601	0.0266841615	0.041230472	-0.0637811799	0.0481519969	0.0356733164	0.0671729724	-0.0690624322	-0.0870851393	-0.1224609405	-0.0584441313	0.0796902432	0.1234487974	0.0158176853	0.058670169	0.2071006869	0.0473816377	0.0250353446	0.0486159198	-0.0692846892	-0.0477358093	0.1339060051	-0.187660687	-0.0006105602	0.1612402636	0.1065348286	0.0743564466	0.0620512996	-0.0726707659	-0.0289303189	0.0761249076	0.0790367001	-3.06036e-05	0.0449387771	-0.075485385	-0.0174874173	0.0228041214	0.0142598702	0.0285811524	0.0214923465	0.0978219465	0.1166344417	0.0634132667	0.0631258985	-0.0614498671	-0.0276600994	-0.0214312407	0.0587591416	-0.1297307222	0.1415443756	0.2648157475	0.0979950395	0.1147048067	0.1124192083	0.108643553	-0.002092998921455	-0.0154792599423671	4.380644485211793e-06	0.0002396074883633	0.0263186432884054	-0.0318290299887423	0.0006926709845423	0.0010130871500242	-0.0024157931617452	-0.0069610429275712	5.83605660033487e-06	4.845611863948903e-05	0.0044423545668871	-4.667137686750061e-05	2.1782174187082715e-09	1.973451409794267e-05	0.0008128754423981	0.0001509148664067	6.607664848539069e-07	2.277529690255211e-08	0.0003921969425473	0.0004111829255904	1.5381844174345018e-07	1.6907139829712508e-07	0.0	0.0	0.0	0.0	0.0	0.0	0.0	0.0	0.0	0.0	0.0	0.0	0.0	0.0	0.0	0.0	0.0	0.0	0.0
946123.6425154398	-4575.93882860546	20939216.16313911	895149946926.6837	1493469.0582884096	436.1503116576933	2230449828064.869	190227.09435910292	967065.1569534952	-1937.2890254739905	935215017793.4884	3753088.768221964	1038575.6935253268	944590.7655331352	1.38865	25.999901	0.2009208734187054	0.1039366311211035	-0.0139777672	-0.0749382625	-0.0032405688	0.0641989413	-0.001944562	0.1130041925	0.0265090721	-0.0436606852	0.1421282876	0.0594045407	0.0052899808	-0.0247077302	-0.1087545667	-0.1482222188	-0.0910154305	0.1030547265	0.0573159188	0.0965088882	0.1460375044	-0.0114873163	-0.0987460966	0.0455473526	0.1103481247	0.0901721677	0.0826666278	0.0349844045	0.1142569668	0.0828877588	-0.1680462345	0.1536591306	0.007679831	0.0445123112	0.0515551618	-0.0225957655	-0.0002643058	0.0420215525	0.0842444744	0.0311676021	0.1540201443	0.0323239445	0.0139897552	-0.0042265964	-0.0380488834	-0.0194048513	0.0295855619	-0.0080255376	-0.0543663505	-0.0035068535	0.2201716745	0.1301158016	0.2264734081	0.0885122203	0.0301685604	0.2249446581	-0.0499911987	0.002092234	-0.12078773	0.0102752699	-0.033322249	-0.0569468198	-0.1223521372	0.0870752269	0.0356133575	-0.0378540514	0.0514883621	0.1225395915	-0.0111190864	-0.1084435094	0.0984000718	-0.0061858134	-0.0502664146	-0.1481251842	0.0250723779	0.0154227923	0.1026988045	-0.1175575141	-0.1460666945	-0.025630464	0.0348471582	-0.1863824368	0.1386343359	-0.0728956547	-0.0515555358	0.1125213892	0.0022900341	-0.1571212902	0.0071036795	0.0319452398	-0.1254753483	-0.0691959412	0.0517100898	-0.0416535379	-0.0420289582	-0.0012281533	0.1009566544	-0.001104234	-0.0304779704	0.2173047883	0.0408070718	-0.0867079673	0.0899806451	-0.1259008849	0.0156955095	-0.040901868	0.0409942973	0.1144017065	0.1112164334	0.105973176	0.0241988134445563	0.0262918123660113	0.0005855825721244	0.0006912593974895	0.1075982283290954	0.08127958504069	0.0115773787395601	0.0066063709443867	0.0477025779007789	0.0501183710625241	0.0022755359383798	0.0025118511179608	0.0042566269408839	-0.0001857276260031	3.44947510607845e-08	1.8118872913858623e-05	0.0008099035522006	-2.971890197500074e-06	6.5594376386715e-07	8.832131345997028e-12	-0.0002837256402416	-0.0006759225827889	8.050023893050582e-08	4.5687133792401757e-07	0.0	0.0	0.0	0.0	0.0	0.0	0.0	0.0	0.0	0.0	0.0	0.0	0.0	0.0	0.0	0.0	0.0	0.0	0.0
948103.2337110748	1979.591195635032	3918781.3018357353	898899741773.397	1484249.6123547002	-9219.445933709389	2202996911775.0776	84998183.32459055	970251.4200236968	3186.2630702016177	941387818058.0002	10152272.35253064	1039367.4802999614	909392.4590412911	1.349094	25.259291	0.1734178970865565	0.1102547739530587	-0.0481349551	0.1208733714	-0.1057684874	0.0488748404	-0.0702928039	-0.0007056274	0.151416407	0.1145600791	0.0189023938	-0.0034793107	0.0489406687	0.0024434079	0.0276496988	0.0543077484	-0.1341146836	0.0474783731	-0.034541812	-0.0306433455	-0.0767075325	0.0428695168	-0.0544079571	0.102139228	0.0576902427	0.0793588254	-0.0010168069	0.0737076668	-0.0923423626	0.020285821	-0.1075643549	0.1021293374	-0.0455057714	-0.0742583193	0.1098033569	0.1214427343	0.0132951445	-0.0217246633	0.1724758987	-0.0433844683	-0.1420492831	0.0050241773	-0.0497753957	-0.0084559977	-0.0029775109	-0.090328703	0.0209626336	-0.1620992895	0.0007635487	-0.0094402008	-0.000828758	-0.0275023829	0.0604671517	-0.1333588828	0.0161670373	0.1101565232	0.0612798065	-0.0901672912	0.0568055534	0.0408002175	-0.1188554666	0.0378709212	-0.0907975108	-0.0258731971	0.0143745496	-0.0239053781	-0.0101605399	0.1042300667	-0.057697615	0.0056756297	0.192578647	-0.0170189981	0.026682723	-0.0833527098	0.0478510487	-0.1471122337	-0.0238381078	-0.0446011826	-0.030188201	0.1524340869	0.0787708206	0.0532877426	-0.0585238073	-0.0708228869	-0.0283938055	0.0788533052	0.0667811583	0.0785104441	-0.034295218	0.0512831261	-0.0221921102	-0.016003031	-0.0469558129	0.0806717277	-0.117574254	0.2238106624	-0.0694648104	-0.0361036477	0.095604708	-0.0463964221	-0.0868566925	-0.0221556785	0.0361562599	-0.1825211951	0.0233210128	-0.0262291997	0.0377657074	0.1140484259	0.1098185471	0.1028845713	0.023361755508418	-0.0008370579361383	0.000545771620435	7.00665988452112e-07	0.0014146255522149	-0.1061836027768804	2.0011654529793107e-06	0.0112749574986783	0.0312020507640511	-0.0165005271367278	0.0009735679718824	0.0002722673957898	0.0045774012345105	0.0003207742936265	1.0289614745164408e-07	2.0952602061698245e-05	0.0009660469385088	0.0001561433863082	9.332466874022252e-07	2.4380757087791792e-08	0.0002372908645598	0.0005210165048014	5.6306954403537356e-08	2.714581982754673e-07	0.0	0.0	0.0	0.0	0.0	0.0	0.0	0.0	0.0	0.0	0.0	0.0	0.0	0.0	0.0	0.0	0.0	0.0	0.0
951741.2960841648	3638.062373089953	13235497.830492904	905811494671.9658	1503934.0491492588	19684.43679455854	2261817624190.485	387477051.9189701	970217.9438314572	-33.476192239671946	941322858532.5406	1120.6554468674722	1042356.5058976716	941495.2697389442	1.391764	26.058197	0.1390201986953487	0.0692422523575646	0.0387226852	-0.0965906669	-0.0358498951	0.0937412822	-0.0369182393	-0.0067626267	-0.0788241876	-0.1197276492	0.01767259	-0.0621804155	0.1720841421	0.018929891	-0.0881038523	-0.1386099839	-0.0405769109	0.0611076217	0.0064535311	-0.0190349661	0.0461638834	-0.0304903792	-0.104684736	0.1106632126	-0.0507877705	0.0475140188	-0.137331337	0.0521690941	-0.0149248032	-0.0335922726	-0.0424913226	-0.0497821263	0.012425084	0.0880467714	-0.1222339904	-0.097422595	-0.0451550639	-0.0373886901	0.0680565213	-0.0811280891	-0.118324263	-0.1052673656	-0.0781144093	-0.0984802908	-0.0065657591	-0.0465667743	0.0810650954	0.034277987	-0.068633957	0.174611328	0.1212691454	0.0228521679	-0.0766496591	0.119225292	-0.0185740517	0.1311485297	-0.0132762801	-0.0686254429	-0.04863752	0.0905344471	-0.0161651091	-0.0713102618	-0.0524329774	-0.0659697624	-0.0247301386	-0.0688467674	-0.0910018572	-0.1110521349	-0.0622116142	0.2148555257	0.0306506117	-0.0833577329	-0.0030383024	0.0581249242	-0.1157687754	0.0602844734	0.0974770121	-0.0400119314	-0.0497238266	0.0586869351	-0.0170827476	0.0344500122	-0.0551155083	-0.0618693925	-0.0156957119	0.0878296533	0.0343333701	-0.0827250637	0.0809353294	0.0105944633	-0.0111418072	-0.0268585724	0.032470633	-0.00669737	-0.0706916614	-0.0749053757	-0.0526766424	-0.1080369336	-0.11469155	0.0138085539	0.1033419069	-0.0562243622	-0.0181557379	0.0001366706	0.0212773045	-0.0351812758	-0.0046237847	0.1136451198	0.1082280018	0.0993899282	0.0155136249511684	-0.0078481305572496	0.0002406725591255	6.159315324363492e-05	0.0595794404258072	0.0581648148735923	0.0035497097214523	0.0033831456892792	0.0051328491997963	-0.0260692015642548	2.634614090784952e-05	0.0006796032701977	0.0043360746547624	-0.000241326579748	5.8238518092915784e-08	1.880154341167287e-05	0.0013318028344753	0.0003657558959665	1.7736987899164437e-06	1.337773754342572e-07	-9.438769373064196e-05	-0.0003316785582904	8.909036727789468e-09	1.100106660296261e-07	0.0	0.0	0.0	0.0	0.0	0.0	0.0	0.0	0.0	0.0	0.0	0.0	0.0	0.0	0.0	0.0	0.0	0.0	0.0
951682.8222146176	-58.47386954713147	3419.1934198149493	905700194098.3796	1487043.931519542	-16890.11762971687	2211299654269.096	285276073.54567266	972110.747704384	1892.8038729268592	944999305802.3766	3582706.501366917	1041645.4923605438	939633.2180809848	1.413259	26.460657	0.0774664088825066	0.0374337312707908	-0.0813576028	0.0713104601	0.058327812	0.0388732154	-0.102711386	0.0049991316	0.0908798348	0.0690739242	0.1134999212	0.0156742819	-0.0031217568	-0.0681461732	0.0396365212	0.0751428886	-0.0510487082	0.0815124838	0.028924659	-0.0757128396	-0.0187202153	0.0246396055	-0.1302060701	0.2071982773	-0.0641102236	0.0114962845	-0.0380662723	0.0521186245	-0.0047175478	-0.0533504324	-0.0607463754	-0.0994046871	0.0063135081	0.1093266836	-0.0819901527	0.1015684508	0.0368217425	0.094460711	-0.0004896089	0.0523458939	0.0094691852	0.0938884164	-0.070616075	0.023124849	-0.0263808845	0.0213455546	0.0672550224	-0.1197843865	0.1089295474	-0.0486875917	-0.0844413897	-0.0505782507	-0.0220659558	-0.0853628119	0.0790844574	0.0964601688	-0.0200820527	0.0047412809	0.0017653778	0.0656618735	-0.1317753316	-0.0125803375	-0.0615248576	-0.1299890375	0.130711124	-0.0111790503	0.0049997716	-0.0485221369	-0.0698308611	0.1196574857	-0.0264290402	-0.0028378002	-0.0575833551	0.0861508452	0.1428595845	-0.0837674452	-0.064513214	0.0369810851	-0.1149448373	-2.24536e-05	-0.1135749907	-0.0186806648	-0.0746516619	-0.0733530202	-0.0220742086	0.0814858656	0.0018468178	0.0033283943	-0.0356745628	0.0781614926	0.1552692728	-0.0347713662	0.0317478732	0.0042480046	0.0403377819	0.0540598587	-0.024203968	-0.1273118869	0.0435964292	-0.0746008156	-0.086596921	0.0103837479	0.028752676	-0.0516601761	-0.0568063119	0.0280387916	0.0902532275	0.1131919653	0.1064475877	0.0955030384	-0.0055116720125596	-0.021025296963728	3.037852837403279e-05	0.0004420631124129	0.056827222789991	-0.0027522176358161	0.0032293332500232	7.5747019148977105e-06	-0.0144476754460782	-0.0195805246458745	0.0002087353257952	0.0003833969454076	0.0045683573050219	0.0002322826502595	5.3955229611577295e-08	2.086988846634696e-05	0.0013908962705908	5.909343611549991e-05	1.934592435543396e-06	3.4920341919366687e-09	-0.0004851790000974	-0.0003907913063667	2.3539866213551285e-07	1.5271784513183734e-07	0.0	0.0	0.0	0.0	0.0	0.0	0.0	0.0	0.0	0.0	0.0	0.0	0.0	0.0	0.0	0.0	0.0	0.0	0.0
950938.83043688	-743.991777737625	553523.7653411916	904284659232.6613	1492748.431393194	5704.499873652123	2228297879426.8413	32541318.808497086	970697.068016884	-1413.6796875	942252797856.5752	1998490.2588500977	1042349.3443797658	952139.125399412	1.333312	24.963797	0.0670727947087725	0.0353472417515947	0.1265533524	0.0271641494	0.0306781559	0.0182686778	0.0795482667	0.0806384906	0.0727760485	-0.0818990042	-0.0389649088	0.026440545	0.0557752021	0.0392238329	0.0622560561	-0.0207262038	-0.1397451545	-0.0126000419	-0.0732072994	-0.049122937	0.0409829752	0.0169707256	0.0631508839	0.07319241	0.0398164633	0.1136971606	-0.1729034034	0.0129167863	-0.0561268857	0.0960765278	0.0030401165	-0.0122643991	0.0638783954	0.0387155191	-0.0082965902	-0.0909846153	-0.0774432628	-0.0881652811	0.0983185469	-0.1303192913	0.0641244775	0.0213701206	0.1517546732	-0.0277530627	-0.0194430546	0.0690956264	0.0972626851	0.0030995772	-0.1497655917	-0.0255365964	-0.0372231833	-0.0125655421	0.0112390584	-0.0277467105	-0.1407254022	0.0689150757	0.0481702993	-0.013744427	-0.0145893061	0.0724804413	-0.0425168464	0.0988137825	-0.1125411119	0.0492462909	-0.0843401367	0.0042924303	0.0237535594	-0.1529224825	-0.0081751817	0.0796676432	0.0710841313	0.0817956728	0.0795618902	0.0271280342	-0.1406256853	0.0435947155	0.0212834485	0.0277566513	-0.1590861222	-0.0028219934	0.0583050655	-0.0417346919	0.0684247042	-0.0699605856	-0.019916455	0.0900905736	0.1059333543	0.0194424845	0.0658014673	-0.0680559583	0.102290806	0.0298430668	0.0407099958	-0.1279811789	-0.0321693043	-0.092776063	0.033321295	0.026157049	-0.0514863078	0.0453743663	-0.0257798314	0.0121061305	0.0296624552	-0.0847948253	0.1154306539	-0.003408301	0.0654406014	0.112689161	0.1044804285	0.0912392418	-0.0177664812844966	-0.012254809271937	0.0003156478572323	0.0001501803502915	0.0359900146432181	-0.0208372081467729	0.001295281154019	0.0004341892433519	-0.0144678301765708	-2.0154730492600092e-05	0.000209318110018	4.0621316122934404e-10	0.0044132162393895	-0.0001551410656324	2.4068750245556855e-08	1.94764775756112e-05	0.0009010127408195	-0.0004898835297713	8.118239591190675e-07	2.399858727411881e-07	-0.0004509911443097	3.418785578769996e-05	2.0339301224577266e-07	1.1688094833605695e-09	0.0	0.0	0.0	0.0	0.0	0.0	0.0	0.0	0.0	0.0	0.0	0.0	0.0	0.0	0.0	0.0	0.0	0.0	0.0
950934.5252552492	-4.305181630770676	18.53458887392525	904276471322.4264	1505999.4402164756	13251.00882328162	2268034313932.338	175589234.83468732	974554.0450977487	3856.9770808647154	949755586816.3848	14876272.2023157	1048218.9052514524	943490.537026497	1.398749	26.188972	0.0539751109218388	0.030019179589548	-0.083510706	-0.0784658845	-0.0364580153	0.0017332986	-0.0076758819	0.0794735449	-0.0541364624	0.0692914485	0.1115389496	0.1329192523	-0.0572415475	-0.0224805509	0.0027483334	-0.0315709523	0.1015806037	0.1142616916	0.047059674	-0.061903041	-0.025829022	-0.0309458087	0.0768341599	0.1688978367	-0.0525630921	0.1236245216	-0.0092547794	-0.0174205279	0.0599901149	0.0126629062	0.0723949794	-0.1116947465	-0.1177529645	0.1594173188	-0.0206260754	0.0366696874	0.0082491595	-0.0434767974	-0.0620372782	0.010199571	-0.0689523185	0.112646723	-0.0287470453	0.0445652641	0.0248705347	-0.0849736148	-0.1074174498	-0.003573003	-0.0475140984	-0.1536580233	0.0170889236	-0.0076446305	-0.0721342207	0.0672891626	0.13685516	0.0127356632	0.0216446125	0.0890018448	0.0169776745	-0.0049018136	-0.0357374883	0.1227926236	-0.0813661389	0.0098549751	0.1382332915	-0.0238034998	0.0643889302	-0.0773061483	0.0873238666	0.1304555291	0.0262735775	-0.0789130716	-0.0917289685	0.0554166415	0.10827708	0.0366149314	0.0903825682	0.0122078361	-0.0752769182	-0.0315987821	-0.0662591408	-0.0403423641	-0.0065185913	-0.0678915107	-0.0106414304	0.0643020303	-0.0731592441	-0.0109579086	0.0579176029	0.1346628649	0.0739449813	-0.0005067157	0.0783020553	-0.04895287	0.019091842	0.0624942833	-0.0929223058	0.0026965997	0.0881477331	-0.0627382169	-0.0460573733	0.0022065822	0.020454703	0.0464884475	0.0148488176	-0.0739975688	-0.0764115235	0.1121369276	0.102329975	0.0866153656	-0.0016308393804393	0.0161356419040573	2.65963708479164e-06	0.0002603589396559	0.0357362429022742	-0.0002537717409438	0.0012770790567703	6.440009650169605e-08	-0.0082917454135582	0.0061760847630126	6.875304200326344e-05	3.814402299991642e-05	0.0044973589643439	8.414272495440005e-05	7.079998162751818e-09	2.0226237654164437e-05	0.00140189841152	0.0005008856707005	1.9653191562223e-06	2.508864551130898e-07	-0.0004941549989313	-4.3163854621599976e-05	2.441891629687931e-07	1.863118345794617e-09	0.0	0.0	0.0	0.0	0.0	0.0	0.0	0.0	0.0	0.0	0.0	0.0	0.0	0.0	0.0	0.0	0.0	0.0	0.0
955198.328814127	4263.803558877786	18180020.78869887	912403847369.3011	1496534.22913157	-9465.211084905546	2239614698962.423	89590220.88181883	974869.34375	315.29865225125104	950370237383.5555	99413.24011145534	1044823.4218437952	934806.5256702134	1.166143	21.833857	0.1100410375782993	0.0513432588472657	-0.0947435684	0.008166014	-0.0064817292	0.0352733104	0.0650956666	-0.0445844232	0.0404287454	0.0526818519	0.0762298373	0.0031704002	0.0273002138	0.0681757025	-0.0308195012	0.0660843678	0.0555227982	0.0894284629	0.0794291022	-0.0559602018	0.0954963843	0.01211599	0.0045530398	0.0841896295	-0.1351236433	0.1008565204	-0.0443315903	0.0269305062	-0.0680591897	-0.0270694017	0.0422967802	-0.0469727697	0.0740264182	0.072276362	-0.0043465441	-0.1356799177	-0.0021285806	-0.066464134	-0.0201712051	0.0631603695	0.0492329743	-0.0659651808	-0.0559404405	0.0597869564	-0.1154273371	-0.0834385304	-0.1051036278	0.0458256676	-0.0040023421	-0.0818770742	-0.0527233405	0.0590836166	-0.1114174793	-0.0392166154	0.1054443896	0.0355522654	-0.0278220527	0.0429478628	-0.0062113883	0.0363153539	-0.0893506971	0.0672020839	0.044488619	-0.0394955815	-0.0070502199	-0.1078032026	-0.1202281437	-0.1049418151	0.055746094	0.0096706407	0.0127197494	-0.049563871	-0.1102561009	0.1682353141	-0.2175293113	-0.0223587901	0.0335345635	0.089093121	0.0314617841	-0.0702515997	-0.0196980691	-0.0334366363	-0.0629038185	-0.0584877195	-0.0056418922	0.0622524053	-0.0255589805	-0.0277501136	-0.0388298333	0.0812892749	0.1584981692	-0.044439319	-0.001628905	-0.1035466327	0.0166574596	-0.1563889564	-0.0757207523	-0.0795220878	-0.0413573968	0.030006564	0.0098409042	-0.041874083	-0.0299069299	0.1597676406	0.0308930301	-0.1367528705	-0.0446649059	0.1115355072	0.1	0.0816496581	-0.0132940669375187	-0.0116632275570794	0.0001767322157392	0.0001360308770482	0.0755653878632358	0.0398291449609616	0.0057101278429212	0.0015863607883212	-0.0199401636851916	-0.0116484182716334	0.0003976101277922	0.0001356856482309	0.0040422195737522	-0.0004551393905916	2.0715186486818398e-07	1.6339539082425418e-05	0.0009991666303441	-0.0004027317811759	9.983339551931833e-07	1.6219288756911314e-07	-0.0004140212349264	8.013376400490001e-05	1.7141358296998128e-07	6.421420133593008e-09	0.0	0.0	0.0	0.0	0.0	0.0	0.0	0.0	0.0	0.0	0.0	0.0	0.0	0.0	0.0	0.0	0.0	0.0	0.0
955823.2724160904	624.9436019633431	390554.5056349174	913598128092.2036	1493804.5397784703	-2729.689353099792	2231452003062.768	7451203.964426357	974763.06146327	-106.28228673001286	950163025993.2468	11295.924472560668	1045324.9238210332	966731.461566574	1.29015	24.15567	0.0788133325333679	0.0393186804995426	0.0334283997	0.1017419444	0.148269397	0.0241914939	0.0566999758	-0.0017430207	0.088382502	-0.0313701161	0.0179100315	-0.0505775949	0.0097291775	0.0217823117	-0.0030210048	0.0745758255	-0.0575784042	-0.0682272555	-0.0270236685	-0.1393934582	0.0810854662	-0.0331661467	0.0408695927	0.133536788	-0.1329275903	0.008569822	0.0459135898	-0.05719646	0.017250406	0.0139403918	0.045953069	-0.0069960158	-0.067231374	-0.0479652715	-0.1029761727	0.0250594172	0.0047916147	0.1065860839	0.054398501	0.1242096564	0.0711594903	0.0331484028	0.063964506	0.0098277783	0.0674059706	-0.0202717333	-0.0012907894	0.0573695499	-0.0504385335	0.0163395942	-0.1007898063	-0.0343159085	0.0046288615	-0.0700412241	-0.0579009951	0.0108575368	-0.0230793813	0.0222160492	0.059721652	0.1324065545	-0.0496558747	0.0850052584	-0.0338712447	-0.0916892611	0.1503785088	-0.0282991371	0.0190486823	-0.0513246945	0.1293045971	-0.0080282693	-0.0997624439	0.0119036896	0.0427983601	0.1244730437	0.0651083685	0.0289641215	-0.0101461848	0.0108013144	0.1037552888	-0.0584626525	0.0301951148	-0.0270869041	-0.0342437692	-0.0632301547	-0.0059240786	0.0643856201	0.0492759919	0.0343456559	-0.0315414342	0.0033784019	0.2565152103	0.0024528263	0.0958259589	-0.0367960164	0.0100526559	-0.0352806268	-0.0933423211	0.0453601027	0.0546430867	-0.0153969488	-0.0606157308	0.0577723385	0.0625116474	0.0463628056	-0.0142688335	-0.0209850581	-0.0398034081	0.1108851636	0.097494591	0.0763617167	-0.0193223644768778	-0.006028297539359	0.0003733537689773	3.634037122304297e-05	0.0502345097351906	-0.0253308781280452	0.0025235059683349	0.0006416533867378	-0.0457381601435002	-0.0257979964583085	0.0020919792933124	0.0006655366212629	0.0041362153859955	9.399581224329988e-05	8.835212719277687e-09	1.7108277719345902e-05	0.0012433468379398	0.0002441802075957	1.5459113594148993e-06	5.962397378147917e-08	-0.0003190740466123	9.49471883141e-05	1.018082472215482e-07	9.014968568753168e-09	0.0	0.0	0.0	0.0	0.0	0.0	0.0	0.0	0.0	0.0	0.0	0.0	0.0	0.0	0.0	0.0	0.0	0.0	0.0
953294.2147002962	-2529.057715794188	6396132.929818115	908769859781.0544	1503528.37417874	9723.834400269669	2260597571960.565	94552955.4438678	972729.3931427724	-2033.6683204976143	946202472283.9062	4135806.8377955873	1045465.4407055648	963957.3481814768	1.053673	19.728073	0.0588518255707903	0.0314130421657634	0.1325264758	-0.0077312147	0.1067987411	-0.016760164	0.0211971113	0.0865474761	0.0578461073	-0.1156351083	-0.0567136652	0.0794131442	-0.1002005096	0.0052316721	-0.0361722684	0.0066356198	-0.0886109436	-0.0702249742	-0.0526029891	-0.0245832388	0.0844383599	0.0456346987	0.0976432224	0.1088504173	0.0414338891	0.0771533845	-0.0881475413	0.0203746273	-0.0528729462	-0.0533284395	0.0556243195	-0.1168253585	0.060735549	0.1005034488	-0.0130079971	-0.1629347746	-0.0258743592	0.0127935026	0.1308376082	-0.0348046338	-0.0158777339	-0.034292835	0.02952591	-0.0280655191	0.0084323289	0.0316601432	-0.0340026971	-0.0568872811	0.0104197512	0.0295650132	0.0103482251	0.086934602	0.0613290427	-0.0191684701	-0.1303162533	0.0080570312	0.0006860826	0.0646081714	-0.0421161976	0.0197202338	-0.0253371358	0.0569659934	-0.0795553961	0.0471153961	0.0161621916	-0.0381127507	0.0044933857	-0.1445098807	0.0070199397	0.0799924855	0.067281801	0.0024486991	0.0784590872	0.1243267393	0.0200232343	0.1272914777	0.0142259304	0.1220523651	-0.1724438317	-0.023277457	0.0236797828	-0.0013189478	0.1396351267	-0.0575516287	0.0026793418	0.0558416352	0.1200107108	0.0548050618	0.0883730465	-0.0134634528	0.178941473	0.0106467584	0.1133345847	-0.0787689946	0.0075349542	-0.0506964052	-0.0085647708	0.0539405578	-0.0699721573	-0.0463999075	0.0048128497	0.128676282	-0.0256814195	-0.0075099158	0.0835711244	0.0315311831	0.0682434457	0.1101861821	0.0948181434	0.0707724105	-0.0191747209568262	0.0001476435200515	0.0003676699237721	2.1798609013226737e-08	0.0284130263566879	-0.0218214833785027	0.0008073000667458	0.0004761771368382	-0.0314610879857042	0.014277072157796	0.0009898000572442	0.0002038347893989	0.0038582467985687	-0.0002779685874267	7.72665355960505e-08	1.4886068358665622e-05	0.0014023578405069	0.0001590110025671	1.966607512831176e-06	2.5284498937394316e-08	-0.0003342069869072	-1.5132940294899996e-05	1.1169431009758937e-07	2.2900588196900803e-10	0.0	0.0	0.0	0.0	0.0	0.0	0.0	0.0	0.0	0.0	0.0	0.0	0.0	0.0	0.0	0.0	0.0	0.0	0.0
952309.0632849052	-985.1514153910102	970523.3112469108	906892552014.5736	1505079.0431056267	1550.6689268867483	2265262925995.749	2404574.1208121004	974498.5826792062	1769.1895364337834	949647487643.7816	3130031.615826785	1048078.2952041348	946807.4035120304	1.469648	27.516428	0.0396925139319776	0.0188058736048482	-0.0618602656	-0.1021952778	0.0022301346	-0.0172127592	0.0421087958	0.0743955991	-0.0473719446	0.0300443939	0.125442623	0.1589111869	-0.0511200022	-0.0124162101	0.0212198268	-0.0658298701	0.0840420303	0.0429341747	0.0799445935	-0.067485587	0.0394344575	-0.0011343279	0.0495653468	0.0829161733	-0.0066872349	0.1167444147	-0.0732172844	-0.0785646176	0.1647680815	0.045986664	0.0823359668	-0.0358267711	-0.0448689137	-0.0125358842	-0.0210128224	0.1059879739	0.1408145563	0.019885119	-0.0471905452	0.0218643982	0.0386789449	0.0164002078	0.0955070343	-0.0495694129	-0.0433116463	0.0058996921	-0.0140057405	0.0885025603	0.0289114419	0.0146232354	-0.0254512479	0.0689288549	-0.0776974972	0.0884134301	0.1032626384	0.0157729051	-0.0091143663	0.1053347866	0.0612792128	-0.0170547913	-0.0246346134	0.0756952905	-0.1012862065	0.0273387658	0.0763942196	0.0066220782	0.0886057998	-0.1270832876	0.0600996771	-0.0207483612	-0.0512526498	-0.0020465931	-0.0243606244	0.0418236755	0.0837594173	-0.0742086135	0.0909884132	0.011156986	0.1304674984	-0.1112354406	0.0043089678	-0.0357716207	-0.1059545407	-0.0597637066	0.0034787547	0.0432257498	-0.0739348038	-0.0022966126	0.0911998632	0.140120637	0.1269889721	0.0082677445	0.1518669829	-0.0805135529	-0.0045796056	-0.0001517523	-0.0875830727	0.0717574711	-0.0274368973	-0.0328916583	-0.0216078271	0.0828754413	0.013431956	0.0144607715	0.0160454478	-0.1720238411	-0.0387955425	0.1094388693	0.0919753525	0.0649037979	-0.0193479310386521	-0.0001732100818259	0.0003743424354764	3.000173244613506e-08	0.0378536500950019	0.0094406237383139	0.0014328988255148	8.912537656841779e-05	-0.0184396771883115	0.0130214107973926	0.0003400216948091	0.0001695571391544	0.0039538643908169	9.561759224820025e-05	9.14272394734308e-09	1.5633043620969898e-05	0.0015190878815887	0.0001167300410817	2.307627991989644e-06	1.3625902490958682e-08	-0.0004630047398661	-0.0001287977529589	2.1437338913847495e-07	1.6588861167261842e-08	0.0	0.0	0.0	0.0	0.0	0.0	0.0	0.0	0.0	0.0	0.0	0.0	0.0	0.0	0.0	0.0	0.0	0.0	0.0
952754.4101719344	445.34688702924177	198333.84978663624	907740966102.0708	1496907.2277206874	-8171.815384939313	2240731248402.434	66778566.68553085	973814.0251777252	-684.5575014809147	948313755632.8431	468618.9728337925	1043673.7168578658	941377.1017062884	1.407422	26.351364	0.0294862839532159	0.0189179640482398	-0.0381395668	0.0534488869	0.0444613429	0.0092288461	-0.1592704732	-0.0352679138	0.0848434926	0.0384660183	0.0074724516	0.0232359174	-0.0094255747	0.049139255	-0.1281814109	0.1054705827	0.0175902626	0.0274273074	0.0781021729	-0.0092448872	0.05503742	0.0607615416	-0.0771027471	0.0842237	-0.0303502055	-0.0233615151	-0.1370893946	-0.0774831242	0.058730017	-0.0994137017	0.0353612444	-0.047313111	0.033185719	-0.033474576	-0.0953610943	0.07726438	-0.1605518065	0.0625428495	-0.0465576519	-0.0769791077	-0.0542006866	-0.0100196728	-0.046473977	-0.0661754664	0.0325702307	0.0343707902	-0.1666720187	0.0257557362	-0.0136693475	0.0723829307	-0.0232847135	0.0522660846	-0.0452426571	-0.1027610529	0.0513866471	0.0247875163	-0.0510035006	0.0461737382	-0.0083869109	0.0093407025	-0.0854531652	-0.0743373321	-0.0125166692	0.0051419774	-0.0019404424	0.0127484714	-0.1207847521	-0.1397543663	-0.0555317939	0.0495941467	-0.1399045115	0.0378903612	0.0070264831	0.0735679088	-0.0467906669	0.0815830977	0.0206088282	-0.0367386544	0.0737211154	-0.0352924438	-0.077372949	0.0953865382	0.001613851	-0.0446181243	0.0068605155	0.0054504736	0.0453539787	0.0117124109	-0.0255853608	0.104860264	0.1634818498	-0.0046212238	0.1003137421	-0.032719711	-0.0075555488	0.0191215882	-0.1067275046	-0.14599205	-0.1237270166	-0.1004402438	0.0512370937	0.083563009	-0.0426649606	0.0876483883	0.0018504333	-0.0556022532	0.0464982474	0.108643553	0.0889712056	0.0587790397	-0.0193830761449618	-3.514510630969747e-05	0.0003757036408413	1.235178497519937e-09	0.0286233247835241	-0.0092303253114778	0.0008192947216631	8.519890535570774e-05	-0.002315847551813	0.0161238296364985	5.3631498832382654e-06	0.0002599778821468	0.0039538663630567	1.972239799426234e-09	3.8897298264408335e-18	1.563305921691121e-05	0.0014630398961474	-5.60479854413e-05	2.140485737718995e-06	3.1413766720281766e-09	-0.0004888944601636	-2.5889720297499945e-05	2.3901779317865785e-07	6.702776170827805e-10	0.0	0.0	0.0	0.0	0.0	0.0	0.0	0.0	0.0	0.0	0.0	0.0	0.0	0.0	0.0	0.0	0.0	0.0	0.0
953118.9505880944	364.5404161600163	132889.7150141179	908435733970.1504	1502861.042179077	5953.814458389534	2258591312099.581	35447906.604928255	973585.421837974	-228.60333975125104	947868573615.4258	52259.48694542592	1047672.1549082017	958875.1839652032	1.180413	22.101048	0.1175637536928958	0.0713935386768331	0.1395162032	-0.0169683456	-0.0087553196	-0.0138895094	-0.0671949423	0.0433839946	0.0053959265	-0.0798934744	-0.0282451447	0.053236829	0.1270276683	-0.0723484234	0.0161324335	-0.1020794315	-0.0270677246	-0.0846997268	0.022765502	-0.0876026149	-0.0021186523	0.069566752	0.0009466378	0.1245795032	-0.1217448866	0.0307406821	-0.02760441	-0.0209622292	0.074581362	-0.0948661023	0.052806094	-0.1383862701	-0.0295353568	-0.0686069312	0.0045033825	-0.0002451739	-0.0461473089	0.0055046268	-0.0484715502	0.0480122541	-0.0002285955	-0.0130263226	0.1242277243	-0.0641985268	0.0832068768	-0.0748724469	-0.0371082363	-0.0094389688	0.0040600543	-0.1211875119	0.0027511548	0.0291811049	0.010712637	0.0995531501	-0.089827974	0.0209633399	-0.0328483819	-0.0249057429	0.083074854	-0.0057051129	-0.1316916786	0.0324707921	0.0351923554	-0.0671529146	0.1292430494	-0.0788004004	-0.0003989691	-0.1581235944	-0.041968589	0.0525684658	-0.0717254485	0.0219370691	0.0205333894	0.0363106438	-0.0140500515	0.0291260269	0.0112896303	0.0120435985	0.1215286252	-0.0332251535	0.0107877891	-0.0092458907	-0.0679332832	-0.0389248153	0.0228705105	0.0098240705	0.0709944853	0.0251230974	0.1253659295	0.001321701	0.1622163807	0.0875146843	0.1286906729	-0.0661630455	0.0536490311	-0.0892634794	-0.1150995449	-0.0470716209	-0.0347257922	-0.0820221674	-0.017311514	0.0707231944	-0.0562889484	0.0626291579	0.0282476926	-0.023896234	-0.0713960961	0.1078005821	0.085810973	0.0524223074	-0.0192289035516211	0.0001541725933406	0.0003697507317975	2.3769188537395944e-08	0.0475824696841016	0.0189591449005775	0.0022640914212384	0.000359449175361	-0.0566985091577407	-0.0543826616059276	0.0032147209407104	0.0029574738833448	0.0030748668739688	-0.0008789994890878	7.726401018167886e-07	9.45480629263066e-06	0.0014637527835801	7.128874326999598e-07	2.142572211438491e-06	5.082084917015398e-13	-0.0004872513448232	1.6431153403999484e-06	2.3741387303201697e-07	2.699828021857638e-12	0.0	0.0	0.0	0.0	0.0	0.0	0.0	0.0	0.0	0.0	0.0	0.0	0.0	0.0	0.0	0.0	0.0	0.0	0.0
952974.4670841522	-144.48350394226145	20875.48291143348	908160334914.324	1508545.3869609165	5684.344781839522	2275709184521.061	32311775.5988262	975063.1601377368	1477.73829976283	950748166257.7898	2183710.48258594	1047906.1498956064	953649.485779932	1.294949	24.24552	0.1290577942551306	0.0709227547228584	-0.0363529177	-0.1263853508	0.0301632474	-0.0207925354	0.0114165903	0.1106270168	-0.0585952622	-0.0214046328	0.0679722148	0.0788921965	-0.0392273735	-0.0215614215	-0.0492633221	-0.0702703285	0.1027390191	0.0144994285	0.0786030572	-0.0675644296	0.0442725748	0.000102752	-0.0171234129	-0.0458046392	0.066142672	0.0035086838	-0.1649803623	-0.0022741236	0.2085140299	-0.0305573924	0.0099273585	-0.1349523751	0.0732959975	0.1402457887	0.0444434927	0.0515480845	-0.0528332248	0.0582345181	-0.0842825507	0.0242710933	0.1418408338	0.0163878012	-0.092343107	-0.043906646	0.0466087578	0.0197173797	-0.0246356296	0.282363704	0.119038963	0.0306279475	-0.0324800413	-0.1129005906	0.0381008082	0.0833904784	0.0612801592	-0.0074750848	-0.0570480929	0.0863860117	0.0155085149	0.0129940485	0.0394942006	-0.0731063343	-0.0285798825	0.0759792812	-0.0725328104	-0.0222153972	0.0147438953	-0.1801263497	-0.1852226726	-0.0079996151	-0.0931280383	0.0176753952	-0.1101080508	0.0087883363	0.0835337421	0.0406740044	0.0635021939	-0.0687983265	0.0066466907	-0.2161854767	-0.151381726	-0.0491392426	-0.020606516	-0.0117684481	-0.0020241001	-0.0026950287	-0.0168416858	-0.015191917	0.0743263077	0.1126123922	0.03030492	-0.091580221	0.1325981985	-0.0865020838	0.0059334766	-0.0287630431	-0.0431673663	0.0206629909	-0.1379294373	0.0035908217	0.0503998114	-0.0296503311	0.0337861748	-0.0261296015	0.0308558068	-0.1318615574	0.0069215671	0.1069103263	0.0825001988	0.0458586883	0.0100559506829682	0.0292848542345893	0.0001011221441382	0.0008576026875411	0.0280546467586617	-0.0195278229254399	0.0007870632047532	0.0003813358682073	-0.0026250226481892	0.0540734865095514	6.890743903506241e-06	0.0029239419432986	0.003074734079759	-1.3279420979983236e-07	1.7634302156361882e-14	9.453989661231425e-06	0.0009417556483473	-0.0005219971352328	8.869037011940433e-07	2.724810091912501e-07	-0.0004859486625548	1.3026822683999883e-06	2.361461026387989e-07	1.6969810924037392e-12	0.0	0.0	0.0	0.0	0.0	0.0	0.0	0.0	0.0	0.0	0.0	0.0	0.0	0.0	0.0	0.0	0.0	0.0	0.0
950829.6358978944	-2144.8311862577684	4600300.817543906	904076996501.7224	1501539.2142435985	-7006.172717317939	2254620011911.283	49086456.14489024	974871.413507109	-191.7466306277784	950374272873.3488	36766.77035710567	1048446.5650162264	935344.916015625	1.361786	25.496916	0.1483196533724786	0.0745683566238344	-0.0593666991	0.091338223	0.0275983019	-0.086314786	-0.1526087822	0.0100156149	0.0791192417	0.0687173024	-0.0124613416	0.0450285638	-0.0193639841	-0.1193647599	-0.0790943244	0.0858509685	0.0251422528	-0.0406189307	0.120129721	-0.0122497533	0.0036912368	0.0665235199	-0.0468651312	-0.0099496424	0.0291592588	-0.0899317905	-0.0164959887	0.0421384475	0.0390419933	-0.0670937945	-0.0488276873	-0.0125524537	0.1215173465	-0.073132611	-0.004474548	0.0694226455	-0.0575557678	-0.0545304316	0.0639044142	0.0447367536	-0.0400905682	0.0462064427	-0.0793914537	0.0510241713	0.010215668	0.0640232217	0.027538284	0.0122913907	0.0366028376	-0.1087770729	0.050102876	-0.1001679783	-0.0697776862	-0.059324744	0.0377814266	-0.0532545515	-0.0498233902	0.1241773064	0.0930006415	-0.0743554348	-0.0531207191	-0.12638435	0.0356580025	-0.0442777608	0.0670472377	0.0371950953	-0.0584468446	-0.0003774786	-0.1128131905	-0.0123391251	0.0228277597	0.044305937	0.0072494705	0.0417634601	-0.0264186722	-0.1307121594	-0.0606130229	-0.1208333475	-0.0182990462	-0.0041086357	-0.067475389	-0.02458825	-0.0110187537	0.0389371743	0.0632284843	-0.114082333	-0.0190814953	0.0620417602	-0.1017601368	0.040530219	-0.0401873323	0.0226500687	0.0453194731	0.0704864287	0.0120787041	0.03266955	0.0958642376	-0.1895745876	-0.1387626421	-0.0264704767	-0.0175654282	-0.1032380857	0.169315593	0.0016616955	0.0634513958	-0.0513525264	-0.0054649559	0.105973176	0.0790446912	0.0391140859	0.0094395007576935	-0.0006164499252747	8.910417455449616e-05	3.8001051037118373e-07	-0.0098052504252734	-0.0378598971839351	9.61429359023242e-05	0.0014333718147781	0.0033279302866446	0.0059529529348338	1.1075119992766411e-05	3.543764864434635e-05	0.002193958963123	-0.000880775116636	7.757648060851598e-07	4.813455931867749e-06	0.0004217103215851	-0.0005200453267622	1.778395953314085e-07	2.704471418872034e-07	0.0001910379606157	0.0006769866231705	3.649550239620574e-08	4.5831088795179654e-07	0.0	0.0	0.0	0.0	0.0	0.0	0.0	0.0	0.0	0.0	0.0	0.0	0.0	0.0	0.0	0.0	0.0	0.0	0.0
951522.07809945	692.4422015555901	479476.2024951525	905394265110.6958	1505682.3729363207	4143.158692722209	2267079408171.1494	17165763.953079604	974193.6924614928	-677.7210456161993	949053350431.7576	459305.8156711144	1047192.537200152	922444.7566082728	1.352261	25.318588	0.1791709080793685	0.1141320865908037	0.1185181762	0.0491765715	-0.0884404904	-0.2013621621	0.0472763244	0.0030116329	0.0413963908	-0.0512554681	-0.1164001626	-0.0194729287	0.0679181576	-0.03859795	-0.070753587	-0.0144485349	-0.0055884155	-0.1536795121	0.0337486001	0.0617486117	-0.0499126578	0.0620064526	0.0952398295	-0.1413513339	0.0042992113	0.064513167	0.0012697646	0.053465069	-0.0354421795	-0.0159425299	0.0221200134	-0.1216587271	0.0218144073	-0.0115531093	-0.0624179521	-0.0687170577	-0.1069802571	0.0464958786	-0.0797911562	0.0473239175	0.1399821341	-0.1436149489	-0.002215486	-0.1278187485	0.2077371575	0.0654053863	0.0972858046	-0.1329752222	-0.0788671746	0.0199898718	0.0113731013	0.088840637	0.073972681	0.0030272632	-0.126916929	-0.0580960861	-0.0755710785	-0.0548151102	0.0655653159	-0.1055067804	0.0358724086	0.0426100576	0.1624221876	0.103371683	-0.0561037096	-0.0440605765	-0.007941538	0.0295160581	-0.0054691321	0.0454257978	0.0064615871	0.107796666	0.1160283763	0.0810085285	0.0439426483	0.1362901944	0.0499234799	0.0066168321	0.1000003213	-0.0244646219	-0.0815896799	-0.0286396727	0.1293654408	0.0715296909	0.1593777268	-0.1726117914	0.129855353	0.0570764782	0.0121992489	-0.0249668987	-0.1815198564	0.0194067899	-0.0574888645	0.0415826153	0.0808796409	-0.1282787759	0.1357661037	0.0040338657	-0.0493822396	-0.0812095309	-0.0948823561	-0.0158147098	0.1032534879	-0.1898115721	0.0132680276	-0.0440937611	0.1562775868	0.1049895425	0.0754505123	0.032215118	-0.0190055355225808	-0.0284450362802742	0.0003612103805	0.0008091200889861	-0.0102036649853403	-0.0003984145600669	0.000104114779133	1.587341616733019e-07	0.0022864418536272	-0.0010414884330174	5.227816350018186e-06	1.08469815610904e-06	0.0001059897131151	-0.0020879692500079	4.3596155889785525e-06	1.12338192862212e-08	-0.0001280083605568	-0.0005497186821419	1.6386140372439712e-08	3.021906294958274e-07	-0.0001569934833547	-0.0003480314439704	2.4646953815842468e-08	1.211258859921217e-07	0.0	0.0	0.0	0.0	0.0	0.0	0.0	0.0	0.0	0.0	0.0	0.0	0.0	0.0	0.0	0.0	0.0	0.0	0.0
952767.8563853694	1245.7782859194558	1551963.5376684174	907766588161.172	1501331.1911430256	-4351.18179329508	2253995345498.936	18932782.998302583	976688.7270068128	2495.0345453199698	953920869462.1884	6225197.382340028	1048564.2339012572	926914.7822006008	1.347495	25.229343	0.088260088597439	0.0488096178186267	-0.105012427	-0.0702420312	-0.036425236	-0.1794408228	0.0018938424	-0.0560643416	0.0016222952	0.0551050154	0.083939324	-0.0274356271	0.0305038999	-0.0295252333	0.0706722526	0.0107106144	0.1530021032	-0.0401145481	0.1194293364	0.0308759104	-0.0916815092	0.1048277874	0.0998137774	-0.099828903	0.038198768	-0.0257132155	0.1011656637	-0.0035929272	-0.0869157099	0.0479497092	-0.0062867019	-0.0225016158	-0.1731179312	-0.0071050812	-0.0238565244	-0.0026400823	0.0993175079	0.1006299291	-0.0156874746	-0.16503607	0.0622537521	-0.0063901539	-0.0321592953	-0.0283582467	0.0328032581	-0.0113240439	0.0871579974	-0.0215461219	-0.0438593748	-0.0163733893	0.0458390546	0.0031900927	-0.069767592	0.0095747868	0.0963708294	-0.0719764887	-0.0831046554	0.0427911176	0.1222757163	-0.1395304031	0.0148112371	0.1031507245	0.0965033502	-0.0419605575	-0.1095127087	0.00770768	0.0441696035	0.1610115708	0.0626511293	0.0966270183	0.004460069	-0.0239320767	0.0812749582	-0.1527794076	0.0520418398	-0.0314410768	-0.0270846337	0.0283423726	-0.0279068717	-0.1199098026	0.0151745902	0.1156483392	-0.0664099961	0.0701888835	0.1580105557	-0.1559220991	-0.1244255857	0.0333935986	0.0046020975	0.0992082196	-0.1100109241	0.0008529334	-0.0637063724	0.0996436801	0.0216337402	-0.0803603291	0.0523276429	0.054661692	0.0411969588	-0.0156281937	-0.0954796458	-0.0674386112	0.0948218073	0.014996402	-0.0422357748	-0.0661340268	-0.160747563	0.103959857	0.0717239676	0.0251890118	-0.0188880911721724	0.0001174443504083	0.0003567599881282	1.379317544285058e-08	-0.0172761768160967	-0.0070725118307564	0.000298466285381	5.002042359618927e-05	-0.0357857393339031	-0.0380721811875302	0.001280619139674	0.0014494909803761	0.0002579946901656	0.0001520049770505	2.3105513048123038e-08	6.656126015364395e-08	0.0003960032559096	0.0005240116164664	1.5681857869100419e-07	2.745881741917296e-07	2.6948947703278768e-05	0.0001839424310579	7.26245782314054e-10	3.383481794351928e-08	0.0	0.0	0.0	0.0	0.0	0.0	0.0	0.0	0.0	0.0	0.0	0.0	0.0	0.0	0.0	0.0	0.0	0.0	0.0
953395.0612061296	627.2048207601765	393385.8871848052	908962142732.2396	1501524.326356132	193.135213106405	2254575302639.2363	37301.21054165647	974909.0061833533	-1779.72082345956	950447570337.4136	3167406.2094555744	1045481.3664981618	933586.909135752	1.308898	24.506681	0.056871506325662	0.0332228681233433	0.0029287061	0.0832221417	0.0751333001	-0.1434039879	-0.0556233838	-0.1185344199	0.0723888935	-0.0313452116	-0.0187163966	-0.0900956006	0.0142535247	-0.0443866052	-0.085662661	0.0877184947	-0.0014091231	-0.1382101484	0.1649610448	0.0561657469	0.0165324835	0.0182834614	-0.0570427174	-0.1413779997	0.0078998806	-0.1131389605	-0.0275804176	-0.0914251614	-0.0364532481	-0.1217389433	-0.0235060692	-0.0095489738	0.0419938007	-0.1138853425	-0.0351930444	-0.0092667637	0.0459811081	0.0412187892	0.0423632061	-0.0710642849	-0.0322227836	0.0561761341	0.0104372499	-0.083110388	-0.0301260107	0.0480662187	0.0876687856	-0.0336158752	0.0496153387	-0.0360629149	-0.1665409041	0.1382326939	0.1080634246	-0.0914320086	-0.0431717502	-0.0006778956	-0.1555488329	0.0131501617	0.0916687482	-0.057565544	0.0839314145	-0.0897855262	0.0965137903	0.0397443056	-0.0521032578	0.0624655915	-0.1061323415	0.0445357892	0.0473028553	0.0039188814	-0.17277461	0.0262047501	0.0502130496	-0.0666432344	0.0119534205	0.0313066565	-0.0637353656	0.0572755938	0.0723713642	0.0880580876	0.1100475879	0.0592721406	0.1041605711	0.0756773229	0.1827349645	-0.1623952503	0.0523220625	0.0137844052	-0.1149212828	0.0012025617	-0.0722614125	-0.0089949096	-0.024900069	0.168360056	0.0034089506	-0.061280447	0.0376030333	0.0155597878	-0.0216961943	-0.0122199268	0.0018893641	0.0758420337	0.0883272577	-0.0119063672	-0.0979304928	-0.038312941	0.0404358926	0.1028845713	0.0678715947	0.0180634961	-0.0190560820383041	-0.0001679908661317	0.0003631342626505	2.8220931103679052e-08	-0.0191312743668987	-0.0018550975508019	0.0003660056589015	3.44138692299157e-06	-0.0114347332802822	0.0243510060536208	0.0001307531251911	0.0005929714958234	0.0001059998978794	-0.0001519947922862	2.3102416882125093e-08	1.1235978350443228e-08	-6.001538324307276e-06	-0.0004020047942339	3.6018462258128986e-11	1.6160785458704616e-07	-2.899970287876267e-05	-5.594865058204144e-05	8.409827670565158e-10	3.130251501951366e-09	0.0	0.0	0.0	0.0	0.0	0.0	0.0	0.0	0.0	0.0	0.0	0.0	0.0	0.0	0.0	0.0	0.0	0.0	0.0
952899.865319035	-495.1958870945964	245218.96659540423	908018153325.035	1504692.667052729	3168.340696597006	2264100022282.255	10038382.769712802	974229.3354931872	-679.6706901660655	949122798135.4972	461952.24707081576	1047141.0753137482	954264.3792737091	1.309081	24.510105	0.1170604929014344	0.0574286339566168	0.1597538381	0.0194339477	0.0357560546	-0.1203492333	-0.1710744842	-0.0627508843	0.0485058422	-0.061568211	-0.0661416033	0.0253741178	0.0373335122	-0.0293674066	0.0280465477	-0.0298682843	-0.0547773052	-0.1869800396	0.0172880786	-0.0183877078	-0.1156082327	0.0478090769	0.0660833602	-0.0503173493	0.0627309208	-0.0102800747	0.0382993334	-0.026140321	-0.0414892757	0.0357592949	-0.0151061682	0.0136588168	-0.0027497614	0.0521356839	-0.0023640698	0.0885252669	-0.1235236087	-0.0486943563	0.0130088601	0.0664148048	-0.0461533467	0.1460599409	-0.0003609775	-0.1151533375	0.0075011218	-0.0078724716	-0.093149315	0.0498142429	0.0480052628	-0.0319375193	0.0573435676	-0.1324854015	0.0699742788	-3.7339e-05	-0.1374986987	-0.0319744087	-0.0557847708	-0.0176985553	0.1285605678	-0.0587305455	0.0257668483	0.0433534374	0.0342126185	0.0165495987	-0.0331798901	0.0772005311	0.0898404531	0.040986958	0.0101084373	0.0214694618	0.0068425007	0.1070300443	0.0958506444	0.0112603472	0.0608048288	0.0575529688	-0.0375917465	-0.0651632605	-0.0178838308	0.051772334	-0.0205321443	-0.1159939814	0.0597941184	0.0580490324	0.1246818662	-0.1610544817	0.0479057879	0.090125907	0.0967403421	-0.0484542694	-0.0158479906	0.0676955953	0.023846513	0.1355966746	0.0256471197	0.0252743868	0.0082526058	-0.0656906117	0.1195084516	-0.0492971094	-0.1324997414	0.0482325217	0.0185374636	0.0613477872	0.0045581077	0.0845760352	0.0079265737	0.1017641571	0.063900152	0.010866692	-0.0189776186547163	7.846338358780125e-05	0.0003601500098038	6.156502564046439e-09	-0.0101822550358292	0.0089490193310694	0.0001036783176146	8.008494698785558e-05	-0.0333101980362471	-0.0218754647559649	0.001109569293214	0.0004785359582894	0.0008376284737804	0.000731628575901	5.352803730749253e-07	7.016214600876822e-07	0.0005312976802249	0.0005372992185492	2.822772250123601e-07	2.886904502535888e-07	-0.0004832228170448	-0.000454223114166	2.3350429091271227e-07	2.0631863744269297e-07	0.0	0.0	0.0	0.0	0.0	0.0	0.0	0.0	0.0	0.0	0.0	0.0	0.0	0.0	0.0	0.0	0.0	0.0	0.0
954417.9910907494	1518.1257717143744	2304705.858743365	910913701717.7018	1508682.7503369271	3990.0832841980737	2276123641164.195	15920764.614836885	974945.033545616	715.6980524287792	950517818435.2622	512223.7022503476	1048289.8452768984	955053.112420517	1.173376	21.969284	0.1117135040540314	0.0504870279504624	0.1128218636	-0.0172203772	0.0378081971	-0.1329124084	-0.0133360151	0.0170628539	0.0384979861	-0.0725560916	-0.0908770559	0.0252791836	-0.0060208945	-0.0187151737	-0.0272564937	-0.0836803477	0.0008328375	-0.1734466458	0.039140632	0.0076506971	-0.0549452454	0.037517982	0.063355161	-0.1296269254	-0.0168690397	0.0529397003	-0.0304720447	-0.0427608378	-0.0380114703	-0.0630979565	0.1361439147	-0.056133156	0.0290933663	0.0776826653	0.0468092532	0.0852275386	-0.0246178258	-0.0762087733	-0.0666345484	0.0114854077	0.0429743818	-0.082100332	-0.0221247847	0.056753615	-0.0715629516	0.0492950436	0.1419104926	-0.0871423736	0.0787435866	-0.067122093	0.0506881884	-0.0739099574	0.1752790127	0.0418798263	-0.1316532509	-0.0394019806	-0.0940879376	-0.0543672357	0.059837171	-0.0876355745	0.0219611085	0.0630472057	0.1293870167	0.1053273916	-0.072022056	-0.0360410963	-0.006301576	-0.0672562368	-0.0200002675	-0.0011455028	-0.0420962724	-0.0362809406	0.0119053818	-0.0422148701	0.2049093633	0.0439665112	0.0165775101	0.0592419119	-0.026734248	0.1664333093	-0.0522649502	0.0001386879	0.0663182287	0.0704892314	0.1235454832	-0.1535544345	0.0915287462	0.0156386663	0.0497249568	-0.0604991436	-0.0703913065	-0.0157114318	0.0128836934	0.0295348713	0.0270791007	-0.1333354684	0.0855246016	0.0507599002	-0.0611179954	-0.0011770427	0.0132880774	0.0137012775	0.0202368058	-0.0260044791	-0.0024235058	-0.0398666668	0.0114765422	0.1005991057	0.0598166067	0.003627002	-0.01887735148253	0.0001002671721863	0.0003563543989949	1.0053505818237342e-08	0.0110529488690644	0.0212352039048936	0.0001221676787021	0.0004509338848824	-0.0088879305648248	0.0244222674714223	7.89953097251469e-05	0.0005964471484456	0.0003150006469535	-0.0005226278268269	2.731398453738083e-07	9.922540758112357e-08	0.000213999327886	-0.0003172983523388	4.579571233565973e-08	1.006782443969807e-07	-4.033686100015526e-06	0.0004791891309447	1.6270623553458464e-11	2.2962222321561777e-07	0.0	0.0	0.0	0.0	0.0	0.0	0.0	0.0	0.0	0.0	0.0	0.0	0.0	0.0	0.0	0.0	0.0	0.0	0.0
953719.5523872322	-698.4387035171967	487816.6225707826	909580984605.7024	1515164.3300412735	6481.579704346368	2295722947029.4214	42010875.46379475	977078.2322645142	2133.198718898231	954681871965.148	4550536.774309055	1051705.530322372	940660.8594623714	1.190592	22.291634	0.0447125024456443	0.024371194996926	-0.0359439844	-0.1051947091	-0.0512222003	-0.1307488272	-0.0008627112	-0.0094785599	-0.0652448071	0.0655380465	0.074472803	0.0743325043	-0.036839784	-0.0957833064	0.0245257499	-0.0150720059	0.1187081744	-0.0471491506	0.1173935254	-0.0236231603	-0.1227209784	0.0382298414	0.0761174874	-0.0396019909	0.0478004353	-0.0017261991	-0.0199239198	-0.0066751276	-0.0772300947	0.0998803139	0.0676634467	-0.0329731169	-0.0076602857	-0.0099825122	-0.0864136203	0.0295440936	0.0451797304	-0.0624910669	0.0506586195	-0.0226250665	0.0055337412	-0.0506475155	0.0287499644	0.0243772056	-0.1720475071	0.0492982865	-0.0454590304	-0.0224085957	0.0254953704	0.1686440498	0.1371448116	0.1328864958	0.0194022233	0.0547411573	0.0924464369	-0.0760683732	-0.049721806	0.053827275	0.137594355	-0.0850143995	0.0543800912	0.050561749	0.0442325902	0.0321047928	-0.0582828531	0.0888500952	0.0833036751	-0.0170766846	0.0636525145	0.0543098693	0.0647909826	-0.0216263798	0.0112772924	-0.0099734277	0.0268872194	-0.1415096067	0.0052273988	0.0009274892	-0.1367610239	-0.0722962696	-0.0634804206	0.0255923512	0.0870012047	0.0677940369	0.117634577	-0.1425574585	-0.1149578877	0.0235901875	0.0892923771	0.0644489878	-0.072278975	0.015859709	0.0106223365	0.0470956003	0.0383578658	-0.0166746743	0.0332485015	0.0741285978	0.0752977849	0.0348107765	-0.0238848708	-0.016003436	-0.0074828059	0.0521824735	-0.0680134349	-0.0443490328	-0.0194296028	0.0993899282	0.0556281227	-0.003627002	-0.0187709595903697	0.0001063918921602	0.0003523489239432	1.1319234717448446e-08	0.0026000862374928	-0.0084528626315716	6.760448442399465e-06	7.145088666821957e-05	-0.0089972004297465	-0.0001092698649216	8.094961557303059e-05	1.193990338000632e-08	0.0004669474307018	0.0001519467837483	2.3087825091452647e-08	2.1803990303901238e-07	0.000606040229014	0.000392040901128	3.6728475918334165e-07	1.536960681572543e-07	0.0001728581901635	0.0001768918762635	2.987995390660073e-08	3.129073588802689e-08	0.0	0.0	0.0	0.0	0.0	0.0	0.0	0.0	0.0	0.0	0.0	0.0	0.0	0.0	0.0	0.0	0.0	0.0	0.0
957182.706530984	3463.154143751832	11993436.623385483	916198733681.98	1506416.7865144878	-8747.543526785681	2269291534692.636	76519517.75301006	977396.2057908768	317.9735263625625	955303343094.402	101107.16346744326	1047508.6141351216	926195.485697054	1.242923	23.271433	0.0836992317227298	0.0493157735202624	-0.1101964198	0.0446242511	0.0053494711	-0.0689222045	-0.0079838449	-0.12339149	0.0671559528	0.0852713801	0.0159735084	-0.0953676084	-0.0446925392	-0.1075567236	-0.0859074943	0.0667770509	0.0894964195	-0.0574120999	0.1516185271	0.0052195804	-0.0143140021	0.0780456983	-0.0536662942	-0.1470289964	-0.0575098316	-0.079924867	-0.0436704233	-0.1147808441	-0.093664339	0.0133622384	-0.0945304464	0.0064737936	0.0055857999	0.0347914703	0.0504866828	-0.034506737	0.1371546339	-0.056249861	0.1502392942	-0.0259967368	0.0335028257	-0.0438723549	0.0764839881	-0.0453530007	0.0698236032	-0.104223834	-0.0431434043	-0.0448811933	-0.0089364952	0.1019160078	0.0044759672	-0.1028050235	0.1207675826	-0.0817573682	0.0811058777	-0.016890833	-0.1484603099	-0.0049353586	0.0627091069	-0.0550753911	-0.0048443536	-0.0479456317	0.1835909476	0.0271768788	-0.0854795069	0.0078621171	-0.126069896	0.0397196546	-0.023729596	-0.0615862029	-0.0035927021	0.0403587506	0.0011135808	-0.0911380663	-0.0326342383	-0.0839132834	0.1994717059	0.0894068474	-0.0710111573	0.0163758323	0.1207942786	-0.06872697	-0.0559549218	0.0697146281	0.1422036822	-0.1499755499	-0.0240379371	-0.0601302101	-0.1180204536	0.0402605623	0.00699401	-0.0612957894	-0.0387315107	0.0501583869	0.0700388866	-0.1309587783	-0.0282624557	0.0061802828	-0.0420725214	-0.0018059372	0.0564528567	-0.0200967899	-0.0916071452	0.1068029014	-0.0773911476	0.0512654145	0.0762584373	0.098137155	0.0513420481	-0.010866692	-0.018797894563491	-2.693497312129811e-05	0.0003533608400201	7.254927770450518e-10	0.0408065982531979	0.0382065120157051	0.0016651784609978	0.0014597375604062	-0.0087664794604336	0.0002307209693128	7.685116213020419e-05	5.3232165680683815e-08	-0.0001900017070149	-0.0006569491377167	4.315821695467157e-07	3.61006486685759e-08	0.0006849991357056	7.895890669160001e-05	4.692238159174191e-07	6.234508945932797e-09	4.064959279988459e-06	-0.0001687932308835	1.6523893947964288e-11	2.8491154792094443e-08	0.0	0.0	0.0	0.0	0.0	0.0	0.0	0.0	0.0	0.0	0.0	0.0	0.0	0.0	0.0	0.0	0.0	0.0	0.0
956876.9867625156	-305.719768468407	93464.57683237638	915613567795.7115	1502877.6704220013	-3539.11609248654	2258641292253.061	12525342.716097197	977004.9680465048	-391.2377443719888	954538707587.5518	153066.97262128166	1048168.760019517	946090.0110317612	1.081466	20.248436	0.1796543176624108	0.1061060578406158	-0.0692111783	0.0155125466	0.1651454619	-0.0716853755	-0.0185294439	-0.0927929557	0.0514177785	-0.0526215991	0.0362478621	-0.0955028787	-0.047199484	-0.0126001423	0.0182295732	0.1110098156	0.0548303513	-0.115729405	0.1307293837	-0.0113721382	0.0039532872	0.0075502711	-0.0177094361	-0.0938820108	0.0190570058	-0.0892903738	0.0325704575	-0.0717529968	-0.057856005	-0.0593286011	0.0046334057	0.0365707093	-0.0256400787	0.0512499271	0.0371262576	-0.0193311861	0.111179526	0.0746264736	-0.0569558833	-0.0961889606	-0.1108867865	-0.0207245927	0.1181239013	0.0702505254	-0.1014845107	0.1424844634	0.0014427918	0.0135961635	0.1174039312	0.047235816	-0.0051823043	0.0075292901	-0.094732634	-0.0791210786	-0.0125285183	-0.0640491227	-0.1342009858	0.0942683481	0.0888119815	-0.0065471571	0.0691760077	-0.0357186171	0.0720560665	-0.0590874705	-0.0349067506	0.0563957461	-0.0495672681	0.0647503397	0.0272527858	-0.0168920299	-0.0736234238	-0.012004599	0.05415593	-0.0911131783	0.0257781909	-0.03786544	-0.1038152862	0.0753143366	-0.0166694846	-0.0455305498	0.1056963321	-0.0220722264	-0.2337912528	0.0734951649	0.1329224913	-0.13864889	-0.1106748029	0.0577505079	-0.0606312027	0.0219943938	0.0922830512	-0.010282016	0.009175906	0.1305535025	-0.0651256234	0.0012051029	0.0485659792	0.1226086607	0.0482440697	-0.0220470839	0.0602540495	0.064498337	-0.0828407672	0.082159375	-0.0533029622	0.0079503161	-0.1498049764	0.0968413356	0.0469659021	-0.0180634961	-0.0229655846944467	-0.0041676901309556	0.0005274180803578	1.7369641027665535e-05	-0.0562293777456517	-0.0970359759988496	0.0031617429216631	0.0094159806380493	-0.0385336841676036	-0.02976720470717	0.0014848448155286	0.0008860864760785	0.0005899571794981	0.000779958886513	6.083358646505988e-07	3.480494736413534e-07	0.0006230400795579	-6.195905614769998e-05	3.881789407355144e-07	3.838924638713839e-09	0.000135815953128	0.000131750993848	1.8445973124067093e-08	1.7358324379938772e-08	0.0	0.0	0.0	0.0	0.0	0.0	0.0	0.0	0.0	0.0	0.0	0.0	0.0	0.0	0.0	0.0	0.0	0.0	0.0
953718.731433002	-3158.255329513573	9974576.726400888	909579418686.1748	1511499.787841139	8622.11741913762	2284631608643.808	74340908.78939636	974964.0198089456	-2040.948237559176	950554839922.018	4165469.7083959063	1047631.0807178196	951083.3968997636	1.037027	19.416407	0.114705639747181	0.0601063306276913	-0.0087935561	0.0555026434	0.1448372406	-0.1056743455	-0.0130396547	0.0032509357	0.060923552	-0.0723176411	0.0142825901	0.0049846362	-0.1719719794	-0.0919837494	-0.1264206836	0.0590499521	0.0052255593	-0.0912167105	0.1627365285	0.0934525493	0.1032317353	0.0793124729	-0.0737912739	-0.2035398948	-0.0527979972	-0.1123148702	-0.0242364564	-0.1388761485	0.1017395193	-0.0212271083	-0.0466694797	0.0705425161	-0.0621506243	-0.0084912401	0.0146297879	-0.0267798927	-0.0136646041	0.0047740176	-0.0075190825	0.0982010096	-0.1068419625	0.0632115608	0.0484543522	0.1200754537	-0.0567545183	-0.0368559578	0.0831599742	-0.0989903357	-0.1554841199	0.0599983194	-0.0637904776	0.0090761923	-0.1313863609	-0.052806257	-0.0298467333	0.007270922	-0.1769484111	0.1393139588	-0.0338207198	-0.0724864872	0.0392707175	-0.128618018	0.0970178362	0.0740474927	0.0343575111	0.1268164012	-0.0856690708	0.0294966776	0.0466143182	-0.0560742274	-0.1118394468	0.0113343944	0.0281917067	-0.084626692	0.0436190403	0.0146355797	0.0546408921	0.017535519	-0.0004854493	0.1139339328	0.010056259	-0.0244341683	-0.0805007528	0.0726498212	0.1182553496	-0.1439501193	-0.0059645841	-0.0539134047	-0.1290195916	-0.0107381606	0.0090414928	0.0373624419	0.0827162664	0.0207078117	0.0373766652	-0.0301158481	0.0590393011	0.0936544439	-0.056180805	0.0288850838	0.1052501026	0.1692038579	-0.0146042885	0.0339238111	-0.0668671387	0.0239529798	0.0665040026	0.0955030384	0.0425073619	-0.0251890118	-0.018983324773103	0.0039822599213436	0.0003603666194411	1.5858394081140312e-05	-0.0092787332143586	0.0469506445312931	8.609489006324147e-05	0.0022043630219038	-0.0043804677461736	0.03415321642143	1.918849767526722e-05	0.001166442191929	0.0003690081343953	-0.0002209490451027	4.8818480531839145e-08	1.361670032498998e-07	0.0004249931615445	-0.0001980469180134	1.8061918735958944e-07	3.922258173460641e-08	-3.757846121808559e-05	-0.000173394414346	1.412140747519163e-09	3.0065622926422015e-08	0.0	0.0	0.0	0.0	0.0	0.0	0.0	0.0	0.0	0.0	0.0	0.0	0.0	0.0	0.0	0.0	0.0	0.0	0.0
951460.521413594	-2258.2100194080267	5099512.4917548	905277123808.6282	1502110.551465633	-9389.236375505803	2256336108824.388	88157759.71512136	974998.6865743484	34.66676540276967	950622438821.7043	1201.784623490668	1048110.839372844	940665.7604186636	1.211131	22.676176	0.0441892029035901	0.0264728111029291	0.1110914987	0.0953503522	-0.0088609588	-0.0984781037	-0.0085234105	0.0332261026	0.1023004818	-0.029759315	-0.0559266462	0.0980550845	-0.0331282746	-0.0017085697	0.0728894237	0.0475142055	-0.0611714669	-0.1260902339	0.0113700262	-0.0162657722	-0.1355535058	0.0334228374	0.0302146391	-0.0304100109	0.0808300016	-0.0595350943	0.0021943896	0.0465613225	0.0202827468	0.0614784323	0.0038644049	0.0047560003	-0.0541989588	-0.0279399434	-0.0073152715	-0.0202184363	-0.1811442061	0.0471868984	0.0056103833	0.1237242713	0.0331412683	0.0474601541	0.1311325791	0.0626765009	-0.0408202402	-0.0092589844	0.0065201744	-0.0422783801	0.096710695	0.0032644031	-0.0736143698	-0.1356051291	-0.0324208012	-0.0586508544	-0.096472304	-0.0415835966	-0.021532667	0.0125397936	0.1194336822	-0.0261117691	0.0067525277	-0.0230628657	-0.0330094658	0.0639662079	-0.0210475326	0.1629820255	0.0632278156	0.007757271	0.0055160433	-0.0769073353	0.0963703299	0.0366195392	0.0459990935	0.0852292335	-0.0380818923	0.0330370045	-0.0649967025	0.0362948573	0.0241942706	0.0677339478	-0.0016883881	-0.0781312471	-0.093839007	0.0549258608	0.0867388398	-0.1486192371	0.0513363164	0.1627924729	0.0357165022	-0.036329827	0.0722621261	0.0882850155	-0.0050733755	0.0071921925	-0.0291744005	0.0875188018	-0.0227396143	0.0030511926	0.0960593026	0.0445324017	-0.0651354022	0.1278015012	-0.111164946	-0.0539203473	-0.0429496962	0.0699418187	0.0718278879	0.0941228505	0.0379742494	-0.032215118	-0.0189018996138656	8.14251592374006e-05	0.0003572818090126	6.630056556836043e-09	-0.0326433988758338	-0.0233646656614752	0.0010655914901667	0.0005459076014725	-0.0145473306288437	-0.01016686288267	0.0002116248284248	0.000103365100875	0.0003399938188438	-2.9014315551499973e-05	8.41830506922013e-10	1.1559579685199072e-07	0.0003180066212926	-0.0001069865402518	1.0112821118593513e-07	1.144611979507141e-08	3.794566698266368e-05	7.552412820074927e-05	1.4398736427592127e-09	5.703893940483211e-09	0.0	0.0	0.0	0.0	0.0	0.0	0.0	0.0	0.0	0.0	0.0	0.0	0.0	0.0	0.0	0.0	0.0	0.0	0.0
953595.7672121836	2135.2457985895453	4559274.620394305	909344887244.993	1516233.9727931267	14123.42132749362	2298965460252.0283	199471029.9939016	974986.3522289692	-12.334345379145816	950598387032.7516	152.13607593205575	1050125.9745100876	950440.011155579	1.11529	20.881739	0.1129022734457561	0.064805101590152	0.1115282513	-0.045134484	-0.0158300839	-0.0741584018	-0.0654824826	0.0631313916	-0.0169513844	-0.0872874544	-0.09050292	0.0668796786	0.0191554789	-0.0315028913	-0.0258156385	-0.0783946884	-0.0130003054	-0.1318589734	0.0591958617	0.0365159266	-0.0205549673	0.0652174109	0.0063028871	-0.1461399104	0.0053191885	-0.0951680281	-0.0014669787	0.0443506491	0.0344928875	-0.0757498286	0.0259769413	-0.068531582	0.09473161	0.0133471202	-0.0104555627	0.0857121669	-0.0547702302	0.012447524	-0.045602934	-0.037388743	0.0658047397	0.0337011028	0.0315556133	0.0436413653	-0.0950929272	0.0224537327	-0.0475769749	-0.1286896795	-0.0389152478	-0.0173551678	-0.0166638394	0.104748387	0.0341336802	0.0784867407	-0.118575474	-0.0358857932	-0.0637297637	0.0041848232	0.0210850342	-0.1105908966	0.0164909028	-0.0510294524	0.1036862563	0.0441718754	-0.0777710488	-0.0109474839	-0.0006108985	-0.0445163097	-0.1221302632	-0.0260641136	-0.1221085494	-0.0509655374	-0.0794681169	-0.0604697541	0.0087826444	-0.0259548578	-0.0902690317	-0.0044243278	-0.0707297701	0.0221120164	-0.0239207332	0.1190607023	0.022121062	0.0735605089	0.0760962383	-0.1324637966	0.0608956803	-0.0611718053	0.0674103371	-0.0784486708	-0.075573791	0.0579519299	0.0716532026	-0.0440367783	0.0256802033	-0.1016070636	-0.025992463	-0.0320028975	-0.0288072378	0.0845755355	0.0648721996	-0.0118538888	-0.0585430507	0.0812873096	-0.0214371924	0.0002641046	-0.1141170422	0.0927013771	0.0333745172	-0.0391140859	-0.0037518662698801	0.0151500333439855	1.4076500507064015e-05	0.0002295235103238	0.0248418498488121	0.0574852487246459	0.0006171175039109	0.0033045538209344	-0.0077276613845072	0.0068196692443365	5.9716750473603735e-05	4.650788860214917e-05	0.0001920765768861	-0.0001479172419577	2.187951046837277e-08	3.689341138828188e-08	0.0003179534001884	-5.3221104200020144e-08	1.0109436469136485e-07	2.8324859322694013e-15	-0.0004830303126112	-0.0005209759795938	2.3331828290127362e-07	2.714159713137859e-07	0.0	0.0	0.0	0.0	0.0	0.0	0.0	0.0	0.0	0.0	0.0	0.0	0.0	0.0	0.0	0.0	0.0	0.0	0.0
952592.4500202877	-1003.3171918959124	1006645.3875538992	907432375835.6542	1524443.6831199462	8209.710326819448	2323928543004.3066	67399343.65028588	978599.53021327	3613.177984300768	957657040533.6328	13055055.14623576	1054667.557393791	938276.785186206	1.380722	25.851456	0.1516208374014652	0.0763461065662858	-0.0598136698	-0.0909739064	-0.0751995368	-0.0790555111	0.0438089823	0.0977756071	-0.1225520404	0.0676690474	-0.0022908243	0.1103821487	-0.0619773205	-0.0562897121	0.0542676285	0.013029545	0.1350161886	0.0258835148	0.028712079	-0.0466548865	-0.227806986	0.0452425423	0.1088862084	0.0217051223	0.0227440546	0.0313024908	0.0358251175	0.0359736574	0.0859352845	0.0469565324	0.0298741894	0.0178421658	-0.0317656308	-0.0090332368	0.0190623359	-0.0313168754	-0.037476389	-0.0235468941	0.0061926112	0.0181495267	-0.0408998863	-0.0061610909	-0.0205686336	0.186348555	-0.0675916479	-0.0734821825	0.0396072979	0.0309770063	0.0441719695	0.1036146942	0.0813072838	0.0508067111	-0.1773148882	0.0588039947	0.0922738333	-0.1406669782	0.0482713059	0.0239027105	0.100684584	-0.0829031984	0.009451204	0.0765163973	0.0258790148	0.0644784357	0.0356867073	0.1139560292	0.1785643725	-0.0876932415	0.0228540595	0.0477916212	0.0213354915	-0.0348228122	-0.0628411743	0.0392163723	-0.0303286469	0.028882357	-0.1401634199	0.0323950715	-0.0771239225	0.044040966	-0.0032220092	0.0033135205	-0.0639081101	0.0614446548	-0.0016301255	-0.1187656775	-0.1437912253	0.1104779845	0.104198242	0.0679595716	-0.0200776119	-0.0590020359	0.0068514498	-0.0928724869	0.0133913467	0.144367949	-0.0445026745	0.0019190782	0.1734107708	0.0898329006	-0.0755498508	-0.0064393961	-0.0496559414	-0.0811739319	-0.0108468739	-0.055840775	-0.0349612417	0.0912392418	0.0287162347	-0.0458586883	-0.0189485782820071	-0.0151967120121269	0.0003590486189093	0.0002309400559795	-0.0250172025959329	-0.049859052444745	0.0006258604257259	0.0024859251106878	-0.007716213842599	1.1447541908200104e-05	5.953995606471642e-05	1.3104621573999768e-10	0.0010369619686326	0.0008448853917465	7.138313251866368e-07	1.0752901243903971e-06	0.0002436705172557	-7.42828829327e-05	5.93753209796604e-08	5.5179466967932116e-09	0.0003288739207633	0.0008119042333745	1.0815805575822532e-07	6.591884841714347e-07	0.0	0.0	0.0	0.0	0.0	0.0	0.0	0.0	0.0	0.0	0.0	0.0	0.0	0.0	0.0	0.0	0.0	0.0	0.0
953661.2438996248	1068.7938793371432	1142320.3565085398	909469768116.1796	1512854.360596361	-11589.322523585057	2288728316375.425	134312396.55567586	977495.234893365	-1104.295319905039	955496934239.2347	1219468.1535641723	1050647.8144488698	925789.7722732138	1.321346	24.739746	0.0544329505423102	0.032317850379862	-0.1009083412	0.074733499	-0.0380231503	-0.0438147021	-0.0563984267	0.01490939	0.0348197762	0.0751548517	-0.0352026734	-0.0009551164	-0.013097855	-0.0811173208	-0.0908793282	0.1143934015	0.0690045268	-0.0192660054	0.0854177184	-0.0326465192	-0.087113451	0.0801899705	-0.0852084898	0.0105827904	0.0099315139	-0.0704961335	0.0800562034	0.1050819778	-0.0064343615	-0.0114568778	-0.1126021743	0.0174930383	0.0156295145	0.0302343083	0.0997506114	-0.0192100373	-0.144836414	-0.1353437132	-0.0366062149	-0.1035373691	-0.0238732552	0.048287837	0.0685801778	-0.0206135562	0.0160042086	-0.0163172419	-0.0219422469	0.0579001657	-0.1181895608	-0.1037595206	-0.025112022	0.019497118	-0.0468281263	-0.0780689221	0.0661222439	-0.084963603	-0.0366979447	0.0360320648	0.0888088731	-0.0483421698	-0.0532570763	-0.1132618825	0.0618268356	-0.040055884	-0.0353663897	0.0396847562	0.026850045	0.0268247203	-0.116316557	0.062717078	0.0407683962	0.0162874633	-0.0879180713	0.0132027513	-0.2023640737	0.0209042297	-0.0698836303	-0.1151979467	-0.0817902785	0.0021053255	0.0482417576	-0.1215474503	-0.0103786192	0.0684790457	0.003811388	-0.1200023562	-0.0965992631	-0.0599840497	-0.1239937239	-0.0300875782	-0.0140936711	0.0635428293	-0.0157828813	-0.1200835552	-0.0413829622	0.0402887852	-0.0784663982	-0.1398528048	-0.0517263059	0.0674733877	0.0566899525	-0.0606632279	-0.0542449057	0.1000619446	0.1276853808	0.0534615506	-0.0051453723	0.089737086	0.0240075741	-0.0524223074	8.720244231597007e-05	0.019035780724323	7.604265945870088e-09	0.0003623609477845	-0.0249731900877776	4.401250815529861e-05	0.0006236602231602	1.937100874120227e-09	-0.0075851796424188	0.0001310342001802	5.753495020776459e-05	1.7169961616864736e-08	0.0010290001026624	-7.961865970199968e-06	6.339130972742827e-11	1.0588412112792295e-06	-0.0001239999869231	-0.0003676705041788	1.5375996756928974e-08	1.3518159964309298e-07	6.382871926596985e-08	-0.000328810092044	4.074105403133991e-15	1.0811607663000615e-07	0.0	0.0	0.0	0.0	0.0	0.0	0.0	0.0	0.0	0.0	0.0	0.0	0.0	0.0	0.0	0.0	0.0	0.0	0.0
953717.0365674476	55.79266782279592	3112.821782784847	909576185838.994	1514366.9863123316	1512.6257159705274	2293307369232.694	2288036.556615351	978807.9771549172	1312.742261552252	958065056142.101	1723292.2452653209	1052422.4029876995	923188.1229250544	1.213669	22.723701	0.0888630832828525	0.0490302684696797	0.0577749269	0.109651847	-0.1069822227	-0.0498445397	0.1873938147	0.0142893371	0.0421243693	-0.0229476968	-0.095660991	-0.0428290206	0.0452170397	-0.0728732457	-0.0403725593	0.0111917979	0.0059405558	-0.1679839751	-0.0488446261	-0.0525273871	-0.1825244887	0.0037882977	0.0538974818	-0.0821177827	-0.0601041264	0.0904763845	0.0129603424	0.0403657978	0.0320054511	0.043609811	0.0206249509	0.0614590193	-0.0503034373	0.0156108881	0.028271672	-0.0453146322	-0.0150995149	-0.0777138281	0.0603350629	0.1492604416	0.0240600134	-0.0680479914	-0.0311546185	0.0252565995	0.0104824169	-0.1126565868	-0.0223915493	0.021132195	-0.0553819937	-0.0412524644	-0.098453855	-0.1158368756	0.1364601594	-0.0187632209	-0.0992987229	-0.1054586467	-0.045744693	-0.1229103191	0.108037266	-0.0194740259	-0.0327813603	0.080392781	0.0995853331	0.1094164054	0.0245759171	0.0552824214	0.1044947076	-0.0035289743	0.0201851069	-0.0455665841	0.0178471959	-0.0489412066	-0.0060962297	0.067595418	-0.0162230398	0.0073962189	0.0150677511	-0.0268182188	0.0703753049	0.0818866693	-0.0270564701	-0.1155206776	-0.0319061522	0.0722346256	-0.0015535865	-0.1175995448	0.0412829326	0.0807183106	-0.0057101215	-0.0975523574	-0.0270951239	-0.0428662707	-0.0819349225	-0.1892685975	-0.0197262246	0.0093575312	-0.0539537906	0.0022861309	0.154645574	0.0870463498	-0.0592809727	-0.0505391368	-0.0165485311	-0.1181934123	0.0692360962	0.0021341931	0.0196006704	0.0881955685	0.0192567962	-0.0587790397	0.0020236408078488	0.0019364383655328	4.095122119190944e-06	3.7497935435074575e-06	-0.0134363965338479	0.0115367935539297	0.0001805367518147	0.0001330976055059	0.0210078770818995	0.0285930567243183	0.0004413308994881	0.00081756289284	0.0002800115371078	-0.0007489885655546	5.609838713315374e-07	7.840646091347287e-08	-0.0001939839067737	-6.998391985059998e-05	3.762975608718753e-08	4.897749037655202e-09	0.0001170272360955	0.0001169634073762	1.36953739881519e-08	1.3680438665058878e-08	0.0	0.0	0.0	0.0	0.0	0.0	0.0	0.0	0.0	0.0	0.0	0.0	0.0	0.0	0.0	0.0	0.0	0.0	0.0
956665.5918984592	2948.555331011652	8693978.540037233	915209054722.4292	1531248.1789083558	16881.192596024135	2344720985410.156	284974663.46406007	978867.5616484004	59.58449348318391	958181703247.485	3550.311863647585	1054623.2061319898	937060.8494031786	1.369104	25.633934	0.1627565791729567	0.0849651800052372	0.029627162	-0.1498588793	-0.0807358251	0.0145999849	-0.0172201985	-0.0191399138	-0.1894178751	-0.0482111952	-0.0006971456	-0.0166790594	0.07421771	-0.0218110756	-0.0673027846	-0.0915145768	0.1337772591	-0.0633287337	0.0563353411	-0.1053661532	-0.001628879	-0.020761714	-0.0398590111	-0.0134451589	0.0881644706	-0.145608669	0.0091697102	-0.0029713314	-0.0249147288	0.0295897426	-0.0087232861	0.056212253	-0.1875708578	0.0231176458	0.073012114	-0.0057335124	-0.0435893264	0.0057821296	-0.2012943665	-0.0657562867	-0.148556145	-0.0746109528	-0.0137008007	-0.1526747092	-0.0314295009	-0.0576703407	0.0124453142	-0.027494258	-0.0905245203	-0.0087190026	0.0641244715	-0.0315514153	0.0450993612	0.1553451903	0.0321937853	-0.0848599175	-0.0282634022	0.0419785534	0.1427383869	0.0426984553	0.1003777192	-0.0965048632	-0.0221473096	-0.0470789093	-0.0908327015	0.0440182183	-0.0020126902	0.0955045906	0.0065777955	0.0642147211	0.0021523691	-0.0542942118	-0.014890444	-0.0706942615	-0.0407321377	0.2320714904	0.0769473982	-0.0525922261	0.0930687709	0.0469801343	0.0488383242	0.0989445771	0.0046293049	0.0688102471	0.0293101252	-0.1036207643	-0.0835769739	-0.0650233982	0.110304653	-0.0958506793	-0.1017771367	0.0724551732	0.0292413925	-0.0296069565	-0.1219432165	0.0896001713	-0.1909358929	0.0568755595	-0.0821063779	-0.0376079743	0.2016358558	0.029267563	-0.0921939576	0.0315056604	0.1639642706	0.0971753126	-0.0181638677	0.0866153656	0.0144722352	-0.0649037979	-0.0100720752505054	-0.0120957160583542	0.0001014466998518	0.0001463063469643	-0.0851428539389331	-0.0717064574050852	0.0072493055768664	0.0051418160335872	-0.0120775776601078	-0.0330854547420073	0.0001458678821359	0.0010946473154854	0.0006959795590734	0.0004159680219656	1.730293952979739e-07	4.843875466480042e-07	0.0002785510403833	0.000472534947157	7.759068209861882e-08	2.232892762846688e-07	0.0001459032863231	2.8876050227600005e-05	2.1287768959880504e-08	8.338262767468782e-10	0.0	0.0	0.0	0.0	0.0	0.0	0.0	0.0	0.0	0.0	0.0	0.0	0.0	0.0	0.0	0.0	0.0	0.0	0.0
954104.5264030222	-2561.065495437011	6559056.471918023	910315447302.7354	1517043.234838275	-14204.94407008076	2301420176368.5776	201780436.0341226	978853.2676244077	-14.29402399272658	958153719538.9802	204.3191219046431	1052446.8086873638	947069.9920497028	1.404933	26.304766	0.2351895160290757	0.1397168831483402	-0.0551286398	-0.0066604167	0.0153184744	-0.0392712361	0.1186902601	0.0732600712	-0.0260127824	0.0468988188	0.0150964648	-0.0343172758	-0.1128829335	-0.0814008054	0.0722615497	0.0388359136	0.0844837268	-0.0066298675	0.0459704935	0.0497025721	-0.0483326845	0.0423805957	-0.0080617116	-0.0574090579	-0.1012572552	0.086459875	0.0039587287	0.0992567942	0.0534836955	0.1329884072	0.1119201865	0.0848700725	-0.1207928671	-0.1426179778	0.000487032	-0.1766564958	0.1101335197	0.0026380603	0.1411305638	0.0254292111	0.1436628108	0.024260252	0.0012522697	0.0767299659	0.0295176952	0.0343406979	-0.1904779517	0.0341660139	-0.0968183443	-5.02954e-05	0.0094996361	0.1474149841	0.1612463049	-0.0112188823	0.0691799493	-0.0643521535	-0.0777392615	0.0061493532	-0.0476648249	-0.0468717177	0.0073956176	0.0237989985	0.098534923	0.0335450021	0.056217834	0.075476919	0.141580812	-0.0476212511	0.1363580896	-0.0451245665	0.1008651652	-0.1465398098	-0.0014760939	-0.0458187083	-0.1944362885	-0.0848742768	0.0733832155	0.0714823031	0.0061962985	-0.0746635369	0.0999879322	-0.0163563875	0.1749385127	0.0728754513	-0.0320250828	-0.0841563046	-0.0720213695	-0.0420174268	-0.0445676049	-0.0278929751	0.0072054728	-0.1022539386	-0.0195484115	-0.1755847081	0.1069646494	-0.0269233262	-0.0110575106	-0.0326754587	0.1492847715	0.1950278877	-0.0414074604	-0.086368312	-0.063207597	0.0077663232	-0.0051397124	0.0141751494	-0.0955420435	0.0849971703	0.0096622851	-0.0707724105	0.0201830658329953	0.0302551410835007	0.000407356146419	0.0009153735619825	0.0476826086670598	0.1328254626059929	0.0022736311692959	0.017642603516496	0.003442279490244	0.0155198571503518	1.1849288088954493e-05	0.0002408659659673	6.605040314999354e-05	-0.0006299291559234	3.968107414823753e-07	4.3626557562766765e-09	0.0003164894925187	3.793845213540003e-05	1.0016559887474429e-07	1.439326150430039e-09	-0.0003180102094027	-0.0004639134957258	1.0113049328434913e-07	2.152157315165319e-07	0.0	0.0	0.0	0.0	0.0	0.0	0.0	0.0	0.0	0.0	0.0	0.0	0.0	0.0	0.0	0.0	0.0	0.0	0.0
955969.3729040052	1864.846500982996	3477652.472228524	913877441930.477	1516740.430972035	-302.8038662399631	2300501534945.2344	91690.18140986946	978485.2516291467	-368.0159952609101	957433387655.7546	135435.77276787822	1051849.750170207	923406.14086265	1.39383	26.096878	0.2672521671478726	0.1546145363969209	0.0384692387	0.0979753797	-0.0808169425	0.0093525492	0.1216950279	-0.0384553179	0.0302646137	0.0334353911	-0.1013910086	-0.0399401013	-0.0109732862	-0.0552228169	0.0230686853	0.0274982296	-0.031769438	-0.1370979404	-0.0934881437	-0.0615318423	-0.1320282838	-0.0625206985	0.0310314335	-0.0289132684	0.0173392588	-0.0509240347	-0.0117935374	0.1438481224	0.0974959923	0.0843898995	0.0108523129	0.0914892279	0.050509902	0.0545854219	-0.001659365	-0.0942236484	0.0685323512	0.0851656691	-0.1021103421	0.0524996416	-0.0711578311	-0.0984525556	-0.0574361597	0.1116485633	0.0674973241	-0.0634276299	0.162359882	-0.0396359437	-0.011082607	0.0337126633	0.0784308028	-0.0618244595	-0.0946012268	-0.0487075237	-0.079374066	-0.0988839971	0.0252139876	-0.0839572368	0.1130280061	0.0398978085	0.0334338213	0.0328623326	-0.015341785	0.0101680435	0.0128976737	0.0715544563	0.1254628238	0.1056885739	-0.0604095629	-0.1466205529	0.0821872213	-0.0622034693	-0.0192727717	0.0830490404	-0.0168293505	0.1170013118	0.0054820027	0.0537333154	0.075133962	0.0352088963	-0.157731048	0.063542776	-0.1015150092	0.0760880778	-0.0185015512	-0.0803064829	-0.0108880482	0.0202776707	-0.0428906047	-0.2173708762	-0.029948345	0.0056885399	-0.0807216087	-0.1106779251	-0.1363839806	0.1201719925	-0.1665554885	0.0630617645	0.0815935477	-0.0264088325	0.0808995688	-0.0243550549	0.0185825733	-0.0178029507	0.2466244599	0.0418653803	0.0002207265	0.0833416924	0.004835384	-0.0763617167	0.0169046385558289	-0.0032784272771664	0.0002857668047032	1.0748085411668704e-05	-0.0961209230266177	-0.1438035316936775	0.0092392318434889	0.0206794557275745	-0.0075459792312244	-0.0109882587214684	5.694180255806999e-05	0.0001207418297299	0.0008990531808453	0.0008330027776953	6.938936276480961e-07	8.082966219880517e-07	-0.0005099073487728	-0.0008263968412915	2.600055043325059e-07	6.829317392965688e-07	0.0002062291607217	0.0005242393701244	4.253046673197678e-08	2.748269171884277e-07	0.0	0.0	0.0	0.0	0.0	0.0	0.0	0.0	0.0	0.0	0.0	0.0	0.0	0.0	0.0	0.0	0.0	0.0	0.0
957843.3264100394	1873.9535060342168	3511701.7427779334	917463837948.2494	1524311.4527880729	7571.021816037828	2323525405100.8853	57320371.338920735	978739.4691202608	254.2174911140464	957930948413.81	64626.53278832027	1052306.9068060094	932682.922597936	1.270486	23.787493	0.1856995061620361	0.1166732859034497	-0.0191220338	-0.0972184192	-0.0342585745	0.0909934735	0.0587719098	-0.1170561372	-0.1319428371	-0.0292569802	0.0880108076	-0.0541601047	0.0010318515	0.0203343868	-0.0469129531	-0.0616803618	0.0958405314	-0.0497429674	0.0359262263	-0.0120569853	-0.0957207124	-0.0724491542	-0.1327425852	-0.0760312614	0.0206865511	0.0594297729	0.0765244294	0.088533016	0.091692916	0.0744569742	-0.0591738498	0.0998921074	0.043013405	-0.0051251974	0.1020374975	-0.0183202296	0.0499957292	-0.0926229592	0.0618758644	0.0829484338	0.0085026976	0.1611276977	-0.1126610083	0.0769459569	0.0078352471	-0.0123532356	-0.1922274225	0.0381088012	-0.0813545095	0.0594990447	0.0407386367	0.1909979529	-0.0731715804	0.0925492681	0.0668193158	-0.0237874594	-0.085350528	-0.0663319528	0.0628512999	0.0667340623	0.0938000616	-0.099961542	0.0144686028	0.040489796	-0.0483544275	-0.0061782861	0.1076666476	0.0761267435	0.0042010258	-0.0329061262	0.0270753251	-0.1007421383	-0.224973564	-0.0436959745	-0.1445527488	-0.0831144284	-0.015536186	0.025776782	0.0075501249	0.0256195312	-0.0055452998	-0.0642074868	0.0485199927	0.084557226	-0.0482571939	-0.058480388	-0.1043533793	-0.0496468533	0.0318825926	-0.086885358	-0.068393912	-0.1729751684	-0.0323194116	-0.0270897512	-0.0142963349	0.0536885078	-0.1942788766	-0.0401673572	0.0379260339	0.0358494455	0.0433727982	-0.027244761	0.0051488074	-0.0467992818	-0.0345889183	0.0295367215	0.1406643449	0.0816496581	0.0	-0.0816496581	0.0278935285345482	0.0109888899787193	0.0007780489341076	0.0001207557029643	0.0134124410260341	0.1095333640526518	0.0001798935742768	0.0119975578406907	-0.0076640388489437	-0.0001180596177192	5.873749147811827e-05	1.3938073336027146e-08	5.0007912750176064e-05	-0.0008490452680951	7.20877867274721e-07	2.5007913376292216e-09	-9.199558438210964e-05	0.0004179117643906	8.463187545805856e-09	1.746502428161399e-07	0.0001720023429486	-3.422681777309999e-05	2.9584805979807814e-08	1.1714750548729932e-09	0.0	0.0	0.0	0.0	0.0	0.0	0.0	0.0	0.0	0.0	0.0	0.0	0.0	0.0	0.0	0.0	0.0	0.0	0.0
961569.4164776424	3726.090067602927	13883747.191889184	924615742705.1536	1520439.5024848382	-3871.9503032346256	2311736280716.3423	14991999.15071871	981107.4527917654	2367.983671504655	962571833923.5464	5607346.668512666	1052718.960585739	947622.9724625353	1.355326	25.375957	0.1476990250986442	0.0777602525842477	-0.0680462607	0.0221361345	0.1044662992	0.0930084765	0.005719362	-0.1370570079	0.0002235353	0.0535852765	-0.0437088606	-0.1680314005	-0.1332809134	0.0131657852	0.0125705462	0.1539790001	0.0632650088	-0.0653199317	-0.010988602	-0.1249491833	-0.0780528972	-0.0412151985	-0.034321373	0.0313766416	-0.0174632888	-0.1444483261	-0.0322159414	0.1183682806	0.0109282884	0.0096050566	0.0144855128	0.1152894533	0.1678958956	-0.0630237166	0.0442514026	-0.2041557841	0.0105511175	-0.032857788	-0.0833562998	0.0422100747	-0.0335514748	0.1395700228	-0.0816307875	-0.0489470828	-0.1118888124	-0.0266620748	0.00802348	0.1177277218	0.1040940123	0.023354945	0.0380507765	-0.1180082857	-0.020333715	-0.1269844616	0.0332507618	-0.1264520228	-0.0109393593	-0.019568116	0.0753839182	0.1232422015	0.0523400106	-0.0326119682	0.013901852	-0.1072790466	-0.0268152097	0.0197129037	0.0305253795	0.0016692715	-0.1525068524	-0.1126634963	0.0345831145	-0.0821969988	-0.0119596926	-0.0500523197	-0.1364097476	-0.026478752	-0.1117168589	0.117314834	-0.0869339967	0.052467923	-0.1258529829	-0.0158207825	0.0989750903	0.0863662051	-0.0504512532	-0.0460043466	-0.10467803	-0.0190852972	-0.0653779328	-0.1613799842	0.1037588341	-0.1086209629	-0.0075022735	-0.0036457522	-0.1317644302	0.0923418302	-0.0750466742	-0.0581580304	-0.0416049256	0.0493161497	0.1172900591	-0.1251512271	0.0668651805	0.1182043616	0.0590866144	0.06194294	-0.0375294101	0.0799218096	-0.004835384	-0.0866153656	0.0320714859038986	0.0041779573693503	0.0010285802080839	1.745532778010929e-05	-0.0371969232711819	-0.050609364297216	0.0013836111008421	0.0025613077545683	-0.0363502240301158	-0.0286861851811721	0.0013213387870396	0.0008228972202484	0.0011300245703019	0.0010800166575517	1.1664359805891974e-06	1.2769555294859938e-06	-0.0002268634585089	-0.0001348678741267	5.146702880661939e-08	1.818934347147977e-08	0.0002416281762882	6.962583333959999e-05	5.838417557636145e-08	4.847756668233753e-09	0.0	0.0	0.0	0.0	0.0	0.0	0.0	0.0	0.0	0.0	0.0	0.0	0.0	0.0	0.0	0.0	0.0	0.0	0.0
961351.2132179054	-218.203259736998	47612.662559851815	924196155155.5386	1550641.915852426	30202.41336758784	2404490351198.4824	912185773.2266488	983317.6800207346	2210.2272289691027	966913659841.3596	4885104.403676438	1062106.7415577343	965042.4330385672	1.385812	25.946754	0.0869623592489538	0.0569275877072464	0.0806050358	-0.0976735308	0.0308949028	0.1811256643	0.1154779382	-0.1418877636	-0.3197118449	-0.0504301744	-0.0019868137	-0.0866326811	-0.2151424384	0.1004595422	0.0580134093	0.04126341	0.1593083158	0.0632577036	-0.2560306405	-0.095401679	0.0159322738	-0.343177683	0.1042411704	-0.2195351549	-0.1582784775	0.2085337701	-0.0986568969	-0.1533413656	0.1615978352	-0.0332192608	-0.3551136663	-0.0987882021	-0.1088491276	-0.231877299	-0.1259409346	0.0341769077	-0.184356246	-0.0904851629	-0.0076076697	0.0565403541	0.1307187069	-0.0981167102	-0.0939939172	0.0291699293	-0.1900880932	0.0690097803	-0.0310105582	-0.1575947034	0.0535546265	0.0697546861	0.0309244518	-0.0624567788	-0.0655950429	0.1102457014	0.0650317299	-0.2414258779	0.138087075	-0.0207121081	-0.1308649502	0.2739280493	0.1667846625	0.2437522759	0.0843794955	0.2843472757	0.359263735	0.1298777023	-0.1683654927	0.1313933836	-0.114219795	0.2725340773	-0.0501197723	0.3114461602	-0.0648820336	-0.1421250828	-0.1316919447	-0.1492058069	0.0541272526	-0.072393047	0.0713891294	-0.0074321594	-0.1761478343	0.0160486499	0.0244853103	0.0725169892	-0.1378285094	0.0239846055	-0.0919732618	0.0595136732	0.0827428353	-0.2042142704	0.0730354037	-0.195593167	-0.008697912	-0.0216784839	0.0983685193	0.0293557329	-0.0212155826	-0.0303909129	0.1590963936	0.0116100813	-0.0765571676	-0.0949540184	0.0228819119	0.1082943861	-0.1855431054	0.0197923614	0.3748424912	0.0781589047	-0.0096622851	-0.0912392418	0.0450227270248007	0.0129512411209021	0.0020270459487497	0.0001677346465717	0.0164789125222597	0.0536758357934416	0.0002715545579162	0.0028810953481245	-0.0258463522025067	0.0105038718276091	0.000668033922176	0.0001103313233708	0.0011200028989098	-1.0021671392099932e-05	1.004338974912342e-10	1.2544064935663558e-06	-0.0002269690702971	-1.0561178819998816e-07	5.151495887152992e-08	1.115384980679916e-14	5.512724932847939e-05	-0.0001865009269597	3.039013618524331e-09	3.4782595756835044e-08	0.0	0.0	0.0	0.0	0.0	0.0	0.0	0.0	0.0	0.0	0.0	0.0	0.0	0.0	0.0	0.0	0.0	0.0	0.0
962391.7374067652	1040.524188859854	1082690.5876024568	926197856228.812	1528754.6628200808	-21887.253032345325	2337090819094.1387	479051845.3019096	981894.6122630332	-1423.0677577013848	964117029591.1722	2025121.8430092477	1055821.7784444217	969950.2069453764	1.432424	26.819485	0.2638202111950018	0.1239018962702524	0.0795893197	0.0094725608	0.1179025034	0.1963088426	0.1873357472	-0.048003848	-0.0391561568	-0.0863455865	-0.074576172	-0.0619594675	-0.1045251896	-0.000716477	0.072185475	0.0365247496	0.058412804	0.0007224789	-0.2832581392	-0.2073957931	0.1236774014	0.0385650516	0.0360709716	0.0889283778	-0.2394391525	-0.1467992561	-0.0161992038	-0.1632105747	0.1312883011	0.343769975	-0.0744603384	0.042616135	0.0986166549	0.0463491582	0.0260516225	-0.0744791899	0.0620630194	0.0477998018	-0.1672274742	-0.1138378292	-0.1239518968	0.0742513106	0.2046495468	0.0084220029	0.2120503922	0.0954872985	-0.0068013625	-0.0322205472	-0.044453823	-0.0185549118	0.0773614729	0.0231361867	0.1477637652	0.0176392863	-0.0540455826	-0.143955016	0.0638899972	-0.026532216	-0.0882195485	0.3000290511	-0.0868347732	0.1072239468	0.0122531177	-0.2196627467	0.0222151918	0.065090918	0.119385577	-0.1461986197	0.0020494462	-0.3741533181	-0.0154243992	0.1818818699	0.0036294858	-0.0776702243	0.0113277385	0.1816408848	0.3505766643	0.0208623162	-0.1251850444	0.0676906622	0.0972051559	0.1404679811	-0.023172194	0.0427309853	-0.2701837372	0.1326676279	-0.1727499188	0.2963028918	-0.024619353	-0.2873718089	0.0076551467	0.1115663757	0.0798638515	0.1306742367	0.387075498	0.0055181844	-0.078435015	0.1416429247	-0.1130752276	-0.234215343	-0.0812976277	-0.1668895887	0.0577108037	0.1129151898	-0.0992675626	-0.1933038976	0.0256134913	0.0763617167	-0.0144722352	-0.0955030384	0.0678597021453697	0.0228369751205689	0.0046049391752582	0.0005215274326574	-0.0507844513896316	-0.0672633639118913	0.0025790605029458	0.0045243601247435	-0.0638235052723672	-0.0379771530698605	0.0040734398252518	0.0014422641552916	0.002746137296472	0.0016261343975621	2.6443130789349783e-06	7.541270051074544e-06	-0.0002239340408765	3.03502942059999e-06	5.014645466327797e-08	9.21140358390751e-12	0.0011408122041993	0.0010856849548708	1.3014524852500654e-06	1.1787118212328555e-06	0.0	0.0	0.0	0.0	0.0	0.0	0.0	0.0	0.0	0.0	0.0	0.0	0.0	0.0	0.0	0.0	0.0	0.0	0.0
960883.9570271184	-1507.780379646807	2273401.6732478696	923297978872.0931	1539441.0400943395	10686.37727425876	2369878715926.7417	114198659.2477941	982058.36492891	163.75266587687656	964438632126.8442	26814.93558178397	1058778.3347573983	982988.552555638	1.576994	29.526287	0.3070319926141528	0.1438732390665512	0.0333471505	-0.2006799768	0.1686611656	0.1060967362	0.0529738841	0.0357646185	-0.1485095731	-0.0974211941	0.0334365311	0.0505579341	-0.2000253909	0.0049584345	-0.1136476135	-0.0736120739	0.1578599927	-0.039935609	-0.0889211799	-0.0430469077	0.242353094	-0.1309804896	-0.0955546357	-0.074702902	0.0513834178	0.0282521115	0.1683290893	0.0286137859	0.0681309956	-0.0689328766	-0.1323744874	0.0039148622	-0.0076511692	0.2096353026	-0.0839455575	0.1895175019	0.2055115462	0.0761898982	0.1467072587	-0.0312962218	-0.2017865043	0.0039978259	0.0126220456	0.1129962978	0.0632068938	0.0910419921	-0.0762234987	0.0654907971	0.0747858878	0.0136872344	-0.0834597552	-0.0367779214	0.0865111355	0.1479745773	0.0250374225	-0.1210244493	-0.0830382161	0.1128833446	-0.1163412429	0.139657341	0.060379393	-0.1028253958	-0.0416152314	0.0804378418	0.0589244994	-0.1748459234	-0.0559022211	0.1422982422	-0.0561820592	-0.0796656095	-0.047713874	-0.0899097643	-0.1882567619	0.0905085876	0.2799368752	-0.0618006615	0.0671325441	-0.0631772641	-0.1609695893	0.0028812811	0.2115323922	0.1423013727	-0.010401657	0.0840635232	-0.128496405	0.0237571113	-0.0723809022	-0.0923320249	0.0649453345	-0.108028689	-0.102293099	-0.1346995196	0.1625463229	0.0140497314	-0.0335141767	0.0469126274	0.0887867714	0.1235306978	-0.2642924158	0.0013079371	0.0592672447	0.0044135949	0.0573113465	-0.0114141866	-0.0123128769	-0.03651589	-0.0214126141	0.074531034	-0.0192567962	-0.0993899282	0.0453125250732426	-0.022547177072127	0.0020532249285132	0.0005083751939218	0.0070995488742795	0.0578840002639111	5.040359421828332e-05	0.0033505574865524	0.0091090771522601	0.0729325824246273	8.297528656582699e-05	0.005319161579125	0.0008165055113747	-0.0019296317850973	3.723478826057792e-06	6.666812501052603e-07	-0.0001269615437944	9.69724970821e-05	1.6119233602657353e-08	9.403665190337894e-09	9.405182930895224e-05	-0.0010467603748903	8.845746596360287e-09	1.0957072824405815e-06	0.0	0.0	0.0	1.0	0.0	0.0	0.0	0.0	0.0	0.0	0.0	0.0	0.0	0.0	0.0	0.0	0.0	0.0	0.0
955534.8683619488	-5349.088665169664	28612749.54784657	913046884655.4868	1511487.5456957547	-27953.494398584822	2284594600793.376	781397849.0917131	979588.9753406398	-2469.38958827022	959594560608.9248	6097884.938657367	1052517.7088808324	954753.637381774	1.657894	31.040998	0.0736616469947053	0.0373140220917386	-0.0676894477	0.1001963602	0.1492983583	0.0267247455	-0.0032495724	0.0718933727	0.057020181	0.0182195067	0.0071427659	0.0681168704	-0.0735628636	0.03656782	0.0140101201	0.1548352039	0.0427123125	-0.0142844063	-0.1366215706	0.0096931591	0.0953821075	0.0927161921	-0.0448550392	0.0536409309	0.1306449525	-0.1375237504	-0.0156226152	0.025460464	-0.0609306564	-0.0793429903	-0.0582459361	0.007987748	0.003040682	0.0515060942	-0.1276474503	0.0928926518	0.0427563787	0.0267245948	0.0573722461	0.007285884	-0.0766591063	0.0464408951	-0.0346224814	-0.0217895216	-0.0761456756	-0.0488327395	0.0361508935	-0.0588363886	-0.0471325082	-0.0845893892	0.0753461914	-0.0935740061	-0.0152815466	-0.0961573007	0.010815214	-0.1252707863	0.0154033288	0.0997471037	-0.0716267228	0.0550692527	-0.0934476999	-0.0912706904	-0.1182382398	-0.0984073882	-0.062085297	0.0309895039	-0.0190211326	0.1394690569	-0.0940232986	-0.0330620211	-0.0659661714	0.0025491413	0.112815503	0.1233698117	0.0328575861	-0.1069934103	-0.0257677039	0.0377728706	-0.0409742686	-0.0470692285	-0.032379483	-0.025408698	-0.0473537007	0.0792579456	-0.1102490445	0.0038904216	-0.1028499647	0.0398801108	-0.1703882181	-0.0446722498	0.0241721865	0.0274759885	0.0563553989	-0.0437245536	0.0203970349	0.0727011004	0.2224779757	-0.0255777999	-0.1175034906	-0.0234890815	-0.1015351394	0.0086824978	0.0916590945	0.1308075696	-0.0078653378	-0.025764812	0.0018622466	0.0726676594	-0.0240075741	-0.1028845713	0.045290490247126	-2.2034826116595907e-05	0.002051228506825	4.855335619886171e-10	-0.0173410303560501	-0.0244405792303296	0.0003007113338094	0.000597341913114	-0.0134696565371967	-0.0225787336894568	0.00018143164723	0.0005097992150194	0.0006540411820958	-0.0001624643292789	2.6394658288042847e-08	4.277698678772714e-07	-0.0002268811323924	-9.9919588598e-05	5.1475048235657746e-08	9.983924185593572e-09	0.0003640738964081	0.0002700220670991	1.3254980204577594e-07	7.291191672049666e-08	0.0	0.0	0.0	0.0	1.0	0.0	0.0	0.0	0.0	0.0	0.0	0.0	0.0	0.0	0.0	0.0	0.0	0.0	0.0
953040.8119314768	-2494.0564304719446	6220317.478378458	908286789207.0084	1514599.2939690028	3111.7482732480858	2294011021291.402	9682977.316062445	978424.4578643364	-1164.5174763033865	957314419747.1208	1356100.9526160082	1054241.9462344544	958914.6394427402	1.377455	25.790285	0.1725591270744635	0.0842459882312023	0.0805256385	-0.0157474238	-0.0247731511	-0.0263910763	0.0776960031	0.2000866297	0.0203203329	-0.0571147404	-0.0634050381	0.1269739357	0.0363731337	-0.0295536746	0.0350794032	-0.07938648	0.0343603638	-0.0676701732	-0.1497469913	0.0962669011	0.030090509	0.1324935051	0.0613796833	-0.0789355171	0.0103398834	0.0861717369	0.0756139197	0.0503395515	0.0624798184	-0.1645907121	-0.0475179243	-0.056775956	-0.0027819238	0.0412449274	0.0227447184	-0.0246826999	0.1145414846	0.0447534649	0.0312619327	0.0535589925	0.0336990554	0.0883855329	-0.0323981542	-0.0655186653	-0.0288015256	0.0525324665	-0.0970821716	0.020489438	0.0567642059	-0.0933024998	-0.130404054	-0.0935046071	-0.0366696496	0.0787455081	-0.0903680697	-0.0920025856	0.008104808	-0.0233353125	-0.1232165576	-0.0967180472	-0.1648806113	0.0510064242	0.0322396469	0.0976126748	0.0509410192	-0.0930834241	0.0386661581	0.0912890021	-0.107482376	-0.0068862818	-0.1068679401	-0.0859435384	0.0588913961	0.0171400609	0.0834223227	-0.0625275835	-0.0178668359	0.1051057839	-0.0298797989	-0.0441118857	0.1238387122	-0.0403909533	0.0242001902	0.0738627309	-0.1142754394	0.0022188666	0.1066746735	-0.073647137	0.0265820012	-0.0332124057	-0.1187165362	-0.039412525	0.0475791918	-0.1520992012	0.058324932	-0.0335405767	0.0969823386	0.0261658581	-0.0986608661	0.0136225792	-0.0798730203	-0.082479975	0.059370037	0.0032057517	-0.0074873449	-0.0196738404	-0.0703055724	0.0707724105	-0.0287162347	-0.105973176	0.0479824226039653	0.0026919323568392	0.0023023128789455	7.246499813798363e-06	0.0388443725288709	0.056185402884921	0.0015088852771617	0.0031567994973408	0.0328108042780996	0.0462804608152963	0.0010765488773757	0.0021418810532761	-6.1018832499438287e-05	-0.0007150600145952	5.113108244729423e-07	3.723297919594506e-09	-0.0001739937066007	5.288742579170002e-05	3.0273809936650475e-08	2.7970798068725763e-09	-0.0002160052835531	-0.0005800791799612	4.665828252285513e-08	3.364918550244582e-07	0.0	0.0	0.0	0.0	0.0	0.0	0.0	0.0	0.0	0.0	0.0	0.0	0.0	0.0	0.0	0.0	0.0	0.0	0.0
952368.6499080452	-672.1620234316215	451801.78574369167	907006045327.6729	1509964.931688005	-4634.3622809976805	2279994094927.562	21477313.751534022	978982.1712825828	557.7134182463633	958406091689.1604	311044.25689204293	1051577.2511176926	914518.3470790996	1.406345	26.331203	0.1300939291472854	0.0715014451146874	-0.1060042793	0.0352821024	-0.1287454693	-0.0099938935	0.0167696206	0.0475691602	0.0424095915	0.1331808141	0.021857746	0.0871631512	0.0469337324	0.0387226529	0.0572995726	0.0798592167	0.0781617659	0.0592488058	-0.1414287451	0.0577797916	-0.0475206666	0.0942027023	-0.0250012967	0.1237864043	0.1495945263	-0.0941542789	0.0380721947	0.1496690196	-0.0783281687	-0.0484137544	-0.1051033319	-0.0500232983	0.0131144588	-0.0144541069	0.0256642021	-0.0560388072	0.008528407	0.0325016285	-0.0415923778	0.027137968	0.0134657532	-0.1644645085	0.0976996395	0.059840042	0.0156504135	-0.1206812855	0.1050943787	-0.0704614837	0.137529245	0.0492116503	-0.0566461012	0.1278818391	0.0102608858	-0.0598779658	0.1031768622	-0.0889821371	0.0673210878	-0.0791479933	-0.0504106929	-0.014128704	-0.1714649376	0.0068742765	-0.1330632623	-0.0413018161	-0.1062537227	-0.009470678	-0.0036768841	0.181312308	-0.1374541462	-0.0192799282	0.0302320174	0.0224006842	0.0162732967	0.0576511168	-0.0307954789	0.051613987	-0.0663910461	0.0459838521	-0.0046472667	0.0281918549	0.0519986958	0.0679207053	-0.0552791614	0.0617304761	-0.1435331395	0.0156436079	-0.0564703122	-0.0122476791	-0.0642203581	0.0530715155	-0.0450369971	0.0396667698	-0.0697606833	-0.1254882785	-0.039363335	0.0523046162	0.0395801802	-0.1264030659	-0.0282051218	-0.0223624437	-0.1944046193	0.0290254135	-0.0276827727	0.0512724709	-0.0264267422	-0.0395091766	-0.0381852724	0.0688461184	-0.0333745172	-0.108643553	0.0452903685918784	-0.0026920540120869	0.0020512174871882	7.247154803993176e-06	-0.0183021948597286	-0.0571465673885995	0.0003349703366834	0.0032657301642997	0.028034467093903	-0.0047763371841965	0.0007859313452391	2.2813396897139083e-05	0.0008165020448056	0.000877520877305	7.700428901062039e-07	6.66675589171726e-07	-5.196165163079414e-05	0.0001220320549699	2.700013240200011e-09	1.4891822440178124e-08	9.402119542000484e-05	0.0003100264789731	8.83998518820674e-09	9.6116417664461e-08	0.0	0.0	0.0	0.0	0.0	0.0	0.0	0.0	0.0	0.0	0.0	0.0	0.0	0.0	0.0	0.0	0.0	0.0	0.0
954976.6980203016	2608.0481122564524	6801914.955844445	911980493761.7584	1517602.3773163746	7637.44562836946	2303116975636.3115	58330575.72629978	979339.8777399288	357.7064573459793	959106596131.6588	127953.9096270109	1054584.3251378676	930988.429538719	1.173199	21.965977	0.1401576321253839	0.079000627841926	0.0698252048	0.0265137821	-0.110868924	0.031528737	0.107808888	0.0411385198	-0.0253894481	-0.0294369085	-0.0269117213	-0.0160273974	0.1582282644	-0.0320440691	-0.0166622257	-0.0873428397	0.0446273481	-0.0370068655	-0.1276354622	0.042529649	-0.0098137933	0.0768152703	-0.0816444626	-0.0459109688	-0.0614625973	0.070595446	0.0904702217	0.017200166	0.0267546074	-0.1293991039	0.02047156	0.0827262613	0.0750383266	0.0647286389	-0.0769911526	0.025746694	-0.0088037439	0.1030685987	0.0453792682	-0.0276276262	0.0281428792	-0.0770852926	0.0265008443	-0.0039914989	0.06784982	-0.0551965717	-0.2161514728	0.0269892681	0.032018494	0.0065246041	-0.0963547974	0.1450246383	0.0583697229	0.113103189	-0.0397080554	-0.0429027934	-0.0157455907	-0.1503204655	-0.0802318917	0.0160902178	-0.1715122128	-0.0279160501	0.0656227756	0.0346805453	0.018213486	-0.11146299	0.0049660028	0.0675794058	0.0315818051	-0.0001802544	-0.1658741933	-0.1195798844	-0.0481245516	0.1052433625	-0.0812429152	0.0409467799	-0.0912245093	-0.1055059712	-0.0048848919	-0.0691569084	0.0798575935	0.0949723962	-0.0355795691	0.0585971685	-0.134608044	0.0363482792	0.1069103525	-0.1131102487	0.0101182369	-0.0428999647	-0.0784395381	-0.0168620878	-0.0439461194	-0.1684599765	-0.0155820199	-0.1339226896	0.011203593	-0.1183958808	-0.071798527	-0.0186476082	-0.0893515328	0.0320786679	-0.0271436792	-0.0364211209	-0.1090428608	-0.0033362689	0.0123604044	0.0668896282	-0.0379742494	-0.1108851636	0.0453100143072333	1.9645715354899007e-05	0.0020529973965216	3.8595413180571453e-10	0.0446016662135946	0.0629038610733232	0.0019893086290289	0.0039568957379319	0.0308898493388483	0.0028553822449453	0.0009541827921767	8.153207764748863e-06	-0.0001280261545403	-0.0009445281993459	8.921335193596081e-07	1.6390696246376774e-08	-0.0001489774910878	-9.701583945700584e-05	2.219429285081553e-08	9.412073105547532e-09	-0.0003520096276123	-0.0004460308230323	1.239107779317501e-07	1.9894349509487527e-07	0.0	0.0	0.0	0.0	0.0	0.0	0.0	0.0	0.0	0.0	0.0	0.0	0.0	0.0	0.0	0.0	0.0	0.0	0.0
956593.5333152788	1616.8352949771795	2614156.371083944	915071187980.6096	1520129.2810815363	2526.9037651617546	2310793031201.4683	6385242.638388651	981208.48663359	1868.6088936611775	962770094241.78	3491699.197469651	1054208.9577461192	932515.5100711752	1.301863	24.374969	0.2520566013196419	0.1367812425995025	-0.1635634734	-0.0043012211	-0.0222273797	0.0519379907	0.0386692213	0.0180774047	-0.0108822164	0.1145862502	0.020194513	-0.0856344476	-0.0207150605	0.0090027999	0.0050543522	0.0894702845	0.1003159024	0.0467493122	-0.1646406023	0.0173502797	0.021947187	0.0089367891	-0.0034709339	0.1392616448	0.0730496023	-0.043258733	0.101407263	0.1394730223	-0.0422208273	0.010727749	-0.1319020759	-0.0063824543	-0.0210728417	0.1513538931	0.0440714603	-0.0768260604	-0.1489188996	0.1210247355	0.0555302961	-0.0396326688	0.042503004	0.0085260096	-0.0226795523	-0.10478751	-0.1025735432	-0.0581502358	-0.0006358793	0.0538611983	0.1759626988	-0.0793647532	-0.0058416964	-0.0112292489	0.1176674206	-0.0471774998	0.0895727481	-0.1192950019	0.0586124453	-0.058919373	-0.0623485694	0.0603426545	-0.0956760502	0.013252228	-0.103280591	-0.0768246464	-0.0609842293	-0.0926257353	-0.0190038563	0.1667253992	-0.0558169798	0.0274705079	0.0349758105	0.0173987002	-0.0446216489	0.092720776	-0.0234096604	0.2180917109	-0.1267167165	-0.0146444685	-0.1208218789	-0.0479565979	0.0108133494	-0.0618793624	-0.0644520848	0.0500840676	-0.1298663676	0.0183836604	-0.0982327536	0.021021285	-0.0811826393	0.0780270054	0.014644397	-0.0182427875	-0.0907004671	-0.0350573462	-0.1322875294	0.0969187417	-0.0053477211	-0.0521829592	-0.082909464	-0.1657166602	-0.0888896172	0.0986503066	-0.1151211314	-0.0356452763	0.0341853256	0.0675381369	-0.1430919877	0.0649037979	-0.0425073619	-0.112689161	0.0274910494334932	-0.01781896487374	0.0007557577989547	0.0003175155091715	-0.082183108180132	-0.1267847743937266	0.0067540632701472	0.0160743790180681	0.0029334571178338	-0.0279563922210145	8.605170662169785e-06	0.0007815598660152	0.0005109831371623	0.0006390092917026	4.083328748822585e-07	2.6110376646422586e-07	0.0003560237269613	0.0005050012180491	1.2675289415941428e-07	2.550262302310746e-07	9.390925925921456e-05	0.0004459188868715	8.818948974614376e-09	1.988436536687306e-07	0.0	0.0	0.0	0.0	0.0	0.0	0.0	0.0	0.0	0.0	0.0	0.0	0.0	0.0	0.0	0.0	0.0	0.0	0.0
955043.0062823176	-1550.527032961254	2404134.079943629	912107143848.7668	1521721.6097119271	1592.3286303908098	2315636657464.259	2535510.4671622724	980265.454198756	-943.0324348339344	960920360695.4934	889310.173148819	1054235.1177690404	946337.4365973287	1.457794	27.294483	0.1548009257417744	0.074249771782756	0.1024084907	0.0568769812	0.0033305524	0.0362769795	0.2099283787	0.1053959474	-0.0169186533	-0.11821231	-0.0691302407	-0.03325878	0.0159372124	0.0212259918	0.0113393826	-0.0182613745	0.0276390329	-0.0929600004	-0.1637797371	0.0631708023	0.1060554867	0.0561717251	0.0815229529	-0.0834258587	0.0843346543	0.1454876155	0.0239215873	0.0598331598	0.0061973756	-0.0363053355	0.0278193201	0.0482468689	0.0326592362	-0.0313116574	-0.1455655506	0.0059213134	0.0743271999	-0.0248545534	-0.1524706681	-0.0365049844	0.1064638957	-0.1507401298	0.0259396653	-0.0379443545	0.1262394419	-0.0265355359	-0.0164719793	0.1763609661	-0.0026698577	-0.0946581488	-0.0531628722	-0.0526748054	-0.0280723284	0.0326737771	-0.1215942049	-0.0905715718	-0.0143205025	-0.0308850085	-0.1276589586	0.0282280861	-0.0410588268	0.0356695073	-0.0083934944	0.1075950133	-0.0946271402	-0.167622888	0.0917242689	0.082900966	0.0275061447	0.000782716	-0.1304623656	0.0007624075	0.1229143445	0.0487901766	-0.0443865723	-0.0525022111	0.0274086588	-0.1163963968	0.0550353631	-0.1266590573	-0.0356325723	-0.0103824779	0.0108227556	0.0609481845	-0.1225037301	0.0299170812	0.1343775363	-0.0683179794	-0.0325823647	-0.0932544442	-0.0678137137	0.044548651	0.0006876088	-0.147852833	-0.1248690742	-0.0902050462	0.0749464171	0.0885955216	-0.0557167431	-0.0530932532	-0.078299979	0.0776180975	-0.0357486119	-0.1121874519	-0.0126827328	-0.0072734701	-0.0876107799	0.0628894987	-0.0469659021	-0.1140484259	0.0336117539662694	0.0061207045327761	0.001129750004689	3.746302397754711e-05	-0.0222551065988483	0.0599280015812836	0.0004952897697261	0.0035913653735263	0.0329395722885976	0.0300061151707638	0.0010850154225557	0.0009003669476411	4.499912848993017e-05	-0.0004659840086723	2.1714109633837122e-07	2.024921564853245e-09	-7.005624837130853e-06	-0.0003630293517984	4.9078779358624684e-11	1.317903102671889e-07	-0.000251999469409	-0.0003459087286682	6.350373258241753e-08	1.196528485688605e-07	0.0	0.0	0.0	0.0	0.0	0.0	0.0	0.0	0.0	0.0	0.0	0.0	0.0	0.0	0.0	0.0	0.0	0.0	0.0
954690.38629938	-352.6199829375837	124340.85236690182	911433733692.4594	1526336.4655491917	4614.855837264564	2329703006065.1987	21296894.39873482	980318.0218824052	52.56768364913296	961023424027.4318	2763.3613642353207	1055210.4769369552	931834.9695148742	1.49592	28.008331	0.1089741828438476	0.0612626470157602	-0.131451392	-0.1013708314	-0.0293765033	-0.0092242642	0.0115260034	0.0587986821	-0.0627722241	0.0530312388	0.0391588172	0.0272104519	-0.0803544442	-0.0564612236	0.0344999217	-0.0074365012	0.1354724482	0.0915486902	-0.1036657945	0.0636384263	0.0506474257	0.0524030559	0.0535395541	0.0147939787	0.1462233561	-0.0096067	-0.0125861196	0.0677728979	-0.0049708954	0.0519521919	-0.0063701134	0.0028765188	0.0229371313	-0.0088738339	0.0004694988	0.1549615667	-0.0278728769	0.0415829724	-0.0568955101	0.0353243917	-0.0217053128	-0.045655435	0.0094283977	-0.0255374584	0.0035938912	-7.07383e-05	0.1056731546	0.0395204646	-0.0444059066	0.0520929577	-0.0416793794	0.0586524006	-0.1057802722	0.0339801223	0.0940384495	-0.0898310449	0.0490524464	0.0368180302	-0.0989783719	-0.0192039679	-0.0180963685	0.0310044209	-0.0792607102	-0.0175230534	-0.1370061615	-0.0316719526	0.0323925991	0.0593848242	-0.0030166543	-0.0112377305	0.0248581922	0.0499935983	0.0843594585	0.008276843	0.155395819	0.0723520458	-0.0494789907	-0.1121491675	0.0540311354	-0.0150291396	-0.0848274592	-0.0370079912	0.0431076278	0.0521703451	-0.0972693249	0.0276380313	-0.1015779469	0.0207734787	0.0191605201	0.1581815832	-0.0454971404	-0.0505498973	0.0081995426	0.0080731764	-0.1351808749	0.1527675491	-0.0131552463	0.0726941987	-0.0163186049	-0.1833766644	-0.092565681	0.1525786349	-0.0704623077	-0.1468241992	-0.0814362086	0.018252835	-0.1088718823	0.0608476141	-0.0513420481	-0.1149575937	0.0275182288980175	-0.0060935250682519	0.0007572529216836	3.713104775741432e-05	-0.0754134609155272	-0.0531583543166788	0.0056871900872577	0.0028258106336575	0.0089673728582084	-0.0239721994303891	8.041377597813268e-05	0.0005746663455303	8.60130895021601e-05	4.1013961012229927e-05	1.6821449979127163e-09	7.398251565706603e-09	0.000301995941113	0.0003090015659501	9.120154844872654e-08	9.548196775963305e-08	-8.701291580080674e-05	0.0001649865536081	7.571247516158283e-09	2.7220562871509224e-08	0.0	0.0	0.0	0.0	0.0	0.0	0.0	0.0	0.0	0.0	0.0	0.0	0.0	0.0	0.0	0.0	0.0	0.0	0.0
952221.1546255688	-2469.231673811213	6097105.058952525	906725127316.4512	1518239.3417284368	-8097.123820754932	2305050698771.997	65563414.16863696	977522.4172837676	-2795.604598637554	955550076292.3004	7815405.071923438	1050751.198237223	938102.0192596498	1.54129	28.857803	0.1421524984570718	0.082207476549187	-6.19088e-05	0.1025821099	0.0281184128	0.0381274839	-0.0603918319	0.0556533906	0.070012407	-0.0041902644	-0.0497305563	-0.0151447176	-0.0505326343	-0.0889144873	-0.0399270717	0.0870329596	-0.0653559906	-0.0291252936	-0.0683551731	0.1299043927	0.0970310416	-0.057068644	-0.1100568969	-0.0400400022	0.1140256359	0.0225986053	-0.1086707643	-0.0557333233	0.0607805912	-0.006805065	0.0227949094	0.0746306847	-0.0188930743	-0.0690298764	-0.1503672265	-0.0260980003	0.0497172338	0.0019816758	0.0654125148	0.0199197062	-0.0177750126	-0.0384153122	0.0171573333	-0.1252229938	0.0047302722	-0.0254945171	0.0380301505	0.1089857881	-0.0903097399	0.0557685604	0.1740015061	0.0968471216	-0.0455574557	-0.098851144	-0.0603386069	0.0085401056	-0.0372872318	-0.0247820081	-0.1381020539	0.0320913156	0.0280175241	-0.140882245	-0.1383653957	0.1001151703	-0.0266193944	0.0767054117	0.0191177255	-0.0273042208	0.0448887856	-0.0083247629	-0.0894742874	-0.0223955805	0.0581184522	0.0203252795	-0.0471555665	-0.104966133	0.0899287948	-0.0706693637	0.0615236569	-0.0707360287	-0.0172163486	-0.0249249881	0.0874133742	0.0459110552	-0.1142120498	0.0377192928	0.1250837258	-0.0662784263	-0.0774515772	0.0285754457	-0.011220358	-0.0082642297	0.0406271714	0.0381792309	-0.1435669349	-0.0160025605	-0.01087722	-0.011882963	-0.1005494981	0.0598830348	-0.0177166593	0.1295832903	0.0598212123	-0.0840380585	-0.1236906331	-0.0379421887	0.0192111893	0.0587790397	-0.0556281227	-0.1154130763	0.0276160010832882	9.7772185270701e-05	0.0007626435158321	9.559400212608282e-09	-0.0008458689161017	0.0745675919994255	7.154942232270647e-07	0.0055603257765927	0.0361098251145364	0.0271424522563279	0.0013039194698024	0.000736712714487	-0.0001639545996353	-0.0002499676891374	6.24838456127219e-08	2.6881110741571515e-08	0.0001750423344035	-0.0001269536067094	3.063981883342672e-08	1.61172182565504e-08	-0.0005169852602748	-0.0004299723444739	2.672737593414026e-07	1.848762170124623e-07	0.0	0.0	0.0	0.0	0.0	1.0	0.0	0.0	0.0	0.0	0.0	0.0	0.0	0.0	0.0	0.0	0.0	0.0	0.0
952754.4566142388	533.3019886700204	284411.0111193985	907741054598.2936	1524257.23787062	6017.896142183337	2323360127200.972	36215073.9781051	977655.7607375592	133.34345379157458	955810786503.3356	17780.476669065785	1053632.3053201025	926381.165781969	1.397716	26.169636	0.1073915047513247	0.0556763910886442	-0.0170821823	-0.1026962834	-0.1154645809	-0.0057419244	-0.0933507342	0.0242023526	-0.0674566819	0.0196836603	0.0761579986	0.1063472911	0.1025043248	-0.0435882061	-0.025772856	-0.1044873764	0.0481403966	0.0731966071	-0.0351987394	0.0552460387	0.0364880019	0.0002940746	-0.0908508934	0.0680925146	0.1735058398	-0.0729250514	-0.0594280288	-0.0493554927	-0.0561948158	0.0467611899	-0.0415918617	-0.1285840169	-0.0490384028	-0.0021183469	0.206936525	0.050590251	0.0047635643	-0.0515317699	0.0586131436	0.0359654646	0.0512683587	0.0276837102	0.0500966622	0.0013791466	0.0808863092	0.1087148786	-0.1223398929	0.012341484	-0.0669366667	-0.0009459857	0.0009496112	-0.0087869531	-0.0873693687	0.1118598766	0.0517661806	0.0199063594	0.0358402018	0.0090776439	-0.000248803	-0.0261076691	-0.032859091	-0.112482121	-0.1771625688	-0.02560088	-0.1094728097	0.0752049665	-0.0565522558	0.0370299072	0.0048467485	0.0582719622	0.0872072626	0.0763079166	-0.0335435334	-0.0038422059	0.0864610587	0.0332495719	0.0502467275	0.0097806097	0.0556293172	-0.0424416007	0.0952146162	-0.1747407541	0.0410604933	0.0352395172	-0.0699240139	0.0318821538	-0.0017022755	0.0046422995	0.1110294671	0.1623684329	-0.0484227285	0.0052103507	0.0028466031	0.0704237878	-0.1158976246	0.0859166043	-0.0531898478	-0.0057452875	-0.0737317719	-0.0716648332	0.0115019786	0.0298462144	-0.0700917851	-0.0660754824	-0.0147333241	0.0330650242	0.0398505661	0.0566846829	-0.0598166067	-0.1154130763	0.0275674304161839	-4.8570667104300136e-05	0.0007599632197511	2.3591097029567435e-09	-0.0394282922808031	-0.0385824233647014	0.0015545902321804	0.001488603392693	0.0091018399510574	-0.027007985163479	8.284349049466457e-05	0.0007294312625907	-0.0003573774630226	-0.0001934228633873	3.7412404080942125e-08	1.2771865107646985e-07	0.0006670658196876	0.0004920234852841	4.449768077954897e-07	2.4208711007111304e-07	-0.0003673810978254	0.0001496041624493	1.3496887103939614e-07	2.2381405422186457e-08	0.0	0.0	0.0	0.0	0.0	0.0	0.0	0.0	0.0	0.0	0.0	0.0	0.0	0.0	0.0	0.0	0.0	0.0	0.0
953326.1534004944	571.6967862555757	326837.2154149534	908830754757.3828	1516439.7732479784	-7817.464622641681	2299589585888.3804	61112753.12625424	978148.3039469786	492.54320941946935	956774104514.351	242598.81314523125	1050898.106237518	940268.6999546668	1.277895	23.926212	0.0862808264923294	0.04915234155894	-0.043616661	0.0609247153	-0.0206706281	-0.0590997608	-0.112144142	0.0264691333	0.0683185102	0.0990917019	-0.0121456334	-0.0327375917	0.0403195238	-0.0759340849	-0.048670213	0.0873723227	-0.0079870734	0.0724411926	0.0022887377	0.1365718951	0.0628693329	0.0571583923	-0.0887673385	0.0303653624	0.038719843	0.0568546971	-0.0364138721	-0.0505956895	-0.116231189	-0.0970087365	-0.0187380555	-0.0292729191	0.0798013107	-0.1175649926	-0.0571940261	0.1317987484	2.73513e-05	-0.0201147981	0.0390437119	-0.0348914392	-0.0191481387	0.0073616067	0.0137400661	0.0670180569	0.0577311921	-0.1196694316	0.023839962	0.0605266139	-0.0230652613	0.0085704722	0.074973874	0.0178656293	-0.1192651825	-0.1073952873	0.0487347256	0.0203258563	-0.0055587258	-0.0239422762	-0.0979067068	-0.0667457321	-0.0775075239	-0.1112471255	-0.0397480977	0.0084078648	-0.0701428018	-0.0372237237	-0.1276178346	-0.0549673909	0.0189990907	0.0872401458	0.0284492962	0.0599744307	0.0308945197	0.0082212307	0.009998334	-0.120067796	-0.0311646543	-0.0882765381	0.0816970587	-0.045498032	0.0218698134	-0.0047980422	0.0514923448	0.0376438146	-0.0314051704	0.0247991892	0.103079196	-0.0264865984	-0.0805030379	0.130033053	0.0049015031	0.0224716174	-0.0520991885	0.0638707825	-0.0122652769	-0.0811275498	0.0423681924	-0.1242629894	-0.1353137462	0.0024484551	0.0190098211	0.0021821646	-0.0322064842	-0.054631703	-0.0010494466	0.0714546775	0.0547860713	0.0545654623	-0.063900152	-0.1149575937	0.0276818483848586	0.0001144179686746	0.0007662847300022	1.3091471555644193e-08	-0.0218102838086622	0.0176180084721409	0.0004756884798143	0.0003103942225244	0.0130973193604262	0.0039954794093688	0.0001715397744289	1.596385571069006e-05	-0.0012403785245853	-0.0008830010615627	7.796908747208552e-07	1.5385388842524056e-06	0.000451347545713	-0.0002157182739746	2.0371460702114866e-07	4.6534373726580595e-08	-0.000559720175131	-0.0001923390773056	3.132866744486773e-07	3.6994320658769574e-08	0.0	0.0	0.0	0.0	0.0	0.0	0.0	0.0	0.0	0.0	0.0	0.0	0.0	0.0	0.0	0.0	0.0	0.0	0.0
953999.3826027412	673.2292022468755	453237.5587579644	910114822006.4116	1524719.1160293126	8279.342781334184	2324768382785.2085	68547516.89083046	977910.4996667654	-237.8042802131968	956308945358.5028	56550.8756877166	1053937.5806015115	931823.0789138388	1.181472	22.120874	0.0834688576672567	0.0434904480836144	0.0698362011	-0.0378876547	-0.0996019768	-0.0367147133	-0.1792766622	-0.119640932	-0.0643882579	-0.0186796887	0.0329591068	-0.0108868155	0.2463567336	-0.1276842649	-0.0063624865	-0.1446769985	-0.0011946931	0.03269731	-0.0141317111	0.0241200847	-0.0351921132	-0.0039996731	-0.0860501407	0.1437284834	-0.0426430923	-0.0918459187	-0.0707629493	-0.0852147701	-0.0896055421	-0.0808035412	0.0099419902	-0.0431864063	-0.1275352003	-0.0623342785	0.0586816367	-0.1699195997	0.0182778073	-0.0349175794	-0.0179541709	0.0125863901	-0.0342058024	-0.0785372453	-0.0256881521	-0.0175685046	0.1492254203	0.1579375742	0.001587468	-0.0749580257	0.0392479315	0.2093676718	0.0310389469	0.0077168185	-0.0841466075	0.1294564958	0.0088176202	0.0632904488	0.008524232	-0.0981153211	0.0662803088	-0.0260588533	-0.0569926806	-0.0898251481	-0.0826414925	-0.1216757393	0.0200480789	0.0654733242	-0.1424565324	-0.0231293736	0.0974110025	0.1372808377	0.0152146102	-0.0166390516	0.0425019463	-0.0247883417	-0.0411323299	0.1055942231	0.0647142341	0.0174489266	0.1427375156	-0.0400012471	0.0589856395	-0.0046694087	0.0076469985	0.0259340545	0.0205372384	0.0448956881	0.0684104077	0.0013781114	0.1100960023	0.1070260981	-0.0406600343	0.1011610712	-0.0498611779	0.1661041638	-0.0602104253	0.0433063547	-0.037941524	-0.112213802	0.0109845312	-0.1081500147	0.0567448238	-0.0067474842	-0.0460757641	0.0390203727	0.0062999454	0.0356263513	-0.0284755392	0.0524223074	-0.0678715947	-0.1140484259	0.008410781125363	-0.0192710672594955	7.07412391387625e-05	0.00037137403332	-0.0393529457944055	-0.0175426619857433	0.0015486543426974	0.000307744989546	0.0064836541984334	-0.0066136651619928	4.203777176486305e-05	4.374056687495726e-05	-0.0012403073681911	7.115639420003303e-08	5.0632324355504936e-15	1.5383623675891327e-06	0.0010587300044699	0.0006073824587569	1.1209092223648346e-06	3.689134512055774e-07	-0.0003663445250816	0.0001933756500493	1.3420831105726305e-07	3.7394142032028e-08	0.0	0.0	0.0	0.0	0.0	0.0	0.0	0.0	0.0	0.0	0.0	0.0	0.0	0.0	0.0	0.0	0.0	0.0	0.0
957612.6990429506	3613.316440209397	13056055.69708751	917022081368.3248	1518633.8743682615	-6085.241661051055	2306248844378.757	37030166.07339141	980731.141698756	2820.6420319905737	961833572297.7456	7956021.472631913	1052790.781695375	932953.7905722776	1.438489	26.933046	0.1316118995785996	0.0913903080065054	-0.0966132837	0.0158958682	-0.02373218	-0.0772178335	0.0499496994	-0.0716975231	0.0427095595	0.1394861871	0.0280884723	-0.1083398765	-0.0104117106	0.0132196052	0.0312963612	0.0725265626	0.0253079511	0.0317391698	0.0837783113	0.1002483568	0.0301629577	-0.0430972189	-0.0022770118	0.0476607385	-0.1140915429	0.1075492443	-0.0035608715	0.0351686248	-0.0965830227	0.0259233757	-0.0353301806	-0.1113247695	0.1623055937	0.0181724516	0.00332112	0.0848829703	-0.05448287	-0.1585103272	-0.011500796	0.0186080318	0.0007758895	-0.156159061	0.0199212355	-0.0875051579	0.0009190782	0.1295822341	-0.0539399872	0.0501813415	0.0089019729	-0.0811277556	0.0752684258	0.0509262018	0.1398165145	-0.0985109741	0.0821470097	0.0198833341	-0.0501260211	-0.0626708317	-0.0430374648	-0.0701635624	0.0385157278	0.0148617839	0.0566877044	-0.0070559402	-0.0277287061	-0.1448463313	-0.1196232896	-0.0246629544	0.0267561486	0.0386663329	0.1395923862	0.0194739916	-0.1590825899	0.0891004981	-0.0240107598	0.0116518852	0.0659945955	-0.078741039	0.0011868066	-0.0047247224	-0.0248186753	0.098228038	0.1486929293	0.0088378488	0.0832016107	0.0766602656	0.0368644243	-0.0410875735	-0.0785768058	0.1310827381	0.0493287735	-0.0053858295	-0.1239842983	0.0342029393	0.0890657986	-0.1041357757	0.0085193096	0.0196346683	-0.147053051	-0.0790357447	0.0337221449	-0.0288603432	-0.1409726683	-0.1417038212	0.0122985841	0.0304031817	0.1450581216	0.0502561585	-0.0717239676	-0.112689161	0.0060244035509384	-0.0023863775744246	3.629343814455921e-05	5.694797927716638e-06	-0.0380078953978682	0.0013450503965373	0.0014446001125752	1.8091605692251568e-06	-0.0019149109483294	-0.0083985651467628	3.666883940031802e-06	7.053589652441886e-05	-0.0028569024434187	-0.0016165950752276	2.6133796372501296e-06	8.161891571211738e-06	0.0010611296323717	2.399627901799933e-06	1.1259960966972993e-06	5.758214067096749e-12	-0.0011369879511697	-0.0007706434260881	1.292741601105072e-06	5.938912901728049e-07	0.0	0.0	0.0	0.0	0.0	0.0	0.0	0.0	0.0	0.0	0.0	0.0	0.0	0.0	0.0	0.0	0.0	0.0	0.0
956852.9059760532	-759.7930668974295	577285.5045054018	915567483674.8176	1522079.190490229	3445.3161219675094	2316725062123.391	11870203.18028924	978672.05242891	-2059.0892698459797	957798986205.4152	4239848.621194848	1052533.6605448893	947007.5669734152	1.51742	28.410866	0.2127929783485053	0.1154448224356483	0.1457486701	0.0853010538	0.0480848551	-0.0087228069	-0.0257144933	-0.0802910634	0.0081194422	-0.075701652	-0.0511411097	-0.0931439975	0.0694999084	0.0210213978	0.1756687196	0.0456661904	-0.12293868	-0.0888098631	-0.0840625959	-0.0124486527	-0.011081881	-0.0829345283	-0.0117048065	0.1123914531	0.0519383965	-0.0613677143	0.0057215011	-0.0167400724	-0.0089728165	0.079559735	0.1194482843	0.0332049766	-0.0734933061	-0.0660727565	-0.0549444094	0.0677039402	-0.0445416958	-0.0456459724	0.1413617139	-0.1316510371	0.027593364	0.0774836356	-0.1552319248	0.0154885857	-0.0661795522	0.0045376262	0.0400143988	0.1051384225	-0.187503299	0.0063924102	-0.0097070445	0.0078754698	-0.0727535318	-0.0544842731	-0.128590672	0.008107133	0.0415459745	-0.0401685692	0.0357737362	0.0726854588	0.1195213732	-0.0251106189	-0.1499284696	-0.1094107658	-0.0406954736	0.0753079978	0.1285709133	-0.0512899452	0.1511867207	0.0798041477	0.0068312965	0.0270566801	0.0501683162	-0.0264359294	-0.0625266989	-0.0559145924	-0.097838877	-0.1060832933	0.0998265702	-0.1167061904	0.0370064416	0.0586435731	0.0741990876	0.0167079632	-0.0130369271	0.0708716899	0.1029051302	0.0701987007	0.0243885243	-0.053394482	0.1395156458	0.1424515344	-0.021138242	0.1229839759	-0.0908228251	-0.0288356282	0.0068835679	-0.0120425773	0.1246190343	-0.0008374871	-0.047531063	0.1887455103	0.0020529499	-0.1162929599	-0.1120959156	0.1322691059	0.0544178899	0.0480679655	-0.0754505123	-0.1108851636	0.0106092830287565	0.004584879477818	0.0001125568863842	2.102111982611757e-05	-0.0739073891461004	-0.0358994937482322	0.0054623021703931	0.0012887736513793	-0.0310557743616044	-0.029140863413275	0.0009644611211988	0.0008491899204711	-0.0007967656016471	0.0020601368417716	4.244163806824663e-06	6.348354239680653e-07	0.0008237276684825	-0.0002374019638891	6.785272718236155e-07	5.6359692458448997e-08	-0.0005711719226469	0.0005658160285227	3.262373652201564e-07	3.20147778133314e-07	0.0	0.0	0.0	0.0	0.0	0.0	1.0	0.0	0.0	0.0	0.0	0.0	0.0	0.0	0.0	0.0	0.0	0.0	0.0
955892.4147258135	-960.491250239662	922543.4417869488	913730308530.3468	1525260.8032766173	3181.612786388257	2326420518012.032	10122659.922509251	977609.960419135	-1062.0920097749913	955721234710.7028	1128039.4372278803	1053401.025836	968098.0005771504	1.214076	22.731321	0.19434954108371	0.0989564025453633	0.1128239804	-0.0793531373	0.0834681318	-0.0418863967	-0.0418564896	0.0722151995	0.0156741564	-0.1262203473	-0.056211307	0.0160597816	-0.0708241172	-0.0144459753	0.0746482334	-0.1297012234	-0.0494218321	-0.0644089677	-0.0262981431	0.1198152402	0.105740136	0.0457064922	-0.0535853275	0.036589864	-0.0981490432	0.1303009258	0.0132833625	-0.1243674587	-0.029858007	-0.0351386164	0.1127375561	-0.0417724124	0.0317025531	0.0412237025	0.1420890691	0.0905142048	-0.0799907529	0.0587501845	-0.0501421924	-0.1246526677	-0.0221802984	0.0824039487	0.0541214409	0.1368972864	0.0460517276	-0.0454436263	0.0244599957	-0.054730217	0.0799827067	-0.0001804343	0.1310903862	-0.043566692	-0.0384287895	0.0707588417	-0.1254800368	0.0375376179	-0.0567794419	-0.0138274966	-0.1578381002	-0.0806108343	-0.0173770845	-0.0188715016	0.006770191	0.0075186348	0.0207639987	-0.1229550344	-0.0024668437	-0.1358236854	0.0277714993	0.0019864575	0.0531048136	0.013003685	-0.0757718803	-0.1600668249	0.1495381291	0.024924896	-0.0370969356	0.0057928033	-0.0647773813	0.0307983573	-0.0362845889	0.0072217126	-0.0584590334	0.0249024058	-0.0226201542	0.0573473104	0.1496109842	-0.0749347069	0.0685495603	0.0611277132	-0.0033780634	0.0097721107	0.0760079317	0.0658387879	0.0573415474	-0.0774254979	0.0607511323	-0.0073278296	0.0140070116	0.0086145156	0.0663828533	-0.0345792656	-0.012910715	-0.025857226	-0.0335043216	0.0337266155	-0.1176845146	0.0458586883	-0.0790446912	-0.108643553	0.0240340319950007	0.0134247489662442	0.0005776346939367	0.0001802238848066	0.0100115113592238	0.0839189005053242	0.0001002303596958	0.0070423818620225	0.0104126147538323	0.0414683891154366	0.0001084225460117	0.0017196272958292	-0.001228097521312	-0.0004313319196648	1.8604722492180766e-07	1.508223521852678e-06	0.0007122005106519	-0.0001115271578306	5.07229567372827e-07	1.2438306933771585e-08	-0.0011390628950855	-0.0005678909724386	1.2974642789605609e-06	3.225001565772587e-07	0.0	0.0	0.0	0.0	0.0	0.0	0.0	0.0	0.0	0.0	0.0	0.0	0.0	0.0	0.0	0.0	0.0	0.0	0.0
954889.2797409708	-1003.1349848427344	1006279.797815433	911813536564.23	1521495.8596276955	-3764.943648921792	2314949650864.22	14174800.679556534	981434.123296801	3824.162877665949	963212938371.3604	14624221.714918312	1055954.3490604574	934975.6098732664	1.400664	26.224836	0.0835829527535188	0.0477691819033247	-0.0917552191	-0.0883481564	-0.0491096061	-0.0644784614	0.0390219861	0.0640516402	-0.0004898382	0.0851072882	0.1134885545	0.1120809109	-0.0568143105	-0.0557686945	0.1617230418	0.0348666917	0.1026762982	0.0976791672	-0.0268896073	0.058956449	-0.0364087873	0.0034742881	0.0468611861	0.0421896577	0.0048174712	0.0874723667	-0.0174329577	0.0090902034	-0.1350525743	0.0575327838	0.1952334443	0.0277395584	-0.0942604416	0.0119912429	0.0077216857	0.0898635265	0.0587091947	0.0587414446	-0.0261004581	0.0606716764	0.0098207858	0.0937702523	-0.0235501225	-0.0056584722	-0.0706413205	0.0317959782	0.1437401714	-0.0734736312	0.1182339399	0.0610428935	-0.0079934758	0.0533066783	0.0134606427	-0.0003523934	0.1090674951	-0.0453534877	0.0280817029	0.0219317218	-0.0639527309	-0.0602039609	-0.0379633602	0.1302762562	-0.0667167026	-0.0041870035	-0.0370995393	0.0285863457	0.045870563	-0.0150422004	0.166781193	0.0227799395	0.1144555546	-0.0921657496	0.0223162543	-0.0363886325	0.1096134963	-0.1040266068	-0.0743535389	0.0728967873	0.0261520168	-0.0022904699	-0.0947378869	0.0325896054	-0.0549570594	0.0124164103	-0.0509475978	0.0599196849	-0.0585427291	-0.0178726299	0.0643468748	0.1695999549	0.0215925283	0.0171194056	0.0026610305	0.023478527	0.0142438954	-0.0601679312	0.0608355748	0.056515811	0.1537945885	0.0760417426	-0.0449338601	0.0221625255	0.080270854	-0.0451160763	-0.0083952225	-0.0158089976	-0.1052518655	0.043629296	-0.0825001988	-0.105973176	0.0082877942189725	-0.0157462377760282	6.868753301603398e-05	0.0002479440040992	-0.0250719129404473	-0.0350834242996711	0.0006286008184933	0.0012308466605907	-0.0183646218403623	-0.0287772365941946	0.0003372593353395	0.0008281293459982	-0.0012086288281378	1.9468693174199813e-05	3.790300139111344e-10	1.460783644205752e-06	0.0006521894103834	-6.00111002685e-05	4.253510270162469e-07	3.60133215543596e-09	-0.0011391041833153	-4.1288229799939936e-08	1.2975583404464164e-06	1.7047179200126476e-15	0.0	0.0	0.0	0.0	0.0	0.0	0.0	0.0	0.0	0.0	0.0	0.0	0.0	0.0	0.0	0.0	0.0	0.0	0.0
955249.3527793587	360.0730383879272	129652.59297391372	912501325985.3838	1517241.5710495282	-4254.288578167325	2302021984920.8403	18098971.30632496	979051.4971119668	-2382.626184834168	958541833997.1836	5676907.53665742	1051019.6701786038	929681.7236408008	1.315042	24.621717	0.0999422169101315	0.0538435965308989	-0.0775080644	0.0962104488	0.019967229	0.0100241227	-0.1268719715	-0.0475740505	0.101136334	0.0470444428	0.0112355438	-0.0480108642	-0.0213229363	-0.0141950463	-0.0707231409	0.0879877495	-0.0602771865	0.0259303493	0.0150714484	0.0961166522	0.0159493393	-0.1030298251	-0.2044490583	-0.031585493	0.0053961861	0.0781433403	-0.0429575702	-0.0567129655	0.0323740827	-0.0482618874	0.1160165201	0.0706737223	-0.0033384632	0.084159108	0.0079012841	-0.0198253213	0.0074693432	-0.2055935777	0.0032847971	0.0846524918	-0.0462264246	-0.0098412583	-0.054515519	0.1452312922	0.0169844466	-0.0713383788	0.0505923182	-0.0575921511	-0.0153413536	-0.1164036011	0.1185401406	0.0484456052	0.0052749394	-0.1251169426	0.0201746682	0.0753930212	-0.0497877646	-0.073154811	-0.0971134794	0.0235352285	-0.0224844582	-0.1227899351	-0.0399253629	0.0970758743	0.0539391614	0.036062367	-0.0672023196	-0.0549364317	0.0807998883	-0.0263940945	-0.0449259965	-0.0568840736	-0.1272503177	0.0094085856	0.0005039497	-0.103087093	0.033270512	0.0592387609	0.0840959473	0.1503914567	-0.1239548255	-0.0994257289	-0.0237038017	0.0085854831	-0.0361335498	0.0447375039	0.1256117824	-0.0798409553	-0.1122664972	0.1380743383	0.0351204728	-0.052001233	-0.0058489425	0.1246320682	-0.0077572893	-0.0614097004	-0.0467036685	-0.0688638202	0.0405892911	0.0513502246	0.0276816471	0.0313591509	0.118716191	0.068081891	-0.0849058503	-0.0291044645	0.0410453001	0.0413807664	-0.085810973	-0.1028845713	0.0170352083805909	0.0087474141616184	0.0002901983245701	7.651725451488212e-05	-0.0042325140915693	0.020839398848878	1.7914175535332694e-05	0.0004342805443826	0.0189862063660228	0.0373508282063851	0.0003604760321732	0.0013950843677028	-0.0018671310455883	-0.0006585022174504	4.336251703872255e-07	3.4861783413996584e-06	0.000653064456487	8.750461036000036e-07	4.2649318432666076e-07	7.657056834255481e-13	-0.0011383899330044	7.142503109000119e-07	1.2959316395657622e-06	5.101535066207637e-13	0.0	0.0	0.0	0.0	0.0	0.0	0.0	0.0	0.0	0.0	0.0	0.0	0.0	0.0	0.0	0.0	0.0	0.0	0.0
955832.9155498306	583.5627704719082	340545.50708084897	913616562448.4896	1529317.4978520889	12075.926802560689	2338812009236.5737	145828008.14080358	977725.137848045	-1326.359263921855	955946445179.9784	1759228.896991325	1054737.8408976148	947794.08908287	1.347266	25.225061	0.0555188390193004	0.0288504720659212	0.1561473063	-0.0310291226	-0.0549939948	0.0081142638	-0.1083376771	-0.0403635582	-0.0103101162	-0.0877537049	-0.0483438373	-0.016537237	0.1310700913	-0.0698840631	0.0247517654	-0.1396586624	-0.0757361324	-0.0301549731	-0.0226720214	0.0472686652	0.0049856534	0.0609809692	-0.0547009261	0.0864334411	-0.0780644779	0.0670396552	-0.02907686	0.0357483291	-0.0762908814	-0.1272990042	0.0804627969	0.0536454192	0.0155567893	-0.0889144332	0.064378693	-0.0455444997	0.0037452167	0.0189048683	0.001524529	0.0071777967	0.1224817485	0.0531564957	-0.0713436931	0.0142518075	-0.0035484614	0.054998199	0.0391092634	0.0637034612	0.014918802	0.1398091689	-0.1427625987	-0.0532682984	-0.0562841079	0.0936761905	-0.0923674905	0.0592777422	0.0086116137	-0.0970509032	-0.0041282021	-0.0369943877	-0.0877581493	0.0064580508	0.0111113087	-0.068101632	0.0215131374	-0.045603402	-0.060762101	-0.0882797192	0.0061446419	0.0563459202	0.0460486693	-0.0437568902	0.0808928403	-0.1147411605	-0.0333651737	-0.078322732	-0.1588586678	-0.011364372	0.0363183172	-0.0403832148	-0.0526757249	-0.0138134093	0.0123445988	0.0105905543	-0.025793173	0.0586049198	0.1270531621	-0.0131531526	0.1476213223	0.006830756	-0.0130744112	0.0670399326	-0.0048955724	0.0990605971	0.0074833479	-0.0445116362	0.0580816798	-0.09806341	0.1415239347	-0.0073338888	-0.0136740094	-0.043962013	0.0435791438	0.0994703688	0.0102217055	-0.0197848117	-0.0600420906	0.0391140859	-0.0889712056	-0.0993899282	0.0244376315308016	0.0074024231502107	0.0005971978348352	5.47958684947753e-05	-0.0220245975368982	-0.0177920834453289	0.0004850828966623	0.0003165582333255	0.0145571147002669	-0.0044290916657559	0.0002119095883967	1.9616852983668385e-05	-0.0014351759769615	0.0004319550686267	1.8658518131238344e-07	2.059730084847396e-06	0.0005678179117216	-8.524654476539998e-05	3.224171808718788e-07	7.2669733944393425e-09	-0.0011390931347723	-7.032017679000323e-07	1.2975331696853852e-06	4.944927263777309e-13	0.0	0.0	0.0	0.0	0.0	0.0	0.0	0.0	0.0	0.0	0.0	0.0	0.0	0.0	0.0	0.0	0.0	0.0	0.0
955763.8986617012	-69.01688812940847	4763.330847067284	913484629985.0148	1524085.7697944744	-5231.728057614528	2322837433690.016	27370978.46883108	979377.3450088864	1652.2071608414408	959179983916.6554	2729788.5023357347	1053109.821540827	941755.8751757412	1.636172	30.634295	0.0581269723639255	0.0288165614558966	-0.0940108787	-0.0618298943	0.0015478132	-0.0465365107	0.1506864975	0.096907569	0.0066718728	0.0403543683	0.0609542724	-0.0311637507	-0.056514566	-0.0123795655	0.033833774	-0.0170285713	0.0273001709	0.0799763009	0.0231480016	0.0815219605	-0.0100457296	0.0567613389	-0.0014642683	-0.0327866742	-0.0327092965	0.0919942622	0.0230882224	-0.0836533155	0.0106042431	-0.0527131755	0.0911984396	0.0218891434	0.0659360971	-0.0179663248	0.0354432015	0.0304655015	0.0105062644	0.0895537968	0.0457800581	0.0287557129	0.0221412577	-0.0109592142	-0.0334307878	-0.0581641436	-0.0510251095	0.0256891976	0.0856873235	-0.0093193423	-0.1585127314	0.0309589904	0.1547716192	0.0811829391	0.0127365278	-0.0100013156	0.0639529652	0.0474652647	-0.0191256965	-0.0354798637	-0.0987356205	-0.0758966969	-0.0197966986	0.0117701237	0.0246525612	0.0891600602	-0.0033763083	-0.0815948703	0.0198418794	-0.1172112925	0.1226098706	-0.0296756795	-0.0131568858	-0.049172513	-0.0163311357	-0.0562857081	0.0529233739	0.0190979417	-0.0594544227	-0.0092044514	0.0577157466	0.0027280285	-0.0024238054	-0.0509006156	0.0263197542	0.0084506689	-0.0474428214	0.0542101637	0.0250836431	-0.0768225112	-0.0418481072	0.1585458301	-0.0282754463	-0.067952658	0.0045872326	-0.0371442236	0.0678350855	-0.1082499508	0.0128483174	0.1380653941	0.1507250078	0.0301630057	0.0150014811	-0.0162727971	0.0696756351	-0.0022037185	0.0294775851	-0.0841290117	-0.075694643	0.0368302486	-0.0919753525	-0.0955030384	0.0339376825585446	0.009500051027743	0.0011517662974445	9.025096952972092e-05	-0.0042595797327749	0.0177650178041233	1.8144019499866688e-05	0.0003155958575808	0.0087393208959127	-0.0058177938043541	7.637572972173635e-05	3.384672474998211e-05	-0.0018501283184986	-0.000414952341537	1.7218544574712205e-07	3.422974794910457e-06	0.0006530541590643	8.523624734269996e-05	4.2647973467118e-07	7.265217861065926e-09	-0.001138399529098	6.936056742999543e-07	1.2959534878505482e-06	4.810888314210945e-13	0.0	0.0	0.0	0.0	0.0	0.0	0.0	1.0	0.0	0.0	0.0	0.0	0.0	0.0	0.0	0.0	0.0	0.0	0.0
955220.5619752968	-543.3366864044219	295214.75479293714	912446322020.402	1520062.8889824797	-4022.8808119946634	2310591186461.762	16183570.027514836	979362.371667654	-14.973341232398525	959150655038.492	224.2009476618458	1053835.554261983	937571.0529570472	1.585959	29.694149	0.1233438218520291	0.0550561632779978	0.0564030473	0.1426143718	-0.0228979666	0.0076549391	0.0011039389	-0.0089824227	0.0986092566	0.0160443327	-0.0922866378	-0.0147074213	0.0175371571	-0.0388866075	0.0738101815	0.0565992829	-0.1148170763	-0.0735960281	-0.0280604711	0.0001466854	0.0159287384	-0.0825515197	0.0058588331	0.0987249348	0.1331016522	-0.0320077838	-0.0269958977	-0.1363251531	-0.0181905374	-0.0604874565	0.0969442978	0.0714676988	-0.0990894284	0.0295812208	-0.0104374259	-0.0235035469	-0.0310700295	0.0193491591	0.0542266308	-0.0523091594	0.1726638596	0.1369961274	-0.0376572478	-0.0099129657	-0.0028702541	-0.0350559118	0.1008062773	-0.0477542424	-0.0164143405	-0.0210444776	-0.093804311	0.0019647084	0.0385079498	-0.0972469088	-0.1046711783	0.007533499	0.0490431831	-0.0250812211	0.0762242136	0.0257756247	0.049529283	-0.0155481182	-0.1843642988	0.0030177633	0.0003278304	0.0524164028	-0.0420676501	-0.0402951534	0.118676266	-0.0138974987	-0.0195219218	-0.0276087171	0.0801994782	-0.1083596757	0.056373881	0.0097213148	-0.0300024643	0.0013153845	-0.0037178213	0.0716063336	-0.0302689138	-0.0493043957	0.0110290447	-0.0040076314	-0.0428676635	0.0587430521	0.107332391	0.0503841995	-0.020894152	-0.0020320534	0.0753966008	0.0857019541	-0.0382707316	0.054997007	-0.1243187221	-0.060282224	-0.0043153837	0.0312923896	0.1565819854	0.1477189936	-0.0161313533	0.0046991047	0.0767546923	0.0608653377	0.0225604299	-0.0477482359	0.0115593609	0.0345302564	-0.0948181434	-0.0912392418	0.0081947138754543	-0.0257429686830903	6.715333550056324e-05	0.0006627004366185	-0.0367886699202131	-0.0325290901874382	0.0013534062344983	0.0010581417084224	-0.0082165943810679	-0.0169559152769806	6.751242322299659e-05	0.0002875030628801	-0.001435807076739	0.0004143212417596	1.7166209137321696e-07	2.061541961613793e-06	0.0006514257208305	-1.6284382337999892e-06	4.243554697595365e-07	2.6518110813016283e-12	-0.000592032255001	0.000546367274097	3.505021909615691e-07	2.985171982041864e-07	0.0	0.0	0.0	0.0	0.0	0.0	0.0	0.0	1.0	0.0	0.0	0.0	0.0	0.0	0.0	0.0	0.0	0.0	0.0
955854.8891815124	634.3272062155884	402371.0045452736	913658569172.2014	1533960.1115229111	13897.222540431423	2353033623743.382	193132794.3382752	978330.4940388032	-1031.877628850867	957130555566.2086	1064771.4409228878	1054526.8659634285	949958.8058937244	1.398746	26.188932	0.1672976890998229	0.0846236089799069	0.0366561398	-0.1311592099	-0.0125731567	0.0256537227	-0.1088381955	0.032287097	-0.0983464423	-0.0855313576	0.014689328	0.0376442574	0.0492489395	-0.0852240411	-0.1130832518	-0.1686192319	-0.0168558569	0.0309585675	0.0349731443	0.0311242771	0.0710506494	-0.0403116785	-0.1259317395	0.0395968885	0.0143662006	-0.0329614906	-0.1215981841	-0.0145353311	0.0199786217	0.0003052884	0.1316329978	-0.1174215157	-0.2639530099	-0.0689438863	0.0662167808	-0.0036263713	0.0076004978	-0.0384865659	-0.0664426498	-0.0227579492	-0.148839288	-0.0387979372	-0.1165765801	0.0288887853	-0.0011538789	-0.0382989184	-0.0123132472	-0.1437182073	0.0010568062	-0.0451298653	-0.0235590279	-0.1291681997	0.226529943	0.1475306223	0.0005710092	0.097651224	-0.0265237909	0.01054557	-0.0539081062	-0.005230705	0.0324651266	-0.1432664558	-0.0711166905	-0.0135634131	0.0588019415	0.0630110941	-0.0498164161	-0.0190088637	0.0115427251	0.146364967	0.0808838612	-0.1247789901	0.0180111587	-0.0635697375	0.0789773634	0.093964284	0.1547287107	0.1263677929	0.1340063572	0.1457350384	-0.0320031547	0.143354674	0.0003579426	-0.0052322636	-0.0221688313	0.049059271	0.097473903	-0.1310552638	0.0847014826	0.1115143952	-0.0796780643	0.0010909744	0.1070306313	0.1182743757	0.0173834092	0.0332007359	-0.0607128623	-0.030106463	0.0636891405	0.0284790919	0.0991402311	-0.1281354764	-0.0051330892	0.0887471371	0.0466967079	-0.0256205208	-0.0041851574	0.032215118	-0.097494591	-0.0866153656	0.0247288255996949	0.0165341117242406	0.0006115148155401	0.0002733768505096	0.029163419327034	0.0659520892472471	0.0008505050268444	0.0043496780760768	0.0336937752553723	0.0419103696364402	0.0011352704909595	0.001756479083063	-0.0013619969683898	7.381010834919995e-05	5.447932094520636e-09	1.855035741903006e-06	0.000889275140069	0.0002378494192385	7.908102747447397e-07	5.6572346232091775e-08	-0.0011383950972512	-0.0005463628422502	1.2959433974455691e-06	2.985123553917171e-07	0.0	0.0	0.0	0.0	0.0	0.0	0.0	0.0	0.0	0.0	0.0	0.0	0.0	0.0	0.0	0.0	0.0	0.0	0.0
954316.3308124616	-1538.5583690508502	2367161.854976412	910719659255.3596	1521808.367166442	-12151.744356469018	2315900706377.7925	147664890.90497664	980031.7043098342	1701.2102710310137	960462141452.4382	2894116.386261415	1054752.0883955725	929870.769659062	1.379564	25.829784	0.2350317714213191	0.1278251836491006	-0.0832157559	0.0690027011	-0.0310068146	-0.0445034002	-0.0312469101	0.0034659296	0.0686015374	0.1134445042	0.0178341803	0.0196011482	0.0071333874	-0.0917815069	0.0362126245	0.0745329648	-0.0214768191	0.1027473222	0.0637625958	0.0102511393	-0.0072985744	0.0591870461	0.061242389	0.1249240183	-0.0262509746	-0.0117820856	0.0187364254	-0.0626164491	-0.0366827683	0.1246912155	-0.122054958	0.0329888041	-0.0602835119	-0.0376409146	0.1149335188	-0.1088225802	-0.1288893367	-0.0015154264	0.032987579	0.059077426	0.1610084426	-0.0600623426	0.0436068838	0.0555062783	0.0240308235	-0.0791952091	0.1368326599	0.116520796	0.0465982042	0.0121810225	-0.1760495683	0.0690884271	0.1127016459	-0.0810903094	0.0776415633	0.0279405754	0.06114449	0.0340610154	0.0377118603	-0.0824562651	-0.0809739684	0.0473030422	-0.0167966442	-0.106612234	0.0442868993	0.0267262055	-0.1079587727	-0.01783451	0.0569135924	0.0211074139	0.148129239	0.1161825677	0.0354672408	-0.0481882208	-0.0684465098	0.0564877151	0.0240377995	-0.0500205257	-0.0204097596	0.0596342887	-0.0440761948	-0.0639540436	-0.1152976208	-0.0216060194	-0.0030132726	0.0472077868	-0.0365827945	0.0698424433	-0.0326711328	0.111863509	0.1067931894	0.0810613056	-0.0909441876	0.0136646467	0.0065291577	-0.0176161265	0.0969172034	-0.0607990386	0.0529970349	-0.0154107621	0.0255100441	-0.028372867	-0.0203582433	0.0225087123	0.1570391281	0.0239018814	0.0757717701	0.0298858491	-0.1	-0.0816496581	0.0083574628439464	-0.0163713627557485	6.984718518794465e-05	0.0002680215184803	-0.0712290238564605	-0.1003924431834945	0.0050735738395442	0.0100786426483511	-0.0341956410151738	-0.0678894162705461	0.0011693418644386	0.0046089728415554	-0.0017902429241723	-0.0004282459557824	1.8339459864406687e-07	3.2049697275489877e-06	0.0008120711561006	-7.72039839684e-05	6.594595625705652e-07	5.960455140592965e-09	-0.0006362740527715	0.0005021210444797	4.048446702302696e-07	2.52125543309385e-07	0.0	0.0	0.0	0.0	0.0	0.0	0.0	0.0	0.0	0.0	0.0	0.0	0.0	0.0	0.0	0.0	0.0	0.0	0.0
955972.707616263	1656.376803801395	2743584.116171325	913883817707.169	1531338.4994103771	9530.13224393502	2344997599776.426	90823420.58688992	977815.6531027844	-2216.05120704975	956123451452.8248	4910882.952266653	1053401.1090430964	929460.08110062	1.178683	22.068661	0.0938812266147113	0.0468077779202099	0.0890805417	0.0123838561	-0.056220083	-0.0268942992	0.0463401484	-0.027663364	-0.019134159	-0.0606120419	-0.0579776422	-0.0317878561	0.1332426476	-0.0947852493	-0.0171486141	-0.1371284909	-0.0813114796	-0.0218594011	-0.0143102079	0.0819126494	0.0154589224	0.0703739467	-0.0236205303	0.0130931103	-0.096542125	0.0310926901	0.0023000752	0.0131512066	0.0150945347	-0.0418728603	-0.0210199379	0.0706877248	0.0476177148	0.0197793995	-0.0569286132	-0.0307629356	-0.0301926558	-0.0338217375	-0.0581826071	-0.0787898	0.0680000988	0.1539443534	-0.0290455387	-0.1176004793	-0.0293830081	0.0757281891	0.0754754642	-0.0260342989	-0.0131795522	-0.0395407677	0.0977834138	-0.1188930728	0.0016254291	0.0768887297	-0.0726368641	0.0968765323	-0.016943656	-0.1245215772	-0.0594390612	-0.0628998784	-0.0563977652	-0.0101161234	0.0655658725	-0.0266012525	0.0421128589	-0.0616965464	0.0020078362	-0.0393179813	-0.0196960362	-0.0289220247	-0.0488380381	0.0214132837	0.0927327112	-0.1278695709	-0.0191813902	0.0229474683	0.0108221324	-0.0256289396	-0.0971344867	-0.0171987002	-0.1069853484	-0.006538899	0.0834594616	-0.0236311958	0.0139288757	0.0440230071	0.0997839208	-0.0711960003	0.0402238921	-0.015642777	-0.0319384229	0.1153179436	-0.0084691057	-0.0130943325	0.0975977374	-0.0714370683	-0.0363288078	0.0567882345	0.1049981276	-0.1148604667	0.075056207	0.0389637031	0.0197052334	-0.0348290608	0.0876611075	-0.012665331	0.1116564763	0.0275434712	-0.102329975	-0.0763617167	0.0083763108887353	1.8848044788900148e-05	7.016258410474555e-05	3.55248792364386e-10	-0.041557543204064	0.0296714806523965	0.0017270293971576	0.0008803967641055	-0.0115698142313078	0.0226258267838659	0.0001338606013469	0.0005119280376535	-0.0021185432888713	-0.0003283003646989	1.077811294614963e-07	4.488225666821624e-06	0.0008132071882436	1.136032142999956e-06	6.613059310110619e-07	1.2905690299290724e-12	-0.0011381390786027	-0.0005018650258311	1.2953605622426027e-06	2.5186850415255097e-07	0.0	0.0	0.0	0.0	0.0	0.0	0.0	0.0	0.0	0.0	0.0	0.0	0.0	0.0	0.0	0.0	0.0	0.0	0.0
956892.7519312148	920.0443149518688	846481.5414752534	915643738698.4934	1523140.9142099055	-8197.58520047157	2319958244540.187	67200403.11899053	982340.1413655214	4524.488262736937	964992153338.0323	20470994.03964431	1055466.993749149	940801.8373773803	1.257172	23.538219	0.1717559684007969	0.0848669815982591	-0.1131580982	-0.0580212063	0.0142940765	-0.0788326665	0.037392184	-0.0214711716	0.0001385899	0.0890915655	0.0600824651	-0.0330926162	-0.0046000362	0.0145532829	0.1098027896	0.0394470345	0.0461713633	0.1061654947	0.0712322081	-0.0057204728	0.0424085191	0.032614923	0.1286168097	0.0681639978	-0.0459053963	0.0137629557	-0.0730728579	-0.1515870723	-0.1011938312	0.0574631234	0.0048886837	-0.0245578095	0.0435668874	-0.0002002482	0.0498957448	-0.0972797638	0.0810046276	0.0198228237	-0.0446751873	0.0410291421	-0.006858249	-0.0629071102	-0.0891888166	-0.1093602764	-0.0775456012	-0.0796169847	-0.0223494282	-0.0861338824	0.0902482681	-0.0451952382	-0.0749120707	-0.0319973572	0.0607528586	-0.0365093424	0.0932608732	0.0150191201	0.0260492452	0.0473449539	0.0042082438	-0.0712860067	-0.0028723078	0.1408917502	0.0178234664	-0.0796172654	-0.0578774609	-0.0714543574	-0.1227916853	-0.0519937216	0.0827044055	0.011516818	0.0279452687	0.0414261929	0.0337297762	-0.0793282341	-0.0074664944	0.0064202731	0.0850661483	0.1221304893	-0.0412792704	0.0242682769	-0.0370818616	0.0118554329	-0.0312897072	-0.0452999709	0.0783536864	0.05761219	-0.105139312	0.0643782149	0.0424717075	0.1117090704	0.0883216212	0.032245217	-0.0873917551	-0.002248071	0.0231770677	-0.0669911289	0.0239593526	0.081682871	0.0251020424	0.0302077241	0.0480610331	-0.0903075034	-0.0004696011	0.0333299747	0.0408440634	0.0123037041	-0.1294524046	0.0251890118	-0.1044804285	-0.0707724105	-0.0271557901101147	-0.03553210099885	0.0007374369365046	0.0012625302013924	-0.0700780894410826	-0.0285205462370186	0.0049109386197123	0.0008134215576579	-0.0699031091823911	-0.0583332949510832	0.0048864446733652	0.00340277329985	-0.0027633466408827	-0.0006448033520114	4.157713627651378e-07	7.636084657677703e-06	0.0011540743177869	0.0003408671295433	1.3318875309752987e-06	1.161904000030889e-07	-0.0011364090358805	1.730042722199827e-06	1.2914254968308476e-06	2.993047820636588e-12	0.0	0.0	0.0	0.0	0.0	0.0	0.0	0.0	0.0	0.0	0.0	0.0	0.0	0.0	0.0	0.0	0.0	0.0	0.0
955899.3507154692	-993.4012157456018	986845.9754448396	913743568698.2556	1521965.4172422506	-1175.496967654908	2316378731281.378	1381793.120965884	977659.5989706754	-4680.542394845979	955818291459.5018	21907477.10995053	1051970.4145561005	933727.3088833238	1.286414	24.085714	0.1144549738818409	0.0659930712268878	0.0480413845	0.0901947413	0.0194971163	-0.0449921652	0.1290364926	-0.0276279267	0.0536543351	-0.0658583349	-0.0526448395	-0.0270159214	0.0534586388	0.0412966343	0.0581214883	-0.0304833468	-0.1697419503	-0.0564831816	0.0538804248	0.0783091004	-0.0872491701	-0.0913026506	0.0425673771	-0.0088654978	0.0581649368	0.057513325	-0.0052157137	0.0013091248	0.1296394396	0.2074769973	-0.0072268222	0.0837933974	-0.0116956061	0.1016190449	-0.0040262966	0.0060208191	0.016895754	-0.0599362262	-0.0722675324	-0.1532041755	0.0706689642	-0.0311188384	0.0145596333	-0.1878972114	0.0284347643	-0.0589965029	0.0929192096	-0.0250124137	0.109490318	-0.0528901301	0.0040308256	0.0082732245	-0.1397128947	-0.037352647	-0.1171628566	0.1213125687	0.0051210001	-0.0617363778	0.004718412	-0.0573156624	0.1310209992	0.0209455131	-0.0458998013	0.0628328324	0.0128076081	0.0359919716	0.1437297556	-0.0084174918	0.0095466508	-0.0195140805	0.0334607501	0.0436156239	-0.0253889828	-0.0607486125	-0.104787392	-0.002297732	0.1308259726	-0.1071625123	-0.0464516819	-0.0189367444	-0.0909336563	-0.0391841614	-0.1702913683	-0.0487927907	0.1088529952	0.0593952351	0.1058057323	-0.0285421319	-0.0821009734	-0.0327492484	-0.0048938303	0.1041280547	0.0056921784	-0.0168694017	0.0646989709	0.026481777	-0.1141450509	0.2292017989	0.0342144998	-0.0273221586	0.0808274639	-0.0184587742	0.030343029	-0.0597058641	0.1170724259	-0.0905884573	0.0697868259	0.0228235037	-0.1064475877	-0.0649037979	-0.010365929834748	0.0167898602753667	0.0001074525013389	0.0002818994080663	-0.0510436504378617	0.0190344390032208	0.0026054542500226	0.0003623098681673	-0.0113458404771478	0.0585572687052432	0.0001287280961328	0.003428953718218	-0.0031198766256366	-0.0003565299847538	1.271136300286161e-07	9.733630159193617e-06	0.0011092739967573	-4.480032102960004e-05	1.2304887998819144e-06	2.007068764355224e-09	-0.0011362712237038	1.378121767001226e-07	1.291112293817331e-06	1.899219604682581e-14	0.0	0.0	0.0	0.0	0.0	0.0	0.0	0.0	0.0	0.0	0.0	0.0	0.0	0.0	0.0	0.0	0.0	0.0	0.0
956380.7933353956	481.4426199264126	231786.99628160815	914664221860.8408	1526715.4959568733	4750.07871462265	2330860205594.842	22563247.79511117	980500.9826347748	2841.383664099383	961382176947.7588	8073461.126610836	1054960.662957573	930960.5714747892	1.407626	26.355185	0.130690898494282	0.0856871711028845	-0.0463457007	-0.1183401523	-0.0382456483	-0.0425642742	-0.0215895725	-0.0858582853	-0.0448618961	0.0358297538	0.075457633	0.0257117903	0.04646597	0.0558202065	0.089284449	-0.0583791591	0.0453728106	0.0976304619	0.1229256528	-0.0138888625	-0.0496805846	-0.0274841841	0.1283200374	0.0809050663	0.0545093951	-0.0216397191	0.0114864722	-0.0760048788	-0.0021894206	0.0844381613	0.0987438818	-0.028541445	0.0525490045	-0.0612323384	-0.0246541846	0.0545376865	-0.0577308953	-0.0690484908	-0.1133150286	-0.0474966254	0.0935695642	-0.0487325169	-0.0242199782	0.0253523237	-0.0352874718	-0.0746880266	-0.0807402424	0.0766938681	-0.0330900971	-0.0332878628	-0.0769470445	0.1078689297	-0.0765837695	0.0335589992	0.0904534368	0.060222069	0.0383865048	0.0375779711	0.0679218841	-0.0840840039	0.0993250512	0.0875614756	-0.0558200482	-0.0826281522	-0.0843166149	-0.0408626911	0.0193334385	-0.1165400692	0.0018693221	-0.0124038508	0.0080137071	0.0792294674	0.021698436	-0.0378859567	-0.0182826922	-0.0859485837	-0.018265392	-0.0587236353	-0.0110149131	-0.008737251	-0.1051896442	0.0591136077	-0.0379034094	-0.0530550017	0.0990521898	0.0758460261	-0.1472991154	0.041309	0.1431123888	0.0482874578	0.0603209872	-0.0022517552	-0.0710968628	0.0445664354	0.0095884666	-0.0680894309	0.0495077586	0.0455228822	-0.0242218512	0.1099339188	-0.0334769436	-0.0563196789	0.0231292355	-0.0502867354	0.0061253494	0.0117921261	0.0442176031	0.0204479845	-0.1082280018	-0.0587790397	-0.0170963165575699	-0.0067303867228219	0.0002922840398366	4.529810543873733e-05	-0.0693513391405673	-0.0183076887027056	0.0048096082405899	0.0003351714656351	-0.0918810634990023	-0.0805352230218545	0.0084421298297076	0.0064859221471798	-0.0035029462121446	-0.0003830695865079	1.4674230810741006e-07	1.22706321651782e-05	0.000989994521775	-0.0001192794749822	9.800891531445111e-07	1.4227593152053115e-08	-0.0011362682842561	2.939447700002484e-09	1.2911056138063012e-06	8.640352781049895e-18	0.0	0.0	0.0	0.0	0.0	0.0	0.0	0.0	0.0	0.0	0.0	0.0	0.0	0.0	0.0	0.0	0.0	0.0	0.0
957051.812651929	671.0193165333476	450266.9231608809	915948172100.343	1520593.825092655	-6121.67086421838	2312205580909.912	37474854.16982021	978968.5488744077	-1532.433760367101	958379419685.2635	2348353.229912854	1051037.1686552514	935664.2911634076	1.425026	26.680969	0.1293529572081942	0.0718405297820248	-0.0491177304	0.0996940197	0.0800524836	0.0062279793	-0.0769736948	-0.1043414464	0.0876045221	0.0241096952	0.01851318	-0.0531972011	-0.022157059	-0.0203192896	0.0256399936	0.0910335948	-0.1230428137	0.0534477941	0.1016750627	0.0307344139	-0.0220161324	-0.0908934226	-0.0793133735	0.0612583133	-0.0363691845	-0.0863625413	0.0381880974	-0.0516697219	0.0441859226	0.0083401375	-0.0509041451	0.0182659991	-0.0118333466	0.0128481822	-0.0943094656	-0.0655140291	0.0865534891	-0.1430640199	-0.0041346982	0.025817302	-0.0572193077	-0.0121628737	-0.026771657	-0.0625372797	-0.0334591665	0.0977327151	-0.1610230291	-0.0456837067	0.0932335059	-0.0625035109	-0.0594943997	0.0721761774	0.0069738778	-0.1193604154	0.0152472714	0.1389750991	-0.0311731685	-0.0256225312	-0.0039799372	-0.0049989656	0.0702339842	-0.042903354	-0.0250533531	-0.063496768	0.1119728826	0.0813087458	0.0215227307	0.0169413657	0.0123152686	-0.0087924365	-0.0975540022	0.0286407296	-0.0136045167	0.0047830182	-0.0665348636	-0.0470098116	0.0872369604	0.0588189602	-0.0221032745	0.1286154973	0.0415757016	-0.0088823958	0.0114795879	-0.0528129461	0.0953141636	0.0577518324	-0.0027854929	-0.0988940375	-0.118938025	-0.0452476153	0.0735047475	0.0845828823	0.0347606898	0.1158930756	0.0280563821	0.0090809204	-0.1072524158	0.006680915	0.0518135862	0.076762826	0.0377285184	-0.0347002058	0.096954006	0.0558763587	-0.0170551561	-0.0003554827	0.0309216547	0.0180634961	-0.1098185471	-0.0524223074	-0.0169416297506472	0.0001546868069226	0.000287018818608	2.392800823594064e-08	-0.0178416647716801	0.0515096743688872	0.000318325001825	0.0026532465535887	-0.053828209632428	0.0380528538665742	0.0028974761522326	0.0014480196873908	-0.0030457537676636	0.000457192444481	2.0902493129051242e-07	9.276616013237011e-06	0.0013252329417572	0.0003352384199821	1.7562423499184425e-06	1.1238479823216185e-07	-0.0011359843054031	2.839788529999683e-07	1.2904603421221634e-06	8.064398895117758e-14	0.0	0.0	0.0	0.0	0.0	0.0	0.0	0.0	0.0	0.0	0.0	0.0	0.0	0.0	0.0	0.0	0.0	0.0	0.0
957784.2551741723	732.4425222433638	536472.0483902205	917350679459.544	1534562.440490229	13968.615397574147	2354881883763.328	195122216.1253456	980635.7246371446	1667.175762736937	961646424434.6176	2779475.023857488	1056408.411137777	933016.552243847	1.409395	26.388309	0.1208885781248935	0.0754703105613405	0.0960200475	-0.0573264674	-0.0615343784	0.0209326334	-0.1439336533	-0.1967226134	-0.0567047888	-0.0140067201	0.0115141055	-0.0090219116	0.1979778301	-0.0585784205	-0.107099519	-0.1176956586	-0.0385074914	-0.0101078219	0.03974424	-0.0840698581	-0.1108442174	-0.1062352152	-0.0419987825	0.0524014461	-0.0859442425	-0.0856324548	-0.043498858	0.0205333454	-0.1431082589	-0.0032428657	0.0597002422	-0.0483120831	0.0270035128	-0.1256105487	-0.0172778861	0.1108728257	-0.0064303414	0.0723049889	-0.0407882932	0.0360016744	-0.1733297106	-0.0594165481	0.03466489	-0.1397803477	-0.0926155494	0.0540813938	-0.0730511331	0.0289717166	-0.0875321938	0.0021349041	-0.0748881916	-0.0757902214	0.0957581342	0.0999284749	0.0009484064	0.0941188222	-0.0209105085	-0.1125102855	0.1218507655	0.0552955275	0.0178532536	-0.0131823964	0.0482852306	-0.0791293389	0.0574048764	0.0276045851	-0.1190818366	-0.0628793156	-0.019556772	0.0146308648	0.056455069	0.0140528224	0.0400597604	0.1653674835	0.0620870007	-0.0219278011	-0.0544617545	-0.0266454372	0.1049407549	-0.0286215335	0.1341428213	0.1364030319	0.0633989147	-0.066204632	0.1378882052	0.0718724402	0.0147929651	0.0988202913	0.1559362903	-0.0329018679	0.0516832611	-0.1078702394	-0.1068454635	0.1288118615	0.0060940366	0.0549963465	-0.0175861128	-0.0716880906	-0.1089448465	-0.0270769389	0.0551269951	-0.1468018281	-0.1290862081	0.0584777935	0.0318421704	-0.0062022836	-0.0480870868	0.0156710845	-0.1112164334	-0.0458586883	-0.0171652094796854	-0.0002235797290381	0.0002946444164814	4.9987895236794665e-08	-0.0679505866451251	-0.050108921873445	0.0046172822254166	0.002510904051319	-0.0607019756317583	-0.0068737659993302	0.0036847298455985	4.724865901354922e-05	-0.0040019406864403	-0.0009561869187767	9.142934236396804e-07	1.6015529257786263e-05	0.0010077773033487	-0.0003174556384085	1.0156150931447777e-06	1.0077808235734833e-07	-0.0011359879586795	-3.653276399928282e-09	1.2904686422648172e-06	1.3346428454272948e-17	0.0	0.0	0.0	0.0	0.0	0.0	0.0	0.0	0.0	0.0	0.0	0.0	0.0	0.0	0.0	0.0	0.0	0.0	0.0
960556.9361678596	2772.680993687245	7687759.892754489	922669627620.1854	1521088.9403638814	-13473.500126347644	2313711564497.3154	181535205.65469	981369.013329384	733.2886922394391	963085140323.0887	537712.3061662269	1052954.7205244077	950641.9745374809	1.653657	30.961666	0.0670559010455474	0.0365805708427061	-0.127228595	0.040643298	0.1370445222	0.013914787	0.0394637552	-0.027499372	0.028964952	0.0780503656	0.0420051622	-0.0908092864	-0.0403384641	0.1347199664	0.1417509708	0.0806995369	-0.0171761054	0.0819665169	0.108433952	0.0017341721	-0.0769630708	-0.0232792191	0.0112904095	0.0743731888	-0.1665331596	0.0196054679	0.1278066521	-0.0341081089	-0.0135064847	0.0160304045	-0.050306086	0.0005774991	0.0181038948	0.0425321585	0.1539016111	0.0833740832	0.1633353907	0.0152784613	-0.0246693394	-0.1439575221	0.0711084871	0.0154275037	0.086994616	-0.0068699532	-0.0451758537	0.0156462751	-0.0488070884	-0.0058805315	0.065205076	0.1444496614	-0.1309972063	-0.0350350115	0.0335899199	-0.0952760058	0.0802506233	0.076706465	-0.0056740395	-0.0255212489	0.0055521772	-0.0203479198	0.0831622363	0.0648244632	0.0965570247	-0.1791267668	0.0532059013	-0.0691755526	0.1067601539	-0.0154182373	-0.0251724415	0.0338253053	-0.0351905241	0.0506295969	-0.1152279708	-0.1184585618	-0.0033467837	0.0004537228	-0.0055107387	0.0257499996	0.0094762691	-0.0334956669	0.1393963414	-0.0765589039	-0.0994595214	-0.0711126303	0.1307894692	0.0548416475	-0.1080535634	-0.0642508242	-0.1485728918	-0.0464071457	0.0978478173	0.0440395986	-0.0217204187	0.0264312766	0.0833541145	-0.021903757	-0.0532243548	0.0595324231	-0.0471661312	-0.1069324706	0.0616763725	-0.0689650906	-0.0333575969	-0.0694133354	0.0664593279	0.101085234	0.0337359821	0.013271799	-0.1124192083	-0.0391140859	-0.0168985691210679	0.0002666403586174	0.0002855616383395	7.109708084366839e-08	-0.075223988963998	-0.0072734023188728	0.0056586485156556	5.290238129218566e-05	-0.0876722023777603	-0.026970226746002	0.0076864150697669	0.0007273931307307	-0.0036702584774377	0.0003316822090026	1.1001308776884457e-07	1.3470797291203303e-05	0.0013260914684856	0.0003183141651369	1.7585185827902951e-06	1.0132390772680172e-07	-0.0011350717003779	9.162583015998384e-07	1.288387764998777e-06	8.395292752506206e-13	0.0	0.0	0.0	0.0	0.0	0.0	0.0	0.0	0.0	1.0	0.0	0.0	0.0	0.0	0.0	0.0	0.0	0.0	0.0
958293.4892272945	-2263.4469405651325	5123192.052753659	918326411495.4229	1531507.042115903	10418.101752021585	2345513820050.602	108536844.11547518	980541.683019846	-827.3303095380543	961461992139.392	684475.4410803327	1055926.7662888071	955221.2871695363	1.522479	28.50559	0.088744899072956	0.0502653603941348	0.1462130744	0.0563615091	0.0903312452	-0.0024171507	0.1077651158	-0.0286496307	0.0351076726	-0.1213721758	-0.0927041348	-0.0258699114	-0.0109493447	0.0821449324	0.0129971275	0.0324151484	-0.1295857077	-0.0652262114	0.0038368313	-0.0220204492	-0.0220564442	-0.1203370913	0.0893051906	-0.0374110762	0.0109152784	0.0890881194	-0.0405242472	-0.0415658498	-0.0091295339	0.0597112232	0.0729788271	-0.1453735957	0.0846533734	-0.0212219151	-0.0770009146	-0.0650573766	0.0400383041	0.1444733766	0.1147952067	0.0065304029	-0.0420315969	-0.0388245765	0.0604251836	0.0381656242	-0.0187530611	0.0821316188	-0.0008469805	0.0208695579	0.0097335016	0.0107498173	-0.1029925961	-0.0511348471	-0.205565638	-0.0461882472	-0.1533598238	0.0369135025	0.0202546488	0.0218780622	0.0167719481	0.0226230415	0.146318402	0.0774291613	-0.015976458	0.0721306163	0.0300492935	0.0123224004	-0.003779589	-0.1245605836	0.0133703136	0.0778478749	0.0319300791	0.120024338	0.0253817021	0.1628005183	0.0176466229	-0.0575802258	-0.0616019505	0.1155106464	-0.0347902595	-0.1060547718	0.1541942494	0.0709247762	-0.0820212854	-0.0635687428	0.1011677322	0.0557505935	0.0947585746	0.1143895449	0.0114408311	-0.1102611759	0.1033728324	-0.0485715733	-0.0026084752	-0.0344377677	0.0263297401	0.005646698	0.0601635186	0.1626053078	-0.0414533042	0.0295778703	0.0032264214	-0.0790187383	-0.0322564417	-0.0131649416	0.0193482318	0.0099413402	-0.0347822984	0.010866692	-0.1134247617	-0.032215118	-0.0146610058742737	0.0022375632467942	0.0002149450932454	5.006689283404207e-06	-0.0758150931479804	-0.0005911041839824	0.0057479283490369	3.494041563215081e-07	-0.0488082106113409	0.0388639917664194	0.002382241423081	0.0015104098560203	-0.0033170739405632	0.0003531845368745	1.2473931708725506e-07	1.1002979527163476e-05	0.0008472046484735	-0.0004788868200121	7.177557163951067e-07	2.293325863813016e-07	-0.0010260982597493	0.0001089734406286	1.052877638660542e-06	1.1875210762435025e-08	0.0	0.0	0.0	0.0	0.0	0.0	0.0	0.0	0.0	0.0	1.0	0.0	0.0	0.0	0.0	0.0	0.0	0.0	0.0
956884.532919473	-1408.9563078214414	1985157.8773498284	915628009340.518	1529009.2150438009	-2497.827072102111	2337869179688.8604	6239140.082126204	980604.5372111968	62.85419135086704	961585258399.1855	3950.649370371409	1056185.5623035529	954055.1520062468	1.480827	27.725733	0.076849938702037	0.0390310807261954	-0.0614737143	-0.1499806565	0.0533877216	-0.0290509049	0.0028673461	0.0583938455	-0.0570041497	-0.0274949818	0.1277375437	0.1271525273	-0.0524661114	0.0960267803	0.0966671641	-0.0904910404	0.0109388616	0.0544209507	0.1287695777	-0.0425889389	0.0488638387	-0.0481619337	0.1349473564	0.012476227	0.1309504595	-0.07849021	-0.054393399	0.0213923611	0.1164853085	0.044744851	-0.0695764745	-0.1277843176	0.0634714882	-0.0175195873	-0.1163956873	-0.1250852667	0.087278341	0.0596855397	-0.031543805	0.0385178263	-0.0580375169	0.1329434344	-0.0827844293	0.1767713994	0.0911261768	-0.117765161	0.1251772369	-0.0762479931	-0.0009444712	0.0092809822	0.0384819714	-0.0772807086	0.0693830573	0.0956172461	0.0694667511	0.0971783718	0.0039577283	0.1575118091	0.0297577536	-0.0396517281	0.1086244287	0.0616138491	-0.0785504178	-0.0003125588	0.0146178951	0.0012089787	0.0686554979	-0.0158319022	-0.1577484795	-0.0689864611	-0.0660928055	0.1066512293	0.0472773982	0.0777377872	0.0713222214	-0.031036856	0.0966376708	0.2212758361	0.0172486481	-0.0236770175	-0.1558836949	0.038900522	-0.0395897171	-0.0725080544	0.1087297221	0.0519607385	-0.1163302235	-0.0146740028	0.0700993334	0.0462029176	-0.0255780947	-0.0007137023	0.0590503176	-0.0040796741	0.0505420029	0.0356233188	-0.0314683331	0.1434275945	-0.0654812352	0.0090799028	0.0768281665	-0.0475237478	-0.0126111622	-0.0612486028	-0.0242685792	0.049870681	0.0739259058	0.0084568186	-0.1142313295	-0.0251890118	-0.0169919563627871	-0.0023309504885134	0.0002887265810348	5.433330179900866e-06	-0.0686792762309522	0.0071358169170282	0.0047168429836074	5.091988307334594e-05	-0.0696423297176664	-0.0208341191063255	0.0048500540885041	0.0004340605189365	-0.0037268580217556	-0.0004097840811923	1.6792299319869939e-07	1.3889470714324065e-05	0.0013253370443966	0.000478132395923	1.756518281249915e-06	2.2861058803116398e-07	-0.0009830336930614	4.306456668789994e-05	9.663552416939348e-07	1.8545569040165811e-09	0.0	0.0	0.0	0.0	0.0	0.0	0.0	0.0	0.0	0.0	0.0	0.0	0.0	0.0	0.0	0.0	0.0	0.0	0.0
955380.8133001872	-1503.719619285781	2261172.693424974	912752498422.1272	1522800.193606806	-6209.021436994895	2318920429648.926	38551947.20506216	981074.0693127962	469.5321015993832	962506329477.9694	220460.39443233347	1053940.9338604077	939017.287602649	1.399594	26.204803	0.0876493237328009	0.0408891189677676	-0.0205503401	0.0471456184	0.011842595	-0.0364055857	-0.1581581604	-0.0512363575	0.0836693108	0.0681337967	0.0219788096	0.0611264919	-0.0222612747	0.070843037	-0.0716307525	0.086295891	-0.035829526	0.0745026962	0.1350109083	0.0344744591	0.0042398266	0.0081064581	0.0117834026	-0.029444733	-0.0911047179	0.0308504928	-0.0701452227	-0.0188205622	-0.0103136635	0.0645172481	-0.1023643558	-0.0904840795	-0.0358947982	-0.1113939559	0.0635208984	-0.0186926204	0.0142244039	0.0246078055	0.0435647704	0.1256349817	0.0272416508	-0.0591014002	-0.0864618702	-0.0036382112	0.1045295318	-0.0750963904	0.0323308071	0.1234753796	-0.0447553067	-0.1372260764	-0.0308313098	-0.1399809668	-0.0041624635	-0.1036083129	0.0548605047	0.0842678214	-0.0128929534	0.0553439136	-0.0283271517	-0.0560235117	0.0062237609	0.0167929539	0.0748387446	0.0253354967	0.0639076401	0.056986301	-0.0782130769	-0.0674093687	-0.0259532846	-0.0186952496	0.085371858	0.0826321386	0.007346857	0.0149377505	-0.0309857663	0.0087028788	0.1305774259	0.0549350215	0.0830953266	-0.0254629829	0.0454930115	0.035373494	0.0742780327	-0.0691158044	0.0868007745	0.029667772	-0.0116583849	0.0509037798	-0.0249797405	0.0262185976	0.0726377232	-0.0586599978	-0.0635925686	0.0141330908	0.1166950414	0.0239668822	0.122892077	-0.1379373128	-0.0756760208	0.064310235	-0.0242399931	-0.0954410634	-0.0324470414	0.0257130542	0.1090569605	0.0786091721	0.0113157336	0.0060432357	-0.1148374968	-0.0180634961	0.001411917893165	0.0184038742559521	1.9935121370394924e-06	0.0003387025876288	-0.0466502060535134	0.0220290701774387	0.0021762417248352	0.0004852799328825	-0.0522039504722613	0.0174383792454051	0.0027252524449103	0.0003040970707065	-0.0037649847904927	-3.812676873709989e-05	1.4536504943322974e-09	1.417511047264136e-05	0.0009211428727438	-0.0004041941716527	8.485041920067005e-07	1.633729283980931e-07	-0.0011362727537516	-0.0001532390606901	1.291115770918244e-06	2.348220972121478e-08	0.0	0.0	0.0	0.0	0.0	0.0	0.0	0.0	0.0	0.0	0.0	0.0	0.0	0.0	0.0	0.0	0.0	0.0	0.0
957195.47242699	1814.6591268028133	3292987.7464887486	916223172434.7286	1527500.170106132	4699.9764993260615	2333256769674.262	22089779.09421726	978542.4200236968	-2531.649289099383	957545267785.8333	6409248.122997412	1055945.898712668	944531.2249628546	1.163559	21.785488	0.0789788611588947	0.0520660906179821	0.0959225133	0.0181493097	-0.0416316588	-0.0024905104	-0.0596516359	-0.0656011915	-0.0127235492	-0.0173746198	0.0149187585	0.0714693661	0.1763519135	-0.0294605547	-0.0025359678	-0.1457939187	-0.1093986921	0.0036503372	-0.0073685778	-0.0484141654	-0.088347094	0.0223876635	-0.0142887151	0.0877646247	-0.1019532121	-0.0012976529	0.0274580473	0.1540144552	0.0331392694	-0.0516065896	0.043223574	0.0428025013	0.0852784262	0.1398822285	-0.1564005213	0.0104655181	-0.0993890223	-0.0732153001	-0.1150849535	0.0609863603	-0.1411234674	-0.1238085887	0.0475727034	0.1440053929	-0.1551354119	0.1102150011	-0.0542462386	-0.0040288188	-0.0653515628	0.1176322944	0.017979164	-0.0731235384	0.0650659063	0.1077766712	-0.0392528378	0.1164764401	0.0316583969	-0.0992492455	0.0806288257	-0.003430748	-0.0999878692	0.020737911	0.0384286278	-0.0460665	0.1285905909	0.0288932758	0.016152008	0.0016722235	-0.0064991585	-0.0308433865	-0.0200406127	-0.075953504	0.020831013	0.1765498732	-0.0473645429	0.008565501	-0.095637555	-0.0790129624	-0.1322420645	-0.0251251441	-0.1361393482	0.1024883887	0.0627516782	-0.0640941715	0.0514297468	0.0216970216	0.0371739352	-0.0135384002	0.0664329047	-0.0756869977	-0.0098403592	0.0658784229	-0.0228027317	0.003157316	0.079882763	0.0057361753	0.0134238787	-0.0247539549	0.16994822	-0.0392489014	0.0113126229	0.0419769518	0.0333414931	0.0340156182	0.1029197468	-0.0356594683	-0.037482305	0.003627002	-0.1152422001	-0.010866692	-0.0094077435692412	-0.0108196614624062	8.850563906459917e-05	0.000117065074161	-0.0498684942996447	-0.0032182882461312	0.0024868667237136	1.035737923518685e-05	-0.034461185109194	0.0177427653630673	0.0011875732791301	0.0003148057227288	-0.0028229849640793	0.0009419998264133	8.873636729628752e-07	7.969244107417807e-06	0.0009201083529821	-1.0345197616999516e-06	8.465993812274327e-07	1.0702311373477249e-12	-0.0011372013293223	-9.285755706999084e-07	1.293226863412406e-06	8.622525905006605e-13	0.0	0.0	0.0	0.0	0.0	0.0	0.0	0.0	0.0	0.0	0.0	0.0	0.0	0.0	0.0	0.0	0.0	0.0	0.0
959927.0438089968	2731.5713820067467	7461482.214998248	921459929435.8796	1533692.1083642184	6191.938258086331	2352211483258.681	38340099.39195319	982007.256738744	3464.8367150471317	964338252287.5536	12005093.461938595	1056466.6829639843	946799.6928760865	1.265819	23.700111	0.0797385103079528	0.0426630341337584	-0.0305054141	-0.1361886466	0.0029623558	0.028235238	0.0027245491	-0.0677567923	-0.0694399972	0.018744033	0.109076096	-0.0364121461	0.0180168283	0.0878407546	-0.0114230311	-0.0520393301	0.0565822055	0.1011537774	0.0258333131	-0.0395329077	-0.0179823202	-0.0575176441	0.0364959879	-0.0684503914	0.0092364281	0.0071780527	-0.0516064285	0.0877375151	0.0185113342	-0.0226119038	0.1419821791	0.0293888355	0.2177698837	0.0258048247	0.0552971138	-0.1697716226	-0.1038419071	0.0237724468	0.0477981156	-0.0188135954	-0.1755826999	0.1287388072	0.0087372644	0.118121299	0.0470343907	0.0758757366	-0.0269193461	-0.1195944346	-0.0823020123	0.0340657027	0.0795560866	-0.0248209786	-0.0228638579	0.0406369627	0.0958955838	0.0431846561	0.0115502195	-0.0189916214	-0.0082335667	0.0452800635	0.0797556365	0.0497506438	0.0376326173	0.0522300388	-0.1177239352	-0.0713551402	0.0277949874	-0.1398423123	-0.0539815632	-0.0814041035	0.016002263	-0.032488098	-0.0396184582	0.1478682488	-0.0571652564	0.1102406421	-0.1227555833	0.1672431245	-0.0166393056	0.1097275536	-0.003323786	-0.0608216688	0.0506419765	-0.0600112675	0.0438613518	0.0334529323	-0.0603514939	-0.0174219307	0.0993308102	-0.0074542627	0.002509127	-0.154037185	-0.0262704669	0.0541733399	0.0450400421	-0.0335568287	0.034350389	0.0437412958	-0.0179638375	0.068500068	0.0159222252	-0.0319132368	0.0512733081	0.040279308	-0.0109591604	-0.0527205291	-0.0012283747	0.0012091775	-0.1154447293	-0.003627002	0.0079787792061125	0.0173865227753537	6.366091761989322e-05	0.0003022911742178	-0.0453791711842512	0.0044893231153934	0.0020592691773695	2.015402203440637e-05	-0.0525104621245446	-0.0180492770153505	0.0027573486325332	0.0003257764007768	-0.003487059807403	-0.0006640748433237	4.4099539753539684e-07	1.2159586100405449e-05	0.000787984891021	-0.0001321234619611	6.209201884773772e-07	1.7456609200586256e-08	-0.00113713188657	6.944275229999429e-08	1.2930689274542472e-06	4.822295846998362e-15	0.0	0.0	0.0	0.0	0.0	0.0	0.0	0.0	0.0	0.0	0.0	0.0	0.0	0.0	0.0	0.0	0.0	0.0	0.0
958268.3236040766	-1658.7202049201587	2751352.718210373	918278180022.9672	1524766.7280576143	-8925.380306604085	2324913574991.5225	79662413.61751604	980975.9904102487	-1031.266328495229	962313893761.3684	1063510.240288029	1054490.565750953	948721.821642542	1.381241	25.861181	0.071305073136423	0.0334248346451746	-0.1184629927	0.0720222614	0.1440333392	0.0315489459	-0.0305180598	0.0103110223	0.0455095275	-0.0131701299	0.0380199665	-0.0606512836	-0.0562189506	0.0020998456	-0.0232144833	0.0720088483	-0.0345986072	0.0542369901	0.0844113855	-0.0111955695	0.0877953247	0.0438832222	0.0737693536	0.0124269079	-0.1383382719	0.0002120498	0.0747366498	-0.0525362933	-0.0407660658	-0.0229513274	-0.0654199302	0.0436773611	-0.0282875248	0.0410255365	0.0916090815	0.0539131188	0.0380216107	-0.0758462045	-0.0391855032	0.083454219	-0.0135967207	0.1159140688	0.0453772128	-0.1458354137	0.0062307789	0.0040365875	0.1082127765	0.0293130464	-0.0414534118	0.0664006269	-0.0519413888	0.0230849666	-0.0162449658	-0.0764596675	0.0314864945	0.0611925606	-0.0114932028	0.0957933472	-0.0218137738	-0.0060632829	0.0080372399	0.0258633639	0.0747773596	-0.131441205	0.0796832515	-0.0255150529	-0.0110063616	0.0044956177	0.0457877785	0.0144139223	-0.0722735411	0.0377069498	0.0351555849	-0.0346392545	0.05250744	0.0066896775	0.0465410622	-0.1094094516	0.0153386679	0.0628797404	0.0676421351	-0.2109826401	-0.0353975447	-0.0667053451	0.0509799993	0.0096169741	-0.085075467	-0.0127658705	-0.1329252889	0.0237484191	0.0637189417	-0.0294618122	0.0268928821	0.0222975141	0.034528296	0.0498269902	0.1198912883	0.0031381551	0.0579911919	0.0476533633	0.0127777343	0.0003946198	0.0818432556	0.0231952371	0.039089742	0.004578	0.0276674427	-0.0012091775	-0.1154447293	0.003627002	0.0025876754805693	-0.0053911037255432	6.696064392739557e-06	2.9063999379565776e-05	-0.0392146980492782	0.006164473134973	0.001537792543096	3.800072903180387e-05	-0.0327769107385478	0.0197335513859968	0.0010743258775627	0.0003894130503037	-0.0031246239924599	0.0003624358149431	1.313597199534693e-07	9.763275094256044e-06	0.0009198011749245	0.0001318162839035	8.460342013924907e-07	1.7375532702128135e-08	-0.0008310650876184	0.0003060667989515	6.90669179858179e-07	9.367688542047907e-08	0.0	0.0	0.0	0.0	0.0	0.0	0.0	0.0	0.0	0.0	0.0	0.0	0.0	0.0	0.0	0.0	0.0	0.0	0.0
957125.6018182868	-1142.7217857898213	1305813.0797186785	916089417656.0176	1529379.7537061991	4613.025648584822	2339002431046.434	21280005.63450142	981486.340306576	510.3498963272432	963315436208.396	260457.01668122783	1056493.3512022286	953922.7296379728	1.304834	24.430597	0.1376892883290384	0.0670789913697921	0.065662258	0.0722728104	0.0587680504	0.0369576568	-0.0046552142	0.0589078943	0.0900780366	-0.0732456196	-0.0369736598	-0.0050410895	-0.117351989	0.043048198	-0.0777626281	0.0728724846	-0.1098816198	-0.0103674309	0.047047849	-0.0481471051	0.0797877336	-0.059360541	-0.0143439456	-0.0430302608	-0.0091215483	-0.0299642198	-0.0227181123	-0.019297987	0.0131607146	-0.0766261389	0.0881115091	0.0346980541	-0.0137482088	0.1122201612	-0.0130481979	-0.0510261187	-0.05552656	0.1475102028	0.0943642617	0.0607942618	0.0263580629	-0.0385225745	0.0732851855	0.0562356635	-0.0226672457	0.0463419702	0.0030099492	0.0453685254	0.1025134737	-0.0773109389	-0.0313891747	-0.0521787806	-0.058116171	-0.0817167752	-0.0985470726	0.0442610212	0.012051066	0.1105562586	-0.0004285141	0.065016542	0.050897534	-0.0301356143	-0.0162447106	0.0596533829	0.0359201386	0.0120973115	-0.073933869	-0.0438533677	0.0572029363	-0.0516033024	0.0167849075	-0.1548967804	0.0034108577	0.0376835743	0.0115210909	-0.0228253926	-0.0737759657	0.0256800504	-0.1519711453	-0.0375959533	-0.0262741056	-0.0208091517	-0.1359133191	-0.0711867264	0.0355564887	-0.0022506936	0.1181913259	0.0356925962	-0.0685349906	-0.0398468891	0.013809592	-0.0858247725	0.0602195294	0.0236464215	-0.0832313176	0.1249222898	0.1111255639	-0.0097275621	-0.0258307198	0.1454012859	0.0239963517	-0.0655802952	0.0136056644	0.0638002499	0.0019363023	-0.1326980503	-0.0653126508	-0.003627002	-0.1152422001	0.010866692	-0.00511041998638	-0.0076980954669493	2.611639243719216e-05	5.926067381826536e-05	-0.0675849327722915	-0.0283702347230132	0.0045677231378351	0.0008048702182388	0.0215311030055431	0.0543080137440909	0.0004635883966353	0.0029493603568283	-0.0027961581105392	0.0003284658819206	1.0788983558594301e-07	7.81850017913415e-06	0.000609093356928	-0.0003107078179965	3.7099471745382006e-07	9.653934816414624e-08	-0.0011381502756009	-0.0003070851879825	1.2953860498504048e-06	9.430131267824739e-08	0.0	0.0	0.0	0.0	0.0	0.0	0.0	0.0	0.0	0.0	0.0	0.0	0.0	0.0	0.0	0.0	0.0	0.0	0.0
954750.123736063	-2375.478082223796	5642896.119125641	911547798774.0276	1535163.871125337	5784.117419137852	2356728111208.5303	33456014.31837393	981158.4440906398	-327.896215936169	962671892410.3652	107515.92842525878	1059662.1215788398	942915.0104845668	1.216809	22.782499	0.0870713821069008	0.0579343958246049	0.0421582863	-0.0484062818	-0.06669223	0.0374122939	-0.1534178675	0.0449416562	-0.0507163236	-0.0319963074	0.0624394515	0.1814756762	-0.0058589372	0.0189257375	-0.076312082	-0.1326200493	-0.0105696213	0.0232481783	0.048325635	-0.1114910957	-0.0032790789	-0.0325863375	-0.0648093216	0.0092666856	0.0294657211	-0.0487403033	-0.0098109947	0.0064202812	-0.0061886363	-0.0338818209	-0.0367575749	-0.0310583872	-0.1681310425	-0.0042650241	0.1375056506	0.0678298829	0.0064152014	0.0399290656	0.0905513354	0.0756654014	-0.051970962	-0.0726786589	0.0706675748	-0.1255601255	0.0297160776	-0.0568973247	-0.0892817294	0.0211243611	0.01224872	-0.1784751263	0.1981982831	-0.0212628154	-0.1471347292	0.1381127808	0.0194882095	0.0525257693	0.0334500561	0.1202353923	0.0958007633	0.0237324949	-0.0178788226	-0.0585162617	-0.0478263758	0.0610186645	0.1192009652	0.11088914	-0.0321023894	0.0744127642	-0.027048994	-0.0131510506	0.1342154073	-0.0690077873	-0.0827683478	-0.0321491677	0.0881194873	0.0113058112	-0.0152071825	0.0114309708	0.033241202	-0.0584195957	0.1022594545	-0.0822490761	0.0413002322	-0.0791646912	0.0426074449	-0.0106234512	-0.0269746498	-0.0176156321	0.1022321164	0.008910034	-0.0791197265	0.0247772121	0.0497515542	-0.0093050004	-0.0321531282	0.1789469199	0.0432520838	-0.1417616943	0.0037900845	0.0225690749	0.0524776823	0.0078642142	0.0239365536	0.0768390182	-0.0374996827	-0.0646892029	0.1075681994	-0.0060432357	-0.1148374968	0.0180634961	-0.0123963183450257	-0.0072858983586457	0.0001536687085112	5.308431489251612e-05	-0.0586761369055892	0.0089087958667022	0.0034428890421634	7.936664379457193e-05	0.0177426177367152	-0.0037884852688278	0.0003148004841512	1.4352620632125994e-05	-0.0030640503403694	-0.0002678922298301	7.17662468033965e-08	9.388404488317836e-06	0.0016792462487278	0.0010701528917998	2.8198679638663883e-06	1.1452272118274743e-06	-0.0011344313449764	3.7189306244999817e-06	1.286934476464964e-06	1.3830444989843824e-11	0.0	0.0	0.0	0.0	0.0	0.0	0.0	0.0	0.0	0.0	0.0	0.0	0.0	0.0	0.0	0.0	0.0	0.0	0.0
957440.5925996284	2690.4688635653583	7238622.705814671	916692488357.5276	1527875.8195754718	-7288.051549865166	2334404520043.4194	53115695.39349204	982203.3196090048	1044.8755183649482	964723361050.9489	1091764.8488784193	1056290.5528095495	923903.2094037576	1.360949	25.481253	0.1489430233963189	0.0772910596879268	-0.1234391801	0.0543359604	-0.0866944064	0.0386478313	-0.0298508076	-0.0182044042	0.0781797231	0.1427280348	-0.0126632968	-0.0089734107	-0.039873508	0.136593248	-0.125415415	0.0958152687	-0.0014907044	0.0940894434	0.0279357541	-0.0384253546	-0.0099809045	0.1019601588	0.0600652358	-0.0094186441	-0.0378067568	0.000369433	0.0379589786	0.108103884	-0.034336612	-0.0531248918	-0.1531187796	-0.0806988325	0.1038048277	0.0012647997	0.0364423591	0.0345211254	-0.007507563	-0.0767126273	-0.0739133648	-0.0381733963	0.0022710044	-0.0392900458	-0.0295389512	0.0072013109	0.0166551447	0.0710811785	0.0163888011	0.0550737851	-0.114718505	0.0048136395	0.016919586	-0.0672820745	0.0167908675	-0.1050626831	0.0820564068	0.0125203274	0.0636106058	0.025254684	0.0167178398	-0.0284552242	-0.0845692659	0.0453340314	0.096579312	-0.0301798051	-0.0715783442	-0.0743110613	-0.0713911717	0.0257189448	-0.1421563264	-0.0221975087	0.0371493773	0.036084678	-0.0265773365	-0.0020667221	-0.0307638793	-0.0067717054	0.0457130821	-0.0425903312	-0.0788041112	-0.0190846255	-0.0003461001	0.0647829794	0.0368529633	-0.0877462389	0.0436487183	-0.0207005108	-0.0899550507	0.0351276988	-0.0705513214	0.0252779441	0.0273929537	-0.0315702911	-0.1045391373	-0.110924808	-0.0098511069	0.0222194995	-0.0223135447	-0.1161198366	-0.0789310733	-0.0168876329	-0.0287193471	-0.031887243	-0.0774633863	0.0235180537	0.0227779151	0.0594272434	-0.0067500745	-0.0084568186	-0.1142313295	0.0251890118	-0.0084393020536026	0.0039570162914231	7.122181915194108e-05	1.5657977930587823e-05	-0.0828678588889744	-0.0241917219833852	0.0068670820368429	0.0005852394125214	-0.0376000965174654	-0.0553427142541806	0.0014137672581227	0.0030628160210198	-0.0036129819212548	-0.0005489315808854	3.013258804933445e-07	1.3053638363314024e-05	0.0009210562513115	-0.0007581899974163	8.48344618079993e-07	5.74852072182129e-07	-0.0011363411840213	-1.90983904489999e-06	1.29127128650293e-06	3.647485177424506e-12	0.0	0.0	0.0	0.0	0.0	0.0	0.0	0.0	0.0	0.0	0.0	0.0	0.0	0.0	0.0	0.0	0.0	0.0	0.0
959526.1837785344	2085.5911789060337	4349690.56553066	920690497356.5978	1525465.3683035714	-2410.451271900441	2327044589893.551	5810275.334206456	981958.8394920024	-244.48011700238567	964243162456.48	59770.52760950018	1056228.3316199165	949844.4655357314	1.36338	25.526754	0.0690612993643676	0.0360587193790273	0.0719965975	0.1447687441	0.039500714	0.0366471094	0.1460296888	0.0470097063	0.05110131	-0.0566832597	-0.0372507121	-0.0846963052	0.0514474825	0.1302443232	0.0218104372	0.0628680776	-0.1019367428	-0.040785862	-0.0074308076	-0.0747858742	0.0586230073	-0.096545174	0.0547595672	-0.1005766377	-0.0401969293	0.0477316422	0.0856120763	-0.0552389085	0.0207759487	-0.0288928059	0.0035725795	-0.0729877173	0.0370579115	0.0051728412	-0.0543833989	-0.0308474308	0.0125724595	0.0853943632	0.0389189554	-0.1541250953	-0.1178562953	-0.104006729	-0.0342934911	0.083884333	0.0089069565	0.0275427954	0.0745853127	-0.0845600932	-0.1241920044	-0.1618275398	-0.1388618465	0.1032111263	-0.0271810979	-0.0624053874	-0.0902510174	0.0382263203	0.0314710786	0.0229417776	0.0475095671	0.0720273159	0.087734823	0.041413825	0.0585379083	0.0244039159	0.028345409	-0.0671600871	-0.0122338433	0.0530651644	0.0849401462	0.0283930189	-0.1403809473	0.0590469741	-0.0642888613	0.0810680705	-0.0055908381	0.0346020487	-0.0520728782	0.0273940758	0.0037831951	-0.0251957693	0.1691331023	0.1522803905	-0.0994021831	-0.0909666267	0.083066737	0.0028842303	0.0753017745	0.0189996618	-0.0980287761	-0.1326125107	0.0555439142	0.0462047851	-0.0003258809	-0.1546768368	-0.0225416911	0.0261921323	-0.0157942918	0.0127830534	-0.0234675532	0.0184875204	-0.030196752	0.0518815453	-0.0572330178	-0.0310141208	-0.1079743016	0.0401576402	0.0038968088	-0.010866692	-0.1134247617	0.032215118	-0.0168875052098229	-0.0084482031562202	0.0002851878322117	7.137213656877061e-05	-0.060632136714517	0.0222357221744574	0.0036762560025678	0.0004944273406196	-0.0197425713121504	0.017857525205315	0.0003897691220153	0.0003188912064584	-0.0035927664561496	2.0215465105199656e-05	4.0866502941954496e-10	1.2907970808433756e-05	0.0013100481303403	0.0003889918790288	1.7162261038081155e-06	1.513146819503566e-07	-0.0011351515515878	1.1896324335000652e-06	1.2885690450721895e-06	1.4152253268352873e-12	0.0	0.0	0.0	0.0	0.0	0.0	0.0	0.0	0.0	0.0	0.0	0.0	0.0	0.0	0.0	0.0	0.0	0.0	0.0
957083.496193864	-2442.687584670377	5966722.6363028	916008818686.6702	1526919.27518531	1453.906881738687	2331482472932.4326	2113845.220767112	980368.13177577	-1590.7077162323983	961121673801.5135	2530351.038481293	1056733.4827183187	957115.4448611644	1.202879	22.521681	0.0896295669667405	0.0478652989736701	0.1190405397	0.0453651704	0.0699736427	-0.0175522932	-0.1036307546	0.0889236374	0.0934090485	-0.1280585528	-0.0839178833	0.0431149722	-0.0376187142	0.1156726578	0.0050735283	0.0237161997	-0.1324574609	-0.0676485679	0.0574095883	-0.0382610838	0.0953691504	-0.0250598721	0.1347147367	-0.0006467154	0.0971116182	-0.0924239405	0.0661968052	-0.0176830826	-0.0203191844	0.0573999859	-0.0922291323	-0.1053041587	-0.0628117345	-0.0104679305	-0.0144008179	0.0693428146	-0.1198320024	0.113215936	0.2049925229	-0.1449651482	0.0544928527	0.1135628614	0.033561428	0.1043827852	-0.0613013547	-0.0003695934	-0.0915393483	-0.059314175	-0.1312602703	0.0362225694	-0.0152546709	-0.0480024648	-0.0153293983	-0.032532825	-0.1650065799	0.0417030196	0.041072796	0.1949316887	0.0525321088	-0.0277998552	0.0984901156	0.0352952547	-0.0388266828	-0.0342539559	0.0084765203	-0.0224459729	-0.0199847649	0.0685849661	-0.0133462013	0.1165959169	-0.0132031441	0.0897714064	0.0202663043	0.0020126657	0.0570045746	0.0935590476	-0.1237540647	-0.0386529021	-0.1710780769	-0.054282883	0.1070156148	0.0162584657	0.022927877	-0.1076304132	0.1156708968	-0.0030916031	0.0603701416	0.0866350313	0.0147138091	-0.0906644138	0.014337501	0.0678646404	0.073465578	-0.0498827583	-0.0439744876	0.1782807657	-0.0075947019	-0.0289188424	-0.0908012427	-0.0206645469	-0.036384174	0.0612873148	-0.0779793296	-0.0158938657	-0.1895069515	0.1636604832	0.0054659259	-0.013271799	-0.1124192083	0.0391140859	-0.0294859730973939	-0.012598467887571	0.0008694226095002	0.0001587213931141	-0.09839583628208	-0.037763699567563	0.0096817405976498	0.0014260970050291	-0.038108506597652	-0.0183659352855015	0.0014522582751032	0.0003373075789112	-0.0037581260802317	-0.000165359624082	2.7343805276573328e-08	1.412351163491768e-05	0.0015616375913989	0.0002515894610585	2.438711966870157e-06	6.329725691575677e-08	-0.0011340713522064	1.0801993813999364e-06	1.2861178318952529e-06	1.1668307035768053e-12	0.0	0.0	0.0	0.0	0.0	0.0	0.0	0.0	0.0	0.0	0.0	0.0	0.0	0.0	0.0	0.0	0.0	0.0	0.0
954563.005750685	-2520.490443179034	6352872.074156847	911190531947.7822	1531950.7800707547	5031.50488544465	2346873192559.394	25316041.412253384	978078.9733042062	-2289.158471563831	956638478019.81	5240246.507932454	1056137.5612915305	961989.9544031186	1.141928	21.380486	0.1900168585740339	0.0878031313898085	0.1174085043	-0.0180202905	-0.011956373	-0.031114134	-0.0978116144	0.125035612	0.0261174661	-0.0802122584	-0.0443943811	0.1839432478	-0.0097437323	0.0218277446	-0.0329368081	-0.1761116266	-0.128617656	-0.0169803742	0.0645632765	0.0266632786	0.0517690251	0.1181658794	0.0465157832	-0.0042007767	-0.0273714874	-0.0219050001	0.0760463848	0.058469792	0.0832974534	-0.1185303453	-0.0948554233	-0.0327200627	0.0982047024	-0.0874503625	-0.0426695141	-0.1313254054	0.0957575177	0.0016447761	-0.0543578286	-0.0566886995	0.1187432611	0.0210065182	0.0125890599	0.0721187199	0.0152917825	0.0631727269	-0.0151311444	-0.0156622857	0.046082131	-0.1500048568	0.0737345911	-0.0220775626	0.0275621139	0.1179845721	-0.0964971762	0.1236303794	0.0212171622	0.0627802396	-0.0045616007	-0.1344465903	-0.0669288025	0.0047484155	0.0627202759	0.0296174282	0.1516654437	-0.0508986674	-0.0300951933	0.0656373629	-0.1725644327	-0.1196318292	-0.0290082232	-0.0178591818	0.1193272989	-0.1151236135	0.0034237909	-0.0023085428	-0.0058194392	0.2091221752	-0.1364269483	0.0171058788	-0.0692193103	0.0385052899	0.129341612	-0.1067679964	0.1034566084	0.0070318317	0.0668326617	-0.0498672873	0.0554115958	-0.0768610053	-0.1122482013	0.0907283924	0.080037568	-0.1520184415	0.117814184	0.0970249747	-0.0217983685	-0.0688209418	-0.0452186732	0.0137638458	0.0152043063	0.0421956091	0.010797388	0.0181569779	-0.0630895272	-0.0752608248	-0.1051052544	-0.0156710845	-0.1112164334	0.0458586883	-0.0163400100988013	0.0131459629985926	0.0002669959300289	0.0001728163431603	-0.0248989171889917	0.0734969190930883	0.0006199560771842	0.0054017971161759	-0.009471070611994	0.0286374359856579	8.970117853737641e-05	0.0008201027398326	-0.0043709452011734	-0.0006128191209417	3.755472749917584e-07	1.9105161951660776e-05	0.0019939686700154	0.0004323310786165	3.975911057002983e-06	1.869101615377063e-07	-0.0015836519625821	-0.0004495806103756	2.507953538590137e-06	2.0212272522578682e-07	0.0	0.0	0.0	0.0	0.0	0.0	0.0	0.0	0.0	0.0	0.0	0.0	0.0	0.0	0.0	0.0	0.0	0.0	0.0
954181.6416195708	-381.3641311142128	145438.6005004985	910462605203.819	1535726.2201398248	3775.440069070086	2358455023224.9536	14253947.715139937	980559.0042579976	2480.030953791458	961495960831.4358	6150553.53176377	1058379.0790242602	925934.5730684432	1.43138	26.799936	0.2374976575292547	0.1157082627246424	-0.0286767315	-0.1063018636	-0.1521850152	-0.050802819	-0.0519991082	0.0362902924	-0.0696450241	0.0608426865	0.0322290287	0.1774112686	0.0349645964	0.1958952296	0.0384559135	-0.1110218246	-0.0256734637	0.1046388482	0.1110838169	-0.0867440558	-0.0351826814	-0.0531343934	0.2177333146	-0.013126102	0.1414138431	-0.0991037747	0.0052643408	0.0410829172	-0.0407145626	0.0009140616	-0.149555593	-0.0795669688	0.0488412078	-0.1456995949	-0.1754351542	-0.0259911894	0.0547652736	0.1070639358	0.1162001218	0.073052421	-0.0844104595	0.0496480959	-0.0573204142	0.1074286154	0.1083772341	-0.0303915547	0.0044448072	0.0176832486	0.0829247504	-0.0298908857	0.0435551458	0.1534886857	0.2255748551	0.0883486881	0.0619795855	0.0780939444	0.1357460018	0.1173977072	0.1673248571	-0.0931828064	0.0847121392	0.087637547	-0.0286585656	0.0110326999	-0.0618866363	0.0086319691	-0.0784855243	0.105532809	-0.1320426881	-0.1174699469	-0.008051432	0.11843361	-0.0094280091	0.1804038628	-0.0022595695	-0.0231443649	0.0152991523	0.1001117859	0.1150834196	0.0499583788	0.0644467296	0.0902306368	0.10805417	-0.1348774595	0.1443832101	0.012993744	-0.1099937629	0.1030399845	0.1428520043	0.0570636515	-0.1188334299	0.0081469839	-0.0441489907	-0.1273454282	0.0313457659	0.0977141985	-0.0510474262	-0.0199046796	-0.1615182735	0.0005888945	-0.0040795629	0.0157021309	0.0577799774	-0.1089138639	-0.0514905573	0.0291702138	0.0687451179	-0.0180634961	-0.1098185471	0.0524223074	-0.0348577567324355	-0.0185177466336342	0.0012150632044176	0.0003429069403874	-0.1064493918857607	-0.081550474696769	0.0113314730328482	0.0066504799232683	-0.0699963509850505	-0.0605252803730564	0.0048994891512223	0.003663309564237	-0.0051220702112956	-0.0007511250101222	5.64188780831075e-07	2.6235603249441755e-05	0.0015636550035078	-0.0004303136665076	2.4450169699949778e-06	1.8516985158321405e-07	-0.001227007522696	0.000356644439886	1.505547460752575e-06	1.2719525650166992e-07	0.0	0.0	0.0	0.0	0.0	0.0	0.0	0.0	0.0	0.0	0.0	0.0	0.0	0.0	0.0	0.0	0.0	0.0	0.0
955145.4843474797	963.8427279088646	928992.8041428016	912302896269.3816	1526696.5849477765	-9029.63519204827	2330802462491.204	81534311.7014766	979996.4315758294	-562.5726821682183	960393005901.3593	316488.02272194315	1054288.5986533791	930784.457645346	1.305688	24.44659	0.1299453268718426	0.0630918991697391	-0.1095236146	0.0587822782	-0.0625398613	-0.0374503135	-0.0273547975	0.0072554143	0.0392356915	0.097012486	0.0363757635	0.0050512108	0.0430028294	0.0844625705	-0.0494889561	0.0551331744	-0.04610081	0.1151532752	0.1324897119	0.0580269551	-0.1279300149	0.0385740384	0.0920154252	-0.0201239372	-0.1035320098	0.0412796139	0.0891515082	0.0578760964	0.0834409963	-0.0396477963	-0.0599670688	0.0726911318	-0.1059690417	0.1024406932	0.0343773602	0.0033310021	-0.0226743556	-0.0109673472	0.016472519	-0.0518113731	-0.0850979537	-0.0744857737	0.065951453	0.0202575833	0.1552147441	-0.0846717236	-0.1676788258	0.084043124	0.0242644119	-0.0018978925	0.0001077708	0.0670269935	-0.1012227301	-0.0718617916	0.0993342206	0.1062445178	0.0383733101	-0.0191938579	0.0272543504	-0.1253558767	0.0274296333	0.0752282338	0.1355460049	-0.0100601446	0.0883834693	0.0263532704	0.0844834588	0.0644111539	-0.0510794293	0.0309410262	-0.0378278726	-0.0602384229	-0.0409460946	0.0173802662	-0.0888689585	0.0900648433	0.0689319683	-0.1867973106	-0.0219890378	-0.0657398331	0.171234875	0.0171383912	-0.1206718974	-0.1101194516	0.1147761537	0.0057789883	-0.0827914165	-0.0846589523	-0.1261713754	-0.0341545907	-0.0988335418	0.0672958692	-0.0614863422	-0.161130806	0.1115126519	0.0276766077	-0.0518641268	-0.1280688982	-0.0501816672	0.0248224766	-0.1009446362	0.0776857069	0.0189975723	-0.052664069	0.1083749548	-0.0149039304	-0.0200285528	-0.0204479845	-0.1082280018	0.0587790397	-0.0024748176635682	0.0323829390688673	6.124722467909166e-06	0.0010486547427379	-0.0649189601888764	0.0415304316968843	0.0042144713920049	0.0017247767569295	-0.0420318488276194	0.027964502157431	0.0017666763158678	0.0007820133809129	-0.0052031527261468	-8.108251485119955e-05	6.5743742145949964e-09	2.7072798291608877e-05	0.0012521353812542	-0.0003115196222535	1.5678430129886007e-06	9.704447504902557e-08	-0.0013957544645644	-0.0001687469418684	1.9481305253514557e-06	2.8475530389937208e-08	0.0	0.0	0.0	0.0	0.0	0.0	0.0	0.0	0.0	0.0	0.0	0.0	0.0	0.0	0.0	0.0	0.0	0.0	0.0
956460.1415398646	1314.6571923849406	1728323.5334894543	914816002354.4578	1529811.8884770889	3115.3035293123685	2340324414125.837	9705116.0797461	980928.268957346	931.8373815165832	962220268839.6552	868320.9055916823	1054896.220844964	910807.4022349102	1.301781	24.373442	0.0919646381394769	0.0521189927267964	0.006997233	0.1354217164	-0.129565051	0.0125583082	0.0902166966	-0.1156625982	0.0859698017	0.075445498	-0.0429174406	-0.0919954707	0.0586498693	0.041102346	-0.050494659	0.053521629	-0.1334221682	-0.0164285573	-0.0084613891	-0.0372567212	-0.1748622388	-0.0772367637	0.0273836185	-0.0388926882	-0.0062298189	0.0485107142	0.0055767907	0.0058667142	-0.0824954569	-0.1146539974	-0.0028700895	0.0380081164	0.0808778198	0.0482231896	-0.0585001533	0.1142335571	0.0497097045	0.1400585804	0.0530622477	0.0039156885	0.0191034018	0.07738816	0.0016337642	-0.1871933123	-0.0846711388	-0.0242603158	-0.0174306616	0.1820647392	-0.0288852971	0.1946419659	0.0092361039	0.0165138607	0.0926998159	-0.1178168033	-0.0346039741	0.0715986994	0.04746002	-0.1397840955	0.1021973434	0.0440158008	0.0379714075	0.0546430291	0.0570732161	0.0548409115	0.0257776654	-0.0042179163	-0.006164086	-0.0192046301	-0.0269066658	-0.0116091277	-0.013720788	-0.0364824494	0.0266042957	0.0241133591	0.1527665316	-0.0476334463	-0.1227182264	-0.0832993832	-0.060321188	-0.0844949242	0.0758845015	-0.0176145358	0.0537801878	-0.0913421793	0.0558013067	0.0020056096	0.0283423021	0.1223790556	0.0002843237	-0.1001443118	0.0071205328	-0.0706077292	-0.1609869889	-0.0759306457	-0.0589305197	-0.0142494975	-0.0592295935	-0.0659703266	0.0321844723	0.1179585545	-0.1101658065	0.0424984816	0.0701453343	-0.0395111485	-0.0146095859	-0.1313215076	-0.0114531172	-0.0228235037	-0.1064475877	0.0649037979	-0.0034274369639035	-0.0009526193003352	1.174732414153204e-05	9.074835313713158e-07	-0.0732075443503248	-0.0082885841614483	0.0053593445498047	6.870062740141324e-05	-0.0487503161063926	-0.0067184672787731	0.0023765933204732	4.5137802575946136e-05	-0.0042839879065604	0.0009191648195863	8.448639655652988e-07	1.835255238355576e-05	0.001036169517131	-0.0002159658641232	1.0736472682314896e-06	4.6641254466480535e-08	-0.0010107858002956	0.0003849686642688	1.0216879340792164e-06	1.482008724689042e-07	0.0	0.0	0.0	0.0	0.0	0.0	0.0	0.0	0.0	0.0	0.0	0.0	0.0	0.0	0.0	0.0	0.0	0.0	0.0
962270.1851783836	5810.043638519011	33756607.08149523	925963909283.2408	1538206.2983490566	8394.409871967742	2366078616280.707	70466117.09858948	981580.7613299764	652.4923726303969	963500791013.136	425746.2963408447	1056260.6374818443	940024.8631166172	1.374163	25.728659	0.0703218990710711	0.0364754061774676	0.0403183288	-0.1111425131	-0.0322177626	0.1108046422	0.0325481847	-0.1422422569	-0.1183712918	-0.0379890398	0.1248439379	-0.117893822	0.0805260244	0.0756272677	-0.073898886	-0.1465432081	-0.0124099298	0.0221365984	0.070941536	-0.0718752952	-0.0348517479	-0.1646370154	-0.0261596584	-0.0188999937	-0.0261349165	-0.0918714082	0.0476139671	0.0857773993	-0.0453540622	-0.0486484962	0.0168862216	0.0762855267	-0.0933287839	0.0518598971	-0.1274317439	-0.1345009914	-0.1001717873	-0.0072700366	-0.0342214944	-0.0087973705	0.0744519144	0.0963972003	-0.0001202253	-0.1048062998	0.0121938615	-0.0808420183	-0.0478411344	0.044294123	0.0229790847	-0.1069449056	0.1067424791	0.0001686747	0.0158183251	0.1145188567	0.0603706539	0.1285171291	-0.0374267795	-0.0536675744	0.0834162214	0.1107655517	0.1501088139	0.0084993714	0.0362924923	-0.0303299326	0.0103783949	0.0060887025	0.0563839992	0.1566916822	0.0649306876	-0.0247339954	-0.0060306026	-0.1372911759	0.0676831147	0.0508635783	-0.1541087598	0.1230050064	-0.0300161268	0.0585132604	0.0006530694	-0.0795200819	-0.1170041557	-0.1502766521	0.0885967379	-0.0827151199	0.0653648488	0.0259209362	-0.0916431098	-0.1571875679	0.0671802375	-0.1902400577	-0.0707886482	-0.0154396233	-0.0049067	0.005773185	-0.0054442027	-0.1007916999	-0.1049166666	-0.05854525	-0.0061313192	0.039894517	-0.039358862	0.0880717086	-0.0231105293	-0.0147911906	-0.0008975108	-0.0456057592	0.0158605954	-0.0251890118	-0.1044804285	0.0707724105	-0.0019982806939111	0.0014291562699924	3.993125731657827e-06	2.0424876440585897e-06	-0.0463768903815804	0.0268306539687443	0.0021508159614651	0.0007198839923904	-0.0676030384549619	-0.0188527223485693	0.004570170808343	0.0003554251399522	-0.0046439400429854	-0.0003599521364249	1.2956554051692177e-07	2.156617912284324e-05	0.0010370926950316	9.231779006001802e-07	1.0755612580879074e-06	8.522574361565564e-13	-0.0011140978156453	-0.0001033120153497	1.241213942825629e-06	1.0673372515616686e-08	0.0	0.0	0.0	0.0	0.0	0.0	0.0	0.0	0.0	0.0	0.0	0.0	0.0	0.0	0.0	0.0	0.0	0.0	0.0
962870.771799249	600.5866208653897	360704.28916250734	927120123185.2814	1542406.8900774932	4200.591728436528	2379019014558.524	17644970.869009376	983772.0873444906	2191.3260145141976	967807519838.136	4801909.701886677	1058545.6236440178	956595.2939652832	1.246548	23.339293	0.0634205229408241	0.0342174757346628	-0.0744426797	-0.1148379824	0.0973463554	0.0889007753	0.0737197369	-0.0973971127	-0.0560689517	0.0229341284	0.0783305144	-0.1672554099	-0.1385348845	0.113689789	-0.0717044299	0.0162383201	0.047151153	0.0498703222	0.0638140914	0.0032331879	0.0705094724	-0.048884217	0.0806375953	-0.1014885741	-0.1254530304	0.043291119	-0.0043580953	0.0361672988	-0.1530726007	0.0821611984	0.1074096583	0.1245794908	0.1332572196	-0.0380868963	-0.0990669686	0.0901532336	-0.1120723489	0.0481394484	-0.0956284824	0.0691026741	0.0274455792	0.0736545846	0.1151597382	-0.0910544559	0.1077438771	-0.1129394527	-0.1205237182	-0.2102239807	0.0074725958	0.0325095535	0.1024120401	-0.0442916496	-0.1463286207	-0.0103215378	0.0857535735	0.0296273972	-0.0538007905	0.0323642369	-0.0682530213	0.0596000267	0.1043367058	0.0830791357	0.1585963937	0.0390015478	-0.0790924853	-0.1011620864	-0.0065670726	-0.0558836188	0.1104044315	-0.152412671	0.075198585	0.0012883982	0.0336503709	0.1085395775	-0.0139292428	0.0403202583	-0.0575278835	-0.1542438899	0.0492477718	-0.0204939189	-0.0899792945	-0.0321780421	0.126874588	-0.076773015	0.0439427384	-0.004208671	-0.0710099235	-0.0205356524	0.0032548113	-0.0446367441	0.0191526122	-0.26230537	0.0093246229	0.0087854171	0.0341914391	0.0067381027	0.0253023744	0.0800423765	0.0440042353	-0.0462499192	-0.0719643669	0.186073738	-0.0702896347	-0.0105646937	-0.1108978275	0.0037731467	-0.0662663713	-0.0275434712	-0.102329975	0.0763617167	0.0058163997307758	0.0078146804246869	3.38305058281688e-05	6.106923013998462e-05	-0.0726161205503501	-0.0262392301687697	0.0052731009637829	0.0006884971998496	-0.0486959483131244	0.0189070901418375	0.0023712953821144	0.0003574780576315	-0.0046643355592928	-2.039551630739992e-05	4.1597708544541607e-10	2.175602620968328e-05	0.001176221033017	0.0001391283379853	1.3834959185115789e-06	1.9356694430579684e-08	-0.0011637644054631	-4.966658981779993e-05	1.3543475914228827e-06	2.4667701441295875e-09	0.0	0.0	0.0	0.0	0.0	0.0	0.0	0.0	0.0	0.0	0.0	0.0	0.0	0.0	0.0	0.0	0.0	0.0	0.0
960476.2566576462	-2394.5151416028384	5733702.763365261	922514639603.0846	1531054.8196175876	-11352.070459905546	2344128860674.244	128869503.72666012	983116.0006294432	-656.0867150473641	966517070693.6312	430449.7776616412	1056857.4102271695	960770.5057794926	1.338934	25.069059	0.1085084828744719	0.0773559599746865	-0.1234890511	0.0320659716	0.2052398571	0.1349303297	-0.0070507768	0.0216282949	0.0143053098	-0.0411967041	0.0507384366	-0.1120827737	-0.1040253139	0.0829334154	-0.040101986	0.1026975186	-0.0230109805	0.010696514	0.0803526143	-0.0706659678	0.1238805483	-0.0538741173	0.0168857905	-0.022620794	-0.1053934759	-0.1320956023	0.115893298	0.0856473402	0.0210962385	0.0668442939	-0.0230462643	0.0061084037	-0.0051568255	0.1134616562	-0.0740919606	0.1228429073	0.0074831127	-0.1251174966	-0.0415070327	0.0330904148	0.0699041218	-0.0280505349	-0.0453678403	-0.0884969197	-0.0455255059	0.0172578254	0.0580240414	0.0324001771	0.0477984866	0.1524123325	0.1022790665	-0.0457740695	0.0087526517	-0.0748096968	0.0213272931	0.0314232431	-0.0347504344	0.134005017	-0.0199812438	0.0759291937	0.0865204827	-0.0130837667	0.1034214695	-0.1690747829	0.0376021382	-0.0334300978	0.034556857	0.0644955245	0.0066443119	-0.0191432283	-0.0844208378	0.0051040209	-0.0660688639	0.040964343	-0.0365919275	0.0015186832	0.0044080135	-0.1714715466	0.0139538578	-0.0207768654	-0.0827141429	-0.0904011982	0.0060747357	-0.0635813286	0.0169677365	-0.0043988482	-0.1509598871	-0.113386052	-0.1677532855	-0.1110236962	0.0520465759	-0.0005380466	0.1090976447	-0.0179256329	-0.1066562415	-0.0196941635	0.1074762407	0.0021360963	0.0115170377	0.0172273522	0.0393506675	0.1466972329	0.0121258601	0.0164468175	-0.0393788999	-0.0798268313	-0.0423449794	-0.0298858491	-0.1	0.0816496581	0.0078396934671474	0.0020232937363716	6.146079365883364e-05	4.093717543640552e-06	-0.0774009448359009	-0.0047848242855507	0.0059909062614901	2.2894543443596708e-05	-0.0543453876132389	-0.0056494393001145	0.0029534211548331	3.191616440567823e-05	-0.003178054820774	0.0014862807385188	2.209030433691989e-06	1.0100032443844862e-05	0.0010343886120407	-0.0001418324209762	1.069959800719486e-06	2.011643563999838e-08	-0.0008708590539095	0.0002929053515536	7.583954917761494e-07	8.579354496873802e-08	0.0	0.0	0.0	0.0	0.0	0.0	0.0	0.0	0.0	0.0	0.0	0.0	0.0	0.0	0.0	0.0	0.0	0.0	0.0
958055.2608210464	-2420.99583659973	5861220.840833226	917869882786.8832	1530405.0228268194	-649.7967907681596	2342139533893.5576	422235.8692925993	981053.5675725712	-2062.433056871989	962466102446.8696	4253630.114078336	1056926.876415555	958914.6251837296	1.242844	23.269949	0.105727202828311	0.0591052454750977	0.0339746285	0.0573760339	0.1133008907	0.0993618031	-0.0591733838	0.042641615	0.0722548967	-0.0785597735	-0.0644891772	0.0246663214	-0.1175419257	0.0139132245	-0.0123054413	0.0694027738	-0.1156158434	-0.0160604389	0.062478187	-0.0007479999	0.0621438911	-0.1013058753	-0.0152938011	-0.0659368872	0.0387619749	-0.0744624682	0.0705377594	0.0395696882	0.0878397464	0.0949402695	0.1411905822	0.0511818298	-0.0713999071	0.1221602688	0.0137691411	0.0132548439	-0.0478173925	-0.050346388	-0.0235001174	0.1617688174	0.0580251929	-0.136888919	-0.0232476283	0.0491547536	0.0517252172	-0.052284745	-0.0353059804	-0.1174601601	-9.92719e-05	-0.0541915674	-0.151652538	0.0028721725	0.0143414082	-0.0667222322	-0.0994568935	0.0453860039	-0.0021090128	0.0946805078	-0.0289965123	0.0301124798	0.09737354	-0.0507370123	0.0096975266	0.0705567105	0.0759846711	0.0335610782	0.0538056374	0.0381215385	0.0632734796	-0.0452422111	0.0323974622	-0.1657498398	-0.0632726569	0.071125859	0.0155816449	-0.070786202	0.0553739635	-0.0707684996	-0.1161779645	0.1779885035	-0.1689795241	0.106891764	-0.1510498492	-0.0560576156	0.0094290584	-0.0408924368	0.0789270628	-0.0423591278	-0.0880048241	-0.0795658347	-0.0283691906	-0.1168816462	0.1365933732	0.046806629	-0.0768703003	0.1525970001	0.0418785255	0.0261691978	0.0858912693	0.0567902646	-0.0010011357	0.0666546361	-0.0100374585	0.0066699242	-0.1011467852	-0.1377704399	-0.0718474349	-0.032215118	-0.097494591	0.0866153656	0.0123086116520454	0.004468918184898	0.0001515019208008	1.997122974331204e-05	-0.05005309822198	0.0273478466139209	0.0025053126416191	0.0007479047144185	-0.0039207853810268	0.050424602232212	1.5372558004073467e-05	0.0025426405102768	-0.0034494570900495	-0.0002714022692754	7.365919176789098e-08	1.1898754216092765e-05	0.0010353445317701	9.559197294000275e-07	1.0719382994662478e-06	9.137825290562225e-13	-0.0010682175808502	-0.0001973585269406	1.1410888000374537e-06	3.895038815620299e-08	0.0	0.0	0.0	0.0	0.0	0.0	0.0	0.0	0.0	0.0	0.0	0.0	0.0	0.0	0.0	0.0	0.0	0.0	0.0
957973.0167445064	-82.24407653999515	6764.088125916581	917712300810.5704	1536236.0804413746	5831.057614555117	2360021294849.8774	34001232.90426121	981799.896734301	746.32916172978	963931037227.484	557007.2176482761	1060057.9275287082	955736.3100892048	1.14807	21.495485	0.0860486089760751	0.0365788548928501	0.1230350764	-0.0193101034	-0.011596254	0.0754073288	-0.0953625857	0.0230921538	-0.0038150725	-0.0904184278	-0.0464590013	0.1342434252	0.0301684845	0.0846865393	-0.0197697978	-0.1016071841	-0.0395545751	-0.0256863162	5.12737e-05	-0.1166617279	0.0041048789	0.0638245156	0.0627219926	-0.0348435143	-0.0939190726	-0.0567004571	0.1413584489	-0.0448027072	0.0607308896	-0.1174727841	-0.0449007643	0.0676563368	-0.0734377674	-0.1238889266	0.0357896897	0.2895333627	-0.0875980774	-0.0897810512	0.0794545342	0.0487307214	-0.0102194298	-0.0746355578	0.1156929949	0.0404129283	0.100640689	0.0245793442	0.1120914151	-0.0318126659	0.0898702563	0.1309081891	0.0384334816	0.0558760519	0.0490190245	0.1091546126	-0.0777270801	0.0138259497	0.0525761431	0.0586559012	0.0822258882	0.0041370867	-0.0923954424	0.0467180807	0.1166814034	-0.0232059329	0.1081767018	-0.006452876	-0.0368021473	0.049891855	-0.0632704512	-0.0732658487	-0.0078355241	0.0274467606	-0.0169017862	-0.0830230497	0.0403237873	-0.0577894924	-0.0815431941	-0.1511978801	0.1170385586	0.2127248305	0.0225968497	-0.031246522	-0.0234637104	-0.0540143793	0.0093631007	-0.0450037692	0.031611897	-0.0149041357	0.0912295247	-0.0872972643	-0.0858416695	0.0572373148	0.117721015	-0.0043717487	-0.052962568	0.0983703659	0.056500919	-0.0783690333	0.1010357402	-0.0692374708	0.0712533531	0.0653972787	-0.0019150755	0.1274540885	0.012105251	-0.065377636	-0.0676264972	-0.0345302564	-0.0948181434	0.0912392418	-0.0004678441245715	-0.0127764557766169	2.1887812489607325e-07	0.0001632378222118	-0.0658615005668679	-0.0158084023448879	0.0043377372569195	0.0002499055846978	-0.0162436260714571	-0.0123228406904303	0.0002638553879493	0.0001518524026817	-0.0029570088520094	0.0004924482380401	2.425052671487992e-07	8.743901350861949e-06	0.0012022215876865	0.0001668770559163	1.4453367458994488e-06	2.784795179132527e-08	-0.0008247246715239	0.0002434929093263	6.801707838202046e-07	5.928879689218576e-08	0.0	0.0	0.0	0.0	0.0	0.0	0.0	0.0	0.0	0.0	0.0	0.0	0.0	0.0	0.0	0.0	0.0	0.0	0.0
957764.9879192328	-208.0288252736209	43275.992144722695	917313772083.9282	1538019.3169642857	1783.2365229111165	2365503419355.288	3179932.496644129	981486.7486300356	-313.14810426544864	963316237736.3586	98061.73520504429	1057745.6861184868	955778.7891084324	1.330086	24.903389	0.0749237778613173	0.0386450277168374	-0.0163361464	-0.1072471312	-0.0012436419	0.0585204355	0.0009902181	0.0985743035	-0.0508142677	0.0221868479	0.0506668193	0.078204572	-0.0083182913	0.1067401673	-0.0938670377	-0.0357557753	0.0084340289	0.0912944225	-0.0307803338	-0.058209569	-0.0786542212	0.0098740048	-0.0044878549	-0.0545522157	0.0372860834	0.1378607559	-0.0768143222	0.1279077173	0.1791915976	0.0471767998	0.106531119	-0.0451820576	0.1504855175	0.0003872533	0.2917650952	0.130928548	0.010172968	0.0998050287	0.1404873289	0.0097147557	-0.0122089371	-0.0341967109	0.0936793611	0.1032203617	-0.1475568051	0.056167438	0.12662215	0.1140661965	0.0184672449	-0.0637152319	0.1084188748	-0.0355342117	0.0288199769	0.03898621	0.052143457	0.0285851496	0.059277724	0.0121300972	-0.0367493147	0.0496178169	-0.0129023607	-0.0168015264	-0.0060024097	0.12171952	-0.0517106644	0.033384371	0.1369706911	-0.2116068657	-0.2313058613	-0.073806128	0.1067666227	-0.0364406515	-0.1596136054	-0.0612752906	0.0792668722	-0.0091043671	-0.1210847091	-0.0478803628	0.0481781234	-0.0976497619	0.0919586316	-0.1520436319	-0.0422167962	-0.0442355793	-0.0665586283	-0.0562412985	-0.0294906201	-0.0073746184	0.0671289148	0.0664397139	-0.0715670297	-0.1462817814	0.1128684175	-0.0027502548	1.2256e-05	-0.0352670577	0.0079132153	0.0209354119	0.0902124831	0.0159087598	-0.0518739001	0.0473953958	0.0915863089	-0.0353705	-0.0862968002	-0.0240719786	0.1888325272	-0.0368302486	-0.0919753525	0.0955030384	0.0078912997390858	0.0083591438636573	6.227261157209562e-05	6.987528613331949e-05	-0.0320930898805755	0.0337684106862924	0.0010299664180826	0.0011403055602781	-0.0265950762129847	-0.0103514501415276	0.0007072980787744	0.0001071525200325	-0.0032170921493526	-0.0002600832973432	6.764332155691157e-08	1.0349681897426132e-05	0.0010342960691933	-0.0001679255184931	1.0697683587487118e-06	2.8198979761210044e-08	-0.0008038380239635	2.088664756039996e-05	6.461555687695444e-07	4.3625204631236147e-10	0.0	0.0	0.0	0.0	0.0	0.0	0.0	0.0	0.0	0.0	0.0	0.0	0.0	0.0	0.0	0.0	0.0	0.0	0.0
957569.289390647	-195.69852858583909	38297.91409066248	916938943984.1086	1533162.8236607143	-4856.493303571362	2350588243855.2944	23585527.20763348	982853.6628036136	1366.9141735780286	966001322486.4794	1868454.3579285047	1059077.3463470747	953718.8114615286	1.364745	25.552315	0.1392854456929688	0.0837386984122636	-0.1216893409	0.076199622	0.0411502608	0.092618345	-0.063125475	0.1493891824	0.0192424706	0.0543553643	-0.0187265879	0.0516871573	-0.0358957289	0.0150436955	-0.0580724137	0.1080506207	0.013307572	0.1055854512	-0.1030865471	-0.1095068382	0.0107750387	0.1506605522	-0.0357822429	0.0516957143	-0.0064250121	-0.0588451754	-0.0778004428	0.1383053578	0.2259569327	-0.174782272	0.1068377637	-0.06577576	-0.1040539415	-0.099888234	-0.03452507	0.0041331405	0.0988102003	-0.1291539236	-0.0315024128	0.1513365619	-0.0211522471	0.0183253618	0.1865521492	-0.1034339455	-0.1574477548	0.0835689821	0.142665514	-0.1589146183	-0.063906293	-0.0076432509	-0.0096079294	0.09186915	0.0344099825	-0.0551456664	0.0672006816	-0.0525586043	0.1117480619	0.0836570012	-0.0318075834	0.0609792511	-0.186895668	-0.0262539901	-0.002467264	-0.0371894374	0.0877001894	0.09884028	0.1299733167	-0.0743914804	-0.1060192131	0.1162939821	-0.162531774	-0.145441395	0.0782500036	0.0090642934	-0.0067009744	-0.0260687544	-0.0026234862	0.0919722091	0.1053836471	0.1481938252	0.1012533825	-0.079478922	0.0905746725	-0.0466920011	-0.2368383984	-0.1038567873	-0.1156302073	0.2527980562	-0.1606493394	0.0946592115	-0.0624664774	0.0879351295	0.1970582463	0.0861765963	0.1447260051	-0.1812661325	-0.1037260242	-0.1510718312	0.0409080126	0.14485121	0.110340916	0.0895819759	-0.1079362378	-0.1292494219	0.0007722255	0.2379005874	0.0083649071	-0.0391140859	-0.0889712056	0.0993899282	0.0200242292936394	0.0121329295545535	0.0004009697588042	0.0001472079795757	-0.0654676036272832	-0.0333745137467077	0.004286007124699	0.0011138581678291	-0.0285264710361872	-0.0019313948232024	0.0008137595497784	3.7302859630934113e-06	-0.0016912470288507	0.0015258451205019	2.328203331759458e-06	2.86031651259632e-06	0.0010329196367633	-1.3764324299999926e-06	1.0669229760112277e-06	1.8945662343556845e-12	-0.0004941274255253	0.0003097105984381	2.4416191265626094e-07	9.592065478494796e-08	0.0	0.0	0.0	0.0	0.0	0.0	0.0	0.0	0.0	0.0	0.0	0.0	0.0	0.0	0.0	0.0	0.0	0.0	0.0
956639.3856583224	-929.9037323246012	864720.9513912235	915158914192.7324	1535451.914041442	2289.090380727779	2357612580333.5283	5239934.771140449	984279.83038359	1426.167579976376	968806784499.9486	2033953.9661756733	1061869.7467483378	936919.1327505911	1.251971	23.440834	0.06046340617513	0.0314351091694201	0.0075613309	0.1163047687	-0.0634602927	0.0682014713	0.089136633	0.1297050546	0.0619540118	0.0250886181	-0.124398411	0.0482741846	-0.0318482957	0.0651935898	-0.1253495192	0.1097420713	-0.0484558796	0.0275368176	-0.1444347229	-0.242443727	0.012800842	0.1456152397	0.0259192567	-0.0844796663	-0.0110551313	-0.0596434275	-0.2909460575	-0.0404120473	0.2032868334	-0.1543113293	0.0740492633	0.3014010205	-0.0324913663	-0.1358892574	0.1644189999	0.0041830096	-0.0086075204	0.0795634497	0.056176902	-0.2294018944	-0.0113550003	-0.1384935717	-0.0911505966	-0.0384034757	0.0105577063	-0.1613836358	-0.1629180925	-0.0322749837	-0.0410300128	-0.0041788058	-0.048309833	0.0418529182	0.0643293864	-0.080879372	-0.0669012411	-0.1034267642	0.1498200067	0.0984560749	0.0567223582	0.1773881306	-0.1471467349	0.0226115365	-0.0284881737	0.1499742124	-0.0575884561	0.1419774248	-0.0801561107	-0.2175622587	-0.0901224552	-0.086120299	-0.0876903612	-0.2494264058	0.0488208323	-0.2747195014	-0.1668800498	0.1084443686	-0.0129780238	-0.1125343545	0.0564277972	-0.0350244531	0.0780547262	0.1892894195	0.0513455252	-0.0450956449	-0.2118478574	-0.0875459811	0.0597604803	0.3780485281	-0.0742362822	0.0065232499	-0.1294125625	0.0027489898	0.1626021327	0.0695224913	0.0693845006	-0.1376415267	-0.0891916167	-0.007565853	-0.0743318678	0.2431385582	0.2645146814	0.0284450699	-0.1387237709	-0.1916976904	0.0385873057	-0.0259763101	-0.1251411246	-0.0413807664	-0.085810973	0.1028845713	0.0345984755759332	0.0145742462822938	0.0011970545121784	0.0002124086546969	-0.0655848132036567	-0.0001172095763734	0.0043013677229585	1.3738084793654768e-08	-0.0152389979255218	0.0132874731106654	0.000232227057774	0.0001765569416666	-0.0019129683293069	-0.0002217213004562	4.9160335075988566e-08	3.659447828931232e-06	0.0010320658931963	-8.53743566999951e-07	1.0651600078990768e-06	7.288780781937999e-13	-6.701292543255359e-05	0.0004271145000927	4.490732175028987e-09	1.824267961894767e-07	0.0	0.0	0.0	0.0	0.0	0.0	0.0	0.0	0.0	0.0	0.0	0.0	0.0	0.0	0.0	0.0	0.0	0.0	0.0
955517.9007406324	-1121.4849176899295	1257728.4206059885	913014458635.7852	1542426.2780913073	6974.364049865166	2379078823346.6025	48641753.90005164	982967.8440462084	-1311.9863373815317	966225782428.8512	1721308.1494758057	1061919.6337032495	935237.3341810856	1.362174	25.504185	0.1026550585594376	0.0542067530125498	0.0222954176	-0.0851939944	-0.1458324294	0.0848602948	-0.0881588565	0.081755073	-0.1364510513	0.0186096955	0.0617081864	0.156319757	0.0621890558	0.0306926124	-0.0380789906	-0.0902032902	0.0714818328	0.0330192512	-0.0809674796	-0.1198402452	-0.006772652	0.0310308617	-0.043611601	-0.0375637583	0.1596368234	-0.1257763013	0.0311325598	0.0097038569	0.0517951241	-0.0355205389	-0.1009209767	0.075428973	-0.0694979504	0.0458644425	-0.0051755888	-0.1320529171	-0.0345924807	0.0310975177	0.0503792949	0.1151597056	0.1771031919	0.1141890407	0.0779211918	-0.0588535752	-0.1128691984	0.2293011472	-0.0256298713	-0.0453985872	-0.0537356282	-0.0152685603	-0.0491834075	0.1058367386	-0.2225089911	0.1416864828	0.0632003752	-0.0548241729	0.0919039923	0.0587168479	0.0825861976	0.0834925129	-0.0546757734	-0.0671082861	-0.1191985711	0.0969626105	-0.0037854828	0.1124459229	0.0131577214	0.1302485454	-0.0099366702	0.0019555154	-0.0857629916	-0.0009566572	0.0086508653	-0.061127399	-0.0392782165	0.0820101543	-0.0723811248	0.0615264849	-0.0963658797	-0.0858634096	0.0670328047	-0.1628193097	0.115774555	-0.0289833481	-0.1459475532	-0.0742956931	-0.0776878773	-0.0050245646	0.1435161678	0.0348712614	-0.1469376926	0.0971756587	0.0879290657	0.0063296642	-0.1035285801	-0.0494872277	-0.0411738728	-0.0983911782	0.0770996402	-0.0054068262	0.0393727777	0.0140973895	0.1812346465	0.0554208538	0.0452653731	0.0224177317	0.1142365644	-0.043629296	-0.0825001988	0.105973176	0.0079261922571873	-0.0266722833187459	6.28245236978959e-05	0.0007114106974354	-0.0586817145952949	0.0069030986083617	0.0034435436278436	4.765277039676655e-05	-0.0259012430503844	-0.0106622451248625	0.000670874391555	0.0001136834711026	-0.0022390307347484	-0.0003260624054415	1.0631669224229717e-07	5.01325863114796e-06	0.0010340202027774	1.95430958109988e-06	1.0691977797518154e-06	3.819325938778787e-12	-0.0009073448405593	-0.0008403319151267	8.232746596895816e-07	7.061577275805854e-07	0.0	0.0	0.0	0.0	0.0	0.0	0.0	0.0	0.0	0.0	0.0	0.0	0.0	0.0	0.0	0.0	0.0	0.0	0.0
957454.813738349	1936.912997716572	3751631.960723398	916719720350.7366	1537285.7996967656	-5140.478394541657	2363247629949.324	26424518.124749567	984452.1599526068	1484.3159063983476	969146055235.3528	2203193.709987148	1060423.5761222313	928103.7900650244	1.391555	26.054289	0.071980371890923	0.0343675598054898	-0.1017653973	-0.0052149602	-0.1475219047	0.0370709693	0.0810608173	0.0292956741	-0.0074213542	0.1522264685	-0.0199648752	-0.010649455	0.0344603125	0.0242544012	-0.0748255588	0.0637501357	0.1219774575	0.0906670164	-0.061415264	-0.0087269754	-0.0785460588	0.0994362141	-0.0975872962	-0.0711742655	0.0895274784	0.1235581595	-0.140335809	0.0454289007	-0.0475140105	0.0668236623	-0.0261912704	0.0443139194	0.1084135772	0.060995575	-0.0308125468	0.0665761284	0.1981309543	0.0936773879	-0.0715624777	-0.0036771605	0.1812641274	0.0324453118	-0.0155004664	0.0446497818	0.1164793386	-0.0928701792	-0.0354661091	-0.2710251591	-0.0726666147	0.0269778805	0.0437877398	-0.1375144796	0.0276084378	-0.0362680812	0.1208181226	-0.0885314888	0.0625577474	-0.0775626912	-0.0207087367	0.0243055418	-0.1342046529	-0.002888496	0.0676598652	0.108202869	-0.178626994	-0.0428195962	0.0448591588	-0.0195638511	-0.02831171	-0.0026400579	0.0570694581	-0.0878158813	0.004511682	0.0426192079	0.0043462878	-0.2017513963	0.1620191998	0.0330308004	-0.001437976	-0.0628376297	-0.1226670837	0.1179821522	-0.0430254619	-0.0155981658	-0.159820157	-0.1087174255	0.008202518	0.0416742101	-0.0226465967	0.1555262547	-0.0599480151	-0.1299337774	-0.0376390576	-0.1093985571	-0.0151528771	-0.1175592034	-0.0646274301	-0.0324407888	0.1585793288	-0.0873104595	-0.0324213588	-0.0353595113	0.0493318956	0.0962719663	0.0189044825	0.1103457121	-0.1053198234	-0.0458586883	-0.0790446912	0.108643553	0.0151762657762191	0.0072500735190318	0.0002303190429104	5.2563566031366165e-05	-0.0403805722693562	0.0183011423259387	0.0016305906168006	0.0003349318104342	-0.0174040653429869	0.0084971777073975	0.0003029014904629	7.220202899109303e-05	-0.0026826776966321	-0.0004436469618837	1.9682262678863726e-07	7.19675962400731e-06	0.0007197195335864	-0.000314300669191	5.179962070258251e-07	9.878491065391045e-08	-0.0009080367762557	-6.919356963999571e-07	8.245307870328442e-07	4.787750079524937e-13	0.0	0.0	0.0	0.0	0.0	0.0	0.0	0.0	0.0	0.0	0.0	0.0	0.0	0.0	0.0	0.0	0.0	0.0	0.0
962243.6174207184	4788.803682369413	22932640.70827485	925912779266.91	1536698.4112196765	-587.3884770891163	2361442007045.078	345025.2230170714	985387.2253406398	935.06538803305	970987983864.5248	874347.2798973985	1060335.9467081972	927960.3073856534	1.420676	26.59952	0.1532856867846855	0.0828945269477982	0.0200604851	0.1179473162	-0.0911159141	0.1022074762	0.1323802029	-0.0861064157	0.0298892287	0.0536728992	-0.0737731759	-0.1524571321	0.032102235	0.0414595013	-0.0181445418	0.076160567	-0.0012971727	-0.0596724149	-0.1558396547	-0.1608357234	-0.0752462349	0.0605997783	0.027573658	-0.0451237627	0.0393236824	0.1092463669	0.0249639039	-0.0027147299	-0.1555557691	-0.0414995156	0.0793265775	0.0893829323	-0.1644088218	0.1436137399	-0.0122745431	0.0060795547	-0.0087119875	-0.1682216399	0.0219917085	0.0521128054	-0.0172380219	0.0568465985	-0.2003459789	0.06141298	0.2006375786	0.0870657781	0.0601449945	0.1299572898	0.0164633028	0.1095883071	0.0029299686	0.1013927119	0.0390070259	-0.0701660244	-0.0393172574	-0.1028738551	0.0804938532	-0.0851645877	0.09810962	0.122612278	-0.0861039377	0.0727595961	0.0523187149	-0.005617089	-0.1055322104	-0.0845016856	0.0513677719	0.0833931619	0.0983062436	0.0690480427	0.0030792215	-0.1312910085	0.0410490128	0.019567261	0.1205081041	-0.0195674148	0.069672916	-0.0704807762	0.1021503737	0.1135421005	-0.0835208831	-0.1959212609	-0.0791223969	-0.0213068435	-0.0946867849	-0.0689386808	0.0348847262	0.0177765057	-0.032378969	-0.0876303887	0.0136719992	0.032349	-0.0929566389	-0.011841945	-0.161291075	-0.233145061	-0.0595241468	0.0765919208	0.0329249666	-0.2099566105	-0.0009585543	-0.0559124506	0.1678484389	0.1192535435	0.1204112941	0.0616133083	0.0147872973	-0.0480679655	-0.0754505123	0.1108851636	0.0079750388580634	-0.0072012269181557	6.360124478762118e-05	5.185766912677025e-05	-0.0905093809334829	-0.0501288086641267	0.0081919480369623	0.0025128974580846	-0.07199569209358	-0.0545916267505931	0.0051833796800335	0.002980245711276	-0.003193039803844	-0.0005103621072118	2.604694804777708e-07	1.019550318893213e-05	0.0010349525679336	0.0003152330343471	1.0711268178723526e-06	9.937186594374293e-08	-0.0009063514287786	1.6853474771000123e-06	8.214729124490096e-07	2.840396118567377e-12	0.0	0.0	0.0	0.0	0.0	0.0	0.0	0.0	0.0	0.0	0.0	0.0	0.0	0.0	0.0	0.0	0.0	0.0	0.0
962221.8092062336	-21.808214484830387	475.5982190163659	925870810112.1174	1548998.4671495955	12300.055929919006	2399396251231.7964	151291375.8791357	984606.2375222156	-780.9878184242407	969449442967.6536	609941.9725270547	1059684.9252677923	943850.8788962648	1.346459	25.209942	0.1011413825327187	0.0579056128145873	0.0255735885	-0.1526771537	0.0047416787	0.156961903	0.0149642169	-0.0784867573	-0.1477540614	-0.1182398634	0.0549906958	-0.1724187919	-0.0081742396	0.0744708056	-0.1294810143	-0.0598265829	0.1197141908	0.0014134223	-0.0605016432	-0.0950469761	0.0718296513	0.019254517	-0.1523195712	-0.0831862928	0.1331966498	0.0083099445	-0.0876099173	0.0555689099	-0.2375780086	0.0375861717	-0.0185258931	-0.0545888796	-0.0182290476	-0.0471620863	-0.0071364762	0.091003679	-0.1485972209	-0.0703411924	-0.0574033858	-0.0094610079	0.0717820067	0.1529104363	0.0596244964	0.0630280132	0.0094155646	-0.181886815	-0.0528378921	-0.0502444294	-0.0053375394	0.0579313467	-0.1132998786	-0.0127136876	0.0411330822	0.0885821816	0.034494523	-0.027094603	-0.0586219879	-0.0183435116	-0.0465939298	0.2020563724	0.0327021042	-0.0997048065	0.0544972186	0.0025906244	-0.2231269741	-0.0569382617	-0.0102442335	0.0278685153	-0.0458127738	0.1512430214	0.0599569223	0.0509402809	0.1610748928	-0.0052943429	0.0499496295	-0.0637025088	-0.0047964289	0.0472747036	0.0016056967	0.1451226289	-0.0308812075	-0.1001094434	-0.0696215229	-0.0036842271	-0.0897274329	-0.0608222513	-0.0245242903	-0.0168740225	0.1082179725	0.0207057204	-0.0514885004	-0.2035319054	0.0125529783	0.1399430572	-0.0684180437	-0.0571208549	-0.0213830724	0.0559212871	-0.0334141703	-0.1992986989	-0.0163342922	0.0572594439	0.0249648772	0.0485605751	0.1227993391	0.1298098296	0.1149515633	-0.0502561585	-0.0717239676	0.112689161	0.0077351180136417	-0.0002399208444217	5.983205068496432e-05	5.7562011588021736e-08	-0.0503707902454806	0.0401385906880023	0.0025372165099542	0.0016111064624189	-0.0718237487564152	0.0001719433371648	0.0051586508854246	2.9564511195369403e-08	-0.0039662414548656	-0.0007732016510215	5.978407931425277e-07	1.573107127829439e-05	0.0005973027040997	-0.0004376498638338	3.567705203248137e-07	1.9153740331383122e-07	-0.0009073184671857	-9.670384071000298e-07	8.232268008962082e-07	9.35163280806563e-13	0.0	0.0	0.0	0.0	0.0	0.0	0.0	0.0	0.0	0.0	0.0	0.0	0.0	0.0	0.0	0.0	0.0	0.0	0.0
960170.644828668	-2051.164377565612	4207275.303794125	921927667190.7	1532768.892815027	-16229.574334568577	2349380478781.404	263399083.08128703	985135.6356635072	529.3981412915746	970492220654.1425	280262.39200297394	1059678.4280847176	963869.1027118082	1.657929	31.041651	0.0873403866705905	0.0457215274540219	-0.0876708953	0.0893329832	0.1486920899	0.0813370689	-0.0092860386	0.0892269787	0.0265965067	-0.0040746073	0.0045314385	-0.0506364512	-0.0654005008	-0.0070365113	0.0213147218	0.1175472121	0.0662537886	-0.004893998	-0.0432701401	-0.0697579606	0.1098932435	0.0936100265	-0.0188463467	0.0201317903	0.0496800791	-0.1259870345	0.0228778977	0.0507356703	-0.0913601304	0.0169850593	0.058450202	-0.0015293336	0.0279057917	0.0289315829	-0.0919144821	-0.000330565	-0.0160449421	-0.0825533961	-0.1630722113	-0.0549504898	0.1736255898	-0.1033933331	-0.1228142845	0.0855921263	-0.0619141895	0.0851718451	-0.0824876215	0.0231254105	-0.0986659572	-0.019622594	0.0405564127	-0.0423986712	0.037720507	-0.0636267951	0.0203364746	-0.0768367375	-0.0058532425	0.1371876254	-0.0185342124	0.0763733188	-0.041721405	-0.06630389	0.0122657313	-0.1452107567	-0.0587401473	-0.0144621338	-0.0031880531	0.0501395458	-0.0160476426	0.0661721443	-0.1209707242	0.0392841072	0.1484112221	0.0226557789	0.0496715102	-0.0302234963	0.0296698069	-0.0709975399	0.0149300784	-0.019524179	-0.1369137949	0.019062653	0.118929498	-0.0044267463	-0.0710635268	-0.0745119147	-0.0911935507	-0.0203496063	-0.14725487	-0.0116664598	0.070078202	0.0712439453	0.0412185116	0.0394696237	-0.0945218942	-0.0747879456	0.1942076384	0.0045717997	-0.0842483361	-0.1282220299	0.0044517647	-0.0446488351	0.0671089065	0.1069325331	0.1006781719	0.0909170424	0.019869346	-0.0524223074	-0.0678715947	0.1140484259	0.0079940180300042	0.0002589000163625	6.390432426403224e-05	6.702921847250332e-08	-0.0787177286108686	-0.028346938365388	0.0061964807976543	0.0008035489146911	-0.0719965015840102	-0.000172752827595	0.0051834962403363	2.98435394420694e-08	-0.0033001879076169	0.0006660535472486	4.436273278025759e-07	1.0891240225580813e-05	0.0009051749436794	0.0003078722395797	8.193416786650051e-07	9.478531590382025e-08	-0.0007100083447892	0.0001973101223964	5.041118496702996e-07	3.89312844001218e-08	0.0	0.0	0.0	0.0	0.0	0.0	0.0	0.0	0.0	0.0	0.0	1.0	0.0	0.0	0.0	0.0	0.0	0.0	0.0
956938.067619775	-3232.5772088930244	10449555.411454616	915730465259.869	1538504.8492250673	5735.95641004038	2366997171089.047	32901195.93788333	980420.9209863744	-4714.714677132783	961225182307.7704	22228534.48677128	1058949.093267747	951194.8044019204	1.405992	26.324593	0.1381589373476631	0.0941319028767089	0.1177140791	0.0188928191	-0.0079621821	0.0233705319	0.0999558415	0.1734794074	0.0163335006	-0.121274587	-0.1244795515	0.0510232435	-0.0750160696	0.0143807861	0.0063493662	-0.0219586261	-0.092177514	-0.0923804179	-0.0792287746	0.0371331112	0.0708799336	0.1291652257	0.0509109165	-0.0744725928	0.1391675817	0.1205760122	-0.0077292915	0.0329707779	0.0121360157	0.1280566885	-0.019401873	-0.0601105967	-0.0745264982	-0.1197359083	-0.0890940139	-0.0710165839	-0.0285315431	-0.0104140779	-0.0815129963	0.0749306569	-0.2624483725	0.103709967	0.030729943	-0.0514562281	-0.0086905081	0.0193435794	-0.1123642012	0.1469242292	0.0683813504	0.0361057599	-0.0276533567	0.0530985006	0.0585430498	0.016058226	-0.179891907	-0.0409475486	0.0317719072	0.0924973786	-0.0620117613	-0.0347947703	-0.0220534867	-0.0493554564	-0.0080766198	0.132115829	-0.1081865344	-0.0405541083	0.1197878262	0.0853338164	0.0544487566	0.1050994923	0.0962776105	0.0409121339	0.0339290065	0.1241324391	-0.112227773	-0.0167533392	0.1096531539	0.0512020053	0.0126813134	0.0193439376	-0.0002653854	0.0586995962	0.044409893	0.0037783714	-0.058198029	-0.086781352	0.1630244522	0.0099216916	-0.0100560908	0.0090314328	-0.0790113689	-0.0326902194	0.0873260204	-0.0464060506	-0.0042082075	0.0567618952	0.1353162873	0.1431027275	-0.0001596269	-0.1452744678	-0.061535656	-0.1249374767	-0.0623000928	-0.0131841522	0.0665818513	0.00127146	-0.0070433623	-0.0545654623	-0.063900152	0.1149575937	0.0080488334402701	5.48154102658991e-05	6.478371974921022e-05	3.0047292026188373e-09	-0.0569959720578765	0.0217217565529921	0.0032485408308222	0.0004718347077474	0.01828332193584	0.0902798235198502	0.0003342798610095	0.0081504465347752	-0.0034149971754887	-0.0001148092678717	1.3181167989258689e-08	1.16622057085958e-05	0.0010351894107014	0.0001300144670219	1.0716171160283115e-06	1.690376163501469e-08	-0.0009872354471865	-0.0002772271023972	9.746338281815287e-07	7.685486630360305e-08	0.0	0.0	0.0	0.0	0.0	0.0	0.0	0.0	0.0	0.0	0.0	0.0	0.0	0.0	0.0	0.0	0.0	0.0	0.0
956100.9499667416	-837.1176530333469	700765.9650200589	914129026527.3058	1531694.118977426	-6810.730247641215	2346086874110.0337	46386046.506134965	983339.5521327014	2918.6311463270104	966956674788.5416	8518407.768310118	1059982.3898505582	929311.5863848416	1.291869	24.187849	0.2185670766700794	0.1168813758629748	-0.0845439644	-0.0073359482	-0.1093097288	-0.0447150832	0.0427091825	0.1055201746	0.0215961873	0.0914666128	0.0517552539	0.1255246254	-0.0248834522	-0.0205837327	0.0803562687	0.0323773199	0.0710635917	0.0590331771	-0.0057776435	0.0069640354	0.0130890075	0.1192702344	0.0666674368	-0.0662301249	0.07863246	0.0778807398	-0.0481031033	-0.0090877316	-0.0940401522	-0.0122072374	-0.0109527447	0.0364722808	-0.0719674566	0.0569484117	-0.0720226507	-0.0115383939	0.0230056108	0.0418494226	0.0147514873	0.0484393781	-0.0417312813	-0.1604438539	0.0422605911	-0.0406402835	0.0302318032	0.0503975183	0.0297065808	0.0059496131	0.1118222997	0.0212943181	0.0694226964	-0.0820136379	-0.0561083455	-0.0020770502	0.0870326274	-0.0448768785	0.0406091312	0.0814322366	0.0330400648	-0.0644033999	-0.1092830526	0.0702472214	-0.0140461052	0.0713539136	-0.0715915362	-0.0069878381	-0.0475352847	0.0933095898	0.0971794891	0.0092029086	0.0514038145	-0.0535820272	0.0908976654	0.0254593378	0.037399153	-0.0594139483	0.0686172785	0.0142136757	-0.0055417031	0.0043424301	-0.0437250238	0.0596982179	-0.1099309248	-0.0162985237	-0.0148869268	-0.0570871654	-0.0859661638	-0.0055586247	-0.0173072568	0.0772254186	-0.0261154196	0.0715392791	-0.0651921964	-0.0892765608	-0.0736466679	-0.0213754539	0.0721224389	0.1165008891	-0.0264918482	-0.0794343195	-0.0668075147	-0.0159568743	-0.0270917364	0.0801043237	-0.0111252715	0.0016983614	-0.0597274518	-0.0566846829	-0.0598166067	0.1154130763	-0.0140006202059339	-0.022049453646204	0.0001960173661508	0.000486178406096	-0.0955811200779663	-0.0385851480200898	0.0091357505153586	0.0014888136477322	-0.0695929381941056	-0.0878762601299456	0.0048431770464886	0.0077222370944258	-0.0044993514464416	-0.0010843542709529	1.175824184933796e-06	2.024416343859612e-05	0.0013517296898828	0.0003165402791814	1.8271731545106508e-06	1.0019774834423875e-07	-0.000987465194529	-2.2974734249997866e-07	9.750875104061955e-07	5.27838413858025e-14	0.0	0.0	0.0	0.0	0.0	0.0	0.0	0.0	0.0	0.0	0.0	0.0	0.0	0.0	0.0	0.0	0.0	0.0	0.0
958155.0839295384	2054.133962796768	4219466.337115155	918061164860.0208	1527941.6329177895	-3752.486059636576	2334605633603.481	14081151.627766838	981810.2903213864	-1529.2618113149656	963951446180.9652	2338641.6875463296	1057002.382043732	922374.3530602952	1.120975	20.988169	0.1046339713072141	0.0527052579264006	0.0530883542	0.1075602103	-0.1229062861	0.0047396379	0.1336075602	0.0279430228	0.0564340879	0.0017022232	-0.0977973907	0.0220876367	0.1088558926	0.082342845	0.0187168752	-0.0036107799	-0.0484512125	-0.0513511761	-0.0836844493	0.0416576132	-0.0529264411	0.0518163835	0.0252948398	-0.095564633	0.0794720341	0.1320790046	-0.0362588442	-0.0555246465	-0.0829830198	-0.0438177906	-0.0674319239	-0.0382301499	0.0625310158	0.0317758277	0.044269666	-0.0857256074	0.1589514093	-0.0982009607	-0.1455829071	-0.0845056241	-0.1359276129	0.0819217104	0.0461078044	-0.1159508297	-0.0496552975	-0.0784890694	-0.2098355022	-0.0728680837	0.193686901	-0.0581589216	-0.021080387	0.0028294733	-0.0448403932	-0.0279318862	-0.0915360742	-0.005850446	0.0230141034	-0.1051321	-0.0098463874	-0.0267808537	-0.0446324173	0.0272841202	0.0531793108	0.1230201277	-0.1384026064	-0.1023823834	0.0219086858	0.0542191945	-0.0051697648	0.0120862746	-0.0900648218	0.0792661845	-0.0213649659	0.0555785442	-0.032308077	-0.0341139102	0.113351066	0.0720960664	0.0850344011	-0.0209982331	0.1644831052	-0.0159263752	-0.0782015899	-0.010392721	0.0013258699	-0.0574959612	0.1318046475	0.0052406843	-0.0413437517	-0.0069425709	-0.0338045408	-0.0233271976	-0.080133168	-0.094526259	0.0392730165	-0.0511286563	-0.0800445726	0.1323632733	-0.0301182204	-0.186634953	-0.0937540738	-0.0703385803	-0.0285650355	-0.029119055	-0.047742296	0.013431947	-0.0759499397	-0.0587790397	-0.0556281227	0.1154130763	-0.0137114351400242	0.0002891850659097	0.000188003453599	8.362800234519776e-08	-0.0548257778483076	0.0407553422296587	0.0030058659166719	0.0016609979202566	-0.0487981310107699	0.0207948071833357	0.0023812575901442	0.0004324240057921	-0.0049671290017006	-0.000467777555259	2.1881584120408697e-07	2.4672370519535203e-05	0.0013263637432499	-2.5365946632899955e-05	1.7592407794078869e-06	6.434312485831284e-10	-0.0013502144292033	-0.0003627492346743	1.8230790048287932e-06	1.3158700725679042e-07	0.0	0.0	0.0	0.0	0.0	0.0	0.0	0.0	0.0	0.0	0.0	0.0	0.0	0.0	0.0	0.0	0.0	0.0	0.0
959296.1367393696	1141.0528098312209	1302001.5148237238	920249077963.0792	1532472.4513140162	4530.818396226736	2348471814036.3896	20528315.33958661	983017.0453939572	1206.7550725707551	966322511535.0652	1456257.8051752483	1057528.0370058324	939004.551941542	1.321655	24.745541	0.0898138351122544	0.0582352170294622	-0.1088866139	-0.1105831653	-0.0145672615	-0.0316353741	0.027606168	0.0161605473	-0.0349929699	0.027549838	0.0705510003	-0.0456850969	0.0334740832	0.0193287642	0.097809082	-0.0040403828	0.1010398935	0.0901700248	0.0588669319	0.0109223687	0.026363352	0.0701258652	0.0799673189	-0.0533511375	0.0676470456	0.0724101095	-0.0656898349	-0.0287617138	0.0154282885	0.0471420985	-0.0398483553	-0.1413377192	-0.0415202335	0.0067689225	0.1082005114	-0.0666599624	0.172056479	-0.0272996469	0.0399827366	-0.1503061202	0.0075810321	0.0869538447	-0.0635804679	-0.0928387865	-0.0132011556	0.070495381	0.1403114595	0.0034598294	-0.1254594907	-0.0277433891	-0.0531271065	-0.0637691348	-0.1275278297	0.0065852185	0.0928407813	-0.0099905977	0.0012598448	0.0437121892	-0.0247866405	-0.0545580247	0.0065256485	0.0725683085	0.0175933079	-0.0307938749	-0.1530460325	-0.0501689198	0.0608936053	-0.0341007655	-0.0379773997	0.1337605762	-0.0395948843	0.0448600293	-0.0133018896	-0.1665335026	-0.0047042353	0.0509746256	0.1002520249	0.0965340809	0.0659114487	-0.1097248405	0.1221419015	-0.0208457602	0.0059445686	-0.0012103944	0.0102057288	-0.0276524637	-0.1509724396	-0.0560754376	0.0603371206	0.0718937804	0.0201548367	0.0522678209	-0.0322365938	-0.0207238822	-0.0269887441	-0.0808413861	-0.0021807725	0.1066842228	-0.0544630721	-0.0735284174	-0.0749948364	-0.0468484237	-0.0511879548	-0.0295746482	-0.1307703209	0.0803879811	-0.0641695633	-0.0608476141	-0.0513420481	0.1149575937	-0.0136746525539308	3.6782586093400335e-05	0.0001869961224707	1.3529586397184074e-09	-0.07145729528483	-0.0166315174365224	0.0051061450494233	0.0002766073722413	-0.1037538390191485	-0.0549557080083786	0.0107648591112113	0.0030201298427021	-0.0047481088889515	0.0002190201127491	4.796980978862862e-08	2.2544538021340248e-05	0.0014130785292776	8.671478602769985e-05	1.996790929905345e-06	7.519454115829769e-09	-0.0012921527863549	5.806164284840004e-05	1.669658823284732e-06	3.3711543702551634e-09	0.0	0.0	0.0	0.0	0.0	0.0	0.0	0.0	0.0	0.0	0.0	0.0	0.0	0.0	0.0	0.0	0.0	0.0	0.0
957503.722026844	-1792.414712525555	3212750.501678068	916813377695.26	1535070.5268699462	2598.075555929914	2356441522464.774	6749996.594320532	981394.5421726896	-1622.5032212676017	963135247406.343	2632516.703023744	1056758.9493534972	950178.0532176635	1.534187	28.724802	0.1982724528992036	0.1109149632692088	-0.0001774351	0.0982423199	0.1002339548	-0.0082374221	-0.1262701832	0.0033233333	0.0545879592	-0.0462844562	-0.0130629061	-0.0174094596	-0.0607643747	-0.0757413262	-0.0898965346	0.0959707604	-0.0342455942	-0.0192313159	0.0235458157	0.0961810784	0.0667469013	0.0136893993	-0.1802224716	-0.0435208135	0.0423459958	0.0383914884	-0.0394322491	-0.0450556693	0.0678330919	-0.0327864618	-0.090159727	0.0494176612	0.0876455986	-0.0029129062	-0.0431531882	-0.0315707168	-0.0516195275	-0.2092483768	-0.0771177077	0.0122581026	0.0117446437	0.0547725089	0.1480638228	-0.0323718266	0.131720616	-0.0469961018	0.0699658712	0.037490912	0.0502431375	0.0144729269	-0.0915032715	-0.0561376909	-0.0557536205	-0.0826461983	-0.0268286903	0.0117113176	-0.0717818355	0.0280478643	-0.0852304771	0.0056926395	-0.024191256	-0.1737924808	-0.0287183273	0.0903081158	0.0224081706	0.0682591799	0.0106875205	-0.0095336933	-0.0369679881	0.0227310908	-0.1007944146	0.0581318015	0.0163397179	0.0312025579	-0.0944614095	-0.0799686657	0.0144386471	-0.0705563341	-0.0824837034	0.0898924337	-0.001437773	-0.0741687076	0.0778780958	0.0306922343	-0.0484301712	-0.0779957032	0.09305119	-0.0495856932	-0.0955060279	0.060896997	0.0564159279	-0.055612043	0.0337414024	0.0853588599	0.0357878582	0.0444111465	0.0327742045	-0.0549395245	-0.0226849832	0.0097978541	-0.0997488308	-0.0103152041	0.0795320043	0.037643086	-0.0638191278	-0.0119851013	0.0778696904	-0.0628894987	-0.0469659021	0.1140484259	-0.0141940894957599	-0.0005194369418291	0.0002014721766136	2.698147365367685e-07	-0.0041272977690738	0.0673299975157561	1.7034586874601565e-05	0.0045333285654717	-0.0280479357171401	0.0757059033020084	0.0007866866979928	0.005731383794773	-0.0041193312707896	0.0006287776181618	3.953612931013518e-07	1.6968890118505065e-05	0.0010077915132609	-0.0004052870160166	1.0156437342006948e-06	1.642575653517208e-07	-0.0013524304549685	-6.027766861359989e-05	1.829068135526304e-06	3.633397333490965e-09	0.0	0.0	0.0	0.0	0.0	0.0	0.0	0.0	0.0	0.0	0.0	0.0	1.0	0.0	0.0	0.0	0.0	0.0	0.0
956380.878407554	-1122.8436192900408	1260777.793380358	914664384583.6046	1535557.8920148248	487.3651448786258	2357938039729.012	237524.784442564	982081.9332420024	687.3910693128128	964484923600.3488	472506.48217101215	1061053.2850172475	953380.5174303424	1.328127	24.866722	0.090225382776324	0.0525627433683972	0.1229127407	-0.0303527363	-0.0585539216	-0.0476308443	-0.1568084891	0.0452820758	0.0178833166	-0.0616561444	-0.0523367013	0.1202241361	0.0747157078	-0.1089354906	0.013863062	-0.1231593225	-0.0151665979	-0.0844228123	-0.051039905	-0.0165027547	0.0116434907	0.1646009767	-0.0835141052	0.0623294021	-0.0809169153	0.0212373639	0.0547471849	-0.0763185424	0.0108343853	-0.0256065796	-0.058340111	-0.0036975204	0.0323092933	0.023622725	-0.0557358563	-0.0602717419	-0.0122572821	0.0342773975	0.0450669514	0.1299564036	-0.0135036809	0.054130192	-0.0046743339	0.1371278869	0.0374055001	-0.1670501199	0.1226980472	0.0852633837	0.1278716983	0.1129008727	-0.0136071267	0.1244950098	-0.032962437	0.1227015611	-0.0896055285	-0.0227761072	-0.0062274523	-0.0180326923	0.0409623898	-0.0514914378	-0.2082917789	-0.0393566232	0.0233741273	-0.0283173088	0.048071412	-0.0211925311	-0.0582299988	0.0327363763	0.0769892701	0.0039083169	-0.0068437762	0.0304924225	-0.0583440349	-0.033959274	-0.0201982275	-0.0325127782	-0.0492874346	0.1029030118	-0.0189494568	0.0497731158	-0.148007989	0.0294131314	-0.0233562349	0.0341089057	-0.0360862405	-0.0720464574	0.0603381758	-0.0243783513	0.1306264605	0.0319282123	-0.011804999	0.1502953191	0.019635496	0.0021748877	0.0029528983	0.0157232485	0.0768814684	-0.0901939426	0.0277494616	-0.0288051882	-0.0318926494	-0.0904794087	-0.051273068	0.0782550346	-0.0529960967	-0.0301382783	-0.0140689399	-0.0649037979	-0.0425073619	0.112689161	-0.0223671526535724	-0.0081730631578124	0.0005002895178282	6.679896138159202e-05	-0.0512881665027862	-0.0471608687337124	0.0026304760232175	0.0022241475397184	-0.027053366770616	0.0009945689465241	0.0007318846536254	9.89167389390058e-07	-0.0037731058628479	0.0003462254079417	1.198720331043968e-07	1.4236327852257196e-05	0.0013385554674725	0.0003307639542115	1.7917307395005227e-06	1.0940479340569337e-07	-0.0013514821783563	9.482766121999068e-07	1.82650407841469e-06	8.992285332453324e-13	0.0	0.0	0.0	0.0	0.0	0.0	0.0	0.0	0.0	0.0	0.0	0.0	0.0	0.0	0.0	0.0	0.0	0.0	0.0
958879.099778496	2498.22137094196	6241110.018231123	919449127992.0188	1536162.104068396	604.2120535711292	2359794009975.8413	365072.2056806411	984391.7537026068	2309.820460604388	969027124757.6936	5335270.560226664	1060007.9438827615	927696.3036230667	1.567667	29.351648	0.0856231801853046	0.054141681993206	-0.0943408416	-0.0222965899	-0.1058884027	-0.0458248444	0.0555382015	-0.0048244394	0.0197594803	0.1444735097	0.0131021787	0.0049321869	0.020335192	-0.048437803	-0.0157634558	0.0303508954	0.1122014219	0.0308769414	0.0228616618	0.0522889113	-0.1542562491	0.0378138806	-0.0526607349	-0.0485589107	-0.0261683862	0.0844487996	0.0356334579	-0.0211181846	-0.0562685861	0.0740260866	-0.0641341582	0.0106245964	0.0578315192	-0.0322826655	-0.040495699	6.6316e-06	0.0562903408	-0.0133150571	0.0094191938	-0.0542920134	-0.0502306808	0.0111734268	-0.1856291542	0.0150461649	0.0560156068	0.2122427455	0.0173503551	-0.0251517364	-0.1069526534	-0.083506247	-0.026629561	0.0281794783	0.1475397161	-0.0299104154	0.1074449414	-0.0570239196	-0.0323058901	-0.118910194	0.0287354385	-0.067469419	-0.0505252508	0.0112609127	0.0753434816	0.1015416134	-0.0542253727	0.0076018385	0.0368869484	-0.0005837006	0.0589374627	-0.0211652259	0.0627358867	0.0238344655	-0.090492897	-0.039573088	0.0083929683	-0.0179353414	0.0780109327	-0.0186254895	0.0194464327	0.052558271	0.0130291042	0.1610325058	0.0723506788	0.0381077013	-0.0332097941	-0.0739856531	0.002375553	-0.0519294009	-0.0217109155	0.0928267398	0.010101406	-0.0446091701	-0.0970211082	0.0015575375	0.0484856166	-0.0047123319	-0.0917361939	0.0735312429	0.0666105726	-0.023845695	-0.0924333416	-0.0263472586	-0.0637758391	-0.0059463175	0.0806563681	-0.0550414236	-0.0280468329	-0.0668896282	-0.0379742494	0.1108851636	-0.0138695837009379	0.0084975689526345	0.0001923653520373	7.220867810477778e-05	-0.0475573327148737	0.0037308337879124	0.0022616998949531	1.3919120753029497e-05	-0.0489039434696536	-0.0218505766990376	0.002391595686883	0.0004774477020805	-0.0047346632291027	-0.0009615573662548	9.245925685988684e-07	2.241703589301721e-05	0.0012697058731026	-6.884959436989982e-05	1.612153004191236e-06	4.740266644899741e-09	-0.0013510051240666	4.770542896999352e-07	1.8252148452542093e-06	2.2758079532110975e-13	0.0	0.0	0.0	0.0	0.0	0.0	0.0	0.0	0.0	0.0	0.0	0.0	0.0	1.0	0.0	0.0	0.0	0.0	0.0
960534.9706520954	1655.8708735994296	2741908.350034938	922627429845.6216	1537699.661430256	1537.557361860061	2364520248762.724	2364082.6410100707	984458.0138107229	66.26010811608285	969157580956.1534	4390.401927554988	1059901.9852614948	944934.5243441652	1.256029	23.516813	0.1901599679730273	0.0988178235489306	-0.1044902627	0.1094510326	0.0674389297	-0.0089116545	0.0624386588	-0.035167107	0.0128473483	0.0675905764	-0.0155488125	-0.1262178203	0.0073513935	-0.0805432938	0.0263247909	0.0917044496	0.0413788335	-0.048876225	-0.01452321	-0.0271725168	-0.0175368914	-0.009623342	-0.0758871428	0.0307905881	-0.0164461486	0.0091760742	0.0474263931	-0.1088704825	0.0134943644	0.0036308501	0.0176785916	-0.046948625	-0.0054673588	0.0628730493	-0.0036928922	-0.0504322715	-0.016660902	-0.0639561614	-0.004031772	-0.1581068761	0.043131762	-0.036955061	0.0061651497	0.0576291628	-0.0505322986	0.1867980977	0.1768887097	0.0040099227	0.1963596517	0.0249513748	0.0151466556	0.0518905183	0.0557995007	-0.0805130896	0.0103893877	-0.0842183351	-0.0275573801	-0.0599808391	0.0484637502	0.0591243778	-0.0214744998	-0.0230510012	-0.003393039	-0.04529124	0.0314495035	0.0053923466	-0.0204896654	-0.0234749597	0.0766065818	0.0469318212	-0.0636642507	0.0658994777	-0.0479396965	-0.0972518422	0.0892177171	0.042723509	-0.0345172909	0.0193083551	-0.0935467848	-0.0090284584	0.0130916381	-0.0103925773	-0.0651021494	0.0486315005	-0.048159661	-0.0513870503	-0.0677991259	-0.0093994227	-0.1059972213	-0.0344788364	0.1162494334	0.0924275545	-0.1167366755	0.0226587355	-0.1358356466	-0.036564407	0.0487027703	0.0577138621	-0.0162581487	-0.0060208445	0.0402160462	0.0474103919	0.0151571923	-0.0699973865	0.1567259384	-0.1387406443	0.0014314768	-0.0688461184	-0.0333745172	0.108643553	-0.0210887631072722	-0.0072191794063343	0.0004447359293946	5.211655130084129e-05	-0.1337528648165715	-0.0861955321016978	0.01788982884664	0.0074296697542948	-0.0875921914470438	-0.0386882479773902	0.0076723920024955	0.00149678053156	-0.0040899783262401	0.0006446849028626	4.156186239789602e-07	1.672792270911377e-05	0.0008700283156426	-0.00039967755746	7.569492700198996e-07	1.597421499371917e-07	-0.0012342274146371	0.0001167777094295	1.5233173110417798e-06	1.3637033419600772e-08	0.0	0.0	0.0	0.0	0.0	0.0	0.0	0.0	0.0	0.0	0.0	0.0	0.0	0.0	0.0	0.0	0.0	0.0	0.0
958893.6846822926	-1641.2859698027603	2693819.634671388	919477098523.584	1537763.0106132077	63.34918295172975	2364715076810.1963	4013.1189806517264	982206.8775918246	-2251.136218898231	964730350388.6816	5067614.276035425	1058363.8016095906	945997.1012889028	1.23754	23.170649	0.1611569395942449	0.1052686224030208	0.0695751563	0.036344722	0.0655489836	-0.013149178	0.1055650818	0.0106816944	0.0125827741	-0.0930915061	-0.0410022791	-0.0158187847	-0.0638895575	0.0167072241	0.0089514723	0.0298680598	-0.0592149542	-0.1105027795	-0.0539502785	0.0506427512	-0.0088172871	-0.0880835536	-0.1138410479	-0.0488762656	0.0626359764	0.1082779073	0.0400671704	-0.0310904304	0.0062036744	0.1463499774	0.1181921929	-0.0746417558	-0.0673568728	0.0631894782	-0.0732915994	-0.0414395041	0.0377362811	-0.0002491261	0.0123216092	-0.1198031503	0.0302666846	-0.0202719369	0.0060057577	-0.0794140522	-0.136747358	-0.093143038	0.0247869017	-0.0498116476	0.1282300802	0.0098719927	0.1018417558	0.0893116061	-0.0002518473	-0.0266059041	-0.1093717365	-0.0332063839	-0.0513177055	-0.0176717907	-0.0538068841	0.0296964765	0.0744659148	-0.0856246185	-0.0713497516	0.0883248929	0.010304786	0.0035393984	0.1330234674	0.0219065346	0.1458004787	0.0810834333	0.0338533407	0.0095273856	-0.0682957119	-0.0019831429	-0.0244839517	-0.0699082091	-0.0412204867	0.0942893001	-0.0480269055	-0.1170856459	-0.0325856271	0.0841565774	-0.0962494209	0.0656164005	-0.0457765785	-0.0474080578	0.1212557795	-0.0618192134	-0.0406293085	-0.0322858663	0.0522827814	0.0147066063	0.0246184861	0.0691386915	-0.0255752414	0.0181033152	-0.0686569343	0.179805053	0.0195071778	0.0512965114	-0.0114434998	0.0082890771	-0.0437027853	-0.0335740453	0.0101295983	-0.0642770299	0.0726213773	-0.0707724105	-0.0287162347	0.105973176	-0.0143036969600274	0.0067850661472448	0.0002045957467242	4.603712262248741e-05	-0.0348704101897112	0.0988824546268603	0.0012159455067987	0.009777739833033	-0.0515690680914389	0.0360231233556049	0.0026593687838194	0.0012976654162931	-0.0042708972408728	-0.0001809189146326	3.2731653671874134e-08	1.8240563242094896e-05	0.0008605647611925	-9.46355445010001e-06	7.405717082063044e-07	8.955886283000767e-11	-0.001433170854845	-0.0001989434402079	2.053978699177148e-06	3.9578492401754335e-08	0.0	0.0	0.0	0.0	0.0	0.0	0.0	0.0	0.0	0.0	0.0	0.0	0.0	0.0	0.0	0.0	0.0	0.0	0.0
958590.336617738	-303.3480645546224	92020.04826903535	918895433456.9084	1543588.2055256064	5825.1949123987	2382664548237.7617	33932895.76743569	984814.5930094786	2607.7154176540207	969859782604.425	6800179.699470484	1062942.3332936184	943620.4141423824	1.234583	23.115273	0.0689085419144564	0.0360948750101937	0.0228157547	-0.0864237073	-0.0332925532	0.0089914469	-0.0712871697	0.0232694903	-0.0881703955	-0.0348516138	0.0314546782	0.0975961412	0.0153309942	-0.0925535556	-0.0858848851	-0.1218388054	0.1122007409	-0.0492507152	-0.0148572299	-0.0719948753	-0.0264349573	-0.0453125831	-0.1127459104	-0.0297030631	0.0435825209	0.0089769128	0.0061519461	-0.0795869968	-0.1140275233	0.0015967018	0.0075370773	-0.09269718	-0.1148171043	-0.0717512761	0.0482216653	-0.0319270336	0.0033582553	-0.0501647511	0.0476579599	0.1283728147	-0.0465740745	-0.0032767682	-0.0835138892	-0.0978695858	-0.0548642216	0.047321684	-0.0326088425	0.1044785972	0.0454022176	-0.0886377644	-0.0109738165	-0.080156626	-0.0535444659	0.1465091411	0.0204240348	-0.0605174935	-0.0402430995	-0.0062423009	0.0809132832	0.0459257231	-0.0185958405	-0.078912816	-0.0512033742	0.0054427705	-0.003872121	0.0421150312	-0.0527913079	0.026650109	0.0887658923	0.0460816889	0.1050219613	0.0206846135	-0.0313750755	-0.0352811988	0.0527334912	-0.0078383101	-0.0026699406	0.1050177074	0.1475388066	-0.0299144916	0.0441570882	-0.1213895295	0.0637057575	0.0738331695	-0.059459603	-0.0537734999	-0.0455343504	-0.0724689543	0.1388124515	0.0236828415	0.0670159609	0.0651961966	-0.0350238976	0.0569154597	-0.0580754442	-0.006595662	0.0547566275	-0.0048120682	-0.0394207928	0.0879200759	0.0525134352	-0.0705912926	-0.0593984731	0.0237470269	0.0245691672	-0.0692048821	0.1001604839	-0.0726676594	-0.0240075741	0.1028845713	-0.0137984071586458	0.0005052898013816	0.0001903960401157	2.553177833802576e-07	-0.0585979894941317	-0.0237275793044204	0.0034337243727543	0.0005629980196475	-0.0651875819360583	-0.0136185138446193	0.0042494208386703	0.000185463919336	-0.0044016616400542	-0.0001307643991813	1.7099328093272517e-08	1.937462519352463e-05	0.0012689836915626	0.0004084189303701	1.6103196094518435e-06	1.668060226846566e-07	-0.0013512110051158	8.195984972919992e-05	1.8257711803460509e-06	6.717416967633032e-09	0.0	0.0	0.0	0.0	0.0	0.0	0.0	0.0	0.0	0.0	0.0	0.0	0.0	0.0	0.0	0.0	0.0	0.0	0.0
959073.1303308404	482.79371310235	233089.76941115427	919821269322.597	1535536.408482143	-8051.797043463448	2357872061774.239	64831435.62912672	981935.559093602	-2879.033915876644	964197442212.4648	8288836.288768001	1057568.405137981	933527.0995155132	1.081265	20.24468	0.1276533397765013	0.0746670115635851	-0.041900678	0.0169717586	-0.0431969853	-0.0251683602	-0.0779457564	0.0245606983	0.0495298779	0.0590152915	0.041104612	-0.0123814303	-0.0471661847	-0.1434049088	-0.0769508438	0.0544220212	-0.002152717	-0.0013419486	-0.0230905871	0.0752993262	0.0130037016	0.0237067363	-0.1723742668	-0.0583296305	-0.067990593	0.0909026285	0.11802241	0.0187275953	0.011336091	0.0140917177	0.0563609487	-0.0677904507	-0.0758080749	-0.0443979676	0.013525709	-0.1081800765	0.0164027143	0.00044119	-0.0129337077	0.040597857	-0.1054236149	-0.0755417885	0.0383285842	0.1042749907	-0.1184901298	-0.0953917467	0.0601739794	0.0792198223	-0.0210419649	0.0972361464	0.0384407995	-0.0234421342	0.0177291138	-0.0576250856	0.0385424995	-0.0069956719	-0.0706461834	-0.0452252714	-0.0855136529	-0.0065037195	-0.0633759259	-0.1248548732	0.0459640429	0.0707214472	0.0900763266	0.0209922186	0.0590497337	0.0349805901	0.0726078188	0.0454209601	0.0571442294	0.0425166947	-0.0317868218	0.0209589912	0.0288265275	0.0629495627	-0.0718313015	0.081285268	0.0335715646	-0.0244402199	0.0303703717	0.0361521995	-0.0267141026	0.0807502287	-0.0494190311	-0.0580213554	0.0689024418	-0.1590701619	-0.0256159103	0.0284958075	0.0582794051	0.0030391213	-0.036222847	0.0715925268	0.0762945997	0.0515136914	-0.1434558983	-0.0013895692	-0.0001506213	0.0928123684	-0.0784464174	-0.0495365796	-0.1037319332	0.0135466554	-0.0415344696	0.0465815551	0.1648721843	-0.074531034	-0.0192567962	0.0993899282	-0.0137341543134681	6.425284517769941e-05	0.0001886269947061	4.128428113429411e-09	0.0040706215211656	0.0626686110152973	1.6569959568576544e-05	0.0039273548065866	-0.037040135152722	0.0281474467833362	0.0013719716121319	0.0007922787604207	-0.005135170929143	-0.0007335092890888	5.380358771795568e-07	2.6369980471515383e-05	0.0012699742930342	9.906014716001485e-07	1.6128347049677162e-06	9.8129127553638e-13	-0.0013502503130224	9.606920934001045e-07	1.8231759078170888e-06	9.22929298321475e-13	0.0	0.0	0.0	0.0	0.0	0.0	0.0	0.0	0.0	0.0	0.0	0.0	0.0	0.0	0.0	0.0	0.0	0.0	0.0
962136.0165354525	3062.886204612092	9381271.902403066	925705714314.7084	1550767.161472372	15230.752990229055	2404878789101.078	231975836.6493713	986135.1264069906	4199.567313388572	972462487533.7312	17636365.61968171	1062454.4031579066	937254.6332358768	1.12395	21.043888	0.1578322767969898	0.0973608688406491	0.0151376776	-0.0532740494	-0.0586493187	0.0543038901	0.0183455569	-0.1095445988	-0.1041785928	0.0111952004	0.0607274764	-0.0488991993	0.067803474	-0.1168244146	-0.0826983118	-0.0563948571	0.1455732067	-0.0769085538	-0.0459635291	-0.0483001798	-0.0659576354	-0.0347872909	-0.1243665539	0.0747906451	-0.0112594048	-0.0448493906	0.0487929656	-0.1394180701	-0.1138762608	0.106967691	0.0461618096	-0.0723775384	0.0721417099	-0.106130997	-0.0422468298	-0.027613894	-0.0265000663	0.1122829075	-0.0644053242	0.0086373313	0.0621769992	0.041173786	0.022211183	0.0210353884	-0.0125021483	0.0709707246	-0.0481667669	0.0744353019	-0.0114004176	0.0525591443	-0.0212862271	0.1534587305	-0.0168734375	0.0844630044	0.06839935	-0.0840421699	-0.079880192	-0.1262332085	0.0782459154	0.0976652741	-0.0107158248	-0.0619484674	-0.0462994348	-0.0594803589	-0.0599710838	0.0454228597	-0.0003998312	-0.0544815334	0.1008452769	-0.0755953292	0.0103039303	0.1769740316	-0.0149162003	-0.0932622508	0.0871510923	0.0103020792	-0.0397732529	0.0062373207	-0.0246372572	-0.1458289465	-0.0327890878	0.0211094262	0.0485941305	0.102789052	-0.0682378425	-0.0345480812	-0.0738498336	-0.0338442367	0.1253624925	-0.0342974792	0.1141429443	-0.0191477211	-0.1499081767	0.0644389948	-0.108187	-0.0478841938	-0.0046362767	-0.0044223973	-0.0880140731	0.0713110491	0.0219532776	-0.0017475119	-0.0611765459	-0.0051739396	0.0040473992	-0.1101171901	0.1141485713	-0.0763617167	-0.0144722352	0.0955030384	-0.0142179352662026	-0.0004837809527344	0.0002021496832339	2.3404401022869914e-07	-0.0796065861871966	-0.0836772077083622	0.0063372085643795	0.0070018750898683	-0.0872317334695651	-0.0501915983168431	0.0076093753241052	0.0025191965415993	-0.0049788587173173	0.0001563122118256	2.4433507565842448e-08	2.4789034127006477e-05	0.0010670951527778	-0.0002028791402564	1.1386920650818764e-06	4.115994555117604e-08	-0.0012398478687235	0.0001104024442989	1.537222737578205e-06	1.2188699707171736e-08	0.0	0.0	0.0	0.0	0.0	0.0	0.0	0.0	0.0	0.0	0.0	0.0	0.0	0.0	0.0	0.0	0.0	0.0	0.0
962740.5997898974	604.583254444995	365520.9115553015	926869462483.8116	1534811.6455104449	-15955.515961927127	2355646787194.4795	254578489.6113114	984046.4046578791	-2088.721749111428	968347326520.0984	4362758.545211103	1058065.9427310275	956118.7423392766	1.301646	24.370907	0.1173217609615112	0.0557686520332662	-0.0344410514	0.0169611705	0.1302797004	0.0392138437	-0.0318619852	-0.0272602001	0.0306736355	-0.0146264124	0.0052209975	-0.1266467646	-0.0795879528	-0.0153613444	0.0432254369	0.0817006049	0.0208023638	-0.0732692245	-0.0460223566	0.0788641892	0.0529311899	-0.0352093258	-0.1714935319	0.0180301201	-0.0269762789	-0.0654080467	0.019457889	-0.0680265893	0.1129209333	0.0028581864	0.0779388459	-0.1547760457	0.0134852318	0.0558877148	-0.0056241678	0.0064221542	0.0075156006	0.0537762514	-0.1493360044	-0.0222799354	0.0530692774	0.007278782	-0.116395217	0.105386476	-0.0284861235	-0.0289907358	-0.0441211773	0.0632680394	-0.107942976	-0.0621624185	-0.0824460139	0.1589345386	0.0008033075	-0.0768878554	-0.0147230724	-0.0527888563	-0.085306986	-0.0379578178	-0.1008212474	0.0421948277	0.0267191285	-0.135317665	-0.0256803135	-0.0775169481	0.0173250173	-0.003114765	0.0685742009	-0.0047376971	0.0646785865	0.0212697744	-0.1154508277	0.0503971588	-0.0952908428	0.0207559615	0.0330951734	0.0606961974	-0.0125461338	0.1415142294	0.0780191635	-0.0341706363	-0.1074512844	0.0502114671	-0.0292960778	0.1193852116	-0.0579382391	-0.0325074077	0.0200947999	-0.1210975215	-0.0616816701	-0.0391486243	0.1329402617	-0.0033179739	0.0086182889	0.1348258717	-0.0104282145	0.090407644	-0.0689544306	0.0070897038	0.003111903	0.0325476016	-0.0005134732	-0.037030513	-0.0520053859	-0.0304573926	-0.1165568745	-0.0056371721	0.0073531764	-0.0781589047	-0.0096622851	0.0912392418	0.0047959982961174	0.01901393356232	2.3001599656361003e-05	0.0003615296695123	-0.0373516001737357	0.0422549860134609	0.0013951420355386	0.0017854838429977	-0.0659193515905798	0.0213123818789853	0.0043453609141224	0.0004542176213557	-0.0046846069919493	0.000294251725368	8.658407788204527e-08	2.1945542669020263e-05	0.0013571740673445	0.0002900789145666	1.8419214490724136e-06	8.414577667619483e-08	-0.0013503264189237	-0.0001104785502002	1.823381437643304e-06	1.2205510054338131e-08	0.0	0.0	0.0	0.0	0.0	0.0	0.0	0.0	0.0	0.0	0.0	0.0	0.0	0.0	0.0	0.0	0.0	0.0	0.0
961565.0134516156	-1175.5863382818643	1382003.238754962	924607275094.2056	1549291.7319743936	14480.086463948712	2400304870764.2163	209672904.0034307	984817.1715787916	770.7669209124288	969864861436.451	594081.6463728262	1064149.1168073711	968827.0310423058	1.22618	22.957949	0.1250097638791259	0.0704152588157556	0.142305789	-0.087388682	0.0425429276	0.0240430182	-0.0310526243	0.0211912529	-0.0639296345	-0.1450026076	-0.0916851317	-0.0237105645	-0.0038893027	-0.138102685	-0.0082522491	-0.0903217892	0.0824249297	-0.1146354503	-0.0709883292	0.0124786928	0.0391677031	0.095375086	0.0181526641	0.0512749437	-0.0999559898	-0.0558329162	0.092921492	-0.0758563295	-0.044684636	0.0869124289	-0.0549643088	-0.0386616585	-0.0503392074	-0.0890500682	0.0541437786	0.0504320642	-0.0747933033	-0.0287883294	-0.0087549977	-0.1817323992	-0.022046569	-0.0700438344	-0.0031281476	0.0915714227	-0.0958778535	-0.1715171103	0.029927179	0.1033923162	-0.0260089017	-0.1276365563	0.0070030186	0.0058973603	-0.0623620325	0.1319082357	-0.0928313425	-0.1256804089	-0.0411509282	0.0097131638	-0.0219574844	-0.0131065492	-0.0703386173	-0.0315794383	0.0384993957	-0.149156944	0.0209608507	-0.0318746878	-0.0801482874	-0.0042988973	0.0343808992	0.0721269211	0.096115312	0.115454531	0.0154495472	-0.1667193012	-0.050639041	-0.0155099326	-0.0411239195	-0.0876759434	-0.0474853388	0.0030335844	-0.0016448593	0.0906599592	-0.1424088643	0.1273516622	-0.0657932363	-0.0424436628	0.0400533101	-0.0208494154	0.1564977937	-0.0423695981	0.1080563978	0.0690762672	0.0004388876	0.0509171085	-0.0647541306	0.1161004693	0.1057474557	0.0412391111	-0.0221826338	0.002979228	0.110594078	-0.0547457235	-0.1838843163	0.1155202018	-0.0402947403	-0.0622121585	-0.0742293091	-0.0799218096	-0.004835384	0.0866153656	-0.0079100138795382	-0.0127060121756556	6.256831957448696e-05	0.0001614427454079	-0.1024790162881146	-0.0651274161143788	0.0105019487793796	0.0042415803297354	-0.0499168618364933	0.0160024897540864	0.0024916930956035	0.0002560796783296	-0.0042589681656412	0.000425638826308	1.8116841046093688e-07	1.8138809835945165e-05	0.0015548845268067	0.0001977104594621	2.4176658917028952e-06	3.908942578075418e-08	-0.0013501987879939	1.276309297998813e-07	1.8230367671001968e-06	1.6289654241582226e-14	0.0	0.0	0.0	0.0	0.0	0.0	0.0	0.0	0.0	0.0	0.0	0.0	0.0	0.0	0.0	0.0	0.0	0.0	0.0
959264.65872616	-2300.3547254556324	5291631.8629260585	920188685481.016	1540823.2029986524	-8468.52897574124	2374136142899.0264	71715983.01296896	982643.0559834124	-2174.115595379146	965587375472.4198	4726778.622070817	1060034.4458968772	964619.2241919894	1.307193	24.474762	0.1827343543151294	0.1044961893600819	-0.0190461008	-0.0365478305	0.0665938178	-0.1218739218	-0.0164212465	0.1076255558	0.0191951477	0.0437614561	0.021858171	0.078669737	-0.1196209425	-0.1787940181	0.016899224	0.0394703938	0.0614644356	-0.0167419418	0.0125584265	0.1761957821	-0.0001174467	0.0735271494	-0.0865970351	0.0049994026	-0.0310919651	0.0266310701	0.0757109517	0.0344946122	0.1188653747	0.132742873	-0.0252115594	0.0332116005	-0.0843537957	-0.0724633244	-0.0067151333	0.1196797771	-0.124665712	0.137994284	0.0616190525	-0.0496509393	-0.0520987354	-0.0633440697	-0.0897583956	-0.0390938365	-0.0188658646	0.0118107117	-0.0029380211	0.0084234298	-0.0424609856	-0.0561673909	0.0246311988	-0.1044062504	0.0521492617	-0.0201063685	0.0487629387	-0.06185634	-0.0948215714	0.0162319057	-0.136978996	-0.1120704939	-0.0463012085	-0.1072432326	-0.0131666905	0.0409819925	0.0864444074	0.083513115	0.113153389	-0.0047778983	0.0305757694	-0.0065170578	0.1214457288	0.0870115606	-0.0094781384	-0.0299883784	0.0341576799	0.0700885798	-0.0328821323	-0.1695811277	0.0314503113	-0.0728230463	0.0573813477	0.1436597861	-0.030132313	0.1380932068	-0.052456204	-0.0338529975	0.0202643049	-0.1481785619	-0.0302971003	0.0557035285	0.0699883026	0.0795669713	0.0240843225	-0.0323693656	0.1878587143	0.1067527297	0.0635183429	-0.0046257473	0.0079942198	0.0540906333	-0.0561910759	-0.0547696598	-0.1266238786	-0.0560052844	0.0166708262	0.0520166847	0.0493553894	-0.0816496581	-0.0	0.0816496581	0.0129008200393911	0.0208108339189293	0.0001664311576887	0.0004330908084012	-0.0063327203727681	0.0961462959153465	4.010334731967215e-05	0.0092441102182413	-0.0344958236138097	0.0154210382226835	0.001189961846795	0.0002378084198654	-0.0051159442516936	-0.0008569760860524	7.344080120656909e-07	2.6172885586436787e-05	0.0015012102098876	-5.367431691909999e-05	2.253632094270772e-06	2.880932296731983e-09	-0.0014466721101858	-9.64733221918998e-05	2.0928601943894354e-06	9.307101894742109e-09	0.0	0.0	0.0	0.0	0.0	0.0	0.0	0.0	0.0	0.0	0.0	0.0	0.0	0.0	0.0	0.0	0.0	0.0	0.0
957917.5420552188	-1347.116670941119	1814723.3251274836	917606017377.112	1536650.0795990566	-4173.12339959573	2361293467131.787	17414958.908253424	982936.8389736374	293.7829902250087	966164829411.4865	86308.44534554755	1060203.625278005	932751.6236020578	1.212878	22.708893	0.1752635595666815	0.0919792670979169	0.0951968912	0.0498481151	-0.0485259382	-0.0958282986	0.023680148	0.010747096	0.0371828764	-0.0522095778	-0.0997121642	0.086270353	0.038319482	-0.1249201829	0.0942846789	-0.0587629156	0.012490761	-0.125952167	-0.1046718482	0.0865350532	-0.0461068519	0.0985105024	0.0213992738	0.1572826854	-0.0567796397	-0.1080909788	0.0456998603	-0.1772632849	0.0190981505	0.1032382462	-0.003003028	0.0517376059	0.1325338879	-0.0065635202	0.0305626611	0.1211725395	-0.0242243873	0.0530575775	0.0453218355	0.0799444502	0.1668881497	0.0548188169	-0.0492735463	0.0296412093	0.0318689364	0.1255443481	-0.0836588757	-0.1067401496	0.0537338241	-0.0671537144	0.1487737878	-0.034546933	-0.0524453317	0.0427091374	-0.1099317125	-0.0878070354	-0.0221600814	-0.0967316127	-0.0114259368	-0.0964549422	-0.1089217553	0.0234285048	-0.0511019802	-0.1225977399	0.0201664667	0.0596741576	-0.0025459819	-0.0177214965	0.0166134534	-0.2201371961	-0.0483278625	0.2033740178	-0.0324559352	-0.0259559626	0.0766571578	0.0243469235	-0.0047738601	0.0029951507	-0.0064532218	0.014051538	-0.1213833921	-0.0887763415	0.0409312343	0.1464733537	-0.0530477482	-0.0313588334	0.055258012	0.0709165766	0.1169697511	-0.0164541535	0.0941637899	0.0911167227	-0.1421426656	-0.0422914244	0.0342833982	0.0625001888	0.0762731177	-0.0441959774	0.0036015642	0.0135095402	0.0147170043	-0.0285010873	0.0234166109	-0.0768479642	0.0135060647	-0.0953278604	-0.0047248583	-0.0833416924	0.004835384	0.0763617167	-0.0141161941874088	-0.0270170142267999	0.0001992669383366	0.0007299190577311	-0.082254413539772	-0.0759216931670039	0.0067657885467718	0.0057641034933446	-0.0716025633103925	-0.0371067396965828	0.0051269270726187	0.0013769101309099	-0.0052278511639641	-0.0001119069122704	1.2523157013917328e-08	2.7330427792560796e-05	0.0010040399704807	-0.0004971702394069	1.0080962623228846e-06	2.471782469519143e-07	-0.0013513870123373	9.52850978485e-05	1.8262468571139336e-06	9.079249871998216e-09	0.0	0.0	0.0	0.0	0.0	0.0	0.0	0.0	0.0	0.0	0.0	0.0	0.0	0.0	0.0	0.0	0.0	0.0	0.0
959359.7274390848	1442.185383865959	2079898.681436604	920371086631.995	1537487.8091728436	837.7295737869572	2363868763355.1104	701790.838797277	981850.9071015996	-1085.9318720378214	964031203776.234	1179248.0307075677	1057682.155303933	946874.3299323396	1.271733	23.810833	0.1459385309503097	0.0744187422045796	-0.0437436247	-0.08349516	-0.027913496	-0.1364911818	-0.0254689155	0.0306348659	-0.002786634	0.0716344116	0.0436466056	-0.0054063791	-0.0187051406	-0.1221183819	0.0483884952	0.0569282302	0.0457153605	0.0305662336	0.0092592319	0.2107902362	0.0038648619	0.0596606705	-0.0537871318	0.060753206	-0.0311786674	-0.0278121446	0.0324522751	0.0333935653	0.1722324368	-0.0215471331	-0.0434567343	-0.0787242089	-0.0215635551	0.0277473045	-0.0241889887	-0.1475766084	-0.1168318773	0.0439229085	0.1215495174	-0.0352983046	-0.0562396775	-0.073685447	-0.0249016874	-0.0546416787	-0.0364413604	-0.0349011857	-0.0826418099	-0.0871863591	0.0582288787	0.1230774023	-0.0435347382	-0.1457229471	0.0118436334	-0.0441046518	0.0708044232	-0.0344310026	-0.0596857312	-0.0340807812	-0.1452334796	-0.1539518419	-0.0215364948	-0.0674376027	-0.0318594125	-0.0014337738	0.0502583716	0.0289343358	0.0688736122	-0.0075363722	-0.0298247515	0.0619517734	-0.0189026317	0.0536010511	-0.0559194646	-0.0056824385	-0.0979069653	0.2358503167	-0.0465039323	0.0577538001	-0.0880332295	-0.0006059668	0.0457346881	0.1184421568	0.0464006124	0.1420837954	-0.0114158137	-0.0031517594	-0.0074001757	-0.1714620934	0.005124021	0.0336359271	0.0254814637	0.1064614644	-0.0432643509	-0.0182764916	0.1623368456	0.0496177669	-0.1201209623	-0.0479108197	-0.051808855	0.0548073706	-0.0842794407	-0.1199746709	-0.0915079823	-0.0917095114	-0.01667597	0.0785098709	-0.0472592487	-0.0849971703	0.0096622851	0.0707724105	-0.0134688755834417	0.0006473186039671	0.0001814106094822	4.190213750419168e-07	-0.026764642474589	0.055489771065183	0.0007163460867925	0.0030791146928664	-0.0711880853696129	0.0004144779407796	0.0050677434985912	1.7179196339290045e-07	-0.0061142270582975	-0.0008863758943334	7.85662226055336e-07	3.73837725204173e-05	0.0015048731454647	0.000500833174984	2.26464318394082e-06	2.5083386916455413e-07	-0.0017519172098275	-0.0004005301974902	3.0692139100897724e-06	1.6042443910153864e-07	0.0	0.0	0.0	0.0	0.0	0.0	0.0	0.0	0.0	0.0	0.0	0.0	0.0	0.0	0.0	0.0	0.0	0.0	0.0
960073.67813763	713.9506985452026	509725.5999531828	921741467452.7177	1548427.2757749327	10939.466602089116	2397627028363.78	119671929.5382232	985034.355005924	3183.447904324392	970292680541.9368	10134340.559547365	1062319.1886262028	935524.4693930534	1.429391	26.762691	0.0935871156276072	0.0593019955020251	0.0974140586	0.062101554	-0.0480875712	-0.0582354701	-0.0598383138	-0.1436236439	-0.080150317	-0.0051733794	-0.0416346989	-0.0412213668	0.164516068	-0.2548351778	-0.0566086757	-0.085452346	0.0713016147	-0.1104948657	-0.0351843957	0.0406660728	-0.0954367218	-0.06558089	-0.1209485527	0.0785485994	-0.0620641617	-0.0533402635	-0.0958911759	-0.101109889	-0.1310881697	-0.0450030693	-0.1212609406	0.0963188323	0.0728220708	0.0114993852	0.0314207654	-0.1155648299	-0.0413674522	-0.0127366097	0.097887878	0.0229700664	0.0176279096	-0.2370556811	-0.0598572888	0.0805308441	0.0758167054	0.0295170576	0.0735100569	0.047459204	-0.0481710707	-0.0472784314	0.0148438678	-0.1337203238	-0.0347370618	0.0878048862	-0.0038965822	-0.054864081	-0.0922388609	-0.2105248825	0.0788530307	0.0141578459	-0.0399995181	-0.1019095652	-0.0367102693	-0.0324321569	0.040038796	0.071992963	-0.2405616793	-0.0192052314	0.0354350997	-0.0621675235	0.0608324822	0.0108625966	0.0286804671	0.0920246804	-0.0558432359	-0.0349837797	0.0386321967	-0.0574928681	-0.0704917101	-0.0115942755	-0.0314667494	0.018134721	-0.0809753264	0.1433218072	-0.0035122861	0.0227551288	0.0954603365	0.1037206116	0.051720933	0.0108073223	0.0739274315	-0.0932431013	-0.1665777109	0.0037562813	0.0371257615	0.0632070681	0.034865144	-0.2038886825	-0.0915480457	0.0273706052	0.0500015482	0.0460306794	0.0937772139	-0.0128590756	0.0170063579	-0.075817213	-0.0121488001	-0.0866153656	0.0144722352	0.0649037979	-0.0138732206984428	-0.0004043451150011	0.0001924662525477	1.6349497202525365e-07	-0.0676740890766609	-0.0409094466020719	0.0045797823323558	0.0016735828212877	-0.0708966317398136	0.0002914536297992	0.0050263323920507	8.49452183231834e-08	-0.0068239129428121	-0.0007096858845145	5.036540546792693e-07	4.656578785107849e-05	0.001251758342829	-0.0002531148026357	1.566898948842004e-06	6.406710331330943e-08	-0.0018287539282919	-7.68367184644e-05	3.344340930243056e-06	5.9038813043774684e-09	0.0	0.0	0.0	0.0	0.0	0.0	0.0	0.0	0.0	0.0	0.0	0.0	0.0	0.0	0.0	0.0	0.0	0.0	0.0
961720.1893202848	1646.5111826547654	2710999.0746071944	924905722546.2444	1532995.666694744	-15431.609080188677	2350075714104.863	238134558.8037616	984408.9016587676	-625.4533471564064	969060885665.0212	391191.8894691522	1059353.2240491104	944245.8758866948	1.6057	30.063745	0.0576167584664786	0.0326202421228543	-0.1063249787	-0.0566833413	0.0444573414	-0.1275484255	0.0429433153	-0.040529324	0.0225781005	0.0638549838	9.739e-06	-0.0886618134	-0.0052373941	-0.0780982004	0.2227300568	0.0622468298	0.0296333788	-0.0780819029	-0.016001394	0.0953025825	-0.033688749	-0.1099088394	0.0190792309	0.0560754442	0.0087539308	0.0401040875	0.0698148476	0.0209650554	0.1330534069	0.0992635931	0.014247961	-0.0808902582	-0.0542533416	0.1279966735	0.0675354815	-0.0176159317	-0.0670703818	0.0969065039	0.0648708478	-0.0152676078	-0.0465647247	0.0374578598	-0.1786062903	-0.1185378261	0.1094785774	-0.0274494191	-0.0082598459	-0.1058144248	0.0231550166	0.0887050194	-0.0791471467	0.0078790466	0.0775190922	-0.0689369308	-0.0111912934	-0.0780001045	-0.056416229	-0.0879096145	-0.0318927303	-0.0443687829	0.0959748164	0.0080661787	-0.0883088453	-0.0403552382	0.0381133348	-0.0461218179	0.1153649229	0.0278018294	0.0361780056	0.1016087932	0.0573265764	-0.0121265994	-0.1594299721	-0.0340422673	0.0387694259	0.1913718237	-0.0104105096	0.0485350309	-0.0328853773	0.0420708652	-0.111262753	0.0455581975	-0.0251085978	0.1576350866	0.0060350572	0.060116536	-0.0348266967	-0.0969122472	-0.0098823425	0.0156033447	0.0217735269	0.0648274956	-0.0436786049	0.0392811625	-0.0255826835	0.0324553566	-0.175337715	0.103747976	-0.0491428234	0.0589263739	0.0325188643	-0.0641843606	0.0574347704	-0.2556469221	-0.0836792505	-0.105569647	-0.0826009542	-0.0881955685	0.0192567962	0.0587790397	-0.0133369106929848	0.000536310005458	0.0001778731868326	2.876284219543603e-07	-0.0622566557616863	0.0054174333149746	0.0038758911866291	2.9348583722196773e-05	-0.0830787941524846	-0.012182162412671	0.0069020860378309	0.0001484050810486	-0.0062876856112682	0.0005362273315439	2.875397510946919e-07	3.9534990346149154e-05	0.0014499409197135	0.0001981825768845	2.1023286706596305e-06	3.92763337805808e-08	-0.001883961074531	-5.520714623910008e-05	3.5493093303480003e-06	3.0478289958653823e-09	0.0	0.0	0.0	0.0	0.0	0.0	0.0	0.0	0.0	0.0	0.0	0.0	0.0	0.0	1.0	0.0	0.0	0.0	0.0
961897.1068608856	176.9175406008726	31299.81617226141	925246044187.342	1548198.3904144205	15202.72371967649	2396918256081.8022	231122808.4968142	985686.3016513626	1277.399992594961	971577485263.1407	1631750.7410816066	1061483.269244735	941731.6888819656	1.576266	29.512661	0.0661226038341054	0.0497625026527932	0.0860820649	-0.0241943999	-0.0262265789	-0.1060257367	0.1581495447	-0.1527758577	-0.0954548544	-0.0137749364	0.0707541875	-0.0852934612	-0.0176504711	-0.105448372	0.0618800434	0.0472256369	0.1500138453	-0.0161237516	0.0116194389	0.1160143375	0.0018200338	-0.1300776599	0.0178648784	0.00379302	0.0474470532	-0.0049211244	-0.0986231317	-0.1170358322	-0.0343109657	0.0563708505	0.0229397507	0.1162502514	0.097246873	0.050979856	-0.020977454	-0.0228163083	-0.128195612	-0.1085420318	0.0706351466	0.0114365684	-0.0636333173	0.1290323886	0.2529926883	0.1132307064	0.0118222852	-0.0347925957	0.0430115399	0.1222665245	-0.0339891517	-0.043917412	-0.0419887454	-0.1572803004	0.1144983391	-0.0126770755	0.076551385	-0.0996477531	-0.1042508489	-0.0751976433	-0.0560377006	0.0002666093	0.1179269525	0.027497259	-0.0917606893	0.0832344687	-0.0822854193	0.0562562255	-0.1415469734	-0.1230575519	0.0469646529	-0.0964916519	0.0568012352	0.1089833884	0.1097505238	0.0056964668	-0.0587551519	-0.0799455448	-0.0559448434	-0.0047096942	-0.1836299758	0.1332914133	0.0072361775	-0.0894457097	0.0278675228	0.1571015027	0.0098677158	0.0530004514	0.0862061435	0.0787627138	0.0502366087	0.0242082341	0.1043856397	-0.1531630645	-0.1320829016	-0.0595181768	0.1037571933	0.0010640524	0.042260515	0.0518982715	-0.0639202517	0.0574482424	0.0010529384	0.1410038014	0.0476486441	0.0462517031	-0.0511182743	0.0449221287	-0.0080981877	-0.089737086	0.0240075741	0.0524223074	-0.0133781987393319	-4.128804634710021e-05	0.000178976201509	1.7047027711602944e-09	-0.0627174006673243	-0.000460744905638	0.0039334723464656	2.1228586807137057e-07	-0.0707790935388743	0.0122997006136103	0.0050096800821847	0.0001512826351844	-0.0072260943311855	-0.0009384087199173	8.80610925616826e-07	5.221643928319121e-05	0.0015758210807597	0.0001258801610461	2.4832120785666686e-06	1.5845814945017224e-08	-0.0018818325501243	2.1285244067000345e-06	3.541293746707326e-06	4.530616149917734e-12	0.0	0.0	0.0	0.0	0.0	0.0	0.0	0.0	0.0	0.0	0.0	0.0	0.0	0.0	0.0	1.0	0.0	0.0	0.0
961717.7324110284	-179.3744498572778	32175.193261601067	924900996833.8104	1541976.7931266846	-6221.597287735902	2377692430541.2544	38708272.810762726	985047.1621001184	-639.1395512442105	970317911561.4968	408499.3659646507	1063072.5100932734	957245.2041794478	1.384565	25.923405	0.0967285131868677	0.0526459590145075	0.0272100233	-0.014994724	0.0927646802	-0.1585258979	0.1095652957	0.004282811	-0.0156849848	-0.074578291	-0.0776371315	-0.0227712527	0.0144671593	-0.147146814	0.1497630243	-0.0798719822	0.0702549208	-0.1193779102	-0.0649589976	0.1050081241	0.0612605578	0.032962162	0.1382278484	0.080106526	-0.1738271603	-0.0638754965	0.1272089036	-0.0452706797	0.0431758002	-0.0553444325	-0.0109109088	0.0288617136	-0.006430537	0.0327484527	0.0586750521	-0.0622548629	0.1838015632	-0.1602868532	0.1202991336	0.1254397125	0.0310049545	0.0929406827	-0.079415801	-0.0164183113	-0.075424288	-0.0875521009	0.0234168378	-0.0716979476	-0.1355516105	0.0062881619	0.0605476986	-0.0546406648	-0.0604732632	0.084049181	-0.0920739829	-0.1015122009	-0.0756306784	-0.0321995567	-0.0688395981	-0.1148800694	-0.0222919918	0.083302903	0.0307610291	-0.2006058179	0.085751179	-0.0928913248	0.0402219452	0.0055691937	0.0742011298	-0.0462332704	-0.0793594934	-0.0426218854	-0.1693484577	-0.0034108777	-0.0864501181	-0.0868683762	0.0921920831	0.0228189591	0.0478290899	-0.0082341466	0.0512356901	-0.1881340796	0.1395613973	0.1632629687	0.0346682748	0.0845415573	-0.0334182377	-0.0385487283	0.0185191558	-0.0298656569	0.0312381007	0.1652019039	0.0184026788	-0.0449413084	0.1522317734	-0.0393840922	-0.012993122	-0.0408636956	-0.0081777846	-0.0413093609	0.0489370208	-0.1038663751	0.157325997	-0.1786972459	-0.085407496	-0.0533657975	-0.1454929578	-0.0912392418	0.0287162347	0.0458586883	-0.0253811719777985	-0.0120029732384665	0.0006442038909665	0.0001440713665633	-0.0384480740586496	0.0242693266086747	0.0014782543988194	0.0005890002140385	-0.1057145447988858	-0.0349354512600115	0.0111755649820356	0.0012204857547406	-0.0067250678891577	0.0005010264420277	2.5102749561103613e-07	4.522653811378001e-05	0.0015843464202189	8.525339459200011e-06	2.510153579260443e-06	7.268141289459273e-11	-0.0018826960102316	-8.634601072999518e-07	3.544544266941985e-06	7.455633568984443e-13	0.0	0.0	0.0	0.0	0.0	0.0	0.0	0.0	0.0	0.0	0.0	0.0	0.0	0.0	0.0	0.0	0.0	0.0	0.0
960248.3499273994	-1469.3824836289275	2159084.883195516	922076893538.2932	1550175.2126010782	8198.419474393595	2403043189762.798	67214081.87811615	984390.0672023104	-657.094897807925	969023804406.5692	431773.7047252074	1062567.8619422885	949605.0804885208	1.304015	24.415255	0.246593357287242	0.1440109040336095	0.0418928598	-0.0680753095	-0.0044938951	-0.1747316011	0.0623823014	-0.0333048866	-0.035134124	0.0267406204	0.0345487253	0.0029456391	-0.1473387763	-0.1280226611	0.0350693312	0.0470926889	0.096855458	0.002716347	-0.0043544086	0.1341615328	0.0057686314	-0.050413845	0.0679202077	0.0166112176	-0.0315192134	0.0719536043	-0.1040969129	0.0270923722	-0.0399367757	-0.0410900553	0.0259704149	0.0698327103	0.0331366882	-0.0604525606	0.1386582232	-0.0136208285	-0.1451987236	0.2180719981	-0.0951775214	0.0329511293	-0.1723249059	0.056307542	-0.0316992258	0.0571066049	-0.0798160651	0.1849939334	0.0233074187	0.0838637971	-0.0420835999	0.0365612271	-0.0355312063	0.0122299519	0.0384345628	-0.0090230166	0.0526100919	-0.0929250506	-0.0637370394	-0.0009143775	-0.0907500146	-0.0849922456	0.0500518254	0.1061955267	-0.0176400476	0.0808962328	0.0308144932	0.0373018809	-0.1241333977	-0.101222322	-0.0012003841	-0.0651319032	0.1234924082	0.019120503	0.026826034	0.0542182661	0.0287052772	0.0729821013	-0.1731667368	-0.0498819247	0.031744105	-0.0596532864	0.0491292166	0.0266214149	-0.0112482018	0.1244218938	0.0696011747	0.0904585576	0.0531709573	0.1123049581	0.0247571129	0.0538913076	-0.0454892278	-0.1494388259	-0.0641087674	-0.0685646063	0.1067213446	0.0653910607	0.0649538765	-0.0010424566	-0.0376882863	0.0065690733	0.0106249669	0.0752060465	0.0494237255	0.0579781469	0.0808810985	0.138686535	-0.1343339548	-0.0927013771	0.0333745172	0.0391140859	-0.0129457788897724	0.0124353930880261	0.0001675931910628	0.0001546390012537	-0.1077206625434286	-0.069272588484779	0.0116037411387952	0.0047986915153815	-0.0775759731447038	0.028138571654182	0.0060180316093478	0.0007917792147375	-0.0089081637245078	-0.00218309583535	4.765907426322948e-06	7.935538094263666e-05	0.0016958841527365	0.0001115377325176	2.8760230595027966e-06	1.2440665775167697e-08	-0.002322998523569	-0.0004403025133374	5.396322140503754e-06	1.938663032512313e-07	0.0	0.0	0.0	0.0	0.0	0.0	0.0	0.0	0.0	0.0	0.0	0.0	0.0	0.0	0.0	0.0	0.0	0.0	0.0
959492.413705146	-755.9362222533673	571439.5721146923	920625691957.7272	1545004.306519542	-5170.906081536319	2387038307163.9307	26738269.70406929	983435.612781398	-954.4544209124288	967145604486.7238	910983.2415992796	1062248.6871709332	947624.6835263493	1.265268	23.689796	0.0423885244402103	0.0340867674083871	0.0295322856	0.0446280258	0.0085650756	-0.1341111161	-0.0464993292	-0.0830658652	-0.0626558083	0.0034693547	-0.0108754125	0.0365518199	0.1090070794	-0.2252552339	0.0504319748	-0.1066210258	0.0570077284	-0.0856139077	-0.0397112761	0.113967892	-0.1883645628	-0.0245866025	-0.0065341814	0.0997242369	-0.1397556781	-0.1273674757	-0.0050470247	0.1041820579	0.0228844879	-0.0309024082	-0.1339345782	0.1040863931	0.0325197567	-0.0284283634	-0.1258011014	-0.0030779811	0.1331675295	0.1061299602	-0.0448396134	-0.042187418	-0.0654870753	-0.0780145456	-0.0459837745	-0.1271123769	-0.0533659878	-0.0153069558	0.1582560216	0.0054450962	-0.1009998379	-0.1449483524	-0.0438752642	0.0394113925	-0.0748401995	0.1158020315	0.0034127835	-0.0426687653	-0.0590222744	-0.1545771827	0.0553752289	-0.0917394322	-0.0033595278	0.0049691333	-0.011727555	-0.149280692	0.131799297	0.1759493735	-0.0221163656	0.1423470634	-0.0072472985	-0.0773464338	-0.017336892	-0.0863785512	-0.0125642615	0.1584903616	-0.0690050141	-0.0881475029	0.0418104382	-0.0514960912	-0.035405715	-0.1026842737	0.0115853268	0.0866794501	0.0769418231	0.14175152	0.0650586343	0.1213360989	-0.0626265675	-0.0097304429	-0.0215756238	-0.053742052	-0.0708743318	0.1037902742	-0.0090249258	-0.0346160665	0.0710101674	0.0465378604	0.0324257667	-0.229563259	0.0247286938	-0.0912451921	0.062699871	0.1141380617	0.2003584984	-0.0667203768	0.0795202679	-0.0426629866	-0.0180283878	-0.0941228505	0.0379742494	0.032215118	-0.0129330365697768	1.2742319995599076e-05	0.0001672634349151	1.6236671887024406e-10	-0.1056035611705539	0.0021171013728746	0.0111521121319029	4.482118223027938e-06	-0.0854939877095688	-0.007918014564865	0.0073092219344839	6.269495464941432e-05	-0.0082641444586594	0.0006440192658483	4.147608147839118e-07	6.829608363359087e-05	0.0016941367768859	-1.7473758506000685e-06	2.8700994187973456e-06	3.053322363260313e-12	-0.0023240452055195	-1.0466819505001827e-06	5.401186117298176e-06	1.095543105502867e-12	0.0	0.0	0.0	0.0	0.0	0.0	0.0	0.0	0.0	0.0	0.0	0.0	0.0	0.0	0.0	0.0	0.0	0.0	0.0
963605.5848254134	4113.171120267361	16918176.66460146	928535723106.727	1543031.9130727765	-1972.3934467653744	2380947484761.0327	3890335.908842994	985929.0169209124	2493.4041395144304	972056026406.6368	6217064.202947698	1060444.159293868	926572.3847646264	1.553777	29.091585	0.1381925946502539	0.1003200696719775	-0.0738872615	0.0003375944	-0.0187252204	-0.0899567276	-0.0003249769	-0.22384125	0.0423304365	0.1377323411	-0.0373431901	-0.1163935687	-0.0410321927	-0.1060915666	0.004675777	0.1217225699	0.0319672378	-0.0565088452	-0.0376843024	0.0567216468	-0.0524076291	-0.2555139377	0.002372706	0.0305982679	-0.0640652626	0.0217883919	-0.0426689937	0.1180961929	-0.1198512519	-0.1277634726	-0.0511849057	-0.0868156781	0.0066430749	0.07521035	0.1748512424	0.0460538515	-0.0120444744	0.1200265075	-0.0848918629	0.104023124	-0.0062225243	0.0282760321	-0.0002276011	0.0435401241	0.1467541615	-0.0002173205	-0.0006820136	-0.1285483049	-0.0668563653	-0.0873588884	-0.0670727722	0.1349968507	-0.0064693092	-0.1263087671	0.0322800206	-0.0654767629	-0.0463644239	-0.1733568042	-0.0069551321	0.0405732728	0.1014291397	0.073368782	-0.0293369131	0.0474000141	0.0867814622	-0.0531418606	-0.1865587263	0.0392976861	-0.1650541669	0.0111586991	0.1253256835	-0.0883812404	-0.0752736837	0.0866368846	0.1620420596	0.1358755263	-0.0145824358	0.0497790124	0.0802694756	0.1489733181	0.0083362272	0.0032811326	0.0066075922	0.0998598626	0.0851168755	0.1272477654	0.0483429688	0.0903866924	-0.0596452067	0.00453713	-0.0701302996	-0.228743497	-0.0584555428	0.0914219585	-0.0080805277	0.0499809638	-0.1589930809	-0.0287249418	-0.0802727168	-0.0428581137	0.0259707777	0.0575242951	0.1256985216	0.0092415055	0.0467764161	0.0721192506	-0.0661864064	-0.0955030384	0.0425073619	0.0251890118	-0.0186513523776312	-0.0057183158078543	0.0003478729455145	3.269913567835751e-05	-0.106228532993029	-0.0006249718224751	0.011284501221851	3.9058977888785273e-07	-0.0860657835337832	-0.0005717958242144	0.007407319095284	3.269504645890307e-07	-0.0101329841962392	-0.0018688397375798	3.4925619647573355e-06	0.0001026773687212	0.0019180286744309	0.000223891897545	3.6788339959391554e-06	5.0127581786300803e-08	-0.0028568637943089	-0.0005328185887894	8.161670739233046e-06	2.8389564855952777e-07	0.0	0.0	0.0	0.0	0.0	0.0	0.0	0.0	0.0	0.0	0.0	0.0	0.0	0.0	0.0	0.0	1.0	0.0	0.0
965598.3581342446	1992.7733088311504	3971145.460389853	932380189231.5488	1545187.0517183288	2155.138645552332	2387603024797.981	4644622.581553138	986227.6326643956	298.6157434831839	972644943430.818	89171.36225601469	1060700.990057076	961398.9656505624	1.44189	26.996717	0.1677940195862734	0.0968584073600952	0.025769849	-0.1220644943	0.1105596944	-0.0615935676	0.1043311827	-0.1786963748	-0.1233555014	-0.0387119467	0.1235763737	-0.0937367592	0.0292354176	-0.0155281271	0.2131220175	-0.0343297519	0.1626047358	-0.0456927753	0.0305535952	0.0473443445	0.0203006438	-0.1888378313	0.0558099894	0.074211961	0.0402675693	-0.0728142422	-0.0281393073	0.0229052391	0.099580405	0.032271938	0.0505741026	-0.0317103751	0.1758178056	-0.0333790422	-0.144708663	0.0489671788	0.0593166313	-0.0010576439	0.066376132	-0.0459587977	-0.0354075802	-0.0078188628	0.0422615421	-0.1448693973	0.0253694741	-0.2846271497	0.0615104618	0.0128404827	0.008788036	0.13229255	0.0088012435	-0.02077864	-0.0515553739	0.0485690341	0.0856868516	-0.0556415701	-0.1228976704	-0.0745145258	-0.0298927222	0.0183715875	0.1912518439	0.0792450314	-0.1241826799	-0.1181155393	-0.0368610501	-0.0393708803	0.0751762009	-0.0536003804	-0.0895804957	-0.0267930626	-0.1398948385	0.095545717	0.0301423947	0.0674530892	-0.0477064083	-0.1480202977	-0.0613051828	0.0409660898	-0.0025042277	-0.0117276288	0.0098520085	0.0375608292	-0.0176047837	0.1483716231	0.0619580504	0.173024248	-0.1735328024	-0.0265087556	0.0530128322	-0.1478585429	0.0191706959	0.0416081615	0.0210751	0.0040914936	-0.0350799325	-0.1579936508	0.0648323494	-0.0139296336	-0.0120286857	0.0440916279	0.0063527614	0.2384092896	0.04756689	-0.0315365686	0.0113162378	0.0528215204	-0.0143253482	-0.0968413356	0.0469659021	0.0180634961	-0.0170738657061093	0.0015774866715219	0.0002915168901502	2.488464198829243e-06	-0.1100614026479434	-0.0038328696549143	0.0121135123528327	1.469088979156355e-05	-0.1518280569329704	-0.0657622733991872	0.0230517588720413	0.0043246766026294	-0.0088125200653952	0.0013204641308439	1.7436255208455982e-06	7.766050990299302e-05	0.001759128413465	-0.0001589002609658	3.0945327750598884e-06	2.5249292935031105e-08	-0.0024038003889058	0.0004530634054031	5.778256309703676e-06	2.052664493154538e-07	0.0	0.0	0.0	0.0	0.0	0.0	0.0	0.0	0.0	0.0	0.0	0.0	0.0	0.0	0.0	0.0	0.0	0.0	0.0
963423.678518223	-2174.6796160215745	4729231.432339743	928185184329.5844	1539838.949587264	-5348.102131064748	2371103990666.009	28602196.404299304	984134.8886996446	-2092.743964751018	968521479155.8618	4379577.302001811	1059077.9859210467	959242.6135648326	1.337787	25.047577	0.1825123594634735	0.0898806874544583	-0.0233276225	0.0028308805	0.2336788585	-0.0770603221	-0.0474651197	-0.1229305238	0.0304132092	-0.067581266	0.0021848591	-0.0571117586	-0.1034409255	-0.0705356671	0.0466154727	0.0701582654	0.0212341539	-0.0918165983	0.023415875	0.1170402167	0.0962622267	-0.1256044082	-0.0485012811	0.0424570058	0.039087761	-0.1053427261	-0.0532462729	0.2650992163	0.0613712702	0.1000721961	0.080409681	-0.0988442845	-0.0254213772	-0.0753147989	0.0482346591	0.104750536	0.0914065957	0.0066829834	-0.0270429538	0.061959207	0.057089313	-0.0797264198	0.1891954378	-0.0795726996	0.0592031292	0.0791455326	-0.0438296047	0.0733532912	-0.1402505921	0.0349959118	-0.0248769305	0.0352590274	0.0387504123	-0.0649316368	-0.0373924434	-0.0249639303	-0.1445414116	0.012478776	-0.1132067281	0.004444538	0.138621569	-0.0601243779	-0.0687047011	-0.0995846258	0.0684389993	0.061390839	0.0721227764	0.0436679362	-0.1816026536	-0.007388511	0.0532406946	-0.0376255864	0.1062152556	0.143491404	0.0688962456	-0.048886589	0.1214648312	-0.0302216117	0.1087041595	-0.04516587	0.1024518131	-0.0275700772	0.0236856169	0.1355705548	0.0833173725	0.1395834703	0.0269285683	-0.0129592465	-0.1325278613	-0.0211886254	-0.0404629585	-0.1451440949	0.1333241585	0.1372369921	0.0485390513	0.1370051593	-0.0705705299	0.0049412582	0.0126037591	-0.0341119453	0.0513698167	0.1295136512	0.118752193	0.0027101227	0.0404717058	0.0401769605	-0.0549382228	-0.098137155	0.0513420481	0.010866692	-0.012647801055607	0.0044260646505023	0.0001599668715422	1.9590048290426048e-05	-0.0679691261500607	0.0420922764978826	0.0046198021096028	0.0017717597407742	-0.0892571264459718	0.0625709304869986	0.0079668346213921	0.0039151213420088	-0.0097851084329814	-0.0009725883675861	9.459281327639878e-07	9.57483470452037e-05	0.0018000311284078	4.090271494279984e-05	3.2401120632370574e-06	1.673032089691941e-09	-0.0028587710629386	-0.0004549706740327	8.172571990295093e-06	2.069983142298603e-07	0.0	0.0	0.0	0.0	0.0	0.0	0.0	0.0	0.0	0.0	0.0	0.0	0.0	0.0	0.0	0.0	0.0	0.0	0.0
961249.5806013616	-2174.097916861414	4726701.75210114	924000756206.2936	1549063.7730795147	9224.823492250638	2399598573067.3423	85097368.46317926	984487.3503406398	352.46164099522866	969215342980.7336	124229.20837304943	1064561.7492482525	984729.4300070296	1.545717	28.940693	0.1116795858903301	0.0605634181875251	0.1905702467	-0.1231884935	0.10762376	-0.0791209783	-0.0320847007	0.0177842266	-0.0618498648	-0.1701284197	-0.0894465415	0.0708701922	-0.0972291643	0.0105528089	0.2108420205	-0.0822662368	0.0424670701	-0.1145324999	-0.0086204126	0.0662317219	0.1805656095	-0.0554355916	0.1691267948	0.127060909	0.0161489225	-0.0339917857	0.0082448272	0.0634217678	-0.0176999926	-0.0735895061	0.0240185656	-0.0079513311	0.1137260015	-0.1226017748	0.1402963606	0.0014153346	0.0573371668	-0.1601758428	0.0519902919	0.0765110939	0.0380145297	-0.0715647196	-0.0380262282	0.0199281418	-0.1064606814	-0.1645056804	-0.0469580383	-0.0837611185	0.0886905246	0.1227290895	-0.0557332902	0.0572210727	0.0410535877	0.1179114238	-0.1415510205	-0.1122219181	-0.0182126269	0.1166516485	-0.0795607445	-0.0907138531	0.0656376632	0.0986152078	-0.1068944486	-0.1393559561	0.0060602551	-0.1540679535	-0.0838582807	-0.0405308736	-0.091143481	0.0063376076	0.0747176139	-0.0697836333	-0.1128954358	-0.0678150322	-0.1517423566	-0.2083910797	-0.067730518	0.0865410116	0.0016250586	0.1305107471	0.0221507945	-0.0597199606	0.0182881228	0.1681459145	0.0537058256	0.1560437432	0.0089838964	0.0521274218	0.135369241	-0.0716718304	-0.0328380274	0.0720250805	0.1152891953	-0.0338190046	-0.0221174666	-0.0315025522	0.1248650589	-0.0631041461	0.0004147627	0.0269917463	0.0555316093	0.0669859211	-0.055398305	0.1018023621	-0.0512980832	0.1430809631	-0.0311270249	-0.0993899282	0.0556281227	0.003627002	-0.0122233560639699	0.0004244449916371	0.0001494104334665	1.8015355092581802e-07	-0.0841188806602559	-0.0161497545101951	0.0070759860835343	0.0002608145707395	-0.1179214979780596	-0.0286643715320878	0.0139054796853895	0.0008216461953295	-0.0088090689936956	0.0009760394392858	9.526529870413392e-07	7.759969653568921e-05	0.0021516288028855	0.0003515976744776	4.629506505406489e-06	1.2362092469812668e-07	-0.0028575878795739	1.1831833647002463e-06	8.165808489487658e-06	1.3999228745033966e-12	0.0	0.0	0.0	0.0	0.0	0.0	0.0	0.0	0.0	0.0	0.0	0.0	0.0	0.0	0.0	0.0	0.0	1.0	0.0
957928.9697123356	-3320.610889025964	11026456.676317802	917627911014.1368	1539268.0946765498	-9795.678402964955	2369346267289.176	95955315.37431408	983280.3971415876	-1206.953199052252	966840339402.9182	1456736.0247024647	1061569.8483682824	965396.0663413844	1.672127	31.307474	0.1551885830080685	0.0700922542437743	-0.053455894	-0.038922588	0.0803650711	-0.1892742361	0.0908360014	0.1183757355	0.036667696	0.0043119269	0.0549280925	0.195808737	-0.0955474478	-0.0467820558	0.185362253	0.0157177496	0.064286701	-0.0032407251	0.0430053686	0.1574097217	0.0353965705	0.0412390639	0.1022397079	0.0611913125	0.0512585494	-0.049353464	-0.0471098141	-0.0398667251	0.0942027773	0.0473435933	0.131814263	0.1624792457	-0.0199065983	-0.0179865514	0.0062798183	-0.0005969976	0.0225765998	0.0752578852	0.0671181702	0.1468999854	0.0609415077	-0.1103312611	0.0457273885	-0.0767214369	-0.0389303988	0.1709692505	-0.169477438	-0.0663864418	0.0985899458	0.0513661785	-0.0108394763	-0.1688953348	0.0161954261	0.0115535239	0.0471238225	-0.0476138254	-0.0488625086	0.0572795422	-0.0846011781	-0.1801577157	-0.0061746159	0.0950805833	-0.1494930162	0.0459134463	0.0539805201	0.0912968664	0.0371175417	-0.0629483173	-0.0025972599	-0.1933726425	-0.0155784338	-0.0634364987	0.0701799511	-0.0085351712	0.0223575134	-0.0160036869	0.0030795778	-0.1189540938	0.0869947188	-0.0315976679	0.0592539191	-0.0333506625	-0.0799535953	0.1414349582	0.0782841381	0.1156177898	-0.0112941244	0.0104300686	-0.1004429878	0.1410932442	-0.0793638841	0.0457606671	0.1527061944	-0.1383203996	0.0822429156	0.1189559489	-0.0055433369	0.0738122745	0.1504411482	-0.0277885777	0.0674804413	-0.0134970636	0.028901164	0.1446055361	-0.0240702015	0.0388610168	0.0013238748	-0.1005991057	0.0598166067	-0.003627002	-0.0228802250148305	-0.0106568689508605	0.0005235046967292	0.0001135688558358	-0.0617260633888321	0.0223928172714237	0.0038101069014821	0.0005014382653513	-0.0645699716243655	0.0533515263536941	0.0041692812355713	0.0028463853642689	-0.0093629911503684	-0.0005539221566727	3.068297556530458e-07	8.766560328187696e-05	0.002552913662446	0.0004012848595605	6.517368167903449e-06	1.6102953851249024e-07	-0.0032781282719824	-0.0004205403924085	1.0746124967570316e-05	1.768542216470954e-07	0.0	0.0	0.0	0.0	0.0	0.0	0.0	0.0	0.0	0.0	0.0	0.0	0.0	0.0	0.0	0.0	0.0	0.0	1.0
956824.8499193138	-1104.1197930218186	1219080.5173425437	915513793423.1174	1529130.177897574	-10137.916778975865	2338239100957.066	102777356.61744036	983140.244409064	-140.15273252362385	966564740176.714	19642.78843383845	1059925.3406607434	932676.6830605348	1.304271	24.420053	0.1887012871862882	0.0968126349411333	0.0397661946	0.0885071923	-0.0580450902	-0.1353761095	0.0646656288	0.0141511501	0.100456134	0.0268345223	-0.1178356482	0.1055035874	0.0633135875	0.1344291969	0.1485982415	0.0248832451	-0.0454885254	-0.1054880096	-0.0042438125	0.061655269	-0.0293511605	-0.0482214605	0.1394257974	0.0657649709	0.1341033161	-0.0100740381	-0.0835833668	-0.0232366317	0.0199392031	-0.0047461248	-0.0778390843	0.0487688063	0.0363181777	-0.0607881903	0.1355423991	-0.0531313058	0.0429380019	-0.136144439	0.0072861793	-0.0316130868	-0.1482512028	-0.0714405481	0.0590424082	0.0214799177	0.0558656234	0.0227503858	-0.0885814928	0.0357975217	0.0599831608	-0.0439253094	0.0439964282	0.1387723224	-0.0251991518	-0.0584175106	-0.1094818721	-0.0493393927	0.037391769	0.0095993208	0.0660339235	-0.1069793203	0.0376423254	0.0863576702	-0.1999810499	0.057954527	-0.088088007	-0.0058778695	-0.129101745	0.0268357517	-0.0812239175	-0.0577954698	0.0178482539	-0.0559765906	-0.1248569129	-0.0077112152	-0.1675371901	-0.0146459365	0.0651320241	0.0198670025	0.0587749429	0.0292597141	0.0473905959	-0.0164215858	-0.0787701123	0.1153992502	0.0679402173	0.1326323241	0.0799627945	0.159376763	-0.0226356373	0.0550749984	-0.0512724897	0.0105298352	-0.0120234748	-0.1287299097	-0.1371462073	-0.041716311	-0.0246326599	0.0705209139	-0.0127276651	0.0829788878	0.0354604924	-0.053939626	0.0157576458	0.1570124422	0.0023446123	0.0988699255	0.0803831037	-0.1017641571	0.063900152	-0.010866692	-0.0363710393814642	-0.0134908143666337	0.001322852505688	0.0001820020722749	-0.1193174182805449	-0.0575913548917128	0.0142366463051345	0.0033167641582632	-0.1169276660438072	-0.0523576944194417	0.0136720790864521	0.0027413281649196	-0.0102920688128813	-0.0009290776625129	8.631853029804357e-07	0.000105926680449	0.0022679654202761	-0.0002849482421698	5.143667147568148e-06	8.119550071571582e-08	-0.0031869257064952	9.12025654871999e-05	1.015649545871993e-05	8.317907951446985e-09	0.0	0.0	0.0	0.0	0.0	0.0	0.0	0.0	0.0	0.0	0.0	0.0	0.0	0.0	0.0	0.0	0.0	0.0	0.0
957792.5965930108	967.7466736970237	936533.6244516536	917366658088.382	1541414.6782345013	12284.500336927362	2375959210276.771	150908948.52796847	982126.6404398696	-1013.6039691943442	964572737861.705	1027393.0063665292	1058948.5145002156	934940.8494725764	1.171819	21.940142	0.0537134273014328	0.0264573911406821	-0.0579877443	-0.0508724294	-0.0563674963	-0.171586014	0.0885806693	-0.0505157365	-0.0574778117	0.0634453769	0.0808922826	0.0736589354	0.0365393477	-0.0063607186	0.1562248775	-0.021856327	0.0653386193	0.0434602223	0.0190375474	0.1707934339	-0.1069290591	-0.0480832426	0.0691915528	0.1572650511	0.0643706539	-0.0036583749	-0.1378337822	-0.0008326532	0.0304904633	-0.120990374	0.022616013	0.1030866428	-0.1142596005	-0.1130474959	-0.2054660516	0.0216596314	-0.0055337159	-0.076528629	-0.0474260507	-0.0310992109	0.020248196	0.1329086442	0.1072651902	0.1467077317	0.0635546541	0.0644240642	-0.0113595343	-0.0642927077	0.0544619032	-0.1381397299	-0.0951861728	0.0400434596	0.0707710782	0.0245617156	0.0987728075	0.0026792334	-0.0218477034	-0.1194040708	-0.0445281363	-0.147810836	0.0385536269	0.1135469322	-0.203681486	0.0299844393	0.0263036412	0.1032939468	0.0306657491	-0.0375024934	-0.0629652637	0.0591558971	-0.1836126258	-0.0658491641	0.2024882404	0.0431207862	-0.0088601009	-0.0353561854	0.0109730857	-0.0389597312	0.0428595159	0.1592559789	0.0319386186	0.0639222029	0.025623568	0.1217100115	0.0773679186	0.1394708092	-0.0676715892	0.0311399232	-0.0455299517	0.0984447334	-0.0914574046	0.0552743196	0.0338133553	-0.0890167734	-0.0134721507	-0.0157353256	-0.1145991161	0.0601861557	0.1245416309	-0.0172002165	0.0272602997	0.0234458877	0.066583365	0.091545745	0.0078126289	0.0295934974	0.0685835702	-0.1028845713	0.0678715947	-0.0180634961	-0.0356303262454389	0.0007407131360252	0.0012695201483564	5.486559498804333e-07	-0.1066076207444979	0.012709797536047	0.0113651848008026	0.0001615389534073	-0.1217522844401628	-0.0048246183963556	0.0148236187663983	2.327694267045292e-05	-0.010507887008593	-0.0002158181957116	4.657749360025359e-08	0.0001104156893853	0.0026737846851616	0.0004058192648854	7.1491245426047165e-06	1.6468927575220744e-07	-0.0032740542105581	-8.712850406289961e-05	1.0719430973673222e-05	7.591376220238715e-09	0.0	0.0	0.0	0.0	0.0	0.0	0.0	0.0	0.0	0.0	0.0	0.0	0.0	0.0	0.0	0.0	0.0	0.0	0.0
958805.8152625934	1013.218669582624	1026612.0723907824	919308591381.3665	1532673.4736354449	-8741.204599056393	2349087976785.7407	76408657.84256463	982896.3892550356	769.748815165949	966085312010.5864	592513.2384493824	1058749.683647649	933117.5736695584	1.158786	21.696119	0.0967417196493597	0.059061175323704	0.0145873104	0.1002305261	-0.0261312145	-0.1087231862	0.0815065624	-0.0790882706	0.0785797343	0.0308279648	-0.0809068531	-0.0272588496	0.101981023	0.0238169358	0.1235501838	0.0415864189	-0.0577034954	-0.067199852	-0.0058462899	0.0663442244	-0.0719569645	-0.1001647358	0.1307190463	0.071049906	0.0287375914	0.0527460319	-0.1210839285	-0.1153824382	0.0302005943	-0.2208451097	-0.1917131736	0.0417155234	-0.0253483088	0.1081451798	0.1062209748	0.0495569558	-0.0335337702	-0.0202645534	-0.0514912939	-0.0599459387	-0.0107929747	0.0932576565	0.0290457353	-0.0816442888	0.0131972146	0.0314670473	-0.0020351893	0.0201359145	-0.0734055172	0.1255032554	0.0795072574	0.1078729419	-0.0244366699	-0.0801915315	-0.0784050074	0.0033318946	0.0139089839	-0.1056286517	0.0438726739	-0.0773536966	0.0484865287	0.111917942	-0.1076501008	0.0596708208	0.0054239616	-0.0392394523	-0.1647313333	-0.0130724313	-0.0836534507	0.1092510974	-0.1480984908	-0.0552428458	-0.0929007787	-0.0471054711	-0.0171686389	0.0971574503	-0.0088692277	-0.0926083362	-0.02686744	-0.049967798	0.0687791711	-0.1764582477	-0.0397892357	0.0841998105	0.0853786715	0.1254943165	0.0726872657	0.1665516065	-0.0567541057	0.0383575178	-0.056136582	-0.0404868769	-0.0210307162	-0.0851251839	-0.155325872	-0.0851300193	-0.056822077	0.0610239421	-0.0132579801	0.044201314	0.0318189095	-0.1074727524	-0.0527216703	0.1005891593	0.0206973945	0.0080858158	0.0764110312	-0.103959857	0.0717239676	-0.0251890118	-0.0496459522993291	-0.0140156260538902	0.0024647205797072	0.0001964377736824	-0.1240653706838657	-0.0174577499393678	0.015392216202925	0.0003047730329454	-0.119535678595156	0.0022166058450067	0.0142887784572044	4.913341472118297e-06	-0.011519289481034	-0.0010114024724409	1.0229349612597664e-06	0.0001326940301478	0.0025020012982448	-0.0001717833869167	6.260010496418666e-06	2.9509532020606952e-08	-0.003196205313694	7.784889686409963e-05	1.021572840728576e-05	6.060450742957222e-09	0.0	0.0	0.0	0.0	0.0	0.0	0.0	0.0	0.0	0.0	0.0	0.0	0.0	0.0	0.0	0.0	0.0	0.0	0.0
959317.9639137756	512.1486511821859	262296.2409077323	920290955887.672	1541934.515161725	9261.04152628011	2377562049047.024	85766890.15148464	985852.5315832346	2956.142328198999	971905214029.0724	8738777.4645698	1062301.3778126703	939758.3741742156	1.201093	22.488234	0.2052951082979386	0.1051379620329373	-0.0642845089	-0.0895290738	-0.0253061754	-0.0932677116	0.0708978282	-0.0129937079	-0.0475642776	0.0050219122	0.0739550773	-0.0053710025	-0.0061599465	0.0148713059	0.083061367	0.0098777524	0.1000562665	0.019320002	0.0524232126	-0.00382094	0.0171544504	0.013701488	0.1525630385	0.1053048698	-0.0131819348	0.0284272147	-0.0079766637	0.0072765883	0.0292374151	-0.1609126351	0.124583183	0.1731942704	-0.1313073159	0.0704958334	-0.1207298126	0.112741349	0.0237846709	0.0301520968	-0.0908203824	-0.0497726052	-0.0191634624	0.0519672714	-0.0911192982	0.029143475	0.113731324	-0.0050028311	0.0472561338	0.059342631	-0.0949084912	0.0262684435	-0.0108816062	-0.0207864965	0.0760871143	0.0181514764	0.075386904	-0.0206686245	-0.0218671958	0.0355327577	0.0311754541	-0.0536485945	0.0439691151	0.1289482902	-0.0683423685	-0.0419213522	-0.0074959066	-0.0703923758	0.0073488877	-0.0402900604	0.0651895563	0.03636508	-0.1566903844	-0.2247835206	0.1175407219	-0.0285087624	0.0149460421	0.083695726	0.0800404947	-0.1457155325	0.0505220398	0.0241857607	-0.1154681083	0.0538033159	-0.0070638017	0.0047866479	0.0927746287	0.1049577537	-0.1091174522	0.0688692123	-0.0065683803	0.0771953614	-0.0917963681	0.0443038079	0.0621265581	-0.07402257	-0.0997966992	-0.1046548673	-0.0246663735	0.0561655294	0.0655839075	-0.0367701302	-0.0600218664	-0.0328507436	-0.064683716	0.0239684507	-0.0977852822	-0.0143893514	0.1394677172	-0.1049895425	0.0754505123	-0.032215118	-0.068179496900484	-0.0185335446011548	0.0046484437976031	0.0003434922754829	-0.1449634196283398	-0.0208980489444741	0.0210143930303421	0.0004367284496856	-0.1375107773621806	-0.0179750987670245	0.0189092138907512	0.0003231041756842	-0.0129895069120742	-0.0014702174310402	2.161539294534449e-06	0.0001687272898188	0.0035224619132818	0.001020460615037	1.240773793052088e-05	1.0413398668416925e-06	-0.0036632955873225	-0.0004670902736284	1.34197345600965e-05	2.1817332371834695e-07	0.0	0.0	0.0	0.0	0.0	0.0	0.0	0.0	0.0	0.0	0.0	0.0	0.0	0.0	0.0	0.0	0.0	0.0	0.0
959548.9556597214	230.9917459457647	53357.18669507271	920734198307.662	1541704.275269542	-230.23989218310453	2376852072384.384	53010.4079524876	984413.7980968602	-1438.7334863743745	969070525883.4858	2069954.0448149624	1060971.5625340417	934572.4834084228	1.315017	24.621258	0.2155793223293692	0.1126510170726123	-0.0153782052	0.111014073	0.0059794732	0.008423912	-0.0349577372	-0.0409102552	0.06634853	0.0269878737	-0.0881519659	-0.0749738788	-0.0254804843	0.0256013265	-0.1424816978	0.0596704389	-0.0633879018	-0.0328341797	0.0411168214	-0.0571709955	0.1100503479	-0.0876223425	0.0871419401	-0.099031409	-0.018343974	-0.0040878693	-0.0521936319	-0.030031631	-0.0838386718	-0.1092172953	-0.0608046534	-0.0569420754	-0.0475732691	0.0714028337	0.1152042652	-0.1113088184	-0.0349940729	0.0385809489	-0.1289020211	0.0554864687	0.0677447742	4.9945e-06	0.0260739368	0.008312535	0.0516540589	-0.0064692054	0.0443381446	0.1096168154	-0.0478699498	0.0353406764	0.2011782396	0.0839157081	0.0877620855	-0.0865543974	-0.0559268901	0.0155403938	-0.0055641402	0.0214677436	0.0393392117	0.0688525249	0.0879850024	0.014311626	0.0415494087	0.1010811083	-0.0116103988	-0.0836897626	-0.2065336511	0.0361745477	-0.0058359571	-0.046555836	0.0313830223	-0.0862414597	0.0197010526	-0.0524717833	0.0044493762	0.2058840879	0.1051287387	0.0304384424	0.0146506649	-0.1562255646	-0.1046494449	-0.0760645513	0.0518800434	-0.0517930068	0.0733943376	0.0447312265	0.0994583701	0.0623903218	-0.1244451356	0.008655433	-0.1045123254	-0.0617579109	0.0856770573	0.029222136	-0.1058670714	-0.0305885782	-0.0945562671	0.0247034634	-0.0277124725	-0.0287276189	-0.0480859009	-0.1557893887	-0.053418958	0.0323783747	-0.0180655179	-0.0960248064	0.0308511263	-0.105973176	0.0790446912	-0.0391140859	-0.0754791512242292	-0.0072996543237452	0.00569710226953	5.328495324617199e-05	-0.1231617304934644	0.0218016891348754	0.0151688118581447	0.0004753136491337	-0.0678170650432719	0.0696937123189087	0.0045991543110833	0.0048572135367908	-0.014614911558229	-0.0016254046461548	2.6419402637416118e-06	0.0002135956398548	0.0036010967273958	7.863481411399991e-05	1.296789764006074e-05	6.183433990743319e-09	-0.0042949414580905	-0.0006316458707679	1.8446522128424547e-05	3.989765060582643e-07	0.0	0.0	0.0	0.0	0.0	0.0	0.0	0.0	0.0	0.0	0.0	0.0	0.0	0.0	0.0	0.0	0.0	0.0	0.0
958769.3055015916	-779.6501581297489	607854.3690717424	919238581172.0044	1551059.6192722372	9355.344002695289	2405785942536.937	87522461.4087667	986060.0425799764	1646.2444831161993	972314407572.8248	2710120.898190522	1064547.15744925	940984.2356051892	1.310419	24.535172	0.1550714239170883	0.0815811633053053	-0.0099998669	-0.11215858	-0.0630732759	0.016679896	-0.0147758502	-0.0071645561	-0.1249222882	-0.0394365329	0.0671649355	-0.014286827	0.0219673856	0.0344915309	-0.014281454	-0.0849006139	0.0475969735	0.0420964863	0.0708334143	-0.1321833768	0.1333892287	-0.0641227553	0.0741227722	-0.0188692055	0.108040428	-0.0683930951	0.0168156348	-0.0969895742	-0.0734214221	-0.0850668033	0.0098633616	0.1398939356	0.0818992382	0.2403087119	0.0712788734	-0.0121415753	-0.0565111336	0.0690339949	0.0216297986	0.0149491447	0.0777208308	-0.1475168421	-0.1216860452	-0.0009593977	-0.0758104424	-0.0189839135	-0.0697830017	-0.0711555251	-0.0383499066	-0.051542584	0.0069763712	-0.0010232989	-0.0208072515	0.1149986153	0.0432166773	0.0302920393	0.0167402734	0.1322166604	0.095761019	0.0692440918	0.0968291669	-0.0181215991	-0.0576566293	-0.0135449698	-0.0994498571	-0.086413104	-0.1158677829	0.0104701377	0.0869942026	-0.0576465617	-0.1039802723	-0.0772781321	-0.0474201704	-0.0294239238	-0.0075953422	0.0801099764	-0.0021011934	-0.1488257463	-0.1376787188	0.0156311764	-0.0769286009	-0.0080733575	0.0014784061	-0.0771515951	0.0697237132	0.0490557697	-0.0921252551	0.0735463022	0.0783876215	0.0411321704	-0.0809191993	0.0161895794	0.0524372739	-0.0274455733	-0.1256816209	-0.1046845386	0.0736620565	-0.0165238019	-0.076653181	0.0176085359	-0.0428974866	-0.0874024558	-0.0389619057	-0.0182290703	-0.0764320156	0.0029166544	0.1472719533	-0.1069103263	0.0825001988	-0.0458586883	-0.086327443644933	-0.0108482924207038	0.007452427526269	0.000117685448445	-0.1761132577453139	-0.0529515272518494	0.0310158795536673	0.0028038642383033	-0.114632934445737	-0.0468158694024651	0.0131407096596406	0.0021917256279086	-0.0148829709170185	-0.0002680593587894	7.185581983463745e-08	0.0002215028233168	0.0041436427021424	0.0005425459747466	1.7169774843017972e-05	2.943561347137384e-07	-0.0042164320947852	7.850936330529995e-05	1.7778299609934706e-05	6.163720126603578e-09	0.0	0.0	0.0	0.0	0.0	0.0	0.0	0.0	0.0	0.0	0.0	0.0	0.0	0.0	0.0	0.0	0.0	0.0	0.0
958576.2354700656	-193.07003152603284	37276.03707346331	918868399207.9626	1534670.135107817	-16389.484164420282	2355212423591.8447	268615191.1757832	981342.305205865	-4717.737374111428	963032719986.761	22257045.931087792	1057640.200132194	942759.5957590428	1.470835	27.538654	0.1612570108606007	0.1128877229500365	-0.0443326943	0.101212009	0.0352181642	0.0556144282	-0.1880141373	-0.0218973958	0.1139242233	0.0445447484	-0.0283040746	-0.0574761421	0.0075851477	0.0124001516	-0.0971277451	0.0686849661	-0.1374321476	0.0449814209	0.0876157817	0.0021081886	0.0685342008	0.0282421825	-0.0175758078	-0.0168157609	0.0259816692	-0.014711066	-0.0104034033	0.073892035	-0.038229936	-0.0496650391	-0.0691211652	-0.0461585778	0.04550169	-0.0216110813	-0.0696477943	0.0234535128	0.0135845125	0.0138259924	-0.0712578709	-0.0068526354	0.0579132932	-0.0174050275	-0.13688924	0.0553564725	-0.1028649732	-0.0024545161	-0.0697800006	0.0404724164	-0.0636388271	-0.0274741429	0.1508918474	-0.0316233166	0.049888753	-0.1088375012	-0.0261159175	0.1106869307	0.0370807644	0.0862901333	0.010038456	-0.022329622	0.0131821562	-0.0739590541	0.044486392	-0.0243137935	-0.0087109292	-0.047720053	-0.0421341311	0.0773082019	-0.0632619964	0.0272186607	-0.0081689109	-0.009786581	0.0012578281	-0.0174136715	-0.0044446347	-0.0520684665	-0.0029681786	-0.0459477867	-0.004983078	-0.172309205	-0.1711493999	0.068131906	0.1846543081	-0.1332741722	0.0462191723	-0.0254903865	0.0075873089	-0.039790091	-0.1175341016	-0.0438551828	-0.0578550912	0.0493107006	0.0816636977	0.0962822372	-0.0581253241	-0.0535085223	-0.0285446659	-0.1180813289	-0.0276089194	-0.0674519277	-0.0938725742	-0.1250085979	0.0455674184	0.0355538027	-0.0562307872	0.0178436003	-0.0187314387	-0.1078005821	0.085810973	-0.0524223074	-0.0863751981929681	-4.7754548035100486e-05	0.0074606748628745	2.2804968580367197e-09	-0.1666274069840909	0.0094858507612229	0.0277646927582418	8.99813646641948e-05	-0.1004985910766294	0.0141343433691076	0.0100999668083875	0.0001997796624758	-0.0170309641605467	-0.0021479932435282	4.613874974242798e-06	0.0002900537402378	0.0040344389258495	-0.0001092037762929	1.6276697446409668e-05	1.1925464756629787e-08	-0.0047110163186088	-0.0004945842238236	2.219367475419841e-05	2.4461355445519333e-07	0.0	0.0	0.0	0.0	0.0	0.0	0.0	0.0	0.0	0.0	0.0	0.0	0.0	0.0	0.0	0.0	0.0	0.0	0.0
958756.3918940685	180.15642400283832	32456.337109490458	919213818997.7324	1545995.5856637466	11325.45055592968	2390102350891.791	128265830.29480793	981630.8123148696	288.5071090046549	963599051685.9508	83236.35194622383	1059355.3745858297	945680.0124177212	1.263885	23.663906	0.1834182531291165	0.0889250821634759	0.0567277631	-0.0203657846	-0.0759588659	0.0872543992	-0.0576492245	-0.0895719283	-0.0393352703	-0.0232594421	0.0782074368	-0.0344583388	0.1761846132	-0.0262589949	-0.1958359584	-0.1363315579	-0.0907968707	0.0410165701	0.069618137	-0.0717154222	-0.0804744802	-0.0264680576	-0.1900560852	-0.0639734839	-0.0125680085	-0.0244281318	-0.0887923747	0.1055600803	-0.0562811562	0.0295052502	-0.0319235456	0.0312964814	0.0139417698	-0.0802483614	-0.0433072526	0.0342983346	0.0926642949	0.1200841157	0.0321007852	-0.0631095762	0.1564055314	-0.1507829748	0.1081655883	0.0570842829	0.0414417747	-0.0220594391	0.0062699943	0.0693401841	0.084652907	-0.0782550879	-0.0505683986	0.0274528084	-0.0728149795	0.0764991232	0.0266724618	0.1783838888	-0.0252166822	-0.1096621757	0.0895020936	0.0971663598	-0.0073686222	-0.0990564669	0.0586233678	0.0479209476	-0.0278702168	0.1119248971	-0.0137195673	-0.0680547128	-0.0786673358	-0.0628787682	0.119484701	0.000219892	0.1685029388	-0.0119581038	0.0667027659	-0.1274966902	0.0025294391	-0.0731859977	-0.0972982967	-0.1253473836	0.0533301679	0.0988257286	-0.10373463	-0.1298711355	0.0106471272	-0.0306230999	0.0373148277	0.0293995398	0.0600076302	0.0031230705	-0.0806849292	-0.1535978052	-0.0329872403	0.0607326733	0.0565648275	-0.0472792223	-0.026287694	-0.1141424109	-0.0011643009	-0.0120474094	-0.0846881605	-0.0033334843	0.0156560979	-0.0213923563	0.1094418605	-0.0426851372	-0.0787699145	-0.108643553	0.0889712056	-0.0587790397	-0.0747900875173996	0.0115851106755685	0.0055935571908602	0.0001342147893651	-0.1422454926453582	0.0243819143387326	0.0202337801779206	0.0005944777468212	-0.0506726372724841	0.0498259538041453	0.0025677161681487	0.0024826256724928	-0.0183789259871538	-0.0013479618266071	1.8170010859899504e-06	0.0003377849204412	0.0041511582236775	0.000116719297828	1.723211459800534e-05	1.3623394485461478e-08	-0.0051988406803871	-0.0004878243617782	2.70279444200478e-05	2.379726079444053e-07	0.0	0.0	0.0	0.0	0.0	0.0	0.0	0.0	0.0	0.0	0.0	0.0	0.0	0.0	0.0	0.0	0.0	0.0	0.0
962523.8554370068	3767.463542938349	14193781.547369575	926452172285.32	1540019.2197607816	-5976.365902964957	2371659197232.6064	35716949.40612215	984697.654028436	3066.841713566449	969629469849.1056	9405518.096071197	1059122.443953681	940535.2378448924	1.370914	25.667824	0.3495139049916025	0.2019993986652803	-0.0644999064	0.0969755001	0.0087876741	0.005082425	-0.0376872429	-0.1456202581	0.0671472015	0.1370155136	-0.0454859269	-0.1429804333	-0.0437854653	-0.0435476946	0.0910889308	0.0923898424	-0.045822118	0.0218407802	-0.0290936987	-0.0221852543	-0.1814991229	-0.1067117198	-0.0229853771	0.0117868879	-0.0263054382	-0.0033624515	0.006622845	0.0664568698	0.0061923973	-0.0434447491	-0.0506086698	-0.0836009844	-0.1520874741	0.1370037742	0.0375581626	0.0517569989	0.076466457	-0.0136560845	-0.0349060206	-0.0271623253	0.1053202415	0.0487981505	0.1787263092	0.1109215631	-0.0622202385	-0.0008432914	-0.0576635931	-0.0112436936	0.0257591697	-0.0627322712	0.1081995568	0.0145886787	0.0378726313	-0.138222512	0.0323272375	0.0222292502	0.0503221738	-0.1672614391	0.0611142126	0.0329346308	0.0850507889	0.0549111742	0.0162402867	-0.0580677343	0.0710268088	0.0431736738	0.0806734863	0.0874778147	-0.0783809726	0.1047394001	0.0412635711	-0.1629506517	0.0090883407	-0.1478876396	0.1762023607	-0.0327966118	0.1450593489	0.0476065895	-0.1724900201	-0.0371928502	0.0168009436	-0.0207537087	0.0820913333	-0.0282328908	0.0500457857	0.0763059102	-0.0858621515	0.0096755601	-0.0827654618	-0.1320390662	-0.0218227976	0.0581105043	0.0108179245	0.0967247759	-0.169382653	-0.1469257091	-0.0720742395	-0.1249944033	0.111284714	-0.025757574	-0.1460884333	-0.0283915839	-0.0655958292	-0.1249576324	-0.0248188521	-0.1888771574	0.0105672236	-0.1094388693	0.0919753525	-0.0649037979	-0.0707778161667249	0.0040122713506746	0.0050094992613307	1.6098321391444945e-05	-0.1671944252521484	-0.0249489326067901	0.0279539758353962	0.0006224492382181	-0.1438129345083467	-0.0931402972358626	0.020682160131902	0.0086751149691848	-0.0148916806963342	0.0034872452908196	1.2160879718343484e-05	0.0002217621539615	0.0037430827901747	-0.0004080754335028	1.4010668774102017e-05	1.665255594284985e-07	-0.004545913328744	0.000652927351643	2.066532799245236e-05	4.2631412652367166e-07	0.0	0.0	0.0	0.0	0.0	0.0	0.0	0.0	0.0	0.0	0.0	0.0	0.0	0.0	0.0	0.0	0.0	0.0	0.0
966647.4958723546	4123.640435347799	17004410.440035388	934407381276.2938	1547068.9503874662	7049.7306266846135	2393422337252.9766	49698701.90881504	983371.3490447276	-1326.3049837084254	967019210122.0476	1759084.9098098066	1059798.4501009895	961770.0821271088	1.449952	27.147654	0.2398498385835231	0.1162215276931008	0.137470615	-0.0824204924	0.0605454183	0.109159932	0.0401613653	-0.1352869302	-0.0578245816	-0.1375128234	0.0263177203	-0.1589262526	0.0393112377	0.0439522757	0.0319991414	-0.107887422	-0.0394994462	-0.0207149038	-0.002981361	-0.032678331	0.0778431478	-0.0646696563	0.0023849584	-0.0748304538	-0.0933423421	0.0132584256	0.0058441631	0.2251672452	-0.059362718	-0.0712104982	-0.0148617385	-0.0429018261	-0.0237733252	-0.0531765434	0.1232769863	-0.0714112739	0.0429607535	0.0317644093	-0.0831644253	-0.2350115727	0.0697304615	0.0965243751	0.0582726022	0.0855310826	-0.0845017816	-0.0916340696	0.0103362621	0.0200767388	-0.0064558453	0.1490134088	-0.0830173599	-0.1227488997	0.0230388965	0.0740201772	-0.0584317012	0.0778155164	-0.0589599024	-0.0588228101	-0.0787343807	0.0992183453	0.0659415292	0.0197198655	0.1163435285	-0.0877792882	-0.0469316179	-0.128426153	0.0489321944	-0.0050689141	-0.2027323228	0.0384904014	0.0712361717	-0.0814303384	0.1560012982	-0.1136711518	-0.1423122263	-0.0573050102	-0.0786212875	0.1021465418	0.0559143212	-0.1293682943	-0.0087108259	-0.0284882135	-0.2472205491	-0.0310877137	0.0306073061	0.0504985814	0.0578017428	-0.0812951383	0.0352798699	-0.1536968695	-0.025175925	-0.1828974154	0.061330276	0.122717223	0.062764853	-0.1498186789	-0.0473620506	-0.100551184	0.0422613881	-0.0859556851	-0.1626805333	0.0082092316	-0.2652677699	0.0123803841	0.1158421753	0.0274110685	-0.1701806383	-0.1101861821	0.0948181434	-0.0707724105	-0.0529518265572619	0.017825989609463	0.0028038959357503	0.0003177659055566	-0.1003676853561756	0.0668267398959727	0.0100736722637562	0.004465813165124	-0.1011003653149344	0.0427125691934123	0.0102212838668131	0.001824363567102	-0.0167308415513607	-0.0018391608550265	3.382512650661808e-06	0.0002799210590167	0.0035909718776347	-0.00015211091254	1.289507902596328e-05	2.3137729713751583e-08	-0.004804332358871	-0.000258419030127	2.308160941449499e-05	6.678039513177937e-08	0.0	0.0	0.0	0.0	0.0	0.0	0.0	0.0	0.0	0.0	0.0	0.0	0.0	0.0	0.0	0.0	0.0	0.0	0.0
963870.8374772848	-2776.658395069768	7709831.842911418	929046991339.1624	1551404.3578167115	4335.407429245301	2406855481452.683	18795757.577555347	986962.8858856636	3591.536840935936	974095738115.7572	12899136.879800083	1064284.76912559	983891.9138008852	1.408826	26.377661	0.2083073590392537	0.1041669386732055	-0.0447358342	-0.1482266656	0.1629865131	0.0027984977	0.0201305868	0.07010892	-0.0731420026	-0.0543221471	0.0608280867	-0.0152455637	-0.1562905487	-0.0030079848	0.0379509085	-0.0067626485	0.1141822006	0.0573468759	0.0192682772	-0.0366773716	0.063616783	-0.0423391197	0.1159009629	-0.0396387104	-0.0118761843	-0.0032239648	0.0769346582	0.1106136901	0.0028059854	-0.06116922	0.1133282321	0.0347081958	-0.064112694	-0.0749246048	-0.0820725314	0.0170653379	-0.0753849052	-0.220891016	0.1235925748	-0.2173685144	-0.0061378614	0.0179022767	0.069152187	0.0541421059	0.0515399393	0.1144594236	0.0392546098	0.0137313389	0.1321178451	-0.1817262495	0.0686857984	-0.0330170129	-0.0439890553	0.0483201959	0.0610805006	-0.0384941093	-0.0290480376	0.0987087361	-0.0649547864	0.020433002	0.0793686741	0.0729784725	0.0365703367	-0.0460535548	0.0292298626	-0.0466982335	0.0351885965	-0.0421673263	0.0073350021	0.0602546242	-0.005572428	-0.0889441807	0.1836552631	0.0167734038	0.0704482296	-0.0090286482	-0.0776392777	-0.0415092531	-0.0667681606	0.1773536034	0.0942986163	0.0349980199	0.1023331969	0.0049228301	0.0396373717	0.0754326999	-0.1505983498	-0.0126746306	0.0238192246	-0.03734085	-0.0075539924	-0.0242845885	0.1394657408	0.0391941267	-0.0564359058	-0.0633254926	0.1871189904	-0.0186036652	0.0598479282	0.0023030402	-0.0736626038	-0.0008309444	-0.2026420839	-0.1278650666	0.0549423413	-0.0824522952	0.0405139876	-0.1108851636	0.097494591	-0.0763617167	-0.0626293614819246	-0.0096775349246627	0.0039224369196335	9.365468221806648e-05	-0.1616107292305173	-0.0612430438743417	0.0261180278024195	0.0037507104229945	-0.1151680436882287	-0.0140676783732942	0.0132636782869737	0.0001978995748144	-0.015013943729813	0.0017168978215476	2.9477381296352373e-06	0.0002254185063219	0.0034670872393745	-0.0001238846382601	1.2020693925433493e-05	1.5347403596860556e-08	-0.0041787327813398	0.0006255995775312	1.7461807657843865e-05	3.91374831407216e-07	0.0	0.0	0.0	0.0	0.0	0.0	0.0	0.0	0.0	0.0	0.0	0.0	0.0	0.0	0.0	0.0	0.0	0.0	0.0
958724.3687526748	-5146.468724610051	26486140.333389405	919152415240.2148	1544307.3405491917	-7097.017267519841	2384885162074.117	50367654.09547479	982881.2529250592	-4081.6329606043873	966055557351.5342	16659727.625092136	1061356.602070284	969011.0819986728	1.230887	23.04608	0.1998354408174592	0.0965088492757648	-0.0103181886	0.0246148739	0.0799580859	0.027430187	-0.0482546437	0.1591509031	0.0350316931	-0.05273318	0.0131214234	0.0923820909	-0.1563586532	-0.0250812275	-0.0927049592	0.0374243492	-0.0564654514	0.0503573522	0.0362436478	0.0426146275	0.1801859942	0.0684133689	0.0399908675	-0.0702032594	0.0008194906	-0.0543037767	0.0028246277	0.0856573518	0.0377353397	0.0617677175	0.0223233739	-0.0581754658	-0.1997823375	-0.0511761441	0.0393967513	-0.1381697766	-0.0027078809	0.0163710178	-0.0796683354	-0.0316599482	0.028539789	0.0122194352	-0.0506247992	0.0257572068	0.0786831015	0.0874445351	-0.0264220495	0.0659903936	0.0670056314	0.1971797211	0.0688494853	-0.1223524583	0.003419452	-0.0233195037	-0.0108019783	0.0234881937	-0.0006682638	0.1887256086	-0.1085318821	-0.0270166118	-0.0068121723	-0.0581043798	0.0348233664	0.0126204247	0.0428864811	0.0438625025	-0.0114490325	0.0677208126	-0.0360999249	-0.0352679401	0.1212130931	-0.0487967545	0.149599789	-0.0510757191	-0.0867810817	0.1305666378	0.0726594855	0.1109839523	0.0972202034	-0.0798547437	-0.0546089835	0.0008966794	-0.103136882	-0.0218522613	0.0216043377	0.0157760234	0.0302814236	-0.0283545171	-0.1075361121	0.0345264419	-0.0301476643	-0.0212047699	0.1464984777	-0.0142494719	0.0174069772	0.0759154859	0.1052718997	-0.052365168	0.0643722554	-0.0213293969	-0.0694639101	-0.1230941468	-0.3081570885	-0.0206905932	0.1038172681	-0.0469783222	0.12094829	-0.1115355072	0.1	-0.0816496581	-0.0584959736695367	0.0041333878123879	0.0034217789355471	1.7084894807596906e-05	-0.1194634110255066	0.0421473182050107	0.0142715065738491	0.0017763964318744	-0.040202438924183	0.0749656047640456	0.0016162360954526	0.0056198418976391	-0.0157560008074343	-0.0007420570776212	5.506487064478627e-07	0.0002482515614438	0.0036696200085679	0.0002025327691934	1.3466111007281874e-05	4.1019522597147044e-08	-0.0048059255352454	-0.0006271927539055	2.3096920250323783e-05	3.933707505516903e-07	0.0	0.0	0.0	0.0	0.0	0.0	0.0	0.0	0.0	0.0	0.0	0.0	0.0	0.0	0.0	0.0	0.0	0.0	0.0
957268.5891964956	-1455.7795561791863	2119294.116189269	916363151862.249	1531789.3070249327	-12518.033524258994	2346378481115.924	156701163.31447205	983052.9604931872	171.7075681280112	966393123134.4198	29483.488952435604	1061345.753775758	954084.8133467536	1.226595	22.965717	0.3652680442840835	0.1804414785863318	0.0371301781	0.163982392	-0.0279515974	0.0688833225	0.021913443	0.1901518273	0.1411816562	-0.0141556989	-0.0771872832	0.1224655878	0.0216001411	0.1598268239	-0.0195432513	0.0482966624	-0.1260634103	-0.0357947021	0.0115262972	-0.0649086475	0.0469442867	0.0606775541	0.0624070916	0.0181735567	0.0661684875	0.0153303241	-0.0086113378	-0.1882489624	-0.0844962959	0.0377940205	-0.0398748642	0.0114382924	-0.0777463901	0.0695081231	-0.022369307	-0.0037389556	0.1680796687	0.1248983941	-0.1074620907	0.1773900191	-0.080917031	-0.1223965791	0.0722452698	0.1433185969	-0.1137103098	-0.0654487611	-0.0136276619	0.0046455713	-0.0452535471	-0.0583006008	0.0844063173	0.0190555618	-0.0876981268	-0.0674164356	-0.119524504	0.0302418248	0.0943049238	0.1507375336	0.1010372248	-0.0161823627	-0.0943323131	0.0314128479	-0.0773898624	0.0303714778	0.0039652634	-0.0286005611	-0.1552207193	0.1007237587	0.1795010173	-0.0928956502	-0.0442315747	-0.0260457228	-0.1459465077	0.051452262	0.0306263197	-0.0672399788	0.0721770796	0.0992599923	0.0191446816	-0.1150897111	-0.0316485158	0.0324839458	-0.0851418211	-0.120627445	-0.0045392998	-0.0726882611	0.1012706948	0.0699224241	-0.0735233861	0.010790948	0.03555818	0.0867792567	0.0229277279	-0.1038180562	-0.0892013586	0.0916503051	0.0109944928	0.0600025287	-0.0357088301	0.0209223825	0.01047307	-0.1147971414	0.0411110175	0.0868775642	-0.2419855682	0.0785376931	-0.0359060571	-0.1121369276	0.102329975	-0.0866153656	-0.1175591400848361	-0.0590631664152994	0.0138201514174861	0.0034884576270013	-0.2017258273493638	-0.0822624163238572	0.0406933094197853	0.0067671051394396	-0.0959768180722449	-0.0557743791480618	0.0092115496072727	0.0031107813693517	-0.0175582023668572	-0.0018022015594229	3.247930460786333e-06	0.0003082904703555	0.0051009874113447	0.0014313674027768	2.6020072570697103e-05	2.048812641732002e-06	-0.0046761328495078	0.0001297926857375	2.1866218426245942e-05	1.6846141270979296e-08	0.0	0.0	0.0	0.0	0.0	0.0	0.0	0.0	0.0	0.0	0.0	0.0	0.0	0.0	0.0	0.0	0.0	0.0	0.0
956364.7161378152	-903.873058680445	816986.5062083431	914633470273.3638	1536421.8667452831	4632.559720350429	2360592152613.0605	21460609.56261325	979286.9399066943	-3766.020586492843	959002910671.8176	14182911.057887897	1057928.4621388777	938579.5242892462	1.244455	23.300119	0.2400976958038194	0.1164466864750287	0.1063110893	0.0487377188	-0.1151355191	0.0864372327	-0.0774564174	0.1085837779	0.0840879166	-0.0498578184	-0.0566708572	0.1287455765	0.0698390196	0.1200692166	-0.0740519206	-0.0932014345	-0.1867106214	-0.0018378698	-0.0298232095	0.0384682391	-0.024009329	0.15108743	0.0585677676	-0.0641158495	0.0436814757	0.051547824	0.0099176652	-0.0010496106	0.0590870744	0.102812505	-0.11126588	-0.0075976815	0.0017142606	0.0349950912	-0.0039165147	0.1320593003	-0.0820947685	-0.0070096567	-0.2070422706	0.0924680384	-0.0273700224	0.065878831	-0.090999443	0.058750763	-0.0539234555	-0.0241457736	-0.0461891895	0.0352945763	-0.1341002382	0.0457315685	-0.1597747637	-0.0274454337	-0.0835289524	0.0241713847	-0.1344036214	0.1230484026	0.0842529502	0.001026964	-0.0190469053	-0.0815711423	-0.0980412574	0.0491437699	0.0640240724	0.0634938852	-0.0136429967	-0.0177047066	0.1193711409	0.0963609967	-0.0769320629	-0.0281351733	0.010601189	0.1357951003	-0.0310734255	-0.002359916	0.0503153723	0.0436100082	0.0121477504	-0.0895293166	0.0821087978	-0.0571453818	-0.1194249266	-0.0535970148	-0.0780855377	-0.1487794633	-0.0326812969	-0.1132471843	0.1199540162	-0.0253829843	0.0574490587	0.0001025783	-0.0454685996	0.0331021967	-0.0059176741	-0.0565474764	0.0777546227	0.0564553261	-0.0826512319	0.0215019506	-0.0192134456	-0.0896378825	-0.0120725795	0.0020412869	0.0566670498	0.0264921462	-0.11130696	0.098584378	-0.0732992198	-0.112689161	0.1044804285	-0.0912392418	-0.103218972812769	0.0143401672720671	0.0106541563485231	0.0002056403973908	-0.1730968195341518	0.028629007815212	0.0299625089328387	0.0008196200884834	-0.0591969366667797	0.0367798814054651	0.0035042773107307	0.0013527596762	-0.0194095464114062	-0.001851344044549	3.4274747712870542e-06	0.0003767304918965	0.005357616625196	0.0002566292138512	2.8704055902576576e-05	6.585855340193623e-08	-0.005775132377329	-0.0010989995278211	3.335215397567371e-05	1.20779996215122e-06	0.0	0.0	0.0	0.0	0.0	0.0	0.0	0.0	0.0	0.0	0.0	0.0	0.0	0.0	0.0	0.0	0.0	0.0	0.0
956877.7652520846	513.0491142694373	263219.3936526541	915615057633.8236	1541936.815616577	5514.948871293804	2377569143353.7896	30414661.0529848	981778.1435130332	2491.2036063388223	963888323079.898	6206095.408235554	1061314.2573569303	933808.4984962136	1.235319	23.129065	0.229220452162921	0.1073590060754528	-0.0348311537	-0.0382806034	-0.1537170236	0.087986924	-0.0021656674	0.0364652545	-0.059836122	0.0715732304	0.0703147417	0.1236705332	0.1435312622	0.1625592102	0.0134841945	-0.1326822457	-0.0213211392	0.1259453332	0.0853044995	-0.0810759141	-0.0826216999	0.0618269408	-0.0219250508	-0.0160643322	0.1195757416	0.0058823504	-0.0315473472	-0.1761395968	0.1100832931	0.0773954926	-0.0044039066	0.0482742702	0.0918070799	0.0851531717	-0.0883895511	0.0860081016	0.0246870215	-0.1523097542	0.0378336746	-0.0284728651	-0.0351523359	-0.1202402197	-0.0180800863	0.0133853615	-0.0408878813	0.0459342522	0.0929443291	0.0929065096	0.0054484232	-0.0085090314	-0.1621867608	-0.0294864014	0.076094176	0.1038939618	0.0822718204	0.1186267845	0.1226639196	0.0290650172	0.148922658	-0.0540338509	-0.0317665285	-0.0294005897	-0.0310568684	0.0704253975	-0.1134031258	0.0293311036	0.0530744705	-0.0319684314	0.0502312988	0.0266867795	-0.1658905977	0.1156279214	-0.1402440319	0.0039620731	-0.0182296102	-0.0926703948	0.0904874362	-0.1165213629	-0.0696952043	0.12117429	0.0296308129	0.1114052752	0.0320626613	-0.1488763412	-0.0389641664	-0.0890207968	-0.0675475834	-0.0052323983	0.0911150467	0.0506896551	0.0078137068	0.0681630561	-0.0826772744	-0.0785446186	-0.0549258224	-0.0324058293	-0.0130568585	0.0319083109	-0.0931948176	0.0177065079	0.0965419587	0.0015641585	0.1271163056	-0.0065657508	-0.183213201	0.0378315276	0.0263403357	-0.1131919653	0.1064475877	-0.0955030384	-0.1112212481101693	-0.0080022752974003	0.0123701660311838	6.403640993538309e-05	-0.2521358585820792	-0.0790390390479274	0.0635724911829222	0.0062471696936197	-0.111845565629693	-0.0526486289629133	0.0125094305510259	0.0027718781316745	-0.0189623841023622	0.0004471623090439	1.9995413062956146e-07	0.0003595720108455	0.0059658927725703	0.0006082761473742	3.559187657380654e-05	3.69999871464521e-07	-0.0050399606566537	0.0007351717206753	2.5401203420617197e-05	5.40477458880682e-07	0.0	0.0	0.0	0.0	0.0	0.0	0.0	0.0	0.0	0.0	0.0	0.0	0.0	0.0	0.0	0.0	0.0	0.0	0.0
960226.8634941666	3349.098242082051	11216459.035117084	922035629375.845	1536314.7724056605	-5622.043210916454	2360263079911.8564	31607369.865411792	982183.7246741706	405.5811611374375	964684869014.8268	164496.078269592	1057023.940543868	928748.1760215174	1.132637	21.206532	0.1818626482639322	0.1140501508339117	-0.1115178795	0.0341005905	-0.0691223704	0.0564562432	-0.0420319243	-0.0461634456	0.0620439873	0.1190364712	0.0534362875	-0.0515581825	0.0736349435	0.0516395686	-0.0360696924	0.0405664752	-0.0745979499	0.1316021809	0.0226496595	-0.0234011071	-0.1438866637	0.0721317845	-0.0785477651	0.0084496277	-0.0157120557	0.0474803171	0.0173560831	-0.0328914328	0.0427316463	-0.0003341025	-0.0942840461	-0.0999422339	-0.0543121261	-0.0147375606	-0.1431091263	0.0415088632	-0.0314188679	-0.0244557356	-0.0278954297	0.0160941159	0.0220251171	0.0329175261	0.0037087807	0.0297534041	0.0470774974	-0.0455119829	-0.0508985396	-0.0619665229	-0.0563300327	0.1520473078	-0.004467138	-0.0573192962	-0.0074611536	-0.0865192902	0.100136748	0.1289660691	0.070491694	-0.1081891559	0.0139920556	-0.0115324092	-0.0672023529	0.0007560489	0.092939474	0.0192809725	0.0092568222	0.0145965917	0.1373094349	0.0216471364	-0.0721165827	0.1402925902	-0.0547981071	0.0968755349	0.0113246289	0.0183855426	0.0379927514	0.0672033769	0.0526619522	0.0328124545	-0.0046770084	0.0790743736	-0.0412180242	-0.002989003	0.0297499565	-0.1252890016	-0.0323842009	-0.0859087862	-0.0254811413	-0.0901926701	-0.0490854992	0.0161405046	0.0307428459	0.0500223586	-0.0373578981	0.0053444042	0.0731532039	0.0201690886	-0.1315255742	-0.0414243375	0.0213931001	-0.0137053299	0.0149770716	0.0143072571	0.0348735766	-0.0059742227	-0.0450627292	0.0565334134	-0.0225579701	-0.1136451198	0.1082280018	-0.0993899282	-0.0931915406115848	0.0180297074985845	0.0086846632415606	0.0003250703524845	-0.1476961479793033	0.1044397106027759	0.0218141521279242	0.0109076531507915	-0.0746516975174813	0.0371938681122117	0.0055728759422415	0.0013833838251485	-0.0189392534631186	2.313063924360217e-05	5.35026471817669e-10	0.0003586953217402	0.0057719638386348	-0.0001939289339354	3.331556655450778e-05	3.760843141735936e-08	-0.0052668883244818	-0.0002269276678281	2.7740112622562703e-05	5.149616642590056e-08	0.0	0.0	0.0	0.0	0.0	0.0	0.0	0.0	0.0	0.0	0.0	0.0	0.0	0.0	0.0	0.0	0.0	0.0	0.0
961946.4393694956	1719.57587532897	2956941.191013394	925340952215.6506	1542919.7192553908	6604.946849730331	2380601260067.134	43625322.88776263	987064.324792654	4880.600118483417	974295981278.378	23820257.51654034	1062532.2875377291	942645.9740981276	1.212943	22.71011	0.1697628211703654	0.0760635988046566	-0.0067274589	0.1383928186	-0.0109452486	0.08212359	0.0971039663	-0.056460942	0.0454744902	0.0254976272	-0.0197907229	-0.1510761529	0.0200316187	0.0356286843	-0.0420061665	0.1035605116	-0.042156864	-0.0254416167	-0.0526427012	-0.1659375949	-0.0477187497	-0.0173337424	-0.0702137393	0.0051244993	-0.067794863	0.0311229696	-0.0334517482	-0.0427026096	-0.1158993861	0.0100667865	0.0630057046	-0.0567140402	-0.0351310951	-0.0696465604	-0.0972026159	0.0287435999	0.1472618532	0.0154829352	0.1474861592	-0.0186434296	0.0826560571	0.0096216586	0.1121987466	0.0490204828	-0.0042957312	-0.0225030417	-0.0741124838	0.0614824364	-0.0399104579	0.0314530308	0.1052165716	-0.1537809165	0.0658553669	-0.1113848541	-0.0156835256	-0.0109652582	0.028488821	-0.0538107191	0.077276847	0.1665533012	-0.0233014054	0.0308871858	0.0695756338	0.0014743798	0.0236060439	-0.0004659426	-0.0127153076	-0.0543406475	0.087356133	0.0418536185	-0.005417948	-0.025325847	0.0429322894	-0.059065132	0.1328136467	-0.0985700109	0.0092580117	0.0855592202	-0.0767085598	-0.1380105542	0.0861635034	0.0262616588	0.1350192064	-0.083861531	-0.0294637049	-0.0383443755	0.0432111846	0.073449322	-0.029844324	-0.0455954254	0.1272839536	-0.0473784596	-0.0905827857	0.0066323177	-0.0699635281	-0.0493636319	0.025259585	0.0045573949	0.0036333702	0.1422515042	0.0238727263	-0.0123382313	0.00110454	0.0274655114	-0.0234181593	-0.0644018459	-0.1215464366	-0.1140484259	0.1098185471	-0.1028845713	-0.1002039545996495	-0.0070124139880646	0.0100408325174086	4.917394994000539e-05	-0.1683267236537631	-0.0206305756744598	0.0283338858960103	0.0004256206526596	-0.0989579854849722	-0.0243062879674909	0.0097926828912439	0.0005907956347585	-0.0179088746138237	0.0010303788492949	1.0616805730742828e-06	0.0003207277899336	0.0048792168813007	-0.000892746957334	2.380675737476973e-05	7.96997129829293e-07	-0.0048337432603038	0.0004331450641779	2.3365073906532408e-05	1.876146466217637e-07	0.0	0.0	0.0	0.0	0.0	0.0	0.0	0.0	0.0	0.0	0.0	0.0	0.0	0.0	0.0	0.0	0.0	0.0	0.0
963961.8535541496	2015.4141846540151	4061894.335704608	929222455107.5518	1553826.3059299192	10906.58667452843	2414376188999.819	118953632.8890011	985978.953199052	-1085.3715936020017	972154496151.4984	1178031.4961981487	1064596.232153799	960116.3336029364	1.423164	26.646099	0.1708306432042104	0.1084906908063493	0.1033483481	-0.0928517864	0.0076914199	0.1737692224	-0.057208946	-0.0594454405	-0.1162053147	-0.1122872552	0.032370195	-0.0780954807	0.0076501515	0.0177511511	-0.1335591403	-0.1027924402	0.0174631174	0.0125761738	-0.0190724326	-0.1293620776	0.0743738982	-0.019859164	-0.0930244908	-0.100018309	-0.1274767884	0.0067579616	0.0689585227	0.0656684795	-0.0300366472	0.037912624	0.0749282533	-0.0223145325	0.0555104978	-0.0151528035	-0.0310504114	-0.0453127356	0.0687388684	-0.0425785552	0.0562669756	0.0076059536	-0.017562047	0.122260741	-0.0067900255	-0.121012403	-0.0338648397	0.0040369366	0.0453175328	-0.0653816406	-0.0054099525	-0.0339018234	-0.1038393786	0.0606273792	-0.0010887834	0.1302385836	-0.0059345	0.0427462311	-0.0305605556	0.0174554102	-0.0121180369	0.1707743386	0.0010130621	-0.0545786658	0.1564665653	-0.0503145806	0.0377885243	-0.0281126496	0.062568908	-0.0147046682	0.0885828867	-0.0282657001	0.0347236057	-0.0332245008	0.0304765789	0.034069461	-0.0514461872	-0.0722257273	-0.0080655612	0.1023386212	0.0848688163	0.0129491497	0.0648108033	-0.0082816398	-0.0073335497	-0.1235663913	-0.0525989361	-0.0661235139	-0.0158855425	-0.0980441598	0.1291683203	-0.1150076851	0.0423642975	-0.0089014937	-0.0212343951	0.1121483075	0.0889958753	-0.0458215502	-0.017506801	-0.0431995798	0.0299370269	0.0006223072	-0.0190960606	0.1077856417	0.024215969	0.0262337818	0.0373369542	0.0694997699	-0.1576571257	-0.1144017065	0.1112164334	-0.105973176	-0.0927731276878915	0.0074308269117579	0.0086068532209938	5.521718859250679e-05	-0.1520035936223251	0.016323130031438	0.0231050924741009	0.0002664445740232	-0.1103947999167616	-0.0114368144317894	0.0121870118486618	0.0001308007243471	-0.0199466427464327	-0.002037768132609	4.1524989622767815e-06	0.0003978685568538	0.0054523194487452	0.0005731025674444	2.972778737116516e-05	3.284465528114767e-07	-0.0049356699968348	-0.0001019267365309	2.4360838317655237e-05	1.0389059619859856e-08	0.0	0.0	0.0	0.0	0.0	0.0	0.0	0.0	0.0	0.0	0.0	0.0	0.0	0.0	0.0	0.0	0.0	0.0	0.0
962983.2901077564	-978.5634463932364	957586.4186170088	927336817026.7592	1554692.546580189	866.2406502696685	2417068914391.9927	750372.8641796182	986698.6385515404	719.6853524884209	973574203319.4636	517947.0065863826	1066230.420719011	975837.4633252352	1.341524	25.11754	0.1317841360434838	0.065859732131599	-0.027202659	-0.1200248942	0.0858566803	0.0987573162	0.0873623217	0.0890335374	-0.0871146486	-0.0411978845	0.040468217	0.0079292567	-0.1021728303	0.0774725782	-0.1243134217	-0.0336909755	0.0726974023	0.0608725017	0.0242107778	-0.136144614	0.1287666315	0.0100735042	-0.03359821	-0.1314874549	0.0116239056	0.0315987125	0.069215852	0.0305719837	-0.0066136389	0.0180744249	0.0738435127	0.0105386058	0.1009828653	-0.0212517953	0.0977852391	0.0295276841	-0.1181165668	-0.0208200076	0.0826410359	0.1631381515	-0.0696363604	-0.0171431805	-0.0089342718	-0.1809856125	0.0801472418	-0.0287865233	0.1877879293	-0.0135409917	0.0006252683	-0.0608736659	-0.0864275929	0.1472885579	-0.0148769912	0.0813733297	0.0436858725	-0.0160666717	-0.0033633457	0.1290010869	-0.0112981713	0.1266276786	0.0101410597	-0.0588715868	0.1218423066	0.0594416309	-0.0485762463	-0.0775210508	0.0233808624	-0.1152459435	0.0579684951	-0.0414206167	0.0472588987	0.0529727562	-0.0267801819	0.0935048307	0.0528827964	0.0246443924	-0.105450784	-0.1382949572	0.1220244039	0.1761911704	0.0676401884	-0.0542791961	-0.0359443013	-0.1039896881	-0.0582292845	-0.0779949764	-0.0130610131	-0.0070740554	0.0597112037	0.0359312624	0.0560728879	-0.1326992425	-0.0176399843	0.0125627834	0.0886613771	0.0319105293	0.1169813843	0.1455797273	-0.0434895682	0.0331298298	0.0753203101	0.0831805187	0.0266359798	-0.0529000868	0.1073371308	-0.0030348559	0.0093310475	-0.1147048067	0.1124192083	-0.108643553	-0.0919217872055639	0.0008513404823276	0.0084496149630649	7.247806168497914e-07	-0.1901144433180945	-0.0381108496957693	0.0361435015581489	0.0014524368645335	-0.0641856149242698	0.0462091849924918	0.0041197931632066	0.0021352887776703	-0.0193963714237048	0.0005502713227279	3.0279852861671425e-07	0.0003762192244063	0.0051799650394079	-0.0002723544093373	2.6832037809488084e-05	7.417692428546956e-08	-0.0050452994822275	-0.0001096294853926	2.545504686536508e-05	1.2018624067468217e-08	0.0	0.0	0.0	0.0	0.0	0.0	0.0	0.0	0.0	0.0	0.0	0.0	0.0	0.0	0.0	0.0	0.0	0.0	0.0
958753.1134768672	-4230.176630889182	17894394.32852095	919207532601.5864	1549277.7141172506	-5414.83246293827	2400261435460.373	29320410.60169013	984338.728228673	-2359.9103228674503	968922731890.8412	5569176.731976354	1063749.770176618	964153.366885944	1.278416	23.935974	0.1698233100098509	0.0939442653768939	-0.0653991047	-0.0631591753	0.0535358182	0.0383817581	-0.1226421904	0.1353076235	-0.0288994867	-0.0114746605	0.0063687337	0.0629775347	-0.1265437363	0.021139062	-0.035671199	0.0705121553	0.0046019894	0.1149865771	-0.013282322	-0.0049585848	0.0342918708	0.1444497581	0.0375925949	-0.0233332967	-0.0470960786	0.0173254825	0.1756400108	-0.0131353149	-0.0405520077	0.0393142099	0.0848366744	-0.0114974655	0.0152738928	-0.0255961814	-0.0566891708	-0.0590743671	-0.2318741982	0.0616763936	0.045408667	-0.1151467403	-0.0521524105	-0.0494920136	-0.0357153068	-0.0358872282	-0.154807941	-0.0482645996	-0.0560459817	-0.1172208293	0.0656565166	-0.035602751	0.0145300892	0.1232152158	-0.0254592788	-0.0019585414	0.0458722664	-0.0294068672	0.0849266861	0.1840004945	-0.0921662631	-0.0279745639	-0.0652328472	-0.0106424335	0.1005819489	-0.0183480969	0.0741326686	0.0361505636	0.0638083054	0.0285181301	0.1632614714	0.1071731872	0.074077027	0.0399791293	0.0071042594	0.0179717768	-0.1074318787	0.0964211726	-0.1604696231	0.0343894587	-0.1251335667	0.1151076242	0.0142387792	0.0935897574	0.0550260276	-0.0795130922	-0.0355054664	-0.0535319282	-0.0997115567	-0.0386166211	0.0125650574	0.032707861	0.0242691608	0.0710344768	0.0521219902	0.0307374436	0.0042304322	0.0908025671	0.1226030069	0.022910578	0.0485328092	0.0044877112	0.0598644164	0.0823113065	-0.0041766988	-0.0506471681	0.1284042666	-0.0541837013	0.040178025	-0.1149575937	0.1134247617	-0.1108851636	-0.0850564067806232	0.0068653804249406	0.0072345923344308	4.713344837915892e-05	-0.2378494425633022	-0.0477349992452077	0.0565723573276735	0.0022786301529399	-0.0753882347269723	-0.0112026198027024	0.005683385935249	0.0001254986904439	-0.0176928152273745	0.0017035561963303	2.902103714055364e-06	0.00031303571067	0.004843918337023	-0.0003360467023848	2.3463544855747663e-05	1.1292738618376545e-07	-0.0050861027942523	-4.080331202479994e-05	2.586844163370105e-05	1.6649102721931835e-09	0.0	0.0	0.0	0.0	0.0	0.0	0.0	0.0	0.0	0.0	0.0	0.0	0.0	0.0	0.0	0.0	0.0	0.0	0.0
955453.7881221004	-3299.325354766799	10885547.796607064	912891941236.8716	1544280.178824124	-4997.535293126712	2384801270709.0684	24975359.00604709	982924.7236374408	-1414.0045912321657	966141012337.7394	1999408.984025644	1061151.4746973154	944008.4253943196	1.183001	22.14949	0.1780439865927454	0.0851076786532488	-0.0782927192	0.0938924765	-0.0007213696	0.0304199856	-0.0326647134	0.1410237236	0.0524728744	0.0113062998	-0.0217814173	0.0930544179	-0.0902917597	0.0338954868	-0.2124222131	0.0661398442	-0.0620037513	0.0703253695	0.0075054534	-0.0197812037	-0.0145620966	0.121296234	-0.0393983178	-0.029045594	-0.0809581131	0.0391604189	0.0508249154	0.0246726641	-0.0341066445	0.0058966983	0.0066998669	-0.0378721034	-0.0325475511	-0.0601801616	-0.0371891842	-0.0484692353	-0.108294575	0.1491158045	0.0543863442	0.0663858848	-0.0591011777	0.069232831	0.0406751514	-0.0794238619	0.1905702495	0.0409025922	0.0374722834	-0.0050256239	0.0658678104	-0.097912033	0.1859562837	0.0071788766	-0.0844800653	-0.059401497	0.0225018354	0.0407690887	0.0423655538	0.0881599117	-0.0487820855	-0.0067676317	-0.1294516537	-0.0607498961	0.1238820867	0.0603569873	0.0868703327	0.0626509663	-0.0035410699	-0.0065378835	-0.0130614586	-0.0676477152	0.1275051543	0.0613388503	0.0755598781	0.1091383749	0.0304957362	0.0617839617	-0.0274048322	0.0066826218	0.0376685891	-0.0677253136	-0.0213121953	-0.1269036839	-0.0176350971	-0.0798873561	-0.0576056849	-0.0900532164	0.0478391314	0.004404081	-0.0791315387	0.0870716324	0.0071879579	-0.025068455	-0.0105068724	-0.0420822625	0.0973073864	0.1462647094	0.0996870518	0.0319955658	0.0008948498	-0.0304262269	0.0903948906	0.0518139282	0.0125733524	-0.0051437134	0.2176878086	-0.0948463121	0.1503775622	-0.1151599564	0.1142313295	-0.112689161	-0.0770531737043569	0.0080032330762663	0.0059371915779137	6.405173967304313e-05	-0.1862169161789353	0.0516325263843669	0.0346767398711926	0.0026659177808323	-0.0180765090689902	0.0573117256579821	0.0003267601801212	0.0032846338978958	-0.0184839635471227	-0.0007911483197482	6.259156638404034e-07	0.0003416569084113	0.0045380919890729	-0.00030582634795	2.059427890128763e-05	9.352975510049543e-08	-0.0052110581560366	-0.0001249553617842	2.7155127105595566e-05	1.5613842438645292e-08	0.0	0.0	0.0	0.0	0.0	0.0	0.0	0.0	0.0	0.0	0.0	0.0	0.0	0.0	0.0	0.0	0.0	0.0	0.0
956134.7019900696	680.9138679691823	463643.69559275307	914193568349.6392	1536019.307698787	-8260.87112533697	2359355313623.461	68241991.74942608	981782.9169505332	-1141.8066869076574	963897696015.8976	1303722.5102670412	1060636.9211732508	929915.9821303042	1.250601	23.415186	0.1242166500587849	0.0731945172492331	0.0947902156	0.1148754126	-0.1262535203	0.0554905734	0.0119911245	0.0369744798	0.0880760133	0.0123614848	-0.0884482056	0.0779731379	0.0982295615	0.1465604807	0.0538629856	0.0133461332	-0.1514793332	0.0238086573	-0.1041772764	-0.0466122847	-0.0907144194	0.0417260725	0.0196805087	0.0138240061	0.0570444577	0.0540670651	-0.0169045325	-0.0167822713	-0.0004743622	0.0914980021	-0.0064065639	-0.070122785	0.0253212409	0.001633232	0.0807887215	0.0310633342	0.0326138722	-0.0738172945	-0.0356643599	0.0696272929	-0.0149967705	0.050996016	-0.0238413432	-0.1348945972	-0.11423249	-0.0155244044	0.0560785373	-0.0690013848	-0.0303297183	-0.1168645623	-0.0239943773	0.0110861188	0.0792466185	-0.0489003645	-0.1065260091	0.0398388477	0.1575868328	-0.0063614291	0.0662766091	0.0024224025	-0.069193915	0.0355892954	-0.0539687523	0.036295314	-0.0602783518	0.0453364367	0.050267233	0.0005420732	0.0439914268	0.0248399455	0.0244749369	0.0415020547	-0.1517127491	0.0084779226	0.027853426	-0.0891821679	0.0025627422	0.0523757523	0.02485239	-0.0093273269	0.0592971827	-0.0479930109	0.0819493964	-0.0888103032	-0.0495935266	-0.0740363161	0.0616671001	0.0427726841	0.048142737	-0.0577202785	0.0216073014	0.1119578725	-0.0771558239	-0.0255958098	-0.0041960189	0.0164809266	0.0400421263	0.0457773389	0.0289903415	0.0203573527	0.0039815281	0.0240977641	0.0565849975	0.0043732877	0.0338880587	-0.0306910515	0.0382121574	-0.1153118061	0.1148374968	-0.1140484259	-0.0977072706569259	-0.020654096952569	0.0095467107392257	0.0004265917209261	-0.1887616888627974	-0.0025447726838621	0.0356309751823355	6.475868012530749e-06	-0.0793947315927141	-0.0613182225237238	0.0063035234046791	0.0037599244134689	-0.0184850942746609	-1.1307275381983173e-06	1.2785447656400273e-12	0.0003416987103431	0.0047870901189943	0.0002489981299213	2.2916231807372856e-05	6.20000687043541e-08	-0.0046671958555236	0.0005438623005129	2.1782717153816667e-05	2.957862019192926e-07	0.0	0.0	0.0	0.0	0.0	0.0	0.0	0.0	0.0	0.0	0.0	0.0	0.0	0.0	0.0	0.0	0.0	0.0	0.0
959407.975126632	3273.273136562435	10714317.02654128	920463662736.5842	1542097.8189858492	6078.511287062196	2378065683320.9126	36948299.46694252	983673.5967491114	1890.6797985782612	967613744941.3336	3574670.100751935	1061309.955147626	934633.308444969	1.335557	25.005835	0.1835223422693155	0.0925260005619502	-0.0455176775	-0.0617422304	-0.0873111112	0.1212808006	-0.0177330028	0.0347820424	-0.0552250793	0.0224950817	0.07552783	0.0550788214	0.0725758219	0.1223350339	-0.0840373045	-0.1016608238	-0.0134611884	0.0851734956	0.0741535455	-0.0936047003	-0.0742405103	-0.0216186801	-0.1372527758	-0.0698192476	0.0067422609	0.0195109633	-0.0361130355	0.0014486509	0.0855522702	0.026705305	0.0126013703	0.0255172158	0.0305083718	0.0962456465	-0.0114008206	-0.027645775	-0.0524413401	-0.0078841722	0.0609583514	-0.1005131523	0.008556178	0.016965531	-0.0546114358	-0.0238155665	0.1790798922	0.0689362176	0.0272181495	-0.126080559	0.0932463801	0.0917504425	-0.1400042115	-0.0012021782	-0.1001211247	0.0806171972	0.0736278616	0.0983805845	0.03731025	-0.0116958698	0.0707571381	0.0574263792	0.0031511772	-0.0938967232	0.0332945324	0.0845185427	-0.0312066702	0.0255849196	0.0900460289	-0.0463074259	-0.0659864835	0.0161826361	-0.0575125636	0.0557114362	-0.0449861788	0.0209712104	-0.0280578052	0.0627542738	-0.0126106911	0.0028277386	-0.0108505725	0.1093557604	-0.0284056654	0.001051991	-0.1812052051	-0.1194984098	-0.0638156711	-0.0909838282	-0.0224971152	-0.1105775775	0.0387141215	0.0181092321	-0.0285443227	-0.0142886463	-0.0378559612	0.0289371534	0.0510064769	0.0256659464	-0.0870678786	0.0606334091	-0.0161052457	-0.013318979	0.0885025051	0.0544055099	0.0860514489	-0.0370747067	0.0701971137	-0.0524642519	0.028246421	-0.1154130763	0.1152422001	-0.1149575937	-0.0860725474610575	0.0116347231958684	0.0074084834264359	0.0001353667838444	-0.1835717282010449	0.0051899606617525	0.0336985793947183	2.6935691670538524e-05	-0.0533144262887645	0.0260803053039495	0.0028424280505001	0.0006801823247472	-0.0198964230509886	-0.0014113287763277	1.9918489148906428e-06	0.0003958676502239	0.0053221363466027	0.0005350462276084	2.832513529182954e-05	2.8627446567798066e-07	-0.0055331679137424	-0.0008659720582188	3.061594716166842e-05	7.499076056157047e-07	0.0	0.0	0.0	0.0	0.0	0.0	0.0	0.0	0.0	0.0	0.0	0.0	0.0	0.0	0.0	0.0	0.0	0.0	0.0
959124.807401872	-283.1677247600164	80183.96034576443	919920396173.678	1535099.3279986524	-6998.4909871967975	2356529946821.914	48978876.097874805	984374.5670912324	700.9703421209706	968993288336.0511	491359.4205331906	1060335.6103721291	933912.9541974214	1.19839	22.43763	0.1982423438786162	0.0967671971385108	-0.0936803631	0.0749018462	-0.0128373137	0.1035147045	-0.0819681205	0.0294049141	0.086917585	0.0792591034	-0.0163275688	-0.0540227764	0.0664122974	0.0603190946	-0.0647455482	0.0927781572	-0.0647101455	0.0634150261	0.0012628395	-0.0964632197	-0.0090350971	0.0811692168	-0.0329218433	0.0019475925	0.0460908902	-0.0273017198	0.0503138947	-0.0790841168	-0.0091407195	0.0300992544	0.0508811144	0.0057121351	0.1836341786	-0.0875357154	0.0096093262	-0.0287201251	0.0851381632	-0.0364241616	0.0748758064	0.0714983485	-0.049062002	0.079460313	-0.1372131702	-0.0216731432	0.0043687825	0.0217930369	-0.0657990348	0.0446221463	0.0428299142	0.009355751	-8.85845e-05	-0.0238146021	0.0210037792	-0.1005897929	0.0174010858	0.0414713718	0.0810877809	0.0328796092	0.0584554882	0.0563435446	-0.0803748199	-0.0587579725	0.0454733221	-0.052857103	-0.0782398037	-0.0493953001	0.0150146607	-0.0406767401	0.0683717154	-0.0315770873	-0.0647656279	0.0974695858	-0.0967972271	-0.0140326032	-0.0303723834	-0.0625757739	-0.0888720291	0.0918314924	0.0061879433	0.0624521195	0.0274168446	-0.0023613643	0.1787236336	-0.1268183696	-0.0718537428	-0.1205788191	-0.0406729481	-0.0228814168	0.0066530627	0.0175281162	0.1382487353	0.0193180862	-0.13087235	0.0050512229	0.0549717034	0.0390263706	0.0228951696	0.0279525461	-0.0688291231	0.0684939671	0.0439093913	0.0300299815	0.1335031965	0.0092719153	-0.1331322281	0.1210107845	-0.0094711317	-0.1154637225	0.1154447293	-0.1154130763	-0.1217004997583615	-0.035627952297304	0.0148110116414349	0.0012693509848989	-0.2129133522042963	-0.0293416240032514	0.0453320955468707	0.0008609308991481	-0.1242777362152054	-0.0709633099264409	0.0154449557187761	0.0050357913557161	-0.0202167177973988	-0.0003202947464101	1.0258872457797417e-07	0.0004087156784996	0.0058379458556654	0.0005158095090626	3.408161181368082e-05	2.660594496395035e-07	-0.0051230830161829	0.0004100848975594	2.624597959070168e-05	1.681696232063853e-07	0.0	0.0	0.0	0.0	0.0	0.0	0.0	0.0	0.0	0.0	0.0	0.0	0.0	0.0	0.0	0.0	0.0	0.0	0.0
