
Fri Mar  6 06:19:39 CET 2026
cd /out/sourcedata/freesurfer/sub-v1s10x0050994_ses-1
setenv SUBJECTS_DIR /out/sourcedata/freesurfer
/opt/freesurfer/bin/recon-all -autorecon1 -i /work/fmriprep_25_2_wf/sub_v1s10x0050994_ses_1_wf/anat_fit_wf/anat_validate/sub-v1s10x0050994_ses-1_T1w_noise_corrected_ras_valid.nii.gz -noskullstrip -noT2pial -noFLAIRpial -openmp 16 -subjid sub-v1s10x0050994_ses-1 -sd /out/sourcedata/freesurfer

subjid sub-v1s10x0050994_ses-1
setenv SUBJECTS_DIR /out/sourcedata/freesurfer
FREESURFER_HOME /opt/freesurfer
Actual FREESURFER_HOME /opt/freesurfer
build-stamp.txt: freesurfer-linux-ubuntu22_x86_64-7.3.2-20220804-6354275
Linux dna032 5.14.0-427.37.1.el9_4.x86_64 #1 SMP PREEMPT_DYNAMIC Fri Sep 13 12:41:50 EDT 2024 x86_64 x86_64 x86_64 GNU/Linux
cputime      unlimited
filesize     unlimited
datasize     unlimited
stacksize    8192 kbytes
coredumpsize 0 kbytes
memoryuse    67108864 kbytes
vmemoryuse   unlimited
descriptors  1024 
memorylocked unlimited
maxproc      2061970 
maxlocks     unlimited
maxsignal    2061970 
maxmessage   819200 
maxnice      0 
maxrtprio    0 
maxrttime    unlimited

               total        used        free      shared  buff/cache   available
Mem:           503Gi        47Gi       300Gi       8.9Gi       155Gi       444Gi
Swap:             0B          0B          0B

########################################
program versions used
7.3.2 (freesurfer-linux-ubuntu22_x86_64-7.3.2-20220804-6354275)
7.3.2

ProgramName: lta_convert  ProgramArguments: lta_convert -all-info  ProgramVersion: 7.3.2  TimeStamp: 2026/03/06-05:19:39-GMT  BuildTime: Aug  4 2022 06:17:15  BuildStamp: freesurfer-linux-ubuntu22_x86_64-7.3.2-20220804-6354275  User: oesteban  Machine: dna032  Platform: Linux  PlatformVersion: 5.14.0-427.37.1.el9_4.x86_64  CompilerName: GCC  CompilerVersion: 8.4.0
ProgramName: mri_and  ProgramArguments: mri_and -all-info  ProgramVersion: 7.3.2  TimeStamp: 2026/03/06-05:19:39-GMT  BuildTime: Aug  4 2022 06:17:15  BuildStamp: freesurfer-linux-ubuntu22_x86_64-7.3.2-20220804-6354275  User: oesteban  Machine: dna032  Platform: Linux  PlatformVersion: 5.14.0-427.37.1.el9_4.x86_64  CompilerName: GCC  CompilerVersion: 8.4.0
ProgramName: mri_annotation2label  ProgramArguments: mri_annotation2label -all-info  ProgramVersion: 7.3.2  TimeStamp: 2026/03/06-05:19:39-GMT  BuildTime: Aug  4 2022 06:17:15  BuildStamp: freesurfer-linux-ubuntu22_x86_64-7.3.2-20220804-6354275  User: oesteban  Machine: dna032  Platform: Linux  PlatformVersion: 5.14.0-427.37.1.el9_4.x86_64  CompilerName: GCC  CompilerVersion: 8.4.0
ProgramName: mri_aparc2aseg  ProgramArguments: mri_aparc2aseg -all-info  ProgramVersion: 7.3.2  TimeStamp: 2026/03/06-05:19:39-GMT  BuildTime: Aug  4 2022 06:17:15  BuildStamp: freesurfer-linux-ubuntu22_x86_64-7.3.2-20220804-6354275  User: oesteban  Machine: dna032  Platform: Linux  PlatformVersion: 5.14.0-427.37.1.el9_4.x86_64  CompilerName: GCC  CompilerVersion: 8.4.0
ProgramName: mri_surf2volseg  ProgramArguments: mri_surf2volseg -all-info  ProgramVersion: 7.3.2  TimeStamp: 2026/03/06-05:19:39-GMT  BuildTime: Aug  4 2022 06:17:15  BuildStamp: freesurfer-linux-ubuntu22_x86_64-7.3.2-20220804-6354275  User: oesteban  Machine: dna032  Platform: Linux  PlatformVersion: 5.14.0-427.37.1.el9_4.x86_64  CompilerName: GCC  CompilerVersion: 8.4.0
ProgramName: mri_binarize  ProgramArguments: mri_binarize -all-info  ProgramVersion: 7.3.2  TimeStamp: 2026/03/06-05:19:39-GMT  BuildTime: Aug  4 2022 06:17:15  BuildStamp: freesurfer-linux-ubuntu22_x86_64-7.3.2-20220804-6354275  User: oesteban  Machine: dna032  Platform: Linux  PlatformVersion: 5.14.0-427.37.1.el9_4.x86_64  CompilerName: GCC  CompilerVersion: 8.4.0
ProgramName: mri_ca_label  ProgramArguments: mri_ca_label -all-info  ProgramVersion: 7.3.2  TimeStamp: 2026/03/06-05:19:39-GMT  BuildTime: Aug  4 2022 06:17:15  BuildStamp: freesurfer-linux-ubuntu22_x86_64-7.3.2-20220804-6354275  User: oesteban  Machine: dna032  Platform: Linux  PlatformVersion: 5.14.0-427.37.1.el9_4.x86_64  CompilerName: GCC  CompilerVersion: 8.4.0
ProgramName: mri_ca_normalize  ProgramArguments: mri_ca_normalize -all-info  ProgramVersion: 7.3.2  TimeStamp: 2026/03/06-05:19:39-GMT  BuildTime: Aug  4 2022 06:17:15  BuildStamp: freesurfer-linux-ubuntu22_x86_64-7.3.2-20220804-6354275  User: oesteban  Machine: dna032  Platform: Linux  PlatformVersion: 5.14.0-427.37.1.el9_4.x86_64  CompilerName: GCC  CompilerVersion: 8.4.0
ProgramName: mri_ca_register  ProgramArguments: mri_ca_register -all-info  ProgramVersion: 7.3.2  TimeStamp: 2026/03/06-05:19:39-GMT  BuildTime: Aug  4 2022 06:17:15  BuildStamp: freesurfer-linux-ubuntu22_x86_64-7.3.2-20220804-6354275  User: oesteban  Machine: dna032  Platform: Linux  PlatformVersion: 5.14.0-427.37.1.el9_4.x86_64  CompilerName: GCC  CompilerVersion: 8.4.0
ProgramName: mri_cc  ProgramArguments: mri_cc -all-info  ProgramVersion: 7.3.2  TimeStamp: 2026/03/06-05:19:39-GMT  BuildTime: Aug  4 2022 06:17:15  BuildStamp: freesurfer-linux-ubuntu22_x86_64-7.3.2-20220804-6354275  User: oesteban  Machine: dna032  Platform: Linux  PlatformVersion: 5.14.0-427.37.1.el9_4.x86_64  CompilerName: GCC  CompilerVersion: 8.4.0
ProgramName: mri_compute_overlap  ProgramArguments: mri_compute_overlap -all-info  ProgramVersion: 7.3.2  TimeStamp: 2026/03/06-05:19:39-GMT  BuildTime: Aug  4 2022 06:17:15  BuildStamp: freesurfer-linux-ubuntu22_x86_64-7.3.2-20220804-6354275  User: oesteban  Machine: dna032  Platform: Linux  PlatformVersion: 5.14.0-427.37.1.el9_4.x86_64  CompilerName: GCC  CompilerVersion: 8.4.0
ProgramName: mri_compute_seg_overlap  ProgramArguments: mri_compute_seg_overlap -all-info  ProgramVersion: 7.3.2  TimeStamp: 2026/03/06-05:19:39-GMT  BuildTime: Aug  4 2022 06:17:15  BuildStamp: freesurfer-linux-ubuntu22_x86_64-7.3.2-20220804-6354275  User: oesteban  Machine: dna032  Platform: Linux  PlatformVersion: 5.14.0-427.37.1.el9_4.x86_64  CompilerName: GCC  CompilerVersion: 8.4.0
ProgramName: mri_concat  ProgramArguments: mri_concat -all-info  ProgramVersion: 7.3.2  TimeStamp: 2026/03/06-05:19:39-GMT  BuildTime: Aug  4 2022 06:17:15  BuildStamp: freesurfer-linux-ubuntu22_x86_64-7.3.2-20220804-6354275  User: oesteban  Machine: dna032  Platform: Linux  PlatformVersion: 5.14.0-427.37.1.el9_4.x86_64  CompilerName: GCC  CompilerVersion: 8.4.0
ProgramName: mri_concatenate_lta  ProgramArguments: mri_concatenate_lta -all-info  ProgramVersion: 7.3.2  TimeStamp: 2026/03/06-05:19:39-GMT  BuildTime: Aug  4 2022 06:17:15  BuildStamp: freesurfer-linux-ubuntu22_x86_64-7.3.2-20220804-6354275  User: oesteban  Machine: dna032  Platform: Linux  PlatformVersion: 5.14.0-427.37.1.el9_4.x86_64  CompilerName: GCC  CompilerVersion: 8.4.0
mri_convert -all-info 
ProgramName: mri_convert  ProgramArguments: mri_convert -all-info  ProgramVersion: 7.3.2  TimeStamp: 2026/03/06-05:19:39-GMT  BuildTime: Aug  4 2022 06:17:15  BuildStamp: freesurfer-linux-ubuntu22_x86_64-7.3.2-20220804-6354275  User: oesteban  Machine: dna032  Platform: Linux  PlatformVersion: 5.14.0-427.37.1.el9_4.x86_64  CompilerName: GCC  CompilerVersion: 8.4.0
ProgramName: mri_diff  ProgramArguments: mri_diff -all-info  ProgramVersion: 7.3.2  TimeStamp: 2026/03/06-05:19:39-GMT  BuildTime: Aug  4 2022 06:17:15  BuildStamp: freesurfer-linux-ubuntu22_x86_64-7.3.2-20220804-6354275  User: oesteban  Machine: dna032  Platform: Linux  PlatformVersion: 5.14.0-427.37.1.el9_4.x86_64  CompilerName: GCC  CompilerVersion: 8.4.0
ProgramName: mri_edit_wm_with_aseg  ProgramArguments: mri_edit_wm_with_aseg -all-info  ProgramVersion: 7.3.2  TimeStamp: 2026/03/06-05:19:39-GMT  BuildTime: Aug  4 2022 06:17:15  BuildStamp: freesurfer-linux-ubuntu22_x86_64-7.3.2-20220804-6354275  User: oesteban  Machine: dna032  Platform: Linux  PlatformVersion: 5.14.0-427.37.1.el9_4.x86_64  CompilerName: GCC  CompilerVersion: 8.4.0
ProgramName: mri_em_register  ProgramArguments: mri_em_register -all-info  ProgramVersion: 7.3.2  TimeStamp: 2026/03/06-05:19:39-GMT  BuildTime: Aug  4 2022 06:17:15  BuildStamp: freesurfer-linux-ubuntu22_x86_64-7.3.2-20220804-6354275  User: oesteban  Machine: dna032  Platform: Linux  PlatformVersion: 5.14.0-427.37.1.el9_4.x86_64  CompilerName: GCC  CompilerVersion: 8.4.0
ProgramName: mri_fill  ProgramArguments: mri_fill -all-info  ProgramVersion: 7.3.2  TimeStamp: 2026/03/06-05:19:39-GMT  BuildTime: Aug  4 2022 06:17:15  BuildStamp: freesurfer-linux-ubuntu22_x86_64-7.3.2-20220804-6354275  User: oesteban  Machine: dna032  Platform: Linux  PlatformVersion: 5.14.0-427.37.1.el9_4.x86_64  CompilerName: GCC  CompilerVersion: 8.4.0
ProgramName: mri_fuse_segmentations  ProgramArguments: mri_fuse_segmentations -all-info  ProgramVersion: 7.3.2  TimeStamp: 2026/03/06-05:19:39-GMT  BuildTime: Aug  4 2022 06:17:15  BuildStamp: freesurfer-linux-ubuntu22_x86_64-7.3.2-20220804-6354275  User: oesteban  Machine: dna032  Platform: Linux  PlatformVersion: 5.14.0-427.37.1.el9_4.x86_64  CompilerName: GCC  CompilerVersion: 8.4.0
ProgramName: mri_fwhm  ProgramArguments: mri_fwhm -all-info  ProgramVersion: 7.3.2  TimeStamp: 2026/03/06-05:19:39-GMT  BuildTime: Aug  4 2022 06:17:15  BuildStamp: freesurfer-linux-ubuntu22_x86_64-7.3.2-20220804-6354275  User: oesteban  Machine: dna032  Platform: Linux  PlatformVersion: 5.14.0-427.37.1.el9_4.x86_64  CompilerName: GCC  CompilerVersion: 8.4.0
ProgramName: mri_gcut  ProgramArguments: mri_gcut -all-info  ProgramVersion: 7.3.2  TimeStamp: 2026/03/06-05:19:39-GMT  BuildTime: Aug  4 2022 06:17:15  BuildStamp: freesurfer-linux-ubuntu22_x86_64-7.3.2-20220804-6354275  User: oesteban  Machine: dna032  Platform: Linux  PlatformVersion: 5.14.0-427.37.1.el9_4.x86_64  CompilerName: GCC  CompilerVersion: 8.4.0
ProgramName: mri_info  ProgramArguments: mri_info -all-info  ProgramVersion: 7.3.2  TimeStamp: 2026/03/06-05:19:39-GMT  BuildTime: Aug  4 2022 06:17:15  BuildStamp: freesurfer-linux-ubuntu22_x86_64-7.3.2-20220804-6354275  User: oesteban  Machine: dna032  Platform: Linux  PlatformVersion: 5.14.0-427.37.1.el9_4.x86_64  CompilerName: GCC  CompilerVersion: 8.4.0
ProgramName: mri_label2label  ProgramArguments: mri_label2label -all-info  ProgramVersion: 7.3.2  TimeStamp: 2026/03/06-05:19:39-GMT  BuildTime: Aug  4 2022 06:17:15  BuildStamp: freesurfer-linux-ubuntu22_x86_64-7.3.2-20220804-6354275  User: oesteban  Machine: dna032  Platform: Linux  PlatformVersion: 5.14.0-427.37.1.el9_4.x86_64  CompilerName: GCC  CompilerVersion: 8.4.0
ProgramName: mri_label2vol  ProgramArguments: mri_label2vol -all-info  ProgramVersion: 7.3.2  TimeStamp: 2026/03/06-05:19:39-GMT  BuildTime: Aug  4 2022 06:17:15  BuildStamp: freesurfer-linux-ubuntu22_x86_64-7.3.2-20220804-6354275  User: oesteban  Machine: dna032  Platform: Linux  PlatformVersion: 5.14.0-427.37.1.el9_4.x86_64  CompilerName: GCC  CompilerVersion: 8.4.0
ProgramName: mri_log_likelihood  ProgramArguments: mri_log_likelihood -all-info  ProgramVersion: 7.3.2  TimeStamp: 2026/03/06-05:19:39-GMT  BuildTime: Aug  4 2022 06:17:15  BuildStamp: freesurfer-linux-ubuntu22_x86_64-7.3.2-20220804-6354275  User: oesteban  Machine: dna032  Platform: Linux  PlatformVersion: 5.14.0-427.37.1.el9_4.x86_64  CompilerName: GCC  CompilerVersion: 8.4.0
ProgramName: mri_mask  ProgramArguments: mri_mask -all-info  ProgramVersion: 7.3.2  TimeStamp: 2026/03/06-05:19:39-GMT  BuildTime: Aug  4 2022 06:17:15  BuildStamp: freesurfer-linux-ubuntu22_x86_64-7.3.2-20220804-6354275  User: oesteban  Machine: dna032  Platform: Linux  PlatformVersion: 5.14.0-427.37.1.el9_4.x86_64  CompilerName: GCC  CompilerVersion: 8.4.0
ProgramName: mri_matrix_multiply  ProgramArguments: mri_matrix_multiply -all-info  ProgramVersion: 7.3.2  TimeStamp: 2026/03/06-05:19:39-GMT  BuildTime: Aug  4 2022 06:17:15  BuildStamp: freesurfer-linux-ubuntu22_x86_64-7.3.2-20220804-6354275  User: oesteban  Machine: dna032  Platform: Linux  PlatformVersion: 5.14.0-427.37.1.el9_4.x86_64  CompilerName: GCC  CompilerVersion: 8.4.0
ProgramName: mri_normalize  ProgramArguments: mri_normalize -all-info  ProgramVersion: 7.3.2  TimeStamp: 2026/03/06-05:19:39-GMT  BuildTime: Aug  4 2022 06:17:15  BuildStamp: freesurfer-linux-ubuntu22_x86_64-7.3.2-20220804-6354275  User: oesteban  Machine: dna032  Platform: Linux  PlatformVersion: 5.14.0-427.37.1.el9_4.x86_64  CompilerName: GCC  CompilerVersion: 8.4.0
ProgramName: mri_normalize_tp2  ProgramArguments: mri_normalize_tp2 -all-info  ProgramVersion: 7.3.2  TimeStamp: 2026/03/06-05:19:39-GMT  BuildTime: Aug  4 2022 06:17:15  BuildStamp: freesurfer-linux-ubuntu22_x86_64-7.3.2-20220804-6354275  User: oesteban  Machine: dna032  Platform: Linux  PlatformVersion: 5.14.0-427.37.1.el9_4.x86_64  CompilerName: GCC  CompilerVersion: 8.4.0
ProgramName: mri_or  ProgramArguments: mri_or -all-info  ProgramVersion: 7.3.2  TimeStamp: 2026/03/06-05:19:39-GMT  BuildTime: Aug  4 2022 06:17:15  BuildStamp: freesurfer-linux-ubuntu22_x86_64-7.3.2-20220804-6354275  User: oesteban  Machine: dna032  Platform: Linux  PlatformVersion: 5.14.0-427.37.1.el9_4.x86_64  CompilerName: GCC  CompilerVersion: 8.4.0
ProgramName: mri_relabel_hypointensities  ProgramArguments: mri_relabel_hypointensities -all-info  ProgramVersion: 7.3.2  TimeStamp: 2026/03/06-05:19:39-GMT  BuildTime: Aug  4 2022 06:17:15  BuildStamp: freesurfer-linux-ubuntu22_x86_64-7.3.2-20220804-6354275  User: oesteban  Machine: dna032  Platform: Linux  PlatformVersion: 5.14.0-427.37.1.el9_4.x86_64  CompilerName: GCC  CompilerVersion: 8.4.0
ProgramName: mri_relabel_nonwm_hypos  ProgramArguments: mri_relabel_nonwm_hypos -all-info  ProgramVersion: 7.3.2  TimeStamp: 2026/03/06-05:19:39-GMT  BuildTime: Aug  4 2022 06:17:15  BuildStamp: freesurfer-linux-ubuntu22_x86_64-7.3.2-20220804-6354275  User: oesteban  Machine: dna032  Platform: Linux  PlatformVersion: 5.14.0-427.37.1.el9_4.x86_64  CompilerName: GCC  CompilerVersion: 8.4.0
ProgramName: mri_remove_neck  ProgramArguments: mri_remove_neck -all-info  ProgramVersion: 7.3.2  TimeStamp: 2026/03/06-05:19:39-GMT  BuildTime: Aug  4 2022 06:17:15  BuildStamp: freesurfer-linux-ubuntu22_x86_64-7.3.2-20220804-6354275  User: oesteban  Machine: dna032  Platform: Linux  PlatformVersion: 5.14.0-427.37.1.el9_4.x86_64  CompilerName: GCC  CompilerVersion: 8.4.0
7.3.2

ProgramName: mri_robust_register  ProgramArguments: mri_robust_register -all-info  ProgramVersion: 7.3.2  TimeStamp: 2026/03/06-05:19:39-GMT  BuildTime: Aug  4 2022 06:17:15  BuildStamp: freesurfer-linux-ubuntu22_x86_64-7.3.2-20220804-6354275  User: oesteban  Machine: dna032  Platform: Linux  PlatformVersion: 5.14.0-427.37.1.el9_4.x86_64  CompilerName: GCC  CompilerVersion: 8.4.0
7.3.2

ProgramName: mri_robust_template  ProgramArguments: mri_robust_template -all-info  ProgramVersion: 7.3.2  TimeStamp: 2026/03/06-05:19:39-GMT  BuildTime: Aug  4 2022 06:17:15  BuildStamp: freesurfer-linux-ubuntu22_x86_64-7.3.2-20220804-6354275  User: oesteban  Machine: dna032  Platform: Linux  PlatformVersion: 5.14.0-427.37.1.el9_4.x86_64  CompilerName: GCC  CompilerVersion: 8.4.0
ProgramName: mris_anatomical_stats  ProgramArguments: mris_anatomical_stats -all-info  ProgramVersion: 7.3.2  TimeStamp: 2026/03/06-05:19:39-GMT  BuildTime: Aug  4 2022 06:17:15  BuildStamp: freesurfer-linux-ubuntu22_x86_64-7.3.2-20220804-6354275  User: oesteban  Machine: dna032  Platform: Linux  PlatformVersion: 5.14.0-427.37.1.el9_4.x86_64  CompilerName: GCC  CompilerVersion: 8.4.0
ProgramName: mris_ca_label  ProgramArguments: mris_ca_label -all-info  ProgramVersion: 7.3.2  TimeStamp: 2026/03/06-05:19:39-GMT  BuildTime: Aug  4 2022 06:17:15  BuildStamp: freesurfer-linux-ubuntu22_x86_64-7.3.2-20220804-6354275  User: oesteban  Machine: dna032  Platform: Linux  PlatformVersion: 5.14.0-427.37.1.el9_4.x86_64  CompilerName: GCC  CompilerVersion: 8.4.0
ProgramName: mris_calc  ProgramArguments: mris_calc -all-info  ProgramVersion: 7.3.2  TimeStamp: 2026/03/06-05:19:39-GMT  BuildTime: Aug  4 2022 06:17:15  BuildStamp: freesurfer-linux-ubuntu22_x86_64-7.3.2-20220804-6354275  User: oesteban  Machine: dna032  Platform: Linux  PlatformVersion: 5.14.0-427.37.1.el9_4.x86_64  CompilerName: GCC  CompilerVersion: 8.4.0
ProgramName: mris_convert  ProgramArguments: mris_convert -all-info  ProgramVersion: 7.3.2  TimeStamp: 2026/03/06-05:19:39-GMT  BuildTime: Aug  4 2022 06:17:15  BuildStamp: freesurfer-linux-ubuntu22_x86_64-7.3.2-20220804-6354275  User: oesteban  Machine: dna032  Platform: Linux  PlatformVersion: 5.14.0-427.37.1.el9_4.x86_64  CompilerName: GCC  CompilerVersion: 8.4.0
ProgramName: mris_curvature  ProgramArguments: mris_curvature -all-info  ProgramVersion: 7.3.2  TimeStamp: 2026/03/06-05:19:39-GMT  BuildTime: Aug  4 2022 06:17:15  BuildStamp: freesurfer-linux-ubuntu22_x86_64-7.3.2-20220804-6354275  User: oesteban  Machine: dna032  Platform: Linux  PlatformVersion: 5.14.0-427.37.1.el9_4.x86_64  CompilerName: GCC  CompilerVersion: 8.4.0
ProgramName: mris_curvature_stats  ProgramArguments: mris_curvature_stats -all-info  ProgramVersion: 7.3.2  TimeStamp: 2026/03/06-05:19:39-GMT  BuildTime: Aug  4 2022 06:17:15  BuildStamp: freesurfer-linux-ubuntu22_x86_64-7.3.2-20220804-6354275  User: oesteban  Machine: dna032  Platform: Linux  PlatformVersion: 5.14.0-427.37.1.el9_4.x86_64  CompilerName: GCC  CompilerVersion: 8.4.0
ProgramName: mris_diff  ProgramArguments: mris_diff -all-info  ProgramVersion: 7.3.2  TimeStamp: 2026/03/06-05:19:39-GMT  BuildTime: Aug  4 2022 06:17:15  BuildStamp: freesurfer-linux-ubuntu22_x86_64-7.3.2-20220804-6354275  User: oesteban  Machine: dna032  Platform: Linux  PlatformVersion: 5.14.0-427.37.1.el9_4.x86_64  CompilerName: GCC  CompilerVersion: 8.4.0
ProgramName: mris_divide_parcellation  ProgramArguments: mris_divide_parcellation -all-info  ProgramVersion: 7.3.2  TimeStamp: 2026/03/06-05:19:39-GMT  BuildTime: Aug  4 2022 06:17:15  BuildStamp: freesurfer-linux-ubuntu22_x86_64-7.3.2-20220804-6354275  User: oesteban  Machine: dna032  Platform: Linux  PlatformVersion: 5.14.0-427.37.1.el9_4.x86_64  CompilerName: GCC  CompilerVersion: 8.4.0
ProgramName: mri_segment  ProgramArguments: mri_segment -all-info  ProgramVersion: 7.3.2  TimeStamp: 2026/03/06-05:19:39-GMT  BuildTime: Aug  4 2022 06:17:15  BuildStamp: freesurfer-linux-ubuntu22_x86_64-7.3.2-20220804-6354275  User: oesteban  Machine: dna032  Platform: Linux  PlatformVersion: 5.14.0-427.37.1.el9_4.x86_64  CompilerName: GCC  CompilerVersion: 8.4.0
ProgramName: mri_segstats  ProgramArguments: mri_segstats -all-info  ProgramVersion: 7.3.2  TimeStamp: 2026/03/06-05:19:39-GMT  BuildTime: Aug  4 2022 06:17:15  BuildStamp: freesurfer-linux-ubuntu22_x86_64-7.3.2-20220804-6354275  User: oesteban  Machine: dna032  Platform: Linux  PlatformVersion: 5.14.0-427.37.1.el9_4.x86_64  CompilerName: GCC  CompilerVersion: 8.4.0
ProgramName: mris_euler_number  ProgramArguments: mris_euler_number -all-info  ProgramVersion: 7.3.2  TimeStamp: 2026/03/06-05:19:39-GMT  BuildTime: Aug  4 2022 06:17:15  BuildStamp: freesurfer-linux-ubuntu22_x86_64-7.3.2-20220804-6354275  User: oesteban  Machine: dna032  Platform: Linux  PlatformVersion: 5.14.0-427.37.1.el9_4.x86_64  CompilerName: GCC  CompilerVersion: 8.4.0
ProgramName: mris_fix_topology  ProgramArguments: mris_fix_topology -all-info  ProgramVersion: 7.3.2  TimeStamp: 2026/03/06-05:19:39-GMT  BuildTime: Aug  4 2022 06:17:15  BuildStamp: freesurfer-linux-ubuntu22_x86_64-7.3.2-20220804-6354275  User: oesteban  Machine: dna032  Platform: Linux  PlatformVersion: 5.14.0-427.37.1.el9_4.x86_64  CompilerName: GCC  CompilerVersion: 8.4.0
ProgramName: mris_topo_fixer  ProgramArguments: mris_topo_fixer -all-info  ProgramVersion: 7.3.2  TimeStamp: 2026/03/06-05:19:40-GMT  BuildTime: Aug  4 2022 06:17:15  BuildStamp: freesurfer-linux-ubuntu22_x86_64-7.3.2-20220804-6354275  User: oesteban  Machine: dna032  Platform: Linux  PlatformVersion: 5.14.0-427.37.1.el9_4.x86_64  CompilerName: GCC  CompilerVersion: 8.4.0
ProgramName: mris_jacobian  ProgramArguments: mris_jacobian -all-info  ProgramVersion: 7.3.2  TimeStamp: 2026/03/06-05:19:40-GMT  BuildTime: Aug  4 2022 06:17:15  BuildStamp: freesurfer-linux-ubuntu22_x86_64-7.3.2-20220804-6354275  User: oesteban  Machine: dna032  Platform: Linux  PlatformVersion: 5.14.0-427.37.1.el9_4.x86_64  CompilerName: GCC  CompilerVersion: 8.4.0
ProgramName: mris_label2annot  ProgramArguments: mris_label2annot -all-info  ProgramVersion: 7.3.2  TimeStamp: 2026/03/06-05:19:40-GMT  BuildTime: Aug  4 2022 06:17:15  BuildStamp: freesurfer-linux-ubuntu22_x86_64-7.3.2-20220804-6354275  User: oesteban  Machine: dna032  Platform: Linux  PlatformVersion: 5.14.0-427.37.1.el9_4.x86_64  CompilerName: GCC  CompilerVersion: 8.4.0
ProgramName: mris_left_right_register  ProgramArguments: mris_left_right_register -all-info  ProgramVersion: 7.3.2  TimeStamp: 2026/03/06-05:19:40-GMT  BuildTime: Aug  4 2022 06:17:15  BuildStamp: freesurfer-linux-ubuntu22_x86_64-7.3.2-20220804-6354275  User: oesteban  Machine: dna032  Platform: Linux  PlatformVersion: 5.14.0-427.37.1.el9_4.x86_64  CompilerName: GCC  CompilerVersion: 8.4.0
ProgramName: mris_place_surface  ProgramArguments: mris_place_surface -all-info  ProgramVersion: 7.3.2  TimeStamp: 2026/03/06-05:19:40-GMT  BuildTime: Aug  4 2022 06:17:15  BuildStamp: freesurfer-linux-ubuntu22_x86_64-7.3.2-20220804-6354275  User: oesteban  Machine: dna032  Platform: Linux  PlatformVersion: 5.14.0-427.37.1.el9_4.x86_64  CompilerName: GCC  CompilerVersion: 8.4.0
ProgramName: mrisp_paint  ProgramArguments: mrisp_paint -all-info  ProgramVersion: 7.3.2  TimeStamp: 2026/03/06-05:19:40-GMT  BuildTime: Aug  4 2022 06:17:15  BuildStamp: freesurfer-linux-ubuntu22_x86_64-7.3.2-20220804-6354275  User: oesteban  Machine: dna032  Platform: Linux  PlatformVersion: 5.14.0-427.37.1.el9_4.x86_64  CompilerName: GCC  CompilerVersion: 8.4.0
ProgramName: mris_register  ProgramArguments: mris_register -all-info  ProgramVersion: 7.3.2  TimeStamp: 2026/03/06-05:19:40-GMT  BuildTime: Aug  4 2022 06:17:15  BuildStamp: freesurfer-linux-ubuntu22_x86_64-7.3.2-20220804-6354275  User: oesteban  Machine: dna032  Platform: Linux  PlatformVersion: 5.14.0-427.37.1.el9_4.x86_64  CompilerName: GCC  CompilerVersion: 8.4.0
ProgramName: mris_smooth  ProgramArguments: mris_smooth -all-info  ProgramVersion: 7.3.2  TimeStamp: 2026/03/06-05:19:40-GMT  BuildTime: Aug  4 2022 06:17:15  BuildStamp: freesurfer-linux-ubuntu22_x86_64-7.3.2-20220804-6354275  User: oesteban  Machine: dna032  Platform: Linux  PlatformVersion: 5.14.0-427.37.1.el9_4.x86_64  CompilerName: GCC  CompilerVersion: 8.4.0
ProgramName: mris_sphere  ProgramArguments: mris_sphere -all-info  ProgramVersion: 7.3.2  TimeStamp: 2026/03/06-05:19:40-GMT  BuildTime: Aug  4 2022 06:17:15  BuildStamp: freesurfer-linux-ubuntu22_x86_64-7.3.2-20220804-6354275  User: oesteban  Machine: dna032  Platform: Linux  PlatformVersion: 5.14.0-427.37.1.el9_4.x86_64  CompilerName: GCC  CompilerVersion: 8.4.0
ProgramName: mris_surface_stats  ProgramArguments: mris_surface_stats -all-info  ProgramVersion: 7.3.2  TimeStamp: 2026/03/06-05:19:40-GMT  BuildTime: Aug  4 2022 06:17:15  BuildStamp: freesurfer-linux-ubuntu22_x86_64-7.3.2-20220804-6354275  User: oesteban  Machine: dna032  Platform: Linux  PlatformVersion: 5.14.0-427.37.1.el9_4.x86_64  CompilerName: GCC  CompilerVersion: 8.4.0
ProgramName: mri_stats2seg  ProgramArguments: mri_stats2seg -all-info  ProgramVersion: 7.3.2  TimeStamp: 2026/03/06-05:19:40-GMT  BuildTime: Aug  4 2022 06:17:15  BuildStamp: freesurfer-linux-ubuntu22_x86_64-7.3.2-20220804-6354275  User: oesteban  Machine: dna032  Platform: Linux  PlatformVersion: 5.14.0-427.37.1.el9_4.x86_64  CompilerName: GCC  CompilerVersion: 8.4.0
ProgramName: mris_thickness  ProgramArguments: mris_thickness -all-info  ProgramVersion: 7.3.2  TimeStamp: 2026/03/06-05:19:40-GMT  BuildTime: Aug  4 2022 06:17:15  BuildStamp: freesurfer-linux-ubuntu22_x86_64-7.3.2-20220804-6354275  User: oesteban  Machine: dna032  Platform: Linux  PlatformVersion: 5.14.0-427.37.1.el9_4.x86_64  CompilerName: GCC  CompilerVersion: 8.4.0
ProgramName: mris_thickness_diff  ProgramArguments: mris_thickness_diff -all-info  ProgramVersion: 7.3.2  TimeStamp: 2026/03/06-05:19:40-GMT  BuildTime: Aug  4 2022 06:17:15  BuildStamp: freesurfer-linux-ubuntu22_x86_64-7.3.2-20220804-6354275  User: oesteban  Machine: dna032  Platform: Linux  PlatformVersion: 5.14.0-427.37.1.el9_4.x86_64  CompilerName: GCC  CompilerVersion: 8.4.0
ProgramName: mris_topo_fixer  ProgramArguments: mris_topo_fixer -all-info  ProgramVersion: 7.3.2  TimeStamp: 2026/03/06-05:19:40-GMT  BuildTime: Aug  4 2022 06:17:15  BuildStamp: freesurfer-linux-ubuntu22_x86_64-7.3.2-20220804-6354275  User: oesteban  Machine: dna032  Platform: Linux  PlatformVersion: 5.14.0-427.37.1.el9_4.x86_64  CompilerName: GCC  CompilerVersion: 8.4.0
ProgramName: mri_surf2surf  ProgramArguments: mri_surf2surf -all-info  ProgramVersion: 7.3.2  TimeStamp: 2026/03/06-05:19:40-GMT  BuildTime: Aug  4 2022 06:17:15  BuildStamp: freesurfer-linux-ubuntu22_x86_64-7.3.2-20220804-6354275  User: oesteban  Machine: dna032  Platform: Linux  PlatformVersion: 5.14.0-427.37.1.el9_4.x86_64  CompilerName: GCC  CompilerVersion: 8.4.0
ProgramName: mri_surf2vol  ProgramArguments: mri_surf2vol -all-info  ProgramVersion: 7.3.2  TimeStamp: 2026/03/06-05:19:40-GMT  BuildTime: Aug  4 2022 06:17:15  BuildStamp: freesurfer-linux-ubuntu22_x86_64-7.3.2-20220804-6354275  User: oesteban  Machine: dna032  Platform: Linux  PlatformVersion: 5.14.0-427.37.1.el9_4.x86_64  CompilerName: GCC  CompilerVersion: 8.4.0
ProgramName: mri_surfcluster  ProgramArguments: mri_surfcluster -all-info  ProgramVersion: 7.3.2  TimeStamp: 2026/03/06-05:19:40-GMT  BuildTime: Aug  4 2022 06:17:15  BuildStamp: freesurfer-linux-ubuntu22_x86_64-7.3.2-20220804-6354275  User: oesteban  Machine: dna032  Platform: Linux  PlatformVersion: 5.14.0-427.37.1.el9_4.x86_64  CompilerName: GCC  CompilerVersion: 8.4.0
ProgramName: mris_volmask  ProgramArguments: mris_volmask -all-info  ProgramVersion: 7.3.2  TimeStamp: 2026/03/06-05:19:40-GMT  BuildTime: Aug  4 2022 06:17:15  BuildStamp: freesurfer-linux-ubuntu22_x86_64-7.3.2-20220804-6354275  User: oesteban  Machine: dna032  Platform: Linux  PlatformVersion: 5.14.0-427.37.1.el9_4.x86_64  CompilerName: GCC  CompilerVersion: 8.4.0
ProgramName: mri_tessellate  ProgramArguments: mri_tessellate -all-info  ProgramVersion: 7.3.2  TimeStamp: 2026/03/06-05:19:40-GMT  BuildTime: Aug  4 2022 06:17:15  BuildStamp: freesurfer-linux-ubuntu22_x86_64-7.3.2-20220804-6354275  User: oesteban  Machine: dna032  Platform: Linux  PlatformVersion: 5.14.0-427.37.1.el9_4.x86_64  CompilerName: GCC  CompilerVersion: 8.4.0
ProgramName: mri_vol2surf  ProgramArguments: mri_vol2surf -all-info  ProgramVersion: 7.3.2  TimeStamp: 2026/03/06-05:19:40-GMT  BuildTime: Aug  4 2022 06:17:15  BuildStamp: freesurfer-linux-ubuntu22_x86_64-7.3.2-20220804-6354275  User: oesteban  Machine: dna032  Platform: Linux  PlatformVersion: 5.14.0-427.37.1.el9_4.x86_64  CompilerName: GCC  CompilerVersion: 8.4.0
ProgramName: mri_vol2vol  ProgramArguments: mri_vol2vol -all-info  ProgramVersion: 7.3.2  TimeStamp: 2026/03/06-05:19:40-GMT  BuildTime: Aug  4 2022 06:17:15  BuildStamp: freesurfer-linux-ubuntu22_x86_64-7.3.2-20220804-6354275  User: oesteban  Machine: dna032  Platform: Linux  PlatformVersion: 5.14.0-427.37.1.el9_4.x86_64  CompilerName: GCC  CompilerVersion: 8.4.0
ProgramName: mri_voldiff  ProgramArguments: mri_voldiff -all-info  ProgramVersion: 7.3.2  TimeStamp: 2026/03/06-05:19:40-GMT  BuildTime: Aug  4 2022 06:17:15  BuildStamp: freesurfer-linux-ubuntu22_x86_64-7.3.2-20220804-6354275  User: oesteban  Machine: dna032  Platform: Linux  PlatformVersion: 5.14.0-427.37.1.el9_4.x86_64  CompilerName: GCC  CompilerVersion: 8.4.0
ProgramName: mri_watershed  ProgramArguments: mri_watershed -all-info  ProgramVersion: 7.3.2  TimeStamp: 2026/03/06-05:19:40-GMT  BuildTime: Aug  4 2022 06:17:15  BuildStamp: freesurfer-linux-ubuntu22_x86_64-7.3.2-20220804-6354275  User: oesteban  Machine: dna032  Platform: Linux  PlatformVersion: 5.14.0-427.37.1.el9_4.x86_64  CompilerName: GCC  CompilerVersion: 8.4.0
ProgramName: tkregister2  ProgramArguments: tkregister2_cmdl -all-info  ProgramVersion: 7.3.2  TimeStamp: 2026/03/06-05:19:40-GMT  BuildTime: Aug  4 2022 06:17:15  BuildStamp: freesurfer-linux-ubuntu22_x86_64-7.3.2-20220804-6354275  User: oesteban  Machine: dna032  Platform: Linux  PlatformVersion: 5.14.0-427.37.1.el9_4.x86_64  CompilerName: GCC  CompilerVersion: 8.4.0
mri_motion_correct.fsl 7.3.2
mri_convert -all-info 
ProgramName: mri_convert  ProgramArguments: mri_convert -all-info  ProgramVersion: 7.3.2  TimeStamp: 2026/03/06-05:19:40-GMT  BuildTime: Aug  4 2022 06:17:15  BuildStamp: freesurfer-linux-ubuntu22_x86_64-7.3.2-20220804-6354275  User: oesteban  Machine: dna032  Platform: Linux  PlatformVersion: 5.14.0-427.37.1.el9_4.x86_64  CompilerName: GCC  CompilerVersion: 8.4.0
Program nu_correct, built from:
Package MNI N3, version 1.12.0, compiled by nicks@terrier (x86_64-unknown-linux-gnu) on 2015-06-19 at 01:25:34
#######################################
GCADIR /opt/freesurfer/average
GCA RB_all_2020-01-02.gca
GCASkull RB_all_withskull_2020_01_02.gca
AvgCurvTif folding.atlas.acfb40.noaparc.i12.2016-08-02.tif
GCSDIR /opt/freesurfer/average
GCS DKaparc.atlas.acfb40.noaparc.i12.2016-08-02.gcs
#######################################
/out/sourcedata/freesurfer/sub-v1s10x0050994_ses-1

 mri_convert /work/fmriprep_25_2_wf/sub_v1s10x0050994_ses_1_wf/anat_fit_wf/anat_validate/sub-v1s10x0050994_ses-1_T1w_noise_corrected_ras_valid.nii.gz /out/sourcedata/freesurfer/sub-v1s10x0050994_ses-1/mri/orig/001.mgz 

mri_convert /work/fmriprep_25_2_wf/sub_v1s10x0050994_ses_1_wf/anat_fit_wf/anat_validate/sub-v1s10x0050994_ses-1_T1w_noise_corrected_ras_valid.nii.gz /out/sourcedata/freesurfer/sub-v1s10x0050994_ses-1/mri/orig/001.mgz 
reading from /work/fmriprep_25_2_wf/sub_v1s10x0050994_ses_1_wf/anat_fit_wf/anat_validate/sub-v1s10x0050994_ses-1_T1w_noise_corrected_ras_valid.nii.gz...
TR=0.00, TE=0.00, TI=0.00, flip angle=0.00
i_ras = (1, 0, 0)
j_ras = (0, 1, 0)
k_ras = (0, 0, 1)
writing to /out/sourcedata/freesurfer/sub-v1s10x0050994_ses-1/mri/orig/001.mgz...
#--------------------------------------------
#@# MotionCor Fri Mar  6 06:19:41 CET 2026
Found 1 runs
/out/sourcedata/freesurfer/sub-v1s10x0050994_ses-1/mri/orig/001.mgz
Checking for (invalid) multi-frame inputs...
Only one run found so motion
correction will not be performed. I'll
copy the run to rawavg and continue.

 cp /out/sourcedata/freesurfer/sub-v1s10x0050994_ses-1/mri/orig/001.mgz /out/sourcedata/freesurfer/sub-v1s10x0050994_ses-1/mri/rawavg.mgz 


 mri_info /out/sourcedata/freesurfer/sub-v1s10x0050994_ses-1/mri/rawavg.mgz 

rawavg.mgz ========================================
Volume information for /out/sourcedata/freesurfer/sub-v1s10x0050994_ses-1/mri/rawavg.mgz
          type: MGH
    dimensions: 128 x 256 x 256
   voxel sizes: 1.330002, 1.000000, 1.000000
          type: FLOAT (3)
           fov: 256.000
           dof: 1
        xstart: -85.1, xend: 85.1
        ystart: -128.0, yend: 128.0
        zstart: -128.0, zend: 128.0
            TR: 0.00 msec, TE: 0.00 msec, TI: 0.00 msec, flip angle: 0.00 degrees
       nframes: 1
       PhEncDir: UNKNOWN
       FieldStrength: 0.000000
ras xform present
    xform info: x_r =   1.0000, y_r =   0.0000, z_r =   0.0000, c_r =     4.2796
              : x_a =   0.0000, y_a =   1.0000, z_a =   0.0000, c_a =     2.4458
              : x_s =   0.0000, y_s =   0.0000, z_s =   1.0000, c_s =    -2.6145

talairach xfm : 
Orientation   : RAS
Primary Slice Direction: axial

voxel to ras transform:
                1.3300   0.0000   0.0000   -80.8405
                0.0000   1.0000   0.0000  -125.5542
                0.0000   0.0000   1.0000  -130.6145
                0.0000   0.0000   0.0000     1.0000

voxel-to-ras determinant 1.33

ras to voxel transform:
                0.7519   0.0000   0.0000    60.7823
                0.0000   1.0000   0.0000   125.5542
                0.0000   0.0000   1.0000   130.6145
                0.0000   0.0000   0.0000     1.0000
/out/sourcedata/freesurfer/sub-v1s10x0050994_ses-1

 mri_convert /out/sourcedata/freesurfer/sub-v1s10x0050994_ses-1/mri/rawavg.mgz /out/sourcedata/freesurfer/sub-v1s10x0050994_ses-1/mri/orig.mgz --conform 

mri_convert /out/sourcedata/freesurfer/sub-v1s10x0050994_ses-1/mri/rawavg.mgz /out/sourcedata/freesurfer/sub-v1s10x0050994_ses-1/mri/orig.mgz --conform 
reading from /out/sourcedata/freesurfer/sub-v1s10x0050994_ses-1/mri/rawavg.mgz...
TR=0.00, TE=0.00, TI=0.00, flip angle=0.00
i_ras = (1, 0, 0)
j_ras = (0, 1, 0)
k_ras = (0, 0, 1)
changing data type from float to uchar (noscale = 0)...
MRIchangeType: Building histogram 0 451.248 1000, flo=0, fhi=0.999, dest_type=0
Reslicing using trilinear interpolation 
writing to /out/sourcedata/freesurfer/sub-v1s10x0050994_ses-1/mri/orig.mgz...

 mri_add_xform_to_header -c /out/sourcedata/freesurfer/sub-v1s10x0050994_ses-1/mri/transforms/talairach.xfm /out/sourcedata/freesurfer/sub-v1s10x0050994_ses-1/mri/orig.mgz /out/sourcedata/freesurfer/sub-v1s10x0050994_ses-1/mri/orig.mgz 

INFO: extension is mgz

 mri_info /out/sourcedata/freesurfer/sub-v1s10x0050994_ses-1/mri/orig.mgz 

orig.mgz ========================================
Volume information for /out/sourcedata/freesurfer/sub-v1s10x0050994_ses-1/mri/orig.mgz
          type: MGH
    dimensions: 256 x 256 x 256
   voxel sizes: 1.000000, 1.000000, 1.000000
          type: UCHAR (0)
           fov: 256.000
           dof: 1
        xstart: -128.0, xend: 128.0
        ystart: -128.0, yend: 128.0
        zstart: -128.0, zend: 128.0
            TR: 0.00 msec, TE: 0.00 msec, TI: 0.00 msec, flip angle: 0.00 degrees
       nframes: 1
       PhEncDir: UNKNOWN
       FieldStrength: 0.000000
ras xform present
    xform info: x_r =  -1.0000, y_r =   0.0000, z_r =   0.0000, c_r =     4.2796
              : x_a =   0.0000, y_a =   0.0000, z_a =   1.0000, c_a =     2.4458
              : x_s =   0.0000, y_s =  -1.0000, z_s =   0.0000, c_s =    -2.6145

talairach xfm : /out/sourcedata/freesurfer/sub-v1s10x0050994_ses-1/mri/transforms/talairach.xfm
Orientation   : LIA
Primary Slice Direction: coronal

voxel to ras transform:
               -1.0000   0.0000   0.0000   132.2796
                0.0000   0.0000   1.0000  -125.5542
                0.0000  -1.0000   0.0000   125.3855
                0.0000   0.0000   0.0000     1.0000

voxel-to-ras determinant -1

ras to voxel transform:
               -1.0000  -0.0000  -0.0000   132.2796
               -0.0000  -0.0000  -1.0000   125.3855
               -0.0000   1.0000  -0.0000   125.5542
               -0.0000  -0.0000  -0.0000     1.0000
#--------------------------------------------
#@# Talairach Fri Mar  6 06:19:50 CET 2026
/out/sourcedata/freesurfer/sub-v1s10x0050994_ses-1/mri

 mri_nu_correct.mni --no-rescale --i orig.mgz --o orig_nu.mgz --ants-n4 --n 1 --proto-iters 1000 --distance 50 

/usr/bin/bc
/out/sourcedata/freesurfer/sub-v1s10x0050994_ses-1/mri
/opt/freesurfer/bin/mri_nu_correct.mni
--no-rescale --i orig.mgz --o orig_nu.mgz --ants-n4 --n 1 --proto-iters 1000 --distance 50
nIters 1
mri_nu_correct.mni 7.3.2
Linux dna032 5.14.0-427.37.1.el9_4.x86_64 #1 SMP PREEMPT_DYNAMIC Fri Sep 13 12:41:50 EDT 2024 x86_64 x86_64 x86_64 GNU/Linux
Fri Mar  6 06:19:50 CET 2026
tmpdir is ./tmp.mri_nu_correct.mni.3159358
cd /out/sourcedata/freesurfer/sub-v1s10x0050994_ses-1/mri
AntsN4BiasFieldCorrectionFs -i orig.mgz -o ./tmp.mri_nu_correct.mni.3159358/nu0.mgz --dtype uchar
AntsN4BiasFieldCorrectionFs done
mri_convert ./tmp.mri_nu_correct.mni.3159358/nu0.mgz orig_nu.mgz --like orig.mgz --conform
mri_convert ./tmp.mri_nu_correct.mni.3159358/nu0.mgz orig_nu.mgz --like orig.mgz --conform 
reading from ./tmp.mri_nu_correct.mni.3159358/nu0.mgz...
TR=0.00, TE=0.00, TI=0.00, flip angle=0.00
i_ras = (-1, 0, 0)
j_ras = (0, 0, -1)
k_ras = (0, 1, 0)
INFO: transform src into the like-volume: orig.mgz
writing to orig_nu.mgz...
 
 
Fri Mar  6 06:22:44 CET 2026
mri_nu_correct.mni done

 talairach_avi --i orig_nu.mgz --xfm transforms/talairach.auto.xfm 

talairach_avi log file is transforms/talairach_avi.log...
mv -f /out/sourcedata/freesurfer/sub-v1s10x0050994_ses-1/mri/talsrcimg_to_711-2C_as_mni_average_305_t4_vox2vox.txt /out/sourcedata/freesurfer/sub-v1s10x0050994_ses-1/mri/transforms/talsrcimg_to_711-2C_as_mni_average_305_t4_vox2vox.txt
Started at Fri Mar 6 06:22:44 CET 2026
Ended   at Fri Mar  6 06:24:13 CET 2026
talairach_avi done

 cp transforms/talairach.auto.xfm transforms/talairach.xfm 

lta_convert --src orig.mgz --trg /opt/freesurfer/average/mni305.cor.mgz --inxfm transforms/talairach.xfm --outlta transforms/talairach.xfm.lta --subject fsaverage --ltavox2vox
7.3.2

--src: orig.mgz src image (geometry).
--trg: /opt/freesurfer/average/mni305.cor.mgz trg image (geometry).
--inmni: transforms/talairach.xfm input MNI/XFM transform.
--outlta: transforms/talairach.xfm.lta output LTA.
--s: fsaverage subject name
--ltavox2vox: output LTA as VOX_TO_VOX transform.
 LTA read, type : 1
 1.13818  -0.01699   0.09843  -1.63286;
-0.12836   1.12299   0.35413   2.51607;
-0.02864  -0.36515   1.33976   34.66000;
 0.00000   0.00000   0.00000   1.00000;
setting subject to fsaverage
Writing  LTA to file transforms/talairach.xfm.lta...
lta_convert successful.
#--------------------------------------------
#@# Talairach Failure Detection Fri Mar  6 06:24:15 CET 2026
/out/sourcedata/freesurfer/sub-v1s10x0050994_ses-1/mri

 talairach_afd -T 0.005 -xfm transforms/talairach.xfm 

talairach_afd: Talairach Transform: transforms/talairach.xfm OK (p=0.6217, pval=0.2817 >= threshold=0.0050)

 awk -f /opt/freesurfer/bin/extract_talairach_avi_QA.awk /out/sourcedata/freesurfer/sub-v1s10x0050994_ses-1/mri/transforms/talairach_avi.log 


 tal_QC_AZS /out/sourcedata/freesurfer/sub-v1s10x0050994_ses-1/mri/transforms/talairach_avi.log 

TalAviQA: 0.96643
z-score: -2
#--------------------------------------------
#@# Nu Intensity Correction Fri Mar  6 06:24:15 CET 2026

 mri_nu_correct.mni --i orig.mgz --o nu.mgz --uchar transforms/talairach.xfm --n 2 --ants-n4 

/usr/bin/bc
/out/sourcedata/freesurfer/sub-v1s10x0050994_ses-1/mri
/opt/freesurfer/bin/mri_nu_correct.mni
--i orig.mgz --o nu.mgz --uchar transforms/talairach.xfm --n 2 --ants-n4
nIters 2
mri_nu_correct.mni 7.3.2
Linux dna032 5.14.0-427.37.1.el9_4.x86_64 #1 SMP PREEMPT_DYNAMIC Fri Sep 13 12:41:50 EDT 2024 x86_64 x86_64 x86_64 GNU/Linux
Fri Mar  6 06:24:15 CET 2026
tmpdir is ./tmp.mri_nu_correct.mni.3160120
cd /out/sourcedata/freesurfer/sub-v1s10x0050994_ses-1/mri
AntsN4BiasFieldCorrectionFs -i orig.mgz -o ./tmp.mri_nu_correct.mni.3160120/nu0.mgz --dtype uchar
AntsN4BiasFieldCorrectionFs done
mri_binarize --i ./tmp.mri_nu_correct.mni.3160120/nu0.mgz --min -1 --o ./tmp.mri_nu_correct.mni.3160120/ones.mgz

7.3.2
cwd /out/sourcedata/freesurfer/sub-v1s10x0050994_ses-1/mri
cmdline mri_binarize --i ./tmp.mri_nu_correct.mni.3160120/nu0.mgz --min -1 --o ./tmp.mri_nu_correct.mni.3160120/ones.mgz 
sysname  Linux
hostname dna032
machine  x86_64
user     oesteban

input      ./tmp.mri_nu_correct.mni.3160120/nu0.mgz
frame      0
nErode3d   0
nErode2d   0
output     ./tmp.mri_nu_correct.mni.3160120/ones.mgz
Binarizing based on threshold
min        -1
max        +infinity
binval        1
binvalnot     0
fstart = 0, fend = 0, nframes = 1
Starting parallel 1
Found 16777216 values in range
Counting number of voxels in first frame
Found 16777215 voxels in final mask
Writing output to ./tmp.mri_nu_correct.mni.3160120/ones.mgz
Count: 16777215 16777215.000000 16777216 99.999994
mri_binarize done
mri_segstats --id 1 --seg ./tmp.mri_nu_correct.mni.3160120/ones.mgz --i orig.mgz --sum ./tmp.mri_nu_correct.mni.3160120/sum.junk --avgwf ./tmp.mri_nu_correct.mni.3160120/input.mean.dat

7.3.2
cwd 
cmdline mri_segstats --id 1 --seg ./tmp.mri_nu_correct.mni.3160120/ones.mgz --i orig.mgz --sum ./tmp.mri_nu_correct.mni.3160120/sum.junk --avgwf ./tmp.mri_nu_correct.mni.3160120/input.mean.dat 
sysname  Linux
hostname dna032
machine  x86_64
user     oesteban
whitesurfname  white
UseRobust  0
Loading ./tmp.mri_nu_correct.mni.3160120/ones.mgz
Loading orig.mgz
Voxel Volume is 1 mm^3
Generating list of segmentation ids
Found   1 segmentations
Computing statistics for each segmentation

Reporting on   1 segmentations
Using PrintSegStat
Computing spatial average of each frame

Writing to ./tmp.mri_nu_correct.mni.3160120/input.mean.dat
mri_segstats done
mri_segstats --id 1 --seg ./tmp.mri_nu_correct.mni.3160120/ones.mgz --i ./tmp.mri_nu_correct.mni.3160120/nu0.mgz --sum ./tmp.mri_nu_correct.mni.3160120/sum.junk --avgwf ./tmp.mri_nu_correct.mni.3160120/output.mean.dat

7.3.2
cwd 
cmdline mri_segstats --id 1 --seg ./tmp.mri_nu_correct.mni.3160120/ones.mgz --i ./tmp.mri_nu_correct.mni.3160120/nu0.mgz --sum ./tmp.mri_nu_correct.mni.3160120/sum.junk --avgwf ./tmp.mri_nu_correct.mni.3160120/output.mean.dat 
sysname  Linux
hostname dna032
machine  x86_64
user     oesteban
whitesurfname  white
UseRobust  0
Loading ./tmp.mri_nu_correct.mni.3160120/ones.mgz
Loading ./tmp.mri_nu_correct.mni.3160120/nu0.mgz
Voxel Volume is 1 mm^3
Generating list of segmentation ids
Found   1 segmentations
Computing statistics for each segmentation

Reporting on   1 segmentations
Using PrintSegStat
Computing spatial average of each frame

Writing to ./tmp.mri_nu_correct.mni.3160120/output.mean.dat
mri_segstats done
mris_calc -o ./tmp.mri_nu_correct.mni.3160120/nu0.mgz ./tmp.mri_nu_correct.mni.3160120/nu0.mgz mul 1.26703288438759330404
Saving result to './tmp.mri_nu_correct.mni.3160120/nu0.mgz' (type = MGH )                       [ ok ]
mri_convert ./tmp.mri_nu_correct.mni.3160120/nu0.mgz nu.mgz --like orig.mgz
mri_convert ./tmp.mri_nu_correct.mni.3160120/nu0.mgz nu.mgz --like orig.mgz 
reading from ./tmp.mri_nu_correct.mni.3160120/nu0.mgz...
TR=0.00, TE=0.00, TI=0.00, flip angle=0.00
i_ras = (-1, 0, 0)
j_ras = (0, 0, -1)
k_ras = (0, 1, 0)
INFO: transform src into the like-volume: orig.mgz
writing to nu.mgz...
mri_make_uchar nu.mgz transforms/talairach.xfm nu.mgz
type change took 0 minutes and 6 seconds.
FIRST_PERCENTILE 0.010000
WM_PERCENTILE    0.900000
MAX_R 50.000000
i1 = 4, i2 = 73
#mri_make_uchar# mapping 10 188 to  3 110  :  b -3.67899 m 0.604578 : thresh 6.08521 maxsat 427.867 : nzero 13093807 nsat 0
 
 
Fri Mar  6 06:27:29 CET 2026
mri_nu_correct.mni done

 mri_add_xform_to_header -c /out/sourcedata/freesurfer/sub-v1s10x0050994_ses-1/mri/transforms/talairach.xfm nu.mgz nu.mgz 

INFO: extension is mgz
#--------------------------------------------
#@# Intensity Normalization Fri Mar  6 06:27:30 CET 2026
/out/sourcedata/freesurfer/sub-v1s10x0050994_ses-1/mri

 mri_normalize -g 1 -seed 1234 -mprage nu.mgz T1.mgz 

using max gradient = 1.000
setting seed for random number genererator to 1234
assuming input volume is MGH (Van der Kouwe) MP-RAGE
reading mri_src from nu.mgz...
normalizing image...
NOT doing gentle normalization with control points/label
talairach transform
 1.13818  -0.01699   0.09843  -1.63286;
-0.12836   1.12299   0.35413   2.51607;
-0.02864  -0.36515   1.33976   34.66000;
 0.00000   0.00000   0.00000   1.00000;
processing without aseg, no1d=0
MRInormInit(): 
INFO: Modifying talairach volume c_(r,a,s) based on average_305
MRInormalize(): 
MRIsplineNormalize(): npeaks = 12
Starting OpenSpline(): npoints = 12
building Voronoi diagram...
performing soap bubble smoothing, sigma = 8...

Iterating 2 times
---------------------------------
3d normalization pass 1 of 2
white matter peak found at 110
white matter peak found at 110
gm peak at 58 (58), valley at 39 (39)
csf peak at 15, setting threshold to 43
building Voronoi diagram...
performing soap bubble smoothing, sigma = 8...
---------------------------------
3d normalization pass 2 of 2
white matter peak found at 110
white matter peak found at 110
gm peak at 55 (55), valley at 40 (40)
csf peak at 28, setting threshold to 46
building Voronoi diagram...
performing soap bubble smoothing, sigma = 8...
Done iterating ---------------------------------
writing output to T1.mgz
3D bias adjustment took 1 minutes and 51 seconds.

Started at Fri Mar 6 06:19:39 CET 2026 
Ended   at Fri Mar 6 06:29:21 CET 2026
#@#%# recon-all-run-time-hours 0.162
recon-all -s sub-v1s10x0050994_ses-1 finished without error at Fri Mar  6 06:29:21 CET 2026



#New# invocation of recon-all 




Fri Mar  6 06:36:12 CET 2026
cd /out/sourcedata/freesurfer/sub-v1s10x0050994_ses-1
setenv SUBJECTS_DIR /out/sourcedata/freesurfer
/opt/freesurfer/bin/recon-all -openmp 16 -subjid sub-v1s10x0050994_ses-1 -sd /out/sourcedata/freesurfer -gcareg

subjid sub-v1s10x0050994_ses-1
setenv SUBJECTS_DIR /out/sourcedata/freesurfer
FREESURFER_HOME /opt/freesurfer
Actual FREESURFER_HOME /opt/freesurfer
build-stamp.txt: freesurfer-linux-ubuntu22_x86_64-7.3.2-20220804-6354275
Linux dna032 5.14.0-427.37.1.el9_4.x86_64 #1 SMP PREEMPT_DYNAMIC Fri Sep 13 12:41:50 EDT 2024 x86_64 x86_64 x86_64 GNU/Linux
cputime      unlimited
filesize     unlimited
datasize     unlimited
stacksize    8192 kbytes
coredumpsize 0 kbytes
memoryuse    67108864 kbytes
vmemoryuse   unlimited
descriptors  1024 
memorylocked unlimited
maxproc      2061970 
maxlocks     unlimited
maxsignal    2061970 
maxmessage   819200 
maxnice      0 
maxrtprio    0 
maxrttime    unlimited

               total        used        free      shared  buff/cache   available
Mem:           503Gi        48Gi       298Gi       8.9Gi       156Gi       442Gi
Swap:             0B          0B          0B

########################################
program versions used
7.3.2 (freesurfer-linux-ubuntu22_x86_64-7.3.2-20220804-6354275)
7.3.2

ProgramName: lta_convert  ProgramArguments: lta_convert -all-info  ProgramVersion: 7.3.2  TimeStamp: 2026/03/06-05:36:12-GMT  BuildTime: Aug  4 2022 06:17:15  BuildStamp: freesurfer-linux-ubuntu22_x86_64-7.3.2-20220804-6354275  User: oesteban  Machine: dna032  Platform: Linux  PlatformVersion: 5.14.0-427.37.1.el9_4.x86_64  CompilerName: GCC  CompilerVersion: 8.4.0
ProgramName: mri_and  ProgramArguments: mri_and -all-info  ProgramVersion: 7.3.2  TimeStamp: 2026/03/06-05:36:12-GMT  BuildTime: Aug  4 2022 06:17:15  BuildStamp: freesurfer-linux-ubuntu22_x86_64-7.3.2-20220804-6354275  User: oesteban  Machine: dna032  Platform: Linux  PlatformVersion: 5.14.0-427.37.1.el9_4.x86_64  CompilerName: GCC  CompilerVersion: 8.4.0
ProgramName: mri_annotation2label  ProgramArguments: mri_annotation2label -all-info  ProgramVersion: 7.3.2  TimeStamp: 2026/03/06-05:36:12-GMT  BuildTime: Aug  4 2022 06:17:15  BuildStamp: freesurfer-linux-ubuntu22_x86_64-7.3.2-20220804-6354275  User: oesteban  Machine: dna032  Platform: Linux  PlatformVersion: 5.14.0-427.37.1.el9_4.x86_64  CompilerName: GCC  CompilerVersion: 8.4.0
ProgramName: mri_aparc2aseg  ProgramArguments: mri_aparc2aseg -all-info  ProgramVersion: 7.3.2  TimeStamp: 2026/03/06-05:36:12-GMT  BuildTime: Aug  4 2022 06:17:15  BuildStamp: freesurfer-linux-ubuntu22_x86_64-7.3.2-20220804-6354275  User: oesteban  Machine: dna032  Platform: Linux  PlatformVersion: 5.14.0-427.37.1.el9_4.x86_64  CompilerName: GCC  CompilerVersion: 8.4.0
ProgramName: mri_surf2volseg  ProgramArguments: mri_surf2volseg -all-info  ProgramVersion: 7.3.2  TimeStamp: 2026/03/06-05:36:12-GMT  BuildTime: Aug  4 2022 06:17:15  BuildStamp: freesurfer-linux-ubuntu22_x86_64-7.3.2-20220804-6354275  User: oesteban  Machine: dna032  Platform: Linux  PlatformVersion: 5.14.0-427.37.1.el9_4.x86_64  CompilerName: GCC  CompilerVersion: 8.4.0
ProgramName: mri_binarize  ProgramArguments: mri_binarize -all-info  ProgramVersion: 7.3.2  TimeStamp: 2026/03/06-05:36:12-GMT  BuildTime: Aug  4 2022 06:17:15  BuildStamp: freesurfer-linux-ubuntu22_x86_64-7.3.2-20220804-6354275  User: oesteban  Machine: dna032  Platform: Linux  PlatformVersion: 5.14.0-427.37.1.el9_4.x86_64  CompilerName: GCC  CompilerVersion: 8.4.0
ProgramName: mri_ca_label  ProgramArguments: mri_ca_label -all-info  ProgramVersion: 7.3.2  TimeStamp: 2026/03/06-05:36:12-GMT  BuildTime: Aug  4 2022 06:17:15  BuildStamp: freesurfer-linux-ubuntu22_x86_64-7.3.2-20220804-6354275  User: oesteban  Machine: dna032  Platform: Linux  PlatformVersion: 5.14.0-427.37.1.el9_4.x86_64  CompilerName: GCC  CompilerVersion: 8.4.0
ProgramName: mri_ca_normalize  ProgramArguments: mri_ca_normalize -all-info  ProgramVersion: 7.3.2  TimeStamp: 2026/03/06-05:36:12-GMT  BuildTime: Aug  4 2022 06:17:15  BuildStamp: freesurfer-linux-ubuntu22_x86_64-7.3.2-20220804-6354275  User: oesteban  Machine: dna032  Platform: Linux  PlatformVersion: 5.14.0-427.37.1.el9_4.x86_64  CompilerName: GCC  CompilerVersion: 8.4.0
ProgramName: mri_ca_register  ProgramArguments: mri_ca_register -all-info  ProgramVersion: 7.3.2  TimeStamp: 2026/03/06-05:36:12-GMT  BuildTime: Aug  4 2022 06:17:15  BuildStamp: freesurfer-linux-ubuntu22_x86_64-7.3.2-20220804-6354275  User: oesteban  Machine: dna032  Platform: Linux  PlatformVersion: 5.14.0-427.37.1.el9_4.x86_64  CompilerName: GCC  CompilerVersion: 8.4.0
ProgramName: mri_cc  ProgramArguments: mri_cc -all-info  ProgramVersion: 7.3.2  TimeStamp: 2026/03/06-05:36:12-GMT  BuildTime: Aug  4 2022 06:17:15  BuildStamp: freesurfer-linux-ubuntu22_x86_64-7.3.2-20220804-6354275  User: oesteban  Machine: dna032  Platform: Linux  PlatformVersion: 5.14.0-427.37.1.el9_4.x86_64  CompilerName: GCC  CompilerVersion: 8.4.0
ProgramName: mri_compute_overlap  ProgramArguments: mri_compute_overlap -all-info  ProgramVersion: 7.3.2  TimeStamp: 2026/03/06-05:36:12-GMT  BuildTime: Aug  4 2022 06:17:15  BuildStamp: freesurfer-linux-ubuntu22_x86_64-7.3.2-20220804-6354275  User: oesteban  Machine: dna032  Platform: Linux  PlatformVersion: 5.14.0-427.37.1.el9_4.x86_64  CompilerName: GCC  CompilerVersion: 8.4.0
ProgramName: mri_compute_seg_overlap  ProgramArguments: mri_compute_seg_overlap -all-info  ProgramVersion: 7.3.2  TimeStamp: 2026/03/06-05:36:12-GMT  BuildTime: Aug  4 2022 06:17:15  BuildStamp: freesurfer-linux-ubuntu22_x86_64-7.3.2-20220804-6354275  User: oesteban  Machine: dna032  Platform: Linux  PlatformVersion: 5.14.0-427.37.1.el9_4.x86_64  CompilerName: GCC  CompilerVersion: 8.4.0
ProgramName: mri_concat  ProgramArguments: mri_concat -all-info  ProgramVersion: 7.3.2  TimeStamp: 2026/03/06-05:36:12-GMT  BuildTime: Aug  4 2022 06:17:15  BuildStamp: freesurfer-linux-ubuntu22_x86_64-7.3.2-20220804-6354275  User: oesteban  Machine: dna032  Platform: Linux  PlatformVersion: 5.14.0-427.37.1.el9_4.x86_64  CompilerName: GCC  CompilerVersion: 8.4.0
ProgramName: mri_concatenate_lta  ProgramArguments: mri_concatenate_lta -all-info  ProgramVersion: 7.3.2  TimeStamp: 2026/03/06-05:36:12-GMT  BuildTime: Aug  4 2022 06:17:15  BuildStamp: freesurfer-linux-ubuntu22_x86_64-7.3.2-20220804-6354275  User: oesteban  Machine: dna032  Platform: Linux  PlatformVersion: 5.14.0-427.37.1.el9_4.x86_64  CompilerName: GCC  CompilerVersion: 8.4.0
mri_convert -all-info 
ProgramName: mri_convert  ProgramArguments: mri_convert -all-info  ProgramVersion: 7.3.2  TimeStamp: 2026/03/06-05:36:12-GMT  BuildTime: Aug  4 2022 06:17:15  BuildStamp: freesurfer-linux-ubuntu22_x86_64-7.3.2-20220804-6354275  User: oesteban  Machine: dna032  Platform: Linux  PlatformVersion: 5.14.0-427.37.1.el9_4.x86_64  CompilerName: GCC  CompilerVersion: 8.4.0
ProgramName: mri_diff  ProgramArguments: mri_diff -all-info  ProgramVersion: 7.3.2  TimeStamp: 2026/03/06-05:36:12-GMT  BuildTime: Aug  4 2022 06:17:15  BuildStamp: freesurfer-linux-ubuntu22_x86_64-7.3.2-20220804-6354275  User: oesteban  Machine: dna032  Platform: Linux  PlatformVersion: 5.14.0-427.37.1.el9_4.x86_64  CompilerName: GCC  CompilerVersion: 8.4.0
ProgramName: mri_edit_wm_with_aseg  ProgramArguments: mri_edit_wm_with_aseg -all-info  ProgramVersion: 7.3.2  TimeStamp: 2026/03/06-05:36:12-GMT  BuildTime: Aug  4 2022 06:17:15  BuildStamp: freesurfer-linux-ubuntu22_x86_64-7.3.2-20220804-6354275  User: oesteban  Machine: dna032  Platform: Linux  PlatformVersion: 5.14.0-427.37.1.el9_4.x86_64  CompilerName: GCC  CompilerVersion: 8.4.0
ProgramName: mri_em_register  ProgramArguments: mri_em_register -all-info  ProgramVersion: 7.3.2  TimeStamp: 2026/03/06-05:36:12-GMT  BuildTime: Aug  4 2022 06:17:15  BuildStamp: freesurfer-linux-ubuntu22_x86_64-7.3.2-20220804-6354275  User: oesteban  Machine: dna032  Platform: Linux  PlatformVersion: 5.14.0-427.37.1.el9_4.x86_64  CompilerName: GCC  CompilerVersion: 8.4.0
ProgramName: mri_fill  ProgramArguments: mri_fill -all-info  ProgramVersion: 7.3.2  TimeStamp: 2026/03/06-05:36:12-GMT  BuildTime: Aug  4 2022 06:17:15  BuildStamp: freesurfer-linux-ubuntu22_x86_64-7.3.2-20220804-6354275  User: oesteban  Machine: dna032  Platform: Linux  PlatformVersion: 5.14.0-427.37.1.el9_4.x86_64  CompilerName: GCC  CompilerVersion: 8.4.0
ProgramName: mri_fuse_segmentations  ProgramArguments: mri_fuse_segmentations -all-info  ProgramVersion: 7.3.2  TimeStamp: 2026/03/06-05:36:12-GMT  BuildTime: Aug  4 2022 06:17:15  BuildStamp: freesurfer-linux-ubuntu22_x86_64-7.3.2-20220804-6354275  User: oesteban  Machine: dna032  Platform: Linux  PlatformVersion: 5.14.0-427.37.1.el9_4.x86_64  CompilerName: GCC  CompilerVersion: 8.4.0
ProgramName: mri_fwhm  ProgramArguments: mri_fwhm -all-info  ProgramVersion: 7.3.2  TimeStamp: 2026/03/06-05:36:12-GMT  BuildTime: Aug  4 2022 06:17:15  BuildStamp: freesurfer-linux-ubuntu22_x86_64-7.3.2-20220804-6354275  User: oesteban  Machine: dna032  Platform: Linux  PlatformVersion: 5.14.0-427.37.1.el9_4.x86_64  CompilerName: GCC  CompilerVersion: 8.4.0
ProgramName: mri_gcut  ProgramArguments: mri_gcut -all-info  ProgramVersion: 7.3.2  TimeStamp: 2026/03/06-05:36:12-GMT  BuildTime: Aug  4 2022 06:17:15  BuildStamp: freesurfer-linux-ubuntu22_x86_64-7.3.2-20220804-6354275  User: oesteban  Machine: dna032  Platform: Linux  PlatformVersion: 5.14.0-427.37.1.el9_4.x86_64  CompilerName: GCC  CompilerVersion: 8.4.0
ProgramName: mri_info  ProgramArguments: mri_info -all-info  ProgramVersion: 7.3.2  TimeStamp: 2026/03/06-05:36:12-GMT  BuildTime: Aug  4 2022 06:17:15  BuildStamp: freesurfer-linux-ubuntu22_x86_64-7.3.2-20220804-6354275  User: oesteban  Machine: dna032  Platform: Linux  PlatformVersion: 5.14.0-427.37.1.el9_4.x86_64  CompilerName: GCC  CompilerVersion: 8.4.0
ProgramName: mri_label2label  ProgramArguments: mri_label2label -all-info  ProgramVersion: 7.3.2  TimeStamp: 2026/03/06-05:36:12-GMT  BuildTime: Aug  4 2022 06:17:15  BuildStamp: freesurfer-linux-ubuntu22_x86_64-7.3.2-20220804-6354275  User: oesteban  Machine: dna032  Platform: Linux  PlatformVersion: 5.14.0-427.37.1.el9_4.x86_64  CompilerName: GCC  CompilerVersion: 8.4.0
ProgramName: mri_label2vol  ProgramArguments: mri_label2vol -all-info  ProgramVersion: 7.3.2  TimeStamp: 2026/03/06-05:36:12-GMT  BuildTime: Aug  4 2022 06:17:15  BuildStamp: freesurfer-linux-ubuntu22_x86_64-7.3.2-20220804-6354275  User: oesteban  Machine: dna032  Platform: Linux  PlatformVersion: 5.14.0-427.37.1.el9_4.x86_64  CompilerName: GCC  CompilerVersion: 8.4.0
ProgramName: mri_log_likelihood  ProgramArguments: mri_log_likelihood -all-info  ProgramVersion: 7.3.2  TimeStamp: 2026/03/06-05:36:12-GMT  BuildTime: Aug  4 2022 06:17:15  BuildStamp: freesurfer-linux-ubuntu22_x86_64-7.3.2-20220804-6354275  User: oesteban  Machine: dna032  Platform: Linux  PlatformVersion: 5.14.0-427.37.1.el9_4.x86_64  CompilerName: GCC  CompilerVersion: 8.4.0
ProgramName: mri_mask  ProgramArguments: mri_mask -all-info  ProgramVersion: 7.3.2  TimeStamp: 2026/03/06-05:36:12-GMT  BuildTime: Aug  4 2022 06:17:15  BuildStamp: freesurfer-linux-ubuntu22_x86_64-7.3.2-20220804-6354275  User: oesteban  Machine: dna032  Platform: Linux  PlatformVersion: 5.14.0-427.37.1.el9_4.x86_64  CompilerName: GCC  CompilerVersion: 8.4.0
ProgramName: mri_matrix_multiply  ProgramArguments: mri_matrix_multiply -all-info  ProgramVersion: 7.3.2  TimeStamp: 2026/03/06-05:36:12-GMT  BuildTime: Aug  4 2022 06:17:15  BuildStamp: freesurfer-linux-ubuntu22_x86_64-7.3.2-20220804-6354275  User: oesteban  Machine: dna032  Platform: Linux  PlatformVersion: 5.14.0-427.37.1.el9_4.x86_64  CompilerName: GCC  CompilerVersion: 8.4.0
ProgramName: mri_normalize  ProgramArguments: mri_normalize -all-info  ProgramVersion: 7.3.2  TimeStamp: 2026/03/06-05:36:12-GMT  BuildTime: Aug  4 2022 06:17:15  BuildStamp: freesurfer-linux-ubuntu22_x86_64-7.3.2-20220804-6354275  User: oesteban  Machine: dna032  Platform: Linux  PlatformVersion: 5.14.0-427.37.1.el9_4.x86_64  CompilerName: GCC  CompilerVersion: 8.4.0
ProgramName: mri_normalize_tp2  ProgramArguments: mri_normalize_tp2 -all-info  ProgramVersion: 7.3.2  TimeStamp: 2026/03/06-05:36:12-GMT  BuildTime: Aug  4 2022 06:17:15  BuildStamp: freesurfer-linux-ubuntu22_x86_64-7.3.2-20220804-6354275  User: oesteban  Machine: dna032  Platform: Linux  PlatformVersion: 5.14.0-427.37.1.el9_4.x86_64  CompilerName: GCC  CompilerVersion: 8.4.0
ProgramName: mri_or  ProgramArguments: mri_or -all-info  ProgramVersion: 7.3.2  TimeStamp: 2026/03/06-05:36:12-GMT  BuildTime: Aug  4 2022 06:17:15  BuildStamp: freesurfer-linux-ubuntu22_x86_64-7.3.2-20220804-6354275  User: oesteban  Machine: dna032  Platform: Linux  PlatformVersion: 5.14.0-427.37.1.el9_4.x86_64  CompilerName: GCC  CompilerVersion: 8.4.0
ProgramName: mri_relabel_hypointensities  ProgramArguments: mri_relabel_hypointensities -all-info  ProgramVersion: 7.3.2  TimeStamp: 2026/03/06-05:36:12-GMT  BuildTime: Aug  4 2022 06:17:15  BuildStamp: freesurfer-linux-ubuntu22_x86_64-7.3.2-20220804-6354275  User: oesteban  Machine: dna032  Platform: Linux  PlatformVersion: 5.14.0-427.37.1.el9_4.x86_64  CompilerName: GCC  CompilerVersion: 8.4.0
ProgramName: mri_relabel_nonwm_hypos  ProgramArguments: mri_relabel_nonwm_hypos -all-info  ProgramVersion: 7.3.2  TimeStamp: 2026/03/06-05:36:12-GMT  BuildTime: Aug  4 2022 06:17:15  BuildStamp: freesurfer-linux-ubuntu22_x86_64-7.3.2-20220804-6354275  User: oesteban  Machine: dna032  Platform: Linux  PlatformVersion: 5.14.0-427.37.1.el9_4.x86_64  CompilerName: GCC  CompilerVersion: 8.4.0
ProgramName: mri_remove_neck  ProgramArguments: mri_remove_neck -all-info  ProgramVersion: 7.3.2  TimeStamp: 2026/03/06-05:36:12-GMT  BuildTime: Aug  4 2022 06:17:15  BuildStamp: freesurfer-linux-ubuntu22_x86_64-7.3.2-20220804-6354275  User: oesteban  Machine: dna032  Platform: Linux  PlatformVersion: 5.14.0-427.37.1.el9_4.x86_64  CompilerName: GCC  CompilerVersion: 8.4.0
7.3.2

ProgramName: mri_robust_register  ProgramArguments: mri_robust_register -all-info  ProgramVersion: 7.3.2  TimeStamp: 2026/03/06-05:36:12-GMT  BuildTime: Aug  4 2022 06:17:15  BuildStamp: freesurfer-linux-ubuntu22_x86_64-7.3.2-20220804-6354275  User: oesteban  Machine: dna032  Platform: Linux  PlatformVersion: 5.14.0-427.37.1.el9_4.x86_64  CompilerName: GCC  CompilerVersion: 8.4.0
7.3.2

ProgramName: mri_robust_template  ProgramArguments: mri_robust_template -all-info  ProgramVersion: 7.3.2  TimeStamp: 2026/03/06-05:36:12-GMT  BuildTime: Aug  4 2022 06:17:15  BuildStamp: freesurfer-linux-ubuntu22_x86_64-7.3.2-20220804-6354275  User: oesteban  Machine: dna032  Platform: Linux  PlatformVersion: 5.14.0-427.37.1.el9_4.x86_64  CompilerName: GCC  CompilerVersion: 8.4.0
ProgramName: mris_anatomical_stats  ProgramArguments: mris_anatomical_stats -all-info  ProgramVersion: 7.3.2  TimeStamp: 2026/03/06-05:36:12-GMT  BuildTime: Aug  4 2022 06:17:15  BuildStamp: freesurfer-linux-ubuntu22_x86_64-7.3.2-20220804-6354275  User: oesteban  Machine: dna032  Platform: Linux  PlatformVersion: 5.14.0-427.37.1.el9_4.x86_64  CompilerName: GCC  CompilerVersion: 8.4.0
ProgramName: mris_ca_label  ProgramArguments: mris_ca_label -all-info  ProgramVersion: 7.3.2  TimeStamp: 2026/03/06-05:36:12-GMT  BuildTime: Aug  4 2022 06:17:15  BuildStamp: freesurfer-linux-ubuntu22_x86_64-7.3.2-20220804-6354275  User: oesteban  Machine: dna032  Platform: Linux  PlatformVersion: 5.14.0-427.37.1.el9_4.x86_64  CompilerName: GCC  CompilerVersion: 8.4.0
ProgramName: mris_calc  ProgramArguments: mris_calc -all-info  ProgramVersion: 7.3.2  TimeStamp: 2026/03/06-05:36:12-GMT  BuildTime: Aug  4 2022 06:17:15  BuildStamp: freesurfer-linux-ubuntu22_x86_64-7.3.2-20220804-6354275  User: oesteban  Machine: dna032  Platform: Linux  PlatformVersion: 5.14.0-427.37.1.el9_4.x86_64  CompilerName: GCC  CompilerVersion: 8.4.0
ProgramName: mris_convert  ProgramArguments: mris_convert -all-info  ProgramVersion: 7.3.2  TimeStamp: 2026/03/06-05:36:12-GMT  BuildTime: Aug  4 2022 06:17:15  BuildStamp: freesurfer-linux-ubuntu22_x86_64-7.3.2-20220804-6354275  User: oesteban  Machine: dna032  Platform: Linux  PlatformVersion: 5.14.0-427.37.1.el9_4.x86_64  CompilerName: GCC  CompilerVersion: 8.4.0
ProgramName: mris_curvature  ProgramArguments: mris_curvature -all-info  ProgramVersion: 7.3.2  TimeStamp: 2026/03/06-05:36:12-GMT  BuildTime: Aug  4 2022 06:17:15  BuildStamp: freesurfer-linux-ubuntu22_x86_64-7.3.2-20220804-6354275  User: oesteban  Machine: dna032  Platform: Linux  PlatformVersion: 5.14.0-427.37.1.el9_4.x86_64  CompilerName: GCC  CompilerVersion: 8.4.0
ProgramName: mris_curvature_stats  ProgramArguments: mris_curvature_stats -all-info  ProgramVersion: 7.3.2  TimeStamp: 2026/03/06-05:36:12-GMT  BuildTime: Aug  4 2022 06:17:15  BuildStamp: freesurfer-linux-ubuntu22_x86_64-7.3.2-20220804-6354275  User: oesteban  Machine: dna032  Platform: Linux  PlatformVersion: 5.14.0-427.37.1.el9_4.x86_64  CompilerName: GCC  CompilerVersion: 8.4.0
ProgramName: mris_diff  ProgramArguments: mris_diff -all-info  ProgramVersion: 7.3.2  TimeStamp: 2026/03/06-05:36:12-GMT  BuildTime: Aug  4 2022 06:17:15  BuildStamp: freesurfer-linux-ubuntu22_x86_64-7.3.2-20220804-6354275  User: oesteban  Machine: dna032  Platform: Linux  PlatformVersion: 5.14.0-427.37.1.el9_4.x86_64  CompilerName: GCC  CompilerVersion: 8.4.0
ProgramName: mris_divide_parcellation  ProgramArguments: mris_divide_parcellation -all-info  ProgramVersion: 7.3.2  TimeStamp: 2026/03/06-05:36:12-GMT  BuildTime: Aug  4 2022 06:17:15  BuildStamp: freesurfer-linux-ubuntu22_x86_64-7.3.2-20220804-6354275  User: oesteban  Machine: dna032  Platform: Linux  PlatformVersion: 5.14.0-427.37.1.el9_4.x86_64  CompilerName: GCC  CompilerVersion: 8.4.0
ProgramName: mri_segment  ProgramArguments: mri_segment -all-info  ProgramVersion: 7.3.2  TimeStamp: 2026/03/06-05:36:12-GMT  BuildTime: Aug  4 2022 06:17:15  BuildStamp: freesurfer-linux-ubuntu22_x86_64-7.3.2-20220804-6354275  User: oesteban  Machine: dna032  Platform: Linux  PlatformVersion: 5.14.0-427.37.1.el9_4.x86_64  CompilerName: GCC  CompilerVersion: 8.4.0
ProgramName: mri_segstats  ProgramArguments: mri_segstats -all-info  ProgramVersion: 7.3.2  TimeStamp: 2026/03/06-05:36:12-GMT  BuildTime: Aug  4 2022 06:17:15  BuildStamp: freesurfer-linux-ubuntu22_x86_64-7.3.2-20220804-6354275  User: oesteban  Machine: dna032  Platform: Linux  PlatformVersion: 5.14.0-427.37.1.el9_4.x86_64  CompilerName: GCC  CompilerVersion: 8.4.0
ProgramName: mris_euler_number  ProgramArguments: mris_euler_number -all-info  ProgramVersion: 7.3.2  TimeStamp: 2026/03/06-05:36:12-GMT  BuildTime: Aug  4 2022 06:17:15  BuildStamp: freesurfer-linux-ubuntu22_x86_64-7.3.2-20220804-6354275  User: oesteban  Machine: dna032  Platform: Linux  PlatformVersion: 5.14.0-427.37.1.el9_4.x86_64  CompilerName: GCC  CompilerVersion: 8.4.0
ProgramName: mris_fix_topology  ProgramArguments: mris_fix_topology -all-info  ProgramVersion: 7.3.2  TimeStamp: 2026/03/06-05:36:12-GMT  BuildTime: Aug  4 2022 06:17:15  BuildStamp: freesurfer-linux-ubuntu22_x86_64-7.3.2-20220804-6354275  User: oesteban  Machine: dna032  Platform: Linux  PlatformVersion: 5.14.0-427.37.1.el9_4.x86_64  CompilerName: GCC  CompilerVersion: 8.4.0
ProgramName: mris_topo_fixer  ProgramArguments: mris_topo_fixer -all-info  ProgramVersion: 7.3.2  TimeStamp: 2026/03/06-05:36:12-GMT  BuildTime: Aug  4 2022 06:17:15  BuildStamp: freesurfer-linux-ubuntu22_x86_64-7.3.2-20220804-6354275  User: oesteban  Machine: dna032  Platform: Linux  PlatformVersion: 5.14.0-427.37.1.el9_4.x86_64  CompilerName: GCC  CompilerVersion: 8.4.0
ProgramName: mris_jacobian  ProgramArguments: mris_jacobian -all-info  ProgramVersion: 7.3.2  TimeStamp: 2026/03/06-05:36:12-GMT  BuildTime: Aug  4 2022 06:17:15  BuildStamp: freesurfer-linux-ubuntu22_x86_64-7.3.2-20220804-6354275  User: oesteban  Machine: dna032  Platform: Linux  PlatformVersion: 5.14.0-427.37.1.el9_4.x86_64  CompilerName: GCC  CompilerVersion: 8.4.0
ProgramName: mris_label2annot  ProgramArguments: mris_label2annot -all-info  ProgramVersion: 7.3.2  TimeStamp: 2026/03/06-05:36:12-GMT  BuildTime: Aug  4 2022 06:17:15  BuildStamp: freesurfer-linux-ubuntu22_x86_64-7.3.2-20220804-6354275  User: oesteban  Machine: dna032  Platform: Linux  PlatformVersion: 5.14.0-427.37.1.el9_4.x86_64  CompilerName: GCC  CompilerVersion: 8.4.0
ProgramName: mris_left_right_register  ProgramArguments: mris_left_right_register -all-info  ProgramVersion: 7.3.2  TimeStamp: 2026/03/06-05:36:12-GMT  BuildTime: Aug  4 2022 06:17:15  BuildStamp: freesurfer-linux-ubuntu22_x86_64-7.3.2-20220804-6354275  User: oesteban  Machine: dna032  Platform: Linux  PlatformVersion: 5.14.0-427.37.1.el9_4.x86_64  CompilerName: GCC  CompilerVersion: 8.4.0
ProgramName: mris_place_surface  ProgramArguments: mris_place_surface -all-info  ProgramVersion: 7.3.2  TimeStamp: 2026/03/06-05:36:12-GMT  BuildTime: Aug  4 2022 06:17:15  BuildStamp: freesurfer-linux-ubuntu22_x86_64-7.3.2-20220804-6354275  User: oesteban  Machine: dna032  Platform: Linux  PlatformVersion: 5.14.0-427.37.1.el9_4.x86_64  CompilerName: GCC  CompilerVersion: 8.4.0
ProgramName: mrisp_paint  ProgramArguments: mrisp_paint -all-info  ProgramVersion: 7.3.2  TimeStamp: 2026/03/06-05:36:12-GMT  BuildTime: Aug  4 2022 06:17:15  BuildStamp: freesurfer-linux-ubuntu22_x86_64-7.3.2-20220804-6354275  User: oesteban  Machine: dna032  Platform: Linux  PlatformVersion: 5.14.0-427.37.1.el9_4.x86_64  CompilerName: GCC  CompilerVersion: 8.4.0
ProgramName: mris_register  ProgramArguments: mris_register -all-info  ProgramVersion: 7.3.2  TimeStamp: 2026/03/06-05:36:12-GMT  BuildTime: Aug  4 2022 06:17:15  BuildStamp: freesurfer-linux-ubuntu22_x86_64-7.3.2-20220804-6354275  User: oesteban  Machine: dna032  Platform: Linux  PlatformVersion: 5.14.0-427.37.1.el9_4.x86_64  CompilerName: GCC  CompilerVersion: 8.4.0
ProgramName: mris_smooth  ProgramArguments: mris_smooth -all-info  ProgramVersion: 7.3.2  TimeStamp: 2026/03/06-05:36:12-GMT  BuildTime: Aug  4 2022 06:17:15  BuildStamp: freesurfer-linux-ubuntu22_x86_64-7.3.2-20220804-6354275  User: oesteban  Machine: dna032  Platform: Linux  PlatformVersion: 5.14.0-427.37.1.el9_4.x86_64  CompilerName: GCC  CompilerVersion: 8.4.0
ProgramName: mris_sphere  ProgramArguments: mris_sphere -all-info  ProgramVersion: 7.3.2  TimeStamp: 2026/03/06-05:36:12-GMT  BuildTime: Aug  4 2022 06:17:15  BuildStamp: freesurfer-linux-ubuntu22_x86_64-7.3.2-20220804-6354275  User: oesteban  Machine: dna032  Platform: Linux  PlatformVersion: 5.14.0-427.37.1.el9_4.x86_64  CompilerName: GCC  CompilerVersion: 8.4.0
ProgramName: mris_surface_stats  ProgramArguments: mris_surface_stats -all-info  ProgramVersion: 7.3.2  TimeStamp: 2026/03/06-05:36:12-GMT  BuildTime: Aug  4 2022 06:17:15  BuildStamp: freesurfer-linux-ubuntu22_x86_64-7.3.2-20220804-6354275  User: oesteban  Machine: dna032  Platform: Linux  PlatformVersion: 5.14.0-427.37.1.el9_4.x86_64  CompilerName: GCC  CompilerVersion: 8.4.0
ProgramName: mri_stats2seg  ProgramArguments: mri_stats2seg -all-info  ProgramVersion: 7.3.2  TimeStamp: 2026/03/06-05:36:12-GMT  BuildTime: Aug  4 2022 06:17:15  BuildStamp: freesurfer-linux-ubuntu22_x86_64-7.3.2-20220804-6354275  User: oesteban  Machine: dna032  Platform: Linux  PlatformVersion: 5.14.0-427.37.1.el9_4.x86_64  CompilerName: GCC  CompilerVersion: 8.4.0
ProgramName: mris_thickness  ProgramArguments: mris_thickness -all-info  ProgramVersion: 7.3.2  TimeStamp: 2026/03/06-05:36:12-GMT  BuildTime: Aug  4 2022 06:17:15  BuildStamp: freesurfer-linux-ubuntu22_x86_64-7.3.2-20220804-6354275  User: oesteban  Machine: dna032  Platform: Linux  PlatformVersion: 5.14.0-427.37.1.el9_4.x86_64  CompilerName: GCC  CompilerVersion: 8.4.0
ProgramName: mris_thickness_diff  ProgramArguments: mris_thickness_diff -all-info  ProgramVersion: 7.3.2  TimeStamp: 2026/03/06-05:36:12-GMT  BuildTime: Aug  4 2022 06:17:15  BuildStamp: freesurfer-linux-ubuntu22_x86_64-7.3.2-20220804-6354275  User: oesteban  Machine: dna032  Platform: Linux  PlatformVersion: 5.14.0-427.37.1.el9_4.x86_64  CompilerName: GCC  CompilerVersion: 8.4.0
ProgramName: mris_topo_fixer  ProgramArguments: mris_topo_fixer -all-info  ProgramVersion: 7.3.2  TimeStamp: 2026/03/06-05:36:12-GMT  BuildTime: Aug  4 2022 06:17:15  BuildStamp: freesurfer-linux-ubuntu22_x86_64-7.3.2-20220804-6354275  User: oesteban  Machine: dna032  Platform: Linux  PlatformVersion: 5.14.0-427.37.1.el9_4.x86_64  CompilerName: GCC  CompilerVersion: 8.4.0
ProgramName: mri_surf2surf  ProgramArguments: mri_surf2surf -all-info  ProgramVersion: 7.3.2  TimeStamp: 2026/03/06-05:36:12-GMT  BuildTime: Aug  4 2022 06:17:15  BuildStamp: freesurfer-linux-ubuntu22_x86_64-7.3.2-20220804-6354275  User: oesteban  Machine: dna032  Platform: Linux  PlatformVersion: 5.14.0-427.37.1.el9_4.x86_64  CompilerName: GCC  CompilerVersion: 8.4.0
ProgramName: mri_surf2vol  ProgramArguments: mri_surf2vol -all-info  ProgramVersion: 7.3.2  TimeStamp: 2026/03/06-05:36:12-GMT  BuildTime: Aug  4 2022 06:17:15  BuildStamp: freesurfer-linux-ubuntu22_x86_64-7.3.2-20220804-6354275  User: oesteban  Machine: dna032  Platform: Linux  PlatformVersion: 5.14.0-427.37.1.el9_4.x86_64  CompilerName: GCC  CompilerVersion: 8.4.0
ProgramName: mri_surfcluster  ProgramArguments: mri_surfcluster -all-info  ProgramVersion: 7.3.2  TimeStamp: 2026/03/06-05:36:12-GMT  BuildTime: Aug  4 2022 06:17:15  BuildStamp: freesurfer-linux-ubuntu22_x86_64-7.3.2-20220804-6354275  User: oesteban  Machine: dna032  Platform: Linux  PlatformVersion: 5.14.0-427.37.1.el9_4.x86_64  CompilerName: GCC  CompilerVersion: 8.4.0
ProgramName: mris_volmask  ProgramArguments: mris_volmask -all-info  ProgramVersion: 7.3.2  TimeStamp: 2026/03/06-05:36:12-GMT  BuildTime: Aug  4 2022 06:17:15  BuildStamp: freesurfer-linux-ubuntu22_x86_64-7.3.2-20220804-6354275  User: oesteban  Machine: dna032  Platform: Linux  PlatformVersion: 5.14.0-427.37.1.el9_4.x86_64  CompilerName: GCC  CompilerVersion: 8.4.0
ProgramName: mri_tessellate  ProgramArguments: mri_tessellate -all-info  ProgramVersion: 7.3.2  TimeStamp: 2026/03/06-05:36:12-GMT  BuildTime: Aug  4 2022 06:17:15  BuildStamp: freesurfer-linux-ubuntu22_x86_64-7.3.2-20220804-6354275  User: oesteban  Machine: dna032  Platform: Linux  PlatformVersion: 5.14.0-427.37.1.el9_4.x86_64  CompilerName: GCC  CompilerVersion: 8.4.0
ProgramName: mri_vol2surf  ProgramArguments: mri_vol2surf -all-info  ProgramVersion: 7.3.2  TimeStamp: 2026/03/06-05:36:12-GMT  BuildTime: Aug  4 2022 06:17:15  BuildStamp: freesurfer-linux-ubuntu22_x86_64-7.3.2-20220804-6354275  User: oesteban  Machine: dna032  Platform: Linux  PlatformVersion: 5.14.0-427.37.1.el9_4.x86_64  CompilerName: GCC  CompilerVersion: 8.4.0
ProgramName: mri_vol2vol  ProgramArguments: mri_vol2vol -all-info  ProgramVersion: 7.3.2  TimeStamp: 2026/03/06-05:36:12-GMT  BuildTime: Aug  4 2022 06:17:15  BuildStamp: freesurfer-linux-ubuntu22_x86_64-7.3.2-20220804-6354275  User: oesteban  Machine: dna032  Platform: Linux  PlatformVersion: 5.14.0-427.37.1.el9_4.x86_64  CompilerName: GCC  CompilerVersion: 8.4.0
ProgramName: mri_voldiff  ProgramArguments: mri_voldiff -all-info  ProgramVersion: 7.3.2  TimeStamp: 2026/03/06-05:36:12-GMT  BuildTime: Aug  4 2022 06:17:15  BuildStamp: freesurfer-linux-ubuntu22_x86_64-7.3.2-20220804-6354275  User: oesteban  Machine: dna032  Platform: Linux  PlatformVersion: 5.14.0-427.37.1.el9_4.x86_64  CompilerName: GCC  CompilerVersion: 8.4.0
ProgramName: mri_watershed  ProgramArguments: mri_watershed -all-info  ProgramVersion: 7.3.2  TimeStamp: 2026/03/06-05:36:12-GMT  BuildTime: Aug  4 2022 06:17:15  BuildStamp: freesurfer-linux-ubuntu22_x86_64-7.3.2-20220804-6354275  User: oesteban  Machine: dna032  Platform: Linux  PlatformVersion: 5.14.0-427.37.1.el9_4.x86_64  CompilerName: GCC  CompilerVersion: 8.4.0
ProgramName: tkregister2  ProgramArguments: tkregister2_cmdl -all-info  ProgramVersion: 7.3.2  TimeStamp: 2026/03/06-05:36:12-GMT  BuildTime: Aug  4 2022 06:17:15  BuildStamp: freesurfer-linux-ubuntu22_x86_64-7.3.2-20220804-6354275  User: oesteban  Machine: dna032  Platform: Linux  PlatformVersion: 5.14.0-427.37.1.el9_4.x86_64  CompilerName: GCC  CompilerVersion: 8.4.0
mri_motion_correct.fsl 7.3.2
mri_convert -all-info 
ProgramName: mri_convert  ProgramArguments: mri_convert -all-info  ProgramVersion: 7.3.2  TimeStamp: 2026/03/06-05:36:12-GMT  BuildTime: Aug  4 2022 06:17:15  BuildStamp: freesurfer-linux-ubuntu22_x86_64-7.3.2-20220804-6354275  User: oesteban  Machine: dna032  Platform: Linux  PlatformVersion: 5.14.0-427.37.1.el9_4.x86_64  CompilerName: GCC  CompilerVersion: 8.4.0
Program nu_correct, built from:
Package MNI N3, version 1.12.0, compiled by nicks@terrier (x86_64-unknown-linux-gnu) on 2015-06-19 at 01:25:34
#######################################
GCADIR /opt/freesurfer/average
GCA RB_all_2020-01-02.gca
GCASkull RB_all_withskull_2020_01_02.gca
AvgCurvTif folding.atlas.acfb40.noaparc.i12.2016-08-02.tif
GCSDIR /opt/freesurfer/average
GCS DKaparc.atlas.acfb40.noaparc.i12.2016-08-02.gcs
#######################################
#-------------------------------------
#@# EM Registration Fri Mar  6 06:36:12 CET 2026
/out/sourcedata/freesurfer/sub-v1s10x0050994_ses-1/mri

 mri_em_register -uns 3 -mask brainmask.mgz nu.mgz /opt/freesurfer/average/RB_all_2020-01-02.gca transforms/talairach.lta 

setting unknown_nbr_spacing = 3
using MR volume brainmask.mgz to mask input volume...

== Number of threads available to mri_em_register for OpenMP = 16 == 
reading 1 input volumes...
logging results to talairach.log
reading '/opt/freesurfer/average/RB_all_2020-01-02.gca'...
GCAread took 0 minutes and 1 seconds.
average std = 7.2   using min determinant for regularization = 5.2
0 singular and 884 ill-conditioned covariance matrices regularized
reading 'nu.mgz'...
MRImask(): AllowDiffGeom = 1
MRImask(): AllowDiffGeom = 1
MRImask(): AllowDiffGeom = 1
MRImask(): AllowDiffGeom = 1
MRImask(): AllowDiffGeom = 1
freeing gibbs priors...done.
accounting for voxel sizes in initial transform
bounding unknown intensity as < 5.9 or > 519.0 
total sample mean = 79.1 (1017 zeros)
************************************************
spacing=8, using 2841 sample points, tol=1.00e-05...
************************************************
register_mri: find_optimal_transform
find_optimal_transform: nsamples 2841, passno 0, spacing 8
resetting wm mean[0]: 98 --> 107
resetting gm mean[0]: 61 --> 61
input volume #1 is the most T1-like
using real data threshold=21.9
skull bounding box = (61, 92, 38) --> (196, 216, 200)
finding center of left hemi white matter
using (106, 133, 119) as brain centroid of Right_Cerebral_White_Matter...
MRImask(): AllowDiffGeom = 1
mean wm in atlas = 107, using box (89,118,99) --> (122, 148,138) to find MRI wm
before smoothing, mri peak at 107
robust fit to distribution - 107 +- 3.7
after smoothing, mri peak at 107, scaling input intensities by 1.000
scaling channel 0 by 1
initial log_p = -4.556
************************************************
First Search limited to translation only.
************************************************
max log p =    -4.004280 @ (-10.526, -31.579, -10.526)
max log p =    -3.904746 @ (5.263, 5.263, 5.263)
max log p =    -3.817472 @ (2.632, -2.632, -2.632)
max log p =    -3.797841 @ (1.316, -1.316, 1.316)
max log p =    -3.797809 @ (-0.658, -3.289, 0.658)
max log p =    -3.796657 @ (0.987, 2.303, -2.303)
max log p =    -3.796657 @ (0.000, 0.000, 0.000)
max log p =    -3.796657 @ (0.000, 0.000, 0.000)
Found translation: (-1.0, -31.3, -8.2): log p = -3.797
****************************************
Nine parameter search.  iteration 0 nscales = 0 ...
****************************************
Result so far: scale 1.000: max_log_p=-3.523, old_max_log_p =-3.797 (thresh=-3.8)
 1.06375   0.00000   0.00000  -9.13340;
 0.00000   1.22023   0.18169  -85.05138;
 0.00000  -0.11161   0.99651   8.97513;
 0.00000   0.00000   0.00000   1.00000;
iteration took 0 minutes and 14 seconds.
****************************************
Nine parameter search.  iteration 1 nscales = 0 ...
****************************************
Result so far: scale 1.000: max_log_p=-3.506, old_max_log_p =-3.523 (thresh=-3.5)
 1.05465   0.15601   0.04049  -36.05736;
-0.13885   1.18499   0.30756  -76.30787;
 0.00000  -0.29018   1.03659   31.30102;
 0.00000   0.00000   0.00000   1.00000;
iteration took 0 minutes and 14 seconds.
****************************************
Nine parameter search.  iteration 2 nscales = 0 ...
****************************************
Result so far: scale 1.000: max_log_p=-3.506, old_max_log_p =-3.506 (thresh=-3.5)
 1.05465   0.15601   0.04049  -36.05736;
-0.13885   1.18499   0.30756  -76.30787;
 0.00000  -0.29018   1.03659   31.30102;
 0.00000   0.00000   0.00000   1.00000;
reducing scale to 0.2500
iteration took 0 minutes and 12 seconds.
****************************************
Nine parameter search.  iteration 3 nscales = 1 ...
****************************************
Result so far: scale 0.250: max_log_p=-3.348, old_max_log_p =-3.506 (thresh=-3.5)
 1.03795   0.11949   0.00009  -25.57608;
-0.09700   1.16914   0.29710  -79.71965;
 0.02921  -0.28043   1.01724   30.23500;
 0.00000   0.00000   0.00000   1.00000;
iteration took 0 minutes and 16 seconds.
****************************************
Nine parameter search.  iteration 4 nscales = 1 ...
****************************************
Result so far: scale 0.250: max_log_p=-3.333, old_max_log_p =-3.348 (thresh=-3.3)
 1.03825   0.11150   0.03367  -28.16624;
-0.09607   1.15561   0.25872  -73.46976;
-0.00795  -0.24581   1.02587   28.79324;
 0.00000   0.00000   0.00000   1.00000;
iteration took 0 minutes and 15 seconds.
****************************************
Nine parameter search.  iteration 5 nscales = 1 ...
****************************************
Result so far: scale 0.250: max_log_p=-3.333, old_max_log_p =-3.333 (thresh=-3.3)
 1.03825   0.11150   0.03367  -28.16624;
-0.09607   1.15561   0.25872  -73.46976;
-0.00795  -0.24581   1.02587   28.79324;
 0.00000   0.00000   0.00000   1.00000;
reducing scale to 0.0625
iteration took 0 minutes and 12 seconds.
****************************************
Nine parameter search.  iteration 6 nscales = 2 ...
****************************************
Result so far: scale 0.062: max_log_p=-3.304, old_max_log_p =-3.333 (thresh=-3.3)
 1.03827   0.09945   0.00392  -22.52610;
-0.07904   1.14644   0.30044  -78.95516;
 0.02138  -0.29055   1.01737   33.23687;
 0.00000   0.00000   0.00000   1.00000;
iteration took 0 minutes and 13 seconds.
****************************************
Nine parameter search.  iteration 7 nscales = 2 ...
****************************************
Result so far: scale 0.062: max_log_p=-3.304, old_max_log_p =-3.304 (thresh=-3.3)
 1.03827   0.09945   0.00392  -22.52610;
-0.07904   1.14644   0.30044  -78.95516;
 0.02138  -0.29055   1.01737   33.23687;
 0.00000   0.00000   0.00000   1.00000;
min search scale 0.025000 reached
***********************************************
Computing MAP estimate using 2841 samples...
***********************************************
dt = 5.00e-06, momentum=0.80, tol=1.00e-05
l_intensity = 1.0000
Aligning input volume to GCA...
Transform matrix
 1.03827   0.09945   0.00392  -22.52610;
-0.07904   1.14644   0.30044  -78.95516;
 0.02138  -0.29055   1.01737   33.23687;
 0.00000   0.00000   0.00000   1.00000;
nsamples 2841
Quasinewton: input matrix
 1.03827   0.09945   0.00392  -22.52610;
-0.07904   1.14644   0.30044  -78.95516;
 0.02138  -0.29055   1.01737   33.23687;
 0.00000   0.00000   0.00000   1.00000;
 IFLAG= -1  LINE SEARCH FAILED. SEE DOCUMENTATION OF ROUTINE MCSRCH ERROR RETURN OF LINE SEARCH: INFO= 3 POSSIBLE CAUSES: FUNCTION OR GRADIENT ARE INCORRECT OR INCORRECT TOLERANCESoutof QuasiNewtonEMA: 010: -log(p) =   -0.0  tol 0.000010
Resulting transform:
 1.03827   0.09945   0.00392  -22.52610;
-0.07904   1.14644   0.30044  -78.95516;
 0.02138  -0.29055   1.01737   33.23687;
 0.00000   0.00000   0.00000   1.00000;

pass 1, spacing 8: log(p) = -3.304 (old=-4.556)
transform before final EM align:
 1.03827   0.09945   0.00392  -22.52610;
-0.07904   1.14644   0.30044  -78.95516;
 0.02138  -0.29055   1.01737   33.23687;
 0.00000   0.00000   0.00000   1.00000;

**************************************************
 EM alignment process ...
 Computing final MAP estimate using 315638 samples. 
**************************************************
dt = 5.00e-06, momentum=0.80, tol=1.00e-07
l_intensity = 1.0000
Aligning input volume to GCA...
Transform matrix
 1.03827   0.09945   0.00392  -22.52610;
-0.07904   1.14644   0.30044  -78.95516;
 0.02138  -0.29055   1.01737   33.23687;
 0.00000   0.00000   0.00000   1.00000;
nsamples 315638
Quasinewton: input matrix
 1.03827   0.09945   0.00392  -22.52610;
-0.07904   1.14644   0.30044  -78.95516;
 0.02138  -0.29055   1.01737   33.23687;
 0.00000   0.00000   0.00000   1.00000;
dfp_em_step_func: 011: -log(p) = 3.8
after pass:transform: ( 1.04, 0.10, 0.00, -22.53)
                      ( -0.08, 1.15, 0.30, -78.96)
                      ( 0.02, -0.29, 1.02, 33.24)
dfp_em_step_func: 012: -log(p) = 3.8
after pass:transform: ( 1.04, 0.10, 0.00, -22.53)
                      ( -0.08, 1.15, 0.30, -78.96)
                      ( 0.02, -0.29, 1.02, 33.24)
dfp_em_step_func: 013: -log(p) = 3.8
after pass:transform: ( 1.04, 0.10, 0.00, -22.53)
                      ( -0.08, 1.15, 0.30, -78.96)
                      ( 0.02, -0.29, 1.02, 33.24)
dfp_em_step_func: 014: -log(p) = 3.8
after pass:transform: ( 1.04, 0.10, 0.00, -22.53)
                      ( -0.08, 1.15, 0.30, -78.96)
                      ( 0.02, -0.29, 1.02, 33.24)
dfp_em_step_func: 015: -log(p) = 3.8
after pass:transform: ( 1.04, 0.10, 0.00, -22.53)
                      ( -0.08, 1.15, 0.30, -78.96)
                      ( 0.02, -0.29, 1.02, 33.24)
 IFLAG= -1  LINE SEARCH FAILED. SEE DOCUMENTATION OF ROUTINE MCSRCH ERROR RETURN OF LINE SEARCH: INFO= 3 POSSIBLE CAUSES: FUNCTION OR GRADIENT ARE INCORRECT OR INCORRECT TOLERANCESpass 2 through quasi-newton minimization...
 IFLAG= -1  LINE SEARCH FAILED. SEE DOCUMENTATION OF ROUTINE MCSRCH ERROR RETURN OF LINE SEARCH: INFO= 3 POSSIBLE CAUSES: FUNCTION OR GRADIENT ARE INCORRECT OR INCORRECT TOLERANCESoutof QuasiNewtonEMA: 017: -log(p) =    3.8  tol 0.000000
final transform:
 1.03829   0.09945   0.00394  -22.52610;
-0.07902   1.14647   0.30047  -78.95516;
 0.02141  -0.29053   1.01739   33.23687;
 0.00000   0.00000   0.00000   1.00000;

writing output transformation to transforms/talairach.lta...
#VMPC# mri_em_register VmPeak  891280
FSRUNTIME@ mri_em_register  0.0507 hours 16 threads
registration took 3 minutes and 3 seconds.

Started at Fri Mar 6 06:36:11 CET 2026 
Ended   at Fri Mar 6 06:39:14 CET 2026
#@#%# recon-all-run-time-hours 0.051
recon-all -s sub-v1s10x0050994_ses-1 finished without error at Fri Mar  6 06:39:14 CET 2026



#New# invocation of recon-all 




Fri Mar  6 06:39:16 CET 2026
cd /out/sourcedata/freesurfer/sub-v1s10x0050994_ses-1
setenv SUBJECTS_DIR /out/sourcedata/freesurfer
/opt/freesurfer/bin/recon-all -autorecon2-volonly -openmp 16 -subjid sub-v1s10x0050994_ses-1 -sd /out/sourcedata/freesurfer -nogcareg

subjid sub-v1s10x0050994_ses-1
setenv SUBJECTS_DIR /out/sourcedata/freesurfer
FREESURFER_HOME /opt/freesurfer
Actual FREESURFER_HOME /opt/freesurfer
build-stamp.txt: freesurfer-linux-ubuntu22_x86_64-7.3.2-20220804-6354275
Linux dna032 5.14.0-427.37.1.el9_4.x86_64 #1 SMP PREEMPT_DYNAMIC Fri Sep 13 12:41:50 EDT 2024 x86_64 x86_64 x86_64 GNU/Linux
cputime      unlimited
filesize     unlimited
datasize     unlimited
stacksize    8192 kbytes
coredumpsize 0 kbytes
memoryuse    67108864 kbytes
vmemoryuse   unlimited
descriptors  1024 
memorylocked unlimited
maxproc      2061970 
maxlocks     unlimited
maxsignal    2061970 
maxmessage   819200 
maxnice      0 
maxrtprio    0 
maxrttime    unlimited

               total        used        free      shared  buff/cache   available
Mem:           503Gi        48Gi       298Gi       8.9Gi       156Gi       442Gi
Swap:             0B          0B          0B

########################################
program versions used
7.3.2 (freesurfer-linux-ubuntu22_x86_64-7.3.2-20220804-6354275)
7.3.2

ProgramName: lta_convert  ProgramArguments: lta_convert -all-info  ProgramVersion: 7.3.2  TimeStamp: 2026/03/06-05:39:16-GMT  BuildTime: Aug  4 2022 06:17:15  BuildStamp: freesurfer-linux-ubuntu22_x86_64-7.3.2-20220804-6354275  User: oesteban  Machine: dna032  Platform: Linux  PlatformVersion: 5.14.0-427.37.1.el9_4.x86_64  CompilerName: GCC  CompilerVersion: 8.4.0
ProgramName: mri_and  ProgramArguments: mri_and -all-info  ProgramVersion: 7.3.2  TimeStamp: 2026/03/06-05:39:16-GMT  BuildTime: Aug  4 2022 06:17:15  BuildStamp: freesurfer-linux-ubuntu22_x86_64-7.3.2-20220804-6354275  User: oesteban  Machine: dna032  Platform: Linux  PlatformVersion: 5.14.0-427.37.1.el9_4.x86_64  CompilerName: GCC  CompilerVersion: 8.4.0
ProgramName: mri_annotation2label  ProgramArguments: mri_annotation2label -all-info  ProgramVersion: 7.3.2  TimeStamp: 2026/03/06-05:39:16-GMT  BuildTime: Aug  4 2022 06:17:15  BuildStamp: freesurfer-linux-ubuntu22_x86_64-7.3.2-20220804-6354275  User: oesteban  Machine: dna032  Platform: Linux  PlatformVersion: 5.14.0-427.37.1.el9_4.x86_64  CompilerName: GCC  CompilerVersion: 8.4.0
ProgramName: mri_aparc2aseg  ProgramArguments: mri_aparc2aseg -all-info  ProgramVersion: 7.3.2  TimeStamp: 2026/03/06-05:39:16-GMT  BuildTime: Aug  4 2022 06:17:15  BuildStamp: freesurfer-linux-ubuntu22_x86_64-7.3.2-20220804-6354275  User: oesteban  Machine: dna032  Platform: Linux  PlatformVersion: 5.14.0-427.37.1.el9_4.x86_64  CompilerName: GCC  CompilerVersion: 8.4.0
ProgramName: mri_surf2volseg  ProgramArguments: mri_surf2volseg -all-info  ProgramVersion: 7.3.2  TimeStamp: 2026/03/06-05:39:16-GMT  BuildTime: Aug  4 2022 06:17:15  BuildStamp: freesurfer-linux-ubuntu22_x86_64-7.3.2-20220804-6354275  User: oesteban  Machine: dna032  Platform: Linux  PlatformVersion: 5.14.0-427.37.1.el9_4.x86_64  CompilerName: GCC  CompilerVersion: 8.4.0
ProgramName: mri_binarize  ProgramArguments: mri_binarize -all-info  ProgramVersion: 7.3.2  TimeStamp: 2026/03/06-05:39:16-GMT  BuildTime: Aug  4 2022 06:17:15  BuildStamp: freesurfer-linux-ubuntu22_x86_64-7.3.2-20220804-6354275  User: oesteban  Machine: dna032  Platform: Linux  PlatformVersion: 5.14.0-427.37.1.el9_4.x86_64  CompilerName: GCC  CompilerVersion: 8.4.0
ProgramName: mri_ca_label  ProgramArguments: mri_ca_label -all-info  ProgramVersion: 7.3.2  TimeStamp: 2026/03/06-05:39:16-GMT  BuildTime: Aug  4 2022 06:17:15  BuildStamp: freesurfer-linux-ubuntu22_x86_64-7.3.2-20220804-6354275  User: oesteban  Machine: dna032  Platform: Linux  PlatformVersion: 5.14.0-427.37.1.el9_4.x86_64  CompilerName: GCC  CompilerVersion: 8.4.0
ProgramName: mri_ca_normalize  ProgramArguments: mri_ca_normalize -all-info  ProgramVersion: 7.3.2  TimeStamp: 2026/03/06-05:39:16-GMT  BuildTime: Aug  4 2022 06:17:15  BuildStamp: freesurfer-linux-ubuntu22_x86_64-7.3.2-20220804-6354275  User: oesteban  Machine: dna032  Platform: Linux  PlatformVersion: 5.14.0-427.37.1.el9_4.x86_64  CompilerName: GCC  CompilerVersion: 8.4.0
ProgramName: mri_ca_register  ProgramArguments: mri_ca_register -all-info  ProgramVersion: 7.3.2  TimeStamp: 2026/03/06-05:39:16-GMT  BuildTime: Aug  4 2022 06:17:15  BuildStamp: freesurfer-linux-ubuntu22_x86_64-7.3.2-20220804-6354275  User: oesteban  Machine: dna032  Platform: Linux  PlatformVersion: 5.14.0-427.37.1.el9_4.x86_64  CompilerName: GCC  CompilerVersion: 8.4.0
ProgramName: mri_cc  ProgramArguments: mri_cc -all-info  ProgramVersion: 7.3.2  TimeStamp: 2026/03/06-05:39:16-GMT  BuildTime: Aug  4 2022 06:17:15  BuildStamp: freesurfer-linux-ubuntu22_x86_64-7.3.2-20220804-6354275  User: oesteban  Machine: dna032  Platform: Linux  PlatformVersion: 5.14.0-427.37.1.el9_4.x86_64  CompilerName: GCC  CompilerVersion: 8.4.0
ProgramName: mri_compute_overlap  ProgramArguments: mri_compute_overlap -all-info  ProgramVersion: 7.3.2  TimeStamp: 2026/03/06-05:39:16-GMT  BuildTime: Aug  4 2022 06:17:15  BuildStamp: freesurfer-linux-ubuntu22_x86_64-7.3.2-20220804-6354275  User: oesteban  Machine: dna032  Platform: Linux  PlatformVersion: 5.14.0-427.37.1.el9_4.x86_64  CompilerName: GCC  CompilerVersion: 8.4.0
ProgramName: mri_compute_seg_overlap  ProgramArguments: mri_compute_seg_overlap -all-info  ProgramVersion: 7.3.2  TimeStamp: 2026/03/06-05:39:16-GMT  BuildTime: Aug  4 2022 06:17:15  BuildStamp: freesurfer-linux-ubuntu22_x86_64-7.3.2-20220804-6354275  User: oesteban  Machine: dna032  Platform: Linux  PlatformVersion: 5.14.0-427.37.1.el9_4.x86_64  CompilerName: GCC  CompilerVersion: 8.4.0
ProgramName: mri_concat  ProgramArguments: mri_concat -all-info  ProgramVersion: 7.3.2  TimeStamp: 2026/03/06-05:39:16-GMT  BuildTime: Aug  4 2022 06:17:15  BuildStamp: freesurfer-linux-ubuntu22_x86_64-7.3.2-20220804-6354275  User: oesteban  Machine: dna032  Platform: Linux  PlatformVersion: 5.14.0-427.37.1.el9_4.x86_64  CompilerName: GCC  CompilerVersion: 8.4.0
ProgramName: mri_concatenate_lta  ProgramArguments: mri_concatenate_lta -all-info  ProgramVersion: 7.3.2  TimeStamp: 2026/03/06-05:39:16-GMT  BuildTime: Aug  4 2022 06:17:15  BuildStamp: freesurfer-linux-ubuntu22_x86_64-7.3.2-20220804-6354275  User: oesteban  Machine: dna032  Platform: Linux  PlatformVersion: 5.14.0-427.37.1.el9_4.x86_64  CompilerName: GCC  CompilerVersion: 8.4.0
mri_convert -all-info 
ProgramName: mri_convert  ProgramArguments: mri_convert -all-info  ProgramVersion: 7.3.2  TimeStamp: 2026/03/06-05:39:16-GMT  BuildTime: Aug  4 2022 06:17:15  BuildStamp: freesurfer-linux-ubuntu22_x86_64-7.3.2-20220804-6354275  User: oesteban  Machine: dna032  Platform: Linux  PlatformVersion: 5.14.0-427.37.1.el9_4.x86_64  CompilerName: GCC  CompilerVersion: 8.4.0
ProgramName: mri_diff  ProgramArguments: mri_diff -all-info  ProgramVersion: 7.3.2  TimeStamp: 2026/03/06-05:39:16-GMT  BuildTime: Aug  4 2022 06:17:15  BuildStamp: freesurfer-linux-ubuntu22_x86_64-7.3.2-20220804-6354275  User: oesteban  Machine: dna032  Platform: Linux  PlatformVersion: 5.14.0-427.37.1.el9_4.x86_64  CompilerName: GCC  CompilerVersion: 8.4.0
ProgramName: mri_edit_wm_with_aseg  ProgramArguments: mri_edit_wm_with_aseg -all-info  ProgramVersion: 7.3.2  TimeStamp: 2026/03/06-05:39:16-GMT  BuildTime: Aug  4 2022 06:17:15  BuildStamp: freesurfer-linux-ubuntu22_x86_64-7.3.2-20220804-6354275  User: oesteban  Machine: dna032  Platform: Linux  PlatformVersion: 5.14.0-427.37.1.el9_4.x86_64  CompilerName: GCC  CompilerVersion: 8.4.0
ProgramName: mri_em_register  ProgramArguments: mri_em_register -all-info  ProgramVersion: 7.3.2  TimeStamp: 2026/03/06-05:39:16-GMT  BuildTime: Aug  4 2022 06:17:15  BuildStamp: freesurfer-linux-ubuntu22_x86_64-7.3.2-20220804-6354275  User: oesteban  Machine: dna032  Platform: Linux  PlatformVersion: 5.14.0-427.37.1.el9_4.x86_64  CompilerName: GCC  CompilerVersion: 8.4.0
ProgramName: mri_fill  ProgramArguments: mri_fill -all-info  ProgramVersion: 7.3.2  TimeStamp: 2026/03/06-05:39:16-GMT  BuildTime: Aug  4 2022 06:17:15  BuildStamp: freesurfer-linux-ubuntu22_x86_64-7.3.2-20220804-6354275  User: oesteban  Machine: dna032  Platform: Linux  PlatformVersion: 5.14.0-427.37.1.el9_4.x86_64  CompilerName: GCC  CompilerVersion: 8.4.0
ProgramName: mri_fuse_segmentations  ProgramArguments: mri_fuse_segmentations -all-info  ProgramVersion: 7.3.2  TimeStamp: 2026/03/06-05:39:16-GMT  BuildTime: Aug  4 2022 06:17:15  BuildStamp: freesurfer-linux-ubuntu22_x86_64-7.3.2-20220804-6354275  User: oesteban  Machine: dna032  Platform: Linux  PlatformVersion: 5.14.0-427.37.1.el9_4.x86_64  CompilerName: GCC  CompilerVersion: 8.4.0
ProgramName: mri_fwhm  ProgramArguments: mri_fwhm -all-info  ProgramVersion: 7.3.2  TimeStamp: 2026/03/06-05:39:16-GMT  BuildTime: Aug  4 2022 06:17:15  BuildStamp: freesurfer-linux-ubuntu22_x86_64-7.3.2-20220804-6354275  User: oesteban  Machine: dna032  Platform: Linux  PlatformVersion: 5.14.0-427.37.1.el9_4.x86_64  CompilerName: GCC  CompilerVersion: 8.4.0
ProgramName: mri_gcut  ProgramArguments: mri_gcut -all-info  ProgramVersion: 7.3.2  TimeStamp: 2026/03/06-05:39:16-GMT  BuildTime: Aug  4 2022 06:17:15  BuildStamp: freesurfer-linux-ubuntu22_x86_64-7.3.2-20220804-6354275  User: oesteban  Machine: dna032  Platform: Linux  PlatformVersion: 5.14.0-427.37.1.el9_4.x86_64  CompilerName: GCC  CompilerVersion: 8.4.0
ProgramName: mri_info  ProgramArguments: mri_info -all-info  ProgramVersion: 7.3.2  TimeStamp: 2026/03/06-05:39:16-GMT  BuildTime: Aug  4 2022 06:17:15  BuildStamp: freesurfer-linux-ubuntu22_x86_64-7.3.2-20220804-6354275  User: oesteban  Machine: dna032  Platform: Linux  PlatformVersion: 5.14.0-427.37.1.el9_4.x86_64  CompilerName: GCC  CompilerVersion: 8.4.0
ProgramName: mri_label2label  ProgramArguments: mri_label2label -all-info  ProgramVersion: 7.3.2  TimeStamp: 2026/03/06-05:39:16-GMT  BuildTime: Aug  4 2022 06:17:15  BuildStamp: freesurfer-linux-ubuntu22_x86_64-7.3.2-20220804-6354275  User: oesteban  Machine: dna032  Platform: Linux  PlatformVersion: 5.14.0-427.37.1.el9_4.x86_64  CompilerName: GCC  CompilerVersion: 8.4.0
ProgramName: mri_label2vol  ProgramArguments: mri_label2vol -all-info  ProgramVersion: 7.3.2  TimeStamp: 2026/03/06-05:39:16-GMT  BuildTime: Aug  4 2022 06:17:15  BuildStamp: freesurfer-linux-ubuntu22_x86_64-7.3.2-20220804-6354275  User: oesteban  Machine: dna032  Platform: Linux  PlatformVersion: 5.14.0-427.37.1.el9_4.x86_64  CompilerName: GCC  CompilerVersion: 8.4.0
ProgramName: mri_log_likelihood  ProgramArguments: mri_log_likelihood -all-info  ProgramVersion: 7.3.2  TimeStamp: 2026/03/06-05:39:16-GMT  BuildTime: Aug  4 2022 06:17:15  BuildStamp: freesurfer-linux-ubuntu22_x86_64-7.3.2-20220804-6354275  User: oesteban  Machine: dna032  Platform: Linux  PlatformVersion: 5.14.0-427.37.1.el9_4.x86_64  CompilerName: GCC  CompilerVersion: 8.4.0
ProgramName: mri_mask  ProgramArguments: mri_mask -all-info  ProgramVersion: 7.3.2  TimeStamp: 2026/03/06-05:39:16-GMT  BuildTime: Aug  4 2022 06:17:15  BuildStamp: freesurfer-linux-ubuntu22_x86_64-7.3.2-20220804-6354275  User: oesteban  Machine: dna032  Platform: Linux  PlatformVersion: 5.14.0-427.37.1.el9_4.x86_64  CompilerName: GCC  CompilerVersion: 8.4.0
ProgramName: mri_matrix_multiply  ProgramArguments: mri_matrix_multiply -all-info  ProgramVersion: 7.3.2  TimeStamp: 2026/03/06-05:39:16-GMT  BuildTime: Aug  4 2022 06:17:15  BuildStamp: freesurfer-linux-ubuntu22_x86_64-7.3.2-20220804-6354275  User: oesteban  Machine: dna032  Platform: Linux  PlatformVersion: 5.14.0-427.37.1.el9_4.x86_64  CompilerName: GCC  CompilerVersion: 8.4.0
ProgramName: mri_normalize  ProgramArguments: mri_normalize -all-info  ProgramVersion: 7.3.2  TimeStamp: 2026/03/06-05:39:16-GMT  BuildTime: Aug  4 2022 06:17:15  BuildStamp: freesurfer-linux-ubuntu22_x86_64-7.3.2-20220804-6354275  User: oesteban  Machine: dna032  Platform: Linux  PlatformVersion: 5.14.0-427.37.1.el9_4.x86_64  CompilerName: GCC  CompilerVersion: 8.4.0
ProgramName: mri_normalize_tp2  ProgramArguments: mri_normalize_tp2 -all-info  ProgramVersion: 7.3.2  TimeStamp: 2026/03/06-05:39:16-GMT  BuildTime: Aug  4 2022 06:17:15  BuildStamp: freesurfer-linux-ubuntu22_x86_64-7.3.2-20220804-6354275  User: oesteban  Machine: dna032  Platform: Linux  PlatformVersion: 5.14.0-427.37.1.el9_4.x86_64  CompilerName: GCC  CompilerVersion: 8.4.0
ProgramName: mri_or  ProgramArguments: mri_or -all-info  ProgramVersion: 7.3.2  TimeStamp: 2026/03/06-05:39:16-GMT  BuildTime: Aug  4 2022 06:17:15  BuildStamp: freesurfer-linux-ubuntu22_x86_64-7.3.2-20220804-6354275  User: oesteban  Machine: dna032  Platform: Linux  PlatformVersion: 5.14.0-427.37.1.el9_4.x86_64  CompilerName: GCC  CompilerVersion: 8.4.0
ProgramName: mri_relabel_hypointensities  ProgramArguments: mri_relabel_hypointensities -all-info  ProgramVersion: 7.3.2  TimeStamp: 2026/03/06-05:39:16-GMT  BuildTime: Aug  4 2022 06:17:15  BuildStamp: freesurfer-linux-ubuntu22_x86_64-7.3.2-20220804-6354275  User: oesteban  Machine: dna032  Platform: Linux  PlatformVersion: 5.14.0-427.37.1.el9_4.x86_64  CompilerName: GCC  CompilerVersion: 8.4.0
ProgramName: mri_relabel_nonwm_hypos  ProgramArguments: mri_relabel_nonwm_hypos -all-info  ProgramVersion: 7.3.2  TimeStamp: 2026/03/06-05:39:16-GMT  BuildTime: Aug  4 2022 06:17:15  BuildStamp: freesurfer-linux-ubuntu22_x86_64-7.3.2-20220804-6354275  User: oesteban  Machine: dna032  Platform: Linux  PlatformVersion: 5.14.0-427.37.1.el9_4.x86_64  CompilerName: GCC  CompilerVersion: 8.4.0
ProgramName: mri_remove_neck  ProgramArguments: mri_remove_neck -all-info  ProgramVersion: 7.3.2  TimeStamp: 2026/03/06-05:39:16-GMT  BuildTime: Aug  4 2022 06:17:15  BuildStamp: freesurfer-linux-ubuntu22_x86_64-7.3.2-20220804-6354275  User: oesteban  Machine: dna032  Platform: Linux  PlatformVersion: 5.14.0-427.37.1.el9_4.x86_64  CompilerName: GCC  CompilerVersion: 8.4.0
7.3.2

ProgramName: mri_robust_register  ProgramArguments: mri_robust_register -all-info  ProgramVersion: 7.3.2  TimeStamp: 2026/03/06-05:39:16-GMT  BuildTime: Aug  4 2022 06:17:15  BuildStamp: freesurfer-linux-ubuntu22_x86_64-7.3.2-20220804-6354275  User: oesteban  Machine: dna032  Platform: Linux  PlatformVersion: 5.14.0-427.37.1.el9_4.x86_64  CompilerName: GCC  CompilerVersion: 8.4.0
7.3.2

ProgramName: mri_robust_template  ProgramArguments: mri_robust_template -all-info  ProgramVersion: 7.3.2  TimeStamp: 2026/03/06-05:39:16-GMT  BuildTime: Aug  4 2022 06:17:15  BuildStamp: freesurfer-linux-ubuntu22_x86_64-7.3.2-20220804-6354275  User: oesteban  Machine: dna032  Platform: Linux  PlatformVersion: 5.14.0-427.37.1.el9_4.x86_64  CompilerName: GCC  CompilerVersion: 8.4.0
ProgramName: mris_anatomical_stats  ProgramArguments: mris_anatomical_stats -all-info  ProgramVersion: 7.3.2  TimeStamp: 2026/03/06-05:39:16-GMT  BuildTime: Aug  4 2022 06:17:15  BuildStamp: freesurfer-linux-ubuntu22_x86_64-7.3.2-20220804-6354275  User: oesteban  Machine: dna032  Platform: Linux  PlatformVersion: 5.14.0-427.37.1.el9_4.x86_64  CompilerName: GCC  CompilerVersion: 8.4.0
ProgramName: mris_ca_label  ProgramArguments: mris_ca_label -all-info  ProgramVersion: 7.3.2  TimeStamp: 2026/03/06-05:39:16-GMT  BuildTime: Aug  4 2022 06:17:15  BuildStamp: freesurfer-linux-ubuntu22_x86_64-7.3.2-20220804-6354275  User: oesteban  Machine: dna032  Platform: Linux  PlatformVersion: 5.14.0-427.37.1.el9_4.x86_64  CompilerName: GCC  CompilerVersion: 8.4.0
ProgramName: mris_calc  ProgramArguments: mris_calc -all-info  ProgramVersion: 7.3.2  TimeStamp: 2026/03/06-05:39:16-GMT  BuildTime: Aug  4 2022 06:17:15  BuildStamp: freesurfer-linux-ubuntu22_x86_64-7.3.2-20220804-6354275  User: oesteban  Machine: dna032  Platform: Linux  PlatformVersion: 5.14.0-427.37.1.el9_4.x86_64  CompilerName: GCC  CompilerVersion: 8.4.0
ProgramName: mris_convert  ProgramArguments: mris_convert -all-info  ProgramVersion: 7.3.2  TimeStamp: 2026/03/06-05:39:16-GMT  BuildTime: Aug  4 2022 06:17:15  BuildStamp: freesurfer-linux-ubuntu22_x86_64-7.3.2-20220804-6354275  User: oesteban  Machine: dna032  Platform: Linux  PlatformVersion: 5.14.0-427.37.1.el9_4.x86_64  CompilerName: GCC  CompilerVersion: 8.4.0
ProgramName: mris_curvature  ProgramArguments: mris_curvature -all-info  ProgramVersion: 7.3.2  TimeStamp: 2026/03/06-05:39:16-GMT  BuildTime: Aug  4 2022 06:17:15  BuildStamp: freesurfer-linux-ubuntu22_x86_64-7.3.2-20220804-6354275  User: oesteban  Machine: dna032  Platform: Linux  PlatformVersion: 5.14.0-427.37.1.el9_4.x86_64  CompilerName: GCC  CompilerVersion: 8.4.0
ProgramName: mris_curvature_stats  ProgramArguments: mris_curvature_stats -all-info  ProgramVersion: 7.3.2  TimeStamp: 2026/03/06-05:39:16-GMT  BuildTime: Aug  4 2022 06:17:15  BuildStamp: freesurfer-linux-ubuntu22_x86_64-7.3.2-20220804-6354275  User: oesteban  Machine: dna032  Platform: Linux  PlatformVersion: 5.14.0-427.37.1.el9_4.x86_64  CompilerName: GCC  CompilerVersion: 8.4.0
ProgramName: mris_diff  ProgramArguments: mris_diff -all-info  ProgramVersion: 7.3.2  TimeStamp: 2026/03/06-05:39:16-GMT  BuildTime: Aug  4 2022 06:17:15  BuildStamp: freesurfer-linux-ubuntu22_x86_64-7.3.2-20220804-6354275  User: oesteban  Machine: dna032  Platform: Linux  PlatformVersion: 5.14.0-427.37.1.el9_4.x86_64  CompilerName: GCC  CompilerVersion: 8.4.0
ProgramName: mris_divide_parcellation  ProgramArguments: mris_divide_parcellation -all-info  ProgramVersion: 7.3.2  TimeStamp: 2026/03/06-05:39:16-GMT  BuildTime: Aug  4 2022 06:17:15  BuildStamp: freesurfer-linux-ubuntu22_x86_64-7.3.2-20220804-6354275  User: oesteban  Machine: dna032  Platform: Linux  PlatformVersion: 5.14.0-427.37.1.el9_4.x86_64  CompilerName: GCC  CompilerVersion: 8.4.0
ProgramName: mri_segment  ProgramArguments: mri_segment -all-info  ProgramVersion: 7.3.2  TimeStamp: 2026/03/06-05:39:16-GMT  BuildTime: Aug  4 2022 06:17:15  BuildStamp: freesurfer-linux-ubuntu22_x86_64-7.3.2-20220804-6354275  User: oesteban  Machine: dna032  Platform: Linux  PlatformVersion: 5.14.0-427.37.1.el9_4.x86_64  CompilerName: GCC  CompilerVersion: 8.4.0
ProgramName: mri_segstats  ProgramArguments: mri_segstats -all-info  ProgramVersion: 7.3.2  TimeStamp: 2026/03/06-05:39:16-GMT  BuildTime: Aug  4 2022 06:17:15  BuildStamp: freesurfer-linux-ubuntu22_x86_64-7.3.2-20220804-6354275  User: oesteban  Machine: dna032  Platform: Linux  PlatformVersion: 5.14.0-427.37.1.el9_4.x86_64  CompilerName: GCC  CompilerVersion: 8.4.0
ProgramName: mris_euler_number  ProgramArguments: mris_euler_number -all-info  ProgramVersion: 7.3.2  TimeStamp: 2026/03/06-05:39:16-GMT  BuildTime: Aug  4 2022 06:17:15  BuildStamp: freesurfer-linux-ubuntu22_x86_64-7.3.2-20220804-6354275  User: oesteban  Machine: dna032  Platform: Linux  PlatformVersion: 5.14.0-427.37.1.el9_4.x86_64  CompilerName: GCC  CompilerVersion: 8.4.0
ProgramName: mris_fix_topology  ProgramArguments: mris_fix_topology -all-info  ProgramVersion: 7.3.2  TimeStamp: 2026/03/06-05:39:16-GMT  BuildTime: Aug  4 2022 06:17:15  BuildStamp: freesurfer-linux-ubuntu22_x86_64-7.3.2-20220804-6354275  User: oesteban  Machine: dna032  Platform: Linux  PlatformVersion: 5.14.0-427.37.1.el9_4.x86_64  CompilerName: GCC  CompilerVersion: 8.4.0
ProgramName: mris_topo_fixer  ProgramArguments: mris_topo_fixer -all-info  ProgramVersion: 7.3.2  TimeStamp: 2026/03/06-05:39:16-GMT  BuildTime: Aug  4 2022 06:17:15  BuildStamp: freesurfer-linux-ubuntu22_x86_64-7.3.2-20220804-6354275  User: oesteban  Machine: dna032  Platform: Linux  PlatformVersion: 5.14.0-427.37.1.el9_4.x86_64  CompilerName: GCC  CompilerVersion: 8.4.0
ProgramName: mris_jacobian  ProgramArguments: mris_jacobian -all-info  ProgramVersion: 7.3.2  TimeStamp: 2026/03/06-05:39:16-GMT  BuildTime: Aug  4 2022 06:17:15  BuildStamp: freesurfer-linux-ubuntu22_x86_64-7.3.2-20220804-6354275  User: oesteban  Machine: dna032  Platform: Linux  PlatformVersion: 5.14.0-427.37.1.el9_4.x86_64  CompilerName: GCC  CompilerVersion: 8.4.0
ProgramName: mris_label2annot  ProgramArguments: mris_label2annot -all-info  ProgramVersion: 7.3.2  TimeStamp: 2026/03/06-05:39:16-GMT  BuildTime: Aug  4 2022 06:17:15  BuildStamp: freesurfer-linux-ubuntu22_x86_64-7.3.2-20220804-6354275  User: oesteban  Machine: dna032  Platform: Linux  PlatformVersion: 5.14.0-427.37.1.el9_4.x86_64  CompilerName: GCC  CompilerVersion: 8.4.0
ProgramName: mris_left_right_register  ProgramArguments: mris_left_right_register -all-info  ProgramVersion: 7.3.2  TimeStamp: 2026/03/06-05:39:16-GMT  BuildTime: Aug  4 2022 06:17:15  BuildStamp: freesurfer-linux-ubuntu22_x86_64-7.3.2-20220804-6354275  User: oesteban  Machine: dna032  Platform: Linux  PlatformVersion: 5.14.0-427.37.1.el9_4.x86_64  CompilerName: GCC  CompilerVersion: 8.4.0
ProgramName: mris_place_surface  ProgramArguments: mris_place_surface -all-info  ProgramVersion: 7.3.2  TimeStamp: 2026/03/06-05:39:16-GMT  BuildTime: Aug  4 2022 06:17:15  BuildStamp: freesurfer-linux-ubuntu22_x86_64-7.3.2-20220804-6354275  User: oesteban  Machine: dna032  Platform: Linux  PlatformVersion: 5.14.0-427.37.1.el9_4.x86_64  CompilerName: GCC  CompilerVersion: 8.4.0
ProgramName: mrisp_paint  ProgramArguments: mrisp_paint -all-info  ProgramVersion: 7.3.2  TimeStamp: 2026/03/06-05:39:16-GMT  BuildTime: Aug  4 2022 06:17:15  BuildStamp: freesurfer-linux-ubuntu22_x86_64-7.3.2-20220804-6354275  User: oesteban  Machine: dna032  Platform: Linux  PlatformVersion: 5.14.0-427.37.1.el9_4.x86_64  CompilerName: GCC  CompilerVersion: 8.4.0
ProgramName: mris_register  ProgramArguments: mris_register -all-info  ProgramVersion: 7.3.2  TimeStamp: 2026/03/06-05:39:16-GMT  BuildTime: Aug  4 2022 06:17:15  BuildStamp: freesurfer-linux-ubuntu22_x86_64-7.3.2-20220804-6354275  User: oesteban  Machine: dna032  Platform: Linux  PlatformVersion: 5.14.0-427.37.1.el9_4.x86_64  CompilerName: GCC  CompilerVersion: 8.4.0
ProgramName: mris_smooth  ProgramArguments: mris_smooth -all-info  ProgramVersion: 7.3.2  TimeStamp: 2026/03/06-05:39:16-GMT  BuildTime: Aug  4 2022 06:17:15  BuildStamp: freesurfer-linux-ubuntu22_x86_64-7.3.2-20220804-6354275  User: oesteban  Machine: dna032  Platform: Linux  PlatformVersion: 5.14.0-427.37.1.el9_4.x86_64  CompilerName: GCC  CompilerVersion: 8.4.0
ProgramName: mris_sphere  ProgramArguments: mris_sphere -all-info  ProgramVersion: 7.3.2  TimeStamp: 2026/03/06-05:39:16-GMT  BuildTime: Aug  4 2022 06:17:15  BuildStamp: freesurfer-linux-ubuntu22_x86_64-7.3.2-20220804-6354275  User: oesteban  Machine: dna032  Platform: Linux  PlatformVersion: 5.14.0-427.37.1.el9_4.x86_64  CompilerName: GCC  CompilerVersion: 8.4.0
ProgramName: mris_surface_stats  ProgramArguments: mris_surface_stats -all-info  ProgramVersion: 7.3.2  TimeStamp: 2026/03/06-05:39:16-GMT  BuildTime: Aug  4 2022 06:17:15  BuildStamp: freesurfer-linux-ubuntu22_x86_64-7.3.2-20220804-6354275  User: oesteban  Machine: dna032  Platform: Linux  PlatformVersion: 5.14.0-427.37.1.el9_4.x86_64  CompilerName: GCC  CompilerVersion: 8.4.0
ProgramName: mri_stats2seg  ProgramArguments: mri_stats2seg -all-info  ProgramVersion: 7.3.2  TimeStamp: 2026/03/06-05:39:16-GMT  BuildTime: Aug  4 2022 06:17:15  BuildStamp: freesurfer-linux-ubuntu22_x86_64-7.3.2-20220804-6354275  User: oesteban  Machine: dna032  Platform: Linux  PlatformVersion: 5.14.0-427.37.1.el9_4.x86_64  CompilerName: GCC  CompilerVersion: 8.4.0
ProgramName: mris_thickness  ProgramArguments: mris_thickness -all-info  ProgramVersion: 7.3.2  TimeStamp: 2026/03/06-05:39:16-GMT  BuildTime: Aug  4 2022 06:17:15  BuildStamp: freesurfer-linux-ubuntu22_x86_64-7.3.2-20220804-6354275  User: oesteban  Machine: dna032  Platform: Linux  PlatformVersion: 5.14.0-427.37.1.el9_4.x86_64  CompilerName: GCC  CompilerVersion: 8.4.0
ProgramName: mris_thickness_diff  ProgramArguments: mris_thickness_diff -all-info  ProgramVersion: 7.3.2  TimeStamp: 2026/03/06-05:39:16-GMT  BuildTime: Aug  4 2022 06:17:15  BuildStamp: freesurfer-linux-ubuntu22_x86_64-7.3.2-20220804-6354275  User: oesteban  Machine: dna032  Platform: Linux  PlatformVersion: 5.14.0-427.37.1.el9_4.x86_64  CompilerName: GCC  CompilerVersion: 8.4.0
ProgramName: mris_topo_fixer  ProgramArguments: mris_topo_fixer -all-info  ProgramVersion: 7.3.2  TimeStamp: 2026/03/06-05:39:16-GMT  BuildTime: Aug  4 2022 06:17:15  BuildStamp: freesurfer-linux-ubuntu22_x86_64-7.3.2-20220804-6354275  User: oesteban  Machine: dna032  Platform: Linux  PlatformVersion: 5.14.0-427.37.1.el9_4.x86_64  CompilerName: GCC  CompilerVersion: 8.4.0
ProgramName: mri_surf2surf  ProgramArguments: mri_surf2surf -all-info  ProgramVersion: 7.3.2  TimeStamp: 2026/03/06-05:39:16-GMT  BuildTime: Aug  4 2022 06:17:15  BuildStamp: freesurfer-linux-ubuntu22_x86_64-7.3.2-20220804-6354275  User: oesteban  Machine: dna032  Platform: Linux  PlatformVersion: 5.14.0-427.37.1.el9_4.x86_64  CompilerName: GCC  CompilerVersion: 8.4.0
ProgramName: mri_surf2vol  ProgramArguments: mri_surf2vol -all-info  ProgramVersion: 7.3.2  TimeStamp: 2026/03/06-05:39:16-GMT  BuildTime: Aug  4 2022 06:17:15  BuildStamp: freesurfer-linux-ubuntu22_x86_64-7.3.2-20220804-6354275  User: oesteban  Machine: dna032  Platform: Linux  PlatformVersion: 5.14.0-427.37.1.el9_4.x86_64  CompilerName: GCC  CompilerVersion: 8.4.0
ProgramName: mri_surfcluster  ProgramArguments: mri_surfcluster -all-info  ProgramVersion: 7.3.2  TimeStamp: 2026/03/06-05:39:16-GMT  BuildTime: Aug  4 2022 06:17:15  BuildStamp: freesurfer-linux-ubuntu22_x86_64-7.3.2-20220804-6354275  User: oesteban  Machine: dna032  Platform: Linux  PlatformVersion: 5.14.0-427.37.1.el9_4.x86_64  CompilerName: GCC  CompilerVersion: 8.4.0
ProgramName: mris_volmask  ProgramArguments: mris_volmask -all-info  ProgramVersion: 7.3.2  TimeStamp: 2026/03/06-05:39:16-GMT  BuildTime: Aug  4 2022 06:17:15  BuildStamp: freesurfer-linux-ubuntu22_x86_64-7.3.2-20220804-6354275  User: oesteban  Machine: dna032  Platform: Linux  PlatformVersion: 5.14.0-427.37.1.el9_4.x86_64  CompilerName: GCC  CompilerVersion: 8.4.0
ProgramName: mri_tessellate  ProgramArguments: mri_tessellate -all-info  ProgramVersion: 7.3.2  TimeStamp: 2026/03/06-05:39:16-GMT  BuildTime: Aug  4 2022 06:17:15  BuildStamp: freesurfer-linux-ubuntu22_x86_64-7.3.2-20220804-6354275  User: oesteban  Machine: dna032  Platform: Linux  PlatformVersion: 5.14.0-427.37.1.el9_4.x86_64  CompilerName: GCC  CompilerVersion: 8.4.0
ProgramName: mri_vol2surf  ProgramArguments: mri_vol2surf -all-info  ProgramVersion: 7.3.2  TimeStamp: 2026/03/06-05:39:16-GMT  BuildTime: Aug  4 2022 06:17:15  BuildStamp: freesurfer-linux-ubuntu22_x86_64-7.3.2-20220804-6354275  User: oesteban  Machine: dna032  Platform: Linux  PlatformVersion: 5.14.0-427.37.1.el9_4.x86_64  CompilerName: GCC  CompilerVersion: 8.4.0
ProgramName: mri_vol2vol  ProgramArguments: mri_vol2vol -all-info  ProgramVersion: 7.3.2  TimeStamp: 2026/03/06-05:39:16-GMT  BuildTime: Aug  4 2022 06:17:15  BuildStamp: freesurfer-linux-ubuntu22_x86_64-7.3.2-20220804-6354275  User: oesteban  Machine: dna032  Platform: Linux  PlatformVersion: 5.14.0-427.37.1.el9_4.x86_64  CompilerName: GCC  CompilerVersion: 8.4.0
ProgramName: mri_voldiff  ProgramArguments: mri_voldiff -all-info  ProgramVersion: 7.3.2  TimeStamp: 2026/03/06-05:39:16-GMT  BuildTime: Aug  4 2022 06:17:15  BuildStamp: freesurfer-linux-ubuntu22_x86_64-7.3.2-20220804-6354275  User: oesteban  Machine: dna032  Platform: Linux  PlatformVersion: 5.14.0-427.37.1.el9_4.x86_64  CompilerName: GCC  CompilerVersion: 8.4.0
ProgramName: mri_watershed  ProgramArguments: mri_watershed -all-info  ProgramVersion: 7.3.2  TimeStamp: 2026/03/06-05:39:16-GMT  BuildTime: Aug  4 2022 06:17:15  BuildStamp: freesurfer-linux-ubuntu22_x86_64-7.3.2-20220804-6354275  User: oesteban  Machine: dna032  Platform: Linux  PlatformVersion: 5.14.0-427.37.1.el9_4.x86_64  CompilerName: GCC  CompilerVersion: 8.4.0
ProgramName: tkregister2  ProgramArguments: tkregister2_cmdl -all-info  ProgramVersion: 7.3.2  TimeStamp: 2026/03/06-05:39:16-GMT  BuildTime: Aug  4 2022 06:17:15  BuildStamp: freesurfer-linux-ubuntu22_x86_64-7.3.2-20220804-6354275  User: oesteban  Machine: dna032  Platform: Linux  PlatformVersion: 5.14.0-427.37.1.el9_4.x86_64  CompilerName: GCC  CompilerVersion: 8.4.0
mri_motion_correct.fsl 7.3.2
mri_convert -all-info 
ProgramName: mri_convert  ProgramArguments: mri_convert -all-info  ProgramVersion: 7.3.2  TimeStamp: 2026/03/06-05:39:16-GMT  BuildTime: Aug  4 2022 06:17:15  BuildStamp: freesurfer-linux-ubuntu22_x86_64-7.3.2-20220804-6354275  User: oesteban  Machine: dna032  Platform: Linux  PlatformVersion: 5.14.0-427.37.1.el9_4.x86_64  CompilerName: GCC  CompilerVersion: 8.4.0
Program nu_correct, built from:
Package MNI N3, version 1.12.0, compiled by nicks@terrier (x86_64-unknown-linux-gnu) on 2015-06-19 at 01:25:34
#######################################
GCADIR /opt/freesurfer/average
GCA RB_all_2020-01-02.gca
GCASkull RB_all_withskull_2020_01_02.gca
AvgCurvTif folding.atlas.acfb40.noaparc.i12.2016-08-02.tif
GCSDIR /opt/freesurfer/average
GCS DKaparc.atlas.acfb40.noaparc.i12.2016-08-02.gcs
#######################################
#--------------------------------------
#@# CA Normalize Fri Mar  6 06:39:16 CET 2026
/out/sourcedata/freesurfer/sub-v1s10x0050994_ses-1/mri

 mri_ca_normalize -c ctrl_pts.mgz -mask brainmask.mgz nu.mgz /opt/freesurfer/average/RB_all_2020-01-02.gca transforms/talairach.lta norm.mgz 

writing control point volume to ctrl_pts.mgz
using MR volume brainmask.mgz to mask input volume...
reading 1 input volume
reading atlas from '/opt/freesurfer/average/RB_all_2020-01-02.gca'...
reading transform from 'transforms/talairach.lta'...
reading input volume from nu.mgz...
resetting wm mean[0]: 98 --> 107
resetting gm mean[0]: 61 --> 61
input volume #1 is the most T1-like
using real data threshold=17.0
skull bounding box = (60, 92, 37) --> (196, 216, 201)
finding center of left hemi white matter
using (105, 133, 119) as brain centroid of Right_Cerebral_White_Matter...
mean wm in atlas = 107, using box (88,118,99) --> (121, 148,139) to find MRI wm
before smoothing, mri peak at 107
robust fit to distribution - 107 +- 3.8
after smoothing, mri peak at 107, scaling input intensities by 1.000
scaling channel 0 by 1
using 246437 sample points...
INFO: compute sample coordinates transform
 1.03829   0.09945   0.00394  -22.52610;
-0.07902   1.14647   0.30047  -78.95516;
 0.02141  -0.29053   1.01739   33.23687;
 0.00000   0.00000   0.00000   1.00000;
INFO: transform used
finding control points in Left_Cerebral_White_Matter....
found 40230 control points for structure...
bounding box (124, 97, 41) --> (193, 198, 196)
Left_Cerebral_White_Matter: limiting intensities to 89.0 --> 132.0
23 of 7721 (0.3%) samples deleted
finding control points in Right_Cerebral_White_Matter....
found 39478 control points for structure...
bounding box (65, 95, 39) --> (132, 189, 197)
Right_Cerebral_White_Matter: limiting intensities to 94.0 --> 132.0
17 of 8371 (0.2%) samples deleted
finding control points in Left_Cerebellum_White_Matter....
found 3105 control points for structure...
bounding box (126, 172, 69) --> (171, 213, 119)
Left_Cerebellum_White_Matter: limiting intensities to 88.0 --> 132.0
161 of 161 (100.0%) samples deleted
finding control points in Right_Cerebellum_White_Matter....
found 2710 control points for structure...
bounding box (81, 171, 66) --> (126, 208, 120)
Right_Cerebellum_White_Matter: limiting intensities to 88.0 --> 132.0
125 of 125 (100.0%) samples deleted
finding control points in Brain_Stem....
found 3475 control points for structure...
bounding box (109, 161, 102) --> (143, 220, 130)
Brain_Stem: limiting intensities to 88.0 --> 132.0
283 of 343 (82.5%) samples deleted
using 16721 total control points for intensity normalization...
bias field = 0.980 +- 0.030
71 of 16112 control points discarded
finding control points in Left_Cerebral_White_Matter....
found 40230 control points for structure...
bounding box (124, 97, 41) --> (193, 198, 196)
Left_Cerebral_White_Matter: limiting intensities to 88.0 --> 132.0
84 of 7946 (1.1%) samples deleted
finding control points in Right_Cerebral_White_Matter....
found 39478 control points for structure...
bounding box (65, 95, 39) --> (132, 189, 197)
Right_Cerebral_White_Matter: limiting intensities to 91.0 --> 132.0
14 of 8494 (0.2%) samples deleted
finding control points in Left_Cerebellum_White_Matter....
found 3105 control points for structure...
bounding box (126, 172, 69) --> (171, 213, 119)
Left_Cerebellum_White_Matter: limiting intensities to 88.0 --> 132.0
171 of 171 (100.0%) samples deleted
finding control points in Right_Cerebellum_White_Matter....
found 2710 control points for structure...
bounding box (81, 171, 66) --> (126, 208, 120)
Right_Cerebellum_White_Matter: limiting intensities to 88.0 --> 132.0
144 of 144 (100.0%) samples deleted
finding control points in Brain_Stem....
found 3475 control points for structure...
bounding box (109, 161, 102) --> (143, 220, 130)
Brain_Stem: limiting intensities to 88.0 --> 132.0
313 of 367 (85.3%) samples deleted
using 17122 total control points for intensity normalization...
bias field = 1.009 +- 0.032
41 of 16333 control points discarded
finding control points in Left_Cerebral_White_Matter....
found 40230 control points for structure...
bounding box (124, 97, 41) --> (193, 198, 196)
Left_Cerebral_White_Matter: limiting intensities to 88.0 --> 132.0
35 of 8030 (0.4%) samples deleted
finding control points in Right_Cerebral_White_Matter....
found 39478 control points for structure...
bounding box (65, 95, 39) --> (132, 189, 197)
Right_Cerebral_White_Matter: limiting intensities to 91.0 --> 132.0
21 of 8549 (0.2%) samples deleted
finding control points in Left_Cerebellum_White_Matter....
found 3105 control points for structure...
bounding box (126, 172, 69) --> (171, 213, 119)
Left_Cerebellum_White_Matter: limiting intensities to 88.0 --> 132.0
158 of 158 (100.0%) samples deleted
finding control points in Right_Cerebellum_White_Matter....
found 2710 control points for structure...
bounding box (81, 171, 66) --> (126, 208, 120)
Right_Cerebellum_White_Matter: limiting intensities to 88.0 --> 132.0
138 of 138 (100.0%) samples deleted
finding control points in Brain_Stem....
found 3475 control points for structure...
bounding box (109, 161, 102) --> (143, 220, 130)
Brain_Stem: limiting intensities to 88.0 --> 132.0
321 of 400 (80.2%) samples deleted
using 17275 total control points for intensity normalization...
bias field = 1.007 +- 0.034
43 of 16461 control points discarded
writing normalized volume to norm.mgz...
writing control points to ctrl_pts.mgz
freeing GCA...done.
normalization took 1 minutes and 19 seconds.
#--------------------------------------
#@# CA Reg Fri Mar  6 06:40:35 CET 2026
/out/sourcedata/freesurfer/sub-v1s10x0050994_ses-1/mri

 mri_ca_register -nobigventricles -T transforms/talairach.lta -align-after -mask brainmask.mgz norm.mgz /opt/freesurfer/average/RB_all_2020-01-02.gca transforms/talairach.m3z 

not handling expanded ventricles...
using previously computed transform transforms/talairach.lta
renormalizing sequences with structure alignment, equivalent to:
	-renormalize
	-regularize_mean 0.500
	-regularize 0.500
using MR volume brainmask.mgz to mask input volume...

== Number of threads available to mri_ca_register for OpenMP = 16 == 
reading 1 input volumes...
logging results to talairach.log
reading input volume 'norm.mgz'...
reading GCA '/opt/freesurfer/average/RB_all_2020-01-02.gca'...
label assignment complete, 0 changed (0.00%)
freeing gibbs priors...done.
average std[0] = 5.0
Starting GCAMregister()
label assignment complete, 0 changed (0.00%)
npasses = 1, nlevels = 6
#pass# 1 of 1 ************************
enabling zero nodes
setting smoothness cost coefficient to 0.156

#GCAMreg# pass 0 level1 5 level2 0 tsec 0 sigma 2
l_jacobian=1.00 l_label=1.00 l_log_likelihood=0.20 l_smoothness=0.16 
tol=2.50e-01, dt=5.00e-02, exp_k=20.0, momentum=0.90, levels=6, niter=500, lbl_dist=10.00, avgs=256, sigma=2.0,type=2, relabel=0, neg=no

blurring input image with Gaussian with sigma=2.000...
GCAMRegisterLevel(): init RMS 0.815899
#FOTS# QuadFit found better minimum quadopt=(dt=206.377,rms=0.727799) vs oldopt=(dt=92.48,rms=0.754202)
#GCMRL#    0 dt 206.376812 rms  0.728 10.798% neg 0  invalid 762 tFOTS 4.3910 tGradient 3.1200 tsec 7.8470
#FOTS# QuadFit found better minimum quadopt=(dt=166.908,rms=0.70656) vs oldopt=(dt=92.48,rms=0.711106)
#GCMRL#    1 dt 166.908189 rms  0.707  2.918% neg 0  invalid 762 tFOTS 4.1790 tGradient 3.1670 tsec 7.7390
#FOTS# QuadFit found better minimum quadopt=(dt=226.59,rms=0.695548) vs oldopt=(dt=369.92,rms=0.698697)
#GCMRL#    2 dt 226.589595 rms  0.696  1.559% neg 0  invalid 762 tFOTS 4.8850 tGradient 3.4850 tsec 8.7440
#FOTS# QuadFit found better minimum quadopt=(dt=132.235,rms=0.690437) vs oldopt=(dt=92.48,rms=0.691092)
#GCMRL#    3 dt 132.235294 rms  0.690  0.735% neg 0  invalid 762 tFOTS 4.9660 tGradient 3.2240 tsec 8.5790
#FOTS# QuadFit found better minimum quadopt=(dt=443.904,rms=0.683465) vs oldopt=(dt=369.92,rms=0.68375)
#GCMRL#    4 dt 443.904000 rms  0.683  1.010% neg 0  invalid 762 tFOTS 4.5180 tGradient 3.8180 tsec 8.6630
#FOTS# QuadFit found better minimum quadopt=(dt=110.976,rms=0.679879) vs oldopt=(dt=92.48,rms=0.680021)
#GCMRL#    5 dt 110.976000 rms  0.680  0.525% neg 0  invalid 762 tFOTS 4.4880 tGradient 3.1570 tsec 7.9830
#FOTS# QuadFit found better minimum quadopt=(dt=1183.74,rms=0.673322) vs oldopt=(dt=1479.68,rms=0.674436)
#GCMRL#    6 dt 1183.744000 rms  0.673  0.965% neg 0  invalid 762 tFOTS 4.6870 tGradient 3.1790 tsec 8.2520
#FOTS# QuadFit found better minimum quadopt=(dt=92.8127,rms=0.669118) vs oldopt=(dt=92.48,rms=0.66912)
#GCMRL#    7 dt  92.812749 rms  0.669  0.624% neg 0  invalid 762 tFOTS 4.9680 tGradient 2.9770 tsec 8.2740
#FOTS# QuadFit found better minimum quadopt=(dt=517.888,rms=0.668125) vs oldopt=(dt=369.92,rms=0.668264)
#GCMRL#    8 dt 517.888000 rms  0.668  0.000% neg 0  invalid 762 tFOTS 4.5410 tGradient 2.9150 tsec 7.8130

#GCAMreg# pass 0 level1 5 level2 1 tsec 86.87 sigma 0.5
l_jacobian=1.00 l_label=1.00 l_log_likelihood=0.20 l_smoothness=0.16 
tol=2.50e-01, dt=5.00e-02, exp_k=20.0, momentum=0.90, levels=6, niter=500, lbl_dist=10.00, avgs=256, sigma=0.5,type=2, relabel=0, neg=no

blurring input image with Gaussian with sigma=0.500...
GCAMRegisterLevel(): init RMS 0.668901
#FOTS# QuadFit found better minimum quadopt=(dt=129.472,rms=0.666961) vs oldopt=(dt=92.48,rms=0.667163)
#GCMRL#   10 dt 129.472000 rms  0.667  0.290% neg 0  invalid 762 tFOTS 4.5260 tGradient 2.9590 tsec 7.8280
#FOTS# QuadFit found better minimum quadopt=(dt=517.888,rms=0.665388) vs oldopt=(dt=369.92,rms=0.665644)
#GCMRL#   11 dt 517.888000 rms  0.665  0.000% neg 0  invalid 762 tFOTS 4.6840 tGradient 2.7130 tsec 7.7570
setting smoothness cost coefficient to 0.615

#GCAMreg# pass 0 level1 4 level2 0 tsec 0 sigma 2
l_jacobian=1.00 l_label=1.00 l_log_likelihood=0.20 l_smoothness=0.62 
tol=2.50e-01, dt=5.00e-02, exp_k=20.0, momentum=0.90, levels=6, niter=500, lbl_dist=10.00, avgs=64, sigma=2.0,type=2, relabel=0, neg=no

blurring input image with Gaussian with sigma=2.000...
GCAMRegisterLevel(): init RMS 0.678129
#FOTS# QuadFit found better minimum quadopt=(dt=99.6734,rms=0.669463) vs oldopt=(dt=103.68,rms=0.66947)
#GCMRL#   13 dt  99.673373 rms  0.669  1.278% neg 0  invalid 762 tFOTS 4.8660 tGradient 2.3740 tsec 7.6260
#FOTS# QuadFit found better minimum quadopt=(dt=135.642,rms=0.662565) vs oldopt=(dt=103.68,rms=0.66291)
#GCMRL#   14 dt 135.641791 rms  0.663  1.030% neg 0  invalid 762 tFOTS 4.7950 tGradient 2.8060 tsec 7.9310
#FOTS# QuadFit found better minimum quadopt=(dt=75.7895,rms=0.658379) vs oldopt=(dt=25.92,rms=0.659677)
#GCMRL#   15 dt  75.789474 rms  0.658  0.632% neg 0  invalid 762 tFOTS 4.7240 tGradient 2.0740 tsec 7.1860
#FOTS# QuadFit found better minimum quadopt=(dt=82.3686,rms=0.656144) vs oldopt=(dt=103.68,rms=0.6563)
#GCMRL#   16 dt  82.368580 rms  0.656  0.339% neg 0  invalid 762 tFOTS 4.6140 tGradient 2.7190 tsec 7.7160
#FOTS# QuadFit found better minimum quadopt=(dt=101.224,rms=0.653989) vs oldopt=(dt=103.68,rms=0.653992)
#GCMRL#   17 dt 101.224490 rms  0.654  0.328% neg 0  invalid 762 tFOTS 4.7180 tGradient 2.3280 tsec 7.4250
#FOTS# QuadFit found better minimum quadopt=(dt=63.5524,rms=0.65271) vs oldopt=(dt=103.68,rms=0.653132)
#GCMRL#   18 dt  63.552448 rms  0.653  0.000% neg 0  invalid 762 tFOTS 4.7380 tGradient 2.3430 tsec 7.4420
#GCMRL#   19 dt  63.552448 rms  0.652  0.177% neg 0  invalid 762 tFOTS 0.0000 tGradient 2.2790 tsec 2.5850
#GCMRL#   20 dt  63.552448 rms  0.650  0.239% neg 0  invalid 762 tFOTS 0.0000 tGradient 2.1850 tsec 2.4900
#GCMRL#   21 dt  63.552448 rms  0.648  0.313% neg 0  invalid 762 tFOTS 0.0000 tGradient 2.4450 tsec 2.7870
#GCMRL#   22 dt  63.552448 rms  0.646  0.306% neg 0  invalid 762 tFOTS 0.0000 tGradient 2.1710 tsec 2.5420
#GCMRL#   23 dt  63.552448 rms  0.644  0.325% neg 0  invalid 762 tFOTS 0.0000 tGradient 2.6640 tsec 3.0390
#GCMRL#   24 dt  63.552448 rms  0.642  0.291% neg 0  invalid 762 tFOTS 0.0000 tGradient 2.3840 tsec 2.6960
#GCMRL#   25 dt  63.552448 rms  0.640  0.248% neg 0  invalid 762 tFOTS 0.0000 tGradient 2.7280 tsec 3.0510
#GCMRL#   26 dt  63.552448 rms  0.639  0.199% neg 0  invalid 762 tFOTS 0.0000 tGradient 2.2430 tsec 2.5510
#GCMRL#   27 dt  63.552448 rms  0.638  0.145% neg 0  invalid 762 tFOTS 0.0000 tGradient 2.1410 tsec 2.4450
#GCMRL#   28 dt  63.552448 rms  0.637  0.128% neg 0  invalid 762 tFOTS 0.0000 tGradient 2.4810 tsec 2.8430
#GCMRL#   29 dt  63.552448 rms  0.637  0.087% neg 0  invalid 762 tFOTS 0.0000 tGradient 1.9820 tsec 2.2980
#GCMRL#   30 dt  63.552448 rms  0.636  0.057% neg 0  invalid 762 tFOTS 0.0000 tGradient 2.4200 tsec 2.8050
#FOTS# QuadFit found better minimum quadopt=(dt=82.944,rms=0.636377) vs oldopt=(dt=103.68,rms=0.636384)
#GCMRL#   31 dt  82.944000 rms  0.636  0.000% neg 0  invalid 762 tFOTS 4.9450 tGradient 2.5110 tsec 7.8380

#GCAMreg# pass 0 level1 4 level2 1 tsec 97.83 sigma 0.5
l_jacobian=1.00 l_label=1.00 l_log_likelihood=0.20 l_smoothness=0.62 
tol=2.50e-01, dt=5.00e-02, exp_k=20.0, momentum=0.90, levels=6, niter=500, lbl_dist=10.00, avgs=64, sigma=0.5,type=2, relabel=0, neg=no

blurring input image with Gaussian with sigma=0.500...
GCAMRegisterLevel(): init RMS 0.637054
#GCMRL#   33 dt  25.920000 rms  0.636  0.115% neg 0  invalid 762 tFOTS 4.5440 tGradient 2.4110 tsec 7.2840
#GCMRL#   34 dt   0.450000 rms  0.636  0.000% neg 0  invalid 762 tFOTS 4.6380 tGradient 2.2160 tsec 7.3010
setting smoothness cost coefficient to 2.353

#GCAMreg# pass 0 level1 3 level2 0 tsec 0 sigma 2
l_jacobian=1.00 l_label=1.00 l_log_likelihood=0.20 l_smoothness=2.35 
tol=2.50e-01, dt=5.00e-02, exp_k=20.0, momentum=0.90, levels=6, niter=500, lbl_dist=10.00, avgs=16, sigma=2.0,type=2, relabel=0, neg=no

blurring input image with Gaussian with sigma=2.000...
GCAMRegisterLevel(): init RMS 0.677265
#FOTS# QuadFit found better minimum quadopt=(dt=2.4,rms=0.676194) vs oldopt=(dt=2,rms=0.676213)
#GCMRL#   36 dt   2.400000 rms  0.676  0.158% neg 0  invalid 762 tFOTS 5.0950 tGradient 2.0890 tsec 7.5620
#GCMRL#   37 dt   0.500000 rms  0.676  0.000% neg 0  invalid 762 tFOTS 5.0740 tGradient 1.9130 tsec 7.3950

#GCAMreg# pass 0 level1 3 level2 1 tsec 26.76 sigma 0.5
l_jacobian=1.00 l_label=1.00 l_log_likelihood=0.20 l_smoothness=2.35 
tol=2.50e-01, dt=5.00e-02, exp_k=20.0, momentum=0.90, levels=6, niter=500, lbl_dist=10.00, avgs=16, sigma=0.5,type=2, relabel=0, neg=no

blurring input image with Gaussian with sigma=0.500...
GCAMRegisterLevel(): init RMS 0.676807
#FOTS# QuadFit found better minimum quadopt=(dt=0.7,rms=0.676139) vs oldopt=(dt=0.5,rms=0.676148)
#GCMRL#   39 dt   0.700000 rms  0.676  0.099% neg 0  invalid 762 tFOTS 4.5890 tGradient 2.0270 tsec 7.0030
#FOTS# QuadFit found better minimum quadopt=(dt=0.4,rms=0.676107) vs oldopt=(dt=0.5,rms=0.676107)
#GCMRL#   40 dt   0.400000 rms  0.676  0.000% neg 0  invalid 762 tFOTS 4.8990 tGradient 2.5450 tsec 7.8870
#GCMRL#   41 dt   0.400000 rms  0.676  0.001% neg 0  invalid 762 tFOTS 0.0000 tGradient 2.4870 tsec 2.8530
setting smoothness cost coefficient to 8.000

#GCAMreg# pass 0 level1 2 level2 0 tsec 0 sigma 2
l_jacobian=1.00 l_label=1.00 l_log_likelihood=0.20 l_smoothness=8.00 
tol=2.50e-01, dt=5.00e-02, exp_k=20.0, momentum=0.90, levels=6, niter=500, lbl_dist=10.00, avgs=4, sigma=2.0,type=2, relabel=0, neg=no

blurring input image with Gaussian with sigma=2.000...
GCAMRegisterLevel(): init RMS 0.774999
#FOTS# QuadFit found better minimum quadopt=(dt=2.53204,rms=0.753099) vs oldopt=(dt=2.88,rms=0.753508)
#GCMRL#   43 dt   2.532037 rms  0.753  2.826% neg 0  invalid 762 tFOTS 4.6410 tGradient 1.8340 tsec 6.8270
#FOTS# QuadFit found better minimum quadopt=(dt=2.95263,rms=0.746858) vs oldopt=(dt=2.88,rms=0.746862)
#GCMRL#   44 dt   2.952632 rms  0.747  0.829% neg 0  invalid 762 tFOTS 4.4060 tGradient 1.6460 tsec 6.3860
#FOTS# QuadFit found better minimum quadopt=(dt=3.456,rms=0.742244) vs oldopt=(dt=2.88,rms=0.742367)
#GCMRL#   45 dt   3.456000 rms  0.742  0.618% neg 0  invalid 762 tFOTS 4.4810 tGradient 1.6300 tsec 6.4670
#FOTS# QuadFit found better minimum quadopt=(dt=1.83784,rms=0.74058) vs oldopt=(dt=2.88,rms=0.741129)
#GCMRL#   46 dt   1.837838 rms  0.741  0.000% neg 0  invalid 762 tFOTS 4.1310 tGradient 1.6870 tsec 6.1660
#GCMRL#   47 dt   1.837838 rms  0.739  0.220% neg 0  invalid 762 tFOTS 0.0000 tGradient 1.7340 tsec 2.0480
#GCMRL#   48 dt   1.837838 rms  0.737  0.199% neg 0  invalid 762 tFOTS 0.0000 tGradient 1.6350 tsec 1.9460
#GCMRL#   49 dt   1.837838 rms  0.737  0.020% neg 0  invalid 762 tFOTS 0.0000 tGradient 1.9500 tsec 2.3150
#GCMRL#   50 dt   1.837838 rms  0.737 -0.221% neg 0  invalid 762 tFOTS 0.0000 tGradient 1.9230 tsec 2.5750
#FOTS# QuadFit found better minimum quadopt=(dt=4,rms=0.736945) vs oldopt=(dt=2.88,rms=0.736973)
#GCMRL#   51 dt   4.000000 rms  0.737  0.053% neg 0  invalid 762 tFOTS 4.7210 tGradient 1.9100 tsec 7.0320
#FOTS# QuadFit found better minimum quadopt=(dt=4.2,rms=0.736326) vs oldopt=(dt=2.88,rms=0.73639)
#GCMRL#   52 dt   4.200000 rms  0.736  0.084% neg 0  invalid 762 tFOTS 4.3320 tGradient 1.6030 tsec 6.3040
#FOTS# QuadFit found better minimum quadopt=(dt=0.5,rms=0.736313) vs oldopt=(dt=0.18,rms=0.736317)

#GCAMreg# pass 0 level1 2 level2 1 tsec 64.246 sigma 0.5
l_jacobian=1.00 l_label=1.00 l_log_likelihood=0.20 l_smoothness=8.00 
tol=2.50e-01, dt=5.00e-02, exp_k=20.0, momentum=0.90, levels=6, niter=500, lbl_dist=10.00, avgs=4, sigma=0.5,type=2, relabel=0, neg=no

blurring input image with Gaussian with sigma=0.500...
GCAMRegisterLevel(): init RMS 0.736787
#GCMRL#   54 dt   0.000000 rms  0.736  0.064% neg 0  invalid 762 tFOTS 3.9640 tGradient 2.0770 tsec 6.3750
setting smoothness cost coefficient to 20.000

#GCAMreg# pass 0 level1 1 level2 0 tsec 0 sigma 2
l_jacobian=1.00 l_label=1.00 l_log_likelihood=0.20 l_smoothness=20.00 
tol=2.50e-01, dt=5.00e-02, exp_k=20.0, momentum=0.90, levels=6, niter=500, lbl_dist=10.00, avgs=1, sigma=2.0,type=2, relabel=0, neg=no

blurring input image with Gaussian with sigma=2.000...
GCAMRegisterLevel(): init RMS 0.774088
#GCMRL#   56 dt   0.000000 rms  0.774  0.058% neg 0  invalid 762 tFOTS 4.3330 tGradient 1.6760 tsec 6.3920

#GCAMreg# pass 0 level1 1 level2 1 tsec 22.13 sigma 0.5
l_jacobian=1.00 l_label=1.00 l_log_likelihood=0.20 l_smoothness=20.00 
tol=2.50e-01, dt=5.00e-02, exp_k=20.0, momentum=0.90, levels=6, niter=500, lbl_dist=10.00, avgs=1, sigma=0.5,type=2, relabel=0, neg=no

blurring input image with Gaussian with sigma=0.500...
GCAMRegisterLevel(): init RMS 0.774088
#GCMRL#   58 dt   0.000000 rms  0.774  0.058% neg 0  invalid 762 tFOTS 3.9260 tGradient 1.7260 tsec 5.9870
resetting metric properties...
setting smoothness cost coefficient to 40.000

#GCAMreg# pass 0 level1 0 level2 0 tsec 0 sigma 2
l_jacobian=1.00 l_label=1.00 l_log_likelihood=0.20 l_smoothness=40.00 
tol=2.50e-01, dt=5.00e-02, exp_k=20.0, momentum=0.90, levels=6, niter=500, lbl_dist=10.00, avgs=0, sigma=2.0,type=2, relabel=0, neg=no

blurring input image with Gaussian with sigma=2.000...
GCAMRegisterLevel(): init RMS 0.710833
#FOTS# QuadFit found better minimum quadopt=(dt=0.20392,rms=0.706331) vs oldopt=(dt=0.32,rms=0.707311)
#GCMRL#   60 dt   0.203920 rms  0.706  0.633% neg 0  invalid 762 tFOTS 4.1100 tGradient 1.1670 tsec 5.6050
#GCMRL#   61 dt   0.020000 rms  0.706  0.000% neg 0  invalid 762 tFOTS 4.2840 tGradient 1.0180 tsec 5.7410

#GCAMreg# pass 0 level1 0 level2 1 tsec 22.503 sigma 0.5
l_jacobian=1.00 l_label=1.00 l_log_likelihood=0.20 l_smoothness=40.00 
tol=2.50e-01, dt=5.00e-02, exp_k=20.0, momentum=0.90, levels=6, niter=500, lbl_dist=10.00, avgs=0, sigma=0.5,type=2, relabel=0, neg=no

blurring input image with Gaussian with sigma=0.500...
GCAMRegisterLevel(): init RMS 0.706602
#FOTS# QuadFit found better minimum quadopt=(dt=0.007,rms=0.706093) vs oldopt=(dt=0.005,rms=0.706099)
#GCMRL#   63 dt   0.007000 rms  0.706  0.072% neg 0  invalid 762 tFOTS 4.6710 tGradient 1.0860 tsec 6.1510
#FOTS# QuadFit found better minimum quadopt=(dt=0.004,rms=0.706083) vs oldopt=(dt=0.005,rms=0.706084)
#GCMRL#   64 dt   0.004000 rms  0.706  0.000% neg 0  invalid 762 tFOTS 4.9480 tGradient 1.0460 tsec 6.3920
GCAMregister done in 7.0878 min
Starting GCAmapRenormalizeWithAlignment() without scales
renormalizing by structure alignment....
renormalizing input #0
gca peak = 0.10253 (16)
mri peak = 0.07408 ( 7)
Left_Lateral_Ventricle (4): linear fit = 0.31 x + 0.0 (370 voxels, overlap=0.253)
Left_Lateral_Ventricle (4): linear fit = 0.40 x + 0.0 (370 voxels, peak =  5), gca=6.4
gca peak = 0.17690 (16)
mri peak = 0.09370 ( 7)
Right_Lateral_Ventricle (43): linear fit = 0.40 x + 0.0 (332 voxels, overlap=0.448)
Right_Lateral_Ventricle (43): linear fit = 0.40 x + 0.0 (332 voxels, peak =  6), gca=6.4
gca peak = 0.28275 (96)
mri peak = 0.09584 (102)
Right_Pallidum (52): linear fit = 1.08 x + 0.0 (787 voxels, overlap=0.971)
Right_Pallidum (52): linear fit = 1.08 x + 0.0 (787 voxels, peak = 103), gca=103.2
gca peak = 0.18948 (93)
mri peak = 0.07853 (105)
Left_Pallidum (13): linear fit = 1.09 x + 0.0 (597 voxels, overlap=0.301)
Left_Pallidum (13): linear fit = 1.09 x + 0.0 (597 voxels, peak = 101), gca=100.9
gca peak = 0.20755 (55)
mri peak = 0.13421 (55)
Right_Hippocampus (53): linear fit = 0.92 x + 0.0 (649 voxels, overlap=0.790)
Right_Hippocampus (53): linear fit = 0.92 x + 0.0 (649 voxels, peak = 50), gca=50.3
gca peak = 0.31831 (58)
mri peak = 0.13190 (54)
Left_Hippocampus (17): linear fit = 0.92 x + 0.0 (676 voxels, overlap=0.966)
Left_Hippocampus (17): linear fit = 0.92 x + 0.0 (676 voxels, peak = 53), gca=53.1
gca peak = 0.11957 (102)
mri peak = 0.13742 (104)
Right_Cerebral_White_Matter (41): linear fit = 1.05 x + 0.0 (55986 voxels, overlap=0.505)
Right_Cerebral_White_Matter (41): linear fit = 1.05 x + 0.0 (55986 voxels, peak = 108), gca=107.6
gca peak = 0.11429 (102)
mri peak = 0.09442 (108)
Left_Cerebral_White_Matter (2): linear fit = 1.09 x + 0.0 (56996 voxels, overlap=0.450)
Left_Cerebral_White_Matter (2): linear fit = 1.09 x + 0.0 (56996 voxels, peak = 111), gca=110.7
gca peak = 0.14521 (59)
mri peak = 0.04872 (54)
Left_Cerebral_Cortex (3): linear fit = 0.94 x + 0.0 (23773 voxels, overlap=0.832)
Left_Cerebral_Cortex (3): linear fit = 0.94 x + 0.0 (23773 voxels, peak = 56), gca=55.8
gca peak = 0.14336 (58)
mri peak = 0.04829 (57)
Right_Cerebral_Cortex (42): linear fit = 0.94 x + 0.0 (22299 voxels, overlap=0.972)
Right_Cerebral_Cortex (42): linear fit = 0.94 x + 0.0 (22299 voxels, peak = 55), gca=54.8
gca peak = 0.13305 (70)
mri peak = 0.13828 (67)
Right_Caudate (50): linear fit = 0.99 x + 0.0 (795 voxels, overlap=0.958)
Right_Caudate (50): linear fit = 0.99 x + 0.0 (795 voxels, peak = 69), gca=69.0
gca peak = 0.15761 (71)
mri peak = 0.10222 (70)
Left_Caudate (11): linear fit = 0.98 x + 0.0 (857 voxels, overlap=0.987)
Left_Caudate (11): linear fit = 0.98 x + 0.0 (857 voxels, peak = 69), gca=69.2
gca peak = 0.13537 (57)
mri peak = 0.04083 (26)
Left_Cerebellum_Cortex (8): linear fit = 0.46 x + 0.0 (28727 voxels, overlap=0.001)
Left_Cerebellum_Cortex (8): linear fit = 0.46 x + 0.0 (28727 voxels, peak = 26), gca=25.9
gca peak = 0.13487 (56)
mri peak = 0.04985 (27)
Right_Cerebellum_Cortex (47): linear fit = 0.46 x + 0.0 (33195 voxels, overlap=0.001)
Right_Cerebellum_Cortex (47): linear fit = 0.46 x + 0.0 (33195 voxels, peak = 25), gca=25.5
gca peak = 0.19040 (84)
mri peak = 0.05165 (75)
Left_Cerebellum_White_Matter (7): linear fit = 0.92 x + 0.0 (8515 voxels, overlap=0.201)
Left_Cerebellum_White_Matter (7): linear fit = 0.92 x + 0.0 (8515 voxels, peak = 77), gca=76.9
gca peak = 0.18871 (83)
mri peak = 0.05991 (70)
Right_Cerebellum_White_Matter (46): linear fit = 0.86 x + 0.0 (7450 voxels, overlap=0.065)
Right_Cerebellum_White_Matter (46): linear fit = 0.86 x + 0.0 (7450 voxels, peak = 71), gca=71.0
gca peak = 0.24248 (57)
mri peak = 0.16635 (54)
Left_Amygdala (18): linear fit = 0.94 x + 0.0 (321 voxels, overlap=0.962)
Left_Amygdala (18): linear fit = 0.94 x + 0.0 (321 voxels, peak = 53), gca=53.3
gca peak = 0.35833 (56)
mri peak = 0.13870 (56)
Right_Amygdala (54): linear fit = 0.99 x + 0.0 (487 voxels, overlap=1.000)
Right_Amygdala (54): linear fit = 0.99 x + 0.0 (487 voxels, peak = 55), gca=55.2
gca peak = 0.12897 (85)
mri peak = 0.05496 (104)
Left_Thalamus (10): linear fit = 1.16 x + 0.0 (4868 voxels, overlap=0.181)
Left_Thalamus (10): linear fit = 1.16 x + 0.0 (4868 voxels, peak = 99), gca=99.0
gca peak = 0.13127 (83)
mri peak = 0.05095 (80)
Right_Thalamus (49): linear fit = 1.11 x + 0.0 (4263 voxels, overlap=0.637)
Right_Thalamus (49): linear fit = 1.11 x + 0.0 (4263 voxels, peak = 92), gca=91.7
gca peak = 0.12974 (78)
mri peak = 0.08083 (89)
Left_Putamen (12): linear fit = 1.10 x + 0.0 (1971 voxels, overlap=0.696)
Left_Putamen (12): linear fit = 1.10 x + 0.0 (1971 voxels, peak = 85), gca=85.4
gca peak = 0.17796 (79)
mri peak = 0.08376 (85)
Right_Putamen (51): linear fit = 1.08 x + 0.0 (2255 voxels, overlap=0.760)
Right_Putamen (51): linear fit = 1.08 x + 0.0 (2255 voxels, peak = 85), gca=84.9
gca peak = 0.10999 (80)
mri peak = 0.08787 (82)
Brain_Stem (16): linear fit = 1.10 x + 0.0 (11579 voxels, overlap=0.416)
Brain_Stem (16): linear fit = 1.10 x + 0.0 (11579 voxels, peak = 88), gca=87.6
gca peak = 0.13215 (88)
mri peak = 0.06879 (91)
Right_VentralDC (60): linear fit = 1.13 x + 0.0 (1284 voxels, overlap=0.639)
Right_VentralDC (60): linear fit = 1.13 x + 0.0 (1284 voxels, peak = 100), gca=99.9
gca peak = 0.11941 (89)
mri peak = 0.06348 (101)
Left_VentralDC (28): linear fit = 1.12 x + 0.0 (1115 voxels, overlap=0.555)
Left_VentralDC (28): linear fit = 1.12 x + 0.0 (1115 voxels, peak = 100), gca=100.1
gca peak = 0.20775 (25)
uniform distribution in MR - rejecting arbitrary fit
gca peak = 0.13297 (21)
mri peak = 0.09870 ( 7)
Fourth_Ventricle (15): linear fit = 0.38 x + 0.0 (60 voxels, overlap=0.197)
Fourth_Ventricle (15): linear fit = 0.38 x + 0.0 (60 voxels, peak =  8), gca=7.9
gca peak Unknown = 0.94777 ( 0)
gca peak Left_Inf_Lat_Vent = 0.19087 (28)
gca peak Left_Cerebellum_Cortex = 0.13537 (57)
gca peak Third_Ventricle = 0.20775 (25)
gca peak Fourth_Ventricle = 0.13297 (21)
gca peak CSF = 0.16821 (33)
gca peak Left_Accumbens_area = 0.32850 (63)
gca peak Left_undetermined = 0.98480 (28)
gca peak Left_vessel = 0.40887 (53)
gca peak Left_choroid_plexus = 0.10898 (46)
gca peak Right_Inf_Lat_Vent = 0.17798 (26)
gca peak Right_Cerebellum_Cortex = 0.13487 (56)
gca peak Right_Accumbens_area = 0.30137 (64)
gca peak Right_vessel = 0.47828 (52)
gca peak Right_choroid_plexus = 0.11612 (45)
gca peak Fifth_Ventricle = 0.59466 (35)
gca peak WM_hypointensities = 0.10053 (78)
gca peak non_WM_hypointensities = 0.07253 (60)
gca peak Optic_Chiasm = 0.25330 (73)
not using caudate to estimate GM means
estimating mean gm scale to be 0.94 x + 0.0
estimating mean wm scale to be 1.07 x + 0.0
estimating mean csf scale to be 0.40 x + 0.0
setting left cbm cortex = 0.94 x + 0.00
setting right cbm cortex = 0.94 x + 0.00
saving intensity scales to talairach.label_intensities.txt
GCAmapRenormalizeWithAlignment() took 3.49945 min
noneg pre
Starting GCAMregister()
label assignment complete, 0 changed (0.00%)
npasses = 1, nlevels = 6
#pass# 1 of 1 ************************
enabling zero nodes
setting smoothness cost coefficient to 0.008

#GCAMreg# pass 0 level1 5 level2 0 tsec 0 sigma 2
l_jacobian=1.00 l_label=1.00 l_log_likelihood=0.20 l_smoothness=0.01 
tol=5.00e-02, dt=5.00e-02, exp_k=20.0, momentum=0.90, levels=6, niter=500, lbl_dist=10.00, avgs=256, sigma=2.0,type=2, relabel=0, neg=no

blurring input image with Gaussian with sigma=2.000...
GCAMRegisterLevel(): init RMS 0.748565
#FOTS# QuadFit found better minimum quadopt=(dt=200.421,rms=0.723724) vs oldopt=(dt=92.48,rms=0.731448)
#GCMRL#   66 dt 200.421053 rms  0.724  3.318% neg 0  invalid 762 tFOTS 4.3440 tGradient 2.0340 tsec 6.7810
#FOTS# QuadFit found better minimum quadopt=(dt=154.074,rms=0.71692) vs oldopt=(dt=92.48,rms=0.718323)
#GCMRL#   67 dt 154.074074 rms  0.717  0.940% neg 0  invalid 762 tFOTS 4.9500 tGradient 2.3590 tsec 7.6720
#FOTS# QuadFit found better minimum quadopt=(dt=168.563,rms=0.712452) vs oldopt=(dt=92.48,rms=0.713706)
#GCMRL#   68 dt 168.563380 rms  0.712  0.623% neg 0  invalid 762 tFOTS 4.6020 tGradient 2.4040 tsec 7.3610
#FOTS# QuadFit found better minimum quadopt=(dt=147.104,rms=0.70912) vs oldopt=(dt=92.48,rms=0.709827)
#GCMRL#   69 dt 147.104478 rms  0.709  0.468% neg 0  invalid 762 tFOTS 4.3470 tGradient 2.2220 tsec 6.8880
#FOTS# QuadFit found better minimum quadopt=(dt=221.952,rms=0.705878) vs oldopt=(dt=369.92,rms=0.706515)
#GCMRL#   70 dt 221.952000 rms  0.706  0.457% neg 0  invalid 762 tFOTS 3.9590 tGradient 2.0750 tsec 6.4010
#FOTS# QuadFit found better minimum quadopt=(dt=129.472,rms=0.703694) vs oldopt=(dt=92.48,rms=0.703884)
#GCMRL#   71 dt 129.472000 rms  0.704  0.309% neg 0  invalid 762 tFOTS 5.1180 tGradient 2.3920 tsec 7.8550
#FOTS# QuadFit found better minimum quadopt=(dt=295.936,rms=0.701306) vs oldopt=(dt=369.92,rms=0.701681)
#GCMRL#   72 dt 295.936000 rms  0.701  0.339% neg 0  invalid 762 tFOTS 4.8060 tGradient 2.2440 tsec 7.4350
#GCMRL#   73 dt  92.480000 rms  0.699  0.294% neg 0  invalid 762 tFOTS 4.9570 tGradient 2.4120 tsec 7.7060
#GCMRL#   74 dt 1479.680000 rms  0.693  0.947% neg 0  invalid 762 tFOTS 4.7850 tGradient 2.5260 tsec 7.6850
#FOTS# QuadFit found better minimum quadopt=(dt=73.984,rms=0.690576) vs oldopt=(dt=92.48,rms=0.690647)
#GCMRL#   75 dt  73.984000 rms  0.691  0.295% neg 0  invalid 762 tFOTS 4.8770 tGradient 2.3970 tsec 7.6370
#FOTS# QuadFit found better minimum quadopt=(dt=221.952,rms=0.690227) vs oldopt=(dt=369.92,rms=0.690348)
#GCMRL#   76 dt 221.952000 rms  0.690  0.050% neg 0  invalid 762 tFOTS 5.0130 tGradient 2.4150 tsec 7.7570
#FOTS# QuadFit found better minimum quadopt=(dt=129.472,rms=0.689574) vs oldopt=(dt=92.48,rms=0.689709)
#GCMRL#   77 dt 129.472000 rms  0.690  0.095% neg 0  invalid 762 tFOTS 4.5090 tGradient 2.0870 tsec 6.9310
#FOTS# QuadFit found better minimum quadopt=(dt=221.952,rms=0.689255) vs oldopt=(dt=369.92,rms=0.689311)
#GCMRL#   78 dt 221.952000 rms  0.689  0.000% neg 0  invalid 762 tFOTS 4.9550 tGradient 2.0950 tsec 7.4280
#GCMRL#   79 dt 221.952000 rms  0.688  0.110% neg 0  invalid 762 tFOTS 0.0000 tGradient 2.3650 tsec 2.7140
#GCMRL#   80 dt 221.952000 rms  0.688  0.132% neg 0  invalid 762 tFOTS 0.0000 tGradient 2.4080 tsec 2.7370
#GCMRL#   81 dt 221.952000 rms  0.687  0.138% neg 0  invalid 762 tFOTS 0.0000 tGradient 2.3360 tsec 2.7070
#GCMRL#   82 dt 221.952000 rms  0.685  0.262% neg 0  invalid 762 tFOTS 0.0000 tGradient 2.3760 tsec 2.6960
#GCMRL#   83 dt 221.952000 rms  0.683  0.208% neg 0  invalid 762 tFOTS 0.0000 tGradient 2.3360 tsec 2.7450
#GCMRL#   84 dt 221.952000 rms  0.682  0.159% neg 0  invalid 762 tFOTS 0.0000 tGradient 2.3920 tsec 2.7400
#GCMRL#   85 dt 221.952000 rms  0.680  0.283% neg 0  invalid 762 tFOTS 0.0000 tGradient 2.3290 tsec 2.6780
#GCMRL#   86 dt 221.952000 rms  0.679  0.192% neg 0  invalid 762 tFOTS 0.0000 tGradient 2.4340 tsec 2.7620
#GCMRL#   87 dt 221.952000 rms  0.678  0.130% neg 0  invalid 762 tFOTS 0.0000 tGradient 2.2270 tsec 2.5490
#GCMRL#   88 dt 221.952000 rms  0.677  0.207% neg 0  invalid 762 tFOTS 0.0000 tGradient 2.1580 tsec 2.4850
#GCMRL#   89 dt 221.952000 rms  0.676  0.167% neg 0  invalid 762 tFOTS 0.0000 tGradient 2.1030 tsec 2.4210
#GCMRL#   90 dt 221.952000 rms  0.675  0.111% neg 0  invalid 762 tFOTS 0.0000 tGradient 2.1040 tsec 2.4240
#GCMRL#   91 dt 221.952000 rms  0.674  0.174% neg 0  invalid 762 tFOTS 0.0000 tGradient 2.1250 tsec 2.4480
#GCMRL#   92 dt 221.952000 rms  0.673  0.155% neg 0  invalid 762 tFOTS 0.0000 tGradient 2.1900 tsec 2.5150
#GCMRL#   93 dt 221.952000 rms  0.672  0.112% neg 0  invalid 762 tFOTS 0.0000 tGradient 2.1680 tsec 2.4940
#GCMRL#   94 dt 221.952000 rms  0.671  0.139% neg 0  invalid 762 tFOTS 0.0000 tGradient 2.2700 tsec 2.6500
#GCMRL#   95 dt 221.952000 rms  0.670  0.148% neg 0  invalid 762 tFOTS 0.0000 tGradient 2.3520 tsec 2.6970
#GCMRL#   96 dt 221.952000 rms  0.669  0.107% neg 0  invalid 762 tFOTS 0.0000 tGradient 2.2220 tsec 2.5410
#GCMRL#   97 dt 221.952000 rms  0.668  0.123% neg 0  invalid 762 tFOTS 0.0000 tGradient 2.3820 tsec 2.7460
#GCMRL#   98 dt 221.952000 rms  0.668  0.139% neg 0  invalid 762 tFOTS 0.0000 tGradient 2.4160 tsec 2.7330
#GCMRL#   99 dt 221.952000 rms  0.667  0.099% neg 0  invalid 762 tFOTS 0.0000 tGradient 2.2290 tsec 2.5470
#GCMRL#  100 dt 221.952000 rms  0.666  0.094% neg 0  invalid 762 tFOTS 0.0000 tGradient 2.3600 tsec 2.7590
#GCMRL#  101 dt 221.952000 rms  0.666  0.113% neg 0  invalid 762 tFOTS 0.0000 tGradient 2.1070 tsec 2.4060
#GCMRL#  102 dt 221.952000 rms  0.665  0.087% neg 0  invalid 762 tFOTS 0.0000 tGradient 2.0870 tsec 2.4190
#GCMRL#  103 dt 221.952000 rms  0.664  0.087% neg 0  invalid 762 tFOTS 0.0000 tGradient 2.3990 tsec 2.7380
#GCMRL#  104 dt 221.952000 rms  0.664  0.104% neg 0  invalid 762 tFOTS 0.0000 tGradient 2.4340 tsec 2.7530
#GCMRL#  105 dt 221.952000 rms  0.663  0.093% neg 0  invalid 762 tFOTS 0.0000 tGradient 2.3740 tsec 2.7380
#GCMRL#  106 dt 221.952000 rms  0.662  0.085% neg 0  invalid 762 tFOTS 0.0000 tGradient 2.4810 tsec 2.8380
#GCMRL#  107 dt 221.952000 rms  0.662  0.092% neg 0  invalid 762 tFOTS 0.0000 tGradient 2.4840 tsec 2.8310
#GCMRL#  108 dt 221.952000 rms  0.661  0.080% neg 0  invalid 762 tFOTS 0.0000 tGradient 2.4530 tsec 2.8190
#GCMRL#  109 dt 221.952000 rms  0.661  0.064% neg 0  invalid 762 tFOTS 0.0000 tGradient 2.7640 tsec 3.1890
#GCMRL#  110 dt 221.952000 rms  0.660  0.078% neg 0  invalid 762 tFOTS 0.0000 tGradient 2.7490 tsec 3.0940
#GCMRL#  111 dt 221.952000 rms  0.660  0.082% neg 0  invalid 762 tFOTS 0.0000 tGradient 2.4010 tsec 2.7260
#GCMRL#  112 dt 221.952000 rms  0.659  0.063% neg 0  invalid 762 tFOTS 0.0000 tGradient 2.3640 tsec 2.7000
#GCMRL#  113 dt 221.952000 rms  0.659  0.059% neg 0  invalid 762 tFOTS 0.0000 tGradient 2.4080 tsec 2.7420
#GCMRL#  114 dt 221.952000 rms  0.659  0.058% neg 0  invalid 762 tFOTS 0.0000 tGradient 2.4160 tsec 2.7560
#GCMRL#  115 dt 221.952000 rms  0.658  0.050% neg 0  invalid 762 tFOTS 0.0000 tGradient 2.3890 tsec 2.7240
#GCMRL#  116 dt 221.952000 rms  0.658  0.057% neg 0  invalid 762 tFOTS 0.0000 tGradient 2.4530 tsec 2.7900
#GCMRL#  117 dt 221.952000 rms  0.658  0.059% neg 0  invalid 762 tFOTS 0.0000 tGradient 2.3510 tsec 2.6560
#GCMRL#  118 dt 221.952000 rms  0.657  0.046% neg 0  invalid 762 tFOTS 0.0000 tGradient 2.1630 tsec 2.4980
#GCMRL#  119 dt 221.952000 rms  0.657  0.043% neg 0  invalid 762 tFOTS 0.0000 tGradient 2.3940 tsec 2.7230
#GCMRL#  120 dt 221.952000 rms  0.657  0.050% neg 0  invalid 762 tFOTS 0.0000 tGradient 2.4440 tsec 2.7710
#GCMRL#  121 dt 221.952000 rms  0.656  0.043% neg 0  invalid 762 tFOTS 0.0000 tGradient 2.4140 tsec 2.7580
#GCMRL#  122 dt 221.952000 rms  0.656  0.039% neg 0  invalid 762 tFOTS 0.0000 tGradient 2.1030 tsec 2.4070
#GCMRL#  123 dt 221.952000 rms  0.656  0.048% neg 0  invalid 762 tFOTS 0.0000 tGradient 2.1260 tsec 2.4320
#GCMRL#  124 dt 221.952000 rms  0.656  0.045% neg 0  invalid 762 tFOTS 0.0000 tGradient 2.4540 tsec 2.8000
#GCMRL#  125 dt 221.952000 rms  0.655  0.039% neg 0  invalid 762 tFOTS 0.0000 tGradient 2.4110 tsec 2.7600
#GCMRL#  126 dt 221.952000 rms  0.655  0.042% neg 0  invalid 762 tFOTS 0.0000 tGradient 2.4280 tsec 2.7880
#GCMRL#  127 dt 221.952000 rms  0.655  0.042% neg 0  invalid 762 tFOTS 0.0000 tGradient 2.4890 tsec 2.8830
#GCMRL#  128 dt 221.952000 rms  0.654  0.042% neg 0  invalid 762 tFOTS 0.0000 tGradient 2.5510 tsec 2.8980
#GCMRL#  129 dt 221.952000 rms  0.654  0.045% neg 0  invalid 762 tFOTS 0.0000 tGradient 2.1340 tsec 2.4490
#GCMRL#  130 dt 221.952000 rms  0.654  0.046% neg 0  invalid 762 tFOTS 0.0000 tGradient 2.1440 tsec 2.4610
#GCMRL#  131 dt 221.952000 rms  0.654  0.036% neg 0  invalid 762 tFOTS 0.0000 tGradient 2.1980 tsec 2.5120
#GCMRL#  132 dt 221.952000 rms  0.653  0.040% neg 0  invalid 762 tFOTS 0.0000 tGradient 2.1810 tsec 2.4930
#GCMRL#  133 dt 221.952000 rms  0.653  0.044% neg 0  invalid 762 tFOTS 0.0000 tGradient 2.4990 tsec 2.8420
#GCMRL#  134 dt 221.952000 rms  0.653  0.036% neg 0  invalid 762 tFOTS 0.0000 tGradient 2.2390 tsec 2.5300
#GCMRL#  135 dt 221.952000 rms  0.653  0.034% neg 0  invalid 762 tFOTS 0.0000 tGradient 2.1350 tsec 2.4350
#GCMRL#  136 dt 221.952000 rms  0.652  0.038% neg 0  invalid 762 tFOTS 0.0000 tGradient 2.4080 tsec 2.7570
#GCMRL#  137 dt 221.952000 rms  0.652  0.037% neg 0  invalid 762 tFOTS 0.0000 tGradient 2.0610 tsec 2.3970
#GCMRL#  138 dt 221.952000 rms  0.652  0.036% neg 0  invalid 762 tFOTS 0.0000 tGradient 2.3290 tsec 2.6530
#GCMRL#  139 dt 221.952000 rms  0.652  0.036% neg 0  invalid 762 tFOTS 0.0000 tGradient 2.1490 tsec 2.4610
#GCMRL#  140 dt 221.952000 rms  0.651  0.033% neg 0  invalid 762 tFOTS 0.0000 tGradient 2.4140 tsec 2.7710
#GCMRL#  141 dt 221.952000 rms  0.651  0.032% neg 0  invalid 762 tFOTS 0.0000 tGradient 2.2700 tsec 2.5760
#GCMRL#  142 dt 221.952000 rms  0.651  0.034% neg 0  invalid 762 tFOTS 0.0000 tGradient 2.2730 tsec 2.5830
#GCMRL#  143 dt 221.952000 rms  0.651  0.029% neg 0  invalid 762 tFOTS 0.0000 tGradient 2.1880 tsec 2.5340
#GCMRL#  144 dt 221.952000 rms  0.651  0.030% neg 0  invalid 762 tFOTS 0.0000 tGradient 2.4560 tsec 2.8270
#GCMRL#  145 dt 221.952000 rms  0.650  0.030% neg 0  invalid 762 tFOTS 0.0000 tGradient 2.1600 tsec 2.5420
#GCMRL#  146 dt 221.952000 rms  0.650  0.027% neg 0  invalid 762 tFOTS 0.0000 tGradient 2.1850 tsec 2.5030
#GCMRL#  147 dt 221.952000 rms  0.650  0.025% neg 0  invalid 762 tFOTS 0.0000 tGradient 2.1990 tsec 2.5170
#GCMRL#  148 dt 221.952000 rms  0.650  0.028% neg 0  invalid 762 tFOTS 0.0000 tGradient 2.3010 tsec 2.6650
#GCMRL#  149 dt 221.952000 rms  0.650  0.024% neg 0  invalid 762 tFOTS 0.0000 tGradient 2.3220 tsec 2.6570
#GCMRL#  150 dt 221.952000 rms  0.650  0.025% neg 0  invalid 762 tFOTS 0.0000 tGradient 2.6190 tsec 3.0070
#GCMRL#  151 dt 221.952000 rms  0.649  0.021% neg 0  invalid 762 tFOTS 0.0000 tGradient 2.4610 tsec 2.8530
#GCMRL#  152 dt 221.952000 rms  0.649  0.022% neg 0  invalid 762 tFOTS 0.0000 tGradient 2.5960 tsec 2.9520
#GCMRL#  153 dt 221.952000 rms  0.649  0.022% neg 0  invalid 762 tFOTS 0.0000 tGradient 2.5440 tsec 2.9080
#GCMRL#  154 dt 221.952000 rms  0.649  0.021% neg 0  invalid 762 tFOTS 0.0000 tGradient 2.4820 tsec 2.8150
#FOTS# QuadFit found better minimum quadopt=(dt=110.976,rms=0.649012) vs oldopt=(dt=92.48,rms=0.649012)

#GCAMreg# pass 0 level1 5 level2 1 tsec 316.369 sigma 0.5
l_jacobian=1.00 l_label=1.00 l_log_likelihood=0.20 l_smoothness=0.01 
tol=5.00e-02, dt=5.00e-02, exp_k=20.0, momentum=0.90, levels=6, niter=500, lbl_dist=10.00, avgs=256, sigma=0.5,type=2, relabel=0, neg=no

blurring input image with Gaussian with sigma=0.500...
GCAMRegisterLevel(): init RMS 0.65012
#FOTS# QuadFit found better minimum quadopt=(dt=129.472,rms=0.648477) vs oldopt=(dt=92.48,rms=0.648575)
#GCMRL#  156 dt 129.472000 rms  0.648  0.253% neg 0  invalid 762 tFOTS 4.3210 tGradient 2.3720 tsec 6.9990
#FOTS# QuadFit found better minimum quadopt=(dt=517.888,rms=0.647772) vs oldopt=(dt=369.92,rms=0.647887)
#GCMRL#  157 dt 517.888000 rms  0.648  0.109% neg 0  invalid 762 tFOTS 4.9150 tGradient 2.0990 tsec 7.3470
#GCMRL#  158 dt 369.920000 rms  0.647  0.067% neg 0  invalid 762 tFOTS 4.6810 tGradient 2.1000 tsec 7.1720
#FOTS# QuadFit found better minimum quadopt=(dt=55.488,rms=0.647273) vs oldopt=(dt=92.48,rms=0.647292)
#GCMRL#  159 dt  55.488000 rms  0.647  0.000% neg 0  invalid 762 tFOTS 4.6920 tGradient 2.4900 tsec 7.5490
#GCMRL#  160 dt  55.488000 rms  0.647  0.001% neg 0  invalid 762 tFOTS 0.0000 tGradient 2.2590 tsec 2.5940
#GCMRL#  161 dt  55.488000 rms  0.647  0.002% neg 0  invalid 762 tFOTS 0.0000 tGradient 2.4450 tsec 2.8240
#GCMRL#  162 dt  55.488000 rms  0.647  0.006% neg 0  invalid 762 tFOTS 0.0000 tGradient 2.4630 tsec 2.8170
#GCMRL#  163 dt  55.488000 rms  0.647  0.016% neg 0  invalid 762 tFOTS 0.0000 tGradient 2.4770 tsec 2.8460
#GCMRL#  164 dt  55.488000 rms  0.647  0.026% neg 0  invalid 762 tFOTS 0.0000 tGradient 2.2950 tsec 2.6200
#GCMRL#  165 dt  55.488000 rms  0.647  0.027% neg 0  invalid 762 tFOTS 0.0000 tGradient 2.1950 tsec 2.5270
#GCMRL#  166 dt  55.488000 rms  0.647  0.024% neg 0  invalid 762 tFOTS 0.0000 tGradient 2.1370 tsec 2.4540
#GCMRL#  167 dt  55.488000 rms  0.646  0.019% neg 0  invalid 762 tFOTS 0.0000 tGradient 2.2100 tsec 2.5760
setting smoothness cost coefficient to 0.031

#GCAMreg# pass 0 level1 4 level2 0 tsec 0 sigma 2
l_jacobian=1.00 l_label=1.00 l_log_likelihood=0.20 l_smoothness=0.03 
tol=5.00e-02, dt=5.00e-02, exp_k=20.0, momentum=0.90, levels=6, niter=500, lbl_dist=10.00, avgs=64, sigma=2.0,type=2, relabel=0, neg=no

blurring input image with Gaussian with sigma=2.000...
GCAMRegisterLevel(): init RMS 0.650846
#FOTS# QuadFit found better minimum quadopt=(dt=145.152,rms=0.646137) vs oldopt=(dt=103.68,rms=0.646459)
#GCMRL#  169 dt 145.152000 rms  0.646  0.724% neg 0  invalid 762 tFOTS 4.4330 tGradient 1.7960 tsec 6.5580
#FOTS# QuadFit found better minimum quadopt=(dt=120.23,rms=0.641719) vs oldopt=(dt=103.68,rms=0.641777)
#GCMRL#  170 dt 120.230032 rms  0.642  0.684% neg 0  invalid 762 tFOTS 4.3980 tGradient 1.9240 tsec 6.6520
#FOTS# QuadFit found better minimum quadopt=(dt=36.288,rms=0.639335) vs oldopt=(dt=25.92,rms=0.639811)
#GCMRL#  171 dt  36.288000 rms  0.639  0.371% neg 0  invalid 762 tFOTS 4.3930 tGradient 1.8160 tsec 6.5370
#FOTS# QuadFit found better minimum quadopt=(dt=248.832,rms=0.635324) vs oldopt=(dt=414.72,rms=0.636351)
#GCMRL#  172 dt 248.832000 rms  0.635  0.627% neg 0  invalid 762 tFOTS 4.3090 tGradient 1.7770 tsec 6.4330
#FOTS# QuadFit found better minimum quadopt=(dt=73.6,rms=0.631765) vs oldopt=(dt=25.92,rms=0.632946)
#GCMRL#  173 dt  73.600000 rms  0.632  0.560% neg 0  invalid 762 tFOTS 4.8900 tGradient 1.9680 tsec 7.2000
#FOTS# QuadFit found better minimum quadopt=(dt=64.8815,rms=0.630044) vs oldopt=(dt=103.68,rms=0.630542)
#GCMRL#  174 dt  64.881543 rms  0.630  0.272% neg 0  invalid 762 tFOTS 4.7330 tGradient 1.7550 tsec 6.8550
#FOTS# QuadFit found better minimum quadopt=(dt=145.152,rms=0.62799) vs oldopt=(dt=103.68,rms=0.628234)
#GCMRL#  175 dt 145.152000 rms  0.628  0.326% neg 0  invalid 762 tFOTS 4.0790 tGradient 1.9460 tsec 6.3520
#FOTS# QuadFit found better minimum quadopt=(dt=36.288,rms=0.626487) vs oldopt=(dt=25.92,rms=0.626763)
#GCMRL#  176 dt  36.288000 rms  0.626  0.239% neg 0  invalid 762 tFOTS 4.7450 tGradient 1.7880 tsec 6.8510
#FOTS# QuadFit found better minimum quadopt=(dt=497.664,rms=0.62215) vs oldopt=(dt=414.72,rms=0.622293)
#GCMRL#  177 dt 497.664000 rms  0.622  0.692% neg 0  invalid 762 tFOTS 4.5250 tGradient 1.8750 tsec 6.7300
#FOTS# QuadFit found better minimum quadopt=(dt=59.8442,rms=0.618518) vs oldopt=(dt=25.92,rms=0.619386)
#GCMRL#  178 dt  59.844156 rms  0.619  0.584% neg 0  invalid 762 tFOTS 5.0940 tGradient 2.0830 tsec 7.5160
#FOTS# QuadFit found better minimum quadopt=(dt=67.4491,rms=0.617548) vs oldopt=(dt=103.68,rms=0.61775)
#GCMRL#  179 dt  67.449102 rms  0.618  0.157% neg 0  invalid 762 tFOTS 5.0600 tGradient 1.7230 tsec 7.1360
#GCMRL#  180 dt 103.680000 rms  0.617  0.137% neg 0  invalid 762 tFOTS 5.0390 tGradient 2.0050 tsec 7.4050
#FOTS# QuadFit found better minimum quadopt=(dt=64,rms=0.615779) vs oldopt=(dt=103.68,rms=0.61607)
#GCMRL#  181 dt  64.000000 rms  0.616  0.150% neg 0  invalid 762 tFOTS 4.5670 tGradient 1.7220 tsec 6.6230
#FOTS# QuadFit found better minimum quadopt=(dt=82.944,rms=0.615157) vs oldopt=(dt=103.68,rms=0.615165)
#GCMRL#  182 dt  82.944000 rms  0.615  0.101% neg 0  invalid 762 tFOTS 4.1720 tGradient 1.7050 tsec 6.2090
#FOTS# QuadFit found better minimum quadopt=(dt=82.944,rms=0.614273) vs oldopt=(dt=103.68,rms=0.614311)
#GCMRL#  183 dt  82.944000 rms  0.614  0.144% neg 0  invalid 762 tFOTS 4.1430 tGradient 1.7360 tsec 6.2180
#FOTS# QuadFit found better minimum quadopt=(dt=36.288,rms=0.613869) vs oldopt=(dt=25.92,rms=0.613959)
#GCMRL#  184 dt  36.288000 rms  0.614  0.066% neg 0  invalid 762 tFOTS 4.4140 tGradient 1.6910 tsec 6.4340
#FOTS# QuadFit found better minimum quadopt=(dt=1990.66,rms=0.604015) vs oldopt=(dt=1658.88,rms=0.604454)
#GCMRL#  185 dt 1990.656000 rms  0.604  1.605% neg 0  invalid 762 tFOTS 4.4580 tGradient 1.6870 tsec 6.4790
#FOTS# QuadFit found better minimum quadopt=(dt=53.76,rms=0.600969) vs oldopt=(dt=25.92,rms=0.601517)
#GCMRL#  186 dt  53.760000 rms  0.601  0.504% neg 0  invalid 762 tFOTS 4.6500 tGradient 1.9430 tsec 6.9280
#GCMRL#  187 dt 103.680000 rms  0.600  0.105% neg 0  invalid 762 tFOTS 4.9870 tGradient 1.8230 tsec 7.2280
#FOTS# QuadFit found better minimum quadopt=(dt=36.288,rms=0.600003) vs oldopt=(dt=25.92,rms=0.600054)
#GCMRL#  188 dt  36.288000 rms  0.600  0.055% neg 0  invalid 762 tFOTS 4.8530 tGradient 1.8040 tsec 7.0280
#FOTS# QuadFit found better minimum quadopt=(dt=995.328,rms=0.597912) vs oldopt=(dt=1658.88,rms=0.598687)
#GCMRL#  189 dt 995.328000 rms  0.598  0.348% neg 0  invalid 762 tFOTS 4.7950 tGradient 1.9070 tsec 7.0720
#FOTS# QuadFit found better minimum quadopt=(dt=36.288,rms=0.596587) vs oldopt=(dt=25.92,rms=0.596869)
#GCMRL#  190 dt  36.288000 rms  0.597  0.222% neg 0  invalid 762 tFOTS 4.9250 tGradient 1.9070 tsec 7.2030
#GCMRL#  191 dt 103.680000 rms  0.596  0.088% neg 0  invalid 762 tFOTS 4.9430 tGradient 1.8930 tsec 7.2040
#FOTS# QuadFit found better minimum quadopt=(dt=36.288,rms=0.595954) vs oldopt=(dt=25.92,rms=0.595981)
#GCMRL#  192 dt  36.288000 rms  0.596  0.000% neg 0  invalid 762 tFOTS 5.1620 tGradient 1.9160 tsec 7.4710
#GCMRL#  193 dt  36.288000 rms  0.596  0.017% neg 0  invalid 762 tFOTS 0.0000 tGradient 1.9210 tsec 2.2810
#GCMRL#  194 dt  36.288000 rms  0.596  0.030% neg 0  invalid 762 tFOTS 0.0000 tGradient 1.9870 tsec 2.3180
#GCMRL#  195 dt  36.288000 rms  0.595  0.043% neg 0  invalid 762 tFOTS 0.0000 tGradient 1.9090 tsec 2.2290
#GCMRL#  196 dt  36.288000 rms  0.595  0.059% neg 0  invalid 762 tFOTS 0.0000 tGradient 1.8480 tsec 2.1610
#GCMRL#  197 dt  36.288000 rms  0.595  0.070% neg 0  invalid 762 tFOTS 0.0000 tGradient 1.8470 tsec 2.1570
#GCMRL#  198 dt  36.288000 rms  0.594  0.076% neg 0  invalid 762 tFOTS 0.0000 tGradient 1.7370 tsec 2.0480
#GCMRL#  199 dt  36.288000 rms  0.594  0.081% neg 0  invalid 762 tFOTS 0.0000 tGradient 1.7060 tsec 2.0110
#GCMRL#  200 dt  36.288000 rms  0.593  0.088% neg 0  invalid 762 tFOTS 0.0000 tGradient 1.7090 tsec 2.0170
#GCMRL#  201 dt  36.288000 rms  0.593  0.090% neg 0  invalid 762 tFOTS 0.0000 tGradient 1.7080 tsec 2.0150
#GCMRL#  202 dt  36.288000 rms  0.592  0.094% neg 0  invalid 762 tFOTS 0.0000 tGradient 1.7290 tsec 2.0470
#GCMRL#  203 dt  36.288000 rms  0.592  0.097% neg 0  invalid 762 tFOTS 0.0000 tGradient 1.7190 tsec 2.0330
#GCMRL#  204 dt  36.288000 rms  0.591  0.100% neg 0  invalid 762 tFOTS 0.0000 tGradient 1.7190 tsec 2.0370
#GCMRL#  205 dt  36.288000 rms  0.590  0.097% neg 0  invalid 762 tFOTS 0.0000 tGradient 1.7260 tsec 2.0390
#GCMRL#  206 dt  36.288000 rms  0.590  0.096% neg 0  invalid 762 tFOTS 0.0000 tGradient 1.6640 tsec 1.9750
#GCMRL#  207 dt  36.288000 rms  0.589  0.095% neg 0  invalid 762 tFOTS 0.0000 tGradient 1.6640 tsec 1.9750
#GCMRL#  208 dt  36.288000 rms  0.589  0.092% neg 0  invalid 762 tFOTS 0.0000 tGradient 1.6650 tsec 1.9780
#GCMRL#  209 dt  36.288000 rms  0.588  0.090% neg 0  invalid 762 tFOTS 0.0000 tGradient 1.6590 tsec 1.9690
#GCMRL#  210 dt  36.288000 rms  0.588  0.089% neg 0  invalid 762 tFOTS 0.0000 tGradient 1.7020 tsec 2.0140
#GCMRL#  211 dt  36.288000 rms  0.587  0.087% neg 0  invalid 762 tFOTS 0.0000 tGradient 1.7000 tsec 2.0160
#GCMRL#  212 dt  36.288000 rms  0.587  0.084% neg 0  invalid 762 tFOTS 0.0000 tGradient 1.7180 tsec 2.0320
#GCMRL#  213 dt  36.288000 rms  0.586  0.081% neg 0  invalid 762 tFOTS 0.0000 tGradient 1.7100 tsec 2.0250
#GCMRL#  214 dt  36.288000 rms  0.586  0.080% neg 0  invalid 762 tFOTS 0.0000 tGradient 1.7150 tsec 2.0290
#GCMRL#  215 dt  36.288000 rms  0.585  0.076% neg 0  invalid 762 tFOTS 0.0000 tGradient 1.7200 tsec 2.0290
#GCMRL#  216 dt  36.288000 rms  0.585  0.077% neg 0  invalid 762 tFOTS 0.0000 tGradient 1.7150 tsec 2.0270
#GCMRL#  217 dt  36.288000 rms  0.584  0.075% neg 0  invalid 762 tFOTS 0.0000 tGradient 1.6910 tsec 2.0010
#GCMRL#  218 dt  36.288000 rms  0.584  0.072% neg 0  invalid 762 tFOTS 0.0000 tGradient 1.6830 tsec 1.9890
#GCMRL#  219 dt  36.288000 rms  0.584  0.071% neg 0  invalid 762 tFOTS 0.0000 tGradient 1.6950 tsec 2.0070
#GCMRL#  220 dt  36.288000 rms  0.583  0.068% neg 0  invalid 762 tFOTS 0.0000 tGradient 1.7010 tsec 2.0170
#GCMRL#  221 dt  36.288000 rms  0.583  0.066% neg 0  invalid 762 tFOTS 0.0000 tGradient 1.7160 tsec 2.0300
#GCMRL#  222 dt  36.288000 rms  0.582  0.063% neg 0  invalid 762 tFOTS 0.0000 tGradient 1.7060 tsec 2.0170
#GCMRL#  223 dt  36.288000 rms  0.582  0.062% neg 0  invalid 762 tFOTS 0.0000 tGradient 1.6840 tsec 1.9910
#GCMRL#  224 dt  36.288000 rms  0.582  0.062% neg 0  invalid 762 tFOTS 0.0000 tGradient 1.6670 tsec 1.9770
#GCMRL#  225 dt  36.288000 rms  0.581  0.059% neg 0  invalid 762 tFOTS 0.0000 tGradient 1.6760 tsec 1.9950
#GCMRL#  226 dt  36.288000 rms  0.581  0.058% neg 0  invalid 762 tFOTS 0.0000 tGradient 1.6780 tsec 1.9930
#GCMRL#  227 dt  36.288000 rms  0.581  0.054% neg 0  invalid 762 tFOTS 0.0000 tGradient 1.6750 tsec 1.9870
#GCMRL#  228 dt  36.288000 rms  0.580  0.054% neg 0  invalid 762 tFOTS 0.0000 tGradient 1.6760 tsec 1.9830
#GCMRL#  229 dt  36.288000 rms  0.580  0.051% neg 0  invalid 762 tFOTS 0.0000 tGradient 1.6780 tsec 1.9900
#GCMRL#  230 dt  36.288000 rms  0.580  0.053% neg 0  invalid 762 tFOTS 0.0000 tGradient 1.6710 tsec 1.9810
#GCMRL#  231 dt  36.288000 rms  0.579  0.053% neg 0  invalid 762 tFOTS 0.0000 tGradient 1.6650 tsec 1.9750
#GCMRL#  232 dt  36.288000 rms  0.579  0.051% neg 0  invalid 762 tFOTS 0.0000 tGradient 1.7180 tsec 2.0360
#GCMRL#  233 dt  36.288000 rms  0.579  0.050% neg 0  invalid 762 tFOTS 0.0000 tGradient 1.7480 tsec 2.0710
#GCMRL#  234 dt  36.288000 rms  0.579  0.048% neg 0  invalid 762 tFOTS 0.0000 tGradient 1.8390 tsec 2.1730
#GCMRL#  235 dt  36.288000 rms  0.578  0.047% neg 0  invalid 762 tFOTS 0.0000 tGradient 1.8440 tsec 2.1760
#GCMRL#  236 dt  36.288000 rms  0.578  0.048% neg 0  invalid 762 tFOTS 0.0000 tGradient 1.7820 tsec 2.1110
#GCMRL#  237 dt  36.288000 rms  0.578  0.047% neg 0  invalid 762 tFOTS 0.0000 tGradient 1.7880 tsec 2.1180
#GCMRL#  238 dt  36.288000 rms  0.578  0.043% neg 0  invalid 762 tFOTS 0.0000 tGradient 1.7790 tsec 2.1160
#GCMRL#  239 dt  36.288000 rms  0.577  0.040% neg 0  invalid 762 tFOTS 0.0000 tGradient 1.7850 tsec 2.1200
#GCMRL#  240 dt  36.288000 rms  0.577  0.042% neg 0  invalid 762 tFOTS 0.0000 tGradient 1.8310 tsec 2.2250
#GCMRL#  241 dt  36.288000 rms  0.577  0.039% neg 0  invalid 762 tFOTS 0.0000 tGradient 2.0920 tsec 2.4620
#GCMRL#  242 dt  36.288000 rms  0.577  0.036% neg 0  invalid 762 tFOTS 0.0000 tGradient 2.0760 tsec 2.4500
#GCMRL#  243 dt  36.288000 rms  0.576  0.036% neg 0  invalid 762 tFOTS 0.0000 tGradient 1.8530 tsec 2.1840
#GCMRL#  244 dt  36.288000 rms  0.576  0.036% neg 0  invalid 762 tFOTS 0.0000 tGradient 1.7920 tsec 2.1260
#GCMRL#  245 dt  36.288000 rms  0.576  0.035% neg 0  invalid 762 tFOTS 0.0000 tGradient 1.7970 tsec 2.1330
#GCMRL#  246 dt  36.288000 rms  0.576  0.037% neg 0  invalid 762 tFOTS 0.0000 tGradient 1.8030 tsec 2.1330
#GCMRL#  247 dt  36.288000 rms  0.576  0.038% neg 0  invalid 762 tFOTS 0.0000 tGradient 1.7880 tsec 2.1200
#GCMRL#  248 dt  36.288000 rms  0.575  0.036% neg 0  invalid 762 tFOTS 0.0000 tGradient 1.9290 tsec 2.2660
#GCMRL#  249 dt  36.288000 rms  0.575  0.034% neg 0  invalid 762 tFOTS 0.0000 tGradient 1.8450 tsec 2.1830
#GCMRL#  250 dt  36.288000 rms  0.575  0.033% neg 0  invalid 762 tFOTS 0.0000 tGradient 1.8350 tsec 2.1710
#GCMRL#  251 dt  36.288000 rms  0.575  0.034% neg 0  invalid 762 tFOTS 0.0000 tGradient 1.8290 tsec 2.1630
#GCMRL#  252 dt  36.288000 rms  0.575  0.033% neg 0  invalid 762 tFOTS 0.0000 tGradient 1.7860 tsec 2.1200
#GCMRL#  253 dt  36.288000 rms  0.574  0.032% neg 0  invalid 762 tFOTS 0.0000 tGradient 1.8360 tsec 2.1710
#GCMRL#  254 dt  36.288000 rms  0.574  0.031% neg 0  invalid 762 tFOTS 0.0000 tGradient 1.7730 tsec 2.1260
#GCMRL#  255 dt  36.288000 rms  0.574  0.029% neg 0  invalid 762 tFOTS 0.0000 tGradient 2.0420 tsec 2.4230
#GCMRL#  256 dt  36.288000 rms  0.574  0.033% neg 0  invalid 762 tFOTS 0.0000 tGradient 1.8960 tsec 2.2360
#GCMRL#  257 dt  36.288000 rms  0.574  0.030% neg 0  invalid 762 tFOTS 0.0000 tGradient 1.9010 tsec 2.2400
#GCMRL#  258 dt  36.288000 rms  0.574  0.029% neg 0  invalid 762 tFOTS 0.0000 tGradient 1.9110 tsec 2.2690
#GCMRL#  259 dt  36.288000 rms  0.573  0.029% neg 0  invalid 762 tFOTS 0.0000 tGradient 1.9110 tsec 2.2620
#GCMRL#  260 dt  36.288000 rms  0.573  0.029% neg 0  invalid 762 tFOTS 0.0000 tGradient 1.9050 tsec 2.3120
#GCMRL#  261 dt  36.288000 rms  0.573  0.027% neg 0  invalid 762 tFOTS 0.0000 tGradient 2.0950 tsec 2.4430
#GCMRL#  262 dt  36.288000 rms  0.573  0.027% neg 0  invalid 762 tFOTS 0.0000 tGradient 1.9100 tsec 2.2580
#GCMRL#  263 dt  36.288000 rms  0.573  0.029% neg 0  invalid 762 tFOTS 0.0000 tGradient 1.9100 tsec 2.2550
#GCMRL#  264 dt  36.288000 rms  0.573  0.027% neg 0  invalid 762 tFOTS 0.0000 tGradient 1.9140 tsec 2.2620
#GCMRL#  265 dt  36.288000 rms  0.572  0.028% neg 0  invalid 762 tFOTS 0.0000 tGradient 1.9030 tsec 2.2500
#GCMRL#  266 dt  36.288000 rms  0.572  0.028% neg 0  invalid 762 tFOTS 0.0000 tGradient 1.9060 tsec 2.2550
#GCMRL#  267 dt  36.288000 rms  0.572  0.028% neg 0  invalid 762 tFOTS 0.0000 tGradient 1.9130 tsec 2.2680
#GCMRL#  268 dt  36.288000 rms  0.572  0.027% neg 0  invalid 762 tFOTS 0.0000 tGradient 1.9170 tsec 2.2680
#GCMRL#  269 dt  36.288000 rms  0.572  0.025% neg 0  invalid 762 tFOTS 0.0000 tGradient 1.9000 tsec 2.2420
#GCMRL#  270 dt  36.288000 rms  0.572  0.025% neg 0  invalid 762 tFOTS 0.0000 tGradient 1.9130 tsec 2.2570
#GCMRL#  271 dt  36.288000 rms  0.571  0.026% neg 0  invalid 762 tFOTS 0.0000 tGradient 1.9030 tsec 2.2520
#GCMRL#  272 dt  36.288000 rms  0.571  0.024% neg 0  invalid 762 tFOTS 0.0000 tGradient 1.9090 tsec 2.2550
#GCMRL#  273 dt  36.288000 rms  0.571  0.026% neg 0  invalid 762 tFOTS 0.0000 tGradient 1.9060 tsec 2.2500
#GCMRL#  274 dt  36.288000 rms  0.571  0.024% neg 0  invalid 762 tFOTS 0.0000 tGradient 1.8910 tsec 2.2330
#GCMRL#  275 dt  36.288000 rms  0.571  0.025% neg 0  invalid 762 tFOTS 0.0000 tGradient 1.9100 tsec 2.2540
#GCMRL#  276 dt  36.288000 rms  0.571  0.024% neg 0  invalid 762 tFOTS 0.0000 tGradient 1.9110 tsec 2.2550
#GCMRL#  277 dt  36.288000 rms  0.571  0.024% neg 0  invalid 762 tFOTS 0.0000 tGradient 1.9220 tsec 2.2900
#FOTS# QuadFit found better minimum quadopt=(dt=331.776,rms=0.570585) vs oldopt=(dt=414.72,rms=0.570589)
#GCMRL#  278 dt 331.776000 rms  0.571  0.000% neg 0  invalid 762 tFOTS 4.6670 tGradient 1.9050 tsec 6.9540

#GCAMreg# pass 0 level1 4 level2 1 tsec 364.924 sigma 0.5
l_jacobian=1.00 l_label=1.00 l_log_likelihood=0.20 l_smoothness=0.03 
tol=5.00e-02, dt=5.00e-02, exp_k=20.0, momentum=0.90, levels=6, niter=500, lbl_dist=10.00, avgs=64, sigma=0.5,type=2, relabel=0, neg=no

blurring input image with Gaussian with sigma=0.500...
GCAMRegisterLevel(): init RMS 0.571863
#FOTS# QuadFit found better minimum quadopt=(dt=124.416,rms=0.569106) vs oldopt=(dt=103.68,rms=0.569124)
#GCMRL#  280 dt 124.416000 rms  0.569  0.482% neg 0  invalid 762 tFOTS 4.2950 tGradient 1.8310 tsec 6.4720
#FOTS# QuadFit found better minimum quadopt=(dt=65.9794,rms=0.568308) vs oldopt=(dt=103.68,rms=0.568568)
#GCMRL#  281 dt  65.979381 rms  0.568  0.140% neg 0  invalid 762 tFOTS 4.5650 tGradient 1.8250 tsec 6.7360
#FOTS# QuadFit found better minimum quadopt=(dt=82.944,rms=0.567851) vs oldopt=(dt=103.68,rms=0.567919)
#GCMRL#  282 dt  82.944000 rms  0.568  0.080% neg 0  invalid 762 tFOTS 4.5500 tGradient 1.8520 tsec 6.7530
#FOTS# QuadFit found better minimum quadopt=(dt=62.208,rms=0.567531) vs oldopt=(dt=103.68,rms=0.567612)
#GCMRL#  283 dt  62.208000 rms  0.568  0.056% neg 0  invalid 762 tFOTS 4.2450 tGradient 1.8390 tsec 6.4260
#GCMRL#  284 dt 103.680000 rms  0.567  0.068% neg 0  invalid 762 tFOTS 4.7730 tGradient 1.8360 tsec 7.0010
#FOTS# QuadFit found better minimum quadopt=(dt=36.288,rms=0.56694) vs oldopt=(dt=25.92,rms=0.566985)
#GCMRL#  285 dt  36.288000 rms  0.567  0.000% neg 0  invalid 762 tFOTS 4.7670 tGradient 2.1210 tsec 7.2480
#GCMRL#  286 dt  36.288000 rms  0.567  0.023% neg 0  invalid 762 tFOTS 0.0000 tGradient 1.7350 tsec 2.0510
#GCMRL#  287 dt  36.288000 rms  0.567  0.041% neg 0  invalid 762 tFOTS 0.0000 tGradient 1.7510 tsec 2.0690
#GCMRL#  288 dt  36.288000 rms  0.566  0.054% neg 0  invalid 762 tFOTS 0.0000 tGradient 1.7480 tsec 2.0670
#GCMRL#  289 dt  36.288000 rms  0.566  0.062% neg 0  invalid 762 tFOTS 0.0000 tGradient 1.7270 tsec 2.0480
#GCMRL#  290 dt  36.288000 rms  0.566  0.064% neg 0  invalid 762 tFOTS 0.0000 tGradient 1.7330 tsec 2.0520
#GCMRL#  291 dt  36.288000 rms  0.565  0.063% neg 0  invalid 762 tFOTS 0.0000 tGradient 1.7150 tsec 2.0260
#GCMRL#  292 dt  36.288000 rms  0.565  0.062% neg 0  invalid 762 tFOTS 0.0000 tGradient 1.7470 tsec 2.0640
#GCMRL#  293 dt  36.288000 rms  0.565  0.061% neg 0  invalid 762 tFOTS 0.0000 tGradient 1.7170 tsec 2.0350
#GCMRL#  294 dt  36.288000 rms  0.564  0.054% neg 0  invalid 762 tFOTS 0.0000 tGradient 1.7360 tsec 2.0500
#GCMRL#  295 dt  36.288000 rms  0.564  0.050% neg 0  invalid 762 tFOTS 0.0000 tGradient 1.7290 tsec 2.0450
#GCMRL#  296 dt  36.288000 rms  0.564  0.047% neg 0  invalid 762 tFOTS 0.0000 tGradient 1.7090 tsec 2.0240
#GCMRL#  297 dt  36.288000 rms  0.563  0.040% neg 0  invalid 762 tFOTS 0.0000 tGradient 1.7260 tsec 2.0470
#GCMRL#  298 dt  36.288000 rms  0.563  0.043% neg 0  invalid 762 tFOTS 0.0000 tGradient 1.7230 tsec 2.0370
#GCMRL#  299 dt  36.288000 rms  0.563  0.047% neg 0  invalid 762 tFOTS 0.0000 tGradient 1.7230 tsec 2.0430
#GCMRL#  300 dt  36.288000 rms  0.563  0.046% neg 0  invalid 762 tFOTS 0.0000 tGradient 1.7130 tsec 2.0250
#GCMRL#  301 dt  36.288000 rms  0.562  0.042% neg 0  invalid 762 tFOTS 0.0000 tGradient 1.7170 tsec 2.0310
#GCMRL#  302 dt  36.288000 rms  0.562  0.041% neg 0  invalid 762 tFOTS 0.0000 tGradient 1.8370 tsec 2.1680
#GCMRL#  303 dt  36.288000 rms  0.562  0.039% neg 0  invalid 762 tFOTS 0.0000 tGradient 1.9830 tsec 2.3250
#GCMRL#  304 dt  36.288000 rms  0.562  0.041% neg 0  invalid 762 tFOTS 0.0000 tGradient 1.7310 tsec 2.0710
#GCMRL#  305 dt  36.288000 rms  0.562  0.039% neg 0  invalid 762 tFOTS 0.0000 tGradient 2.3630 tsec 2.7940
#GCMRL#  306 dt  36.288000 rms  0.561  0.039% neg 0  invalid 762 tFOTS 0.0000 tGradient 2.3490 tsec 2.7660
#GCMRL#  307 dt  36.288000 rms  0.561  0.033% neg 0  invalid 762 tFOTS 0.0000 tGradient 2.3040 tsec 2.6940
#GCMRL#  308 dt  36.288000 rms  0.561  0.030% neg 0  invalid 762 tFOTS 0.0000 tGradient 2.0340 tsec 2.4090
#GCMRL#  309 dt  36.288000 rms  0.561  0.031% neg 0  invalid 762 tFOTS 0.0000 tGradient 1.7880 tsec 2.1610
#GCMRL#  310 dt  36.288000 rms  0.561  0.032% neg 0  invalid 762 tFOTS 0.0000 tGradient 1.7920 tsec 2.1460
#GCMRL#  311 dt  36.288000 rms  0.560  0.030% neg 0  invalid 762 tFOTS 0.0000 tGradient 2.0470 tsec 2.4320
#GCMRL#  312 dt  36.288000 rms  0.560  0.031% neg 0  invalid 762 tFOTS 0.0000 tGradient 1.8330 tsec 2.1740
#GCMRL#  313 dt  36.288000 rms  0.560  0.028% neg 0  invalid 762 tFOTS 0.0000 tGradient 1.8940 tsec 2.2340
#GCMRL#  314 dt  36.288000 rms  0.560  0.031% neg 0  invalid 762 tFOTS 0.0000 tGradient 1.9130 tsec 2.3140
#GCMRL#  315 dt  36.288000 rms  0.560  0.027% neg 0  invalid 762 tFOTS 0.0000 tGradient 2.0620 tsec 2.4320
#GCMRL#  316 dt  36.288000 rms  0.560  0.027% neg 0  invalid 762 tFOTS 0.0000 tGradient 1.9130 tsec 2.2430
#GCMRL#  317 dt  36.288000 rms  0.559  0.024% neg 0  invalid 762 tFOTS 0.0000 tGradient 1.9530 tsec 2.3170
#GCMRL#  318 dt  36.288000 rms  0.559  0.025% neg 0  invalid 762 tFOTS 0.0000 tGradient 2.0170 tsec 2.4040
#GCMRL#  319 dt  36.288000 rms  0.559  0.025% neg 0  invalid 762 tFOTS 0.0000 tGradient 2.0450 tsec 2.4160
#GCMRL#  320 dt  36.288000 rms  0.559  0.023% neg 0  invalid 762 tFOTS 0.0000 tGradient 2.1500 tsec 2.5480
#FOTS# QuadFit found better minimum quadopt=(dt=331.776,rms=0.559032) vs oldopt=(dt=414.72,rms=0.559037)
#GCMRL#  321 dt 331.776000 rms  0.559  0.000% neg 0  invalid 762 tFOTS 5.2680 tGradient 2.0900 tsec 7.7410
setting smoothness cost coefficient to 0.118

#GCAMreg# pass 0 level1 3 level2 0 tsec 0 sigma 2
l_jacobian=1.00 l_label=1.00 l_log_likelihood=0.20 l_smoothness=0.12 
tol=5.00e-02, dt=5.00e-02, exp_k=20.0, momentum=0.90, levels=6, niter=500, lbl_dist=10.00, avgs=16, sigma=2.0,type=2, relabel=0, neg=no

blurring input image with Gaussian with sigma=2.000...
GCAMRegisterLevel(): init RMS 0.573812
#FOTS# QuadFit found better minimum quadopt=(dt=30.8278,rms=0.570648) vs oldopt=(dt=32,rms=0.570661)
#GCMRL#  323 dt  30.827839 rms  0.571  0.551% neg 0  invalid 762 tFOTS 4.9980 tGradient 1.7310 tsec 7.1170
#FOTS# QuadFit found better minimum quadopt=(dt=76.7179,rms=0.567859) vs oldopt=(dt=32,rms=0.568439)
#GCMRL#  324 dt  76.717949 rms  0.568  0.489% neg 0  invalid 762 tFOTS 4.7660 tGradient 1.8710 tsec 7.0120
#GCMRL#  325 dt  32.000000 rms  0.565  0.565% neg 0  invalid 762 tFOTS 4.8380 tGradient 1.8280 tsec 7.0630
#GCMRL#  326 dt  32.000000 rms  0.562  0.434% neg 0  invalid 762 tFOTS 5.0210 tGradient 1.9010 tsec 7.3400
#GCMRL#  327 dt  32.000000 rms  0.560  0.328% neg 0  invalid 762 tFOTS 5.0390 tGradient 1.8640 tsec 7.3100
#GCMRL#  328 dt  32.000000 rms  0.559  0.321% neg 0  invalid 762 tFOTS 5.2270 tGradient 1.8620 tsec 7.5170
#GCMRL#  329 dt  32.000000 rms  0.557  0.264% neg 0  invalid 762 tFOTS 5.1280 tGradient 2.1360 tsec 7.6410
#FOTS# QuadFit found better minimum quadopt=(dt=25.6,rms=0.555671) vs oldopt=(dt=32,rms=0.5557)
#GCMRL#  330 dt  25.600000 rms  0.556  0.253% neg 0  invalid 762 tFOTS 5.1000 tGradient 1.9820 tsec 7.4980
#FOTS# QuadFit found better minimum quadopt=(dt=38.4,rms=0.554476) vs oldopt=(dt=32,rms=0.554525)
#GCMRL#  331 dt  38.400000 rms  0.554  0.215% neg 0  invalid 762 tFOTS 5.6230 tGradient 2.0200 tsec 8.0380
#FOTS# QuadFit found better minimum quadopt=(dt=25.6,rms=0.553174) vs oldopt=(dt=32,rms=0.553235)
#GCMRL#  332 dt  25.600000 rms  0.553  0.235% neg 0  invalid 762 tFOTS 4.5560 tGradient 1.8630 tsec 6.8190
#FOTS# QuadFit found better minimum quadopt=(dt=38.4,rms=0.552204) vs oldopt=(dt=32,rms=0.55221)
#GCMRL#  333 dt  38.400000 rms  0.552  0.175% neg 0  invalid 762 tFOTS 4.6960 tGradient 1.6510 tsec 6.6950
#FOTS# QuadFit found better minimum quadopt=(dt=25.6,rms=0.551017) vs oldopt=(dt=32,rms=0.551125)
#GCMRL#  334 dt  25.600000 rms  0.551  0.215% neg 0  invalid 762 tFOTS 4.4170 tGradient 1.5990 tsec 6.3900
#GCMRL#  335 dt  32.000000 rms  0.550  0.149% neg 0  invalid 762 tFOTS 4.7400 tGradient 1.6460 tsec 6.7360
#FOTS# QuadFit found better minimum quadopt=(dt=25.6,rms=0.549262) vs oldopt=(dt=32,rms=0.549318)
#GCMRL#  336 dt  25.600000 rms  0.549  0.170% neg 0  invalid 762 tFOTS 4.4380 tGradient 1.5750 tsec 6.3600
#GCMRL#  337 dt  32.000000 rms  0.549  0.122% neg 0  invalid 762 tFOTS 4.7240 tGradient 1.6280 tsec 6.6990
#FOTS# QuadFit found better minimum quadopt=(dt=25.6,rms=0.54772) vs oldopt=(dt=32,rms=0.547797)
#GCMRL#  338 dt  25.600000 rms  0.548  0.159% neg 0  invalid 762 tFOTS 4.4400 tGradient 1.5730 tsec 6.3520
#FOTS# QuadFit found better minimum quadopt=(dt=25.6,rms=0.547156) vs oldopt=(dt=32,rms=0.547173)
#GCMRL#  339 dt  25.600000 rms  0.547  0.103% neg 0  invalid 762 tFOTS 5.2840 tGradient 1.5580 tsec 7.2270
#FOTS# QuadFit found better minimum quadopt=(dt=25.6,rms=0.546422) vs oldopt=(dt=32,rms=0.54643)
#GCMRL#  340 dt  25.600000 rms  0.546  0.134% neg 0  invalid 762 tFOTS 4.5340 tGradient 1.7560 tsec 6.6490
#FOTS# QuadFit found better minimum quadopt=(dt=25.6,rms=0.54597) vs oldopt=(dt=32,rms=0.545977)
#GCMRL#  341 dt  25.600000 rms  0.546  0.083% neg 0  invalid 762 tFOTS 4.5040 tGradient 1.5360 tsec 6.3760
#FOTS# QuadFit found better minimum quadopt=(dt=25.6,rms=0.545277) vs oldopt=(dt=32,rms=0.545287)
#GCMRL#  342 dt  25.600000 rms  0.545  0.127% neg 0  invalid 762 tFOTS 4.2150 tGradient 1.5240 tsec 6.0760
#FOTS# QuadFit found better minimum quadopt=(dt=25.6,rms=0.544906) vs oldopt=(dt=32,rms=0.54493)
#GCMRL#  343 dt  25.600000 rms  0.545  0.068% neg 0  invalid 762 tFOTS 4.5030 tGradient 1.5180 tsec 6.3610
#FOTS# QuadFit found better minimum quadopt=(dt=25.6,rms=0.54425) vs oldopt=(dt=32,rms=0.544289)
#GCMRL#  344 dt  25.600000 rms  0.544  0.120% neg 0  invalid 762 tFOTS 4.2470 tGradient 1.5380 tsec 6.1260
#FOTS# QuadFit found better minimum quadopt=(dt=19.2,rms=0.543905) vs oldopt=(dt=32,rms=0.543986)
#GCMRL#  345 dt  19.200000 rms  0.544  0.063% neg 0  invalid 762 tFOTS 4.5060 tGradient 1.5360 tsec 6.3830
#FOTS# QuadFit found better minimum quadopt=(dt=44.8,rms=0.543235) vs oldopt=(dt=32,rms=0.543288)
#GCMRL#  346 dt  44.800000 rms  0.543  0.123% neg 0  invalid 762 tFOTS 4.2390 tGradient 1.5330 tsec 6.1140
#FOTS# QuadFit found better minimum quadopt=(dt=11.2,rms=0.542829) vs oldopt=(dt=8,rms=0.542904)
#GCMRL#  347 dt  11.200000 rms  0.543  0.075% neg 0  invalid 762 tFOTS 4.2570 tGradient 1.5420 tsec 6.1410
#FOTS# QuadFit found better minimum quadopt=(dt=76.8,rms=0.542102) vs oldopt=(dt=128,rms=0.542131)
#GCMRL#  348 dt  76.800000 rms  0.542  0.134% neg 0  invalid 762 tFOTS 4.4140 tGradient 1.5360 tsec 6.3030
#FOTS# QuadFit found better minimum quadopt=(dt=21.6727,rms=0.541262) vs oldopt=(dt=32,rms=0.541521)
#GCMRL#  349 dt  21.672727 rms  0.541  0.155% neg 0  invalid 762 tFOTS 4.3500 tGradient 1.5470 tsec 6.2470
#FOTS# QuadFit found better minimum quadopt=(dt=25.6,rms=0.540934) vs oldopt=(dt=32,rms=0.54097)
#GCMRL#  350 dt  25.600000 rms  0.541  0.061% neg 0  invalid 762 tFOTS 4.5020 tGradient 1.5420 tsec 6.3860
#FOTS# QuadFit found better minimum quadopt=(dt=25.6,rms=0.540526) vs oldopt=(dt=32,rms=0.540572)
#GCMRL#  351 dt  25.600000 rms  0.541  0.075% neg 0  invalid 762 tFOTS 4.3000 tGradient 1.5320 tsec 6.1760
#FOTS# QuadFit found better minimum quadopt=(dt=11.2,rms=0.540295) vs oldopt=(dt=8,rms=0.540336)
#GCMRL#  352 dt  11.200000 rms  0.540  0.000% neg 0  invalid 762 tFOTS 4.5810 tGradient 1.5380 tsec 6.4870
#GCMRL#  353 dt  11.200000 rms  0.540  0.026% neg 0  invalid 762 tFOTS 0.0000 tGradient 1.5240 tsec 1.8610
#GCMRL#  354 dt  11.200000 rms  0.540  0.050% neg 0  invalid 762 tFOTS 0.0000 tGradient 1.8140 tsec 2.1830
#GCMRL#  355 dt  11.200000 rms  0.540  0.069% neg 0  invalid 762 tFOTS 0.0000 tGradient 1.5440 tsec 1.9210
#GCMRL#  356 dt  11.200000 rms  0.539  0.086% neg 0  invalid 762 tFOTS 0.0000 tGradient 1.8010 tsec 2.1710
#GCMRL#  357 dt  11.200000 rms  0.538  0.102% neg 0  invalid 762 tFOTS 0.0000 tGradient 1.7130 tsec 2.0300
#GCMRL#  358 dt  11.200000 rms  0.538  0.112% neg 0  invalid 762 tFOTS 0.0000 tGradient 1.5550 tsec 1.9020
#GCMRL#  359 dt  11.200000 rms  0.537  0.129% neg 0  invalid 762 tFOTS 0.0000 tGradient 1.6210 tsec 1.9660
#GCMRL#  360 dt  11.200000 rms  0.536  0.133% neg 0  invalid 762 tFOTS 0.0000 tGradient 1.5910 tsec 1.9220
#GCMRL#  361 dt  11.200000 rms  0.536  0.136% neg 0  invalid 762 tFOTS 0.0000 tGradient 1.6050 tsec 1.9370
#GCMRL#  362 dt  11.200000 rms  0.535  0.134% neg 0  invalid 762 tFOTS 0.0000 tGradient 1.6060 tsec 1.9410
#GCMRL#  363 dt  11.200000 rms  0.534  0.130% neg 0  invalid 762 tFOTS 0.0000 tGradient 1.6100 tsec 1.9420
#GCMRL#  364 dt  11.200000 rms  0.534  0.126% neg 0  invalid 762 tFOTS 0.0000 tGradient 1.5900 tsec 1.9240
#GCMRL#  365 dt  11.200000 rms  0.533  0.122% neg 0  invalid 762 tFOTS 0.0000 tGradient 1.5870 tsec 1.9170
#GCMRL#  366 dt  11.200000 rms  0.532  0.119% neg 0  invalid 762 tFOTS 0.0000 tGradient 1.5860 tsec 1.9180
#GCMRL#  367 dt  11.200000 rms  0.532  0.118% neg 0  invalid 762 tFOTS 0.0000 tGradient 1.5920 tsec 1.9230
#GCMRL#  368 dt  11.200000 rms  0.531  0.110% neg 0  invalid 762 tFOTS 0.0000 tGradient 1.6050 tsec 1.9350
#GCMRL#  369 dt  11.200000 rms  0.531  0.113% neg 0  invalid 762 tFOTS 0.0000 tGradient 1.6030 tsec 1.9390
#GCMRL#  370 dt  11.200000 rms  0.530  0.097% neg 0  invalid 762 tFOTS 0.0000 tGradient 1.5980 tsec 1.9290
#GCMRL#  371 dt  11.200000 rms  0.530  0.101% neg 0  invalid 762 tFOTS 0.0000 tGradient 1.5980 tsec 1.9320
#GCMRL#  372 dt  11.200000 rms  0.529  0.091% neg 0  invalid 762 tFOTS 0.0000 tGradient 1.5830 tsec 1.9120
#GCMRL#  373 dt  11.200000 rms  0.529  0.089% neg 0  invalid 762 tFOTS 0.0000 tGradient 1.5950 tsec 1.9240
#GCMRL#  374 dt  11.200000 rms  0.528  0.085% neg 0  invalid 762 tFOTS 0.0000 tGradient 1.5900 tsec 1.9240
#GCMRL#  375 dt  11.200000 rms  0.528  0.079% neg 0  invalid 762 tFOTS 0.0000 tGradient 1.5870 tsec 1.9230
#GCMRL#  376 dt  11.200000 rms  0.527  0.071% neg 0  invalid 762 tFOTS 0.0000 tGradient 1.6040 tsec 1.9350
#GCMRL#  377 dt  11.200000 rms  0.527  0.068% neg 0  invalid 762 tFOTS 0.0000 tGradient 1.5460 tsec 1.8710
#GCMRL#  378 dt  11.200000 rms  0.527  0.064% neg 0  invalid 762 tFOTS 0.0000 tGradient 1.5500 tsec 1.8760
#GCMRL#  379 dt  11.200000 rms  0.526  0.056% neg 0  invalid 762 tFOTS 0.0000 tGradient 1.5580 tsec 1.8850
#GCMRL#  380 dt  11.200000 rms  0.526  0.060% neg 0  invalid 762 tFOTS 0.0000 tGradient 1.5650 tsec 1.8990
#GCMRL#  381 dt  11.200000 rms  0.526  0.054% neg 0  invalid 762 tFOTS 0.0000 tGradient 1.5960 tsec 1.9410
#GCMRL#  382 dt  11.200000 rms  0.525  0.049% neg 0  invalid 762 tFOTS 0.0000 tGradient 1.6690 tsec 2.0310
#GCMRL#  383 dt  11.200000 rms  0.525  0.047% neg 0  invalid 762 tFOTS 0.0000 tGradient 1.9540 tsec 2.3480
#GCMRL#  384 dt  11.200000 rms  0.525  0.049% neg 0  invalid 762 tFOTS 0.0000 tGradient 1.9130 tsec 2.2500
#GCMRL#  385 dt  11.200000 rms  0.525  0.049% neg 0  invalid 762 tFOTS 0.0000 tGradient 1.6750 tsec 2.0140
#GCMRL#  386 dt  11.200000 rms  0.524  0.042% neg 0  invalid 762 tFOTS 0.0000 tGradient 1.6810 tsec 2.0210
#GCMRL#  387 dt  11.200000 rms  0.524  0.040% neg 0  invalid 762 tFOTS 0.0000 tGradient 1.6960 tsec 2.0330
#GCMRL#  388 dt  11.200000 rms  0.524  0.043% neg 0  invalid 762 tFOTS 0.0000 tGradient 1.6830 tsec 2.0240
#GCMRL#  389 dt  11.200000 rms  0.524  0.038% neg 0  invalid 762 tFOTS 0.0000 tGradient 1.6730 tsec 2.0110
#GCMRL#  390 dt  11.200000 rms  0.524  0.038% neg 0  invalid 762 tFOTS 0.0000 tGradient 1.6760 tsec 2.0170
#GCMRL#  391 dt  11.200000 rms  0.523  0.038% neg 0  invalid 762 tFOTS 0.0000 tGradient 1.6280 tsec 1.9690
#GCMRL#  392 dt  11.200000 rms  0.523  0.031% neg 0  invalid 762 tFOTS 0.0000 tGradient 1.6610 tsec 2.0010
#GCMRL#  393 dt  11.200000 rms  0.523  0.033% neg 0  invalid 762 tFOTS 0.0000 tGradient 1.6220 tsec 1.9620
#GCMRL#  394 dt  11.200000 rms  0.523  0.032% neg 0  invalid 762 tFOTS 0.0000 tGradient 1.6120 tsec 1.9520
#GCMRL#  395 dt  11.200000 rms  0.523  0.030% neg 0  invalid 762 tFOTS 0.0000 tGradient 1.6750 tsec 2.0160
#GCMRL#  396 dt  11.200000 rms  0.523  0.031% neg 0  invalid 762 tFOTS 0.0000 tGradient 1.6600 tsec 2.0560
#GCMRL#  397 dt  11.200000 rms  0.522  0.030% neg 0  invalid 762 tFOTS 0.0000 tGradient 1.6350 tsec 2.0030
#GCMRL#  398 dt  11.200000 rms  0.522  0.023% neg 0  invalid 762 tFOTS 0.0000 tGradient 1.7770 tsec 2.1230
#GCMRL#  399 dt  11.200000 rms  0.522  0.023% neg 0  invalid 762 tFOTS 0.0000 tGradient 1.9520 tsec 2.3510
#GCMRL#  400 dt  11.200000 rms  0.522  0.026% neg 0  invalid 762 tFOTS 0.0000 tGradient 1.8810 tsec 2.2860
#GCMRL#  401 dt  11.200000 rms  0.522  0.026% neg 0  invalid 762 tFOTS 0.0000 tGradient 1.8920 tsec 2.2930
#GCMRL#  402 dt  11.200000 rms  0.522  0.026% neg 0  invalid 762 tFOTS 0.0000 tGradient 1.8950 tsec 2.2950
#GCMRL#  403 dt  11.200000 rms  0.522  0.023% neg 0  invalid 762 tFOTS 0.0000 tGradient 1.8670 tsec 2.2540
#GCMRL#  404 dt  11.200000 rms  0.522  0.022% neg 0  invalid 762 tFOTS 0.0000 tGradient 1.6600 tsec 2.0250
#FOTS# QuadFit found better minimum quadopt=(dt=153.6,rms=0.521532) vs oldopt=(dt=128,rms=0.521535)
#GCMRL#  405 dt 153.600000 rms  0.522  0.000% neg 0  invalid 762 tFOTS 4.9760 tGradient 1.5890 tsec 6.9930

#GCAMreg# pass 0 level1 3 level2 1 tsec 325.816 sigma 0.5
l_jacobian=1.00 l_label=1.00 l_log_likelihood=0.20 l_smoothness=0.12 
tol=5.00e-02, dt=5.00e-02, exp_k=20.0, momentum=0.90, levels=6, niter=500, lbl_dist=10.00, avgs=16, sigma=0.5,type=2, relabel=0, neg=no

blurring input image with Gaussian with sigma=0.500...
GCAMRegisterLevel(): init RMS 0.522612
#FOTS# QuadFit found better minimum quadopt=(dt=38.4,rms=0.51943) vs oldopt=(dt=32,rms=0.519495)
#GCMRL#  407 dt  38.400000 rms  0.519  0.609% neg 0  invalid 762 tFOTS 4.8520 tGradient 1.6610 tsec 6.9380
#GCMRL#  408 dt  32.000000 rms  0.518  0.183% neg 0  invalid 762 tFOTS 5.2320 tGradient 1.8240 tsec 7.4170
#FOTS# QuadFit found better minimum quadopt=(dt=19.2,rms=0.517999) vs oldopt=(dt=32,rms=0.518134)
#GCMRL#  409 dt  19.200000 rms  0.518  0.093% neg 0  invalid 762 tFOTS 4.9920 tGradient 1.5920 tsec 7.0000
#FOTS# QuadFit found better minimum quadopt=(dt=44.8,rms=0.517286) vs oldopt=(dt=32,rms=0.517395)
#GCMRL#  410 dt  44.800000 rms  0.517  0.138% neg 0  invalid 762 tFOTS 4.4150 tGradient 1.6060 tsec 6.3750
#FOTS# QuadFit found better minimum quadopt=(dt=11.2,rms=0.5172) vs oldopt=(dt=8,rms=0.517213)
#GCMRL#  411 dt  11.200000 rms  0.517  0.000% neg 0  invalid 762 tFOTS 4.3450 tGradient 1.6410 tsec 6.3500
#GCMRL#  412 dt  11.200000 rms  0.517  0.027% neg 0  invalid 762 tFOTS 0.0000 tGradient 1.4500 tsec 1.7670
#GCMRL#  413 dt  11.200000 rms  0.517  0.033% neg 0  invalid 762 tFOTS 0.0000 tGradient 1.4640 tsec 1.7780
#GCMRL#  414 dt  11.200000 rms  0.517  0.052% neg 0  invalid 762 tFOTS 0.0000 tGradient 1.4560 tsec 1.7620
#GCMRL#  415 dt  11.200000 rms  0.516  0.054% neg 0  invalid 762 tFOTS 0.0000 tGradient 1.4690 tsec 1.7860
#GCMRL#  416 dt  11.200000 rms  0.516  0.052% neg 0  invalid 762 tFOTS 0.0000 tGradient 1.4650 tsec 1.7800
#GCMRL#  417 dt  11.200000 rms  0.516  0.051% neg 0  invalid 762 tFOTS 0.0000 tGradient 1.4650 tsec 1.7810
#GCMRL#  418 dt  11.200000 rms  0.516  0.041% neg 0  invalid 762 tFOTS 0.0000 tGradient 1.4720 tsec 1.7850
#GCMRL#  419 dt  11.200000 rms  0.515  0.043% neg 0  invalid 762 tFOTS 0.0000 tGradient 1.4630 tsec 1.7780
#GCMRL#  420 dt  11.200000 rms  0.515  0.031% neg 0  invalid 762 tFOTS 0.0000 tGradient 1.4610 tsec 1.7770
#GCMRL#  421 dt  11.200000 rms  0.515  0.037% neg 0  invalid 762 tFOTS 0.0000 tGradient 1.4090 tsec 1.7640
#GCMRL#  422 dt  11.200000 rms  0.515  0.036% neg 0  invalid 762 tFOTS 0.0000 tGradient 1.4520 tsec 1.7700
#GCMRL#  423 dt  11.200000 rms  0.515  0.038% neg 0  invalid 762 tFOTS 0.0000 tGradient 1.5340 tsec 1.8470
#GCMRL#  424 dt  11.200000 rms  0.514  0.039% neg 0  invalid 762 tFOTS 0.0000 tGradient 1.4960 tsec 1.8110
#GCMRL#  425 dt  11.200000 rms  0.514  0.044% neg 0  invalid 762 tFOTS 0.0000 tGradient 1.4900 tsec 1.8060
#GCMRL#  426 dt  11.200000 rms  0.514  0.041% neg 0  invalid 762 tFOTS 0.0000 tGradient 1.4870 tsec 1.8090
#GCMRL#  427 dt  11.200000 rms  0.514  0.040% neg 0  invalid 762 tFOTS 0.0000 tGradient 1.4820 tsec 1.7990
#GCMRL#  428 dt  11.200000 rms  0.514  0.043% neg 0  invalid 762 tFOTS 0.0000 tGradient 1.5020 tsec 1.8250
#GCMRL#  429 dt  11.200000 rms  0.513  0.035% neg 0  invalid 762 tFOTS 0.0000 tGradient 1.4900 tsec 1.8130
#GCMRL#  430 dt  11.200000 rms  0.513  0.038% neg 0  invalid 762 tFOTS 0.0000 tGradient 1.4900 tsec 1.8100
#GCMRL#  431 dt  11.200000 rms  0.513  0.034% neg 0  invalid 762 tFOTS 0.0000 tGradient 1.4980 tsec 1.8160
#GCMRL#  432 dt  11.200000 rms  0.513  0.036% neg 0  invalid 762 tFOTS 0.0000 tGradient 1.4980 tsec 1.8190
#GCMRL#  433 dt  11.200000 rms  0.513  0.038% neg 0  invalid 762 tFOTS 0.0000 tGradient 1.4970 tsec 1.8170
#GCMRL#  434 dt  11.200000 rms  0.512  0.036% neg 0  invalid 762 tFOTS 0.0000 tGradient 1.4920 tsec 1.8150
#GCMRL#  435 dt  11.200000 rms  0.512  0.028% neg 0  invalid 762 tFOTS 0.0000 tGradient 1.4920 tsec 1.8080
#GCMRL#  436 dt  11.200000 rms  0.512  0.033% neg 0  invalid 762 tFOTS 0.0000 tGradient 1.5110 tsec 1.8400
#GCMRL#  437 dt  11.200000 rms  0.512  0.032% neg 0  invalid 762 tFOTS 0.0000 tGradient 1.5230 tsec 1.8590
#GCMRL#  438 dt  11.200000 rms  0.512  0.029% neg 0  invalid 762 tFOTS 0.0000 tGradient 1.5320 tsec 1.8680
#GCMRL#  439 dt  11.200000 rms  0.512  0.029% neg 0  invalid 762 tFOTS 0.0000 tGradient 1.5190 tsec 1.8540
#GCMRL#  440 dt  11.200000 rms  0.512  0.027% neg 0  invalid 762 tFOTS 0.0000 tGradient 1.5250 tsec 1.8580
#GCMRL#  441 dt  11.200000 rms  0.511  0.028% neg 0  invalid 762 tFOTS 0.0000 tGradient 1.5160 tsec 1.8520
#GCMRL#  442 dt  11.200000 rms  0.511  0.023% neg 0  invalid 762 tFOTS 0.0000 tGradient 1.5300 tsec 1.8620
#GCMRL#  443 dt  11.200000 rms  0.511  0.026% neg 0  invalid 762 tFOTS 0.0000 tGradient 1.5130 tsec 1.8480
#GCMRL#  444 dt  11.200000 rms  0.511  0.022% neg 0  invalid 762 tFOTS 0.0000 tGradient 1.5240 tsec 1.8580
#GCMRL#  445 dt  11.200000 rms  0.511  0.018% neg 0  invalid 762 tFOTS 0.0000 tGradient 1.5170 tsec 1.8780
#FOTS# QuadFit found better minimum quadopt=(dt=44.8,rms=0.510944) vs oldopt=(dt=32,rms=0.510949)
#GCMRL#  446 dt  44.800000 rms  0.511  0.000% neg 0  invalid 762 tFOTS 4.7510 tGradient 1.5130 tsec 6.6440
#GCMRL#  447 dt  44.800000 rms  0.511  0.004% neg 0  invalid 762 tFOTS 0.0000 tGradient 1.5250 tsec 1.8620
setting smoothness cost coefficient to 0.400

#GCAMreg# pass 0 level1 2 level2 0 tsec 0 sigma 2
l_jacobian=1.00 l_label=1.00 l_log_likelihood=0.20 l_smoothness=0.40 
tol=5.00e-02, dt=5.00e-02, exp_k=20.0, momentum=0.90, levels=6, niter=500, lbl_dist=10.00, avgs=4, sigma=2.0,type=2, relabel=0, neg=no

blurring input image with Gaussian with sigma=2.000...
GCAMRegisterLevel(): init RMS 0.541175
#GCMRL#  449 dt   0.000000 rms  0.540  0.164% neg 0  invalid 762 tFOTS 4.1240 tGradient 1.4980 tsec 5.9740
#GCMRL#  450 dt   0.150000 rms  0.540  0.000% neg 0  invalid 762 tFOTS 4.1170 tGradient 1.5000 tsec 6.2240

#GCAMreg# pass 0 level1 2 level2 1 tsec 24.002 sigma 0.5
l_jacobian=1.00 l_label=1.00 l_log_likelihood=0.20 l_smoothness=0.40 
tol=5.00e-02, dt=5.00e-02, exp_k=20.0, momentum=0.90, levels=6, niter=500, lbl_dist=10.00, avgs=4, sigma=0.5,type=2, relabel=0, neg=no

blurring input image with Gaussian with sigma=0.500...
GCAMRegisterLevel(): init RMS 0.541175
#GCMRL#  452 dt   0.000000 rms  0.540  0.164% neg 0  invalid 762 tFOTS 4.1550 tGradient 1.5100 tsec 6.0160
#GCMRL#  453 dt   0.150000 rms  0.540  0.000% neg 0  invalid 762 tFOTS 4.1660 tGradient 1.4950 tsec 6.2610
setting smoothness cost coefficient to 1.000

#GCAMreg# pass 0 level1 1 level2 0 tsec 0 sigma 2
l_jacobian=1.00 l_label=1.00 l_log_likelihood=0.20 l_smoothness=1.00 
tol=5.00e-02, dt=5.00e-02, exp_k=20.0, momentum=0.90, levels=6, niter=500, lbl_dist=10.00, avgs=1, sigma=2.0,type=2, relabel=0, neg=no

blurring input image with Gaussian with sigma=2.000...
GCAMRegisterLevel(): init RMS 0.59868
#FOTS# QuadFit found better minimum quadopt=(dt=1.536,rms=0.59262) vs oldopt=(dt=1.28,rms=0.592812)
#GCMRL#  455 dt   1.536000 rms  0.593  1.012% neg 0  invalid 762 tFOTS 4.1590 tGradient 1.4020 tsec 5.9120
#GCMRL#  456 dt   0.320000 rms  0.592  0.000% neg 0  invalid 762 tFOTS 4.4330 tGradient 1.3610 tsec 6.1750

#GCAMreg# pass 0 level1 1 level2 1 tsec 23.717 sigma 0.5
l_jacobian=1.00 l_label=1.00 l_log_likelihood=0.20 l_smoothness=1.00 
tol=5.00e-02, dt=5.00e-02, exp_k=20.0, momentum=0.90, levels=6, niter=500, lbl_dist=10.00, avgs=1, sigma=0.5,type=2, relabel=0, neg=no

blurring input image with Gaussian with sigma=0.500...
GCAMRegisterLevel(): init RMS 0.593351
#FOTS# QuadFit found better minimum quadopt=(dt=0.448,rms=0.592028) vs oldopt=(dt=0.32,rms=0.592125)
#GCMRL#  458 dt   0.448000 rms  0.592  0.223% neg 0  invalid 762 tFOTS 4.4470 tGradient 1.3480 tsec 6.1460
#FOTS# QuadFit found better minimum quadopt=(dt=0.448,rms=0.591871) vs oldopt=(dt=0.32,rms=0.591885)
#GCMRL#  459 dt   0.448000 rms  0.592  0.000% neg 0  invalid 762 tFOTS 4.4970 tGradient 1.3410 tsec 6.2190
resetting metric properties...
setting smoothness cost coefficient to 2.000

#GCAMreg# pass 0 level1 0 level2 0 tsec 0 sigma 2
l_jacobian=1.00 l_label=1.00 l_log_likelihood=0.20 l_smoothness=2.00 
tol=5.00e-02, dt=5.00e-02, exp_k=20.0, momentum=0.90, levels=6, niter=500, lbl_dist=10.00, avgs=0, sigma=2.0,type=2, relabel=0, neg=no

blurring input image with Gaussian with sigma=2.000...
GCAMRegisterLevel(): init RMS 0.52661
#FOTS# QuadFit found better minimum quadopt=(dt=0.448,rms=0.512195) vs oldopt=(dt=0.32,rms=0.515865)
#GCMRL#  461 dt   0.448000 rms  0.512  2.737% neg 0  invalid 762 tFOTS 4.2220 tGradient 0.8500 tsec 5.4280
#FOTS# QuadFit found better minimum quadopt=(dt=0.448,rms=0.508722) vs oldopt=(dt=0.32,rms=0.509689)
#GCMRL#  462 dt   0.448000 rms  0.509  0.678% neg 0  invalid 762 tFOTS 4.2000 tGradient 0.8460 tsec 5.3810
#FOTS# QuadFit found better minimum quadopt=(dt=0.448,rms=0.506736) vs oldopt=(dt=0.32,rms=0.507302)
#GCMRL#  463 dt   0.448000 rms  0.507  0.390% neg 0  invalid 762 tFOTS 4.1440 tGradient 0.8390 tsec 5.3290
#FOTS# QuadFit found better minimum quadopt=(dt=0.448,rms=0.50551) vs oldopt=(dt=0.32,rms=0.505856)
#GCMRL#  464 dt   0.448000 rms  0.506  0.242% neg 0  invalid 762 tFOTS 4.2470 tGradient 0.8460 tsec 5.4480
#FOTS# QuadFit found better minimum quadopt=(dt=0.448,rms=0.504574) vs oldopt=(dt=0.32,rms=0.504837)
#GCMRL#  465 dt   0.448000 rms  0.505  0.185% neg 0  invalid 762 tFOTS 4.3910 tGradient 0.8530 tsec 5.5960
#FOTS# QuadFit found better minimum quadopt=(dt=0.448,rms=0.503903) vs oldopt=(dt=0.32,rms=0.504087)
#GCMRL#  466 dt   0.448000 rms  0.504  0.133% neg 0  invalid 762 tFOTS 4.1650 tGradient 0.8510 tsec 5.3700
#FOTS# QuadFit found better minimum quadopt=(dt=0.448,rms=0.503337) vs oldopt=(dt=0.32,rms=0.503492)
#GCMRL#  467 dt   0.448000 rms  0.503  0.112% neg 0  invalid 762 tFOTS 4.1100 tGradient 0.8550 tsec 5.3160
#FOTS# QuadFit found better minimum quadopt=(dt=0.448,rms=0.502916) vs oldopt=(dt=0.32,rms=0.503029)
#GCMRL#  468 dt   0.448000 rms  0.503  0.084% neg 0  invalid 762 tFOTS 4.2060 tGradient 0.8000 tsec 5.3720
#FOTS# QuadFit found better minimum quadopt=(dt=0.384,rms=0.502594) vs oldopt=(dt=0.32,rms=0.502646)
#GCMRL#  469 dt   0.384000 rms  0.503  0.064% neg 0  invalid 762 tFOTS 4.0850 tGradient 0.8470 tsec 5.2810
#FOTS# QuadFit found better minimum quadopt=(dt=0.448,rms=0.502265) vs oldopt=(dt=0.32,rms=0.502345)
#GCMRL#  470 dt   0.448000 rms  0.502  0.065% neg 0  invalid 762 tFOTS 4.1230 tGradient 0.7880 tsec 5.2750
#FOTS# QuadFit found better minimum quadopt=(dt=0.448,rms=0.502007) vs oldopt=(dt=0.32,rms=0.502082)
#GCMRL#  471 dt   0.448000 rms  0.502  0.051% neg 0  invalid 762 tFOTS 4.4940 tGradient 0.9110 tsec 5.7890
#FOTS# QuadFit found better minimum quadopt=(dt=0.448,rms=0.501791) vs oldopt=(dt=0.32,rms=0.501837)
#GCMRL#  472 dt   0.448000 rms  0.502  0.000% neg 0  invalid 762 tFOTS 4.2020 tGradient 0.8100 tsec 5.3870
#GCMRL#  473 dt   0.448000 rms  0.502  0.043% neg 0  invalid 762 tFOTS 0.0000 tGradient 0.8530 tsec 1.1930
#GCMRL#  474 dt   0.448000 rms  0.501  0.073% neg 0  invalid 762 tFOTS 0.0000 tGradient 0.8200 tsec 1.1580
#GCMRL#  475 dt   0.448000 rms  0.501  0.022% neg 0  invalid 762 tFOTS 0.0000 tGradient 0.8640 tsec 1.3830
#GCMRL#  476 dt   0.448000 rms  0.501  0.049% neg 0  invalid 762 tFOTS 0.0000 tGradient 0.8090 tsec 1.1490
#GCMRL#  477 dt   0.448000 rms  0.501  0.019% neg 0  invalid 762 tFOTS 0.0000 tGradient 0.8600 tsec 1.3800
#GCMRL#  478 dt   0.448000 rms  0.501  0.034% neg 0  invalid 762 tFOTS 0.0000 tGradient 0.8190 tsec 1.1580
#GCMRL#  479 dt   0.448000 rms  0.501  0.014% neg 0  invalid 762 tFOTS 0.0000 tGradient 0.8610 tsec 1.3840
#GCMRL#  480 dt   0.448000 rms  0.500  0.024% neg 0  invalid 762 tFOTS 0.0000 tGradient 0.8550 tsec 1.1950
#GCMRL#  481 dt   0.224000 rms  0.500  0.007% neg 0  invalid 762 tFOTS 0.0000 tGradient 0.8620 tsec 1.5780
#FOTS# QuadFit found better minimum quadopt=(dt=0.384,rms=0.500285) vs oldopt=(dt=0.32,rms=0.500294)
#GCMRL#  482 dt   0.384000 rms  0.500  0.015% neg 0  invalid 762 tFOTS 4.2010 tGradient 0.8650 tsec 5.4210
#FOTS# QuadFit found better minimum quadopt=(dt=0.448,rms=0.500258) vs oldopt=(dt=0.32,rms=0.500267)
#GCMRL#  483 dt   0.448000 rms  0.500  0.000% neg 0  invalid 762 tFOTS 4.1770 tGradient 0.8180 tsec 5.3750
#GCMRL#  484 dt   0.448000 rms  0.500  0.011% neg 0  invalid 762 tFOTS 0.0000 tGradient 0.8600 tsec 1.2000
#GCMRL#  485 dt   0.448000 rms  0.500  0.005% neg 0  invalid 762 tFOTS 0.0000 tGradient 0.8200 tsec 1.3380
#GCMRL#  486 dt   0.448000 rms  0.500  0.015% neg 0  invalid 762 tFOTS 0.0000 tGradient 0.8610 tsec 1.1990

#GCAMreg# pass 0 level1 0 level2 1 tsec 102.378 sigma 0.5
l_jacobian=1.00 l_label=1.00 l_log_likelihood=0.20 l_smoothness=2.00 
tol=5.00e-02, dt=5.00e-02, exp_k=20.0, momentum=0.90, levels=6, niter=500, lbl_dist=10.00, avgs=0, sigma=0.5,type=2, relabel=0, neg=no

blurring input image with Gaussian with sigma=0.500...
GCAMRegisterLevel(): init RMS 0.501124
#FOTS# QuadFit found better minimum quadopt=(dt=0.448,rms=0.496089) vs oldopt=(dt=0.32,rms=0.49715)
#GCMRL#  488 dt   0.448000 rms  0.496  1.005% neg 0  invalid 762 tFOTS 4.1890 tGradient 0.8160 tsec 5.3600
#GCMRL#  489 dt   0.320000 rms  0.496  0.085% neg 0  invalid 762 tFOTS 4.1940 tGradient 0.8610 tsec 5.4070
#FOTS# QuadFit found better minimum quadopt=(dt=0.384,rms=0.495292) vs oldopt=(dt=0.32,rms=0.495348)
#GCMRL#  490 dt   0.384000 rms  0.495  0.075% neg 0  invalid 762 tFOTS 4.1670 tGradient 0.8650 tsec 5.3790
#FOTS# QuadFit found better minimum quadopt=(dt=0.384,rms=0.495124) vs oldopt=(dt=0.32,rms=0.49515)
#GCMRL#  491 dt   0.384000 rms  0.495  0.000% neg 0  invalid 762 tFOTS 4.3120 tGradient 0.8570 tsec 5.5380
#GCMRL#  492 dt   0.384000 rms  0.495  0.025% neg 0  invalid 762 tFOTS 0.0000 tGradient 0.8460 tsec 1.1790
#GCMRL#  493 dt   0.384000 rms  0.495  0.035% neg 0  invalid 762 tFOTS 0.0000 tGradient 0.8530 tsec 1.1860
#GCMRL#  494 dt   0.192000 rms  0.495  0.002% neg 0  invalid 762 tFOTS 0.0000 tGradient 0.8030 tsec 1.4710
#GCMRL#  495 dt   0.192000 rms  0.495  0.005% neg 0  invalid 762 tFOTS 0.0000 tGradient 0.8460 tsec 1.1750
#GCMRL#  496 dt   0.192000 rms  0.495  0.010% neg 0  invalid 762 tFOTS 0.0000 tGradient 0.8470 tsec 1.1780
#GCMRL#  497 dt   0.192000 rms  0.495  0.014% neg 0  invalid 762 tFOTS 0.0000 tGradient 0.8100 tsec 1.1430
#GCMRL#  498 dt   0.192000 rms  0.495  0.011% neg 0  invalid 762 tFOTS 0.0000 tGradient 0.8490 tsec 1.2040
#GCMRL#  499 dt   0.320000 rms  0.495  0.000% neg 0  invalid 762 tFOTS 4.0940 tGradient 0.8480 tsec 5.3120
#GCMRL#  500 dt   0.320000 rms  0.495  0.003% neg 0  invalid 762 tFOTS 0.0000 tGradient 0.8590 tsec 1.1900
#GCMRL#  501 dt   0.320000 rms  0.495  0.010% neg 0  invalid 762 tFOTS 0.0000 tGradient 0.8500 tsec 1.1830
#GCMRL#  502 dt   0.320000 rms  0.494  0.006% neg 0  invalid 762 tFOTS 0.0000 tGradient 0.8490 tsec 1.1810
#GCMRL#  503 dt   0.320000 rms  0.494  0.013% neg 0  invalid 762 tFOTS 0.0000 tGradient 0.8030 tsec 1.1360
#GCMRL#  504 dt   0.320000 rms  0.494  0.013% neg 0  invalid 762 tFOTS 0.0000 tGradient 0.8530 tsec 1.1840
GCAMregister done in 25.4937 min
********************* ALLOWING NEGATIVE NODES IN DEFORMATION********************************
noneg post
Starting GCAMregister()
label assignment complete, 0 changed (0.00%)
npasses = 1, nlevels = 6
#pass# 1 of 1 ************************
enabling zero nodes
setting smoothness cost coefficient to 0.008

#GCAMreg# pass 0 level1 5 level2 0 tsec 0 sigma 2
l_jacobian=1.00 l_label=1.00 l_log_likelihood=0.20 l_smoothness=0.01 
tol=2.50e-01, dt=5.00e-02, exp_k=20.0, momentum=0.90, levels=6, niter=500, lbl_dist=10.00, avgs=256, sigma=2.0,type=2, relabel=0, neg=yes

blurring input image with Gaussian with sigma=2.000...
GCAMRegisterLevel(): init RMS 0.492924
#GCMRL#  506 dt   0.000000 rms  0.492  0.211% neg 0  invalid 762 tFOTS 5.0440 tGradient 2.1010 tsec 7.5250

#GCAMreg# pass 0 level1 5 level2 1 tsec 24.909 sigma 0.5
l_jacobian=1.00 l_label=1.00 l_log_likelihood=0.20 l_smoothness=0.01 
tol=2.50e-01, dt=5.00e-02, exp_k=20.0, momentum=0.90, levels=6, niter=500, lbl_dist=10.00, avgs=256, sigma=0.5,type=2, relabel=0, neg=yes

blurring input image with Gaussian with sigma=0.500...
GCAMRegisterLevel(): init RMS 0.492924
#FOTS# QuadFit found better minimum quadopt=(dt=295.936,rms=0.491512) vs oldopt=(dt=369.92,rms=0.491563)
#GCMRL#  508 dt 295.936000 rms  0.492  0.286% neg 0  invalid 762 tFOTS 5.0480 tGradient 2.0510 tsec 7.4570
#FOTS# QuadFit found better minimum quadopt=(dt=110.976,rms=0.491268) vs oldopt=(dt=92.48,rms=0.491272)
#GCMRL#  509 dt 110.976000 rms  0.491  0.000% neg 0  invalid 762 tFOTS 4.9890 tGradient 2.0250 tsec 7.3940
#GCMRL#  510 dt 110.976000 rms  0.491  0.033% neg 0  invalid 762 tFOTS 0.0000 tGradient 2.0810 tsec 2.4190
#GCMRL#  511 dt 110.976000 rms  0.491  0.026% neg 0  invalid 762 tFOTS 0.0000 tGradient 2.0690 tsec 2.4150
#GCMRL#  512 dt 110.976000 rms  0.491  0.032% neg 0  invalid 762 tFOTS 0.0000 tGradient 2.0430 tsec 2.3810
#GCMRL#  513 dt 110.976000 rms  0.491  0.034% neg 0  invalid 762 tFOTS 0.0000 tGradient 2.1410 tsec 2.4910
#GCMRL#  514 dt 110.976000 rms  0.491  0.026% neg 0  invalid 762 tFOTS 0.0000 tGradient 2.1350 tsec 2.5000
#FOTS# QuadFit found better minimum quadopt=(dt=73.984,rms=0.490481) vs oldopt=(dt=92.48,rms=0.490482)
setting smoothness cost coefficient to 0.031

#GCAMreg# pass 0 level1 4 level2 0 tsec 0 sigma 2
l_jacobian=1.00 l_label=1.00 l_log_likelihood=0.20 l_smoothness=0.03 
tol=2.50e-01, dt=5.00e-02, exp_k=20.0, momentum=0.90, levels=6, niter=500, lbl_dist=10.00, avgs=64, sigma=2.0,type=2, relabel=0, neg=yes

blurring input image with Gaussian with sigma=2.000...
GCAMRegisterLevel(): init RMS 0.491582
#FOTS# QuadFit found better minimum quadopt=(dt=31.104,rms=0.490264) vs oldopt=(dt=25.92,rms=0.490275)
#GCMRL#  516 dt  31.104000 rms  0.490  0.268% neg 0  invalid 762 tFOTS 5.1000 tGradient 1.8080 tsec 7.2670
#FOTS# QuadFit found better minimum quadopt=(dt=31.104,rms=0.49019) vs oldopt=(dt=25.92,rms=0.49019)
iter 0, gcam->neg = 1
after 0 iterations, nbhd size=0, neg = 0
#GCMRL#  517 dt  31.104000 rms  0.490  0.000% neg 0  invalid 762 tFOTS 5.3940 tGradient 1.7440 tsec 8.4900
#GCMRL#  518 dt  31.104000 rms  0.490  0.012% neg 0  invalid 762 tFOTS 0.0000 tGradient 1.6380 tsec 2.0080

#GCAMreg# pass 0 level1 4 level2 1 tsec 29.772 sigma 0.5
l_jacobian=1.00 l_label=1.00 l_log_likelihood=0.20 l_smoothness=0.03 
tol=2.50e-01, dt=5.00e-02, exp_k=20.0, momentum=0.90, levels=6, niter=500, lbl_dist=10.00, avgs=64, sigma=0.5,type=2, relabel=0, neg=yes

blurring input image with Gaussian with sigma=0.500...
GCAMRegisterLevel(): init RMS 0.491227
#FOTS# QuadFit found better minimum quadopt=(dt=113.116,rms=0.488523) vs oldopt=(dt=103.68,rms=0.488529)
#GCMRL#  520 dt 113.116279 rms  0.489  0.550% neg 0  invalid 762 tFOTS 5.3120 tGradient 1.6580 tsec 7.3290
#FOTS# QuadFit found better minimum quadopt=(dt=36.288,rms=0.48766) vs oldopt=(dt=25.92,rms=0.48778)
#GCMRL#  521 dt  36.288000 rms  0.488  0.000% neg 0  invalid 762 tFOTS 5.3430 tGradient 1.6690 tsec 7.3980
#GCMRL#  522 dt  36.288000 rms  0.487  0.037% neg 0  invalid 762 tFOTS 0.0000 tGradient 1.6780 tsec 2.0200
#GCMRL#  523 dt  36.288000 rms  0.487  0.081% neg 0  invalid 762 tFOTS 0.0000 tGradient 1.6170 tsec 1.9580
#GCMRL#  524 dt  36.288000 rms  0.487  0.116% neg 0  invalid 762 tFOTS 0.0000 tGradient 1.6180 tsec 1.9610
#GCMRL#  525 dt  36.288000 rms  0.486  0.118% neg 0  invalid 762 tFOTS 0.0000 tGradient 1.6620 tsec 1.9970
#GCMRL#  526 dt  36.288000 rms  0.485  0.109% neg 0  invalid 762 tFOTS 0.0000 tGradient 1.6720 tsec 2.0120
#GCMRL#  527 dt  36.288000 rms  0.485  0.100% neg 0  invalid 762 tFOTS 0.0000 tGradient 1.6650 tsec 2.0290
#FOTS# QuadFit found better minimum quadopt=(dt=124.416,rms=0.484723) vs oldopt=(dt=103.68,rms=0.484725)
setting smoothness cost coefficient to 0.118

#GCAMreg# pass 0 level1 3 level2 0 tsec 0 sigma 2
l_jacobian=1.00 l_label=1.00 l_log_likelihood=0.20 l_smoothness=0.12 
tol=2.50e-01, dt=5.00e-02, exp_k=20.0, momentum=0.90, levels=6, niter=500, lbl_dist=10.00, avgs=16, sigma=2.0,type=2, relabel=0, neg=yes

blurring input image with Gaussian with sigma=2.000...
GCAMRegisterLevel(): init RMS 0.486317
#FOTS# QuadFit found better minimum quadopt=(dt=25.6,rms=0.483044) vs oldopt=(dt=32,rms=0.483108)
#GCMRL#  529 dt  25.600000 rms  0.483  0.673% neg 0  invalid 762 tFOTS 5.3410 tGradient 1.5680 tsec 7.2640
#FOTS# QuadFit found better minimum quadopt=(dt=23.1958,rms=0.481699) vs oldopt=(dt=32,rms=0.481877)
#GCMRL#  530 dt  23.195767 rms  0.482  0.279% neg 0  invalid 762 tFOTS 5.3380 tGradient 1.5540 tsec 7.2500
#FOTS# QuadFit found better minimum quadopt=(dt=11.2,rms=0.480735) vs oldopt=(dt=8,rms=0.48094)
iter 0, gcam->neg = 1
after 2 iterations, nbhd size=0, neg = 0
#GCMRL#  531 dt  11.200000 rms  0.481  0.000% neg 0  invalid 762 tFOTS 5.3000 tGradient 1.5420 tsec 9.0790
#GCMRL#  532 dt  11.200000 rms  0.480  0.123% neg 0  invalid 762 tFOTS 0.0000 tGradient 1.5480 tsec 1.8870
iter 0, gcam->neg = 1
after 1 iterations, nbhd size=0, neg = 0
#GCMRL#  533 dt  11.200000 rms  0.479  0.181% neg 0  invalid 762 tFOTS 0.0000 tGradient 1.5580 tsec 3.4860
#GCMRL#  534 dt  11.200000 rms  0.478  0.206% neg 0  invalid 762 tFOTS 0.0000 tGradient 1.5510 tsec 1.8940
iter 0, gcam->neg = 4
after 3 iterations, nbhd size=0, neg = 0
#GCMRL#  535 dt  11.200000 rms  0.477  0.191% neg 0  invalid 762 tFOTS 0.0000 tGradient 1.5460 tsec 4.3920
iter 0, gcam->neg = 6
after 3 iterations, nbhd size=0, neg = 0
#GCMRL#  536 dt  11.200000 rms  0.477  0.176% neg 0  invalid 762 tFOTS 0.0000 tGradient 1.5530 tsec 4.5030
iter 0, gcam->neg = 16
after 15 iterations, nbhd size=1, neg = 0
#GCMRL#  537 dt  11.200000 rms  0.476  0.121% neg 0  invalid 762 tFOTS 0.0000 tGradient 1.5190 tsec 10.0600
iter 0, gcam->neg = 16
after 10 iterations, nbhd size=1, neg = 0
#GCMRL#  538 dt  11.200000 rms  0.475  0.121% neg 0  invalid 762 tFOTS 0.0000 tGradient 1.5170 tsec 7.7430
iter 0, gcam->neg = 14
after 14 iterations, nbhd size=1, neg = 0
#GCMRL#  539 dt  11.200000 rms  0.475  0.118% neg 0  invalid 762 tFOTS 0.0000 tGradient 1.6990 tsec 9.8890
#FOTS# QuadFit found better minimum quadopt=(dt=153.6,rms=0.472596) vs oldopt=(dt=128,rms=0.472704)
iter 0, gcam->neg = 6
after 3 iterations, nbhd size=0, neg = 0
#GCMRL#  540 dt 153.600000 rms  0.473  0.469% neg 0  invalid 762 tFOTS 5.1110 tGradient 1.5680 tsec 9.4060
#FOTS# QuadFit found better minimum quadopt=(dt=19.2,rms=0.472143) vs oldopt=(dt=32,rms=0.472308)
#GCMRL#  541 dt  19.200000 rms  0.472  0.000% neg 0  invalid 762 tFOTS 5.4760 tGradient 1.6040 tsec 7.4700
#GCMRL#  542 dt  19.200000 rms  0.472  0.046% neg 0  invalid 762 tFOTS 0.0000 tGradient 1.5360 tsec 1.8730
#GCMRL#  543 dt  19.200000 rms  0.472  0.054% neg 0  invalid 762 tFOTS 0.0000 tGradient 1.5370 tsec 1.8710
iter 0, gcam->neg = 1
after 2 iterations, nbhd size=0, neg = 0
#GCMRL#  544 dt  19.200000 rms  0.472  0.027% neg 0  invalid 762 tFOTS 0.0000 tGradient 1.5340 tsec 3.9190
iter 0, gcam->neg = 6
after 2 iterations, nbhd size=0, neg = 0
#GCMRL#  545 dt  19.200000 rms  0.471  0.063% neg 0  invalid 762 tFOTS 0.0000 tGradient 1.6160 tsec 4.0670
iter 0, gcam->neg = 3
after 7 iterations, nbhd size=0, neg = 0
#GCMRL#  546 dt  19.200000 rms  0.471  0.069% neg 0  invalid 762 tFOTS 0.0000 tGradient 1.5470 tsec 6.4490
iter 0, gcam->neg = 3
after 0 iterations, nbhd size=0, neg = 0
#GCMRL#  547 dt  19.200000 rms  0.470  0.096% neg 0  invalid 762 tFOTS 0.0000 tGradient 1.6300 tsec 3.0440
iter 0, gcam->neg = 1
after 1 iterations, nbhd size=0, neg = 0
#GCMRL#  548 dt  19.200000 rms  0.470  0.105% neg 0  invalid 762 tFOTS 0.0000 tGradient 1.5710 tsec 3.4850
iter 0, gcam->neg = 3
after 7 iterations, nbhd size=1, neg = 0
#GCMRL#  549 dt  19.200000 rms  0.469  0.131% neg 0  invalid 762 tFOTS 0.0000 tGradient 1.5180 tsec 6.4010
iter 0, gcam->neg = 3
after 3 iterations, nbhd size=0, neg = 0
#GCMRL#  550 dt  19.200000 rms  0.469  0.125% neg 0  invalid 762 tFOTS 0.0000 tGradient 1.7070 tsec 4.5840
iter 0, gcam->neg = 8
after 3 iterations, nbhd size=0, neg = 0
#GCMRL#  551 dt  19.200000 rms  0.468  0.100% neg 0  invalid 762 tFOTS 0.0000 tGradient 1.6300 tsec 4.4890
#FOTS# QuadFit found better minimum quadopt=(dt=11.2,rms=0.46831) vs oldopt=(dt=8,rms=0.468311)

#GCAMreg# pass 0 level1 3 level2 1 tsec 142.091 sigma 0.5
l_jacobian=1.00 l_label=1.00 l_log_likelihood=0.20 l_smoothness=0.12 
tol=2.50e-01, dt=5.00e-02, exp_k=20.0, momentum=0.90, levels=6, niter=500, lbl_dist=10.00, avgs=16, sigma=0.5,type=2, relabel=0, neg=yes

blurring input image with Gaussian with sigma=0.500...
GCAMRegisterLevel(): init RMS 0.469382
#FOTS# QuadFit found better minimum quadopt=(dt=44.8,rms=0.464736) vs oldopt=(dt=32,rms=0.465054)
iter 0, gcam->neg = 1
after 6 iterations, nbhd size=1, neg = 0
#GCMRL#  553 dt  44.800000 rms  0.465  0.987% neg 0  invalid 762 tFOTS 5.3240 tGradient 1.5190 tsec 10.9930
#FOTS# QuadFit found better minimum quadopt=(dt=20.6423,rms=0.463389) vs oldopt=(dt=32,rms=0.463792)
#GCMRL#  554 dt  20.642254 rms  0.463  0.292% neg 0  invalid 762 tFOTS 5.2870 tGradient 1.4940 tsec 7.1380
#FOTS# QuadFit found better minimum quadopt=(dt=19.2,rms=0.462793) vs oldopt=(dt=32,rms=0.462939)
iter 0, gcam->neg = 1
after 0 iterations, nbhd size=0, neg = 0
#GCMRL#  555 dt  19.200000 rms  0.463  0.000% neg 0  invalid 762 tFOTS 5.2220 tGradient 1.4510 tsec 8.0890
#GCMRL#  556 dt  19.200000 rms  0.462  0.113% neg 0  invalid 762 tFOTS 0.0000 tGradient 1.4430 tsec 1.7770
#GCMRL#  557 dt  19.200000 rms  0.461  0.167% neg 0  invalid 762 tFOTS 0.0000 tGradient 1.4500 tsec 1.7790
iter 0, gcam->neg = 2
after 1 iterations, nbhd size=0, neg = 0
#GCMRL#  558 dt  19.200000 rms  0.461  0.167% neg 0  invalid 762 tFOTS 0.0000 tGradient 1.4630 tsec 3.3620
iter 0, gcam->neg = 1
after 0 iterations, nbhd size=0, neg = 0
#GCMRL#  559 dt  19.200000 rms  0.460  0.188% neg 0  invalid 762 tFOTS 0.0000 tGradient 1.4580 tsec 2.8860
iter 0, gcam->neg = 4
after 2 iterations, nbhd size=0, neg = 0
#GCMRL#  560 dt  19.200000 rms  0.459  0.112% neg 0  invalid 762 tFOTS 0.0000 tGradient 1.5060 tsec 3.9590
iter 0, gcam->neg = 5
after 2 iterations, nbhd size=0, neg = 0
#GCMRL#  561 dt  19.200000 rms  0.459  0.115% neg 0  invalid 762 tFOTS 0.0000 tGradient 1.4960 tsec 3.8970
iter 0, gcam->neg = 2
after 2 iterations, nbhd size=0, neg = 0
#GCMRL#  562 dt  19.200000 rms  0.459  0.059% neg 0  invalid 762 tFOTS 0.0000 tGradient 1.4880 tsec 3.8990
#FOTS# QuadFit found better minimum quadopt=(dt=11.2,rms=0.458375) vs oldopt=(dt=8,rms=0.458391)
#GCMRL#  563 dt  11.200000 rms  0.458  0.000% neg 0  invalid 762 tFOTS 5.4140 tGradient 1.4960 tsec 7.3050
#GCMRL#  564 dt  11.200000 rms  0.458  0.011% neg 0  invalid 762 tFOTS 0.0000 tGradient 1.5560 tsec 1.8980
#GCMRL#  565 dt  11.200000 rms  0.458  0.025% neg 0  invalid 762 tFOTS 0.0000 tGradient 1.5600 tsec 1.9010
#GCMRL#  566 dt  11.200000 rms  0.458  0.027% neg 0  invalid 762 tFOTS 0.0000 tGradient 1.5480 tsec 1.8930
#GCMRL#  567 dt  11.200000 rms  0.458  0.026% neg 0  invalid 762 tFOTS 0.0000 tGradient 1.5540 tsec 1.8960
setting smoothness cost coefficient to 0.400

#GCAMreg# pass 0 level1 2 level2 0 tsec 0 sigma 2
l_jacobian=1.00 l_label=1.00 l_log_likelihood=0.20 l_smoothness=0.40 
tol=2.50e-01, dt=5.00e-02, exp_k=20.0, momentum=0.90, levels=6, niter=500, lbl_dist=10.00, avgs=4, sigma=2.0,type=2, relabel=0, neg=yes

blurring input image with Gaussian with sigma=2.000...
GCAMRegisterLevel(): init RMS 0.465865
#GCMRL#  569 dt   0.000000 rms  0.465  0.223% neg 0  invalid 762 tFOTS 5.1820 tGradient 1.4800 tsec 7.0270

#GCAMreg# pass 0 level1 2 level2 1 tsec 24.134 sigma 0.5
l_jacobian=1.00 l_label=1.00 l_log_likelihood=0.20 l_smoothness=0.40 
tol=2.50e-01, dt=5.00e-02, exp_k=20.0, momentum=0.90, levels=6, niter=500, lbl_dist=10.00, avgs=4, sigma=0.5,type=2, relabel=0, neg=yes

blurring input image with Gaussian with sigma=0.500...
GCAMRegisterLevel(): init RMS 0.465865
#FOTS# QuadFit found better minimum quadopt=(dt=3.29412,rms=0.464647) vs oldopt=(dt=2.88,rms=0.464649)
#GCMRL#  571 dt   3.294118 rms  0.465  0.262% neg 0  invalid 762 tFOTS 5.2790 tGradient 1.4830 tsec 7.1150
#GCMRL#  572 dt   2.880000 rms  0.465  0.000% neg 0  invalid 762 tFOTS 5.7540 tGradient 1.4530 tsec 7.5940
#GCMRL#  573 dt   2.880000 rms  0.464  0.015% neg 0  invalid 762 tFOTS 0.0000 tGradient 1.4660 tsec 1.8010
iter 0, gcam->neg = 1
after 0 iterations, nbhd size=0, neg = 0
setting smoothness cost coefficient to 1.000

#GCAMreg# pass 0 level1 1 level2 0 tsec 0 sigma 2
l_jacobian=1.00 l_label=1.00 l_log_likelihood=0.20 l_smoothness=1.00 
tol=2.50e-01, dt=5.00e-02, exp_k=20.0, momentum=0.90, levels=6, niter=500, lbl_dist=10.00, avgs=1, sigma=2.0,type=2, relabel=0, neg=yes

blurring input image with Gaussian with sigma=2.000...
GCAMRegisterLevel(): init RMS 0.476236
#GCMRL#  575 dt   0.320000 rms  0.475  0.225% neg 0  invalid 762 tFOTS 5.6330 tGradient 1.5570 tsec 7.5310
#GCMRL#  576 dt   0.080000 rms  0.475  0.000% neg 0  invalid 762 tFOTS 5.7420 tGradient 1.4150 tsec 7.5790
#GCMRL#  577 dt   0.080000 rms  0.475  0.001% neg 0  invalid 762 tFOTS 0.0000 tGradient 1.3150 tsec 1.6350

#GCAMreg# pass 0 level1 1 level2 1 tsec 28.448 sigma 0.5
l_jacobian=1.00 l_label=1.00 l_log_likelihood=0.20 l_smoothness=1.00 
tol=2.50e-01, dt=5.00e-02, exp_k=20.0, momentum=0.90, levels=6, niter=500, lbl_dist=10.00, avgs=1, sigma=0.5,type=2, relabel=0, neg=yes

blurring input image with Gaussian with sigma=0.500...
GCAMRegisterLevel(): init RMS 0.476184
#FOTS# QuadFit found better minimum quadopt=(dt=1.536,rms=0.474378) vs oldopt=(dt=1.28,rms=0.474385)
#GCMRL#  579 dt   1.536000 rms  0.474  0.379% neg 0  invalid 762 tFOTS 5.7210 tGradient 1.6100 tsec 7.7030
#FOTS# QuadFit found better minimum quadopt=(dt=0.768,rms=0.474255) vs oldopt=(dt=1.28,rms=0.474291)
#GCMRL#  580 dt   0.768000 rms  0.474  0.000% neg 0  invalid 762 tFOTS 5.8160 tGradient 1.5260 tsec 7.7740
#GCMRL#  581 dt   0.768000 rms  0.474  0.002% neg 0  invalid 762 tFOTS 0.0000 tGradient 1.5190 tsec 1.9060
iter 0, gcam->neg = 1
after 1 iterations, nbhd size=0, neg = 0
resetting metric properties...
setting smoothness cost coefficient to 2.000

#GCAMreg# pass 0 level1 0 level2 0 tsec 0 sigma 2
l_jacobian=1.00 l_label=1.00 l_log_likelihood=0.20 l_smoothness=2.00 
tol=2.50e-01, dt=5.00e-02, exp_k=20.0, momentum=0.90, levels=6, niter=500, lbl_dist=10.00, avgs=0, sigma=2.0,type=2, relabel=0, neg=yes

blurring input image with Gaussian with sigma=2.000...
GCAMRegisterLevel(): init RMS 0.46488
#FOTS# QuadFit found better minimum quadopt=(dt=2.09065,rms=0.435158) vs oldopt=(dt=1.28,rms=0.439674)
iter 0, gcam->neg = 738
after 14 iterations, nbhd size=1, neg = 0
#GCMRL#  583 dt   2.090648 rms  0.437  6.069% neg 0  invalid 762 tFOTS 5.5840 tGradient 0.8770 tsec 12.9090
#FOTS# QuadFit found better minimum quadopt=(dt=0.064,rms=0.436516) vs oldopt=(dt=0.08,rms=0.436516)
#GCMRL#  584 dt   0.064000 rms  0.437  0.000% neg 0  invalid 762 tFOTS 5.8710 tGradient 1.0240 tsec 7.2810

#GCAMreg# pass 0 level1 0 level2 1 tsec 31.314 sigma 0.5
l_jacobian=1.00 l_label=1.00 l_log_likelihood=0.20 l_smoothness=2.00 
tol=2.50e-01, dt=5.00e-02, exp_k=20.0, momentum=0.90, levels=6, niter=500, lbl_dist=10.00, avgs=0, sigma=0.5,type=2, relabel=0, neg=yes

blurring input image with Gaussian with sigma=0.500...
GCAMRegisterLevel(): init RMS 0.437744
#FOTS# QuadFit found better minimum quadopt=(dt=0.096,rms=0.436299) vs oldopt=(dt=0.08,rms=0.4363)
#GCMRL#  586 dt   0.096000 rms  0.436  0.330% neg 0  invalid 762 tFOTS 5.4270 tGradient 0.9570 tsec 6.7340
#GCMRL#  587 dt   0.050000 rms  0.436  0.000% neg 0  invalid 762 tFOTS 5.0160 tGradient 0.8930 tsec 6.2840
label assignment complete, 0 changed (0.00%)
GCAMregister done in 7.94777 min
Starting GCAMcomputeMaxPriorLabels()
Morphing with label term set to 0 *******************************
Starting GCAMregister()
label assignment complete, 0 changed (0.00%)
npasses = 1, nlevels = 6
#pass# 1 of 1 ************************
enabling zero nodes
setting smoothness cost coefficient to 0.008

#GCAMreg# pass 0 level1 5 level2 0 tsec 0 sigma 2
l_jacobian=1.00 l_log_likelihood=0.20 l_smoothness=0.01 
tol=2.50e-01, dt=5.00e-02, exp_k=20.0, momentum=0.90, levels=6, niter=500, lbl_dist=10.00, avgs=256, sigma=2.0,type=2, relabel=0, neg=yes

blurring input image with Gaussian with sigma=2.000...
GCAMRegisterLevel(): init RMS 0.42459

#GCAMreg# pass 0 level1 5 level2 1 tsec 13.134 sigma 0.5
l_jacobian=1.00 l_log_likelihood=0.20 l_smoothness=0.01 
tol=2.50e-01, dt=5.00e-02, exp_k=20.0, momentum=0.90, levels=6, niter=500, lbl_dist=10.00, avgs=256, sigma=0.5,type=2, relabel=0, neg=yes

blurring input image with Gaussian with sigma=0.500...
GCAMRegisterLevel(): init RMS 0.42459
#FOTS# QuadFit found better minimum quadopt=(dt=32.368,rms=0.424567) vs oldopt=(dt=23.12,rms=0.424569)
#GCMRL#  590 dt  32.368000 rms  0.425  0.005% neg 0  invalid 762 tFOTS 4.8620 tGradient 2.7570 tsec 7.9440
#FOTS# QuadFit found better minimum quadopt=(dt=27.744,rms=0.424563) vs oldopt=(dt=23.12,rms=0.424563)
#GCMRL#  591 dt  27.744000 rms  0.425  0.000% neg 0  invalid 762 tFOTS 5.2850 tGradient 2.5080 tsec 8.1440
#GCMRL#  592 dt  27.744000 rms  0.425  0.001% neg 0  invalid 762 tFOTS 0.0000 tGradient 2.1490 tsec 2.4630
setting smoothness cost coefficient to 0.031

#GCAMreg# pass 0 level1 4 level2 0 tsec 0 sigma 2
l_jacobian=1.00 l_log_likelihood=0.20 l_smoothness=0.03 
tol=2.50e-01, dt=5.00e-02, exp_k=20.0, momentum=0.90, levels=6, niter=500, lbl_dist=10.00, avgs=64, sigma=2.0,type=2, relabel=0, neg=yes

blurring input image with Gaussian with sigma=2.000...
GCAMRegisterLevel(): init RMS 0.424711

#GCAMreg# pass 0 level1 4 level2 1 tsec 13.041 sigma 0.5
l_jacobian=1.00 l_log_likelihood=0.20 l_smoothness=0.03 
tol=2.50e-01, dt=5.00e-02, exp_k=20.0, momentum=0.90, levels=6, niter=500, lbl_dist=10.00, avgs=64, sigma=0.5,type=2, relabel=0, neg=yes

blurring input image with Gaussian with sigma=0.500...
GCAMRegisterLevel(): init RMS 0.424711
#FOTS# QuadFit found better minimum quadopt=(dt=82.944,rms=0.424433) vs oldopt=(dt=103.68,rms=0.424471)
#GCMRL#  595 dt  82.944000 rms  0.424  0.065% neg 0  invalid 762 tFOTS 5.3360 tGradient 2.1350 tsec 7.8090
#FOTS# QuadFit found better minimum quadopt=(dt=82.944,rms=0.424121) vs oldopt=(dt=103.68,rms=0.42413)
#GCMRL#  596 dt  82.944000 rms  0.424  0.074% neg 0  invalid 762 tFOTS 4.9210 tGradient 1.6790 tsec 6.9920
#GCMRL#  597 dt  25.920000 rms  0.424  0.000% neg 0  invalid 762 tFOTS 4.9550 tGradient 1.5820 tsec 6.9380
#GCMRL#  598 dt  25.920000 rms  0.424  0.005% neg 0  invalid 762 tFOTS 0.0000 tGradient 2.0190 tsec 2.3920
#GCMRL#  599 dt  25.920000 rms  0.424  0.008% neg 0  invalid 762 tFOTS 0.0000 tGradient 2.0090 tsec 2.3680
#GCMRL#  600 dt  25.920000 rms  0.424  0.011% neg 0  invalid 762 tFOTS 0.0000 tGradient 2.2940 tsec 2.6510
#GCMRL#  601 dt  25.920000 rms  0.424  0.015% neg 0  invalid 762 tFOTS 0.0000 tGradient 1.8980 tsec 2.2550
#GCMRL#  602 dt  25.920000 rms  0.424  0.015% neg 0  invalid 762 tFOTS 0.0000 tGradient 1.5580 tsec 1.8650
setting smoothness cost coefficient to 0.118

#GCAMreg# pass 0 level1 3 level2 0 tsec 0 sigma 2
l_jacobian=1.00 l_log_likelihood=0.20 l_smoothness=0.12 
tol=2.50e-01, dt=5.00e-02, exp_k=20.0, momentum=0.90, levels=6, niter=500, lbl_dist=10.00, avgs=16, sigma=2.0,type=2, relabel=0, neg=yes

blurring input image with Gaussian with sigma=2.000...
GCAMRegisterLevel(): init RMS 0.424411
#FOTS# QuadFit found better minimum quadopt=(dt=9.6,rms=0.424203) vs oldopt=(dt=8,rms=0.424209)
#GCMRL#  604 dt   9.600000 rms  0.424  0.049% neg 0  invalid 762 tFOTS 5.0250 tGradient 1.2710 tsec 6.6170
#FOTS# QuadFit found better minimum quadopt=(dt=2.8,rms=0.424181) vs oldopt=(dt=2,rms=0.424185)
#GCMRL#  605 dt   2.800000 rms  0.424  0.000% neg 0  invalid 762 tFOTS 4.8590 tGradient 1.2120 tsec 6.4330
#GCMRL#  606 dt   2.800000 rms  0.424  0.003% neg 0  invalid 762 tFOTS 0.0000 tGradient 1.2160 tsec 1.5210

#GCAMreg# pass 0 level1 3 level2 1 tsec 20.09 sigma 0.5
l_jacobian=1.00 l_log_likelihood=0.20 l_smoothness=0.12 
tol=2.50e-01, dt=5.00e-02, exp_k=20.0, momentum=0.90, levels=6, niter=500, lbl_dist=10.00, avgs=16, sigma=0.5,type=2, relabel=0, neg=yes

blurring input image with Gaussian with sigma=0.500...
GCAMRegisterLevel(): init RMS 0.42417
#FOTS# QuadFit found better minimum quadopt=(dt=65.5385,rms=0.421353) vs oldopt=(dt=32,rms=0.421871)
iter 0, gcam->neg = 1
after 9 iterations, nbhd size=1, neg = 0
#GCMRL#  608 dt  65.538462 rms  0.421  0.654% neg 0  invalid 762 tFOTS 4.6710 tGradient 1.2800 tsec 10.4500
#FOTS# QuadFit found better minimum quadopt=(dt=11.2,rms=0.420115) vs oldopt=(dt=8,rms=0.420366)
#GCMRL#  609 dt  11.200000 rms  0.420  0.304% neg 0  invalid 762 tFOTS 5.2450 tGradient 1.2820 tsec 6.8510
#FOTS# QuadFit found better minimum quadopt=(dt=38.4,rms=0.419474) vs oldopt=(dt=32,rms=0.419477)
iter 0, gcam->neg = 2
after 10 iterations, nbhd size=1, neg = 0
#GCMRL#  610 dt  38.400000 rms  0.420  0.000% neg 0  invalid 762 tFOTS 4.8770 tGradient 1.2720 tsec 11.0500
#GCMRL#  611 dt  38.400000 rms  0.419  0.140% neg 0  invalid 762 tFOTS 0.0000 tGradient 1.2780 tsec 1.5900
iter 0, gcam->neg = 2
after 0 iterations, nbhd size=0, neg = 0
#GCMRL#  612 dt  38.400000 rms  0.418  0.333% neg 0  invalid 762 tFOTS 0.0000 tGradient 1.2940 tsec 2.3660
iter 0, gcam->neg = 10
after 15 iterations, nbhd size=1, neg = 0
#GCMRL#  613 dt  38.400000 rms  0.417  0.176% neg 0  invalid 762 tFOTS 0.0000 tGradient 1.2750 tsec 7.9840
iter 0, gcam->neg = 12
after 11 iterations, nbhd size=1, neg = 0
#GCMRL#  614 dt  38.400000 rms  0.416  0.232% neg 0  invalid 762 tFOTS 0.0000 tGradient 1.2940 tsec 6.4840
iter 0, gcam->neg = 17
after 10 iterations, nbhd size=1, neg = 0
#GCMRL#  615 dt  38.400000 rms  0.415  0.214% neg 0  invalid 762 tFOTS 0.0000 tGradient 1.4210 tsec 6.2070
iter 0, gcam->neg = 11
after 9 iterations, nbhd size=1, neg = 0
#GCMRL#  616 dt  38.400000 rms  0.414  0.163% neg 0  invalid 762 tFOTS 0.0000 tGradient 1.2870 tsec 5.6740
iter 0, gcam->neg = 12
after 16 iterations, nbhd size=1, neg = 0
#GCMRL#  617 dt  38.400000 rms  0.414  0.132% neg 0  invalid 762 tFOTS 0.0000 tGradient 1.2650 tsec 8.2310
iter 0, gcam->neg = 8
after 15 iterations, nbhd size=1, neg = 0
#GCMRL#  618 dt  38.400000 rms  0.413  0.121% neg 0  invalid 762 tFOTS 0.0000 tGradient 1.2580 tsec 7.8610
iter 0, gcam->neg = 11
after 9 iterations, nbhd size=1, neg = 0
#GCMRL#  619 dt  38.400000 rms  0.413  0.112% neg 0  invalid 762 tFOTS 0.0000 tGradient 1.2830 tsec 5.6890
#FOTS# QuadFit found better minimum quadopt=(dt=11.2,rms=0.41263) vs oldopt=(dt=8,rms=0.412657)
#GCMRL#  620 dt  11.200000 rms  0.413  0.000% neg 0  invalid 762 tFOTS 5.0250 tGradient 1.2720 tsec 6.6450
iter 0, gcam->neg = 1
after 4 iterations, nbhd size=0, neg = 0
#GCMRL#  621 dt  11.200000 rms  0.413  0.011% neg 0  invalid 762 tFOTS 0.0000 tGradient 1.2670 tsec 3.7130
#GCMRL#  622 dt  11.200000 rms  0.413  0.016% neg 0  invalid 762 tFOTS 0.0000 tGradient 1.2640 tsec 1.5660
#GCMRL#  623 dt  11.200000 rms  0.412  0.018% neg 0  invalid 762 tFOTS 0.0000 tGradient 1.4320 tsec 1.7790
#GCMRL#  624 dt  11.200000 rms  0.412  0.019% neg 0  invalid 762 tFOTS 0.0000 tGradient 1.4030 tsec 1.7070
iter 0, gcam->neg = 1
after 0 iterations, nbhd size=0, neg = 0
#GCMRL#  625 dt  11.200000 rms  0.412  0.014% neg 0  invalid 762 tFOTS 0.0000 tGradient 1.2350 tsec 2.4950
iter 0, gcam->neg = 1
after 0 iterations, nbhd size=0, neg = 0
setting smoothness cost coefficient to 0.400

#GCAMreg# pass 0 level1 2 level2 0 tsec 0 sigma 2
l_jacobian=1.00 l_log_likelihood=0.20 l_smoothness=0.40 
tol=2.50e-01, dt=5.00e-02, exp_k=20.0, momentum=0.90, levels=6, niter=500, lbl_dist=10.00, avgs=4, sigma=2.0,type=2, relabel=0, neg=yes

blurring input image with Gaussian with sigma=2.000...
GCAMRegisterLevel(): init RMS 0.417614
#FOTS# QuadFit found better minimum quadopt=(dt=0.252,rms=0.417612) vs oldopt=(dt=0.18,rms=0.417613)
#GCMRL#  627 dt   0.252000 rms  0.418  0.000% neg 0  invalid 762 tFOTS 4.5340 tGradient 1.0570 tsec 5.9340
#FOTS# QuadFit found better minimum quadopt=(dt=0.054,rms=0.417612) vs oldopt=(dt=0.045,rms=0.417612)
#GCMRL#  628 dt   0.054000 rms  0.418  0.000% neg 0  invalid 762 tFOTS 4.4060 tGradient 1.3900 tsec 6.1940

#GCAMreg# pass 0 level1 2 level2 1 tsec 17.3 sigma 0.5
l_jacobian=1.00 l_log_likelihood=0.20 l_smoothness=0.40 
tol=2.50e-01, dt=5.00e-02, exp_k=20.0, momentum=0.90, levels=6, niter=500, lbl_dist=10.00, avgs=4, sigma=0.5,type=2, relabel=0, neg=yes

blurring input image with Gaussian with sigma=0.500...
GCAMRegisterLevel(): init RMS 0.417612
#FOTS# QuadFit found better minimum quadopt=(dt=5.63636,rms=0.417379) vs oldopt=(dt=2.88,rms=0.417415)
#GCMRL#  630 dt   5.636364 rms  0.417  0.056% neg 0  invalid 762 tFOTS 4.7320 tGradient 1.1370 tsec 6.1800
#FOTS# QuadFit found better minimum quadopt=(dt=4.032,rms=0.417264) vs oldopt=(dt=2.88,rms=0.417283)
#GCMRL#  631 dt   4.032000 rms  0.417  0.000% neg 0  invalid 762 tFOTS 4.6010 tGradient 1.1360 tsec 6.1120
#GCMRL#  632 dt   4.032000 rms  0.417  0.020% neg 0  invalid 762 tFOTS 0.0000 tGradient 1.0370 tsec 1.3330
#GCMRL#  633 dt   4.032000 rms  0.417  0.006% neg 0  invalid 762 tFOTS 0.0000 tGradient 1.0520 tsec 1.3510
iter 0, gcam->neg = 1
after 0 iterations, nbhd size=0, neg = 0
setting smoothness cost coefficient to 1.000

#GCAMreg# pass 0 level1 1 level2 0 tsec 0 sigma 2
l_jacobian=1.00 l_log_likelihood=0.20 l_smoothness=1.00 
tol=2.50e-01, dt=5.00e-02, exp_k=20.0, momentum=0.90, levels=6, niter=500, lbl_dist=10.00, avgs=1, sigma=2.0,type=2, relabel=0, neg=yes

blurring input image with Gaussian with sigma=2.000...
GCAMRegisterLevel(): init RMS 0.424526

#GCAMreg# pass 0 level1 1 level2 1 tsec 9.733 sigma 0.5
l_jacobian=1.00 l_log_likelihood=0.20 l_smoothness=1.00 
tol=2.50e-01, dt=5.00e-02, exp_k=20.0, momentum=0.90, levels=6, niter=500, lbl_dist=10.00, avgs=1, sigma=0.5,type=2, relabel=0, neg=yes

blurring input image with Gaussian with sigma=0.500...
GCAMRegisterLevel(): init RMS 0.424526
resetting metric properties...
setting smoothness cost coefficient to 2.000

#GCAMreg# pass 0 level1 0 level2 0 tsec 0 sigma 2
l_jacobian=1.00 l_log_likelihood=0.20 l_smoothness=2.00 
tol=2.50e-01, dt=5.00e-02, exp_k=20.0, momentum=0.90, levels=6, niter=500, lbl_dist=10.00, avgs=0, sigma=2.0,type=2, relabel=0, neg=yes

blurring input image with Gaussian with sigma=2.000...
GCAMRegisterLevel(): init RMS 0.412167
#FOTS# QuadFit found better minimum quadopt=(dt=1.18685,rms=0.402079) vs oldopt=(dt=1.28,rms=0.402119)
iter 0, gcam->neg = 702
after 15 iterations, nbhd size=1, neg = 0
#GCMRL#  637 dt   1.186854 rms  0.404  2.052% neg 0  invalid 762 tFOTS 5.0010 tGradient 0.3990 tsec 12.5230
#FOTS# QuadFit found better minimum quadopt=(dt=2.34375e-05,rms=0.403708) vs oldopt=(dt=1.95313e-05,rms=0.403708)
#GCMRL#  638 dt   0.000023 rms  0.404  0.000% neg 0  invalid 762 tFOTS 6.0220 tGradient 0.3940 tsec 6.7750

#GCAMreg# pass 0 level1 0 level2 1 tsec 24.009 sigma 0.5
l_jacobian=1.00 l_log_likelihood=0.20 l_smoothness=2.00 
tol=2.50e-01, dt=5.00e-02, exp_k=20.0, momentum=0.90, levels=6, niter=500, lbl_dist=10.00, avgs=0, sigma=0.5,type=2, relabel=0, neg=yes

blurring input image with Gaussian with sigma=0.500...
GCAMRegisterLevel(): init RMS 0.403708
#FOTS# QuadFit found better minimum quadopt=(dt=0.112,rms=0.403472) vs oldopt=(dt=0.08,rms=0.403493)
#GCMRL#  640 dt   0.112000 rms  0.403  0.058% neg 0  invalid 762 tFOTS 5.3370 tGradient 0.4270 tsec 6.0900
#GCMRL#  641 dt   0.080000 rms  0.403  0.000% neg 0  invalid 762 tFOTS 4.6970 tGradient 0.3740 tsec 5.4230
#GCMRL#  642 dt   0.080000 rms  0.403  0.010% neg 0  invalid 762 tFOTS 0.0000 tGradient 0.3830 tsec 0.6910
GCAMregister done in 4.9742 min
writing output transformation to transforms/talairach.m3z...
GCAMwrite
Calls to gcamLogLikelihoodEnergy 4414 tmin = 2.06037
Calls to gcamLabelEnergy         3879 tmin = 1.47772
Calls to gcamJacobianEnergy      4414 tmin = 1.02232
Calls to gcamSmoothnessEnergy    4414 tmin = 5.70747
Calls to gcamLogLikelihoodTerm 644 tmin = 1.05583
Calls to gcamLabelTerm         589 tmin = 5.29143
Calls to gcamJacobianTerm      644 tmin = 1.36117
Calls to gcamSmoothnessTerm    644 tmin = 0.548683
Calls to gcamComputeGradient    644 tmin = 18.87
Calls to gcamComputeMetricProperties    6307 tmin = 2.50045
mri_ca_register took 0 hours, 49 minutes and 14 seconds.
#VMPC# mri_ca_register VmPeak  3119520
FSRUNTIME@ mri_ca_register  0.8204 hours 16 threads
#--------------------------------------
#@# SubCort Seg Fri Mar  6 07:29:49 CET 2026

 mri_ca_label -relabel_unlikely 9 .3 -prior 0.5 -align norm.mgz transforms/talairach.m3z /opt/freesurfer/average/RB_all_2020-01-02.gca aseg.auto_noCCseg.mgz 

sysname  Linux
hostname dna032
machine  x86_64

setenv SUBJECTS_DIR /out/sourcedata/freesurfer
cd /out/sourcedata/freesurfer/sub-v1s10x0050994_ses-1/mri
mri_ca_label -relabel_unlikely 9 .3 -prior 0.5 -align norm.mgz transforms/talairach.m3z /opt/freesurfer/average/RB_all_2020-01-02.gca aseg.auto_noCCseg.mgz 

relabeling unlikely voxels with window_size = 9 and prior threshold 0.30
using Gibbs prior factor = 0.500
renormalizing sequences with structure alignment, equivalent to:
	-renormalize
	-renormalize_mean 0.500
	-regularize 0.500

== Number of threads available to for OpenMP = 16 == 
reading 1 input volumes
reading classifier array from /opt/freesurfer/average/RB_all_2020-01-02.gca
reading input volume from norm.mgz
average std[0] = 7.2
reading transform from transforms/talairach.m3z
setting orig areas to linear transform determinant scaled 6.11
Atlas used for the 3D morph was /opt/freesurfer/average/RB_all_2020-01-02.gca
average std = 7.2   using min determinant for regularization = 5.2
0 singular and 0 ill-conditioned covariance matrices regularized
labeling volume...
renormalizing by structure alignment....
renormalizing input #0
gca peak = 0.15521 (20)
mri peak = 0.07789 ( 7)
Left_Lateral_Ventricle (4): linear fit = 0.29 x + 0.0 (317 voxels, overlap=0.126)
Left_Lateral_Ventricle (4): linear fit = 0.40 x + 0.0 (317 voxels, peak =  6), gca=8.0
gca peak = 0.20380 (13)
mri peak = 0.07166 ( 3)
Right_Lateral_Ventricle (43): linear fit = 0.16 x + 0.0 (292 voxels, overlap=0.374)
Right_Lateral_Ventricle (43): linear fit = 0.40 x + 0.0 (292 voxels, peak =  2), gca=5.2
gca peak = 0.26283 (96)
mri peak = 0.15609 (102)
Right_Pallidum (52): linear fit = 1.09 x + 0.0 (785 voxels, overlap=0.788)
Right_Pallidum (52): linear fit = 1.09 x + 0.0 (785 voxels, peak = 104), gca=104.2
gca peak = 0.15814 (97)
mri peak = 0.11183 (105)
Left_Pallidum (13): linear fit = 1.11 x + 0.0 (774 voxels, overlap=0.373)
Left_Pallidum (13): linear fit = 1.11 x + 0.0 (774 voxels, peak = 107), gca=107.2
gca peak = 0.27624 (56)
mri peak = 0.13264 (55)
Right_Hippocampus (53): linear fit = 0.90 x + 0.0 (701 voxels, overlap=1.008)
Right_Hippocampus (53): linear fit = 0.90 x + 0.0 (701 voxels, peak = 51), gca=50.7
gca peak = 0.28723 (59)
mri peak = 0.14850 (54)
Left_Hippocampus (17): linear fit = 0.89 x + 0.0 (655 voxels, overlap=1.011)
Left_Hippocampus (17): linear fit = 0.89 x + 0.0 (655 voxels, peak = 53), gca=52.8
gca peak = 0.07623 (103)
mri peak = 0.13479 (104)
Right_Cerebral_White_Matter (41): linear fit = 1.02 x + 0.0 (41159 voxels, overlap=0.516)
Right_Cerebral_White_Matter (41): linear fit = 1.02 x + 0.0 (41159 voxels, peak = 106), gca=105.6
gca peak = 0.07837 (105)
mri peak = 0.10106 (108)
Left_Cerebral_White_Matter (2): linear fit = 1.05 x + 0.0 (37840 voxels, overlap=0.421)
Left_Cerebral_White_Matter (2): linear fit = 1.05 x + 0.0 (37840 voxels, peak = 111), gca=110.8
gca peak = 0.10165 (58)
mri peak = 0.05482 (54)
Left_Cerebral_Cortex (3): linear fit = 0.96 x + 0.0 (32738 voxels, overlap=0.946)
Left_Cerebral_Cortex (3): linear fit = 0.96 x + 0.0 (32738 voxels, peak = 56), gca=56.0
gca peak = 0.11113 (58)
mri peak = 0.05518 (57)
Right_Cerebral_Cortex (42): linear fit = 0.94 x + 0.0 (32471 voxels, overlap=0.899)
Right_Cerebral_Cortex (42): linear fit = 0.94 x + 0.0 (32471 voxels, peak = 55), gca=54.8
gca peak = 0.27796 (67)
mri peak = 0.18304 (70)
Right_Caudate (50): linear fit = 1.02 x + 0.0 (1112 voxels, overlap=1.006)
Right_Caudate (50): linear fit = 1.02 x + 0.0 (1112 voxels, peak = 69), gca=68.7
gca peak = 0.14473 (69)
mri peak = 0.13790 (70)
Left_Caudate (11): linear fit = 0.99 x + 0.0 (1037 voxels, overlap=0.894)
Left_Caudate (11): linear fit = 0.99 x + 0.0 (1037 voxels, peak = 68), gca=68.0
gca peak = 0.14301 (56)
mri peak = 0.05003 (40)
Left_Cerebellum_Cortex (8): linear fit = 0.75 x + 0.0 (17005 voxels, overlap=0.544)
Left_Cerebellum_Cortex (8): linear fit = 0.75 x + 0.0 (17005 voxels, peak = 42), gca=41.7
gca peak = 0.14610 (55)
mri peak = 0.05363 (44)
Right_Cerebellum_Cortex (47): linear fit = 0.77 x + 0.0 (17152 voxels, overlap=0.850)
Right_Cerebellum_Cortex (47): linear fit = 0.77 x + 0.0 (17152 voxels, peak = 43), gca=42.6
gca peak = 0.16309 (85)
mri peak = 0.10425 (78)
Left_Cerebellum_White_Matter (7): linear fit = 0.92 x + 0.0 (3197 voxels, overlap=0.575)
Left_Cerebellum_White_Matter (7): linear fit = 0.92 x + 0.0 (3197 voxels, peak = 78), gca=77.8
gca peak = 0.15172 (84)
mri peak = 0.09182 (73)
Right_Cerebellum_White_Matter (46): linear fit = 0.86 x + 0.0 (3200 voxels, overlap=0.354)
Right_Cerebellum_White_Matter (46): linear fit = 0.86 x + 0.0 (3200 voxels, peak = 72), gca=71.8
gca peak = 0.30461 (58)
mri peak = 0.10468 (54)
Left_Amygdala (18): linear fit = 0.96 x + 0.0 (367 voxels, overlap=0.724)
Left_Amygdala (18): linear fit = 0.96 x + 0.0 (367 voxels, peak = 56), gca=56.0
gca peak = 0.32293 (57)
mri peak = 0.13564 (59)
Right_Amygdala (54): linear fit = 1.01 x + 0.0 (385 voxels, overlap=1.022)
Right_Amygdala (54): linear fit = 1.01 x + 0.0 (385 voxels, peak = 58), gca=57.9
gca peak = 0.11083 (90)
mri peak = 0.05397 (97)
Left_Thalamus (10): linear fit = 1.10 x + 0.0 (4608 voxels, overlap=0.693)
Left_Thalamus (10): linear fit = 1.10 x + 0.0 (4608 voxels, peak = 99), gca=98.6
gca peak = 0.11393 (83)
mri peak = 0.05728 (83)
Right_Thalamus (49): linear fit = 1.09 x + 0.0 (4061 voxels, overlap=0.845)
Right_Thalamus (49): linear fit = 1.09 x + 0.0 (4061 voxels, peak = 90), gca=90.1
gca peak = 0.08575 (81)
mri peak = 0.08736 (84)
Left_Putamen (12): linear fit = 1.09 x + 0.0 (2175 voxels, overlap=0.718)
Left_Putamen (12): linear fit = 1.09 x + 0.0 (2175 voxels, peak = 88), gca=87.9
gca peak = 0.08618 (78)
mri peak = 0.07872 (83)
Right_Putamen (51): linear fit = 1.04 x + 0.0 (2309 voxels, overlap=0.878)
Right_Putamen (51): linear fit = 1.04 x + 0.0 (2309 voxels, peak = 82), gca=81.5
gca peak = 0.08005 (78)
mri peak = 0.08981 (88)
Brain_Stem (16): linear fit = 1.12 x + 0.0 (9116 voxels, overlap=0.492)
Brain_Stem (16): linear fit = 1.12 x + 0.0 (9116 voxels, peak = 87), gca=87.0
gca peak = 0.12854 (88)
mri peak = 0.06754 (97)
Right_VentralDC (60): linear fit = 1.13 x + 0.0 (1429 voxels, overlap=0.598)
Right_VentralDC (60): linear fit = 1.13 x + 0.0 (1429 voxels, peak = 100), gca=99.9
gca peak = 0.15703 (87)
mri peak = 0.07456 (101)
Left_VentralDC (28): linear fit = 1.15 x + 0.0 (1516 voxels, overlap=0.336)
Left_VentralDC (28): linear fit = 1.15 x + 0.0 (1516 voxels, peak = 100), gca=100.5
gca peak = 0.17522 (25)
mri peak = 0.10399 (26)
gca peak = 0.17113 (14)
mri peak = 0.12414 ( 3)
gca peak Unknown = 0.94777 ( 0)
gca peak Left_Inf_Lat_Vent = 0.16627 (28)
gca peak Third_Ventricle = 0.17522 (25)
gca peak Fourth_Ventricle = 0.17113 (14)
gca peak CSF = 0.20346 (36)
gca peak Left_Accumbens_area = 0.70646 (62)
gca peak Left_undetermined = 1.00000 (28)
gca peak Left_vessel = 0.89917 (53)
gca peak Left_choroid_plexus = 0.11689 (35)
gca peak Right_Inf_Lat_Vent = 0.25504 (23)
gca peak Right_Accumbens_area = 0.31650 (65)
gca peak Right_vessel = 0.77268 (52)
gca peak Right_choroid_plexus = 0.13275 (38)
gca peak Fifth_Ventricle = 0.60973 (33)
gca peak WM_hypointensities = 0.11013 (77)
gca peak non_WM_hypointensities = 0.11354 (41)
gca peak Optic_Chiasm = 0.51646 (76)
not using caudate to estimate GM means
estimating mean gm scale to be 0.95 x + 0.0
estimating mean wm scale to be 1.04 x + 0.0
estimating mean csf scale to be 0.40 x + 0.0
Left_Pallidum too bright - rescaling by 0.979 (from 1.105) to 104.9 (was 107.2)
Right_Pallidum too bright - rescaling by 1.007 (from 1.085) to 104.9 (was 104.2)
saving intensity scales to aseg.auto_noCCseg.label_intensities.txt
renormalizing by structure alignment....
renormalizing input #0
gca peak = 0.31706 ( 7)
mri peak = 0.07789 ( 7)
Left_Lateral_Ventricle (4): linear fit = 0.76 x + 0.0 (317 voxels, overlap=0.995)
Left_Lateral_Ventricle (4): linear fit = 0.76 x + 0.0 (317 voxels, peak =  5), gca=5.4
gca peak = 0.29334 ( 5)
mri peak = 0.07166 ( 3)
Right_Lateral_Ventricle (43): linear fit = 1.11 x + 0.0 (292 voxels, overlap=0.886)
Right_Lateral_Ventricle (43): linear fit = 1.11 x + 0.0 (292 voxels, peak =  6), gca=5.5
gca peak = 0.24573 (104)
mri peak = 0.15609 (102)
Right_Pallidum (52): linear fit = 1.00 x + 0.0 (785 voxels, overlap=1.006)
Right_Pallidum (52): linear fit = 1.00 x + 0.0 (785 voxels, peak = 103), gca=103.5
gca peak = 0.14470 (103)
mri peak = 0.11183 (105)
Left_Pallidum (13): linear fit = 1.00 x + 0.0 (774 voxels, overlap=1.004)
Left_Pallidum (13): linear fit = 1.00 x + 0.0 (774 voxels, peak = 104), gca=103.5
gca peak = 0.30287 (50)
mri peak = 0.13264 (55)
Right_Hippocampus (53): linear fit = 1.00 x + 0.0 (701 voxels, overlap=1.006)
Right_Hippocampus (53): linear fit = 1.00 x + 0.0 (701 voxels, peak = 50), gca=50.0
gca peak = 0.28926 (53)
mri peak = 0.14850 (54)
Left_Hippocampus (17): linear fit = 1.00 x + 0.0 (655 voxels, overlap=1.011)
Left_Hippocampus (17): linear fit = 1.00 x + 0.0 (655 voxels, peak = 53), gca=53.0
gca peak = 0.07788 (106)
mri peak = 0.13479 (104)
Right_Cerebral_White_Matter (41): linear fit = 1.01 x + 0.0 (41159 voxels, overlap=0.635)
Right_Cerebral_White_Matter (41): linear fit = 1.01 x + 0.0 (41159 voxels, peak = 108), gca=107.6
gca peak = 0.07400 (111)
mri peak = 0.10106 (108)
Left_Cerebral_White_Matter (2): linear fit = 1.00 x + 0.0 (37840 voxels, overlap=0.676)
Left_Cerebral_White_Matter (2): linear fit = 1.00 x + 0.0 (37840 voxels, peak = 112), gca=111.6
gca peak = 0.10486 (56)
mri peak = 0.05482 (54)
Left_Cerebral_Cortex (3): linear fit = 0.99 x + 0.0 (32738 voxels, overlap=0.993)
Left_Cerebral_Cortex (3): linear fit = 0.99 x + 0.0 (32738 voxels, peak = 55), gca=55.2
gca peak = 0.12308 (55)
mri peak = 0.05518 (57)
Right_Cerebral_Cortex (42): linear fit = 1.00 x + 0.0 (32471 voxels, overlap=0.978)
Right_Cerebral_Cortex (42): linear fit = 1.00 x + 0.0 (32471 voxels, peak = 55), gca=55.0
gca peak = 0.25366 (68)
mri peak = 0.18304 (70)
Right_Caudate (50): linear fit = 0.99 x + 0.0 (1112 voxels, overlap=1.005)
Right_Caudate (50): linear fit = 0.99 x + 0.0 (1112 voxels, peak = 67), gca=67.0
gca peak = 0.15731 (68)
mri peak = 0.13790 (70)
Left_Caudate (11): linear fit = 1.01 x + 0.0 (1037 voxels, overlap=0.995)
Left_Caudate (11): linear fit = 1.01 x + 0.0 (1037 voxels, peak = 69), gca=69.0
gca peak = 0.18169 (41)
mri peak = 0.05003 (40)
Left_Cerebellum_Cortex (8): linear fit = 1.03 x + 0.0 (17005 voxels, overlap=0.885)
Left_Cerebellum_Cortex (8): linear fit = 1.03 x + 0.0 (17005 voxels, peak = 42), gca=42.4
gca peak = 0.19280 (43)
mri peak = 0.05363 (44)
Right_Cerebellum_Cortex (47): linear fit = 1.03 x + 0.0 (17152 voxels, overlap=0.830)
Right_Cerebellum_Cortex (47): linear fit = 1.03 x + 0.0 (17152 voxels, peak = 45), gca=44.5
gca peak = 0.16773 (78)
mri peak = 0.10425 (78)
Left_Cerebellum_White_Matter (7): linear fit = 1.00 x + 0.0 (3197 voxels, overlap=0.959)
Left_Cerebellum_White_Matter (7): linear fit = 1.00 x + 0.0 (3197 voxels, peak = 78), gca=78.0
gca peak = 0.18818 (72)
mri peak = 0.09182 (73)
Right_Cerebellum_White_Matter (46): linear fit = 1.03 x + 0.0 (3200 voxels, overlap=0.948)
Right_Cerebellum_White_Matter (46): linear fit = 1.03 x + 0.0 (3200 voxels, peak = 75), gca=74.5
gca peak = 0.30460 (56)
mri peak = 0.10468 (54)
Left_Amygdala (18): linear fit = 1.00 x + 0.0 (367 voxels, overlap=1.028)
Left_Amygdala (18): linear fit = 1.00 x + 0.0 (367 voxels, peak = 56), gca=56.0
gca peak = 0.26227 (58)
mri peak = 0.13564 (59)
Right_Amygdala (54): linear fit = 0.98 x + 0.0 (385 voxels, overlap=1.014)
Right_Amygdala (54): linear fit = 0.98 x + 0.0 (385 voxels, peak = 57), gca=56.6
gca peak = 0.11129 (97)
mri peak = 0.05397 (97)
Left_Thalamus (10): linear fit = 1.00 x + 0.0 (4608 voxels, overlap=0.961)
Left_Thalamus (10): linear fit = 1.00 x + 0.0 (4608 voxels, peak = 97), gca=97.5
gca peak = 0.10486 (90)
mri peak = 0.05728 (83)
Right_Thalamus (49): linear fit = 1.02 x + 0.0 (4061 voxels, overlap=0.998)
Right_Thalamus (49): linear fit = 1.02 x + 0.0 (4061 voxels, peak = 92), gca=92.2
gca peak = 0.07574 (88)
mri peak = 0.08736 (84)
Left_Putamen (12): linear fit = 1.00 x + 0.0 (2175 voxels, overlap=0.927)
Left_Putamen (12): linear fit = 1.00 x + 0.0 (2175 voxels, peak = 88), gca=88.0
gca peak = 0.11252 (79)
mri peak = 0.07872 (83)
Right_Putamen (51): linear fit = 1.00 x + 0.0 (2309 voxels, overlap=0.951)
Right_Putamen (51): linear fit = 1.00 x + 0.0 (2309 voxels, peak = 79), gca=79.0
gca peak = 0.06857 (91)
mri peak = 0.08981 (88)
Brain_Stem (16): linear fit = 1.00 x + 0.0 (9116 voxels, overlap=0.769)
Brain_Stem (16): linear fit = 1.00 x + 0.0 (9116 voxels, peak = 91), gca=90.5
gca peak = 0.11400 (100)
mri peak = 0.06754 (97)
Right_VentralDC (60): linear fit = 1.00 x + 0.0 (1429 voxels, overlap=0.883)
Right_VentralDC (60): linear fit = 1.00 x + 0.0 (1429 voxels, peak = 100), gca=100.5
gca peak = 0.13679 (99)
mri peak = 0.07456 (101)
Left_VentralDC (28): linear fit = 1.00 x + 0.0 (1516 voxels, overlap=0.878)
Left_VentralDC (28): linear fit = 1.00 x + 0.0 (1516 voxels, peak = 99), gca=99.0
gca peak = 0.32031 (10)
mri peak = 0.10399 (26)
gca peak = 0.46125 ( 6)
mri peak = 0.12414 ( 3)
gca peak Unknown = 0.94777 ( 0)
gca peak Left_Inf_Lat_Vent = 0.21159 (25)
gca peak Third_Ventricle = 0.32031 (10)
gca peak Fourth_Ventricle = 0.46125 ( 6)
gca peak CSF = 0.27891 (15)
gca peak Left_Accumbens_area = 0.65417 (61)
gca peak Left_undetermined = 1.00000 (28)
gca peak Left_vessel = 0.89345 (53)
gca peak Left_choroid_plexus = 0.11689 (35)
gca peak Right_Inf_Lat_Vent = 0.30327 (21)
gca peak Right_Accumbens_area = 0.41896 (66)
gca peak Right_vessel = 0.78699 (52)
gca peak Right_choroid_plexus = 0.13275 (38)
gca peak Fifth_Ventricle = 0.92085 (13)
gca peak WM_hypointensities = 0.09355 (80)
gca peak non_WM_hypointensities = 0.13982 (42)
gca peak Optic_Chiasm = 0.59738 (76)
not using caudate to estimate GM means
estimating mean gm scale to be 0.99 x + 0.0
estimating mean wm scale to be 1.01 x + 0.0
estimating mean csf scale to be 0.94 x + 0.0
saving intensity scales to aseg.auto_noCCseg.label_intensities.txt
saving sequentially combined intensity scales to aseg.auto_noCCseg.label_intensities.txt
40736 voxels changed in iteration 0 of unlikely voxel relabeling
135 voxels changed in iteration 1 of unlikely voxel relabeling
25 voxels changed in iteration 2 of unlikely voxel relabeling
8 voxels changed in iteration 3 of unlikely voxel relabeling
0 voxels changed in iteration 4 of unlikely voxel relabeling
23185 gm and wm labels changed (%24 to gray, %76 to white out of all changed labels)
276 hippocampal voxels changed.
0 amygdala voxels changed.
Reclassifying using Gibbs Priors
pass 1: 57217 changed. image ll: -2.083, PF=0.500
pass 2: 15337 changed. image ll: -2.082, PF=0.500
pass 3: 5586 changed.
pass 4: 2310 changed.
20989 voxels changed in iteration 0 of unlikely voxel relabeling
164 voxels changed in iteration 1 of unlikely voxel relabeling
1 voxels changed in iteration 2 of unlikely voxel relabeling
0 voxels changed in iteration 3 of unlikely voxel relabeling
4810 voxels changed in iteration 0 of unlikely voxel relabeling
62 voxels changed in iteration 1 of unlikely voxel relabeling
0 voxels changed in iteration 2 of unlikely voxel relabeling
4804 voxels changed in iteration 0 of unlikely voxel relabeling
47 voxels changed in iteration 1 of unlikely voxel relabeling
1 voxels changed in iteration 2 of unlikely voxel relabeling
0 voxels changed in iteration 3 of unlikely voxel relabeling
4181 voxels changed in iteration 0 of unlikely voxel relabeling
41 voxels changed in iteration 1 of unlikely voxel relabeling
2 voxels changed in iteration 2 of unlikely voxel relabeling
0 voxels changed in iteration 3 of unlikely voxel relabeling
 !!!!!!!!! ventricle segment 2 with volume 4475 above threshold 100 - not erasing !!!!!!!!!!
 !!!!!!!!! ventricle segment 6 with volume 4689 above threshold 100 - not erasing !!!!!!!!!!
 !!!!!!!!! ventricle segment 1 with volume 302 above threshold 100 - not erasing !!!!!!!!!!
writing labeled volume to aseg.auto_noCCseg.mgz
mri_ca_label utimesec    1657.279470
mri_ca_label stimesec    2.843720
mri_ca_label ru_maxrss   2100716
mri_ca_label ru_ixrss    0
mri_ca_label ru_idrss    0
mri_ca_label ru_isrss    0
mri_ca_label ru_minflt   4017156
mri_ca_label ru_majflt   9
mri_ca_label ru_nswap    0
mri_ca_label ru_inblock  1142
mri_ca_label ru_oublock  624
mri_ca_label ru_msgsnd   0
mri_ca_label ru_msgrcv   0
mri_ca_label ru_nsignals 0
mri_ca_label ru_nvcsw    3748
mri_ca_label ru_nivcsw   1770
auto-labeling took 26 minutes and 12 seconds.
#--------------------------------------
#@# CC Seg Fri Mar  6 07:56:01 CET 2026

 mri_cc -aseg aseg.auto_noCCseg.mgz -o aseg.auto.mgz -lta /out/sourcedata/freesurfer/sub-v1s10x0050994_ses-1/mri/transforms/cc_up.lta sub-v1s10x0050994_ses-1 

will read input aseg from aseg.auto_noCCseg.mgz
writing aseg with cc labels to aseg.auto.mgz
will write lta as /out/sourcedata/freesurfer/sub-v1s10x0050994_ses-1/mri/transforms/cc_up.lta
reading aseg from /out/sourcedata/freesurfer/sub-v1s10x0050994_ses-1/mri/aseg.auto_noCCseg.mgz
reading norm from /out/sourcedata/freesurfer/sub-v1s10x0050994_ses-1/mri/norm.mgz
34374 voxels in left wm, 77580 in right wm, xrange [122, 134]
searching rotation angles z=[-12  2], y=[-7  7]
searching scale 1 Z rot -12.0  searching scale 1 Z rot -11.7  searching scale 1 Z rot -11.5  searching scale 1 Z rot -11.2  searching scale 1 Z rot -11.0  searching scale 1 Z rot -10.7  searching scale 1 Z rot -10.5  searching scale 1 Z rot -10.2  searching scale 1 Z rot -10.0  searching scale 1 Z rot -9.7  searching scale 1 Z rot -9.5  searching scale 1 Z rot -9.2  searching scale 1 Z rot -9.0  searching scale 1 Z rot -8.7  searching scale 1 Z rot -8.5  searching scale 1 Z rot -8.2  searching scale 1 Z rot -8.0  searching scale 1 Z rot -7.7  searching scale 1 Z rot -7.5  searching scale 1 Z rot -7.2  searching scale 1 Z rot -7.0  searching scale 1 Z rot -6.7  searching scale 1 Z rot -6.5  searching scale 1 Z rot -6.2  searching scale 1 Z rot -6.0  searching scale 1 Z rot -5.7  searching scale 1 Z rot -5.5  searching scale 1 Z rot -5.2  searching scale 1 Z rot -5.0  searching scale 1 Z rot -4.7  searching scale 1 Z rot -4.5  searching scale 1 Z rot -4.2  searching scale 1 Z rot -4.0  searching scale 1 Z rot -3.7  searching scale 1 Z rot -3.5  searching scale 1 Z rot -3.2  searching scale 1 Z rot -3.0  searching scale 1 Z rot -2.7  searching scale 1 Z rot -2.5  searching scale 1 Z rot -2.2  searching scale 1 Z rot -2.0  searching scale 1 Z rot -1.7  searching scale 1 Z rot -1.5  searching scale 1 Z rot -1.2  searching scale 1 Z rot -1.0  searching scale 1 Z rot -0.7  searching scale 1 Z rot -0.5  searching scale 1 Z rot -0.2  searching scale 1 Z rot 0.0  searching scale 1 Z rot 0.3  searching scale 1 Z rot 0.5  searching scale 1 Z rot 0.8  searching scale 1 Z rot 1.0  searching scale 1 Z rot 1.3  searching scale 1 Z rot 1.5  searching scale 1 Z rot 1.8  searching scale 1 Z rot 2.0  global minimum found at slice 130.0, rotations (-0.27, -4.74)
final transformation (x=130.0, yr=-0.267, zr=-4.743):
 0.99657   0.08268  -0.00464  -12.20588;
-0.08268   0.99658   0.00038   4.16879;
 0.00465   0.00000   0.99999   17.39645;
 0.00000   0.00000   0.00000   1.00000;
updating x range to be [126, 130] in xformed coordinates
best xformed slice 128
min_x_fornix = 141
min_x_fornix = 141
min_x_fornix = 140
min_x_fornix = 137
min_x_fornix = 132
cc center is found at 128 135 110
eigenvectors:
-0.00082  -0.01468   0.99989;
-0.09529  -0.99534  -0.01469;
 0.99545  -0.09529  -0.00059;
writing aseg with callosum to /out/sourcedata/freesurfer/sub-v1s10x0050994_ses-1/mri/aseg.auto.mgz...
corpus callosum segmentation took 0.6 minutes
#VMPC# mri_cc VmPeak  554492
mri_cc done
#--------------------------------------
#@# Merge ASeg Fri Mar  6 07:56:39 CET 2026

 cp aseg.auto.mgz aseg.presurf.mgz 

#--------------------------------------------
#@# Intensity Normalization2 Fri Mar  6 07:56:39 CET 2026
/out/sourcedata/freesurfer/sub-v1s10x0050994_ses-1/mri

 mri_normalize -seed 1234 -mprage -aseg aseg.presurf.mgz -mask brainmask.mgz norm.mgz brain.mgz 

setting seed for random number genererator to 1234
assuming input volume is MGH (Van der Kouwe) MP-RAGE
using segmentation for initial intensity normalization
using MR volume brainmask.mgz to mask input volume...
reading mri_src from norm.mgz...
Reading aseg aseg.presurf.mgz
normalizing image...
NOT doing gentle normalization with control points/label
processing with aseg
removing outliers in the aseg WM...
784 control points removed
Building bias image
building Voronoi diagram...
performing soap bubble smoothing, sigma = 0...
Smoothing with sigma 8
Applying bias correction
building Voronoi diagram...
performing soap bubble smoothing, sigma = 8...

Iterating 2 times
---------------------------------
3d normalization pass 1 of 2
white matter peak found at 110
white matter peak found at 110
gm peak at 59 (59), valley at  0 (-1)
csf peak at 29, setting threshold to 49
building Voronoi diagram...
performing soap bubble smoothing, sigma = 8...
---------------------------------
3d normalization pass 2 of 2
white matter peak found at 110
white matter peak found at 110
gm peak at 60 (60), valley at  0 (-1)
csf peak at 30, setting threshold to 50
building Voronoi diagram...
performing soap bubble smoothing, sigma = 8...
Done iterating ---------------------------------
writing output to brain.mgz
3D bias adjustment took 2 minutes and 7 seconds.
#--------------------------------------------
#@# Mask BFS Fri Mar  6 07:58:48 CET 2026
/out/sourcedata/freesurfer/sub-v1s10x0050994_ses-1/mri

 mri_mask -T 5 brain.mgz brainmask.mgz brain.finalsurfs.mgz 

threshold mask volume at 5
DoAbs = 0
Found 1448603 voxels in mask (pct=  8.63)
Writing masked volume to brain.finalsurfs.mgz...done.
#--------------------------------------------
#@# WM Segmentation Fri Mar  6 07:58:49 CET 2026

 AntsDenoiseImageFs -i brain.mgz -o antsdn.brain.mgz 


 mri_segment -wsizemm 13 -mprage antsdn.brain.mgz wm.seg.mgz 

wsizemm = 13, voxres = 1, wsize = 13
Widening wm low from 89 to 79
assuming input volume is MGH (Van der Kouwe) MP-RAGE
wm mean:  110
wsize:    13
wm low:   79
wm hi:    125
gray low: 30
gray hi:  99
Doing initial trinary intensity segmentation 
Using local statistics to label ambiguous voxels
Autodetecting stats
Computing class statistics for intensity windows...
CCS WM (104.0): 104.5 +- 4.2 [79.0 --> 125.0]
CCS GM (70.0) : 69.4 +- 8.8 [30.0 --> 95.0]
 white_mean 104.488
 white_sigma 4.23682
 gray_mean 69.361
 gray_sigma 8.82343
setting bottom of white matter range wm_low to 78.2
setting top of gray matter range gray_hi to 87.0
 wm_low 78.1844
 wm_hi  125
 gray_low 30
 gray_hi  87.0079
Redoing initial intensity segmentation...
Recomputing local statistics to label ambiguous voxels...
 wm_low 78.1844
 wm_hi  125
 gray_low 30
 gray_hi  87.0079
using local geometry to label remaining ambiguous voxels...
polvwsize = 5, polvlen = 3, gray_hi = 87.0079, wm_low = 78.1844
MRIcpolvMedianCurveSegment(): wsize=5, len=3, gmhi=87.0079, wmlow=78.1844
    100467 voxels processed (0.60%)
     49873 voxels white (0.30%)
     50594 voxels non-white (0.30%)

Reclassifying voxels using Gaussian border classifier niter=1
MRIreclassify(): wm_low=73.1844, gray_hi=87.0079, wsize=13
    164483 voxels tested (0.98%)
     36286 voxels changed (0.22%)
     43770 multi-scale searches  (0.26%)
Recovering bright white
MRIrecoverBrightWhite()
 wm_low 78.1844
 wm_hi 125
 slack 4.23682
 pct_thresh 0.33
 intensity_thresh 129.237
 nvox_thresh 8.58
      169 voxels tested (0.00%)
       87 voxels changed (0.00%)

removing voxels with positive offset direction...
MRIremoveWrongDirection() wsize=3, lowthr=73.1844, hithr=87.0079
  smoothing input volume with sigma = 0.250
    60947 voxels tested (0.36%)
    13707 voxels changed (0.08%)
thicken = 1
removing 1-dimensional structures...
MRIremove1dStructures(): max_iter=10000, thresh=2, WM_MIN_VAL=5
 2068 sparsely connected voxels removed in 1 iterations
thickening thin strands....
thickness 4
nsegments 20
wm_hi 125
1100 diagonally connected voxels added...
MRIthickenThinWMStrands(): thickness=4, nsegments=20
  20 segments, 4238 filled
MRIfindBrightNonWM(): 1524 bright non-wm voxels segmented.
MRIfilterMorphology() WM_MIN_VAL=5, DIAGONAL_FILL=230
white matter segmentation took 0.9 minutes
writing output to wm.seg.mgz...

 mri_edit_wm_with_aseg -keep-in wm.seg.mgz brain.mgz aseg.presurf.mgz wm.asegedit.mgz 

preserving editing changes in input volume...
auto filling took 0.41 minutes
reading wm segmentation from wm.seg.mgz...
0 voxels added to wm to prevent paths from MTL structures to cortex
2602 additional wm voxels added
0 additional wm voxels added
SEG EDIT: 37774 voxels turned on, 19510 voxels turned off.
propagating editing to output volume from wm.seg.mgz
writing edited volume to wm.asegedit.mgz....

 mri_pretess wm.asegedit.mgz wm norm.mgz wm.mgz 


Iteration Number : 1
pass   1 (xy+):  14 found -  14 modified     |    TOTAL:  14
pass   2 (xy+):   0 found -  14 modified     |    TOTAL:  14
pass   1 (xy-):  12 found -  12 modified     |    TOTAL:  26
pass   2 (xy-):   0 found -  12 modified     |    TOTAL:  26
pass   1 (yz+):  18 found -  18 modified     |    TOTAL:  44
pass   2 (yz+):   0 found -  18 modified     |    TOTAL:  44
pass   1 (yz-):  18 found -  18 modified     |    TOTAL:  62
pass   2 (yz-):   0 found -  18 modified     |    TOTAL:  62
pass   1 (xz+):  11 found -  11 modified     |    TOTAL:  73
pass   2 (xz+):   0 found -  11 modified     |    TOTAL:  73
pass   1 (xz-):  11 found -  11 modified     |    TOTAL:  84
pass   2 (xz-):   0 found -  11 modified     |    TOTAL:  84
Iteration Number : 1
pass   1 (+++):  24 found -  24 modified     |    TOTAL:  24
pass   2 (+++):   0 found -  24 modified     |    TOTAL:  24
pass   1 (+++):   8 found -   8 modified     |    TOTAL:  32
pass   2 (+++):   0 found -   8 modified     |    TOTAL:  32
pass   1 (+++):   5 found -   5 modified     |    TOTAL:  37
pass   2 (+++):   0 found -   5 modified     |    TOTAL:  37
pass   1 (+++):  13 found -  13 modified     |    TOTAL:  50
pass   2 (+++):   0 found -  13 modified     |    TOTAL:  50
Iteration Number : 1
pass   1 (++):  69 found -  69 modified     |    TOTAL:  69
pass   2 (++):   0 found -  69 modified     |    TOTAL:  69
pass   1 (+-):  44 found -  44 modified     |    TOTAL: 113
pass   2 (+-):   0 found -  44 modified     |    TOTAL: 113
pass   1 (--):  61 found -  61 modified     |    TOTAL: 174
pass   2 (--):   0 found -  61 modified     |    TOTAL: 174
pass   1 (-+):  57 found -  57 modified     |    TOTAL: 231
pass   2 (-+):   0 found -  57 modified     |    TOTAL: 231
Iteration Number : 2
pass   1 (xy+):   6 found -   6 modified     |    TOTAL:   6
pass   2 (xy+):   0 found -   6 modified     |    TOTAL:   6
pass   1 (xy-):   3 found -   3 modified     |    TOTAL:   9
pass   2 (xy-):   0 found -   3 modified     |    TOTAL:   9
pass   1 (yz+):   2 found -   2 modified     |    TOTAL:  11
pass   2 (yz+):   0 found -   2 modified     |    TOTAL:  11
pass   1 (yz-):   5 found -   5 modified     |    TOTAL:  16
pass   2 (yz-):   0 found -   5 modified     |    TOTAL:  16
pass   1 (xz+):   1 found -   1 modified     |    TOTAL:  17
pass   2 (xz+):   0 found -   1 modified     |    TOTAL:  17
pass   1 (xz-):   5 found -   5 modified     |    TOTAL:  22
pass   2 (xz-):   0 found -   5 modified     |    TOTAL:  22
Iteration Number : 2
pass   1 (+++):   0 found -   0 modified     |    TOTAL:   0
pass   1 (+++):   0 found -   0 modified     |    TOTAL:   0
pass   1 (+++):   0 found -   0 modified     |    TOTAL:   0
pass   1 (+++):   0 found -   0 modified     |    TOTAL:   0
Iteration Number : 2
pass   1 (++):   3 found -   3 modified     |    TOTAL:   3
pass   2 (++):   0 found -   3 modified     |    TOTAL:   3
pass   1 (+-):   0 found -   0 modified     |    TOTAL:   3
pass   1 (--):   2 found -   2 modified     |    TOTAL:   5
pass   2 (--):   0 found -   2 modified     |    TOTAL:   5
pass   1 (-+):   2 found -   2 modified     |    TOTAL:   7
pass   2 (-+):   0 found -   2 modified     |    TOTAL:   7
Iteration Number : 3
pass   1 (xy+):   0 found -   0 modified     |    TOTAL:   0
pass   1 (xy-):   0 found -   0 modified     |    TOTAL:   0
pass   1 (yz+):   1 found -   1 modified     |    TOTAL:   1
pass   2 (yz+):   0 found -   1 modified     |    TOTAL:   1
pass   1 (yz-):   0 found -   0 modified     |    TOTAL:   1
pass   1 (xz+):   0 found -   0 modified     |    TOTAL:   1
pass   1 (xz-):   0 found -   0 modified     |    TOTAL:   1
Iteration Number : 3
pass   1 (+++):   0 found -   0 modified     |    TOTAL:   0
pass   1 (+++):   0 found -   0 modified     |    TOTAL:   0
pass   1 (+++):   0 found -   0 modified     |    TOTAL:   0
pass   1 (+++):   0 found -   0 modified     |    TOTAL:   0
Iteration Number : 3
pass   1 (++):   0 found -   0 modified     |    TOTAL:   0
pass   1 (+-):   0 found -   0 modified     |    TOTAL:   0
pass   1 (--):   0 found -   0 modified     |    TOTAL:   0
pass   1 (-+):   0 found -   0 modified     |    TOTAL:   0
Iteration Number : 4
pass   1 (xy+):   0 found -   0 modified     |    TOTAL:   0
pass   1 (xy-):   0 found -   0 modified     |    TOTAL:   0
pass   1 (yz+):   0 found -   0 modified     |    TOTAL:   0
pass   1 (yz-):   0 found -   0 modified     |    TOTAL:   0
pass   1 (xz+):   0 found -   0 modified     |    TOTAL:   0
pass   1 (xz-):   0 found -   0 modified     |    TOTAL:   0
Iteration Number : 4
pass   1 (+++):   0 found -   0 modified     |    TOTAL:   0
pass   1 (+++):   0 found -   0 modified     |    TOTAL:   0
pass   1 (+++):   0 found -   0 modified     |    TOTAL:   0
pass   1 (+++):   0 found -   0 modified     |    TOTAL:   0
Iteration Number : 4
pass   1 (++):   0 found -   0 modified     |    TOTAL:   0
pass   1 (+-):   0 found -   0 modified     |    TOTAL:   0
pass   1 (--):   0 found -   0 modified     |    TOTAL:   0
pass   1 (-+):   0 found -   0 modified     |    TOTAL:   0

Total Number of Modified Voxels = 395 (out of 547948: 0.072087)
binarizing input wm segmentation...
Ambiguous edge configurations... 

mri_pretess done

#--------------------------------------------
#@# Fill Fri Mar  6 08:00:43 CET 2026
/out/sourcedata/freesurfer/sub-v1s10x0050994_ses-1/mri

 mri_fill -a ../scripts/ponscc.cut.log -xform transforms/talairach.lta -segmentation aseg.presurf.mgz -ctab /opt/freesurfer/SubCorticalMassLUT.txt wm.mgz filled.mgz 

logging cutting plane coordinates to ../scripts/ponscc.cut.log...
INFO: Using transforms/talairach.lta and its offset for Talairach volume ...
using segmentation aseg.presurf.mgz...
reading input volume...done.
searching for cutting planes...voxel to talairach voxel transform
 1.03829   0.09945   0.00394  -22.52609;
-0.07902   1.14647   0.30047  -78.95517;
 0.02141  -0.29053   1.01739   33.23688;
 0.00000   0.00000   0.00000   1.00000;
voxel to talairach voxel transform
 1.03829   0.09945   0.00394  -22.52609;
-0.07902   1.14647   0.30047  -78.95517;
 0.02141  -0.29053   1.01739   33.23688;
 0.00000   0.00000   0.00000   1.00000;
reading segmented volume aseg.presurf.mgz
removing CC from segmentation
Looking for area (min, max) = (350, 1400)
area[0] = 1340 (min = 350, max = 1400), aspect = 0.49 (min = 0.10, max = 0.75)
no need to search
using seed (127, 122, 150), TAL = (1.0, 22.0, 6.0)
talairach voxel to voxel transform
 0.95678  -0.07809   0.01936   14.74327;
 0.06626   0.80610  -0.23832   73.05947;
-0.00121   0.23184   0.91445  -12.11604;
 0.00000   0.00000   0.00000   1.00000;
segmentation indicates cc at (127,  122,  150) --> (1.0, 22.0, 6.0)
done.
filling took 1.0 minutes
talairach cc position changed to (1.00, 22.00, 6.00)
Erasing brainstem...done.
seed_search_size = 9, min_neighbors = 5
search rh wm seed point around talairach space:(19.00, 22.00, 6.00) SRC: (112.41, 142.88, 153.20)
search lh wm seed point around talairach space (-17.00, 22.00, 6.00), SRC: (146.85, 145.26, 153.16)
compute mri_fill using aseg
Erasing Brain Stem and Cerebellum ...
Define left and right masks using aseg:
Building Voronoi diagram ...
Using the Voronoi diagram for separating WM into two hemispheres ...
Find the largest connected component for each hemisphere ...
Embedding colortable
mri_fill done, writing output to filled.mgz...
 cp filled.mgz filled.auto.mgz

Started at Fri Mar 6 06:39:16 CET 2026 
Ended   at Fri Mar 6 08:01:44 CET 2026
#@#%# recon-all-run-time-hours 1.374
recon-all -s sub-v1s10x0050994_ses-1 finished without error at Fri Mar  6 08:01:44 CET 2026



#New# invocation of recon-all 




Fri Mar  6 09:10:46 CET 2026
cd /out/sourcedata/freesurfer/sub-v1s10x0050994_ses-1
setenv SUBJECTS_DIR /out/sourcedata/freesurfer
/opt/freesurfer/bin/recon-all -parallel -subjid sub-v1s10x0050994_ses-1 -sd /out/sourcedata/freesurfer -cortribbon

subjid sub-v1s10x0050994_ses-1
setenv SUBJECTS_DIR /out/sourcedata/freesurfer
FREESURFER_HOME /opt/freesurfer
Actual FREESURFER_HOME /opt/freesurfer
build-stamp.txt: freesurfer-linux-ubuntu22_x86_64-7.3.2-20220804-6354275
Linux dna032 5.14.0-427.37.1.el9_4.x86_64 #1 SMP PREEMPT_DYNAMIC Fri Sep 13 12:41:50 EDT 2024 x86_64 x86_64 x86_64 GNU/Linux
cputime      unlimited
filesize     unlimited
datasize     unlimited
stacksize    8192 kbytes
coredumpsize 0 kbytes
memoryuse    67108864 kbytes
vmemoryuse   unlimited
descriptors  1024 
memorylocked unlimited
maxproc      2061970 
maxlocks     unlimited
maxsignal    2061970 
maxmessage   819200 
maxnice      0 
maxrtprio    0 
maxrttime    unlimited

               total        used        free      shared  buff/cache   available
Mem:           503Gi        44Gi       288Gi       8.9Gi       169Gi       446Gi
Swap:             0B          0B          0B

########################################
program versions used
7.3.2 (freesurfer-linux-ubuntu22_x86_64-7.3.2-20220804-6354275)
7.3.2

ProgramName: lta_convert  ProgramArguments: lta_convert -all-info  ProgramVersion: 7.3.2  TimeStamp: 2026/03/06-08:10:46-GMT  BuildTime: Aug  4 2022 06:17:15  BuildStamp: freesurfer-linux-ubuntu22_x86_64-7.3.2-20220804-6354275  User: oesteban  Machine: dna032  Platform: Linux  PlatformVersion: 5.14.0-427.37.1.el9_4.x86_64  CompilerName: GCC  CompilerVersion: 8.4.0
ProgramName: mri_and  ProgramArguments: mri_and -all-info  ProgramVersion: 7.3.2  TimeStamp: 2026/03/06-08:10:46-GMT  BuildTime: Aug  4 2022 06:17:15  BuildStamp: freesurfer-linux-ubuntu22_x86_64-7.3.2-20220804-6354275  User: oesteban  Machine: dna032  Platform: Linux  PlatformVersion: 5.14.0-427.37.1.el9_4.x86_64  CompilerName: GCC  CompilerVersion: 8.4.0
ProgramName: mri_annotation2label  ProgramArguments: mri_annotation2label -all-info  ProgramVersion: 7.3.2  TimeStamp: 2026/03/06-08:10:46-GMT  BuildTime: Aug  4 2022 06:17:15  BuildStamp: freesurfer-linux-ubuntu22_x86_64-7.3.2-20220804-6354275  User: oesteban  Machine: dna032  Platform: Linux  PlatformVersion: 5.14.0-427.37.1.el9_4.x86_64  CompilerName: GCC  CompilerVersion: 8.4.0
ProgramName: mri_aparc2aseg  ProgramArguments: mri_aparc2aseg -all-info  ProgramVersion: 7.3.2  TimeStamp: 2026/03/06-08:10:46-GMT  BuildTime: Aug  4 2022 06:17:15  BuildStamp: freesurfer-linux-ubuntu22_x86_64-7.3.2-20220804-6354275  User: oesteban  Machine: dna032  Platform: Linux  PlatformVersion: 5.14.0-427.37.1.el9_4.x86_64  CompilerName: GCC  CompilerVersion: 8.4.0
ProgramName: mri_surf2volseg  ProgramArguments: mri_surf2volseg -all-info  ProgramVersion: 7.3.2  TimeStamp: 2026/03/06-08:10:46-GMT  BuildTime: Aug  4 2022 06:17:15  BuildStamp: freesurfer-linux-ubuntu22_x86_64-7.3.2-20220804-6354275  User: oesteban  Machine: dna032  Platform: Linux  PlatformVersion: 5.14.0-427.37.1.el9_4.x86_64  CompilerName: GCC  CompilerVersion: 8.4.0
ProgramName: mri_binarize  ProgramArguments: mri_binarize -all-info  ProgramVersion: 7.3.2  TimeStamp: 2026/03/06-08:10:46-GMT  BuildTime: Aug  4 2022 06:17:15  BuildStamp: freesurfer-linux-ubuntu22_x86_64-7.3.2-20220804-6354275  User: oesteban  Machine: dna032  Platform: Linux  PlatformVersion: 5.14.0-427.37.1.el9_4.x86_64  CompilerName: GCC  CompilerVersion: 8.4.0
ProgramName: mri_ca_label  ProgramArguments: mri_ca_label -all-info  ProgramVersion: 7.3.2  TimeStamp: 2026/03/06-08:10:46-GMT  BuildTime: Aug  4 2022 06:17:15  BuildStamp: freesurfer-linux-ubuntu22_x86_64-7.3.2-20220804-6354275  User: oesteban  Machine: dna032  Platform: Linux  PlatformVersion: 5.14.0-427.37.1.el9_4.x86_64  CompilerName: GCC  CompilerVersion: 8.4.0
ProgramName: mri_ca_normalize  ProgramArguments: mri_ca_normalize -all-info  ProgramVersion: 7.3.2  TimeStamp: 2026/03/06-08:10:46-GMT  BuildTime: Aug  4 2022 06:17:15  BuildStamp: freesurfer-linux-ubuntu22_x86_64-7.3.2-20220804-6354275  User: oesteban  Machine: dna032  Platform: Linux  PlatformVersion: 5.14.0-427.37.1.el9_4.x86_64  CompilerName: GCC  CompilerVersion: 8.4.0
ProgramName: mri_ca_register  ProgramArguments: mri_ca_register -all-info  ProgramVersion: 7.3.2  TimeStamp: 2026/03/06-08:10:46-GMT  BuildTime: Aug  4 2022 06:17:15  BuildStamp: freesurfer-linux-ubuntu22_x86_64-7.3.2-20220804-6354275  User: oesteban  Machine: dna032  Platform: Linux  PlatformVersion: 5.14.0-427.37.1.el9_4.x86_64  CompilerName: GCC  CompilerVersion: 8.4.0
ProgramName: mri_cc  ProgramArguments: mri_cc -all-info  ProgramVersion: 7.3.2  TimeStamp: 2026/03/06-08:10:46-GMT  BuildTime: Aug  4 2022 06:17:15  BuildStamp: freesurfer-linux-ubuntu22_x86_64-7.3.2-20220804-6354275  User: oesteban  Machine: dna032  Platform: Linux  PlatformVersion: 5.14.0-427.37.1.el9_4.x86_64  CompilerName: GCC  CompilerVersion: 8.4.0
ProgramName: mri_compute_overlap  ProgramArguments: mri_compute_overlap -all-info  ProgramVersion: 7.3.2  TimeStamp: 2026/03/06-08:10:46-GMT  BuildTime: Aug  4 2022 06:17:15  BuildStamp: freesurfer-linux-ubuntu22_x86_64-7.3.2-20220804-6354275  User: oesteban  Machine: dna032  Platform: Linux  PlatformVersion: 5.14.0-427.37.1.el9_4.x86_64  CompilerName: GCC  CompilerVersion: 8.4.0
ProgramName: mri_compute_seg_overlap  ProgramArguments: mri_compute_seg_overlap -all-info  ProgramVersion: 7.3.2  TimeStamp: 2026/03/06-08:10:46-GMT  BuildTime: Aug  4 2022 06:17:15  BuildStamp: freesurfer-linux-ubuntu22_x86_64-7.3.2-20220804-6354275  User: oesteban  Machine: dna032  Platform: Linux  PlatformVersion: 5.14.0-427.37.1.el9_4.x86_64  CompilerName: GCC  CompilerVersion: 8.4.0
ProgramName: mri_concat  ProgramArguments: mri_concat -all-info  ProgramVersion: 7.3.2  TimeStamp: 2026/03/06-08:10:46-GMT  BuildTime: Aug  4 2022 06:17:15  BuildStamp: freesurfer-linux-ubuntu22_x86_64-7.3.2-20220804-6354275  User: oesteban  Machine: dna032  Platform: Linux  PlatformVersion: 5.14.0-427.37.1.el9_4.x86_64  CompilerName: GCC  CompilerVersion: 8.4.0
ProgramName: mri_concatenate_lta  ProgramArguments: mri_concatenate_lta -all-info  ProgramVersion: 7.3.2  TimeStamp: 2026/03/06-08:10:46-GMT  BuildTime: Aug  4 2022 06:17:15  BuildStamp: freesurfer-linux-ubuntu22_x86_64-7.3.2-20220804-6354275  User: oesteban  Machine: dna032  Platform: Linux  PlatformVersion: 5.14.0-427.37.1.el9_4.x86_64  CompilerName: GCC  CompilerVersion: 8.4.0
mri_convert -all-info 
ProgramName: mri_convert  ProgramArguments: mri_convert -all-info  ProgramVersion: 7.3.2  TimeStamp: 2026/03/06-08:10:46-GMT  BuildTime: Aug  4 2022 06:17:15  BuildStamp: freesurfer-linux-ubuntu22_x86_64-7.3.2-20220804-6354275  User: oesteban  Machine: dna032  Platform: Linux  PlatformVersion: 5.14.0-427.37.1.el9_4.x86_64  CompilerName: GCC  CompilerVersion: 8.4.0
ProgramName: mri_diff  ProgramArguments: mri_diff -all-info  ProgramVersion: 7.3.2  TimeStamp: 2026/03/06-08:10:46-GMT  BuildTime: Aug  4 2022 06:17:15  BuildStamp: freesurfer-linux-ubuntu22_x86_64-7.3.2-20220804-6354275  User: oesteban  Machine: dna032  Platform: Linux  PlatformVersion: 5.14.0-427.37.1.el9_4.x86_64  CompilerName: GCC  CompilerVersion: 8.4.0
ProgramName: mri_edit_wm_with_aseg  ProgramArguments: mri_edit_wm_with_aseg -all-info  ProgramVersion: 7.3.2  TimeStamp: 2026/03/06-08:10:46-GMT  BuildTime: Aug  4 2022 06:17:15  BuildStamp: freesurfer-linux-ubuntu22_x86_64-7.3.2-20220804-6354275  User: oesteban  Machine: dna032  Platform: Linux  PlatformVersion: 5.14.0-427.37.1.el9_4.x86_64  CompilerName: GCC  CompilerVersion: 8.4.0
ProgramName: mri_em_register  ProgramArguments: mri_em_register -all-info  ProgramVersion: 7.3.2  TimeStamp: 2026/03/06-08:10:46-GMT  BuildTime: Aug  4 2022 06:17:15  BuildStamp: freesurfer-linux-ubuntu22_x86_64-7.3.2-20220804-6354275  User: oesteban  Machine: dna032  Platform: Linux  PlatformVersion: 5.14.0-427.37.1.el9_4.x86_64  CompilerName: GCC  CompilerVersion: 8.4.0
ProgramName: mri_fill  ProgramArguments: mri_fill -all-info  ProgramVersion: 7.3.2  TimeStamp: 2026/03/06-08:10:46-GMT  BuildTime: Aug  4 2022 06:17:15  BuildStamp: freesurfer-linux-ubuntu22_x86_64-7.3.2-20220804-6354275  User: oesteban  Machine: dna032  Platform: Linux  PlatformVersion: 5.14.0-427.37.1.el9_4.x86_64  CompilerName: GCC  CompilerVersion: 8.4.0
ProgramName: mri_fuse_segmentations  ProgramArguments: mri_fuse_segmentations -all-info  ProgramVersion: 7.3.2  TimeStamp: 2026/03/06-08:10:46-GMT  BuildTime: Aug  4 2022 06:17:15  BuildStamp: freesurfer-linux-ubuntu22_x86_64-7.3.2-20220804-6354275  User: oesteban  Machine: dna032  Platform: Linux  PlatformVersion: 5.14.0-427.37.1.el9_4.x86_64  CompilerName: GCC  CompilerVersion: 8.4.0
ProgramName: mri_fwhm  ProgramArguments: mri_fwhm -all-info  ProgramVersion: 7.3.2  TimeStamp: 2026/03/06-08:10:46-GMT  BuildTime: Aug  4 2022 06:17:15  BuildStamp: freesurfer-linux-ubuntu22_x86_64-7.3.2-20220804-6354275  User: oesteban  Machine: dna032  Platform: Linux  PlatformVersion: 5.14.0-427.37.1.el9_4.x86_64  CompilerName: GCC  CompilerVersion: 8.4.0
ProgramName: mri_gcut  ProgramArguments: mri_gcut -all-info  ProgramVersion: 7.3.2  TimeStamp: 2026/03/06-08:10:46-GMT  BuildTime: Aug  4 2022 06:17:15  BuildStamp: freesurfer-linux-ubuntu22_x86_64-7.3.2-20220804-6354275  User: oesteban  Machine: dna032  Platform: Linux  PlatformVersion: 5.14.0-427.37.1.el9_4.x86_64  CompilerName: GCC  CompilerVersion: 8.4.0
ProgramName: mri_info  ProgramArguments: mri_info -all-info  ProgramVersion: 7.3.2  TimeStamp: 2026/03/06-08:10:46-GMT  BuildTime: Aug  4 2022 06:17:15  BuildStamp: freesurfer-linux-ubuntu22_x86_64-7.3.2-20220804-6354275  User: oesteban  Machine: dna032  Platform: Linux  PlatformVersion: 5.14.0-427.37.1.el9_4.x86_64  CompilerName: GCC  CompilerVersion: 8.4.0
ProgramName: mri_label2label  ProgramArguments: mri_label2label -all-info  ProgramVersion: 7.3.2  TimeStamp: 2026/03/06-08:10:46-GMT  BuildTime: Aug  4 2022 06:17:15  BuildStamp: freesurfer-linux-ubuntu22_x86_64-7.3.2-20220804-6354275  User: oesteban  Machine: dna032  Platform: Linux  PlatformVersion: 5.14.0-427.37.1.el9_4.x86_64  CompilerName: GCC  CompilerVersion: 8.4.0
ProgramName: mri_label2vol  ProgramArguments: mri_label2vol -all-info  ProgramVersion: 7.3.2  TimeStamp: 2026/03/06-08:10:46-GMT  BuildTime: Aug  4 2022 06:17:15  BuildStamp: freesurfer-linux-ubuntu22_x86_64-7.3.2-20220804-6354275  User: oesteban  Machine: dna032  Platform: Linux  PlatformVersion: 5.14.0-427.37.1.el9_4.x86_64  CompilerName: GCC  CompilerVersion: 8.4.0
ProgramName: mri_log_likelihood  ProgramArguments: mri_log_likelihood -all-info  ProgramVersion: 7.3.2  TimeStamp: 2026/03/06-08:10:46-GMT  BuildTime: Aug  4 2022 06:17:15  BuildStamp: freesurfer-linux-ubuntu22_x86_64-7.3.2-20220804-6354275  User: oesteban  Machine: dna032  Platform: Linux  PlatformVersion: 5.14.0-427.37.1.el9_4.x86_64  CompilerName: GCC  CompilerVersion: 8.4.0
ProgramName: mri_mask  ProgramArguments: mri_mask -all-info  ProgramVersion: 7.3.2  TimeStamp: 2026/03/06-08:10:46-GMT  BuildTime: Aug  4 2022 06:17:15  BuildStamp: freesurfer-linux-ubuntu22_x86_64-7.3.2-20220804-6354275  User: oesteban  Machine: dna032  Platform: Linux  PlatformVersion: 5.14.0-427.37.1.el9_4.x86_64  CompilerName: GCC  CompilerVersion: 8.4.0
ProgramName: mri_matrix_multiply  ProgramArguments: mri_matrix_multiply -all-info  ProgramVersion: 7.3.2  TimeStamp: 2026/03/06-08:10:46-GMT  BuildTime: Aug  4 2022 06:17:15  BuildStamp: freesurfer-linux-ubuntu22_x86_64-7.3.2-20220804-6354275  User: oesteban  Machine: dna032  Platform: Linux  PlatformVersion: 5.14.0-427.37.1.el9_4.x86_64  CompilerName: GCC  CompilerVersion: 8.4.0
ProgramName: mri_normalize  ProgramArguments: mri_normalize -all-info  ProgramVersion: 7.3.2  TimeStamp: 2026/03/06-08:10:46-GMT  BuildTime: Aug  4 2022 06:17:15  BuildStamp: freesurfer-linux-ubuntu22_x86_64-7.3.2-20220804-6354275  User: oesteban  Machine: dna032  Platform: Linux  PlatformVersion: 5.14.0-427.37.1.el9_4.x86_64  CompilerName: GCC  CompilerVersion: 8.4.0
ProgramName: mri_normalize_tp2  ProgramArguments: mri_normalize_tp2 -all-info  ProgramVersion: 7.3.2  TimeStamp: 2026/03/06-08:10:46-GMT  BuildTime: Aug  4 2022 06:17:15  BuildStamp: freesurfer-linux-ubuntu22_x86_64-7.3.2-20220804-6354275  User: oesteban  Machine: dna032  Platform: Linux  PlatformVersion: 5.14.0-427.37.1.el9_4.x86_64  CompilerName: GCC  CompilerVersion: 8.4.0
ProgramName: mri_or  ProgramArguments: mri_or -all-info  ProgramVersion: 7.3.2  TimeStamp: 2026/03/06-08:10:46-GMT  BuildTime: Aug  4 2022 06:17:15  BuildStamp: freesurfer-linux-ubuntu22_x86_64-7.3.2-20220804-6354275  User: oesteban  Machine: dna032  Platform: Linux  PlatformVersion: 5.14.0-427.37.1.el9_4.x86_64  CompilerName: GCC  CompilerVersion: 8.4.0
ProgramName: mri_relabel_hypointensities  ProgramArguments: mri_relabel_hypointensities -all-info  ProgramVersion: 7.3.2  TimeStamp: 2026/03/06-08:10:46-GMT  BuildTime: Aug  4 2022 06:17:15  BuildStamp: freesurfer-linux-ubuntu22_x86_64-7.3.2-20220804-6354275  User: oesteban  Machine: dna032  Platform: Linux  PlatformVersion: 5.14.0-427.37.1.el9_4.x86_64  CompilerName: GCC  CompilerVersion: 8.4.0
ProgramName: mri_relabel_nonwm_hypos  ProgramArguments: mri_relabel_nonwm_hypos -all-info  ProgramVersion: 7.3.2  TimeStamp: 2026/03/06-08:10:46-GMT  BuildTime: Aug  4 2022 06:17:15  BuildStamp: freesurfer-linux-ubuntu22_x86_64-7.3.2-20220804-6354275  User: oesteban  Machine: dna032  Platform: Linux  PlatformVersion: 5.14.0-427.37.1.el9_4.x86_64  CompilerName: GCC  CompilerVersion: 8.4.0
ProgramName: mri_remove_neck  ProgramArguments: mri_remove_neck -all-info  ProgramVersion: 7.3.2  TimeStamp: 2026/03/06-08:10:46-GMT  BuildTime: Aug  4 2022 06:17:15  BuildStamp: freesurfer-linux-ubuntu22_x86_64-7.3.2-20220804-6354275  User: oesteban  Machine: dna032  Platform: Linux  PlatformVersion: 5.14.0-427.37.1.el9_4.x86_64  CompilerName: GCC  CompilerVersion: 8.4.0
7.3.2

ProgramName: mri_robust_register  ProgramArguments: mri_robust_register -all-info  ProgramVersion: 7.3.2  TimeStamp: 2026/03/06-08:10:46-GMT  BuildTime: Aug  4 2022 06:17:15  BuildStamp: freesurfer-linux-ubuntu22_x86_64-7.3.2-20220804-6354275  User: oesteban  Machine: dna032  Platform: Linux  PlatformVersion: 5.14.0-427.37.1.el9_4.x86_64  CompilerName: GCC  CompilerVersion: 8.4.0
7.3.2

ProgramName: mri_robust_template  ProgramArguments: mri_robust_template -all-info  ProgramVersion: 7.3.2  TimeStamp: 2026/03/06-08:10:46-GMT  BuildTime: Aug  4 2022 06:17:15  BuildStamp: freesurfer-linux-ubuntu22_x86_64-7.3.2-20220804-6354275  User: oesteban  Machine: dna032  Platform: Linux  PlatformVersion: 5.14.0-427.37.1.el9_4.x86_64  CompilerName: GCC  CompilerVersion: 8.4.0
ProgramName: mris_anatomical_stats  ProgramArguments: mris_anatomical_stats -all-info  ProgramVersion: 7.3.2  TimeStamp: 2026/03/06-08:10:46-GMT  BuildTime: Aug  4 2022 06:17:15  BuildStamp: freesurfer-linux-ubuntu22_x86_64-7.3.2-20220804-6354275  User: oesteban  Machine: dna032  Platform: Linux  PlatformVersion: 5.14.0-427.37.1.el9_4.x86_64  CompilerName: GCC  CompilerVersion: 8.4.0
ProgramName: mris_ca_label  ProgramArguments: mris_ca_label -all-info  ProgramVersion: 7.3.2  TimeStamp: 2026/03/06-08:10:46-GMT  BuildTime: Aug  4 2022 06:17:15  BuildStamp: freesurfer-linux-ubuntu22_x86_64-7.3.2-20220804-6354275  User: oesteban  Machine: dna032  Platform: Linux  PlatformVersion: 5.14.0-427.37.1.el9_4.x86_64  CompilerName: GCC  CompilerVersion: 8.4.0
ProgramName: mris_calc  ProgramArguments: mris_calc -all-info  ProgramVersion: 7.3.2  TimeStamp: 2026/03/06-08:10:46-GMT  BuildTime: Aug  4 2022 06:17:15  BuildStamp: freesurfer-linux-ubuntu22_x86_64-7.3.2-20220804-6354275  User: oesteban  Machine: dna032  Platform: Linux  PlatformVersion: 5.14.0-427.37.1.el9_4.x86_64  CompilerName: GCC  CompilerVersion: 8.4.0
ProgramName: mris_convert  ProgramArguments: mris_convert -all-info  ProgramVersion: 7.3.2  TimeStamp: 2026/03/06-08:10:46-GMT  BuildTime: Aug  4 2022 06:17:15  BuildStamp: freesurfer-linux-ubuntu22_x86_64-7.3.2-20220804-6354275  User: oesteban  Machine: dna032  Platform: Linux  PlatformVersion: 5.14.0-427.37.1.el9_4.x86_64  CompilerName: GCC  CompilerVersion: 8.4.0
ProgramName: mris_curvature  ProgramArguments: mris_curvature -all-info  ProgramVersion: 7.3.2  TimeStamp: 2026/03/06-08:10:46-GMT  BuildTime: Aug  4 2022 06:17:15  BuildStamp: freesurfer-linux-ubuntu22_x86_64-7.3.2-20220804-6354275  User: oesteban  Machine: dna032  Platform: Linux  PlatformVersion: 5.14.0-427.37.1.el9_4.x86_64  CompilerName: GCC  CompilerVersion: 8.4.0
ProgramName: mris_curvature_stats  ProgramArguments: mris_curvature_stats -all-info  ProgramVersion: 7.3.2  TimeStamp: 2026/03/06-08:10:46-GMT  BuildTime: Aug  4 2022 06:17:15  BuildStamp: freesurfer-linux-ubuntu22_x86_64-7.3.2-20220804-6354275  User: oesteban  Machine: dna032  Platform: Linux  PlatformVersion: 5.14.0-427.37.1.el9_4.x86_64  CompilerName: GCC  CompilerVersion: 8.4.0
ProgramName: mris_diff  ProgramArguments: mris_diff -all-info  ProgramVersion: 7.3.2  TimeStamp: 2026/03/06-08:10:46-GMT  BuildTime: Aug  4 2022 06:17:15  BuildStamp: freesurfer-linux-ubuntu22_x86_64-7.3.2-20220804-6354275  User: oesteban  Machine: dna032  Platform: Linux  PlatformVersion: 5.14.0-427.37.1.el9_4.x86_64  CompilerName: GCC  CompilerVersion: 8.4.0
ProgramName: mris_divide_parcellation  ProgramArguments: mris_divide_parcellation -all-info  ProgramVersion: 7.3.2  TimeStamp: 2026/03/06-08:10:46-GMT  BuildTime: Aug  4 2022 06:17:15  BuildStamp: freesurfer-linux-ubuntu22_x86_64-7.3.2-20220804-6354275  User: oesteban  Machine: dna032  Platform: Linux  PlatformVersion: 5.14.0-427.37.1.el9_4.x86_64  CompilerName: GCC  CompilerVersion: 8.4.0
ProgramName: mri_segment  ProgramArguments: mri_segment -all-info  ProgramVersion: 7.3.2  TimeStamp: 2026/03/06-08:10:46-GMT  BuildTime: Aug  4 2022 06:17:15  BuildStamp: freesurfer-linux-ubuntu22_x86_64-7.3.2-20220804-6354275  User: oesteban  Machine: dna032  Platform: Linux  PlatformVersion: 5.14.0-427.37.1.el9_4.x86_64  CompilerName: GCC  CompilerVersion: 8.4.0
ProgramName: mri_segstats  ProgramArguments: mri_segstats -all-info  ProgramVersion: 7.3.2  TimeStamp: 2026/03/06-08:10:46-GMT  BuildTime: Aug  4 2022 06:17:15  BuildStamp: freesurfer-linux-ubuntu22_x86_64-7.3.2-20220804-6354275  User: oesteban  Machine: dna032  Platform: Linux  PlatformVersion: 5.14.0-427.37.1.el9_4.x86_64  CompilerName: GCC  CompilerVersion: 8.4.0
ProgramName: mris_euler_number  ProgramArguments: mris_euler_number -all-info  ProgramVersion: 7.3.2  TimeStamp: 2026/03/06-08:10:46-GMT  BuildTime: Aug  4 2022 06:17:15  BuildStamp: freesurfer-linux-ubuntu22_x86_64-7.3.2-20220804-6354275  User: oesteban  Machine: dna032  Platform: Linux  PlatformVersion: 5.14.0-427.37.1.el9_4.x86_64  CompilerName: GCC  CompilerVersion: 8.4.0
ProgramName: mris_fix_topology  ProgramArguments: mris_fix_topology -all-info  ProgramVersion: 7.3.2  TimeStamp: 2026/03/06-08:10:46-GMT  BuildTime: Aug  4 2022 06:17:15  BuildStamp: freesurfer-linux-ubuntu22_x86_64-7.3.2-20220804-6354275  User: oesteban  Machine: dna032  Platform: Linux  PlatformVersion: 5.14.0-427.37.1.el9_4.x86_64  CompilerName: GCC  CompilerVersion: 8.4.0
ProgramName: mris_topo_fixer  ProgramArguments: mris_topo_fixer -all-info  ProgramVersion: 7.3.2  TimeStamp: 2026/03/06-08:10:46-GMT  BuildTime: Aug  4 2022 06:17:15  BuildStamp: freesurfer-linux-ubuntu22_x86_64-7.3.2-20220804-6354275  User: oesteban  Machine: dna032  Platform: Linux  PlatformVersion: 5.14.0-427.37.1.el9_4.x86_64  CompilerName: GCC  CompilerVersion: 8.4.0
ProgramName: mris_jacobian  ProgramArguments: mris_jacobian -all-info  ProgramVersion: 7.3.2  TimeStamp: 2026/03/06-08:10:46-GMT  BuildTime: Aug  4 2022 06:17:15  BuildStamp: freesurfer-linux-ubuntu22_x86_64-7.3.2-20220804-6354275  User: oesteban  Machine: dna032  Platform: Linux  PlatformVersion: 5.14.0-427.37.1.el9_4.x86_64  CompilerName: GCC  CompilerVersion: 8.4.0
ProgramName: mris_label2annot  ProgramArguments: mris_label2annot -all-info  ProgramVersion: 7.3.2  TimeStamp: 2026/03/06-08:10:46-GMT  BuildTime: Aug  4 2022 06:17:15  BuildStamp: freesurfer-linux-ubuntu22_x86_64-7.3.2-20220804-6354275  User: oesteban  Machine: dna032  Platform: Linux  PlatformVersion: 5.14.0-427.37.1.el9_4.x86_64  CompilerName: GCC  CompilerVersion: 8.4.0
ProgramName: mris_left_right_register  ProgramArguments: mris_left_right_register -all-info  ProgramVersion: 7.3.2  TimeStamp: 2026/03/06-08:10:46-GMT  BuildTime: Aug  4 2022 06:17:15  BuildStamp: freesurfer-linux-ubuntu22_x86_64-7.3.2-20220804-6354275  User: oesteban  Machine: dna032  Platform: Linux  PlatformVersion: 5.14.0-427.37.1.el9_4.x86_64  CompilerName: GCC  CompilerVersion: 8.4.0
ProgramName: mris_place_surface  ProgramArguments: mris_place_surface -all-info  ProgramVersion: 7.3.2  TimeStamp: 2026/03/06-08:10:46-GMT  BuildTime: Aug  4 2022 06:17:15  BuildStamp: freesurfer-linux-ubuntu22_x86_64-7.3.2-20220804-6354275  User: oesteban  Machine: dna032  Platform: Linux  PlatformVersion: 5.14.0-427.37.1.el9_4.x86_64  CompilerName: GCC  CompilerVersion: 8.4.0
ProgramName: mrisp_paint  ProgramArguments: mrisp_paint -all-info  ProgramVersion: 7.3.2  TimeStamp: 2026/03/06-08:10:46-GMT  BuildTime: Aug  4 2022 06:17:15  BuildStamp: freesurfer-linux-ubuntu22_x86_64-7.3.2-20220804-6354275  User: oesteban  Machine: dna032  Platform: Linux  PlatformVersion: 5.14.0-427.37.1.el9_4.x86_64  CompilerName: GCC  CompilerVersion: 8.4.0
ProgramName: mris_register  ProgramArguments: mris_register -all-info  ProgramVersion: 7.3.2  TimeStamp: 2026/03/06-08:10:46-GMT  BuildTime: Aug  4 2022 06:17:15  BuildStamp: freesurfer-linux-ubuntu22_x86_64-7.3.2-20220804-6354275  User: oesteban  Machine: dna032  Platform: Linux  PlatformVersion: 5.14.0-427.37.1.el9_4.x86_64  CompilerName: GCC  CompilerVersion: 8.4.0
ProgramName: mris_smooth  ProgramArguments: mris_smooth -all-info  ProgramVersion: 7.3.2  TimeStamp: 2026/03/06-08:10:46-GMT  BuildTime: Aug  4 2022 06:17:15  BuildStamp: freesurfer-linux-ubuntu22_x86_64-7.3.2-20220804-6354275  User: oesteban  Machine: dna032  Platform: Linux  PlatformVersion: 5.14.0-427.37.1.el9_4.x86_64  CompilerName: GCC  CompilerVersion: 8.4.0
ProgramName: mris_sphere  ProgramArguments: mris_sphere -all-info  ProgramVersion: 7.3.2  TimeStamp: 2026/03/06-08:10:46-GMT  BuildTime: Aug  4 2022 06:17:15  BuildStamp: freesurfer-linux-ubuntu22_x86_64-7.3.2-20220804-6354275  User: oesteban  Machine: dna032  Platform: Linux  PlatformVersion: 5.14.0-427.37.1.el9_4.x86_64  CompilerName: GCC  CompilerVersion: 8.4.0
ProgramName: mris_surface_stats  ProgramArguments: mris_surface_stats -all-info  ProgramVersion: 7.3.2  TimeStamp: 2026/03/06-08:10:46-GMT  BuildTime: Aug  4 2022 06:17:15  BuildStamp: freesurfer-linux-ubuntu22_x86_64-7.3.2-20220804-6354275  User: oesteban  Machine: dna032  Platform: Linux  PlatformVersion: 5.14.0-427.37.1.el9_4.x86_64  CompilerName: GCC  CompilerVersion: 8.4.0
ProgramName: mri_stats2seg  ProgramArguments: mri_stats2seg -all-info  ProgramVersion: 7.3.2  TimeStamp: 2026/03/06-08:10:46-GMT  BuildTime: Aug  4 2022 06:17:15  BuildStamp: freesurfer-linux-ubuntu22_x86_64-7.3.2-20220804-6354275  User: oesteban  Machine: dna032  Platform: Linux  PlatformVersion: 5.14.0-427.37.1.el9_4.x86_64  CompilerName: GCC  CompilerVersion: 8.4.0
ProgramName: mris_thickness  ProgramArguments: mris_thickness -all-info  ProgramVersion: 7.3.2  TimeStamp: 2026/03/06-08:10:46-GMT  BuildTime: Aug  4 2022 06:17:15  BuildStamp: freesurfer-linux-ubuntu22_x86_64-7.3.2-20220804-6354275  User: oesteban  Machine: dna032  Platform: Linux  PlatformVersion: 5.14.0-427.37.1.el9_4.x86_64  CompilerName: GCC  CompilerVersion: 8.4.0
ProgramName: mris_thickness_diff  ProgramArguments: mris_thickness_diff -all-info  ProgramVersion: 7.3.2  TimeStamp: 2026/03/06-08:10:46-GMT  BuildTime: Aug  4 2022 06:17:15  BuildStamp: freesurfer-linux-ubuntu22_x86_64-7.3.2-20220804-6354275  User: oesteban  Machine: dna032  Platform: Linux  PlatformVersion: 5.14.0-427.37.1.el9_4.x86_64  CompilerName: GCC  CompilerVersion: 8.4.0
ProgramName: mris_topo_fixer  ProgramArguments: mris_topo_fixer -all-info  ProgramVersion: 7.3.2  TimeStamp: 2026/03/06-08:10:46-GMT  BuildTime: Aug  4 2022 06:17:15  BuildStamp: freesurfer-linux-ubuntu22_x86_64-7.3.2-20220804-6354275  User: oesteban  Machine: dna032  Platform: Linux  PlatformVersion: 5.14.0-427.37.1.el9_4.x86_64  CompilerName: GCC  CompilerVersion: 8.4.0
ProgramName: mri_surf2surf  ProgramArguments: mri_surf2surf -all-info  ProgramVersion: 7.3.2  TimeStamp: 2026/03/06-08:10:46-GMT  BuildTime: Aug  4 2022 06:17:15  BuildStamp: freesurfer-linux-ubuntu22_x86_64-7.3.2-20220804-6354275  User: oesteban  Machine: dna032  Platform: Linux  PlatformVersion: 5.14.0-427.37.1.el9_4.x86_64  CompilerName: GCC  CompilerVersion: 8.4.0
ProgramName: mri_surf2vol  ProgramArguments: mri_surf2vol -all-info  ProgramVersion: 7.3.2  TimeStamp: 2026/03/06-08:10:46-GMT  BuildTime: Aug  4 2022 06:17:15  BuildStamp: freesurfer-linux-ubuntu22_x86_64-7.3.2-20220804-6354275  User: oesteban  Machine: dna032  Platform: Linux  PlatformVersion: 5.14.0-427.37.1.el9_4.x86_64  CompilerName: GCC  CompilerVersion: 8.4.0
ProgramName: mri_surfcluster  ProgramArguments: mri_surfcluster -all-info  ProgramVersion: 7.3.2  TimeStamp: 2026/03/06-08:10:46-GMT  BuildTime: Aug  4 2022 06:17:15  BuildStamp: freesurfer-linux-ubuntu22_x86_64-7.3.2-20220804-6354275  User: oesteban  Machine: dna032  Platform: Linux  PlatformVersion: 5.14.0-427.37.1.el9_4.x86_64  CompilerName: GCC  CompilerVersion: 8.4.0
ProgramName: mris_volmask  ProgramArguments: mris_volmask -all-info  ProgramVersion: 7.3.2  TimeStamp: 2026/03/06-08:10:46-GMT  BuildTime: Aug  4 2022 06:17:15  BuildStamp: freesurfer-linux-ubuntu22_x86_64-7.3.2-20220804-6354275  User: oesteban  Machine: dna032  Platform: Linux  PlatformVersion: 5.14.0-427.37.1.el9_4.x86_64  CompilerName: GCC  CompilerVersion: 8.4.0
ProgramName: mri_tessellate  ProgramArguments: mri_tessellate -all-info  ProgramVersion: 7.3.2  TimeStamp: 2026/03/06-08:10:46-GMT  BuildTime: Aug  4 2022 06:17:15  BuildStamp: freesurfer-linux-ubuntu22_x86_64-7.3.2-20220804-6354275  User: oesteban  Machine: dna032  Platform: Linux  PlatformVersion: 5.14.0-427.37.1.el9_4.x86_64  CompilerName: GCC  CompilerVersion: 8.4.0
ProgramName: mri_vol2surf  ProgramArguments: mri_vol2surf -all-info  ProgramVersion: 7.3.2  TimeStamp: 2026/03/06-08:10:46-GMT  BuildTime: Aug  4 2022 06:17:15  BuildStamp: freesurfer-linux-ubuntu22_x86_64-7.3.2-20220804-6354275  User: oesteban  Machine: dna032  Platform: Linux  PlatformVersion: 5.14.0-427.37.1.el9_4.x86_64  CompilerName: GCC  CompilerVersion: 8.4.0
ProgramName: mri_vol2vol  ProgramArguments: mri_vol2vol -all-info  ProgramVersion: 7.3.2  TimeStamp: 2026/03/06-08:10:46-GMT  BuildTime: Aug  4 2022 06:17:15  BuildStamp: freesurfer-linux-ubuntu22_x86_64-7.3.2-20220804-6354275  User: oesteban  Machine: dna032  Platform: Linux  PlatformVersion: 5.14.0-427.37.1.el9_4.x86_64  CompilerName: GCC  CompilerVersion: 8.4.0
ProgramName: mri_voldiff  ProgramArguments: mri_voldiff -all-info  ProgramVersion: 7.3.2  TimeStamp: 2026/03/06-08:10:46-GMT  BuildTime: Aug  4 2022 06:17:15  BuildStamp: freesurfer-linux-ubuntu22_x86_64-7.3.2-20220804-6354275  User: oesteban  Machine: dna032  Platform: Linux  PlatformVersion: 5.14.0-427.37.1.el9_4.x86_64  CompilerName: GCC  CompilerVersion: 8.4.0
ProgramName: mri_watershed  ProgramArguments: mri_watershed -all-info  ProgramVersion: 7.3.2  TimeStamp: 2026/03/06-08:10:46-GMT  BuildTime: Aug  4 2022 06:17:15  BuildStamp: freesurfer-linux-ubuntu22_x86_64-7.3.2-20220804-6354275  User: oesteban  Machine: dna032  Platform: Linux  PlatformVersion: 5.14.0-427.37.1.el9_4.x86_64  CompilerName: GCC  CompilerVersion: 8.4.0
ProgramName: tkregister2  ProgramArguments: tkregister2_cmdl -all-info  ProgramVersion: 7.3.2  TimeStamp: 2026/03/06-08:10:46-GMT  BuildTime: Aug  4 2022 06:17:15  BuildStamp: freesurfer-linux-ubuntu22_x86_64-7.3.2-20220804-6354275  User: oesteban  Machine: dna032  Platform: Linux  PlatformVersion: 5.14.0-427.37.1.el9_4.x86_64  CompilerName: GCC  CompilerVersion: 8.4.0
mri_motion_correct.fsl 7.3.2
mri_convert -all-info 
ProgramName: mri_convert  ProgramArguments: mri_convert -all-info  ProgramVersion: 7.3.2  TimeStamp: 2026/03/06-08:10:46-GMT  BuildTime: Aug  4 2022 06:17:15  BuildStamp: freesurfer-linux-ubuntu22_x86_64-7.3.2-20220804-6354275  User: oesteban  Machine: dna032  Platform: Linux  PlatformVersion: 5.14.0-427.37.1.el9_4.x86_64  CompilerName: GCC  CompilerVersion: 8.4.0
Program nu_correct, built from:
Package MNI N3, version 1.12.0, compiled by nicks@terrier (x86_64-unknown-linux-gnu) on 2015-06-19 at 01:25:34
#######################################
GCADIR /opt/freesurfer/average
GCA RB_all_2020-01-02.gca
GCASkull RB_all_withskull_2020_01_02.gca
AvgCurvTif folding.atlas.acfb40.noaparc.i12.2016-08-02.tif
GCSDIR /opt/freesurfer/average
GCS DKaparc.atlas.acfb40.noaparc.i12.2016-08-02.gcs
#######################################
#@# white curv lh Fri Mar  6 09:10:46 CET 2026
cd /out/sourcedata/freesurfer/sub-v1s10x0050994_ses-1/mri
mris_place_surface --curv-map ../surf/lh.white 2 10 ../surf/lh.curv
   Update not needed
#@# white area lh Fri Mar  6 09:10:46 CET 2026
cd /out/sourcedata/freesurfer/sub-v1s10x0050994_ses-1/mri
mris_place_surface --area-map ../surf/lh.white ../surf/lh.area
   Update not needed
#@# pial curv lh Fri Mar  6 09:10:46 CET 2026
cd /out/sourcedata/freesurfer/sub-v1s10x0050994_ses-1/mri
mris_place_surface --curv-map ../surf/lh.pial 2 10 ../surf/lh.curv.pial
   Update not needed
#@# pial area lh Fri Mar  6 09:10:46 CET 2026
cd /out/sourcedata/freesurfer/sub-v1s10x0050994_ses-1/mri
mris_place_surface --area-map ../surf/lh.pial ../surf/lh.area.pial
   Update not needed
#@# thickness lh Fri Mar  6 09:10:46 CET 2026
cd /out/sourcedata/freesurfer/sub-v1s10x0050994_ses-1/mri
mris_place_surface --thickness ../surf/lh.white ../surf/lh.pial 20 5 ../surf/lh.thickness
   Update not needed
#@# area and vertex vol lh Fri Mar  6 09:10:46 CET 2026
cd /out/sourcedata/freesurfer/sub-v1s10x0050994_ses-1/mri
mris_place_surface --thickness ../surf/lh.white ../surf/lh.pial 20 5 ../surf/lh.thickness
   Update not needed
#@# white curv rh Fri Mar  6 09:10:46 CET 2026
cd /out/sourcedata/freesurfer/sub-v1s10x0050994_ses-1/mri
mris_place_surface --curv-map ../surf/rh.white 2 10 ../surf/rh.curv
   Update not needed
#@# white area rh Fri Mar  6 09:10:46 CET 2026
cd /out/sourcedata/freesurfer/sub-v1s10x0050994_ses-1/mri
mris_place_surface --area-map ../surf/rh.white ../surf/rh.area
   Update not needed
#@# pial curv rh Fri Mar  6 09:10:46 CET 2026
cd /out/sourcedata/freesurfer/sub-v1s10x0050994_ses-1/mri
mris_place_surface --curv-map ../surf/rh.pial 2 10 ../surf/rh.curv.pial
   Update not needed
#@# pial area rh Fri Mar  6 09:10:46 CET 2026
cd /out/sourcedata/freesurfer/sub-v1s10x0050994_ses-1/mri
mris_place_surface --area-map ../surf/rh.pial ../surf/rh.area.pial
   Update not needed
#@# thickness rh Fri Mar  6 09:10:46 CET 2026
cd /out/sourcedata/freesurfer/sub-v1s10x0050994_ses-1/mri
mris_place_surface --thickness ../surf/rh.white ../surf/rh.pial 20 5 ../surf/rh.thickness
   Update not needed
#@# area and vertex vol rh Fri Mar  6 09:10:46 CET 2026
cd /out/sourcedata/freesurfer/sub-v1s10x0050994_ses-1/mri
mris_place_surface --thickness ../surf/rh.white ../surf/rh.pial 20 5 ../surf/rh.thickness
   Update not needed
#--------------------------------------------
#@# Cortical ribbon mask Fri Mar  6 09:10:46 CET 2026
/out/sourcedata/freesurfer/sub-v1s10x0050994_ses-1/mri

 mris_volmask --aseg_name aseg.presurf --label_left_white 2 --label_left_ribbon 3 --label_right_white 41 --label_right_ribbon 42 --save_ribbon sub-v1s10x0050994_ses-1 

SUBJECTS_DIR is /out/sourcedata/freesurfer
loading input data...
Running hemis serially
Processing left hemi
computing distance to left white surface 
computing distance to left pial surface 
Processing right hemi
computing distance to right white surface 
computing distance to right pial surface 
 hemi masks overlap voxels = 380
writing volume /out/sourcedata/freesurfer/sub-v1s10x0050994_ses-1/mri/ribbon.mgz
mris_volmask took 7.59 minutes
 writing ribbon files

Started at Fri Mar 6 09:10:46 CET 2026 
Ended   at Fri Mar 6 09:18:22 CET 2026
#@#%# recon-all-run-time-hours 0.127
recon-all -s sub-v1s10x0050994_ses-1 finished without error at Fri Mar  6 09:18:22 CET 2026



#New# invocation of recon-all 




Fri Mar  6 09:25:16 CET 2026
cd /out/sourcedata/freesurfer/sub-v1s10x0050994_ses-1
setenv SUBJECTS_DIR /out/sourcedata/freesurfer
/opt/freesurfer/bin/recon-all -autorecon3 -openmp 16 -subjid sub-v1s10x0050994_ses-1 -sd /out/sourcedata/freesurfer -nosphere -nosurfreg -nojacobian_white -noavgcurv -nocortparc -nopial -noparcstats -nocortparc2 -noparcstats2 -nocortparc3 -noparcstats3 -nopctsurfcon -nocortribbon -nobalabels

subjid sub-v1s10x0050994_ses-1
setenv SUBJECTS_DIR /out/sourcedata/freesurfer
FREESURFER_HOME /opt/freesurfer
Actual FREESURFER_HOME /opt/freesurfer
build-stamp.txt: freesurfer-linux-ubuntu22_x86_64-7.3.2-20220804-6354275
Linux dna032 5.14.0-427.37.1.el9_4.x86_64 #1 SMP PREEMPT_DYNAMIC Fri Sep 13 12:41:50 EDT 2024 x86_64 x86_64 x86_64 GNU/Linux
cputime      unlimited
filesize     unlimited
datasize     unlimited
stacksize    8192 kbytes
coredumpsize 0 kbytes
memoryuse    67108864 kbytes
vmemoryuse   unlimited
descriptors  1024 
memorylocked unlimited
maxproc      2061970 
maxlocks     unlimited
maxsignal    2061970 
maxmessage   819200 
maxnice      0 
maxrtprio    0 
maxrttime    unlimited

               total        used        free      shared  buff/cache   available
Mem:           503Gi        62Gi       270Gi       8.9Gi       169Gi       428Gi
Swap:             0B          0B          0B

########################################
program versions used
7.3.2 (freesurfer-linux-ubuntu22_x86_64-7.3.2-20220804-6354275)
7.3.2

ProgramName: lta_convert  ProgramArguments: lta_convert -all-info  ProgramVersion: 7.3.2  TimeStamp: 2026/03/06-08:25:16-GMT  BuildTime: Aug  4 2022 06:17:15  BuildStamp: freesurfer-linux-ubuntu22_x86_64-7.3.2-20220804-6354275  User: oesteban  Machine: dna032  Platform: Linux  PlatformVersion: 5.14.0-427.37.1.el9_4.x86_64  CompilerName: GCC  CompilerVersion: 8.4.0
ProgramName: mri_and  ProgramArguments: mri_and -all-info  ProgramVersion: 7.3.2  TimeStamp: 2026/03/06-08:25:16-GMT  BuildTime: Aug  4 2022 06:17:15  BuildStamp: freesurfer-linux-ubuntu22_x86_64-7.3.2-20220804-6354275  User: oesteban  Machine: dna032  Platform: Linux  PlatformVersion: 5.14.0-427.37.1.el9_4.x86_64  CompilerName: GCC  CompilerVersion: 8.4.0
ProgramName: mri_annotation2label  ProgramArguments: mri_annotation2label -all-info  ProgramVersion: 7.3.2  TimeStamp: 2026/03/06-08:25:16-GMT  BuildTime: Aug  4 2022 06:17:15  BuildStamp: freesurfer-linux-ubuntu22_x86_64-7.3.2-20220804-6354275  User: oesteban  Machine: dna032  Platform: Linux  PlatformVersion: 5.14.0-427.37.1.el9_4.x86_64  CompilerName: GCC  CompilerVersion: 8.4.0
ProgramName: mri_aparc2aseg  ProgramArguments: mri_aparc2aseg -all-info  ProgramVersion: 7.3.2  TimeStamp: 2026/03/06-08:25:16-GMT  BuildTime: Aug  4 2022 06:17:15  BuildStamp: freesurfer-linux-ubuntu22_x86_64-7.3.2-20220804-6354275  User: oesteban  Machine: dna032  Platform: Linux  PlatformVersion: 5.14.0-427.37.1.el9_4.x86_64  CompilerName: GCC  CompilerVersion: 8.4.0
ProgramName: mri_surf2volseg  ProgramArguments: mri_surf2volseg -all-info  ProgramVersion: 7.3.2  TimeStamp: 2026/03/06-08:25:16-GMT  BuildTime: Aug  4 2022 06:17:15  BuildStamp: freesurfer-linux-ubuntu22_x86_64-7.3.2-20220804-6354275  User: oesteban  Machine: dna032  Platform: Linux  PlatformVersion: 5.14.0-427.37.1.el9_4.x86_64  CompilerName: GCC  CompilerVersion: 8.4.0
ProgramName: mri_binarize  ProgramArguments: mri_binarize -all-info  ProgramVersion: 7.3.2  TimeStamp: 2026/03/06-08:25:16-GMT  BuildTime: Aug  4 2022 06:17:15  BuildStamp: freesurfer-linux-ubuntu22_x86_64-7.3.2-20220804-6354275  User: oesteban  Machine: dna032  Platform: Linux  PlatformVersion: 5.14.0-427.37.1.el9_4.x86_64  CompilerName: GCC  CompilerVersion: 8.4.0
ProgramName: mri_ca_label  ProgramArguments: mri_ca_label -all-info  ProgramVersion: 7.3.2  TimeStamp: 2026/03/06-08:25:16-GMT  BuildTime: Aug  4 2022 06:17:15  BuildStamp: freesurfer-linux-ubuntu22_x86_64-7.3.2-20220804-6354275  User: oesteban  Machine: dna032  Platform: Linux  PlatformVersion: 5.14.0-427.37.1.el9_4.x86_64  CompilerName: GCC  CompilerVersion: 8.4.0
ProgramName: mri_ca_normalize  ProgramArguments: mri_ca_normalize -all-info  ProgramVersion: 7.3.2  TimeStamp: 2026/03/06-08:25:16-GMT  BuildTime: Aug  4 2022 06:17:15  BuildStamp: freesurfer-linux-ubuntu22_x86_64-7.3.2-20220804-6354275  User: oesteban  Machine: dna032  Platform: Linux  PlatformVersion: 5.14.0-427.37.1.el9_4.x86_64  CompilerName: GCC  CompilerVersion: 8.4.0
ProgramName: mri_ca_register  ProgramArguments: mri_ca_register -all-info  ProgramVersion: 7.3.2  TimeStamp: 2026/03/06-08:25:16-GMT  BuildTime: Aug  4 2022 06:17:15  BuildStamp: freesurfer-linux-ubuntu22_x86_64-7.3.2-20220804-6354275  User: oesteban  Machine: dna032  Platform: Linux  PlatformVersion: 5.14.0-427.37.1.el9_4.x86_64  CompilerName: GCC  CompilerVersion: 8.4.0
ProgramName: mri_cc  ProgramArguments: mri_cc -all-info  ProgramVersion: 7.3.2  TimeStamp: 2026/03/06-08:25:16-GMT  BuildTime: Aug  4 2022 06:17:15  BuildStamp: freesurfer-linux-ubuntu22_x86_64-7.3.2-20220804-6354275  User: oesteban  Machine: dna032  Platform: Linux  PlatformVersion: 5.14.0-427.37.1.el9_4.x86_64  CompilerName: GCC  CompilerVersion: 8.4.0
ProgramName: mri_compute_overlap  ProgramArguments: mri_compute_overlap -all-info  ProgramVersion: 7.3.2  TimeStamp: 2026/03/06-08:25:16-GMT  BuildTime: Aug  4 2022 06:17:15  BuildStamp: freesurfer-linux-ubuntu22_x86_64-7.3.2-20220804-6354275  User: oesteban  Machine: dna032  Platform: Linux  PlatformVersion: 5.14.0-427.37.1.el9_4.x86_64  CompilerName: GCC  CompilerVersion: 8.4.0
ProgramName: mri_compute_seg_overlap  ProgramArguments: mri_compute_seg_overlap -all-info  ProgramVersion: 7.3.2  TimeStamp: 2026/03/06-08:25:16-GMT  BuildTime: Aug  4 2022 06:17:15  BuildStamp: freesurfer-linux-ubuntu22_x86_64-7.3.2-20220804-6354275  User: oesteban  Machine: dna032  Platform: Linux  PlatformVersion: 5.14.0-427.37.1.el9_4.x86_64  CompilerName: GCC  CompilerVersion: 8.4.0
ProgramName: mri_concat  ProgramArguments: mri_concat -all-info  ProgramVersion: 7.3.2  TimeStamp: 2026/03/06-08:25:16-GMT  BuildTime: Aug  4 2022 06:17:15  BuildStamp: freesurfer-linux-ubuntu22_x86_64-7.3.2-20220804-6354275  User: oesteban  Machine: dna032  Platform: Linux  PlatformVersion: 5.14.0-427.37.1.el9_4.x86_64  CompilerName: GCC  CompilerVersion: 8.4.0
ProgramName: mri_concatenate_lta  ProgramArguments: mri_concatenate_lta -all-info  ProgramVersion: 7.3.2  TimeStamp: 2026/03/06-08:25:16-GMT  BuildTime: Aug  4 2022 06:17:15  BuildStamp: freesurfer-linux-ubuntu22_x86_64-7.3.2-20220804-6354275  User: oesteban  Machine: dna032  Platform: Linux  PlatformVersion: 5.14.0-427.37.1.el9_4.x86_64  CompilerName: GCC  CompilerVersion: 8.4.0
mri_convert -all-info 
ProgramName: mri_convert  ProgramArguments: mri_convert -all-info  ProgramVersion: 7.3.2  TimeStamp: 2026/03/06-08:25:16-GMT  BuildTime: Aug  4 2022 06:17:15  BuildStamp: freesurfer-linux-ubuntu22_x86_64-7.3.2-20220804-6354275  User: oesteban  Machine: dna032  Platform: Linux  PlatformVersion: 5.14.0-427.37.1.el9_4.x86_64  CompilerName: GCC  CompilerVersion: 8.4.0
ProgramName: mri_diff  ProgramArguments: mri_diff -all-info  ProgramVersion: 7.3.2  TimeStamp: 2026/03/06-08:25:16-GMT  BuildTime: Aug  4 2022 06:17:15  BuildStamp: freesurfer-linux-ubuntu22_x86_64-7.3.2-20220804-6354275  User: oesteban  Machine: dna032  Platform: Linux  PlatformVersion: 5.14.0-427.37.1.el9_4.x86_64  CompilerName: GCC  CompilerVersion: 8.4.0
ProgramName: mri_edit_wm_with_aseg  ProgramArguments: mri_edit_wm_with_aseg -all-info  ProgramVersion: 7.3.2  TimeStamp: 2026/03/06-08:25:16-GMT  BuildTime: Aug  4 2022 06:17:15  BuildStamp: freesurfer-linux-ubuntu22_x86_64-7.3.2-20220804-6354275  User: oesteban  Machine: dna032  Platform: Linux  PlatformVersion: 5.14.0-427.37.1.el9_4.x86_64  CompilerName: GCC  CompilerVersion: 8.4.0
ProgramName: mri_em_register  ProgramArguments: mri_em_register -all-info  ProgramVersion: 7.3.2  TimeStamp: 2026/03/06-08:25:16-GMT  BuildTime: Aug  4 2022 06:17:15  BuildStamp: freesurfer-linux-ubuntu22_x86_64-7.3.2-20220804-6354275  User: oesteban  Machine: dna032  Platform: Linux  PlatformVersion: 5.14.0-427.37.1.el9_4.x86_64  CompilerName: GCC  CompilerVersion: 8.4.0
ProgramName: mri_fill  ProgramArguments: mri_fill -all-info  ProgramVersion: 7.3.2  TimeStamp: 2026/03/06-08:25:16-GMT  BuildTime: Aug  4 2022 06:17:15  BuildStamp: freesurfer-linux-ubuntu22_x86_64-7.3.2-20220804-6354275  User: oesteban  Machine: dna032  Platform: Linux  PlatformVersion: 5.14.0-427.37.1.el9_4.x86_64  CompilerName: GCC  CompilerVersion: 8.4.0
ProgramName: mri_fuse_segmentations  ProgramArguments: mri_fuse_segmentations -all-info  ProgramVersion: 7.3.2  TimeStamp: 2026/03/06-08:25:16-GMT  BuildTime: Aug  4 2022 06:17:15  BuildStamp: freesurfer-linux-ubuntu22_x86_64-7.3.2-20220804-6354275  User: oesteban  Machine: dna032  Platform: Linux  PlatformVersion: 5.14.0-427.37.1.el9_4.x86_64  CompilerName: GCC  CompilerVersion: 8.4.0
ProgramName: mri_fwhm  ProgramArguments: mri_fwhm -all-info  ProgramVersion: 7.3.2  TimeStamp: 2026/03/06-08:25:16-GMT  BuildTime: Aug  4 2022 06:17:15  BuildStamp: freesurfer-linux-ubuntu22_x86_64-7.3.2-20220804-6354275  User: oesteban  Machine: dna032  Platform: Linux  PlatformVersion: 5.14.0-427.37.1.el9_4.x86_64  CompilerName: GCC  CompilerVersion: 8.4.0
ProgramName: mri_gcut  ProgramArguments: mri_gcut -all-info  ProgramVersion: 7.3.2  TimeStamp: 2026/03/06-08:25:16-GMT  BuildTime: Aug  4 2022 06:17:15  BuildStamp: freesurfer-linux-ubuntu22_x86_64-7.3.2-20220804-6354275  User: oesteban  Machine: dna032  Platform: Linux  PlatformVersion: 5.14.0-427.37.1.el9_4.x86_64  CompilerName: GCC  CompilerVersion: 8.4.0
ProgramName: mri_info  ProgramArguments: mri_info -all-info  ProgramVersion: 7.3.2  TimeStamp: 2026/03/06-08:25:16-GMT  BuildTime: Aug  4 2022 06:17:15  BuildStamp: freesurfer-linux-ubuntu22_x86_64-7.3.2-20220804-6354275  User: oesteban  Machine: dna032  Platform: Linux  PlatformVersion: 5.14.0-427.37.1.el9_4.x86_64  CompilerName: GCC  CompilerVersion: 8.4.0
ProgramName: mri_label2label  ProgramArguments: mri_label2label -all-info  ProgramVersion: 7.3.2  TimeStamp: 2026/03/06-08:25:16-GMT  BuildTime: Aug  4 2022 06:17:15  BuildStamp: freesurfer-linux-ubuntu22_x86_64-7.3.2-20220804-6354275  User: oesteban  Machine: dna032  Platform: Linux  PlatformVersion: 5.14.0-427.37.1.el9_4.x86_64  CompilerName: GCC  CompilerVersion: 8.4.0
ProgramName: mri_label2vol  ProgramArguments: mri_label2vol -all-info  ProgramVersion: 7.3.2  TimeStamp: 2026/03/06-08:25:16-GMT  BuildTime: Aug  4 2022 06:17:15  BuildStamp: freesurfer-linux-ubuntu22_x86_64-7.3.2-20220804-6354275  User: oesteban  Machine: dna032  Platform: Linux  PlatformVersion: 5.14.0-427.37.1.el9_4.x86_64  CompilerName: GCC  CompilerVersion: 8.4.0
ProgramName: mri_log_likelihood  ProgramArguments: mri_log_likelihood -all-info  ProgramVersion: 7.3.2  TimeStamp: 2026/03/06-08:25:16-GMT  BuildTime: Aug  4 2022 06:17:15  BuildStamp: freesurfer-linux-ubuntu22_x86_64-7.3.2-20220804-6354275  User: oesteban  Machine: dna032  Platform: Linux  PlatformVersion: 5.14.0-427.37.1.el9_4.x86_64  CompilerName: GCC  CompilerVersion: 8.4.0
ProgramName: mri_mask  ProgramArguments: mri_mask -all-info  ProgramVersion: 7.3.2  TimeStamp: 2026/03/06-08:25:16-GMT  BuildTime: Aug  4 2022 06:17:15  BuildStamp: freesurfer-linux-ubuntu22_x86_64-7.3.2-20220804-6354275  User: oesteban  Machine: dna032  Platform: Linux  PlatformVersion: 5.14.0-427.37.1.el9_4.x86_64  CompilerName: GCC  CompilerVersion: 8.4.0
ProgramName: mri_matrix_multiply  ProgramArguments: mri_matrix_multiply -all-info  ProgramVersion: 7.3.2  TimeStamp: 2026/03/06-08:25:16-GMT  BuildTime: Aug  4 2022 06:17:15  BuildStamp: freesurfer-linux-ubuntu22_x86_64-7.3.2-20220804-6354275  User: oesteban  Machine: dna032  Platform: Linux  PlatformVersion: 5.14.0-427.37.1.el9_4.x86_64  CompilerName: GCC  CompilerVersion: 8.4.0
ProgramName: mri_normalize  ProgramArguments: mri_normalize -all-info  ProgramVersion: 7.3.2  TimeStamp: 2026/03/06-08:25:16-GMT  BuildTime: Aug  4 2022 06:17:15  BuildStamp: freesurfer-linux-ubuntu22_x86_64-7.3.2-20220804-6354275  User: oesteban  Machine: dna032  Platform: Linux  PlatformVersion: 5.14.0-427.37.1.el9_4.x86_64  CompilerName: GCC  CompilerVersion: 8.4.0
ProgramName: mri_normalize_tp2  ProgramArguments: mri_normalize_tp2 -all-info  ProgramVersion: 7.3.2  TimeStamp: 2026/03/06-08:25:16-GMT  BuildTime: Aug  4 2022 06:17:15  BuildStamp: freesurfer-linux-ubuntu22_x86_64-7.3.2-20220804-6354275  User: oesteban  Machine: dna032  Platform: Linux  PlatformVersion: 5.14.0-427.37.1.el9_4.x86_64  CompilerName: GCC  CompilerVersion: 8.4.0
ProgramName: mri_or  ProgramArguments: mri_or -all-info  ProgramVersion: 7.3.2  TimeStamp: 2026/03/06-08:25:16-GMT  BuildTime: Aug  4 2022 06:17:15  BuildStamp: freesurfer-linux-ubuntu22_x86_64-7.3.2-20220804-6354275  User: oesteban  Machine: dna032  Platform: Linux  PlatformVersion: 5.14.0-427.37.1.el9_4.x86_64  CompilerName: GCC  CompilerVersion: 8.4.0
ProgramName: mri_relabel_hypointensities  ProgramArguments: mri_relabel_hypointensities -all-info  ProgramVersion: 7.3.2  TimeStamp: 2026/03/06-08:25:16-GMT  BuildTime: Aug  4 2022 06:17:15  BuildStamp: freesurfer-linux-ubuntu22_x86_64-7.3.2-20220804-6354275  User: oesteban  Machine: dna032  Platform: Linux  PlatformVersion: 5.14.0-427.37.1.el9_4.x86_64  CompilerName: GCC  CompilerVersion: 8.4.0
ProgramName: mri_relabel_nonwm_hypos  ProgramArguments: mri_relabel_nonwm_hypos -all-info  ProgramVersion: 7.3.2  TimeStamp: 2026/03/06-08:25:16-GMT  BuildTime: Aug  4 2022 06:17:15  BuildStamp: freesurfer-linux-ubuntu22_x86_64-7.3.2-20220804-6354275  User: oesteban  Machine: dna032  Platform: Linux  PlatformVersion: 5.14.0-427.37.1.el9_4.x86_64  CompilerName: GCC  CompilerVersion: 8.4.0
ProgramName: mri_remove_neck  ProgramArguments: mri_remove_neck -all-info  ProgramVersion: 7.3.2  TimeStamp: 2026/03/06-08:25:16-GMT  BuildTime: Aug  4 2022 06:17:15  BuildStamp: freesurfer-linux-ubuntu22_x86_64-7.3.2-20220804-6354275  User: oesteban  Machine: dna032  Platform: Linux  PlatformVersion: 5.14.0-427.37.1.el9_4.x86_64  CompilerName: GCC  CompilerVersion: 8.4.0
7.3.2

ProgramName: mri_robust_register  ProgramArguments: mri_robust_register -all-info  ProgramVersion: 7.3.2  TimeStamp: 2026/03/06-08:25:16-GMT  BuildTime: Aug  4 2022 06:17:15  BuildStamp: freesurfer-linux-ubuntu22_x86_64-7.3.2-20220804-6354275  User: oesteban  Machine: dna032  Platform: Linux  PlatformVersion: 5.14.0-427.37.1.el9_4.x86_64  CompilerName: GCC  CompilerVersion: 8.4.0
7.3.2

ProgramName: mri_robust_template  ProgramArguments: mri_robust_template -all-info  ProgramVersion: 7.3.2  TimeStamp: 2026/03/06-08:25:16-GMT  BuildTime: Aug  4 2022 06:17:15  BuildStamp: freesurfer-linux-ubuntu22_x86_64-7.3.2-20220804-6354275  User: oesteban  Machine: dna032  Platform: Linux  PlatformVersion: 5.14.0-427.37.1.el9_4.x86_64  CompilerName: GCC  CompilerVersion: 8.4.0
ProgramName: mris_anatomical_stats  ProgramArguments: mris_anatomical_stats -all-info  ProgramVersion: 7.3.2  TimeStamp: 2026/03/06-08:25:16-GMT  BuildTime: Aug  4 2022 06:17:15  BuildStamp: freesurfer-linux-ubuntu22_x86_64-7.3.2-20220804-6354275  User: oesteban  Machine: dna032  Platform: Linux  PlatformVersion: 5.14.0-427.37.1.el9_4.x86_64  CompilerName: GCC  CompilerVersion: 8.4.0
ProgramName: mris_ca_label  ProgramArguments: mris_ca_label -all-info  ProgramVersion: 7.3.2  TimeStamp: 2026/03/06-08:25:16-GMT  BuildTime: Aug  4 2022 06:17:15  BuildStamp: freesurfer-linux-ubuntu22_x86_64-7.3.2-20220804-6354275  User: oesteban  Machine: dna032  Platform: Linux  PlatformVersion: 5.14.0-427.37.1.el9_4.x86_64  CompilerName: GCC  CompilerVersion: 8.4.0
ProgramName: mris_calc  ProgramArguments: mris_calc -all-info  ProgramVersion: 7.3.2  TimeStamp: 2026/03/06-08:25:16-GMT  BuildTime: Aug  4 2022 06:17:15  BuildStamp: freesurfer-linux-ubuntu22_x86_64-7.3.2-20220804-6354275  User: oesteban  Machine: dna032  Platform: Linux  PlatformVersion: 5.14.0-427.37.1.el9_4.x86_64  CompilerName: GCC  CompilerVersion: 8.4.0
ProgramName: mris_convert  ProgramArguments: mris_convert -all-info  ProgramVersion: 7.3.2  TimeStamp: 2026/03/06-08:25:16-GMT  BuildTime: Aug  4 2022 06:17:15  BuildStamp: freesurfer-linux-ubuntu22_x86_64-7.3.2-20220804-6354275  User: oesteban  Machine: dna032  Platform: Linux  PlatformVersion: 5.14.0-427.37.1.el9_4.x86_64  CompilerName: GCC  CompilerVersion: 8.4.0
ProgramName: mris_curvature  ProgramArguments: mris_curvature -all-info  ProgramVersion: 7.3.2  TimeStamp: 2026/03/06-08:25:16-GMT  BuildTime: Aug  4 2022 06:17:15  BuildStamp: freesurfer-linux-ubuntu22_x86_64-7.3.2-20220804-6354275  User: oesteban  Machine: dna032  Platform: Linux  PlatformVersion: 5.14.0-427.37.1.el9_4.x86_64  CompilerName: GCC  CompilerVersion: 8.4.0
ProgramName: mris_curvature_stats  ProgramArguments: mris_curvature_stats -all-info  ProgramVersion: 7.3.2  TimeStamp: 2026/03/06-08:25:16-GMT  BuildTime: Aug  4 2022 06:17:15  BuildStamp: freesurfer-linux-ubuntu22_x86_64-7.3.2-20220804-6354275  User: oesteban  Machine: dna032  Platform: Linux  PlatformVersion: 5.14.0-427.37.1.el9_4.x86_64  CompilerName: GCC  CompilerVersion: 8.4.0
ProgramName: mris_diff  ProgramArguments: mris_diff -all-info  ProgramVersion: 7.3.2  TimeStamp: 2026/03/06-08:25:16-GMT  BuildTime: Aug  4 2022 06:17:15  BuildStamp: freesurfer-linux-ubuntu22_x86_64-7.3.2-20220804-6354275  User: oesteban  Machine: dna032  Platform: Linux  PlatformVersion: 5.14.0-427.37.1.el9_4.x86_64  CompilerName: GCC  CompilerVersion: 8.4.0
ProgramName: mris_divide_parcellation  ProgramArguments: mris_divide_parcellation -all-info  ProgramVersion: 7.3.2  TimeStamp: 2026/03/06-08:25:16-GMT  BuildTime: Aug  4 2022 06:17:15  BuildStamp: freesurfer-linux-ubuntu22_x86_64-7.3.2-20220804-6354275  User: oesteban  Machine: dna032  Platform: Linux  PlatformVersion: 5.14.0-427.37.1.el9_4.x86_64  CompilerName: GCC  CompilerVersion: 8.4.0
ProgramName: mri_segment  ProgramArguments: mri_segment -all-info  ProgramVersion: 7.3.2  TimeStamp: 2026/03/06-08:25:16-GMT  BuildTime: Aug  4 2022 06:17:15  BuildStamp: freesurfer-linux-ubuntu22_x86_64-7.3.2-20220804-6354275  User: oesteban  Machine: dna032  Platform: Linux  PlatformVersion: 5.14.0-427.37.1.el9_4.x86_64  CompilerName: GCC  CompilerVersion: 8.4.0
ProgramName: mri_segstats  ProgramArguments: mri_segstats -all-info  ProgramVersion: 7.3.2  TimeStamp: 2026/03/06-08:25:16-GMT  BuildTime: Aug  4 2022 06:17:15  BuildStamp: freesurfer-linux-ubuntu22_x86_64-7.3.2-20220804-6354275  User: oesteban  Machine: dna032  Platform: Linux  PlatformVersion: 5.14.0-427.37.1.el9_4.x86_64  CompilerName: GCC  CompilerVersion: 8.4.0
ProgramName: mris_euler_number  ProgramArguments: mris_euler_number -all-info  ProgramVersion: 7.3.2  TimeStamp: 2026/03/06-08:25:16-GMT  BuildTime: Aug  4 2022 06:17:15  BuildStamp: freesurfer-linux-ubuntu22_x86_64-7.3.2-20220804-6354275  User: oesteban  Machine: dna032  Platform: Linux  PlatformVersion: 5.14.0-427.37.1.el9_4.x86_64  CompilerName: GCC  CompilerVersion: 8.4.0
ProgramName: mris_fix_topology  ProgramArguments: mris_fix_topology -all-info  ProgramVersion: 7.3.2  TimeStamp: 2026/03/06-08:25:16-GMT  BuildTime: Aug  4 2022 06:17:15  BuildStamp: freesurfer-linux-ubuntu22_x86_64-7.3.2-20220804-6354275  User: oesteban  Machine: dna032  Platform: Linux  PlatformVersion: 5.14.0-427.37.1.el9_4.x86_64  CompilerName: GCC  CompilerVersion: 8.4.0
ProgramName: mris_topo_fixer  ProgramArguments: mris_topo_fixer -all-info  ProgramVersion: 7.3.2  TimeStamp: 2026/03/06-08:25:16-GMT  BuildTime: Aug  4 2022 06:17:15  BuildStamp: freesurfer-linux-ubuntu22_x86_64-7.3.2-20220804-6354275  User: oesteban  Machine: dna032  Platform: Linux  PlatformVersion: 5.14.0-427.37.1.el9_4.x86_64  CompilerName: GCC  CompilerVersion: 8.4.0
ProgramName: mris_jacobian  ProgramArguments: mris_jacobian -all-info  ProgramVersion: 7.3.2  TimeStamp: 2026/03/06-08:25:16-GMT  BuildTime: Aug  4 2022 06:17:15  BuildStamp: freesurfer-linux-ubuntu22_x86_64-7.3.2-20220804-6354275  User: oesteban  Machine: dna032  Platform: Linux  PlatformVersion: 5.14.0-427.37.1.el9_4.x86_64  CompilerName: GCC  CompilerVersion: 8.4.0
ProgramName: mris_label2annot  ProgramArguments: mris_label2annot -all-info  ProgramVersion: 7.3.2  TimeStamp: 2026/03/06-08:25:16-GMT  BuildTime: Aug  4 2022 06:17:15  BuildStamp: freesurfer-linux-ubuntu22_x86_64-7.3.2-20220804-6354275  User: oesteban  Machine: dna032  Platform: Linux  PlatformVersion: 5.14.0-427.37.1.el9_4.x86_64  CompilerName: GCC  CompilerVersion: 8.4.0
ProgramName: mris_left_right_register  ProgramArguments: mris_left_right_register -all-info  ProgramVersion: 7.3.2  TimeStamp: 2026/03/06-08:25:16-GMT  BuildTime: Aug  4 2022 06:17:15  BuildStamp: freesurfer-linux-ubuntu22_x86_64-7.3.2-20220804-6354275  User: oesteban  Machine: dna032  Platform: Linux  PlatformVersion: 5.14.0-427.37.1.el9_4.x86_64  CompilerName: GCC  CompilerVersion: 8.4.0
ProgramName: mris_place_surface  ProgramArguments: mris_place_surface -all-info  ProgramVersion: 7.3.2  TimeStamp: 2026/03/06-08:25:16-GMT  BuildTime: Aug  4 2022 06:17:15  BuildStamp: freesurfer-linux-ubuntu22_x86_64-7.3.2-20220804-6354275  User: oesteban  Machine: dna032  Platform: Linux  PlatformVersion: 5.14.0-427.37.1.el9_4.x86_64  CompilerName: GCC  CompilerVersion: 8.4.0
ProgramName: mrisp_paint  ProgramArguments: mrisp_paint -all-info  ProgramVersion: 7.3.2  TimeStamp: 2026/03/06-08:25:16-GMT  BuildTime: Aug  4 2022 06:17:15  BuildStamp: freesurfer-linux-ubuntu22_x86_64-7.3.2-20220804-6354275  User: oesteban  Machine: dna032  Platform: Linux  PlatformVersion: 5.14.0-427.37.1.el9_4.x86_64  CompilerName: GCC  CompilerVersion: 8.4.0
ProgramName: mris_register  ProgramArguments: mris_register -all-info  ProgramVersion: 7.3.2  TimeStamp: 2026/03/06-08:25:16-GMT  BuildTime: Aug  4 2022 06:17:15  BuildStamp: freesurfer-linux-ubuntu22_x86_64-7.3.2-20220804-6354275  User: oesteban  Machine: dna032  Platform: Linux  PlatformVersion: 5.14.0-427.37.1.el9_4.x86_64  CompilerName: GCC  CompilerVersion: 8.4.0
ProgramName: mris_smooth  ProgramArguments: mris_smooth -all-info  ProgramVersion: 7.3.2  TimeStamp: 2026/03/06-08:25:16-GMT  BuildTime: Aug  4 2022 06:17:15  BuildStamp: freesurfer-linux-ubuntu22_x86_64-7.3.2-20220804-6354275  User: oesteban  Machine: dna032  Platform: Linux  PlatformVersion: 5.14.0-427.37.1.el9_4.x86_64  CompilerName: GCC  CompilerVersion: 8.4.0
ProgramName: mris_sphere  ProgramArguments: mris_sphere -all-info  ProgramVersion: 7.3.2  TimeStamp: 2026/03/06-08:25:16-GMT  BuildTime: Aug  4 2022 06:17:15  BuildStamp: freesurfer-linux-ubuntu22_x86_64-7.3.2-20220804-6354275  User: oesteban  Machine: dna032  Platform: Linux  PlatformVersion: 5.14.0-427.37.1.el9_4.x86_64  CompilerName: GCC  CompilerVersion: 8.4.0
ProgramName: mris_surface_stats  ProgramArguments: mris_surface_stats -all-info  ProgramVersion: 7.3.2  TimeStamp: 2026/03/06-08:25:16-GMT  BuildTime: Aug  4 2022 06:17:15  BuildStamp: freesurfer-linux-ubuntu22_x86_64-7.3.2-20220804-6354275  User: oesteban  Machine: dna032  Platform: Linux  PlatformVersion: 5.14.0-427.37.1.el9_4.x86_64  CompilerName: GCC  CompilerVersion: 8.4.0
ProgramName: mri_stats2seg  ProgramArguments: mri_stats2seg -all-info  ProgramVersion: 7.3.2  TimeStamp: 2026/03/06-08:25:16-GMT  BuildTime: Aug  4 2022 06:17:15  BuildStamp: freesurfer-linux-ubuntu22_x86_64-7.3.2-20220804-6354275  User: oesteban  Machine: dna032  Platform: Linux  PlatformVersion: 5.14.0-427.37.1.el9_4.x86_64  CompilerName: GCC  CompilerVersion: 8.4.0
ProgramName: mris_thickness  ProgramArguments: mris_thickness -all-info  ProgramVersion: 7.3.2  TimeStamp: 2026/03/06-08:25:16-GMT  BuildTime: Aug  4 2022 06:17:15  BuildStamp: freesurfer-linux-ubuntu22_x86_64-7.3.2-20220804-6354275  User: oesteban  Machine: dna032  Platform: Linux  PlatformVersion: 5.14.0-427.37.1.el9_4.x86_64  CompilerName: GCC  CompilerVersion: 8.4.0
ProgramName: mris_thickness_diff  ProgramArguments: mris_thickness_diff -all-info  ProgramVersion: 7.3.2  TimeStamp: 2026/03/06-08:25:16-GMT  BuildTime: Aug  4 2022 06:17:15  BuildStamp: freesurfer-linux-ubuntu22_x86_64-7.3.2-20220804-6354275  User: oesteban  Machine: dna032  Platform: Linux  PlatformVersion: 5.14.0-427.37.1.el9_4.x86_64  CompilerName: GCC  CompilerVersion: 8.4.0
ProgramName: mris_topo_fixer  ProgramArguments: mris_topo_fixer -all-info  ProgramVersion: 7.3.2  TimeStamp: 2026/03/06-08:25:16-GMT  BuildTime: Aug  4 2022 06:17:15  BuildStamp: freesurfer-linux-ubuntu22_x86_64-7.3.2-20220804-6354275  User: oesteban  Machine: dna032  Platform: Linux  PlatformVersion: 5.14.0-427.37.1.el9_4.x86_64  CompilerName: GCC  CompilerVersion: 8.4.0
ProgramName: mri_surf2surf  ProgramArguments: mri_surf2surf -all-info  ProgramVersion: 7.3.2  TimeStamp: 2026/03/06-08:25:16-GMT  BuildTime: Aug  4 2022 06:17:15  BuildStamp: freesurfer-linux-ubuntu22_x86_64-7.3.2-20220804-6354275  User: oesteban  Machine: dna032  Platform: Linux  PlatformVersion: 5.14.0-427.37.1.el9_4.x86_64  CompilerName: GCC  CompilerVersion: 8.4.0
ProgramName: mri_surf2vol  ProgramArguments: mri_surf2vol -all-info  ProgramVersion: 7.3.2  TimeStamp: 2026/03/06-08:25:16-GMT  BuildTime: Aug  4 2022 06:17:15  BuildStamp: freesurfer-linux-ubuntu22_x86_64-7.3.2-20220804-6354275  User: oesteban  Machine: dna032  Platform: Linux  PlatformVersion: 5.14.0-427.37.1.el9_4.x86_64  CompilerName: GCC  CompilerVersion: 8.4.0
ProgramName: mri_surfcluster  ProgramArguments: mri_surfcluster -all-info  ProgramVersion: 7.3.2  TimeStamp: 2026/03/06-08:25:16-GMT  BuildTime: Aug  4 2022 06:17:15  BuildStamp: freesurfer-linux-ubuntu22_x86_64-7.3.2-20220804-6354275  User: oesteban  Machine: dna032  Platform: Linux  PlatformVersion: 5.14.0-427.37.1.el9_4.x86_64  CompilerName: GCC  CompilerVersion: 8.4.0
ProgramName: mris_volmask  ProgramArguments: mris_volmask -all-info  ProgramVersion: 7.3.2  TimeStamp: 2026/03/06-08:25:16-GMT  BuildTime: Aug  4 2022 06:17:15  BuildStamp: freesurfer-linux-ubuntu22_x86_64-7.3.2-20220804-6354275  User: oesteban  Machine: dna032  Platform: Linux  PlatformVersion: 5.14.0-427.37.1.el9_4.x86_64  CompilerName: GCC  CompilerVersion: 8.4.0
ProgramName: mri_tessellate  ProgramArguments: mri_tessellate -all-info  ProgramVersion: 7.3.2  TimeStamp: 2026/03/06-08:25:16-GMT  BuildTime: Aug  4 2022 06:17:15  BuildStamp: freesurfer-linux-ubuntu22_x86_64-7.3.2-20220804-6354275  User: oesteban  Machine: dna032  Platform: Linux  PlatformVersion: 5.14.0-427.37.1.el9_4.x86_64  CompilerName: GCC  CompilerVersion: 8.4.0
ProgramName: mri_vol2surf  ProgramArguments: mri_vol2surf -all-info  ProgramVersion: 7.3.2  TimeStamp: 2026/03/06-08:25:16-GMT  BuildTime: Aug  4 2022 06:17:15  BuildStamp: freesurfer-linux-ubuntu22_x86_64-7.3.2-20220804-6354275  User: oesteban  Machine: dna032  Platform: Linux  PlatformVersion: 5.14.0-427.37.1.el9_4.x86_64  CompilerName: GCC  CompilerVersion: 8.4.0
ProgramName: mri_vol2vol  ProgramArguments: mri_vol2vol -all-info  ProgramVersion: 7.3.2  TimeStamp: 2026/03/06-08:25:16-GMT  BuildTime: Aug  4 2022 06:17:15  BuildStamp: freesurfer-linux-ubuntu22_x86_64-7.3.2-20220804-6354275  User: oesteban  Machine: dna032  Platform: Linux  PlatformVersion: 5.14.0-427.37.1.el9_4.x86_64  CompilerName: GCC  CompilerVersion: 8.4.0
ProgramName: mri_voldiff  ProgramArguments: mri_voldiff -all-info  ProgramVersion: 7.3.2  TimeStamp: 2026/03/06-08:25:16-GMT  BuildTime: Aug  4 2022 06:17:15  BuildStamp: freesurfer-linux-ubuntu22_x86_64-7.3.2-20220804-6354275  User: oesteban  Machine: dna032  Platform: Linux  PlatformVersion: 5.14.0-427.37.1.el9_4.x86_64  CompilerName: GCC  CompilerVersion: 8.4.0
ProgramName: mri_watershed  ProgramArguments: mri_watershed -all-info  ProgramVersion: 7.3.2  TimeStamp: 2026/03/06-08:25:16-GMT  BuildTime: Aug  4 2022 06:17:15  BuildStamp: freesurfer-linux-ubuntu22_x86_64-7.3.2-20220804-6354275  User: oesteban  Machine: dna032  Platform: Linux  PlatformVersion: 5.14.0-427.37.1.el9_4.x86_64  CompilerName: GCC  CompilerVersion: 8.4.0
ProgramName: tkregister2  ProgramArguments: tkregister2_cmdl -all-info  ProgramVersion: 7.3.2  TimeStamp: 2026/03/06-08:25:16-GMT  BuildTime: Aug  4 2022 06:17:15  BuildStamp: freesurfer-linux-ubuntu22_x86_64-7.3.2-20220804-6354275  User: oesteban  Machine: dna032  Platform: Linux  PlatformVersion: 5.14.0-427.37.1.el9_4.x86_64  CompilerName: GCC  CompilerVersion: 8.4.0
mri_motion_correct.fsl 7.3.2
mri_convert -all-info 
ProgramName: mri_convert  ProgramArguments: mri_convert -all-info  ProgramVersion: 7.3.2  TimeStamp: 2026/03/06-08:25:16-GMT  BuildTime: Aug  4 2022 06:17:15  BuildStamp: freesurfer-linux-ubuntu22_x86_64-7.3.2-20220804-6354275  User: oesteban  Machine: dna032  Platform: Linux  PlatformVersion: 5.14.0-427.37.1.el9_4.x86_64  CompilerName: GCC  CompilerVersion: 8.4.0
Program nu_correct, built from:
Package MNI N3, version 1.12.0, compiled by nicks@terrier (x86_64-unknown-linux-gnu) on 2015-06-19 at 01:25:34
#######################################
GCADIR /opt/freesurfer/average
GCA RB_all_2020-01-02.gca
GCASkull RB_all_withskull_2020_01_02.gca
AvgCurvTif folding.atlas.acfb40.noaparc.i12.2016-08-02.tif
GCSDIR /opt/freesurfer/average
GCS DKaparc.atlas.acfb40.noaparc.i12.2016-08-02.gcs
#######################################
#--------------------------------------------
#@# WhiteSurfs lh Fri Mar  6 09:25:16 CET 2026
cd /out/sourcedata/freesurfer/sub-v1s10x0050994_ses-1/mri
mris_place_surface --adgws-in ../surf/autodet.gw.stats.lh.dat --seg aseg.presurf.mgz --threads 16 --wm wm.mgz --invol brain.finalsurfs.mgz --lh --i ../surf/lh.white.preaparc --o ../surf/lh.white --white --nsmooth 0 --rip-label ../label/lh.cortex.label --rip-bg --rip-surf ../surf/lh.white.preaparc --aparc ../label/lh.aparc.annot
   Update not needed
#--------------------------------------------
#@# WhiteSurfs rh Fri Mar  6 09:25:16 CET 2026
cd /out/sourcedata/freesurfer/sub-v1s10x0050994_ses-1/mri
mris_place_surface --adgws-in ../surf/autodet.gw.stats.rh.dat --seg aseg.presurf.mgz --threads 16 --wm wm.mgz --invol brain.finalsurfs.mgz --rh --i ../surf/rh.white.preaparc --o ../surf/rh.white --white --nsmooth 0 --rip-label ../label/rh.cortex.label --rip-bg --rip-surf ../surf/rh.white.preaparc --aparc ../label/rh.aparc.annot
   Update not needed
#@# white curv lh Fri Mar  6 09:25:16 CET 2026
cd /out/sourcedata/freesurfer/sub-v1s10x0050994_ses-1/mri
mris_place_surface --curv-map ../surf/lh.white 2 10 ../surf/lh.curv
   Update not needed
#@# white area lh Fri Mar  6 09:25:16 CET 2026
cd /out/sourcedata/freesurfer/sub-v1s10x0050994_ses-1/mri
mris_place_surface --area-map ../surf/lh.white ../surf/lh.area
   Update not needed
#@# pial curv lh Fri Mar  6 09:25:16 CET 2026
cd /out/sourcedata/freesurfer/sub-v1s10x0050994_ses-1/mri
mris_place_surface --curv-map ../surf/lh.pial 2 10 ../surf/lh.curv.pial
   Update not needed
#@# pial area lh Fri Mar  6 09:25:16 CET 2026
cd /out/sourcedata/freesurfer/sub-v1s10x0050994_ses-1/mri
mris_place_surface --area-map ../surf/lh.pial ../surf/lh.area.pial
   Update not needed
#@# thickness lh Fri Mar  6 09:25:16 CET 2026
cd /out/sourcedata/freesurfer/sub-v1s10x0050994_ses-1/mri
mris_place_surface --thickness ../surf/lh.white ../surf/lh.pial 20 5 ../surf/lh.thickness
   Update not needed
#@# area and vertex vol lh Fri Mar  6 09:25:16 CET 2026
cd /out/sourcedata/freesurfer/sub-v1s10x0050994_ses-1/mri
mris_place_surface --thickness ../surf/lh.white ../surf/lh.pial 20 5 ../surf/lh.thickness
   Update not needed
#@# white curv rh Fri Mar  6 09:25:16 CET 2026
cd /out/sourcedata/freesurfer/sub-v1s10x0050994_ses-1/mri
mris_place_surface --curv-map ../surf/rh.white 2 10 ../surf/rh.curv
   Update not needed
#@# white area rh Fri Mar  6 09:25:16 CET 2026
cd /out/sourcedata/freesurfer/sub-v1s10x0050994_ses-1/mri
mris_place_surface --area-map ../surf/rh.white ../surf/rh.area
   Update not needed
#@# pial curv rh Fri Mar  6 09:25:16 CET 2026
cd /out/sourcedata/freesurfer/sub-v1s10x0050994_ses-1/mri
mris_place_surface --curv-map ../surf/rh.pial 2 10 ../surf/rh.curv.pial
   Update not needed
#@# pial area rh Fri Mar  6 09:25:16 CET 2026
cd /out/sourcedata/freesurfer/sub-v1s10x0050994_ses-1/mri
mris_place_surface --area-map ../surf/rh.pial ../surf/rh.area.pial
   Update not needed
#@# thickness rh Fri Mar  6 09:25:16 CET 2026
cd /out/sourcedata/freesurfer/sub-v1s10x0050994_ses-1/mri
mris_place_surface --thickness ../surf/rh.white ../surf/rh.pial 20 5 ../surf/rh.thickness
   Update not needed
#@# area and vertex vol rh Fri Mar  6 09:25:17 CET 2026
cd /out/sourcedata/freesurfer/sub-v1s10x0050994_ses-1/mri
mris_place_surface --thickness ../surf/rh.white ../surf/rh.pial 20 5 ../surf/rh.thickness
   Update not needed

#-----------------------------------------
#@# Curvature Stats lh Fri Mar  6 09:25:17 CET 2026
/out/sourcedata/freesurfer/sub-v1s10x0050994_ses-1/surf

 mris_curvature_stats -m --writeCurvatureFiles -G -o ../stats/lh.curv.stats -F smoothwm sub-v1s10x0050994_ses-1 lh curv sulc 

             Toggling save flag on curvature files                       [ ok ]
                 Outputting results using filestem   [ ../stats/lh.curv.stats ]
             Toggling save flag on curvature files                       [ ok ]
                                   Setting surface [ sub-v1s10x0050994_ses-1/lh.smoothwm ]
                                Reading surface...                       [ ok ]
                                   Setting texture                     [ curv ]
                                Reading texture...                       [ ok ]
                                   Setting texture                     [ sulc ]
                                Reading texture...Gb_filter = 0
                       [ ok ]
      Calculating Discrete Principal Curvatures...
      Determining geometric order for vno faces... [####################] [ ok ]
                      Determining KH curvatures... [####################] [ ok ]
                    Determining k1k2 curvatures... [####################] [ ok ]
                                   deltaViolations                      [ 248 ]
Gb_filter = 0

#-----------------------------------------
#@# Curvature Stats rh Fri Mar  6 09:25:19 CET 2026
/out/sourcedata/freesurfer/sub-v1s10x0050994_ses-1/surf

 mris_curvature_stats -m --writeCurvatureFiles -G -o ../stats/rh.curv.stats -F smoothwm sub-v1s10x0050994_ses-1 rh curv sulc 

             Toggling save flag on curvature files                       [ ok ]
                 Outputting results using filestem   [ ../stats/rh.curv.stats ]
             Toggling save flag on curvature files                       [ ok ]
                                   Setting surface [ sub-v1s10x0050994_ses-1/rh.smoothwm ]
                                Reading surface...                       [ ok ]
                                   Setting texture                     [ curv ]
                                Reading texture...                       [ ok ]
                                   Setting texture                     [ sulc ]
                                Reading texture...Gb_filter = 0
                       [ ok ]
      Calculating Discrete Principal Curvatures...
      Determining geometric order for vno faces... [####################] [ ok ]
                      Determining KH curvatures... [####################] [ ok ]
                    Determining k1k2 curvatures... [####################] [ ok ]
                                   deltaViolations                      [ 235 ]
Gb_filter = 0

WARN:    S lookup   min:                          -0.025173
WARN:    S explicit min:                          0.000000	vertex = 392
#-----------------------------------------
#@# Relabel Hypointensities Fri Mar  6 09:25:22 CET 2026
/out/sourcedata/freesurfer/sub-v1s10x0050994_ses-1/mri

 mri_relabel_hypointensities aseg.presurf.mgz ../surf aseg.presurf.hypos.mgz 

reading input surface ../surf/lh.white...
relabeling lh hypointensities...
4651 voxels changed to hypointensity...
reading input surface ../surf/rh.white...
relabeling rh hypointensities...
3231 voxels changed to hypointensity...
7975 hypointense voxels neighboring cortex changed
#-----------------------------------------
#@# APas-to-ASeg Fri Mar  6 09:25:37 CET 2026
/out/sourcedata/freesurfer/sub-v1s10x0050994_ses-1/mri

 mri_surf2volseg --o aseg.mgz --i aseg.presurf.hypos.mgz --fix-presurf-with-ribbon /out/sourcedata/freesurfer/sub-v1s10x0050994_ses-1/mri/ribbon.mgz --threads 16 --lh-cortex-mask /out/sourcedata/freesurfer/sub-v1s10x0050994_ses-1/label/lh.cortex.label --lh-white /out/sourcedata/freesurfer/sub-v1s10x0050994_ses-1/surf/lh.white --lh-pial /out/sourcedata/freesurfer/sub-v1s10x0050994_ses-1/surf/lh.pial --rh-cortex-mask /out/sourcedata/freesurfer/sub-v1s10x0050994_ses-1/label/rh.cortex.label --rh-white /out/sourcedata/freesurfer/sub-v1s10x0050994_ses-1/surf/rh.white --rh-pial /out/sourcedata/freesurfer/sub-v1s10x0050994_ses-1/surf/rh.pial 

SUBJECTS_DIR /out/sourcedata/freesurfer
outvol aseg.mgz
16 avail.processors, using 16
Loading aseg.presurf.hypos.mgz
Loading /out/sourcedata/freesurfer/sub-v1s10x0050994_ses-1/mri/ribbon.mgz
Loading /out/sourcedata/freesurfer/sub-v1s10x0050994_ses-1/surf/lh.white
Loading /out/sourcedata/freesurfer/sub-v1s10x0050994_ses-1/surf/lh.pial
Loading /out/sourcedata/freesurfer/sub-v1s10x0050994_ses-1/label/lh.cortex.label
Loading /out/sourcedata/freesurfer/sub-v1s10x0050994_ses-1/surf/rh.white
Loading /out/sourcedata/freesurfer/sub-v1s10x0050994_ses-1/surf/rh.pial
Loading /out/sourcedata/freesurfer/sub-v1s10x0050994_ses-1/label/rh.cortex.label
Done loading
176 128  80 112  16  96 208  64 192 224   0 160 144  48  32 240 209 225  17   1 241  33  49  65 210  81 226   2 242  18 113  34 211  50  97 227 243  66  35  19 
193 212  51 228   3  82 244  36  20 145 229 213  52 245 177  67 161  37 194   4  21 214 230 246  53  83  38  22 215 231 247  68   5  54  39 
216  23 248 232 195   6 146  55  40 217  24 249   7 233 218  56  41  25 250   8 234 219 
196  57  42  84 251 178   9  26 114 129 235 220  98  58  69 252  10  43 221  27 236  11 253  44  59 
147 222 162 237  28  12 254  85  70  45 223 197 238  29 255  13  46  60 239 
 30  14  47  99 
198  31 179 
 61  15  71 199 
163 148  62 200  72 201  86 180 115 100  63 130 149 164 202  73 181 203 150 165 116 101 204 205 182  87  74 206 166 151 207 117 102 183  75  88 131 167 152 118 184 103  76  89 168 185 153  77  90 119 
104 186 169 154 187  91  78 105 120 188 170  79 
 92 155 132 189 106  93 121 171 190 156 107 191  94 172 122 157 108  95 123 133 173 109 158 124 174 110 159 
125 134 175 111 126 135 127 136 137 138 139 
140 141 142 143 
nrelabeled = 159227
ndotcheck = 0
Starting Surf2VolSeg free
free done
#VMPC# mri_surf2volseg VmPeak  1927436
mri_surf2volseg done

 mri_brainvol_stats sub-v1s10x0050994_ses-1 

ComputeBrainVolumeStats2 VoxelVol=1, KeepCSF=1
  #CBVS2 MaskVol              1452402.0
  #CBVS2 BrainSegVol          1145168.0
  #CBVS2 BrainSegVolNotVent   1131623.0
  #CBVS2 SupraTentVol         1054936.0
  #CBVS2 SupraTentVolNotVent  1041391.0
  #CBVS2 lhCtxGM               250765.2
  #CBVS2 rhCtxGM               255177.0
  #CBVS2 lhCerebralWM          238327.5
  #CBVS2 rhCerebralWM          238530.5
  #CBVS2 SubCortGMVol           60343.0
  #CBVS2 CerebellumVol          90232.0
  #CBVS2 CerebellumGMVol        71151.0
  #CBVS2 VentChorVol            11009.0
  #CBVS2 3rd4th5thCSF            2536.0
  #CBVS2 AllCSF                 13545.0
  #CBVS2 CCVol                   3971.0
#-----------------------------------------
#@# AParc-to-ASeg aparc Fri Mar  6 09:25:46 CET 2026
/out/sourcedata/freesurfer/sub-v1s10x0050994_ses-1/mri

 mri_surf2volseg --o aparc+aseg.mgz --label-cortex --i aseg.mgz --threads 16 --lh-annot /out/sourcedata/freesurfer/sub-v1s10x0050994_ses-1/label/lh.aparc.annot 1000 --lh-cortex-mask /out/sourcedata/freesurfer/sub-v1s10x0050994_ses-1/label/lh.cortex.label --lh-white /out/sourcedata/freesurfer/sub-v1s10x0050994_ses-1/surf/lh.white --lh-pial /out/sourcedata/freesurfer/sub-v1s10x0050994_ses-1/surf/lh.pial --rh-annot /out/sourcedata/freesurfer/sub-v1s10x0050994_ses-1/label/rh.aparc.annot 2000 --rh-cortex-mask /out/sourcedata/freesurfer/sub-v1s10x0050994_ses-1/label/rh.cortex.label --rh-white /out/sourcedata/freesurfer/sub-v1s10x0050994_ses-1/surf/rh.white --rh-pial /out/sourcedata/freesurfer/sub-v1s10x0050994_ses-1/surf/rh.pial 

SUBJECTS_DIR /out/sourcedata/freesurfer
outvol aparc+aseg.mgz
16 avail.processors, using 16
Loading aseg.mgz
Loading /out/sourcedata/freesurfer/sub-v1s10x0050994_ses-1/surf/lh.white
Loading /out/sourcedata/freesurfer/sub-v1s10x0050994_ses-1/surf/lh.pial
Loading /out/sourcedata/freesurfer/sub-v1s10x0050994_ses-1/label/lh.cortex.label
Ripping lh vertices labeled not in lh.cortex.label
  ripped 8201 vertices from lh hemi
Loading /out/sourcedata/freesurfer/sub-v1s10x0050994_ses-1/label/lh.aparc.annot
Loading /out/sourcedata/freesurfer/sub-v1s10x0050994_ses-1/surf/rh.white
Loading /out/sourcedata/freesurfer/sub-v1s10x0050994_ses-1/surf/rh.pial
Loading /out/sourcedata/freesurfer/sub-v1s10x0050994_ses-1/label/rh.cortex.label
Ripping rh vertices labeled not in rh.cortex.label
  ripped 8161 vertices from rh hemi
Loading /out/sourcedata/freesurfer/sub-v1s10x0050994_ses-1/label/rh.aparc.annot
Done loading
224 160  96  48 176 144  16 192  64   0 128  32 112  80 240 208 241  17   1 209  49   2 225 210 242   3  18  33 243  50 211   4  34 226   5  19 
227 212   6  20  35  51   7  21 213   8 228  22 244  36   9  23 214  37  10  52  24 229  11 245  53 230  12  38 231  25  13  39 
215 232 246  40  14 233  54  41  15 234  26  42 235 216  27 236 247  55 237 248  43  28 217 218  56 238 249  44 219 
 65 250  29 220 239 
 45 221 222 251  57  30 223 252  46  58 253  47  31 254  59 
255  60  61  62 193  66 194  63 195  67 196 197 198 199 
200 201 202 203 204 205 206 207  68 145  81 161  97  69 129 113 177  70 146 162 130  71  82  98 147 178 114 131 163  72 148  99 
 83 132 179 
164  73 115 149 100 133 180 165  74  84 150 116 181 101  75 166 151 134  85 182 117  76 102 152 167 135 183 118  86  77 103 153 184 168 119 
136 185  78 104  87 154 186 169 120 105 187  79 
137 188 155 170  88 121 189 106 190 191 156 138 171 107 122  89 157 108 172 123 139 
158  90 109 173 159 
110 124 140  91 174 111  92 141 175 125 142  93 126 143  94 127  95 
nrelabeled = 504160
ndotcheck = 38745
Starting Surf2VolSeg free
free done
#VMPC# mri_surf2volseg VmPeak  1911620
mri_surf2volseg done
#-----------------------------------------
#@# AParc-to-ASeg aparc.a2009s Fri Mar  6 09:26:20 CET 2026
/out/sourcedata/freesurfer/sub-v1s10x0050994_ses-1/mri

 mri_surf2volseg --o aparc.a2009s+aseg.mgz --label-cortex --i aseg.mgz --threads 16 --lh-annot /out/sourcedata/freesurfer/sub-v1s10x0050994_ses-1/label/lh.aparc.a2009s.annot 11100 --lh-cortex-mask /out/sourcedata/freesurfer/sub-v1s10x0050994_ses-1/label/lh.cortex.label --lh-white /out/sourcedata/freesurfer/sub-v1s10x0050994_ses-1/surf/lh.white --lh-pial /out/sourcedata/freesurfer/sub-v1s10x0050994_ses-1/surf/lh.pial --rh-annot /out/sourcedata/freesurfer/sub-v1s10x0050994_ses-1/label/rh.aparc.a2009s.annot 12100 --rh-cortex-mask /out/sourcedata/freesurfer/sub-v1s10x0050994_ses-1/label/rh.cortex.label --rh-white /out/sourcedata/freesurfer/sub-v1s10x0050994_ses-1/surf/rh.white --rh-pial /out/sourcedata/freesurfer/sub-v1s10x0050994_ses-1/surf/rh.pial 

SUBJECTS_DIR /out/sourcedata/freesurfer
outvol aparc.a2009s+aseg.mgz
16 avail.processors, using 16
Loading aseg.mgz
Loading /out/sourcedata/freesurfer/sub-v1s10x0050994_ses-1/surf/lh.white
Loading /out/sourcedata/freesurfer/sub-v1s10x0050994_ses-1/surf/lh.pial
Loading /out/sourcedata/freesurfer/sub-v1s10x0050994_ses-1/label/lh.cortex.label
Ripping lh vertices labeled not in lh.cortex.label
  ripped 8201 vertices from lh hemi
Loading /out/sourcedata/freesurfer/sub-v1s10x0050994_ses-1/label/lh.aparc.a2009s.annot
Loading /out/sourcedata/freesurfer/sub-v1s10x0050994_ses-1/surf/rh.white
Loading /out/sourcedata/freesurfer/sub-v1s10x0050994_ses-1/surf/rh.pial
Loading /out/sourcedata/freesurfer/sub-v1s10x0050994_ses-1/label/rh.cortex.label
Ripping rh vertices labeled not in rh.cortex.label
  ripped 8161 vertices from rh hemi
Loading /out/sourcedata/freesurfer/sub-v1s10x0050994_ses-1/label/rh.aparc.a2009s.annot
Done loading
  0 208 128  64  80 112 176 224 192 144  32  96 160  16  48 240  17  33 225 209  49   1  18 241  34 226 210   2  19 
242  50  35 227   3 211  20  51  36   4 228 212  21 243   5 229  37  22 213  52 244   6  23 230  38 214   7  24  53 231 245  39 
  8  25  54 232  40 215   9  26 246  10 233  41  27  55  11 234 216  42  28  12 247 235  43  29  56  13 248 217 236  57  30  44  14 249  58  31 237  45  15 250  59 
238  46 251 239 
 60  47 218 252  61 253 219 
254 220  65 221 255 222  62 223 193 194  63 195  66 196 197 198 199 
200 201 202 203 204 205 206 207 145  67 161  68  97 177 146  69  81 129 113  70 162 147  98 178 130  71 114 148 163  82 131  99 
 72 179 
149 164 115 132  73 180  83 100 150 116 165 133  74 181 101 151  84  75 117 182 166 102 134 152  76 183 118  85 103 167 153 184  77 119 
135 185 104  86 168 120  78 186 154 187 105 136 188 121  79 
169  87 189 155 106 190 122 191 170 107 137  88 156 123 108 171 157  89 109 138 124 158 172 110  90 125 159 
139 
111 173  91 174 126 140  92 175 141 127  93 142  94 143  95 
nrelabeled = 504160
ndotcheck = 38745
Starting Surf2VolSeg free
free done
#VMPC# mri_surf2volseg VmPeak  1911716
mri_surf2volseg done
#-----------------------------------------
#@# AParc-to-ASeg aparc.DKTatlas Fri Mar  6 09:26:54 CET 2026
/out/sourcedata/freesurfer/sub-v1s10x0050994_ses-1/mri

 mri_surf2volseg --o aparc.DKTatlas+aseg.mgz --label-cortex --i aseg.mgz --threads 16 --lh-annot /out/sourcedata/freesurfer/sub-v1s10x0050994_ses-1/label/lh.aparc.DKTatlas.annot 1000 --lh-cortex-mask /out/sourcedata/freesurfer/sub-v1s10x0050994_ses-1/label/lh.cortex.label --lh-white /out/sourcedata/freesurfer/sub-v1s10x0050994_ses-1/surf/lh.white --lh-pial /out/sourcedata/freesurfer/sub-v1s10x0050994_ses-1/surf/lh.pial --rh-annot /out/sourcedata/freesurfer/sub-v1s10x0050994_ses-1/label/rh.aparc.DKTatlas.annot 2000 --rh-cortex-mask /out/sourcedata/freesurfer/sub-v1s10x0050994_ses-1/label/rh.cortex.label --rh-white /out/sourcedata/freesurfer/sub-v1s10x0050994_ses-1/surf/rh.white --rh-pial /out/sourcedata/freesurfer/sub-v1s10x0050994_ses-1/surf/rh.pial 

SUBJECTS_DIR /out/sourcedata/freesurfer
outvol aparc.DKTatlas+aseg.mgz
16 avail.processors, using 16
Loading aseg.mgz
Loading /out/sourcedata/freesurfer/sub-v1s10x0050994_ses-1/surf/lh.white
Loading /out/sourcedata/freesurfer/sub-v1s10x0050994_ses-1/surf/lh.pial
Loading /out/sourcedata/freesurfer/sub-v1s10x0050994_ses-1/label/lh.cortex.label
Ripping lh vertices labeled not in lh.cortex.label
  ripped 8201 vertices from lh hemi
Loading /out/sourcedata/freesurfer/sub-v1s10x0050994_ses-1/label/lh.aparc.DKTatlas.annot
Loading /out/sourcedata/freesurfer/sub-v1s10x0050994_ses-1/surf/rh.white
Loading /out/sourcedata/freesurfer/sub-v1s10x0050994_ses-1/surf/rh.pial
Loading /out/sourcedata/freesurfer/sub-v1s10x0050994_ses-1/label/rh.cortex.label
Ripping rh vertices labeled not in rh.cortex.label
  ripped 8161 vertices from rh hemi
Loading /out/sourcedata/freesurfer/sub-v1s10x0050994_ses-1/label/rh.aparc.DKTatlas.annot
Done loading
 32  48 160 144 128  80 192  16 112 208 224   0  64 176  96 240   1  33 209  49  17 225 241  34  50 210 226  35   2 211  36 242 212  51   3  18 213 227   4 243 214  37  19 
  5 215 228  20  52 216 244   6  38 217  21 229 245   7  53  39 
218 230 246 219 
231  22  54 220 232  40 221 247  23 233 222   8 234  24 248 223 235 249  41  55 236 250   9 237  25 251 238 252  42  56 239 
253  10  26 254  43  57  11  27 255  58  44  12  28  59 
 45  13  29  46  14  47  30  60  65  15  31  61 193  62 194  63 195  66 196 197 198 199 
200 201 202 203 204 205 206 207  67 145  68 161  81  97  69 129 113 146 177  70 162 147  71  82 130  98 114 178 163 148  72 131  83 149  99 
115 164  73 132 179 
150 165  74 116  84 100 133 151 180  75 166 152 117 181  85 101 134  76 167 182 153 118 102  86 183  77 168 154 135 119 
184 169 155  78 185 103 120  87 136 186 170 156 187  79 
188 104 121  88 189 157 171 137 190 191 158 122 105 172  89 159 
138 173 106 123 174  90 139 
107 124 175 108  91 140 125 109 141  92 110 126 142 111  93 143 127  94  95 
nrelabeled = 504160
ndotcheck = 38745
Starting Surf2VolSeg free
free done
#VMPC# mri_surf2volseg VmPeak  1911628
mri_surf2volseg done
#-----------------------------------------
#@# WMParc Fri Mar  6 09:27:35 CET 2026
/out/sourcedata/freesurfer/sub-v1s10x0050994_ses-1/mri

 mri_surf2volseg --o wmparc.mgz --label-wm --i aparc+aseg.mgz --threads 16 --lh-annot /out/sourcedata/freesurfer/sub-v1s10x0050994_ses-1/label/lh.aparc.annot 3000 --lh-cortex-mask /out/sourcedata/freesurfer/sub-v1s10x0050994_ses-1/label/lh.cortex.label --lh-white /out/sourcedata/freesurfer/sub-v1s10x0050994_ses-1/surf/lh.white --lh-pial /out/sourcedata/freesurfer/sub-v1s10x0050994_ses-1/surf/lh.pial --rh-annot /out/sourcedata/freesurfer/sub-v1s10x0050994_ses-1/label/rh.aparc.annot 4000 --rh-cortex-mask /out/sourcedata/freesurfer/sub-v1s10x0050994_ses-1/label/rh.cortex.label --rh-white /out/sourcedata/freesurfer/sub-v1s10x0050994_ses-1/surf/rh.white --rh-pial /out/sourcedata/freesurfer/sub-v1s10x0050994_ses-1/surf/rh.pial 

SUBJECTS_DIR /out/sourcedata/freesurfer
outvol wmparc.mgz
16 avail.processors, using 16
Loading aparc+aseg.mgz
Loading /out/sourcedata/freesurfer/sub-v1s10x0050994_ses-1/surf/lh.white
Loading /out/sourcedata/freesurfer/sub-v1s10x0050994_ses-1/surf/lh.pial
Loading /out/sourcedata/freesurfer/sub-v1s10x0050994_ses-1/label/lh.cortex.label
Ripping lh vertices labeled not in lh.cortex.label
  ripped 8201 vertices from lh hemi
Loading /out/sourcedata/freesurfer/sub-v1s10x0050994_ses-1/label/lh.aparc.annot
Loading /out/sourcedata/freesurfer/sub-v1s10x0050994_ses-1/surf/rh.white
Loading /out/sourcedata/freesurfer/sub-v1s10x0050994_ses-1/surf/rh.pial
Loading /out/sourcedata/freesurfer/sub-v1s10x0050994_ses-1/label/rh.cortex.label
Ripping rh vertices labeled not in rh.cortex.label
  ripped 8161 vertices from rh hemi
Loading /out/sourcedata/freesurfer/sub-v1s10x0050994_ses-1/label/rh.aparc.annot
Done loading
192  96 240 144  32  80 224 176 160 112 208  16 128   0  48  64  17 241  33 209  49 225  18   1 242  34  50 210 226  65  19 
  2 243  35  51 211 227  20   3 193 244 212  36 228  66 194  52  21   4 245 213 229  53  37 246  67 214 230  54 195  22   5 247 215  55 231 196   6  38  68  56 248 216 197  23   7  57  39 
249 232 217 198  24   8  58  40 250  69 233 218 199 
 25  81   9  59 
251  41 234  26  60 219 
 10 200  42 235  61  70  11 201 220  27  43  12 236 202  28 221 252  62  13  44 237 253 222  14  71 203  45 238  29  15  63 223 204  46 239 
205  30 254  47 206  31 207  72 255 177 129  82  97  73 161 178 130  74 145 131  83 113 179 
132  75 180 133  84 162  76  98 181 134  77  85 146 182 135 114 163 183  78 136  99 
 86 184 185  79 
186 164 147 187 137 115 188  87 189 190 191 100  88 165 138 148 116  89 166 139 
101  90 149 167 117 140  91 168 102 141 150 118 169  92 103 142 170 151 119 
171  93 143 104 152 120 172  94 173 121 105 153 174  95 122 175 154 123 106 155 124 125 156 107 126 157 127 158 108 159 
109 110 111 
nrelabeled = 472887
ndotcheck = 3610
Starting Surf2VolSeg free
free done
#VMPC# mri_surf2volseg VmPeak  1911620
mri_surf2volseg done

 mri_segstats --seed 1234 --seg mri/wmparc.mgz --sum stats/wmparc.stats --pv mri/norm.mgz --excludeid 0 --brainmask mri/brainmask.mgz --in mri/norm.mgz --in-intensity-name norm --in-intensity-units MR --subject sub-v1s10x0050994_ses-1 --surf-wm-vol --ctab /opt/freesurfer/WMParcStatsLUT.txt --etiv 

setting seed for random number genererator to 1234

7.3.2
cwd 
cmdline mri_segstats --seed 1234 --seg mri/wmparc.mgz --sum stats/wmparc.stats --pv mri/norm.mgz --excludeid 0 --brainmask mri/brainmask.mgz --in mri/norm.mgz --in-intensity-name norm --in-intensity-units MR --subject sub-v1s10x0050994_ses-1 --surf-wm-vol --ctab /opt/freesurfer/WMParcStatsLUT.txt --etiv 
sysname  Linux
hostname dna032
machine  x86_64
user     oesteban
whitesurfname  white
UseRobust  0
atlas_icv (eTIV) = 1044757 mm^3    (det: 1.864648 )
Loading mri/wmparc.mgz
Getting Brain Volume Statistics
Loading mri/norm.mgz
Loading mri/norm.mgz
Voxel Volume is 1 mm^3
Generating list of segmentation ids
Found 390 segmentations
Computing statistics for each segmentation

Reporting on  70 segmentations
Using PrintSegStat
mri_segstats done
#--------------------------------------------
#@# ASeg Stats Fri Mar  6 09:31:43 CET 2026
/out/sourcedata/freesurfer/sub-v1s10x0050994_ses-1

 mri_segstats --seed 1234 --seg mri/aseg.mgz --sum stats/aseg.stats --pv mri/norm.mgz --empty --brainmask mri/brainmask.mgz --brain-vol-from-seg --excludeid 0 --excl-ctxgmwm --supratent --subcortgray --in mri/norm.mgz --in-intensity-name norm --in-intensity-units MR --etiv --surf-wm-vol --surf-ctx-vol --totalgray --euler --ctab /opt/freesurfer/ASegStatsLUT.txt --subject sub-v1s10x0050994_ses-1 

setting seed for random number genererator to 1234

7.3.2
cwd 
cmdline mri_segstats --seed 1234 --seg mri/aseg.mgz --sum stats/aseg.stats --pv mri/norm.mgz --empty --brainmask mri/brainmask.mgz --brain-vol-from-seg --excludeid 0 --excl-ctxgmwm --supratent --subcortgray --in mri/norm.mgz --in-intensity-name norm --in-intensity-units MR --etiv --surf-wm-vol --surf-ctx-vol --totalgray --euler --ctab /opt/freesurfer/ASegStatsLUT.txt --subject sub-v1s10x0050994_ses-1 
sysname  Linux
hostname dna032
machine  x86_64
user     oesteban
whitesurfname  white
UseRobust  0
atlas_icv (eTIV) = 1044757 mm^3    (det: 1.864648 )
Computing euler number
orig.nofix lheno =  -48, rheno = -18
orig.nofix lhholes =   25, rhholes = 10
Loading mri/aseg.mgz
Getting Brain Volume Statistics
Loading mri/norm.mgz
Loading mri/norm.mgz
Voxel Volume is 1 mm^3
Generating list of segmentation ids
Found  50 segmentations
Computing statistics for each segmentation

Reporting on  45 segmentations
Using PrintSegStat
mri_segstats done

Started at Fri Mar 6 09:25:16 CET 2026 
Ended   at Fri Mar 6 09:32:27 CET 2026
#@#%# recon-all-run-time-hours 0.120
recon-all -s sub-v1s10x0050994_ses-1 finished without error at Fri Mar  6 09:32:27 CET 2026
