#!ascii label  , from subject sub-v1s20x0050286_ses-1 vox2ras=TkReg
2886
23684  8.041  -32.724  51.516 0.2222220004
117787  8.479  -32.474  50.860 0.2222220004
23682  9.737  -32.944  51.093 0.2222220004
23683  8.980  -32.706  51.363 0.2222220004
22816  8.631  -33.065  52.118 0.2222220004
22823  10.285  -33.538  50.757 0.1111110002
22814  10.422  -33.335  51.482 0.2222220004
22815  9.598  -33.041  51.919 0.2222220004
22817  6.898  -32.697  51.491 0.2222220004
22806  10.285  -33.216  52.305 0.2222220004
22795  10.515  -33.286  52.786 0.1111110002
22796  9.754  -33.329  53.021 0.1111110002
22807  9.255  -33.267  52.647 0.2222220004
23672  10.069  -33.038  53.426 0.1111110002
23662  9.635  -32.394  53.810 0.2222220004
22789  9.376  -32.957  53.461 0.1111110002
22808  8.267  -33.286  52.704 0.2222220004
104133  8.907  -33.305  53.122 0.2222220004
22797  7.977  -33.254  53.115 0.2222220004
100604  7.592  -33.022  52.188 0.2222220004
21912  11.970  -33.841  51.343 0.1111110002
104382  11.637  -33.463  51.861 0.1111110002
22805  11.023  -33.374  52.055 0.1111110002
22794  11.236  -33.302  52.538 0.1111110002
23671  10.791  -33.068  53.296 0.1111110002
23661  10.291  -32.424  53.820 0.3333329856
24516  9.802  -31.643  54.095 0.3333329856
118843  9.063  -32.409  53.755 0.4444440007
22790  8.612  -32.837  53.478 0.3333329856
23663  8.365  -32.018  53.828 0.4444440007
22791  7.743  -32.727  53.419 0.4444440007
22809  7.285  -33.148  52.616 0.2222220004
100940  6.657  -32.806  52.100 0.2222220004
121200  6.955  -32.615  53.265 0.4444440007
22798  7.034  -33.110  53.020 0.3333329856
22799  6.342  -32.663  52.832 0.2222220004
101957  6.465  -32.802  52.437 0.2222220004
22810  5.812  -32.429  51.909 0.2222220004
22793  11.943  -33.339  52.360 0.1111110002
116603  11.651  -32.526  53.655 0.1111110002
23670  11.623  -33.059  53.143 0.1111110002
23660  11.019  -32.491  53.753 0.1111110002
24507  10.054  -30.779  54.301 0.3333329856
24508  9.307  -30.931  54.000 0.3333329856
23657  8.578  -31.063  53.891 0.4444440007
23658  7.789  -31.115  53.830 0.4444440007
24517  6.979  -31.088  53.693 0.4444440007
100999  5.962  -32.457  52.314 0.2222220004
22800  5.484  -32.178  52.105 0.2222220004
104931  12.330  -33.163  52.792 0.1111110002
29598  16.262  -25.675  52.934 0.4444440007
28781  16.005  -26.254  52.700 0.3333329856
24514  12.164  -32.175  53.950 0.1111110002
27938  15.584  -26.611  52.754 0.2222220004
27939  15.143  -27.123  53.108 0.2222220004
110445  11.314  -31.919  54.192 0.2222220004
24506  10.918  -31.014  54.598 0.3333329856
26156  9.312  -29.917  53.994 0.6666669846
25293  9.417  -30.322  53.994 0.5555559993
25294  7.928  -30.009  54.131 0.6666669846
24509  7.925  -30.401  53.954 0.6666669846
24510  7.287  -30.307  53.885 0.5555559993
23665  6.417  -32.001  53.276 0.4444440007
23673  5.801  -32.187  52.590 0.3333329856
23666  5.688  -31.569  52.926 0.4444440007
23675  4.808  -31.549  52.083 0.2222220004
23692  3.873  -31.884  50.456 0.2222220004
27926  14.315  -27.041  53.967 0.3333329856
22792  12.579  -33.318  52.257 0.1111110002
106488  14.944  -27.173  53.515 0.2222220004
27933  14.633  -27.589  53.973 0.2222220004
117656  13.009  -32.375  53.598 0.1111110002
23659  12.309  -32.767  53.322 0.1111110002
27074  14.908  -27.811  53.658 0.2222220004
25300  12.931  -31.630  54.306 0.1111110002
27084  14.775  -28.060  53.062 0.2222220004
27085  14.939  -29.010  53.613 0.1111110002
24505  11.889  -31.285  54.524 0.2222220004
30385  16.250  -25.062  53.026 0.4444440007
28773  15.786  -26.160  53.236 0.3333329856
27092  14.621  -28.638  52.800 0.2222220004
25291  11.478  -30.318  54.708 0.2222220004
25292  10.620  -30.233  54.502 0.5555559993
26155  10.340  -29.918  54.274 0.6666669846
113497  9.996  -30.188  54.185 0.5555559993
102623  8.733  -30.031  53.976 0.5555559993
25287  7.295  -29.216  54.501 0.5555559993
25295  7.252  -29.729  54.155 0.5555559993
25297  6.411  -29.562  53.900 0.4444440007
24519  5.697  -30.634  53.175 0.4444440007
24520  5.293  -30.570  52.776 0.3333329856
23677  13.705  -32.578  52.346 0.1111110002
117533  13.599  -32.260  53.259 0.1111110002
26161  15.020  -28.744  53.835 0.2222220004
27075  14.683  -28.223  54.186 0.2222220004
23668  13.785  -32.304  52.883 0.1111110002
24522  13.748  -31.775  53.803 0.1111110002
28774  14.996  -26.635  53.470 0.3333329856
28775  14.356  -26.769  53.812 0.4444440007
24513  14.538  -31.059  53.925 0.1111110002
25289  13.621  -30.065  54.661 0.3333329856
26153  12.029  -29.523  54.524 0.4444440007
29597  16.545  -25.289  52.381 0.4444440007
30389  15.744  -24.849  52.647 0.5555559993
29599  15.501  -25.203  53.199 0.4444440007
29601  14.033  -26.151  53.590 0.4444440007
27069  11.882  -29.150  54.110 0.3333329856
30397  15.956  -24.744  51.915 0.5555559993
30390  15.072  -24.893  51.775 0.4444440007
29614  14.183  -25.373  51.994 0.4444440007
26163  10.975  -29.536  54.125 0.5555559993
100994  16.590  -24.698  51.411 0.5555559993
30407  14.831  -25.020  50.074 0.4444440007
29623  14.317  -25.297  50.878 0.5555559993
29632  13.993  -25.493  49.814 0.5555559993
27078  10.070  -29.518  53.778 0.6666669846
30405  16.443  -24.620  50.418 0.6666669846
30417  15.674  -24.789  49.775 0.6666669846
30418  14.386  -25.232  49.113 0.5555559993
29640  13.658  -25.664  48.915 0.5555559993
29647  13.394  -25.690  48.040 0.6666669846
26164  9.713  -29.788  54.060 0.5555559993
30419  14.017  -25.300  48.396 0.6666669846
26157  8.068  -29.465  54.199 0.5555559993
27062  7.283  -28.638  54.811 0.5555559993
25296  6.789  -29.522  54.152 0.5555559993
26166  5.793  -29.144  53.623 0.5555559993
25301  5.957  -29.755  53.573 0.4444440007
25304  5.177  -30.082  52.663 0.5555559993
25302  5.578  -29.957  53.170 0.4444440007
27927  14.086  -27.635  54.358 0.2222220004
26162  14.802  -29.168  54.277 0.2222220004
26151  13.927  -29.272  54.688 0.2222220004
26152  12.925  -29.354  54.764 0.4444440007
28777  13.365  -27.173  54.149 0.4444440007
27929  12.967  -28.035  54.410 0.4444440007
27068  12.551  -28.768  54.330 0.4444440007
27077  11.878  -28.896  53.929 0.5555559993
29608  13.957  -25.695  52.947 0.5555559993
28791  13.299  -26.249  52.813 0.4444440007
104425  13.610  -25.865  51.184 0.5555559993
30404  16.989  -24.420  50.025 0.6666669846
102206  15.057  -24.943  49.186 0.5555559993
29633  13.197  -26.098  49.554 0.5555559993
30429  15.701  -24.749  48.697 0.5555559993
30430  14.743  -24.970  48.312 0.5555559993
27079  8.874  -29.330  53.744 0.5555559993
117863  8.128  -28.911  54.277 0.5555559993
27070  7.750  -28.813  54.514 0.5555559993
25288  6.869  -29.026  54.543 0.5555559993
26148  6.935  -28.452  54.950 0.5555559993
26158  6.455  -28.944  54.379 0.6666669846
27928  13.404  -27.510  54.329 0.2222220004
27066  14.077  -28.420  54.606 0.2222220004
28783  13.472  -26.392  53.442 0.4444440007
27076  12.490  -28.414  54.080 0.5555559993
29615  13.450  -25.991  52.105 0.5555559993
28792  12.840  -26.770  53.154 0.4444440007
28784  13.023  -26.979  53.877 0.4444440007
31222  17.314  -24.488  50.837 0.5555559993
29624  13.659  -25.827  50.370 0.4444440007
29616  12.960  -26.485  51.321 0.4444440007
30416  16.419  -24.586  49.446 0.6666669846
29625  13.094  -26.337  50.451 0.4444440007
27087  10.362  -29.173  53.231 0.5555559993
30438  16.065  -24.560  47.818 0.5555559993
102235  15.366  -24.754  47.859 0.6666669846
30439  14.797  -24.859  47.356 0.6666669846
30440  13.983  -25.176  47.559 0.6666669846
28807  12.499  -26.969  50.572 0.5555559993
29641  12.901  -26.111  48.581 0.6666669846
110283  12.541  -26.583  49.013 0.6666669846
31229  18.810  -24.185  50.530 0.4444440007
117262  18.077  -24.304  50.686 0.5555559993
109789  18.285  -24.000  50.142 0.5555559993
118338  12.357  -28.203  53.917 0.4444440007
100562  11.310  -29.017  53.735 0.4444440007
31230  17.649  -24.211  50.083 0.5555559993
28798  12.839  -26.635  52.239 0.4444440007
121155  12.784  -27.595  53.994 0.4444440007
30428  16.592  -24.500  48.568 0.7777780294
27941  11.764  -28.076  52.762 0.4444440007
27086  11.116  -28.748  52.966 0.4444440007
27948  12.328  -27.361  52.514 0.4444440007
118193  11.843  -28.346  53.469 0.4444440007
28820  12.538  -26.770  49.743 0.5555559993
27949  11.739  -27.918  51.859 0.4444440007
27958  11.610  -27.870  51.040 0.5555559993
26165  8.547  -29.513  54.032 0.5555559993
27093  11.122  -28.551  52.082 0.5555559993
27081  7.630  -28.222  54.550 0.5555559993
27071  7.295  -28.082  55.116 0.5555559993
116333  14.247  -24.935  46.829 0.6666669846
30450  13.602  -25.157  46.711 0.6666669846
29648  12.482  -26.062  47.668 0.6666669846
31238  19.731  -23.873  50.014 0.4444440007
108596  19.258  -23.937  50.174 0.4444440007
31239  18.860  -23.869  49.863 0.5555559993
31240  18.006  -23.980  49.240 0.5555559993
30427  17.358  -24.237  48.492 0.6666669846
30437  16.871  -24.372  47.765 0.6666669846
27957  12.330  -27.279  51.436 0.5555559993
114801  15.540  -24.651  47.134 0.6666669846
30449  14.893  -24.669  46.428 0.6666669846
29659  13.130  -25.545  47.193 0.6666669846
105427  13.916  -24.836  46.061 0.6666669846
103398  12.926  -25.340  46.424 0.6666669846
114529  13.364  -25.081  46.217 0.6666669846
119754  18.622  -23.834  49.154 0.6666669846
31248  18.465  -23.880  48.428 0.6666669846
31257  17.699  -24.096  47.754 0.6666669846
31258  17.132  -24.236  47.113 0.5555559993
30448  16.365  -24.415  46.943 0.6666669846
31269  16.994  -24.197  46.371 0.5555559993
31270  16.230  -24.287  46.014 0.6666669846
119653  15.697  -24.478  46.443 0.6666669846
27963  11.968  -27.477  50.637 0.5555559993
30463  15.440  -24.422  45.706 0.6666669846
28808  11.891  -27.323  49.938 0.5555559993
28828  12.132  -26.606  48.315 0.6666669846
105661  11.745  -27.039  49.039 0.6666669846
30464  14.571  -24.576  45.431 0.6666669846
29660  12.320  -25.702  46.809 0.6666669846
30476  14.267  -24.450  44.495 0.6666669846
108247  12.999  -24.979  45.691 0.5555559993
113189  13.666  -24.647  45.130 0.6666669846
31268  17.738  -24.018  46.789 0.5555559993
31288  16.870  -24.148  45.499 0.6666669846
31289  16.051  -24.241  45.120 0.6666669846
30475  15.181  -24.386  44.778 0.6666669846
30451  12.190  -25.322  46.034 0.6666669846
31303  15.847  -24.206  44.127 0.6666669846
113747  13.407  -24.364  44.299 0.5555559993
101601  19.289  -23.563  46.924 0.7777780294
103668  18.504  -23.785  46.286 0.5555559993
31287  17.636  -23.990  45.906 0.5555559993
31302  16.757  -24.097  44.565 0.6666669846
30477  12.824  -24.559  44.842 0.5555559993
31304  14.849  -24.282  43.782 0.5555559993
31305  13.867  -24.191  43.610 0.4444440007
116130  20.016  -23.479  47.340 0.7777780294
115826  19.294  -23.554  46.129 0.6666669846
31267  20.072  -23.371  46.435 0.7777780294
115190  18.202  -23.844  45.469 0.5555559993
105701  17.564  -23.971  45.040 0.6666669846
31301  17.529  -23.880  44.147 0.5555559993
108073  15.513  -24.014  43.064 0.4444440007
107695  14.352  -23.903  42.750 0.4444440007
31300  19.338  -23.317  44.817 0.6666669846
31286  18.909  -23.621  45.481 0.6666669846
31317  18.210  -23.521  43.767 0.7777780294
115680  18.399  -23.675  44.674 0.6666669846
31319  16.671  -23.949  43.458 0.5555559993
31332  16.221  -23.728  42.239 0.4444440007
31284  20.537  -23.236  45.637 0.6666669846
31299  20.174  -23.077  44.909 0.6666669846
32175  19.000  -23.176  44.054 0.7777780294
31330  18.018  -23.349  43.018 0.6666669846
31318  17.538  -23.715  43.413 0.6666669846
31331  17.245  -23.611  42.688 0.5555559993
31333  15.074  -23.695  42.078 0.3333329856
31343  17.076  -23.343  41.829 0.5555559993
28019  27.927  -27.538  45.754 0.5555559993
28859  26.888  -26.999  44.452 0.7777780294
110684  26.466  -26.784  45.062 0.8888890147
111625  27.328  -27.101  43.804 0.7777780294
28867  26.636  -26.887  43.664 0.8888890147
28860  26.073  -26.595  44.360 0.8888890147
28868  25.948  -26.555  43.472 0.8888890147
107358  25.475  -26.194  43.963 0.7777780294
29680  24.670  -25.450  44.822 0.7777780294
105805  24.776  -25.667  43.953 0.7777780294
30461  24.311  -25.039  45.377 0.7777780294
30473  24.015  -24.982  44.424 0.7777780294
30474  23.267  -24.531  44.476 0.7777780294
31281  22.801  -23.997  45.686 0.7777780294
31265  21.513  -23.486  46.621 0.7777780294
30488  23.362  -24.707  43.737 0.7777780294
31296  22.799  -24.073  44.869 0.7777780294
31298  21.610  -23.454  44.895 0.7777780294
31283  21.397  -23.416  45.676 0.7777780294
31297  22.144  -23.749  44.473 0.7777780294
100869  20.977  -23.144  44.924 0.6666669846
32174  19.823  -22.922  44.200 0.7777780294
32185  19.539  -22.833  43.478 0.7777780294
32194  19.332  -22.660  42.686 0.7777780294
32186  18.763  -23.064  43.289 0.6666669846
115158  18.536  -22.981  42.640 0.7777780294
32195  17.897  -23.171  42.252 0.5555559993
28857  28.721  -27.398  44.348 0.5555559993
28858  27.772  -27.378  44.585 0.6666669846
105790  28.164  -27.067  43.481 0.5555559993
28866  27.235  -26.890  42.996 0.7777780294
115756  26.456  -26.755  43.016 0.8888890147
28876  27.356  -26.641  42.296 0.8888890147
28877  26.682  -26.631  42.404 0.8888890147
28878  25.878  -26.420  42.645 0.8888890147
29686  25.328  -26.086  43.272 0.7777780294
29694  26.211  -26.290  41.850 0.8888890147
29695  25.471  -26.013  42.006 0.7777780294
103098  25.235  -25.979  42.624 0.7777780294
29687  24.688  -25.684  42.994 0.7777780294
29704  25.746  -25.993  41.335 0.7777780294
29696  24.771  -25.716  42.201 0.6666669846
30496  24.115  -25.294  42.512 0.6666669846
30487  24.059  -25.197  43.404 0.7777780294
29703  26.557  -25.983  41.045 0.7777780294
31315  22.744  -24.197  44.065 0.7777780294
32172  21.426  -23.302  44.140 0.6666669846
29712  25.668  -25.741  40.479 0.7777780294
29705  24.939  -25.707  41.317 0.7777780294
109002  24.278  -25.382  41.789 0.6666669846
30497  23.431  -24.818  42.845 0.6666669846
31316  22.133  -23.785  43.642 0.8888890147
30507  23.559  -24.880  41.834 0.7777780294
30489  22.765  -24.316  43.234 0.7777780294
32173  20.626  -22.945  44.235 0.6666669846
30534  25.754  -25.004  38.786 0.7777780294
30518  25.226  -25.327  39.584 0.7777780294
30519  24.692  -25.384  40.371 0.7777780294
30520  23.411  -24.696  40.821 0.7777780294
30498  22.829  -24.373  42.355 0.7777780294
32184  20.301  -22.772  43.570 0.7777780294
30535  24.316  -24.939  39.523 0.6666669846
104446  24.001  -24.950  40.327 0.7777780294
112935  20.039  -22.598  43.014 0.7777780294
113354  25.801  -24.697  37.989 0.5555559993
108287  24.371  -24.778  38.704 0.5555559993
100710  23.453  -24.591  39.870 0.6666669846
30549  24.976  -24.775  38.175 0.5555559993
28856  29.615  -27.136  44.430 0.4444440007
29678  29.981  -26.367  43.969 0.4444440007
28865  29.183  -26.818  43.642 0.5555559993
29685  28.844  -26.444  42.879 0.4444440007
28875  28.016  -26.686  42.558 0.5555559993
28887  27.022  -26.395  41.739 0.7777780294
29711  26.517  -25.714  40.248 0.8888890147
29723  26.993  -25.416  39.714 0.8888890147
29724  26.131  -25.444  39.606 0.8888890147
30548  26.548  -24.701  38.248 0.7777780294
30564  26.360  -24.360  37.371 0.8888890147
30565  25.391  -24.503  37.410 0.5555559993
30566  24.574  -24.452  37.451 0.5555559993
30550  24.100  -24.546  38.087 0.5555559993
31369  23.011  -23.993  38.643 0.5555559993
30577  26.520  -23.909  36.501 0.5555559993
30578  25.723  -24.172  36.711 0.5555559993
30579  24.930  -24.258  36.806 0.5555559993
30580  24.288  -24.204  36.905 0.5555559993
28855  30.443  -26.756  44.709 0.2222220004
29683  30.352  -25.572  43.606 0.4444440007
29684  29.632  -26.038  43.204 0.4444440007
30494  30.482  -24.590  42.449 0.5555559993
30486  29.995  -25.216  42.881 0.4444440007
29691  29.346  -25.721  42.464 0.4444440007
31327  30.956  -23.951  42.008 0.5555559993
30495  29.760  -24.988  42.093 0.5555559993
29700  29.077  -25.427  41.718 0.6666669846
29692  28.572  -26.045  42.165 0.6666669846
30503  30.283  -24.414  41.596 0.5555559993
30504  29.558  -24.814  41.246 0.6666669846
29693  27.805  -26.270  41.889 0.7777780294
29701  28.327  -25.761  41.416 0.7777780294
30505  28.807  -25.174  40.954 0.7777780294
29710  28.051  -25.490  40.667 0.8888890147
29702  27.505  -25.930  41.203 0.8888890147
30515  29.291  -24.641  40.456 0.8888890147
30517  27.774  -25.194  39.953 0.8888890147
30531  28.286  -24.713  39.470 0.7777780294
102627  27.242  -25.692  40.445 0.8888890147
107141  27.997  -24.534  38.889 0.7777780294
30532  27.526  -24.932  39.258 0.7777780294
30546  28.032  -24.213  38.278 0.7777780294
31393  28.003  -23.836  37.525 0.7777780294
30547  27.356  -24.645  38.572 0.8888890147
107627  28.702  -23.365  37.233 0.8888890147
100609  27.997  -23.495  36.764 0.7777780294
31394  27.236  -23.915  37.042 0.8888890147
31427  28.045  -23.191  36.016 0.6666669846
31410  27.312  -23.571  36.235 0.6666669846
31411  25.206  -23.970  36.120 0.4444440007
32279  28.151  -22.858  35.167 0.3333329856
31428  27.462  -23.268  35.549 0.5555559993
31429  26.583  -23.526  35.534 0.4444440007
100871  25.928  -23.865  36.070 0.4444440007
29668  31.220  -26.270  45.143 0.2222220004
29676  31.413  -25.411  44.883 0.3333329856
30485  30.701  -24.812  43.272 0.3333329856
31314  31.133  -24.154  42.877 0.6666669846
30514  30.072  -24.212  40.674 0.6666669846
31353  29.636  -24.175  40.022 0.7777780294
31367  29.592  -23.875  39.356 0.7777780294
30530  29.033  -24.435  39.718 0.8888890147
31381  29.551  -23.525  38.540 0.7777780294
31380  30.253  -22.959  38.247 0.8888890147
32251  29.759  -22.736  36.987 0.8888890147
103862  29.439  -22.593  36.231 0.8888890147
31408  29.215  -22.959  36.931 0.8888890147
32278  29.732  -22.198  35.524 0.8888890147
31409  28.672  -23.061  36.512 0.7777780294
103435  29.063  -22.489  35.318 0.7777780294
32265  28.670  -22.825  35.856 0.6666669846
32291  28.702  -22.358  34.456 0.4444440007
30471  31.669  -24.634  44.547 0.2222220004
31295  32.027  -23.907  44.146 0.5555559993
30484  31.365  -24.397  43.701 0.3333329856
30472  30.975  -25.072  44.097 0.3333329856
31339  31.532  -23.525  41.443 0.7777780294
100956  32.230  -22.575  39.932 0.6666669846
31352  31.259  -23.445  40.595 0.7777780294
32229  31.528  -22.959  39.998 0.7777780294
31365  30.861  -23.369  39.877 0.7777780294
117115  30.648  -23.745  40.426 0.8888890147
32228  32.311  -22.213  39.116 0.8888890147
115754  31.756  -22.626  39.386 0.8888890147
32230  31.144  -22.914  39.273 0.7777780294
106063  30.193  -23.776  39.907 0.8888890147
119117  32.046  -22.107  38.537 0.8888890147
32239  31.548  -22.468  38.696 0.8888890147
32240  30.854  -22.826  38.667 0.8888890147
31366  30.359  -23.330  39.111 0.7777780294
100492  30.975  -22.511  38.024 0.8888890147
32264  30.266  -22.379  36.677 0.8888890147
33156  30.780  -21.896  36.253 0.8888890147
32277  30.129  -22.163  36.017 0.8888890147
33172  30.393  -21.698  35.386 0.8888890147
33190  30.276  -21.290  34.488 0.6666669846
33173  29.578  -21.926  34.705 0.5555559993
30470  32.314  -24.217  45.014 0.2222220004
32182  32.982  -23.110  43.592 0.3333329856
31294  32.686  -23.776  44.647 0.4444440007
31313  31.707  -23.886  43.333 0.5555559993
32191  32.588  -23.119  42.695 0.4444440007
31326  31.775  -23.605  42.494 0.6666669846
113023  32.964  -22.732  42.023 0.6666669846
32202  32.686  -22.749  41.284 0.6666669846
32215  32.042  -22.989  40.790 0.6666669846
33122  32.569  -21.705  38.399 0.8888890147
33123  31.759  -22.018  37.938 0.8888890147
33154  32.198  -21.244  36.806 0.8888890147
33139  31.790  -21.698  37.195 0.8888890147
32249  31.079  -22.138  37.145 0.8888890147
34070  31.944  -20.992  36.086 0.8888890147
33155  31.517  -21.569  36.537 0.8888890147
34089  31.699  -20.694  35.330 0.8888890147
33171  31.235  -21.328  35.754 0.7777780294
34109  32.154  -20.103  34.932 0.7777780294
34110  31.488  -20.375  34.575 0.7777780294
33189  30.980  -21.000  34.958 0.7777780294
32181  33.761  -22.767  43.782 0.3333329856
109351  33.693  -22.434  42.183 0.5555559993
32201  33.389  -22.361  41.317 0.7777780294
33089  32.900  -22.102  39.822 0.8888890147
33104  33.068  -21.732  39.140 0.8888890147
33137  33.082  -21.148  37.884 0.8888890147
33121  33.371  -21.300  38.602 0.8888890147
34049  33.498  -20.551  37.470 0.8888890147
34050  32.830  -20.900  37.141 0.8888890147
34068  33.244  -20.313  36.734 0.8888890147
34069  32.600  -20.650  36.415 0.8888890147
120976  33.642  -19.696  36.376 0.8888890147
34087  33.020  -20.058  36.017 0.8888890147
35013  32.758  -19.782  35.304 0.8888890147
34088  32.379  -20.393  35.671 0.8888890147
33087  34.162  -21.495  40.329 0.7777780294
34010  34.026  -20.958  38.876 1.0000000000
105313  33.578  -21.657  39.739 0.8888890147
34030  34.410  -20.402  38.505 1.0000000000
34031  33.768  -20.776  38.182 0.8888890147
34048  34.142  -20.196  37.792 0.8888890147
34994  34.272  -19.362  36.731 1.0000000000
35012  33.415  -19.436  35.656 0.8888890147
35875  34.039  -19.062  36.031 0.8888890147
35028  33.149  -19.160  34.963 0.8888890147
32190  34.175  -22.294  43.022 0.3333329856
33070  34.511  -21.734  41.789 0.5555559993
33054  34.229  -22.069  42.259 0.3333329856
33992  34.873  -20.862  40.182 0.7777780294
100520  34.015  -21.809  41.103 0.7777780294
34009  34.660  -20.611  39.259 0.7777780294
34957  34.734  -19.794  38.124 1.0000000000
34975  35.025  -19.311  37.743 1.0000000000
34976  34.497  -19.600  37.438 1.0000000000
34977  33.872  -19.943  37.100 1.0000000000
35874  34.684  -18.711  36.444 1.0000000000
35892  33.765  -18.767  35.324 1.0000000000
36732  34.059  -18.068  34.971 1.0000000000
35907  33.447  -18.521  34.642 0.8888890147
33053  34.753  -21.755  42.605 0.3333329856
116514  34.938  -21.878  43.485 0.3333329856
33976  34.710  -21.332  41.070 0.5555559993
34956  35.383  -19.365  38.340 0.8888890147
34939  35.042  -19.960  38.849 0.6666669846
35855  34.887  -19.023  37.174 1.0000000000
35873  35.340  -18.397  36.890 1.0000000000
35891  34.423  -18.382  35.683 1.0000000000
36719  35.082  -17.987  36.155 1.0000000000
36731  34.818  -17.514  35.346 1.0000000000
36744  34.282  -17.302  34.541 1.0000000000
33040  35.639  -21.638  43.816 0.3333329856
33039  35.469  -21.410  43.045 0.3333329856
33975  35.366  -20.807  41.098 0.5555559993
34924  35.966  -19.751  40.018 0.6666669846
33991  35.607  -20.336  40.440 0.6666669846
34938  35.796  -19.454  39.189 0.6666669846
35854  35.566  -18.755  37.712 1.0000000000
36718  35.738  -17.697  36.639 1.0000000000
36730  35.555  -17.213  35.957 1.0000000000
37517  35.369  -16.647  35.329 1.0000000000
37518  34.800  -16.774  34.824 1.0000000000
101918  36.612  -20.580  43.095 0.3333329856
33959  35.962  -20.865  42.676 0.3333329856
33958  36.436  -20.326  42.337 0.4444440007
33052  35.238  -21.228  42.013 0.3333329856
34911  36.151  -19.906  40.761 0.5555559993
116678  35.856  -20.371  41.123 0.5555559993
104967  35.859  -20.630  41.808 0.3333329856
34937  36.310  -19.227  39.728 0.6666669846
35838  36.655  -18.246  38.715 0.8888890147
35826  36.437  -18.799  39.257 0.7777780294
36692  36.268  -18.208  38.016 0.8888890147
36704  35.933  -17.990  37.338 0.8888890147
110135  36.077  -17.049  36.455 1.0000000000
37509  36.008  -16.365  36.015 1.0000000000
38306  35.728  -15.843  35.302 1.0000000000
38307  35.075  -16.026  34.804 1.0000000000
38313  35.478  -15.254  34.796 1.0000000000
34897  36.823  -19.701  42.018 0.4444440007
34896  37.538  -19.259  42.446 0.2222220004
33974  36.289  -20.083  41.531 0.4444440007
34909  37.154  -19.204  41.608 0.4444440007
34910  36.686  -19.534  41.165 0.5555559993
106770  36.800  -18.779  39.959 0.6666669846
35825  37.011  -18.247  39.436 0.7777780294
106131  36.530  -17.639  37.631 0.8888890147
36703  36.358  -17.321  37.044 0.8888890147
38305  36.302  -15.501  35.771 1.0000000000
109847  35.974  -15.140  35.282 1.0000000000
39089  35.883  -14.562  34.878 1.0000000000
39090  35.322  -14.629  34.293 0.8888890147
36674  37.865  -17.736  40.317 0.5555559993
35815  37.147  -18.852  40.820 0.6666669846
102935  37.608  -17.690  39.632 0.7777780294
35814  37.400  -18.272  40.156 0.6666669846
36691  36.837  -17.660  38.205 0.8888890147
37497  37.007  -16.897  37.619 0.8888890147
38288  37.134  -16.050  37.069 0.8888890147
37508  36.602  -16.615  36.723 0.8888890147
39880  36.591  -13.448  34.498 1.0000000000
39881  35.851  -13.913  34.233 0.8888890147
39891  35.486  -13.541  33.473 0.8888890147
36690  37.351  -17.185  38.393 0.8888890147
37488  37.713  -16.562  38.216 0.8888890147
38298  36.704  -15.854  36.385 0.8888890147
109177  36.781  -15.178  36.149 0.8888890147
39080  36.595  -14.603  35.539 1.0000000000
39873  36.315  -14.025  34.916 1.0000000000
40744  36.207  -13.166  33.803 1.0000000000
40751  35.884  -12.900  33.067 1.0000000000
37480  38.553  -16.472  39.576 0.7777780294
38287  37.772  -15.487  37.303 0.8888890147
38297  37.262  -15.355  36.643 0.8888890147
39073  37.223  -14.685  36.276 0.8888890147
39863  37.229  -13.939  36.004 0.8888890147
39872  36.904  -13.704  35.234 1.0000000000
40742  37.545  -12.415  34.472 1.0000000000
40743  36.917  -12.793  34.124 1.0000000000
40750  36.641  -12.580  33.391 1.0000000000
41697  36.299  -12.302  32.724 1.0000000000
40759  35.501  -12.591  32.290 1.0000000000
41716  35.071  -11.969  31.178 0.7777780294
38280  38.035  -15.809  38.019 0.7777780294
39072  37.748  -14.804  36.844 0.8888890147
108651  37.726  -14.221  36.464 0.8888890147
39871  37.543  -13.272  35.577 1.0000000000
40736  37.154  -12.978  34.903 1.0000000000
41687  37.920  -11.897  34.097 1.0000000000
42542  38.433  -10.844  33.069 1.0000000000
41695  37.621  -11.670  33.467 1.0000000000
42553  37.659  -10.958  32.507 1.0000000000
42544  37.294  -11.421  32.883 1.0000000000
41696  36.946  -11.935  33.147 1.0000000000
42565  37.848  -10.781  31.568 1.0000000000
42554  37.016  -11.333  32.357 1.0000000000
41704  36.689  -11.743  32.519 1.0000000000
42576  37.703  -10.905  30.614 1.0000000000
103578  37.072  -11.128  31.805 1.0000000000
41714  36.503  -11.534  31.930 1.0000000000
101729  37.169  -11.008  31.122 0.8888890147
42566  36.464  -11.371  31.122 0.8888890147
41705  36.012  -11.962  32.144 1.0000000000
41706  35.430  -12.147  31.740 1.0000000000
104764  37.515  -10.963  29.749 0.7777780294
41715  35.840  -11.778  31.497 0.8888890147
39063  38.643  -14.657  37.760 0.8888890147
39064  38.155  -14.864  37.340 0.8888890147
39853  38.274  -14.172  37.060 0.8888890147
39862  38.006  -13.504  36.333 0.8888890147
40735  37.834  -12.661  35.189 0.8888890147
42537  38.280  -11.410  33.790 1.0000000000
42543  37.932  -11.190  33.250 1.0000000000
42552  38.465  -10.643  32.326 1.0000000000
117323  38.683  -10.614  31.592 1.0000000000
42564  38.503  -10.750  30.812 1.0000000000
42563  39.447  -10.631  31.081 1.0000000000
102878  38.257  -10.834  29.947 0.7777780294
39861  38.650  -13.448  36.910 0.7777780294
40715  39.185  -12.958  37.168 0.7777780294
40727  38.704  -12.762  36.335 0.7777780294
41672  38.428  -12.323  35.567 0.8888890147
41671  38.974  -11.883  36.028 0.8888890147
41679  38.866  -11.808  35.126 1.0000000000
42529  39.144  -11.383  34.747 1.0000000000
42530  38.614  -11.632  34.396 1.0000000000
43451  39.937  -10.362  32.631 1.0000000000
43438  39.836  -10.395  33.550 1.0000000000
43437  40.758  -10.214  33.079 1.0000000000
43439  39.034  -10.727  33.624 1.0000000000
43449  41.407  -10.315  32.252 1.0000000000
43452  39.132  -10.553  32.920 1.0000000000
43450  40.641  -10.334  32.261 1.0000000000
43461  40.118  -10.438  31.767 1.0000000000
42551  39.271  -10.481  32.074 1.0000000000
43460  40.969  -10.446  31.567 1.0000000000
42562  40.438  -10.555  30.961 1.0000000000
42574  39.977  -10.583  30.219 1.0000000000
42575  39.101  -10.709  30.120 1.0000000000
42589  39.563  -10.494  29.441 0.7777780294
43481  39.854  -10.184  28.897 1.0000000000
40714  39.688  -13.116  37.855 0.7777780294
41664  39.391  -12.235  36.712 0.7777780294
41670  39.709  -11.586  36.310 0.8888890147
42522  39.495  -11.383  35.469 1.0000000000
101691  41.285  -10.027  33.843 0.8888890147
43425  40.534  -10.190  33.893 1.0000000000
121238  40.158  -10.370  34.222 1.0000000000
43426  39.578  -10.666  34.211 1.0000000000
42535  39.532  -10.977  34.799 1.0000000000
42536  38.911  -11.048  34.193 1.0000000000
43436  41.765  -10.088  33.027 1.0000000000
43448  42.344  -10.245  32.229 1.0000000000
43459  41.898  -10.360  31.328 1.0000000000
42561  41.178  -10.460  30.887 1.0000000000
42573  40.823  -10.414  30.263 1.0000000000
43471  41.153  -10.106  29.692 1.0000000000
43490  41.124  -9.698  28.968 1.0000000000
42588  40.426  -10.247  29.425 1.0000000000
40721  39.787  -12.470  37.392 0.5555559993
40713  40.606  -12.389  38.331 0.4444440007
41657  40.305  -12.052  37.714 0.5555559993
41663  39.950  -11.767  37.068 0.6666669846
41662  40.581  -11.405  37.380 0.5555559993
42521  39.970  -11.040  36.069 1.0000000000
43412  42.354  -9.678  35.290 0.8888890147
43413  41.478  -9.952  35.366 0.7777780294
42528  40.076  -10.819  35.455 1.0000000000
43424  41.788  -9.903  34.589 0.8888890147
43415  40.137  -10.558  34.771 0.8888890147
104223  42.161  -9.908  33.785 0.8888890147
110501  42.887  -9.805  33.746 0.8888890147
43434  43.581  -9.785  33.239 0.8888890147
43435  42.662  -9.989  33.044 1.0000000000
43447  43.256  -10.059  32.330 1.0000000000
101690  42.928  -10.119  31.479 1.0000000000
43470  42.571  -9.975  30.617 1.0000000000
43480  41.643  -9.830  29.536 1.0000000000
43513  37.871  -9.652  26.260 0.5555559993
43543  37.385  -9.378  24.864 0.3333329856
41645  41.092  -11.998  38.785 0.5555559993
41656  40.867  -11.704  38.072 0.5555559993
42514  40.255  -11.155  36.704 0.6666669846
100564  41.286  -10.046  36.090 0.6666669846
42513  40.874  -10.748  37.045 0.5555559993
101462  42.072  -9.707  36.046 0.6666669846
43414  40.722  -10.336  35.416 0.8888890147
42520  40.627  -10.629  36.207 0.8888890147
43411  43.211  -9.380  35.089 0.7777780294
43423  42.640  -9.726  34.474 0.8888890147
43422  43.434  -9.546  34.213 0.7777780294
44333  44.029  -9.082  34.783 0.7777780294
43421  44.259  -9.363  33.901 0.7777780294
44342  45.117  -9.133  33.617 0.7777780294
43433  44.510  -9.579  33.009 0.8888890147
110500  44.003  -9.834  32.451 0.8888890147
43446  44.685  -9.606  32.172 0.8888890147
43458  43.906  -9.820  31.656 1.0000000000
114352  43.416  -9.722  30.857 1.0000000000
109073  43.044  -9.217  30.059 1.0000000000
44381  41.877  -9.285  29.063 1.0000000000
44389  42.202  -8.624  28.502 1.0000000000
44390  41.457  -9.019  28.330 1.0000000000
116931  40.832  -9.394  28.245 1.0000000000
44400  40.073  -9.091  27.138 0.7777780294
44410  41.283  -8.190  26.928 0.7777780294
44411  40.584  -8.565  26.683 0.7777780294
43527  39.100  -8.988  26.053 0.5555559993
44425  40.326  -8.350  26.032 0.5555559993
44412  39.868  -8.785  26.368 0.5555559993
44426  39.695  -8.465  25.519 0.5555559993
44427  38.862  -8.807  25.261 0.4444440007
44441  38.521  -8.626  24.501 0.3333329856
44463  37.215  -8.747  23.599 0.1111110002
43566  35.702  -9.217  23.377 0.1111110002
43581  34.940  -8.968  22.923 0.1111110002
43569  32.933  -8.883  23.534 0.1111110002
44466  34.177  -8.765  22.939 0.1111110002
44467  33.571  -8.356  23.351 0.1111110002
42504  41.161  -11.002  37.785 0.5555559993
41655  42.034  -10.976  38.965 0.5555559993
43399  41.615  -10.335  37.394 0.5555559993
43390  42.147  -10.071  37.980 0.5555559993
43405  41.235  -10.291  36.692 0.5555559993
43398  42.322  -9.766  37.394 0.5555559993
44320  43.853  -8.928  35.649 0.5555559993
44319  44.683  -8.702  35.368 0.4444440007
44332  44.910  -8.875  34.519 0.5555559993
44317  46.610  -8.230  35.462 0.4444440007
44318  45.637  -8.463  35.218 0.5555559993
44316  47.686  -8.080  35.624 0.3333329856
120600  46.215  -8.405  34.867 0.5555559993
110023  46.520  -8.635  33.794 0.4444440007
43432  45.308  -9.331  32.740 0.6666669846
43445  45.433  -9.249  31.933 0.6666669846
43457  44.716  -9.363  31.498 0.8888890147
120568  43.719  -9.135  30.441 1.0000000000
44380  42.575  -8.911  29.257 1.0000000000
45246  42.888  -8.220  28.762 1.0000000000
45245  43.252  -7.534  28.260 1.0000000000
100914  42.516  -7.912  28.032 1.0000000000
45257  42.777  -7.248  27.560 1.0000000000
45258  42.229  -7.665  27.439 1.0000000000
44399  41.783  -8.288  27.680 1.0000000000
100563  42.894  -6.570  27.043 1.0000000000
45271  42.213  -7.144  26.886 1.0000000000
45259  41.810  -7.760  27.084 0.8888890147
46228  42.446  -6.407  26.409 1.0000000000
46229  41.787  -6.845  26.155 0.7777780294
45272  41.539  -7.553  26.506 0.6666669846
45273  40.898  -7.974  26.227 0.5555559993
46243  42.041  -6.143  25.762 0.6666669846
46244  41.381  -6.590  25.499 0.6666669846
45304  40.775  -7.008  25.162 0.5555559993
45285  40.436  -7.803  25.472 0.5555559993
44440  39.247  -8.296  24.726 0.4444440007
46265  41.531  -5.882  25.125 0.6666669846
101271  41.018  -6.374  24.941 0.5555559993
100798  40.171  -7.351  24.726 0.3333329856
44462  38.091  -8.416  23.758 0.3333329856
46267  39.823  -6.932  24.075 0.3333329856
45330  38.329  -7.662  23.201 0.3333329856
45331  37.620  -8.144  23.211 0.2222220004
42485  42.819  -10.699  39.414 0.4444440007
42484  43.689  -10.429  39.894 0.2222220004
42502  42.474  -10.342  38.611 0.5555559993
42503  41.803  -10.674  38.190 0.5555559993
43348  44.610  -10.194  40.251 0.3333329856
43367  44.112  -9.746  39.484 0.5555559993
43397  43.056  -9.373  37.383 0.5555559993
118346  43.241  -9.170  36.778 0.4444440007
44307  43.837  -8.921  36.469 0.5555559993
44306  44.560  -8.626  36.145 0.4444440007
112919  45.234  -8.407  35.901 0.4444440007
44303  47.313  -8.127  36.351 0.4444440007
101197  49.446  -8.653  36.397 0.1111110002
45166  49.829  -8.209  35.565 0.1111110002
44328  48.008  -8.071  34.847 0.1111110002
44330  46.884  -8.362  34.613 0.2222220004
44329  47.364  -8.340  33.793 0.2222220004
44340  46.589  -8.670  33.119 0.4444440007
44339  47.190  -8.288  32.854 0.4444440007
44351  46.564  -8.556  32.471 0.5555559993
103910  46.107  -8.568  31.791 0.5555559993
44360  45.293  -8.752  31.286 0.8888890147
45205  45.752  -7.992  31.041 0.7777780294
44367  44.973  -8.159  30.532 0.8888890147
45218  45.583  -7.583  30.357 0.8888890147
44368  44.261  -8.702  30.417 1.0000000000
45230  45.068  -7.381  29.707 1.0000000000
44379  43.690  -8.570  29.863 1.0000000000
46186  44.760  -6.875  28.887 1.0000000000
45231  44.383  -7.488  29.177 1.0000000000
46200  44.425  -6.443  28.155 1.0000000000
46215  44.148  -5.934  27.485 1.0000000000
46201  43.565  -6.701  27.720 1.0000000000
47223  44.072  -4.928  26.605 1.0000000000
46227  43.484  -6.029  27.033 1.0000000000
47235  43.602  -4.774  26.120 1.0000000000
100723  42.981  -6.022  26.600 1.0000000000
100827  43.031  -5.036  25.795 0.8888890147
47236  42.242  -5.301  25.389 0.6666669846
47254  41.632  -5.150  24.690 0.5555559993
46266  40.484  -6.610  24.518 0.4444440007
48220  41.852  -4.430  24.263 0.4444440007
47267  41.176  -4.886  23.946 0.3333329856
46285  39.477  -6.542  23.324 0.3333329856
43368  43.214  -9.970  39.075 0.5555559993
43366  44.986  -9.581  39.849 0.3333329856
43388  43.764  -9.484  38.646 0.5555559993
108718  43.560  -9.308  37.944 0.5555559993
44293  43.904  -9.036  37.352 0.4444440007
44279  44.297  -9.087  38.247 0.4444440007
44292  44.899  -8.819  37.781 0.4444440007
113724  44.625  -8.721  36.938 0.4444440007
109049  46.228  -8.442  37.242 0.4444440007
101257  47.185  -8.266  37.092 0.3333329856
118226  47.843  -8.221  36.967 0.3333329856
44302  49.085  -8.887  37.198 0.1111110002
116782  48.945  -7.834  35.149 0.1111110002
44327  51.113  -8.289  34.809 0.1111110002
45175  48.391  -7.916  34.269 0.2222220004
45184  47.977  -7.952  33.318 0.2222220004
45194  46.892  -8.076  32.091 0.5555559993
45204  46.521  -7.735  31.377 0.6666669846
45203  47.234  -7.344  31.714 0.6666669846
46166  47.053  -6.291  30.718 0.7777780294
46167  46.536  -6.591  30.324 0.7777780294
49041  46.729  -4.592  29.097 0.7777780294
48162  47.045  -4.952  29.810 0.7777780294
47190  46.854  -5.739  30.155 0.7777780294
46168  45.832  -6.909  30.005 0.8888890147
49040  47.414  -3.325  29.255 0.8888890147
46184  46.198  -6.212  29.648 0.8888890147
46185  45.513  -6.617  29.238 1.0000000000
49891  47.295  -2.637  28.695 0.8888890147
49046  46.873  -3.330  28.546 0.8888890147
47208  46.142  -5.057  28.653 1.0000000000
47210  44.847  -5.721  27.888 1.0000000000
46199  45.176  -6.184  28.541 1.0000000000
49047  46.427  -4.174  28.373 0.8888890147
48173  45.739  -4.723  28.007 1.0000000000
47216  45.220  -5.141  27.717 1.0000000000
47217  44.618  -5.189  27.229 1.0000000000
100752  43.939  -5.504  26.953 1.0000000000
48179  44.693  -4.398  26.792 1.0000000000
48195  44.137  -4.185  26.155 1.0000000000
48196  43.400  -4.253  25.588 0.8888890147
47253  42.185  -4.722  24.851 0.6666669846
43386  45.531  -9.248  39.459 0.3333329856
43387  44.616  -9.257  39.079 0.5555559993
44278  45.261  -8.946  38.655 0.4444440007
44277  46.288  -9.048  39.107 0.3333329856
44290  47.256  -8.534  37.962 0.3333329856
101454  48.470  -8.278  36.668 0.3333329856
44313  50.614  -8.411  35.109 0.1111110002
115256  49.409  -7.654  34.844 0.1111110002
46115  52.041  -6.322  34.458 0.1111110002
45172  51.668  -7.170  34.554 0.1111110002
45173  51.236  -7.834  34.751 0.1111110002
45183  48.837  -7.531  33.859 0.2222220004
45193  47.632  -7.723  32.458 0.5555559993
46151  48.096  -6.228  31.865 0.6666669846
46143  47.932  -6.952  32.109 0.6666669846
104790  48.443  -3.927  31.261 0.6666669846
48160  47.989  -4.195  30.762 0.7777780294
48155  47.763  -5.003  30.847 0.7777780294
47189  47.441  -5.732  30.782 0.7777780294
47176  47.925  -5.640  31.377 0.6666669846
46152  47.528  -6.475  31.336 0.6666669846
49033  48.296  -3.314  30.611 0.7777780294
49034  47.759  -3.731  30.058 0.7777780294
109034  47.360  -5.188  30.352 0.7777780294
48167  47.296  -4.184  29.563 0.7777780294
49892  46.761  -2.680  28.068 1.0000000000
49054  46.367  -3.386  27.903 1.0000000000
49048  45.845  -3.980  27.661 1.0000000000
120567  45.887  -3.341  27.392 1.0000000000
49055  45.311  -3.724  27.005 1.0000000000
49905  45.663  -2.916  26.937 1.0000000000
49056  44.737  -3.775  26.466 1.0000000000
49064  44.472  -3.395  25.931 1.0000000000
48218  43.009  -4.005  25.004 0.7777780294
49935  44.112  -3.045  25.251 1.0000000000
49078  43.920  -3.688  25.604 1.0000000000
49079  43.500  -3.553  25.061 0.7777780294
48219  42.505  -4.154  24.606 0.6666669846
44276  47.213  -8.949  38.755 0.3333329856
44289  48.076  -8.966  38.334 0.2222220004
47143  50.972  -5.483  34.630 0.1111110002
46129  50.705  -6.227  34.481 0.1111110002
110467  51.773  -5.051  34.796 0.1111110002
47124  51.867  -5.770  34.821 0.1111110002
46117  50.954  -7.058  34.735 0.1111110002
45182  49.803  -7.200  34.442 0.1111110002
46141  49.368  -6.293  33.217 0.3333329856
48142  48.836  -5.006  32.166 0.5555559993
46142  48.686  -6.483  32.539 0.5555559993
45192  48.422  -7.358  32.884 0.4444440007
51654  50.492  -0.086  31.706 0.3333329856
51655  49.855  -0.672  31.210 0.3333329856
50747  49.643  -1.626  31.593 0.5555559993
49860  49.193  -2.487  31.546 0.5555559993
49027  48.770  -3.253  31.442 0.5555559993
48153  48.934  -4.134  32.026 0.5555559993
48154  48.338  -4.783  31.466 0.5555559993
47175  48.483  -5.629  31.991 0.5555559993
119358  50.774  0.486  31.854 0.2222220004
51664  50.002  0.094  30.970 0.3333329856
104863  49.284  -1.192  30.667 0.5555559993
50756  49.128  -1.941  30.946 0.5555559993
49864  48.744  -2.566  30.817 0.5555559993
53459  50.185  1.458  30.683 0.4444440007
52560  49.818  0.693  30.456 0.4444440007
51665  49.419  -0.204  30.326 0.5555559993
50757  48.639  -1.795  30.257 0.5555559993
49865  47.929  -2.949  29.876 0.7777780294
52568  49.236  0.655  29.627 0.5555559993
51678  48.856  -0.113  29.560 0.5555559993
110175  48.440  -0.613  29.244 0.6666669846
50773  48.289  -1.388  29.452 0.6666669846
49877  48.065  -2.174  29.682 0.6666669846
116655  48.491  -0.031  29.076 0.6666669846
50774  47.710  -1.877  28.896 0.8888890147
49878  47.684  -2.587  29.277 0.8888890147
50783  47.965  -1.005  28.771 0.8888890147
50784  47.479  -1.326  28.200 0.8888890147
116794  47.044  -1.568  27.739 1.0000000000
110228  47.171  -2.033  28.200 0.8888890147
50785  46.658  -2.114  27.602 1.0000000000
49904  46.250  -2.758  27.456 1.0000000000
49916  46.091  -2.109  26.855 1.0000000000
49917  45.451  -2.487  26.378 1.0000000000
49063  45.082  -3.137  26.404 1.0000000000
49918  44.842  -2.526  25.690 1.0000000000
49098  42.962  -3.513  24.461 0.7777780294
48230  42.265  -3.654  23.835 0.4444440007
49951  43.587  -2.802  24.447 0.6666669846
49952  42.861  -2.902  23.827 0.5555559993
111885  42.310  -2.953  23.327 0.4444440007
49965  41.868  -2.462  23.032 0.3333329856
49106  41.629  -3.349  23.053 0.3333329856
49010  50.336  -3.838  33.769 0.2222220004
48127  50.113  -4.715  33.755 0.2222220004
47144  49.887  -5.682  33.678 0.2222220004
46130  49.935  -6.527  34.089 0.1111110002
50740  50.575  -1.531  33.199 0.2222220004
49019  49.883  -3.100  33.044 0.4444440007
48141  49.402  -4.864  32.828 0.4444440007
47160  49.089  -5.665  32.701 0.5555559993
51648  50.780  -0.378  32.495 0.2222220004
50741  50.075  -1.769  32.453 0.3333329856
49853  49.685  -2.400  32.320 0.4444440007
49026  49.288  -3.201  32.230 0.5555559993
53450  50.730  1.668  31.498 0.2222220004
54333  50.893  2.562  31.736 0.2222220004
55227  50.954  3.442  31.860 0.3333329856
54351  49.992  2.058  30.249 0.4444440007
53460  49.680  1.432  29.934 0.4444440007
54363  49.667  2.308  29.485 0.4444440007
52579  48.827  0.930  28.867 0.6666669846
52580  48.420  0.398  28.570 0.7777780294
51689  48.161  -0.276  28.673 0.8888890147
51690  47.728  -0.554  28.126 0.8888890147
51697  47.234  -0.862  27.489 0.8888890147
50797  46.681  -1.485  27.168 1.0000000000
51706  46.611  -0.568  26.266 1.0000000000
51698  46.786  -0.926  26.837 1.0000000000
53503  46.179  1.206  25.150 1.0000000000
52606  45.988  0.348  24.974 1.0000000000
51714  46.425  -0.132  25.565 1.0000000000
50822  46.088  -0.862  25.734 1.0000000000
49934  45.606  -1.708  25.910 1.0000000000
53505  44.657  2.019  24.910 0.8888890147
111213  45.560  1.015  24.817 1.0000000000
52614  45.246  0.482  24.544 1.0000000000
51722  45.479  -0.258  24.672 1.0000000000
50824  44.940  -1.650  25.049 1.0000000000
54419  44.281  2.638  24.776 0.8888890147
53513  44.001  1.867  24.496 0.8888890147
53512  44.796  1.273  24.625 0.8888890147
51723  44.818  -0.067  24.307 1.0000000000
50837  45.005  -0.877  24.437 1.0000000000
50838  44.391  -1.471  24.278 0.7777780294
49950  44.318  -2.280  24.791 0.8888890147
53514  44.015  1.046  24.325 0.7777780294
52616  43.238  0.700  24.069 0.7777780294
51725  43.299  -0.231  23.982 0.5555559993
50839  43.591  -1.286  23.784 0.5555559993
49963  43.288  -2.177  23.757 0.7777780294
49964  42.608  -2.305  23.325 0.3333329856
54428  43.004  1.926  23.348 0.7777780294
114761  43.460  1.441  24.150 0.7777780294
56147  51.479  4.990  32.390 0.3333329856
55240  50.599  3.787  30.960 0.4444440007
112683  50.986  4.215  31.878 0.3333329856
55255  50.172  2.906  30.274 0.4444440007
53467  49.257  1.515  29.149 0.6666669846
53475  48.874  1.591  28.350 0.6666669846
109803  48.570  1.011  28.204 0.7777780294
52581  48.011  0.073  28.128 0.8888890147
52590  47.614  0.061  27.403 0.8888890147
54400  46.886  2.346  25.996 1.0000000000
53495  46.890  1.428  25.613 1.0000000000
52605  46.690  0.628  25.488 1.0000000000
51705  47.077  -0.301  26.812 1.0000000000
54401  45.963  2.744  25.884 1.0000000000
54409  46.169  1.969  25.519 1.0000000000
55297  45.220  3.053  25.646 1.0000000000
54411  44.924  2.510  25.279 0.8888890147
55298  44.668  3.124  25.239 1.0000000000
55304  44.395  3.409  24.652 0.8888890147
55305  43.835  3.016  24.192 0.7777780294
54427  43.413  2.503  23.745 0.7777780294
56231  44.694  4.102  23.293 0.8888890147
55312  44.222  3.568  23.785 0.8888890147
55313  43.667  3.043  23.356 0.8888890147
56240  44.002  3.573  21.912 0.6666669846
55314  43.176  2.414  22.970 0.6666669846
55320  42.726  2.315  22.169 0.6666669846
113498  43.383  3.313  21.469 0.5555559993
56161  50.464  4.499  30.517 0.4444440007
109767  50.108  3.875  30.041 0.4444440007
57068  50.031  5.643  29.666 0.5555559993
56175  50.116  4.747  29.830 0.4444440007
55265  49.505  3.599  28.646 0.4444440007
109979  49.511  2.883  28.831 0.5555559993
54373  49.241  2.259  28.623 0.5555559993
54386  49.166  3.056  28.179 0.7777780294
53476  48.473  1.533  27.443 0.8888890147
52589  48.200  0.655  27.753 0.8888890147
54387  48.846  2.370  27.781 0.7777780294
56208  46.563  4.548  26.893 1.0000000000
55288  47.156  3.881  26.964 1.0000000000
55287  47.935  3.228  26.802 1.0000000000
54398  48.386  2.454  26.982 1.0000000000
53486  47.890  0.950  26.798 1.0000000000
55289  46.444  3.788  26.575 1.0000000000
109347  47.137  3.135  26.459 1.0000000000
53494  47.572  1.600  26.174 1.0000000000
56209  45.998  4.494  26.332 1.0000000000
56216  45.558  4.525  25.568 1.0000000000
55290  45.701  3.645  26.063 1.0000000000
56221  45.315  4.575  24.681 1.0000000000
55303  44.918  3.856  25.310 1.0000000000
56230  45.311  4.572  23.718 1.0000000000
56222  44.760  4.070  24.264 0.8888890147
56239  44.654  4.022  22.364 0.7777780294
56252  44.607  3.967  21.429 0.5555559993
56253  43.861  3.658  20.976 0.4444440007
55327  42.932  3.480  20.626 0.4444440007
56266  43.626  3.975  20.099 0.3333329856
57989  49.921  6.445  29.232 0.3333329856
58851  49.781  7.163  28.681 0.7777780294
58007  49.220  6.446  28.552 0.6666669846
57080  49.489  5.739  28.918 0.5555559993
56188  49.423  4.417  28.535 0.4444440007
58008  48.387  6.430  28.004 0.7777780294
57081  48.829  5.710  28.417 0.7777780294
55266  49.085  3.904  28.012 0.7777780294
58037  47.810  6.800  26.384 1.0000000000
57093  47.413  5.459  27.523 1.0000000000
56189  48.790  4.805  28.100 0.7777780294
108501  48.562  4.163  27.649 0.8888890147
55277  48.656  3.335  27.415 0.7777780294
58027  47.243  6.168  26.897 1.0000000000
57103  46.778  5.336  26.998 1.0000000000
58051  47.525  6.217  24.888 0.8888890147
57110  46.652  5.757  26.234 1.0000000000
57104  46.323  5.127  26.496 1.0000000000
57129  47.095  5.705  24.344 1.0000000000
57119  46.370  5.367  24.706 1.0000000000
56215  46.129  5.237  25.683 1.0000000000
57120  45.772  5.046  24.976 1.0000000000
57130  46.599  5.305  23.806 0.7777780294
57131  45.866  5.020  24.172 1.0000000000
57142  45.966  5.010  23.172 0.8888890147
56238  45.262  4.511  22.791 0.7777780294
116121  46.723  5.358  23.047 0.6666669846
104461  45.734  4.852  22.344 0.6666669846
56251  45.258  4.391  21.893 0.6666669846
56264  45.226  4.351  20.959 0.5555559993
56265  44.477  4.063  20.481 0.5555559993
108141  52.666  10.091  29.249 0.3333329856
60648  51.860  9.714  28.445 0.3333329856
59730  51.197  9.122  28.486 0.3333329856
58864  50.338  7.949  28.848 0.4444440007
59758  49.638  8.164  26.670 0.7777780294
58884  49.122  7.625  27.300 0.6666669846
58025  49.068  7.115  28.053 0.7777780294
58885  48.420  7.216  26.818 0.7777780294
58026  47.934  6.695  27.257 0.7777780294
106331  48.999  7.501  25.568 1.0000000000
58897  48.447  7.206  25.940 1.0000000000
58904  48.650  7.096  25.080 0.7777780294
58044  47.965  6.743  25.432 1.0000000000
58060  48.453  6.530  23.658 0.7777780294
58061  47.800  6.082  23.989 0.7777780294
58070  47.865  6.193  23.100 0.7777780294
57140  47.256  5.693  23.453 0.8888890147
57150  47.163  5.836  22.472 0.7777780294
57141  46.366  5.268  22.355 0.5555559993
57152  45.868  4.987  21.502 0.5555559993
100741  45.129  4.366  20.020 0.4444440007
56278  44.319  4.348  19.497 0.4444440007
109630  43.917  4.640  18.775 0.2222220004
61592  53.370  10.481  28.770 0.2222220004
60647  52.665  10.269  28.299 0.4444440007
60660  51.970  9.930  27.734 0.5555559993
61604  53.533  10.608  28.020 0.3333329856
60661  51.197  9.277  27.595 0.6666669846
59757  50.260  8.583  26.132 0.7777780294
59769  49.604  8.013  25.638 0.8888890147
58903  49.316  7.484  24.855 1.0000000000
58911  48.940  6.984  24.236 0.7777780294
58069  48.493  6.714  22.808 0.7777780294
58081  47.843  6.554  22.225 0.7777780294
106502  47.321  6.243  21.509 0.6666669846
57151  46.660  5.585  21.588 0.5555559993
56277  45.720  4.681  19.534 0.4444440007
57162  45.785  4.794  20.467 0.5555559993
57182  47.643  4.850  18.143 0.4444440007
56285  46.920  4.738  18.176 0.4444440007
108802  46.090  4.688  18.098 0.3333329856
57168  46.315  4.767  18.876 0.3333329856
101365  45.075  4.540  19.261 0.4444440007
57199  47.534  4.860  17.392 0.4444440007
56293  46.645  4.826  17.590 0.2222220004
56286  45.508  4.649  18.691 0.3333329856
56287  44.711  4.673  18.653 0.3333329856
57213  46.904  5.156  17.115 0.2222220004
120337  46.440  5.052  17.359 0.2222220004
57200  46.205  5.564  17.242 0.2222220004
60674  51.839  9.800  26.969 0.4444440007
61614  54.310  10.370  26.818 0.3333329856
61615  53.659  10.570  26.986 0.2222220004
60675  51.055  9.192  26.465 0.6666669846
59768  50.340  8.473  25.252 0.8888890147
59784  50.192  8.000  23.991 0.6666669846
58919  49.651  7.552  22.992 0.7777780294
58927  49.027  7.271  22.478 0.7777780294
58936  48.895  7.408  21.599 0.7777780294
108104  48.402  7.055  22.094 0.6666669846
58080  48.079  6.926  21.308 0.6666669846
57160  46.885  5.790  20.766 0.6666669846
58089  47.555  6.312  20.602 0.6666669846
57167  47.195  5.159  19.067 0.5555559993
108077  47.144  5.779  20.002 0.6666669846
57161  46.461  5.191  19.930 0.5555559993
57212  47.661  5.358  16.767 0.4444440007
57211  48.432  5.677  16.557 0.3333329856
58143  46.955  5.893  16.838 0.2222220004
58992  47.132  7.000  16.845 0.2222220004
58127  46.242  6.639  17.073 0.2222220004
60659  52.701  10.291  27.415 0.2222220004
107159  51.863  9.684  26.198 0.5555559993
120802  54.689  9.941  25.631 0.2222220004
60686  52.526  9.873  25.477 0.5555559993
111466  51.714  9.339  24.920 0.5555559993
59775  51.390  9.003  24.109 0.6666669846
59767  50.993  8.938  24.990 0.6666669846
59783  50.690  8.388  23.459 0.6666669846
59776  50.590  8.428  24.410 0.6666669846
113534  50.065  7.899  23.433 0.6666669846
59791  50.877  8.576  22.453 0.6666669846
59792  50.222  8.085  22.719 0.6666669846
111152  50.407  8.250  21.967 0.6666669846
58926  49.663  7.843  22.008 0.6666669846
58088  48.307  6.695  20.277 0.6666669846
58114  49.020  5.560  18.584 0.6666669846
58098  48.632  6.196  19.463 0.6666669846
57166  48.128  5.420  18.768 0.5555559993
58099  47.826  5.961  19.710 0.6666669846
57181  48.492  4.945  17.674 0.5555559993
57180  49.460  5.198  17.644 0.4444440007
57198  48.438  5.005  16.873 0.4444440007
58142  47.744  6.140  16.579 0.2222220004
60673  52.641  10.153  26.512 0.2222220004
105849  54.154  10.422  26.206 0.3333329856
114464  53.386  10.338  26.124 0.3333329856
61627  54.464  10.139  25.585 0.2222220004
61628  53.752  10.243  25.471 0.3333329856
61637  54.849  9.939  25.067 0.2222220004
61638  54.210  10.148  24.790 0.2222220004
117912  52.767  9.926  23.902 0.4444440007
60695  52.256  9.640  24.429 0.5555559993
60704  52.088  9.504  23.536 0.5555559993
60715  52.111  9.467  22.658 0.6666669846
59790  51.533  9.074  22.118 0.6666669846
59801  50.242  8.120  21.260 0.6666669846
58942  50.287  7.828  20.100 0.5555559993
59811  50.066  7.941  20.626 0.6666669846
58943  49.594  7.578  20.342 0.6666669846
58944  48.861  7.325  20.739 0.7777780294
58087  49.082  7.007  19.952 0.6666669846
112941  49.128  4.966  17.040 0.4444440007
117255  48.901  5.987  16.438 0.4444440007
104518  47.927  6.946  16.645 0.1111110002
61643  54.679  10.066  24.132 0.2222220004
60693  53.642  10.112  23.797 0.2222220004
61642  55.361  9.753  24.382 0.2222220004
101276  54.321  9.984  23.059 0.3333329856
60701  55.995  9.562  23.771 0.2222220004
60703  52.768  9.832  23.176 0.3333329856
115970  53.423  9.940  22.928 0.4444440007
60710  56.709  9.408  23.183 0.2222220004
60714  52.824  9.722  22.396 0.6666669846
60713  53.620  9.877  22.284 0.4444440007
59799  51.735  9.001  21.444 0.6666669846
59810  50.795  8.237  20.600 0.6666669846
58941  51.004  8.009  19.940 0.6666669846
58956  50.607  7.436  19.593 0.5555559993
58957  49.855  7.249  19.743 0.5555559993
58096  50.232  6.668  19.144 0.5555559993
58112  50.687  5.996  18.459 0.4444440007
58113  49.872  5.796  18.504 0.4444440007
57178  51.167  5.590  17.753 0.4444440007
57179  50.312  5.420  17.636 0.4444440007
57197  49.877  5.203  16.997 0.4444440007
57196  50.754  5.367  17.042 0.4444440007
57210  49.300  5.505  16.673 0.4444440007
57209  50.306  5.592  16.739 0.4444440007
58140  49.373  6.428  16.411 0.4444440007
58141  48.559  6.499  16.477 0.4444440007
60702  55.278  9.872  23.490 0.2222220004
60711  56.007  9.792  22.874 0.2222220004
60712  55.118  9.932  22.541 0.3333329856
101434  54.354  9.933  22.217 0.3333329856
60720  57.411  9.193  22.673 0.2222220004
60721  56.813  9.676  22.194 0.2222220004
119974  57.992  8.981  22.373 0.2222220004
59798  52.408  9.111  21.075 0.6666669846
59809  51.572  8.658  20.850 0.6666669846
117950  51.425  8.338  20.307 0.6666669846
59821  51.769  8.132  19.866 0.6666669846
58955  51.400  7.531  19.475 0.5555559993
58095  51.041  6.783  19.053 0.4444440007
58111  51.542  6.063  18.481 0.6666669846
57177  52.023  5.580  17.955 0.5555559993
57195  51.633  5.494  17.200 0.5555559993
107219  51.221  5.706  16.695 0.4444440007
58139  50.764  6.149  16.429 0.4444440007
105279  49.990  5.990  16.482 0.4444440007
58990  49.636  7.368  16.303 0.4444440007
60768  47.644  10.269  16.635 0.1111110002
60722  55.741  9.927  21.904 0.3333329856
118203  57.255  9.794  21.375 0.2222220004
101058  56.323  9.985  21.206 0.2222220004
60724  53.894  9.799  21.589 0.4444440007
60734  53.392  9.465  20.978 0.4444440007
60731  58.079  9.675  21.037 0.2222220004
59806  58.817  9.121  21.034 0.3333329856
59808  52.995  8.898  20.446 0.6666669846
59819  53.598  8.580  19.843 0.6666669846
59816  59.078  9.234  20.150 0.3333329856
59820  52.628  8.304  19.875 0.6666669846
58954  52.284  7.597  19.423 0.5555559993
58953  53.255  7.715  19.384 0.6666669846
58969  52.859  6.850  18.956 0.5555559993
58110  52.436  6.063  18.511 0.5555559993
57176  52.754  5.620  18.045 0.5555559993
57193  53.321  5.601  17.492 0.5555559993
57194  52.448  5.515  17.411 0.5555559993
57207  52.806  5.593  16.857 0.5555559993
57208  52.092  5.704  16.726 0.5555559993
58137  52.635  5.994  16.272 0.4444440007
62538  46.386  11.665  18.732 0.1111110002
58138  51.752  6.334  16.239 0.4444440007
58989  51.018  7.051  16.143 0.4444440007
102431  50.205  6.763  16.326 0.4444440007
60760  46.914  10.343  17.019 0.1111110002
59000  50.351  7.769  16.086 0.4444440007
106768  47.863  9.262  16.528 0.1111110002
118598  49.736  7.973  16.221 0.4444440007
59001  49.108  8.141  16.374 0.1111110002
112154  48.560  8.964  16.388 0.1111110002
60767  48.406  9.762  16.315 0.1111110002
60766  49.205  9.308  16.083 0.1111110002
101283  55.268  10.028  21.015 0.3333329856
60723  54.778  9.947  21.674 0.3333329856
101332  54.323  9.761  20.933 0.4444440007
60743  54.859  9.768  20.275 0.3333329856
59807  53.948  9.293  20.363 0.5555559993
60730  58.565  9.699  20.206 0.3333329856
59817  55.380  9.306  19.180 0.5555559993
59832  54.944  8.460  18.937 0.5555559993
58952  54.172  7.998  19.303 0.5555559993
58967  54.585  7.473  18.596 0.5555559993
58968  53.802  7.040  18.834 0.5555559993
58108  54.297  6.513  18.249 0.5555559993
58109  53.418  6.056  18.385 0.5555559993
58126  54.029  5.860  17.807 0.5555559993
57192  54.065  5.800  16.977 0.5555559993
57206  53.372  5.769  16.559 0.5555559993
58135  54.732  6.182  16.498 0.5555559993
62532  46.240  11.763  19.606 0.1111110002
115067  53.232  6.231  15.823 0.4444440007
58152  52.522  6.672  15.711 0.4444440007
61662  46.727  11.484  17.936 0.1111110002
58999  51.825  7.244  15.710 0.4444440007
103204  51.177  7.909  15.718 0.4444440007
112354  51.311  8.541  15.287 0.3333329856
59859  50.637  8.590  15.608 0.3333329856
59860  49.866  8.562  16.015 0.3333329856
60732  56.981  10.116  20.486 0.3333329856
60733  55.800  10.143  20.339 0.3333329856
101373  57.844  9.997  20.148 0.3333329856
60741  57.099  10.222  19.562 0.3333329856
60742  55.479  9.810  19.660 0.4444440007
60739  58.840  9.753  19.398 0.3333329856
60740  58.069  9.998  19.440 0.4444440007
60751  56.149  9.925  18.992 0.5555559993
60748  59.369  9.451  17.769 0.3333329856
60750  58.283  9.904  18.521 0.3333329856
59839  59.851  8.715  17.709 0.2222220004
59831  55.711  9.030  18.541 0.4444440007
58977  60.051  7.607  17.497 0.2222220004
58966  55.303  8.059  18.191 0.4444440007
58980  54.979  7.090  17.865 0.4444440007
58125  54.612  6.290  17.447 0.5555559993
58988  56.004  7.319  16.631 0.5555559993
58133  56.230  6.973  15.813 0.5555559993
58134  55.494  6.552  16.148 0.5555559993
58150  54.678  6.398  15.467 0.5555559993
58136  54.006  5.986  16.065 0.5555559993
58149  55.593  6.549  15.415 0.5555559993
58151  53.788  6.391  15.454 0.4444440007
105789  53.195  6.809  15.219 0.4444440007
58998  52.534  7.423  15.187 0.4444440007
58997  53.963  6.749  14.915 0.4444440007
59866  52.519  8.191  14.715 0.4444440007
59858  51.863  8.050  15.264 0.4444440007
58156  55.198  6.701  14.716 0.4444440007
121105  54.541  6.695  14.835 0.4444440007
59009  53.346  7.528  14.600 0.4444440007
59008  54.357  7.174  14.359 0.4444440007
59016  54.650  7.661  13.845 0.4444440007
100949  57.255  10.087  18.727 0.3333329856
60749  59.097  9.675  18.551 0.3333329856
110974  59.710  9.320  17.130 0.2222220004
59842  56.059  8.683  17.783 0.4444440007
59847  60.224  8.716  16.742 0.3333329856
58985  60.411  7.709  16.486 0.1111110002
58979  55.682  7.685  17.436 0.4444440007
58124  55.283  6.790  17.023 0.5555559993
58148  56.168  6.701  14.980 0.5555559993
117967  56.757  6.950  14.524 0.5555559993
59006  57.481  7.308  14.169 0.5555559993
109845  56.473  7.084  13.687 0.5555559993
105455  55.101  7.104  14.068 0.4444440007
59015  55.437  7.570  13.584 0.5555559993
60759  57.457  9.843  17.951 0.3333329856
60758  58.653  9.801  17.661 0.3333329856
59830  56.540  9.577  18.195 0.4444440007
59840  57.849  9.586  17.259 0.4444440007
59841  56.891  9.241  17.444 0.4444440007
59848  59.520  9.415  16.385 0.3333329856
60765  58.658  9.579  16.814 0.4444440007
59849  58.061  9.220  16.547 0.4444440007
58994  60.508  7.820  15.601 0.3333329856
101075  58.703  9.204  16.035 0.4444440007
59850  57.286  8.866  16.713 0.4444440007
59856  59.491  9.040  15.468 0.4444440007
58987  56.801  7.867  16.242 0.4444440007
58986  57.758  8.484  15.868 0.4444440007
118757  57.292  7.307  14.805 0.5555559993
58995  57.822  7.788  15.021 0.5555559993
59014  57.147  7.349  13.139 0.4444440007
120639  60.388  8.346  16.158 0.3333329856
59855  60.182  8.823  15.711 0.4444440007
59854  60.359  8.364  14.990 0.3333329856
59862  60.299  8.227  14.179 0.3333329856
59857  58.623  8.630  15.218 0.4444440007
59005  58.411  8.054  14.384 0.4444440007
59013  58.118  7.610  13.492 0.4444440007
59021  57.863  7.710  12.654 0.4444440007
109437  60.035  8.782  14.818 0.4444440007
59864  59.365  8.601  14.495 0.4444440007
59863  59.928  8.548  14.113 0.3333329856
59870  60.080  8.252  13.547 0.3333329856
108248  60.470  7.539  12.325 0.2222220004
59004  58.869  8.241  13.766 0.4444440007
59871  59.586  8.329  13.414 0.4444440007
59020  58.778  7.978  12.956 0.4444440007
59879  59.450  8.213  12.347 0.4444440007
107805  60.085  8.096  12.586 0.4444440007
23686  3.969  -31.151  51.019 0.2222220004
24511  6.741  -30.137  53.798 0.4444440007
104527  4.259  -31.510  51.475 0.2222220004
22813  11.017  -33.601  51.496 0.1111110002
23656  9.140  -31.730  53.972 0.4444440007
115397  11.467  -33.664  51.462 0.1111110002
24515  10.528  -31.720  54.228 0.3333329856
23664  7.387  -31.982  53.607 0.4444440007
100567  8.696  -30.399  53.894 0.6666669846
23674  5.293  -31.805  52.297 0.3333329856
28782  15.427  -26.660  53.084 0.3333329856
117088  7.197  -29.987  53.988 0.4444440007
24518  6.253  -30.971  53.452 0.4444440007
23667  5.238  -31.212  52.565 0.3333329856
23680  4.458  -31.315  51.850 0.2222220004
23676  4.843  -30.857  52.298 0.4444440007
23685  4.110  -31.651  51.011 0.2222220004
29592  14.569  -26.309  53.570 0.4444440007
25290  12.640  -30.458  54.693 0.2222220004
115608  15.898  -25.538  53.233 0.4444440007
108431  16.529  -24.906  52.232 0.5555559993
29591  15.302  -25.899  53.381 0.2222220004
26154  11.187  -29.734  54.379 0.5555559993
111959  5.954  -29.046  53.944 0.5555559993
24512  6.209  -30.182  53.582 0.4444440007
24524  14.046  -31.858  52.649 0.1111110002
24521  14.159  -31.626  53.309 0.1111110002
25299  13.794  -30.985  54.397 0.2222220004
28776  13.858  -27.064  54.103 0.3333329856
25298  14.653  -30.219  54.279 0.2222220004
29607  14.837  -25.100  52.756 0.4444440007
29600  14.698  -25.646  53.312 0.4444440007
30406  15.658  -24.823  50.909 0.6666669846
120586  14.947  -24.955  50.906 0.4444440007
27067  13.249  -28.549  54.700 0.3333329856
27934  12.954  -27.629  54.185 0.4444440007
109395  13.525  -28.032  54.580 0.3333329856
26149  6.666  -28.349  54.864 0.5555559993
27940  12.438  -27.595  53.489 0.4444440007
30415  17.159  -24.330  49.293 0.5555559993
117639  17.863  -24.027  48.458 0.6666669846
31247  19.204  -23.730  49.120 0.6666669846
116410  13.108  -23.996  43.653 0.4444440007
31285  19.715  -23.345  45.568 0.6666669846
31334  14.265  -23.442  41.953 0.3333329856
28848  27.131  -27.097  45.391 0.6666669846
28850  25.989  -26.414  45.191 0.7777780294
29679  25.372  -25.966  44.800 0.6666669846
106797  22.152  -23.717  45.277 0.7777780294
30506  24.126  -25.197  41.075 0.6666669846
32183  20.960  -22.938  43.604 0.7777780294
31328  22.183  -23.848  42.778 0.7777780294
30533  26.718  -25.035  39.017 0.7777780294
111144  24.926  -25.003  38.945 0.5555559993
30536  23.619  -24.492  38.877 0.5555559993
30551  23.389  -24.134  38.034 0.5555559993
30563  27.259  -24.301  37.829 0.8888890147
31413  23.717  -23.930  36.606 0.4444440007
30567  23.834  -24.217  37.369 0.5555559993
31395  23.014  -23.731  37.182 0.5555559993
31432  23.778  -23.720  35.750 0.4444440007
31340  30.790  -23.871  41.117 0.6666669846
30516  28.538  -24.932  40.203 0.7777780294
31368  28.756  -24.140  38.895 0.7777780294
101538  28.766  -23.698  38.014 0.7777780294
29677  30.736  -25.912  44.380 0.3333329856
31392  29.519  -23.129  37.629 0.8888890147
32250  30.313  -22.637  37.455 0.8888890147
32214  32.790  -22.480  40.582 0.7777780294
105346  33.356  -22.746  42.880 0.4444440007
31312  32.299  -23.536  43.385 0.5555559993
32203  32.245  -23.104  41.790 0.5555559993
33138  32.378  -21.462  37.558 0.8888890147
33088  33.459  -21.981  40.469 0.7777780294
33103  33.656  -21.378  39.183 0.8888890147
33071  33.974  -22.085  41.728 0.6666669846
33102  34.183  -21.190  39.575 0.7777780294
34008  35.349  -20.192  39.632 0.6666669846
35839  36.009  -18.796  38.549 0.8888890147
34923  36.522  -19.359  40.397 0.5555559993
36682  37.228  -17.681  38.898 0.8888890147
101348  37.799  -18.152  40.904 0.3333329856
36664  38.441  -17.417  40.843 0.4444440007
37496  37.582  -16.200  37.607 0.8888890147
37473  38.133  -17.123  39.997 0.5555559993
103944  37.822  -16.964  39.085 0.7777780294
41688  37.238  -12.164  33.806 1.0000000000
39056  38.289  -15.232  37.747 0.8888890147
41680  38.140  -12.048  34.858 1.0000000000
101503  40.833  -10.155  34.611 0.8888890147
103971  41.667  -10.177  30.307 1.0000000000
43479  42.261  -9.628  29.775 1.0000000000
43528  38.384  -9.281  25.772 0.3333329856
43542  38.107  -9.105  25.041 0.3333329856
44442  37.732  -8.919  24.322 0.2222220004
43564  37.092  -9.235  24.245 0.1111110002
104766  41.816  -9.867  36.734 0.5555559993
43404  42.555  -9.477  36.725 0.5555559993
44321  42.970  -9.215  36.007 0.6666669846
43469  44.137  -9.343  30.964 1.0000000000
44391  40.902  -8.859  27.545 0.7777780294
45286  39.833  -7.937  24.966 0.4444440007
44464  36.317  -8.721  23.191 0.1111110002
43389  42.914  -9.727  38.136 0.5555559993
44304  46.179  -8.275  36.252 0.4444440007
44331  45.871  -8.694  34.259 0.5555559993
44315  48.838  -7.998  35.836 0.2222220004
44341  45.919  -8.973  33.332 0.5555559993
44352  46.021  -8.982  32.531 0.5555559993
45233  43.182  -8.567  29.381 1.0000000000
45232  43.652  -7.901  29.121 1.0000000000
47225  42.688  -5.721  26.072 0.8888890147
45284  41.150  -7.307  25.822 0.5555559993
45305  39.529  -7.683  24.334 0.3333329856
47255  40.898  -5.756  24.404 0.5555559993
45306  38.817  -8.007  23.994 0.3333329856
46284  40.171  -6.177  23.824 0.3333329856
45329  39.172  -7.342  23.590 0.3333329856
44305  45.339  -8.477  36.617 0.4444440007
44314  49.951  -8.875  35.741 0.1111110002
45217  46.196  -7.317  30.665 0.7777780294
44378  44.306  -7.985  29.829 1.0000000000
45244  43.992  -7.141  28.552 1.0000000000
47224  43.401  -5.443  26.431 1.0000000000
48197  42.709  -4.567  25.237 0.7777780294
48231  41.505  -4.167  23.494 0.2222220004
121213  45.405  -8.610  37.334 0.4444440007
44291  46.077  -8.684  38.155 0.4444440007
102373  48.243  -8.571  37.553 0.3333329856
43409  50.504  -8.799  35.215 0.1111110002
46153  46.824  -6.953  31.038 0.7777780294
48161  47.547  -4.545  30.231 0.7777780294
119044  46.876  -3.963  28.980 0.8888890147
47201  46.509  -5.435  29.351 0.7777780294
47202  45.820  -5.824  28.964 0.8888890147
47209  45.532  -5.473  28.248 1.0000000000
48178  45.263  -4.540  27.369 1.0000000000
45174  50.456  -7.768  35.051 0.1111110002
46116  51.572  -6.370  34.720 0.1111110002
45181  51.962  -7.191  34.341 0.1111110002
44326  51.598  -7.762  34.601 0.1111110002
46131  49.179  -6.935  33.455 0.1111110002
50746  50.350  -1.000  32.162 0.2222220004
52542  50.998  0.257  32.461 0.2222220004
52559  50.470  0.751  31.287 0.3333329856
51666  48.811  -0.878  29.920 0.5555559993
120313  48.324  -2.554  30.243 0.6666669846
48126  50.933  -4.520  34.543 0.2222220004
49852  50.243  -2.345  33.125 0.3333329856
104624  49.617  -3.959  32.921 0.5555559993
51638  50.765  -0.818  32.961 0.2222220004
53449  51.258  2.062  32.482 0.2222220004
111736  50.623  2.966  31.092 0.3333329856
54350  50.432  2.250  30.883 0.3333329856
50809  46.316  -1.294  26.445 1.0000000000
52596  46.895  0.152  26.127 1.0000000000
51715  45.948  -0.395  25.170 1.0000000000
53504  45.411  1.766  25.117 0.8888890147
50823  45.564  -0.982  25.102 1.0000000000
52615  44.610  0.603  24.348 0.8888890147
51724  44.236  -0.629  24.071 0.8888890147
104353  44.066  0.252  24.168 0.7777780294
117202  43.874  -2.033  24.162 0.7777780294
51734  42.717  -0.876  23.547 0.4444440007
50846  42.908  -1.643  23.442 0.4444440007
50847  42.063  -1.533  23.196 0.4444440007
53515  42.872  1.277  23.592 0.6666669846
108120  41.224  -1.135  23.169 0.3333329856
57047  51.182  5.643  31.710 0.3333329856
56148  50.872  4.752  31.318 0.3333329856
55256  49.809  3.261  29.393 0.4444440007
54399  47.772  2.429  26.398 1.0000000000
52604  47.320  0.828  26.044 1.0000000000
54410  45.521  2.409  25.520 1.0000000000
56232  44.077  3.591  22.858 0.8888890147
104168  43.385  3.023  22.345 0.6666669846
111623  49.812  4.133  29.208 0.4444440007
56176  49.727  4.956  29.074 0.5555559993
57988  50.619  6.510  30.207 0.3333329856
56199  47.244  4.656  27.315 0.8888890147
55278  47.965  4.010  27.272 0.8888890147
105515  48.541  7.042  27.522 0.7777780294
119858  49.286  5.133  28.570 0.5555559993
57092  48.088  5.560  28.016 0.7777780294
110680  47.704  6.119  27.626 0.7777780294
58045  47.246  6.347  25.849 1.0000000000
58050  48.258  6.570  24.535 0.8888890147
57118  46.789  5.825  25.277 1.0000000000
59731  50.462  8.530  28.084 0.6666669846
59748  49.815  8.167  27.451 0.6666669846
59747  50.356  8.666  27.067 0.7777780294
58896  48.997  7.664  26.336 1.0000000000
59777  49.941  7.971  24.677 0.8888890147
58910  49.658  7.475  23.941 0.7777780294
58920  49.073  7.036  23.353 0.7777780294
114894  46.325  5.293  20.864 0.5555559993
57183  45.204  4.800  17.946 0.3333329856
60688  50.784  8.918  25.691 0.7777780294
60687  51.460  9.324  25.621 0.6666669846
60694  53.221  10.037  24.633 0.4444440007
59782  51.442  8.998  23.043 0.6666669846
58935  49.514  7.764  21.067 0.6666669846
58097  49.445  6.438  19.289 0.6666669846
59800  51.003  8.618  21.482 0.6666669846
60725  53.016  9.612  21.655 0.5555559993
103318  49.035  7.151  16.412 0.4444440007
100735  57.785  9.440  21.964 0.2222220004
106764  52.099  8.600  20.393 0.6666669846
58970  51.911  6.837  18.976 0.5555559993
58940  59.066  8.158  20.745 0.2222220004
59818  54.606  9.079  19.678 0.5555559993
101116  56.246  10.188  19.743 0.3333329856
60764  59.206  9.673  17.110 0.4444440007
58978  56.450  8.286  17.046 0.4444440007
58996  57.007  7.380  15.347 0.5555559993
59007  55.859  6.846  14.165 0.5555559993
118879  58.070  9.851  17.837 0.3333329856
59869  60.331  7.855  13.254 0.2222220004
110298  5.514  -29.466  53.033 0.4444440007
26160  5.579  -28.475  53.932 0.3333329856
27073  5.655  -27.959  54.274 0.1111110002
27932  5.486  -27.275  53.952 0.1111110002
27072  6.134  -27.887  54.681 0.2222220004
111052  6.346  -27.378  54.812 0.2222220004
27931  5.948  -27.371  54.467 0.1111110002
27923  6.648  -27.221  55.244 0.2222220004
27924  6.280  -26.984  54.641 0.1111110002
28768  6.199  -26.392  54.467 0.1111110002
26150  6.353  -28.301  54.714 0.2222220004
27065  6.528  -27.767  54.996 0.2222220004
107149  6.999  -26.579  55.585 0.2222220004
27922  6.924  -27.226  55.643 0.2222220004
28767  6.871  -26.714  55.415 0.2222220004
106478  6.753  -26.310  54.929 0.1111110002
29588  7.017  -25.779  55.127 0.1111110002
108620  7.044  -26.092  55.375 0.2222220004
27063  7.064  -27.937  55.324 0.3333329856
27064  6.771  -27.785  55.282 0.2222220004
28770  7.173  -26.663  55.290 0.2222220004
29595  7.284  -25.964  54.653 0.1111110002
28778  7.527  -26.253  53.814 0.1111110002
29594  7.539  -25.201  54.016 0.1111110002
27935  7.460  -27.117  54.464 0.3333329856
27930  7.099  -27.310  55.556 0.2222220004
27951  7.594  -27.224  53.443 0.3333329856
114514  7.674  -27.224  52.603 0.2222220004
28785  7.708  -26.387  52.323 0.1111110002
29602  7.729  -25.538  53.056 0.1111110002
103244  7.850  -26.360  51.458 0.1111110002
29609  7.891  -25.458  52.021 0.1111110002
29626  8.221  -25.753  50.261 0.1111110002
30409  8.344  -24.824  50.609 0.1111110002
105230  7.938  -27.825  52.211 0.5555559993
27950  7.804  -28.037  52.911 0.4444440007
28793  7.808  -27.202  51.803 0.1111110002
27960  8.177  -27.967  51.542 0.4444440007
111175  8.043  -26.330  50.735 0.2222220004
30421  8.532  -25.099  49.721 0.1111110002
30408  8.715  -24.200  50.076 0.1111110002
27089  8.261  -28.795  53.293 0.4444440007
27080  8.141  -28.724  54.055 0.4444440007
27096  8.400  -28.549  52.314 0.5555559993
27105  8.773  -28.500  51.426 0.5555559993
27967  8.731  -27.653  50.078 0.4444440007
27112  8.484  -28.046  50.849 0.4444440007
110953  8.072  -27.257  50.869 0.3333329856
28809  8.289  -26.702  50.075 0.3333329856
28821  8.846  -26.903  49.432 0.4444440007
29635  8.524  -26.049  49.483 0.2222220004
114405  9.076  -26.316  48.874 0.4444440007
29634  8.856  -25.426  48.916 0.1111110002
29643  9.356  -25.856  48.241 0.2222220004
30420  8.951  -24.344  49.180 0.1111110002
27095  9.201  -28.835  52.061 0.5555559993
27104  9.624  -28.715  51.364 0.5555559993
27111  9.148  -28.366  50.644 0.4444440007
27966  9.646  -28.023  49.970 0.4444440007
118024  9.425  -26.925  48.990 0.4444440007
29651  9.693  -25.396  47.606 0.3333329856
30442  9.509  -24.494  47.547 0.1111110002
120613  10.011  -23.632  46.462 0.1111110002
27088  9.259  -29.162  52.969 0.4444440007
27094  10.137  -28.938  52.288 0.4444440007
27964  11.346  -27.814  50.291 0.4444440007
27110  10.041  -28.477  50.621 0.5555559993
27978  10.206  -27.646  49.363 0.4444440007
27977  11.067  -27.607  49.500 0.5555559993
28830  10.436  -26.824  48.188 0.5555559993
28835  10.913  -26.407  47.497 0.4444440007
29642  10.046  -26.208  47.787 0.4444440007
29662  10.730  -25.311  46.549 0.3333329856
29650  10.379  -25.750  47.170 0.4444440007
29661  11.511  -25.597  46.500 0.3333329856
30453  10.358  -24.384  46.247 0.3333329856
30441  10.031  -24.941  46.966 0.3333329856
30465  12.124  -24.782  45.302 0.4444440007
30466  11.436  -24.192  45.102 0.3333329856
30478  12.085  -24.222  44.610 0.3333329856
109557  10.297  -23.388  45.813 0.1111110002
115985  12.068  -23.728  44.073 0.3333329856
31307  11.519  -23.647  44.429 0.3333329856
31290  10.810  -23.340  44.936 0.2222220004
32164  10.282  -22.447  45.343 0.1111110002
27102  11.192  -28.299  51.394 0.4444440007
27959  10.884  -28.246  50.765 0.4444440007
27103  10.508  -28.606  51.387 0.4444440007
28829  11.281  -26.866  48.184 0.5555559993
28834  11.701  -26.469  47.707 0.5555559993
29649  11.648  -26.032  47.167 0.5555559993
31306  12.649  -24.085  44.136 0.3333329856
31322  11.695  -23.190  43.791 0.3333329856
32177  10.692  -22.259  44.469 0.2222220004
31321  12.403  -23.542  43.410 0.3333329856
32176  11.282  -22.406  43.733 0.2222220004
114600  12.537  -23.089  42.688 0.2222220004
32187  11.870  -22.635  43.034 0.2222220004
107321  13.699  -23.399  42.210 0.3333329856
32197  12.403  -22.332  42.283 0.1111110002
31382  22.702  -23.694  38.064 0.4444440007
111199  22.067  -23.260  38.191 0.3333329856
31346  13.695  -22.825  41.528 0.2222220004
32196  12.988  -22.115  41.696 0.2222220004
33061  12.593  -21.170  42.094 0.1111110002
32252  21.760  -22.890  37.518 0.3333329856
31396  22.325  -23.355  37.506 0.3333329856
32253  21.091  -22.249  37.624 0.3333329856
116067  21.454  -22.543  36.920 0.3333329856
106257  20.516  -21.534  37.331 0.2222220004
31414  23.012  -23.537  36.129 0.3333329856
32266  22.126  -23.083  36.563 0.3333329856
32267  21.363  -22.383  36.171 0.3333329856
32268  20.931  -21.969  36.728 0.2222220004
30508  22.800  -24.297  41.457 0.5555559993
31341  22.103  -23.699  41.333 0.5555559993
30521  22.665  -24.050  40.441 0.5555559993
31354  22.878  -24.042  39.389 0.4444440007
105882  21.918  -23.481  40.597 0.4444440007
31356  21.390  -22.991  40.324 0.4444440007
31355  22.070  -23.482  39.720 0.4444440007
117027  21.470  -22.945  39.592 0.4444440007
32216  20.916  -22.492  39.893 0.4444440007
31371  21.783  -23.116  38.950 0.3333329856
31370  22.410  -23.622  38.819 0.3333329856
32231  21.194  -22.590  39.093 0.3333329856
31345  14.596  -23.212  41.299 0.2222220004
32242  20.885  -22.178  38.512 0.3333329856
32232  20.580  -22.066  39.299 0.2222220004
32241  21.466  -22.727  38.316 0.3333329856
33128  20.281  -21.625  38.702 0.2222220004
119822  20.588  -21.769  38.042 0.2222220004
33143  20.085  -21.186  38.024 0.2222220004
31412  24.425  -23.986  36.273 0.3333329856
32280  22.444  -23.146  35.612 0.3333329856
32281  21.791  -22.676  35.519 0.3333329856
31431  24.627  -23.710  35.397 0.3333329856
33174  21.128  -22.023  35.369 0.2222220004
31433  23.096  -23.360  35.092 0.3333329856
32296  21.542  -22.266  34.672 0.2222220004
108054  21.505  -23.320  43.202 0.5555559993
110511  22.312  -23.903  42.025 0.6666669846
31329  21.563  -23.351  42.193 0.4444440007
107130  20.728  -22.717  41.874 0.4444440007
31342  21.377  -23.115  41.221 0.4444440007
32204  20.060  -22.163  41.601 0.4444440007
112990  20.630  -22.448  40.859 0.4444440007
32218  19.860  -21.847  40.826 0.2222220004
33095  19.207  -21.691  40.548 0.3333329856
33094  19.547  -21.590  40.068 0.2222220004
32217  20.268  -21.940  40.099 0.2222220004
31344  15.538  -23.389  41.350 0.2222220004
33110  19.960  -21.530  39.446 0.2222220004
32208  15.082  -22.818  40.615 0.2222220004
32209  14.213  -22.404  40.815 0.2222220004
33111  19.356  -21.215  39.512 0.2222220004
33129  19.566  -20.996  38.808 0.2222220004
32192  20.772  -22.811  42.842 0.6666669846
32193  20.115  -22.455  42.372 0.6666669846
105869  19.546  -22.343  41.993 0.3333329856
33077  19.251  -21.975  41.304 0.3333329856
104797  18.710  -22.649  41.916 0.3333329856
32205  18.408  -22.312  41.197 0.2222220004
32219  18.569  -21.857  40.602 0.3333329856
32223  14.768  -21.800  40.218 0.2222220004
118143  18.712  -21.309  39.843 0.2222220004
108919  17.945  -21.701  40.050 0.1111110002
33098  15.493  -21.450  39.699 0.2222220004
34016  18.956  -20.832  39.211 0.2222220004
33112  17.699  -21.248  39.442 0.1111110002
34038  18.739  -20.367  38.476 0.2222220004
34039  17.823  -20.131  38.409 0.2222220004
32206  17.776  -22.821  41.467 0.3333329856
117839  16.343  -23.329  41.415 0.2222220004
107789  16.900  -22.918  41.033 0.3333329856
32220  17.627  -22.309  40.605 0.1111110002
32221  16.595  -22.443  40.254 0.1111110002
33096  17.142  -21.845  39.799 0.1111110002
33114  16.050  -21.159  39.257 0.2222220004
34018  17.347  -20.690  38.792 0.2222220004
33113  16.806  -21.261  39.209 0.1111110002
34040  17.030  -20.049  38.388 0.2222220004
34111  30.793  -20.661  34.170 0.4444440007
118649  32.316  -19.193  34.026 0.5555559993
35029  32.530  -19.486  34.619 0.7777780294
116002  32.488  -18.469  33.508 0.5555559993
35030  31.926  -19.748  34.244 0.7777780294
34127  31.249  -20.022  33.827 0.4444440007
35920  31.814  -18.638  32.940 0.4444440007
35047  31.723  -19.268  33.466 0.3333329856
35061  31.255  -19.052  32.661 0.3333329856
35046  32.829  -18.859  34.302 0.6666669846
35919  33.111  -18.305  34.087 0.5555559993
36758  32.659  -17.601  33.010 0.4444440007
35930  32.109  -18.045  32.704 0.4444440007
36771  32.263  -17.434  32.478 0.4444440007
36783  32.091  -16.905  32.021 0.3333329856
36772  31.750  -17.647  32.076 0.3333329856
35945  31.145  -18.038  31.573 0.2222220004
35931  31.500  -18.373  32.305 0.2222220004
117076  31.415  -17.129  31.313 0.3333329856
36745  33.648  -17.850  34.284 0.7777780294
36757  33.163  -17.734  33.644 0.5555559993
108640  33.208  -16.991  33.199 0.5555559993
37541  32.663  -16.894  32.600 0.4444440007
37561  31.174  -16.341  30.844 0.2222220004
37528  33.742  -17.094  33.867 0.5555559993
37540  33.115  -16.238  32.806 0.4444440007
37551  32.530  -16.201  32.196 0.2222220004
37560  31.865  -16.146  31.523 0.2222220004
37527  34.402  -16.344  34.171 0.6666669846
37539  33.716  -16.283  33.436 0.5555559993
38323  33.579  -15.499  33.022 0.5555559993
38334  32.962  -15.501  32.447 0.1111110002
38322  34.228  -15.481  33.626 0.6666669846
39099  34.055  -14.710  33.185 0.6666669846
39108  33.444  -14.781  32.599 0.3333329856
38314  34.853  -15.374  34.258 0.7777780294
39098  34.709  -14.678  33.743 0.6666669846
39882  35.160  -14.091  33.836 0.7777780294
39892  34.668  -13.920  33.204 0.6666669846
39903  33.912  -14.050  32.699 0.3333329856
39902  34.399  -13.438  32.520 0.5555559993
115991  33.827  -13.563  32.217 0.4444440007
40761  34.084  -12.997  31.993 0.4444440007
39915  33.389  -13.398  31.638 0.3333329856
118371  32.759  -13.505  31.213 0.1111110002
40752  35.082  -13.187  32.829 0.5555559993
40760  34.744  -12.949  32.244 0.5555559993
40768  33.844  -12.751  31.265 0.2222220004
40769  33.085  -12.941  30.970 0.2222220004
43502  40.247  -9.473  27.873 0.7777780294
43492  39.686  -9.902  28.285 0.7777780294
42631  38.011  -9.912  26.965 0.7777780294
42618  36.438  -10.533  27.198 0.4444440007
107377  36.009  -10.428  26.509 0.3333329856
40767  34.720  -12.510  31.625 0.3333329856
40779  33.544  -12.476  30.525 0.3333329856
42578  36.221  -11.392  30.133 0.7777780294
41740  34.546  -11.645  29.493 0.5555559993
41741  33.676  -11.771  29.242 0.2222220004
43491  40.375  -9.834  28.597 0.8888890147
42591  37.979  -10.771  29.123 0.6666669846
42592  36.819  -11.120  29.521 0.5555559993
41754  35.250  -11.326  28.836 0.5555559993
43493  38.947  -10.039  28.028 0.6666669846
42604  38.437  -10.484  28.526 0.6666669846
42605  37.535  -10.651  28.298 0.6666669846
119926  36.208  -10.730  27.608 0.5555559993
42619  35.696  -10.732  27.296 0.2222220004
41717  34.294  -12.193  30.873 0.6666669846
41723  35.606  -11.658  30.722 0.7777780294
41725  33.968  -11.990  30.101 0.4444440007
119531  42.820  0.293  24.006 0.5555559993
51726  42.435  -0.051  23.866 0.4444440007
53520  42.160  0.665  23.017 0.4444440007
52627  40.824  -0.043  22.478 0.2222220004
54429  42.629  1.306  22.763 0.5555559993
53528  40.997  0.743  21.749 0.3333329856
52633  39.981  0.030  22.067 0.2222220004
52634  39.229  0.455  21.889 0.2222220004
54435  41.308  1.335  21.609 0.3333329856
53529  39.931  0.732  21.653 0.2222220004
105226  37.640  1.220  22.124 0.2222220004
52637  36.325  0.675  22.761 0.1111110002
51710  38.752  -0.180  26.333 0.1111110002
54433  42.806  1.869  22.657 0.5555559993
53506  37.091  1.471  25.368 0.1111110002
54439  41.431  1.961  21.529 0.4444440007
54440  40.688  1.986  21.311 0.2222220004
53538  37.850  2.040  21.650 0.2222220004
53522  36.182  1.730  23.541 0.1111110002
52598  40.018  0.389  27.065 0.1111110002
54405  38.692  2.241  26.388 0.1111110002
52599  39.222  0.544  26.742 0.1111110002
53499  37.993  1.702  26.030 0.1111110002
54413  38.295  2.627  25.817 0.1111110002
54415  36.688  1.977  24.852 0.1111110002
55309  36.776  2.806  24.022 0.1111110002
55319  42.742  2.897  21.473 0.4444440007
55321  42.028  2.373  21.484 0.3333329856
54441  39.703  2.133  21.123 0.2222220004
113520  38.270  2.585  21.278 0.2222220004
54436  36.940  2.665  22.797 0.1111110002
55315  37.245  3.445  23.076 0.1111110002
55337  41.273  3.401  20.173 0.2222220004
54449  40.393  3.207  20.307 0.2222220004
55329  38.283  3.207  21.075 0.2222220004
55330  37.965  3.718  21.659 0.1111110002
56242  37.716  3.947  22.555 0.1111110002
55336  42.106  3.661  20.039 0.2222220004
109040  38.401  3.860  21.012 0.2222220004
113109  38.066  4.420  22.120 0.2222220004
55347  42.173  4.173  19.599 0.2222220004
55349  40.626  3.986  19.874 0.2222220004
55338  39.638  3.935  20.191 0.2222220004
56270  38.835  4.356  20.709 0.2222220004
56254  38.350  4.478  21.430 0.1111110002
26159  5.958  -28.579  54.290 0.3333329856
112557  7.299  -27.486  55.111 0.2222220004
31320  13.248  -23.660  42.861 0.3333329856
42577  36.974  -11.153  30.381 0.6666669846
120973  37.323  -10.904  29.065 0.6666669846
42590  38.765  -10.632  29.306 0.6666669846
42603  39.208  -10.325  28.737 0.6666669846
52617  42.531  0.570  23.720 0.4444440007
55328  42.018  3.066  20.758 0.2222220004
56267  42.809  3.987  19.776 0.2222220004
119433  5.937  -26.576  54.314 0.1111110002
107011  6.657  -26.791  55.003 0.1111110002
27942  7.791  -28.059  53.833 0.4444440007
120887  7.600  -26.527  53.043 0.1111110002
29617  8.056  -25.527  51.113 0.1111110002
30398  8.196  -24.547  51.599 0.1111110002
30391  8.049  -24.525  52.564 0.1111110002
27979  9.452  -27.463  49.399 0.4444440007
28831  9.698  -26.630  48.413 0.4444440007
30431  9.184  -24.899  48.246 0.1111110002
31249  9.293  -23.774  48.303 0.1111110002
27965  10.520  -28.009  50.059 0.5555559993
27989  9.977  -27.208  48.783 0.4444440007
31259  9.771  -24.105  46.904 0.1111110002
31272  9.744  -23.277  47.007 0.1111110002
27988  10.755  -27.271  48.770 0.5555559993
30452  11.278  -24.900  45.834 0.3333329856
117789  11.018  -25.864  46.943 0.4444440007
30467  10.805  -24.082  45.555 0.2222220004
106454  11.183  -22.991  44.255 0.2222220004
106262  11.470  -21.783  43.219 0.1111110002
33062  11.910  -21.588  42.631 0.1111110002
31347  13.055  -22.947  42.156 0.2222220004
33079  13.500  -21.844  41.147 0.2222220004
33160  20.843  -21.777  35.982 0.2222220004
32207  15.994  -22.997  40.691 0.2222220004
32222  15.666  -22.309  40.094 0.2222220004
34017  18.267  -20.737  39.049 0.2222220004
33097  16.264  -21.804  39.642 0.1111110002
40780  32.749  -12.671  30.267 0.2222220004
43503  39.511  -9.607  27.557 0.6666669846
42617  37.309  -10.355  27.324 0.4444440007
42616  38.164  -10.247  27.720 0.6666669846
116189  36.713  -10.713  27.880 0.4444440007
42653  36.411  -10.023  25.676 0.2222220004
42593  36.078  -11.223  29.185 0.5555559993
41739  35.393  -11.538  29.821 0.5555559993
41724  34.781  -11.824  30.395 0.5555559993
41755  34.326  -11.367  28.460 0.3333329856
42607  35.983  -10.960  28.199 0.5555559993
42606  36.752  -10.926  28.669 0.5555559993
42608  35.092  -11.020  27.948 0.2222220004
42620  34.744  -10.864  27.122 0.1111110002
53527  41.907  0.906  22.158 0.4444440007
53521  41.423  0.380  22.327 0.3333329856
110802  40.674  0.301  21.962 0.3333329856
54434  42.161  1.653  22.008 0.5555559993
53536  40.355  1.332  21.451 0.2222220004
113346  39.151  -0.064  22.091 0.2222220004
53530  38.726  1.188  21.764 0.2222220004
52635  38.300  0.340  22.093 0.1111110002
121232  39.473  1.463  21.435 0.2222220004
106558  36.758  1.281  22.564 0.1111110002
53533  36.153  1.296  23.153 0.1111110002
53532  36.505  1.911  22.947 0.1111110002
51709  39.601  -0.353  26.673 0.1111110002
52600  38.358  0.700  26.308 0.1111110002
52608  36.823  0.657  25.229 0.1111110002
121060  40.288  2.556  20.793 0.2222220004
53537  38.761  2.011  21.317 0.2222220004
54423  36.468  2.236  24.269 0.1111110002
54430  36.504  2.323  23.620 0.1111110002
51708  40.426  -0.546  27.105 0.1111110002
53498  38.861  1.486  26.693 0.1111110002
52607  37.534  0.778  25.796 0.1111110002
54414  37.444  2.326  25.368 0.1111110002
53516  36.161  1.557  24.406 0.1111110002
54422  37.102  2.808  24.612 0.1111110002
54448  41.158  2.588  20.873 0.2222220004
54450  39.581  2.981  20.585 0.2222220004
54442  38.871  2.721  20.935 0.2222220004
54443  37.777  2.884  21.558 0.2222220004
53531  37.057  1.966  22.257 0.1111110002
55316  36.913  2.968  23.516 0.1111110002
53539  37.375  2.557  22.057 0.2222220004
54451  38.907  3.512  20.690 0.2222220004
55322  37.463  3.204  22.234 0.1111110002
55348  41.487  4.093  19.699 0.2222220004
56268  40.188  4.673  19.963 0.2222220004
28811  25.915  -26.475  48.592 0.4444440007
27969  25.852  -26.942  48.720 0.4444440007
27993  27.721  -27.598  47.513 0.3333329856
28823  26.533  -26.578  48.086 0.4444440007
27114  25.776  -27.501  48.697 0.3333329856
27115  25.043  -27.492  48.822 0.2222220004
28849  26.451  -26.617  45.983 0.6666669846
28842  26.636  -26.552  47.134 0.6666669846
27124  25.607  -28.187  48.561 0.2222220004
28026  28.545  -27.646  45.252 0.4444440007
29629  24.942  -25.879  49.056 0.4444440007
29646  25.475  -25.470  47.955 0.4444440007
27970  25.171  -26.875  48.927 0.3333329856
29658  25.323  -25.485  46.747 0.4444440007
29670  25.710  -25.978  45.809 0.4444440007
29639  24.594  -25.324  49.017 0.3333329856
30424  24.862  -25.088  48.388 0.5555559993
30447  23.809  -24.504  46.966 0.5555559993
112422  24.658  -25.087  46.110 0.5555559993
30414  22.006  -24.342  49.739 0.3333329856
30402  21.365  -24.410  49.930 0.3333329856
30403  20.489  -24.486  50.283 0.3333329856
29611  19.741  -25.009  50.665 0.3333329856
29613  18.350  -25.151  51.078 0.3333329856
117992  17.704  -25.442  51.202 0.3333329856
29606  17.060  -25.532  51.695 0.3333329856
28780  16.476  -25.870  52.297 0.3333329856
120541  23.524  -24.638  49.173 0.4444440007
31234  22.959  -24.347  49.290 0.4444440007
31235  22.308  -24.067  49.488 0.3333329856
31236  21.478  -23.976  49.738 0.3333329856
31226  20.821  -24.252  50.062 0.3333329856
30425  24.085  -24.708  48.739 0.4444440007
31244  22.607  -23.870  48.849 0.4444440007
31245  21.850  -23.666  48.994 0.4444440007
30436  23.612  -24.296  47.894 0.5555559993
31252  22.869  -23.877  47.979 0.5555559993
103858  23.309  -24.322  46.244 0.6666669846
31263  23.100  -24.093  47.079 0.5555559993
30462  23.481  -24.561  45.306 0.6666669846
31227  20.194  -24.220  50.286 0.3333329856
30393  19.683  -24.489  50.485 0.3333329856
30394  18.994  -25.006  50.962 0.3333329856
29605  17.754  -25.101  51.361 0.3333329856
31237  20.621  -23.873  49.872 0.4444440007
31220  18.988  -24.495  50.624 0.3333329856
30395  18.386  -24.833  50.973 0.3333329856
30388  17.152  -25.015  51.795 0.3333329856
31221  18.303  -24.536  50.795 0.3333329856
115666  17.777  -24.582  51.049 0.4444440007
31264  22.285  -23.738  47.091 0.6666669846
110584  21.324  -23.489  48.169 0.5555559993
106095  21.009  -23.590  49.084 0.5555559993
31246  20.101  -23.622  49.105 0.5555559993
110485  17.229  -24.790  51.471 0.3333329856
31253  21.608  -23.498  47.425 0.6666669846
31255  20.469  -23.524  48.156 0.6666669846
113139  22.108  -23.602  48.100 0.6666669846
115516  22.732  -23.950  46.420 0.6666669846
31254  20.835  -23.375  47.198 0.6666669846
31256  19.440  -23.696  48.051 0.5555559993
31282  22.139  -23.716  46.114 0.6666669846
31266  20.868  -23.313  46.307 0.6666669846
109980  18.505  -23.815  47.358 0.5555559993
32161  36.087  -22.933  45.060 0.1111110002
32163  34.452  -23.311  45.146 0.2222220004
31279  33.876  -23.897  45.482 0.3333329856
32171  33.443  -23.359  44.620 0.2222220004
32160  36.666  -22.697  44.832 0.1111110002
32169  34.914  -22.666  44.799 0.1111110002
32180  34.534  -22.411  44.005 0.2222220004
33008  37.017  -22.049  44.653 0.1111110002
32168  35.750  -22.479  44.899 0.1111110002
33009  36.511  -22.331  44.837 0.2222220004
117864  35.300  -22.089  44.308 0.2222220004
33928  37.033  -21.279  44.315 0.2222220004
33944  36.305  -21.130  43.669 0.2222220004
35802  37.661  -18.682  41.627 0.3333329856
39048  39.830  -14.427  39.240 0.6666669846
39839  40.369  -13.583  39.140 0.5555559993
39055  39.211  -14.501  38.416 0.7777780294
39845  39.036  -13.786  37.686 0.6666669846
39904  33.335  -14.078  32.188 0.1111110002
43504  38.748  -9.756  27.274 0.5555559993
43530  37.052  -9.673  25.372 0.2222220004
46286  38.726  -6.853  22.963 0.2222220004
47268  40.510  -5.378  23.523 0.2222220004
47269  39.746  -5.738  23.135 0.2222220004
48248  39.416  -4.433  22.491 0.1111110002
47284  39.241  -5.286  22.569 0.1111110002
47283  40.042  -4.945  22.876 0.1111110002
51735  41.789  -0.506  23.413 0.3333329856
28790  16.290  -26.215  52.126 0.2222220004
29671  25.011  -25.480  45.592 0.5555559993
43529  37.672  -9.494  25.560 0.2222220004
43512  38.576  -9.489  26.520 0.5555559993
43511  39.317  -9.296  26.811 0.5555559993
28841  27.342  -27.184  46.652 0.5555559993
42632  37.428  -9.980  26.638 0.4444440007
42652  37.190  -9.809  26.036 0.3333329856
29637  25.894  -25.975  48.404 0.4444440007
112833  26.391  -26.973  48.448 0.4444440007
29628  25.474  -26.071  48.783 0.4444440007
29638  25.247  -25.637  48.700 0.4444440007
27981  26.461  -27.492  48.485 0.3333329856
28833  27.162  -27.014  47.628 0.3333329856
29645  26.089  -25.944  47.557 0.4444440007
27123  26.404  -28.124  48.496 0.2222220004
27125  24.785  -28.199  48.555 0.2222220004
29669  26.074  -26.074  46.646 0.5555559993
27971  24.480  -26.847  49.094 0.3333329856
30446  24.535  -24.893  46.847 0.5555559993
30434  24.980  -25.043  47.556 0.5555559993
30435  24.340  -24.709  47.747 0.5555559993
111031  24.008  -24.744  46.120 0.5555559993
29612  18.909  -25.245  50.891 0.3333329856
28789  16.760  -26.081  51.689 0.3333329856
30426  23.311  -24.230  48.749 0.4444440007
30396  17.736  -24.803  51.179 0.3333329856
32162  35.312  -23.163  45.212 0.1111110002
39844  39.748  -13.761  38.450 0.6666669846
48232  40.799  -4.585  23.204 0.1111110002
46300  39.007  -6.087  22.742 0.1111110002
47285  38.433  -5.595  22.372 0.1111110002
24523  4.449  -30.728  51.896 0.2222220004
22801  4.929  -31.954  51.890 0.2222220004
34128  30.580  -20.342  33.430 0.2222220004
33206  30.139  -20.927  33.733 0.2222220004
33192  29.095  -21.826  33.809 0.2222220004
35048  30.934  -19.702  33.079 0.2222220004
34140  30.298  -20.136  32.685 0.2222220004
34129  30.024  -20.659  33.079 0.2222220004
33207  29.495  -21.242  33.181 0.2222220004
35062  30.606  -19.479  32.275 0.2222220004
35063  29.942  -19.937  31.886 0.2222220004
38273  38.312  -16.160  38.747 0.6666669846
38279  38.688  -15.305  38.408 0.6666669846
41726  33.152  -12.145  29.841 0.1111110002
59889  57.148  8.808  11.700 0.3333329856
59865  53.908  8.001  13.927 0.3333329856
59872  56.112  7.790  13.018 0.3333329856
59881  56.805  8.206  12.418 0.3333329856
59873  54.569  8.431  13.410 0.2222220004
59882  55.745  8.693  12.580 0.2222220004
60776  54.173  9.346  13.046 0.2222220004
59867  51.826  8.830  14.744 0.3333329856
60782  55.471  9.513  12.328 0.2222220004
59883  54.965  9.039  12.799 0.2222220004
118104  15.002  -30.505  53.989 0.1111110002
32292  27.867  -22.643  34.197 0.3333329856
33191  29.707  -21.434  33.993 0.3333329856
38266  39.186  -16.012  40.131 0.5555559993
39049  39.216  -15.025  39.021 0.6666669846
25305  4.722  -30.168  52.159 0.2222220004
39916  32.760  -14.057  31.674 0.1111110002
30411  24.030  -24.907  49.126 0.3333329856
25307  4.353  -30.174  51.589 0.2222220004
38271  39.560  -15.267  39.697 0.6666669846
40799  32.350  -12.382  29.594 0.1111110002
60781  56.241  9.116  12.009 0.3333329856
104869  55.330  8.363  13.080 0.3333329856
31277  35.653  -23.612  45.174 0.1111110002
103947  35.286  -24.293  45.216 0.1111110002
119233  26.569  -23.282  34.861 0.3333329856
31448  27.177  -23.083  34.777 0.3333329856
38265  39.852  -15.504  40.501 0.3333329856
38272  38.897  -15.697  39.275 0.5555559993
39042  40.163  -14.781  40.149 0.5555559993
39830  40.528  -14.052  39.880 0.5555559993
39838  40.946  -13.343  39.830 0.4444440007
101595  41.430  -12.284  39.330 0.4444440007
40705  40.228  -13.046  38.475 0.4444440007
31280  33.039  -23.934  45.312 0.2222220004
40704  40.858  -12.764  39.113 0.4444440007
43385  47.096  -9.465  39.378 0.1111110002
31278  34.757  -23.969  45.413 0.1111110002
30456  35.735  -24.554  44.906 0.1111110002
30457  34.503  -24.688  45.461 0.1111110002
29664  35.006  -24.950  45.133 0.1111110002
21927  9.399  -34.445  49.142 0.1111110002
22836  9.219  -33.332  49.129 0.1111110002
23695  9.513  -33.093  49.754 0.1111110002
23696  8.858  -32.571  49.452 0.1111110002
23702  8.586  -32.685  48.682 0.1111110002
22837  8.880  -33.668  48.337 0.1111110002
117326  9.172  -32.557  50.030 0.1111110002
23688  9.654  -32.999  50.371 0.1111110002
101371  8.121  -32.256  49.196 0.1111110002
103030  7.303  -32.200  48.903 0.1111110002
23710  6.714  -32.397  47.627 0.1111110002
23689  9.107  -32.568  50.613 0.1111110002
101912  8.437  -32.308  50.094 0.1111110002
23690  7.659  -32.406  50.758 0.1111110002
22831  6.319  -32.504  49.592 0.1111110002
114099  5.789  -32.718  50.400 0.1111110002
25308  4.071  -30.103  51.021 0.1111110002
24526  3.969  -30.581  50.907 0.1111110002
22826  5.139  -32.658  50.661 0.1111110002
23711  5.764  -32.682  47.977 0.1111110002
22820  4.789  -32.308  51.119 0.1111110002
109502  3.478  -31.447  49.450 0.1111110002
24531  3.735  -30.896  49.936 0.1111110002
24529  3.932  -30.676  50.536 0.1111110002
22832  4.639  -33.018  49.297 0.1111110002
25311  4.059  -30.044  50.568 0.1111110002
26170  5.109  -29.376  52.465 0.2222220004
26168  5.097  -28.564  52.547 0.2222220004
26173  4.300  -29.361  51.255 0.1111110002
26171  4.738  -28.896  51.926 0.1111110002
22827  4.426  -32.484  50.487 0.1111110002
22821  4.254  -32.073  50.856 0.1111110002
22833  3.362  -32.030  49.368 0.1111110002
23693  3.859  -31.345  50.520 0.1111110002
26174  4.113  -29.520  50.762 0.1111110002
22844  5.048  -33.067  47.437 0.1111110002
105394  3.626  -33.134  47.218 0.1111110002
22841  3.225  -32.462  48.636 0.1111110002
22863  3.882  -33.356  44.887 0.1111110002
22858  3.513  -33.122  45.487 0.1111110002
23717  2.906  -32.562  47.062 0.1111110002
27090  4.778  -28.018  52.197 0.1111110002
27097  4.453  -28.361  51.428 0.1111110002
22839  4.079  -33.012  48.718 0.1111110002
22845  4.162  -33.149  47.745 0.1111110002
27098  4.180  -28.715  50.971 0.1111110002
22850  4.993  -33.146  46.013 0.1111110002
22857  4.047  -33.279  45.791 0.1111110002
22862  4.649  -33.360  44.205 0.1111110002
114971  3.755  -33.370  44.127 0.1111110002
27937  4.647  -27.153  52.575 0.1111110002
113331  4.361  -27.463  51.781 0.1111110002
33030  11.066  -21.317  43.858 0.1111110002
31430  25.594  -23.657  35.445 0.2222220004
31466  26.467  -23.126  34.276 0.1111110002
31449  26.019  -23.388  34.807 0.1111110002
28018  29.218  -27.949  45.936 0.2222220004
32311  28.354  -22.218  33.573 0.1111110002
32293  27.067  -22.763  33.801 0.1111110002
31467  25.671  -23.238  33.994 0.1111110002
31450  25.180  -23.489  34.657 0.1111110002
113006  24.350  -23.489  34.480 0.2222220004
115239  27.529  -28.541  47.937 0.2222220004
26185  26.953  -28.673  48.171 0.2222220004
27992  28.355  -28.077  47.398 0.2222220004
27134  27.841  -28.143  47.829 0.2222220004
117536  27.654  -22.445  33.396 0.1111110002
31451  23.873  -23.578  34.995 0.2222220004
115574  23.596  -23.356  34.301 0.1111110002
34019  16.331  -20.429  38.776 0.1111110002
34020  15.507  -20.532  39.400 0.1111110002
34966  16.446  -19.415  38.514 0.1111110002
34944  15.635  -19.338  39.278 0.1111110002
35822  15.735  -18.099  39.835 0.1111110002
27980  27.094  -27.410  48.131 0.2222220004
33208  28.745  -21.745  32.932 0.1111110002
34141  29.587  -20.672  32.362 0.1111110002
34142  28.877  -20.952  31.853 0.1111110002
32294  22.820  -23.048  34.107 0.1111110002
34154  29.224  -20.334  31.525 0.1111110002
32316  22.081  -22.442  33.954 0.1111110002
33144  19.425  -20.483  37.928 0.1111110002
33175  20.562  -21.163  35.347 0.1111110002
34963  18.756  -19.740  37.609 0.1111110002
34964  18.110  -19.550  37.934 0.1111110002
35034  23.571  -18.941  34.584 0.1111110002
35932  30.881  -18.794  31.894 0.1111110002
35079  30.230  -19.239  31.470 0.1111110002
34132  22.584  -20.748  33.110 0.1111110002
33193  21.477  -21.467  33.943 0.1111110002
115441  20.787  -20.632  34.586 0.1111110002
105881  20.196  -20.496  35.742 0.1111110002
34076  19.829  -20.266  36.355 0.1111110002
34056  19.926  -20.789  37.182 0.1111110002
35946  30.474  -18.501  31.108 0.1111110002
33194  21.025  -21.477  34.661 0.1111110002
35002  19.516  -19.189  36.227 0.1111110002
34982  18.857  -18.989  36.820 0.1111110002
113434  22.333  -18.491  35.113 0.1111110002
113716  22.123  -19.557  33.928 0.1111110002
35036  21.812  -19.165  34.435 0.1111110002
34095  20.975  -19.590  34.565 0.1111110002
35880  20.209  -18.163  35.688 0.1111110002
35947  29.717  -18.930  30.710 0.1111110002
36784  30.685  -17.704  30.814 0.1111110002
35962  29.918  -18.158  30.359 0.1111110002
36813  29.258  -17.789  29.701 0.1111110002
36654  38.337  -18.003  41.766 0.3333329856
100766  38.858  -17.340  41.610 0.3333329856
37457  39.441  -16.960  42.001 0.1111110002
37466  39.120  -16.731  41.133 0.3333329856
37465  39.813  -16.350  41.619 0.1111110002
38257  39.541  -16.116  40.869 0.1111110002
38256  40.165  -15.725  41.281 0.2222220004
42633  36.793  -10.206  26.566 0.2222220004
38255  40.882  -15.386  41.695 0.2222220004
39030  40.507  -15.088  40.934 0.2222220004
39029  41.229  -14.738  41.375 0.2222220004
39041  40.855  -14.419  40.626 0.2222220004
39828  41.641  -13.311  40.472 0.2222220004
101442  41.491  -12.741  39.852 0.3333329856
41633  42.745  -11.934  40.456 0.1111110002
42464  45.133  -10.749  40.664 0.1111110002
42465  44.286  -11.081  40.649 0.1111110002
41632  43.682  -11.852  40.840 0.3333329856
41643  42.405  -11.430  39.680 0.2222220004
41644  41.731  -11.707  39.159 0.3333329856
104432  41.468  -11.370  38.461 0.3333329856
117581  51.667  -4.323  34.787 0.1111110002
42466  43.246  -11.184  40.243 0.3333329856
49009  51.085  -3.734  34.562 0.1111110002
49018  50.530  -3.028  33.902 0.1111110002
49844  50.761  -2.258  34.023 0.1111110002
50730  51.128  -1.587  34.221 0.1111110002
51647  51.288  -0.209  33.517 0.1111110002
52549  51.118  1.061  32.244 0.1111110002
53437  51.611  1.628  33.368 0.1111110002
105308  51.295  7.018  30.948 0.2222220004
57056  50.627  5.430  30.604 0.3333329856
58836  51.828  7.833  31.315 0.2222220004
60612  52.776  9.272  30.515 0.1111110002
115810  51.566  8.249  30.500 0.2222220004
59701  50.947  8.133  29.742 0.2222220004
58850  50.478  7.253  29.462 0.2222220004
107287  51.682  8.907  30.049 0.2222220004
26167  5.470  -28.675  53.215 0.2222220004
22818  6.140  -32.579  51.624 0.1111110002
22819  5.480  -32.381  51.321 0.1111110002
118713  5.219  -32.118  51.929 0.1111110002
116327  4.542  -31.702  51.770 0.1111110002
23698  3.664  -32.205  49.874 0.1111110002
22828  3.977  -32.280  50.305 0.1111110002
37472  38.759  -16.692  40.374 0.4444440007
52541  51.515  0.745  33.338 0.1111110002
54321  51.449  3.093  32.821 0.1111110002
57046  51.798  5.899  32.519 0.2222220004
60613  52.380  9.514  29.985 0.2222220004
59715  51.757  9.371  29.235 0.2222220004
103059  50.982  8.704  29.085 0.2222220004
24525  4.140  -30.853  51.417 0.1111110002
23679  4.507  -31.925  51.470 0.1111110002
113169  51.691  2.406  33.417 0.1111110002
57974  51.096  6.325  31.222 0.2222220004
57964  51.575  6.307  31.961 0.2222220004
32295  22.262  -22.893  34.805 0.1111110002
27122  27.151  -28.029  48.298 0.2222220004
33218  29.043  -21.267  32.448 0.1111110002
110832  4.621  -29.624  51.874 0.1111110002
22824  9.954  -33.603  50.192 0.1111110002
23703  7.908  -32.343  48.337 0.1111110002
23708  8.346  -32.787  47.807 0.1111110002
23697  7.439  -32.235  49.844 0.1111110002
23691  6.604  -32.519  50.579 0.1111110002
23704  6.499  -32.402  48.506 0.1111110002
114524  7.260  -32.260  48.127 0.1111110002
22825  6.013  -32.535  50.969 0.1111110002
111338  5.278  -32.904  49.881 0.1111110002
101076  4.617  -32.817  50.062 0.1111110002
100746  5.088  -32.193  51.606 0.1111110002
22838  4.833  -33.049  48.350 0.1111110002
117222  3.134  -32.699  47.799 0.1111110002
100813  3.968  -32.673  49.649 0.1111110002
108796  3.534  -32.444  49.289 0.1111110002
23716  5.994  -32.707  47.100 0.1111110002
22851  4.320  -33.216  46.760 0.1111110002
118009  5.282  -33.044  46.692 0.1111110002
22852  3.578  -33.141  46.449 0.1111110002
22847  3.290  -32.951  47.149 0.1111110002
22846  3.488  -32.911  48.025 0.1111110002
22856  4.767  -33.222  45.179 0.1111110002
22853  3.266  -32.947  46.319 0.1111110002
113036  2.968  -32.661  46.200 0.1111110002
118308  3.334  -33.012  44.933 0.1111110002
31468  24.801  -23.325  33.803 0.1111110002
31469  23.466  -23.052  33.487 0.1111110002
121058  24.081  -23.318  33.780 0.1111110002
34931  14.954  -19.714  39.973 0.1111110002
33219  28.361  -21.523  32.032 0.1111110002
32315  22.749  -22.494  33.317 0.1111110002
33161  20.377  -21.174  36.371 0.1111110002
121351  21.083  -20.994  34.250 0.1111110002
34057  19.283  -20.002  37.004 0.1111110002
35861  17.711  -18.670  37.764 0.1111110002
34983  18.280  -18.875  37.344 0.1111110002
34116  22.853  -19.589  33.651 0.1111110002
35080  29.484  -19.633  31.122 0.1111110002
117398  23.309  -20.395  32.843 0.1111110002
34117  22.010  -20.505  33.494 0.1111110002
34118  21.351  -20.233  34.019 0.1111110002
35001  20.003  -19.570  35.630 0.1111110002
35035  22.763  -18.898  34.635 0.1111110002
35018  21.523  -18.689  34.987 0.1111110002
34096  20.396  -20.100  35.074 0.1111110002
35019  20.672  -18.975  35.127 0.1111110002
35963  29.082  -18.554  30.019 0.1111110002
35980  28.434  -18.019  29.551 0.1111110002
36798  30.825  -17.005  30.613 0.1111110002
38245  40.544  -16.010  42.060 0.1111110002
40692  42.213  -12.650  40.534 0.2222220004
40703  41.931  -12.074  39.881 0.2222220004
58837  51.075  7.528  30.388 0.2222220004
57973  51.728  6.938  31.710 0.2222220004
58820  52.500  7.240  31.917 0.2222220004
59700  52.284  8.693  30.872 0.2222220004
33211  22.197  -21.646  33.314 0.1111110002
103732  35.297  -10.620  26.569 0.1111110002
50856  40.584  -2.158  22.600 0.1111110002
52626  41.497  0.103  23.011 0.2222220004
51736  40.949  -0.534  23.035 0.2222220004
116321  40.317  -1.284  22.814 0.2222220004
52618  42.003  0.227  23.525 0.2222220004
51744  40.309  -0.452  22.609 0.2222220004
104870  53.132  8.433  14.174 0.2222220004
59874  53.644  8.858  13.609 0.2222220004
111353  60.515  7.517  13.795 0.2222220004
59880  58.550  8.176  12.146 0.3333329856
59003  60.538  7.591  14.611 0.2222220004
58950  59.514  8.258  19.274 0.2222220004
59828  59.570  8.943  18.543 0.2222220004
59829  59.339  9.209  19.341 0.2222220004
49976  41.145  -2.673  22.654 0.1111110002
50848  41.227  -1.891  22.864 0.2222220004
57201  45.504  5.379  17.538 0.2222220004
42634  34.619  -10.667  26.170 0.1111110002
49977  40.395  -2.739  22.461 0.1111110002
26208  29.666  -29.507  46.502 0.1111110002
104186  29.042  -29.768  46.663 0.1111110002
25332  28.875  -30.358  45.489 0.1111110002
25323  28.651  -30.112  46.296 0.1111110002
25333  27.954  -30.397  45.450 0.1111110002
101175  26.744  -30.296  43.902 0.1111110002
26193  28.811  -29.336  47.070 0.1111110002
26209  28.541  -29.814  46.897 0.1111110002
25324  27.827  -30.099  46.604 0.1111110002
101661  26.999  -30.369  44.895 0.1111110002
25370  24.813  -29.783  42.661 0.1111110002
101937  25.215  -29.816  41.889 0.1111110002
25383  24.712  -29.706  41.306 0.1111110002
25319  27.210  -29.785  47.233 0.1111110002
120446  25.605  -29.994  43.939 0.1111110002
101732  24.619  -29.619  44.082 0.1111110002
25358  24.367  -29.563  43.338 0.1111110002
28838  32.816  -26.942  45.787 0.1111110002
28003  31.879  -27.799  45.852 0.1111110002
28840  31.525  -27.539  45.790 0.1111110002
28004  31.262  -28.277  45.969 0.1111110002
29666  32.616  -25.287  45.887 0.1111110002
29667  31.903  -25.724  45.606 0.1111110002
28846  31.780  -26.630  45.688 0.1111110002
28016  30.629  -27.953  45.894 0.1111110002
30460  32.043  -24.916  45.391 0.1111110002
28017  30.129  -27.485  45.177 0.1111110002
27127  23.160  -27.843  48.162 0.1111110002
27137  22.649  -27.980  47.199 0.1111110002
28025  29.312  -27.649  45.099 0.1111110002
27146  23.277  -28.649  46.664 0.1111110002
28006  28.929  -28.373  46.737 0.1111110002
26187  25.290  -28.854  48.161 0.1111110002
26214  23.872  -29.065  46.085 0.1111110002
26212  25.446  -29.577  46.959 0.1111110002
26227  24.400  -29.380  45.431 0.1111110002
26229  22.992  -28.640  44.899 0.1111110002
25335  25.746  -29.991  45.501 0.1111110002
25345  24.805  -29.641  44.818 0.1111110002
26243  23.519  -28.960  44.463 0.1111110002
113626  22.644  -28.332  43.716 0.1111110002
25346  23.974  -29.260  43.934 0.1111110002
29654  33.837  -25.115  45.795 0.1111110002
120746  33.429  -24.360  45.744 0.1111110002
27983  23.591  -27.453  48.893 0.2222220004
27994  22.426  -27.489  47.930 0.1111110002
28007  28.229  -27.765  46.820 0.1111110002
27101  14.623  -28.451  51.810 0.1111110002
27091  14.977  -27.777  52.265 0.1111110002
27973  23.275  -26.920  49.217 0.2222220004
27984  22.812  -27.242  48.670 0.2222220004
27956  15.504  -27.257  51.691 0.1111110002
28815  23.302  -26.296  49.403 0.2222220004
28814  23.950  -26.342  49.286 0.2222220004
27972  23.863  -26.869  49.227 0.2222220004
28824  22.551  -26.585  49.125 0.1111110002
33024  36.218  -21.789  44.480 0.1111110002
27946  15.927  -26.435  52.233 0.1111110002
28801  23.423  -26.137  49.341 0.2222220004
27955  15.944  -26.717  51.593 0.1111110002
28802  22.761  -25.672  49.480 0.2222220004
27976  17.416  -26.837  49.655 0.1111110002
28813  24.556  -26.252  49.134 0.2222220004
102338  22.365  -25.825  49.475 0.1111110002
28826  20.711  -26.109  49.144 0.1111110002
28827  19.889  -26.419  49.014 0.1111110002
27974  18.985  -26.898  49.195 0.1111110002
27116  17.569  -27.291  48.989 0.1111110002
34883  37.051  -19.977  42.908 0.1111110002
109360  37.283  -20.557  43.767 0.1111110002
27945  16.423  -26.391  51.609 0.1111110002
28797  17.046  -26.328  51.098 0.1111110002
28800  23.876  -25.878  49.296 0.2222220004
27953  17.346  -26.508  50.375 0.1111110002
27962  16.783  -26.853  50.201 0.1111110002
102456  17.872  -26.621  49.878 0.1111110002
29630  24.245  -25.629  49.173 0.2222220004
29619  23.405  -25.599  49.379 0.2222220004
28816  21.094  -25.431  49.671 0.1111110002
28817  20.234  -25.939  49.623 0.2222220004
28818  19.431  -26.244  49.729 0.2222220004
27975  18.092  -26.995  49.374 0.1111110002
29631  23.624  -25.353  49.317 0.2222220004
30400  22.963  -25.115  49.516 0.2222220004
30401  22.171  -24.750  49.722 0.2222220004
29620  21.287  -24.754  49.959 0.2222220004
29621  20.334  -25.010  50.356 0.2222220004
30412  23.281  -24.840  49.385 0.2222220004
34882  37.833  -19.721  43.437 0.1111110002
35789  38.069  -18.628  42.351 0.1111110002
28796  17.727  -26.059  50.715 0.1111110002
28806  18.133  -26.225  50.266 0.1111110002
28795  18.548  -25.741  50.637 0.1111110002
28819  18.565  -26.536  49.817 0.1111110002
29622  19.405  -25.376  50.595 0.2222220004
35788  38.673  -18.308  42.747 0.1111110002
28788  17.391  -25.895  51.222 0.1111110002
103257  18.084  -25.571  50.898 0.1111110002
44478  36.858  -8.129  22.888 0.1111110002
44465  35.632  -8.654  22.937 0.1111110002
45344  37.454  -7.507  22.693 0.1111110002
45345  36.446  -7.329  22.428 0.1111110002
45346  35.683  -7.681  22.537 0.1111110002
46301  38.236  -6.361  22.474 0.1111110002
46302  37.313  -6.588  22.336 0.1111110002
46304  35.607  -6.893  22.485 0.1111110002
56279  43.403  4.340  19.331 0.1111110002
56280  42.630  4.507  19.271 0.1111110002
56269  39.413  5.138  20.425 0.1111110002
56288  43.147  4.809  18.841 0.1111110002
56281  41.877  4.679  19.374 0.1111110002
108532  40.982  4.833  19.573 0.1111110002
57169  42.421  5.193  19.019 0.1111110002
57163  40.250  5.644  19.962 0.1111110002
57170  41.628  5.404  19.331 0.1111110002
57171  40.986  5.676  19.604 0.1111110002
57185  43.579  5.174  18.403 0.1111110002
58117  42.615  6.056  18.917 0.1111110002
108829  42.037  5.924  19.190 0.1111110002
57186  43.013  5.424  18.692 0.1111110002
110289  43.909  5.661  18.011 0.1111110002
58116  43.269  6.153  18.428 0.1111110002
58102  40.649  6.345  19.808 0.1111110002
57184  44.337  4.925  18.133 0.1111110002
58101  41.322  6.400  19.472 0.1111110002
58129  44.685  5.740  17.695 0.1111110002
58100  42.044  6.742  19.183 0.1111110002
58973  42.699  6.969  18.816 0.1111110002
58128  45.450  6.283  17.367 0.1111110002
58115  43.944  6.577  17.888 0.1111110002
58983  44.700  6.936  17.545 0.1111110002
58982  45.498  7.334  17.282 0.1111110002
58971  44.099  7.563  17.948 0.1111110002
58972  43.383  7.218  18.384 0.1111110002
59877  60.319  7.815  11.592 0.2222220004
59868  51.059  9.203  15.113 0.1111110002
60770  50.137  9.547  15.493 0.1111110002
59878  59.937  8.171  11.749 0.2222220004
121024  52.499  8.805  14.341 0.1111110002
121316  49.867  10.209  15.493 0.1111110002
59887  59.268  8.426  11.388 0.2222220004
60773  52.213  9.396  14.222 0.1111110002
59886  60.095  8.141  11.027 0.2222220004
59888  58.178  8.593  11.468 0.2222220004
59897  60.408  8.222  10.308 0.2222220004
59898  59.835  8.683  10.637 0.2222220004
60777  53.331  9.780  13.361 0.1111110002
59875  52.901  9.174  13.908 0.1111110002
61674  50.266  10.495  15.205 0.1111110002
60783  54.749  9.825  12.578 0.1111110002
60779  51.996  10.170  14.050 0.1111110002
118699  50.753  10.541  14.891 0.1111110002
60790  58.810  8.991  10.807 0.2222220004
60791  57.681  9.442  11.043 0.2222220004
61680  52.663  10.614  13.517 0.1111110002
61681  51.929  11.055  14.011 0.1111110002
60806  60.265  8.971  9.982 0.2222220004
60808  58.588  9.843  10.462 0.1111110002
60793  56.013  9.938  11.780 0.1111110002
61685  55.327  10.282  12.149 0.1111110002
60784  53.982  10.181  12.793 0.1111110002
61679  53.360  10.607  13.044 0.1111110002
62556  52.482  11.469  13.624 0.1111110002
61704  59.994  9.797  9.621 0.2222220004
61706  58.408  10.781  10.193 0.1111110002
61697  56.819  10.411  11.159 0.1111110002
61698  55.932  10.824  11.658 0.1111110002
61686  54.589  10.675  12.385 0.1111110002
61687  53.823  11.149  12.653 0.1111110002
62555  53.117  11.512  13.131 0.1111110002
62568  56.568  11.526  11.181 0.1111110002
62569  55.766  11.731  11.593 0.1111110002
62567  57.546  11.338  10.591 0.1111110002
118067  55.092  11.910  11.822 0.1111110002
62558  54.433  11.747  12.220 0.1111110002
103799  58.084  12.341  10.396 0.1111110002
63377  57.189  12.301  10.891 0.1111110002
64207  57.863  13.318  6.924 0.1111110002
63369  53.693  12.185  12.776 0.1111110002
63365  52.821  12.254  13.649 0.1111110002
63378  56.391  12.522  11.372 0.1111110002
120592  53.256  12.185  13.202 0.1111110002
108479  59.049  12.311  9.804 0.1111110002
120444  57.017  12.838  11.144 0.1111110002
63367  54.840  12.570  12.108 0.1111110002
114297  54.292  12.620  12.501 0.1111110002
63368  54.022  13.080  13.041 0.1111110002
63392  60.102  12.037  8.433 0.1111110002
63385  58.562  13.135  10.206 0.1111110002
64159  57.632  13.150  10.824 0.1111110002
64160  56.820  13.308  11.396 0.1111110002
116795  55.283  13.114  12.079 0.1111110002
64152  54.765  13.334  12.630 0.1111110002
64170  59.237  13.217  9.571 0.1111110002
64151  55.600  13.677  12.390 0.1111110002
105944  59.165  13.890  9.309 0.1111110002
65001  58.905  14.529  8.947 0.1111110002
114962  58.430  14.091  7.217 0.1111110002
65016  58.071  14.701  7.361 0.1111110002
63364  53.455  12.718  13.406 0.1111110002
63360  53.185  13.048  14.087 0.1111110002
64984  57.427  14.020  11.318 0.1111110002
64150  56.460  13.898  11.955 0.1111110002
64146  55.240  14.086  13.100 0.1111110002
64147  54.510  13.778  13.447 0.1111110002
64148  53.839  13.449  13.779 0.1111110002
64171  58.269  13.943  10.547 0.1111110002
64979  56.069  14.315  12.745 0.1111110002
64994  58.712  14.347  9.805 0.1111110002
64983  57.684  14.796  11.323 0.1111110002
64978  56.976  14.635  12.192 0.1111110002
65812  58.463  15.133  8.545 0.1111110002
65798  58.425  15.081  9.445 0.1111110002
65803  58.030  15.723  9.097 0.1111110002
65823  57.698  15.210  7.754 0.1111110002
64975  55.073  14.365  13.928 0.1111110002
64973  56.483  14.924  13.142 0.1111110002
64974  55.784  14.650  13.577 0.1111110002
64977  57.436  15.389  11.916 0.1111110002
65786  57.014  15.300  12.689 0.1111110002
65791  57.755  15.564  10.955 0.1111110002
66633  57.498  16.208  9.667 0.1111110002
65813  57.885  15.504  8.348 0.1111110002
65814  57.206  15.574  8.350 0.1111110002
65780  56.173  15.232  13.951 0.1111110002
27145  29.432  -28.969  46.853 0.1111110002
102659  30.223  -29.082  46.469 0.1111110002
106755  30.606  -28.640  46.156 0.1111110002
27133  28.574  -28.654  47.276 0.1111110002
26226  30.178  -29.928  46.029 0.1111110002
104047  28.103  -28.888  47.591 0.1111110002
26195  26.650  -29.327  47.724 0.1111110002
26186  26.151  -28.816  48.241 0.1111110002
117971  29.840  -27.910  45.726 0.1111110002
26211  26.234  -29.791  46.968 0.1111110002
27982  24.316  -27.496  48.935 0.1111110002
26196  25.786  -29.340  47.629 0.1111110002
27135  24.432  -28.754  47.954 0.1111110002
26198  24.110  -29.030  47.056 0.1111110002
27947  15.383  -26.999  52.428 0.1111110002
28847  30.972  -27.142  45.429 0.1111110002
30459  32.776  -24.565  45.655 0.1111110002
44479  36.026  -8.157  22.655 0.1111110002
51745  39.580  -0.593  22.432 0.1111110002
30413  22.628  -24.564  49.541 0.2222220004
30458  33.976  -24.540  45.697 0.1111110002
104935  57.688  8.240  12.063 0.2222220004
60792  56.715  9.539  11.528 0.1111110002
116961  28.608  -27.840  46.123 0.1111110002
26194  27.452  -29.150  47.703 0.1111110002
25322  29.401  -30.059  46.179 0.1111110002
25343  27.664  -30.458  44.219 0.1111110002
26210  28.061  -29.584  47.311 0.1111110002
103272  27.220  -30.283  45.805 0.1111110002
25344  26.004  -30.109  44.545 0.1111110002
25334  26.483  -30.184  45.555 0.1111110002
25369  25.753  -30.051  42.622 0.1111110002
25357  25.190  -29.917  43.494 0.1111110002
25356  25.982  -30.130  43.555 0.1111110002
117263  25.347  -29.890  44.934 0.1111110002
101952  25.247  -29.878  44.293 0.1111110002
26242  24.175  -29.318  44.646 0.1111110002
26267  23.942  -29.358  42.562 0.1111110002
29657  32.472  -26.094  45.919 0.1111110002
27126  23.971  -28.134  48.465 0.1111110002
27136  23.582  -28.473  47.617 0.1111110002
26197  24.950  -29.259  47.414 0.1111110002
26228  23.665  -29.030  45.201 0.1111110002
25326  25.555  -29.792  46.265 0.1111110002
26213  24.764  -29.432  46.398 0.1111110002
25336  25.086  -29.693  45.542 0.1111110002
114261  22.989  -28.584  44.281 0.1111110002
101981  26.159  -30.033  46.166 0.1111110002
26253  23.766  -29.180  43.321 0.1111110002
120714  22.616  -25.127  49.635 0.2222220004
28803  22.163  -25.181  49.691 0.2222220004
28825  21.561  -26.216  49.041 0.1111110002
27987  18.334  -27.436  48.568 0.1111110002
27954  16.610  -26.645  50.946 0.1111110002
28804  19.903  -25.614  50.142 0.2222220004
28805  19.013  -25.987  50.291 0.1111110002
44480  35.316  -8.262  22.681 0.1111110002
119924  38.057  -7.040  22.623 0.1111110002
60774  51.516  9.668  14.575 0.1111110002
60775  50.847  9.990  14.979 0.1111110002
60778  52.626  9.826  13.811 0.1111110002
59885  60.449  7.644  10.786 0.2222220004
59896  60.560  7.596  9.991 0.2222220004
60807  59.549  9.434  10.272 0.2222220004
61696  57.752  10.344  10.624 0.1111110002
61705  59.261  10.311  9.925 0.1111110002
62557  55.182  11.141  11.953 0.1111110002
62575  58.440  11.636  10.130 0.1111110002
63379  55.518  12.539  11.742 0.1111110002
64161  55.954  13.238  11.754 0.1111110002
63393  59.734  12.660  9.027 0.1111110002
62585  59.736  11.715  9.192 0.1111110002
64178  59.552  13.427  8.786 0.1111110002
64177  59.871  12.903  8.146 0.1111110002
118242  58.827  13.708  9.921 0.1111110002
65007  58.931  14.475  8.006 0.1111110002
121240  58.541  14.462  7.491 0.1111110002
119151  57.940  14.386  10.918 0.1111110002
64995  58.234  14.860  10.457 0.1111110002
65008  58.304  14.999  7.792 0.1111110002
109121  58.019  15.740  10.002 0.1111110002
28005  29.868  -28.527  46.277 0.1111110002
25325  26.858  -30.097  46.438 0.1111110002
41742  32.789  -11.929  29.054 0.1111110002
41756  33.309  -11.525  28.375 0.1111110002
37435  41.259  -17.258  43.067 0.1111110002
36640  41.720  -17.508  42.580 0.1111110002
36629  41.409  -17.876  42.812 0.1111110002
37455  40.818  -16.468  42.681 0.1111110002
119602  42.677  -17.746  42.171 0.1111110002
57963  52.172  6.566  32.358 0.1111110002
57036  52.474  5.974  32.763 0.1111110002
57952  52.752  6.540  32.349 0.1111110002
37445  41.309  -16.895  42.987 0.1111110002
111171  42.095  -16.575  41.988 0.1111110002
37444  41.596  -16.769  42.627 0.1111110002
38237  41.559  -16.450  42.489 0.1111110002
38244  41.370  -15.915  42.213 0.1111110002
55226  51.452  4.092  32.688 0.1111110002
58829  52.875  7.477  31.693 0.1111110002
38243  41.843  -15.758  41.858 0.1111110002
39009  42.281  -15.712  41.686 0.1111110002
38236  41.772  -16.230  42.045 0.1111110002
39018  41.667  -15.183  41.905 0.1111110002
39816  41.647  -13.994  41.113 0.1111110002
59689  52.657  8.050  31.424 0.1111110002
59688  53.053  8.044  31.292 0.1111110002
39017  42.403  -14.963  41.703 0.1111110002
39028  41.893  -14.518  41.718 0.1111110002
39815  42.390  -13.840  41.569 0.1111110002
60629  54.224  10.158  29.049 0.1111110002
104040  56.809  5.793  21.397 0.1111110002
56274  56.401  4.027  19.761 0.1111110002
115596  55.885  4.636  20.475 0.1111110002
61591  54.058  10.570  28.627 0.1111110002
61603  54.273  10.465  27.670 0.1111110002
59765  55.444  9.002  25.620 0.1111110002
58918  55.481  7.658  24.035 0.1111110002
58058  55.139  7.105  23.549 0.1111110002
58068  55.475  6.870  22.943 0.1111110002
58067  56.088  6.966  22.645 0.1111110002
58076  58.599  7.289  21.327 0.1111110002
58078  57.168  6.504  21.714 0.1111110002
117503  57.334  4.470  19.759 0.1111110002
61625  54.899  9.763  25.659 0.1111110002
103884  55.271  9.400  25.458 0.1111110002
59774  55.849  8.748  24.855 0.1111110002
58900  55.412  8.413  25.266 0.1111110002
59773  56.240  8.969  24.454 0.1111110002
58907  56.195  8.468  24.152 0.1111110002
58908  55.748  8.166  24.501 0.1111110002
58057  55.786  7.375  23.314 0.1111110002
58056  56.357  7.558  23.072 0.1111110002
58925  56.870  7.791  22.963 0.1111110002
106938  58.205  8.380  22.320 0.1111110002
56257  57.679  5.028  19.861 0.1111110002
56273  57.789  4.596  19.316 0.1111110002
57156  58.552  5.995  20.214 0.1111110002
61636  55.317  9.596  25.032 0.1111110002
58917  56.007  7.913  23.738 0.1111110002
106495  58.706  5.876  19.557 0.1111110002
56272  58.099  5.279  19.578 0.1111110002
58106  59.590  6.939  18.408 0.1111110002
58964  59.717  7.923  18.466 0.1111110002
58155  60.517  6.583  13.910 0.1111110002
59012  60.545  7.104  13.068 0.1111110002
59023  60.590  7.070  10.710 0.1111110002
58218  60.367  6.825  10.159 0.1111110002
59038  60.548  7.049  10.201 0.1111110002
59059  59.336  7.537  8.959 0.1111110002
59080  58.341  8.056  8.817 0.1111110002
59931  58.347  8.810  8.394 0.1111110002
108293  60.574  7.255  11.466 0.1111110002
59915  60.476  7.924  9.284 0.1111110002
60824  60.450  8.733  8.956 0.1111110002
60825  60.403  9.240  9.284 0.1111110002
61719  60.370  10.181  9.000 0.1111110002
59078  60.020  7.932  8.725 0.1111110002
59929  60.073  8.682  8.451 0.1111110002
60841  60.274  9.250  8.416 0.1111110002
59930  59.366  8.923  8.225 0.1111110002
60843  58.488  9.466  7.984 0.1111110002
60844  57.482  9.456  8.168 0.1111110002
60805  60.478  8.395  9.590 0.1111110002
61744  60.256  10.018  7.885 0.1111110002
62584  60.199  11.107  8.688 0.1111110002
112758  52.958  5.558  32.824 0.1111110002
56136  52.607  5.171  33.083 0.1111110002
104202  52.064  5.441  33.014 0.1111110002
57175  58.533  5.382  18.780 0.1111110002
58107  59.181  6.324  19.082 0.1111110002
118688  58.087  4.687  18.950 0.1111110002
106275  55.897  9.372  24.496 0.1111110002
60700  56.527  9.174  23.935 0.1111110002
58965  59.517  7.204  19.233 0.1111110002
58933  58.726  8.276  21.691 0.1111110002
58951  59.253  7.599  19.958 0.1111110002
57157  57.911  5.570  20.359 0.1111110002
58916  56.514  8.127  23.482 0.1111110002
56258  57.407  5.188  20.391 0.1111110002
59797  58.454  9.048  21.853 0.1111110002
57158  57.038  5.354  20.875 0.1111110002
61579  53.592  10.259  29.285 0.1111110002
61613  54.545  10.090  26.922 0.1111110002
61626  54.552  10.078  26.166 0.1111110002
59780  57.038  8.921  23.294 0.1111110002
59789  57.594  8.622  22.759 0.1111110002
58915  57.048  8.366  23.159 0.1111110002
121400  59.284  8.555  19.920 0.1111110002
118469  34.510  -11.067  27.779 0.1111110002
56137  51.969  4.703  33.242 0.1111110002
27082  5.351  -27.948  53.744 0.1111110002
105556  32.841  -11.334  27.567 0.1111110002
37434  41.490  -17.360  42.779 0.1111110002
35773  41.496  -18.155  42.806 0.1111110002
57159  56.384  5.195  21.024 0.1111110002
56259  56.809  4.779  20.432 0.1111110002
58085  58.889  6.914  20.579 0.1111110002
58086  58.290  6.301  20.912 0.1111110002
58065  57.491  7.159  22.024 0.1111110002
58066  56.833  7.183  22.396 0.1111110002
61612  54.726  9.814  26.322 0.1111110002
60692  55.718  9.206  25.002 0.1111110002
59781  56.619  8.728  23.780 0.1111110002
58924  57.544  7.823  22.628 0.1111110002
58934  58.173  7.581  22.008 0.1111110002
58199  60.392  6.581  10.822 0.1111110002
59057  60.421  7.274  9.599 0.1111110002
120845  59.757  8.411  8.484 0.1111110002
59079  59.241  8.235  8.560 0.1111110002
59077  60.352  7.693  9.111 0.1111110002
61718  60.395  9.633  8.662 0.1111110002
59928  60.329  8.309  8.807 0.1111110002
119356  60.392  10.015  8.208 0.1111110002
60842  59.969  9.387  7.987 0.1111110002
113731  59.309  9.579  7.857 0.1111110002
60845  56.504  9.574  8.353 0.1111110002
58094  59.096  6.597  19.835 0.1111110002
57147  57.544  5.859  21.062 0.1111110002
58077  57.874  6.749  21.507 0.1111110002
22830  9.827  -33.968  49.714 0.1111110002
22840  3.578  -32.712  48.878 0.1111110002
22859  3.202  -32.876  45.576 0.1111110002
23699  3.634  -31.646  49.951 0.1111110002
28812  25.301  -26.392  48.880 0.4444440007
29593  14.061  -26.619  53.830 0.4444440007
31228  19.496  -24.226  50.435 0.4444440007
32170  34.200  -22.858  44.530 0.3333329856
34879  41.365  -18.386  43.039 0.1111110002
36651  42.087  -17.643  42.418 0.1111110002
38235  42.328  -15.869  41.668 0.1111110002
39016  42.722  -14.861  41.542 0.1111110002
39829  41.090  -13.803  40.390 0.1111110002
40728  38.026  -12.830  35.882 0.8888890147
50731  50.981  -0.992  33.659 0.2222220004
52569  48.745  0.380  29.163 0.7777780294
52595  47.369  0.333  26.620 1.0000000000
53493  48.114  1.775  26.667 1.0000000000
54420  43.734  2.443  24.297 0.8888890147
54421  43.262  2.000  24.068 0.7777780294
56198  47.986  4.758  27.705 0.8888890147
56294  45.999  4.942  17.599 0.2222220004
57951  52.952  6.616  32.299 0.1111110002
58819  52.877  7.009  32.035 0.1111110002
59732  49.714  7.782  28.079 0.6666669846
60685  55.046  9.454  26.059 0.1111110002
60726  52.226  9.404  21.847 0.6666669846
62554  50.684  11.124  14.903 0.1111110002
100880  44.687  -8.884  30.945 1.0000000000
104831  13.656  -26.759  53.884 0.4444440007
107336  32.678  -23.525  44.080 0.4444440007
110249  46.410  3.123  26.234 1.0000000000
116765  32.850  -26.392  45.907 0.1111110002
117293  28.398  -21.082  31.588 0.1111110002
117590  38.492  -11.035  33.617 1.0000000000
117764  40.098  -12.604  37.974 0.5555559993
119130  52.294  9.144  30.426 0.1111110002
120846  39.157  -16.390  40.617 0.1111110002
