#!ascii label  , from subject sub-v1s19x0051303_ses-1 vox2ras=TkReg
2956
38857  3.332  -22.359  74.219 0.6250000000
39970  3.432  -21.769  74.549 0.6250000000
39971  2.925  -21.881  74.284 0.6250000000
39963  3.196  -21.132  74.711 0.5000000000
128834  2.807  -21.242  74.202 0.5000000000
38871  2.889  -22.563  73.830 0.6250000000
112053  2.545  -21.801  73.554 0.5000000000
37832  3.480  -23.128  73.420 0.6250000000
37818  3.287  -22.847  73.789 0.6250000000
37833  2.982  -23.275  73.303 0.5000000000
38886  2.587  -22.712  73.157 0.3750000000
130567  2.376  -22.210  72.788 0.2500000000
37843  2.650  -23.419  72.729 0.3750000000
38887  2.337  -22.790  72.409 0.2500000000
129494  2.939  -23.787  72.744 0.5000000000
37844  2.343  -23.503  72.006 0.2500000000
38902  2.152  -22.778  71.521 0.2500000000
40933  5.358  -20.817  75.652 0.6250000000
39968  4.858  -21.345  75.138 0.6250000000
40941  5.441  -20.902  74.859 0.6250000000
118589  5.108  -21.621  74.438 0.6250000000
39969  4.522  -21.893  74.604 0.6250000000
39961  4.281  -21.458  75.120 0.6250000000
39976  5.324  -21.721  73.605 0.7500000000
39977  4.750  -22.171  74.001 0.6250000000
38856  4.135  -22.471  74.116 0.6250000000
37817  3.679  -22.677  73.983 0.6250000000
38869  4.832  -22.263  73.187 0.6250000000
38870  4.208  -22.688  73.553 0.6250000000
37831  3.827  -22.893  73.663 0.6250000000
40965  2.335  -21.352  71.388 0.2500000000
40957  2.584  -20.970  72.953 0.2500000000
39983  2.407  -21.642  72.704 0.2500000000
40949  2.716  -20.792  73.775 0.3750000000
38885  4.282  -22.805  72.811 0.6250000000
37842  3.713  -23.238  73.110 0.7500000000
36787  3.214  -23.676  72.834 0.6250000000
133862  2.111  -22.133  70.279 0.2500000000
39990  2.439  -21.132  72.108 0.2500000000
36798  2.748  -24.036  72.319 0.5000000000
36819  1.701  -24.390  70.987 0.2500000000
37859  1.947  -23.576  71.194 0.3750000000
34838  3.163  -26.299  71.156 0.2500000000
34839  2.492  -26.369  71.320 0.3750000000
35841  3.963  -26.121  70.585 0.2500000000
35831  2.897  -25.451  71.675 0.3750000000
124424  1.533  -26.925  70.579 0.3750000000
41867  7.142  -19.229  76.347 0.6250000000
41886  6.583  -19.774  75.851 0.6250000000
40923  5.978  -20.346  76.165 0.6250000000
40940  6.035  -20.243  74.329 0.6250000000
40948  5.582  -20.929  73.923 0.7500000000
40964  2.484  -20.507  71.301 0.2500000000
40956  5.715  -20.986  72.987 1.0000000000
119313  3.463  -23.712  72.603 0.6250000000
40972  2.433  -20.324  70.315 0.2500000000
40973  2.319  -21.113  70.612 0.2500000000
39982  5.387  -21.705  72.658 1.0000000000
38884  4.914  -22.334  72.295 0.8750000000
117081  3.873  -23.445  72.484 0.7500000000
130392  2.191  -21.635  70.059 0.2500000000
37858  4.148  -23.593  71.838 0.7500000000
35821  2.697  -24.661  71.954 0.6250000000
36809  2.230  -24.251  71.696 0.3750000000
120531  2.057  -22.209  69.732 0.2500000000
38918  2.019  -22.743  70.484 0.2500000000
36808  3.203  -24.730  71.938 0.6250000000
35820  2.907  -24.712  72.024 0.5000000000
37873  4.361  -24.128  71.120 0.5000000000
36807  3.782  -24.737  71.500 0.3750000000
41902  6.542  -19.543  74.844 0.6250000000
40947  6.060  -20.242  73.363 0.7500000000
40985  2.373  -20.135  69.456 0.2500000000
39989  5.449  -21.773  71.684 1.0000000000
40030  2.461  -20.998  68.532 0.2500000000
40031  2.231  -21.514  69.189 0.2500000000
126328  2.312  -21.849  68.431 0.2500000000
39988  5.979  -21.172  71.089 0.8750000000
133885  5.237  -22.854  70.735 0.5000000000
38900  5.062  -22.524  71.436 0.6250000000
38967  2.189  -22.754  68.344 0.2500000000
40013  6.012  -22.102  69.636 0.3750000000
37857  4.727  -23.268  71.248 0.5000000000
41017  7.347  -21.169  67.481 0.3750000000
40049  6.996  -21.831  67.639 0.1250000000
38940  6.305  -22.249  68.761 0.3750000000
129767  5.130  -23.587  70.317 0.2500000000
40998  7.243  -20.603  68.252 0.5000000000
40029  6.681  -21.698  68.404 0.3750000000
43027  7.789  -19.317  68.001 0.5000000000
42016  7.657  -20.278  67.433 0.2500000000
42936  8.200  -17.647  76.009 0.5000000000
44083  7.772  -17.637  75.278 0.5000000000
42946  7.163  -18.312  74.868 0.5000000000
133354  6.854  -18.925  74.864 0.6250000000
41920  6.398  -19.517  73.808 0.7500000000
44093  7.543  -17.526  74.384 0.7500000000
42954  7.036  -18.134  73.848 0.7500000000
41938  6.386  -19.522  72.841 0.8750000000
40955  6.101  -20.274  72.413 1.0000000000
40963  5.799  -21.029  72.035 1.0000000000
40962  6.205  -20.355  71.465 1.0000000000
40971  6.390  -20.501  70.535 0.7500000000
41985  6.758  -19.836  69.968 0.7500000000
43026  8.218  -18.638  67.670 0.3750000000
40984  6.624  -20.717  69.623 0.5000000000
41967  7.069  -19.003  70.320 0.7500000000
114961  8.544  -18.824  66.729 0.2500000000
42015  8.117  -19.531  67.040 0.3750000000
43011  7.577  -19.083  68.886 0.5000000000
40999  6.888  -20.992  68.820 0.5000000000
114092  7.426  -19.807  68.472 0.3750000000
45174  8.782  -16.605  75.327 0.5000000000
44082  8.328  -17.148  75.530 0.5000000000
114438  8.147  -17.000  74.849 0.7500000000
44101  7.456  -17.433  73.397 0.7500000000
42960  6.991  -18.107  72.845 0.8750000000
41954  6.437  -19.573  71.867 1.0000000000
42978  7.198  -18.303  70.884 0.7500000000
41953  6.814  -18.914  71.345 0.8750000000
44120  7.466  -17.563  71.359 0.8750000000
115176  7.397  -18.374  70.151 0.8750000000
127602  7.927  -18.624  68.406 0.6250000000
42994  7.470  -18.688  69.598 0.7500000000
44171  8.677  -17.862  67.279 0.5000000000
45249  8.559  -17.043  68.633 0.6250000000
44140  8.121  -17.574  69.171 0.6250000000
44141  7.723  -18.023  69.697 0.8750000000
45195  10.121  -15.385  74.290 0.6250000000
45186  8.647  -16.372  74.484 0.6250000000
45196  9.150  -15.749  73.848 0.7500000000
45197  8.472  -16.344  73.681 0.7500000000
46183  9.879  -15.204  73.302 0.6250000000
45205  9.127  -15.621  72.794 0.7500000000
45206  8.474  -16.158  72.318 0.8750000000
44109  7.909  -16.842  71.859 0.8750000000
44128  7.582  -17.769  70.447 0.8750000000
44127  8.029  -17.300  69.955 0.8750000000
45262  9.851  -16.159  67.011 0.3750000000
128713  9.595  -16.115  67.784 0.7500000000
46298  10.814  -15.838  65.961 0.1250000000
46283  10.576  -15.699  66.768 0.5000000000
46182  10.746  -15.010  73.665 0.6250000000
46173  11.048  -15.267  74.463 0.5000000000
46192  10.585  -14.821  72.782 0.7500000000
46204  10.426  -14.724  71.839 0.7500000000
45214  9.007  -15.608  71.828 0.8750000000
45215  8.421  -16.284  71.337 1.0000000000
46205  9.637  -15.168  71.349 0.8750000000
45223  8.950  -15.720  70.834 0.8750000000
46220  9.806  -15.076  69.851 1.0000000000
45224  8.440  -16.467  70.344 1.0000000000
46252  9.925  -15.490  68.297 0.7500000000
45234  9.023  -15.819  69.787 0.8750000000
46265  11.055  -15.209  67.298 0.7500000000
133667  9.400  -16.021  68.392 0.7500000000
45235  8.481  -16.726  69.437 0.8750000000
46311  11.576  -15.720  64.760 0.2500000000
46282  11.347  -15.413  66.497 0.6250000000
46266  10.255  -15.580  67.539 0.7500000000
129320  11.266  -14.780  73.145 0.5000000000
46181  11.508  -14.925  73.817 0.5000000000
128368  11.873  -14.487  71.493 0.8750000000
116300  11.388  -14.615  72.302 0.5000000000
46217  12.214  -14.329  70.825 0.8750000000
46203  11.055  -14.503  71.432 1.0000000000
47176  11.727  -14.198  69.987 0.8750000000
119183  10.490  -14.635  70.038 1.0000000000
46236  11.008  -14.450  69.759 1.0000000000
46237  10.365  -14.895  69.127 1.0000000000
46251  10.714  -15.003  68.153 0.7500000000
46281  12.172  -15.178  66.172 0.7500000000
46250  11.576  -14.697  67.875 0.7500000000
47255  12.968  -14.941  65.847 0.8750000000
115390  12.843  -14.826  71.415 0.6250000000
46202  12.352  -14.768  72.212 0.5000000000
117673  12.116  -14.929  73.863 0.5000000000
120727  12.936  -14.584  70.834 0.7500000000
132711  13.594  -13.898  69.236 0.8750000000
47175  12.571  -14.169  70.273 0.8750000000
115804  12.946  -13.908  68.860 0.8750000000
47190  12.247  -14.036  69.384 1.0000000000
47224  12.399  -14.571  67.545 1.0000000000
47208  12.211  -14.255  68.418 1.0000000000
119757  13.611  -14.572  66.131 0.8750000000
133457  13.062  -14.462  67.264 1.0000000000
47254  13.549  -14.625  65.296 0.8750000000
117822  19.643  -17.479  60.291 0.1250000000
44277  18.858  -17.125  60.569 0.5000000000
45365  19.155  -16.798  59.680 0.3750000000
45366  18.435  -16.317  60.009 0.7500000000
47174  13.345  -14.408  70.460 0.7500000000
126713  13.862  -14.156  69.891 0.8750000000
47189  13.061  -13.968  69.739 0.8750000000
47222  14.460  -13.937  67.581 0.8750000000
47207  13.825  -13.985  68.391 0.8750000000
47239  14.171  -14.110  66.669 1.0000000000
126670  13.645  -14.182  67.432 1.0000000000
114677  14.202  -14.260  65.719 0.8750000000
48194  15.266  -13.339  63.856 0.7500000000
48163  14.786  -13.836  65.259 0.8750000000
45378  20.344  -16.755  58.753 0.2500000000
44289  20.784  -17.366  59.346 0.2500000000
45379  19.556  -16.430  58.914 0.5000000000
45380  18.806  -15.949  59.168 0.6250000000
46389  18.226  -15.390  59.573 0.7500000000
46375  17.403  -14.619  60.762 0.7500000000
47221  15.348  -13.695  67.745 0.8750000000
47206  14.851  -13.963  68.458 0.8750000000
48132  14.987  -13.644  66.908 0.8750000000
48179  15.287  -13.331  64.757 0.8750000000
129273  15.449  -13.496  66.385 0.8750000000
48193  16.013  -12.782  63.439 0.7500000000
48227  16.362  -13.695  61.973 0.7500000000
48208  16.107  -13.147  62.610 0.7500000000
48240  18.121  -13.268  60.278 0.7500000000
48241  17.457  -13.402  60.831 0.7500000000
48226  16.970  -13.239  61.540 0.7500000000
111849  19.962  -15.257  58.074 0.7500000000
47354  19.378  -14.712  58.521 0.8750000000
47341  18.872  -14.162  59.011 0.8750000000
48256  18.483  -13.683  59.687 0.7500000000
48146  15.940  -13.137  66.492 0.8750000000
48131  15.743  -13.322  67.098 0.8750000000
49203  16.447  -12.311  64.393 0.7500000000
49184  15.956  -12.926  65.107 0.8750000000
49204  15.731  -12.874  64.287 0.7500000000
49234  17.400  -12.335  62.179 0.7500000000
112064  16.699  -12.476  62.748 0.7500000000
49258  18.136  -12.681  60.844 0.8750000000
49248  17.432  -12.692  61.456 0.7500000000
48274  20.534  -13.898  58.517 0.8750000000
48275  19.658  -13.968  58.761 0.8750000000
47236  27.917  -14.955  66.854 0.3750000000
46291  26.183  -15.415  66.283 0.6250000000
46292  25.594  -15.690  65.411 0.6250000000
47246  30.821  -13.816  66.452 0.5000000000
47248  29.491  -14.020  66.244 0.6250000000
47249  27.418  -14.212  66.564 0.6250000000
47251  25.782  -14.840  65.786 0.7500000000
133155  25.197  -15.895  64.629 0.8750000000
45295  23.872  -16.795  64.039 0.7500000000
45296  23.035  -16.657  64.179 0.6250000000
46308  21.507  -15.526  64.645 0.8750000000
46295  21.288  -14.993  65.666 0.8750000000
47238  20.968  -13.851  66.588 0.8750000000
48154  30.366  -13.201  65.852 0.7500000000
48173  29.316  -12.699  65.195 0.7500000000
48157  27.994  -13.392  66.097 0.6250000000
47260  25.881  -14.059  65.611 1.0000000000
112533  25.000  -14.869  63.720 1.0000000000
46306  23.495  -16.299  63.481 1.0000000000
46307  22.326  -16.142  64.156 0.8750000000
46309  21.161  -14.915  65.030 0.8750000000
48159  20.424  -13.307  65.909 0.8750000000
48130  16.539  -12.962  67.314 0.8750000000
48172  30.011  -12.603  64.993 0.7500000000
49196  29.487  -12.208  64.383 0.8750000000
49198  26.778  -12.627  65.158 0.8750000000
48189  25.579  -13.197  64.621 0.8750000000
47273  25.259  -14.020  64.207 1.0000000000
46320  24.441  -15.603  63.215 1.0000000000
46338  22.026  -15.515  62.814 0.8750000000
47262  21.124  -14.964  64.160 0.8750000000
47263  20.818  -14.221  64.591 0.8750000000
48160  19.851  -12.822  65.326 0.8750000000
49180  19.251  -12.507  65.589 0.8750000000
49181  18.431  -12.216  65.426 0.8750000000
49170  17.816  -12.242  66.277 0.8750000000
48161  16.139  -12.832  65.944 0.8750000000
49215  29.560  -11.890  63.680 0.8750000000
124213  27.182  -12.117  64.588 0.8750000000
49199  26.017  -12.678  64.809 0.8750000000
48190  25.126  -13.226  63.825 1.0000000000
47290  23.584  -15.030  62.035 1.0000000000
47292  21.547  -15.134  62.448 1.0000000000
47277  20.745  -14.333  63.609 0.8750000000
48191  20.270  -13.579  64.048 0.8750000000
48178  19.818  -12.847  64.458 0.8750000000
119794  17.811  -12.042  64.887 0.8750000000
49171  16.856  -12.340  66.181 0.8750000000
50301  27.496  -11.418  62.571 1.0000000000
50286  26.298  -11.597  63.593 0.8750000000
49219  25.007  -12.351  63.571 0.8750000000
48204  24.174  -13.200  62.234 1.0000000000
48205  23.101  -14.569  61.492 1.0000000000
47307  22.259  -14.791  61.389 1.0000000000
47293  20.895  -14.512  62.474 1.0000000000
115603  20.266  -13.633  61.914 0.8750000000
48207  19.658  -12.819  62.475 0.7500000000
49220  19.171  -12.386  63.956 0.7500000000
49201  18.446  -12.158  64.445 0.8750000000
130095  17.133  -12.029  64.887 0.7500000000
49183  16.584  -12.341  65.395 0.8750000000
50317  27.946  -11.145  61.853 1.0000000000
51303  26.061  -10.724  62.247 1.0000000000
50303  25.560  -11.222  62.971 0.8750000000
49230  24.480  -12.352  62.794 1.0000000000
130146  23.822  -14.052  61.833 1.0000000000
47308  21.573  -14.831  61.775 1.0000000000
49232  19.067  -12.307  62.989 0.7500000000
49221  18.347  -12.091  63.501 0.7500000000
49202  17.482  -11.986  64.080 0.7500000000
52377  28.214  -9.355  59.585 1.0000000000
51335  28.082  -10.343  60.582 1.0000000000
51321  26.427  -10.423  61.331 1.0000000000
51304  25.188  -10.610  62.270 0.8750000000
50305  23.897  -11.253  61.968 1.0000000000
49244  23.443  -12.108  61.414 1.0000000000
48222  22.665  -14.202  60.959 1.0000000000
48223  21.641  -14.398  60.947 0.8750000000
48224  20.869  -14.270  61.385 0.8750000000
127546  19.529  -12.807  61.465 0.7500000000
49246  18.925  -12.323  61.972 0.7500000000
49233  18.233  -12.128  62.525 0.7500000000
49222  17.459  -12.092  63.051 0.7500000000
128679  27.532  -9.538  59.513 1.0000000000
52364  26.206  -9.866  60.503 0.8750000000
52346  25.510  -9.978  61.139 0.8750000000
51323  23.748  -10.442  61.373 0.8750000000
49255  23.045  -11.910  60.814 0.8750000000
48236  22.125  -13.844  60.374 0.8750000000
48237  21.420  -13.972  60.192 0.8750000000
111014  20.749  -13.818  60.292 0.8750000000
48238  19.697  -13.351  60.045 0.8750000000
48239  18.822  -13.055  60.295 0.8750000000
49247  18.155  -12.340  61.605 0.7500000000
52379  26.008  -9.334  59.667 1.0000000000
52365  25.270  -9.485  60.420 0.8750000000
51337  23.162  -10.253  60.539 0.8750000000
50327  22.864  -11.212  60.406 0.8750000000
116554  22.284  -13.027  60.001 0.8750000000
114792  21.653  -13.393  59.553 0.8750000000
48254  20.195  -13.583  59.238 0.8750000000
48252  21.784  -13.169  58.546 0.8750000000
48153  31.086  -12.959  66.125 0.7500000000
49194  31.042  -11.935  65.028 0.7500000000
50271  31.773  -11.514  64.573 0.7500000000
49214  30.088  -11.827  63.866 0.8750000000
51288  30.758  -10.684  63.353 1.0000000000
50298  29.988  -11.007  63.012 1.0000000000
51299  30.369  -10.285  62.678 1.0000000000
50299  29.235  -11.367  62.637 1.0000000000
51317  29.965  -9.887  62.056 1.0000000000
51301  28.849  -11.093  61.919 1.0000000000
52344  29.636  -9.569  61.357 1.0000000000
51318  29.254  -10.348  61.616 1.0000000000
53325  28.970  -8.697  60.009 1.0000000000
50281  31.242  -11.126  63.938 0.8750000000
51287  31.666  -10.404  63.479 0.8750000000
51298  31.167  -9.961  62.920 1.0000000000
52330  30.710  -9.523  62.375 1.0000000000
52360  29.952  -8.774  61.129 1.0000000000
53335  29.683  -7.961  60.108 1.0000000000
111452  30.050  -7.498  59.285 1.0000000000
54297  30.297  -7.449  58.232 0.8750000000
111387  29.835  -7.504  56.685 0.8750000000
111786  30.073  -7.534  55.744 0.7500000000
116370  31.220  -7.615  54.299 0.7500000000
51286  32.489  -10.090  63.587 0.8750000000
51274  32.256  -10.828  63.940 0.8750000000
52328  32.134  -8.883  62.931 1.0000000000
52318  31.958  -9.673  63.116 1.0000000000
52329  31.425  -9.194  62.691 1.0000000000
127200  31.484  -7.874  61.826 1.0000000000
54271  31.322  -7.187  60.194 1.0000000000
53316  30.642  -8.302  61.466 1.0000000000
53323  30.946  -7.620  60.969 1.0000000000
113487  30.984  -7.247  59.454 1.0000000000
53324  30.174  -8.017  60.821 1.0000000000
54272  30.498  -7.540  60.187 1.0000000000
126428  30.882  -7.355  58.703 1.0000000000
54310  31.525  -7.626  57.785 1.0000000000
54311  30.579  -7.590  57.288 1.0000000000
54326  30.816  -7.677  56.408 1.0000000000
113667  31.061  -7.659  55.637 0.7500000000
54348  32.220  -7.209  53.741 0.6250000000
54363  30.311  -8.089  53.500 0.6250000000
54349  31.278  -7.712  53.507 0.7500000000
55312  32.608  -6.767  54.169 0.6250000000
52316  33.407  -9.202  63.572 0.6250000000
53299  33.667  -8.557  63.384 0.8750000000
51285  33.181  -9.837  63.742 0.6250000000
52317  32.689  -9.383  63.371 0.7500000000
54259  33.071  -7.341  62.325 1.0000000000
54260  32.374  -7.298  61.712 1.0000000000
53307  32.353  -8.013  62.571 1.0000000000
54270  31.792  -7.200  60.958 1.0000000000
54283  31.684  -7.097  59.492 1.0000000000
54295  32.850  -7.542  57.939 1.0000000000
54296  31.698  -7.339  58.733 1.0000000000
112621  31.521  -7.750  56.862 1.0000000000
54309  32.814  -7.644  56.649 1.0000000000
54325  31.914  -7.748  56.021 0.8750000000
54324  32.904  -7.415  55.476 0.7500000000
54338  31.854  -7.590  55.034 0.7500000000
55299  33.137  -6.754  55.041 0.7500000000
54337  32.615  -7.235  54.612 0.6250000000
54251  33.728  -7.474  62.695 0.8750000000
112582  33.210  -6.894  61.524 0.8750000000
54269  32.681  -6.912  60.806 1.0000000000
54268  33.558  -6.730  60.637 0.8750000000
112124  33.107  -6.874  60.050 1.0000000000
54282  32.436  -7.201  59.005 1.0000000000
55290  33.679  -6.790  55.870 0.8750000000
117614  33.358  -6.152  55.245 0.6250000000
124050  32.886  -6.307  54.642 0.6250000000
56190  32.611  -5.824  54.665 0.6250000000
54258  34.027  -6.695  61.373 0.8750000000
55272  34.560  -6.278  58.792 1.0000000000
54280  33.990  -6.707  59.570 1.0000000000
56163  34.602  -5.548  58.381 1.0000000000
54281  33.180  -7.016  59.252 1.0000000000
54294  33.267  -7.294  58.516 1.0000000000
125087  34.498  -6.242  58.108 1.0000000000
56164  34.173  -5.627  57.622 1.0000000000
55274  33.697  -7.213  57.893 1.0000000000
55283  33.794  -7.171  57.041 1.0000000000
55289  33.968  -6.252  56.722 1.0000000000
56182  33.692  -5.810  55.962 1.0000000000
57092  32.659  -5.334  55.600 0.6250000000
57108  31.587  -5.076  55.033 0.7500000000
57093  30.597  -4.478  55.485 0.6250000000
56173  33.683  -5.324  56.880 1.0000000000
122444  31.524  -4.734  55.759 0.8750000000
57081  30.749  -4.252  56.316 0.8750000000
57072  33.674  -4.812  57.599 1.0000000000
57063  33.042  -4.205  58.215 1.0000000000
57073  32.937  -4.563  57.364 1.0000000000
56174  32.888  -4.950  56.513 1.0000000000
57074  31.998  -4.341  57.221 1.0000000000
57080  31.866  -4.602  56.385 1.0000000000
58029  29.881  -3.847  55.950 0.7500000000
57996  32.174  -3.949  58.011 1.0000000000
58013  31.038  -4.009  57.094 1.0000000000
58014  30.166  -3.390  56.775 1.0000000000
58015  29.581  -3.132  56.146 0.7500000000
59002  29.382  -2.453  55.789 0.8750000000
60019  29.420  -1.593  55.360 0.8750000000
61021  29.332  -0.527  54.069 0.8750000000
62048  29.577  -0.042  51.752 0.6250000000
128020  33.562  -3.598  59.705 0.8750000000
57982  33.287  -3.838  59.037 1.0000000000
57983  32.347  -3.383  58.921 1.0000000000
58981  31.674  -2.383  59.005 1.0000000000
57984  31.549  -3.164  58.460 1.0000000000
130191  31.005  -2.978  58.113 1.0000000000
57997  31.362  -3.661  57.782 1.0000000000
58982  31.165  -2.277  58.422 1.0000000000
58992  30.714  -2.294  57.857 1.0000000000
57998  30.655  -3.183  57.568 1.0000000000
59001  29.795  -2.476  56.499 1.0000000000
60981  30.497  -0.874  56.792 1.0000000000
59997  30.117  -1.665  56.675 1.0000000000
59998  29.698  -1.839  56.094 0.8750000000
61009  29.756  -0.834  55.265 0.8750000000
60018  30.032  -1.047  55.991 0.8750000000
62015  30.253  0.442  54.778 1.0000000000
61020  29.772  -0.336  54.759 1.0000000000
62915  30.326  1.250  52.534 0.7500000000
62031  29.931  0.669  53.021 0.7500000000
62021  30.044  0.662  53.890 0.8750000000
58957  34.102  -3.238  60.792 0.7500000000
57973  33.472  -3.101  60.257 0.7500000000
57974  32.906  -3.161  59.666 0.8750000000
58969  32.276  -2.385  59.563 0.8750000000
59971  32.373  -1.425  59.829 0.8750000000
59976  31.875  -1.412  59.240 0.8750000000
59977  31.426  -1.453  58.654 1.0000000000
60960  31.750  -0.654  58.724 0.8750000000
59984  31.022  -1.464  58.048 1.0000000000
60961  31.347  -0.834  58.243 1.0000000000
59985  30.565  -1.520  57.404 1.0000000000
62012  30.610  0.496  55.514 1.0000000000
120615  30.221  -0.192  55.537 1.0000000000
60997  30.466  -0.392  56.252 1.0000000000
62904  30.472  1.265  53.417 0.8750000000
62898  30.623  1.180  54.325 1.0000000000
62892  30.836  1.066  55.167 1.0000000000
118508  34.625  -2.995  61.638 0.7500000000
117573  34.103  -2.887  61.250 0.7500000000
58958  33.447  -2.381  60.800 0.7500000000
58968  32.863  -2.327  60.121 0.8750000000
59963  33.236  -1.352  61.057 0.8750000000
59970  32.840  -1.415  60.404 0.8750000000
60931  32.982  -0.461  60.555 0.8750000000
60945  32.583  -0.504  59.894 0.8750000000
60946  32.187  -0.560  59.302 0.8750000000
62868  32.553  1.050  58.370 0.8750000000
61991  32.190  0.198  58.693 1.0000000000
60979  31.607  -0.137  58.097 1.0000000000
62001  32.004  0.619  57.888 1.0000000000
60980  31.021  -0.633  57.569 1.0000000000
62007  31.241  0.591  56.659 1.0000000000
60996  30.870  -0.121  56.812 1.0000000000
62011  31.063  0.874  55.922 1.0000000000
62008  30.720  0.231  56.138 1.0000000000
63845  31.911  2.093  55.199 1.0000000000
62891  31.464  1.493  55.587 1.0000000000
62885  31.615  1.272  56.394 1.0000000000
62914  30.995  1.891  52.847 0.8750000000
62903  31.098  1.775  53.867 0.8750000000
115012  34.429  -2.533  62.129 0.6250000000
129930  33.786  -2.176  61.583 0.6250000000
59950  33.467  -1.145  61.793 0.7500000000
61921  33.627  0.379  61.636 0.8750000000
59937  33.539  -0.302  62.105 0.8750000000
61920  33.954  1.099  61.240 0.8750000000
60919  33.293  -0.386  61.317 0.8750000000
61968  33.026  0.401  59.881 0.8750000000
62845  35.160  1.993  60.961 0.5000000000
62846  34.312  1.710  60.674 0.7500000000
62847  33.611  1.144  60.337 0.8750000000
61969  32.522  0.095  59.367 0.8750000000
63800  34.737  2.278  60.290 0.7500000000
62855  33.948  1.878  59.921 0.7500000000
62856  33.355  1.276  59.490 0.8750000000
61990  32.798  0.756  59.079 0.8750000000
63812  34.428  2.471  59.542 0.5000000000
63813  33.701  2.019  59.167 0.8750000000
62867  33.151  1.486  58.760 0.8750000000
63821  34.911  3.073  59.155 0.8750000000
63822  34.171  2.634  58.812 1.0000000000
63823  33.526  2.182  58.452 1.0000000000
62878  32.969  1.745  58.056 1.0000000000
62006  31.774  0.986  57.170 1.0000000000
124196  33.364  2.319  57.815 1.0000000000
63834  32.861  2.113  57.238 1.0000000000
62884  32.195  1.658  56.847 1.0000000000
63839  33.527  2.778  57.224 1.0000000000
63840  33.142  2.641  56.455 1.0000000000
63841  32.560  2.197  56.472 1.0000000000
63858  31.618  2.350  53.508 1.0000000000
119138  32.219  2.729  53.988 1.0000000000
125478  31.611  2.501  52.750 1.0000000000
63857  32.172  2.855  53.200 1.0000000000
63900  31.491  2.328  50.838 0.7500000000
58930  35.089  -2.764  62.629 0.5000000000
59949  33.860  -1.703  62.275 0.6250000000
59936  33.966  -1.316  63.064 0.5000000000
132013  33.635  -0.953  62.441 0.7500000000
131663  34.012  0.836  61.830 0.7500000000
63784  35.899  2.184  61.288 0.5000000000
62834  34.693  1.599  61.296 0.5000000000
63799  35.531  2.512  60.627 0.5000000000
63811  35.190  2.831  59.915 0.5000000000
64748  34.752  3.576  57.900 1.0000000000
63843  33.014  3.017  54.928 1.0000000000
125473  32.047  3.007  52.333 0.8750000000
64796  32.720  3.362  52.871 1.0000000000
60159  33.568  -1.368  47.602 0.1250000000
61092  33.321  -0.534  47.745 0.2500000000
62077  32.684  0.809  48.541 0.5000000000
62936  31.902  2.119  50.052 0.5000000000
63899  32.316  2.779  50.599 0.8750000000
116282  33.066  0.318  48.101 0.2500000000
62961  32.934  1.499  48.889 0.5000000000
59928  34.301  -1.428  63.783 0.3750000000
60900  34.232  -0.512  63.789 0.5000000000
60909  33.841  -0.339  62.894 0.6250000000
61895  34.395  0.242  63.300 0.7500000000
116395  35.020  0.609  63.558 0.3750000000
62814  36.758  1.605  63.559 0.2500000000
61894  34.915  0.890  62.837 0.3750000000
63766  37.024  1.939  62.936 0.2500000000
62823  36.414  1.701  62.736 0.2500000000
62824  35.587  1.472  62.412 0.3750000000
61907  34.602  1.244  61.984 0.3750000000
63773  37.355  2.406  62.739 0.2500000000
63774  36.803  2.123  62.338 0.3750000000
62833  35.397  1.752  61.639 0.5000000000
63782  37.140  2.701  62.032 0.3750000000
63798  36.286  2.848  60.924 0.5000000000
63810  35.824  3.041  60.260 0.5000000000
64730  35.800  3.438  59.487 0.5000000000
64738  35.408  3.654  58.564 0.7500000000
64755  34.196  3.446  57.220 1.0000000000
112734  33.640  3.577  54.917 1.0000000000
132868  32.715  2.996  54.338 1.0000000000
64783  32.720  3.184  53.701 1.0000000000
64795  33.366  3.927  52.525 0.8750000000
63916  32.667  2.419  49.895 0.7500000000
64813  32.832  3.428  51.125 0.8750000000
64804  32.677  3.557  51.965 0.8750000000
111784  34.790  -2.434  47.316 0.1250000000
60158  34.355  -1.504  47.216 0.1250000000
130620  33.226  1.043  48.411 0.5000000000
62950  32.362  1.761  49.438 0.5000000000
59144  35.461  -2.242  46.906 0.1250000000
59918  34.485  -1.146  64.449 0.2500000000
112733  39.314  3.256  67.188 0.2500000000
132481  38.672  2.828  67.114 0.2500000000
59908  34.799  -0.879  65.128 0.1250000000
63737  39.569  3.360  66.528 0.2500000000
60888  34.647  -0.464  64.509 0.1250000000
63738  38.909  2.917  66.378 0.2500000000
118606  38.225  2.367  65.900 0.2500000000
62797  37.480  1.888  65.623 0.2500000000
61872  35.925  0.791  64.970 0.2500000000
61881  35.423  0.623  64.189 0.2500000000
61882  34.709  0.122  64.107 0.3750000000
63746  38.718  2.747  65.495 0.2500000000
62805  37.411  1.824  64.791 0.2500000000
62798  36.713  1.372  65.366 0.2500000000
62807  36.165  1.106  64.081 0.2500000000
63745  39.378  3.220  65.877 0.2500000000
63747  38.086  2.267  65.106 0.2500000000
62813  37.291  1.845  64.100 0.2500000000
63755  38.456  2.657  64.708 0.2500000000
63756  37.847  2.240  64.345 0.2500000000
62815  35.785  1.153  63.332 0.2500000000
63763  38.789  3.054  64.284 0.2500000000
63764  38.154  2.632  63.956 0.2500000000
63765  37.494  2.176  63.527 0.2500000000
63772  37.916  2.753  63.207 0.2500000000
133106  36.891  2.947  61.413 0.5000000000
64718  36.436  3.436  60.179 0.5000000000
64729  36.641  3.909  59.484 0.5000000000
64737  36.235  4.012  58.840 0.7500000000
112725  34.971  4.016  57.143 1.0000000000
64759  34.837  4.240  55.618 1.0000000000
65648  34.398  4.122  54.840 1.0000000000
63898  33.148  3.000  50.376 0.8750000000
64803  33.458  3.943  51.626 0.8750000000
62089  33.897  0.209  47.676 0.5000000000
63915  33.427  2.539  49.742 0.8750000000
131681  35.705  -1.760  46.668 0.1250000000
61109  34.934  -0.608  46.968 0.1250000000
62790  38.171  2.419  66.714 0.2500000000
128816  37.595  1.999  66.345 0.2500000000
63754  39.096  3.104  65.087 0.2500000000
120883  38.450  3.061  63.621 0.2500000000
64698  37.773  3.019  62.417 0.2500000000
64706  37.599  3.358  61.506 0.3750000000
63797  37.007  3.388  60.796 0.5000000000
133364  36.019  4.162  58.240 0.8750000000
64754  35.272  4.357  56.352 1.0000000000
64781  34.054  4.271  53.121 1.0000000000
64802  34.318  4.025  51.359 1.0000000000
64794  34.155  4.348  52.154 1.0000000000
62949  33.603  2.073  49.171 0.6250000000
64812  33.705  3.586  50.841 0.8750000000
62088  34.561  0.091  47.367 0.3750000000
62960  33.743  1.549  48.634 0.6250000000
64668  39.815  3.481  65.438 0.2500000000
64689  38.427  3.329  62.929 0.2500000000
64717  37.131  3.891  60.098 0.5000000000
64736  36.873  4.283  58.943 0.7500000000
65600  36.719  4.481  58.292 1.0000000000
65625  35.715  4.487  57.044 1.0000000000
65658  34.853  4.440  53.865 1.0000000000
65647  35.267  4.487  54.818 1.0000000000
62948  34.393  2.055  49.010 0.8750000000
64811  34.680  3.417  50.646 1.0000000000
62959  34.557  1.506  48.445 0.7500000000
64688  39.163  3.548  63.601 0.2500000000
64697  39.079  3.901  62.602 0.2500000000
123993  38.369  3.624  62.048 0.3750000000
64705  38.320  4.051  61.196 0.5000000000
132910  37.705  4.251  60.036 0.5000000000
114505  37.345  4.890  58.093 1.0000000000
113282  36.030  4.717  56.277 1.0000000000
117526  35.849  4.643  54.162 1.0000000000
64793  34.967  4.286  51.871 1.0000000000
129124  35.081  3.819  51.252 1.0000000000
63913  34.992  2.439  49.526 1.0000000000
62958  35.391  1.477  48.316 0.8750000000
62947  35.257  1.944  48.934 1.0000000000
112069  37.988  4.805  59.126 0.5000000000
65624  36.435  4.822  56.939 1.0000000000
132807  36.657  4.988  56.263 1.0000000000
130104  35.992  4.678  54.898 1.0000000000
65656  36.611  4.620  53.688 1.0000000000
65657  35.777  4.540  53.239 1.0000000000
63884  35.667  3.339  50.860 1.0000000000
63912  35.990  2.249  49.580 1.0000000000
63896  35.401  2.817  50.172 1.0000000000
62957  36.153  1.529  48.160 0.6250000000
62975  36.294  1.341  47.398 0.3750000000
61144  37.610  0.622  45.714 0.1250000000
62990  37.014  1.801  46.170 0.3750000000
64704  39.019  4.239  61.717 0.2500000000
65588  38.564  4.887  59.614 0.5000000000
65598  37.945  5.122  58.398 0.5000000000
66522  37.883  5.530  56.405 1.0000000000
65608  37.755  5.351  57.457 1.0000000000
113344  36.937  4.862  57.539 1.0000000000
65634  38.975  5.307  55.030 1.0000000000
65635  38.036  5.400  55.449 1.0000000000
127385  37.239  5.242  55.868 1.0000000000
130700  37.129  5.172  56.754 1.0000000000
132237  39.416  4.340  53.974 1.0000000000
65644  38.844  4.771  54.258 1.0000000000
65645  38.106  5.075  54.596 1.0000000000
112123  37.308  5.106  54.984 1.0000000000
65636  36.500  4.886  55.472 1.0000000000
65655  38.133  4.612  53.865 1.0000000000
112780  37.360  4.817  54.157 1.0000000000
64777  39.618  3.715  53.470 1.0000000000
65654  38.871  4.226  53.641 1.0000000000
64792  37.723  3.762  52.615 1.0000000000
64780  36.713  4.235  52.702 1.0000000000
64791  38.656  3.270  52.519 1.0000000000
64800  37.187  3.583  51.929 1.0000000000
112815  36.418  3.896  51.929 1.0000000000
120644  35.754  4.293  52.320 1.0000000000
63870  38.035  3.135  51.892 1.0000000000
128579  37.533  2.980  51.351 1.0000000000
63883  36.630  3.283  51.227 1.0000000000
63894  36.932  2.284  49.864 1.0000000000
62945  36.737  1.879  48.693 0.8750000000
62946  36.067  1.789  48.869 0.8750000000
63945  36.825  1.880  46.981 0.3750000000
63009  37.486  1.526  45.632 0.1250000000
66521  38.746  5.653  55.980 1.0000000000
66513  38.574  5.759  56.948 1.0000000000
64768  39.629  4.779  54.485 1.0000000000
128912  38.751  2.686  51.821 1.0000000000
113486  38.347  2.508  51.172 1.0000000000
131537  37.638  2.317  49.980 1.0000000000
122130  37.320  2.201  49.297 1.0000000000
63924  37.249  2.230  48.461 0.8750000000
63944  37.149  2.787  46.489 0.6250000000
63937  36.755  1.820  47.886 0.7500000000
64852  37.483  3.491  45.709 0.3750000000
63951  37.386  2.446  45.606 0.2500000000
66519  42.082  5.290  55.660 0.7500000000
123712  41.258  5.759  56.010 0.8750000000
65630  42.231  4.604  55.035 0.8750000000
65631  41.385  5.018  55.206 0.8750000000
65643  41.609  4.287  54.514 0.8750000000
111707  41.915  3.553  53.868 0.8750000000
64766  41.013  3.878  53.981 0.8750000000
115178  40.588  4.691  54.660 1.0000000000
65633  39.853  5.228  55.041 1.0000000000
64775  41.303  3.214  53.361 0.8750000000
64767  40.121  4.118  54.029 1.0000000000
64776  40.477  3.455  53.481 1.0000000000
63856  40.071  3.147  53.027 1.0000000000
64790  39.453  3.158  52.805 1.0000000000
63882  39.226  2.401  51.483 1.0000000000
63893  38.995  2.363  50.820 1.0000000000
63910  38.791  2.554  50.099 1.0000000000
63911  38.075  2.426  49.694 1.0000000000
64822  38.504  2.883  49.341 1.0000000000
63923  37.844  2.538  48.944 1.0000000000
126814  38.110  3.208  48.661 1.0000000000
64829  37.567  2.983  48.154 0.8750000000
64838  37.917  3.967  47.969 0.7500000000
64839  37.362  3.419  47.277 0.6250000000
63936  37.123  2.475  47.536 0.6250000000
64864  37.990  3.721  44.943 0.3750000000
64844  37.387  3.671  46.515 0.6250000000
64863  38.568  3.704  44.291 0.1250000000
119230  38.264  3.152  44.579 0.2500000000
64774  42.045  3.134  53.260 0.8750000000
63854  41.425  2.876  52.768 0.8750000000
63855  40.723  2.891  52.869 0.8750000000
112970  41.046  2.647  51.910 1.0000000000
63867  40.755  2.612  52.246 0.8750000000
63868  40.081  2.665  52.463 1.0000000000
64808  41.152  3.256  50.993 1.0000000000
63880  40.451  2.537  51.637 1.0000000000
63881  39.949  2.413  51.863 1.0000000000
64809  39.976  3.165  50.270 1.0000000000
110753  39.743  2.410  51.224 1.0000000000
64821  39.338  3.210  49.701 1.0000000000
65689  38.594  4.593  48.175 1.0000000000
65700  38.241  4.774  47.425 0.7500000000
65705  38.090  4.887  46.411 0.6250000000
65701  37.642  4.237  46.981 0.7500000000
66604  40.676  5.808  43.394 0.8750000000
66594  40.103  5.796  43.912 0.7500000000
66595  39.371  5.380  44.274 0.3750000000
66596  38.776  5.135  44.655 0.6250000000
65714  37.912  4.377  45.543 0.5000000000
65706  37.606  4.182  46.216 0.6250000000
126969  41.799  4.957  41.969 0.3750000000
66614  40.908  5.396  42.819 0.7500000000
117018  40.278  5.222  43.182 0.6250000000
66605  39.640  4.983  43.552 0.5000000000
65726  39.007  4.518  44.015 0.5000000000
65727  38.372  4.502  44.774 0.3750000000
65758  42.418  4.672  41.601 0.2500000000
66622  42.828  5.250  41.355 0.2500000000
65769  43.495  5.515  40.929 0.2500000000
63853  42.036  2.973  52.785 0.8750000000
63852  42.691  3.232  52.714 0.7500000000
63865  42.020  2.994  52.337 0.8750000000
63878  41.579  2.974  51.740 0.8750000000
115966  40.608  3.533  50.367 1.0000000000
64820  40.053  3.801  49.804 1.0000000000
64819  40.662  4.213  49.863 1.0000000000
65681  39.548  4.062  49.267 1.0000000000
65688  39.422  4.793  48.652 1.0000000000
64828  38.747  3.851  48.842 1.0000000000
65699  38.959  5.202  47.812 0.8750000000
66575  39.568  5.899  46.499 0.8750000000
122256  39.141  5.728  45.758 0.6250000000
133694  39.079  5.644  46.791 0.7500000000
116960  41.968  6.625  43.866 1.0000000000
67530  40.889  6.250  43.917 1.0000000000
121605  39.901  6.112  45.583 0.8750000000
66585  38.495  5.198  45.440 0.6250000000
132704  41.944  6.477  43.234 0.8750000000
66583  39.805  5.928  44.716 0.6250000000
67546  42.556  6.449  42.198 0.6250000000
117127  43.114  6.789  41.726 0.8750000000
112937  43.846  6.115  40.575 0.3750000000
67554  43.408  6.419  41.012 0.8750000000
67561  44.326  6.319  40.174 0.3750000000
64799  42.381  3.355  51.913 0.8750000000
64807  41.960  3.659  51.143 0.8750000000
65673  41.391  4.175  50.345 1.0000000000
65672  42.318  4.533  50.631 1.0000000000
65679  41.041  4.964  49.492 1.0000000000
65687  40.374  5.223  48.778 1.0000000000
66554  40.767  5.733  48.175 1.0000000000
114222  44.206  6.398  47.719 1.0000000000
67495  43.341  6.528  46.637 1.0000000000
114183  42.852  6.402  47.079 1.0000000000
67486  42.078  6.343  47.133 1.0000000000
66565  41.341  6.106  47.630 1.0000000000
66566  40.337  6.006  47.295 1.0000000000
127896  39.384  5.648  47.268 0.8750000000
67483  44.867  6.510  47.205 1.0000000000
130308  44.091  6.485  46.923 1.0000000000
115281  43.924  6.676  46.159 1.0000000000
67515  42.278  6.628  45.758 1.0000000000
67497  41.752  6.501  46.244 1.0000000000
66574  40.355  6.221  46.425 1.0000000000
67514  43.084  6.741  45.780 1.0000000000
67516  41.553  6.559  45.352 1.0000000000
67498  40.868  6.413  45.880 1.0000000000
117661  43.774  6.878  45.495 0.8750000000
133812  43.458  7.155  44.344 0.8750000000
67537  43.239  7.174  43.613 0.8750000000
68481  44.390  7.094  40.107 0.7500000000
67562  43.910  6.786  40.597 0.8750000000
68467  43.625  7.164  41.247 0.8750000000
64788  43.806  4.081  52.360 0.6250000000
64798  43.145  3.732  52.164 0.7500000000
112574  44.328  4.626  52.133 0.6250000000
114496  43.613  4.557  51.612 0.6250000000
65669  42.757  4.109  51.379 0.6250000000
65671  43.101  4.910  50.851 1.0000000000
65677  42.758  5.245  50.154 0.8750000000
65678  41.956  5.071  49.900 1.0000000000
66549  41.794  5.534  49.108 1.0000000000
111506  45.043  6.395  48.956 0.5000000000
66548  42.583  5.607  49.405 1.0000000000
65686  41.113  5.480  48.797 1.0000000000
67470  45.826  6.549  48.336 0.6250000000
67471  44.336  6.329  48.436 1.0000000000
67472  43.484  6.221  48.296 1.0000000000
66553  42.505  5.973  48.547 1.0000000000
114201  41.608  5.834  48.363 1.0000000000
67482  45.771  6.581  47.411 0.6250000000
67484  43.458  6.378  47.405 1.0000000000
67485  42.754  6.240  47.733 1.0000000000
66564  42.072  6.127  47.896 1.0000000000
67493  45.391  6.653  46.720 0.8750000000
67494  44.702  6.663  46.438 0.7500000000
67512  45.415  6.879  45.958 0.7500000000
67527  44.058  7.167  44.886 0.7500000000
68442  43.914  7.412  44.021 0.7500000000
68466  44.031  7.817  41.597 1.0000000000
68473  44.737  7.917  40.289 0.6250000000
68474  44.154  7.483  40.771 0.8750000000
112617  47.244  7.020  50.083 0.5000000000
65668  44.268  5.097  51.532 0.7500000000
66541  45.304  6.125  50.642 0.5000000000
66542  44.515  5.824  50.504 0.5000000000
65670  43.920  5.339  50.870 0.7500000000
128404  43.397  5.427  50.331 0.8750000000
116173  47.097  6.905  49.231 0.5000000000
67459  46.446  6.733  49.584 0.5000000000
67460  45.609  6.471  49.782 0.5000000000
67461  44.721  6.168  49.852 0.6250000000
66547  43.307  5.712  49.682 0.8750000000
67469  46.548  6.715  48.756 0.6250000000
66546  43.991  6.127  49.186 0.8750000000
66552  43.170  5.968  49.021 0.8750000000
67481  46.656  6.704  47.821 0.3750000000
131050  46.413  6.697  47.187 0.5000000000
116812  46.219  7.007  45.929 0.6250000000
67526  44.959  7.256  45.137 0.7500000000
68440  45.360  7.760  44.449 0.7500000000
68449  45.277  8.195  43.647 0.7500000000
68450  44.519  7.879  43.618 0.7500000000
69310  45.690  8.549  43.160 0.8750000000
68459  44.160  7.990  42.567 1.0000000000
68458  44.919  8.318  42.879 0.8750000000
68460  43.550  7.462  42.136 1.0000000000
70252  46.638  9.384  42.099 0.8750000000
69326  45.900  9.061  41.683 1.0000000000
69317  46.174  8.923  42.605 0.8750000000
69319  44.624  8.339  41.938 0.8750000000
70257  46.443  9.477  41.186 1.0000000000
69327  45.120  8.601  41.172 1.0000000000
69328  44.478  8.085  41.120 1.0000000000
69335  45.775  9.041  40.707 0.8750000000
127913  45.314  8.516  40.270 0.7500000000
118006  45.811  8.806  39.792 0.3750000000
67458  47.897  7.150  49.247 0.3750000000
67468  47.319  6.909  48.501 0.3750000000
67480  47.571  6.971  47.663 0.3750000000
67492  47.012  6.874  46.933 0.5000000000
67511  46.739  6.998  46.248 0.5000000000
121495  46.153  6.774  46.612 0.5000000000
67510  47.396  7.217  46.250 0.6250000000
68430  46.812  7.365  45.601 0.6250000000
68431  45.864  7.341  45.327 0.6250000000
68439  46.379  7.790  44.788 0.6250000000
69302  46.874  8.270  44.260 0.6250000000
68448  46.010  8.210  43.973 0.7500000000
69316  46.966  9.090  42.926 0.7500000000
69309  46.502  8.649  43.452 0.7500000000
70250  48.121  9.889  42.789 0.8750000000
70251  47.388  9.625  42.453 0.8750000000
71201  47.510  10.383  41.168 0.8750000000
68403  48.637  7.332  48.844 0.3750000000
124674  48.964  7.415  48.068 0.3750000000
67467  48.104  7.151  48.319 0.3750000000
67479  48.286  7.225  47.602 0.3750000000
68416  48.043  7.467  46.214 0.5000000000
68429  47.687  7.606  45.687 0.6250000000
69301  47.697  8.400  44.511 0.6250000000
69307  48.106  8.931  44.007 0.7500000000
69300  48.446  8.617  44.776 0.6250000000
71197  48.477  10.518  42.367 0.8750000000
71200  48.139  10.801  41.581 0.8750000000
68409  48.838  7.439  47.160 0.3750000000
68415  48.663  7.587  46.456 0.5000000000
68428  48.423  7.813  45.845 0.6250000000
69294  49.479  8.571  45.770 0.3750000000
69295  48.796  8.292  45.468 0.6250000000
69299  49.145  8.921  45.084 0.5000000000
70238  48.815  9.239  44.329 0.3750000000
70242  49.884  10.286  44.161 0.3750000000
70243  49.176  9.904  43.877 0.6250000000
72054  50.398  11.591  43.401 0.3750000000
71194  48.816  10.220  43.129 0.7500000000
72061  50.125  11.877  42.756 0.5000000000
72063  48.846  11.145  41.967 0.7500000000
72895  49.787  12.208  42.102 0.7500000000
72905  49.450  12.509  41.391 0.6250000000
72070  48.886  12.082  40.881 0.8750000000
70237  49.546  9.586  44.632 0.2500000000
72044  51.824  11.834  44.784 0.1250000000
71190  50.528  10.794  44.388 0.1250000000
118901  51.531  12.302  44.270 0.1250000000
118566  50.638  12.220  43.208 0.2500000000
69298  49.858  9.256  45.398 0.2500000000
70233  50.572  9.554  45.715 0.1250000000
70235  50.967  10.112  45.446 0.1250000000
71189  51.035  10.698  45.015 0.1250000000
70236  50.345  10.020  44.957 0.2500000000
72036  51.714  11.237  45.141 0.1250000000
72864  52.940  12.466  45.447 0.1250000000
72872  52.219  12.402  44.876 0.1250000000
116326  52.569  12.980  45.020 0.1250000000
72873  51.972  13.043  44.523 0.1250000000
72894  50.325  12.600  42.603 0.6250000000
73741  53.136  13.307  45.447 0.1250000000
72882  51.376  13.040  43.837 0.2500000000
38844  3.903  -22.038  74.532 0.6250000000
36797  2.980  -24.205  72.409 0.6250000000
39991  2.239  -22.001  72.005 0.2500000000
39962  3.745  -21.374  74.979 0.6250000000
38901  4.428  -22.953  72.021 0.7500000000
39999  2.208  -21.971  70.905 0.2500000000
37874  1.769  -23.618  70.248 0.2500000000
35830  3.491  -25.438  71.365 0.2500000000
34857  3.822  -26.939  70.501 0.2500000000
34840  2.085  -26.439  71.269 0.3750000000
33910  2.101  -27.279  71.240 0.3750000000
35832  2.479  -25.457  71.556 0.3750000000
36818  4.265  -25.165  70.598 0.3750000000
34858  1.693  -26.431  70.925 0.3750000000
35842  1.563  -25.835  70.586 0.3750000000
41885  6.999  -19.039  75.451 0.6250000000
40932  6.033  -20.326  75.324 0.6250000000
36795  3.644  -24.084  72.047 0.7500000000
40986  2.315  -20.899  69.753 0.2500000000
36796  3.137  -24.171  72.375 0.6250000000
118558  1.903  -22.926  69.575 0.2500000000
37895  1.748  -23.652  69.313 0.2500000000
41001  2.323  -20.695  69.063 0.2500000000
38942  2.047  -22.367  68.989 0.2500000000
39997  6.188  -21.329  70.116 0.5000000000
39998  5.620  -22.047  70.652 0.3750000000
38917  5.581  -22.798  69.976 0.3750000000
119110  1.906  -23.031  68.913 0.2500000000
37909  1.966  -23.553  68.585 0.2500000000
40048  7.457  -21.857  66.959 0.1250000000
41018  7.021  -21.252  68.123 0.3750000000
38985  7.143  -22.529  67.298 0.1250000000
38986  6.620  -22.440  67.912 0.1250000000
40012  6.448  -21.503  69.237 0.5000000000
38941  5.911  -22.829  69.105 0.2500000000
37894  5.585  -23.472  69.401 0.3750000000
42001  7.078  -20.115  69.086 0.6250000000
132591  7.330  -19.607  68.989 0.6250000000
41901  6.753  -18.850  74.250 0.7500000000
41919  6.668  -18.799  73.316 0.8750000000
41937  6.685  -18.825  72.332 1.0000000000
41968  6.579  -19.666  70.902 0.7500000000
44156  8.276  -17.900  68.333 0.6250000000
41984  7.222  -19.362  69.475 0.7500000000
44092  8.003  -16.868  73.965 0.7500000000
42969  7.009  -18.155  71.834 0.7500000000
44110  7.422  -17.442  72.367 0.8750000000
42993  7.820  -18.311  69.021 0.7500000000
44155  8.713  -17.222  67.948 0.6250000000
44170  9.215  -16.870  67.316 0.5000000000
44181  9.151  -17.523  66.439 0.5000000000
45248  9.044  -16.584  68.140 0.7500000000
128708  9.486  -15.948  75.013 0.5000000000
125753  8.624  -16.089  73.126 0.8750000000
44100  8.029  -16.732  72.957 0.8750000000
44119  7.930  -17.018  70.859 1.0000000000
45275  10.163  -16.209  66.203 0.3750000000
45276  9.612  -16.783  66.407 0.3750000000
46297  11.503  -15.563  65.634 0.3750000000
46193  9.746  -15.117  72.321 0.8750000000
46219  10.282  -14.763  70.807 1.0000000000
125741  9.518  -15.289  70.506 1.0000000000
46238  9.555  -15.579  69.032 1.0000000000
113349  8.973  -16.296  68.851 0.8750000000
46296  12.227  -15.291  65.253 0.5000000000
46191  12.008  -14.810  73.098 0.5000000000
46218  11.217  -14.397  70.639 0.8750000000
47191  11.361  -14.439  68.950 1.0000000000
46264  11.888  -14.989  67.033 0.7500000000
47241  12.784  -14.808  66.720 0.8750000000
46216  13.530  -14.946  70.962 0.7500000000
111661  13.083  -15.020  72.154 0.6250000000
47188  14.350  -14.017  69.220 0.8750000000
47223  13.003  -14.231  67.980 0.8750000000
47240  13.421  -14.480  66.764 1.0000000000
44290  19.944  -17.165  59.452 0.3750000000
44276  20.477  -17.720  60.092 0.1250000000
45354  18.228  -16.578  61.003 0.5000000000
44265  18.626  -17.318  61.511 0.1250000000
117744  17.827  -14.819  59.985 0.7500000000
46235  14.687  -14.471  69.911 0.7500000000
48147  14.929  -13.911  66.097 0.8750000000
48180  14.701  -13.825  64.372 0.7500000000
47264  14.100  -14.298  63.963 0.7500000000
45391  20.020  -16.075  58.227 0.3750000000
46399  19.333  -15.589  58.546 0.6250000000
46400  18.682  -15.015  58.879 0.7500000000
47342  18.257  -14.497  59.454 0.7500000000
47324  17.810  -14.000  60.056 0.7500000000
48162  15.499  -13.397  65.742 0.8750000000
127262  16.779  -12.205  63.500 0.6250000000
49235  16.762  -12.847  62.035 0.7500000000
48209  15.329  -13.521  63.022 0.7500000000
129667  20.802  -14.283  57.976 0.7500000000
123852  20.134  -14.476  58.219 0.8750000000
48145  16.442  -12.718  66.610 0.8750000000
49257  18.806  -12.506  61.073 0.7500000000
48253  21.077  -13.541  58.852 0.8750000000
48255  19.235  -13.580  59.440 0.8750000000
47250  26.402  -14.443  66.341 0.5000000000
46293  24.662  -16.455  64.260 0.7500000000
45284  25.217  -16.699  64.986 0.5000000000
48155  29.824  -13.319  65.769 0.7500000000
47235  28.637  -14.296  66.513 0.6250000000
48156  29.036  -13.327  65.972 0.7500000000
48158  26.803  -13.469  65.906 0.6250000000
47261  25.343  -14.826  64.847 0.8750000000
46305  24.356  -16.275  63.673 0.8750000000
46304  24.929  -15.680  63.984 1.0000000000
45297  22.467  -16.539  64.719 0.8750000000
45298  21.806  -16.110  65.056 0.6250000000
46294  21.460  -15.508  65.423 0.8750000000
122210  21.447  -15.527  66.082 0.7500000000
46280  21.310  -14.749  66.290 0.7500000000
47252  20.977  -14.184  65.576 0.8750000000
48175  27.765  -12.277  65.053 0.8750000000
132557  27.541  -12.830  65.590 0.7500000000
48176  26.048  -13.246  65.253 0.7500000000
133154  24.721  -14.868  63.182 1.0000000000
46321  23.613  -15.698  62.716 1.0000000000
46322  22.644  -15.953  63.184 1.0000000000
46323  21.732  -15.560  63.733 0.8750000000
48177  20.412  -13.463  64.993 0.8750000000
48144  17.199  -12.528  66.893 0.8750000000
49195  30.349  -12.077  64.592 0.7500000000
49197  28.709  -12.172  64.710 0.7500000000
49216  28.824  -11.821  63.877 1.0000000000
131220  29.924  -12.142  64.238 0.8750000000
49217  26.309  -12.101  64.399 0.8750000000
47274  24.820  -14.166  63.254 1.0000000000
47275  24.316  -14.938  62.698 1.0000000000
46337  22.861  -15.619  62.444 1.0000000000
47276  21.275  -15.035  63.235 0.8750000000
49200  19.221  -12.456  64.861 0.8750000000
49229  29.036  -11.812  63.002 1.0000000000
50283  29.723  -11.775  63.131 1.0000000000
121538  27.130  -11.833  63.913 0.8750000000
130441  27.954  -11.944  64.251 1.0000000000
50287  25.551  -11.809  63.758 0.8750000000
49218  25.560  -12.489  64.262 0.8750000000
47289  24.291  -14.095  62.413 1.0000000000
48203  24.667  -13.202  63.023 1.0000000000
47291  22.418  -15.249  61.942 1.0000000000
48206  20.253  -13.628  63.007 0.8750000000
48192  19.730  -12.833  63.504 0.8750000000
49182  17.435  -12.087  65.555 0.8750000000
50302  26.581  -11.255  62.772 1.0000000000
50284  28.001  -11.779  63.244 1.0000000000
50300  28.401  -11.492  62.523 1.0000000000
50285  27.089  -11.596  63.212 0.8750000000
48221  23.538  -13.342  61.466 1.0000000000
51319  28.420  -10.711  61.279 1.0000000000
51320  27.495  -10.708  61.211 1.0000000000
51302  26.990  -11.008  61.960 1.0000000000
50304  24.649  -11.104  62.575 0.8750000000
50288  24.904  -11.681  63.123 1.0000000000
49231  23.989  -12.272  62.088 1.0000000000
113582  24.365  -11.684  62.548 1.0000000000
48225  20.122  -13.425  60.908 0.7500000000
52362  28.582  -9.660  60.231 1.0000000000
52361  29.265  -9.150  60.744 1.0000000000
51336  27.154  -10.239  60.524 1.0000000000
52345  28.923  -10.061  60.883 1.0000000000
114414  25.615  -10.355  61.759 0.8750000000
51305  24.414  -10.543  61.949 0.8750000000
49245  22.881  -13.040  60.724 0.8750000000
127373  19.371  -12.897  60.715 0.7500000000
52378  26.959  -9.292  59.255 1.0000000000
113356  26.913  -9.707  59.910 1.0000000000
52380  24.950  -9.015  59.675 0.8750000000
52348  23.866  -9.778  60.864 0.8750000000
51322  24.937  -10.144  61.653 0.8750000000
52347  24.673  -9.722  61.025 0.8750000000
128743  24.294  -10.076  61.413 0.8750000000
50318  23.259  -11.096  61.194 0.8750000000
49256  22.639  -12.207  60.116 0.8750000000
123987  20.967  -13.728  59.640 0.8750000000
53339  25.480  -8.844  59.106 1.0000000000
52381  24.097  -9.015  59.453 0.8750000000
52366  24.363  -9.327  60.291 0.8750000000
51347  22.918  -9.942  59.471 0.8750000000
49266  22.232  -12.483  59.123 0.8750000000
49213  30.743  -11.652  64.285 0.7500000000
50282  30.332  -11.459  63.638 0.8750000000
51300  29.629  -10.722  62.271 1.0000000000
52343  30.349  -9.149  61.735 1.0000000000
132123  28.414  -8.094  59.023 1.0000000000
119094  29.598  -8.490  60.598 1.0000000000
52342  31.041  -8.754  62.111 1.0000000000
54284  28.962  -7.914  59.342 0.8750000000
54298  29.254  -7.548  58.573 0.8750000000
54327  29.121  -7.424  55.943 0.8750000000
54350  29.527  -7.843  54.063 0.7500000000
54339  30.474  -7.593  54.773 0.7500000000
52327  32.886  -8.615  63.210 0.8750000000
52341  31.657  -8.522  62.466 1.0000000000
124434  31.927  -7.462  54.253 0.6250000000
53306  33.256  -7.927  63.000 1.0000000000
116935  33.794  -6.977  62.127 0.8750000000
110741  32.252  -6.940  59.972 1.0000000000
55254  34.485  -6.400  60.507 0.8750000000
55273  33.981  -6.853  58.493 1.0000000000
55282  34.201  -6.642  57.582 1.0000000000
58993  30.253  -2.399  57.203 1.0000000000
62022  29.571  0.034  53.501 0.7500000000
62897  31.269  1.647  54.746 1.0000000000
62002  31.415  0.238  57.386 1.0000000000
63844  32.640  2.512  55.653 1.0000000000
63848  32.389  2.597  54.744 1.0000000000
63849  31.720  2.231  54.347 1.0000000000
63885  31.279  2.352  51.863 0.8750000000
62927  30.639  1.682  51.988 0.7500000000
61908  34.032  0.486  62.413 0.7500000000
61943  33.378  0.382  60.817 0.8750000000
62879  32.385  1.369  57.618 1.0000000000
64739  34.613  3.195  58.514 0.8750000000
63833  33.953  2.916  58.034 1.0000000000
63871  32.036  3.024  51.441 0.8750000000
58917  34.530  -2.144  63.325 0.3750000000
58931  34.281  -2.148  62.681 0.5000000000
63783  36.536  2.406  61.670 0.3750000000
62832  36.164  1.915  61.985 0.5000000000
64761  33.745  3.327  56.471 1.0000000000
119128  33.367  3.140  55.679 1.0000000000
113484  32.984  2.077  49.394 0.6250000000
114765  34.497  3.875  56.419 1.0000000000
64760  34.044  3.753  55.670 1.0000000000
64770  33.207  3.405  54.254 1.0000000000
64782  33.318  3.676  53.449 1.0000000000
119619  35.123  -1.607  46.861 0.1250000000
61110  34.083  -0.609  47.377 0.3750000000
62806  36.748  1.430  64.444 0.2500000000
113407  33.833  0.955  48.107 0.5000000000
63897  33.974  3.018  50.188 0.8750000000
64716  37.683  3.901  60.659 0.5000000000
63914  34.182  2.521  49.588 1.0000000000
62076  34.716  0.876  47.802 0.5000000000
65589  37.386  4.347  59.432 0.5000000000
65599  37.386  4.637  58.709 0.7500000000
65664  34.913  4.448  52.738 1.0000000000
115179  34.658  2.840  50.027 1.0000000000
65646  36.611  4.813  54.539 1.0000000000
64801  35.760  3.847  51.572 1.0000000000
62976  35.598  1.084  47.677 0.5000000000
62991  36.538  1.171  46.645 0.3750000000
64779  37.445  4.380  53.379 1.0000000000
117564  38.963  3.646  53.154 1.0000000000
64778  38.285  3.977  53.204 1.0000000000
112098  37.422  2.567  50.614 1.0000000000
63895  36.374  2.705  50.382 1.0000000000
119000  36.643  2.042  49.275 1.0000000000
63869  39.373  2.616  52.141 1.0000000000
129539  38.237  2.399  50.391 1.0000000000
130744  41.991  5.699  56.176 0.6250000000
64810  39.522  2.625  50.531 1.0000000000
63866  41.471  2.789  52.324 0.8750000000
63879  40.915  2.799  51.465 0.8750000000
63892  40.360  2.761  50.918 1.0000000000
66567  38.679  5.374  47.036 0.6250000000
66576  38.789  5.513  46.318 0.6250000000
66584  39.181  5.652  45.032 0.6250000000
66613  41.551  5.528  42.438 0.5000000000
67547  41.974  6.211  42.639 0.6250000000
66612  42.228  5.591  41.882 0.6250000000
65745  41.281  4.752  42.351 0.3750000000
66603  41.361  6.177  43.232 0.7500000000
65746  40.660  4.603  42.735 0.6250000000
65735  39.589  4.220  43.462 0.3750000000
67555  42.870  6.020  41.447 0.7500000000
65680  40.179  4.544  49.320 1.0000000000
66555  39.844  5.510  48.046 1.0000000000
67529  41.458  6.516  44.453 1.0000000000
67528  42.349  6.754  44.915 1.0000000000
132034  41.408  6.418  43.861 0.8750000000
122922  42.805  6.930  44.163 0.8750000000
67517  40.612  6.320  44.816 1.0000000000
67538  42.500  6.769  43.208 0.7500000000
117964  45.013  6.424  48.009 1.0000000000
67496  42.576  6.530  46.448 1.0000000000
66573  41.124  6.327  46.791 1.0000000000
67513  44.483  6.899  45.681 0.7500000000
129441  43.257  6.986  44.950 0.8750000000
67545  43.083  7.074  42.685 0.8750000000
68451  43.701  7.562  43.124 0.8750000000
112642  45.889  6.582  49.089 0.5000000000
68441  44.554  7.510  44.443 0.7500000000
66543  43.955  5.825  50.074 0.8750000000
69318  45.382  8.684  42.256 0.8750000000
70256  47.119  9.838  41.615 0.8750000000
67491  47.991  7.196  46.873 0.5000000000
68438  47.274  7.878  45.014 0.6250000000
70245  47.723  9.316  43.254 0.7500000000
69308  47.322  8.764  43.745 0.7500000000
71198  47.796  10.173  41.998 0.8750000000
68437  48.074  8.061  45.215 0.6250000000
70244  48.459  9.576  43.564 0.7500000000
71196  49.173  10.852  42.713 0.7500000000
72067  49.201  11.792  41.632 0.8750000000
72068  48.508  11.436  41.182 0.8750000000
71193  49.499  10.575  43.448 0.3750000000
71192  50.125  10.970  43.735 0.2500000000
72055  49.807  11.231  43.068 0.3750000000
72053  50.945  11.893  43.794 0.1250000000
72062  49.503  11.512  42.369 0.6250000000
72045  51.182  11.445  44.474 0.1250000000
116442  52.367  11.780  45.259 0.1250000000
47279  13.555  -14.824  63.534 0.6250000000
114707  18.207  -17.644  63.267 0.1250000000
43107  18.809  -18.129  62.728 0.1250000000
44254  18.408  -17.437  62.412 0.1250000000
45340  15.039  -15.972  62.532 0.1250000000
45336  18.038  -16.749  61.988 0.2500000000
47296  14.467  -14.897  62.662 0.6250000000
47278  14.189  -14.489  63.207 0.6250000000
47265  13.478  -14.656  64.370 0.6250000000
49277  22.346  -12.613  58.051 0.7500000000
48272  22.073  -13.267  57.889 0.7500000000
49296  22.630  -13.057  57.686 0.6250000000
48292  22.118  -13.787  57.630 0.7500000000
44191  17.119  -17.667  64.953 0.1250000000
130035  18.145  -17.788  64.005 0.1250000000
44211  17.714  -17.721  64.511 0.1250000000
114525  17.190  -17.344  64.301 0.1250000000
44212  16.390  -17.368  64.430 0.1250000000
44233  17.637  -17.305  63.841 0.1250000000
44234  16.943  -16.847  63.648 0.1250000000
45314  16.373  -16.434  62.977 0.1250000000
130076  17.682  -16.880  62.978 0.1250000000
45313  17.077  -16.401  62.956 0.1250000000
45339  15.898  -15.915  62.469 0.2500000000
47253  14.122  -14.246  64.834 0.6250000000
45337  17.449  -16.235  62.380 0.2500000000
46339  17.193  -15.604  61.941 0.2500000000
46341  15.563  -15.350  62.315 0.2500000000
47295  15.177  -14.603  62.421 0.6250000000
48210  14.769  -14.137  62.864 0.6250000000
48195  14.714  -13.919  63.526 0.6250000000
45355  17.709  -16.031  61.561 0.3750000000
47294  15.940  -14.583  62.095 0.5000000000
46358  17.426  -15.383  61.274 0.6250000000
46359  17.016  -14.928  61.486 0.6250000000
47309  16.934  -14.027  61.390 0.6250000000
122477  15.638  -13.867  62.430 0.6250000000
49295  23.414  -12.679  57.534 0.6250000000
50360  22.993  -12.099  57.704 0.6250000000
45283  26.016  -16.491  65.889 0.5000000000
50337  22.609  -11.477  59.474 0.7500000000
50344  23.067  -11.053  57.944 0.7500000000
50359  23.804  -11.449  57.404 0.6250000000
51348  22.735  -10.752  58.880 0.7500000000
51356  23.033  -10.009  58.369 0.7500000000
50358  24.190  -10.678  56.876 0.5000000000
51368  23.525  -10.463  57.519 0.3750000000
111236  28.903  -7.405  56.929 0.7500000000
113982  28.056  -7.458  57.066 0.7500000000
130264  27.602  -7.476  56.365 0.6250000000
54330  26.962  -7.625  56.135 0.6250000000
54329  27.541  -7.619  55.444 0.7500000000
53380  27.160  -8.127  54.906 0.6250000000
53381  26.431  -8.432  55.192 0.6250000000
53382  25.690  -8.670  55.678 0.5000000000
51377  24.424  -10.062  56.362 0.5000000000
52401  23.497  -9.807  57.718 0.5000000000
52410  24.924  -8.854  56.346 0.6250000000
53392  27.551  -8.486  54.531 0.5000000000
54312  29.563  -7.446  57.636 0.7500000000
112442  28.607  -7.517  57.839 0.7500000000
52382  23.367  -9.335  59.047 0.7500000000
54313  27.289  -7.600  57.010 0.6250000000
54314  26.526  -7.857  56.829 0.6250000000
119047  26.301  -8.032  55.920 0.5000000000
53365  24.331  -9.390  56.694 0.6250000000
52400  23.921  -9.220  57.573 0.7500000000
52393  23.497  -9.435  58.259 0.7500000000
53362  26.942  -7.931  57.681 0.6250000000
53374  25.728  -8.272  56.582 0.6250000000
110822  14.296  -15.197  71.088 0.6250000000
46201  13.720  -15.161  71.721 0.6250000000
115854  14.908  -15.075  70.523 0.6250000000
47173  14.107  -14.715  70.499 0.6250000000
47220  16.244  -13.505  67.941 0.7500000000
54299  28.333  -7.859  58.592 0.7500000000
53351  27.460  -8.142  58.312 0.6250000000
52392  23.989  -8.935  58.594 0.6250000000
54300  27.761  -7.699  57.818 0.7500000000
53353  25.539  -8.512  58.314 0.6250000000
130376  24.481  -8.833  57.110 0.6250000000
53354  24.604  -8.671  57.997 0.6250000000
53363  26.065  -8.175  57.532 0.6250000000
53364  25.156  -8.460  57.298 0.6250000000
47218  21.301  -14.303  68.242 0.5000000000
47202  18.602  -13.691  69.073 0.5000000000
47204  16.710  -13.815  68.849 0.7500000000
120564  15.266  -14.213  69.289 0.7500000000
126791  21.523  -15.368  66.661 0.6250000000
47237  21.433  -14.567  67.260 0.5000000000
47219  20.763  -13.613  67.646 0.5000000000
48117  19.049  -13.298  68.358 0.6250000000
48118  18.064  -13.287  68.382 0.6250000000
48142  20.203  -13.162  66.811 0.6250000000
48127  19.659  -13.123  67.627 0.6250000000
48128  18.605  -12.916  67.699 0.6250000000
48129  17.574  -12.853  67.643 0.6250000000
48143  19.225  -12.742  66.949 0.7500000000
120031  18.193  -12.549  66.998 0.7500000000
49168  19.682  -12.761  66.150 0.7500000000
49169  18.806  -12.434  66.256 0.7500000000
113766  27.764  -9.154  59.050 0.8750000000
53336  28.383  -8.665  59.251 0.8750000000
53337  27.182  -8.801  58.711 0.8750000000
53338  26.290  -8.922  58.865 0.6250000000
53352  26.567  -8.386  58.268 0.6250000000
46234  15.571  -14.765  69.980 0.6250000000
47203  17.646  -13.807  69.145 0.6250000000
48119  17.119  -13.364  68.214 0.6250000000
53340  24.742  -8.724  58.907 0.6250000000
53305  34.078  -7.996  63.104 0.7500000000
54243  34.892  -8.058  63.178 0.6250000000
128828  35.472  -7.510  62.693 0.6250000000
54250  34.513  -7.368  62.589 0.6250000000
54249  35.197  -7.000  62.055 0.6250000000
126704  34.444  -6.864  61.929 0.6250000000
55263  34.715  -6.097  59.553 0.8750000000
54242  35.775  -8.010  63.379 0.6250000000
54248  36.307  -7.403  62.763 0.6250000000
55237  36.070  -7.032  62.114 0.6250000000
55244  36.638  -6.463  61.483 0.7500000000
55245  35.727  -6.559  61.485 0.7500000000
55253  35.371  -6.123  60.832 0.7500000000
55246  34.852  -6.574  61.388 0.7500000000
56151  35.369  -5.408  59.582 0.7500000000
55262  35.106  -5.881  60.160 0.7500000000
111809  35.053  -4.924  59.231 0.6250000000
57061  34.636  -4.821  58.859 0.7500000000
56152  34.837  -5.546  59.016 0.8750000000
57062  34.019  -4.664  58.358 0.8750000000
55236  36.916  -6.917  62.130 0.5000000000
55252  36.302  -6.031  60.825 0.6250000000
56140  35.924  -5.602  60.212 0.6250000000
56150  36.226  -5.059  59.870 0.6250000000
57052  35.479  -4.705  59.706 0.6250000000
57053  34.774  -4.344  59.540 0.6250000000
57054  34.028  -4.156  59.315 0.7500000000
62032  29.487  -0.022  52.622 0.6250000000
128787  30.248  1.189  51.791 0.6250000000
62937  31.267  1.681  50.282 0.5000000000
55243  37.489  -6.188  61.515 0.3750000000
56125  37.829  -5.333  60.919 0.3750000000
56126  37.200  -5.799  60.753 0.6250000000
57043  36.934  -4.719  60.099 0.6250000000
56139  36.807  -5.405  60.208 0.6250000000
57964  36.633  -3.931  60.583 0.5000000000
57044  36.056  -4.371  60.176 0.6250000000
57971  35.160  -4.069  60.195 0.7500000000
57972  34.233  -3.751  60.136 0.7500000000
61010  29.324  -1.028  54.685 0.7500000000
56112  38.284  -5.602  61.798 0.2500000000
56138  37.403  -5.164  60.339 0.5000000000
57957  37.558  -3.796  61.421 0.1250000000
57037  37.487  -4.382  60.677 0.5000000000
57958  36.978  -3.554  61.153 0.5000000000
57959  36.276  -3.473  61.095 0.5000000000
57965  35.633  -3.704  60.771 0.5000000000
57966  34.779  -3.654  60.695 0.7500000000
133606  42.551  3.193  53.193 0.7500000000
57948  37.854  -3.719  62.225 0.1250000000
57949  37.083  -3.282  61.932 0.1250000000
58929  36.253  -3.189  61.707 0.5000000000
58956  34.785  -3.356  61.169 0.6250000000
126297  47.993  5.757  55.232 0.2500000000
125586  47.158  5.375  56.183 0.2500000000
65619  45.976  4.690  55.596 0.2500000000
65628  45.439  4.415  55.169 0.3750000000
65621  44.493  4.405  55.331 0.3750000000
66523  48.302  5.969  54.711 0.2500000000
66524  47.544  5.621  54.690 0.2500000000
66525  46.848  5.161  54.810 0.2500000000
65641  45.643  4.430  54.449 0.3750000000
64756  44.272  3.963  54.559 0.3750000000
121001  42.764  3.435  53.768 0.6250000000
112735  46.997  5.496  54.087 0.2500000000
66527  46.409  5.300  53.469 0.2500000000
65652  45.758  4.647  53.708 0.2500000000
127139  44.638  3.900  53.566 0.3750000000
64773  43.205  3.373  53.394 0.6250000000
66533  45.752  5.002  52.944 0.2500000000
65662  45.034  4.737  52.549 0.2500000000
57933  38.009  -3.337  63.189 0.1250000000
117338  37.278  -3.053  62.830 0.2500000000
131989  35.783  -3.013  62.180 0.3750000000
127553  35.319  -3.043  61.954 0.5000000000
66506  47.786  5.758  56.838 0.2500000000
113063  46.969  5.512  57.110 0.2500000000
130205  44.730  4.890  56.135 0.3750000000
128875  47.972  5.702  55.936 0.2500000000
66507  46.231  5.037  56.367 0.2500000000
64758  42.999  4.312  54.897 0.6250000000
66516  48.764  6.029  55.562 0.2500000000
67436  47.755  5.947  54.027 0.2500000000
130619  47.178  5.890  53.313 0.2500000000
64757  43.719  4.097  54.738 0.3750000000
64765  42.470  3.968  54.396 0.7500000000
66538  45.394  5.755  51.475 0.3750000000
113075  45.574  5.427  52.203 0.2500000000
66539  44.704  5.575  51.143 0.3750000000
65667  44.871  5.227  51.847 0.5000000000
58916  35.397  -2.645  63.467 0.2500000000
66505  48.612  6.071  56.560 0.2500000000
66492  42.774  5.504  56.224 0.5000000000
65629  43.532  4.623  55.378 0.3750000000
126848  48.782  6.493  53.383 0.2500000000
111482  48.034  6.283  53.313 0.2500000000
67442  47.494  6.446  52.445 0.3750000000
66537  45.994  5.944  51.817 0.3750000000
67448  47.582  6.898  51.552 0.3750000000
67449  46.676  6.445  51.600 0.3750000000
67450  45.925  6.210  51.225 0.3750000000
67435  48.568  6.271  54.038 0.2500000000
67441  48.484  6.657  52.681 0.2500000000
111725  48.177  6.903  52.026 0.3750000000
67455  46.316  6.612  50.560 0.3750000000
127744  47.101  6.906  50.938 0.3750000000
66495  38.677  5.640  57.952 0.7500000000
66494  39.187  5.949  57.284 0.7500000000
66478  38.624  5.260  58.898 0.6250000000
46374  17.835  -15.631  60.543 0.6250000000
47205  15.803  -13.885  68.629 0.7500000000
50336  22.796  -10.674  59.783 0.7500000000
52315  34.082  -9.108  63.729 0.6250000000
62016  29.761  0.081  54.207 0.7500000000
117687  29.886  0.648  52.167 0.6250000000
58944  35.528  -3.326  61.411 0.5000000000
113166  30.608  1.532  51.014 0.6250000000
63950  37.812  2.926  45.019 0.1250000000
65632  40.483  5.442  55.445 0.8750000000
64772  43.999  3.598  53.529 0.6250000000
64789  43.549  3.569  52.890 0.5000000000
65663  44.383  4.035  52.918 0.3750000000
67454  47.794  7.168  50.827 0.3750000000
132570  15.181  -13.968  62.659 0.6250000000
54341  28.424  -7.515  55.155 0.7500000000
54328  28.261  -7.394  56.153 0.7500000000
45315  15.397  -16.506  62.872 0.1250000000
46342  14.881  -15.373  62.480 0.5000000000
50345  22.605  -11.702  58.418 0.6250000000
47362  22.323  -14.439  57.497 0.6250000000
44235  15.903  -16.924  63.565 0.1250000000
45338  16.813  -15.934  62.509 0.1250000000
46340  16.455  -15.260  62.062 0.2500000000
47310  16.520  -14.509  61.765 0.6250000000
51367  23.856  -9.924  57.022 0.6250000000
54342  26.841  -7.902  55.469 0.6250000000
52419  25.230  -9.416  55.598 0.6250000000
115767  25.521  -10.043  55.234 0.3750000000
51396  24.971  -10.122  55.728 0.5000000000
47187  16.192  -14.284  69.443 0.7500000000
48116  19.963  -13.413  68.260 0.5000000000
57029  38.057  -4.531  61.423 0.2500000000
66517  47.364  5.421  55.374 0.2500000000
66518  46.640  5.000  55.547 0.2500000000
65627  46.172  4.675  54.979 0.2500000000
65642  44.926  4.086  54.618 0.3750000000
65640  46.325  4.907  54.247 0.2500000000
65653  45.131  4.106  53.952 0.3750000000
64764  43.686  3.605  54.070 0.6250000000
64763  44.452  3.783  54.081 0.5000000000
118145  43.174  3.811  54.345 0.6250000000
112012  45.151  4.333  53.262 0.3750000000
58915  36.470  -2.848  63.621 0.2500000000
111149  36.243  -2.967  62.585 0.2500000000
65622  43.839  5.072  56.055 0.3750000000
65623  42.817  4.918  55.473 0.6250000000
66532  46.423  5.812  52.554 0.2500000000
124966  2.248  -28.760  64.746 0.1250000000
33046  2.193  -28.628  64.380 0.1250000000
33979  2.054  -28.058  64.345 0.1250000000
33980  1.840  -27.721  63.941 0.1250000000
34932  1.728  -27.010  64.062 0.1250000000
34933  1.614  -27.019  63.516 0.1250000000
33026  2.816  -28.802  66.738 0.1250000000
33034  2.788  -28.698  65.733 0.1250000000
33970  2.641  -27.996  65.233 0.1250000000
34925  3.189  -27.018  65.502 0.1250000000
34926  2.411  -27.469  64.691 0.1250000000
35908  3.467  -26.069  65.173 0.1250000000
35921  1.896  -26.453  63.868 0.1250000000
34941  1.509  -26.386  63.358 0.1250000000
32136  2.199  -29.991  68.205 0.1250000000
32146  2.115  -29.180  68.152 0.1250000000
33018  1.709  -28.353  68.648 0.1250000000
33027  2.329  -28.564  67.705 0.1250000000
34899  2.516  -26.980  67.628 0.1250000000
33952  2.655  -27.888  67.274 0.1250000000
34913  3.110  -27.353  66.816 0.1250000000
35878  2.632  -25.432  67.594 0.1250000000
122884  3.547  -26.249  66.138 0.1250000000
36878  3.601  -25.102  64.790 0.1250000000
112244  3.797  -24.247  64.922 0.1250000000
35928  3.009  -25.103  63.946 0.1250000000
35930  1.251  -25.431  63.047 0.1250000000
116102  1.505  -29.448  69.513 0.1250000000
32137  1.742  -29.328  68.774 0.1250000000
128359  1.461  -28.735  69.328 0.1250000000
35855  1.503  -25.396  69.721 0.1250000000
34875  1.419  -26.315  70.133 0.1250000000
34900  1.896  -26.659  68.339 0.1250000000
36829  1.598  -24.440  69.973 0.1250000000
124450  1.886  -25.913  68.413 0.1250000000
35877  3.359  -25.514  66.879 0.1250000000
124628  3.431  -23.884  66.678 0.1250000000
36862  3.439  -24.721  66.749 0.1250000000
37941  3.836  -23.592  65.639 0.1250000000
35889  3.709  -25.380  65.955 0.1250000000
37956  3.789  -23.600  64.531 0.1250000000
37974  3.132  -23.566  63.784 0.1250000000
36896  3.385  -24.352  64.169 0.1250000000
36904  2.156  -24.364  63.592 0.1250000000
36905  1.272  -24.748  63.087 0.1250000000
120884  1.860  -27.921  71.114 0.2500000000
31226  1.778  -30.894  70.262 0.1250000000
33011  1.396  -28.715  70.204 0.1250000000
33911  1.844  -27.147  71.090 0.2500000000
33014  1.373  -27.958  69.573 0.2500000000
33934  1.374  -27.064  69.811 0.2500000000
35833  1.882  -25.776  71.213 0.2500000000
34888  1.543  -26.269  69.119 0.2500000000
123329  1.602  -25.175  70.749 0.1250000000
35867  1.754  -25.336  68.717 0.1250000000
130577  2.013  -24.747  68.325 0.1250000000
36841  1.716  -24.441  68.909 0.1250000000
36850  2.865  -24.166  67.370 0.1250000000
37923  2.231  -23.415  68.097 0.1250000000
37921  2.911  -23.363  67.338 0.1250000000
125205  4.417  -21.860  65.113 0.1250000000
37940  4.132  -22.947  64.989 0.1250000000
39013  4.213  -22.266  64.616 0.1250000000
39024  3.787  -22.784  64.034 0.1250000000
39044  4.026  -22.016  63.941 0.1250000000
116155  2.868  -22.833  63.582 0.1250000000
37975  1.830  -23.320  63.360 0.1250000000
39046  1.771  -22.413  63.150 0.1250000000
119077  1.997  -25.042  71.502 0.2500000000
123385  2.478  -22.155  67.838 0.1250000000
38988  2.477  -22.965  67.769 0.1250000000
39005  3.692  -22.331  66.427 0.1250000000
40083  4.121  -21.740  66.001 0.1250000000
40082  4.635  -21.170  65.216 0.1250000000
40091  4.393  -21.593  64.348 0.1250000000
41052  5.001  -20.209  64.969 0.1250000000
40102  4.037  -21.337  63.756 0.1250000000
39045  3.240  -22.019  63.555 0.1250000000
40103  3.132  -21.089  63.367 0.1250000000
120436  1.349  -23.059  62.850 0.1250000000
40104  1.993  -21.491  63.074 0.1250000000
39047  1.283  -22.542  62.520 0.1250000000
40105  1.362  -21.843  62.473 0.1250000000
40067  3.451  -21.669  66.931 0.1250000000
40051  2.624  -21.347  67.945 0.1250000000
41019  3.165  -20.929  67.428 0.1250000000
41039  4.496  -20.542  65.976 0.1250000000
41064  4.686  -20.781  64.093 0.1250000000
42082  4.446  -19.504  63.537 0.1250000000
41074  4.118  -20.378  63.574 0.1250000000
41075  2.689  -20.265  63.120 0.1250000000
41076  1.737  -20.253  62.540 0.1250000000
40120  1.189  -21.367  62.000 0.1250000000
42084  2.136  -19.510  62.758 0.1250000000
41092  1.345  -20.423  62.020 0.1250000000
44255  1.603  -17.971  62.080 0.1250000000
124105  3.067  -20.158  67.607 0.1250000000
41020  2.695  -20.511  68.015 0.1250000000
41986  2.573  -19.380  69.277 0.1250000000
41040  3.724  -20.186  66.909 0.1250000000
42002  2.755  -19.179  68.591 0.1250000000
43028  3.095  -18.911  67.978 0.1250000000
43012  3.135  -18.400  68.639 0.1250000000
125555  4.466  -19.931  66.160 0.1250000000
44199  5.273  -18.139  65.776 0.1250000000
42036  4.812  -19.382  65.807 0.1250000000
42059  5.323  -19.320  64.683 0.1250000000
42072  5.042  -19.734  63.918 0.1250000000
42058  5.445  -18.886  64.035 0.1250000000
42081  4.978  -18.912  63.644 0.1250000000
42083  3.372  -19.557  63.250 0.1250000000
43097  4.511  -18.051  63.443 0.1250000000
44243  3.147  -17.754  63.169 0.1250000000
43099  2.637  -18.705  62.952 0.1250000000
44242  4.008  -17.116  63.372 0.1250000000
44244  2.110  -17.832  62.620 0.1250000000
43108  1.806  -18.737  62.378 0.1250000000
42093  1.537  -19.561  62.147 0.1250000000
122556  2.252  -16.866  62.874 0.1250000000
45322  2.305  -16.076  63.247 0.1250000000
113245  2.628  -20.280  72.288 0.1250000000
41969  2.579  -19.540  70.071 0.1250000000
41955  2.707  -19.580  71.614 0.1250000000
42995  2.857  -18.625  69.221 0.1250000000
42979  2.781  -18.765  69.897 0.1250000000
42037  4.063  -19.363  66.792 0.1250000000
117713  3.523  -18.111  68.010 0.1250000000
44157  3.516  -17.638  68.758 0.1250000000
44173  4.120  -17.922  67.396 0.1250000000
43064  5.148  -18.815  65.566 0.1250000000
43063  5.505  -18.576  64.799 0.1250000000
43085  5.567  -18.253  64.321 0.1250000000
43096  5.296  -18.222  63.794 0.1250000000
44218  5.588  -17.610  64.173 0.1250000000
44241  5.028  -17.393  63.634 0.1250000000
45301  5.462  -16.833  64.021 0.1250000000
45302  5.197  -15.981  64.087 0.1250000000
45320  4.609  -16.495  63.668 0.1250000000
124149  2.908  -16.806  63.287 0.1250000000
45321  3.397  -16.210  63.535 0.1250000000
46327  2.609  -15.356  63.566 0.1250000000
44245  1.760  -16.933  62.342 0.1250000000
119194  2.804  -20.114  73.216 0.3750000000
42961  2.941  -18.667  71.914 0.1250000000
41939  2.901  -19.371  72.592 0.2500000000
44143  3.118  -17.546  69.971 0.1250000000
44129  2.968  -17.862  71.372 0.1250000000
44142  3.460  -17.219  69.496 0.1250000000
126592  3.375  -16.742  70.254 0.1250000000
125893  3.057  -17.293  70.745 0.1250000000
44172  4.522  -17.351  67.415 0.1250000000
45265  3.966  -17.273  68.073 0.1250000000
131389  3.694  -16.273  70.166 0.1250000000
45278  5.203  -17.041  66.899 0.1250000000
44183  4.902  -17.740  66.742 0.1250000000
44198  5.661  -17.847  64.922 0.1250000000
120291  5.781  -17.086  64.746 0.1250000000
127588  5.725  -16.435  64.542 0.1250000000
47266  12.882  -15.013  64.822 0.5000000000
46312  4.991  -15.073  64.249 0.1250000000
46313  3.953  -15.410  63.842 0.1250000000
39953  3.952  -20.872  75.586 0.5000000000
130057  3.254  -19.706  74.937 0.3750000000
41921  3.138  -19.487  74.457 0.3750000000
116312  3.173  -18.286  73.803 0.2500000000
121137  3.053  -17.103  73.049 0.1250000000
125572  3.098  -18.355  72.950 0.1250000000
124148  3.006  -17.238  72.196 0.1250000000
128666  3.173  -16.512  71.210 0.1250000000
115049  3.024  -16.063  71.974 0.1250000000
45250  4.399  -16.626  68.558 0.1250000000
45237  3.743  -16.551  69.695 0.1250000000
46223  3.611  -15.891  70.760 0.1250000000
126078  3.300  -15.719  71.486 0.1250000000
47186  17.070  -14.358  69.605 0.5000000000
45236  4.196  -16.320  69.335 0.1250000000
45225  4.045  -15.860  70.082 0.1250000000
46222  4.026  -15.061  70.791 0.1250000000
46255  4.817  -16.033  68.991 0.1250000000
46240  4.534  -15.725  69.624 0.1250000000
44182  5.613  -17.270  65.803 0.1250000000
46269  5.088  -16.251  68.133 0.1250000000
45277  5.924  -16.521  66.249 0.1250000000
45263  5.541  -16.437  67.246 0.1250000000
45292  5.999  -16.485  65.243 0.1250000000
46300  6.304  -15.730  65.557 0.1250000000
122319  5.829  -15.772  64.679 0.1250000000
39960  4.681  -20.975  75.653 0.5000000000
40926  3.771  -20.240  76.044 0.5000000000
41887  3.364  -19.391  75.544 0.3750000000
127333  3.314  -18.605  75.531 0.3750000000
44094  3.187  -17.673  75.097 0.3750000000
44111  3.136  -17.679  73.492 0.1250000000
45187  3.097  -17.071  74.733 0.1250000000
45213  17.133  -16.221  71.819 0.2500000000
46198  16.530  -15.994  71.654 0.2500000000
45203  16.632  -16.339  72.437 0.2500000000
46199  15.837  -15.700  71.441 0.3750000000
45198  2.976  -16.477  73.354 0.1250000000
111638  3.031  -16.415  74.802 0.1250000000
46214  16.522  -15.620  70.912 0.3750000000
46184  2.964  -15.710  73.637 0.1250000000
116108  2.995  -16.433  74.145 0.1250000000
114126  17.221  -15.388  70.670 0.5000000000
46215  15.750  -15.337  70.660 0.3750000000
46207  3.124  -15.099  72.106 0.1250000000
47166  2.962  -14.888  73.028 0.1250000000
46233  16.560  -15.003  70.181 0.3750000000
47168  3.412  -14.321  71.801 0.1250000000
129921  17.715  -14.402  69.808 0.5000000000
46239  5.185  -15.265  69.434 0.1250000000
46221  4.585  -15.025  70.214 0.1250000000
47177  4.271  -14.352  70.792 0.1250000000
46254  5.545  -15.644  68.562 0.1250000000
46285  6.279  -15.911  66.664 0.1250000000
46268  5.887  -15.823  67.633 0.1250000000
46284  6.640  -15.191  66.104 0.1250000000
47340  24.828  -15.445  59.047 0.1250000000
41869  5.795  -20.093  76.785 0.5000000000
40917  4.905  -20.036  76.681 0.5000000000
41860  4.459  -19.429  77.179 0.5000000000
122661  3.521  -18.540  77.301 0.3750000000
41871  3.333  -18.593  76.120 0.3750000000
42912  3.172  -17.807  76.714 0.3750000000
44074  3.043  -17.216  76.226 0.2500000000
46186  15.934  -15.949  72.208 0.3750000000
111400  15.219  -15.678  72.015 0.3750000000
118937  17.468  -16.496  72.357 0.2500000000
118367  2.994  -14.880  74.877 0.1250000000
46174  3.003  -15.727  74.456 0.1250000000
46213  17.828  -15.562  71.050 0.2500000000
46200  14.492  -15.418  71.798 0.5000000000
46231  18.098  -14.749  70.260 0.3750000000
44296  21.849  -17.005  58.763 0.1250000000
44297  21.137  -16.953  58.705 0.1250000000
45388  22.394  -16.616  58.481 0.1250000000
45389  21.585  -16.498  58.219 0.1250000000
133073  24.283  -15.987  58.937 0.1250000000
45387  23.685  -16.088  58.586 0.1250000000
45377  23.207  -16.671  58.821 0.1250000000
48271  24.771  -13.896  58.222 0.1250000000
47350  24.454  -14.743  58.388 0.1250000000
125637  26.708  -13.330  59.278 0.2500000000
49275  26.395  -12.638  58.160 0.2500000000
48270  25.552  -13.482  58.616 0.1250000000
124984  27.793  -12.569  57.216 0.1250000000
49274  27.156  -12.570  57.848 0.2500000000
49292  26.460  -12.247  57.421 0.2500000000
49306  27.476  -12.187  56.525 0.1250000000
120817  27.136  -12.315  57.118 0.2500000000
50392  27.456  -11.320  55.387 0.1250000000
41857  7.080  -19.301  77.205 0.5000000000
41858  6.286  -19.567  77.379 0.3750000000
41859  5.415  -19.554  77.322 0.3750000000
42937  7.592  -18.383  75.896 0.5000000000
44098  18.383  -17.434  73.522 0.2500000000
110744  17.051  -16.695  72.956 0.2500000000
45192  16.409  -16.534  73.259 0.2500000000
45193  15.617  -16.139  73.542 0.2500000000
45194  14.876  -15.736  73.949 0.5000000000
45202  18.307  -16.518  72.342 0.2500000000
45204  15.989  -16.183  72.847 0.2500000000
46177  14.967  -15.625  73.300 0.3750000000
46178  14.240  -15.360  73.513 0.5000000000
44118  19.128  -16.554  72.288 0.3750000000
46187  15.405  -15.803  72.775 0.5000000000
46188  14.593  -15.467  72.612 0.5000000000
116735  19.321  -16.124  71.711 0.3750000000
45222  18.587  -15.746  71.371 0.3750000000
132968  14.118  -15.323  72.190 0.5000000000
122185  18.886  -14.662  70.193 0.3750000000
47185  18.330  -14.236  69.716 0.3750000000
46398  20.593  -15.649  57.800 0.2500000000
46396  22.144  -15.962  57.825 0.1250000000
46394  24.082  -15.486  58.475 0.1250000000
46407  22.783  -15.233  57.643 0.1250000000
48289  24.928  -12.984  57.950 0.1250000000
49293  25.522  -12.292  57.613 0.2500000000
49307  26.715  -11.996  56.605 0.2500000000
50374  27.038  -11.806  55.859 0.2500000000
51393  27.981  -10.658  55.070 0.2500000000
51394  27.074  -10.656  54.839 0.1250000000
52426  29.950  -9.788  54.097 0.2500000000
51415  29.221  -10.025  54.617 0.2500000000
51416  28.407  -9.936  54.590 0.2500000000
52440  30.665  -9.379  53.283 0.2500000000
112900  29.696  -9.015  53.510 0.2500000000
42924  7.720  -18.736  76.852 0.5000000000
44070  19.173  -17.782  76.300 0.2500000000
44071  18.371  -17.160  76.530 0.2500000000
44081  17.762  -17.419  75.998 0.2500000000
42922  19.929  -18.158  76.000 0.2500000000
44079  19.148  -18.132  75.633 0.2500000000
44080  18.392  -17.873  75.880 0.2500000000
45165  16.995  -17.073  75.649 0.2500000000
45166  16.292  -16.634  75.763 0.2500000000
42935  19.933  -18.206  75.114 0.2500000000
44089  19.189  -18.059  74.611 0.2500000000
122092  18.450  -17.976  75.022 0.2500000000
130049  18.018  -17.861  74.592 0.2500000000
44091  17.699  -17.676  75.141 0.2500000000
118811  16.269  -16.703  75.005 0.2500000000
45180  15.426  -16.266  74.550 0.2500000000
42945  20.032  -18.174  74.156 0.2500000000
44097  19.313  -17.641  73.598 0.2500000000
44099  17.693  -17.527  74.085 0.2500000000
45191  16.987  -16.994  73.661 0.2500000000
45179  16.264  -16.672  74.095 0.2500000000
46170  13.768  -15.387  74.336 0.5000000000
129679  20.435  -17.731  73.296 0.2500000000
44107  18.792  -17.019  72.900 0.2500000000
133265  14.377  -15.505  74.125 0.5000000000
46179  13.297  -15.108  73.526 0.5000000000
44117  19.971  -16.649  72.172 0.3750000000
46190  12.824  -15.003  72.844 0.5000000000
45210  20.291  -16.210  71.459 0.3750000000
45221  19.395  -15.645  71.100 0.3750000000
46211  19.529  -15.151  70.500 0.3750000000
46212  18.560  -15.205  70.762 0.3750000000
47183  19.794  -14.659  69.933 0.3750000000
47200  20.169  -14.144  69.343 0.3750000000
47184  19.193  -14.151  69.597 0.3750000000
121772  21.829  -15.234  57.507 0.3750000000
46397  21.312  -15.863  57.716 0.2500000000
47361  23.159  -14.309  57.547 0.2500000000
47360  23.991  -14.177  57.804 0.1250000000
47351  23.649  -14.926  57.921 0.1250000000
133611  24.261  -13.516  57.764 0.1250000000
50357  24.848  -11.497  56.916 0.2500000000
50375  26.217  -11.533  56.021 0.2500000000
49308  25.873  -11.783  56.857 0.2500000000
50393  26.585  -11.174  55.324 0.2500000000
52429  27.690  -9.306  54.434 0.3750000000
51417  27.586  -10.111  54.650 0.2500000000
53391  28.916  -8.739  53.885 0.3750000000
52428  28.440  -9.214  54.217 0.2500000000
52450  31.076  -9.019  52.733 0.5000000000
53390  29.581  -8.389  53.681 0.3750000000
52448  32.382  -8.940  52.384 0.3750000000
53412  31.329  -8.499  52.660 0.3750000000
54362  31.144  -8.075  52.947 0.5000000000
45128  19.406  -16.004  77.076 0.2500000000
46154  18.865  -15.475  77.376 0.2500000000
45130  17.806  -16.326  76.936 0.2500000000
45127  19.958  -16.463  76.784 0.2500000000
45129  18.633  -16.355  77.049 0.2500000000
45132  16.166  -15.970  76.911 0.2500000000
128895  15.651  -15.698  77.427 0.2500000000
45153  17.478  -16.824  76.453 0.2500000000
45154  16.670  -16.498  76.359 0.2500000000
45155  15.856  -16.340  76.275 0.2500000000
45168  14.756  -16.154  75.260 0.2500000000
45182  13.923  -15.876  75.117 0.5000000000
46210  20.283  -15.645  70.746 0.3750000000
46230  20.472  -15.187  70.127 0.3750000000
129120  20.728  -14.722  69.533 0.3750000000
47201  19.578  -13.689  68.931 0.3750000000
48115  20.553  -13.818  68.604 0.3750000000
47231  31.932  -13.804  67.346 0.3750000000
47247  30.117  -14.252  66.221 0.3750000000
48141  31.539  -13.427  66.742 0.3750000000
47352  21.428  -14.512  57.599 0.3750000000
48291  22.830  -13.633  57.523 0.5000000000
49294  24.384  -12.237  57.443 0.2500000000
48290  24.058  -12.964  57.554 0.1250000000
50376  24.882  -10.756  56.232 0.2500000000
125553  25.487  -11.289  56.293 0.2500000000
52430  26.868  -9.826  54.610 0.3750000000
54340  29.314  -7.521  54.948 0.7500000000
54352  27.998  -7.944  54.607 0.5000000000
53401  30.503  -8.579  53.130 0.6250000000
53410  32.817  -8.456  52.150 0.2500000000
53411  32.061  -8.414  52.364 0.2500000000
45114  17.153  -15.457  77.355 0.2500000000
45115  16.203  -15.435  77.494 0.2500000000
46229  21.361  -15.322  69.622 0.3750000000
127630  21.468  -14.874  68.888 0.3750000000
133342  20.928  -14.325  68.950 0.3750000000
47230  32.673  -13.440  67.636 0.3750000000
48126  33.441  -13.106  67.759 0.3750000000
48140  32.244  -13.083  67.015 0.3750000000
48139  32.982  -12.801  67.195 0.3750000000
49167  32.596  -12.530  66.505 0.3750000000
49166  33.464  -12.269  66.633 0.3750000000
48152  31.820  -12.726  66.368 0.6250000000
49179  31.388  -12.355  65.712 0.6250000000
49178  32.127  -12.216  65.881 0.6250000000
51263  33.745  -10.622  64.810 0.3750000000
52296  34.149  -10.020  64.528 0.5000000000
128206  32.932  -10.424  63.930 0.5000000000
48273  21.402  -13.740  58.074 0.6250000000
54361  31.926  -7.492  52.859 0.5000000000
54369  32.533  -7.626  52.078 0.1250000000
54370  31.895  -7.859  52.513 0.2500000000
46263  21.684  -15.175  68.031 0.3750000000
49157  34.249  -12.630  67.747 0.3750000000
49158  33.640  -12.636  67.291 0.3750000000
51246  35.443  -10.629  67.446 0.2500000000
51247  34.890  -11.126  66.971 0.2500000000
52279  35.549  -9.761  67.242 0.2500000000
51255  34.463  -10.800  66.102 0.2500000000
50255  33.786  -11.578  65.937 0.2500000000
50262  32.457  -11.701  65.246 0.5000000000
51254  35.074  -10.273  66.680 0.2500000000
51256  33.973  -10.913  65.420 0.2500000000
50261  33.341  -11.344  65.258 0.3750000000
51262  34.340  -10.326  65.226 0.3750000000
53298  34.384  -8.566  63.518 0.6250000000
55313  32.253  -6.767  53.149 0.5000000000
110846  21.641  -15.584  67.192 0.3750000000
45285  24.252  -17.145  64.589 0.5000000000
50247  35.263  -11.438  67.718 0.2500000000
50248  34.662  -11.921  67.345 0.2500000000
53297  35.047  -8.553  63.727 0.3750000000
44190  23.740  -17.573  65.112 0.3750000000
45288  21.654  -16.173  65.830 0.5000000000
45286  23.182  -17.097  64.741 0.3750000000
45274  21.628  -16.180  66.642 0.5000000000
55228  37.053  -7.167  62.863 0.2500000000
54241  36.477  -7.601  63.306 0.2500000000
45287  22.256  -16.761  65.364 0.5000000000
45273  21.980  -16.950  66.196 0.5000000000
57094  29.747  -4.162  55.080 0.5000000000
59009  29.007  -2.384  54.979 0.6250000000
60041  29.030  -1.685  54.623 0.6250000000
121365  28.936  -1.292  54.011 0.6250000000
59927  34.754  -2.020  64.119 0.2500000000
66520  39.623  5.612  55.681 0.7500000000
65777  46.241  4.984  39.710 0.1250000000
65778  45.550  5.177  39.961 0.1250000000
66642  46.675  5.456  38.994 0.1250000000
66643  44.987  5.784  39.899 0.2500000000
115572  45.804  5.656  39.412 0.1250000000
67575  48.099  6.051  37.919 0.1250000000
67576  47.290  6.468  38.205 0.1250000000
67568  45.391  6.449  39.379 0.2500000000
66654  47.412  5.708  38.477 0.1250000000
66655  46.786  6.087  38.555 0.1250000000
67567  46.122  6.242  38.879 0.2500000000
67585  48.467  6.757  37.575 0.1250000000
67586  47.808  6.992  37.798 0.1250000000
67569  44.783  6.578  39.777 0.3750000000
68480  45.005  7.252  39.610 0.2500000000
67577  46.581  6.843  38.516 0.1250000000
68479  45.780  7.285  38.988 0.1250000000
68487  47.141  7.344  38.159 0.1250000000
68488  46.512  7.754  38.533 0.1250000000
68494  48.372  7.572  37.487 0.1250000000
68495  47.652  7.885  37.833 0.1250000000
69370  49.575  8.729  36.719 0.1250000000
70261  46.921  9.930  40.711 0.7500000000
70262  46.334  9.437  40.220 0.6250000000
69342  45.352  8.061  39.577 0.2500000000
122958  46.014  8.329  39.036 0.2500000000
130633  47.078  8.079  38.216 0.1250000000
69350  46.707  8.591  38.576 0.2500000000
69349  47.444  8.794  38.094 0.1250000000
111635  48.831  9.170  37.223 0.1250000000
69356  48.223  8.491  37.556 0.2500000000
70287  49.587  9.561  36.705 0.1250000000
71203  47.864  10.993  40.725 0.7500000000
70268  46.835  9.892  39.759 0.5000000000
70269  46.444  9.209  39.235 0.2500000000
70274  46.992  9.276  38.631 0.3750000000
70273  47.572  9.905  38.339 0.3750000000
71214  49.718  10.371  36.660 0.1250000000
126159  50.080  9.144  36.366 0.1250000000
72071  48.278  11.667  40.234 0.7500000000
71208  47.283  10.363  39.289 0.5000000000
72074  48.026  11.491  39.357 0.6250000000
116684  46.958  9.775  39.008 0.3750000000
72079  48.678  11.651  37.814 0.1250000000
115445  47.755  10.883  38.824 0.3750000000
71211  48.289  10.758  37.863 0.3750000000
70276  48.972  10.129  37.158 0.1250000000
70277  48.312  9.850  37.626 0.2500000000
45323  1.764  -16.053  62.840 0.1250000000
40942  3.024  -20.401  74.472 0.3750000000
40935  3.303  -20.288  75.097 0.3750000000
122032  3.540  -20.795  75.212 0.5000000000
123089  1.531  -27.731  70.582 0.2500000000
117705  2.602  -19.769  70.816 0.1250000000
46310  12.232  -15.487  64.332 0.1250000000
45390  20.784  -16.350  58.134 0.2500000000
47353  20.620  -14.911  57.721 0.3750000000
47232  31.268  -14.257  66.965 0.3750000000
50270  32.920  -11.004  64.467 0.6250000000
56198  32.304  -6.196  53.730 0.5000000000
58030  29.257  -3.312  55.373 0.5000000000
59917  34.963  -1.736  64.930 0.1250000000
71204  47.313  10.457  40.257 0.5000000000
41000  2.433  -20.057  68.636 0.1250000000
36852  2.098  -24.075  68.209 0.1250000000
46189  13.696  -15.203  72.642 0.5000000000
53393  26.879  -8.870  54.638 0.5000000000
52418  26.016  -9.351  54.962 0.2500000000
111870  28.204  -8.567  54.278 0.3750000000
112295  15.084  -15.454  71.241 0.5000000000
121967  28.741  -7.764  54.496 0.6250000000
50394  25.656  -10.785  55.599 0.2500000000
34931  2.639  -26.713  64.607 0.1250000000
132182  3.002  -28.113  66.502 0.1250000000
33964  3.229  -27.701  65.962 0.1250000000
35920  2.965  -25.864  64.246 0.1250000000
35929  1.731  -25.539  63.531 0.1250000000
33943  1.554  -27.292  68.915 0.2500000000
33953  2.027  -27.597  68.109 0.1250000000
32145  2.661  -29.617  67.290 0.1250000000
116542  2.287  -26.082  67.889 0.1250000000
34898  3.126  -26.384  67.101 0.1250000000
34912  3.378  -26.955  66.273 0.1250000000
35879  2.128  -25.331  68.119 0.1250000000
116810  3.754  -24.485  65.805 0.1250000000
119700  2.935  -24.862  67.382 0.1250000000
36851  2.367  -24.597  67.827 0.1250000000
37932  3.490  -23.066  66.612 0.1250000000
124510  3.919  -22.862  65.825 0.1250000000
33005  1.719  -28.531  70.966 0.2500000000
130032  1.462  -29.528  70.184 0.2500000000
32123  1.630  -30.073  70.516 0.1250000000
37922  2.418  -23.747  67.764 0.1250000000
38987  3.035  -22.446  67.297 0.1250000000
39014  4.130  -22.341  65.494 0.1250000000
40050  2.867  -21.691  67.534 0.1250000000
40066  3.958  -21.032  66.493 0.1250000000
119852  2.063  -20.796  62.953 0.1250000000
41077  1.513  -21.019  62.447 0.1250000000
42094  1.490  -19.641  61.975 0.1250000000
41113  1.368  -20.543  61.993 0.1250000000
43109  1.507  -18.795  61.986 0.1250000000
42018  2.784  -19.705  68.019 0.1250000000
42017  3.366  -19.502  67.480 0.1250000000
44158  3.172  -17.929  69.310 0.1250000000
122862  2.954  -18.165  69.742 0.1250000000
43043  3.717  -18.708  67.395 0.1250000000
43042  4.542  -18.572  66.568 0.1250000000
43098  3.950  -18.787  63.313 0.1250000000
42970  2.780  -18.885  70.847 0.1250000000
120864  2.914  -18.059  70.396 0.1250000000
133609  2.955  -20.023  73.944 0.3750000000
127859  3.084  -19.161  73.656 0.2500000000
125911  3.072  -17.913  72.261 0.1250000000
45216  2.986  -17.114  71.448 0.1250000000
45251  3.879  -16.950  69.001 0.1250000000
132323  2.955  -16.709  71.888 0.1250000000
45264  4.701  -16.828  67.727 0.1250000000
47280  12.873  -15.162  63.877 0.3750000000
40925  4.402  -20.486  76.130 0.5000000000
40934  3.501  -20.202  75.638 0.5000000000
42947  3.221  -18.644  74.421 0.3750000000
41903  3.271  -19.007  75.015 0.3750000000
44102  3.185  -17.793  74.362 0.1250000000
44121  3.101  -17.625  72.805 0.1250000000
45207  2.962  -16.576  72.542 0.1250000000
46194  2.968  -15.827  72.786 0.1250000000
46206  3.562  -15.024  71.379 0.1250000000
46232  17.425  -14.859  70.202 0.5000000000
113367  5.885  -14.960  64.756 0.1250000000
40924  5.222  -20.554  76.210 0.5000000000
40918  4.018  -19.871  76.577 0.5000000000
41870  3.489  -19.443  76.233 0.5000000000
44084  3.205  -17.921  75.779 0.3750000000
42938  3.272  -18.264  75.063 0.3750000000
115512  3.109  -17.338  75.465 0.2500000000
113328  3.054  -17.086  73.865 0.1250000000
46197  17.172  -15.867  71.241 0.2500000000
45212  17.865  -16.057  71.705 0.2500000000
130708  17.804  -15.134  70.623 0.3750000000
47163  2.989  -14.702  73.966 0.1250000000
41861  3.655  -19.175  76.981 0.5000000000
41868  6.527  -19.831  76.686 0.5000000000
42911  3.332  -18.552  76.734 0.3750000000
131006  3.029  -16.568  75.997 0.2500000000
46395  23.448  -15.581  58.109 0.1250000000
112316  22.966  -16.067  58.164 0.1250000000
48269  26.278  -13.092  58.781 0.2500000000
49276  25.756  -12.854  58.293 0.2500000000
41850  5.863  -18.871  77.974 0.3750000000
44108  17.800  -16.979  73.087 0.2500000000
44090  18.450  -17.850  74.198 0.2500000000
45181  14.542  -15.842  74.591 0.5000000000
45211  18.645  -16.163  71.867 0.3750000000
46408  21.118  -15.251  57.568 0.3750000000
52427  29.078  -9.418  54.102 0.2500000000
44055  19.263  -16.923  76.715 0.2500000000
45178  16.928  -17.198  74.596 0.2500000000
45167  15.604  -16.405  75.470 0.2500000000
44106  19.730  -17.108  72.799 0.2500000000
114099  23.589  -13.543  57.555 0.1250000000
51395  26.231  -10.363  54.951 0.2500000000
54351  28.783  -8.144  54.134 0.5000000000
46152  20.100  -15.624  76.864 0.2500000000
45113  18.096  -15.589  77.365 0.2500000000
45131  16.953  -16.029  76.879 0.2500000000
45133  14.977  -15.863  77.620 0.2500000000
120335  15.363  -16.081  76.908 0.2500000000
113112  16.492  -14.966  77.897 0.2500000000
49165  34.080  -12.244  67.130 0.2500000000
49177  32.999  -12.054  65.840 0.3750000000
50254  34.238  -11.659  66.673 0.2500000000
52288  34.877  -9.977  65.808 0.2500000000
117324  44.954  4.886  40.419 0.1250000000
69355  48.974  8.166  37.116 0.1250000000
127379  48.054  9.255  37.727 0.3750000000
71207  47.686  11.013  39.786 0.7500000000
72076  48.223  11.572  38.569 0.2500000000
42908  3.637  -18.162  77.902 0.2500000000
44058  3.215  -17.433  78.113 0.2500000000
119585  3.279  -17.955  77.333 0.2500000000
41852  4.038  -18.778  77.572 0.2500000000
42902  4.779  -17.768  78.864 0.2500000000
44051  3.852  -17.703  78.584 0.2500000000
129607  3.045  -17.383  77.444 0.2500000000
42905  6.555  -18.484  78.470 0.2500000000
42906  5.734  -18.120  78.649 0.2500000000
42907  4.354  -18.312  78.217 0.2500000000
42910  7.645  -18.836  77.829 0.2500000000
41851  4.890  -18.899  77.771 0.2500000000
121492  17.081  -13.417  78.881 0.1250000000
112257  14.862  -13.824  79.870 0.1250000000
46127  12.611  -14.740  80.521 0.1250000000
112492  11.930  -15.129  80.797 0.1250000000
45091  10.866  -15.916  80.636 0.1250000000
47134  20.087  -14.750  76.943 0.1250000000
47125  18.997  -14.404  77.608 0.1250000000
47126  18.411  -14.007  77.989 0.1250000000
131619  17.286  -13.989  78.607 0.1250000000
47121  16.675  -14.071  78.913 0.1250000000
47117  15.154  -14.303  79.430 0.1250000000
112449  13.869  -14.716  79.595 0.1250000000
46134  13.015  -15.000  79.895 0.1250000000
45100  11.854  -15.882  79.926 0.1250000000
45101  11.165  -16.204  80.128 0.1250000000
44034  10.090  -17.008  80.201 0.1250000000
44035  9.235  -17.270  80.094 0.1250000000
42895  7.883  -17.762  79.618 0.2500000000
42896  7.125  -17.324  79.893 0.2500000000
44045  4.846  -17.152  79.530 0.2500000000
129639  4.281  -16.718  79.649 0.2500000000
46143  18.446  -14.793  77.715 0.1250000000
46137  17.005  -14.526  78.252 0.1250000000
46138  16.147  -14.594  78.561 0.1250000000
46139  15.321  -14.644  78.841 0.1250000000
113256  14.568  -14.670  79.140 0.1250000000
46141  13.381  -15.199  79.373 0.1250000000
45099  12.604  -15.508  79.668 0.1250000000
129329  11.742  -16.573  79.081 0.1250000000
44041  11.178  -16.885  79.598 0.1250000000
44043  9.625  -17.554  79.466 0.1250000000
44044  8.723  -17.809  79.604 0.2500000000
42899  7.273  -18.165  78.881 0.2500000000
42900  6.430  -17.816  78.972 0.2500000000
46144  15.637  -14.945  78.180 0.1250000000
46145  14.698  -14.994  78.586 0.1250000000
45120  10.970  -17.075  78.903 0.2500000000
44057  9.016  -18.080  77.915 0.3750000000
133792  7.731  -18.640  78.552 0.3750000000
45116  15.295  -15.343  77.944 0.1250000000
44073  8.681  -17.718  76.637 0.3750000000
42909  8.393  -18.290  77.315 0.3750000000
47215  33.138  -13.766  68.386 0.2500000000
47216  32.301  -14.139  67.993 0.2500000000
46153  19.471  -15.028  77.294 0.1250000000
45107  13.840  -15.464  78.877 0.1250000000
45108  13.026  -15.721  79.269 0.1250000000
44049  9.646  -17.731  78.415 0.3750000000
46161  20.734  -15.379  76.606 0.1250000000
45117  14.516  -15.576  78.254 0.1250000000
45118  13.812  -16.037  78.339 0.1250000000
119219  12.277  -16.441  78.216 0.2500000000
114694  11.435  -16.796  78.112 0.2500000000
44048  10.448  -17.256  77.987 0.2500000000
119484  9.577  -17.565  77.545 0.3750000000
45152  20.800  -16.355  76.580 0.1250000000
124276  14.276  -16.053  77.767 0.1250000000
45134  13.504  -16.209  77.482 0.2500000000
45136  12.028  -16.392  77.275 0.3750000000
45137  11.009  -16.677  77.218 0.3750000000
45138  10.100  -17.004  77.036 0.3750000000
133227  9.002  -17.819  77.233 0.3750000000
45151  21.683  -16.578  76.046 0.1250000000
44069  21.154  -17.230  76.167 0.1250000000
118243  20.143  -17.374  76.446 0.1250000000
45156  14.380  -16.145  76.899 0.1250000000
45157  13.402  -16.202  76.501 0.3750000000
45158  12.458  -16.173  76.309 0.3750000000
45160  10.561  -16.419  76.445 0.3750000000
44072  8.893  -17.047  76.091 0.3750000000
50226  37.233  -11.572  70.548 0.1250000000
49139  36.966  -12.034  70.247 0.1250000000
49135  36.673  -12.879  70.597 0.1250000000
115389  13.118  -16.004  75.625 0.3750000000
45172  10.096  -16.115  75.794 0.3750000000
45173  9.387  -16.457  75.740 0.3750000000
123361  37.394  -10.871  70.481 0.1250000000
50235  36.734  -11.726  69.528 0.1250000000
120720  36.218  -13.117  70.097 0.1250000000
42921  21.535  -17.854  75.653 0.1250000000
126496  20.756  -17.975  75.953 0.1250000000
51222  37.254  -10.360  69.862 0.1250000000
50234  37.155  -11.255  70.023 0.1250000000
49140  36.522  -12.491  69.804 0.1250000000
48113  35.154  -13.244  69.253 0.1250000000
47182  34.060  -14.195  69.549 0.1250000000
133467  21.220  -18.375  75.491 0.1250000000
42934  20.675  -18.313  75.417 0.1250000000
50241  35.707  -11.784  68.402 0.1250000000
49149  35.473  -12.539  68.754 0.1250000000
48114  34.376  -13.526  69.116 0.2500000000
42943  21.322  -19.001  75.132 0.1250000000
49156  35.029  -12.223  68.037 0.1250000000
49150  34.727  -12.890  68.511 0.2500000000
47214  33.731  -13.762  68.969 0.2500000000
46248  33.126  -14.916  69.491 0.1250000000
45255  31.759  -15.668  68.466 0.1250000000
42953  20.801  -18.444  73.803 0.1250000000
48125  33.919  -13.257  68.408 0.2500000000
46260  31.935  -14.879  68.250 0.2500000000
45257  30.371  -16.791  67.434 0.1250000000
45246  30.055  -17.385  67.801 0.1250000000
131158  20.492  -17.194  72.616 0.1250000000
118736  30.673  -16.220  67.166 0.2500000000
47233  30.649  -14.803  66.570 0.2500000000
46276  29.598  -15.824  66.603 0.2500000000
45269  29.025  -16.241  66.710 0.2500000000
47234  29.499  -14.947  66.308 0.2500000000
46277  28.725  -15.510  66.715 0.2500000000
45159  11.487  -16.242  76.454 0.3750000000
45150  22.574  -16.715  75.647 0.1250000000
45170  11.883  -16.025  75.708 0.3750000000
45171  11.009  -15.997  75.763 0.3750000000
125886  23.271  -16.426  75.457 0.1250000000
44068  22.016  -17.192  75.767 0.1250000000
120089  13.186  -15.549  74.933 0.3750000000
45183  12.365  -15.705  75.103 0.3750000000
45184  11.468  -15.699  75.096 0.3750000000
45185  10.542  -15.691  75.109 0.3750000000
52263  37.324  -8.594  69.394 0.1250000000
48103  36.143  -13.612  70.680 0.1250000000
42920  22.408  -17.846  75.431 0.1250000000
52264  36.785  -9.120  68.991 0.1250000000
51235  36.918  -10.047  69.139 0.1250000000
50240  36.322  -11.359  68.852 0.1250000000
47172  35.291  -14.717  70.961 0.1250000000
47180  35.596  -14.153  70.705 0.1250000000
47198  34.743  -13.977  69.819 0.1250000000
42933  21.876  -18.659  75.373 0.1250000000
131260  21.757  -19.261  74.652 0.1250000000
46171  12.733  -15.144  74.296 0.3750000000
46172  11.862  -15.207  74.486 0.3750000000
52265  36.409  -9.617  68.506 0.1250000000
51236  36.390  -10.507  68.689 0.1250000000
51237  35.876  -10.994  68.159 0.1250000000
45217  34.526  -15.587  71.339 0.1250000000
46228  33.661  -15.284  70.157 0.1250000000
41896  21.170  -18.995  74.223 0.1250000000
46180  12.584  -14.958  73.520 0.3750000000
52278  35.983  -9.236  67.780 0.1250000000
51245  35.943  -10.129  67.974 0.1250000000
45218  33.633  -16.167  71.048 0.1250000000
131331  34.194  -15.602  70.884 0.1250000000
45243  32.165  -15.825  69.365 0.1250000000
45244  31.569  -16.354  68.812 0.1250000000
42952  21.226  -18.865  73.302 0.1250000000
42958  21.525  -18.572  72.700 0.1250000000
44134  32.950  -16.389  70.792 0.1250000000
117850  30.750  -17.565  69.592 0.1250000000
44163  28.910  -17.507  67.137 0.2500000000
42959  21.181  -17.722  72.574 0.2500000000
44137  29.987  -18.045  69.074 0.2500000000
44164  28.179  -17.936  67.221 0.2500000000
45259  28.354  -17.212  66.750 0.2500000000
44116  20.848  -16.922  72.056 0.2500000000
52287  35.275  -9.460  66.404 0.1250000000
43003  28.233  -18.518  67.946 0.2500000000
44176  27.611  -17.471  66.733 0.2500000000
45271  27.720  -16.731  66.639 0.2500000000
52295  34.697  -9.758  64.964 0.3750000000
44166  26.025  -18.346  66.646 0.2500000000
133062  26.525  -16.776  66.266 0.2500000000
46279  26.844  -16.216  66.595 0.2500000000
52305  33.836  -9.658  63.971 0.3750000000
45272  26.294  -17.245  66.122 0.2500000000
44188  25.486  -17.357  65.653 0.2500000000
45149  23.566  -16.750  75.490 0.1250000000
44067  22.926  -17.184  75.525 0.1250000000
53246  37.027  -8.260  68.590 0.1250000000
53259  37.342  -7.592  68.193 0.1250000000
41878  22.915  -18.642  75.150 0.1250000000
52277  36.474  -8.724  68.232 0.1250000000
41879  22.233  -19.231  75.124 0.1250000000
53261  36.118  -8.392  67.453 0.1250000000
53271  35.892  -8.136  66.571 0.1250000000
41931  21.803  -19.134  72.879 0.1250000000
52286  35.637  -8.901  66.978 0.1250000000
44122  33.584  -16.404  71.518 0.1250000000
42971  32.214  -17.156  71.546 0.1250000000
42968  21.917  -18.193  72.020 0.1250000000
53280  35.509  -8.740  64.982 0.1250000000
42973  30.697  -17.537  70.852 0.1250000000
44126  21.295  -16.630  71.367 0.2500000000
45220  20.967  -16.089  70.921 0.2500000000
52294  35.166  -9.322  65.496 0.1250000000
127393  34.997  -9.314  64.753 0.2500000000
42974  29.757  -17.773  70.339 0.1250000000
133220  34.613  -8.992  63.867 0.5000000000
43004  27.052  -19.169  67.951 0.1250000000
44178  24.838  -18.098  65.823 0.1250000000
44179  23.879  -18.074  65.669 0.2500000000
42919  23.303  -17.726  75.206 0.1250000000
54206  37.011  -7.060  66.827 0.1250000000
42918  24.139  -17.574  75.056 0.1250000000
41877  23.679  -18.524  74.603 0.1250000000
53260  36.738  -7.804  67.771 0.1250000000
54207  36.371  -7.426  66.142 0.1250000000
41876  24.433  -18.148  74.166 0.1250000000
114273  23.278  -19.453  74.156 0.1250000000
41947  22.086  -18.896  72.217 0.1250000000
41893  24.715  -18.755  73.924 0.1250000000
41946  22.734  -19.169  71.905 0.1250000000
111711  35.909  -8.045  65.592 0.1250000000
110831  31.342  -17.337  72.825 0.1250000000
41945  23.499  -19.363  71.702 0.1250000000
42977  22.893  -18.390  70.641 0.1250000000
44125  21.934  -17.067  71.091 0.2500000000
41923  29.604  -17.540  72.344 0.1250000000
127917  23.129  -18.316  69.842 0.2500000000
42992  22.725  -17.783  69.908 0.2500000000
45219  21.746  -16.456  70.552 0.2500000000
41974  28.031  -17.811  70.200 0.1250000000
44153  22.708  -17.684  68.188 0.2500000000
44154  22.309  -16.887  68.480 0.2500000000
131026  22.112  -16.431  69.123 0.2500000000
122974  26.161  -19.178  67.773 0.1250000000
43032  25.206  -18.498  66.495 0.1250000000
44168  22.469  -17.503  66.680 0.2500000000
44169  22.320  -17.239  67.517 0.2500000000
45261  21.896  -16.303  67.609 0.2500000000
44180  22.907  -17.534  65.705 0.1250000000
54218  37.162  -6.778  65.589 0.1250000000
54231  37.071  -7.010  64.581 0.1250000000
54219  36.435  -7.394  65.136 0.1250000000
53279  36.047  -8.046  64.662 0.1250000000
55221  37.840  -6.867  64.015 0.1250000000
54232  36.520  -7.539  64.355 0.1250000000
53287  35.642  -8.420  64.166 0.1250000000
41909  25.124  -19.272  73.014 0.1250000000
54240  36.976  -7.272  63.722 0.1250000000
54233  36.287  -7.915  63.907 0.1250000000
111609  26.923  -17.682  72.385 0.1250000000
111427  25.869  -19.001  71.919 0.1250000000
41959  24.487  -19.263  70.649 0.1250000000
111263  26.586  -18.289  70.602 0.1250000000
41977  24.708  -19.113  69.695 0.1250000000
41992  24.026  -19.003  68.927 0.1250000000
42991  23.014  -18.144  68.966 0.2500000000
43006  24.318  -19.020  67.970 0.1250000000
126806  24.062  -18.804  67.300 0.1250000000
43021  22.831  -17.964  67.320 0.2500000000
44167  23.236  -18.135  66.440 0.1250000000
59089  30.673  -2.146  50.747 0.1250000000
60123  30.463  -1.369  50.428 0.1250000000
59017  28.772  -2.242  54.048 0.5000000000
60099  29.895  -1.759  51.015 0.1250000000
60100  29.256  -1.644  51.708 0.2500000000
60080  28.882  -1.637  52.541 0.3750000000
121157  29.935  -0.922  50.756 0.1250000000
61038  29.179  -0.790  52.170 0.2500000000
61028  29.062  -0.806  53.182 0.3750000000
61052  29.846  -0.145  50.975 0.2500000000
62078  32.235  0.214  48.545 0.2500000000
62067  31.436  0.339  49.187 0.2500000000
62058  30.894  0.926  49.981 0.2500000000
122591  30.304  0.477  50.518 0.2500000000
62066  32.145  0.999  48.953 0.2500000000
62047  30.018  0.653  51.349 0.3750000000
62951  31.623  1.337  49.597 0.3750000000
128784  36.442  0.330  46.475 0.2500000000
62086  35.935  0.732  47.038 0.3750000000
62101  37.008  0.914  46.057 0.2500000000
66510  43.567  5.654  56.857 0.3750000000
112109  49.692  6.327  55.536 0.1250000000
67430  49.141  6.231  54.774 0.1250000000
65620  45.384  4.697  55.878 0.2500000000
130892  42.812  6.065  57.004 0.5000000000
67395  48.932  6.467  58.148 0.1250000000
66487  48.358  6.154  57.518 0.1250000000
67416  50.085  6.439  57.002 0.1250000000
67396  48.009  6.293  58.333 0.1250000000
124517  46.942  5.731  57.960 0.1250000000
66473  45.668  5.772  58.479 0.1250000000
117752  46.148  5.446  57.563 0.1250000000
66489  45.088  5.488  57.545 0.2500000000
66490  44.180  5.782  57.532 0.2500000000
67424  49.458  6.290  56.338 0.1250000000
67434  49.498  6.520  53.952 0.1250000000
66508  45.355  5.152  56.677 0.1250000000
66491  43.331  6.182  57.575 0.3750000000
66509  44.463  5.341  56.776 0.2500000000
67398  41.834  6.208  56.869 0.5000000000
67446  49.068  7.084  52.008 0.2500000000
68389  49.560  7.460  50.694 0.2500000000
66511  40.246  5.945  56.214 0.6250000000
66512  39.392  5.894  56.522 0.6250000000
129920  48.441  7.311  50.782 0.2500000000
67453  48.167  7.268  50.156 0.2500000000
67377  48.575  6.688  58.757 0.1250000000
66456  47.013  6.176  58.955 0.1250000000
127734  46.268  6.185  59.182 0.1250000000
67378  47.540  6.458  58.824 0.1250000000
113871  44.758  5.849  58.230 0.1250000000
66475  43.879  6.311  58.328 0.1250000000
67397  42.518  6.408  57.669 0.5000000000
111857  41.661  6.581  57.999 0.5000000000
67399  40.838  6.473  57.528 0.6250000000
66476  40.057  6.282  58.116 0.6250000000
67418  40.818  6.221  56.711 0.6250000000
66493  39.967  6.234  57.144 0.6250000000
118694  49.590  7.506  49.970 0.2500000000
68390  48.919  7.389  50.391 0.2500000000
130873  49.519  7.530  48.979 0.2500000000
68396  48.775  7.368  49.603 0.2500000000
131955  45.120  5.979  58.691 0.1250000000
66474  44.635  6.236  58.849 0.1250000000
67380  43.198  6.538  58.921 0.1250000000
67381  42.412  6.557  58.562 0.1250000000
67382  41.595  6.522  59.020 0.3750000000
67366  40.784  6.235  59.384 0.5000000000
67379  43.991  6.429  59.190 0.1250000000
127293  40.145  6.071  58.964 0.6250000000
66477  39.403  5.747  58.677 0.6250000000
132912  43.065  6.470  58.182 0.3750000000
67383  40.827  6.451  58.505 0.6250000000
123229  39.423  6.032  57.845 0.6250000000
68408  49.609  7.682  47.461 0.2500000000
68303  47.226  7.261  59.435 0.1250000000
132985  40.210  5.835  59.591 0.5000000000
66460  39.750  5.666  59.369 0.5000000000
65575  39.128  4.943  60.168 0.3750000000
65587  39.220  5.315  59.473 0.3750000000
68414  49.404  7.790  46.722 0.2500000000
68427  49.127  7.999  46.088 0.2500000000
65576  38.349  4.464  60.319 0.3750000000
66444  39.852  5.413  60.024 0.3750000000
133878  49.712  13.844  40.838 0.5000000000
73791  49.388  13.432  40.366 0.5000000000
72911  48.978  12.898  39.820 0.5000000000
129151  48.714  12.339  40.190 0.6250000000
44066  23.869  -17.138  75.433 0.1250000000
45148  24.552  -16.663  75.545 0.1250000000
46278  27.793  -15.862  66.846 0.2500000000
61053  29.527  -0.857  51.359 0.2500000000
62087  35.230  0.402  47.244 0.2500000000
55235  37.710  -6.571  62.301 0.1250000000
67417  49.220  6.359  57.251 0.1250000000
123313  49.390  6.751  52.960 0.1250000000
67447  48.338  7.167  51.393 0.2500000000
52304  34.494  -9.436  64.270 0.5000000000
41849  6.790  -19.049  77.928 0.3750000000
42923  8.128  -18.161  76.552 0.3750000000
42944  20.670  -18.534  74.673 0.1250000000
116916  21.073  -18.310  73.166 0.1250000000
132083  18.976  -14.919  77.526 0.1250000000
112385  15.006  -16.192  76.089 0.1250000000
45169  14.084  -16.147  75.884 0.2500000000
45233  21.160  -15.722  70.328 0.2500000000
114966  17.608  -14.938  77.777 0.1250000000
45232  21.822  -16.056  69.707 0.2500000000
45247  21.889  -15.831  68.798 0.2500000000
45260  21.946  -16.915  66.896 0.2500000000
53288  35.057  -8.992  64.263 0.2500000000
46274  31.045  -15.034  67.004 0.2500000000
44046  4.094  -17.174  79.131 0.2500000000
130809  3.452  -17.158  78.789 0.2500000000
42904  7.200  -18.756  78.401 0.2500000000
133218  5.124  -18.415  78.328 0.2500000000
114407  16.334  -13.556  79.291 0.1250000000
128311  14.539  -14.376  79.599 0.1250000000
47118  14.164  -14.113  80.071 0.1250000000
46128  12.232  -15.308  80.171 0.1250000000
46129  11.214  -15.378  80.996 0.1250000000
45090  11.517  -15.634  80.416 0.1250000000
45102  10.514  -16.439  80.386 0.1250000000
47135  19.521  -14.202  77.310 0.1250000000
112979  17.804  -14.259  78.152 0.1250000000
47127  17.745  -13.644  78.370 0.1250000000
47122  15.906  -14.215  79.216 0.1250000000
46140  14.039  -14.961  79.081 0.1250000000
45109  12.211  -16.074  79.493 0.1250000000
45110  11.487  -16.480  79.751 0.1250000000
44033  10.893  -16.771  79.997 0.1250000000
44042  10.545  -17.148  79.605 0.1250000000
44028  10.027  -16.561  80.619 0.1250000000
44036  8.556  -17.405  80.018 0.2500000000
44037  7.952  -17.153  80.167 0.2500000000
128635  7.007  -17.672  79.361 0.2500000000
42897  6.354  -17.375  79.600 0.2500000000
42901  5.607  -17.512  79.277 0.2500000000
44040  4.890  -16.711  79.968 0.2500000000
45119  12.626  -16.184  78.917 0.1250000000
115556  10.258  -17.413  78.878 0.2500000000
42898  8.151  -18.250  79.034 0.2500000000
44050  8.911  -18.060  78.811 0.3750000000
42903  8.336  -18.451  78.255 0.3750000000
46259  32.672  -14.488  68.751 0.2500000000
127471  13.325  -16.003  78.827 0.1250000000
123882  13.055  -16.238  78.246 0.1250000000
45135  12.738  -16.337  77.630 0.3750000000
44056  9.328  -17.310  76.789 0.3750000000
117967  12.826  -16.282  77.021 0.3750000000
133580  12.454  -16.027  75.672 0.3750000000
45161  9.723  -16.721  76.330 0.3750000000
48107  35.534  -13.648  70.072 0.1250000000
46247  33.746  -14.726  69.756 0.1250000000
47199  33.383  -14.278  69.192 0.1250000000
45242  32.891  -15.529  69.837 0.1250000000
46261  31.260  -15.535  67.497 0.2500000000
45256  31.104  -16.316  67.846 0.2500000000
119634  29.579  -17.086  67.104 0.2500000000
44149  31.354  -16.994  69.334 0.1250000000
44151  29.628  -17.859  68.229 0.2500000000
46275  30.484  -15.642  66.782 0.2500000000
116296  28.981  -16.890  66.733 0.2500000000
123371  30.074  -15.147  66.402 0.2500000000
45270  28.457  -16.419  66.724 0.2500000000
47171  35.941  -14.184  71.233 0.1250000000
46209  34.858  -15.234  71.161 0.1250000000
133395  34.355  -14.810  70.214 0.1250000000
41913  21.789  -19.198  73.763 0.1250000000
45231  32.564  -16.089  70.139 0.1250000000
44148  31.970  -16.392  69.603 0.1250000000
44135  32.154  -16.708  70.303 0.1250000000
44150  30.416  -17.512  68.674 0.1250000000
42985  30.304  -17.839  69.966 0.1250000000
44124  32.006  -17.095  70.941 0.1250000000
44115  21.616  -17.393  71.741 0.1250000000
42986  29.455  -18.116  69.532 0.1250000000
43002  28.644  -18.473  68.501 0.1250000000
44152  28.902  -18.091  67.824 0.2500000000
114008  27.418  -18.097  66.973 0.2500000000
118141  27.003  -17.055  66.437 0.2500000000
129929  27.713  -18.867  68.186 0.1250000000
43017  26.693  -18.576  67.152 0.2500000000
44165  26.728  -17.796  66.572 0.2500000000
44177  25.792  -17.916  66.150 0.2500000000
115878  23.140  -19.168  74.865 0.1250000000
41895  22.473  -19.361  74.413 0.1250000000
53272  35.534  -8.736  66.021 0.1250000000
41912  22.596  -19.395  73.361 0.1250000000
44113  33.183  -16.673  71.707 0.1250000000
116264  32.606  -16.730  71.008 0.1250000000
42972  31.592  -17.357  71.373 0.1250000000
42964  32.072  -17.281  71.908 0.1250000000
121288  31.622  -17.432  71.926 0.1250000000
42966  30.115  -17.586  71.163 0.1250000000
41956  29.084  -17.670  70.668 0.1250000000
42975  28.842  -17.984  69.897 0.1250000000
42988  28.095  -18.732  68.893 0.1250000000
127760  28.214  -18.274  69.602 0.1250000000
41990  26.492  -19.247  68.747 0.1250000000
42932  23.642  -18.060  74.759 0.1250000000
42931  24.286  -17.886  74.496 0.1250000000
41894  23.903  -19.025  74.445 0.1250000000
42930  25.163  -17.664  74.483 0.1250000000
41875  25.324  -17.824  74.083 0.1250000000
41911  24.015  -19.422  73.818 0.1250000000
126634  23.413  -19.554  73.385 0.1250000000
42967  22.506  -18.633  71.501 0.1250000000
41910  24.594  -19.382  73.413 0.1250000000
41892  25.608  -17.923  73.648 0.1250000000
128018  25.152  -18.947  73.495 0.1250000000
41929  23.238  -19.464  72.589 0.1250000000
41961  23.060  -19.003  71.131 0.1250000000
115661  22.363  -17.784  71.111 0.1250000000
113665  31.326  -17.156  73.282 0.1250000000
129492  31.832  -17.006  73.221 0.1250000000
41904  30.542  -17.492  72.666 0.1250000000
42957  31.231  -17.489  72.237 0.1250000000
41960  23.737  -19.220  70.880 0.2500000000
41944  24.294  -19.454  71.512 0.1250000000
41928  24.063  -19.544  72.299 0.1250000000
41922  30.416  -17.583  71.945 0.1250000000
114719  28.601  -17.531  71.964 0.1250000000
41941  28.318  -17.625  71.106 0.1250000000
41905  29.609  -17.468  73.096 0.1250000000
42990  23.493  -18.650  69.425 0.2500000000
42976  23.393  -18.771  70.324 0.2500000000
44138  22.649  -17.505  68.969 0.2500000000
44139  22.348  -16.859  69.606 0.2500000000
125980  22.330  -17.163  70.488 0.2500000000
41942  27.303  -17.800  70.815 0.1250000000
41957  27.163  -18.059  70.090 0.1250000000
41975  27.574  -18.424  69.590 0.1250000000
43008  23.178  -18.264  68.041 0.2500000000
43005  25.258  -19.162  67.777 0.1250000000
43018  25.674  -18.879  67.069 0.1250000000
129084  25.711  -19.244  68.482 0.1250000000
43033  24.182  -18.522  66.512 0.1250000000
43019  24.761  -18.953  67.096 0.1250000000
41908  26.171  -17.906  72.803 0.1250000000
111428  25.739  -18.948  72.639 0.1250000000
41927  24.967  -19.451  72.223 0.1250000000
131180  24.539  -19.547  72.807 0.1250000000
112261  25.569  -18.438  73.123 0.1250000000
127493  27.920  -17.550  72.358 0.1250000000
41925  27.554  -17.639  71.676 0.1250000000
111426  25.982  -18.788  71.056 0.1250000000
41926  26.151  -18.228  72.243 0.1250000000
112652  25.176  -19.286  71.345 0.1250000000
41978  23.922  -19.045  69.980 0.2500000000
41958  25.384  -19.064  70.451 0.1250000000
113796  26.111  -18.761  70.314 0.1250000000
41991  24.948  -19.190  68.701 0.1250000000
41976  25.782  -19.128  69.494 0.1250000000
112334  23.515  -18.622  68.598 0.2500000000
43007  23.698  -18.685  67.916 0.1250000000
43020  23.484  -18.455  67.238 0.2500000000
61068  30.302  -0.469  50.332 0.1250000000
59066  29.595  -2.310  51.523 0.1250000000
62102  37.105  0.040  46.048 0.1250000000
66471  47.273  6.042  58.515 0.1250000000
66472  46.664  5.949  58.659 0.1250000000
68381  49.043  7.344  51.122 0.2500000000
65574  39.695  5.029  60.713 0.3750000000
124610  49.168  12.752  40.644 0.6250000000
127304  24.294  -16.366  75.479 0.1250000000
112701  26.752  -18.782  69.748 0.1250000000
111608  23.964  -19.601  73.036 0.1250000000
73768  50.486  13.404  42.508 0.5000000000
73769  49.984  12.992  41.892 0.5000000000
73781  49.605  13.271  41.149 0.5000000000
72915  48.484  12.193  39.362 0.2500000000
124886  49.660  14.102  40.205 0.3750000000
52438  32.301  -9.423  52.713 0.2500000000
73780  50.132  13.993  41.589 0.3750000000
44052  3.010  -16.831  78.630 0.1250000000
44039  5.623  -16.974  79.959 0.1250000000
44047  3.494  -16.652  79.295 0.1250000000
45121  2.864  -16.465  78.459 0.1250000000
44059  2.961  -17.174  77.213 0.1250000000
46155  3.078  -15.877  77.219 0.1250000000
118983  6.454  -17.018  80.073 0.1250000000
45175  3.055  -16.783  75.415 0.1250000000
45112  3.245  -15.893  79.706 0.1250000000
46146  2.950  -15.796  79.037 0.1250000000
44031  7.900  -16.624  80.699 0.1250000000
46324  13.257  -15.691  63.137 0.2500000000
114258  29.823  -10.351  55.159 0.1250000000
50371  30.084  -11.009  56.700 0.1250000000
51392  28.948  -10.555  55.303 0.1250000000
110872  30.647  -10.324  54.799 0.1250000000
51439  30.798  -10.020  53.961 0.1250000000
51438  31.461  -9.973  53.608 0.1250000000
56199  31.498  -5.333  54.091 0.3750000000
56209  31.427  -5.481  53.247 0.3750000000
57125  30.468  -4.786  53.498 0.3750000000
57109  30.518  -4.706  54.562 0.3750000000
57110  29.681  -4.278  54.193 0.3750000000
56221  31.017  -5.071  52.593 0.1250000000
57146  30.167  -4.376  52.702 0.2500000000
129445  29.263  -3.765  54.641 0.3750000000
56220  31.479  -5.276  51.975 0.1250000000
57126  29.601  -4.140  53.372 0.3750000000
57163  30.775  -4.423  52.108 0.1250000000
58044  28.820  -3.052  53.751 0.3750000000
58071  30.001  -3.792  52.119 0.1250000000
59029  28.818  -2.560  53.026 0.3750000000
60063  28.802  -1.682  53.369 0.3750000000
62068  30.710  0.011  49.747 0.1250000000
60138  31.219  -0.473  49.352 0.1250000000
62791  36.774  1.423  66.434 0.1250000000
120613  36.057  0.764  65.997 0.1250000000
63731  38.058  2.379  67.543 0.1250000000
63730  38.709  2.833  67.837 0.1250000000
64642  40.009  3.599  66.984 0.1250000000
63736  40.137  3.597  66.238 0.1250000000
64678  39.539  3.467  64.579 0.1250000000
65557  39.723  4.476  62.211 0.1250000000
65566  39.027  4.585  60.904 0.2500000000
65565  39.653  4.734  61.401 0.1250000000
66459  40.626  5.860  60.116 0.2500000000
72938  52.075  11.892  34.621 0.1250000000
130216  51.541  13.466  35.590 0.1250000000
72926  52.053  12.623  34.750 0.1250000000
73810  52.095  13.559  35.081 0.1250000000
131460  52.846  12.362  33.691 0.1250000000
74719  49.742  14.271  38.804 0.1250000000
74710  49.778  14.367  39.571 0.1250000000
74722  50.483  14.493  37.542 0.1250000000
73801  49.401  13.547  38.459 0.1250000000
74738  51.842  14.196  35.710 0.1250000000
74729  52.566  14.943  36.012 0.1250000000
74737  52.482  14.357  35.335 0.1250000000
73821  52.583  13.276  34.404 0.1250000000
74751  52.862  14.147  34.746 0.1250000000
73820  53.320  13.846  34.120 0.1250000000
74750  53.843  14.582  34.655 0.1250000000
75607  50.633  15.430  40.334 0.2500000000
74700  50.109  14.754  40.141 0.2500000000
74693  49.957  14.326  40.770 0.2500000000
75629  52.302  16.083  38.491 0.1250000000
75616  50.834  15.543  39.414 0.1250000000
113565  51.716  15.654  37.923 0.1250000000
74718  50.271  14.759  38.321 0.1250000000
73799  49.368  13.672  39.451 0.1250000000
72914  48.943  12.929  38.921 0.1250000000
75651  52.258  15.311  36.771 0.1250000000
73830  53.701  13.579  33.421 0.1250000000
74683  50.587  15.002  41.956 0.1250000000
75599  50.702  15.456  41.174 0.2500000000
74692  50.291  14.854  41.017 0.2500000000
76487  53.411  16.551  39.760 0.1250000000
76488  52.521  16.389  39.441 0.1250000000
76476  51.835  16.359  40.087 0.1250000000
75615  51.637  16.075  39.316 0.1250000000
110816  53.109  16.064  38.044 0.1250000000
75642  53.392  15.809  37.502 0.1250000000
75650  53.180  15.517  36.770 0.1250000000
122572  54.233  15.661  37.200 0.1250000000
75656  53.639  15.294  36.032 0.1250000000
75649  54.686  15.391  36.368 0.1250000000
74736  54.341  15.082  35.422 0.1250000000
119987  55.528  15.087  35.699 0.1250000000
73819  54.337  14.343  33.916 0.1250000000
76454  51.592  16.255  42.166 0.1250000000
73758  51.061  13.785  43.256 0.3750000000
76463  52.203  16.695  41.641 0.1250000000
75589  51.166  15.569  42.543 0.1250000000
73767  50.630  14.190  42.449 0.2500000000
114313  52.849  16.856  41.020 0.1250000000
76464  52.025  16.547  40.858 0.1250000000
133109  51.594  16.314  41.428 0.1250000000
76474  53.415  16.765  40.454 0.1250000000
76475  52.652  16.607  40.266 0.1250000000
75606  51.241  16.059  40.781 0.1250000000
75613  56.459  16.135  39.036 0.1250000000
76496  54.601  16.211  38.784 0.1250000000
75626  56.408  15.787  38.418 0.1250000000
75627  55.216  15.759  38.037 0.1250000000
75628  53.992  16.021  38.041 0.1250000000
75624  57.305  15.937  38.090 0.1250000000
75639  57.044  15.648  37.785 0.1250000000
75641  55.278  15.527  37.154 0.1250000000
114713  57.345  15.750  37.319 0.1250000000
75648  55.907  15.294  36.615 0.1250000000
76462  53.864  17.139  41.032 0.1250000000
112072  54.328  16.695  40.187 0.1250000000
76484  56.880  16.722  39.444 0.1250000000
76486  55.072  16.408  39.525 0.1250000000
123957  54.156  16.458  39.412 0.1250000000
76495  57.333  16.386  38.487 0.1250000000
75625  57.018  16.125  38.756 0.1250000000
112250  55.446  16.735  40.162 0.1250000000
75612  56.610  16.457  39.347 0.1250000000
76485  56.007  16.409  39.531 0.1250000000
76483  57.184  16.606  39.017 0.1250000000
122649  57.453  16.839  38.208 0.1250000000
60887  35.093  -0.032  64.963 0.1250000000
62783  37.378  1.860  67.124 0.1250000000
47297  13.847  -15.104  62.909 0.1250000000
45162  2.990  -16.660  76.791 0.1250000000
58043  28.901  -3.119  54.472 0.3750000000
45139  2.882  -16.988  77.953 0.1250000000
45111  3.887  -16.313  79.823 0.1250000000
117870  2.995  -16.351  79.067 0.1250000000
45140  2.888  -16.619  77.698 0.1250000000
115941  29.994  -10.670  55.999 0.1250000000
132780  29.522  -10.647  55.680 0.1250000000
51376  29.306  -11.043  56.104 0.1250000000
121641  29.103  -3.710  53.951 0.3750000000
58055  29.118  -3.474  53.205 0.3750000000
57147  29.578  -3.870  52.734 0.3750000000
58072  29.312  -3.245  52.422 0.3750000000
123672  36.241  0.671  66.800 0.1250000000
72937  52.485  12.306  34.162 0.1250000000
74709  50.201  14.927  39.240 0.1250000000
75644  50.949  15.251  37.871 0.1250000000
74721  51.061  14.814  37.183 0.1250000000
74730  51.597  14.679  36.529 0.1250000000
74728  53.255  14.794  35.324 0.1250000000
132066  50.418  15.179  39.788 0.1250000000
114787  51.204  15.954  39.973 0.1250000000
75630  51.335  15.680  38.602 0.1250000000
75631  50.679  15.282  38.660 0.1250000000
75643  52.494  15.699  37.522 0.1250000000
75652  51.638  15.306  37.264 0.1250000000
75598  51.081  15.812  41.691 0.1250000000
76497  53.435  16.323  38.824 0.1250000000
132133  53.922  15.480  36.583 0.1250000000
75614  55.686  16.066  38.930 0.1250000000
75640  56.231  15.500  37.526 0.1250000000
133656  57.170  15.538  37.129 0.1250000000
116477  57.470  15.684  36.591 0.1250000000
119167  5.709  -24.119  68.863 0.2500000000
37908  5.917  -23.478  68.707 0.2500000000
43040  9.216  -18.175  65.621 0.1250000000
45291  9.937  -16.747  65.685 0.1250000000
45290  10.434  -16.393  65.420 0.1250000000
55323  32.400  -6.971  52.344 0.2500000000
56208  31.929  -6.020  52.559 0.2500000000
53409  33.632  -8.476  52.260 0.1250000000
59045  29.118  -2.442  52.061 0.1250000000
61093  32.612  -0.534  48.173 0.1250000000
66443  40.374  5.427  60.718 0.1250000000
61129  35.674  -1.064  46.587 0.1250000000
61128  36.480  -0.664  46.328 0.1250000000
62103  35.756  -0.131  46.750 0.1250000000
67440  50.150  7.119  52.441 0.1250000000
68380  50.031  7.397  51.429 0.1250000000
68402  50.411  7.779  48.620 0.1250000000
131172  49.780  7.637  48.175 0.1250000000
68407  50.369  7.909  47.813 0.1250000000
68413  50.169  8.068  47.060 0.1250000000
72883  50.827  12.915  43.179 0.2500000000
43041  8.851  -18.272  66.342 0.1250000000
44197  9.587  -17.383  65.625 0.1250000000
52439  31.523  -9.465  52.912 0.1250000000
33009  3.648  -28.336  70.728 0.1250000000
33003  2.948  -28.953  71.231 0.1250000000
33004  2.001  -28.711  71.257 0.1250000000
33909  3.051  -27.464  70.883 0.1250000000
33933  5.140  -27.001  69.759 0.1250000000
34856  4.528  -26.720  70.001 0.1250000000
33932  5.879  -27.067  69.731 0.1250000000
34874  5.067  -26.426  69.608 0.1250000000
35853  5.346  -25.803  69.330 0.1250000000
36827  5.415  -24.873  69.262 0.1250000000
36817  4.876  -24.503  70.083 0.1250000000
35865  6.459  -25.475  68.640 0.1250000000
131815  5.330  -24.107  69.579 0.1250000000
37907  6.276  -23.970  68.137 0.1250000000
38966  6.242  -23.036  68.297 0.1250000000
48250  27.381  -13.336  59.476 0.1250000000
124717  27.147  -12.907  58.727 0.1250000000
120818  27.923  -13.137  58.941 0.1250000000
133479  40.759  1.753  43.675 0.1250000000
63046  39.689  2.452  43.738 0.1250000000
63045  40.549  2.268  43.390 0.1250000000
64874  39.339  3.452  43.653 0.1250000000
63982  40.685  3.085  42.889 0.1250000000
65734  40.081  4.447  43.111 0.1250000000
65768  44.117  4.808  40.801 0.1250000000
66631  44.270  5.557  40.430 0.1250000000
37920  6.761  -23.253  67.632 0.1250000000
44253  18.914  -17.907  61.984 0.1250000000
64873  40.035  3.659  43.186 0.1250000000
124237  1.874  -29.147  71.179 0.1250000000
124044  1.637  -29.277  70.770 0.1250000000
33010  2.440  -28.254  71.070 0.1250000000
36840  6.038  -24.802  68.598 0.1250000000
118027  2.394  -29.547  71.363 0.1250000000
33922  4.396  -27.499  70.330 0.1250000000
35854  4.627  -25.929  69.861 0.1250000000
34873  5.656  -26.518  69.416 0.1250000000
34887  6.082  -26.052  68.986 0.1250000000
36828  4.878  -25.259  69.757 0.1250000000
35866  5.856  -25.445  68.901 0.1250000000
56219  32.192  -6.044  51.927 0.1250000000
63044  41.220  1.805  43.412 0.1250000000
112919  40.038  2.940  43.305 0.1250000000
63981  41.280  2.388  42.939 0.1250000000
41930  22.445  -19.253  72.552 0.1250000000
41940  29.405  -17.566  71.531 0.1250000000
41943  26.520  -18.028  71.507 0.1250000000
42965  31.029  -17.522  71.611 0.1250000000
42984  31.149  -17.412  70.518 0.1250000000
42987  28.713  -18.369  69.245 0.1250000000
42989  27.362  -19.133  68.865 0.1250000000
43001  29.216  -18.243  68.722 0.1250000000
43016  27.571  -18.525  67.539 0.2500000000
44065  24.762  -17.066  75.462 0.1250000000
44112  33.712  -16.383  71.727 0.1250000000
44114  32.647  -16.870  71.445 0.1250000000
44123  33.152  -16.565  71.317 0.1250000000
44136  31.478  -17.168  70.164 0.1250000000
44189  24.572  -17.541  65.240 0.3750000000
45230  33.360  -15.879  70.552 0.1250000000
45245  30.856  -16.994  68.215 0.1250000000
45258  29.425  -16.542  66.757 0.2500000000
46227  34.756  -15.024  70.738 0.1250000000
46249  32.382  -15.173  69.068 0.1250000000
46262  30.026  -16.435  66.883 0.2500000000
46290  26.999  -15.113  66.851 0.3750000000
46299  6.405  -14.897  65.336 0.1250000000
47181  35.036  -14.439  70.437 0.1250000000
47217  31.601  -14.594  67.525 0.2500000000
48171  30.673  -12.492  65.377 0.7500000000
48174  28.405  -12.719  65.478 0.7500000000
49141  35.890  -12.884  69.475 0.1250000000
49148  36.169  -12.151  69.096 0.1250000000
49193  31.697  -11.906  65.347 0.7500000000
51223  36.847  -10.876  69.353 0.1250000000
51273  33.505  -10.256  64.203 0.5000000000
52251  37.151  -9.556  69.522 0.1250000000
52363  27.761  -9.908  59.976 1.0000000000
52367  23.522  -9.499  59.998 0.7500000000
52411  24.712  -9.552  56.081 0.6250000000
52449  31.708  -9.000  52.514 0.3750000000
53270  36.344  -7.706  67.003 0.1250000000
53350  27.938  -8.477  58.787 0.8750000000
62890  32.062  1.891  56.037 1.0000000000
64747  35.513  4.087  57.778 0.8750000000
64769  33.878  3.980  54.092 1.0000000000
65609  36.226  4.495  57.651 1.0000000000
65637  35.656  4.572  55.566 1.0000000000
66488  47.561  5.890  57.766 0.1250000000
72046  50.627  11.352  43.965 0.2500000000
118192  37.538  -10.150  70.308 0.1250000000
122764  25.625  -13.856  64.923 1.0000000000
125659  17.042  -14.965  77.789 0.1250000000
127773  29.388  -17.618  67.563 0.2500000000
130207  51.079  12.467  43.643 0.2500000000
130341  30.470  -7.750  53.928 0.6250000000
131119  43.249  5.075  55.755 0.6250000000
131924  13.231  -14.742  66.379 0.8750000000
133594  23.852  -18.869  68.341 0.1250000000
133756  38.006  4.554  59.693 0.5000000000
