
Fri Mar  6 08:01:11 CET 2026
cd /out/sourcedata/freesurfer/sub-v1s10x0051006_ses-1
setenv SUBJECTS_DIR /out/sourcedata/freesurfer
/opt/freesurfer/bin/recon-all -autorecon-hemi lh -noparcstats -noparcstats2 -noparcstats3 -nohyporelabel -nobalabels -lh-only -openmp 16 -subjid sub-v1s10x0051006_ses-1 -sd /out/sourcedata/freesurfer

subjid sub-v1s10x0051006_ses-1
setenv SUBJECTS_DIR /out/sourcedata/freesurfer
FREESURFER_HOME /opt/freesurfer
Actual FREESURFER_HOME /opt/freesurfer
build-stamp.txt: freesurfer-linux-ubuntu22_x86_64-7.3.2-20220804-6354275
Linux dna078 5.14.0-427.37.1.el9_4.x86_64 #1 SMP PREEMPT_DYNAMIC Fri Sep 13 12:41:50 EDT 2024 x86_64 x86_64 x86_64 GNU/Linux
cputime      unlimited
filesize     unlimited
datasize     unlimited
stacksize    8192 kbytes
coredumpsize 0 kbytes
memoryuse    67108864 kbytes
vmemoryuse   unlimited
descriptors  1024 
memorylocked unlimited
maxproc      2061970 
maxlocks     unlimited
maxsignal    2062029 
maxmessage   819200 
maxnice      0 
maxrtprio    0 
maxrttime    unlimited

               total        used        free      shared  buff/cache   available
Mem:           503Gi        52Gi       411Gi       6.3Gi        39Gi       441Gi
Swap:             0B          0B          0B

########################################
program versions used
7.3.2 (freesurfer-linux-ubuntu22_x86_64-7.3.2-20220804-6354275)
7.3.2

ProgramName: lta_convert  ProgramArguments: lta_convert -all-info  ProgramVersion: 7.3.2  TimeStamp: 2026/03/06-07:01:11-GMT  BuildTime: Aug  4 2022 06:17:15  BuildStamp: freesurfer-linux-ubuntu22_x86_64-7.3.2-20220804-6354275  User: oesteban  Machine: dna078  Platform: Linux  PlatformVersion: 5.14.0-427.37.1.el9_4.x86_64  CompilerName: GCC  CompilerVersion: 8.4.0
ProgramName: mri_and  ProgramArguments: mri_and -all-info  ProgramVersion: 7.3.2  TimeStamp: 2026/03/06-07:01:11-GMT  BuildTime: Aug  4 2022 06:17:15  BuildStamp: freesurfer-linux-ubuntu22_x86_64-7.3.2-20220804-6354275  User: oesteban  Machine: dna078  Platform: Linux  PlatformVersion: 5.14.0-427.37.1.el9_4.x86_64  CompilerName: GCC  CompilerVersion: 8.4.0
ProgramName: mri_annotation2label  ProgramArguments: mri_annotation2label -all-info  ProgramVersion: 7.3.2  TimeStamp: 2026/03/06-07:01:11-GMT  BuildTime: Aug  4 2022 06:17:15  BuildStamp: freesurfer-linux-ubuntu22_x86_64-7.3.2-20220804-6354275  User: oesteban  Machine: dna078  Platform: Linux  PlatformVersion: 5.14.0-427.37.1.el9_4.x86_64  CompilerName: GCC  CompilerVersion: 8.4.0
ProgramName: mri_aparc2aseg  ProgramArguments: mri_aparc2aseg -all-info  ProgramVersion: 7.3.2  TimeStamp: 2026/03/06-07:01:11-GMT  BuildTime: Aug  4 2022 06:17:15  BuildStamp: freesurfer-linux-ubuntu22_x86_64-7.3.2-20220804-6354275  User: oesteban  Machine: dna078  Platform: Linux  PlatformVersion: 5.14.0-427.37.1.el9_4.x86_64  CompilerName: GCC  CompilerVersion: 8.4.0
ProgramName: mri_surf2volseg  ProgramArguments: mri_surf2volseg -all-info  ProgramVersion: 7.3.2  TimeStamp: 2026/03/06-07:01:11-GMT  BuildTime: Aug  4 2022 06:17:15  BuildStamp: freesurfer-linux-ubuntu22_x86_64-7.3.2-20220804-6354275  User: oesteban  Machine: dna078  Platform: Linux  PlatformVersion: 5.14.0-427.37.1.el9_4.x86_64  CompilerName: GCC  CompilerVersion: 8.4.0
ProgramName: mri_binarize  ProgramArguments: mri_binarize -all-info  ProgramVersion: 7.3.2  TimeStamp: 2026/03/06-07:01:11-GMT  BuildTime: Aug  4 2022 06:17:15  BuildStamp: freesurfer-linux-ubuntu22_x86_64-7.3.2-20220804-6354275  User: oesteban  Machine: dna078  Platform: Linux  PlatformVersion: 5.14.0-427.37.1.el9_4.x86_64  CompilerName: GCC  CompilerVersion: 8.4.0
ProgramName: mri_ca_label  ProgramArguments: mri_ca_label -all-info  ProgramVersion: 7.3.2  TimeStamp: 2026/03/06-07:01:11-GMT  BuildTime: Aug  4 2022 06:17:15  BuildStamp: freesurfer-linux-ubuntu22_x86_64-7.3.2-20220804-6354275  User: oesteban  Machine: dna078  Platform: Linux  PlatformVersion: 5.14.0-427.37.1.el9_4.x86_64  CompilerName: GCC  CompilerVersion: 8.4.0
ProgramName: mri_ca_normalize  ProgramArguments: mri_ca_normalize -all-info  ProgramVersion: 7.3.2  TimeStamp: 2026/03/06-07:01:11-GMT  BuildTime: Aug  4 2022 06:17:15  BuildStamp: freesurfer-linux-ubuntu22_x86_64-7.3.2-20220804-6354275  User: oesteban  Machine: dna078  Platform: Linux  PlatformVersion: 5.14.0-427.37.1.el9_4.x86_64  CompilerName: GCC  CompilerVersion: 8.4.0
ProgramName: mri_ca_register  ProgramArguments: mri_ca_register -all-info  ProgramVersion: 7.3.2  TimeStamp: 2026/03/06-07:01:11-GMT  BuildTime: Aug  4 2022 06:17:15  BuildStamp: freesurfer-linux-ubuntu22_x86_64-7.3.2-20220804-6354275  User: oesteban  Machine: dna078  Platform: Linux  PlatformVersion: 5.14.0-427.37.1.el9_4.x86_64  CompilerName: GCC  CompilerVersion: 8.4.0
ProgramName: mri_cc  ProgramArguments: mri_cc -all-info  ProgramVersion: 7.3.2  TimeStamp: 2026/03/06-07:01:11-GMT  BuildTime: Aug  4 2022 06:17:15  BuildStamp: freesurfer-linux-ubuntu22_x86_64-7.3.2-20220804-6354275  User: oesteban  Machine: dna078  Platform: Linux  PlatformVersion: 5.14.0-427.37.1.el9_4.x86_64  CompilerName: GCC  CompilerVersion: 8.4.0
ProgramName: mri_compute_overlap  ProgramArguments: mri_compute_overlap -all-info  ProgramVersion: 7.3.2  TimeStamp: 2026/03/06-07:01:11-GMT  BuildTime: Aug  4 2022 06:17:15  BuildStamp: freesurfer-linux-ubuntu22_x86_64-7.3.2-20220804-6354275  User: oesteban  Machine: dna078  Platform: Linux  PlatformVersion: 5.14.0-427.37.1.el9_4.x86_64  CompilerName: GCC  CompilerVersion: 8.4.0
ProgramName: mri_compute_seg_overlap  ProgramArguments: mri_compute_seg_overlap -all-info  ProgramVersion: 7.3.2  TimeStamp: 2026/03/06-07:01:11-GMT  BuildTime: Aug  4 2022 06:17:15  BuildStamp: freesurfer-linux-ubuntu22_x86_64-7.3.2-20220804-6354275  User: oesteban  Machine: dna078  Platform: Linux  PlatformVersion: 5.14.0-427.37.1.el9_4.x86_64  CompilerName: GCC  CompilerVersion: 8.4.0
ProgramName: mri_concat  ProgramArguments: mri_concat -all-info  ProgramVersion: 7.3.2  TimeStamp: 2026/03/06-07:01:11-GMT  BuildTime: Aug  4 2022 06:17:15  BuildStamp: freesurfer-linux-ubuntu22_x86_64-7.3.2-20220804-6354275  User: oesteban  Machine: dna078  Platform: Linux  PlatformVersion: 5.14.0-427.37.1.el9_4.x86_64  CompilerName: GCC  CompilerVersion: 8.4.0
ProgramName: mri_concatenate_lta  ProgramArguments: mri_concatenate_lta -all-info  ProgramVersion: 7.3.2  TimeStamp: 2026/03/06-07:01:11-GMT  BuildTime: Aug  4 2022 06:17:15  BuildStamp: freesurfer-linux-ubuntu22_x86_64-7.3.2-20220804-6354275  User: oesteban  Machine: dna078  Platform: Linux  PlatformVersion: 5.14.0-427.37.1.el9_4.x86_64  CompilerName: GCC  CompilerVersion: 8.4.0
mri_convert -all-info 
ProgramName: mri_convert  ProgramArguments: mri_convert -all-info  ProgramVersion: 7.3.2  TimeStamp: 2026/03/06-07:01:11-GMT  BuildTime: Aug  4 2022 06:17:15  BuildStamp: freesurfer-linux-ubuntu22_x86_64-7.3.2-20220804-6354275  User: oesteban  Machine: dna078  Platform: Linux  PlatformVersion: 5.14.0-427.37.1.el9_4.x86_64  CompilerName: GCC  CompilerVersion: 8.4.0
ProgramName: mri_diff  ProgramArguments: mri_diff -all-info  ProgramVersion: 7.3.2  TimeStamp: 2026/03/06-07:01:11-GMT  BuildTime: Aug  4 2022 06:17:15  BuildStamp: freesurfer-linux-ubuntu22_x86_64-7.3.2-20220804-6354275  User: oesteban  Machine: dna078  Platform: Linux  PlatformVersion: 5.14.0-427.37.1.el9_4.x86_64  CompilerName: GCC  CompilerVersion: 8.4.0
ProgramName: mri_edit_wm_with_aseg  ProgramArguments: mri_edit_wm_with_aseg -all-info  ProgramVersion: 7.3.2  TimeStamp: 2026/03/06-07:01:11-GMT  BuildTime: Aug  4 2022 06:17:15  BuildStamp: freesurfer-linux-ubuntu22_x86_64-7.3.2-20220804-6354275  User: oesteban  Machine: dna078  Platform: Linux  PlatformVersion: 5.14.0-427.37.1.el9_4.x86_64  CompilerName: GCC  CompilerVersion: 8.4.0
ProgramName: mri_em_register  ProgramArguments: mri_em_register -all-info  ProgramVersion: 7.3.2  TimeStamp: 2026/03/06-07:01:11-GMT  BuildTime: Aug  4 2022 06:17:15  BuildStamp: freesurfer-linux-ubuntu22_x86_64-7.3.2-20220804-6354275  User: oesteban  Machine: dna078  Platform: Linux  PlatformVersion: 5.14.0-427.37.1.el9_4.x86_64  CompilerName: GCC  CompilerVersion: 8.4.0
ProgramName: mri_fill  ProgramArguments: mri_fill -all-info  ProgramVersion: 7.3.2  TimeStamp: 2026/03/06-07:01:11-GMT  BuildTime: Aug  4 2022 06:17:15  BuildStamp: freesurfer-linux-ubuntu22_x86_64-7.3.2-20220804-6354275  User: oesteban  Machine: dna078  Platform: Linux  PlatformVersion: 5.14.0-427.37.1.el9_4.x86_64  CompilerName: GCC  CompilerVersion: 8.4.0
ProgramName: mri_fuse_segmentations  ProgramArguments: mri_fuse_segmentations -all-info  ProgramVersion: 7.3.2  TimeStamp: 2026/03/06-07:01:11-GMT  BuildTime: Aug  4 2022 06:17:15  BuildStamp: freesurfer-linux-ubuntu22_x86_64-7.3.2-20220804-6354275  User: oesteban  Machine: dna078  Platform: Linux  PlatformVersion: 5.14.0-427.37.1.el9_4.x86_64  CompilerName: GCC  CompilerVersion: 8.4.0
ProgramName: mri_fwhm  ProgramArguments: mri_fwhm -all-info  ProgramVersion: 7.3.2  TimeStamp: 2026/03/06-07:01:11-GMT  BuildTime: Aug  4 2022 06:17:15  BuildStamp: freesurfer-linux-ubuntu22_x86_64-7.3.2-20220804-6354275  User: oesteban  Machine: dna078  Platform: Linux  PlatformVersion: 5.14.0-427.37.1.el9_4.x86_64  CompilerName: GCC  CompilerVersion: 8.4.0
ProgramName: mri_gcut  ProgramArguments: mri_gcut -all-info  ProgramVersion: 7.3.2  TimeStamp: 2026/03/06-07:01:11-GMT  BuildTime: Aug  4 2022 06:17:15  BuildStamp: freesurfer-linux-ubuntu22_x86_64-7.3.2-20220804-6354275  User: oesteban  Machine: dna078  Platform: Linux  PlatformVersion: 5.14.0-427.37.1.el9_4.x86_64  CompilerName: GCC  CompilerVersion: 8.4.0
ProgramName: mri_info  ProgramArguments: mri_info -all-info  ProgramVersion: 7.3.2  TimeStamp: 2026/03/06-07:01:11-GMT  BuildTime: Aug  4 2022 06:17:15  BuildStamp: freesurfer-linux-ubuntu22_x86_64-7.3.2-20220804-6354275  User: oesteban  Machine: dna078  Platform: Linux  PlatformVersion: 5.14.0-427.37.1.el9_4.x86_64  CompilerName: GCC  CompilerVersion: 8.4.0
ProgramName: mri_label2label  ProgramArguments: mri_label2label -all-info  ProgramVersion: 7.3.2  TimeStamp: 2026/03/06-07:01:11-GMT  BuildTime: Aug  4 2022 06:17:15  BuildStamp: freesurfer-linux-ubuntu22_x86_64-7.3.2-20220804-6354275  User: oesteban  Machine: dna078  Platform: Linux  PlatformVersion: 5.14.0-427.37.1.el9_4.x86_64  CompilerName: GCC  CompilerVersion: 8.4.0
ProgramName: mri_label2vol  ProgramArguments: mri_label2vol -all-info  ProgramVersion: 7.3.2  TimeStamp: 2026/03/06-07:01:11-GMT  BuildTime: Aug  4 2022 06:17:15  BuildStamp: freesurfer-linux-ubuntu22_x86_64-7.3.2-20220804-6354275  User: oesteban  Machine: dna078  Platform: Linux  PlatformVersion: 5.14.0-427.37.1.el9_4.x86_64  CompilerName: GCC  CompilerVersion: 8.4.0
ProgramName: mri_log_likelihood  ProgramArguments: mri_log_likelihood -all-info  ProgramVersion: 7.3.2  TimeStamp: 2026/03/06-07:01:11-GMT  BuildTime: Aug  4 2022 06:17:15  BuildStamp: freesurfer-linux-ubuntu22_x86_64-7.3.2-20220804-6354275  User: oesteban  Machine: dna078  Platform: Linux  PlatformVersion: 5.14.0-427.37.1.el9_4.x86_64  CompilerName: GCC  CompilerVersion: 8.4.0
ProgramName: mri_mask  ProgramArguments: mri_mask -all-info  ProgramVersion: 7.3.2  TimeStamp: 2026/03/06-07:01:11-GMT  BuildTime: Aug  4 2022 06:17:15  BuildStamp: freesurfer-linux-ubuntu22_x86_64-7.3.2-20220804-6354275  User: oesteban  Machine: dna078  Platform: Linux  PlatformVersion: 5.14.0-427.37.1.el9_4.x86_64  CompilerName: GCC  CompilerVersion: 8.4.0
ProgramName: mri_matrix_multiply  ProgramArguments: mri_matrix_multiply -all-info  ProgramVersion: 7.3.2  TimeStamp: 2026/03/06-07:01:11-GMT  BuildTime: Aug  4 2022 06:17:15  BuildStamp: freesurfer-linux-ubuntu22_x86_64-7.3.2-20220804-6354275  User: oesteban  Machine: dna078  Platform: Linux  PlatformVersion: 5.14.0-427.37.1.el9_4.x86_64  CompilerName: GCC  CompilerVersion: 8.4.0
ProgramName: mri_normalize  ProgramArguments: mri_normalize -all-info  ProgramVersion: 7.3.2  TimeStamp: 2026/03/06-07:01:11-GMT  BuildTime: Aug  4 2022 06:17:15  BuildStamp: freesurfer-linux-ubuntu22_x86_64-7.3.2-20220804-6354275  User: oesteban  Machine: dna078  Platform: Linux  PlatformVersion: 5.14.0-427.37.1.el9_4.x86_64  CompilerName: GCC  CompilerVersion: 8.4.0
ProgramName: mri_normalize_tp2  ProgramArguments: mri_normalize_tp2 -all-info  ProgramVersion: 7.3.2  TimeStamp: 2026/03/06-07:01:11-GMT  BuildTime: Aug  4 2022 06:17:15  BuildStamp: freesurfer-linux-ubuntu22_x86_64-7.3.2-20220804-6354275  User: oesteban  Machine: dna078  Platform: Linux  PlatformVersion: 5.14.0-427.37.1.el9_4.x86_64  CompilerName: GCC  CompilerVersion: 8.4.0
ProgramName: mri_or  ProgramArguments: mri_or -all-info  ProgramVersion: 7.3.2  TimeStamp: 2026/03/06-07:01:11-GMT  BuildTime: Aug  4 2022 06:17:15  BuildStamp: freesurfer-linux-ubuntu22_x86_64-7.3.2-20220804-6354275  User: oesteban  Machine: dna078  Platform: Linux  PlatformVersion: 5.14.0-427.37.1.el9_4.x86_64  CompilerName: GCC  CompilerVersion: 8.4.0
ProgramName: mri_relabel_hypointensities  ProgramArguments: mri_relabel_hypointensities -all-info  ProgramVersion: 7.3.2  TimeStamp: 2026/03/06-07:01:11-GMT  BuildTime: Aug  4 2022 06:17:15  BuildStamp: freesurfer-linux-ubuntu22_x86_64-7.3.2-20220804-6354275  User: oesteban  Machine: dna078  Platform: Linux  PlatformVersion: 5.14.0-427.37.1.el9_4.x86_64  CompilerName: GCC  CompilerVersion: 8.4.0
ProgramName: mri_relabel_nonwm_hypos  ProgramArguments: mri_relabel_nonwm_hypos -all-info  ProgramVersion: 7.3.2  TimeStamp: 2026/03/06-07:01:11-GMT  BuildTime: Aug  4 2022 06:17:15  BuildStamp: freesurfer-linux-ubuntu22_x86_64-7.3.2-20220804-6354275  User: oesteban  Machine: dna078  Platform: Linux  PlatformVersion: 5.14.0-427.37.1.el9_4.x86_64  CompilerName: GCC  CompilerVersion: 8.4.0
ProgramName: mri_remove_neck  ProgramArguments: mri_remove_neck -all-info  ProgramVersion: 7.3.2  TimeStamp: 2026/03/06-07:01:11-GMT  BuildTime: Aug  4 2022 06:17:15  BuildStamp: freesurfer-linux-ubuntu22_x86_64-7.3.2-20220804-6354275  User: oesteban  Machine: dna078  Platform: Linux  PlatformVersion: 5.14.0-427.37.1.el9_4.x86_64  CompilerName: GCC  CompilerVersion: 8.4.0
7.3.2

ProgramName: mri_robust_register  ProgramArguments: mri_robust_register -all-info  ProgramVersion: 7.3.2  TimeStamp: 2026/03/06-07:01:11-GMT  BuildTime: Aug  4 2022 06:17:15  BuildStamp: freesurfer-linux-ubuntu22_x86_64-7.3.2-20220804-6354275  User: oesteban  Machine: dna078  Platform: Linux  PlatformVersion: 5.14.0-427.37.1.el9_4.x86_64  CompilerName: GCC  CompilerVersion: 8.4.0
7.3.2

ProgramName: mri_robust_template  ProgramArguments: mri_robust_template -all-info  ProgramVersion: 7.3.2  TimeStamp: 2026/03/06-07:01:11-GMT  BuildTime: Aug  4 2022 06:17:15  BuildStamp: freesurfer-linux-ubuntu22_x86_64-7.3.2-20220804-6354275  User: oesteban  Machine: dna078  Platform: Linux  PlatformVersion: 5.14.0-427.37.1.el9_4.x86_64  CompilerName: GCC  CompilerVersion: 8.4.0
ProgramName: mris_anatomical_stats  ProgramArguments: mris_anatomical_stats -all-info  ProgramVersion: 7.3.2  TimeStamp: 2026/03/06-07:01:11-GMT  BuildTime: Aug  4 2022 06:17:15  BuildStamp: freesurfer-linux-ubuntu22_x86_64-7.3.2-20220804-6354275  User: oesteban  Machine: dna078  Platform: Linux  PlatformVersion: 5.14.0-427.37.1.el9_4.x86_64  CompilerName: GCC  CompilerVersion: 8.4.0
ProgramName: mris_ca_label  ProgramArguments: mris_ca_label -all-info  ProgramVersion: 7.3.2  TimeStamp: 2026/03/06-07:01:11-GMT  BuildTime: Aug  4 2022 06:17:15  BuildStamp: freesurfer-linux-ubuntu22_x86_64-7.3.2-20220804-6354275  User: oesteban  Machine: dna078  Platform: Linux  PlatformVersion: 5.14.0-427.37.1.el9_4.x86_64  CompilerName: GCC  CompilerVersion: 8.4.0
ProgramName: mris_calc  ProgramArguments: mris_calc -all-info  ProgramVersion: 7.3.2  TimeStamp: 2026/03/06-07:01:11-GMT  BuildTime: Aug  4 2022 06:17:15  BuildStamp: freesurfer-linux-ubuntu22_x86_64-7.3.2-20220804-6354275  User: oesteban  Machine: dna078  Platform: Linux  PlatformVersion: 5.14.0-427.37.1.el9_4.x86_64  CompilerName: GCC  CompilerVersion: 8.4.0
ProgramName: mris_convert  ProgramArguments: mris_convert -all-info  ProgramVersion: 7.3.2  TimeStamp: 2026/03/06-07:01:11-GMT  BuildTime: Aug  4 2022 06:17:15  BuildStamp: freesurfer-linux-ubuntu22_x86_64-7.3.2-20220804-6354275  User: oesteban  Machine: dna078  Platform: Linux  PlatformVersion: 5.14.0-427.37.1.el9_4.x86_64  CompilerName: GCC  CompilerVersion: 8.4.0
ProgramName: mris_curvature  ProgramArguments: mris_curvature -all-info  ProgramVersion: 7.3.2  TimeStamp: 2026/03/06-07:01:11-GMT  BuildTime: Aug  4 2022 06:17:15  BuildStamp: freesurfer-linux-ubuntu22_x86_64-7.3.2-20220804-6354275  User: oesteban  Machine: dna078  Platform: Linux  PlatformVersion: 5.14.0-427.37.1.el9_4.x86_64  CompilerName: GCC  CompilerVersion: 8.4.0
ProgramName: mris_curvature_stats  ProgramArguments: mris_curvature_stats -all-info  ProgramVersion: 7.3.2  TimeStamp: 2026/03/06-07:01:11-GMT  BuildTime: Aug  4 2022 06:17:15  BuildStamp: freesurfer-linux-ubuntu22_x86_64-7.3.2-20220804-6354275  User: oesteban  Machine: dna078  Platform: Linux  PlatformVersion: 5.14.0-427.37.1.el9_4.x86_64  CompilerName: GCC  CompilerVersion: 8.4.0
ProgramName: mris_diff  ProgramArguments: mris_diff -all-info  ProgramVersion: 7.3.2  TimeStamp: 2026/03/06-07:01:11-GMT  BuildTime: Aug  4 2022 06:17:15  BuildStamp: freesurfer-linux-ubuntu22_x86_64-7.3.2-20220804-6354275  User: oesteban  Machine: dna078  Platform: Linux  PlatformVersion: 5.14.0-427.37.1.el9_4.x86_64  CompilerName: GCC  CompilerVersion: 8.4.0
ProgramName: mris_divide_parcellation  ProgramArguments: mris_divide_parcellation -all-info  ProgramVersion: 7.3.2  TimeStamp: 2026/03/06-07:01:11-GMT  BuildTime: Aug  4 2022 06:17:15  BuildStamp: freesurfer-linux-ubuntu22_x86_64-7.3.2-20220804-6354275  User: oesteban  Machine: dna078  Platform: Linux  PlatformVersion: 5.14.0-427.37.1.el9_4.x86_64  CompilerName: GCC  CompilerVersion: 8.4.0
ProgramName: mri_segment  ProgramArguments: mri_segment -all-info  ProgramVersion: 7.3.2  TimeStamp: 2026/03/06-07:01:11-GMT  BuildTime: Aug  4 2022 06:17:15  BuildStamp: freesurfer-linux-ubuntu22_x86_64-7.3.2-20220804-6354275  User: oesteban  Machine: dna078  Platform: Linux  PlatformVersion: 5.14.0-427.37.1.el9_4.x86_64  CompilerName: GCC  CompilerVersion: 8.4.0
ProgramName: mri_segstats  ProgramArguments: mri_segstats -all-info  ProgramVersion: 7.3.2  TimeStamp: 2026/03/06-07:01:11-GMT  BuildTime: Aug  4 2022 06:17:15  BuildStamp: freesurfer-linux-ubuntu22_x86_64-7.3.2-20220804-6354275  User: oesteban  Machine: dna078  Platform: Linux  PlatformVersion: 5.14.0-427.37.1.el9_4.x86_64  CompilerName: GCC  CompilerVersion: 8.4.0
ProgramName: mris_euler_number  ProgramArguments: mris_euler_number -all-info  ProgramVersion: 7.3.2  TimeStamp: 2026/03/06-07:01:11-GMT  BuildTime: Aug  4 2022 06:17:15  BuildStamp: freesurfer-linux-ubuntu22_x86_64-7.3.2-20220804-6354275  User: oesteban  Machine: dna078  Platform: Linux  PlatformVersion: 5.14.0-427.37.1.el9_4.x86_64  CompilerName: GCC  CompilerVersion: 8.4.0
ProgramName: mris_fix_topology  ProgramArguments: mris_fix_topology -all-info  ProgramVersion: 7.3.2  TimeStamp: 2026/03/06-07:01:11-GMT  BuildTime: Aug  4 2022 06:17:15  BuildStamp: freesurfer-linux-ubuntu22_x86_64-7.3.2-20220804-6354275  User: oesteban  Machine: dna078  Platform: Linux  PlatformVersion: 5.14.0-427.37.1.el9_4.x86_64  CompilerName: GCC  CompilerVersion: 8.4.0
ProgramName: mris_topo_fixer  ProgramArguments: mris_topo_fixer -all-info  ProgramVersion: 7.3.2  TimeStamp: 2026/03/06-07:01:11-GMT  BuildTime: Aug  4 2022 06:17:15  BuildStamp: freesurfer-linux-ubuntu22_x86_64-7.3.2-20220804-6354275  User: oesteban  Machine: dna078  Platform: Linux  PlatformVersion: 5.14.0-427.37.1.el9_4.x86_64  CompilerName: GCC  CompilerVersion: 8.4.0
ProgramName: mris_jacobian  ProgramArguments: mris_jacobian -all-info  ProgramVersion: 7.3.2  TimeStamp: 2026/03/06-07:01:11-GMT  BuildTime: Aug  4 2022 06:17:15  BuildStamp: freesurfer-linux-ubuntu22_x86_64-7.3.2-20220804-6354275  User: oesteban  Machine: dna078  Platform: Linux  PlatformVersion: 5.14.0-427.37.1.el9_4.x86_64  CompilerName: GCC  CompilerVersion: 8.4.0
ProgramName: mris_label2annot  ProgramArguments: mris_label2annot -all-info  ProgramVersion: 7.3.2  TimeStamp: 2026/03/06-07:01:11-GMT  BuildTime: Aug  4 2022 06:17:15  BuildStamp: freesurfer-linux-ubuntu22_x86_64-7.3.2-20220804-6354275  User: oesteban  Machine: dna078  Platform: Linux  PlatformVersion: 5.14.0-427.37.1.el9_4.x86_64  CompilerName: GCC  CompilerVersion: 8.4.0
ProgramName: mris_left_right_register  ProgramArguments: mris_left_right_register -all-info  ProgramVersion: 7.3.2  TimeStamp: 2026/03/06-07:01:11-GMT  BuildTime: Aug  4 2022 06:17:15  BuildStamp: freesurfer-linux-ubuntu22_x86_64-7.3.2-20220804-6354275  User: oesteban  Machine: dna078  Platform: Linux  PlatformVersion: 5.14.0-427.37.1.el9_4.x86_64  CompilerName: GCC  CompilerVersion: 8.4.0
ProgramName: mris_place_surface  ProgramArguments: mris_place_surface -all-info  ProgramVersion: 7.3.2  TimeStamp: 2026/03/06-07:01:11-GMT  BuildTime: Aug  4 2022 06:17:15  BuildStamp: freesurfer-linux-ubuntu22_x86_64-7.3.2-20220804-6354275  User: oesteban  Machine: dna078  Platform: Linux  PlatformVersion: 5.14.0-427.37.1.el9_4.x86_64  CompilerName: GCC  CompilerVersion: 8.4.0
ProgramName: mrisp_paint  ProgramArguments: mrisp_paint -all-info  ProgramVersion: 7.3.2  TimeStamp: 2026/03/06-07:01:11-GMT  BuildTime: Aug  4 2022 06:17:15  BuildStamp: freesurfer-linux-ubuntu22_x86_64-7.3.2-20220804-6354275  User: oesteban  Machine: dna078  Platform: Linux  PlatformVersion: 5.14.0-427.37.1.el9_4.x86_64  CompilerName: GCC  CompilerVersion: 8.4.0
ProgramName: mris_register  ProgramArguments: mris_register -all-info  ProgramVersion: 7.3.2  TimeStamp: 2026/03/06-07:01:11-GMT  BuildTime: Aug  4 2022 06:17:15  BuildStamp: freesurfer-linux-ubuntu22_x86_64-7.3.2-20220804-6354275  User: oesteban  Machine: dna078  Platform: Linux  PlatformVersion: 5.14.0-427.37.1.el9_4.x86_64  CompilerName: GCC  CompilerVersion: 8.4.0
ProgramName: mris_smooth  ProgramArguments: mris_smooth -all-info  ProgramVersion: 7.3.2  TimeStamp: 2026/03/06-07:01:11-GMT  BuildTime: Aug  4 2022 06:17:15  BuildStamp: freesurfer-linux-ubuntu22_x86_64-7.3.2-20220804-6354275  User: oesteban  Machine: dna078  Platform: Linux  PlatformVersion: 5.14.0-427.37.1.el9_4.x86_64  CompilerName: GCC  CompilerVersion: 8.4.0
ProgramName: mris_sphere  ProgramArguments: mris_sphere -all-info  ProgramVersion: 7.3.2  TimeStamp: 2026/03/06-07:01:11-GMT  BuildTime: Aug  4 2022 06:17:15  BuildStamp: freesurfer-linux-ubuntu22_x86_64-7.3.2-20220804-6354275  User: oesteban  Machine: dna078  Platform: Linux  PlatformVersion: 5.14.0-427.37.1.el9_4.x86_64  CompilerName: GCC  CompilerVersion: 8.4.0
ProgramName: mris_surface_stats  ProgramArguments: mris_surface_stats -all-info  ProgramVersion: 7.3.2  TimeStamp: 2026/03/06-07:01:11-GMT  BuildTime: Aug  4 2022 06:17:15  BuildStamp: freesurfer-linux-ubuntu22_x86_64-7.3.2-20220804-6354275  User: oesteban  Machine: dna078  Platform: Linux  PlatformVersion: 5.14.0-427.37.1.el9_4.x86_64  CompilerName: GCC  CompilerVersion: 8.4.0
ProgramName: mri_stats2seg  ProgramArguments: mri_stats2seg -all-info  ProgramVersion: 7.3.2  TimeStamp: 2026/03/06-07:01:11-GMT  BuildTime: Aug  4 2022 06:17:15  BuildStamp: freesurfer-linux-ubuntu22_x86_64-7.3.2-20220804-6354275  User: oesteban  Machine: dna078  Platform: Linux  PlatformVersion: 5.14.0-427.37.1.el9_4.x86_64  CompilerName: GCC  CompilerVersion: 8.4.0
ProgramName: mris_thickness  ProgramArguments: mris_thickness -all-info  ProgramVersion: 7.3.2  TimeStamp: 2026/03/06-07:01:11-GMT  BuildTime: Aug  4 2022 06:17:15  BuildStamp: freesurfer-linux-ubuntu22_x86_64-7.3.2-20220804-6354275  User: oesteban  Machine: dna078  Platform: Linux  PlatformVersion: 5.14.0-427.37.1.el9_4.x86_64  CompilerName: GCC  CompilerVersion: 8.4.0
ProgramName: mris_thickness_diff  ProgramArguments: mris_thickness_diff -all-info  ProgramVersion: 7.3.2  TimeStamp: 2026/03/06-07:01:11-GMT  BuildTime: Aug  4 2022 06:17:15  BuildStamp: freesurfer-linux-ubuntu22_x86_64-7.3.2-20220804-6354275  User: oesteban  Machine: dna078  Platform: Linux  PlatformVersion: 5.14.0-427.37.1.el9_4.x86_64  CompilerName: GCC  CompilerVersion: 8.4.0
ProgramName: mris_topo_fixer  ProgramArguments: mris_topo_fixer -all-info  ProgramVersion: 7.3.2  TimeStamp: 2026/03/06-07:01:11-GMT  BuildTime: Aug  4 2022 06:17:15  BuildStamp: freesurfer-linux-ubuntu22_x86_64-7.3.2-20220804-6354275  User: oesteban  Machine: dna078  Platform: Linux  PlatformVersion: 5.14.0-427.37.1.el9_4.x86_64  CompilerName: GCC  CompilerVersion: 8.4.0
ProgramName: mri_surf2surf  ProgramArguments: mri_surf2surf -all-info  ProgramVersion: 7.3.2  TimeStamp: 2026/03/06-07:01:11-GMT  BuildTime: Aug  4 2022 06:17:15  BuildStamp: freesurfer-linux-ubuntu22_x86_64-7.3.2-20220804-6354275  User: oesteban  Machine: dna078  Platform: Linux  PlatformVersion: 5.14.0-427.37.1.el9_4.x86_64  CompilerName: GCC  CompilerVersion: 8.4.0
ProgramName: mri_surf2vol  ProgramArguments: mri_surf2vol -all-info  ProgramVersion: 7.3.2  TimeStamp: 2026/03/06-07:01:11-GMT  BuildTime: Aug  4 2022 06:17:15  BuildStamp: freesurfer-linux-ubuntu22_x86_64-7.3.2-20220804-6354275  User: oesteban  Machine: dna078  Platform: Linux  PlatformVersion: 5.14.0-427.37.1.el9_4.x86_64  CompilerName: GCC  CompilerVersion: 8.4.0
ProgramName: mri_surfcluster  ProgramArguments: mri_surfcluster -all-info  ProgramVersion: 7.3.2  TimeStamp: 2026/03/06-07:01:11-GMT  BuildTime: Aug  4 2022 06:17:15  BuildStamp: freesurfer-linux-ubuntu22_x86_64-7.3.2-20220804-6354275  User: oesteban  Machine: dna078  Platform: Linux  PlatformVersion: 5.14.0-427.37.1.el9_4.x86_64  CompilerName: GCC  CompilerVersion: 8.4.0
ProgramName: mris_volmask  ProgramArguments: mris_volmask -all-info  ProgramVersion: 7.3.2  TimeStamp: 2026/03/06-07:01:11-GMT  BuildTime: Aug  4 2022 06:17:15  BuildStamp: freesurfer-linux-ubuntu22_x86_64-7.3.2-20220804-6354275  User: oesteban  Machine: dna078  Platform: Linux  PlatformVersion: 5.14.0-427.37.1.el9_4.x86_64  CompilerName: GCC  CompilerVersion: 8.4.0
ProgramName: mri_tessellate  ProgramArguments: mri_tessellate -all-info  ProgramVersion: 7.3.2  TimeStamp: 2026/03/06-07:01:11-GMT  BuildTime: Aug  4 2022 06:17:15  BuildStamp: freesurfer-linux-ubuntu22_x86_64-7.3.2-20220804-6354275  User: oesteban  Machine: dna078  Platform: Linux  PlatformVersion: 5.14.0-427.37.1.el9_4.x86_64  CompilerName: GCC  CompilerVersion: 8.4.0
ProgramName: mri_vol2surf  ProgramArguments: mri_vol2surf -all-info  ProgramVersion: 7.3.2  TimeStamp: 2026/03/06-07:01:11-GMT  BuildTime: Aug  4 2022 06:17:15  BuildStamp: freesurfer-linux-ubuntu22_x86_64-7.3.2-20220804-6354275  User: oesteban  Machine: dna078  Platform: Linux  PlatformVersion: 5.14.0-427.37.1.el9_4.x86_64  CompilerName: GCC  CompilerVersion: 8.4.0
ProgramName: mri_vol2vol  ProgramArguments: mri_vol2vol -all-info  ProgramVersion: 7.3.2  TimeStamp: 2026/03/06-07:01:11-GMT  BuildTime: Aug  4 2022 06:17:15  BuildStamp: freesurfer-linux-ubuntu22_x86_64-7.3.2-20220804-6354275  User: oesteban  Machine: dna078  Platform: Linux  PlatformVersion: 5.14.0-427.37.1.el9_4.x86_64  CompilerName: GCC  CompilerVersion: 8.4.0
ProgramName: mri_voldiff  ProgramArguments: mri_voldiff -all-info  ProgramVersion: 7.3.2  TimeStamp: 2026/03/06-07:01:11-GMT  BuildTime: Aug  4 2022 06:17:15  BuildStamp: freesurfer-linux-ubuntu22_x86_64-7.3.2-20220804-6354275  User: oesteban  Machine: dna078  Platform: Linux  PlatformVersion: 5.14.0-427.37.1.el9_4.x86_64  CompilerName: GCC  CompilerVersion: 8.4.0
ProgramName: mri_watershed  ProgramArguments: mri_watershed -all-info  ProgramVersion: 7.3.2  TimeStamp: 2026/03/06-07:01:11-GMT  BuildTime: Aug  4 2022 06:17:15  BuildStamp: freesurfer-linux-ubuntu22_x86_64-7.3.2-20220804-6354275  User: oesteban  Machine: dna078  Platform: Linux  PlatformVersion: 5.14.0-427.37.1.el9_4.x86_64  CompilerName: GCC  CompilerVersion: 8.4.0
ProgramName: tkregister2  ProgramArguments: tkregister2_cmdl -all-info  ProgramVersion: 7.3.2  TimeStamp: 2026/03/06-07:01:11-GMT  BuildTime: Aug  4 2022 06:17:15  BuildStamp: freesurfer-linux-ubuntu22_x86_64-7.3.2-20220804-6354275  User: oesteban  Machine: dna078  Platform: Linux  PlatformVersion: 5.14.0-427.37.1.el9_4.x86_64  CompilerName: GCC  CompilerVersion: 8.4.0
mri_motion_correct.fsl 7.3.2
mri_convert -all-info 
ProgramName: mri_convert  ProgramArguments: mri_convert -all-info  ProgramVersion: 7.3.2  TimeStamp: 2026/03/06-07:01:11-GMT  BuildTime: Aug  4 2022 06:17:15  BuildStamp: freesurfer-linux-ubuntu22_x86_64-7.3.2-20220804-6354275  User: oesteban  Machine: dna078  Platform: Linux  PlatformVersion: 5.14.0-427.37.1.el9_4.x86_64  CompilerName: GCC  CompilerVersion: 8.4.0
Program nu_correct, built from:
Package MNI N3, version 1.12.0, compiled by nicks@terrier (x86_64-unknown-linux-gnu) on 2015-06-19 at 01:25:34
#######################################
GCADIR /opt/freesurfer/average
GCA RB_all_2020-01-02.gca
GCASkull RB_all_withskull_2020_01_02.gca
AvgCurvTif folding.atlas.acfb40.noaparc.i12.2016-08-02.tif
GCSDIR /opt/freesurfer/average
GCS DKaparc.atlas.acfb40.noaparc.i12.2016-08-02.gcs
#######################################
#--------------------------------------------
#@# Tessellate lh Fri Mar  6 08:01:11 CET 2026
/out/sourcedata/freesurfer/sub-v1s10x0051006_ses-1/scripts

 mri_pretess ../mri/filled.mgz 255 ../mri/norm.mgz ../mri/filled-pretess255.mgz 


Iteration Number : 1
pass   1 (xy+):  11 found -  11 modified     |    TOTAL:  11
pass   2 (xy+):   0 found -  11 modified     |    TOTAL:  11
pass   1 (xy-):   2 found -   2 modified     |    TOTAL:  13
pass   2 (xy-):   0 found -   2 modified     |    TOTAL:  13
pass   1 (yz+):   3 found -   3 modified     |    TOTAL:  16
pass   2 (yz+):   0 found -   3 modified     |    TOTAL:  16
pass   1 (yz-):   4 found -   4 modified     |    TOTAL:  20
pass   2 (yz-):   0 found -   4 modified     |    TOTAL:  20
pass   1 (xz+):   5 found -   5 modified     |    TOTAL:  25
pass   2 (xz+):   0 found -   5 modified     |    TOTAL:  25
pass   1 (xz-):   0 found -   0 modified     |    TOTAL:  25
Iteration Number : 1
pass   1 (+++):   0 found -   0 modified     |    TOTAL:   0
pass   1 (+++):   2 found -   2 modified     |    TOTAL:   2
pass   2 (+++):   0 found -   2 modified     |    TOTAL:   2
pass   1 (+++):   0 found -   0 modified     |    TOTAL:   2
pass   1 (+++):   0 found -   0 modified     |    TOTAL:   2
Iteration Number : 1
pass   1 (++):   0 found -   0 modified     |    TOTAL:   0
pass   1 (+-):   1 found -   1 modified     |    TOTAL:   1
pass   2 (+-):   0 found -   1 modified     |    TOTAL:   1
pass   1 (--):   2 found -   2 modified     |    TOTAL:   3
pass   2 (--):   0 found -   2 modified     |    TOTAL:   3
pass   1 (-+):   2 found -   2 modified     |    TOTAL:   5
pass   2 (-+):   0 found -   2 modified     |    TOTAL:   5
Iteration Number : 2
pass   1 (xy+):   0 found -   0 modified     |    TOTAL:   0
pass   1 (xy-):   0 found -   0 modified     |    TOTAL:   0
pass   1 (yz+):   0 found -   0 modified     |    TOTAL:   0
pass   1 (yz-):   0 found -   0 modified     |    TOTAL:   0
pass   1 (xz+):   0 found -   0 modified     |    TOTAL:   0
pass   1 (xz-):   0 found -   0 modified     |    TOTAL:   0
Iteration Number : 2
pass   1 (+++):   0 found -   0 modified     |    TOTAL:   0
pass   1 (+++):   0 found -   0 modified     |    TOTAL:   0
pass   1 (+++):   0 found -   0 modified     |    TOTAL:   0
pass   1 (+++):   0 found -   0 modified     |    TOTAL:   0
Iteration Number : 2
pass   1 (++):   0 found -   0 modified     |    TOTAL:   0
pass   1 (+-):   0 found -   0 modified     |    TOTAL:   0
pass   1 (--):   0 found -   0 modified     |    TOTAL:   0
pass   1 (-+):   0 found -   0 modified     |    TOTAL:   0

Total Number of Modified Voxels = 32 (out of 239078: 0.013385)
Ambiguous edge configurations... 

mri_pretess done


 mri_tessellate ../mri/filled-pretess255.mgz 255 ../surf/lh.orig.nofix 

7.3.2
  7.3.2
slice 40: 109 vertices, 136 faces
slice 50: 3471 vertices, 3660 faces
slice 60: 11837 vertices, 12200 faces
slice 70: 23053 vertices, 23463 faces
slice 80: 34667 vertices, 35068 faces
slice 90: 45770 vertices, 46140 faces
slice 100: 57140 vertices, 57574 faces
slice 110: 68516 vertices, 68945 faces
slice 120: 79447 vertices, 79878 faces
slice 130: 89609 vertices, 89995 faces
slice 140: 99218 vertices, 99552 faces
slice 150: 107323 vertices, 107643 faces
slice 160: 115397 vertices, 115681 faces
slice 170: 121387 vertices, 121610 faces
slice 180: 125960 vertices, 126136 faces
slice 190: 128621 vertices, 128717 faces
slice 200: 128778 vertices, 128826 faces
slice 210: 128778 vertices, 128826 faces
slice 220: 128778 vertices, 128826 faces
slice 230: 128778 vertices, 128826 faces
slice 240: 128778 vertices, 128826 faces
slice 250: 128778 vertices, 128826 faces
using the conformed surface RAS to save vertex points...
writing ../surf/lh.orig.nofix
using vox2ras matrix:
-1.00000   0.00000   0.00000   128.00000;
 0.00000   0.00000   1.00000  -128.00000;
 0.00000  -1.00000   0.00000   128.00000;
 0.00000   0.00000   0.00000   1.00000;

 rm -f ../mri/filled-pretess255.mgz 


 mris_extract_main_component ../surf/lh.orig.nofix ../surf/lh.orig.nofix 


counting number of connected components...
   128778 voxel in cpt #1: X=-48 [v=128778,e=386478,f=257652] located at (-30.793257, -20.349586, -1.160299)
For the whole surface: X=-48 [v=128778,e=386478,f=257652]
One single component has been found
nothing to do
done

#--------------------------------------------
#@# Smooth1 lh Fri Mar  6 08:01:13 CET 2026
/out/sourcedata/freesurfer/sub-v1s10x0051006_ses-1/scripts

 mris_smooth -nw -seed 1234 ../surf/lh.orig.nofix ../surf/lh.smoothwm.nofix 

setting seed for random number generator to 1234
smoothing surface tessellation for 10 iterations...
smoothing complete - recomputing first and second fundamental forms...
#--------------------------------------------
#@# Inflation1 lh Fri Mar  6 08:01:16 CET 2026
/out/sourcedata/freesurfer/sub-v1s10x0051006_ses-1/scripts

 mris_inflate -no-save-sulc ../surf/lh.smoothwm.nofix ../surf/lh.inflated.nofix 

Not saving sulc
Reading ../surf/lh.smoothwm.nofix
avg radius = 45.0 mm, total surface area = 68368 mm^2
step 000: RMS=0.157 (target=0.015)   step 005: RMS=0.119 (target=0.015)   step 010: RMS=0.090 (target=0.015)   step 015: RMS=0.079 (target=0.015)   step 020: RMS=0.070 (target=0.015)   step 025: RMS=0.063 (target=0.015)   step 030: RMS=0.059 (target=0.015)   step 035: RMS=0.054 (target=0.015)   step 040: RMS=0.052 (target=0.015)   step 045: RMS=0.051 (target=0.015)   step 050: RMS=0.050 (target=0.015)   step 055: RMS=0.050 (target=0.015)   step 060: RMS=0.051 (target=0.015)   writing inflated surface to ../surf/lh.inflated.nofix
inflation took 0.2 minutes

inflation complete.
Not saving sulc
mris_inflate utimesec    61.272608
mris_inflate stimesec    1.405365
mris_inflate ru_maxrss   204612
mris_inflate ru_ixrss    0
mris_inflate ru_idrss    0
mris_inflate ru_isrss    0
mris_inflate ru_minflt   470508
mris_inflate ru_majflt   32
mris_inflate ru_nswap    0
mris_inflate ru_inblock  1672
mris_inflate ru_oublock  9064
mris_inflate ru_msgsnd   0
mris_inflate ru_msgrcv   0
mris_inflate ru_nsignals 0
mris_inflate ru_nvcsw    7327
mris_inflate ru_nivcsw   400
#--------------------------------------------
#@# QSphere lh Fri Mar  6 08:01:28 CET 2026
/out/sourcedata/freesurfer/sub-v1s10x0051006_ses-1/scripts

 mris_sphere -q -p 6 -a 128 -seed 1234 ../surf/lh.inflated.nofix ../surf/lh.qsphere.nofix 

doing quick spherical unfolding.
limitting unfolding to 6 passes
using n_averages = 128
setting seed for random number genererator to 1234
version: 7.3.2
available threads: 16
scaling brain by 0.332...
inflating...
projecting onto sphere...
surface projected - minimizing metric distortion...
vertex spacing 1.02 +- 0.60 (0.00-->7.13) (max @ vno 96457 --> 96458)
face area 0.03 +- 0.04 (-0.25-->0.83)
Entering MRISinflateToSphere()
inflating to sphere (rms error < 2.00)
000: dt: 0.0000, rms radial error=176.015, avgs=0
005/300: dt: 0.9000, rms radial error=175.757, avgs=0
010/300: dt: 0.9000, rms radial error=175.205, avgs=0
015/300: dt: 0.9000, rms radial error=174.479, avgs=0
020/300: dt: 0.9000, rms radial error=173.653, avgs=0
025/300: dt: 0.9000, rms radial error=172.769, avgs=0
030/300: dt: 0.9000, rms radial error=171.852, avgs=0
035/300: dt: 0.9000, rms radial error=170.917, avgs=0
040/300: dt: 0.9000, rms radial error=169.977, avgs=0
045/300: dt: 0.9000, rms radial error=169.037, avgs=0
050/300: dt: 0.9000, rms radial error=168.098, avgs=0
055/300: dt: 0.9000, rms radial error=167.160, avgs=0
060/300: dt: 0.9000, rms radial error=166.225, avgs=0
065/300: dt: 0.9000, rms radial error=165.295, avgs=0
070/300: dt: 0.9000, rms radial error=164.368, avgs=0
075/300: dt: 0.9000, rms radial error=163.445, avgs=0
080/300: dt: 0.9000, rms radial error=162.527, avgs=0
085/300: dt: 0.9000, rms radial error=161.613, avgs=0
090/300: dt: 0.9000, rms radial error=160.703, avgs=0
095/300: dt: 0.9000, rms radial error=159.797, avgs=0
100/300: dt: 0.9000, rms radial error=158.896, avgs=0
105/300: dt: 0.9000, rms radial error=158.000, avgs=0
110/300: dt: 0.9000, rms radial error=157.109, avgs=0
115/300: dt: 0.9000, rms radial error=156.222, avgs=0
120/300: dt: 0.9000, rms radial error=155.340, avgs=0
125/300: dt: 0.9000, rms radial error=154.463, avgs=0
130/300: dt: 0.9000, rms radial error=153.590, avgs=0
135/300: dt: 0.9000, rms radial error=152.722, avgs=0
140/300: dt: 0.9000, rms radial error=151.859, avgs=0
145/300: dt: 0.9000, rms radial error=151.000, avgs=0
150/300: dt: 0.9000, rms radial error=150.146, avgs=0
155/300: dt: 0.9000, rms radial error=149.296, avgs=0
160/300: dt: 0.9000, rms radial error=148.451, avgs=0
165/300: dt: 0.9000, rms radial error=147.610, avgs=0
170/300: dt: 0.9000, rms radial error=146.774, avgs=0
175/300: dt: 0.9000, rms radial error=145.943, avgs=0
180/300: dt: 0.9000, rms radial error=145.116, avgs=0
185/300: dt: 0.9000, rms radial error=144.293, avgs=0
190/300: dt: 0.9000, rms radial error=143.475, avgs=0
195/300: dt: 0.9000, rms radial error=142.662, avgs=0
200/300: dt: 0.9000, rms radial error=141.855, avgs=0
205/300: dt: 0.9000, rms radial error=141.051, avgs=0
210/300: dt: 0.9000, rms radial error=140.252, avgs=0
215/300: dt: 0.9000, rms radial error=139.458, avgs=0
220/300: dt: 0.9000, rms radial error=138.668, avgs=0
225/300: dt: 0.9000, rms radial error=137.882, avgs=0
230/300: dt: 0.9000, rms radial error=137.100, avgs=0
235/300: dt: 0.9000, rms radial error=136.323, avgs=0
240/300: dt: 0.9000, rms radial error=135.551, avgs=0
245/300: dt: 0.9000, rms radial error=134.783, avgs=0
250/300: dt: 0.9000, rms radial error=134.019, avgs=0
255/300: dt: 0.9000, rms radial error=133.260, avgs=0
260/300: dt: 0.9000, rms radial error=132.505, avgs=0
265/300: dt: 0.9000, rms radial error=131.755, avgs=0
270/300: dt: 0.9000, rms radial error=131.009, avgs=0
275/300: dt: 0.9000, rms radial error=130.267, avgs=0
280/300: dt: 0.9000, rms radial error=129.530, avgs=0
285/300: dt: 0.9000, rms radial error=128.797, avgs=0
290/300: dt: 0.9000, rms radial error=128.068, avgs=0
295/300: dt: 0.9000, rms radial error=127.344, avgs=0
300/300: dt: 0.9000, rms radial error=126.623, avgs=0

spherical inflation complete.
epoch 1 (K=10.0), pass 1, starting sse = 14734.39
taking momentum steps...
taking momentum steps...
taking momentum steps...
taking momentum steps...
pass 1 complete, delta sse/iter = 0.01/13 = 0.00045
epoch 2 (K=40.0), pass 1, starting sse = 2310.07
taking momentum steps...
taking momentum steps...
taking momentum steps...
taking momentum steps...
pass 1 complete, delta sse/iter = 0.00/13 = 0.00034
epoch 3 (K=160.0), pass 1, starting sse = 212.86
taking momentum steps...
taking momentum steps...
taking momentum steps...
taking momentum steps...
pass 1 complete, delta sse/iter = 0.09/15 = 0.00587
epoch 4 (K=640.0), pass 1, starting sse = 18.70
taking momentum steps...
taking momentum steps...
taking momentum steps...
taking momentum steps...
pass 1 complete, delta sse/iter = 0.06/17 = 0.00370
final distance error %100000.00
writing spherical brain to ../surf/lh.qsphere.nofix
spherical transformation took 0.0192 hours
FSRUNTIME@ mris_sphere  0.0192 hours 16 threads
#VMPC# mris_sphere VmPeak  1544760
mris_sphere done
#@# Fix Topology lh Fri Mar  6 08:02:37 CET 2026

 mris_fix_topology -mgz -sphere qsphere.nofix -inflated inflated.nofix -orig orig.nofix -out orig.premesh -ga -seed 1234 sub-v1s10x0051006_ses-1 lh 

reading spherical homeomorphism from 'qsphere.nofix'
reading inflated coordinates from 'inflated.nofix'
reading original coordinates from 'orig.nofix'
using genetic algorithm with optimized parameters
setting seed for random number genererator to 1234

*************************************************************
Topology Correction Parameters
retessellation mode:           genetic search
number of patches/generation : 10
number of generations :        10
surface mri loglikelihood coefficient :         1.0
volume mri loglikelihood coefficient :          10.0
normal dot loglikelihood coefficient :          1.0
quadratic curvature loglikelihood coefficient : 1.0
volume resolution :                             2
eliminate vertices during search :              1
initial patch selection :                       1
select all defect vertices :                    0
ordering dependant retessellation:              0
use precomputed edge table :                    0
smooth retessellated patch :                    2
match retessellated patch :                     1
verbose mode :                                  0

*************************************************************
INFO: assuming .mgz format
writing corrected surface to 'orig.premesh'
7.3.2
  7.3.2
before topology correction, eno=-48 (nv=128778, nf=257652, ne=386478, g=25)
using quasi-homeomorphic spherical map to tessellate cortical surface...

Correction of the Topology
Finding true center and radius of Spherical Surface...done
Surface centered at (0,0,0) with radius 100.0 in 9 iterations
marking ambiguous vertices...
11194 ambiguous faces found in tessellation
segmenting defects...
25 defects found, arbitrating ambiguous regions...
analyzing neighboring defects...
      -merging segment 9 into 1
      -merging segment 7 into 5
      -merging segment 8 into 6
      -merging segment 14 into 11
      -merging segment 16 into 11
      -merging segment 17 into 11
19 defects to be corrected 
0 vertices coincident
reading input surface /out/sourcedata/freesurfer/sub-v1s10x0051006_ses-1/surf/lh.qsphere.nofix...
reading brain volume from brain...
reading wm segmentation from wm...
Reading original properties of orig.nofix
Reading vertex positions of inflated.nofix
Computing Initial Surface Statistics
      -face       loglikelihood: -9.4000  (-4.7000)
      -vertex     loglikelihood: -6.5045  (-3.2522)
      -normal dot loglikelihood: -3.6033  (-3.6033)
      -quad curv  loglikelihood: -5.7521  (-2.8760)
      Total Loglikelihood : -25.2598
CORRECTING DEFECT 0 (vertices=36, convex hull=68, v0=12049)
After retessellation of defect 0 (v0=12049), euler #=-20 (122450,365936,243466) : difference with theory (-16) = 4 
CORRECTING DEFECT 1 (vertices=982, convex hull=582, v0=18199)
A large defect has been detected...
This often happens because cerebellum or dura has not been removed from wm.mgz.
This may cause recon-all to run very slowly or crash.
if so, see https://surfer.nmr.mgh.harvard.edu/fswiki/FsTutorial/TopologicalDefect_freeview
After retessellation of defect 1 (v0=18199), euler #=-19 (122759,367186,244408) : difference with theory (-15) = 4 
CORRECTING DEFECT 2 (vertices=364, convex hull=263, v0=20518)
After retessellation of defect 2 (v0=20518), euler #=-18 (122891,367715,244806) : difference with theory (-14) = 4 
CORRECTING DEFECT 3 (vertices=355, convex hull=126, v0=34407)
After retessellation of defect 3 (v0=34407), euler #=-17 (122932,367896,244947) : difference with theory (-13) = 4 
CORRECTING DEFECT 4 (vertices=78, convex hull=80, v0=36953)
After retessellation of defect 4 (v0=36953), euler #=-16 (122947,367978,245015) : difference with theory (-12) = 4 
CORRECTING DEFECT 5 (vertices=900, convex hull=411, v0=47766)
A large defect has been detected...
This often happens because cerebellum or dura has not been removed from wm.mgz.
This may cause recon-all to run very slowly or crash.
if so, see https://surfer.nmr.mgh.harvard.edu/fswiki/FsTutorial/TopologicalDefect_freeview
After retessellation of defect 5 (v0=47766), euler #=-14 (123166,368849,245669) : difference with theory (-11) = 3 
CORRECTING DEFECT 6 (vertices=33, convex hull=55, v0=49468)
After retessellation of defect 6 (v0=49468), euler #=-12 (123179,368909,245718) : difference with theory (-10) = 2 
CORRECTING DEFECT 7 (vertices=168, convex hull=51, v0=51570)
After retessellation of defect 7 (v0=51570), euler #=-11 (123191,368968,245766) : difference with theory (-9) = 2 
CORRECTING DEFECT 8 (vertices=812, convex hull=504, v0=51732)
A large defect has been detected...
This often happens because cerebellum or dura has not been removed from wm.mgz.
This may cause recon-all to run very slowly or crash.
if so, see https://surfer.nmr.mgh.harvard.edu/fswiki/FsTutorial/TopologicalDefect_freeview
After retessellation of defect 8 (v0=51732), euler #=-7 (123364,369741,246370) : difference with theory (-8) = -1 
CORRECTING DEFECT 9 (vertices=121, convex hull=47, v0=55258)
After retessellation of defect 9 (v0=55258), euler #=-6 (123376,369792,246410) : difference with theory (-7) = -1 
CORRECTING DEFECT 10 (vertices=18, convex hull=36, v0=56634)
After retessellation of defect 10 (v0=56634), euler #=-5 (123379,369813,246429) : difference with theory (-6) = -1 
CORRECTING DEFECT 11 (vertices=10, convex hull=23, v0=67196)
After retessellation of defect 11 (v0=67196), euler #=-4 (123381,369825,246440) : difference with theory (-5) = -1 
CORRECTING DEFECT 12 (vertices=17, convex hull=20, v0=80033)
After retessellation of defect 12 (v0=80033), euler #=-3 (123382,369832,246447) : difference with theory (-4) = -1 
CORRECTING DEFECT 13 (vertices=168, convex hull=43, v0=91380)
After retessellation of defect 13 (v0=91380), euler #=-2 (123391,369876,246483) : difference with theory (-3) = -1 
CORRECTING DEFECT 14 (vertices=1077, convex hull=212, v0=103619)
After retessellation of defect 14 (v0=103619), euler #=-1 (123432,370096,246663) : difference with theory (-2) = -1 
CORRECTING DEFECT 15 (vertices=40, convex hull=40, v0=105680)
After retessellation of defect 15 (v0=105680), euler #=-1 (123445,370153,246707) : difference with theory (-1) = 0 
CORRECTING DEFECT 16 (vertices=1098, convex hull=242, v0=107190)
After retessellation of defect 16 (v0=107190), euler #=0 (123559,370626,247067) : difference with theory (0) = 0 
CORRECTING DEFECT 17 (vertices=37, convex hull=65, v0=113351)
After retessellation of defect 17 (v0=113351), euler #=1 (123568,370681,247114) : difference with theory (1) = 0 
CORRECTING DEFECT 18 (vertices=33, convex hull=46, v0=119236)
After retessellation of defect 18 (v0=119236), euler #=2 (123578,370728,247152) : difference with theory (2) = 0 
computing original vertex metric properties...
storing new metric properties...
computing tessellation statistics...
vertex spacing 0.89 +- 0.23 (0.06-->12.20) (max @ vno 51403 --> 60680)
face area -nan +- -nan (1000.00-->-1.00)
performing soap bubble on retessellated vertices for 0 iterations...
vertex spacing 0.89 +- 0.23 (0.06-->12.20) (max @ vno 51403 --> 60680)
face area -nan +- -nan (1000.00-->-1.00)
tessellation finished, orienting corrected surface...
57 mutations (30.5%), 130 crossovers (69.5%), 368 vertices were eliminated
building final representation...
5200 vertices and 0 faces have been removed from triangulation
after topology correction, eno=2 (nv=123578, nf=247152, ne=370728, g=0)
writing corrected surface to /out/sourcedata/freesurfer/sub-v1s10x0051006_ses-1/surf/lh.orig.premesh...

0.000 % of the vertices (0 vertices) exhibit an orientation change
removing intersecting faces
000: 261 intersecting
001: 10 intersecting
terminating search with 0 intersecting
topology fixing took 3.7 minutes
FSRUNTIME@ mris_fix_topology lh  0.0612 hours 16 threads
#VMPC# mris_fix_topology VmPeak  1844824

 mris_euler_number ../surf/lh.orig.premesh 

euler # = v-e+f = 2g-2: 123578 - 370728 + 247152 = 2 --> 0 holes
      F =2V-4:          247152 = 247156-4 (0)
      2E=3F:            741456 = 741456 (0)

total defect index = 0
Fri Mar  6 08:06:18 CET 2026

setenv SUBJECTS_DIR /out/sourcedata/freesurfer
cd /out/sourcedata/freesurfer/sub-v1s10x0051006_ses-1/scripts
/opt/freesurfer/bin/defect2seg --s sub-v1s10x0051006_ses-1 --lh-only --cortex

freesurfer-linux-ubuntu22_x86_64-7.3.2-20220804-6354275
defect2seg 7.3.2
Linux dna078 5.14.0-427.37.1.el9_4.x86_64 #1 SMP PREEMPT_DYNAMIC Fri Sep 13 12:41:50 EDT 2024 x86_64 x86_64 x86_64 GNU/Linux
pid 3774610
mri_label2label --label-cortex /out/sourcedata/freesurfer/sub-v1s10x0051006_ses-1/surf/lh.orig.nofix /out/sourcedata/freesurfer/sub-v1s10x0051006_ses-1/mri/aseg.presurf.mgz 0 /out/sourcedata/freesurfer/sub-v1s10x0051006_ses-1/label/lh.nofix.cortex.label

 Generating cortex label... RemoveHipAmgy=0
 NucAccIsMedialWall=0
 mris->useRealRAS=0
12 non-cortical segments detected
only using segment with 7749 vertices
erasing segment 1 (vno[0] = 50609)
erasing segment 2 (vno[0] = 70752)
erasing segment 3 (vno[0] = 70763)
erasing segment 4 (vno[0] = 70807)
erasing segment 5 (vno[0] = 79445)
erasing segment 6 (vno[0] = 91374)
erasing segment 7 (vno[0] = 93268)
erasing segment 8 (vno[0] = 93358)
erasing segment 9 (vno[0] = 94444)
erasing segment 10 (vno[0] = 112155)
erasing segment 11 (vno[0] = 115035)
mri_label2vol --defects /out/sourcedata/freesurfer/sub-v1s10x0051006_ses-1/surf/lh.orig.nofix /out/sourcedata/freesurfer/sub-v1s10x0051006_ses-1/surf/lh.defect_labels /out/sourcedata/freesurfer/sub-v1s10x0051006_ses-1/mri/orig.mgz 1000 0 /out/sourcedata/freesurfer/sub-v1s10x0051006_ses-1/mri/lh.surface.defects.mgz /out/sourcedata/freesurfer/sub-v1s10x0051006_ses-1/label/lh.nofix.cortex.label
mri_label2vol supposed to be reproducible but seed not set
Contraining to label /out/sourcedata/freesurfer/sub-v1s10x0051006_ses-1/label/lh.nofix.cortex.label
Changing input type 0 to MRI_INT
Converting defects to volume: offset=1000, merge=0
Writing to /out/sourcedata/freesurfer/sub-v1s10x0051006_ses-1/mri/lh.surface.defects.mgz
mris_defects_pointset -s /out/sourcedata/freesurfer/sub-v1s10x0051006_ses-1/surf/lh.orig.nofix -d /out/sourcedata/freesurfer/sub-v1s10x0051006_ses-1/surf/lh.defect_labels -o /out/sourcedata/freesurfer/sub-v1s10x0051006_ses-1/surf/lh.defects.pointset --label /out/sourcedata/freesurfer/sub-v1s10x0051006_ses-1/label/lh.nofix.cortex.label
Reading in surface /out/sourcedata/freesurfer/sub-v1s10x0051006_ses-1/surf/lh.orig.nofix
Reading in defect segmentation /out/sourcedata/freesurfer/sub-v1s10x0051006_ses-1/surf/lh.defect_labels
Reading in label /out/sourcedata/freesurfer/sub-v1s10x0051006_ses-1/label/lh.nofix.cortex.label
#VMPC# mris_defects_pointset 1294604
mris_defects_pointset done
 
Started at Fri Mar 6 08:06:18 CET 2026 
Ended   at Fri Mar  6 08:06:29 CET 2026
Defect2seg-Run-Time-Sec 11
Defect2seg-Run-Time-Min 0.22
Defect2seg-Run-Time-Hours 0.00
 
tkmeditfv sub-v1s10x0051006_ses-1 brain.finalsurfs.mgz -defect
defect2seg Done

 mris_remesh --remesh --iters 3 --input /out/sourcedata/freesurfer/sub-v1s10x0051006_ses-1/surf/lh.orig.premesh --output /out/sourcedata/freesurfer/sub-v1s10x0051006_ses-1/surf/lh.orig 

iters = 3
standard remeshing without target
   adjusted l: 0.713528
remeshing to edge length 0.713528 with 3 iterations

avg qual before   : 0.887591  after: 0.971132

Removing intersections
Remeshed surface quality stats nv0 = 123578  nv = 128365  1.03874
Area    256726  0.30479  0.03381 0.088880   0.4547
Corner  770178 60.00000  8.80179 21.607308 136.1985
Edge    385089  0.84700  0.08270 0.459503   1.2351
Hinge   385089  9.57117 10.51195 0.000001 126.5920
mris_remesh done
/out/sourcedata/freesurfer/sub-v1s10x0051006_ses-1/scripts

 mris_remove_intersection ../surf/lh.orig ../surf/lh.orig 

intersection removal took 0.00 hours
writing corrected surface to ../surf/lh.orig

 rm -f ../surf/lh.inflated 

#--------------------------------------------
#@# AutoDetGWStats lh Fri Mar  6 08:06:54 CET 2026
cd /out/sourcedata/freesurfer/sub-v1s10x0051006_ses-1/mri
mris_autodet_gwstats --o ../surf/autodet.gw.stats.lh.dat --i brain.finalsurfs.mgz --wm wm.mgz --surf ../surf/lh.orig.premesh
7.3.2

cd /out/sourcedata/freesurfer/sub-v1s10x0051006_ses-1/mri
setenv SUBJECTS_DIR /out/sourcedata/freesurfer
mris_autodet_gwstats --o ../surf/autodet.gw.stats.lh.dat --i brain.finalsurfs.mgz --wm wm.mgz --surf ../surf/lh.orig.premesh 

border white:    230291 voxels (1.37%)
border gray      286502 voxels (1.71%)
Reading in intensity volume brain.finalsurfs.mgz
Reading in wm volume wm.mgz
Reading in surf ../surf/lh.orig.premesh
Auto detecting stats
MRIclipBrightWM(): nthresh=18483, wmmin=5, clip=110 
Binarizing thresholding at 5
computing class statistics... low=30, hi=110.000000
CCS WM (96.0): 96.6 +- 9.2 [70.0 --> 110.0]
CCS GM (67.0) : 67.5 +- 10.2 [30.0 --> 110.0]
white_mean = 96.5525 +/- 9.22873, gray_mean = 67.5194 +/- 10.2432
using class modes intead of means, discounting robust sigmas....
MRIScomputeClassModes(): min=0 max=212 nbins=213
intensity peaks found at WM=102+-8.7,    GM=62+-6.1
white_mode = 102, gray_mode = 62
std_scale = 1
Applying sanity checks, max_scale_down = 0.2
setting MIN_GRAY_AT_WHITE_BORDER to 51.8 (was 70.000000)
setting MAX_BORDER_WHITE to 111.2 (was 105.000000)
setting MIN_BORDER_WHITE to 62.0 (was 85.000000)
setting MAX_CSF to 41.5 (was 40.000000)
setting MAX_GRAY to 92.8 (was 95.000000)
setting MAX_GRAY_AT_CSF_BORDER to 51.8 (was 75.000000)
setting MIN_GRAY_AT_CSF_BORDER to 31.3 (was 40.000000)
When placing the white surface
  white_border_hi   = 111.229;
  white_border_low  = 62;
  white_outside_low = 51.7568;
  white_inside_hi   = 120;
  white_outside_hi  = 111.229;
When placing the pial surface
  pial_border_hi   = 51.7568;
  pial_border_low  = 31.2703;
  pial_outside_low = 10;
  pial_inside_hi   = 92.7713;
  pial_outside_hi  = 46.6351;
#VMPC# mris_autodet_gwstats VmPeak  1323076
mris_autodet_gwstats done
#--------------------------------------------
#@# WhitePreAparc lh Fri Mar  6 08:06:56 CET 2026
cd /out/sourcedata/freesurfer/sub-v1s10x0051006_ses-1/mri
mris_place_surface --adgws-in ../surf/autodet.gw.stats.lh.dat --wm wm.mgz --threads 16 --invol brain.finalsurfs.mgz --lh --i ../surf/lh.orig --o ../surf/lh.white.preaparc --white --seg aseg.presurf.mgz --nsmooth 5
7.3.2
7.3.2

cd /out/sourcedata/freesurfer/sub-v1s10x0051006_ses-1/mri
setenv SUBJECTS_DIR /out/sourcedata/freesurfer
mris_place_surface --adgws-in ../surf/autodet.gw.stats.lh.dat --wm wm.mgz --threads 16 --invol brain.finalsurfs.mgz --lh --i ../surf/lh.orig --o ../surf/lh.white.preaparc --white --seg aseg.presurf.mgz --nsmooth 5 

Reading in input surface ../surf/lh.orig
Smoothing surface before ripping with 5 iterations
Area    256726  0.26888  0.06477 0.006782   0.5622
Corner  770178 60.00000  9.72613 12.894753 140.8011
Edge    385089  0.79190  0.11710 0.078497   1.4507
Hinge   385089  6.36121  6.67983 0.000005 129.7717
Not reading in aparc
Reading in input volume brain.finalsurfs.mgz
Reading in wm volume wm.mgz
MRIclipBrightWM(): nthresh=18483, wmmin=5, clip=110 
MRIfindBrightNonWM(): 4387 bright non-wm voxels segmented.
Masking bright non-wm for white surface
MRImask(): AllowDiffGeom = 1
MRImask(): AllowDiffGeom = 1
Reading in seg volume aseg.presurf.mgz
Ripping frozen voxels
INFO: rip surface needed but not specified, so using input surface
Freezing midline and others
Entering: MRISripMidline(): inhibiting deformation at non-cortical midline structures...
  which=1, fix_mtl=0, using annot = 0
#FML0# MRISripMidline(): nripped=0
removing 2 vertices from ripped group in thread:0
removing 2 vertices from ripped group in thread:0
removing 4 vertices from ripped group in thread:0
removing 2 vertices from ripped group in thread:0
removing 4 vertices from ripped group in thread:0
#FML# MRISripMidline(): nmarked=6631, nmarked2=82, nripped=6631
Ripping segs (eg, WMSA, BG, frozen)
Starting MRISripSegs() d = (-2 2 0.5) segnos: 247 
MRISripSegs(): -2 2 0.5 ripped 0
vertex 64183: xyz = (-2.20739,-9.0646,-13.3965) oxyz = (-2.20739,-9.0646,-13.3965) wxzy = (-2.20739,-9.0646,-13.3965) pxyz = (0,0,0) 
CBVO Creating mask 128365
n_averages 4
Iteration 0 =========================================
n_averages=4, current_sigma=2
Freezing midline and others
Ripping frozen voxels
INFO: rip surface needed but not specified, so using input surface
Freezing midline and others
Entering: MRISripMidline(): inhibiting deformation at non-cortical midline structures...
  which=1, fix_mtl=0, using annot = 0
#FML0# MRISripMidline(): nripped=6631
removing 2 vertices from ripped group in thread:0
removing 2 vertices from ripped group in thread:0
removing 4 vertices from ripped group in thread:0
removing 2 vertices from ripped group in thread:0
removing 4 vertices from ripped group in thread:0
#FML# MRISripMidline(): nmarked=6631, nmarked2=82, nripped=6631
Ripping segs (eg, WMSA, BG, frozen)
Starting MRISripSegs() d = (-2 2 0.5) segnos: 247 247 
MRISripSegs(): -2 2 0.5 ripped 0
Computing target border values 
Entering MRIScomputeBorderValues_new(): 
  inside_hi   = 120.0000000;
  border_hi   = 111.2287370;
  border_low  =  62.0000000;
  outside_low =  51.7567630;
  outside_hi  = 111.2287370;
  sigma = 2;
  max_thickness = 10;
  step_size=0.5;
  STEP_SIZE=0.1;
  which = 1
  thresh = 0
  flags = 0
  CBVfindFirstPeakD1=0
  CBVfindFirstPeakD2=0
  nvertices=128365
  Gdiag_no=-1
  vno start=0, stop=128365
Replacing 255s with 0s
#SI# sigma=2 had to be increased for 205 vertices, nripped=6631
mean border=77.4, 195 (195) missing vertices, mean dist 0.2 [0.5 (%40.2)->0.7 (%59.8))]
%87 local maxima, % 8 large gradients and % 0 min vals, 0 gradients ignored
nFirstPeakD1 0
MRIScomputeBorderValues_new() finished in 0.0179 min


Finding expansion regions
mean absolute distance = 0.64 +- 0.75
4896 vertices more than 2 sigmas from mean.
Averaging target values for 5 iterations...
Positioning Surface: tspring = 0.3, nspring = 0.3, spring = 0, niters = 100 l_repulse = 5, l_surf_repulse = 0, checktol = 0
Positioning pial surface
Entering MRISpositionSurface()
  max_mm = 0.3
  MAX_REDUCTIONS = 2, REDUCTION_PCT = 0.5
  parms->check_tol = 0, niterations = 100
tol=1.0e-04, sigma=2.0, host=dna07, nav=4, nbrs=2, l_repulse=5.000, l_tspring=0.300, l_nspring=0.300, l_intensity=0.200, l_curv=1.000
mom=0.00, dt=0.50
complete_dist_mat 0
rms 0
smooth_averages 0
remove_neg 0
ico_order 0
which_surface 0
target_radius 0.000000
nfields 0
scale 0.000000
desired_rms_height 0.000000
momentum 0.000000
nbhd_size 0
max_nbrs 0
niterations 100
nsurfaces 0
SURFACES 3
flags 0 (0)
use curv 0
no sulc 0
no rigid align 0
mris->nsize 2
mris->hemisphere 0
randomSeed 0

000: dt: 0.0000, sse=3079597.5, rms=10.993
001: dt: 0.5000, sse=1585250.8, rms=7.718 (29.794%)
002: dt: 0.5000, sse=1012285.3, rms=5.996 (22.301%)
003: dt: 0.5000, sse=772307.2, rms=5.058 (15.644%)
004: dt: 0.5000, sse=645767.5, rms=4.479 (11.454%)
005: dt: 0.5000, sse=565988.9, rms=4.100 (8.467%)
006: dt: 0.5000, sse=517552.0, rms=3.890 (5.115%)
007: dt: 0.5000, sse=497307.8, rms=3.764 (3.230%)
008: dt: 0.5000, sse=486140.9, rms=3.697 (1.798%)
rms = 3.6620/3.6967, sse=492816.6/486140.9, time step reduction 1 of 3 to 0.250  0 1 1
009: dt: 0.5000, sse=492816.6, rms=3.662 (0.939%)
010: dt: 0.2500, sse=267109.5, rms=2.102 (42.588%)
011: dt: 0.2500, sse=252999.7, rms=1.738 (17.331%)
012: dt: 0.2500, sse=226293.9, rms=1.629 (6.249%)
013: dt: 0.2500, sse=213381.4, rms=1.563 (4.091%)
rms = 1.5310/1.5628, sse=215550.9/213381.4, time step reduction 2 of 3 to 0.125  0 1 1
014: dt: 0.2500, sse=215550.9, rms=1.531 (2.036%)
rms = 1.4484/1.5310, sse=215992.3/215550.9, time step reduction 3 of 3 to 0.062  0 1 0
015: dt: 0.1250, sse=215992.3, rms=1.448 (5.395%)
  maximum number of reductions reached, breaking from loop
positioning took 1.2 minutes
Iteration 1 =========================================
n_averages=2, current_sigma=1
Freezing midline and others
Ripping frozen voxels
INFO: rip surface needed but not specified, so using input surface
Freezing midline and others
Entering: MRISripMidline(): inhibiting deformation at non-cortical midline structures...
  which=1, fix_mtl=0, using annot = 0
#FML0# MRISripMidline(): nripped=6631
removing 2 vertices from ripped group in thread:0
removing 4 vertices from ripped group in thread:0
removing 4 vertices from ripped group in thread:0
#FML# MRISripMidline(): nmarked=6953, nmarked2=117, nripped=6953
Ripping segs (eg, WMSA, BG, frozen)
Starting MRISripSegs() d = (-2 2 0.5) segnos: 247 247 247 
MRISripSegs(): -2 2 0.5 ripped 0
Computing target border values 
Entering MRIScomputeBorderValues_new(): 
  inside_hi   = 120.0000000;
  border_hi   = 111.2287370;
  border_low  =  62.0000000;
  outside_low =  51.7567630;
  outside_hi  = 111.2287370;
  sigma = 1;
  max_thickness = 10;
  step_size=0.5;
  STEP_SIZE=0.1;
  which = 1
  thresh = 0
  flags = 0
  CBVfindFirstPeakD1=0
  CBVfindFirstPeakD2=0
  nvertices=128365
  Gdiag_no=-1
  vno start=0, stop=128365
Replacing 255s with 0s
#SI# sigma=1 had to be increased for 145 vertices, nripped=6953
mean border=79.9, 153 (66) missing vertices, mean dist -0.1 [0.3 (%72.7)->0.3 (%27.3))]
%90 local maxima, % 5 large gradients and % 0 min vals, 0 gradients ignored
nFirstPeakD1 0
MRIScomputeBorderValues_new() finished in 0.0077 min


Finding expansion regions
mean absolute distance = 0.27 +- 0.47
2434 vertices more than 2 sigmas from mean.
Averaging target values for 5 iterations...
Positioning Surface: tspring = 0.3, nspring = 0.3, spring = 0, niters = 100 l_repulse = 5, l_surf_repulse = 0, checktol = 0
Positioning pial surface
Entering MRISpositionSurface()
  max_mm = 0.3
  MAX_REDUCTIONS = 2, REDUCTION_PCT = 0.5
  parms->check_tol = 0, niterations = 100
tol=1.0e-04, sigma=1.0, host=dna07, nav=2, nbrs=2, l_repulse=5.000, l_tspring=0.300, l_nspring=0.300, l_intensity=0.200, l_curv=1.000
mom=0.00, dt=0.50
000: dt: 0.0000, sse=699131.2, rms=4.487
016: dt: 0.5000, sse=423551.5, rms=2.957 (34.091%)
rms = 3.3199/2.9571, sse=465283.2/423551.5, time step reduction 1 of 3 to 0.250  0 1 1
   RMS increased, rejecting step
017: dt: 0.2500, sse=301658.0, rms=2.061 (30.315%)
018: dt: 0.2500, sse=263550.4, rms=1.580 (23.336%)
019: dt: 0.2500, sse=247290.8, rms=1.380 (12.644%)
020: dt: 0.2500, sse=238635.9, rms=1.302 (5.657%)
rms = 1.2553/1.3020, sse=237093.1/238635.9, time step reduction 2 of 3 to 0.125  0 0 1
021: dt: 0.2500, sse=237093.0, rms=1.255 (3.590%)
022: dt: 0.1250, sse=232439.4, rms=1.189 (5.252%)
rms = 1.1754/1.1893, sse=234052.6/232439.4, time step reduction 3 of 3 to 0.062  0 1 1
023: dt: 0.1250, sse=234052.6, rms=1.175 (1.168%)
  maximum number of reductions reached, breaking from loop
positioning took 0.6 minutes
Iteration 2 =========================================
n_averages=1, current_sigma=0.5
Freezing midline and others
Ripping frozen voxels
INFO: rip surface needed but not specified, so using input surface
Freezing midline and others
Entering: MRISripMidline(): inhibiting deformation at non-cortical midline structures...
  which=1, fix_mtl=0, using annot = 0
#FML0# MRISripMidline(): nripped=6953
removing 2 vertices from ripped group in thread:0
removing 2 vertices from ripped group in thread:0
removing 2 vertices from ripped group in thread:0
removing 2 vertices from ripped group in thread:0
removing 2 vertices from ripped group in thread:0
removing 4 vertices from ripped group in thread:0
removing 1 vertices from ripped group in thread:0
#FML# MRISripMidline(): nmarked=7069, nmarked2=117, nripped=7069
Ripping segs (eg, WMSA, BG, frozen)
Starting MRISripSegs() d = (-2 2 0.5) segnos: 247 247 247 247 
MRISripSegs(): -2 2 0.5 ripped 0
Computing target border values 
Entering MRIScomputeBorderValues_new(): 
  inside_hi   = 120.0000000;
  border_hi   = 111.2287370;
  border_low  =  62.0000000;
  outside_low =  51.7567630;
  outside_hi  = 111.2287370;
  sigma = 0.5;
  max_thickness = 10;
  step_size=0.5;
  STEP_SIZE=0.1;
  which = 1
  thresh = 0
  flags = 0
  CBVfindFirstPeakD1=0
  CBVfindFirstPeakD2=0
  nvertices=128365
  Gdiag_no=-1
  vno start=0, stop=128365
Replacing 255s with 0s
#SI# sigma=0.5 had to be increased for 87 vertices, nripped=7069
mean border=81.2, 90 (20) missing vertices, mean dist -0.1 [0.2 (%63.2)->0.2 (%36.8))]
%91 local maxima, % 3 large gradients and % 0 min vals, 0 gradients ignored
nFirstPeakD1 0
MRIScomputeBorderValues_new() finished in 0.0045 min


Finding expansion regions
mean absolute distance = 0.20 +- 0.36
2765 vertices more than 2 sigmas from mean.
Averaging target values for 5 iterations...
Positioning Surface: tspring = 0.3, nspring = 0.3, spring = 0, niters = 100 l_repulse = 5, l_surf_repulse = 0, checktol = 0
Positioning pial surface
Entering MRISpositionSurface()
  max_mm = 0.3
  MAX_REDUCTIONS = 2, REDUCTION_PCT = 0.5
  parms->check_tol = 0, niterations = 100
tol=1.0e-04, sigma=0.5, host=dna07, nav=1, nbrs=2, l_repulse=5.000, l_tspring=0.300, l_nspring=0.300, l_intensity=0.200, l_curv=1.000
mom=0.00, dt=0.50
000: dt: 0.0000, sse=337176.8, rms=2.379
rms = 2.5968/2.3791, sse=367886.5/337176.8, time step reduction 1 of 3 to 0.250  0 1 1
   RMS increased, rejecting step
024: dt: 0.2500, sse=265051.0, rms=1.668 (29.906%)
025: dt: 0.2500, sse=236094.1, rms=1.211 (27.397%)
026: dt: 0.2500, sse=227318.6, rms=1.115 (7.868%)
rms = 1.0869/1.1155, sse=225231.0/227318.6, time step reduction 2 of 3 to 0.125  0 0 1
027: dt: 0.2500, sse=225231.0, rms=1.087 (2.557%)
028: dt: 0.1250, sse=221497.7, rms=1.036 (4.681%)
rms = 1.0316/1.0361, sse=222062.8/221497.7, time step reduction 3 of 3 to 0.062  0 1 1
029: dt: 0.1250, sse=222062.8, rms=1.032 (0.431%)
  maximum number of reductions reached, breaking from loop
positioning took 0.5 minutes
Iteration 3 =========================================
n_averages=0, current_sigma=0.25
Freezing midline and others
Ripping frozen voxels
INFO: rip surface needed but not specified, so using input surface
Freezing midline and others
Entering: MRISripMidline(): inhibiting deformation at non-cortical midline structures...
  which=1, fix_mtl=0, using annot = 0
#FML0# MRISripMidline(): nripped=7069
removing 1 vertices from ripped group in thread:0
removing 2 vertices from ripped group in thread:0
removing 2 vertices from ripped group in thread:0
removing 4 vertices from ripped group in thread:0
removing 2 vertices from ripped group in thread:0
removing 1 vertices from ripped group in thread:0
#FML# MRISripMidline(): nmarked=7124, nmarked2=117, nripped=7124
Ripping segs (eg, WMSA, BG, frozen)
Starting MRISripSegs() d = (-2 2 0.5) segnos: 247 247 247 247 247 
MRISripSegs(): -2 2 0.5 ripped 0
Computing target border values 
Entering MRIScomputeBorderValues_new(): 
  inside_hi   = 120.0000000;
  border_hi   = 111.2287370;
  border_low  =  62.0000000;
  outside_low =  51.7567630;
  outside_hi  = 111.2287370;
  sigma = 0.25;
  max_thickness = 10;
  step_size=0.5;
  STEP_SIZE=0.1;
  which = 1
  thresh = 0
  flags = 0
  CBVfindFirstPeakD1=0
  CBVfindFirstPeakD2=0
  nvertices=128365
  Gdiag_no=-1
  vno start=0, stop=128365
Replacing 255s with 0s
#SI# sigma=0.25 had to be increased for 93 vertices, nripped=7124
mean border=81.5, 110 (13) missing vertices, mean dist -0.0 [0.2 (%52.7)->0.2 (%47.3))]
%92 local maxima, % 2 large gradients and % 0 min vals, 0 gradients ignored
nFirstPeakD1 0
MRIScomputeBorderValues_new() finished in 0.0030 min


Finding expansion regions
mean absolute distance = 0.20 +- 0.32
2860 vertices more than 2 sigmas from mean.
Averaging target values for 5 iterations...
Positioning Surface: tspring = 0.3, nspring = 0.3, spring = 0, niters = 100 l_repulse = 5, l_surf_repulse = 0, checktol = 0
Positioning pial surface
Entering MRISpositionSurface()
  max_mm = 0.3
  MAX_REDUCTIONS = 2, REDUCTION_PCT = 0.5
  parms->check_tol = 0, niterations = 100
tol=1.0e-04, sigma=0.2, host=dna07, nav=0, nbrs=2, l_repulse=5.000, l_tspring=0.300, l_nspring=0.300, l_intensity=0.200, l_curv=1.000
mom=0.00, dt=0.50
000: dt: 0.0000, sse=236823.9, rms=1.311
rms = 1.5953/1.3113, sse=259502.9/236823.9, time step reduction 1 of 3 to 0.250  0 1 1
   RMS increased, rejecting step
030: dt: 0.2500, sse=217008.4, rms=0.939 (28.371%)
031: dt: 0.2500, sse=212036.4, rms=0.782 (16.703%)
rms = 0.7795/0.7824, sse=212398.6/212036.4, time step reduction 2 of 3 to 0.125  0 1 1
032: dt: 0.2500, sse=212398.6, rms=0.779 (0.372%)
rms = 0.7662/0.7795, sse=210591.6/212398.6, time step reduction 3 of 3 to 0.062  0 0 1
033: dt: 0.1250, sse=210591.6, rms=0.766 (1.708%)
  maximum number of reductions reached, breaking from loop
positioning took 0.3 minutes


Writing output to ../surf/lh.white.preaparc
#ET# mris_place_surface  2.68 minutes
#VMPC# mris_place_surfaces VmPeak  3077424
mris_place_surface done
#--------------------------------------------
#@# CortexLabel lh Fri Mar  6 08:09:42 CET 2026
cd /out/sourcedata/freesurfer/sub-v1s10x0051006_ses-1/mri
mri_label2label --label-cortex ../surf/lh.white.preaparc aseg.presurf.mgz 0 ../label/lh.cortex.label

 Generating cortex label... RemoveHipAmgy=0
 NucAccIsMedialWall=0
 mris->useRealRAS=0
7 non-cortical segments detected
only using segment with 8128 vertices
erasing segment 0 (vno[0] = 31729)
erasing segment 2 (vno[0] = 49384)
erasing segment 3 (vno[0] = 77295)
erasing segment 4 (vno[0] = 77300)
erasing segment 5 (vno[0] = 126978)
erasing segment 6 (vno[0] = 127474)
#--------------------------------------------
#@# CortexLabel+HipAmyg lh Fri Mar  6 08:09:51 CET 2026
cd /out/sourcedata/freesurfer/sub-v1s10x0051006_ses-1/mri
mri_label2label --label-cortex ../surf/lh.white.preaparc aseg.presurf.mgz 1 ../label/lh.cortex+hipamyg.label

 Generating cortex label... RemoveHipAmgy=1
 NucAccIsMedialWall=0
 mris->useRealRAS=0
16 non-cortical segments detected
only using segment with 5651 vertices
erasing segment 0 (vno[0] = 31729)
erasing segment 2 (vno[0] = 43824)
erasing segment 3 (vno[0] = 43839)
erasing segment 4 (vno[0] = 44811)
erasing segment 5 (vno[0] = 54464)
erasing segment 6 (vno[0] = 55399)
erasing segment 7 (vno[0] = 58964)
erasing segment 8 (vno[0] = 72120)
erasing segment 9 (vno[0] = 77295)
erasing segment 10 (vno[0] = 77300)
erasing segment 11 (vno[0] = 104841)
erasing segment 12 (vno[0] = 105784)
erasing segment 13 (vno[0] = 110155)
erasing segment 14 (vno[0] = 125101)
erasing segment 15 (vno[0] = 126978)
#--------------------------------------------
#@# Smooth2 lh Fri Mar  6 08:10:00 CET 2026
/out/sourcedata/freesurfer/sub-v1s10x0051006_ses-1/scripts

 mris_smooth -n 3 -nw -seed 1234 ../surf/lh.white.preaparc ../surf/lh.smoothwm 

smoothing for 3 iterations
setting seed for random number generator to 1234
smoothing surface tessellation for 3 iterations...
smoothing complete - recomputing first and second fundamental forms...
#--------------------------------------------
#@# Inflation2 lh Fri Mar  6 08:10:02 CET 2026
/out/sourcedata/freesurfer/sub-v1s10x0051006_ses-1/scripts

 mris_inflate ../surf/lh.smoothwm ../surf/lh.inflated 

Reading ../surf/lh.smoothwm
avg radius = 45.1 mm, total surface area = 81470 mm^2
step 000: RMS=0.172 (target=0.015)   step 005: RMS=0.115 (target=0.015)   step 010: RMS=0.087 (target=0.015)   step 015: RMS=0.073 (target=0.015)   step 020: RMS=0.060 (target=0.015)   step 025: RMS=0.049 (target=0.015)   step 030: RMS=0.041 (target=0.015)   step 035: RMS=0.034 (target=0.015)   step 040: RMS=0.029 (target=0.015)   step 045: RMS=0.025 (target=0.015)   step 050: RMS=0.022 (target=0.015)   step 055: RMS=0.020 (target=0.015)   step 060: RMS=0.019 (target=0.015)   writing inflated surface to ../surf/lh.inflated
writing sulcal depths to ../surf/lh.sulc

inflation complete.
inflation took 0.2 minutes
mris_inflate utimesec    75.173243
mris_inflate stimesec    0.882325
mris_inflate ru_maxrss   198372
mris_inflate ru_ixrss    0
mris_inflate ru_idrss    0
mris_inflate ru_isrss    0
mris_inflate ru_minflt   127468
mris_inflate ru_majflt   8
mris_inflate ru_nswap    0
mris_inflate ru_inblock  130
mris_inflate ru_oublock  10040
mris_inflate ru_msgsnd   0
mris_inflate ru_msgrcv   0
mris_inflate ru_nsignals 0
mris_inflate ru_nvcsw    9436
mris_inflate ru_nivcsw   769
#--------------------------------------------
#@# Curv .H and .K lh Fri Mar  6 08:10:15 CET 2026
/out/sourcedata/freesurfer/sub-v1s10x0051006_ses-1/surf

 mris_curvature -w -seed 1234 lh.white.preaparc 

setting seed for random number generator to 1234
total integrated curvature = 20.841*4pi (261.893) --> -20 handles
ICI = 137.9, FI = 1418.3, variation=22102.094
writing Gaussian curvature to ./lh.white.preaparc.K...done.
writing mean curvature to ./lh.white.preaparc.H...done.
rm -f lh.white.H
ln -s lh.white.preaparc.H lh.white.H
rm -f lh.white.K
ln -s lh.white.preaparc.K lh.white.K

 mris_curvature -seed 1234 -thresh .999 -n -a 5 -w -distances 10 10 lh.inflated 

setting seed for random number generator to 1234
normalizing curvature values.
averaging curvature patterns 5 times.
sampling 10 neighbors out to a distance of 10 mm
231 vertices thresholded to be in k1 ~ [-0.17 0.40], k2 ~ [-0.09 0.04]
total integrated curvature = 0.631*4pi (7.924) --> 0 handles
ICI = 1.6, FI = 8.9, variation=156.045
126 vertices thresholded to be in [-0.01 0.01]
writing Gaussian curvature to ./lh.inflated.K...thresholding curvature at 99.90% level
curvature mean = 0.000, std = 0.001
152 vertices thresholded to be in [-0.12 0.19]
done.
writing mean curvature to ./lh.inflated.H...curvature mean = -0.016, std = 0.022
done.
#--------------------------------------------
#@# Sphere lh Fri Mar  6 08:10:51 CET 2026
/out/sourcedata/freesurfer/sub-v1s10x0051006_ses-1/scripts

 mris_sphere -seed 1234 ../surf/lh.inflated ../surf/lh.sphere 

setting seed for random number genererator to 1234
version: 7.3.2
available threads: 16
reading original vertex positions...
projecting onto sphere...
surface projected - minimizing metric distortion...
scaling brain by 0.302...
MRISunfold() max_passes = 1 -------
tol=5.0e-01, sigma=0.0, host=dna07, nav=1024, nbrs=2, l_area=1.000, l_dist=1.000
using quadratic fit line minimization
complete_dist_mat 0
rms 0
smooth_averages 0
remove_neg 0
ico_order 0
which_surface 0
target_radius 0.000000
nfields 0
scale 1.000000
desired_rms_height -1.000000
momentum 0.900000
nbhd_size 7
max_nbrs 8
niterations 25
nsurfaces 0
SURFACES 3
flags 0 (0)
use curv 0
no sulc 0
no rigid align 0
mris->nsize 2
mris->hemisphere 0
randomSeed 1234

singular matrix in quadratic form
singular matrix in quadratic form
singular matrix in quadratic form
singular matrix in quadratic form
singular matrix in quadratic form
singular matrix in quadratic form
singular matrix in quadratic form
singular matrix in quadratic form
singular matrix in quadratic form
singular matrix in quadratic form
singular matrix in quadratic form
singular matrix in quadratic form
singular matrix in quadratic form
singular matrix in quadratic form
singular matrix in quadratic form
singular matrix in quadratic form
singular matrix in quadratic form
--------------------
  mrisRemoveNegativeArea()
pass 1: epoch 1 of 3 starting distance error %20.08
pass 1: epoch 2 of 3 starting distance error %20.08
unfolding complete - removing small folds...
starting distance error %20.05
removing remaining folds...
final distance error %20.05
MRISunfold() return, current seed 1234
-01: dt=0.0000, 109 negative triangles  VmPeak 1626732
100: dt=0.9900, 109 negative triangles
101: dt=0.9900,  40 negative triangles
102: dt=0.9900,  24 negative triangles
103: dt=0.9900,  26 negative triangles
104: dt=0.9900,  20 negative triangles
105: dt=0.9900,  22 negative triangles
106: dt=0.9900,  12 negative triangles
107: dt=0.9900,   7 negative triangles
108: dt=0.9900,   7 negative triangles
109: dt=0.9900,   8 negative triangles
110: dt=0.9900,   5 negative triangles
111: dt=0.9900,   4 negative triangles
112: dt=0.9900,   2 negative triangles
113: dt=0.9900,   1 negative triangles
writing spherical brain to ../surf/lh.sphere
spherical transformation took 0.0310 hours
FSRUNTIME@ mris_sphere  0.0310 hours 16 threads
#VMPC# mris_sphere VmPeak  1626732
mris_sphere done
#--------------------------------------------
#@# Surf Reg lh Fri Mar  6 08:12:43 CET 2026
/out/sourcedata/freesurfer/sub-v1s10x0051006_ses-1/scripts

 mris_register -curv ../surf/lh.sphere /opt/freesurfer/average/lh.folding.atlas.acfb40.noaparc.i12.2016-08-02.tif ../surf/lh.sphere.reg 

using smoothwm curvature for final alignment

cwd /out/sourcedata/freesurfer/sub-v1s10x0051006_ses-1/scripts
cmdline mris_register -curv ../surf/lh.sphere /opt/freesurfer/average/lh.folding.atlas.acfb40.noaparc.i12.2016-08-02.tif ../surf/lh.sphere.reg 

0 inflated.H
1 sulc
2 smoothwm (computed)
7.3.2
  7.3.2
reading surface from ../surf/lh.sphere...
reading template parameterization from /opt/freesurfer/average/lh.folding.atlas.acfb40.noaparc.i12.2016-08-02.tif...
MRISregister() -------
max_passes = 4 
min_degrees = 0.500000 
max_degrees = 64.000000 
nangles = 8 
tol=5.0e-01, sigma=0.0, host=dna07, nav=1024, nbrs=1, l_extern=10000.000, l_parea=0.200, l_nlarea=1.000, l_corr=1.000, l_dist=5.000
using quadratic fit line minimization
complete_dist_mat 0
rms 0
smooth_averages 0
remove_neg 0
ico_order 0
which_surface 0
target_radius 0.000000
nfields 0
scale 0.000000
desired_rms_height -1.000000
momentum 0.950000
nbhd_size -10
max_nbrs 10
niterations 25
nsurfaces 0
SURFACES 3
flags 16 (10)
use curv 16
no sulc 0
no rigid align 0
mris->nsize 1
mris->hemisphere 0
randomSeed 0

tol=5.0e-01, sigma=0.0, host=dna07, nav=1024, nbrs=1, l_extern=10000.000, l_parea=0.200, l_nlarea=1.000, l_corr=1.000, l_dist=5.000
using quadratic fit line minimization
--------------------
1 Reading lh.sulc
tol=1.0e+00, sigma=0.5, host=dna07, nav=1024, nbrs=1, l_extern=10000.000, l_parea=0.200, l_nlarea=1.000, l_corr=0.050, l_spring=0.500, l_dist=5.000
using quadratic fit line minimization
curvature mean = 0.000, std = 5.668
curvature mean = 0.029, std = 0.821
curvature mean = 0.006, std = 0.869
Starting MRISrigidBodyAlignGlobal()
Starting new MRISrigidBodyAlignGlobal_findMinSSE()
  new MRISrigidBodyAlignGlobal_findMinSSE min @ (0.00, -1.00, -5.00) sse = 206320.2, elapsed since starting=0.0568 min
MRISrigidBodyAlignGlobal() done   0.06 min
curvature mean = 0.011, std = 0.837
curvature mean = 0.002, std = 0.948
curvature mean = 0.007, std = 0.846
curvature mean = 0.001, std = 0.979
curvature mean = 0.007, std = 0.849
curvature mean = 0.000, std = 0.992
2 Reading smoothwm
curvature mean = -0.016, std = 0.266
curvature mean = 0.045, std = 0.246
curvature mean = 0.045, std = 0.368
curvature mean = 0.043, std = 0.304
curvature mean = 0.026, std = 0.570
curvature mean = 0.043, std = 0.331
curvature mean = 0.014, std = 0.712
curvature mean = 0.042, std = 0.343
curvature mean = 0.004, std = 0.819
MRISregister() return, current seed 0
writing registered surface to ../surf/lh.sphere.reg...
-01: dt=0.0000,   0 negative triangles  VmPeak 1587396
registration took 0.05 hours
#VMPC# mris_register VmPeak  1587396
FSRUNTIME@ mris_register  0.0481 hours 16 threads

 ln -sf lh.sphere.reg lh.fsaverage.sphere.reg 

#--------------------------------------------
#@# Jacobian white lh Fri Mar  6 08:15:36 CET 2026
/out/sourcedata/freesurfer/sub-v1s10x0051006_ses-1/scripts

 mris_jacobian ../surf/lh.white.preaparc ../surf/lh.sphere.reg ../surf/lh.jacobian_white 

reading surface from ../surf/lh.white.preaparc...
writing curvature file ../surf/lh.jacobian_white
#--------------------------------------------
#@# AvgCurv lh Fri Mar  6 08:15:37 CET 2026
/out/sourcedata/freesurfer/sub-v1s10x0051006_ses-1/scripts

 mrisp_paint -a 5 /opt/freesurfer/average/lh.folding.atlas.acfb40.noaparc.i12.2016-08-02.tif#6 ../surf/lh.sphere.reg ../surf/lh.avg_curv 

averaging curvature patterns 5 times...
reading surface from ../surf/lh.sphere.reg...
reading template parameterization from /opt/freesurfer/average/lh.folding.atlas.acfb40.noaparc.i12.2016-08-02.tif...
writing curvature file to ../surf/lh.avg_curv...
#-----------------------------------------
#@# Cortical Parc lh Fri Mar  6 08:15:38 CET 2026
/out/sourcedata/freesurfer/sub-v1s10x0051006_ses-1/scripts

 mris_ca_label -l ../label/lh.cortex.label -aseg ../mri/aseg.presurf.mgz -seed 1234 sub-v1s10x0051006_ses-1 lh ../surf/lh.sphere.reg /opt/freesurfer/average/lh.DKaparc.atlas.acfb40.noaparc.i12.2016-08-02.gcs ../label/lh.aparc.annot 

setting seed for random number generator to 1234
using ../mri/aseg.presurf.mgz aseg volume to correct midline
7.3.2
  7.3.2
reading atlas from /opt/freesurfer/average/lh.DKaparc.atlas.acfb40.noaparc.i12.2016-08-02.gcs...
reading color table from GCSA file....
average std = 0.8   using min determinant for regularization = 0.006
0 singular and 342 ill-conditioned covariance matrices regularized
input 0: MEAN CURVATURE, flags 0, avgs 5, name mean_curvature
labeling surface...
1043 labels changed using aseg
relabeling using gibbs priors...
000:   3005 changed, 128365 examined...
001:    688 changed, 12840 examined...
002:    199 changed, 3867 examined...
003:     56 changed, 1197 examined...
004:     18 changed, 339 examined...
005:      9 changed, 125 examined...
006:      4 changed, 57 examined...
007:      4 changed, 23 examined...
008:      0 changed, 16 examined...
235 labels changed using aseg
000: 107 total segments, 61 labels (118 vertices) changed
001: 49 total segments, 3 labels (3 vertices) changed
002: 46 total segments, 0 labels (0 vertices) changed
10 filter iterations complete (10 requested, 2 changed)
rationalizing unknown annotations with cortex label
relabeling unknown label...
relabeling corpuscallosum label...
1587 vertices marked for relabeling...
1587 labels changed in reclassification.
writing output to ../label/lh.aparc.annot...
classification took 0 minutes and 8 seconds.
#--------------------------------------------
#@# WhiteSurfs lh Fri Mar  6 08:15:45 CET 2026
cd /out/sourcedata/freesurfer/sub-v1s10x0051006_ses-1/mri
mris_place_surface --adgws-in ../surf/autodet.gw.stats.lh.dat --seg aseg.presurf.mgz --threads 16 --wm wm.mgz --invol brain.finalsurfs.mgz --lh --i ../surf/lh.white.preaparc --o ../surf/lh.white --white --nsmooth 0 --rip-label ../label/lh.cortex.label --rip-bg --rip-surf ../surf/lh.white.preaparc --aparc ../label/lh.aparc.annot
7.3.2
7.3.2

cd /out/sourcedata/freesurfer/sub-v1s10x0051006_ses-1/mri
setenv SUBJECTS_DIR /out/sourcedata/freesurfer
mris_place_surface --adgws-in ../surf/autodet.gw.stats.lh.dat --seg aseg.presurf.mgz --threads 16 --wm wm.mgz --invol brain.finalsurfs.mgz --lh --i ../surf/lh.white.preaparc --o ../surf/lh.white --white --nsmooth 0 --rip-label ../label/lh.cortex.label --rip-bg --rip-surf ../surf/lh.white.preaparc --aparc ../label/lh.aparc.annot 

Reading in input surface ../surf/lh.white.preaparc
Not smoothing input surface
Area    256726  0.34936  0.12656 0.000766   2.2175
Corner  770178 60.00000 13.81225 0.117349 178.7474
Edge    385089  0.90960  0.20931 0.026295   3.5968
Hinge   385089  9.57957 11.14238 0.000020 179.9648
Reading in aparc ../label/lh.aparc.annot
Reading in input volume brain.finalsurfs.mgz
Reading in wm volume wm.mgz
MRIclipBrightWM(): nthresh=18483, wmmin=5, clip=110 
MRIfindBrightNonWM(): 4387 bright non-wm voxels segmented.
Masking bright non-wm for white surface
MRImask(): AllowDiffGeom = 1
MRImask(): AllowDiffGeom = 1
Reading in seg volume aseg.presurf.mgz
Ripping frozen voxels
Ripping vertices not in label ../label/lh.cortex.label
MRISripNotLabel() ripped 8464/128365 vertices (119901 unripped)
Reading in ripping surface ../surf/lh.white.preaparc
Reading in aparc ../label/lh.aparc.annot for ripsurf
Ripping BG
MRISripBasalGanglia(): 1 -2 2 0.5 ripped 615
Ripping segs (eg, WMSA, BG, frozen)
Starting MRISripSegs() d = (-2 2 0.5) segnos: 247 
MRISripSegs(): -2 2 0.5 ripped 0
vertex 64183: xyz = (-2.20739,-9.0646,-13.3965) oxyz = (-2.20739,-9.0646,-13.3965) wxzy = (-2.20739,-9.0646,-13.3965) pxyz = (0,0,0) 
CBVO Creating mask 128365
n_averages 4
Iteration 0 =========================================
n_averages=4, current_sigma=2
Computing target border values 
Entering MRIScomputeBorderValues_new(): 
  inside_hi   = 120.0000000;
  border_hi   = 111.2287370;
  border_low  =  62.0000000;
  outside_low =  51.7567630;
  outside_hi  = 111.2287370;
  sigma = 2;
  max_thickness = 10;
  step_size=0.5;
  STEP_SIZE=0.1;
  which = 1
  thresh = 0
  flags = 0
  CBVfindFirstPeakD1=0
  CBVfindFirstPeakD2=0
  nvertices=128365
  Gdiag_no=-1
  vno start=0, stop=128365
Replacing 255s with 0s
#SI# sigma=2 had to be increased for 210 vertices, nripped=9079
mean border=76.3, 103 (103) missing vertices, mean dist 0.3 [0.5 (%21.1)->0.5 (%78.9))]
%82 local maxima, %11 large gradients and % 0 min vals, 0 gradients ignored
nFirstPeakD1 0
MRIScomputeBorderValues_new() finished in 0.0130 min


Finding expansion regions
mean absolute distance = 0.47 +- 0.75
2715 vertices more than 2 sigmas from mean.
Averaging target values for 5 iterations...
Positioning Surface: tspring = 0.3, nspring = 0.3, spring = 0, niters = 100 l_repulse = 5, l_surf_repulse = 0, checktol = 0
Positioning pial surface
Entering MRISpositionSurface()
  max_mm = 0.3
  MAX_REDUCTIONS = 2, REDUCTION_PCT = 0.5
  parms->check_tol = 0, niterations = 100
tol=1.0e-04, sigma=2.0, host=dna07, nav=4, nbrs=2, l_repulse=5.000, l_tspring=0.300, l_nspring=0.300, l_intensity=0.200, l_curv=1.000
mom=0.00, dt=0.50
complete_dist_mat 0
rms 0
smooth_averages 0
remove_neg 0
ico_order 0
which_surface 0
target_radius 0.000000
nfields 0
scale 0.000000
desired_rms_height 0.000000
momentum 0.000000
nbhd_size 0
max_nbrs 0
niterations 100
nsurfaces 0
SURFACES 3
flags 0 (0)
use curv 0
no sulc 0
no rigid align 0
mris->nsize 2
mris->hemisphere 0
randomSeed 0

000: dt: 0.0000, sse=1449259.8, rms=7.270
001: dt: 0.5000, sse=616328.0, rms=4.232 (41.786%)
002: dt: 0.5000, sse=487901.2, rms=3.556 (15.982%)
003: dt: 0.5000, sse=469049.3, rms=3.435 (3.383%)
004: dt: 0.5000, sse=456777.6, rms=3.344 (2.657%)
rms = 3.3766/3.3440, sse=460766.5/456777.6, time step reduction 1 of 3 to 0.250  0 1 1
   RMS increased, rejecting step
005: dt: 0.2500, sse=306496.0, rms=2.209 (33.929%)
006: dt: 0.2500, sse=252720.2, rms=1.618 (26.766%)
007: dt: 0.2500, sse=240505.4, rms=1.438 (11.142%)
008: dt: 0.2500, sse=237157.2, rms=1.385 (3.659%)
rms = 1.3499/1.3852, sse=235617.1/237157.2, time step reduction 2 of 3 to 0.125  0 0 1
009: dt: 0.2500, sse=235617.1, rms=1.350 (2.543%)
rms = 1.3003/1.3499, sse=232728.8/235617.1, time step reduction 3 of 3 to 0.062  0 0 1
010: dt: 0.1250, sse=232728.8, rms=1.300 (3.677%)
  maximum number of reductions reached, breaking from loop
positioning took 0.8 minutes
Iteration 1 =========================================
n_averages=2, current_sigma=1
Computing target border values 
Entering MRIScomputeBorderValues_new(): 
  inside_hi   = 120.0000000;
  border_hi   = 111.2287370;
  border_low  =  62.0000000;
  outside_low =  51.7567630;
  outside_hi  = 111.2287370;
  sigma = 1;
  max_thickness = 10;
  step_size=0.5;
  STEP_SIZE=0.1;
  which = 1
  thresh = 0
  flags = 0
  CBVfindFirstPeakD1=0
  CBVfindFirstPeakD2=0
  nvertices=128365
  Gdiag_no=-1
  vno start=0, stop=128365
Replacing 255s with 0s
#SI# sigma=1 had to be increased for 138 vertices, nripped=9079
mean border=79.5, 119 (40) missing vertices, mean dist -0.2 [0.3 (%77.1)->0.2 (%22.9))]
%88 local maxima, % 5 large gradients and % 0 min vals, 0 gradients ignored
nFirstPeakD1 0
MRIScomputeBorderValues_new() finished in 0.0081 min


Finding expansion regions
mean absolute distance = 0.29 +- 0.49
2047 vertices more than 2 sigmas from mean.
Averaging target values for 5 iterations...
Positioning Surface: tspring = 0.3, nspring = 0.3, spring = 0, niters = 100 l_repulse = 5, l_surf_repulse = 0, checktol = 0
Positioning pial surface
Entering MRISpositionSurface()
  max_mm = 0.3
  MAX_REDUCTIONS = 2, REDUCTION_PCT = 0.5
  parms->check_tol = 0, niterations = 100
tol=1.0e-04, sigma=1.0, host=dna07, nav=2, nbrs=2, l_repulse=5.000, l_tspring=0.300, l_nspring=0.300, l_intensity=0.200, l_curv=1.000
mom=0.00, dt=0.50
000: dt: 0.0000, sse=689665.7, rms=4.515
011: dt: 0.5000, sse=388318.0, rms=2.779 (38.457%)
rms = 3.1302/2.7786, sse=436117.7/388318.0, time step reduction 1 of 3 to 0.250  0 1 1
   RMS increased, rejecting step
012: dt: 0.2500, sse=289800.2, rms=1.900 (31.612%)
013: dt: 0.2500, sse=250444.9, rms=1.405 (26.066%)
014: dt: 0.2500, sse=238734.0, rms=1.208 (14.008%)
015: dt: 0.2500, sse=234948.2, rms=1.144 (5.303%)
rms = 1.1084/1.1441, sse=233434.2/234948.2, time step reduction 2 of 3 to 0.125  0 0 1
016: dt: 0.2500, sse=233434.2, rms=1.108 (3.115%)
017: dt: 0.1250, sse=230911.2, rms=1.057 (4.632%)
rms = 1.0538/1.0571, sse=231224.7/230911.2, time step reduction 3 of 3 to 0.062  0 1 1
018: dt: 0.1250, sse=231224.7, rms=1.054 (0.312%)
  maximum number of reductions reached, breaking from loop
positioning took 0.6 minutes
Iteration 2 =========================================
n_averages=1, current_sigma=0.5
Computing target border values 
Entering MRIScomputeBorderValues_new(): 
  inside_hi   = 120.0000000;
  border_hi   = 111.2287370;
  border_low  =  62.0000000;
  outside_low =  51.7567630;
  outside_hi  = 111.2287370;
  sigma = 0.5;
  max_thickness = 10;
  step_size=0.5;
  STEP_SIZE=0.1;
  which = 1
  thresh = 0
  flags = 0
  CBVfindFirstPeakD1=0
  CBVfindFirstPeakD2=0
  nvertices=128365
  Gdiag_no=-1
  vno start=0, stop=128365
Replacing 255s with 0s
#SI# sigma=0.5 had to be increased for 106 vertices, nripped=9079
mean border=80.9, 119 (27) missing vertices, mean dist -0.1 [0.2 (%64.4)->0.2 (%35.6))]
%90 local maxima, % 3 large gradients and % 0 min vals, 0 gradients ignored
nFirstPeakD1 0
MRIScomputeBorderValues_new() finished in 0.0045 min


Finding expansion regions
mean absolute distance = 0.21 +- 0.38
2375 vertices more than 2 sigmas from mean.
Averaging target values for 5 iterations...
Positioning Surface: tspring = 0.3, nspring = 0.3, spring = 0, niters = 100 l_repulse = 5, l_surf_repulse = 0, checktol = 0
Positioning pial surface
Entering MRISpositionSurface()
  max_mm = 0.3
  MAX_REDUCTIONS = 2, REDUCTION_PCT = 0.5
  parms->check_tol = 0, niterations = 100
tol=1.0e-04, sigma=0.5, host=dna07, nav=1, nbrs=2, l_repulse=5.000, l_tspring=0.300, l_nspring=0.300, l_intensity=0.200, l_curv=1.000
mom=0.00, dt=0.50
000: dt: 0.0000, sse=335420.7, rms=2.386
rms = 2.5494/2.3861, sse=363786.8/335420.7, time step reduction 1 of 3 to 0.250  0 1 1
   RMS increased, rejecting step
019: dt: 0.2500, sse=265222.2, rms=1.647 (30.996%)
020: dt: 0.2500, sse=234895.5, rms=1.133 (31.217%)
021: dt: 0.2500, sse=227342.3, rms=1.015 (10.388%)
rms = 0.9850/1.0149, sse=225798.2/227342.3, time step reduction 2 of 3 to 0.125  0 0 1
022: dt: 0.2500, sse=225798.2, rms=0.985 (2.941%)
rms = 0.9455/0.9850, sse=224514.3/225798.2, time step reduction 3 of 3 to 0.062  0 0 1
023: dt: 0.1250, sse=224514.3, rms=0.945 (4.012%)
  maximum number of reductions reached, breaking from loop
positioning took 0.4 minutes
Iteration 3 =========================================
n_averages=0, current_sigma=0.25
Computing target border values 
Entering MRIScomputeBorderValues_new(): 
  inside_hi   = 120.0000000;
  border_hi   = 111.2287370;
  border_low  =  62.0000000;
  outside_low =  51.7567630;
  outside_hi  = 111.2287370;
  sigma = 0.25;
  max_thickness = 10;
  step_size=0.5;
  STEP_SIZE=0.1;
  which = 1
  thresh = 0
  flags = 0
  CBVfindFirstPeakD1=0
  CBVfindFirstPeakD2=0
  nvertices=128365
  Gdiag_no=-1
  vno start=0, stop=128365
Replacing 255s with 0s
#SI# sigma=0.25 had to be increased for 93 vertices, nripped=9079
mean border=81.3, 136 (25) missing vertices, mean dist -0.0 [0.2 (%53.3)->0.2 (%46.7))]
%91 local maxima, % 2 large gradients and % 0 min vals, 0 gradients ignored
nFirstPeakD1 0
MRIScomputeBorderValues_new() finished in 0.0029 min


Finding expansion regions
mean absolute distance = 0.20 +- 0.33
2335 vertices more than 2 sigmas from mean.
Averaging target values for 5 iterations...
Positioning Surface: tspring = 0.3, nspring = 0.3, spring = 0, niters = 100 l_repulse = 5, l_surf_repulse = 0, checktol = 0
Positioning pial surface
Entering MRISpositionSurface()
  max_mm = 0.3
  MAX_REDUCTIONS = 2, REDUCTION_PCT = 0.5
  parms->check_tol = 0, niterations = 100
tol=1.0e-04, sigma=0.2, host=dna07, nav=0, nbrs=2, l_repulse=5.000, l_tspring=0.300, l_nspring=0.300, l_intensity=0.200, l_curv=1.000
mom=0.00, dt=0.50
000: dt: 0.0000, sse=240122.9, rms=1.279
rms = 1.5580/1.2789, sse=264897.0/240122.9, time step reduction 1 of 3 to 0.250  0 1 1
   RMS increased, rejecting step
024: dt: 0.2500, sse=219892.9, rms=0.908 (29.035%)
025: dt: 0.2500, sse=216374.2, rms=0.745 (17.914%)
rms = 0.7373/0.7450, sse=214734.6/216374.2, time step reduction 2 of 3 to 0.125  0 0 1
026: dt: 0.2500, sse=214734.6, rms=0.737 (1.026%)
rms = 0.7294/0.7373, sse=213466.4/214734.6, time step reduction 3 of 3 to 0.062  0 0 1
027: dt: 0.1250, sse=213466.4, rms=0.729 (1.074%)
  maximum number of reductions reached, breaking from loop
positioning took 0.3 minutes


Writing output to ../surf/lh.white
#ET# mris_place_surface  2.22 minutes
#VMPC# mris_place_surfaces VmPeak  2991460
mris_place_surface done
#--------------------------------------------
#@# T1PialSurf lh Fri Mar  6 08:18:04 CET 2026
cd /out/sourcedata/freesurfer/sub-v1s10x0051006_ses-1/mri
mris_place_surface --adgws-in ../surf/autodet.gw.stats.lh.dat --seg aseg.presurf.mgz --threads 16 --wm wm.mgz --invol brain.finalsurfs.mgz --lh --i ../surf/lh.white --o ../surf/lh.pial.T1 --pial --nsmooth 0 --rip-label ../label/lh.cortex+hipamyg.label --pin-medial-wall ../label/lh.cortex.label --aparc ../label/lh.aparc.annot --repulse-surf ../surf/lh.white --white-surf ../surf/lh.white
7.3.2
7.3.2

cd /out/sourcedata/freesurfer/sub-v1s10x0051006_ses-1/mri
setenv SUBJECTS_DIR /out/sourcedata/freesurfer
mris_place_surface --adgws-in ../surf/autodet.gw.stats.lh.dat --seg aseg.presurf.mgz --threads 16 --wm wm.mgz --invol brain.finalsurfs.mgz --lh --i ../surf/lh.white --o ../surf/lh.pial.T1 --pial --nsmooth 0 --rip-label ../label/lh.cortex+hipamyg.label --pin-medial-wall ../label/lh.cortex.label --aparc ../label/lh.aparc.annot --repulse-surf ../surf/lh.white --white-surf ../surf/lh.white 

Reading in input surface ../surf/lh.white
Not smoothing input surface
Area    256726  0.35349  0.14235 0.000163   2.1647
Corner  770178 60.00000 15.49125 0.052680 179.8233
Edge    385089  0.91695  0.23136 0.023635   3.5968
Hinge   385089  9.71846 11.52612 0.000003 179.8944
Reading white surface coordinates from ../surf/lh.white
Reading repulsion surface coordinates from ../surf/lh.white
Reading in aparc ../label/lh.aparc.annot
Reading in input volume brain.finalsurfs.mgz
Reading in wm volume wm.mgz
MRIclipBrightWM(): nthresh=18483, wmmin=5, clip=110 
MRIfindBrightNonWM(): 4387 bright non-wm voxels segmented.
Masking bright non-wm for pial surface mid_gray = 62.0208
MRImask(): AllowDiffGeom = 1
MRImask(): AllowDiffGeom = 1
MRImask(): AllowDiffGeom = 1
Reading in seg volume aseg.presurf.mgz
Ripping frozen voxels
Ripping vertices not in label ../label/lh.cortex+hipamyg.label
MRISripNotLabel() ripped 6075/128365 vertices (122290 unripped)
INFO: rip surface needed but not specified, so using input surface
Ripping segs (eg, WMSA, BG, frozen)
Starting MRISripSegs() d = (-2 2 0.5) segnos: 247 
MRISripSegs(): -2 2 0.5 ripped 0
vertex 64183: xyz = (-2.20739,-9.0646,-13.3965) oxyz = (-2.20739,-9.0646,-13.3965) wxzy = (-2.20739,-9.0646,-13.3965) pxyz = (-2.20739,-9.0646,-13.3965) 
CBVO Creating mask 128365
n_averages 16
Iteration 0 =========================================
n_averages=16, current_sigma=2
Computing target border values 
Entering MRIScomputeBorderValues_new(): 
  inside_hi   =  92.7712630;
  border_hi   =  51.7567630;
  border_low  =  31.2702940;
  outside_low =  10.0000000;
  outside_hi  =  46.6351470;
  sigma = 2;
  max_thickness = 10;
  step_size=0.5;
  STEP_SIZE=0.1;
  which = 2
  thresh = 0
  flags = 0
  CBVfindFirstPeakD1=0
  CBVfindFirstPeakD2=0
  nvertices=128365
  Gdiag_no=-1
  vno start=0, stop=128365
Replacing 255s with 0s
#SI# sigma=2 had to be increased for 298 vertices, nripped=6075
mean border=52.6, 250 (250) missing vertices, mean dist 1.1 [0.0 (%0.0)->4.0 (%100.0))]
% 9 local maxima, %17 large gradients and %69 min vals, 0 gradients ignored
nFirstPeakD1 0
MRIScomputeBorderValues_new() finished in 0.0124 min


Averaging target values for 5 iterations...
Positioning Surface: tspring = 0.3, nspring = 0.3, spring = 0, niters = 100 l_repulse = 0, l_surf_repulse = 5, checktol = 0
Positioning pial surface
Entering MRISpositionSurface()
  max_mm = 0.3
  MAX_REDUCTIONS = 2, REDUCTION_PCT = 0.5
  parms->check_tol = 0, niterations = 100
tol=1.0e-04, sigma=2.0, host=dna07, nav=16, nbrs=2, l_surf_repulse=5.000, l_tspring=0.300, l_nspring=0.300, l_intensity=0.200, l_curv=1.000
mom=0.00, dt=0.50
complete_dist_mat 0
rms 0
smooth_averages 0
remove_neg 0
ico_order 0
which_surface 0
target_radius 0.000000
nfields 0
scale 0.000000
desired_rms_height 0.000000
momentum 0.000000
nbhd_size 0
max_nbrs 0
niterations 100
nsurfaces 0
SURFACES 3
flags 0 (0)
use curv 0
no sulc 0
no rigid align 0
mris->nsize 2
mris->hemisphere 0
randomSeed 0

000: dt: 0.0000, sse=21214602.0, rms=29.346
001: dt: 0.5000, sse=13824769.0, rms=23.630 (19.477%)
002: dt: 0.5000, sse=8914659.0, rms=18.898 (20.025%)
003: dt: 0.5000, sse=6017583.0, rms=15.438 (18.308%)
004: dt: 0.5000, sse=4391722.0, rms=13.100 (15.144%)
005: dt: 0.5000, sse=3439120.0, rms=11.510 (12.144%)
006: dt: 0.5000, sse=2827089.8, rms=10.357 (10.016%)
007: dt: 0.5000, sse=2377083.5, rms=9.417 (9.072%)
008: dt: 0.5000, sse=2021680.6, rms=8.601 (8.667%)
009: dt: 0.5000, sse=1736152.2, rms=7.883 (8.348%)
010: dt: 0.5000, sse=1502060.0, rms=7.240 (8.153%)
011: dt: 0.5000, sse=1312894.6, rms=6.675 (7.811%)
012: dt: 0.5000, sse=1164536.1, rms=6.194 (7.198%)
013: dt: 0.5000, sse=1039581.9, rms=5.758 (7.044%)
014: dt: 0.5000, sse=943348.1, rms=5.397 (6.273%)
015: dt: 0.5000, sse=864340.7, rms=5.081 (5.854%)
016: dt: 0.5000, sse=811254.2, rms=4.855 (4.441%)
017: dt: 0.5000, sse=768005.6, rms=4.663 (3.959%)
018: dt: 0.5000, sse=744458.7, rms=4.552 (2.371%)
019: dt: 0.5000, sse=731224.6, rms=4.487 (1.430%)
020: dt: 0.5000, sse=720521.1, rms=4.433 (1.205%)
rms = 4.3995/4.4333, sse=714232.9/720521.0, time step reduction 1 of 3 to 0.250  0 0 1
021: dt: 0.5000, sse=714232.9, rms=4.400 (0.761%)
022: dt: 0.2500, sse=667508.9, rms=4.159 (5.477%)
023: dt: 0.2500, sse=654528.0, rms=4.091 (1.625%)
rms = 4.0981/4.0910, sse=656404.9/654528.0, time step reduction 2 of 3 to 0.125  0 1 1
   RMS increased, rejecting step
rms = 4.0716/4.0910, sse=650919.2/654528.0, time step reduction 3 of 3 to 0.062  0 0 1
024: dt: 0.1250, sse=650919.2, rms=4.072 (0.475%)
  maximum number of reductions reached, breaking from loop
positioning took 1.7 minutes
Iteration 1 =========================================
n_averages=8, current_sigma=1
Computing target border values 
Entering MRIScomputeBorderValues_new(): 
  inside_hi   =  92.7712630;
  border_hi   =  51.7567630;
  border_low  =  31.2702940;
  outside_low =  10.0000000;
  outside_hi  =  46.6351470;
  sigma = 1;
  max_thickness = 10;
  step_size=0.5;
  STEP_SIZE=0.1;
  which = 2
  thresh = 0
  flags = 0
  CBVfindFirstPeakD1=0
  CBVfindFirstPeakD2=0
  nvertices=128365
  Gdiag_no=-1
  vno start=0, stop=128365
Replacing 255s with 0s
#SI# sigma=1 had to be increased for 24291 vertices, nripped=6075
mean border=52.1, 4338 (118) missing vertices, mean dist 0.2 [0.2 (%34.0)->0.8 (%66.0))]
%13 local maxima, %16 large gradients and %63 min vals, 0 gradients ignored
nFirstPeakD1 0
MRIScomputeBorderValues_new() finished in 0.0027 min


Averaging target values for 5 iterations...
Positioning Surface: tspring = 0.3, nspring = 0.3, spring = 0, niters = 100 l_repulse = 0, l_surf_repulse = 5, checktol = 0
Positioning pial surface
Entering MRISpositionSurface()
  max_mm = 0.3
  MAX_REDUCTIONS = 2, REDUCTION_PCT = 0.5
  parms->check_tol = 0, niterations = 100
tol=1.0e-04, sigma=1.0, host=dna07, nav=8, nbrs=2, l_surf_repulse=5.000, l_tspring=0.300, l_nspring=0.300, l_intensity=0.200, l_curv=1.000
mom=0.00, dt=0.50
000: dt: 0.0000, sse=758642.8, rms=4.296
rms = 4.3235/4.2964, sse=764985.3/758642.7, time step reduction 1 of 3 to 0.250  0 1 1
   RMS increased, rejecting step
025: dt: 0.2500, sse=728444.4, rms=4.145 (3.529%)
026: dt: 0.2500, sse=719406.0, rms=4.095 (1.209%)
rms = 4.1279/4.0947, sse=726147.0/719406.0, time step reduction 2 of 3 to 0.125  0 1 1
   RMS increased, rejecting step
rms = 4.0754/4.0947, sse=715803.8/719406.0, time step reduction 3 of 3 to 0.062  0 0 1
027: dt: 0.1250, sse=715803.8, rms=4.075 (0.470%)
  maximum number of reductions reached, breaking from loop
positioning took 0.3 minutes
Iteration 2 =========================================
n_averages=4, current_sigma=0.5
Computing target border values 
Entering MRIScomputeBorderValues_new(): 
  inside_hi   =  92.7712630;
  border_hi   =  51.7567630;
  border_low  =  31.2702940;
  outside_low =  10.0000000;
  outside_hi  =  46.6351470;
  sigma = 0.5;
  max_thickness = 10;
  step_size=0.5;
  STEP_SIZE=0.1;
  which = 2
  thresh = 0
  flags = 0
  CBVfindFirstPeakD1=0
  CBVfindFirstPeakD2=0
  nvertices=128365
  Gdiag_no=-1
  vno start=0, stop=128365
Replacing 255s with 0s
#SI# sigma=0.5 had to be increased for 25600 vertices, nripped=6075
mean border=52.1, 4796 (102) missing vertices, mean dist 0.1 [0.2 (%40.8)->0.7 (%59.2))]
%17 local maxima, %12 large gradients and %63 min vals, 0 gradients ignored
nFirstPeakD1 0
MRIScomputeBorderValues_new() finished in 0.0025 min


Averaging target values for 5 iterations...
Positioning Surface: tspring = 0.3, nspring = 0.3, spring = 0, niters = 100 l_repulse = 0, l_surf_repulse = 5, checktol = 0
Positioning pial surface
Entering MRISpositionSurface()
  max_mm = 0.3
  MAX_REDUCTIONS = 2, REDUCTION_PCT = 0.5
  parms->check_tol = 0, niterations = 100
tol=1.0e-04, sigma=0.5, host=dna07, nav=4, nbrs=2, l_surf_repulse=5.000, l_tspring=0.300, l_nspring=0.300, l_intensity=0.200, l_curv=1.000
mom=0.00, dt=0.50
000: dt: 0.0000, sse=727206.5, rms=4.132
rms = 4.3434/4.1315, sse=768376.7/727206.5, time step reduction 1 of 3 to 0.250  0 1 1
   RMS increased, rejecting step
028: dt: 0.2500, sse=713599.6, rms=4.063 (1.665%)
rms = 4.1235/4.0627, sse=725208.1/713599.6, time step reduction 2 of 3 to 0.125  0 1 1
   RMS increased, rejecting step
rms = 4.0570/4.0627, sse=712544.3/713599.6, time step reduction 3 of 3 to 0.062  0 0 1
029: dt: 0.1250, sse=712544.3, rms=4.057 (0.142%)
  maximum number of reductions reached, breaking from loop
positioning took 0.2 minutes
Iteration 3 =========================================
n_averages=2, current_sigma=0.25
Computing target border values 
Entering MRIScomputeBorderValues_new(): 
  inside_hi   =  92.7712630;
  border_hi   =  51.7567630;
  border_low  =  31.2702940;
  outside_low =  10.0000000;
  outside_hi  =  46.6351470;
  sigma = 0.25;
  max_thickness = 10;
  step_size=0.5;
  STEP_SIZE=0.1;
  which = 2
  thresh = 0
  flags = 0
  CBVfindFirstPeakD1=0
  CBVfindFirstPeakD2=0
  nvertices=128365
  Gdiag_no=-1
  vno start=0, stop=128365
Replacing 255s with 0s
#SI# sigma=0.25 had to be increased for 19725 vertices, nripped=6075
mean border=51.7, 11185 (94) missing vertices, mean dist 0.1 [0.2 (%40.5)->0.5 (%59.5))]
%18 local maxima, %10 large gradients and %58 min vals, 0 gradients ignored
nFirstPeakD1 0
MRIScomputeBorderValues_new() finished in 0.0010 min


Averaging target values for 5 iterations...
Positioning Surface: tspring = 0.3, nspring = 0.3, spring = 0, niters = 100 l_repulse = 0, l_surf_repulse = 5, checktol = 0
Positioning pial surface
Entering MRISpositionSurface()
  max_mm = 0.3
  MAX_REDUCTIONS = 2, REDUCTION_PCT = 0.5
  parms->check_tol = 0, niterations = 100
tol=1.0e-04, sigma=0.2, host=dna07, nav=2, nbrs=2, l_surf_repulse=5.000, l_tspring=0.300, l_nspring=0.300, l_intensity=0.200, l_curv=1.000
mom=0.00, dt=0.50
000: dt: 0.0000, sse=726524.9, rms=4.127
030: dt: 0.5000, sse=690163.1, rms=3.969 (3.826%)
rms = 3.9757/3.9691, sse=688289.0/690163.1, time step reduction 1 of 3 to 0.250  0 0 1
   RMS increased, rejecting step
031: dt: 0.2500, sse=656136.6, rms=3.785 (4.625%)
032: dt: 0.2500, sse=637316.3, rms=3.685 (2.652%)
033: dt: 0.2500, sse=626152.6, rms=3.625 (1.619%)
rms = 3.5820/3.6254, sse=618079.9/626152.6, time step reduction 2 of 3 to 0.125  0 0 1
034: dt: 0.2500, sse=618079.9, rms=3.582 (1.197%)
035: dt: 0.1250, sse=604166.2, rms=3.498 (2.331%)
rms = 3.4680/3.4985, sse=598859.4/604166.2, time step reduction 3 of 3 to 0.062  0 0 1
036: dt: 0.1250, sse=598859.4, rms=3.468 (0.872%)
  maximum number of reductions reached, breaking from loop
positioning took 0.5 minutes
Pinning medial wall to white surface
removing intersecting faces
000: 20 intersecting
001: 3 intersecting
step 1 with no progress (num=11, old_num=3)
002: 11 intersecting
terminating search with 0 intersecting


Writing output to ../surf/lh.pial.T1
#ET# mris_place_surface  2.88 minutes
#VMPC# mris_place_surfaces VmPeak  2367308
mris_place_surface done
#@# white curv lh Fri Mar  6 08:21:02 CET 2026
cd /out/sourcedata/freesurfer/sub-v1s10x0051006_ses-1/mri
mris_place_surface --curv-map ../surf/lh.white 2 10 ../surf/lh.curv
insurf  ../surf/lh.white, nbrs 2, curvature_avgs 10
writing curvature file ../surf/lh.curv
#@# white area lh Fri Mar  6 08:21:03 CET 2026
cd /out/sourcedata/freesurfer/sub-v1s10x0051006_ses-1/mri
mris_place_surface --area-map ../surf/lh.white ../surf/lh.area
writing curvature file ../surf/lh.area
#@# pial curv lh Fri Mar  6 08:21:04 CET 2026
cd /out/sourcedata/freesurfer/sub-v1s10x0051006_ses-1/mri
mris_place_surface --curv-map ../surf/lh.pial 2 10 ../surf/lh.curv.pial
insurf  ../surf/lh.pial, nbrs 2, curvature_avgs 10
writing curvature file ../surf/lh.curv.pial
#@# pial area lh Fri Mar  6 08:21:05 CET 2026
cd /out/sourcedata/freesurfer/sub-v1s10x0051006_ses-1/mri
mris_place_surface --area-map ../surf/lh.pial ../surf/lh.area.pial
writing curvature file ../surf/lh.area.pial
#@# thickness lh Fri Mar  6 08:21:06 CET 2026
cd /out/sourcedata/freesurfer/sub-v1s10x0051006_ses-1/mri
mris_place_surface --thickness ../surf/lh.white ../surf/lh.pial 20 5 ../surf/lh.thickness
0 of 128365 vertices processed
25000 of 128365 vertices processed
50000 of 128365 vertices processed
75000 of 128365 vertices processed
100000 of 128365 vertices processed
125000 of 128365 vertices processed
0 of 128365 vertices processed
25000 of 128365 vertices processed
50000 of 128365 vertices processed
75000 of 128365 vertices processed
100000 of 128365 vertices processed
125000 of 128365 vertices processed
thickness calculation complete, 676:2072 truncations.
46559 vertices at 0 distance
95194 vertices at 1 distance
67111 vertices at 2 distance
28631 vertices at 3 distance
11271 vertices at 4 distance
4405 vertices at 5 distance
1787 vertices at 6 distance
718 vertices at 7 distance
318 vertices at 8 distance
172 vertices at 9 distance
143 vertices at 10 distance
65 vertices at 11 distance
60 vertices at 12 distance
57 vertices at 13 distance
40 vertices at 14 distance
37 vertices at 15 distance
30 vertices at 16 distance
39 vertices at 17 distance
31 vertices at 18 distance
33 vertices at 19 distance
29 vertices at 20 distance
writing curvature file ../surf/lh.thickness
#@# area and vertex vol lh Fri Mar  6 08:21:24 CET 2026
cd /out/sourcedata/freesurfer/sub-v1s10x0051006_ses-1/mri
mris_place_surface --thickness ../surf/lh.white ../surf/lh.pial 20 5 ../surf/lh.thickness
/out/sourcedata/freesurfer/sub-v1s10x0051006_ses-1/surf
mris_calc -o lh.area.mid lh.area add lh.area.pial
Saving result to 'lh.area.mid' (type = MRI_CURV_FILE)                       [ ok ]
mris_calc -o lh.area.mid lh.area.mid div 2
Saving result to 'lh.area.mid' (type = MRI_CURV_FILE)                       [ ok ]
mris_convert --volume sub-v1s10x0051006_ses-1 lh /out/sourcedata/freesurfer/sub-v1s10x0051006_ses-1/surf/lh.volume
masking with /out/sourcedata/freesurfer/sub-v1s10x0051006_ses-1/label/lh.cortex.label
Total face volume 275988
Total vertex volume 275766 (mask=0)
#@# sub-v1s10x0051006_ses-1 lh 275766
 
vertexvol Done

#-----------------------------------------
#@# Curvature Stats lh Fri Mar  6 08:21:25 CET 2026
/out/sourcedata/freesurfer/sub-v1s10x0051006_ses-1/surf

 mris_curvature_stats -m --writeCurvatureFiles -G -o ../stats/lh.curv.stats -F smoothwm sub-v1s10x0051006_ses-1 lh curv sulc 

             Toggling save flag on curvature files                       [ ok ]
                 Outputting results using filestem   [ ../stats/lh.curv.stats ]
             Toggling save flag on curvature files                       [ ok ]
                                   Setting surface [ sub-v1s10x0051006_ses-1/lh.smoothwm ]
                                Reading surface...                       [ ok ]
                                   Setting texture                     [ curv ]
                                Reading texture...                       [ ok ]
                                   Setting texture                     [ sulc ]
                                Reading texture...Gb_filter = 0
                       [ ok ]
      Calculating Discrete Principal Curvatures...
      Determining geometric order for vno faces... [####################] [ ok ]
                      Determining KH curvatures... [####################] [ ok ]
                    Determining k1k2 curvatures... [####################] [ ok ]
                                   deltaViolations                      [ 194 ]
Gb_filter = 0

WARN:    S lookup   min:                          -0.305506
WARN:    S explicit min:                          0.000000	vertex = 830
#-----------------------------------------
#@# Cortical Parc 2 lh Fri Mar  6 08:21:27 CET 2026
/out/sourcedata/freesurfer/sub-v1s10x0051006_ses-1/scripts

 mris_ca_label -l ../label/lh.cortex.label -aseg ../mri/aseg.presurf.mgz -seed 1234 sub-v1s10x0051006_ses-1 lh ../surf/lh.sphere.reg /opt/freesurfer/average/lh.CDaparc.atlas.acfb40.noaparc.i12.2016-08-02.gcs ../label/lh.aparc.a2009s.annot 

setting seed for random number generator to 1234
using ../mri/aseg.presurf.mgz aseg volume to correct midline
7.3.2
  7.3.2
reading atlas from /opt/freesurfer/average/lh.CDaparc.atlas.acfb40.noaparc.i12.2016-08-02.gcs...
reading color table from GCSA file....
average std = 3.0   using min determinant for regularization = 0.088
0 singular and 0 ill-conditioned covariance matrices regularized
input 0: MEAN CURVATURE, flags 0, avgs 5, name mean_curvature
labeling surface...
137 labels changed using aseg
relabeling using gibbs priors...
000:   8873 changed, 128365 examined...
001:   2118 changed, 34474 examined...
002:    595 changed, 11325 examined...
003:    266 changed, 3399 examined...
004:    152 changed, 1493 examined...
005:     78 changed, 839 examined...
006:     50 changed, 467 examined...
007:     31 changed, 285 examined...
008:     14 changed, 158 examined...
009:      4 changed, 68 examined...
010:      4 changed, 24 examined...
011:      1 changed, 15 examined...
012:      1 changed, 7 examined...
013:      1 changed, 7 examined...
014:      0 changed, 7 examined...
72 labels changed using aseg
000: 233 total segments, 150 labels (1747 vertices) changed
001: 87 total segments, 4 labels (23 vertices) changed
002: 83 total segments, 0 labels (0 vertices) changed
10 filter iterations complete (10 requested, 43 changed)
rationalizing unknown annotations with cortex label
relabeling Medial_wall label...
1063 vertices marked for relabeling...
1063 labels changed in reclassification.
writing output to ../label/lh.aparc.a2009s.annot...
classification took 0 minutes and 9 seconds.
#-----------------------------------------
#@# Cortical Parc 3 lh Fri Mar  6 08:21:36 CET 2026
/out/sourcedata/freesurfer/sub-v1s10x0051006_ses-1/scripts

 mris_ca_label -l ../label/lh.cortex.label -aseg ../mri/aseg.presurf.mgz -seed 1234 sub-v1s10x0051006_ses-1 lh ../surf/lh.sphere.reg /opt/freesurfer/average/lh.DKTaparc.atlas.acfb40.noaparc.i12.2016-08-02.gcs ../label/lh.aparc.DKTatlas.annot 

setting seed for random number generator to 1234
using ../mri/aseg.presurf.mgz aseg volume to correct midline
7.3.2
  7.3.2
reading atlas from /opt/freesurfer/average/lh.DKTaparc.atlas.acfb40.noaparc.i12.2016-08-02.gcs...
reading color table from GCSA file....
average std = 1.4   using min determinant for regularization = 0.020
0 singular and 383 ill-conditioned covariance matrices regularized
input 0: MEAN CURVATURE, flags 0, avgs 5, name mean_curvature
labeling surface...
1648 labels changed using aseg
relabeling using gibbs priors...
000:   1858 changed, 128365 examined...
001:    401 changed, 8756 examined...
002:    122 changed, 2319 examined...
003:     70 changed, 721 examined...
004:     48 changed, 406 examined...
005:     38 changed, 257 examined...
006:     16 changed, 202 examined...
007:     15 changed, 93 examined...
008:     12 changed, 93 examined...
009:      9 changed, 77 examined...
010:      5 changed, 51 examined...
011:      5 changed, 31 examined...
012:      4 changed, 30 examined...
013:      2 changed, 26 examined...
014:      2 changed, 10 examined...
015:      1 changed, 10 examined...
016:      2 changed, 7 examined...
017:      4 changed, 11 examined...
018:      5 changed, 18 examined...
019:      4 changed, 21 examined...
020:      2 changed, 27 examined...
021:      2 changed, 15 examined...
022:      2 changed, 15 examined...
023:      3 changed, 13 examined...
024:      3 changed, 16 examined...
025:      3 changed, 18 examined...
026:      5 changed, 18 examined...
027:      4 changed, 25 examined...
028:      5 changed, 23 examined...
029:      7 changed, 30 examined...
030:      2 changed, 33 examined...
031:      2 changed, 12 examined...
032:      0 changed, 10 examined...
400 labels changed using aseg
000: 50 total segments, 17 labels (150 vertices) changed
001: 33 total segments, 0 labels (0 vertices) changed
10 filter iterations complete (10 requested, 5 changed)
rationalizing unknown annotations with cortex label
relabeling unknown label...
relabeling corpuscallosum label...
758 vertices marked for relabeling...
758 labels changed in reclassification.
writing output to ../label/lh.aparc.DKTatlas.annot...
classification took 0 minutes and 7 seconds.
#-----------------------------------------
#@# WM/GM Contrast lh Fri Mar  6 08:21:44 CET 2026
/out/sourcedata/freesurfer/sub-v1s10x0051006_ses-1/scripts

 pctsurfcon --s sub-v1s10x0051006_ses-1 --lh-only 

Log file is /out/sourcedata/freesurfer/sub-v1s10x0051006_ses-1/scripts/pctsurfcon.log
Fri Mar  6 08:21:44 CET 2026
setenv SUBJECTS_DIR /out/sourcedata/freesurfer
cd /out/sourcedata/freesurfer/sub-v1s10x0051006_ses-1/scripts
/opt/freesurfer/bin/pctsurfcon
pctsurfcon 7.3.2
Linux dna078 5.14.0-427.37.1.el9_4.x86_64 #1 SMP PREEMPT_DYNAMIC Fri Sep 13 12:41:50 EDT 2024 x86_64 x86_64 x86_64 GNU/Linux
FREESURFER_HOME /opt/freesurfer
mri_vol2surf --mov /out/sourcedata/freesurfer/sub-v1s10x0051006_ses-1/mri/rawavg.mgz --hemi lh --noreshape --interp trilinear --projdist -1 --o /out/sourcedata/freesurfer/sub-v1s10x0051006_ses-1/surf/tmp.pctsurfcon.3782147/lh.wm.mgh --regheader sub-v1s10x0051006_ses-1 --cortex
srcvol = /out/sourcedata/freesurfer/sub-v1s10x0051006_ses-1/mri/rawavg.mgz
srcreg unspecified
srcregold = 0
srcwarp unspecified
surf = white
hemi = lh
ProjDist = -1
reshape = 0
interp = trilinear
float2int = round
GetProjMax = 0
INFO: float2int code = 0
Done loading volume
Computing registration from header.
  Using /out/sourcedata/freesurfer/sub-v1s10x0051006_ses-1/mri/orig.mgz as target reference.
-------- original matrix -----------
-1.00000   0.00000   0.00000   0.00001;
 0.00000   0.00000   1.00000   0.00000;
 0.00000  -1.00000   0.00000   0.00000;
 0.00000   0.00000   0.00000   1.00000;
-------- original matrix -----------
Loading label /out/sourcedata/freesurfer/sub-v1s10x0051006_ses-1/label/lh.cortex.label
Reading surface /out/sourcedata/freesurfer/sub-v1s10x0051006_ses-1/surf/lh.white
Done reading source surface
Mapping Source Volume onto Source Subject Surface
Projecting -1 -1 1
 1 -1 -1 -1
using old
Done mapping volume to surface
Number of source voxels hit = 67657
Masking with /out/sourcedata/freesurfer/sub-v1s10x0051006_ses-1/label/lh.cortex.label
Writing to /out/sourcedata/freesurfer/sub-v1s10x0051006_ses-1/surf/tmp.pctsurfcon.3782147/lh.wm.mgh
Dim: 128365 1 1
mri_vol2surf --mov /out/sourcedata/freesurfer/sub-v1s10x0051006_ses-1/mri/rawavg.mgz --hemi lh --noreshape --interp trilinear --o /out/sourcedata/freesurfer/sub-v1s10x0051006_ses-1/surf/tmp.pctsurfcon.3782147/lh.gm.mgh --projfrac 0.3 --regheader sub-v1s10x0051006_ses-1 --cortex
srcvol = /out/sourcedata/freesurfer/sub-v1s10x0051006_ses-1/mri/rawavg.mgz
srcreg unspecified
srcregold = 0
srcwarp unspecified
surf = white
hemi = lh
ProjFrac = 0.3
thickness = thickness
reshape = 0
interp = trilinear
float2int = round
GetProjMax = 0
INFO: float2int code = 0
Done loading volume
Computing registration from header.
  Using /out/sourcedata/freesurfer/sub-v1s10x0051006_ses-1/mri/orig.mgz as target reference.
-------- original matrix -----------
-1.00000   0.00000   0.00000   0.00001;
 0.00000   0.00000   1.00000   0.00000;
 0.00000  -1.00000   0.00000   0.00000;
 0.00000   0.00000   0.00000   1.00000;
-------- original matrix -----------
Loading label /out/sourcedata/freesurfer/sub-v1s10x0051006_ses-1/label/lh.cortex.label
Reading surface /out/sourcedata/freesurfer/sub-v1s10x0051006_ses-1/surf/lh.white
Done reading source surface
Reading thickness /out/sourcedata/freesurfer/sub-v1s10x0051006_ses-1/surf/lh.thickness
Done
Mapping Source Volume onto Source Subject Surface
Projecting 0.3 0.3 1
 1 0.3 0.3 0.3
using old
Done mapping volume to surface
Number of source voxels hit = 78590
Masking with /out/sourcedata/freesurfer/sub-v1s10x0051006_ses-1/label/lh.cortex.label
Writing to /out/sourcedata/freesurfer/sub-v1s10x0051006_ses-1/surf/tmp.pctsurfcon.3782147/lh.gm.mgh
Dim: 128365 1 1
mri_concat /out/sourcedata/freesurfer/sub-v1s10x0051006_ses-1/surf/tmp.pctsurfcon.3782147/lh.wm.mgh /out/sourcedata/freesurfer/sub-v1s10x0051006_ses-1/surf/tmp.pctsurfcon.3782147/lh.gm.mgh --paired-diff-norm --mul 100 --o /out/sourcedata/freesurfer/sub-v1s10x0051006_ses-1/surf/lh.w-g.pct.mgh
ninputs = 2
Checking inputs
nframestot = 2
Allocing output
Done allocing
Combining pairs
nframes = 1
Multiplying by 100.000000
Writing to /out/sourcedata/freesurfer/sub-v1s10x0051006_ses-1/surf/lh.w-g.pct.mgh
mri_segstats --in /out/sourcedata/freesurfer/sub-v1s10x0051006_ses-1/surf/lh.w-g.pct.mgh --annot sub-v1s10x0051006_ses-1 lh aparc --sum /out/sourcedata/freesurfer/sub-v1s10x0051006_ses-1/stats/lh.w-g.pct.stats --snr

7.3.2
cwd 
cmdline mri_segstats --in /out/sourcedata/freesurfer/sub-v1s10x0051006_ses-1/surf/lh.w-g.pct.mgh --annot sub-v1s10x0051006_ses-1 lh aparc --sum /out/sourcedata/freesurfer/sub-v1s10x0051006_ses-1/stats/lh.w-g.pct.stats --snr 
sysname  Linux
hostname dna078
machine  x86_64
user     oesteban
whitesurfname  white
UseRobust  0
Constructing seg from annotation

Reading annotation /out/sourcedata/freesurfer/sub-v1s10x0051006_ses-1/label/lh.aparc.annot
Seg base 1000
Loading /out/sourcedata/freesurfer/sub-v1s10x0051006_ses-1/surf/lh.w-g.pct.mgh
Vertex Area is 0.706961 mm^3
Generating list of segmentation ids
Found  36 segmentations
Computing statistics for each segmentation

Reporting on  35 segmentations
Using PrintSegStat
mri_segstats done
Cleaning up

Started at Fri Mar 6 08:01:11 CET 2026 
Ended   at Fri Mar 6 08:21:46 CET 2026
#@#%# recon-all-run-time-hours 0.343
recon-all -s sub-v1s10x0051006_ses-1 finished without error at Fri Mar  6 08:21:46 CET 2026



#New# invocation of recon-all 




Fri Mar  6 08:46:03 CET 2026
cd /out/sourcedata/freesurfer/sub-v1s10x0051006_ses-1
setenv SUBJECTS_DIR /out/sourcedata/freesurfer
/opt/freesurfer/bin/recon-all -autorecon-hemi lh -nohyporelabel -lh-only -openmp 16 -subjid sub-v1s10x0051006_ses-1 -sd /out/sourcedata/freesurfer -notessellate -nosmooth1 -noinflate1 -noqsphere -nofix -nowhite -nosmooth2 -noinflate2 -nocurvHK -nocurvstats -nosphere -nosurfreg -nojacobian_white -noavgcurv -nocortparc -nopial -nocortparc2 -nocortparc3 -nopctsurfcon

subjid sub-v1s10x0051006_ses-1
setenv SUBJECTS_DIR /out/sourcedata/freesurfer
FREESURFER_HOME /opt/freesurfer
Actual FREESURFER_HOME /opt/freesurfer
build-stamp.txt: freesurfer-linux-ubuntu22_x86_64-7.3.2-20220804-6354275
Linux dna078 5.14.0-427.37.1.el9_4.x86_64 #1 SMP PREEMPT_DYNAMIC Fri Sep 13 12:41:50 EDT 2024 x86_64 x86_64 x86_64 GNU/Linux
cputime      unlimited
filesize     unlimited
datasize     unlimited
stacksize    8192 kbytes
coredumpsize 0 kbytes
memoryuse    67108864 kbytes
vmemoryuse   unlimited
descriptors  1024 
memorylocked unlimited
maxproc      2061970 
maxlocks     unlimited
maxsignal    2062029 
maxmessage   819200 
maxnice      0 
maxrtprio    0 
maxrttime    unlimited

               total        used        free      shared  buff/cache   available
Mem:           503Gi        81Gi       379Gi       8.0Gi        42Gi       410Gi
Swap:             0B          0B          0B

########################################
program versions used
7.3.2 (freesurfer-linux-ubuntu22_x86_64-7.3.2-20220804-6354275)
7.3.2

ProgramName: lta_convert  ProgramArguments: lta_convert -all-info  ProgramVersion: 7.3.2  TimeStamp: 2026/03/06-07:46:03-GMT  BuildTime: Aug  4 2022 06:17:15  BuildStamp: freesurfer-linux-ubuntu22_x86_64-7.3.2-20220804-6354275  User: oesteban  Machine: dna078  Platform: Linux  PlatformVersion: 5.14.0-427.37.1.el9_4.x86_64  CompilerName: GCC  CompilerVersion: 8.4.0
ProgramName: mri_and  ProgramArguments: mri_and -all-info  ProgramVersion: 7.3.2  TimeStamp: 2026/03/06-07:46:03-GMT  BuildTime: Aug  4 2022 06:17:15  BuildStamp: freesurfer-linux-ubuntu22_x86_64-7.3.2-20220804-6354275  User: oesteban  Machine: dna078  Platform: Linux  PlatformVersion: 5.14.0-427.37.1.el9_4.x86_64  CompilerName: GCC  CompilerVersion: 8.4.0
ProgramName: mri_annotation2label  ProgramArguments: mri_annotation2label -all-info  ProgramVersion: 7.3.2  TimeStamp: 2026/03/06-07:46:03-GMT  BuildTime: Aug  4 2022 06:17:15  BuildStamp: freesurfer-linux-ubuntu22_x86_64-7.3.2-20220804-6354275  User: oesteban  Machine: dna078  Platform: Linux  PlatformVersion: 5.14.0-427.37.1.el9_4.x86_64  CompilerName: GCC  CompilerVersion: 8.4.0
ProgramName: mri_aparc2aseg  ProgramArguments: mri_aparc2aseg -all-info  ProgramVersion: 7.3.2  TimeStamp: 2026/03/06-07:46:03-GMT  BuildTime: Aug  4 2022 06:17:15  BuildStamp: freesurfer-linux-ubuntu22_x86_64-7.3.2-20220804-6354275  User: oesteban  Machine: dna078  Platform: Linux  PlatformVersion: 5.14.0-427.37.1.el9_4.x86_64  CompilerName: GCC  CompilerVersion: 8.4.0
ProgramName: mri_surf2volseg  ProgramArguments: mri_surf2volseg -all-info  ProgramVersion: 7.3.2  TimeStamp: 2026/03/06-07:46:03-GMT  BuildTime: Aug  4 2022 06:17:15  BuildStamp: freesurfer-linux-ubuntu22_x86_64-7.3.2-20220804-6354275  User: oesteban  Machine: dna078  Platform: Linux  PlatformVersion: 5.14.0-427.37.1.el9_4.x86_64  CompilerName: GCC  CompilerVersion: 8.4.0
ProgramName: mri_binarize  ProgramArguments: mri_binarize -all-info  ProgramVersion: 7.3.2  TimeStamp: 2026/03/06-07:46:03-GMT  BuildTime: Aug  4 2022 06:17:15  BuildStamp: freesurfer-linux-ubuntu22_x86_64-7.3.2-20220804-6354275  User: oesteban  Machine: dna078  Platform: Linux  PlatformVersion: 5.14.0-427.37.1.el9_4.x86_64  CompilerName: GCC  CompilerVersion: 8.4.0
ProgramName: mri_ca_label  ProgramArguments: mri_ca_label -all-info  ProgramVersion: 7.3.2  TimeStamp: 2026/03/06-07:46:03-GMT  BuildTime: Aug  4 2022 06:17:15  BuildStamp: freesurfer-linux-ubuntu22_x86_64-7.3.2-20220804-6354275  User: oesteban  Machine: dna078  Platform: Linux  PlatformVersion: 5.14.0-427.37.1.el9_4.x86_64  CompilerName: GCC  CompilerVersion: 8.4.0
ProgramName: mri_ca_normalize  ProgramArguments: mri_ca_normalize -all-info  ProgramVersion: 7.3.2  TimeStamp: 2026/03/06-07:46:03-GMT  BuildTime: Aug  4 2022 06:17:15  BuildStamp: freesurfer-linux-ubuntu22_x86_64-7.3.2-20220804-6354275  User: oesteban  Machine: dna078  Platform: Linux  PlatformVersion: 5.14.0-427.37.1.el9_4.x86_64  CompilerName: GCC  CompilerVersion: 8.4.0
ProgramName: mri_ca_register  ProgramArguments: mri_ca_register -all-info  ProgramVersion: 7.3.2  TimeStamp: 2026/03/06-07:46:03-GMT  BuildTime: Aug  4 2022 06:17:15  BuildStamp: freesurfer-linux-ubuntu22_x86_64-7.3.2-20220804-6354275  User: oesteban  Machine: dna078  Platform: Linux  PlatformVersion: 5.14.0-427.37.1.el9_4.x86_64  CompilerName: GCC  CompilerVersion: 8.4.0
ProgramName: mri_cc  ProgramArguments: mri_cc -all-info  ProgramVersion: 7.3.2  TimeStamp: 2026/03/06-07:46:03-GMT  BuildTime: Aug  4 2022 06:17:15  BuildStamp: freesurfer-linux-ubuntu22_x86_64-7.3.2-20220804-6354275  User: oesteban  Machine: dna078  Platform: Linux  PlatformVersion: 5.14.0-427.37.1.el9_4.x86_64  CompilerName: GCC  CompilerVersion: 8.4.0
ProgramName: mri_compute_overlap  ProgramArguments: mri_compute_overlap -all-info  ProgramVersion: 7.3.2  TimeStamp: 2026/03/06-07:46:03-GMT  BuildTime: Aug  4 2022 06:17:15  BuildStamp: freesurfer-linux-ubuntu22_x86_64-7.3.2-20220804-6354275  User: oesteban  Machine: dna078  Platform: Linux  PlatformVersion: 5.14.0-427.37.1.el9_4.x86_64  CompilerName: GCC  CompilerVersion: 8.4.0
ProgramName: mri_compute_seg_overlap  ProgramArguments: mri_compute_seg_overlap -all-info  ProgramVersion: 7.3.2  TimeStamp: 2026/03/06-07:46:03-GMT  BuildTime: Aug  4 2022 06:17:15  BuildStamp: freesurfer-linux-ubuntu22_x86_64-7.3.2-20220804-6354275  User: oesteban  Machine: dna078  Platform: Linux  PlatformVersion: 5.14.0-427.37.1.el9_4.x86_64  CompilerName: GCC  CompilerVersion: 8.4.0
ProgramName: mri_concat  ProgramArguments: mri_concat -all-info  ProgramVersion: 7.3.2  TimeStamp: 2026/03/06-07:46:03-GMT  BuildTime: Aug  4 2022 06:17:15  BuildStamp: freesurfer-linux-ubuntu22_x86_64-7.3.2-20220804-6354275  User: oesteban  Machine: dna078  Platform: Linux  PlatformVersion: 5.14.0-427.37.1.el9_4.x86_64  CompilerName: GCC  CompilerVersion: 8.4.0
ProgramName: mri_concatenate_lta  ProgramArguments: mri_concatenate_lta -all-info  ProgramVersion: 7.3.2  TimeStamp: 2026/03/06-07:46:03-GMT  BuildTime: Aug  4 2022 06:17:15  BuildStamp: freesurfer-linux-ubuntu22_x86_64-7.3.2-20220804-6354275  User: oesteban  Machine: dna078  Platform: Linux  PlatformVersion: 5.14.0-427.37.1.el9_4.x86_64  CompilerName: GCC  CompilerVersion: 8.4.0
mri_convert -all-info 
ProgramName: mri_convert  ProgramArguments: mri_convert -all-info  ProgramVersion: 7.3.2  TimeStamp: 2026/03/06-07:46:03-GMT  BuildTime: Aug  4 2022 06:17:15  BuildStamp: freesurfer-linux-ubuntu22_x86_64-7.3.2-20220804-6354275  User: oesteban  Machine: dna078  Platform: Linux  PlatformVersion: 5.14.0-427.37.1.el9_4.x86_64  CompilerName: GCC  CompilerVersion: 8.4.0
ProgramName: mri_diff  ProgramArguments: mri_diff -all-info  ProgramVersion: 7.3.2  TimeStamp: 2026/03/06-07:46:03-GMT  BuildTime: Aug  4 2022 06:17:15  BuildStamp: freesurfer-linux-ubuntu22_x86_64-7.3.2-20220804-6354275  User: oesteban  Machine: dna078  Platform: Linux  PlatformVersion: 5.14.0-427.37.1.el9_4.x86_64  CompilerName: GCC  CompilerVersion: 8.4.0
ProgramName: mri_edit_wm_with_aseg  ProgramArguments: mri_edit_wm_with_aseg -all-info  ProgramVersion: 7.3.2  TimeStamp: 2026/03/06-07:46:03-GMT  BuildTime: Aug  4 2022 06:17:15  BuildStamp: freesurfer-linux-ubuntu22_x86_64-7.3.2-20220804-6354275  User: oesteban  Machine: dna078  Platform: Linux  PlatformVersion: 5.14.0-427.37.1.el9_4.x86_64  CompilerName: GCC  CompilerVersion: 8.4.0
ProgramName: mri_em_register  ProgramArguments: mri_em_register -all-info  ProgramVersion: 7.3.2  TimeStamp: 2026/03/06-07:46:03-GMT  BuildTime: Aug  4 2022 06:17:15  BuildStamp: freesurfer-linux-ubuntu22_x86_64-7.3.2-20220804-6354275  User: oesteban  Machine: dna078  Platform: Linux  PlatformVersion: 5.14.0-427.37.1.el9_4.x86_64  CompilerName: GCC  CompilerVersion: 8.4.0
ProgramName: mri_fill  ProgramArguments: mri_fill -all-info  ProgramVersion: 7.3.2  TimeStamp: 2026/03/06-07:46:03-GMT  BuildTime: Aug  4 2022 06:17:15  BuildStamp: freesurfer-linux-ubuntu22_x86_64-7.3.2-20220804-6354275  User: oesteban  Machine: dna078  Platform: Linux  PlatformVersion: 5.14.0-427.37.1.el9_4.x86_64  CompilerName: GCC  CompilerVersion: 8.4.0
ProgramName: mri_fuse_segmentations  ProgramArguments: mri_fuse_segmentations -all-info  ProgramVersion: 7.3.2  TimeStamp: 2026/03/06-07:46:03-GMT  BuildTime: Aug  4 2022 06:17:15  BuildStamp: freesurfer-linux-ubuntu22_x86_64-7.3.2-20220804-6354275  User: oesteban  Machine: dna078  Platform: Linux  PlatformVersion: 5.14.0-427.37.1.el9_4.x86_64  CompilerName: GCC  CompilerVersion: 8.4.0
ProgramName: mri_fwhm  ProgramArguments: mri_fwhm -all-info  ProgramVersion: 7.3.2  TimeStamp: 2026/03/06-07:46:03-GMT  BuildTime: Aug  4 2022 06:17:15  BuildStamp: freesurfer-linux-ubuntu22_x86_64-7.3.2-20220804-6354275  User: oesteban  Machine: dna078  Platform: Linux  PlatformVersion: 5.14.0-427.37.1.el9_4.x86_64  CompilerName: GCC  CompilerVersion: 8.4.0
ProgramName: mri_gcut  ProgramArguments: mri_gcut -all-info  ProgramVersion: 7.3.2  TimeStamp: 2026/03/06-07:46:03-GMT  BuildTime: Aug  4 2022 06:17:15  BuildStamp: freesurfer-linux-ubuntu22_x86_64-7.3.2-20220804-6354275  User: oesteban  Machine: dna078  Platform: Linux  PlatformVersion: 5.14.0-427.37.1.el9_4.x86_64  CompilerName: GCC  CompilerVersion: 8.4.0
ProgramName: mri_info  ProgramArguments: mri_info -all-info  ProgramVersion: 7.3.2  TimeStamp: 2026/03/06-07:46:03-GMT  BuildTime: Aug  4 2022 06:17:15  BuildStamp: freesurfer-linux-ubuntu22_x86_64-7.3.2-20220804-6354275  User: oesteban  Machine: dna078  Platform: Linux  PlatformVersion: 5.14.0-427.37.1.el9_4.x86_64  CompilerName: GCC  CompilerVersion: 8.4.0
ProgramName: mri_label2label  ProgramArguments: mri_label2label -all-info  ProgramVersion: 7.3.2  TimeStamp: 2026/03/06-07:46:03-GMT  BuildTime: Aug  4 2022 06:17:15  BuildStamp: freesurfer-linux-ubuntu22_x86_64-7.3.2-20220804-6354275  User: oesteban  Machine: dna078  Platform: Linux  PlatformVersion: 5.14.0-427.37.1.el9_4.x86_64  CompilerName: GCC  CompilerVersion: 8.4.0
ProgramName: mri_label2vol  ProgramArguments: mri_label2vol -all-info  ProgramVersion: 7.3.2  TimeStamp: 2026/03/06-07:46:03-GMT  BuildTime: Aug  4 2022 06:17:15  BuildStamp: freesurfer-linux-ubuntu22_x86_64-7.3.2-20220804-6354275  User: oesteban  Machine: dna078  Platform: Linux  PlatformVersion: 5.14.0-427.37.1.el9_4.x86_64  CompilerName: GCC  CompilerVersion: 8.4.0
ProgramName: mri_log_likelihood  ProgramArguments: mri_log_likelihood -all-info  ProgramVersion: 7.3.2  TimeStamp: 2026/03/06-07:46:03-GMT  BuildTime: Aug  4 2022 06:17:15  BuildStamp: freesurfer-linux-ubuntu22_x86_64-7.3.2-20220804-6354275  User: oesteban  Machine: dna078  Platform: Linux  PlatformVersion: 5.14.0-427.37.1.el9_4.x86_64  CompilerName: GCC  CompilerVersion: 8.4.0
ProgramName: mri_mask  ProgramArguments: mri_mask -all-info  ProgramVersion: 7.3.2  TimeStamp: 2026/03/06-07:46:03-GMT  BuildTime: Aug  4 2022 06:17:15  BuildStamp: freesurfer-linux-ubuntu22_x86_64-7.3.2-20220804-6354275  User: oesteban  Machine: dna078  Platform: Linux  PlatformVersion: 5.14.0-427.37.1.el9_4.x86_64  CompilerName: GCC  CompilerVersion: 8.4.0
ProgramName: mri_matrix_multiply  ProgramArguments: mri_matrix_multiply -all-info  ProgramVersion: 7.3.2  TimeStamp: 2026/03/06-07:46:03-GMT  BuildTime: Aug  4 2022 06:17:15  BuildStamp: freesurfer-linux-ubuntu22_x86_64-7.3.2-20220804-6354275  User: oesteban  Machine: dna078  Platform: Linux  PlatformVersion: 5.14.0-427.37.1.el9_4.x86_64  CompilerName: GCC  CompilerVersion: 8.4.0
ProgramName: mri_normalize  ProgramArguments: mri_normalize -all-info  ProgramVersion: 7.3.2  TimeStamp: 2026/03/06-07:46:03-GMT  BuildTime: Aug  4 2022 06:17:15  BuildStamp: freesurfer-linux-ubuntu22_x86_64-7.3.2-20220804-6354275  User: oesteban  Machine: dna078  Platform: Linux  PlatformVersion: 5.14.0-427.37.1.el9_4.x86_64  CompilerName: GCC  CompilerVersion: 8.4.0
ProgramName: mri_normalize_tp2  ProgramArguments: mri_normalize_tp2 -all-info  ProgramVersion: 7.3.2  TimeStamp: 2026/03/06-07:46:03-GMT  BuildTime: Aug  4 2022 06:17:15  BuildStamp: freesurfer-linux-ubuntu22_x86_64-7.3.2-20220804-6354275  User: oesteban  Machine: dna078  Platform: Linux  PlatformVersion: 5.14.0-427.37.1.el9_4.x86_64  CompilerName: GCC  CompilerVersion: 8.4.0
ProgramName: mri_or  ProgramArguments: mri_or -all-info  ProgramVersion: 7.3.2  TimeStamp: 2026/03/06-07:46:03-GMT  BuildTime: Aug  4 2022 06:17:15  BuildStamp: freesurfer-linux-ubuntu22_x86_64-7.3.2-20220804-6354275  User: oesteban  Machine: dna078  Platform: Linux  PlatformVersion: 5.14.0-427.37.1.el9_4.x86_64  CompilerName: GCC  CompilerVersion: 8.4.0
ProgramName: mri_relabel_hypointensities  ProgramArguments: mri_relabel_hypointensities -all-info  ProgramVersion: 7.3.2  TimeStamp: 2026/03/06-07:46:03-GMT  BuildTime: Aug  4 2022 06:17:15  BuildStamp: freesurfer-linux-ubuntu22_x86_64-7.3.2-20220804-6354275  User: oesteban  Machine: dna078  Platform: Linux  PlatformVersion: 5.14.0-427.37.1.el9_4.x86_64  CompilerName: GCC  CompilerVersion: 8.4.0
ProgramName: mri_relabel_nonwm_hypos  ProgramArguments: mri_relabel_nonwm_hypos -all-info  ProgramVersion: 7.3.2  TimeStamp: 2026/03/06-07:46:03-GMT  BuildTime: Aug  4 2022 06:17:15  BuildStamp: freesurfer-linux-ubuntu22_x86_64-7.3.2-20220804-6354275  User: oesteban  Machine: dna078  Platform: Linux  PlatformVersion: 5.14.0-427.37.1.el9_4.x86_64  CompilerName: GCC  CompilerVersion: 8.4.0
ProgramName: mri_remove_neck  ProgramArguments: mri_remove_neck -all-info  ProgramVersion: 7.3.2  TimeStamp: 2026/03/06-07:46:03-GMT  BuildTime: Aug  4 2022 06:17:15  BuildStamp: freesurfer-linux-ubuntu22_x86_64-7.3.2-20220804-6354275  User: oesteban  Machine: dna078  Platform: Linux  PlatformVersion: 5.14.0-427.37.1.el9_4.x86_64  CompilerName: GCC  CompilerVersion: 8.4.0
7.3.2

ProgramName: mri_robust_register  ProgramArguments: mri_robust_register -all-info  ProgramVersion: 7.3.2  TimeStamp: 2026/03/06-07:46:03-GMT  BuildTime: Aug  4 2022 06:17:15  BuildStamp: freesurfer-linux-ubuntu22_x86_64-7.3.2-20220804-6354275  User: oesteban  Machine: dna078  Platform: Linux  PlatformVersion: 5.14.0-427.37.1.el9_4.x86_64  CompilerName: GCC  CompilerVersion: 8.4.0
7.3.2

ProgramName: mri_robust_template  ProgramArguments: mri_robust_template -all-info  ProgramVersion: 7.3.2  TimeStamp: 2026/03/06-07:46:03-GMT  BuildTime: Aug  4 2022 06:17:15  BuildStamp: freesurfer-linux-ubuntu22_x86_64-7.3.2-20220804-6354275  User: oesteban  Machine: dna078  Platform: Linux  PlatformVersion: 5.14.0-427.37.1.el9_4.x86_64  CompilerName: GCC  CompilerVersion: 8.4.0
ProgramName: mris_anatomical_stats  ProgramArguments: mris_anatomical_stats -all-info  ProgramVersion: 7.3.2  TimeStamp: 2026/03/06-07:46:03-GMT  BuildTime: Aug  4 2022 06:17:15  BuildStamp: freesurfer-linux-ubuntu22_x86_64-7.3.2-20220804-6354275  User: oesteban  Machine: dna078  Platform: Linux  PlatformVersion: 5.14.0-427.37.1.el9_4.x86_64  CompilerName: GCC  CompilerVersion: 8.4.0
ProgramName: mris_ca_label  ProgramArguments: mris_ca_label -all-info  ProgramVersion: 7.3.2  TimeStamp: 2026/03/06-07:46:03-GMT  BuildTime: Aug  4 2022 06:17:15  BuildStamp: freesurfer-linux-ubuntu22_x86_64-7.3.2-20220804-6354275  User: oesteban  Machine: dna078  Platform: Linux  PlatformVersion: 5.14.0-427.37.1.el9_4.x86_64  CompilerName: GCC  CompilerVersion: 8.4.0
ProgramName: mris_calc  ProgramArguments: mris_calc -all-info  ProgramVersion: 7.3.2  TimeStamp: 2026/03/06-07:46:03-GMT  BuildTime: Aug  4 2022 06:17:15  BuildStamp: freesurfer-linux-ubuntu22_x86_64-7.3.2-20220804-6354275  User: oesteban  Machine: dna078  Platform: Linux  PlatformVersion: 5.14.0-427.37.1.el9_4.x86_64  CompilerName: GCC  CompilerVersion: 8.4.0
ProgramName: mris_convert  ProgramArguments: mris_convert -all-info  ProgramVersion: 7.3.2  TimeStamp: 2026/03/06-07:46:03-GMT  BuildTime: Aug  4 2022 06:17:15  BuildStamp: freesurfer-linux-ubuntu22_x86_64-7.3.2-20220804-6354275  User: oesteban  Machine: dna078  Platform: Linux  PlatformVersion: 5.14.0-427.37.1.el9_4.x86_64  CompilerName: GCC  CompilerVersion: 8.4.0
ProgramName: mris_curvature  ProgramArguments: mris_curvature -all-info  ProgramVersion: 7.3.2  TimeStamp: 2026/03/06-07:46:03-GMT  BuildTime: Aug  4 2022 06:17:15  BuildStamp: freesurfer-linux-ubuntu22_x86_64-7.3.2-20220804-6354275  User: oesteban  Machine: dna078  Platform: Linux  PlatformVersion: 5.14.0-427.37.1.el9_4.x86_64  CompilerName: GCC  CompilerVersion: 8.4.0
ProgramName: mris_curvature_stats  ProgramArguments: mris_curvature_stats -all-info  ProgramVersion: 7.3.2  TimeStamp: 2026/03/06-07:46:03-GMT  BuildTime: Aug  4 2022 06:17:15  BuildStamp: freesurfer-linux-ubuntu22_x86_64-7.3.2-20220804-6354275  User: oesteban  Machine: dna078  Platform: Linux  PlatformVersion: 5.14.0-427.37.1.el9_4.x86_64  CompilerName: GCC  CompilerVersion: 8.4.0
ProgramName: mris_diff  ProgramArguments: mris_diff -all-info  ProgramVersion: 7.3.2  TimeStamp: 2026/03/06-07:46:03-GMT  BuildTime: Aug  4 2022 06:17:15  BuildStamp: freesurfer-linux-ubuntu22_x86_64-7.3.2-20220804-6354275  User: oesteban  Machine: dna078  Platform: Linux  PlatformVersion: 5.14.0-427.37.1.el9_4.x86_64  CompilerName: GCC  CompilerVersion: 8.4.0
ProgramName: mris_divide_parcellation  ProgramArguments: mris_divide_parcellation -all-info  ProgramVersion: 7.3.2  TimeStamp: 2026/03/06-07:46:03-GMT  BuildTime: Aug  4 2022 06:17:15  BuildStamp: freesurfer-linux-ubuntu22_x86_64-7.3.2-20220804-6354275  User: oesteban  Machine: dna078  Platform: Linux  PlatformVersion: 5.14.0-427.37.1.el9_4.x86_64  CompilerName: GCC  CompilerVersion: 8.4.0
ProgramName: mri_segment  ProgramArguments: mri_segment -all-info  ProgramVersion: 7.3.2  TimeStamp: 2026/03/06-07:46:03-GMT  BuildTime: Aug  4 2022 06:17:15  BuildStamp: freesurfer-linux-ubuntu22_x86_64-7.3.2-20220804-6354275  User: oesteban  Machine: dna078  Platform: Linux  PlatformVersion: 5.14.0-427.37.1.el9_4.x86_64  CompilerName: GCC  CompilerVersion: 8.4.0
ProgramName: mri_segstats  ProgramArguments: mri_segstats -all-info  ProgramVersion: 7.3.2  TimeStamp: 2026/03/06-07:46:03-GMT  BuildTime: Aug  4 2022 06:17:15  BuildStamp: freesurfer-linux-ubuntu22_x86_64-7.3.2-20220804-6354275  User: oesteban  Machine: dna078  Platform: Linux  PlatformVersion: 5.14.0-427.37.1.el9_4.x86_64  CompilerName: GCC  CompilerVersion: 8.4.0
ProgramName: mris_euler_number  ProgramArguments: mris_euler_number -all-info  ProgramVersion: 7.3.2  TimeStamp: 2026/03/06-07:46:03-GMT  BuildTime: Aug  4 2022 06:17:15  BuildStamp: freesurfer-linux-ubuntu22_x86_64-7.3.2-20220804-6354275  User: oesteban  Machine: dna078  Platform: Linux  PlatformVersion: 5.14.0-427.37.1.el9_4.x86_64  CompilerName: GCC  CompilerVersion: 8.4.0
ProgramName: mris_fix_topology  ProgramArguments: mris_fix_topology -all-info  ProgramVersion: 7.3.2  TimeStamp: 2026/03/06-07:46:03-GMT  BuildTime: Aug  4 2022 06:17:15  BuildStamp: freesurfer-linux-ubuntu22_x86_64-7.3.2-20220804-6354275  User: oesteban  Machine: dna078  Platform: Linux  PlatformVersion: 5.14.0-427.37.1.el9_4.x86_64  CompilerName: GCC  CompilerVersion: 8.4.0
ProgramName: mris_topo_fixer  ProgramArguments: mris_topo_fixer -all-info  ProgramVersion: 7.3.2  TimeStamp: 2026/03/06-07:46:03-GMT  BuildTime: Aug  4 2022 06:17:15  BuildStamp: freesurfer-linux-ubuntu22_x86_64-7.3.2-20220804-6354275  User: oesteban  Machine: dna078  Platform: Linux  PlatformVersion: 5.14.0-427.37.1.el9_4.x86_64  CompilerName: GCC  CompilerVersion: 8.4.0
ProgramName: mris_jacobian  ProgramArguments: mris_jacobian -all-info  ProgramVersion: 7.3.2  TimeStamp: 2026/03/06-07:46:03-GMT  BuildTime: Aug  4 2022 06:17:15  BuildStamp: freesurfer-linux-ubuntu22_x86_64-7.3.2-20220804-6354275  User: oesteban  Machine: dna078  Platform: Linux  PlatformVersion: 5.14.0-427.37.1.el9_4.x86_64  CompilerName: GCC  CompilerVersion: 8.4.0
ProgramName: mris_label2annot  ProgramArguments: mris_label2annot -all-info  ProgramVersion: 7.3.2  TimeStamp: 2026/03/06-07:46:03-GMT  BuildTime: Aug  4 2022 06:17:15  BuildStamp: freesurfer-linux-ubuntu22_x86_64-7.3.2-20220804-6354275  User: oesteban  Machine: dna078  Platform: Linux  PlatformVersion: 5.14.0-427.37.1.el9_4.x86_64  CompilerName: GCC  CompilerVersion: 8.4.0
ProgramName: mris_left_right_register  ProgramArguments: mris_left_right_register -all-info  ProgramVersion: 7.3.2  TimeStamp: 2026/03/06-07:46:03-GMT  BuildTime: Aug  4 2022 06:17:15  BuildStamp: freesurfer-linux-ubuntu22_x86_64-7.3.2-20220804-6354275  User: oesteban  Machine: dna078  Platform: Linux  PlatformVersion: 5.14.0-427.37.1.el9_4.x86_64  CompilerName: GCC  CompilerVersion: 8.4.0
ProgramName: mris_place_surface  ProgramArguments: mris_place_surface -all-info  ProgramVersion: 7.3.2  TimeStamp: 2026/03/06-07:46:03-GMT  BuildTime: Aug  4 2022 06:17:15  BuildStamp: freesurfer-linux-ubuntu22_x86_64-7.3.2-20220804-6354275  User: oesteban  Machine: dna078  Platform: Linux  PlatformVersion: 5.14.0-427.37.1.el9_4.x86_64  CompilerName: GCC  CompilerVersion: 8.4.0
ProgramName: mrisp_paint  ProgramArguments: mrisp_paint -all-info  ProgramVersion: 7.3.2  TimeStamp: 2026/03/06-07:46:03-GMT  BuildTime: Aug  4 2022 06:17:15  BuildStamp: freesurfer-linux-ubuntu22_x86_64-7.3.2-20220804-6354275  User: oesteban  Machine: dna078  Platform: Linux  PlatformVersion: 5.14.0-427.37.1.el9_4.x86_64  CompilerName: GCC  CompilerVersion: 8.4.0
ProgramName: mris_register  ProgramArguments: mris_register -all-info  ProgramVersion: 7.3.2  TimeStamp: 2026/03/06-07:46:03-GMT  BuildTime: Aug  4 2022 06:17:15  BuildStamp: freesurfer-linux-ubuntu22_x86_64-7.3.2-20220804-6354275  User: oesteban  Machine: dna078  Platform: Linux  PlatformVersion: 5.14.0-427.37.1.el9_4.x86_64  CompilerName: GCC  CompilerVersion: 8.4.0
ProgramName: mris_smooth  ProgramArguments: mris_smooth -all-info  ProgramVersion: 7.3.2  TimeStamp: 2026/03/06-07:46:03-GMT  BuildTime: Aug  4 2022 06:17:15  BuildStamp: freesurfer-linux-ubuntu22_x86_64-7.3.2-20220804-6354275  User: oesteban  Machine: dna078  Platform: Linux  PlatformVersion: 5.14.0-427.37.1.el9_4.x86_64  CompilerName: GCC  CompilerVersion: 8.4.0
ProgramName: mris_sphere  ProgramArguments: mris_sphere -all-info  ProgramVersion: 7.3.2  TimeStamp: 2026/03/06-07:46:03-GMT  BuildTime: Aug  4 2022 06:17:15  BuildStamp: freesurfer-linux-ubuntu22_x86_64-7.3.2-20220804-6354275  User: oesteban  Machine: dna078  Platform: Linux  PlatformVersion: 5.14.0-427.37.1.el9_4.x86_64  CompilerName: GCC  CompilerVersion: 8.4.0
ProgramName: mris_surface_stats  ProgramArguments: mris_surface_stats -all-info  ProgramVersion: 7.3.2  TimeStamp: 2026/03/06-07:46:03-GMT  BuildTime: Aug  4 2022 06:17:15  BuildStamp: freesurfer-linux-ubuntu22_x86_64-7.3.2-20220804-6354275  User: oesteban  Machine: dna078  Platform: Linux  PlatformVersion: 5.14.0-427.37.1.el9_4.x86_64  CompilerName: GCC  CompilerVersion: 8.4.0
ProgramName: mri_stats2seg  ProgramArguments: mri_stats2seg -all-info  ProgramVersion: 7.3.2  TimeStamp: 2026/03/06-07:46:03-GMT  BuildTime: Aug  4 2022 06:17:15  BuildStamp: freesurfer-linux-ubuntu22_x86_64-7.3.2-20220804-6354275  User: oesteban  Machine: dna078  Platform: Linux  PlatformVersion: 5.14.0-427.37.1.el9_4.x86_64  CompilerName: GCC  CompilerVersion: 8.4.0
ProgramName: mris_thickness  ProgramArguments: mris_thickness -all-info  ProgramVersion: 7.3.2  TimeStamp: 2026/03/06-07:46:03-GMT  BuildTime: Aug  4 2022 06:17:15  BuildStamp: freesurfer-linux-ubuntu22_x86_64-7.3.2-20220804-6354275  User: oesteban  Machine: dna078  Platform: Linux  PlatformVersion: 5.14.0-427.37.1.el9_4.x86_64  CompilerName: GCC  CompilerVersion: 8.4.0
ProgramName: mris_thickness_diff  ProgramArguments: mris_thickness_diff -all-info  ProgramVersion: 7.3.2  TimeStamp: 2026/03/06-07:46:03-GMT  BuildTime: Aug  4 2022 06:17:15  BuildStamp: freesurfer-linux-ubuntu22_x86_64-7.3.2-20220804-6354275  User: oesteban  Machine: dna078  Platform: Linux  PlatformVersion: 5.14.0-427.37.1.el9_4.x86_64  CompilerName: GCC  CompilerVersion: 8.4.0
ProgramName: mris_topo_fixer  ProgramArguments: mris_topo_fixer -all-info  ProgramVersion: 7.3.2  TimeStamp: 2026/03/06-07:46:03-GMT  BuildTime: Aug  4 2022 06:17:15  BuildStamp: freesurfer-linux-ubuntu22_x86_64-7.3.2-20220804-6354275  User: oesteban  Machine: dna078  Platform: Linux  PlatformVersion: 5.14.0-427.37.1.el9_4.x86_64  CompilerName: GCC  CompilerVersion: 8.4.0
ProgramName: mri_surf2surf  ProgramArguments: mri_surf2surf -all-info  ProgramVersion: 7.3.2  TimeStamp: 2026/03/06-07:46:03-GMT  BuildTime: Aug  4 2022 06:17:15  BuildStamp: freesurfer-linux-ubuntu22_x86_64-7.3.2-20220804-6354275  User: oesteban  Machine: dna078  Platform: Linux  PlatformVersion: 5.14.0-427.37.1.el9_4.x86_64  CompilerName: GCC  CompilerVersion: 8.4.0
ProgramName: mri_surf2vol  ProgramArguments: mri_surf2vol -all-info  ProgramVersion: 7.3.2  TimeStamp: 2026/03/06-07:46:03-GMT  BuildTime: Aug  4 2022 06:17:15  BuildStamp: freesurfer-linux-ubuntu22_x86_64-7.3.2-20220804-6354275  User: oesteban  Machine: dna078  Platform: Linux  PlatformVersion: 5.14.0-427.37.1.el9_4.x86_64  CompilerName: GCC  CompilerVersion: 8.4.0
ProgramName: mri_surfcluster  ProgramArguments: mri_surfcluster -all-info  ProgramVersion: 7.3.2  TimeStamp: 2026/03/06-07:46:03-GMT  BuildTime: Aug  4 2022 06:17:15  BuildStamp: freesurfer-linux-ubuntu22_x86_64-7.3.2-20220804-6354275  User: oesteban  Machine: dna078  Platform: Linux  PlatformVersion: 5.14.0-427.37.1.el9_4.x86_64  CompilerName: GCC  CompilerVersion: 8.4.0
ProgramName: mris_volmask  ProgramArguments: mris_volmask -all-info  ProgramVersion: 7.3.2  TimeStamp: 2026/03/06-07:46:03-GMT  BuildTime: Aug  4 2022 06:17:15  BuildStamp: freesurfer-linux-ubuntu22_x86_64-7.3.2-20220804-6354275  User: oesteban  Machine: dna078  Platform: Linux  PlatformVersion: 5.14.0-427.37.1.el9_4.x86_64  CompilerName: GCC  CompilerVersion: 8.4.0
ProgramName: mri_tessellate  ProgramArguments: mri_tessellate -all-info  ProgramVersion: 7.3.2  TimeStamp: 2026/03/06-07:46:03-GMT  BuildTime: Aug  4 2022 06:17:15  BuildStamp: freesurfer-linux-ubuntu22_x86_64-7.3.2-20220804-6354275  User: oesteban  Machine: dna078  Platform: Linux  PlatformVersion: 5.14.0-427.37.1.el9_4.x86_64  CompilerName: GCC  CompilerVersion: 8.4.0
ProgramName: mri_vol2surf  ProgramArguments: mri_vol2surf -all-info  ProgramVersion: 7.3.2  TimeStamp: 2026/03/06-07:46:03-GMT  BuildTime: Aug  4 2022 06:17:15  BuildStamp: freesurfer-linux-ubuntu22_x86_64-7.3.2-20220804-6354275  User: oesteban  Machine: dna078  Platform: Linux  PlatformVersion: 5.14.0-427.37.1.el9_4.x86_64  CompilerName: GCC  CompilerVersion: 8.4.0
ProgramName: mri_vol2vol  ProgramArguments: mri_vol2vol -all-info  ProgramVersion: 7.3.2  TimeStamp: 2026/03/06-07:46:03-GMT  BuildTime: Aug  4 2022 06:17:15  BuildStamp: freesurfer-linux-ubuntu22_x86_64-7.3.2-20220804-6354275  User: oesteban  Machine: dna078  Platform: Linux  PlatformVersion: 5.14.0-427.37.1.el9_4.x86_64  CompilerName: GCC  CompilerVersion: 8.4.0
ProgramName: mri_voldiff  ProgramArguments: mri_voldiff -all-info  ProgramVersion: 7.3.2  TimeStamp: 2026/03/06-07:46:03-GMT  BuildTime: Aug  4 2022 06:17:15  BuildStamp: freesurfer-linux-ubuntu22_x86_64-7.3.2-20220804-6354275  User: oesteban  Machine: dna078  Platform: Linux  PlatformVersion: 5.14.0-427.37.1.el9_4.x86_64  CompilerName: GCC  CompilerVersion: 8.4.0
ProgramName: mri_watershed  ProgramArguments: mri_watershed -all-info  ProgramVersion: 7.3.2  TimeStamp: 2026/03/06-07:46:03-GMT  BuildTime: Aug  4 2022 06:17:15  BuildStamp: freesurfer-linux-ubuntu22_x86_64-7.3.2-20220804-6354275  User: oesteban  Machine: dna078  Platform: Linux  PlatformVersion: 5.14.0-427.37.1.el9_4.x86_64  CompilerName: GCC  CompilerVersion: 8.4.0
ProgramName: tkregister2  ProgramArguments: tkregister2_cmdl -all-info  ProgramVersion: 7.3.2  TimeStamp: 2026/03/06-07:46:03-GMT  BuildTime: Aug  4 2022 06:17:15  BuildStamp: freesurfer-linux-ubuntu22_x86_64-7.3.2-20220804-6354275  User: oesteban  Machine: dna078  Platform: Linux  PlatformVersion: 5.14.0-427.37.1.el9_4.x86_64  CompilerName: GCC  CompilerVersion: 8.4.0
mri_motion_correct.fsl 7.3.2
mri_convert -all-info 
ProgramName: mri_convert  ProgramArguments: mri_convert -all-info  ProgramVersion: 7.3.2  TimeStamp: 2026/03/06-07:46:03-GMT  BuildTime: Aug  4 2022 06:17:15  BuildStamp: freesurfer-linux-ubuntu22_x86_64-7.3.2-20220804-6354275  User: oesteban  Machine: dna078  Platform: Linux  PlatformVersion: 5.14.0-427.37.1.el9_4.x86_64  CompilerName: GCC  CompilerVersion: 8.4.0
Program nu_correct, built from:
Package MNI N3, version 1.12.0, compiled by nicks@terrier (x86_64-unknown-linux-gnu) on 2015-06-19 at 01:25:34
#######################################
GCADIR /opt/freesurfer/average
GCA RB_all_2020-01-02.gca
GCASkull RB_all_withskull_2020_01_02.gca
AvgCurvTif folding.atlas.acfb40.noaparc.i12.2016-08-02.tif
GCSDIR /opt/freesurfer/average
GCS DKaparc.atlas.acfb40.noaparc.i12.2016-08-02.gcs
#######################################
#--------------------------------------------
#@# AutoDetGWStats lh Fri Mar  6 08:46:03 CET 2026
cd /out/sourcedata/freesurfer/sub-v1s10x0051006_ses-1/mri
mris_autodet_gwstats --o ../surf/autodet.gw.stats.lh.dat --i brain.finalsurfs.mgz --wm wm.mgz --surf ../surf/lh.orig.premesh
  Update not needed
#--------------------------------------------
#@# WhitePreAparc lh Fri Mar  6 08:46:03 CET 2026
cd /out/sourcedata/freesurfer/sub-v1s10x0051006_ses-1/mri
mris_place_surface --adgws-in ../surf/autodet.gw.stats.lh.dat --wm wm.mgz --threads 16 --invol brain.finalsurfs.mgz --lh --i ../surf/lh.orig --o ../surf/lh.white.preaparc --white --seg aseg.presurf.mgz --nsmooth 5
   Update not needed
#--------------------------------------------
#@# CortexLabel lh Fri Mar  6 08:46:03 CET 2026
cd /out/sourcedata/freesurfer/sub-v1s10x0051006_ses-1/mri
mri_label2label --label-cortex ../surf/lh.white.preaparc aseg.presurf.mgz 0 ../label/lh.cortex.label
   Update not needed
#--------------------------------------------
#@# CortexLabel+HipAmyg lh Fri Mar  6 08:46:03 CET 2026
cd /out/sourcedata/freesurfer/sub-v1s10x0051006_ses-1/mri
mri_label2label --label-cortex ../surf/lh.white.preaparc aseg.presurf.mgz 1 ../label/lh.cortex+hipamyg.label
   Update not needed
#@# white curv lh Fri Mar  6 08:46:03 CET 2026
cd /out/sourcedata/freesurfer/sub-v1s10x0051006_ses-1/mri
mris_place_surface --curv-map ../surf/lh.white 2 10 ../surf/lh.curv
   Update not needed
#@# white area lh Fri Mar  6 08:46:03 CET 2026
cd /out/sourcedata/freesurfer/sub-v1s10x0051006_ses-1/mri
mris_place_surface --area-map ../surf/lh.white ../surf/lh.area
   Update not needed
#@# pial curv lh Fri Mar  6 08:46:03 CET 2026
cd /out/sourcedata/freesurfer/sub-v1s10x0051006_ses-1/mri
mris_place_surface --curv-map ../surf/lh.pial 2 10 ../surf/lh.curv.pial
   Update not needed
#@# pial area lh Fri Mar  6 08:46:03 CET 2026
cd /out/sourcedata/freesurfer/sub-v1s10x0051006_ses-1/mri
mris_place_surface --area-map ../surf/lh.pial ../surf/lh.area.pial
   Update not needed
#@# thickness lh Fri Mar  6 08:46:03 CET 2026
cd /out/sourcedata/freesurfer/sub-v1s10x0051006_ses-1/mri
mris_place_surface --thickness ../surf/lh.white ../surf/lh.pial 20 5 ../surf/lh.thickness
   Update not needed
#@# area and vertex vol lh Fri Mar  6 08:46:04 CET 2026
cd /out/sourcedata/freesurfer/sub-v1s10x0051006_ses-1/mri
mris_place_surface --thickness ../surf/lh.white ../surf/lh.pial 20 5 ../surf/lh.thickness
   Update not needed
#-----------------------------------------
#@# Parcellation Stats lh Fri Mar  6 08:46:04 CET 2026
/out/sourcedata/freesurfer/sub-v1s10x0051006_ses-1/scripts

 mris_anatomical_stats -th3 -mgz -noglobal -cortex ../label/lh.cortex.label -f ../stats/lh.aparc.stats -b -a ../label/lh.aparc.annot -c ../label/aparc.annot.ctab sub-v1s10x0051006_ses-1 lh white 

computing statistics for each annotation in ../label/lh.aparc.annot.
reading volume /out/sourcedata/freesurfer/sub-v1s10x0051006_ses-1/mri/wm.mgz...
reading input surface /out/sourcedata/freesurfer/sub-v1s10x0051006_ses-1/surf/lh.white...
reading input pial surface /out/sourcedata/freesurfer/sub-v1s10x0051006_ses-1/surf/lh.pial...
reading input white surface /out/sourcedata/freesurfer/sub-v1s10x0051006_ses-1/surf/lh.white...
INFO: using TH3 volume calc
INFO: assuming MGZ format for volumes.
INFO: not computing global stats
INFO: using ../label/lh.cortex.label as mask to calc cortex NumVert, SurfArea and MeanThickness.
Using TH3 vertex volume calc
Total face volume 275988
Total vertex volume 275766 (mask=0)
Saving annotation colortable ../label/aparc.annot.ctab

table columns are:
    number of vertices
    total surface area (mm^2)
    total gray matter volume (mm^3)
    average cortical thickness +- standard deviation (mm)
    integrated rectified mean curvature
    integrated rectified Gaussian curvature
    folding index
    intrinsic curvature index
    structure name

 1370    945   2316  2.690 0.611     0.098     0.018        9     1.0  bankssts
  754    481   1124  2.315 0.545     0.125     0.014       13     0.5  caudalanteriorcingulate
 2956   2090   7173  3.098 0.537     0.107     0.019       28     2.3  caudalmiddlefrontal
 2483   1808   3852  2.086 0.643     0.147     0.031       33     3.5  cuneus
  456    313   1436  3.174 0.681     0.090     0.015        2     0.3  entorhinal
 3690   2671   8519  2.878 0.665     0.118     0.022       42     3.5  fusiform
 4810   3367  10878  2.855 0.535     0.108     0.019       49     3.7  inferiorparietal
 4463   3258  12155  3.125 0.725     0.121     0.024       80     4.6  inferiortemporal
 1372    931   2545  2.591 0.895     0.113     0.024       16     1.3  isthmuscingulate
 6823   4884  13721  2.493 0.655     0.137     0.030       90     8.1  lateraloccipital
 3643   2631   8806  3.080 0.800     0.126     0.027       37     4.2  lateralorbitofrontal
 5025   3837   9772  2.268 0.685     0.146     0.037       70     7.5  lingual
 2361   1801   4876  2.562 0.699     0.138     0.033       53     3.1  medialorbitofrontal
 4804   3663  15527  3.317 0.794     0.127     0.025       63     5.5  middletemporal
 1041    640   1811  2.245 0.813     0.079     0.028       11     1.0  parahippocampal
 1885   1250   4007  2.955 0.668     0.097     0.019       14     1.4  paracentral
 2688   1944   6523  2.944 0.608     0.104     0.021       26     2.3  parsopercularis
  941    750   3331  3.429 0.732     0.139     0.037       15     1.4  parsorbitalis
 2461   1762   6248  2.933 0.733     0.100     0.018       21     1.9  parstriangularis
 2138   1526   2649  1.965 0.589     0.125     0.027       22     2.5  pericalcarine
 5482   3793   9671  2.275 0.777     0.105     0.019       47     4.5  postcentral
 1574   1109   3145  2.486 0.940     0.127     0.024       21     1.7  posteriorcingulate
 6868   4609  13541  2.667 0.649     0.101     0.018       50     5.2  precentral
 5026   3607  11477  2.860 0.611     0.114     0.023       48     4.7  precuneus
  888    597   1522  2.337 0.652     0.100     0.015        9     0.5  rostralanteriorcingulate
 9636   7210  26073  2.959 0.658     0.121     0.026      112    10.5  rostralmiddlefrontal
10379   7449  29226  3.241 0.706     0.117     0.024       97    10.1  superiorfrontal
 6781   4761  14512  2.681 0.560     0.117     0.022       71     6.0  superiorparietal
 6066   4073  12857  2.768 0.783     0.100     0.021       56     5.0  superiortemporal
 6315   4515  15166  2.830 0.765     0.115     0.023       62     6.2  supramarginal
  359    287   1425  3.354 0.441     0.155     0.033        7     0.4  frontalpole
  603    469   2543  3.505 0.710     0.125     0.027       10     0.6  temporalpole
  566    404   1126  2.868 0.556     0.142     0.027        7     0.6  transversetemporal
 3194   2176   6210  3.038 0.835     0.102     0.025       22     3.0  insula

 mris_anatomical_stats -th3 -mgz -noglobal -cortex ../label/lh.cortex.label -f ../stats/lh.aparc.pial.stats -b -a ../label/lh.aparc.annot -c ../label/aparc.annot.ctab sub-v1s10x0051006_ses-1 lh pial 

computing statistics for each annotation in ../label/lh.aparc.annot.
reading volume /out/sourcedata/freesurfer/sub-v1s10x0051006_ses-1/mri/wm.mgz...
reading input surface /out/sourcedata/freesurfer/sub-v1s10x0051006_ses-1/surf/lh.pial...
reading input pial surface /out/sourcedata/freesurfer/sub-v1s10x0051006_ses-1/surf/lh.pial...
reading input white surface /out/sourcedata/freesurfer/sub-v1s10x0051006_ses-1/surf/lh.white...
INFO: using TH3 volume calc
INFO: assuming MGZ format for volumes.
INFO: not computing global stats
INFO: using ../label/lh.cortex.label as mask to calc cortex NumVert, SurfArea and MeanThickness.
Using TH3 vertex volume calc
Total face volume 275988
Total vertex volume 275766 (mask=0)
Saving annotation colortable ../label/aparc.annot.ctab

table columns are:
    number of vertices
    total surface area (mm^2)
    total gray matter volume (mm^3)
    average cortical thickness +- standard deviation (mm)
    integrated rectified mean curvature
    integrated rectified Gaussian curvature
    folding index
    intrinsic curvature index
    structure name

 1370    845   2316  2.690 0.611     0.139     0.042       36     2.3  bankssts
  754    534   1124  2.315 0.545     0.154     0.060       38     2.1  caudalanteriorcingulate
 2956   2488   7173  3.098 0.537     0.134     0.031       58     3.9  caudalmiddlefrontal
 2483   2161   3852  2.086 0.643     0.158     0.043       54     4.6  cuneus
  456    657   1436  3.174 0.681     0.304     0.078       16     2.0  entorhinal
 3690   3262   8519  2.878 0.665     0.167     0.043       88     6.8  fusiform
 4810   4279  10878  2.855 0.535     0.147     0.032       68     7.1  inferiorparietal
 4463   4357  12155  3.125 0.725     0.167     0.040      117     7.9  inferiortemporal
 1372   1161   2545  2.591 0.895     0.200     0.068       36     3.8  isthmuscingulate
 6823   6079  13721  2.493 0.655     0.141     0.035      176     9.8  lateraloccipital
 3643   3246   8806  3.080 0.800     0.183     0.052      124     8.5  lateralorbitofrontal
 5025   5125   9772  2.268 0.685     0.196     0.057      165    11.4  lingual
 2361   2309   4876  2.562 0.699     0.189     0.051       52     5.1  medialorbitofrontal
 4804   5501  15527  3.317 0.794     0.200     0.047      130     9.9  middletemporal
 1041   1060   1811  2.245 0.813     0.222     0.072       18     3.4  parahippocampal
 1885   1550   4007  2.955 0.668     0.153     0.050       53     3.9  paracentral
 2688   2587   6523  2.944 0.608     0.170     0.038       77     4.7  parsopercularis
  941   1140   3331  3.429 0.732     0.207     0.056       38     2.0  parsorbitalis
 2461   2531   6248  2.933 0.733     0.203     0.055       68     6.3  parstriangularis
 2138   1305   2649  1.965 0.589     0.135     0.041       77     3.6  pericalcarine
 5482   4764   9671  2.275 0.777     0.143     0.033       69     8.0  postcentral
 1574   1361   3145  2.486 0.940     0.187     0.062       79     4.2  posteriorcingulate
 6868   5378  13541  2.667 0.649     0.125     0.029      104     8.4  precentral
 5026   4379  11477  2.860 0.611     0.154     0.038      109     8.2  precuneus
  888    733   1522  2.337 0.652     0.183     0.055       31     2.1  rostralanteriorcingulate
 9636   9882  26073  2.959 0.658     0.173     0.045     1830    15.9  rostralmiddlefrontal
10379  10139  29226  3.241 0.706     0.165     0.042      281    17.6  superiorfrontal
 6781   5970  14512  2.681 0.560     0.141     0.029      118     8.4  superiorparietal
 6066   5347  12857  2.768 0.783     0.176     0.055      170    12.8  superiortemporal
 6315   5963  15166  2.830 0.765     0.164     0.043      144    10.5  supramarginal
  359    582   1425  3.354 0.441     0.264     0.046       17     0.7  frontalpole
  603    981   2543  3.505 0.710     0.279     0.073       13     2.1  temporalpole
  566    454   1126  2.868 0.556     0.204     0.064       63     1.5  transversetemporal
 3194   2143   6210  3.038 0.835     0.175     0.069      117     8.3  insula
#-----------------------------------------
#@# Parcellation Stats 2 lh Fri Mar  6 08:46:18 CET 2026
/out/sourcedata/freesurfer/sub-v1s10x0051006_ses-1/scripts

 mris_anatomical_stats -th3 -mgz -noglobal -cortex ../label/lh.cortex.label -f ../stats/lh.aparc.a2009s.stats -b -a ../label/lh.aparc.a2009s.annot -c ../label/aparc.annot.a2009s.ctab sub-v1s10x0051006_ses-1 lh white 

computing statistics for each annotation in ../label/lh.aparc.a2009s.annot.
reading volume /out/sourcedata/freesurfer/sub-v1s10x0051006_ses-1/mri/wm.mgz...
reading input surface /out/sourcedata/freesurfer/sub-v1s10x0051006_ses-1/surf/lh.white...
reading input pial surface /out/sourcedata/freesurfer/sub-v1s10x0051006_ses-1/surf/lh.pial...
reading input white surface /out/sourcedata/freesurfer/sub-v1s10x0051006_ses-1/surf/lh.white...
INFO: using TH3 volume calc
INFO: assuming MGZ format for volumes.
INFO: not computing global stats
INFO: using ../label/lh.cortex.label as mask to calc cortex NumVert, SurfArea and MeanThickness.
Using TH3 vertex volume calc
Total face volume 275988
Total vertex volume 275766 (mask=0)
Saving annotation colortable ../label/aparc.annot.a2009s.ctab

table columns are:
    number of vertices
    total surface area (mm^2)
    total gray matter volume (mm^3)
    average cortical thickness +- standard deviation (mm)
    integrated rectified mean curvature
    integrated rectified Gaussian curvature
    folding index
    intrinsic curvature index
    structure name

 1478   1120   3745  2.909 0.591     0.135     0.031       18     1.9  G_and_S_frontomargin
 1503   1109   4030  2.898 0.660     0.141     0.031       21     1.8  G_and_S_occipital_inf
 1476   1006   3157  2.647 0.578     0.120     0.024       16     1.5  G_and_S_paracentral
 1325    986   3029  2.638 0.625     0.130     0.028       17     1.5  G_and_S_subcentral
  679    526   2686  3.444 0.587     0.152     0.039       12     1.0  G_and_S_transv_frontopol
 1973   1405   3643  2.611 0.589     0.112     0.019       19     1.6  G_and_S_cingul-Ant
 1244    834   2023  2.651 0.552     0.104     0.013        9     0.7  G_and_S_cingul-Mid-Ant
 1099    791   2182  2.658 0.702     0.110     0.020        9     1.0  G_and_S_cingul-Mid-Post
  583    437   1905  3.426 0.817     0.152     0.037       10     0.9  G_cingul-Post-dorsal
  340    219    644  2.680 0.762     0.125     0.029        4     0.4  G_cingul-Post-ventral
 2317   1729   3826  1.983 0.642     0.157     0.037       35     3.7  G_cuneus
 1358   1054   4399  3.089 0.665     0.123     0.032       19     1.8  G_front_inf-Opercular
  497    422   1912  3.120 0.946     0.155     0.038        8     0.9  G_front_inf-Orbital
 1289    954   4056  2.951 0.713     0.120     0.025       16     1.3  G_front_inf-Triangul
 4959   3858  16436  3.117 0.718     0.135     0.030       78     6.3  G_front_middle
 7103   5180  23444  3.422 0.698     0.127     0.028       83     8.0  G_front_sup
  624    439   1201  2.581 0.634     0.115     0.037        6     0.7  G_Ins_lg_and_S_cent_ins
  657    479   1832  2.987 0.966     0.116     0.032        6     0.8  G_insular_short
 1568   1091   4102  2.773 0.711     0.136     0.033       27     1.8  G_occipital_middle
 1328    989   2612  2.264 0.620     0.150     0.032       19     1.8  G_occipital_sup
 1347   1047   3937  3.001 0.649     0.131     0.025       20     1.5  G_oc-temp_lat-fusifor
 3089   2427   6623  2.183 0.714     0.157     0.045       52     5.4  G_oc-temp_med-Lingual
 1111    698   2619  2.695 0.845     0.081     0.023       10     0.9  G_oc-temp_med-Parahip
 2225   1768   7666  3.154 0.881     0.144     0.040       37     3.4  G_orbital
 2110   1518   6614  3.144 0.669     0.123     0.024       27     1.9  G_pariet_inf-Angular
 3121   2332   9097  2.933 0.791     0.129     0.029       41     3.7  G_pariet_inf-Supramar
 2209   1631   6308  2.904 0.592     0.129     0.025       31     2.2  G_parietal_sup
 2036   1440   4466  2.453 0.779     0.119     0.023       23     1.9  G_postcentral
 2344   1610   6111  2.806 0.709     0.109     0.023       20     2.2  G_precentral
 2438   1862   7408  2.992 0.653     0.134     0.030       34     3.0  G_precuneus
  879    752   2349  2.696 0.752     0.174     0.045       37     1.8  G_rectus
  596    373    871  2.288 0.696     0.095     0.036        6     0.5  G_subcallosal
  418    290    922  2.801 0.552     0.136     0.028        6     0.4  G_temp_sup-G_T_transv
 2000   1400   6005  2.932 0.834     0.128     0.032       34     2.3  G_temp_sup-Lateral
  705    471   1566  2.919 0.797     0.102     0.027        6     0.8  G_temp_sup-Plan_polar
 1654   1109   2605  2.328 0.617     0.086     0.016       11     1.2  G_temp_sup-Plan_tempo
 2236   1712   7772  3.187 0.706     0.132     0.028       67     2.8  G_temporal_inf
 2564   2075  10626  3.530 0.785     0.142     0.030       43     3.3  G_temporal_middle
  440    280    623  2.464 0.520     0.073     0.007        1     0.2  Lat_Fis-ant-Horizont
  424    287    660  2.694 0.655     0.076     0.009        2     0.1  Lat_Fis-ant-Vertical
 1085    746   1845  3.027 0.657     0.097     0.016        7     0.8  Lat_Fis-post
 1862   1419   3543  2.283 0.627     0.157     0.037       31     2.6  Pole_occipital
 1381   1122   6229  3.672 0.798     0.144     0.035       25     1.9  Pole_temporal
 2590   1814   3334  2.107 0.611     0.114     0.023       22     2.4  S_calcarine
 2909   1893   3080  1.880 0.579     0.086     0.012       14     1.5  S_central
 1091    703   1809  3.094 0.502     0.081     0.013        4     0.6  S_cingul-Marginalis
  600    401    978  3.063 0.715     0.099     0.016        2     0.5  S_circular_insula_ant
 1308    859   2127  3.093 0.952     0.079     0.013        6     0.7  S_circular_insula_inf
 1732   1132   2845  3.165 0.628     0.091     0.016        7     1.1  S_circular_insula_sup
  691    475   1404  3.245 0.619     0.096     0.012        5     0.4  S_collat_transv_ant
  636    435    919  2.389 0.494     0.138     0.026        7     0.8  S_collat_transv_post
 3155   2182   6317  2.869 0.556     0.094     0.016       20     2.2  S_front_inf
 1416   1090   3320  2.783 0.558     0.114     0.019       14     1.2  S_front_middle
 2705   1818   4803  2.858 0.499     0.088     0.014       11     1.6  S_front_sup
  138    103    295  3.324 0.436     0.115     0.019        1     0.1  S_interm_prim-Jensen
 2793   1867   4789  2.718 0.406     0.097     0.016       18     2.0  S_intrapariet_and_P_trans
 1139    764   1560  2.266 0.435     0.107     0.017        8     0.9  S_oc_middle_and_Lunatus
 1119    730   1692  2.541 0.483     0.095     0.013        7     0.6  S_oc_sup_and_transversal
  482    337    686  2.565 0.262     0.119     0.021        4     0.4  S_occipital_ant
 1008    704   1695  2.854 0.612     0.103     0.018        6     0.7  S_oc-temp_lat
 2395   1695   3712  2.409 0.653     0.117     0.023       20     2.5  S_oc-temp_med_and_Lingual
  291    200    595  3.010 0.497     0.089     0.014        1     0.1  S_orbital_lateral
  559    388    763  2.326 0.633     0.111     0.015        4     0.3  S_orbital_med-olfact
 1312    912   2824  3.331 0.638     0.114     0.021        9     1.2  S_orbital-H_Shaped
 2163   1461   3366  2.529 0.561     0.097     0.017       13     1.6  S_parieto_occipital
 1112    688   1101  1.842 0.710     0.112     0.017       21     0.8  S_pericallosal
 2736   1823   3877  2.459 0.493     0.104     0.018       18     2.2  S_postcentral
 1653   1052   2552  2.910 0.406     0.078     0.010        5     0.7  S_precentral-inf-part
 1437    956   2547  2.873 0.554     0.082     0.011        7     0.8  S_precentral-sup-part
  458    320    811  2.829 0.536     0.108     0.012        3     0.2  S_suborbital
  818    576   1555  2.866 0.452     0.106     0.016        6     0.6  S_subparietal
 1872   1256   2880  2.843 0.576     0.106     0.019       10     1.6  S_temporal_inf
 5510   3713   9561  2.833 0.587     0.096     0.015       34     3.8  S_temporal_sup
  399    269    645  2.669 0.708     0.085     0.009        2     0.2  S_temporal_transverse
#-----------------------------------------
#@# Parcellation Stats 3 lh Fri Mar  6 08:46:25 CET 2026
/out/sourcedata/freesurfer/sub-v1s10x0051006_ses-1/scripts

 mris_anatomical_stats -th3 -mgz -noglobal -cortex ../label/lh.cortex.label -f ../stats/lh.aparc.DKTatlas.stats -b -a ../label/lh.aparc.DKTatlas.annot -c ../label/aparc.annot.DKTatlas.ctab sub-v1s10x0051006_ses-1 lh white 

computing statistics for each annotation in ../label/lh.aparc.DKTatlas.annot.
reading volume /out/sourcedata/freesurfer/sub-v1s10x0051006_ses-1/mri/wm.mgz...
reading input surface /out/sourcedata/freesurfer/sub-v1s10x0051006_ses-1/surf/lh.white...
reading input pial surface /out/sourcedata/freesurfer/sub-v1s10x0051006_ses-1/surf/lh.pial...
reading input white surface /out/sourcedata/freesurfer/sub-v1s10x0051006_ses-1/surf/lh.white...
INFO: using TH3 volume calc
INFO: assuming MGZ format for volumes.
INFO: not computing global stats
INFO: using ../label/lh.cortex.label as mask to calc cortex NumVert, SurfArea and MeanThickness.
Using TH3 vertex volume calc
Total face volume 275988
Total vertex volume 275766 (mask=0)
Saving annotation colortable ../label/aparc.annot.DKTatlas.ctab

table columns are:
    number of vertices
    total surface area (mm^2)
    total gray matter volume (mm^3)
    average cortical thickness +- standard deviation (mm)
    integrated rectified mean curvature
    integrated rectified Gaussian curvature
    folding index
    intrinsic curvature index
    structure name

 1541    979   2757  2.545 0.607     0.117     0.016       21     1.1  caudalanteriorcingulate
 3180   2245   7716  3.106 0.542     0.106     0.019       29     2.6  caudalmiddlefrontal
 3326   2396   5444  2.213 0.661     0.138     0.028       40     4.2  cuneus
  448    298   1310  3.082 0.735     0.085     0.014        2     0.2  entorhinal
 3315   2383   7272  2.853 0.668     0.117     0.022       33     3.1  fusiform
 5000   3500  11495  2.879 0.560     0.110     0.019       51     4.0  inferiorparietal
 4487   3305  12610  3.115 0.717     0.121     0.023       85     4.5  inferiortemporal
 1377    930   2571  2.613 0.891     0.117     0.026       18     1.4  isthmuscingulate
 6896   4920  13883  2.486 0.648     0.139     0.030       92     8.3  lateraloccipital
 3949   2939  10320  2.997 0.828     0.129     0.030       44     4.8  lateralorbitofrontal
 5081   3884   9914  2.267 0.686     0.145     0.036       71     7.5  lingual
 1887   1445   4132  2.626 0.735     0.139     0.032       46     2.5  medialorbitofrontal
 6154   4593  18062  3.213 0.782     0.123     0.025       73     6.8  middletemporal
 1042    645   1794  2.234 0.807     0.079     0.027       11     1.1  parahippocampal
 2277   1525   5132  3.006 0.680     0.101     0.019       17     1.8  paracentral
 2547   1837   6236  2.987 0.574     0.106     0.022       26     2.3  parsopercularis
 1089    808   2922  3.100 0.772     0.129     0.027       14     1.5  parsorbitalis
 2914   2074   7081  2.858 0.742     0.099     0.018       24     2.2  parstriangularis
 2121   1516   2645  1.974 0.588     0.125     0.027       21     2.5  pericalcarine
 6308   4359  11157  2.328 0.788     0.106     0.020       54     5.2  postcentral
 1799   1253   3584  2.542 0.905     0.123     0.024       22     1.9  posteriorcingulate
 6685   4484  13187  2.669 0.655     0.101     0.018       49     4.9  precentral
 4808   3490  11436  2.873 0.617     0.115     0.023       48     4.6  precuneus
 1464   1000   2678  2.473 0.686     0.112     0.023       19     1.2  rostralanteriorcingulate
 6837   5191  18905  2.988 0.644     0.123     0.027       80     7.7  rostralmiddlefrontal
11336   8275  32493  3.225 0.711     0.119     0.025      111    11.3  superiorfrontal
 5249   3674  11334  2.731 0.537     0.113     0.021       53     4.3  superiorparietal
 7554   5160  17080  2.836 0.801     0.103     0.022       72     6.6  superiortemporal
 5871   4211  13961  2.810 0.755     0.116     0.022       58     5.8  supramarginal
  554    396   1111  2.858 0.555     0.143     0.027        7     0.6  transversetemporal
 2805   1898   5543  3.108 0.822     0.097     0.022       17     2.2  insula
/out/sourcedata/freesurfer/sub-v1s10x0051006_ses-1/label
#--------------------------------------------
#@# BA_exvivo Labels lh Fri Mar  6 08:46:32 CET 2026

 mri_label2label --srcsubject fsaverage --srclabel /out/sourcedata/freesurfer/fsaverage/label/lh.BA1_exvivo.label --trgsubject sub-v1s10x0051006_ses-1 --trglabel ./lh.BA1_exvivo.label --hemi lh --regmethod surface 


srclabel = /out/sourcedata/freesurfer/fsaverage/label/lh.BA1_exvivo.label
srcsubject = fsaverage
trgsubject = sub-v1s10x0051006_ses-1
trglabel = ./lh.BA1_exvivo.label
regmethod = surface

srchemi = lh
trghemi = lh
trgsurface = white
srcsurfreg = sphere.reg
trgsurfreg = sphere.reg
usehash = 1
Use ProjAbs  = 0, 0
Use ProjFrac = 0, 0
DoPaint 0

SUBJECTS_DIR    /out/sourcedata/freesurfer
FREESURFER_HOME /opt/freesurfer
Loading source label.
Found 4129 points in source label.
Starting surface-based mapping
Reading source registration 
 /out/sourcedata/freesurfer/fsaverage/surf/lh.sphere.reg
Rescaling ...  original radius = 100
Reading target surface 
 /out/sourcedata/freesurfer/sub-v1s10x0051006_ses-1/surf/lh.white
Reading target registration 
 /out/sourcedata/freesurfer/sub-v1s10x0051006_ses-1/surf/lh.sphere.reg
Rescaling ...  original radius = 100
Building target registration hash (res=16).
Building source registration hash (res=16).
INFO: found  4129 nlabel points
Performing mapping from target back to the source label 128365
Number of reverse mapping hits = 50
Checking for and removing duplicates
Writing label file ./lh.BA1_exvivo.label 4179
mri_label2label: Done


 mri_label2label --srcsubject fsaverage --srclabel /out/sourcedata/freesurfer/fsaverage/label/lh.BA2_exvivo.label --trgsubject sub-v1s10x0051006_ses-1 --trglabel ./lh.BA2_exvivo.label --hemi lh --regmethod surface 


srclabel = /out/sourcedata/freesurfer/fsaverage/label/lh.BA2_exvivo.label
srcsubject = fsaverage
trgsubject = sub-v1s10x0051006_ses-1
trglabel = ./lh.BA2_exvivo.label
regmethod = surface

srchemi = lh
trghemi = lh
trgsurface = white
srcsurfreg = sphere.reg
trgsurfreg = sphere.reg
usehash = 1
Use ProjAbs  = 0, 0
Use ProjFrac = 0, 0
DoPaint 0

SUBJECTS_DIR    /out/sourcedata/freesurfer
FREESURFER_HOME /opt/freesurfer
Loading source label.
Found 7909 points in source label.
Starting surface-based mapping
Reading source registration 
 /out/sourcedata/freesurfer/fsaverage/surf/lh.sphere.reg
Rescaling ...  original radius = 100
Reading target surface 
 /out/sourcedata/freesurfer/sub-v1s10x0051006_ses-1/surf/lh.white
Reading target registration 
 /out/sourcedata/freesurfer/sub-v1s10x0051006_ses-1/surf/lh.sphere.reg
Rescaling ...  original radius = 100
Building target registration hash (res=16).
Building source registration hash (res=16).
INFO: found  7909 nlabel points
Performing mapping from target back to the source label 128365
Number of reverse mapping hits = 149
Checking for and removing duplicates
Writing label file ./lh.BA2_exvivo.label 8058
mri_label2label: Done


 mri_label2label --srcsubject fsaverage --srclabel /out/sourcedata/freesurfer/fsaverage/label/lh.BA3a_exvivo.label --trgsubject sub-v1s10x0051006_ses-1 --trglabel ./lh.BA3a_exvivo.label --hemi lh --regmethod surface 


srclabel = /out/sourcedata/freesurfer/fsaverage/label/lh.BA3a_exvivo.label
srcsubject = fsaverage
trgsubject = sub-v1s10x0051006_ses-1
trglabel = ./lh.BA3a_exvivo.label
regmethod = surface

srchemi = lh
trghemi = lh
trgsurface = white
srcsurfreg = sphere.reg
trgsurfreg = sphere.reg
usehash = 1
Use ProjAbs  = 0, 0
Use ProjFrac = 0, 0
DoPaint 0

SUBJECTS_DIR    /out/sourcedata/freesurfer
FREESURFER_HOME /opt/freesurfer
Loading source label.
Found 4077 points in source label.
Starting surface-based mapping
Reading source registration 
 /out/sourcedata/freesurfer/fsaverage/surf/lh.sphere.reg
Rescaling ...  original radius = 100
Reading target surface 
 /out/sourcedata/freesurfer/sub-v1s10x0051006_ses-1/surf/lh.white
Reading target registration 
 /out/sourcedata/freesurfer/sub-v1s10x0051006_ses-1/surf/lh.sphere.reg
Rescaling ...  original radius = 100
Building target registration hash (res=16).
Building source registration hash (res=16).
INFO: found  4077 nlabel points
Performing mapping from target back to the source label 128365
Number of reverse mapping hits = 24
Checking for and removing duplicates
Writing label file ./lh.BA3a_exvivo.label 4101
mri_label2label: Done


 mri_label2label --srcsubject fsaverage --srclabel /out/sourcedata/freesurfer/fsaverage/label/lh.BA3b_exvivo.label --trgsubject sub-v1s10x0051006_ses-1 --trglabel ./lh.BA3b_exvivo.label --hemi lh --regmethod surface 


srclabel = /out/sourcedata/freesurfer/fsaverage/label/lh.BA3b_exvivo.label
srcsubject = fsaverage
trgsubject = sub-v1s10x0051006_ses-1
trglabel = ./lh.BA3b_exvivo.label
regmethod = surface

srchemi = lh
trghemi = lh
trgsurface = white
srcsurfreg = sphere.reg
trgsurfreg = sphere.reg
usehash = 1
Use ProjAbs  = 0, 0
Use ProjFrac = 0, 0
DoPaint 0

SUBJECTS_DIR    /out/sourcedata/freesurfer
FREESURFER_HOME /opt/freesurfer
Loading source label.
Found 5983 points in source label.
Starting surface-based mapping
Reading source registration 
 /out/sourcedata/freesurfer/fsaverage/surf/lh.sphere.reg
Rescaling ...  original radius = 100
Reading target surface 
 /out/sourcedata/freesurfer/sub-v1s10x0051006_ses-1/surf/lh.white
Reading target registration 
 /out/sourcedata/freesurfer/sub-v1s10x0051006_ses-1/surf/lh.sphere.reg
Rescaling ...  original radius = 100
Building target registration hash (res=16).
Building source registration hash (res=16).
INFO: found  5983 nlabel points
Performing mapping from target back to the source label 128365
Number of reverse mapping hits = 101
Checking for and removing duplicates
Writing label file ./lh.BA3b_exvivo.label 6084
mri_label2label: Done


 mri_label2label --srcsubject fsaverage --srclabel /out/sourcedata/freesurfer/fsaverage/label/lh.BA4a_exvivo.label --trgsubject sub-v1s10x0051006_ses-1 --trglabel ./lh.BA4a_exvivo.label --hemi lh --regmethod surface 


srclabel = /out/sourcedata/freesurfer/fsaverage/label/lh.BA4a_exvivo.label
srcsubject = fsaverage
trgsubject = sub-v1s10x0051006_ses-1
trglabel = ./lh.BA4a_exvivo.label
regmethod = surface

srchemi = lh
trghemi = lh
trgsurface = white
srcsurfreg = sphere.reg
trgsurfreg = sphere.reg
usehash = 1
Use ProjAbs  = 0, 0
Use ProjFrac = 0, 0
DoPaint 0

SUBJECTS_DIR    /out/sourcedata/freesurfer
FREESURFER_HOME /opt/freesurfer
Loading source label.
Found 5784 points in source label.
Starting surface-based mapping
Reading source registration 
 /out/sourcedata/freesurfer/fsaverage/surf/lh.sphere.reg
Rescaling ...  original radius = 100
Reading target surface 
 /out/sourcedata/freesurfer/sub-v1s10x0051006_ses-1/surf/lh.white
Reading target registration 
 /out/sourcedata/freesurfer/sub-v1s10x0051006_ses-1/surf/lh.sphere.reg
Rescaling ...  original radius = 100
Building target registration hash (res=16).
Building source registration hash (res=16).
INFO: found  5784 nlabel points
Performing mapping from target back to the source label 128365
Number of reverse mapping hits = 172
Checking for and removing duplicates
Writing label file ./lh.BA4a_exvivo.label 5956
mri_label2label: Done


 mri_label2label --srcsubject fsaverage --srclabel /out/sourcedata/freesurfer/fsaverage/label/lh.BA4p_exvivo.label --trgsubject sub-v1s10x0051006_ses-1 --trglabel ./lh.BA4p_exvivo.label --hemi lh --regmethod surface 


srclabel = /out/sourcedata/freesurfer/fsaverage/label/lh.BA4p_exvivo.label
srcsubject = fsaverage
trgsubject = sub-v1s10x0051006_ses-1
trglabel = ./lh.BA4p_exvivo.label
regmethod = surface

srchemi = lh
trghemi = lh
trgsurface = white
srcsurfreg = sphere.reg
trgsurfreg = sphere.reg
usehash = 1
Use ProjAbs  = 0, 0
Use ProjFrac = 0, 0
DoPaint 0

SUBJECTS_DIR    /out/sourcedata/freesurfer
FREESURFER_HOME /opt/freesurfer
Loading source label.
Found 4070 points in source label.
Starting surface-based mapping
Reading source registration 
 /out/sourcedata/freesurfer/fsaverage/surf/lh.sphere.reg
Rescaling ...  original radius = 100
Reading target surface 
 /out/sourcedata/freesurfer/sub-v1s10x0051006_ses-1/surf/lh.white
Reading target registration 
 /out/sourcedata/freesurfer/sub-v1s10x0051006_ses-1/surf/lh.sphere.reg
Rescaling ...  original radius = 100
Building target registration hash (res=16).
Building source registration hash (res=16).
INFO: found  4070 nlabel points
Performing mapping from target back to the source label 128365
Number of reverse mapping hits = 50
Checking for and removing duplicates
Writing label file ./lh.BA4p_exvivo.label 4120
mri_label2label: Done


 mri_label2label --srcsubject fsaverage --srclabel /out/sourcedata/freesurfer/fsaverage/label/lh.BA6_exvivo.label --trgsubject sub-v1s10x0051006_ses-1 --trglabel ./lh.BA6_exvivo.label --hemi lh --regmethod surface 


srclabel = /out/sourcedata/freesurfer/fsaverage/label/lh.BA6_exvivo.label
srcsubject = fsaverage
trgsubject = sub-v1s10x0051006_ses-1
trglabel = ./lh.BA6_exvivo.label
regmethod = surface

srchemi = lh
trghemi = lh
trgsurface = white
srcsurfreg = sphere.reg
trgsurfreg = sphere.reg
usehash = 1
Use ProjAbs  = 0, 0
Use ProjFrac = 0, 0
DoPaint 0

SUBJECTS_DIR    /out/sourcedata/freesurfer
FREESURFER_HOME /opt/freesurfer
Loading source label.
Found 13589 points in source label.
Starting surface-based mapping
Reading source registration 
 /out/sourcedata/freesurfer/fsaverage/surf/lh.sphere.reg
Rescaling ...  original radius = 100
Reading target surface 
 /out/sourcedata/freesurfer/sub-v1s10x0051006_ses-1/surf/lh.white
Reading target registration 
 /out/sourcedata/freesurfer/sub-v1s10x0051006_ses-1/surf/lh.sphere.reg
Rescaling ...  original radius = 100
Building target registration hash (res=16).
Building source registration hash (res=16).
INFO: found  13589 nlabel points
Performing mapping from target back to the source label 128365
Number of reverse mapping hits = 341
Checking for and removing duplicates
Writing label file ./lh.BA6_exvivo.label 13930
mri_label2label: Done


 mri_label2label --srcsubject fsaverage --srclabel /out/sourcedata/freesurfer/fsaverage/label/lh.BA44_exvivo.label --trgsubject sub-v1s10x0051006_ses-1 --trglabel ./lh.BA44_exvivo.label --hemi lh --regmethod surface 


srclabel = /out/sourcedata/freesurfer/fsaverage/label/lh.BA44_exvivo.label
srcsubject = fsaverage
trgsubject = sub-v1s10x0051006_ses-1
trglabel = ./lh.BA44_exvivo.label
regmethod = surface

srchemi = lh
trghemi = lh
trgsurface = white
srcsurfreg = sphere.reg
trgsurfreg = sphere.reg
usehash = 1
Use ProjAbs  = 0, 0
Use ProjFrac = 0, 0
DoPaint 0

SUBJECTS_DIR    /out/sourcedata/freesurfer
FREESURFER_HOME /opt/freesurfer
Loading source label.
Found 4181 points in source label.
Starting surface-based mapping
Reading source registration 
 /out/sourcedata/freesurfer/fsaverage/surf/lh.sphere.reg
Rescaling ...  original radius = 100
Reading target surface 
 /out/sourcedata/freesurfer/sub-v1s10x0051006_ses-1/surf/lh.white
Reading target registration 
 /out/sourcedata/freesurfer/sub-v1s10x0051006_ses-1/surf/lh.sphere.reg
Rescaling ...  original radius = 100
Building target registration hash (res=16).
Building source registration hash (res=16).
INFO: found  4181 nlabel points
Performing mapping from target back to the source label 128365
Number of reverse mapping hits = 239
Checking for and removing duplicates
Writing label file ./lh.BA44_exvivo.label 4420
mri_label2label: Done


 mri_label2label --srcsubject fsaverage --srclabel /out/sourcedata/freesurfer/fsaverage/label/lh.BA45_exvivo.label --trgsubject sub-v1s10x0051006_ses-1 --trglabel ./lh.BA45_exvivo.label --hemi lh --regmethod surface 


srclabel = /out/sourcedata/freesurfer/fsaverage/label/lh.BA45_exvivo.label
srcsubject = fsaverage
trgsubject = sub-v1s10x0051006_ses-1
trglabel = ./lh.BA45_exvivo.label
regmethod = surface

srchemi = lh
trghemi = lh
trgsurface = white
srcsurfreg = sphere.reg
trgsurfreg = sphere.reg
usehash = 1
Use ProjAbs  = 0, 0
Use ProjFrac = 0, 0
DoPaint 0

SUBJECTS_DIR    /out/sourcedata/freesurfer
FREESURFER_HOME /opt/freesurfer
Loading source label.
Found 3422 points in source label.
Starting surface-based mapping
Reading source registration 
 /out/sourcedata/freesurfer/fsaverage/surf/lh.sphere.reg
Rescaling ...  original radius = 100
Reading target surface 
 /out/sourcedata/freesurfer/sub-v1s10x0051006_ses-1/surf/lh.white
Reading target registration 
 /out/sourcedata/freesurfer/sub-v1s10x0051006_ses-1/surf/lh.sphere.reg
Rescaling ...  original radius = 100
Building target registration hash (res=16).
Building source registration hash (res=16).
INFO: found  3422 nlabel points
Performing mapping from target back to the source label 128365
Number of reverse mapping hits = 1009
Checking for and removing duplicates
Writing label file ./lh.BA45_exvivo.label 4431
mri_label2label: Done


 mri_label2label --srcsubject fsaverage --srclabel /out/sourcedata/freesurfer/fsaverage/label/lh.V1_exvivo.label --trgsubject sub-v1s10x0051006_ses-1 --trglabel ./lh.V1_exvivo.label --hemi lh --regmethod surface 


srclabel = /out/sourcedata/freesurfer/fsaverage/label/lh.V1_exvivo.label
srcsubject = fsaverage
trgsubject = sub-v1s10x0051006_ses-1
trglabel = ./lh.V1_exvivo.label
regmethod = surface

srchemi = lh
trghemi = lh
trgsurface = white
srcsurfreg = sphere.reg
trgsurfreg = sphere.reg
usehash = 1
Use ProjAbs  = 0, 0
Use ProjFrac = 0, 0
DoPaint 0

SUBJECTS_DIR    /out/sourcedata/freesurfer
FREESURFER_HOME /opt/freesurfer
Loading source label.
Found 4641 points in source label.
Starting surface-based mapping
Reading source registration 
 /out/sourcedata/freesurfer/fsaverage/surf/lh.sphere.reg
Rescaling ...  original radius = 100
Reading target surface 
 /out/sourcedata/freesurfer/sub-v1s10x0051006_ses-1/surf/lh.white
Reading target registration 
 /out/sourcedata/freesurfer/sub-v1s10x0051006_ses-1/surf/lh.sphere.reg
Rescaling ...  original radius = 100
Building target registration hash (res=16).
Building source registration hash (res=16).
INFO: found  4641 nlabel points
Performing mapping from target back to the source label 128365
Number of reverse mapping hits = 1153
Checking for and removing duplicates
Writing label file ./lh.V1_exvivo.label 5794
mri_label2label: Done


 mri_label2label --srcsubject fsaverage --srclabel /out/sourcedata/freesurfer/fsaverage/label/lh.V2_exvivo.label --trgsubject sub-v1s10x0051006_ses-1 --trglabel ./lh.V2_exvivo.label --hemi lh --regmethod surface 


srclabel = /out/sourcedata/freesurfer/fsaverage/label/lh.V2_exvivo.label
srcsubject = fsaverage
trgsubject = sub-v1s10x0051006_ses-1
trglabel = ./lh.V2_exvivo.label
regmethod = surface

srchemi = lh
trghemi = lh
trgsurface = white
srcsurfreg = sphere.reg
trgsurfreg = sphere.reg
usehash = 1
Use ProjAbs  = 0, 0
Use ProjFrac = 0, 0
DoPaint 0

SUBJECTS_DIR    /out/sourcedata/freesurfer
FREESURFER_HOME /opt/freesurfer
Loading source label.
Found 8114 points in source label.
Starting surface-based mapping
Reading source registration 
 /out/sourcedata/freesurfer/fsaverage/surf/lh.sphere.reg
Rescaling ...  original radius = 100
Reading target surface 
 /out/sourcedata/freesurfer/sub-v1s10x0051006_ses-1/surf/lh.white
Reading target registration 
 /out/sourcedata/freesurfer/sub-v1s10x0051006_ses-1/surf/lh.sphere.reg
Rescaling ...  original radius = 100
Building target registration hash (res=16).
Building source registration hash (res=16).
INFO: found  8114 nlabel points
Performing mapping from target back to the source label 128365
Number of reverse mapping hits = 2565
Checking for and removing duplicates
Writing label file ./lh.V2_exvivo.label 10679
mri_label2label: Done


 mri_label2label --srcsubject fsaverage --srclabel /out/sourcedata/freesurfer/fsaverage/label/lh.MT_exvivo.label --trgsubject sub-v1s10x0051006_ses-1 --trglabel ./lh.MT_exvivo.label --hemi lh --regmethod surface 


srclabel = /out/sourcedata/freesurfer/fsaverage/label/lh.MT_exvivo.label
srcsubject = fsaverage
trgsubject = sub-v1s10x0051006_ses-1
trglabel = ./lh.MT_exvivo.label
regmethod = surface

srchemi = lh
trghemi = lh
trgsurface = white
srcsurfreg = sphere.reg
trgsurfreg = sphere.reg
usehash = 1
Use ProjAbs  = 0, 0
Use ProjFrac = 0, 0
DoPaint 0

SUBJECTS_DIR    /out/sourcedata/freesurfer
FREESURFER_HOME /opt/freesurfer
Loading source label.
Found 2018 points in source label.
Starting surface-based mapping
Reading source registration 
 /out/sourcedata/freesurfer/fsaverage/surf/lh.sphere.reg
Rescaling ...  original radius = 100
Reading target surface 
 /out/sourcedata/freesurfer/sub-v1s10x0051006_ses-1/surf/lh.white
Reading target registration 
 /out/sourcedata/freesurfer/sub-v1s10x0051006_ses-1/surf/lh.sphere.reg
Rescaling ...  original radius = 100
Building target registration hash (res=16).
Building source registration hash (res=16).
INFO: found  2018 nlabel points
Performing mapping from target back to the source label 128365
Number of reverse mapping hits = 155
Checking for and removing duplicates
Writing label file ./lh.MT_exvivo.label 2173
mri_label2label: Done


 mri_label2label --srcsubject fsaverage --srclabel /out/sourcedata/freesurfer/fsaverage/label/lh.entorhinal_exvivo.label --trgsubject sub-v1s10x0051006_ses-1 --trglabel ./lh.entorhinal_exvivo.label --hemi lh --regmethod surface 


srclabel = /out/sourcedata/freesurfer/fsaverage/label/lh.entorhinal_exvivo.label
srcsubject = fsaverage
trgsubject = sub-v1s10x0051006_ses-1
trglabel = ./lh.entorhinal_exvivo.label
regmethod = surface

srchemi = lh
trghemi = lh
trgsurface = white
srcsurfreg = sphere.reg
trgsurfreg = sphere.reg
usehash = 1
Use ProjAbs  = 0, 0
Use ProjFrac = 0, 0
DoPaint 0

SUBJECTS_DIR    /out/sourcedata/freesurfer
FREESURFER_HOME /opt/freesurfer
Loading source label.
Found 1290 points in source label.
Starting surface-based mapping
Reading source registration 
 /out/sourcedata/freesurfer/fsaverage/surf/lh.sphere.reg
Rescaling ...  original radius = 100
Reading target surface 
 /out/sourcedata/freesurfer/sub-v1s10x0051006_ses-1/surf/lh.white
Reading target registration 
 /out/sourcedata/freesurfer/sub-v1s10x0051006_ses-1/surf/lh.sphere.reg
Rescaling ...  original radius = 100
Building target registration hash (res=16).
Building source registration hash (res=16).
INFO: found  1290 nlabel points
Performing mapping from target back to the source label 128365
Number of reverse mapping hits = 15
Checking for and removing duplicates
Writing label file ./lh.entorhinal_exvivo.label 1305
mri_label2label: Done


 mri_label2label --srcsubject fsaverage --srclabel /out/sourcedata/freesurfer/fsaverage/label/lh.perirhinal_exvivo.label --trgsubject sub-v1s10x0051006_ses-1 --trglabel ./lh.perirhinal_exvivo.label --hemi lh --regmethod surface 


srclabel = /out/sourcedata/freesurfer/fsaverage/label/lh.perirhinal_exvivo.label
srcsubject = fsaverage
trgsubject = sub-v1s10x0051006_ses-1
trglabel = ./lh.perirhinal_exvivo.label
regmethod = surface

srchemi = lh
trghemi = lh
trgsurface = white
srcsurfreg = sphere.reg
trgsurfreg = sphere.reg
usehash = 1
Use ProjAbs  = 0, 0
Use ProjFrac = 0, 0
DoPaint 0

SUBJECTS_DIR    /out/sourcedata/freesurfer
FREESURFER_HOME /opt/freesurfer
Loading source label.
Found 1199 points in source label.
Starting surface-based mapping
Reading source registration 
 /out/sourcedata/freesurfer/fsaverage/surf/lh.sphere.reg
Rescaling ...  original radius = 100
Reading target surface 
 /out/sourcedata/freesurfer/sub-v1s10x0051006_ses-1/surf/lh.white
Reading target registration 
 /out/sourcedata/freesurfer/sub-v1s10x0051006_ses-1/surf/lh.sphere.reg
Rescaling ...  original radius = 100
Building target registration hash (res=16).
Building source registration hash (res=16).
INFO: found  1199 nlabel points
Performing mapping from target back to the source label 128365
Number of reverse mapping hits = 6
Checking for and removing duplicates
Writing label file ./lh.perirhinal_exvivo.label 1205
mri_label2label: Done


 mri_label2label --srcsubject fsaverage --srclabel /out/sourcedata/freesurfer/fsaverage/label/lh.FG1.mpm.vpnl.label --trgsubject sub-v1s10x0051006_ses-1 --trglabel ./lh.FG1.mpm.vpnl.label --hemi lh --regmethod surface 


srclabel = /out/sourcedata/freesurfer/fsaverage/label/lh.FG1.mpm.vpnl.label
srcsubject = fsaverage
trgsubject = sub-v1s10x0051006_ses-1
trglabel = ./lh.FG1.mpm.vpnl.label
regmethod = surface

srchemi = lh
trghemi = lh
trgsurface = white
srcsurfreg = sphere.reg
trgsurfreg = sphere.reg
usehash = 1
Use ProjAbs  = 0, 0
Use ProjFrac = 0, 0
DoPaint 0

SUBJECTS_DIR    /out/sourcedata/freesurfer
FREESURFER_HOME /opt/freesurfer
Loading source label.
Found 414 points in source label.
Starting surface-based mapping
Reading source registration 
 /out/sourcedata/freesurfer/fsaverage/surf/lh.sphere.reg
Rescaling ...  original radius = 100
Reading target surface 
 /out/sourcedata/freesurfer/sub-v1s10x0051006_ses-1/surf/lh.white
Reading target registration 
 /out/sourcedata/freesurfer/sub-v1s10x0051006_ses-1/surf/lh.sphere.reg
Rescaling ...  original radius = 100
Building target registration hash (res=16).
Building source registration hash (res=16).
INFO: found  414 nlabel points
Performing mapping from target back to the source label 128365
Number of reverse mapping hits = 97
Checking for and removing duplicates
Writing label file ./lh.FG1.mpm.vpnl.label 511
mri_label2label: Done


 mri_label2label --srcsubject fsaverage --srclabel /out/sourcedata/freesurfer/fsaverage/label/lh.FG2.mpm.vpnl.label --trgsubject sub-v1s10x0051006_ses-1 --trglabel ./lh.FG2.mpm.vpnl.label --hemi lh --regmethod surface 


srclabel = /out/sourcedata/freesurfer/fsaverage/label/lh.FG2.mpm.vpnl.label
srcsubject = fsaverage
trgsubject = sub-v1s10x0051006_ses-1
trglabel = ./lh.FG2.mpm.vpnl.label
regmethod = surface

srchemi = lh
trghemi = lh
trgsurface = white
srcsurfreg = sphere.reg
trgsurfreg = sphere.reg
usehash = 1
Use ProjAbs  = 0, 0
Use ProjFrac = 0, 0
DoPaint 0

SUBJECTS_DIR    /out/sourcedata/freesurfer
FREESURFER_HOME /opt/freesurfer
Loading source label.
Found 703 points in source label.
Starting surface-based mapping
Reading source registration 
 /out/sourcedata/freesurfer/fsaverage/surf/lh.sphere.reg
Rescaling ...  original radius = 100
Reading target surface 
 /out/sourcedata/freesurfer/sub-v1s10x0051006_ses-1/surf/lh.white
Reading target registration 
 /out/sourcedata/freesurfer/sub-v1s10x0051006_ses-1/surf/lh.sphere.reg
Rescaling ...  original radius = 100
Building target registration hash (res=16).
Building source registration hash (res=16).
INFO: found  703 nlabel points
Performing mapping from target back to the source label 128365
Number of reverse mapping hits = 123
Checking for and removing duplicates
Writing label file ./lh.FG2.mpm.vpnl.label 826
mri_label2label: Done


 mri_label2label --srcsubject fsaverage --srclabel /out/sourcedata/freesurfer/fsaverage/label/lh.FG3.mpm.vpnl.label --trgsubject sub-v1s10x0051006_ses-1 --trglabel ./lh.FG3.mpm.vpnl.label --hemi lh --regmethod surface 


srclabel = /out/sourcedata/freesurfer/fsaverage/label/lh.FG3.mpm.vpnl.label
srcsubject = fsaverage
trgsubject = sub-v1s10x0051006_ses-1
trglabel = ./lh.FG3.mpm.vpnl.label
regmethod = surface

srchemi = lh
trghemi = lh
trgsurface = white
srcsurfreg = sphere.reg
trgsurfreg = sphere.reg
usehash = 1
Use ProjAbs  = 0, 0
Use ProjFrac = 0, 0
DoPaint 0

SUBJECTS_DIR    /out/sourcedata/freesurfer
FREESURFER_HOME /opt/freesurfer
Loading source label.
Found 1873 points in source label.
Starting surface-based mapping
Reading source registration 
 /out/sourcedata/freesurfer/fsaverage/surf/lh.sphere.reg
Rescaling ...  original radius = 100
Reading target surface 
 /out/sourcedata/freesurfer/sub-v1s10x0051006_ses-1/surf/lh.white
Reading target registration 
 /out/sourcedata/freesurfer/sub-v1s10x0051006_ses-1/surf/lh.sphere.reg
Rescaling ...  original radius = 100
Building target registration hash (res=16).
Building source registration hash (res=16).
INFO: found  1873 nlabel points
Performing mapping from target back to the source label 128365
Number of reverse mapping hits = 152
Checking for and removing duplicates
Writing label file ./lh.FG3.mpm.vpnl.label 2025
mri_label2label: Done


 mri_label2label --srcsubject fsaverage --srclabel /out/sourcedata/freesurfer/fsaverage/label/lh.FG4.mpm.vpnl.label --trgsubject sub-v1s10x0051006_ses-1 --trglabel ./lh.FG4.mpm.vpnl.label --hemi lh --regmethod surface 


srclabel = /out/sourcedata/freesurfer/fsaverage/label/lh.FG4.mpm.vpnl.label
srcsubject = fsaverage
trgsubject = sub-v1s10x0051006_ses-1
trglabel = ./lh.FG4.mpm.vpnl.label
regmethod = surface

srchemi = lh
trghemi = lh
trgsurface = white
srcsurfreg = sphere.reg
trgsurfreg = sphere.reg
usehash = 1
Use ProjAbs  = 0, 0
Use ProjFrac = 0, 0
DoPaint 0

SUBJECTS_DIR    /out/sourcedata/freesurfer
FREESURFER_HOME /opt/freesurfer
Loading source label.
Found 2101 points in source label.
Starting surface-based mapping
Reading source registration 
 /out/sourcedata/freesurfer/fsaverage/surf/lh.sphere.reg
Rescaling ...  original radius = 100
Reading target surface 
 /out/sourcedata/freesurfer/sub-v1s10x0051006_ses-1/surf/lh.white
Reading target registration 
 /out/sourcedata/freesurfer/sub-v1s10x0051006_ses-1/surf/lh.sphere.reg
Rescaling ...  original radius = 100
Building target registration hash (res=16).
Building source registration hash (res=16).
INFO: found  2101 nlabel points
Performing mapping from target back to the source label 128365
Number of reverse mapping hits = 260
Checking for and removing duplicates
Writing label file ./lh.FG4.mpm.vpnl.label 2361
mri_label2label: Done


 mri_label2label --srcsubject fsaverage --srclabel /out/sourcedata/freesurfer/fsaverage/label/lh.hOc1.mpm.vpnl.label --trgsubject sub-v1s10x0051006_ses-1 --trglabel ./lh.hOc1.mpm.vpnl.label --hemi lh --regmethod surface 


srclabel = /out/sourcedata/freesurfer/fsaverage/label/lh.hOc1.mpm.vpnl.label
srcsubject = fsaverage
trgsubject = sub-v1s10x0051006_ses-1
trglabel = ./lh.hOc1.mpm.vpnl.label
regmethod = surface

srchemi = lh
trghemi = lh
trgsurface = white
srcsurfreg = sphere.reg
trgsurfreg = sphere.reg
usehash = 1
Use ProjAbs  = 0, 0
Use ProjFrac = 0, 0
DoPaint 0

SUBJECTS_DIR    /out/sourcedata/freesurfer
FREESURFER_HOME /opt/freesurfer
Loading source label.
Found 3877 points in source label.
Starting surface-based mapping
Reading source registration 
 /out/sourcedata/freesurfer/fsaverage/surf/lh.sphere.reg
Rescaling ...  original radius = 100
Reading target surface 
 /out/sourcedata/freesurfer/sub-v1s10x0051006_ses-1/surf/lh.white
Reading target registration 
 /out/sourcedata/freesurfer/sub-v1s10x0051006_ses-1/surf/lh.sphere.reg
Rescaling ...  original radius = 100
Building target registration hash (res=16).
Building source registration hash (res=16).
INFO: found  3877 nlabel points
Performing mapping from target back to the source label 128365
Number of reverse mapping hits = 956
Checking for and removing duplicates
Writing label file ./lh.hOc1.mpm.vpnl.label 4833
mri_label2label: Done


 mri_label2label --srcsubject fsaverage --srclabel /out/sourcedata/freesurfer/fsaverage/label/lh.hOc2.mpm.vpnl.label --trgsubject sub-v1s10x0051006_ses-1 --trglabel ./lh.hOc2.mpm.vpnl.label --hemi lh --regmethod surface 


srclabel = /out/sourcedata/freesurfer/fsaverage/label/lh.hOc2.mpm.vpnl.label
srcsubject = fsaverage
trgsubject = sub-v1s10x0051006_ses-1
trglabel = ./lh.hOc2.mpm.vpnl.label
regmethod = surface

srchemi = lh
trghemi = lh
trgsurface = white
srcsurfreg = sphere.reg
trgsurfreg = sphere.reg
usehash = 1
Use ProjAbs  = 0, 0
Use ProjFrac = 0, 0
DoPaint 0

SUBJECTS_DIR    /out/sourcedata/freesurfer
FREESURFER_HOME /opt/freesurfer
Loading source label.
Found 2919 points in source label.
Starting surface-based mapping
Reading source registration 
 /out/sourcedata/freesurfer/fsaverage/surf/lh.sphere.reg
Rescaling ...  original radius = 100
Reading target surface 
 /out/sourcedata/freesurfer/sub-v1s10x0051006_ses-1/surf/lh.white
Reading target registration 
 /out/sourcedata/freesurfer/sub-v1s10x0051006_ses-1/surf/lh.sphere.reg
Rescaling ...  original radius = 100
Building target registration hash (res=16).
Building source registration hash (res=16).
INFO: found  2919 nlabel points
Performing mapping from target back to the source label 128365
Number of reverse mapping hits = 994
Checking for and removing duplicates
Writing label file ./lh.hOc2.mpm.vpnl.label 3913
mri_label2label: Done


 mri_label2label --srcsubject fsaverage --srclabel /out/sourcedata/freesurfer/fsaverage/label/lh.hOc3v.mpm.vpnl.label --trgsubject sub-v1s10x0051006_ses-1 --trglabel ./lh.hOc3v.mpm.vpnl.label --hemi lh --regmethod surface 


srclabel = /out/sourcedata/freesurfer/fsaverage/label/lh.hOc3v.mpm.vpnl.label
srcsubject = fsaverage
trgsubject = sub-v1s10x0051006_ses-1
trglabel = ./lh.hOc3v.mpm.vpnl.label
regmethod = surface

srchemi = lh
trghemi = lh
trgsurface = white
srcsurfreg = sphere.reg
trgsurfreg = sphere.reg
usehash = 1
Use ProjAbs  = 0, 0
Use ProjFrac = 0, 0
DoPaint 0

SUBJECTS_DIR    /out/sourcedata/freesurfer
FREESURFER_HOME /opt/freesurfer
Loading source label.
Found 1286 points in source label.
Starting surface-based mapping
Reading source registration 
 /out/sourcedata/freesurfer/fsaverage/surf/lh.sphere.reg
Rescaling ...  original radius = 100
Reading target surface 
 /out/sourcedata/freesurfer/sub-v1s10x0051006_ses-1/surf/lh.white
Reading target registration 
 /out/sourcedata/freesurfer/sub-v1s10x0051006_ses-1/surf/lh.sphere.reg
Rescaling ...  original radius = 100
Building target registration hash (res=16).
Building source registration hash (res=16).
INFO: found  1286 nlabel points
Performing mapping from target back to the source label 128365
Number of reverse mapping hits = 577
Checking for and removing duplicates
Writing label file ./lh.hOc3v.mpm.vpnl.label 1863
mri_label2label: Done


 mri_label2label --srcsubject fsaverage --srclabel /out/sourcedata/freesurfer/fsaverage/label/lh.hOc4v.mpm.vpnl.label --trgsubject sub-v1s10x0051006_ses-1 --trglabel ./lh.hOc4v.mpm.vpnl.label --hemi lh --regmethod surface 


srclabel = /out/sourcedata/freesurfer/fsaverage/label/lh.hOc4v.mpm.vpnl.label
srcsubject = fsaverage
trgsubject = sub-v1s10x0051006_ses-1
trglabel = ./lh.hOc4v.mpm.vpnl.label
regmethod = surface

srchemi = lh
trghemi = lh
trgsurface = white
srcsurfreg = sphere.reg
trgsurfreg = sphere.reg
usehash = 1
Use ProjAbs  = 0, 0
Use ProjFrac = 0, 0
DoPaint 0

SUBJECTS_DIR    /out/sourcedata/freesurfer
FREESURFER_HOME /opt/freesurfer
Loading source label.
Found 1006 points in source label.
Starting surface-based mapping
Reading source registration 
 /out/sourcedata/freesurfer/fsaverage/surf/lh.sphere.reg
Rescaling ...  original radius = 100
Reading target surface 
 /out/sourcedata/freesurfer/sub-v1s10x0051006_ses-1/surf/lh.white
Reading target registration 
 /out/sourcedata/freesurfer/sub-v1s10x0051006_ses-1/surf/lh.sphere.reg
Rescaling ...  original radius = 100
Building target registration hash (res=16).
Building source registration hash (res=16).
INFO: found  1006 nlabel points
Performing mapping from target back to the source label 128365
Number of reverse mapping hits = 490
Checking for and removing duplicates
Writing label file ./lh.hOc4v.mpm.vpnl.label 1496
mri_label2label: Done


 mris_label2annot --s sub-v1s10x0051006_ses-1 --ctab /opt/freesurfer/average/colortable_vpnl.txt --hemi lh --a mpm.vpnl --maxstatwinner --noverbose --l lh.FG1.mpm.vpnl.label --l lh.FG2.mpm.vpnl.label --l lh.FG3.mpm.vpnl.label --l lh.FG4.mpm.vpnl.label --l lh.hOc1.mpm.vpnl.label --l lh.hOc2.mpm.vpnl.label --l lh.hOc3v.mpm.vpnl.label --l lh.hOc4v.mpm.vpnl.label 

Reading ctab /opt/freesurfer/average/colortable_vpnl.txt
Number of ctab entries 9

7.3.2
cwd /out/sourcedata/freesurfer/sub-v1s10x0051006_ses-1/label
cmdline mris_label2annot --s sub-v1s10x0051006_ses-1 --ctab /opt/freesurfer/average/colortable_vpnl.txt --hemi lh --a mpm.vpnl --maxstatwinner --noverbose --l lh.FG1.mpm.vpnl.label --l lh.FG2.mpm.vpnl.label --l lh.FG3.mpm.vpnl.label --l lh.FG4.mpm.vpnl.label --l lh.hOc1.mpm.vpnl.label --l lh.hOc2.mpm.vpnl.label --l lh.hOc3v.mpm.vpnl.label --l lh.hOc4v.mpm.vpnl.label 
sysname  Linux
hostname dna078
machine  x86_64
user     oesteban

subject sub-v1s10x0051006_ses-1
hemi    lh
SUBJECTS_DIR /out/sourcedata/freesurfer
ColorTable /opt/freesurfer/average/colortable_vpnl.txt
AnnotName  mpm.vpnl
nlables 8
LabelThresh 0 0.000000
Loading /out/sourcedata/freesurfer/sub-v1s10x0051006_ses-1/surf/lh.orig
 1 1376057 FG1
 2 16711935 FG2
 3 16711680 FG3
 4 1705837 FG4
 5 25600 hOc1
 6 255 hOc2
 7 16776960 hOc3v
 8 65535 hOc4v
Mapping unhit to unknown
Found 112678 unhit vertices
Writing annot to /out/sourcedata/freesurfer/sub-v1s10x0051006_ses-1/label/lh.mpm.vpnl.annot

 mri_label2label --srcsubject fsaverage --srclabel /out/sourcedata/freesurfer/fsaverage/label/lh.BA1_exvivo.thresh.label --trgsubject sub-v1s10x0051006_ses-1 --trglabel ./lh.BA1_exvivo.thresh.label --hemi lh --regmethod surface 


srclabel = /out/sourcedata/freesurfer/fsaverage/label/lh.BA1_exvivo.thresh.label
srcsubject = fsaverage
trgsubject = sub-v1s10x0051006_ses-1
trglabel = ./lh.BA1_exvivo.thresh.label
regmethod = surface

srchemi = lh
trghemi = lh
trgsurface = white
srcsurfreg = sphere.reg
trgsurfreg = sphere.reg
usehash = 1
Use ProjAbs  = 0, 0
Use ProjFrac = 0, 0
DoPaint 0

SUBJECTS_DIR    /out/sourcedata/freesurfer
FREESURFER_HOME /opt/freesurfer
Loading source label.
Found 1014 points in source label.
Starting surface-based mapping
Reading source registration 
 /out/sourcedata/freesurfer/fsaverage/surf/lh.sphere.reg
Rescaling ...  original radius = 100
Reading target surface 
 /out/sourcedata/freesurfer/sub-v1s10x0051006_ses-1/surf/lh.white
Reading target registration 
 /out/sourcedata/freesurfer/sub-v1s10x0051006_ses-1/surf/lh.sphere.reg
Rescaling ...  original radius = 100
Building target registration hash (res=16).
Building source registration hash (res=16).
INFO: found  1014 nlabel points
Performing mapping from target back to the source label 128365
Number of reverse mapping hits = 10
Checking for and removing duplicates
Writing label file ./lh.BA1_exvivo.thresh.label 1024
mri_label2label: Done


 mri_label2label --srcsubject fsaverage --srclabel /out/sourcedata/freesurfer/fsaverage/label/lh.BA2_exvivo.thresh.label --trgsubject sub-v1s10x0051006_ses-1 --trglabel ./lh.BA2_exvivo.thresh.label --hemi lh --regmethod surface 


srclabel = /out/sourcedata/freesurfer/fsaverage/label/lh.BA2_exvivo.thresh.label
srcsubject = fsaverage
trgsubject = sub-v1s10x0051006_ses-1
trglabel = ./lh.BA2_exvivo.thresh.label
regmethod = surface

srchemi = lh
trghemi = lh
trgsurface = white
srcsurfreg = sphere.reg
trgsurfreg = sphere.reg
usehash = 1
Use ProjAbs  = 0, 0
Use ProjFrac = 0, 0
DoPaint 0

SUBJECTS_DIR    /out/sourcedata/freesurfer
FREESURFER_HOME /opt/freesurfer
Loading source label.
Found 2092 points in source label.
Starting surface-based mapping
Reading source registration 
 /out/sourcedata/freesurfer/fsaverage/surf/lh.sphere.reg
Rescaling ...  original radius = 100
Reading target surface 
 /out/sourcedata/freesurfer/sub-v1s10x0051006_ses-1/surf/lh.white
Reading target registration 
 /out/sourcedata/freesurfer/sub-v1s10x0051006_ses-1/surf/lh.sphere.reg
Rescaling ...  original radius = 100
Building target registration hash (res=16).
Building source registration hash (res=16).
INFO: found  2092 nlabel points
Performing mapping from target back to the source label 128365
Number of reverse mapping hits = 32
Checking for and removing duplicates
Writing label file ./lh.BA2_exvivo.thresh.label 2124
mri_label2label: Done


 mri_label2label --srcsubject fsaverage --srclabel /out/sourcedata/freesurfer/fsaverage/label/lh.BA3a_exvivo.thresh.label --trgsubject sub-v1s10x0051006_ses-1 --trglabel ./lh.BA3a_exvivo.thresh.label --hemi lh --regmethod surface 


srclabel = /out/sourcedata/freesurfer/fsaverage/label/lh.BA3a_exvivo.thresh.label
srcsubject = fsaverage
trgsubject = sub-v1s10x0051006_ses-1
trglabel = ./lh.BA3a_exvivo.thresh.label
regmethod = surface

srchemi = lh
trghemi = lh
trgsurface = white
srcsurfreg = sphere.reg
trgsurfreg = sphere.reg
usehash = 1
Use ProjAbs  = 0, 0
Use ProjFrac = 0, 0
DoPaint 0

SUBJECTS_DIR    /out/sourcedata/freesurfer
FREESURFER_HOME /opt/freesurfer
Loading source label.
Found 1504 points in source label.
Starting surface-based mapping
Reading source registration 
 /out/sourcedata/freesurfer/fsaverage/surf/lh.sphere.reg
Rescaling ...  original radius = 100
Reading target surface 
 /out/sourcedata/freesurfer/sub-v1s10x0051006_ses-1/surf/lh.white
Reading target registration 
 /out/sourcedata/freesurfer/sub-v1s10x0051006_ses-1/surf/lh.sphere.reg
Rescaling ...  original radius = 100
Building target registration hash (res=16).
Building source registration hash (res=16).
INFO: found  1504 nlabel points
Performing mapping from target back to the source label 128365
Number of reverse mapping hits = 8
Checking for and removing duplicates
Writing label file ./lh.BA3a_exvivo.thresh.label 1512
mri_label2label: Done


 mri_label2label --srcsubject fsaverage --srclabel /out/sourcedata/freesurfer/fsaverage/label/lh.BA3b_exvivo.thresh.label --trgsubject sub-v1s10x0051006_ses-1 --trglabel ./lh.BA3b_exvivo.thresh.label --hemi lh --regmethod surface 


srclabel = /out/sourcedata/freesurfer/fsaverage/label/lh.BA3b_exvivo.thresh.label
srcsubject = fsaverage
trgsubject = sub-v1s10x0051006_ses-1
trglabel = ./lh.BA3b_exvivo.thresh.label
regmethod = surface

srchemi = lh
trghemi = lh
trgsurface = white
srcsurfreg = sphere.reg
trgsurfreg = sphere.reg
usehash = 1
Use ProjAbs  = 0, 0
Use ProjFrac = 0, 0
DoPaint 0

SUBJECTS_DIR    /out/sourcedata/freesurfer
FREESURFER_HOME /opt/freesurfer
Loading source label.
Found 1996 points in source label.
Starting surface-based mapping
Reading source registration 
 /out/sourcedata/freesurfer/fsaverage/surf/lh.sphere.reg
Rescaling ...  original radius = 100
Reading target surface 
 /out/sourcedata/freesurfer/sub-v1s10x0051006_ses-1/surf/lh.white
Reading target registration 
 /out/sourcedata/freesurfer/sub-v1s10x0051006_ses-1/surf/lh.sphere.reg
Rescaling ...  original radius = 100
Building target registration hash (res=16).
Building source registration hash (res=16).
INFO: found  1996 nlabel points
Performing mapping from target back to the source label 128365
Number of reverse mapping hits = 27
Checking for and removing duplicates
Writing label file ./lh.BA3b_exvivo.thresh.label 2023
mri_label2label: Done


 mri_label2label --srcsubject fsaverage --srclabel /out/sourcedata/freesurfer/fsaverage/label/lh.BA4a_exvivo.thresh.label --trgsubject sub-v1s10x0051006_ses-1 --trglabel ./lh.BA4a_exvivo.thresh.label --hemi lh --regmethod surface 


srclabel = /out/sourcedata/freesurfer/fsaverage/label/lh.BA4a_exvivo.thresh.label
srcsubject = fsaverage
trgsubject = sub-v1s10x0051006_ses-1
trglabel = ./lh.BA4a_exvivo.thresh.label
regmethod = surface

srchemi = lh
trghemi = lh
trgsurface = white
srcsurfreg = sphere.reg
trgsurfreg = sphere.reg
usehash = 1
Use ProjAbs  = 0, 0
Use ProjFrac = 0, 0
DoPaint 0

SUBJECTS_DIR    /out/sourcedata/freesurfer
FREESURFER_HOME /opt/freesurfer
Loading source label.
Found 2319 points in source label.
Starting surface-based mapping
Reading source registration 
 /out/sourcedata/freesurfer/fsaverage/surf/lh.sphere.reg
Rescaling ...  original radius = 100
Reading target surface 
 /out/sourcedata/freesurfer/sub-v1s10x0051006_ses-1/surf/lh.white
Reading target registration 
 /out/sourcedata/freesurfer/sub-v1s10x0051006_ses-1/surf/lh.sphere.reg
Rescaling ...  original radius = 100
Building target registration hash (res=16).
Building source registration hash (res=16).
INFO: found  2319 nlabel points
Performing mapping from target back to the source label 128365
Number of reverse mapping hits = 39
Checking for and removing duplicates
Writing label file ./lh.BA4a_exvivo.thresh.label 2358
mri_label2label: Done


 mri_label2label --srcsubject fsaverage --srclabel /out/sourcedata/freesurfer/fsaverage/label/lh.BA4p_exvivo.thresh.label --trgsubject sub-v1s10x0051006_ses-1 --trglabel ./lh.BA4p_exvivo.thresh.label --hemi lh --regmethod surface 


srclabel = /out/sourcedata/freesurfer/fsaverage/label/lh.BA4p_exvivo.thresh.label
srcsubject = fsaverage
trgsubject = sub-v1s10x0051006_ses-1
trglabel = ./lh.BA4p_exvivo.thresh.label
regmethod = surface

srchemi = lh
trghemi = lh
trgsurface = white
srcsurfreg = sphere.reg
trgsurfreg = sphere.reg
usehash = 1
Use ProjAbs  = 0, 0
Use ProjFrac = 0, 0
DoPaint 0

SUBJECTS_DIR    /out/sourcedata/freesurfer
FREESURFER_HOME /opt/freesurfer
Loading source label.
Found 1549 points in source label.
Starting surface-based mapping
Reading source registration 
 /out/sourcedata/freesurfer/fsaverage/surf/lh.sphere.reg
Rescaling ...  original radius = 100
Reading target surface 
 /out/sourcedata/freesurfer/sub-v1s10x0051006_ses-1/surf/lh.white
Reading target registration 
 /out/sourcedata/freesurfer/sub-v1s10x0051006_ses-1/surf/lh.sphere.reg
Rescaling ...  original radius = 100
Building target registration hash (res=16).
Building source registration hash (res=16).
INFO: found  1549 nlabel points
Performing mapping from target back to the source label 128365
Number of reverse mapping hits = 9
Checking for and removing duplicates
Writing label file ./lh.BA4p_exvivo.thresh.label 1558
mri_label2label: Done


 mri_label2label --srcsubject fsaverage --srclabel /out/sourcedata/freesurfer/fsaverage/label/lh.BA6_exvivo.thresh.label --trgsubject sub-v1s10x0051006_ses-1 --trglabel ./lh.BA6_exvivo.thresh.label --hemi lh --regmethod surface 


srclabel = /out/sourcedata/freesurfer/fsaverage/label/lh.BA6_exvivo.thresh.label
srcsubject = fsaverage
trgsubject = sub-v1s10x0051006_ses-1
trglabel = ./lh.BA6_exvivo.thresh.label
regmethod = surface

srchemi = lh
trghemi = lh
trgsurface = white
srcsurfreg = sphere.reg
trgsurfreg = sphere.reg
usehash = 1
Use ProjAbs  = 0, 0
Use ProjFrac = 0, 0
DoPaint 0

SUBJECTS_DIR    /out/sourcedata/freesurfer
FREESURFER_HOME /opt/freesurfer
Loading source label.
Found 7035 points in source label.
Starting surface-based mapping
Reading source registration 
 /out/sourcedata/freesurfer/fsaverage/surf/lh.sphere.reg
Rescaling ...  original radius = 100
Reading target surface 
 /out/sourcedata/freesurfer/sub-v1s10x0051006_ses-1/surf/lh.white
Reading target registration 
 /out/sourcedata/freesurfer/sub-v1s10x0051006_ses-1/surf/lh.sphere.reg
Rescaling ...  original radius = 100
Building target registration hash (res=16).
Building source registration hash (res=16).
INFO: found  7035 nlabel points
Performing mapping from target back to the source label 128365
Number of reverse mapping hits = 245
Checking for and removing duplicates
Writing label file ./lh.BA6_exvivo.thresh.label 7280
mri_label2label: Done


 mri_label2label --srcsubject fsaverage --srclabel /out/sourcedata/freesurfer/fsaverage/label/lh.BA44_exvivo.thresh.label --trgsubject sub-v1s10x0051006_ses-1 --trglabel ./lh.BA44_exvivo.thresh.label --hemi lh --regmethod surface 


srclabel = /out/sourcedata/freesurfer/fsaverage/label/lh.BA44_exvivo.thresh.label
srcsubject = fsaverage
trgsubject = sub-v1s10x0051006_ses-1
trglabel = ./lh.BA44_exvivo.thresh.label
regmethod = surface

srchemi = lh
trghemi = lh
trgsurface = white
srcsurfreg = sphere.reg
trgsurfreg = sphere.reg
usehash = 1
Use ProjAbs  = 0, 0
Use ProjFrac = 0, 0
DoPaint 0

SUBJECTS_DIR    /out/sourcedata/freesurfer
FREESURFER_HOME /opt/freesurfer
Loading source label.
Found 1912 points in source label.
Starting surface-based mapping
Reading source registration 
 /out/sourcedata/freesurfer/fsaverage/surf/lh.sphere.reg
Rescaling ...  original radius = 100
Reading target surface 
 /out/sourcedata/freesurfer/sub-v1s10x0051006_ses-1/surf/lh.white
Reading target registration 
 /out/sourcedata/freesurfer/sub-v1s10x0051006_ses-1/surf/lh.sphere.reg
Rescaling ...  original radius = 100
Building target registration hash (res=16).
Building source registration hash (res=16).
INFO: found  1912 nlabel points
Performing mapping from target back to the source label 128365
Number of reverse mapping hits = 103
Checking for and removing duplicates
Writing label file ./lh.BA44_exvivo.thresh.label 2015
mri_label2label: Done


 mri_label2label --srcsubject fsaverage --srclabel /out/sourcedata/freesurfer/fsaverage/label/lh.BA45_exvivo.thresh.label --trgsubject sub-v1s10x0051006_ses-1 --trglabel ./lh.BA45_exvivo.thresh.label --hemi lh --regmethod surface 


srclabel = /out/sourcedata/freesurfer/fsaverage/label/lh.BA45_exvivo.thresh.label
srcsubject = fsaverage
trgsubject = sub-v1s10x0051006_ses-1
trglabel = ./lh.BA45_exvivo.thresh.label
regmethod = surface

srchemi = lh
trghemi = lh
trgsurface = white
srcsurfreg = sphere.reg
trgsurfreg = sphere.reg
usehash = 1
Use ProjAbs  = 0, 0
Use ProjFrac = 0, 0
DoPaint 0

SUBJECTS_DIR    /out/sourcedata/freesurfer
FREESURFER_HOME /opt/freesurfer
Loading source label.
Found 1151 points in source label.
Starting surface-based mapping
Reading source registration 
 /out/sourcedata/freesurfer/fsaverage/surf/lh.sphere.reg
Rescaling ...  original radius = 100
Reading target surface 
 /out/sourcedata/freesurfer/sub-v1s10x0051006_ses-1/surf/lh.white
Reading target registration 
 /out/sourcedata/freesurfer/sub-v1s10x0051006_ses-1/surf/lh.sphere.reg
Rescaling ...  original radius = 100
Building target registration hash (res=16).
Building source registration hash (res=16).
INFO: found  1151 nlabel points
Performing mapping from target back to the source label 128365
Number of reverse mapping hits = 322
Checking for and removing duplicates
Writing label file ./lh.BA45_exvivo.thresh.label 1473
mri_label2label: Done


 mri_label2label --srcsubject fsaverage --srclabel /out/sourcedata/freesurfer/fsaverage/label/lh.V1_exvivo.thresh.label --trgsubject sub-v1s10x0051006_ses-1 --trglabel ./lh.V1_exvivo.thresh.label --hemi lh --regmethod surface 


srclabel = /out/sourcedata/freesurfer/fsaverage/label/lh.V1_exvivo.thresh.label
srcsubject = fsaverage
trgsubject = sub-v1s10x0051006_ses-1
trglabel = ./lh.V1_exvivo.thresh.label
regmethod = surface

srchemi = lh
trghemi = lh
trgsurface = white
srcsurfreg = sphere.reg
trgsurfreg = sphere.reg
usehash = 1
Use ProjAbs  = 0, 0
Use ProjFrac = 0, 0
DoPaint 0

SUBJECTS_DIR    /out/sourcedata/freesurfer
FREESURFER_HOME /opt/freesurfer
Loading source label.
Found 3405 points in source label.
Starting surface-based mapping
Reading source registration 
 /out/sourcedata/freesurfer/fsaverage/surf/lh.sphere.reg
Rescaling ...  original radius = 100
Reading target surface 
 /out/sourcedata/freesurfer/sub-v1s10x0051006_ses-1/surf/lh.white
Reading target registration 
 /out/sourcedata/freesurfer/sub-v1s10x0051006_ses-1/surf/lh.sphere.reg
Rescaling ...  original radius = 100
Building target registration hash (res=16).
Building source registration hash (res=16).
INFO: found  3405 nlabel points
Performing mapping from target back to the source label 128365
Number of reverse mapping hits = 820
Checking for and removing duplicates
Writing label file ./lh.V1_exvivo.thresh.label 4225
mri_label2label: Done


 mri_label2label --srcsubject fsaverage --srclabel /out/sourcedata/freesurfer/fsaverage/label/lh.V2_exvivo.thresh.label --trgsubject sub-v1s10x0051006_ses-1 --trglabel ./lh.V2_exvivo.thresh.label --hemi lh --regmethod surface 


srclabel = /out/sourcedata/freesurfer/fsaverage/label/lh.V2_exvivo.thresh.label
srcsubject = fsaverage
trgsubject = sub-v1s10x0051006_ses-1
trglabel = ./lh.V2_exvivo.thresh.label
regmethod = surface

srchemi = lh
trghemi = lh
trgsurface = white
srcsurfreg = sphere.reg
trgsurfreg = sphere.reg
usehash = 1
Use ProjAbs  = 0, 0
Use ProjFrac = 0, 0
DoPaint 0

SUBJECTS_DIR    /out/sourcedata/freesurfer
FREESURFER_HOME /opt/freesurfer
Loading source label.
Found 3334 points in source label.
Starting surface-based mapping
Reading source registration 
 /out/sourcedata/freesurfer/fsaverage/surf/lh.sphere.reg
Rescaling ...  original radius = 100
Reading target surface 
 /out/sourcedata/freesurfer/sub-v1s10x0051006_ses-1/surf/lh.white
Reading target registration 
 /out/sourcedata/freesurfer/sub-v1s10x0051006_ses-1/surf/lh.sphere.reg
Rescaling ...  original radius = 100
Building target registration hash (res=16).
Building source registration hash (res=16).
INFO: found  3334 nlabel points
Performing mapping from target back to the source label 128365
Number of reverse mapping hits = 1100
Checking for and removing duplicates
Writing label file ./lh.V2_exvivo.thresh.label 4434
mri_label2label: Done


 mri_label2label --srcsubject fsaverage --srclabel /out/sourcedata/freesurfer/fsaverage/label/lh.MT_exvivo.thresh.label --trgsubject sub-v1s10x0051006_ses-1 --trglabel ./lh.MT_exvivo.thresh.label --hemi lh --regmethod surface 


srclabel = /out/sourcedata/freesurfer/fsaverage/label/lh.MT_exvivo.thresh.label
srcsubject = fsaverage
trgsubject = sub-v1s10x0051006_ses-1
trglabel = ./lh.MT_exvivo.thresh.label
regmethod = surface

srchemi = lh
trghemi = lh
trgsurface = white
srcsurfreg = sphere.reg
trgsurfreg = sphere.reg
usehash = 1
Use ProjAbs  = 0, 0
Use ProjFrac = 0, 0
DoPaint 0

SUBJECTS_DIR    /out/sourcedata/freesurfer
FREESURFER_HOME /opt/freesurfer
Loading source label.
Found 513 points in source label.
Starting surface-based mapping
Reading source registration 
 /out/sourcedata/freesurfer/fsaverage/surf/lh.sphere.reg
Rescaling ...  original radius = 100
Reading target surface 
 /out/sourcedata/freesurfer/sub-v1s10x0051006_ses-1/surf/lh.white
Reading target registration 
 /out/sourcedata/freesurfer/sub-v1s10x0051006_ses-1/surf/lh.sphere.reg
Rescaling ...  original radius = 100
Building target registration hash (res=16).
Building source registration hash (res=16).
INFO: found  513 nlabel points
Performing mapping from target back to the source label 128365
Number of reverse mapping hits = 41
Checking for and removing duplicates
Writing label file ./lh.MT_exvivo.thresh.label 554
mri_label2label: Done


 mri_label2label --srcsubject fsaverage --srclabel /out/sourcedata/freesurfer/fsaverage/label/lh.entorhinal_exvivo.thresh.label --trgsubject sub-v1s10x0051006_ses-1 --trglabel ./lh.entorhinal_exvivo.thresh.label --hemi lh --regmethod surface 


srclabel = /out/sourcedata/freesurfer/fsaverage/label/lh.entorhinal_exvivo.thresh.label
srcsubject = fsaverage
trgsubject = sub-v1s10x0051006_ses-1
trglabel = ./lh.entorhinal_exvivo.thresh.label
regmethod = surface

srchemi = lh
trghemi = lh
trgsurface = white
srcsurfreg = sphere.reg
trgsurfreg = sphere.reg
usehash = 1
Use ProjAbs  = 0, 0
Use ProjFrac = 0, 0
DoPaint 0

SUBJECTS_DIR    /out/sourcedata/freesurfer
FREESURFER_HOME /opt/freesurfer
Loading source label.
Found 470 points in source label.
Starting surface-based mapping
Reading source registration 
 /out/sourcedata/freesurfer/fsaverage/surf/lh.sphere.reg
Rescaling ...  original radius = 100
Reading target surface 
 /out/sourcedata/freesurfer/sub-v1s10x0051006_ses-1/surf/lh.white
Reading target registration 
 /out/sourcedata/freesurfer/sub-v1s10x0051006_ses-1/surf/lh.sphere.reg
Rescaling ...  original radius = 100
Building target registration hash (res=16).
Building source registration hash (res=16).
INFO: found  470 nlabel points
Performing mapping from target back to the source label 128365
Number of reverse mapping hits = 5
Checking for and removing duplicates
Writing label file ./lh.entorhinal_exvivo.thresh.label 475
mri_label2label: Done


 mri_label2label --srcsubject fsaverage --srclabel /out/sourcedata/freesurfer/fsaverage/label/lh.perirhinal_exvivo.thresh.label --trgsubject sub-v1s10x0051006_ses-1 --trglabel ./lh.perirhinal_exvivo.thresh.label --hemi lh --regmethod surface 


srclabel = /out/sourcedata/freesurfer/fsaverage/label/lh.perirhinal_exvivo.thresh.label
srcsubject = fsaverage
trgsubject = sub-v1s10x0051006_ses-1
trglabel = ./lh.perirhinal_exvivo.thresh.label
regmethod = surface

srchemi = lh
trghemi = lh
trgsurface = white
srcsurfreg = sphere.reg
trgsurfreg = sphere.reg
usehash = 1
Use ProjAbs  = 0, 0
Use ProjFrac = 0, 0
DoPaint 0

SUBJECTS_DIR    /out/sourcedata/freesurfer
FREESURFER_HOME /opt/freesurfer
Loading source label.
Found 450 points in source label.
Starting surface-based mapping
Reading source registration 
 /out/sourcedata/freesurfer/fsaverage/surf/lh.sphere.reg
Rescaling ...  original radius = 100
Reading target surface 
 /out/sourcedata/freesurfer/sub-v1s10x0051006_ses-1/surf/lh.white
Reading target registration 
 /out/sourcedata/freesurfer/sub-v1s10x0051006_ses-1/surf/lh.sphere.reg
Rescaling ...  original radius = 100
Building target registration hash (res=16).
Building source registration hash (res=16).
INFO: found  450 nlabel points
Performing mapping from target back to the source label 128365
Number of reverse mapping hits = 0
Checking for and removing duplicates
Writing label file ./lh.perirhinal_exvivo.thresh.label 450
mri_label2label: Done


 mris_label2annot --s sub-v1s10x0051006_ses-1 --hemi lh --ctab /opt/freesurfer/average/colortable_BA.txt --l lh.BA1_exvivo.label --l lh.BA2_exvivo.label --l lh.BA3a_exvivo.label --l lh.BA3b_exvivo.label --l lh.BA4a_exvivo.label --l lh.BA4p_exvivo.label --l lh.BA6_exvivo.label --l lh.BA44_exvivo.label --l lh.BA45_exvivo.label --l lh.V1_exvivo.label --l lh.V2_exvivo.label --l lh.MT_exvivo.label --l lh.perirhinal_exvivo.label --l lh.entorhinal_exvivo.label --a BA_exvivo --maxstatwinner --noverbose 

Reading ctab /opt/freesurfer/average/colortable_BA.txt
Number of ctab entries 15

7.3.2
cwd /out/sourcedata/freesurfer/sub-v1s10x0051006_ses-1/label
cmdline mris_label2annot --s sub-v1s10x0051006_ses-1 --hemi lh --ctab /opt/freesurfer/average/colortable_BA.txt --l lh.BA1_exvivo.label --l lh.BA2_exvivo.label --l lh.BA3a_exvivo.label --l lh.BA3b_exvivo.label --l lh.BA4a_exvivo.label --l lh.BA4p_exvivo.label --l lh.BA6_exvivo.label --l lh.BA44_exvivo.label --l lh.BA45_exvivo.label --l lh.V1_exvivo.label --l lh.V2_exvivo.label --l lh.MT_exvivo.label --l lh.perirhinal_exvivo.label --l lh.entorhinal_exvivo.label --a BA_exvivo --maxstatwinner --noverbose 
sysname  Linux
hostname dna078
machine  x86_64
user     oesteban

subject sub-v1s10x0051006_ses-1
hemi    lh
SUBJECTS_DIR /out/sourcedata/freesurfer
ColorTable /opt/freesurfer/average/colortable_BA.txt
AnnotName  BA_exvivo
nlables 14
LabelThresh 0 0.000000
Loading /out/sourcedata/freesurfer/sub-v1s10x0051006_ses-1/surf/lh.orig
 1 1530880 BA1_exvivo
 2 16749699 BA2_exvivo
 3 16711680 BA3a_exvivo
 4 3368703 BA3b_exvivo
 5 1376196 BA4a_exvivo
 6 13382655 BA4p_exvivo
 7 10036737 BA6_exvivo
 8 2490521 BA44_exvivo
 9 39283 BA45_exvivo
10 3993 V1_exvivo
11 8508928 V2_exvivo
12 10027163 MT_exvivo
13 16422433 perirhinal_exvivo
14 16392598 entorhinal_exvivo
Mapping unhit to unknown
Found 88971 unhit vertices
Writing annot to /out/sourcedata/freesurfer/sub-v1s10x0051006_ses-1/label/lh.BA_exvivo.annot

 mris_label2annot --s sub-v1s10x0051006_ses-1 --hemi lh --ctab /opt/freesurfer/average/colortable_BA.txt --l lh.BA1_exvivo.thresh.label --l lh.BA2_exvivo.thresh.label --l lh.BA3a_exvivo.thresh.label --l lh.BA3b_exvivo.thresh.label --l lh.BA4a_exvivo.thresh.label --l lh.BA4p_exvivo.thresh.label --l lh.BA6_exvivo.thresh.label --l lh.BA44_exvivo.thresh.label --l lh.BA45_exvivo.thresh.label --l lh.V1_exvivo.thresh.label --l lh.V2_exvivo.thresh.label --l lh.MT_exvivo.thresh.label --l lh.perirhinal_exvivo.thresh.label --l lh.entorhinal_exvivo.thresh.label --a BA_exvivo.thresh --maxstatwinner --noverbose 

Reading ctab /opt/freesurfer/average/colortable_BA.txt
Number of ctab entries 15

7.3.2
cwd /out/sourcedata/freesurfer/sub-v1s10x0051006_ses-1/label
cmdline mris_label2annot --s sub-v1s10x0051006_ses-1 --hemi lh --ctab /opt/freesurfer/average/colortable_BA.txt --l lh.BA1_exvivo.thresh.label --l lh.BA2_exvivo.thresh.label --l lh.BA3a_exvivo.thresh.label --l lh.BA3b_exvivo.thresh.label --l lh.BA4a_exvivo.thresh.label --l lh.BA4p_exvivo.thresh.label --l lh.BA6_exvivo.thresh.label --l lh.BA44_exvivo.thresh.label --l lh.BA45_exvivo.thresh.label --l lh.V1_exvivo.thresh.label --l lh.V2_exvivo.thresh.label --l lh.MT_exvivo.thresh.label --l lh.perirhinal_exvivo.thresh.label --l lh.entorhinal_exvivo.thresh.label --a BA_exvivo.thresh --maxstatwinner --noverbose 
sysname  Linux
hostname dna078
machine  x86_64
user     oesteban

subject sub-v1s10x0051006_ses-1
hemi    lh
SUBJECTS_DIR /out/sourcedata/freesurfer
ColorTable /opt/freesurfer/average/colortable_BA.txt
AnnotName  BA_exvivo.thresh
nlables 14
LabelThresh 0 0.000000
Loading /out/sourcedata/freesurfer/sub-v1s10x0051006_ses-1/surf/lh.orig
 1 1530880 BA1_exvivo
 2 16749699 BA2_exvivo
 3 16711680 BA3a_exvivo
 4 3368703 BA3b_exvivo
 5 1376196 BA4a_exvivo
 6 13382655 BA4p_exvivo
 7 10036737 BA6_exvivo
 8 2490521 BA44_exvivo
 9 39283 BA45_exvivo
10 3993 V1_exvivo
11 8508928 V2_exvivo
12 10027163 MT_exvivo
13 16422433 perirhinal_exvivo
14 16392598 entorhinal_exvivo
Mapping unhit to unknown
Found 105107 unhit vertices
Writing annot to /out/sourcedata/freesurfer/sub-v1s10x0051006_ses-1/label/lh.BA_exvivo.thresh.annot

 mris_anatomical_stats -th3 -mgz -noglobal -f ../stats/lh.BA_exvivo.stats -b -a ./lh.BA_exvivo.annot -c ./BA_exvivo.ctab sub-v1s10x0051006_ses-1 lh white 

computing statistics for each annotation in ./lh.BA_exvivo.annot.
reading volume /out/sourcedata/freesurfer/sub-v1s10x0051006_ses-1/mri/wm.mgz...
reading input surface /out/sourcedata/freesurfer/sub-v1s10x0051006_ses-1/surf/lh.white...
reading input pial surface /out/sourcedata/freesurfer/sub-v1s10x0051006_ses-1/surf/lh.pial...
reading input white surface /out/sourcedata/freesurfer/sub-v1s10x0051006_ses-1/surf/lh.white...
INFO: using TH3 volume calc
INFO: assuming MGZ format for volumes.
INFO: not computing global stats
Using TH3 vertex volume calc
Total face volume 275988
Total vertex volume 275766 (mask=0)
Saving annotation colortable ./BA_exvivo.ctab

table columns are:
    number of vertices
    total surface area (mm^2)
    total gray matter volume (mm^3)
    average cortical thickness +- standard deviation (mm)
    integrated rectified mean curvature
    integrated rectified Gaussian curvature
    folding index
    intrinsic curvature index
    structure name

 1008    718   2353  2.501 0.659     0.149     0.030       16     1.3  BA1_exvivo
 3545   2425   6783  2.630 0.595     0.108     0.020       31     3.0  BA2_exvivo
  979    636    951  1.922 0.439     0.131     0.020       10     0.8  BA3a_exvivo
 2226   1558   3283  1.821 0.651     0.091     0.016       14     1.6  BA3b_exvivo
 1463    961   3352  2.855 0.575     0.108     0.022       14     1.4  BA4a_exvivo
 1149    750   1619  2.266 0.626     0.083     0.016        5     0.8  BA4p_exvivo
 8358   5939  22193  3.101 0.694     0.109     0.021       73     7.3  BA6_exvivo
 2405   1681   5555  2.994 0.546     0.101     0.020       21     1.9  BA44_exvivo
 3684   2707   9966  2.953 0.702     0.114     0.022       40     3.6  BA45_exvivo
 3589   2689   5216  1.979 0.631     0.142     0.035       45     5.0  V1_exvivo
 8386   6202  15201  2.209 0.647     0.147     0.034      119    12.0  V2_exvivo
 1594   1099   3733  2.840 0.631     0.118     0.023       17     1.4  MT_exvivo
  506    341   1110  2.741 0.769     0.088     0.013        3     0.3  perirhinal_exvivo
  502    335   1406  2.751 1.181     0.103     0.022        5     0.6  entorhinal_exvivo

 mris_anatomical_stats -th3 -mgz -f ../stats/lh.BA_exvivo.thresh.stats -noglobal -b -a ./lh.BA_exvivo.thresh.annot -c ./BA_exvivo.thresh.ctab sub-v1s10x0051006_ses-1 lh white 

computing statistics for each annotation in ./lh.BA_exvivo.thresh.annot.
reading volume /out/sourcedata/freesurfer/sub-v1s10x0051006_ses-1/mri/wm.mgz...
reading input surface /out/sourcedata/freesurfer/sub-v1s10x0051006_ses-1/surf/lh.white...
reading input pial surface /out/sourcedata/freesurfer/sub-v1s10x0051006_ses-1/surf/lh.pial...
reading input white surface /out/sourcedata/freesurfer/sub-v1s10x0051006_ses-1/surf/lh.white...
INFO: using TH3 volume calc
INFO: assuming MGZ format for volumes.
INFO: not computing global stats
Using TH3 vertex volume calc
Total face volume 275988
Total vertex volume 275766 (mask=0)
Saving annotation colortable ./BA_exvivo.thresh.ctab

table columns are:
    number of vertices
    total surface area (mm^2)
    total gray matter volume (mm^3)
    average cortical thickness +- standard deviation (mm)
    integrated rectified mean curvature
    integrated rectified Gaussian curvature
    folding index
    intrinsic curvature index
    structure name

  630    455   1534  2.534 0.670     0.152     0.032        9     0.8  BA1_exvivo
 1363    911   2771  2.782 0.589     0.097     0.018       10     1.0  BA2_exvivo
  835    535    727  1.891 0.432     0.135     0.021        8     0.7  BA3a_exvivo
 1366    912   1449  1.486 0.366     0.068     0.011        5     0.6  BA3b_exvivo
 1387    894   2839  2.775 0.589     0.096     0.019       10     1.1  BA4a_exvivo
  952    636   1331  2.247 0.631     0.091     0.016        4     0.7  BA4p_exvivo
 4975   3466  12957  3.055 0.694     0.108     0.021       42     4.2  BA6_exvivo
 1517   1069   3659  3.054 0.528     0.096     0.020       12     1.2  BA44_exvivo
 1381   1022   4072  2.882 0.705     0.120     0.024       18     1.4  BA45_exvivo
 3810   2879   5772  1.997 0.642     0.146     0.038       51     5.8  V1_exvivo
 4101   3189   6869  1.976 0.588     0.162     0.040       67     7.2  V2_exvivo
  431    324   1076  2.796 0.542     0.129     0.026        4     0.4  MT_exvivo
  199    136    454  2.925 0.549     0.063     0.009        1     0.1  perirhinal_exvivo
  311    200    987  3.292 0.666     0.077     0.010        1     0.2  entorhinal_exvivo

Started at Fri Mar 6 08:46:03 CET 2026 
Ended   at Fri Mar 6 08:48:35 CET 2026
#@#%# recon-all-run-time-hours 0.042
recon-all -s sub-v1s10x0051006_ses-1 finished without error at Fri Mar  6 08:48:35 CET 2026
