
Fri Mar  6 15:29:43 CET 2026
cd /out/sourcedata/freesurfer/sub-v1s10x0051124_ses-1
setenv SUBJECTS_DIR /out/sourcedata/freesurfer
/opt/freesurfer/bin/recon-all -autorecon1 -i /work/fmriprep_25_2_wf/sub_v1s10x0051124_ses_1_wf/anat_fit_wf/anat_validate/sub-v1s10x0051124_ses-1_T1w_noise_corrected_ras_valid.nii.gz -noskullstrip -noT2pial -noFLAIRpial -openmp 16 -subjid sub-v1s10x0051124_ses-1 -sd /out/sourcedata/freesurfer

subjid sub-v1s10x0051124_ses-1
setenv SUBJECTS_DIR /out/sourcedata/freesurfer
FREESURFER_HOME /opt/freesurfer
Actual FREESURFER_HOME /opt/freesurfer
build-stamp.txt: freesurfer-linux-ubuntu22_x86_64-7.3.2-20220804-6354275
Linux dna061 5.14.0-427.37.1.el9_4.x86_64 #1 SMP PREEMPT_DYNAMIC Fri Sep 13 12:41:50 EDT 2024 x86_64 x86_64 x86_64 GNU/Linux
cputime      unlimited
filesize     unlimited
datasize     unlimited
stacksize    8192 kbytes
coredumpsize 0 kbytes
memoryuse    67108864 kbytes
vmemoryuse   unlimited
descriptors  1024 
memorylocked unlimited
maxproc      2061970 
maxlocks     unlimited
maxsignal    2061970 
maxmessage   819200 
maxnice      0 
maxrtprio    0 
maxrttime    unlimited

               total        used        free      shared  buff/cache   available
Mem:           503Gi       123Gi       216Gi        21Gi       163Gi       354Gi
Swap:             0B          0B          0B

########################################
program versions used
7.3.2 (freesurfer-linux-ubuntu22_x86_64-7.3.2-20220804-6354275)
7.3.2

ProgramName: lta_convert  ProgramArguments: lta_convert -all-info  ProgramVersion: 7.3.2  TimeStamp: 2026/03/06-14:29:43-GMT  BuildTime: Aug  4 2022 06:17:15  BuildStamp: freesurfer-linux-ubuntu22_x86_64-7.3.2-20220804-6354275  User: oesteban  Machine: dna061  Platform: Linux  PlatformVersion: 5.14.0-427.37.1.el9_4.x86_64  CompilerName: GCC  CompilerVersion: 8.4.0
ProgramName: mri_and  ProgramArguments: mri_and -all-info  ProgramVersion: 7.3.2  TimeStamp: 2026/03/06-14:29:43-GMT  BuildTime: Aug  4 2022 06:17:15  BuildStamp: freesurfer-linux-ubuntu22_x86_64-7.3.2-20220804-6354275  User: oesteban  Machine: dna061  Platform: Linux  PlatformVersion: 5.14.0-427.37.1.el9_4.x86_64  CompilerName: GCC  CompilerVersion: 8.4.0
ProgramName: mri_annotation2label  ProgramArguments: mri_annotation2label -all-info  ProgramVersion: 7.3.2  TimeStamp: 2026/03/06-14:29:43-GMT  BuildTime: Aug  4 2022 06:17:15  BuildStamp: freesurfer-linux-ubuntu22_x86_64-7.3.2-20220804-6354275  User: oesteban  Machine: dna061  Platform: Linux  PlatformVersion: 5.14.0-427.37.1.el9_4.x86_64  CompilerName: GCC  CompilerVersion: 8.4.0
ProgramName: mri_aparc2aseg  ProgramArguments: mri_aparc2aseg -all-info  ProgramVersion: 7.3.2  TimeStamp: 2026/03/06-14:29:43-GMT  BuildTime: Aug  4 2022 06:17:15  BuildStamp: freesurfer-linux-ubuntu22_x86_64-7.3.2-20220804-6354275  User: oesteban  Machine: dna061  Platform: Linux  PlatformVersion: 5.14.0-427.37.1.el9_4.x86_64  CompilerName: GCC  CompilerVersion: 8.4.0
ProgramName: mri_surf2volseg  ProgramArguments: mri_surf2volseg -all-info  ProgramVersion: 7.3.2  TimeStamp: 2026/03/06-14:29:43-GMT  BuildTime: Aug  4 2022 06:17:15  BuildStamp: freesurfer-linux-ubuntu22_x86_64-7.3.2-20220804-6354275  User: oesteban  Machine: dna061  Platform: Linux  PlatformVersion: 5.14.0-427.37.1.el9_4.x86_64  CompilerName: GCC  CompilerVersion: 8.4.0
ProgramName: mri_binarize  ProgramArguments: mri_binarize -all-info  ProgramVersion: 7.3.2  TimeStamp: 2026/03/06-14:29:43-GMT  BuildTime: Aug  4 2022 06:17:15  BuildStamp: freesurfer-linux-ubuntu22_x86_64-7.3.2-20220804-6354275  User: oesteban  Machine: dna061  Platform: Linux  PlatformVersion: 5.14.0-427.37.1.el9_4.x86_64  CompilerName: GCC  CompilerVersion: 8.4.0
ProgramName: mri_ca_label  ProgramArguments: mri_ca_label -all-info  ProgramVersion: 7.3.2  TimeStamp: 2026/03/06-14:29:43-GMT  BuildTime: Aug  4 2022 06:17:15  BuildStamp: freesurfer-linux-ubuntu22_x86_64-7.3.2-20220804-6354275  User: oesteban  Machine: dna061  Platform: Linux  PlatformVersion: 5.14.0-427.37.1.el9_4.x86_64  CompilerName: GCC  CompilerVersion: 8.4.0
ProgramName: mri_ca_normalize  ProgramArguments: mri_ca_normalize -all-info  ProgramVersion: 7.3.2  TimeStamp: 2026/03/06-14:29:43-GMT  BuildTime: Aug  4 2022 06:17:15  BuildStamp: freesurfer-linux-ubuntu22_x86_64-7.3.2-20220804-6354275  User: oesteban  Machine: dna061  Platform: Linux  PlatformVersion: 5.14.0-427.37.1.el9_4.x86_64  CompilerName: GCC  CompilerVersion: 8.4.0
ProgramName: mri_ca_register  ProgramArguments: mri_ca_register -all-info  ProgramVersion: 7.3.2  TimeStamp: 2026/03/06-14:29:43-GMT  BuildTime: Aug  4 2022 06:17:15  BuildStamp: freesurfer-linux-ubuntu22_x86_64-7.3.2-20220804-6354275  User: oesteban  Machine: dna061  Platform: Linux  PlatformVersion: 5.14.0-427.37.1.el9_4.x86_64  CompilerName: GCC  CompilerVersion: 8.4.0
ProgramName: mri_cc  ProgramArguments: mri_cc -all-info  ProgramVersion: 7.3.2  TimeStamp: 2026/03/06-14:29:43-GMT  BuildTime: Aug  4 2022 06:17:15  BuildStamp: freesurfer-linux-ubuntu22_x86_64-7.3.2-20220804-6354275  User: oesteban  Machine: dna061  Platform: Linux  PlatformVersion: 5.14.0-427.37.1.el9_4.x86_64  CompilerName: GCC  CompilerVersion: 8.4.0
ProgramName: mri_compute_overlap  ProgramArguments: mri_compute_overlap -all-info  ProgramVersion: 7.3.2  TimeStamp: 2026/03/06-14:29:43-GMT  BuildTime: Aug  4 2022 06:17:15  BuildStamp: freesurfer-linux-ubuntu22_x86_64-7.3.2-20220804-6354275  User: oesteban  Machine: dna061  Platform: Linux  PlatformVersion: 5.14.0-427.37.1.el9_4.x86_64  CompilerName: GCC  CompilerVersion: 8.4.0
ProgramName: mri_compute_seg_overlap  ProgramArguments: mri_compute_seg_overlap -all-info  ProgramVersion: 7.3.2  TimeStamp: 2026/03/06-14:29:43-GMT  BuildTime: Aug  4 2022 06:17:15  BuildStamp: freesurfer-linux-ubuntu22_x86_64-7.3.2-20220804-6354275  User: oesteban  Machine: dna061  Platform: Linux  PlatformVersion: 5.14.0-427.37.1.el9_4.x86_64  CompilerName: GCC  CompilerVersion: 8.4.0
ProgramName: mri_concat  ProgramArguments: mri_concat -all-info  ProgramVersion: 7.3.2  TimeStamp: 2026/03/06-14:29:43-GMT  BuildTime: Aug  4 2022 06:17:15  BuildStamp: freesurfer-linux-ubuntu22_x86_64-7.3.2-20220804-6354275  User: oesteban  Machine: dna061  Platform: Linux  PlatformVersion: 5.14.0-427.37.1.el9_4.x86_64  CompilerName: GCC  CompilerVersion: 8.4.0
ProgramName: mri_concatenate_lta  ProgramArguments: mri_concatenate_lta -all-info  ProgramVersion: 7.3.2  TimeStamp: 2026/03/06-14:29:43-GMT  BuildTime: Aug  4 2022 06:17:15  BuildStamp: freesurfer-linux-ubuntu22_x86_64-7.3.2-20220804-6354275  User: oesteban  Machine: dna061  Platform: Linux  PlatformVersion: 5.14.0-427.37.1.el9_4.x86_64  CompilerName: GCC  CompilerVersion: 8.4.0
mri_convert -all-info 
ProgramName: mri_convert  ProgramArguments: mri_convert -all-info  ProgramVersion: 7.3.2  TimeStamp: 2026/03/06-14:29:43-GMT  BuildTime: Aug  4 2022 06:17:15  BuildStamp: freesurfer-linux-ubuntu22_x86_64-7.3.2-20220804-6354275  User: oesteban  Machine: dna061  Platform: Linux  PlatformVersion: 5.14.0-427.37.1.el9_4.x86_64  CompilerName: GCC  CompilerVersion: 8.4.0
ProgramName: mri_diff  ProgramArguments: mri_diff -all-info  ProgramVersion: 7.3.2  TimeStamp: 2026/03/06-14:29:43-GMT  BuildTime: Aug  4 2022 06:17:15  BuildStamp: freesurfer-linux-ubuntu22_x86_64-7.3.2-20220804-6354275  User: oesteban  Machine: dna061  Platform: Linux  PlatformVersion: 5.14.0-427.37.1.el9_4.x86_64  CompilerName: GCC  CompilerVersion: 8.4.0
ProgramName: mri_edit_wm_with_aseg  ProgramArguments: mri_edit_wm_with_aseg -all-info  ProgramVersion: 7.3.2  TimeStamp: 2026/03/06-14:29:43-GMT  BuildTime: Aug  4 2022 06:17:15  BuildStamp: freesurfer-linux-ubuntu22_x86_64-7.3.2-20220804-6354275  User: oesteban  Machine: dna061  Platform: Linux  PlatformVersion: 5.14.0-427.37.1.el9_4.x86_64  CompilerName: GCC  CompilerVersion: 8.4.0
ProgramName: mri_em_register  ProgramArguments: mri_em_register -all-info  ProgramVersion: 7.3.2  TimeStamp: 2026/03/06-14:29:43-GMT  BuildTime: Aug  4 2022 06:17:15  BuildStamp: freesurfer-linux-ubuntu22_x86_64-7.3.2-20220804-6354275  User: oesteban  Machine: dna061  Platform: Linux  PlatformVersion: 5.14.0-427.37.1.el9_4.x86_64  CompilerName: GCC  CompilerVersion: 8.4.0
ProgramName: mri_fill  ProgramArguments: mri_fill -all-info  ProgramVersion: 7.3.2  TimeStamp: 2026/03/06-14:29:43-GMT  BuildTime: Aug  4 2022 06:17:15  BuildStamp: freesurfer-linux-ubuntu22_x86_64-7.3.2-20220804-6354275  User: oesteban  Machine: dna061  Platform: Linux  PlatformVersion: 5.14.0-427.37.1.el9_4.x86_64  CompilerName: GCC  CompilerVersion: 8.4.0
ProgramName: mri_fuse_segmentations  ProgramArguments: mri_fuse_segmentations -all-info  ProgramVersion: 7.3.2  TimeStamp: 2026/03/06-14:29:44-GMT  BuildTime: Aug  4 2022 06:17:15  BuildStamp: freesurfer-linux-ubuntu22_x86_64-7.3.2-20220804-6354275  User: oesteban  Machine: dna061  Platform: Linux  PlatformVersion: 5.14.0-427.37.1.el9_4.x86_64  CompilerName: GCC  CompilerVersion: 8.4.0
ProgramName: mri_fwhm  ProgramArguments: mri_fwhm -all-info  ProgramVersion: 7.3.2  TimeStamp: 2026/03/06-14:29:44-GMT  BuildTime: Aug  4 2022 06:17:15  BuildStamp: freesurfer-linux-ubuntu22_x86_64-7.3.2-20220804-6354275  User: oesteban  Machine: dna061  Platform: Linux  PlatformVersion: 5.14.0-427.37.1.el9_4.x86_64  CompilerName: GCC  CompilerVersion: 8.4.0
ProgramName: mri_gcut  ProgramArguments: mri_gcut -all-info  ProgramVersion: 7.3.2  TimeStamp: 2026/03/06-14:29:44-GMT  BuildTime: Aug  4 2022 06:17:15  BuildStamp: freesurfer-linux-ubuntu22_x86_64-7.3.2-20220804-6354275  User: oesteban  Machine: dna061  Platform: Linux  PlatformVersion: 5.14.0-427.37.1.el9_4.x86_64  CompilerName: GCC  CompilerVersion: 8.4.0
ProgramName: mri_info  ProgramArguments: mri_info -all-info  ProgramVersion: 7.3.2  TimeStamp: 2026/03/06-14:29:44-GMT  BuildTime: Aug  4 2022 06:17:15  BuildStamp: freesurfer-linux-ubuntu22_x86_64-7.3.2-20220804-6354275  User: oesteban  Machine: dna061  Platform: Linux  PlatformVersion: 5.14.0-427.37.1.el9_4.x86_64  CompilerName: GCC  CompilerVersion: 8.4.0
ProgramName: mri_label2label  ProgramArguments: mri_label2label -all-info  ProgramVersion: 7.3.2  TimeStamp: 2026/03/06-14:29:44-GMT  BuildTime: Aug  4 2022 06:17:15  BuildStamp: freesurfer-linux-ubuntu22_x86_64-7.3.2-20220804-6354275  User: oesteban  Machine: dna061  Platform: Linux  PlatformVersion: 5.14.0-427.37.1.el9_4.x86_64  CompilerName: GCC  CompilerVersion: 8.4.0
ProgramName: mri_label2vol  ProgramArguments: mri_label2vol -all-info  ProgramVersion: 7.3.2  TimeStamp: 2026/03/06-14:29:44-GMT  BuildTime: Aug  4 2022 06:17:15  BuildStamp: freesurfer-linux-ubuntu22_x86_64-7.3.2-20220804-6354275  User: oesteban  Machine: dna061  Platform: Linux  PlatformVersion: 5.14.0-427.37.1.el9_4.x86_64  CompilerName: GCC  CompilerVersion: 8.4.0
ProgramName: mri_log_likelihood  ProgramArguments: mri_log_likelihood -all-info  ProgramVersion: 7.3.2  TimeStamp: 2026/03/06-14:29:44-GMT  BuildTime: Aug  4 2022 06:17:15  BuildStamp: freesurfer-linux-ubuntu22_x86_64-7.3.2-20220804-6354275  User: oesteban  Machine: dna061  Platform: Linux  PlatformVersion: 5.14.0-427.37.1.el9_4.x86_64  CompilerName: GCC  CompilerVersion: 8.4.0
ProgramName: mri_mask  ProgramArguments: mri_mask -all-info  ProgramVersion: 7.3.2  TimeStamp: 2026/03/06-14:29:44-GMT  BuildTime: Aug  4 2022 06:17:15  BuildStamp: freesurfer-linux-ubuntu22_x86_64-7.3.2-20220804-6354275  User: oesteban  Machine: dna061  Platform: Linux  PlatformVersion: 5.14.0-427.37.1.el9_4.x86_64  CompilerName: GCC  CompilerVersion: 8.4.0
ProgramName: mri_matrix_multiply  ProgramArguments: mri_matrix_multiply -all-info  ProgramVersion: 7.3.2  TimeStamp: 2026/03/06-14:29:44-GMT  BuildTime: Aug  4 2022 06:17:15  BuildStamp: freesurfer-linux-ubuntu22_x86_64-7.3.2-20220804-6354275  User: oesteban  Machine: dna061  Platform: Linux  PlatformVersion: 5.14.0-427.37.1.el9_4.x86_64  CompilerName: GCC  CompilerVersion: 8.4.0
ProgramName: mri_normalize  ProgramArguments: mri_normalize -all-info  ProgramVersion: 7.3.2  TimeStamp: 2026/03/06-14:29:44-GMT  BuildTime: Aug  4 2022 06:17:15  BuildStamp: freesurfer-linux-ubuntu22_x86_64-7.3.2-20220804-6354275  User: oesteban  Machine: dna061  Platform: Linux  PlatformVersion: 5.14.0-427.37.1.el9_4.x86_64  CompilerName: GCC  CompilerVersion: 8.4.0
ProgramName: mri_normalize_tp2  ProgramArguments: mri_normalize_tp2 -all-info  ProgramVersion: 7.3.2  TimeStamp: 2026/03/06-14:29:44-GMT  BuildTime: Aug  4 2022 06:17:15  BuildStamp: freesurfer-linux-ubuntu22_x86_64-7.3.2-20220804-6354275  User: oesteban  Machine: dna061  Platform: Linux  PlatformVersion: 5.14.0-427.37.1.el9_4.x86_64  CompilerName: GCC  CompilerVersion: 8.4.0
ProgramName: mri_or  ProgramArguments: mri_or -all-info  ProgramVersion: 7.3.2  TimeStamp: 2026/03/06-14:29:44-GMT  BuildTime: Aug  4 2022 06:17:15  BuildStamp: freesurfer-linux-ubuntu22_x86_64-7.3.2-20220804-6354275  User: oesteban  Machine: dna061  Platform: Linux  PlatformVersion: 5.14.0-427.37.1.el9_4.x86_64  CompilerName: GCC  CompilerVersion: 8.4.0
ProgramName: mri_relabel_hypointensities  ProgramArguments: mri_relabel_hypointensities -all-info  ProgramVersion: 7.3.2  TimeStamp: 2026/03/06-14:29:44-GMT  BuildTime: Aug  4 2022 06:17:15  BuildStamp: freesurfer-linux-ubuntu22_x86_64-7.3.2-20220804-6354275  User: oesteban  Machine: dna061  Platform: Linux  PlatformVersion: 5.14.0-427.37.1.el9_4.x86_64  CompilerName: GCC  CompilerVersion: 8.4.0
ProgramName: mri_relabel_nonwm_hypos  ProgramArguments: mri_relabel_nonwm_hypos -all-info  ProgramVersion: 7.3.2  TimeStamp: 2026/03/06-14:29:44-GMT  BuildTime: Aug  4 2022 06:17:15  BuildStamp: freesurfer-linux-ubuntu22_x86_64-7.3.2-20220804-6354275  User: oesteban  Machine: dna061  Platform: Linux  PlatformVersion: 5.14.0-427.37.1.el9_4.x86_64  CompilerName: GCC  CompilerVersion: 8.4.0
ProgramName: mri_remove_neck  ProgramArguments: mri_remove_neck -all-info  ProgramVersion: 7.3.2  TimeStamp: 2026/03/06-14:29:44-GMT  BuildTime: Aug  4 2022 06:17:15  BuildStamp: freesurfer-linux-ubuntu22_x86_64-7.3.2-20220804-6354275  User: oesteban  Machine: dna061  Platform: Linux  PlatformVersion: 5.14.0-427.37.1.el9_4.x86_64  CompilerName: GCC  CompilerVersion: 8.4.0
7.3.2

ProgramName: mri_robust_register  ProgramArguments: mri_robust_register -all-info  ProgramVersion: 7.3.2  TimeStamp: 2026/03/06-14:29:44-GMT  BuildTime: Aug  4 2022 06:17:15  BuildStamp: freesurfer-linux-ubuntu22_x86_64-7.3.2-20220804-6354275  User: oesteban  Machine: dna061  Platform: Linux  PlatformVersion: 5.14.0-427.37.1.el9_4.x86_64  CompilerName: GCC  CompilerVersion: 8.4.0
7.3.2

ProgramName: mri_robust_template  ProgramArguments: mri_robust_template -all-info  ProgramVersion: 7.3.2  TimeStamp: 2026/03/06-14:29:44-GMT  BuildTime: Aug  4 2022 06:17:15  BuildStamp: freesurfer-linux-ubuntu22_x86_64-7.3.2-20220804-6354275  User: oesteban  Machine: dna061  Platform: Linux  PlatformVersion: 5.14.0-427.37.1.el9_4.x86_64  CompilerName: GCC  CompilerVersion: 8.4.0
ProgramName: mris_anatomical_stats  ProgramArguments: mris_anatomical_stats -all-info  ProgramVersion: 7.3.2  TimeStamp: 2026/03/06-14:29:44-GMT  BuildTime: Aug  4 2022 06:17:15  BuildStamp: freesurfer-linux-ubuntu22_x86_64-7.3.2-20220804-6354275  User: oesteban  Machine: dna061  Platform: Linux  PlatformVersion: 5.14.0-427.37.1.el9_4.x86_64  CompilerName: GCC  CompilerVersion: 8.4.0
ProgramName: mris_ca_label  ProgramArguments: mris_ca_label -all-info  ProgramVersion: 7.3.2  TimeStamp: 2026/03/06-14:29:44-GMT  BuildTime: Aug  4 2022 06:17:15  BuildStamp: freesurfer-linux-ubuntu22_x86_64-7.3.2-20220804-6354275  User: oesteban  Machine: dna061  Platform: Linux  PlatformVersion: 5.14.0-427.37.1.el9_4.x86_64  CompilerName: GCC  CompilerVersion: 8.4.0
ProgramName: mris_calc  ProgramArguments: mris_calc -all-info  ProgramVersion: 7.3.2  TimeStamp: 2026/03/06-14:29:44-GMT  BuildTime: Aug  4 2022 06:17:15  BuildStamp: freesurfer-linux-ubuntu22_x86_64-7.3.2-20220804-6354275  User: oesteban  Machine: dna061  Platform: Linux  PlatformVersion: 5.14.0-427.37.1.el9_4.x86_64  CompilerName: GCC  CompilerVersion: 8.4.0
ProgramName: mris_convert  ProgramArguments: mris_convert -all-info  ProgramVersion: 7.3.2  TimeStamp: 2026/03/06-14:29:44-GMT  BuildTime: Aug  4 2022 06:17:15  BuildStamp: freesurfer-linux-ubuntu22_x86_64-7.3.2-20220804-6354275  User: oesteban  Machine: dna061  Platform: Linux  PlatformVersion: 5.14.0-427.37.1.el9_4.x86_64  CompilerName: GCC  CompilerVersion: 8.4.0
ProgramName: mris_curvature  ProgramArguments: mris_curvature -all-info  ProgramVersion: 7.3.2  TimeStamp: 2026/03/06-14:29:44-GMT  BuildTime: Aug  4 2022 06:17:15  BuildStamp: freesurfer-linux-ubuntu22_x86_64-7.3.2-20220804-6354275  User: oesteban  Machine: dna061  Platform: Linux  PlatformVersion: 5.14.0-427.37.1.el9_4.x86_64  CompilerName: GCC  CompilerVersion: 8.4.0
ProgramName: mris_curvature_stats  ProgramArguments: mris_curvature_stats -all-info  ProgramVersion: 7.3.2  TimeStamp: 2026/03/06-14:29:44-GMT  BuildTime: Aug  4 2022 06:17:15  BuildStamp: freesurfer-linux-ubuntu22_x86_64-7.3.2-20220804-6354275  User: oesteban  Machine: dna061  Platform: Linux  PlatformVersion: 5.14.0-427.37.1.el9_4.x86_64  CompilerName: GCC  CompilerVersion: 8.4.0
ProgramName: mris_diff  ProgramArguments: mris_diff -all-info  ProgramVersion: 7.3.2  TimeStamp: 2026/03/06-14:29:44-GMT  BuildTime: Aug  4 2022 06:17:15  BuildStamp: freesurfer-linux-ubuntu22_x86_64-7.3.2-20220804-6354275  User: oesteban  Machine: dna061  Platform: Linux  PlatformVersion: 5.14.0-427.37.1.el9_4.x86_64  CompilerName: GCC  CompilerVersion: 8.4.0
ProgramName: mris_divide_parcellation  ProgramArguments: mris_divide_parcellation -all-info  ProgramVersion: 7.3.2  TimeStamp: 2026/03/06-14:29:44-GMT  BuildTime: Aug  4 2022 06:17:15  BuildStamp: freesurfer-linux-ubuntu22_x86_64-7.3.2-20220804-6354275  User: oesteban  Machine: dna061  Platform: Linux  PlatformVersion: 5.14.0-427.37.1.el9_4.x86_64  CompilerName: GCC  CompilerVersion: 8.4.0
ProgramName: mri_segment  ProgramArguments: mri_segment -all-info  ProgramVersion: 7.3.2  TimeStamp: 2026/03/06-14:29:44-GMT  BuildTime: Aug  4 2022 06:17:15  BuildStamp: freesurfer-linux-ubuntu22_x86_64-7.3.2-20220804-6354275  User: oesteban  Machine: dna061  Platform: Linux  PlatformVersion: 5.14.0-427.37.1.el9_4.x86_64  CompilerName: GCC  CompilerVersion: 8.4.0
ProgramName: mri_segstats  ProgramArguments: mri_segstats -all-info  ProgramVersion: 7.3.2  TimeStamp: 2026/03/06-14:29:44-GMT  BuildTime: Aug  4 2022 06:17:15  BuildStamp: freesurfer-linux-ubuntu22_x86_64-7.3.2-20220804-6354275  User: oesteban  Machine: dna061  Platform: Linux  PlatformVersion: 5.14.0-427.37.1.el9_4.x86_64  CompilerName: GCC  CompilerVersion: 8.4.0
ProgramName: mris_euler_number  ProgramArguments: mris_euler_number -all-info  ProgramVersion: 7.3.2  TimeStamp: 2026/03/06-14:29:44-GMT  BuildTime: Aug  4 2022 06:17:15  BuildStamp: freesurfer-linux-ubuntu22_x86_64-7.3.2-20220804-6354275  User: oesteban  Machine: dna061  Platform: Linux  PlatformVersion: 5.14.0-427.37.1.el9_4.x86_64  CompilerName: GCC  CompilerVersion: 8.4.0
ProgramName: mris_fix_topology  ProgramArguments: mris_fix_topology -all-info  ProgramVersion: 7.3.2  TimeStamp: 2026/03/06-14:29:44-GMT  BuildTime: Aug  4 2022 06:17:15  BuildStamp: freesurfer-linux-ubuntu22_x86_64-7.3.2-20220804-6354275  User: oesteban  Machine: dna061  Platform: Linux  PlatformVersion: 5.14.0-427.37.1.el9_4.x86_64  CompilerName: GCC  CompilerVersion: 8.4.0
ProgramName: mris_topo_fixer  ProgramArguments: mris_topo_fixer -all-info  ProgramVersion: 7.3.2  TimeStamp: 2026/03/06-14:29:44-GMT  BuildTime: Aug  4 2022 06:17:15  BuildStamp: freesurfer-linux-ubuntu22_x86_64-7.3.2-20220804-6354275  User: oesteban  Machine: dna061  Platform: Linux  PlatformVersion: 5.14.0-427.37.1.el9_4.x86_64  CompilerName: GCC  CompilerVersion: 8.4.0
ProgramName: mris_jacobian  ProgramArguments: mris_jacobian -all-info  ProgramVersion: 7.3.2  TimeStamp: 2026/03/06-14:29:44-GMT  BuildTime: Aug  4 2022 06:17:15  BuildStamp: freesurfer-linux-ubuntu22_x86_64-7.3.2-20220804-6354275  User: oesteban  Machine: dna061  Platform: Linux  PlatformVersion: 5.14.0-427.37.1.el9_4.x86_64  CompilerName: GCC  CompilerVersion: 8.4.0
ProgramName: mris_label2annot  ProgramArguments: mris_label2annot -all-info  ProgramVersion: 7.3.2  TimeStamp: 2026/03/06-14:29:44-GMT  BuildTime: Aug  4 2022 06:17:15  BuildStamp: freesurfer-linux-ubuntu22_x86_64-7.3.2-20220804-6354275  User: oesteban  Machine: dna061  Platform: Linux  PlatformVersion: 5.14.0-427.37.1.el9_4.x86_64  CompilerName: GCC  CompilerVersion: 8.4.0
ProgramName: mris_left_right_register  ProgramArguments: mris_left_right_register -all-info  ProgramVersion: 7.3.2  TimeStamp: 2026/03/06-14:29:44-GMT  BuildTime: Aug  4 2022 06:17:15  BuildStamp: freesurfer-linux-ubuntu22_x86_64-7.3.2-20220804-6354275  User: oesteban  Machine: dna061  Platform: Linux  PlatformVersion: 5.14.0-427.37.1.el9_4.x86_64  CompilerName: GCC  CompilerVersion: 8.4.0
ProgramName: mris_place_surface  ProgramArguments: mris_place_surface -all-info  ProgramVersion: 7.3.2  TimeStamp: 2026/03/06-14:29:44-GMT  BuildTime: Aug  4 2022 06:17:15  BuildStamp: freesurfer-linux-ubuntu22_x86_64-7.3.2-20220804-6354275  User: oesteban  Machine: dna061  Platform: Linux  PlatformVersion: 5.14.0-427.37.1.el9_4.x86_64  CompilerName: GCC  CompilerVersion: 8.4.0
ProgramName: mrisp_paint  ProgramArguments: mrisp_paint -all-info  ProgramVersion: 7.3.2  TimeStamp: 2026/03/06-14:29:44-GMT  BuildTime: Aug  4 2022 06:17:15  BuildStamp: freesurfer-linux-ubuntu22_x86_64-7.3.2-20220804-6354275  User: oesteban  Machine: dna061  Platform: Linux  PlatformVersion: 5.14.0-427.37.1.el9_4.x86_64  CompilerName: GCC  CompilerVersion: 8.4.0
ProgramName: mris_register  ProgramArguments: mris_register -all-info  ProgramVersion: 7.3.2  TimeStamp: 2026/03/06-14:29:44-GMT  BuildTime: Aug  4 2022 06:17:15  BuildStamp: freesurfer-linux-ubuntu22_x86_64-7.3.2-20220804-6354275  User: oesteban  Machine: dna061  Platform: Linux  PlatformVersion: 5.14.0-427.37.1.el9_4.x86_64  CompilerName: GCC  CompilerVersion: 8.4.0
ProgramName: mris_smooth  ProgramArguments: mris_smooth -all-info  ProgramVersion: 7.3.2  TimeStamp: 2026/03/06-14:29:44-GMT  BuildTime: Aug  4 2022 06:17:15  BuildStamp: freesurfer-linux-ubuntu22_x86_64-7.3.2-20220804-6354275  User: oesteban  Machine: dna061  Platform: Linux  PlatformVersion: 5.14.0-427.37.1.el9_4.x86_64  CompilerName: GCC  CompilerVersion: 8.4.0
ProgramName: mris_sphere  ProgramArguments: mris_sphere -all-info  ProgramVersion: 7.3.2  TimeStamp: 2026/03/06-14:29:44-GMT  BuildTime: Aug  4 2022 06:17:15  BuildStamp: freesurfer-linux-ubuntu22_x86_64-7.3.2-20220804-6354275  User: oesteban  Machine: dna061  Platform: Linux  PlatformVersion: 5.14.0-427.37.1.el9_4.x86_64  CompilerName: GCC  CompilerVersion: 8.4.0
ProgramName: mris_surface_stats  ProgramArguments: mris_surface_stats -all-info  ProgramVersion: 7.3.2  TimeStamp: 2026/03/06-14:29:44-GMT  BuildTime: Aug  4 2022 06:17:15  BuildStamp: freesurfer-linux-ubuntu22_x86_64-7.3.2-20220804-6354275  User: oesteban  Machine: dna061  Platform: Linux  PlatformVersion: 5.14.0-427.37.1.el9_4.x86_64  CompilerName: GCC  CompilerVersion: 8.4.0
ProgramName: mri_stats2seg  ProgramArguments: mri_stats2seg -all-info  ProgramVersion: 7.3.2  TimeStamp: 2026/03/06-14:29:44-GMT  BuildTime: Aug  4 2022 06:17:15  BuildStamp: freesurfer-linux-ubuntu22_x86_64-7.3.2-20220804-6354275  User: oesteban  Machine: dna061  Platform: Linux  PlatformVersion: 5.14.0-427.37.1.el9_4.x86_64  CompilerName: GCC  CompilerVersion: 8.4.0
ProgramName: mris_thickness  ProgramArguments: mris_thickness -all-info  ProgramVersion: 7.3.2  TimeStamp: 2026/03/06-14:29:44-GMT  BuildTime: Aug  4 2022 06:17:15  BuildStamp: freesurfer-linux-ubuntu22_x86_64-7.3.2-20220804-6354275  User: oesteban  Machine: dna061  Platform: Linux  PlatformVersion: 5.14.0-427.37.1.el9_4.x86_64  CompilerName: GCC  CompilerVersion: 8.4.0
ProgramName: mris_thickness_diff  ProgramArguments: mris_thickness_diff -all-info  ProgramVersion: 7.3.2  TimeStamp: 2026/03/06-14:29:44-GMT  BuildTime: Aug  4 2022 06:17:15  BuildStamp: freesurfer-linux-ubuntu22_x86_64-7.3.2-20220804-6354275  User: oesteban  Machine: dna061  Platform: Linux  PlatformVersion: 5.14.0-427.37.1.el9_4.x86_64  CompilerName: GCC  CompilerVersion: 8.4.0
ProgramName: mris_topo_fixer  ProgramArguments: mris_topo_fixer -all-info  ProgramVersion: 7.3.2  TimeStamp: 2026/03/06-14:29:44-GMT  BuildTime: Aug  4 2022 06:17:15  BuildStamp: freesurfer-linux-ubuntu22_x86_64-7.3.2-20220804-6354275  User: oesteban  Machine: dna061  Platform: Linux  PlatformVersion: 5.14.0-427.37.1.el9_4.x86_64  CompilerName: GCC  CompilerVersion: 8.4.0
ProgramName: mri_surf2surf  ProgramArguments: mri_surf2surf -all-info  ProgramVersion: 7.3.2  TimeStamp: 2026/03/06-14:29:44-GMT  BuildTime: Aug  4 2022 06:17:15  BuildStamp: freesurfer-linux-ubuntu22_x86_64-7.3.2-20220804-6354275  User: oesteban  Machine: dna061  Platform: Linux  PlatformVersion: 5.14.0-427.37.1.el9_4.x86_64  CompilerName: GCC  CompilerVersion: 8.4.0
ProgramName: mri_surf2vol  ProgramArguments: mri_surf2vol -all-info  ProgramVersion: 7.3.2  TimeStamp: 2026/03/06-14:29:44-GMT  BuildTime: Aug  4 2022 06:17:15  BuildStamp: freesurfer-linux-ubuntu22_x86_64-7.3.2-20220804-6354275  User: oesteban  Machine: dna061  Platform: Linux  PlatformVersion: 5.14.0-427.37.1.el9_4.x86_64  CompilerName: GCC  CompilerVersion: 8.4.0
ProgramName: mri_surfcluster  ProgramArguments: mri_surfcluster -all-info  ProgramVersion: 7.3.2  TimeStamp: 2026/03/06-14:29:44-GMT  BuildTime: Aug  4 2022 06:17:15  BuildStamp: freesurfer-linux-ubuntu22_x86_64-7.3.2-20220804-6354275  User: oesteban  Machine: dna061  Platform: Linux  PlatformVersion: 5.14.0-427.37.1.el9_4.x86_64  CompilerName: GCC  CompilerVersion: 8.4.0
ProgramName: mris_volmask  ProgramArguments: mris_volmask -all-info  ProgramVersion: 7.3.2  TimeStamp: 2026/03/06-14:29:44-GMT  BuildTime: Aug  4 2022 06:17:15  BuildStamp: freesurfer-linux-ubuntu22_x86_64-7.3.2-20220804-6354275  User: oesteban  Machine: dna061  Platform: Linux  PlatformVersion: 5.14.0-427.37.1.el9_4.x86_64  CompilerName: GCC  CompilerVersion: 8.4.0
ProgramName: mri_tessellate  ProgramArguments: mri_tessellate -all-info  ProgramVersion: 7.3.2  TimeStamp: 2026/03/06-14:29:44-GMT  BuildTime: Aug  4 2022 06:17:15  BuildStamp: freesurfer-linux-ubuntu22_x86_64-7.3.2-20220804-6354275  User: oesteban  Machine: dna061  Platform: Linux  PlatformVersion: 5.14.0-427.37.1.el9_4.x86_64  CompilerName: GCC  CompilerVersion: 8.4.0
ProgramName: mri_vol2surf  ProgramArguments: mri_vol2surf -all-info  ProgramVersion: 7.3.2  TimeStamp: 2026/03/06-14:29:44-GMT  BuildTime: Aug  4 2022 06:17:15  BuildStamp: freesurfer-linux-ubuntu22_x86_64-7.3.2-20220804-6354275  User: oesteban  Machine: dna061  Platform: Linux  PlatformVersion: 5.14.0-427.37.1.el9_4.x86_64  CompilerName: GCC  CompilerVersion: 8.4.0
ProgramName: mri_vol2vol  ProgramArguments: mri_vol2vol -all-info  ProgramVersion: 7.3.2  TimeStamp: 2026/03/06-14:29:44-GMT  BuildTime: Aug  4 2022 06:17:15  BuildStamp: freesurfer-linux-ubuntu22_x86_64-7.3.2-20220804-6354275  User: oesteban  Machine: dna061  Platform: Linux  PlatformVersion: 5.14.0-427.37.1.el9_4.x86_64  CompilerName: GCC  CompilerVersion: 8.4.0
ProgramName: mri_voldiff  ProgramArguments: mri_voldiff -all-info  ProgramVersion: 7.3.2  TimeStamp: 2026/03/06-14:29:44-GMT  BuildTime: Aug  4 2022 06:17:15  BuildStamp: freesurfer-linux-ubuntu22_x86_64-7.3.2-20220804-6354275  User: oesteban  Machine: dna061  Platform: Linux  PlatformVersion: 5.14.0-427.37.1.el9_4.x86_64  CompilerName: GCC  CompilerVersion: 8.4.0
ProgramName: mri_watershed  ProgramArguments: mri_watershed -all-info  ProgramVersion: 7.3.2  TimeStamp: 2026/03/06-14:29:44-GMT  BuildTime: Aug  4 2022 06:17:15  BuildStamp: freesurfer-linux-ubuntu22_x86_64-7.3.2-20220804-6354275  User: oesteban  Machine: dna061  Platform: Linux  PlatformVersion: 5.14.0-427.37.1.el9_4.x86_64  CompilerName: GCC  CompilerVersion: 8.4.0
ProgramName: tkregister2  ProgramArguments: tkregister2_cmdl -all-info  ProgramVersion: 7.3.2  TimeStamp: 2026/03/06-14:29:44-GMT  BuildTime: Aug  4 2022 06:17:15  BuildStamp: freesurfer-linux-ubuntu22_x86_64-7.3.2-20220804-6354275  User: oesteban  Machine: dna061  Platform: Linux  PlatformVersion: 5.14.0-427.37.1.el9_4.x86_64  CompilerName: GCC  CompilerVersion: 8.4.0
mri_motion_correct.fsl 7.3.2
mri_convert -all-info 
ProgramName: mri_convert  ProgramArguments: mri_convert -all-info  ProgramVersion: 7.3.2  TimeStamp: 2026/03/06-14:29:44-GMT  BuildTime: Aug  4 2022 06:17:15  BuildStamp: freesurfer-linux-ubuntu22_x86_64-7.3.2-20220804-6354275  User: oesteban  Machine: dna061  Platform: Linux  PlatformVersion: 5.14.0-427.37.1.el9_4.x86_64  CompilerName: GCC  CompilerVersion: 8.4.0
Program nu_correct, built from:
Package MNI N3, version 1.12.0, compiled by nicks@terrier (x86_64-unknown-linux-gnu) on 2015-06-19 at 01:25:34
#######################################
GCADIR /opt/freesurfer/average
GCA RB_all_2020-01-02.gca
GCASkull RB_all_withskull_2020_01_02.gca
AvgCurvTif folding.atlas.acfb40.noaparc.i12.2016-08-02.tif
GCSDIR /opt/freesurfer/average
GCS DKaparc.atlas.acfb40.noaparc.i12.2016-08-02.gcs
#######################################
/out/sourcedata/freesurfer/sub-v1s10x0051124_ses-1

 mri_convert /work/fmriprep_25_2_wf/sub_v1s10x0051124_ses_1_wf/anat_fit_wf/anat_validate/sub-v1s10x0051124_ses-1_T1w_noise_corrected_ras_valid.nii.gz /out/sourcedata/freesurfer/sub-v1s10x0051124_ses-1/mri/orig/001.mgz 

mri_convert /work/fmriprep_25_2_wf/sub_v1s10x0051124_ses_1_wf/anat_fit_wf/anat_validate/sub-v1s10x0051124_ses-1_T1w_noise_corrected_ras_valid.nii.gz /out/sourcedata/freesurfer/sub-v1s10x0051124_ses-1/mri/orig/001.mgz 
reading from /work/fmriprep_25_2_wf/sub_v1s10x0051124_ses_1_wf/anat_fit_wf/anat_validate/sub-v1s10x0051124_ses-1_T1w_noise_corrected_ras_valid.nii.gz...
TR=0.00, TE=0.00, TI=0.00, flip angle=0.00
i_ras = (1, 0, 0)
j_ras = (0, 1, 0)
k_ras = (0, 0, 1)
writing to /out/sourcedata/freesurfer/sub-v1s10x0051124_ses-1/mri/orig/001.mgz...
#--------------------------------------------
#@# MotionCor Fri Mar  6 15:29:46 CET 2026
Found 1 runs
/out/sourcedata/freesurfer/sub-v1s10x0051124_ses-1/mri/orig/001.mgz
Checking for (invalid) multi-frame inputs...
Only one run found so motion
correction will not be performed. I'll
copy the run to rawavg and continue.

 cp /out/sourcedata/freesurfer/sub-v1s10x0051124_ses-1/mri/orig/001.mgz /out/sourcedata/freesurfer/sub-v1s10x0051124_ses-1/mri/rawavg.mgz 


 mri_info /out/sourcedata/freesurfer/sub-v1s10x0051124_ses-1/mri/rawavg.mgz 

rawavg.mgz ========================================
Volume information for /out/sourcedata/freesurfer/sub-v1s10x0051124_ses-1/mri/rawavg.mgz
          type: MGH
    dimensions: 128 x 256 x 256
   voxel sizes: 1.329994, 1.000000, 1.000000
          type: FLOAT (3)
           fov: 256.000
           dof: 1
        xstart: -85.1, xend: 85.1
        ystart: -128.0, yend: 128.0
        zstart: -128.0, zend: 128.0
            TR: 0.00 msec, TE: 0.00 msec, TI: 0.00 msec, flip angle: 0.00 degrees
       nframes: 1
       PhEncDir: UNKNOWN
       FieldStrength: 0.000000
ras xform present
    xform info: x_r =   1.0000, y_r =   0.0000, z_r =   0.0000, c_r =     1.3875
              : x_a =   0.0000, y_a =   1.0000, z_a =   0.0000, c_a =     1.0000
              : x_s =   0.0000, y_s =   0.0000, z_s =   1.0000, c_s =     0.2771

talairach xfm : 
Orientation   : RAS
Primary Slice Direction: axial

voxel to ras transform:
                1.3300   0.0000   0.0000   -83.7321
                0.0000   1.0000   0.0000  -127.0000
                0.0000   0.0000   1.0000  -127.7229
                0.0000   0.0000   0.0000     1.0000

voxel-to-ras determinant 1.32999

ras to voxel transform:
                0.7519   0.0000   0.0000    62.9567
                0.0000   1.0000   0.0000   127.0000
                0.0000   0.0000   1.0000   127.7229
                0.0000   0.0000   0.0000     1.0000
/out/sourcedata/freesurfer/sub-v1s10x0051124_ses-1

 mri_convert /out/sourcedata/freesurfer/sub-v1s10x0051124_ses-1/mri/rawavg.mgz /out/sourcedata/freesurfer/sub-v1s10x0051124_ses-1/mri/orig.mgz --conform 

mri_convert /out/sourcedata/freesurfer/sub-v1s10x0051124_ses-1/mri/rawavg.mgz /out/sourcedata/freesurfer/sub-v1s10x0051124_ses-1/mri/orig.mgz --conform 
reading from /out/sourcedata/freesurfer/sub-v1s10x0051124_ses-1/mri/rawavg.mgz...
TR=0.00, TE=0.00, TI=0.00, flip angle=0.00
i_ras = (1, 0, 0)
j_ras = (0, 1, 0)
k_ras = (0, 0, 1)
changing data type from float to uchar (noscale = 0)...
MRIchangeType: Building histogram 0 491.619 1000, flo=0, fhi=0.999, dest_type=0
Reslicing using trilinear interpolation 
writing to /out/sourcedata/freesurfer/sub-v1s10x0051124_ses-1/mri/orig.mgz...

 mri_add_xform_to_header -c /out/sourcedata/freesurfer/sub-v1s10x0051124_ses-1/mri/transforms/talairach.xfm /out/sourcedata/freesurfer/sub-v1s10x0051124_ses-1/mri/orig.mgz /out/sourcedata/freesurfer/sub-v1s10x0051124_ses-1/mri/orig.mgz 

INFO: extension is mgz

 mri_info /out/sourcedata/freesurfer/sub-v1s10x0051124_ses-1/mri/orig.mgz 

orig.mgz ========================================
Volume information for /out/sourcedata/freesurfer/sub-v1s10x0051124_ses-1/mri/orig.mgz
          type: MGH
    dimensions: 256 x 256 x 256
   voxel sizes: 1.000000, 1.000000, 1.000000
          type: UCHAR (0)
           fov: 256.000
           dof: 1
        xstart: -128.0, xend: 128.0
        ystart: -128.0, yend: 128.0
        zstart: -128.0, zend: 128.0
            TR: 0.00 msec, TE: 0.00 msec, TI: 0.00 msec, flip angle: 0.00 degrees
       nframes: 1
       PhEncDir: UNKNOWN
       FieldStrength: 0.000000
ras xform present
    xform info: x_r =  -1.0000, y_r =   0.0000, z_r =   0.0000, c_r =     1.3875
              : x_a =   0.0000, y_a =   0.0000, z_a =   1.0000, c_a =     1.0000
              : x_s =   0.0000, y_s =  -1.0000, z_s =   0.0000, c_s =     0.2771

talairach xfm : /out/sourcedata/freesurfer/sub-v1s10x0051124_ses-1/mri/transforms/talairach.xfm
Orientation   : LIA
Primary Slice Direction: coronal

voxel to ras transform:
               -1.0000   0.0000   0.0000   129.3875
                0.0000   0.0000   1.0000  -127.0000
                0.0000  -1.0000   0.0000   128.2771
                0.0000   0.0000   0.0000     1.0000

voxel-to-ras determinant -1

ras to voxel transform:
               -1.0000  -0.0000  -0.0000   129.3875
               -0.0000  -0.0000  -1.0000   128.2771
               -0.0000   1.0000  -0.0000   127.0000
               -0.0000  -0.0000  -0.0000     1.0000
#--------------------------------------------
#@# Talairach Fri Mar  6 15:29:55 CET 2026
/out/sourcedata/freesurfer/sub-v1s10x0051124_ses-1/mri

 mri_nu_correct.mni --no-rescale --i orig.mgz --o orig_nu.mgz --ants-n4 --n 1 --proto-iters 1000 --distance 50 

/usr/bin/bc
/out/sourcedata/freesurfer/sub-v1s10x0051124_ses-1/mri
/opt/freesurfer/bin/mri_nu_correct.mni
--no-rescale --i orig.mgz --o orig_nu.mgz --ants-n4 --n 1 --proto-iters 1000 --distance 50
nIters 1
mri_nu_correct.mni 7.3.2
Linux dna061 5.14.0-427.37.1.el9_4.x86_64 #1 SMP PREEMPT_DYNAMIC Fri Sep 13 12:41:50 EDT 2024 x86_64 x86_64 x86_64 GNU/Linux
Fri Mar  6 15:29:55 CET 2026
tmpdir is ./tmp.mri_nu_correct.mni.2022491
cd /out/sourcedata/freesurfer/sub-v1s10x0051124_ses-1/mri
AntsN4BiasFieldCorrectionFs -i orig.mgz -o ./tmp.mri_nu_correct.mni.2022491/nu0.mgz --dtype uchar
AntsN4BiasFieldCorrectionFs done
mri_convert ./tmp.mri_nu_correct.mni.2022491/nu0.mgz orig_nu.mgz --like orig.mgz --conform
mri_convert ./tmp.mri_nu_correct.mni.2022491/nu0.mgz orig_nu.mgz --like orig.mgz --conform 
reading from ./tmp.mri_nu_correct.mni.2022491/nu0.mgz...
TR=0.00, TE=0.00, TI=0.00, flip angle=0.00
i_ras = (-1, 0, 0)
j_ras = (0, 0, -1)
k_ras = (0, 1, 0)
INFO: transform src into the like-volume: orig.mgz
writing to orig_nu.mgz...
 
 
Fri Mar  6 15:32:50 CET 2026
mri_nu_correct.mni done

 talairach_avi --i orig_nu.mgz --xfm transforms/talairach.auto.xfm 

talairach_avi log file is transforms/talairach_avi.log...
mv -f /out/sourcedata/freesurfer/sub-v1s10x0051124_ses-1/mri/talsrcimg_to_711-2C_as_mni_average_305_t4_vox2vox.txt /out/sourcedata/freesurfer/sub-v1s10x0051124_ses-1/mri/transforms/talsrcimg_to_711-2C_as_mni_average_305_t4_vox2vox.txt
Started at Fri Mar 6 15:32:50 CET 2026
Ended   at Fri Mar  6 15:34:18 CET 2026
talairach_avi done

 cp transforms/talairach.auto.xfm transforms/talairach.xfm 

lta_convert --src orig.mgz --trg /opt/freesurfer/average/mni305.cor.mgz --inxfm transforms/talairach.xfm --outlta transforms/talairach.xfm.lta --subject fsaverage --ltavox2vox
7.3.2

--src: orig.mgz src image (geometry).
--trg: /opt/freesurfer/average/mni305.cor.mgz trg image (geometry).
--inmni: transforms/talairach.xfm input MNI/XFM transform.
--outlta: transforms/talairach.xfm.lta output LTA.
--s: fsaverage subject name
--ltavox2vox: output LTA as VOX_TO_VOX transform.
 LTA read, type : 1
 1.05167  -0.00375  -0.05078   0.95378;
 0.01748   0.90074   0.39399  -10.45176;
 0.02396  -0.29417   0.99657  -4.68086;
 0.00000   0.00000   0.00000   1.00000;
setting subject to fsaverage
Writing  LTA to file transforms/talairach.xfm.lta...
lta_convert successful.
#--------------------------------------------
#@# Talairach Failure Detection Fri Mar  6 15:34:20 CET 2026
/out/sourcedata/freesurfer/sub-v1s10x0051124_ses-1/mri

 talairach_afd -T 0.005 -xfm transforms/talairach.xfm 

talairach_afd: Talairach Transform: transforms/talairach.xfm OK (p=0.5780, pval=0.2817 >= threshold=0.0050)

 awk -f /opt/freesurfer/bin/extract_talairach_avi_QA.awk /out/sourcedata/freesurfer/sub-v1s10x0051124_ses-1/mri/transforms/talairach_avi.log 


 tal_QC_AZS /out/sourcedata/freesurfer/sub-v1s10x0051124_ses-1/mri/transforms/talairach_avi.log 

TalAviQA: 0.97600
z-score: 0
#--------------------------------------------
#@# Nu Intensity Correction Fri Mar  6 15:34:20 CET 2026

 mri_nu_correct.mni --i orig.mgz --o nu.mgz --uchar transforms/talairach.xfm --n 2 --ants-n4 

/usr/bin/bc
/out/sourcedata/freesurfer/sub-v1s10x0051124_ses-1/mri
/opt/freesurfer/bin/mri_nu_correct.mni
--i orig.mgz --o nu.mgz --uchar transforms/talairach.xfm --n 2 --ants-n4
nIters 2
mri_nu_correct.mni 7.3.2
Linux dna061 5.14.0-427.37.1.el9_4.x86_64 #1 SMP PREEMPT_DYNAMIC Fri Sep 13 12:41:50 EDT 2024 x86_64 x86_64 x86_64 GNU/Linux
Fri Mar  6 15:34:20 CET 2026
tmpdir is ./tmp.mri_nu_correct.mni.2025765
cd /out/sourcedata/freesurfer/sub-v1s10x0051124_ses-1/mri
AntsN4BiasFieldCorrectionFs -i orig.mgz -o ./tmp.mri_nu_correct.mni.2025765/nu0.mgz --dtype uchar
AntsN4BiasFieldCorrectionFs done
mri_binarize --i ./tmp.mri_nu_correct.mni.2025765/nu0.mgz --min -1 --o ./tmp.mri_nu_correct.mni.2025765/ones.mgz

7.3.2
cwd /out/sourcedata/freesurfer/sub-v1s10x0051124_ses-1/mri
cmdline mri_binarize --i ./tmp.mri_nu_correct.mni.2025765/nu0.mgz --min -1 --o ./tmp.mri_nu_correct.mni.2025765/ones.mgz 
sysname  Linux
hostname dna061
machine  x86_64
user     oesteban

input      ./tmp.mri_nu_correct.mni.2025765/nu0.mgz
frame      0
nErode3d   0
nErode2d   0
output     ./tmp.mri_nu_correct.mni.2025765/ones.mgz
Binarizing based on threshold
min        -1
max        +infinity
binval        1
binvalnot     0
fstart = 0, fend = 0, nframes = 1
Starting parallel 1
Found 16777216 values in range
Counting number of voxels in first frame
Found 16777215 voxels in final mask
Writing output to ./tmp.mri_nu_correct.mni.2025765/ones.mgz
Count: 16777215 16777215.000000 16777216 99.999994
mri_binarize done
mri_segstats --id 1 --seg ./tmp.mri_nu_correct.mni.2025765/ones.mgz --i orig.mgz --sum ./tmp.mri_nu_correct.mni.2025765/sum.junk --avgwf ./tmp.mri_nu_correct.mni.2025765/input.mean.dat

7.3.2
cwd 
cmdline mri_segstats --id 1 --seg ./tmp.mri_nu_correct.mni.2025765/ones.mgz --i orig.mgz --sum ./tmp.mri_nu_correct.mni.2025765/sum.junk --avgwf ./tmp.mri_nu_correct.mni.2025765/input.mean.dat 
sysname  Linux
hostname dna061
machine  x86_64
user     oesteban
whitesurfname  white
UseRobust  0
Loading ./tmp.mri_nu_correct.mni.2025765/ones.mgz
Loading orig.mgz
Voxel Volume is 1 mm^3
Generating list of segmentation ids
Found   1 segmentations
Computing statistics for each segmentation

Reporting on   1 segmentations
Using PrintSegStat
Computing spatial average of each frame

Writing to ./tmp.mri_nu_correct.mni.2025765/input.mean.dat
mri_segstats done
mri_segstats --id 1 --seg ./tmp.mri_nu_correct.mni.2025765/ones.mgz --i ./tmp.mri_nu_correct.mni.2025765/nu0.mgz --sum ./tmp.mri_nu_correct.mni.2025765/sum.junk --avgwf ./tmp.mri_nu_correct.mni.2025765/output.mean.dat

7.3.2
cwd 
cmdline mri_segstats --id 1 --seg ./tmp.mri_nu_correct.mni.2025765/ones.mgz --i ./tmp.mri_nu_correct.mni.2025765/nu0.mgz --sum ./tmp.mri_nu_correct.mni.2025765/sum.junk --avgwf ./tmp.mri_nu_correct.mni.2025765/output.mean.dat 
sysname  Linux
hostname dna061
machine  x86_64
user     oesteban
whitesurfname  white
UseRobust  0
Loading ./tmp.mri_nu_correct.mni.2025765/ones.mgz
Loading ./tmp.mri_nu_correct.mni.2025765/nu0.mgz
Voxel Volume is 1 mm^3
Generating list of segmentation ids
Found   1 segmentations
Computing statistics for each segmentation

Reporting on   1 segmentations
Using PrintSegStat
Computing spatial average of each frame

Writing to ./tmp.mri_nu_correct.mni.2025765/output.mean.dat
mri_segstats done
mris_calc -o ./tmp.mri_nu_correct.mni.2025765/nu0.mgz ./tmp.mri_nu_correct.mni.2025765/nu0.mgz mul 1.24531198699207329466
Saving result to './tmp.mri_nu_correct.mni.2025765/nu0.mgz' (type = MGH )                       [ ok ]
mri_convert ./tmp.mri_nu_correct.mni.2025765/nu0.mgz nu.mgz --like orig.mgz
mri_convert ./tmp.mri_nu_correct.mni.2025765/nu0.mgz nu.mgz --like orig.mgz 
reading from ./tmp.mri_nu_correct.mni.2025765/nu0.mgz...
TR=0.00, TE=0.00, TI=0.00, flip angle=0.00
i_ras = (-1, 0, 0)
j_ras = (0, 0, -1)
k_ras = (0, 1, 0)
INFO: transform src into the like-volume: orig.mgz
writing to nu.mgz...
mri_make_uchar nu.mgz transforms/talairach.xfm nu.mgz
type change took 0 minutes and 6 seconds.
FIRST_PERCENTILE 0.010000
WM_PERCENTILE    0.900000
MAX_R 50.000000
i1 = 3, i2 = 59
#mri_make_uchar# mapping  8 152 to  3 110  :  b -3.20625 m 0.744926 : thresh 4.30412 maxsat 346.62 : nzero 11996947 nsat 0
 
 
Fri Mar  6 15:37:36 CET 2026
mri_nu_correct.mni done

 mri_add_xform_to_header -c /out/sourcedata/freesurfer/sub-v1s10x0051124_ses-1/mri/transforms/talairach.xfm nu.mgz nu.mgz 

INFO: extension is mgz
#--------------------------------------------
#@# Intensity Normalization Fri Mar  6 15:37:37 CET 2026
/out/sourcedata/freesurfer/sub-v1s10x0051124_ses-1/mri

 mri_normalize -g 1 -seed 1234 -mprage nu.mgz T1.mgz 

using max gradient = 1.000
setting seed for random number genererator to 1234
assuming input volume is MGH (Van der Kouwe) MP-RAGE
reading mri_src from nu.mgz...
normalizing image...
NOT doing gentle normalization with control points/label
talairach transform
 1.05167  -0.00375  -0.05078   0.95378;
 0.01748   0.90074   0.39399  -10.45176;
 0.02396  -0.29417   0.99657  -4.68086;
 0.00000   0.00000   0.00000   1.00000;
processing without aseg, no1d=0
MRInormInit(): 
INFO: Modifying talairach volume c_(r,a,s) based on average_305
MRInormalize(): 
MRIsplineNormalize(): npeaks = 18
Starting OpenSpline(): npoints = 18
building Voronoi diagram...
performing soap bubble smoothing, sigma = 8...

Iterating 2 times
---------------------------------
3d normalization pass 1 of 2
white matter peak found at 110
white matter peak found at 110
gm peak at 56 (56), valley at 44 (44)
csf peak at 28, setting threshold to 46
building Voronoi diagram...
performing soap bubble smoothing, sigma = 8...
---------------------------------
3d normalization pass 2 of 2
white matter peak found at 110
white matter peak found at 110
gm peak at 57 (57), valley at 34 (34)
csf peak at 29, setting threshold to 47
building Voronoi diagram...
performing soap bubble smoothing, sigma = 8...
Done iterating ---------------------------------
writing output to T1.mgz
3D bias adjustment took 1 minutes and 22 seconds.

Started at Fri Mar 6 15:29:43 CET 2026 
Ended   at Fri Mar 6 15:38:59 CET 2026
#@#%# recon-all-run-time-hours 0.154
recon-all -s sub-v1s10x0051124_ses-1 finished without error at Fri Mar  6 15:38:59 CET 2026



#New# invocation of recon-all 




Fri Mar  6 15:46:36 CET 2026
cd /out/sourcedata/freesurfer/sub-v1s10x0051124_ses-1
setenv SUBJECTS_DIR /out/sourcedata/freesurfer
/opt/freesurfer/bin/recon-all -openmp 16 -subjid sub-v1s10x0051124_ses-1 -sd /out/sourcedata/freesurfer -gcareg

subjid sub-v1s10x0051124_ses-1
setenv SUBJECTS_DIR /out/sourcedata/freesurfer
FREESURFER_HOME /opt/freesurfer
Actual FREESURFER_HOME /opt/freesurfer
build-stamp.txt: freesurfer-linux-ubuntu22_x86_64-7.3.2-20220804-6354275
Linux dna061 5.14.0-427.37.1.el9_4.x86_64 #1 SMP PREEMPT_DYNAMIC Fri Sep 13 12:41:50 EDT 2024 x86_64 x86_64 x86_64 GNU/Linux
cputime      unlimited
filesize     unlimited
datasize     unlimited
stacksize    8192 kbytes
coredumpsize 0 kbytes
memoryuse    67108864 kbytes
vmemoryuse   unlimited
descriptors  1024 
memorylocked unlimited
maxproc      2061970 
maxlocks     unlimited
maxsignal    2061970 
maxmessage   819200 
maxnice      0 
maxrtprio    0 
maxrttime    unlimited

               total        used        free      shared  buff/cache   available
Mem:           503Gi        49Gi       290Gi        21Gi       163Gi       429Gi
Swap:             0B          0B          0B

########################################
program versions used
7.3.2 (freesurfer-linux-ubuntu22_x86_64-7.3.2-20220804-6354275)
7.3.2

ProgramName: lta_convert  ProgramArguments: lta_convert -all-info  ProgramVersion: 7.3.2  TimeStamp: 2026/03/06-14:46:36-GMT  BuildTime: Aug  4 2022 06:17:15  BuildStamp: freesurfer-linux-ubuntu22_x86_64-7.3.2-20220804-6354275  User: oesteban  Machine: dna061  Platform: Linux  PlatformVersion: 5.14.0-427.37.1.el9_4.x86_64  CompilerName: GCC  CompilerVersion: 8.4.0
ProgramName: mri_and  ProgramArguments: mri_and -all-info  ProgramVersion: 7.3.2  TimeStamp: 2026/03/06-14:46:36-GMT  BuildTime: Aug  4 2022 06:17:15  BuildStamp: freesurfer-linux-ubuntu22_x86_64-7.3.2-20220804-6354275  User: oesteban  Machine: dna061  Platform: Linux  PlatformVersion: 5.14.0-427.37.1.el9_4.x86_64  CompilerName: GCC  CompilerVersion: 8.4.0
ProgramName: mri_annotation2label  ProgramArguments: mri_annotation2label -all-info  ProgramVersion: 7.3.2  TimeStamp: 2026/03/06-14:46:36-GMT  BuildTime: Aug  4 2022 06:17:15  BuildStamp: freesurfer-linux-ubuntu22_x86_64-7.3.2-20220804-6354275  User: oesteban  Machine: dna061  Platform: Linux  PlatformVersion: 5.14.0-427.37.1.el9_4.x86_64  CompilerName: GCC  CompilerVersion: 8.4.0
ProgramName: mri_aparc2aseg  ProgramArguments: mri_aparc2aseg -all-info  ProgramVersion: 7.3.2  TimeStamp: 2026/03/06-14:46:36-GMT  BuildTime: Aug  4 2022 06:17:15  BuildStamp: freesurfer-linux-ubuntu22_x86_64-7.3.2-20220804-6354275  User: oesteban  Machine: dna061  Platform: Linux  PlatformVersion: 5.14.0-427.37.1.el9_4.x86_64  CompilerName: GCC  CompilerVersion: 8.4.0
ProgramName: mri_surf2volseg  ProgramArguments: mri_surf2volseg -all-info  ProgramVersion: 7.3.2  TimeStamp: 2026/03/06-14:46:36-GMT  BuildTime: Aug  4 2022 06:17:15  BuildStamp: freesurfer-linux-ubuntu22_x86_64-7.3.2-20220804-6354275  User: oesteban  Machine: dna061  Platform: Linux  PlatformVersion: 5.14.0-427.37.1.el9_4.x86_64  CompilerName: GCC  CompilerVersion: 8.4.0
ProgramName: mri_binarize  ProgramArguments: mri_binarize -all-info  ProgramVersion: 7.3.2  TimeStamp: 2026/03/06-14:46:36-GMT  BuildTime: Aug  4 2022 06:17:15  BuildStamp: freesurfer-linux-ubuntu22_x86_64-7.3.2-20220804-6354275  User: oesteban  Machine: dna061  Platform: Linux  PlatformVersion: 5.14.0-427.37.1.el9_4.x86_64  CompilerName: GCC  CompilerVersion: 8.4.0
ProgramName: mri_ca_label  ProgramArguments: mri_ca_label -all-info  ProgramVersion: 7.3.2  TimeStamp: 2026/03/06-14:46:36-GMT  BuildTime: Aug  4 2022 06:17:15  BuildStamp: freesurfer-linux-ubuntu22_x86_64-7.3.2-20220804-6354275  User: oesteban  Machine: dna061  Platform: Linux  PlatformVersion: 5.14.0-427.37.1.el9_4.x86_64  CompilerName: GCC  CompilerVersion: 8.4.0
ProgramName: mri_ca_normalize  ProgramArguments: mri_ca_normalize -all-info  ProgramVersion: 7.3.2  TimeStamp: 2026/03/06-14:46:36-GMT  BuildTime: Aug  4 2022 06:17:15  BuildStamp: freesurfer-linux-ubuntu22_x86_64-7.3.2-20220804-6354275  User: oesteban  Machine: dna061  Platform: Linux  PlatformVersion: 5.14.0-427.37.1.el9_4.x86_64  CompilerName: GCC  CompilerVersion: 8.4.0
ProgramName: mri_ca_register  ProgramArguments: mri_ca_register -all-info  ProgramVersion: 7.3.2  TimeStamp: 2026/03/06-14:46:36-GMT  BuildTime: Aug  4 2022 06:17:15  BuildStamp: freesurfer-linux-ubuntu22_x86_64-7.3.2-20220804-6354275  User: oesteban  Machine: dna061  Platform: Linux  PlatformVersion: 5.14.0-427.37.1.el9_4.x86_64  CompilerName: GCC  CompilerVersion: 8.4.0
ProgramName: mri_cc  ProgramArguments: mri_cc -all-info  ProgramVersion: 7.3.2  TimeStamp: 2026/03/06-14:46:36-GMT  BuildTime: Aug  4 2022 06:17:15  BuildStamp: freesurfer-linux-ubuntu22_x86_64-7.3.2-20220804-6354275  User: oesteban  Machine: dna061  Platform: Linux  PlatformVersion: 5.14.0-427.37.1.el9_4.x86_64  CompilerName: GCC  CompilerVersion: 8.4.0
ProgramName: mri_compute_overlap  ProgramArguments: mri_compute_overlap -all-info  ProgramVersion: 7.3.2  TimeStamp: 2026/03/06-14:46:36-GMT  BuildTime: Aug  4 2022 06:17:15  BuildStamp: freesurfer-linux-ubuntu22_x86_64-7.3.2-20220804-6354275  User: oesteban  Machine: dna061  Platform: Linux  PlatformVersion: 5.14.0-427.37.1.el9_4.x86_64  CompilerName: GCC  CompilerVersion: 8.4.0
ProgramName: mri_compute_seg_overlap  ProgramArguments: mri_compute_seg_overlap -all-info  ProgramVersion: 7.3.2  TimeStamp: 2026/03/06-14:46:36-GMT  BuildTime: Aug  4 2022 06:17:15  BuildStamp: freesurfer-linux-ubuntu22_x86_64-7.3.2-20220804-6354275  User: oesteban  Machine: dna061  Platform: Linux  PlatformVersion: 5.14.0-427.37.1.el9_4.x86_64  CompilerName: GCC  CompilerVersion: 8.4.0
ProgramName: mri_concat  ProgramArguments: mri_concat -all-info  ProgramVersion: 7.3.2  TimeStamp: 2026/03/06-14:46:36-GMT  BuildTime: Aug  4 2022 06:17:15  BuildStamp: freesurfer-linux-ubuntu22_x86_64-7.3.2-20220804-6354275  User: oesteban  Machine: dna061  Platform: Linux  PlatformVersion: 5.14.0-427.37.1.el9_4.x86_64  CompilerName: GCC  CompilerVersion: 8.4.0
ProgramName: mri_concatenate_lta  ProgramArguments: mri_concatenate_lta -all-info  ProgramVersion: 7.3.2  TimeStamp: 2026/03/06-14:46:36-GMT  BuildTime: Aug  4 2022 06:17:15  BuildStamp: freesurfer-linux-ubuntu22_x86_64-7.3.2-20220804-6354275  User: oesteban  Machine: dna061  Platform: Linux  PlatformVersion: 5.14.0-427.37.1.el9_4.x86_64  CompilerName: GCC  CompilerVersion: 8.4.0
mri_convert -all-info 
ProgramName: mri_convert  ProgramArguments: mri_convert -all-info  ProgramVersion: 7.3.2  TimeStamp: 2026/03/06-14:46:36-GMT  BuildTime: Aug  4 2022 06:17:15  BuildStamp: freesurfer-linux-ubuntu22_x86_64-7.3.2-20220804-6354275  User: oesteban  Machine: dna061  Platform: Linux  PlatformVersion: 5.14.0-427.37.1.el9_4.x86_64  CompilerName: GCC  CompilerVersion: 8.4.0
ProgramName: mri_diff  ProgramArguments: mri_diff -all-info  ProgramVersion: 7.3.2  TimeStamp: 2026/03/06-14:46:36-GMT  BuildTime: Aug  4 2022 06:17:15  BuildStamp: freesurfer-linux-ubuntu22_x86_64-7.3.2-20220804-6354275  User: oesteban  Machine: dna061  Platform: Linux  PlatformVersion: 5.14.0-427.37.1.el9_4.x86_64  CompilerName: GCC  CompilerVersion: 8.4.0
ProgramName: mri_edit_wm_with_aseg  ProgramArguments: mri_edit_wm_with_aseg -all-info  ProgramVersion: 7.3.2  TimeStamp: 2026/03/06-14:46:36-GMT  BuildTime: Aug  4 2022 06:17:15  BuildStamp: freesurfer-linux-ubuntu22_x86_64-7.3.2-20220804-6354275  User: oesteban  Machine: dna061  Platform: Linux  PlatformVersion: 5.14.0-427.37.1.el9_4.x86_64  CompilerName: GCC  CompilerVersion: 8.4.0
ProgramName: mri_em_register  ProgramArguments: mri_em_register -all-info  ProgramVersion: 7.3.2  TimeStamp: 2026/03/06-14:46:36-GMT  BuildTime: Aug  4 2022 06:17:15  BuildStamp: freesurfer-linux-ubuntu22_x86_64-7.3.2-20220804-6354275  User: oesteban  Machine: dna061  Platform: Linux  PlatformVersion: 5.14.0-427.37.1.el9_4.x86_64  CompilerName: GCC  CompilerVersion: 8.4.0
ProgramName: mri_fill  ProgramArguments: mri_fill -all-info  ProgramVersion: 7.3.2  TimeStamp: 2026/03/06-14:46:36-GMT  BuildTime: Aug  4 2022 06:17:15  BuildStamp: freesurfer-linux-ubuntu22_x86_64-7.3.2-20220804-6354275  User: oesteban  Machine: dna061  Platform: Linux  PlatformVersion: 5.14.0-427.37.1.el9_4.x86_64  CompilerName: GCC  CompilerVersion: 8.4.0
ProgramName: mri_fuse_segmentations  ProgramArguments: mri_fuse_segmentations -all-info  ProgramVersion: 7.3.2  TimeStamp: 2026/03/06-14:46:36-GMT  BuildTime: Aug  4 2022 06:17:15  BuildStamp: freesurfer-linux-ubuntu22_x86_64-7.3.2-20220804-6354275  User: oesteban  Machine: dna061  Platform: Linux  PlatformVersion: 5.14.0-427.37.1.el9_4.x86_64  CompilerName: GCC  CompilerVersion: 8.4.0
ProgramName: mri_fwhm  ProgramArguments: mri_fwhm -all-info  ProgramVersion: 7.3.2  TimeStamp: 2026/03/06-14:46:36-GMT  BuildTime: Aug  4 2022 06:17:15  BuildStamp: freesurfer-linux-ubuntu22_x86_64-7.3.2-20220804-6354275  User: oesteban  Machine: dna061  Platform: Linux  PlatformVersion: 5.14.0-427.37.1.el9_4.x86_64  CompilerName: GCC  CompilerVersion: 8.4.0
ProgramName: mri_gcut  ProgramArguments: mri_gcut -all-info  ProgramVersion: 7.3.2  TimeStamp: 2026/03/06-14:46:36-GMT  BuildTime: Aug  4 2022 06:17:15  BuildStamp: freesurfer-linux-ubuntu22_x86_64-7.3.2-20220804-6354275  User: oesteban  Machine: dna061  Platform: Linux  PlatformVersion: 5.14.0-427.37.1.el9_4.x86_64  CompilerName: GCC  CompilerVersion: 8.4.0
ProgramName: mri_info  ProgramArguments: mri_info -all-info  ProgramVersion: 7.3.2  TimeStamp: 2026/03/06-14:46:36-GMT  BuildTime: Aug  4 2022 06:17:15  BuildStamp: freesurfer-linux-ubuntu22_x86_64-7.3.2-20220804-6354275  User: oesteban  Machine: dna061  Platform: Linux  PlatformVersion: 5.14.0-427.37.1.el9_4.x86_64  CompilerName: GCC  CompilerVersion: 8.4.0
ProgramName: mri_label2label  ProgramArguments: mri_label2label -all-info  ProgramVersion: 7.3.2  TimeStamp: 2026/03/06-14:46:36-GMT  BuildTime: Aug  4 2022 06:17:15  BuildStamp: freesurfer-linux-ubuntu22_x86_64-7.3.2-20220804-6354275  User: oesteban  Machine: dna061  Platform: Linux  PlatformVersion: 5.14.0-427.37.1.el9_4.x86_64  CompilerName: GCC  CompilerVersion: 8.4.0
ProgramName: mri_label2vol  ProgramArguments: mri_label2vol -all-info  ProgramVersion: 7.3.2  TimeStamp: 2026/03/06-14:46:36-GMT  BuildTime: Aug  4 2022 06:17:15  BuildStamp: freesurfer-linux-ubuntu22_x86_64-7.3.2-20220804-6354275  User: oesteban  Machine: dna061  Platform: Linux  PlatformVersion: 5.14.0-427.37.1.el9_4.x86_64  CompilerName: GCC  CompilerVersion: 8.4.0
ProgramName: mri_log_likelihood  ProgramArguments: mri_log_likelihood -all-info  ProgramVersion: 7.3.2  TimeStamp: 2026/03/06-14:46:36-GMT  BuildTime: Aug  4 2022 06:17:15  BuildStamp: freesurfer-linux-ubuntu22_x86_64-7.3.2-20220804-6354275  User: oesteban  Machine: dna061  Platform: Linux  PlatformVersion: 5.14.0-427.37.1.el9_4.x86_64  CompilerName: GCC  CompilerVersion: 8.4.0
ProgramName: mri_mask  ProgramArguments: mri_mask -all-info  ProgramVersion: 7.3.2  TimeStamp: 2026/03/06-14:46:36-GMT  BuildTime: Aug  4 2022 06:17:15  BuildStamp: freesurfer-linux-ubuntu22_x86_64-7.3.2-20220804-6354275  User: oesteban  Machine: dna061  Platform: Linux  PlatformVersion: 5.14.0-427.37.1.el9_4.x86_64  CompilerName: GCC  CompilerVersion: 8.4.0
ProgramName: mri_matrix_multiply  ProgramArguments: mri_matrix_multiply -all-info  ProgramVersion: 7.3.2  TimeStamp: 2026/03/06-14:46:36-GMT  BuildTime: Aug  4 2022 06:17:15  BuildStamp: freesurfer-linux-ubuntu22_x86_64-7.3.2-20220804-6354275  User: oesteban  Machine: dna061  Platform: Linux  PlatformVersion: 5.14.0-427.37.1.el9_4.x86_64  CompilerName: GCC  CompilerVersion: 8.4.0
ProgramName: mri_normalize  ProgramArguments: mri_normalize -all-info  ProgramVersion: 7.3.2  TimeStamp: 2026/03/06-14:46:36-GMT  BuildTime: Aug  4 2022 06:17:15  BuildStamp: freesurfer-linux-ubuntu22_x86_64-7.3.2-20220804-6354275  User: oesteban  Machine: dna061  Platform: Linux  PlatformVersion: 5.14.0-427.37.1.el9_4.x86_64  CompilerName: GCC  CompilerVersion: 8.4.0
ProgramName: mri_normalize_tp2  ProgramArguments: mri_normalize_tp2 -all-info  ProgramVersion: 7.3.2  TimeStamp: 2026/03/06-14:46:36-GMT  BuildTime: Aug  4 2022 06:17:15  BuildStamp: freesurfer-linux-ubuntu22_x86_64-7.3.2-20220804-6354275  User: oesteban  Machine: dna061  Platform: Linux  PlatformVersion: 5.14.0-427.37.1.el9_4.x86_64  CompilerName: GCC  CompilerVersion: 8.4.0
ProgramName: mri_or  ProgramArguments: mri_or -all-info  ProgramVersion: 7.3.2  TimeStamp: 2026/03/06-14:46:36-GMT  BuildTime: Aug  4 2022 06:17:15  BuildStamp: freesurfer-linux-ubuntu22_x86_64-7.3.2-20220804-6354275  User: oesteban  Machine: dna061  Platform: Linux  PlatformVersion: 5.14.0-427.37.1.el9_4.x86_64  CompilerName: GCC  CompilerVersion: 8.4.0
ProgramName: mri_relabel_hypointensities  ProgramArguments: mri_relabel_hypointensities -all-info  ProgramVersion: 7.3.2  TimeStamp: 2026/03/06-14:46:36-GMT  BuildTime: Aug  4 2022 06:17:15  BuildStamp: freesurfer-linux-ubuntu22_x86_64-7.3.2-20220804-6354275  User: oesteban  Machine: dna061  Platform: Linux  PlatformVersion: 5.14.0-427.37.1.el9_4.x86_64  CompilerName: GCC  CompilerVersion: 8.4.0
ProgramName: mri_relabel_nonwm_hypos  ProgramArguments: mri_relabel_nonwm_hypos -all-info  ProgramVersion: 7.3.2  TimeStamp: 2026/03/06-14:46:36-GMT  BuildTime: Aug  4 2022 06:17:15  BuildStamp: freesurfer-linux-ubuntu22_x86_64-7.3.2-20220804-6354275  User: oesteban  Machine: dna061  Platform: Linux  PlatformVersion: 5.14.0-427.37.1.el9_4.x86_64  CompilerName: GCC  CompilerVersion: 8.4.0
ProgramName: mri_remove_neck  ProgramArguments: mri_remove_neck -all-info  ProgramVersion: 7.3.2  TimeStamp: 2026/03/06-14:46:36-GMT  BuildTime: Aug  4 2022 06:17:15  BuildStamp: freesurfer-linux-ubuntu22_x86_64-7.3.2-20220804-6354275  User: oesteban  Machine: dna061  Platform: Linux  PlatformVersion: 5.14.0-427.37.1.el9_4.x86_64  CompilerName: GCC  CompilerVersion: 8.4.0
7.3.2

ProgramName: mri_robust_register  ProgramArguments: mri_robust_register -all-info  ProgramVersion: 7.3.2  TimeStamp: 2026/03/06-14:46:36-GMT  BuildTime: Aug  4 2022 06:17:15  BuildStamp: freesurfer-linux-ubuntu22_x86_64-7.3.2-20220804-6354275  User: oesteban  Machine: dna061  Platform: Linux  PlatformVersion: 5.14.0-427.37.1.el9_4.x86_64  CompilerName: GCC  CompilerVersion: 8.4.0
7.3.2

ProgramName: mri_robust_template  ProgramArguments: mri_robust_template -all-info  ProgramVersion: 7.3.2  TimeStamp: 2026/03/06-14:46:36-GMT  BuildTime: Aug  4 2022 06:17:15  BuildStamp: freesurfer-linux-ubuntu22_x86_64-7.3.2-20220804-6354275  User: oesteban  Machine: dna061  Platform: Linux  PlatformVersion: 5.14.0-427.37.1.el9_4.x86_64  CompilerName: GCC  CompilerVersion: 8.4.0
ProgramName: mris_anatomical_stats  ProgramArguments: mris_anatomical_stats -all-info  ProgramVersion: 7.3.2  TimeStamp: 2026/03/06-14:46:36-GMT  BuildTime: Aug  4 2022 06:17:15  BuildStamp: freesurfer-linux-ubuntu22_x86_64-7.3.2-20220804-6354275  User: oesteban  Machine: dna061  Platform: Linux  PlatformVersion: 5.14.0-427.37.1.el9_4.x86_64  CompilerName: GCC  CompilerVersion: 8.4.0
ProgramName: mris_ca_label  ProgramArguments: mris_ca_label -all-info  ProgramVersion: 7.3.2  TimeStamp: 2026/03/06-14:46:36-GMT  BuildTime: Aug  4 2022 06:17:15  BuildStamp: freesurfer-linux-ubuntu22_x86_64-7.3.2-20220804-6354275  User: oesteban  Machine: dna061  Platform: Linux  PlatformVersion: 5.14.0-427.37.1.el9_4.x86_64  CompilerName: GCC  CompilerVersion: 8.4.0
ProgramName: mris_calc  ProgramArguments: mris_calc -all-info  ProgramVersion: 7.3.2  TimeStamp: 2026/03/06-14:46:36-GMT  BuildTime: Aug  4 2022 06:17:15  BuildStamp: freesurfer-linux-ubuntu22_x86_64-7.3.2-20220804-6354275  User: oesteban  Machine: dna061  Platform: Linux  PlatformVersion: 5.14.0-427.37.1.el9_4.x86_64  CompilerName: GCC  CompilerVersion: 8.4.0
ProgramName: mris_convert  ProgramArguments: mris_convert -all-info  ProgramVersion: 7.3.2  TimeStamp: 2026/03/06-14:46:36-GMT  BuildTime: Aug  4 2022 06:17:15  BuildStamp: freesurfer-linux-ubuntu22_x86_64-7.3.2-20220804-6354275  User: oesteban  Machine: dna061  Platform: Linux  PlatformVersion: 5.14.0-427.37.1.el9_4.x86_64  CompilerName: GCC  CompilerVersion: 8.4.0
ProgramName: mris_curvature  ProgramArguments: mris_curvature -all-info  ProgramVersion: 7.3.2  TimeStamp: 2026/03/06-14:46:36-GMT  BuildTime: Aug  4 2022 06:17:15  BuildStamp: freesurfer-linux-ubuntu22_x86_64-7.3.2-20220804-6354275  User: oesteban  Machine: dna061  Platform: Linux  PlatformVersion: 5.14.0-427.37.1.el9_4.x86_64  CompilerName: GCC  CompilerVersion: 8.4.0
ProgramName: mris_curvature_stats  ProgramArguments: mris_curvature_stats -all-info  ProgramVersion: 7.3.2  TimeStamp: 2026/03/06-14:46:36-GMT  BuildTime: Aug  4 2022 06:17:15  BuildStamp: freesurfer-linux-ubuntu22_x86_64-7.3.2-20220804-6354275  User: oesteban  Machine: dna061  Platform: Linux  PlatformVersion: 5.14.0-427.37.1.el9_4.x86_64  CompilerName: GCC  CompilerVersion: 8.4.0
ProgramName: mris_diff  ProgramArguments: mris_diff -all-info  ProgramVersion: 7.3.2  TimeStamp: 2026/03/06-14:46:36-GMT  BuildTime: Aug  4 2022 06:17:15  BuildStamp: freesurfer-linux-ubuntu22_x86_64-7.3.2-20220804-6354275  User: oesteban  Machine: dna061  Platform: Linux  PlatformVersion: 5.14.0-427.37.1.el9_4.x86_64  CompilerName: GCC  CompilerVersion: 8.4.0
ProgramName: mris_divide_parcellation  ProgramArguments: mris_divide_parcellation -all-info  ProgramVersion: 7.3.2  TimeStamp: 2026/03/06-14:46:36-GMT  BuildTime: Aug  4 2022 06:17:15  BuildStamp: freesurfer-linux-ubuntu22_x86_64-7.3.2-20220804-6354275  User: oesteban  Machine: dna061  Platform: Linux  PlatformVersion: 5.14.0-427.37.1.el9_4.x86_64  CompilerName: GCC  CompilerVersion: 8.4.0
ProgramName: mri_segment  ProgramArguments: mri_segment -all-info  ProgramVersion: 7.3.2  TimeStamp: 2026/03/06-14:46:36-GMT  BuildTime: Aug  4 2022 06:17:15  BuildStamp: freesurfer-linux-ubuntu22_x86_64-7.3.2-20220804-6354275  User: oesteban  Machine: dna061  Platform: Linux  PlatformVersion: 5.14.0-427.37.1.el9_4.x86_64  CompilerName: GCC  CompilerVersion: 8.4.0
ProgramName: mri_segstats  ProgramArguments: mri_segstats -all-info  ProgramVersion: 7.3.2  TimeStamp: 2026/03/06-14:46:36-GMT  BuildTime: Aug  4 2022 06:17:15  BuildStamp: freesurfer-linux-ubuntu22_x86_64-7.3.2-20220804-6354275  User: oesteban  Machine: dna061  Platform: Linux  PlatformVersion: 5.14.0-427.37.1.el9_4.x86_64  CompilerName: GCC  CompilerVersion: 8.4.0
ProgramName: mris_euler_number  ProgramArguments: mris_euler_number -all-info  ProgramVersion: 7.3.2  TimeStamp: 2026/03/06-14:46:36-GMT  BuildTime: Aug  4 2022 06:17:15  BuildStamp: freesurfer-linux-ubuntu22_x86_64-7.3.2-20220804-6354275  User: oesteban  Machine: dna061  Platform: Linux  PlatformVersion: 5.14.0-427.37.1.el9_4.x86_64  CompilerName: GCC  CompilerVersion: 8.4.0
ProgramName: mris_fix_topology  ProgramArguments: mris_fix_topology -all-info  ProgramVersion: 7.3.2  TimeStamp: 2026/03/06-14:46:36-GMT  BuildTime: Aug  4 2022 06:17:15  BuildStamp: freesurfer-linux-ubuntu22_x86_64-7.3.2-20220804-6354275  User: oesteban  Machine: dna061  Platform: Linux  PlatformVersion: 5.14.0-427.37.1.el9_4.x86_64  CompilerName: GCC  CompilerVersion: 8.4.0
ProgramName: mris_topo_fixer  ProgramArguments: mris_topo_fixer -all-info  ProgramVersion: 7.3.2  TimeStamp: 2026/03/06-14:46:36-GMT  BuildTime: Aug  4 2022 06:17:15  BuildStamp: freesurfer-linux-ubuntu22_x86_64-7.3.2-20220804-6354275  User: oesteban  Machine: dna061  Platform: Linux  PlatformVersion: 5.14.0-427.37.1.el9_4.x86_64  CompilerName: GCC  CompilerVersion: 8.4.0
ProgramName: mris_jacobian  ProgramArguments: mris_jacobian -all-info  ProgramVersion: 7.3.2  TimeStamp: 2026/03/06-14:46:36-GMT  BuildTime: Aug  4 2022 06:17:15  BuildStamp: freesurfer-linux-ubuntu22_x86_64-7.3.2-20220804-6354275  User: oesteban  Machine: dna061  Platform: Linux  PlatformVersion: 5.14.0-427.37.1.el9_4.x86_64  CompilerName: GCC  CompilerVersion: 8.4.0
ProgramName: mris_label2annot  ProgramArguments: mris_label2annot -all-info  ProgramVersion: 7.3.2  TimeStamp: 2026/03/06-14:46:36-GMT  BuildTime: Aug  4 2022 06:17:15  BuildStamp: freesurfer-linux-ubuntu22_x86_64-7.3.2-20220804-6354275  User: oesteban  Machine: dna061  Platform: Linux  PlatformVersion: 5.14.0-427.37.1.el9_4.x86_64  CompilerName: GCC  CompilerVersion: 8.4.0
ProgramName: mris_left_right_register  ProgramArguments: mris_left_right_register -all-info  ProgramVersion: 7.3.2  TimeStamp: 2026/03/06-14:46:36-GMT  BuildTime: Aug  4 2022 06:17:15  BuildStamp: freesurfer-linux-ubuntu22_x86_64-7.3.2-20220804-6354275  User: oesteban  Machine: dna061  Platform: Linux  PlatformVersion: 5.14.0-427.37.1.el9_4.x86_64  CompilerName: GCC  CompilerVersion: 8.4.0
ProgramName: mris_place_surface  ProgramArguments: mris_place_surface -all-info  ProgramVersion: 7.3.2  TimeStamp: 2026/03/06-14:46:36-GMT  BuildTime: Aug  4 2022 06:17:15  BuildStamp: freesurfer-linux-ubuntu22_x86_64-7.3.2-20220804-6354275  User: oesteban  Machine: dna061  Platform: Linux  PlatformVersion: 5.14.0-427.37.1.el9_4.x86_64  CompilerName: GCC  CompilerVersion: 8.4.0
ProgramName: mrisp_paint  ProgramArguments: mrisp_paint -all-info  ProgramVersion: 7.3.2  TimeStamp: 2026/03/06-14:46:36-GMT  BuildTime: Aug  4 2022 06:17:15  BuildStamp: freesurfer-linux-ubuntu22_x86_64-7.3.2-20220804-6354275  User: oesteban  Machine: dna061  Platform: Linux  PlatformVersion: 5.14.0-427.37.1.el9_4.x86_64  CompilerName: GCC  CompilerVersion: 8.4.0
ProgramName: mris_register  ProgramArguments: mris_register -all-info  ProgramVersion: 7.3.2  TimeStamp: 2026/03/06-14:46:36-GMT  BuildTime: Aug  4 2022 06:17:15  BuildStamp: freesurfer-linux-ubuntu22_x86_64-7.3.2-20220804-6354275  User: oesteban  Machine: dna061  Platform: Linux  PlatformVersion: 5.14.0-427.37.1.el9_4.x86_64  CompilerName: GCC  CompilerVersion: 8.4.0
ProgramName: mris_smooth  ProgramArguments: mris_smooth -all-info  ProgramVersion: 7.3.2  TimeStamp: 2026/03/06-14:46:36-GMT  BuildTime: Aug  4 2022 06:17:15  BuildStamp: freesurfer-linux-ubuntu22_x86_64-7.3.2-20220804-6354275  User: oesteban  Machine: dna061  Platform: Linux  PlatformVersion: 5.14.0-427.37.1.el9_4.x86_64  CompilerName: GCC  CompilerVersion: 8.4.0
ProgramName: mris_sphere  ProgramArguments: mris_sphere -all-info  ProgramVersion: 7.3.2  TimeStamp: 2026/03/06-14:46:36-GMT  BuildTime: Aug  4 2022 06:17:15  BuildStamp: freesurfer-linux-ubuntu22_x86_64-7.3.2-20220804-6354275  User: oesteban  Machine: dna061  Platform: Linux  PlatformVersion: 5.14.0-427.37.1.el9_4.x86_64  CompilerName: GCC  CompilerVersion: 8.4.0
ProgramName: mris_surface_stats  ProgramArguments: mris_surface_stats -all-info  ProgramVersion: 7.3.2  TimeStamp: 2026/03/06-14:46:36-GMT  BuildTime: Aug  4 2022 06:17:15  BuildStamp: freesurfer-linux-ubuntu22_x86_64-7.3.2-20220804-6354275  User: oesteban  Machine: dna061  Platform: Linux  PlatformVersion: 5.14.0-427.37.1.el9_4.x86_64  CompilerName: GCC  CompilerVersion: 8.4.0
ProgramName: mri_stats2seg  ProgramArguments: mri_stats2seg -all-info  ProgramVersion: 7.3.2  TimeStamp: 2026/03/06-14:46:36-GMT  BuildTime: Aug  4 2022 06:17:15  BuildStamp: freesurfer-linux-ubuntu22_x86_64-7.3.2-20220804-6354275  User: oesteban  Machine: dna061  Platform: Linux  PlatformVersion: 5.14.0-427.37.1.el9_4.x86_64  CompilerName: GCC  CompilerVersion: 8.4.0
ProgramName: mris_thickness  ProgramArguments: mris_thickness -all-info  ProgramVersion: 7.3.2  TimeStamp: 2026/03/06-14:46:36-GMT  BuildTime: Aug  4 2022 06:17:15  BuildStamp: freesurfer-linux-ubuntu22_x86_64-7.3.2-20220804-6354275  User: oesteban  Machine: dna061  Platform: Linux  PlatformVersion: 5.14.0-427.37.1.el9_4.x86_64  CompilerName: GCC  CompilerVersion: 8.4.0
ProgramName: mris_thickness_diff  ProgramArguments: mris_thickness_diff -all-info  ProgramVersion: 7.3.2  TimeStamp: 2026/03/06-14:46:36-GMT  BuildTime: Aug  4 2022 06:17:15  BuildStamp: freesurfer-linux-ubuntu22_x86_64-7.3.2-20220804-6354275  User: oesteban  Machine: dna061  Platform: Linux  PlatformVersion: 5.14.0-427.37.1.el9_4.x86_64  CompilerName: GCC  CompilerVersion: 8.4.0
ProgramName: mris_topo_fixer  ProgramArguments: mris_topo_fixer -all-info  ProgramVersion: 7.3.2  TimeStamp: 2026/03/06-14:46:36-GMT  BuildTime: Aug  4 2022 06:17:15  BuildStamp: freesurfer-linux-ubuntu22_x86_64-7.3.2-20220804-6354275  User: oesteban  Machine: dna061  Platform: Linux  PlatformVersion: 5.14.0-427.37.1.el9_4.x86_64  CompilerName: GCC  CompilerVersion: 8.4.0
ProgramName: mri_surf2surf  ProgramArguments: mri_surf2surf -all-info  ProgramVersion: 7.3.2  TimeStamp: 2026/03/06-14:46:36-GMT  BuildTime: Aug  4 2022 06:17:15  BuildStamp: freesurfer-linux-ubuntu22_x86_64-7.3.2-20220804-6354275  User: oesteban  Machine: dna061  Platform: Linux  PlatformVersion: 5.14.0-427.37.1.el9_4.x86_64  CompilerName: GCC  CompilerVersion: 8.4.0
ProgramName: mri_surf2vol  ProgramArguments: mri_surf2vol -all-info  ProgramVersion: 7.3.2  TimeStamp: 2026/03/06-14:46:36-GMT  BuildTime: Aug  4 2022 06:17:15  BuildStamp: freesurfer-linux-ubuntu22_x86_64-7.3.2-20220804-6354275  User: oesteban  Machine: dna061  Platform: Linux  PlatformVersion: 5.14.0-427.37.1.el9_4.x86_64  CompilerName: GCC  CompilerVersion: 8.4.0
ProgramName: mri_surfcluster  ProgramArguments: mri_surfcluster -all-info  ProgramVersion: 7.3.2  TimeStamp: 2026/03/06-14:46:36-GMT  BuildTime: Aug  4 2022 06:17:15  BuildStamp: freesurfer-linux-ubuntu22_x86_64-7.3.2-20220804-6354275  User: oesteban  Machine: dna061  Platform: Linux  PlatformVersion: 5.14.0-427.37.1.el9_4.x86_64  CompilerName: GCC  CompilerVersion: 8.4.0
ProgramName: mris_volmask  ProgramArguments: mris_volmask -all-info  ProgramVersion: 7.3.2  TimeStamp: 2026/03/06-14:46:36-GMT  BuildTime: Aug  4 2022 06:17:15  BuildStamp: freesurfer-linux-ubuntu22_x86_64-7.3.2-20220804-6354275  User: oesteban  Machine: dna061  Platform: Linux  PlatformVersion: 5.14.0-427.37.1.el9_4.x86_64  CompilerName: GCC  CompilerVersion: 8.4.0
ProgramName: mri_tessellate  ProgramArguments: mri_tessellate -all-info  ProgramVersion: 7.3.2  TimeStamp: 2026/03/06-14:46:36-GMT  BuildTime: Aug  4 2022 06:17:15  BuildStamp: freesurfer-linux-ubuntu22_x86_64-7.3.2-20220804-6354275  User: oesteban  Machine: dna061  Platform: Linux  PlatformVersion: 5.14.0-427.37.1.el9_4.x86_64  CompilerName: GCC  CompilerVersion: 8.4.0
ProgramName: mri_vol2surf  ProgramArguments: mri_vol2surf -all-info  ProgramVersion: 7.3.2  TimeStamp: 2026/03/06-14:46:36-GMT  BuildTime: Aug  4 2022 06:17:15  BuildStamp: freesurfer-linux-ubuntu22_x86_64-7.3.2-20220804-6354275  User: oesteban  Machine: dna061  Platform: Linux  PlatformVersion: 5.14.0-427.37.1.el9_4.x86_64  CompilerName: GCC  CompilerVersion: 8.4.0
ProgramName: mri_vol2vol  ProgramArguments: mri_vol2vol -all-info  ProgramVersion: 7.3.2  TimeStamp: 2026/03/06-14:46:36-GMT  BuildTime: Aug  4 2022 06:17:15  BuildStamp: freesurfer-linux-ubuntu22_x86_64-7.3.2-20220804-6354275  User: oesteban  Machine: dna061  Platform: Linux  PlatformVersion: 5.14.0-427.37.1.el9_4.x86_64  CompilerName: GCC  CompilerVersion: 8.4.0
ProgramName: mri_voldiff  ProgramArguments: mri_voldiff -all-info  ProgramVersion: 7.3.2  TimeStamp: 2026/03/06-14:46:36-GMT  BuildTime: Aug  4 2022 06:17:15  BuildStamp: freesurfer-linux-ubuntu22_x86_64-7.3.2-20220804-6354275  User: oesteban  Machine: dna061  Platform: Linux  PlatformVersion: 5.14.0-427.37.1.el9_4.x86_64  CompilerName: GCC  CompilerVersion: 8.4.0
ProgramName: mri_watershed  ProgramArguments: mri_watershed -all-info  ProgramVersion: 7.3.2  TimeStamp: 2026/03/06-14:46:36-GMT  BuildTime: Aug  4 2022 06:17:15  BuildStamp: freesurfer-linux-ubuntu22_x86_64-7.3.2-20220804-6354275  User: oesteban  Machine: dna061  Platform: Linux  PlatformVersion: 5.14.0-427.37.1.el9_4.x86_64  CompilerName: GCC  CompilerVersion: 8.4.0
ProgramName: tkregister2  ProgramArguments: tkregister2_cmdl -all-info  ProgramVersion: 7.3.2  TimeStamp: 2026/03/06-14:46:36-GMT  BuildTime: Aug  4 2022 06:17:15  BuildStamp: freesurfer-linux-ubuntu22_x86_64-7.3.2-20220804-6354275  User: oesteban  Machine: dna061  Platform: Linux  PlatformVersion: 5.14.0-427.37.1.el9_4.x86_64  CompilerName: GCC  CompilerVersion: 8.4.0
mri_motion_correct.fsl 7.3.2
mri_convert -all-info 
ProgramName: mri_convert  ProgramArguments: mri_convert -all-info  ProgramVersion: 7.3.2  TimeStamp: 2026/03/06-14:46:36-GMT  BuildTime: Aug  4 2022 06:17:15  BuildStamp: freesurfer-linux-ubuntu22_x86_64-7.3.2-20220804-6354275  User: oesteban  Machine: dna061  Platform: Linux  PlatformVersion: 5.14.0-427.37.1.el9_4.x86_64  CompilerName: GCC  CompilerVersion: 8.4.0
Program nu_correct, built from:
Package MNI N3, version 1.12.0, compiled by nicks@terrier (x86_64-unknown-linux-gnu) on 2015-06-19 at 01:25:34
#######################################
GCADIR /opt/freesurfer/average
GCA RB_all_2020-01-02.gca
GCASkull RB_all_withskull_2020_01_02.gca
AvgCurvTif folding.atlas.acfb40.noaparc.i12.2016-08-02.tif
GCSDIR /opt/freesurfer/average
GCS DKaparc.atlas.acfb40.noaparc.i12.2016-08-02.gcs
#######################################
#-------------------------------------
#@# EM Registration Fri Mar  6 15:46:36 CET 2026
/out/sourcedata/freesurfer/sub-v1s10x0051124_ses-1/mri

 mri_em_register -uns 3 -mask brainmask.mgz nu.mgz /opt/freesurfer/average/RB_all_2020-01-02.gca transforms/talairach.lta 

setting unknown_nbr_spacing = 3
using MR volume brainmask.mgz to mask input volume...

== Number of threads available to mri_em_register for OpenMP = 16 == 
reading 1 input volumes...
logging results to talairach.log
reading '/opt/freesurfer/average/RB_all_2020-01-02.gca'...
GCAread took 0 minutes and 1 seconds.
average std = 7.2   using min determinant for regularization = 5.2
0 singular and 884 ill-conditioned covariance matrices regularized
reading 'nu.mgz'...
MRImask(): AllowDiffGeom = 1
MRImask(): AllowDiffGeom = 1
MRImask(): AllowDiffGeom = 1
MRImask(): AllowDiffGeom = 1
MRImask(): AllowDiffGeom = 1
freeing gibbs priors...done.
accounting for voxel sizes in initial transform
bounding unknown intensity as < 5.9 or > 519.0 
total sample mean = 79.1 (1017 zeros)
************************************************
spacing=8, using 2841 sample points, tol=1.00e-05...
************************************************
register_mri: find_optimal_transform
find_optimal_transform: nsamples 2841, passno 0, spacing 8
resetting wm mean[0]: 98 --> 107
resetting gm mean[0]: 61 --> 61
input volume #1 is the most T1-like
using real data threshold=24.0
skull bounding box = (64, 57, 36) --> (196, 192, 202)
finding center of left hemi white matter
using (108, 102, 119) as brain centroid of Right_Cerebral_White_Matter...
MRImask(): AllowDiffGeom = 1
mean wm in atlas = 107, using box (92,85,99) --> (124, 118,139) to find MRI wm
before smoothing, mri peak at 107
robust fit to distribution - 106 +- 4.0
after smoothing, mri peak at 106, scaling input intensities by 1.009
scaling channel 0 by 1.00943
initial log_p = -3.945
************************************************
First Search limited to translation only.
************************************************
max log p =    -3.956972 @ (0.000, 0.000, 0.000)
max log p =    -3.795673 @ (-5.263, 5.263, -5.263)
max log p =    -3.694384 @ (2.632, -2.632, -2.632)
max log p =    -3.694384 @ (0.000, 0.000, 0.000)
max log p =    -3.694384 @ (0.000, 0.000, 0.000)
max log p =    -3.682174 @ (-1.645, 0.329, -2.303)
max log p =    -3.682174 @ (0.000, 0.000, 0.000)
max log p =    -3.682174 @ (0.000, 0.000, 0.000)
Found translation: (-4.3, 3.0, -10.2): log p = -3.682
****************************************
Nine parameter search.  iteration 0 nscales = 0 ...
****************************************
Result so far: scale 1.000: max_log_p=-3.257, old_max_log_p =-3.682 (thresh=-3.7)
 1.07500   0.00000   0.00000  -14.10721;
 0.00000   0.97372   0.42276  -44.67276;
 0.00000  -0.36573   0.93367   47.38837;
 0.00000   0.00000   0.00000   1.00000;
iteration took 0 minutes and 12 seconds.
****************************************
Nine parameter search.  iteration 1 nscales = 0 ...
****************************************
Result so far: scale 1.000: max_log_p=-3.257, old_max_log_p =-3.257 (thresh=-3.3)
 1.07500   0.00000   0.00000  -14.10721;
 0.00000   0.97372   0.42276  -44.67276;
 0.00000  -0.36573   0.93367   47.38837;
 0.00000   0.00000   0.00000   1.00000;
reducing scale to 0.2500
iteration took 0 minutes and 12 seconds.
****************************************
Nine parameter search.  iteration 2 nscales = 1 ...
****************************************
Result so far: scale 0.250: max_log_p=-3.120, old_max_log_p =-3.257 (thresh=-3.3)
 1.05370  -0.02946  -0.01068  -6.58649;
 0.03912   1.03218   0.37407  -51.53325;
 0.00000  -0.29561   0.94133   38.07579;
 0.00000   0.00000   0.00000   1.00000;
iteration took 0 minutes and 12 seconds.
****************************************
Nine parameter search.  iteration 3 nscales = 1 ...
****************************************
Result so far: scale 0.250: max_log_p=-3.120, old_max_log_p =-3.120 (thresh=-3.1)
 1.05370  -0.02946  -0.01068  -6.58649;
 0.03912   1.03218   0.37407  -51.53325;
 0.00000  -0.29561   0.94133   38.07579;
 0.00000   0.00000   0.00000   1.00000;
reducing scale to 0.0625
iteration took 0 minutes and 12 seconds.
****************************************
Nine parameter search.  iteration 4 nscales = 2 ...
****************************************
Result so far: scale 0.062: max_log_p=-3.096, old_max_log_p =-3.120 (thresh=-3.1)
 1.05013  -0.02605   0.00772  -8.07761;
 0.03028   1.02246   0.39607  -52.07073;
-0.01800  -0.31921   0.92865   44.67530;
 0.00000   0.00000   0.00000   1.00000;
iteration took 0 minutes and 12 seconds.
****************************************
Nine parameter search.  iteration 5 nscales = 2 ...
****************************************
Result so far: scale 0.062: max_log_p=-3.095, old_max_log_p =-3.096 (thresh=-3.1)
 1.04995  -0.02866   0.01532  -8.57007;
 0.03032   1.02366   0.39654  -52.27153;
-0.02659  -0.31898   0.92855   45.78080;
 0.00000   0.00000   0.00000   1.00000;
min search scale 0.025000 reached
***********************************************
Computing MAP estimate using 2841 samples...
***********************************************
dt = 5.00e-06, momentum=0.80, tol=1.00e-05
l_intensity = 1.0000
Aligning input volume to GCA...
Transform matrix
 1.04995  -0.02866   0.01532  -8.57007;
 0.03032   1.02366   0.39654  -52.27153;
-0.02659  -0.31898   0.92855   45.78080;
 0.00000   0.00000   0.00000   1.00000;
nsamples 2841
Quasinewton: input matrix
 1.04995  -0.02866   0.01532  -8.57007;
 0.03032   1.02366   0.39654  -52.27153;
-0.02659  -0.31898   0.92855   45.78080;
 0.00000   0.00000   0.00000   1.00000;
 IFLAG= -1  LINE SEARCH FAILED. SEE DOCUMENTATION OF ROUTINE MCSRCH ERROR RETURN OF LINE SEARCH: INFO= 3 POSSIBLE CAUSES: FUNCTION OR GRADIENT ARE INCORRECT OR INCORRECT TOLERANCESoutof QuasiNewtonEMA: 008: -log(p) =   -0.0  tol 0.000010
Resulting transform:
 1.04995  -0.02866   0.01532  -8.57007;
 0.03032   1.02366   0.39654  -52.27153;
-0.02659  -0.31898   0.92855   45.78080;
 0.00000   0.00000   0.00000   1.00000;

pass 1, spacing 8: log(p) = -3.095 (old=-3.945)
transform before final EM align:
 1.04995  -0.02866   0.01532  -8.57007;
 0.03032   1.02366   0.39654  -52.27153;
-0.02659  -0.31898   0.92855   45.78080;
 0.00000   0.00000   0.00000   1.00000;

**************************************************
 EM alignment process ...
 Computing final MAP estimate using 315638 samples. 
**************************************************
dt = 5.00e-06, momentum=0.80, tol=1.00e-07
l_intensity = 1.0000
Aligning input volume to GCA...
Transform matrix
 1.04995  -0.02866   0.01532  -8.57007;
 0.03032   1.02366   0.39654  -52.27153;
-0.02659  -0.31898   0.92855   45.78080;
 0.00000   0.00000   0.00000   1.00000;
nsamples 315638
Quasinewton: input matrix
 1.04995  -0.02866   0.01532  -8.57007;
 0.03032   1.02366   0.39654  -52.27153;
-0.02659  -0.31898   0.92855   45.78080;
 0.00000   0.00000   0.00000   1.00000;
 IFLAG= -1  LINE SEARCH FAILED. SEE DOCUMENTATION OF ROUTINE MCSRCH ERROR RETURN OF LINE SEARCH: INFO= 6 POSSIBLE CAUSES: FUNCTION OR GRADIENT ARE INCORRECT OR INCORRECT TOLERANCESoutof QuasiNewtonEMA: 010: -log(p) =    3.7  tol 0.000000
final transform:
 1.04995  -0.02866   0.01532  -8.57007;
 0.03032   1.02366   0.39654  -52.27153;
-0.02659  -0.31898   0.92855   45.78080;
 0.00000   0.00000   0.00000   1.00000;

writing output transformation to transforms/talairach.lta...
#VMPC# mri_em_register VmPeak  891280
FSRUNTIME@ mri_em_register  0.0297 hours 16 threads
registration took 1 minutes and 47 seconds.

Started at Fri Mar 6 15:46:36 CET 2026 
Ended   at Fri Mar 6 15:48:23 CET 2026
#@#%# recon-all-run-time-hours 0.030
recon-all -s sub-v1s10x0051124_ses-1 finished without error at Fri Mar  6 15:48:23 CET 2026



#New# invocation of recon-all 




Fri Mar  6 15:48:26 CET 2026
cd /out/sourcedata/freesurfer/sub-v1s10x0051124_ses-1
setenv SUBJECTS_DIR /out/sourcedata/freesurfer
/opt/freesurfer/bin/recon-all -autorecon2-volonly -openmp 16 -subjid sub-v1s10x0051124_ses-1 -sd /out/sourcedata/freesurfer -nogcareg

subjid sub-v1s10x0051124_ses-1
setenv SUBJECTS_DIR /out/sourcedata/freesurfer
FREESURFER_HOME /opt/freesurfer
Actual FREESURFER_HOME /opt/freesurfer
build-stamp.txt: freesurfer-linux-ubuntu22_x86_64-7.3.2-20220804-6354275
Linux dna061 5.14.0-427.37.1.el9_4.x86_64 #1 SMP PREEMPT_DYNAMIC Fri Sep 13 12:41:50 EDT 2024 x86_64 x86_64 x86_64 GNU/Linux
cputime      unlimited
filesize     unlimited
datasize     unlimited
stacksize    8192 kbytes
coredumpsize 0 kbytes
memoryuse    67108864 kbytes
vmemoryuse   unlimited
descriptors  1024 
memorylocked unlimited
maxproc      2061970 
maxlocks     unlimited
maxsignal    2061970 
maxmessage   819200 
maxnice      0 
maxrtprio    0 
maxrttime    unlimited

               total        used        free      shared  buff/cache   available
Mem:           503Gi        49Gi       289Gi        21Gi       163Gi       429Gi
Swap:             0B          0B          0B

########################################
program versions used
7.3.2 (freesurfer-linux-ubuntu22_x86_64-7.3.2-20220804-6354275)
7.3.2

ProgramName: lta_convert  ProgramArguments: lta_convert -all-info  ProgramVersion: 7.3.2  TimeStamp: 2026/03/06-14:48:26-GMT  BuildTime: Aug  4 2022 06:17:15  BuildStamp: freesurfer-linux-ubuntu22_x86_64-7.3.2-20220804-6354275  User: oesteban  Machine: dna061  Platform: Linux  PlatformVersion: 5.14.0-427.37.1.el9_4.x86_64  CompilerName: GCC  CompilerVersion: 8.4.0
ProgramName: mri_and  ProgramArguments: mri_and -all-info  ProgramVersion: 7.3.2  TimeStamp: 2026/03/06-14:48:26-GMT  BuildTime: Aug  4 2022 06:17:15  BuildStamp: freesurfer-linux-ubuntu22_x86_64-7.3.2-20220804-6354275  User: oesteban  Machine: dna061  Platform: Linux  PlatformVersion: 5.14.0-427.37.1.el9_4.x86_64  CompilerName: GCC  CompilerVersion: 8.4.0
ProgramName: mri_annotation2label  ProgramArguments: mri_annotation2label -all-info  ProgramVersion: 7.3.2  TimeStamp: 2026/03/06-14:48:26-GMT  BuildTime: Aug  4 2022 06:17:15  BuildStamp: freesurfer-linux-ubuntu22_x86_64-7.3.2-20220804-6354275  User: oesteban  Machine: dna061  Platform: Linux  PlatformVersion: 5.14.0-427.37.1.el9_4.x86_64  CompilerName: GCC  CompilerVersion: 8.4.0
ProgramName: mri_aparc2aseg  ProgramArguments: mri_aparc2aseg -all-info  ProgramVersion: 7.3.2  TimeStamp: 2026/03/06-14:48:26-GMT  BuildTime: Aug  4 2022 06:17:15  BuildStamp: freesurfer-linux-ubuntu22_x86_64-7.3.2-20220804-6354275  User: oesteban  Machine: dna061  Platform: Linux  PlatformVersion: 5.14.0-427.37.1.el9_4.x86_64  CompilerName: GCC  CompilerVersion: 8.4.0
ProgramName: mri_surf2volseg  ProgramArguments: mri_surf2volseg -all-info  ProgramVersion: 7.3.2  TimeStamp: 2026/03/06-14:48:26-GMT  BuildTime: Aug  4 2022 06:17:15  BuildStamp: freesurfer-linux-ubuntu22_x86_64-7.3.2-20220804-6354275  User: oesteban  Machine: dna061  Platform: Linux  PlatformVersion: 5.14.0-427.37.1.el9_4.x86_64  CompilerName: GCC  CompilerVersion: 8.4.0
ProgramName: mri_binarize  ProgramArguments: mri_binarize -all-info  ProgramVersion: 7.3.2  TimeStamp: 2026/03/06-14:48:26-GMT  BuildTime: Aug  4 2022 06:17:15  BuildStamp: freesurfer-linux-ubuntu22_x86_64-7.3.2-20220804-6354275  User: oesteban  Machine: dna061  Platform: Linux  PlatformVersion: 5.14.0-427.37.1.el9_4.x86_64  CompilerName: GCC  CompilerVersion: 8.4.0
ProgramName: mri_ca_label  ProgramArguments: mri_ca_label -all-info  ProgramVersion: 7.3.2  TimeStamp: 2026/03/06-14:48:26-GMT  BuildTime: Aug  4 2022 06:17:15  BuildStamp: freesurfer-linux-ubuntu22_x86_64-7.3.2-20220804-6354275  User: oesteban  Machine: dna061  Platform: Linux  PlatformVersion: 5.14.0-427.37.1.el9_4.x86_64  CompilerName: GCC  CompilerVersion: 8.4.0
ProgramName: mri_ca_normalize  ProgramArguments: mri_ca_normalize -all-info  ProgramVersion: 7.3.2  TimeStamp: 2026/03/06-14:48:26-GMT  BuildTime: Aug  4 2022 06:17:15  BuildStamp: freesurfer-linux-ubuntu22_x86_64-7.3.2-20220804-6354275  User: oesteban  Machine: dna061  Platform: Linux  PlatformVersion: 5.14.0-427.37.1.el9_4.x86_64  CompilerName: GCC  CompilerVersion: 8.4.0
ProgramName: mri_ca_register  ProgramArguments: mri_ca_register -all-info  ProgramVersion: 7.3.2  TimeStamp: 2026/03/06-14:48:26-GMT  BuildTime: Aug  4 2022 06:17:15  BuildStamp: freesurfer-linux-ubuntu22_x86_64-7.3.2-20220804-6354275  User: oesteban  Machine: dna061  Platform: Linux  PlatformVersion: 5.14.0-427.37.1.el9_4.x86_64  CompilerName: GCC  CompilerVersion: 8.4.0
ProgramName: mri_cc  ProgramArguments: mri_cc -all-info  ProgramVersion: 7.3.2  TimeStamp: 2026/03/06-14:48:26-GMT  BuildTime: Aug  4 2022 06:17:15  BuildStamp: freesurfer-linux-ubuntu22_x86_64-7.3.2-20220804-6354275  User: oesteban  Machine: dna061  Platform: Linux  PlatformVersion: 5.14.0-427.37.1.el9_4.x86_64  CompilerName: GCC  CompilerVersion: 8.4.0
ProgramName: mri_compute_overlap  ProgramArguments: mri_compute_overlap -all-info  ProgramVersion: 7.3.2  TimeStamp: 2026/03/06-14:48:26-GMT  BuildTime: Aug  4 2022 06:17:15  BuildStamp: freesurfer-linux-ubuntu22_x86_64-7.3.2-20220804-6354275  User: oesteban  Machine: dna061  Platform: Linux  PlatformVersion: 5.14.0-427.37.1.el9_4.x86_64  CompilerName: GCC  CompilerVersion: 8.4.0
ProgramName: mri_compute_seg_overlap  ProgramArguments: mri_compute_seg_overlap -all-info  ProgramVersion: 7.3.2  TimeStamp: 2026/03/06-14:48:26-GMT  BuildTime: Aug  4 2022 06:17:15  BuildStamp: freesurfer-linux-ubuntu22_x86_64-7.3.2-20220804-6354275  User: oesteban  Machine: dna061  Platform: Linux  PlatformVersion: 5.14.0-427.37.1.el9_4.x86_64  CompilerName: GCC  CompilerVersion: 8.4.0
ProgramName: mri_concat  ProgramArguments: mri_concat -all-info  ProgramVersion: 7.3.2  TimeStamp: 2026/03/06-14:48:26-GMT  BuildTime: Aug  4 2022 06:17:15  BuildStamp: freesurfer-linux-ubuntu22_x86_64-7.3.2-20220804-6354275  User: oesteban  Machine: dna061  Platform: Linux  PlatformVersion: 5.14.0-427.37.1.el9_4.x86_64  CompilerName: GCC  CompilerVersion: 8.4.0
ProgramName: mri_concatenate_lta  ProgramArguments: mri_concatenate_lta -all-info  ProgramVersion: 7.3.2  TimeStamp: 2026/03/06-14:48:26-GMT  BuildTime: Aug  4 2022 06:17:15  BuildStamp: freesurfer-linux-ubuntu22_x86_64-7.3.2-20220804-6354275  User: oesteban  Machine: dna061  Platform: Linux  PlatformVersion: 5.14.0-427.37.1.el9_4.x86_64  CompilerName: GCC  CompilerVersion: 8.4.0
mri_convert -all-info 
ProgramName: mri_convert  ProgramArguments: mri_convert -all-info  ProgramVersion: 7.3.2  TimeStamp: 2026/03/06-14:48:26-GMT  BuildTime: Aug  4 2022 06:17:15  BuildStamp: freesurfer-linux-ubuntu22_x86_64-7.3.2-20220804-6354275  User: oesteban  Machine: dna061  Platform: Linux  PlatformVersion: 5.14.0-427.37.1.el9_4.x86_64  CompilerName: GCC  CompilerVersion: 8.4.0
ProgramName: mri_diff  ProgramArguments: mri_diff -all-info  ProgramVersion: 7.3.2  TimeStamp: 2026/03/06-14:48:26-GMT  BuildTime: Aug  4 2022 06:17:15  BuildStamp: freesurfer-linux-ubuntu22_x86_64-7.3.2-20220804-6354275  User: oesteban  Machine: dna061  Platform: Linux  PlatformVersion: 5.14.0-427.37.1.el9_4.x86_64  CompilerName: GCC  CompilerVersion: 8.4.0
ProgramName: mri_edit_wm_with_aseg  ProgramArguments: mri_edit_wm_with_aseg -all-info  ProgramVersion: 7.3.2  TimeStamp: 2026/03/06-14:48:26-GMT  BuildTime: Aug  4 2022 06:17:15  BuildStamp: freesurfer-linux-ubuntu22_x86_64-7.3.2-20220804-6354275  User: oesteban  Machine: dna061  Platform: Linux  PlatformVersion: 5.14.0-427.37.1.el9_4.x86_64  CompilerName: GCC  CompilerVersion: 8.4.0
ProgramName: mri_em_register  ProgramArguments: mri_em_register -all-info  ProgramVersion: 7.3.2  TimeStamp: 2026/03/06-14:48:26-GMT  BuildTime: Aug  4 2022 06:17:15  BuildStamp: freesurfer-linux-ubuntu22_x86_64-7.3.2-20220804-6354275  User: oesteban  Machine: dna061  Platform: Linux  PlatformVersion: 5.14.0-427.37.1.el9_4.x86_64  CompilerName: GCC  CompilerVersion: 8.4.0
ProgramName: mri_fill  ProgramArguments: mri_fill -all-info  ProgramVersion: 7.3.2  TimeStamp: 2026/03/06-14:48:26-GMT  BuildTime: Aug  4 2022 06:17:15  BuildStamp: freesurfer-linux-ubuntu22_x86_64-7.3.2-20220804-6354275  User: oesteban  Machine: dna061  Platform: Linux  PlatformVersion: 5.14.0-427.37.1.el9_4.x86_64  CompilerName: GCC  CompilerVersion: 8.4.0
ProgramName: mri_fuse_segmentations  ProgramArguments: mri_fuse_segmentations -all-info  ProgramVersion: 7.3.2  TimeStamp: 2026/03/06-14:48:26-GMT  BuildTime: Aug  4 2022 06:17:15  BuildStamp: freesurfer-linux-ubuntu22_x86_64-7.3.2-20220804-6354275  User: oesteban  Machine: dna061  Platform: Linux  PlatformVersion: 5.14.0-427.37.1.el9_4.x86_64  CompilerName: GCC  CompilerVersion: 8.4.0
ProgramName: mri_fwhm  ProgramArguments: mri_fwhm -all-info  ProgramVersion: 7.3.2  TimeStamp: 2026/03/06-14:48:26-GMT  BuildTime: Aug  4 2022 06:17:15  BuildStamp: freesurfer-linux-ubuntu22_x86_64-7.3.2-20220804-6354275  User: oesteban  Machine: dna061  Platform: Linux  PlatformVersion: 5.14.0-427.37.1.el9_4.x86_64  CompilerName: GCC  CompilerVersion: 8.4.0
ProgramName: mri_gcut  ProgramArguments: mri_gcut -all-info  ProgramVersion: 7.3.2  TimeStamp: 2026/03/06-14:48:26-GMT  BuildTime: Aug  4 2022 06:17:15  BuildStamp: freesurfer-linux-ubuntu22_x86_64-7.3.2-20220804-6354275  User: oesteban  Machine: dna061  Platform: Linux  PlatformVersion: 5.14.0-427.37.1.el9_4.x86_64  CompilerName: GCC  CompilerVersion: 8.4.0
ProgramName: mri_info  ProgramArguments: mri_info -all-info  ProgramVersion: 7.3.2  TimeStamp: 2026/03/06-14:48:26-GMT  BuildTime: Aug  4 2022 06:17:15  BuildStamp: freesurfer-linux-ubuntu22_x86_64-7.3.2-20220804-6354275  User: oesteban  Machine: dna061  Platform: Linux  PlatformVersion: 5.14.0-427.37.1.el9_4.x86_64  CompilerName: GCC  CompilerVersion: 8.4.0
ProgramName: mri_label2label  ProgramArguments: mri_label2label -all-info  ProgramVersion: 7.3.2  TimeStamp: 2026/03/06-14:48:26-GMT  BuildTime: Aug  4 2022 06:17:15  BuildStamp: freesurfer-linux-ubuntu22_x86_64-7.3.2-20220804-6354275  User: oesteban  Machine: dna061  Platform: Linux  PlatformVersion: 5.14.0-427.37.1.el9_4.x86_64  CompilerName: GCC  CompilerVersion: 8.4.0
ProgramName: mri_label2vol  ProgramArguments: mri_label2vol -all-info  ProgramVersion: 7.3.2  TimeStamp: 2026/03/06-14:48:26-GMT  BuildTime: Aug  4 2022 06:17:15  BuildStamp: freesurfer-linux-ubuntu22_x86_64-7.3.2-20220804-6354275  User: oesteban  Machine: dna061  Platform: Linux  PlatformVersion: 5.14.0-427.37.1.el9_4.x86_64  CompilerName: GCC  CompilerVersion: 8.4.0
ProgramName: mri_log_likelihood  ProgramArguments: mri_log_likelihood -all-info  ProgramVersion: 7.3.2  TimeStamp: 2026/03/06-14:48:26-GMT  BuildTime: Aug  4 2022 06:17:15  BuildStamp: freesurfer-linux-ubuntu22_x86_64-7.3.2-20220804-6354275  User: oesteban  Machine: dna061  Platform: Linux  PlatformVersion: 5.14.0-427.37.1.el9_4.x86_64  CompilerName: GCC  CompilerVersion: 8.4.0
ProgramName: mri_mask  ProgramArguments: mri_mask -all-info  ProgramVersion: 7.3.2  TimeStamp: 2026/03/06-14:48:26-GMT  BuildTime: Aug  4 2022 06:17:15  BuildStamp: freesurfer-linux-ubuntu22_x86_64-7.3.2-20220804-6354275  User: oesteban  Machine: dna061  Platform: Linux  PlatformVersion: 5.14.0-427.37.1.el9_4.x86_64  CompilerName: GCC  CompilerVersion: 8.4.0
ProgramName: mri_matrix_multiply  ProgramArguments: mri_matrix_multiply -all-info  ProgramVersion: 7.3.2  TimeStamp: 2026/03/06-14:48:26-GMT  BuildTime: Aug  4 2022 06:17:15  BuildStamp: freesurfer-linux-ubuntu22_x86_64-7.3.2-20220804-6354275  User: oesteban  Machine: dna061  Platform: Linux  PlatformVersion: 5.14.0-427.37.1.el9_4.x86_64  CompilerName: GCC  CompilerVersion: 8.4.0
ProgramName: mri_normalize  ProgramArguments: mri_normalize -all-info  ProgramVersion: 7.3.2  TimeStamp: 2026/03/06-14:48:26-GMT  BuildTime: Aug  4 2022 06:17:15  BuildStamp: freesurfer-linux-ubuntu22_x86_64-7.3.2-20220804-6354275  User: oesteban  Machine: dna061  Platform: Linux  PlatformVersion: 5.14.0-427.37.1.el9_4.x86_64  CompilerName: GCC  CompilerVersion: 8.4.0
ProgramName: mri_normalize_tp2  ProgramArguments: mri_normalize_tp2 -all-info  ProgramVersion: 7.3.2  TimeStamp: 2026/03/06-14:48:26-GMT  BuildTime: Aug  4 2022 06:17:15  BuildStamp: freesurfer-linux-ubuntu22_x86_64-7.3.2-20220804-6354275  User: oesteban  Machine: dna061  Platform: Linux  PlatformVersion: 5.14.0-427.37.1.el9_4.x86_64  CompilerName: GCC  CompilerVersion: 8.4.0
ProgramName: mri_or  ProgramArguments: mri_or -all-info  ProgramVersion: 7.3.2  TimeStamp: 2026/03/06-14:48:26-GMT  BuildTime: Aug  4 2022 06:17:15  BuildStamp: freesurfer-linux-ubuntu22_x86_64-7.3.2-20220804-6354275  User: oesteban  Machine: dna061  Platform: Linux  PlatformVersion: 5.14.0-427.37.1.el9_4.x86_64  CompilerName: GCC  CompilerVersion: 8.4.0
ProgramName: mri_relabel_hypointensities  ProgramArguments: mri_relabel_hypointensities -all-info  ProgramVersion: 7.3.2  TimeStamp: 2026/03/06-14:48:26-GMT  BuildTime: Aug  4 2022 06:17:15  BuildStamp: freesurfer-linux-ubuntu22_x86_64-7.3.2-20220804-6354275  User: oesteban  Machine: dna061  Platform: Linux  PlatformVersion: 5.14.0-427.37.1.el9_4.x86_64  CompilerName: GCC  CompilerVersion: 8.4.0
ProgramName: mri_relabel_nonwm_hypos  ProgramArguments: mri_relabel_nonwm_hypos -all-info  ProgramVersion: 7.3.2  TimeStamp: 2026/03/06-14:48:26-GMT  BuildTime: Aug  4 2022 06:17:15  BuildStamp: freesurfer-linux-ubuntu22_x86_64-7.3.2-20220804-6354275  User: oesteban  Machine: dna061  Platform: Linux  PlatformVersion: 5.14.0-427.37.1.el9_4.x86_64  CompilerName: GCC  CompilerVersion: 8.4.0
ProgramName: mri_remove_neck  ProgramArguments: mri_remove_neck -all-info  ProgramVersion: 7.3.2  TimeStamp: 2026/03/06-14:48:26-GMT  BuildTime: Aug  4 2022 06:17:15  BuildStamp: freesurfer-linux-ubuntu22_x86_64-7.3.2-20220804-6354275  User: oesteban  Machine: dna061  Platform: Linux  PlatformVersion: 5.14.0-427.37.1.el9_4.x86_64  CompilerName: GCC  CompilerVersion: 8.4.0
7.3.2

ProgramName: mri_robust_register  ProgramArguments: mri_robust_register -all-info  ProgramVersion: 7.3.2  TimeStamp: 2026/03/06-14:48:26-GMT  BuildTime: Aug  4 2022 06:17:15  BuildStamp: freesurfer-linux-ubuntu22_x86_64-7.3.2-20220804-6354275  User: oesteban  Machine: dna061  Platform: Linux  PlatformVersion: 5.14.0-427.37.1.el9_4.x86_64  CompilerName: GCC  CompilerVersion: 8.4.0
7.3.2

ProgramName: mri_robust_template  ProgramArguments: mri_robust_template -all-info  ProgramVersion: 7.3.2  TimeStamp: 2026/03/06-14:48:26-GMT  BuildTime: Aug  4 2022 06:17:15  BuildStamp: freesurfer-linux-ubuntu22_x86_64-7.3.2-20220804-6354275  User: oesteban  Machine: dna061  Platform: Linux  PlatformVersion: 5.14.0-427.37.1.el9_4.x86_64  CompilerName: GCC  CompilerVersion: 8.4.0
ProgramName: mris_anatomical_stats  ProgramArguments: mris_anatomical_stats -all-info  ProgramVersion: 7.3.2  TimeStamp: 2026/03/06-14:48:26-GMT  BuildTime: Aug  4 2022 06:17:15  BuildStamp: freesurfer-linux-ubuntu22_x86_64-7.3.2-20220804-6354275  User: oesteban  Machine: dna061  Platform: Linux  PlatformVersion: 5.14.0-427.37.1.el9_4.x86_64  CompilerName: GCC  CompilerVersion: 8.4.0
ProgramName: mris_ca_label  ProgramArguments: mris_ca_label -all-info  ProgramVersion: 7.3.2  TimeStamp: 2026/03/06-14:48:26-GMT  BuildTime: Aug  4 2022 06:17:15  BuildStamp: freesurfer-linux-ubuntu22_x86_64-7.3.2-20220804-6354275  User: oesteban  Machine: dna061  Platform: Linux  PlatformVersion: 5.14.0-427.37.1.el9_4.x86_64  CompilerName: GCC  CompilerVersion: 8.4.0
ProgramName: mris_calc  ProgramArguments: mris_calc -all-info  ProgramVersion: 7.3.2  TimeStamp: 2026/03/06-14:48:26-GMT  BuildTime: Aug  4 2022 06:17:15  BuildStamp: freesurfer-linux-ubuntu22_x86_64-7.3.2-20220804-6354275  User: oesteban  Machine: dna061  Platform: Linux  PlatformVersion: 5.14.0-427.37.1.el9_4.x86_64  CompilerName: GCC  CompilerVersion: 8.4.0
ProgramName: mris_convert  ProgramArguments: mris_convert -all-info  ProgramVersion: 7.3.2  TimeStamp: 2026/03/06-14:48:26-GMT  BuildTime: Aug  4 2022 06:17:15  BuildStamp: freesurfer-linux-ubuntu22_x86_64-7.3.2-20220804-6354275  User: oesteban  Machine: dna061  Platform: Linux  PlatformVersion: 5.14.0-427.37.1.el9_4.x86_64  CompilerName: GCC  CompilerVersion: 8.4.0
ProgramName: mris_curvature  ProgramArguments: mris_curvature -all-info  ProgramVersion: 7.3.2  TimeStamp: 2026/03/06-14:48:26-GMT  BuildTime: Aug  4 2022 06:17:15  BuildStamp: freesurfer-linux-ubuntu22_x86_64-7.3.2-20220804-6354275  User: oesteban  Machine: dna061  Platform: Linux  PlatformVersion: 5.14.0-427.37.1.el9_4.x86_64  CompilerName: GCC  CompilerVersion: 8.4.0
ProgramName: mris_curvature_stats  ProgramArguments: mris_curvature_stats -all-info  ProgramVersion: 7.3.2  TimeStamp: 2026/03/06-14:48:26-GMT  BuildTime: Aug  4 2022 06:17:15  BuildStamp: freesurfer-linux-ubuntu22_x86_64-7.3.2-20220804-6354275  User: oesteban  Machine: dna061  Platform: Linux  PlatformVersion: 5.14.0-427.37.1.el9_4.x86_64  CompilerName: GCC  CompilerVersion: 8.4.0
ProgramName: mris_diff  ProgramArguments: mris_diff -all-info  ProgramVersion: 7.3.2  TimeStamp: 2026/03/06-14:48:26-GMT  BuildTime: Aug  4 2022 06:17:15  BuildStamp: freesurfer-linux-ubuntu22_x86_64-7.3.2-20220804-6354275  User: oesteban  Machine: dna061  Platform: Linux  PlatformVersion: 5.14.0-427.37.1.el9_4.x86_64  CompilerName: GCC  CompilerVersion: 8.4.0
ProgramName: mris_divide_parcellation  ProgramArguments: mris_divide_parcellation -all-info  ProgramVersion: 7.3.2  TimeStamp: 2026/03/06-14:48:26-GMT  BuildTime: Aug  4 2022 06:17:15  BuildStamp: freesurfer-linux-ubuntu22_x86_64-7.3.2-20220804-6354275  User: oesteban  Machine: dna061  Platform: Linux  PlatformVersion: 5.14.0-427.37.1.el9_4.x86_64  CompilerName: GCC  CompilerVersion: 8.4.0
ProgramName: mri_segment  ProgramArguments: mri_segment -all-info  ProgramVersion: 7.3.2  TimeStamp: 2026/03/06-14:48:26-GMT  BuildTime: Aug  4 2022 06:17:15  BuildStamp: freesurfer-linux-ubuntu22_x86_64-7.3.2-20220804-6354275  User: oesteban  Machine: dna061  Platform: Linux  PlatformVersion: 5.14.0-427.37.1.el9_4.x86_64  CompilerName: GCC  CompilerVersion: 8.4.0
ProgramName: mri_segstats  ProgramArguments: mri_segstats -all-info  ProgramVersion: 7.3.2  TimeStamp: 2026/03/06-14:48:26-GMT  BuildTime: Aug  4 2022 06:17:15  BuildStamp: freesurfer-linux-ubuntu22_x86_64-7.3.2-20220804-6354275  User: oesteban  Machine: dna061  Platform: Linux  PlatformVersion: 5.14.0-427.37.1.el9_4.x86_64  CompilerName: GCC  CompilerVersion: 8.4.0
ProgramName: mris_euler_number  ProgramArguments: mris_euler_number -all-info  ProgramVersion: 7.3.2  TimeStamp: 2026/03/06-14:48:26-GMT  BuildTime: Aug  4 2022 06:17:15  BuildStamp: freesurfer-linux-ubuntu22_x86_64-7.3.2-20220804-6354275  User: oesteban  Machine: dna061  Platform: Linux  PlatformVersion: 5.14.0-427.37.1.el9_4.x86_64  CompilerName: GCC  CompilerVersion: 8.4.0
ProgramName: mris_fix_topology  ProgramArguments: mris_fix_topology -all-info  ProgramVersion: 7.3.2  TimeStamp: 2026/03/06-14:48:26-GMT  BuildTime: Aug  4 2022 06:17:15  BuildStamp: freesurfer-linux-ubuntu22_x86_64-7.3.2-20220804-6354275  User: oesteban  Machine: dna061  Platform: Linux  PlatformVersion: 5.14.0-427.37.1.el9_4.x86_64  CompilerName: GCC  CompilerVersion: 8.4.0
ProgramName: mris_topo_fixer  ProgramArguments: mris_topo_fixer -all-info  ProgramVersion: 7.3.2  TimeStamp: 2026/03/06-14:48:26-GMT  BuildTime: Aug  4 2022 06:17:15  BuildStamp: freesurfer-linux-ubuntu22_x86_64-7.3.2-20220804-6354275  User: oesteban  Machine: dna061  Platform: Linux  PlatformVersion: 5.14.0-427.37.1.el9_4.x86_64  CompilerName: GCC  CompilerVersion: 8.4.0
ProgramName: mris_jacobian  ProgramArguments: mris_jacobian -all-info  ProgramVersion: 7.3.2  TimeStamp: 2026/03/06-14:48:26-GMT  BuildTime: Aug  4 2022 06:17:15  BuildStamp: freesurfer-linux-ubuntu22_x86_64-7.3.2-20220804-6354275  User: oesteban  Machine: dna061  Platform: Linux  PlatformVersion: 5.14.0-427.37.1.el9_4.x86_64  CompilerName: GCC  CompilerVersion: 8.4.0
ProgramName: mris_label2annot  ProgramArguments: mris_label2annot -all-info  ProgramVersion: 7.3.2  TimeStamp: 2026/03/06-14:48:26-GMT  BuildTime: Aug  4 2022 06:17:15  BuildStamp: freesurfer-linux-ubuntu22_x86_64-7.3.2-20220804-6354275  User: oesteban  Machine: dna061  Platform: Linux  PlatformVersion: 5.14.0-427.37.1.el9_4.x86_64  CompilerName: GCC  CompilerVersion: 8.4.0
ProgramName: mris_left_right_register  ProgramArguments: mris_left_right_register -all-info  ProgramVersion: 7.3.2  TimeStamp: 2026/03/06-14:48:26-GMT  BuildTime: Aug  4 2022 06:17:15  BuildStamp: freesurfer-linux-ubuntu22_x86_64-7.3.2-20220804-6354275  User: oesteban  Machine: dna061  Platform: Linux  PlatformVersion: 5.14.0-427.37.1.el9_4.x86_64  CompilerName: GCC  CompilerVersion: 8.4.0
ProgramName: mris_place_surface  ProgramArguments: mris_place_surface -all-info  ProgramVersion: 7.3.2  TimeStamp: 2026/03/06-14:48:26-GMT  BuildTime: Aug  4 2022 06:17:15  BuildStamp: freesurfer-linux-ubuntu22_x86_64-7.3.2-20220804-6354275  User: oesteban  Machine: dna061  Platform: Linux  PlatformVersion: 5.14.0-427.37.1.el9_4.x86_64  CompilerName: GCC  CompilerVersion: 8.4.0
ProgramName: mrisp_paint  ProgramArguments: mrisp_paint -all-info  ProgramVersion: 7.3.2  TimeStamp: 2026/03/06-14:48:26-GMT  BuildTime: Aug  4 2022 06:17:15  BuildStamp: freesurfer-linux-ubuntu22_x86_64-7.3.2-20220804-6354275  User: oesteban  Machine: dna061  Platform: Linux  PlatformVersion: 5.14.0-427.37.1.el9_4.x86_64  CompilerName: GCC  CompilerVersion: 8.4.0
ProgramName: mris_register  ProgramArguments: mris_register -all-info  ProgramVersion: 7.3.2  TimeStamp: 2026/03/06-14:48:26-GMT  BuildTime: Aug  4 2022 06:17:15  BuildStamp: freesurfer-linux-ubuntu22_x86_64-7.3.2-20220804-6354275  User: oesteban  Machine: dna061  Platform: Linux  PlatformVersion: 5.14.0-427.37.1.el9_4.x86_64  CompilerName: GCC  CompilerVersion: 8.4.0
ProgramName: mris_smooth  ProgramArguments: mris_smooth -all-info  ProgramVersion: 7.3.2  TimeStamp: 2026/03/06-14:48:26-GMT  BuildTime: Aug  4 2022 06:17:15  BuildStamp: freesurfer-linux-ubuntu22_x86_64-7.3.2-20220804-6354275  User: oesteban  Machine: dna061  Platform: Linux  PlatformVersion: 5.14.0-427.37.1.el9_4.x86_64  CompilerName: GCC  CompilerVersion: 8.4.0
ProgramName: mris_sphere  ProgramArguments: mris_sphere -all-info  ProgramVersion: 7.3.2  TimeStamp: 2026/03/06-14:48:26-GMT  BuildTime: Aug  4 2022 06:17:15  BuildStamp: freesurfer-linux-ubuntu22_x86_64-7.3.2-20220804-6354275  User: oesteban  Machine: dna061  Platform: Linux  PlatformVersion: 5.14.0-427.37.1.el9_4.x86_64  CompilerName: GCC  CompilerVersion: 8.4.0
ProgramName: mris_surface_stats  ProgramArguments: mris_surface_stats -all-info  ProgramVersion: 7.3.2  TimeStamp: 2026/03/06-14:48:26-GMT  BuildTime: Aug  4 2022 06:17:15  BuildStamp: freesurfer-linux-ubuntu22_x86_64-7.3.2-20220804-6354275  User: oesteban  Machine: dna061  Platform: Linux  PlatformVersion: 5.14.0-427.37.1.el9_4.x86_64  CompilerName: GCC  CompilerVersion: 8.4.0
ProgramName: mri_stats2seg  ProgramArguments: mri_stats2seg -all-info  ProgramVersion: 7.3.2  TimeStamp: 2026/03/06-14:48:26-GMT  BuildTime: Aug  4 2022 06:17:15  BuildStamp: freesurfer-linux-ubuntu22_x86_64-7.3.2-20220804-6354275  User: oesteban  Machine: dna061  Platform: Linux  PlatformVersion: 5.14.0-427.37.1.el9_4.x86_64  CompilerName: GCC  CompilerVersion: 8.4.0
ProgramName: mris_thickness  ProgramArguments: mris_thickness -all-info  ProgramVersion: 7.3.2  TimeStamp: 2026/03/06-14:48:26-GMT  BuildTime: Aug  4 2022 06:17:15  BuildStamp: freesurfer-linux-ubuntu22_x86_64-7.3.2-20220804-6354275  User: oesteban  Machine: dna061  Platform: Linux  PlatformVersion: 5.14.0-427.37.1.el9_4.x86_64  CompilerName: GCC  CompilerVersion: 8.4.0
ProgramName: mris_thickness_diff  ProgramArguments: mris_thickness_diff -all-info  ProgramVersion: 7.3.2  TimeStamp: 2026/03/06-14:48:26-GMT  BuildTime: Aug  4 2022 06:17:15  BuildStamp: freesurfer-linux-ubuntu22_x86_64-7.3.2-20220804-6354275  User: oesteban  Machine: dna061  Platform: Linux  PlatformVersion: 5.14.0-427.37.1.el9_4.x86_64  CompilerName: GCC  CompilerVersion: 8.4.0
ProgramName: mris_topo_fixer  ProgramArguments: mris_topo_fixer -all-info  ProgramVersion: 7.3.2  TimeStamp: 2026/03/06-14:48:26-GMT  BuildTime: Aug  4 2022 06:17:15  BuildStamp: freesurfer-linux-ubuntu22_x86_64-7.3.2-20220804-6354275  User: oesteban  Machine: dna061  Platform: Linux  PlatformVersion: 5.14.0-427.37.1.el9_4.x86_64  CompilerName: GCC  CompilerVersion: 8.4.0
ProgramName: mri_surf2surf  ProgramArguments: mri_surf2surf -all-info  ProgramVersion: 7.3.2  TimeStamp: 2026/03/06-14:48:26-GMT  BuildTime: Aug  4 2022 06:17:15  BuildStamp: freesurfer-linux-ubuntu22_x86_64-7.3.2-20220804-6354275  User: oesteban  Machine: dna061  Platform: Linux  PlatformVersion: 5.14.0-427.37.1.el9_4.x86_64  CompilerName: GCC  CompilerVersion: 8.4.0
ProgramName: mri_surf2vol  ProgramArguments: mri_surf2vol -all-info  ProgramVersion: 7.3.2  TimeStamp: 2026/03/06-14:48:26-GMT  BuildTime: Aug  4 2022 06:17:15  BuildStamp: freesurfer-linux-ubuntu22_x86_64-7.3.2-20220804-6354275  User: oesteban  Machine: dna061  Platform: Linux  PlatformVersion: 5.14.0-427.37.1.el9_4.x86_64  CompilerName: GCC  CompilerVersion: 8.4.0
ProgramName: mri_surfcluster  ProgramArguments: mri_surfcluster -all-info  ProgramVersion: 7.3.2  TimeStamp: 2026/03/06-14:48:26-GMT  BuildTime: Aug  4 2022 06:17:15  BuildStamp: freesurfer-linux-ubuntu22_x86_64-7.3.2-20220804-6354275  User: oesteban  Machine: dna061  Platform: Linux  PlatformVersion: 5.14.0-427.37.1.el9_4.x86_64  CompilerName: GCC  CompilerVersion: 8.4.0
ProgramName: mris_volmask  ProgramArguments: mris_volmask -all-info  ProgramVersion: 7.3.2  TimeStamp: 2026/03/06-14:48:26-GMT  BuildTime: Aug  4 2022 06:17:15  BuildStamp: freesurfer-linux-ubuntu22_x86_64-7.3.2-20220804-6354275  User: oesteban  Machine: dna061  Platform: Linux  PlatformVersion: 5.14.0-427.37.1.el9_4.x86_64  CompilerName: GCC  CompilerVersion: 8.4.0
ProgramName: mri_tessellate  ProgramArguments: mri_tessellate -all-info  ProgramVersion: 7.3.2  TimeStamp: 2026/03/06-14:48:26-GMT  BuildTime: Aug  4 2022 06:17:15  BuildStamp: freesurfer-linux-ubuntu22_x86_64-7.3.2-20220804-6354275  User: oesteban  Machine: dna061  Platform: Linux  PlatformVersion: 5.14.0-427.37.1.el9_4.x86_64  CompilerName: GCC  CompilerVersion: 8.4.0
ProgramName: mri_vol2surf  ProgramArguments: mri_vol2surf -all-info  ProgramVersion: 7.3.2  TimeStamp: 2026/03/06-14:48:26-GMT  BuildTime: Aug  4 2022 06:17:15  BuildStamp: freesurfer-linux-ubuntu22_x86_64-7.3.2-20220804-6354275  User: oesteban  Machine: dna061  Platform: Linux  PlatformVersion: 5.14.0-427.37.1.el9_4.x86_64  CompilerName: GCC  CompilerVersion: 8.4.0
ProgramName: mri_vol2vol  ProgramArguments: mri_vol2vol -all-info  ProgramVersion: 7.3.2  TimeStamp: 2026/03/06-14:48:26-GMT  BuildTime: Aug  4 2022 06:17:15  BuildStamp: freesurfer-linux-ubuntu22_x86_64-7.3.2-20220804-6354275  User: oesteban  Machine: dna061  Platform: Linux  PlatformVersion: 5.14.0-427.37.1.el9_4.x86_64  CompilerName: GCC  CompilerVersion: 8.4.0
ProgramName: mri_voldiff  ProgramArguments: mri_voldiff -all-info  ProgramVersion: 7.3.2  TimeStamp: 2026/03/06-14:48:26-GMT  BuildTime: Aug  4 2022 06:17:15  BuildStamp: freesurfer-linux-ubuntu22_x86_64-7.3.2-20220804-6354275  User: oesteban  Machine: dna061  Platform: Linux  PlatformVersion: 5.14.0-427.37.1.el9_4.x86_64  CompilerName: GCC  CompilerVersion: 8.4.0
ProgramName: mri_watershed  ProgramArguments: mri_watershed -all-info  ProgramVersion: 7.3.2  TimeStamp: 2026/03/06-14:48:26-GMT  BuildTime: Aug  4 2022 06:17:15  BuildStamp: freesurfer-linux-ubuntu22_x86_64-7.3.2-20220804-6354275  User: oesteban  Machine: dna061  Platform: Linux  PlatformVersion: 5.14.0-427.37.1.el9_4.x86_64  CompilerName: GCC  CompilerVersion: 8.4.0
ProgramName: tkregister2  ProgramArguments: tkregister2_cmdl -all-info  ProgramVersion: 7.3.2  TimeStamp: 2026/03/06-14:48:26-GMT  BuildTime: Aug  4 2022 06:17:15  BuildStamp: freesurfer-linux-ubuntu22_x86_64-7.3.2-20220804-6354275  User: oesteban  Machine: dna061  Platform: Linux  PlatformVersion: 5.14.0-427.37.1.el9_4.x86_64  CompilerName: GCC  CompilerVersion: 8.4.0
mri_motion_correct.fsl 7.3.2
mri_convert -all-info 
ProgramName: mri_convert  ProgramArguments: mri_convert -all-info  ProgramVersion: 7.3.2  TimeStamp: 2026/03/06-14:48:26-GMT  BuildTime: Aug  4 2022 06:17:15  BuildStamp: freesurfer-linux-ubuntu22_x86_64-7.3.2-20220804-6354275  User: oesteban  Machine: dna061  Platform: Linux  PlatformVersion: 5.14.0-427.37.1.el9_4.x86_64  CompilerName: GCC  CompilerVersion: 8.4.0
Program nu_correct, built from:
Package MNI N3, version 1.12.0, compiled by nicks@terrier (x86_64-unknown-linux-gnu) on 2015-06-19 at 01:25:34
#######################################
GCADIR /opt/freesurfer/average
GCA RB_all_2020-01-02.gca
GCASkull RB_all_withskull_2020_01_02.gca
AvgCurvTif folding.atlas.acfb40.noaparc.i12.2016-08-02.tif
GCSDIR /opt/freesurfer/average
GCS DKaparc.atlas.acfb40.noaparc.i12.2016-08-02.gcs
#######################################
#--------------------------------------
#@# CA Normalize Fri Mar  6 15:48:26 CET 2026
/out/sourcedata/freesurfer/sub-v1s10x0051124_ses-1/mri

 mri_ca_normalize -c ctrl_pts.mgz -mask brainmask.mgz nu.mgz /opt/freesurfer/average/RB_all_2020-01-02.gca transforms/talairach.lta norm.mgz 

writing control point volume to ctrl_pts.mgz
using MR volume brainmask.mgz to mask input volume...
reading 1 input volume
reading atlas from '/opt/freesurfer/average/RB_all_2020-01-02.gca'...
reading transform from 'transforms/talairach.lta'...
reading input volume from nu.mgz...
resetting wm mean[0]: 98 --> 107
resetting gm mean[0]: 61 --> 61
input volume #1 is the most T1-like
using real data threshold=24.0
skull bounding box = (64, 57, 36) --> (196, 192, 202)
finding center of left hemi white matter
using (108, 102, 119) as brain centroid of Right_Cerebral_White_Matter...
mean wm in atlas = 107, using box (92,85,99) --> (124, 118,139) to find MRI wm
before smoothing, mri peak at 107
robust fit to distribution - 106 +- 4.0
after smoothing, mri peak at 106, scaling input intensities by 1.009
scaling channel 0 by 1.00943
using 246437 sample points...
INFO: compute sample coordinates transform
 1.04995  -0.02866   0.01532  -8.57007;
 0.03032   1.02366   0.39654  -52.27153;
-0.02659  -0.31898   0.92855   45.78080;
 0.00000   0.00000   0.00000   1.00000;
INFO: transform used
finding control points in Left_Cerebral_White_Matter....
found 40230 control points for structure...
bounding box (131, 58, 36) --> (193, 176, 199)
Left_Cerebral_White_Matter: limiting intensities to 92.0 --> 132.0
5 of 6167 (0.1%) samples deleted
finding control points in Right_Cerebral_White_Matter....
found 39478 control points for structure...
bounding box (69, 58, 34) --> (131, 169, 199)
Right_Cerebral_White_Matter: limiting intensities to 93.0 --> 132.0
6 of 6104 (0.1%) samples deleted
finding control points in Left_Cerebellum_White_Matter....
found 3105 control points for structure...
bounding box (133, 145, 67) --> (179, 188, 120)
Left_Cerebellum_White_Matter: limiting intensities to 96.0 --> 132.0
143 of 202 (70.8%) samples deleted
finding control points in Right_Cerebellum_White_Matter....
found 2710 control points for structure...
bounding box (90, 145, 64) --> (132, 189, 121)
Right_Cerebellum_White_Matter: limiting intensities to 88.0 --> 132.0
81 of 198 (40.9%) samples deleted
finding control points in Brain_Stem....
found 3475 control points for structure...
bounding box (115, 132, 100) --> (148, 195, 131)
Brain_Stem: limiting intensities to 105.0 --> 132.0
111 of 145 (76.6%) samples deleted
using 12816 total control points for intensity normalization...
bias field = 0.981 +- 0.039
55 of 12470 control points discarded
finding control points in Left_Cerebral_White_Matter....
found 40230 control points for structure...
bounding box (131, 58, 36) --> (193, 176, 199)
Left_Cerebral_White_Matter: limiting intensities to 90.0 --> 132.0
7 of 6478 (0.1%) samples deleted
finding control points in Right_Cerebral_White_Matter....
found 39478 control points for structure...
bounding box (69, 58, 34) --> (131, 169, 199)
Right_Cerebral_White_Matter: limiting intensities to 91.0 --> 132.0
4 of 6377 (0.1%) samples deleted
finding control points in Left_Cerebellum_White_Matter....
found 3105 control points for structure...
bounding box (133, 145, 67) --> (179, 188, 120)
Left_Cerebellum_White_Matter: limiting intensities to 88.0 --> 132.0
188 of 287 (65.5%) samples deleted
finding control points in Right_Cerebellum_White_Matter....
found 2710 control points for structure...
bounding box (90, 145, 64) --> (132, 189, 121)
Right_Cerebellum_White_Matter: limiting intensities to 88.0 --> 132.0
236 of 291 (81.1%) samples deleted
finding control points in Brain_Stem....
found 3475 control points for structure...
bounding box (115, 132, 100) --> (148, 195, 131)
Brain_Stem: limiting intensities to 88.0 --> 132.0
92 of 227 (40.5%) samples deleted
using 13660 total control points for intensity normalization...
bias field = 1.017 +- 0.039
58 of 13050 control points discarded
finding control points in Left_Cerebral_White_Matter....
found 40230 control points for structure...
bounding box (131, 58, 36) --> (193, 176, 199)
Left_Cerebral_White_Matter: limiting intensities to 90.0 --> 132.0
5 of 6509 (0.1%) samples deleted
finding control points in Right_Cerebral_White_Matter....
found 39478 control points for structure...
bounding box (69, 58, 34) --> (131, 169, 199)
Right_Cerebral_White_Matter: limiting intensities to 91.0 --> 132.0
8 of 6382 (0.1%) samples deleted
finding control points in Left_Cerebellum_White_Matter....
found 3105 control points for structure...
bounding box (133, 145, 67) --> (179, 188, 120)
Left_Cerebellum_White_Matter: limiting intensities to 88.0 --> 132.0
230 of 316 (72.8%) samples deleted
finding control points in Right_Cerebellum_White_Matter....
found 2710 control points for structure...
bounding box (90, 145, 64) --> (132, 189, 121)
Right_Cerebellum_White_Matter: limiting intensities to 88.0 --> 132.0
286 of 325 (88.0%) samples deleted
finding control points in Brain_Stem....
found 3475 control points for structure...
bounding box (115, 132, 100) --> (148, 195, 131)
Brain_Stem: limiting intensities to 88.0 --> 132.0
116 of 340 (34.1%) samples deleted
using 13872 total control points for intensity normalization...
bias field = 1.013 +- 0.039
65 of 13059 control points discarded
writing normalized volume to norm.mgz...
writing control points to ctrl_pts.mgz
freeing GCA...done.
normalization took 1 minutes and 21 seconds.
#--------------------------------------
#@# CA Reg Fri Mar  6 15:49:48 CET 2026
/out/sourcedata/freesurfer/sub-v1s10x0051124_ses-1/mri

 mri_ca_register -nobigventricles -T transforms/talairach.lta -align-after -mask brainmask.mgz norm.mgz /opt/freesurfer/average/RB_all_2020-01-02.gca transforms/talairach.m3z 

not handling expanded ventricles...
using previously computed transform transforms/talairach.lta
renormalizing sequences with structure alignment, equivalent to:
	-renormalize
	-regularize_mean 0.500
	-regularize 0.500
using MR volume brainmask.mgz to mask input volume...

== Number of threads available to mri_ca_register for OpenMP = 16 == 
reading 1 input volumes...
logging results to talairach.log
reading input volume 'norm.mgz'...
reading GCA '/opt/freesurfer/average/RB_all_2020-01-02.gca'...
label assignment complete, 0 changed (0.00%)
freeing gibbs priors...done.
average std[0] = 5.0
Starting GCAMregister()
label assignment complete, 0 changed (0.00%)
npasses = 1, nlevels = 6
#pass# 1 of 1 ************************
enabling zero nodes
setting smoothness cost coefficient to 0.156

#GCAMreg# pass 0 level1 5 level2 0 tsec 0 sigma 2
l_jacobian=1.00 l_label=1.00 l_log_likelihood=0.20 l_smoothness=0.16 
tol=2.50e-01, dt=5.00e-02, exp_k=20.0, momentum=0.90, levels=6, niter=500, lbl_dist=10.00, avgs=256, sigma=2.0,type=2, relabel=0, neg=no

blurring input image with Gaussian with sigma=2.000...
GCAMRegisterLevel(): init RMS 0.815188
#FOTS# QuadFit found better minimum quadopt=(dt=223.851,rms=0.755866) vs oldopt=(dt=92.48,rms=0.775255)
#GCMRL#    0 dt 223.850700 rms  0.756  7.277% neg 0  invalid 762 tFOTS 5.4670 tGradient 3.3540 tsec 9.1830
#FOTS# QuadFit found better minimum quadopt=(dt=142.004,rms=0.739056) vs oldopt=(dt=92.48,rms=0.7415)
#GCMRL#    1 dt 142.004376 rms  0.739  2.224% neg 0  invalid 762 tFOTS 4.6390 tGradient 3.2870 tsec 8.3080
#GCMRL#    2 dt 369.920000 rms  0.726  1.724% neg 0  invalid 762 tFOTS 4.4470 tGradient 2.8020 tsec 7.6060
#FOTS# QuadFit found better minimum quadopt=(dt=110.976,rms=0.721236) vs oldopt=(dt=92.48,rms=0.721443)
#GCMRL#    3 dt 110.976000 rms  0.721  0.699% neg 0  invalid 762 tFOTS 4.5930 tGradient 3.0170 tsec 7.9390
#FOTS# QuadFit found better minimum quadopt=(dt=1183.74,rms=0.708993) vs oldopt=(dt=1479.68,rms=0.709473)
#GCMRL#    4 dt 1183.744000 rms  0.709  1.698% neg 0  invalid 762 tFOTS 4.9170 tGradient 2.8960 tsec 8.1360
#FOTS# QuadFit found better minimum quadopt=(dt=129.472,rms=0.70626) vs oldopt=(dt=92.48,rms=0.706458)
#GCMRL#    5 dt 129.472000 rms  0.706  0.385% neg 0  invalid 762 tFOTS 4.9970 tGradient 3.1850 tsec 8.5120
#FOTS# QuadFit found better minimum quadopt=(dt=443.904,rms=0.70374) vs oldopt=(dt=369.92,rms=0.703841)
#GCMRL#    6 dt 443.904000 rms  0.704  0.357% neg 0  invalid 762 tFOTS 4.4570 tGradient 3.0940 tsec 7.9000
#GCMRL#    7 dt  92.480000 rms  0.703  0.000% neg 0  invalid 762 tFOTS 4.9620 tGradient 2.6790 tsec 8.1140
#GCMRL#    8 dt  92.480000 rms  0.703  0.035% neg 0  invalid 762 tFOTS 0.0000 tGradient 3.0510 tsec 3.3730
#GCMRL#    9 dt  92.480000 rms  0.702  0.071% neg 0  invalid 762 tFOTS 0.0000 tGradient 2.7920 tsec 3.1510
#GCMRL#   10 dt  92.480000 rms  0.701  0.110% neg 0  invalid 762 tFOTS 0.0000 tGradient 3.1140 tsec 3.4490
#GCMRL#   11 dt  92.480000 rms  0.700  0.150% neg 0  invalid 762 tFOTS 0.0000 tGradient 3.0060 tsec 3.3520
#GCMRL#   12 dt  92.480000 rms  0.699  0.169% neg 0  invalid 762 tFOTS 0.0000 tGradient 3.2090 tsec 3.5880
#GCMRL#   13 dt  92.480000 rms  0.698  0.187% neg 0  invalid 762 tFOTS 0.0000 tGradient 3.2470 tsec 3.6140
#GCMRL#   14 dt  92.480000 rms  0.697  0.174% neg 0  invalid 762 tFOTS 0.0000 tGradient 3.1930 tsec 3.5610
#GCMRL#   15 dt  92.480000 rms  0.696  0.159% neg 0  invalid 762 tFOTS 0.0000 tGradient 2.8580 tsec 3.2510
#GCMRL#   16 dt  92.480000 rms  0.695  0.155% neg 0  invalid 762 tFOTS 0.0000 tGradient 2.9720 tsec 3.3200
#GCMRL#   17 dt  92.480000 rms  0.694  0.147% neg 0  invalid 762 tFOTS 0.0000 tGradient 3.0160 tsec 3.3620
#GCMRL#   18 dt  92.480000 rms  0.692  0.146% neg 0  invalid 762 tFOTS 0.0000 tGradient 2.9340 tsec 3.2610
#GCMRL#   19 dt  92.480000 rms  0.692  0.142% neg 0  invalid 762 tFOTS 0.0000 tGradient 2.9310 tsec 3.2810
#GCMRL#   20 dt  92.480000 rms  0.691  0.136% neg 0  invalid 762 tFOTS 0.0000 tGradient 3.2770 tsec 3.6140
#GCMRL#   21 dt  92.480000 rms  0.690  0.118% neg 0  invalid 762 tFOTS 0.0000 tGradient 3.2730 tsec 3.6150
#GCMRL#   22 dt  92.480000 rms  0.689  0.098% neg 0  invalid 762 tFOTS 0.0000 tGradient 3.2140 tsec 3.6250

#GCAMreg# pass 0 level1 5 level2 1 tsec 135.518 sigma 0.5
l_jacobian=1.00 l_label=1.00 l_log_likelihood=0.20 l_smoothness=0.16 
tol=2.50e-01, dt=5.00e-02, exp_k=20.0, momentum=0.90, levels=6, niter=500, lbl_dist=10.00, avgs=256, sigma=0.5,type=2, relabel=0, neg=no

blurring input image with Gaussian with sigma=0.500...
GCAMRegisterLevel(): init RMS 0.689653
#FOTS# QuadFit found better minimum quadopt=(dt=129.472,rms=0.688888) vs oldopt=(dt=92.48,rms=0.688925)
#GCMRL#   24 dt 129.472000 rms  0.689  0.111% neg 0  invalid 762 tFOTS 5.1900 tGradient 3.0940 tsec 8.6580
#FOTS# QuadFit found better minimum quadopt=(dt=129.472,rms=0.688771) vs oldopt=(dt=92.48,rms=0.688785)
#GCMRL#   25 dt 129.472000 rms  0.689  0.000% neg 0  invalid 762 tFOTS 5.3800 tGradient 3.5750 tsec 9.3520
#GCMRL#   26 dt 129.472000 rms  0.689  0.000% neg 0  invalid 762 tFOTS 0.0000 tGradient 2.8050 tsec 3.1350
setting smoothness cost coefficient to 0.615

#GCAMreg# pass 0 level1 4 level2 0 tsec 0 sigma 2
l_jacobian=1.00 l_label=1.00 l_log_likelihood=0.20 l_smoothness=0.62 
tol=2.50e-01, dt=5.00e-02, exp_k=20.0, momentum=0.90, levels=6, niter=500, lbl_dist=10.00, avgs=64, sigma=2.0,type=2, relabel=0, neg=no

blurring input image with Gaussian with sigma=2.000...
GCAMRegisterLevel(): init RMS 0.698689
#FOTS# QuadFit found better minimum quadopt=(dt=88.5106,rms=0.694964) vs oldopt=(dt=103.68,rms=0.695037)
#GCMRL#   28 dt  88.510638 rms  0.695  0.533% neg 0  invalid 762 tFOTS 4.9400 tGradient 2.2500 tsec 7.5550
#GCMRL#   29 dt 414.720000 rms  0.683  1.751% neg 0  invalid 762 tFOTS 4.7680 tGradient 2.2710 tsec 7.4020
#FOTS# QuadFit found better minimum quadopt=(dt=67.4595,rms=0.680639) vs oldopt=(dt=25.92,rms=0.681279)
#GCMRL#   30 dt  67.459459 rms  0.681  0.316% neg 0  invalid 762 tFOTS 5.0130 tGradient 2.2090 tsec 7.6370
#FOTS# QuadFit found better minimum quadopt=(dt=331.776,rms=0.675475) vs oldopt=(dt=414.72,rms=0.676013)
#GCMRL#   31 dt 331.776000 rms  0.675  0.759% neg 0  invalid 762 tFOTS 5.3300 tGradient 2.5370 tsec 8.2240
#FOTS# QuadFit found better minimum quadopt=(dt=31.104,rms=0.674769) vs oldopt=(dt=25.92,rms=0.674796)
#GCMRL#   32 dt  31.104000 rms  0.675  0.000% neg 0  invalid 762 tFOTS 5.2400 tGradient 2.3990 tsec 8.0350
#GCMRL#   33 dt  31.104000 rms  0.675  0.006% neg 0  invalid 762 tFOTS 0.0000 tGradient 2.4370 tsec 2.7820

#GCAMreg# pass 0 level1 4 level2 1 tsec 54.742 sigma 0.5
l_jacobian=1.00 l_label=1.00 l_log_likelihood=0.20 l_smoothness=0.62 
tol=2.50e-01, dt=5.00e-02, exp_k=20.0, momentum=0.90, levels=6, niter=500, lbl_dist=10.00, avgs=64, sigma=0.5,type=2, relabel=0, neg=no

blurring input image with Gaussian with sigma=0.500...
GCAMRegisterLevel(): init RMS 0.675279
#GCMRL#   35 dt   0.000000 rms  0.675  0.085% neg 0  invalid 762 tFOTS 5.1110 tGradient 2.9540 tsec 8.4420
setting smoothness cost coefficient to 2.353

#GCAMreg# pass 0 level1 3 level2 0 tsec 0 sigma 2
l_jacobian=1.00 l_label=1.00 l_log_likelihood=0.20 l_smoothness=2.35 
tol=2.50e-01, dt=5.00e-02, exp_k=20.0, momentum=0.90, levels=6, niter=500, lbl_dist=10.00, avgs=16, sigma=2.0,type=2, relabel=0, neg=no

blurring input image with Gaussian with sigma=2.000...
GCAMRegisterLevel(): init RMS 0.699953
#FOTS# QuadFit found better minimum quadopt=(dt=1.6,rms=0.699304) vs oldopt=(dt=2,rms=0.699307)
#GCMRL#   37 dt   1.600000 rms  0.699  0.093% neg 0  invalid 762 tFOTS 4.9410 tGradient 2.3120 tsec 7.6790
#GCMRL#   38 dt   0.500000 rms  0.699  0.000% neg 0  invalid 762 tFOTS 5.3340 tGradient 2.0960 tsec 7.8840
#GCMRL#   39 dt   0.500000 rms  0.699  0.000% neg 0  invalid 762 tFOTS 0.0000 tGradient 2.2570 tsec 2.6170

#GCAMreg# pass 0 level1 3 level2 1 tsec 30.374 sigma 0.5
l_jacobian=1.00 l_label=1.00 l_log_likelihood=0.20 l_smoothness=2.35 
tol=2.50e-01, dt=5.00e-02, exp_k=20.0, momentum=0.90, levels=6, niter=500, lbl_dist=10.00, avgs=16, sigma=0.5,type=2, relabel=0, neg=no

blurring input image with Gaussian with sigma=0.500...
GCAMRegisterLevel(): init RMS 0.699868
#GCMRL#   41 dt   0.000000 rms  0.699  0.083% neg 0  invalid 762 tFOTS 5.0200 tGradient 2.1920 tsec 7.5870
setting smoothness cost coefficient to 8.000

#GCAMreg# pass 0 level1 2 level2 0 tsec 0 sigma 2
l_jacobian=1.00 l_label=1.00 l_log_likelihood=0.20 l_smoothness=8.00 
tol=2.50e-01, dt=5.00e-02, exp_k=20.0, momentum=0.90, levels=6, niter=500, lbl_dist=10.00, avgs=4, sigma=2.0,type=2, relabel=0, neg=no

blurring input image with Gaussian with sigma=2.000...
GCAMRegisterLevel(): init RMS 0.768003
#FOTS# QuadFit found better minimum quadopt=(dt=2.85087,rms=0.750393) vs oldopt=(dt=2.88,rms=0.750394)
#GCMRL#   43 dt   2.850869 rms  0.750  2.293% neg 0  invalid 762 tFOTS 5.0570 tGradient 2.1290 tsec 7.5660
#FOTS# QuadFit found better minimum quadopt=(dt=2.09449,rms=0.748153) vs oldopt=(dt=2.88,rms=0.748452)
#GCMRL#   44 dt   2.094488 rms  0.748  0.299% neg 0  invalid 762 tFOTS 4.9670 tGradient 2.1500 tsec 7.5230
#FOTS# QuadFit found better minimum quadopt=(dt=3.456,rms=0.745351) vs oldopt=(dt=2.88,rms=0.745434)
#GCMRL#   45 dt   3.456000 rms  0.745  0.375% neg 0  invalid 762 tFOTS 5.2330 tGradient 2.1200 tsec 7.7540
#GCMRL#   46 dt   0.150000 rms  0.745  0.000% neg 0  invalid 762 tFOTS 5.0950 tGradient 2.1480 tsec 7.6690

#GCAMreg# pass 0 level1 2 level2 1 tsec 42.809 sigma 0.5
l_jacobian=1.00 l_label=1.00 l_log_likelihood=0.20 l_smoothness=8.00 
tol=2.50e-01, dt=5.00e-02, exp_k=20.0, momentum=0.90, levels=6, niter=500, lbl_dist=10.00, avgs=4, sigma=0.5,type=2, relabel=0, neg=no

blurring input image with Gaussian with sigma=0.500...
GCAMRegisterLevel(): init RMS 0.745871
#GCMRL#   48 dt   0.000000 rms  0.745  0.071% neg 0  invalid 762 tFOTS 4.5990 tGradient 2.0930 tsec 7.1210
setting smoothness cost coefficient to 20.000

#GCAMreg# pass 0 level1 1 level2 0 tsec 0 sigma 2
l_jacobian=1.00 l_label=1.00 l_log_likelihood=0.20 l_smoothness=20.00 
tol=2.50e-01, dt=5.00e-02, exp_k=20.0, momentum=0.90, levels=6, niter=500, lbl_dist=10.00, avgs=1, sigma=2.0,type=2, relabel=0, neg=no

blurring input image with Gaussian with sigma=2.000...
GCAMRegisterLevel(): init RMS 0.79696
#FOTS# QuadFit found better minimum quadopt=(dt=0.112,rms=0.796182) vs oldopt=(dt=0.08,rms=0.796226)
#GCMRL#   50 dt   0.112000 rms  0.796  0.098% neg 0  invalid 762 tFOTS 5.2190 tGradient 1.9410 tsec 7.5690
#FOTS# QuadFit found better minimum quadopt=(dt=0.192,rms=0.795897) vs oldopt=(dt=0.32,rms=0.795996)
#GCMRL#   51 dt   0.192000 rms  0.796  0.000% neg 0  invalid 762 tFOTS 5.3140 tGradient 2.0150 tsec 7.7700
#GCMRL#   52 dt   0.192000 rms  0.795  0.091% neg 0  invalid 762 tFOTS 0.0000 tGradient 2.0660 tsec 2.5100
#GCMRL#   53 dt   0.192000 rms  0.794  0.159% neg 0  invalid 762 tFOTS 0.0000 tGradient 1.8930 tsec 2.3020
#GCMRL#   54 dt   0.192000 rms  0.792  0.230% neg 0  invalid 762 tFOTS 0.0000 tGradient 2.1270 tsec 2.5370
#GCMRL#   55 dt   0.192000 rms  0.790  0.301% neg 0  invalid 762 tFOTS 0.0000 tGradient 1.9140 tsec 2.3420
#GCMRL#   56 dt   0.192000 rms  0.787  0.332% neg 0  invalid 762 tFOTS 0.0000 tGradient 1.9420 tsec 2.3620
#GCMRL#   57 dt   0.192000 rms  0.785  0.295% neg 0  invalid 762 tFOTS 0.0000 tGradient 1.8870 tsec 2.2990
#GCMRL#   58 dt   0.192000 rms  0.783  0.219% neg 0  invalid 762 tFOTS 0.0000 tGradient 1.9710 tsec 2.3870
#GCMRL#   59 dt   0.192000 rms  0.782  0.137% neg 0  invalid 762 tFOTS 0.0000 tGradient 1.6770 tsec 2.0370
#GCMRL#   60 dt   0.192000 rms  0.781  0.065% neg 0  invalid 762 tFOTS 0.0000 tGradient 1.8610 tsec 2.2870
#GCMRL#   61 dt   0.192000 rms  0.781  0.014% neg 0  invalid 762 tFOTS 0.0000 tGradient 1.9490 tsec 2.4060
#FOTS# QuadFit found better minimum quadopt=(dt=1.792,rms=0.778474) vs oldopt=(dt=1.28,rms=0.778867)
#GCMRL#   62 dt   1.792000 rms  0.778  0.367% neg 0  invalid 762 tFOTS 5.2950 tGradient 1.8530 tsec 7.5680
#FOTS# QuadFit found better minimum quadopt=(dt=0.256,rms=0.777755) vs oldopt=(dt=0.32,rms=0.777811)
#GCMRL#   63 dt   0.256000 rms  0.778  0.000% neg 0  invalid 762 tFOTS 4.8290 tGradient 1.8160 tsec 7.0490
#GCMRL#   64 dt   0.256000 rms  0.777  0.043% neg 0  invalid 762 tFOTS 0.0000 tGradient 1.7130 tsec 2.0810
#GCMRL#   65 dt   0.256000 rms  0.777  0.063% neg 0  invalid 762 tFOTS 0.0000 tGradient 1.8970 tsec 2.2630
#GCMRL#   66 dt   0.256000 rms  0.776  0.079% neg 0  invalid 762 tFOTS 0.0000 tGradient 1.7420 tsec 2.1030
#GCMRL#   67 dt   0.256000 rms  0.776  0.083% neg 0  invalid 762 tFOTS 0.0000 tGradient 1.7610 tsec 2.1350
#GCMRL#   68 dt   0.256000 rms  0.775  0.058% neg 0  invalid 762 tFOTS 0.0000 tGradient 1.8380 tsec 2.2030
#GCMRL#   69 dt   0.256000 rms  0.775  0.031% neg 0  invalid 762 tFOTS 0.0000 tGradient 1.7640 tsec 2.1560
#FOTS# QuadFit found better minimum quadopt=(dt=0.256,rms=0.774927) vs oldopt=(dt=0.32,rms=0.77493)

#GCAMreg# pass 0 level1 1 level2 1 tsec 83.043 sigma 0.5
l_jacobian=1.00 l_label=1.00 l_log_likelihood=0.20 l_smoothness=20.00 
tol=2.50e-01, dt=5.00e-02, exp_k=20.0, momentum=0.90, levels=6, niter=500, lbl_dist=10.00, avgs=1, sigma=0.5,type=2, relabel=0, neg=no

blurring input image with Gaussian with sigma=0.500...
GCAMRegisterLevel(): init RMS 0.775482
#FOTS# QuadFit found better minimum quadopt=(dt=0.384,rms=0.774666) vs oldopt=(dt=0.32,rms=0.774678)
#GCMRL#   71 dt   0.384000 rms  0.775  0.105% neg 0  invalid 762 tFOTS 5.2850 tGradient 1.7200 tsec 7.3840
#GCMRL#   72 dt   0.100000 rms  0.775  0.000% neg 0  invalid 762 tFOTS 4.3040 tGradient 1.6690 tsec 6.3720
resetting metric properties...
setting smoothness cost coefficient to 40.000

#GCAMreg# pass 0 level1 0 level2 0 tsec 0 sigma 2
l_jacobian=1.00 l_label=1.00 l_log_likelihood=0.20 l_smoothness=40.00 
tol=2.50e-01, dt=5.00e-02, exp_k=20.0, momentum=0.90, levels=6, niter=500, lbl_dist=10.00, avgs=0, sigma=2.0,type=2, relabel=0, neg=no

blurring input image with Gaussian with sigma=2.000...
GCAMRegisterLevel(): init RMS 0.753993
#FOTS# QuadFit found better minimum quadopt=(dt=0.228599,rms=0.748154) vs oldopt=(dt=0.32,rms=0.748757)
#GCMRL#   74 dt   0.228599 rms  0.748  0.774% neg 0  invalid 762 tFOTS 4.8530 tGradient 1.1680 tsec 6.4450
#FOTS# QuadFit found better minimum quadopt=(dt=0.024,rms=0.747901) vs oldopt=(dt=0.02,rms=0.747901)
#GCMRL#   75 dt   0.024000 rms  0.748  0.000% neg 0  invalid 762 tFOTS 5.1730 tGradient 1.2610 tsec 6.8510

#GCAMreg# pass 0 level1 0 level2 1 tsec 24.716 sigma 0.5
l_jacobian=1.00 l_label=1.00 l_log_likelihood=0.20 l_smoothness=40.00 
tol=2.50e-01, dt=5.00e-02, exp_k=20.0, momentum=0.90, levels=6, niter=500, lbl_dist=10.00, avgs=0, sigma=0.5,type=2, relabel=0, neg=no

blurring input image with Gaussian with sigma=0.500...
GCAMRegisterLevel(): init RMS 0.748465
#FOTS# QuadFit found better minimum quadopt=(dt=0.007,rms=0.747887) vs oldopt=(dt=0.005,rms=0.74789)
#GCMRL#   77 dt   0.007000 rms  0.748  0.077% neg 0  invalid 762 tFOTS 5.2150 tGradient 1.1860 tsec 6.7650
#FOTS# QuadFit found better minimum quadopt=(dt=0.001,rms=0.747889) vs oldopt=(dt=0.00125,rms=0.747889)
GCAMregister done in 8.0132 min
Starting GCAmapRenormalizeWithAlignment() without scales
renormalizing by structure alignment....
renormalizing input #0
gca peak = 0.10253 (16)
mri peak = 0.20654 ( 7)
Left_Lateral_Ventricle (4): linear fit = 0.31 x + 0.0 (516 voxels, overlap=0.108)
Left_Lateral_Ventricle (4): linear fit = 0.40 x + 0.0 (516 voxels, peak =  5), gca=6.4
gca peak = 0.17690 (16)
mri peak = 0.14912 ( 6)
Right_Lateral_Ventricle (43): linear fit = 0.37 x + 0.0 (434 voxels, overlap=0.005)
Right_Lateral_Ventricle (43): linear fit = 0.40 x + 0.0 (434 voxels, peak =  6), gca=6.4
gca peak = 0.28275 (96)
mri peak = 0.10200 (96)
Right_Pallidum (52): linear fit = 0.99 x + 0.0 (1048 voxels, overlap=0.956)
Right_Pallidum (52): linear fit = 0.99 x + 0.0 (1048 voxels, peak = 95), gca=94.6
gca peak = 0.18948 (93)
mri peak = 0.15643 (97)
Left_Pallidum (13): linear fit = 1.00 x + 0.0 (953 voxels, overlap=0.999)
Left_Pallidum (13): linear fit = 1.00 x + 0.0 (953 voxels, peak = 93), gca=92.5
gca peak = 0.20755 (55)
mri peak = 0.14672 (60)
Right_Hippocampus (53): linear fit = 1.04 x + 0.0 (815 voxels, overlap=0.994)
Right_Hippocampus (53): linear fit = 1.04 x + 0.0 (815 voxels, peak = 57), gca=57.5
gca peak = 0.31831 (58)
mri peak = 0.15016 (60)
Left_Hippocampus (17): linear fit = 1.01 x + 0.0 (985 voxels, overlap=0.997)
Left_Hippocampus (17): linear fit = 1.01 x + 0.0 (985 voxels, peak = 59), gca=58.9
gca peak = 0.11957 (102)
mri peak = 0.11211 (106)
Right_Cerebral_White_Matter (41): linear fit = 1.04 x + 0.0 (62432 voxels, overlap=0.576)
Right_Cerebral_White_Matter (41): linear fit = 1.04 x + 0.0 (62432 voxels, peak = 107), gca=106.6
gca peak = 0.11429 (102)
mri peak = 0.10246 (108)
Left_Cerebral_White_Matter (2): linear fit = 1.05 x + 0.0 (66064 voxels, overlap=0.597)
Left_Cerebral_White_Matter (2): linear fit = 1.05 x + 0.0 (66064 voxels, peak = 108), gca=107.6
gca peak = 0.14521 (59)
mri peak = 0.04652 (53)
Left_Cerebral_Cortex (3): linear fit = 0.89 x + 0.0 (28239 voxels, overlap=0.920)
Left_Cerebral_Cortex (3): linear fit = 0.89 x + 0.0 (28239 voxels, peak = 53), gca=52.8
gca peak = 0.14336 (58)
mri peak = 0.04766 (51)
Right_Cerebral_Cortex (42): linear fit = 0.89 x + 0.0 (28624 voxels, overlap=0.848)
Right_Cerebral_Cortex (42): linear fit = 0.89 x + 0.0 (28624 voxels, peak = 52), gca=51.9
gca peak = 0.13305 (70)
mri peak = 0.11360 (68)
Right_Caudate (50): linear fit = 0.99 x + 0.0 (1118 voxels, overlap=0.953)
Right_Caudate (50): linear fit = 0.99 x + 0.0 (1118 voxels, peak = 69), gca=69.0
gca peak = 0.15761 (71)
mri peak = 0.10511 (70)
Left_Caudate (11): linear fit = 0.94 x + 0.0 (1238 voxels, overlap=0.745)
Left_Caudate (11): linear fit = 0.94 x + 0.0 (1238 voxels, peak = 67), gca=67.1
gca peak = 0.13537 (57)
mri peak = 0.04192 (36)
Left_Cerebellum_Cortex (8): linear fit = 0.81 x + 0.0 (35062 voxels, overlap=0.224)
Left_Cerebellum_Cortex (8): linear fit = 0.81 x + 0.0 (35062 voxels, peak = 46), gca=45.9
gca peak = 0.13487 (56)
mri peak = 0.04333 (36)
Right_Cerebellum_Cortex (47): linear fit = 0.64 x + 0.0 (37970 voxels, overlap=0.070)
Right_Cerebellum_Cortex (47): linear fit = 0.64 x + 0.0 (37970 voxels, peak = 36), gca=36.1
gca peak = 0.19040 (84)
mri peak = 0.05813 (81)
Left_Cerebellum_White_Matter (7): linear fit = 0.95 x + 0.0 (10044 voxels, overlap=0.977)
Left_Cerebellum_White_Matter (7): linear fit = 0.95 x + 0.0 (10044 voxels, peak = 80), gca=80.2
gca peak = 0.18871 (83)
mri peak = 0.06415 (81)
Right_Cerebellum_White_Matter (46): linear fit = 0.99 x + 0.0 (8792 voxels, overlap=0.992)
Right_Cerebellum_White_Matter (46): linear fit = 0.99 x + 0.0 (8792 voxels, peak = 82), gca=81.8
gca peak = 0.24248 (57)
mri peak = 0.15909 (60)
Left_Amygdala (18): linear fit = 0.99 x + 0.0 (410 voxels, overlap=0.997)
Left_Amygdala (18): linear fit = 0.99 x + 0.0 (410 voxels, peak = 56), gca=56.1
gca peak = 0.35833 (56)
mri peak = 0.10841 (60)
Right_Amygdala (54): linear fit = 1.04 x + 0.0 (568 voxels, overlap=1.000)
Right_Amygdala (54): linear fit = 1.04 x + 0.0 (568 voxels, peak = 59), gca=58.5
gca peak = 0.12897 (85)
mri peak = 0.06221 (87)
Left_Thalamus (10): linear fit = 1.01 x + 0.0 (5809 voxels, overlap=0.996)
Left_Thalamus (10): linear fit = 1.01 x + 0.0 (5809 voxels, peak = 86), gca=86.3
gca peak = 0.13127 (83)
mri peak = 0.06736 (84)
Right_Thalamus (49): linear fit = 1.01 x + 0.0 (4985 voxels, overlap=0.920)
Right_Thalamus (49): linear fit = 1.01 x + 0.0 (4985 voxels, peak = 84), gca=84.2
gca peak = 0.12974 (78)
mri peak = 0.08835 (83)
Left_Putamen (12): linear fit = 1.04 x + 0.0 (2558 voxels, overlap=0.985)
Left_Putamen (12): linear fit = 1.04 x + 0.0 (2558 voxels, peak = 82), gca=81.5
gca peak = 0.17796 (79)
mri peak = 0.07562 (84)
Right_Putamen (51): linear fit = 1.04 x + 0.0 (2777 voxels, overlap=0.996)
Right_Putamen (51): linear fit = 1.04 x + 0.0 (2777 voxels, peak = 83), gca=82.6
gca peak = 0.10999 (80)
mri peak = 0.06801 (92)
Brain_Stem (16): linear fit = 1.15 x + 0.0 (13699 voxels, overlap=0.417)
Brain_Stem (16): linear fit = 1.15 x + 0.0 (13699 voxels, peak = 92), gca=92.4
gca peak = 0.13215 (88)
mri peak = 0.05349 (95)
Right_VentralDC (60): linear fit = 1.13 x + 0.0 (1195 voxels, overlap=0.539)
Right_VentralDC (60): linear fit = 1.13 x + 0.0 (1195 voxels, peak = 100), gca=99.9
gca peak = 0.11941 (89)
mri peak = 0.05501 (87)
Left_VentralDC (28): linear fit = 1.16 x + 0.0 (1404 voxels, overlap=0.639)
Left_VentralDC (28): linear fit = 1.16 x + 0.0 (1404 voxels, peak = 104), gca=103.7
gca peak = 0.20775 (25)
mri peak = 0.10534 (12)
gca peak = 0.13297 (21)
mri peak = 0.25118 ( 7)
Fourth_Ventricle (15): linear fit = 0.34 x + 0.0 (226 voxels, overlap=0.089)
Fourth_Ventricle (15): linear fit = 0.34 x + 0.0 (226 voxels, peak =  7), gca=7.0
gca peak Unknown = 0.94777 ( 0)
gca peak Left_Inf_Lat_Vent = 0.19087 (28)
gca peak Third_Ventricle = 0.20775 (25)
gca peak Fourth_Ventricle = 0.13297 (21)
gca peak CSF = 0.16821 (33)
gca peak Left_Accumbens_area = 0.32850 (63)
gca peak Left_undetermined = 0.98480 (28)
gca peak Left_vessel = 0.40887 (53)
gca peak Left_choroid_plexus = 0.10898 (46)
gca peak Right_Inf_Lat_Vent = 0.17798 (26)
gca peak Right_Cerebellum_Cortex = 0.13487 (56)
gca peak Right_Accumbens_area = 0.30137 (64)
gca peak Right_vessel = 0.47828 (52)
gca peak Right_choroid_plexus = 0.11612 (45)
gca peak Fifth_Ventricle = 0.59466 (35)
gca peak WM_hypointensities = 0.10053 (78)
gca peak non_WM_hypointensities = 0.07253 (60)
gca peak Optic_Chiasm = 0.25330 (73)
not using caudate to estimate GM means
setting label Right_Cerebellum_Cortex based on Left_Cerebellum_Cortex = 0.81 x +  0: 46
estimating mean gm scale to be 0.98 x + 0.0
estimating mean wm scale to be 1.05 x + 0.0
estimating mean csf scale to be 0.40 x + 0.0
saving intensity scales to talairach.label_intensities.txt
GCAmapRenormalizeWithAlignment() took 3.4559 min
noneg pre
Starting GCAMregister()
label assignment complete, 0 changed (0.00%)
npasses = 1, nlevels = 6
#pass# 1 of 1 ************************
enabling zero nodes
setting smoothness cost coefficient to 0.008

#GCAMreg# pass 0 level1 5 level2 0 tsec 0 sigma 2
l_jacobian=1.00 l_label=1.00 l_log_likelihood=0.20 l_smoothness=0.01 
tol=5.00e-02, dt=5.00e-02, exp_k=20.0, momentum=0.90, levels=6, niter=500, lbl_dist=10.00, avgs=256, sigma=2.0,type=2, relabel=0, neg=no

blurring input image with Gaussian with sigma=2.000...
GCAMRegisterLevel(): init RMS 0.789867
#FOTS# QuadFit found better minimum quadopt=(dt=228.769,rms=0.76428) vs oldopt=(dt=369.92,rms=0.771522)
#GCMRL#   79 dt 228.769326 rms  0.764  3.239% neg 0  invalid 762 tFOTS 4.8240 tGradient 2.5110 tsec 7.7370
#FOTS# QuadFit found better minimum quadopt=(dt=187.183,rms=0.757633) vs oldopt=(dt=92.48,rms=0.7597)
#GCMRL#   80 dt 187.182796 rms  0.758  0.870% neg 0  invalid 762 tFOTS 5.1400 tGradient 2.7890 tsec 8.3550
#FOTS# QuadFit found better minimum quadopt=(dt=295.936,rms=0.75139) vs oldopt=(dt=369.92,rms=0.752113)
#GCMRL#   81 dt 295.936000 rms  0.751  0.824% neg 0  invalid 762 tFOTS 5.0440 tGradient 2.6230 tsec 8.0780
#FOTS# QuadFit found better minimum quadopt=(dt=110.976,rms=0.748177) vs oldopt=(dt=92.48,rms=0.748298)
#GCMRL#   82 dt 110.976000 rms  0.748  0.428% neg 0  invalid 762 tFOTS 5.6790 tGradient 2.8210 tsec 8.9200
#FOTS# QuadFit found better minimum quadopt=(dt=887.808,rms=0.740434) vs oldopt=(dt=1479.68,rms=0.742916)
#GCMRL#   83 dt 887.808000 rms  0.740  1.035% neg 0  invalid 762 tFOTS 5.2490 tGradient 2.9930 tsec 8.6190
#GCMRL#   84 dt  92.480000 rms  0.737  0.399% neg 0  invalid 762 tFOTS 5.7260 tGradient 2.7910 tsec 8.8770
#GCMRL#   85 dt 1479.680000 rms  0.733  0.642% neg 0  invalid 762 tFOTS 5.0990 tGradient 2.7770 tsec 8.2770
#FOTS# QuadFit found better minimum quadopt=(dt=129.472,rms=0.730111) vs oldopt=(dt=92.48,rms=0.730341)
#GCMRL#   86 dt 129.472000 rms  0.730  0.359% neg 0  invalid 762 tFOTS 4.7850 tGradient 2.4430 tsec 7.5870
#FOTS# QuadFit found better minimum quadopt=(dt=443.904,rms=0.728595) vs oldopt=(dt=369.92,rms=0.728602)
#GCMRL#   87 dt 443.904000 rms  0.729  0.208% neg 0  invalid 762 tFOTS 5.1430 tGradient 2.4930 tsec 8.0500
#FOTS# QuadFit found better minimum quadopt=(dt=110.976,rms=0.728019) vs oldopt=(dt=92.48,rms=0.728028)
#GCMRL#   88 dt 110.976000 rms  0.728  0.079% neg 0  invalid 762 tFOTS 5.4150 tGradient 2.9060 tsec 8.6810
#FOTS# QuadFit found better minimum quadopt=(dt=887.808,rms=0.726788) vs oldopt=(dt=1479.68,rms=0.726903)
#GCMRL#   89 dt 887.808000 rms  0.727  0.169% neg 0  invalid 762 tFOTS 5.0830 tGradient 2.4410 tsec 7.9040
#FOTS# QuadFit found better minimum quadopt=(dt=129.472,rms=0.725754) vs oldopt=(dt=92.48,rms=0.72588)
#GCMRL#   90 dt 129.472000 rms  0.726  0.142% neg 0  invalid 762 tFOTS 5.2350 tGradient 2.5740 tsec 8.1890
#FOTS# QuadFit found better minimum quadopt=(dt=443.904,rms=0.725008) vs oldopt=(dt=369.92,rms=0.72502)
#GCMRL#   91 dt 443.904000 rms  0.725  0.103% neg 0  invalid 762 tFOTS 5.5670 tGradient 2.5440 tsec 8.5170
#FOTS# QuadFit found better minimum quadopt=(dt=110.976,rms=0.724504) vs oldopt=(dt=92.48,rms=0.724521)
#GCMRL#   92 dt 110.976000 rms  0.725  0.069% neg 0  invalid 762 tFOTS 4.9110 tGradient 2.7470 tsec 8.0360
#FOTS# QuadFit found better minimum quadopt=(dt=517.888,rms=0.723925) vs oldopt=(dt=369.92,rms=0.724028)
#GCMRL#   93 dt 517.888000 rms  0.724  0.080% neg 0  invalid 762 tFOTS 5.3330 tGradient 2.5310 tsec 8.2930
#FOTS# QuadFit found better minimum quadopt=(dt=129.472,rms=0.723468) vs oldopt=(dt=92.48,rms=0.723535)
#GCMRL#   94 dt 129.472000 rms  0.723  0.063% neg 0  invalid 762 tFOTS 4.8990 tGradient 2.5690 tsec 7.8410
#FOTS# QuadFit found better minimum quadopt=(dt=295.936,rms=0.723096) vs oldopt=(dt=369.92,rms=0.723098)
#GCMRL#   95 dt 295.936000 rms  0.723  0.052% neg 0  invalid 762 tFOTS 5.2040 tGradient 2.5320 tsec 8.1020
#FOTS# QuadFit found better minimum quadopt=(dt=129.472,rms=0.722787) vs oldopt=(dt=92.48,rms=0.722827)
#GCMRL#   96 dt 129.472000 rms  0.723  0.000% neg 0  invalid 762 tFOTS 4.8130 tGradient 2.5090 tsec 7.7190
#GCMRL#   97 dt 129.472000 rms  0.723  0.028% neg 0  invalid 762 tFOTS 0.0000 tGradient 2.5820 tsec 2.9340
#GCMRL#   98 dt 129.472000 rms  0.722  0.048% neg 0  invalid 762 tFOTS 0.0000 tGradient 2.6250 tsec 2.9670
#GCMRL#   99 dt 129.472000 rms  0.722  0.074% neg 0  invalid 762 tFOTS 0.0000 tGradient 2.5620 tsec 2.9010
#GCMRL#  100 dt 129.472000 rms  0.721  0.086% neg 0  invalid 762 tFOTS 0.0000 tGradient 2.5960 tsec 2.9290
#GCMRL#  101 dt 129.472000 rms  0.720  0.101% neg 0  invalid 762 tFOTS 0.0000 tGradient 2.4970 tsec 2.8350
#GCMRL#  102 dt 129.472000 rms  0.720  0.112% neg 0  invalid 762 tFOTS 0.0000 tGradient 2.4970 tsec 2.8410
#GCMRL#  103 dt 129.472000 rms  0.719  0.116% neg 0  invalid 762 tFOTS 0.0000 tGradient 2.5410 tsec 2.8800
#GCMRL#  104 dt 129.472000 rms  0.718  0.121% neg 0  invalid 762 tFOTS 0.0000 tGradient 2.4890 tsec 2.8280
#GCMRL#  105 dt 129.472000 rms  0.717  0.113% neg 0  invalid 762 tFOTS 0.0000 tGradient 2.5290 tsec 2.8730
#GCMRL#  106 dt 129.472000 rms  0.716  0.105% neg 0  invalid 762 tFOTS 0.0000 tGradient 2.4080 tsec 2.7520
#GCMRL#  107 dt 129.472000 rms  0.716  0.103% neg 0  invalid 762 tFOTS 0.0000 tGradient 2.8650 tsec 3.2530
#GCMRL#  108 dt 129.472000 rms  0.715  0.103% neg 0  invalid 762 tFOTS 0.0000 tGradient 2.4890 tsec 2.8320
#GCMRL#  109 dt 129.472000 rms  0.714  0.102% neg 0  invalid 762 tFOTS 0.0000 tGradient 2.5080 tsec 2.8420
#GCMRL#  110 dt 129.472000 rms  0.713  0.092% neg 0  invalid 762 tFOTS 0.0000 tGradient 2.5070 tsec 2.8430
#GCMRL#  111 dt 129.472000 rms  0.713  0.091% neg 0  invalid 762 tFOTS 0.0000 tGradient 2.4600 tsec 2.8010
#GCMRL#  112 dt 129.472000 rms  0.712  0.090% neg 0  invalid 762 tFOTS 0.0000 tGradient 2.4960 tsec 2.8370
#GCMRL#  113 dt 129.472000 rms  0.711  0.095% neg 0  invalid 762 tFOTS 0.0000 tGradient 2.4590 tsec 2.8050
#GCMRL#  114 dt 129.472000 rms  0.711  0.096% neg 0  invalid 762 tFOTS 0.0000 tGradient 2.4420 tsec 2.7820
#GCMRL#  115 dt 129.472000 rms  0.710  0.094% neg 0  invalid 762 tFOTS 0.0000 tGradient 2.5310 tsec 2.8670
#GCMRL#  116 dt 129.472000 rms  0.709  0.092% neg 0  invalid 762 tFOTS 0.0000 tGradient 2.5580 tsec 2.8870
#GCMRL#  117 dt 129.472000 rms  0.709  0.086% neg 0  invalid 762 tFOTS 0.0000 tGradient 2.4040 tsec 2.7440
#GCMRL#  118 dt 129.472000 rms  0.708  0.084% neg 0  invalid 762 tFOTS 0.0000 tGradient 2.4450 tsec 2.7880
#GCMRL#  119 dt 129.472000 rms  0.708  0.083% neg 0  invalid 762 tFOTS 0.0000 tGradient 2.6230 tsec 2.9560
#GCMRL#  120 dt 129.472000 rms  0.707  0.081% neg 0  invalid 762 tFOTS 0.0000 tGradient 2.4180 tsec 2.7520
#GCMRL#  121 dt 129.472000 rms  0.707  0.073% neg 0  invalid 762 tFOTS 0.0000 tGradient 2.5860 tsec 2.9310
#GCMRL#  122 dt 129.472000 rms  0.706  0.069% neg 0  invalid 762 tFOTS 0.0000 tGradient 2.5040 tsec 2.8730
#GCMRL#  123 dt 129.472000 rms  0.706  0.066% neg 0  invalid 762 tFOTS 0.0000 tGradient 2.7860 tsec 3.1260
#GCMRL#  124 dt 129.472000 rms  0.705  0.066% neg 0  invalid 762 tFOTS 0.0000 tGradient 2.5300 tsec 2.8480
#GCMRL#  125 dt 129.472000 rms  0.705  0.061% neg 0  invalid 762 tFOTS 0.0000 tGradient 2.4780 tsec 2.8100
#GCMRL#  126 dt 129.472000 rms  0.704  0.056% neg 0  invalid 762 tFOTS 0.0000 tGradient 2.7180 tsec 3.1180
#GCMRL#  127 dt 129.472000 rms  0.704  0.052% neg 0  invalid 762 tFOTS 0.0000 tGradient 2.4490 tsec 2.7940
#GCMRL#  128 dt 129.472000 rms  0.704  0.054% neg 0  invalid 762 tFOTS 0.0000 tGradient 2.4120 tsec 2.7510
#GCMRL#  129 dt 129.472000 rms  0.703  0.052% neg 0  invalid 762 tFOTS 0.0000 tGradient 2.6440 tsec 2.9930
#GCMRL#  130 dt 129.472000 rms  0.703  0.055% neg 0  invalid 762 tFOTS 0.0000 tGradient 2.4210 tsec 2.7680
#GCMRL#  131 dt 129.472000 rms  0.702  0.052% neg 0  invalid 762 tFOTS 0.0000 tGradient 2.5780 tsec 2.9210
#GCMRL#  132 dt 129.472000 rms  0.702  0.050% neg 0  invalid 762 tFOTS 0.0000 tGradient 2.5780 tsec 2.9020
#GCMRL#  133 dt 129.472000 rms  0.702  0.048% neg 0  invalid 762 tFOTS 0.0000 tGradient 2.5620 tsec 2.8850
#GCMRL#  134 dt 129.472000 rms  0.701  0.047% neg 0  invalid 762 tFOTS 0.0000 tGradient 2.4640 tsec 2.8090
#GCMRL#  135 dt 129.472000 rms  0.701  0.049% neg 0  invalid 762 tFOTS 0.0000 tGradient 2.5510 tsec 2.8950
#GCMRL#  136 dt 129.472000 rms  0.701  0.052% neg 0  invalid 762 tFOTS 0.0000 tGradient 2.4680 tsec 2.8110
#GCMRL#  137 dt 129.472000 rms  0.700  0.048% neg 0  invalid 762 tFOTS 0.0000 tGradient 2.7180 tsec 3.0730
#GCMRL#  138 dt 129.472000 rms  0.700  0.039% neg 0  invalid 762 tFOTS 0.0000 tGradient 2.5440 tsec 2.8960
#GCMRL#  139 dt 129.472000 rms  0.700  0.042% neg 0  invalid 762 tFOTS 0.0000 tGradient 2.4950 tsec 2.8480
#GCMRL#  140 dt 129.472000 rms  0.700  0.040% neg 0  invalid 762 tFOTS 0.0000 tGradient 2.5120 tsec 2.8530
#GCMRL#  141 dt 129.472000 rms  0.699  0.044% neg 0  invalid 762 tFOTS 0.0000 tGradient 2.4870 tsec 2.8330
#GCMRL#  142 dt 129.472000 rms  0.699  0.042% neg 0  invalid 762 tFOTS 0.0000 tGradient 2.4390 tsec 2.7850
#GCMRL#  143 dt 129.472000 rms  0.699  0.039% neg 0  invalid 762 tFOTS 0.0000 tGradient 2.5670 tsec 2.9190
#GCMRL#  144 dt 129.472000 rms  0.698  0.031% neg 0  invalid 762 tFOTS 0.0000 tGradient 2.5030 tsec 2.8570
#GCMRL#  145 dt 129.472000 rms  0.698  0.041% neg 0  invalid 762 tFOTS 0.0000 tGradient 2.5260 tsec 2.8800
#GCMRL#  146 dt 129.472000 rms  0.698  0.036% neg 0  invalid 762 tFOTS 0.0000 tGradient 2.5280 tsec 2.8770
#GCMRL#  147 dt 129.472000 rms  0.698  0.030% neg 0  invalid 762 tFOTS 0.0000 tGradient 2.8080 tsec 3.1580
#GCMRL#  148 dt 129.472000 rms  0.697  0.032% neg 0  invalid 762 tFOTS 0.0000 tGradient 2.4790 tsec 2.8300
#GCMRL#  149 dt 129.472000 rms  0.697  0.028% neg 0  invalid 762 tFOTS 0.0000 tGradient 2.4030 tsec 2.7520
#GCMRL#  150 dt 129.472000 rms  0.697  0.040% neg 0  invalid 762 tFOTS 0.0000 tGradient 2.4650 tsec 2.8440
#GCMRL#  151 dt 129.472000 rms  0.697  0.036% neg 0  invalid 762 tFOTS 0.0000 tGradient 3.1280 tsec 3.5340
#GCMRL#  152 dt 129.472000 rms  0.697  0.021% neg 0  invalid 762 tFOTS 0.0000 tGradient 2.4980 tsec 2.8490
#GCMRL#  153 dt 129.472000 rms  0.696  0.019% neg 0  invalid 762 tFOTS 0.0000 tGradient 2.6150 tsec 2.9930
#FOTS# QuadFit found better minimum quadopt=(dt=1183.74,rms=0.696076) vs oldopt=(dt=1479.68,rms=0.696117)
#GCMRL#  154 dt 1183.744000 rms  0.696  0.054% neg 0  invalid 762 tFOTS 5.3670 tGradient 2.4870 tsec 8.2580
#FOTS# QuadFit found better minimum quadopt=(dt=32.368,rms=0.696033) vs oldopt=(dt=23.12,rms=0.696037)
#GCMRL#  155 dt  32.368000 rms  0.696  0.000% neg 0  invalid 762 tFOTS 5.3810 tGradient 2.5240 tsec 8.3070

#GCAMreg# pass 0 level1 5 level2 1 tsec 341.657 sigma 0.5
l_jacobian=1.00 l_label=1.00 l_log_likelihood=0.20 l_smoothness=0.01 
tol=5.00e-02, dt=5.00e-02, exp_k=20.0, momentum=0.90, levels=6, niter=500, lbl_dist=10.00, avgs=256, sigma=0.5,type=2, relabel=0, neg=no

blurring input image with Gaussian with sigma=0.500...
GCAMRegisterLevel(): init RMS 0.696707
#FOTS# QuadFit found better minimum quadopt=(dt=221.952,rms=0.695431) vs oldopt=(dt=369.92,rms=0.695617)
#GCMRL#  157 dt 221.952000 rms  0.695  0.183% neg 0  invalid 762 tFOTS 5.0620 tGradient 2.6490 tsec 8.0870
#FOTS# QuadFit found better minimum quadopt=(dt=517.888,rms=0.69489) vs oldopt=(dt=369.92,rms=0.694932)
#GCMRL#  158 dt 517.888000 rms  0.695  0.078% neg 0  invalid 762 tFOTS 5.4700 tGradient 2.6540 tsec 8.4930
#FOTS# QuadFit found better minimum quadopt=(dt=129.472,rms=0.694731) vs oldopt=(dt=92.48,rms=0.694745)
#GCMRL#  159 dt 129.472000 rms  0.695  0.000% neg 0  invalid 762 tFOTS 5.0220 tGradient 2.5010 tsec 7.9240
#GCMRL#  160 dt 129.472000 rms  0.695  0.006% neg 0  invalid 762 tFOTS 0.0000 tGradient 2.3930 tsec 2.7400
#GCMRL#  161 dt 129.472000 rms  0.695  0.015% neg 0  invalid 762 tFOTS 0.0000 tGradient 2.5260 tsec 2.8630
#GCMRL#  162 dt 129.472000 rms  0.694  0.028% neg 0  invalid 762 tFOTS 0.0000 tGradient 2.4600 tsec 2.7940
#GCMRL#  163 dt 129.472000 rms  0.694  0.027% neg 0  invalid 762 tFOTS 0.0000 tGradient 2.4160 tsec 2.7380
#GCMRL#  164 dt 129.472000 rms  0.694  0.032% neg 0  invalid 762 tFOTS 0.0000 tGradient 2.8170 tsec 3.1860
#GCMRL#  165 dt 129.472000 rms  0.694  0.029% neg 0  invalid 762 tFOTS 0.0000 tGradient 2.6590 tsec 2.9950
#GCMRL#  166 dt 129.472000 rms  0.694  0.031% neg 0  invalid 762 tFOTS 0.0000 tGradient 2.5860 tsec 2.9220
#GCMRL#  167 dt 129.472000 rms  0.693  0.030% neg 0  invalid 762 tFOTS 0.0000 tGradient 2.5330 tsec 2.8760
#GCMRL#  168 dt 129.472000 rms  0.693  0.031% neg 0  invalid 762 tFOTS 0.0000 tGradient 2.5010 tsec 2.8460
#GCMRL#  169 dt 129.472000 rms  0.693  0.028% neg 0  invalid 762 tFOTS 0.0000 tGradient 2.5650 tsec 2.9030
#GCMRL#  170 dt 129.472000 rms  0.693  0.025% neg 0  invalid 762 tFOTS 0.0000 tGradient 2.5280 tsec 2.8700
#GCMRL#  171 dt 129.472000 rms  0.693  0.020% neg 0  invalid 762 tFOTS 0.0000 tGradient 2.5600 tsec 2.9370
#FOTS# QuadFit found better minimum quadopt=(dt=517.888,rms=0.692448) vs oldopt=(dt=369.92,rms=0.69248)
#GCMRL#  172 dt 517.888000 rms  0.692  0.026% neg 0  invalid 762 tFOTS 5.2180 tGradient 2.4450 tsec 8.0280
#FOTS# QuadFit found better minimum quadopt=(dt=13.872,rms=0.692447) vs oldopt=(dt=23.12,rms=0.692447)
#GCMRL#  173 dt  13.872000 rms  0.692  0.000% neg 0  invalid 762 tFOTS 5.4710 tGradient 2.5890 tsec 8.4530
#GCMRL#  174 dt  13.872000 rms  0.692  0.001% neg 0  invalid 762 tFOTS 0.0000 tGradient 2.6490 tsec 2.9900
setting smoothness cost coefficient to 0.031

#GCAMreg# pass 0 level1 4 level2 0 tsec 0 sigma 2
l_jacobian=1.00 l_label=1.00 l_log_likelihood=0.20 l_smoothness=0.03 
tol=5.00e-02, dt=5.00e-02, exp_k=20.0, momentum=0.90, levels=6, niter=500, lbl_dist=10.00, avgs=64, sigma=2.0,type=2, relabel=0, neg=no

blurring input image with Gaussian with sigma=2.000...
GCAMRegisterLevel(): init RMS 0.694644
#FOTS# QuadFit found better minimum quadopt=(dt=145.152,rms=0.688314) vs oldopt=(dt=103.68,rms=0.689348)
#GCMRL#  176 dt 145.152000 rms  0.688  0.911% neg 0  invalid 762 tFOTS 4.8700 tGradient 2.1200 tsec 7.3490
#GCMRL#  177 dt 414.720000 rms  0.674  2.092% neg 0  invalid 762 tFOTS 4.8750 tGradient 2.0500 tsec 7.2940
#FOTS# QuadFit found better minimum quadopt=(dt=64.5079,rms=0.667006) vs oldopt=(dt=25.92,rms=0.669019)
#GCMRL#  178 dt  64.507937 rms  0.667  1.025% neg 0  invalid 762 tFOTS 5.0020 tGradient 2.1300 tsec 7.4930
#FOTS# QuadFit found better minimum quadopt=(dt=145.152,rms=0.663904) vs oldopt=(dt=103.68,rms=0.664362)
#GCMRL#  179 dt 145.152000 rms  0.664  0.465% neg 0  invalid 762 tFOTS 4.8170 tGradient 2.2410 tsec 7.4140
#FOTS# QuadFit found better minimum quadopt=(dt=122.909,rms=0.661306) vs oldopt=(dt=103.68,rms=0.661356)
#GCMRL#  180 dt 122.909091 rms  0.661  0.391% neg 0  invalid 762 tFOTS 5.1140 tGradient 2.1570 tsec 7.6300
#FOTS# QuadFit found better minimum quadopt=(dt=82.8825,rms=0.658684) vs oldopt=(dt=103.68,rms=0.658847)
#GCMRL#  181 dt  82.882507 rms  0.659  0.397% neg 0  invalid 762 tFOTS 4.8230 tGradient 2.2740 tsec 7.4550
#FOTS# QuadFit found better minimum quadopt=(dt=100.431,rms=0.657156) vs oldopt=(dt=103.68,rms=0.657164)
#GCMRL#  182 dt 100.430769 rms  0.657  0.232% neg 0  invalid 762 tFOTS 5.1180 tGradient 2.1740 tsec 7.6530
#FOTS# QuadFit found better minimum quadopt=(dt=112.268,rms=0.654918) vs oldopt=(dt=103.68,rms=0.654922)
#GCMRL#  183 dt 112.268156 rms  0.655  0.341% neg 0  invalid 762 tFOTS 5.0870 tGradient 2.1610 tsec 7.6110
#FOTS# QuadFit found better minimum quadopt=(dt=64.2591,rms=0.653476) vs oldopt=(dt=103.68,rms=0.653834)
#GCMRL#  184 dt  64.259109 rms  0.653  0.220% neg 0  invalid 762 tFOTS 4.8510 tGradient 2.2390 tsec 7.4520
#FOTS# QuadFit found better minimum quadopt=(dt=331.776,rms=0.650376) vs oldopt=(dt=414.72,rms=0.650803)
#GCMRL#  185 dt 331.776000 rms  0.650  0.474% neg 0  invalid 762 tFOTS 4.8300 tGradient 2.1880 tsec 7.3760
#FOTS# QuadFit found better minimum quadopt=(dt=64,rms=0.647683) vs oldopt=(dt=25.92,rms=0.648218)
#GCMRL#  186 dt  64.000000 rms  0.648  0.414% neg 0  invalid 762 tFOTS 4.8560 tGradient 2.1360 tsec 7.3530
#FOTS# QuadFit found better minimum quadopt=(dt=124.416,rms=0.64608) vs oldopt=(dt=103.68,rms=0.646088)
#GCMRL#  187 dt 124.416000 rms  0.646  0.247% neg 0  invalid 762 tFOTS 4.7950 tGradient 2.1140 tsec 7.2670
#FOTS# QuadFit found better minimum quadopt=(dt=36.288,rms=0.645192) vs oldopt=(dt=25.92,rms=0.645364)
#GCMRL#  188 dt  36.288000 rms  0.645  0.138% neg 0  invalid 762 tFOTS 4.5350 tGradient 2.2570 tsec 7.1540
#FOTS# QuadFit found better minimum quadopt=(dt=331.776,rms=0.643143) vs oldopt=(dt=414.72,rms=0.643257)
#GCMRL#  189 dt 331.776000 rms  0.643  0.317% neg 0  invalid 762 tFOTS 4.8180 tGradient 2.1430 tsec 7.3200
#FOTS# QuadFit found better minimum quadopt=(dt=36.288,rms=0.641263) vs oldopt=(dt=25.92,rms=0.641647)
#GCMRL#  190 dt  36.288000 rms  0.641  0.292% neg 0  invalid 762 tFOTS 4.8170 tGradient 2.1190 tsec 7.2980
#FOTS# QuadFit found better minimum quadopt=(dt=145.152,rms=0.639999) vs oldopt=(dt=103.68,rms=0.640151)
#GCMRL#  191 dt 145.152000 rms  0.640  0.197% neg 0  invalid 762 tFOTS 4.5430 tGradient 2.3000 tsec 7.2030
#FOTS# QuadFit found better minimum quadopt=(dt=36.288,rms=0.639407) vs oldopt=(dt=25.92,rms=0.639537)
#GCMRL#  192 dt  36.288000 rms  0.639  0.092% neg 0  invalid 762 tFOTS 4.6060 tGradient 2.1530 tsec 7.1180
#GCMRL#  193 dt 414.720000 rms  0.637  0.325% neg 0  invalid 762 tFOTS 4.8610 tGradient 2.1490 tsec 7.3690
#FOTS# QuadFit found better minimum quadopt=(dt=36.288,rms=0.635607) vs oldopt=(dt=25.92,rms=0.635944)
#GCMRL#  194 dt  36.288000 rms  0.636  0.271% neg 0  invalid 762 tFOTS 4.9220 tGradient 2.1360 tsec 7.4170
#FOTS# QuadFit found better minimum quadopt=(dt=145.152,rms=0.634727) vs oldopt=(dt=103.68,rms=0.634778)
#GCMRL#  195 dt 145.152000 rms  0.635  0.138% neg 0  invalid 762 tFOTS 4.9850 tGradient 2.1310 tsec 7.5290
#FOTS# QuadFit found better minimum quadopt=(dt=62.208,rms=0.633936) vs oldopt=(dt=103.68,rms=0.634222)
#GCMRL#  196 dt  62.208000 rms  0.634  0.125% neg 0  invalid 762 tFOTS 5.0950 tGradient 2.2100 tsec 7.7070
#FOTS# QuadFit found better minimum quadopt=(dt=145.152,rms=0.632969) vs oldopt=(dt=103.68,rms=0.63314)
#GCMRL#  197 dt 145.152000 rms  0.633  0.153% neg 0  invalid 762 tFOTS 5.4090 tGradient 2.5990 tsec 8.3700
#FOTS# QuadFit found better minimum quadopt=(dt=62.208,rms=0.63246) vs oldopt=(dt=103.68,rms=0.632553)
#GCMRL#  198 dt  62.208000 rms  0.632  0.080% neg 0  invalid 762 tFOTS 4.7680 tGradient 2.0900 tsec 7.2070
#FOTS# QuadFit found better minimum quadopt=(dt=331.776,rms=0.630987) vs oldopt=(dt=414.72,rms=0.631078)
#GCMRL#  199 dt 331.776000 rms  0.631  0.233% neg 0  invalid 762 tFOTS 4.9060 tGradient 2.1590 tsec 7.4690
#FOTS# QuadFit found better minimum quadopt=(dt=36.288,rms=0.629976) vs oldopt=(dt=25.92,rms=0.630121)
#GCMRL#  200 dt  36.288000 rms  0.630  0.160% neg 0  invalid 762 tFOTS 4.8490 tGradient 2.3070 tsec 7.5030
#FOTS# QuadFit found better minimum quadopt=(dt=145.152,rms=0.629505) vs oldopt=(dt=103.68,rms=0.629533)
#GCMRL#  201 dt 145.152000 rms  0.630  0.075% neg 0  invalid 762 tFOTS 4.9730 tGradient 2.0650 tsec 7.4630
#FOTS# QuadFit found better minimum quadopt=(dt=82.944,rms=0.628725) vs oldopt=(dt=103.68,rms=0.628799)
#GCMRL#  202 dt  82.944000 rms  0.629  0.124% neg 0  invalid 762 tFOTS 5.0360 tGradient 2.2530 tsec 7.6560
#FOTS# QuadFit found better minimum quadopt=(dt=36.288,rms=0.628452) vs oldopt=(dt=25.92,rms=0.628505)
#GCMRL#  203 dt  36.288000 rms  0.628  0.000% neg 0  invalid 762 tFOTS 5.2770 tGradient 2.1630 tsec 7.8250
#GCMRL#  204 dt  36.288000 rms  0.628  0.027% neg 0  invalid 762 tFOTS 0.0000 tGradient 2.0980 tsec 2.4970
#GCMRL#  205 dt  36.288000 rms  0.628  0.053% neg 0  invalid 762 tFOTS 0.0000 tGradient 2.2310 tsec 2.5820
#GCMRL#  206 dt  36.288000 rms  0.627  0.083% neg 0  invalid 762 tFOTS 0.0000 tGradient 2.1410 tsec 2.4860
#GCMRL#  207 dt  36.288000 rms  0.627  0.107% neg 0  invalid 762 tFOTS 0.0000 tGradient 2.2080 tsec 2.5550
#GCMRL#  208 dt  36.288000 rms  0.626  0.117% neg 0  invalid 762 tFOTS 0.0000 tGradient 2.1800 tsec 2.5260
#GCMRL#  209 dt  36.288000 rms  0.625  0.127% neg 0  invalid 762 tFOTS 0.0000 tGradient 2.1860 tsec 2.5270
#GCMRL#  210 dt  36.288000 rms  0.624  0.137% neg 0  invalid 762 tFOTS 0.0000 tGradient 2.2910 tsec 2.6380
#GCMRL#  211 dt  36.288000 rms  0.624  0.137% neg 0  invalid 762 tFOTS 0.0000 tGradient 2.5680 tsec 2.9470
#GCMRL#  212 dt  36.288000 rms  0.623  0.145% neg 0  invalid 762 tFOTS 0.0000 tGradient 2.1240 tsec 2.4720
#GCMRL#  213 dt  36.288000 rms  0.622  0.160% neg 0  invalid 762 tFOTS 0.0000 tGradient 2.1740 tsec 2.5200
#GCMRL#  214 dt  36.288000 rms  0.621  0.158% neg 0  invalid 762 tFOTS 0.0000 tGradient 2.3330 tsec 2.6790
#GCMRL#  215 dt  36.288000 rms  0.620  0.156% neg 0  invalid 762 tFOTS 0.0000 tGradient 2.1440 tsec 2.4920
#GCMRL#  216 dt  36.288000 rms  0.619  0.143% neg 0  invalid 762 tFOTS 0.0000 tGradient 2.1120 tsec 2.4610
#GCMRL#  217 dt  36.288000 rms  0.618  0.127% neg 0  invalid 762 tFOTS 0.0000 tGradient 2.1520 tsec 2.5000
#GCMRL#  218 dt  36.288000 rms  0.617  0.120% neg 0  invalid 762 tFOTS 0.0000 tGradient 2.1240 tsec 2.4680
#GCMRL#  219 dt  36.288000 rms  0.617  0.119% neg 0  invalid 762 tFOTS 0.0000 tGradient 2.1770 tsec 2.5210
#GCMRL#  220 dt  36.288000 rms  0.616  0.120% neg 0  invalid 762 tFOTS 0.0000 tGradient 2.1040 tsec 2.4510
#GCMRL#  221 dt  36.288000 rms  0.615  0.119% neg 0  invalid 762 tFOTS 0.0000 tGradient 2.1480 tsec 2.4940
#GCMRL#  222 dt  36.288000 rms  0.614  0.117% neg 0  invalid 762 tFOTS 0.0000 tGradient 2.1050 tsec 2.4510
#GCMRL#  223 dt  36.288000 rms  0.614  0.113% neg 0  invalid 762 tFOTS 0.0000 tGradient 2.3380 tsec 2.7750
#GCMRL#  224 dt  36.288000 rms  0.613  0.110% neg 0  invalid 762 tFOTS 0.0000 tGradient 2.1840 tsec 2.5320
#GCMRL#  225 dt  36.288000 rms  0.612  0.110% neg 0  invalid 762 tFOTS 0.0000 tGradient 2.2360 tsec 2.5730
#GCMRL#  226 dt  36.288000 rms  0.612  0.103% neg 0  invalid 762 tFOTS 0.0000 tGradient 2.1270 tsec 2.4610
#GCMRL#  227 dt  36.288000 rms  0.611  0.107% neg 0  invalid 762 tFOTS 0.0000 tGradient 2.1380 tsec 2.4710
#GCMRL#  228 dt  36.288000 rms  0.610  0.094% neg 0  invalid 762 tFOTS 0.0000 tGradient 2.2300 tsec 2.5680
#GCMRL#  229 dt  36.288000 rms  0.610  0.090% neg 0  invalid 762 tFOTS 0.0000 tGradient 2.1310 tsec 2.4650
#GCMRL#  230 dt  36.288000 rms  0.609  0.090% neg 0  invalid 762 tFOTS 0.0000 tGradient 2.1240 tsec 2.4560
#GCMRL#  231 dt  36.288000 rms  0.609  0.087% neg 0  invalid 762 tFOTS 0.0000 tGradient 2.1580 tsec 2.4950
#GCMRL#  232 dt  36.288000 rms  0.608  0.082% neg 0  invalid 762 tFOTS 0.0000 tGradient 2.1200 tsec 2.4510
#GCMRL#  233 dt  36.288000 rms  0.608  0.087% neg 0  invalid 762 tFOTS 0.0000 tGradient 2.0450 tsec 2.3740
#GCMRL#  234 dt  36.288000 rms  0.607  0.078% neg 0  invalid 762 tFOTS 0.0000 tGradient 2.1360 tsec 2.4690
#GCMRL#  235 dt  36.288000 rms  0.607  0.074% neg 0  invalid 762 tFOTS 0.0000 tGradient 2.1320 tsec 2.4640
#GCMRL#  236 dt  36.288000 rms  0.606  0.069% neg 0  invalid 762 tFOTS 0.0000 tGradient 2.1100 tsec 2.4390
#GCMRL#  237 dt  36.288000 rms  0.606  0.064% neg 0  invalid 762 tFOTS 0.0000 tGradient 2.0820 tsec 2.4090
#GCMRL#  238 dt  36.288000 rms  0.606  0.069% neg 0  invalid 762 tFOTS 0.0000 tGradient 2.0870 tsec 2.4230
#GCMRL#  239 dt  36.288000 rms  0.605  0.070% neg 0  invalid 762 tFOTS 0.0000 tGradient 2.0650 tsec 2.3970
#GCMRL#  240 dt  36.288000 rms  0.605  0.063% neg 0  invalid 762 tFOTS 0.0000 tGradient 2.1030 tsec 2.4400
#GCMRL#  241 dt  36.288000 rms  0.605  0.050% neg 0  invalid 762 tFOTS 0.0000 tGradient 2.2150 tsec 2.5450
#GCMRL#  242 dt  36.288000 rms  0.604  0.046% neg 0  invalid 762 tFOTS 0.0000 tGradient 2.1950 tsec 2.5310
#GCMRL#  243 dt  36.288000 rms  0.604  0.042% neg 0  invalid 762 tFOTS 0.0000 tGradient 2.2550 tsec 2.5940
#GCMRL#  244 dt  36.288000 rms  0.604  0.051% neg 0  invalid 762 tFOTS 0.0000 tGradient 2.3120 tsec 2.6480
#GCMRL#  245 dt  36.288000 rms  0.603  0.067% neg 0  invalid 762 tFOTS 0.0000 tGradient 2.3030 tsec 2.6350
#GCMRL#  246 dt  36.288000 rms  0.603  0.062% neg 0  invalid 762 tFOTS 0.0000 tGradient 2.3970 tsec 2.7320
#GCMRL#  247 dt  36.288000 rms  0.603  0.052% neg 0  invalid 762 tFOTS 0.0000 tGradient 2.3170 tsec 2.6500
#GCMRL#  248 dt  36.288000 rms  0.602  0.045% neg 0  invalid 762 tFOTS 0.0000 tGradient 2.2650 tsec 2.6000
#GCMRL#  249 dt  36.288000 rms  0.602  0.056% neg 0  invalid 762 tFOTS 0.0000 tGradient 2.1910 tsec 2.5290
#GCMRL#  250 dt  36.288000 rms  0.602  0.056% neg 0  invalid 762 tFOTS 0.0000 tGradient 2.2220 tsec 2.5570
#GCMRL#  251 dt  36.288000 rms  0.601  0.054% neg 0  invalid 762 tFOTS 0.0000 tGradient 2.3410 tsec 2.6770
#GCMRL#  252 dt  36.288000 rms  0.601  0.054% neg 0  invalid 762 tFOTS 0.0000 tGradient 2.2160 tsec 2.5520
#GCMRL#  253 dt  36.288000 rms  0.601  0.036% neg 0  invalid 762 tFOTS 0.0000 tGradient 2.2750 tsec 2.6120
#GCMRL#  254 dt  36.288000 rms  0.601  0.037% neg 0  invalid 762 tFOTS 0.0000 tGradient 2.2100 tsec 2.5450
#GCMRL#  255 dt  36.288000 rms  0.600  0.038% neg 0  invalid 762 tFOTS 0.0000 tGradient 2.2420 tsec 2.5780
#GCMRL#  256 dt  36.288000 rms  0.600  0.050% neg 0  invalid 762 tFOTS 0.0000 tGradient 2.1960 tsec 2.5340
#GCMRL#  257 dt  36.288000 rms  0.600  0.050% neg 0  invalid 762 tFOTS 0.0000 tGradient 2.2390 tsec 2.5780
#GCMRL#  258 dt  36.288000 rms  0.599  0.050% neg 0  invalid 762 tFOTS 0.0000 tGradient 2.2450 tsec 2.5830
#GCMRL#  259 dt  36.288000 rms  0.599  0.045% neg 0  invalid 762 tFOTS 0.0000 tGradient 2.2740 tsec 2.6080
#GCMRL#  260 dt  36.288000 rms  0.599  0.044% neg 0  invalid 762 tFOTS 0.0000 tGradient 2.2050 tsec 2.5400
#GCMRL#  261 dt  36.288000 rms  0.599  0.043% neg 0  invalid 762 tFOTS 0.0000 tGradient 2.4850 tsec 2.8230
#GCMRL#  262 dt  36.288000 rms  0.598  0.042% neg 0  invalid 762 tFOTS 0.0000 tGradient 2.3430 tsec 2.6890
#GCMRL#  263 dt  36.288000 rms  0.598  0.038% neg 0  invalid 762 tFOTS 0.0000 tGradient 2.3010 tsec 2.6510
#GCMRL#  264 dt  36.288000 rms  0.598  0.036% neg 0  invalid 762 tFOTS 0.0000 tGradient 2.3680 tsec 2.7200
#GCMRL#  265 dt  36.288000 rms  0.598  0.030% neg 0  invalid 762 tFOTS 0.0000 tGradient 2.2900 tsec 2.6870
#GCMRL#  266 dt  36.288000 rms  0.598  0.034% neg 0  invalid 762 tFOTS 0.0000 tGradient 2.3270 tsec 2.6790
#GCMRL#  267 dt  36.288000 rms  0.597  0.037% neg 0  invalid 762 tFOTS 0.0000 tGradient 2.3080 tsec 2.6540
#GCMRL#  268 dt  36.288000 rms  0.597  0.040% neg 0  invalid 762 tFOTS 0.0000 tGradient 2.3210 tsec 2.6690
#GCMRL#  269 dt  36.288000 rms  0.597  0.036% neg 0  invalid 762 tFOTS 0.0000 tGradient 2.3050 tsec 2.6520
#GCMRL#  270 dt  36.288000 rms  0.597  0.033% neg 0  invalid 762 tFOTS 0.0000 tGradient 2.3170 tsec 2.6590
#GCMRL#  271 dt  36.288000 rms  0.597  0.024% neg 0  invalid 762 tFOTS 0.0000 tGradient 2.2830 tsec 2.6280
#GCMRL#  272 dt  36.288000 rms  0.596  0.032% neg 0  invalid 762 tFOTS 0.0000 tGradient 2.2830 tsec 2.6300
#GCMRL#  273 dt  36.288000 rms  0.596  0.039% neg 0  invalid 762 tFOTS 0.0000 tGradient 2.3040 tsec 2.6490
#GCMRL#  274 dt  36.288000 rms  0.596  0.035% neg 0  invalid 762 tFOTS 0.0000 tGradient 2.2920 tsec 2.6340
#GCMRL#  275 dt  36.288000 rms  0.596  0.030% neg 0  invalid 762 tFOTS 0.0000 tGradient 2.2680 tsec 2.6170
#GCMRL#  276 dt  36.288000 rms  0.596  0.024% neg 0  invalid 762 tFOTS 0.0000 tGradient 2.2690 tsec 2.6190
#GCMRL#  277 dt  36.288000 rms  0.595  0.021% neg 0  invalid 762 tFOTS 0.0000 tGradient 2.2570 tsec 2.6360
#FOTS# QuadFit found better minimum quadopt=(dt=145.152,rms=0.595382) vs oldopt=(dt=103.68,rms=0.595394)
#GCMRL#  278 dt 145.152000 rms  0.595  0.000% neg 0  invalid 762 tFOTS 5.1500 tGradient 2.2820 tsec 7.8360

#GCAMreg# pass 0 level1 4 level2 1 tsec 419.135 sigma 0.5
l_jacobian=1.00 l_label=1.00 l_log_likelihood=0.20 l_smoothness=0.03 
tol=5.00e-02, dt=5.00e-02, exp_k=20.0, momentum=0.90, levels=6, niter=500, lbl_dist=10.00, avgs=64, sigma=0.5,type=2, relabel=0, neg=no

blurring input image with Gaussian with sigma=0.500...
GCAMRegisterLevel(): init RMS 0.596495
#GCMRL#  280 dt 103.680000 rms  0.594  0.374% neg 0  invalid 762 tFOTS 4.9060 tGradient 2.2710 tsec 7.5480
#FOTS# QuadFit found better minimum quadopt=(dt=124.416,rms=0.593595) vs oldopt=(dt=103.68,rms=0.593613)
#GCMRL#  281 dt 124.416000 rms  0.594  0.113% neg 0  invalid 762 tFOTS 4.9050 tGradient 2.2620 tsec 7.5390
#FOTS# QuadFit found better minimum quadopt=(dt=36.288,rms=0.59337) vs oldopt=(dt=25.92,rms=0.593416)
#GCMRL#  282 dt  36.288000 rms  0.593  0.000% neg 0  invalid 762 tFOTS 4.9030 tGradient 2.2990 tsec 7.6000
#GCMRL#  283 dt  36.288000 rms  0.593  0.021% neg 0  invalid 762 tFOTS 0.0000 tGradient 2.2600 tsec 2.6160
#GCMRL#  284 dt  36.288000 rms  0.593  0.024% neg 0  invalid 762 tFOTS 0.0000 tGradient 2.4620 tsec 2.8460
#GCMRL#  285 dt  36.288000 rms  0.593  0.033% neg 0  invalid 762 tFOTS 0.0000 tGradient 2.4980 tsec 2.8760
#GCMRL#  286 dt  36.288000 rms  0.593  0.039% neg 0  invalid 762 tFOTS 0.0000 tGradient 2.2870 tsec 2.6260
#GCMRL#  287 dt  36.288000 rms  0.592  0.038% neg 0  invalid 762 tFOTS 0.0000 tGradient 2.2170 tsec 2.5550
#GCMRL#  288 dt  36.288000 rms  0.592  0.034% neg 0  invalid 762 tFOTS 0.0000 tGradient 2.1880 tsec 2.5230
#GCMRL#  289 dt  36.288000 rms  0.592  0.028% neg 0  invalid 762 tFOTS 0.0000 tGradient 2.2620 tsec 2.6030
#GCMRL#  290 dt  36.288000 rms  0.592  0.033% neg 0  invalid 762 tFOTS 0.0000 tGradient 2.2690 tsec 2.6040
#GCMRL#  291 dt  36.288000 rms  0.592  0.029% neg 0  invalid 762 tFOTS 0.0000 tGradient 2.2800 tsec 2.6200
#GCMRL#  292 dt  36.288000 rms  0.592  0.032% neg 0  invalid 762 tFOTS 0.0000 tGradient 2.4580 tsec 2.7800
#GCMRL#  293 dt  36.288000 rms  0.591  0.042% neg 0  invalid 762 tFOTS 0.0000 tGradient 2.2710 tsec 2.5970
#GCMRL#  294 dt  36.288000 rms  0.591  0.046% neg 0  invalid 762 tFOTS 0.0000 tGradient 2.1680 tsec 2.4910
#GCMRL#  295 dt  36.288000 rms  0.591  0.043% neg 0  invalid 762 tFOTS 0.0000 tGradient 2.1700 tsec 2.4950
#GCMRL#  296 dt  36.288000 rms  0.590  0.045% neg 0  invalid 762 tFOTS 0.0000 tGradient 2.1770 tsec 2.5010
#GCMRL#  297 dt  36.288000 rms  0.590  0.045% neg 0  invalid 762 tFOTS 0.0000 tGradient 2.1790 tsec 2.5000
#GCMRL#  298 dt  36.288000 rms  0.590  0.049% neg 0  invalid 762 tFOTS 0.0000 tGradient 2.1360 tsec 2.4570
#GCMRL#  299 dt  36.288000 rms  0.590  0.048% neg 0  invalid 762 tFOTS 0.0000 tGradient 2.1200 tsec 2.4460
#GCMRL#  300 dt  36.288000 rms  0.589  0.051% neg 0  invalid 762 tFOTS 0.0000 tGradient 2.2180 tsec 2.5390
#GCMRL#  301 dt  36.288000 rms  0.589  0.047% neg 0  invalid 762 tFOTS 0.0000 tGradient 2.1230 tsec 2.4500
#GCMRL#  302 dt  36.288000 rms  0.589  0.044% neg 0  invalid 762 tFOTS 0.0000 tGradient 2.1480 tsec 2.4700
#GCMRL#  303 dt  36.288000 rms  0.589  0.038% neg 0  invalid 762 tFOTS 0.0000 tGradient 2.0630 tsec 2.3820
#GCMRL#  304 dt  36.288000 rms  0.588  0.041% neg 0  invalid 762 tFOTS 0.0000 tGradient 2.0810 tsec 2.4040
#GCMRL#  305 dt  36.288000 rms  0.588  0.044% neg 0  invalid 762 tFOTS 0.0000 tGradient 2.1020 tsec 2.4280
#GCMRL#  306 dt  36.288000 rms  0.588  0.040% neg 0  invalid 762 tFOTS 0.0000 tGradient 2.0420 tsec 2.3670
#GCMRL#  307 dt  36.288000 rms  0.588  0.034% neg 0  invalid 762 tFOTS 0.0000 tGradient 2.0660 tsec 2.3880
#GCMRL#  308 dt  36.288000 rms  0.587  0.031% neg 0  invalid 762 tFOTS 0.0000 tGradient 2.1800 tsec 2.5510
#GCMRL#  309 dt  36.288000 rms  0.587  0.030% neg 0  invalid 762 tFOTS 0.0000 tGradient 2.5350 tsec 2.9150
#GCMRL#  310 dt  36.288000 rms  0.587  0.027% neg 0  invalid 762 tFOTS 0.0000 tGradient 2.4690 tsec 2.8410
#GCMRL#  311 dt  36.288000 rms  0.587  0.032% neg 0  invalid 762 tFOTS 0.0000 tGradient 2.1990 tsec 2.5120
#GCMRL#  312 dt  36.288000 rms  0.587  0.029% neg 0  invalid 762 tFOTS 0.0000 tGradient 2.0850 tsec 2.4000
#GCMRL#  313 dt  36.288000 rms  0.587  0.027% neg 0  invalid 762 tFOTS 0.0000 tGradient 2.1400 tsec 2.4580
#GCMRL#  314 dt  36.288000 rms  0.586  0.025% neg 0  invalid 762 tFOTS 0.0000 tGradient 2.0920 tsec 2.4070
#GCMRL#  315 dt  36.288000 rms  0.586  0.027% neg 0  invalid 762 tFOTS 0.0000 tGradient 2.0700 tsec 2.3830
#GCMRL#  316 dt  36.288000 rms  0.586  0.028% neg 0  invalid 762 tFOTS 0.0000 tGradient 2.0530 tsec 2.3650
#GCMRL#  317 dt  36.288000 rms  0.586  0.029% neg 0  invalid 762 tFOTS 0.0000 tGradient 2.0690 tsec 2.3850
#GCMRL#  318 dt  36.288000 rms  0.586  0.029% neg 0  invalid 762 tFOTS 0.0000 tGradient 2.1450 tsec 2.4540
#GCMRL#  319 dt  36.288000 rms  0.586  0.025% neg 0  invalid 762 tFOTS 0.0000 tGradient 2.0860 tsec 2.3960
#GCMRL#  320 dt  36.288000 rms  0.586  0.022% neg 0  invalid 762 tFOTS 0.0000 tGradient 2.0730 tsec 2.4190
#FOTS# QuadFit found better minimum quadopt=(dt=36.288,rms=0.585537) vs oldopt=(dt=25.92,rms=0.585538)
#GCMRL#  321 dt  36.288000 rms  0.586  0.000% neg 0  invalid 762 tFOTS 5.0480 tGradient 2.0830 tsec 7.5020
#GCMRL#  322 dt  36.288000 rms  0.585  0.008% neg 0  invalid 762 tFOTS 0.0000 tGradient 2.0710 tsec 2.3850
#GCMRL#  323 dt  36.288000 rms  0.585  0.009% neg 0  invalid 762 tFOTS 0.0000 tGradient 2.0830 tsec 2.4000
#GCMRL#  324 dt  36.288000 rms  0.585  0.009% neg 0  invalid 762 tFOTS 0.0000 tGradient 2.1080 tsec 2.4230
#GCMRL#  325 dt  36.288000 rms  0.585  0.012% neg 0  invalid 762 tFOTS 0.0000 tGradient 2.0770 tsec 2.4000
setting smoothness cost coefficient to 0.118

#GCAMreg# pass 0 level1 3 level2 0 tsec 0 sigma 2
l_jacobian=1.00 l_label=1.00 l_log_likelihood=0.20 l_smoothness=0.12 
tol=5.00e-02, dt=5.00e-02, exp_k=20.0, momentum=0.90, levels=6, niter=500, lbl_dist=10.00, avgs=16, sigma=2.0,type=2, relabel=0, neg=no

blurring input image with Gaussian with sigma=2.000...
GCAMRegisterLevel(): init RMS 0.598196
#GCMRL#  327 dt  32.000000 rms  0.595  0.502% neg 0  invalid 762 tFOTS 4.8210 tGradient 1.8580 tsec 7.0210
#FOTS# QuadFit found better minimum quadopt=(dt=110.381,rms=0.590039) vs oldopt=(dt=128,rms=0.590191)
#GCMRL#  328 dt 110.380567 rms  0.590  0.866% neg 0  invalid 762 tFOTS 4.7340 tGradient 1.7800 tsec 6.8640
#FOTS# QuadFit found better minimum quadopt=(dt=44.8,rms=0.586087) vs oldopt=(dt=32,rms=0.58636)
#GCMRL#  329 dt  44.800000 rms  0.586  0.670% neg 0  invalid 762 tFOTS 4.7800 tGradient 2.1680 tsec 7.3060
#FOTS# QuadFit found better minimum quadopt=(dt=36.7749,rms=0.582515) vs oldopt=(dt=32,rms=0.582517)
#GCMRL#  330 dt  36.774869 rms  0.583  0.610% neg 0  invalid 762 tFOTS 4.7380 tGradient 1.9390 tsec 7.0350
#GCMRL#  331 dt  32.000000 rms  0.581  0.337% neg 0  invalid 762 tFOTS 4.8270 tGradient 1.9440 tsec 7.1310
#FOTS# QuadFit found better minimum quadopt=(dt=44.8,rms=0.578072) vs oldopt=(dt=32,rms=0.578369)
#GCMRL#  332 dt  44.800000 rms  0.578  0.427% neg 0  invalid 762 tFOTS 4.9450 tGradient 1.9070 tsec 7.2100
#GCMRL#  333 dt  32.000000 rms  0.577  0.242% neg 0  invalid 762 tFOTS 5.0000 tGradient 1.9410 tsec 7.3500
#FOTS# QuadFit found better minimum quadopt=(dt=44.8,rms=0.574798) vs oldopt=(dt=32,rms=0.574958)
#GCMRL#  334 dt  44.800000 rms  0.575  0.325% neg 0  invalid 762 tFOTS 4.8420 tGradient 1.9680 tsec 7.1840
#FOTS# QuadFit found better minimum quadopt=(dt=25.6,rms=0.573614) vs oldopt=(dt=32,rms=0.573658)
#GCMRL#  335 dt  25.600000 rms  0.574  0.206% neg 0  invalid 762 tFOTS 4.8390 tGradient 1.9090 tsec 7.1220
#FOTS# QuadFit found better minimum quadopt=(dt=89.1215,rms=0.571566) vs oldopt=(dt=128,rms=0.571953)
#GCMRL#  336 dt  89.121495 rms  0.572  0.357% neg 0  invalid 762 tFOTS 4.8330 tGradient 2.0070 tsec 7.2170
#FOTS# QuadFit found better minimum quadopt=(dt=21.4588,rms=0.569888) vs oldopt=(dt=32,rms=0.570335)
#GCMRL#  337 dt  21.458824 rms  0.570  0.294% neg 0  invalid 762 tFOTS 4.8340 tGradient 1.8760 tsec 7.0830
#FOTS# QuadFit found better minimum quadopt=(dt=153.6,rms=0.56744) vs oldopt=(dt=128,rms=0.56748)
#GCMRL#  338 dt 153.600000 rms  0.567  0.429% neg 0  invalid 762 tFOTS 4.5470 tGradient 1.9140 tsec 6.8380
#FOTS# QuadFit found better minimum quadopt=(dt=19.7115,rms=0.565454) vs oldopt=(dt=32,rms=0.566105)
#GCMRL#  339 dt  19.711501 rms  0.565  0.350% neg 0  invalid 762 tFOTS 4.8330 tGradient 1.9610 tsec 7.1990
#GCMRL#  340 dt 128.000000 rms  0.564  0.276% neg 0  invalid 762 tFOTS 4.6140 tGradient 1.9240 tsec 6.9100
#GCMRL#  341 dt  32.000000 rms  0.563  0.230% neg 0  invalid 762 tFOTS 4.5920 tGradient 2.5060 tsec 7.5050
#GCMRL#  342 dt  32.000000 rms  0.562  0.135% neg 0  invalid 762 tFOTS 4.8850 tGradient 2.1080 tsec 7.3510
#FOTS# QuadFit found better minimum quadopt=(dt=25.6,rms=0.561439) vs oldopt=(dt=32,rms=0.561441)
#GCMRL#  343 dt  25.600000 rms  0.561  0.070% neg 0  invalid 762 tFOTS 4.8580 tGradient 1.9300 tsec 7.1550
#FOTS# QuadFit found better minimum quadopt=(dt=44.8,rms=0.560789) vs oldopt=(dt=32,rms=0.560907)
#GCMRL#  344 dt  44.800000 rms  0.561  0.116% neg 0  invalid 762 tFOTS 4.5680 tGradient 2.0210 tsec 6.9620
#GCMRL#  345 dt  32.000000 rms  0.560  0.052% neg 0  invalid 762 tFOTS 4.8000 tGradient 1.8470 tsec 7.0160
#FOTS# QuadFit found better minimum quadopt=(dt=44.8,rms=0.559739) vs oldopt=(dt=32,rms=0.559852)
#GCMRL#  346 dt  44.800000 rms  0.560  0.135% neg 0  invalid 762 tFOTS 4.8030 tGradient 1.9290 tsec 7.0950
#FOTS# QuadFit found better minimum quadopt=(dt=19.2,rms=0.559501) vs oldopt=(dt=32,rms=0.559578)
#GCMRL#  347 dt  19.200000 rms  0.560  0.000% neg 0  invalid 762 tFOTS 4.7990 tGradient 1.8760 tsec 7.1200
#GCMRL#  348 dt  19.200000 rms  0.559  0.058% neg 0  invalid 762 tFOTS 0.0000 tGradient 1.9720 tsec 2.2930
#GCMRL#  349 dt  19.200000 rms  0.559  0.079% neg 0  invalid 762 tFOTS 0.0000 tGradient 1.8560 tsec 2.1950
#GCMRL#  350 dt  19.200000 rms  0.558  0.104% neg 0  invalid 762 tFOTS 0.0000 tGradient 1.8410 tsec 2.1810
#GCMRL#  351 dt  19.200000 rms  0.557  0.136% neg 0  invalid 762 tFOTS 0.0000 tGradient 1.8700 tsec 2.2100
#GCMRL#  352 dt  19.200000 rms  0.557  0.159% neg 0  invalid 762 tFOTS 0.0000 tGradient 1.8930 tsec 2.2320
#GCMRL#  353 dt  19.200000 rms  0.556  0.175% neg 0  invalid 762 tFOTS 0.0000 tGradient 1.8730 tsec 2.2160
#GCMRL#  354 dt  19.200000 rms  0.555  0.169% neg 0  invalid 762 tFOTS 0.0000 tGradient 1.8520 tsec 2.1920
#GCMRL#  355 dt  19.200000 rms  0.554  0.185% neg 0  invalid 762 tFOTS 0.0000 tGradient 1.8390 tsec 2.1820
#GCMRL#  356 dt   4.800000 rms  0.554  0.001% neg 0  invalid 762 tFOTS 0.0000 tGradient 1.8490 tsec 2.7480
#GCMRL#  357 dt   2.400000 rms  0.554  0.008% neg 0  invalid 762 tFOTS 0.0000 tGradient 1.8880 tsec 2.6060
#GCMRL#  358 dt   0.300000 rms  0.554  0.000% neg 0  invalid 762 tFOTS 0.0000 tGradient 1.8380 tsec 2.9470
#FOTS# QuadFit found better minimum quadopt=(dt=0.175,rms=0.553512) vs oldopt=(dt=0.125,rms=0.553513)
#GCMRL#  359 dt   0.175000 rms  0.554  0.000% neg 0  invalid 762 tFOTS 3.3200 tGradient 1.8530 tsec 5.5320
#FOTS# QuadFit found better minimum quadopt=(dt=0.04375,rms=0.553512) vs oldopt=(dt=0.03125,rms=0.553512)
#GCMRL#  360 dt   0.043750 rms  0.554  0.000% neg 0  invalid 762 tFOTS 2.9620 tGradient 1.8280 tsec 5.1770

#GCAMreg# pass 0 level1 3 level2 1 tsec 199.198 sigma 0.5
l_jacobian=1.00 l_label=1.00 l_log_likelihood=0.20 l_smoothness=0.12 
tol=5.00e-02, dt=5.00e-02, exp_k=20.0, momentum=0.90, levels=6, niter=500, lbl_dist=10.00, avgs=16, sigma=0.5,type=2, relabel=0, neg=no

blurring input image with Gaussian with sigma=0.500...
GCAMRegisterLevel(): init RMS 0.554394
#FOTS# QuadFit found better minimum quadopt=(dt=38.4,rms=0.551879) vs oldopt=(dt=32,rms=0.55195)
#GCMRL#  362 dt  38.400000 rms  0.552  0.454% neg 0  invalid 762 tFOTS 4.8700 tGradient 1.8770 tsec 7.1080
#FOTS# QuadFit found better minimum quadopt=(dt=44.8,rms=0.551185) vs oldopt=(dt=32,rms=0.551289)
#GCMRL#  363 dt  44.800000 rms  0.551  0.126% neg 0  invalid 762 tFOTS 4.6380 tGradient 1.8510 tsec 6.8530
#FOTS# QuadFit found better minimum quadopt=(dt=38.4,rms=0.550806) vs oldopt=(dt=32,rms=0.550815)
#GCMRL#  364 dt  38.400000 rms  0.551  0.069% neg 0  invalid 762 tFOTS 4.8820 tGradient 1.9100 tsec 7.1560
#GCMRL#  365 dt  32.000000 rms  0.550  0.062% neg 0  invalid 762 tFOTS 4.8750 tGradient 1.8510 tsec 7.0830
#GCMRL#  366 dt  32.000000 rms  0.550  0.062% neg 0  invalid 762 tFOTS 4.9850 tGradient 1.7860 tsec 7.1410
#FOTS# QuadFit found better minimum quadopt=(dt=25.6,rms=0.549928) vs oldopt=(dt=32,rms=0.54993)
#GCMRL#  367 dt  25.600000 rms  0.550  0.000% neg 0  invalid 762 tFOTS 5.4990 tGradient 1.8500 tsec 7.8010
#GCMRL#  368 dt  25.600000 rms  0.550  0.039% neg 0  invalid 762 tFOTS 0.0000 tGradient 1.8740 tsec 2.2190
#GCMRL#  369 dt  25.600000 rms  0.549  0.059% neg 0  invalid 762 tFOTS 0.0000 tGradient 1.8060 tsec 2.1550
#GCMRL#  370 dt  25.600000 rms  0.549  0.083% neg 0  invalid 762 tFOTS 0.0000 tGradient 1.8540 tsec 2.2040
#GCMRL#  371 dt  25.600000 rms  0.548  0.083% neg 0  invalid 762 tFOTS 0.0000 tGradient 1.8460 tsec 2.1930
#GCMRL#  372 dt  25.600000 rms  0.548  0.120% neg 0  invalid 762 tFOTS 0.0000 tGradient 1.8990 tsec 2.2700
#GCMRL#  373 dt  25.600000 rms  0.547  0.123% neg 0  invalid 762 tFOTS 0.0000 tGradient 1.8410 tsec 2.1920
#GCMRL#  374 dt  25.600000 rms  0.547  0.116% neg 0  invalid 762 tFOTS 0.0000 tGradient 1.8940 tsec 2.2430
#GCMRL#  375 dt  25.600000 rms  0.546  0.022% neg 0  invalid 762 tFOTS 0.0000 tGradient 1.8500 tsec 2.4020
#GCMRL#  376 dt  25.600000 rms  0.546  0.047% neg 0  invalid 762 tFOTS 0.0000 tGradient 1.8650 tsec 2.2170
#GCMRL#  377 dt  25.600000 rms  0.546  0.070% neg 0  invalid 762 tFOTS 0.0000 tGradient 1.9490 tsec 2.3690
#GCMRL#  378 dt  25.600000 rms  0.545  0.076% neg 0  invalid 762 tFOTS 0.0000 tGradient 1.8400 tsec 2.1980
#GCMRL#  379 dt   1.600000 rms  0.545 -0.001% neg 0  invalid 762 tFOTS 0.0000 tGradient 1.8190 tsec 3.3290
#FOTS# QuadFit found better minimum quadopt=(dt=2.4,rms=0.545332) vs oldopt=(dt=2,rms=0.545336)
#GCMRL#  380 dt   2.400000 rms  0.545  0.004% neg 0  invalid 762 tFOTS 4.0210 tGradient 1.8270 tsec 6.2130
#FOTS# QuadFit found better minimum quadopt=(dt=0.15,rms=0.545333) vs oldopt=(dt=0.125,rms=0.545333)
setting smoothness cost coefficient to 0.400

#GCAMreg# pass 0 level1 2 level2 0 tsec 0 sigma 2
l_jacobian=1.00 l_label=1.00 l_log_likelihood=0.20 l_smoothness=0.40 
tol=5.00e-02, dt=5.00e-02, exp_k=20.0, momentum=0.90, levels=6, niter=500, lbl_dist=10.00, avgs=4, sigma=2.0,type=2, relabel=0, neg=no

blurring input image with Gaussian with sigma=2.000...
GCAMRegisterLevel(): init RMS 0.57221
#GCMRL#  382 dt   0.000000 rms  0.571  0.124% neg 0  invalid 762 tFOTS 4.7620 tGradient 1.7160 tsec 6.8470
#GCMRL#  383 dt   0.150000 rms  0.571  0.000% neg 0  invalid 762 tFOTS 4.6540 tGradient 1.7150 tsec 7.0320

#GCAMreg# pass 0 level1 2 level2 1 tsec 26.059 sigma 0.5
l_jacobian=1.00 l_label=1.00 l_log_likelihood=0.20 l_smoothness=0.40 
tol=5.00e-02, dt=5.00e-02, exp_k=20.0, momentum=0.90, levels=6, niter=500, lbl_dist=10.00, avgs=4, sigma=0.5,type=2, relabel=0, neg=no

blurring input image with Gaussian with sigma=0.500...
GCAMRegisterLevel(): init RMS 0.57221
#GCMRL#  385 dt   0.000000 rms  0.571  0.124% neg 0  invalid 762 tFOTS 4.6860 tGradient 1.7210 tsec 6.7720
#GCMRL#  386 dt   0.150000 rms  0.571  0.000% neg 0  invalid 762 tFOTS 4.7130 tGradient 1.7630 tsec 7.1340
setting smoothness cost coefficient to 1.000

#GCAMreg# pass 0 level1 1 level2 0 tsec 0 sigma 2
l_jacobian=1.00 l_label=1.00 l_log_likelihood=0.20 l_smoothness=1.00 
tol=5.00e-02, dt=5.00e-02, exp_k=20.0, momentum=0.90, levels=6, niter=500, lbl_dist=10.00, avgs=1, sigma=2.0,type=2, relabel=0, neg=no

blurring input image with Gaussian with sigma=2.000...
GCAMRegisterLevel(): init RMS 0.624115
#FOTS# QuadFit found better minimum quadopt=(dt=1.792,rms=0.618716) vs oldopt=(dt=1.28,rms=0.618957)
#GCMRL#  388 dt   1.792000 rms  0.619  0.865% neg 0  invalid 762 tFOTS 4.5660 tGradient 1.5220 tsec 6.4360
#FOTS# QuadFit found better minimum quadopt=(dt=0.256,rms=0.618675) vs oldopt=(dt=0.32,rms=0.618682)
#GCMRL#  389 dt   0.256000 rms  0.619  0.000% neg 0  invalid 762 tFOTS 4.2400 tGradient 1.5270 tsec 6.1330

#GCAMreg# pass 0 level1 1 level2 1 tsec 24.342 sigma 0.5
l_jacobian=1.00 l_label=1.00 l_log_likelihood=0.20 l_smoothness=1.00 
tol=5.00e-02, dt=5.00e-02, exp_k=20.0, momentum=0.90, levels=6, niter=500, lbl_dist=10.00, avgs=1, sigma=0.5,type=2, relabel=0, neg=no

blurring input image with Gaussian with sigma=0.500...
GCAMRegisterLevel(): init RMS 0.619301
#FOTS# QuadFit found better minimum quadopt=(dt=0.448,rms=0.618318) vs oldopt=(dt=0.32,rms=0.618392)
#GCMRL#  391 dt   0.448000 rms  0.618  0.159% neg 0  invalid 762 tFOTS 4.5000 tGradient 1.6570 tsec 6.4920
#FOTS# QuadFit found better minimum quadopt=(dt=0.448,rms=0.618201) vs oldopt=(dt=0.32,rms=0.618209)
#GCMRL#  392 dt   0.448000 rms  0.618  0.000% neg 0  invalid 762 tFOTS 4.7040 tGradient 1.7000 tsec 6.8150
resetting metric properties...
setting smoothness cost coefficient to 2.000

#GCAMreg# pass 0 level1 0 level2 0 tsec 0 sigma 2
l_jacobian=1.00 l_label=1.00 l_log_likelihood=0.20 l_smoothness=2.00 
tol=5.00e-02, dt=5.00e-02, exp_k=20.0, momentum=0.90, levels=6, niter=500, lbl_dist=10.00, avgs=0, sigma=2.0,type=2, relabel=0, neg=no

blurring input image with Gaussian with sigma=2.000...
GCAMRegisterLevel(): init RMS 0.558737
#FOTS# QuadFit found better minimum quadopt=(dt=0.448,rms=0.54116) vs oldopt=(dt=0.32,rms=0.545809)
#GCMRL#  394 dt   0.448000 rms  0.541  3.146% neg 0  invalid 762 tFOTS 4.2740 tGradient 0.9830 tsec 5.5950
#FOTS# QuadFit found better minimum quadopt=(dt=0.448,rms=0.536201) vs oldopt=(dt=0.32,rms=0.537595)
#GCMRL#  395 dt   0.448000 rms  0.536  0.917% neg 0  invalid 762 tFOTS 4.4380 tGradient 0.9650 tsec 5.7910
#FOTS# QuadFit found better minimum quadopt=(dt=0.448,rms=0.533381) vs oldopt=(dt=0.32,rms=0.534193)
#GCMRL#  396 dt   0.448000 rms  0.533  0.526% neg 0  invalid 762 tFOTS 4.1900 tGradient 1.0060 tsec 5.5680
#FOTS# QuadFit found better minimum quadopt=(dt=0.448,rms=0.531705) vs oldopt=(dt=0.32,rms=0.532187)
#GCMRL#  397 dt   0.448000 rms  0.532  0.314% neg 0  invalid 762 tFOTS 4.1490 tGradient 0.9870 tsec 5.5090
#FOTS# QuadFit found better minimum quadopt=(dt=0.448,rms=0.530538) vs oldopt=(dt=0.32,rms=0.530871)
#GCMRL#  398 dt   0.448000 rms  0.531  0.220% neg 0  invalid 762 tFOTS 4.2310 tGradient 0.9580 tsec 5.5590
#FOTS# QuadFit found better minimum quadopt=(dt=0.53125,rms=0.529477) vs oldopt=(dt=0.32,rms=0.529891)
#GCMRL#  399 dt   0.531250 rms  0.529  0.200% neg 0  invalid 762 tFOTS 4.4140 tGradient 1.0710 tsec 5.8720
#FOTS# QuadFit found better minimum quadopt=(dt=0.448,rms=0.528802) vs oldopt=(dt=0.32,rms=0.528992)
#GCMRL#  400 dt   0.448000 rms  0.529  0.127% neg 0  invalid 762 tFOTS 4.3610 tGradient 1.0120 tsec 5.7390
#FOTS# QuadFit found better minimum quadopt=(dt=0.448,rms=0.528254) vs oldopt=(dt=0.32,rms=0.528406)
#GCMRL#  401 dt   0.448000 rms  0.528  0.104% neg 0  invalid 762 tFOTS 4.5120 tGradient 0.9680 tsec 5.8460
#FOTS# QuadFit found better minimum quadopt=(dt=0.448,rms=0.527792) vs oldopt=(dt=0.32,rms=0.527921)
#GCMRL#  402 dt   0.448000 rms  0.528  0.087% neg 0  invalid 762 tFOTS 4.5450 tGradient 0.9600 tsec 5.9570
#FOTS# QuadFit found better minimum quadopt=(dt=0.448,rms=0.527436) vs oldopt=(dt=0.32,rms=0.527538)
#GCMRL#  403 dt   0.448000 rms  0.527  0.068% neg 0  invalid 762 tFOTS 4.8020 tGradient 1.0340 tsec 6.2710
#FOTS# QuadFit found better minimum quadopt=(dt=0.448,rms=0.527089) vs oldopt=(dt=0.32,rms=0.52718)
#GCMRL#  404 dt   0.448000 rms  0.527  0.066% neg 0  invalid 762 tFOTS 4.7240 tGradient 1.0400 tsec 6.1610
#FOTS# QuadFit found better minimum quadopt=(dt=0.448,rms=0.526842) vs oldopt=(dt=0.32,rms=0.526915)
#GCMRL#  405 dt   0.448000 rms  0.527  0.000% neg 0  invalid 762 tFOTS 4.8090 tGradient 1.1160 tsec 6.3730
#GCMRL#  406 dt   0.448000 rms  0.527  0.053% neg 0  invalid 762 tFOTS 0.0000 tGradient 1.0950 tsec 1.5030
#GCMRL#  407 dt   0.448000 rms  0.526  0.076% neg 0  invalid 762 tFOTS 0.0000 tGradient 1.1500 tsec 1.5640
#GCMRL#  408 dt   0.448000 rms  0.526  0.098% neg 0  invalid 762 tFOTS 0.0000 tGradient 1.1010 tsec 1.5020
#GCMRL#  409 dt   0.448000 rms  0.525  0.115% neg 0  invalid 762 tFOTS 0.0000 tGradient 1.0790 tsec 1.4710
#GCMRL#  410 dt   0.448000 rms  0.524  0.105% neg 0  invalid 762 tFOTS 0.0000 tGradient 1.0680 tsec 1.4250
#GCMRL#  411 dt   0.448000 rms  0.524  0.084% neg 0  invalid 762 tFOTS 0.0000 tGradient 1.0490 tsec 1.4070
#GCMRL#  412 dt   0.448000 rms  0.524 -0.012% neg 0  invalid 762 tFOTS 0.0000 tGradient 0.9890 tsec 1.8300

#GCAMreg# pass 0 level1 0 level2 1 tsec 96.923 sigma 0.5
l_jacobian=1.00 l_label=1.00 l_log_likelihood=0.20 l_smoothness=2.00 
tol=5.00e-02, dt=5.00e-02, exp_k=20.0, momentum=0.90, levels=6, niter=500, lbl_dist=10.00, avgs=0, sigma=0.5,type=2, relabel=0, neg=no

blurring input image with Gaussian with sigma=0.500...
GCAMRegisterLevel(): init RMS 0.524824
#FOTS# QuadFit found better minimum quadopt=(dt=0.448,rms=0.519553) vs oldopt=(dt=0.32,rms=0.520787)
#GCMRL#  414 dt   0.448000 rms  0.520  1.004% neg 0  invalid 762 tFOTS 4.7900 tGradient 1.0690 tsec 6.2940
#FOTS# QuadFit found better minimum quadopt=(dt=0.448,rms=0.518922) vs oldopt=(dt=0.32,rms=0.5191)
#GCMRL#  415 dt   0.448000 rms  0.519  0.121% neg 0  invalid 762 tFOTS 4.9340 tGradient 1.2290 tsec 6.5230
#FOTS# QuadFit found better minimum quadopt=(dt=0.448,rms=0.518633) vs oldopt=(dt=0.32,rms=0.518705)
#GCMRL#  416 dt   0.448000 rms  0.519  0.056% neg 0  invalid 762 tFOTS 4.4800 tGradient 1.0670 tsec 5.9390
#FOTS# QuadFit found better minimum quadopt=(dt=0.448,rms=0.518577) vs oldopt=(dt=0.32,rms=0.518603)
#GCMRL#  417 dt   0.448000 rms  0.519  0.000% neg 0  invalid 762 tFOTS 4.5950 tGradient 1.0950 tsec 6.0830
#GCMRL#  418 dt   0.448000 rms  0.519  0.012% neg 0  invalid 762 tFOTS 0.0000 tGradient 0.9630 tsec 1.3080
#GCMRL#  419 dt   0.448000 rms  0.518  0.003% neg 0  invalid 762 tFOTS 0.0000 tGradient 0.9510 tsec 1.3310
GCAMregister done in 24.6696 min
********************* ALLOWING NEGATIVE NODES IN DEFORMATION********************************
noneg post
Starting GCAMregister()
label assignment complete, 0 changed (0.00%)
npasses = 1, nlevels = 6
#pass# 1 of 1 ************************
enabling zero nodes
setting smoothness cost coefficient to 0.008

#GCAMreg# pass 0 level1 5 level2 0 tsec 0 sigma 2
l_jacobian=1.00 l_label=1.00 l_log_likelihood=0.20 l_smoothness=0.01 
tol=2.50e-01, dt=5.00e-02, exp_k=20.0, momentum=0.90, levels=6, niter=500, lbl_dist=10.00, avgs=256, sigma=2.0,type=2, relabel=0, neg=yes

blurring input image with Gaussian with sigma=2.000...
GCAMRegisterLevel(): init RMS 0.516568
#FOTS# QuadFit found better minimum quadopt=(dt=32.368,rms=0.515777) vs oldopt=(dt=23.12,rms=0.515783)
#GCMRL#  421 dt  32.368000 rms  0.516  0.153% neg 0  invalid 762 tFOTS 6.1420 tGradient 2.9860 tsec 9.5360
#FOTS# QuadFit found better minimum quadopt=(dt=27.744,rms=0.515773) vs oldopt=(dt=23.12,rms=0.515773)
#GCMRL#  422 dt  27.744000 rms  0.516  0.000% neg 0  invalid 762 tFOTS 6.0730 tGradient 3.0150 tsec 9.5230
#GCMRL#  423 dt  27.744000 rms  0.516  0.000% neg 0  invalid 762 tFOTS 0.0000 tGradient 2.6900 tsec 3.0390

#GCAMreg# pass 0 level1 5 level2 1 tsec 35.18 sigma 0.5
l_jacobian=1.00 l_label=1.00 l_log_likelihood=0.20 l_smoothness=0.01 
tol=2.50e-01, dt=5.00e-02, exp_k=20.0, momentum=0.90, levels=6, niter=500, lbl_dist=10.00, avgs=256, sigma=0.5,type=2, relabel=0, neg=yes

blurring input image with Gaussian with sigma=0.500...
GCAMRegisterLevel(): init RMS 0.516511
#GCMRL#  425 dt  92.480000 rms  0.516  0.182% neg 0  invalid 762 tFOTS 5.7480 tGradient 2.4560 tsec 8.5850
#GCMRL#  426 dt  92.480000 rms  0.515  0.000% neg 0  invalid 762 tFOTS 5.8040 tGradient 2.5380 tsec 8.7380
#GCMRL#  427 dt  92.480000 rms  0.515  0.031% neg 0  invalid 762 tFOTS 0.0000 tGradient 2.4560 tsec 2.8330
#GCMRL#  428 dt  92.480000 rms  0.515  0.021% neg 0  invalid 762 tFOTS 0.0000 tGradient 2.9040 tsec 3.3040
setting smoothness cost coefficient to 0.031

#GCAMreg# pass 0 level1 4 level2 0 tsec 0 sigma 2
l_jacobian=1.00 l_label=1.00 l_log_likelihood=0.20 l_smoothness=0.03 
tol=2.50e-01, dt=5.00e-02, exp_k=20.0, momentum=0.90, levels=6, niter=500, lbl_dist=10.00, avgs=64, sigma=2.0,type=2, relabel=0, neg=yes

blurring input image with Gaussian with sigma=2.000...
GCAMRegisterLevel(): init RMS 0.515882
#FOTS# QuadFit found better minimum quadopt=(dt=36.288,rms=0.514528) vs oldopt=(dt=25.92,rms=0.514624)
#GCMRL#  430 dt  36.288000 rms  0.515  0.262% neg 0  invalid 762 tFOTS 5.3580 tGradient 2.0410 tsec 7.7680
#FOTS# QuadFit found better minimum quadopt=(dt=82.944,rms=0.514035) vs oldopt=(dt=103.68,rms=0.514097)
#GCMRL#  431 dt  82.944000 rms  0.514  0.000% neg 0  invalid 762 tFOTS 5.5310 tGradient 2.1230 tsec 8.0920
#GCMRL#  432 dt  82.944000 rms  0.513  0.116% neg 0  invalid 762 tFOTS 0.0000 tGradient 2.1310 tsec 2.5360
iter 0, gcam->neg = 1
after 7 iterations, nbhd size=1, neg = 0
#GCMRL#  433 dt  82.944000 rms  0.513  0.070% neg 0  invalid 762 tFOTS 0.0000 tGradient 2.5530 tsec 7.7590
iter 0, gcam->neg = 2
after 0 iterations, nbhd size=0, neg = 0

#GCAMreg# pass 0 level1 4 level2 1 tsec 40.365 sigma 0.5
l_jacobian=1.00 l_label=1.00 l_log_likelihood=0.20 l_smoothness=0.03 
tol=2.50e-01, dt=5.00e-02, exp_k=20.0, momentum=0.90, levels=6, niter=500, lbl_dist=10.00, avgs=64, sigma=0.5,type=2, relabel=0, neg=yes

blurring input image with Gaussian with sigma=0.500...
GCAMRegisterLevel(): init RMS 0.51394
#FOTS# QuadFit found better minimum quadopt=(dt=74.7481,rms=0.511507) vs oldopt=(dt=103.68,rms=0.511705)
iter 0, gcam->neg = 1
after 0 iterations, nbhd size=0, neg = 0
#GCMRL#  435 dt  74.748092 rms  0.512  0.473% neg 0  invalid 762 tFOTS 6.0280 tGradient 2.4690 tsec 9.9910
#FOTS# QuadFit found better minimum quadopt=(dt=36.288,rms=0.51064) vs oldopt=(dt=25.92,rms=0.510798)
#GCMRL#  436 dt  36.288000 rms  0.511  0.000% neg 0  invalid 762 tFOTS 5.7890 tGradient 2.1320 tsec 8.3630
#GCMRL#  437 dt  36.288000 rms  0.510  0.073% neg 0  invalid 762 tFOTS 0.0000 tGradient 2.5170 tsec 2.9370
#GCMRL#  438 dt  36.288000 rms  0.510  0.109% neg 0  invalid 762 tFOTS 0.0000 tGradient 2.3770 tsec 2.7320
#GCMRL#  439 dt  36.288000 rms  0.509  0.121% neg 0  invalid 762 tFOTS 0.0000 tGradient 2.3150 tsec 2.6970
#GCMRL#  440 dt  36.288000 rms  0.509  0.113% neg 0  invalid 762 tFOTS 0.0000 tGradient 2.2670 tsec 2.6140
#GCMRL#  441 dt  36.288000 rms  0.508  0.099% neg 0  invalid 762 tFOTS 0.0000 tGradient 2.0750 tsec 2.4370
#FOTS# QuadFit found better minimum quadopt=(dt=124.416,rms=0.507771) vs oldopt=(dt=103.68,rms=0.507784)
setting smoothness cost coefficient to 0.118

#GCAMreg# pass 0 level1 3 level2 0 tsec 0 sigma 2
l_jacobian=1.00 l_label=1.00 l_log_likelihood=0.20 l_smoothness=0.12 
tol=2.50e-01, dt=5.00e-02, exp_k=20.0, momentum=0.90, levels=6, niter=500, lbl_dist=10.00, avgs=16, sigma=2.0,type=2, relabel=0, neg=yes

blurring input image with Gaussian with sigma=2.000...
GCAMRegisterLevel(): init RMS 0.508888
#FOTS# QuadFit found better minimum quadopt=(dt=44.8,rms=0.503694) vs oldopt=(dt=32,rms=0.504022)
iter 0, gcam->neg = 7
after 8 iterations, nbhd size=1, neg = 0
#GCMRL#  443 dt  44.800000 rms  0.504  1.014% neg 0  invalid 762 tFOTS 5.3070 tGradient 1.9110 tsec 12.7380
#FOTS# QuadFit found better minimum quadopt=(dt=38.4,rms=0.500687) vs oldopt=(dt=32,rms=0.500809)
iter 0, gcam->neg = 3
after 1 iterations, nbhd size=0, neg = 0
#GCMRL#  444 dt  38.400000 rms  0.501  0.602% neg 0  invalid 762 tFOTS 5.3930 tGradient 1.8570 tsec 9.2320
#FOTS# QuadFit found better minimum quadopt=(dt=25.2444,rms=0.498979) vs oldopt=(dt=32,rms=0.499173)
#GCMRL#  445 dt  25.244444 rms  0.499  0.343% neg 0  invalid 762 tFOTS 5.4660 tGradient 1.9350 tsec 7.8370
#FOTS# QuadFit found better minimum quadopt=(dt=38.4,rms=0.497688) vs oldopt=(dt=32,rms=0.497691)
iter 0, gcam->neg = 1
after 0 iterations, nbhd size=0, neg = 0
#GCMRL#  446 dt  38.400000 rms  0.498  0.259% neg 0  invalid 762 tFOTS 5.6090 tGradient 1.8810 tsec 8.9760
#FOTS# QuadFit found better minimum quadopt=(dt=24.75,rms=0.496616) vs oldopt=(dt=32,rms=0.496776)
#GCMRL#  447 dt  24.750000 rms  0.497  0.000% neg 0  invalid 762 tFOTS 5.7170 tGradient 1.9230 tsec 8.0360
#GCMRL#  448 dt  24.750000 rms  0.496  0.173% neg 0  invalid 762 tFOTS 0.0000 tGradient 1.8100 tsec 2.1500
iter 0, gcam->neg = 1
after 7 iterations, nbhd size=1, neg = 0
#GCMRL#  449 dt  24.750000 rms  0.495  0.243% neg 0  invalid 762 tFOTS 0.0000 tGradient 1.8180 tsec 6.7510
iter 0, gcam->neg = 2
after 4 iterations, nbhd size=0, neg = 0
#GCMRL#  450 dt  24.750000 rms  0.493  0.280% neg 0  invalid 762 tFOTS 0.0000 tGradient 2.1930 tsec 5.6070
iter 0, gcam->neg = 12
after 9 iterations, nbhd size=1, neg = 0
#GCMRL#  451 dt  24.750000 rms  0.492  0.287% neg 0  invalid 762 tFOTS 0.0000 tGradient 1.7520 tsec 7.6830
iter 0, gcam->neg = 22
after 12 iterations, nbhd size=1, neg = 0
#GCMRL#  452 dt  24.750000 rms  0.491  0.253% neg 0  invalid 762 tFOTS 0.0000 tGradient 1.8600 tsec 9.2870
iter 0, gcam->neg = 21
after 12 iterations, nbhd size=1, neg = 0
#GCMRL#  453 dt  24.750000 rms  0.489  0.233% neg 0  invalid 762 tFOTS 0.0000 tGradient 1.9090 tsec 9.4720
iter 0, gcam->neg = 18
after 7 iterations, nbhd size=0, neg = 0
#GCMRL#  454 dt  24.750000 rms  0.488  0.192% neg 0  invalid 762 tFOTS 0.0000 tGradient 1.8520 tsec 6.9190
iter 0, gcam->neg = 15
after 12 iterations, nbhd size=1, neg = 0
#GCMRL#  455 dt  24.750000 rms  0.488  0.145% neg 0  invalid 762 tFOTS 0.0000 tGradient 2.1810 tsec 9.6720
iter 0, gcam->neg = 12
after 8 iterations, nbhd size=0, neg = 0
#GCMRL#  456 dt  24.750000 rms  0.487  0.136% neg 0  invalid 762 tFOTS 0.0000 tGradient 1.9040 tsec 7.3460
iter 0, gcam->neg = 11
after 13 iterations, nbhd size=1, neg = 0
#GCMRL#  457 dt  24.750000 rms  0.486  0.138% neg 0  invalid 762 tFOTS 0.0000 tGradient 1.9390 tsec 9.9500
iter 0, gcam->neg = 6
after 1 iterations, nbhd size=0, neg = 0
#GCMRL#  458 dt  24.750000 rms  0.485  0.193% neg 0  invalid 762 tFOTS 0.0000 tGradient 2.1160 tsec 4.0720
iter 0, gcam->neg = 13
after 14 iterations, nbhd size=1, neg = 0
#GCMRL#  459 dt  24.750000 rms  0.485  0.137% neg 0  invalid 762 tFOTS 0.0000 tGradient 2.3840 tsec 10.8400
iter 0, gcam->neg = 12
after 4 iterations, nbhd size=0, neg = 0
#GCMRL#  460 dt  24.750000 rms  0.484  0.080% neg 0  invalid 762 tFOTS 0.0000 tGradient 1.9780 tsec 5.3510
iter 0, gcam->neg = 9
after 11 iterations, nbhd size=1, neg = 0
#GCMRL#  461 dt  24.750000 rms  0.484  0.087% neg 0  invalid 762 tFOTS 0.0000 tGradient 1.7850 tsec 8.5450
iter 0, gcam->neg = 4
after 2 iterations, nbhd size=0, neg = 0
#GCMRL#  462 dt  24.750000 rms  0.483  0.118% neg 0  invalid 762 tFOTS 0.0000 tGradient 1.8260 tsec 4.2160
iter 0, gcam->neg = 7
after 13 iterations, nbhd size=1, neg = 0
#GCMRL#  463 dt  24.750000 rms  0.483  0.053% neg 0  invalid 762 tFOTS 0.0000 tGradient 2.1590 tsec 9.8760
#FOTS# QuadFit found better minimum quadopt=(dt=25.6,rms=0.482951) vs oldopt=(dt=32,rms=0.482979)
#GCMRL#  464 dt  25.600000 rms  0.483  0.000% neg 0  invalid 762 tFOTS 5.6970 tGradient 2.4340 tsec 8.5260
iter 0, gcam->neg = 2
after 4 iterations, nbhd size=0, neg = 0
#GCMRL#  465 dt  25.600000 rms  0.483  0.084% neg 0  invalid 762 tFOTS 0.0000 tGradient 2.0960 tsec 5.6200
#GCMRL#  466 dt  25.600000 rms  0.482  0.073% neg 0  invalid 762 tFOTS 0.0000 tGradient 2.3250 tsec 2.7090
iter 0, gcam->neg = 2
after 9 iterations, nbhd size=1, neg = 0

#GCAMreg# pass 0 level1 3 level2 1 tsec 199.715 sigma 0.5
l_jacobian=1.00 l_label=1.00 l_log_likelihood=0.20 l_smoothness=0.12 
tol=2.50e-01, dt=5.00e-02, exp_k=20.0, momentum=0.90, levels=6, niter=500, lbl_dist=10.00, avgs=16, sigma=0.5,type=2, relabel=0, neg=yes

blurring input image with Gaussian with sigma=0.500...
GCAMRegisterLevel(): init RMS 0.483067
#FOTS# QuadFit found better minimum quadopt=(dt=38.4,rms=0.479325) vs oldopt=(dt=32,rms=0.479421)
iter 0, gcam->neg = 1
after 1 iterations, nbhd size=0, neg = 0
#GCMRL#  468 dt  38.400000 rms  0.479  0.775% neg 0  invalid 762 tFOTS 5.8780 tGradient 2.1030 tsec 9.9610
#FOTS# QuadFit found better minimum quadopt=(dt=24.0792,rms=0.478457) vs oldopt=(dt=32,rms=0.478612)
#GCMRL#  469 dt  24.079208 rms  0.478  0.000% neg 0  invalid 762 tFOTS 5.3420 tGradient 2.2720 tsec 8.0020
#GCMRL#  470 dt  24.079208 rms  0.478  0.191% neg 0  invalid 762 tFOTS 0.0000 tGradient 1.8340 tsec 2.1730
#GCMRL#  471 dt  24.079208 rms  0.477  0.176% neg 0  invalid 762 tFOTS 0.0000 tGradient 1.8960 tsec 2.2380
#GCMRL#  472 dt  24.079208 rms  0.476  0.125% neg 0  invalid 762 tFOTS 0.0000 tGradient 2.0830 tsec 2.4230
#GCMRL#  473 dt  24.079208 rms  0.475  0.147% neg 0  invalid 762 tFOTS 0.0000 tGradient 1.9560 tsec 2.2970
#GCMRL#  474 dt  24.079208 rms  0.475  0.104% neg 0  invalid 762 tFOTS 0.0000 tGradient 1.8480 tsec 2.1820
iter 0, gcam->neg = 1
after 2 iterations, nbhd size=0, neg = 0
#GCMRL#  475 dt  24.079208 rms  0.475  0.048% neg 0  invalid 762 tFOTS 0.0000 tGradient 1.8170 tsec 4.2970
#GCMRL#  476 dt  32.000000 rms  0.474  0.071% neg 0  invalid 762 tFOTS 6.0480 tGradient 2.0450 tsec 8.4950
#FOTS# QuadFit found better minimum quadopt=(dt=19.2,rms=0.474128) vs oldopt=(dt=32,rms=0.474181)
#GCMRL#  477 dt  19.200000 rms  0.474  0.000% neg 0  invalid 762 tFOTS 5.3370 tGradient 2.0340 tsec 7.8000
#GCMRL#  478 dt  19.200000 rms  0.474  0.028% neg 0  invalid 762 tFOTS 0.0000 tGradient 2.0620 tsec 2.4330
#GCMRL#  479 dt  19.200000 rms  0.474  0.038% neg 0  invalid 762 tFOTS 0.0000 tGradient 2.0150 tsec 2.3730
#GCMRL#  480 dt  19.200000 rms  0.474  0.037% neg 0  invalid 762 tFOTS 0.0000 tGradient 1.9700 tsec 2.3030
#GCMRL#  481 dt  19.200000 rms  0.473  0.050% neg 0  invalid 762 tFOTS 0.0000 tGradient 1.9450 tsec 2.3220
setting smoothness cost coefficient to 0.400

#GCAMreg# pass 0 level1 2 level2 0 tsec 0 sigma 2
l_jacobian=1.00 l_label=1.00 l_log_likelihood=0.20 l_smoothness=0.40 
tol=2.50e-01, dt=5.00e-02, exp_k=20.0, momentum=0.90, levels=6, niter=500, lbl_dist=10.00, avgs=4, sigma=2.0,type=2, relabel=0, neg=yes

blurring input image with Gaussian with sigma=2.000...
GCAMRegisterLevel(): init RMS 0.481897
#GCMRL#  483 dt   0.000000 rms  0.481  0.160% neg 0  invalid 762 tFOTS 5.5710 tGradient 1.6450 tsec 7.6110

#GCAMreg# pass 0 level1 2 level2 1 tsec 24.644 sigma 0.5
l_jacobian=1.00 l_label=1.00 l_log_likelihood=0.20 l_smoothness=0.40 
tol=2.50e-01, dt=5.00e-02, exp_k=20.0, momentum=0.90, levels=6, niter=500, lbl_dist=10.00, avgs=4, sigma=0.5,type=2, relabel=0, neg=yes

blurring input image with Gaussian with sigma=0.500...
GCAMRegisterLevel(): init RMS 0.481897
#FOTS# QuadFit found better minimum quadopt=(dt=1.008,rms=0.481086) vs oldopt=(dt=0.72,rms=0.481093)
#GCMRL#  485 dt   1.008000 rms  0.481  0.168% neg 0  invalid 762 tFOTS 4.9970 tGradient 1.5640 tsec 6.9040
#FOTS# QuadFit found better minimum quadopt=(dt=0.864,rms=0.481063) vs oldopt=(dt=0.72,rms=0.481063)
#GCMRL#  486 dt   0.864000 rms  0.481  0.000% neg 0  invalid 762 tFOTS 4.8540 tGradient 1.5900 tsec 6.8230
#GCMRL#  487 dt   0.864000 rms  0.481  0.002% neg 0  invalid 762 tFOTS 0.0000 tGradient 1.6020 tsec 1.9450
setting smoothness cost coefficient to 1.000

#GCAMreg# pass 0 level1 1 level2 0 tsec 0 sigma 2
l_jacobian=1.00 l_label=1.00 l_log_likelihood=0.20 l_smoothness=1.00 
tol=2.50e-01, dt=5.00e-02, exp_k=20.0, momentum=0.90, levels=6, niter=500, lbl_dist=10.00, avgs=1, sigma=2.0,type=2, relabel=0, neg=yes

blurring input image with Gaussian with sigma=2.000...
GCAMRegisterLevel(): init RMS 0.4965
#FOTS# QuadFit found better minimum quadopt=(dt=1.024,rms=0.494398) vs oldopt=(dt=1.28,rms=0.494399)
#GCMRL#  489 dt   1.024000 rms  0.494  0.423% neg 0  invalid 762 tFOTS 5.3420 tGradient 1.6340 tsec 7.3110
#FOTS# QuadFit found better minimum quadopt=(dt=0.448,rms=0.49426) vs oldopt=(dt=0.32,rms=0.494274)
#GCMRL#  490 dt   0.448000 rms  0.494  0.000% neg 0  invalid 762 tFOTS 5.1320 tGradient 1.4270 tsec 7.0070

#GCAMreg# pass 0 level1 1 level2 1 tsec 26.652 sigma 0.5
l_jacobian=1.00 l_label=1.00 l_log_likelihood=0.20 l_smoothness=1.00 
tol=2.50e-01, dt=5.00e-02, exp_k=20.0, momentum=0.90, levels=6, niter=500, lbl_dist=10.00, avgs=1, sigma=0.5,type=2, relabel=0, neg=yes

blurring input image with Gaussian with sigma=0.500...
GCAMRegisterLevel(): init RMS 0.495067
#GCMRL#  492 dt   1.280000 rms  0.493  0.341% neg 0  invalid 762 tFOTS 5.6690 tGradient 1.6310 tsec 7.7150
#FOTS# QuadFit found better minimum quadopt=(dt=0.448,rms=0.493246) vs oldopt=(dt=0.32,rms=0.49327)
#GCMRL#  493 dt   0.448000 rms  0.493  0.000% neg 0  invalid 762 tFOTS 5.8940 tGradient 1.8220 tsec 8.1410
#GCMRL#  494 dt   0.448000 rms  0.493  0.014% neg 0  invalid 762 tFOTS 0.0000 tGradient 1.7530 tsec 2.1560
resetting metric properties...
setting smoothness cost coefficient to 2.000

#GCAMreg# pass 0 level1 0 level2 0 tsec 0 sigma 2
l_jacobian=1.00 l_label=1.00 l_log_likelihood=0.20 l_smoothness=2.00 
tol=2.50e-01, dt=5.00e-02, exp_k=20.0, momentum=0.90, levels=6, niter=500, lbl_dist=10.00, avgs=0, sigma=2.0,type=2, relabel=0, neg=yes

blurring input image with Gaussian with sigma=2.000...
GCAMRegisterLevel(): init RMS 0.481831
#FOTS# QuadFit found better minimum quadopt=(dt=2.29185,rms=0.440304) vs oldopt=(dt=1.28,rms=0.448375)
iter 0, gcam->neg = 916
after 16 iterations, nbhd size=1, neg = 0
#GCMRL#  496 dt   2.291845 rms  0.443  7.960% neg 0  invalid 762 tFOTS 5.8670 tGradient 1.1260 tsec 16.0270
#FOTS# QuadFit found better minimum quadopt=(dt=0.096,rms=0.443079) vs oldopt=(dt=0.08,rms=0.443089)
#GCMRL#  497 dt   0.096000 rms  0.443  0.000% neg 0  invalid 762 tFOTS 5.6430 tGradient 0.9390 tsec 7.0370

#GCAMreg# pass 0 level1 0 level2 1 tsec 34.142 sigma 0.5
l_jacobian=1.00 l_label=1.00 l_log_likelihood=0.20 l_smoothness=2.00 
tol=2.50e-01, dt=5.00e-02, exp_k=20.0, momentum=0.90, levels=6, niter=500, lbl_dist=10.00, avgs=0, sigma=0.5,type=2, relabel=0, neg=yes

blurring input image with Gaussian with sigma=0.500...
GCAMRegisterLevel(): init RMS 0.444082
#FOTS# QuadFit found better minimum quadopt=(dt=0.064,rms=0.442906) vs oldopt=(dt=0.08,rms=0.442913)
#GCMRL#  499 dt   0.064000 rms  0.443  0.265% neg 0  invalid 762 tFOTS 5.4370 tGradient 0.9270 tsec 6.7950
#FOTS# QuadFit found better minimum quadopt=(dt=0.0015,rms=0.442906) vs oldopt=(dt=0.00125,rms=0.442906)
#GCMRL#  500 dt   0.001500 rms  0.443  0.000% neg 0  invalid 762 tFOTS 5.8060 tGradient 0.8950 tsec 7.3320
#GCMRL#  501 dt   0.001500 rms  0.443  0.000% neg 0  invalid 762 tFOTS 0.0000 tGradient 0.8930 tsec 1.2280
#GCMRL#  502 dt   0.001500 rms  0.443  0.002% neg 0  invalid 762 tFOTS 0.0000 tGradient 0.8730 tsec 1.1970
label assignment complete, 0 changed (0.00%)
GCAMregister done in 9.22595 min
Starting GCAMcomputeMaxPriorLabels()
Morphing with label term set to 0 *******************************
Starting GCAMregister()
label assignment complete, 0 changed (0.00%)
npasses = 1, nlevels = 6
#pass# 1 of 1 ************************
enabling zero nodes
setting smoothness cost coefficient to 0.008

#GCAMreg# pass 0 level1 5 level2 0 tsec 0 sigma 2
l_jacobian=1.00 l_log_likelihood=0.20 l_smoothness=0.01 
tol=2.50e-01, dt=5.00e-02, exp_k=20.0, momentum=0.90, levels=6, niter=500, lbl_dist=10.00, avgs=256, sigma=2.0,type=2, relabel=0, neg=yes

blurring input image with Gaussian with sigma=2.000...
GCAMRegisterLevel(): init RMS 0.426889

#GCAMreg# pass 0 level1 5 level2 1 tsec 15.915 sigma 0.5
l_jacobian=1.00 l_log_likelihood=0.20 l_smoothness=0.01 
tol=2.50e-01, dt=5.00e-02, exp_k=20.0, momentum=0.90, levels=6, niter=500, lbl_dist=10.00, avgs=256, sigma=0.5,type=2, relabel=0, neg=yes

blurring input image with Gaussian with sigma=0.500...
GCAMRegisterLevel(): init RMS 0.426889
#FOTS# QuadFit found better minimum quadopt=(dt=-0.00260417,rms=0.426889) vs oldopt=(dt=0.00564453,rms=0.426889)
#GCMRL#  505 dt  -0.002604 rms  0.427  0.000% neg 0  invalid 762 tFOTS 6.3060 tGradient 1.5640 tsec 8.1940
setting smoothness cost coefficient to 0.031

#GCAMreg# pass 0 level1 4 level2 0 tsec 0 sigma 2
l_jacobian=1.00 l_log_likelihood=0.20 l_smoothness=0.03 
tol=2.50e-01, dt=5.00e-02, exp_k=20.0, momentum=0.90, levels=6, niter=500, lbl_dist=10.00, avgs=64, sigma=2.0,type=2, relabel=0, neg=yes

blurring input image with Gaussian with sigma=2.000...
GCAMRegisterLevel(): init RMS 0.427089

#GCAMreg# pass 0 level1 4 level2 1 tsec 16.394 sigma 0.5
l_jacobian=1.00 l_log_likelihood=0.20 l_smoothness=0.03 
tol=2.50e-01, dt=5.00e-02, exp_k=20.0, momentum=0.90, levels=6, niter=500, lbl_dist=10.00, avgs=64, sigma=0.5,type=2, relabel=0, neg=yes

blurring input image with Gaussian with sigma=0.500...
GCAMRegisterLevel(): init RMS 0.427089
#FOTS# QuadFit found better minimum quadopt=(dt=36.288,rms=0.426934) vs oldopt=(dt=25.92,rms=0.426948)
#GCMRL#  508 dt  36.288000 rms  0.427  0.036% neg 0  invalid 762 tFOTS 4.9130 tGradient 1.4290 tsec 6.7180
#FOTS# QuadFit found better minimum quadopt=(dt=82.944,rms=0.42681) vs oldopt=(dt=103.68,rms=0.426825)
#GCMRL#  509 dt  82.944000 rms  0.427  0.000% neg 0  invalid 762 tFOTS 4.2500 tGradient 1.4380 tsec 6.0140
#GCMRL#  510 dt  82.944000 rms  0.427  0.037% neg 0  invalid 762 tFOTS 0.0000 tGradient 1.2280 tsec 1.5270
#GCMRL#  511 dt  82.944000 rms  0.427  0.026% neg 0  invalid 762 tFOTS 0.0000 tGradient 1.2570 tsec 1.5890
setting smoothness cost coefficient to 0.118

#GCAMreg# pass 0 level1 3 level2 0 tsec 0 sigma 2
l_jacobian=1.00 l_log_likelihood=0.20 l_smoothness=0.12 
tol=2.50e-01, dt=5.00e-02, exp_k=20.0, momentum=0.90, levels=6, niter=500, lbl_dist=10.00, avgs=16, sigma=2.0,type=2, relabel=0, neg=yes

blurring input image with Gaussian with sigma=2.000...
GCAMRegisterLevel(): init RMS 0.42731
#FOTS# QuadFit found better minimum quadopt=(dt=11.2,rms=0.426792) vs oldopt=(dt=8,rms=0.426885)
#GCMRL#  513 dt  11.200000 rms  0.427  0.121% neg 0  invalid 762 tFOTS 4.7770 tGradient 1.1360 tsec 6.2410
#FOTS# QuadFit found better minimum quadopt=(dt=11.2,rms=0.426587) vs oldopt=(dt=8,rms=0.426617)
#GCMRL#  514 dt  11.200000 rms  0.427  0.000% neg 0  invalid 762 tFOTS 5.0830 tGradient 1.1510 tsec 6.6020
#GCMRL#  515 dt  11.200000 rms  0.426  0.023% neg 0  invalid 762 tFOTS 0.0000 tGradient 1.1700 tsec 1.4980

#GCAMreg# pass 0 level1 3 level2 1 tsec 25.348 sigma 0.5
l_jacobian=1.00 l_log_likelihood=0.20 l_smoothness=0.12 
tol=2.50e-01, dt=5.00e-02, exp_k=20.0, momentum=0.90, levels=6, niter=500, lbl_dist=10.00, avgs=16, sigma=0.5,type=2, relabel=0, neg=yes

blurring input image with Gaussian with sigma=0.500...
GCAMRegisterLevel(): init RMS 0.426489
#FOTS# QuadFit found better minimum quadopt=(dt=44.8,rms=0.424011) vs oldopt=(dt=32,rms=0.424317)
#GCMRL#  517 dt  44.800000 rms  0.424  0.581% neg 0  invalid 762 tFOTS 4.7410 tGradient 1.1570 tsec 6.3050
#GCMRL#  518 dt  32.000000 rms  0.423  0.000% neg 0  invalid 762 tFOTS 4.6610 tGradient 1.1730 tsec 6.1880
#GCMRL#  519 dt  32.000000 rms  0.422  0.176% neg 0  invalid 762 tFOTS 0.0000 tGradient 1.1760 tsec 1.4870
iter 0, gcam->neg = 1
after 0 iterations, nbhd size=0, neg = 0
#GCMRL#  520 dt  32.000000 rms  0.421  0.214% neg 0  invalid 762 tFOTS 0.0000 tGradient 1.1580 tsec 2.6210
iter 0, gcam->neg = 8
after 11 iterations, nbhd size=1, neg = 0
#GCMRL#  521 dt  32.000000 rms  0.421  0.207% neg 0  invalid 762 tFOTS 0.0000 tGradient 1.2610 tsec 8.4680
iter 0, gcam->neg = 2
after 7 iterations, nbhd size=1, neg = 0
#GCMRL#  522 dt  32.000000 rms  0.420  0.173% neg 0  invalid 762 tFOTS 0.0000 tGradient 1.4170 tsec 6.6180
iter 0, gcam->neg = 1
after 2 iterations, nbhd size=0, neg = 0
#GCMRL#  523 dt  32.000000 rms  0.419  0.192% neg 0  invalid 762 tFOTS 0.0000 tGradient 1.4750 tsec 3.9450
iter 0, gcam->neg = 6
after 2 iterations, nbhd size=0, neg = 0
#GCMRL#  524 dt  32.000000 rms  0.418  0.153% neg 0  invalid 762 tFOTS 0.0000 tGradient 1.1610 tsec 3.5820
iter 0, gcam->neg = 5
after 2 iterations, nbhd size=0, neg = 0
#GCMRL#  525 dt  32.000000 rms  0.418  0.142% neg 0  invalid 762 tFOTS 0.0000 tGradient 1.1490 tsec 3.7170
iter 0, gcam->neg = 1
after 0 iterations, nbhd size=0, neg = 0
#GCMRL#  526 dt  32.000000 rms  0.417  0.169% neg 0  invalid 762 tFOTS 0.0000 tGradient 1.1630 tsec 2.7120
iter 0, gcam->neg = 4
after 10 iterations, nbhd size=1, neg = 0
#GCMRL#  527 dt  32.000000 rms  0.416  0.163% neg 0  invalid 762 tFOTS 0.0000 tGradient 1.0670 tsec 7.5320
iter 0, gcam->neg = 6
after 8 iterations, nbhd size=0, neg = 0
#GCMRL#  528 dt  32.000000 rms  0.416  0.125% neg 0  invalid 762 tFOTS 0.0000 tGradient 1.1160 tsec 6.6110
iter 0, gcam->neg = 9
after 4 iterations, nbhd size=0, neg = 0
#GCMRL#  529 dt  32.000000 rms  0.416  0.070% neg 0  invalid 762 tFOTS 0.0000 tGradient 1.0780 tsec 4.6100
iter 0, gcam->neg = 1
after 1 iterations, nbhd size=0, neg = 0
#GCMRL#  530 dt  32.000000 rms  0.416  0.000% neg 0  invalid 762 tFOTS 4.9160 tGradient 1.0890 tsec 8.0180
iter 0, gcam->neg = 1
after 0 iterations, nbhd size=0, neg = 0
#GCMRL#  531 dt  32.000000 rms  0.416  0.006% neg 0  invalid 762 tFOTS 0.0000 tGradient 1.0690 tsec 2.4990
#GCMRL#  532 dt  32.000000 rms  0.415  0.008% neg 0  invalid 762 tFOTS 0.0000 tGradient 1.0530 tsec 1.3740
#GCMRL#  533 dt  32.000000 rms  0.415  0.013% neg 0  invalid 762 tFOTS 0.0000 tGradient 1.0600 tsec 1.3810
iter 0, gcam->neg = 2
after 2 iterations, nbhd size=0, neg = 0
#GCMRL#  534 dt  32.000000 rms  0.415  0.031% neg 0  invalid 762 tFOTS 0.0000 tGradient 1.3160 tsec 3.8350
iter 0, gcam->neg = 2
after 3 iterations, nbhd size=0, neg = 0
#GCMRL#  535 dt  32.000000 rms  0.415  0.047% neg 0  invalid 762 tFOTS 0.0000 tGradient 1.0860 tsec 3.9970
iter 0, gcam->neg = 3
after 3 iterations, nbhd size=0, neg = 0
#GCMRL#  536 dt  32.000000 rms  0.415  0.030% neg 0  invalid 762 tFOTS 0.0000 tGradient 1.0630 tsec 3.9810
iter 0, gcam->neg = 5
after 14 iterations, nbhd size=1, neg = 0
setting smoothness cost coefficient to 0.400

#GCAMreg# pass 0 level1 2 level2 0 tsec 0 sigma 2
l_jacobian=1.00 l_log_likelihood=0.20 l_smoothness=0.40 
tol=2.50e-01, dt=5.00e-02, exp_k=20.0, momentum=0.90, levels=6, niter=500, lbl_dist=10.00, avgs=4, sigma=2.0,type=2, relabel=0, neg=yes

blurring input image with Gaussian with sigma=2.000...
GCAMRegisterLevel(): init RMS 0.419974
#FOTS# QuadFit found better minimum quadopt=(dt=0.576,rms=0.419969) vs oldopt=(dt=0.72,rms=0.419969)
#GCMRL#  538 dt   0.576000 rms  0.420  0.001% neg 0  invalid 762 tFOTS 4.7480 tGradient 1.0220 tsec 6.0970
#FOTS# QuadFit found better minimum quadopt=(dt=0.063,rms=0.419969) vs oldopt=(dt=0.045,rms=0.419969)
#GCMRL#  539 dt   0.063000 rms  0.420  0.000% neg 0  invalid 762 tFOTS 4.6270 tGradient 1.0010 tsec 5.9750
#GCMRL#  540 dt   0.063000 rms  0.420  0.000% neg 0  invalid 762 tFOTS 0.0000 tGradient 1.0280 tsec 1.3350

#GCAMreg# pass 0 level1 2 level2 1 tsec 24.31 sigma 0.5
l_jacobian=1.00 l_log_likelihood=0.20 l_smoothness=0.40 
tol=2.50e-01, dt=5.00e-02, exp_k=20.0, momentum=0.90, levels=6, niter=500, lbl_dist=10.00, avgs=4, sigma=0.5,type=2, relabel=0, neg=yes

blurring input image with Gaussian with sigma=0.500...
GCAMRegisterLevel(): init RMS 0.419969
#GCMRL#  542 dt   2.880000 rms  0.420  0.016% neg 0  invalid 762 tFOTS 4.7120 tGradient 1.0060 tsec 6.0530
#FOTS# QuadFit found better minimum quadopt=(dt=1.008,rms=0.419889) vs oldopt=(dt=0.72,rms=0.419891)
#GCMRL#  543 dt   1.008000 rms  0.420  0.000% neg 0  invalid 762 tFOTS 4.4210 tGradient 0.9950 tsec 5.7640
#GCMRL#  544 dt   1.008000 rms  0.420  0.002% neg 0  invalid 762 tFOTS 0.0000 tGradient 1.0000 tsec 1.3100
setting smoothness cost coefficient to 1.000

#GCAMreg# pass 0 level1 1 level2 0 tsec 0 sigma 2
l_jacobian=1.00 l_log_likelihood=0.20 l_smoothness=1.00 
tol=2.50e-01, dt=5.00e-02, exp_k=20.0, momentum=0.90, levels=6, niter=500, lbl_dist=10.00, avgs=1, sigma=2.0,type=2, relabel=0, neg=yes

blurring input image with Gaussian with sigma=2.000...
GCAMRegisterLevel(): init RMS 0.429286

#GCAMreg# pass 0 level1 1 level2 1 tsec 15.211 sigma 0.5
l_jacobian=1.00 l_log_likelihood=0.20 l_smoothness=1.00 
tol=2.50e-01, dt=5.00e-02, exp_k=20.0, momentum=0.90, levels=6, niter=500, lbl_dist=10.00, avgs=1, sigma=0.5,type=2, relabel=0, neg=yes

blurring input image with Gaussian with sigma=0.500...
GCAMRegisterLevel(): init RMS 0.429286
resetting metric properties...
setting smoothness cost coefficient to 2.000

#GCAMreg# pass 0 level1 0 level2 0 tsec 0 sigma 2
l_jacobian=1.00 l_log_likelihood=0.20 l_smoothness=2.00 
tol=2.50e-01, dt=5.00e-02, exp_k=20.0, momentum=0.90, levels=6, niter=500, lbl_dist=10.00, avgs=0, sigma=2.0,type=2, relabel=0, neg=yes

blurring input image with Gaussian with sigma=2.000...
GCAMRegisterLevel(): init RMS 0.413491
#FOTS# QuadFit found better minimum quadopt=(dt=1.17942,rms=0.402479) vs oldopt=(dt=1.28,rms=0.402517)
iter 0, gcam->neg = 508
after 14 iterations, nbhd size=1, neg = 0
#GCMRL#  548 dt   1.179422 rms  0.404  2.183% neg 0  invalid 762 tFOTS 5.6470 tGradient 0.5010 tsec 14.8330
#FOTS# QuadFit found better minimum quadopt=(dt=2.73438e-05,rms=0.404466) vs oldopt=(dt=1.95313e-05,rms=0.404466)
#GCMRL#  549 dt   0.000027 rms  0.404  0.000% neg 0  invalid 762 tFOTS 5.6900 tGradient 0.4150 tsec 6.4240

#GCAMreg# pass 0 level1 0 level2 1 tsec 31.572 sigma 0.5
l_jacobian=1.00 l_log_likelihood=0.20 l_smoothness=2.00 
tol=2.50e-01, dt=5.00e-02, exp_k=20.0, momentum=0.90, levels=6, niter=500, lbl_dist=10.00, avgs=0, sigma=0.5,type=2, relabel=0, neg=yes

blurring input image with Gaussian with sigma=0.500...
GCAMRegisterLevel(): init RMS 0.404466
#FOTS# QuadFit found better minimum quadopt=(dt=0.112,rms=0.404081) vs oldopt=(dt=0.08,rms=0.404139)
#GCMRL#  551 dt   0.112000 rms  0.404  0.095% neg 0  invalid 762 tFOTS 4.4370 tGradient 0.3800 tsec 5.1370
#FOTS# QuadFit found better minimum quadopt=(dt=0.112,rms=0.403893) vs oldopt=(dt=0.08,rms=0.403917)
#GCMRL#  552 dt   0.112000 rms  0.404  0.000% neg 0  invalid 762 tFOTS 5.0850 tGradient 0.4440 tsec 5.8850
#GCMRL#  553 dt   0.112000 rms  0.404  0.038% neg 0  invalid 762 tFOTS 0.0000 tGradient 0.3790 tsec 0.6930
#GCMRL#  554 dt   0.112000 rms  0.404  0.006% neg 0  invalid 762 tFOTS 0.0000 tGradient 0.4580 tsec 0.8040
GCAMregister done in 5.04965 min
writing output transformation to transforms/talairach.m3z...
GCAMwrite
Calls to gcamLogLikelihoodEnergy 4263 tmin = 2.06533
Calls to gcamLabelEnergy         3763 tmin = 1.52237
Calls to gcamJacobianEnergy      4263 tmin = 1.01168
Calls to gcamSmoothnessEnergy    4263 tmin = 5.26848
Calls to gcamLogLikelihoodTerm 556 tmin = 0.959733
Calls to gcamLabelTerm         504 tmin = 5.96993
Calls to gcamJacobianTerm      556 tmin = 1.2203
Calls to gcamSmoothnessTerm    556 tmin = 0.4793
Calls to gcamComputeGradient    556 tmin = 18.9998
Calls to gcamComputeMetricProperties    6025 tmin = 2.43895
mri_ca_register took 0 hours, 50 minutes and 38 seconds.
#VMPC# mri_ca_register VmPeak  3117156
FSRUNTIME@ mri_ca_register  0.8440 hours 16 threads
#--------------------------------------
#@# SubCort Seg Fri Mar  6 16:40:26 CET 2026

 mri_ca_label -relabel_unlikely 9 .3 -prior 0.5 -align norm.mgz transforms/talairach.m3z /opt/freesurfer/average/RB_all_2020-01-02.gca aseg.auto_noCCseg.mgz 

sysname  Linux
hostname dna061
machine  x86_64

setenv SUBJECTS_DIR /out/sourcedata/freesurfer
cd /out/sourcedata/freesurfer/sub-v1s10x0051124_ses-1/mri
mri_ca_label -relabel_unlikely 9 .3 -prior 0.5 -align norm.mgz transforms/talairach.m3z /opt/freesurfer/average/RB_all_2020-01-02.gca aseg.auto_noCCseg.mgz 

relabeling unlikely voxels with window_size = 9 and prior threshold 0.30
using Gibbs prior factor = 0.500
renormalizing sequences with structure alignment, equivalent to:
	-renormalize
	-renormalize_mean 0.500
	-regularize 0.500

== Number of threads available to for OpenMP = 16 == 
reading 1 input volumes
reading classifier array from /opt/freesurfer/average/RB_all_2020-01-02.gca
reading input volume from norm.mgz
average std[0] = 7.2
reading transform from transforms/talairach.m3z
setting orig areas to linear transform determinant scaled 7.07
Atlas used for the 3D morph was /opt/freesurfer/average/RB_all_2020-01-02.gca
average std = 7.2   using min determinant for regularization = 5.2
0 singular and 0 ill-conditioned covariance matrices regularized
labeling volume...
renormalizing by structure alignment....
renormalizing input #0
gca peak = 0.15521 (20)
mri peak = 0.11869 ( 2)
Left_Lateral_Ventricle (4): linear fit = 0.05 x + 0.0 (2027 voxels, overlap=0.007)
Left_Lateral_Ventricle (4): linear fit = 0.40 x + 0.0 (2027 voxels, peak =  1), gca=8.0
gca peak = 0.20380 (13)
mri peak = 0.10951 ( 5)
Right_Lateral_Ventricle (43): linear fit = 0.31 x + 0.0 (949 voxels, overlap=0.009)
Right_Lateral_Ventricle (43): linear fit = 0.40 x + 0.0 (949 voxels, peak =  4), gca=5.2
gca peak = 0.26283 (96)
mri peak = 0.12761 (97)
Right_Pallidum (52): linear fit = 1.00 x + 0.0 (862 voxels, overlap=1.004)
Right_Pallidum (52): linear fit = 1.00 x + 0.0 (862 voxels, peak = 96), gca=95.5
gca peak = 0.15814 (97)
mri peak = 0.15812 (97)
Left_Pallidum (13): linear fit = 1.01 x + 0.0 (936 voxels, overlap=1.001)
Left_Pallidum (13): linear fit = 1.01 x + 0.0 (936 voxels, peak = 98), gca=98.5
gca peak = 0.27624 (56)
mri peak = 0.12966 (60)
Right_Hippocampus (53): linear fit = 1.04 x + 0.0 (1112 voxels, overlap=1.009)
Right_Hippocampus (53): linear fit = 1.04 x + 0.0 (1112 voxels, peak = 59), gca=58.5
gca peak = 0.28723 (59)
mri peak = 0.13389 (60)
Left_Hippocampus (17): linear fit = 1.00 x + 0.0 (1331 voxels, overlap=1.006)
Left_Hippocampus (17): linear fit = 1.00 x + 0.0 (1331 voxels, peak = 59), gca=59.0
gca peak = 0.07623 (103)
mri peak = 0.12959 (107)
Right_Cerebral_White_Matter (41): linear fit = 1.02 x + 0.0 (44721 voxels, overlap=0.569)
Right_Cerebral_White_Matter (41): linear fit = 1.02 x + 0.0 (44721 voxels, peak = 106), gca=105.6
gca peak = 0.07837 (105)
mri peak = 0.11775 (108)
Left_Cerebral_White_Matter (2): linear fit = 1.02 x + 0.0 (42480 voxels, overlap=0.525)
Left_Cerebral_White_Matter (2): linear fit = 1.02 x + 0.0 (42480 voxels, peak = 108), gca=107.6
gca peak = 0.10165 (58)
mri peak = 0.04920 (53)
Left_Cerebral_Cortex (3): linear fit = 0.92 x + 0.0 (40591 voxels, overlap=0.876)
Left_Cerebral_Cortex (3): linear fit = 0.92 x + 0.0 (40591 voxels, peak = 53), gca=53.1
gca peak = 0.11113 (58)
mri peak = 0.05224 (51)
Right_Cerebral_Cortex (42): linear fit = 0.88 x + 0.0 (39890 voxels, overlap=0.903)
Right_Cerebral_Cortex (42): linear fit = 0.88 x + 0.0 (39890 voxels, peak = 51), gca=51.3
gca peak = 0.27796 (67)
mri peak = 0.12144 (70)
Right_Caudate (50): linear fit = 1.01 x + 0.0 (1887 voxels, overlap=1.006)
Right_Caudate (50): linear fit = 1.01 x + 0.0 (1887 voxels, peak = 68), gca=68.0
gca peak = 0.14473 (69)
mri peak = 0.10809 (70)
Left_Caudate (11): linear fit = 0.96 x + 0.0 (1877 voxels, overlap=0.780)
Left_Caudate (11): linear fit = 0.96 x + 0.0 (1877 voxels, peak = 67), gca=66.6
gca peak = 0.14301 (56)
mri peak = 0.05215 (48)
Left_Cerebellum_Cortex (8): linear fit = 0.81 x + 0.0 (26796 voxels, overlap=0.360)
Left_Cerebellum_Cortex (8): linear fit = 0.81 x + 0.0 (26796 voxels, peak = 45), gca=45.1
gca peak = 0.14610 (55)
mri peak = 0.04944 (48)
Right_Cerebellum_Cortex (47): linear fit = 0.81 x + 0.0 (27505 voxels, overlap=0.098)
Right_Cerebellum_Cortex (47): linear fit = 0.81 x + 0.0 (27505 voxels, peak = 44), gca=44.3
gca peak = 0.16309 (85)
mri peak = 0.07371 (81)
Left_Cerebellum_White_Matter (7): linear fit = 0.95 x + 0.0 (7964 voxels, overlap=0.988)
Left_Cerebellum_White_Matter (7): linear fit = 0.95 x + 0.0 (7964 voxels, peak = 81), gca=81.2
gca peak = 0.15172 (84)
mri peak = 0.08035 (81)
Right_Cerebellum_White_Matter (46): linear fit = 0.99 x + 0.0 (6532 voxels, overlap=0.996)
Right_Cerebellum_White_Matter (46): linear fit = 0.99 x + 0.0 (6532 voxels, peak = 83), gca=82.7
gca peak = 0.30461 (58)
mri peak = 0.19962 (60)
Left_Amygdala (18): linear fit = 1.01 x + 0.0 (524 voxels, overlap=1.020)
Left_Amygdala (18): linear fit = 1.01 x + 0.0 (524 voxels, peak = 59), gca=58.9
gca peak = 0.32293 (57)
mri peak = 0.10221 (60)
Right_Amygdala (54): linear fit = 1.04 x + 0.0 (747 voxels, overlap=1.025)
Right_Amygdala (54): linear fit = 1.04 x + 0.0 (747 voxels, peak = 60), gca=59.6
gca peak = 0.11083 (90)
mri peak = 0.07684 (87)
Left_Thalamus (10): linear fit = 0.98 x + 0.0 (5172 voxels, overlap=1.000)
Left_Thalamus (10): linear fit = 0.98 x + 0.0 (5172 voxels, peak = 88), gca=87.8
gca peak = 0.11393 (83)
mri peak = 0.08141 (85)
Right_Thalamus (49): linear fit = 1.01 x + 0.0 (4883 voxels, overlap=0.979)
Right_Thalamus (49): linear fit = 1.01 x + 0.0 (4883 voxels, peak = 84), gca=84.2
gca peak = 0.08575 (81)
mri peak = 0.08072 (81)
Left_Putamen (12): linear fit = 1.03 x + 0.0 (2548 voxels, overlap=0.880)
Left_Putamen (12): linear fit = 1.03 x + 0.0 (2548 voxels, peak = 84), gca=83.8
gca peak = 0.08618 (78)
mri peak = 0.07065 (75)
Right_Putamen (51): linear fit = 1.01 x + 0.0 (2787 voxels, overlap=0.951)
Right_Putamen (51): linear fit = 1.01 x + 0.0 (2787 voxels, peak = 79), gca=79.2
gca peak = 0.08005 (78)
mri peak = 0.06800 (92)
Brain_Stem (16): linear fit = 1.16 x + 0.0 (12147 voxels, overlap=0.367)
Brain_Stem (16): linear fit = 1.16 x + 0.0 (12147 voxels, peak = 91), gca=90.9
gca peak = 0.12854 (88)
mri peak = 0.05189 (95)
Right_VentralDC (60): linear fit = 1.13 x + 0.0 (1752 voxels, overlap=0.681)
Right_VentralDC (60): linear fit = 1.13 x + 0.0 (1752 voxels, peak = 100), gca=99.9
gca peak = 0.15703 (87)
mri peak = 0.05801 (96)
Left_VentralDC (28): linear fit = 1.16 x + 0.0 (1608 voxels, overlap=0.572)
Left_VentralDC (28): linear fit = 1.16 x + 0.0 (1608 voxels, peak = 101), gca=101.4
gca peak = 0.17522 (25)
mri peak = 0.11768 ( 2)
gca peak = 0.17113 (14)
mri peak = 0.18675 ( 7)
Fourth_Ventricle (15): linear fit = 0.43 x + 0.0 (152 voxels, overlap=0.032)
Fourth_Ventricle (15): linear fit = 0.43 x + 0.0 (152 voxels, peak =  6), gca=6.0
gca peak Unknown = 0.94777 ( 0)
gca peak Left_Inf_Lat_Vent = 0.16627 (28)
gca peak Third_Ventricle = 0.17522 (25)
gca peak Fourth_Ventricle = 0.17113 (14)
gca peak CSF = 0.20346 (36)
gca peak Left_Accumbens_area = 0.70646 (62)
gca peak Left_undetermined = 1.00000 (28)
gca peak Left_vessel = 0.89917 (53)
gca peak Left_choroid_plexus = 0.11689 (35)
gca peak Right_Inf_Lat_Vent = 0.25504 (23)
gca peak Right_Accumbens_area = 0.31650 (65)
gca peak Right_vessel = 0.77268 (52)
gca peak Right_choroid_plexus = 0.13275 (38)
gca peak Fifth_Ventricle = 0.60973 (33)
gca peak WM_hypointensities = 0.11013 (77)
gca peak non_WM_hypointensities = 0.11354 (41)
gca peak Optic_Chiasm = 0.51646 (76)
not using caudate to estimate GM means
estimating mean gm scale to be 0.98 x + 0.0
estimating mean wm scale to be 1.02 x + 0.0
estimating mean csf scale to be 0.40 x + 0.0
saving intensity scales to aseg.auto_noCCseg.label_intensities.txt
renormalizing by structure alignment....
renormalizing input #0
gca peak = 0.31706 ( 7)
mri peak = 0.11869 ( 2)
Left_Lateral_Ventricle (4): linear fit = 0.14 x + 0.0 (2027 voxels, overlap=0.855)
Left_Lateral_Ventricle (4): linear fit = 0.40 x + 0.0 (2027 voxels, peak =  1), gca=2.8
gca peak = 0.29334 ( 5)
mri peak = 0.10951 ( 5)
Right_Lateral_Ventricle (43): linear fit = 0.63 x + 0.0 (949 voxels, overlap=0.974)
Right_Lateral_Ventricle (43): linear fit = 0.63 x + 0.0 (949 voxels, peak =  3), gca=3.2
gca peak = 0.22283 (94)
mri peak = 0.12761 (97)
Right_Pallidum (52): linear fit = 1.00 x + 0.0 (862 voxels, overlap=1.001)
Right_Pallidum (52): linear fit = 1.00 x + 0.0 (862 voxels, peak = 94), gca=93.5
gca peak = 0.16043 (98)
mri peak = 0.15812 (97)
Left_Pallidum (13): linear fit = 0.99 x + 0.0 (936 voxels, overlap=0.914)
Left_Pallidum (13): linear fit = 0.99 x + 0.0 (936 voxels, peak = 97), gca=96.5
gca peak = 0.27481 (58)
mri peak = 0.12966 (60)
Right_Hippocampus (53): linear fit = 1.02 x + 0.0 (1112 voxels, overlap=1.005)
Right_Hippocampus (53): linear fit = 1.02 x + 0.0 (1112 voxels, peak = 59), gca=59.4
gca peak = 0.29226 (59)
mri peak = 0.13389 (60)
Left_Hippocampus (17): linear fit = 1.00 x + 0.0 (1331 voxels, overlap=1.003)
Left_Hippocampus (17): linear fit = 1.00 x + 0.0 (1331 voxels, peak = 59), gca=59.0
gca peak = 0.07779 (106)
mri peak = 0.12959 (107)
Right_Cerebral_White_Matter (41): linear fit = 1.00 x + 0.0 (44721 voxels, overlap=0.673)
Right_Cerebral_White_Matter (41): linear fit = 1.00 x + 0.0 (44721 voxels, peak = 106), gca=106.0
gca peak = 0.07733 (107)
mri peak = 0.11775 (108)
Left_Cerebral_White_Matter (2): linear fit = 1.00 x + 0.0 (42480 voxels, overlap=0.641)
Left_Cerebral_White_Matter (2): linear fit = 1.00 x + 0.0 (42480 voxels, peak = 108), gca=107.5
gca peak = 0.10920 (53)
mri peak = 0.04920 (53)
Left_Cerebral_Cortex (3): linear fit = 1.00 x + 0.0 (40591 voxels, overlap=0.989)
Left_Cerebral_Cortex (3): linear fit = 1.00 x + 0.0 (40591 voxels, peak = 53), gca=53.0
gca peak = 0.12614 (52)
mri peak = 0.05224 (51)
Right_Cerebral_Cortex (42): linear fit = 0.99 x + 0.0 (39890 voxels, overlap=0.973)
Right_Cerebral_Cortex (42): linear fit = 0.99 x + 0.0 (39890 voxels, peak = 51), gca=51.2
gca peak = 0.26369 (68)
mri peak = 0.12144 (70)
Right_Caudate (50): linear fit = 1.00 x + 0.0 (1887 voxels, overlap=1.006)
Right_Caudate (50): linear fit = 1.00 x + 0.0 (1887 voxels, peak = 68), gca=68.0
gca peak = 0.14003 (66)
mri peak = 0.10809 (70)
Left_Caudate (11): linear fit = 1.00 x + 0.0 (1877 voxels, overlap=0.996)
Left_Caudate (11): linear fit = 1.00 x + 0.0 (1877 voxels, peak = 66), gca=66.0
gca peak = 0.17757 (45)
mri peak = 0.05215 (48)
Left_Cerebellum_Cortex (8): linear fit = 1.05 x + 0.0 (26796 voxels, overlap=1.000)
Left_Cerebellum_Cortex (8): linear fit = 1.05 x + 0.0 (26796 voxels, peak = 47), gca=47.5
gca peak = 0.16725 (44)
mri peak = 0.04944 (48)
Right_Cerebellum_Cortex (47): linear fit = 1.03 x + 0.0 (27505 voxels, overlap=1.000)
Right_Cerebellum_Cortex (47): linear fit = 1.03 x + 0.0 (27505 voxels, peak = 46), gca=45.5
gca peak = 0.16827 (81)
mri peak = 0.07371 (81)
Left_Cerebellum_White_Matter (7): linear fit = 0.99 x + 0.0 (7964 voxels, overlap=0.946)
Left_Cerebellum_White_Matter (7): linear fit = 0.99 x + 0.0 (7964 voxels, peak = 80), gca=79.8
gca peak = 0.17621 (83)
mri peak = 0.08035 (81)
Right_Cerebellum_White_Matter (46): linear fit = 1.00 x + 0.0 (6532 voxels, overlap=0.985)
Right_Cerebellum_White_Matter (46): linear fit = 1.00 x + 0.0 (6532 voxels, peak = 83), gca=83.0
gca peak = 0.28801 (59)
mri peak = 0.19962 (60)
Left_Amygdala (18): linear fit = 1.00 x + 0.0 (524 voxels, overlap=1.016)
Left_Amygdala (18): linear fit = 1.00 x + 0.0 (524 voxels, peak = 59), gca=59.0
gca peak = 0.32358 (60)
mri peak = 0.10221 (60)
Right_Amygdala (54): linear fit = 0.99 x + 0.0 (747 voxels, overlap=1.014)
Right_Amygdala (54): linear fit = 0.99 x + 0.0 (747 voxels, peak = 59), gca=59.1
gca peak = 0.11027 (86)
mri peak = 0.07684 (87)
Left_Thalamus (10): linear fit = 1.00 x + 0.0 (5172 voxels, overlap=0.987)
Left_Thalamus (10): linear fit = 1.00 x + 0.0 (5172 voxels, peak = 86), gca=86.4
gca peak = 0.10121 (82)
mri peak = 0.08141 (85)
Right_Thalamus (49): linear fit = 1.01 x + 0.0 (4883 voxels, overlap=0.987)
Right_Thalamus (49): linear fit = 1.01 x + 0.0 (4883 voxels, peak = 83), gca=83.2
gca peak = 0.08071 (86)
mri peak = 0.08072 (81)
Left_Putamen (12): linear fit = 1.00 x + 0.0 (2548 voxels, overlap=0.945)
Left_Putamen (12): linear fit = 1.00 x + 0.0 (2548 voxels, peak = 86), gca=86.0
gca peak = 0.08736 (77)
mri peak = 0.07065 (75)
Right_Putamen (51): linear fit = 0.99 x + 0.0 (2787 voxels, overlap=0.953)
Right_Putamen (51): linear fit = 0.99 x + 0.0 (2787 voxels, peak = 76), gca=75.8
gca peak = 0.07458 (91)
mri peak = 0.06800 (92)
Brain_Stem (16): linear fit = 0.99 x + 0.0 (12147 voxels, overlap=0.895)
Brain_Stem (16): linear fit = 0.99 x + 0.0 (12147 voxels, peak = 90), gca=89.6
gca peak = 0.10919 (100)
mri peak = 0.05189 (95)
Right_VentralDC (60): linear fit = 1.00 x + 0.0 (1752 voxels, overlap=0.899)
Right_VentralDC (60): linear fit = 1.00 x + 0.0 (1752 voxels, peak = 100), gca=100.5
gca peak = 0.12925 (99)
mri peak = 0.05801 (96)
Left_VentralDC (28): linear fit = 1.00 x + 0.0 (1608 voxels, overlap=0.920)
Left_VentralDC (28): linear fit = 1.00 x + 0.0 (1608 voxels, peak = 99), gca=99.0
gca peak = 0.32031 (10)
mri peak = 0.11768 ( 2)
gca peak = 0.46125 ( 6)
mri peak = 0.18675 ( 7)
Fourth_Ventricle (15): linear fit = 1.09 x + 0.0 (152 voxels, overlap=0.939)
Fourth_Ventricle (15): linear fit = 1.09 x + 0.0 (152 voxels, peak =  7), gca=6.5
gca peak Unknown = 0.94777 ( 0)
gca peak Left_Inf_Lat_Vent = 0.16627 (28)
gca peak Third_Ventricle = 0.32031 (10)
gca peak CSF = 0.27810 (15)
gca peak Left_Accumbens_area = 0.80257 (60)
gca peak Left_undetermined = 1.00000 (28)
gca peak Left_vessel = 0.88792 (53)
gca peak Left_choroid_plexus = 0.11689 (35)
gca peak Right_Inf_Lat_Vent = 0.25188 (24)
gca peak Right_Accumbens_area = 0.31650 (66)
gca peak Right_vessel = 0.68623 (52)
gca peak Right_choroid_plexus = 0.13275 (38)
gca peak Fifth_Ventricle = 0.92085 (13)
gca peak WM_hypointensities = 0.10315 (78)
gca peak non_WM_hypointensities = 0.11377 (42)
gca peak Optic_Chiasm = 0.59739 (76)
not using caudate to estimate GM means
estimating mean gm scale to be 1.00 x + 0.0
estimating mean wm scale to be 1.00 x + 0.0
estimating mean csf scale to be 0.71 x + 0.0
saving intensity scales to aseg.auto_noCCseg.label_intensities.txt
saving sequentially combined intensity scales to aseg.auto_noCCseg.label_intensities.txt
52579 voxels changed in iteration 0 of unlikely voxel relabeling
136 voxels changed in iteration 1 of unlikely voxel relabeling
0 voxels changed in iteration 2 of unlikely voxel relabeling
35812 gm and wm labels changed (%21 to gray, %79 to white out of all changed labels)
394 hippocampal voxels changed.
1 amygdala voxels changed.
Reclassifying using Gibbs Priors
pass 1: 69391 changed. image ll: -2.144, PF=0.500
pass 2: 18409 changed. image ll: -2.142, PF=0.500
pass 3: 6393 changed.
pass 4: 2494 changed.
29539 voxels changed in iteration 0 of unlikely voxel relabeling
187 voxels changed in iteration 1 of unlikely voxel relabeling
10 voxels changed in iteration 2 of unlikely voxel relabeling
0 voxels changed in iteration 3 of unlikely voxel relabeling
6452 voxels changed in iteration 0 of unlikely voxel relabeling
71 voxels changed in iteration 1 of unlikely voxel relabeling
20 voxels changed in iteration 2 of unlikely voxel relabeling
1 voxels changed in iteration 3 of unlikely voxel relabeling
0 voxels changed in iteration 4 of unlikely voxel relabeling
7091 voxels changed in iteration 0 of unlikely voxel relabeling
60 voxels changed in iteration 1 of unlikely voxel relabeling
3 voxels changed in iteration 2 of unlikely voxel relabeling
1 voxels changed in iteration 3 of unlikely voxel relabeling
0 voxels changed in iteration 4 of unlikely voxel relabeling
6135 voxels changed in iteration 0 of unlikely voxel relabeling
34 voxels changed in iteration 1 of unlikely voxel relabeling
6 voxels changed in iteration 2 of unlikely voxel relabeling
0 voxels changed in iteration 3 of unlikely voxel relabeling
 !!!!!!!!! ventricle segment 0 with volume 300 above threshold 100 - not erasing !!!!!!!!!!
 !!!!!!!!! ventricle segment 2 with volume 12920 above threshold 100 - not erasing !!!!!!!!!!
 !!!!!!!!! ventricle segment 0 with volume 165 above threshold 100 - not erasing !!!!!!!!!!
 !!!!!!!!! ventricle segment 2 with volume 8034 above threshold 100 - not erasing !!!!!!!!!!
 !!!!!!!!! ventricle segment 2 with volume 353 above threshold 100 - not erasing !!!!!!!!!!
writing labeled volume to aseg.auto_noCCseg.mgz
mri_ca_label utimesec    1996.275677
mri_ca_label stimesec    3.686285
mri_ca_label ru_maxrss   2125656
mri_ca_label ru_ixrss    0
mri_ca_label ru_idrss    0
mri_ca_label ru_isrss    0
mri_ca_label ru_minflt   5881168
mri_ca_label ru_majflt   8
mri_ca_label ru_nswap    0
mri_ca_label ru_inblock  1142
mri_ca_label ru_oublock  736
mri_ca_label ru_msgsnd   0
mri_ca_label ru_msgrcv   0
mri_ca_label ru_nsignals 0
mri_ca_label ru_nvcsw    2334
mri_ca_label ru_nivcsw   1997
auto-labeling took 32 minutes and 5 seconds.
#--------------------------------------
#@# CC Seg Fri Mar  6 17:12:32 CET 2026

 mri_cc -aseg aseg.auto_noCCseg.mgz -o aseg.auto.mgz -lta /out/sourcedata/freesurfer/sub-v1s10x0051124_ses-1/mri/transforms/cc_up.lta sub-v1s10x0051124_ses-1 

will read input aseg from aseg.auto_noCCseg.mgz
writing aseg with cc labels to aseg.auto.mgz
will write lta as /out/sourcedata/freesurfer/sub-v1s10x0051124_ses-1/mri/transforms/cc_up.lta
reading aseg from /out/sourcedata/freesurfer/sub-v1s10x0051124_ses-1/mri/aseg.auto_noCCseg.mgz
reading norm from /out/sourcedata/freesurfer/sub-v1s10x0051124_ses-1/mri/norm.mgz
40542 voxels in left wm, 59806 in right wm, xrange [123, 133]
searching rotation angles z=[-6  8], y=[-8  6]
searching scale 1 Z rot -6.4  searching scale 1 Z rot -6.2  searching scale 1 Z rot -5.9  searching scale 1 Z rot -5.7  searching scale 1 Z rot -5.4  searching scale 1 Z rot -5.2  searching scale 1 Z rot -4.9  searching scale 1 Z rot -4.7  searching scale 1 Z rot -4.4  searching scale 1 Z rot -4.2  searching scale 1 Z rot -3.9  searching scale 1 Z rot -3.7  searching scale 1 Z rot -3.4  searching scale 1 Z rot -3.2  searching scale 1 Z rot -2.9  searching scale 1 Z rot -2.7  searching scale 1 Z rot -2.4  searching scale 1 Z rot -2.2  searching scale 1 Z rot -1.9  searching scale 1 Z rot -1.7  searching scale 1 Z rot -1.4  searching scale 1 Z rot -1.2  searching scale 1 Z rot -0.9  searching scale 1 Z rot -0.7  searching scale 1 Z rot -0.4  searching scale 1 Z rot -0.2  searching scale 1 Z rot 0.1  searching scale 1 Z rot 0.3  searching scale 1 Z rot 0.6  searching scale 1 Z rot 0.8  searching scale 1 Z rot 1.1  searching scale 1 Z rot 1.3  searching scale 1 Z rot 1.6  searching scale 1 Z rot 1.8  searching scale 1 Z rot 2.1  searching scale 1 Z rot 2.3  searching scale 1 Z rot 2.6  searching scale 1 Z rot 2.8  searching scale 1 Z rot 3.1  searching scale 1 Z rot 3.3  searching scale 1 Z rot 3.6  searching scale 1 Z rot 3.8  searching scale 1 Z rot 4.1  searching scale 1 Z rot 4.3  searching scale 1 Z rot 4.6  searching scale 1 Z rot 4.8  searching scale 1 Z rot 5.1  searching scale 1 Z rot 5.3  searching scale 1 Z rot 5.6  searching scale 1 Z rot 5.8  searching scale 1 Z rot 6.1  searching scale 1 Z rot 6.3  searching scale 1 Z rot 6.6  searching scale 1 Z rot 6.8  searching scale 1 Z rot 7.1  searching scale 1 Z rot 7.3  searching scale 1 Z rot 7.6  searching scale 1 Z rot 7.8  global minimum found at slice 129.0, rotations (-0.28, 1.08)
final transformation (x=129.0, yr=-0.281, zr=1.083):
 0.99981  -0.01891  -0.00490   1.60499;
 0.01891   0.99982  -0.00009   16.59014;
 0.00490   0.00000   0.99999   21.36915;
 0.00000   0.00000   0.00000   1.00000;
updating x range to be [125, 132] in xformed coordinates
best xformed slice 128
min_x_fornix = 134
min_x_fornix = 140
min_x_fornix = 141
min_x_fornix = 140
min_x_fornix = 132
cc center is found at 128 109 106
eigenvectors:
-0.00158  -0.00150   1.00000;
-0.14413  -0.98956  -0.00171;
 0.98956  -0.14413   0.00135;
error in mid anterior detected - correcting...
writing aseg with callosum to /out/sourcedata/freesurfer/sub-v1s10x0051124_ses-1/mri/aseg.auto.mgz...
corpus callosum segmentation took 0.6 minutes
#VMPC# mri_cc VmPeak  555236
mri_cc done
#--------------------------------------
#@# Merge ASeg Fri Mar  6 17:13:08 CET 2026

 cp aseg.auto.mgz aseg.presurf.mgz 

#--------------------------------------------
#@# Intensity Normalization2 Fri Mar  6 17:13:08 CET 2026
/out/sourcedata/freesurfer/sub-v1s10x0051124_ses-1/mri

 mri_normalize -seed 1234 -mprage -aseg aseg.presurf.mgz -mask brainmask.mgz norm.mgz brain.mgz 

setting seed for random number genererator to 1234
assuming input volume is MGH (Van der Kouwe) MP-RAGE
using segmentation for initial intensity normalization
using MR volume brainmask.mgz to mask input volume...
reading mri_src from norm.mgz...
Reading aseg aseg.presurf.mgz
normalizing image...
NOT doing gentle normalization with control points/label
processing with aseg
removing outliers in the aseg WM...
1106 control points removed
Building bias image
building Voronoi diagram...
performing soap bubble smoothing, sigma = 0...
Smoothing with sigma 8
Applying bias correction
building Voronoi diagram...
performing soap bubble smoothing, sigma = 8...

Iterating 2 times
---------------------------------
3d normalization pass 1 of 2
white matter peak found at 110
white matter peak found at 110
gm peak at 57 (57), valley at  0 (-1)
csf peak at 28, setting threshold to 47
building Voronoi diagram...
performing soap bubble smoothing, sigma = 8...
---------------------------------
3d normalization pass 2 of 2
white matter peak found at 110
white matter peak found at 110
gm peak at 59 (59), valley at  0 (-1)
csf peak at 29, setting threshold to 49
building Voronoi diagram...
performing soap bubble smoothing, sigma = 8...
Done iterating ---------------------------------
writing output to brain.mgz
3D bias adjustment took 2 minutes and 11 seconds.
#--------------------------------------------
#@# Mask BFS Fri Mar  6 17:15:20 CET 2026
/out/sourcedata/freesurfer/sub-v1s10x0051124_ses-1/mri

 mri_mask -T 5 brain.mgz brainmask.mgz brain.finalsurfs.mgz 

threshold mask volume at 5
DoAbs = 0
Found 1660252 voxels in mask (pct=  9.90)
Writing masked volume to brain.finalsurfs.mgz...done.
#--------------------------------------------
#@# WM Segmentation Fri Mar  6 17:15:21 CET 2026

 AntsDenoiseImageFs -i brain.mgz -o antsdn.brain.mgz 


 mri_segment -wsizemm 13 -mprage antsdn.brain.mgz wm.seg.mgz 

wsizemm = 13, voxres = 1, wsize = 13
Widening wm low from 89 to 79
assuming input volume is MGH (Van der Kouwe) MP-RAGE
wm mean:  110
wsize:    13
wm low:   79
wm hi:    125
gray low: 30
gray hi:  99
Doing initial trinary intensity segmentation 
Using local statistics to label ambiguous voxels
Autodetecting stats
Computing class statistics for intensity windows...
CCS WM (104.0): 104.8 +- 4.6 [79.0 --> 125.0]
CCS GM (70.0) : 68.7 +- 9.5 [30.0 --> 95.0]
 white_mean 104.808
 white_sigma 4.61401
 gray_mean 68.6874
 gray_sigma 9.45085
setting bottom of white matter range wm_low to 78.1
setting top of gray matter range gray_hi to 87.6
 wm_low 78.1383
 wm_hi  125
 gray_low 30
 gray_hi  87.5891
Redoing initial intensity segmentation...
Recomputing local statistics to label ambiguous voxels...
 wm_low 78.1383
 wm_hi  125
 gray_low 30
 gray_hi  87.5891
using local geometry to label remaining ambiguous voxels...
polvwsize = 5, polvlen = 3, gray_hi = 87.5891, wm_low = 78.1383
MRIcpolvMedianCurveSegment(): wsize=5, len=3, gmhi=87.5891, wmlow=78.1383
    122156 voxels processed (0.73%)
     57853 voxels white (0.34%)
     64303 voxels non-white (0.38%)

Reclassifying voxels using Gaussian border classifier niter=1
MRIreclassify(): wm_low=73.1383, gray_hi=87.5891, wsize=13
    204774 voxels tested (1.22%)
     45484 voxels changed (0.27%)
     58462 multi-scale searches  (0.35%)
Recovering bright white
MRIrecoverBrightWhite()
 wm_low 78.1383
 wm_hi 125
 slack 4.61401
 pct_thresh 0.33
 intensity_thresh 129.614
 nvox_thresh 8.58
      417 voxels tested (0.00%)
      255 voxels changed (0.00%)

removing voxels with positive offset direction...
MRIremoveWrongDirection() wsize=3, lowthr=73.1383, hithr=87.5891
  smoothing input volume with sigma = 0.250
    69897 voxels tested (0.42%)
    15596 voxels changed (0.09%)
thicken = 1
removing 1-dimensional structures...
MRIremove1dStructures(): max_iter=10000, thresh=2, WM_MIN_VAL=5
 4255 sparsely connected voxels removed in 1 iterations
thickening thin strands....
thickness 4
nsegments 20
wm_hi 125
1440 diagonally connected voxels added...
MRIthickenThinWMStrands(): thickness=4, nsegments=20
  20 segments, 4793 filled
MRIfindBrightNonWM(): 4798 bright non-wm voxels segmented.
MRIfilterMorphology() WM_MIN_VAL=5, DIAGONAL_FILL=230
white matter segmentation took 0.9 minutes
writing output to wm.seg.mgz...

 mri_edit_wm_with_aseg -keep-in wm.seg.mgz brain.mgz aseg.presurf.mgz wm.asegedit.mgz 

preserving editing changes in input volume...
auto filling took 0.41 minutes
reading wm segmentation from wm.seg.mgz...
0 voxels added to wm to prevent paths from MTL structures to cortex
3141 additional wm voxels added
0 additional wm voxels added
SEG EDIT: 63383 voxels turned on, 35064 voxels turned off.
propagating editing to output volume from wm.seg.mgz
writing edited volume to wm.asegedit.mgz....

 mri_pretess wm.asegedit.mgz wm norm.mgz wm.mgz 


Iteration Number : 1
pass   1 (xy+):  28 found -  28 modified     |    TOTAL:  28
pass   2 (xy+):   0 found -  28 modified     |    TOTAL:  28
pass   1 (xy-):  15 found -  15 modified     |    TOTAL:  43
pass   2 (xy-):   0 found -  15 modified     |    TOTAL:  43
pass   1 (yz+):  33 found -  33 modified     |    TOTAL:  76
pass   2 (yz+):   0 found -  33 modified     |    TOTAL:  76
pass   1 (yz-):  25 found -  25 modified     |    TOTAL: 101
pass   2 (yz-):   0 found -  25 modified     |    TOTAL: 101
pass   1 (xz+):  10 found -  10 modified     |    TOTAL: 111
pass   2 (xz+):   0 found -  10 modified     |    TOTAL: 111
pass   1 (xz-):  24 found -  24 modified     |    TOTAL: 135
pass   2 (xz-):   0 found -  24 modified     |    TOTAL: 135
Iteration Number : 1
pass   1 (+++):  24 found -  24 modified     |    TOTAL:  24
pass   2 (+++):   0 found -  24 modified     |    TOTAL:  24
pass   1 (+++):  41 found -  41 modified     |    TOTAL:  65
pass   2 (+++):   0 found -  41 modified     |    TOTAL:  65
pass   1 (+++):  22 found -  22 modified     |    TOTAL:  87
pass   2 (+++):   0 found -  22 modified     |    TOTAL:  87
pass   1 (+++):  23 found -  23 modified     |    TOTAL: 110
pass   2 (+++):   0 found -  23 modified     |    TOTAL: 110
Iteration Number : 1
pass   1 (++):  95 found -  95 modified     |    TOTAL:  95
pass   2 (++):   0 found -  95 modified     |    TOTAL:  95
pass   1 (+-):  76 found -  76 modified     |    TOTAL: 171
pass   2 (+-):   0 found -  76 modified     |    TOTAL: 171
pass   1 (--):  78 found -  78 modified     |    TOTAL: 249
pass   2 (--):   0 found -  78 modified     |    TOTAL: 249
pass   1 (-+):  86 found -  86 modified     |    TOTAL: 335
pass   2 (-+):   0 found -  86 modified     |    TOTAL: 335
Iteration Number : 2
pass   1 (xy+):   8 found -   8 modified     |    TOTAL:   8
pass   2 (xy+):   0 found -   8 modified     |    TOTAL:   8
pass   1 (xy-):   4 found -   4 modified     |    TOTAL:  12
pass   2 (xy-):   0 found -   4 modified     |    TOTAL:  12
pass   1 (yz+):   7 found -   7 modified     |    TOTAL:  19
pass   2 (yz+):   0 found -   7 modified     |    TOTAL:  19
pass   1 (yz-):   5 found -   5 modified     |    TOTAL:  24
pass   2 (yz-):   0 found -   5 modified     |    TOTAL:  24
pass   1 (xz+):   7 found -   7 modified     |    TOTAL:  31
pass   2 (xz+):   0 found -   7 modified     |    TOTAL:  31
pass   1 (xz-):   5 found -   5 modified     |    TOTAL:  36
pass   2 (xz-):   0 found -   5 modified     |    TOTAL:  36
Iteration Number : 2
pass   1 (+++):   2 found -   2 modified     |    TOTAL:   2
pass   2 (+++):   0 found -   2 modified     |    TOTAL:   2
pass   1 (+++):   3 found -   3 modified     |    TOTAL:   5
pass   2 (+++):   0 found -   3 modified     |    TOTAL:   5
pass   1 (+++):   0 found -   0 modified     |    TOTAL:   5
pass   1 (+++):   3 found -   3 modified     |    TOTAL:   8
pass   2 (+++):   0 found -   3 modified     |    TOTAL:   8
Iteration Number : 2
pass   1 (++):   3 found -   3 modified     |    TOTAL:   3
pass   2 (++):   0 found -   3 modified     |    TOTAL:   3
pass   1 (+-):   6 found -   6 modified     |    TOTAL:   9
pass   2 (+-):   0 found -   6 modified     |    TOTAL:   9
pass   1 (--):   2 found -   2 modified     |    TOTAL:  11
pass   2 (--):   0 found -   2 modified     |    TOTAL:  11
pass   1 (-+):   3 found -   3 modified     |    TOTAL:  14
pass   2 (-+):   0 found -   3 modified     |    TOTAL:  14
Iteration Number : 3
pass   1 (xy+):   1 found -   1 modified     |    TOTAL:   1
pass   2 (xy+):   0 found -   1 modified     |    TOTAL:   1
pass   1 (xy-):   0 found -   0 modified     |    TOTAL:   1
pass   1 (yz+):   2 found -   2 modified     |    TOTAL:   3
pass   2 (yz+):   0 found -   2 modified     |    TOTAL:   3
pass   1 (yz-):   0 found -   0 modified     |    TOTAL:   3
pass   1 (xz+):   3 found -   3 modified     |    TOTAL:   6
pass   2 (xz+):   0 found -   3 modified     |    TOTAL:   6
pass   1 (xz-):   2 found -   2 modified     |    TOTAL:   8
pass   2 (xz-):   0 found -   2 modified     |    TOTAL:   8
Iteration Number : 3
pass   1 (+++):   0 found -   0 modified     |    TOTAL:   0
pass   1 (+++):   0 found -   0 modified     |    TOTAL:   0
pass   1 (+++):   0 found -   0 modified     |    TOTAL:   0
pass   1 (+++):   0 found -   0 modified     |    TOTAL:   0
Iteration Number : 3
pass   1 (++):   0 found -   0 modified     |    TOTAL:   0
pass   1 (+-):   2 found -   2 modified     |    TOTAL:   2
pass   2 (+-):   0 found -   2 modified     |    TOTAL:   2
pass   1 (--):   0 found -   0 modified     |    TOTAL:   2
pass   1 (-+):   1 found -   1 modified     |    TOTAL:   3
pass   2 (-+):   0 found -   1 modified     |    TOTAL:   3
Iteration Number : 4
pass   1 (xy+):   0 found -   0 modified     |    TOTAL:   0
pass   1 (xy-):   0 found -   0 modified     |    TOTAL:   0
pass   1 (yz+):   0 found -   0 modified     |    TOTAL:   0
pass   1 (yz-):   0 found -   0 modified     |    TOTAL:   0
pass   1 (xz+):   0 found -   0 modified     |    TOTAL:   0
pass   1 (xz-):   0 found -   0 modified     |    TOTAL:   0
Iteration Number : 4
pass   1 (+++):   0 found -   0 modified     |    TOTAL:   0
pass   1 (+++):   0 found -   0 modified     |    TOTAL:   0
pass   1 (+++):   0 found -   0 modified     |    TOTAL:   0
pass   1 (+++):   0 found -   0 modified     |    TOTAL:   0
Iteration Number : 4
pass   1 (++):   0 found -   0 modified     |    TOTAL:   0
pass   1 (+-):   0 found -   0 modified     |    TOTAL:   0
pass   1 (--):   0 found -   0 modified     |    TOTAL:   0
pass   1 (-+):   0 found -   0 modified     |    TOTAL:   0

Total Number of Modified Voxels = 649 (out of 661246: 0.098148)
binarizing input wm segmentation...
Ambiguous edge configurations... 

mri_pretess done

#--------------------------------------------
#@# Fill Fri Mar  6 17:17:22 CET 2026
/out/sourcedata/freesurfer/sub-v1s10x0051124_ses-1/mri

 mri_fill -a ../scripts/ponscc.cut.log -xform transforms/talairach.lta -segmentation aseg.presurf.mgz -ctab /opt/freesurfer/SubCorticalMassLUT.txt wm.mgz filled.mgz 

logging cutting plane coordinates to ../scripts/ponscc.cut.log...
INFO: Using transforms/talairach.lta and its offset for Talairach volume ...
using segmentation aseg.presurf.mgz...
reading input volume...done.
searching for cutting planes...voxel to talairach voxel transform
 1.04995  -0.02866   0.01532  -8.57007;
 0.03032   1.02366   0.39654  -52.27153;
-0.02659  -0.31898   0.92855   45.78080;
 0.00000   0.00000   0.00000   1.00000;
voxel to talairach voxel transform
 1.04995  -0.02866   0.01532  -8.57007;
 0.03032   1.02366   0.39654  -52.27153;
-0.02659  -0.31898   0.92855   45.78080;
 0.00000   0.00000   0.00000   1.00000;
reading segmented volume aseg.presurf.mgz
removing CC from segmentation
Looking for area (min, max) = (350, 1400)
area[0] = 1492 (min = 350, max = 1400), aspect = 0.67 (min = 0.10, max = 0.75)
need search nearby
using seed (126, 124, 153), TAL = (2.0, 25.0, 4.0)
talairach voxel to voxel transform
 0.95127   0.01919  -0.02389   10.24899;
-0.03417   0.86147  -0.36732   61.55374;
 0.01550   0.29649   0.95008  -27.86456;
 0.00000   0.00000   0.00000   1.00000;
segmentation indicates cc at (126,  124,  153) --> (2.0, 25.0, 4.0)
done.
filling took 1.0 minutes
talairach cc position changed to (2.00, 25.00, 4.00)
Erasing brainstem...done.
seed_search_size = 9, min_neighbors = 5
search rh wm seed point around talairach space:(20.00, 25.00, 4.00) SRC: (111.71, 108.48, 155.94)
search lh wm seed point around talairach space (-16.00, 25.00, 4.00), SRC: (145.96, 107.25, 156.49)
compute mri_fill using aseg
Erasing Brain Stem and Cerebellum ...
Define left and right masks using aseg:
Building Voronoi diagram ...
Using the Voronoi diagram for separating WM into two hemispheres ...
Find the largest connected component for each hemisphere ...
Embedding colortable
mri_fill done, writing output to filled.mgz...
 cp filled.mgz filled.auto.mgz

Started at Fri Mar 6 15:48:26 CET 2026 
Ended   at Fri Mar 6 17:18:24 CET 2026
#@#%# recon-all-run-time-hours 1.499
recon-all -s sub-v1s10x0051124_ses-1 finished without error at Fri Mar  6 17:18:24 CET 2026



#New# invocation of recon-all 




Fri Mar  6 18:23:53 CET 2026
cd /out/sourcedata/freesurfer/sub-v1s10x0051124_ses-1
setenv SUBJECTS_DIR /out/sourcedata/freesurfer
/opt/freesurfer/bin/recon-all -parallel -subjid sub-v1s10x0051124_ses-1 -sd /out/sourcedata/freesurfer -cortribbon

subjid sub-v1s10x0051124_ses-1
setenv SUBJECTS_DIR /out/sourcedata/freesurfer
FREESURFER_HOME /opt/freesurfer
Actual FREESURFER_HOME /opt/freesurfer
build-stamp.txt: freesurfer-linux-ubuntu22_x86_64-7.3.2-20220804-6354275
Linux dna061 5.14.0-427.37.1.el9_4.x86_64 #1 SMP PREEMPT_DYNAMIC Fri Sep 13 12:41:50 EDT 2024 x86_64 x86_64 x86_64 GNU/Linux
cputime      unlimited
filesize     unlimited
datasize     unlimited
stacksize    8192 kbytes
coredumpsize 0 kbytes
memoryuse    67108864 kbytes
vmemoryuse   unlimited
descriptors  1024 
memorylocked unlimited
maxproc      2061970 
maxlocks     unlimited
maxsignal    2061970 
maxmessage   819200 
maxnice      0 
maxrtprio    0 
maxrttime    unlimited

               total        used        free      shared  buff/cache   available
Mem:           503Gi        47Gi       291Gi        21Gi       164Gi       431Gi
Swap:             0B          0B          0B

########################################
program versions used
7.3.2 (freesurfer-linux-ubuntu22_x86_64-7.3.2-20220804-6354275)
7.3.2

ProgramName: lta_convert  ProgramArguments: lta_convert -all-info  ProgramVersion: 7.3.2  TimeStamp: 2026/03/06-17:23:53-GMT  BuildTime: Aug  4 2022 06:17:15  BuildStamp: freesurfer-linux-ubuntu22_x86_64-7.3.2-20220804-6354275  User: oesteban  Machine: dna061  Platform: Linux  PlatformVersion: 5.14.0-427.37.1.el9_4.x86_64  CompilerName: GCC  CompilerVersion: 8.4.0
ProgramName: mri_and  ProgramArguments: mri_and -all-info  ProgramVersion: 7.3.2  TimeStamp: 2026/03/06-17:23:53-GMT  BuildTime: Aug  4 2022 06:17:15  BuildStamp: freesurfer-linux-ubuntu22_x86_64-7.3.2-20220804-6354275  User: oesteban  Machine: dna061  Platform: Linux  PlatformVersion: 5.14.0-427.37.1.el9_4.x86_64  CompilerName: GCC  CompilerVersion: 8.4.0
ProgramName: mri_annotation2label  ProgramArguments: mri_annotation2label -all-info  ProgramVersion: 7.3.2  TimeStamp: 2026/03/06-17:23:53-GMT  BuildTime: Aug  4 2022 06:17:15  BuildStamp: freesurfer-linux-ubuntu22_x86_64-7.3.2-20220804-6354275  User: oesteban  Machine: dna061  Platform: Linux  PlatformVersion: 5.14.0-427.37.1.el9_4.x86_64  CompilerName: GCC  CompilerVersion: 8.4.0
ProgramName: mri_aparc2aseg  ProgramArguments: mri_aparc2aseg -all-info  ProgramVersion: 7.3.2  TimeStamp: 2026/03/06-17:23:53-GMT  BuildTime: Aug  4 2022 06:17:15  BuildStamp: freesurfer-linux-ubuntu22_x86_64-7.3.2-20220804-6354275  User: oesteban  Machine: dna061  Platform: Linux  PlatformVersion: 5.14.0-427.37.1.el9_4.x86_64  CompilerName: GCC  CompilerVersion: 8.4.0
ProgramName: mri_surf2volseg  ProgramArguments: mri_surf2volseg -all-info  ProgramVersion: 7.3.2  TimeStamp: 2026/03/06-17:23:53-GMT  BuildTime: Aug  4 2022 06:17:15  BuildStamp: freesurfer-linux-ubuntu22_x86_64-7.3.2-20220804-6354275  User: oesteban  Machine: dna061  Platform: Linux  PlatformVersion: 5.14.0-427.37.1.el9_4.x86_64  CompilerName: GCC  CompilerVersion: 8.4.0
ProgramName: mri_binarize  ProgramArguments: mri_binarize -all-info  ProgramVersion: 7.3.2  TimeStamp: 2026/03/06-17:23:53-GMT  BuildTime: Aug  4 2022 06:17:15  BuildStamp: freesurfer-linux-ubuntu22_x86_64-7.3.2-20220804-6354275  User: oesteban  Machine: dna061  Platform: Linux  PlatformVersion: 5.14.0-427.37.1.el9_4.x86_64  CompilerName: GCC  CompilerVersion: 8.4.0
ProgramName: mri_ca_label  ProgramArguments: mri_ca_label -all-info  ProgramVersion: 7.3.2  TimeStamp: 2026/03/06-17:23:53-GMT  BuildTime: Aug  4 2022 06:17:15  BuildStamp: freesurfer-linux-ubuntu22_x86_64-7.3.2-20220804-6354275  User: oesteban  Machine: dna061  Platform: Linux  PlatformVersion: 5.14.0-427.37.1.el9_4.x86_64  CompilerName: GCC  CompilerVersion: 8.4.0
ProgramName: mri_ca_normalize  ProgramArguments: mri_ca_normalize -all-info  ProgramVersion: 7.3.2  TimeStamp: 2026/03/06-17:23:53-GMT  BuildTime: Aug  4 2022 06:17:15  BuildStamp: freesurfer-linux-ubuntu22_x86_64-7.3.2-20220804-6354275  User: oesteban  Machine: dna061  Platform: Linux  PlatformVersion: 5.14.0-427.37.1.el9_4.x86_64  CompilerName: GCC  CompilerVersion: 8.4.0
ProgramName: mri_ca_register  ProgramArguments: mri_ca_register -all-info  ProgramVersion: 7.3.2  TimeStamp: 2026/03/06-17:23:53-GMT  BuildTime: Aug  4 2022 06:17:15  BuildStamp: freesurfer-linux-ubuntu22_x86_64-7.3.2-20220804-6354275  User: oesteban  Machine: dna061  Platform: Linux  PlatformVersion: 5.14.0-427.37.1.el9_4.x86_64  CompilerName: GCC  CompilerVersion: 8.4.0
ProgramName: mri_cc  ProgramArguments: mri_cc -all-info  ProgramVersion: 7.3.2  TimeStamp: 2026/03/06-17:23:53-GMT  BuildTime: Aug  4 2022 06:17:15  BuildStamp: freesurfer-linux-ubuntu22_x86_64-7.3.2-20220804-6354275  User: oesteban  Machine: dna061  Platform: Linux  PlatformVersion: 5.14.0-427.37.1.el9_4.x86_64  CompilerName: GCC  CompilerVersion: 8.4.0
ProgramName: mri_compute_overlap  ProgramArguments: mri_compute_overlap -all-info  ProgramVersion: 7.3.2  TimeStamp: 2026/03/06-17:23:53-GMT  BuildTime: Aug  4 2022 06:17:15  BuildStamp: freesurfer-linux-ubuntu22_x86_64-7.3.2-20220804-6354275  User: oesteban  Machine: dna061  Platform: Linux  PlatformVersion: 5.14.0-427.37.1.el9_4.x86_64  CompilerName: GCC  CompilerVersion: 8.4.0
ProgramName: mri_compute_seg_overlap  ProgramArguments: mri_compute_seg_overlap -all-info  ProgramVersion: 7.3.2  TimeStamp: 2026/03/06-17:23:53-GMT  BuildTime: Aug  4 2022 06:17:15  BuildStamp: freesurfer-linux-ubuntu22_x86_64-7.3.2-20220804-6354275  User: oesteban  Machine: dna061  Platform: Linux  PlatformVersion: 5.14.0-427.37.1.el9_4.x86_64  CompilerName: GCC  CompilerVersion: 8.4.0
ProgramName: mri_concat  ProgramArguments: mri_concat -all-info  ProgramVersion: 7.3.2  TimeStamp: 2026/03/06-17:23:53-GMT  BuildTime: Aug  4 2022 06:17:15  BuildStamp: freesurfer-linux-ubuntu22_x86_64-7.3.2-20220804-6354275  User: oesteban  Machine: dna061  Platform: Linux  PlatformVersion: 5.14.0-427.37.1.el9_4.x86_64  CompilerName: GCC  CompilerVersion: 8.4.0
ProgramName: mri_concatenate_lta  ProgramArguments: mri_concatenate_lta -all-info  ProgramVersion: 7.3.2  TimeStamp: 2026/03/06-17:23:53-GMT  BuildTime: Aug  4 2022 06:17:15  BuildStamp: freesurfer-linux-ubuntu22_x86_64-7.3.2-20220804-6354275  User: oesteban  Machine: dna061  Platform: Linux  PlatformVersion: 5.14.0-427.37.1.el9_4.x86_64  CompilerName: GCC  CompilerVersion: 8.4.0
mri_convert -all-info 
ProgramName: mri_convert  ProgramArguments: mri_convert -all-info  ProgramVersion: 7.3.2  TimeStamp: 2026/03/06-17:23:53-GMT  BuildTime: Aug  4 2022 06:17:15  BuildStamp: freesurfer-linux-ubuntu22_x86_64-7.3.2-20220804-6354275  User: oesteban  Machine: dna061  Platform: Linux  PlatformVersion: 5.14.0-427.37.1.el9_4.x86_64  CompilerName: GCC  CompilerVersion: 8.4.0
ProgramName: mri_diff  ProgramArguments: mri_diff -all-info  ProgramVersion: 7.3.2  TimeStamp: 2026/03/06-17:23:53-GMT  BuildTime: Aug  4 2022 06:17:15  BuildStamp: freesurfer-linux-ubuntu22_x86_64-7.3.2-20220804-6354275  User: oesteban  Machine: dna061  Platform: Linux  PlatformVersion: 5.14.0-427.37.1.el9_4.x86_64  CompilerName: GCC  CompilerVersion: 8.4.0
ProgramName: mri_edit_wm_with_aseg  ProgramArguments: mri_edit_wm_with_aseg -all-info  ProgramVersion: 7.3.2  TimeStamp: 2026/03/06-17:23:53-GMT  BuildTime: Aug  4 2022 06:17:15  BuildStamp: freesurfer-linux-ubuntu22_x86_64-7.3.2-20220804-6354275  User: oesteban  Machine: dna061  Platform: Linux  PlatformVersion: 5.14.0-427.37.1.el9_4.x86_64  CompilerName: GCC  CompilerVersion: 8.4.0
ProgramName: mri_em_register  ProgramArguments: mri_em_register -all-info  ProgramVersion: 7.3.2  TimeStamp: 2026/03/06-17:23:53-GMT  BuildTime: Aug  4 2022 06:17:15  BuildStamp: freesurfer-linux-ubuntu22_x86_64-7.3.2-20220804-6354275  User: oesteban  Machine: dna061  Platform: Linux  PlatformVersion: 5.14.0-427.37.1.el9_4.x86_64  CompilerName: GCC  CompilerVersion: 8.4.0
ProgramName: mri_fill  ProgramArguments: mri_fill -all-info  ProgramVersion: 7.3.2  TimeStamp: 2026/03/06-17:23:53-GMT  BuildTime: Aug  4 2022 06:17:15  BuildStamp: freesurfer-linux-ubuntu22_x86_64-7.3.2-20220804-6354275  User: oesteban  Machine: dna061  Platform: Linux  PlatformVersion: 5.14.0-427.37.1.el9_4.x86_64  CompilerName: GCC  CompilerVersion: 8.4.0
ProgramName: mri_fuse_segmentations  ProgramArguments: mri_fuse_segmentations -all-info  ProgramVersion: 7.3.2  TimeStamp: 2026/03/06-17:23:53-GMT  BuildTime: Aug  4 2022 06:17:15  BuildStamp: freesurfer-linux-ubuntu22_x86_64-7.3.2-20220804-6354275  User: oesteban  Machine: dna061  Platform: Linux  PlatformVersion: 5.14.0-427.37.1.el9_4.x86_64  CompilerName: GCC  CompilerVersion: 8.4.0
ProgramName: mri_fwhm  ProgramArguments: mri_fwhm -all-info  ProgramVersion: 7.3.2  TimeStamp: 2026/03/06-17:23:53-GMT  BuildTime: Aug  4 2022 06:17:15  BuildStamp: freesurfer-linux-ubuntu22_x86_64-7.3.2-20220804-6354275  User: oesteban  Machine: dna061  Platform: Linux  PlatformVersion: 5.14.0-427.37.1.el9_4.x86_64  CompilerName: GCC  CompilerVersion: 8.4.0
ProgramName: mri_gcut  ProgramArguments: mri_gcut -all-info  ProgramVersion: 7.3.2  TimeStamp: 2026/03/06-17:23:53-GMT  BuildTime: Aug  4 2022 06:17:15  BuildStamp: freesurfer-linux-ubuntu22_x86_64-7.3.2-20220804-6354275  User: oesteban  Machine: dna061  Platform: Linux  PlatformVersion: 5.14.0-427.37.1.el9_4.x86_64  CompilerName: GCC  CompilerVersion: 8.4.0
ProgramName: mri_info  ProgramArguments: mri_info -all-info  ProgramVersion: 7.3.2  TimeStamp: 2026/03/06-17:23:53-GMT  BuildTime: Aug  4 2022 06:17:15  BuildStamp: freesurfer-linux-ubuntu22_x86_64-7.3.2-20220804-6354275  User: oesteban  Machine: dna061  Platform: Linux  PlatformVersion: 5.14.0-427.37.1.el9_4.x86_64  CompilerName: GCC  CompilerVersion: 8.4.0
ProgramName: mri_label2label  ProgramArguments: mri_label2label -all-info  ProgramVersion: 7.3.2  TimeStamp: 2026/03/06-17:23:53-GMT  BuildTime: Aug  4 2022 06:17:15  BuildStamp: freesurfer-linux-ubuntu22_x86_64-7.3.2-20220804-6354275  User: oesteban  Machine: dna061  Platform: Linux  PlatformVersion: 5.14.0-427.37.1.el9_4.x86_64  CompilerName: GCC  CompilerVersion: 8.4.0
ProgramName: mri_label2vol  ProgramArguments: mri_label2vol -all-info  ProgramVersion: 7.3.2  TimeStamp: 2026/03/06-17:23:53-GMT  BuildTime: Aug  4 2022 06:17:15  BuildStamp: freesurfer-linux-ubuntu22_x86_64-7.3.2-20220804-6354275  User: oesteban  Machine: dna061  Platform: Linux  PlatformVersion: 5.14.0-427.37.1.el9_4.x86_64  CompilerName: GCC  CompilerVersion: 8.4.0
ProgramName: mri_log_likelihood  ProgramArguments: mri_log_likelihood -all-info  ProgramVersion: 7.3.2  TimeStamp: 2026/03/06-17:23:53-GMT  BuildTime: Aug  4 2022 06:17:15  BuildStamp: freesurfer-linux-ubuntu22_x86_64-7.3.2-20220804-6354275  User: oesteban  Machine: dna061  Platform: Linux  PlatformVersion: 5.14.0-427.37.1.el9_4.x86_64  CompilerName: GCC  CompilerVersion: 8.4.0
ProgramName: mri_mask  ProgramArguments: mri_mask -all-info  ProgramVersion: 7.3.2  TimeStamp: 2026/03/06-17:23:53-GMT  BuildTime: Aug  4 2022 06:17:15  BuildStamp: freesurfer-linux-ubuntu22_x86_64-7.3.2-20220804-6354275  User: oesteban  Machine: dna061  Platform: Linux  PlatformVersion: 5.14.0-427.37.1.el9_4.x86_64  CompilerName: GCC  CompilerVersion: 8.4.0
ProgramName: mri_matrix_multiply  ProgramArguments: mri_matrix_multiply -all-info  ProgramVersion: 7.3.2  TimeStamp: 2026/03/06-17:23:53-GMT  BuildTime: Aug  4 2022 06:17:15  BuildStamp: freesurfer-linux-ubuntu22_x86_64-7.3.2-20220804-6354275  User: oesteban  Machine: dna061  Platform: Linux  PlatformVersion: 5.14.0-427.37.1.el9_4.x86_64  CompilerName: GCC  CompilerVersion: 8.4.0
ProgramName: mri_normalize  ProgramArguments: mri_normalize -all-info  ProgramVersion: 7.3.2  TimeStamp: 2026/03/06-17:23:53-GMT  BuildTime: Aug  4 2022 06:17:15  BuildStamp: freesurfer-linux-ubuntu22_x86_64-7.3.2-20220804-6354275  User: oesteban  Machine: dna061  Platform: Linux  PlatformVersion: 5.14.0-427.37.1.el9_4.x86_64  CompilerName: GCC  CompilerVersion: 8.4.0
ProgramName: mri_normalize_tp2  ProgramArguments: mri_normalize_tp2 -all-info  ProgramVersion: 7.3.2  TimeStamp: 2026/03/06-17:23:53-GMT  BuildTime: Aug  4 2022 06:17:15  BuildStamp: freesurfer-linux-ubuntu22_x86_64-7.3.2-20220804-6354275  User: oesteban  Machine: dna061  Platform: Linux  PlatformVersion: 5.14.0-427.37.1.el9_4.x86_64  CompilerName: GCC  CompilerVersion: 8.4.0
ProgramName: mri_or  ProgramArguments: mri_or -all-info  ProgramVersion: 7.3.2  TimeStamp: 2026/03/06-17:23:53-GMT  BuildTime: Aug  4 2022 06:17:15  BuildStamp: freesurfer-linux-ubuntu22_x86_64-7.3.2-20220804-6354275  User: oesteban  Machine: dna061  Platform: Linux  PlatformVersion: 5.14.0-427.37.1.el9_4.x86_64  CompilerName: GCC  CompilerVersion: 8.4.0
ProgramName: mri_relabel_hypointensities  ProgramArguments: mri_relabel_hypointensities -all-info  ProgramVersion: 7.3.2  TimeStamp: 2026/03/06-17:23:53-GMT  BuildTime: Aug  4 2022 06:17:15  BuildStamp: freesurfer-linux-ubuntu22_x86_64-7.3.2-20220804-6354275  User: oesteban  Machine: dna061  Platform: Linux  PlatformVersion: 5.14.0-427.37.1.el9_4.x86_64  CompilerName: GCC  CompilerVersion: 8.4.0
ProgramName: mri_relabel_nonwm_hypos  ProgramArguments: mri_relabel_nonwm_hypos -all-info  ProgramVersion: 7.3.2  TimeStamp: 2026/03/06-17:23:53-GMT  BuildTime: Aug  4 2022 06:17:15  BuildStamp: freesurfer-linux-ubuntu22_x86_64-7.3.2-20220804-6354275  User: oesteban  Machine: dna061  Platform: Linux  PlatformVersion: 5.14.0-427.37.1.el9_4.x86_64  CompilerName: GCC  CompilerVersion: 8.4.0
ProgramName: mri_remove_neck  ProgramArguments: mri_remove_neck -all-info  ProgramVersion: 7.3.2  TimeStamp: 2026/03/06-17:23:53-GMT  BuildTime: Aug  4 2022 06:17:15  BuildStamp: freesurfer-linux-ubuntu22_x86_64-7.3.2-20220804-6354275  User: oesteban  Machine: dna061  Platform: Linux  PlatformVersion: 5.14.0-427.37.1.el9_4.x86_64  CompilerName: GCC  CompilerVersion: 8.4.0
7.3.2

ProgramName: mri_robust_register  ProgramArguments: mri_robust_register -all-info  ProgramVersion: 7.3.2  TimeStamp: 2026/03/06-17:23:53-GMT  BuildTime: Aug  4 2022 06:17:15  BuildStamp: freesurfer-linux-ubuntu22_x86_64-7.3.2-20220804-6354275  User: oesteban  Machine: dna061  Platform: Linux  PlatformVersion: 5.14.0-427.37.1.el9_4.x86_64  CompilerName: GCC  CompilerVersion: 8.4.0
7.3.2

ProgramName: mri_robust_template  ProgramArguments: mri_robust_template -all-info  ProgramVersion: 7.3.2  TimeStamp: 2026/03/06-17:23:53-GMT  BuildTime: Aug  4 2022 06:17:15  BuildStamp: freesurfer-linux-ubuntu22_x86_64-7.3.2-20220804-6354275  User: oesteban  Machine: dna061  Platform: Linux  PlatformVersion: 5.14.0-427.37.1.el9_4.x86_64  CompilerName: GCC  CompilerVersion: 8.4.0
ProgramName: mris_anatomical_stats  ProgramArguments: mris_anatomical_stats -all-info  ProgramVersion: 7.3.2  TimeStamp: 2026/03/06-17:23:53-GMT  BuildTime: Aug  4 2022 06:17:15  BuildStamp: freesurfer-linux-ubuntu22_x86_64-7.3.2-20220804-6354275  User: oesteban  Machine: dna061  Platform: Linux  PlatformVersion: 5.14.0-427.37.1.el9_4.x86_64  CompilerName: GCC  CompilerVersion: 8.4.0
ProgramName: mris_ca_label  ProgramArguments: mris_ca_label -all-info  ProgramVersion: 7.3.2  TimeStamp: 2026/03/06-17:23:53-GMT  BuildTime: Aug  4 2022 06:17:15  BuildStamp: freesurfer-linux-ubuntu22_x86_64-7.3.2-20220804-6354275  User: oesteban  Machine: dna061  Platform: Linux  PlatformVersion: 5.14.0-427.37.1.el9_4.x86_64  CompilerName: GCC  CompilerVersion: 8.4.0
ProgramName: mris_calc  ProgramArguments: mris_calc -all-info  ProgramVersion: 7.3.2  TimeStamp: 2026/03/06-17:23:53-GMT  BuildTime: Aug  4 2022 06:17:15  BuildStamp: freesurfer-linux-ubuntu22_x86_64-7.3.2-20220804-6354275  User: oesteban  Machine: dna061  Platform: Linux  PlatformVersion: 5.14.0-427.37.1.el9_4.x86_64  CompilerName: GCC  CompilerVersion: 8.4.0
ProgramName: mris_convert  ProgramArguments: mris_convert -all-info  ProgramVersion: 7.3.2  TimeStamp: 2026/03/06-17:23:53-GMT  BuildTime: Aug  4 2022 06:17:15  BuildStamp: freesurfer-linux-ubuntu22_x86_64-7.3.2-20220804-6354275  User: oesteban  Machine: dna061  Platform: Linux  PlatformVersion: 5.14.0-427.37.1.el9_4.x86_64  CompilerName: GCC  CompilerVersion: 8.4.0
ProgramName: mris_curvature  ProgramArguments: mris_curvature -all-info  ProgramVersion: 7.3.2  TimeStamp: 2026/03/06-17:23:53-GMT  BuildTime: Aug  4 2022 06:17:15  BuildStamp: freesurfer-linux-ubuntu22_x86_64-7.3.2-20220804-6354275  User: oesteban  Machine: dna061  Platform: Linux  PlatformVersion: 5.14.0-427.37.1.el9_4.x86_64  CompilerName: GCC  CompilerVersion: 8.4.0
ProgramName: mris_curvature_stats  ProgramArguments: mris_curvature_stats -all-info  ProgramVersion: 7.3.2  TimeStamp: 2026/03/06-17:23:53-GMT  BuildTime: Aug  4 2022 06:17:15  BuildStamp: freesurfer-linux-ubuntu22_x86_64-7.3.2-20220804-6354275  User: oesteban  Machine: dna061  Platform: Linux  PlatformVersion: 5.14.0-427.37.1.el9_4.x86_64  CompilerName: GCC  CompilerVersion: 8.4.0
ProgramName: mris_diff  ProgramArguments: mris_diff -all-info  ProgramVersion: 7.3.2  TimeStamp: 2026/03/06-17:23:53-GMT  BuildTime: Aug  4 2022 06:17:15  BuildStamp: freesurfer-linux-ubuntu22_x86_64-7.3.2-20220804-6354275  User: oesteban  Machine: dna061  Platform: Linux  PlatformVersion: 5.14.0-427.37.1.el9_4.x86_64  CompilerName: GCC  CompilerVersion: 8.4.0
ProgramName: mris_divide_parcellation  ProgramArguments: mris_divide_parcellation -all-info  ProgramVersion: 7.3.2  TimeStamp: 2026/03/06-17:23:53-GMT  BuildTime: Aug  4 2022 06:17:15  BuildStamp: freesurfer-linux-ubuntu22_x86_64-7.3.2-20220804-6354275  User: oesteban  Machine: dna061  Platform: Linux  PlatformVersion: 5.14.0-427.37.1.el9_4.x86_64  CompilerName: GCC  CompilerVersion: 8.4.0
ProgramName: mri_segment  ProgramArguments: mri_segment -all-info  ProgramVersion: 7.3.2  TimeStamp: 2026/03/06-17:23:53-GMT  BuildTime: Aug  4 2022 06:17:15  BuildStamp: freesurfer-linux-ubuntu22_x86_64-7.3.2-20220804-6354275  User: oesteban  Machine: dna061  Platform: Linux  PlatformVersion: 5.14.0-427.37.1.el9_4.x86_64  CompilerName: GCC  CompilerVersion: 8.4.0
ProgramName: mri_segstats  ProgramArguments: mri_segstats -all-info  ProgramVersion: 7.3.2  TimeStamp: 2026/03/06-17:23:53-GMT  BuildTime: Aug  4 2022 06:17:15  BuildStamp: freesurfer-linux-ubuntu22_x86_64-7.3.2-20220804-6354275  User: oesteban  Machine: dna061  Platform: Linux  PlatformVersion: 5.14.0-427.37.1.el9_4.x86_64  CompilerName: GCC  CompilerVersion: 8.4.0
ProgramName: mris_euler_number  ProgramArguments: mris_euler_number -all-info  ProgramVersion: 7.3.2  TimeStamp: 2026/03/06-17:23:53-GMT  BuildTime: Aug  4 2022 06:17:15  BuildStamp: freesurfer-linux-ubuntu22_x86_64-7.3.2-20220804-6354275  User: oesteban  Machine: dna061  Platform: Linux  PlatformVersion: 5.14.0-427.37.1.el9_4.x86_64  CompilerName: GCC  CompilerVersion: 8.4.0
ProgramName: mris_fix_topology  ProgramArguments: mris_fix_topology -all-info  ProgramVersion: 7.3.2  TimeStamp: 2026/03/06-17:23:53-GMT  BuildTime: Aug  4 2022 06:17:15  BuildStamp: freesurfer-linux-ubuntu22_x86_64-7.3.2-20220804-6354275  User: oesteban  Machine: dna061  Platform: Linux  PlatformVersion: 5.14.0-427.37.1.el9_4.x86_64  CompilerName: GCC  CompilerVersion: 8.4.0
ProgramName: mris_topo_fixer  ProgramArguments: mris_topo_fixer -all-info  ProgramVersion: 7.3.2  TimeStamp: 2026/03/06-17:23:53-GMT  BuildTime: Aug  4 2022 06:17:15  BuildStamp: freesurfer-linux-ubuntu22_x86_64-7.3.2-20220804-6354275  User: oesteban  Machine: dna061  Platform: Linux  PlatformVersion: 5.14.0-427.37.1.el9_4.x86_64  CompilerName: GCC  CompilerVersion: 8.4.0
ProgramName: mris_jacobian  ProgramArguments: mris_jacobian -all-info  ProgramVersion: 7.3.2  TimeStamp: 2026/03/06-17:23:53-GMT  BuildTime: Aug  4 2022 06:17:15  BuildStamp: freesurfer-linux-ubuntu22_x86_64-7.3.2-20220804-6354275  User: oesteban  Machine: dna061  Platform: Linux  PlatformVersion: 5.14.0-427.37.1.el9_4.x86_64  CompilerName: GCC  CompilerVersion: 8.4.0
ProgramName: mris_label2annot  ProgramArguments: mris_label2annot -all-info  ProgramVersion: 7.3.2  TimeStamp: 2026/03/06-17:23:53-GMT  BuildTime: Aug  4 2022 06:17:15  BuildStamp: freesurfer-linux-ubuntu22_x86_64-7.3.2-20220804-6354275  User: oesteban  Machine: dna061  Platform: Linux  PlatformVersion: 5.14.0-427.37.1.el9_4.x86_64  CompilerName: GCC  CompilerVersion: 8.4.0
ProgramName: mris_left_right_register  ProgramArguments: mris_left_right_register -all-info  ProgramVersion: 7.3.2  TimeStamp: 2026/03/06-17:23:53-GMT  BuildTime: Aug  4 2022 06:17:15  BuildStamp: freesurfer-linux-ubuntu22_x86_64-7.3.2-20220804-6354275  User: oesteban  Machine: dna061  Platform: Linux  PlatformVersion: 5.14.0-427.37.1.el9_4.x86_64  CompilerName: GCC  CompilerVersion: 8.4.0
ProgramName: mris_place_surface  ProgramArguments: mris_place_surface -all-info  ProgramVersion: 7.3.2  TimeStamp: 2026/03/06-17:23:53-GMT  BuildTime: Aug  4 2022 06:17:15  BuildStamp: freesurfer-linux-ubuntu22_x86_64-7.3.2-20220804-6354275  User: oesteban  Machine: dna061  Platform: Linux  PlatformVersion: 5.14.0-427.37.1.el9_4.x86_64  CompilerName: GCC  CompilerVersion: 8.4.0
ProgramName: mrisp_paint  ProgramArguments: mrisp_paint -all-info  ProgramVersion: 7.3.2  TimeStamp: 2026/03/06-17:23:53-GMT  BuildTime: Aug  4 2022 06:17:15  BuildStamp: freesurfer-linux-ubuntu22_x86_64-7.3.2-20220804-6354275  User: oesteban  Machine: dna061  Platform: Linux  PlatformVersion: 5.14.0-427.37.1.el9_4.x86_64  CompilerName: GCC  CompilerVersion: 8.4.0
ProgramName: mris_register  ProgramArguments: mris_register -all-info  ProgramVersion: 7.3.2  TimeStamp: 2026/03/06-17:23:53-GMT  BuildTime: Aug  4 2022 06:17:15  BuildStamp: freesurfer-linux-ubuntu22_x86_64-7.3.2-20220804-6354275  User: oesteban  Machine: dna061  Platform: Linux  PlatformVersion: 5.14.0-427.37.1.el9_4.x86_64  CompilerName: GCC  CompilerVersion: 8.4.0
ProgramName: mris_smooth  ProgramArguments: mris_smooth -all-info  ProgramVersion: 7.3.2  TimeStamp: 2026/03/06-17:23:53-GMT  BuildTime: Aug  4 2022 06:17:15  BuildStamp: freesurfer-linux-ubuntu22_x86_64-7.3.2-20220804-6354275  User: oesteban  Machine: dna061  Platform: Linux  PlatformVersion: 5.14.0-427.37.1.el9_4.x86_64  CompilerName: GCC  CompilerVersion: 8.4.0
ProgramName: mris_sphere  ProgramArguments: mris_sphere -all-info  ProgramVersion: 7.3.2  TimeStamp: 2026/03/06-17:23:53-GMT  BuildTime: Aug  4 2022 06:17:15  BuildStamp: freesurfer-linux-ubuntu22_x86_64-7.3.2-20220804-6354275  User: oesteban  Machine: dna061  Platform: Linux  PlatformVersion: 5.14.0-427.37.1.el9_4.x86_64  CompilerName: GCC  CompilerVersion: 8.4.0
ProgramName: mris_surface_stats  ProgramArguments: mris_surface_stats -all-info  ProgramVersion: 7.3.2  TimeStamp: 2026/03/06-17:23:53-GMT  BuildTime: Aug  4 2022 06:17:15  BuildStamp: freesurfer-linux-ubuntu22_x86_64-7.3.2-20220804-6354275  User: oesteban  Machine: dna061  Platform: Linux  PlatformVersion: 5.14.0-427.37.1.el9_4.x86_64  CompilerName: GCC  CompilerVersion: 8.4.0
ProgramName: mri_stats2seg  ProgramArguments: mri_stats2seg -all-info  ProgramVersion: 7.3.2  TimeStamp: 2026/03/06-17:23:53-GMT  BuildTime: Aug  4 2022 06:17:15  BuildStamp: freesurfer-linux-ubuntu22_x86_64-7.3.2-20220804-6354275  User: oesteban  Machine: dna061  Platform: Linux  PlatformVersion: 5.14.0-427.37.1.el9_4.x86_64  CompilerName: GCC  CompilerVersion: 8.4.0
ProgramName: mris_thickness  ProgramArguments: mris_thickness -all-info  ProgramVersion: 7.3.2  TimeStamp: 2026/03/06-17:23:53-GMT  BuildTime: Aug  4 2022 06:17:15  BuildStamp: freesurfer-linux-ubuntu22_x86_64-7.3.2-20220804-6354275  User: oesteban  Machine: dna061  Platform: Linux  PlatformVersion: 5.14.0-427.37.1.el9_4.x86_64  CompilerName: GCC  CompilerVersion: 8.4.0
ProgramName: mris_thickness_diff  ProgramArguments: mris_thickness_diff -all-info  ProgramVersion: 7.3.2  TimeStamp: 2026/03/06-17:23:53-GMT  BuildTime: Aug  4 2022 06:17:15  BuildStamp: freesurfer-linux-ubuntu22_x86_64-7.3.2-20220804-6354275  User: oesteban  Machine: dna061  Platform: Linux  PlatformVersion: 5.14.0-427.37.1.el9_4.x86_64  CompilerName: GCC  CompilerVersion: 8.4.0
ProgramName: mris_topo_fixer  ProgramArguments: mris_topo_fixer -all-info  ProgramVersion: 7.3.2  TimeStamp: 2026/03/06-17:23:53-GMT  BuildTime: Aug  4 2022 06:17:15  BuildStamp: freesurfer-linux-ubuntu22_x86_64-7.3.2-20220804-6354275  User: oesteban  Machine: dna061  Platform: Linux  PlatformVersion: 5.14.0-427.37.1.el9_4.x86_64  CompilerName: GCC  CompilerVersion: 8.4.0
ProgramName: mri_surf2surf  ProgramArguments: mri_surf2surf -all-info  ProgramVersion: 7.3.2  TimeStamp: 2026/03/06-17:23:53-GMT  BuildTime: Aug  4 2022 06:17:15  BuildStamp: freesurfer-linux-ubuntu22_x86_64-7.3.2-20220804-6354275  User: oesteban  Machine: dna061  Platform: Linux  PlatformVersion: 5.14.0-427.37.1.el9_4.x86_64  CompilerName: GCC  CompilerVersion: 8.4.0
ProgramName: mri_surf2vol  ProgramArguments: mri_surf2vol -all-info  ProgramVersion: 7.3.2  TimeStamp: 2026/03/06-17:23:53-GMT  BuildTime: Aug  4 2022 06:17:15  BuildStamp: freesurfer-linux-ubuntu22_x86_64-7.3.2-20220804-6354275  User: oesteban  Machine: dna061  Platform: Linux  PlatformVersion: 5.14.0-427.37.1.el9_4.x86_64  CompilerName: GCC  CompilerVersion: 8.4.0
ProgramName: mri_surfcluster  ProgramArguments: mri_surfcluster -all-info  ProgramVersion: 7.3.2  TimeStamp: 2026/03/06-17:23:53-GMT  BuildTime: Aug  4 2022 06:17:15  BuildStamp: freesurfer-linux-ubuntu22_x86_64-7.3.2-20220804-6354275  User: oesteban  Machine: dna061  Platform: Linux  PlatformVersion: 5.14.0-427.37.1.el9_4.x86_64  CompilerName: GCC  CompilerVersion: 8.4.0
ProgramName: mris_volmask  ProgramArguments: mris_volmask -all-info  ProgramVersion: 7.3.2  TimeStamp: 2026/03/06-17:23:53-GMT  BuildTime: Aug  4 2022 06:17:15  BuildStamp: freesurfer-linux-ubuntu22_x86_64-7.3.2-20220804-6354275  User: oesteban  Machine: dna061  Platform: Linux  PlatformVersion: 5.14.0-427.37.1.el9_4.x86_64  CompilerName: GCC  CompilerVersion: 8.4.0
ProgramName: mri_tessellate  ProgramArguments: mri_tessellate -all-info  ProgramVersion: 7.3.2  TimeStamp: 2026/03/06-17:23:53-GMT  BuildTime: Aug  4 2022 06:17:15  BuildStamp: freesurfer-linux-ubuntu22_x86_64-7.3.2-20220804-6354275  User: oesteban  Machine: dna061  Platform: Linux  PlatformVersion: 5.14.0-427.37.1.el9_4.x86_64  CompilerName: GCC  CompilerVersion: 8.4.0
ProgramName: mri_vol2surf  ProgramArguments: mri_vol2surf -all-info  ProgramVersion: 7.3.2  TimeStamp: 2026/03/06-17:23:53-GMT  BuildTime: Aug  4 2022 06:17:15  BuildStamp: freesurfer-linux-ubuntu22_x86_64-7.3.2-20220804-6354275  User: oesteban  Machine: dna061  Platform: Linux  PlatformVersion: 5.14.0-427.37.1.el9_4.x86_64  CompilerName: GCC  CompilerVersion: 8.4.0
ProgramName: mri_vol2vol  ProgramArguments: mri_vol2vol -all-info  ProgramVersion: 7.3.2  TimeStamp: 2026/03/06-17:23:53-GMT  BuildTime: Aug  4 2022 06:17:15  BuildStamp: freesurfer-linux-ubuntu22_x86_64-7.3.2-20220804-6354275  User: oesteban  Machine: dna061  Platform: Linux  PlatformVersion: 5.14.0-427.37.1.el9_4.x86_64  CompilerName: GCC  CompilerVersion: 8.4.0
ProgramName: mri_voldiff  ProgramArguments: mri_voldiff -all-info  ProgramVersion: 7.3.2  TimeStamp: 2026/03/06-17:23:53-GMT  BuildTime: Aug  4 2022 06:17:15  BuildStamp: freesurfer-linux-ubuntu22_x86_64-7.3.2-20220804-6354275  User: oesteban  Machine: dna061  Platform: Linux  PlatformVersion: 5.14.0-427.37.1.el9_4.x86_64  CompilerName: GCC  CompilerVersion: 8.4.0
ProgramName: mri_watershed  ProgramArguments: mri_watershed -all-info  ProgramVersion: 7.3.2  TimeStamp: 2026/03/06-17:23:53-GMT  BuildTime: Aug  4 2022 06:17:15  BuildStamp: freesurfer-linux-ubuntu22_x86_64-7.3.2-20220804-6354275  User: oesteban  Machine: dna061  Platform: Linux  PlatformVersion: 5.14.0-427.37.1.el9_4.x86_64  CompilerName: GCC  CompilerVersion: 8.4.0
ProgramName: tkregister2  ProgramArguments: tkregister2_cmdl -all-info  ProgramVersion: 7.3.2  TimeStamp: 2026/03/06-17:23:53-GMT  BuildTime: Aug  4 2022 06:17:15  BuildStamp: freesurfer-linux-ubuntu22_x86_64-7.3.2-20220804-6354275  User: oesteban  Machine: dna061  Platform: Linux  PlatformVersion: 5.14.0-427.37.1.el9_4.x86_64  CompilerName: GCC  CompilerVersion: 8.4.0
mri_motion_correct.fsl 7.3.2
mri_convert -all-info 
ProgramName: mri_convert  ProgramArguments: mri_convert -all-info  ProgramVersion: 7.3.2  TimeStamp: 2026/03/06-17:23:53-GMT  BuildTime: Aug  4 2022 06:17:15  BuildStamp: freesurfer-linux-ubuntu22_x86_64-7.3.2-20220804-6354275  User: oesteban  Machine: dna061  Platform: Linux  PlatformVersion: 5.14.0-427.37.1.el9_4.x86_64  CompilerName: GCC  CompilerVersion: 8.4.0
Program nu_correct, built from:
Package MNI N3, version 1.12.0, compiled by nicks@terrier (x86_64-unknown-linux-gnu) on 2015-06-19 at 01:25:34
#######################################
GCADIR /opt/freesurfer/average
GCA RB_all_2020-01-02.gca
GCASkull RB_all_withskull_2020_01_02.gca
AvgCurvTif folding.atlas.acfb40.noaparc.i12.2016-08-02.tif
GCSDIR /opt/freesurfer/average
GCS DKaparc.atlas.acfb40.noaparc.i12.2016-08-02.gcs
#######################################
#@# white curv lh Fri Mar  6 18:23:53 CET 2026
cd /out/sourcedata/freesurfer/sub-v1s10x0051124_ses-1/mri
mris_place_surface --curv-map ../surf/lh.white 2 10 ../surf/lh.curv
   Update not needed
#@# white area lh Fri Mar  6 18:23:53 CET 2026
cd /out/sourcedata/freesurfer/sub-v1s10x0051124_ses-1/mri
mris_place_surface --area-map ../surf/lh.white ../surf/lh.area
   Update not needed
#@# pial curv lh Fri Mar  6 18:23:53 CET 2026
cd /out/sourcedata/freesurfer/sub-v1s10x0051124_ses-1/mri
mris_place_surface --curv-map ../surf/lh.pial 2 10 ../surf/lh.curv.pial
   Update not needed
#@# pial area lh Fri Mar  6 18:23:53 CET 2026
cd /out/sourcedata/freesurfer/sub-v1s10x0051124_ses-1/mri
mris_place_surface --area-map ../surf/lh.pial ../surf/lh.area.pial
   Update not needed
#@# thickness lh Fri Mar  6 18:23:53 CET 2026
cd /out/sourcedata/freesurfer/sub-v1s10x0051124_ses-1/mri
mris_place_surface --thickness ../surf/lh.white ../surf/lh.pial 20 5 ../surf/lh.thickness
   Update not needed
#@# area and vertex vol lh Fri Mar  6 18:23:53 CET 2026
cd /out/sourcedata/freesurfer/sub-v1s10x0051124_ses-1/mri
mris_place_surface --thickness ../surf/lh.white ../surf/lh.pial 20 5 ../surf/lh.thickness
   Update not needed
#@# white curv rh Fri Mar  6 18:23:53 CET 2026
cd /out/sourcedata/freesurfer/sub-v1s10x0051124_ses-1/mri
mris_place_surface --curv-map ../surf/rh.white 2 10 ../surf/rh.curv
   Update not needed
#@# white area rh Fri Mar  6 18:23:53 CET 2026
cd /out/sourcedata/freesurfer/sub-v1s10x0051124_ses-1/mri
mris_place_surface --area-map ../surf/rh.white ../surf/rh.area
   Update not needed
#@# pial curv rh Fri Mar  6 18:23:53 CET 2026
cd /out/sourcedata/freesurfer/sub-v1s10x0051124_ses-1/mri
mris_place_surface --curv-map ../surf/rh.pial 2 10 ../surf/rh.curv.pial
   Update not needed
#@# pial area rh Fri Mar  6 18:23:53 CET 2026
cd /out/sourcedata/freesurfer/sub-v1s10x0051124_ses-1/mri
mris_place_surface --area-map ../surf/rh.pial ../surf/rh.area.pial
   Update not needed
#@# thickness rh Fri Mar  6 18:23:53 CET 2026
cd /out/sourcedata/freesurfer/sub-v1s10x0051124_ses-1/mri
mris_place_surface --thickness ../surf/rh.white ../surf/rh.pial 20 5 ../surf/rh.thickness
   Update not needed
#@# area and vertex vol rh Fri Mar  6 18:23:53 CET 2026
cd /out/sourcedata/freesurfer/sub-v1s10x0051124_ses-1/mri
mris_place_surface --thickness ../surf/rh.white ../surf/rh.pial 20 5 ../surf/rh.thickness
   Update not needed
#--------------------------------------------
#@# Cortical ribbon mask Fri Mar  6 18:23:53 CET 2026
/out/sourcedata/freesurfer/sub-v1s10x0051124_ses-1/mri

 mris_volmask --aseg_name aseg.presurf --label_left_white 2 --label_left_ribbon 3 --label_right_white 41 --label_right_ribbon 42 --save_ribbon sub-v1s10x0051124_ses-1 

SUBJECTS_DIR is /out/sourcedata/freesurfer
loading input data...
Running hemis serially
Processing left hemi
computing distance to left white surface 
computing distance to left pial surface 
Processing right hemi
computing distance to right white surface 
computing distance to right pial surface 
 hemi masks overlap voxels = 285
writing volume /out/sourcedata/freesurfer/sub-v1s10x0051124_ses-1/mri/ribbon.mgz
mris_volmask took 7.57 minutes
 writing ribbon files

Started at Fri Mar 6 18:23:53 CET 2026 
Ended   at Fri Mar 6 18:31:27 CET 2026
#@#%# recon-all-run-time-hours 0.126
recon-all -s sub-v1s10x0051124_ses-1 finished without error at Fri Mar  6 18:31:27 CET 2026



#New# invocation of recon-all 




Fri Mar  6 18:39:59 CET 2026
cd /out/sourcedata/freesurfer/sub-v1s10x0051124_ses-1
setenv SUBJECTS_DIR /out/sourcedata/freesurfer
/opt/freesurfer/bin/recon-all -autorecon3 -openmp 16 -subjid sub-v1s10x0051124_ses-1 -sd /out/sourcedata/freesurfer -nosphere -nosurfreg -nojacobian_white -noavgcurv -nocortparc -nopial -noparcstats -nocortparc2 -noparcstats2 -nocortparc3 -noparcstats3 -nopctsurfcon -nocortribbon -nobalabels

subjid sub-v1s10x0051124_ses-1
setenv SUBJECTS_DIR /out/sourcedata/freesurfer
FREESURFER_HOME /opt/freesurfer
Actual FREESURFER_HOME /opt/freesurfer
build-stamp.txt: freesurfer-linux-ubuntu22_x86_64-7.3.2-20220804-6354275
Linux dna061 5.14.0-427.37.1.el9_4.x86_64 #1 SMP PREEMPT_DYNAMIC Fri Sep 13 12:41:50 EDT 2024 x86_64 x86_64 x86_64 GNU/Linux
cputime      unlimited
filesize     unlimited
datasize     unlimited
stacksize    8192 kbytes
coredumpsize 0 kbytes
memoryuse    67108864 kbytes
vmemoryuse   unlimited
descriptors  1024 
memorylocked unlimited
maxproc      2061970 
maxlocks     unlimited
maxsignal    2061970 
maxmessage   819200 
maxnice      0 
maxrtprio    0 
maxrttime    unlimited

               total        used        free      shared  buff/cache   available
Mem:           503Gi        48Gi       290Gi        21Gi       164Gi       430Gi
Swap:             0B          0B          0B

########################################
program versions used
7.3.2 (freesurfer-linux-ubuntu22_x86_64-7.3.2-20220804-6354275)
7.3.2

ProgramName: lta_convert  ProgramArguments: lta_convert -all-info  ProgramVersion: 7.3.2  TimeStamp: 2026/03/06-17:39:59-GMT  BuildTime: Aug  4 2022 06:17:15  BuildStamp: freesurfer-linux-ubuntu22_x86_64-7.3.2-20220804-6354275  User: oesteban  Machine: dna061  Platform: Linux  PlatformVersion: 5.14.0-427.37.1.el9_4.x86_64  CompilerName: GCC  CompilerVersion: 8.4.0
ProgramName: mri_and  ProgramArguments: mri_and -all-info  ProgramVersion: 7.3.2  TimeStamp: 2026/03/06-17:39:59-GMT  BuildTime: Aug  4 2022 06:17:15  BuildStamp: freesurfer-linux-ubuntu22_x86_64-7.3.2-20220804-6354275  User: oesteban  Machine: dna061  Platform: Linux  PlatformVersion: 5.14.0-427.37.1.el9_4.x86_64  CompilerName: GCC  CompilerVersion: 8.4.0
ProgramName: mri_annotation2label  ProgramArguments: mri_annotation2label -all-info  ProgramVersion: 7.3.2  TimeStamp: 2026/03/06-17:39:59-GMT  BuildTime: Aug  4 2022 06:17:15  BuildStamp: freesurfer-linux-ubuntu22_x86_64-7.3.2-20220804-6354275  User: oesteban  Machine: dna061  Platform: Linux  PlatformVersion: 5.14.0-427.37.1.el9_4.x86_64  CompilerName: GCC  CompilerVersion: 8.4.0
ProgramName: mri_aparc2aseg  ProgramArguments: mri_aparc2aseg -all-info  ProgramVersion: 7.3.2  TimeStamp: 2026/03/06-17:39:59-GMT  BuildTime: Aug  4 2022 06:17:15  BuildStamp: freesurfer-linux-ubuntu22_x86_64-7.3.2-20220804-6354275  User: oesteban  Machine: dna061  Platform: Linux  PlatformVersion: 5.14.0-427.37.1.el9_4.x86_64  CompilerName: GCC  CompilerVersion: 8.4.0
ProgramName: mri_surf2volseg  ProgramArguments: mri_surf2volseg -all-info  ProgramVersion: 7.3.2  TimeStamp: 2026/03/06-17:39:59-GMT  BuildTime: Aug  4 2022 06:17:15  BuildStamp: freesurfer-linux-ubuntu22_x86_64-7.3.2-20220804-6354275  User: oesteban  Machine: dna061  Platform: Linux  PlatformVersion: 5.14.0-427.37.1.el9_4.x86_64  CompilerName: GCC  CompilerVersion: 8.4.0
ProgramName: mri_binarize  ProgramArguments: mri_binarize -all-info  ProgramVersion: 7.3.2  TimeStamp: 2026/03/06-17:39:59-GMT  BuildTime: Aug  4 2022 06:17:15  BuildStamp: freesurfer-linux-ubuntu22_x86_64-7.3.2-20220804-6354275  User: oesteban  Machine: dna061  Platform: Linux  PlatformVersion: 5.14.0-427.37.1.el9_4.x86_64  CompilerName: GCC  CompilerVersion: 8.4.0
ProgramName: mri_ca_label  ProgramArguments: mri_ca_label -all-info  ProgramVersion: 7.3.2  TimeStamp: 2026/03/06-17:39:59-GMT  BuildTime: Aug  4 2022 06:17:15  BuildStamp: freesurfer-linux-ubuntu22_x86_64-7.3.2-20220804-6354275  User: oesteban  Machine: dna061  Platform: Linux  PlatformVersion: 5.14.0-427.37.1.el9_4.x86_64  CompilerName: GCC  CompilerVersion: 8.4.0
ProgramName: mri_ca_normalize  ProgramArguments: mri_ca_normalize -all-info  ProgramVersion: 7.3.2  TimeStamp: 2026/03/06-17:39:59-GMT  BuildTime: Aug  4 2022 06:17:15  BuildStamp: freesurfer-linux-ubuntu22_x86_64-7.3.2-20220804-6354275  User: oesteban  Machine: dna061  Platform: Linux  PlatformVersion: 5.14.0-427.37.1.el9_4.x86_64  CompilerName: GCC  CompilerVersion: 8.4.0
ProgramName: mri_ca_register  ProgramArguments: mri_ca_register -all-info  ProgramVersion: 7.3.2  TimeStamp: 2026/03/06-17:39:59-GMT  BuildTime: Aug  4 2022 06:17:15  BuildStamp: freesurfer-linux-ubuntu22_x86_64-7.3.2-20220804-6354275  User: oesteban  Machine: dna061  Platform: Linux  PlatformVersion: 5.14.0-427.37.1.el9_4.x86_64  CompilerName: GCC  CompilerVersion: 8.4.0
ProgramName: mri_cc  ProgramArguments: mri_cc -all-info  ProgramVersion: 7.3.2  TimeStamp: 2026/03/06-17:39:59-GMT  BuildTime: Aug  4 2022 06:17:15  BuildStamp: freesurfer-linux-ubuntu22_x86_64-7.3.2-20220804-6354275  User: oesteban  Machine: dna061  Platform: Linux  PlatformVersion: 5.14.0-427.37.1.el9_4.x86_64  CompilerName: GCC  CompilerVersion: 8.4.0
ProgramName: mri_compute_overlap  ProgramArguments: mri_compute_overlap -all-info  ProgramVersion: 7.3.2  TimeStamp: 2026/03/06-17:39:59-GMT  BuildTime: Aug  4 2022 06:17:15  BuildStamp: freesurfer-linux-ubuntu22_x86_64-7.3.2-20220804-6354275  User: oesteban  Machine: dna061  Platform: Linux  PlatformVersion: 5.14.0-427.37.1.el9_4.x86_64  CompilerName: GCC  CompilerVersion: 8.4.0
ProgramName: mri_compute_seg_overlap  ProgramArguments: mri_compute_seg_overlap -all-info  ProgramVersion: 7.3.2  TimeStamp: 2026/03/06-17:39:59-GMT  BuildTime: Aug  4 2022 06:17:15  BuildStamp: freesurfer-linux-ubuntu22_x86_64-7.3.2-20220804-6354275  User: oesteban  Machine: dna061  Platform: Linux  PlatformVersion: 5.14.0-427.37.1.el9_4.x86_64  CompilerName: GCC  CompilerVersion: 8.4.0
ProgramName: mri_concat  ProgramArguments: mri_concat -all-info  ProgramVersion: 7.3.2  TimeStamp: 2026/03/06-17:39:59-GMT  BuildTime: Aug  4 2022 06:17:15  BuildStamp: freesurfer-linux-ubuntu22_x86_64-7.3.2-20220804-6354275  User: oesteban  Machine: dna061  Platform: Linux  PlatformVersion: 5.14.0-427.37.1.el9_4.x86_64  CompilerName: GCC  CompilerVersion: 8.4.0
ProgramName: mri_concatenate_lta  ProgramArguments: mri_concatenate_lta -all-info  ProgramVersion: 7.3.2  TimeStamp: 2026/03/06-17:39:59-GMT  BuildTime: Aug  4 2022 06:17:15  BuildStamp: freesurfer-linux-ubuntu22_x86_64-7.3.2-20220804-6354275  User: oesteban  Machine: dna061  Platform: Linux  PlatformVersion: 5.14.0-427.37.1.el9_4.x86_64  CompilerName: GCC  CompilerVersion: 8.4.0
mri_convert -all-info 
ProgramName: mri_convert  ProgramArguments: mri_convert -all-info  ProgramVersion: 7.3.2  TimeStamp: 2026/03/06-17:39:59-GMT  BuildTime: Aug  4 2022 06:17:15  BuildStamp: freesurfer-linux-ubuntu22_x86_64-7.3.2-20220804-6354275  User: oesteban  Machine: dna061  Platform: Linux  PlatformVersion: 5.14.0-427.37.1.el9_4.x86_64  CompilerName: GCC  CompilerVersion: 8.4.0
ProgramName: mri_diff  ProgramArguments: mri_diff -all-info  ProgramVersion: 7.3.2  TimeStamp: 2026/03/06-17:39:59-GMT  BuildTime: Aug  4 2022 06:17:15  BuildStamp: freesurfer-linux-ubuntu22_x86_64-7.3.2-20220804-6354275  User: oesteban  Machine: dna061  Platform: Linux  PlatformVersion: 5.14.0-427.37.1.el9_4.x86_64  CompilerName: GCC  CompilerVersion: 8.4.0
ProgramName: mri_edit_wm_with_aseg  ProgramArguments: mri_edit_wm_with_aseg -all-info  ProgramVersion: 7.3.2  TimeStamp: 2026/03/06-17:39:59-GMT  BuildTime: Aug  4 2022 06:17:15  BuildStamp: freesurfer-linux-ubuntu22_x86_64-7.3.2-20220804-6354275  User: oesteban  Machine: dna061  Platform: Linux  PlatformVersion: 5.14.0-427.37.1.el9_4.x86_64  CompilerName: GCC  CompilerVersion: 8.4.0
ProgramName: mri_em_register  ProgramArguments: mri_em_register -all-info  ProgramVersion: 7.3.2  TimeStamp: 2026/03/06-17:39:59-GMT  BuildTime: Aug  4 2022 06:17:15  BuildStamp: freesurfer-linux-ubuntu22_x86_64-7.3.2-20220804-6354275  User: oesteban  Machine: dna061  Platform: Linux  PlatformVersion: 5.14.0-427.37.1.el9_4.x86_64  CompilerName: GCC  CompilerVersion: 8.4.0
ProgramName: mri_fill  ProgramArguments: mri_fill -all-info  ProgramVersion: 7.3.2  TimeStamp: 2026/03/06-17:39:59-GMT  BuildTime: Aug  4 2022 06:17:15  BuildStamp: freesurfer-linux-ubuntu22_x86_64-7.3.2-20220804-6354275  User: oesteban  Machine: dna061  Platform: Linux  PlatformVersion: 5.14.0-427.37.1.el9_4.x86_64  CompilerName: GCC  CompilerVersion: 8.4.0
ProgramName: mri_fuse_segmentations  ProgramArguments: mri_fuse_segmentations -all-info  ProgramVersion: 7.3.2  TimeStamp: 2026/03/06-17:39:59-GMT  BuildTime: Aug  4 2022 06:17:15  BuildStamp: freesurfer-linux-ubuntu22_x86_64-7.3.2-20220804-6354275  User: oesteban  Machine: dna061  Platform: Linux  PlatformVersion: 5.14.0-427.37.1.el9_4.x86_64  CompilerName: GCC  CompilerVersion: 8.4.0
ProgramName: mri_fwhm  ProgramArguments: mri_fwhm -all-info  ProgramVersion: 7.3.2  TimeStamp: 2026/03/06-17:39:59-GMT  BuildTime: Aug  4 2022 06:17:15  BuildStamp: freesurfer-linux-ubuntu22_x86_64-7.3.2-20220804-6354275  User: oesteban  Machine: dna061  Platform: Linux  PlatformVersion: 5.14.0-427.37.1.el9_4.x86_64  CompilerName: GCC  CompilerVersion: 8.4.0
ProgramName: mri_gcut  ProgramArguments: mri_gcut -all-info  ProgramVersion: 7.3.2  TimeStamp: 2026/03/06-17:39:59-GMT  BuildTime: Aug  4 2022 06:17:15  BuildStamp: freesurfer-linux-ubuntu22_x86_64-7.3.2-20220804-6354275  User: oesteban  Machine: dna061  Platform: Linux  PlatformVersion: 5.14.0-427.37.1.el9_4.x86_64  CompilerName: GCC  CompilerVersion: 8.4.0
ProgramName: mri_info  ProgramArguments: mri_info -all-info  ProgramVersion: 7.3.2  TimeStamp: 2026/03/06-17:39:59-GMT  BuildTime: Aug  4 2022 06:17:15  BuildStamp: freesurfer-linux-ubuntu22_x86_64-7.3.2-20220804-6354275  User: oesteban  Machine: dna061  Platform: Linux  PlatformVersion: 5.14.0-427.37.1.el9_4.x86_64  CompilerName: GCC  CompilerVersion: 8.4.0
ProgramName: mri_label2label  ProgramArguments: mri_label2label -all-info  ProgramVersion: 7.3.2  TimeStamp: 2026/03/06-17:39:59-GMT  BuildTime: Aug  4 2022 06:17:15  BuildStamp: freesurfer-linux-ubuntu22_x86_64-7.3.2-20220804-6354275  User: oesteban  Machine: dna061  Platform: Linux  PlatformVersion: 5.14.0-427.37.1.el9_4.x86_64  CompilerName: GCC  CompilerVersion: 8.4.0
ProgramName: mri_label2vol  ProgramArguments: mri_label2vol -all-info  ProgramVersion: 7.3.2  TimeStamp: 2026/03/06-17:39:59-GMT  BuildTime: Aug  4 2022 06:17:15  BuildStamp: freesurfer-linux-ubuntu22_x86_64-7.3.2-20220804-6354275  User: oesteban  Machine: dna061  Platform: Linux  PlatformVersion: 5.14.0-427.37.1.el9_4.x86_64  CompilerName: GCC  CompilerVersion: 8.4.0
ProgramName: mri_log_likelihood  ProgramArguments: mri_log_likelihood -all-info  ProgramVersion: 7.3.2  TimeStamp: 2026/03/06-17:39:59-GMT  BuildTime: Aug  4 2022 06:17:15  BuildStamp: freesurfer-linux-ubuntu22_x86_64-7.3.2-20220804-6354275  User: oesteban  Machine: dna061  Platform: Linux  PlatformVersion: 5.14.0-427.37.1.el9_4.x86_64  CompilerName: GCC  CompilerVersion: 8.4.0
ProgramName: mri_mask  ProgramArguments: mri_mask -all-info  ProgramVersion: 7.3.2  TimeStamp: 2026/03/06-17:39:59-GMT  BuildTime: Aug  4 2022 06:17:15  BuildStamp: freesurfer-linux-ubuntu22_x86_64-7.3.2-20220804-6354275  User: oesteban  Machine: dna061  Platform: Linux  PlatformVersion: 5.14.0-427.37.1.el9_4.x86_64  CompilerName: GCC  CompilerVersion: 8.4.0
ProgramName: mri_matrix_multiply  ProgramArguments: mri_matrix_multiply -all-info  ProgramVersion: 7.3.2  TimeStamp: 2026/03/06-17:39:59-GMT  BuildTime: Aug  4 2022 06:17:15  BuildStamp: freesurfer-linux-ubuntu22_x86_64-7.3.2-20220804-6354275  User: oesteban  Machine: dna061  Platform: Linux  PlatformVersion: 5.14.0-427.37.1.el9_4.x86_64  CompilerName: GCC  CompilerVersion: 8.4.0
ProgramName: mri_normalize  ProgramArguments: mri_normalize -all-info  ProgramVersion: 7.3.2  TimeStamp: 2026/03/06-17:39:59-GMT  BuildTime: Aug  4 2022 06:17:15  BuildStamp: freesurfer-linux-ubuntu22_x86_64-7.3.2-20220804-6354275  User: oesteban  Machine: dna061  Platform: Linux  PlatformVersion: 5.14.0-427.37.1.el9_4.x86_64  CompilerName: GCC  CompilerVersion: 8.4.0
ProgramName: mri_normalize_tp2  ProgramArguments: mri_normalize_tp2 -all-info  ProgramVersion: 7.3.2  TimeStamp: 2026/03/06-17:39:59-GMT  BuildTime: Aug  4 2022 06:17:15  BuildStamp: freesurfer-linux-ubuntu22_x86_64-7.3.2-20220804-6354275  User: oesteban  Machine: dna061  Platform: Linux  PlatformVersion: 5.14.0-427.37.1.el9_4.x86_64  CompilerName: GCC  CompilerVersion: 8.4.0
ProgramName: mri_or  ProgramArguments: mri_or -all-info  ProgramVersion: 7.3.2  TimeStamp: 2026/03/06-17:39:59-GMT  BuildTime: Aug  4 2022 06:17:15  BuildStamp: freesurfer-linux-ubuntu22_x86_64-7.3.2-20220804-6354275  User: oesteban  Machine: dna061  Platform: Linux  PlatformVersion: 5.14.0-427.37.1.el9_4.x86_64  CompilerName: GCC  CompilerVersion: 8.4.0
ProgramName: mri_relabel_hypointensities  ProgramArguments: mri_relabel_hypointensities -all-info  ProgramVersion: 7.3.2  TimeStamp: 2026/03/06-17:39:59-GMT  BuildTime: Aug  4 2022 06:17:15  BuildStamp: freesurfer-linux-ubuntu22_x86_64-7.3.2-20220804-6354275  User: oesteban  Machine: dna061  Platform: Linux  PlatformVersion: 5.14.0-427.37.1.el9_4.x86_64  CompilerName: GCC  CompilerVersion: 8.4.0
ProgramName: mri_relabel_nonwm_hypos  ProgramArguments: mri_relabel_nonwm_hypos -all-info  ProgramVersion: 7.3.2  TimeStamp: 2026/03/06-17:39:59-GMT  BuildTime: Aug  4 2022 06:17:15  BuildStamp: freesurfer-linux-ubuntu22_x86_64-7.3.2-20220804-6354275  User: oesteban  Machine: dna061  Platform: Linux  PlatformVersion: 5.14.0-427.37.1.el9_4.x86_64  CompilerName: GCC  CompilerVersion: 8.4.0
ProgramName: mri_remove_neck  ProgramArguments: mri_remove_neck -all-info  ProgramVersion: 7.3.2  TimeStamp: 2026/03/06-17:39:59-GMT  BuildTime: Aug  4 2022 06:17:15  BuildStamp: freesurfer-linux-ubuntu22_x86_64-7.3.2-20220804-6354275  User: oesteban  Machine: dna061  Platform: Linux  PlatformVersion: 5.14.0-427.37.1.el9_4.x86_64  CompilerName: GCC  CompilerVersion: 8.4.0
7.3.2

ProgramName: mri_robust_register  ProgramArguments: mri_robust_register -all-info  ProgramVersion: 7.3.2  TimeStamp: 2026/03/06-17:39:59-GMT  BuildTime: Aug  4 2022 06:17:15  BuildStamp: freesurfer-linux-ubuntu22_x86_64-7.3.2-20220804-6354275  User: oesteban  Machine: dna061  Platform: Linux  PlatformVersion: 5.14.0-427.37.1.el9_4.x86_64  CompilerName: GCC  CompilerVersion: 8.4.0
7.3.2

ProgramName: mri_robust_template  ProgramArguments: mri_robust_template -all-info  ProgramVersion: 7.3.2  TimeStamp: 2026/03/06-17:39:59-GMT  BuildTime: Aug  4 2022 06:17:15  BuildStamp: freesurfer-linux-ubuntu22_x86_64-7.3.2-20220804-6354275  User: oesteban  Machine: dna061  Platform: Linux  PlatformVersion: 5.14.0-427.37.1.el9_4.x86_64  CompilerName: GCC  CompilerVersion: 8.4.0
ProgramName: mris_anatomical_stats  ProgramArguments: mris_anatomical_stats -all-info  ProgramVersion: 7.3.2  TimeStamp: 2026/03/06-17:39:59-GMT  BuildTime: Aug  4 2022 06:17:15  BuildStamp: freesurfer-linux-ubuntu22_x86_64-7.3.2-20220804-6354275  User: oesteban  Machine: dna061  Platform: Linux  PlatformVersion: 5.14.0-427.37.1.el9_4.x86_64  CompilerName: GCC  CompilerVersion: 8.4.0
ProgramName: mris_ca_label  ProgramArguments: mris_ca_label -all-info  ProgramVersion: 7.3.2  TimeStamp: 2026/03/06-17:39:59-GMT  BuildTime: Aug  4 2022 06:17:15  BuildStamp: freesurfer-linux-ubuntu22_x86_64-7.3.2-20220804-6354275  User: oesteban  Machine: dna061  Platform: Linux  PlatformVersion: 5.14.0-427.37.1.el9_4.x86_64  CompilerName: GCC  CompilerVersion: 8.4.0
ProgramName: mris_calc  ProgramArguments: mris_calc -all-info  ProgramVersion: 7.3.2  TimeStamp: 2026/03/06-17:39:59-GMT  BuildTime: Aug  4 2022 06:17:15  BuildStamp: freesurfer-linux-ubuntu22_x86_64-7.3.2-20220804-6354275  User: oesteban  Machine: dna061  Platform: Linux  PlatformVersion: 5.14.0-427.37.1.el9_4.x86_64  CompilerName: GCC  CompilerVersion: 8.4.0
ProgramName: mris_convert  ProgramArguments: mris_convert -all-info  ProgramVersion: 7.3.2  TimeStamp: 2026/03/06-17:39:59-GMT  BuildTime: Aug  4 2022 06:17:15  BuildStamp: freesurfer-linux-ubuntu22_x86_64-7.3.2-20220804-6354275  User: oesteban  Machine: dna061  Platform: Linux  PlatformVersion: 5.14.0-427.37.1.el9_4.x86_64  CompilerName: GCC  CompilerVersion: 8.4.0
ProgramName: mris_curvature  ProgramArguments: mris_curvature -all-info  ProgramVersion: 7.3.2  TimeStamp: 2026/03/06-17:39:59-GMT  BuildTime: Aug  4 2022 06:17:15  BuildStamp: freesurfer-linux-ubuntu22_x86_64-7.3.2-20220804-6354275  User: oesteban  Machine: dna061  Platform: Linux  PlatformVersion: 5.14.0-427.37.1.el9_4.x86_64  CompilerName: GCC  CompilerVersion: 8.4.0
ProgramName: mris_curvature_stats  ProgramArguments: mris_curvature_stats -all-info  ProgramVersion: 7.3.2  TimeStamp: 2026/03/06-17:39:59-GMT  BuildTime: Aug  4 2022 06:17:15  BuildStamp: freesurfer-linux-ubuntu22_x86_64-7.3.2-20220804-6354275  User: oesteban  Machine: dna061  Platform: Linux  PlatformVersion: 5.14.0-427.37.1.el9_4.x86_64  CompilerName: GCC  CompilerVersion: 8.4.0
ProgramName: mris_diff  ProgramArguments: mris_diff -all-info  ProgramVersion: 7.3.2  TimeStamp: 2026/03/06-17:39:59-GMT  BuildTime: Aug  4 2022 06:17:15  BuildStamp: freesurfer-linux-ubuntu22_x86_64-7.3.2-20220804-6354275  User: oesteban  Machine: dna061  Platform: Linux  PlatformVersion: 5.14.0-427.37.1.el9_4.x86_64  CompilerName: GCC  CompilerVersion: 8.4.0
ProgramName: mris_divide_parcellation  ProgramArguments: mris_divide_parcellation -all-info  ProgramVersion: 7.3.2  TimeStamp: 2026/03/06-17:39:59-GMT  BuildTime: Aug  4 2022 06:17:15  BuildStamp: freesurfer-linux-ubuntu22_x86_64-7.3.2-20220804-6354275  User: oesteban  Machine: dna061  Platform: Linux  PlatformVersion: 5.14.0-427.37.1.el9_4.x86_64  CompilerName: GCC  CompilerVersion: 8.4.0
ProgramName: mri_segment  ProgramArguments: mri_segment -all-info  ProgramVersion: 7.3.2  TimeStamp: 2026/03/06-17:39:59-GMT  BuildTime: Aug  4 2022 06:17:15  BuildStamp: freesurfer-linux-ubuntu22_x86_64-7.3.2-20220804-6354275  User: oesteban  Machine: dna061  Platform: Linux  PlatformVersion: 5.14.0-427.37.1.el9_4.x86_64  CompilerName: GCC  CompilerVersion: 8.4.0
ProgramName: mri_segstats  ProgramArguments: mri_segstats -all-info  ProgramVersion: 7.3.2  TimeStamp: 2026/03/06-17:39:59-GMT  BuildTime: Aug  4 2022 06:17:15  BuildStamp: freesurfer-linux-ubuntu22_x86_64-7.3.2-20220804-6354275  User: oesteban  Machine: dna061  Platform: Linux  PlatformVersion: 5.14.0-427.37.1.el9_4.x86_64  CompilerName: GCC  CompilerVersion: 8.4.0
ProgramName: mris_euler_number  ProgramArguments: mris_euler_number -all-info  ProgramVersion: 7.3.2  TimeStamp: 2026/03/06-17:39:59-GMT  BuildTime: Aug  4 2022 06:17:15  BuildStamp: freesurfer-linux-ubuntu22_x86_64-7.3.2-20220804-6354275  User: oesteban  Machine: dna061  Platform: Linux  PlatformVersion: 5.14.0-427.37.1.el9_4.x86_64  CompilerName: GCC  CompilerVersion: 8.4.0
ProgramName: mris_fix_topology  ProgramArguments: mris_fix_topology -all-info  ProgramVersion: 7.3.2  TimeStamp: 2026/03/06-17:39:59-GMT  BuildTime: Aug  4 2022 06:17:15  BuildStamp: freesurfer-linux-ubuntu22_x86_64-7.3.2-20220804-6354275  User: oesteban  Machine: dna061  Platform: Linux  PlatformVersion: 5.14.0-427.37.1.el9_4.x86_64  CompilerName: GCC  CompilerVersion: 8.4.0
ProgramName: mris_topo_fixer  ProgramArguments: mris_topo_fixer -all-info  ProgramVersion: 7.3.2  TimeStamp: 2026/03/06-17:39:59-GMT  BuildTime: Aug  4 2022 06:17:15  BuildStamp: freesurfer-linux-ubuntu22_x86_64-7.3.2-20220804-6354275  User: oesteban  Machine: dna061  Platform: Linux  PlatformVersion: 5.14.0-427.37.1.el9_4.x86_64  CompilerName: GCC  CompilerVersion: 8.4.0
ProgramName: mris_jacobian  ProgramArguments: mris_jacobian -all-info  ProgramVersion: 7.3.2  TimeStamp: 2026/03/06-17:39:59-GMT  BuildTime: Aug  4 2022 06:17:15  BuildStamp: freesurfer-linux-ubuntu22_x86_64-7.3.2-20220804-6354275  User: oesteban  Machine: dna061  Platform: Linux  PlatformVersion: 5.14.0-427.37.1.el9_4.x86_64  CompilerName: GCC  CompilerVersion: 8.4.0
ProgramName: mris_label2annot  ProgramArguments: mris_label2annot -all-info  ProgramVersion: 7.3.2  TimeStamp: 2026/03/06-17:39:59-GMT  BuildTime: Aug  4 2022 06:17:15  BuildStamp: freesurfer-linux-ubuntu22_x86_64-7.3.2-20220804-6354275  User: oesteban  Machine: dna061  Platform: Linux  PlatformVersion: 5.14.0-427.37.1.el9_4.x86_64  CompilerName: GCC  CompilerVersion: 8.4.0
ProgramName: mris_left_right_register  ProgramArguments: mris_left_right_register -all-info  ProgramVersion: 7.3.2  TimeStamp: 2026/03/06-17:39:59-GMT  BuildTime: Aug  4 2022 06:17:15  BuildStamp: freesurfer-linux-ubuntu22_x86_64-7.3.2-20220804-6354275  User: oesteban  Machine: dna061  Platform: Linux  PlatformVersion: 5.14.0-427.37.1.el9_4.x86_64  CompilerName: GCC  CompilerVersion: 8.4.0
ProgramName: mris_place_surface  ProgramArguments: mris_place_surface -all-info  ProgramVersion: 7.3.2  TimeStamp: 2026/03/06-17:39:59-GMT  BuildTime: Aug  4 2022 06:17:15  BuildStamp: freesurfer-linux-ubuntu22_x86_64-7.3.2-20220804-6354275  User: oesteban  Machine: dna061  Platform: Linux  PlatformVersion: 5.14.0-427.37.1.el9_4.x86_64  CompilerName: GCC  CompilerVersion: 8.4.0
ProgramName: mrisp_paint  ProgramArguments: mrisp_paint -all-info  ProgramVersion: 7.3.2  TimeStamp: 2026/03/06-17:39:59-GMT  BuildTime: Aug  4 2022 06:17:15  BuildStamp: freesurfer-linux-ubuntu22_x86_64-7.3.2-20220804-6354275  User: oesteban  Machine: dna061  Platform: Linux  PlatformVersion: 5.14.0-427.37.1.el9_4.x86_64  CompilerName: GCC  CompilerVersion: 8.4.0
ProgramName: mris_register  ProgramArguments: mris_register -all-info  ProgramVersion: 7.3.2  TimeStamp: 2026/03/06-17:39:59-GMT  BuildTime: Aug  4 2022 06:17:15  BuildStamp: freesurfer-linux-ubuntu22_x86_64-7.3.2-20220804-6354275  User: oesteban  Machine: dna061  Platform: Linux  PlatformVersion: 5.14.0-427.37.1.el9_4.x86_64  CompilerName: GCC  CompilerVersion: 8.4.0
ProgramName: mris_smooth  ProgramArguments: mris_smooth -all-info  ProgramVersion: 7.3.2  TimeStamp: 2026/03/06-17:39:59-GMT  BuildTime: Aug  4 2022 06:17:15  BuildStamp: freesurfer-linux-ubuntu22_x86_64-7.3.2-20220804-6354275  User: oesteban  Machine: dna061  Platform: Linux  PlatformVersion: 5.14.0-427.37.1.el9_4.x86_64  CompilerName: GCC  CompilerVersion: 8.4.0
ProgramName: mris_sphere  ProgramArguments: mris_sphere -all-info  ProgramVersion: 7.3.2  TimeStamp: 2026/03/06-17:39:59-GMT  BuildTime: Aug  4 2022 06:17:15  BuildStamp: freesurfer-linux-ubuntu22_x86_64-7.3.2-20220804-6354275  User: oesteban  Machine: dna061  Platform: Linux  PlatformVersion: 5.14.0-427.37.1.el9_4.x86_64  CompilerName: GCC  CompilerVersion: 8.4.0
ProgramName: mris_surface_stats  ProgramArguments: mris_surface_stats -all-info  ProgramVersion: 7.3.2  TimeStamp: 2026/03/06-17:39:59-GMT  BuildTime: Aug  4 2022 06:17:15  BuildStamp: freesurfer-linux-ubuntu22_x86_64-7.3.2-20220804-6354275  User: oesteban  Machine: dna061  Platform: Linux  PlatformVersion: 5.14.0-427.37.1.el9_4.x86_64  CompilerName: GCC  CompilerVersion: 8.4.0
ProgramName: mri_stats2seg  ProgramArguments: mri_stats2seg -all-info  ProgramVersion: 7.3.2  TimeStamp: 2026/03/06-17:39:59-GMT  BuildTime: Aug  4 2022 06:17:15  BuildStamp: freesurfer-linux-ubuntu22_x86_64-7.3.2-20220804-6354275  User: oesteban  Machine: dna061  Platform: Linux  PlatformVersion: 5.14.0-427.37.1.el9_4.x86_64  CompilerName: GCC  CompilerVersion: 8.4.0
ProgramName: mris_thickness  ProgramArguments: mris_thickness -all-info  ProgramVersion: 7.3.2  TimeStamp: 2026/03/06-17:39:59-GMT  BuildTime: Aug  4 2022 06:17:15  BuildStamp: freesurfer-linux-ubuntu22_x86_64-7.3.2-20220804-6354275  User: oesteban  Machine: dna061  Platform: Linux  PlatformVersion: 5.14.0-427.37.1.el9_4.x86_64  CompilerName: GCC  CompilerVersion: 8.4.0
ProgramName: mris_thickness_diff  ProgramArguments: mris_thickness_diff -all-info  ProgramVersion: 7.3.2  TimeStamp: 2026/03/06-17:39:59-GMT  BuildTime: Aug  4 2022 06:17:15  BuildStamp: freesurfer-linux-ubuntu22_x86_64-7.3.2-20220804-6354275  User: oesteban  Machine: dna061  Platform: Linux  PlatformVersion: 5.14.0-427.37.1.el9_4.x86_64  CompilerName: GCC  CompilerVersion: 8.4.0
ProgramName: mris_topo_fixer  ProgramArguments: mris_topo_fixer -all-info  ProgramVersion: 7.3.2  TimeStamp: 2026/03/06-17:39:59-GMT  BuildTime: Aug  4 2022 06:17:15  BuildStamp: freesurfer-linux-ubuntu22_x86_64-7.3.2-20220804-6354275  User: oesteban  Machine: dna061  Platform: Linux  PlatformVersion: 5.14.0-427.37.1.el9_4.x86_64  CompilerName: GCC  CompilerVersion: 8.4.0
ProgramName: mri_surf2surf  ProgramArguments: mri_surf2surf -all-info  ProgramVersion: 7.3.2  TimeStamp: 2026/03/06-17:39:59-GMT  BuildTime: Aug  4 2022 06:17:15  BuildStamp: freesurfer-linux-ubuntu22_x86_64-7.3.2-20220804-6354275  User: oesteban  Machine: dna061  Platform: Linux  PlatformVersion: 5.14.0-427.37.1.el9_4.x86_64  CompilerName: GCC  CompilerVersion: 8.4.0
ProgramName: mri_surf2vol  ProgramArguments: mri_surf2vol -all-info  ProgramVersion: 7.3.2  TimeStamp: 2026/03/06-17:39:59-GMT  BuildTime: Aug  4 2022 06:17:15  BuildStamp: freesurfer-linux-ubuntu22_x86_64-7.3.2-20220804-6354275  User: oesteban  Machine: dna061  Platform: Linux  PlatformVersion: 5.14.0-427.37.1.el9_4.x86_64  CompilerName: GCC  CompilerVersion: 8.4.0
ProgramName: mri_surfcluster  ProgramArguments: mri_surfcluster -all-info  ProgramVersion: 7.3.2  TimeStamp: 2026/03/06-17:39:59-GMT  BuildTime: Aug  4 2022 06:17:15  BuildStamp: freesurfer-linux-ubuntu22_x86_64-7.3.2-20220804-6354275  User: oesteban  Machine: dna061  Platform: Linux  PlatformVersion: 5.14.0-427.37.1.el9_4.x86_64  CompilerName: GCC  CompilerVersion: 8.4.0
ProgramName: mris_volmask  ProgramArguments: mris_volmask -all-info  ProgramVersion: 7.3.2  TimeStamp: 2026/03/06-17:39:59-GMT  BuildTime: Aug  4 2022 06:17:15  BuildStamp: freesurfer-linux-ubuntu22_x86_64-7.3.2-20220804-6354275  User: oesteban  Machine: dna061  Platform: Linux  PlatformVersion: 5.14.0-427.37.1.el9_4.x86_64  CompilerName: GCC  CompilerVersion: 8.4.0
ProgramName: mri_tessellate  ProgramArguments: mri_tessellate -all-info  ProgramVersion: 7.3.2  TimeStamp: 2026/03/06-17:39:59-GMT  BuildTime: Aug  4 2022 06:17:15  BuildStamp: freesurfer-linux-ubuntu22_x86_64-7.3.2-20220804-6354275  User: oesteban  Machine: dna061  Platform: Linux  PlatformVersion: 5.14.0-427.37.1.el9_4.x86_64  CompilerName: GCC  CompilerVersion: 8.4.0
ProgramName: mri_vol2surf  ProgramArguments: mri_vol2surf -all-info  ProgramVersion: 7.3.2  TimeStamp: 2026/03/06-17:39:59-GMT  BuildTime: Aug  4 2022 06:17:15  BuildStamp: freesurfer-linux-ubuntu22_x86_64-7.3.2-20220804-6354275  User: oesteban  Machine: dna061  Platform: Linux  PlatformVersion: 5.14.0-427.37.1.el9_4.x86_64  CompilerName: GCC  CompilerVersion: 8.4.0
ProgramName: mri_vol2vol  ProgramArguments: mri_vol2vol -all-info  ProgramVersion: 7.3.2  TimeStamp: 2026/03/06-17:39:59-GMT  BuildTime: Aug  4 2022 06:17:15  BuildStamp: freesurfer-linux-ubuntu22_x86_64-7.3.2-20220804-6354275  User: oesteban  Machine: dna061  Platform: Linux  PlatformVersion: 5.14.0-427.37.1.el9_4.x86_64  CompilerName: GCC  CompilerVersion: 8.4.0
ProgramName: mri_voldiff  ProgramArguments: mri_voldiff -all-info  ProgramVersion: 7.3.2  TimeStamp: 2026/03/06-17:39:59-GMT  BuildTime: Aug  4 2022 06:17:15  BuildStamp: freesurfer-linux-ubuntu22_x86_64-7.3.2-20220804-6354275  User: oesteban  Machine: dna061  Platform: Linux  PlatformVersion: 5.14.0-427.37.1.el9_4.x86_64  CompilerName: GCC  CompilerVersion: 8.4.0
ProgramName: mri_watershed  ProgramArguments: mri_watershed -all-info  ProgramVersion: 7.3.2  TimeStamp: 2026/03/06-17:39:59-GMT  BuildTime: Aug  4 2022 06:17:15  BuildStamp: freesurfer-linux-ubuntu22_x86_64-7.3.2-20220804-6354275  User: oesteban  Machine: dna061  Platform: Linux  PlatformVersion: 5.14.0-427.37.1.el9_4.x86_64  CompilerName: GCC  CompilerVersion: 8.4.0
ProgramName: tkregister2  ProgramArguments: tkregister2_cmdl -all-info  ProgramVersion: 7.3.2  TimeStamp: 2026/03/06-17:39:59-GMT  BuildTime: Aug  4 2022 06:17:15  BuildStamp: freesurfer-linux-ubuntu22_x86_64-7.3.2-20220804-6354275  User: oesteban  Machine: dna061  Platform: Linux  PlatformVersion: 5.14.0-427.37.1.el9_4.x86_64  CompilerName: GCC  CompilerVersion: 8.4.0
mri_motion_correct.fsl 7.3.2
mri_convert -all-info 
ProgramName: mri_convert  ProgramArguments: mri_convert -all-info  ProgramVersion: 7.3.2  TimeStamp: 2026/03/06-17:39:59-GMT  BuildTime: Aug  4 2022 06:17:15  BuildStamp: freesurfer-linux-ubuntu22_x86_64-7.3.2-20220804-6354275  User: oesteban  Machine: dna061  Platform: Linux  PlatformVersion: 5.14.0-427.37.1.el9_4.x86_64  CompilerName: GCC  CompilerVersion: 8.4.0
Program nu_correct, built from:
Package MNI N3, version 1.12.0, compiled by nicks@terrier (x86_64-unknown-linux-gnu) on 2015-06-19 at 01:25:34
#######################################
GCADIR /opt/freesurfer/average
GCA RB_all_2020-01-02.gca
GCASkull RB_all_withskull_2020_01_02.gca
AvgCurvTif folding.atlas.acfb40.noaparc.i12.2016-08-02.tif
GCSDIR /opt/freesurfer/average
GCS DKaparc.atlas.acfb40.noaparc.i12.2016-08-02.gcs
#######################################
#--------------------------------------------
#@# WhiteSurfs lh Fri Mar  6 18:39:59 CET 2026
cd /out/sourcedata/freesurfer/sub-v1s10x0051124_ses-1/mri
mris_place_surface --adgws-in ../surf/autodet.gw.stats.lh.dat --seg aseg.presurf.mgz --threads 16 --wm wm.mgz --invol brain.finalsurfs.mgz --lh --i ../surf/lh.white.preaparc --o ../surf/lh.white --white --nsmooth 0 --rip-label ../label/lh.cortex.label --rip-bg --rip-surf ../surf/lh.white.preaparc --aparc ../label/lh.aparc.annot
   Update not needed
#--------------------------------------------
#@# WhiteSurfs rh Fri Mar  6 18:39:59 CET 2026
cd /out/sourcedata/freesurfer/sub-v1s10x0051124_ses-1/mri
mris_place_surface --adgws-in ../surf/autodet.gw.stats.rh.dat --seg aseg.presurf.mgz --threads 16 --wm wm.mgz --invol brain.finalsurfs.mgz --rh --i ../surf/rh.white.preaparc --o ../surf/rh.white --white --nsmooth 0 --rip-label ../label/rh.cortex.label --rip-bg --rip-surf ../surf/rh.white.preaparc --aparc ../label/rh.aparc.annot
   Update not needed
#@# white curv lh Fri Mar  6 18:39:59 CET 2026
cd /out/sourcedata/freesurfer/sub-v1s10x0051124_ses-1/mri
mris_place_surface --curv-map ../surf/lh.white 2 10 ../surf/lh.curv
   Update not needed
#@# white area lh Fri Mar  6 18:39:59 CET 2026
cd /out/sourcedata/freesurfer/sub-v1s10x0051124_ses-1/mri
mris_place_surface --area-map ../surf/lh.white ../surf/lh.area
   Update not needed
#@# pial curv lh Fri Mar  6 18:39:59 CET 2026
cd /out/sourcedata/freesurfer/sub-v1s10x0051124_ses-1/mri
mris_place_surface --curv-map ../surf/lh.pial 2 10 ../surf/lh.curv.pial
   Update not needed
#@# pial area lh Fri Mar  6 18:39:59 CET 2026
cd /out/sourcedata/freesurfer/sub-v1s10x0051124_ses-1/mri
mris_place_surface --area-map ../surf/lh.pial ../surf/lh.area.pial
   Update not needed
#@# thickness lh Fri Mar  6 18:39:59 CET 2026
cd /out/sourcedata/freesurfer/sub-v1s10x0051124_ses-1/mri
mris_place_surface --thickness ../surf/lh.white ../surf/lh.pial 20 5 ../surf/lh.thickness
   Update not needed
#@# area and vertex vol lh Fri Mar  6 18:39:59 CET 2026
cd /out/sourcedata/freesurfer/sub-v1s10x0051124_ses-1/mri
mris_place_surface --thickness ../surf/lh.white ../surf/lh.pial 20 5 ../surf/lh.thickness
   Update not needed
#@# white curv rh Fri Mar  6 18:39:59 CET 2026
cd /out/sourcedata/freesurfer/sub-v1s10x0051124_ses-1/mri
mris_place_surface --curv-map ../surf/rh.white 2 10 ../surf/rh.curv
   Update not needed
#@# white area rh Fri Mar  6 18:39:59 CET 2026
cd /out/sourcedata/freesurfer/sub-v1s10x0051124_ses-1/mri
mris_place_surface --area-map ../surf/rh.white ../surf/rh.area
   Update not needed
#@# pial curv rh Fri Mar  6 18:39:59 CET 2026
cd /out/sourcedata/freesurfer/sub-v1s10x0051124_ses-1/mri
mris_place_surface --curv-map ../surf/rh.pial 2 10 ../surf/rh.curv.pial
   Update not needed
#@# pial area rh Fri Mar  6 18:39:59 CET 2026
cd /out/sourcedata/freesurfer/sub-v1s10x0051124_ses-1/mri
mris_place_surface --area-map ../surf/rh.pial ../surf/rh.area.pial
   Update not needed
#@# thickness rh Fri Mar  6 18:39:59 CET 2026
cd /out/sourcedata/freesurfer/sub-v1s10x0051124_ses-1/mri
mris_place_surface --thickness ../surf/rh.white ../surf/rh.pial 20 5 ../surf/rh.thickness
   Update not needed
#@# area and vertex vol rh Fri Mar  6 18:39:59 CET 2026
cd /out/sourcedata/freesurfer/sub-v1s10x0051124_ses-1/mri
mris_place_surface --thickness ../surf/rh.white ../surf/rh.pial 20 5 ../surf/rh.thickness
   Update not needed

#-----------------------------------------
#@# Curvature Stats lh Fri Mar  6 18:39:59 CET 2026
/out/sourcedata/freesurfer/sub-v1s10x0051124_ses-1/surf

 mris_curvature_stats -m --writeCurvatureFiles -G -o ../stats/lh.curv.stats -F smoothwm sub-v1s10x0051124_ses-1 lh curv sulc 

             Toggling save flag on curvature files                       [ ok ]
                 Outputting results using filestem   [ ../stats/lh.curv.stats ]
             Toggling save flag on curvature files                       [ ok ]
                                   Setting surface [ sub-v1s10x0051124_ses-1/lh.smoothwm ]
                                Reading surface...                       [ ok ]
                                   Setting texture                     [ curv ]
                                Reading texture...                       [ ok ]
                                   Setting texture                     [ sulc ]
                                Reading texture...Gb_filter = 0
                       [ ok ]
      Calculating Discrete Principal Curvatures...
      Determining geometric order for vno faces... [####################] [ ok ]
                      Determining KH curvatures... [####################] [ ok ]
                    Determining k1k2 curvatures... [####################] [ ok ]
                                   deltaViolations                      [ 288 ]
Gb_filter = 0

WARN:    S lookup   min:                          -0.128174
WARN:    S explicit min:                          0.000000	vertex = 231

#-----------------------------------------
#@# Curvature Stats rh Fri Mar  6 18:40:03 CET 2026
/out/sourcedata/freesurfer/sub-v1s10x0051124_ses-1/surf

 mris_curvature_stats -m --writeCurvatureFiles -G -o ../stats/rh.curv.stats -F smoothwm sub-v1s10x0051124_ses-1 rh curv sulc 

             Toggling save flag on curvature files                       [ ok ]
                 Outputting results using filestem   [ ../stats/rh.curv.stats ]
             Toggling save flag on curvature files                       [ ok ]
                                   Setting surface [ sub-v1s10x0051124_ses-1/rh.smoothwm ]
                                Reading surface...                       [ ok ]
                                   Setting texture                     [ curv ]
                                Reading texture...                       [ ok ]
                                   Setting texture                     [ sulc ]
                                Reading texture...Gb_filter = 0
                       [ ok ]
      Calculating Discrete Principal Curvatures...
      Determining geometric order for vno faces... [####################] [ ok ]
                      Determining KH curvatures... [####################] [ ok ]
                    Determining k1k2 curvatures... [####################] [ ok ]
                                   deltaViolations                      [ 300 ]
Gb_filter = 0

WARN:    S lookup   min:                          -0.226890
WARN:    S explicit min:                          0.000000	vertex = 554
#-----------------------------------------
#@# Relabel Hypointensities Fri Mar  6 18:40:05 CET 2026
/out/sourcedata/freesurfer/sub-v1s10x0051124_ses-1/mri

 mri_relabel_hypointensities aseg.presurf.mgz ../surf aseg.presurf.hypos.mgz 

reading input surface ../surf/lh.white...
relabeling lh hypointensities...
3841 voxels changed to hypointensity...
reading input surface ../surf/rh.white...
relabeling rh hypointensities...
3293 voxels changed to hypointensity...
7254 hypointense voxels neighboring cortex changed
#-----------------------------------------
#@# APas-to-ASeg Fri Mar  6 18:40:23 CET 2026
/out/sourcedata/freesurfer/sub-v1s10x0051124_ses-1/mri

 mri_surf2volseg --o aseg.mgz --i aseg.presurf.hypos.mgz --fix-presurf-with-ribbon /out/sourcedata/freesurfer/sub-v1s10x0051124_ses-1/mri/ribbon.mgz --threads 16 --lh-cortex-mask /out/sourcedata/freesurfer/sub-v1s10x0051124_ses-1/label/lh.cortex.label --lh-white /out/sourcedata/freesurfer/sub-v1s10x0051124_ses-1/surf/lh.white --lh-pial /out/sourcedata/freesurfer/sub-v1s10x0051124_ses-1/surf/lh.pial --rh-cortex-mask /out/sourcedata/freesurfer/sub-v1s10x0051124_ses-1/label/rh.cortex.label --rh-white /out/sourcedata/freesurfer/sub-v1s10x0051124_ses-1/surf/rh.white --rh-pial /out/sourcedata/freesurfer/sub-v1s10x0051124_ses-1/surf/rh.pial 

SUBJECTS_DIR /out/sourcedata/freesurfer
outvol aseg.mgz
16 avail.processors, using 16
Loading aseg.presurf.hypos.mgz
Loading /out/sourcedata/freesurfer/sub-v1s10x0051124_ses-1/mri/ribbon.mgz
Loading /out/sourcedata/freesurfer/sub-v1s10x0051124_ses-1/surf/lh.white
Loading /out/sourcedata/freesurfer/sub-v1s10x0051124_ses-1/surf/lh.pial
Loading /out/sourcedata/freesurfer/sub-v1s10x0051124_ses-1/label/lh.cortex.label
Loading /out/sourcedata/freesurfer/sub-v1s10x0051124_ses-1/surf/rh.white
Loading /out/sourcedata/freesurfer/sub-v1s10x0051124_ses-1/surf/rh.pial
Loading /out/sourcedata/freesurfer/sub-v1s10x0051124_ses-1/label/rh.cortex.label
Done loading
  0  16 176  32  80  64 192 224 128 144 208  96 112  48 160 240   1 225 209  33 241  17  49  65   2 210 226 193 242  34  18  50  97 161  81 177 211 227   3 243  35 113  66  19 
145  51 194 212 228   4 244  36  20 213 229   5  52  67 162 178 245  37 195  98  82 214 230  21   6 146  53 246  38  68 215 231  22   7 247  39 
 54 232 216  23   8 179 
163 196 129  69 248  40  55  83 217 233 147  24   9  99 
114 249  41 197 218 234  56  25  10  70 250 219 
235  42  57  26  11 164  84 198 180 148 251 220 236  43  58  71  12 100  27 199 
237 252 221  44  59 
 13 200  28 238 222  72 253  45 165  60  14 181  85 201  29 239 
149 115 223 254  46  61  15 101 202  30 255  73  62  47 203  31 166 182  63  86 150 204 102  74 205 167 183 206 130  87 151  75 116 207 103 168 184  76  88 152 104 185 117 169  77 153  89 186 105 170  78 187 131 154 106  90 118 188  79 
171 155 107 189  91 172 190 132 156 119 
108  92 191 173 157 109 133  93 158 174 110 120  94 134 159 
175 111  95 135 121 136 122 137 123 138 124 125 139 
126 140 127 141 142 143 
nrelabeled = 173083
ndotcheck = 0
Starting Surf2VolSeg free
free done
#VMPC# mri_surf2volseg VmPeak  2052728
mri_surf2volseg done

 mri_brainvol_stats sub-v1s10x0051124_ses-1 

ComputeBrainVolumeStats2 VoxelVol=1, KeepCSF=1
  #CBVS2 MaskVol              1663992.0
  #CBVS2 BrainSegVol          1431234.0
  #CBVS2 BrainSegVolNotVent   1404417.0
  #CBVS2 SupraTentVol         1286980.0
  #CBVS2 SupraTentVolNotVent  1260163.0
  #CBVS2 lhCtxGM               315520.2
  #CBVS2 rhCtxGM               312427.3
  #CBVS2 lhCerebralWM          277985.0
  #CBVS2 rhCerebralWM          278847.0
  #CBVS2 SubCortGMVol           75069.0
  #CBVS2 CerebellumVol         144254.0
  #CBVS2 CerebellumGMVol       110509.0
  #CBVS2 VentChorVol            23322.0
  #CBVS2 3rd4th5thCSF            3495.0
  #CBVS2 AllCSF                 26817.0
  #CBVS2 CCVol                   4068.0
#-----------------------------------------
#@# AParc-to-ASeg aparc Fri Mar  6 18:40:33 CET 2026
/out/sourcedata/freesurfer/sub-v1s10x0051124_ses-1/mri

 mri_surf2volseg --o aparc+aseg.mgz --label-cortex --i aseg.mgz --threads 16 --lh-annot /out/sourcedata/freesurfer/sub-v1s10x0051124_ses-1/label/lh.aparc.annot 1000 --lh-cortex-mask /out/sourcedata/freesurfer/sub-v1s10x0051124_ses-1/label/lh.cortex.label --lh-white /out/sourcedata/freesurfer/sub-v1s10x0051124_ses-1/surf/lh.white --lh-pial /out/sourcedata/freesurfer/sub-v1s10x0051124_ses-1/surf/lh.pial --rh-annot /out/sourcedata/freesurfer/sub-v1s10x0051124_ses-1/label/rh.aparc.annot 2000 --rh-cortex-mask /out/sourcedata/freesurfer/sub-v1s10x0051124_ses-1/label/rh.cortex.label --rh-white /out/sourcedata/freesurfer/sub-v1s10x0051124_ses-1/surf/rh.white --rh-pial /out/sourcedata/freesurfer/sub-v1s10x0051124_ses-1/surf/rh.pial 

SUBJECTS_DIR /out/sourcedata/freesurfer
outvol aparc+aseg.mgz
16 avail.processors, using 16
Loading aseg.mgz
Loading /out/sourcedata/freesurfer/sub-v1s10x0051124_ses-1/surf/lh.white
Loading /out/sourcedata/freesurfer/sub-v1s10x0051124_ses-1/surf/lh.pial
Loading /out/sourcedata/freesurfer/sub-v1s10x0051124_ses-1/label/lh.cortex.label
Ripping lh vertices labeled not in lh.cortex.label
  ripped 9262 vertices from lh hemi
Loading /out/sourcedata/freesurfer/sub-v1s10x0051124_ses-1/label/lh.aparc.annot
Loading /out/sourcedata/freesurfer/sub-v1s10x0051124_ses-1/surf/rh.white
Loading /out/sourcedata/freesurfer/sub-v1s10x0051124_ses-1/surf/rh.pial
Loading /out/sourcedata/freesurfer/sub-v1s10x0051124_ses-1/label/rh.cortex.label
Ripping rh vertices labeled not in rh.cortex.label
  ripped 9774 vertices from rh hemi
Loading /out/sourcedata/freesurfer/sub-v1s10x0051124_ses-1/label/rh.aparc.annot
Done loading
  0  16 208 144  80  48 192  32 240 160 224 112  64 128  96 176 241   1 209  17 225  33 242   2  49 210  18  34 243   3 226 211  19 
 35   4  50 227 244 212  20   5  36  51 245   6 213  21  37  52 228   7 214  22  38 246  53   8  65 229 215  23  39 
  9  54 247  10 216  24  40  55 230  11 217  25  41  56  12 248 231 218  26  42  57  13 232 249 219 
 27  43  58  14 250 220  28  44 233  59 
 15 221  29  45 251  60 234 222  30  46  61 252 223  31  47  62 235 253  63 236 254 237 255 238 239 
 66 193  67 129 145 194  68 161 195 130 196 197 198 199 
200 113 201 202 203 177 204 205 206 207  81 146  69  97 131 147 162 114 132  70 178  82 148  71  98 163 115 133 149 179 
 72  83 150 164 116  99 
180  73 134 151 165 117  84 181 100 152  74 135 166 182 153 118 101  85  75 154 167 183 136 102 155 184  76 119 
 86 168 185 156 137 103  77 186 157 169 120  87 138 187 104  78 158 170 188 139 
121 159 
105 189  88  79 
171 140 190 106 122 191 172 141  89 107 142 173 143 108 123  90 174 109 175 110 124  91 111  92 125 126  93 127  94  95 
nrelabeled = 628261
ndotcheck = 40928
Starting Surf2VolSeg free
free done
#VMPC# mri_surf2volseg VmPeak  2037156
mri_surf2volseg done
#-----------------------------------------
#@# AParc-to-ASeg aparc.a2009s Fri Mar  6 18:41:32 CET 2026
/out/sourcedata/freesurfer/sub-v1s10x0051124_ses-1/mri

 mri_surf2volseg --o aparc.a2009s+aseg.mgz --label-cortex --i aseg.mgz --threads 16 --lh-annot /out/sourcedata/freesurfer/sub-v1s10x0051124_ses-1/label/lh.aparc.a2009s.annot 11100 --lh-cortex-mask /out/sourcedata/freesurfer/sub-v1s10x0051124_ses-1/label/lh.cortex.label --lh-white /out/sourcedata/freesurfer/sub-v1s10x0051124_ses-1/surf/lh.white --lh-pial /out/sourcedata/freesurfer/sub-v1s10x0051124_ses-1/surf/lh.pial --rh-annot /out/sourcedata/freesurfer/sub-v1s10x0051124_ses-1/label/rh.aparc.a2009s.annot 12100 --rh-cortex-mask /out/sourcedata/freesurfer/sub-v1s10x0051124_ses-1/label/rh.cortex.label --rh-white /out/sourcedata/freesurfer/sub-v1s10x0051124_ses-1/surf/rh.white --rh-pial /out/sourcedata/freesurfer/sub-v1s10x0051124_ses-1/surf/rh.pial 

SUBJECTS_DIR /out/sourcedata/freesurfer
outvol aparc.a2009s+aseg.mgz
16 avail.processors, using 16
Loading aseg.mgz
Loading /out/sourcedata/freesurfer/sub-v1s10x0051124_ses-1/surf/lh.white
Loading /out/sourcedata/freesurfer/sub-v1s10x0051124_ses-1/surf/lh.pial
Loading /out/sourcedata/freesurfer/sub-v1s10x0051124_ses-1/label/lh.cortex.label
Ripping lh vertices labeled not in lh.cortex.label
  ripped 9262 vertices from lh hemi
Loading /out/sourcedata/freesurfer/sub-v1s10x0051124_ses-1/label/lh.aparc.a2009s.annot
Loading /out/sourcedata/freesurfer/sub-v1s10x0051124_ses-1/surf/rh.white
Loading /out/sourcedata/freesurfer/sub-v1s10x0051124_ses-1/surf/rh.pial
Loading /out/sourcedata/freesurfer/sub-v1s10x0051124_ses-1/label/rh.cortex.label
Ripping rh vertices labeled not in rh.cortex.label
  ripped 9774 vertices from rh hemi
Loading /out/sourcedata/freesurfer/sub-v1s10x0051124_ses-1/label/rh.aparc.a2009s.annot
Done loading
176  96   0 240  16 128  48 144 192 224  64  32  80 112 208 160  49 241  17 209  33  50 242 225   1  34  51 243 226 210  18  35 244  52 211   2  36 245  53 227  19 
 37 246  54 212   3 247  55  38 228  20  65  56 248  39 
  4  57 249 229 213  40  21  58 250 214  41   5  59 
251 230 215  42  60 252 231 216  22  61   6  43 253 232 217  62 233   7  23 254  44 218  63 234   8 255  24  45 219 
235   9  25 220  46 236  10 221  26  47 237 222  11  27 238 223  12  28 239 
 13  29  14  30  15  31  66 193 129  67 145 194 113 195 161  68 196 197 130 198 199 
200 201 202  81 203 204 205 206 207 177 146  97 131  69 114 162 147 132 178  82  70 148 115  98 163  71 133 179 
149  83 116  72 164 150 180  99 
 84 134 151 117  73 165 181 100 152  85  74 166 182 135 118 153 101 183  75  86 167 154 184 136 119 
102  76 168 185 155  87 186 103  77 156 137 120 169 187  88  78 157 104 188 138 170 121 158 189  79 
105  89 139 
159 
171 190 106 191 122 140  90 172 107 141 173 108 123 142  91 174 143 109 175  92 110 124 111  93 125  94 126  95 127 
nrelabeled = 628261
ndotcheck = 40928
Starting Surf2VolSeg free
free done
#VMPC# mri_surf2volseg VmPeak  2037240
mri_surf2volseg done
#-----------------------------------------
#@# AParc-to-ASeg aparc.DKTatlas Fri Mar  6 18:42:28 CET 2026
/out/sourcedata/freesurfer/sub-v1s10x0051124_ses-1/mri

 mri_surf2volseg --o aparc.DKTatlas+aseg.mgz --label-cortex --i aseg.mgz --threads 16 --lh-annot /out/sourcedata/freesurfer/sub-v1s10x0051124_ses-1/label/lh.aparc.DKTatlas.annot 1000 --lh-cortex-mask /out/sourcedata/freesurfer/sub-v1s10x0051124_ses-1/label/lh.cortex.label --lh-white /out/sourcedata/freesurfer/sub-v1s10x0051124_ses-1/surf/lh.white --lh-pial /out/sourcedata/freesurfer/sub-v1s10x0051124_ses-1/surf/lh.pial --rh-annot /out/sourcedata/freesurfer/sub-v1s10x0051124_ses-1/label/rh.aparc.DKTatlas.annot 2000 --rh-cortex-mask /out/sourcedata/freesurfer/sub-v1s10x0051124_ses-1/label/rh.cortex.label --rh-white /out/sourcedata/freesurfer/sub-v1s10x0051124_ses-1/surf/rh.white --rh-pial /out/sourcedata/freesurfer/sub-v1s10x0051124_ses-1/surf/rh.pial 

SUBJECTS_DIR /out/sourcedata/freesurfer
outvol aparc.DKTatlas+aseg.mgz
16 avail.processors, using 16
Loading aseg.mgz
Loading /out/sourcedata/freesurfer/sub-v1s10x0051124_ses-1/surf/lh.white
Loading /out/sourcedata/freesurfer/sub-v1s10x0051124_ses-1/surf/lh.pial
Loading /out/sourcedata/freesurfer/sub-v1s10x0051124_ses-1/label/lh.cortex.label
Ripping lh vertices labeled not in lh.cortex.label
  ripped 9262 vertices from lh hemi
Loading /out/sourcedata/freesurfer/sub-v1s10x0051124_ses-1/label/lh.aparc.DKTatlas.annot
Loading /out/sourcedata/freesurfer/sub-v1s10x0051124_ses-1/surf/rh.white
Loading /out/sourcedata/freesurfer/sub-v1s10x0051124_ses-1/surf/rh.pial
Loading /out/sourcedata/freesurfer/sub-v1s10x0051124_ses-1/label/rh.cortex.label
Ripping rh vertices labeled not in rh.cortex.label
  ripped 9774 vertices from rh hemi
Loading /out/sourcedata/freesurfer/sub-v1s10x0051124_ses-1/label/rh.aparc.DKTatlas.annot
Done loading
240 144  48 112  96 224  64  32 192  16 128 208 160   0 176  80 241  49  17   1 225 209  33 242   2  18  50 226 210  34 243   3  19 
 51 227 211  35 244   4  20  52 228 212 245  36   5  21  53 229 213 246   6  22  37  54   7  23 230 247 214  38  55  65   8  24 231 248 215  39 
 56  25   9 232 216 249  40  10  57  26 233 217 250  27  41  58  11 234 218 251  28  42  59 
 12  29 235 252 219 
 43  30 253 236  60 220  44  13  31 254 237  61 221  14 255 238  62 222  45 239 
 63 223  15  46  47  66 193  67 129 194  68 145 195 196 161 197 198 199 
200 201 202 113 203 204 205 206 207  81 130 177  69  97 146 131 114  70 162 132  82 147 178  71  98 115 148 163  72 133  83 179 
149 116  99 
 73 150 164 180  84 117 100 134 151  74 181 165  85 152 118 101  75 135 182  86 166 153 102  76 119 
183 154  77 103 136  87 184 167 120 155  78 185 104  88 156 137 186 168 121  79 
105 187 157  89 106 138 169 188 122 158 189 107 159 
139 
 90 170 190 108 123 191 140 109  91 171 141 110 124 142 172  92 111 143 125 173  93 174 126  94 175 127  95 
nrelabeled = 628261
ndotcheck = 40928
Starting Surf2VolSeg free
free done
#VMPC# mri_surf2volseg VmPeak  2037160
mri_surf2volseg done
#-----------------------------------------
#@# WMParc Fri Mar  6 18:43:24 CET 2026
/out/sourcedata/freesurfer/sub-v1s10x0051124_ses-1/mri

 mri_surf2volseg --o wmparc.mgz --label-wm --i aparc+aseg.mgz --threads 16 --lh-annot /out/sourcedata/freesurfer/sub-v1s10x0051124_ses-1/label/lh.aparc.annot 3000 --lh-cortex-mask /out/sourcedata/freesurfer/sub-v1s10x0051124_ses-1/label/lh.cortex.label --lh-white /out/sourcedata/freesurfer/sub-v1s10x0051124_ses-1/surf/lh.white --lh-pial /out/sourcedata/freesurfer/sub-v1s10x0051124_ses-1/surf/lh.pial --rh-annot /out/sourcedata/freesurfer/sub-v1s10x0051124_ses-1/label/rh.aparc.annot 4000 --rh-cortex-mask /out/sourcedata/freesurfer/sub-v1s10x0051124_ses-1/label/rh.cortex.label --rh-white /out/sourcedata/freesurfer/sub-v1s10x0051124_ses-1/surf/rh.white --rh-pial /out/sourcedata/freesurfer/sub-v1s10x0051124_ses-1/surf/rh.pial 

SUBJECTS_DIR /out/sourcedata/freesurfer
outvol wmparc.mgz
16 avail.processors, using 16
Loading aparc+aseg.mgz
Loading /out/sourcedata/freesurfer/sub-v1s10x0051124_ses-1/surf/lh.white
Loading /out/sourcedata/freesurfer/sub-v1s10x0051124_ses-1/surf/lh.pial
Loading /out/sourcedata/freesurfer/sub-v1s10x0051124_ses-1/label/lh.cortex.label
Ripping lh vertices labeled not in lh.cortex.label
  ripped 9262 vertices from lh hemi
Loading /out/sourcedata/freesurfer/sub-v1s10x0051124_ses-1/label/lh.aparc.annot
Loading /out/sourcedata/freesurfer/sub-v1s10x0051124_ses-1/surf/rh.white
Loading /out/sourcedata/freesurfer/sub-v1s10x0051124_ses-1/surf/rh.pial
Loading /out/sourcedata/freesurfer/sub-v1s10x0051124_ses-1/label/rh.cortex.label
Ripping rh vertices labeled not in rh.cortex.label
  ripped 9774 vertices from rh hemi
Loading /out/sourcedata/freesurfer/sub-v1s10x0051124_ses-1/label/rh.aparc.annot
Done loading
 48  32  16 128 224 192  64 144   0 160 112 176 240  80  96 208  49 241 209 225  33   1  17  65  50  34 242 210   2 226  18  51  35   3 243 211 227  19 
 52  36   4  66  20 244 212  53 228  37   5  21 213  54 245  38   6 229  22  67 214  55  39 
  7 246  23 230 215  56  40   8  24 247 231 216  57  41   9  25  68 248  58  42 232 217  10  26 193  59 
 43 249  11  27 233 218  60  44  12  28 250 234 219 
 61  45  13 194  29 251 220 235  62  46  14  30 252 221  47  15  63 236  31 195 222 253 237 223 196  69 254 238 255 239 
197 198 199 
129  70 200 201 202 203 204 205 206 207 177  81  71  97  72 161 145  73  82 178  74 130 113  75  98  83 179 
162 131  76 132 146 180  84  77  99 
163  78 181  85 114  79 
182 133 147  86 164 183 100 184 134  87 185 115 186 165  88 148 187 135 101 188 189 190  89 191 166 136 116 102  90 149 167  91 103 137 117  92 168 150 104  93 138 169 118  94 105 170 139 
 95 151 119 
171 106 120 172 140 152 107 173 121 174 141 108 153 122 175 123 109 142 124 154 125 126 110 143 127 155 111 156 157 158 159 

nrelabeled = 552764
ndotcheck = 4384
Starting Surf2VolSeg free
free done
#VMPC# mri_surf2volseg VmPeak  2037156
mri_surf2volseg done

 mri_segstats --seed 1234 --seg mri/wmparc.mgz --sum stats/wmparc.stats --pv mri/norm.mgz --excludeid 0 --brainmask mri/brainmask.mgz --in mri/norm.mgz --in-intensity-name norm --in-intensity-units MR --subject sub-v1s10x0051124_ses-1 --surf-wm-vol --ctab /opt/freesurfer/WMParcStatsLUT.txt --etiv 

setting seed for random number genererator to 1234

7.3.2
cwd 
cmdline mri_segstats --seed 1234 --seg mri/wmparc.mgz --sum stats/wmparc.stats --pv mri/norm.mgz --excludeid 0 --brainmask mri/brainmask.mgz --in mri/norm.mgz --in-intensity-name norm --in-intensity-units MR --subject sub-v1s10x0051124_ses-1 --surf-wm-vol --ctab /opt/freesurfer/WMParcStatsLUT.txt --etiv 
sysname  Linux
hostname dna061
machine  x86_64
user     oesteban
whitesurfname  white
UseRobust  0
atlas_icv (eTIV) = 1825240 mm^3    (det: 1.067315 )
Loading mri/wmparc.mgz
Getting Brain Volume Statistics
Loading mri/norm.mgz
Loading mri/norm.mgz
Voxel Volume is 1 mm^3
Generating list of segmentation ids
Found 390 segmentations
Computing statistics for each segmentation

Reporting on  70 segmentations
Using PrintSegStat
mri_segstats done
#--------------------------------------------
#@# ASeg Stats Fri Mar  6 18:47:35 CET 2026
/out/sourcedata/freesurfer/sub-v1s10x0051124_ses-1

 mri_segstats --seed 1234 --seg mri/aseg.mgz --sum stats/aseg.stats --pv mri/norm.mgz --empty --brainmask mri/brainmask.mgz --brain-vol-from-seg --excludeid 0 --excl-ctxgmwm --supratent --subcortgray --in mri/norm.mgz --in-intensity-name norm --in-intensity-units MR --etiv --surf-wm-vol --surf-ctx-vol --totalgray --euler --ctab /opt/freesurfer/ASegStatsLUT.txt --subject sub-v1s10x0051124_ses-1 

setting seed for random number genererator to 1234

7.3.2
cwd 
cmdline mri_segstats --seed 1234 --seg mri/aseg.mgz --sum stats/aseg.stats --pv mri/norm.mgz --empty --brainmask mri/brainmask.mgz --brain-vol-from-seg --excludeid 0 --excl-ctxgmwm --supratent --subcortgray --in mri/norm.mgz --in-intensity-name norm --in-intensity-units MR --etiv --surf-wm-vol --surf-ctx-vol --totalgray --euler --ctab /opt/freesurfer/ASegStatsLUT.txt --subject sub-v1s10x0051124_ses-1 
sysname  Linux
hostname dna061
machine  x86_64
user     oesteban
whitesurfname  white
UseRobust  0
atlas_icv (eTIV) = 1825240 mm^3    (det: 1.067315 )
Computing euler number
orig.nofix lheno =  -40, rheno = -22
orig.nofix lhholes =   21, rhholes = 12
Loading mri/aseg.mgz
Getting Brain Volume Statistics
Loading mri/norm.mgz
Loading mri/norm.mgz
Voxel Volume is 1 mm^3
Generating list of segmentation ids
Found  50 segmentations
Computing statistics for each segmentation

Reporting on  45 segmentations
Using PrintSegStat
mri_segstats done

Started at Fri Mar 6 18:39:59 CET 2026 
Ended   at Fri Mar 6 18:48:18 CET 2026
#@#%# recon-all-run-time-hours 0.139
recon-all -s sub-v1s10x0051124_ses-1 finished without error at Fri Mar  6 18:48:18 CET 2026
