global_signal	global_signal_derivative1	global_signal_power2	global_signal_derivative1_power2	csf	csf_derivative1	csf_derivative1_power2	csf_power2	white_matter	white_matter_derivative1	white_matter_derivative1_power2	white_matter_power2	csf_wm	tcompcor	std_dvars	dvars	framewise_displacement	rmsd	t_comp_cor_00	t_comp_cor_01	t_comp_cor_02	t_comp_cor_03	t_comp_cor_04	c_comp_cor_00	c_comp_cor_01	c_comp_cor_02	c_comp_cor_03	c_comp_cor_04	c_comp_cor_05	c_comp_cor_06	c_comp_cor_07	c_comp_cor_08	w_comp_cor_00	w_comp_cor_01	w_comp_cor_02	w_comp_cor_03	w_comp_cor_04	w_comp_cor_05	w_comp_cor_06	w_comp_cor_07	w_comp_cor_08	w_comp_cor_09	w_comp_cor_10	w_comp_cor_11	w_comp_cor_12	w_comp_cor_13	w_comp_cor_14	w_comp_cor_15	w_comp_cor_16	w_comp_cor_17	w_comp_cor_18	w_comp_cor_19	w_comp_cor_20	w_comp_cor_21	w_comp_cor_22	w_comp_cor_23	w_comp_cor_24	w_comp_cor_25	w_comp_cor_26	w_comp_cor_27	w_comp_cor_28	w_comp_cor_29	w_comp_cor_30	w_comp_cor_31	w_comp_cor_32	w_comp_cor_33	w_comp_cor_34	w_comp_cor_35	w_comp_cor_36	w_comp_cor_37	w_comp_cor_38	a_comp_cor_00	a_comp_cor_01	a_comp_cor_02	a_comp_cor_03	a_comp_cor_04	a_comp_cor_05	a_comp_cor_06	a_comp_cor_07	a_comp_cor_08	a_comp_cor_09	a_comp_cor_10	a_comp_cor_11	a_comp_cor_12	a_comp_cor_13	a_comp_cor_14	a_comp_cor_15	a_comp_cor_16	a_comp_cor_17	a_comp_cor_18	a_comp_cor_19	a_comp_cor_20	a_comp_cor_21	a_comp_cor_22	a_comp_cor_23	a_comp_cor_24	a_comp_cor_25	a_comp_cor_26	a_comp_cor_27	a_comp_cor_28	a_comp_cor_29	a_comp_cor_30	a_comp_cor_31	a_comp_cor_32	a_comp_cor_33	a_comp_cor_34	a_comp_cor_35	edge_comp_00	edge_comp_01	edge_comp_02	edge_comp_03	edge_comp_04	edge_comp_05	edge_comp_06	edge_comp_07	edge_comp_08	edge_comp_09	edge_comp_10	edge_comp_11	edge_comp_12	edge_comp_13	edge_comp_14	edge_comp_15	edge_comp_16	edge_comp_17	edge_comp_18	edge_comp_19	edge_comp_20	edge_comp_21	edge_comp_22	edge_comp_23	cosine00	cosine01	cosine02	cosine03	trans_x	trans_x_derivative1	trans_x_power2	trans_x_derivative1_power2	trans_y	trans_y_derivative1	trans_y_derivative1_power2	trans_y_power2	trans_z	trans_z_derivative1	trans_z_power2	trans_z_derivative1_power2	rot_x	rot_x_derivative1	rot_x_derivative1_power2	rot_x_power2	rot_y	rot_y_derivative1	rot_y_power2	rot_y_derivative1_power2	rot_z	rot_z_derivative1	rot_z_power2	rot_z_derivative1_power2	motion_outlier00	motion_outlier01	motion_outlier02
4248.981626545463	n/a	18053844.862720925	n/a	3794.961608886719	n/a	n/a	14401733.612924077	4233.5454508463545	n/a	n/a	17922907.084381863	4105.149373209635	3163.545806732829	n/a	n/a	n/a	n/a	-0.0942141782	0.0196038685	-0.0833589526	0.0389643039	-0.0677328155	0.0064316304	0.0675667925	-0.0385048121	0.0300337494	-0.072615078	0.0395263372	-0.0546747118	0.0148959052	-0.009555272	-0.040433925	0.0619999626	0.0311240978	-0.1007759007	0.0070412491	-0.017526834	0.0377306527	-0.0157632931	0.145470608	-0.0841591343	0.0235760459	-0.1148751805	0.0365857954	-0.027543581	0.0317488245	-0.0579654271	0.0328065148	-0.0209201778	0.0182167352	0.1197237311	0.0531052393	-0.0043956582	0.0596602814	-0.111791578	0.0608346659	-0.0130662274	0.0117129369	-0.0124747429	0.105991652	-0.0265692624	0.0080731006	-0.1211560542	0.099772058	-0.0986785653	0.0797960716	-0.0313682268	0.1270643502	-0.0302902374	-0.1518262347	-0.0505790441	0.0281314934	0.0722820524	-0.0774598608	0.0206200946	-0.0500868859	0.0809309666	-0.0005182362	0.0084636758	-0.1438035219	0.0542326139	-0.0854734188	0.1082228804	-0.0648381609	0.0319130786	-0.0693487092	0.011103917	-0.04789477	0.0097128882	-0.015682458	0.0614510442	0.0029208332	0.0403935806	0.1539691972	-0.1175139095	0.0100988617	-0.0428604622	0.0384685689	-0.0272685714	0.0249473346	-0.0983162393	0.0872867914	-0.0442082307	0.1573205092	-0.057706363	0.0215421326	-0.104824897	0.0446491277	0.0048544998	-0.1161949547	0.0465938789	-0.0761531033	0.0535751469	-0.1272853313	0.1108589174	-0.0020427769	0.0838567407	-0.0265120086	0.0016214935	-0.0547704535	0.1333166853	-0.0629821378	0.0853354122	-0.0910257441	0.0789200701	-0.0278132904	0.048155164	-0.020586909	0.0279956565	-0.0095011192	0.1054052417	0.105393201	0.1053731342	0.1053450429	0.0100329545084036	n/a	0.0001006601761676	n/a	-0.0435542022583206	n/a	n/a	0.0018969685343586	0.0987396311815587	n/a	0.0097495147658702	n/a	-0.0010889308259634	n/a	n/a	1.1857703437333326e-06	-0.0001854079199785	n/a	3.4376096790753855e-08	n/a	0.0007488994036006	n/a	5.608503167133344e-07	n/a	0.0	0.0	0.0
4245.133672805142	-3.847953740320918	18021159.899984077	14.80674798764974	3795.510683097688	0.5490742109686835	0.3014824891508823	14405901.345508678	4227.96044545748	-5.585005388874379	31.19228519375585	17875649.528353013	4099.903325113933	3175.000142191077	1.054863	13.168159	0.03238457127766	0.0181608341518444	-0.0994373448	0.0090355791	0.0665363162	-0.0957059131	0.0110662666	-0.1002436814	-0.0188134626	0.0290437246	0.0790176136	-0.0830859567	0.0493680457	-0.0408719954	-0.002006213	-0.0272270023	-0.0886550086	0.0362948074	0.0044572025	-0.0535675054	-0.1157253184	-0.1051411896	-0.0741919237	0.0729891631	-0.019824833	0.0241253238	0.0268047582	-0.0877904328	0.127279291	0.0730544357	0.0033326648	-0.1314175874	0.0993909012	-0.0161348092	0.0261574807	0.0403923243	-0.0358852823	-0.0059314741	-0.0851620888	0.0058268074	0.0820537999	0.1025803235	-0.1114236226	0.0176588928	-0.0044553339	-0.08865169	-0.0670168698	0.0530335089	-0.0726197972	-0.0869785596	-0.0674950215	-0.0053713785	-0.0076464899	-0.0410469324	-0.0923856951	-0.0891841067	0.053837841	-0.0579334702	0.0209564712	-0.0286616788	-0.1386149069	0.1235294713	0.0115087007	0.0724827593	0.0058381652	0.0806329401	0.0419097297	0.0812725777	-0.0141097618	-0.0336748912	-0.075021297	-0.0638638753	-0.1904551748	-0.0359456751	0.0236011736	-0.0002224488	0.0220015791	0.0093369249	0.0568018225	-0.0212856899	-0.0467548272	-0.1310557759	0.0010941305	-0.0098480486	-0.0341035911	0.0833322314	-0.0766054666	-0.0060911652	-0.0591217686	0.0460943973	0.0047092469	-0.1105918042	-0.0174221722	-0.018555492	0.0709275903	0.0787339302	0.0064871006	0.0443404156	-0.1533870419	0.2102156933	0.009595872	0.0625236695	-0.0827385461	0.0414740177	0.079858487	0.1823007587	-0.0023378982	-0.0080291736	-0.1191990826	0.0690194798	0.0696845019	0.0242561652	0.0998924654	-0.038846531	-0.0271465597	0.1053731342	0.1052647956	0.1050843138	0.1048318124	0.0129206594559718	0.0028877049475681	0.0001669434407771	8.338839864209854e-06	-0.0560658370322784	-0.0125116347739578	0.0001565410047169	0.00314337808213	0.1064913774102223	0.0077517462286635	0.0113404134627264	6.008956959360022e-05	-0.0010889997734367	-6.89474733001072e-08	4.753754074468995e-15	1.185920506545184e-06	-9.078305895915406e-07	0.0001845000893889	8.241563793981243e-13	3.404028298451521e-08	0.0007490000732878	1.0066968719995695e-07	5.610011097851298e-07	1.0134385920937174e-14	0.0	0.0	0.0
4244.590911892955	-0.5427609121870773	18016552.009324268	0.2945894077981483	3788.38820134501	-7.122481752677686	50.7297463172266	14351885.164090082	4229.220372475162	1.259927017681548	1.5874160898839198	17886304.958958946	4100.073680582682	3152.079429550497	1.049032	13.095365	0.0801509146639745	0.0564676086728886	-0.0760137048	-0.0047149033	0.0476278226	0.0725147575	0.0406449924	0.0549958606	-0.0288067366	0.0508585342	0.0796576116	-0.0857530932	-0.07532325	-0.0362658044	0.1884655999	-0.0037657884	-0.0827984697	0.0578945778	-0.0149432113	-0.0593534772	-0.0560221506	-0.0328364607	-0.0583088013	-0.1153120739	-0.000807435	-0.0127163813	-0.0026885085	0.0132399216	0.1751392431	-0.0493979155	-0.0333551159	-0.204104118	-0.0048804253	0.100645735	0.1271040349	0.1151141819	-0.0044223487	-0.088243526	-0.0577419894	-0.1058450187	0.0265893359	-0.0764145937	-0.0557986164	-0.068726736	-0.0188383223	0.1135223759	-0.0316025426	-0.0919704321	0.0902199538	0.0504928432	-0.0102933621	0.0014760793	-0.0037126133	-0.0204975856	0.0614627722	-0.0902940159	0.0274860401	0.048207781	-0.0171149471	-0.0867450795	-0.0099930624	-0.0282530267	-0.0834679865	-0.015782333	-0.0988691101	0.088262737	0.1020063723	0.0971652797	-0.0893391847	-0.0287299248	-0.1079097016	0.0275963956	-0.2618732251	-0.0610776372	-0.0864245288	-0.0030990605	0.0299217342	-0.0549264504	-0.0076329224	0.0255957226	0.115599333	0.0218941534	0.0165402125	0.0098897507	0.0389710769	-0.0224407691	0.0760967507	0.0308188946	0.0064540796	-0.1199077737	0.0304736425	-0.0722497599	0.0124310005	-0.1193055804	0.0293286434	-0.0280832877	-0.0741963035	0.0961322219	-0.0653883274	-0.055007998	-0.1460153993	0.0861090458	-0.0292787854	0.0972234919	-0.0329507982	0.1434387871	-0.0549677937	-0.0098226618	-0.1314267362	0.1105818915	0.0003708491	0.0407497644	-0.0056946881	-0.0364602401	-0.0432817114	0.1053089291	0.1050081413	0.1045074645	0.1038078519	0.0122146640745484	-0.0007059953814233	0.000149198018454	4.984294785911706e-07	-0.0123218851398831	0.0437439518923953	0.0019135333271641	0.0001518288534004	0.0707904100200664	-0.0357009673901558	0.0050112821508091	0.0012745590725929	-0.0010889997734367	0.0	0.0	1.185920506545184e-06	-9.078305895915406e-07	0.0	8.241563793981243e-13	0.0	0.0007490000732878	0.0	5.610011097851298e-07	0.0	0.0	0.0	0.0
4242.547782888824	-2.0431290041306056	17999211.690094877	4.174376127519721	3797.652557980967	9.264356635956574	85.8283038781926	14422164.95113938	4232.83423467043	3.613862195268666	13.059999966392065	17916885.658198006	4104.834294352214	3164.5616559588893	0.99523	12.423737	0.036801956434715	0.026885262299736	-0.073409648	-0.0078893044	-0.0640350068	-0.0467542337	-0.0085438657	-0.0192480965	0.064242393	-0.0397868518	0.0077200011	-0.0984846762	-0.0110699482	-0.1063769732	-0.027535776	-0.1357908526	-0.0233131677	0.0341957205	0.0175649331	-0.0589200902	0.0534839912	-0.1457107745	0.1092582218	-0.0312482693	0.0229121101	0.0085173084	-0.0828166468	-0.0954937733	0.084011246	0.0883215229	-0.0192098277	0.0339516396	-0.0173405886	-0.0323351558	0.0110540584	0.1816638307	-0.1260005948	0.0167568608	0.0933273059	-0.0350193029	0.0661911299	0.0476497755	0.0104534648	-0.0552353883	-0.1253610868	-0.0655170773	-0.0733817265	-0.0618323705	0.1846858337	0.1589166051	0.1020538345	0.0500150509	0.0220106612	0.0721173577	-0.117366534	-0.0234902518	0.024082182	0.0305033578	-0.0606054893	0.0756458957	-0.0715883127	0.0841628378	-0.1430524086	0.1215567695	-0.0931643807	0.0269714459	0.0068276027	0.0668452799	-0.018322826	-0.0971634654	-0.0982143792	0.0451564273	0.0338277406	-0.0077590572	0.0166305665	0.0739698318	0.1065291577	0.1024991995	-0.0586945689	-0.0695709755	0.0192449736	-0.0007311585	0.0294533272	-0.1498601433	0.1183891906	-0.0890487459	-0.0822897694	-0.2048883281	0.0163853714	-0.0405864561	-0.0237466213	-0.0842453512	0.0012370275	0.00931723	-0.084006255	0.0729372955	-0.0503965386	-0.0066571475	-0.1049916458	0.1216760951	-0.0850939933	0.1221337	0.0703643239	0.0685175003	-0.0130256323	0.1188775496	-0.0189108481	-0.0066609338	-0.1050115179	0.0480908436	0.0012326856	-0.0467351273	0.0373080669	-0.065202733	0.0105621191	0.1052126458	0.1046235507	0.1036441676	0.10227815	0.0175906330538566	0.0053759689793082	0.0003094303712354	2.890104246648405e-05	-0.0380378769852995	-0.0257159918454164	0.0006613122365935	0.0014468800855487	0.0765004056300568	0.0057099956099904	0.0058523120615632	3.260404986610965e-05	-0.0010889997734367	0.0	0.0	1.185920506545184e-06	-9.078305895915406e-07	0.0	8.241563793981243e-13	0.0	0.0007490000732878	0.0	5.610011097851298e-07	0.0	0.0	0.0	0.0
4243.083521398498	0.5357385096740472	18003757.76956348	0.2870157507477692	3778.048099593813	-19.604458387153954	384.334788653651	14273647.44284442	4232.3908037173205	-0.4434309531097824	0.19663101017585	17913131.915390946	4103.587021484375	3141.424910240119	1.007593	12.578074	0.0744377445968194	0.0359649478872749	-0.0956647007	-0.0416813658	-0.0554948036	-0.0843288448	0.0794697888	-0.0675465067	0.0821500818	0.0997558626	0.0487678462	0.0686639464	0.0075730138	-0.0851227777	0.1567941824	-0.1417506696	-0.0324461059	0.116619417	-0.0174558944	0.0211280765	0.0549873502	0.0053209777	-0.2111296612	-0.0137620434	0.0206932078	-0.0317996601	-0.1291477475	-0.005389442	-0.0634698096	0.1290213151	-0.0154819738	-0.1133851607	-0.0220293788	-0.0323292531	-0.1989521009	-0.0459694062	0.0821691011	-0.065205581	0.0136267756	-0.0849230041	-0.0088463811	0.0342170364	-0.0413329775	-0.0030808939	0.0191937586	-0.0023225278	0.1425558254	-0.0139420548	-0.090354574	0.0057171054	0.0081800041	-0.0497446209	0.0243995502	0.0580189944	-0.0374240114	-0.0508247322	0.0892717809	-0.0565969771	-0.0156957935	0.0699980279	-0.0460078505	-0.0502295749	0.0215217006	-0.1357354965	0.0019055044	0.1695318664	-0.0510189376	-0.1081373039	0.0826166452	-0.0329723224	0.0175259934	0.1217908892	-0.0270158117	-0.1751481468	-0.1434720243	-0.0198106337	-0.1290066538	0.0847373927	0.0675543302	-0.0730018228	0.0211790373	-0.0633613257	-0.0941708656	-0.0407700028	0.005507381	-0.0289313303	0.0279535727	0.1816707488	-0.0216128341	-0.0100959257	-0.0452912129	-0.0814082102	-0.0515540955	-0.0188210782	0.0185814114	0.1276790954	-0.0079493264	0.0296803639	-0.0054311991	-0.05118426	-0.102592394	0.0166542612	-0.1231062042	0.0680959212	-0.0855786104	0.132169447	-0.0299986348	0.052825779	-0.0702033474	0.013600805	0.0329937067	0.1188209639	-0.0130408573	-0.0743550962	-0.0730489672	0.1050843138	0.1041114925	0.1024967892	0.1002501592	0.0241286594942522	0.0065380264403955	0.0005821922089895	4.274578973531193e-05	-0.0067011372259457	0.0313367397593538	0.0009819912587454	4.490524012095523e-05	0.0739879045440972	-0.0025125010859596	0.0054742100188264	6.312661706948173e-06	-0.0008819317889112	0.0002070679845255	4.2877150215452745e-08	7.778036802921095e-07	-0.0002587350512215	-0.0002578272206319	6.694382673059221e-08	6.64748756987748e-08	0.000532885732223	-0.0002161143410648	2.839672036068428e-07	4.67054084138727e-08	0.0	0.0	0.0
4254.432392546646	11.348871148147737	18100194.982750177	128.79687633726013	3787.241847794369	9.193748200556	84.52500597522672	14343200.813684903	4234.784290815936	2.3934870986158785	5.728780491240656	17933397.989741433	4102.864561930339	3195.260007312932	1.148227	14.333648	0.05187570449332	0.026213317233597	-0.0663588882	0.0597562844	0.0866046042	0.053716564	0.0679268711	0.0619073805	-0.1098877974	0.0543217191	0.0739335599	0.0105793067	-0.0416799342	-0.1717946378	-0.0172417903	-0.0912459414	-0.0067840189	0.0393148505	-0.0243916262	-0.0816931626	-0.1610081401	-0.0329794451	0.0046859447	-0.1064375783	-0.0944831421	-0.0696478791	-0.0684772258	-0.0201404633	-0.0782802942	-0.0246243148	0.0404061166	0.012328939	-0.094560436	-0.0174189504	-0.1037554782	0.0540523349	-0.0500939521	-0.0594479861	-0.0447092069	0.0363042916	0.0422645502	-0.0191685052	-0.0408181562	-0.0235746068	-0.08408223	-0.0249941845	-0.057513208	0.0150899939	0.0053007766	0.0163202564	0.1262738035	0.2328874274	0.075988397	-0.0863445751	0.0834320649	-0.0243444262	0.0417607796	0.0258106491	0.0126612539	-0.1683403523	-0.0978221728	0.0012468819	-0.1305393794	0.027343188	0.0143968369	0.0367341261	-0.0310447562	-0.1291026065	-0.1039832832	-0.0428174719	0.0625644058	0.0352555428	0.0342192501	-0.0594110705	-0.0177970637	-0.0003303343	0.0206407499	0.0824249346	0.047826401	0.0233685033	0.0146270915	0.091981852	-0.0182140713	-0.0576313717	0.0543494578	-0.0044022749	-0.0491565788	-0.0735684882	-0.0851984301	-0.0544968973	0.0193902776	-0.0734532481	0.0346599175	-0.0755261839	0.0391004843	-0.0369066746	-0.0388731662	0.0991720406	-0.0857085623	0.0328918769	-0.0558493609	0.0185047079	0.05481838	0.077927537	0.0555298073	0.1059949346	0.0520390458	-0.0073367461	-0.086555226	0.0209385706	-0.0537553287	-0.0056140179	0.0203439481	-0.0656692027	-0.0175064889	0.104923972	0.1034725904	0.1010684743	0.0977337597	0.0123520875852989	-0.0117765719089532	0.0001525740677148	0.0001386876459267	-0.0277060540490765	-0.0210049168231308	0.0004412065307466	0.0007676254309703	0.0677702940251663	-0.0062176105189309	0.0045928127522574	3.865868056512031e-05	-0.0007819496553777	9.99821335335e-05	9.996427025910625e-09	6.114452635453038e-07	-0.0001672337881135	9.150126310799998e-05	2.7967139886791016e-08	8.372481150359437e-09	0.0005989344404276	6.604870820459997e-05	3.587224639303223e-07	4.362431855496392e-09	0.0	0.0	0.0
4247.273755962574	-7.158636584072156	18039334.35808843	51.24607774281626	3809.638679170039	22.39683137566999	501.6180556701957	14513346.865828438	4240.692805214534	5.908514398597617	34.91054239843537	17983475.468198314	4112.200889851888	3168.208765998504	1.094383	13.661492	0.0880781044963954	0.0439154269770766	-0.0680734936	-0.0132811028	-0.0850312999	-0.1073898593	0.0386902473	-0.037497249	0.0782534791	-0.0784258609	-0.0316669004	-0.0412959416	-0.029673407	-0.1065586045	0.0240844779	-0.0389584811	0.052939918	0.0609805912	-0.0887759358	0.0486604977	0.0593104099	-0.0497554812	0.0044343223	0.0276354583	0.0311447036	-0.0677337169	-0.0949410136	0.0488394119	0.029893994	-0.0637347017	0.0559162215	-0.0489623761	-0.0560985356	0.0818180558	0.0674263508	-0.0221599618	-0.0303891416	0.0249588031	0.1063398445	-0.0825010972	0.1027443724	0.046823919	0.0598286555	-0.0800005202	-0.0610475137	0.0450227353	0.0574687717	0.0585235041	0.071581027	0.1021479733	0.0957990823	0.0231181851	-0.1281932841	0.0866102609	-0.0930374932	0.0495648054	0.0531725941	-0.0335314048	-0.1105639874	0.0802218163	0.0291088935	0.0050912669	-0.082523276	-0.0559965819	-0.0280228785	0.025361433	0.0196923041	-0.0189865326	-0.0185962051	0.0032897316	0.0389411158	-0.056274307	-0.0161908664	-0.002283473	-0.0268897974	-0.0285036527	0.0206973646	-0.0531734636	-0.0483796054	0.0130613815	-0.0084776709	0.1545336149	0.1982882042	-0.1353125208	0.0562203318	-0.0922952264	-0.0436326989	-0.1019966994	-0.0772164628	-0.0539763026	-0.0103128129	-0.0556108123	-0.0098311967	0.0429505345	-0.0235513161	0.1298411974	0.0006961054	0.0279657202	-0.0253851289	-0.1324420579	-0.0835214642	-0.0025854688	-0.0032785066	0.0453407933	-0.0256999011	0.031722751	-0.0880256547	0.003922041	0.0155178123	-0.0497579806	0.0349389797	0.0270707882	0.0051187204	-0.0297363628	-0.0203476236	0.1047316694	0.102707623	0.0993631376	0.0947412111	0.0162693365388832	0.0039172489535843	0.0002646913114154	1.5344839364357293e-05	-3.7351530181695125e-05	0.0276687025188948	0.000765557099079	1.3951368069140816e-09	0.0365774541320007	-0.0311928398931655	0.0013379101507786	0.0009729932606006	-0.0006160002098824	0.0001659494454953	2.753921846019756e-08	3.794562585751609e-07	-1.31208113485215e-07	0.00016710258	1.7215569044349057e-14	2.7923272242661346e-08	0.0004260002033079	-0.0001729342371196	1.814761732183721e-07	2.990625036817262e-08	0.0	0.0	0.0
4243.253344679707	-4.020411282866917	18005198.94713552	16.163706883403606	3797.065522091322	-12.573157078717031	158.0842789260922	14417706.579054642	4237.352297999278	-3.340507215256366	11.158988455179845	17955154.49735976	4108.68047249349	3147.09814366304	0.995083	12.421902	0.0600082414940251	0.0320320737927507	-0.0709226229	-0.0283722501	0.0533637071	0.044320475	0.0473942411	-0.01745741	-0.0924974861	0.0374353758	0.0011843028	-0.0448739722	-0.0341423919	-0.0753524309	-0.0153255671	0.0489299096	-0.001463583	-0.022898841	-0.0906606922	-0.0294156973	-0.1228613151	0.0314211731	-0.0362260169	0.0490377445	0.0140122276	-0.1247703382	0.0379214515	0.0092943874	0.0408937124	-0.0555888003	-0.1127668779	0.0820931404	0.036716812	0.0580206613	-0.0503013204	0.0383442499	-0.0382692937	0.1103289766	-0.1200920482	-0.124721754	-0.0710658398	-0.0387825588	-0.1946554605	0.0156424843	0.1034035392	0.1364615013	0.0410819191	0.0133765621	0.0078642987	0.0119750492	-0.0382302976	-0.1404191496	-0.0854421833	-0.0286084195	-0.0292571234	0.0144871585	-0.0080780153	-0.0435449099	-0.0353023819	-0.1048658866	-0.0383758498	0.0193558956	-0.016384424	-0.0521034948	-0.0386993683	0.0641023339	-0.0440738945	-0.0139770897	-0.0687806109	0.0586261567	0.045901753	0.0577096135	-0.094364036	0.0554810336	0.10662564	0.1499190388	-0.0209529724	-0.142806995	0.0451997889	0.1432798355	-0.0105150132	-0.1764864421	0.0518954684	0.0231408625	0.0323238742	-0.0377245071	0.0962163049	0.0564661774	-0.039116136	-0.0464438901	-0.0176982273	-0.0533624467	0.028627601	-0.1007745364	0.014181932	-0.0474057882	-0.0424945073	0.069989913	-0.0568525981	-0.0660458341	-0.0196780648	0.0259658636	0.0046031343	0.093964968	0.0605815252	0.0607948158	0.0135299988	-0.0659483049	-0.023288591	0.0137291792	0.0188412213	-0.0371155102	0.0699231428	0.0349343757	0.0050227188	0.1045074645	0.1018175221	0.0973854535	0.0912870929	0.0128424555787063	-0.0034268809601769	0.000164928665291	1.1743513115222951e-05	-0.0251550928293085	-0.0251177412991268	0.0006309009279698	0.0006327786952511	0.052887703541657	0.0163102494096563	0.0027971091859101	0.0002660242358051	-0.0009060001831422	-0.0002899999732598	8.409998449068473e-08	8.208363318537e-07	-1.9886704238913921e-07	-6.765892890392422e-08	3.954810054860369e-14	4.577730660426272e-15	0.0004389999676205	1.29997643126e-05	1.9272097157080007e-07	1.6899387218314858e-10	0.0	0.0	0.0
4248.310607624993	5.057262945286311	18048143.01885904	25.575908497765976	3790.5843493700977	-6.481172721224084	42.0055998423392	14368529.709689528	4233.351967007507	-4.000330991771079	16.00264804372419	17921268.876566324	4104.564130615235	3135.5319198456464	1.076245	13.435081	0.0668546295174472	0.033875056534042	-0.0649785994	-0.0404479732	-0.1214665947	0.0236622368	0.0677302436	0.0438129535	0.1230843114	-0.0672799578	0.0011254136	0.0054149571	0.0172632825	-0.0562088184	0.0609343925	-0.1040362124	-0.0252644645	0.0575410182	-0.0003766072	-0.0300455672	0.0877129916	-0.0716066348	0.0594968714	0.0496593096	0.047261557	-0.100486169	0.0232611827	0.0399319625	0.0149921946	-0.0229231418	0.0943729166	0.1002604821	-0.0240098534	0.1044312061	-0.0408355726	0.062873506	-0.1134279571	-0.04736344	0.1026450092	0.1380142673	-0.0526548784	-0.0620260834	-0.0537752185	0.0923483388	-0.0615281404	0.117118705	0.0703220471	-0.0088581669	-0.0245505179	0.1459141699	0.0719711751	0.0802130234	-0.0584461275	0.0674912755	0.1946416804	-0.0350306283	0.0159277322	0.0400831914	-0.097597501	0.1029825235	0.0022504	0.068479477	-0.04989967	-0.0586631838	-0.0443839733	-0.0991370118	-0.0878701325	0.063127964	-0.0346562945	-0.0528961979	0.0655630137	-0.0145129452	0.1059041883	-0.1090357409	-0.0540850993	0.088003147	0.0993084474	-0.0939538227	-0.1282288939	-0.0014437884	-0.0690423259	0.0850258771	-0.0764078132	0.0097541807	-0.0157347799	0.046111173	-0.1104886176	-0.0139698079	-0.1202594549	-0.1461475139	-0.114957557	-0.0450007488	-0.036340688	0.0056952118	-0.0688009796	0.0896562119	-0.0610987985	-0.018490046	0.0372978344	-0.0303845678	-0.0907470432	-0.0444939322	0.0803800156	0.0257104602	-0.0997428273	0.0106048289	-0.0719055901	0.0527712206	-0.0077222646	-0.0433751804	-0.0464963237	0.0098183903	0.0465617721	0.0916529646	-0.0278540377	0.1042514257	0.1008033722	0.0951408427	0.0873882332	0.0197741313936745	0.0069316758149681	0.0003910162723743	4.804812960381504e-05	-0.0039458406710792	0.0212092521582293	0.0004498323771113	1.556965860154275e-05	0.0418800455732366	-0.0110076579684203	0.0017539382172163	0.0001211685339497	-0.0003889999738258	0.0005170002093164	2.672892164332015e-07	1.513209796364731e-07	-7.818899350198194e-08	1.206780488871573e-07	6.113518704852974e-15	1.456319148321112e-14	0.0004019999834692	-3.699998415129997e-05	1.616039867092371e-07	1.3689988271964486e-09	0.0	0.0	0.0
4251.341174288773	3.0305666637796094	18073901.78020304	9.184334303612273	3788.353697514629	-2.23065185546875	4.975807700306177	14351623.73747276	4232.343088700324	-1.0088783071823857	1.0178354387031958	17912728.0204694	4103.345756184895	3204.085615263894	1.142397	14.260869	0.0512077663080906	0.0238078694957938	-0.0375193399	0.0493008007	0.1093234616	-0.0276174105	0.0403220006	-0.0546577881	-0.0807451703	0.0548734413	0.0502919555	-0.0283951597	0.042673724	0.0077615192	-0.0461461792	-0.0188872419	-0.0193573612	0.0112900351	0.0513676291	-0.0248013578	-0.1083236478	0.00881398	-0.055904356	-0.1005531455	0.0342158509	0.0374715481	-0.0126991823	-0.0054071586	0.0311072505	0.0261445043	0.1327998737	0.1437550807	0.0617668868	0.0293273747	0.1227423307	-0.0271095234	-0.0290644655	-0.00273721	-0.0192262221	0.0364895344	-0.0526818014	-0.0737437987	0.1267825567	0.1408105667	0.007555825	-0.077723659	0.034605974	-0.0134348717	0.0871889116	0.0139271302	-0.0832764643	-0.1087301704	-0.0235887631	-0.087914141	-0.022453446	-0.0242134211	0.0349788763	-0.0121004366	0.0890540414	-0.0537353983	-0.080479091	0.0247892257	0.0431536591	-0.0115146207	-0.087695547	-0.009187399	-0.0026996732	-0.0253857455	0.0007676662	-0.054841148	-0.1317923826	-0.1107157434	0.1220327667	0.0132127809	-0.0135918718	-0.0797722308	0.0868921304	-0.0918066463	-0.0705213911	0.0056116126	0.0559335663	-0.0187985914	-0.06589347	0.1132089259	-0.0182450442	-0.0897433892	-0.0835579389	0.0343529774	0.1289322683	-0.0001056703	0.0020775783	-0.0432985972	0.0142309438	-0.0146118799	0.0760055386	-0.0085292635	0.0254212695	0.0462163982	-0.0358380952	0.0305270065	0.104637256	0.0336012001	0.0142614302	0.0883446488	0.001884823	0.0137753616	-0.0290772637	0.1092401841	0.0552596047	-0.1040726704	0.0046428421	0.0411115748	0.0761903648	-0.0578126855	-0.0062645129	0.1039636308	0.099666409	0.0926354574	0.0830636267	0.0113696726089926	-0.0084044587846819	0.0001292694552356	7.063492746341675e-05	-0.0231513112293697	-0.0192054705582905	0.0003688500993653	0.0005359832116391	0.0349837468014726	-0.006896298771764	0.0012238625402695	4.7558936749433686e-05	-0.0006540002121199	-0.000265000238294	7.022512629592977e-08	4.277162774528741e-07	-1.0889109258727105e-07	-3.0702099085289105e-08	1.1857270044849636e-14	9.4261888824291e-16	0.0003330001599953	-6.89998234739e-05	1.1088910655689541e-07	4.7609756394293614e-09	0.0	0.0	0.0
4247.769879144096	-3.5712951446766965	18043548.946163848	12.754149010391346	3798.958929905378	10.60523239074928	112.47095406179768	14432088.951107817	4235.02137347452	2.678284774196072	7.173209331690506	17935406.033786014	4108.905019287109	3149.873911308191	1.07867	13.465343	0.0240475863732526	0.0113449653385666	-0.0474014087	0.0050726968	-0.0895791814	0.0743952241	-0.004413095	0.1005088542	0.0744162109	-0.0713699929	0.0549466932	-0.0463647012	0.051813264	0.0253635902	0.0031393056	0.0111864124	1.28499e-05	0.0681863026	-0.0349821957	-0.0368105761	0.0155436544	0.0200557956	0.0697701942	0.147504958	0.0637035471	-0.0297891683	-0.0307195637	0.0907855016	-0.1008193271	-0.0066685025	-0.0413842328	0.040145998	-0.0358613204	-0.0084616147	-0.0518553362	-0.0110791395	0.0890431552	-0.0342216015	-0.0620391514	-0.0354518386	-0.0217430604	0.0239425169	-0.0976553394	0.0047793622	-0.0866526657	-0.0657787823	0.0531058607	0.0215189123	-0.1050801871	-0.0771401722	-0.0336633988	0.0147016234	-0.0422494801	0.0082611972	-0.0702050065	-0.0019919775	0.0332923745	0.0765373598	-0.1283175668	0.0206554464	0.0627113058	0.0688940669	0.0407364641	-0.0723967543	0.0470123876	-0.0402391737	0.00817168	-0.0885851993	0.081790473	0.031896143	0.1461296455	0.0153328391	-0.0042231733	0.0401015315	-0.0387377053	0.0440853208	-0.1312677426	0.0153528421	0.0445385019	0.0441891578	-0.0124381414	-0.0409840026	-0.0789862762	0.0096150474	0.0229667881	-0.0269151038	-0.1204673224	0.0453561719	-0.0205923458	0.0011228896	-0.0351694855	-0.0405008853	0.0096328218	0.0284386624	-0.0751717595	0.013427799	-0.0661160807	-0.0034202584	0.0188712102	-0.0155490082	-0.0404799389	-0.0405630176	-0.0039641654	-0.0831031404	-0.0331433504	0.0058477566	-0.126628012	0.0082642448	0.0701854023	0.0233427706	-0.0367110421	0.0019842474	-0.0444830745	0.0707530378	0.0670553038	0.1036441676	0.0984080176	0.0898761648	0.0783343427	0.0167823332982237	0.005412660689231	0.0002816467109326	2.929689573674768e-05	-0.0174357847143085	0.0057155265150612	3.266724334436763e-05	0.0003040065886037	0.0345668581936138	-0.0004168886078588	0.0011948676853774	1.7379611136245015e-07	-0.0005009999312383	0.0001530002808815	2.3409085949848472e-08	2.5100093110078136e-07	-5.911799405566853e-08	4.977309853160251e-08	3.4949372211660603e-15	2.477361337436612e-15	0.0002360000027534	-9.70001572419e-05	5.569600129960481e-08	9.409030504953326e-09	0.0	0.0	0.0
4241.074824937677	-6.695054206419627	17986715.670720145	44.82375082689714	3797.039454973076	-1.9194749323023643	3.684384015737166	14417508.622622233	4231.768500206072	-3.2528732684486386	10.581184500587728	17907864.639336344	4102.838085693359	3167.133950441016	1.050677	13.115909	0.0331743933767005	0.0201642890313382	-0.055811807	-0.0243093143	0.1080086504	-0.0103004372	-0.015256679	-0.0380861826	-0.0790392775	0.0192535327	0.0559516408	-0.0436884011	0.0417192836	0.0320532852	-0.1125048063	0.0879005217	-0.0197867327	0.0416184022	-0.0333175479	0.0768387848	-0.0570034794	-0.033415893	0.0009584476	-0.0992498016	0.1593884643	0.1418916821	0.097571538	0.0220202862	0.091479593	-0.0130130439	0.0163099894	-0.0026733626	0.0003848218	-0.0541737951	-0.0017020807	-0.0590768105	0.0303785827	0.0247666834	0.0132166006	0.0570489281	-0.0044387724	-0.0927028871	0.0356867719	0.0777804236	-0.045951001	0.0451912526	0.0420273848	-0.0313077187	-0.0423865669	0.0293967552	0.1016963564	-0.0206645309	0.0860394248	-0.0465020859	0.0255901328	-0.0242087984	0.0564004257	-0.0648517294	0.0442227755	-0.0696449817	0.0233334061	0.0177108743	0.0676581975	-0.0107268591	-0.1556915435	-0.1221248779	0.0993711499	0.1337744885	0.0417541091	-0.0787952699	-0.0262998359	-0.0332863616	0.0441708826	0.0273915775	0.0036025923	-0.0694379109	-0.0850615276	-0.0254273304	-0.0342973537	-0.0245136881	0.0348572963	0.0236571569	-0.0436501352	0.0833042964	-0.0698972493	-0.0678850331	0.0294436556	0.0098161179	-0.0861095545	-0.0263288986	0.0344335616	-0.0451525084	-0.0077110681	-0.0482846259	0.0688849367	-0.0014628275	0.0366267531	0.0213924613	-0.0278773134	0.0065445189	0.1627084017	0.0158501576	-0.0211670807	0.0080627904	-0.0275595764	-0.0266344901	-0.0341825156	0.0578290541	0.0485148218	-0.0963673034	0.0325764002	-0.0367194087	0.016912238	-0.0230691584	-0.005624462	0.1032931334	0.0970297311	0.0868705278	0.0732234215	0.0139295756124084	-0.0028527576858152	0.0001940330767418	8.138226413978263e-06	-0.0229363927206236	-0.005500608006315	3.025668843913776e-05	0.0005260781110346	0.0529369480519648	0.018370089858351	0.0028023204690564	0.0003374602014038	-0.0006109999198099	-0.0001099999885715	1.2099997485752122e-08	3.733209020077042e-07	-7.790248823802416e-08	-1.8784494182355632e-08	6.068797673675493e-15	3.5285722168695246e-16	0.000254999986212	1.899998345859997e-05	6.502499296812018e-08	3.6099937142707244e-10	0.0	0.0	0.0
4243.8229870268	2.7481620891230705	18010033.545217067	7.552394868093279	3789.8885799575137	-7.150875015562178	51.13501348819138	14363255.44849238	4232.201726605355	0.4332263992837397	0.1876851130363543	17911531.45468135	4103.908530598958	3125.690626467275	1.070072	13.358016	0.0377646837757533	0.0205470725582433	-0.0393109105	-0.0517243517	-0.0938511692	0.0971665816	-0.042775273	0.1077453436	0.0889967093	-0.0276471665	0.0584327089	-0.0254741988	0.0303704038	0.0652303358	-0.0458351722	0.0456625557	-0.0513635326	0.006839239	-0.0634222224	-0.1403762091	0.022236138	0.0703386692	0.0152486427	0.1629939169	-0.1013297851	0.0444389482	-0.0414781772	0.0580660799	-0.0128297084	0.0038227139	0.0176897262	-0.0929040449	-0.0437856164	0.1499939011	0.0230387304	-0.0332097696	0.058308458	0.0806129809	0.0578117046	0.0520887422	-0.1345306498	0.0122493409	-0.0133895086	0.0486593742	0.0736623558	-0.096241623	0.0438548593	-0.0816618216	-0.0184682294	-0.0038944341	-0.1284380045	-0.0006365371	0.0443413204	-0.0121515874	-0.0108734148	-0.0550537787	-0.0317623471	0.0927385484	-0.143106129	-0.0007567695	0.0167199231	0.0420701454	0.0663767272	-0.0236792168	0.141694612	0.0257276734	0.0613801868	-0.0327506155	0.0020301426	0.0048529825	0.1124297264	-0.0128893983	-0.0129892913	-0.0970458876	0.0118602371	-0.0750722566	0.020403421	-0.1436566681	-0.1284140024	-0.0261656153	0.0140508327	-0.0831667493	-0.0045226111	0.0188180256	-0.0868341532	0.0743925261	0.0125320799	0.0341010767	0.0868161085	0.0803072876	-0.050337424	-0.027542304	-0.0128958276	-0.0280285403	-0.0972235816	0.0047598329	-0.063416542	-0.0567600514	0.0468219752	0.0465546332	0.0006326664	-0.0908464488	0.0574125114	-0.0983601613	0.0130408617	-0.0404412236	-0.0590718642	0.0320326837	0.0696941949	0.0226188805	0.0025388105	-0.0103828685	-0.081719951	0.0761026959	-0.0319273664	0.1029106351	0.0955332289	0.0836267848	0.0677557633	0.0119378977885276	-0.0019916778238807	0.0001425134036093	3.966780554138556e-06	-0.0165213580717704	0.0064150346488532	4.11526695459871e-05	0.0002729552725356	0.0413806633284679	-0.0115562847234969	0.001712359297504	0.0001335477166105	-0.0002969999826733	0.0003139999371366	9.859596052178877e-08	8.82089897079405e-08	-4.41044953891634e-08	3.3797992848860765e-08	1.945206513532736e-15	1.142304320611643e-15	0.000296999982673	4.1999996461000006e-05	8.82089897077623e-08	1.763999702724013e-09	0.0	0.0	0.0
4249.050644337406	5.227657310606446	18054431.378144126	27.32840095713702	3801.896917213957	12.008337256443156	144.20016366448073	14454420.169120988	4228.588658607974	-3.613067997381222	13.054260353700355	17880962.043707985	4098.5261193847655	3185.217292861613	1.061274	13.248182	0.0366792478784833	0.0244594493441694	-0.0089360151	-0.0182500442	0.0882795879	-0.0303527536	-0.0100536833	-0.0867727877	-0.0200556658	0.037499694	0.0797111077	0.0805837003	-0.00235137	0.0381273893	-0.1139373939	0.0914827076	-0.0502179127	0.0576868521	0.0628891146	0.1127970188	-0.0458723642	0.0097725796	-0.0596169215	-0.0421134494	0.0076797775	0.0340269499	-0.016460485	-0.0640343639	0.107609065	-0.0253014183	-0.0103651302	-0.0223549298	0.0168663829	-0.1013695291	-0.0268190931	0.0070560562	-0.1077589402	0.157838191	-0.0685133993	-0.034007104	-0.0337089858	0.0056415156	0.0298726587	-0.0403003517	0.2389062383	0.0256454674	0.0407231455	0.0775633296	-0.1087355447	-0.0408885406	-0.0161194181	-0.0154481106	0.0527228296	0.1170673964	0.1587247346	-0.0680716862	0.061693061	-0.0632140583	0.1364251766	-0.0066204957	0.0078603709	-0.0172488643	0.0444639201	0.0028095704	-0.0575915696	0.0105192434	-0.0124121494	0.0798793943	0.0063250334	0.0447199649	0.0121717394	-0.0911374682	0.0523306337	-0.020494046	0.0988591036	0.0148209607	0.0225500462	0.0421969926	-0.1065374009	0.01059318	-0.0597426637	-0.0569582609	0.1319081827	0.0338323996	0.0558544129	0.0186342649	0.1246500981	0.1920372898	-0.0585931437	0.077622448	-0.0344264035	-0.0044620701	0.0011761578	-0.0359410849	0.0735343558	0.0195077685	0.0671293564	-0.010963704	0.0303288236	-0.0328360006	0.1480213505	-0.077058224	-0.0225212345	0.0252499254	-0.0262411823	-0.0049607251	-0.005487089	0.0514793119	-0.0051184039	-0.0583753547	0.0363782735	-0.0355892056	0.0543476615	0.0846893555	0.0150805141	0.1024967892	0.0939203342	0.0801538266	0.0619580057	0.0082500286238484	-0.0036878691646792	6.806297229431792e-05	1.3600378975791663e-05	-0.0100312647530103	0.00649009331876	4.212131128621448e-05	0.0001006262725449	0.0183299008187844	-0.0230507625096834	0.0003359852640264	0.0005313376522778	-0.0003589999824203	-6.1999999747e-05	3.843999968628e-09	1.288809873777757e-07	-5.4567993901244456e-08	-1.0463498512081051e-08	2.9776659584062518e-15	1.0948480111232242e-16	0.0003039999771347	6.999994461699992e-06	9.241598609789812e-08	4.899992246383056e-11	0.0	0.0	0.0
4249.855008313222	0.8043639758161589	18061267.59168498	0.6470014055907783	3805.711454718237	3.814537504279997	14.550696371558669	14483439.6765736	4236.7369621839625	8.148303575988393	66.39485116646524	17949940.086735792	4107.233105143229	3159.077549398539	1.014638	12.666016	0.0196110601311833	0.0123357927967863	-0.0083469203	-0.0108162045	-0.0873193918	0.0304645184	-0.0557256226	0.0783221353	0.0593822607	-0.0931820872	0.0366051756	-0.0238045365	-0.0062457276	0.0057780238	-0.188233765	0.017418369	-0.0003471145	0.0049294129	0.0398760483	-0.0810141399	0.0710257675	0.0540540102	0.0678809012	0.0951384994	0.0075006701	-0.0323413372	0.0006901598	-0.0278724915	0.0176169936	0.0410194535	0.0152066648	0.0091737205	0.0777077853	0.0537730868	-0.0049279982	-0.1444850572	0.0517154103	-0.0327966294	-0.076491971	0.1071707391	0.0791358309	0.0048163228	0.1224453462	-0.1282429545	0.0679250296	0.0220524776	0.0146953334	0.0667773751	-0.0001641212	-0.0449685969	-0.0865028682	-0.0013489395	0.1018740411	-0.0415991503	-0.0947464844	-0.010555105	-0.0151550637	0.1051394735	-0.054844325	0.0537586479	0.0075610795	0.0363779529	0.0164931118	0.0283394607	0.0689055471	-0.0027745605	-0.0652951291	0.0217241535	0.0606483571	-0.0007027141	-0.0022166752	-0.0394343622	0.1022498009	0.0140326144	0.0585466634	-0.0955789186	-0.0188201003	0.0002245926	0.0194515862	0.0661874725	-0.1223431081	0.0265474709	0.1164158107	0.0860650366	-0.0744183921	0.0337145151	0.0047175065	0.0560880452	-0.0329253372	0.1903274171	0.0948082036	-0.0052174552	0.0022110564	0.0585603129	-0.0612585842	0.0449496421	-0.0319295692	-0.0331376582	0.0098640741	-0.0316701412	0.0211772946	-0.0669166074	0.1497343847	-0.0690234042	0.0231528512	-0.0780101001	-0.0045591172	-0.0079603751	0.0202291761	-0.0473121089	0.0460843296	-0.128683694	0.0126132404	0.0638716118	0.0329692182	0.1020517218	0.092193012	0.0764611723	0.055858395	-1.6614272425385934e-05	-0.0082666428962737	2.760340482249394e-10	6.833738477451384e-05	-0.010554068686261	-0.0005228039332506	2.733239526224018e-07	0.0001113883658343	0.0184000164526594	7.011563387500017e-05	0.0003385606054581	4.916202113693071e-09	-0.0001920000044319	0.0001669999779883	2.7888992648126083e-08	3.686400170184962e-08	-2.4576000123843755e-08	2.99919937774007e-08	6.039797820871682e-16	8.995196907436423e-16	0.0002559999937612	-4.799998337349999e-05	6.553599680573445e-08	2.3039984038562757e-09	0.0	0.0	0.0
4249.847932109194	-0.0070762040286354	18061207.44605279	5.0072663454875895e-05	3794.958172437204	-10.753282281032623	115.6330798155702	14401707.530547924	4233.8557051401285	-2.881257043834012	8.301642152643108	17925534.131947614	4104.437720540364	3181.032890162461	1.034996	12.92015	0.0109826822971706	0.0080735513580752	-0.0143775664	-0.0030113556	0.090592197	0.0102656259	-0.0136808252	-0.0368912815	-0.0514742306	0.0351161375	0.0663026342	0.0427294427	0.0136106075	0.0608014422	-0.0951061017	0.0345660094	-0.0049967154	0.0306864866	0.0289729978	0.0724363804	-0.070806042	-0.0204339094	-0.0008735884	-0.095895962	0.0929084054	0.0715691395	0.0482280408	0.0649749929	-0.0574596897	0.0605735051	-0.0558576885	0.0947521271	-0.1100254454	0.0489086199	0.065903197	-0.038894085	-0.0129472807	-0.0187216022	-0.0763525032	-0.0518622049	-0.0197639885	0.1104463137	0.0453772926	0.0571368629	0.0308925902	-0.0259410043	0.003619444	0.0636063792	0.0580416827	0.1618849289	-0.0417766432	0.0114662098	0.0867461546	-0.0702363567	0.1548412142	-0.0136938112	0.0363394281	-0.0190041719	0.0880335761	-0.0440523918	0.0318411804	-0.0214884141	0.0405972834	-0.0560675533	-0.088482734	-0.1466117101	0.0303082917	-0.0571648902	0.0584189092	-0.0517251201	-0.0335701669	0.0370022333	0.0635208642	0.090546821	-0.036016485	-0.0982347776	0.0486457937	0.0318439091	-0.0670213518	0.0865823946	0.1356210797	-0.0614720474	0.1165885216	0.0551927898	-0.0051400141	-0.0097694774	-0.0389947645	-0.0047233773	-0.0140270837	0.022274393	0.1274229889	0.0012098683	-0.0058563088	-0.0351660104	0.0842862616	-0.0137481906	0.0542955775	0.0430535999	0.0361055599	-0.0591134231	0.172919842	-0.0540706866	0.0205134911	-0.0494681118	-0.074403297	-0.049639251	-0.0296393937	0.029278521	0.1045627584	-0.0927350408	0.0519024798	-0.1025296138	0.0071047005	0.0356733536	0.0022393215	0.1015755685	0.0903533669	0.0725589432	0.0494866478	-7.1949192630427206e-06	9.419353162343214e-06	5.176686320170321e-11	8.872421399694509e-11	-0.0101320431824092	0.0004220255038518	1.781055259013657e-07	0.0001026582990502	0.0215505596229661	0.0031505431703066	0.000464426620063	9.92592226796618e-06	-0.0001939999904823	-1.999986050400001e-06	3.999944201794597e-12	3.763599630713249e-08	-1.0669999328527524e-08	1.3906000795316233e-08	1.138488856707778e-16	1.9337685811933568e-16	0.0001100000004154	-0.0001459999933458	1.2100000091388002e-08	2.1315998056973643e-08	0.0	0.0	0.0
4254.888417281733	5.040485172539775	18104075.44351825	25.406490774593323	3800.168805734095	5.210633296890592	27.15069935466492	14441282.952074496	4243.7811956325495	9.925490492420977	98.5153615151392	18009678.83640443	4113.848895833334	3169.826581322791	0.997806	12.455901	0.0368913547479629	0.0187170710812712	-0.0020917479	0.0252427879	-0.0741012747	0.0619221975	-0.0530418092	0.0562008901	0.074762633	-0.0703199212	0.0361450577	0.0078185069	0.0565044257	0.0349833632	-0.1533073526	0.0391477474	0.0593989167	-0.0002781806	-0.0081466277	-0.1551178319	0.0570719857	0.0976012438	0.0264778112	0.0911703158	-0.0544403693	0.0977260133	-0.0213653025	0.0981398647	-0.0457293813	0.0935116114	0.0751162754	0.0062843327	-0.1014411546	-0.0702911613	-0.0332522584	-0.0256636732	0.0114902594	-0.0607572922	-0.0122916058	0.0244471755	0.0799060663	0.0815245605	0.0863696947	0.1771557533	0.0960693446	-0.0838038737	-0.038624085	0.0007794465	-0.1232809232	-0.1133619031	-0.0545913917	-0.0997877717	-0.0103328555	0.0308168926	0.0541566431	0.0456794769	-0.006098266	0.1222251541	-0.0998959962	0.0031735768	-0.01547095	0.0027439694	0.110936757	-0.0006568445	0.1310685715	0.0019326139	0.0837530646	-0.0732447034	0.0514916773	-0.0810450969	0.0535205268	-0.0921545017	0.0825063547	-0.0476463954	-0.0257631381	-0.0633729704	0.0330255812	0.14046806	0.0748772861	-0.0011620964	0.0316192079	-0.1079925787	0.0468390554	0.0950619478	-0.0770912305	0.0843007832	-0.0606639089	0.0342649868	0.0798730522	0.0652587575	0.0629077962	-0.0157739483	0.0132938701	0.040721416	-0.0939020012	-0.0311584517	-0.0448158183	-0.0176924581	0.0205354683	0.0828845898	0.0536295987	-0.1102736795	0.072043553	-0.1021941698	0.0225628856	-0.0509340125	0.0345802058	-0.0565197038	0.0504528002	0.0076058643	-0.0303408948	-0.0716630028	-0.119022257	0.0347217985	-0.0042939825	0.1010684743	0.08840364	0.0684578352	0.0428738067	8.569259919966044e-05	9.288751846270316e-05	7.343221557593644e-09	8.628091086159019e-09	-0.0230704226542712	-0.012938379471862	0.0001674016633579	0.0005322444014467	0.0286601990499804	0.0071096394270143	0.0008214070095844	5.054697278215622e-05	-0.0002050016795196	-1.1001689037299994e-05	1.2103716167344686e-10	4.2025688605856795e-08	-0.0001969977541167	-0.0001969870841173	3.8808115127023787e-08	3.8803911309064385e-08	-1.7020193042407766e-05	-0.0001270201934578	2.8968697120082565e-10	1.6134129546058913e-08	0.0	0.0	0.0
4255.42449017202	0.5360728902869596	18108637.5915558	0.2873741437006146	3818.493944145294	18.32513841119908	335.81069778960386	14580896.001474284	4240.756309815593	-3.024885816956157	9.149934205622518	17984014.07924077	4111.912280680339	3195.859218678807	1.021437	12.750887	0.0465060566314465	0.0246044538299311	-0.0047922548	0.0214042916	0.0536876515	-0.0724070913	-0.006546821	-0.1490548751	-0.0009664351	-0.0416684049	0.0376854714	0.0472933671	-0.0073113362	0.0699358414	-0.055752758	0.0785340557	0.0632261752	0.0860072477	-0.0191303082	0.0698764394	0.0746020085	0.0432624603	-0.0713652586	-0.0376281409	0.0847181703	0.0636946726	0.0240610255	-0.0598599088	0.061213597	0.0398372748	0.0434503061	0.12582434	0.0498787924	-0.0242645001	0.0311890014	-0.0604840441	0.0433098755	-0.1174249672	0.0529961943	0.0807520869	-0.0377256387	0.007226016	0.07276744	0.0894114641	0.1335467686	-0.0468992454	0.0085302956	0.20585865	0.0616380994	-0.0086865657	-0.0068828652	0.0453183524	-0.0521573556	-0.070552593	-0.1384652779	0.0445850633	0.1103615056	-0.0797337686	0.0409673489	0.0385215521	0.0183401791	-0.0801613549	0.1075867504	-0.0303258919	-0.0141891642	0.0107358357	-0.0134238201	0.0794244812	0.0725960769	-0.0135796921	-0.0614204493	-0.0483034815	0.1260397033	0.083079135	-0.157243597	-0.0768489286	0.0130470438	0.0421366761	-0.009954275	0.0145270261	-0.073666676	0.0716652458	0.0504116446	0.1212841777	0.1024339898	0.0875152151	-0.0072462689	-0.0577501269	0.0849996235	0.0358894575	-0.0891942333	0.0039948861	-0.0013373635	0.0263847594	0.0681721749	0.0358883423	0.0703877837	0.0184338289	0.0404690282	-0.0773989081	0.1213773093	-0.1129021439	-0.0612961204	-0.070934955	-0.0292937644	-0.015617423	0.0230316536	-0.0154732419	0.0523760653	-0.0136299286	0.0370407528	-0.0380248828	-0.0356112654	0.0482535116	-0.0466458427	0.1005305936	0.086346207	0.0641690889	0.0360520886	4.949112087615504e-05	-3.62014783235054e-05	2.449371045578189e-09	1.3105470328072312e-09	-0.0025233557215784	0.0205470669326928	0.0004221819595365	6.367324097622448e-06	0.0183378918305123	-0.0103223072194681	0.0003362782767875	0.000106550026333	-8.399890973252681e-05	0.000121002769787	1.4641670296143433e-08	7.055816836253187e-09	-0.0003649997409	-0.0001680019867833	1.3322481085706714e-07	2.8224667563136117e-08	5.98467040646165e-06	2.3004863448869416e-05	3.581627987397785e-11	5.29223742301128e-10	0.0	0.0	0.0
4253.347465673304	-2.077024498716128	18090964.66374952	4.314030768266981	3806.615544414141	-11.878399731152967	141.09638017305488	14490321.902975366	4241.592287435808	0.8359776202150897	0.6988585815004847	17991105.132834934	4113.118899658203	3175.953898488204	1.005483	12.551729	0.0872205516834764	0.0423755430438077	0.0144021331	0.0238792742	-0.0522823889	0.0593152878	-0.0876966193	0.0753419474	-0.0646655611	-0.052891371	-0.0348935372	-0.0374237408	0.0094566164	-0.0133606635	0.0087077592	0.0443792013	0.0630042597	-0.0198268741	0.0317314823	-0.0248683723	0.0024498558	0.0771827821	0.1142023788	-0.0102812	-0.0101948352	-0.035847087	0.0272761486	0.051963861	-0.0328052553	0.0170603827	0.0946055677	-0.0619911031	0.0719654406	-0.1584628073	0.1361347981	-0.0428816797	-0.0508335191	-0.149698463	0.0433354824	0.022277981	-0.0367157388	0.0937268724	-0.0787414199	-0.0283976019	-0.0069942202	-0.06712909	-0.056651097	0.0172021444	0.0670495266	-0.0874535396	-0.1315340439	0.0535350373	-0.0279596719	0.0844398752	0.0389548451	0.0658869803	-0.0073021704	0.0564182814	-0.0079892577	-0.0502597786	0.0594484938	0.0051733776	-0.017854123	0.078182809	0.0285568369	-0.0021465159	-0.0517594233	-0.0182413767	0.0792557437	0.01411785	-0.0632970801	-0.2172577916	-0.0690344871	0.0391471566	-0.055732125	0.0106160373	-0.0046203894	0.0893210018	0.0396043872	0.0262579956	-0.0273763021	-0.038872267	-0.1167457428	-0.024149514	-0.0718909616	0.1240026322	-0.0512850641	0.0031097227	0.091256057	-0.0301619106	-0.0584787443	0.0067272291	0.0561525374	0.0500209294	-0.1091061576	-0.0414069851	-0.0133037573	-0.0236203713	0.0132898905	0.0308851981	0.1243131308	-0.0522446173	0.0583821713	-0.1008358385	0.0236729631	-0.0363585106	0.0394540448	-0.0877300601	0.1067511302	0.0340347163	0.0509195735	-0.057436322	-0.1152855663	-0.0105287427	0.0530211716	0.0999620903	0.0841835744	0.0597044597	0.0290547284	-1.3994099248293423e-05	-6.348522012444846e-05	1.9583481377108654e-10	4.030373174249676e-09	-0.0365968122016084	-0.03407345648003	0.0011610004364964	0.0013393266633197	0.0002043469733337	-0.0181335448571786	4.17576855106439e-08	0.0003288254490873	-0.0003099999931523	-0.0002260010834197	5.107648970691129e-08	9.609999575442607e-08	1.5809999531768426e-08	0.0003650155508995	2.499560851945178e-16	1.3323635239848868e-07	-0.0001019999977971	-0.0001079846682035	1.0403999550608404e-08	1.1660688567033297e-08	0.0	0.0	0.0
4248.706758936456	-4.640706736848188	18051509.123432323	21.536159017428155	3800.2667764002585	-6.3487680138823634	40.30685529409581	14442027.571811613	4233.10594301197	-8.48634442383809	72.01804168000785	17919185.924763262	4103.742879720052	3177.222573227428	1.00553	12.552321	0.06434664914021	0.0360718644042463	0.00472596	-0.0127223706	0.1143580903	-0.0107124843	-0.0285784047	0.0093550115	-0.0558759403	0.0343654942	-0.0186354124	0.0405179923	0.0144113148	0.0414879904	-0.0836634398	-0.0441893154	-0.012847386	-0.0012211118	-0.1171430611	0.0719621236	-0.0205477853	0.0418176784	-0.123995192	0.0249656346	-0.0525918926	0.1231213778	-0.0237835233	0.0011355583	-0.095826119	-0.0902692128	-0.100530791	0.0400725	-0.1014224527	0.0094296868	-0.0378687763	-0.0083820699	-0.0072162427	0.1364440102	0.10903953	0.0462472046	-0.1120202474	0.1114151166	-0.0323334117	0.050635359	-0.0858862891	-0.2231118679	0.0030552342	0.0949578073	0.0374489846	0.0190669927	-0.0140765174	-0.0501307821	-0.0075965612	0.0131030953	0.1130204912	-0.0042640265	0.0046580407	-0.1064541211	-0.0109214214	-0.0597543188	0.0276156383	-0.0286301984	0.1111286382	-0.1050242944	0.0480812261	-0.0335154278	0.0775929631	-0.0303683971	-0.0167393109	0.080325167	0.053675197	0.1084707291	0.0489016961	-0.0285481852	0.033474337	-0.0419582904	0.0223758404	0.0184032282	-0.1957873249	-0.0622341389	0.0072451221	-0.0710058482	0.009191172	-0.1406282009	-0.0234928099	-0.0128218714	-0.0244113656	-0.0789052206	-0.0802113105	0.2178485464	-0.058599727	0.0182960671	-0.027486895	-0.0024544643	0.1098364154	-0.0104305198	0.0259643286	-0.0065011118	0.070327494	-0.0387029956	0.1111467306	-0.0984228504	0.0146233312	-0.1197618315	-0.0626599329	-0.0407747057	-0.0519893748	0.0062226578	0.0339670825	-0.0381417822	0.0114996446	-0.0845079064	0.0008271001	0.059687593	-0.0143572865	0.0993631376	0.0819183771	0.0550761846	0.0219158165	-0.0052839204632277	-0.0052699263639794	2.7919815461716437e-05	2.777212388176521e-05	-0.002626057383452	0.0339707548181564	0.0011540121829152	6.8961773811827644e-06	-0.002051883944361	-0.0022562309176947	4.210227721126455e-06	5.090577953961468e-06	-0.0001260047385321	0.0001839952546202	3.3854253722752234e-08	1.587719413254289e-08	-0.0002149972247031	-0.0002150130347026	4.6223806630035264e-08	4.6230605092035134e-08	-4.4013546312341936e-05	5.7986451484758064e-05	1.937192258988668e-09	3.3624285557942003e-09	0.0	0.0	0.0
4250.830190935323	2.1234319988670904	18069557.312167235	4.508963453812688	3796.1863622171472	-4.080414183111316	16.649779905735986	14411030.896683458	4237.184127166492	4.078184154521296	16.631585998188573	17953729.327511664	4108.395993652343	3162.2830516006666	1.00756	12.577656	0.0302037468707421	0.0158926896464588	0.0242734036	-0.0053099851	-0.0782036451	0.0804143022	-0.0454768529	0.0855512022	0.0684477418	-0.0137428776	-0.0064623201	-0.0280512088	0.0075357322	0.0407338341	-0.0442039303	0.1230235387	0.0084957624	-0.0660248747	0.0442750471	-0.0839912241	0.0585822275	0.0656754438	0.0860066082	0.0226712315	0.0306201404	0.0382384737	-0.0122635296	0.0879785985	-0.0666453623	-0.0417351277	0.0798354622	-0.0627780716	-0.0915316723	-0.1347187993	0.0252658266	-0.012199478	0.0424057351	0.092988697	-0.1187955187	0.0298790286	0.1490554804	0.0158534986	-0.0168295944	-0.0064298934	-0.0593902677	0.0487448038	0.0552803914	0.0220951118	-0.0754550076	0.0578019487	-0.0580710536	0.0074864486	0.0851557172	-0.1045972167	0.0255709947	0.0108285064	-0.0741934123	0.0953635326	-0.0264529807	0.0295370749	0.0303349249	-0.012434079	0.0768257521	0.0389352764	0.00314977	-0.0187608497	0.058794602	-0.0770927184	0.0129154172	-0.0156686482	0.0733367199	-0.1082289909	-0.0217220635	0.1155424312	0.0746298836	-0.0553057007	-0.0372583931	0.0801228677	0.047317243	-0.0591573274	-0.0097574155	0.0086033785	0.0078678999	0.0279687994	-0.0806200087	-0.0707579459	-0.0153792989	0.0189011856	-0.100387945	-0.0633317416	0.0244332722	0.0260346006	0.0611582564	-0.0196914292	-0.0871341631	-0.0600314337	-0.0190976322	-0.0602766269	0.0368437627	-0.0275540409	0.1133080201	-0.0999189453	-0.0307612524	-0.0082759307	0.0271466852	-0.0708875561	0.0260309132	-0.0292933228	0.031502553	-0.0122210605	0.0315542475	0.0108881515	-0.0053236988	-0.0284505177	-0.1031892767	0.098733918	0.0795533748	0.0502969496	0.0146701329	3.4427831124617114e-05	0.0053183482943523	1.185275555945155e-09	2.8284828580040204e-05	-0.0024939381872286	0.0001321191962233	1.7455482010717254e-08	6.219727681717076e-06	0.0013007319576701	0.003352615902031	1.6919036257042907e-06	1.1240033386551804e-05	-6.299524353013962e-05	6.30094950019604e-05	3.9701964604020716e-09	3.9684007074215975e-09	-5.800516557119551e-05	0.0001569920591319	3.3645992329418044e-09	2.4646506630475392e-08	0.0001639981691165	0.0002080117154288	2.689539947356413e-08	4.326887375564951e-08	0.0	0.0	0.0
4258.769906972937	7.939716037613834	18137121.12053828	63.039090757942326	3811.078037459537	14.891675242389738	221.76199152480345	14524315.807606436	4232.728653082327	-4.455474084164962	19.851249314665605	17915991.85062413	4105.579990397136	3202.636814991068	1.05475	13.166745	0.0272876764728715	0.0191750010461411	0.0432202244	0.0382235467	0.0023815922	-0.0833132137	0.0282219299	-0.0871669198	0.0512564621	-0.0180902308	-0.0265296717	0.1326987203	-0.0161893891	-0.0253460446	-0.0082592844	-0.0250580471	-0.0182414567	-0.0160256099	0.0275302978	0.0087740403	0.0800611334	-0.1740720259	0.0513769815	0.0267331646	-0.0410942415	0.0759669467	0.0214171126	0.0648785439	0.0667037129	-0.0455377443	-0.165264801	-0.0042864235	-0.0623505612	-0.0516335045	0.1026327472	-0.2270089653	0.0928194429	-0.0781701392	0.0525779343	0.0832005665	0.0363632152	0.0456325851	0.0434733132	-0.0558611077	0.0680591669	0.1092986571	0.0757018471	0.0289506887	0.0801652723	-0.1144208079	0.142689773	-0.0089574976	0.0219312089	0.0659611607	0.0765057836	-0.009083714	-1.24616e-05	-0.0391425804	0.0224564321	0.0989965904	-0.0737573542	-0.0127965555	-0.0808330161	0.0383539495	0.0742879238	-0.0851123265	0.1199680153	0.0567194852	0.1433813679	0.0959867213	0.0753649226	0.0542941378	-0.0240784514	0.1489844921	-0.0793052103	-0.0906105517	-0.0753310169	0.0193574563	0.0537216158	0.1006733288	0.009701478	0.1034377431	0.1530883541	0.0184962568	-0.1359690609	0.0237222167	0.1172768284	-0.0311552876	0.0378432061	-0.037642693	-0.0571340142	0.0320449227	-0.0189201384	0.0853128367	0.0851914953	0.0423022969	0.0253087121	-0.0673724263	0.0563995357	-0.0118491161	-0.0505791356	-0.1210503353	0.007539388	-0.0544838072	0.0580855883	-0.0483121599	0.0813171502	-0.0575473019	0.0332875024	0.0032897556	0.0347713901	0.0874545334	-0.037058064	-0.0356484635	0.0220310359	0.098074623	0.0770914491	0.0453798541	0.007352978	1.3080765768336278e-05	-2.134706535628084e-05	1.7110643308607814e-10	4.556971993253255e-10	-0.0025469527760719	-5.3014588843300174e-05	2.810546630224167e-09	6.48696844354036e-06	-0.0124130055182263	-0.0137137374758964	0.0001540827059955	0.0001880665955578	0.0001810068824458	0.0002440021259759	5.9537037480778304e-08	3.276349149274766e-08	-8.398515713636812e-05	-2.5979991565172604e-05	7.0535066192204445e-09	6.749599617264395e-10	0.0001640075984309	9.429314400008451e-09	2.689849234307135e-08	8.89119700542067e-17	0.0	0.0	0.0
4252.5323514821575	-6.237555490779414	18084031.400402367	38.907098500552415	3807.186229204277	-3.891808255260002	15.146171495709906	14494666.983842682	4241.168819252962	8.440166170635166	71.23640498793428	17987512.953403562	4112.068686279297	3197.772906090423	1.061476	13.250706	0.0333928280724788	0.0220896544477119	0.0453096559	0.0571561279	0.0002759479	0.0451903127	-0.0289725427	-0.0099352658	-0.1030216675	-0.0075557539	-0.0526546261	-0.0282088097	-0.0730178914	0.0310369932	0.0455192184	0.108147187	0.061593938	-0.0431051038	-0.0762718408	0.0186655473	-0.0266189078	0.0231066619	0.0474504921	-0.1025091184	-0.0964803788	0.0633302629	-0.0202290335	-0.0895492647	-0.0445741909	-0.2315335739	-0.0254158807	-0.0993934994	0.0468795631	-0.0394009195	0.004539339	-0.0566618076	0.0619462017	0.0718369653	-0.003529941	0.1254257319	-0.0366739319	-0.0466290162	-0.0120363841	0.0220607995	-0.0877366604	-0.0224406514	-0.1126076032	0.1120583166	-0.1530212516	-0.0568982824	0.0988668163	-0.0890626822	-0.0216837463	0.0101353835	0.0373511356	0.0702064922	-0.0158397102	-0.0347521171	0.0065720112	-0.0825216495	0.0076109675	-0.1427439962	-0.0756594966	0.0712847627	0.0070709095	0.0119101868	0.0930760673	0.0170576962	-0.1129706385	0.1956558197	0.0268302059	-0.0256294708	-0.023035228	0.0574076045	0.0988959109	-0.1383787304	-0.034932952	-0.018502926	-0.0360572668	-0.108174723	-0.021977765	0.0140381917	-0.1679499622	-0.0069921704	0.0263670848	0.1049324291	0.0602107666	-0.0215301353	-0.1221240869	0.0477084225	0.0103497918	0.0405574483	0.0866952049	-0.0221182396	-0.0170885223	-0.1186193462	-0.007828544	0.0142127954	0.0264907491	-0.1271514103	0.0466644319	-0.0021529723	-0.0560726851	-0.0816897743	0.1621806716	-0.047801127	0.0255274723	-0.0936885585	0.0507282292	-0.020964983	0.0459498845	0.0629701069	0.0906661459	0.0025835604	0.0043292853	0.0973854535	0.0745355992	0.0403383756	0.0	8.342699189256564e-06	-4.738066579079714e-06	6.960062976242212e-11	2.2449274907792144e-11	-0.0025554788242914	-8.526048219499593e-06	7.26934982412322e-11	6.530472021401755e-06	0.0014170930142256	0.0138300985324519	2.0081526109669965e-06	0.0001912716254173	-0.000125999998333	-0.0003070068807788	9.425322484552833e-08	1.5875999579916e-08	-1.0331999700241568e-08	8.397482513666787e-05	1.0675021780579183e-16	7.0517712567339474e-09	0.0001639999958418	-7.602589099985155e-09	2.6895998636110425e-08	5.779936102321309e-17	0.0	0.0	0.0
4238.402104550073	-14.130246932084448	17964052.39985449	199.66387836168192	3792.022710670988	-15.16351853328888	229.93229430939533	14379436.238244548	4233.333414371608	-7.835404881353497	61.393569654738215	17921111.79723518	4104.580959309896	3151.3275873176067	1.109915	13.855393	0.0256500928624666	0.017957964976461	0.0316946109	-0.053164598	0.011249462	-0.1108781023	-0.0095955369	-0.1117894455	-0.0134136474	0.0839771915	-0.0601595422	-0.0206421239	0.0947725684	0.065721716	-0.0249981631	0.0089419631	-0.009443497	-0.052424566	0.0038901388	0.1177253514	-0.0503179751	0.0015526878	0.0502402858	0.1329692367	-0.0888909595	-0.0199046848	0.0007860376	-0.1543843845	-0.1381866918	-0.0718098801	0.0211100174	0.0202218123	0.0258266446	-0.057421087	0.0356771894	-0.077684839	0.0174291833	0.1251172055	0.0818333833	-0.0227488557	0.1575220123	0.0450141721	-0.0247662399	-0.0887685018	-0.0632219997	0.0757756892	-0.1103499593	-0.0796517949	-0.0175733029	0.0284502952	-0.0005272105	0.0745097493	-0.1028515301	-0.1454430825	-0.0371769465	0.0073305852	-0.0245530442	-0.1338617991	0.0462638149	0.0499744199	0.0465044725	0.0751402156	0.0014079426	0.1231045636	0.125460798	0.0590048668	-0.0801646571	-0.0582885976	-0.0889190263	0.153316838	0.0313404737	-0.0145541207	-0.0023224166	0.1526219177	0.0403425191	-0.0342601588	0.0082123524	-0.0424534467	0.1268265984	-0.1216800109	-0.0504194898	0.0477215102	-0.0326279178	-0.1002939576	-0.0044783184	-0.0126004025	-0.0209511238	-0.0560129255	-0.0100668735	-0.0700980221	0.115891824	0.0350306128	-0.0180902056	0.038412854	0.0787037193	0.040445857	0.0388812418	-0.1193725271	0.0235747045	0.0138359614	-0.0034143074	-0.0067239773	-0.0468766769	-0.0722999245	0.1071234265	-0.0452491323	0.056388789	-0.1630087402	0.0371537846	0.0484026103	-0.0034463026	0.0068621827	-0.0634596786	-0.0105936896	0.0396623878	0.0966666195	0.0718889393	0.0351863325	-0.007352978	-1.7207761075610506e-05	-2.555046026486707e-05	2.9610704123529604e-10	6.52826019746551e-10	-0.0145751648326495	-0.0120196860083581	0.0001444728517395	0.0002124354298989	0.0014130932005684	-3.999813657199966e-06	1.9968323934926443e-06	1.5998509292323368e-11	-0.0001259999983329	9.999054535747563e-17	9.998109160885396e-33	1.5875999579890802e-08	6.8040000300584325e-09	1.71359997303e-08	4.629441640903515e-17	2.9364248675684167e-16	-0.0001079999997621	-0.0002719999956039	1.1663999948613601e-08	7.398399760852165e-08	0.0	0.0	0.0
4241.540972296385	3.138867746311917	17990669.819668964	9.85249072883725	3794.164763066873	2.142052395885002	4.58838846671668	14395686.2492983	4231.3119646458845	-2.021449725723869	4.086258993629105	17904000.942155413	4102.293743408203	3132.827975646191	1.04683	13.067878	0.0577407616334579	0.0266553401594539	0.0351643543	-0.063459564	0.0356700336	0.0795826992	0.0192294186	0.0307062468	-0.0547975048	0.0557459202	-0.0228596485	-0.0023669355	-0.0575797418	0.0272679322	0.0732394156	0.0548659391	-0.0286873793	-0.0288454039	-0.0129997626	0.0808506679	-0.0478092652	0.0172418245	0.0661524542	-0.0799976684	-0.0020478963	-0.0018115914	0.0093066641	-0.0501111511	0.0296985946	-0.0771380257	0.0031824415	-0.0322402587	-0.0157896347	0.1778567459	-0.0155289574	0.0306531089	0.081496082	0.007391251	0.0636787068	0.1524097625	0.0241441713	-0.0727417717	0.0130232311	0.0132659792	-0.1335432369	-0.0671242558	-0.0913704432	0.0418565736	-0.0523529356	0.0012628783	-0.1458272977	0.082950004	0.0379130546	0.1324852577	0.0296734871	-0.0197684848	-0.0442779683	-0.0196347166	0.0393506107	-0.0652097998	0.097265904	-0.0476081802	-0.0848468715	-0.0139157858	-0.0643408341	-0.0353388529	0.0235743227	0.0071959002	-0.0935312821	0.037136546	0.0639283475	0.0975634286	-0.004614783	0.0192504851	-0.0384274325	-0.0994656509	0.0698544275	-0.0881005576	-0.0081662383	-0.0980352901	-0.0405171068	0.0561764065	-0.0563767673	0.0569712628	-0.0627512557	0.1521071707	-0.0517790614	-0.1128557191	-0.0538686407	0.0811905845	-0.1166245705	0.0563955181	0.0175270586	-0.1114978675	0.0466949689	-0.0829533324	-0.0246888148	-0.0373500658	0.0704798074	-0.1290448813	-0.0231176111	0.0475433368	-0.0002575241	-0.0786961803	-0.0870837528	-0.0507032436	0.1138960772	-0.0959050061	0.0491949471	0.0200214251	-0.0818565642	-0.0239488433	-0.0797755165	-0.0069764396	0.0723906574	0.09591834	0.0691546937	0.029937846	-0.0146701329	-0.0165528995671735	-0.0165356918060978	0.0002739984840809	0.0002734291035062	-0.0025739950859531	0.0120011697466964	0.000144028075289	6.625450702510707e-06	0.0013609531936396	-5.214000692879998e-05	1.8521935952778268e-06	2.7185803225353103e-09	-4.4955291067173015e-05	8.104470726572699e-05	6.568244575787381e-09	2.020978194934246e-09	0.0003650054961532	0.0003649986921531	1.332290122220437e-07	1.3322404527352457e-07	-0.0002449918018179	-0.0001369918020558	6.002098295798119e-08	1.8766753830495492e-08	0.0	0.0	0.0
4245.577950105439	4.036977809054406	18024932.130421504	16.297189830797713	3816.045905246203	21.8811421793298	478.78438307204567	14562206.350946313	4233.088129180709	1.776164534824602	3.1547604547686947	17919035.109410636	4105.983706217448	3174.156287853952	1.024164	12.784927	0.0354804044796258	0.0246544896499937	0.0413518348	-0.0155951347	-0.0622643925	-0.1043576607	0.0275517066	-0.0320336128	0.0500909682	-0.0618799471	-0.1053356377	0.0320205311	-0.0394388786	-0.0154077855	0.0503351088	-0.0894486147	-0.0085941778	-0.0257181343	0.0421277412	0.0677098391	0.0418859564	-0.0286595226	0.0191618555	0.0667842901	-0.0544398009	-0.003276464	-0.0489167098	0.1616660884	-0.1269828231	0.0355587468	-0.064535161	0.0580866329	0.027127686	-0.0684983419	0.0170438464	-0.0259340812	-0.0044988951	-0.1014139007	0.0276657852	-0.0882690553	-0.0575908705	0.051094441	0.0836400678	0.0863647284	-0.0395481727	0.0290217413	0.0047113238	-0.0950858766	0.084670062	0.0610514892	0.0363198247	-0.0542927791	-0.1066987827	-0.0067882674	-0.0497374022	0.0079563616	-0.0375326179	-0.025325221	-0.0041560332	0.1294583296	0.0397762337	0.0429794694	-0.0695299168	-0.0541401359	0.0608159962	-0.0398473091	0.0411298849	-0.1299526478	0.0555784552	0.043719631	-0.060686946	0.0195591493	0.0388024182	-0.0060841251	0.028533738	0.0878569274	-0.033685486	0.0598639896	0.0373908799	0.0759204052	0.1199927797	0.0233258573	0.0261904214	-0.0786144995	0.0057762735	-0.0266597182	0.0322675524	-0.0685087564	0.0911247028	-0.0604441451	0.0317295326	0.0474363795	-0.0217456024	0.0627909331	0.0141168436	0.0650607363	0.016879322	-0.0956224709	0.0696962085	-0.0430314206	-0.0805121585	-0.0134522118	0.030278794	-0.0955582069	0.0184684291	-0.0376162712	0.1223069656	-0.065688487	0.0678709901	-0.0058614717	-0.0073535424	-0.0075586076	-0.0120618048	-0.0779505939	0.050667841	0.0951408427	0.0663361938	0.024607302	-0.0219158165	-0.0166701982898018	-0.0001172987226283	0.0002778955110213	1.37589903302315e-08	-0.0025638178802722	1.0177205680899932e-05	1.0357551547134183e-10	6.573162123203438e-06	-0.0188436735009105	-0.02020462669455	0.0003550840310089	0.0004082269398661	1.34399992568658e-08	4.496873106642988e-05	2.022186773724896e-09	1.8063358002455328e-16	0.0001120000010679	-0.0002530054950853	1.2544000239209602e-08	6.401178054335778e-08	-0.0002399999908343	4.9918109836000245e-06	5.7599995600464086e-08	2.4918176895989845e-11	0.0	0.0	0.0
4243.543996325038	-2.0339537804011343	18007665.648746278	4.136967980808065	3794.951587449032	-21.09431779717079	444.97024332803625	14401657.55108193	4233.402265333217	0.3141361525076718	0.0986815223123232	17921694.740128413	4104.7400303548175	3156.8140637762685	1.01736	12.699994	0.0484570076537329	0.0248811515003904	0.0370528708	-0.0059122636	0.0724197707	0.0546167732	0.0626477186	-0.0042189607	-0.0830380369	0.0536359169	-0.0307099605	0.026173655	-0.0571348479	0.0378681992	0.0841035706	0.0111422464	-0.0034194066	-0.047423238	0.088649072	0.0799491284	-0.054005917	0.0321521316	-0.0365374316	-0.118359608	0.1015960761	0.010605794	-0.0026468902	0.0896242169	-0.0413954651	0.0143410299	0.0604019345	0.0769486353	0.0153805645	-0.107948049	-0.0566417842	-0.073188412	-0.0180944528	0.0025238603	-0.1941534065	0.0158053879	-0.0293434778	-0.0896594497	0.0505057754	-0.1242295501	0.0777286892	-0.063505368	-0.0668382406	-0.0603406617	-0.03243087	0.0140349348	0.0191482306	0.061300361	0.02849719	0.0488116177	0.0636062313	0.0068894559	-0.0440633311	-0.0191839335	0.1235750262	-0.0385090774	0.0326963458	-0.0420199377	-0.0392152186	-0.0806825463	-0.1283978984	-0.041964924	-0.0093029165	-0.0819676224	0.0315821737	-0.0590189902	0.0117420997	-0.0459616497	0.0456586165	0.058835945	0.0581930979	-0.0566839025	-0.0455461969	0.0745041659	0.0492231873	0.108490065	-0.0971447121	0.0487952218	-0.1046500229	0.0164314512	0.1140428552	-0.0341749487	0.074079891	0.1221379184	0.0743748644	0.0047927637	0.0636791125	0.0480361055	0.01866763	-0.0687626328	0.060396441	-0.0914014209	-0.0068717487	-0.0019217674	0.0653253904	-0.08264144	-0.003624791	0.1115711529	0.0223947075	0.0128315596	-0.0509110684	-0.042626017	0.1562764753	-0.0616558464	0.0617030613	0.06634384	-0.0963036395	-0.0255119491	-0.0502883638	-0.0803620428	0.1410615718	0.0943343646	0.0634368734	0.019209311	-0.0290547284	-0.0166298330390759	4.036525072590239e-05	0.0002765513469075	1.6293534661649631e-09	-0.0145270482790778	-0.0119632303988056	0.0001431188815749	0.0002110351317026	0.0014100931274754	0.0202537666283859	1.9883626281533547e-06	0.0004102150626371	-0.0001259999983327	-0.0001260134383319	1.587938664024189e-08	1.58759995798404e-08	2.0537999745329216e-08	-0.0001119794630681	4.2180943353914295e-16	1.2539400149032217e-08	-0.0003259999969505	-8.600000611620002e-05	1.0627599801172603e-07	7.396001051986442e-09	0.0	0.0	0.0
4248.443275614965	4.899279289927108	18049270.266118016	24.002937560708663	3792.6753321187903	-2.2762553302418382	5.18133832845438	14384386.174862375	4234.158793986345	0.7565286531280435	0.5723356030037315	17928100.692691896	4104.234903483073	3157.266901225149	1.038192	12.960051	0.04519064381872	0.0232605792959122	0.0511281226	0.0179023209	-0.097657107	0.0431455107	0.0246188121	0.0456496953	0.0736017477	-0.0401887537	-0.0113987268	0.0155966637	0.0218297835	0.0709509973	0.0952391115	-0.0906359864	-0.0068860017	-0.0094545	0.0576094033	0.0482466544	0.114764993	0.0400971283	0.0426377294	0.0536132564	-0.0142269148	-0.0987016107	0.0270558829	-0.0429515776	0.0241622688	0.0427803705	-0.082563989	0.0848995226	-0.0684264402	0.0411790038	0.031472397	0.0306321199	0.0939930777	-0.0414356804	0.0933885599	0.0567257023	-0.0390403812	-0.0689315826	0.1397592187	0.0149800888	-0.0674548665	-0.0540077548	-0.0416017516	-0.0799414442	-0.0699632235	-0.0357489859	0.0692962572	-0.0297058413	-0.0729076641	-0.0578089928	0.0682493263	-0.0136758545	-0.0424900125	0.053582807	-0.0109653409	0.0860113145	0.1041227067	-0.0047441112	-0.0323188836	-0.0156378581	0.065249311	0.0036543454	-0.136207484	0.0807282683	-0.0296208359	0.0018232912	-0.0168612931	0.0751327483	0.0494006632	0.0106360108	-0.0778851065	0.0909906357	0.0430630234	0.0003387143	-0.0727112802	-0.0451483518	0.0347249926	0.0896625667	-0.04647032	0.0252061185	-0.058304253	0.0344523902	-0.0119331237	0.0345996926	0.0997650338	0.0756435313	0.0783464934	0.0527672297	-0.0010901477	0.0668984064	-0.0609839847	-0.0074450151	-0.0273636514	-0.0904119858	0.1134476984	0.079472779	-0.0873234098	0.0417534463	0.0811340128	-0.0745778511	-0.0499730206	-0.0262886306	0.0943671958	0.0248907966	0.0654929267	0.0557618065	-0.0623417263	-0.0254292278	0.025639697	0.0294968116	0.043005535	0.0934991514	0.060460265	0.0137586687	-0.0360520886	-0.0135605759294037	0.0030692571096721	0.0001838892195371	9.42033920527334e-06	-0.0202549487556353	-0.0057279004765574	3.280884386934763e-05	0.0004102629490934	-0.0162844862455102	-0.0176945793729856	0.0002651844922802	0.0003130981391868	6.100712577339432e-05	0.000187007124106	3.497166446643216e-08	3.7218693951307524e-09	6.89936537825453e-05	6.897311578279997e-05	4.760124262265727e-09	4.7572907007875306e-09	-0.0002080020996493	0.0001179978973012	4.326487345851733e-08	1.3923503767504544e-08	0.0	0.0	0.0
4254.55637387485	6.113098259884282	18101249.93847911	37.36997033500024	3788.734788871856	-3.94054324693434	15.527881080959828	14354511.300407866	4242.026252411772	7.867458425426776	61.89690207581876	17994786.726150658	4111.000258463541	3188.416027367539	0.994556	12.415334	0.045567959182762	0.0233530442736662	0.0584206136	0.0259308868	-0.0361175394	-0.0908136022	-0.0002003081	-0.0862998345	0.0518048823	0.0870351418	-0.0133971308	0.1525266043	-0.0025591285	0.070313315	0.1263697469	-0.0498343445	0.0722371785	-0.0185962938	-0.0035088441	0.0391009479	0.096593178	0.0472022935	-0.1349556574	0.0281907736	-0.0198439354	-0.1304713575	-0.0685429837	0.0393297138	-0.0363626242	0.0269765992	-0.0256969052	0.0706627684	0.0985012075	-0.0197012693	0.1423550279	-0.0343228204	0.0287600158	0.0876748376	-0.0642753339	0.0102936394	-0.1394572856	-0.2007200946	0.0070189444	-0.0085189245	-0.0124267412	0.1931393705	-0.0571133002	0.0479608159	0.013832121	-0.0745377609	0.0369195942	-0.0486260796	0.0659207773	-0.1501517622	0.0836392528	0.054640134	0.0143096635	-0.0511910215	0.0724826624	0.0836634546	-0.0488004608	-0.1501750875	0.0681240369	-0.0747787257	0.0708337648	0.1067728121	-0.0864920278	-0.0617231592	0.0752333158	0.015885232	-0.0279642584	-0.0511170891	-0.0052552626	0.1086770143	0.10691187	0.1198903948	0.0048287661	-0.1698570537	-0.053692699	-0.010845562	0.0985069262	0.0546351621	-0.0981832498	0.1702850545	-0.0086063318	-0.0098094807	0.1493195225	0.0547886096	-0.0454588507	-0.0356087097	-0.0009804011	0.0592965324	0.0060835115	0.0809661241	0.0434164776	0.0038096255	0.0720084091	-0.0321478077	0.0756545413	-0.0313289962	0.0246005039	0.0187528418	-0.1049307021	-0.0276129771	-0.0297521255	0.0174249401	0.2127456397	-0.0167109077	0.0560498295	-0.0690757737	0.0061127079	0.0528222633	-0.0483085164	-0.0530693282	0.0783771363	0.0926354574	0.0574099951	0.0082703149	-0.0428738067	-0.0165863690008478	-0.0030257930714441	0.0002751076366322	9.155423711199129e-06	-0.0299273537965518	-0.0096724050409165	9.355541927554696e-05	0.0008956465052639	0.0027347141036528	0.019019200349163	7.478661228717537e-06	0.0003617299819216	0.0001809999938148	0.0001199928680414	1.4398288380802197e-08	3.2760997760957645e-08	-2.6787999818367325e-08	-6.902044178236366e-05	7.175969342688478e-16	4.763821383832651e-09	-0.0002960000042503	-8.799790460100001e-05	8.761600251617763e-08	7.7436312141667e-09	0.0	0.0	0.0
4265.344362753767	10.787988878917533	18193162.53287534	116.38070405164832	3800.882391333105	12.14760246124888	147.56424555653984	14446706.952746062	4242.863746849652	0.8374944378801956	0.7013969334802649	18001892.774331067	4111.770372070312	3214.8576978789283	1.115364	13.923408	0.0126829320577637	0.007784383802215	0.0863013646	0.1012783277	0.1087170609	0.0469751665	0.0013098312	0.09215901	-0.0957662617	0.0096025974	-0.0171568003	0.0500693324	-0.0416515306	-0.0639845036	0.0537440714	-0.0944525411	0.0749019767	-0.0556188812	-0.0271494037	-0.000324961	-0.0542259832	0.0374042303	0.0037571197	0.0182510211	-0.1436114371	-0.0745582679	0.0702461281	0.0331466088	0.0089909134	-0.1518575826	-0.0228683603	0.0091529855	-0.0521415583	-0.0442999161	0.0160442463	-0.1234281572	-0.0315799504	-0.0721268835	-0.0418219351	-0.0101486603	-0.1139527374	0.0480007048	-0.0111901598	-0.0642953063	-0.0840749259	0.0897252934	0.061190976	-0.0664650194	0.0378211933	-0.0182086788	0.0502694055	-0.0239128638	-0.0111435076	0.0365573366	-0.1924706536	0.0738600804	-0.0364919582	0.0159695157	0.0274590281	-0.1037669857	-0.0168817309	-0.0379894051	-0.0534829055	-0.0732217416	0.1520362506	-0.0274640626	-0.0302391949	0.0002114957	-0.0693627855	0.0693858317	0.064110151	-0.0364139306	0.0244338856	0.0261586586	0.027932083	-0.0390850791	-0.0536077357	0.0313872548	0.0125333031	0.1298203806	0.0841647032	0.0372096811	-0.0217684694	-0.1969430926	-0.0241761374	-0.0464013689	0.0758981661	-0.0751171917	0.0348978279	-0.0861607653	-0.0644718088	0.0607158723	0.0144943797	0.0397693091	0.1083452328	-0.1217770102	-0.0120641359	0.0350301965	0.042572458	0.0572258262	-0.0613788879	0.0330668011	0.1021634757	-0.0686286152	0.0605162618	-0.0383088071	0.1017593002	0.0307578341	0.0344193749	-0.0481408206	-0.0301151189	0.0836010838	-0.0771961876	-0.0919153797	0.0397630359	0.0917435458	0.0542897799	0.0027592926	-0.0494866478	-0.0166830223604677	-9.665335961989846e-05	0.0002783232350798	9.341871925813416e-09	-0.0298445343496922	8.281944685959927e-05	6.859060778129987e-09	0.0008906962305499	0.0027387401391791	4.026035526300074e-06	7.500697549950756e-06	1.620896205903031e-11	0.0002980093900927	0.0001170093962779	1.369119881731864e-08	8.880959658342306e-08	7.796408813454114e-05	7.799087613435951e-05	6.078399038650499e-09	6.082576760205008e-09	-0.0002410116123474	5.4988391902900034e-05	5.8086597286293414e-08	3.023723244066922e-09	0.0	0.0	0.0
4256.139107095084	-9.2052556586832	18114720.09894414	84.73673174171907	3809.800868547295	8.918477214190261	79.53923582003088	14514582.657983724	4244.068577072756	1.2048302231041816	1.451615866505272	18012118.086896367	4115.758114176432	3194.4500912141325	1.120413	13.986433	0.0801053938231863	0.0393561598547061	0.0868443072	0.0600317877	-0.0872400349	0.0037091572	-0.0343675544	0.0187477963	0.0200334925	-0.1036598608	-0.0826366153	-0.0418548243	0.0222369392	-0.0082778604	0.0206761757	0.0715652464	0.0860080036	-0.0771415967	-0.11011087	0.0443532392	0.0402304297	0.0663339953	0.1025625873	0.0386195764	0.0276328135	-0.0880564534	0.0980659287	-0.0399610032	0.0085758298	-0.1073991099	0.0668555544	-0.0574054498	0.0767678313	0.0442086021	-0.029766698	-0.0349411525	-0.0513302918	0.0159870493	0.0561569155	-0.1635821076	-0.0251158501	-0.0583854905	0.0700943068	-0.010983183	-0.0577431587	-0.018754977	-0.0015062069	-0.0799158668	-0.0334469042	-0.0890860396	0.0357562886	-0.0515104982	-0.0484182984	0.0725821003	0.1709229092	0.1088214162	-0.0532775864	-0.0202029585	-0.082588729	-0.0051669047	0.0924132996	-0.0513535728	0.0323659485	0.0657843474	-0.0152110507	-0.0261067494	-0.0938391352	0.0783282526	-0.0631934442	0.0689489814	0.0115102063	-0.0776089986	-0.0289981566	-0.0504047133	0.0913950834	0.0716625419	-0.0674321684	-0.1226903907	0.0781595933	0.0241998003	0.116294805	0.0740203412	-0.00689057	-0.0872984811	-0.0144771103	-0.0368722087	-0.0268959599	-0.0082506337	0.0500205101	0.0611133901	0.0283716697	0.0724006829	0.0597547129	0.0930516419	-0.0943092696	-0.0356554565	0.0118615612	-0.0130751005	0.0502665789	-0.0410827619	0.0413508198	0.0768733285	0.0260133212	0.0198398873	0.0102552974	-0.0557602085	-0.0373976173	0.0095376814	-0.0396873522	0.0393824761	-0.0782537943	0.007646169	0.0467998615	0.0775827897	0.0189633706	0.0908236882	0.0511034211	-0.0027592926	-0.055858395	-0.0111556973538995	0.0055273250065681	0.0001244495834518	3.055132172823414e-05	-0.0003029439219233	0.0295415904277689	0.000872705565002	9.177501983027049e-08	-0.0137010102379662	-0.0164397503771453	0.0001877176815408	0.0002702653924628	0.0003869999880017	8.899059790899998e-05	7.919326516201311e-09	1.4976899071331594e-07	3.1733998762106814e-08	-7.793235413577904e-05	1.0070466774333967e-15	6.073451821144476e-09	0.0001639999958419	0.0004050116081892	2.6895998636143218e-08	1.6403440276808305e-07	0.0	0.0	0.0
4252.479803271462	-3.6593038236223943	18083584.47723169	13.390504473577478	3806.05874937749	-3.742119169804937	14.00345588102159	14486083.203712944	4238.670977880084	-5.397599192671805	29.134077044731324	17966331.658722907	4110.4045065104165	3186.964034274496	1.049675	13.103392	0.0323942487399351	0.0206646686917915	0.0710989705	0.0344356092	0.0144588783	-0.1071362445	0.098520635	-0.0704207342	-0.0480610661	0.0244613373	-0.0364553019	0.0791108625	0.0297570378	0.0671958368	0.0566272857	0.0648161643	0.030725359	-0.0412171673	0.0127046434	0.1150138686	-0.0371704054	-0.0363437159	0.0392540575	0.1166675394	-0.1296662587	-0.0929645777	0.0353668249	-0.0443447623	-0.0449872937	0.1251973781	-0.0058703168	0.0893328025	-0.0084254319	-0.0574689559	-0.079313794	-0.0999083809	0.0534245851	-0.0362669654	-1.07564e-05	-0.0393639024	0.166609723	-0.0271310089	-0.1204501646	0.0515815129	-0.0325780147	0.005477161	-0.0541400789	-0.039202506	-0.0715443472	-0.0639689998	-0.0177241472	-0.1128868885	0.0369339869	-0.0429525047	-0.1533114013	0.0454565983	0.0004565605	-0.1014207657	0.0691497226	0.006417424	0.0420177086	0.0501497444	-0.0130027693	0.0916640686	0.1671266669	-0.0045936624	-0.1120928934	-0.0670958001	0.0577973414	0.0237324954	0.0557033365	-0.000404906	-0.029500665	0.0579395667	-0.0549202827	0.0861163684	0.0321353633	0.0144653425	0.1702378106	0.0079997293	-0.0363625181	-0.118979765	-0.0126523664	0.027370911	-0.029428546	-0.0517297565	0.0031602866	-0.0134247211	-0.0209470978	0.0625865067	0.0617433307	0.0672608726	-0.0299072658	0.0679493865	0.096744266	0.0307342684	0.0386058128	-0.0243380304	0.0794325627	0.0277516565	-0.0257271313	-0.0430701104	-0.0568360425	0.0336710163	0.143014606	-0.0204613884	-0.0275370781	-0.0554093408	-0.0045832041	0.0256279404	-0.009780228	0.0441841368	0.0393161051	0.0193591383	0.0492148271	0.0898761648	0.0478548005	-0.0082703149	-0.0619580057	-0.0116374303764814	-0.0004817330225818	0.0001354297857674	2.320667050458931e-07	0.0029603623688103	0.0032633062907335	1.0649167947141484e-05	8.76374535466813e-06	0.0047965504875975	0.0184975607255637	2.300689658007181e-05	0.0003421597527959	0.0004199999719699	3.2999983968200024e-05	1.0889989419014586e-09	1.763999764547168e-07	-1.2600001042528675e-09	-3.299399886635968e-08	1.5876002627172369e-18	1.088603961193344e-15	-6.00000021215249e-06	-0.000169999996054	3.6000002545829926e-11	2.8899998658377865e-08	0.0	0.0	0.0
4255.147757667946	2.6679543964846744	18106282.43958655	7.117980661721903	3804.068065628112	-1.9906837493781493	3.962821790038247	14470933.847931605	4236.560084580708	-2.1108932993765848	4.455870521352964	17948441.350262493	4107.262791585286	3185.534005502888	1.003865	12.531531	0.0194644785028171	0.0116340765457335	0.0725010475	0.0292135915	0.1174416161	0.0229844513	0.0711523412	0.0139533106	-0.1057953161	0.0134999909	-0.0390098083	0.0365019715	-0.0282815721	0.0951901478	0.0400658655	0.0473168448	0.0206274715	-0.0310966927	0.0327132202	0.1081944669	0.0004366285	0.0091588696	0.0046449595	-0.1483589192	0.0114749853	0.0518860898	0.0311168891	-0.0851109631	0.0104049716	0.0357906807	-0.0623798801	-0.0222421095	-0.0607461303	-0.0268671813	-0.0765047942	0.0465206165	0.0843585171	0.0096076007	0.0081281617	0.0291939566	-0.0622441021	0.0069719893	-0.0057614253	-0.0741590265	0.1587066478	-0.043358767	-0.0316664047	-0.0227540872	-0.0036347351	0.0772142889	-0.0158593774	0.0333655492	-0.1305863781	-0.0061679125	-0.0481462611	0.0195558133	-0.0083827729	-0.0345672558	0.1143141917	-0.0644604287	0.0736593373	-0.0882432252	-0.0052021763	0.0543931572	-0.0581681849	-0.0488698524	-0.0123834815	0.0506471246	0.0329272714	-0.0026077063	0.0512362462	0.1302781483	0.0109331736	-0.0079430792	-0.0571467923	-0.0206449496	-0.0366747558	0.0748515206	-0.0954371002	-0.0925712389	-0.1387508155	-0.0080247944	0.0478670809	-0.0648004394	0.0847379865	0.0332858073	0.0286281228	0.0436178879	0.1046308526	-0.0295014976	-0.0769616419	0.0734488851	0.0077045054	-0.0324928957	0.0805852968	-0.0644944137	0.0320000653	0.0320023458	0.0708945074	-0.0568914548	0.0287231022	0.0933445484	0.0238500068	0.082914906	-0.0234269559	-0.0853813984	-0.0683169352	0.0230897767	0.066101587	0.008356615	-0.0390246418	0.0980234307	0.0095400042	-0.0426689341	-0.0127021703	0.0889012643	0.0445478763	-0.0137586687	-0.0677557633	-0.0064159853526319	0.0052214450238495	4.116486804518709e-05	2.726348813708271e-05	0.0095285988983562	0.0065682365295459	4.314173110806117e-05	9.079419696575498e-05	0.0048211692625983	2.4618775000800203e-05	2.324367305862264e-05	6.06084082540025e-10	0.0002889999806519	-0.000130999991318	1.7160997725316086e-08	8.352098881679856e-08	2.311999924842212e-09	3.5720000290950793e-09	5.345343652470393e-18	1.2759184207855249e-17	1.5999999958237436e-05	2.2000000170389926e-05	2.5599999866359795e-10	4.840000074971566e-10	0.0	0.0	0.0
4248.857068170525	-6.290689497421226	18052786.38574263	39.57277435296572	3783.518483682458	-20.549581945654158	422.2853181411552	14315012.116366806	4233.089390004048	-3.470694576659298	12.045720844452264	17919045.783764847	4105.493680338542	3158.229362954456	1.014606	12.665617	0.0856183030258153	0.0390952932208069	0.0822847989	0.0065269428	-0.0181040815	0.0405243436	-0.0273425454	0.0805808843	0.0175908862	0.0112198947	-0.0704898644	-0.0695081908	0.0863211746	0.1094168143	-0.0482435688	0.0001639276	-0.0405610658	-0.1175370852	0.0533450671	-0.0787174163	0.0224963045	0.0445223148	-0.00730827	0.0929318683	-0.0457318864	0.0738861945	-0.009725762	-0.0018806059	-0.1122372269	0.0341474188	-0.1002279586	0.048200209	-0.0768128052	-0.0737829371	-0.1624376173	0.1632158249	-0.0276298319	-0.060516468	-0.0046926883	-0.0478093433	0.048078227	0.0584002077	0.0626580471	-0.2176579382	-0.0594339093	0.0764373724	0.0463242555	-0.0111932341	0.0091778962	0.0816868672	-0.053886669	-0.1094367685	-0.1098290628	0.0150483092	0.0368188845	-0.0133585579	-0.1254106746	0.076522276	-0.0205404604	0.0150346982	-0.007722744	0.0614802499	0.0656494192	0.067468627	0.0665948846	0.0382430858	0.0313204892	-0.0736022394	-0.0483682038	-0.0355059648	0.0125826387	0.2025826027	0.0310703034	-0.0307524436	0.0731373413	0.1248507626	0.0081579814	0.2250637225	0.1038163686	0.027606166	0.0011218767	0.0599733537	0.017393774	-0.1542750227	0.0636259268	0.0031316644	0.0477945333	0.0577283013	-0.0390079662	-0.0003162387	-0.0067496451	0.0595497548	0.0016538833	0.0425081242	-0.100483069	-0.050428587	-0.0199933783	-0.0476921789	0.0139452144	0.1007166673	-0.0088714831	0.0425604643	0.0230516767	0.0100285537	0.0955946963	-0.118762522	0.0071476887	-0.0519353366	-0.0308267569	0.0937982999	-0.1180026552	0.1570838961	0.0410722109	0.0154776264	0.1598179516	0.0878992835	0.0411866773	-0.019209311	-0.0732234215	0.0026770360771308	0.0090930214297627	7.166522158259861e-06	8.268303872212371e-05	-0.0093377530305076	-0.0188663519288638	0.0003559392351037	8.719363165875388e-05	0.032330432626864	0.0275092633642656	0.0010452568738401	0.0007567595708445	0.0003579684403014	6.896845964950003e-05	4.7566484264247136e-09	1.2814140425181698e-07	-0.0001960576363098	-0.0001960599483097	3.843859675538581e-08	3.843950333121198e-08	-0.000321964918141	-0.0003379649180992	1.0366140851354084e-07	1.142202858658243e-07	0.0	0.0	0.0
4242.618214633581	-6.23885353694368	17999809.31514064	38.92329345543466	3786.471976352403	2.9534926699452626	8.723118951420396	14337370.027702073	4234.467945544103	1.378555540054549	1.9004153770150891	17930718.781840496	4106.038990234375	3138.2965499747697	1.07256	13.389069	0.0692188135321974	0.0301209816749365	0.0752453354	-0.0852773615	-0.0445182609	-0.1114581737	-0.0004055032	-0.10293351	0.0898835537	0.1241197011	-0.0868207794	0.0527345978	-0.0577417389	0.0263744506	0.1185823658	-0.0307048739	-0.0023069339	-0.0165847304	0.0172336088	0.1285411758	0.1408355703	0.0307788948	-0.1247761618	-0.0184699855	-0.024686173	0.0301595902	-0.0550158476	0.036578486	-0.0516733976	0.1350758574	-0.0226378889	0.0795307895	0.0994615593	0.0953831035	-0.1455032219	0.0302015297	-0.0576149516	-0.0466560726	0.0005155526	-0.0150724729	0.0093997004	0.0125334698	0.1366376455	-0.0271786214	-0.1208263982	-0.0555441293	0.0017206168	-0.0133853855	-0.1443821423	-0.0277949611	-0.0469075025	-0.0641739152	-0.0168311038	0.0485042538	-0.0335462801	0.0004999077	-0.0141406086	-0.083235971	0.0439666135	0.1462099569	0.0536485229	-0.0790535513	0.0339743263	-0.0595787095	0.0405619939	0.0723910409	-0.0164851108	-0.0411430529	0.029677576	-0.0827265915	-0.1111241993	0.1844280569	0.0991696286	-0.1003743187	0.0028326444	0.0488845025	0.0263199604	0.0015288543	0.073464401	0.0111944673	0.0295527144	0.1044167469	-0.1277481214	-0.0288558223	0.0287961	0.027567704	-0.0735706218	0.1357841564	-0.0426572925	0.0379004651	-0.0070222524	0.0841853948	-0.0388097804	0.0222313777	-0.0080438522	0.0721159935	0.0799403363	-0.0359001564	0.0747706421	-0.115208737	-0.0932933006	0.0670413102	-0.0771153893	0.0442978232	-0.0186998402	-0.0774168594	0.0346730398	-0.0066829888	-0.0484827372	-0.0005195854	-0.0419990616	0.2023830045	0.0305327749	-0.0222223343	0.0250952559	0.0868705278	0.0377752987	-0.024607302	-0.0783343427	-0.0045674959541059	-0.0072445320312367	2.0862019290773763e-05	5.248324435161454e-05	0.0129776332959892	0.0223153863264968	0.0004979764669008	0.0001684189659651	0.0159715863691474	-0.0163588462577165	0.0002550915711471	0.0002676118508836	0.0005129999613197	0.0001550315210183	2.403477250924761e-08	2.6316896031401373e-07	-5.3095497554167537e-08	0.0001960045408122	2.819131860524611e-15	3.8417780019019354e-08	-0.0002070000016366	0.0001149649165044	4.28490006775524e-08	1.3216932026863668e-08	0.0	0.0	0.0
4252.233533837831	9.615319204249316	18081490.026294965	92.45436339960573	3804.761039581907	18.28906322950388	334.48983381279095	14476206.568320394	4239.276661250437	4.808715706334624	23.1237467443493	17971466.610622656	4109.424752034505	3157.1004258830044	1.036083	12.933722	0.0612041849430476	0.0338005201854679	0.0775967082	-0.0343421524	0.1033528644	-0.0262194046	0.0197250521	-0.0473680417	-0.108201079	0.0332820844	-0.0324799623	0.0405757943	-0.0726706146	0.0020163903	0.0499138877	0.0422304626	0.0238146896	-0.0774119457	0.0302380897	-0.0174483526	-0.0084901357	-0.0527559548	-0.0652884745	-0.0508073578	-0.1473039311	0.0073144446	0.055159268	0.036878405	-0.0348319423	-0.0638018794	-0.0101167629	0.0184964208	-0.0020389352	-0.0174494437	0.0698163538	0.1704000522	-0.0411247058	-0.0043654425	0.0544352822	-0.0972354999	-0.0258400353	-0.0909018277	-0.0487024615	0.0791114742	-0.0776471045	0.1480102897	-0.0171598875	0.0824235881	-0.0381488648	-0.0220177113	-0.0331497785	0.1365188613	-0.03376967	0.0800677581	0.0284541341	0.0253507559	-0.0342245151	-0.0388913537	0.1001313219	-0.018760939	-0.097038592	-0.0634337776	0.0090127845	0.0358609378	0.0738022944	-0.0404870877	0.0665636411	-0.0056607226	-0.0716276291	0.0653401997	0.0124531729	-0.0327562723	-0.0538823505	-0.0302863733	0.008091564	0.1906084612	0.0893938659	-0.0116951172	-0.0228878236	-0.0507732083	0.090453913	0.0457123507	-0.0711643046	0.140615881	0.0424179288	0.0409839346	-0.0597624038	-0.0632164421	-0.0621947541	-0.1269394641	0.0011929505	0.0674728681	-0.0542864456	-0.0231857999	0.0683705136	-0.0203273787	0.0859148959	-0.0352284733	0.0403765961	0.0917887374	0.010236784	0.0576230747	-0.0372075991	0.0950560905	0.0514302963	-0.1106844635	0.0506759536	0.0532478213	-0.0514391375	0.0256056341	-0.0789993571	0.1378279069	0.1408560361	0.0890113157	0.04109798	0.0858153105	0.0343178967	-0.029937846	-0.0830636267	-0.0098309259790028	-0.0052634300248969	9.664710560463216e-05	2.770369562698618e-05	-0.0003023223010387	-0.0132799555970279	0.000176357220659	9.139877370533432e-08	0.045832107279935	0.0298605209107876	0.0021005820577194	0.0008916507090635	0.0004319874593763	-8.101250194340003e-05	6.5630254711293945e-09	1.8661316505839045e-07	-8.406431613305898e-05	-8.401122063550481e-05	7.0668092469188805e-09	7.057885192667471e-09	-0.0002979818472644	-9.098184562779998e-05	8.87931812991042e-08	8.277696233840826e-09	0.0	0.0	0.0
4259.96258886669	7.729055028858966	18147281.25854379	59.73829163913007	3801.5329509598328	-3.2280886220742104	10.420556151964975	14451652.777233372	4238.465888585251	-0.8107726651860503	0.6573523146128912	17964593.088700764	4108.144715006511	3165.438259227856	1.04186	13.00584	0.0414354417869757	0.0210210637854123	0.0952538213	0.013920621	0.0453076774	0.0930256806	-0.0018871261	0.1526466061	-0.037083806	-0.0531970508	-0.0251104415	0.0659806696	-0.0417453802	0.0331992901	0.1167876418	0.0238136361	0.0200563757	-0.013368541	0.0454459171	0.0125140938	-0.0318977	0.1361692789	-0.0455986409	-0.0462342646	-0.1607249157	-0.1052129991	0.0466536354	0.0477792445	0.0183324152	-0.0078933182	0.0441088287	-0.1769209843	0.0650066664	0.0269549993	-0.15203148	-0.0344864674	0.0821271329	-0.0069451439	0.0704558843	0.0707323698	-0.0393544249	-0.0458158258	0.0605630655	-0.0311641863	0.0969645622	0.1326214229	-0.0963399002	0.0820004711	0.0222004231	-0.0103888227	-0.1353470915	-0.0891626921	-0.1043314179	0.06184797	-0.0573242873	0.0168180059	-0.0339028679	0.0778078974	0.0514205571	-0.0947089419	0.0845260731	-0.0591625571	-0.0465193525	-0.0917518574	0.11624431	0.0466211879	-0.0743282968	0.009582414	0.0052004274	0.0567592867	-0.0546265804	-0.0428823945	-0.0697948104	-0.2332809391	-0.0045860295	-0.0401899654	-0.0541921247	-0.0048418804	0.0524941041	-0.1075712164	-0.0801367051	0.0266563081	-0.024152933	0.1092065492	0.0210683189	0.0229060156	0.1208594802	-0.0009977049	-0.0416083275	0.0938967535	0.0970271829	0.0818378346	-0.0229101331	-0.041700633	0.0585415416	-0.0975908049	-0.0174467886	0.0349748102	0.0633279148	-0.0807739269	-0.1565473453	0.0157157587	0.0298880073	0.0524024139	-0.035539072	-0.1037335074	0.021345638	0.0363665581	-0.0936346151	0.0238779625	-0.0734659658	0.1153075496	-0.0391369228	0.0653967094	-0.0441856506	0.0847339531	0.0308186837	-0.0351863325	-0.0873882332	-0.0166224273852861	-0.0067915014062833	0.0002763050921791	4.6124491351548045e-05	0.0099114304215106	0.0102137527225493	0.0001043207446773	9.823645300044576e-05	0.0288015070821359	-0.0170306001977991	0.0008295268102023	0.0002900413430972	0.0004779999653437	4.601250596739998e-05	2.1171507054000188e-09	2.284839668685784e-07	-6.691999687724606e-08	8.399739613618173e-05	4.478285982050623e-15	7.055562557658638e-09	-0.0002800000001611	1.798184710329997e-05	7.8400000090216e-08	3.2334682524645753e-10	0.0	0.0	0.0
4254.789701427601	-5.172887439088299	18103235.403374378	26.758764457477504	3814.6110241650586	13.078073205225792	171.03599876124483	14551257.265681596	4245.719616801799	7.253728216547643	52.616573039539446	18026135.064495616	4117.87026196289	3197.246814016936	1.098491	13.712777	0.0257557680217483	0.016629263154819	0.0946654105	0.054482327	-0.059275029	-0.0082382694	-0.1178409596	0.0103062178	-0.0193316339	-0.0917116071	-0.1246360374	0.0018714864	0.0467528571	0.0016205611	0.021458676	0.030262925	0.1012865155	-0.0501062487	-0.0086011498	0.0136641967	0.0822638502	0.0820140166	0.0326352758	-0.0442708422	0.0317617682	0.0218228031	0.0869427788	-0.1011780906	0.2095740585	-0.0245459185	0.0388459144	0.0769579795	0.1291022733	0.1222678601	-0.1110588685	0.0828400533	-0.1355226945	0.1357584115	-0.0643157758	-0.127065828	0.0020215899	0.0212539533	0.1027933531	-0.096173617	-0.0005933747	-0.0482583378	-0.0156559479	0.0388657295	-0.0567003347	-0.0317192684	-0.1168210746	-0.0059937102	-0.0239498068	-0.0997477845	0.0625999421	0.1192499764	-0.0404349441	0.0065753807	-0.017102178	0.0193807909	0.0671135834	-0.0548820909	0.0165026074	0.0732854888	-0.0578225611	0.028128989	-0.0466942969	0.2334087299	-0.0896381684	-0.0844678493	-0.1224791548	0.0190520876	0.0792803642	-0.0580958509	0.1093184488	0.0510271298	0.0748312829	-0.1247774298	0.07374489	0.023656745	-0.0008750086	-0.0280212982	0.0348075442	-0.0696939624	0.1613737192	-0.0305978673	-0.0503980705	0.1769366934	-0.0832274045	0.1509313867	0.0193673073	0.0647665609	0.0362084887	0.1090757455	-0.1003728852	-0.0269842003	0.0574914072	-0.0104173199	-0.0237899195	-0.0261300236	0.0145965198	0.1248418198	0.0579059908	0.1112290048	0.0071075121	-0.10597639	0.0341652972	0.0691032723	-0.0868425328	0.0453829818	-0.051719572	-0.0031812887	0.0734497298	0.0549660243	-0.0270675198	0.0836267848	0.0272819228	-0.0403383756	-0.0912870929	-0.0166349721968686	-1.2544811582498872e-05	0.0002767222999905	1.5737229764039782e-10	0.0022320043902368	-0.0076794260312737	5.897358416980565e-05	4.98184359803635e-06	0.0323642549260938	0.0035627478439579	0.0010474449969211	1.2693172199626676e-05	0.0007280006226813	0.0002500006573376	6.25003286692321e-08	5.299849066243605e-07	-8.73601193607243e-08	-2.044012248347824e-08	7.631790454719997e-15	4.1779860713959254e-16	-0.0002400001109225	3.99998892386e-05	5.7600053242812304e-08	1.599991139100268e-09	0.0	0.0	0.0
4244.343917783838	-10.445783643763209	18014455.29242866	109.11439593231094	3801.05524702946	-13.55577713559842	183.75909375001288	14448020.99097019	4235.908720356632	-9.81089644516669	96.2536890577844	17942922.687193364	4107.261795328776	3171.9396497311327	1.113699	13.902628	0.0616654856124246	0.0338608196723486	0.0861344917	-0.0080074919	0.1505589497	0.0021439493	-0.1056445145	0.0350797917	-0.1095836116	0.0185480354	-0.0803251616	0.0058154329	0.0716985983	0.0669371801	0.0097260211	-0.1380626287	-1.63082e-05	-0.0669485931	-0.0085336417	0.0431241316	-0.0523422748	0.0509306535	-0.0323722133	0.0600118362	-0.1317012693	0.1204161571	0.0806301623	0.0384510363	0.0564406023	0.0722822299	0.0514994872	0.0063602173	-0.0082076398	-0.0434488529	0.0151067393	-0.0245673485	0.0888222174	0.1243517694	-0.1216651004	0.1260774426	0.0067212422	-0.0046732395	-0.1055054913	0.0343791377	-0.0478143279	0.025429529	0.0047259271	-0.1838414464	0.1337636402	0.0434994615	-0.0600339048	0.0868301303	0.0310112586	0.0141999938	0.0561664998	0.0252536992	-0.0612428277	-0.0492176281	0.0517735542	-0.0943314353	0.0405110009	0.0560836273	0.0348246348	-0.0070982156	0.1922456951	0.0062253088	0.0520145515	-0.0026122128	-0.0119144309	-0.1592738801	-0.0327736627	0.0419978086	-0.0119418485	0.0332271577	0.0220446888	-0.0431876009	-0.090244077	-0.0383549739	-0.0442861861	-0.0226221343	-0.1033387991	-0.0861414313	-0.0655494039	-0.0258731372	-0.1312873972	-0.1183505994	0.0031860338	-0.0738186746	0.0905232913	-0.0407714332	-0.0050571706	0.0638420636	-0.0601162288	0.0023061892	0.1025590827	-0.0805943141	0.0326118667	-0.0258080196	0.0192942412	0.1088116504	-0.0266079678	0.095359353	0.0396749857	-0.0616839405	0.0479018188	-0.1129946661	-0.0743271737	0.1022063352	-0.0494712848	0.0222702081	0.0683206905	-0.0127186841	-0.0606539593	-0.0903503458	-0.0692028348	0.082494143	0.0237119231	-0.0453798541	-0.0947412111	-0.0166463027082102	-1.1330511341601374e-05	0.0002770993938533	1.2838048726215735e-10	-0.0121186585231214	-0.0143506629133582	0.0002059415260528	0.0001468618844	0.0606687249546809	0.028304470028587	0.0036806941876267	0.0008011430235991	0.0004779900538539	-0.0002500105688274	6.250528452540011e-08	2.284744915832542e-07	-6.507289508661529e-05	-6.498553496725457e-05	4.23448167495364e-09	4.223119754980266e-09	-0.0003049844503106	-6.498433938810001e-05	9.301551493125885e-08	4.222964365707766e-09	0.0	0.0	0.0
4238.977710225929	-5.366207557909547	17968932.027792256	28.796183554565545	3788.444555031826	-12.610691997634149	159.02955265919397	14352312.14655029	4233.926634602409	-1.98208575422359	3.9286639370960974	17926134.74719568	4105.644736002604	3120.011354015019	1.109481	13.849964	0.080857725176168	0.0494520941735576	0.1036947468	-0.0660324094	-0.0695888499	0.1084726021	-0.1206811614	0.0622174009	0.0952997806	0.0581252572	-0.0886162951	-0.0085444521	-0.0596072654	0.0650060305	0.0665771507	0.0645696344	0.0054856679	-0.0328851029	-0.0046542564	0.1334948662	0.1374359486	0.1414765448	0.0384522914	0.0374277975	0.0867867246	0.0245167505	0.097889215	-0.0445519021	-0.1341821622	-0.0974320033	-0.1000199555	0.0436006007	-0.1332187557	-0.0154439496	0.1089131834	0.1670390399	-0.0753525557	0.10443462	0.0997830067	0.1729749503	0.0940153738	-0.0186594928	-0.1231422744	-0.0176022865	0.2024615285	-0.0614624105	0.0030064233	-0.1259940324	0.0391672	-0.1840950398	-0.0005951728	0.0003239302	0.1727029285	0.0378270576	-0.134074201	0.0082165235	-0.075275401	0.0090819942	-0.023809225	0.083288233	0.2203143243	-0.0993061539	0.0931350252	-0.0144897921	-0.0157447864	-0.0301761653	-0.0232007542	0.0340891121	-0.1109865267	0.0373721968	0.0555924543	0.0519510318	-0.0567783457	0.1535534967	0.0384954411	0.0601947095	0.163088285	0.0928680921	-0.0819692369	-0.0468458522	-0.1614579783	-0.1023921031	-0.0890476325	0.0646486414	-0.1839826056	-0.074778611	0.0941875068	-0.0113851358	0.0945650424	-0.0122023398	0.0942324393	0.099729688	0.0324516102	-0.0382496685	-0.1128184736	-0.0845689614	0.0563952071	-0.0930276681	0.071643518	0.022439345	-0.0198157288	0.0205870212	-0.1533426122	-0.0224855805	0.0275807894	-0.0440356365	-0.020580728	0.136382383	-0.007180675	0.1252037612	0.0308361298	-0.0228903514	0.0984296403	-0.1181268644	-0.2851321674	0.0813363727	0.0201130341	-0.0502969496	-0.0977337597	-0.0166979726201219	-5.1669911911699645e-05	0.0002788222896223	2.669779796962801e-09	0.0023357077374441	0.0144543662605655	0.0002089287039945	5.455530634756237e-06	0.0159193499583238	-0.044749374996357	0.0002534257030955	0.0020025065625645	0.000478000498723	1.044486909999474e-08	1.0909529051602493e-16	2.284844767794367e-07	7.59966541095114e-05	0.0001410695491961	5.775491435840715e-09	1.9900617710398408e-08	-1.4018164229151844e-05	0.0002909662860814	1.9650892835547232e-10	8.466137963603114e-08	0.0	0.0	0.0
4255.136081377086	16.158371151157553	18106183.071037143	261.09295825856066	3792.160025911977	3.715470880150861	13.804723861249007	14380477.662124723	4232.718200170693	-1.208434431715432	1.4603137757553988	17915903.362056233	4104.124271647135	3169.5786920278883	1.132499	14.137311	0.0196455824669418	0.0120998406235959	0.1131509447	-0.0077321171	-0.0457641754	0.0125395382	-0.1316226217	0.0118808724	0.0607871858	0.0248976328	-0.1068587409	0.1024936605	-0.1049776757	-0.0583084519	0.0355393897	-0.1169720982	-0.0232093239	-0.1025233185	0.1288653286	-0.0406046336	0.0883801728	-0.1512753682	0.0825271802	-0.0325602322	0.0132013421	-0.0638521303	0.09161361	-0.0202273447	-0.0034424443	-0.1220118836	0.0176762232	-0.0441215347	0.0213438303	0.071766389	0.1179404021	-0.0025211964	-0.0132021074	-0.0218810471	-0.0013495223	-0.0306363558	-0.1296531716	-0.0531236154	0.0234730781	0.1152123445	0.0016159218	0.04809863	0.1406725488	-0.1205896787	-0.0116404129	-0.0173554811	-0.0064725764	0.0091865485	-0.0928283392	0.0899506143	-0.0297955251	-0.0089502583	-0.1077747916	0.0578540964	0.0553919021	0.1350006629	-0.0679462953	0.0188114233	-0.1307418901	0.0512217172	-0.025178692	-0.1165815753	-0.0432264883	0.0839192369	-0.0043603037	0.0888599697	-0.0275780435	0.0216981265	-0.0615011193	-0.0098169522	0.0387191268	-0.0701713779	0.0098681389	-0.1310212715	-0.098322631	0.0155467582	0.0903725278	0.069633735	-0.0639965217	0.0712547933	-0.0072258079	-0.0189712684	-0.0376632774	0.0513055558	0.1672371694	-0.2113233914	-0.0688856189	0.0945176023	-0.0229561199	0.0850736201	-0.006079328	-0.0661535257	-0.0491272475	-0.1480322145	-0.0748398901	0.0737759147	-0.1112969694	-0.0618520541	-0.0195406331	0.0909798251	-0.1330202913	-0.0015525058	0.0376223534	0.0171708963	-0.2385435784	-0.0456852226	0.0110965208	-0.0640547653	-0.0832338366	-0.0285836152	-0.2761932889	0.0801538266	0.0164896405	-0.0550761846	-0.1002501592	-0.016638071061763	5.9901558358901874e-05	0.0002768254086562	3.588196693824927e-09	0.0023316013696188	-4.106367825299981e-06	1.6862256716658895e-11	5.436364946808264e-06	0.0059376753371083	-0.0099816746212155	3.525598840890417e-05	9.963382824381765e-05	0.000477993893983	-6.6047399999787275e-09	4.362259046731899e-17	2.2847816268503146e-07	0.0001900152925404	0.0001140186384308	3.610581139921379e-08	1.3000249909633709e-08	6.395459099080257e-05	7.797275521995441e-05	4.090189708800845e-09	6.0797505565909275e-09	0.0	0.0	0.0
4265.422676787797	10.286595410711016	18193830.611655574	105.81404514366092	3804.319175689819	12.15914977784223	147.84492332000076	14472844.390521264	4246.450727703191	13.732527532497445	188.5823124308003	18032343.78281096	4116.607025309245	3230.6178538076906	1.029027	12.845634	0.0625333315460918	0.0377199671504753	0.117049147	0.083247184	-0.0122595752	0.011809722	-0.1968057088	0.0531200165	-0.0162697572	-0.00881737	-0.101075161	0.0432532967	-0.0447184027	-0.0608684672	-0.0443179548	-0.0012335018	0.0968032028	-0.1412535496	0.0685444726	-0.1197306414	-0.0336085979	-0.0421779355	0.0638190323	-0.0848993876	0.0191757597	-0.054445635	-0.0429876261	-0.0315791251	-0.0682375542	0.0907183704	0.0194442559	0.0967539091	0.1909983998	-0.0707249512	-0.013348257	-0.0056857728	0.0162699609	0.0981342171	-0.0342112151	-0.0233655826	-0.0479423103	0.0282369845	0.128645044	-0.0519432018	-0.0363791387	0.0380605883	-0.123002713	-0.035201699	0.1284116787	-0.0321040006	-0.1090067948	0.0743171304	0.1342648619	0.0664524182	-0.021037108	0.1097857393	-0.1173402502	0.0817125413	0.0333632874	-0.005844186	-0.1221318078	-0.0118469125	-0.0274304765	0.1192781386	-0.0453671936	-0.0139044476	-0.0841847625	-0.0717581255	0.0612187578	-0.0032850518	-0.1054375686	0.0381770503	0.1176626045	0.0921472888	0.1554430675	0.0277717648	0.0130302402	-0.0424026008	0.0754594305	-0.0686013957	0.0301530526	0.0945991813	-0.0433461689	0.0074556902	0.0126466333	0.0675983438	-0.0129223105	-0.0005397274	0.0922967388	0.0257973516	0.094312471	0.0755943908	0.0484229814	0.1123926896	-0.0606171293	-0.1119523762	0.0361662573	-0.0621748078	-0.1180834979	0.0687770789	0.048689988	0.0195085854	-0.0343361201	0.1346985683	-0.0061002388	-0.0416575802	0.09138042	0.0557437549	-0.1677028139	-0.1108365947	0.0374661223	-0.0258723255	-0.0308275499	0.0294906371	-0.2293661515	0.0789468648	0.0128461567	-0.0597044597	-0.10227815	-0.0224798309720881	-0.0058417599103251	0.0005053428005336	3.412615884988154e-05	-0.0117154260408938	-0.0140470274105126	0.0001973189790716	0.0001372512073196	0.0398822306423767	0.0339445553052683	0.0015905923210117	0.0011522328348724	0.000478000367737	6.4737539999916785e-09	4.190949085240826e-17	2.2848435155670722e-07	8.899784979155001e-05	-0.0001010174427488	7.920617267519298e-09	1.0204523739517184e-08	-9.021270906062998e-06	-7.297586189686556e-05	8.13833287605787e-11	5.325476419590395e-09	0.0	0.0	0.0
4261.342861927135	-4.079814860661827	18159042.98689735	16.644889297277082	3819.5928322841446	15.27365659432553	233.2845857613837	14589289.404436411	4245.003957540047	-1.4467701631438104	2.0931439049631675	18020058.59953066	4117.395719563802	3213.1308519735107	1.027173	12.822498	0.0582347662463361	0.0309175490605785	0.1042426921	0.0745335279	-0.058025222	-0.0708201118	-0.0736018589	-0.0022515859	-0.0132088236	-0.1327168771	-0.1286510084	0.002418724	0.026896635	-0.0632347793	0.0311677899	-0.0443941508	0.0884660988	-0.0724809035	-0.0660419142	-0.0232380243	0.0565904766	-0.0414616297	0.1114910653	0.0130425695	-0.060868402	-0.0100401866	0.0424290762	-0.0041761238	-0.0447369751	0.1422707027	-0.0495780983	-0.0727760125	0.1732253759	0.0507108076	-0.0487422215	0.0027892888	-0.0917141915	-0.108049926	-0.0650951748	-0.0169759898	0.0443886935	-0.0231127621	-0.1293996027	-0.0303566028	-0.0350096886	0.0672205026	-0.0001241165	0.0951262282	0.0277124753	0.1199325905	-0.0058235479	-0.0411983291	0.0293940934	-0.0946788307	-0.0992422591	0.1219515344	-0.0452367781	-0.0253483563	-0.0837444741	0.017105438	0.0043449321	0.0112383945	-0.0732288845	0.1214736701	0.0633841566	-0.0277161587	-0.0180581114	-0.0327678797	0.0799169228	-0.0280062216	-0.0810411214	0.0605551607	-0.0527169481	-0.0828876429	0.0164186123	0.0482336679	-0.0888678856	0.0095804154	0.0564359143	0.0962354805	-0.023114475	0.0448556065	-0.0096425723	0.1300887286	0.0451149708	0.028528977	-0.0914195941	-0.0519620162	-0.115512911	-0.0338088796	-0.1249304916	0.0845257676	0.0010957429	0.1589776083	-0.0141402247	0.0082911951	0.0267649202	-0.0477710918	-0.0547299096	-0.0181328673	-0.1256649366	0.0454279248	0.0669978239	0.0230131722	0.0227296646	-0.0624179306	-0.1099202605	0.0542044885	-0.1047566689	-0.135158694	0.0235841007	-0.0518370791	0.0354759367	0.074654466	-0.065622304	0.0777158551	0.0091870219	-0.0641690889	-0.1038078519	-0.0167020128240977	0.0057778181479904	0.0002789572323763	3.338318255124723e-05	0.015546480532592	0.0272619065734858	0.0007432115500214	0.0002416930569502	0.0291368369339011	-0.0107453937084755	0.0008489552665127	0.0001154634859501	0.000546012173617	6.801180588000003e-05	4.625605739058806e-09	2.98129293737961e-07	0.000159956594818	7.095874502644999e-05	2.5586112225769824e-08	5.035143495728741e-09	-0.0001590436763273	-0.0001500224054212	2.5294890979702967e-08	2.2506722128374e-08	0.0	0.0	0.0
4246.601269409543	-14.741592517591926	18033622.341350745	217.31454995472225	3814.085607764256	-5.507224519888496	30.32952191246107	14547249.023354435	4243.473752945189	-1.5302045948583327	2.3415261021255542	18007069.491934724	4115.241607666016	3179.6450133235494	1.187151	14.819548	0.0825521758145475	0.0432708173929972	0.0872274764	0.0284628539	0.1067263181	-0.0541063291	0.0302545371	-0.1087958664	-0.1293881381	-0.0650162106	-0.0907720498	-0.0829838009	0.0879368847	0.160599856	0.066143028	0.1454665686	0.1082631268	-0.0863563102	-0.0018093194	0.1160462234	-0.1356446363	0.0625417023	-0.0417487483	-0.0719699991	0.0999339095	0.1145786143	0.0072583919	0.002048341	-0.1061793937	0.1595364778	0.0101016612	-0.0487994468	0.1050290987	0.020651171	0.0785957867	-0.0551135903	-0.0973602541	-0.0067234667	0.0069113092	-0.0586018761	-0.0129649892	-0.0756816136	0.1426606281	0.0443152604	0.0971673019	-0.0020273941	-0.0884506954	0.0042273281	-0.0197699025	-0.0245713045	0.1448123513	0.1387572254	-0.0531956234	0.047265806	0.0300394163	0.127440609	-0.0015781888	-0.1131718783	0.1148007115	-0.0699528402	0.0586486107	0.0231367272	0.1634524833	0.0782981332	-0.1137912032	-0.0761769116	-0.0046776373	-0.0995738373	0.1144105746	-0.0217156938	-0.0970316528	-0.0576426725	-0.0397001125	-0.0858402265	0.0939165328	-0.0294724439	0.0593135706	0.0242232559	-0.041544151	0.0286204587	0.0024788065	0.0704392247	0.0748210668	0.0619600589	0.1364306388	0.0859275643	-0.0195639802	0.0238291567	0.0825711356	0.0252586598	0.050768517	0.06605358	-0.0331186929	0.0246231014	0.0705759384	-0.0580766225	0.0748975398	0.0014383646	-0.0534206545	0.0083482456	0.1120404455	0.1290370485	-0.1277246837	0.1365422657	-0.0274514046	-0.0203174245	-0.1503846835	0.008159301	0.0024578278	-0.0593837183	-0.0203311217	-0.0781152566	-0.0103973471	0.0345541238	0.0397643809	0.0764611723	0.0055166942	-0.0684578352	-0.1048318124	-0.0166536546936413	4.83581304563975e-05	0.000277344214655	2.3385087812379597e-09	-0.002040485069898	-0.01758696560249	0.0003093013591031	4.163579320476646e-06	0.0645561181882499	0.0354192812543487	0.0041674923955352	0.0012545254845746	0.0002090000022275	-0.0003370121713895	1.1357720366466577e-07	4.3681000931095e-08	-2.6333999647576444e-08	-0.0001599829288176	6.934795374385561e-16	2.5594537513072493e-08	-0.0002519999926652	-9.295631633790002e-05	6.350399630326086e-08	8.640876747111737e-09	0.0	0.0	0.0
4239.175005113128	-7.426264296415866	17970604.723975886	55.14940140022104	3795.286384491332	-18.799223272924337	353.41079566526	14404198.740305286	4231.559320131048	-11.914432814141035	141.9537092826807	17906094.279787935	4104.281963378906	3129.544620215469	1.153476	14.399174	0.0576582435557152	0.0332768573728228	0.0638487824	-0.0194250855	-0.0533826941	0.0798785241	0.0232463921	0.1189782966	-0.0217393928	-0.0263694117	-0.0255703548	-0.0453843047	0.0788628345	0.0643367994	0.0204054483	0.0346364097	-0.0438477262	-0.0926801432	0.0438649652	-0.0108999515	-0.0271261525	0.001677968	0.1519253247	0.0542766827	0.0069400488	0.159943444	0.0791893876	-0.034451996	-0.0546823649	0.1034934087	0.0043291672	-0.0676628652	0.1373349536	0.0037676823	0.0885261532	0.0626041337	-0.034128027	-0.0072126226	0.0235829495	0.0086577308	-0.0062794344	-0.0375039973	-0.1189414221	0.0876313135	0.1223788452	-0.0122475105	-0.1129382869	0.0235552264	-0.1187586364	0.0520764043	0.0951300271	0.018864683	-0.0871374125	0.0713923253	-0.1125903782	-0.0222914747	-0.0930818285	0.0651055409	-0.0059027131	-0.0377766665	0.0976868192	0.1031368704	0.0614489211	0.2082646295	0.0378007887	-0.1002407944	0.0609815858	-0.017378861	0.0691089766	-0.0782748768	-0.0700999265	-0.0087492911	-0.0806653046	-0.0092262389	-0.0477328986	0.0112542195	-0.0521779679	-0.026921618	-0.0866982479	0.0088924339	-0.1222301167	-0.1097819688	-0.0372374768	-0.0033624145	0.1162738128	0.0949486399	0.0185274258	-0.033006139	0.0129066413	-0.048756898	0.0278929513	0.0536361591	-0.024404737	0.0005369702	-0.137152851	-0.0399305806	0.0123214098	-0.0431072684	0.0106598135	0.1178119474	-0.0312026278	0.0808605986	-0.0222956572	0.0255368383	0.0472275248	-0.0036288782	-0.1066005685	-0.0377677121	0.0099875796	0.0455022432	-0.0141102332	-0.0949418749	0.050481218	-0.0161058477	0.1332733661	0.0751831987	0.0018396452	-0.0725589432	-0.1053450429	-0.0166482314949973	5.423198644001481e-06	0.000277163611911	2.9411083532299503e-11	0.0070595021342398	0.0090999872041378	8.28097671154717e-05	4.9836570383336295e-05	0.0945584780520789	0.030002359863829	0.0089413057715254	0.0009001415973986	0.000477999965344	0.0002689999631165	7.236098015667836e-08	2.284839668688652e-07	-3.5849999635573226e-08	-9.515999987996786e-09	1.2852224738706004e-15	9.055425577155484e-17	-0.0001500000059996	0.0001019999866656	2.250000179988004e-08	1.0403997279782582e-08	0.0	0.0	0.0
4231.547095403376	-7.627909709751293	17905990.820616752	58.18500654011806	3798.624579562609	3.3381950712773687	11.143546333900517	14429548.696457207	4222.569083704445	-8.990236426602678	80.82435100621369	17830089.666656595	4096.107073160807	3126.0271387439366	1.057703	13.203609	0.067312927399939	0.0343079472328882	0.0378338985	-0.0761425187	0.091956717	-0.0146679333	0.1195674034	0.0106691441	-0.010455886	0.0534733296	0.007609409	0.0240082204	0.0372991868	0.1534810023	-0.0304188466	-0.0472724	-0.1238603221	-0.0281968687	0.1011460526	0.0884563894	-0.02622126	-0.0739780369	-0.0336637521	0.0031971354	0.028143876	0.0230249054	0.0555378509	0.0264769309	-0.1256123726	-0.035701261	-0.0939548706	0.0364720832	-0.0403822656	-0.0194025393	-0.0381116508	0.0592477276	-0.0425747294	-0.0313292739	-0.0042471295	0.06182938	-0.0009109171	-0.1640663175	-0.0143195623	-0.0243738042	-0.1016362625	-0.1044309136	-0.01487445	0.0073012536	0.0432467354	0.1131283853	0.0382224828	-0.0124112351	-0.0308477928	-0.1141518675	-0.0803144535	-0.1070797935	-0.0476525651	-0.0218415242	0.1036198882	0.0258151623	0.0437598148	0.0978325287	0.0470257399	-0.0571772697	-0.0219726167	-0.1457836622	0.009715091	-0.0604432105	0.0079806169	0.0519125646	0.0068319423	0.124098101	-0.021912109	0.0001262396	-0.0326705121	-0.0197368033	-0.0140743904	0.0938077184	-0.062204375	0.0184929898	-0.0530959396	0.0802033087	-0.0584892287	0.0171799869	0.0760527505	-0.1736220486	0.0069675924	-0.0958145743	-0.0661588674	0.0087395162	0.0067595859	0.0463470101	-0.0958506729	-0.0737501194	0.0535569889	-0.0032466829	0.0751722223	-0.0083011874	0.0397884326	0.0989829137	0.0181250891	0.0361587174	-0.0587937053	0.03332955	-0.0910138539	-0.0065663259	-0.1851874131	0.0509886223	0.0085235848	0.0156261162	0.0565393141	-0.1745071727	0.0687548513	-0.0596399439	0.0776305112	0.0738823236	-0.0018396452	-0.0764611723	-0.1053450429	-0.0323017670664569	-0.0156535355714595	0.0010434041556156	0.0002450331758869	0.0140291668333247	0.0069696646990849	4.857622601767021e-05	0.0001968175220372	0.109746936454286	0.0151884584022071	0.012044390061101	0.0002306892686355	6.399999975085626e-05	-0.0004139999655931	1.7139597151112417e-07	4.0959999681096015e-09	-1.0431999930560213e-08	2.5417999705013014e-08	1.0882662255120828e-16	6.460747090040416e-16	-0.0003259999969505	-0.0001759999909509	1.0627599801172603e-07	3.0975996814716884e-08	0.0	0.0	0.0
4239.276491153077	7.729395749700416	17971465.168443143	59.74355865548685	3781.1449191028855	-17.47966045972362	305.5385297872253	14297056.899257569	4228.789034233485	6.219950529040034	38.687784583705394	17882656.69605337	4100.735550048828	3110.32574187234	1.056478	13.188323	0.0725474528273076	0.0413263259269188	0.0641999969	-0.0496579899	-0.0998961854	0.1171665946	0.105122464	0.1174519488	0.1278839991	0.0435385317	0.0430810398	0.0680088399	-0.0200941152	0.1551101075	-0.0414003992	0.0977215681	-0.0799971782	-0.0818654582	0.1617534291	-0.0740617973	0.0581648285	0.0487045729	0.0286505014	-0.1130819772	0.0877692601	0.0717407483	-0.0444137949	0.0097297948	-0.1512788488	-0.0268247189	-0.0613237304	-0.0069387148	0.0353563969	-0.0014150084	-0.0392430193	-0.0186599792	0.0097176923	0.014212465	-0.0870803523	-0.0194799107	0.0296445891	-0.0086853181	-0.1450791545	0.0628748515	-0.061877986	-0.0969979117	0.0572476482	-0.0167636829	0.0713129415	0.0335913717	0.0115347242	0.092560256	-0.0441008531	-0.0323475682	0.1533041359	-0.0898122763	-0.1053021541	0.1756766764	0.0786439303	0.072112937	-0.0114900644	-0.0765676536	0.0829161453	0.0307602053	-0.1085822862	-0.0596542437	0.0348727397	-0.1026607068	0.0667601382	0.0481339094	-0.0284229439	0.0437388193	0.0181023515	0.0372488808	0.0596525306	-0.0199165721	-0.0734354879	0.029741204	-0.0184208648	-0.002026272	-0.0133034821	-0.1002029927	-0.0479631821	0.033590629	-0.0133965171	-0.0634707423	-0.0963458153	-0.1218754327	-0.0490640021	-0.0113593616	0.0010653887	0.0625347889	-0.0131005044	-0.0647933403	-0.1360476826	-0.0669960989	0.0148422354	-0.0577599699	0.0636056372	0.0924490759	0.0161210666	-0.0748075909	-0.0965019985	0.1399635497	-0.0666404367	0.0708112659	-0.037054469	-0.0056374691	0.0274983519	0.0289594645	0.0644133067	-0.1380060528	0.0303601091	-0.1255045603	0.0044663581	0.0725589432	-0.0055166942	-0.0801538266	-0.1048318124	-0.0166394562234302	0.0156623108430267	0.0002768715034114	0.0002453079809435	0.01082907003466	-0.0032000967986647	1.024061952082406e-05	0.0001172687578155	0.0800144866259415	-0.0297324498283444	0.0064023180700129	0.000884018572795	0.0004779999653439	0.000413999965593	1.713959715110414e-07	2.284839668687696e-07	-6.237899752292719e-08	-5.194699759236698e-08	3.891139331965357e-15	2.698490558861381e-15	-0.0002610000023957	6.49999945548e-05	6.812100125055541e-08	4.224999292124029e-09	0.0	0.0	0.0
4253.5156037444	14.239112591323646	18092394.99129709	202.7523273883916	3789.375592113966	8.230673011080398	67.74397821532727	14359367.37810907	4236.577945256879	7.788911023393666	60.66713493034337	17948592.686236996	4105.532154296875	3169.702210123813	1.074246	13.410115	0.0693895751567885	0.0394308417149866	0.0735269623	0.028271268	-0.0503173977	-0.0593735728	0.1503053792	-0.0443480104	0.1130768414	0.0592175853	0.0581671616	0.2627994257	-0.0081025724	0.0695166332	-0.0705260112	-0.0092326699	0.0069706037	0.0123723653	0.0770188456	-0.0510406894	0.206131531	-0.0657628468	-0.0824640087	-0.0415473027	-0.1304966439	-0.0131942892	0.0571104972	0.049946516	0.0259492343	0.0123982119	-0.0103775578	0.1176634755	0.0078363357	0.045331811	-0.036026382	-0.0671178635	0.000823191	0.1304014109	0.1596356358	-0.0554028133	0.0896015169	0.089539438	-0.0106470926	0.0188657675	-0.0036145074	0.0151355856	0.0653906119	-0.0271544173	-0.0301772952	-0.0138867296	-0.0654681282	0.0714592032	-0.1438391071	-0.0349634263	-0.012940645	-0.0325006355	0.0174883812	0.0410424986	0.0752021773	0.1310012442	-0.124844976	-0.1569314433	0.0129704424	-0.0338041345	0.1631754443	-0.0500086843	-0.0205736969	0.0842904406	0.1088031389	-0.0217802094	0.0280572809	0.0378442368	0.0663331227	0.0192559635	-0.0069724353	0.0539286445	0.0579603857	-0.0863429541	0.0419166245	-0.0924372761	-0.0327098003	-0.0320961441	0.0405845784	-0.1075152456	-0.0063800686	-0.0601352138	-0.1264161928	0.0325683049	-0.0101821526	-0.0262569429	-0.142607469	0.0716766193	-0.0478068445	0.0631762747	0.0628106511	0.0207382143	0.0672256166	-0.0230023059	0.0711577218	0.0575074028	-0.1051469792	-0.1415989295	-0.0438214374	0.1119428428	0.0089687645	0.0966554904	0.0131062856	-0.020677608	0.0013663315	0.0003930368	0.0630946146	-0.146006027	-0.0574919772	-0.097782276	0.0295764095	0.0712134607	-0.0091870219	-0.0836267848	-0.1038078519	-0.0268841961269572	-0.010244739903527	0.0007227600013927	0.0001049546956909	0.020348742483037	0.0095196724483769	9.062416352438811e-05	0.0004140713206409	0.0459918085523867	-0.0340226780735548	0.0021152464539193	0.0011575426232967	0.0007570006240663	0.0002790006587224	7.784136756753314e-08	5.730499448367677e-07	-1.1127915011677204e-07	-4.8900152593844857e-08	1.2383049250711087e-14	2.391224923701311e-15	-0.0002940001381473	-3.30001357516e-05	8.643608123063149e-08	1.0890089596240283e-09	0.0	0.0	0.0
4256.931168553494	3.4155648090936666	18121462.973802216	11.666082965119054	3805.47585439492	16.10026228095421	259.2184455155169	14481646.478382748	4244.334248233799	7.756302976920779	60.160235869790135	18014373.21073037	4113.044076171875	3198.49882704842	1.122866	14.017064	0.0792669128336643	0.054630648980635	0.0483082071	0.1081227383	0.0399001171	0.0471990087	0.0742144365	0.1056013283	-0.1233594653	-0.0169525346	-0.0001241167	0.132015213	-0.0908131902	-0.0456917879	0.0075339559	0.1060603187	0.0921033692	-0.0055553768	0.0007110248	0.0123243419	-0.0148634047	0.0928497013	-0.0073242712	-0.1972751956	-0.0088419531	-0.066511406	0.0213603756	-0.000133605	0.080003704	0.0944105141	-0.0922623527	-0.0994535866	0.0004502285	0.0170993003	0.0394757375	0.0640836209	-0.0515261118	0.1260898444	0.1062513624	-0.0672567166	-0.1564948461	0.145837626	-0.0570658776	0.0028400946	-0.0430797877	-0.016435245	0.0535253405	-0.0943810815	-0.0381118414	0.001790982	0.100360091	0.0644620011	-0.0124297717	-0.057867909	-0.0288185566	0.0723190268	0.016085668	0.0603477061	0.0724893602	-0.1117569273	0.0207502204	-0.1817533033	-0.0445293263	0.0073683146	-0.0511605848	0.01834951	-0.0473749881	0.0500725977	0.1229676552	-0.0302075555	-1.97486e-05	0.0600461901	-0.1170465129	-0.096058942	0.0929798898	0.0897623873	-0.0157180346	-0.0933996985	-0.1399108768	-0.0142192383	0.0942763208	-0.0769008803	0.0779038112	-0.1593375413	-0.0101560617	0.1106858977	-0.0036900165	-0.0506878513	0.0321751687	-0.0351316491	0.0311409403	0.0432406457	0.0150495982	0.0108549195	0.0341063224	-0.1169098749	-0.0206942561	0.1092337958	-0.032116941	-0.1058723089	-0.0517533457	-0.0434830999	-0.0283946043	0.1448303928	0.007787379	0.1048847416	-0.0160869187	-0.0465894114	-0.0691419694	0.00839997	-0.0321988499	-0.2735873138	-0.0316377104	-0.0745771488	0.1020328737	0.0698462859	-0.0128461567	-0.0868705278	-0.10227815	-0.0295072408263195	-0.0026230446993622	0.0008706772611824	6.880363494852652e-06	0.0203770332823864	2.82907993494029e-05	8.003693278281755e-10	0.0004152234853914	0.0842520225258738	0.0382602139734871	0.0070984032997003	0.001463843973297	3.899999863107672e-05	-0.0007180006254352	5.155248981253718e-07	1.520999893223986e-09	-4.777499729158308e-09	1.0650165038761375e-07	2.2824503662107706e-17	1.1342601535285504e-14	-0.0002449999980036	4.900014014370003e-05	6.0024999021764e-08	2.401013734102243e-09	0.0	0.0	0.0
4248.037460589486	-8.893707964008172	18045822.266571566	79.09804134906238	3814.987676734469	9.511822339548871	90.47476421914097	14554130.973635862	4243.427838208851	-0.9064100249479452	0.8215791333261346	18006679.818085846	4115.598507405599	3193.5903730975783	1.184376	14.7849	0.1903560421550691	0.1121617651608626	-0.0282734617	0.0626849914	-0.0756575885	-0.124751242	0.0125259679	-0.0511022719	0.0593896901	-0.1216917065	-0.0369242212	-0.0317377457	0.0194606131	-0.1136053869	-0.0649210774	-0.0131639482	0.0633631473	0.0400184368	-0.1475923209	-0.0349992684	0.0401470477	-0.0618453107	-0.0394825189	0.1434673531	0.0082976556	0.016092857	-0.0380687404	0.0527043852	0.0309179821	0.0199808775	0.069463579	-0.1229720673	0.0061951009	0.0095960414	-0.0876939858	0.1154917033	0.0233022506	-0.1547387666	0.0224085233	-0.0606802818	0.0201010364	0.0674809814	-0.0254779879	-0.0674000769	0.0315050685	0.169468118	0.0072948032	0.0015476211	0.0890811243	-0.0268213857	0.0896682392	0.1760490434	0.0893668743	-0.1260161109	-0.0171309118	0.0676747631	0.0515548389	-0.0575997926	-0.1467315469	0.0482239818	-0.0573084979	0.0508678521	-0.0054882413	-0.0342388983	0.0430239845	0.0278282371	0.0916206011	-0.0162294096	-0.079688486	-0.0772470929	0.089963343	-0.0513419799	-0.0595772369	-0.1512519575	-0.0381023343	0.1259120189	-0.1175252564	0.0389240834	0.0563730868	0.0926673007	0.0159152807	0.1397441319	0.1376700384	0.0110101786	-0.0399412835	0.0749039147	0.0151921523	-0.0912055029	0.0186238293	-0.0128107791	0.0633538804	-0.0421731828	-0.0302331886	0.0898321014	-0.0272903821	0.100620266	0.0195589717	0.1157605915	-0.0895434064	0.0265438061	-0.1434293729	0.0315445506	-0.0017060658	-0.0611898606	0.0671015938	0.0510020122	-0.0332442715	0.0543738178	0.0017817564	-0.1089238209	-0.0024060818	-0.1236154985	-0.0870235456	-0.0453374045	0.0966225165	0.0684578352	-0.0164896405	-0.0898761648	-0.1002501592	-0.0165033075252267	0.0130039333010927	0.0002723591592722	0.0001691022812992	-0.0025539943667638	-0.0229310276491502	0.000525832029046	6.522887225461223e-06	0.1891282263688225	0.1048762038429487	0.0357694860094165	0.0109990181325077	-0.0004690299188873	-0.0005080299175183	2.5809439709372866e-07	2.1998906481142722e-07	-0.0003909641101738	-0.000390959332674	1.5285293544399122e-07	1.528491998049548e-07	-0.0001530917009585	9.190829704509996e-05	2.3437068902366796e-08	8.447135065730332e-09	0.0	0.0	0.0
4246.184804837912	-1.8526557515733657	18030085.39683638	3.4323333338378728	3805.689577140656	-9.298099593812822	86.45465605646216	14483273.157557026	4238.757106634972	-4.670731573879493	21.815733435234808	17967061.809048478	4110.330962809245	3163.839145752648	1.107207	13.821586	0.0333122665200968	0.0186016194276671	-0.0398684245	0.0116138357	0.0949864623	-0.0134102897	0.0831234345	-0.1120727895	-0.080005106	-0.0010798877	0.0334296383	-0.0542625324	0.039728904	0.0004513728	-0.0590727064	0.1169184173	0.0091700077	0.0117002822	-0.1400806775	-0.0334266841	-0.0980655991	0.0714443651	-0.1925525297	0.0061873415	0.0652578132	0.0368179682	0.0612737522	-0.149287189	0.0588759733	-0.0450881827	0.0652198439	-0.0395512731	0.0932099086	0.1312940823	-0.0871554428	0.0412147081	-0.023435938	0.0171941342	0.058790228	0.1027503221	0.0579899643	0.0712081183	-0.0226498118	0.0366380585	0.0320440991	0.0611473239	0.1478394833	0.0031108818	0.0153258487	0.062618881	0.0093084683	0.0690273317	0.0765839891	0.0731681038	0.080774323	0.0153629298	0.0511987919	-0.100151183	-0.0183581693	-0.0995609595	-0.0715528473	-0.0148796245	0.1906515359	-0.0206420071	-0.0905314402	0.0361717834	-0.0167580732	0.1012870782	-0.1206849539	0.0440663609	-0.048773395	0.0276934382	0.0101664285	-0.2126593207	0.0482265307	0.0387168305	-0.0117924816	-0.1008394529	0.0306626115	-0.0084371598	-0.1446637609	-0.0291896092	0.1743411194	0.0851990603	-0.1510076403	0.0491703731	0.024880529	-0.0613904459	-0.0148718984	-0.1224002604	-0.0527853062	-0.0272021438	-0.0105559186	-0.0469120984	0.0470107376	-0.0058531552	0.052058447	0.1271805103	-0.0452026688	0.0336743337	0.0664311756	0.1078520472	-0.0935512549	0.0158258805	-0.0559975032	0.0450508093	-0.0824706612	0.0780134292	0.1233115238	-0.1317040742	-0.0242765648	-0.0356947525	-0.0620430106	0.1518314437	0.0424546696	0.0670485315	-0.0201130341	-0.0926354574	-0.0977337597	-0.0164464066411085	5.690088411820088e-05	0.0002704842914046	3.237710613432925e-09	-0.0195220828786233	-0.0169680885118595	0.0002879160277462	0.0003811117199198	0.1889932244484384	-0.000135001920384	0.0357184388874178	1.8225518507394327e-08	-0.0005530704302294	-8.404051134209997e-05	7.062807546641634e-09	3.058869007941336e-07	-0.000500922241206	-0.0001099581310322	2.509230917348421e-07	1.2090790580094481e-08	-0.0002821385626589	-0.0001290468617004	7.960216853923007e-08	1.6653092514722166e-08	0.0	0.0	0.0
4248.717744484331	2.5329396464185265	18051602.472296026	6.4157832523988105	3791.35664130587	-14.332935834785983	205.43304964409225	14374385.181574129	4231.4041354823175	-7.352971152654391	54.06618477176764	17904780.95777686	4104.229474365235	3151.42081782421	1.059755	13.229222	0.0211331846533247	0.0149960855870192	-0.0453713935	0.0337133425	-0.04873548	0.1081196878	0.0930469735	0.1273786161	0.0231809777	-0.0365581215	0.0863505224	-0.0609334945	0.0845056233	0.0379678877	-0.0442003122	-0.0176497538	-0.0629249681	-0.0099184897	0.0001725898	-0.1361944105	-0.1240245373	-0.0815131416	0.1762856597	0.08327084	-0.0136635048	0.04355471	-0.0198101313	0.1808335047	0.0652869373	0.126497579	0.0107437759	0.0258592714	-0.1168897349	0.0775550853	0.013257456	-0.0172689229	-0.0830715824	-0.015460514	0.0822015384	-0.1070502085	0.0565506139	-0.0160553733	-0.0140522448	-0.0007818472	0.0726370422	-0.0467235407	0.1318811843	0.1074743436	-0.0064290376	-0.0577428505	0.1279737972	-0.0448659369	0.178280473	0.070970601	0.1076056654	-0.0568073262	-0.0265024056	0.0846903286	-0.0856959829	-0.0632365101	-0.0105066296	0.1593225429	-0.0225363709	0.0775831278	0.061376419	-0.0812290137	0.0898781241	-0.0497874306	0.1552642941	-0.078840372	0.0626632251	-0.0705777106	-0.0417647468	-0.0180387799	-0.1025423677	0.0859312859	0.1089831815	-0.0833501269	0.0644957012	0.0371270541	0.0888645016	-0.0018849592	0.1443571985	0.0138579172	-0.0221893285	-0.0863303164	0.0803821535	0.0418991495	-0.1116116067	0.016063702	0.0566605943	-0.0387602215	0.0094893372	-0.0243237485	-0.0621901484	-0.0227986391	-0.0909385684	0.0676217278	-0.0474416929	0.1280653969	-0.0685294255	-0.1064659075	-0.0619247537	-0.0191709816	0.0670806832	0.0311244007	-0.0727298697	-0.0251040815	0.0760549377	-0.1229365268	0.0432744202	0.063267715	-0.0499914429	0.020645978	0.0135410406	0.0656188043	-0.0237119231	-0.0951408427	-0.0947412111	-0.016466110866105	-1.970422499649946e-05	0.0002711328070548	3.882564827126741e-10	-0.0085648065228696	0.0109572763557537	0.0001200619051363	7.335591077418965e-05	0.189147380763373	0.0001541563149345	0.0357767316496444	2.3764169434213975e-08	-0.0007020780302546	-0.0001490076000252	2.2203264865269995e-08	4.929135605661791e-07	-0.0005519007300391	-5.09784888331e-05	3.045944158176916e-07	2.598806323706501e-09	-0.0002821934289534	-5.486629449998493e-08	7.963313134447761e-08	3.010310272159077e-15	0.0	0.0	0.0
4243.153673460623	-5.564071023707584	18004353.096602384	30.95888635686236	3789.770099533506	-1.5865417723643986	2.517114795457167	14362357.4073182	4229.954857691775	-1.44927779054251	2.1004061141597794	17892518.098110244	4104.005507486979	3154.272862701633	1.085424	13.549661	0.0642450768520755	0.0372853490886103	-0.0695506426	-0.0218791458	-0.0614816362	-0.1187808112	0.0617440681	-0.1335999435	0.0974851834	0.0516917532	0.0100590357	-0.0258421061	-0.0345105409	-0.0595049292	-0.0293493179	0.0481502762	-0.0551428291	0.0629467679	-0.0079942648	-0.0120134455	0.0526016756	-0.0816644858	-0.1282766299	-0.0414912816	0.1904984176	0.0364667335	-0.0013701137	-0.0234476209	-0.0465070725	0.0816040512	-0.1751518338	-0.0366799825	0.0874638968	0.0191381445	0.0022587983	-0.0622613208	0.1257695368	-0.1034819374	-0.0614153256	-0.0476676043	0.0039034569	-0.0627465709	-0.0480912898	-0.1396873121	0.0058959304	-0.0810164459	-0.0767416132	0.0102415827	-0.0452241211	0.01730677	-0.0413144676	-0.0573068668	0.1806308107	0.0607919376	-0.0180568909	-0.058636098	0.0587240621	-0.0470379543	-0.0232447945	0.0919679301	-0.0823410729	-0.014634566	0.0423978509	-0.0458890703	-0.161869584	0.0232376667	0.0244619176	0.0040728505	0.0829512231	0.0001213065	-0.1049640787	0.1760156119	-0.1266752507	0.0706392259	-0.071964692	-0.03173527	-0.1158521838	0.0346696576	0.0889069793	0.107771035	-0.0468287374	-0.051122024	-0.0118320042	-0.0124544879	0.0301170671	0.0817137925	0.1207904662	-0.0131369821	-0.0270936663	0.0715052614	0.0565358366	-0.0520634167	-0.0376295694	0.0064905053	-0.0095504896	0.1377375621	0.0211950252	0.1165272509	-0.0696031437	-0.0777994016	-0.0411795626	0.0079070028	-0.1069189807	0.0117907622	-0.0818632841	0.0286097117	0.0334187676	0.0050277478	0.0457800599	-0.0524126327	0.028513928	0.0278565932	-0.0705809115	0.0078348396	0.0399730602	0.0641690889	-0.0272819228	-0.0973854535	-0.0912870929	-0.0256886690826974	-0.0092225582165923	0.0006599077192403	8.505558005843597e-05	0.0042381302274634	0.012802936750333	0.000163915189433	1.7961747824938973e-05	0.2213119711050382	0.0321645903416651	0.0489789885543972	0.0010345608718471	-0.0007021066025701	-2.8572315500011682e-08	8.163772130322076e-16	4.929536813725284e-07	-0.0007529012573495	-0.0002010005273104	5.668603033184582e-07	4.0401211979058864e-08	-0.0002822641601972	-7.073124380001327e-08	7.96730561318306e-08	5.0029088494969135e-15	0.0	0.0	0.0
4244.614426525598	1.4607530649745968	18016751.62986923	2.1337995168326787	3792.5031847706814	2.733085237175601	7.46975491366721	14383080.40649576	4233.670211150867	3.7153534590916015	13.803851325983937	17923963.456786223	4103.614263834636	3153.3451994764346	1.097744	13.70345	0.081562982156327	0.0432797455736757	-0.0732316801	0.0020472093	0.044824876	0.0663148134	0.0266283327	0.0494567898	-0.0957901148	0.0427588472	0.0592151291	-0.0368070369	-0.0305361317	-0.121507863	-0.0367923524	-0.0176438563	-0.0265538788	0.0396749181	0.0358145536	-0.0783886197	-0.0616261642	-0.0775614013	0.0247241928	-0.0101847029	0.0142687126	-0.0670843636	-0.0688355221	0.0108266607	0.1661959589	0.044981954	-0.0055393857	0.1504416408	-0.1354612586	0.0857994167	-0.0135917608	0.019464936	-0.1251459164	0.0294304592	-0.0004214192	-0.0079361684	0.0456244738	0.1712547965	-0.0133481006	-0.0900849061	0.0317858429	0.0230232997	-0.0429867107	0.1025615957	-0.056134243	-0.1382933655	-0.0351750778	0.0226957285	-0.0725633281	0.0341635203	-0.0490728555	-0.0452553379	0.031307446	0.0452118665	0.0246156758	-0.0867391844	-0.0880039325	0.0402760989	-0.1257917009	-0.0106332611	-0.0381205177	0.0646072765	0.0098270972	0.0577605838	0.0054460475	-0.1083536666	0.1445319745	0.0058270891	0.0619775186	0.0669882583	-0.0095570263	0.0873918048	0.1545678027	-0.0503050249	0.0450066102	0.1168180653	-0.0173105522	0.0210355174	0.1218167767	-0.0107928413	-0.0162952106	0.133370849	-0.1027823987	0.016164539	-0.0367210908	0.0718400139	0.0635547112	-0.0679113346	-0.0084270388	-0.0859541844	-0.0330949708	-0.0290699009	-0.0727434428	0.1566620184	-0.1037424885	0.0706110209	-0.0412624205	-0.0546186006	-0.0507867538	-0.1061493725	0.1438236723	0.0358968996	0.0273181154	-0.0450943017	0.0450422333	-0.110505796	-0.0115017646	-0.0609457126	-0.0019864343	0.1138420093	-0.0874934095	0.062699827	-0.0308186837	-0.0993631376	-0.0873882332	-0.0304022881800563	-0.0047136190973589	0.0009242991265831	2.221820499498654e-05	-0.0234196048633208	-0.0276577350907842	0.0007649503103519	0.000548477891954	0.2522227941920221	0.0309108230869838	0.0636163379100311	0.0009554789839148	-0.0009931176413202	-0.0002910110387501	8.468742467441221e-08	9.862826495013974e-07	-0.0008268596264815	-7.395836913199998e-05	6.836968419051257e-07	5.469840364665167e-09	-0.0002829108499391	-6.466897418999683e-07	8.003854901326395e-08	4.182076222786476e-13	0.0	0.0	0.0
4236.298213224603	-8.316213300994605	17946222.55136997	69.15940366763958	3784.715180537615	-7.788004233066204	60.65300993425711	14324068.997791871	4229.903791839001	-3.76641931186532	14.185914432792032	17892086.08821396	4103.681752970378	3139.045580672675	1.119485	13.974854	0.087306722704903	0.0492218317151487	-0.079166157	-0.0891462306	-0.0663006061	-0.108137958	0.0076297049	-0.1132549622	0.1154176545	0.065161516	0.0247094932	-0.1208107715	-0.0570543635	-0.06905657	-0.074481804	-0.0019494424	-0.0495624356	0.068795024	-0.0458779176	-0.0039140278	0.0184438676	-0.1261263363	-0.0771886447	-0.0416216379	0.0408557444	0.0517875175	-0.1742134577	-0.0005707438	-0.0280658888	-0.2056306513	-0.0101285643	0.0303227589	0.1438418744	0.0721203184	0.0609287038	0.0234532188	0.0412077754	-0.0989313137	-0.0794365516	0.0524785772	-0.0716251031	0.0024949572	-0.0324631207	0.0082179425	0.0101364962	0.007533296	-0.0314233066	-0.0888907398	-0.0607596668	0.0020065323	-0.0329806474	-0.1139726998	0.0997173858	0.0767913994	-0.0985287677	-0.0529956217	0.045951609	-0.0534469304	-0.0599695468	0.11007507	-0.0964948102	-0.0005012724	-0.0342709967	-0.080075943	-0.1360161565	0.0339128707	0.1686164887	-0.0831702793	-0.1021458937	0.134730482	-0.0882205069	-0.0075575564	0.0727385534	-0.0090521231	-0.0762327926	-0.0185473212	-0.0886122606	-0.0969306779	-0.0610348253	0.1336998579	-0.0215957382	-0.0456696955	-0.0781273539	0.0447391868	-0.0120929101	0.0170625361	0.0048502432	-0.0285398273	0.0145303552	0.0462195673	0.028550222	-0.0474956662	-0.028726684	-0.0449557285	-0.051062059	0.1538148497	0.0580157046	0.0931936733	-0.0816189891	-0.1086680484	0.0086489477	-0.0425407438	-0.0136347002	-0.0712310698	-0.0196774447	0.0435092118	-0.0142835667	0.0110736007	0.049990675	-0.0503575391	0.0685419798	0.0466521852	-0.0078559513	0.0617570819	0.0136311598	0.0612114661	-0.0343178967	-0.1010684743	-0.0830636267	-0.0255103031100247	0.0048919850700316	0.0006507755647653	2.393151792541208e-05	0.0199952893706125	0.0434148942339333	0.0018848530413436	0.0003998115970145	0.230229818591809	-0.0219929756002131	0.0530057693688172	0.0004836909757515	-0.0007021245399718	0.0002909931013484	8.467698503236024e-08	4.929788696306117e-07	-0.0008759008920435	-4.904126556200001e-05	7.672023726825991e-07	2.405045727922608e-09	-0.000282807860835	1.0298910409998205e-07	7.998028615006873e-08	1.0606755563316941e-14	0.0	0.0	0.0
4238.015202651192	1.7169894265889525	17960772.857902627	2.94805269101826	3788.168545058049	3.453364520433752	11.925726510990636	14350220.925767217	4230.064132961127	0.1603411221258284	0.0257092754445698	17893442.568964172	4102.996165608724	3123.266965602913	1.045973	13.057178	0.0191463693717492	0.0111154244973663	-0.0721277752	-0.0879124959	0.0446307356	0.0624991603	0.0424450707	0.0175086658	-0.0675588082	0.0778796348	0.0199644193	-0.0940430062	-0.046660793	-0.0934381446	-0.0880951985	-0.0166617571	-0.0496237297	0.0086048784	-0.0263508805	-0.0626604851	-0.081618513	-0.0578641553	-0.007104228	-0.0066074408	-0.0599487668	0.0996839309	-0.1172416309	0.0041093283	0.0577694102	-0.0608843035	0.002014253	0.0137436241	-0.1199853874	0.1163643534	0.0730428611	-0.0365141411	0.0095598968	-0.0470581938	-0.002482458	-0.0101213983	-0.1053797816	-0.0339423536	0.1001175608	0.0334179085	0.0103782752	0.0106869845	0.0013444219	-0.1488500234	-0.0031896656	-0.031040277	-0.0636531461	0.1053159844	-0.0063605345	0.0599160715	0.015479962	-0.0407886003	-0.0056915483	-0.0033816634	-0.0190387023	-0.0531836004	-0.0738961347	0.0618736635	-0.0567387486	-0.000360642	-0.023740962	0.0543365097	0.1216632173	-0.0004702175	-0.0539420504	0.0193447477	0.1039253044	0.0232695639	0.0599264969	-0.0213467389	-0.0419642675	-0.086425758	0.1047710082	-0.0879855893	-0.0258021445	0.0435297454	0.117306906	0.045605456	-0.0036995445	-0.015130918	-0.0046741189	0.047147223	0.0147851974	-0.0146607755	0.1943786299	-0.079794583	0.0479651224	-0.0429372435	-0.0352303722	-0.133409175	-0.0399552777	-0.0005280556	-0.0915562218	0.1038039888	-0.0696738215	-0.0005609252	-0.0204154174	-0.1208812868	-0.0118103574	-0.0551891079	0.1450682991	-0.0007591115	-0.0623921653	-0.121485015	0.0255878035	-0.0847547625	0.0406720789	-0.0052710638	0.0316415895	0.1539222273	-0.1243954636	0.0597044597	-0.0377752987	-0.1024967892	-0.0783343427	-0.0336764014569013	-0.0081660983468766	0.0011341000150863	6.668516221086081e-05	0.0127921922877476	-0.0072030970828648	5.1884607585176825e-05	0.0001636401835267	0.2302301135910767	2.949992677081515e-07	0.05300590520416	8.70245679483456e-14	-0.0007021134259749	1.1113996899983665e-08	1.2352092709284652e-16	4.929632629342114e-07	-0.0008009012690897	7.499962295380005e-05	6.41442842829492e-07	5.624943443212172e-09	-0.0002822810189309	5.268419041000254e-07	7.968257364866712e-08	2.775623919157404e-13	0.0	0.0	0.0
4235.934957410177	-2.080245241015291	17943144.963409558	4.327420262766766	3783.8398264850753	-4.328718572973685	18.73780448400733	14317443.832494603	4234.443802748964	4.379669787836974	19.181507450491967	17930514.318639107	4105.724876098633	3111.34026539614	1.067747	13.328997	0.0475967626027149	0.0235360952207158	-0.0616069297	-0.1560911728	-0.0592737641	-0.09380173	-0.0422589269	-0.1154966857	0.1074447968	0.0695602851	0.0077010325	-0.090902266	-0.0793182051	-0.0671300861	-0.0202077022	0.0085034809	-0.0034297379	0.0486071923	-0.0172443589	0.028071595	0.0615959466	-0.0271778291	-0.0970446668	-0.0117678841	-0.0141468404	-0.0872487167	-0.1548041842	-0.0440074941	-0.06694964	0.017369322	0.004558114	0.0001053514	-0.0709744922	-0.0247627043	0.0880786731	0.056677843	0.1530220035	-0.1266898	-0.1223329062	0.0110658692	0.0119786799	0.0425015963	-0.0364188455	-0.0506220451	0.0706717531	-0.004179274	0.0658361276	0.0270276592	0.0153889926	0.0550945638	0.1118469219	-0.0633548031	0.051899259	-0.0592252759	-0.0127110851	-0.0126935395	0.0381684974	-0.0349184727	-0.0235804625	0.0987944466	-0.0369960779	-0.052084672	-0.0506950118	-0.0689553357	-0.0710183784	0.1102122621	-0.0020269241	-0.1323618582	-0.102782068	-0.0161301188	0.0061988248	-0.0051428918	-0.0296140765	0.0317300201	-0.1323899246	-0.0331455597	-0.1029920073	0.0877724754	-0.1104666518	0.0784401025	-0.0278622509	-0.0641001224	0.0558649107	0.0268330831	0.0101322632	0.0035601084	0.0664801433	0.0623253822	0.0055492871	-0.0208332488	-0.0062066253	-0.0269635663	-0.0622173009	-0.0783928501	-0.0563302381	0.1604253561	0.0471731978	0.0297760367	-0.0557785513	-0.132555441	0.0037385852	-0.0436588121	0.0264657575	-0.0442811272	-0.0618208608	-0.0092232025	0.0223525854	-0.0135722174	0.0140390293	-0.0260138218	0.0900418913	0.1150574585	-0.0031348139	0.0221476197	-0.0320177869	0.0581792666	-0.0411866773	-0.1036441676	-0.0732234215	-0.0337404888900607	-6.408743315939464e-05	0.0011384205905403	4.107199088959875e-09	0.0280363071971692	0.0152441149094216	0.0002323830393716	0.000786034521254	0.2221931887041677	-0.0080369248869089	0.0493698131065258	6.459216163781711e-05	-0.0008121217586456	-0.0001100083326707	1.21018332569874e-08	6.595417508656221e-07	-0.0005698272746792	0.0002310739944104	3.247031229683245e-07	5.3395190892823764e-08	-0.0004262313993142	-0.0001439503803833	1.81673205761341e-07	2.0721712012496763e-08	0.0	0.0	0.0
4241.881166844249	5.946209434071534	17993555.833627924	35.357406633841315	3786.0112953945936	2.171468909518353	4.715277225004825	14333881.528855449	4231.728563837644	-2.7152389113198296	7.372522345545294	17907526.63799941	4102.842044596354	3137.5752926605355	1.114288	13.909983	0.0626541733195231	0.031220866114652	-0.0423431905	-0.0921993865	0.1495158102	0.0515088845	-0.073484448	0.0349862478	-0.1030292256	0.0527525773	0.0392503622	-0.0477984979	-0.0357178638	-0.1088961652	-0.0789868885	-0.0497246345	-0.0273015457	-0.0063226784	0.0115726414	-0.0632582862	-0.0921932826	-0.0573266083	0.015212862	-0.0816163036	0.0239339598	0.121116969	-0.1133064862	-0.0133574027	0.07270393	-0.0031460429	0.1691654227	0.1220185205	-0.2022248547	-0.0252477885	-0.1290685005	0.0367681481	0.1064979892	0.0187890024	-0.0257159423	0.0293788232	-0.0641058799	0.0327990349	0.0497051923	-0.0507262992	0.0181587573	0.0148547807	-0.0324950444	-0.0140215121	-0.132498024	-0.064696174	0.1259128929	-0.1150030611	0.0063391963	-0.0410642697	-0.1571148718	-0.0238213671	-0.0114185931	0.0207359169	0.0231652045	-0.1100348322	-0.0809391695	0.0417988323	-0.0720849403	0.0043857731	-0.0667434362	0.0204923667	0.1051935156	-0.0278474824	-0.1093084268	-0.1680621902	0.1386424418	-0.0098364157	0.1986681833	-0.0165547162	-0.0854959201	-0.076733099	0.0112361422	0.06864246	0.0463895936	-0.0956436449	-0.0643238255	-0.026775744	-0.0455780189	-0.0808355913	0.0392300076	-0.00924962	0.1325356475	0.1550094388	0.027289992	0.0263796777	0.0131774916	-0.0360459874	-0.0289346068	-0.133913208	0.0265854253	-0.0127479391	-0.0184167122	0.0810827838	-0.1327578442	0.0312673781	0.0208796507	-0.0259311107	0.1361560095	-0.0545590947	-0.0068152071	0.0042461883	0.107433923	-0.024715106	-0.0426040117	0.0392780245	-0.0358002314	0.1354016914	0.0192749463	-0.0186946628	0.0138693814	0.0566363516	-0.0445478763	-0.1045074645	-0.0677557633	-0.033614893909089	0.0001255949809716	0.0011299610925193	1.5774099245281536e-08	0.0034550151132464	-0.0245812920839228	0.0006042399205151	1.1937129432761036e-05	0.2300479733734164	0.0078547846692486	0.0529220700532161	6.169764220026422e-05	-0.0009566257129229	-0.0001445039542773	2.0881392801776013e-08	9.151327546252466e-07	-0.0008838652579112	-0.0003140379832319	7.81217794142432e-07	9.861985491242187e-08	-0.0002829233051159	0.0001433080941982	8.004559657770466e-08	2.053720986274881e-08	0.0	0.0	0.0
4233.143428080221	-8.737738764027199	17919503.28269877	76.34807870838357	3798.307223255416	12.295927860822305	151.18984195854614	14427137.762234269	4233.319440569197	1.590876731552271	2.530888774994436	17920993.485901095	4106.266532145182	3117.194463347304	1.105529	13.800633	0.0472866939435502	0.0237641568513875	-0.0549101776	-0.1556234639	-0.0306974507	-0.1191191653	-0.115104708	-0.0696168154	0.1336006319	0.0140906181	-0.0437673745	-0.0950798962	-0.022514813	-0.1358902564	-0.0094848985	-0.039975806	-0.0255895823	0.0114218976	-0.0075528534	0.0120649521	0.0531128372	-0.0515800874	-0.1061310318	0.1128868489	-0.013926919	-0.1090460301	0.006409273	0.0095661603	-0.0484423046	-0.0866443576	0.0354167661	-0.072521471	-0.0618705495	-0.0775670152	0.0231067514	0.096411724	0.1277112496	-0.0168104303	0.0734576226	-0.0464427767	0.0151417102	-0.0357482092	-0.0555079561	-0.0591806771	-0.0273730294	-0.0804334236	0.1073356928	0.1317849587	0.0608000525	0.0676724949	0.0618649447	0.1230790283	-0.0081260745	-0.096727542	0.1828851761	-0.0216073771	0.0008743983	-0.0342551634	-0.0548581509	0.1008626874	-0.0236029011	0.0427660488	0.0089181907	-0.0736447112	0.0255318954	0.0246238108	-0.0301183826	-0.0783234027	-0.1420828442	0.0140241728	0.0502039858	-0.0690328862	-0.1291460158	0.0386110704	-0.1490393357	0.0409114321	-0.1316052748	0.0765224049	-0.1076931915	-0.042716634	-0.0209791963	0.0842780332	0.022463404	-0.0396233065	0.0454182342	-0.0511396634	0.0077018708	-0.0230314474	-0.0763852265	0.0944221005	-0.0660300912	-0.0393894924	-0.0766169202	-0.046335485	-0.0341710134	0.1545615476	0.0185461287	0.0118578955	-0.1051410885	-0.0567217993	-0.0490104679	-0.0334319892	0.035852558	-0.1164753545	-0.0316039268	-0.0600738115	0.0426245581	-0.0382413914	-0.0333509551	0.0640735704	0.0425138278	0.1244393966	-0.0322520306	0.0493259543	-0.0355523715	0.0550761846	-0.0478548005	-0.1050843138	-0.0619580057	-0.0336019083035807	1.298560550829636e-05	0.0011290882416422	1.686259504170968e-10	0.0153461419330227	0.0118911268197762	0.000141398897044	0.0002355040722284	0.247474108770902	0.0174261353974856	0.0612434345119522	0.0003036701948915	-0.0007021104532251	0.0002545152596978	6.477801741903859e-08	4.929590885279552e-07	-0.0007799012570943	0.0001039640008168	6.082459708172694e-07	1.0808513465856371e-08	-0.000282273643215	6.496619009000023e-07	7.967840965386913e-08	4.220605854810045e-13	0.0	0.0	0.0
4240.302841449733	7.15941336951164	17980168.187206678	51.257199795542014	3795.325798125856	-2.9814251295597387	8.888895803170305	14404497.913919669	4234.1336449944565	0.814204425259959	0.6629288461129	17927887.723674044	4104.79476953125	3116.9124304390225	1.03364	12.903229	0.0413750382799204	0.0224033790384168	-0.0572317777	-0.1272284215	0.0940866011	0.0615121632	-0.0923542168	-0.0141655823	-0.0527181197	0.0404224896	0.0374125316	-0.0689176461	-0.0923061639	-0.1170215735	-0.0735084708	0.0009569116	-0.0209909486	0.035870566	0.0439539167	0.010166778	-0.057902821	-0.0347586266	0.0145529075	-0.0556596966	0.1900565066	-0.1113285022	0.0251382083	0.0763934953	0.0588928621	-0.0065002186	0.0617102097	-0.052085192	-0.1587273954	-0.2553303628	-0.0842466399	-0.0196579072	0.1340947319	-0.0353316348	-0.0443638828	0.0593871488	-0.0328518562	-0.0145653183	-0.0619946662	0.0867007506	0.0045469329	0.0427404035	0.070021615	0.1075501848	0.0241963087	0.0474452187	-0.0206415362	-0.137400104	-0.0772466441	0.0416329523	0.0375566712	-0.0359770076	0.0320134044	0.0224584849	0.0716921794	-0.0590337088	-0.0039754216	-0.0010096157	-0.0515213321	-0.0939170432	-0.1796931664	-0.0356670251	-0.0637579117	0.014039756	-0.0161421135	-0.0775338556	0.1589352541	-0.1462107073	-0.0169262266	0.0545414144	-0.0609140951	0.0568867612	-0.1942444259	0.171936729	0.0264554566	-0.074073135	0.0575893025	-0.0126794174	0.0523553289	0.110594717	-0.1249676161	0.0173674902	0.0204263595	0.0089341323	-0.043605822	0.0066219595	-0.0107265048	-0.038828666	-0.0461639143	-0.1800475181	0.01246434	-0.0026254901	-0.0093279587	0.080651759	-0.0845278372	-0.0431952874	0.0571055618	0.0064018878	0.0893837984	-0.0238519154	-0.1621775254	-0.0432775795	0.0885871464	0.0263470862	-0.0213985571	0.1008026428	-0.0644893275	0.113129145	0.0043258937	0.0496077122	-0.0256934265	0.0534992409	-0.0511034211	-0.1053731342	-0.055858395	-0.0335413400927535	6.056821082719988e-05	0.0011250214952177	3.668508162808132e-09	0.0131058611721215	-0.0022402807609012	5.018857887664062e-06	0.0001717635970629	0.255540970891559	0.008066862120657	0.0653011878042006	6.507426447369107e-05	-0.0010611941932782	-0.0003590837400531	1.289411323705223e-07	1.1261331158473697e-06	-0.0008857678139644	-0.00010586655687	7.845846202552719e-07	1.1207727863530112e-08	-0.0004374698900425	-0.0001551962468274	1.9137990469379704e-07	2.4085875029342298e-08	0.0	0.0	0.0
4256.16983478379	15.866993334057042	18114981.662523475	251.7614774630106	3790.721085141856	-4.604712984000344	21.203381665021347	14369566.345339049	4236.374713231647	2.2410682371901203	5.022386843742433	17946870.710908517	4107.806803792318	3146.267131821699	1.100982	13.743876	0.0496995837387106	0.0283750057407067	-0.0289124148	-0.0316395794	-0.0738104628	0.0674059399	-0.1032274439	0.0385038079	0.118391574	-0.0474674335	0.0682334075	-0.0088179892	0.0427204718	-0.0088113491	-0.172010553	0.0517179247	-0.0170335746	0.0031836127	0.0369391252	-0.1851153418	0.0442875361	0.0491518998	-0.0133949813	-0.0053732874	0.0008783054	-0.058933608	-0.0066009508	-0.1497593233	-0.0250811921	-0.0084314144	0.0999271296	0.046671138	-0.0260288818	0.005165659	-0.1096613245	-0.0055811499	-0.0435302193	-0.0908823266	0.0053304412	-0.01446645	-0.0407213109	-0.0553190482	-0.0263944759	0.0915191843	-0.0666869968	0.005071586	-0.0782134552	0.0852740945	-0.0354396352	0.0241095593	0.0029614823	-0.0512021857	0.0197540391	0.0745686233	0.0530578311	-0.0293228499	-0.0344215755	0.1401736202	-0.0595893269	0.0326548389	-0.1253379207	-0.0308524153	0.0606886865	0.0134109441	-0.0461932652	0.031080478	-0.1267700562	0.0236616691	-0.066947627	0.0100689386	0.0145002765	-0.0475155875	0.1188298908	-0.0858100359	-0.0543198029	-0.010674235	0.0469036345	0.0254511588	0.0668333903	-0.0163080641	0.0388483219	-0.0773659122	-0.0787557552	0.0108099424	0.0691712543	0.0114698219	0.0266387178	-0.1206909047	-0.1115384242	0.0042625629	0.0029826465	-0.0363955375	0.0142483816	-0.0372910409	-0.1051741023	0.0274351423	-0.0127880251	0.0154881586	-0.1075246315	0.0684803687	0.106919427	-0.1236229951	0.1064775437	0.0261803602	-0.1260331793	-0.0522671542	0.1185641508	0.0331578616	0.0314343684	0.0798509705	-0.0079184525	0.0896406686	0.0266800086	0.1239671657	-0.0189450271	0.0519060008	-0.0542897799	-0.1053731342	-0.0494866478	-0.0333762976142821	0.0001650424784714	0.0011139772424371	2.7239019699984358e-08	0.0012799712186222	-0.0118258899534993	0.0001398516731922	1.6383263205011996e-06	0.2319479312017591	-0.0235930396897999	0.0537998427887759	0.0005566315218044	-0.001000788353121	6.040584015720002e-05	3.648865525097199e-09	1.0015773277426432e-06	-0.0009151854040077	-2.9417590043300037e-05	8.375643237087371e-07	8.653946039556651e-10	-0.0006299586921808	-0.0001924888021383	3.9684795385414405e-07	3.7051938948637606e-08	0.0	0.0	0.0
4264.229781402034	8.059946618243885	18183655.62859604	64.96273948894103	3805.813542947352	15.092457805495997	227.78228261067704	14484216.723681474	4241.651718239379	5.277005007732441	27.846781851633263	17991609.29884308	4110.377370849609	3222.0800944473463	1.151094	14.369441	0.0325298336914581	0.0145538925088264	-0.0236131562	0.0781772239	0.1310906453	-0.0208597809	-0.013386629	-1.33763e-05	-0.0630094351	-0.0214947419	0.0829385191	0.0997170368	0.0574938134	-0.0033758719	-0.1457038651	-0.0104962366	0.0586625644	0.0624872782	-0.0182086086	-0.0291893554	-0.0579930874	-0.0466838466	-0.0610668307	-0.0376042472	-0.0086037928	-0.0240928994	0.0879208182	-0.0713979586	0.1509034496	-0.0130510931	0.0209404716	0.0420046355	0.0272435244	-0.0565262058	0.0913212052	-0.0666598484	0.0502651263	-0.0298836003	-0.071165719	-0.0320089098	0.0317173446	0.0634561687	0.0921382993	0.1012172376	0.0373236983	-0.0533522549	-0.0158310264	0.1093375539	0.1281694229	-0.0697451621	0.0724571469	-0.1495261331	0.017262969	-0.0588400564	0.0056231618	0.0290284824	0.067895131	0.018266495	0.0121472797	-0.0909116464	-0.0640496939	-0.0069768631	-0.029939163	-0.0502351948	0.0408314878	0.0420056349	-0.0141287425	0.1273758906	-0.0552223925	-0.0306893576	-0.1235283453	-0.064324922	0.0004213513	0.1383543996	-0.109955372	-0.1074031826	-0.0665895993	0.0420453972	-0.0073086282	0.0362943506	0.0892577157	-0.0461675065	0.1408833719	0.0544763086	0.031948824	-0.0969630242	-0.0037136825	-0.0408138189	0.0259856378	0.1414361794	0.0458269337	-0.0463528894	-0.0033357369	0.003218309	0.0904404274	0.0083739675	0.0238167266	0.1363482305	-0.0986237776	0.0579528404	0.0439405545	-0.174657341	0.1003767322	-0.0195036754	0.0064739826	-0.0555001214	-0.0193248701	0.0532951146	0.0037792699	0.1007770127	0.0470687874	0.0254609288	0.0949627697	0.0223610298	0.0357772011	0.0502969496	-0.0574099951	-0.1050843138	-0.0428738067	-0.033586065892976	-0.0002097682786939	0.0011280238221673	4.4002730746201854e-08	0.0085626116429864	0.0072826404243642	5.303685155058357e-05	7.331831814860625e-05	0.2243143300015191	-0.00763360120024	0.0503169186440304	5.82718672843057e-05	-0.0008961960115358	0.0001045923415851	1.0939557918275145e-08	8.031672910926758e-07	-0.0008297882544978	8.539714950989998e-05	6.885485473025057e-07	7.29267314441621e-09	-0.0004718717075127	0.000158086984668	2.226629083509511e-07	2.499149472145208e-08	0.0	0.0	0.0
4245.1316150912735	-19.098166310760465	18021142.42944745	364.73995643346586	3819.213137440473	13.399594493121183	179.54913258008358	14586388.989197902	4239.953382476037	-1.6983357633416745	2.884344365045348	17977204.68556999	4114.735548583984	3174.4538943425014	1.24416	15.53121	0.0386421791112516	0.0208716746175897	-0.0266605667	0.0395845297	-0.0952514602	-0.0959648976	0.0081723486	-0.0580382257	0.0153495189	-0.1388352014	-0.0482899116	-0.0241098624	0.0433955235	-0.0389637609	0.0330761949	0.1043689438	0.0566487224	0.0128843261	-0.0973102554	0.0545975289	0.0219179915	0.0075286603	0.0142265284	-0.0468658468	0.07496629	-0.0553136589	-0.0447339033	-0.0194660788	0.0228274958	0.023893426	0.0878164965	-0.1616144262	-0.0342772634	0.0048888988	0.1239436232	-0.0289402713	-0.0486583723	-0.0215750679	-0.045789014	-0.118535967	-0.0347065806	0.0883717558	-0.0985053601	0.045175424	-0.0405089679	-0.119052691	0.0207410424	0.0149536449	0.0256481047	0.0059751792	0.1457020908	0.052428441	-0.0894285801	-0.0311103611	-0.0207467847	0.0796798078	0.034036208	-0.0776892797	-0.084362463	0.0071542094	0.0510054957	-0.0143949744	0.000647222	0.0152787647	-0.1128060508	0.0179264157	-0.046544282	-0.0486729634	0.0350458119	-0.0239457978	-0.0107421675	-0.1280960644	-0.1457211917	-0.0296788788	-0.0272021063	-0.0559205563	-0.0207473413	0.0058072973	-0.0664860281	0.0468683572	0.0916872393	-0.1195974462	0.0152369159	-0.1296942746	0.0624040531	-0.009311796	-0.1060110262	-0.0895873743	-0.0190883707	0.0236526541	-0.1032905804	-0.0276975193	0.0189460671	0.06747025	-0.0638769748	0.0981519971	0.0418941885	0.1091065839	-0.0737273845	-0.1329477776	0.0446042273	-0.001455139	0.0401791501	0.0546397729	-0.0481028939	-0.0252698848	-0.0302578572	-0.0759946064	0.0814584232	0.1512092859	0.1448281307	-0.064542446	-0.0165490774	-0.0542642502	0.046657715	0.0486725775	-0.060460265	-0.1045074645	-0.0360520886	-0.0336554824170178	-6.94165240418057e-05	0.0011326914967221	4.8186538100465904e-09	0.0209187786646367	0.0123561670216502	0.0001526748634669	0.00043759530082	0.2083245507758846	-0.0159897792256344	0.0433991184559741	0.0002556730396845	-0.0008451432028939	5.105280864190008e-05	2.606389270226467e-09	7.142670333977597e-07	-0.0007823455935753	4.744266092250008e-05	6.120646277866885e-07	2.2508060754073157e-09	-0.0003658308502786	0.0001060408572341	1.3383221101556346e-07	1.124466340294278e-08	0.0	0.0	0.0
4235.24685252921	-9.88476256206377	17937315.901858576	97.70853090837753	3797.410945573176	-21.802191867297097	475.3355702184357	14420329.889558962	4232.791448512999	-7.161933963038791	51.29329809092852	17916523.44660477	4106.724113932291	3136.0591441516685	1.13817	14.208098	0.0377318273217101	0.0218350860741737	-0.033949048	-0.009118692	0.0128535411	0.056198174	0.0257639876	-0.0242515203	-0.0832414155	-0.0108708462	0.0182951653	-0.0737803646	0.1075860646	0.0230577333	0.0368061285	0.025816403	-0.0303668555	-0.009646331	-0.088944945	-0.0439019063	-0.0827679004	0.0184953037	-0.0162199026	0.1213820177	-0.0924847489	0.1130697649	0.053648858	0.0241837999	0.0577245394	-0.032829137	0.0985388874	-0.0097942441	-0.0881766886	0.0426764863	0.066322203	0.047955999	-0.0201669624	-0.1265328614	0.0902684349	0.0265875981	0.0561983565	-0.0769203994	-0.0670824768	-0.00231208	0.0220812279	-0.0615451883	0.0749592993	-0.0826370953	0.0920355544	-0.1104250529	-0.1146887622	0.0077952689	0.0583011747	-0.034287216	-0.0143518821	-0.0113172034	0.0038930144	-0.0479802006	-0.060464413	-0.0749136241	-0.0073067303	0.0824347714	0.079041424	0.0429725145	0.1120260372	0.0243142472	0.0960075325	0.0293623239	-0.1131383467	-0.0186252193	0.0800186964	-0.0562297658	-0.0463071428	-0.0284432701	-0.1423704165	-0.0483585244	0.1159565587	-0.058149205	0.0353682477	0.0677031169	0.0237442268	0.0664332566	-0.105967869	0.0670716295	-0.1129375722	-0.0483664124	-0.0336913682	-0.0339319347	0.1174683525	-0.0540400383	-0.1304378298	-0.0338102364	0.0057730218	-0.0386957198	-0.0615314253	-0.0301215738	-0.052161408	0.0478504554	-0.0008894244	0.0674545636	-0.0251209269	-0.0312633369	-0.0137080334	-0.0618502566	0.1166112767	0.024411374	-0.093696163	-0.0961646338	0.0827589299	0.1897661073	0.1187730212	-0.0069899308	-0.0390004583	0.0354586657	0.0441366213	0.0470333792	-0.0634368734	-0.1036441676	-0.0290547284	-0.0336398234403247	1.565897669310312e-05	0.0011316377210962	2.4520355107514675e-10	0.0029665910523277	-0.017952187612309	0.0003222810400675	8.800662471750771e-06	0.2186359378044926	0.010311387028608	0.0478016732996499	0.0001063247024537	-0.000806120230134	3.902297275989997e-05	1.522792403019895e-09	6.498298254312931e-07	-0.0008493861845337	-6.704059095840004e-05	7.214568904767167e-07	4.4944408360515084e-09	-0.0002828425399149	8.29883103637e-05	7.99999023855118e-08	6.887059657021797e-09	0.0	0.0	0.0
4227.9454311045565	-7.301421424653199	17875522.568397895	53.31075482038475	3776.1814079132687	-21.22953765990724	450.69326925341966	14259546.025469836	4227.720213703971	-5.071234809027374	25.717422488290904	17873618.205361154	4099.938743570963	3114.472247040967	1.075137	13.421246	0.0376302506494101	0.0263913407166497	-0.0452123711	-0.0907581724	-0.0249908482	-0.0860808834	0.0365240507	-0.0711253466	0.0664597018	0.1348593021	0.0345640824	0.0217967512	0.0203736258	0.0841365741	0.1838864276	-0.0466721034	-0.067819224	0.0591302963	0.039364313	0.115204342	0.0195014455	0.092530878	-0.1091208444	0.1534462321	0.054415942	-0.0311137287	0.0488640874	-0.0090131084	0.0426314258	0.0380471322	0.0833399633	-0.0137077425	0.0279235737	-0.0268791499	0.1229711171	-0.0074338757	-0.0252340213	-0.0506578319	0.0367788951	-0.0163728744	-0.1425650691	-0.0046546043	-0.0091275787	-0.0619748398	-0.0003962705	-0.0644261504	0.0208172809	0.1103149449	0.0552991128	0.0011623146	-0.016437236	0.0408025024	0.0595691813	0.0921637259	0.0155403226	-0.0804350913	0.0484979868	-0.0793243554	0.0667509494	0.0789440258	0.0705336602	0.0194575005	0.1049736937	-0.0593037545	0.0540034678	0.091226564	-0.0949041526	0.0241986632	0.0142256134	-0.0443638964	-0.0262098189	-0.1389529712	-0.0658010368	0.0826003728	-0.0274917357	-0.0106847196	-0.0169022579	-0.0630160819	-0.0526721455	-0.0029701833	0.0560635558	0.0300161237	0.0287822455	0.0291393377	0.0893786033	0.0895603984	0.0855732841	-0.0281923039	0.016512408	-0.0053414103	-0.0977641494	-0.0236176482	-0.0474610988	-0.0382238464	0.0257096297	0.0830087048	0.0500710178	-0.0309353273	0.0524032643	-0.016090806	0.0333686501	0.0113356436	-0.115490812	-0.0390532187	-0.0923209071	0.129424495	0.0465188365	-0.037200112	0.0226822669	0.16867111	0.0659943591	0.0016789701	-0.0528676775	-0.0379109376	0.0065477565	0.0453798541	-0.0663361938	-0.1024967892	-0.0219158165	-0.0335465952279605	9.322821236419644e-05	0.0011253740513886	8.691499580623708e-09	0.0100367493736683	0.0070701583213406	4.998713868882173e-05	0.0001007363379898	0.2124822768871723	-0.0061536609173203	0.0451487179911569	3.7867542685355416e-05	-0.0008040517875624	2.068442571599954e-06	4.278454672007032e-12	6.464992770822908e-07	-0.0003658863180571	0.0004834998664765	1.3387279774138136e-07	2.3377212088289e-07	-0.0002821467849954	6.957549195000059e-07	7.960680828324048e-08	4.840749080084596e-13	0.0	0.0	0.0
4242.531176110676	14.585745006119396	17999070.780271035	212.7439573835369	3780.6585866008622	4.47717868759355	20.045129000641907	14293379.34843883	4228.518962842299	0.7987491383273664	0.6380001859787102	17880372.61911691	4099.75870320638	3133.527191900088	1.16111	14.494471	0.0763770189728663	0.0369710336569795	-0.0463466765	-0.0049750937	0.0173272559	0.1206756806	-0.0044656931	0.106396624	-0.0408787994	0.0504745632	0.1048432729	0.0008518723	-0.0822118189	0.0133862946	0.0020557031	-0.0436232001	-0.0634612806	0.0488700808	0.0789261482	-0.052124142	-0.0223067731	0.0530279328	0.0579762383	0.0328751591	-0.1046331993	-0.0723128647	-0.0950291632	0.039698802	0.1094795466	-0.1004303573	-0.0605615039	-0.0099191745	-0.007726628	-0.0934938459	0.0039988752	0.0506777626	-0.0428561874	0.0835962459	-0.048365233	0.0041924543	0.033718491	0.1080381859	0.0129703896	0.0260862142	0.018934158	0.1059071974	-0.0574827861	0.0551800634	-0.0042698724	0.0553391636	0.0150599419	-0.0088242765	0.0087701698	0.0254594937	-0.0292594288	-0.0792413807	0.0146102582	0.1002490111	0.0292066437	-0.0532792397	0.003713636	0.0284645076	-0.1383567174	-0.0152250716	0.1039649106	0.1132226107	0.0318221036	0.0299729569	-0.0157795869	0.0620765216	0.036477022	-0.0695666204	0.00512571	0.0242695302	0.064482797	0.0464071057	0.0140190473	0.0600651597	-0.0281125755	-0.0024613434	-0.035862594	-0.0327910614	0.0940653113	-0.038398141	0.0755538958	0.0478569118	-0.075795289	0.0271815558	-0.0853495592	-0.0770255563	-0.0558613713	-0.0443622402	-0.004866469	-0.0739984819	0.0244801899	-0.0549608673	-0.0856420462	0.004375916	-0.0069211226	0.0515514701	-0.0674915402	-0.0399789472	0.0294215623	-0.1040369498	0.0371149667	0.1642053759	0.0836223381	-0.0253044252	-0.0044244974	0.034471108	5.86221e-05	-0.1126029255	0.0007190889	0.0332518874	0.0274367612	0.0437125059	-0.0691546937	-0.1010684743	-0.0146701329	-0.0337096296123036	-0.000163034384343	0.0011363391285986	2.6580210478133133e-08	-0.0122561309947286	-0.0222928803683969	0.0004969725151196	0.0001502127469599	0.2331662956029987	0.0206840187158263	0.0543665214052249	0.0004278286302366	-0.0011530963517949	-0.0003490445642325	1.218321078202558e-07	1.329631196522708e-06	-0.0006808374396702	-0.000314951121613	4.635396192566732e-07	9.919420900534969e-08	-0.0002828928092358	-7.4602424039998e-07	8.002834151732271e-08	5.565521672643671e-13	0.0	0.0	0.0
4247.82996465234	5.29878854166418	18044059.4085983	28.07716000927161	3795.263979482461	14.605392881598618	213.3175012258516	14404028.673957044	4237.583349176259	9.0643863339601	82.16309961128265	17957112.64121588	4110.215195963542	3172.15563196478	1.067308	13.323516	0.0836640250764136	0.0468379263301523	-0.0397135681	0.0395459703	-0.1090696453	-0.0329759948	-0.0172586198	0.0204601515	0.0630102204	-0.071775472	0.0223378864	0.0265569211	-0.0023858135	-0.057430833	0.0306675301	-0.0665438978	0.0304201009	0.0404275298	-0.0265739475	-0.0077776432	0.0243554299	-0.0016036958	0.1323862885	0.0125421481	0.0628428054	-0.0791810927	-0.0075004265	0.0204632147	-0.0194478254	0.089727857	0.1145392869	0.0585447882	0.078108679	0.0282771267	-0.0149033168	-0.0778013997	-0.061318351	0.2090479431	-0.0673627942	-0.0497048401	-0.121717923	0.0299589549	-0.0318217308	0.1448597286	0.0123916692	-0.0241418391	0.0839952305	0.0365998938	0.0798161561	0.1803099799	-0.0492219478	-0.0805003387	0.0518476059	0.1116480597	-0.0687528458	0.0258324691	0.0234025483	0.0284806343	-0.0800001645	0.0589631082	0.0154921318	0.0293301548	-0.0359455889	-0.0151212716	-0.0824888366	-0.052554615	-0.1223769202	-0.0250421194	0.0686822707	-0.0394635641	-0.009473372	-0.0597685381	0.1380741653	-0.0154900972	0.102603307	0.0085627525	-0.0490651344	-0.1097056287	-0.100098069	-0.0511299954	0.0598366947	-0.1831188637	0.038626353	0.0070067068	0.0679740037	-0.0895804494	-0.0686454344	0.004878332	-0.0572723136	-0.0891874327	-0.0325658463	-0.0362701242	0.0151671204	0.0619871995	-0.063616869	0.0765965556	-0.000479859	-0.0113549485	0.0046150078	-0.0836550697	0.0049169473	0.0293436791	0.0636304223	-0.0212591364	-0.1038351305	0.1320664948	-0.0214281878	0.0824594888	0.0035944044	-0.0566594592	0.0068069687	-0.0421579219	0.0390939183	-0.0275371009	0.0427647692	0.0420318424	-0.0718889393	-0.0993631376	-0.007352978	-0.0335864366629152	0.0001231929493884	0.001128048727712	1.5176502779013466e-08	0.0242811221874319	0.0365372531821605	0.0013349708700972	0.0005895728946809	0.208842306981154	-0.0243239886218447	0.0436151091852105	0.0005916564224756	-0.0007020960212703	0.0004510003305246	2.0340129813329845e-07	4.929388230835855e-07	-0.0006789006018625	1.936837807699969e-06	4.609060272092648e-07	3.7513406933360206e-12	-0.0002822381711077	6.546381281000006e-07	7.965838523021935e-08	4.2855107876227283e-13	0.0	0.0	0.0
4241.128907626537	-6.701057025803493	17987174.41110546	44.90416526307036	3791.292440589206	-3.971538893255001	15.77312118063716	14373898.370068856	4236.154521297452	-1.4288278788062598	2.041549107253996	17945005.128308848	4108.45488655599	3172.256415528559	1.095982	13.681462	0.0411699977355951	0.0306729960407285	-0.0450830562	0.0554240988	0.0621007604	0.0110141941	0.044390285	0.0397238189	-0.0814789988	0.0046603926	-0.0014162795	-0.0520398911	0.0658655684	-0.0143087588	-0.0619459496	-0.076292526	0.0243858355	0.0194734804	-0.0499508153	0.0089768306	-0.1680907396	-0.075476061	0.1103832333	0.0407395855	-0.0281299765	-0.0652086152	0.0348262973	0.0448187108	-0.0095117948	-0.0084110903	-0.0742189973	0.0044628353	-0.0125668663	0.0810612212	-0.0698307933	-0.0260955761	-0.0796539903	0.0584667446	-0.0829642353	-0.0580028703	0.0267494465	-0.0570020617	-0.1262007551	-0.0283444167	-0.1596071169	-0.0776585419	-0.0480378417	-0.0242674921	0.0903662601	-0.1311592755	0.0103062993	-0.1400333354	-0.002365166	-0.0649419688	0.166714242	0.0285118394	0.0199005179	-0.0307163507	-0.0331385067	-0.1027673181	0.011999167	0.1204952643	-0.1006733844	0.0063487872	0.0332446007	-0.0467173623	1.9084e-06	-0.0263283927	-0.0289275425	0.0027466569	0.0026118172	0.0440127971	-0.050600637	0.0665897062	0.0990760553	0.0776430344	0.0471090906	-0.0885088165	0.1140212716	0.0369141298	0.1136248495	-0.0692165497	-0.1151939531	-0.0569524997	-0.0702947122	-0.1716930023	0.029452649	-0.0584830768	-0.107252411	0.1779490309	0.0278792636	-0.0499848907	0.0247161198	-0.0293798016	0.013489628	-0.0380088767	-0.0611465879	0.0441607541	-0.0364006555	0.0282240419	0.0102046384	-0.0150650046	0.0056457414	-0.0393210733	0.2019857895	0.0527140518	-0.0913471305	-0.0653178026	-0.0002632029	0.0071007774	-0.0863020532	-0.0498413228	0.0328065642	-0.1249754081	-0.0191271294	0.0403383756	-0.0745355992	-0.0973854535	-0.0	-0.0335446180879159	4.18185749992972e-05	0.0011252414026641	1.7487932149718447e-09	0.0243132700155257	3.2147828093801595e-05	1.033482851148619e-09	0.0005911350988478	0.234280676261676	0.025438369280522	0.0548874352696282	0.0006471106316522	-0.0007020517445926	4.427667769999876e-08	1.960424188149568e-15	4.928766520855133e-07	-0.0003659011800143	0.0003129994218482	1.3388367353585717e-07	9.796863807730749e-08	-0.000282128628594	1.0954251369996085e-07	7.959656307233121e-08	1.1999562307706109e-14	0.0	0.0	0.0
4225.458331221583	-15.670576404953865	17854498.10888988	245.56696486349676	3787.285700459879	-4.006740129326772	16.05396646395752	14343532.976907875	4230.203302919475	-5.951218377977057	35.41700018237187	17894619.98403084	4104.642969889323	3109.498250036117	1.201604	14.999969	0.0465676476511149	0.0209895653481234	-0.0627871965	-0.0949565856	-0.0597199632	-0.1137767249	0.0331746845	-0.1284973916	0.0947746992	0.076503554	-0.0315803418	-0.0775759963	-0.0151371074	0.0040851474	0.0877479966	-0.0393133264	-0.0231366757	0.0591304994	-0.0037079924	0.1422167773	0.0304244519	-0.0049353627	0.0113546966	0.0540957642	0.1435181575	-0.0625324115	-0.0506207968	-0.0022478483	-0.045232966	-0.0848853779	0.0425419087	0.0867480762	0.0948701451	0.0360249106	-0.0123038397	-0.0555135486	0.0332401075	-0.0464673503	-0.0782171879	-0.0707800121	0.0626734363	0.0852964642	-0.0407670614	-0.0385438894	-0.0452169661	-0.0565783948	0.0943548026	0.0319581544	-0.0284998441	-0.0651922483	0.0364308068	0.058178838	0.0389760925	0.0224225623	-0.0132327421	-0.0200590231	0.0536971768	-0.0989071072	-0.0170113143	0.1065554887	0.0920344479	0.0608772799	-0.0013435079	-0.0628637623	-0.1006289863	0.0362718504	-0.0406690534	-0.0693306303	-0.0181818829	0.0531003418	-0.0259758302	-0.0320680839	0.0231344711	0.0866397466	-0.0485253342	-0.005529542	-0.0915630544	-0.064660824	0.1439280612	0.1345892034	-0.0033056617	-0.0103777625	-0.0229202214	-0.0593971224	-0.011210296	-0.0159270662	-0.1256810061	0.073512702	-0.0132443027	0.0369160872	-0.0419394702	-0.0384859694	-0.0207739544	-0.0112995134	-0.0168087508	0.1157515608	0.0365387476	-0.0538172178	0.0189775577	-0.1061032661	0.0078558292	0.0987537724	-0.0392468034	-0.0336570227	-0.0498140888	0.0873114581	0.0030876921	-0.029602932	0.0805546092	0.0449338968	0.0295863109	0.0092516272	-0.0350603165	-0.0833308451	0.0324590501	0.0386326214	-0.0770914491	-0.0951408427	0.007352978	-0.0334988400503419	4.577803757400273e-05	0.0011221722847183	2.095628724126805e-09	0.0105883852226185	-0.0137248847929072	0.0001883724625785	0.0001121139016225	0.2376987353874398	0.0034180591257637	0.0565006888047881	1.168312818721712e-05	-0.0009431230697982	-0.0002410713252056	5.811538383638416e-08	8.894811247855804e-07	-0.0005362840122062	-0.0001703828321918	2.876005417479797e-07	2.9030309505733153e-08	-0.0004582529850939	-0.0001761243564998	2.0999579834747013e-07	3.1019788952503856e-08	0.0	0.0	0.0
4240.228828165381	14.770496943798207	17979540.51520476	218.16757996675216	3785.0278334902578	-2.2578669696213183	5.097963252506955	14326435.700295957	4231.493588858069	1.2902859385940246	1.664837803333463	17905537.992546946	4101.946873535157	3116.093963362584	1.183287	14.77131	0.0342367834160859	0.0188516212355471	-0.0541356112	-0.0290295994	0.0792110433	0.0979691682	0.0829289728	0.071018336	-0.0698489245	0.0444675281	0.0583614786	-0.0015349528	-0.0199721768	-0.0525639574	0.0074719196	-0.1176021076	-0.0378990467	0.0315739385	0.0269121241	-0.0126512536	0.0011896709	0.0618111643	0.0024704785	0.0253403644	-0.0182518527	0.0051443838	0.0460917393	0.0098386164	0.1604910581	0.0499795836	0.0164995306	-0.036511679	-0.14341192	0.0883598688	-0.0936964515	-0.1344294793	-0.0114316245	0.0380748518	-0.0625445084	0.2012037258	-0.0180105034	-0.0032440018	-0.0882122973	-0.0888642262	0.0667848492	-0.0139291086	-0.0027041001	0.0503711445	0.0600345928	-0.0023509812	-0.0205332474	-0.0468058893	-0.1055711993	0.0511355927	0.0400632717	-0.0496231918	0.0109502064	0.0272081759	0.0305096206	-0.0850946283	-0.000541975	0.0019291256	-0.0622101544	-0.067400564	0.0592281401	0.0390992045	-0.0556318863	0.1378450101	0.0479469092	-0.1365928221	0.1228162848	-0.0242060191	0.0234395335	-0.0155768125	0.0548315015	-0.1575199238	0.0381372873	0.010252007	0.0222049489	0.0724134356	-0.1248485395	-0.0693750483	0.0634655029	-0.0663338141	-0.0763207076	0.0637964032	0.1215111958	-0.0372336501	-0.0755778294	0.0509618831	-0.1025817455	-0.052309817	-0.0173520309	-0.0993715713	0.0709572473	-0.0324028526	-0.0597437904	-0.0527993063	0.015971525	0.0834932556	-0.0198948404	0.0519073137	0.1345746757	-0.0608889163	-0.0257546325	0.071811347	0.0513002703	0.0183435804	0.0744365025	-0.0548863824	-0.0425345712	0.0822419125	-0.0226954533	-0.0886680647	0.0212683752	0.0369150993	-0.0795533748	-0.0926354574	0.0146701329	-0.033615071271285	-0.000116231220943	0.0011299730165735	1.3509696721923382e-08	-0.0040245670923013	-0.0146129523149198	0.0002135383753581	1.619714028043454e-05	0.2375584486942017	-0.000140286693238	0.0564340165459956	1.9680356299679452e-08	-0.0011480747792246	-0.0002049517094264	4.200520319680349e-08	1.318075698691614e-06	-0.000529338257682	6.94575452419991e-06	2.801989910458155e-07	4.8243505910443515e-11	-0.0002828041853048	0.0001754487997891	7.997820722591165e-08	3.0782281347435694e-08	0.0	0.0	0.0
4247.207824584689	6.978996419307805	18038774.305213403	48.70639102071116	3800.564924870829	15.537091380571384	241.40120856822557	14444293.748158412	4234.869456571691	3.3758677136220285	11.396482819875622	17934119.314203814	4107.796296061198	3145.8312612346363	1.023329	12.774508	0.0608307894770212	0.0349771167745619	-0.0480078127	0.0279975109	-0.0961316429	0.0534971493	0.0204810098	0.023994874	0.0960290786	-0.0753298747	0.0806668659	0.0069865999	0.0241995511	0.0661029276	-0.0386280993	-0.0053181503	-0.0170587224	0.0266638951	-0.0187052293	-0.0710260788	0.1101251219	0.1315213407	-0.0604202973	0.0588804809	0.035007591	-0.05443956	-0.0152831129	0.0309414448	0.1063619837	-0.0166219561	0.0606359695	-0.0174895784	0.0566953485	-0.1200338965	0.0184556562	0.1009113981	0.0656465092	0.0825576832	0.0445350576	-0.0259010133	0.0752616611	-0.0669457182	0.065383451	0.0800837791	0.054442969	0.0188149327	0.1604153509	-0.0359984611	0.0981445295	0.0076976558	0.0337214739	0.0217874163	-0.0330480139	0.0506008084	-0.0007381122	-0.0243079196	0.006041561	0.0870690076	-0.0796368547	0.0447926534	0.010530785	-0.0299396585	0.080421348	-0.0674486313	0.0153983601	0.0880017353	-0.0235426976	0.0993119736	-0.0234221343	-0.0145156525	-0.0751062041	-0.107275187	0.0027388183	-0.0162664303	0.0416135392	0.0883344459	-0.0671599705	0.0608467095	-0.0497973405	-0.1413258228	-0.0377682542	0.0294864872	0.1070781905	0.0539951383	0.0064547751	-0.196538165	-0.0207800018	0.0069866824	0.0710404171	-0.0642830188	-0.1559421826	-0.045285327	0.0367238844	0.0273381661	-0.0778053126	0.041096452	-0.0546405421	-0.0917052598	0.038346107	-0.042999426	0.0351452515	0.0168172507	0.0571436732	0.0230263347	-0.0839484234	0.0895264161	-0.0478628348	0.1039644724	-0.0013189913	-0.0096598814	-0.0491835648	0.1309833175	0.067927817	0.0298140872	0.0880963522	0.0351863325	-0.0819183771	-0.0898761648	0.0219158165	-0.0335545493471727	6.052192411229451e-05	0.0011259077818918	3.662903298254336e-09	0.024572911887148	0.0285974789794493	0.00081781580398	0.0006038279986135	0.2184417506706921	-0.0191166980235096	0.0477167984360768	0.000365448143322	-0.0010510512595859	9.702351963870004e-05	9.413563363081211e-09	1.104708750277107e-06	-0.0003658517998985	0.0001634864577835	1.338475394889721e-07	2.6727821878596137e-08	-0.000282192351728	6.118335768000045e-07	7.963252337377925e-08	3.7434032569988697e-13	0.0	0.0	0.0
4240.897706040924	-6.3101185437644745	17985213.353103172	39.81759603636029	3791.815840398173	-8.74908447265625	76.54647910967469	14377867.367494505	4231.3837072263805	-3.4857493453109782	12.150448498335914	17904608.07778087	4101.71584358724	3171.4347042338777	1.047954	13.081913	0.0319122732366616	0.0211207581253187	-0.0475363796	0.0315604261	0.1050283668	0.0066398069	-0.0204668936	0.0477644309	-0.0786206505	0.0398393841	0.0524518866	0.007031529	0.0369269921	-0.0042109458	-0.0180740693	-0.1329930845	-0.0363477942	0.0246975347	0.0205836027	-0.016753462	-0.0625670834	-0.0153543439	-0.0168146513	0.0004070669	-0.0676974007	0.1028296216	0.0136161471	0.0783879725	0.0588674147	0.0080015979	-0.0325483445	-0.0196100285	0.0369915281	0.0164403645	-0.0446562046	0.077195789	-0.009947268	-0.0435364011	0.0165692802	0.0746380329	0.0080730384	0.0431676917	0.0510399052	-0.0157684347	-0.0154310592	0.0582087735	-0.0860802753	-0.0787663585	0.0927406906	-0.0068517005	-0.0879261498	-0.0278689018	-0.0232676031	-0.076250753	0.0633025191	-0.0440280214	0.0092771371	0.0088622923	0.0211055478	-0.0616421585	-0.0129621079	0.0828975207	-0.0496087998	-0.0189337686	0.0461577051	0.0230811253	0.1307645313	0.0681353144	-0.018247379	-0.0878981335	-0.1357347237	0.0525317972	0.0272749928	-0.0330949446	0.1004834297	-0.0334720959	0.0979361523	0.0438434305	0.0499588853	-0.0653491055	0.0522619804	0.0374905561	-0.1240266103	0.0061659666	-0.0447948796	0.0596526934	0.0891158177	-0.0446757435	0.0509004651	-0.0187067482	-0.0149031196	-0.055186367	0.0219657564	-0.0151821855	0.0870020039	-0.0389738043	-0.0571904578	-0.03684381	-0.0450177445	0.0211688326	0.02715152	0.0524989972	0.1065153956	-0.0367875912	0.0943453997	0.0931230649	-0.0108041907	0.0090375633	-0.0351208026	-0.0387960864	-0.1076783445	0.0685419927	0.0550227238	-0.1239217187	0.0484751319	0.0334468475	-0.0841835744	-0.0868705278	0.0290547284	-0.0336247444773221	-7.019513014939333e-05	0.0011306234411652	4.927356296690268e-09	0.0047899443340639	-0.0197829675530841	0.0003913658052063	2.2943566723430856e-05	0.2265495790920653	0.0081078284213731	0.0513247117867919	6.5736881710427e-05	-0.001129551045819	-7.84997862331e-05	6.162216438642395e-09	1.2758855651107963e-06	-0.0003653401474472	5.116524513000412e-07	1.3347342333674186e-07	2.617882309213411e-13	-0.0002822065556847	-1.4203956700002598e-08	7.964054007142169e-08	2.0175238593554872e-16	0.0	0.0	0.0
4231.555383593312	-9.342322447611878	17906060.964417547	87.27898871515278	3794.613549464252	2.7977090660792783	7.827176018422187	14399091.98977769	4231.3630339179945	-0.0206733083859944	0.0004273856796224	17904433.124807693	4104.605362386068	3120.9198939620514	1.111548	13.875777	0.0458316874244608	0.0243904936214722	-0.0594084227	-0.0719259338	-0.0872743474	-0.0513089015	-0.0476325906	-0.0025342327	0.1049167708	-0.0423887976	-0.034939858	-0.0584032702	-0.093187242	-0.0951179918	0.1246302127	-0.1025399631	-0.028397032	0.0452272315	-0.0408216237	0.046149346	0.1066692989	-0.0488867658	0.0513673174	-0.0065334755	0.074211533	0.0325483656	-0.0788813234	0.1064245849	0.0665981197	0.1089384383	-0.0148731217	-0.1253606545	-0.1251060166	-0.0254830303	-0.0541124545	0.0310847114	-0.0667159357	0.0486828737	-0.0217919691	0.006726531	-0.0456161658	-0.0356834356	0.1541982616	0.0078120157	-0.1091752054	0.017534693	0.0106146921	0.0529271316	-0.1257389844	0.1140569985	-0.1702388453	-0.0621280099	0.0133741227	-0.1727578485	0.047199012	-0.0285276892	0.0148749607	-0.0278268393	-0.0762880779	0.1191913428	0.0567328759	0.0112722325	-0.0556882264	-0.0443544243	-0.0696271205	0.0158111491	0.0554457813	0.019415115	0.0959809681	-0.115327311	0.0482380805	0.0369258466	0.0130616571	-0.0901182598	0.0442475948	-0.0411375641	0.0524912959	0.0828378879	-0.0640019302	-0.0958597694	0.1745587869	0.0789572128	-0.023167749	0.0039146326	-0.066544914	0.0060974382	-0.034269541	0.1759154412	-0.0660257475	0.0148285209	0.0352493624	-0.0382933613	0.0102287375	0.0290415854	-0.0583435486	0.0831631931	-0.0146452009	-0.1351200302	0.0232009295	-0.1276234776	0.0078586203	0.116617366	0.0879432898	-0.0161542657	-0.0803056818	0.0752460583	-0.0194486151	0.0287362416	0.0138957578	-0.060504986	-0.012612919	-0.0061794209	0.0302067953	-0.0052900678	0.0105558302	0.0316971744	-0.086346207	-0.0836267848	0.0360520886	-0.0335885696011644	3.6174876157694935e-05	0.0011281920078522	1.3086216650245655e-09	0.0245604823430909	0.019770538009027	0.0003908741731663	0.0006032172929252	0.2139275264699591	-0.0126220526221061	0.045764986581555	0.0001593162123952	-0.000947040245802	0.000182510800017	3.3310192122845374e-08	8.968852271687125e-07	-0.0002798664729739	8.547367447329999e-05	7.832524269485069e-08	7.305749027967654e-09	-0.0002821325918316	7.396385309999193e-08	7.95987993736162e-08	5.4706515653971855e-15	0.0	0.0	0.0
4240.973571215926	9.418187622613914	17985856.83175197	88.70225809475792	3784.596371593703	-10.017177870548949	100.34385249021555	14323169.695880225	4228.608415990094	-2.7546179279006537	7.587919928711691	17881129.13578225	4100.951691243489	3128.5893859212124	1.093424	13.649521	0.048594473513767	0.0301122856319336	-0.0606345405	-0.0314872616	0.1062551271	0.0633391433	0.0263733662	0.0101139937	-0.062881365	0.0502920327	0.0644123338	-0.02193207	0.0015027553	0.0060489537	-0.0618079983	-0.0933926352	-0.0664590239	0.0001858142	0.0228094401	-0.0158757987	-0.0792854482	-0.1106745023	0.0590142772	-0.0718325325	0.0333205218	0.0952198617	0.0735263792	-0.0468271665	0.1198669324	0.0111196614	0.039711268	-0.0300448601	-0.0327765351	-0.0797468721	-0.0629321659	0.0596417082	-0.0202382888	0.035328747	-0.0155863735	0.1665574521	0.10675669	-0.0479184675	0.1071325855	0.0359517085	-0.0661335105	0.1086451424	-0.0237435292	-0.1193893251	0.0107146491	0.0310508263	-0.1376775907	-0.015861685	0.0075561064	-0.103649452	0.02609685	-0.0645184816	0.009709529	-0.0055259963	0.049294521	-0.067927072	-0.0568512897	0.0649776403	-0.0387032517	0.0740688817	-0.0424438051	-0.0936596784	0.0545996813	0.1454761078	-0.0069418847	-0.1054743327	0.0041685347	0.012235839	0.0488152542	-0.0502869918	0.0139472427	-0.0710392601	0.018179474	0.0882246168	-0.0248657977	-0.0958733035	-0.029652125	0.0449034051	-0.0840199697	0.0158814425	-0.1902614919	-0.0923557542	-0.0441438103	0.0731633635	-0.0402346886	-0.0320819855	0.0749485226	-0.0521550664	0.0149678601	-0.0576744326	0.1027726713	-0.0370046935	-0.0213825532	-0.1329619266	-0.0139717054	0.115733918	0.0919604153	0.0700167434	0.1408739028	0.0275239526	0.0058230739	0.0617115715	0.0269292288	0.0556144517	0.0878079597	-0.0783889006	-0.007229823	0.0874838372	0.0138884055	-0.0735650593	-0.0233566041	0.029937846	-0.08840364	-0.0801538266	0.0428738067	-0.0336246505834623	-3.608098229789664e-05	0.0011306171268599	1.3018372835811302e-09	-0.0050080114489503	-0.0295684937920412	0.0008742958251299	2.5080178672817285e-05	0.219514503292217	0.0055869768222578	0.0481866171556287	3.121431001244692e-05	-0.001129551045819	-0.000182510800017	3.3310192122845374e-08	1.2758855651107963e-06	-0.0003653401474472	-8.547367447329999e-05	1.3347342333674186e-07	7.305749027967654e-09	-0.0002822065556847	-7.396385309999193e-08	7.964054007142169e-08	5.4706515653971855e-15	0.0	0.0	0.0
4257.011295061915	16.037723845988694	18122145.16628472	257.2085861601944	3799.8793125836496	15.282940989946384	233.5682853021833	14439082.790201187	4238.424395278945	9.81597928885094	96.3534493991506	17964241.35449569	4111.881331461588	3148.11240466187	1.13849	14.212103	0.0497065058096492	0.0325875598991003	-0.0423554434	0.0400551861	-0.0995102945	0.124437093	0.0003615909	0.0801892938	0.1092717988	-0.1100428983	0.0594442894	-0.0222172294	-0.0158114186	0.0752370378	-0.0857603375	0.0096447288	0.0286708055	0.0716007101	-0.0173544261	-0.0935594903	0.0388174255	0.0629032906	-0.0535746942	0.0150617509	-0.0292546258	-0.0179375353	-0.0178995645	0.1074417904	-0.0643486279	-0.040617558	0.0093284982	-0.1399435391	0.0283925258	-0.0660501124	0.078847065	0.0379999582	-0.045947914	-0.0074723643	0.1158509437	-0.0173167908	-0.0180905496	-0.0573672303	0.1067951987	-0.0155378757	-0.0447295653	-0.1283184901	-0.0205075064	0.0711272116	-0.0352958988	0.0076260993	-0.0676827589	0.0359635903	0.0391691155	0.0564093808	-0.0655234429	0.0129876226	0.0283903161	0.1221993685	-0.1184558612	0.0257354781	0.0089118322	-0.0060453841	0.0605300645	-0.0979064872	0.0233624816	-0.0034610683	0.0547053532	-0.0575424586	0.0191685567	0.0648238182	-0.0930353181	-0.0713641969	-0.1162623872	-0.0626742953	-2.93386e-05	-0.0338707236	0.0764800241	0.0985316774	-0.0393089622	-0.0978616771	0.0473939061	0.0553602434	-0.053432305	-0.0399131077	0.0835551495	0.0297818771	0.0133778918	0.0412324891	0.0185978626	0.0929388709	-0.0443107895	-0.0444116368	0.0656962993	0.0067004646	-0.0256618352	-0.0682635187	-0.0899251617	-0.0820441032	0.0571276255	-0.069602858	0.028670581	-0.1048605361	-0.0374842506	0.0003859992	-0.0593440732	0.0775719932	-0.0254289406	0.0801634684	0.0229123028	-0.0624285634	0.0450933296	0.1472657179	0.004127451	0.0480020438	0.0286545295	0.0281693982	-0.0903533669	-0.0764611723	0.0494866478	-0.0335456543386101	7.899624485219886e-05	0.0011253109250055	6.240406700748555e-09	0.0165033904411302	0.0215114018900805	0.0004627404112765	0.0002723618960523	0.1949995620400955	-0.0245149412521215	0.038024829195829	0.0006009823445949	-0.0010580513054663	7.149974035269998e-05	5.112212870503513e-09	1.1194725649989416e-06	-0.0003658507980477	-5.106506005000217e-07	1.3384680643213898e-07	2.607640357910328e-13	-0.000282193618186	1.2937498700008132e-08	7.963323814490595e-08	1.6737887261271203e-16	0.0	0.0	0.0
4255.84534882512	-1.1659462367952074	18112219.633116405	1.359430627096906	3812.328529631474	12.449217047824275	154.9830051038386	14533848.817842076	4237.779456785969	-0.6449384929755979	0.4159456597216353	17958774.724357184	4109.9094245605465	3226.9000788291182	1.192107	14.88142	0.0462421525283342	0.0247977952057213	-0.0190194721	0.1256999301	0.107728599	-0.076290284	-0.0256104651	-0.0951268554	-0.085245994	-0.0440508607	0.038826109	0.0145551311	0.0823645688	0.0483277538	-0.1326187339	-0.00101491	0.0365119862	0.0335337347	-0.0496713469	0.0272844354	-0.0806016436	-0.0671090643	-0.057948448	0.00244995	-0.0830165045	0.0953111552	0.0147191576	-0.0104910734	-0.0621118094	-0.0280536673	-0.0335616673	0.0963999915	0.0589504033	-0.0341677915	-0.0397848375	-0.0979720513	0.0492126366	0.031379858	0.1745238992	0.0285364638	0.0427485873	-0.0765209553	0.1035684482	-0.1197814223	-0.0101418395	-0.0727398664	0.0306884429	-0.0053946762	0.0393244436	0.0121784126	0.1464184481	-0.0612177078	0.0333722434	-0.0030068322	-0.0057101366	0.0281222583	0.0705892555	-0.0685858286	0.0248534139	-0.0439843483	-0.0580721534	0.0207680548	0.0508601322	0.0086102524	0.0705347278	-0.0637971168	0.0734702019	-0.0082759397	0.0113041599	0.085855216	-0.0532085735	0.0674892222	0.0926345205	-0.0064111784	0.0174694717	0.0030979493	-0.0370101161	-0.0381833744	-0.0154318752	-0.0869758403	-0.0252084022	0.1420799462	0.0161484582	-0.043118875	-0.0133544172	-0.1074722152	0.0457401424	0.0064470346	-0.0017733663	0.1184351827	0.0541362676	-0.0511590959	0.0451251321	0.1005346667	0.1332526724	-0.0065490408	0.013401239	-0.0905587642	-0.011063197	0.0226078208	0.1304224237	-0.0619062784	0.0622566791	0.015791437	0.0891503426	0.051246299	-0.0909430832	0.0475082642	-0.0561484377	0.0109465678	-0.0535692587	0.0360318014	0.1041154545	-0.0217200262	0.0672835864	0.0263923698	-0.092193012	-0.0725589432	0.055858395	-0.033580037218357	-3.43828797468998e-05	0.0011276188995862	1.1821824196897723e-09	0.0307680330973028	0.0142646426561726	0.0002034800301082	0.0009466718606767	0.2033405772525753	0.0083410152124797	0.0413473903574105	6.95725347748193e-05	-0.0006400442438492	0.000418007061617	1.74729903561762e-07	4.096566340844943e-07	-0.0003119094024599	5.394139558779999e-05	9.728747534289189e-08	2.909674157959528e-09	-0.0002820998397922	9.377839379999185e-08	7.958031961078489e-08	8.794387143706348e-15	0.0	0.0	0.0
4247.326783403209	-8.518565421910353	18039784.805014253	72.5659568473667	3800.005953967334	-12.322575664140004	151.84587099845547	14440045.250187188	4237.193290988271	-0.5861657976984134	0.3435903423914173	17953806.985196013	4110.640712076823	3162.824673561758	1.12221	14.008873	0.0477024968817356	0.025637481012261	-0.0339397925	0.0595323979	-0.0770134366	0.0795548173	-0.0284622179	0.0860176133	0.0537827257	-0.0243961896	0.0290448608	-0.0595110935	-0.0216326899	0.0141850009	0.0063174906	0.0463533903	0.0331966734	0.0296790571	-0.0344000201	-0.048683469	-0.0172140134	0.0184936256	0.056840437	0.0670413727	0.0758407812	0.1430880389	-0.0544926549	0.0632520169	-0.11458117	-0.0696165361	-0.0361601477	-0.0990913985	-0.0454419924	-0.047733488	0.0223943923	-0.0584803607	-0.0401978128	0.10531456	0.0253318007	-0.0530528906	0.006419604	0.0550062093	0.0156656591	-0.0524307725	0.0369464937	-0.0745584364	-0.0278741774	0.0155593139	0.0818219836	-0.0237218645	-0.0959658713	0.074550819	-0.0747011458	-0.0241116866	-0.0889112568	0.0198058526	0.0198846024	0.057518009	-0.0850851994	-0.0040069654	0.0641347843	0.0301325694	0.0890713052	-0.0014028768	-0.0281363384	-0.0203650122	0.1601476258	-0.060929867	0.0807331869	0.0994921504	0.0967205256	-0.0279484427	-0.077607791	0.0532007515	0.0678707366	-0.0866630701	0.0202517695	-0.0063413707	0.0058607853	-0.1024237897	0.0104463235	0.0097509087	-0.0162553031	-0.0798828	0.0675298972	-0.0553948971	-0.0884145339	0.0517737635	0.0300115459	0.0723107785	-0.0131633412	-0.0435557487	0.0826119006	0.041714727	-0.0523062656	-0.0836125413	-0.0838434128	-0.0878780498	0.0595797317	-0.0962684244	0.0868502018	-0.0099061961	-0.0998448173	-0.0291776176	-0.0073154984	0.0675910998	-0.1308196605	-0.0083200442	-0.0148476103	-0.0142596084	-0.039459898	0.1078293947	-0.0027195351	-0.0710131874	0.0005516828	0.024607302	-0.0939203342	-0.0684578352	0.0619580057	-0.0335396261150435	4.041110331350073e-05	0.0011249065199369	1.6330572710144295e-09	0.0192435390431882	-0.0115244940541146	0.0001328139632033	0.0003703137949067	0.1913051172370927	-0.0120354600154825	0.0365976478810977	0.0001448522977842	-0.0010680512546603	-0.000428007010811	1.8319000130345307e-07	1.140733482581441e-06	-0.0003658494027798	-5.3940000319899965e-05	1.338457855143363e-07	2.909523634510808e-09	-0.0002821954628377	-9.562304549999005e-08	7.963427924618371e-08	9.143766830693164e-15	0.0	0.0	0.0
4248.445628590691	1.1188451874813836	18049290.25909135	1.2518145535502525	3801.847199337416	1.841245370082106	3.390184512848792	14454042.127109751	4233.196166194342	-3.9971247939283785	15.977006618236985	17919949.781482477	4105.802773763021	3186.3620391020904	1.021389	12.750298	0.024192611179081	0.0186959616086255	-0.0530477551	0.0548497221	-0.0232837218	-0.1035230523	-0.0070772343	-0.0912303456	0.0333730443	0.0110772577	0.0355451924	0.0335330538	0.0076557053	-0.0249005309	-0.0567474755	-0.0026732137	-0.0180122126	0.0594354674	-0.0280068824	0.0279578103	0.0795411688	-0.0467392422	-0.0295726671	0.0462670325	-0.0356525656	-0.0173679891	0.0399671657	-0.1414646155	0.0486211963	-0.0539579571	-0.0709183596	0.0009181383	-0.0493788658	-0.0067670096	0.0093489464	-0.0480564622	0.005232378	0.0220726227	-0.1073841446	-0.0537884988	0.1647658886	0.044637193	0.0046368175	0.0531878534	0.0700872415	-0.0360321948	-0.094226285	-0.0041035834	-0.0970473074	0.0164862996	-0.0243832136	0.1849358532	0.0708311631	0.0282988163	-0.0284877851	-0.0267330968	0.0649901555	-0.072681184	-0.0096624112	0.0752376942	-0.0360489569	-0.0170246804	-0.0212235526	0.0466200088	0.050589054	0.0654088124	-0.0289671239	0.1227683667	-0.055709909	0.0485327345	0.0425685811	0.0490064522	-0.0356281078	0.1197083217	0.0194483725	-0.1265657104	0.0725979196	0.0597101653	0.065455811	0.0288865947	-0.0447719378	-0.0446128549	-0.0192600604	0.0056758219	0.0793144028	0.0162460625	-0.0685453274	0.0197430374	-0.007621433	-0.0460969529	0.1061990364	-0.0630901687	0.0254457625	0.088346799	0.0825563351	0.0485978215	0.0089849282	-0.1365773507	0.0135681194	-0.022653021	0.0329385884	-0.0322899493	-0.000504233	0.023246169	0.1236003054	0.0753825108	0.030181118	0.0014171939	-0.0044602273	-0.0216138805	-0.0675203909	0.0627478433	0.016724039	-0.0891891747	0.0324794267	0.0228147385	-0.0955332289	-0.0641690889	0.0677557633	-0.0336430600590347	-0.0001034339439912	0.0011318554901358	1.0698580769575661e-08	0.0178714503768162	-0.0013720886663719	1.8826273083864928e-06	0.000319388738571	0.2092946695594406	0.0179895523223478	0.0438042587059954	0.0003236239927584	-0.0010480406973386	2.0010557321700068e-05	4.0042240432504415e-10	1.0983893032779788e-06	-0.0002913517217852	7.449768099459999e-05	8.488582578720059e-08	5.549904473573184e-09	-0.0002821529762266	4.248661109994972e-08	7.961030199352833e-08	1.805112122758371e-15	0.0	0.0	0.0
4244.798618579993	-3.647010010698068	18018315.31229861	13.300682018131925	3795.8435968041895	-6.003602533226513	36.0432433769638	14408428.611399366	4231.768987119587	-1.4271790747552586	2.036840111419276	17907868.760347135	4103.679030761718	3159.9930943018344	1.008287	12.586735	0.0470766404610156	0.0254885436349564	-0.0502326662	0.04340237	0.0026731426	0.0755722268	-0.0564021262	0.0400373724	-0.041332369	0.0089999072	0.0366966059	-0.0506410431	-0.1000087822	-0.020144939	0.0491933808	-0.0655942889	-0.0251510857	0.0531985607	-0.0158207075	0.0405087783	-0.0325786113	0.0502437342	0.0368156402	-0.0735381616	0.0195726937	-0.0963703193	0.055412573	-0.0761485939	0.0078628201	-0.0874510053	-0.063213891	-0.0592680562	-0.0576433081	-0.0805668267	0.0619638875	0.0074384138	-0.0376585822	0.042873106	0.0178376061	0.0611377803	-0.0327700271	0.0624917554	0.1040927788	-0.0883016758	-0.0313517031	0.01640395	-0.0172769593	0.0064887747	-0.0763615641	0.1489212436	-0.0724333713	0.0079633853	-0.0653841468	0.0033792607	-0.0467725	-0.0389345658	0.0414215992	0.0058100175	-0.0039093868	-0.0417199597	0.0578226198	-0.0291068073	-0.0920476801	-0.0040011368	-0.0569821274	0.0332870669	-0.0803785471	0.0849600622	-0.0594555775	0.1127509444	0.0252050566	0.0366209122	-0.0432656163	0.0568357763	0.103460669	-0.0816037155	0.027553828	0.0779031058	-0.1038345398	-0.0752259986	0.0240367321	0.0685264663	-0.0408873703	-0.0939364238	0.0400690588	0.1037296254	-0.043455163	0.0944937292	-0.0389247108	-0.1433793888	0.0529612189	-0.0455275762	0.0717532471	0.0087725525	0.032292894	-0.1028347469	-0.0822021818	-0.0884847434	0.0548495809	-0.1731843191	0.0469050577	-0.0286158818	-0.018306595	-0.0358689447	0.0853380459	0.0718409875	-0.1023119492	-0.0385608691	0.0076445678	-0.035161296	-0.0637421319	-0.0531589075	0.0016272405	0.0282586398	-0.0994218232	0.0210152255	-0.0970297311	-0.0597044597	0.0732234215	-0.0335365420374245	0.0001065180216102	0.0011246996518279	1.1346088927752434e-08	0.0358284733617608	0.0179570229849446	0.0003224546744818	0.0012836795034344	0.1929075968103148	-0.0163870727491257	0.0372133409071309	0.0002685361532851	-0.0008700513256472	0.0001779893716913	3.168021643509931e-08	7.569893092604501e-07	-0.0003658769974592	-7.4525275674e-05	1.3386597726975944e-07	5.554016714285695e-09	-0.0002821588629679	-5.886741299987192e-09	7.961362395133818e-08	3.4653723132974904e-17	0.0	0.0	0.0
4238.48880898483	-6.309809595162733	17964787.38388964	39.81369712720769	3803.0692406156622	7.225643811472764	52.209928490274656	14463335.64891699	4232.812547756733	1.0435606371456745	1.0890188033998855	17916702.064446844	4106.222977864583	3143.84707680671	1.007902	12.581936	0.0692811555522159	0.0440414649309086	-0.0684005295	-0.0138802834	-0.0054102941	-0.0964354609	-0.0720499351	-0.1308743069	0.0106593864	0.007801943	0.0108713942	-0.0748885538	0.0001001817	0.0078543886	0.0428430064	0.0352477366	-0.024691196	0.0456992624	0.0205018003	0.004550937	-0.0099791131	0.0028132155	-0.051611982	0.0352608047	-0.0357888595	-0.0093216297	-0.0008391135	-0.023561422	0.0355807344	0.0206747253	-0.0322795418	-0.0744529482	0.0405489075	0.0039663396	0.1286423281	-0.1466560899	0.0001429265	-0.0274502824	-0.0200339249	0.108251942	0.1835535325	-0.0938173131	0.1599542316	0.0453521537	-0.063395716	-0.0212544194	-0.0658456349	-0.0673427915	-0.0480742092	-0.0458432981	-0.0376108181	-0.0079360908	-0.0261263862	0.0255490611	-0.0114776364	-0.0234669904	0.0629309833	-0.0747400345	0.0099580607	0.0578733476	-0.0292668055	0.0329273206	0.0222186897	0.05819515	0.0759318474	0.0698990856	-0.0168843605	0.0171143107	0.0534370122	0.0600434555	-0.0701273334	-0.0506404203	-0.0922108321	0.0429273691	0.0607602555	-0.1700439145	0.152233417	0.0178546141	0.075921278	-0.0196887581	-0.0619658566	0.1426664684	-0.0379733476	0.1175662235	-0.0967971871	0.007220901	-0.0356923037	-0.0259881272	0.0154356937	-0.0294859702	0.0381211647	-0.0691856559	0.0163684469	0.0697405579	0.0694115945	0.0503497944	0.0397199363	-0.1495296149	0.0254613598	-0.0013346873	0.0838415327	0.0115770708	-0.014281565	-0.0316713612	0.0892447774	0.0599608769	0.0740299737	-0.0435704249	0.0189183824	0.0252748181	-0.0052764348	-0.0548814006	-0.0410323853	-0.0280315748	-0.0221725841	0.019209311	-0.0984080176	-0.0550761846	0.0783343427	-0.0335535898763197	-1.7047838895202505e-05	0.0011258433935882	2.906288109967793e-10	0.0010928546673341	-0.0347356186944267	0.0012065632060846	1.1943313239139265e-06	0.2203837993019988	0.027476202491684	0.0485690189947836	0.000754941703364	-0.0010110513440673	-0.0001410000184201	1.988100519446855e-08	1.022224820340294e-06	-0.0003658574397056	1.955775360000696e-08	1.338516661879367e-07	3.825057258785851e-16	-0.0002821850173384	-2.615437049997404e-08	7.96283840102731e-08	6.840510962499122e-16	0.0	0.0	0.0
4240.847344925807	2.3585359409771627	17984786.20296427	5.56269178488103	3790.33309097594	-12.736149639722044	162.20950764539194	14366624.940547224	4229.981199918118	-2.83134783861442	8.016530583226546	17892740.951660726	4102.593878336588	3116.0869041214964	1.006387	12.563021	0.0555891551906668	0.0332853535637463	-0.0662123682	-0.0275591114	-0.0019860236	0.1137319327	-0.0703622636	0.0736493114	-0.033055758	0.0075815071	0.0668109005	-0.0382547815	-0.0776473313	-0.0020754296	0.1644490256	-0.0025130615	-0.0475038353	0.0813916534	0.0304170065	0.0138664247	3.9976e-05	0.0913390122	0.0173695126	-0.0566130664	0.0689145765	-0.1620540569	-0.018539496	-0.0640252536	0.0047056799	-0.1474194141	0.0126298998	-0.0459945962	0.0320303662	0.0296060169	0.052633534	-0.0481319813	0.06967179	-0.0862841263	0.0414896284	0.0340760164	0.1663504806	0.0049434023	0.0297829947	-0.0311380073	-0.076244673	0.0023855193	0.0472583878	0.0730444881	-0.0369324388	-0.0222428518	-0.0330723027	0.0272335755	-0.1137997838	0.0133069656	-0.0019012961	-0.0632004064	0.0565188562	0.0531308421	0.0090478174	-0.037740535	0.1011751417	-0.0418812255	-0.0827279611	-0.0237639868	-0.0558248322	0.072891005	-0.0992965076	0.0511268715	-0.0437940756	0.1782083565	-0.0008427576	-0.0117109055	-0.0677648239	0.0371310459	-0.0681258178	-0.0657476077	0.0138850541	-0.0160835972	0.0963894852	-0.0137715735	-0.0754421991	0.189694286	-0.0178865018	-0.0077097507	-0.0751625374	0.034487768	-0.1353604674	0.0949101598	-0.0095121707	-0.0539688279	-0.0331663737	-0.0427331532	0.0480677941	-0.0304114661	0.0577122914	-0.1053408303	-0.0613176114	-0.1244324542	0.0700996149	-0.1397539646	-0.0076848055	-0.0126560685	0.0244414719	-0.0143562209	-0.037509912	0.0873283654	0.0142509965	-0.0256151293	-0.034834803	0.0041888291	-0.0976717869	-0.1186337384	-0.006481927	0.0584677751	-0.0691047827	0.0173975452	-0.099666409	-0.0502969496	0.0830636267	-0.0335446026244312	8.987251888498138e-06	0.0011252403652309	8.077069650731333e-11	0.0191956298113353	0.0181027751440012	0.0003277104679142	0.0003684722038538	0.1937599255140867	-0.0266238737879121	0.0375429087352244	0.0007088306554746	-0.0007940517943653	0.000216999549702	4.7088804570870775e-08	6.305182521347527e-07	-0.0003658882226811	-3.07829755000124e-08	1.3387419149673424e-07	9.475915806343637e-16	-0.0002821449698786	4.0047459800012393e-08	7.96057840277961e-08	1.6037990364336079e-15	0.0	0.0	0.0
4252.027679619622	11.180334693814984	18079739.388251428	124.999883865723	3815.881368082358	25.548277106418027	652.7144631063235	14560950.61527809	4234.412467721463	4.431267803344781	19.63613434496008	17930248.94679497	4108.387014404297	3180.5921125561213	1.007008	12.570765	0.0351670446775089	0.0256506807126841	-0.0743150168	0.034633906	-0.0739101325	-0.0399763942	-0.1110745704	-0.0320750964	0.0428402301	-0.1163301388	-0.0080640953	-0.0041076343	-0.0793854092	-0.0704876683	0.0216482179	-0.0730446886	0.0030540929	0.0532230164	0.0330489037	-0.0002923254	0.0595565924	-0.058179833	0.0405996236	-0.0140773178	0.0814538576	-0.0486841634	-0.0677657777	-0.0284777461	-0.0405187524	-0.0589209768	-0.0379235477	0.009121763	0.0185519078	-0.0229404727	0.0817508448	-0.042650026	-0.0031889009	0.1807961002	-0.0211588898	0.0850734025	0.0793878542	0.0315372884	-0.0070398267	0.0006645373	0.1061468046	-0.0224376944	0.0543533984	-0.1771229593	-0.0567970823	-0.0405006871	-0.0526209747	-0.059882051	-0.027065692	-0.2229593401	0.0375913925	0.0004641956	0.0346830187	0.0305128083	-0.0319207056	0.0867011539	-0.0098205189	0.0115364637	-0.0583062553	0.0320132502	-0.0965532239	-0.0295415839	-0.0445426299	-0.0232426888	0.0333193874	0.056411888	-0.0209308562	0.0040488813	0.0017609691	0.0454742228	0.1260840696	-0.0470228171	0.0932833432	0.0098193252	-0.0285734964	-0.042421236	-0.1414744662	-0.090547349	0.0448824998	-0.0673987915	-0.1527002915	-0.1127436582	0.074941891	0.1067261652	0.1443121997	0.0371384737	-0.0153798884	-0.0727526779	0.066300618	0.0991739141	-0.0242615746	0.0239164679	-0.0017210925	-0.1484783227	0.0327526688	-0.0460712425	0.1062909964	0.0193498346	0.1384606056	0.0522175737	-0.0428566729	0.0384268953	0.0909569762	0.0894251128	-0.051131734	-0.0807316429	-0.1093145143	-0.0711928645	0.0435935303	0.0084231404	-0.0804386516	0.01558048	-0.1008033722	-0.0453798541	0.0873882332	-0.0336247213475786	-8.011872314740015e-05	0.0011306218857023	6.4190097987697526e-09	0.0193540088291399	0.0001583790178046	2.5083913280750344e-08	0.0003745776577584	0.2118830268259586	0.0181231013118719	0.0448944170569299	0.0003284468011603	-0.001129551045819	-0.0003354992514536	1.1255974772599299e-07	1.2758855651107963e-06	-0.0003653401474472	5.480752339000108e-07	1.3347342333674186e-07	3.003864620145516e-13	-0.0002822065556847	-6.158580610001081e-08	7.964054007142169e-08	3.792811512988129e-15	0.0	0.0	0.0
4256.554087660913	4.526408041290779	18118252.701182827	20.488369756261825	3805.312769916428	-10.568598165930323	111.69526719290585	14480405.276889035	4234.318981352307	-0.0934863691563805	0.008739701218043	17929457.235840436	4107.6690423990885	3195.52970185151	1.00553	12.552317	0.0518663862840687	0.029853884627014	-0.0701769011	0.0896590539	0.0455877814	-0.0299221653	-0.0821351623	-0.0288025027	-0.0332124819	-0.0571034619	0.0783836531	0.0920596701	-0.008244522	0.0479441665	0.0945148017	-0.0882808824	0.0091158413	0.0945068299	-0.0364928181	0.0449146823	-0.0421830682	-0.0467261274	0.0383029368	0.0075267888	-0.0819557706	-0.0450647863	-0.021973148	-0.0149858328	-0.109471144	-0.0637157165	-0.085002877	-0.0371125612	-0.0726301698	-0.0663306983	-0.0439874656	-0.0470731698	-0.1011719178	-0.0174606322	0.0149283505	-0.1266344422	0.0211810871	-0.1320023934	0.0220067377	0.1554233419	0.0370436773	0.1072253381	-0.0293588697	-0.0989938414	0.0345048218	-0.0637888158	-0.1590906572	-0.0282486557	-0.0259828518	-0.0553591627	-0.0448435095	-0.0026724638	0.1040925061	-0.0456009194	0.0050380609	-0.0264538303	-0.0040437858	-0.0068746966	-0.0252221443	-0.0059974411	0.0691915535	-0.0652730231	-0.0163924363	-0.0268450453	0.0484111489	0.1719775744	0.072231218	-0.0107653925	0.0016907688	-0.0502870834	0.0274652586	0.0277371038	0.0487610157	0.1206314414	0.0296441466	-0.0307284751	0.1107260284	-0.0541290479	-0.017024685	0.0288624185	0.024290623	-0.1264203189	-0.0096292324	-0.0175114475	0.0682913663	-0.0753829014	0.0305909694	-0.0768461073	0.0319298411	0.0959033168	0.1333609834	0.0059038429	-0.000627296	-0.1004293043	0.0719234899	-0.0264254807	0.0808406573	-0.1279612731	-0.0103970951	0.0075363913	0.016056477	-0.0185821162	-0.0655775935	0.0932453339	-0.1138760242	0.063479939	-0.1354700957	0.0250231494	0.0188563969	0.0529643586	0.0058545096	0.0137586687	-0.1018175221	-0.0403383756	0.0912870929	-0.0335446847760039	8.003657157470284e-05	0.0011252458767214	6.405852789432531e-09	0.0447580512591514	0.0254040424300115	0.0006453653717858	0.0020032831525168	0.1990050942966661	-0.0128779325292925	0.0396030275560249	0.000165841146229	-0.0008600513334034	0.0002694997124156	7.263009499209113e-08	7.396882960889663e-07	-0.0003658784072988	-5.382598515999955e-07	1.338670089275066e-07	2.897236678444492e-13	-0.0002821570328881	4.9522796599968915e-08	7.961259120821635e-08	2.452507383081892e-15	0.0	0.0	0.0
4256.118838588167	-0.4352490727460463	18114547.568185087	0.1894417553262931	3808.3742187013663	3.0614487849384204	9.37246866280093	14503714.189669242	4236.96534228926	2.646360936952988	7.003226208630695	17951875.311760344	4109.338761230469	3202.9692276022683	1.050085	13.108515	0.0642038370583165	0.0343191581300018	-0.0776816011	0.1219059822	0.0285566493	0.0395490026	-0.0672076078	0.04511473	-0.0975666197	-0.0762590822	0.0445978488	-0.0240327054	-0.0409896264	-0.0458351665	0.0679821915	0.1047868482	0.0476618726	0.0437631345	0.0305111279	0.0283654109	-0.1039809357	0.0056836195	0.1517027081	-0.0686093661	-0.0013051947	0.0368586183	-0.0911886473	0.0616062036	-0.0883662908	-0.0067965077	-0.0882636559	-0.0120036898	-0.0871331403	0.061518521	0.0716198075	-0.1013957959	-0.0594315135	-0.0185723142	-0.1482246956	0.0473785596	-0.0360108662	-0.0645678522	0.0059541597	-0.0782464786	0.1102704532	0.01110937	0.01973564	0.046347532	0.0457571307	-0.0197706645	0.11127012	0.0214052448	-0.2161885959	-0.044055359	-0.0290592228	0.0299403986	0.0679278665	0.0428378071	0.022676693	-0.0852914922	0.0747316284	-0.0060164369	-0.0520520856	0.0994024227	-0.0724747187	-0.0584817616	0.0477196232	-0.1347253047	0.0883169171	0.0553381958	0.0669078635	-0.0042549596	-0.0534229334	0.0860421891	0.0699624155	-0.0554399972	0.1327243645	0.0190071201	-0.043151588	0.1525542209	-0.0323091001	0.0272054915	0.0073658338	-0.0023920579	0.0738704488	-0.0398787843	0.1196003124	0.0458832527	0.053226895	-0.0058624761	-0.047980829	-0.086123912	0.1181067256	0.0444497753	0.0292579882	-0.1081815223	-0.0414722335	0.0070238222	0.0101198728	-0.1115034661	0.0512260515	-0.0018750944	-0.0164396537	0.0811319774	0.0894910625	-0.0470862159	0.0339055839	-0.0121747608	-0.1026282126	0.0711216496	-0.0336875691	-0.1008450868	0.080466323	0.0561101199	0.0085095761	0.0119326665	-0.102707623	-0.0351863325	0.0947412111	-0.0336530354743445	-0.0001083506983406	0.0011325267966374	1.1739873830895862e-08	0.0204522302828706	-0.0243058209762808	0.000590772933331	0.0004182937235435	0.2203430675543813	0.0213379732577151	0.0485510674192746	0.0004553091027469	-0.0011295420576022	-0.0002694907241988	7.262525042919372e-08	1.2758652598922118e-06	-0.0002663411639571	9.95372433417e-05	7.093761561802282e-08	9.907662812064802e-09	-0.000282151157909	5.874979099994987e-09	7.960927590938946e-08	3.451537942537791e-17	0.0	0.0	0.0
4239.052596707277	-17.06624188088972	17969566.91765071	291.2566119370343	3798.064443884618	-10.30977481674836	106.29145677205864	14425293.519900572	4230.802567967291	-6.1627743219687545	37.97978734351744	17899690.369118623	4104.253409993489	3162.8105789119454	1.188414	14.835307	0.0291941620857982	0.0190102170607288	-0.0832896355	0.0268985076	-0.0372609988	-0.1499340447	0.0411728136	-0.0908970057	0.0484794172	0.0092631759	0.0437830083	0.0420955727	0.1292348791	0.0010839447	0.0888916857	0.0458258037	-0.0200901815	0.0919794083	-0.0369056783	0.0606795148	-0.009286924	0.0178002835	-0.0133779882	0.0310290284	-0.0501792132	0.0422357482	-0.0698254652	-0.1865615657	-0.0834769731	0.0606151568	0.0171724093	0.0318855533	-0.0072755382	0.0197971075	0.0577248306	-0.0405905033	-0.0773178506	0.0536194934	0.0360763907	-0.058747266	-0.0117219837	-0.0658522219	0.0233055667	0.0835137224	0.0184140541	-0.0743628834	-0.0080417457	-0.0785269192	0.093496417	0.0329442205	0.098430499	-0.0229594649	0.0024674608	0.0045180967	-0.035701273	-0.0294228314	0.0987067698	-0.0747151781	-0.0147554964	0.0427640921	0.0421031042	0.009650316	0.087116111	0.1035058603	0.0299172897	0.0766637626	-0.0716012998	-0.0567285029	0.0015873283	0.0398366274	0.0111132607	0.0601212879	0.0542797946	-0.0662121053	-0.0442913745	-0.0665549753	0.0140755692	-0.0590768454	-0.1146521592	0.0243593949	0.0285940605	-0.0902931737	-0.0269664868	-0.0389761875	0.0575329455	-0.1412224142	0.0258424399	-0.0659585644	0.0833019529	-0.0367959049	0.1757442185	-0.087575375	-0.0109277199	0.1181857555	0.0602730443	0.0880076209	-0.0038232945	-0.0364677703	0.0786859256	-0.0312427002	-0.0715334462	0.0468218463	-0.0930994227	0.0727531707	0.0143867996	-0.0706180636	-0.0308290489	-0.1255021391	-0.0570444844	0.1068733171	-0.0115612446	-0.0740720286	-0.1290749284	-0.0735385069	-0.0422420982	0.0101030294	-0.1034725904	-0.029937846	0.0977337597	-0.0336476466276138	5.388846730701447e-06	0.0011321641235767	2.9039669086991667e-11	0.011411639377286	-0.0090405909055846	8.173228392213897e-05	0.0001302255132772	0.2202490140834783	-9.405347090299387e-05	0.0485096282047442	8.846055388900315e-09	-0.000866018349973	0.0002635237076292	6.94447444826401e-08	7.499877824899575e-07	-0.0001288779587054	0.0001374632052516	1.6609528240070792e-08	1.8896132798070997e-08	-0.0002820554935383	9.566437070003368e-08	7.9555301435134e-08	9.151671821433462e-15	0.0	0.0	0.0
4246.281057246716	7.228460539438856	18030902.817132287	52.25064177022468	3822.758599634664	24.694155750045866	609.8013282075233	14613483.311080776	4233.846877325149	3.0443093578578555	9.267819466340908	17925459.380635913	4108.502907958984	3146.8173288532544	1.117685	13.952386	0.0916481955484153	0.0712424780691864	-0.1233364592	0.0281827332	0.0668223	0.0415722824	0.1136491922	-0.0169030376	-0.129443331	-0.0933521314	0.0933141997	-0.030126047	-0.0431809237	-0.0267542262	0.1174001242	0.1270768583	-0.0149941559	0.1003127948	-0.0119241148	0.0060145723	-0.1055555128	0.0278999144	0.0196172934	-0.0510236002	0.0849379694	-0.1202797545	0.0114440153	0.0047436574	-0.1566053323	0.0176309285	-0.0473504882	0.03111939	0.005554615	0.0882256199	0.0307311445	0.0285593481	-0.0311573727	0.0933270869	0.0902989818	0.0001251319	0.021550877	0.1507009755	-0.1168004005	0.0507346076	0.1136090731	0.1879358537	-0.0545996079	0.0294239593	-0.0606726771	0.0231927139	0.0715280526	0.0130519907	0.0690318957	-0.0614164208	0.0093027716	-0.029749476	0.1118391001	-0.0022245037	0.0213982178	-0.0945475786	0.0269749218	-0.0239933528	0.0202709317	-0.0203560757	-0.0940355156	-0.0692123221	-0.0959399434	-0.1227387178	0.0592243978	0.1112471853	0.0716204777	0.0578416892	-0.0477968887	-0.0030946733	0.0051564683	0.1530238738	0.0390996613	-0.1207703282	-0.0011708876	-0.0476622786	-0.118367154	-0.0564221418	0.1873321119	0.0406119407	-0.051404865	0.0941273073	-0.0403325423	-0.0996716078	-0.0199582136	-0.0531465688	0.1257955029	-0.1132829207	0.0127531247	-0.075798314	0.0320981793	-0.0143528698	-0.0078722394	0.0964589271	0.0608957951	0.0070084029	-0.0025229542	0.1616695346	-0.022383632	0.0998092504	-0.1105313387	-0.1719363441	0.0341956609	0.027732625	0.0479833396	0.0519440742	0.0307792935	-0.0514747133	-0.0666165355	0.0042075447	-0.0209983834	0.0082703149	-0.1041114925	-0.024607302	0.1002501592	-0.0335445398344518	0.000103106793162	0.0011252361527051	1.0631010796151447e-08	0.0092361871559205	-0.0021754522213655	4.732592367444089e-06	8.530715317919082e-05	0.2907654779653512	0.0705164638818728	0.0845445631764191	0.0049725716784034	-0.0007260517663404	0.0001399665836325	1.9590644533781604e-08	5.271511674060148e-07	-0.0003658973013205	-0.000237019342615	1.3388083511362477e-07	5.6178168773694144e-08	-0.0002821330203309	-7.752679260001305e-08	7.959904116103605e-08	6.010403570845436e-15	0.0	0.0	0.0
4248.774357848753	2.49330060203738	18052083.54391309	6.21654789211996	3794.300463186317	-28.458136448346977	809.8655301127347	14396716.004935898	4229.169678304264	-4.677199020884473	21.87619068096267	17885876.167888194	4103.448227132161	3140.0432030364427	1.032632	12.890646	0.0059643993696978	0.0038892623423666	-0.1287928638	0.0635186907	-0.0910810846	0.0963487776	0.1047191634	0.0723091502	0.1069147592	-0.1042796347	0.1546741054	0.0417820202	0.1839821281	0.0091516811	-0.0700636338	0.0490815401	-0.0794036203	0.0991336063	-0.0040437948	-0.1800227932	0.0240168208	0.0107296837	0.0512219533	0.0863086279	0.0435915839	0.0544904194	0.010635986	-0.0394209659	-0.083717757	-0.0394169063	-0.0647647535	0.1967477371	0.0067866269	0.1201375655	-0.0644398899	-0.0259287937	0.111756689	-0.0233624712	-0.0451623516	-0.1298939135	-0.1211409684	0.0004373429	-0.0234068339	0.1009150509	0.0422829312	-0.0317800178	-0.0372887985	-0.0975834349	0.0198789656	0.0276894817	0.0714159545	-0.0628072532	0.0107137434	0.084898508	0.0604487489	-0.0968317193	0.0555602149	0.1330651523	-0.1437716568	-0.002452089	-0.0592037792	0.0816895944	0.0912474673	-0.0101234615	-0.0030107264	-0.0458562988	-0.0139464763	-0.027566288	-0.0016871397	0.0261868136	0.0595070039	0.1297106852	0.1853193941	0.0440249038	-0.0289413081	0.0078402903	-0.044324198	-0.0871348421	-0.004292482	0.0567380379	0.027902205	-0.1763888858	-0.030318605	0.0578602307	0.1666163212	-0.0355834671	0.0083590407	0.0187623475	0.0759634967	-0.035396907	-0.130830084	-0.1354816322	0.002150725	0.0099078739	-0.0980796098	0.0277873001	-0.0981006616	0.0512732218	0.1177284225	0.1758595904	-0.0675841399	-0.0404853882	-0.016340572	0.0152444532	-0.0346219114	-0.1802518831	-0.0107960062	0.0242576581	0.0562598412	0.0767709384	-0.0857084634	-0.0399305335	-0.0657366712	-0.0153539963	-0.0214239088	0.0064350811	-0.1046235507	-0.019209311	0.10227815	-0.033534660716981	9.87911747079434e-06	0.001124573469403	9.759696200175395e-11	0.0099581762028719	0.0007219890469514	5.212681839177914e-07	9.916527328744425e-05	0.2886840194126705	-0.0020814585526806	0.0833384630642551	4.332469706527466e-06	-0.0006630517436793	6.30000226611e-05	3.969002855299114e-09	4.396376147961602e-07	-0.0003659066936558	-9.392335300023416e-09	1.3388770846211946e-07	8.821596238806598e-17	-0.0002821209822754	1.2038055500021053e-08	7.959224864003656e-08	1.4491478022158708e-16	0.0	0.0	0.0
4246.8217132405525	-1.9526446082008988	18035494.66405142	3.8128209659360417	3790.397948489246	-3.902514697070728	15.22962096085304	14367116.607911486	4233.3830707738825	4.213392469618157	17.75267610303499	17921532.223914906	4105.982986897787	3169.63773038818	1.056353	13.186762	0.0487373650505848	0.0315712712589451	-0.1484590726	0.0580808796	-0.0712451197	-0.1063881424	0.1102279784	-0.1386634728	0.1116945724	0.0257733265	0.1392875882	0.0685423468	0.0352179906	-0.0239735132	0.0853971051	0.0307786436	-0.0306572425	0.1511119933	0.0028047008	-0.0166103261	0.0958924521	0.0479034609	-0.1079675857	0.0055699235	-0.0071098227	-0.1218422459	-0.0803643354	0.0125058787	-0.0172031605	0.1600019768	0.087758107	0.0384674586	0.1299981202	-0.1025856605	0.0246051778	0.0444087213	0.0591812171	0.0054780076	0.0517722493	-0.0377503507	-0.0483572383	-0.0255954238	-0.0404172835	0.0206417105	-0.0347537605	-0.0503179709	-0.2026829785	-0.0348297954	-0.1290794968	0.0148125669	-0.0250818356	0.1013709107	-0.0528738865	0.0413471326	0.0507594914	-0.0664078061	0.1372276662	-0.0261749847	-0.015346307	0.0755190071	-0.0652639568	-0.0939695324	0.0243541531	-0.067564082	0.0080790758	0.1025299029	-0.1440120488	-0.0670992768	0.0861668598	-0.0960806132	-0.1082418351	-0.0951381509	0.0283577932	0.0425201546	0.0207795536	0.0917512862	-0.0489811321	0.0079690699	-0.0131303401	-0.1002436188	-0.0268064721	-0.0122736382	-0.1216815914	-0.0420788267	0.0574463273	0.174150964	-0.0410613216	-0.0614473174	0.0813406215	0.1167961238	0.0657490064	-0.1385430967	0.0233666765	0.0176685035	-0.0169950497	0.1029058538	0.0584198826	0.1129686264	0.0685413715	-0.0076761081	-0.0265231895	0.0343436158	-0.1647421812	0.0843150093	-0.0697492332	-0.198939215	0.1711132853	0.0389069462	0.0026999918	0.0208301306	0.0401949816	-0.0832538934	-0.0163972269	-0.0202522572	-0.0182516633	0.0045978871	-0.1050081413	-0.0137586687	0.1038078519	-0.0336802647404823	-0.0001456040235012	0.0011343602329889	2.1200531659766746e-08	0.0100210421094857	6.286590661380015e-05	3.952122214375041e-09	0.00010042128496	0.3146097543492203	0.0259257349365497	0.0989792975316767	0.0006721437320002	-0.0008690165798321	-0.0002059648361528	4.2421513731449744e-08	7.551898160230806e-07	-0.0001198775321473	0.0002460291615084	1.4370622713726944e-08	6.053034831257557e-08	-0.0002820517762583	6.920601709997469e-08	7.955320449046214e-08	4.7894728028419885e-15	0.0	0.0	0.0
4259.227774041122	12.40606080056932	18141021.23116329	153.9103445874227	3801.72276202806	11.324813538813942	128.25140168890354	14453095.959322264	4238.2867331340085	4.903662360125964	24.045904542116133	17963074.432259746	4109.103189860026	3198.359227838421	1.181277	14.746217	0.0623299908691895	0.0305778656400925	-0.1408687491	0.1442630639	0.0934875982	0.0472276763	0.098884273	0.0295062218	-0.086519834	-0.054130792	0.1756869345	0.0603678401	0.0421057585	-0.0703275811	0.0089558541	-0.0524216044	0.0110124404	0.1695539331	-0.0641841626	-0.0856567308	-0.0290016818	-0.062429776	-0.0193033529	-0.0437873758	0.0022461948	-0.03662361	0.069590789	0.0252061458	0.0969319803	-0.023680651	0.0461196361	0.1677128912	0.0510332127	-0.0645810857	-0.0577234522	-0.0232699568	0.0392722856	-0.1436115821	0.0615333778	0.0987780194	-0.0451613929	-0.0064041338	-0.1014207637	-0.0051393215	-0.0981654874	0.0359342598	-0.0849135968	-0.1870174849	-0.0838045241	0.0443726393	-0.1186743325	0.0465934469	-0.0051715249	0.0675346166	0.0676227246	-0.0329931781	0.1607677861	0.0413635824	-0.0473760087	-0.109418254	-0.1101529746	-0.0183032974	-0.0361659683	-0.0858264884	0.0142866115	-0.0641074264	-0.0171744308	0.1174263337	0.014890308	-0.0451665464	0.0187866383	0.0197330421	0.1456076132	0.0206453496	-0.0911339952	0.1069286851	-0.0470575873	-0.0218604737	0.0442451475	0.0261132368	-0.0856713132	0.0739963266	-0.1826222583	-0.0562543654	-0.1163562002	0.1090171982	-0.0398887991	-0.0360079246	0.0516976809	-0.101892026	0.1174236979	-0.153059063	-0.004937281	0.0124742131	0.0871462816	-0.0133028178	-0.0375461767	0.1346314096	0.1029627401	0.1761615144	-0.0781846821	0.0216020425	-0.0286060348	-0.0334687412	-0.0257877215	-0.2617165179	0.0445170327	0.1295247584	0.0378690592	-0.0985964422	0.0191304604	-0.0427789059	-0.0299244823	0.0328686604	-0.0925020746	0.0027592926	-0.1052647956	-0.0082703149	0.1048318124	-0.0390072050095398	-0.0053269402690575	0.0015215620426562	2.83762926301064e-05	-0.0085395246260873	-0.018560566735573	0.0003444946375456	7.292348083955144e-05	0.3118876819842313	-0.002722072364989	0.0972739261734969	7.409677960236825e-06	-0.0006941052506699	0.0001749113291622	3.0593973069287484e-08	4.817820990075247e-07	-0.0003652997913428	-0.0002454222591955	1.3344393755509322e-07	6.02320853086232e-08	-0.000576126417892	-0.0002940746416337	3.3192164939306746e-07	8.64798948519891e-08	0.0	0.0	0.0
4254.403188802884	-4.824585238237887	18099946.492896147	23.276622721022928	3805.836126198332	4.11336417027178	16.919764797275647	14484388.619476324	4250.290985762795	12.004252628786162	144.1020811757195	18064973.46365647	4122.551516845703	3198.6458460670788	1.112772	13.891049	0.0621887829559374	0.0322948356671069	-0.1332797903	0.1283773902	-0.0364873044	0.0600982998	-0.0665423426	0.0245443233	0.0040449654	-0.0915532374	0.1083428579	-0.0768126587	0.0591861816	-0.040413997	0.087511496	0.0339360191	0.1400657428	0.142263704	-0.1564691564	-0.087315496	0.0187874876	0.1608338146	0.0215843917	-0.0473079707	0.0738018724	0.0646403761	-0.0863522555	0.1730811185	-0.0133608961	0.0509030638	-0.0701385827	0.056783484	0.0562098696	-0.0175136487	0.0455673699	0.0291086777	-0.0455154075	0.0689796093	0.1215261608	0.0127177272	0.0082429852	-0.0456104627	-0.0241665906	0.0100522614	-0.0229968372	0.146708748	-0.0334161731	0.1230371987	-0.0732413317	0.0328301244	-0.0421824426	-0.0317999667	-0.054521529	0.0659716006	-0.118818832	0.1006323501	0.1500382941	0.0605724956	-0.1659768609	-0.081635467	0.0660401017	-0.0910851847	0.0941674818	-0.089679449	-0.0137877602	0.037141383	0.1221089609	-0.077033302	0.1680046963	0.0155327923	-0.0849207731	-0.0180024353	0.0511338494	0.0801279572	0.0054889587	0.1154738532	0.0770223551	-0.0498983968	-0.0374720592	-0.1331340328	0.0068582539	0.0395817894	0.0126362735	0.0700323733	0.0273636439	0.0520940872	0.0071563684	-0.0083138374	-0.1489504734	-0.096069487	-0.0458504671	-0.1522929414	0.1116284286	0.0400006581	-0.052712932	-0.0367304986	-0.0722546184	0.1209106309	0.0614688468	0.009920674	0.0601000409	0.0635445915	-0.1911946347	-0.0116013512	-0.0199430656	-0.1809775138	0.0934189656	-0.0146030236	-0.0322948584	-0.0597779344	0.0031304377	-0.0297058917	-0.0364424327	-0.0277617244	-0.1101889956	0.0009198576	-0.105393201	-0.0027592926	0.1053450429	-0.0463996943461637	-0.0073924893366238	0.0021529316354174	5.464889859209803e-05	-0.0076009740736964	0.0009385505523909	8.808771393932638e-07	5.777480686900484e-05	0.2945002395903486	-0.0173874423938826	0.0867303911187727	0.0003023231530005	-0.001129551045819	-0.0004354457951491	1.89613040513032e-07	1.2758855651107963e-06	-0.0003653401474472	-4.0356104399961845e-08	1.3347342333674186e-07	1.6286151623406192e-15	-0.0002822065556847	0.0002939198622073	7.964054007142169e-08	8.638888539995825e-08	0.0	0.0	0.0
4242.174453842324	-12.22873496056036	17996044.096832417	149.54195873563117	3808.9562329296095	3.1201067312777013	9.735066014564422	14508147.58437332	4240.993226066468	-9.297759696326466	86.44833537063282	17986023.54354167	4115.376259521485	3181.614671861804	1.136912	14.192403	0.047060219125609	0.02735303343439	-0.1449982731	0.0432470392	0.0436737168	-0.1294647038	-0.0751146359	-0.1385663507	-0.0070485448	-0.0689413563	0.0670591947	-0.1311469525	0.1527235373	-0.0386879883	0.056798455	-0.0398246837	0.0656561349	0.1687214348	-0.1444287415	0.0572329798	-0.0176367575	0.0484728862	0.0387781361	0.0833095101	-0.0851281337	0.1099793894	0.0438031654	-0.0949302568	-0.0123935404	0.1031994907	-0.0790683322	0.0670344806	0.0004382622	-0.0177875337	-0.0579421917	-0.0312227134	-0.0945911822	-0.1621996078	-0.0310591614	0.0854571458	-0.1030997241	-0.0714729251	-0.0404693523	-0.0811807812	-0.012487623	0.0414041808	-0.0842592347	0.0310628675	-0.0321629947	-0.000887142	0.0714196988	0.0698247325	0.0202855693	0.1046860797	0.0754721269	0.0477543765	0.194886588	-0.1164922118	-0.1057553709	-0.026962486	0.0481720009	0.0345067838	0.068310648	0.0714826613	0.1032963504	0.0319053035	-0.0178463431	0.0220659995	0.0459635618	-0.0320515213	0.0228877085	0.0471811578	0.0690090247	-0.022503628	0.0384280376	0.0121743324	0.0401443479	0.0688453349	-0.0165043287	0.1650148093	-0.0083795969	0.0429773403	-0.123884506	0.0626300301	0.0899154914	0.1665663153	0.1260626354	-0.0823609615	-0.0681726912	-0.0358470574	0.0656941442	-0.1672313036	0.0006877397	0.052685435	0.0283068219	0.0936718209	0.0290769298	0.0584967514	0.0527900191	0.1202713966	-0.0287242836	0.0843352994	-0.099230409	-0.0808078994	0.1011597822	-0.1635707745	0.096795982	-0.0519910957	-0.0461854512	0.0603528043	-0.0708628115	-0.0603011871	-0.0189089994	0.0180748622	-0.0166398681	-0.0009198576	-0.105393201	0.0027592926	0.1053450429	-0.0335515066300615	0.0128481877161022	0.001125703597147	0.0001650759275881	-0.0074283794151739	0.0001725946585224	2.9788916150498183e-08	5.518082073577934e-05	0.314610161651558	0.0201099220612093	0.0989795538144194	0.0004044089653079	-0.0008515513241646	0.0002779997216544	7.728384523992388e-08	7.251396576864836e-07	-0.0003658800447037	-5.398972565000314e-07	1.3386820711238153e-07	2.914890475762607e-13	-0.0002821558808001	5.0674884600001874e-08	7.961194107008023e-08	2.567943929223507e-15	0.0	0.0	0.0
4229.722984095296	-12.45146974702766	17890556.522184014	155.03909886114502	3778.8157251365633	-30.14050779304625	908.450210022682	14279448.28453937	4218.108144494777	-22.885081571691444	523.7269585429714	17792436.31865317	4092.474627522786	3133.086965677579	1.686888	21.057909	0.3798966169932529	0.2403862201009945	0.0173896839	-0.0301329318	0.0082704656	0.0993101255	0.0131328328	-0.0039155547	-0.1031861101	0.0881413907	0.0155139763	-0.1178665069	0.0379554138	0.1196854104	0.2257360107	0.1470138791	-0.1159193077	0.0794117392	0.1607289109	0.1953905656	-0.0926226096	0.1676289936	0.3033313796	-0.1615296605	-0.2438709128	0.1416361873	-0.0015365699	-0.2319995343	-0.0619809394	0.0482339629	0.0475879536	0.0560338397	0.0545876678	-0.0619476339	-0.0229243614	0.1064108685	0.0868440583	-0.0766547011	0.1170066404	-0.0874910165	-0.0391477148	0.0975817563	-0.0355652458	0.0550880571	-0.0870458893	0.0586953469	0.1309026567	0.0875196464	-0.1061476548	-0.1041852543	0.0409368673	-0.0530071914	0.2048139171	-0.0356054965	0.0285362303	-0.1283383223	0.0889560309	0.0176666467	0.1861801587	-0.108907253	0.3240811201	-0.0397683273	-0.0730272482	0.3666867457	0.0607039852	-0.0363193881	-0.0075831914	-0.0855026075	-0.0761543582	0.091243394	-0.1557008884	0.0281404096	0.2142888837	-0.0905995003	-0.2329819779	0.0941849633	-0.0774162956	0.0168225588	0.0377268406	-0.0280401893	0.15556974	-0.14895196	-0.0118379477	0.0163239393	-0.0969175435	0.0365688022	0.0264164501	0.0119197628	-0.1440772551	0.0262400481	-0.0640153096	0.0276416545	0.1117057463	-0.0667142259	0.0048853635	-0.1274595591	0.1072324771	-0.0817640265	0.1967004298	-0.0470895349	-0.1307339028	0.1855705152	0.0277880917	0.0961757605	-0.0073879809	0.032477947	-0.0746489538	-0.1097606843	0.0163379281	0.0397725613	0.4346162229	-0.0440287687	0.0116709332	0.3081163081	0.031674525	-0.0027592926	-0.1052647956	0.0082703149	0.1048318124	-0.0431065870211853	-0.0095550803911238	0.001858177844615	9.129956128083856e-05	0.026331635334003	0.0337600147491769	0.0011397385958646	0.0006933550193629	0.0924765863019558	-0.2221335753496021	0.008551919014063	0.0493433252975973	0.0006510258286821	0.0015025771528466	2.257738100256895e-06	4.23834629611215e-07	0.0003059454631	0.0006718255078036	9.360262639147347e-08	4.513495129356993e-07	-0.0001675996113835	0.0001145562694165	2.8089629735900226e-08	1.312313886264864e-08	1.0	0.0	0.0
4254.3406313191645	24.61764722386852	18099414.207293145	606.0285548388413	3781.226102669401	2.4103775328376287	5.809919850808414	14297670.839508427	4242.158173148817	24.050028654040037	578.4038782601467	17995905.966013305	4111.292134602864	3137.7565393135865	1.468282	18.328991	0.0723068555465236	0.0461075798812447	0.0032008804	0.013805794	0.0257026405	0.1169248633	0.0477292433	0.0700922158	0.0212599844	0.0013606555	-0.0038987612	0.0109058791	0.1280346997	0.1040068738	-0.058276081	-0.1329529495	0.0458903579	-0.0539398702	0.1151267894	-0.1445920296	-0.1491157638	0.0222825931	-0.0604602752	0.149661666	-0.1551275648	0.0213701641	0.1091209211	0.0944574321	0.0827549302	0.0690960314	-0.0753787017	0.0525146735	0.3028195591	0.0513950919	-0.0134778385	0.1339005441	0.1403591782	-0.0237138635	-0.0184424193	-0.0236251997	0.1400077137	-0.0036352209	0.055447139	-0.0437369363	0.0077932827	-0.0126173935	0.1253960238	-0.005592257	-0.1103047306	-0.0221248638	0.1322392561	0.0792387049	-0.0438038056	-0.1020510788	0.0134021356	0.0383717191	-0.0666244443	0.1209923531	0.0257398766	-0.0583508549	-0.0874792632	0.1990243601	-0.0236474113	-0.0206264662	0.2374743642	0.0862663628	0.0112463304	-0.0156991601	-0.0727441521	-0.0230721092	-0.3328371665	0.1014837597	-0.0258478774	0.0462141029	0.007128644	0.0729122742	-0.1458950862	-0.076972965	0.0553666519	-0.0105530178	-0.105468348	0.1103983052	0.0683153592	0.0520303099	-0.0222794318	0.0543155142	-0.0401760535	0.1849246238	-0.0223188478	-0.0363983148	-0.0740536889	-0.020535371	-0.0059972113	-4.54395e-05	0.0610126937	-0.1100141339	-0.058724524	-0.129371181	0.1035211283	0.1569744213	-0.1854890206	0.0539784029	0.1557190526	0.0818194476	0.0092867485	-0.0573143618	0.0100156283	-0.1042174966	-0.0919350362	-0.0797943392	0.3713806698	0.1482064197	-0.0059060194	0.0683021703	0.130377834	-0.0045978871	-0.1050081413	0.0137586687	0.1038078519	-0.0474429028372611	-0.0043363158160758	0.0022508290296257	1.880363485674917e-05	0.0262693720680857	-6.226326591730197e-05	3.876714282688657e-09	0.0006900799088515	0.1348622539528463	0.0423856676508904	0.018187827541242	0.0017965448222117	0.000405063820108	-0.0002459620085741	6.049730966180563e-08	1.640766983604862e-07	0.0004559428723602	0.0001499974092602	2.0788390285606962e-07	2.2499222784771942e-08	-0.000282092369822	-0.0001144927584385	7.957610511179202e-08	1.3108591734856718e-08	0.0	0.0	0.0
4214.803945819803	-39.53668549936174	17764572.301698178	1563.1495002754407	3721.6110876318944	-59.61501503750651	3553.9500179221272	13850389.087584652	4191.317189164077	-50.84098398473998	2584.805652536587	17567139.780182257	4065.354843994141	3179.8907365649725	2.832938	35.364376	0.6596724197767204	0.4561451306157903	0.1997568367	0.0521813306	-0.0874260364	0.1142356117	0.0614958367	0.2453248867	0.1085283989	0.4097915909	-0.2344050266	0.1958043254	0.4503578662	-0.4145424322	0.0944668716	0.2790350881	-0.5442551601	-0.4547601282	-0.5210627886	-0.0647483641	0.0714416887	0.0516014665	0.0443765421	-0.1586002468	0.0023461167	-0.1173939492	0.0456790997	0.0247641655	-0.036153948	0.0801158475	-0.0246283076	0.0610723035	0.0703905929	-0.0915866821	-0.0115784429	-0.116481909	0.0220306508	-0.0519117119	-0.0205770234	-0.0210937883	-0.0095221174	0.0430133692	0.0583597219	0.0029928634	0.0457224778	0.0083393801	0.0119900609	0.0300088105	-0.0157261027	-0.0073338011	0.0081418538	0.0433168157	0.0008011788	-0.0494595771	-0.0219919398	-0.3863360511	-0.5481188019	-0.3647639798	-0.3626640883	-0.2425821318	-0.08661413	-0.2439853586	0.0087328368	0.0277174769	0.010485235	-0.0633846659	-0.1154401083	0.0127205864	0.1430841848	0.0299414643	-0.0698480684	-0.0443301293	0.0498918213	0.0229845582	-0.030974449	0.0031632423	-0.0771909001	0.0500319689	0.0248330829	0.0290487609	0.0295210563	0.0316289651	0.025001769	0.0405813093	0.0344059119	0.003004987	-0.0403980749	0.052934481	0.0226685373	-0.0017302888	0.041664866	0.2852428769	0.6745417418	-0.2516754502	0.0546566229	0.2148197484	0.2972261764	0.0030617092	-0.0797360337	0.1957261624	-0.124264932	-0.1194802899	0.0014823932	-0.0811300351	-0.1547585542	-0.0146100499	-0.113571157	-0.1156542696	-0.1241726186	-0.1129909191	-0.1370820565	-0.0221882865	-0.1271859897	-0.0128311604	0.0744056353	-0.0064350811	-0.1046235507	0.019209311	0.10227815	-0.0507597183208901	-0.0033168154836289	0.0025765490040161	1.1001264952441069e-05	0.0982844210574143	0.0720150489893286	0.0051861672809353	0.0096598274225911	-0.2862613021466416	-0.4211235560994879	0.0819455331066908	0.1773450495018785	0.0033486160868155	0.0029435522667075	8.664499946838862e-06	1.1213229696879551e-05	0.0007740258481157	0.0003180829757554	5.991160135512287e-07	1.0117677946547398e-07	-0.0002847971114445	-2.704741622499977e-06	8.110939468713097e-08	7.315627244483805e-12	0.0	1.0	0.0
4281.092416106648	66.28847028684504	18327752.275245856	4394.161292969938	3827.735491140905	106.1244035090108	11262.389020143342	14651558.990139706	4262.7015701137225	71.38438094964567	5095.729843564136	18170624.67585	4136.233405598959	3230.086977441823	2.966087	37.026512	0.1786822688182611	0.0981550660682741	0.3191547121	0.0521130031	0.0242244839	-0.0081974995	0.102123775	0.0621716556	-0.052112188	-0.0513794405	-0.4141362751	0.1465754758	0.0007669082	0.0572241388	-0.1043308205	-0.1695259811	0.2706619771	-0.3462479423	0.0488804026	0.0163157447	-0.0617105096	-0.1009458808	-0.0407992375	0.0527296365	0.0635913209	-0.2054952458	-0.0794783232	0.0763254094	0.1295218865	-0.1193581534	-0.2115419353	0.0635288423	-0.0767414735	0.0600440086	-0.0862138856	-0.0644867011	-0.0143135621	-0.0686552429	0.1436887948	0.0377534678	0.0385006081	0.057902383	-0.0355574489	0.1891008671	0.0919475915	-0.0033821319	-0.0749035007	-0.0032857454	-0.1079498332	-0.0067525185	-0.004285083	-0.0898688018	0.1351095889	0.0588998704	0.019800608	0.3594434412	-0.3125986419	-0.0478084729	0.0444144329	0.0276353099	-0.0939796362	0.1804892686	-0.1156816022	-0.3005057708	-0.0547358798	-0.0005744867	-0.0277006572	0.1172114458	0.1598386539	0.233659895	0.0105142551	0.0409087164	0.0229321338	-0.0038965099	-0.1809092311	0.0369902043	0.2153710514	0.0404307896	0.082828582	-0.0423471403	-0.0276964262	-0.2290202865	-0.0262067432	0.0589862407	0.0087376062	0.0720390417	0.0974085382	-0.0516312159	-0.0811845289	-0.0464575751	-0.0096826975	0.3374987421	-0.0031756224	0.0673399644	0.1505070291	0.1362043069	-0.4572235258	0.0318010123	-0.1833958423	0.0202898277	-0.0079649283	0.0061650151	-0.1389672101	-0.0698646469	-0.2261848982	-0.1283858202	0.0985063821	-0.0946881668	0.105652768	-0.0460136699	0.055299411	-0.070205347	0.4055628816	-0.0818349548	0.1553993981	-0.0082703149	-0.1041114925	0.024607302	0.1002501592	-0.0747616519002605	-0.0240019335793704	0.0055893045948557	0.0005760928155485	0.0766956661075397	-0.0215887549498746	0.0004660743402857	0.0058822251996792	-0.2542496742070455	0.0320116279395961	0.0646428968343887	0.0010247443233431	0.0049461838031532	0.0015975677163377	2.5522226082844537e-06	2.446473421457505e-05	0.0005991830214553	-0.0001748428266604	3.590202932003025e-07	3.057001403459868e-08	-0.0005339856154348	-0.0002491885039903	2.851406374912821e-07	6.209491052092376e-08	0.0	0.0	1.0
4262.313640830205	-18.778775276442506	18167317.57280724	352.6424008831282	3805.889085503688	-21.84640563721723	477.2654392658368	14484791.731156098	4249.97540722018	-12.726162893542096	161.95522199296772	18062290.96197634	4120.414014404297	3201.1887176860955	1.346104	16.803801	0.1913485738832428	0.1256528177426579	0.2701266625	0.0379121758	-0.0288319423	-0.0031234563	0.1029377372	0.0574472777	-0.0434541399	-0.0467024499	-0.2333840785	-0.0034189922	0.0282617585	0.0496895891	-0.104720622	0.0650719083	0.1668093013	-0.2378940051	0.0785082941	0.010314521	0.0074213044	0.0654858009	0.0004125427	0.0363128401	-0.0031362764	0.028001214	-0.1794657542	-0.1211427207	0.064752555	-0.007236708	-0.0084831079	-0.0537013675	0.1037182488	0.0463229647	0.0381707339	-0.0067513314	0.0136001393	-0.0795109279	0.0839037808	0.1095459727	0.1041785618	-0.054310522	-0.0961138723	0.0521686539	0.0844489195	-0.0329341746	-0.0965169287	0.0744011952	0.053327072	0.2038747748	0.0561244503	-0.0741219795	-0.0237417081	0.0605704974	0.0812353776	0.2025944276	-0.1892840197	0.0249804174	0.0821317289	0.01591501	0.0530549267	0.033467761	0.0140870952	0.102400299	-0.0162802303	0.2079577025	0.0333441007	-0.0020949901	0.0203139041	0.0514754704	-0.0441661019	-0.0410085084	0.0358725662	-0.0425536839	-0.1474669959	-0.0566637741	0.0101135603	-0.0281273995	-0.1183819769	-0.0272318413	-0.1868915297	0.0562264346	0.0340709335	0.0628708238	0.0856254424	-0.0318329127	-0.0045722181	-0.0806580532	-0.0878265101	0.0046411758	0.056158811	0.2641193404	0.0324305711	0.0661419815	-0.0522576655	0.0577935615	-0.1916273683	0.0835816712	-0.0398844937	0.0535096536	0.1168346227	0.0601775571	-0.0711682427	0.0603030338	0.1578644294	-0.0299078952	-0.0465244345	-0.0781956815	0.0232726487	-0.05652106	0.0527636796	0.0589544321	0.0168883919	-0.0365953528	-0.1037032546	-0.0101030294	-0.1034725904	0.029937846	0.0977337597	-0.0667090492795381	0.0080526026207224	0.0044500972557798	6.484440896726543e-05	0.0670000226603235	-0.0096956434472161	9.40055018555464e-05	0.0044890030364838	-0.1387167553104262	0.1155329188966192	0.0192423382038526	0.0133478553487728	0.0041460787980746	-0.0008001050050785	6.40168019151826e-07	1.7189969399843724e-05	0.0004879131735584	-0.0001112698478968	2.3805926493182937e-07	1.2380979050999258e-08	-0.0002840122900366	0.0002499733253982	8.066298089183378e-08	6.248666341063439e-08	0.0	0.0	0.0
4247.290032573702	-15.023608256503394	18039472.62079992	225.70880504487693	3817.809904668436	11.920819164748082	142.10592955862515	14575672.468184412	4240.599236667324	-9.37617055285682	87.91257423625936	17982681.886023488	4113.925028157552	3154.4493111709444	1.133879	14.154533	0.0786934606394159	0.0480020662631515	0.2213200182	-0.0785147443	-0.0679522552	-0.1526110384	0.1463038596	-0.0920563491	0.0255601227	0.0242846062	-0.2745367587	0.0389303741	-0.1364384289	0.0437218616	-0.0454273376	0.0287191546	0.073912949	-0.1780218061	-0.0312354231	0.1739270691	0.1049669524	-0.1222774519	-0.055954908	0.0323474793	-0.0143773339	0.1492155828	-0.1316004259	0.0759742425	0.0207417221	-0.0932513312	0.0869348925	-0.1075786252	0.0119604203	0.1233810842	-0.0408513071	0.0599654417	0.0282134231	-0.0044345403	-0.0440482751	-0.0843279432	-0.0635501665	0.0886171	0.08271203	0.0847713507	-0.039112266	0.0873882437	-0.0291937391	-0.0159812262	0.0129047837	-0.0849042021	0.1066160752	0.006844504	-0.0046640385	0.0624090016	0.0271846293	0.116683448	-0.1553700295	-0.1302309551	0.0371618438	0.1694249888	0.0679838112	-0.0256724347	-0.0473954902	-0.0245201651	-0.026371977	0.0433519407	0.2536307818	-0.0063475515	-0.1193851536	-0.0494587914	0.0472153266	0.0501829616	-0.0107681395	-0.1445457805	0.0518839223	-0.0304820072	-0.0863014231	-0.0920016229	0.057437772	-0.0145504561	0.1122834248	-0.0168240441	0.0324466212	0.0076640301	0.0018167157	0.0916904611	-0.097900004	0.0302088661	0.0665748013	-0.0439869443	0.0438628186	0.2343736523	-0.0996233515	0.0438665358	-0.006341857	0.1998673491	-0.0888745121	0.1070638663	0.0886259383	-0.0786184396	-0.0054817076	0.1051916706	-0.0011490895	-0.0091910036	0.1281042557	0.0022728646	-0.0600605845	-0.0472601693	-0.0661396785	-0.1485664339	0.007056292	0.0789036958	-0.0298676309	0.0081143841	-0.1247141141	-0.0119326665	-0.102707623	0.0351863325	0.0947412111	-0.066613274991127	9.577428841109348e-05	0.0044373284050435	9.172714320651314e-09	0.0876597673392183	0.0206597446788948	0.0004268250501971	0.0076842348099658	-0.0980622499069312	0.040654505403495	0.0096162048568094	0.0016527888096028	0.0040421133979814	-0.0001039654000932	1.0808804416539157e-08	1.6338680722140743e-05	0.0004270626247486	-6.08505488098e-05	1.8238248545716354e-07	3.7027892904538526e-09	-0.0004648650665059	-0.0001808527764693	2.1609953005753482e-07	3.2707726756654594e-08	0.0	0.0	0.0
4239.100031265587	-8.190001308114915	17969969.075075902	67.07612142692403	3795.482877814912	-22.32702685352388	498.4961281179762	14405690.275786169	4238.067335169745	-2.531901497578474	6.410525193440119	17961214.737432785	4108.00359773763	3143.677838005348	1.095383	13.673983	0.1189820671832919	0.0813402915298561	0.1796471389	-0.1230575988	0.120742434	-0.0247158748	0.1626059133	-0.0123961965	-0.1071393887	0.1505414439	-0.1680292397	-0.0064445336	-0.1091377824	0.0766695657	-0.0866784566	0.0293403715	0.0348629409	-0.1666058413	0.0993904521	0.1110786505	-0.0052731818	0.0057589682	-0.0846182287	0.0546371816	0.0565299027	0.0208035252	-0.1249637992	0.0366711425	0.0413751847	0.0230860772	0.0779149162	0.0587304378	-0.1314096414	0.0990665852	0.0308808767	0.0910852184	0.0003883275	-0.0977946743	-0.0261176257	-0.033150739	-0.1038791954	-0.0224086035	-0.0107609108	-0.0121343963	-0.1168513843	0.0401812769	0.0544038555	-0.009377548	-0.0238875379	0.047933591	-0.0097488398	0.01587141	0.0320693815	-0.0957033119	-0.0829902153	0.0487717883	-0.1429145818	-0.054736353	0.1867542785	0.0344391706	0.0294511637	0.0184738721	0.0045074173	-0.0616427598	-0.0505065037	0.100542266	0.0493028672	-0.0500427603	-0.0612441895	-0.1641133209	0.1304024225	0.0049718904	0.0418698903	-0.0301487332	-0.0399033038	0.0458469985	0.036219219	-0.0476019048	-0.0630929669	0.0549136505	0.0686568214	0.0521593833	0.0451433076	0.013082619	-0.0124149119	0.0172068078	-0.0722667175	-0.0121156921	0.0018726031	0.0021375901	-0.0545462974	0.1935448897	-0.123953815	-0.1220065161	-0.0011157608	0.0462213575	-0.0053709642	0.1488046604	0.082662749	-0.0100946083	0.1166859765	0.1665431125	0.1128289336	0.0586403812	0.1409081577	0.0073960648	-0.027381207	-0.0188099161	-0.0848857875	-0.0624181651	-0.026130283	0.0509791682	-0.0689148184	0.0284080724	-0.008255146	-0.0137586687	-0.1018175221	0.0403383756	0.0912870929	-0.0665086300406443	0.0001046449504826	0.0044233978698832	1.0950565661525377e-08	0.0748060918224098	-0.0128536755168085	0.0001652169742914	0.0055959513737428	-0.0194277494417605	0.0786345004651707	0.0003774374483718	0.0061833846634069	0.0039610312506276	-8.108214735380072e-05	6.574314619503453e-09	1.5689768568448445e-05	0.0001429410668376	-0.000284121557911	2.0432148588671227e-08	8.072505966977373e-08	-0.0002822838467541	0.0001825812197518	7.96841701382922e-08	3.333590180605508e-08	0.0	0.0	0.0
4235.8583403824505	-3.241690883136471	17942495.879787568	10.508559781810112	3775.058942452845	-20.42393536206737	417.1371356739059	14251070.018993191	4231.529664453672	-6.53767071607308	42.7411383917995	17905843.301151406	4103.459622477213	3072.330806097299	1.133622	14.151333	0.0295731226891677	0.0175673249244293	0.1556410481	-0.1978865178	-0.0985276014	0.0731753969	0.1578333191	0.0905097501	0.1443036751	0.0872655066	-0.0616930153	0.0533009307	-0.0860958903	0.2149738057	-0.1001203909	0.0241605169	-0.0489789334	-0.1209185441	0.1356996198	0.0826248085	0.1372656592	0.0143958111	0.0029074178	0.1499148962	-0.0070444518	0.044972008	0.0871823835	-0.0060834034	-0.0052154873	-0.155516807	-0.0078244048	-0.0633223425	-0.0194579706	0.0383340445	-0.0497380694	0.0535165493	-0.0807453923	-0.0153316683	-0.1716191119	-0.007600465	-0.0279915802	0.107672216	-0.0486714683	-0.0013235428	0.0795326581	0.0352289091	-0.1125193245	0.0383103532	-0.0596348103	0.1852632337	-0.0647151469	0.0144973393	0.0848725071	-0.101945659	0.0136503895	-0.0416753739	-0.1558998476	0.0765144702	0.0914110439	0.1689957294	0.1023170494	0.0153758317	0.0386748709	-0.0395808862	0.0628052808	-0.0460954144	0.0692175046	0.1065249937	-0.1717170973	0.0276321818	0.099448861	-0.0137796284	-0.0328953321	-0.0235904719	0.0943741113	-0.0118737642	-0.0362667474	0.0029071558	-0.0217147168	0.115661319	-0.0076747544	-0.1567926842	0.0043955094	0.0570448081	0.1026627512	0.1054549535	-0.0552873886	0.0671576117	-0.0719572858	-0.0614164777	0.2122171604	0.1896626299	-0.1552138659	-0.1184640503	-0.1646444108	0.0662423307	-0.0677993339	0.0497045753	0.1827995239	0.0553233057	0.0351739261	-0.0339950474	-0.0039802905	0.0436565221	0.0706117577	0.059331654	-0.0831413125	0.0126155697	-0.0762333918	0.0393889013	-0.1063590054	0.0338446793	-0.0595184007	0.014461492	-0.0247563563	-0.01558048	-0.1008033722	0.0453798541	0.0873882332	-0.0637011093114807	0.0028075207291636	0.0040578313275132	7.882172644683382e-06	0.0895330809168228	0.014726989094413	0.0002168842077869	0.0080161725784583	-0.0185279975277694	0.0008997519139911	0.000343286692389	8.09553506730652e-07	0.003929049113092	-3.198213753559994e-05	1.0228571213460306e-09	1.5437426933089028e-05	0.0001856544135898	4.27133467522e-05	3.446756128537251e-08	1.8244299907736743e-09	-0.0004303655814983	-0.0001480817347442	1.8521453373836998e-07	2.1928200164851624e-08	0.0	0.0	0.0
4245.879185222644	10.020844840193604	18027490.055506904	100.41733131123478	3791.228187348264	16.16924489541907	261.44448048803565	14373411.168544002	4235.246335155156	3.716670701483963	13.813641103269294	17937311.51944518	4105.354517171224	3132.033458508943	1.079323	13.473499	0.0582705750442234	0.0302211882124742	0.1491235025	-0.1571798896	-0.0410265819	-0.0946455849	0.1723257063	-0.0804743927	0.0701288977	0.1610811823	-0.0257174744	0.2162329518	-0.1711168087	0.061868149	-0.022570151	0.0205009632	0.0100019577	-0.0461323679	0.1474536942	0.1054049796	0.0641505748	-0.0408453815	-0.0865827788	-0.1560560571	-0.0705257399	0.086128368	-0.0532385299	0.0665118347	-0.1222664805	0.1746603688	0.0563680102	-0.0867180291	-0.0398326157	0.0257072807	0.0372027565	-0.0552863389	0.055677408	0.1017414195	0.0266117898	0.0597166353	0.0968639766	-0.0472860448	-0.0882964587	0.0812460955	-0.0628347621	0.1093145901	0.1554099486	-0.1044718615	-0.0299491185	-0.0350031971	-0.0565982022	-0.0031765161	0.0409525597	0.0590024643	-0.0522533437	-0.0083263319	-0.033710908	-0.0249571032	0.2047933554	0.1398172044	-0.0323191202	-0.1513001855	-0.0261366565	0.0158884857	0.0445494915	-0.0182437459	0.0433018915	-0.1598497792	0.1145474957	-0.1121822606	0.0016362251	0.0212395163	-0.0157365966	-0.0746662408	-0.005975722	-0.0939624851	0.0217651157	-0.0236165596	0.0306090316	-0.1509181459	0.0191998322	-0.0269482188	0.0149661881	0.025768594	-0.1670683505	-0.0900528099	-0.0327638688	0.0091089031	-0.0272319097	-0.1456684649	-0.0403809754	0.1726726709	-0.1420432586	-0.0792983936	-0.0483429577	0.1158017181	0.0886064029	0.0844792239	0.1169183799	0.0258778248	0.072341794	-0.0363206805	0.0075869056	0.1045731809	0.111043925	0.1644243732	0.2085496279	0.0338411446	-0.0400768375	-0.0002931373	0.0208043618	-0.0334388844	-0.0416722796	0.0371598043	-0.0172934891	-0.0173975452	-0.099666409	0.0502969496	0.0830636267	-0.0665876321827454	-0.0028865228712647	0.0044339127597045	8.332014286334218e-06	0.0621269028973188	-0.027406178019504	0.0007510985936367	0.0038597520636128	-0.0132628042913296	0.0052651932364397	0.0001759019776701	2.7722259817051394e-05	0.0036460337447239	-0.000283015368368	8.009769873253116e-08	1.3293562067665388e-05	0.0001619855729766	-2.36688406132e-05	2.62393258525574e-08	5.602140159730657e-10	-0.0002827961721393	0.000147569409359	7.99736749766406e-08	2.177673057856413e-08	0.0	0.0	0.0
4263.9450309265785	18.06584570393443	18181227.22676346	326.374780998366	3814.5043976924335	23.276210344169613	541.7819679860285	14550443.800014917	4243.470819496419	8.224484341262723	67.64214267967573	18007044.59591761	4113.749876464844	3142.8138890490254	1.18335	14.772092	0.0490945281329144	0.0438471995044863	0.1482754384	-0.052079722	0.0136769877	0.0877806575	0.1475223663	0.1030059448	-0.03955804	-0.0478546661	0.0045399132	0.1475833509	-0.2482629593	0.0701012821	0.0348114514	0.0091265483	0.0845718484	-0.0003798535	0.1324663172	0.0594661	0.0723640013	0.0798859648	0.0134807845	-0.0735369462	-0.1178957174	-0.1522354732	0.0874469277	0.2052530617	-0.0417346202	-0.0594160826	-0.0355043587	-0.0150761122	-0.0743763169	-0.0376036996	-0.0544271639	-0.0880227288	0.0502275582	0.0120466276	-0.1510984707	-0.1075487793	0.0534319003	0.0403535739	0.0176282254	0.0120997308	0.0241800054	-0.1766827921	-0.1267102025	-0.0166301107	0.082775339	-0.0210484896	0.0138975121	0.1485399054	0.1407022046	-0.0079187423	0.0237590259	0.0520286207	-0.0139805487	0.1260716172	0.1415902363	0.0042532734	0.0838463413	-0.1407482897	-0.1238293057	-0.1807444888	0.1528875137	-0.1103930764	-0.0507313253	-0.0346354372	-0.0105083872	0.0028933458	0.0730680661	-0.0838268675	-0.07140358	0.0060733005	0.0449916738	-0.0175683771	-0.0915761812	0.0746255306	0.0984237875	0.0633719037	0.0256594531	-0.0288871606	0.079234973	0.0276316314	0.0459086743	-0.0363096091	-0.2152108491	0.0082164757	0.0880897309	0.1297887322	0.1173148471	0.1790419782	-0.1305806872	-0.0708255412	0.0233310282	-0.0226609791	-0.0118733124	0.1690732721	0.127706353	-0.0031805584	-0.045100827	-0.0817192375	0.1899525433	0.0297353663	-0.0309372141	0.0936621685	0.0927719049	0.1461009529	-0.0031517078	0.0780053337	-0.0297124044	-0.0343186646	-0.1333845539	-0.0324160089	-0.0301479102	-0.019209311	-0.0984080176	0.0550761846	0.0783343427	-0.0666241931362918	-3.656095354639954e-05	0.0044387831110619	1.3367033242219851e-09	0.0618937679613651	-0.0002331349359536	5.435189836213551e-08	0.0038308385124553	-0.0573848289387939	-0.0441220246474643	0.0032930185923346	0.0019467530589914	0.0035800315394253	-6.600220529860007e-05	4.356291104278551e-09	1.2816625823279884e-05	0.0001899945954513	2.8009022474700007e-05	3.6097946300703154e-08	7.8450533998825e-10	-0.000282841096285	-4.492414570000328e-08	7.999908574770063e-08	2.0181788668751237e-15	0.0	0.0	0.0
4275.072873672015	11.127842745436284	18276248.0752063	123.8288841671589	3818.2916427551513	3.7872450627178296	14.343225165080575	14579351.069133831	4250.189747529871	6.718928033452357	45.14399391871196	18064112.89000803	4122.604861979166	3218.52419711855	1.144116	14.282323	0.0995796202971574	0.0413830026483913	0.1711914687	0.0468139111	-0.0666867802	0.0105856807	-0.0055271982	7.77859e-05	0.0097662083	-0.1125264256	-0.0806216726	0.0691767645	-0.0032278127	0.1077823905	-0.0460553404	0.0488354988	0.1195442624	-0.0834644517	-0.0036861234	-0.0789311099	0.1102160114	0.0401000508	-0.0432692719	-0.127976465	-0.0298715603	-0.007309326	0.1668713358	-0.0695328213	-0.0230171056	0.0583212348	0.0072759364	-0.0936223971	-0.0419227972	0.0920715495	0.0458584859	0.0049121025	0.0166084992	-0.0114620992	-0.0385798792	-0.0493355412	0.0169986809	0.1069521574	0.0398237287	0.0304741228	-0.0481969005	0.0386462266	0.0222870684	0.0176126096	-0.0385730793	-0.0923469378	0.0109516453	-0.0712127383	0.0557914224	0.0497166487	0.0122774185	0.136980404	-0.0596868613	0.0693473314	-0.0005585254	0.01017775	-0.0440928907	-0.1462115736	0.0810558496	0.0641278895	0.0099875628	-0.1067665416	-0.0991941262	0.0738199045	-0.0444978884	-0.0175784611	-0.0502985327	0.0339560471	-0.0858156237	-0.1113847895	-0.0182216923	-0.0570558854	0.0297729103	0.0280894731	0.0528135669	0.018452924	0.1100841248	-0.0516419043	0.1990787816	-0.0204478333	-0.1029371367	0.0648299299	-0.0393668508	-0.0015888056	0.0190584438	0.0744134524	-0.0444211487	0.1507325629	-0.054639062	0.0919337896	-0.15290887	-0.0406594718	0.060516986	0.1624705891	0.0094298409	0.0665188038	0.097513974	-0.0935623847	0.1178838201	0.0776651028	-0.0085362206	0.0471414197	0.1008542061	0.0958622738	-0.000914727	0.1396272962	-0.0589272059	-0.0508893796	-0.0746977772	0.0573644824	0.0682289879	-0.0210152255	-0.0970297311	0.0597044597	0.0732234215	-0.0429110393396854	0.0237131537966063	0.001841357297212	0.0005623136629815	0.0404212381322963	-0.0214725298290688	0.0004610695372602	0.0016338764921478	-0.0407154123562634	0.0166694165825305	0.0016577448033405	0.0002778694492019	0.0033995284418842	-0.0001805030975411	3.2581368221931874e-08	1.1556793627179617e-05	5.8267704214465255e-05	-0.0001317268912368	3.395125354424412e-09	1.7351973874920892e-08	-0.0007251015092861	-0.0004422604130011	5.257721987689801e-07	1.9559427290790357e-07	0.0	0.0	0.0
4269.855842161713	-5.217031510302149	18231668.91284251	27.21741777948553	3815.983485248459	-2.3081575066921687	5.3275910756994085	14561729.959688976	4248.3168538411455	-1.8728936887255256	3.507730769267907	18048196.09063073	4119.397043457031	3234.395523798415	1.115964	13.930898	0.1019028478176939	0.0516378027912207	0.1390870255	0.0624264818	0.1354902708	-0.0672710512	-0.0713430335	-0.0368236499	-0.1311614066	-0.0249849331	-0.0328085972	0.0519026401	0.0669781084	0.0750247906	-0.0015555339	-0.0469736657	0.1040749737	-0.0624757334	-0.0342916754	0.0309259449	-0.0586392639	-0.1185645426	-0.0570203641	0.0480540017	0.0190390398	-0.0195822881	0.3287842747	0.0478580025	0.0066288185	0.05330903	0.1237936552	-0.0059488184	-0.0500493533	-0.0421531436	-0.035762871	-0.0940104337	0.0941360443	-0.0223321511	0.0804100559	0.0282262204	-0.0631747287	0.0133906085	0.0522569412	-0.0103695035	-0.0343371023	-0.0610892388	0.0172506782	-0.0006541886	-0.0693015086	0.0606655782	0.1214762369	0.0927161722	0.0338716551	-0.0971519403	-0.0777487197	0.1197331718	-0.014220948	-0.0629558621	0.063788311	-0.0716360662	-0.0611721502	0.0398588985	0.0890739919	-0.0529327225	0.0955086091	-0.2807825411	-0.1203901093	0.0883659196	-0.0254406469	-0.1232364323	0.036975912	-0.0408971058	-0.0462462343	-0.0211185464	-0.0692299025	-0.0532649824	-0.1533255464	-0.0597511576	-0.0531444609	-0.0094103031	0.0387195019	0.1150236071	-0.0238778924	-0.0626709166	0.0187660189	0.0114594635	-0.0414069218	-0.0369508967	-0.0141735466	0.0763700536	0.0327593702	0.1072141307	-0.1467972873	0.1324351334	0.063341231	-0.098304016	0.0954066594	0.1343866845	-0.0352004893	0.0246711866	0.0820311197	-0.126202007	0.0061063432	-0.1081192768	-0.0839325176	0.0213734443	-0.0941432207	0.0023544919	-0.0679775763	0.1012615192	0.0328998598	-0.0355396861	-0.0227027511	0.0551641022	0.0558522333	-0.0228147385	-0.0955332289	0.0641690889	0.0677557633	-0.0342407839062133	0.0086702554334721	0.0011724312825119	7.517332928165248e-05	0.0397919933486008	-0.0006292447836954	3.959489978079946e-07	0.001583402734655	-0.0177326392651338	0.0229827730911296	0.0003144464953073	0.0005282078589583	0.0027570557377682	-0.000642472704116	4.1277117553412557e-07	7.601356341160553e-06	0.0003661105948811	0.0003078428906666	1.3403696768419294e-07	9.476724533398965e-08	-0.0002830056138808	0.0004420958954052	8.009217748804845e-08	1.9544878073421397e-07	0.0	0.0	0.0
4261.6279073858	-8.227934775912217	18161472.42100948	67.69891067666563	3818.736469162413	2.7529839139538126	7.578920430488453	14582748.220911011	4242.155236622644	-6.161617218501306	37.965526747331765	17995881.051604923	4116.08627335612	3192.481644284505	1.115127	13.920445	0.1105183955875786	0.0670647454518751	0.0969960236	0.0330929994	-0.0735626146	0.0149401592	-0.1515906655	0.0166644983	0.0316096068	-0.0932638014	-0.0761985174	-0.0274118608	-0.0066190135	0.0493427299	0.028588648	0.1390612139	0.0515583758	-0.0780226282	0.0136373087	-0.0458521238	-0.0358906101	-0.0184560862	0.0483894098	-0.0476323205	0.0797292911	0.0439761907	0.1301725277	-0.1180884503	-0.1893093473	-0.0592901909	0.1904139285	0.0366828186	-0.1171130569	0.0464584666	-0.0351979158	0.0227118463	-0.0731655325	-0.0377598273	0.1032287353	-0.0692014108	-0.0783515067	0.0405438191	0.0035284808	-0.2361758414	0.1656682898	0.1099792567	0.099693766	-0.0115644723	-0.002934093	0.0048930292	-0.1116382311	-0.1355461769	-0.0156548256	0.0387600524	0.1241425027	0.0651793091	-0.0616763784	0.0582733484	-0.0192702551	0.0137669031	0.0014039623	-0.034702102	0.129047293	0.1533388189	-0.119224634	-0.1887597047	-0.0961595145	-0.0899299998	-0.1536556083	0.0073665837	0.105918675	-0.0585630472	0.0250443181	-0.0692842631	-0.0654745227	0.0451712676	0.0262450887	-0.0233033189	0.085019095	-0.0068581382	0.0136242623	0.0307624854	0.1110691717	-0.1437261881	-0.0157073758	0.0592910056	0.2331690353	0.1266442072	-0.022655466	-0.0131620691	-0.0841550839	0.0620264654	-0.0489071947	0.1089652131	-0.1708040314	-0.1300483201	0.1231458706	0.0602118653	-0.0801519489	-0.0103868367	0.1085262162	0.0049331216	0.0133700165	-0.1059317456	-0.1035581169	0.0517800102	-0.0187468971	0.0110315979	-0.0471935424	0.0778506705	0.0180506707	0.0003378086	-0.054940289	0.0594236962	0.059227554	-0.024607302	-0.0939203342	0.0684578352	0.0619580057	-0.0343478069721499	-0.0001070230659365	0.001179771843796	1.1453936642468592e-08	0.0207446064575549	-0.0190473868910459	0.0003628029473771	0.0004303386970788	0.0384247881593324	0.0561574274244662	0.0014764643450895	0.0031536566549341	0.0021390426658166	-0.0006180130719515	3.819401571030533e-07	4.575503526183787e-06	0.0002801982333278	-8.59123615533e-05	7.851104996002026e-08	7.380933867664939e-09	-0.0002827998832631	2.0573061769999567e-07	7.9975773973623e-08	4.2325087059221766e-14	0.0	0.0	0.0
4262.84126963489	1.2133622490891869	18171815.6901024	1.4722479475147694	3807.8433677399776	-10.893101422435391	118.65965859946398	14499671.113241334	4241.435630762721	-0.7196058599229218	0.5178325936354078	17989776.209903564	4112.368932454428	3212.1392210394697	1.070234	13.360044	0.0607197158342314	0.0342359908886751	0.045024105	0.0411899835	0.1240085495	-0.0304648174	-0.1183013142	-0.0183767525	-0.0958586548	0.009813093	0.0658776735	0.0992059458	0.0684489952	0.0675974557	-0.0396693738	-0.066032882	0.028312388	-0.0058585188	0.0723270128	0.0010213291	-0.0713466106	-0.0575720481	-0.1559037634	0.0341579442	-0.0271508708	0.0080924144	0.170971772	0.1288649003	-0.1289215256	-0.024284249	0.0883951699	0.0482960906	0.0158546213	-0.0101484568	-0.0337555547	0.0126276911	-0.0368880343	-0.0379173152	-0.0421702059	0.1010588602	-0.1084989829	0.0627085958	0.0217846429	-0.0741738819	-0.0555745058	0.0249278769	-0.0070066319	0.0281586609	0.0016861261	-0.0334787992	-0.0122157016	0.0403551624	-0.0813359873	0.0107799112	0.0197563998	0.0196582999	0.0119944244	-0.000981414	0.1040177051	-0.0135429822	-0.0797564413	0.030602353	0.1249277355	-0.1089763708	0.0778397258	-0.1924240573	-0.0314833654	-0.0949531236	-0.1035161165	-0.0360166824	-0.008054545	-0.0144579618	-0.0212455475	-0.0337154233	0.0367037	0.0007976226	-0.0200171577	0.0005787841	-0.0292213212	0.0856642066	-0.015417706	0.098026356	-0.0754767825	-0.041306585	0.0131736384	0.0893652795	-0.0026982671	0.03791453	-0.0207380175	0.0146009173	-0.0761850833	0.0191751866	-0.1555670314	0.1023599703	0.0619902804	-0.1357115621	0.1337047699	0.0485601331	-0.0234765206	0.0451875897	0.03170912	-0.0977016171	-0.0038641306	-0.1514486148	-0.1312523848	0.011005719	-0.1176141605	-0.0270473198	-0.1412941968	-0.0179058144	0.026584586	-0.0110425139	0.0692304968	0.0431348528	0.0615506893	-0.0263923698	-0.092193012	0.0725589432	0.055858395	-0.0341436583723862	0.0002041485997636	0.0011657894070502	4.167665078547866e-08	0.043279643083224	0.022535036625669	0.0005078278757202	0.0018731275054112	0.064799375134811	0.0263745869754786	0.0041989590178619	0.000695618838127	0.0022530288148733	0.0001139861490567	1.2992842176776253e-08	5.076138840649387e-06	0.000162681992361	-0.0001175162409668	2.646543063854447e-08	1.3810066890967e-08	-0.0002821834006202	6.164826428999796e-07	7.96274715855803e-08	3.800508489969437e-13	0.0	0.0	0.0
4262.601182512655	-0.2400871222343994	18169768.84115829	0.0576418262627954	3799.8533052847206	-7.990062455256975	63.84109803890712	14438885.141683215	4238.444106955933	-2.9915238067878818	8.94921468657866	17964408.44778948	4112.004502604167	3195.6332352748127	1.03826	12.960896	0.0812704539852575	0.0427342046332247	0.0254374082	0.0393778067	-0.0573666979	0.0613454886	-0.1475005439	0.0600890974	0.0711661509	0.0099435715	0.0458469853	-0.0469757257	-0.0437673635	0.1041203963	-0.0661497051	0.0676850773	-0.0190787042	-0.0693044447	0.054007234	-0.2209564022	0.0343290565	-0.0200801842	-0.1072478507	-0.071146811	0.0116936511	0.1131435271	0.0832233248	-0.07665068	-0.161107049	-0.03662576	0.0864268431	-0.0658078211	-0.0773609216	0.0716323527	0.1424812338	-0.0139739278	-0.0908587049	0.0344560392	0.0722806615	-0.0305619973	0.0587664439	0.0312792976	-0.0454539412	-0.0910090663	-0.0526683006	-0.0558225363	-0.080560024	0.0824692608	0.0374020154	0.0218684666	0.0638225372	-0.0021489337	-0.0984660981	-0.0397270189	-0.0290032845	-0.0264187067	-0.0621153068	0.1448134959	-0.0178626601	0.0307263327	-0.15964382	-0.1049655907	0.1823292118	0.1120991132	-0.0235598204	-0.0711153012	0.0217098915	-0.1237246829	-0.1228292968	-0.0163716602	-0.0082437411	0.0428817372	-0.114271739	0.0478594328	-0.0397129409	-0.1061387718	0.0950482497	-0.0591116405	-0.0090966916	-0.0107955869	-0.0431055365	0.0742127741	0.0311246512	-0.130545003	0.0452476972	0.0061587956	-0.0046128045	-0.1261212418	-0.0394614659	0.043438545	0.0435777433	-0.0106652326	-0.0301809386	0.0640246977	-0.1454684265	-0.2047794173	0.1355580045	0.0554102727	-0.0671973798	-0.0229253556	0.0392493072	-0.0938192012	-0.1126601098	-0.095361189	-0.0730154551	0.0232733027	-0.0185723004	-0.0844213663	-0.0468687253	-0.0879447523	0.0590900841	0.0603749865	0.0023045321	-0.1237219327	-0.0262512942	-0.0281693982	-0.0903533669	0.0764611723	0.0494866478	-0.0322240940727738	0.0019195642996123	0.0010383922388109	3.684727100346429e-06	0.0254319597604393	-0.0178476833227846	0.0003185397999904	0.0006467845772566	0.0862818921771264	0.0214825170423153	0.0074445649176652	0.0004614985384733	0.0015850280417859	-0.0006680007730874	4.462250328453642e-07	2.512313893247645e-06	0.0001351929348252	-2.74890575358e-05	1.8277129626650777e-08	7.556482842065225e-10	-0.0003871073564079	-0.0001049239557877	1.4985210538511297e-07	1.1009036498139224e-08	0.0	0.0	0.0
4265.284139841365	2.6829573287095627	18192648.79358229	7.198260027676352	3816.471622786199	16.618317501478487	276.1684765799462	14565455.647532323	4242.948113050559	4.504006094625765	20.28607090042604	18002608.6900393	4114.9065724283855	3207.0742671744074	1.049546	13.101783	0.0571212159953864	0.0287271217607253	0.0200511388	0.0090763861	-0.005866445	-0.1252842143	-0.1368143376	-0.1343861622	0.0447707938	-0.0029746804	0.0326826891	0.0364452751	-0.073629378	-0.0600123275	-0.0680502712	-0.030991305	0.0380293282	0.0118051973	0.0581037229	-0.0644754689	0.133503234	-0.1566824154	-0.0733858305	-0.061951139	-0.085464788	0.0203311366	0.145087313	-0.1278075896	-0.051196941	0.0362593713	-0.0991244905	0.0753919018	0.0021883632	-0.001929461	0.0605376494	0.0975518278	0.0875576503	0.0095786673	-0.1668095785	0.0009110133	0.0331791863	-0.0706582599	0.0193516001	-0.068069783	0.0386516744	0.1281121683	0.1211508678	0.1381093568	-0.0126472056	0.0314318785	-0.0191949465	-0.073357139	-0.0327130325	0.091143183	-0.0137432071	0.0216896185	0.0469218415	0.0002755386	0.0454995884	0.1229756545	-0.176442268	-0.1105214627	-0.0349104013	0.1146351547	0.0656709642	-0.0857908861	-0.054457219	0.0270951635	-0.12267587	-0.0465531036	-0.051554997	0.1707738396	-0.0449650502	0.1377275593	-0.0250266548	-0.0056584791	-0.0670835993	0.0694692122	-0.0357982414	0.0732876151	-0.0392592611	-0.0455730724	0.0831616328	0.1163607632	0.0217540544	-0.0206379075	0.1212796501	0.0595682207	-0.101406294	-0.0662346944	-0.058836251	-0.0137835496	-0.1124514306	0.1257335419	-0.0025311285	-0.044603868	0.1763295707	0.0107761749	-0.0710810023	-0.0524747396	-0.1128325676	-0.1035485231	0.0060210066	-0.1265354327	0.0039697144	-0.0182869776	0.0169153848	-0.0952155253	-0.0701341376	-0.0520120053	0.0215276428	0.1192587714	0.0274958901	-0.0646661904	-0.0003579509	-0.029937846	-0.08840364	0.0801538266	0.0428738067	-0.0311467334768451	0.0010773605959287	0.0009701190062776	1.160705853659847e-06	0.048739985282225	0.0233080255217857	0.0005432640537242	0.0023755861653115	0.0735965428520444	-0.012685349325082	0.0054164511197728	0.0001609180874993	0.0018740216537201	0.0002889936119341	8.351730773877493e-08	3.5119571586118185e-06	0.000142235415423	7.042480597799992e-06	2.0230913400553387e-08	4.959653297038933e-11	-0.0002821338378881	0.0001049735185198	7.95995024814687e-08	1.10194395904268e-08	0.0	0.0	0.0
4261.752923088173	-3.531216753191984	18162537.977450587	12.469491758023738	3824.694768046953	8.223145260753881	67.62011797945902	14628290.068725737	4249.091742165616	6.143629115056683	37.74417870337216	18054780.633340027	4120.843415527344	3199.15214297646	1.080821	13.492196	0.0504550708849764	0.0327636110306498	0.006461998	0.0050726564	0.1056865409	0.0038051713	-0.1476088372	-0.0598003285	-0.114726729	-0.0328179881	-0.02703032	-0.008190606	-0.0773205175	-0.0701380931	-0.1085500181	0.1323542389	0.1034186788	-0.0270611967	-0.030866697	-0.0500371583	-0.0396234899	-0.0458617695	-0.0586539003	-0.0525346742	0.0547891888	-0.0450924265	0.1112256154	-0.0438341658	-0.0240370944	-0.0582746294	-0.0123559862	-0.0001476511	-0.0435118494	0.0614770548	0.0295460834	0.0624150665	-0.0049652966	0.0169259844	-0.1432328283	0.0451361755	-0.0059783563	-0.0074983939	-0.0413842683	-0.0175125435	-0.0756129716	-0.1651456515	0.1096568082	0.0227404393	0.1115953776	-0.048806117	-0.0719670184	0.023235914	-0.1721728285	0.0810775101	-0.1260731162	0.1031260119	0.0142379955	0.0124747179	0.0285846924	-0.0737041192	-0.097495189	-0.058314643	0.0065209342	0.0334749326	-0.0777860227	-0.0316429494	-0.0549359629	-0.0023394327	-0.1474818627	-0.0499635661	0.0276945717	0.0554324586	-0.1285492451	0.1291242247	0.0520658031	-0.014407591	-0.044553851	-0.0263041075	-0.0406908185	0.1255056568	-0.040110936	0.0075678223	-0.0492125915	-0.008464601	-0.0327521812	-0.0464381404	-0.1255857789	-0.0595455343	0.0415133208	0.0806937595	-0.2308288034	-0.027540758	-0.0373219072	0.0021682787	-0.0037648961	-0.2101656271	0.1657774236	0.0478952534	-0.1613392517	-0.114060467	-0.029831999	0.0388479722	0.0968847217	-0.0447103423	-0.0768167119	-0.0777159236	-0.0003705964	-0.2960103553	-0.0505598914	0.0462965195	-0.0893143524	0.1218779844	0.1331892173	-0.0827093496	-0.0278800353	-0.0316971744	-0.086346207	0.0836267848	0.0360520886	-0.03564971333914	-0.0045029798622948	0.0012709020611628	2.027682764023339e-05	0.0485130736991266	-0.0002269115830983	5.1488866544221735e-08	0.0023535183197368	0.0908433181225376	0.0172467752704932	0.0082525084475125	0.0002974512572308	0.0013630288649371	-0.0005109927887829	2.611136301882276e-07	1.8578476866517196e-06	0.000200807416937	5.8572001514000006e-05	4.032361869691016e-08	3.430679361356019e-09	-0.0002821371309729	-3.293084800020437e-09	7.960136067361934e-08	1.0844407500125641e-17	0.0	0.0	0.0
4248.835551616926	-12.917371471246952	18052603.544683907	166.85848572618465	3821.285273456953	-3.409494590000122	11.6246533592401	14602221.141138978	4242.41416804352	-6.677574122096303	44.58999615609021	17998077.97321639	4116.940548828125	3162.1529212832284	1.115537	13.925566	0.0618035592308227	0.0384317264368741	-0.0116994846	-0.0701790105	-0.0495022121	-0.0802863288	-0.1487154132	-0.0103415697	0.0080605476	-0.0794689744	-0.0836858428	-0.0928077556	-0.0057213397	-0.1473623101	-0.0693576306	-0.0259738971	0.0442500817	-0.0133803716	-0.069921446	0.0151346642	-0.038000603	-0.047297258	0.0703300195	0.0791649952	-0.0708406462	-0.036887141	-0.0196379846	-0.0078184191	-0.0889302781	0.1330782452	0.0862210862	-0.1940463035	0.0853193598	0.0330971199	-0.0279741674	0.1476209961	0.1058783522	0.0732555208	-0.0982612994	0.0396392185	-0.0469700049	-0.0410513153	0.0070230079	-0.0375889595	0.0020817621	-0.169634554	0.0634945601	0.0083681914	-0.0354654724	-0.0490519348	0.0186206405	-0.1778043664	-0.0095227617	0.1362929844	0.0418169151	0.0710368079	-0.0031941266	-0.0504952357	-0.0873673393	0.0151527996	0.0136356126	0.0860835481	-0.0996096392	0.0956529401	0.0179193502	0.025933856	-0.035754931	-0.1246693444	-0.0539425336	-0.1226282049	-0.0557989068	0.0054199115	-0.1485245318	-0.0701909462	0.1430748176	-0.0428593668	-0.1143188272	0.0024828648	-0.0469271268	-0.0851223981	-0.0279331138	-0.0635387022	-0.0488162235	0.0493576627	0.0269834574	0.0135634411	0.0635240021	0.0289512171	0.0436621986	0.0074466517	-0.102357274	-0.0414226472	-0.0965946915	0.0594636498	-0.1198771985	-0.0257130312	0.143284619	-0.0467106306	-0.1090017553	-0.0073247115	-0.1018296744	0.1065183851	0.1068501318	-0.0932578519	-0.0229187109	-0.0164408616	-0.0127148742	-0.1148927278	0.0195350804	-0.1118927386	-0.0004488868	-0.0191570243	0.1011766665	-0.0450411041	0.0028605112	-0.0334468475	-0.0841835744	0.0868705278	0.0290547284	-0.0337948397504135	0.0018548735887264	0.0011420911937561	3.4405560301551177e-06	0.0178871307727206	-0.030625942926406	0.0009379483801314	0.0003199494472804	0.1089898882912479	0.0181465701687102	0.0118787957497386	0.0003292980088879	0.0015530333710358	0.0001900045060986	3.610171233781092e-08	2.411912651550821e-06	0.0002342811450184	3.3473728081399976e-05	5.4887654911132566e-08	1.120490471667505e-09	-0.0002821823477324	-4.521675950000135e-08	7.962687737176913e-08	2.0445553396809625e-15	0.0	0.0	0.0
4241.493210378967	-7.342341237958863	17990264.653690875	53.90997485463129	3801.0329623887264	-20.25231106822639	410.1561036042052	14447851.581165615	4232.762080287845	-9.652087755674984	93.16279804325094	17916274.828322683	4106.722974609375	3148.764781859657	1.077553	13.451405	0.0513094881953769	0.029365261011324	-0.032716936	-0.0984982179	0.1187244139	-0.0261172505	-0.0145265826	-0.0599522586	-0.0730168875	0.0351058557	0.0191751445	-0.0791956261	0.1163254422	0.0366212118	-0.0353852613	-0.0736317403	-0.0447357283	0.0334151953	-0.013842625	0.1545931839	-0.0753747	0.0713322032	-0.036800639	0.0507327011	0.0518823575	0.024508599	0.050367408	0.0867935076	-0.0164815241	0.0538367361	0.0056655117	-0.0451281486	0.1203653427	-0.0535343189	-0.1619996219	-0.0029108782	-0.1497180185	0.0322321249	-0.0560579873	0.0311832371	0.0201439211	0.1567093932	0.0167103073	-0.1015826626	-0.0181334986	0.0799419966	0.0614021657	-0.0911125204	0.1452740807	-0.0247995366	0.0956594603	-0.0861244242	-0.0532061888	0.0119849593	0.0540000424	-0.0380123067	0.0582245192	-0.1076723304	0.0552807822	-0.0211761898	0.118320862	0.1008696121	0.0811545609	-0.0495634706	-0.011922485	-0.0274843359	0.0035615927	-0.003565612	0.0255371716	-0.0521129227	-0.0679996859	0.0673035872	0.0057487362	-0.1162582731	0.2126381293	0.0743740645	-0.0445422429	0.0715726482	0.1113106101	0.0837555469	-0.042009793	0.0168938247	0.0046785955	-0.0888743362	-0.0679500268	-0.0205622899	0.0123823205	-0.0235605791	0.0026316745	-0.0688689348	-0.0592010293	-0.0383178553	-0.1579201188	-0.0525035372	0.019741783	-0.0528405333	0.1210235673	-0.0308213114	0.0070102544	0.0264970554	-0.0350660794	0.0420448044	-0.0661690978	-0.0127145642	-0.1353308009	-0.0049433708	-0.1742849856	-0.0171724636	0.1013254564	-0.1117124513	-0.0490411134	-0.0145330325	0.0693795328	-0.0662486199	-0.0149421769	-0.0351863325	-0.0819183771	0.0898761648	0.0219158165	-0.0313168606941616	0.0024779790562519	0.0009807457637375	6.140380203223077e-06	0.0397598405094044	0.0218727097366837	0.0004784154312252	0.0015808449173332	0.1055987590802516	-0.0033911292109962	0.011151097919289	1.1499757325672364e-05	0.0016565860255202	0.0001035526544843	1.07231522507655e-08	2.7442772599488123e-06	0.0006012657773399	0.0003669846323215	3.615205350001543e-07	1.346777203601466e-07	-0.0002829984647554	-8.161170229999603e-07	8.008813105391336e-08	6.660469952303178e-13	0.0	0.0	0.0
4243.504986058737	2.0117756797699258	18007334.56670536	4.047241385713747	3802.447783086404	1.4148206976774418	2.001717606576483	14458609.143098708	4228.46306615094	-4.299014136904589	18.481522549305502	17879899.901802607	4103.298923665365	3146.4177108916583	1.024683	12.791415	0.0428529287589945	0.0199394465019949	-0.0377151816	-0.0696629214	-0.0284388183	0.0919453583	-0.0074205621	0.0849967237	0.0408904807	0.0005261687	0.041062789	-0.0693336449	0.0060974935	0.0323804673	-0.0461222185	0.0110659338	-0.1105974558	0.0128309088	0.0975187973	-0.0271014408	0.0216034378	0.0345092115	0.0334760949	0.0130016482	0.204203637	0.0797534689	0.0243733803	0.0930928994	0.0136113691	0.0462996405	-0.1610053395	-0.081401613	0.05195704	0.0857316893	0.007311345	0.0942315965	0.0304534133	0.1101533196	-0.0445579042	0.0216440448	-0.0341728673	-0.0698928353	-0.1175705667	0.128904044	-0.0519624191	0.0957574399	-0.1087181588	-0.0193335563	0.0039017748	-0.0816742289	0.1490237636	-0.0288593701	-0.0492212441	0.0058857648	-0.1136441556	-0.1159213649	-0.0161571608	0.0896035466	0.0070218157	0.0208729625	0.064765728	0.0762409309	0.0564329714	0.0051756409	-0.1255565926	0.0177071399	0.0893775609	0.0002460045	0.1334041743	-0.1113700232	0.0432057234	0.1603207745	-0.1868666933	0.0548219857	0.0910397397	0.0626529787	-0.0412723342	-0.060446399	0.0462755249	-0.0132224917	-0.0538749918	-0.0774512541	-0.0318272808	0.0976963227	0.0503241064	-0.0012833161	0.0182712451	-0.1666355029	-0.0095027203	-0.0407616877	0.0079653882	-0.0518047622	-0.060896858	-0.073937171	-0.1654738255	-0.0998866186	0.0674206195	-0.0420771519	-0.0138535109	0.0712660406	-0.0673797733	0.0062867314	-0.134504951	0.0768181363	0.0157046555	0.0306499177	-0.0243701268	-0.03083078	0.1613181459	-0.1752717694	-0.0423483969	0.0985073082	0.0853155044	-0.1778812959	0.041924614	-0.0369150993	-0.0795533748	0.0926354574	0.0146701329	-0.0241415059437457	0.0071753547504158	0.0005828123092319	5.148571579431599e-05	0.0320216963591377	-0.0077381441502666	5.9878874890306704e-05	0.0010253890377168	0.1156540274138535	0.0100552683336019	0.0133758540570443	0.0001011084212607	0.0017420466210131	8.546059549290009e-05	7.303513382001096e-09	3.0347264297831594e-06	0.0003297540332458	-0.0002715117440941	1.087377224418722e-07	7.371862718102007e-08	-0.0002822875738482	7.108909071999671e-07	7.968627434910299e-08	5.053658819395922e-13	0.0	0.0	0.0
4239.880433300787	-3.624552757949459	17976586.088686872	13.137382695159031	3800.4578592368807	-1.9899238495231657	3.9597969269010944	14443479.939835375	4221.339434113489	-7.123632037450989	50.746133404998126	17819706.61800159	4096.062751871745	3149.373054949352	1.032913	12.894155	0.0797280888867919	0.0346599628535009	-0.0408474006	-0.0990412731	-0.0089389472	-0.1016493288	0.0473848665	-0.0845061556	0.1036629186	0.0813100915	0.0673600711	0.0467901094	0.02555309	0.0111730515	0.1015557218	-0.0874287513	-0.1690597872	0.0513027111	0.1236080998	0.08960366	0.0219247806	-0.0846687226	-0.0311629827	0.145850531	-0.0234137002	0.0277179584	0.0023462244	-0.0722591136	0.0602766659	0.0338569674	0.1200176423	-0.1065947056	-0.0167898539	0.1006856027	-0.0972349881	-0.0598609223	-0.0301252162	0.0446468844	-0.0392538181	-0.1598374727	-0.0893231233	-0.1088166814	-0.0175852201	-0.0398150018	0.0079554998	-0.0218938196	-0.0558501417	-0.0153548336	0.1050454472	-0.131718125	0.0085679929	-0.0276144514	-0.1385565344	0.0236620679	-0.0088454156	-0.1753295367	0.0371067415	-0.0581169208	0.0857838014	0.1283081003	0.009062905	0.1305244158	0.0041187618	0.0506159611	0.0608207992	0.0307153209	-0.0423895349	0.0605923385	-0.0062930829	-0.0774210374	0.1083361174	-0.0583004123	-0.0682038237	-0.094655299	-0.0020810445	-0.06472559	-0.0313152355	-0.1326290189	0.0920087563	-0.0230396733	-0.0091400166	0.0204414819	-0.0563790838	-0.0160537738	0.1853894987	-0.1329735599	0.0615908259	-0.0730293332	0.0841276343	0.0985240108	-0.0115885551	-0.0424582606	-0.1411301885	-0.0207281592	0.001553497	0.0357816506	0.1092481147	-0.0725463997	0.0233294951	0.03705666	-0.1535426768	-0.0339539196	-0.1009519449	0.0733969349	-0.0027423967	0.0705697013	-0.0143069117	-0.0511592265	0.0489522403	-0.0154694022	-0.0862461817	-0.0004968411	-0.0132534961	-0.0350363397	0.0081038725	-0.0386326214	-0.0770914491	0.0951408427	0.007352978	-0.0361768891767297	-0.0120353832329839	0.0013087673105053	0.0001448504495647	0.0567671545311441	0.0247454581720064	0.0006123377001425	0.0032225098335627	0.1004728096296219	-0.0151812177842315	0.0100947854748702	0.0002304693734122	0.002025086495424	0.0002830398744109	8.011157050653814e-08	4.100975313948659e-06	0.0006012134862429	0.000271459452997	3.614576560403417e-07	7.369023462148473e-08	-0.0002831088403916	-8.212665434000066e-07	8.015061550787646e-08	6.744787353081949e-13	0.0	0.0	0.0
4246.6999114552245	6.819478154437093	18034460.13795381	46.50528229884473	3807.9896860312656	7.53182679438487	56.72841486061386	14500785.448920496	4224.031881551448	2.692447437959345	7.24927320617384	17842445.33636307	4096.194716796875	3155.5380787096524	1.197987	14.954812	0.1042763650382235	0.0771698406511717	-0.0052412826	-0.0398775349	0.0106758312	0.0972769928	0.0484691568	0.0766500887	-0.0395092934	0.0283500222	0.0409144469	0.0377782719	-0.1527690105	-0.0893174493	0.0775745405	0.0363007724	-0.1277308841	0.0209104082	0.0103567268	0.1112092709	0.142185427	0.1345957534	0.0818958353	-0.0991065007	-0.2388092553	-0.0373635351	-0.0697446766	0.13352395	0.1644389249	0.0084538025	-0.0194312368	0.0772711067	-0.0916222517	0.1218309299	-0.0195723254	0.0374688781	-0.1722637962	-0.077589636	-0.0869192378	-0.0314391349	0.0376491624	-0.0986322438	0.0626416859	-0.0427511192	0.0647226047	-0.027289147	-0.0262947322	-0.0305097109	0.0544272048	0.0164694672	0.1028402607	0.0909252701	0.0623740649	0.1128502993	-0.0659005751	-0.1409069116	-0.0105940532	-0.0038233076	0.034834542	-0.0159482614	0.1508457982	-0.1882917476	-0.184770295	-0.0433231693	0.1130166959	0.0451837612	0.081730044	0.0244989034	0.038957206	-0.0939831147	0.0255583564	-0.0567680079	0.0425227707	-0.0581539634	0.127472177	0.0742098788	0.2077598088	0.0332442094	0.0195121452	0.241194521	0.0104328621	0.0470134725	0.0474948372	0.0469637593	0.117731382	-0.0560396857	0.1060102353	-0.1352225939	0.0206861479	-0.0438167363	-0.0437880985	0.024462656	0.0286362597	-0.1510404687	-0.0178433205	-0.0920683525	0.1577908366	0.0127139511	0.0759128211	-0.0401876576	-0.212995658	-0.012499036	0.038641415	-0.0184361553	0.0859486152	0.0775251766	0.1128484737	0.163432752	0.2634729822	0.0447251349	-0.0938034553	-0.1226248438	0.3028836939	0.0285515769	-0.0931214221	-0.0403383756	-0.0745355992	0.0973854535	0.0	-0.032676829371212	0.0035000598055176	0.0010677751777553	1.2250418642200558e-05	0.061421479729887	0.0046543251987428	2.166274305565312e-05	0.0037725981722089	0.0286617064142689	-0.071811103215353	0.0008214934145777	0.005156834545006	0.0025110887010347	0.0004860022056107	2.3619814385846522e-07	6.305566464464138e-06	0.0006011448423486	-6.864389429995284e-08	3.613751214823232e-07	4.7119842246630985e-15	-0.0002832555272588	-1.466868671999664e-07	8.023369372266078e-08	2.1517037008940577e-14	0.0	0.0	0.0
4268.786520246894	22.08660879166928	18222538.355441585	487.8182879162426	3805.158078866176	-2.831607165089736	8.017999137387529	14479228.005160524	4244.42546416353	20.393582612081445	415.8982117557906	18015147.520839795	4115.328372477214	3183.240922366233	1.248278	15.582612	0.0829536819033173	0.0514297646048217	0.0418456709	0.0350715427	-0.0738553683	0.0666095851	0.0344853518	0.0638790755	0.0904313444	-0.0620077785	0.0369338403	0.1000177855	-0.0642653324	0.1001380315	0.051626127	-0.0669234284	0.0531651129	0.0243533489	0.0844878602	-0.0450791238	0.0082816346	-0.0570634042	0.1085150762	-0.0526092797	-0.0445214719	-0.065431693	0.1284016879	0.0697676723	-0.0203201146	0.0041781904	0.0194812968	-0.0845959921	0.0607209902	-0.0596765667	-0.0591436359	-0.0107304718	0.0383361594	-0.0460030361	0.0774287823	0.0539807917	-0.1970763279	-0.0356624988	0.0645123086	0.026057345	0.0399257002	-0.0081691331	0.036555564	0.0209698156	0.2158173424	0.0471318481	-0.1263691936	0.0135154309	0.1915060672	-0.0566740516	-0.0762207141	0.0334472201	-0.0068210937	0.1265537524	0.0056088476	0.0345925688	-0.0097613009	0.014703618	-0.1072912575	-0.087770366	0.0218171226	-0.1672707492	-0.0501242173	0.0361380855	-0.0035533876	0.0206378544	-0.0789658334	-0.0576492712	0.0242306514	-0.0415355898	0.0079855283	-0.0287995337	-0.0578905129	0.0298001759	-0.0040769089	-0.0894373798	0.1596415947	-0.0106633441	-0.1318368689	0.1124925206	-0.0357640256	-0.0167543169	0.2600310014	-0.1148901719	0.1094989066	0.0109311673	-0.0102627703	0.0358782107	-0.0405724316	0.0320926003	8.06706e-05	-0.0572024494	-0.0714914742	-0.0683004638	-0.0189812921	0.0242061677	-0.1761399954	-0.1345300335	-0.0039648022	0.0834556069	-0.1197402016	0.0077983708	-0.0121579254	0.0664153439	0.1118748888	-0.0025033782	-0.0341630177	-0.054816847	0.0461488807	-0.0414007878	-0.0211107093	-0.0420318424	-0.0718889393	0.0993631376	-0.007352978	-0.0330347281270775	-0.0003578987558654	0.0010912932624299	1.28091519450071e-07	0.0756931322648597	0.0142716525349727	0.0002036800660789	0.0057294502720655	-0.0161065589340552	-0.0447682653483241	0.0002594212406961	0.0020041975822979	0.0025491516389751	3.806293794039999e-05	1.4487872446547412e-09	6.49817407848944e-06	0.0010326384694183	0.0004314936270697	1.0663422085225694e-06	1.8618675020176538e-07	-0.0002848162675318	-1.5607402730000229e-06	8.112030625074589e-08	2.435910199764186e-12	0.0	0.0	0.0
4280.322274455985	11.535754209091465	18321158.77320406	133.07362517257144	3815.687193122043	10.52911425586717	110.86224701310528	14559468.755755575	4256.995778031264	12.570313867734512	158.0127907333586	18122013.05417601	4128.043921223958	3271.9502386904373	1.155391	14.42308	0.0582321044094001	0.0348011210815021	0.0575420008	0.1532696599	-0.0050177362	0.0009654654	-0.0045486581	0.0101698278	-0.0551831468	-0.0412328372	-0.0054854711	0.0611500468	0.0305675264	0.0150222317	0.0049598856	0.0033058497	0.1680364744	-0.036950494	-0.0407018853	-0.1662248103	0.0472687836	0.0859018887	-0.1008949559	-0.0956132671	-0.0068454404	0.0976947066	-0.0224208035	-0.0832460471	0.1987085212	-0.033907545	-0.074006789	0.0053197688	0.0088904473	-0.0943177334	0.0766448566	-0.0627005549	-0.0753466761	0.0397799211	-0.0122286956	-0.1221886679	-0.1138477347	-0.0559447109	-0.0075144288	-0.0073827237	-0.1348187178	-0.0364609225	0.0482330283	-0.0722597007	-0.0108705032	0.0217977567	0.0470707267	-0.0255149274	0.1796313081	-0.194797257	0.0335173557	0.1625096705	0.0008434677	0.111930071	-0.0110962311	-0.0843351135	-0.1136553305	-0.1241818737	0.0994504075	0.0355403164	-0.0333239088	0.1740333955	0.0726653204	0.1656146105	0.0451147131	0.0028654678	-0.0750450384	-0.0420403952	0.0164027422	-0.0154752236	-0.0271654433	-0.010000303	-0.0669673629	-0.0703355839	-0.1085762568	0.099258645	0.215527382	0.0143978029	-0.0525948857	-0.0044969804	-0.028359436	-0.1970906875	0.0493149585	-0.0304596365	-0.0384485242	0.0551197158	0.1610398032	0.022754365	0.0654724717	0.0937552518	-0.0353152062	-0.1096384959	0.0061129244	0.0323717624	-0.172643225	-0.0112194948	-0.0031600188	-0.0553846365	-0.0643293477	0.2354055144	-0.0329299786	0.0059937782	0.1076483706	0.0018557041	0.1343692153	-0.0605419335	-0.0098116385	0.0017324466	-0.0516796174	-0.0587234698	0.0425437065	-0.0437125059	-0.0691546937	0.1010684743	-0.0146701329	-0.0330735729261988	-3.884479912130007e-05	0.0010938612261045	1.5089184187741543e-09	0.0488091516076423	-0.0268839806572174	0.0007227484159776	0.0023823332806578	0.0011829378593262	0.0172894967933814	1.3993419790272529e-06	0.0002989266993683	0.002549110348275	-4.1290700100379836e-08	1.7049219147795068e-15	6.497963567682691e-06	0.00075313990187	-0.0002794985675483	5.672197117887532e-07	7.811944926155162e-08	-0.0002839604825866	8.557849452000025e-07	8.063355567081476e-08	7.323678724309713e-13	0.0	0.0	0.0
4265.491441052097	-14.830833403888391	18194417.233688693	219.9536194538917	3845.670049781344	29.982856659300975	898.971693452189	14789178.131785246	4245.3978847072685	-11.597893323995777	134.5111295547858	18023403.19947695	4120.065604166667	3239.3222879597	1.326578	16.560059	0.146567826103829	0.0844951770427777	0.0654836545	0.0910269617	-0.045175274	-0.1570597587	-0.0093272688	-0.0951016927	0.0033402154	-0.1794618234	-0.1592083021	-0.0755542647	0.0314761819	-0.0763911819	0.1006016296	-0.0303669553	0.0905200212	0.0225490321	-0.2170447471	0.2227288209	0.221629465	-0.1050476163	0.1318629838	-0.0225680729	-0.0705297765	0.0091279743	0.0006834159	0.0769557565	0.089983788	-0.0961358292	0.1868553209	0.1269193473	0.0247072474	-0.1127037109	0.0199953532	0.1953201226	0.0405950882	0.0712135118	-0.0523540786	0.1608266154	0.0157240774	-0.1520695117	-0.0818067635	-0.019656705	0.1400321052	0.0027628826	0.0238633489	0.0368381469	0.0548320283	-0.0575172624	0.0574622007	0.0541188191	-0.0698947151	0.0123072087	-0.0062194563	0.1150026902	0.0319182324	-0.1845386213	-0.159122567	0.1021215909	0.1555668428	-0.1491015791	-0.1730397358	0.0236227376	0.0248746522	-0.0942956093	0.1266991517	0.072941037	-0.138683486	-0.1314298791	0.034913641	-0.1574331915	0.0785949288	0.0808630835	0.0119553046	0.1729809546	-0.0325597658	0.0489122776	-0.0879563259	-0.0307823787	-0.2533372505	0.0052047417	-0.0077051207	0.081767573	0.0291617754	-0.0933829102	0.1195306462	-0.0645903324	0.0553696695	-0.0200687858	-0.0395951642	0.0678159702	0.1086795257	0.0769527716	0.0214440237	0.1072794567	0.1242778399	0.0291445591	-0.055828523	-0.0664980194	-0.1594276558	-0.0083661093	-0.0028321033	-0.0914712912	0.1913534206	-0.0061294379	-0.0785550474	0.2560227804	0.2916103485	0.1299302384	-0.0465657189	0.0094014545	0.1561278069	0.046197721	-0.1683914332	-0.0453798541	-0.0663361938	0.1024967892	-0.0219158165	-0.0270392847650668	0.006034288161132	0.0007311229206063	3.641263361157784e-05	0.0887168275988585	0.0399076759912162	0.0015926226030198	0.0078706754992055	-0.0707015547813796	-0.0718844926407058	0.0049987098485044	0.0051673802822116	0.0029871326454698	0.0004380222971948	1.9186353283980985e-07	8.922961441631406e-06	0.0008890767855034	0.0001359368836333	7.904575305210588e-07	1.8478836331960527e-08	-0.0002848286879739	-8.68205387300001e-07	8.11273814929333e-08	7.537805945367449e-13	0.0	0.0	0.0
4263.380697985236	-2.1107430668607776	18176414.97595308	4.455236294300841	3821.3287759606105	-24.34127382073348	592.497611215925	14602553.613984618	4248.179535795438	2.781651088169383	7.737582776313912	18047029.368351143	4122.651988362631	3192.9962233737388	1.275763	15.925713	0.0609246417525105	0.031734410567188	0.0837598219	-0.012076208	0.0472412177	-0.0766440946	-0.0726443917	-0.0368419008	-0.0710465429	-0.017611802	-0.1351909298	-0.0452156681	-0.0072990687	0.0573212851	0.1333271601	-0.0698924607	0.0981080744	-0.1163258629	-0.0187102018	0.0143023335	-0.0374056046	-0.057485518	0.0206007481	0.1721487169	0.0965818707	0.0175460144	-0.1051365058	-0.0917396255	0.0799654332	0.0434248213	-0.0367203473	0.0182820475	0.0071278379	-0.1214083063	-0.0896424709	-0.1007962532	-0.0184365949	-0.0104184408	0.1285003122	-0.0675236211	-0.0327939096	-0.1183065245	-0.1780128186	-0.0718857899	0.1574532451	-0.0622989222	-0.0455541458	-0.0051985998	-0.0115492455	-0.019751029	-0.130914196	0.0475957069	-0.0691383052	0.0458399934	0.0395114852	0.1337807506	-0.068534205	-0.0700133683	0.0113581681	-0.0005750456	-0.0270400022	0.1594425822	0.0392820133	0.0464186673	-0.0325022649	0.0947879127	0.0183780599	0.0733168952	0.1645077099	0.0726546664	0.1726671927	-0.0425703051	-0.0134756321	-0.0039025527	-0.0870798607	0.1150168303	-0.0238972819	7.39773e-05	0.0244984699	-0.044645528	-0.1366627034	-0.0236867202	-0.1027880916	-0.0539297356	0.0657605945	-0.0069344803	0.0257679994	0.0892381546	0.0571325049	0.0381347462	-0.0651487854	0.0750921334	-0.0092145142	0.0678893393	0.131431994	0.0044192669	-0.1021148621	-0.1214015547	-0.2227760732	-0.0050912883	-0.0623118386	0.0813247073	-0.0555574766	0.0328671785	0.0273034628	0.032410963	-0.0978615566	-0.1340785424	0.2102886605	0.1952338205	-0.1236556408	0.0288875995	-0.1614871403	0.2545909001	-0.0316775786	-0.0470333792	-0.0634368734	0.1036441676	-0.0290547284	-0.0330029502499371	-0.0059636654848703	0.0010891947251998	3.556530601543335e-05	0.0630571498806631	-0.0256596777181953	0.0006584190606016	0.0039762041510724	-0.0708502183440344	-0.0001486635626548	0.0050197534393973	2.210085486121912e-08	0.0025491517838351	-0.0004379808616346	1.918272351582742e-07	6.498174817029673e-06	0.0010341384819421	0.0001450616964386	1.069442399833511e-06	2.1042895773673533e-08	-0.0002848185463115	1.0141662400012848e-08	8.112160432299608e-08	1.0285331623583436e-16	0.0	0.0	0.0
4259.665645694524	-3.715052290712265	18144751.413110144	13.801613522726448	3813.3904090668575	-7.938366893753027	63.01766893983409	14541946.411963094	4237.961557995594	-10.217977799843538	104.4070703180954	17960318.167048447	4111.226183268229	3181.31797367275	0.96205	12.009543	0.1022148070262141	0.0612982592638884	0.058755441	-0.0416147176	0.0157699672	-0.0739113654	-0.1216398569	-0.0736406942	-0.0823674476	0.0258941	-0.0485717126	-0.0452606772	-0.0666179256	0.0498074252	0.0704946741	0.0547536809	-0.0165392491	-0.0811943581	0.0998273208	0.0036400297	-0.0483836839	-0.0900950497	-0.0519248511	-0.0250556597	0.1628064436	0.0243972272	-0.082132135	-0.1045199018	0.0349700625	0.0476021996	0.0279606182	-0.0202991553	-0.0827466477	-0.133865032	-0.2164904969	0.0172881562	-0.0612075662	0.0198618878	0.1338372548	-0.101338263	0.1063579155	-0.1834401586	0.0093710189	0.0230091184	-0.0007755382	0.0134941518	0.0941986535	-0.0307743731	0.0147242631	-0.0942411776	-0.0528067626	0.1002064129	0.0232553775	0.0281706373	-0.0401903159	0.0001610469	-0.0240546255	-0.0205389807	0.147646559	0.0206353408	-0.0655567698	0.0429901585	0.0453215738	0.1374900466	-0.1840642384	0.0653839714	0.0050746376	0.0644365965	0.0603132416	0.0272880826	0.1669305669	-0.0380984967	-0.0335143926	-0.12969742	-0.0848243772	0.1921713138	-0.005753704	0.0720806712	0.1020630061	-0.0717852633	-0.023281259	0.1420684712	0.0007750381	0.0733470831	-0.0447632148	-0.1572125342	-0.025981879	0.0501007113	-0.0329079578	0.052956326	0.0448939337	0.0381856391	-0.0273865471	0.0385946436	0.0790580219	-0.0102906339	0.0036088912	-0.1088663766	-0.1791719182	-0.003031728	0.0459592376	0.1028198903	-0.1217510804	0.0994969615	-0.0586847444	0.0562710831	0.1141285084	-0.0136495879	0.1616465049	0.0567993626	-0.1336869804	0.0712702814	-0.1419778369	0.2244338272	-0.1191487643	-0.0486725775	-0.060460265	0.1045074645	-0.0360520886	-0.0251797935211186	0.0078231567288185	0.0006340220017661	6.120178120365823e-05	0.03351757286039	-0.0295395770202731	0.0008725866105366	0.0011234276904515	-0.0181300937669419	0.0527201245770925	0.0003287002999981	0.0027794115354241	0.0023581435057844	-0.0001910082780506	3.648416228389351e-08	5.560840793873141e-06	0.0009831663245978	-5.097215734429996e-05	9.666160218231466e-07	2.5981608243320722e-09	-0.0002841600077059	6.585386056000135e-07	8.074690997941713e-08	4.3367309506561014e-13	0.0	0.0	0.0
4262.510441446466	2.844795751942001	18168995.263440143	8.092862870267258	3811.8880442585128	-1.502364808344737	2.2571000173527183	14530490.46196099	4235.096912316359	-2.864645679235764	8.20619486756413	17936045.856711555	4108.636200683593	3206.5512536430087	1.148516	14.33725	0.0998957982429936	0.0585637076320276	0.0039339386	0.0185841678	0.1420801129	0.0194549502	-0.1448452374	0.0652740798	-0.1039811352	0.0362383018	0.0278425868	0.0123051138	-0.056186064	-0.0646478693	-0.0601731135	-0.1395035844	-0.0583474188	-0.0505310721	0.0498510797	-0.0963792394	-0.0869369018	-0.0737365865	0.003365295	-0.0278468215	-0.0829268315	0.0026946239	-0.0779150627	-0.0490274494	0.0779413055	0.0665750104	-0.0935104174	0.0805982854	0.0267760313	-0.0891101469	0.0811391905	0.0518446546	0.0957513582	0.0872904333	0.0436805586	0.0942283792	-0.1358390894	0.1112894288	-0.0489696885	-0.0336074764	0.0051428582	-0.1387424051	0.0348587606	-0.0361207859	-0.0182656702	0.151109765	-0.0183717877	-0.0041373502	-0.0912824895	0.1061911086	-0.0090607177	-0.0504006974	-0.0350801907	0.0439014434	0.0663261844	-0.0844717043	-0.1358382961	0.0563286233	-0.0439765026	0.0784522903	0.0213999291	0.0216039934	0.0365942097	0.0035025405	0.0423937277	0.0321055678	-0.0235884179	0.0601799469	0.0569263653	0.0395627487	-0.0358149266	0.1076884377	-0.0479888408	0.0187035443	-0.2422267661	-0.0073173966	-0.0590632418	-0.1054053721	-0.0372953509	-0.1620975197	-0.0552531549	0.0885488285	-0.0738531558	0.0314093886	0.0714655225	0.037260996	0.010865637	-0.0218996864	-0.0160454042	0.0084423246	0.1035039758	-0.0786220504	0.0225011019	-0.1221580339	-0.1866888544	0.1092594607	-0.0211447586	0.0608665044	0.0797901681	-0.0543757699	0.0664401754	-0.0202018619	-0.0280981406	0.1321158769	0.1015936994	-0.0493932962	0.0495937951	0.0298676036	-0.1597691061	0.1133717294	-0.1267795027	-0.0502969496	-0.0574099951	0.1050843138	-0.0428738067	-0.0330756751042429	-0.0078958815831243	0.0010940002836014	6.234494597472149e-05	0.0416468181230129	0.0081292452626229	6.608462853987691e-05	0.0017344574597713	0.0312070873404195	0.0493371811073614	0.0009738823002725	0.0024341574396205	0.0018830633814309	-0.0004750801243535	2.257011245557371e-07	3.545927698485975e-06	0.0009168735367321	-6.62927878657e-05	8.406570823596295e-07	4.394733723006701e-09	-0.0001348631141274	0.0001492968935784	1.818805955214012e-08	2.2289562432189948e-08	0.0	0.0	0.0
4250.886739363984	-11.62370208248194	18070038.070900563	135.110450102295	3821.700149353757	9.812105095244078	96.2774064001148	14605392.031570528	4237.264127786531	2.1672154701727777	4.696822894156214	17954407.288626555	4111.044143229166	3184.678017368018	1.218043	15.205178	0.1153698613093922	0.058424382197344	0.0342078756	-0.0286323901	-0.0050935394	0.0773017812	-0.1309321461	0.0770644851	0.054877582	-0.004661773	-0.0463464059	-0.0621460046	-0.124065163	-0.0123365809	0.0031550829	0.0153882053	-0.0254435946	-0.0087274351	-0.0718206948	0.0829452961	0.0304989479	0.0693370823	-0.0730609797	-0.1467176581	0.0522765477	-0.0126748596	-0.0481849878	0.2259166032	0.0327650663	0.0002209874	0.0723523712	0.0577203945	0.0166974031	0.0501036399	0.076754359	0.1836827315	0.0370601014	0.0035737165	0.1365018142	-0.0112387246	0.1991684862	-0.0081771709	-0.0906681454	-0.0916475607	0.0032815493	-0.1506419623	-0.0980196536	-0.0198722488	0.0802417304	-0.049180295	-0.13722066	-0.2521848502	0.1099843416	-0.0532284248	0.0631495713	-0.024853377	-0.0424229455	0.0006500956	-0.0607414109	0.0087129572	0.1167197149	-0.1127239093	-0.0161587012	-0.174318269	-0.0826861266	0.0010674175	0.161316898	-0.086378768	-0.0760532899	-0.0995927232	-0.2077486967	-0.0267766111	-0.0674341715	0.0585644554	-0.0903592084	0.1230866761	0.1609728092	-0.0191694707	0.0705111748	-0.1046271908	-0.0825765044	-0.0128286189	-0.0023083105	-0.0940096529	-0.0951730723	-0.1156972526	-0.0283044327	-0.0314448322	0.000361382	0.1661507851	0.1002161756	0.0429000147	0.1449364126	-0.1333737692	-0.0243105022	-0.0121309717	0.0345213328	-0.0304007851	-0.0399698223	-0.1675567905	0.0316138241	0.0705378386	-0.125420839	-0.2428100147	0.1635353617	-0.0460699061	0.0576087843	0.3733183046	-0.1387121799	0.1543908094	0.2141433433	0.0187285308	0.0576512536	-0.1570477735	0.0834777051	-0.0519060008	-0.0542897799	0.1053731342	-0.0494866478	-0.0447470510588914	-0.0116713759546485	0.002002298578467	0.0001362210166747	0.0703531731777076	0.0287063550546947	0.0008240548205261	0.0049495689761725	-0.0155979864166795	-0.046805073757099	0.0002432971802549	0.0021907149294074	0.0022541105007095	0.0003710471192786	1.3767596472494762e-07	5.081014149408833e-06	0.0010342645211669	0.0001173909844348	1.069703099744597e-06	1.3780643226571466e-08	-0.000210166141273	-7.530302714559998e-05	4.416980693758259e-08	5.670545897290968e-09	0.0	0.0	0.0
4251.640976105858	0.7542367418736831	18076450.98970237	0.5688730627922288	3804.113101305714	-17.587048048043016	309.30425904417365	14471276.487525776	4233.055612772453	-4.20851501407833	17.711598623722725	17918759.82082437	4106.933702962239	3167.132318955228	1.217653	15.200311	0.1268766138010659	0.0727329329685078	0.0510068948	-0.0705626423	-0.004856134	0.0563225091	-0.1330790105	0.0490387395	0.0144904217	0.0258320951	-0.0650355661	0.0123077955	-0.0182883633	0.0044815203	-0.0806877429	-0.1286261385	-0.0449442338	-0.0255675513	0.1338783616	0.0067855476	0.0326635197	0.1479700667	0.1947359379	0.0616115935	0.1336245253	0.1161035994	-0.0928104242	0.0301957153	0.1262079593	-0.1716418547	-0.002111318	-0.0019479029	0.1741550726	-0.0506458198	-0.0941670796	-0.1176558829	0.1437874646	-0.1103046323	0.1333728048	-0.0750143038	0.0023548252	0.0742766816	0.0428498224	-0.0305681377	-0.0109492247	-0.0122632593	0.1104576477	0.0663715038	0.0999027141	0.0668685847	0.0188674129	0.0322758104	-0.02893558	-0.0747946321	0.0075768102	-0.0306797032	-0.0683915418	0.0816296387	0.0469319984	0.0357844446	0.1220656093	0.1140722233	-0.0203534913	-0.0020958195	-0.0776538267	0.0616063399	0.0846785261	0.1437843886	0.154711941	0.1341318763	-0.0956791201	-0.0803120321	0.2473124665	0.0509081092	0.0330737773	-0.0973742319	-0.2440738747	0.0139416694	0.085196125	0.0007433462	0.0460709256	0.0835141624	0.0938749892	-0.087700635	0.0364568343	0.0553140341	0.0571539077	-0.1187184931	0.0108421616	0.0416437536	-0.1770489215	0.0715454684	-0.0472563074	0.0084688741	0.0310601996	0.006047479	-0.2425568097	-0.1601725729	-0.1196159872	-0.0411594972	-0.0269801291	-0.0291068402	-0.1083320935	-0.1235280458	-0.0986619626	-0.0559192222	0.006366747	0.1841213264	-0.1489310298	0.0554123501	0.0359256782	-0.1115286166	-0.1106004517	-0.0605472415	0.0663159004	-0.0534992409	-0.0511034211	0.1053731342	-0.055858395	-0.0331950468495705	0.0115520042093208	0.0011019111353451	0.0001334488012521	0.0763294029291188	0.0059762297514111	3.571532204165234e-05	0.0058261777515157	-0.0746818145293133	-0.0590838281126338	0.0055773734213907	0.0034908987444432	0.0029470990415128	0.0006929885408033	4.802331176846869e-07	8.685392760485665e-06	0.0012812894760243	0.0002470249548573	1.641702721370625e-06	6.102132832230048e-08	-0.0001448886023797	6.52775388933e-05	2.099270709954281e-08	4.261157083966294e-09	0.0	0.0	0.0
4257.302680781746	5.661704675888359	18124626.11579144	32.054899836976105	3795.021524497712	-9.09157680800172	82.65676885579472	14402188.37140094	4237.447667966926	4.39205519447296	19.290148831296907	17955962.73875834	4109.609216471355	3195.758915734325	1.086066	13.557676	0.2189751199754221	0.1354315996955723	-0.0055868084	-0.0396285959	0.082784218	0.0317134557	-0.1350787188	0.0757903463	0.0167785536	0.0772749908	-0.0206625063	-0.1119586865	0.0453475167	0.011802753	-0.0745815681	-0.1733393059	-0.0248596843	-0.0384887463	0.0578156287	-0.0249617534	-0.1529010902	0.0721750098	-0.0285756381	-0.013133454	0.0457489232	-0.0540411483	-0.1293226539	-0.0218013117	0.0175813642	0.0278441191	-0.0851972505	0.056955876	0.0426644381	-0.0381263816	0.0713985282	-0.0908984681	-0.1224756623	-0.0050310215	0.0137221544	0.1334821051	0.0571156207	-0.1016492604	-0.0137884456	-0.1827726127	-0.022782167	0.026405238	0.0546313469	0.0965799776	0.0180224973	0.1449595242	0.0293810039	0.0137884803	0.0482742217	0.050341782	0.0446195136	-0.0209907285	-0.0642763328	0.0397900929	0.0388537982	-0.0562657515	-0.0130819143	0.1002821847	0.0004609006	-0.0381156072	-0.0502681113	0.1164330987	-0.0721494707	-0.1035398241	0.0670824923	0.0288472693	-0.0889603074	-0.0009912655	0.0674374397	0.0609900861	-0.0050953737	-0.0375404662	-0.0026029255	0.0203136869	-0.184980689	0.0993586873	-0.089029728	0.1725955514	0.0549427805	-0.1088930505	-0.0357631249	-0.0822387151	0.040822036	-0.0650361051	-0.2322816453	-0.0032834772	0.1249807767	-0.0136130735	-0.0023797702	-0.0643688943	0.0244832563	-0.0544944713	-0.0332297466	-0.0886560986	-0.1553759262	-0.0113277018	0.0156113561	0.0663441008	-0.0338472214	-0.0403203039	0.0452209317	-0.0195326409	0.1136476144	0.1548810055	-0.0914759809	-0.1143391555	0.1552896549	-0.0053132868	-0.166265804	0.0829093867	0.2362152904	-0.0550761846	-0.0478548005	0.1050843138	-0.0619580057	-0.0328981441790148	0.0002969026705557	0.0010822878904232	8.815119578310827e-08	0.0422113154214258	-0.034118087507693	0.0011640438951825	0.001781795149607	0.0485164386211351	0.1231982531504484	0.0023538448164783	0.0151778095793219	0.0021061501713437	-0.0008409488701691	7.071950022386861e-07	4.4358685442510966e-06	0.0010342020797429	-0.0002470873962814	1.0695739417445395e-06	6.105218140112164e-08	-0.0002840898688637	-0.000139201266484	8.070705359099429e-08	1.9376992590749593e-08	0.0	0.0	0.0
4250.586876038291	-6.71580474345501	18067488.79074896	45.102033352212814	3804.7913397678817	9.769815270169602	95.44929041323913	14476437.139172671	4245.1298705028885	7.68220253596246	59.01623580354806	18021127.617435876	4119.169252604167	3164.429476590109	0.990989	12.370796	0.0615045694181615	0.038287607529302	-0.0151193718	-0.0877075402	-0.0199483491	0.0615960702	-0.151474541	0.0668370106	0.0717585929	0.0437655968	-0.0302613676	-0.2258070231	0.0046216544	0.0630226098	0.015627143	-0.0062107585	0.048059826	-0.0197916135	-0.0422761851	-0.0480291082	0.0042008589	0.1083647768	0.0089807686	0.090526889	0.1075004583	-0.0070919041	0.0190789533	-0.0140222644	-0.0614724078	0.0074281011	-0.0280861441	0.1046638463	-0.1129106276	-0.065440379	0.111623003	0.0497815147	-0.0075097816	-0.0159943499	-0.0230330433	-0.0362707135	-0.0797062415	-0.0225642848	0.0920530731	-0.0231701674	-0.1268044639	0.091993037	-0.016788343	0.0300369813	-0.0766142061	-0.0171361591	0.0169498674	0.0858193446	0.1157830713	0.0425968686	-0.1000222205	0.0430558538	-0.0330752683	0.0685042171	-0.0864485007	0.0184367168	0.0483023314	0.0179034002	0.1410088787	-0.0508412685	-0.0156162805	0.04139692	-0.0265537108	-0.0426993815	-0.0514474625	-0.0155220997	0.0785201433	0.05684206	0.0537419282	0.1700574049	-0.0058876826	0.0660895449	-0.0171081806	0.0295015126	-0.0203028338	0.0197061332	0.1449124278	0.1301802259	-0.0152879681	-0.0427911493	-0.0248143938	0.0826637438	0.0642904155	0.016839258	-0.0297704882	-0.1453879795	0.0894920433	-0.0144501879	-0.0262919218	-0.0483008414	-0.1166910833	-0.0042710484	-0.0594651878	-0.0688610904	-0.0500249846	-0.0477809441	0.0345084291	-0.0020715958	-0.1107365831	-0.0581156551	0.0756403277	-0.0795396961	-0.09272962	0.0884705438	-0.117507305	-0.0231456688	-0.0598533638	0.0940658268	-0.1141572488	-0.0025579786	0.1143663684	-0.0566363516	-0.0445478763	0.1045074645	-0.0677557633	-0.0329407812392901	-4.263706027529679e-05	0.0010850950686547	1.8179189089192918e-09	0.0785159455219854	0.0363046301005596	0.0013180261667384	0.0061647537012113	0.0487401181146367	0.0002236794935016	0.0023755991138287	5.00325158131346e-08	0.0025296385791466	0.0004234884078029	1.7934243154343537e-07	6.399071341106829e-06	0.0009591423697175	-7.505971002539995e-05	9.199540853873012e-07	5.633960069097126e-09	-0.0002842142063119	-1.243374481999719e-07	8.077771506950327e-08	1.5459801024880694e-14	0.0	0.0	0.0
4233.420735511136	-17.16614052715522	17921851.123855647	294.6763805980409	3799.620279623693	-5.171060144188687	26.73986301481672	14437114.269327631	4235.263286059867	-9.866584443021566	97.34948857127516	17937455.102246623	4109.004181884766	3140.84817216203	1.1644	14.535537	0.0807969719262709	0.0502708383825193	-0.0583538809	-0.1811167261	0.0832139865	-0.0996223434	-0.0575011978	-0.130530466	-0.0177085637	0.1219196126	-0.0133525325	-0.2433008867	-0.007539181	0.0150552655	-0.0145431533	0.0473681345	-0.0426321457	-0.0090626763	-0.0365358791	0.0559748067	-0.0838995878	-0.0557425611	-0.0254726585	0.0845111666	0.0530864416	0.0751720095	-0.1207439758	0.0246021458	0.0074026749	0.0044058616	-0.0876958866	-0.0025720709	0.0533489751	-0.1017690885	0.0996819349	0.0933689835	0.0111546724	-0.0463707177	-0.0757700473	-0.0252378816	-0.1723648822	0.1370207872	0.0136776212	0.0194299085	-0.0516837164	0.07318024	0.0392485211	0.0270398977	-0.0460897283	-0.1529416494	-0.1855375115	0.1228764663	0.0151816794	-0.0029881475	-0.045663496	-0.0381213398	0.0181050718	-0.0987052648	0.032696814	0.016105298	-0.0357787917	0.071676364	0.0325077818	0.0463714652	-0.0726886048	0.0641134649	0.1151655185	-0.0423393502	0.0112754764	0.0480479121	0.0284256506	-0.0380482881	-0.0272197663	0.0844944569	0.1090033906	0.125057645	-0.0170535182	0.0613130899	-0.0666360582	0.0400291509	0.2020065308	-0.0205823052	0.0276822837	0.0292381348	-0.1047593928	0.1768832406	-0.0157283285	0.0797594055	0.0985493464	0.0975215245	-0.0599357083	-0.0495283907	-0.0841816947	-0.1077048896	-0.0024245613	0.0858629681	0.0860736841	-0.0970362313	-0.0849268545	0.016809458	0.1141862919	0.0794557243	-0.0813086327	0.0231795987	0.1218682912	-0.0393867035	-0.0352834424	0.0139982694	-0.1240367395	0.0404503118	-0.0549391391	-0.04348567	0.0421613408	0.1191267934	0.1483103849	-0.0581792666	-0.0411866773	0.1036441676	-0.0732234215	-0.0283616862977567	0.0045790949415333	0.0008043852496523	2.096811048357676e-05	0.0746291090648583	-0.0038868364571271	1.5107497644452384e-05	0.0055695039198145	0.0948353312900422	0.0460952131754054	0.008993740060892	0.002124768677686	0.0022210865656471	-0.0003085520134994	9.520434503459553e-08	4.93322553209803e-06	0.0008242760195433	-0.0001348663501741	6.794309563941467e-07	1.818893240930992e-08	-0.0002029160229415	8.12981833704e-05	4.117491236639535e-08	6.609394619327182e-09	0.0	0.0	0.0
4236.500844788103	3.0801092769670504	17947939.40789031	9.487073158058486	3779.458565882952	-20.161713740741103	406.4947009635888	14284307.05122602	4225.425940933013	-9.837345126853506	96.77335914482843	17854224.38230964	4098.709477701823	3081.477185614248	1.180336	14.734469	0.0421553302539415	0.0203190256027634	-0.0707548422	-0.2194871228	0.0097868907	0.0978704877	0.0770090634	0.1168578914	0.0638588877	0.1383956288	0.0482842045	-0.1346015572	-0.1165935441	0.0236394721	0.0510919714	-0.0267949301	-0.1344465508	0.064706079	0.1160871125	0.0543515192	-0.1015044168	0.1013112781	0.0284482954	0.0097662373	-0.0296367693	-0.0828434518	-0.1251966844	0.0775701211	0.0091958931	-0.0785286707	-0.0105220403	-0.076638103	0.0662176894	0.0780023617	0.0632479739	-0.044362148	0.0472056945	-0.0408086834	0.0429027826	-0.0193400061	-0.0548035474	0.086152146	0.0561945666	-0.0593811988	0.0924802188	0.0624399255	-0.0361245668	-0.0993961728	-0.0262023109	-0.0320797196	-0.0378692669	0.064692605	0.018676969	0.0081268351	0.0938696521	-0.1517125092	-0.0023343452	0.0851991592	0.0587264115	-0.0295211101	0.1285089646	0.0669080454	-0.0879724905	-0.0937770102	-0.0150966704	0.0961124559	0.0091916056	-0.0749694036	0.0295250301	0.1075840411	-0.0376215817	-0.0335075105	-0.0449404036	-0.1063572014	0.0466242981	-0.0230323267	-0.0247608384	-0.09727846	0.0467161622	0.0357730818	-0.0175619332	0.0379131775	0.1301853157	-0.0548161449	-0.0291186307	0.1283804077	0.0624392534	0.0043421073	0.1758269221	-0.0484623454	0.0613471962	-0.0278530417	-0.0843937596	-0.2348527938	0.0037906713	0.0155326566	-0.0520806087	-0.0888615848	0.0401963575	-0.096434463	-0.0823366614	0.0393942228	0.0209022409	-0.0333020032	-0.0086853034	0.0024847901	0.0282398581	0.0618253774	-0.0657758154	-0.0921750276	-0.0152943359	-0.0493526343	-0.0407067766	0.0996580083	0.1098425228	-0.0597044597	-0.0377752987	0.1024967892	-0.0783343427	-0.0328950156704337	-0.004533329372677	0.001082082055958	2.055107520117607e-05	0.0783666353128609	0.0037375262480025	1.396910245450836e-05	0.0061413295302589	0.0788373732054452	-0.0159979580845969	0.0062153314139346	0.0002559346628765	0.0022876488269543	6.656226130719988e-05	4.430534630327958e-09	5.233337155465384e-06	0.0010341762939269	0.0002099002743835	1.0695206069203776e-06	4.405812518631052e-08	-0.000284183818224	-8.126779528249998e-05	8.076044254037146e-08	6.604454550078326e-09	0.0	0.0	0.0
4259.50842936654	23.007584578437672	18143412.059844613	529.3489481339631	3796.883565591151	17.424999708199266	303.6306148307445	14416324.810656171	4233.339110188346	7.913169255332832	62.61824766354477	17921160.021850258	4105.837378499349	3156.739481550192	1.155655	14.426372	0.0374269001056698	0.0234258473845271	-0.0618558518	-0.0867193379	-0.0849446547	0.0814619839	0.0799190895	0.0522851672	0.1354093741	0.0361630868	0.0683516575	-0.0364709506	-0.0654785964	0.0078098994	-0.1416632581	-0.0019414311	-0.1047009535	2.03042e-05	0.0639134659	-0.1595480074	0.0652607567	0.0043271138	-0.012717157	0.0269677539	-0.0583863259	-0.0671607843	-0.0508103244	-0.0961694257	0.0035210304	0.0190256431	-0.0495490273	-0.0271470137	-0.0931036406	-0.0634643388	-0.0700475696	0.0041389567	-0.0146590025	0.1458825778	0.0773441668	0.0069712185	-0.0189445924	-0.022508463	0.2085352412	0.020147838	0.0133046638	-0.0361138346	-0.0802648783	0.0166443789	0.0309732604	-0.1043534796	0.06300664	-0.0062734299	-0.0399729369	-0.0135390344	-0.0280860133	-0.110058456	-0.0426964219	0.1116704422	-0.0384697848	0.0443079005	-0.1108665277	0.0065060391	-0.0213116141	0.0445806823	0.0055536781	0.0941450592	-0.0915626664	0.0443753697	-0.0260519931	0.0446510823	0.0867725577	0.045244739	0.0469178695	-0.0294715906	0.1159897607	-0.0107557658	0.1232196438	0.0889644183	-0.0297017821	-0.1576434382	0.0710281465	0.0327974202	0.0601886659	0.0255457682	0.0288481776	-0.0208792023	0.0243765828	0.0066405682	0.0756383285	0.162167957	-0.0188562172	-0.0475974495	-0.0114631817	-0.0968156145	-0.1160261567	0.0192568039	-0.0408726045	-0.1021075357	-0.0181061618	0.0727421658	0.0755614056	-0.100610966	0.0406881591	0.1033398023	0.026818276	-0.0136520747	0.1163206695	0.0622601574	-0.0049829059	-0.1678880234	-0.067580218	-0.0189240366	-0.0216780718	-0.0333602236	0.0278813707	-0.0612114661	-0.0343178967	0.1010684743	-0.0830636267	-0.0330469768125709	-0.0001519611421371	0.0010921026764505	2.309218871964136e-08	0.0633087219930246	-0.0150579133198362	0.0002267407535477	0.00400799428039	0.0784531753299688	-0.0003841978754764	0.0061549007193548	1.476080075205813e-07	0.0025091185463205	0.0002214697193662	4.90488365961434e-08	6.295675879489499e-06	0.0008191451857946	-0.0002150311081322	6.709988354104699e-07	4.6238377464604835e-08	-0.0002840280903581	1.5572786589998586e-07	8.067195611246903e-08	2.4251168217763982e-14	0.0	0.0	0.0
4266.838773730417	7.330344363876975	18205913.12100929	53.733948493022936	3821.641681078421	24.75811548726961	612.9642824809791	14604945.138555896	4239.707916630194	6.368806441847482	40.56169549371799	17975123.21833674	4113.115313476563	3208.496018427365	1.085873	13.55527	0.0783544993598544	0.0466031920488178	-0.0608342464	-0.0029787339	-0.030057387	-0.1030939716	0.1030267743	-0.1265884046	0.0543052374	0.0010320969	0.0588161049	0.1167007845	-0.0249189348	-0.0943778228	-0.1007931902	0.0746581461	-0.0091023093	0.0945433477	-0.0228861634	0.0082531032	0.1138790089	-0.1349058411	-0.0356930231	-0.0515272436	-0.0481499317	0.0243546861	0.0184667386	0.0165696108	-0.0299501165	-0.0239685906	-0.0855416783	0.1142795013	0.0612075777	0.0333717976	-0.0523369445	-0.0802693551	-0.0985497389	0.1363698347	0.0131879976	-0.0191310091	0.0554350198	0.1650543695	-0.0777373144	0.1022709717	-0.0758616726	-0.0373670401	-0.1112577184	0.073563692	0.071493738	-0.0267212232	0.0157268806	-0.0154734324	-0.0049992195	0.0123527509	0.0661750341	-0.023906924	0.0905386247	-0.0704886567	-0.0176673241	0.1111320141	-0.0817266276	-0.0846263244	-0.0499230487	-0.0051318362	0.050073525	-0.0832062256	0.0284535649	0.0160352612	0.0236210731	0.039888078	-0.0155787761	0.0774842867	0.0600757191	0.0178725413	0.0322813547	0.0277186213	0.0779041294	-0.0629386095	0.052998544	-0.0058161733	0.0326681232	-0.114517788	-0.0067989887	-0.0341715285	-0.0008563234	0.0423488483	-0.1820698056	-0.0032984308	-0.065351416	0.0655176247	0.0170037192	-0.0479195138	-0.0255872634	0.0068290451	0.0487878717	0.1110662396	0.0289092722	-0.0316517055	0.0158321476	-0.0877516381	0.0144888237	-0.1812196637	0.0308486561	0.1161084589	0.0820939552	-0.0475122067	-0.0424053772	-0.0200941358	-0.0374834328	-0.039553973	-0.0473712155	-0.0450427653	-0.0227267686	-0.0660074943	0.0087358975	-0.062699827	-0.0308186837	0.0993631376	-0.0873882332	-0.0307808798931574	0.0022660969194134	0.0009474625669969	5.1351952481753495e-06	0.1014813385778694	0.0381726165848447	0.0014571486569335	0.0102984620795561	0.0558473768299876	-0.0226057984999812	0.0031189294987906	0.0005110221258217	0.0024181507079016	-9.09678384188998e-05	8.275147626607062e-09	5.84745284612501e-06	0.0010341538763094	0.0002150086905147	1.0694742398857575e-06	4.6228736996889e-08	-0.0002842513085367	-2.2321817860001137e-07	8.079880640482622e-08	4.982635525750657e-14	0.0	0.0	0.0
4262.988485420056	-3.8502883103610657	18173070.826823987	14.82472007290307	3824.296880106527	2.655199028106381	7.050081878857069	14625246.627192518	4243.077226854283	3.3693102240895314	11.352251386154247	18003704.353049435	4115.932844156901	3206.4283533543985	1.017414	12.700667	0.0954676936926822	0.0443733841975836	-0.0690001106	0.0160175242	-0.0158076433	0.0366536133	0.0250111992	0.0384988747	-0.0986565133	-0.0152680525	0.0440761783	-0.0237994641	-0.0923330406	-0.1355687193	-0.099440419	0.1350439259	0.0158215875	0.0006126653	-0.0409398568	-0.095870474	-0.0470645506	0.030988039	0.0689377565	-0.0059804147	-0.0026066258	0.0532118483	-0.074246332	-0.0012882023	0.049606301	-0.0553497453	0.0344507044	0.0170545877	-0.0013783278	-0.0015647401	-0.023184395	-0.0657262169	-0.0276781153	0.1047298578	-0.1002650298	-0.0356282792	0.0412869712	-0.2060330799	-0.084979984	0.0659143355	-0.2126196555	-0.0104783364	0.0667396957	0.1104050045	-0.0253968197	-0.1792515242	0.0148828122	0.0025846557	-0.0663369287	-0.0542616029	-0.0849197024	0.0104060686	0.0185485573	0.0371984829	-0.0295004574	-0.1003794923	-0.0471877371	-0.0240171433	-0.0208546041	0.0936651546	-0.0342773841	0.1085848921	0.0939972355	-0.0170226235	0.0432434116	0.0277082121	0.1168653571	-0.0682599858	-0.0004988182	0.0566256807	0.0901988287	-0.0122737831	-0.0418089326	-0.118593149	0.0822512467	0.0580318522	0.0553976986	0.0189713016	-0.1457130558	0.1131311786	-0.0462885614	-0.1493291109	-0.0964104052	0.0534544532	-0.1211684984	0.0981726111	-0.1193647899	-0.0691785765	0.0511692081	-0.050915391	-0.0487537018	-0.0386540301	-0.04524142	0.0414841448	-0.0467250483	-0.0945230113	0.1057032056	-0.0962982538	-0.0164172674	0.0884650371	0.1716118843	-0.0937810089	-0.0232299617	-0.0475501281	0.0154426696	-0.1313600681	0.0749186702	-0.0903288985	-0.0152917314	-0.0126851052	0.0585563577	-0.0641690889	-0.0272819228	0.0973854535	-0.0912870929	-0.0329758939916047	-0.0021950140984473	0.0010874095845455	4.8180868923824176e-06	0.0724721974516455	-0.0290091411262238	0.0008415302688811	0.0052522194034702	0.0832062198310836	0.027358843001096	0.0069232750185786	0.0007485062903586	0.0020841519471524	-0.0003339987607492	1.1155517218200137e-07	4.343689338819141e-06	0.0007450841093386	-0.0002890697669707	5.551503299888949e-07	8.356133017655255e-08	-0.000399276690155	-0.0001150253816183	1.594218753011319e-07	1.3230838416435544e-08	0.0	0.0	0.0
4261.349821853214	-1.6386635668422969	18159102.30420842	2.685218285296319	3814.361741267353	-9.935138839174217	98.70698375366796	14549355.493244112	4239.725551288224	-3.3516755660593844	11.233729100119495	17975272.750246234	4113.462385009766	3179.999296869357	1.075821	13.429784	0.0730145387856617	0.039164089565734	-0.0682039223	-0.0464318172	-0.040072742	-0.0980622431	0.0978974905	-0.109623043	0.072672945	0.0486033127	0.0590792432	0.134707148	0.0468024856	-0.0303466156	-0.0332288455	0.0740248528	-0.0216119737	0.0534719202	-0.0685931712	0.008818652	0.07586549	0.0120103324	-0.1216181251	0.054749818	-0.0423432664	0.0089926451	-0.0313953319	-0.1405745107	0.0143405025	0.1155863347	-0.1177182416	-0.0429879488	-0.0378444733	0.1795719579	-0.0224338324	-0.1081783948	-0.0532480494	0.0255145338	-0.1025535432	0.0483314852	-0.0416984568	-0.0189337641	-0.0167795147	-0.058638292	0.1343856539	-0.0110756771	0.1169140306	-0.0397347889	-0.0113458703	-0.0350354572	-0.0543269145	0.0390231171	0.065697286	-0.1253812115	0.012207402	-0.0239428378	0.0614791419	-0.0997365784	-0.0287828059	0.0637855544	-0.0504133032	-0.0410349636	0.0632393849	0.0240838479	0.0784565954	0.1343098605	-0.084103612	0.0500978476	0.0679522746	-0.0428349352	0.0654530485	0.1576152742	-0.0640611961	-0.0682309298	-0.0350834096	-0.0934313279	0.0705123053	-0.0704799234	-0.0132923683	0.1324178335	-0.0248119688	-0.1152470605	0.0043082902	0.0282260595	-0.0997647603	-0.0528953167	0.1005973375	0.166814122	0.0011520197	0.0741040134	0.0218561193	-0.047279162	-0.0094614707	-0.0161614801	0.0676204366	0.1307186922	-0.0016091361	-0.0712517509	0.00609923	-0.0614548207	-0.0195331693	-0.1246528716	0.0278634002	0.1208150988	0.0251243167	-0.0228655379	-0.0515154375	-0.0768373866	0.0382777136	0.030119069	0.0428950845	-0.0358091827	-0.0919569691	-0.0499902558	0.0239643045	-0.0656188043	-0.0237119231	0.0951408427	-0.0947412111	-0.0328916123291946	8.428166241009755e-05	0.001081858161614	7.103398618609651e-09	0.0899857900726317	0.0175135926209862	0.0003067259264938	0.0080974424149957	0.0515530846395932	-0.0316531351914904	0.002657720535857	0.0010019209674507	0.002155150028211	7.09980810586e-05	5.040727514003537e-09	4.6446716440978745e-06	0.0010341951220806	0.000289111012742	1.0695595505353074e-06	8.358517768870491e-08	-0.0002841151977401	0.0001151614924149	8.072144558689613e-08	1.3262169335227069e-08	0.0	0.0	0.0
4277.320998128422	15.971176275207654	18295474.92103032	255.07847161375585	3828.326427444519	13.964686177166186	195.01246002673636	14656083.235070117	4245.676379063995	5.950827775771359	35.41235121689189	18025767.91574196	4117.867207682291	3230.033527086673	1.142192	14.258313	0.0465271049776836	0.022920257907882	-0.059877666	0.0852254983	0.0708628179	0.0436697333	0.0946600016	0.0586004979	-0.1053703244	-0.0468627796	0.08042921	0.0955559227	-0.002753892	-0.1270120536	-0.0550306967	0.052935246	0.0344497347	0.0047083784	0.0198482123	-0.0628450443	-0.0325815165	0.0126863347	-0.045611073	-0.0389817272	0.0296438384	-0.169567387	-0.1294199147	-0.0148518767	-0.0734857093	0.0455615367	0.0267525594	-0.0531703019	-0.0468404644	-0.0948540311	-0.1355787871	-0.068185805	-0.1093374171	-0.0326940015	0.0008836668	0.1672847773	-0.0394913314	-0.0524009956	0.0693425639	0.0037013481	-0.0095976117	0.0093860915	0.0030199038	-0.1316886805	0.0557337954	-0.1277477442	0.1610295078	0.0741623388	-0.0065834388	-0.0155025631	0.005842007	0.0274499302	0.0399555995	0.0286590063	0.0418587645	-0.0946704376	-0.0978828663	-0.023132089	-0.0237689013	-0.0371532628	-0.0559754535	0.0573729458	-0.160957565	-0.0886386812	0.1235805518	0.0064864609	0.1377260299	-0.011703256	0.026479111	-0.1391213283	0.0721788262	-0.0146339608	-0.0417687639	0.1176627498	-0.034676048	0.1008688997	-0.0985969421	0.1523908672	-0.0862723019	0.0125574897	-0.0714586962	-0.0739400606	-0.0427756275	-0.0648578187	0.0835611923	-0.000550245	0.048756474	-0.0624342804	0.0535148588	-0.0326920156	0.0936017204	-0.0161100286	-0.0512731584	0.0257691809	-0.0324608627	-0.035411199	0.0565297961	-0.0507456196	0.1598767794	0.2322461175	-0.0889772854	-0.0598253422	-0.009799955	0.0023003854	0.1172063388	0.0153882867	0.0681515565	0.0368463957	-0.1070806718	-0.0999241751	0.0288513974	-0.0670485315	-0.0201130341	0.0926354574	-0.0977337597	-0.0307493969632304	0.0021422153659642	0.0009455254136023	4.589086674173143e-06	0.0813723971198498	-0.0086133929527819	7.419053815903301e-05	0.0066214670130305	0.0458769482462457	-0.0056761363933474	0.0021046943803887	3.221852435588395e-05	0.001819109723226	-0.000336040304985	1.1292308657441185e-07	3.309160185135375e-06	0.0007692431435253	-0.0002649519785553	5.917350138606854e-07	7.01995509403682e-08	-0.0002832002759686	9.149217714999744e-07	8.02023963086912e-08	8.370818479646517e-13	0.0	0.0	0.0
4277.583848711984	0.2628505835618853	18297723.582761627	0.0690904292788236	3830.0413738113953	1.71494636687612	2.941041041261604	14669216.92510708	4250.716988129888	5.040609065892568	25.407739755158342	18068594.913176022	4124.512752929688	3227.004884972172	1.039324	12.974176	0.0552801059117854	0.0361522903944689	-0.0336654902	0.1235329536	-0.0753548816	0.0440058546	0.0576559384	0.0448579871	0.0395701213	-0.1364531636	0.0289297199	0.033459505	0.1174369839	0.043942039	0.0049897217	0.0764905831	0.0888020005	0.0416189758	-0.0319016831	-0.1198348092	0.1080754861	0.0376626501	0.0755658219	0.0780242575	0.0393979318	0.0546556904	0.0740711211	-0.0651125343	0.019876158	0.0574716069	-0.0506407799	0.0189641246	-0.0800181645	-0.002248695	-0.0138671736	0.1122719608	0.0580088125	-0.0317848586	-0.1175647124	-0.038920134	0.0953385915	0.0923972721	0.1436214252	0.0088387084	0.1168400806	-0.0558697004	-0.0762750368	-0.1481170839	-0.0125264905	0.138304211	0.0011400067	0.1116222233	-0.0200122997	0.0851915214	0.0352998374	0.0782721326	0.0366088486	0.1060127571	-0.107112973	0.0016595932	0.0149395698	0.0034048753	0.0612453758	0.0677896216	0.0545588715	-0.0010964161	-0.0113045145	0.1396335215	-0.0264334266	-0.0839003774	0.0217991626	0.0770744121	0.0190713561	0.0431353077	-0.0371856505	-0.0032887674	-0.0287429728	0.1234411314	-0.0318815276	0.0143657462	-0.0557192078	-0.0349976584	0.0806822961	0.0916951033	0.1245988182	-0.0042642073	-0.1482878948	0.0518811658	0.175886095	-0.1076936003	0.1705029002	-0.0461868855	0.0965583818	0.0883089468	-0.0575319776	0.0257473858	-0.0809495958	0.0199991415	0.0133628368	0.0437483653	-0.0469178719	-0.1114814183	0.1059251664	0.1026614553	0.0333712379	-0.0485742242	-0.1376086626	0.0179071388	0.0604420791	0.2000809875	0.0768020894	0.0619791891	-0.0260841249	-0.0822444295	0.0459801589	-0.0684578352	-0.0164896405	0.0898761648	-0.1002501592	-0.0329042804188191	-0.0021548834555886	0.0010826916698802	4.64352270716989e-06	0.0812523054630389	-0.0001200916568109	1.4422006035587e-08	0.0066019371430589	0.0128633484623748	-0.0330135997838708	0.0001654657336644	0.0010898977706896	0.0019531492728314	0.0001340395496054	1.7966600858418522e-08	3.814792081961828e-06	0.0010342238645257	0.0002649807210004	1.0696190019544737e-06	7.021478250189186e-08	-0.0002840106256731	-8.103497044999641e-07	8.066203549522573e-08	6.566666435831793e-13	0.0	0.0	0.0
4265.35472135936	-12.229127352623436	18193250.899022587	149.5515558066827	3827.270238382408	-2.771135428987236	7.679191565788272	14647997.477607736	4246.194691320538	-4.522296809349427	20.45116843185201	18030169.356598724	4120.421626627604	3225.895526272813	1.119214	13.97147	0.0201461011368532	0.0149360609183807	-0.0199912822	0.0672755623	-0.034844699	-0.1240247825	0.047145176	-0.1659238961	0.0226374119	-0.0264128037	-0.0037380642	0.0276783643	0.0902253382	0.0739778955	0.0991399343	0.1513736183	0.0434823552	0.0304874854	-0.0813381985	0.0635947413	0.0692099675	-0.0205837462	-0.079938353	-0.055185074	0.001404938	-0.0113276471	-0.0230612359	-0.1575863664	-0.0427140986	0.0309417622	-0.1156137106	-0.0875116863	-0.0190027058	-0.0406022524	0.0024921807	-0.0145400224	0.1117532151	-0.1097555113	0.1565825256	-0.0012624688	-0.0311139074	0.0704416624	-0.0339209006	0.0746777692	-0.0780149296	0.0955336908	-0.0296885607	-0.0978811042	0.0428730046	-0.0774996116	-0.0647061071	-0.0203237489	-0.1412586239	-0.099021608	0.0474929353	0.0437702388	0.0779207169	-0.1259253113	-0.0024838982	0.0416294308	0.0015896244	-0.0854483164	0.0809521832	0.0673928732	-0.0262394131	0.0748701145	-0.0415390609	0.0423443448	0.0442448855	0.1102030454	0.0230134679	0.1073114768	-0.0788686586	-0.0259242217	-0.1512732716	-0.0011717973	-0.0408911106	0.0343378471	0.023500791	-0.0655836823	0.0611239826	0.0307400232	-0.0703838566	-0.082419463	-0.0494630264	0.0405562381	-0.0264924782	-0.1832354596	0.0681823425	-0.0220971657	-0.0225204616	-0.025237886	0.0563101919	0.0854302533	0.0575564551	0.0917643933	0.0244895483	0.0452952496	0.0035640758	-0.0781373143	0.0541584376	0.004559071	-0.0703076911	0.1238135963	0.0362911825	0.0092769545	0.0315013108	-0.036874699	0.0205379145	0.1210654862	0.0332436652	0.0281377404	-0.0718789511	-0.0483535476	-0.0137908794	-0.0698462859	-0.0128461567	0.0868705278	-0.10227815	-0.0328977965429544	6.483875864701783e-06	0.0010822650173816	4.2040646228862286e-11	0.0814916342297351	0.0002393287666962	5.7278258568325817e-08	0.0066408864494329	0.0193297917133321	0.0064664432509573	0.0003736408476808	4.181488831785122e-05	0.0022216489249742	0.0002684996521428	7.20920632008046e-08	4.935723945839019e-06	0.0010341856662625	-3.819826320007602e-08	1.069539992302811e-06	1.4591073115022821e-15	-0.0002841496801338	-1.3905446070002156e-07	8.074104072014085e-08	1.9336143040573836e-14	0.0	0.0	0.0
4261.551070137903	-3.803651221457585	18160817.523393504	14.46776261449578	3809.658036068616	-17.61220231379184	310.18967034193463	14513494.351782186	4242.686235301412	-3.5084560191262426	12.30926363814316	18000386.49121607	4114.1942364908855	3202.1308790182493	1.115992	13.931252	0.0682405638114724	0.0466290169903822	-0.0554779384	0.0350666226	0.0667899731	0.0456624874	0.0334935151	0.0550252214	-0.0917694246	0.0448709471	0.0324215053	0.0388580574	0.0286975398	-0.0920068947	-0.0006937593	-0.0570766651	0.0149122089	0.0261144507	-0.0222852431	0.0157440893	-0.0818963107	0.0069593161	0.090816259	0.0302667542	0.0262287481	-0.0596700821	-0.0472868695	0.0369994129	0.1057282322	0.0313785941	0.0628243925	0.0809290581	0.0177541129	0.0807593027	-0.0505703621	0.0207212387	0.2704296719	0.1807032836	-0.0681921428	0.0664382	0.0162608827	0.0444342253	0.0631302971	0.0644904758	-0.007328216	0.0371689041	-0.0243384711	0.0356264188	-0.0775448875	-0.0370284627	0.0793046429	0.1106454138	-0.1184420697	0.0019757805	0.0967509273	0.0053255295	0.0127430676	-0.0003976517	-0.0086545992	-0.1031698384	0.0198084966	0.046502774	-0.1295535246	-0.0355511762	0.0021922808	0.0769574599	-0.0150288422	-0.0016268042	-0.0137198289	-0.115627941	0.0447415716	0.0120592598	0.0971441245	0.1379140482	0.0580512058	-0.020530568	-0.1360504834	-0.1689715536	0.0274365437	-0.1423723383	-0.0538287729	-0.0147397472	0.0449159954	0.0909590044	0.0244165923	0.0950988069	-0.0715844968	-0.0161862409	0.0086325306	-0.0084040997	0.0286024087	-0.0465051199	0.0231565241	-0.0136735573	0.0598569195	-0.0564127778	-0.0998280157	0.058490806	0.0054682861	-0.0246064274	-0.1009999322	0.049665022	0.051539125	-0.0816218779	0.107238604	0.0555839765	0.0250367693	-0.0614579994	-0.0154743525	0.033504535	-0.0479592982	-0.1125531318	-0.0183841404	-0.0348653393	0.0316738298	-0.0712134607	-0.0091870219	0.0836267848	-0.1038078519	-0.0328707963163168	2.7000226637596825e-05	0.0010804892504687	7.29012238481593e-10	0.0534373611300935	-0.0280542730996415	0.0007870422391492	0.002855551564548	0.0563351289333553	0.0370053372200232	0.0031736467519377	0.0013693949827676	0.0022216579572149	9.032240699726609e-09	8.158137205779778e-17	4.935764078856282e-06	0.0010971857029182	6.300003665570008e-05	1.2038164666881048e-06	3.969004618619554e-09	-0.0002842196765408	-6.999640699998852e-08	8.078082453295699e-08	4.899496992908042e-15	0.0	0.0	0.0
4250.439721960839	-11.11134817706352	18066237.830022536	123.46205831193278	3815.7376139971366	6.0795779285203935	36.96126778895232	14559853.53887256	4236.955004153354	-5.731231148058214	32.847010472472675	17951787.70722015	4111.455333251954	3173.2394273087784	1.097806	13.704224	0.0417324674910567	0.0336419640100368	-0.0548005054	-0.0459533285	-0.0949298038	-0.0190122581	0.0014800403	-0.0062206646	0.0713357778	0.0047149671	-0.034298076	-0.0479558082	-0.0224951457	-0.0511243189	-0.037712455	0.0438614345	-0.0364271347	0.0088423591	-0.0235544363	0.0724827797	0.0205215882	-0.0491398006	0.0614148661	0.0250140003	0.0456769528	-0.0116883327	0.0457212188	-0.0344651222	0.0323552279	0.0464591611	-0.0163785169	-0.0181636741	-0.0449023553	0.0129246252	0.0461691479	0.0537447721	0.1606117303	-0.0854644266	-0.0667742155	-0.074269825	0.0773317937	-0.0811743718	0.1212693747	0.0781731211	-0.0684284536	0.0340594451	-0.0253155281	0.007199734	0.0683309946	0.0938241112	-0.0031313317	-0.1550846171	-0.0396899159	0.053549537	0.1136612756	-0.024809317	-0.0088440912	-0.047791103	-0.0567223858	0.0612716508	0.0704226161	0.0480083048	-0.060643726	0.0266342697	-0.0634184317	-0.0223755571	-0.0195172394	0.0405681825	-0.0511504444	-0.0511233571	-0.0488534698	0.0447016725	-0.0133244001	0.0553948391	-0.1118000028	-0.0177089444	-0.0249396886	0.0440333458	0.0227937357	-0.0893907451	0.1235097448	0.0164585295	0.0475380495	0.085649261	0.0205433848	-0.0574622409	-0.0043660552	0.0204494174	0.0032625811	-0.0102456618	-0.0480844581	-0.038205511	0.0348997852	0.0054695458	-0.089876935	0.11204852	-0.0073155057	-0.0308751592	0.0225695749	-0.0952763581	0.0150805387	0.1028333686	0.1048080809	-0.0302995698	-0.0158225943	-0.0067503893	-0.064456412	-0.038355734	-0.0599048215	0.0043004126	0.0031879169	-0.1035520042	0.0591899771	0.0003690824	-0.0359067306	-0.0725589432	-0.0055166942	0.0801538266	-0.1048318124	-0.0298245292052143	0.0030462671111025	0.0008895025423126	9.279743312184777e-06	0.0865818861738318	0.0331445250437383	0.0010985595403749	0.0074964230134183	0.0612760499786162	0.0049409210452609	0.0037547543009818	2.4412700775502063e-05	0.0022216562359295	-1.721285399804151e-09	2.962823427578936e-18	4.9357564306444345e-06	0.0010851856662585	-1.200003665970009e-05	1.1776279302529046e-06	1.4400087983414608e-10	-0.0002842063486668	1.3327874000019104e-08	8.077324862251469e-08	1.776322253603852e-16	0.0	0.0	0.0
4246.166275265188	-4.273446695650819	18029928.03719944	18.2623466605689	3798.009418867499	-17.728195129637697	314.2889025545098	14424875.545806237	4238.637511580153	1.6825074267990203	2.8308312412338608	17966047.95457439	4108.8456239420575	3153.0250861600657	1.082005	13.506983	0.0459849575440709	0.0347486196939681	-0.0741208845	-0.1109946261	0.1226661253	0.0035410867	0.0420336269	-0.0029237948	-0.0754398863	0.1476545995	0.0378605567	-0.0715538823	0.0193757987	-0.0284123662	-0.1821777191	-0.0595202337	-0.0298534836	-0.0096047436	0.0008115891	0.0397740219	-0.1768128905	0.0241418463	-0.025685258	0.0390169157	0.0268816665	-0.0874277803	-0.0507359649	0.0070265052	-0.0114590231	-0.0228878554	-0.0384570384	0.0734975819	0.0049178789	-0.0333201615	0.0609274212	0.1065438615	0.015849465	0.0438475544	0.0424851513	-0.0314201186	0.016007485	0.1145811046	-0.0244703764	-0.0032825101	-0.022132563	-0.0687395473	0.0565503081	0.023366488	-0.0180344114	0.0036334885	-0.0581308517	0.0848399916	0.0139305459	-0.0079460595	-0.0247714562	-0.0344433831	-0.0074375158	-0.0378197231	0.0625454669	-0.0973936767	0.0012090922	0.1065951168	-0.0508274091	-0.0862279542	-0.029590024	0.0780933846	-0.0296227708	-0.0604135155	-0.0704487491	-0.0009319317	-0.0562766113	-0.0125936166	0.0127192394	0.1266057086	0.0406998176	0.0375862075	0.0240123572	0.0131283195	-0.0605389327	-0.0584905	0.0737040699	-0.0915550104	-0.0199967183	-0.0348691361	-0.0454804418	0.0313923119	-0.0510294886	0.0128861844	-0.008409816	-0.0225168233	0.0205689357	-0.0500028757	-0.0419834523	-0.1312429786	0.0609958045	0.0505361179	-0.0335490284	-0.0336381899	0.0270996004	0.004024595	0.0653382002	0.04729567	0.1339628933	-0.0101616625	0.0075346276	-0.0983729766	-0.1111964955	-0.0670332012	-0.0236187193	-0.0329970312	0.0022216952	-0.0731116476	-0.0120376027	-0.1832870553	-0.0469266611	-0.0738823236	-0.0018396452	0.0764611723	-0.1053450429	-0.0328885635014728	-0.0030640342962585	0.0010816576091904	9.388306168648349e-06	0.0864697169405985	-0.0001121692332333	1.2581936884147121e-08	0.0074770119477872	0.0947039407739254	0.0334278907953091	0.0089688363981111	0.0011174238830231	0.0020851480405661	-0.0001365081953633	1.8634487401372173e-08	4.347842351076647e-06	0.0010342045696507	-5.098109660779996e-05	1.0695790918863897e-06	2.599072211333832e-09	-0.0002840783762526	1.2797241419999165e-07	8.070052385431377e-08	1.6376938796174224e-14	0.0	0.0	0.0
4245.179716491461	-0.9865587737276656	18021550.82531052	0.9732982140190352	3794.92896991137	-3.0804489561287483	9.489165771314696	14401485.886672571	4236.21374876448	-2.423762815672489	5.874626186636634	17945506.925221212	4109.257829833984	3099.4504781535816	1.102936	13.768266	0.0251020067528044	0.019271338560852	-0.0880139559	-0.1696937996	-0.1133496656	0.0709028633	0.0370005158	0.0304282267	0.1623003862	0.0649830777	0.0146958588	-0.0732462931	0.0038398435	-0.020390141	-0.0387004018	0.0169505203	-0.0496632535	0.0380549423	-0.007240999	-0.0292218474	0.0666295793	0.0432427923	0.0126225671	0.0720501684	0.0897513308	0.0440555867	0.0342396271	-0.0446666273	-0.0807887562	-0.1055522985	-0.0741723416	0.0890519311	0.0180164853	0.095396615	0.0166494169	-0.0052176644	-0.1136239628	-0.0552224342	0.0241249052	0.0919627565	0.021484961	-0.0507558495	0.114091687	0.0934517178	-0.1212552953	0.0344370132	0.069510867	0.1996609571	0.0446812881	-0.048382676	-0.0658331866	0.0250957436	0.0103271472	0.0284831258	0.040971764	-0.0624761068	-0.0087377253	0.0475793521	-0.0914703786	0.0817098356	0.0583215946	0.0253684497	0.0781356749	-0.0406221601	-0.0469753411	-0.024416348	-0.0290879746	0.0335450302	-0.0865432534	0.0616622806	0.0209818204	0.0881660325	0.0901089116	0.0599994074	0.0697605661	-0.0698341736	0.1344501311	0.0274801695	0.0159406646	0.0443752773	0.0641018692	0.1199722145	0.0088971539	0.1499495553	-0.0730653026	0.0614806568	-0.0140850248	-0.0161781142	-0.1104112795	0.078725747	-0.1951922577	-0.0417724532	-0.0253636833	-0.1228612715	-0.1226902072	0.1028917249	-0.0595968694	-0.0742234117	0.1023666708	-0.0297975743	0.0622694611	-0.0141054531	0.1013049394	-0.0081201113	-0.0904565506	-0.0847373099	-0.0675774622	-0.0929501999	-0.0490370324	0.045422841	-0.0137391256	-0.0693906476	0.0325145543	0.0223365439	-0.0984429145	-0.0751831987	0.0018396452	0.0725589432	-0.1053450429	-0.0514967109320423	-0.0186081474305694	0.0026519112368183	0.0003462631507978	0.0907204924834559	0.0042507755428573	1.806909271575459e-05	0.0082302077564407	0.095020805183168	0.0003168644092425	0.0090289534176575	1.0040305384466075e-07	0.0020466482791824	-3.849976138370001e-05	1.4822316266018382e-09	4.18876917868028e-06	0.0010342100231519	5.453501199887897e-09	1.0695903719878537e-06	2.9740675337178736e-17	-0.0002840592037348	1.917251779998694e-08	8.068963122644862e-08	3.675854387908161e-16	0.0	0.0	0.0
4261.153853033121	15.9741365416603	18157432.15921901	255.1730382516069	3819.171535780705	24.242565869335067	587.7019999290495	14586071.219717553	4238.0265011115125	1.8127523470320737	3.286071071670293	17960868.624123488	4110.619397298177	3180.6962904299307	1.149931	14.354924	0.0297237116842907	0.0199202126413286	-0.0771190952	-0.0709401477	0.0765676251	-0.0212970688	0.083144599	-0.092526942	-0.0435554825	0.0295577988	0.0729886138	0.031683563	-0.0113130064	-0.0090041927	-0.0535691192	0.0030250433	-0.0414750069	0.0427593086	0.0390143504	0.0200789962	-0.0619870988	-0.1320536821	-0.0243680493	-0.0594480363	-0.0026411588	0.0192613065	0.0488987607	0.0907669213	0.00621565	-0.0640086196	0.0226449763	-0.0346916881	0.0020475767	-0.1183381621	0.0496051077	0.0651664224	-0.0673429947	-0.0694668774	-0.0566404708	-0.0426169907	0.0809318967	0.0070459305	0.013916036	0.0011072721	0.0675204934	-0.0288998822	-0.0032564776	0.0828344703	-0.1730244889	-0.062710928	-0.0397128221	0.074866018	0.0012668148	0.0718709578	-0.1081086023	-0.051304324	0.045421711	-0.0382882812	0.0774484055	-0.0069381608	-0.0925004937	0.0382927635	-0.0307305259	-0.017779775	-0.0151361855	-0.1053629719	0.0896353516	0.0163145064	-0.0121817009	0.0237756058	-0.0765164107	-0.1273295715	-0.0680218089	0.0517545958	0.0159558317	-0.0045501855	0.0655550392	0.1450624686	0.0265528821	0.0034297601	-0.0242820424	-0.0337500866	-0.0535391081	0.0217750992	0.087813243	0.0271378411	-0.0556357505	0.1053676189	-0.071661744	-0.0682851268	0.0002317861	-0.0564512727	-0.021477758	-0.0854986288	0.0678407186	0.0758005945	0.0404517517	-0.0462096799	0.0429567794	0.0998590021	0.1282405423	-0.075126976	0.0631501653	0.0711515515	-0.0154923147	-0.0193301688	0.0805951869	-0.0600769476	-0.0715934408	0.0216185594	0.0275485897	-0.0203521067	0.1639629139	0.0128937799	-0.0648618483	-0.0764611723	0.0055166942	0.0684578352	-0.1048318124	-0.0469775822368916	0.0045191286951506	0.0022068932328239	2.0422524163334453e-05	0.0725520882268142	-0.0181684042566417	0.0003300909132327	0.0052638055060714	0.0995804180705164	0.0045596128873484	0.0099162596630988	2.079006968247368e-05	0.0020961481039381	4.949982475569966e-05	2.4502326508449767e-09	4.393836873643291e-06	0.0010342035312189	-6.491932999855288e-09	1.0695769439856425e-06	4.214519407461008e-17	-0.0002840842039491	-2.5000214300000337e-08	8.070383493339386e-08	6.250107150459413e-16	0.0	0.0	0.0
4265.04553157349	3.891678540368957	18190613.386394992	15.145161861568258	3823.5303026176543	4.358766836949144	18.998848338887644	14619383.975035451	4241.238295725191	3.2117946136786486	10.31562464045518	17988102.281125925	4116.437146891276	3180.777834766111	1.059133	13.22146	0.0988056444750825	0.0506159017645714	-0.055455249	0.0141351685	-0.0945854339	0.1058722526	0.0402731469	0.0635805101	0.051455788	-0.0713560884	0.061581236	-0.0211741062	-0.0239317302	0.0440363652	0.147231107	0.0307138541	0.000331418	0.0891181203	-0.0296509816	-0.0023921513	0.0626308736	-0.0465355342	0.057191901	-0.0899541682	0.0524459965	0.0350631909	0.0750245459	0.1029613292	-0.0153925737	-0.0797758645	-0.0499778305	-0.0520348334	0.0215957529	0.0351719443	0.0294205418	-0.0332251356	-0.018071749	-0.0008852906	0.0693199022	-0.1038963231	-0.0094707593	0.0196662223	-0.0254507072	-0.1079174861	-0.0007750505	-0.0183421529	0.0051324245	0.0617938294	-0.1958294458	-0.0621525553	-0.0337803173	-0.0375561787	-0.0015310858	0.0699476222	0.0243873303	-0.0130873251	0.0645438211	0.0596952939	-0.0852987388	0.0032784428	0.0763275467	-0.0392503819	-0.0556345837	-0.031170555	-0.0172312749	-0.1145095136	0.079367758	0.0449807624	0.0672468945	0.0533358673	-0.0221643224	0.0338533485	-0.1146020721	0.0259925649	-0.1094583479	-0.0411933888	0.0331141865	-0.0377863835	0.0598593429	-0.0377464235	0.0040717725	0.0686199324	-0.0632083338	-0.0933424244	0.0597157022	0.0504773356	0.0227086408	0.2418355768	-0.0820935961	0.0021022311	0.0162644776	-0.0386492413	0.055286075	-0.0299396489	-0.059516091	-0.0076721356	-0.0812264674	0.0147931816	0.1097082787	-0.0123817116	0.0014008207	-0.1053124707	-0.0221666419	-0.0017048068	-0.0573884453	-0.0029779986	-0.0435115014	-0.0451630175	-0.0222102527	0.0270802157	0.0509541892	0.1341051235	0.0395858858	-0.0463462346	-0.0386645242	-0.0777158551	0.0091870219	0.0641690889	-0.1038078519	-0.0327966613210577	0.0141809209158339	0.0010756209938081	0.0002010985180211	0.0878887285618077	0.0153366403349935	0.0002352125367649	0.0077244286082111	0.0593947988734413	-0.0401856191970751	0.0035277421332165	0.0016148839902523	0.001959085010946	-0.000137063092992	1.8786291460561023e-08	3.838014080113289e-06	0.0005902228212455	-0.0004439807099734	3.483629787189975e-07	1.9711887082848437e-07	-0.000283078726371	1.0054775780999996e-06	8.013356532382749e-08	1.0109851600618409e-12	0.0	0.0	0.0
4263.369897307576	-1.6756342659136862	18176322.88126841	2.807750193104098	3825.923909099929	2.393606482274663	5.729351991987286	14637693.75822248	4246.334509015194	5.0962132900031065	25.971389897204286	18031356.76245331	4120.065931640625	3219.1786512046588	1.04881	13.0926	0.0511316602170214	0.0274004219511119	-0.0588857772	0.0400363566	0.0850346612	-0.0667333376	0.0518214019	-0.1305423916	-0.0608392782	-0.0158370418	0.0429532534	-0.0289660843	0.0599572703	0.0639312835	-0.013743574	-0.0570619344	0.0465898765	0.0466893455	-0.0867985528	0.0557248707	-0.0817354665	0.0097072629	-0.081258931	0.1058389924	-0.0961554022	-0.0020851247	-0.0195004671	-0.0197837151	0.0648837665	0.0551494386	0.0015267281	0.0950836982	-0.0218121492	-0.12839726	0.2423055702	-0.017298124	-0.0913797802	0.0142532322	-0.0247117888	-0.0446892627	0.0481382656	0.0752169724	0.0137964231	-0.0122960995	0.0190290238	0.0394817628	0.000620445	0.030937133	0.1029878243	0.0315430213	-0.1024668482	-0.0643641749	-0.0874349604	-0.0782771752	0.1081858436	0.0472474442	0.0905938174	-0.1416892657	0.0052288912	-0.0482694562	-0.0221110887	0.0398130942	0.0784066295	-0.0049343693	0.1219294186	0.0344695593	0.0203259423	0.0202231169	-0.0026273257	0.0441571463	-0.077092159	-0.1420486681	0.0034256033	0.1418995637	-0.0306645402	0.0666990199	0.1503364549	0.0792466414	-0.090626679	0.0109890761	0.0428037106	-0.0126296721	0.1516210871	-0.0875377817	-0.0426854707	-0.0040067538	-0.0058918	0.0727511971	0.0590271931	0.0226081664	-0.0759704378	-0.0572733484	0.0129355597	0.038071757	0.0912309688	0.0527649676	0.0282117763	0.0201340265	0.0546188498	0.0891094042	0.0583615493	-0.0332548291	0.0222730953	0.0200485119	0.023608078	0.0040522162	0.0145750981	-0.0625299187	-0.0940615167	0.162298254	0.0365859998	-0.0045512655	0.1440084832	-0.0156456409	0.0142407569	-0.0789468648	0.0128461567	0.0597044597	-0.10227815	-0.0330309492056528	-0.000234287884595	0.0010910436054264	5.4890812868046086e-08	0.0706774313583054	-0.0172112972035023	0.0002962287514272	0.0049952993034079	0.0777999574641654	0.0184051585907241	0.0060528333814259	0.0003387498627497	0.0018311095370942	-0.0001279754738517	1.63777219075927e-08	3.352962136837336e-06	0.0007677414337328	0.0001775186124872	5.894269090700953e-07	3.151285777941615e-08	-0.0002832029707959	-1.242444249000257e-07	8.02039226676234e-08	1.5436677118738123e-14	0.0	0.0	0.0
4258.367317329762	-5.002579977814094	18133692.209302276	25.025806434426457	3822.7212339606417	-3.202675139287294	10.257128047808887	14613197.632573573	4240.056714026757	-6.277794988437563	39.41070991685178	17978080.938163377	4114.167682454427	3172.890789091672	1.032709	12.891603	0.0454516422041063	0.0244465624075526	-0.0539274067	0.0076189866	-0.0926537196	0.0845287916	0.0192480668	0.0764225622	0.0251673534	-0.0537422776	0.0595551601	-0.040557319	-0.0117923901	0.0578132995	0.149035782	0.0353169226	-0.0055675026	0.0933520466	-0.0512972816	-0.0429379863	0.0033294479	0.161585768	0.0331961043	0.0494140674	0.0163913675	0.0794504787	0.0669712536	-0.0009349382	-0.0476990128	-0.0997654781	0.140210212	-0.0106966595	0.0063873736	-0.0048405383	0.0436831953	-0.0958665983	0.03602642	-0.0034653029	0.0117954417	-0.0293965486	-0.0634991537	0.0002607827	-0.0246655764	0.0050120112	0.0272919028	-0.004549497	-0.0674408133	-0.1523043469	-0.0934469058	0.0636028349	0.053527269	-0.0596377059	-0.0271617952	-0.1209984775	0.103656223	-0.0249985031	0.0614198151	0.0583676244	-0.0866376406	-0.038491418	0.1138122356	-0.0221244561	0.1190886991	-0.003640467	0.0387171295	-0.0232667151	0.0132554129	0.0081754976	-0.0639201552	0.0770177265	0.0062409527	-0.1069843834	0.0050381162	-0.0588445532	-0.0482438699	-0.0620703538	-0.0505264955	-0.0954202101	0.0325767638	0.006780302	-0.0183713576	-0.0218584221	-0.0566533805	-0.1135608149	-0.0470505973	0.0517720815	0.0437499128	0.0751680596	0.0962972867	0.0041936226	0.153733733	-0.0385717799	0.0656588053	0.0302801905	-0.0787755796	0.0077589734	-0.0625352136	0.0108525839	0.1235478911	0.0033571306	-0.0073749547	0.0289304971	0.0016552009	-0.0445272202	-0.0884551107	0.0656370321	-0.0438546156	-0.0412112686	0.014519747	0.0935840095	0.0131435191	0.0779484263	0.0194107238	-0.0339455338	0.021530747	-0.0801538266	0.0164896405	0.0550761846	-0.1002501592	-0.0330266950229116	4.254182741199319e-06	0.0010907625841364	1.809807079551816e-11	0.0605030930796743	-0.010174338278631	0.000103517159408	0.0036606242722077	0.0580780659469013	-0.0197218915172641	0.0033730617441326	0.0003889530050187	0.0018851949126316	5.4085375537399945e-05	2.9252278470215803e-09	3.553959858612066e-06	0.0008560750854371	8.833365170430002e-05	7.32864551906138e-07	7.802834023416585e-09	-0.0004518071080636	-0.0001686041372676	2.0412966289679355e-07	2.8427355103785413e-08	0.0	0.0	0.0
4263.048612540399	4.681295210636563	18173583.472882617	21.91452484912882	3823.290020824904	0.5687868642621652	0.3235184969571867	14617546.583339294	4233.949768237373	-6.106945789383644	37.294786874470624	17926330.639957305	4107.116837727865	3207.706964983879	0.975496	12.177391	0.0660090800881708	0.0344570357830696	-0.0362118191	0.0292003798	0.0606141231	-0.0101927227	0.0454532291	-0.0660251382	-0.0287424624	0.0177216422	0.0547246933	0.054824743	0.0075061357	0.0256643263	-0.0250853714	0.0160121314	-0.0757806452	-0.0143880901	0.0073266594	0.0121979484	-0.1001835185	-0.0699613461	-0.068744729	-0.0046262494	-0.0891676558	0.0423185351	-0.003788587	-0.0321259506	-0.0703543337	-0.0468458262	0.0896247677	0.1902987552	0.0303851685	-0.0536566888	0.0923358564	0.0309208956	0.0379410936	-0.0173985803	0.043870058	-0.0155027803	0.0579828131	-0.0135840773	-0.1286159817	0.1223665608	0.0724110755	0.077908196	0.0119234385	-0.0152266404	-0.0204746478	0.0782985562	-0.0288951153	0.0064127958	-0.0108409339	0.0393284175	-0.0442219903	-0.0845618063	0.0069092186	-0.0478705889	0.0657071956	-0.0220554021	-0.0947838632	0.0263098802	0.0598927917	0.0119608514	0.0355594003	-0.0611231802	0.0674707077	-0.1010226245	-0.0947147928	0.1125213152	-0.0405435102	-0.0744257275	0.0950134468	0.0260840894	-0.1081657408	0.1477762859	0.0213810884	-0.0424885002	-0.0460395078	-0.0400223648	-0.0490732887	-0.083554149	0.0282694978	0.0151537752	-0.0470766903	0.0178647578	-0.0786195435	0.0365251968	0.0282127913	-0.1301090105	0.0213094192	-0.0316558215	0.0348791825	0.0042658762	0.1033426553	0.0194950244	0.0287006956	0.0024833667	0.0345980381	0.1569824653	0.0930920097	0.0118382539	0.0128547409	-0.0107239969	-0.0354825696	0.0951463396	0.0894689257	-0.0163862161	0.0100929749	0.0697226446	0.1176635298	0.0374830028	0.1233191236	0.0079449734	-0.0438249853	-0.0813363727	0.0201130341	0.0502969496	-0.0977337597	-0.0330222435187721	4.451504139496576e-06	0.001090468567013	1.9815889103955152e-11	0.0378775819813768	-0.0226255110982975	0.0005119137524591	0.0014347112167559	0.0778905677098151	0.0198125017629138	0.0060669405381572	0.0003925352261054	0.0020566000682884	0.0001714051556568	2.9379727385731864e-08	4.229603840883852e-06	0.0007247092273894	-0.0001313658580477	5.252034642633411e-07	1.7256988660608463e-08	-0.0002832458073117	0.0001685613007518	8.02281873596567e-08	2.841291211117247e-08	0.0	0.0	0.0
4279.4685901023	16.41997756190176	18313851.41367217	269.61566313335726	3820.527216329992	-2.762804494911961	7.633088677105738	14596428.210718198	4238.408475304184	4.458707066811257	19.880068707632645	17964106.40353034	4112.968979329427	3213.5179477653664	1.14574	14.302604	0.0848145203177423	0.0499059319545665	-0.0165673802	0.1069906767	-0.1041155423	0.1061450346	0.0628669686	0.1130944541	0.0883402921	-0.0824582728	0.0746134565	0.105261947	-0.018047861	0.0311038847	0.0975676227	0.0052981855	-0.0445936325	0.0717256619	0.0677917774	-0.0468103597	0.0463391939	-0.0075840089	0.0393996723	-0.0472497816	0.0494098392	-0.0346909133	0.1351704042	0.1414171368	0.0198351279	0.0065173436	0.0764239211	-0.0111895431	0.0757648372	0.1038586125	-0.0217938831	-0.0590425073	-0.0225923222	-0.0163957718	0.0943558917	0.0257462455	0.0641420049	0.0168215382	-0.0766764785	-0.0382115789	0.0423169025	-0.015428057	0.0781479901	0.022547538	-0.0839166834	0.0442876931	0.0650775951	0.0027233017	0.012520851	-0.2221543442	-0.0692774007	-0.0629469106	0.0205941663	0.1310819799	-0.0284627386	0.0370390934	0.0373231028	-0.0262713127	-0.0519355757	-0.082834782	0.019784912	-0.1521047868	-0.0229959144	0.0382380186	0.0566282093	-0.0373445798	-0.1089386962	-0.0463479244	-0.0633873918	-0.0495970305	-0.0965527239	-0.0133230853	-0.0165220524	-0.1186582114	0.0471339981	0.0291018605	-0.1294795436	-0.0157850065	0.0147948496	-0.012692319	-0.0121471452	-0.0516411799	0.0308784365	0.0458346428	-0.0972654	-0.0467990811	0.0097567609	-0.0093584037	0.0862841751	0.0300179673	0.025785413	-0.0584062318	-0.1150387064	0.0518652344	0.0981648025	-0.0334245488	-0.0697345285	-0.0958374651	-0.0268633329	-0.022904724	-0.1183573812	0.1390319345	0.0603591694	0.0275088214	-0.0724545297	-0.0182447591	0.0915689081	0.1322009302	0.0456816035	0.0792266395	-0.0954954136	-0.082494143	0.0237119231	0.0453798541	-0.0947412111	-0.0329007399660383	0.0001215035527337	0.0010824586903128	1.4763113326934881e-08	0.0649344799492723	0.0270568979678955	0.0007320757276451	0.0042164866862824	0.038773971861687	-0.0391165958481281	0.0015034208939308	0.0015301080707457	0.0021166500080761	6.004993978769987e-05	3.6059952685063802e-09	4.480207256688554e-06	0.0010342005184378	0.0003094912910483	1.0695707123370142e-06	9.578485923480543e-08	-0.0002840950354553	-8.49228143599964e-07	8.070998917034817e-08	7.211884398822412e-13	0.0	0.0	0.0
4291.386133494789	11.91754339248837	18415994.946751352	142.02784051184318	3851.927499231589	31.40028290159717	985.9777663003354	14837345.459336525	4249.372983389319	10.964508085135094	120.22043754899283	18057170.751959044	4122.525849934896	3321.416494140245	1.142784	14.2657	0.0302418364962018	0.0152829545617875	0.0079630935	0.2287881182	-0.0635122911	-0.1072612907	-0.0221855077	-0.0722320238	-0.007855857	-0.1764269898	-0.022976281	0.1263147466	0.0119694333	-0.1026421138	-0.0065674094	-0.0257882234	0.0681970149	0.0306850775	-0.0309378194	-0.1423419177	0.0357951082	-0.0898296404	-0.015688163	-0.0646714695	-0.1283468994	-0.0649670719	-0.1494433008	-0.026766242	-0.1272435553	-0.0204496864	0.1726831488	0.0041531554	0.1135036795	-0.0545641598	-0.1011901035	-0.0210086958	-0.1223801592	-0.0279504778	-0.087644814	0.0870433748	-0.066770634	0.0154102025	0.0063744208	0.0591591376	0.140021731	-0.0921746069	-0.0199565053	0.0752103039	0.0018725615	0.0198109065	0.1137231613	-0.0519844207	0.0444717793	-0.1271035248	-0.027908972	0.0724940116	0.0419660419	0.012287519	-0.0678308553	0.0403892205	-0.1889730341	-0.0679184854	-0.1046515443	0.0728440678	0.0089180076	0.0030682465	-0.0288384349	-0.1542217907	-0.0247763899	0.0690417094	-0.064462475	-0.1419511029	0.1191909336	-0.1652972039	0.1001380574	-0.0796830557	-0.0270115686	0.0558944207	-0.0282268705	0.0681036493	-0.0819156576	-0.0747302726	-0.0822926481	0.0897683523	0.1055161185	0.0089472019	0.0409052432	-0.0525782653	-0.0329788303	0.010387961	0.0196889895	-0.0244359813	0.1138058079	0.208514835	0.0332872835	0.0420736249	-0.0046569557	0.0966460467	0.0037297565	-0.006991779	0.0199130212	0.0287479449	0.1168127461	0.0050239091	0.0106072301	0.0905623524	0.1138745159	0.0368837707	-0.0385679661	-0.061397259	0.0750392196	0.0664707206	0.0342745314	0.0046246304	-0.0555793195	-0.0836267848	0.0272819228	0.0403383756	-0.0912870929	-0.0330776101487089	-0.0001768701826705	0.0010941282931499	3.128306151793018e-08	0.0532534115324381	-0.0116810684168342	0.0001364473593587	0.0028359258398432	0.042071661695374	0.003297689833687	0.0017700247178099	1.08747582392026e-05	0.0019621282718771	-0.000154521736199	2.3876966957953386e-08	3.849947355299414e-06	0.0008872224452383	-0.0001469780731994	7.871636673346283e-07	2.1602554001437562e-08	-0.0002838706835936	2.2435186169999025e-07	8.058256500389778e-08	5.033375784825155e-14	0.0	0.0	0.0
4281.156850309752	-10.229283185036364	18328303.97695412	104.63823447966772	3834.804402993495	-17.12309623809415	293.200424779034	14705724.809218297	4249.599323404492	0.2263400151723544	0.0512298024682216	18059094.409479912	4123.806552408854	3300.2476705711224	1.084723	13.540915	0.0653344173429776	0.0287589930086674	0.0299974006	0.2051282871	0.0802497242	-0.0078215495	-0.0265777464	0.0210035813	-0.1091926602	-0.0586451825	-0.0515747089	0.0541838553	0.0851691305	-0.026161434	0.0448984004	-0.0494276765	0.0829447352	0.0277143014	-0.1081953114	0.0108286841	-0.0626960656	-0.0099098226	0.0620392664	-0.092781846	0.0169572938	0.1121170532	0.05982331	0.0688665317	0.0322548065	0.043497176	-0.017532256	-0.0109328429	-0.0168861766	0.1018206887	-0.0480317256	-0.1132376356	0.1066805512	-0.0700753784	-0.0482911263	0.0193419006	-0.0015186128	0.0896450103	-0.0797617763	0.0629501133	-0.0215152616	-0.0115977014	-0.0827983189	-0.0514447284	0.0781238005	0.0780056701	-0.0846405275	0.0400764724	-0.0343306056	-0.0603197549	-0.1534277556	0.0902759362	0.032644477	-0.0481360998	-0.0616117246	-0.1207951989	0.028953169	-0.0210064619	-0.0334361725	-0.0683672814	-0.0066543702	-0.0817905079	0.0701684308	-0.005213207	0.053502671	-0.11108573	-0.0097332667	0.0981162805	0.0430149418	0.0300739957	-0.0843468325	-0.1723603379	0.0036672909	-0.0424409867	0.1054306803	-0.0251293976	-0.0136828047	-0.1380378834	-0.0919851665	-0.0544801875	0.0452378119	-0.0068147808	-0.0290509779	-0.0862917423	0.0501094552	-0.0470839274	-0.0145752733	0.0105717067	0.1065253434	0.0916001727	0.1098709338	-0.0584805147	-0.0502422366	0.1751103638	0.0277792399	-0.0579155313	0.0452089285	0.0786756374	0.047165714	-0.0879065136	-0.0148443294	0.0702210852	-0.0653876494	-0.0066038764	-0.0410764121	0.0464578718	-0.0509468316	0.056516444	-0.1003636513	-0.0614920284	-0.1406038308	-0.0847339531	0.0308186837	0.0351863325	-0.0873882332	-0.0502804519161372	-0.0172028417674282	0.0025281238448909	0.0002959377648751	0.0651905733173379	0.0119371617848997	0.0001424958314788	0.0042498108494432	0.0290912033952395	-0.0129804583001344	0.0008462981149831	0.0001684922976815	0.0022791487796623	0.0003170205077852	1.005020023563861e-07	5.194519159836151e-06	0.0010341725664499	0.0001469501212116	1.069512897197573e-06	2.1594338124103955e-08	-0.0002841791644071	-3.084808134999877e-07	8.075779748311758e-08	9.516041229761421e-14	0.0	0.0	0.0
4265.341166293685	-15.81568401606728	18193135.264879573	250.1358608960861	3838.3784152939024	3.574012300407503	12.773563923464131	14733148.85899413	4246.147069879384	-3.4522535251080626	11.918054401621044	18029764.93904528	4121.678321777344	3231.519014751928	1.098229	13.709505	0.0762082886207911	0.0455846158155098	0.0089688151	0.0669700234	-0.0650158236	-0.087004664	-0.0742280217	-0.0297303998	-0.0077588327	-0.0994941933	-0.1405151497	-0.084403644	0.0693169156	-0.056401926	0.0420021285	-0.001121114	0.0655593883	-0.0199742434	-0.0556995978	0.0585048579	-0.082087154	-0.0422260416	0.1072808449	0.052345306	-0.0624165444	-0.0385475039	-0.1066604878	-0.0576401438	-0.0171730625	0.0170891958	0.1003859974	-0.0886038904	-0.0163108748	0.0153534818	0.1335961845	-0.0531871804	0.0576775174	-0.034615197	-0.1172513724	-0.0768647386	0.0134027921	0.0306392472	0.0447575987	0.0199147767	-0.0497670036	-0.0906590909	0.1239329435	-0.0558977599	-0.0996237169	0.1032626648	-0.0553095244	-0.0742373131	0.0143297054	0.034086852	0.0337572519	0.0957693842	-0.0093945697	-0.0905855025	-0.0760496139	0.0029469767	0.05133831	0.1054744583	-0.0980532438	0.068783964	0.0079773352	0.0458367332	-0.0580169117	-0.1465359085	-0.0268224086	-0.0291013496	-0.0245027497	-0.0850384441	0.0052723372	-0.0171885045	-0.0116177719	-0.1767197515	0.0135426751	-0.008926045	-0.0469016952	-0.0094872197	0.0381613469	-0.0932520421	0.0399136693	-0.0406088067	-0.0010376717	-0.0439882336	-0.0402714642	0.1009062474	0.0536982759	-0.0827362767	-0.0766336835	0.0030015456	0.067231831	0.1273413908	-0.0391976044	0.0669129799	-0.0045211398	0.0211485679	-0.020192481	0.0093220085	0.0519210993	0.1989549694	0.103070952	-0.0899302172	0.0231674583	0.0584459351	-0.0050163149	-0.1187510661	0.0078166571	-0.0745893532	0.0252530092	-0.1095043721	0.0356885774	0.0389593862	-0.1083534352	-0.0858153105	0.0343178967	0.029937846	-0.0830636267	-0.0422461062567123	0.0080343456594248	0.0017847334938534	6.455071017511965e-05	0.0518819561333572	-0.0133086171839806	0.0001771192913497	0.0026917373722236	0.0688716870757701	0.0397804836805305	0.0047433092806627	0.0015824868818569	0.0025801517236784	0.000301002944016	9.060277230635943e-08	6.657182917200618e-06	0.0010341340643811	-3.8502068800110735e-08	1.069433263113373e-06	1.4824093018884601e-15	-0.0002848345602593	-6.553958521999907e-07	8.11307267181088e-08	4.295437230809521e-13	0.0	0.0	0.0
4258.295599018145	-7.0455672755397245	18133081.408617307	49.64001823415626	3807.271998675221	-31.10641661868158	967.6091548549896	14495320.071896411	4240.312428307911	-5.834641571472275	34.04304226755246	17980249.489662535	4112.477168131511	3197.75893461789	1.047137	13.07171	0.0451672742745853	0.0231893457379232	-0.0043048772	-0.0061566478	0.1124408008	0.0101843121	0.0155652259	0.0124711556	-0.0675211952	0.0758155332	-0.0053674377	-0.0151425046	0.0964668763	0.0703772695	0.0096423606	-0.0985165168	-0.0027488099	0.0079079757	0.0052898188	0.1274517882	-0.0926843011	0.0694245493	-0.0068663016	-0.0143020839	0.0498232594	-0.1657834144	0.0730601604	-0.0919998231	0.0061807682	0.0608116287	0.0126783485	0.0442143125	-0.1205746765	0.1454766212	0.0140526488	-0.1076801063	0.0114398672	-0.0567815539	0.0491830343	0.0184772146	0.0992009859	0.064083915	0.0394745049	-0.0480979947	-0.0654489455	-0.0755476256	0.0298551344	-0.0841896316	-0.0549850472	0.0385299421	0.0221330422	-0.0214639882	0.0140405739	0.0135570447	-0.1034964517	-0.0024324698	0.0024860565	-0.0552707808	0.0501364394	-0.065676351	0.1103227547	0.0554982965	0.0060259551	-0.0948418236	-0.04297167	0.002913215	-0.2197588742	0.0144961216	-0.0159339907	-0.0333721861	-0.0097868252	0.0817343429	0.0266548773	0.0045197735	-0.0710672134	-0.1378446467	0.0888646425	-0.0701052965	0.0102448761	0.0189031958	-0.013560457	-0.0096931369	0.0255370126	-0.075824206	-0.0340006773	-0.0482126176	-0.0825763288	0.0127716954	-0.0402675972	-0.0415836163	0.0055143958	0.0127365583	-0.0092722809	-0.0378464904	0.0967259819	0.005022257	-0.0326813845	0.0378802967	0.0798287323	0.0232394925	0.0915959858	0.1117158056	0.0305363585	-0.1026365066	-0.0952626564	0.0551511573	-0.0891276074	-0.0503946089	0.0662130383	-0.0691312779	0.0651739289	0.0201517879	-0.0424956775	-0.0275853307	-0.1844151256	-0.0868705278	0.0377752987	0.024607302	-0.0783343427	-0.0463182773710002	-0.0040721711142878	0.0021453828186169	1.658257758404074e-05	0.0653199976856484	0.0134380415522912	0.0001805809607611	0.0042667020976531	0.0779585357786913	0.0090868487029212	0.0060775333007574	8.257081934978074e-05	0.0024731129987978	-0.0001070387248805	1.145728862406474e-08	6.116287904822647e-06	0.000770650108802	-0.0002634839555791	5.939015901965344e-07	6.942379484760916e-08	-0.0002839529826173	8.815776419999815e-07	8.062929633726069e-08	7.771791388742476e-13	0.0	0.0	0.0
4256.100715846751	-2.1948831713943946	18114393.303431228	4.817512136070316	3805.221527707529	-2.050470967692036	4.204431189347913	14479710.87492882	4237.117178609725	-3.195249698186672	10.209620633762016	17953161.985269636	4110.99903499349	3182.2029492743154	0.930562	11.616471	0.0523577529517389	0.0253189337344658	0.0210050988	-0.0123251516	-0.0529250839	0.0721904832	-0.028082057	0.0737652575	0.051614783	0.030047527	-0.003330524	-0.065284185	0.0787139342	0.0671189507	-0.0333920464	-0.0149716585	-0.0411549387	-0.0440762254	0.0936781052	-0.0281321466	0.0348529646	0.1426180643	-0.0465580794	0.067086461	-0.0281300184	-0.0063924005	-0.0296010674	-0.1074157777	0.0666762586	-0.0141760537	0.0380438529	-0.0665104607	-0.1334653884	-0.0357143369	0.0897346808	0.0263347664	-0.0901973939	-0.133370431	-0.108511427	0.1219527761	-0.0065522354	0.0969132591	-0.0726894808	0.1065873733	-0.0312158118	0.0188696414	-0.0267716987	-0.0116399182	0.0275146407	0.0016391636	0.0612895871	-0.0926484367	0.1028963877	0.0711504781	-0.044485861	-0.0370108995	-0.0701635437	0.0813762373	0.0143877931	0.0311126907	0.0499960429	0.0255548533	0.0784197713	0.0059804474	0.0347039306	0.1602836322	-0.035013731	0.0273055916	-0.0972979424	-0.0152963299	-0.0116873545	-0.0774170319	0.0023097499	-0.033263017	-0.0745316187	-0.1309134415	0.063771911	0.1222271027	-0.0476421741	0.1130466471	0.0620036445	-0.1092432918	-0.0687987145	0.0251272241	-0.0727148386	0.0102246881	-0.0233445531	-0.069222335	-0.0650849931	-0.0940574084	-0.0288641517	0.0115178418	0.0561307075	-0.0002710353	-0.11956231	0.0083544478	-0.0374507571	-0.0158035849	0.0475378237	0.0983955277	0.1066397003	0.1046673568	0.0308079713	-0.0444599918	-0.0104119157	0.0882635983	0.0282381788	-0.0789148274	0.0459266918	0.0482701457	0.0289167076	0.0383227542	0.0299606861	-0.0281225754	-0.0255678913	-0.0878992835	0.0411866773	0.019209311	-0.0732234215	-0.0328974545019917	0.0134208228690085	0.0010822425127106	0.0001801184864813	0.0537835181682311	-0.0115364795174173	0.0001330903596557	0.0028926668265524	0.0824733434153444	0.0045148076366531	0.0068018523741053	2.038348799598116e-05	0.0022791487796623	-0.0001939642191355	3.762211830484432e-08	5.194519159836151e-06	0.0010341725664499	0.0002635224576479	1.069512897197573e-06	6.944408568478933e-08	-0.0002841791644071	-2.261817897999908e-07	8.075779748311758e-08	5.1158202037127235e-14	0.0	0.0	0.0
4250.533855744238	-5.566860102512692	18067038.05882798	30.98993140094762	3805.897601731745	0.6760740242161773	0.4570760862198563	14484856.554867448	4229.7351206433095	-7.382057966415232	54.49477981951459	17890659.190803472	4103.411197672526	3183.30552074275	0.989471	12.351846	0.0609165306915811	0.0376409824671647	-0.0217372754	-0.0538675155	0.106876171	-0.0191953151	0.0162241836	-0.0193347161	-0.0240270979	0.1007468935	0.024590907	-0.0304494157	0.0467085314	0.0821634741	-0.0203260316	-0.1356619295	-0.1152232052	0.0142729635	0.0465524109	0.0756571783	-0.0215115336	0.0393131745	-0.1396889721	0.0302612446	-0.0243107162	0.000605765	0.0896922556	0.029514652	0.0478824028	-0.0402129875	-0.043529374	-0.1640746234	0.0657743811	-0.0269912973	-0.0690552711	-0.04039888	-0.1421801758	-0.0245329145	0.0396318335	0.1135712078	-0.1170115131	0.0717445805	-0.002806955	0.1062964246	-0.0248609352	0.0253158976	-0.0222406589	-0.0153939833	-0.1072335649	0.0702270296	0.0632879008	-0.0823900122	0.0002538117	0.039663582	-0.0274262158	-0.1150449585	-0.0101912398	-0.0527405926	0.0763405592	0.0258846325	0.0131342649	0.0525529974	0.089024615	-0.1404279922	0.0284489523	-0.0486965197	0.0045003864	0.1089881713	0.0327883048	0.0646700987	-0.0647706074	-0.0082071949	-0.0239111178	-0.1913168619	0.0797149252	-0.0681645986	0.01232783	0.0951236803	-0.0843208875	0.028041964	0.0233061288	-0.0353248199	-0.0711014665	-0.0560986699	0.0211153757	0.0810948258	0.0409563629	-0.0375941141	-0.0832108677	-0.079039324	-0.0717024575	-0.0021860412	-0.0477381357	-0.0278200203	0.0973142218	0.0402341406	-0.01122661	-0.0256177781	0.0969284577	0.0702558085	0.0893546765	0.0450283097	-0.071655446	-0.0959257562	-0.1040800799	0.0790115536	-0.0277976304	-0.0686651177	-0.0073961945	-0.0446104841	-0.0243583312	-0.0664018803	0.0442620786	0.0509994653	-0.0414724136	-0.0889012643	0.0445478763	0.0137586687	-0.0677557633	-0.0394703443491266	-0.0065728898471349	0.0015579080830386	4.320288094256908e-05	0.0576055360262302	0.003822017857999	1.4607820506864023e-05	0.0033183977808693	0.1137383826365265	0.031265039221182	0.0129364196847729	0.000977502677502	0.0022798475473026	6.987676403002151e-07	4.882762151307309e-13	5.1977048389416815e-06	0.0010332401896258	-9.323768241000646e-07	1.0675852894579592e-06	8.693265421189228e-13	-0.000667679695248	-0.0003835005308409	4.457961754464622e-07	1.4707265715525212e-07	0.0	0.0	0.0
4257.57224759964	7.038391855401642	18126921.44353065	49.53895991018417	3809.275603883295	3.378002151549936	11.410898535875994	14510580.62634044	4236.179822791747	6.4447021484375	41.53418578207493	17945219.491027918	4110.366471354167	3165.474951590786	0.983821	12.28132	0.0553526822459972	0.0286891821443538	-0.0076353444	-0.0491213629	-0.0770160792	0.1020598062	0.0066487569	0.090311885	0.0859508394	0.0283515309	0.0565640625	-0.0562268825	-0.0276269447	0.0326047951	-0.0184285914	0.0785051077	-0.0642906993	-0.0210953807	0.0577228929	-0.0786943689	0.0502770593	0.0438031031	-0.0356641365	0.0184373527	0.1360527549	0.057249693	0.0244320032	0.0415597828	0.0021917675	0.0485363571	0.0630529586	-2.40311e-05	0.0190097587	0.0595915972	0.1267192248	-0.0669242604	0.048970708	0.039638857	-0.0322944528	0.0186077247	0.1024303114	-0.1100432541	-0.0734654861	-0.0900480225	0.006529816	0.0617554508	-0.0674000647	-0.0991745943	-0.1143308772	0.050977245	0.0978842611	0.0178191546	-0.040317932	0.0432610129	0.0853779273	-0.0757631705	-0.0404237029	0.0972227628	-0.0020663903	0.034825489	-0.023420811	-0.021937151	0.1016542093	0.0030024488	-0.0542385006	0.0189350998	0.0090499606	-0.0159329432	0.0807847782	-0.108779474	0.0155473599	-0.0357694798	-0.0927445765	0.1191832523	0.0148292021	-0.0561955055	-0.0191497838	-0.1169832634	0.02749902	-0.0054673929	-0.1169000648	0.0629719368	-0.024609123	-0.0318695822	0.0566854937	0.0348087321	0.0230923809	0.0393273939	-0.0308032807	-0.129830593	0.0537544155	-0.00986364	0.0290787172	-0.0563778115	-0.1064103442	-0.0309193165	-0.0372860613	0.0014513522	0.091680031	0.0839386691	0.0851803317	0.0337757345	-0.1116220226	-0.0413575983	-0.0351659646	0.0749904065	0.0848155005	-0.0816438466	0.0622159815	-0.1125325743	-0.009194372	0.0609281115	-0.0561801414	-0.0765480762	-0.0449633397	-0.0898761648	0.0478548005	0.0082703149	-0.0619580057	-0.0417091360009465	-0.0022387916518199	0.0017396520259454	5.012188060258478e-06	0.0399934198708535	-0.0176121161553766	0.0003101866354704	0.0015994736329663	0.1346889858906621	0.0209506032541356	0.0181411229202549	0.0004389277767121	0.0021507801529147	-0.0001290673943879	1.6658392294081725e-08	4.625855266171781e-06	0.0009839047557782	-4.933543384759995e-05	9.680685684429597e-07	2.4339850329309108e-09	-0.0005550590997902	0.0001126205954578	3.080906042599072e-07	1.2683398521269454e-08	0.0	0.0	0.0
4263.653670632914	6.081423033274405	18178742.623101525	36.98370610964046	3805.860116905425	-3.415486977869932	11.665551295999082	14484571.229451375	4235.294640919519	-0.885181872227804	0.7835469469207202	17937720.695401598	4107.746735107422	3193.758658613962	0.973872	12.157123	0.0254586504020553	0.0133138363289765	-0.0140222442	-0.0157786372	-0.0203462213	-0.0532697612	0.0503576699	-0.0423348846	0.0965824174	0.0844375229	0.0764310107	0.1272566996	0.0421463253	-0.0314981448	0.0650191801	-0.0676559635	-0.0645274362	0.014770232	0.0155536123	-0.0091472139	0.0374753872	-0.026380294	-0.0627897432	0.0271418708	-0.1770597915	-0.0735790859	-0.0490460623	0.0500534112	-0.0541722913	0.0632689774	0.0226765825	-0.0119895479	-0.0980947088	0.0581805241	0.0056075206	-0.0589831433	0.0599898657	0.1579904409	0.0754941666	-0.0595256758	0.0119632096	-0.1202567805	-0.0504383919	-0.0566775433	-0.0244102799	-0.0419897651	-0.0063804024	0.1108479292	0.0116422477	0.1959079822	-0.0706471944	0.0243005273	0.0917578791	0.014114483	-0.0382131561	-0.0814641126	0.0136354772	-0.0379535717	0.0348924542	0.0601577086	-0.0777811897	-0.047468409	-0.0418638225	-0.0213403837	0.1883845236	0.0179480768	-0.0459049961	-0.1100919175	0.0492764311	-0.0139830777	0.0909240659	-0.0129355476	-0.0161773867	0.0065373194	-0.0042091959	-0.0298657935	0.0834562675	-0.0878704052	-0.0655896968	-0.1889030152	-0.0219175794	0.0155627787	0.0394000179	-0.010160784	0.1270329744	-0.049559872	0.0182259826	0.0126369417	-0.0882925871	0.0047416658	-0.100505749	-0.0125193242	-0.0433240938	0.0308835076	0.0607554737	0.0571736997	0.0129078173	-0.0005861609	0.0967453021	0.0914696962	-0.0339424492	-0.0498726072	-0.0715279328	-0.0665679315	0.0127438977	0.0784482378	0.116572778	-0.0661054774	-0.0156201332	-0.0376154968	-0.039787069	0.0232237284	-0.0366907745	0.037026541	-0.097003957	-0.0908236882	0.0511034211	0.0027592926	-0.055858395	-0.0389048955554756	0.0028042404454709	0.0015135908981824	7.863764476014846e-06	0.0522040774573469	0.0122106575864933	0.0001491001586945	0.0027252657031726	0.1347392103069182	5.022441625610053e-05	0.0181546547941319	2.522491988266054e-09	0.00227977389756	0.0001289937446452	1.6639386157616822e-08	5.197369023995913e-06	0.001033901492065	4.999673628679983e-05	1.0689522952942331e-06	2.499673639331806e-09	-0.0005261790216456	2.888007814459996e-05	2.768643628199208e-07	8.340589136382e-10	0.0	0.0	0.0
4271.783001914139	8.12933128122495	18248130.015442576	66.08602707990248	3836.258483157215	30.398366251789867	924.0606707779572	14716879.149595696	4244.687863361491	9.393222441971377	88.23262784435468	18017375.057368334	4117.471121988932	3239.749975733533	1.011908	12.631936	0.028913201938849	0.0156285638285478	-0.0001520689	0.0792842401	0.01715741	0.076584929	-0.0264833447	0.0403767853	-0.0800053482	-0.0336447895	0.0710997407	0.0520358269	-0.1435593273	-0.0719544851	0.1020507785	0.0307715667	0.0337569161	0.0560799875	-0.0553326486	-0.0602082944	-0.0140738348	0.0183672508	6.02601e-05	-0.1568956832	-0.0381712723	0.0724806082	-0.1120771275	0.0215066845	-0.0830269865	-0.0646098272	0.0162770756	-0.0980928213	-0.077103472	0.0729671716	-0.1452014471	0.016261423	0.1926565639	-0.0604421021	0.000117727	-0.1129629284	0.0762997485	0.0107854587	-0.0441750898	0.0552116532	0.0907459162	0.0657549759	-0.2067863081	0.0931297522	0.1077024807	0.0979397392	-0.0544117075	0.0245861793	-0.0654605773	0.0186777873	0.0320701934	0.0127763643	0.0539882365	0.0526359254	-0.020495012	-0.0921805463	-0.0072023846	-0.1606374894	-0.0684642323	-0.0123028967	-0.0226048282	0.0291136978	0.1308896659	-0.096245894	-0.0422127125	0.0530119622	0.0976792017	0.0690848767	-0.0020178626	-0.0609555697	-0.0835120771	-0.088926133	-0.0390275049	0.0316719905	0.1568101299	-0.171278882	0.0006319591	-0.0288705599	0.0988318172	0.0730215021	0.1936446105	0.0790423055	-0.060274929	-0.0630369998	0.0058769528	0.0267542153	0.0152306264	-0.0081498073	0.0433561302	-0.0067231427	0.0460728442	-0.0966848154	-0.0326762526	0.0923027809	0.0502640496	-0.0710247759	-0.0483330177	0.0338616118	0.0050511313	-0.0444921193	-0.0549991458	0.0907485226	0.1107029539	-0.0274175179	-0.063850739	-0.0210904229	-0.1034144855	-0.0891137412	-0.0190600978	0.0073302971	0.0124417134	-0.0917435458	0.0542897799	-0.0027592926	-0.0494866478	-0.0329372346701148	0.0059676608853607	0.0010848614277142	3.5612976442665226e-05	0.0608202319590702	0.0086161545017233	7.423811839756674e-05	0.0036991006155551	0.1347346018601882	-4.608446730003379e-06	0.0181534129384234	2.123778126327884e-11	0.0021568580486702	-0.0001229158488897	1.5108305908300134e-08	4.652036642113423e-06	0.0010332586229886	-6.428690763999548e-07	1.0676233819802977e-06	4.13280649391331e-13	-0.0006891158657801	-0.0001629368441344	4.7488067646985684e-07	2.654841517651033e-08	0.0	0.0	0.0
4270.97280090097	-0.810201013169717	18241208.666035872	0.6564256817412361	3836.72038117063	0.4618980134150661	0.2133497747967845	14720423.283290103	4243.166950813528	-1.5209125479623251	2.3131749785492524	18004465.772476174	4118.517220377604	3250.655479550532	0.976636	12.191628	0.073373144567343	0.0422845381188978	-0.0137976316	0.0913263968	-0.06657852	-0.0293362952	-0.1026541302	-0.0068584536	0.014066361	-0.1383026163	-0.026950749	-0.0095395341	0.0584396748	-0.0489857498	0.0221120696	-0.1424219115	0.0279791646	0.0804515956	-0.0481301737	0.0144281855	0.0464341469	-0.1134277852	0.1732201961	0.0356265702	0.0730899331	0.0007675431	-0.011376106	-0.0117051416	-0.0436160975	0.0822170154	-0.1157961042	0.0016790948	-0.0118374428	0.1195445074	-0.0558254617	0.1352082717	0.0290638892	-0.0470823388	0.1236608238	0.1348234353	-0.1233544677	0.0238351496	0.0597765987	-0.0485102786	0.0426375557	0.0147457344	-0.1309695499	0.0495815339	0.0751750117	-0.05661977	0.0107440694	-0.0357377178	0.0467380091	-0.1855949111	0.0229858561	0.0321924398	0.0661000313	-0.0106780778	-0.1183587408	0.0542828281	0.049731752	0.0892054057	-0.101295728	0.0572693954	-0.0273656532	-0.1123501247	-0.0095320015	0.0156484442	0.039848393	-0.0319153083	0.0508749826	0.1792116618	0.0447120296	-0.0421126599	-0.0182365246	0.059812035	0.0703852692	-0.0043578329	-0.0497430686	-0.0633502891	0.0362817543	0.0841609645	0.0388538643	0.112666547	0.0097497793	0.132477013	0.0743970875	-0.1032331532	0.0718226312	0.1749736373	0.0039195991	-0.0445575597	-0.0010364307	0.1338156611	-0.0477236435	0.0081030393	-0.0081433938	0.0196150659	0.0364263781	0.0641811869	-0.0658809952	0.0666753218	0.0482080462	-0.1351125886	-0.0354635155	0.03619404	0.0437350166	0.0460715577	-0.06047223	-0.0794822756	-0.1379943998	-0.1463014201	0.0141596608	0.0315608337	0.0477408244	-0.0926354574	0.0574099951	-0.0082703149	-0.0428738067	-0.0330184649045577	-8.123023444289723e-05	0.0010902190246535	6.598350987648048e-09	0.0464936762228234	-0.0143265557362467	0.0002052501992637	0.0021616619287127	0.1704936673907866	0.0357590655305984	0.0290680906203601	0.0012787107676216	0.0019789606027098	-0.0001778974459603	3.16475012792334e-08	3.916285067077535e-06	0.0013078082369417	0.000274549613953	1.7103623846125576e-06	7.537749052179624e-08	-0.0007007946671877	-1.1678801407599996e-05	4.911131655587192e-07	1.3639440231815964e-10	0.0	0.0	0.0
4267.563185748348	-3.409615152621882	18212095.544354588	11.62547548898874	3826.481506104488	-10.2388750661421	104.8345626200664	14641960.716559667	4239.48475295066	-3.682197862868634	13.558581101314337	17973230.970501117	4114.078469319661	3243.373831389469	1.027689	12.828933	0.0678590626311046	0.0360918790426171	-0.0323726343	0.0752396944	0.0720825396	-0.0604488097	-0.0161579439	-0.1313226266	-0.0653817153	-0.0202940273	0.0440368181	-0.0403925729	0.0392749193	0.0170047052	0.0453200234	0.0584253074	-0.0135410461	0.0674844775	-0.0305803175	0.023886693	-0.0918996079	-0.0938402938	-0.0495540746	-0.0015738103	0.0252218006	-0.0039069059	0.0360490702	0.063309814	-0.0807358588	-0.1307075713	0.0493928664	0.0434222387	0.1192318965	0.0147951127	-0.1177610539	0.0016652756	-0.1199209844	-0.0423139267	-0.0197509563	0.006622554	0.1705413698	0.0475439964	0.0796720094	0.0749602914	0.0405549484	0.0084068322	-0.030257318	-0.0186976145	0.0832272005	-0.034658028	-0.0057208426	-0.0068344169	0.0234649418	0.0741194549	0.0138134885	-0.0204457473	0.094460087	-0.0853131935	0.0157566827	-0.0240639643	-0.063274512	0.0493490507	0.0530870897	-0.0277375996	-0.0602691964	-0.1260561057	0.0277661414	-0.0117908143	-0.0561354732	0.1183053977	-0.0758382462	-0.0584938877	0.0227494708	-0.0572758793	0.1113499254	0.0150364361	0.0649663006	0.0290174314	0.1852950375	0.038264454	-0.1075172693	-0.025131592	0.072954463	0.0661791017	0.0133293893	0.0052814846	-0.1291756996	-0.0236102706	0.0133952803	0.049207322	-0.0173622281	-0.044114059	0.0086999557	0.0414015769	0.0680270152	-0.0039696212	0.0690170252	0.0769104972	0.0437903653	0.0245191451	0.0856900832	0.0182398924	-0.1227564007	-0.0316359768	-0.0420051668	0.0411429745	-0.046318716	0.0247584347	-0.0864559288	-0.0086251201	-0.0851685084	-0.02489619	0.0773658124	0.0972575927	0.0914039999	-0.0934991514	0.060460265	-0.0137586687	-0.0360520886	-0.0331348933061406	-0.0001164284015829	0.0010979211544093	1.3555572695149178e-08	0.0708033431365748	0.0243096669137513	0.0005909599054575	0.0050131133993155	0.185169818765587	0.0146761513748003	0.0342878617816803	0.000215389419176	0.0019117017334124	-6.725886929740007e-05	4.5237554991647464e-09	3.6546035175319753e-06	0.0013997294290339	9.192119209220002e-05	1.959242474503568e-06	8.449505555651136e-09	-0.0002848384097579	0.0004159562574297	8.113291967340935e-08	1.73019608095006e-07	0.0	0.0	0.0
4273.137691746344	5.574505997996312	18259705.73262327	31.075117121696856	3815.365414805621	-11.11609129886665	123.56748576473883	14557013.24849487	4241.182124119179	1.6973711685195667	2.8810688837214795	17987625.80994807	4115.162381429036	3223.192452486345	1.065849	13.305297	0.0452416279951311	0.0246699653329967	-0.0412223044	0.092306105	-0.0499428118	0.0883204664	0.0127853413	0.1035691267	-0.0140160139	-0.0266275277	0.0606202847	-0.0031282583	0.0593065786	-0.0245230757	0.0396541623	-0.0253325088	-0.0225254397	0.0257225942	-0.0102463302	-0.0749448886	-0.077074005	-0.0260064139	0.08540724	0.0195834662	-0.0761625369	-0.0424886376	0.0799537477	0.0442191943	-0.0133392293	0.0683439829	-0.090508256	-0.1813359111	-0.0495636408	0.0236698129	0.0703093364	-0.0008992776	-0.0450269908	-0.0526360092	0.0580823323	0.0653641636	0.0692106426	-0.1506326868	-0.0357775787	-0.0079901901	0.0153719245	0.0158977324	0.0090969972	0.1521591995	-0.0419862261	-0.0285549238	0.0104640006	-0.0248045041	0.0525287033	0.0322251145	0.062878113	-0.0215295131	0.0152293251	0.0668167867	-0.0702078419	-0.0885253204	0.0097321448	0.0619257096	-0.0551197849	0.0571876187	0.0982363001	-0.0448905471	-0.0021162786	-0.025445799	0.0691226005	0.0351411774	-0.0151653511	-0.0155740232	-0.1892605392	-0.0388397632	-0.1070715193	-0.0245427895	0.0458680682	0.0204260779	-0.0859657039	0.0055402461	0.0307243378	0.0288403141	0.0226155662	0.1583495736	-0.0445899886	-0.0036134451	0.0618408093	-0.0019820012	-0.1642804277	0.062546061	0.0320043627	-0.0485093234	0.0388396225	0.0291495186	-0.032805415	-0.0610851401	-0.0568199407	0.0725341155	0.0459167464	0.0431469346	-0.0866420267	-0.0958711716	-0.0823788682	-0.0434398945	0.0740620452	-0.0526715528	-0.0125740691	-0.0244049898	-0.0731039407	-0.0571171596	-0.0148854771	0.0703637988	0.0277625158	0.0589738128	-0.0012030706	-0.0943343646	0.0634368734	-0.019209311	-0.0290547284	-0.0328653871925865	0.000269506113554	0.0010801336753186	7.26335452430351e-08	0.0709062286642137	0.0001028855276389	1.0585431797535226e-08	0.0050276932633817	0.1968796255280551	0.0117098067624681	0.0387615869480672	0.0001371195744143	0.001787237509111	-0.0001244642243014	1.5491343130949225e-08	3.194217913973292e-06	0.0010340914738826	-0.0003656379551512	1.0693451763566882e-06	1.33691114247224e-07	-0.0004579248221346	-0.0001730864123766	2.0969514272700505e-07	2.995890614943704e-08	0.0	0.0	0.0
4269.251827584993	-3.8858641613505824	18226511.167337805	15.099940280468866	3836.14476177322	20.77934696759894	431.7812603998632	14716006.633280115	4240.329135527909	-0.8529885912703321	0.7275895368373457	17980391.177606862	4115.561649251302	3248.142411059709	1.030054	12.858457	0.0297180380701586	0.0194051071736338	-0.0262694331	0.0810432648	-0.0734185139	-0.1335919848	0.0068196533	-0.1324973644	0.0612140417	-0.0659582586	-0.0046641505	0.0330993247	0.0001256714	-0.050719364	0.0364320914	0.0208674485	-0.0062858039	0.054725002	-0.0528429667	0.0210593824	0.0507489289	-0.0619702761	0.0135675107	-0.0465515585	-0.0111823403	0.0100027985	-0.0337419391	-0.1021845857	0.0163729437	-0.0227897305	0.0883424612	-0.0459956664	0.03806543	0.0453801565	-0.0691397941	-0.1348152865	-0.0779402042	-0.0170074044	-0.0164647209	-0.0301150471	0.1713642909	0.0804716291	-0.0180566936	0.1309629848	-0.0466079232	0.0704353537	0.0821427229	-0.053291996	0.0479309281	0.1275959159	-0.0169548261	0.0107619067	0.065598415	0.0491152083	-0.0021247491	-0.0014421829	0.0572977363	-0.0661421536	-0.0627123959	0.0810747396	-0.0357091699	-0.0410964837	-0.060173453	0.0400662639	-0.0514040159	0.0212412704	-0.0116280165	0.0375969588	-0.0265014517	0.0317533385	-0.0375157745	-0.0110626385	0.061375064	-0.0982132843	-0.0061364031	-0.1309165058	-0.0301342111	-0.0209440064	0.132621488	0.0603475821	-0.0265885546	-0.0218798562	0.0861945916	-0.0330265615	-0.1000516709	-0.089375183	-0.0696929578	-0.0873674377	-0.0778301533	-0.1500784164	0.1354450719	-0.0394649772	0.009803961	0.1041123377	-0.0055455279	0.0708693753	0.0554543908	0.0921672749	0.042029803	-0.0929758394	-0.0733775917	0.0104140968	-0.0646456025	0.0031973179	-0.0043918814	-0.0112031747	0.0284289459	0.0468523596	-0.025673946	-0.0603362867	0.0140710761	0.0545446268	-0.0296139332	-0.0312121193	0.0293877328	-0.0951408427	0.0663361938	-0.024607302	-0.0219158165	-0.0330042322037797	-0.0001388450111932	0.001089279343361	1.927793713324112e-08	0.0707942068684559	-0.0001120217957577	1.2548882724801544e-08	0.0050118197261337	0.1832904492025875	-0.0135891763254676	0.0335953887688863	0.0001846657132046	0.0017413791215004	-4.585838761060005e-05	2.102991714244036e-09	3.0324012447975046e-06	0.0010338666249125	-2.2484897010000698e-07	1.068880198107964e-06	5.0557059355033843e-14	-0.0007294014843087	-0.0002714766621741	5.320265253117347e-07	7.369957810519041e-08	0.0	0.0	0.0
4263.631377813291	-5.620449771702624	18178552.52587406	31.58945563623208	3818.565805625156	-17.578956148064208	309.01969925556443	14581444.811889697	4242.21885554352	1.889720015610692	3.571041737399674	17996420.81832897	4114.126291748047	3236.034047697889	1.066964	13.319222	0.0813515459912743	0.0420858853227285	-0.0292593753	0.0832648657	0.1071847052	0.0185747805	-0.0089409953	0.0068899321	-0.1167346921	0.0138407605	0.0423961708	0.0495841624	0.063440667	-0.0595895876	0.0206635545	-0.1030514731	0.0001559998	0.0084668432	-0.0137702576	-0.0044603424	-0.0836413838	0.0118297332	-0.0617455352	-0.0760447954	-0.0489489379	-0.103535693	0.0638375797	0.0362282945	0.0339960656	0.0853151783	-0.0334516571	-0.0416601708	-0.0592880348	-0.0841274108	0.0992169308	0.1326272592	0.0444118904	0.0404000859	0.0822487339	-0.0726017329	0.005298296	0.029478121	0.0723721369	-0.0457530499	0.0727012412	0.0468279056	-0.1194418786	-0.0838935214	0.0333537883	-0.0211118305	0.163407445	-0.1908608165	-0.0411420868	0.0239160027	0.0407505389	-0.001754445	0.0143321564	-0.0165670604	0.0297791294	-0.1125820449	-0.0360781366	0.0055428254	-0.0723388502	-0.0571416435	0.0245498412	0.0214196096	-0.0709641318	-0.0328435759	-0.0627425231	-0.1090039541	-0.1049599868	0.0266728218	-0.1097290504	0.0500391207	-0.0207745876	0.0763404902	0.0399248484	0.1045718834	-0.0172214153	-0.1168977226	0.0630082158	0.0034973989	0.0258985031	-0.0802508486	0.0545607714	-0.0124579124	0.0708009009	-0.0157830155	0.048806295	-0.0482591913	0.0575406316	-0.0441867772	0.0139499569	-0.0125828498	0.0432550003	-0.076202169	-0.0021963331	0.1108377657	0.0038502816	-0.0019489175	-0.0568322253	0.1071252001	0.0078623617	-0.0361048912	0.0512294142	-0.0584981382	0.0517884934	-0.0108144773	-0.0532327851	0.0365129608	-0.0812223542	-0.0441631716	-0.0258265984	-0.0799826009	0.1249766024	-0.09591834	0.0691546937	-0.029937846	-0.0146701329	-0.0331819587138966	-0.0001777265101168	0.0011010423840907	3.1586712398331224e-08	0.0542871834624207	-0.0165070234060352	0.0002724818217273	0.0029470982882825	0.2135660370033747	0.0302755878007872	0.0456104521613268	0.0009166112166831	0.0015159847890455	-0.0002253943324549	5.0802605102790014e-08	2.2982098806173288e-06	0.0014429895057797	0.0004091228808671	2.082218713790343e-06	1.6738153164907714e-07	-0.0006760945321441	5.330695216460002e-05	4.571038163951494e-07	2.841631149078955e-09	0.0	0.0	0.0
4254.866884630179	-8.764493183111881	18103892.205922525	76.81634075681464	3816.9638397095214	-1.601965915634537	2.5662947948548003	14569212.953650054	4237.724193811639	-4.4946617318801145	20.20198408402755	17958306.34281651	4112.67763680013	3173.90444763965	1.068554	13.339062	0.0245148247791227	0.0118233861304169	-0.029732351	-0.0248162867	-0.0720419913	0.0151497284	-0.0705331031	0.0308716596	0.0905215564	-0.0313688451	-0.0068756022	-0.0539349675	0.0646939472	0.0101977508	0.1023077038	-0.0778376865	-0.0366912657	0.0458668481	-0.0223848882	-0.0096439155	0.0059670208	0.035832839	0.0075949149	0.0902398551	0.0241813825	-0.1104724827	0.0512684029	-0.0807682311	-0.050851307	-0.1410880822	-0.0095730766	0.0368106943	0.0547880447	0.0442181867	-0.0460176541	0.1013081475	0.015248457	0.0232977781	-0.0511964988	0.0301018122	-0.002746744	-0.0352857406	0.0240524398	-0.0414899224	-0.0962444806	-0.0308423952	2.72273e-05	-0.0501805627	0.0450588004	-0.0229536738	0.0242425807	-0.1121428387	0.0785014445	0.0633515249	-0.0435348376	-0.037428581	0.0014390682	0.0299243003	-0.0949549512	0.0475850593	0.0616099137	0.060908487	0.0124078138	-0.0478195442	-0.0222357779	-0.0170733388	-0.106417602	0.0369406467	-0.1740815379	0.0972173207	-0.0212822911	0.0277620743	0.0419696486	-0.0084717025	0.0512238425	0.0638977352	-0.0075741888	-0.0305799656	0.0108947753	-0.0082235651	-0.01155651	-0.017031277	-0.0275689621	0.0239699047	-0.0734813425	-0.0524289461	0.023018226	-0.0443737385	-0.0199592477	0.0890500502	0.0187790309	-0.0380850193	-0.0031571435	0.0358819387	-0.105724891	0.0274458282	-0.0119646184	-0.0159079977	0.0498399511	0.0330964561	-0.0382259266	0.0770416264	-0.0349292085	-0.0643761414	-0.099892946	-0.0404228224	-0.0312764768	0.0165423098	-0.0316025921	0.0612348771	-0.1404173339	-0.0102374415	-0.0055816371	0.1159379856	0.033576416	-0.0966666195	0.0718889393	-0.0351863325	-0.007352978	-0.0380200447423391	-0.0048380860284425	0.0014455238022094	2.340707641861056e-05	0.0605659452186557	0.0062787617562349	3.942284919155921e-05	0.0036682337202292	0.21560925446785	0.0020432174644753	0.0464873506121821	4.174737607136896e-06	0.0015158709409578	-1.1384808769982976e-07	1.2961387072908131e-14	2.297864709640286e-06	0.0013420843697262	-0.0001009051360534	1.8011904554633715e-06	1.0181846481975333e-08	-0.0005500183256859	0.0001260762064581	3.025201585903208e-07	1.5895209834890662e-08	0.0	0.0	0.0
4261.1486233438745	6.281738713695631	18157387.5902254	39.46024126714244	3809.665963830226	-7.297875879295589	53.25899234960436	14513554.755966485	4239.97180244168	2.247608630040304	5.051744553831652	17977360.885500547	4112.304805419922	3193.204894542016	1.020096	12.73415	0.038031858650044	0.0177565873982639	-0.0267358904	-0.0227418664	-0.0020563073	-0.0841657136	0.0267930321	-0.1002243499	0.026752322	0.0708142974	0.0452323079	0.0186788939	-0.0014217577	-0.0084559012	0.0424490357	0.0268263743	-0.0128599915	0.0443893074	0.019719712	0.03851773	0.0468166655	0.0199784466	-0.0114324307	0.0104198289	0.0436097909	-0.0293872893	0.0715942913	-0.0120266865	-0.0020649412	0.1033023965	0.0783645937	-0.0146420977	-0.0453109583	-0.0950168718	0.0050548298	-0.1106780209	-0.0153952836	0.0747059134	0.0019304159	-0.1179165946	-0.0056156597	-0.0694733821	-0.0800402481	0.1058602948	0.0051338038	0.1819760992	-0.0379033482	0.0712929492	0.09230053	-0.0365112431	-0.0853230213	0.0622923833	0.1247850592	0.0267500135	0.0848226438	-0.0343483259	0.0651587685	-0.0583524313	0.0668899611	0.0381163969	-0.0241715172	-0.0587514272	0.0545804731	0.0054845952	0.0090073076	0.0131564148	-0.084096336	0.044649246	0.0632305933	-0.0681316255	0.0742880134	-0.1514711816	-0.011214093	0.0443336569	0.0451108909	0.0704555505	-0.0358564113	0.0053973531	0.1174318186	-0.1025677378	0.1167935001	-0.0850653036	0.0163287849	0.0548962326	-0.0330378705	0.0127906696	0.0592146809	-0.0492629589	-0.0909610505	-0.068944587	0.0650104895	-0.0281763646	-0.0165771192	-0.0122935727	0.034656373	0.0352060344	0.078921076	-0.0088827206	0.0304624339	0.0364268013	0.0281006511	-0.002175703	-0.1154301754	0.055763718	-0.015186602	0.0263952428	0.0993485092	-0.0257820991	-0.0274210649	0.0398427476	-0.0453078625	0.0473534784	0.0395067791	0.0889503905	0.0750083273	-0.0973854535	0.0745355992	-0.0403383756	-0.0	-0.0328821932045997	0.0051378515377394	0.0010812386299446	2.639751842385112e-05	0.058992314318047	-0.0015736309006086	2.4763142113505428e-06	0.0034800931485992	0.226529268984521	0.0109200145166709	0.0513155097066614	0.0001192467170443	0.001611267264289	9.53963233311999e-05	9.100458505110834e-09	2.596182196969358e-06	0.0010946100182147	-0.0002474743515115	1.1981710919759855e-06	6.124355465603755e-08	-0.0004848817666281	6.513655905779998e-05	2.3511032760838725e-07	4.2427713258902645e-09	0.0	0.0	0.0
4272.329138005367	11.180514661492452	18252796.263449684	125.00390809584768	3811.933522988126	2.267559157899996	5.141824534576137	14530837.183680665	4246.244450416885	6.272647975205473	39.34611262084932	18030591.9326962	4118.160510253906	3201.114190135538	1.085154	13.546284	0.0687808427924663	0.0325017324841124	-0.0203095385	0.0452236343	-0.0025838554	0.0995953551	0.0742288656	0.0873243904	-0.0547585075	0.0063072279	0.0549699318	-0.000314704	-0.0442730305	-0.0526791768	0.0633035712	0.0425646687	0.0541621465	0.0734852722	-0.0395236752	-0.0053522357	0.0408536187	0.0736840062	0.020193684	-0.0879046662	-0.0695233754	0.0031184657	0.1201632925	-0.0129535449	0.0058733624	-0.0211540592	-0.2250316087	-0.0133477812	-0.0357910931	-0.072356789	-0.1063793538	0.0549260523	0.0486993812	-0.0062136939	-0.0174631843	-0.0080325835	-0.0205958305	-0.0238929781	-0.030226914	0.1242187979	0.1053087347	-0.1349907738	0.255584073	0.0078752917	-0.0213078152	0.0247558119	0.0401490221	0.0920997265	-0.0253038434	0.0368662895	0.0625264478	0.0307180318	0.0566830731	0.0720668757	-0.0176791677	-0.0949479039	0.0546150656	-0.1263076762	-0.0692750176	-0.019160305	0.0667519394	0.007542668	-0.0284186236	0.0996381982	0.034811233	0.0868769683	0.048153181	0.1658034768	-0.0452048311	-0.0023402798	0.013283439	0.0261872886	-0.1393997154	0.1122880851	-0.1240671259	0.040064199	-0.0041447592	-0.0274718307	0.0738890825	0.0836387057	-0.0350963055	-0.067415368	-0.0548794665	0.0709072678	0.0308885555	-0.043811385	-0.0932038649	-0.0195205602	0.0131973704	-0.0296316473	0.0154956223	-0.0701757738	-0.0711123603	0.0625406473	0.0578169016	-0.06776157	-0.1287256781	-0.0774671384	-0.0038733018	0.0288822372	0.0078798549	-0.0136736039	0.00673193	-0.021524443	-0.0359541501	-0.0503058949	-0.105349823	0.000527712	0.0234681635	0.1382774201	0.0615837509	-0.098074623	0.0770914491	-0.0453798541	0.007352978	-0.0371074616134166	-0.0042252684088168	0.0013769637073911	1.785289312654605e-05	0.0799756979286598	0.0209833836106127	0.0004403023877501	0.0063961122591762	0.2094438362006343	-0.0170854327838866	0.0438667205224381	0.0002919120134127	0.0015159649911204	-9.530227316859995e-05	9.082523271102448e-09	2.2981498543026744e-06	0.0012859494395738	0.0001913394213591	1.6536659611401706e-06	3.661077416603528e-08	-0.0007279752318834	-0.0002430934652553	5.2994793823569e-07	5.9094432849829756e-08	0.0	0.0	0.0
4270.457382340595	-1.8717556647716265	18236806.25438729	3.503469268604673	3833.726389364417	21.792866376291386	474.92902489489165	14697458.02850913	4248.934043620703	2.6895932038178216	7.2339116020230145	18053440.507038977	4123.406596761068	3232.8363866032782	1.036331	12.936811	0.0393397075443572	0.0211437037808365	-0.0157904128	0.0539538024	-0.089158046	-0.100738149	0.0369341643	-0.0538268573	0.0184316464	-0.1064215619	-0.0650700533	-0.0491849819	0.0206831048	-0.0719986476	-0.0069779896	0.0483448771	0.0947419517	-0.0098002331	-0.0823158237	-0.0143581515	-0.0097581309	-0.0949791082	0.0814620381	-0.0471742633	0.0330292713	0.0445310032	-0.0984718771	0.0472362612	-0.0479666991	0.0075824179	0.0586667992	-0.1037716525	0.0398439846	0.0378687017	0.0273422067	-0.0719144061	-0.0441664027	0.1755984163	0.0394399105	0.0584837991	0.0186723931	0.0729235517	0.1079250297	-0.133502173	-0.0592236769	0.094558562	0.0961843816	-0.0894405732	-0.0724294571	0.0270728874	-0.0133370676	0.0399083794	0.1038363196	0.1796714995	-0.0135361583	0.105186811	0.0175027175	-0.0522966226	-0.100576392	0.0173483185	-0.0244140362	0.0003183373	-0.0563606919	0.0715168713	-0.0801941391	-0.0537546341	0.0293136961	-0.078429153	0.0750614934	-0.0268858534	-0.0116757133	-0.0458620212	0.0276473698	-0.06136886	0.1337636312	-0.119213283	0.0149422425	-0.06876201	-0.0041968222	-0.0970385654	-0.0102955544	0.0424358604	0.0619975914	-0.0892113423	-0.1293449135	0.0197961433	0.0534102427	0.1142440224	-0.0569000782	-0.1319687087	-0.0345433612	-0.021783618	0.0351263448	0.0801260773	-0.0617796795	0.0604970179	0.033923999	0.0486463592	-0.0187188552	-0.0315449843	0.0079055666	0.0819899238	0.0722676867	0.0677642313	0.006632826	-0.0523811536	0.0338443164	-0.00520756	0.0369014206	-0.1293554582	0.0002304101	0.0248744934	0.0559938762	0.0518400354	0.0708783963	-0.098733918	0.0795533748	-0.0502969496	0.0146701329	-0.0329582776213754	0.0041491839920412	0.0010862480637676	1.7215727799810948e-05	0.0637048447110402	-0.0162708532176196	0.0002647406644293	0.0040583072396577	0.2214099702024157	0.0119661340017813	0.0490223749050346	0.0001431883629485	0.0015160059878455	4.0996725100004086e-08	1.6807314689253053e-15	2.29827415518341e-06	0.0012358820068569	-5.006743271690007e-05	1.5274043348726388e-06	2.506747818861315e-09	-0.0008169375290997	-8.896229721630001e-05	6.673869264515233e-07	7.914290326001301e-09	0.0	0.0	0.0
4266.44366910491	-4.013713235684918	18202541.58164537	16.109893938312293	3814.350122216213	-19.37626714820408	375.43972859857263	14549266.85485084	4249.087433801646	0.1533901809425515	0.0235285476095886	18054744.020091053	4120.46806258138	3220.909315301887	1.045942	13.05679	0.0496172419640457	0.0224672551923084	-0.0163187507	0.0491618956	0.1233619203	-0.0063808382	0.086436049	0.0264725091	-0.0926832314	0.038064379	0.0320822404	0.0128415296	0.0980022633	0.0268348242	0.0028384555	-0.1254986725	0.0912495104	-0.006838918	-0.1105623941	0.0422031714	-0.0619035531	0.0669846448	-0.0241780555	0.0534425545	-0.0201584707	0.0203359127	0.0363585524	0.0608816743	0.033642477	-0.0567888026	-0.0321659047	0.0126739053	-0.0925539788	0.0370008965	-0.0311430973	0.0372341434	0.0117215321	-0.0020905074	-0.0197373412	-0.0407406782	-0.0520811851	-0.1405190477	-0.0427158901	-0.0148927512	-0.0195259011	-0.0143274579	-0.0763925074	-0.0597660788	-0.11170669	0.0442713893	0.0544591393	0.0527518091	0.0819725483	-0.0893704973	0.0305876987	0.0864741813	0.0175466593	-0.0561487833	-0.0285594171	-0.1047743565	0.0519414737	0.0211361102	0.0662835391	-0.1039055562	0.0750285458	-0.0078982807	0.0200775866	0.0213424869	-0.0487615648	-0.0452401513	0.0827362176	0.0532806504	0.0155312983	-0.0222451546	0.0127243433	0.0169351224	-0.0319067395	-0.0540957845	-0.0778765908	-0.0142412304	0.0474988379	0.0401796574	-0.1033030197	0.0186392189	0.046501765	-0.0237649801	-0.0160895573	0.0670594635	-0.0591064837	-0.0480059127	0.1176842495	-0.0144458638	-0.0433434249	-0.0046958805	0.0950056018	-0.0139861204	-0.0193345372	0.0742582096	0.0480931733	0.0268407082	-0.0139918574	0.0070565921	0.0012731515	-0.0158656712	-0.0311532961	-0.1019329989	-0.1576128265	0.0832606069	0.0422293504	-0.0479031144	-0.0521998916	0.0875105593	0.0522134525	-0.0169349864	0.0415909829	-0.0993631376	0.0819183771	-0.0550761846	0.0219158165	-0.0331572023570458	-0.0001989247356704	0.001099400068146	3.9571050461539584e-08	0.0803213916231158	0.0166165469120756	0.0002761096312812	0.0064515259522739	0.2268267021295855	0.0054167319271697	0.0514503527989837	2.9340984770820584e-05	0.0017250115659544	0.0002090055781088	4.368333168063545e-08	2.975664902676451e-06	0.0014578981586377	0.0002220161517807	2.1254670409591963e-06	4.9291171651555206e-08	-0.0007002584912068	0.0001166790378929	4.90361954507224e-07	1.3613997883612802e-08	0.0	0.0	0.0
4255.570869931152	-10.872799173758722	18109883.42900658	118.21776187288836	3812.823970718688	-1.5261514975250066	2.32913839339782	14537626.631687025	4240.466530052777	-8.620903748868841	74.31998144726083	17981556.392497838	4114.9735222167965	3183.349563707159	1.030571	12.864915	0.0115889150202716	0.0072175757977257	-0.0101018197	-0.0014816464	-0.0699249827	0.0440353532	0.0185841631	0.0714687989	0.046478386	-0.000908211	-0.0190362484	-0.057671439	0.0489150755	0.0216399494	-0.0005798734	0.0893228366	-0.008229688	-0.0217406455	-8.80055e-05	-0.040152761	0.0061762161	0.1505434322	-0.0257515992	0.1000438784	0.0736185199	-0.015334196	0.0039507464	-0.0384826326	-0.0195243712	0.0405316968	0.1442816675	-0.0205101275	-0.0688710072	0.0098734826	-0.0560995186	0.0612116561	-0.0684340088	0.0310409381	0.0175608383	0.1018269663	-0.0385904355	0.0226435422	0.0019785481	0.1049100977	0.0244630856	0.0788403075	-0.0409274098	0.0318908907	-0.005610061	0.0218015229	0.0283242608	-0.0121264928	-0.0408832397	-0.0445849246	-0.150607362	-0.0064440772	-0.0404330345	0.0528924836	-0.0478829759	-0.0020020162	0.0626464933	0.026033622	0.1491467429	-0.0040652562	-0.0359957989	0.0599689956	-0.0745581817	-0.0086336705	-0.0468556115	-0.079517074	0.0407448182	-0.0806254491	0.052114075	-0.0605147937	0.0347962506	0.018977422	0.0778842601	0.0437308373	0.0070681457	-0.048717492	-0.058043446	-0.0336587835	-0.0076276061	0.0044998502	0.0116718832	0.0542949525	0.0509909576	-0.0905851023	-0.0343253265	-0.0634896652	0.0014623265	-0.0069268315	0.0311645727	0.0004392906	-0.1419159082	0.0067339926	-0.0108066696	-0.0018508304	0.0109939794	0.0188721828	0.0521062938	0.0458347102	-0.0124546213	0.0795313575	0.0227418082	-0.0572188574	-0.0771259463	0.0111230713	0.0357030591	0.0267688931	-0.0735658021	0.0824342838	0.0348305295	0.054320423	0.0736238756	-0.0999620903	0.0841835744	-0.0597044597	0.0290547284	-0.0303031680315513	0.0028540343254944	0.0009182819927484	8.145511931100832e-06	0.0802352877647649	-8.61038583508944e-05	7.413874422910888e-09	0.0064377014026946	0.2267848708856092	-4.183124397630356e-05	0.0514313776626024	1.7498529726050324e-09	0.0018160417839549	9.10302180005e-05	8.286500589218556e-09	3.2980077610700955e-06	0.0015388670598242	8.096890118650005e-05	2.368111827811978e-06	6.555962959349209e-09	-0.0007003982838688	-1.3979266199996845e-07	4.905577560463601e-07	1.9541988349037414e-14	0.0	0.0	0.0
4255.152417935255	-0.4184519958971577	18106322.099860243	0.1751020728703149	3817.642129966462	4.81815924777402	23.214658536910303	14574391.432494866	4231.348052323143	-9.118477729633923	83.14663610582983	17904306.339898854	4106.541409179687	3174.844838952272	0.996632	12.441237	0.0325010579832062	0.0230449124717921	-0.0210305335	-0.0447522459	0.063982883	-0.0394933021	0.1291397328	-0.0481507912	-0.0269383956	0.0405132129	0.0416282345	0.066739166	0.0088760225	0.0360088544	0.0198833578	0.040739807	-0.0903742901	0.0053192223	0.0020798177	0.012290037	0.0099546423	-0.098183653	-0.0577746772	0.0750420927	-0.0180353966	0.159559745	0.0592640126	0.0497816645	0.0686764882	-0.167172341	-0.0225866098	-0.0313640331	0.0100232827	-0.2173794392	-0.0476782392	-0.0005866741	-0.1487980872	-0.0004156729	0.0653038043	-0.1361280664	-0.0063293965	-0.0571053112	0.0665667726	0.0665325772	0.0691024534	-0.1322091628	-0.0779064989	-0.0498354529	-0.1612494359	0.1242424433	0.074296923	-0.0708486814	-0.0203714456	-0.0009218275	0.0083116804	-0.0848286914	0.0109536284	-0.0568605315	0.0531942565	0.0263900989	-0.0657007639	0.0624211989	0.0942315501	0.0160429919	0.0337413821	-0.1224028296	0.1770305573	0.1620063354	-0.0130389251	0.1356875725	0.0476050358	-0.1026028523	-0.018454339	-0.0762080262	0.0159892416	0.0798249929	-0.0283726656	0.0812799501	-0.0857037006	-0.0123849151	-0.0285191071	-0.0062248127	-0.0406116191	-0.0517039186	0.1532647375	-0.0658583846	-0.0905428853	0.0724355903	-0.0118273754	0.0301771431	0.0535896261	-0.0089053961	-0.0559613433	-0.0364776544	0.0787223155	0.0626443241	0.0125687553	-0.0484353915	0.0466176989	0.0765530703	-0.0090033989	-0.0826100384	-0.0457449316	0.0561397131	0.0242807231	-0.0334439001	-0.1207253672	0.0127273717	-0.0369743042	0.015942383	-0.0378331478	0.0403031372	0.1160005412	0.1038856724	0.0338222114	-0.1005305936	0.086346207	-0.0641690889	0.0360520886	-0.0303037606057472	-5.925741958998088e-07	0.0009183179068504	3.511441776463049e-13	0.0962670583688662	0.0160317706041012	0.0002570176687025	0.0092673465269946	0.2267758948082701	-8.976077339101218e-06	0.0514273064660915	8.056996439752641e-11	0.0015660686166511	-0.0002499731673037	6.24865843718935e-08	2.45257091205949e-06	0.0016179579349255	7.90908751013e-05	2.6177878791883885e-06	6.2553665242894355e-09	-0.0007002679517225	1.3033214629992566e-07	4.903752042096257e-07	1.6986468359145222e-14	0.0	0.0	0.0
4263.253865853772	8.101447918517806	18175333.524717133	65.63345837645649	3819.4820794945217	1.8399495280596057	3.3854142658067654	14588443.355579795	4235.658226718422	4.310174395279319	18.57760331772144	17940800.61356745	4109.345055175781	3183.029213353207	0.98611	12.309889	0.0300706733433057	0.0220820055900812	-0.0137567434	-0.0088050198	-0.0611885103	0.08257032	0.0794716028	0.1011120539	0.0192796096	0.0155790381	0.0650007134	0.0335401653	-0.1351972714	-0.0429269433	0.0112239341	0.145127676	-0.0504710048	0.0151325726	0.1168157198	0.0024160843	0.074991485	0.00756875	0.0543805196	-0.1043856836	0.0161894387	-0.0832474344	0.0700352959	0.0445290734	0.1358902007	0.0219069786	0.0246282358	0.1115609479	0.0331615077	0.0166829081	0.0117564099	-0.0464023801	-0.076663413	-0.1120447319	0.0219222119	-0.0910062705	-0.1017670188	-0.0842933072	-0.1493402737	-0.0976038964	-0.0293931064	-0.0250969076	-0.0153361849	-0.095609053	-0.0980045823	0.0666182165	-0.0489526835	-0.0381412791	-0.0733983901	0.0099348662	-0.1166484811	-0.0669191919	-0.0052104341	0.1139732787	0.0618192276	0.0215098185	0.0529688039	-0.0750163103	-0.0438179547	0.0063906777	-0.0538992997	-0.0682824134	-0.0251491408	0.0953831084	0.084181066	-0.0190539783	-0.0216697428	-0.0998845517	-0.0305699884	-0.0083935737	-0.1258893679	0.1432552386	0.0593504142	-0.1343918014	-0.0110312358	0.1683172457	0.0121706106	0.0142236127	-0.1619868106	-0.1125851955	0.074938904	-0.0354203849	0.0172527786	0.061574243	-0.0105585652	-0.0098791495	-0.065586493	0.0010793241	0.0214334709	-0.0626095145	-0.0302488591	-0.0585803926	-0.0455889531	0.0015439402	0.0087691811	-0.0866914274	-0.0288313819	-0.0910069572	-0.0650231225	0.073476573	-0.00814221	0.0121129264	0.0224108713	0.0285759487	-0.0024858334	-0.0746363395	0.0435557341	0.0229281756	0.0417264811	0.112005467	0.0229172216	-0.1010684743	0.08840364	-0.0684578352	0.0428738067	-0.032970674398129	-0.0026669137923817	0.0010870653702674	7.1124291759962695e-06	0.0741568251491884	-0.0221102332196778	0.0004888624130285	0.0054992347162073	0.2295667672972712	0.0027908724890011	0.0527009006473194	7.788969249863291e-06	0.0015160693164126	-4.999930023850008e-05	2.499930024339674e-09	2.298466172167768e-06	0.0016179712588022	1.3323876700077966e-08	2.617830994309976e-06	1.7752569031888051e-16	-0.0007002274989928	4.0452729700062376e-08	4.903185503457117e-07	1.6364233401863089e-15	0.0	0.0	0.0
4276.558857947305	13.304992093532746	18288955.66548756	177.0228146089689	3842.299663650087	22.817584155565328	520.6421466963059	14763266.705285572	4246.364427639545	10.706200921123129	114.6227381634577	18031610.852322523	4119.297291097006	3238.621515504666	1.011473	12.626507	0.0155339630686465	0.0095039686364752	-0.0093855817	0.0499213277	-0.0676424753	-0.0869215645	0.0669668986	-0.0713499353	0.0667377089	-0.1164622921	0.0090486303	0.1280555119	-0.1252344563	-0.1612887808	-0.0840322469	0.0265803696	0.0606038714	0.0245676771	-0.0278453693	-0.0855383347	0.1042766584	-0.1616886779	0.0160175713	-0.0296703098	-0.0792265841	0.0345648426	-0.07091691	-0.0412815303	-0.0296237036	-0.0944590894	-0.0073311984	0.0073603592	0.0136748273	-0.0829761074	0.022956016	-0.0281532159	0.0446156873	0.023735426	-0.0846197802	0.0495927687	-0.058771663	0.077289353	-0.0031060505	-0.175700198	0.0015000715	0.1455256791	0.0493974685	-0.0081819989	-0.102867801	-0.0182615045	0.0328523219	-0.0390315414	0.0619958101	-0.0357059696	-0.0046322117	0.0465770345	0.0317923029	0.0156609871	-0.05692423	0.1007742401	-0.1557950723	-0.0649922675	-0.1026538216	0.0400706974	0.0164532105	-0.0276680556	0.0929654542	-0.0117047153	-0.0317650614	0.0827768449	0.0115351841	0.0020807532	0.059792596	0.0145018731	0.0390325455	0.0298716005	-0.1139538399	0.0114088417	-0.0519378489	0.0224522498	0.001042004	-0.039329909	0.0304900754	-0.0832962278	-0.0945519881	0.0566925489	0.1463912721	0.0876513847	-0.0789456349	-0.0166255385	0.1204345226	-0.0083481274	-0.003375875	0.0793929223	0.0082755441	0.0599300464	0.031934392	0.0132923047	-0.0111735767	-0.0052708459	-0.0612022499	-0.0927276288	0.0777676041	0.0513171225	0.0456928797	-0.0177475753	0.0544395158	0.0766828938	0.0197783147	-0.1322868645	0.0430503143	0.0160929582	0.0071431494	0.0407758975	0.0606479391	-0.1015755685	0.0903533669	-0.0725589432	0.0494866478	-0.0331917849640461	-0.0002211105659171	0.0011016945890994	4.888988236018085e-08	0.0668735599552121	-0.0072832651939762	5.304595188578649e-05	0.0044720730210833	0.226692863889383	-0.0028739034078882	0.0513896545383703	8.259320797871447e-06	0.0015160331245275	-3.619188509995652e-08	1.309852547088455e-15	2.2983564346646143e-06	0.00151497204693	-0.0001029992118722	2.2951403029792744e-06	1.0608837646294348e-08	-0.0007001492247328	7.827425999994577e-08	4.902089368939409e-07	6.126859778539108e-15	0.0	0.0	0.0
4277.850966566335	1.292108619029932	18300008.892152525	1.669544683371438	3836.8134320627646	-5.486231587322436	30.09873702973446	14721137.31245725	4249.291825551835	2.927397912289962	8.569658536879627	18056481.01870165	4124.485328450521	3257.5490634858525	1.02443	12.78826	0.1020180832225389	0.0573545199143473	0.0272675492	0.1195064544	0.0603985205	0.0210199405	0.0743394822	0.0056264203	-0.1117897704	-0.0713683561	0.0144798316	0.1140645494	0.0353054146	-0.0212901384	-0.0176406048	0.0460568331	0.0912353939	0.0108366553	-0.0771987287	-0.0231851883	-0.0673923586	0.0389400505	0.0262646991	-0.0672296809	0.0031463637	-0.0121335032	0.0184236881	-0.0013331341	-0.0664210926	0.0391693197	-0.1758656505	0.0075256027	0.0480314263	-0.0377297202	-0.0468721536	0.0098515996	0.0140642863	-0.0582822513	-0.01840969	-0.0644750717	0.0192494056	-0.1252056448	0.0137380182	-0.0107206294	0.0765109696	-0.0065800375	0.1299728335	-0.1495407341	0.0378469859	-0.0119766406	-0.1037040516	0.0644859923	-0.0363965394	0.1188441576	0.0145800787	0.1012503601	0.0366958831	-0.0138696871	-0.0344460144	-0.1217322273	-0.005733056	-0.0289083885	0.0132220929	0.0026744863	-0.0026035313	-0.0351870937	-0.0523168642	-0.0204968602	0.0796853738	0.0663851935	0.0037568266	0.1461524949	-0.0283232021	-0.0081831498	0.0154035217	0.0771293717	-0.001672494	0.0423744231	0.0648910564	0.0150259991	-0.0026216068	-0.0010743975	-0.039159305	0.0191233257	0.0226019076	-0.1302925746	0.0453713847	0.0790904919	0.1449163579	-0.0708882114	-0.1080621121	0.0272133672	0.0465772803	0.0312591678	0.0739617242	-0.0722302874	-0.011679311	0.0841541514	-0.0114694438	-0.0822062802	-0.0306752646	-0.0763221147	0.0586138452	0.111090145	-0.0238278322	-0.0188047557	-0.1197491018	0.0382481493	-0.0058293964	0.0280987009	-0.0645508804	0.0913606267	-0.0734053173	-0.0570086812	0.0195540557	-0.1020517218	0.092193012	-0.0764611723	0.055858395	-0.0330172997145439	0.0001744852495021	0.00109014208044	3.044510229384452e-08	0.0964964307909923	0.0296228708357801	0.0008775144765533	0.0093115611554007	0.1808276683851915	-0.0458651955041915	0.0326986456536247	0.0021036161586377	0.0018439625389089	0.0003279294143813	1.0753770081652789e-07	3.400197844899356e-06	0.0013158558518568	-0.0001991161950732	1.731476622865785e-06	3.9647259140428663e-08	-0.0007002142479395	-6.502320669995575e-08	4.902999930174795e-07	4.2280174095451705e-15	0.0	0.0	0.0
4272.90114177634	-4.949824789994636	18257684.167393558	24.50076545164545	3845.8661197495176	9.05268768675296	81.95115435388867	14790686.211037211	4252.505857323398	3.2140317715629863	10.330000228616308	18083806.06656981	4127.163322428385	3236.756567986218	0.970477	12.114738	0.1124112376609599	0.0603080559985281	0.0345140466	0.1038188064	-0.0845756573	-0.0291909719	0.0294366391	0.0187369786	-0.0111729317	-0.1814911863	-0.0721595617	0.0562886005	0.1069787928	-0.0230514338	0.0093481241	0.0424784789	0.1265019702	-0.035047568	-0.0557767337	0.0297583466	0.0149982279	0.0046899608	0.1282687165	-0.0361261955	0.0298950323	-0.0684398905	0.0104462438	-0.0357412197	0.012466647	0.0812269288	0.038611024	-0.0040849094	-0.0059518505	-0.0454162355	0.0296391852	0.038496754	-0.1078847776	-0.1525306436	-0.0765758266	-0.0408295622	0.0338610769	0.0290316122	0.0513753562	-0.0127881837	0.0005910279	-0.0694298533	-0.0011021377	-0.013001627	-0.0631989063	-0.0290421327	-0.0474386378	-0.005365442	-0.1765011432	-0.049830853	-0.0244158762	0.1476726466	-0.0078215563	-0.014781884	-0.0807583128	-0.0031550386	0.0638634383	0.0195055186	-0.0371508531	0.1035382319	-0.0465158858	-0.0189556405	-0.105050659	0.0266727698	0.0281816822	-0.0649319054	-0.0449786005	-0.0594039368	-0.0233933492	0.0026209149	-0.0179752413	-0.0196599151	0.0751592536	0.1043118759	0.0117888971	0.0937727683	0.026415751	0.051270703	-0.0537077966	-0.0398723263	0.0762683086	0.0238522485	-0.1177607284	0.0741831986	0.0152613676	0.0203398707	-0.0160089932	0.0227402474	0.044884765	0.1210427454	-0.0670340664	0.0152512504	0.0204494896	0.01528875	-0.048742817	0.0005581403	0.0248829043	0.0570002029	0.0959461231	0.0938385846	-0.0098036884	-0.0254594415	-6.83342e-05	0.0310767475	0.0618243128	0.0146217591	0.0505481817	-0.076888354	0.0450081539	0.0331911669	0.0525080496	-0.1024967892	0.0939203342	-0.0801538266	0.0619580057	-0.0440006575794171	-0.0109833578648732	0.0019360578674211	0.0001206341499878	0.0620358556061404	-0.0344605751848518	0.0011875312420708	0.0038484473807859	0.2267392891492363	0.0459116207640448	0.0514107052439009	0.0021078769211814	0.0017250687079736	-0.0001188938309352	1.4135743034471666e-08	2.975862047229706e-06	0.0016178938655149	0.000302038013658	2.6175805600707454e-06	9.122696169453057e-08	-0.0007003960802899	-1.8183235040000658e-07	4.90554669285456e-07	3.3063003651990776e-14	0.0	0.0	0.0
4261.865272049548	-11.035869726792043	18163495.59710197	121.7904206267251	3824.989139632875	-20.8769801166427	435.84829879069457	14630541.91830944	4237.464706406651	-15.041150916747029	226.23622090036	17956107.138042007	4112.119912597656	3222.260257335679	1.026374	12.812525	0.0208591790462173	0.015549713892492	0.0267579455	0.0701761718	0.0921511902	0.0104895533	0.0527465117	0.0292751246	-0.0876767591	-0.026059857	0.0132683125	0.0792307689	0.1098502068	0.0913988051	-0.0032533327	-0.0658287641	-0.0290654242	-0.0110283872	-0.0244164468	0.0569004304	-0.1144133586	-0.0185125238	-0.0420071531	0.0319254767	0.0641727686	0.0467094663	0.0428128222	0.0523304598	-0.0526426836	0.0194743039	-0.1163491554	-0.0027793989	0.0177293147	0.0809534877	0.0337246435	0.1102721108	0.0001787624	0.018526361	-0.0719842172	0.0268951577	0.0463808281	-0.0191522631	0.2274766993	0.1490548086	0.032830801	0.0184110307	0.0177261308	0.1103511231	0.066733143	0.0222552623	-0.0254348295	0.0153926772	-0.0077954781	-0.0139771338	-0.0690646781	-0.0048876932	-0.0041885597	-0.0687527396	0.0172624318	-0.0792617006	0.0375330012	0.1199531543	0.0551335105	-0.0627507607	-0.0286120495	-0.0625162199	0.0180968034	-0.0232427565	-0.0055674229	-0.0061745789	-0.0847283345	0.1372586184	-0.0177686811	0.0092065727	0.0444060163	-0.0582644877	0.016637213	0.038932303	-0.0657342377	-0.0004848241	0.0487522902	0.0527349961	0.0988165921	0.2165266572	0.0801092474	-0.0440208514	-0.0759831007	-0.0140991559	0.0360375481	0.001956874	0.0342750951	0.0244324349	-0.0240375128	0.026709117	0.0971237498	-0.0550002303	-0.0190371727	0.0425438063	0.0161450609	0.0367648326	-0.0274888397	0.0271174318	0.0136419348	0.0025766608	-0.061585244	-0.0314389539	-0.1262829995	0.0729812817	0.0814745395	0.0270373722	0.0312364592	-0.0156341143	-0.1211826272	-0.1173167993	0.0215985986	-0.1029106351	0.0955332289	-0.0836267848	0.0677557633	-0.0456346956386681	-0.0016340380592509	0.0020825254460338	2.670080379080766e-06	0.0707268893492596	0.0086910337431191	7.55340675240364e-05	0.0050022928770224	0.2266674502126591	-7.183893657719542e-05	0.0513781329859082	5.160832808542306e-09	0.0015160693164126	-0.000208999391561	4.3680745672868224e-08	2.298466172167768e-06	0.0016179712588022	7.73932873000989e-08	2.617830994309976e-06	5.989720919115649e-15	-0.0007002274989928	1.685812971000166e-07	4.903185503457117e-07	2.8419653731924055e-14	0.0	0.0	0.0
4260.549954348512	-1.3153177010362924	18152285.91349911	1.7300606546593975	3822.120612763789	-2.868526869086054	8.22844639866864	14608605.97851384	4240.757694646869	3.29298824021771	10.84377155021213	17984025.824706625	4115.893224609375	3198.68723172314	1.025676	12.80381	0.0223572163368145	0.0200737764939351	0.0394133807	0.0285875429	-0.0790314859	0.0832301929	-0.0566418203	0.0441386147	0.0586724177	-0.0305067401	0.0032497338	0.0176990595	0.0217902786	0.105543171	-0.0175433935	0.0564400011	-0.0035849866	-0.0386051285	0.0451836296	-0.0632042844	0.1007481449	0.2001192561	-0.0558151578	-0.0055716918	0.0027520244	0.0668624966	0.0099931478	0.0764948921	0.032174212	0.0641272181	-0.0765406774	0.0754966656	-0.0351985234	-0.1063351324	-0.0258028188	-0.0277871967	-0.0185373472	-0.03835018	-0.0394132594	0.0426028874	0.0457636611	0.1555183718	-0.0758052505	0.0036529051	-0.1427530799	0.073280075	0.064534213	-0.0300892306	0.1037547367	-0.1142247835	0.0803348843	-0.0735707573	-0.0888556566	0.1081182347	0.0373199519	-0.0063885999	-0.056286769	0.1047620877	-0.0060810882	0.0231012046	0.0453638965	-0.0710813667	0.1421191443	-0.0214467401	0.0416098208	0.0829972823	0.0392292562	0.01768832	0.0647566913	-0.0610415845	-0.0304298928	0.0219989674	0.0345694044	0.0536082345	0.0070076344	0.0460344488	0.0144178078	0.1467644172	0.0697384014	0.0845431865	0.0173926515	-0.0623875858	0.0183750546	-0.1068776783	-0.1345026443	0.0286701633	-0.0646590349	-0.0709204723	0.003758333	-0.0348879328	-0.1693411263	0.0282246809	0.0606967048	0.0314352892	-0.124558938	-0.0566727903	0.0169735951	-0.0280465383	0.0097513108	0.0922023322	0.0582447529	0.0237585837	-0.0191827276	-0.0137664164	-0.0261285577	0.0923509661	0.0128963405	0.077950289	0.1327643301	0.0953575167	0.0543226277	-0.0207076932	-0.0205896922	-0.0166422556	0.067980796	-0.1032931334	0.0970297311	-0.0868705278	0.0732234215	-0.043203635551464	0.0024310600872041	0.0018665541248637	5.910053147596825e-06	0.0508008649197648	-0.0199260244294947	0.0003970464495648	0.0025807278765961	0.2266675820327748	1.3182011568413365e-07	0.0513781927445846	1.7376542898978383e-14	0.0015160693164126	0.0	0.0	2.298466172167768e-06	0.0016179712588022	0.0	2.617830994309976e-06	0.0	-0.0007002274989928	0.0	4.903185503457117e-07	0.0	0.0	0.0	0.0
4262.030592689978	1.4806383414661468	18164904.773025285	2.192289898219622	3820.168708710082	-1.95190405370704	3.8099294348779735	14593688.963007651	4231.761187499088	-8.996507147780903	80.93714086007289	17907802.748023693	4106.419830973307	3207.302028433527	0.984008	12.28365	0.0165236753067204	0.0098717669910025	0.0447476811	0.0117488327	0.0346669123	-0.0258106486	-0.0073560548	-0.0503102169	0.0160188707	0.0324500567	0.030246954	0.1271392775	0.0038970475	0.0733989484	-0.0781746191	-0.0635407898	-0.0821887344	-0.0279151479	0.0510845366	-0.0066598989	0.02655715	-0.0928195545	-0.0549885568	0.0741910602	-0.0404737319	0.0695464175	0.0530537918	0.0559129694	0.0644929686	-0.0470950072	-0.0069930103	-0.0434970347	0.0557907001	-0.0172743861	0.0231591105	-0.1190593487	0.0703279569	0.0818993449	0.1000605143	-0.008068918	-0.0560193337	0.0448608419	-0.0241904366	-0.0688727486	0.0167221312	0.0076364599	-0.0410435223	0.0417357619	0.1283762228	-0.0451323243	0.063233589	-0.0222051451	0.0366521961	0.0455384666	-0.0935174799	-0.0731818322	-0.0349039205	-0.0290562154	0.0774073267	0.0441976046	-0.1027827546	0.0438843036	0.0371207692	-0.0023043159	0.0979933975	-0.0636731024	0.0854183777	0.104954795	0.0802597733	0.0327794132	-0.0028822595	-0.0549428571	-0.0215730182	0.0124241882	0.0490338543	-0.0054625321	-0.0507154936	-0.0521838185	0.0465517684	-0.0600584336	-0.0173423465	0.012384682	0.0698078887	-0.1008691033	-0.0080401411	0.024050826	0.1028943197	-0.1375775003	0.0778175084	0.0411002179	-0.0291712292	0.0329761376	-0.0465726469	0.0389884036	0.1055122441	-0.0060291741	0.0088146283	-0.0676850275	0.0024502659	0.1209983884	0.0027816755	-0.0477808987	-0.07438485	-0.0611184714	0.0168667392	0.0985206605	0.0397277858	0.02095866	-0.0042713086	0.0383843203	0.0801170921	-0.0009587974	-0.0036120964	0.0364276563	0.0446176358	-0.1036441676	0.0984080176	-0.0898761648	0.0783343427	-0.0489257813461136	-0.0057221457946496	0.0023937320803277	3.274295249522611e-05	0.0433459800708959	-0.0074548848488689	5.557530810989509e-05	0.0018788739883065	0.2266840357715267	1.6453738751920355e-05	0.0513856520736668	2.7072551891644557e-10	0.0015161226509325	5.3334519899920364e-08	2.844571012955001e-15	2.298627892670591e-06	0.0016179204155397	-5.0843262500112e-08	2.6176664710201555e-06	2.5850373416552944e-15	-0.0007667271396994	-6.64996407066e-05	5.878705067516232e-07	4.422202214106892e-09	0.0	0.0	0.0
4268.182730422482	6.152137732503434	18217383.82027671	37.84879867969249	3826.9082661055	6.73955739541816	45.421633886135616	14645226.877186604	4239.061764956634	7.300577457545842	53.29843121362651	17969644.647117253	4112.916284098307	3217.6575002222617	0.968169	12.085937	0.0638350742690261	0.038878660531338	0.0487491522	0.0453389736	-0.0169236554	0.077837046	0.0088212336	0.0717523381	-0.0365530193	-0.0154563744	-0.0059619593	0.0565009759	-0.1020502775	0.0385418034	0.0809556866	0.0516393022	-0.0055385776	-0.0052462648	0.0590708615	-0.0548671574	0.0609247296	0.0928329564	-0.0202512684	-0.104966124	-0.08446411	0.0416766863	-0.139304009	0.0082695714	-0.0250778288	-0.1483105275	-0.0436719542	0.0506199755	0.1122527274	0.0439829458	-0.0001474688	-0.0149390694	-0.0308489034	-0.0732032299	-0.0133864307	0.0125383564	-0.0261301244	-0.1264226717	0.0042764567	-0.0603645387	0.0950318463	-0.06569127	0.0821122534	-0.0450032149	0.0925122393	-0.0194575971	-0.0245346301	-0.0377639624	-0.068193968	-0.1006690424	-0.0350667146	-0.0202466413	-0.0147397243	0.0992804168	0.040278284	-0.0136693744	0.0100883219	-0.1376751891	-0.0268812701	0.0336470808	0.0013011236	0.1028990279	0.1099226632	-0.0318477953	0.0028665194	0.1706354466	-0.0443960815	0.035422715	0.0398212169	-0.0493892512	-0.0385106283	0.0486386615	0.0158976966	-0.0688356826	-0.0136645119	0.1283671289	-0.1157565961	0.0871851668	-0.0152693708	0.037421583	0.0199966246	-0.1150029808	0.0102793654	-0.0018251371	0.1499452832	0.0726486105	-0.0230391456	0.0462888318	0.0242958348	0.0033073186	-0.0114546631	-0.1113976002	-0.0381355989	0.0410063899	0.0118818001	-0.0912796541	-0.0528167297	-0.0471160871	-0.0814997149	0.0038974493	0.0527312801	0.0887312669	0.0047790289	0.0284909213	-0.0023325855	-0.0145830807	0.0766914555	-0.0208432284	0.0051424371	0.0594517086	-0.0436820977	-0.1039636308	0.099666409	-0.0926354574	0.0830636267	-0.0501943685759016	-0.001268587229788	0.0025194746367334	1.6093135595811988e-06	0.0730105714111886	0.0296645913402926	0.0008799879793865	0.0053305435377882	0.2023129878349863	-0.0243710479365404	0.0409305450467193	0.0005939479775251	0.0015160327735826	-8.987734989997048e-08	8.077938025041721e-15	2.2983553705765507e-06	0.0015139720397505	-0.0001039483757892	2.2921113371462893e-06	1.0805264829212757e-08	-0.0007001484375904	6.657870210899993e-05	4.902078346602783e-07	4.432723574518951e-09	0.0	0.0	0.0
4262.19807074653	-5.9846596759516615	18166332.39427544	35.816151436961846	3826.689303576709	-0.218962528791053	0.0479445890145727	14643551.026108395	4242.839297226052	3.777532269417861	14.269750046493256	18001685.302085657	4117.501402994792	3217.299228369766	0.984933	12.295205	0.0683629776700911	0.0494894295752181	0.0401811361	0.0166694445	-0.0688685911	-0.1048114002	-0.0116390423	-0.0923737842	0.0519966855	-0.0171150627	-0.0642638427	-0.0321821999	-0.0211624517	0.0144363559	-0.0854365244	0.0133407637	0.0459639686	-0.0326492007	0.023033641	0.0634746672	0.0975678947	-0.0918904168	-0.0332499621	-0.0285038117	0.0167847484	0.0819940616	-0.0404735489	0.0053482665	0.0474012459	0.068702545	0.0491229518	0.024736674	0.0404529378	-0.06234462	-0.0157301799	0.0060459651	-0.0313825383	-0.018254023	-0.0091230538	0.0661522206	0.0250356257	0.0788036025	-0.0939696856	-0.1084027428	-0.1492910007	-0.1169052875	-0.0692099393	0.011969182	0.0589553892	-0.0972546129	0.0244819625	-0.0526010236	0.0778697111	0.0574010997	0.0837891681	0.0558260658	-0.0260408152	-0.0397602919	0.0179026298	0.1155434174	-0.0378376781	-0.0501471974	-0.0598676485	0.0057477501	-0.030860522	0.0006664274	0.0889818636	0.0181672616	0.0168199533	-0.1084814046	-0.0852846849	-0.0053982827	0.0084517727	0.0574821284	0.0538804519	-0.0155190421	-0.002629736	0.0873604309	0.0688375267	0.0584679103	-0.0607605203	-0.0344037324	-0.0888783485	-0.1447295066	-0.093449219	0.0559484739	0.0668895515	-0.091515443	-0.0850511367	0.0865416472	0.0178665606	0.0311480017	-0.0059540648	0.0720375501	-0.026138944	0.0442965356	0.0636100456	0.0078809373	-0.0382771214	-0.0055349951	0.0001845031	0.0732073552	0.0241648232	-0.0166592061	0.0555582796	0.0442252114	0.0761777508	-0.0061792089	0.0611652761	-0.0619476259	0.0943063543	0.0026768738	-0.0467842212	-0.1242566465	0.0596996164	-0.1042514257	0.1008033722	-0.0951408427	0.0873882332	-0.0514027884341032	-0.0012084198582016	0.0026422466588011	1.4602785536959803e-06	0.0499165077293923	-0.0230940636817962	0.0005333357773388	0.0024916577438984	0.2460729005980795	0.0437599127630932	0.0605518724087523	0.0019149299650335	0.0015160256600939	-7.113488699993231e-09	5.0601721484931384e-17	2.298333802063145e-06	0.0015079720524915	-5.999987258999834e-06	2.2739797110954275e-06	3.599984710816034e-11	-0.0007001439109981	4.526592300101682e-09	4.902014961077153e-07	2.0490037851339838e-17	0.0	0.0	0.0
4254.373115509135	-7.824955237395443	18099690.6059669	61.22992446724237	3808.9213735876806	-17.76792998902829	315.69933609501084	14507882.030173063	4242.324111154879	-0.5151860711730478	0.2654166879307207	17997313.864086032	4114.580404134114	3190.394469737328	1.045824	13.055319	0.0489171639126455	0.0250066042269228	0.0374688425	-0.0421940582	0.1358935908	0.0194991833	-0.0038712039	0.0123776333	-0.0739222506	0.0786587027	-0.0237350641	-0.0468594192	0.0327914727	0.0493836392	0.0086668659	-0.1317079589	0.0335972715	-0.0186377031	-0.020872713	0.076722367	-0.1538003311	0.0949374057	-0.0719089091	0.0832031329	-0.0219648335	-0.0410473217	-0.0066474361	0.0272434937	-0.0273253798	-0.0875175309	0.0385027255	0.0491492444	-0.0122337677	0.0391813414	-0.091669017	0.0595106009	0.1040740438	0.1472049968	-0.0191564517	-0.0836036364	-0.0141428814	-0.0583753654	0.0840900572	-0.0569919956	-0.0359245514	0.0098675582	0.0350148132	0.0117053373	0.023959725	0.1363282022	0.0138347173	-0.0298800702	0.0793218822	0.0317030797	-0.1819917892	0.0324956848	-0.0199739418	-0.035078484	0.0369436807	-0.0742844215	0.0580657761	0.080135957	0.0363981467	-0.1585771463	0.024045157	0.0153656416	-0.0197273008	-0.0717222595	-0.1277201403	0.0311373922	0.0250735781	0.0508878972	0.09328974	0.0010581647	0.1175450287	-0.0019320844	-0.0822040173	-0.0803980128	0.0015928	-0.0635645438	0.0400380125	0.0084037913	0.10647988	-0.0039501094	0.0700227957	-0.1348447045	0.0621975519	-0.0133196339	-0.0436354682	-0.0069879891	0.0079156902	0.0448894282	-0.0515494504	-0.0538390936	0.0721121604	-0.0487935803	0.0018658447	-0.0074812151	-0.001763058	0.0048881768	0.0002052654	0.0735157655	0.0205254209	-0.0510179353	-0.0271868743	-0.013137951	-0.0890861101	0.0580417602	0.0709148721	0.0198985051	-0.0077320281	0.0291747	-0.1416832999	-0.1009671125	-0.0139772122	-0.1045074645	0.1018175221	-0.0973854535	0.0912870929	-0.0504698235735929	0.0009329648605103	0.0025472030915495	8.704234309470097e-07	0.0710058770227277	0.0210893692933354	0.0004447614971906	0.0050418345717667	0.2526558723753993	0.0065829717773198	0.063834989845774	4.333551742098917e-05	0.0018380604910368	0.0003220348309429	1.0370643234042227e-07	3.3784663687104424e-06	0.001591854350943	8.388229845150003e-05	2.5340002746161603e-06	7.0362399935065235e-09	-0.0007004639412333	-3.200302352000285e-07	4.906497329680879e-07	1.0241935144218557e-13	0.0	0.0	0.0
4252.662462936072	-1.7106525730623616	18085138.0236655	2.9263322257248783	3801.6312491732288	-7.290124414451839	53.14591397818676	14452400.154690403	4244.134509060786	1.8103979059069388	3.2775405777122293	18012677.731000636	4116.614418782552	3164.484074773015	0.96656	12.065845	0.0379114934961144	0.024302706159126	0.0507906606	-0.0758617971	-0.0325408857	0.0947595322	-0.0878418852	0.0679357161	0.0487328047	0.0822177462	-0.0241588362	-0.1150392446	0.0061444548	0.1344823557	-0.0021878897	0.0358846092	0.0370883755	-0.0654922008	-0.0048455523	-0.052040942	0.0281003855	0.1114665281	0.0394505052	0.0807770935	0.0931034335	0.0452848022	0.0158150414	-0.0284939399	-0.0546838465	-0.0156199513	-0.0100392494	0.0020478886	0.003190233	-0.0804665598	-0.0255606458	0.0644013935	0.0497677451	0.0432744595	-0.1194432203	0.0610316589	0.0526948291	0.0035814019	-0.032029104	-0.053789369	-0.100665635	0.0489878192	-0.0791469881	-0.0637626043	0.0522498266	-0.0307049335	0.0176601033	0.0300711345	0.010677401	0.048724004	0.0697187683	0.0346491406	-0.0662319413	0.075295921	-0.0227627544	-0.0047540705	0.063181001	-0.0046640694	0.1271847308	0.0422860502	0.0008872685	0.0744101686	0.0259699104	0.0033398734	-0.0405199984	-0.0224476255	0.0568861666	0.01764228	-0.0206167352	0.1064157222	0.1150770495	0.0213862285	-0.1034339163	0.0406787737	0.0671869176	-0.0221365626	0.0171148553	0.016407049	-0.0845978281	0.0615745084	-0.0370531579	0.0168530592	-0.0472730611	-0.0313046763	-0.0247193574	-0.0763320367	0.0230644616	0.0430543923	-0.0017733815	-0.0527462749	-0.1223897083	-0.0491184445	-0.0106337033	-0.0924079787	-0.0387511239	0.0337279757	0.0764463988	-0.0068322029	-0.1104249835	0.0131828474	0.0340336885	0.0212055634	0.0090203835	-0.01487975	0.061165667	-0.0007382827	-0.0360590486	0.066792682	-0.0571459263	-0.0676044525	0.0242548766	-0.1047316694	0.102707623	-0.0993631376	0.0947412111	-0.0429854773566233	0.0074843462169695	0.0018477512635767	5.601543829546713e-05	0.0709005467366239	-0.0001053302861038	1.1094469170710053e-08	0.0050268875275521	0.2745022622243454	0.021846389848946	0.0753514919662832	0.0004772647494321	0.0017500889151607	-8.797157587610012e-05	7.73899816212444e-09	3.0628112109683555e-06	0.0016733892760478	8.153492510479992e-05	2.8002316691917804e-06	6.647944011845332e-09	-0.0007004659831343	-2.041901000062254e-09	4.906525935283015e-07	4.169359694055235e-18	0.0	0.0	0.0
4252.953700664616	0.2912377285438197	18087615.17999685	0.0848194145273636	3809.095556251557	7.464307078328147	55.71588015957968	14509208.956655355	4236.741302575718	-7.393206485067822	54.65950213084889	17949976.86495099	4110.884860595703	3172.191640058927	1.021674	12.753854	0.0669378274449224	0.0329874254103473	0.0440184971	-0.1058555558	0.0006154818	-0.0896812026	-0.0476920984	-0.0825169605	0.0584461144	0.112037341	-0.0436685173	-0.0011315397	-0.0090722997	0.0372383376	-0.027806582	-0.0177495383	-0.0076966329	-0.0338120464	0.0280006622	0.0999498044	0.0554875797	-0.0160735965	0.0711558297	0.0835366536	0.0025620525	0.0663549595	0.0286586954	-0.1107344902	0.0746922615	0.0945171907	-0.0503974389	0.0705823144	-0.0771274205	-0.0082447486	0.0789272993	-0.1264487765	0.0949129589	0.0636414361	0.0481319406	-0.1333827952	-0.0428899013	-0.0309036994	0.0318287429	-0.0858498458	-0.0284382428	0.069758714	-0.1066146754	0.134197898	0.0468634877	0.0073105089	-0.0197648297	0.0012479085	-0.0024210248	0.0078790393	-0.0145650773	-0.0043870057	-0.0099090443	-0.0754173969	0.0750802467	0.0810961358	0.0469925691	0.0114350539	0.0164238718	0.114307954	0.072525559	0.049190202	-0.0278304741	0.0992108811	0.0835940618	-0.0419794479	0.087794528	0.0413592178	0.0221935711	0.1782446225	-0.0562048818	-0.0510256504	-0.03433386	-0.0713643637	0.0097947911	-0.060576031	0.1138781976	0.0507781578	0.0649210862	-0.0509663203	0.1219322249	0.0337939997	0.0720240351	-0.0284212319	-0.0474123602	-0.0281548205	0.0759929186	0.0522663692	-0.068282676	-0.0148262163	0.0454304394	0.0669133529	0.0529770051	-0.1296301903	-0.0189714902	-0.0047508692	-0.0200456318	-0.0724579135	-0.0517495477	-0.0073099635	0.0935736304	0.0297407056	0.0190930388	-0.0461382258	-0.0115414672	0.0065634999	-0.0283976442	0.019313106	-0.0795591411	0.0093328548	-0.0040875435	-0.104923972	0.1034725904	-0.1010684743	0.0977337597	-0.0472070086288454	-0.0042215312722221	0.0022285016636838	1.782132628234914e-05	0.0901039150260913	0.0192033682894674	0.0003687693536609	0.008118715503029	0.2551045057906975	-0.0193977564336478	0.065078308874716	0.0003762729546591	0.0021606150042694	0.0004105260891087	1.6853166983888452e-07	4.66825719667406e-06	0.0017442460641297	7.085678808189987e-05	3.042394332231949e-06	5.0206844172832675e-09	-0.0007013865349354	-9.205518010999956e-07	4.919430713886872e-07	8.474156185084461e-13	0.0	0.0	0.0
4255.121608890013	2.1679082253967863	18106059.90644273	4.699826073743044	3818.058256232881	8.962699981324022	80.32999095522563	14577568.847988067	4240.654771478904	3.913468903186185	15.315238856205283	17983152.890866794	4113.381883544922	3169.4383035716764	0.980774	12.243287	0.0373852685823745	0.025719342867615	0.0425105167	-0.0978472084	0.0599592604	0.048774818	-0.0318738233	0.0030152927	-0.0748404786	0.0765394024	-0.0601021088	-0.0768732237	-0.1543301184	-0.0395197286	-0.0794639814	0.1524565941	0.0066519874	-0.0634701702	-0.028581735	0.0164788451	-0.0019067125	0.0402032611	-0.0214873883	-0.0844236354	-0.0093590631	0.0862684303	-0.0450116916	-0.0505689053	0.141866548	-0.0063104036	-0.0044311022	-0.0559566861	0.0039164993	-0.003316663	-0.0788670497	0.0317288006	0.0934298664	0.0636756769	0.0407323991	0.0618840421	-0.0587966564	-0.0040636748	-0.117730997	-0.030094423	-0.033612194	-0.0625685084	0.0528602774	0.0724390595	0.0231656562	-0.0596589779	-0.0288364484	0.1560404632	-0.0204162814	-0.0312066632	-0.0549864812	0.0109256274	-0.0382094115	-0.0227055292	0.0665003116	-0.0813884807	0.015299483	-0.0969100906	-0.0095705374	0.0611114226	-0.0496972784	0.1239028205	0.1186621851	0.0840929264	0.0031103406	-0.0457712561	0.0660848736	0.02729174	-0.0380184718	-0.0427222547	0.0327715686	0.0368237913	-0.0787693961	-0.0536825026	-0.0635361999	-0.05287211	-0.0867353432	-0.0133285146	-0.0472596458	0.0062845485	-0.052469182	0.054159054	-0.0396768332	-0.0221565492	0.0130015993	0.1042659383	-0.0769293401	0.0510555636	-0.0147183384	-0.1166247459	0.0042259969	-0.0608677015	-0.0030964508	-0.0267044128	-0.0744285508	-0.1134964892	0.0142388612	-0.0302624325	0.040793635	0.0810497454	0.0818250573	-0.0146618972	0.0230822739	-0.0690360771	-0.0502942044	0.0334023581	-0.0441993964	-0.0920733639	0.061660861	0.0573271513	-0.0047582053	-0.1050843138	0.1041114925	-0.1024967892	0.1002501592	-0.0488892536966005	-0.001682245067755	0.0023901591270105	2.829948467986357e-06	0.0898070074537713	-0.0002969075723199	8.815410650095365e-08	0.0080652985878017	0.2616146544622069	0.0065101486715093	0.0684422274293799	4.238203572515557e-05	0.0017021549327992	-0.0004584600714702	2.1018563713246106e-07	2.897331415252649e-06	0.0018634059443436	0.0001191598802139	3.4722817134150638e-06	1.4199077052591e-08	-0.0007010871412037	2.993937317000671e-07	4.915231795611768e-07	8.963660658129176e-14	0.0	0.0	0.0
4254.222221337008	-0.8993875530049991	18098406.708517585	0.80889797050032	3820.834181827378	2.775925594497039	7.7057629061837405	14598773.845020488	4234.163226928141	-6.4915445507631375	42.14015065454259	17928138.232270528	4108.975240966797	3167.9138849510746	0.979298	12.224861	0.0365232224049095	0.0184754752137507	0.0373972706	-0.1190608484	-0.0671414867	-0.070925407	-0.0649251176	0.0218484947	0.1020552021	-0.0193755097	-0.1006137165	-0.0663124267	-0.0966823986	-0.0982892033	-0.0447588411	-0.0834364721	-0.0520968251	-0.0179180967	0.0694097261	0.0583986449	0.0265661045	-0.1170654692	0.0920997583	0.0687733184	0.0178830203	-0.1338297415	-0.0751066051	-0.0480132559	-0.0215812208	0.0782956308	-0.0781279004	-0.0879221398	0.0708843052	-0.0379103025	0.0125145603	0.0911214046	-0.1197861794	-0.003332977	0.0013857448	0.1063175394	-0.0381045365	0.0331442491	0.0177476938	0.0850016342	-0.0227584964	-0.0705598277	0.1134479815	0.0255188046	-0.0733708397	0.0048018099	-0.0433144754	0.0175936141	-0.0571228777	-0.1826871119	0.1124247701	-0.0378353521	-0.0304511141	-0.0093926449	0.0066393281	0.1196071857	0.0253192529	0.1201480162	-0.1576082596	0.0531154448	-0.0302328739	0.008002864	-0.1039343096	-0.030258752	0.0501709644	0.0097047528	-0.001922377	0.0093910354	-0.0629188284	-0.0697014542	0.0163316525	0.0453012845	-0.0374097029	0.083022345	-0.1888227883	0.0587366779	0.005181128	-0.0117865342	-0.0265615578	0.0612569811	-0.1193010418	0.0047716663	-0.1069562223	-0.0040016253	-0.0175570663	0.1372384463	0.0926658661	0.0436691793	-0.0774841482	-0.0175117878	-0.0656570162	0.0884999972	0.0264657028	-0.0870032944	-0.064330478	-0.0459702407	-0.0587747214	-0.0337527234	0.1155622002	-0.0062767623	0.0296790516	-0.0674785594	-0.003191452	-0.0009489682	-0.0210144474	-0.0566259222	0.0106112216	-0.0856616307	0.0152135153	-0.0434124446	-0.0073208709	-0.1052126458	0.1046235507	-0.1036441676	0.10227815	-0.0514572976428837	-0.0025680439462831	0.0026478534807083	6.594849710041774e-06	0.089805928487948	-1.078965823311795e-06	1.1641672478748994e-12	0.0080651047915824	0.2746036838004499	0.012989029338243	0.0754071831567774	0.0001687148831497	0.0017932803011806	9.112536838139988e-05	8.303832762645833e-09	3.215854238602384e-06	0.0017321975831872	-0.0001312083611564	3.0005084671995764e-06	1.7215634037348292e-08	-0.0008980548147571	-0.0001969676735534	8.065024503084093e-07	3.8796264425038774e-08	0.0	0.0	0.0
4254.56493031649	0.3427089794822677	18101322.74627896	0.1174494446177774	3811.277815009493	-9.556366817884737	91.32414675796844	14525838.583183536	4243.348554167761	9.185327239620165	84.3702364989082	18006006.952157628	4115.258180094401	3180.614354607052	1.053099	13.146132	0.01219656255112	0.0101946433683928	0.0612497867	-0.1132530059	0.1434311046	0.0105045423	-0.0824316413	-0.0239590827	-0.0772630953	0.097517795	-0.0437760921	-0.074588253	-0.0290771048	0.0609306372	-0.067368133	0.0273077462	0.0354941809	-0.0995410443	0.0669621384	-0.0195885345	-0.0420604702	0.0706497976	-0.1393443383	-0.0632013772	-0.0322804479	0.0978931692	-0.074012723	0.0485874487	-0.044894605	0.0501451954	0.1066707679	0.1227092517	-0.0562095909	0.1346626264	0.0475181603	0.0269864447	-0.0217451232	-0.1012745698	0.0228152395	-0.0749974285	0.0650254957	0.007771365	0.0145320893	0.0427199146	0.1110134318	0.0280308392	0.0798832809	0.0474901055	-0.0685750844	-0.1065180077	-0.0476971162	0.0268529624	-0.0940438276	-0.1181280692	0.0763112817	0.0350538132	-0.0680756072	0.0142376883	0.1161731551	-0.0313994532	-0.0526359476	-0.0551481294	0.0724521253	-0.0352657399	-0.0062378697	0.0642059307	0.058155699	-0.152068413	-0.061933215	-0.1057832955	-0.0438757401	0.0036475425	0.0948545945	-0.0241906865	-0.1294511523	0.0103881547	0.137877577	-0.0077430032	0.0987251128	0.0557544925	0.0227852025	0.0524650016	0.0670186139	0.0468936103	0.0531345261	-0.0279914226	0.0466114287	0.086550231	0.089615412	-0.0129345604	-0.0497626881	0.0546364982	-0.055877191	-0.1157565605	0.0263140322	-0.0233821754	0.0717664704	-0.0200669234	-0.107501671	-0.0322567331	0.0714265791	0.0089642956	0.0761210363	0.0061869783	0.0038275878	-0.1059763484	-0.0254564078	0.043357386	-0.0061912003	0.0437474492	0.0410785918	0.0217996408	-0.0381980057	-0.0988718352	-0.1349787925	-0.1053089291	0.1050081413	-0.1045074645	0.1038078519	-0.0513802653838268	7.703225905689864e-05	0.0026399316709124	5.933968935409143e-09	0.089683160385718	-0.0001227681022299	1.5072006925155133e-08	0.0080430692567704	0.2745519652206667	-5.171857978319983e-05	0.0753787816065301	2.674811494791205e-09	0.0017521100514125	-4.117024976809996e-05	1.6949894659677347e-09	3.069889632260713e-06	0.001732892638645	6.950554578000201e-07	3.0029168970700304e-06	4.831020894175955e-13	-0.000701019247782	0.0001970355669751	4.91427985760841e-07	3.882301465319913e-08	0.0	0.0	0.0
4248.135379606701	-6.42955070978951	18046654.20346617	41.33912232975479	3825.4069440013386	14.129128991845391	199.632286068206	14633738.28721366	4236.860316001401	-6.488238166360134	42.09723450341231	17950985.33730749	4112.284749267578	3144.7289245301595	1.070151	13.358999	0.080964793736394	0.0458701063215984	0.0140978971	-0.1707883535	-0.0567790393	-0.0582869568	-0.1177936122	0.0128415423	0.1064838236	-0.024536359	-0.1029331865	-0.0756538422	-0.0360895706	-0.0277092274	-0.0044036795	-0.0556707113	-0.034551258	-0.0455077567	0.0473143287	-0.0247824957	0.0556297612	-0.1393844323	0.0541316414	0.0746894691	0.0157727792	-0.0710233495	-0.0228803897	0.0695575176	-0.0477623942	0.0974446102	0.0745984817	0.0436320467	0.0400618261	0.0823795797	0.1078765238	-0.0159437515	0.0170960546	0.0108598357	0.0960206476	0.1056961982	-0.0724942667	0.0280340787	-0.0164945007	0.0329939228	0.0409273186	-0.0418877898	0.0303262392	-0.1064202802	-0.0310924526	-0.0175171305	-0.0201593043	0.0522896303	0.0107863846	0.053316913	0.0538148854	-0.016528811	-0.0655906301	0.0191375759	-0.0235580638	0.124127085	-0.0171882916	0.0569295482	-0.0578895476	0.0238890153	0.0006441244	-0.0754577067	-0.028738251	-0.1035334322	0.0573367762	-0.0616763407	0.0046062338	-0.043600209	-0.0044403974	-0.0063246576	-0.100162005	0.0600958494	-0.0177163448	-0.1533674821	-0.1114347278	0.0374134981	-0.0394184189	0.0630334213	0.0260049817	0.0046417443	-0.1315595142	0.0605116599	-0.0566461481	-0.0387187955	0.1207792181	0.0615815414	0.0722044432	0.0225797611	-0.0930711006	-0.0315475948	-0.0621128603	0.0904534118	0.0443234581	-0.1131613872	-0.1354878935	-0.0214422325	-0.0729038345	-0.0462134622	0.0402399381	-0.0544496727	-0.004866432	-0.1352570631	0.0164940436	-0.0218129727	-0.0317789761	0.0751134202	0.0657818557	-0.0609183261	-0.0143431969	-0.0614496008	-0.1209003258	-0.1053731342	0.1052647956	-0.1050843138	0.1048318124	-0.0456160841582686	0.0057641812255581	0.0020808271339342	3.32257852010776e-05	0.0893517643320365	-0.0003313960536815	1.0982334439567258e-07	0.0079837377892477	0.3039532955493911	0.0294013303287243	0.0923876058753355	0.0008644382250987	0.0015161870787319	-0.0002359229726806	5.565964903845117e-08	2.2988232577135726e-06	0.0023000528888255	0.0005671602501805	5.290243291394529e-06	3.216707493848076e-07	-0.0005947447480745	0.0001062744997074	3.537213153622005e-07	1.1294269288079404e-08	0.0	0.0	0.0
4247.44665581647	-0.6887237902301422	18040803.09400652	0.4743404592289729	3802.874299189959	-22.53264481137967	507.7200821957951	14461852.93543952	4233.682689563456	-3.1776264379450367	10.097309779127263	17924069.115909256	4107.535197428386	3145.434609164893	0.984461	12.289307	0.093685311663981	0.039620694764531	-0.0015434999	-0.1552185628	0.0624127225	0.0543544519	-0.0801912892	0.0019502883	-0.0252938209	0.1058193119	0.0065113875	-0.0651480831	-0.0498241876	-0.0194761031	-0.0007627775	0.0240330996	-0.0793399031	-0.0643681542	0.091755622	-0.0202468298	-0.0474336367	-0.0461112374	-0.0365346394	-0.0858200829	0.0470180433	-0.1497739171	0.0537246938	-0.0920565543	-0.0321147595	-0.0478240305	0.08757164	0.009730702	-0.001727435	0.0717814042	0.0087414566	0.0296198906	0.0827233688	0.013049645	-0.0438635344	-0.0360227715	-0.1112002636	0.0333566963	0.0230998592	0.0004295858	0.0304691516	-0.0384926898	-0.1507031422	0.1001342561	0.0595400502	-0.1782527517	-0.0376349459	0.1158657836	0.0251416373	0.008773894	0.0809771542	-0.0669272515	-0.0650306706	0.0101238993	0.0790548505	-0.0150120055	-0.0735171303	-0.0001381071	-0.0526783849	-0.0079797063	-0.1127318867	-0.0193983456	-0.1483824823	-0.0563049532	-0.1453666068	-0.0032666879	0.0350949491	-0.0424266558	-0.0624381369	0.0700422624	-0.0375330941	-0.0046154431	0.0190712355	-0.0549599886	0.0795535171	-0.0053380145	0.0415936879	-0.0261834337	-0.0888623132	0.0662351594	0.0636770188	0.120455528	0.082464166	-0.0005761407	0.0573072654	0.1213254631	-0.0934903873	0.0110291472	-0.0342432494	-0.1511248703	-0.01992019	-0.0557591796	0.0273144588	-0.0654869788	-0.1780086746	-0.0272424543	-0.0203705121	-0.0065650867	-0.0519795274	-0.0024825842	-0.0395735441	-0.0952603962	0.1155924611	-0.0788761947	-0.0372740051	0.1185568731	0.0525327596	-0.0844527599	0.0639742172	-0.0158835324	-0.1419391149	-0.1054052417	0.105393201	-0.1053731342	0.1053450429	-0.0335762500346987	0.0120398341235699	0.0011273645663926	0.000144957605723	0.071180295933658	-0.0181714683983784	0.0003302022637532	0.0050666345292031	0.3319573333634338	0.0280040378140427	0.1101956711737619	0.0007842261338903	0.0012033415875437	-0.0003128454911881	9.787230135678605e-08	1.4480309763121925e-06	0.0021060227362303	-0.0001940301525951	4.435331765518961e-06	3.764770011611656e-08	-0.0007972685308509	-0.0002025237827763	6.356371102851524e-07	4.1015882590062425e-08	0.0	0.0	0.0
