global_signal	global_signal_derivative1	global_signal_power2	global_signal_derivative1_power2	csf	csf_derivative1	csf_power2	csf_derivative1_power2	white_matter	white_matter_derivative1	white_matter_derivative1_power2	white_matter_power2	csf_wm	tcompcor	std_dvars	dvars	framewise_displacement	rmsd	t_comp_cor_00	t_comp_cor_01	t_comp_cor_02	t_comp_cor_03	c_comp_cor_00	c_comp_cor_01	c_comp_cor_02	c_comp_cor_03	c_comp_cor_04	c_comp_cor_05	w_comp_cor_00	w_comp_cor_01	w_comp_cor_02	w_comp_cor_03	w_comp_cor_04	w_comp_cor_05	w_comp_cor_06	w_comp_cor_07	w_comp_cor_08	w_comp_cor_09	w_comp_cor_10	w_comp_cor_11	w_comp_cor_12	w_comp_cor_13	w_comp_cor_14	w_comp_cor_15	w_comp_cor_16	w_comp_cor_17	w_comp_cor_18	w_comp_cor_19	w_comp_cor_20	w_comp_cor_21	w_comp_cor_22	w_comp_cor_23	w_comp_cor_24	w_comp_cor_25	w_comp_cor_26	w_comp_cor_27	w_comp_cor_28	w_comp_cor_29	w_comp_cor_30	w_comp_cor_31	w_comp_cor_32	w_comp_cor_33	w_comp_cor_34	w_comp_cor_35	w_comp_cor_36	w_comp_cor_37	w_comp_cor_38	w_comp_cor_39	w_comp_cor_40	w_comp_cor_41	w_comp_cor_42	a_comp_cor_00	a_comp_cor_01	a_comp_cor_02	a_comp_cor_03	a_comp_cor_04	a_comp_cor_05	a_comp_cor_06	a_comp_cor_07	a_comp_cor_08	a_comp_cor_09	a_comp_cor_10	a_comp_cor_11	a_comp_cor_12	a_comp_cor_13	a_comp_cor_14	a_comp_cor_15	a_comp_cor_16	a_comp_cor_17	a_comp_cor_18	a_comp_cor_19	a_comp_cor_20	a_comp_cor_21	a_comp_cor_22	a_comp_cor_23	a_comp_cor_24	a_comp_cor_25	a_comp_cor_26	a_comp_cor_27	a_comp_cor_28	a_comp_cor_29	a_comp_cor_30	a_comp_cor_31	a_comp_cor_32	a_comp_cor_33	a_comp_cor_34	a_comp_cor_35	a_comp_cor_36	a_comp_cor_37	edge_comp_00	edge_comp_01	edge_comp_02	edge_comp_03	edge_comp_04	edge_comp_05	edge_comp_06	edge_comp_07	edge_comp_08	edge_comp_09	edge_comp_10	edge_comp_11	edge_comp_12	edge_comp_13	edge_comp_14	edge_comp_15	edge_comp_16	edge_comp_17	edge_comp_18	edge_comp_19	edge_comp_20	edge_comp_21	edge_comp_22	edge_comp_23	cosine00	cosine01	cosine02	non_steady_state_outlier00	non_steady_state_outlier01	non_steady_state_outlier02	trans_x	trans_x_derivative1	trans_x_derivative1_power2	trans_x_power2	trans_y	trans_y_derivative1	trans_y_power2	trans_y_derivative1_power2	trans_z	trans_z_derivative1	trans_z_power2	trans_z_derivative1_power2	rot_x	rot_x_derivative1	rot_x_derivative1_power2	rot_x_power2	rot_y	rot_y_derivative1	rot_y_derivative1_power2	rot_y_power2	rot_z	rot_z_derivative1	rot_z_power2	rot_z_derivative1_power2	motion_outlier00	motion_outlier01	motion_outlier02	motion_outlier03	motion_outlier04	motion_outlier05	motion_outlier06	motion_outlier07	motion_outlier08	motion_outlier09	motion_outlier10	motion_outlier11	motion_outlier12	motion_outlier13	motion_outlier14	motion_outlier15	motion_outlier16	motion_outlier17	motion_outlier18	motion_outlier19	motion_outlier20	motion_outlier21	motion_outlier22	motion_outlier23	motion_outlier24	motion_outlier25	motion_outlier26	motion_outlier27	motion_outlier28	motion_outlier29	motion_outlier30	motion_outlier31	motion_outlier32	motion_outlier33	motion_outlier34	motion_outlier35	motion_outlier36	motion_outlier37	motion_outlier38
723.2518503993706	n/a	523093.2391061136	n/a	1517.8191889712684	n/a	2303775.090409399	n/a	725.1705225642572	n/a	n/a	525872.2867961179	810.2554017676682	715.3803597103293	n/a	n/a	n/a	n/a	0.0	0.0	0.0	0.0	0.0	0.0	0.0	0.0	0.0	0.0	0.0	0.0	0.0	0.0	0.0	0.0	0.0	0.0	0.0	0.0	0.0	0.0	0.0	0.0	0.0	0.0	0.0	0.0	0.0	0.0	0.0	0.0	0.0	0.0	0.0	0.0	0.0	0.0	0.0	0.0	0.0	0.0	0.0	0.0	0.0	0.0	0.0	0.0	0.0	0.0	0.0	0.0	0.0	0.0	0.0	0.0	0.0	0.0	0.0	0.0	0.0	0.0	0.0	0.0	0.0	0.0	0.0	0.0	0.0	0.0	0.0	0.0	0.0	0.0	0.0	0.0	0.0	0.0	0.0	0.0	0.0	0.0	0.0	0.0	0.0	0.0	0.0	0.0	0.0	0.0	0.0	0.0	0.0	0.0	0.0	0.0	0.0	0.0	0.0	0.0	0.0	0.0	0.0	0.0	0.0	0.0	0.0	0.0	0.0	0.0	0.0	0.0	0.0	0.0	0.0	0.0	0.0	0.0	1.0	0.0	0.0	1.3946089723049226e-05	n/a	n/a	1.9449341856333922e-10	-0.0337612177602579	n/a	0.0011398198246555	n/a	0.0902797925597411	n/a	0.0081504409446298	n/a	0.0004009995916364	n/a	n/a	1.6080067249255957e-07	2.000860304707253e-05	n/a	n/a	4.0034419589532014e-10	4.299602053221821e-05	n/a	1.8486577816069302e-09	n/a	0.0	0.0	0.0	0.0	0.0	0.0	0.0	0.0	0.0	0.0	0.0	0.0	0.0	0.0	0.0	0.0	0.0	0.0	0.0	0.0	0.0	0.0	0.0	0.0	0.0	0.0	0.0	0.0	0.0	0.0	0.0	0.0	0.0	0.0	0.0	0.0	0.0	0.0	0.0
566.2302974807511	-157.02155291861948	320616.7497851399	24655.768080974816	1047.0993402938398	-470.7198486774287	1096417.0284437945	221577.17593890132	595.9730857920871	-129.19743677217014	16691.9776684989	355183.9189885424	645.1756883840092	530.7149045666454	9.31992	316.072357	0.3487304077438085	0.1679883146616665	0.0	0.0	0.0	0.0	0.0	0.0	0.0	0.0	0.0	0.0	0.0	0.0	0.0	0.0	0.0	0.0	0.0	0.0	0.0	0.0	0.0	0.0	0.0	0.0	0.0	0.0	0.0	0.0	0.0	0.0	0.0	0.0	0.0	0.0	0.0	0.0	0.0	0.0	0.0	0.0	0.0	0.0	0.0	0.0	0.0	0.0	0.0	0.0	0.0	0.0	0.0	0.0	0.0	0.0	0.0	0.0	0.0	0.0	0.0	0.0	0.0	0.0	0.0	0.0	0.0	0.0	0.0	0.0	0.0	0.0	0.0	0.0	0.0	0.0	0.0	0.0	0.0	0.0	0.0	0.0	0.0	0.0	0.0	0.0	0.0	0.0	0.0	0.0	0.0	0.0	0.0	0.0	0.0	0.0	0.0	0.0	0.0	0.0	0.0	0.0	0.0	0.0	0.0	0.0	0.0	0.0	0.0	0.0	0.0	0.0	0.0	0.0	0.0	0.0	0.0	0.0	0.0	0.0	0.0	1.0	0.0	-0.0457460960676172	-0.0457600421573402	0.0020939814582415	0.0020927053054276	0.0010876439749551	0.034848861735213	1.1829694162561302e-06	0.0012144431642399	-0.0559757737893846	-0.1462555663491257	0.0031332872513203	0.0213906906881035	-0.0007016857119096	-0.001102685303546	1.215914878656334e-06	4.923628382980822e-07	-0.0008178414356128	-0.0008378500386598	7.019926872823499e-07	6.688646138052056e-07	-0.0004537873873045	-0.0004967834078367	2.059229928766443e-07	2.467937543018631e-07	1.0	0.0	0.0	0.0	0.0	0.0	0.0	0.0	0.0	0.0	0.0	0.0	0.0	0.0	0.0	0.0	0.0	0.0	0.0	0.0	0.0	0.0	0.0	0.0	0.0	0.0	0.0	0.0	0.0	0.0	0.0	0.0	0.0	0.0	0.0	0.0	0.0	0.0	0.0
534.1828726562732	-32.04742482447796	285351.34143930813	1027.037437880566	889.4716060259188	-157.6277342679209	791159.7379263274	24846.50261043829	582.9737929102022	-12.999292881884912	168.98161542902375	339858.4432201073	617.0101538173487	458.0479025338327	2.384602	80.870529	0.1138873531950681	0.0569560251203827	0.0	0.0	0.0	0.0	0.0	0.0	0.0	0.0	0.0	0.0	0.0	0.0	0.0	0.0	0.0	0.0	0.0	0.0	0.0	0.0	0.0	0.0	0.0	0.0	0.0	0.0	0.0	0.0	0.0	0.0	0.0	0.0	0.0	0.0	0.0	0.0	0.0	0.0	0.0	0.0	0.0	0.0	0.0	0.0	0.0	0.0	0.0	0.0	0.0	0.0	0.0	0.0	0.0	0.0	0.0	0.0	0.0	0.0	0.0	0.0	0.0	0.0	0.0	0.0	0.0	0.0	0.0	0.0	0.0	0.0	0.0	0.0	0.0	0.0	0.0	0.0	0.0	0.0	0.0	0.0	0.0	0.0	0.0	0.0	0.0	0.0	0.0	0.0	0.0	0.0	0.0	0.0	0.0	0.0	0.0	0.0	0.0	0.0	0.0	0.0	0.0	0.0	0.0	0.0	0.0	0.0	0.0	0.0	0.0	0.0	0.0	0.0	0.0	0.0	0.0	0.0	0.0	0.0	0.0	0.0	1.0	-0.0454846396080483	0.0002614564595688	6.835948025030229e-08	0.002068852440274	-0.035169390470557	-0.0362570344455121	0.0012368860260705	0.001314572546783	-0.0234428840681175	0.0325328897212671	0.0005495688134311	0.0010583889136161	-0.0001935972664758	0.0005080884454338	2.581538683833357e-07	3.747990158690192e-08	-0.0004299562966054	0.0003878851390073	1.5045488106279e-07	1.848624169906307e-07	-0.0004530415203713	7.45866933199999e-07	2.05246619180339e-07	5.563174820411719e-13	0.0	1.0	0.0	0.0	0.0	0.0	0.0	0.0	0.0	0.0	0.0	0.0	0.0	0.0	0.0	0.0	0.0	0.0	0.0	0.0	0.0	0.0	0.0	0.0	0.0	0.0	0.0	0.0	0.0	0.0	0.0	0.0	0.0	0.0	0.0	0.0	0.0	0.0	0.0
525.46826130128	-8.714611354993167	276116.89363499027	75.94445106857584	829.8833683750086	-59.58823765091029	688706.4051054502	3550.7580663413623	581.8207886794518	-1.1530042307504118	1.3294187561283488	338515.4301395793	609.729423053929	436.7980248811942	1.049433	35.59008	0.1957773798650015	0.1193745811738621	-0.0004890577	-0.0514943591	0.0776637083	0.0318098653	-0.284888891	0.0419978472	-0.0694447948	-0.0565144804	0.0468766938	0.1345400552	-0.0193595079	0.0344533336	0.0269530048	-0.0329408295	0.0710540493	-0.0078567196	0.0074252548	-0.0546484202	0.0476437569	-0.0188650316	0.0414401074	-0.0231488876	0.0605273803	-0.0177967967	0.0399492049	-0.0437081362	0.020845604	-0.0852622704	0.0127695397	-0.1441458077	0.039309575	-0.0118635169	0.0827666686	-0.0729031801	0.0309220133	-0.0230195009	0.039455823	-0.0327901235	0.1018832144	-0.0467719435	0.0654843706	-0.093485947	0.1727070505	-0.0087308303	0.0809864758	-0.0026538807	-0.0144353552	0.0562721853	0.0497511052	-0.037009787	0.130010901	-0.0095588576	-0.0621714031	-0.0121890997	0.1048448898	-0.0121463098	0.0252556714	-0.0405539102	0.0730280898	-0.0366118601	0.0609887173	-0.121244456	0.0044895144	-0.0178409975	0.0399672285	-0.1247937874	0.0933707407	-0.0857372159	0.0064976432	-0.0014055713	0.0268015804	-0.0217892395	0.0991765644	-0.0215300416	-0.1634932437	0.1421114553	-0.1901578139	0.1600276167	-0.1476033674	0.0146780801	-0.063073351	0.0177624033	-0.1051232827	0.166066085	-0.2224784759	0.0593304366	-0.0007746395	0.078654203	-0.0108440904	0.0681238293	-0.0993003648	-0.0280629167	0.0305901284	0.0279184871	-0.0003553976	0.0536516243	-0.009922504	0.0255758984	-0.0499670275	0.0105056406	-0.044910015	0.0148526879	-0.0343946033	0.0133509347	-0.0574945318	0.0888838949	-0.0068615638	0.0524712346	-0.0252256857	0.0084203811	-0.0409989705	0.0283091154	-0.0548000552	0.1020870637	-0.1127639927	0.0982918074	0.0982833173	0.0982691678	0.0	0.0	0.0	-0.038074341246201	0.0074102983618472	5.4912521811596745e-05	0.0014496554613321	0.0572488381144467	0.0924182285850037	0.0032774294654541	0.0085411289747899	-0.009372367152892	0.0140705169152254	8.784126604860891e-05	0.0001979794462616	-0.0014995317345126	-0.0013059344680368	1.7054648348065595e-06	2.2485954228103667e-06	-0.000456389641918	-2.643334531259999e-05	6.987217444151517e-10	2.0829150525004026e-07	-0.0001478426136622	0.000305198906709	2.1857438414470525e-08	9.31463726564299e-08	0.0	0.0	0.0	0.0	0.0	0.0	0.0	0.0	0.0	0.0	0.0	0.0	0.0	0.0	0.0	0.0	0.0	0.0	0.0	0.0	0.0	0.0	0.0	0.0	0.0	0.0	0.0	0.0	0.0	0.0	0.0	0.0	0.0	0.0	0.0	0.0	0.0	0.0	0.0
524.2628116755031	-1.2054496257768506	274851.4957059041	1.453108800285549	812.5788012052838	-17.304567169724805	660284.308168216	299.4480449315176	582.0489848265454	0.2281961470936266	0.0520734815483761	338781.0207376121	607.62940065978	426.3209249864279	0.822625	27.898191	0.216909071487171	0.1006991899257466	0.0033716992	-0.0695853636	0.0892671095	-0.0118761085	-0.1711929356	0.0124391752	-0.1056587672	-0.0381920558	-0.0644867473	0.046740732	-0.0355024482	0.023257441	0.0271883798	0.0255255224	0.0741256486	-0.0128705676	0.0944684647	0.0963930322	-0.0578744063	-0.0547906932	-0.0281863049	-0.052588487	0.0791969302	0.0317603992	0.0864814568	-0.0591823734	0.0133473311	-0.0190578377	-0.0083146207	0.0074485062	-0.0236608541	0.2404390241	-0.072392059	0.0459641964	-0.0997289379	-0.0170891769	-0.0844790099	0.0346781367	-0.0919548885	-0.0467719272	7.82449e-05	-0.0814618162	-0.0296415862	0.1375821053	-0.0732173041	0.1241144524	0.0235331429	0.0222453229	0.0268656808	-0.1578112406	0.0896909121	-0.0950513115	-0.068771113	-0.0366976619	0.0382106233	-0.0295851545	-0.0530358454	-0.0973086962	0.0273594445	-0.0214419248	-0.042788513	-0.0035953601	0.017847067	0.0039418116	0.1183747812	-0.02484047	0.0978449916	-0.0676628966	-0.0311810574	-0.1989810247	0.0009592031	0.0154599016	0.0684342973	0.0286220242	0.0605306346	0.0414005079	-0.1802637819	-0.0010377816	-0.1741856567	-0.11015402	-0.2360861452	0.0393348057	0.1327410421	-0.0561876166	-0.0121155064	0.1257458031	-0.095741509	0.0535178167	-0.0152792808	0.0233418735	-0.0730413317	-0.029525437	0.0521657433	0.0748054289	-0.0025317717	0.0854870138	0.0179471385	0.0053133675	-0.0677067335	-0.0144823001	-0.0184963392	-0.0387597288	0.0183790408	0.1162188131	-0.1006388558	0.0219729448	-0.040470009	-0.0744450958	0.0439577675	0.0382432254	0.0549875155	0.086119693	-0.0889569887	0.1107900246	-0.0387664139	0.0982691678	0.0981927721	0.0980654899	0.0	0.0	0.0	0.0105778192302778	0.0486521604764788	0.002367032719029	0.0001118902596684	0.0122415831896915	-0.0450072549247552	0.0001498563589901	0.0020256529958619	-0.025362853127234	-0.0159904859743419	0.0006432743187536	0.0002556956416956	-0.0015918824418504	-9.235070733780004e-05	8.528653145791993e-09	2.534089708671592e-06	-0.0015716297744625	-0.0011152401325444	1.2437605532378738e-06	2.4700201479770483e-06	0.0007897499486874	0.0009375925623495	6.237049814517509e-07	8.790798129732884e-07	0.0	0.0	0.0	0.0	0.0	0.0	0.0	0.0	0.0	0.0	0.0	0.0	0.0	0.0	0.0	0.0	0.0	0.0	0.0	0.0	0.0	0.0	0.0	0.0	0.0	0.0	0.0	0.0	0.0	0.0	0.0	0.0	0.0	0.0	0.0	0.0	0.0	0.0	0.0
524.2779878400859	0.0151761645827264	274867.4085336492	0.0002303159714419	802.8163235759177	-9.762477629366003	644514.0493999526	95.30596946387166	583.2058784700113	1.156893643465878	1.3384029022917543	340129.0966819776	607.4864072017982	427.99754499962506	0.75583	25.632938	0.1568100063561296	0.0961534922331525	-0.0054269335	-0.0897934244	0.0832845352	-0.0201426837	-0.1001070751	-0.0011328035	-0.0246571847	-0.0583182357	-0.0469615404	-0.0564995744	-0.0647348022	0.0581959873	0.0138301168	-0.0168360886	0.0673721076	0.0539008241	0.041355876	0.1259978143	0.0624703109	0.0666772109	-0.0194935762	-0.0650751108	0.1388851244	0.0707373557	0.0966016521	-0.0273615395	-0.0081272955	0.0577771857	-0.1375514721	0.0410717096	-0.0699197875	-0.0045138353	-0.0490791329	0.0467148894	0.0859425702	0.0131431272	0.0083151794	0.0309663766	0.0572765079	-0.1332162196	-0.027577942	-0.0502535214	-0.0225023837	-0.0549193623	0.0187206899	0.0143354151	-0.1389887813	-0.0416737064	-0.0328375906	0.0103751704	1.65633e-05	0.0551917075	0.0894400231	-0.0465944746	0.0548538624	-0.0427088718	-0.0272314112	-0.028704954	0.0313320886	-0.0376769887	-0.0563005589	0.035472237	0.0333566095	-0.0021923812	0.0216210608	0.0078021692	0.0162120611	-0.1141328809	-0.084636349	-0.0408021002	0.1027578158	0.0263862057	0.0174535291	-0.0307316615	0.1706711606	-0.0328809117	-0.1257912277	0.0449968625	-0.0568145314	0.1383490862	0.0932263164	-0.1059906016	0.0007576158	-0.0825024236	0.1275107432	-0.0860415222	-0.0551468333	0.0947071288	0.0684949724	0.1095332966	0.0359227205	-0.0316274414	0.04181095	0.0376346435	0.0035991134	0.0650875121	0.0078309926	0.014786839	-0.0686527672	-0.0280690122	-0.0620897556	0.006747174	0.0127506056	0.0226024019	-0.1245964737	0.0033858663	0.0441314305	-0.0323607383	0.0311400119	0.0098669988	-0.0033029828	0.0883875282	-0.0417942786	0.0851974714	-0.0458302508	0.0982238939	0.0980117651	0.0976585564	0.0	0.0	0.0	-0.0039461643699922	-0.01452398360027	0.0002109460996209	1.557221323499594e-05	0.1037064835716137	0.0914649003819222	0.0107550347347893	0.0083658280018749	-0.0397570435875564	-0.0143941904603224	0.0015806225148228	0.000207192719008	-0.0013841175026714	0.000207764939179	4.3166269952053585e-08	1.915781261201313e-06	-0.0012064404548721	0.0003651893195903	1.333632391428992e-07	1.4554985711519995e-06	0.0006341655691845	-0.0001555843795028	4.021659691391009e-07	2.4206499145302403e-08	0.0	0.0	0.0	0.0	0.0	0.0	0.0	0.0	0.0	0.0	0.0	0.0	0.0	0.0	0.0	0.0	0.0	0.0	0.0	0.0	0.0	0.0	0.0	0.0	0.0	0.0	0.0	0.0	0.0	0.0	0.0	0.0	0.0	0.0	0.0	0.0	0.0	0.0	0.0
523.3520980663943	-0.9258897736915516	273897.4185504968	0.8572718730265924	796.1160285012763	-6.700295074641417	633800.730836645	44.89395408726404	583.4987168745561	0.2928384045447956	0.0857543311763413	340470.75259425334	606.7449073791504	423.87510171977	0.710981	24.111946	0.2091607136257558	0.0977299478216082	-0.0134640777	-0.0873757091	0.0967447544	-0.022408009	-0.0491235827	-0.0162186433	-0.0230502861	-0.0299749838	-0.050587966	-0.0456959192	-0.0797843937	0.0222478111	0.0237721653	-0.0472882238	0.0192384398	0.0461529651	0.0572685522	0.0644338544	0.0207048655	0.0703633568	0.1048895698	0.0344487913	0.0536567297	-0.043944645	0.0494542731	-0.1920408	0.0453948685	0.0312220213	0.052747683	-0.0936998864	0.05214568	0.1178519987	0.0768042466	-0.0263793883	-0.0187554701	0.0494914286	-0.0247180322	-0.0496820489	0.1470961309	-0.0059388837	0.063520012	-0.0298140088	-0.1012637509	-0.1109049793	-0.1333046236	-0.1951010227	-0.0670475467	0.1311249774	0.0262981866	0.0392277275	0.035549045	-0.0393257712	0.084962863	-0.0652962043	0.0232349	-0.0322939758	-0.0130068921	-0.0366537179	0.0171994298	0.026672492	-0.0912390455	-0.0095373143	0.0563623423	-0.0245284177	0.0957714269	-0.0086722336	-0.0026175823	-0.0481049952	-0.0578672025	0.020146459	0.0491932502	-0.1056405981	-0.1468482227	0.0279394055	-0.0159625776	0.1078734396	0.0561783969	0.0791920559	-0.0848870266	0.0746096667	0.0259932628	-0.0263031711	0.0197380833	0.0356669747	0.0916360021	-0.0125381052	-0.0064719507	-0.0213251958	-0.1728349896	-0.0580916103	-0.0907095584	-0.0328747085	0.0445709982	0.0584448188	0.0001471241	0.0759073733	0.0193920809	0.0176963821	-0.037505095	-0.0394686485	-0.0257501415	0.0171943717	0.0178243174	0.0389506617	-0.0722798402	-0.1141316202	-0.0424347809	-0.0390560078	0.0378105858	-0.018916063	0.0251172696	-0.0005503196	-0.0070018198	0.0986694902	-0.1327409692	0.0981559961	0.097740463	0.0970492106	0.0	0.0	0.0	-0.0272642772981726	-0.0233181129281804	0.0005437343905313	0.0007433408165916	0.0298475203105681	-0.0738589632610456	0.0008908744686897	0.0054551464539964	0.0031058892409134	0.0428629328284698	9.646547976821615e-06	0.0018372310106579	-0.0009213988339555	0.0004627186687159	2.1410856637821486e-07	8.48975811214555e-07	-0.0005571674731221	0.00064927298175	4.2155540483053606e-07	3.1043559310526605e-07	0.0003637431274892	-0.0002704224416953	1.323090627956244e-07	7.312829697244792e-08	0.0	0.0	0.0	0.0	0.0	0.0	0.0	0.0	0.0	0.0	0.0	0.0	0.0	0.0	0.0	0.0	0.0	0.0	0.0	0.0	0.0	0.0	0.0	0.0	0.0	0.0	0.0	0.0	0.0	0.0	0.0	0.0	0.0	0.0	0.0	0.0	0.0	0.0	0.0
522.9767585828306	-0.3753394835637209	273504.69001780427	0.1408797279218807	795.7156802618016	-0.4003482394747379	633163.4438145016	0.1602787128505221	583.756777915835	0.2580610412788928	0.0665955010259464	340771.97576267744	608.5041135569088	426.9540667344277	0.768255	26.054317	0.1166162095269625	0.0795982265202674	-0.0172520476	-0.0849139563	0.0745415469	-0.0053100797	-0.0351128897	0.0187073383	0.0949037306	-0.0654903394	0.0028389056	-0.0877712872	-0.0768566899	0.0595315937	0.0105188051	-0.1085840534	-0.0276692692	0.1444867154	0.0353354867	0.0020925883	-0.0591015767	0.058955661	-0.0757795521	0.0905880571	0.1253600221	0.0217943014	-0.0676984596	-0.0739348928	0.0732515981	-0.0927420899	0.0676931412	0.0776110254	0.0921912853	-0.0801347022	-0.1271798499	-0.0474299964	-0.0844990202	0.0894532925	-0.0621723822	-0.0475212678	0.0619880444	0.0635071546	-0.005261439	0.1792478745	0.1062331673	-0.1777975103	-0.0809459242	0.0742421507	-0.0263398491	0.0419460779	0.0742590633	0.0161631465	-0.0240987587	-0.0462162174	0.0530009448	-0.053208106	0.0954539857	-0.0373505917	0.0515766044	0.088941064	0.0026570117	-0.0020342146	-0.0435120691	0.090438186	0.1193178219	-0.0546666054	0.0392573378	0.0532284826	-0.0396303094	-0.05334407	0.1148904154	0.0870850234	-0.0423517642	-0.0420977517	-0.090596768	-0.1466010411	0.0531764142	-0.0443781962	0.0009739281	-0.0263670824	-0.1534289519	0.0975230584	-0.0002932969	0.0618173148	0.1837191998	0.1169034838	-0.0061481635	-0.0208328812	0.0943572513	0.0015536864	-0.0932300949	-0.0990242516	-0.0026977978	-0.0357615021	0.0418979666	0.0330478939	0.0117729149	0.0359632453	0.002855142	0.0199829502	-0.0579203694	-0.047442388	-0.043472278	0.0161614907	-0.00365396	-0.0653399916	-0.0586782019	-0.0305252799	0.0499117127	-0.0259792728	0.0403942858	0.046249984	0.0128616854	0.0205268793	0.0461293054	0.0623906471	-0.0467225929	0.0980654899	0.0973791159	0.0962387154	0.0	0.0	0.0	-0.0143966788232035	0.0128675984749691	0.000165575090513	0.0002072643611384	0.1067732448854315	0.0769257245748634	0.0114005258233643	0.0059175671013677	-0.0090962914374017	-0.012202180678315	8.274251791414747e-05	0.0001488932133062	-0.0009913448715296	-6.994603757409996e-05	4.892448172317403e-09	9.82764654308039e-07	-0.0006952228754759	-0.0001380554023538	1.9059294119069608e-08	4.833348465849787e-07	0.0004481558035376	8.44126760484e-05	2.0084362424443198e-07	7.125499877652124e-09	0.0	0.0	0.0	0.0	0.0	0.0	0.0	0.0	0.0	0.0	0.0	0.0	0.0	0.0	0.0	0.0	0.0	0.0	0.0	0.0	0.0	0.0	0.0	0.0	0.0	0.0	0.0	0.0	0.0	0.0	0.0	0.0	0.0	0.0	0.0	0.0	0.0	0.0	0.0
520.6534479878244	-2.3233105950062054	271080.0129016102	5.397772120868088	789.2283630817257	-6.487317180075934	622881.4090926602	42.08528419490836	582.5357944404817	-1.2209834753532505	1.4908006470857016	339347.9518044032	606.4503628152315	418.9239825073993	0.8239149999999998	27.941948	0.1517728971341904	0.0919373933548227	-0.0125449924	-0.0654856287	0.0681794581	0.0264376064	0.0130418346	-0.0186024581	0.0733113422	-0.0513100951	-0.0031040718	0.0022919949	-0.0582979401	0.0004878186	0.0104828474	-0.1176006916	-0.0637731784	0.0321407096	-0.1121616299	0.0512339317	-0.0879536342	-0.0768660685	0.0422485046	0.0006514225	-0.0389738548	0.1687260827	-0.1111454919	-0.1229958762	-0.0514199319	0.1160933999	-0.0565376175	0.0219076352	0.0188207591	0.0379488708	0.1277859078	-0.0162843903	0.0461634646	-0.0263947085	0.0473707623	0.0058898829	-0.0180209642	0.0707809127	-0.0177095658	0.0272163228	-0.0414008961	0.054167077	0.0566786914	-0.0183855572	0.0017523232	-0.0099356349	-0.0445195002	0.0414432978	-0.0338190371	0.0478656855	-0.0300813744	-0.0553903355	0.0296408495	-0.0299141008	0.0776593657	0.0110920927	-0.101097701	0.0076684577	-0.0976650085	-0.0975465797	0.025812182	0.0973901582	0.0685498229	0.0572031489	0.017788614	0.0872165242	0.0434143996	-0.0329632139	0.0054340791	-0.1866569853	-0.0578073742	0.0767864965	0.0418138012	-0.0296372108	0.139122591	-0.0779391644	0.0060661889	0.0511284401	-0.0187917188	-0.0350032749	-0.0817571493	0.0023413686	-0.0223564687	-0.0027336293	-0.0538285636	-0.0555428662	-0.0088218457	-0.1225392093	-0.1360897493	-0.0325618036	0.0493797618	0.0729902316	0.0199137653	0.0762623878	0.0174185561	0.0074754698	-0.0435429626	-0.0215566133	-0.020223493	-0.0249897892	0.0264198674	0.0514040474	-0.004208569	-0.0984431983	0.0119064888	-0.0899238624	0.1184714726	-0.0241621743	-0.0430235671	-0.0848681289	0.0818626989	0.0410670781	-0.0661529857	0.0979523964	0.0969280565	0.0952287508	0.0	0.0	0.0	0.0113271539814832	0.0257238328046867	0.0006617155741634	0.0001283044173202	0.0231227710879124	-0.0836504737975191	0.0005346625427839	0.0069974017665494	0.0070986674340929	0.0161949588714946	5.0391079339851074e-05	0.0002622766928494	-0.0005428224104575	0.000448522461072	2.0117239808617338e-07	2.946561692948906e-07	-0.0007391297456325	-4.390687015660001e-05	1.9278132469485324e-09	5.463127808787641e-07	0.0004797991055187	3.164330198109999e-05	2.3020718165654465e-07	1.0012985602670867e-09	0.0	0.0	0.0	0.0	0.0	0.0	0.0	0.0	0.0	0.0	0.0	0.0	0.0	0.0	0.0	0.0	0.0	0.0	0.0	0.0	0.0	0.0	0.0	0.0	0.0	0.0	0.0	0.0	0.0	0.0	0.0	0.0	0.0	0.0	0.0	0.0	0.0	0.0	0.0
519.8273083762889	-0.8261396115354955	270220.4305337373	0.6825066577480194	789.4157961572123	0.1874330754866378	623177.2992225253	0.0351311577863796	582.2743255232568	-0.2614689172248745	0.0683659946747482	339043.39016356366	605.4967520041544	416.8125015575417	0.841049	28.523014	0.1309119822655841	0.0940623714995405	-0.0326373888	-0.0476294125	0.0199786732	0.0312869451	-0.0006727358	-0.0159099655	0.0627387202	-0.0077698016	0.0162850087	-0.0516895775	-0.0471898529	0.001250809	0.0246618299	-0.1115360603	-0.0827617545	0.0410674635	-0.080869216	0.0149514776	-0.0419304055	0.1169103473	-0.0836580425	0.0113998547	0.0095214771	-0.0452927352	0.0018208425	0.0159715731	-0.0220548855	-0.0161505988	-0.0358995692	0.0869694432	-0.1863360784	0.1008457949	0.0833596638	0.1545200377	-0.0308103503	0.1099984159	0.1620154686	0.0788882742	0.0849872884	-0.0540189907	-0.080294928	-0.0941196853	-0.2328868864	-0.10644175	-0.0570898603	0.1019030236	0.0688664578	-0.0151653465	-0.0041311511	-0.0459824409	0.0126174556	0.054756891	0.0346711317	-0.043932755	0.0104865014	-0.0296675687	0.0752251694	0.0729391646	-0.0195163964	0.0816928085	-0.0204901093	-0.0074029557	0.0062705624	-0.0986757378	-0.0050423418	0.1050271444	-0.0649230828	0.0320585258	0.021380602	0.0016349995	-0.0901874695	0.0674856679	0.0930097079	0.0945418097	0.1224608192	0.0135129048	-0.0028272111	0.1826900031	0.0433743071	0.0899859743	-0.0588949077	-0.1842707092	0.0030273475	0.1432561937	0.2057445683	0.0364981992	-0.1983511317	-0.0476671202	0.143951157	-0.0360983539	0.0587982733	-0.042200346	0.0451806105	0.034810934	-0.0060781992	0.0402853748	0.021641217	-0.0056724586	-0.0765942287	-0.0312922333	0.0017334659	-0.0412281192	-0.0286016264	0.1062403372	-0.0907636944	0.0918388957	-0.0453975425	-0.0899713663	0.0014361045	0.0939835973	-0.0088056216	-0.0731714276	0.0836515139	-0.0016159186	0.1201932885	0.0978167415	0.0963877005	0.0940214101	0.0	0.0	0.0	-0.0109085399923571	-0.0222356939738403	0.0004944260864982	0.0001189962447648	0.1135578896856657	0.0904351185977533	0.0128953943098618	0.0081785106757897	0.0069873443804624	-0.0001113230536305	4.882298149117948e-05	1.239282226961922e-08	-0.0006598255211007	-0.0001170031106431	1.3689727900184896e-08	4.3536971829581037e-07	-0.0008951290834504	-0.0001559993378178	2.4335793399623263e-08	8.012560760387531e-07	0.0003902046211726	-8.959448434609998e-05	1.522596463844523e-07	8.027171625243554e-09	0.0	0.0	0.0	0.0	0.0	0.0	0.0	0.0	0.0	0.0	0.0	0.0	0.0	0.0	0.0	0.0	0.0	0.0	0.0	0.0	0.0	0.0	0.0	0.0	0.0	0.0	0.0	0.0	0.0	0.0	0.0	0.0	0.0	0.0	0.0	0.0	0.0	0.0	0.0
518.4700409373713	-1.3572674389175745	268811.1833495995	1.842174900745872	785.5091999790125	-3.906596178199834	617024.7032516683	15.261493699525548	580.9145020870579	-1.3598234361988943	1.8491197776357684	337461.6587350544	605.0464724243665	413.314371717616	0.8101509999999998	27.475174	0.0697541449066977	0.0371631564651407	-0.0186689132	-0.0515471109	-0.0013968038	0.1206329303	0.0415154599	-0.0131605842	0.0891511454	6.8917e-06	0.0181652854	0.0309711003	-0.0212826219	-0.0421388872	0.0208640157	-0.1554976497	-0.0426923926	0.0101714093	-0.0193513243	0.0763361873	0.0308763572	-0.0613243809	-0.0374204581	0.0118913202	-0.0580979966	0.0271090161	0.0346230079	0.0272217123	-0.1414533211	-0.0502541698	-0.0275960398	-0.0469616305	0.0227542799	-0.0384909798	0.0974736007	-0.0001908413	0.0356045686	-0.0604421219	0.0040520966	-0.1259222109	-0.1454890602	-0.0574822564	-0.0197049347	-0.0086269705	-0.0941797718	-0.058452574	0.042356274	-0.1780733105	0.0365063715	0.1105659381	-0.0684015849	0.0638937049	0.042106572	0.0314966751	-0.0665315719	-0.0175888507	0.0268103459	0.0083046926	0.1461622132	0.0073607229	-0.0690521377	0.0048675183	-0.044601715	-0.0866463051	-0.0785237237	-0.0612180619	-0.0095929216	0.0319927369	-0.0265213385	0.0208681207	0.0075532043	0.057750201	0.032011983	-0.0036929425	0.0296733776	0.0128721588	-0.0130988551	0.0580396856	-0.0160148777	-0.0906309071	0.130422923	-0.0171916689	0.0479635893	-0.0422988389	-0.1129287472	0.004694801	-0.1513003425	0.0482242876	0.046066933	0.0542510057	-0.0313985383	-0.1115220839	-0.1697109729	-0.0357413438	0.0468099187	0.0434475101	0.0061350649	0.065326526	-0.0023156498	8.26052e-05	-0.0443644903	-0.0152988186	0.0025372803	-0.0710776835	-0.0346464909	0.0622422482	0.0353978648	0.1125628267	-0.0175574725	-0.0058681042	0.0064781247	0.006390522	-0.138750205	-0.0715544535	0.1075378235	-0.0409182807	0.0591664618	0.0976585564	0.0957585456	0.0926191957	0.0	0.0	0.0	-0.0084014917833457	0.0025070482090113	6.285290722307267e-06	7.058506418562531e-05	0.1095325564693041	-0.0040253332163616	0.0119973809267012	1.6203307502744033e-05	-0.0093493377902973	-0.0163366821707597	8.741011711708122e-05	0.0002668871843484	-0.0003269042250726	0.0003329212960281	1.108365893490298e-07	1.068663723703171e-07	-0.0003910796969106	0.0005040493865398	2.5406578407114865e-07	1.5294332933568678e-07	0.000490935564816	0.0001007309436434	2.4101772880120496e-07	1.0146723007289831e-08	0.0	0.0	0.0	0.0	0.0	0.0	0.0	0.0	0.0	0.0	0.0	0.0	0.0	0.0	0.0	0.0	0.0	0.0	0.0	0.0	0.0	0.0	0.0	0.0	0.0	0.0	0.0	0.0	0.0	0.0	0.0	0.0	0.0	0.0	0.0	0.0	0.0	0.0	0.0
518.7325022960507	0.2624613586793884	269083.4089383223	0.0688859647998306	787.1088951512387	1.5996951722262338	619540.4128262036	2.55902464404392	580.5511474131043	-0.3633546739536086	0.1320266190839332	337039.634762672	603.8461362182117	410.63836423066215	0.795922	26.992624	0.1346339436906542	0.0701012192958865	-0.0363902915	-0.0346406064	-0.0355928207	0.0917760564	0.0285262944	-0.0387913238	-0.0078190361	0.0040847615	0.0076696244	0.0432307134	-0.0028955157	-0.0692100612	0.0644828422	-0.0462748338	0.0772028422	0.0047035775	0.0413738591	0.0879738761	-0.0174808625	-0.0240368242	0.0810023986	-0.0507328519	-0.102080292	-0.0737262615	0.0776753444	0.0268795314	0.0479582199	-0.0293884642	0.0677139089	0.0333682259	0.1402966943	-0.0174685601	0.0441332436	-0.0305814176	0.0234559612	0.1038205	0.1986198384	0.0123653805	0.0515563441	-0.0256498928	-0.1157003258	0.205805876	0.0086421515	0.0077286564	0.0852519382	-0.1093690259	0.055384346	-0.0840498795	0.0517582697	-0.0539166248	-0.0220372669	-0.008605273	-0.0242753072	-0.0234325556	-0.0458825696	-0.0137857481	0.0602370214	-0.0625420241	0.0172427667	0.0451263722	-0.0261322807	0.039795037	-0.044425496	-0.0996225046	-0.0252964596	-0.0174620713	0.0819865076	-0.0339018594	-0.1073583073	-0.0439023545	-0.0569182993	-0.003396659	-0.0891529855	-0.0824112403	-0.1240907004	0.0475043038	0.0660853586	-0.0065066333	0.0283929499	0.0399939953	-0.023528321	-0.0893451301	0.0004418885	0.0995775759	-0.1507580203	-0.0509568932	0.0432836394	-0.0461131732	0.1857661984	0.0037187352	0.1666206544	-0.0431845574	0.034177487	0.0287980893	-0.001384233	0.0232808723	0.0232466784	-0.032770406	-0.0201083426	0.0045396128	0.0848410331	-0.0947724215	-0.0272136143	0.0639297075	0.0777861923	0.1336659714	-0.0153258541	-0.1188953738	0.1004877979	-0.0659222475	-0.0293867502	-0.0516622206	0.0804955819	-0.0494121626	0.0492643913	0.0974778776	0.0950411715	0.0910250139	0.0	0.0	0.0	-0.0179247804895936	-0.0095232887062479	9.06930277825488e-05	0.0003212977556001	0.0764152944428815	-0.0331172620264225	0.0058392972247922	0.0010967530441267	0.0329258490070714	0.0422751867973687	0.0010841115328364	0.0017871914187524	-0.0010828787369816	-0.000755974511909	5.714974626560511e-07	1.1726263590068654e-06	-0.0005622294589537	-0.0001711497620431	2.9292241047409773e-08	3.161019645153703e-07	0.0004236957155558	-6.72398492602e-05	1.795180593803414e-07	4.521197328534419e-09	0.0	0.0	0.0	0.0	0.0	0.0	0.0	0.0	0.0	0.0	0.0	0.0	0.0	0.0	0.0	0.0	0.0	0.0	0.0	0.0	0.0	0.0	0.0	0.0	0.0	0.0	0.0	0.0	0.0	0.0	0.0	0.0	0.0	0.0	0.0	0.0	0.0	0.0	0.0
519.056311549373	0.323809253322338	269419.4545592398	0.10485243253717	786.0462520220126	-1.0626431292261032	617868.7103178534	1.1292104200914446	579.7847351265551	-0.7664122865492118	0.5873877929735911	336150.33908576966	603.3979439031882	415.6596219155708	0.757231	25.680462	0.1199335317603762	0.0604541837920698	-0.0265615081	-0.0422393769	-0.0004676681	0.0598897803	0.0377437105	-0.0075508857	0.0532550474	0.013544019	-0.0711569889	0.0011633037	0.0131937299	-0.0338787694	0.0723245599	-0.0075492541	0.1447245065	-0.002052375	0.0175976578	0.0141354926	-0.0666597871	-0.0550926656	-0.0011313602	-0.0057439609	0.0674347868	-0.0520062532	0.1137117487	-0.0144303651	0.0722184338	-0.0348935339	0.0339096724	0.1145167858	0.0907301484	-0.0780012788	-0.0863375975	0.0361901064	-0.046915553	-0.1590385238	0.1068894003	0.0424679417	0.0298031525	0.0136416034	0.0518995958	-0.0881328164	-0.0757179076	0.0519717602	-0.0713853276	0.0388666931	-0.069869306	-0.003248445	0.0182731458	0.046673203	0.0050222945	-0.0478851784	0.0299089652	0.0102360857	-0.0187485549	-0.0215311704	0.0735232125	-0.0720449821	0.0242837578	-0.0083333569	-0.0530937207	0.1310301699	-0.0192379371	0.0923010217	-0.0998768159	0.0396811059	0.0034324439	-0.0882014799	-0.0636241582	-0.0749045953	0.0621924553	0.0277432199	-0.0619073989	-1.50999e-05	-0.0493068945	0.0802986685	-0.0129929983	-0.0022400483	0.0174834699	-0.0763790268	0.0550364803	0.0189402803	0.1007028772	0.1127717393	0.0535447968	0.0482683117	-0.0758049366	0.045024898	-0.13247639	0.0613918313	0.0268358749	-0.0357467485	0.0369591246	0.0207836722	0.0016628512	0.0454983383	0.0128611231	-0.0118407852	-0.0118436966	-0.0012246982	0.024489897	-0.0760811512	-0.0152110034	-0.021741034	0.0977232484	0.0155797064	0.0602720847	-0.0860027418	0.1327160248	-0.0512226927	-0.0883992507	-0.0272371895	0.080130866	-0.0673408625	0.0215958385	0.0972747467	0.0942362391	0.0892421688	0.0	0.0	0.0	-0.0301088852171176	-0.012184104727524	0.0001484524080112	0.0009065449690175	0.1278766875859247	0.0514613931430431	0.0163524472279481	0.0026482749842228	0.0117973501983073	-0.0211284988087641	0.0001391774717015	0.0004464134619119	-0.001270902394497	-0.0001880236575153	3.5352895785468364e-08	1.615192896338208e-06	-0.0008786427215972	-0.0003164132626434	1.0011735277670449e-07	7.720130322157347e-07	0.0002249419340938	-0.000198753781462	5.059887371385947e-08	3.9503065645444476e-08	0.0	0.0	0.0	0.0	0.0	0.0	0.0	0.0	0.0	0.0	0.0	0.0	0.0	0.0	0.0	0.0	0.0	0.0	0.0	0.0	0.0	0.0	0.0	0.0	0.0	0.0	0.0	0.0	0.0	0.0	0.0	0.0	0.0	0.0	0.0	0.0	0.0	0.0	0.0
518.7007551268416	-0.3555564225314356	269050.4733691557	0.1264203696033527	787.113334298831	1.0670822768183823	619547.4010310232	1.1386645854999031	580.3605425604459	0.5758074338907591	0.3315542009238608	336818.35936105513	603.764338039961	413.06456170831	0.790435	26.806509	0.1261353368306103	0.0748165338394296	-0.0348407891	-0.0312554715	0.0077930529	-0.0132407655	0.0157095321	-0.0305286711	0.0481081612	0.0065909176	0.0183731775	-0.047435208	0.0082665948	-0.0475009721	0.0168929498	-0.022962073	0.0836511115	0.0103645457	0.0272659082	-0.0201759079	-0.117596589	-0.0934452968	-0.0150837401	-0.0015344066	-0.048893367	-0.0723185838	0.1245489307	0.1780885839	0.0775291136	0.0508122806	-0.0788241813	-0.0632607687	0.0996899208	0.1232756931	-0.0532587328	0.0454635594	-0.0035141819	0.0934863679	0.0223182184	-0.0187037866	-0.0274009898	0.0463344998	-0.067086408	0.0586651757	0.0350221534	-0.0220794164	-0.1582669983	0.0245590222	0.0807592565	-0.00540857	0.1121733134	0.2149580621	-0.1910730739	-0.0908008731	-0.2450780072	-0.0112400574	-0.0401459693	0.0188274759	0.0206471663	-0.035650461	0.0016384076	0.0602487737	-0.031751071	0.0588586803	0.1331222699	0.0259245086	0.0332731262	0.0575698182	0.0317726775	-0.116845707	-0.0096120971	-0.0914570346	0.0042970659	0.1228333249	0.0365172906	0.0340438179	-0.1948175114	0.0071158203	-0.0041579428	-0.0421648379	0.075143877	0.0927563585	0.1096858013	-0.0233094772	0.1650878844	-0.0387044798	-0.0488963095	-0.0187164294	0.0634017205	0.0987825826	0.0253318311	-0.1163495064	0.1665578458	-0.0410272278	0.0415150489	0.0342017765	-0.0045226249	0.0246912284	0.0369097051	-0.0235153439	-0.0187186052	-0.0348673951	0.0748391911	-0.0258736178	-0.0233414598	0.0185772509	0.0178747841	0.0339246769	-0.0080022132	-0.2133034143	0.1665729986	-0.0690693446	-0.0071636182	-0.1371474107	0.1105798816	-0.1130188625	0.164020522	0.0970492106	0.0933444899	0.0872743556	0.0	0.0	0.0	-0.0277973178317409	0.0023115673853767	5.343343777137272e-06	0.0007726908786388	0.0728710893773438	-0.0550055982085808	0.0053101956670408	0.0030256158342838	0.0110346997532246	-0.0007626504450827	0.0001217645986438	5.816357013848404e-07	-0.0004098948877133	0.0008610075067836	7.413339267378829e-07	1.6801381897349884e-07	-0.0013140366374408	-0.0004353939158436	1.8956786195362386e-07	1.7266922845367244e-06	0.0001602329408897	-6.470899320409998e-05	2.5674595346162096e-08	4.187253801488258e-09	0.0	0.0	0.0	0.0	0.0	0.0	0.0	0.0	0.0	0.0	0.0	0.0	0.0	0.0	0.0	0.0	0.0	0.0	0.0	0.0	0.0	0.0	0.0	0.0	0.0	0.0	0.0	0.0	0.0	0.0	0.0	0.0	0.0	0.0	0.0	0.0	0.0	0.0	0.0
518.968461709156	0.2677065823144176	269328.2642487677	0.071666814214466	786.5913703427677	-0.5219639560632459	618725.9838977131	0.272446371429194	580.2913233359405	-0.069219224505332	0.0047913010411195	336738.0199389771	603.6930803080074	416.14898645996334	0.78457	26.607613	0.1832089724263703	0.0865920561756807	-0.0249760767	-0.025697787	0.0105576244	-0.0086390912	0.0312809493	-0.0242090143	0.0345288575	0.0255282968	0.0062046879	0.0304656471	0.008607498	-0.0467883742	0.0464773515	0.0172794418	0.1123649538	-0.0391291857	-0.016040523	-0.0484637722	0.0643275707	0.1338674356	-0.0058334096	0.0371368973	-0.0235316564	-0.0215129912	-0.0440075584	0.0650496291	0.0473973517	-0.0709808015	-0.0337334302	-0.0848199912	0.1152169136	-0.0618843848	0.0162250673	-0.0539703111	-0.0386473909	-0.0825686245	-0.0204406578	-0.1448225509	0.0459018826	0.0621322389	0.0032493806	0.0427304008	0.0265601945	0.1025104862	-0.052479442	-0.054677818	-0.0730452025	-0.0750315082	0.0628374129	0.0539761205	-0.0251312933	0.1020645683	0.0129027725	-0.0069168582	-0.0337083257	0.0121426196	0.0386608368	-0.0944144047	0.0205712138	0.020850456	-0.0031324499	-0.003329416	0.1665139823	0.0203100987	-0.0336854092	-0.0551398228	0.010948064	0.0558254141	-0.0146772414	0.1534972211	-0.0261504856	0.090122077	-0.0791130029	0.0095106944	-0.0677167673	-0.015716929	0.0359212623	-0.1162741366	-0.0632407315	-0.0336972504	0.0830936704	0.0488270016	0.0378816398	0.0335235232	-0.0851020495	-0.0910628482	0.0649396747	0.0446426433	-0.0350158205	0.1236606446	0.0120376126	-0.0302795455	0.0298333027	0.0185246409	-0.003466189	0.0186608354	0.0058967406	0.0019466912	-0.0052016059	-0.0058353436	-0.0270997335	0.0338233048	0.0091615244	-0.0093113799	-0.0041411371	-0.1127100548	0.0664354703	-0.0291821331	0.064963769	-0.0317539599	-0.0593246783	-0.0455222811	0.0856751774	0.0105842609	-0.0071747397	0.096801321	0.0923667455	0.0851256531	0.0	0.0	0.0	-0.0518000512310123	-0.0240027333992714	0.0005761312106364	0.0026832453075354	0.1342939219573082	0.0614228325799643	0.0180348574746755	0.0037727643621463	0.0309676022616542	0.0199329025084296	0.000958992389836	0.0003973206024105	-0.0012253419059388	-0.0008154470182254	6.649538395328587e-07	1.5014627864497307e-06	-0.0008102442967226	0.0005037923407181	2.538067225663229e-07	6.564958203715008e-07	0.0003980036607201	0.0002377707198304	1.584069139466005e-07	5.653491520866657e-08	0.0	0.0	0.0	0.0	0.0	0.0	0.0	0.0	0.0	0.0	0.0	0.0	0.0	0.0	0.0	0.0	0.0	0.0	0.0	0.0	0.0	0.0	0.0	0.0	0.0	0.0	0.0	0.0	0.0	0.0	0.0	0.0	0.0	0.0	0.0	0.0	0.0	0.0	0.0
518.687045609464	-0.2814160996920236	269036.2512830742	0.0791950211658709	782.9829532556366	-3.6084170871311017	613062.3050889184	13.020673874699703	580.275808591454	-0.0155147444864951	0.0002407072964812	336720.01403646584	603.248474840258	411.56974384277527	0.762727	25.866859	0.0759679381219722	0.0541315112177066	-0.0327292027	-0.0170360128	-0.0221065238	-0.0118107203	0.0516109177	-0.0608238875	-0.0717334993	0.0688912728	0.0101497367	0.0073802713	-0.0001562764	-0.0612764901	0.0408822459	0.011257295	0.0952607942	-0.0533554761	0.0722925684	0.0263807479	-0.0486245503	0.0627675482	0.0622327994	0.0458404277	0.0776856488	0.0156907251	-0.0349013354	-0.0661148833	-0.0946161598	-0.0456158668	-0.0506728403	-0.0264458724	-0.0029638301	0.0322717515	-0.1381008474	-0.1437810034	0.0323827951	-0.0420031336	0.034168782	0.0589569403	-0.0065081037	0.1185456853	-0.1891890987	0.0334243163	0.0341537649	-0.0726548717	0.0163377653	0.0305690493	0.1495669018	0.0236745405	0.0856476571	0.0768771012	0.1041766331	-0.0342555491	-0.0732199308	-0.0279613751	-0.0741844947	0.0025109819	-0.0225288943	-0.1145840914	0.0442687062	0.0406469992	-0.0327795799	0.0150611509	0.0550409764	-0.0318855466	0.1065100274	-0.0229721193	0.0246781325	-0.0419441063	-0.0314970974	0.0230990807	-0.0261041931	-0.0929475238	0.0162320977	-0.0919051223	0.0574476305	-0.0374954223	-0.0817210406	-0.1129822435	-0.0243110857	-0.1235881236	0.0323976755	0.035326207	0.0514174319	0.0106234429	0.0015416609	-0.1226706827	-0.1196264502	-0.156093587	0.0499234398	-0.1931222222	0.0960812437	-0.0293884313	0.0293245502	0.0321830408	-0.0112793776	0.036868959	0.0152053132	0.0030085925	-0.045428924	-0.0283390562	0.0230398802	0.0333772825	0.0070335205	0.1015218861	-0.0954950059	-0.042349654	-0.085527504	-0.0306377332	0.0204163903	0.0022396217	0.0399331814	-0.0073895162	0.0360356859	-0.0198872316	0.00572216	0.0965311352	0.0913039066	0.0828005146	0.0	0.0	0.0	-0.0419080731114149	0.0098919781195973	9.785123111859366e-05	0.0017562865919116	0.0819141435288628	-0.0523797784284453	0.0067099269100671	0.002743641188213	0.0310876534165487	0.0001200511548945	0.0009664421949474	1.4412279791503944e-08	-0.0011753389789894	5.00029269494e-05	2.5002927035070323e-09	1.3814217155318451e-06	-0.0009646932389044	-0.0001544489421817	2.3854475741076996e-08	9.306330451878618e-07	0.0003309329214706	-6.707073924950001e-05	1.095165985130663e-07	4.498484063474422e-09	0.0	0.0	0.0	0.0	0.0	0.0	0.0	0.0	0.0	0.0	0.0	0.0	0.0	0.0	0.0	0.0	0.0	0.0	0.0	0.0	0.0	0.0	0.0	0.0	0.0	0.0	0.0	0.0	0.0	0.0	0.0	0.0	0.0	0.0	0.0	0.0	0.0	0.0	0.0
520.3231141076363	1.6360684981723352	270736.1430746684	2.6767201307118804	788.0206652635719	5.037712007935284	620976.5688824424	25.378542274895345	580.9696773421429	0.6938687506888073	0.4814538431824461	337525.7659910336	603.8632802181556	415.8783413117259	0.731525	24.808683	0.1370479039792235	0.0772016237594832	-0.0342234226	-0.0167082285	-0.017173161	-0.0434270671	0.0210624278	-0.0557083776	-0.0837513627	0.0092684295	-0.0086865831	0.031256408	-0.0065301617	-0.0355803047	0.0399754943	0.065728025	0.1320977133	-0.0230102774	-0.0479946552	0.1539543301	-0.0649684424	0.0812756429	0.163520229	-0.0204373715	-0.0925289806	0.1402097227	0.0504346373	0.1423338336	-0.1556688961	0.0737992747	0.1157028847	0.0377710585	-0.0845864628	-0.0860760286	0.0201697167	0.0860004495	0.0276237353	-0.0411251194	-0.064627255	-0.0116935931	-0.0484953567	-0.0799209493	-0.029679071	0.0493264232	0.1877806908	0.0880705497	-0.0589091178	0.1119620112	-0.0567584498	-0.0091319828	-0.1486963137	-0.1477206442	-0.0493175958	0.0718317783	-0.008280107	-0.0203056841	-0.0561940809	-0.0055343102	-0.0261309588	-0.1377279146	0.0967365099	-0.0327968504	-0.0236395627	-0.0243497383	-0.0028456744	0.0206239029	0.0200787951	0.0585187147	0.0645846671	-0.0246245376	-0.1662482895	0.1411396634	-0.0630110135	0.0569913667	0.1601300555	-0.2137248366	0.0006766277	-0.0736496982	0.066745468	-0.0038766673	-0.028579376	0.0725023502	-0.102752106	-0.0838623238	-0.0592301983	-0.2078193372	0.005514102	0.1151836044	-0.0678841261	0.1439207547	0.0407960799	0.0379471126	-0.0229203176	-0.0357768053	0.0255895446	-0.0042656299	-0.0097160346	0.0115005619	0.0153933899	0.023281883	-0.0088305851	0.0014165531	-0.0288154207	0.049236979	-0.0128780513	0.0654303441	-0.1054807181	-0.0030031133	-0.0211040823	0.0233034917	-0.0265946055	-0.0391004054	-0.0122974844	0.0738469326	-0.0005798985	0.0030858097	-0.0004084321	0.0962387154	0.0901569523	0.0803037594	0.0	0.0	0.0	-0.0517165789449336	-0.0098085058335187	9.620678668617038e-05	0.0026746045377675	0.1369487817733841	0.0550346382445213	0.0187549688292139	0.0030288114067053	0.037812919854872	0.0067252664383232	0.0014298169079509	4.522920866643774e-05	-0.0021359530269916	-0.0009606140480021	9.227793492191728e-07	4.562295333514578e-06	-0.0010695945641143	-0.0001049013252099	1.100428803079321e-08	1.1440325315828596e-06	8.685842542549495e-05	-0.0002440744960451	7.544386067396268e-09	5.9572359619672004e-08	0.0	0.0	0.0	0.0	0.0	0.0	0.0	0.0	0.0	0.0	0.0	0.0	0.0	0.0	0.0	0.0	0.0	0.0	0.0	0.0	0.0	0.0	0.0	0.0	0.0	0.0	0.0	0.0	0.0	0.0	0.0	0.0	0.0	0.0	0.0	0.0	0.0	0.0	0.0
521.3038329837109	0.9807188760745476	271757.6862835087	0.9618095138889238	790.4737870511952	2.4531217876233318	624848.8080150584	6.017806504912289	582.5673282826582	1.5976509405153363	2.5524885277295395	339384.69198239443	604.7431898898766	414.8045483578152	0.703858	23.870384	0.1946375339108291	0.1159723380331386	-0.0293977755	-0.0219217333	-0.0245429245	-0.0155292523	-9.08474e-05	-0.0667646694	-0.1373233764	-0.0136839253	-0.0436694701	0.0071364642	-0.0400910937	0.0052466934	-0.0070109418	0.060257086	0.0946835717	-0.0886783271	0.0128350473	0.0857798204	0.0365720124	-0.0312354596	-0.0130079465	0.0050908964	-5.85765e-05	-0.0107140039	-0.0667229072	-0.0078270866	0.0424226313	-0.0582961461	0.0368660538	0.0014478897	-0.0003855609	0.0624220351	-0.0117722781	-0.0438941136	-0.0789094205	-0.0707677601	-0.1133497322	0.1250070406	-0.1439301546	0.0895927379	-0.1018759592	-0.0164698412	0.018639929	0.0034930872	-0.0867270655	0.0982876346	0.0618937147	0.0159748464	0.073688879	-0.0237666608	0.008848777	0.032646704	0.0069924351	-0.0428039701	-0.0517347623	-0.0047921588	-0.0974186803	-0.1189666749	0.0509726662	-0.0103312725	-0.0578469218	-0.0166263612	-0.0156162798	-0.0871221076	0.0176292553	0.0174041527	0.0527906796	-0.0077367525	0.0215341658	-0.0069895123	-0.0398149651	-0.0100772019	-0.0040098325	0.00469947	0.0523847897	-0.0926381382	-0.0689016172	-0.1089051472	-0.1333279069	-0.0689469724	-0.096287158	-0.0133758532	0.0298451943	-0.0831987232	-0.0208826829	0.0857688343	-0.1140838347	-0.004885786	-0.0540820637	-0.0870786134	-0.0077849303	-0.0286674346	0.0247929186	0.0221612108	-0.0022344654	0.0249323686	0.0104715611	0.0054840691	-0.0160589261	-0.0112331006	0.0320660364	0.0008814849	-0.0258529083	0.0648980453	-0.056986311	0.0543283288	-0.1151492088	0.0285721634	-0.0550683027	-0.0490820464	0.0147410517	0.0341910201	-0.0360106741	-0.0062434211	-0.011167082	0.0959241289	0.0889269395	0.0776405624	0.0	0.0	0.0	-0.0600595311953497	-0.008342952250416	6.960485225272304e-05	0.0036071472874051	0.0500597706236192	-0.0868890111497649	0.0025059806348893	0.0075497002585839	0.0241953901417986	-0.0136175297130733	0.0005854169041138	0.0001854371154864	-0.0007830649288145	0.001352888098177	1.8303062061892495e-06	6.131906827392579e-07	-0.0009329455660009	0.0001366489981134	1.867294868539601e-08	8.703874291207397e-07	-0.0001393652942355	-0.0002262237196609	1.9422685237347493e-08	5.117717133725643e-08	0.0	0.0	0.0	0.0	0.0	0.0	0.0	0.0	0.0	0.0	0.0	0.0	0.0	0.0	0.0	0.0	0.0	0.0	0.0	0.0	0.0	0.0	0.0	0.0	0.0	0.0	0.0	0.0	0.0	0.0	0.0	0.0	0.0	0.0	0.0	0.0	0.0	0.0	0.0
522.2426754267912	0.9388424430802615	272737.4120369327	0.8814251329289141	793.9436814157586	3.4698943645634017	630346.5692600077	12.040166901228853	582.6601355382268	0.092807255568573	0.0086131866861704	339492.8335454248	605.6121326509069	421.5309284534416	0.753105	25.540524	0.1684317463004139	0.086002866792345	-0.030735833	-0.0370984802	0.0082054461	0.0304316531	-0.0240556012	-0.0345505367	-0.0260737211	-0.0743480531	-0.0222563586	-0.0071814496	-0.0413616414	0.0130005866	0.0250433273	0.0461379396	0.0508447197	-0.0041408036	-0.0433618215	-0.0164806122	0.1048693208	-0.1489234279	-0.0671871202	-0.0446805337	-0.0449421681	-0.06467503	0.0623339039	-0.0270181073	0.034191733	-0.1288714179	-0.0719264192	-0.0691516133	0.0547282751	-0.1956583081	-0.0518632159	0.0016534491	0.0757257381	-0.1136802227	0.1306999875	0.0329467827	0.0637241901	-0.0683609675	0.0271758841	0.0884169851	0.08075546	-0.1246529736	-0.0443121971	0.0620245009	-0.0937883571	-0.0256912079	0.085484712	-0.0315955882	0.0143822552	0.0494986091	0.0257888197	-0.0327451584	-0.0095364423	-0.0490597496	-0.0394946186	-0.0132983269	0.0230456427	-0.0255076325	-0.0374283036	0.0379746252	-0.1148193209	-0.0809150019	-0.1209961517	0.021282166	-0.0080299489	0.0484580741	0.0081669817	0.0258017487	0.0300982011	0.1010764818	-0.0609363886	-0.1119436848	-0.1466288105	0.0004931944	-0.1030111594	-0.0503780062	-0.029175832	0.0433295227	0.2478686665	0.019287311	-0.0422630259	0.1512235699	-0.0707626114	0.0607474161	0.0075290964	0.0661873727	-0.0613176668	-0.0043101547	0.0372839313	-0.0272389684	0.0159740621	-0.0131609446	-0.0071119499	-0.0068317504	-0.0018526787	0.0060295114	0.0055940191	0.0107790436	0.0267939421	-0.0445858893	-0.0301699851	-0.0483333336	0.0624125299	0.0737723687	0.0079538511	0.0629551341	-0.068870588	-0.0278827388	-0.0409599497	0.0467062785	-0.0204309404	-0.0372147385	-0.0474947554	0.0955874482	0.0876150011	0.0748164435	0.0	0.0	0.0	-0.0742493387271849	-0.0141898075318351	0.0002013506377905	0.0055129643014242	0.1127503143802215	0.0626905437566023	0.0127126333928387	0.0039301042764984	0.0426742775277801	0.0184788873859815	0.0018210939625179	0.0003414692790237	-0.0016762446601389	-0.0008931797313244	7.977700324487274e-07	2.8097961606441764e-06	-0.0008230002322757	0.0001099453337252	1.20879764079456e-08	6.773293823258562e-07	-0.0005976903817058	-0.0004583250874703	3.572337923836249e-07	2.1006188580465814e-07	0.0	0.0	0.0	0.0	0.0	0.0	0.0	0.0	0.0	0.0	0.0	0.0	0.0	0.0	0.0	0.0	0.0	0.0	0.0	0.0	0.0	0.0	0.0	0.0	0.0	0.0	0.0	0.0	0.0	0.0	0.0	0.0	0.0	0.0	0.0	0.0	0.0	0.0	0.0
520.9818670055151	-1.2608084212760104	271422.10574855225	1.5896378751605058	786.746246114809	-7.197435300949678	618969.6557757435	51.80307491135658	582.077875215058	-0.5822603231687253	0.3390270839365484	338814.6528148767	604.2364624523726	420.2082190020658	0.718432	24.364626	0.1541102848642766	0.089834993466964	-0.0143448292	-0.03944842	0.030642997	0.0403782809	0.0179543973	-0.0279525493	-0.0123004405	-0.0673961729	-0.0805589069	-0.0557108501	-0.0338618851	0.0065374519	0.0231886851	0.0539424736	0.0082121568	0.0026748208	-0.0037887675	0.0992347362	0.0072246192	0.021820587	0.0230850209	-0.0573528857	0.0310283492	-0.0888690611	-0.0282177354	-0.1387837364	-0.1397898084	-0.0742354323	0.023412021	0.2737165876	-0.0468183917	0.0212484144	-0.0895951638	-0.0035457329	-0.0043989151	0.0433882976	-0.0736556161	-0.0776199443	-0.0618121642	0.0713415757	0.0748325548	-0.0066783499	-0.0862783592	-0.0205292994	-0.0653607029	-0.0462317015	0.0224129307	0.0459306336	-0.0475197786	-0.0206015252	0.0054542599	0.0216901161	-0.058046943	-0.017543081	-0.020164024	-0.0312953862	-0.022846759	-0.022707506	-0.0009204925	-0.0515888811	-0.0410484803	0.0796575077	-0.1171524922	0.0053108779	-0.0555689566	0.0585057839	-0.0508573391	0.0425920225	-0.0539787955	0.137208003	0.052248258	-0.0580714592	-0.0896582664	-0.0297143626	0.1518805377	0.1825501082	0.0465302587	0.0322240551	0.0469010111	0.0150434393	-0.1070235992	0.0284927529	0.1846534775	-0.0244655058	0.0835746338	-0.0214664949	-0.0333777493	0.0123644853	-0.0321595847	-0.0319975746	-0.0624830194	-0.0199533427	0.0208680428	0.0227972243	-0.005891702	0.0394945843	0.0117505944	-0.0132367172	0.0214921903	-0.0038942073	0.0598342203	-0.0217584012	-0.0292375157	-0.0416610616	0.1153111864	-0.0101945588	-0.0151134232	0.0112234997	0.0262980833	-0.027686505	0.0211681766	0.0819288059	-0.0592677223	-0.0505589976	-0.0686421987	0.0952287508	0.0862223459	0.0718372561	0.0	0.0	0.0	-0.0530403031549866	0.0212090355721982	0.0004498231899027	0.0028132737587728	0.036794066023134	-0.0759562483570875	0.0013538032945147	0.0057693516644835	0.0177987742675043	-0.0248755032602758	0.0003167963654255	0.0006187906624519	-0.0010787644307708	0.0005974802293681	3.569826244857575e-07	1.163732697096248e-06	-0.0008246553609774	-1.6551287016999426e-06	2.7394510191909373e-12	6.800564643887659e-07	-0.0006399449771303	-4.22545954245e-05	4.095295737543002e-07	1.7854508344881756e-09	0.0	0.0	0.0	0.0	0.0	0.0	0.0	0.0	0.0	0.0	0.0	0.0	0.0	0.0	0.0	0.0	0.0	0.0	0.0	0.0	0.0	0.0	0.0	0.0	0.0	0.0	0.0	0.0	0.0	0.0	0.0	0.0	0.0	0.0	0.0	0.0	0.0	0.0	0.0
521.9931383205088	1.011271314993678	272476.83645369386	1.0226696725290427	791.2880717048868	4.541825590077792	626136.8124224381	20.628179690685485	583.4067479435553	1.328872728497231	1.7659027285436757	340363.433546075	606.110243031236	421.6795717826183	0.706372	23.955645	0.1894632093605604	0.1216249550120831	-0.0220106255	-0.0367225871	0.0348293994	-0.033246698	-0.017525433	-0.0212623644	-0.0019051341	-0.0794773694	-0.0324170479	-0.0718048784	-0.0515988902	0.0265650253	0.0083821032	0.083698767	-0.067771964	0.0475332119	0.0048420626	-0.0307858462	0.0017178134	0.011361742	-0.0741502382	0.1006069244	0.1082840406	-0.1221483148	-0.1483781716	-0.0256352489	-0.0905217092	-0.0379265598	-0.02748137	0.0161329526	-0.052423425	-0.0188390417	-0.0025606535	0.0597999683	0.0680630233	0.0834476286	-0.0259417884	-0.0510512475	-0.0545950392	-0.1946658754	0.1089460472	0.048058202	0.0248856965	0.082411012	-0.071801154	-0.1138133481	0.054130982	0.017694373	0.0433024236	-0.0492695377	0.0715683467	0.1273058362	0.0548177492	-0.0360963406	0.0055094716	-0.0302770124	-0.0337121544	0.0373590553	0.0013352914	-0.0449295978	0.0343454528	0.0775201978	-0.0555941595	-0.0351665194	-0.062208475	0.0463689077	-0.1526428673	0.0288646873	0.092379276	0.0982174376	0.0730986102	-0.0441272616	0.0524909915	0.0456504415	0.102438082	-0.0269054214	-0.0665433324	0.1216606667	0.0101001253	-0.0057315383	-0.0157466319	0.0805181079	-0.0688892702	0.0036314175	0.0679070123	0.0308401558	0.0178035451	0.1338571385	0.0427946148	0.1200474935	-0.0693269139	-0.0210823983	0.0169560637	-0.0186020071	-0.0176272373	-0.0140830888	-0.0020342701	-0.0099228179	0.0191889372	0.0009048324	0.0147641032	-0.0155821785	0.0027472458	-0.0905715617	0.0723753484	-0.027616942	0.0120552284	0.0032158654	-0.048816074	0.0159759137	0.0238546398	0.0615106006	-0.0227587799	-0.0072151469	-0.0424827605	0.0948481194	0.0847502568	0.068709175	0.0	0.0	0.0	-0.066835841394635	-0.0137955382396484	0.0001903168753216	0.0044670296949288	0.1513869172308091	0.1145928512076751	0.0229179987086478	0.0131315215479043	0.0262522895722412	0.0084535153047369	0.0006891827077848	7.146192100742102e-05	-0.0016101161781496	-0.0005313517473788	2.8233467944250425e-07	2.5924741071390747e-06	-0.0004876333851673	0.0003370219758101	1.1358381217894362e-07	2.3778631832972038e-07	-0.0004558926081492	0.0001840523689811	2.0783807016508005e-07	3.387527452755498e-08	0.0	0.0	0.0	0.0	0.0	0.0	0.0	0.0	0.0	0.0	0.0	0.0	0.0	0.0	0.0	0.0	0.0	0.0	0.0	0.0	0.0	0.0	0.0	0.0	0.0	0.0	0.0	0.0	0.0	0.0	0.0	0.0	0.0	0.0	0.0	0.0	0.0	0.0	0.0
521.9753537072196	-0.0177846132892227	272458.269877777	0.0003162924698471	790.7538803279051	-0.5341913769816529	625291.6992536389	0.2853604272415543	583.2404853557719	-0.1662625877834216	0.0276432480964399	340169.4637580363	606.3975937952761	416.53383869774063	0.755295	25.61479	0.1210922835761932	0.0710974481634014	-0.0049051115	-0.0268354735	0.005767823	0.0746348693	-0.002286318	-0.0068426186	0.00304274	-0.0666638015	-0.0281549861	0.0021997751	-0.0505560552	0.0254785214	0.0116438596	0.0032608989	-0.0207409118	0.0270451329	-0.0417144013	0.0386532149	0.0708952442	-0.0183940197	0.08213331	-0.0386873507	-0.0406208492	-0.0511242395	-0.057848302	0.0548151812	0.0068680844	0.1061397452	0.0163177085	0.1755216481	0.0419360502	0.020978115	-0.0513382657	-0.087489503	0.0803578485	0.1538303933	-0.0129126263	0.0261437749	0.0201021628	-0.0451687586	0.1531099036	-0.0524805786	0.0177372511	-3.33427e-05	0.1596331414	-0.0896161922	0.0409084935	0.0740384838	-0.0427718761	0.097247625	-0.0239790707	-0.0949749359	0.0631753697	-0.0322196931	0.0312246901	-0.018427467	0.0075134463	0.0298945667	0.0033201132	-0.0434586827	-0.0073483243	-0.0216468081	-0.0929984675	-0.0372263155	-0.1162071214	-0.0196533355	0.0346105408	0.0227712614	-0.0170540776	0.0861154392	0.0782093233	-0.1492233444	-0.0571614301	0.0044934084	-0.0499359845	0.0100186212	0.1183866625	-0.0185631402	0.0881437175	0.0212592904	-0.0980249105	-0.0354433782	0.07212401	0.0152407621	-0.0248241937	-0.0082409806	0.1373500033	0.0160587264	0.0588593271	0.0083705678	-0.0155232553	-0.0107980665	0.0185477774	0.013247972	0.0022261802	0.0327634891	-0.0161219615	-0.0134634179	0.0076495933	0.0119682385	0.0078591497	-0.0107035162	-0.0157653903	-0.054311947	0.0603752405	0.0240018325	0.0060453808	0.0511443873	0.0262994434	0.0158127962	-0.0439169586	0.1114834033	-0.0639504625	-0.0682515029	-0.0837878361	0.0944456416	0.0832000901	0.0654386837	0.0	0.0	0.0	-0.0627776536205289	0.0040581877741061	1.646888800990425e-05	0.0039410337940991	0.0900359317551675	-0.0613509854756416	0.0081064690070211	0.0037639434188323	-0.0013628083794543	-0.0276150979516955	1.857246679110856e-06	0.0007625936348817	-0.0013330945017016	0.000277021676448	7.674100922206049e-08	1.777140950467037e-06	-0.0003221171785139	0.0001655162066533	2.7395614664931e-08	1.0375947669375573e-07	-0.0005747149725428	-0.0001188223643936	3.302972996648714e-07	1.4118754280085466e-08	0.0	0.0	0.0	0.0	0.0	0.0	0.0	0.0	0.0	0.0	0.0	0.0	0.0	0.0	0.0	0.0	0.0	0.0	0.0	0.0	0.0	0.0	0.0	0.0	0.0	0.0	0.0	0.0	0.0	0.0	0.0	0.0	0.0	0.0	0.0	0.0	0.0	0.0	0.0
522.115679514905	0.1403258076853717	272604.7827953109	0.0196913323025519	791.3083069115354	0.5544265836302884	626168.8365872006	0.3073888366359532	582.0831893394733	-1.1572960162985737	1.3393340693405489	338820.8393116131	605.4031616586153	421.6492427940042	0.815164	27.645168	0.1719313529279172	0.0865395795763802	-0.0296524159	-0.0283173544	0.0291219746	-0.0636016943	-0.0173985117	-0.023007797	0.0204646166	-0.1079953288	-0.0112239839	-0.0412945069	-0.0109199523	0.0191469481	0.0080794609	0.0689782234	0.0377978233	-0.0017724302	0.0424160935	0.0180627661	0.0100154912	-0.0482647043	-0.0413898906	-0.0673053276	0.0385313634	0.0007083729	0.0498997062	0.026263899	0.0435797926	0.0832155278	0.0575539012	0.0049603069	-0.0964032155	0.029442023	-0.0618140605	0.1914959859	-0.0834209479	0.023004721	-0.0108881381	0.0053863367	0.0416257042	0.1070979105	0.1162705131	0.077685404	-0.0867495362	-0.1163168774	0.0588558974	0.0186555485	0.0259924715	-0.0010882731	0.0637781636	-0.0565872672	-0.0426137279	-0.1276940776	-0.0299252411	-0.0231849151	-0.0122268125	-0.0190210665	-0.0472847454	0.0156808814	-0.0369863779	-0.0202220665	-0.0061517004	0.0911461196	-0.0158449548	0.046364219	-0.0689031436	-0.0370159413	-0.0432511642	-0.093703627	-0.0227365459	-0.1353007434	0.0229290023	0.0558448268	0.0440891807	0.0350682638	0.0285970382	-0.0312572087	0.107503726	0.168688521	0.0562207779	-0.0610683147	-0.0236099262	0.0256154064	0.0764118444	-0.0083312979	0.0828273638	-0.007894615	0.1677312924	0.0002968221	-0.0423821713	-0.1238503637	0.0334794054	-0.0218441786	0.0067643207	0.0078589594	-0.0084206605	-0.0154223768	-0.0134366264	-0.0002786145	0.0364749412	-0.0040679464	0.0644934471	-0.0088187745	-0.0369007134	-0.0834190699	0.0950233947	-0.0086096804	-0.075203412	-0.0280401318	-0.0353721949	-0.0142414448	0.0371373232	0.0471255454	-0.045315045	-0.0384661066	0.0133891415	0.0940214101	0.0815732739	0.0620325607	0.0	0.0	0.0	-0.0816245761884033	-0.0188469225678744	0.0003552064902794	0.0066625714379364	0.022471536500717	-0.0675643952544505	0.000504969952703	0.0045649475060996	0.042664652839818	0.0440274612192723	0.0018202726019421	0.0019384173414145	-0.0010944490233913	0.0002386454783103	5.6951664317951874e-08	1.1978186648021702e-06	0.0001448827723629	0.0004669999508768	2.180889541189336e-07	2.0991017727559898e-08	-0.0006989210210821	-0.0001242060485392	4.884905937104452e-07	1.5427142493746932e-08	0.0	0.0	0.0	0.0	0.0	0.0	0.0	0.0	0.0	0.0	0.0	0.0	0.0	0.0	0.0	0.0	0.0	0.0	0.0	0.0	0.0	0.0	0.0	0.0	0.0	0.0	0.0	0.0	0.0	0.0	0.0	0.0	0.0	0.0	0.0	0.0	0.0	0.0	0.0
521.3643975849801	-0.7512819299248576	271820.8350691492	0.5644245382316188	793.9637413694147	2.6554344578793234	630378.4226093189	7.051332160092857	582.6873595139076	0.60417017443433	0.3650215996760087	339524.5589372898	606.0833467577324	423.8451107093401	0.800709	27.154938	0.2184490088588576	0.122485462524573	-0.0311769103	-0.0187762438	0.0409099203	-0.0597617026	-0.0318812029	-0.0238973471	0.1099965413	-0.0824867023	0.0559400398	-0.0058887476	-0.0431190232	-0.0026747519	-0.0203883551	-0.0022485818	-0.0776891061	0.0323309271	0.0292350877	0.0091301017	-0.0205804365	0.1897781125	-0.0010723907	-0.0861395413	-0.05372721	-0.0412597634	-0.0719170771	-0.0207772927	-0.0938862472	0.0721765657	0.0385126398	-0.0259803501	0.0579211737	-0.0238603176	-0.0158801606	0.0644894904	0.0308620444	0.002596225	-0.0462986638	-0.0458176048	0.0021849231	0.0586667971	-0.0896418554	-0.0836298098	-0.0686090965	0.0085490393	0.1032553927	0.0119639111	0.0280853301	0.0663812483	0.0451804507	0.0725511834	0.0660161664	-0.0248244222	-0.0464762482	-0.0434687363	-0.0071300725	-0.0107274745	0.0025927333	0.1073546509	-0.0482746335	0.0540148793	0.0307711404	-0.0211045479	0.1601914338	-0.0477030558	0.0474692431	-0.0252639875	0.0499895041	0.0490497486	-0.0934955668	0.0797643499	-0.0056356025	0.0136024804	0.0126801637	-0.0083853538	0.0280759099	0.0107560963	0.1136322976	0.0861898465	0.0108115999	-0.0461198372	0.1288084134	0.0308865038	0.0218190279	0.0434438714	0.0214861414	-0.0309660219	-0.0139492378	-0.112685557	0.0458296461	0.0415929181	0.0142513956	-0.0239483943	0.0021634775	-0.0282567343	-0.0285529764	-0.0302050912	-0.0060882949	0.0084175991	0.0119008335	0.0043279634	-0.0202127886	0.082717596	-0.0166858546	-0.0890609852	0.0003754902	-0.0891749821	-0.0064014429	0.034378393	-0.0440107212	0.0437988601	-0.0242029582	-0.0495950951	0.0300482654	-0.0833625412	-0.0213873479	0.0935755227	0.0798713069	0.0584978657	0.0	0.0	0.0	-0.1242064196654837	-0.0425818434770804	0.0018132133939065	0.0154272346861182	0.1266734257848867	0.1042018892841697	0.0160461568000791	0.0108580337303903	0.0669992459981756	0.0243345931583576	0.004488898964324	0.0005921724241827	-0.0017988874469204	-0.0007044384235291	4.962334925441639e-07	3.2359960466877957e-06	0.0002777275726393	0.0001328448002764	1.7647740960476603e-08	7.713260460411766e-08	-0.0008082514560616	-0.0001093304349795	6.532704162256965e-07	1.1953144012806689e-08	0.0	0.0	0.0	0.0	0.0	0.0	0.0	0.0	0.0	0.0	0.0	0.0	0.0	0.0	0.0	0.0	0.0	0.0	0.0	0.0	0.0	0.0	0.0	0.0	0.0	0.0	0.0	0.0	0.0	0.0	0.0	0.0	0.0	0.0	0.0	0.0	0.0	0.0	0.0
518.8993246969197	-2.4650728880603765	269256.5091709193	6.0765843434503255	786.8935056987561	-7.070235670658576	619201.3893108784	49.98823243865292	580.8530469553598	-1.834312558547822	3.3647025624462565	337390.2621573254	604.7086457424476	414.63882909475217	0.758364	25.718891	0.1128405924869383	0.0679569588174886	-0.0186519673	0.0153164493	-0.0028109773	0.0230025767	0.0224664847	-0.0056314929	0.0879319889	-0.0370970793	0.0415568923	0.029477265	-0.001448522	-0.0439544493	0.0004817918	-0.042704082	0.0325504065	0.0136470006	0.0522465527	0.0319844989	-0.0530758901	0.1147453205	0.0350812976	0.0582273008	-0.0828807174	-0.1318998762	0.0276923791	-0.1241191702	-0.0569170529	0.0998214091	-0.0404995097	-0.0067817004	0.0592490751	0.032576847	-0.1614003042	-0.0299336647	0.0441103996	0.0025129538	0.0795384562	-0.0327789229	0.0541124205	0.0502804407	0.0788102282	-0.0774419276	0.0189158478	-0.0246512144	-0.0148456159	0.0365847451	0.0151733503	0.0309864699	-0.1464691005	-0.1108661301	-0.0194577864	-0.0511719082	-0.0704922418	-0.0078802064	-0.0089251794	0.0197103349	0.0700350946	0.0292285838	-0.038136963	0.0273760688	-0.0328740742	0.0230064503	0.0740138647	-0.0152966258	0.0234905599	-0.0383411894	0.035901231	0.0360345475	-0.1290580387	0.0188806067	0.0358614414	-0.1344945513	-0.0384150774	-0.0159630716	-0.011133737	0.007397729	-0.0591140025	0.1018781526	0.166708761	-0.0969871068	0.0230507444	-0.0026268564	0.1378155095	0.0443246493	0.067233147	0.0884159365	-0.0529890819	-0.097329496	-0.0794717771	0.0843125843	-0.0097949011	-0.0133557494	0.0066276504	0.0047987834	-0.0151862769	0.0058886716	-0.0124570698	0.0099143263	0.0338825158	-0.0133611754	-0.0047878353	0.0926716466	-0.0042529397	-0.0046939578	-0.000131046	-0.1157719606	-0.0809806794	0.0554887208	-0.0486331346	0.0394031721	0.0233416619	-0.0578860792	-0.0243531013	-0.0259668639	-0.0624133263	0.093108082	0.078095757	0.054841925	0.0	0.0	0.0	-0.1015074808153286	0.0226989388501551	0.000515241824923	0.0103037686614743	0.0653023074344076	-0.061371118350479	0.0042643913562578	0.0037664141675885	0.0601474719298664	-0.0068517740683091	0.003617718379554	4.694680788315436e-05	-0.0016883713189801	0.0001105161279403	1.2213814534916764e-08	2.850597710754603e-06	0.0002329217226375	-4.480585000179999e-05	2.0075641943838e-09	5.425252887642048e-08	-0.0010913047024794	-0.0002830532464177	1.1909459536536516e-06	8.011914030765577e-08	0.0	0.0	0.0	0.0	0.0	0.0	0.0	0.0	0.0	0.0	0.0	0.0	0.0	0.0	0.0	0.0	0.0	0.0	0.0	0.0	0.0	0.0	0.0	0.0	0.0	0.0	0.0	0.0	0.0	0.0	0.0	0.0	0.0	0.0	0.0	0.0	0.0	0.0	0.0
517.9129952355736	-0.9863294613461449	268233.8706338833	0.9728458063193762	784.3957339727391	-2.4977717260170493	615276.667474632	6.23886359529019	579.7658610089819	-1.087185946377872	1.181973282001549	336128.45359148615	603.743173005151	413.44918600489086	0.736009	24.960752	0.0503719232262277	0.0359655220757525	-0.0223082989	0.0296328982	-0.0432277601	0.0583093392	0.0452692751	-0.0003536625	0.0930034724	-0.0150520451	0.0606971247	-0.0104213718	0.0318418774	-0.0755234725	-0.0008572209	-0.0958505699	-0.0071020959	0.0183928588	0.0577027521	0.0171437917	0.0741780776	-0.079039557	0.0906738216	-0.0088506241	0.0875588132	-0.063689833	0.0926554217	0.1148985607	-0.0629721944	0.0852835334	0.0645552626	0.0426747067	0.0656562868	0.0601305497	0.1131778227	0.0027738445	-0.0214495743	-0.0196865659	-0.1702999995	-0.0421619713	0.0435604887	0.0391813514	-0.1609468793	-0.0577581697	0.0583400729	0.0006205691	0.0898202491	-0.1472030115	-0.0854386328	-0.1775301605	-0.0549817209	0.039735182	0.0621790591	0.0602849471	0.0693010925	0.0071102574	-0.0298753835	0.0382371791	0.1085109185	0.0404681969	0.0225154212	0.0376842324	0.0180113653	-0.0054583602	-0.0375316629	-0.0717270985	0.0077366049	0.0009758632	-0.0178085041	-0.0368534852	-0.0149743811	-0.0926555784	0.1251617035	0.0289295777	0.0825878621	-0.0333940183	-0.0407298562	0.1254994195	0.0736282692	-0.0033861869	0.0121603559	-0.1379883842	0.0117851661	-0.1544399746	-0.0636038159	-0.1487603696	0.0129957531	-0.1423082027	0.1309385306	-0.0594469648	-0.0371987662	0.1389961418	-0.1071806232	-0.0186831164	0.0050506611	-0.0042097536	-0.0131590466	-0.0180283219	-0.01372931	0.0116424191	-0.0059083946	-0.0021418141	0.0527299995	0.0063895507	-0.0643874809	0.0091988831	0.0138398603	0.0840509028	-0.1037135897	0.0850918645	-0.1357797505	0.0413448995	-0.0212258187	-0.0383565263	-0.0046332376	-0.0386464097	-0.000599339	0.0926191957	0.0762482601	0.051072316	0.0	0.0	0.0	-0.0975679284996573	0.0039395523156712	1.552007244791105e-05	0.0095195006717142	0.0684723272447058	0.0031700198102981	0.004688459598306	1.0049025597683034e-05	0.0595234567828981	-0.0006240151469682	0.0035430419073855	3.893949036458656e-07	-0.0010009164211074	0.0006874548978727	4.7259423660916454e-07	1.001833682042446e-06	0.0001659968344311	-6.69248882064e-05	4.478940661439138e-09	2.7554949041146023e-08	-0.0009929177694927	9.838693298669984e-05	9.858856969743589e-07	9.679988582529364e-09	0.0	0.0	0.0	0.0	0.0	0.0	0.0	0.0	0.0	0.0	0.0	0.0	0.0	0.0	0.0	0.0	0.0	0.0	0.0	0.0	0.0	0.0	0.0	0.0	0.0	0.0	0.0	0.0	0.0	0.0	0.0	0.0	0.0	0.0	0.0	0.0	0.0	0.0	0.0
517.3556814780611	-0.5573137575124747	267656.90115762904	0.3105986243126734	784.6612565336171	0.2655225608780256	615693.2875049149	0.0705022303352248	580.147194171774	0.3813331627920888	0.1454149810450177	336570.76690538204	604.8721596139376	414.8605210807759	0.780049	26.4543	0.2083589537181707	0.1016375314437406	-0.0201131834	0.0477322314	-0.0359509207	0.0095375764	0.0573756106	0.012851532	0.0850832607	0.0116895878	0.0659871723	0.0869396464	0.0203595911	-0.0849890447	0.0122741204	-0.0058137414	0.0319194435	0.0271660428	0.038615915	-0.1376988195	0.1540684106	0.0555987496	-0.0198200467	0.0950848191	0.0702789332	0.0686223171	-0.0849731099	0.0098154033	0.0419607085	0.0029391006	-0.1307141076	0.0292340162	-0.0962168901	-0.1383727955	-0.0270654999	-0.1443119734	0.0227669329	0.0544408567	-0.1226306615	0.0451392635	0.0624788722	-0.0486561997	-0.0719964042	0.0001962716	-0.0535539476	0.0252112672	0.0175499835	0.0289588466	-0.1818050092	0.0050092964	-0.0112653712	-0.0333000988	0.1847012062	-0.0953549154	-0.0632164053	0.0167143697	-0.0093967333	0.0283294971	0.0967494251	0.027225041	-0.0189847223	-0.0524987002	0.0604089568	0.0507922949	-0.0103876599	0.1059176804	-0.1050924806	-0.1767516468	-0.0749968346	-0.0698912892	0.0441928446	0.0959935116	-0.0305716382	-0.0590809149	0.0699438843	-0.0156383828	0.0339563546	-0.0522214868	-0.1594013541	0.0088191234	-0.0318320154	0.0131122256	0.1894458383	-0.0676528487	-0.0990439738	-0.0848137215	0.0086873142	-0.1142885614	0.0443156722	-0.1357505519	-0.0750954202	0.0537997427	-0.1753831083	-0.0163655059	-0.0086792532	-0.0369892456	-0.0316214	-0.0318595625	-0.0283569438	-0.0054358974	0.0601226476	0.007145216	0.0274856032	0.0047537019	-0.0477313723	-0.119656166	0.1174898018	-0.0558518223	-0.0153614304	0.0993897524	-0.0757283153	0.0491564187	-0.0019386971	0.0457661633	0.0097817848	-0.0179567189	-0.0119048046	0.0921089764	0.0743305181	0.0471968518	0.0	0.0	0.0	-0.1274739584397508	-0.0299060299400934	0.0008943706267777	0.0162496100802993	0.1454677786667133	0.0769954514220074	0.0211608746302278	0.0059282995396787	0.0735499013307929	0.0140264445478947	0.0054095879857693	0.0001967411466551	-0.0019216042979325	-0.0009206878768251	8.476661665327106e-07	3.692563077832656e-06	0.0005558779683352	0.000389881133904	1.5200729857434675e-07	3.090003156804696e-07	-0.001430969314927	-0.0004380515454343	2.047673180262648e-06	1.918891564573786e-07	0.0	0.0	0.0	0.0	0.0	0.0	0.0	0.0	0.0	0.0	0.0	0.0	0.0	0.0	0.0	0.0	0.0	0.0	0.0	0.0	0.0	0.0	0.0	0.0	0.0	0.0	0.0	0.0	0.0	0.0	0.0	0.0	0.0	0.0	0.0	0.0	0.0	0.0	0.0
517.4868983923561	0.1312169142950097	267792.6900077407	0.0172178785971039	781.5999409636559	-3.061315569961266	610898.4677143904	9.371653018887272	580.9085612999609	0.7613671281868619	0.5796799038835094	337454.7565915904	603.9570776829954	403.16005492399984	0.777055	26.352755	0.2045989464010197	0.102296721987756	-0.0342101372	0.0687868182	-0.0789631372	0.0649621614	0.060642749	-0.0416251216	-0.0053650574	0.0753221454	0.0222674584	0.0764895876	0.0052318744	-0.0384851644	0.0191435244	0.0738482438	0.0146966911	-0.0318315893	0.0458685263	-0.0679359347	-0.0263905862	0.0254423121	-0.1837462254	-0.104426834	0.1162151491	0.0879778668	-0.0148584912	-0.0776996007	0.0415397093	0.0008798325	-0.0995394575	0.018555029	-0.0704805209	-0.1162547845	0.0208503463	0.0140622237	-0.064141738	-0.0347256908	-0.0440135801	0.1228241308	-0.1046613733	0.0551627964	0.0365927232	0.0817398904	-0.0694348327	0.033031058	-0.0423353107	0.0279704706	0.0638774092	0.1315762234	-0.0096405238	0.0805118924	0.0447068701	-0.0056455391	-0.0382242718	-0.0045378284	-0.0447400354	0.0005789643	-0.0358816906	-0.0237934936	0.012586023	-0.0074951078	0.049962848	0.0926243984	0.0042896024	0.054326058	-0.0648428235	-0.0609049483	0.0320205094	-0.0575307504	0.0533415475	-0.1441458409	0.0446899764	0.0116022986	-0.0051595376	0.0545710788	0.2369256283	-0.0161856887	0.0020438208	-0.0314806103	0.069918543	-0.0539494404	0.0172453129	0.0877070614	-0.0786194398	0.0117200444	-0.0049032682	0.0519035279	-0.0090007487	-0.2030169337	-0.0100332374	-0.0743573395	0.0328814792	-0.0162207046	-0.009882151	-0.0156515683	-0.0333620617	-0.0397280604	-0.0165139037	-0.0019859632	0.0637764837	0.0134465307	0.0541922605	0.0586086592	-0.0547850518	-0.0664121086	0.107718519	-0.0461741372	-0.1328423559	0.1092915511	-0.0386555499	-0.0234391693	0.0648737454	-0.0277332667	-0.0334174567	-0.0707170501	0.035671628	0.0915775417	0.0723442979	0.043223565	0.0	0.0	0.0	-0.1427967167994666	-0.0153227583597158	0.0002347869237502	0.020390902328707	0.0642599015970262	-0.081207877069687	0.0041293349532594	0.0065947192981654	0.1081371278420704	0.0345872265112775	0.0116936384179322	0.0011962762377424	-0.0011319668767031	0.0007896374212294	6.235272570058169e-07	1.281349009952971e-06	3.990265556841344e-05	-0.0005159753127667	2.662305233847832e-07	1.5922219214114362e-09	-0.0015949782701376	-0.0001640089552105	2.5439556822111307e-06	2.6898937389272548e-08	0.0	0.0	0.0	0.0	0.0	0.0	0.0	0.0	0.0	0.0	0.0	0.0	0.0	0.0	0.0	0.0	0.0	0.0	0.0	0.0	0.0	0.0	0.0	0.0	0.0	0.0	0.0	0.0	0.0	0.0	0.0	0.0	0.0	0.0	0.0	0.0	0.0	0.0	0.0
519.0666920661016	1.5797936737454847	269430.2308124452	2.495748051606255	784.5874723914073	2.987531427751492	615577.5018335374	8.925344031802867	582.442364875052	1.5338035750911558	2.3525534069624108	339239.1084012432	605.478952564177	410.168334649998	0.713608	24.201048	0.2338047551541559	0.1008703216405115	-0.020200065	0.0487804373	-0.061820366	0.0492285605	0.0415250097	-0.0185776309	0.0001676357	0.0333118486	-0.0253168853	0.0317952331	-0.0152075111	0.0091171472	-0.0301905921	0.0574055725	0.0049371324	-0.0170078326	-0.0696244882	-0.1356970913	0.0552906739	-0.1674156345	-0.0959161508	-0.0480570065	-0.0003037302	-0.0078311952	-0.0722279623	-0.0982136428	0.013435228	0.0518157554	0.1910567017	-0.0153116579	-0.0706310466	-0.1311560108	0.0179540271	0.2111208477	-0.0608812867	-0.0582159075	0.0756376489	-0.0139634474	-0.0002673649	0.0752967448	0.0456340686	0.0401647277	0.0793216239	0.0731987781	0.0774887769	-0.0200790777	-0.0352584911	0.0234009946	-0.1470911843	0.0422263096	0.0148880626	0.0260045247	-0.084187844	-0.0158029266	-0.0059908569	0.0081964307	-0.0342359671	0.028869057	0.000252182	-0.0227261976	-0.0040499394	0.0186440493	-0.0996563154	0.0922570237	-0.0677192198	-0.0198308547	-0.1093408786	0.071404325	0.1085311098	-0.1063181376	0.0054300082	0.0906874506	-0.0886851531	-0.0183353951	0.0042537458	-0.0161496025	0.1521909823	0.0973269916	0.0861915221	0.0347110675	0.0499173478	0.109714434	-0.0227330888	-0.0609605188	-0.0880195315	0.0830130317	-0.0524568532	-0.0990579718	-0.0237619843	-0.0212683326	-0.0424672808	-0.0112237179	-0.0061733659	-0.0217119388	-0.011969217	-0.0350682384	-0.0292114557	-0.0080089616	0.053086957	0.0094426086	0.0279742238	0.0220724144	-0.0135696907	-0.0800008339	0.1025964255	-0.0369763803	-0.0226178082	0.0576265511	-0.0246789998	0.0034747831	0.0417391222	0.0809046352	-0.0350498663	-0.0291391153	0.0043467024	0.0910250139	0.0702914292	0.0391606907	0.0	0.0	0.0	-0.1060767798270632	0.0367199369724033	0.0013483537712572	0.0112522832184792	0.1090686445251947	0.0448087429281685	0.0118959692185632	0.0020078234428026	0.055097268831517	-0.0530398590105534	0.0030357090326924	0.0028132266438593	-0.0021791230967753	-0.0010471562200721	1.0965361492358976e-06	4.748577470899573e-06	-0.0002529643811193	-0.0002928670366877	8.57711011782425e-08	6.399097811507049e-08	-0.0009502772020369	0.0006447010681006	9.030267607110792e-07	4.156394672101833e-07	0.0	0.0	0.0	0.0	0.0	0.0	0.0	0.0	0.0	0.0	0.0	0.0	0.0	0.0	0.0	0.0	0.0	0.0	0.0	0.0	0.0	0.0	0.0	0.0	0.0	0.0	0.0	0.0	0.0	0.0	0.0	0.0	0.0	0.0	0.0	0.0	0.0	0.0	0.0
520.7333461083061	1.6666540422045273	271163.217749153	2.7777356963966904	787.8587660761605	3.271293684753118	620721.4352830502	10.701362371905631	583.3455608690793	0.9031959940273282	0.8157630036270135	340292.04338566074	606.4767689001364	415.0860386683974	0.758262	25.715408	0.1199069506848308	0.0610814891320273	-0.0311847741	0.029680683	-0.0190075795	-0.0742953733	0.0118186098	-0.0335428239	-0.0151833474	-0.003023159	-0.0229188487	-0.0133100462	-0.0541539476	0.0339485009	0.0068327474	0.1437176562	-0.0045393914	0.0038838238	0.0060399229	-0.1534932098	-0.1041238876	-0.0745761212	-0.1109036442	-0.0765194319	0.0760360411	0.0054169217	-0.034995111	0.078966808	0.012287305	-0.0164345711	0.00684486	-0.0492821402	-0.012372612	0.0212323098	0.1258815406	0.0135252095	-0.0285070794	-0.04692397	-0.0647425327	0.1034030881	0.1678870877	-0.0802352851	0.0068808511	0.1036915097	-0.0807303259	0.1066330327	0.0605463884	-0.1667204618	-0.0877817938	-0.0400438731	0.0748562262	0.0380857359	-0.0651387522	-0.0508382195	0.0543995553	-0.0522828232	-0.0070640713	-0.0413742933	-0.1007182693	0.0105893552	0.0047000065	-0.0247041565	0.0283361479	0.0635968716	0.0271891485	0.0851058278	0.0001961479	0.0188512181	-0.0428417195	0.0534089478	0.0824616274	-0.0967856989	0.0063430954	0.11221063	0.1342658035	0.1659585777	-0.051110079	0.0839059819	0.0457674223	-0.0263787201	-0.0636136124	-0.0057014239	-0.0063475812	0.0959028664	-0.142685402	0.0255778087	0.1220029407	-0.0214090669	0.1334165028	-0.0458360489	0.0432757548	-0.0399540307	0.0624234005	-0.011966757	-0.0068456026	-0.0263028325	-0.0123856251	-0.0425678931	-0.0023258955	-0.0059311247	0.0407572075	0.0365961594	0.0351299802	0.0342736918	-0.0431315654	-0.0739642764	0.078797418	-0.0741643085	-0.0716757162	0.0443689283	-0.0379504654	-0.0300034603	0.0103366845	0.0044645961	-0.021283614	-0.0528473487	0.0122984723	0.0904515202	0.0681738033	0.0350166499	0.0	0.0	0.0	-0.1115786717332696	-0.0055018919062063	3.027081454757945e-05	0.0124497999857607	0.1007330097047969	-0.0083356348203978	0.0101471392441867	6.948280785902826e-05	0.1023923176183387	0.0472950487868217	0.0104841867072547	0.0022368216397478	-0.0017477740911903	0.0004313490055849	1.860619646191682e-07	3.0547142738360797e-06	0.0004633555958268	0.0007163199769461	5.131143093720612e-07	2.1469840818400886e-07	-0.0009780957229339	-2.7818520897e-05	9.566712432215883e-07	7.738701048968253e-10	0.0	0.0	0.0	0.0	0.0	0.0	0.0	0.0	0.0	0.0	0.0	0.0	0.0	0.0	0.0	0.0	0.0	0.0	0.0	0.0	0.0	0.0	0.0	0.0	0.0	0.0	0.0	0.0	0.0	0.0	0.0	0.0	0.0	0.0	0.0	0.0	0.0	0.0	0.0
520.1127679459097	-0.6205781623964413	270517.2913803557	0.3851172556433438	792.2400887918751	4.381322715714646	627644.3582889582	19.19598873923716	583.6168974395082	0.2713365704288435	0.0736235344520867	340608.6829769174	606.9505283168105	414.7034761597575	0.734579	24.912228	0.0588585537677883	0.0415585517765952	-0.015911283	0.0176070479	-0.0208797774	-0.0153326268	-0.0227055109	-0.0045384904	0.0753940993	-0.0184150918	0.0405679625	-0.0147731503	-0.0513490193	0.0432626519	-0.0512326995	-0.0080864982	-0.1128554337	0.0862158696	-0.0155040098	-0.0371924773	-0.0654549604	0.0246205952	0.0045883077	-0.0254709268	0.1567735913	0.0972670304	-0.1747691247	-0.0084700314	0.1789373484	-0.1121801073	-0.0062772768	-0.0153115981	0.0641809801	0.1142787531	0.0264285864	0.0328200326	0.0656351156	-0.0673347939	-0.0393417792	0.0163176974	-0.1364797653	-0.0638725158	0.062792763	0.0711608387	0.1131227844	0.0271097201	-0.0033290717	-0.151765991	0.0236635175	0.0053156938	-0.0601084972	-0.0986058628	-0.0137345133	0.0836723474	-0.1034590536	-0.0428404075	0.0229717008	-0.0081592941	-0.0259480157	0.1232383554	-0.0636890735	0.0017808948	0.0057883826	-0.0053671566	0.0541292076	0.0764994267	0.0130079722	0.0229502637	-0.0387540162	-0.0939493873	0.0882867477	0.0698326037	0.0304316853	0.0307957729	-0.1242514602	0.1629543806	0.1033051217	-0.111641032	0.0153452857	0.0602470393	-0.1875660164	-0.0602402879	-0.097378408	0.033094071	-0.0356915696	-0.1148772632	-0.1280174499	-0.0073553215	0.0118959396	0.0809042846	0.0269909195	-0.0578506041	0.0104796225	-0.0050178147	-0.009276392	-0.0221135813	-0.0120766046	-0.0290888944	-0.0320649514	0.006976004	0.0460111008	-0.0003307947	0.0071547404	0.0564313011	-0.0218019988	-0.0812245553	0.0332138481	-0.089886283	-0.0578590716	0.040028124	-0.031083714	0.0390984895	0.0294207349	0.0074642381	-0.0195409861	-0.0539983248	0.0716841638	0.0898571929	0.0659933711	0.0308000317	0.0	0.0	0.0	-0.1092078487581886	0.0023708229750809	5.620801579171908e-06	0.0119263542303913	0.1079162791002517	0.0071832693954548	0.0116459232948434	5.1599359207677565e-05	0.0620551329177061	-0.0403371847006326	0.0038508395214341	0.0016270884695729	-0.0017443504449577	3.4236462325999955e-06	1.1721353525996143e-11	3.042758474824126e-06	0.0003303165769374	-0.0001330390188893	1.7699380547054122e-08	1.0910904099964133e-07	-0.0009352128541235	4.288286881039998e-05	8.746230825178229e-07	1.8389404374099754e-09	0.0	0.0	0.0	0.0	0.0	0.0	0.0	0.0	0.0	0.0	0.0	0.0	0.0	0.0	0.0	0.0	0.0	0.0	0.0	0.0	0.0	0.0	0.0	0.0	0.0	0.0	0.0	0.0	0.0	0.0	0.0	0.0	0.0	0.0	0.0	0.0	0.0	0.0	0.0
519.1629201503869	-0.9498477955228282	269530.1376590769	0.9022108346595764	788.88344520435	-3.3566435875251277	622337.0901174847	11.267056173673556	581.7525069855598	-1.864390453948431	3.475951764774037	338435.97938398377	605.3428830006084	413.23650539656046	0.7316629999999998	24.81336	0.1051746295091489	0.0566536434000977	-0.0209309126	0.0118847219	-0.0334897948	-0.0016206834	0.0089028296	-0.0137305066	0.0221657104	-0.0221051898	0.0493479241	-0.0097839562	-0.0039299653	-0.0202321294	-0.0177324216	-0.0009283342	-0.1126088802	0.0218924117	-0.0432064839	-0.0794262536	0.0886087162	0.1281950664	0.0110605932	-0.0752669058	0.0218006188	0.0337705095	-0.0090832643	0.1169282478	-0.0996317917	-0.0152852091	-0.0773294015	-0.1646969139	0.0237779381	0.0573550055	0.0703956684	0.0477157573	-0.0197933316	-0.0368136694	-0.0318316459	-0.0206070326	-0.0289213994	-0.0030823073	-0.0700835885	0.0485608735	0.0177357736	0.0809724276	-0.0433212696	0.1152970895	-0.0093353609	0.0179653428	0.027410507	-0.0562359379	-0.2726987446	0.0349706187	0.0067417685	-0.0152572692	-0.0092327536	0.0195883793	0.0236846969	0.0438537945	-0.0190520052	0.0148157368	0.0409794078	-0.1007030674	0.1006997437	-0.0741214026	0.0453108416	-0.0341471275	-0.0124210702	0.106070191	0.0033771985	0.0953066579	0.0872202068	0.165462194	0.0469374735	0.0124331232	0.0792942514	-0.0223083465	0.0748714262	-0.1216540547	-0.0431061698	-0.0007183215	0.0583264493	0.0534225387	-0.1045090789	-0.0188820022	0.0184938153	-0.0237861405	0.0774323219	-0.0047216255	0.0110142363	0.0153729019	0.0931502854	-0.011047474	0.0015876845	-0.0105794523	-0.0038496563	-0.0292932542	-0.0096412256	0.0336914618	0.0189324011	-0.0048722866	-0.0073075979	0.1019706725	-0.0024958522	-0.0354228361	-0.0054724484	-0.1044658012	-0.0967503067	0.0444409711	-0.0305862053	-0.0410509353	0.0370682745	-0.0948838833	0.027314671	-0.0396885344	-0.0629208503	0.0892421688	0.0637521413	0.0265195758	0.0	0.0	0.0	-0.1105900713506145	-0.0013822225924258	1.910539295012544e-06	0.012230163881334	0.0853230688385053	-0.0225932102617464	0.0072800260760203	0.0005104531499314	0.0755777675544777	0.0135226346367716	0.0057119989485186	0.0001828616475196	-0.000790937663628	0.0009534127813297	9.089959316028344e-07	6.255823877453193e-07	0.0001119419283328	-0.0002183746486046	4.7687487153182535e-08	1.2530995318865732e-08	-0.0011169566645533	-0.0001817438104298	1.2475921904900333e-06	3.3030812629543096e-08	0.0	0.0	0.0	0.0	0.0	0.0	0.0	0.0	0.0	0.0	0.0	0.0	0.0	0.0	0.0	0.0	0.0	0.0	0.0	0.0	0.0	0.0	0.0	0.0	0.0	0.0	0.0	0.0	0.0	0.0	0.0	0.0	0.0	0.0	0.0	0.0	0.0	0.0	0.0
519.4814952467315	0.3185750963446025	269861.0239037799	0.1014900920109728	787.137583727028	-1.7458614773220231	619585.5757156239	3.048032297997038	580.8790150705177	-0.8734919150421092	0.7629881256439314	337420.43014929467	604.7808479559226	421.0469684382793	0.7651299999999999	25.948336	0.3038193017641146	0.1420366899700238	-0.0165435378	0.0114757776	-0.0055049106	-0.0547099891	0.0248225099	0.0016982255	0.0660133849	0.0082875407	0.0085232802	-0.0143516421	0.0053569284	-0.0175525448	0.0326629003	-0.0218908322	-0.0946531115	-0.0090356222	-0.0066946353	-0.0501061312	-0.0678181731	0.112020557	-0.028729562	0.0335748623	0.0016693467	-0.0214893481	0.0082897208	0.0028359195	0.0020979581	-0.0907626063	0.0704537663	-0.0551565191	-0.0868003864	-0.1177478866	0.0928073233	-0.157417642	0.0669785927	0.1793816363	0.0178496074	-0.080895221	-0.0850654812	0.036005679	0.0614541848	-0.0365418895	-0.0409763972	0.2055213832	0.0069989176	0.0907502458	0.0520522274	0.0155800939	0.1194636448	-0.1096678181	-0.1699948314	0.0614260425	0.0265562463	0.0083748328	-0.0022827966	0.0030310959	0.0717768942	0.0360120161	-0.0076070208	-0.0304320046	0.0853492227	-0.0179383293	0.0393483086	0.004984441	0.0307434077	0.0568189157	-0.063374592	0.0730505257	0.0064059321	0.1578841768	-0.0205596808	0.0273474326	-0.0071756906	0.01383374	0.0098251378	0.0043659741	-0.0774636756	0.0170824571	0.1026219631	0.1267922175	-0.1443079782	0.1666906989	-0.1378105727	0.0450922914	0.0606017303	0.0419185162	0.091056238	-0.1065695695	0.0043217731	0.1238797745	0.1449007674	-0.0135968936	0.0022465543	-0.0390483727	0.0034104207	-0.0136701626	-0.002600355	0.0322076294	-0.0151172237	0.0020227612	-0.0561060592	0.0498683842	-0.0140408792	0.0042286227	-0.1051825209	-0.0247825817	-0.0009210366	-0.014606439	-0.1297298548	0.0819913517	-0.0181295454	0.0453711557	0.010278888	-0.0175227301	0.0052815114	0.0886065894	0.0614521788	0.022184154	0.0	0.0	0.0	-0.0664585181488917	0.0441315532017227	0.0019475939879964	0.0044167346345465	0.1591912267814024	0.0738681579428971	0.0253418466841678	0.0054565047578767	0.044143613193853	-0.0314341543606247	0.0019486585858085	0.0009881060603675	-0.0020899715683241	-0.0012990339046961	1.687489085549996e-06	4.367981156403098e-06	-0.0001479302964397	-0.0002598722247725	6.753357320820876e-08	2.188337260473752e-08	0.0004118459311555	0.0015288025957088	1.6961707100934086e-07	2.337237376645965e-06	0.0	0.0	0.0	0.0	0.0	0.0	0.0	0.0	0.0	0.0	0.0	0.0	0.0	0.0	0.0	0.0	0.0	0.0	0.0	0.0	0.0	0.0	0.0	0.0	0.0	0.0	0.0	0.0	0.0	0.0	0.0	0.0	0.0	0.0	0.0	0.0	0.0	0.0	0.0
518.4971890139308	-0.9843062328006909	268839.33501534787	0.9688587599302878	782.7022729617113	-4.435310765316672	612622.8480994292	19.67198158493396	580.6888512877462	-0.1901637827714921	0.0361622642779632	337199.54200988216	603.9071091198531	410.70689663830143	0.7491189999999999	25.405352	0.1411894630108563	0.082730047486974	-0.0029831868	0.0299507667	-0.0272037738	-0.0083788108	0.0567176164	-0.0262104518	-0.0167677324	0.0284686721	0.0177835904	0.0340447828	0.0304773577	-0.0184287539	-0.0001405914	0.0142967441	-0.0628439773	-0.0345751464	-0.0271198486	-0.0672490351	0.0491531918	0.0068254424	-0.0412481739	-0.0084482833	-0.0171351136	0.0192498271	0.1078059017	-0.0031939154	0.0261656917	0.0596606661	0.0121176203	-0.0513576068	0.0042694418	-0.0501733102	0.0769027351	0.0473423019	-0.0396420241	-0.0487451198	0.0390933059	-0.0516115722	-0.0706378178	0.0162110992	0.1600802014	-0.1155276202	0.1076585184	-0.0394792089	0.0427397731	0.1110072786	0.0771718394	-0.1330429297	0.166510653	-0.0566678148	0.1378191703	0.0739114087	-0.0603670265	0.0119525114	-0.0402072518	0.0134718795	0.0151248856	-0.0142134757	0.0005828064	-0.0054159544	0.0379687436	-0.0735845755	0.0126274316	-0.0467307607	0.0081528543	-0.0286459874	-0.0053965081	0.0150321574	0.0634976171	-0.096940689	0.0489724347	0.0466585445	0.0798933423	0.0572524329	0.0460076469	-0.0144138748	0.0416774909	-0.011829012	0.125191361	-0.0412883462	-0.1365124365	0.0406880456	0.0373883216	0.0750059505	-0.093298503	0.0838673933	-0.1157364655	0.1050125135	-0.1446967297	0.1024415263	0.035043692	0.0005388572	0.0054920388	-0.0049114684	0.0164219434	-0.010109981	0.0075144927	0.0119714059	-0.0288955309	0.0192938689	-0.0274112019	0.0286792238	-0.0203354351	0.0748388556	-0.0691194386	0.0075651996	-0.0625150237	0.056319489	-0.036589035	0.0257192845	-0.058845426	0.0040382458	0.0039057675	-0.0556994399	-0.0313570726	0.0879506014	0.0590956024	0.0178027522	0.0	0.0	0.0	-0.064605177979061	0.0018533401698307	3.434869785108088e-06	0.0041738290217061	0.0943111633598334	-0.064880063421569	0.0088945955342851	0.0042094226295868	0.0470466371079822	0.0029030239141292	0.0022133860631701	8.427547846006024e-06	-0.001625001936081	0.000464969632243	2.1619675890828355e-07	2.6406312922669985e-06	9.322167470848797e-06	0.0001572524639105	2.4728337405938452e-08	8.690280635455145e-11	-0.0003969926827974	-0.0008088386139529	1.5760319019467706e-07	6.542199034212484e-07	0.0	0.0	0.0	0.0	0.0	0.0	0.0	0.0	0.0	0.0	0.0	0.0	0.0	0.0	0.0	0.0	0.0	0.0	0.0	0.0	0.0	0.0	0.0	0.0	0.0	0.0	0.0	0.0	0.0	0.0	0.0	0.0	0.0	0.0	0.0	0.0	0.0	0.0	0.0
519.4639632111238	0.96677419719299	269842.80907500774	0.9346523483581504	786.0960600557383	3.3937870940270614	617947.015635155	11.517790839584643	582.2903956111322	1.6015443233860651	2.5649442197701293	339062.1048209689	604.8729551033896	411.51192420276686	0.855187	29.002508	0.5211704296318953	0.2492400555017574	-0.0117143993	-0.0167009431	-0.0759105847	0.0295861005	0.0265981523	-0.0082961819	-0.0244227676	-0.0135251159	-0.0075201373	0.0075952499	-0.0432073368	-0.0113294381	0.0238711096	-0.0816064965	-0.0738900933	-0.0634844912	0.0226458384	0.0096894532	0.0328341248	-0.1408489465	-0.0795029737	-0.0801719496	-0.0522900801	0.0015024389	-0.0355967426	0.0096790992	0.0279851528	0.041434487	0.0951199124	-0.0817255674	-0.0527259714	-0.0028880813	0.0150568953	-0.1284592573	-0.0548110367	0.0998425995	0.059632126	-0.0905951513	-0.0762683125	-0.0547990291	0.0038334525	0.0344219197	-0.1130304156	-0.0647424617	-0.0620125163	0.016303064	-0.0005498861	-0.1353208229	-0.1666534236	0.0265673813	-0.0153505917	0.0157599693	0.0387499876	-0.0221141844	-0.0111848464	-0.0388058214	0.0397486999	0.0112789972	-0.0708986362	0.0282575824	-0.0399339697	-0.0403948413	-0.1536375611	-0.0639171586	0.0325645806	0.0228567502	0.0661628771	-0.023847921	0.0766563656	-0.1077779712	-0.0540414088	0.1592462929	-0.0963273406	0.0196635367	-0.0552753632	0.0622380121	0.0054410644	-0.0847722028	0.0290332054	0.0754000753	0.0109515736	0.0537566584	0.0203047215	-0.0398705455	0.0568535332	-0.0982898359	-0.0440556982	0.003782982	0.09706612	0.1312016192	-0.1542492795	-0.0197914659	0.0366166409	-0.0373247767	0.0255385354	-0.0289552333	0.0383246735	-0.0126907568	-0.0755948213	0.0257973693	-0.0107748645	-0.1764015588	0.0401043443	0.0814601865	-0.0220748292	0.1345203956	0.0997808178	-0.0667433338	-0.0370651773	0.0175552544	0.0034804653	0.0471830143	0.0449286788	-0.0127388214	0.0704596204	0.0872743556	0.0566845832	0.0133844514	0.0	0.0	0.0	0.0620525137948817	0.1266576917739427	0.016042170885503	0.0038505144682639	0.2065823551824195	0.112271191822586	0.0426762694727153	0.0126048205132639	0.0718865155189263	0.0248398784109441	0.0051676711134528	0.0006170195594704	-0.0020847478618732	-0.0004597459257921	2.1136631628252707e-07	4.34617364758488e-06	-0.0023999682576072	-0.002409290425078	5.804680352372765e-06	5.75984763752214e-06	0.0018820043188208	0.0022789970016182	3.541940256060143e-06	5.193827333384746e-06	0.0	0.0	1.0	0.0	0.0	0.0	0.0	0.0	0.0	0.0	0.0	0.0	0.0	0.0	0.0	0.0	0.0	0.0	0.0	0.0	0.0	0.0	0.0	0.0	0.0	0.0	0.0	0.0	0.0	0.0	0.0	0.0	0.0	0.0	0.0	0.0	0.0	0.0	0.0
518.5206827526112	-0.9432804585126178	268863.698442234	0.8897780234117744	783.5119880096257	-2.584072046112624	613891.0353547959	6.677428339500683	581.0033544941008	-1.2870411170314355	1.6564748369295252	337564.89793339773	604.3129905325468	414.7957396080669	0.8272049999999999	28.053532	0.2764987565722306	0.166147615095717	-0.009273488	0.0092440734	-0.0640707514	0.0288517827	0.0506739462	-8.85976e-05	0.0344922723	0.0264967031	-0.0085941932	0.0384302217	0.0198408755	-0.0388027936	0.0453430099	0.0435942924	-0.0929940906	-0.0270960001	-0.0457297125	0.0304072578	0.0673515746	-0.0963668095	-0.0446783688	-0.0216408086	-0.0755926917	-0.0517562717	0.1478249677	0.039137972	0.0586431455	0.0380893271	0.0090471476	0.2507479825	-0.1398270821	-0.024149811	0.084248266	-0.0165597912	0.0693963865	0.0568766425	0.0436173568	0.1569514666	-0.1317329569	0.0401182284	-0.1864795113	-0.062104974	-0.0090604746	0.1188719596	-0.0821356197	-0.0203538271	-0.0008236922	-0.0725566088	0.0286261098	0.0787926901	-0.0387688574	-0.0641376824	0.1287451603	0.0153158951	-0.0262530451	-0.0274883525	0.0506908815	0.0217020816	-0.0307967692	-0.0477234921	0.0851384847	0.0265334879	-0.1228730519	0.0371880523	-0.1707708312	-0.0001577292	-0.0241689677	-0.0025508206	-0.0041066477	-0.0878937463	-0.0141391959	-0.0271374313	-0.0548256369	0.0508481832	-0.0308901915	0.0992496246	0.0333032032	-0.0814535882	0.1449866094	0.1165903293	0.0295847754	-0.1455279202	-0.0577065398	-0.1053233528	0.0598596032	0.0404132993	-0.0683070249	-0.0642016707	-0.056292983	-0.0404658766	0.0550642895	-0.006861948	0.0008308348	-0.0556934186	0.0077224304	-0.0383003305	0.0219526391	-0.0121291634	0.0114258524	0.0199405421	-0.0193896867	-0.0765305287	0.0052276083	-0.0654524505	0.0549471481	-0.0055521086	0.1074398711	0.0246775384	0.0214844257	0.0518839589	-0.0247792374	0.1025251968	0.0034073454	-0.1037500406	0.0549308528	0.086578008	0.0542213423	0.0089384093	0.0	0.0	0.0	-0.0286509842603521	-0.0907034980552338	0.0082271245594558	0.0008208788990869	0.2058554117376019	-0.0007269434448175	0.0423764505416576	5.28446771963249e-07	0.070659590495822	-0.0012269250231043	0.0049927777290372	1.505345012319487e-06	-0.0022632567503049	-0.0001785088884317	3.1865423249121165e-08	5.122331117800697e-06	-0.0012080212821221	0.0011919469754851	1.4207375923680775e-06	1.4593154180599225e-06	-0.0004243676182439	-0.0023063719370647	1.800878754140005e-07	5.319351512079576e-06	0.0	0.0	0.0	0.0	0.0	0.0	0.0	0.0	0.0	0.0	0.0	0.0	0.0	0.0	0.0	0.0	0.0	0.0	0.0	0.0	0.0	0.0	0.0	0.0	0.0	0.0	0.0	0.0	0.0	0.0	0.0	0.0	0.0	0.0	0.0	0.0	0.0	0.0	0.0
518.1974856083937	-0.3231971442174881	268528.63409086136	0.1044563940303398	783.4136077702394	-0.0983802393863015	613736.8808395825	0.009678671501706	580.5461449697847	-0.4572095243161129	0.2090405491253662	337033.82643927826	603.8965484431533	414.240001798861	0.7876309999999999	26.711426	0.1674787001319403	0.0880468725737394	-0.0196646182	0.020534922	-0.0420174365	-0.0870526309	0.0336052974	-0.0171940361	0.0529024902	0.0369088194	0.0229691634	-0.0119025137	0.007084025	-0.0498078797	0.0011649936	-0.0442428	-0.0364153559	-0.0375067462	0.0029529751	-0.1189687432	-0.0703398268	-0.1060728522	-0.0230176745	0.0136457914	-0.0642755459	0.0947311623	0.0368847445	0.1364607839	-0.0115654212	-0.0089698209	-0.0335305164	0.0703321913	-0.0687969491	0.1038153133	0.0042554251	-0.0627319496	-0.0477192368	0.0886414751	-0.0282135531	-0.0912726306	0.0789129976	-0.1138206764	-0.0394820947	-0.1169091114	0.0300851623	-0.0574204966	-0.06931282	-0.0177978821	-0.0950307521	-0.1371060191	-0.0291740225	0.0277302433	0.0416827677	0.0461534568	-0.2283093185	-0.0012597014	-0.0330027793	0.0126166399	0.0306879059	0.0354889729	-0.0319594848	0.0408731422	0.0630659652	0.0146049199	-0.003062149	0.0955127467	0.0471999566	0.0666464467	0.0050665953	-0.0546995046	0.0921224768	-0.0688343993	-0.0628211214	0.1251681407	0.0457224638	0.0871421128	-0.1081521772	0.0624567519	-0.0300102038	-0.0577256809	0.0173011214	0.1087755651	-0.0259008772	-0.1224500098	0.0948848848	-0.0398485868	0.0917733673	-0.1315454551	-0.0052367554	0.0953365393	0.148108597	0.0357177274	-0.0122995445	-0.0092004157	-0.0020933922	-0.0443582989	0.0099034747	-0.0602008418	0.0389024783	0.0032518262	0.0046184191	-0.0016986026	0.0253208485	-0.0378036512	0.0118169173	-0.0085985413	0.0370006487	-0.0152720221	0.0681499392	-0.0991681765	0.0179642451	-0.014572955	0.0499525388	-0.0013544502	0.0049338507	-0.0339028276	0.0844919779	0.0858617188	0.051708149	0.004473841	0.0	0.0	0.0	-0.0190801676474734	0.0095708166128786	9.160053063735487e-05	0.0003640527974556	0.1377813421333229	-0.068074069604279	0.0189836982400597	0.0046340789524882	0.1219352130914046	0.0512756225955826	0.0148681961916462	0.0026291894725646	-0.001987185738546	0.0002760710117589	7.621520353358293e-08	3.9489071594806105e-06	-0.0015227593966862	-0.000314738114564	9.906008075936448e-08	2.31879618019612e-06	-0.0002440129181829	0.000180354700061	5.9542304240134663e-08	3.252781783409327e-08	0.0	0.0	0.0	0.0	0.0	0.0	0.0	0.0	0.0	0.0	0.0	0.0	0.0	0.0	0.0	0.0	0.0	0.0	0.0	0.0	0.0	0.0	0.0	0.0	0.0	0.0	0.0	0.0	0.0	0.0	0.0	0.0	0.0	0.0	0.0	0.0	0.0	0.0	0.0
518.1874530415768	-0.0100325668169034	268518.23648971634	0.0001006523969356	785.9245753595006	2.510967589261213	617677.4381540114	6.304958234320268	579.811656222448	-0.7344887473366271	0.5394737199641276	336181.5566914183	603.1505801091429	414.9610638836506	0.752858	25.53216	0.2040205633179382	0.1016565004934696	-0.0186089571	0.025196729	-0.0526713518	-0.0531213029	0.0342364658	-0.0190070449	0.0457489295	0.0306779907	0.0696908657	0.046907993	0.04677338	-0.0734505612	0.0421681836	0.0202788955	-0.0577994757	-0.0405953274	-0.0438761913	-0.0005693466	0.0461513039	0.0347096389	0.059599833	0.1539100558	-0.1306627918	0.0358384356	-0.0050130038	-0.0089161883	0.216216391	-0.0085336893	0.0128553752	-0.1038069482	-0.0773600057	0.0402608216	-0.0163275924	0.0860193985	0.0500575549	-0.0668675492	0.0257629497	0.0980963002	-0.0308347406	0.0445277103	0.0507958213	0.1248148495	0.0627361324	-0.076177477	-0.0581183262	-0.1736995629	-0.1788574022	0.0714776452	-0.0368258458	0.0633143092	0.0657118289	0.0245227219	0.0486776822	0.0241117169	-0.0558003241	0.0152593401	0.067821503	-0.0038045007	-0.0179888304	-2.7956e-05	0.1146461528	-0.0584983594	0.0892060568	0.0623342995	-0.0450007249	-0.0117180479	-0.0183876115	0.0833688059	-0.0269468375	0.0002891016	-0.1093985452	0.0017060205	-0.1861881047	0.0521351991	-0.0997524143	-0.1750910545	-0.0319171906	0.0800558656	-0.0033737316	0.0091668747	0.0811353961	-0.0591740285	-0.0915321568	-0.1752542186	0.0163362352	0.0079843734	0.0037377544	0.0629310713	-0.1351097252	-0.1363563543	-0.0245944899	-0.0117454391	-0.0132509076	-0.0705791478	0.0004808855	-0.0647780729	0.0173677922	0.017129133	0.0129024827	0.0120892186	-0.0342743602	0.0368398343	0.0323763131	-0.0389610956	-0.0394849099	-0.0891481741	0.127108922	-0.0234039715	0.0065525835	-0.0045669814	-0.0580895263	-0.0446602805	0.0794311252	-0.0534659777	0.0406434496	0.0851256531	0.0491473187	0.0	0.0	0.0	0.0	-0.054030862808247	-0.0349506951607736	0.0012215510922213	0.0029193341358036	0.2126718662521369	0.074890524118814	0.0452293226951668	0.0056085906027906	0.103539468210144	-0.0183957448812606	0.0107204214772394	0.0003384034297364	-0.0029991467935001	-0.0010119610549541	1.0240651767438156e-06	8.994881488961933e-06	-0.001043100685532	0.0004796587111542	2.3007247918610827e-07	1.0880590401573284e-06	-0.0002680651352164	-2.405221703349997e-05	7.18589167185868e-08	5.78509144226586e-10	0.0	0.0	0.0	0.0	0.0	0.0	0.0	0.0	0.0	0.0	0.0	0.0	0.0	0.0	0.0	0.0	0.0	0.0	0.0	0.0	0.0	0.0	0.0	0.0	0.0	0.0	0.0	0.0	0.0	0.0	0.0	0.0	0.0	0.0	0.0	0.0	0.0	0.0	0.0
517.4246678673738	-0.7627851742029179	267728.28691766213	0.5818412219837759	780.3243295769943	-5.600245782506363	608906.0593297855	31.362752824480307	579.3789790999554	-0.4326771224926915	0.1872094923285555	335680.0014229065	602.5428849204642	411.6131599878459	0.74294	25.195795	0.1608464014027036	0.1055174949880726	-0.0046471233	0.0374160921	-0.0535956159	-0.0452911966	0.077565343	-0.0312523278	-0.0215618493	0.0688613095	0.0177045334	0.0538941728	0.0549242097	-0.0686261408	-0.0070284827	0.0086769152	0.0558209342	-0.042742294	0.0183065713	-0.0154151931	-0.0279033166	0.0161220095	0.0704912271	-0.0242727081	0.0495928949	0.1046854474	0.0677437434	0.0593341143	0.0611977532	-0.0498036996	0.0214355318	-0.069466209	-0.0916977892	0.0713888395	0.0356358746	-0.0431516987	0.1133278417	-0.0557966508	-0.1105974663	-0.0154561585	0.0420802542	0.1036230191	0.0176355965	-0.0540170751	0.0128087949	-0.0838739414	0.108130842	0.0979463343	0.0526991949	-0.0718611476	0.018644606	0.0146602099	-0.0417853092	-0.0801207515	0.0808603071	0.0328781715	-0.0723220614	0.0523558269	0.0152199167	-0.0639533862	0.004318928	-0.0075855519	-0.0059863681	-0.0619402501	0.0519808679	0.0689724794	0.0814609467	-0.0506164807	0.0658343855	-0.0084641313	0.0063877242	-0.0151423708	0.0063052449	0.0596105759	-0.0265652295	-0.032595161	-0.0025995318	-0.007299534	-0.0405426916	0.0261398146	0.0513800581	-0.103283606	-0.0920965292	0.0077795263	-0.1252113377	-0.0208238817	0.048874867	-0.1787256904	0.0087729925	-0.0425858073	-0.0636016415	-0.0016079821	0.0319696501	0.005569109	-0.0095712474	-0.0300853577	0.0068431066	-0.0291409575	0.0225567416	0.020155875	0.0304843493	-0.0024035734	-0.0142691963	0.0666114666	0.0403074628	0.0467424973	-0.0540229126	-0.1005388793	-0.0031658999	-0.0183111091	-0.0256062963	-0.0161930489	0.0434698285	-0.0431148842	0.0556653922	0.0171030178	-0.0498852962	0.0843699804	0.0465412106	-0.004473841	0.0	0.0	0.0	-0.0520596400287729	0.0019712227794741	3.885719246317616e-06	0.0027102061199254	0.1192658254209249	-0.093406040831212	0.0142243371133345	0.008724688463762	0.0869424955424165	-0.0165969726677275	0.0075589975311431	0.0002754595017332	-0.0021821696944223	0.0008169770990778	6.674515804175778e-07	4.761864575255114e-06	-0.0009636206527947	7.94800327373e-05	6.317075603922281e-09	9.285647624924838e-07	-0.0003490513058871	-8.098617067070003e-05	1.2183681414148986e-07	6.558759839903753e-09	0.0	0.0	0.0	0.0	0.0	0.0	0.0	0.0	0.0	0.0	0.0	0.0	0.0	0.0	0.0	0.0	0.0	0.0	0.0	0.0	0.0	0.0	0.0	0.0	0.0	0.0	0.0	0.0	0.0	0.0	0.0	0.0	0.0	0.0	0.0	0.0	0.0	0.0	0.0
518.8027133154947	1.3780454481208153	269156.2553435193	1.8990092570864987	784.7057140417267	4.381384464732378	615763.0576497361	19.196529827798223	581.0308571938064	1.6518780938509965	2.7287012369448007	337596.8570113694	603.8468759255331	411.0433251890937	0.753092	25.540081	0.164890811411983	0.0980017998952283	-0.0298394495	0.0348433585	-0.1070279074	-0.0277326197	0.0457595641	-0.0637285083	-0.127607253	0.0581076468	0.0421139228	0.0882874029	0.0050901977	-0.0675230124	0.0253923812	0.0515243464	-0.0533468326	-0.0427205933	-0.0558860822	-0.0244036764	0.1141738914	-0.1040191331	-0.0610428832	-0.0027224135	-0.1862942968	-0.1023367695	0.0339480892	-0.0044353336	-0.0024805559	-0.0173741751	-0.0144931832	-0.038022369	0.0382149801	-0.0808174164	0.0516301736	0.0187265901	-0.0692749877	0.0465845012	0.0471879274	-0.0293462885	-0.0948954885	-0.055024159	-0.0458321858	-0.0049872471	0.1466058975	0.0149936234	0.0203158559	0.0316300382	0.0545473855	-0.1306875573	-0.103392812	-0.1451440697	0.1190667824	-0.1616276068	0.1371735631	-0.0218244986	-0.0837796239	0.0016067275	-0.0172737362	-0.0531404061	0.0473904701	0.018851044	0.075194076	-0.0976050033	-0.0443274061	-0.0885376518	-0.0153707273	-0.0259202688	-0.0302026588	0.1168419714	0.0296650256	-0.0563789479	-0.0544234134	0.0218376048	0.0399779219	-0.0251915218	-0.0675334952	-0.0134653689	-0.0524630399	-0.1030766481	0.0235002212	0.0653488945	-0.016360329	0.0173635457	0.0573398605	-0.0729054177	-0.0798245821	0.1386268047	-0.0169073629	-0.0789565226	0.1129651957	-0.0442311923	-0.137428034	-0.0116772874	-0.0147051594	-0.0733153921	0.0131328144	-0.0794919214	0.0169196821	0.0073604799	0.002483053	0.0104141123	-0.0008063262	-0.0217678157	-0.011211841	0.0759271064	-0.0608776948	0.0763723978	-0.0056297362	0.0873785842	-0.1066718333	-0.0025719603	-0.0452384826	-0.0132011585	0.0033462808	-0.0373657825	0.035167002	0.0835948747	0.0438922256	-0.0089384093	0.0	0.0	0.0	-0.0493509836709336	0.0027086563578392	7.336819264863244e-06	0.0024355195892887	0.1910742297101393	0.0718084042892144	0.036509361259323	0.0051564469265632	0.1540048915147309	0.0670623959723144	0.023717506610464	0.0044973649535474	-0.0019412673189666	0.0002409023754556	5.803395450019896e-08	3.7685188036877714e-06	-0.0010240020486733	-6.038139587859995e-05	3.645912968248207e-09	1.0485801956871153e-06	-0.0005139946304051	-0.000164943324518	2.6419048008527534e-07	2.7206300303050265e-08	0.0	0.0	0.0	0.0	0.0	0.0	0.0	0.0	0.0	0.0	0.0	0.0	0.0	0.0	0.0	0.0	0.0	0.0	0.0	0.0	0.0	0.0	0.0	0.0	0.0	0.0	0.0	0.0	0.0	0.0	0.0	0.0	0.0	0.0	0.0	0.0	0.0	0.0	0.0
518.9413548553132	0.1386415398185363	269300.1297790681	0.0192214765632547	784.1661455031724	-0.5395685385542492	614916.5437533025	0.2911342077975684	581.7247593320649	0.6939021382585224	0.4815001774797495	338403.6956199488	603.9310935286225	413.2975110704335	0.70933	24.055971	0.1595884555938529	0.0859342381968004	-0.0138219367	0.0163314359	-0.0812141632	-0.0135290949	0.0478774332	-0.0362978332	-0.0787709498	0.0356875795	-0.0417036829	0.0647218331	0.0059505143	-0.0196419638	0.0342452886	0.1128561035	-0.0800176857	-0.0886154098	-0.0573759287	0.066361316	0.0839036371	0.0295333275	0.1221084753	-0.1258056266	-0.046844122	0.0812444235	-0.0338595851	-0.0757077874	0.0261574608	-0.1311424609	0.111460569	-0.1125723582	-0.0161004835	0.0934027557	-0.0372714796	-0.0807403285	-0.0092169039	-0.0105379527	-0.0885632332	0.0431655437	0.0497141055	-0.0601519022	-0.0101558396	-0.1674867179	0.0358871918	-0.1228029514	-0.0633741258	-0.0439512495	0.1200849411	0.0148046573	-0.0450365036	0.0379335073	-0.1717378857	-0.0559168963	0.0495260861	0.0053642304	-0.0567763908	-0.0240339376	-0.0439870357	-0.0399967934	0.0016229163	-0.0393707108	0.0664045513	-0.079795908	-0.1044876557	0.0098004547	-0.0246368151	-0.0121418816	0.0393095637	0.0445022605	-0.0993187428	0.0747354521	-0.0199750903	0.02307091	-0.1170810455	-0.0377504112	0.0021063458	-0.0287562129	0.0322063601	-0.0233149464	-0.2124852892	0.0912478109	-0.0385899943	0.1582034938	-0.0520799194	0.0104148299	0.0708489738	-0.080844439	-0.0657054196	0.0928534421	0.0773906088	-0.1033378052	0.0668620953	0.00307623	-0.0074576687	-0.052229475	0.0235105445	-0.0558431163	0.0142623085	0.0100171876	0.0318362861	0.019398089	0.0248458522	-0.0687144829	0.0097281666	0.0019892296	0.0618975244	0.0650451684	0.0367326632	0.0234536983	-0.0271957177	-0.0349747182	-0.0071084001	-0.0031193182	0.0027418884	-0.0306944224	-0.0345158178	0.0828005146	0.0412028041	-0.0133844514	0.0	0.0	0.0	-0.0091837211225964	0.0401672625483372	0.001613408980627	8.43407336576233e-05	0.1310823495317237	-0.0599918801784155	0.0171825823587569	0.0035990256873413	0.1081417959528607	-0.0458630955618701	0.0116946480319101	0.0021034235345172	-0.0019048013061482	3.6466012818400177e-05	1.329770090871726e-09	3.628268015903889e-06	-0.0012310389146816	-0.0002070368660083	4.28642638865388e-08	1.5154568094604518e-06	-0.0004861731631272	2.78214672779e-05	2.3636434454510706e-07	7.740340414952602e-10	0.0	0.0	0.0	0.0	0.0	0.0	0.0	0.0	0.0	0.0	0.0	0.0	0.0	0.0	0.0	0.0	0.0	0.0	0.0	0.0	0.0	0.0	0.0	0.0	0.0	0.0	0.0	0.0	0.0	0.0	0.0	0.0	0.0	0.0	0.0	0.0	0.0	0.0	0.0
519.9038614672228	0.9625066119095892	270300.0251685292	0.9264189779696764	785.9953556618495	1.8292101586771423	617788.6991219973	3.346009804607656	582.8323669433594	1.1076076112944977	1.2267946205975029	339693.5679567987	604.8876884022698	417.1135629725978	0.753324	25.547966	0.213326606628717	0.1025269227986925	-0.0331807735	0.0183119881	-0.0597292767	-0.1232540371	0.0162299772	-0.0431017796	-0.1036373586	0.0100716265	-0.0141375982	0.0284968485	-0.0456839689	-0.0179620478	-0.0244583048	0.1081230718	-0.0754274552	-0.0719220804	-0.0226007868	-0.0913775773	-0.0896636778	-0.0565057242	-0.0232265327	0.0382785317	0.0458871419	0.0989579133	0.0281484874	-0.0170697499	-0.0555400687	-0.0521351392	-0.1109197866	-0.0935879988	-0.0320143348	-0.0854112809	-0.0768668006	-0.0516483961	-0.1969405885	-0.0140885134	-0.0209098853	0.0753920706	0.0747029816	0.0999915787	-0.0106171529	0.0992875353	0.0526723514	-0.0937893745	0.1435100864	-0.0409294043	0.1640035436	-0.1769690829	-0.110587969	0.0678000664	-0.0628820175	0.0730915626	0.1676792175	-0.0415643264	-0.0529868118	-0.020853997	-0.095754718	0.0494074144	-0.004129747	-0.0266682597	0.0968928474	0.0321126185	-0.0803143219	0.0905365614	0.0350664288	0.0514972613	-0.0181910343	-0.0199437091	0.0609398715	-0.0999106736	-0.0814964733	-0.0180233494	0.0911216164	-0.0687400224	0.1014879446	-0.0148727985	-0.0519383292	-0.0794930643	0.0110242436	-0.0067665211	0.0172016799	0.0753612871	-0.0427612417	0.1277321124	-0.01473677	-0.1895752608	0.1357858045	0.004919553	0.0102632038	0.0441712335	0.0990630355	-0.0091406307	-0.0170863878	-0.0826507777	0.010673099	-0.0909436772	0.03032385	-0.0025594832	0.0342186602	0.0270205021	0.0185539659	-0.0501483713	0.0031099854	-0.0436353083	0.0459463038	-0.034591429	0.0415478957	-0.0199054781	0.0085689905	-0.0054727111	0.0441794079	0.0280717756	-0.0196992279	-0.0269082953	0.0424265917	0.0819870831	0.0384754238	-0.0178027522	0.0	0.0	0.0	-0.0361795346136091	-0.0269958134910127	0.0007287739460415	0.0013089587248573	0.1935212273905051	0.0624388778587813	0.0374504654507275	0.0038986134682638	0.1703133179597387	0.0621715220068779	0.029006626274455	0.0038652981486517	-0.0023691361273342	-0.000464334821186	2.1560682616583474e-07	5.612805989840091e-06	-0.000496882111697	0.0007341568029846	5.389862113685688e-07	2.4689183292447e-07	-0.0005220894043975	-3.591624127029995e-05	2.7257734618413626e-07	1.2899763869863974e-09	0.0	0.0	0.0	0.0	0.0	0.0	0.0	0.0	0.0	0.0	0.0	0.0	0.0	0.0	0.0	0.0	0.0	0.0	0.0	0.0	0.0	0.0	0.0	0.0	0.0	0.0	0.0	0.0	0.0	0.0	0.0	0.0	0.0	0.0	0.0	0.0	0.0	0.0	0.0
519.4946425258817	-0.4092189413411233	269874.6836130936	0.1674601419523497	784.4193597537035	-1.5759959081460693	615313.7319564101	2.4837631024931537	582.3118488945557	-0.5205180488036376	0.270939039130346	339087.08936299593	604.7053566291684	413.9417224935224	0.7373659999999999	25.00675	0.135949025983157	0.088655589301684	-0.0083068875	0.0250952083	-0.0552741446	-0.0452178232	0.0356933311	-0.0160822203	-0.0355543565	0.0382316825	-0.0600332308	0.0229321866	-0.0055938326	0.0209106661	-0.0090550963	0.0769083855	-0.0757273922	-0.0345877162	-0.0104321659	-0.0682869039	-0.0340512143	-0.075816799	0.0738522813	0.060904711	-0.0263821711	-0.0047900314	-0.0368841342	0.0043175917	0.0975934725	0.1215099573	-0.0212250195	0.1438435897	0.071323998	0.0306914596	0.0555356844	-0.0486448398	-0.0227462632	-0.1432297025	0.0234882466	-0.0546689149	0.0740915477	-0.0433235306	0.0029897315	-0.11430283	-0.0639802689	-0.0158127464	0.0393016062	0.042479215	-0.0204734488	0.083792289	-0.0503305068	-0.0808743753	-0.09390578	-0.0367578933	0.003941785	0.004599379	-0.0195002935	-0.0227114211	-0.0639794165	0.0311231202	0.0240130601	-0.0283700065	0.0686485874	0.0103229828	-0.053201827	0.1264323151	0.0270811608	0.0344208242	0.0088218512	0.0595973876	0.0711810776	-0.0063489271	0.0663137675	-0.1212460445	0.0020432412	0.1424697392	-0.0775906398	0.0412948918	0.0895958276	-0.0205366611	-0.0301960825	-0.0533472647	-0.0276329377	-0.0628263769	0.0218430949	-0.070780625	0.0147388478	0.0068465718	-0.0780330829	0.0547752301	-0.0354374952	0.1587417613	0.0731719946	0.009585893	-0.0153827967	-0.0643064852	0.0199521193	-0.0523493245	-0.0056901836	0.0060580563	0.0480740526	0.0189709325	-0.0378786848	-0.0039144116	0.0696171547	-0.0502702832	0.052344458	-0.030686939	0.061202859	-0.007216321	0.0393234723	-0.0299743048	-0.0057640704	0.0923202171	-0.0529923217	-0.0154020185	0.0554829909	0.0811547674	0.0357125974	-0.022184154	0.0	0.0	0.0	-0.0407657545284081	-0.004586219914799	2.1033413106898973e-05	0.0016618467422704	0.1668851070098469	-0.0266361203806581	0.027850638941688	0.0007094829089329	0.0861292967181839	-0.0841840212415548	0.0074182557531689	0.0070869494323985	-0.0026040910718499	-0.0002349549445156	5.5203825952375625e-08	6.781290310488361e-06	-0.0003238170451562	0.0001730650665407	2.9951517256771524e-08	1.0485747873369249e-07	-0.0005249226822639	-2.8332778664000736e-06	2.7554382235512734e-07	8.027463468232553e-12	0.0	0.0	0.0	0.0	0.0	0.0	0.0	0.0	0.0	0.0	0.0	0.0	0.0	0.0	0.0	0.0	0.0	0.0	0.0	0.0	0.0	0.0	0.0	0.0	0.0	0.0	0.0	0.0	0.0	0.0	0.0	0.0	0.0	0.0	0.0	0.0	0.0	0.0	0.0
521.0001099937352	1.5054674678535775	271441.11461348424	2.2664322967654624	790.128132245694	5.708772491990544	624302.4653660689	32.590083365307926	582.0610810282835	-0.2507678662722128	0.0628845227547184	338795.10204781406	605.1476141820189	415.8652660296878	0.8350459999999998	28.319456	0.2049441886489259	0.1182015594133866	-0.0092982954	0.0196003276	-0.0182464777	0.015783806	-0.0004819246	-0.0386417124	-0.1768486195	0.0269676751	-2.36425e-05	0.0778881906	-0.0236376193	-0.0064201313	-0.0189341647	0.0097929104	0.040673821	-0.0922092259	0.0387261584	0.0582316558	-0.0900394319	0.043481913	0.2124801315	0.1607311266	-0.105201677	-0.0189610245	-0.2856414078	-0.1033364183	-0.0203152418	0.2487018078	-0.0777523297	-0.0532924722	0.1659733897	-0.0965443207	-0.0555755675	-0.0203317933	-0.0691996869	0.010740002	-0.0364960377	0.1109436942	-0.0450117188	-0.055266208	0.0983541583	0.0269736277	-0.0406930064	-0.0116801178	-0.0535047841	0.0904158068	0.0812590779	-0.0817273337	-0.0336751009	-0.0018244893	-0.0218894684	-0.0414285925	-0.0247908056	-0.0197479107	-0.0354403462	-0.0052527828	-0.0954164643	-0.0835811767	0.0487861353	0.037114637	-0.004967864	-0.0954916586	-0.0737842191	-0.0041821926	0.0878969789	-0.0387046399	0.1069953724	-0.0900427606	0.0318435198	0.0708028539	-0.1445343638	-0.4149018679	0.0456613737	-0.0349195335	0.0431431964	-0.1860853828	0.1944068596	-0.0152294276	0.015565161	-0.0968111438	0.1809092471	0.0400981846	0.0631260877	0.0320365794	-0.0610906422	-0.0249712266	0.0665676994	0.118534793	0.0604347333	0.1579277522	0.0155683324	0.0080604371	-0.0120182392	-0.0314325055	-0.0007948812	-0.0632377521	-0.017771206	0.0255486291	0.0636139571	-0.0143458724	-0.010581459	0.1422071589	0.4035651935	0.1262933202	0.2282123811	0.1280124332	-0.0798961052	0.024277689	0.1143649058	-0.197384784	-0.082560079	0.0838784494	-0.1314419848	0.1252093431	0.0640708018	0.0803037594	0.0329168701	-0.0265195758	0.0	0.0	0.0	-0.0559069250453205	-0.0151411705169123	0.0002292550446222	0.003125584268023	0.0601196415279616	-0.1067654654818853	0.0036143712974506	0.0113988646195636	0.1141268812930889	0.027997584574905	0.0130249450336868	0.0007838647420289	-0.0023630207164743	0.0002410703553755	5.8114916240918055e-08	5.5838669064867145e-06	-3.320731371303509e-05	0.0002906097314431	8.445401600946845e-08	1.1027256840359283e-09	-0.0010940419569496	-0.0005691192746857	1.1969278035661103e-06	3.238967488187773e-07	0.0	0.0	0.0	0.0	0.0	0.0	0.0	0.0	0.0	0.0	0.0	0.0	0.0	0.0	0.0	0.0	0.0	0.0	0.0	0.0	0.0	0.0	0.0	0.0	0.0	0.0	0.0	0.0	0.0	0.0	0.0	0.0	0.0	0.0	0.0	0.0	0.0	0.0	0.0
523.0335125663786	2.033402572643354	273564.0552675241	4.134726022432609	792.8204745019389	2.6923422562448422	628564.3047894795	7.248706824761568	583.7714933676406	1.710412339357049	2.9255103706248526	340789.15646868525	606.3128681182861	420.68960259401535	0.880712	29.868149	0.2136792551724716	0.133682542363854	-0.0084759292	0.0284124738	-0.0206725949	-0.1161064848	-0.0245379104	-0.0075956881	-0.1184945717	-0.0047696255	-0.0242128819	-0.0028851343	-0.0305771944	0.058694223	-0.0340335112	0.0833361446	-0.0799973595	0.0190325071	0.0346735621	-0.019131812	-0.0519768741	-0.0771787086	0.0191418692	0.097614529	-0.109660943	0.1106925006	0.0187372293	0.0571453989	-0.0554451648	0.1300425417	-0.0383199675	-0.082455867	-0.0652230199	-0.0848658131	-0.0871408563	0.0677002972	0.0451911193	0.0669791411	-0.004188684	0.1217164697	0.029821026	0.0742872752	0.0072023362	-0.0549005247	0.120994667	0.0548884487	0.0250373248	0.0775119395	-0.0080909044	-0.0846148205	-0.0363489868	0.0626068567	0.0799949657	-0.0140846248	0.0532158356	-0.0183081648	-0.0120070681	-0.0313427747	-0.1377932724	0.0289158152	0.0150134058	-0.0257013098	0.0120928244	-0.0272401199	-0.058448876	-0.0805973752	0.147240253	0.0323031984	-0.0040829865	0.0218596225	0.093370777	-0.1042568818	-0.1432168868	-0.058438088	0.0691058556	-0.1073684059	-0.0452311973	-0.1770753239	-0.0163142383	-0.0553779708	0.1791485917	0.0278221226	-0.0534781925	-0.0117092968	-0.0007876505	-0.0800992598	-0.0182680289	-0.0301040851	-0.0065983729	-0.0211437631	0.0042817824	0.1345999539	0.1126719551	0.007945224	-0.0244705419	-0.0841021653	-0.0262413167	-0.0697865778	0.0039422276	0.0025154319	0.0459618116	-0.0222627062	0.0013087968	0.0815272386	0.2324492477	0.1237482016	0.0280625262	0.1049598022	-0.0563754048	0.0127811506	-0.0554663808	-0.0481974224	0.1108845058	0.0606696898	-0.136812445	0.0703277234	-0.027797838	0.079434255	0.0300908175	-0.0308000317	0.0	0.0	0.0	-0.0776333723512721	-0.0217264473059516	0.0004720385125382	0.0060269405026312	0.1864220832260059	0.1263024416980443	0.0347531931143238	0.0159523067788878	0.1134805930874449	-0.0006462882056439	0.0128778450074782	4.17688444754537e-07	-0.0029078508924201	-0.0005448301759458	2.9683992062113146e-07	8.455596812548372e-06	0.0001918632952828	0.0002250706089958	5.0656779033756083e-08	3.68115240767749e-08	-0.0016242227312646	-0.0005301807743149	2.6380994807566368e-06	2.810916534532528e-07	0.0	0.0	0.0	0.0	0.0	0.0	0.0	0.0	0.0	0.0	0.0	0.0	0.0	0.0	0.0	0.0	0.0	0.0	0.0	0.0	0.0	0.0	0.0	0.0	0.0	0.0	0.0	0.0	0.0	0.0	0.0	0.0	0.0	0.0	0.0	0.0	0.0	0.0	0.0
523.8352037315594	0.8016911651808414	274403.3206684844	0.642708724329015	794.8572482728122	2.0367737708733102	631798.045131827	4.148447393717484	583.7111931205917	-0.0603002470488718	0.0036361197941549	340718.7569742647	607.5091062139293	428.7256627613697	0.8172089999999999	27.714527	0.1481336644769443	0.0735598950379286	0.0079539564	0.0036349912	0.0342593084	-0.086998165	-0.0425045338	0.044679695	0.0059144818	-0.0684385658	-0.0227008031	-0.0439877334	-0.0168070619	0.1040582192	-0.0203132701	0.024103022	-0.0745861509	0.0730556004	0.0229522392	-0.0509687302	-0.0269648553	-0.0065291072	0.0340504259	0.1916459676	-0.055391663	-0.1077285163	0.0092758195	0.2289727091	0.1229968258	-0.042722847	-0.1473798618	0.0373161826	0.0301783471	0.0663883539	0.0603167025	-0.0475294546	0.038879241	-0.1069702748	0.0194664676	-0.07711592	0.02922648	0.021119178	0.1482231475	-0.0334948983	0.0688378485	0.0812421988	-0.0358292535	0.1479919568	0.0491208771	0.1376577755	0.04433361	-0.0359945967	0.0715079034	0.0346687527	0.0609790792	0.009186851	0.0646957054	-0.0539196779	-0.0604946284	0.1037059608	0.0061216011	-0.0514069881	0.0338915484	0.0269559331	0.0612180406	-0.0456040986	0.0288860993	0.0566461223	-0.0345645507	0.0427879309	0.0589940459	0.0984401434	0.0557635712	-0.0631187532	-0.0123778439	0.131111292	-0.1779044862	-0.1293608614	-0.1717687539	-0.0425782133	0.0540897788	-0.158568206	-0.0294073025	-0.0382936331	0.0847107367	-0.0403084083	-0.0136600288	0.0321042709	-0.00593685	-0.0258591324	0.0029330821	0.0804967224	0.1369457921	0.0139153095	-0.0366659542	-0.0812164292	-0.0049707312	-0.0549465342	0.0136901679	0.0261923043	0.0215295321	0.0094843754	-0.078183769	0.0511527396	0.024977766	-0.0099671114	-0.1202821473	0.0026776447	0.1212760854	0.048283411	-0.0203952315	0.063631892	-0.0027503764	0.072597732	-0.0720374519	-0.0159647363	-0.0193928968	0.0785464546	0.0272370433	-0.0350166499	0.0	0.0	0.0	-0.0820446951194782	-0.0044113227682061	1.9459768565293572e-05	0.0067313319972481	0.207162452687001	0.0207403694609951	0.0429162818032939	0.0004301629253785	0.0548104923861529	-0.058670100701292	0.0030041900756125	0.0034421807162997	-0.0037200110824768	-0.0008121601900567	6.596041743129353e-07	1.3838482453750214e-05	-1.9999868339226623e-06	-0.0001938632821167	3.7582972153068e-08	3.999947335863995e-12	-0.001344008772509	0.0002802139587555	1.8063595805811488e-06	7.851986268148506e-08	0.0	0.0	0.0	0.0	0.0	0.0	0.0	0.0	0.0	0.0	0.0	0.0	0.0	0.0	0.0	0.0	0.0	0.0	0.0	0.0	0.0	0.0	0.0	0.0	0.0	0.0	0.0	0.0	0.0	0.0	0.0	0.0	0.0	0.0	0.0	0.0	0.0	0.0	0.0
520.9337030468685	-2.9015006846909728	271371.92297012295	8.418706223262184	787.2471178289045	-7.6101304439076785	619758.024529917	57.91408537329048	581.5824990586427	-2.128694061948977	4.5313384093768345	338238.2032112962	605.1166497214896	426.4641587037452	0.799069	27.099321	0.2188439354941653	0.1407261438983889	0.0247081991	0.0021555496	0.0173059829	-0.0477247234	0.0173069237	0.0294365151	0.0153270091	-0.0452427964	0.0067340249	-0.0147129971	0.0171725386	0.0031066476	-0.0302959301	-0.0226183051	-0.0765604514	0.027492587	-0.0112297721	0.0008927384	-0.0062958272	-0.1981028798	-0.0719111346	0.1454074408	-0.0448629671	-0.1449967098	0.1150812998	0.1653946466	-0.0776565995	-0.0416092613	0.0941292631	-0.040672449	0.0927611314	-0.0008112085	0.0449251222	0.0196874913	0.0658988806	-0.0256635268	-0.0494445805	0.1400796024	0.0397261911	0.0981112671	-0.0616735017	0.058560471	-0.149124266	-0.0357128354	0.1610452083	0.04925975	0.0388673628	0.1028468186	-0.0058848303	-0.0615185535	-0.0461856686	0.0758916833	0.0173895711	0.0280813566	0.0102876844	-0.0019518657	0.0086472643	0.0477302363	-0.0682800749	-0.0134239467	-0.0088972904	-0.0122896148	-0.0925437055	-0.0444537825	0.0377537332	0.0461761348	-0.1580998314	0.0360726313	0.0678600464	-0.0312999148	-0.0157892508	-0.0061171849	0.0643286532	-0.0557346662	-0.2298799687	0.0358335428	-0.0168956405	-0.0635246822	0.0410224	-0.1478821035	0.012301772	-0.1117935218	-0.0388653926	0.088295002	0.0875167471	0.1149626822	0.1057168462	-0.0219129207	0.0031448142	-0.176595762	0.0152762768	0.0295124639	-0.0391826355	-0.0505107818	0.0031739071	-0.0385202928	-0.0089065287	0.0082767924	0.0344842607	0.0138853353	0.0030482936	-0.0077340964	-0.0166465968	0.0263078439	-0.0133154195	0.0943971668	0.0147650424	0.0607444562	-0.1355506187	0.0732352189	0.0208137839	0.0057385914	-0.0742193328	0.0887214494	-0.0282906678	0.0776405624	0.0243581765	-0.0391606907	0.0	0.0	0.0	-0.0840292520183538	-0.0019845568988755	3.938466084874728e-06	0.007060915194764	0.0976178772138638	-0.1095445754731372	0.0095292499517409	0.0120000140155898	0.0670968368606566	0.0122863444745036	0.0045019855167055	0.0001509542605461	-0.0020360844391519	0.0016839266433249	2.835608940099466e-06	4.145639843356506e-06	-0.0001160291406874	-0.0001140291538534	1.3002647928540004e-08	1.3462761488656462e-08	-0.0014466221482836	-0.0001026133757746	2.0927156399046583e-06	1.0529504887859291e-08	0.0	0.0	0.0	0.0	0.0	0.0	0.0	0.0	0.0	0.0	0.0	0.0	0.0	0.0	0.0	0.0	0.0	0.0	0.0	0.0	0.0	0.0	0.0	0.0	0.0	0.0	0.0	0.0	0.0	0.0	0.0	0.0	0.0	0.0	0.0	0.0	0.0	0.0	0.0
519.1074418255897	-1.8262612212787417	269472.53615870804	3.335230048346521	787.6676252933971	0.4205074644926299	620420.2879353395	0.1768265276940203	580.9485849601722	-0.6339140984705409	0.4018470842397186	337501.2583672264	604.6640727246394	422.4855165334629	0.8126529999999998	27.560034	0.2672067153196805	0.1481744762177304	-0.0006885064	0.0423390115	-0.0113449966	-0.0965916577	0.0072894983	0.0323142004	0.07780231	-0.0043550536	0.0425530086	5.56754e-05	0.0299635726	-0.021163885	-0.0417489969	-0.0031100482	-0.1717754323	0.076807995	0.0274915244	-0.045604956	-0.0746806395	0.0400751311	0.0053532834	-0.0316493038	0.0301449233	0.0078423961	-0.0169567648	0.0133354209	0.0093893997	0.0512921208	0.1650996226	-0.0785383204	-0.0464122793	-0.1397972734	-0.1247204517	0.0495387142	-0.0585413144	-0.0721549178	0.0254167689	-0.0306444924	0.0279587631	-0.1569003255	-0.1094212662	-0.1359047474	-0.0232456357	0.0020874039	0.085103707	-0.0621531136	-0.0748047284	0.094088369	0.1834526044	-0.0842277037	-0.0809412991	-0.0831114361	0.1234291663	0.0255890023	-0.0101368625	0.0009113365	0.011212456	0.1732001433	-0.0851794567	0.0308615852	0.1109509673	0.0399932669	-0.0057838697	0.0139687135	0.0638005703	0.0098430673	-0.014139932	-0.0282332216	-0.0532434807	0.024436419	-0.0726496954	0.0023852627	0.1708268686	-0.0615604897	-0.0720573023	-0.0568171456	0.1140043826	0.1150943686	-0.086448997	0.0830392155	0.0979273973	0.1110351494	-0.0630575627	0.053837508	-0.0455984084	0.1539118464	-0.0444473817	-0.0522346867	-0.0098340184	-0.0301513346	-0.0868232312	0.0161891883	-0.052083018	-0.0929592474	-0.0163960851	-0.0974468307	-0.0118348941	-0.0119906159	0.0318533023	0.0291395956	-0.0217901419	-0.0297004843	-0.0169048343	-0.1005824209	0.0123133245	-0.0018585107	0.0968876277	0.0302377929	0.0098144591	0.0720358529	0.025914661	-0.0800574683	-0.0140489126	0.0795124058	0.086243848	0.0767167874	0.0214568693	-0.043223565	0.0	0.0	0.0	-0.0928882416931031	-0.0088589896747492	7.848169805731464e-05	0.0086282254448363	0.2240191096578598	0.1264012324439959	0.0501845614919002	0.0159772715633611	0.1214762132606068	0.0543793763999502	0.0147564703881364	0.0029571165776474	-0.0027780702456815	-0.0007419858065296	5.505429370913813e-07	7.71767428994087e-06	0.0005507094762915	0.0006667386169789	4.445403833709363e-07	3.032809272772582e-07	-0.0015892400607948	-0.0001426179125111	2.52568397083506e-06	2.0339868969052268e-08	0.0	0.0	0.0	0.0	0.0	0.0	0.0	0.0	0.0	0.0	0.0	0.0	0.0	0.0	0.0	0.0	0.0	0.0	0.0	0.0	0.0	0.0	0.0	0.0	0.0	0.0	0.0	0.0	0.0	0.0	0.0	0.0	0.0	0.0	0.0	0.0	0.0	0.0	0.0
516.7438743250358	-2.363567500553927	267024.2316524484	5.586451329674738	785.2182362874349	-2.449389005962189	616567.67859835	5.99950650252844	579.4313941405485	-1.5171908196236927	2.3018679831504127	335740.7405156597	603.4383237557333	411.8423968451635	0.7908809999999998	26.821644	0.1554110385301867	0.0841482628825948	0.0254039906	0.0813242833	-0.0556128825	-0.0214891326	0.0399138755	0.0449499811	0.1160138904	0.0650581862	0.0908834275	0.0505959749	0.0751596582	-0.0409591839	-0.0018610475	-0.0756014224	-0.0973246081	-0.0590110592	0.0376358355	-0.0331089356	-0.0023144624	0.1115239043	-0.0029805238	0.1268844342	-0.0406471752	-0.0360998424	0.095065809	-0.0659229286	0.0489660942	0.0052281797	0.0352481888	0.1049283923	-0.0013774648	0.0463643028	0.0058021645	-0.0050417244	0.1970778231	-0.0405719782	0.1550317574	-0.0477294531	-0.1260379896	0.0094438893	0.0509261917	-0.1224745096	0.0531213599	-0.0636902106	0.1933766587	0.0512184075	-0.0159300612	-0.1151802179	-0.044326985	-0.00597438	-0.0474848685	0.1279808037	0.045414457	0.0582829503	-0.0073063312	0.040340752	0.1064633324	0.0582475832	-0.0893923043	0.0512476812	0.0931825007	-0.0329005118	0.0684158747	0.0707992621	0.0173586327	-0.0245322887	0.0028327417	0.0549229563	-0.0393525371	0.0595931857	-0.0308311355	-0.0414007409	-0.1114236117	-0.0233427368	0.0181657044	0.0592521945	-0.0063603716	0.040981492	0.122746808	-0.0846410859	-0.054991835	-0.1054065958	-0.0092109569	0.0083432987	-0.1035749159	0.043778072	-0.1155430918	0.0416364154	-0.0134718877	0.0617369258	0.0705194941	0.0357772913	-0.0492353534	-0.0507745328	0.0057795914	-0.0626507069	-0.0292630853	0.009298903	0.0468981269	0.0186527107	-0.0430544176	0.0346570785	-0.0219844655	-0.0051678847	-0.0564364193	-0.0658834359	0.0659414659	0.0613098329	0.0123668379	0.0165745806	0.0543862615	-0.0957821452	-0.0090171515	0.1303249589	0.0681698423	0.0757753421	0.0185357945	-0.0471968518	0.0	0.0	0.0	-0.0955297143081992	-0.0026414726150961	6.977377576302655e-06	0.0091259263158061	0.1553828311108844	-0.0686362785469753	0.0241438242040336	0.0047109387327779	0.0866613485181631	-0.0348148647424437	0.0075101893269865	0.0012120748070346	-0.0024990093289184	0.0002790609167631	7.78749952646619e-08	6.245047626021191e-06	-4.825862492729982e-06	-0.0005555353387842	3.086195126381092e-07	2.3288948798738034e-11	-0.0017410122577609	-0.0001517721969661	3.031123681673706e-06	2.3034799771916656e-08	0.0	0.0	0.0	0.0	0.0	0.0	0.0	0.0	0.0	0.0	0.0	0.0	0.0	0.0	0.0	0.0	0.0	0.0	0.0	0.0	0.0	0.0	0.0	0.0	0.0	0.0	0.0	0.0	0.0	0.0	0.0	0.0	0.0	0.0	0.0	0.0	0.0	0.0	0.0
516.9609623396695	0.2170880146337594	267248.63658315723	0.0471272060976273	781.418528595863	-3.799707691571939	610614.9168329235	14.437778541390951	579.4271676951441	-0.0042264454043561	1.786284075600303e-05	335735.8426632167	602.6132670543233	406.3197155840117	0.75938	25.753349	0.1417774355757847	0.0726727972272783	0.0074377588	0.101608877	-0.1002394231	-0.0375115296	0.0647425298	0.0025756386	-0.0513696579	0.0935904235	0.1045699912	0.0713781975	0.0843334452	-0.0671605573	-0.0235958205	0.0080023479	-0.0550654962	-0.0855926679	0.047936148	-0.0816235817	0.1199897983	-0.0003885426	-0.0390265215	0.0015588269	-0.1698491841	0.0356110798	-0.029932768	-0.0231113984	-0.0679676526	0.0312463317	-0.039694776	-0.037370941	0.1294387028	0.0661259739	-0.210959022	0.2621701691	0.0823144614	0.0935880069	-0.0755759331	-0.0271532569	-0.0232832576	-0.0490932686	-0.0482903384	0.0400383819	-0.0543198148	0.0822418508	0.1160079266	-0.0542385815	0.0306570053	0.0670580273	0.0321345611	0.0047435563	0.1073238584	-0.027437241	0.0125904803	0.0529374661	-0.0690980947	0.0521248248	0.0150658939	0.0042825267	0.0255657991	0.043998678	0.1042107322	-0.0594170886	0.0034379316	-0.0433091025	0.0492086848	-0.078817453	0.0220062646	0.1460879274	-0.016610339	-0.1189894533	-0.0219748442	0.0929523502	-0.0022133365	-0.0345971131	0.1257443957	-0.1443088092	-0.0117410568	0.1084984844	0.0456132892	-0.0561891791	0.0660533843	-0.1162984056	0.1217978824	0.0727855557	0.0062625923	0.1303093934	0.1311416331	0.0047753811	0.0394797399	-0.0480556861	-0.1253108137	0.028850253	-0.0600694279	-0.0664494198	-0.0261600389	-0.0903272761	-0.0337904616	0.0032275775	0.0087404939	0.0206223729	-0.0107398446	0.0600262521	-0.0477314397	0.0407322643	-0.1237026044	0.0109010416	-0.0532270086	0.1287513962	-0.0911910067	0.0238047892	0.0793607058	-0.0946948217	-0.0069966808	0.1288278559	0.0804909384	0.0748164435	0.0155976434	-0.051072316	0.0	0.0	0.0	-0.1496570482949835	-0.0541273339867842	0.0029297682845168	0.022397232104367	0.1791036866660391	0.0237208555551546	0.0320781305773667	0.0005626789882685	0.1214192520271524	0.0347579035089893	0.0147426347628331	0.0012081118563402	-0.0025060354072882	-7.026078369800053e-06	4.9365777258572167e-11	6.280213462582134e-06	0.0005257396759856	0.0005305655384783	2.814997906208002e-07	2.764022069054436e-07	-0.0017868474914099	-4.5835233649000034e-05	3.1928239575578526e-06	2.1008686436584248e-09	0.0	0.0	0.0	0.0	0.0	0.0	0.0	0.0	0.0	0.0	0.0	0.0	0.0	0.0	0.0	0.0	0.0	0.0	0.0	0.0	0.0	0.0	0.0	0.0	0.0	0.0	0.0	0.0	0.0	0.0	0.0	0.0	0.0	0.0	0.0	0.0	0.0	0.0	0.0
517.7060201211418	0.7450577814722692	268019.5232696721	0.5551110977323797	782.4007548728184	0.98222627695543	612150.9412255561	0.964768459141725	579.108597327923	-0.3185703672211275	0.101487078871404	335366.7674991145	602.1705596486077	408.5796477475294	0.7473659999999999	25.345903	0.1078743770896224	0.0490650127675704	0.0277446373	0.0874575659	-0.1108249048	0.0522859398	0.0637381907	0.0166819862	-0.023223275	0.0385672876	0.0089435152	0.0681483996	0.1076924955	-0.0255109083	-0.001137593	0.0482207254	0.0237103148	-0.0806504252	-0.0559155943	-0.0333557932	0.1082972318	-0.0159310684	-0.0678276601	-0.0570930649	0.0229191899	0.135031492	-0.02695659	0.0075053517	0.0069545193	-0.0874917904	-0.0117704049	0.0492319735	0.0192950354	-0.1048734947	-0.0259620342	0.0528251663	0.0876264287	0.1971177295	-0.0226985125	-0.0909847504	0.0616308812	0.1055737601	-0.0690759484	-0.0011385923	-0.0291335658	0.1569262604	-0.0689447353	0.0917802016	-0.0827819045	0.19219209	-0.070846889	0.0653169608	-0.0693740613	0.0128766515	0.0113434699	0.0911953126	-0.0397841999	0.04297124	0.0093101451	-0.0437161983	0.0247687789	-0.0363911365	0.0422253955	-0.0464776944	-0.0588909194	0.0394901109	-0.0572254016	-0.0311505486	-0.030021921	0.0642197174	0.0702825242	0.0287791259	0.080635224	0.1553633935	-0.1063784414	-0.0683507843	0.0523382673	-0.0629536111	0.0259189876	-0.0189554504	-0.028709183	0.1012239149	-0.027387582	-0.0502734847	-0.0543979041	-0.0194758645	0.0163760103	0.0832163397	0.0353532585	-0.2006290382	0.0035025915	0.028314363	0.0088379639	0.040137133	-0.0602749323	-0.0713684992	0.0009194307	-0.0706303398	-0.0433422497	-0.0011537686	0.0475501308	0.0437826975	-0.0220000716	-0.0300551003	-0.0521541417	-0.0087805065	-0.0073409208	0.1087795523	0.0314160682	0.1456811767	-0.0825849359	-0.0145803307	0.0026825416	-0.0953692774	-0.0330916065	0.1388725895	0.0364066522	0.0738403125	0.0126451226	-0.054841925	0.0	0.0	0.0	-0.1226992217439146	0.0269578265510689	0.0007267244123575	0.0150550990165623	0.1947804354837075	0.0156767488176683	0.0379394180472227	0.0002457604534922	0.0919321343411923	-0.0294871176859601	0.008451517324527	0.0008694901094256	-0.0022748625670086	0.0002311728402795	5.344088208293736e-08	5.174999698776958e-06	0.000165889880934	-0.0003598497950515	1.294918749986785e-07	2.751945259629669e-08	-0.0016628164460426	0.0001240310453673	2.7649585332297425e-06	1.538370021490526e-08	0.0	0.0	0.0	0.0	0.0	0.0	0.0	0.0	0.0	0.0	0.0	0.0	0.0	0.0	0.0	0.0	0.0	0.0	0.0	0.0	0.0	0.0	0.0	0.0	0.0	0.0	0.0	0.0	0.0	0.0	0.0	0.0	0.0	0.0	0.0	0.0	0.0	0.0	0.0
519.2765267093458	1.5705065882040117	269648.111191322	2.466490943592205	786.2884232370477	3.8876683642292846	618249.4845166027	15.1139653102292	580.8073326278256	1.698735299902637	2.885701619135302	337337.1576342497	603.3798441027031	412.85697977064143	0.7728439999999999	26.209965	0.1070360959529586	0.0691032101297855	0.0123071447	0.0898780483	-0.0859554057	-0.0393660029	0.0178433583	-0.0168440606	-0.153222808	0.0366052468	-0.0102596768	0.0180536857	0.0630357767	-0.0110244699	-0.0151022518	0.1719238487	0.0685115384	-0.0351487115	-0.007131938	-0.0576646848	0.0308057874	0.0337616619	0.0293881731	0.0297228169	-0.1288074224	0.0452614088	-0.0173523007	-0.0242825673	0.0683603985	-0.0116146651	0.0528400138	0.0485297793	-0.1143836451	-0.0370710188	-0.0309677875	-0.0653080068	0.035886011	0.0339346782	-0.1006861917	-0.0320805289	-0.079919299	0.1332814627	0.0863824835	0.0476172273	-0.0174346993	0.0148985812	0.0086817984	0.0425807255	0.0360040151	-0.04256216	-0.1153763694	0.1208677325	-0.0078313643	0.1442273651	-0.2101328671	0.0548201979	-0.0669642673	0.0079825507	-0.119709373	-0.035305971	0.047150154	-0.0584732439	0.0704945824	0.0588047655	-0.0314362424	0.0735608554	-0.0831760437	-0.1070050561	0.0665998311	0.0059057368	-0.0032244413	0.0066548871	-0.1122846586	-0.0448178736	-0.1019619228	-0.0122323144	0.0334418493	-0.056125861	0.0057574936	-0.0133457756	0.1134490975	-0.0190861784	-0.0976848702	0.0690851365	-0.0011154569	-0.1118648387	0.0250552549	-0.0884847116	-0.0028888345	0.0167695731	-0.0167689686	-0.0699706108	-0.0328789911	0.0397727404	-0.0625146578	-0.0678904619	0.0010613464	-0.0977921954	-0.0151365611	-0.0197657809	0.057033585	0.0228960301	0.0330229253	-0.0188756252	-0.0517608837	-0.0651784597	0.0367040849	-0.0034185167	0.0197823106	0.0595054581	0.0428025227	-0.0873309243	0.1002024168	-0.0779794822	-0.0501946753	0.1254243009	0.0209791829	0.0728471738	0.0096809523	-0.0584978657	0.0	0.0	0.0	-0.1199797590484763	0.0027194626954382	7.395477351880523e-06	0.0143951425813304	0.1384516774239159	-0.0563287580597915	0.019168866981496	0.0031729289845585	0.132049873124771	0.0401177387835787	0.0174371689922681	0.0016094329651074	-0.0021728530363225	0.0001020095306861	1.0405944350798425e-08	4.721290317455907e-06	0.0001842669810947	1.83771001607e-05	3.3771781031639975e-10	3.395432032175452e-08	-0.0016258003486064	3.701609743619991e-05	2.643226773528692e-06	1.3701914694062456e-09	0.0	0.0	0.0	0.0	0.0	0.0	0.0	0.0	0.0	0.0	0.0	0.0	0.0	0.0	0.0	0.0	0.0	0.0	0.0	0.0	0.0	0.0	0.0	0.0	0.0	0.0	0.0	0.0	0.0	0.0	0.0	0.0	0.0	0.0	0.0	0.0	0.0	0.0	0.0
521.3289840454999	2.0524573361540206	271783.90960591304	4.2125811167324585	789.847241094935	3.558817857887334	623858.6642652805	12.665184545617793	581.9076234345152	1.1002908066895998	1.2106398592856502	338616.4822112056	604.626332079778	421.9346160016525	0.755893	25.635063	0.178477207581659	0.0975848242527351	0.008086685	0.0626086825	-0.0290812221	-0.1224961484	-0.0070840171	-0.0197373234	-0.1362168194	0.0040610999	-0.0098300885	0.0197998882	0.0326842501	0.0035137057	-0.0160881417	0.1380412507	-0.0018057423	-0.0069620588	-0.0145641922	-0.1358373219	0.0660817978	-0.0120742245	-0.0315075829	-0.0125219038	0.0394164533	0.0361010409	-0.1053675124	0.004582651	-0.1264376951	-0.0842778434	0.038394248	0.1007584326	0.0852935925	0.0593945377	0.0061975259	-0.0804694204	0.0343445284	-0.011762484	-0.0250043799	-0.0675616052	0.0206029559	0.1465394076	0.0780027797	-0.049606668	0.0673973603	-0.0948740139	-0.0651427614	-0.0312354655	-0.0374951502	0.0195542081	-0.0499343383	-0.1445024169	-0.0127419737	-0.0088175163	0.0459954868	0.0272836523	-0.0493614218	-0.0001820293	-0.1187756966	-0.0339478055	0.0300889892	-0.0880147027	0.0603762536	-0.0076751114	-0.0247295684	0.0842093412	0.036788575	-0.0461130963	-0.0455157759	0.0715136412	0.1286788442	0.1208990932	0.0704111725	0.0291380974	0.0589177551	-0.0517387013	0.0083057017	0.0305133562	-0.0432156456	0.0132772948	-0.0595265545	-0.0610349619	0.0326022681	0.0095193882	-0.0303315297	0.0523371756	0.004583293	-0.007889716	0.070649933	0.0432643538	-0.069732336	-0.0521961229	0.0684589545	0.0355164935	-0.0599168895	-0.0831138509	-0.0118152683	-0.0715081093	-0.0001362857	0.0028717012	0.0743300902	0.0308524374	-0.0372002216	0.0127237564	-0.0294616089	-0.0801019914	-0.0104590779	-0.0314411824	0.0993991911	0.0355212614	0.0051300577	-0.0572058931	0.0795699075	-0.0285406834	-0.0445225902	0.1208594482	0.0246388401	0.0718372561	0.0067078633	-0.0620325607	0.0	0.0	0.0	-0.1044089005127375	0.0155708585357387	0.0002424516355399	0.0109012185062787	0.1906259896315845	0.0521743122076686	0.0363382679230209	0.0027221588543432	0.1185048535959794	-0.0135450195287916	0.0140434003258045	0.0001834675540353	-0.0037041132726261	-0.0015312602363036	2.3447579112845568e-06	1.3720455136444836e-05	-0.0001331655920286	-0.0003174325731233	1.007634384796792e-07	1.7733074900327537e-08	-0.0015307528118441	9.50475367623e-05	2.3432041709686185e-06	9.034034244580768e-09	0.0	0.0	0.0	0.0	0.0	0.0	0.0	0.0	0.0	0.0	0.0	0.0	0.0	0.0	0.0	0.0	0.0	0.0	0.0	0.0	0.0	0.0	0.0	0.0	0.0	0.0	0.0	0.0	0.0	0.0	0.0	0.0	0.0	0.0	0.0	0.0	0.0	0.0	0.0
521.7161642821517	0.3871802366518295	272187.75607328105	0.1499085356537667	789.0629553097731	-0.7842857851619556	622620.347442193	0.6151041928071052	582.6678395047084	0.7602160701931098	0.5779284733798552	339501.8111930846	604.9763940904961	420.2223303147386	0.7232619999999998	24.528446	0.2486853291868084	0.1243252197235429	0.0325361065	0.037373784	-0.005489121	-0.1026219481	-8.374e-06	-0.0088182523	-0.1532561625	-0.0150367121	-0.0743332161	-0.0247578327	0.0241784686	0.0564711122	-0.0406814194	0.1945514847	-0.0142743225	0.0191903206	-0.0663310116	-0.0717482123	-0.1037929715	0.0568164424	0.1124622269	-0.1112507046	0.1057312859	0.0550459382	-0.1158156012	0.0387382359	-0.0777483745	-0.0931400165	0.1889764538	-0.0884851048	0.0989377323	0.0538653468	0.1273486695	-0.1475851357	-0.0401823898	-0.021882542	-0.0260072889	0.0439752428	-0.010897083	-0.126188437	-0.0750568822	-0.0197792656	-0.0282659016	0.1108758619	0.120647465	0.1431925804	-0.0088985678	0.0108861261	-0.0480476709	0.0840922167	0.147140075	-0.1060870426	0.0167213366	0.0240550994	-0.0370281045	-0.0303311219	-0.1950144816	0.0149623474	0.0777763779	-0.0219884268	0.0384225343	-0.0136311812	0.0176486726	0.0435015454	0.0147458919	-0.0191337824	0.0004927831	-0.0605030644	-0.0055256546	0.0504874863	0.0245742057	-0.0106210784	0.0254988118	0.02444263	0.0105530946	0.087800637	0.169347826	-0.1247218013	-0.1254989418	-0.1401836515	-0.1161954017	0.1764729111	-0.1799718182	0.0645390156	0.001080896	0.0639494531	-0.017894593	0.0194898932	0.1114706355	-0.014108547	0.0211936229	0.0533896974	-0.0528003821	-0.0436833623	0.0262370385	-0.0516967402	0.0050850419	0.0115947014	0.0457255397	0.031993872	-0.0145032215	0.011428632	-0.0164996861	-0.0556156516	-0.0152049895	-0.0488032075	0.0503782333	0.0262823285	0.1082180988	-0.1288146077	-0.0265377224	-0.0528684786	-0.0301924077	0.0911510223	-0.0328014325	0.0708107922	0.0037285945	-0.0654386837	0.0	0.0	0.0	-0.0673196076836291	0.0370892928291084	0.0013756156425633	0.0045319295786777	0.1064131130942627	-0.0842128765373218	0.0113237506384123	0.0070918085746902	0.0735472751017312	-0.0449575784942481	0.0054092016748897	0.0020211838640664	-0.0024663383631488	0.0012377749094773	1.5320867265315382e-06	6.082824921539501e-06	-0.0004592151834368	-0.0003260495914082	1.0630833605745417e-07	2.1087858469889386e-07	-0.001446065686207	8.468712563710007e-05	2.0911059688253216e-06	7.171909248673972e-09	0.0	0.0	0.0	0.0	0.0	0.0	0.0	0.0	0.0	0.0	0.0	0.0	0.0	0.0	0.0	0.0	0.0	0.0	0.0	0.0	0.0	0.0	0.0	0.0	0.0	0.0	0.0	0.0	0.0	0.0	0.0	0.0	0.0	0.0	0.0	0.0	0.0	0.0	0.0
522.1520548077136	0.4358905255619447	272642.7683399176	0.1900005502746684	792.0292110331575	2.9662557233843927	627310.271129806	8.798673016510667	583.0320425003673	0.3642029956589567	0.132643822046958	339926.3625821501	605.6856112245654	424.6315957442904	0.804346	27.278282	0.1897033027875303	0.0893467636228557	0.0365045777	0.0165121564	0.0152053845	-0.109523777	-0.0265335229	0.0507168703	-0.0038318995	-0.0615251733	0.0099373548	-0.0548298274	-0.0089706142	0.0616275837	-0.086849057	0.0498085287	-0.0803449863	0.0395275694	-0.0323265456	-0.0363730817	-0.1260401607	0.0223727181	0.0040424117	0.0769786646	-0.0213005043	0.0091651199	-0.0375384202	0.0986523876	-0.1575145728	-0.0019732814	-0.1115426496	-0.1165122347	0.0281627539	-0.0781681479	-0.0081199297	-0.0248222595	0.0491514995	-0.0377026784	0.1462551199	-0.0553169855	-0.0233365723	0.1021976046	0.0008929109	0.0878268642	-0.0728165769	-0.0036817511	0.1101366471	-0.0085696942	-0.1540300261	-0.0353706422	0.1385284223	-0.0660391753	0.0317181461	0.0665910247	-0.1198116713	0.0088485854	0.0113973146	-0.0038758384	-0.1137448525	0.0923637581	-0.087370679	-0.002603562	-0.0381113394	-0.0272574683	0.053293763	0.0221954412	0.1238341822	0.0951100246	-0.0878628676	0.0804568019	0.0437654731	0.0871285409	-0.030395451	0.0320427005	0.1063572078	-0.0747335579	0.0174925582	-0.033848018	-0.018670038	-0.0565220646	0.1098797886	-0.071451946	0.0649451723	-0.0572742543	-0.0219151822	0.0059194962	-0.0518839215	-0.0254598371	-0.0629155149	0.0014408276	0.1227923805	0.020490647	0.0124599398	0.047553823	-0.04839556	-0.0629930762	0.0145090935	-0.0741965577	0.0118646168	0.0173736468	0.0176767555	0.0045152249	-0.017456199	-0.0024938831	0.020131933	0.0318121908	-0.0913033111	-0.0347369384	0.0541158995	-0.0652947558	-0.05154362	-0.0313214221	0.1454896374	-0.0811787382	-0.062286304	0.1437831662	-0.0049949716	0.0697680185	0.0007458907	-0.068709175	0.0	0.0	0.0	-0.0529031367989603	0.0144164708846688	0.0002078346327685	0.0027987418831695	0.1590633784125685	0.0526502653183058	0.0253011583520199	0.0027720504380879	0.1000056800353661	0.0264584049336348	0.010001136039336	0.0007000471916321	-0.0030680289493195	-0.0006016905861707	3.6203156148644093e-07	9.412801633862515e-06	-9.82558857682836e-05	0.0003609592976685	1.3029161457334862e-07	9.654219088109995e-09	-0.0004851523370278	0.0009609133491792	2.3537279012353605e-07	9.23354464630787e-07	0.0	0.0	0.0	0.0	0.0	0.0	0.0	0.0	0.0	0.0	0.0	0.0	0.0	0.0	0.0	0.0	0.0	0.0	0.0	0.0	0.0	0.0	0.0	0.0	0.0	0.0	0.0	0.0	0.0	0.0	0.0	0.0	0.0	0.0	0.0	0.0	0.0	0.0	0.0
521.1878700572305	-0.9641847504831276	271636.7958947926	0.929652233064211	791.5955844009131	-0.4336266322443407	626623.5692430232	0.1880320561915687	582.4093816392474	-0.6226608611199254	0.387706547970607	339200.68782141054	605.6891320963375	423.6676271810209	0.8625429999999998	29.251955	0.1565133710215691	0.0732620136715269	0.0363504015	0.0460725609	-0.0050177445	-0.0557385052	-0.0175826997	0.0603743638	0.0496578562	-0.0266102409	0.0268326467	-0.0065784108	0.0197213814	0.0380171028	-0.0204387385	0.0065219726	-0.1377897765	0.053966966	-0.017351629	-0.0271352051	0.0436813415	0.0841712712	0.0895433642	-0.0331876125	-0.0623611226	-0.0959953229	0.0392420818	0.0463687549	0.0125775582	0.0724396562	-0.1761437008	-0.0588199129	-0.1141754293	0.1321675755	0.1303308384	-0.0145440447	-0.1271240676	-0.1037651546	-0.0479600096	-0.045091918	-0.0210142394	-0.006790442	-0.0384042326	0.1184151113	-0.0059442517	0.0463216173	-0.1013771984	0.0168570863	0.0161359944	0.1926481157	0.0364503602	-0.0255851153	-0.0026638941	0.1157859607	0.1346758973	0.0430366102	0.0304318232	-0.0120013716	0.0062578363	0.1458333535	0.0565675503	-0.0019315376	0.1106392768	-0.033349348	0.0090820685	-0.1233103733	-0.0161980111	0.0213251446	-0.0216642222	0.1432912828	-0.0538457323	0.0911823326	0.0985702833	-0.0394581554	0.1096356226	0.1084409202	-0.0178995055	0.0344549612	-0.0552444708	-0.021992086	-0.0336067668	0.0394166807	-0.0014730694	-0.0134818919	-0.0440989448	-0.1342043414	-0.0932868871	-0.074442266	0.0238409241	0.0100481102	-0.0480783979	-0.0651924238	-0.0225803702	0.0469930016	-0.0540138029	-0.0831354853	0.01161169	-0.0519458896	0.0191484775	0.007523005	-0.0056026832	0.0398587316	-0.0792165002	-0.0125781815	-0.0247901042	0.0445358718	-0.1761075875	0.0786702249	0.1222126122	0.1068330489	0.0313303461	0.0182682308	-0.0488693946	0.0567820733	-0.0626401102	0.0501586624	-0.0147568751	0.068709175	-0.0022375003	-0.0718372561	0.0	0.0	0.0	-0.064643962062064	-0.0117408252631037	0.0001378469778587	0.0041788418310815	0.2155028985831819	0.0564395201706133	0.0464414992977531	0.003185419437089	0.0824500176886999	-0.0175556623466661	0.0067980054168669	0.0003082012804301	-0.0035997196464095	-0.0005316906970899	2.826949973720501e-07	1.2957981532746536e-05	-0.0003890606196019	-0.0002908047338336	8.45673932200405e-08	1.5136816572501433e-07	-0.0010782041709279	-0.0005930518339001	1.1625242342063202e-06	3.517104776922719e-07	0.0	0.0	0.0	0.0	0.0	0.0	0.0	0.0	0.0	0.0	0.0	0.0	0.0	0.0	0.0	0.0	0.0	0.0	0.0	0.0	0.0	0.0	0.0	0.0	0.0	0.0	0.0	0.0	0.0	0.0	0.0	0.0	0.0	0.0	0.0	0.0	0.0	0.0	0.0
520.2797948098772	-0.9080752473532812	270691.06488740793	0.8246006548557228	789.7011331926312	-1.8944512082819076	623627.8797657259	3.5889453805607787	581.1714426357545	-1.2379390034928974	1.5324929763689878	337760.24573532405	605.468952022615	419.2515195255014	0.981229	33.277042	0.4825543203366714	0.2353789215750442	0.0821828847	0.008838824	0.0031270357	0.0386632743	0.0075659006	0.0941805273	0.0501188027	-0.0515199778	-0.0324928238	-0.0152453208	0.0514549575	0.0488495241	-0.0056982746	-0.0388762328	-0.0894953047	-0.0597480495	-0.0851426214	0.1303355723	0.0130523608	-0.1224654927	-0.0131706835	-0.0344128942	0.1328031572	-0.0664192416	-0.0552290746	-0.0869333805	-0.1717811663	-0.0079609881	0.0054855357	-0.0876825172	-0.07122801	0.021107197	-0.0265089289	0.0828993931	0.0411582856	-0.1807346651	0.1387603135	0.0198067049	0.001067918	-0.0240728014	0.1018538173	-0.0480521815	-0.0372464305	-0.0122290174	0.0064008126	0.0769689246	-0.0798798587	0.0257890026	-0.0066185546	0.1261067902	-0.0362723239	0.0014830853	-0.0252504597	0.0814297855	0.0644193497	-0.0156501042	0.0410575913	-0.019317996	-0.1057374711	-0.060808602	-0.053798741	-0.1030555813	-0.188997366	-0.0156083524	-0.0094959301	0.107139591	-0.0808887555	-0.0151735796	-0.0675624272	-0.0458815833	0.101098108	-0.0092301567	0.0382762363	-0.0582448286	0.0244134683	0.0025719561	-0.0299590799	0.1034947427	0.0504266609	-0.081135643	0.0410621553	0.1854408224	-0.0761408707	0.1117358107	-0.0245091524	-0.0292171942	-0.1046921793	0.1120853789	0.0800813447	0.0079132411	0.0216693423	0.0637710783	-0.000340589	0.012578875	0.077376187	0.0360353274	0.0276195354	-0.0049645293	-0.0676261087	0.0285662026	-0.0278942425	-0.2882024884	0.0234345966	0.1445758417	-0.0021277506	0.1438341148	0.2544622957	-0.1303382632	0.1860927558	-0.0394292357	0.0406210922	0.0359414793	-0.0786633782	0.182611428	-0.1679831155	0.0676345058	-0.0052188299	-0.0748164435	0.0	0.0	0.0	0.0747477179253195	0.1393916799873835	0.0194300404497051	0.0055872213350431	0.1471061256608408	-0.068396772922341	0.021640212206943	0.0046781185461902	-0.0363373671767419	-0.1187873848654418	0.0013204042533373	0.0141104428031705	-0.0036007733497965	-1.053703387000112e-06	1.110290827775508e-12	1.2965568716604707e-05	-0.0012531239179871	-0.0008640632983852	7.466053836163111e-07	1.5703195538313403e-06	0.00117624847853	0.0022544526494579	1.3835604832441402e-06	5.082556748647746e-06	0.0	0.0	0.0	0.0	0.0	0.0	0.0	0.0	0.0	0.0	0.0	0.0	0.0	0.0	0.0	0.0	0.0	0.0	0.0	0.0	0.0	0.0	0.0	0.0	0.0	0.0	0.0	0.0	0.0	0.0	0.0	0.0	0.0	0.0	0.0	0.0	0.0	0.0	0.0
519.5577585833913	-0.7220362264858977	269940.2645041975	0.5213363123579946	788.1094245687563	-1.591708623874979	621116.4650940961	2.533536343317979	582.3895053205819	1.2180626848273732	1.4836767041688688	339177.53590755205	605.920090784792	416.838178044996	0.965279	32.736126	0.34512154438861	0.1673189082068166	0.0647472536	0.0539516684	-0.0064265174	-0.0418403874	0.010742321	0.0852635519	0.0676169641	0.0174756428	-0.0342894598	-0.0756470936	0.0312833491	0.0577401545	-0.0587226198	0.0586208593	-0.0837883829	0.0548948612	0.0323319767	0.0263617358	-0.1121389003	0.0599272935	0.0407255759	-0.0651544726	-0.1731328178	0.0220129392	0.0808979821	-0.004080072	0.0496569022	-0.0518954099	-0.0265844993	-0.0141408905	0.0925540269	-0.0548605548	0.0337936794	-0.0012863337	-0.0175885554	0.0131970314	0.074135277	0.0084758902	-0.031330883	-0.0223015761	0.1866962372	-0.1169415895	-0.1470089702	-0.0330930221	-0.0470351169	-0.0708505356	0.0043074959	-0.021518002	0.0574064483	0.0342367171	-0.017631129	0.097928918	0.1042611711	0.0448681144	0.0338320113	-0.0094320881	-0.0564878198	0.1821845484	0.0183612412	0.0085931986	0.1146092248	0.0904389574	-0.0112862008	-0.0491620772	-0.0679292314	0.0839259582	0.1466519744	-0.0439652445	-0.1483132381	-0.04345956	-0.1148568014	0.0082141761	-0.0048118411	0.0917482879	0.0038962288	0.0368289033	0.0283495258	0.0012181182	0.0795860737	-0.0241092887	0.0811359038	-0.0253662094	-0.1258323175	0.1005037001	0.026266357	0.1157681455	0.0796277575	0.1751711662	0.0158103741	0.1073611094	-0.0910936348	0.0683851957	-0.0426667802	-0.0525191651	0.0272523317	-0.0392388288	0.0163243681	-0.0152390777	0.0051665695	0.0179062685	0.0086468542	-0.0865690936	-0.0057345115	0.0003985963	-0.0087361291	-0.0329161096	0.1243070553	-0.0632917626	0.1355310867	0.0708842567	0.0033761667	0.0084831954	-0.0418784379	-0.0054844103	0.094637713	0.0665442583	-0.0081953516	-0.0776405624	0.0	0.0	0.0	-0.0278997103714715	-0.102647428296791	0.0105364945359448	0.0007783938388119	0.1827097375814474	0.0356036119206066	0.0333828482070813	0.0012676171817931	0.0495681474065605	0.0859055145833024	0.0024570012373185	0.0073797574358219	-0.0035860636537726	1.470969602390031e-05	2.1637515711554857e-10	1.285985252890889e-05	-0.0003519143196715	0.0009012095983156	8.121787400961651e-07	1.2384368838985468e-07	-0.0003271320188887	-0.0015033804974187	1.0701535778219679e-07	2.260152920018898e-06	0.0	0.0	0.0	0.0	0.0	0.0	0.0	0.0	0.0	0.0	0.0	0.0	0.0	0.0	0.0	0.0	0.0	0.0	0.0	0.0	0.0	0.0	0.0	0.0	0.0	0.0	0.0	0.0	0.0	0.0	0.0	0.0	0.0	0.0	0.0	0.0	0.0	0.0	0.0
521.2001219741734	1.6423633907820658	271649.56714589323	2.697357507381165	802.1019925569233	13.992567988167025	643367.6064637866	195.79195890347657	580.3747601643626	-2.014745156219305	4.059198044509154	336834.86223584134	609.3847662190922	422.33227897519856	1.124124	38.123116	0.4241252586541795	0.2690251354970736	0.1144930853	0.027149042	0.0413368927	0.0416142812	-0.0821359626	0.1732016631	0.1277555324	0.0129442452	0.0055651492	-0.0509268724	0.0820493549	0.0672354787	-0.0487800515	-0.1692076162	0.0646088639	0.0622331848	-0.064046199	0.1631187675	0.100563551	-0.0586762985	-0.0168744665	0.0505618911	0.1055509039	0.1537417985	-0.0450790084	0.1424389981	0.1408245801	0.0499121966	-0.112126926	0.0131019163	-0.0490696115	-0.0798071743	-0.1306821892	-0.1275454164	-0.0508023176	0.0613368508	0.0354041251	0.0153005573	0.0681865853	-0.0219546737	-0.0647180851	-0.0364012539	0.129123291	-0.0398976255	0.1032347949	-0.1359898661	0.1012448316	0.1136563103	-0.0927091608	-0.0304885566	-0.142343706	0.1060915162	0.1011684868	0.1176672438	0.2411137101	0.1078073392	0.191135983	-0.0403274297	0.0329904285	-0.1840580117	-0.0270830048	-0.0800619164	0.0309947463	0.0364306103	0.0005023914	0.0430105752	0.0124576016	-0.1977251459	0.1086441611	0.0698116624	-0.0070407701	-0.0111615033	-0.0082607439	-0.0515997457	-0.0239080309	-0.1667862577	-0.0633313528	-0.0037190783	-0.0575432675	0.1254201984	0.0248974609	-0.0050169979	0.1114480596	-0.1609529089	-0.0537212675	-0.0016913933	0.0977232838	-0.1887468086	0.1763860237	-0.0208372156	0.113216685	0.0992786168	-0.0315621574	0.0422590426	0.034424911	0.0635162207	-0.0354563718	0.0138191377	-0.0375143868	-0.0291296208	-0.0554497047	0.0070209905	-0.0080523831	-0.0294330547	-0.0470764056	0.0590615849	0.168185153	-0.0812333745	0.0767731977	-0.0123373256	0.0538715563	-0.0004050774	-0.0253709387	0.0579927185	0.0688492304	0.0654386837	-0.0111643232	-0.0803037594	0.0	0.0	0.0	-0.0313666350198218	-0.0034669246483503	1.2019566517338852e-05	0.0009838657924667	0.0225111273011862	-0.1601986102802612	0.0005067508523702	0.025663594735727	-0.1590711802673325	-0.2086393276738929	0.0253036403916421	0.043530369052214	-0.0030571323147337	0.0005289313390388	2.797683614174835e-07	9.346057989789032e-06	-0.0003122857310646	3.962858860689998e-05	1.5704250349749224e-09	9.752237782655169e-08	-0.0007949800122764	-0.0004678479933877	6.31993219918985e-07	2.1888174491689735e-07	0.0	0.0	0.0	0.0	0.0	0.0	0.0	0.0	0.0	0.0	0.0	0.0	0.0	0.0	0.0	0.0	0.0	0.0	0.0	0.0	0.0	0.0	0.0	0.0	0.0	0.0	0.0	0.0	0.0	0.0	0.0	0.0	0.0	0.0	0.0	0.0	0.0	0.0	0.0
522.3613531277374	1.1612311535640174	272861.38324144075	1.3484577920076186	793.4396346688968	-8.662357888026463	629546.4538635125	75.03644418025429	580.7597163568096	0.3849561924470208	0.1481912701033077	337281.8481428419	604.1687880656758	422.7820518628266	1.179656	40.006439	0.448921925760002	0.2434654140264678	0.0948972019	0.0342303118	0.0256422005	-0.0399604311	-0.0353917104	0.0592531367	-0.0697934778	0.0620906142	0.055822694	0.0303669376	0.1007205382	0.0681200945	0.010149965	0.0640397301	0.0314232442	-0.0050973236	0.0375347631	0.0684024947	-0.0084895008	0.091368812	0.0566071478	-0.063656636	-0.1412968713	-0.0240907652	0.0385372903	0.0585691231	0.2422717857	-0.023497368	0.1557783965	-0.0888585014	-0.0419953643	0.1041560884	-0.057492534	-0.1287150973	-0.0120280573	-0.0702921626	0.0643867217	-0.175561231	0.0662965032	-0.0791709744	-0.0140761026	0.1286375159	-0.1386670602	0.0657988963	-0.0021860086	0.0259029548	0.0168875369	-0.1173783854	-0.0449953916	-0.0019756373	0.1431557333	-0.1590433373	0.0669503474	0.0800833022	-0.006750067	-0.015014566	-0.0907471617	-0.0003871209	-0.0126024851	0.0637923891	0.0302140591	0.000232476	0.1320319825	-0.0223138215	-0.0287823315	-0.1147886558	0.134150771	0.0332877878	-0.2100884613	-0.1176934502	-0.0961379895	0.0891878557	-0.1315260461	0.1064213858	-0.1980228287	-0.0620931297	0.0417100917	-0.0378581128	-0.0452490553	-0.0235618415	-0.1370615752	0.0720903055	0.0137508884	0.0391243684	-0.0019102938	-0.0967563658	-0.0969362722	-0.1110589134	-0.0057379171	0.0409342462	-0.0642417374	0.0892194467	-0.0449640498	-0.0003781376	0.0085880352	0.0085621437	0.0235384636	-0.0189289481	-0.0321613338	0.0112151673	-0.0674485361	0.008265742	0.0213269465	0.0148615646	-0.0536427208	-0.114686355	0.1608329306	-0.0180155351	0.0002308233	-0.0009135248	-0.0946252698	-0.1304282059	0.1095778703	-0.0129421868	-0.1326141544	0.0643180366	-0.0141230095	-0.0828005146	0.0	0.0	0.0	-0.0601843575251308	-0.028817722505309	0.0008304611303929	0.0036221568907127	0.212245193918946	0.1897340666177598	0.0450480223416909	0.0359990160353125	-0.0222383121569293	0.1368328681104031	0.000494542527589	0.0187232337953189	-0.0036269652973604	-0.0005698329826266	3.247096280892407e-07	1.3154877268256614e-05	0.0004128989740332	0.0007251847050978	5.258928565077833e-07	1.7048556275766918e-07	-0.0002192523294703	0.0005757276828061	4.8071583978152984e-08	3.314623647492813e-07	0.0	0.0	0.0	0.0	0.0	0.0	0.0	0.0	0.0	0.0	0.0	0.0	0.0	0.0	0.0	0.0	0.0	0.0	0.0	0.0	0.0	0.0	0.0	0.0	0.0	0.0	0.0	0.0	0.0	0.0	0.0	0.0	0.0	0.0	0.0	0.0	0.0	0.0	0.0
527.8160633159154	5.454710188177955	278589.7966943104	29.753863237012386	800.1799646121019	6.740329943205097	640287.9757666247	45.432047743267226	581.7979931487558	1.0382767919462594	1.078018696694216	338488.90483191976	612.0484799244365	441.68749552834817	1.827473	61.976238	1.4425463757152102	0.9058688700191608	0.143580863	-0.1114257154	0.2816194511	0.3363344657	-0.1293271447	0.1459462118	0.2320813872	0.1308658029	-0.2262570185	-0.1879489095	0.0390546973	0.1207076509	-0.0805927809	-0.1770767894	0.3251693961	0.1192403619	-0.0051502322	0.0169802836	0.0621830596	-0.0294800712	0.046554533	0.1690889347	0.0001782367	-0.0665306824	-0.0233189049	0.036963993	0.0753339068	-0.0433456339	-0.0009809792	0.1306466574	0.0571969691	-0.2330621986	0.3043920213	0.1564754862	-0.0388612135	-0.1314455351	-0.176582105	-0.1534280361	-0.0543889112	-0.0901483395	0.0107589651	-0.0901235231	-0.1163215931	0.0144238289	0.082719816	0.0558843452	0.1268341668	0.0206245967	-0.0394957887	0.0760414743	-0.1414695952	-0.1744177821	-0.0471024554	0.0849055663	0.383279059	0.1998097106	0.227769241	-0.1084447431	0.4462419162	-0.133059882	-0.0232135433	0.2090484622	0.1441991537	-0.0967825754	-0.0882813416	0.260340979	-0.0325529678	0.1600341582	0.078554853	-0.0874394417	0.0648905891	-0.088390648	-0.0203719485	0.0514606746	-0.0392948623	-0.0252608044	0.15888998	-0.0385923668	-0.0214064763	-0.1013567252	-0.0587789717	0.092965301	-0.0550070345	0.0284977284	0.0246190623	-0.0038128926	-0.0562199785	-0.0222284638	0.0723189128	0.020771427	-0.1215348398	0.0971060091	0.0006668708	0.3586617526	-0.0255287847	0.3201554543	-0.0692750457	0.058619435	-0.1662607716	-0.0918194101	-0.212265103	0.1807176348	0.0552521408	-0.2212552983	0.0410956067	0.0211676362	0.2455792252	0.1904209767	-0.1419213701	-0.2232339044	-0.1581884698	-0.2563476219	-0.3397963637	-0.1751390204	0.050058748	0.063182575	-0.0170686847	-0.0851256531	0.0	0.0	0.0	-0.0513510943483055	0.0088332631768252	7.802653835105776e-05	0.0026369348907685	-0.3320916223724879	-0.5443368162914339	0.1102848456499911	0.2963025695702942	-0.7189003159086553	-0.696662003751726	0.5168176642135645	0.4853379474713699	-0.0018622988253556	0.0017646664720048	3.114047757417868e-06	3.468156914920847e-06	0.0020236533335069	0.0016107543594736	2.594529606563529e-06	4.095172814213588e-06	-0.0006981173478963	-0.000478865018426	4.873678314337636e-07	2.293117058721334e-07	0.0	0.0	0.0	1.0	0.0	0.0	0.0	0.0	0.0	0.0	0.0	0.0	0.0	0.0	0.0	0.0	0.0	0.0	0.0	0.0	0.0	0.0	0.0	0.0	0.0	0.0	0.0	0.0	0.0	0.0	0.0	0.0	0.0	0.0	0.0	0.0	0.0	0.0	0.0
523.4342305621767	-4.3818327537386494	273983.39372421795	19.20045828173684	788.0966503745631	-12.083314237538843	621096.3303316063	146.0064829631089	581.1375866833151	-0.6604064654407011	0.43613669959588	337720.8946561076	606.2525913363597	435.4082595908618	1.747213	59.254341	0.668134530958124	0.3943244026037608	0.1856741478	-0.0852341295	0.2270557068	0.1055890038	0.0195950489	0.1759418838	0.0699690163	0.0027929143	-0.0083404568	-0.2368269718	0.081891929	0.1164670804	-0.0825541152	-0.1846522128	0.2349484263	0.0762863237	0.1087369057	0.1801976589	0.0408886707	-0.0953082187	-0.1734528191	0.0506365059	0.0612849743	0.1248011324	-0.1521100573	0.070034622	-0.0938345017	0.0291701137	0.2168673381	-0.0487586997	-0.0400554169	0.0776930445	0.0140824672	-0.0650304344	-0.0964094668	0.1382664881	0.0955662648	0.0014428853	-0.1041295242	0.0272405427	0.0852039041	-0.1398207861	0.0459710792	0.0510345374	-0.1429728212	-0.091463902	-0.1474004222	-0.1045836217	0.1644065793	-0.0612202036	-0.0527647416	0.0262313027	0.0570914527	0.1249729274	0.1806092738	0.1146732044	0.0589441382	-0.192797108	-0.2212769812	-0.0994322798	-0.4211123638	0.0632775847	-0.0303633258	0.0140415894	0.1483107327	-0.0928826379	-0.1863048319	-0.1866033552	0.0312573901	0.0207708366	-0.1062947068	0.1803540813	0.0208738216	0.0249553121	0.0063371737	-0.0071968966	0.0924562892	0.0035374298	0.0321102576	0.0252401638	0.0008681485	0.0486896446	-0.0152844798	-0.0474681239	-0.0251036701	0.0557942206	0.0173403578	0.057851776	-0.1339235734	0.0544408522	0.0525382054	0.1284801341	-0.0124065143	0.280406618	-0.0129969341	0.2283664351	-0.0766933284	-0.0291625995	-0.1658501854	-0.1374239173	0.0092808709	-0.0300447852	0.0671218002	-0.0309768666	0.0855744655	-0.044032541	-0.0557118129	-0.0738391775	-0.130969678	0.1176942162	0.2662309407	0.1331690029	0.032626452	0.3514444875	0.1193514648	0.0620325607	-0.019998635	-0.0872743556	0.0	0.0	0.0	-0.039400072066428	0.0119510222818775	0.0001428269335819	0.0015523656788397	-0.0824100175134106	0.2496816048590773	0.0067914109865606	0.0623409038050044	-0.4137853164386911	0.3051149994699642	0.1712182881002677	0.0930951629015562	-0.0008642296368227	0.0009980691885328	9.961421050987213e-07	7.46892865162696e-07	0.0025670968278976	0.0005434434943907	2.9533083159557484e-07	6.589986123801919e-06	-0.0002118919438758	0.0004862254040205	4.489819587946517e-08	2.364151435148985e-07	0.0	0.0	0.0	0.0	1.0	0.0	0.0	0.0	0.0	0.0	0.0	0.0	0.0	0.0	0.0	0.0	0.0	0.0	0.0	0.0	0.0	0.0	0.0	0.0	0.0	0.0	0.0	0.0	0.0	0.0	0.0	0.0	0.0	0.0	0.0	0.0	0.0	0.0	0.0
520.8390117860199	-2.5952187761567984	271273.2761982378	6.735160496116791	787.2833055641219	-0.8133448104412082	619815.0032199705	0.6615297806716449	581.4924469472472	0.3548602639320961	0.1259258069179569	338133.4658566971	604.3058304083152	419.5873278538228	1.445838	49.033634	0.542691629842725	0.2656320475052584	0.1578666659	-0.010497771	0.0861307457	0.159243489	-0.000649272	0.1415947737	0.1023284833	0.0629217976	-0.1159657022	-0.170648034	0.0739474799	0.1042953059	-0.1023219358	-0.1049502286	0.06380424	0.1774500772	0.0878665977	0.0852263058	0.0212314437	0.1407055671	0.0466420318	-0.0323794452	-0.0981332676	-0.0656014348	0.0299351098	0.0317604577	-0.0901505299	-0.1635918811	-0.0774202979	-0.042729887	-0.0127742768	-0.0842980485	0.0169792727	-0.0715471263	-0.1533830149	0.0617131195	-0.0538840754	0.1773611507	0.039573865	0.0670720657	0.0429126044	0.0847338992	0.0184871413	0.2044455938	-0.114017619	-0.0073102231	0.0851011242	0.0058326356	-0.0321830148	0.0409309675	-0.0007350148	-0.0430675204	-0.0295095218	0.0939527738	0.0800142724	0.030321879	-0.0245676435	0.1008744451	0.0810701094	0.1220276041	-0.1700760625	0.1447129345	0.0620634219	-0.1817279482	-0.0183436816	-0.0339676462	0.005778113	0.0027624473	-0.2080707058	0.0778191289	-0.1497868896	-0.0254159679	0.0643640942	0.0546515578	0.0469697463	0.0186158174	-0.0379066266	-0.2653606504	-0.0352651921	0.0557653216	0.0459040496	0.0661467798	-0.0846403999	-0.0786954527	0.1539510499	0.0751193383	0.070862764	-0.1431553898	-0.0984083016	0.0268451249	0.0636288715	0.1373559736	-0.0333680026	0.1437949517	0.0123296964	0.1380207022	-0.0390636685	0.0090842237	-0.0589786232	-0.0226246423	-0.0557683831	0.0141784748	-0.0510997493	0.0472355758	0.0128040719	-0.0552330988	-0.024599005	0.0491465342	0.0295114192	0.1078372676	-0.0839618846	0.0688193671	0.0271594996	-0.0743653182	0.0062879717	0.0608682583	-0.0229101613	-0.0892421688	0.0	0.0	0.0	-0.1053539070625788	-0.0659538349961507	0.0043499083506994	0.0110994457333504	-0.0078778543893491	0.0745321631240615	6.206058977978688e-05	0.0055550433399517	-0.2344210958436434	0.1793642205950477	0.0549532501765346	0.0321715236296689	-0.0030762121791276	-0.0022119825423049	4.8928667674616495e-06	9.463081371012978e-06	0.0008220965297516	-0.0017450002981459	3.0450260405296286e-06	6.758427042296234e-07	-0.0007117373259742	-0.0004998453820984	5.065700211849047e-07	2.498454060050956e-07	0.0	0.0	0.0	0.0	0.0	1.0	0.0	0.0	0.0	0.0	0.0	0.0	0.0	0.0	0.0	0.0	0.0	0.0	0.0	0.0	0.0	0.0	0.0	0.0	0.0	0.0	0.0	0.0	0.0	0.0	0.0	0.0	0.0	0.0	0.0	0.0	0.0	0.0	0.0
518.6078225409186	-2.231189245101291	268954.0736006329	4.978205447455668	789.7761915998849	2.492886035763036	623746.4328180181	6.214480787302342	581.2074476379586	-0.2849993092886507	0.0812246062950079	337802.0971898304	604.5202573557369	419.40700081138914	1.127583	38.240421	0.2793467382937236	0.1714841508805075	0.1708776303	-0.0272698601	0.1244648142	0.2510892037	0.0075227468	0.1362790695	0.0414671899	0.0144543988	0.0386921702	-0.0866967269	0.0858236889	0.0952479776	-0.0764422247	-0.126747998	0.0153147105	0.067174014	0.067227119	0.2194191318	0.0605670542	-0.057772727	-0.0294523913	-0.0194988331	-0.0376192275	-0.006714127	-0.1520349257	-0.0026954541	-0.042291443	-0.1669194876	-0.0795423717	-0.1116464519	-0.0548098816	0.0883172566	-0.0464546853	0.1013143587	-0.0924644123	-0.1223547677	0.0874053136	0.1095839043	-0.0287160592	0.0414036817	-0.0028077257	-0.0353748197	-0.0231741336	-0.0213201167	0.0994015358	0.0943935863	-0.0120300042	-0.0789234522	0.0153912058	0.1375611493	0.0798330489	0.0699879943	0.0315740857	0.1158717158	0.0921726437	0.0370294917	0.0164098408	0.0005537915	-0.2150430509	0.043524515	-0.2388581601	-0.0055865254	-0.1563658096	-0.1506115752	0.012407297	-0.0494046632	-0.0651248469	-0.0456847218	-0.159909114	-0.0367333056	-0.1367444932	0.0231005219	0.0261408996	0.1926964678	0.0716370017	-0.0316454748	-0.0940347958	0.051761961	-0.0868137186	-0.1328813633	0.0571510787	0.0174645772	-0.0789516964	0.0650174752	-0.1141266465	-0.0212627185	0.0318836315	0.0254317863	0.0741812133	-0.0104175004	-0.0379926076	0.1378609481	-0.0345523405	0.1845495299	-0.0051003803	0.1539732633	-0.0430509455	-0.0545153147	-0.1048195369	-0.0933606216	0.0790605274	-0.1286851451	-0.031993094	0.0302468513	0.1754429798	0.0689153918	-0.1452246665	0.0578465273	-0.0931106657	0.1711400219	0.0886426414	0.1232700114	0.1624898647	0.082673973	0.1848096673	0.0596899362	-0.0258005812	-0.0910250139	0.0	0.0	0.0	-0.0796073150074647	0.0257465920551141	0.0006628870024524	0.0063373246026977	-0.0420804020965874	-0.0342025477072383	0.0017707602406104	0.0011698142696659	-0.2778490764777075	-0.0434279806340641	0.0772001092995149	0.0018859895019526	-6.698206790665723e-05	0.0030092301112209	9.05546586227881e-06	4.48659742105204e-09	0.001116032871421	0.0002939363416693	8.63985729539902e-08	1.245529370092202e-06	-0.00092796323103	-0.0002162259050557	8.611157581436372e-07	4.6753642017199826e-08	0.0	0.0	0.0	0.0	0.0	0.0	0.0	0.0	0.0	0.0	0.0	0.0	0.0	0.0	0.0	0.0	0.0	0.0	0.0	0.0	0.0	0.0	0.0	0.0	0.0	0.0	0.0	0.0	0.0	0.0	0.0	0.0	0.0	0.0	0.0	0.0	0.0	0.0	0.0
518.4760971389533	-0.1317254019653546	268817.4633044413	0.0173515815229342	791.2585527297349	1.4823611298500057	626090.0972679546	2.1973945192901847	580.2224521457589	-0.9849954921996869	0.9702161196537034	336658.09397403745	603.8939144259593	418.8539763553953	1.217808	41.300293	0.6052927474085373	0.3378685209624267	0.1179473528	0.0691768541	-0.0089209982	0.0051039787	-0.0139089895	0.1375929378	0.0746567012	0.0848906625	0.0075523333	-0.0047460747	0.1106825306	0.0483465585	-0.028519298	-0.0524193519	-0.1149753821	0.0542499147	-0.0156622558	0.012761975	-0.1297389707	0.0956735843	0.0078114576	-0.0049066027	0.1072745707	-0.078427657	0.0244204287	0.0700662487	0.0552084332	0.0411828061	0.0400039469	0.1145792183	-0.0821222746	0.0537883742	0.0071648209	0.0340945106	-0.1960645569	0.0941853073	-0.0316208006	0.0851645332	0.1422746559	0.0420658427	0.0139047211	0.0830927146	-0.011612134	0.0043671207	0.1107980115	0.0319173863	-0.1281484686	0.1042830922	-0.1421833035	-0.0082910775	0.0209142131	-0.0967214865	-0.0971179438	0.1110097595	0.0320210338	0.0030405061	0.0016719897	0.1577336949	-0.0304406919	0.1652489481	0.0600964808	0.0477394538	0.0384374468	-0.0200416774	-0.054480722	-0.0131102366	-0.0223876877	-0.1436251786	-0.0817200892	0.0301126692	-0.0867310217	-0.0871225956	0.1299359352	-0.0054667988	-0.0223942872	0.1129654781	0.0363485352	0.1105575327	-0.1257969606	0.0568544509	-0.2022807907	-0.0605793128	0.1000192771	-0.0357721946	0.0517225724	-0.0335178334	0.1710589991	-0.1252991241	0.0637185734	-0.0734030347	-0.0285616242	0.1242932554	-0.0510807396	0.0059701699	0.0080943532	-0.0003006099	-0.0124869134	-0.0195548479	0.0315318998	0.0109907368	-0.005587439	-0.0291893332	-0.0458759717	-0.0455089193	0.0881149315	-0.0217530558	0.0096101809	-0.0346267582	0.0013221858	0.1183620591	-0.0200663485	-0.0242854245	0.1346599126	-0.1116283501	0.0767743589	0.0584978657	-0.0286672319	-0.0926191957	0.0	0.0	0.0	-0.1161388609802855	-0.0365315459728208	0.0013345538511643	0.013488235029798	0.1393331988988535	0.1814136009954409	0.0194137403153874	0.032910894626133	-0.0314481823892691	0.2464008940884384	0.0009889881755887	0.0607134006075818	-0.0020158517865507	-0.001948869718644	3.79809318024771e-06	4.063658425339648e-06	0.0003738075090327	-0.0007422253623882	5.508984885724432e-07	1.397320538092321e-07	-0.0008001241850256	0.0001278390460043	6.401987114628806e-07	1.6342821683315093e-08	0.0	0.0	0.0	0.0	0.0	0.0	1.0	0.0	0.0	0.0	0.0	0.0	0.0	0.0	0.0	0.0	0.0	0.0	0.0	0.0	0.0	0.0	0.0	0.0	0.0	0.0	0.0	0.0	0.0	0.0	0.0	0.0	0.0	0.0	0.0	0.0	0.0	0.0	0.0
515.927852263684	-2.548244875269233	266181.54874141776	6.493551944335912	785.2765718872785	-5.981980842456437	616659.294355036	35.78409479951583	578.6016198520002	-1.6208322937586672	2.6270973244909825	334779.8344953586	602.6701685796019	410.74346881168736	0.834256	28.292652	0.1590022476994536	0.1029150354036476	0.1276963804	0.0994732663	-0.0096501341	0.0402246007	0.0460843808	0.1240828969	0.0436739654	0.1232863211	0.0981994432	0.007184132	0.1420737272	0.0294402009	-0.0440015379	-0.14420414	-0.0018527135	-0.1233371302	-0.0327621904	0.0833566257	-0.0692023307	0.0485267192	-0.0125637217	0.1051742482	-0.0067919133	-0.0226659507	0.0390531416	-0.1272782358	-0.0076025154	-0.1307718813	0.0652163761	0.0263748264	0.0125440301	0.0385545054	-0.1188884414	-0.0291654942	-0.0021832381	0.1687637316	-0.1054526684	-0.0076834662	0.0963425915	-0.2007388572	0.0023538016	-0.0490265547	0.0058330268	0.0248033597	0.1083056462	0.1280275027	0.0973807396	0.0133585187	0.0404172321	0.0498676447	0.0980479241	0.0466267514	0.0055122514	0.1247895934	0.0238723462	0.0843047517	0.038463468	-0.0394712248	-0.0964112258	0.1150619991	-0.0196235514	-0.0811933965	0.0657008106	0.0251561742	-0.0465648751	0.0104293185	0.0088555644	0.0449716075	-0.0378764762	0.0422455907	-0.0166875725	-0.1113349351	-0.1100141003	-0.1288328813	0.0062621772	-0.0237973337	-0.1059020934	0.0797705333	-0.073608173	0.1057082876	-0.1380708718	-0.0601966163	0.0003746785	0.139805794	0.0597773581	-0.0464574258	0.1243984725	0.0160872881	0.0383381558	0.2138581474	0.0491462633	0.1261556795	-0.0505850419	0.0420751508	0.01729852	0.0177123703	-0.0129685183	-0.012122531	0.0053759309	-0.0121522951	0.0498097119	0.0256049055	-0.0193195965	0.0193920999	0.0335214069	-0.0329065941	-0.0240216505	-0.0578989204	0.0317400762	0.0198274568	-0.0518859284	-0.0458861127	0.0828345115	-0.0361047534	0.0060692134	0.0572923214	-0.0315074724	-0.0940214101	0.0	0.0	0.0	-0.0974025369376221	0.0187363240426634	0.0003510498386316	0.0094872542018848	0.0410254128691462	-0.0983077860297073	0.0016830845010839	0.0096644207940627	-0.0189250381865662	0.0125231442027029	0.0003581570703629	0.0001568291407216	-0.0022667685077805	-0.0002509167212298	6.295920099271327e-08	5.138239467865435e-06	0.0004417133865017	6.790587746900002e-05	4.6112081948348445e-09	1.951107158148002e-07	-0.0010700014548144	-0.0002698772697888	1.1449031133049325e-06	7.283374074865674e-08	0.0	0.0	0.0	0.0	0.0	0.0	0.0	0.0	0.0	0.0	0.0	0.0	0.0	0.0	0.0	0.0	0.0	0.0	0.0	0.0	0.0	0.0	0.0	0.0	0.0	0.0	0.0	0.0	0.0	0.0	0.0	0.0	0.0	0.0	0.0	0.0	0.0	0.0	0.0
516.4607622306293	0.5329099669452262	266731.7189238426	0.283993032869562	781.6658201608044	-3.610751726474064	611001.454407663	13.037528030235432	578.87669348642	0.2750736344197548	0.0756655043528929	335098.22626177064	601.9238348476222	407.3313002442982	0.7846649999999998	26.610844	0.1376286550909942	0.0839471144253374	0.1159167871	0.1277587243	-0.0579600946	0.0272943979	0.0562896434	0.0893630224	0.0090953219	0.1539433355	-0.0021876897	0.0278262727	0.1363080915	-0.0084716846	-0.048716197	-0.0385383476	0.0512290607	-0.0382693204	-0.0056445011	-0.0866812008	0.0681364606	0.0360327643	-0.0105262671	0.010044285	0.02740651	0.054907888	0.1520389072	-0.0552805086	0.0367427714	0.0164463633	0.0155951328	-0.0763616451	0.1334916619	0.0302855604	0.0017211414	0.0522803534	-0.0256586517	-0.0084677679	0.0285248809	-0.016268572	-0.1394859725	-0.0577003964	0.0418054931	0.1348168416	-0.090395817	-0.0363727846	-0.07801073	-0.1156470792	0.0805418723	-0.0244569458	-0.0766079662	0.0256503875	0.1521314317	-0.0483315193	0.1165478665	0.1314737916	-0.0100893369	0.0714190563	0.0014849072	0.0027155252	0.0815033642	0.1325451795	0.0313356717	-0.0054000684	0.0776113608	0.044936019	-0.0223518076	-0.1471029559	-0.0150187989	0.0484727835	-0.0991635555	-0.0800706825	0.0585958648	0.0230133337	-0.1637147639	-0.0667963808	0.0535891739	-0.0172998885	-0.0301052326	-0.0870338949	0.0309496204	-0.0301350251	0.0167793277	-0.0250445071	0.0386266303	0.1044593231	-0.0717322344	-0.0116618133	0.05145114	0.053112678	0.1561856913	0.0045866918	-0.0699136103	0.1237858278	-0.0552373105	0.0070478955	0.0101119835	0.0154592771	-0.0001097944	-0.0030811174	0.051518079	0.0106183828	-0.0302156715	0.0910529414	-0.0096115579	0.063689434	-0.0065430181	-0.1211533118	0.0306754377	-0.0598362449	0.0108920239	0.0006986376	-0.011996278	-0.1070508957	0.1232897171	-0.0676352968	-0.0760715358	0.0560735809	-0.034318686	-0.0952287508	0.0	0.0	0.0	-0.1160240586490317	-0.0186215217114096	0.0003467610708484	0.0134615821853939	0.1127225348015628	0.0716971219324166	0.0127063698520895	0.0051404772933918	-0.0158538994914181	0.0030711386951481	0.0002513461290839	9.431892884835994e-06	-0.0029888314121388	-0.0007220629043582	5.213748378503433e-07	8.933113210187614e-06	0.0003410073207297	-0.0001007060657719	1.0141711683274386e-08	1.1628599279124849e-07	-0.0010079929699043	6.200848491010004e-05	1.016049827376491e-06	3.845052200846104e-09	0.0	0.0	0.0	0.0	0.0	0.0	0.0	0.0	0.0	0.0	0.0	0.0	0.0	0.0	0.0	0.0	0.0	0.0	0.0	0.0	0.0	0.0	0.0	0.0	0.0	0.0	0.0	0.0	0.0	0.0	0.0	0.0	0.0	0.0	0.0	0.0	0.0	0.0	0.0
518.1089874074369	1.648225176807614	268436.9228323596	2.71664623346249	784.7564143576817	3.090594196877305	615842.6298755254	9.551772489771674	578.6145676281011	-0.2621258583188819	0.0687099655994105	334794.8178714544	602.0612275483178	413.6259238184328	0.780182	26.458813	0.1281392577789221	0.0731880601951363	0.1332812304	0.0912653828	-0.0148323427	0.0180258876	0.0439233814	0.0743273845	-0.1576233926	0.1221106906	0.0406554346	-0.0001161064	0.1658857183	0.0352274082	-0.0129734979	-0.0001693224	0.1283397617	-0.0621441124	-0.0562927557	0.0093501135	0.0932715381	0.0815844946	-0.0490632726	-0.1453463444	0.0707764405	-0.023755277	0.0404888205	-0.018990375	-0.1463156515	0.0924883121	-0.1788108394	-0.0071213915	0.0513471127	0.0143043487	0.0571798945	-0.0412116351	0.0442386244	0.1368506329	0.1394594944	0.0167005919	-0.0689692748	0.0202829652	-0.0224150312	-0.1020199551	-0.0374192065	0.0171696059	-0.049306449	-0.0327112934	0.0235880237	-0.0101643826	-0.0230974048	-0.0013013227	0.0790235991	-0.0320952208	-0.0016090785	0.1458562996	-0.0170069509	0.0646907674	-0.0517418092	-0.1713694739	0.0337122652	0.0347819879	-0.0688452501	-0.1036247257	0.0102766893	-0.0321094803	-0.0204579317	-0.105261518	0.0538752309	-0.0342840034	0.0156364485	0.0565552238	0.1150931012	0.0404939357	0.1171242218	-0.0273941145	0.1997548554	0.0819565227	-0.0362021702	-0.0255108028	0.1301206043	0.0597223898	0.0518374101	-0.0358489755	0.048947632	0.0411460139	-0.0120425313	0.1127972931	-0.0696035779	-0.0663654189	0.0677236717	0.0183486911	-0.0905484809	0.1334533244	-0.0518037113	0.0388817845	0.0225441924	0.0344555899	0.0061276258	-0.009682509	-0.0223787385	-0.00897883	0.039238443	0.0519674873	-0.0133018869	0.1196355031	-0.069505076	0.0115344252	-0.0737384611	-0.0214571028	-0.009265394	0.0256027604	-0.016999883	0.013020099	0.0278956824	0.011039378	-0.0607136028	0.054841925	-0.037098283	-0.0962387154	0.0	0.0	0.0	-0.0899445994349434	0.0260794592140883	0.0006801381928992	0.0080900309675124	0.0499324765008708	-0.062790058300692	0.00249325220951	0.0039425914214043	-0.0394756585068449	-0.0236217590154268	0.001558327614549	0.0005579874989828	-0.0029888070430053	2.4369133500186383e-08	5.93854667549906e-16	8.932967540318084e-06	0.0004757407809268	0.0001347334601971	1.8153105296683528e-08	2.2632929063684154e-07	-0.0008297911742606	0.0001782017956437	6.885533928807854e-07	3.1755879970639024e-08	0.0	0.0	0.0	0.0	0.0	0.0	0.0	0.0	0.0	0.0	0.0	0.0	0.0	0.0	0.0	0.0	0.0	0.0	0.0	0.0	0.0	0.0	0.0	0.0	0.0	0.0	0.0	0.0	0.0	0.0	0.0	0.0	0.0	0.0	0.0	0.0	0.0	0.0	0.0
520.282070214553	2.1730828071160886	270693.432586741	4.72228888658354	788.4661055893926	3.709691231710849	621678.7996633032	13.761809034632355	580.3134902906269	1.6989226625257745	2.886338213243666	336763.7470132895	602.602855588569	415.6634148578521	0.823146	27.915873	0.1724490999514888	0.0896306759541385	0.1229095583	0.0805199836	-0.039581621	0.0397116365	0.0127137134	0.0734484269	-0.1496873199	0.1045046449	-0.0475418098	0.0160709001	0.1215131752	0.0514678482	-0.0163849253	0.0291360954	0.0209869665	-0.0762666061	-0.0746647605	-0.0985191895	0.0805556229	-0.1489981292	-0.0709920312	-0.1086671707	0.0829949236	-0.0790350989	0.0555644188	-0.0470836202	-0.0026564079	0.1200608422	-0.0594891763	-0.0898291777	-0.0685548353	0.117918243	-0.0795865975	-0.0707400422	0.0922255486	-0.0039958051	0.0391750954	0.0289013983	0.0734779971	-0.1647067251	0.0627527557	0.0153914468	0.1244336919	0.0600101913	-0.0583482822	0.0221629511	0.1075582625	0.0164489761	-0.0364305764	0.0644082483	-0.1228704413	0.0027367011	-0.1352148634	0.1188131902	-0.0284433929	0.003580263	-0.1142309273	-0.013957447	0.0774812363	0.092417972	-0.0027209875	-0.0666631191	-0.0989691984	-0.0146537698	-0.0576590495	-0.052625193	0.0303880954	-0.0096193931	0.0711218839	-0.1244191091	0.1560828236	0.0330232781	0.0179205647	-0.0688477245	-0.0500806716	-0.0536598304	-0.1250544805	-0.0325142818	-0.0562413678	0.0826709454	0.049653797	0.1202076058	0.1225426989	-0.0927183696	0.0443474729	0.0203347179	-0.0752692305	0.0160221892	0.0671387106	-0.1189552558	0.0338725251	0.1274376118	-0.0547219518	-0.0030452192	0.022867852	0.0023306073	0.0072336806	-0.012701328	0.0301082741	0.0389030353	0.010467875	-0.045324332	-0.0434957713	0.0610784699	0.0359164049	0.1015220433	-0.0043928879	-0.0082197451	-0.0816041741	-0.0020143753	-0.0563843315	-0.0014175219	0.0560141327	-0.05652778	-0.0755992501	0.0535976373	-0.0398437026	-0.0970492106	0.0	0.0	0.0	-0.0972209005150688	-0.0072763010801254	5.2944557408634136e-05	0.0094519034969609	0.1274758480316649	0.0775433715307941	0.0162500918313921	0.0060129744683627	-0.0126658358338005	0.0268098226730444	0.0001604233973687	0.00071876659176	-0.0024204673711259	0.0005683396718793	3.23009982631984e-07	5.858662294685125e-06	0.0001311375987613	-0.0003446031821655	1.1875135315858877e-07	1.7197069808879715e-08	-0.000526341934955	0.0003034492393056	2.770358324921735e-07	9.208144083514729e-08	0.0	0.0	0.0	0.0	0.0	0.0	0.0	0.0	0.0	0.0	0.0	0.0	0.0	0.0	0.0	0.0	0.0	0.0	0.0	0.0	0.0	0.0	0.0	0.0	0.0	0.0	0.0	0.0	0.0	0.0	0.0	0.0	0.0	0.0	0.0	0.0	0.0	0.0	0.0
519.8729227777088	-0.4091474368441368	270267.8558374376	0.1674016250761269	785.2782411184925	-3.187864470900081	616661.9159741532	10.162479884827054	579.340825956817	-0.9726643338099166	0.9460759062658888	335635.79262032686	602.3813524089876	417.9500068793477	0.813164	27.577356	0.2254811470988661	0.1091771941465937	0.1438607863	0.0466202703	0.0055109558	0.0478237064	0.0342132237	0.106153794	-0.1404762993	0.1087401063	-0.0201548868	-0.0452522264	0.1416824983	0.0316343579	-0.0153272772	0.0846497692	0.0815457815	-0.0375771864	0.0002996854	-0.0179876092	-0.0950926032	0.0440145512	-0.104227089	-0.0070255202	0.020952911	0.026825495	0.1480914019	-0.081970588	0.0034299005	0.0520254041	-0.0399575989	0.2303946806	0.1084929006	-0.022192662	-0.0486624942	-0.0303564377	0.082657758	-0.0791654821	-0.0999171293	0.1809265345	-0.1010469737	-0.0434376557	0.2050525578	0.1260104793	0.0826165123	0.0119721301	-0.002422486	-0.1037762507	-0.0087436499	0.0653422274	0.0388807525	0.0407427408	-0.0158318658	0.0487354711	0.0921797929	0.1446390641	-0.0009401133	0.0284499867	-0.0652698031	-0.075126506	-0.0023224189	-0.0411156259	-0.0016571101	0.0924367212	-0.0433760639	0.1430973164	-0.1497626914	0.0009053401	0.0815843342	-0.0096327049	0.060755512	-0.0324944742	0.0069216814	-0.1054589014	-0.0305330562	-0.044282178	0.1650758071	0.0968471082	-0.0133142324	-0.043614699	0.0500554758	-0.0492555248	-0.021487485	-0.0589984544	0.0730903185	-0.0936149054	0.1034980636	0.1796273605	0.1118173437	0.1967856426	-0.0276373781	-0.063381776	0.1403060624	0.1441910424	-0.0543271449	0.0327420733	0.0169580971	0.0269552696	-0.01341244	-0.0292971391	0.00166466	0.0244605845	0.0609458912	-0.0103952818	-0.0276374807	-0.0387085088	0.0862475188	-0.0114783916	-0.094003587	-0.0162315843	0.0272312941	-0.0106824804	-0.0653263503	0.0843766964	0.0267158321	-0.0411848075	-0.0508482915	0.0523410045	-0.0425524154	-0.0976585564	0.0	0.0	0.0	-0.1213260118114618	-0.0241051112963929	0.0005810563906114	0.0147200011420749	0.0469857667244468	-0.0804900813072181	0.0022076622746841	0.0064786531888425	-0.0464855545269955	-0.033819718693195	0.0021609067796822	0.0011437733724868	-0.0016707136989631	0.0007497536721628	5.621305689216033e-07	2.791284263902964e-06	0.0004959638723058	0.0003648262735444	1.330982098683663e-07	2.459801626325638e-07	-0.0011530867052889	-0.0006267447703339	1.3296089499140105e-06	3.9280900714089306e-07	0.0	0.0	0.0	0.0	0.0	0.0	0.0	0.0	0.0	0.0	0.0	0.0	0.0	0.0	0.0	0.0	0.0	0.0	0.0	0.0	0.0	0.0	0.0	0.0	0.0	0.0	0.0	0.0	0.0	0.0	0.0	0.0	0.0	0.0	0.0	0.0	0.0	0.0	0.0
520.4823682944156	0.6094455167067281	270901.89570536365	0.3714238378339308	790.5961364835326	5.317895365040158	625042.2510226886	28.280011113515595	581.7049191752945	2.364093218477592	5.58893674565174	338380.612992736	604.3631007397761	421.3331403456199	0.825418	27.992916	0.1607087481992436	0.0816513678281596	0.1312785743	0.0668124715	0.0223879213	-0.0530880744	-0.0129851128	0.0842446436	-0.0906507451	0.107913234	-0.0339814923	-0.0171241754	0.0825444934	0.135903637	-0.0479707867	0.0150874266	-0.035962576	-0.0290799686	0.020837475	-0.0980938539	-0.1205211497	0.0490404259	0.1272778014	-0.1437082062	0.1089266146	-0.2002908452	0.0752353056	-0.0013541995	0.0533067538	0.0866421384	0.0750582902	0.0285850967	-0.0797455073	-0.1132473649	-0.0444702948	0.0055288156	0.1417133511	0.008632327	-0.1104593185	0.0725454726	0.121219662	-0.0502770362	-0.0705027491	-0.155359264	-0.0386842713	0.0716252714	-0.1145845904	-0.175715479	0.0472460243	-0.1275276659	-0.0307169826	-0.0281788451	0.0133342201	0.0443042588	-0.1955160312	0.0952574352	0.0236808648	-0.008856221	-0.15523697	0.0741729183	0.06534045	0.1394778523	0.0442130991	-0.0060383204	0.0362927491	0.0049122252	0.0574639579	0.0434174314	0.0834157346	-0.1202439116	0.0418902405	0.0514656703	0.0992717156	-0.0238026675	0.0784160436	-0.0479256495	-0.1134354763	0.1024850969	-0.0119616118	0.1474088564	-0.0141792505	0.0798231223	0.0773518553	0.0867068721	0.0195230011	-0.087974649	0.1794011382	0.0482662647	-0.1142142453	-0.0743633921	-0.1224051583	0.0110852995	0.0881333535	0.1441816717	-0.0579884131	0.0063987603	0.0089629412	-0.0065766845	0.0076594458	-0.0143402345	0.0574909313	0.0333752942	0.0050836823	0.0254002888	-0.0456911094	0.0252737431	0.017759391	-0.0358228186	-0.0671188074	-0.0636226081	-0.0226895689	-0.0025148757	-0.0113776438	0.0077210864	0.034286011	-0.0965964864	-0.0036010787	0.051072316	-0.0452219261	-0.0980654899	0.0	0.0	0.0	-0.1305258759450254	-0.0091998641335636	8.463750007603005e-05	0.0170370042912161	0.0898211717279764	0.0428354050035296	0.0080678428905866	0.0018348719218164	-0.0117785913726322	0.0347069631543633	0.0001387352147234	0.0012045732913983	-0.0025920264132354	-0.0009213127142723	8.488171174797931e-07	6.718600926909974e-06	-4.502749939794271e-05	-0.0005409913717037	2.9267166425789706e-07	2.0274757020317313e-09	-0.0011360604731092	1.702623217970001e-05	1.2906333985610992e-06	2.898925822370521e-10	0.0	0.0	0.0	0.0	0.0	0.0	0.0	0.0	0.0	0.0	0.0	0.0	0.0	0.0	0.0	0.0	0.0	0.0	0.0	0.0	0.0	0.0	0.0	0.0	0.0	0.0	0.0	0.0	0.0	0.0	0.0	0.0	0.0	0.0	0.0	0.0	0.0	0.0	0.0
519.1212836694112	-1.3610846250043096	269486.90715857735	1.8525513564231224	785.6360962627924	-4.960040220740211	617224.0757510397	24.601998991360603	580.1904766596971	-1.514442515597466	2.2935361330491806	336620.9892066065	603.101026191086	418.67589645878695	0.774404	26.26285	0.1277198916336133	0.0855788691964601	0.1547727303	0.0635376181	0.0468523558	-0.0080034165	0.0295394154	0.1124088004	-0.0530657298	0.0531897985	0.048402099	-0.0855069823	0.1320768596	0.0697108893	-0.0564696185	-0.0622078908	-0.0333145058	-0.0279140036	-0.0586753357	0.007867273	-0.036240225	0.0161794763	-0.0566658953	-0.0295020752	-0.0949529688	-0.0175333476	0.0422514119	-0.0313122795	-0.0190009839	0.0608372876	-0.0541007048	0.0325872865	0.2053735671	0.0351768958	0.0258606184	-0.0652978323	0.0187619362	-0.0302485136	-0.0257640364	0.0753406192	0.0620522897	0.2050630908	0.0221938797	-0.0452795172	0.0148281077	-0.1478065061	-0.1435811033	0.0462991947	-0.1154643348	0.0137187188	-0.098421373	-0.0830603061	-0.0669676	-0.1422137906	-0.0230139837	0.1419884429	0.026089929	0.0359684588	-0.0539406395	0.0019484257	-0.081163411	0.0308059217	-0.0450121796	-0.0839269148	0.0541231799	0.0286859542	0.0026646537	0.0470044016	0.0982942337	0.0280954044	0.0829223795	0.0119562379	0.0377819441	-0.0873566158	-0.0724609108	0.0057711197	-0.0112270139	0.1312556524	0.0409442612	-0.1262039171	-0.0261488454	-0.0413419509	0.0777194026	-0.1117432079	0.0897818983	0.0719683656	0.0806611969	0.0901581429	0.0554806126	0.0506016739	-0.1715532066	-0.1241924391	-0.0417321841	0.1539270781	-0.0552359414	0.0397635196	0.0076853016	0.0218586612	0.0086822562	-0.0114246789	0.0212629249	0.0009388164	0.0593825068	0.0718446208	-0.0082173655	0.0084514481	-0.0144514868	-0.0484715334	-0.0860508139	-0.0231035234	0.0648675168	-0.0536818708	-0.0837417901	-0.0071306236	0.0047957616	-0.0797176783	-0.068194112	0.049791864	-0.0478497753	-0.0982691678	0.0	0.0	0.0	-0.1245573160097137	0.0059685599353117	3.562370770140802e-05	0.0155145249715436	0.0097092097824429	-0.0801119619455335	9.426875459948492e-05	0.0064179264467626	-0.0364128525713454	-0.0246342611987131	0.0013258958323825	0.0006068468248064	-0.0023420558543522	0.0002499705588832	6.248528030837942e-08	5.485225624905414e-06	-9.721410315544075e-05	-5.218660375749804e-05	2.7234416117421087e-09	9.450581852316676e-09	-0.0010981154646688	3.794500844040002e-05	1.2058575737447744e-06	1.4398236655420291e-09	0.0	0.0	0.0	0.0	0.0	0.0	0.0	0.0	0.0	0.0	0.0	0.0	0.0	0.0	0.0	0.0	0.0	0.0	0.0	0.0	0.0	0.0	0.0	0.0	0.0	0.0	0.0	0.0	0.0	0.0	0.0	0.0	0.0	0.0	0.0	0.0	0.0	0.0	0.0
519.6962147395913	0.5749310701800141	270084.15561465936	0.3305457354583363	787.9803818373653	2.3442855745728366	620913.08216056	5.495674855150295	579.4554245808281	-0.7350520788689892	0.5403015586496227	335768.58907614776	601.5047375725918	415.7376893073854	0.8252399999999999	27.986904	0.1567190596756256	0.1056218989147777	0.1329957433	0.0690645781	0.007175766	-0.0143885314	-0.0049612586	0.0779192333	-0.10509669	0.0944174439	-0.0465427768	-0.0588018568	0.1442870989	0.0612547687	-0.0634269469	-0.0129447506	0.0250544476	-0.0554505143	-0.0268874153	-0.0695077337	0.0062106031	-0.0320925298	0.0994193509	0.1172821523	0.0525961789	-0.0436990251	-0.0605502487	-0.1569390936	-0.0768793968	-0.0130486468	-0.1157645294	-0.024402941	-0.0594317511	0.0628302085	-0.0408589491	-0.1034543991	-0.0874308186	0.0066902299	-0.112147052	-0.0248122399	-0.0686996432	0.0593862164	-0.0140888485	0.0388110681	-0.1768923942	0.0270267536	0.1057538175	-0.1364585156	-0.0891597744	-0.0569957895	0.1058755415	-0.1588842285	0.0246176402	0.0685048041	-0.0406066527	0.1337851194	-0.023333763	0.0404917456	-0.0919922751	0.0148463608	0.0574600454	0.1586776674	-0.0454490721	-0.0564526121	-0.0159905831	0.0216181352	0.0743475845	-0.006821413	-0.1072476514	0.0144365451	0.0035210115	-0.0062099731	-0.0512871326	-0.1525345704	0.0197363996	0.0513254477	0.0697209068	0.0152147749	-0.098017293	-0.0200698685	0.0275600252	-0.0571074866	0.0194771408	0.035548852	0.0787814545	0.0547191177	0.019634956	-0.1763087139	-0.0064040907	-0.0118510392	-0.1039924885	-0.0194219921	-0.1152235011	0.1440311426	-0.054461021	-0.0037902565	-0.0030858134	-0.0052902896	0.0100723186	-0.0005752966	0.0784757538	0.0150498262	0.0048786642	0.0762010008	-0.0202725328	0.1150975416	-0.0228975652	-0.0644498451	-0.0807633495	-0.0602907649	-0.0456416763	-0.0027619158	0.0583041704	-0.0353209303	0.0270935873	-0.077669647	-0.11885519	0.0484999434	-0.050433542	-0.0982691678	0.0	0.0	0.0	-0.1281404931799556	-0.0035831771702418	1.2839158633342727e-05	0.0164199859924022	0.1033430368497931	0.0936338270673502	0.0106797832653376	0.0087672935712784	0.0118368438447902	0.0482496964161355	0.0001401108722059	0.0023280332042492	-0.0023421259284803	-7.007412809994369e-08	4.910383428967317e-15	5.485553864859708e-06	-0.0002000706645532	-0.0001028565613977	1.0579472222571021e-08	4.0028270814759086e-08	-0.0012202360095809	-0.0001221205449121	1.4889759190779184e-06	1.4913427489628262e-08	0.0	0.0	0.0	0.0	0.0	0.0	0.0	0.0	0.0	0.0	0.0	0.0	0.0	0.0	0.0	0.0	0.0	0.0	0.0	0.0	0.0	0.0	0.0	0.0	0.0	0.0	0.0	0.0	0.0	0.0	0.0	0.0	0.0	0.0	0.0	0.0	0.0	0.0	0.0
520.4417030148778	0.7454882752865615	270859.5662370263	0.5557527685897321	785.4255090010794	-2.554872836285881	616893.2301896046	6.527375209591463	580.9234824823361	1.4680579015080184	2.1551940021801266	337472.0924994051	603.2208344506436	422.18102835281707	0.852665	28.916969	0.1000934528812584	0.0474481063803297	0.1424813142	0.0473985193	0.0239837825	-0.0086218453	0.0277532466	0.1227348508	-0.0689276954	0.0276959007	0.0405439299	-0.0979324068	0.1107053197	0.1006685688	-0.0627879255	-0.0677487903	-0.0645104237	-0.0073792916	0.0423099161	-0.0324498365	-0.0216694802	0.0431961416	0.1084612217	-0.0478509039	-0.0660324499	0.0550838183	-0.0387164454	-0.0640438573	-0.0820949222	-0.0979358946	-0.0927308639	0.01353179	-0.0563923937	-0.0460946889	0.1117505047	0.0659265769	-0.0001940231	-0.0731610608	0.0662114019	-0.0736606539	-0.0883039062	-0.0524932684	-0.1905906429	0.0215821356	0.1331047826	-0.0778416363	-0.116292055	-0.0056605737	0.0141078388	0.024064179	-0.0188366434	0.0009114629	-0.0293974367	-0.0405429878	-0.0640848408	0.1359213746	0.0372040141	0.0250828044	-0.0561683965	0.0331907599	-0.0266650877	0.0300922072	-0.0198971116	-0.0126080095	-0.0252980602	-0.0883074059	0.0293179692	0.098512263	0.0712751406	0.1075971187	0.0668200105	0.113949818	0.0121387316	0.0088626578	-0.0215646983	-0.0019373947	0.1182299604	0.0113969703	-0.014032315	-0.0673447977	-0.0231636463	0.0707438255	0.0192259373	-0.0837143547	-0.096785412	-0.0734335905	-0.1429145828	-0.0767567681	-0.1952199781	0.0676792034	-0.0637663197	0.0045174063	-0.0416213515	0.1468002475	-0.0543063846	0.0041505037	0.0209400478	0.0061578369	0.0153614141	-0.0032647219	-0.0065293143	0.0287195903	0.0602103377	0.0217104997	-0.0344746723	0.0586791854	-0.115624239	0.0773154249	-0.1092440311	0.0551040859	0.0029038315	0.0236509758	-0.1227889828	0.0932234733	-0.0450104327	-0.0602525171	-0.0525824987	0.0471968518	-0.052970846	-0.0980654899	0.0	0.0	0.0	-0.1081905305665316	0.0199499626134239	0.000398001008277	0.0117051909042676	0.0841532015078456	-0.0191898353419475	0.00708176132402	0.000368249780451	-0.0199351470774615	-0.0317719909222517	0.000397410089	0.0010094594071636	-0.0022239754067386	0.0001181505217417	1.3959545787835976e-08	4.94606660977812e-06	5.211977037400395e-05	0.0002521904349272	6.36000154687723e-08	2.7164704638388995e-09	-0.0010069436861771	0.0002132923234038	1.0139355871319258e-06	4.5493615222991287e-08	0.0	0.0	0.0	0.0	0.0	0.0	0.0	0.0	0.0	0.0	0.0	0.0	0.0	0.0	0.0	0.0	0.0	0.0	0.0	0.0	0.0	0.0	0.0	0.0	0.0	0.0	0.0	0.0	0.0	0.0	0.0	0.0	0.0	0.0	0.0	0.0	0.0	0.0	0.0
520.2480091620915	-0.1936938527862821	270657.9910371197	0.0375173086071939	787.4737630029867	2.0482540019073667	620114.9274180841	4.195344456329544	581.9432537114732	1.0197712291370635	1.0399333597757174	338657.95054029603	603.9150445031338	418.4699774982915	0.890551	30.201824	0.0706507054656338	0.0418062992376972	0.1318724675	0.0675569711	0.0009133985	0.0252016787	-0.005286227	0.1100816997	-0.0384157721	0.0560773657	-0.112059161	-0.0674794344	0.0971459884	0.1288638972	-0.0377247368	-0.0042495195	-0.0146490444	0.0212634512	0.0123513151	-0.0729131345	0.0704317893	-0.102644515	0.129348922	-0.015655929	0.0368905243	-0.0866049928	0.080588486	-0.1223659433	0.0299776403	0.0710803218	0.1080539133	0.0449704302	-0.0493653762	-0.0749894017	-0.0986496206	0.0531625307	-0.0834212831	0.049543559	0.0822419743	-0.1297071864	0.0568163619	0.0252597205	-0.1872539879	0.0983266763	0.0540358895	-0.0374575401	-0.0618014582	0.19844265	-0.1919975256	0.0452190012	-0.0784638094	0.0736351966	-0.0701172125	0.1401262428	-0.0047471981	0.1245267959	0.0411054957	-0.0152577076	-0.0789011653	0.0853162582	0.0455805373	0.1007931008	-0.0307691941	0.0283984362	-0.1328940797	0.0547437757	-0.0002241624	-0.020350317	-0.112803247	0.0229478464	-0.0604042667	-0.0135692388	0.0849534571	-0.0074161131	-0.1494029654	-0.0641867076	-0.1112453454	0.0587336178	0.073924959	0.0657400325	0.0481192431	0.1779924863	0.057120686	-0.0177879826	0.095504895	-0.1117122493	-0.0798449054	-0.0581596033	-0.1288976029	-0.026843754	-0.0257746781	0.1197329876	0.027162708	0.1482494083	-0.0551567324	-0.0127901678	0.00980193	-0.0127119187	0.0232727549	-0.0173313152	0.1167218731	0.0547734901	0.0355913119	-0.0639554751	-0.0521377584	0.0630772049	0.1226813573	0.0601883016	-0.0361072002	-0.1254096125	-0.0377742304	-0.0122029209	0.0639698737	0.0239844067	-0.008147279	-0.0782195484	-0.0761338514	0.0458828894	-0.0554593497	-0.0976585564	0.0	0.0	0.0	-0.0981703244271301	0.0100202061394015	0.000100404531076	0.0096374125981279	0.0902822232099112	0.0061290217020655	0.0081508798277242	3.756490702439109e-05	0.0201937567697854	0.0401289038472469	0.0004077878124772	0.0016103289239815	-0.0020459485267371	0.0001780268800015	3.169357000306849e-08	4.185905374057709e-06	0.000102091096368	4.997132599399605e-05	2.497133421598225e-09	1.0422591957620262e-08	-0.00106639695572	-5.9453269542900046e-05	1.1372024671688836e-06	3.534691259340726e-09	0.0	0.0	0.0	0.0	0.0	0.0	0.0	0.0	0.0	0.0	0.0	0.0	0.0	0.0	0.0	0.0	0.0	0.0	0.0	0.0	0.0	0.0	0.0	0.0	0.0	0.0	0.0	0.0	0.0	0.0	0.0	0.0	0.0	0.0	0.0	0.0	0.0	0.0	0.0
520.8831067420914	0.635097579999865	271319.210889293	0.403348936121685	790.1602124665912	2.686449463604504	624353.1613652486	7.217010720500926	579.6730046287225	-2.270249082750638	5.154030897730114	336020.792295291	603.8935338004691	429.457505659365	0.992071	33.644726	0.1571466334708769	0.0946489409554943	0.1335967928	0.053962305	0.0579144509	-0.1066407569	0.0056106346	0.1400438599	-0.0390155065	-0.0080086953	0.1114774451	-0.1148405761	0.1452538787	0.0604215767	-0.0172870378	0.0340982408	0.00691381	0.0023331981	0.0385820939	0.0661515291	0.0240079966	0.1122060759	-0.1205303323	-0.0233688176	0.0524914926	0.0092942365	0.0808507302	0.0597368381	0.0388659772	-0.070926202	0.0554612721	0.0543232167	-0.125633057	0.0161292352	-0.0473409546	0.1504361146	0.0508718511	-0.1246865284	-0.0275393046	-0.1485456683	0.1332833048	0.1027845292	-0.088070721	0.0040465534	0.0519874101	-0.0936098102	0.0458969613	-0.0508494446	0.1825046096	0.0423737938	0.0078437832	-0.1115928543	0.0243829148	0.0373474285	0.0319717036	0.1488643855	0.0408512194	0.0282340136	-0.0409441835	0.0060543711	-0.0807112099	-0.054530686	0.0792524708	0.081564514	0.0891800111	-0.0087354128	-0.108312953	0.0341809543	0.0364171297	0.032593956	-0.055155498	-0.014092583	0.1302122444	0.0955491218	0.1092853608	-0.0546094171	-0.0246327584	-0.0794571679	-0.0734500447	0.186137228	-0.0414756488	0.0019922226	-0.1239676628	-0.0979670416	-0.0152595993	0.115296441	-0.0342596018	-0.0526344661	-0.0421881814	0.0370656403	-0.163498261	-0.0961577459	-0.0823872237	0.1434611332	-0.0625885056	-0.0311652288	0.003602854	-0.0195583316	0.042001222	-0.027678577	-0.0100474524	0.023081386	0.0814159948	0.0286177583	-0.0096080787	-0.0909412042	-0.0767290847	0.0323809419	0.0083933327	-0.0439479049	0.1188899963	-0.0035054856	-0.1837071539	0.0957829395	-0.0412373472	-0.0758246508	0.0451349413	0.0445583587	-0.0578967605	-0.0970492106	0.0	0.0	0.0	-0.1037415686927261	-0.005571244265596	3.103876266693638e-05	0.0107623130748276	0.1397403487011672	0.049458125491256	0.0195273650551238	0.0024461061771088	0.006972926387661	-0.0132208303821244	4.862170240773908e-05	0.0001747903559929	-0.0035979961255479	-0.0015520475988108	2.408851748974371e-06	1.2945576119457702e-05	2.5649216918388618e-05	-7.644187944961138e-05	5.843360933788919e-09	6.578823285265528e-10	-0.0009169577673424	0.0001494391883775	8.40811547089559e-07	2.2332071022955785e-08	0.0	0.0	0.0	0.0	0.0	0.0	0.0	0.0	0.0	0.0	0.0	0.0	0.0	0.0	0.0	0.0	0.0	0.0	0.0	0.0	0.0	0.0	0.0	0.0	0.0	0.0	0.0	0.0	0.0	0.0	0.0	0.0	0.0	0.0	0.0	0.0	0.0	0.0	0.0
519.5020378218119	-1.3810689202795174	269882.36730101524	1.907351362562032	787.3710106297543	-2.789201836836924	619953.1083801207	7.779646886614469	579.3417209637203	-0.3312836650022746	0.1097488666973392	335636.8296492051	602.642918821241	414.1682792041695	1.165955	39.541779	0.151846530647839	0.0921028016457207	0.1488115247	0.0915973401	0.0138481581	-0.0140250737	-0.013357946	0.0850768686	-0.0182487128	0.1087686935	-0.1750204562	0.0483644643	0.168100165	0.0788207157	-0.028748326	-0.0319704911	0.0988246201	0.0090490213	0.0109103187	-0.2116506556	-0.0406658637	-0.2423783899	0.1544226228	0.1046690357	0.0942945739	0.057235468	-0.0904552948	-0.1548775573	-0.0576634742	0.0824390246	0.1272758618	0.0062173326	-0.0548114848	0.1410400005	0.1301290115	-0.0052094255	0.1716115901	0.0577891199	0.03024648	0.0562478215	-0.0365765712	-0.0393614445	-0.0726161912	0.1634155261	0.0207412646	-0.1419869556	-0.0512579444	-0.0263584432	0.0912348144	-0.0409193987	0.1627174594	-0.0620814601	-0.0146872576	-0.0253190679	0.064541627	0.1627257236	0.0202156233	0.0171600883	-0.0603004784	-0.0119225752	0.103862965	0.135309905	-0.0585094203	-0.0053177792	-0.0231567919	0.1986890337	0.1244109137	-0.0501036564	-0.1738371912	-0.0590071969	0.1045115885	-0.0643231392	0.0655070014	-0.0804382252	-0.0603853561	0.0338872968	-0.1374460163	0.0733778421	0.0430202426	0.1003448939	0.0184558082	0.039823099	0.0307700418	-0.0410494487	-0.1462288012	0.0462821365	-0.050217234	-0.1213558398	-0.0598375931	0.1060009069	0.1865917076	-0.1904905407	0.0532548233	0.1600777058	-0.0502687473	0.0191900192	0.0287565966	0.0161246811	0.0222757161	0.0014120821	0.1774276995	0.0684147333	-0.0497124438	-0.0174610152	-0.0500890044	0.1568734634	0.0716237189	-0.0540930285	-0.0001439053	-0.1702195656	-0.0071252613	-0.0436794999	0.0703097212	0.0040799195	0.0106457294	-0.0797051431	-0.1047313389	0.043223565	-0.0602808329	-0.0962387154	0.0	0.0	0.0	-0.0933312141829816	0.0104103545097445	0.0001083754810185	0.0087107155408695	0.0823110861871327	-0.0574292625140344	0.0067751149093055	0.0032981201929058	0.0065637970723315	-0.0004091293153294	4.308343200674757e-05	1.6738679666198525e-07	-0.0022490439981919	0.001348952127356	1.819671841898279e-06	5.058198905803007e-06	-7.822274041702215e-05	-0.0001038719573354	1.0789383520689397e-08	6.118797118348831e-09	-0.0011360893688256	-0.0002191316014831	1.29069905395855e-06	4.801865876859191e-08	0.0	0.0	0.0	0.0	0.0	0.0	0.0	0.0	0.0	0.0	0.0	0.0	0.0	0.0	0.0	0.0	0.0	0.0	0.0	0.0	0.0	0.0	0.0	0.0	0.0	0.0	0.0	0.0	0.0	0.0	0.0	0.0	0.0	0.0	0.0	0.0	0.0	0.0	0.0
523.9831816430434	4.481143821231512	274558.3746447666	20.08064994656136	792.9340211968673	5.563010567112997	628744.3619714341	30.947086569810867	583.5857335870916	4.2440126233713045	18.011643147334983	340572.3084463838	606.5570997957324	427.638237945217	2.033914	68.977409	0.5296179035206422	0.3080651868667049	0.0696638745	0.0240567314	0.0197220257	-0.2075037323	-0.0172409024	0.0896807238	-0.2120338119	-0.1771128638	0.4172487316	-0.2108597183	0.0411913268	0.131004261	-0.078816812	0.1803146706	-0.0027141915	0.0229961566	0.1370604076	0.1367025102	-0.1329988308	0.1361044618	-0.3551178443	-0.0868773823	0.0089137815	0.0309532092	-0.0784792022	0.0899972241	0.1183283271	0.1344921497	-0.0681755721	0.0054257545	0.1129058805	-0.1066722849	0.0805949038	-0.0190341984	0.1170861548	-0.0719002254	0.0107906381	-0.0687818288	-0.0452472421	-0.0421088243	-0.1667257734	0.0180061992	0.0483930494	-0.0872042172	-0.0123867977	0.028645126	-0.0749941496	-0.0484187401	-0.0003364007	-0.0885277005	0.0104460557	0.0453075821	0.0089011275	0.0570702878	0.0458472399	0.0147394439	-0.2285367145	-0.0372661363	-0.2439477849	-0.1971839347	0.0396343436	0.1628331182	0.2197984467	-0.1633526392	-0.1381967941	0.0303457979	0.2315725331	0.0353034892	0.2036816066	-0.0537326751	-0.0518166853	0.0970372745	0.0471343609	-0.0944492399	0.0579676923	0.0199857579	0.08754702	-0.0121963879	-0.0577464493	0.0009295926	0.1237567438	-0.1697425365	-0.0135806236	0.0208983056	-0.1090113822	-0.0679088898	-0.094970382	-0.0404343963	-0.0345964498	0.10661343	0.0209131307	0.0989211183	-0.0611183477	-0.0667188447	-0.0351841687	-0.1197598793	0.0887852846	-0.0966770722	-0.2639453031	-0.0727883117	0.3178930503	0.1088814909	0.1270182007	-0.2962893759	-0.3211747762	0.1423817999	-0.2272247739	-0.0088735224	0.230325661	-0.0468368275	-0.0423867717	0.0335860548	-0.0446232411	-0.014781267	0.205611116	0.0418788155	-0.0626093705	-0.0952287508	0.0	0.0	0.0	-0.092442529390297	0.0008886847926845	7.897606607488691e-07	0.0085456212400759	0.3462625305977695	0.2639514444106368	0.1198977400959712	0.0696703650064614	0.1485629135010384	0.1419991164287068	0.022070939267917	0.0201637490665334	-0.0007700971764805	0.0014789468217114	2.187283701450252e-06	5.930496612232383e-07	-0.0010130473577987	-0.0009348246173816	8.738970652628003e-07	1.0262649491429271e-06	-0.0011778910875048	-4.180171867920008e-05	1.3874274140232404e-06	1.7473836845349851e-09	0.0	0.0	0.0	0.0	0.0	0.0	0.0	1.0	0.0	0.0	0.0	0.0	0.0	0.0	0.0	0.0	0.0	0.0	0.0	0.0	0.0	0.0	0.0	0.0	0.0	0.0	0.0	0.0	0.0	0.0	0.0	0.0	0.0	0.0	0.0	0.0	0.0	0.0	0.0
537.9981615638679	14.014979920824544	289442.02184610174	196.41966218111517	848.1086652989973	55.174644102129946	719288.3081552465	3044.241351796703	594.1435680807945	10.5578344937029	111.46786919642274	353006.57949177764	623.0394359025798	453.34360959089065	3.046132	103.305397	6.136457300131582	3.60439727148407	-0.1572087553	-0.2050261501	0.3223134334	0.1348679754	-0.6827929135	-0.2113565112	-0.0063874198	0.2133910572	0.1948863027	-0.0793269256	-0.441013823	0.2205599719	-0.2322306925	-0.1604448185	0.0296479867	-0.5475666772	0.2195473123	-0.0402142642	0.0463133204	0.0690102992	-0.0017210884	-0.0149725097	-0.1276803972	0.1121130776	0.0569502274	0.0045511607	-0.0606159835	0.052426411	0.0546565024	0.0869920303	-0.0355109818	0.0028997385	-0.0247806242	0.0130605931	-0.030035371	-0.073858519	0.0359365321	-0.0648315397	0.0966921739	0.0138142857	0.0054457664	0.0479300794	0.0321862916	0.0913413649	0.0332734712	-0.0722457711	-0.0358158796	0.0490029702	0.0929788728	0.0327478374	-0.0187428201	-0.0801622192	0.0242645856	-0.4212902543	0.4897017267	0.2673629612	-0.0963453204	-0.2398487715	-0.1151952596	0.1954224772	0.2295002739	-0.0658577627	-0.2135873732	0.1890719847	0.0956749959	0.0116154827	0.1488148193	0.1751822239	-0.1291845579	0.0192206785	-0.0342908802	0.0930861721	0.0519664905	-0.0147409189	0.0049010092	-0.0189941929	0.0270745333	0.024656139	0.0273195576	0.0239289634	0.0447583954	0.0188858093	0.0513407669	0.0473208119	0.0403835355	-0.0316612909	0.0584928969	-0.030806288	-0.1050862396	-0.0419057508	0.0402134565	-0.1585198164	0.0664683947	0.5308180446	-0.1858541027	-0.3734079504	0.3087718061	-0.4243561568	0.198848563	0.0458556288	-0.2225883226	-0.1600483825	0.1133382254	-0.0908968336	-0.1397963746	0.0266886041	-0.0251484057	0.0439092675	-0.0714928947	-0.0964461062	0.0194634507	0.0312828588	0.1117002088	-0.037688168	0.0061799964	0.0405244201	-0.0648802281	-0.0940214101	0.0	0.0	0.0	0.2492246646643394	0.3416671940546364	0.1167364714931685	0.0621129334770524	3.607361587306528	3.2610990567087583	13.013057621574672	10.634767057666751	1.606871574529691	1.4583086610286526	2.5820362570315285	2.1266641508311817	0.0135985280494861	0.0143686252259665	0.0002064573908842	0.0001849199651126	-0.0032538699780608	-0.0022408226202621	5.021286015478303e-06	1.058766983412539e-05	0.0037203088330572	0.004898199920562	1.3840697813323424e-05	2.399236246179358e-05	0.0	0.0	0.0	0.0	0.0	0.0	0.0	0.0	1.0	0.0	0.0	0.0	0.0	0.0	0.0	0.0	0.0	0.0	0.0	0.0	0.0	0.0	0.0	0.0	0.0	0.0	0.0	0.0	0.0	0.0	0.0	0.0	0.0	0.0	0.0	0.0	0.0	0.0	0.0
530.95410934789	-7.044052215977899	281912.26623341115	49.618671621423154	799.69016743264	-48.41849786635726	639504.3638884438	2344.350935634442	589.4858299422788	-4.657738138515697	21.69452456698367	347493.5437027372	611.6549819258393	425.68741669664325	3.011721	102.13839	4.11306924767216	2.099308035171416	-0.1680246928	-0.1133998236	-0.0489623169	0.1993943849	-0.167721433	0.0043828825	0.1631690655	0.0541203203	-0.3227276177	0.3629512515	-0.2772853254	0.1319122471	0.0206905785	-0.2029652938	0.1053191846	0.1493876589	-0.2945189509	-0.2649193596	-0.0294630947	0.0358315084	0.0704994306	-0.138485542	-0.0743276678	0.1120418432	0.0459721197	-0.0093129364	0.018582034	-0.0238483283	0.0481869659	-0.0611171192	0.0795053741	0.081040922	0.0044033357	0.0203909225	0.0070344805	0.0318723952	-0.0556803198	0.0606897609	-0.0074072144	0.0685131407	0.0013698982	-0.0952016069	0.0167589535	0.0625412242	-0.0502063145	0.048836763	-0.074004286	-0.0676074424	-0.0449294525	-0.0518088223	0.0311798492	0.0844451587	0.1001399853	-0.2191391371	0.0946200105	-0.2232113291	0.0352909682	0.2205206237	0.187893836	0.1641142636	-0.3323107938	-0.2364284073	0.0342361428	0.2522234668	-0.0137686231	-0.1248867943	0.0965462108	0.0543727179	0.0825151539	-0.0164418121	-0.0707424093	0.1101832493	0.0216870167	-0.0335912207	0.0240251157	0.0975637765	0.0436093693	-0.0108537096	-0.064866598	-0.0606481903	-0.0087594861	-0.1074707458	-0.1113882757	-0.0717707071	0.0010024839	0.0455547841	-0.0093191903	0.0081829392	-0.0406345456	0.1442258446	-0.027684761	-0.1558780707	0.1392777363	0.0569401095	0.0997099015	0.2399172374	-0.1290018167	0.14764916	0.4278075606	0.2724027755	-0.1344622936	0.0626631772	0.0393914526	-0.0570871314	-0.1855182689	0.2183129657	-0.1306960302	-0.1614489523	0.0213590441	0.0133203609	0.2235882253	-0.0805813843	-0.0699962946	-0.0904123985	0.1585540889	0.0391606907	-0.0670913137	-0.0926191957	0.0	0.0	0.0	0.401655040875994	0.1524303762116546	0.0232350195920265	0.1613267718610964	1.9205114115317343	-1.6868501757747936	3.6883640818236154	2.845463515511452	0.4831862243944442	-1.1236853501352468	0.2334689274445582	1.2626687661085725	-0.0001428412234129	-0.013741369272899	0.0001888252294941	2.0403615106094008e-08	0.0014029332841161	0.0046568032621769	2.168581662262142e-05	1.968221799680786e-06	0.0083242032089906	0.0046038943759334	6.929235906456939e-05	2.119584342475119e-05	0.0	0.0	0.0	0.0	0.0	0.0	0.0	0.0	0.0	1.0	0.0	0.0	0.0	0.0	0.0	0.0	0.0	0.0	0.0	0.0	0.0	0.0	0.0	0.0	0.0	0.0	0.0	0.0	0.0	0.0	0.0	0.0	0.0	0.0	0.0	0.0	0.0	0.0	0.0
522.580035243308	-8.374074104582064	273089.893234897	70.1251171090319	774.0516250677276	-25.638542364912382	599155.91826999	657.334854597407	583.3193330196751	-6.166496922603642	38.025684296480186	340261.44427451864	604.9421129070345	434.15676173822544	2.308811	78.30016299999998	0.7917352208472174	0.3799580157519693	-0.0736169131	-0.1133461475	-0.0173201931	0.0324983738	0.1068153902	-0.0068512869	-0.0183111503	-0.1378386459	0.1728709696	0.0155636303	-0.0897553196	-0.0380746101	0.0654310291	-0.0361459642	0.077893893	0.048086911	-0.1732922427	0.0305822507	-0.1242871466	0.0836111197	-0.1267222772	-0.0562121938	-0.1885856332	-0.0962269906	-0.0883902961	0.0162390033	-0.0139049892	-0.023837357	0.0596070171	0.086203827	-0.1429298065	0.1062264013	-0.0486622696	-0.0429312116	-0.0032671213	-0.0080001641	-0.0630144645	0.0024182332	0.0145103754	0.0728708569	-0.0157373262	0.0584843775	0.1295818786	-0.1306541812	0.0646918319	-0.0523890532	0.0283889372	0.0380976318	0.0531054427	0.062124006	0.0430717854	-0.1563638984	0.0252628123	-0.080481656	-0.0540133565	-0.0822448966	0.0477424073	-0.0243727683	-0.1259849451	-0.0595915963	-0.1555508826	-0.0604342233	0.0470137275	-0.0219427395	-0.1947944018	0.0619892408	0.166100578	0.1238117599	0.0647390304	0.0542334823	-0.1807364734	-0.0231427516	0.0956031052	-0.0439559711	-0.0570632588	0.1106627215	0.0252831232	0.1510444963	0.0536765993	-0.0649667303	-0.108245453	0.0606221704	0.0812579698	0.0055137911	-0.0044001566	-0.2126069103	0.0840178756	-0.012143049	0.0051191254	-0.1230484026	9.68307e-05	-0.1381358004	0.0871944603	-0.0196142301	0.1303642592	0.1322957479	-0.1182102646	-0.135205018	-0.0172664278	0.0215240801	0.2886036465	-0.0255531268	0.1787788957	-0.1291394871	-0.1495846947	0.0155800438	0.0520578283	0.1312350599	-0.0475466633	0.0183930063	-0.0181340777	-0.0652810861	0.1710583075	0.0728975755	-0.1164675476	0.0377879414	-0.0692405903	-0.0910250139	0.0	0.0	0.0	0.2817182134350133	-0.1199368274409807	0.0143848425766075	0.0793651517810157	1.6964895867614445	-0.2240218247702898	2.8780769179900165	0.0501857779734104	0.4454566059621925	-0.0377296184322517	0.198431587795356	0.0014235241070433	0.0026122951091572	0.0027551363325701	7.5907762110478205e-06	6.824085737326627e-06	0.0001069536373834	-0.0012959796467327	1.6795632447454138e-06	1.1439080549539817e-08	0.0041743801842195	-0.0041498230247711	1.7425449922404427e-05	1.722103113692036e-05	0.0	0.0	0.0	0.0	0.0	0.0	0.0	0.0	0.0	0.0	1.0	0.0	0.0	0.0	0.0	0.0	0.0	0.0	0.0	0.0	0.0	0.0	0.0	0.0	0.0	0.0	0.0	0.0	0.0	0.0	0.0	0.0	0.0	0.0	0.0	0.0	0.0	0.0	0.0
520.8410956006654	-1.7389396426425492	271275.4468665016	3.023911080753797	768.7883503339444	-5.263274733783192	591035.5276091876	27.702060923280527	582.5033141228846	-0.8160188967905242	0.6658868399192241	339310.110964144	602.9577546666881	421.9018455850438	1.298951	44.052166	0.2631381894493165	0.1528057344446908	-0.1346297711	-0.0537545091	-0.0503690571	0.1535291665	0.0907538849	-0.1238959061	0.0796950746	-0.0565635443	-0.1310542821	0.0418264834	-0.1024089023	-0.1113037493	0.0591424241	-0.0701877469	0.1721293398	-0.0043003861	-0.1405249251	-0.0473099426	-0.0131486365	0.0326089895	-0.0728849177	-0.1391651486	-0.0746611185	-0.1027281958	-0.0597930003	0.0326526525	0.0411769385	-0.0295861329	-0.0753697216	0.0286250862	-0.024971692	0.0051146728	-0.0868317697	0.0083714645	0.0106017377	0.0014334606	-0.0589250217	0.044816351	0.024593252	-0.0473788989	0.0937136064	-0.0024365044	-0.0838359715	0.0301666717	0.0173944533	0.0808661485	-0.0210321051	-0.0423665806	-0.0152054544	-0.0912933597	-0.028856943	0.1563334107	0.0939652345	-0.1146047947	-0.097335923	-0.0518139041	0.0945411807	0.0022529967	0.0450180024	0.0938919009	-0.1845372237	0.0062625396	-0.0154088132	0.0612594454	-0.218796552	0.0109201404	0.0968409262	0.0896799156	0.0368933138	0.0288980672	-0.0125511756	0.0145154431	0.0190781641	0.1016813778	0.0143978364	-0.0901950112	-0.0833831318	0.0424806388	-0.0183858285	0.0070635118	0.0272930353	0.0299826068	0.0267127709	0.0152604705	0.1113545794	0.0492950285	0.0366292556	0.0370515438	0.0114935925	0.0992950395	0.0094136215	-0.1564653124	0.0661500491	0.0199124037	0.10269466	0.1261719002	-0.122068997	-0.0792111359	0.1272767454	0.1237860458	0.1273772128	-0.0189576752	0.1016368259	-0.0158228961	0.0034099705	-0.0366841805	0.0339453682	0.054527101	0.033649911	0.0603723608	0.0994351643	-0.0161179837	0.0372592917	-0.0478126218	-0.0092088976	0.0364064884	-0.0713260778	-0.0892421688	0.0	0.0	0.0	0.22452105994779	-0.0571971534872232	0.0032715143670409	0.0504097063600791	1.7277641422898853	0.0312745555284408	2.985168931382703	0.0009780978235015	0.5804880276462399	0.1350314216840473	0.3369663502406217	0.018233484842015	0.0026279800211191	1.5684911961900277e-05	2.4601646325256236e-10	6.906278991401146e-06	0.0002967143725556	0.0001897607351722	3.600913661309382e-08	8.80394188810634e-08	0.0035871246563615	-0.000587255527858	1.2867463300276607e-05	3.448690549997783e-07	0.0	0.0	0.0	0.0	0.0	0.0	0.0	0.0	0.0	0.0	0.0	0.0	0.0	0.0	0.0	0.0	0.0	0.0	0.0	0.0	0.0	0.0	0.0	0.0	0.0	0.0	0.0	0.0	0.0	0.0	0.0	0.0	0.0	0.0	0.0	0.0	0.0	0.0	0.0
522.6060912080605	1.7649956073951216	273117.1265677677	3.115209494124074	772.1318930659378	3.3435427319933524	596187.6602895887	11.17927800066557	582.9745263365743	0.4712122136896823	0.2220409503303308	339859.29835735314	603.6617560777507	429.9360736407058	0.94288	31.976471	0.3653358401858845	0.208317242375911	-0.1253595293	-0.0484740605	0.0075632106	0.0498581965	0.0859692084	-0.0923501132	0.0172698648	-0.1082059633	0.0390286518	-0.0358462234	-0.1090875861	-0.0949117691	0.0611197028	-0.0748399677	0.0443081892	0.0122996599	-0.1332156038	0.0140796189	-0.0499690448	-0.0506872213	-0.0669831028	-0.0227734916	-0.0884254921	-0.0337882311	-0.0791830661	0.0632179428	-0.0598132038	0.083299789	0.0827238789	-0.0056173351	-0.1412526195	0.0029028342	-0.0158382635	-0.0001562454	0.0651052111	-0.0022165097	-0.0431081846	0.0890932968	-0.0910175692	-0.0951399967	0.0149095098	0.0494546948	0.0868947429	-0.1048442787	-0.0057411671	-0.0569022623	0.0039782209	0.0927632775	0.0335136493	0.0015595018	0.0359468832	-0.049203893	0.0686396347	-0.1105922462	-0.0844065009	-0.0510279601	0.077333924	0.0054117196	-0.022304396	0.0257479376	-0.1061449248	0.0070672271	-0.0445216449	-0.0234265538	-0.1181754631	0.0981972809	0.0473098028	0.0745189524	0.0995393986	-0.0083603089	-0.0603693208	0.0374474124	0.020123874	-0.1222995218	-0.025512367	-0.054939515	0.0608828411	0.0761748616	0.0828230369	0.0206418325	-0.0584657562	0.0325668701	0.0018765078	-0.0969669191	-0.0251911026	-0.0860525873	0.0168504852	0.0452927141	0.0888737435	-0.0812309012	0.0158150061	-0.1655654569	0.0533781936	-0.0195769217	0.0636434244	0.131571954	-0.0335780862	-0.0962402197	0.0044657214	0.027912742	0.2126053936	-0.0024606986	0.1025932535	-0.1204650467	-0.0538527817	0.0248563514	0.0157586157	0.0106652397	-0.0418355151	-0.0412836787	0.0244873022	-0.0223950897	0.1025544939	-0.0091675827	-0.0911886512	0.0350166499	-0.0733458549	-0.0872743556	0.0	0.0	0.0	0.2534359668200068	0.0289149068722167	0.0008360718394289	0.0642297892779915	1.6014064779587187	-0.1263576643311665	2.564502707648148	0.0159662593352277	0.598819476981916	0.018331449335676	0.3585847660128953	0.0003360420347464	-0.0006297607324872	-0.0032577407536063	1.0612874817707344e-05	3.965985801828146e-07	0.0001297426888029	-0.0001669716837527	2.7879543175211662e-08	1.6833165297806152e-08	0.003997048611939	0.0004099239555774	1.5976397606203486e-05	1.6803764935630413e-07	0.0	0.0	0.0	0.0	0.0	0.0	0.0	0.0	0.0	0.0	0.0	0.0	0.0	0.0	0.0	0.0	0.0	0.0	0.0	0.0	0.0	0.0	0.0	0.0	0.0	0.0	0.0	0.0	0.0	0.0	0.0	0.0	0.0	0.0	0.0	0.0	0.0	0.0	0.0
522.6941987545054	0.0881075464448031	273209.22541161434	0.0077629397405231	777.3179242095055	5.186031143567675	604223.1552973745	26.894919022053845	583.4934274320692	0.5189010954949254	0.2692583469058336	340464.5798564234	605.1544348607298	429.2710238602716	1.109177	37.616215	0.1241475898315332	0.0668249208116465	-0.1220968981	-0.0896959615	0.0021666871	0.0775468963	0.029641597	-0.0857809423	0.0302949327	-0.1356468173	-0.1504062115	0.034524999	-0.119856683	-0.0863362993	0.0920175225	-0.0796056884	0.1261988453	0.109465543	-0.10798679	-0.053519498	-0.0245160931	0.032033855	0.0145345403	-0.1368938613	0.0291977406	-0.0285950364	-0.0197691987	0.0199615927	0.0501484267	0.1538325972	-0.1043661791	-0.1332611281	-0.0786257365	-0.0400114026	-0.0567648506	0.011272099	0.0918095392	-0.0063490357	0.010057925	0.0157044267	-0.1298908792	0.0405241847	-0.0010428694	0.0512205766	-0.0561755523	0.0139003126	0.0275608695	-0.0265101599	0.0297326869	-0.0135456379	-0.021537884	-0.0274653803	-0.0443377504	-0.0975024602	0.0395068205	-0.1167715525	-0.0618706296	-0.0897927344	0.0959806568	-0.0008942612	0.0422982642	-0.0068936613	-0.1505990545	0.025541486	0.0570666196	0.116523561	-0.118457949	-0.0990133303	0.1202759003	-0.0568423584	-0.0270686813	0.0254194518	0.1374342775	-0.0975437025	0.1377219559	0.1435040086	0.0052750688	-0.1983681886	-0.0245263137	-0.0338908369	0.1514188846	0.0990435679	0.0726710402	0.1111804591	-0.0792412328	0.0259937147	-0.0284042627	0.0363097129	0.0045687306	0.052043449	-0.0014856408	-0.1100383474	-0.0697951699	-0.1474917676	0.0731823362	-0.0080880385	0.0811844901	0.1501477257	-0.0235039779	-0.0052574914	0.1169762127	0.1398869292	0.0298809122	-0.1180200763	0.0519696865	-0.014391294	0.0266846095	-0.1778635162	-0.0238549006	0.1881639449	0.1853636831	0.0683157899	0.0050424003	0.0126402567	-0.0386319437	0.0260931031	0.0529966367	0.033618746	-0.0752980608	-0.0851256531	0.0	0.0	0.0	0.2561602515361016	0.0027242847160948	7.4217272143478115e-06	0.0656180744670388	1.5566327374822748	-0.0447737404764438	2.4231054794015607	0.0020046878362519	0.6223544641784855	0.0235349871965695	0.3873250790828897	0.0005538956223426	-0.0008981769725164	-0.0002684162400292	7.204727791141312e-08	8.067218739587259e-07	-0.0006637942837324	-0.0007935369725353	6.297009267804895e-07	4.4062285111581005e-07	0.003996710275655	-3.383362839996795e-07	1.5973693027526267e-05	1.144714410707118e-13	0.0	0.0	0.0	0.0	0.0	0.0	0.0	0.0	0.0	0.0	0.0	0.0	0.0	0.0	0.0	0.0	0.0	0.0	0.0	0.0	0.0	0.0	0.0	0.0	0.0	0.0	0.0	0.0	0.0	0.0	0.0	0.0	0.0	0.0	0.0	0.0	0.0	0.0	0.0
525.4246893380491	2.7304905835437694	276071.1041659854	7.455578826821195	788.4158196031002	11.09789539359474	621599.5046004283	123.16328216717136	585.2521542157499	1.758726783680686	3.09311989963581	342520.0840141759	609.191433421901	423.8361177160062	1.529548	51.872532	1.7459895633353708	1.0166209158483903	-0.0895076069	-0.2036071413	-0.1648028017	0.0329201973	-0.0912887485	-0.1297996001	0.0665665382	-0.0738444902	0.135021246	0.1377534135	-0.1157027771	0.0348818524	0.077522578	0.1012324618	-0.1038330204	-0.1893040163	-0.055737307	0.1015760332	0.0216774974	0.0132107876	-0.0341304963	-0.0302233655	0.1680375272	0.0293544201	-0.0428740967	0.0667997183	0.0250443467	0.0786400519	-0.0765057886	0.0939698873	0.0394467672	-0.0698209123	0.1922872432	0.0439972479	-0.0747669901	0.0528245446	-0.0364746512	0.0419988345	0.0264944993	-0.053379993	0.0943494154	-0.0015427533	0.002474589	-0.1373434877	-0.0854550591	0.0395035062	0.0589848118	-0.0631763653	0.0572448958	0.0543206588	0.0020300305	-0.0268274399	0.0115435202	-0.1547806855	0.0296243431	-0.0404533604	-0.078588523	-0.1092129443	-0.0744874602	0.052996679	0.2011158772	-0.0972456774	0.1284629084	-0.070030979	-0.1403190575	0.0515789647	-0.1343973286	-0.2512137677	0.0117529052	0.003574702	0.0923766028	0.0302876692	0.0709829097	0.1867301922	0.0791640203	0.0648158092	0.1407354486	-0.0719194496	-0.0302892414	0.0998084707	0.0726519985	-0.0164001892	0.0050425767	-0.0414443224	-0.032216054	0.0074127807	-0.0409178667	0.102070973	0.011881439	-0.0448347305	-0.030808985	-0.0812599819	0.1475656772	0.102891334	0.1242406932	-0.2632403481	-0.1218703374	0.081246778	-0.1139137889	-0.1269328766	-0.1335200517	-0.0616663974	-0.0034959496	-0.1047616337	0.0429662393	-0.0123062022	-0.1691920117	-0.0847226734	0.2513187071	0.353004898	-0.0658486612	-0.1454874794	-0.2973902897	-0.0220575877	-0.0786356466	0.0322130987	-0.0771808971	-0.0828005146	0.0	0.0	0.0	0.2293739832668677	-0.0267862682692339	0.0007175041677913	0.0526124241997093	0.8849213224080614	-0.6717114150742134	0.7830857468524322	0.4511962251410022	0.807413190201629	0.1850587260231435	0.651916059711572	0.0342467320773089	0.0128042812519243	0.0137024582244407	0.0001877573613925	0.0001639496183783	0.0027122990271613	0.0033760933108937	1.1398006043861189e-05	7.356566012740136e-06	0.0041668218196962	0.0001701115440411	1.7362404077096352e-05	2.8937937416081063e-08	0.0	0.0	0.0	0.0	0.0	0.0	0.0	0.0	0.0	0.0	0.0	1.0	0.0	0.0	0.0	0.0	0.0	0.0	0.0	0.0	0.0	0.0	0.0	0.0	0.0	0.0	0.0	0.0	0.0	0.0	0.0	0.0	0.0	0.0	0.0	0.0	0.0	0.0	0.0
522.1922383096181	-3.232451028431001	272684.733750809	10.448739651204637	773.5152888981222	-14.900530704977996	598325.9021591455	222.02581528999204	583.6856140328051	-1.5665401829447774	2.4540481447806566	340688.8960288528	605.1785897426918	428.5039911886333	1.331006	45.139252	0.8960128438486566	0.5788132446023021	-0.1523038768	-0.0592730715	-0.0798518892	-0.0563211972	0.0323996274	-0.1370356427	0.083318427	0.0174338301	0.0501122126	0.0281913877	-0.1024839142	-0.0930078667	0.02935565	0.0382707717	-0.0774217874	0.0167424384	-0.0623902363	-0.0450890815	-0.0568472603	0.0027945706	-0.1023774403	0.1948953133	0.1443111044	0.0073053646	0.0170514575	-0.1207665436	-0.0781268242	-0.0870394883	-0.0136908402	0.068696076	-0.083142741	0.0435526531	0.071072995	0.0196864328	-0.0181083614	-0.1150522085	0.003544745	-0.13989503	-0.041032142	0.0289360151	0.021041576	-0.052063619	0.0472144632	0.0328744338	-0.0024868838	0.0782491644	0.0436272828	-0.0723173557	0.0641697992	0.0802202792	-0.0763888908	-0.1237661474	-0.0517704246	-0.1279125896	-0.071505122	-0.0148497633	0.0351187339	0.0010573898	-0.0455058037	0.0147715546	0.0508920046	0.0176120889	0.1114032568	0.0422219157	0.0497162249	0.1007368429	-0.2829264949	0.0848946009	0.0711916031	-0.061520512	0.0134152209	-0.0063630754	-0.0323788789	-0.0633357659	0.0906695458	0.066287981	-0.0153096244	-0.0237877872	0.0157592137	-0.059310533	-0.0662647991	0.0893237544	0.0516637369	0.0094622959	-0.0790284342	-0.1332274326	-0.1089589289	0.0168986564	-0.0020922569	-0.0036668811	0.0460351789	-0.1444823279	0.0656333684	-0.0310920787	0.0326794409	-0.0711855236	-0.0846339003	0.0162759913	-0.1005709116	-0.0921074564	-0.0359547626	0.052912678	0.0061784277	-0.0229111213	0.0060699827	0.0496072576	0.0739420612	-0.1788046575	-0.1358550323	0.0576657408	0.126090844	-0.107060207	0.0470317277	-0.0656627626	-0.0777845554	0.0308000317	-0.0789926291	-0.0803037594	0.0	0.0	0.0	0.1956997869246066	-0.0336741963422611	0.0011339514992971	0.0382984066023364	1.165227080682996	0.2803057582749346	1.3577541495570171	0.078571318122086	0.7748179175432881	-0.0325952726583409	0.6003428053461176	0.0010624517996715	0.0033169638219627	-0.0094873174299616	9.000919201685317e-05	1.1002248996209404e-05	0.0023410502698859	-0.0003712487572754	1.37825639778529e-07	5.480516366132845e-06	0.0030366356754708	-0.0011301861442253	9.221156225542004e-06	1.2773207205990764e-06	0.0	0.0	0.0	0.0	0.0	0.0	0.0	0.0	0.0	0.0	0.0	0.0	1.0	0.0	0.0	0.0	0.0	0.0	0.0	0.0	0.0	0.0	0.0	0.0	0.0	0.0	0.0	0.0	0.0	0.0	0.0	0.0	0.0	0.0	0.0	0.0	0.0	0.0	0.0
521.0440292382078	-1.1482090714102924	271486.8804047864	1.318384071668886	772.0502764537321	-1.4650124443901404	596061.6293722842	2.1462614622179745	582.7877221660555	-0.89789186674966	0.8062098043751893	339641.52910749946	603.8708601154265	433.2002286119442	0.925788	31.396822	0.4804578877213039	0.2710386361240938	-0.150265851	-0.0628121808	0.0169785677	-0.0055309442	0.0480056406	-0.1689614492	0.05918227	-0.0147159074	0.0099548233	-0.0178209234	-0.0929564969	-0.1423109736	0.0328151081	0.0203279961	0.0251144341	0.0143370321	-0.0206905132	0.0392706737	0.0796415767	0.0429890384	-0.0696596179	0.1121564452	0.0226201423	-0.053424861	0.0527329453	-0.0692138911	0.0750270736	-0.0098725131	-0.0271090515	-0.0561349582	-0.0396337445	0.0541294542	-0.0063747584	-0.0873057239	-0.0843299057	-0.0315791839	0.0342049156	-0.0578663017	0.0656000088	-0.0236760659	0.0005613745	0.0194800761	0.0050268509	0.0871064778	0.0672186411	-0.0105516551	-0.0291999895	0.0333364463	0.0301436803	0.0039378691	-0.0703138195	0.0311476001	0.0014004196	-0.1226294685	-0.0979034278	0.0280501264	0.0759725139	-0.0503851224	-0.0318687875	-0.0426860865	-0.0063028221	0.0409094604	0.0441268371	-0.0601132113	-0.0850645445	-0.0430107682	-0.0892460327	0.0400553211	-0.0470999955	0.0064620823	-0.0061975287	-0.112556652	0.023246923	0.0761725661	-0.0347810133	-0.0392739483	-0.112876769	-0.0521111051	0.0080077262	0.1315344474	-0.0259324697	0.0525927789	-0.0040042143	0.0771563135	-0.0269545341	-0.0209646274	-0.0179726051	0.0211129371	-0.1161940032	-3.168e-06	0.0454094634	-0.1619387213	0.0457390226	0.023030981	0.014762859	-0.0586838715	-0.1088344357	-0.0181997843	-0.0470987679	-0.0309654922	0.0192092866	0.099812536	-0.0369590325	0.0810678407	-0.0199357865	-0.0567188759	0.0513483128	0.000362076	0.0404393397	0.1457641718	-0.1068233656	0.0571649887	0.0251715389	-0.0422207043	-0.08332416	0.0293798706	-0.0807315878	-0.0776405624	0.0	0.0	0.0	0.1604293580836895	-0.0352704288409171	0.0012440031506221	0.0257375789351446	1.4066834579179783	0.2414563772349822	1.9787583507800808	0.058301182107442	0.8882836032294676	0.1134656856861795	0.7890477597663264	0.0128744618282348	0.0045846548723348	0.0012676910503721	1.6070405991935189e-06	2.1019060298423223e-05	0.0020868296283309	-0.000254220641555	6.462813459263578e-08	4.354857897679683e-06	0.0027532394482134	-0.0002833962272573	7.580327459198428e-06	8.031342162372788e-08	0.0	0.0	0.0	0.0	0.0	0.0	0.0	0.0	0.0	0.0	0.0	0.0	0.0	0.0	0.0	0.0	0.0	0.0	0.0	0.0	0.0	0.0	0.0	0.0	0.0	0.0	0.0	0.0	0.0	0.0	0.0	0.0	0.0	0.0	0.0	0.0	0.0	0.0	0.0
518.9097484099068	-2.13428082830103	269267.3269948328	4.5551546540533305	771.2276756805286	-0.8226007732034759	594792.1277355906	0.6766720320749564	580.932870177266	-1.8548519887895052	3.4404759003163834	337482.99965239613	602.4991515738066	423.9336456370875	0.794038	26.928711	0.4687425892161788	0.244916953469714	-0.1628734826	-0.0134214172	-0.0678900255	0.0264925188	0.0653023453	-0.1403426558	0.0871919492	-0.0049867389	-0.0146364683	0.0458335804	-0.037986351	-0.168233841	0.0418640687	-0.0145684682	0.0175203635	0.029349541	0.0293370507	0.0411529039	0.102356814	-0.0152081952	0.0494422794	0.0901301464	0.0034399009	-0.0206029336	0.0213311179	-0.0469957917	-0.0342090527	-0.0178674664	-0.0165728266	-0.0099335525	-0.1244558442	0.017775902	-0.0387087641	-0.0613861396	0.0504700826	-0.1396989862	0.0358795908	-0.0589633577	-0.0283468628	-0.0241401272	0.0367886715	0.0507987627	0.0084104496	0.0676080061	0.0339602643	-0.0183311385	0.0763925347	0.0401919132	0.0026598586	-0.0176919838	0.0325013459	-0.0281718742	-0.000345163	-0.0819123975	-0.1182481314	0.026223866	0.1114765121	-0.022544821	0.0314532981	0.0005670155	-0.0006282923	0.0067783807	-0.0215917812	-0.0456021211	0.0385385205	-0.0397823654	-0.0971432385	0.0508728475	-0.098295089	-0.0123185598	0.0135684767	-0.025940691	0.0303302434	-0.0509432046	-0.0187230817	-0.0192370615	-0.0910734824	0.0272167614	0.0407321112	-0.0289622445	-0.0299702236	0.0329194751	-0.0345485023	-0.0245421312	-0.0467093472	-0.0459006029	-0.0636195414	-0.0138104028	-0.0716394026	-0.0289060895	0.0427302881	-0.1479534888	0.0343130819	-0.0352065805	0.0039025258	-0.009696013	-0.0732218511	0.0054692229	-0.052140257	-0.0276257085	-0.0394440732	0.0195474127	-0.0484949435	0.0934547523	0.0073184285	0.0055967351	0.0418454691	-0.0603201317	-0.0793088954	0.0853102583	0.0009089373	-0.0133014927	0.0297658809	-0.0924288308	-0.0148975308	0.0279529424	-0.0823961712	-0.0748164435	0.0	0.0	0.0	0.1611758137409396	0.00074645565725	5.571960482406708e-07	0.025977642935054	1.257640824402813	-0.1490426335151653	1.581660443204587	0.0222137066051358	0.7774316051383892	-0.1108519980910784	0.6043999006680523	0.0122881654807844	0.001106881746141	-0.0034777731261938	1.2094905917275798e-05	1.2251871999401492e-06	0.001804805538615	-0.0002820240897158	7.953758718008199e-08	3.2573230322153804e-06	0.0023510066250694	-0.000402232823144	5.5272321511202105e-06	1.6179124401439258e-07	0.0	0.0	0.0	0.0	0.0	0.0	0.0	0.0	0.0	0.0	0.0	0.0	0.0	0.0	0.0	0.0	0.0	0.0	0.0	0.0	0.0	0.0	0.0	0.0	0.0	0.0	0.0	0.0	0.0	0.0	0.0	0.0	0.0	0.0	0.0	0.0	0.0	0.0	0.0
520.7982992566522	1.8885508467453749	271230.8685086214	3.566624300742672	775.5319530503791	4.304277369850524	601449.8102021355	18.526803676607347	583.4794771200437	2.546606942777771	6.485206921003946	340448.3002202796	605.2301078858923	424.6393219026372	0.751054	25.47097	0.20853320237355	0.1016592696416	-0.1533437667	0.0009694375	-0.0433390744	0.0430710821	0.0309777297	-0.1544272374	0.0103024921	-0.0673350606	0.011457102	0.0024524299	-0.1027761256	-0.1268949332	0.0118294965	0.048238293	0.030436482	0.0169919137	0.0021068389	0.0757990306	0.0714659645	-0.0240157393	-0.0330971066	-0.0017534388	-0.0318063071	0.0340565332	-0.087378074	-0.0855522063	0.0171238221	-0.1187475806	-0.1618638715	0.0456447596	0.1030004993	-0.0069999648	-0.0304646714	-0.0325654181	0.0728145977	0.0343130491	-0.0011426587	-0.0719581708	0.0327009313	-0.2012523854	-0.0270878884	0.0900805778	0.0628796001	-0.0722299846	-0.0027397214	0.0220312472	-0.0227316185	-0.0468382566	-0.0837035571	0.0189001256	-0.0752699186	-0.0219674987	-0.078598837	-0.1222269345	-0.0811456739	0.0177886035	0.0426059473	-0.0411099431	0.0009926499	-0.1033555525	-0.0148648192	0.0136455489	-0.0201248147	-0.0732859035	-0.0518823795	-0.0039722742	0.0078614817	0.0271226037	-0.0117044913	-0.0054248289	-0.0092748367	-0.0631377181	-0.0605557381	0.0879296824	0.0556417751	-0.0499294416	-0.107077086	-0.0242573739	-0.1279380667	0.0397699118	0.0877222508	-0.0253052118	0.0398898295	0.0526757851	-0.0396251535	0.0051938657	0.0060787248	0.1248473568	0.1248504179	-0.0135999881	0.003451895	-0.1511504125	0.0041647984	-0.0195566524	-0.0259290464	-0.0461743187	-0.0754726512	-0.0151733321	-0.0935731135	-0.0380949289	0.0231791116	0.0072522697	-0.0154437746	0.0663142039	0.0790985338	0.0259415177	0.0171388915	0.0439414124	-0.0460156199	0.045413948	-0.1257634834	-0.0211882635	0.0075371803	-0.0645126125	-0.0367826759	0.0265195758	-0.0839848456	-0.0718372561	0.0	0.0	0.0	0.1099587486237112	-0.0512170651172283	0.0026231877592224	0.0120909263988925	1.277706368587289	0.0200655441844759	1.632533564328517	0.0004026260634191	0.8509003892498299	0.0734687841114407	0.724031472425512	0.0053976622388134	0.0015531215044484	0.0004462397583073	1.9912992189424668e-07	2.412186407580061e-06	0.0017212501554901	-8.355538312489999e-05	6.981502049148822e-09	2.9627020977746937e-06	0.0016051655872936	-0.0007458410377758	2.576556562631608e-06	5.562788536304823e-07	0.0	0.0	0.0	0.0	0.0	0.0	0.0	0.0	0.0	0.0	0.0	0.0	0.0	0.0	0.0	0.0	0.0	0.0	0.0	0.0	0.0	0.0	0.0	0.0	0.0	0.0	0.0	0.0	0.0	0.0	0.0	0.0	0.0	0.0	0.0	0.0	0.0	0.0	0.0
520.3148741825383	-0.4834250741138248	270727.5682955907	0.233699802281957	775.9320289656433	0.4000759152642104	602070.5135747399	0.1600607379744956	581.5414475587468	-1.9380295612969576	3.7559585804608777	338190.4552287226	603.6237730432729	421.0108751331125	0.7883289999999998	26.735102	0.4385627573367271	0.1927800611309713	-0.1409689565	0.0385387183	-0.066211568	0.0459033037	0.0275064356	-0.114274114	0.0538347976	-0.0394214735	-0.0571652033	0.0121297054	-0.0489108479	-0.1269944954	0.0122892838	-0.0623827905	-0.032373538	-0.0104997903	0.0552456608	0.020904515	0.1102528149	-0.0384163693	0.1657196592	0.0445365415	0.114336858	-0.0094004009	-0.1493254917	0.1062964332	0.1333468395	0.0781488435	-0.0002135654	0.075636846	0.0741728752	-0.0531525875	-0.172370945	0.13161955	0.0205694179	-0.059479198	0.0431145272	0.1706614368	-0.0255374803	0.0453975558	0.01159243	-0.094793769	-0.0424363807	0.0338886242	-0.0433962137	0.020269617	-0.1262996146	0.0049323014	0.0580480332	-0.0801316298	-0.0257008689	-0.0242607573	-0.0770249966	-0.0702372955	-0.0718400093	0.0273923333	0.1016915827	0.0287580003	0.0751529287	0.0040181813	0.0267921508	-0.0371433334	-0.1150625701	-0.0541080822	0.0790122594	-0.013551792	-0.0669513709	-0.1541826393	0.0049000576	0.0595823643	0.0119075877	0.0169366472	-0.0195848118	0.0270378889	-0.0436829054	-0.1292382564	0.0929144274	0.1285698863	-0.0752271345	-0.1287407779	0.1545439315	-0.1207243218	0.1001833329	-0.0811248461	-0.0175409532	0.0240329257	0.0181540483	-0.0715640902	-0.1418988807	-0.0341444805	0.1313427722	-0.1271738367	-0.0273457247	-0.0565830977	-0.0708243955	-0.0207543317	-0.0801330762	0.0492756344	-0.0195768592	-0.0779585503	-0.1152328376	0.0493879499	0.2553054239	0.0950573212	0.2123535097	0.1722269041	-0.0250006483	0.0112263733	0.0046880812	-0.0294476017	-0.0652911532	0.0191908622	0.0645466391	-0.027319589	0.0778926916	0.0250801009	-0.0854961475	-0.068709175	0.0	0.0	0.0	0.0591653687332041	-0.0507933798905071	0.0025799674407013	0.003500540857336	1.1624053840272095	-0.1153009845600794	1.3511862768154443	0.0132943170405236	0.7797742152935143	-0.0711261739563156	0.6080478268366161	0.005058932621664	-0.0001929307008888	-0.0017460522053371	3.048698303762899e-06	3.722225534544361e-08	0.0011650108708682	-0.0005562392846219	3.094021417566832e-07	1.3572503292410815e-06	-0.0001193873013438	-0.0017245528886374	1.4253327722155309e-08	2.974082665707601e-06	0.0	0.0	0.0	0.0	0.0	0.0	0.0	0.0	0.0	0.0	0.0	0.0	0.0	0.0	0.0	0.0	0.0	0.0	0.0	0.0	0.0	0.0	0.0	0.0	0.0	0.0	0.0	0.0	0.0	0.0	0.0	0.0	0.0	0.0	0.0	0.0	0.0	0.0	0.0
522.2288810876014	1.9140069050630475	272723.00424200814	3.663422432629025	779.7140961139522	3.782067148308897	607954.0716787975	14.304031914317394	583.059951160395	1.5185036016482627	2.305853188218746	339958.9066471622	605.7566004893819	430.481634656371	0.8078459999999998	27.396988	0.226593097663015	0.1108539229332758	-0.1255877052	0.0315121755	0.0196006504	-0.0588258164	0.023009935	-0.0758458188	-0.0098602648	-0.0992116958	0.0179151984	-0.0373442274	-0.0669266636	-0.1139929264	-0.008527504	0.0804044734	-0.0075726604	0.1019531736	0.0777834683	0.0036039902	0.0317893158	0.0146378889	0.0279319283	-0.040645831	-0.021773392	-0.0741608017	-0.1772844758	-0.0414346978	0.0913625075	0.0896084403	-0.0329773849	-0.0113832734	-0.0889755496	0.0349982796	0.0460491976	0.0127702627	-0.0031907123	0.0557786721	0.0125932482	-0.0689992755	-0.0209404094	0.0754790903	0.040442418	-0.087483011	0.002056621	0.0314478679	0.0633163579	-0.0445669538	0.0568019562	-0.0876372775	0.0851715301	0.1611130578	-0.1215534107	0.0651153981	0.0133300741	-0.0845175418	-0.0767748682	0.0316468887	0.0249204345	0.0175708864	0.0104795922	-0.1721877836	0.0002101359	0.0377085209	0.014483298	-0.0788982538	0.0768664033	-0.0504782189	0.0626476415	-0.0018494928	0.0244586498	-0.0161209988	-0.0122175309	-0.0167747048	-0.0147536067	0.1490399999	-0.0252176721	0.0042749222	0.0642565624	0.1799134633	0.0320673819	0.0218740522	0.0483769564	0.1191849277	0.0562846583	-0.021401885	0.0384417838	-0.1381641564	-0.0432548505	-0.0179632565	0.0032491227	0.0683673479	0.0137099865	-0.1269289801	-0.0399762199	-0.0634398826	-0.0708307515	0.0127065293	-0.0216460273	-0.0131154942	-0.0857782679	-0.0686563855	0.0085184879	0.0189432392	0.0355769392	0.0208784732	-0.0264855786	0.0145663687	-0.0095887278	0.0384027543	-0.0313079934	0.015529063	0.0105660592	0.0369060993	-0.0045311193	-0.059899886	-0.0612997929	0.0236348494	-0.0869286846	-0.0654386837	0.0	0.0	0.0	0.0414264466473781	-0.0177389220858259	0.000314669356767	0.001716150481828	1.244858576614945	0.0824531925877354	1.5496728757717868	0.0067985289679101	0.7370368290763878	-0.0427373862171265	0.5432232874149765	0.0018264841806718	-0.0011779908187527	-0.0009850601178639	9.703434358060407e-07	1.3876623690656563e-06	0.0005650188878147	-0.0005999919830535	3.599903797284714e-07	3.1924634358736057e-07	-3.116746681465802e-05	8.821983452914198e-05	9.714109876428092e-10	7.78273920434919e-09	0.0	0.0	0.0	0.0	0.0	0.0	0.0	0.0	0.0	0.0	0.0	0.0	0.0	0.0	0.0	0.0	0.0	0.0	0.0	0.0	0.0	0.0	0.0	0.0	0.0	0.0	0.0	0.0	0.0	0.0	0.0	0.0	0.0	0.0	0.0	0.0	0.0	0.0	0.0
522.4060879394435	0.1772068518421292	272908.1207161936	0.0314022683397983	779.523625585768	-0.190470528184278	607657.0828463805	0.0362790221067978	583.3719753636088	0.3120242032138094	0.0973591033912126	340322.861639639	605.7318498580182	434.2333043697577	0.707497	23.993809	0.1259192983214491	0.0612801283122668	-0.128772044	0.0242378903	0.0560525041	-0.0339435739	0.0080346903	-0.0800417245	0.0753504641	-0.0450098798	-0.0160132826	0.0340571438	-0.0821493494	-0.0945110771	-0.0117786685	0.0069755824	-0.0616261846	0.0852803049	-0.0598932963	-0.0163140239	0.0046582121	0.035066364	-0.0065116853	0.1461405521	-0.1450298789	-0.0529572917	0.0426023956	-0.0529729047	-0.1042006181	-0.019150064	-0.0161865063	0.0145726901	-0.0228409627	0.0558366628	0.0912930989	0.0365786348	0.0371305701	-0.025092975	-0.0055587035	0.1001553338	0.1845285248	-0.0380529679	-0.0916972759	-0.0438525006	0.0035450597	-0.0297272557	-0.084132495	-0.0519428147	0.0190829879	-0.0609712593	0.0723588745	-0.0074622	0.0668574046	-0.0090143655	-0.0448277775	-0.0871768648	-0.0451292366	0.0108490204	0.0664479697	0.0612380103	0.0190172776	-0.0810483076	0.0130758931	-0.0263546799	0.037181042	-0.0108673664	0.0761191875	0.0080142366	-0.0769315866	0.1403668947	-0.0185514206	-0.0056314737	-0.0705720535	-0.0384967025	0.1028405184	-0.0413640552	-0.0579844232	0.0615646802	-0.0884690997	0.0216401473	-0.078157612	-0.0188174659	0.0286651775	-0.0958618843	-0.0169163663	0.0107172723	0.1253504064	0.0618066482	-0.1363933023	0.0145071293	0.0478235792	-0.0430815188	0.0060064702	-0.1334318897	-0.0404891121	-0.0439263257	-0.0671934678	0.0496146834	-0.0235276945	0.0363842294	-0.0199501633	-0.0293724615	-0.0771061284	0.0305830346	-0.0312712977	0.0332139307	-0.0443457009	-0.014439759	-0.0322161247	-0.0045475835	-0.0187544572	0.0444101961	-0.0045160008	0.0937391557	0.0601825341	-0.0587471121	0.0109708895	0.022184154	-0.0882811372	-0.0620325607	0.0	0.0	0.0	0.0385928373889896	-0.0028336092583884	8.029341429225018e-06	0.0014894070977329	1.2756236141393489	0.0307650375244039	1.6272156049499344	0.0009464875338779	0.7527456545403766	0.0157088254639887	0.5666260204294199	0.000246767197458	-0.0019391943976291	-0.0007612035788764	5.794308884942396e-07	3.760474911796088e-06	0.0008500597615233	0.0002850408737086	8.124829968456206e-08	7.226015981610497e-07	0.0004548246020937	0.0004859920689083	2.068654186696925e-07	2.361882910418262e-07	0.0	0.0	0.0	0.0	0.0	0.0	0.0	0.0	0.0	0.0	0.0	0.0	0.0	0.0	0.0	0.0	0.0	0.0	0.0	0.0	0.0	0.0	0.0	0.0	0.0	0.0	0.0	0.0	0.0	0.0	0.0	0.0	0.0	0.0	0.0	0.0	0.0	0.0	0.0
520.3456088014923	-2.060479137951233	270759.5525989956	4.245574277932258	776.326058471412	-3.197567114355934	602682.1490617582	10.224435450810534	582.895407745457	-0.4765676181518756	0.2271166946709519	339767.0563707425	605.1599987530318	430.1539580896645	0.697272	23.647043	0.2159944081390135	0.1492603126653961	-0.1160135534	0.029999225	0.0156171193	-0.0654726621	0.0386033499	-0.0857654188	0.0216117712	-0.0436946118	0.0590076085	0.0317779058	-0.0568348037	-0.1021253973	0.0017443436	0.0804158092	-0.070792029	0.0360829621	0.0315613379	0.0340729207	0.0717155625	-0.0209548168	-0.0335262403	0.0186876694	-0.0645341837	-0.02065769	-0.0075683354	-0.0179748427	-0.0119115408	0.0531871938	0.0770670154	-0.0323717891	0.1239979004	-0.0021972984	0.0197739699	-0.0016278019	-0.0911979326	-0.0867566095	-0.01824705	0.0209789359	0.0079557797	0.0970967538	-0.0693539157	-0.0667900522	-0.0616921153	-0.007187894	-0.1297991338	-0.0754574411	0.1414474314	0.0398834861	-0.0005989016	-0.057753116	-0.0317664247	-0.0142890158	-0.054296709	-0.0733888597	-0.0620748519	0.0182515749	0.0426348865	0.0189302127	-0.0294811656	-0.1088178434	0.05395357	-0.0033737149	-0.0378234245	-0.0677464458	0.0158215599	-0.0382102799	-0.0135401046	0.0359576658	-0.0117399646	-0.0653916931	0.0006489666	-0.0275909737	0.0251017326	0.0233257639	-0.078057994	0.02566329	0.0757215472	-0.0679571421	-0.0629830285	-0.0731145886	0.0181707082	0.0245099688	0.0576024696	0.0285087103	-0.0011968757	0.0991050597	-0.0616677983	0.0165525929	-0.101176244	0.0023262053	0.0005969831	-0.1129113538	-0.0351986343	-0.0758034901	-0.0703304191	-0.0073329076	-0.0063916195	0.0112541224	-0.0960962632	-0.0438617639	-0.0384791017	-0.0055893601	-0.0168275185	0.0408930825	-0.0293320231	0.0011897248	0.0005966149	0.0200073919	-0.062162294	0.05530102	-0.0357628894	0.0445043256	0.0176630039	-0.0625706853	0.0457257372	0.020728349	-0.0895522592	-0.0584978657	0.0	0.0	0.0	0.0467074160779361	0.0081145786889464	6.58463872991046e-05	0.0021815827166774	1.1339368056917465	-0.1416868084476024	1.2858126793024016	0.0200751516880675	0.738324308737532	-0.0144213458028445	0.5451227848727545	0.0002079752147652	-0.0012521142634697	0.0006870801341594	4.720791107564992e-07	1.567790128784269e-06	0.0005027161105148	-0.0003473436510085	1.2064761189591472e-07	2.527234877711286e-07	0.0004538148832692	-1.009718824499981e-06	2.059479482766376e-07	1.0195321045496234e-12	0.0	0.0	0.0	0.0	0.0	0.0	0.0	0.0	0.0	0.0	0.0	0.0	0.0	0.0	0.0	0.0	0.0	0.0	0.0	0.0	0.0	0.0	0.0	0.0	0.0	0.0	0.0	0.0	0.0	0.0	0.0	0.0	0.0	0.0	0.0	0.0	0.0	0.0	0.0
520.0720661611234	-0.2735426403688734	270474.9540010999	0.0748255760999748	777.3008101056193	0.9747516342073368	604196.5493908521	0.9501407483898736	582.8078862492193	-0.0875214962376276	0.007660012303673	339665.032274283	604.9275075568528	431.07770491001855	0.733025	24.859545	0.4415510142281755	0.2288114133587889	-0.1259750429	0.0388969908	0.0476400951	0.0552465134	0.0133887958	-0.1103314783	0.0879249401	-0.018419371	0.0365164166	0.0420494964	-0.0700723071	-0.1232094923	-0.0313223496	-0.030108802	-0.0319076504	0.066265895	0.06029033	-0.0500872977	0.0515829707	-0.0121561249	0.0103026981	0.0595840356	0.0864435798	0.1158394003	0.0417366801	0.0516349837	0.0015637123	-0.0606679531	0.081452101	0.0644632851	0.0694040996	0.077433617	-0.0766402356	0.0087519509	-0.0100720712	-0.0159000782	-0.0153418388	0.0629884481	-0.0237320518	-0.0451923105	-0.0979880975	0.0833355381	-0.0371759389	0.1713122891	-0.0949447463	0.0054096169	-0.0643899488	-0.0255269585	-0.0347008156	0.1639355704	0.0134481359	0.0502780956	0.0418704984	-0.0878185523	-0.0493830038	0.0637119579	0.0995912895	0.0727178415	-0.0271986252	-0.0203601076	0.0317599664	0.1004380121	-0.0831528043	0.0769298177	0.0012251595	-0.1168208604	-0.0436115602	-0.0263638389	-0.0065302769	-0.0398907245	-0.0170056297	0.044450053	-0.0768260604	-0.0723168744	-0.0141209913	-0.031385288	0.0253792246	-0.1382056879	-0.1632822788	-0.0642942345	-0.0404734236	-0.0904978726	0.0219120724	-0.0588039798	0.0735844697	0.0282922849	-0.0413633815	-0.1028637219	0.0604540424	0.0368652831	0.0195635703	-0.1322970195	-0.0538313638	-0.0320848116	-0.1116495713	0.0385301688	-0.0181507681	0.0095667996	-0.0169589298	-0.022500238	-0.0058474034	-0.0397974244	-0.081581645	-0.0300697818	0.1129331439	0.0306027142	-0.0139750373	-5.88053e-05	-0.0256832222	0.0016446873	-0.0461737112	0.0067382473	0.0531124089	0.0283195601	-0.045317049	0.0192677695	-0.0907408796	-0.054841925	0.0	0.0	0.0	0.0183758876322457	-0.0283315284456903	0.0008026755040689	0.0003376732462729	1.275466257765146	0.1415294520733996	1.626814174697426	0.0200305858041967	0.8747238825634724	0.1363995738259404	0.7651418707269155	0.0186048437398981	-0.0031530664032924	-0.0019009521398226	3.6136190378965017e-06	9.94182774357127e-06	0.000979802887109	0.0004770867765942	2.276117924010442e-07	9.60013697587132e-07	0.0001260446020232	-0.000327770281246	1.5887241699186873e-08	1.0743335726808198e-07	0.0	0.0	0.0	0.0	0.0	0.0	0.0	0.0	0.0	0.0	0.0	0.0	0.0	0.0	0.0	0.0	0.0	0.0	0.0	0.0	0.0	0.0	0.0	0.0	0.0	0.0	0.0	0.0	0.0	0.0	0.0	0.0	0.0	0.0	0.0	0.0	0.0	0.0	0.0
518.1394270984334	-1.9326390626899863	268468.4659138928	3.7350937466352296	773.9704652641252	-3.3303448414941386	599030.2811011665	11.09119676326662	581.1607448852922	-1.647141363927176	2.7130746727598773	337747.8113956276	603.9378156818327	422.9973468372883	0.703958	23.873768	0.2883898576932959	0.1490219375486225	-0.1079834212	0.0773459975	0.0019290218	-0.0058088075	0.0473931804	-0.0730085152	0.0860131802	-0.0080455337	0.0276163451	0.055006495	-0.0305693907	-0.1510627118	0.0024412409	-0.0083921347	-0.0267549618	0.0777374461	0.0389165361	-0.0270203403	0.0035301383	-0.0261087085	-0.0267740107	0.0247640972	-0.0256383915	0.0827629132	0.0464925415	0.0089763318	-0.0370517485	0.00705095	-0.0623795102	0.0939977395	0.052276649	-0.0092262367	-0.0701591394	0.0366522763	0.002046888	0.0307285225	-0.0200519604	0.035656043	0.0122422144	-0.0193917453	-0.0859265193	0.0303873212	-0.0484812761	0.0027202839	0.0535576527	0.0283198609	0.0479801238	-0.0107338894	0.0036540075	-0.0324093867	0.0463739752	0.0538725869	-0.079425518	-0.0547987338	-0.0651622214	0.0234509883	0.1205686748	0.0609501764	-0.0037219004	-0.0909982943	0.0637139609	0.0853804174	-0.0412604751	0.0660530414	0.016456671	-0.0514592442	0.0153177897	0.0050005798	-0.0132577758	-0.0646998594	-0.02794047	-0.0439370847	0.0660238754	-0.0081572631	0.0428845728	-0.009751638	-0.0285537699	-0.0578809754	0.0235385698	0.0102691213	-0.0014206815	-0.1216336881	0.0694515711	0.0698921762	-0.0281843836	0.0245826852	0.0489052978	-0.034561043	0.0776587979	-0.0204538379	-0.049098913	-0.1089889366	-0.0444573033	-0.0604642934	-0.091580192	0.0098901142	-0.0157652439	-0.0150145276	-0.0244355566	-0.0353948338	-0.0484048223	-0.0474021635	-0.0422747839	-0.0255154029	0.0839017997	-0.036692303	0.0138449959	0.0244092923	0.0739856355	0.0338381987	-0.0347432327	0.0164010205	0.0035208086	0.0281869872	-0.0248986331	0.0178027522	-0.0918459034	-0.051072316	0.0	0.0	0.0	0.0380019276270644	0.0196260399948186	0.0003851814458782	0.0014441465033726	1.209832071394132	-0.0656341863710141	1.463693640973816	0.004307846420585	0.7859106670190243	-0.0888132155444481	0.6176555765342877	0.0078877872553445	-0.0014494320886386	0.0017036343146537	2.902369878065922e-06	2.1008533795752544e-06	0.0007121372961	-0.000267665591009	7.164486861019728e-08	5.071395284966191e-07	-0.0001889838079743	-0.0003150284099975	3.57148796764671e-08	9.924289910555297e-08	0.0	0.0	0.0	0.0	0.0	0.0	0.0	0.0	0.0	0.0	0.0	0.0	0.0	0.0	0.0	0.0	0.0	0.0	0.0	0.0	0.0	0.0	0.0	0.0	0.0	0.0	0.0	0.0	0.0	0.0	0.0	0.0	0.0	0.0	0.0	0.0	0.0	0.0	0.0
519.3824620582585	1.2430349598250814	269758.1418936984	1.5451359113473415	775.3824099546288	1.4119446905035602	601217.881667048	1.9935878090411945	582.0280686142303	0.8673237289381177	0.7522504507791214	338756.6726548112	604.4602311869137	423.0888491169833	0.687074	23.30118	0.0329061788940505	0.0154414726042306	-0.1195468399	0.0840557967	0.0022832951	-0.0544138786	0.0298391932	-0.0985703343	0.0287768689	-0.0374527514	-0.0028148998	-0.027862147	-0.0422182627	-0.1378049195	0.0003138462	0.0823691107	-0.0201788616	0.0660726148	0.0916379932	0.0264766308	0.0333496657	-0.0175438534	-0.0046779196	0.0141141982	0.0609290375	-0.0894209219	0.0072676139	-0.0067314585	-0.0377641152	0.0503354655	0.0079187827	-0.0544711109	-0.0030677668	-0.0517522375	-0.0419391028	0.0785304084	-0.1510534496	0.0012685923	-0.061889882	-0.1029569552	-0.0789538951	-0.0926908872	-0.0408258573	-0.145902321	-0.0056563981	-0.0304473867	0.05811014	0.0212744659	0.0270395311	-0.0143543854	-0.0604839291	0.0291974074	0.0417022834	0.0385215199	-0.0251850548	-0.067209091	-0.0810729676	0.0419546556	0.0411745033	-1.53432e-05	0.0547398074	-0.0961669984	0.0536749828	0.0398121388	0.0190244301	-0.0301973084	0.110309529	-0.0085042254	-0.0477939963	-0.0245562665	-0.0138334823	-0.0804355573	0.0088103214	-0.0162931003	0.0303339659	0.0030499487	0.0065858948	0.0494541123	0.0134728234	0.0818841509	-0.019081038	-0.0222495433	0.0514162911	0.1084387386	0.0592623661	-0.0805829481	-0.0404092183	0.0224437067	0.0188720683	-0.0034170667	0.028497621	0.1445085496	-0.1504295313	-0.1097809164	-0.0484783572	-0.0493821853	-0.0938553024	0.0118810255	-0.001541979	-0.0065030931	-0.0534859674	-0.0632760855	-0.0162851368	-0.0068801267	-0.0533203776	-0.0059541899	0.0549495366	0.0088757995	-5.15518e-05	-0.0630071392	0.0107200377	-0.0406966583	0.0477091863	-0.0561065231	-0.0155126019	0.0024402869	-0.0004533367	0.0163336343	-0.0928663126	-0.0471968518	0.0	0.0	0.0	0.0375690409132261	-0.0004328867138383	1.873909070177234e-07	0.0014114328351396	1.2041303397625145	-0.0057017316316174	1.4499298751365886	3.25097435989872e-05	0.7924071283005105	0.0064964612814861	0.6279090569814617	4.220400918184902e-05	-0.0015789763242806	-0.0001295442356419	1.6781708988070008e-08	2.4931662326386743e-06	0.0005260783225327	-0.0001860589735673	3.461794164491725e-08	2.767584014388195e-07	-9.908503184142876e-05	8.989877613287124e-05	9.817843535016953e-09	8.0817899501881e-09	0.0	0.0	0.0	0.0	0.0	0.0	0.0	0.0	0.0	0.0	0.0	0.0	0.0	0.0	0.0	0.0	0.0	0.0	0.0	0.0	0.0	0.0	0.0	0.0	0.0	0.0	0.0	0.0	0.0	0.0	0.0	0.0	0.0	0.0	0.0	0.0	0.0	0.0	0.0
521.4643377797224	2.0818757214639163	271925.0555760444	4.334206519620902	777.5914524814539	2.209042526825101	604648.4669722171	4.879868885321828	582.7432347121284	0.7151660978980772	0.5114625475827621	339589.67760275473	605.2094976393903	431.3375540286243	0.730078	24.759584	0.3486907846126751	0.2124859489907581	-0.1053859101	0.0456932849	0.0862984693	-0.033252924	0.0125399419	-0.1206102948	0.0178379134	-0.0485963105	0.036925491	-0.0144784543	-0.0607029708	-0.1251725738	-0.0287555514	0.0326291289	0.0650242855	0.0891357101	0.0848363369	-0.0444171303	0.0032791287	-0.0118247954	-0.0488986928	-0.0286811921	-0.0489033767	0.1157849963	0.0714003997	-0.0238180986	-0.0324620151	0.0086077504	0.0502769852	0.0011991406	0.0650568668	0.0492694649	0.0840883737	0.0047822685	0.0004009001	0.0338648104	-0.093357416	-0.0035436008	0.0487570562	0.0504734699	0.0394803865	0.0389712306	0.0354100765	-0.0785349257	0.0353740569	-0.013819294	-0.0055537375	0.0493907905	0.1135872531	0.0432864269	0.0206059704	0.0140468859	-0.064099917	-0.085340234	-0.0709658304	0.0646463929	0.035004881	-0.0160530702	0.0293997808	-0.0933737992	-0.025183837	0.047817458	0.0943482142	0.0324431656	0.1101011025	-0.0854179643	0.0590060782	0.0495036091	0.0106312867	-0.0263946896	0.006763253	0.0274068268	0.0072641877	-0.0397510551	-0.0035762501	0.0780272482	-0.0184963571	-0.0258031435	-0.0532557104	0.0424341984	-0.0115135304	-0.0238252733	-0.0215245363	-0.0028908678	0.0391929843	0.0074033867	0.0795374765	0.0797554162	0.0236469979	-0.1233203321	-0.0200170362	-0.1233653781	-0.0577686431	-0.0085948546	-0.1021052077	0.0764513282	0.0158342994	0.009490463	-0.029366453	-0.0403073869	-0.006777872	0.0150351013	-0.0495013916	-0.034666349	0.0066727673	-0.0961155452	-0.082201328	-0.023806671	0.062784743	-0.0946632463	-0.0384197786	-0.0183176045	0.0914553301	0.0706518539	-0.0598610336	0.0148607543	-0.0938011671	-0.043223565	0.0	0.0	0.0	0.0298755382272304	-0.0076935026859956	5.9189983579422985e-05	0.0008925477843667	1.364252934506652	0.1601225947441376	1.8611860693100115	0.0256392453475953	0.827823488146791	0.0354163598462804	0.6852917275275202	0.0012543185447612	-0.0040390689557513	-0.0024600926314707	6.052055755416433e-06	1.6314078029313896e-05	0.0007011497449773	0.0001750714224445	3.065000295677558e-08	4.916109648817328e-07	0.0001749174609685	0.0002740024928099	3.0596118151666725e-08	7.507736606605505e-08	0.0	0.0	0.0	0.0	0.0	0.0	0.0	0.0	0.0	0.0	0.0	0.0	0.0	0.0	0.0	0.0	0.0	0.0	0.0	0.0	0.0	0.0	0.0	0.0	0.0	0.0	0.0	0.0	0.0	0.0	0.0	0.0	0.0	0.0	0.0	0.0	0.0	0.0	0.0
521.0516980153056	-0.4126397644167809	271494.87200463325	0.1702715751779364	775.2813825272677	-2.310069954186133	601061.2220933917	5.336423193233523	582.7840780897948	0.0408433776664196	0.0016681814992017	339637.28167497204	604.058123604196	424.8512184330768	0.685954	23.263186	0.2120677748573248	0.1800046571572071	-0.1095053859	0.056413415	0.0341265155	0.0009269511	0.015809682	-0.1245541573	-0.0067687327	-0.015314383	-0.0869688953	-0.0311267178	-0.0531363669	-0.1101564827	-0.0353786381	0.0429656284	0.0411353212	0.0665817963	0.0483546254	0.1010778698	0.0934198583	-0.0057526878	0.0412044487	-0.0133440508	0.0720151514	0.0372140535	0.0441108591	-0.003183157	-0.0698043454	-0.0620949629	0.0271903932	0.0032972837	-0.0162694351	-0.0330042071	-0.0867447575	0.034287409	0.0692561601	0.0033686516	0.1250846832	-0.0194371984	0.0065242165	0.0505270733	0.0361839442	0.0540167437	0.0595499438	0.0404226014	-0.0771647623	0.0419089538	0.0040931154	-0.0748486706	0.0322130742	-0.0610200399	0.0002357456	-0.0319823623	-0.0431466235	-0.0728159128	-0.0868668721	0.0588530911	0.026526077	-0.002569324	0.0870143628	-0.0776927238	-0.0479537612	-0.0088650664	-0.0367025446	-0.080369674	0.096301818	-0.0539453882	-0.0485003186	0.0109212183	-0.0699208792	0.0257495653	0.0950279496	0.0505631066	-0.054112854	-0.0578565086	0.0558013203	-0.029566204	-0.0271533075	0.0235019306	0.027747359	-0.0128430203	-0.071201595	-0.0014792604	0.0479161786	0.0505242486	-0.0387395956	0.0551006479	-0.0238417402	-0.0252181047	0.017129877	0.0088681064	0.0784186199	-0.1038057901	-0.0466735115	-0.0421981657	-0.1051931419	0.0582291352	0.0266938592	0.0431701595	-0.0352496318	-0.0399254118	-0.1006609724	-0.0141214307	-0.0401988373	0.0705339888	-0.0085833619	-0.0577060686	-0.0780283762	0.0135183121	-0.0016729237	-0.0363412303	0.0415336493	0.0015683014	0.021920205	0.031109701	-0.026557629	0.0133844514	-0.0946496056	-0.0391606907	0.0	0.0	0.0	0.0422879032779803	0.0124123650507498	0.000154066806153	0.0017882667636478	1.1860110541842914	-0.1782418803223606	1.4066222206473342	0.0317701679008507	0.8280242255785453	0.0002007374317543	0.6856241181449496	4.02955165073144e-08	-0.0040591016950416	-2.0032739290299677e-05	4.013106434731162e-10	1.6476306570689586e-05	0.0010931748389961	0.0003920250940187	1.5368367434044898e-07	1.195031228614149e-06	0.0001627194532284	-1.2198007740099976e-05	2.6477620458949462e-08	1.4879139282753895e-10	0.0	0.0	0.0	0.0	0.0	0.0	0.0	0.0	0.0	0.0	0.0	0.0	0.0	0.0	0.0	0.0	0.0	0.0	0.0	0.0	0.0	0.0	0.0	0.0	0.0	0.0	0.0	0.0	0.0	0.0	0.0	0.0	0.0	0.0	0.0	0.0	0.0	0.0	0.0
521.6898930557346	0.6381950404289682	272160.3445165038	0.4072929096281324	780.0011792656971	4.719796738429409	608401.8396558783	22.276481252088885	583.0833870818996	0.299308992104784	0.0895858727547816	339986.2362909003	604.3784458285472	428.0445605030591	0.710659	24.101023	0.258747043271542	0.1500680863956451	-0.1086724497	0.049269121	0.0450138143	0.0099086128	-0.0064872077	-0.1041030842	-0.0422587126	-0.1122760582	-0.0200029443	-0.0827864495	-0.0570343733	-0.107812038	-0.0267008101	0.0837656942	0.0219931032	0.0087418957	0.0646670923	0.0964302222	0.0806792226	0.0053336887	0.0385223404	-0.126668668	0.0129999084	0.0656576337	0.004159422	-0.0256895157	-0.0938700352	-0.0541894452	0.0427765978	0.0378267142	0.0778854998	0.0496428479	0.0489435326	0.0716054398	0.1122705912	-0.0279313869	0.0314271671	0.0381806638	0.0621769027	0.025643112	-0.0256769975	-0.0428660536	-0.0599324303	-0.0518461939	0.0283293247	0.0815411482	-0.0918423338	0.0431233089	0.0274058253	0.0114630521	-0.0610003314	0.0016988395	-0.0379612221	-0.0636635527	-0.0802537652	0.0394853709	-0.0006612518	-0.0123267805	-0.0006982331	-0.1203051906	-0.013674031	0.0397063799	-0.1012864904	-0.0319459266	0.020081197	-0.033236491	0.0481859097	-0.0014165581	-0.0777374316	0.0328731995	0.0825847055	0.0102629001	-0.0436882997	-0.0114307255	0.056430693	0.0673193168	0.0404394372	0.04364986	-0.0716498293	-0.0222113828	0.0502841007	-0.1108650626	-0.06544522	0.0728575169	0.0524100564	0.02336708	0.0155034266	0.0758783284	0.0478208065	-0.0282872031	0.0464054709	-0.1033772948	-0.0463168373	-0.0402469096	-0.1012000476	0.0298022885	-0.0017373925	0.0059165934	-0.0701191805	-0.0334082822	0.0271810415	-0.0789162207	-0.0593821687	0.0148710531	0.0552756089	0.0558883306	-0.0252605302	0.0298718585	-0.0116428405	-0.050644156	0.0044613943	-0.0176538346	-0.1140154476	0.0195467382	-0.0741380415	0.0119050657	-0.0954108466	-0.0350166499	0.0	0.0	0.0	0.0332871457414398	-0.0090007575365404	8.101363623159057e-05	0.0011080340716118	1.2244531939609544	0.038442139776663	1.4992856242011827	0.0014777981106084	0.7822261839220204	-0.0457980416565249	0.6118778028132065	0.0020974606195727	-0.0014570067583184	0.0026020949367231	6.770898059720512e-06	2.122868693785493e-06	0.0005259839067577	-0.0005671909322383	3.217055536134652e-07	2.7665907016809285e-07	2.1883236153726667e-05	-0.0001408362170746	4.788760245597699e-10	1.9834840039904517e-08	0.0	0.0	0.0	0.0	0.0	0.0	0.0	0.0	0.0	0.0	0.0	0.0	0.0	0.0	0.0	0.0	0.0	0.0	0.0	0.0	0.0	0.0	0.0	0.0	0.0	0.0	0.0	0.0	0.0	0.0	0.0	0.0	0.0	0.0	0.0	0.0	0.0	0.0	0.0
521.7338331117861	0.0439400560514968	272206.1926135171	0.0019307285258086	778.9372982114379	-1.063881054259241	606743.3145449345	1.131842897611754	583.9888825610888	0.9054954791891988	0.8199220628320766	341043.0149549491	605.5872917487973	433.40492191181977	0.735172	24.932365	0.2312712654942405	0.1898472732664227	-0.0964329554	0.0391519667	0.1052107061	-0.042376796	-0.0076404951	-0.0782549027	0.0346799081	-0.0387170783	-0.0888511861	-0.0414875813	-0.0773099753	-0.0657565921	-0.0227636011	0.053351723	-0.0381812611	0.1470937532	0.0635638679	0.0197152124	-0.0262559959	-0.0181332845	0.0684328618	-0.0440876088	0.0031506407	0.0813994178	0.1072164668	0.0425010643	-0.0821292824	-0.0923082185	0.0477544027	0.0660235821	-0.009997801	-0.0007245294	-0.015579887	-0.0845711309	0.0377193603	0.0052521056	-0.002998591	0.0401961322	0.0343056031	-0.0240218794	0.0350213292	0.0337725597	0.035280528	-0.0904962845	0.0092307663	-0.0277053314	-0.0015465001	-0.0148624506	-0.0232717332	-0.0761035158	-0.1227204015	0.0056937921	-0.0650258222	-0.0743044906	-0.0400144968	-0.0033367263	0.0153055758	0.0953480455	0.0438501206	-0.0988027295	-0.0113076547	0.1159003507	-0.0344070928	0.0360217954	0.1218953071	-0.0071416819	-0.0215589082	-0.0454910315	-0.0486744488	0.0599246813	-0.0064692028	0.0206759198	-0.0104208312	-0.0745419499	0.0004348029	0.0733782096	-0.0088679181	-0.0677631861	-0.0266648136	0.0606617805	-0.078953772	-0.0410834455	-0.0403356924	0.0065420631	0.0660649955	0.0036973926	0.0388009781	0.023550732	-0.0357870376	-0.128348232	0.0527006757	-0.1017373185	-0.0636391622	-0.0379358549	-0.1153042887	0.0767819492	0.0414570771	0.0353104851	-0.0068766015	-0.0054177496	-0.0662015829	-0.0565343578	-0.0941314987	-0.0338304302	0.0690343798	-0.0250683965	-0.0597403923	-0.055220262	0.0703831539	-0.0578635558	0.0158871479	0.044086884	-0.0132313326	0.056458862	0.0049240666	0.0104229379	-0.0960841886	-0.0308000317	0.0	0.0	0.0	0.0189296528654665	-0.0143574928759733	0.0002061376016836	0.000358331757607	1.2260592585372765	0.001606064576322	1.503221305444976	2.5794434233165704e-06	0.8114311159138623	0.0292049319918419	0.6584204558732158	0.0008529280526481	-0.0050880344789009	-0.0036310277205824	1.3184362307638544e-05	2.5888094858484352e-05	0.0005928867447064	6.690283794869999e-05	4.475989725590011e-09	3.515146920485519e-07	4.6008198624592194e-05	2.4124962470865527e-05	2.116754340679927e-09	5.8201381422067e-10	0.0	0.0	0.0	0.0	0.0	0.0	0.0	0.0	0.0	0.0	0.0	0.0	0.0	0.0	0.0	0.0	0.0	0.0	0.0	0.0	0.0	0.0	0.0	0.0	0.0	0.0	0.0	0.0	0.0	0.0	0.0	0.0	0.0	0.0	0.0	0.0	0.0	0.0	0.0
521.0925331436376	-0.6412999681484735	271537.4280980531	0.411265649147233	776.7605854614436	-2.1767127499942944	603357.0071264047	4.738078395987723	584.275787449182	0.2869048880932041	0.0823144148117739	341378.1957993617	605.8492192127666	429.1596327093439	0.732491	24.841448	0.3662121864092283	0.2088703644682443	-0.0748440213	0.0519412223	0.0599726184	-0.0954238555	0.0246353327	-0.0616482918	0.0218520382	-0.0721643968	0.0391917864	-0.0056979518	-0.0631982009	-0.0319995096	-0.0262079028	0.0371774679	-0.1481271054	0.0251888569	0.1077688692	0.0358076287	0.0335433667	-0.0912188167	-0.025590584	-0.0087599071	0.0401055991	-0.0441485587	0.0237476197	-0.0637924775	0.1792998734	-0.0030836737	-0.0334856772	-0.0340902616	0.1133719429	0.097349662	0.0460795577	-0.0209406889	0.0107465659	0.1541407774	0.0365874235	-0.0459596142	-0.0407845672	-0.0219364679	-0.1029732382	-0.0523038395	-0.0774802399	0.044517566	-0.0635930853	0.1160917466	-0.0645236237	0.0394560683	0.0208359447	-0.0340117058	0.0775565371	0.0131276692	0.0430489246	-0.0586729538	-0.0405504485	0.0068036804	-0.0207388778	0.0444209999	-0.0776136046	-0.0732596086	0.0428910699	-0.027844141	0.0254822713	-0.0539335331	0.1122046966	-0.0081111613	0.0070677358	-0.0205127415	0.0160413233	-0.0475000924	0.1128930919	-0.0312800972	-0.1566948609	0.1421935314	-0.0505008019	0.0380370901	-0.0326572856	-0.037504233	-0.0415889204	0.1519014105	-0.0093660787	-0.0134090915	-0.0029727375	0.0475056732	-0.0460808686	0.0843793355	0.08254417	-0.0689493875	-0.0175161788	0.1087207189	-0.0107784918	-0.0741092886	-0.0453096654	-0.0732679674	-0.1111399041	0.0043415733	0.0549840703	0.0233941529	-0.063010965	-0.0295892851	-0.0500639463	-0.0230572538	-0.0403661081	0.0077712333	0.0127703495	-0.069343369	-0.0075275736	-0.0375925757	0.0416371015	-0.0629082479	-0.0226132255	-0.0503771494	-0.0269577764	0.029815734	0.0335475826	0.0089384093	-0.0966690114	-0.0265195758	0.0	0.0	0.0	0.0275846130053452	0.0086549601398787	7.490833502288916e-05	0.0007609108746546	1.085341349049756	-0.1407179094875204	1.1779658439571443	0.0198015300505379	0.739873045188773	-0.0715580707250893	0.5474121229969081	0.0051205574858968	-0.0026089973974591	0.0024790370814418	6.145624851163477e-06	6.806867419948357e-06	0.0002240149894079	-0.0003688717552984	1.3606637185699645e-07	5.0182715479421553e-08	-1.170788576990568e-05	-5.7716084394497874e-05	1.3707458920115994e-10	3.331146397832801e-09	0.0	0.0	0.0	0.0	0.0	0.0	0.0	0.0	0.0	0.0	0.0	0.0	0.0	0.0	0.0	0.0	0.0	0.0	0.0	0.0	0.0	0.0	0.0	0.0	0.0	0.0	0.0	0.0	0.0	0.0	0.0	0.0	0.0	0.0	0.0	0.0	0.0	0.0	0.0
522.2681323688959	1.1755992252582246	272764.00208809454	1.3820335384277378	777.484430792736	0.7238453312924094	604482.0401251047	0.5239520636338179	584.1185782501317	-0.1572091990502713	0.0247147322660278	341194.5134569552	605.3347276781426	427.852758462102	0.730767	24.782955	0.4461563391682722	0.2365991484459	-0.0974288298	0.0414779536	0.0854313178	-0.0286716198	-0.0209482424	-0.1143856789	0.0224504832	-0.0269998714	-0.0546062916	-0.0704901069	-0.0869352875	-0.0414730563	-0.0494141933	0.0015757434	-0.031953832	0.0843072378	0.0965711285	-0.0167936777	0.0023712256	-0.0003785123	-0.0370661403	-0.0214660115	0.0668487129	0.0163048981	0.0618006957	-0.0396041215	0.0614128958	0.0073436928	-0.0342729719	-0.0746529238	0.0883781575	0.0470397701	0.0529237091	0.1135420549	-0.0520006167	0.182741674	0.0697983138	-0.0318220296	-0.0069741773	0.0262396151	0.0463393567	0.0517476397	-0.0259979759	0.0360508942	0.0736141572	-0.1001067779	0.0169459729	-0.029599819	-0.0813872633	-0.0219413168	-0.0482221135	-0.0180401644	-0.013966079	-0.0949437502	-0.0322067177	0.0421964469	0.0036333157	0.0584509029	0.0089021656	-0.0069863596	-0.0299015838	0.0449907625	0.02246546	-0.0606631101	0.1151616049	-0.0298094502	-0.0432466413	-0.0126338904	0.006710641	-0.0359412425	0.0187627812	0.047894122	-0.1087243656	0.0519606957	0.0883756511	0.0323358838	0.0311458599	-0.0010605166	0.0607015151	0.0870740723	-0.0070485872	-0.0232407387	0.0365300933	0.0475638391	-0.0015111215	0.0227602594	0.1115377299	-0.0728417602	0.0508366799	0.021270978	0.0446727577	-0.0973397746	-0.0531009328	-0.0086486586	-0.1421148877	0.0463927763	0.0931112079	0.0381348087	-0.0395857938	-0.0736085946	-0.0315747659	0.0257234039	-0.0872103367	0.0495140139	0.0221858903	-0.1054915707	-0.0554039721	-0.0239514965	0.0069021832	-0.1027816169	0.0553259095	-0.0090036889	-0.0199159653	-0.0081806341	-0.0148772779	0.007451822	-0.0971647762	-0.022184154	0.0	0.0	0.0	0.0216063206686101	-0.0059782923367351	3.573997926346564e-05	0.0004668330928348	1.197989732229189	0.1126483831794329	1.435179398526564	0.0126896582329403	0.8877596178256368	0.1478865726368639	0.7881171390419208	0.0218704383662784	-0.0049039124512817	-0.0022949150538226	5.266635104261588e-06	2.404835732983569e-05	-0.0007931661838125	-0.0010171811732204	1.0346575391540296e-06	6.291125951436846e-07	0.0002690577074919	0.0002807655932618	7.239204996079681e-08	7.88293183596537e-08	0.0	0.0	0.0	0.0	0.0	0.0	0.0	0.0	0.0	0.0	0.0	0.0	0.0	0.0	0.0	0.0	0.0	0.0	0.0	0.0	0.0	0.0	0.0	0.0	0.0	0.0	0.0	0.0	0.0	0.0	0.0	0.0	0.0	0.0	0.0	0.0	0.0	0.0	0.0
521.8080837228414	-0.4600486460544744	272283.67623850383	0.211644756736555	778.4754778990272	0.9910471062911484	606024.0696901188	0.9821743668880588	583.0402082006759	-1.0783700494557706	1.1628819635632412	339935.88437868754	605.2604185010566	431.0567008543678	0.739001	25.062214	0.4245577814975887	0.2164530316594552	-0.0753905451	0.030202343	0.0758117959	-0.0221928261	0.0159134196	-0.0376206543	0.0337456512	-0.0218243951	-0.0007129344	0.0086961013	-0.0546786393	-0.0521416778	0.0052721887	-0.0056227325	-0.0354491832	0.0334256605	0.0583610794	-0.0177405691	-0.0384712591	0.0208040136	0.0859802267	-0.0278683625	0.0612706379	0.066355426	0.0552429606	0.0556899316	-0.0937192429	-0.0391470177	-0.0149829684	0.0623815924	0.0127663499	-0.0791200761	-0.0905666805	-0.0591700502	0.0431078484	-0.0018598502	0.0034556638	-0.0805723762	-0.1012098693	-0.0412884282	0.0758671073	-0.0019483675	0.0134253477	0.0018072375	-0.0126361858	-0.0936668279	0.0247459408	0.0032621707	0.0553905595	-0.0761116197	0.1043029694	-0.0973922677	-0.0655958768	-0.0487893747	-0.0236077826	-0.0145802999	0.0434324666	0.0434759749	0.0067263554	-0.0695039641	0.0239994887	0.0106209373	-0.0288359318	0.0063567725	0.106621017	0.0204362695	0.1004965326	-0.0475406017	-0.0269058966	0.099344817	0.0638083485	0.0295688579	0.0175402907	-0.0768243563	0.0584868333	-0.0159387579	-0.0555583798	-0.0535957617	0.1310480983	-0.0295260881	-0.0392189917	0.0072412706	0.0363414355	0.0317049911	-0.0323524799	-0.0073173682	0.004049254	0.0304583942	0.0240321896	0.0030643542	0.0076836795	-0.0804000716	-0.0170486441	-0.0403971175	-0.0627468315	0.0892301562	0.1221187218	0.0600652312	-0.0218835105	-0.0054167079	-0.0506988826	0.002262447	-0.0414439813	0.0710286379	-0.1013928051	-0.0362870414	-0.0202117082	0.0333220829	-0.0099170412	-0.0398186848	0.0218930079	0.0990247047	0.0038982315	0.0325619502	0.109843732	0.0059635183	-0.0975710262	-0.0178027522	0.0	0.0	0.0	0.100681220048699	0.0790748993800889	0.0062528397119711	0.0101367080704945	1.1974199037836255	-0.0005698284455635	1.433814425977187	3.247044573733431e-07	0.7268697862899955	-0.1608898315356413	0.5283396862212638	0.025885537891567	-0.0046051600483323	0.0002987524029494	8.925299826804105e-08	2.120749907075595e-05	-0.0026775869052606	-0.0018844207214481	3.551041455422977e-06	7.169471635223038e-06	0.0017663490258203	0.0014972913183284	3.119988881016323e-06	2.2418812919415983e-06	0.0	0.0	0.0	0.0	0.0	0.0	0.0	0.0	0.0	0.0	0.0	0.0	0.0	0.0	0.0	0.0	0.0	0.0	0.0	0.0	0.0	0.0	0.0	0.0	0.0	0.0	0.0	0.0	0.0	0.0	0.0	0.0	0.0	0.0	0.0	0.0	0.0	0.0	0.0
521.8286023550592	0.0205186322177723	272305.0902358345	0.0004210142680882	774.9367079929999	-3.5387699060272557	600526.901395028	12.52289244780415	582.6153951423669	-0.4248130583090415	0.180466134509881	339440.6986568963	604.2888483141289	427.2840519226332	0.700308	23.75	0.1837819115763196	0.1079404813866165	-0.0723313001	0.0313020998	0.0578565651	-0.0417745898	0.036780558	-0.0816028	-0.0406729281	-0.0586888492	-0.0203245075	0.0013305307	-0.0285764582	-0.0616025418	-0.0024283215	0.0465471087	0.0003785231	0.0239703065	0.0760611375	0.0952141772	0.0249551669	-0.0427480855	0.0558347362	-0.0233269044	-0.0007704628	-0.0768099618	0.0696957023	-0.1278178036	0.0441025739	0.0795246342	-0.0161853325	-0.0763005654	0.0283946927	-0.040145607	-0.0242884491	-0.0322767003	-0.0680784193	0.0760317087	-0.0166881896	-0.0346227311	0.0194381402	0.0815836834	0.0787006117	0.022741786	0.1343591909	0.0942949647	0.0708554826	0.0436333206	0.0185032163	0.0067612157	-0.0557585769	-0.0726665098	-0.0585439493	0.0043544366	0.1134902194	-0.0371016735	-0.0634571848	0.0071110509	-0.0052487209	-0.0281085881	0.0300608957	-0.06853884	0.0001634014	-0.0100680819	-0.0319644251	-0.0837459377	0.0951218334	0.0040060792	0.0289455053	-0.0044897867	-0.0578707497	-0.043961012	0.0220897245	-0.0594110719	-0.0275698377	-0.0586238361	-0.020540842	0.055281058	-0.0063490399	0.0593200864	-0.0134002599	0.0256813992	-0.0248887042	0.1026109336	0.0605435601	-0.054236341	-0.0886698464	0.0600349477	0.1101246404	-0.027347252	-0.0501356702	0.0411597711	0.0072854197	-0.0676580345	-0.0224744008	-0.0558073428	-0.0828874334	0.0514197144	0.115569317	0.0252792905	-0.0505474842	0.0002953206	0.0148042889	-0.0523249257	-0.0282255057	0.0733287591	-0.0358047717	0.0257060788	0.0002781431	0.006058497	-0.0859747651	-0.0849268769	0.0340262302	0.0339395585	-0.0867742927	-0.0142602111	0.0758014324	0.004473841	-0.0978873873	-0.0133844514	0.0	0.0	0.0	0.0967138812004861	-0.0039673388482129	1.5739777536539287e-05	0.0093535748168617	1.124533040680248	-0.0728868631033774	1.2645745595815645	0.0053124948130504	0.7219865157521212	-0.0048832705378742	0.521264528927888	2.3846331146071117e-05	-0.0031932458985501	0.0014119141497821	1.993501566355191e-06	1.0196819368607037e-05	-0.0022380273552848	0.0004395595499758	1.932125979749279e-07	5.008766443003076e-06	0.0015769339438412	-0.0001894150819791	2.4867206632385613e-06	3.587807328114918e-08	0.0	0.0	0.0	0.0	0.0	0.0	0.0	0.0	0.0	0.0	0.0	0.0	0.0	0.0	0.0	0.0	0.0	0.0	0.0	0.0	0.0	0.0	0.0	0.0	0.0	0.0	0.0	0.0	0.0	0.0	0.0	0.0	0.0	0.0	0.0	0.0	0.0	0.0	0.0
522.4954871764578	0.6668848213986394	273001.534119764	0.4447353650118951	780.291679750409	5.354971757409089	608855.1054877149	28.67572252264899	582.5273982798418	-0.087996862525074	0.0077434478142567	339338.16974668147	604.7140718053599	435.6958961555545	0.723267	24.52861	0.3543064069198971	0.1877871950759216	-0.0721228663	0.0168437261	0.106263962	-0.0128710147	-0.0038669352	-0.0559756707	0.0146199455	-0.0602825027	-0.0272409904	-0.027216701	-0.027836156	-0.0679504058	-0.0013986784	0.0722622533	0.0707594789	0.1027416347	0.0866069697	0.0200913789	0.0104328591	-0.0628179249	0.0372327133	0.0239164221	0.060039217	0.0021982829	0.0550973856	0.0351210246	0.020164852	0.0571273064	-0.0019758459	-0.0080564409	-0.0765322506	0.0466444165	0.0687680336	-0.051790866	-0.0721332837	-0.0285930416	0.0230485528	0.0565489336	0.0968456372	0.0064516368	0.0720000627	-0.0716473504	0.052269755	0.0233264005	-0.0203448323	0.0693358824	-0.0375728118	0.0115648542	0.0553579774	-0.0171051123	0.0737367576	0.009667575	0.0601789434	-0.034392708	-0.0360752156	0.0086313838	0.0127412297	0.0140706665	0.0273596441	-0.0684247238	-0.0326220543	0.1300143029	-0.0250453125	0.0255495871	0.0143701456	-0.052970623	-0.0032345325	-0.0723337129	-0.0717732748	-0.0130130542	0.0243160755	-0.0168408488	0.0802667578	0.0350312422	-0.0747155865	0.0410827461	-0.0633126478	-0.009343449	-0.0515551284	0.0031960421	-0.0296928324	0.0062338595	-0.0455441976	-0.0006053169	-0.0042165223	-0.0086698926	0.0059684631	0.0164253729	-0.0383335212	0.0615613513	-0.0154441152	-0.080009098	-0.0385440988	-0.0341028849	-0.0941082827	0.0739954474	0.0574189595	-0.0127045197	-3.464e-06	0.0181873376	0.0326801066	-0.0457010383	-0.0618510014	-0.058969066	0.0611507453	-0.0136948461	-0.006764818	-0.004768248	0.028677447	-0.0620601797	-0.063003183	0.0532919335	-0.0283542945	0.044648021	0.0289860052	0.0029831333	-0.0981135679	-0.0089384093	0.0	0.0	0.0	0.0316073997251322	-0.0651064814753539	0.0042388539301006	0.0009990277173842	1.2808099139213027	0.1562768732410546	1.640474035599095	0.0244224611100006	0.7163244972030327	-0.0056620185490885	0.5131207852931776	3.205845405022273e-05	-0.0028181693740427	0.0003750765245074	1.406823992365502e-07	7.942078620792224e-06	-0.0007098162365857	0.001528211118699	2.335429223315554e-06	5.038390897206864e-07	0.0009350009139597	-0.0006419330298815	8.742267091054743e-07	4.120780148528429e-07	0.0	0.0	0.0	0.0	0.0	0.0	0.0	0.0	0.0	0.0	0.0	0.0	0.0	0.0	0.0	0.0	0.0	0.0	0.0	0.0	0.0	0.0	0.0	0.0	0.0	0.0	0.0	0.0	0.0	0.0	0.0	0.0	0.0	0.0	0.0	0.0	0.0	0.0	0.0
520.6914360613572	-1.8040511151006056	271119.5715876384	3.254600425895739	778.7507472679629	-1.5409324824461237	606452.7263704106	2.374472915457573	582.9260980014143	0.3986997215724841	0.1589614679819763	339802.8357311545	605.7214136592677	430.64630724306016	0.717678	24.339085	0.2193310222639213	0.1320664598087698	-0.0608844825	0.0426875447	0.0712585839	-0.0576043026	0.0133085873	-0.0314870212	0.1029025612	0.0229604917	0.0304961941	0.015196457	-0.0322649333	-0.0465661351	0.0222823487	-0.0348969758	-0.0355956688	0.0984595907	0.0671027983	0.0126694486	-0.0351992023	0.0375328454	0.0849259077	-0.0909696031	-0.0030000304	0.0681836818	0.0647058443	-0.0122906664	0.0327295798	0.0916086919	0.0043020022	0.0336750032	0.0661804558	-0.0234944581	0.11253152	-0.0297579412	-0.0279446345	0.0321672141	0.0289396852	-0.0712323136	0.0628810625	-0.0745494146	0.0699199178	0.0053474383	0.0661705673	-0.0737649186	-0.0336978722	0.0670364989	0.0309164213	0.0359304445	0.0051025055	0.1333574733	0.0605152149	0.1134975049	0.0127603891	-0.0444472816	-0.0094325645	-0.0213410907	0.0548609465	0.0540301241	-0.0171376144	-0.0060495536	0.0302422815	0.0425275893	0.0611409127	-0.0105483772	0.0915917321	-0.0352452186	0.0847462408	-0.0488132669	-0.064616394	-0.0073461421	0.0743881633	-0.0026275673	-0.007057702	0.0325044415	0.019631436	0.0110864538	0.0875967311	-0.0732268289	0.0249122934	0.0987582186	0.0071142829	-0.0027596514	0.0061080451	-0.0216735687	-0.0562739064	0.0265243078	-0.0379466709	0.0792031829	0.0739711941	0.001149376	-0.0174490622	-0.059405791	-0.0302881779	-0.0593977292	-0.09236733	0.0490675177	0.0845644604	0.0145685992	-0.0270323025	-0.0052830953	-0.045335127	-0.0317318108	-0.0389780507	0.0325736053	-0.0100218037	-0.046631427	-0.0002467531	-0.0518396456	-0.0085834627	-0.0159151796	0.0275056803	0.0060888085	-0.0342969948	-0.0208528277	0.0852242439	0.0014917384	-0.0982493596	-0.004473841	0.0	0.0	0.0	0.0568970212964501	0.0252896215713179	0.0006395649592204	0.0032372710324086	1.1575921938255078	-0.1232177200957949	1.3400196872057522	0.0151826065456056	0.6998953609162442	-0.0164291362867885	0.4898535162320797	0.0002699165191298	-0.0023691112010433	0.0004490581729993	2.0165324273755906e-07	5.612687882908829e-06	-0.0011138291396748	-0.000404012903089	1.632264258624825e-07	1.240615352388705e-06	0.0007001811038478	-0.0002348198101119	4.902535781855237e-07	5.514034322098879e-08	0.0	0.0	0.0	0.0	0.0	0.0	0.0	0.0	0.0	0.0	0.0	0.0	0.0	0.0	0.0	0.0	0.0	0.0	0.0	0.0	0.0	0.0	0.0	0.0	0.0	0.0	0.0	0.0	0.0	0.0	0.0	0.0	0.0	0.0	0.0	0.0	0.0	0.0	0.0
521.7661109178839	1.0746748565267126	272239.8745023735	1.1549260472507104	782.5361515513638	3.785404283400908	612362.828484819	14.32928558878994	582.3087561915287	-0.6173418098856018	0.3811109102328305	339083.4875373252	605.5454469274302	426.7725635020444	0.8584359999999999	29.112694	0.4228244857910144	0.2459171685178898	-0.0578812252	0.0047149758	-0.0072060467	-0.0027040865	-0.0199325874	-0.0118691031	0.0310466847	-0.057867297	0.0543141306	0.0684038326	-0.0169707	-0.0498323554	-0.0026451463	-0.0539702999	-0.0443784598	0.0701856503	0.0373083849	0.006880625	-0.0187463518	-0.0283668382	-0.0290185047	-0.0447751378	-0.007247121	-0.0606266662	-0.0061781939	-0.1057771135	0.0346629604	-0.1129246543	0.0229184711	-0.0424463048	-0.0105207873	-0.06835232	0.0064726523	-0.0501610347	0.0300939167	-0.0854692488	0.0265246254	0.0379802878	0.0542049201	0.0237203226	0.0188453436	-0.0211193799	-0.0954287818	-0.0111342408	0.0585585676	-0.0625667252	-0.1516960042	0.0340367965	-0.1423368621	0.036872827	-0.0254478687	-0.0731628638	0.022675201	-0.0307535743	-0.0045105429	-0.0070676106	0.0644712399	0.069366884	-0.0163620758	-0.0055554159	0.009674199	0.0088355164	0.0321212544	-0.0463523557	0.0069580825	-0.0077021589	0.0430799501	-0.0300744504	0.0336074531	-0.043481865	-0.0542303898	0.0142826046	-0.1111712614	0.0129957349	-0.0033802066	0.0719834869	-0.0221882168	0.0154572948	-0.0353681592	-0.0439198154	0.0810450686	0.1230599378	-0.0224483639	0.029375073	0.0424276856	0.0418824335	-0.1005938417	-0.0566869767	-0.0503685671	-0.0781905619	-0.0385328722	-0.0499546548	0.0110607078	-0.0135261047	-0.0044300404	0.0034421684	-0.0054948949	-0.0074066435	-0.0120908375	0.0245302216	0.0145861399	0.0390306272	-0.0348978143	0.0762998802	-0.0719231637	-0.0230643152	0.0368767421	0.0602694751	0.0187538211	0.0569669471	-0.0395252381	0.0265173005	-0.0506338325	0.007194432	0.0463232055	0.0	-0.0982946374	-0.0	0.0	0.0	0.0	0.0686994692398457	0.0118024479433955	0.0001392977774565	0.0047196170738365	1.2725390928558795	0.1149468990303717	1.6193557428464649	0.0132127895966984	0.6600614660992221	-0.039833894817022	0.4356811390290545	0.0015867391762935	0.0017489857227672	0.0041180969238105	1.6958722273897507e-05	3.058951058443505e-06	-0.0012606351026105	-0.0001468059629357	2.1551990753478122e-08	1.5892008619337857e-06	0.0015601030971061	0.0008599219932583	2.4339216736000456e-06	7.394658344893279e-07	0.0	0.0	0.0	0.0	0.0	0.0	0.0	0.0	0.0	0.0	0.0	0.0	0.0	0.0	0.0	0.0	0.0	0.0	0.0	0.0	0.0	0.0	0.0	0.0	0.0	0.0	0.0	0.0	0.0	0.0	0.0	0.0	0.0	0.0	0.0	0.0	0.0	0.0	0.0
521.346948225171	-0.4191626927129164	271802.6404236991	0.1756973629623427	788.0741803130211	5.538028761657301	621060.9136760401	30.669762564943504	581.3136497664975	-0.9951064250311674	0.9902367971383104	337925.55940484616	605.3269200559522	425.6271730464685	0.967782	32.821011	0.5788736755043592	0.3677520498009843	-0.0003122628	-0.069057961	-0.1369671656	0.1155088879	-0.0430273629	0.0615653015	0.0705722376	-0.0437260451	0.0281720598	0.1589394651	0.0054494133	-0.0383164665	0.0884923936	-0.0412458853	-0.0525402507	-0.0691236003	-0.070409083	-0.0220870561	0.0249993864	0.0375404352	0.0599042959	-0.0277842346	0.0193680118	0.0344670361	-0.0034353491	0.1285221696	0.0990978171	-0.0197794083	0.0470905889	0.082837348	-0.0855276588	-0.0629730145	0.0140684493	-0.1493917908	-0.0928910155	-0.022100258	0.0652397051	0.0251654082	-0.0910108512	-0.0028372055	0.0714168201	-0.0573276251	0.0155700608	-0.0922911963	-0.0751848664	-0.0296380132	0.0155970863	0.0686200805	0.0020801644	0.058623075	0.1130305587	-0.066796624	-0.0790381069	0.0045107037	0.0176989708	-0.0589851013	0.1389423298	0.0229336094	0.0076008557	-0.0066694477	0.1174043016	-0.0624371518	-0.0282786329	0.0603991241	-0.141635158	-0.0286548378	0.0381285851	-0.1688890022	0.0518327681	0.1195036168	-0.0691375695	0.0523878442	0.0107245891	-0.0151018403	0.0021159611	0.030243298	-0.032111633	-0.1179080874	0.0746231851	-0.1142837947	-0.0824144935	0.0667463061	0.0127849623	-0.0640844497	-0.0086165539	-0.0532276868	-0.0954916698	-0.0498111901	-0.0486104097	0.0217719215	0.0303181518	-0.0125196699	0.0831753333	0.0218665671	0.118272915	-0.0834983369	-0.1116535237	0.0654766944	0.0308086927	-0.0077904706	0.0053959072	0.0043625888	-0.0556583567	-0.0880910642	0.0678014231	0.0903418787	0.1070577155	0.0941804357	0.0167739829	0.0306673738	-0.0046603916	0.0437229634	0.0519510435	0.0911212427	0.0372288978	-0.0014917384	-0.0982493596	0.004473841	0.0	0.0	0.0	0.1240804033099323	0.0553809340700865	0.0030670478584752	0.0153959464855554	1.2172535271077294	-0.0552855657481501	1.4817061492562076	0.003056493780093	0.5797297704345397	-0.0803316956646824	0.336086606728084	0.0064531813283631	0.0083320750054657	0.0065830892826985	4.333706450397986e-05	6.942347389670625e-05	-0.0022477614514417	-0.0009871263488312	9.74418428556816e-07	5.052431542587298e-06	0.0017473970660052	0.000187293968899	3.053396506283581e-06	3.5079030785976995e-08	0.0	0.0	0.0	0.0	0.0	0.0	0.0	0.0	0.0	0.0	0.0	0.0	0.0	1.0	0.0	0.0	0.0	0.0	0.0	0.0	0.0	0.0	0.0	0.0	0.0	0.0	0.0	0.0	0.0	0.0	0.0	0.0	0.0	0.0	0.0	0.0	0.0	0.0	0.0
519.7116155580397	-1.6353326671312516	270100.1633459477	2.674312932186613	776.8043678462157	-11.269812466805432	603425.0259049587	127.00867303696316	580.6191808527166	-0.6944689137809519	0.4822870722080952	337118.6331740796	603.8683968528372	426.21258390210494	0.8881059999999998	30.118891	0.3413421838396629	0.1824701054274345	-0.0028594106	-0.0502038392	-0.0687642431	-0.079513535	0.0383152599	0.0115051019	0.0415509076	-0.0112913852	0.0831927735	0.0795978659	0.0086562332	-0.0755763051	0.0923620674	0.0031032254	-0.0362687249	-0.0456837007	-0.0624583923	0.0454416678	-0.0957533973	0.0271843871	-0.0692886464	0.0781251688	0.0476657657	0.0131349238	0.0318141919	0.0815934817	-0.1072419376	-0.0222901071	0.0538627609	-0.0038901223	-0.024618152	-0.0463558516	0.0246305291	-0.0555817666	-0.0542099061	0.1044672984	-0.0111301112	-0.0960067191	-0.0807600193	0.0930381622	0.0557864229	0.077139026	-0.0400963207	0.0817235698	-0.078609499	0.0356209286	-0.0844059417	-0.0022435311	-0.0379520264	-0.0609137792	0.0501844337	-0.05988249	0.0901059099	-0.0086399125	-0.0422038819	-0.041535502	0.0653510886	-0.0563725322	-0.0708467871	-0.0185211104	0.0511133021	-0.0360531057	0.0938421424	0.071552949	0.0037589155	0.0690570134	-0.0436272356	-0.0872016576	0.0242334349	0.0435547067	-0.0326293282	0.014682848	0.0148420777	-0.0490026458	-0.0123094945	0.0208973041	0.0310375248	-0.0896480519	0.0816862846	0.0187057318	-0.099343591	0.0582850648	0.0018705548	0.0240626122	0.0373707964	0.0707308941	0.0019361702	-0.0452636445	0.021003606	0.0103643167	-0.1575094308	-0.0114201344	0.0766381745	-0.0208396147	0.0717988078	-0.0622219814	0.0068308174	0.0153621557	-0.0353948793	-0.0450410496	0.0466851867	0.016176091	0.013646462	-0.0354361086	0.0186520576	-0.0660212768	0.0981294265	-0.041706551	0.0191506212	-0.0347056694	0.0447186639	-0.0443600943	0.0104300575	0.0408328993	0.0393583065	-0.0029831333	-0.0981135679	0.0089384093	0.0	0.0	0.0	0.1704314843732959	0.0463510810633635	0.0021484227157425	0.029046890865685	1.1428717636883905	-0.0743817634193388	1.3061558682362122	0.0055326467293705	0.5780259334516842	-0.0017038369828554	0.3341139797426908	2.9030604641460576e-06	0.0052179215387136	-0.0031141534667521	9.697951814484124e-06	2.7226705184171304e-05	-0.0030252001566277	-0.000777438705186	6.044109403212841e-07	9.15183598766026e-06	0.0022339149415492	0.000486517875544	4.990375966076767e-06	2.3669964322384735e-07	0.0	0.0	0.0	0.0	0.0	0.0	0.0	0.0	0.0	0.0	0.0	0.0	0.0	0.0	0.0	0.0	0.0	0.0	0.0	0.0	0.0	0.0	0.0	0.0	0.0	0.0	0.0	0.0	0.0	0.0	0.0	0.0	0.0	0.0	0.0	0.0	0.0	0.0	0.0
520.0619122384913	0.3502966804516063	270464.3925611563	0.1227077643354148	772.9715060295417	-3.832861816673926	597484.9491335779	14.690829705716949	581.1348114970335	0.5156306443169569	0.2658749613587201	337717.6691336927	602.4790570931357	421.9776173187772	0.776197	26.323658	0.3318710901293573	0.1810712800593266	-0.0330056994	-0.0383457974	-0.0590918303	0.0402690388	0.0315499845	-0.079220451	0.0108673407	0.056293836	-0.0107508761	0.013078336	0.0026699154	-0.0598940227	0.055529622	-0.0222762706	0.079676883	-0.0748838099	-0.0503808143	-0.0236345012	-0.0546747516	0.0298671968	-0.0119930881	-0.0980960319	-0.0065450824	-0.0223918602	-0.0351127768	0.0303650202	-0.0181650205	-0.067072456	-0.0005719344	-0.0812782989	0.0540383115	0.0331311131	0.0634193783	0.0777125316	-0.0543336144	-0.0272433114	0.0836644363	0.0049096462	0.0569413666	-0.0793487028	0.0936897471	-0.0123366239	-0.0480355861	0.0619149649	-0.0517727466	-0.0737569832	0.0446963043	0.1169531573	-0.1444848208	0.0080916623	0.0668231623	0.0249979783	-0.1235427005	-0.0272956938	-0.0685052286	-0.0003193835	0.0185877954	-0.0851262082	0.0527175444	0.1250809059	-0.0290071419	-0.0275164059	0.0246440826	-0.0299079048	-0.0201640781	0.0195813975	0.0252022394	0.0159307468	-0.004477967	-0.0213873227	0.0182597016	0.1316766084	-0.0169510002	-0.0268237934	-0.0036408237	-0.0087674109	0.0559591495	0.01035763	-0.060050332	-0.0701205404	-0.0154653222	0.0241781866	-0.0329912365	0.0074951599	-0.0133975572	0.064392681	-0.0699529242	-0.0623190316	0.0365051155	0.0202844024	0.0260896543	-0.031914049	0.0613999406	0.0007724028	0.048129716	0.0008407574	-0.0020911951	-0.0132104545	-0.0026131415	0.0172809089	0.0607995721	0.0630609215	-0.0095867313	0.0688124591	-0.0314002344	-0.0477979177	0.0752633291	-0.0041315431	-0.0017412206	-0.0234652161	-0.0125671132	-0.0698181656	0.033412574	0.0022311641	-0.0161151176	-0.004473841	-0.0978873873	0.0133844514	0.0	0.0	0.0	0.1342267256199676	-0.0362047587533282	0.0013107845563867	0.018016813870658	1.2851140823602094	0.1422423186718189	1.651518204680523	0.0202328772211352	0.6005443348976343	0.02251840144595	0.3606534981776419	0.0005070784036809	0.0035648219010601	-0.0016530996376535	2.7327384120101336e-06	1.2707955186277744e-05	-0.002170223607705	0.0008549765489227	7.309848992077703e-07	4.709870507440105e-06	0.0021238789029602	-0.000110036038589	4.510861594439424e-06	1.2107929788359904e-08	0.0	0.0	0.0	0.0	0.0	0.0	0.0	0.0	0.0	0.0	0.0	0.0	0.0	0.0	0.0	0.0	0.0	0.0	0.0	0.0	0.0	0.0	0.0	0.0	0.0	0.0	0.0	0.0	0.0	0.0	0.0	0.0	0.0	0.0	0.0	0.0	0.0	0.0	0.0
519.8812813545765	-0.1806308839148869	270276.5467028763	0.0326275162238733	775.1782510322437	2.2067450027019504	600901.3208734082	4.869723506950031	581.2344537812714	0.0996422842379161	0.0099285848081496	337833.490262413	603.4238300636166	427.04597254728463	0.698732	23.696531	0.2177917288044971	0.1037113289683244	-0.0168293963	-0.0491110153	-0.0477902745	0.0122679854	0.0507525563	-0.0184751054	-0.0572235685	0.0097514879	-0.0311540915	0.0443686829	0.0120366333	-0.0428249857	0.0940851302	0.0071864385	0.0726537963	0.0030637707	-0.0412642359	0.0328633047	-0.0219721936	0.0104769364	0.0145079324	0.0969141252	-0.0242928867	0.0621776516	-0.0216547573	0.030808881	0.0535466128	0.024537025	-0.0163659282	0.0705629087	0.0370754105	-0.0461546193	0.0495740019	0.0528188524	0.0761829362	0.0560725525	-0.0141968526	0.1047860819	0.0071207357	0.0483023771	-0.105242904	0.0468807616	-0.0764544525	0.0006256778	-0.0450020757	0.0282736718	-0.0158354855	-0.0098469277	0.0252654255	-0.041830213	0.1592209119	0.0689545974	0.00858022	0.0041933988	-0.0521645411	-0.0503806219	0.0432454348	-0.0825702359	0.0499109981	-0.0345770389	-0.0185364722	-0.0357767456	0.0048665232	-0.0270360707	-0.0144596309	0.0234553131	0.0307662788	-0.0350545695	0.0302993803	-0.0407513513	-0.034115048	-0.045321592	-0.0138279551	-0.0116858946	-0.0194555608	-0.035020484	0.0228103365	0.0509406163	-0.0380008996	-0.0335926822	-0.0236525273	-0.1904166343	-0.0174383577	-0.0023149594	0.0484465946	0.0646146865	-0.0045572338	-0.0290097935	0.0437319371	0.0038520706	-0.0368869684	-0.0218270523	0.0613115012	-0.0272836223	0.0464942251	0.0034872466	0.0126212734	-0.0105633956	-0.0185128155	0.0196610287	0.0690940792	-0.0330369822	-0.0063575532	0.0496561919	0.0066697252	0.0473949088	0.0769414922	0.0439487238	-0.0569624087	-0.0174023576	-0.0370224455	-0.0155443997	-0.002057301	0.0065061955	0.0155162139	-0.0059635183	-0.0975710262	0.0178027522	0.0	0.0	0.0	0.1647923402721147	0.0305656146521471	0.0009342567990635	0.0271565154123604	1.200190068446943	-0.0849240139132663	1.440456200398678	0.0072120881391406	0.5669293841550456	-0.0336149507425886	0.3214089266184192	0.0011299649134266	0.0029889202730801	-0.0005759016279799	3.316626851100141e-07	8.93364439882922e-06	-0.002869983996508	-0.000699760388803	4.896646017377257e-07	8.236808140212031e-06	0.0020257979298133	-9.808097314690026e-05	4.103857252435851e-06	9.619877293442967e-09	0.0	0.0	0.0	0.0	0.0	0.0	0.0	0.0	0.0	0.0	0.0	0.0	0.0	0.0	0.0	0.0	0.0	0.0	0.0	0.0	0.0	0.0	0.0	0.0	0.0	0.0	0.0	0.0	0.0	0.0	0.0	0.0	0.0	0.0	0.0	0.0	0.0	0.0	0.0
520.7641757452559	0.8828943906794393	271195.3267396358	0.7795025050932184	775.0169751574422	-0.1612758748015039	600651.3117821914	0.0260099077929903	582.4472636638391	1.212809882567626	1.470907811253699	339244.8149494937	603.9339305377397	426.4030855335962	0.711873	24.14221	0.1778250933713408	0.0961186125964763	-0.0243126314	-0.0463628994	-0.0289852648	-0.0320731242	0.0227752344	-0.0510387398	-0.0428198133	0.0328625697	-0.0584119498	-0.0616819609	-0.0272600342	-0.0407822412	0.0420456647	0.0412890904	0.0066532995	-0.0278734942	0.0756176772	-0.0180455867	-0.1189308704	0.0045648647	0.015002726	0.0060113976	-0.0086925303	0.0089240574	-0.0709628241	-0.013066615	-0.0248323526	0.0467313938	0.1827765685	0.0093480063	0.0106427698	-0.0163535891	-0.0392389409	-0.004081869	-0.0064128869	-0.0680231867	-0.019449579	-0.0648745812	-0.0292559793	-0.0023781353	-0.0389368203	0.0365749877	-0.0123137421	-0.0864199212	-0.037280588	-0.0441279196	0.0677190102	0.0887848797	-0.0366459026	-0.056056172	0.0582727985	0.0561588145	-0.023959042	-0.0310365438	-0.0436291281	-0.0219773012	-0.0042028157	-0.0265797707	0.0198002905	0.0200875184	0.0281865081	0.1082034875	-0.012757014	0.0378078806	0.0308502247	0.0693486487	0.0078691188	-0.0581403661	0.0337421244	0.0131901377	-0.0400892303	0.0308622316	-0.0075324891	-0.0766793951	-0.036938147	-0.0121281943	0.1041977077	0.0751894569	-0.0344774793	-0.0027981146	-0.0561154984	0.0047036962	0.0299478587	-0.0050756419	-0.0388890661	-0.0568146873	-0.0543227055	0.059176683	-0.0791037548	0.0511946425	-0.0742236011	-0.0223969397	0.0497681173	-0.0036391362	0.0372360043	-0.0061561436	-0.0113421785	-0.0234528544	0.0097512186	0.0284037532	0.0736298623	0.0285744381	-0.0184845946	-0.022034154	0.0386819084	-0.0576975912	0.0705789425	-0.0029989186	0.0234714339	-0.0406355665	0.0224778515	0.0263626616	-0.0147620653	0.0274333717	0.0412361845	-0.007451822	-0.0971647762	0.022184154	0.0	0.0	0.0	0.1284547349580265	-0.0363376053140881	0.0013204215599624	0.0165006189331368	1.2746240425624509	0.0744339741155077	1.6246664498782446	0.005540416502628	0.6154904863446404	0.0485611021895948	0.378828538780762	0.0023581806458682	0.0032483915809173	0.0002594713078372	6.732535959074703e-08	1.0552047862974395e-05	-0.0029218168850326	-5.183288852460017e-05	2.686648332803628e-09	8.537013909661605e-06	0.0019672538911321	-5.8544038681199954e-05	3.8700878721743885e-06	3.427404465105836e-09	0.0	0.0	0.0	0.0	0.0	0.0	0.0	0.0	0.0	0.0	0.0	0.0	0.0	0.0	0.0	0.0	0.0	0.0	0.0	0.0	0.0	0.0	0.0	0.0	0.0	0.0	0.0	0.0	0.0	0.0	0.0	0.0	0.0	0.0	0.0	0.0	0.0	0.0	0.0
523.4026076370993	2.6384318918434246	273950.28968131536	6.961322847896473	784.5443083110608	9.527333153618656	615509.7717032809	90.7700770200412	583.7756985751065	1.3284349112674363	1.7647393134741214	340794.0662468536	606.8683407580266	427.6849816400061	0.886679	30.070524	0.4457296365330395	0.2591262753026446	0.0360963275	-0.1252312434	-0.0985712152	0.0150609333	-0.0232002497	0.0532457116	0.0012146533	-0.0454080715	-0.0574707976	0.0936046622	-0.0514685112	0.0542714234	0.0654387789	-0.0314915732	0.011548369	0.0083825682	-0.1388911605	-0.0520225552	-0.0419208725	0.005743586	-0.0217105477	-0.0119817334	-0.0519405748	0.0051351674	0.0104469133	-0.0464774069	0.0363809711	-0.0338009268	-0.0481016286	0.0194218477	-0.0555470809	0.032233246	-0.097585925	-0.0978178355	-0.0131196791	0.0597972992	0.1239863979	-0.0667574437	-0.0492160868	0.0251186156	-0.1024633746	-0.0234879268	0.0265521292	-0.0261512758	-0.0337513446	0.0271869417	0.0132033052	0.1261255613	0.1282619196	0.001717354	0.0655807128	-0.0144932761	-0.0474858524	-0.0218314808	0.0351380841	-0.1017080886	-0.0015809202	-0.0021791574	0.0843576542	-0.0276180649	-0.0126574045	-0.1419530788	0.0936276561	0.0414111088	-0.0445018913	0.0545118393	0.0442031818	-0.0296936745	0.0821166251	0.0938763609	-0.0201058752	0.0203321158	-0.0185490562	0.0123594468	-0.0070413575	0.0385055654	-0.0665547212	0.011887263	0.0706595586	0.1632674501	0.0087060671	0.0340809409	0.0744383396	0.0576559379	-0.1113165077	0.0229037962	-0.0273998352	-0.0079787622	-0.0513692632	-0.0827581907	0.0215354788	0.0135348732	0.1122453733	0.0198949043	0.1362573026	-0.0132396201	-0.0567181886	0.0697519201	0.0270485798	0.0221659353	-0.0283427798	0.0206358257	-0.002879546	-0.1007664089	-0.0489503423	-0.0695794154	0.0571149391	0.0818864342	0.1046587246	-0.0564577427	-0.0397423743	0.0715897559	0.0765774193	0.0621250508	0.0751986395	-0.0089384093	-0.0966690114	0.0265195758	0.0	0.0	0.0	0.1733621582386746	0.044907423280648	0.0020166766657072	0.0300544379091712	1.2403505072521028	-0.034273535310348	1.5384693808405487	0.0011746752226696	0.4366328821402021	-0.1788576042044383	0.1906482737660596	0.0319900425817515	0.0063078284818075	0.0030594369008901	9.36015415052863e-06	3.978870015590191e-05	-0.002876284193821	4.553269121160015e-05	2.073225968970929e-09	8.27301076362452e-06	0.0026161057737824	0.0006488518826503	6.844009419617611e-06	4.210087656188391e-07	0.0	0.0	0.0	0.0	0.0	0.0	0.0	0.0	0.0	0.0	0.0	0.0	0.0	0.0	0.0	0.0	0.0	0.0	0.0	0.0	0.0	0.0	0.0	0.0	0.0	0.0	0.0	0.0	0.0	0.0	0.0	0.0	0.0	0.0	0.0	0.0	0.0	0.0	0.0
523.3801394846658	-0.0224681524334755	273926.7704069883	0.0005048178737738	784.4247471547267	-0.1195611563341572	615322.1839487569	0.0142948701039607	583.3905033123531	-0.3851952627534274	0.148375390447682	340344.47935504065	606.2711180702585	423.2903380005308	0.894371	30.331385	0.5265955702053424	0.4517792242661533	0.0619109318	-0.1417365683	-0.1615911578	-0.0270053123	-0.0112526634	0.035535613	-0.1257703356	-0.0342081427	-0.0185487437	0.1745968223	0.023444865	0.1189711585	0.082322831	0.0647811303	-0.1045589315	-0.1239873277	-0.0729841198	0.0792091991	0.0734283171	0.0621652139	0.1006506496	0.0073035442	0.0785735024	-0.1312869438	0.0788973812	0.0621542253	-0.0579029525	-0.1041325314	-0.030988869	-0.0138055714	0.0801081729	0.0687582006	0.0089375751	0.0075487607	-0.0378225043	0.0695413509	-0.0765725024	0.0013107392	-0.0581132854	0.1565130104	0.0500514438	0.0768378619	0.0219219602	-0.0057530705	0.0956650033	-0.0100795459	-0.0767873996	0.0404595713	0.0040575229	0.0803391054	0.0485987214	0.0245794821	-0.026155755	0.0281700201	0.0232757795	-0.0882367458	-0.1012508744	-0.1055829814	0.0166426917	0.0133361335	0.0732693945	-0.2412001962	0.0204260069	-0.0971640738	0.0179539594	0.002209004	-0.0665180941	-0.0474005897	-0.066603958	0.0743927142	0.0447178655	-0.0134950812	-0.0508194455	0.0412256158	0.0370396968	0.1225873439	-0.0224610431	-0.0194103504	0.0337235111	-0.1366746579	-0.0935681001	-0.004081704	0.0710940159	-0.0489809512	0.0497956144	0.0094877298	0.1392228106	-0.0702870223	-0.0373475826	0.005159312	-0.0433413807	0.0691734834	0.1242524388	-0.0024051206	0.1268427157	-0.0981662315	0.0354613598	0.1529879779	-0.0503583883	-0.0665299169	-0.1191956461	-0.0605548781	-0.0192109433	-0.0047478633	0.0012951554	0.0209701611	-0.1514664708	-0.0083832647	-0.0138903639	-0.11403762	0.0238643015	-0.0991671939	0.0351160929	-0.009370787	-0.0998426785	-0.0104229379	-0.0960841886	0.0308000317	0.0	0.0	0.0	0.1793676504306205	0.0060054921919459	3.6065936467523225e-05	0.0321727540210012	0.7946413040757818	-0.445709203176321	0.6314548021432591	0.198656693796071	0.4089437204042667	-0.0276891617359354	0.167234966458083	0.0007666896776387	0.0070991403150428	0.0007913118332353	6.26174417418212e-07	5.039779321266599e-05	-0.0027809585286864	9.53256651346e-05	9.086982433353896e-09	7.733730338273626e-06	0.0025589090101295	-5.719676365290027e-05	6.548015322121937e-06	3.2714697723657333e-09	0.0	0.0	0.0	0.0	0.0	0.0	0.0	0.0	0.0	0.0	0.0	0.0	0.0	0.0	1.0	0.0	0.0	0.0	0.0	0.0	0.0	0.0	0.0	0.0	0.0	0.0	0.0	0.0	0.0	0.0	0.0	0.0	0.0	0.0	0.0	0.0	0.0	0.0	0.0
523.7105509720116	0.3304114873457138	274272.7411994079	0.1091717509700067	782.3416562442891	-2.0830909104375905	612058.4670950574	4.33926774114771	583.2936406150507	-0.0968626973024129	0.0093823821286988	340231.4711819599	604.3709831237793	433.14153837920657	0.884483	29.996027	0.3652921020005075	0.2373111841185432	0.0462390028	-0.1426432978	-0.0629266822	-0.0327689272	-0.0169490388	-0.0074424327	-0.14169434	-0.0046544511	-0.0359219054	0.0010218601	-0.0080420809	0.0448957393	0.0727508846	0.037549776	-0.0589222371	-0.0312846367	0.0569289333	0.0588378188	0.0382842461	-0.1070342625	0.0082627594	-0.011293887	-0.0398637071	0.0468101708	0.0013480707	0.0999229402	-0.0828669517	0.0462499984	-0.0419528925	-0.0183462982	0.0039375751	-0.155623553	-0.0360922284	0.0352987386	-0.0365515222	0.0019971167	-0.0384404978	0.0093981143	0.0924507285	-0.0541048822	0.0909619578	-0.0189031936	-0.0721096358	-0.0854947999	-0.1066034242	-0.0196271059	0.0248366801	-0.0340863707	0.0920575715	0.089505604	0.0932185345	0.1067573576	-0.0461076677	0.0061401481	-0.023991282	-0.0805307561	-0.0534286598	-0.0452432505	0.0116348222	-0.0094789569	0.0459443767	-0.0026142587	-0.1320520479	-0.1081514143	0.0400845147	0.1004115763	-0.0198265813	-0.0657302095	0.0339249537	-0.0277968359	-0.0028106775	0.0729778477	0.0142408914	-0.0917157783	0.0185192769	-0.0737167812	0.0190581385	-0.0135145634	0.014100562	-0.0226007225	0.0714696763	-0.0626618504	0.0253917903	-0.0166181589	0.1026641722	-0.0699902989	0.0227383547	0.008404991	-0.0412107477	0.0924145372	-0.1055539183	0.0437579416	0.1142313653	0.0019902668	0.103614989	-0.068963172	0.0448842588	0.054863691	-0.0477954703	0.0043584905	-0.0043232174	-0.0742785798	-0.0133343285	-0.0084576727	0.0302931011	0.075643665	-0.0551171666	0.0572395253	-0.1150923057	-0.0741713974	-0.037211554	0.0176364009	0.027938745	0.0174967966	-0.1420710797	-0.0119050657	-0.0954108466	0.0350166499	0.0	0.0	0.0	0.1761726730211421	-0.0031949774094784	1.020788064707738e-05	0.0310368107194142	1.011443254987725	0.2168019509119432	1.023017458060164	0.0470030859192246	0.4684390931718525	0.0594953727675858	0.2194351840116675	0.0035396993807539	0.0061121503131855	-0.0009869900018573	9.74149263766273e-07	3.735838145097361e-05	-0.0032459157050364	-0.00046495717635	2.1618517583936534e-07	1.053596876420195e-05	0.0028229578501522	0.0002640488400227	7.969091023735932e-06	6.972178991733346e-08	0.0	0.0	0.0	0.0	0.0	0.0	0.0	0.0	0.0	0.0	0.0	0.0	0.0	0.0	0.0	0.0	0.0	0.0	0.0	0.0	0.0	0.0	0.0	0.0	0.0	0.0	0.0	0.0	0.0	0.0	0.0	0.0	0.0	0.0	0.0	0.0	0.0	0.0	0.0
522.6494474093179	-1.0611035626936882	273162.4448772653	1.125940770761238	782.7306275841786	0.3889713398895082	612667.235358322	0.1512987032554393	583.322590651557	0.0289500365063304	0.0008381046137178	340265.24476444395	605.4794763033507	427.9886755383986	0.824384	27.957861	0.2148913678673435	0.1145001088186069	0.0665510045	-0.1409256651	-0.0848519266	-0.0725533804	-0.0078511888	0.0602255142	-0.033893802	-0.0571513976	-0.0915459809	0.0567356805	-0.0089854329	0.1013341935	0.1009948122	0.026248284	-0.065950558	-0.1110017624	-0.0240105508	0.0155929	-0.108201288	-0.1159755844	0.0759379029	0.1050779749	0.0468111594	0.1323556014	-0.0806873633	0.0447188317	0.1150442626	-0.0350030241	0.031232464	0.0408985439	-0.01902411	0.000244081	-0.0239746866	0.0229884836	-0.0264103974	0.0435082487	0.0088388291	-0.0850319141	-0.0183855297	0.0543734646	-0.0144482136	0.0323459074	-0.1387170539	0.0226782553	0.0289828984	0.0726535612	-0.011079181	0.0474026084	-0.0468618737	0.0563409221	-0.0164023867	0.0149342264	0.038314609	0.0245230676	0.0440122676	-0.1283033078	-0.0376571286	-0.0189897265	-0.0047840171	0.0245206608	0.0551932215	0.0030235295	-0.0816192096	0.1168490498	0.0094081889	0.1470316994	-0.0520833669	-0.089722242	-0.025479835	0.0174499737	-0.0406869797	-0.0160765112	-0.0905530002	0.0758709903	-0.0196537067	-0.131706521	0.0502590165	-0.0386946006	-0.0124160797	-0.0070767571	-0.0844963413	-0.0674262912	-0.0405305236	0.0508454726	-0.0345821229	-0.0261865264	0.0301454081	-0.0204121662	-0.0837303719	0.0548944115	-0.1368221402	0.0675788808	0.1228707005	-0.0099964433	0.1170707913	-0.0566110846	0.0335070402	0.1047276245	-0.021988694	-0.0099953331	-0.0656647247	-0.1045555059	-0.0166535099	-0.072273402	0.0441438221	-0.0501121611	-0.0472144693	0.0123762994	0.009734602	-0.0505846317	-0.0125897346	0.0193501174	0.0350259656	-0.0210126042	0.0256359079	-0.0133844514	-0.0946496056	0.0391606907	0.0	0.0	0.0	0.1852428853693766	0.0090702123482345	8.226875204206594e-05	0.034314926579972	0.9328502866088968	-0.0785929683788282	0.870209657226301	0.0061768546785954	0.3909424215811867	-0.0774966715906658	0.1528359769917623	0.0060057341076315	0.0057541342445286	-0.0003580160686569	1.2817550541654253e-07	3.311006090405672e-05	-0.0031850696149031	6.084609013330038e-05	3.7022466845097132e-09	1.014466845177898e-05	0.0022471896979501	-0.000575768152202	5.049861538573062e-06	3.315089650902204e-07	0.0	0.0	0.0	0.0	0.0	0.0	0.0	0.0	0.0	0.0	0.0	0.0	0.0	0.0	0.0	0.0	0.0	0.0	0.0	0.0	0.0	0.0	0.0	0.0	0.0	0.0	0.0	0.0	0.0	0.0	0.0	0.0	0.0	0.0	0.0	0.0	0.0	0.0	0.0
522.9923685978945	0.3429211885766108	273521.0176116359	0.1175949415747954	781.4232885795727	-1.3073390046058648	610622.3559345142	1.7091352729638534	582.8035649505903	-0.5190257009667221	0.2693876782639972	339659.9953191169	605.3853364537974	432.1032960561824	0.763205	25.883047	0.2891859442319231	0.155289389967396	0.0519589902	-0.1383492942	-0.0611918437	-0.0743260919	-0.0144752962	0.0291895537	-0.0014473198	-0.0598438991	0.0280210441	-0.0003696689	0.0017133308	0.0630520217	0.0657137935	0.0035231067	-0.0172536416	-0.1115364455	-0.0265648153	0.091741773	-0.0323709505	0.0239383371	-0.0451507082	0.0338584514	0.0217085948	0.0651655122	-0.0195102804	0.0720788122	0.0244298699	-0.0467967707	-0.0228941908	-0.0551861463	0.0408931446	0.0506076327	0.0310040211	-0.0252110902	0.0628341038	0.048531183	0.036957362	0.0528020409	-0.0597665605	-0.0928920616	-0.039377051	0.0062911173	0.0360834288	0.040180901	0.0821424958	-0.0026397324	-0.0433214219	0.091567232	0.0231884596	-0.0371488672	-0.0658089356	-0.1484010378	-0.0984075536	0.0038297404	0.0168738677	-0.06445086	-0.0299449445	-0.0585241803	-0.0581493189	0.0125231887	0.0254333212	-0.0806449095	0.0929960193	-0.0405910774	-0.0005390408	0.0952838755	-0.0272586527	-0.0225839412	0.0250480261	0.0403129951	-0.050346043	0.0564852185	-0.0303403339	0.0079749185	0.025591949	-0.0346103591	-0.0422567326	-0.0452740287	0.0080538513	-0.0203487173	-0.0337988059	-0.0232413121	-0.0777795834	0.019650985	7.18402e-05	0.0497710713	0.0809311951	0.013402425	0.0234880695	-0.059171947	0.0902974202	0.0456476683	0.109801361	0.0021056979	0.0899736227	-0.0605916378	0.0327395958	0.0683801523	-0.0656468006	-0.0235120378	0.0076194773	-0.001801696	0.0221249072	-0.0418657561	-0.0553240284	-0.0791182662	-0.0389748029	-0.0048434201	-0.0507727433	-0.0979967108	0.0803346189	0.0102177247	0.0832683609	0.0421939432	-0.0588478826	-0.0148607543	-0.0938011671	0.043223565	0.0	0.0	0.0	0.150549567137233	-0.0346933182321436	0.0012036263299567	0.0226651721652082	1.039362003317322	0.1065117167084253	1.0802733739397972	0.0113447457961758	0.4899920416375209	0.0990496200563342	0.240092200868106	0.0098108272333041	0.0053960744834091	-0.0003580597611194	1.282067925329533e-07	2.9117619830498785e-05	-0.0033527507259458	-0.0001676811110427	2.8116955000514296e-08	1.1240937430330089e-05	0.0027000746104883	0.0004528849125381	7.290402902203544e-06	2.051047440047328e-07	0.0	0.0	0.0	0.0	0.0	0.0	0.0	0.0	0.0	0.0	0.0	0.0	0.0	0.0	0.0	0.0	0.0	0.0	0.0	0.0	0.0	0.0	0.0	0.0	0.0	0.0	0.0	0.0	0.0	0.0	0.0	0.0	0.0	0.0	0.0	0.0	0.0	0.0	0.0
522.0561444990223	-0.9362240988722306	272542.618009184	0.8765155633091202	780.551021620544	-0.8722669590287069	609259.897352875	0.7608496478131878	583.2046860363042	0.4011210857139531	0.1608981254043405	340127.7058147042	604.8708139013072	424.0217638868935	0.7905649999999999	26.810944	0.1704681761969697	0.0940513967041007	0.05934573	-0.1105997744	-0.1039235292	0.0139903548	-0.0015542764	0.0670048721	0.002560338	-0.0402632545	-0.0705139906	0.0783881858	0.0067787905	0.1123244567	0.1003018319	0.039346658	0.0156031485	-0.0348722841	-0.0667455951	0.0470777786	0.0255047002	0.0035364178	0.0926507085	-0.0533895938	-0.088110815	0.0454375825	0.0288698988	-0.0751769967	0.1026738721	-0.0914400566	-0.1391630293	-0.0372254677	-0.0218313758	-0.1378662273	-0.0006503537	0.110246924	-0.0757612148	0.0797437814	0.0168541184	-0.0727106077	-0.0855693829	-0.0072042821	-0.0920087668	-0.0815918106	0.0854948456	0.0625453483	0.1611307861	-0.1358828738	-0.0335304772	-0.0801614739	0.1114616202	-0.1407389417	0.0237145481	-0.0529172692	-0.0541062971	0.0439630757	0.0311184809	-0.1277648425	-0.024090655	-0.0203148244	0.0875014965	0.0187846015	0.010356348	-0.0866658769	-0.0018811457	-0.0277336375	-0.0207067802	0.1153772241	-0.003877547	0.0542711168	-0.0995033398	0.0399465478	-0.0515334639	0.0580882452	-0.0355431389	0.0392763991	0.1191603558	-0.0402360284	-0.064100087	0.0729640771	0.0272309233	0.0404246428	0.0388487642	0.007162753	0.0162864413	-0.0249340302	-0.1630627228	0.0455421801	0.062138968	-0.1190079283	-0.0811080375	0.0284099428	0.0209941288	0.0568515105	0.1112446321	-0.0085437702	0.0978703819	-0.0052042461	0.0234185149	0.1236411538	-0.0107454057	-0.0015997843	-0.0983848739	-0.0036663866	-0.0097693174	-0.0062321042	-0.0827497406	-0.0400375305	-0.037823075	0.0944479654	-0.0519294893	0.000177794	0.0241983734	0.1001073919	0.0525284178	0.0107911132	0.0192304913	-0.0163336343	-0.0928663126	0.0471968518	0.0	0.0	0.0	0.1531014516614277	0.0025518845241946	6.512114624824369e-06	0.0234400545008364	1.0165902120564283	-0.0227717912608937	1.033455659248934	0.0005185544772297	0.4026213195881496	-0.0873707220493713	0.1621039269869029	0.0076336430714284	0.0047178403299563	-0.0006782341534527	4.600015669098359e-07	2.225801737896217e-05	-0.0035518196676025	-0.0001990689416567	3.962844353231873e-08	1.2615422951167936e-05	0.0024219021383476	-0.0002781724721406	5.865609967732677e-06	7.737992425686848e-08	0.0	0.0	0.0	0.0	0.0	0.0	0.0	0.0	0.0	0.0	0.0	0.0	0.0	0.0	0.0	0.0	0.0	0.0	0.0	0.0	0.0	0.0	0.0	0.0	0.0	0.0	0.0	0.0	0.0	0.0	0.0	0.0	0.0	0.0	0.0	0.0	0.0	0.0	0.0
522.5125752912331	0.456430792210881	273019.3913374765	0.2083290680782524	781.897499396787	1.3464777762429776	611363.6995629485	1.813002401916234	581.8269894877945	-1.3776965485096753	1.898047779775472	338522.6456964302	604.7704198243188	429.07774551725294	0.8071629999999999	27.373816	0.26760649074038	0.1425769276068741	0.0724490704	-0.1594949972	-0.0966805038	-0.0104239142	0.0104353413	0.0510022006	-0.0802822043	-0.0885580943	0.0372475718	0.0752836038	0.0375504835	0.0709456051	0.1496328429	0.0277320515	-0.0152079091	-0.1027197544	-0.0293984218	0.0881723257	0.070476532	0.012866049	-0.0417215905	0.0296081791	0.0815398294	-0.0330916916	-0.0277874612	0.0660254946	-0.0034481213	-0.0972000587	0.0649994664	-0.0523781563	-0.0625890017	0.0133972701	-0.0251419268	0.0513206936	0.0958867649	0.0892284093	0.0011398201	0.0704870739	-0.0155033751	0.1233862788	0.0072767813	-0.0237372266	-0.0392008185	-0.007196283	0.0320628468	-0.0405876208	0.0070647804	-0.0760493458	0.0745622188	-0.0219135786	-0.0692533907	-0.0388562823	-0.0141192983	0.0454173288	0.0211683508	-0.1034902296	-0.0046934579	-0.1275202596	-0.0290682256	-0.0144267645	0.0429715878	-0.0653906033	-0.0135607705	-0.1090036426	-0.0782642133	0.0285915231	-0.0499006248	-0.096256863	0.0187281092	0.0045750829	-0.0191819628	0.0639919355	-0.0702438935	-0.0106373844	-0.0182580326	-0.0657873416	0.0087942996	0.0756488726	0.0507560785	-0.0858241525	-0.0289634154	-0.0182785436	-0.0753699592	0.0976971008	0.1154259437	-0.0292639697	0.0284026044	-0.0581769467	-0.0646504723	-0.0551927495	0.0304693177	0.0636532307	0.1262984136	0.0154759476	0.1250759525	-0.0661636191	0.0299679472	0.0821188602	-0.0808169497	-0.0215098494	0.0055393241	-0.0856281832	-0.0171735995	-0.0770960893	0.0356091199	0.0709402498	-0.0923842663	0.0608820778	-0.1056829272	-0.0702850814	0.0030080516	0.0083823592	0.0732783894	0.02941693	-0.1007570434	-0.0178027522	-0.0918459034	0.051072316	0.0	0.0	0.0	0.1773221574443368	0.0242207057829091	0.0005866425886222	0.0314431475207141	0.9566286375881674	-0.0599615744682608	0.9151383502537932	0.0035953904127127	0.4428178504590647	0.040196530870915	0.1960876486851865	0.0016157610940564	0.0070292725746475	0.0023114322446912	5.3427190217982e-06	4.94106729286915e-05	-0.003519714710837	3.210495676549997e-05	1.0307282489146223e-09	1.2388391645682387e-05	0.0029429185292568	0.0005210163909092	8.660769469843006e-06	2.714580795960483e-07	0.0	0.0	0.0	0.0	0.0	0.0	0.0	0.0	0.0	0.0	0.0	0.0	0.0	0.0	0.0	0.0	0.0	0.0	0.0	0.0	0.0	0.0	0.0	0.0	0.0	0.0	0.0	0.0	0.0	0.0	0.0	0.0	0.0	0.0	0.0	0.0	0.0	0.0	0.0
522.5224943912712	0.0099191000380187	273029.757144876	9.838854556422396e-05	782.9764095551786	1.0789101583916365	613052.0579199188	1.1640471298806656	582.3526763437684	0.525686855973845	0.2763466705436661	339134.63964474987	605.3599250668385	429.53751398886646	0.833569	28.269371	0.2970279842785408	0.144044487223082	0.0661881054	-0.1297902397	-0.0718897558	-0.0426170931	-0.0095673554	0.0707218339	0.0182929475	-0.0158689772	-0.0951267545	0.0809115841	0.0175277559	0.091876552	0.1329829752	0.0200089264	0.0646982592	0.0214209044	-0.056606905	-0.0544597941	-0.058129441	-0.0944088425	-0.0067064513	0.1026018441	-0.0421368226	0.0043526384	0.0704426167	0.1568580438	-0.0415021352	-0.1010845264	0.015840615	-0.0816165346	0.0714997886	-0.0328342009	-0.1480319589	0.1338943125	-0.0992629372	-0.0262727076	-0.0019685055	-0.0115687295	0.0679858349	-0.0888447848	0.0557748827	-0.0064958301	-0.0498283009	-0.1197048181	0.0059531048	-0.0690309436	0.0055529059	0.1217148876	-0.0502034312	-0.0707301585	-0.0128249845	0.0353108017	-0.0757502899	0.0410945189	0.0448553515	-0.1391327824	-0.0074755864	-0.0065575833	0.1098301358	0.0233117764	0.0267129018	0.0443549143	-0.000801845	0.0452246507	-0.0596136445	0.0925370012	-0.1092115078	-0.0459071135	-0.0124828257	-0.0171001766	-0.0532798837	0.1278931902	0.0812888854	-0.1001307285	-0.1297327529	-0.1187159287	-0.0452700785	-0.0159739711	-0.0179919356	-0.0753627976	0.0090958305	-0.0019255719	0.0592584261	0.1238632082	-0.0409084159	0.0381719081	0.1267813684	0.1245684652	-0.0249088489	-0.000416672	-0.07108348	0.0587468766	0.1134166866	-0.005199887	0.1116616334	-0.0148770645	0.0011672109	0.0978029928	0.019514793	0.0201505811	-0.0627472599	-0.0568640381	-0.0053441711	-0.1197661302	0.0519869464	-0.0663494222	-0.0259475023	0.0204002682	-0.019657926	-0.0558846702	0.0244431502	0.046266039	0.1013832079	0.0282497638	0.0305691411	-0.0192677695	-0.0907408796	0.054841925	0.0	0.0	0.0	0.1542719096106282	-0.0230502478337085	0.0005313139251953	0.0237998220949098	1.0443061548847083	0.0876775172965409	1.0905753451300844	0.0076873470392852	0.3922615046039084	-0.0505563458551562	0.153869087994122	0.0025559441062261	0.0051913579962119	-0.0018379145784356	3.37792999762611e-06	2.6950197844833237e-05	-0.0032013385891773	0.0003183761216597	1.0136335484307217e-07	1.0248568762555703e-05	0.0023843317634894	-0.0005585867657673	5.685037958384473e-06	3.12019174890484e-07	0.0	0.0	0.0	0.0	0.0	0.0	0.0	0.0	0.0	0.0	0.0	0.0	0.0	0.0	0.0	0.0	0.0	0.0	0.0	0.0	0.0	0.0	0.0	0.0	0.0	0.0	0.0	0.0	0.0	0.0	0.0	0.0	0.0	0.0	0.0	0.0	0.0	0.0	0.0
522.2391423706065	-0.2833520206646653	272733.7218239866	0.0802883676147489	781.9370748285662	-1.0393347266124238	611425.5889914548	1.0802166739425216	581.8719200684359	-0.4807562753325101	0.2311265962715882	338574.93136412825	605.2813859845771	431.9029314086641	0.94569	32.071796	0.1774921399002713	0.0928684029917207	0.0801507637	-0.1366060459	-0.0407658591	-0.1013930002	0.022943622	0.0912044468	-0.0331701542	-0.0852563049	0.096132988	0.0410776048	0.0377403766	0.0672250758	0.1047186512	0.0659100031	-0.0112075765	-0.0572846868	-0.0599015844	0.0703356116	-0.1224877024	0.1205757917	-0.0747738284	0.073350253	0.0653632707	-0.0192160712	-0.0477869895	0.0275698536	-0.0049213284	0.0487684388	-0.021042716	-0.0278163195	0.1286485258	0.0599656045	0.0630885641	-0.0378802729	0.0173401683	0.0596743735	0.1191920833	0.1181000245	0.0399973775	-0.0327373241	-0.0221321928	0.0220755001	0.0282849867	-0.0429518934	0.0281741425	0.0032402439	-0.0183260886	-0.0425131997	0.0055074592	0.0701340399	0.0253129515	-0.093342715	0.0210461212	0.0504740049	0.0328089906	-0.0766262338	-0.0178454092	-0.1247507445	-0.1309249409	-0.0797722707	0.0438350185	-0.0727235049	0.1720063982	0.065940817	-0.0178331037	0.0267089701	-0.0058095891	-0.0273713668	-0.0278241171	0.0508407071	-0.0138114896	-0.0603304347	-0.0011288206	0.0957341886	-0.0204835173	0.0692412155	0.0411689977	0.0050740047	0.0190299016	-0.0462900602	0.0487359533	-0.0306148877	-0.0229982479	0.0343948921	0.0828629372	0.0637383734	-0.006882655	-0.0577357061	0.2189173208	0.0373460764	0.0582520665	0.0679630326	0.1142537872	-0.008414839	0.0900123519	-0.0511238256	0.0567958832	0.0664205731	-0.0889871163	-0.0248774102	0.0079621361	-0.0274255287	0.0358226623	-0.0438887975	-0.0398013394	-0.0720759327	-0.0616763117	-0.027174313	-0.0304366021	-0.0872918486	0.0182458921	-0.0138800832	0.0608482757	0.0419160476	-0.059316069	-0.020728349	-0.0895522592	0.0584978657	0.0	0.0	0.0	0.1695259889213218	0.0152540793106936	0.0002326869356169	0.0287390609197521	0.9671307158744328	-0.0771754390102755	0.9353418215877928	0.0059560483864287	0.4322346294615755	0.039973124857667	0.1868267749057854	0.0015978507108866	0.0050650236550992	-0.0001263343411127	1.59603657443801e-08	2.5654464626714454e-05	-0.0035870112231539	-0.0003856726339766	1.4874338059844852e-07	1.2866649515032038e-05	0.0027741147228328	0.0003897829593433	7.695712495437702e-06	1.519307553944985e-07	0.0	0.0	0.0	0.0	0.0	0.0	0.0	0.0	0.0	0.0	0.0	0.0	0.0	0.0	0.0	0.0	0.0	0.0	0.0	0.0	0.0	0.0	0.0	0.0	0.0	0.0	0.0	0.0	0.0	0.0	0.0	0.0	0.0	0.0	0.0	0.0	0.0	0.0	0.0
524.5947275963521	2.3555852257455854	275199.62822189083	5.5487817557508805	793.40359586303	11.466521034463767	629489.2659283862	131.48110463380002	584.5297761636094	2.6578560951735426	7.064199022651152	341675.05922187935	606.1459966253062	424.5319219062153	1.28068	43.432503	1.0492067311146296	0.5713868149459681	-0.0107197727	-0.0981669815	-0.0295277548	0.038707271	-0.186543688	-0.115597636	-0.026738954	0.1373968796	-0.0005699082	0.0192584377	-0.085580904	0.0321179603	0.0306830232	-0.0166293732	0.0456860609	-0.0710662349	0.0216122919	-0.0012348	0.0276903776	0.0341547011	0.0281097885	0.0573214958	0.0948291541	-0.062094516	-0.0172074704	-0.0771214396	0.056043653	-0.0201551239	-0.0385027027	-0.0230895911	-0.0881363649	0.0702170159	0.0664699178	0.1299976374	-0.056538535	0.1169181635	0.0256270487	-0.0223155289	-0.0723922411	0.1034771587	-0.0827819641	0.0709579329	0.0046112821	0.0339873685	0.0027411068	-0.0651554236	0.1116857399	-0.0494330176	-0.0794192777	-0.0236928614	-0.0238324712	0.0651060796	0.0239914133	-0.1022469363	0.0364087744	-0.0052121743	-0.0494195502	-0.0990615379	-0.0067927301	0.2019584186	0.0022086723	0.0811812976	-0.0048986373	-0.1001550279	-0.0705042155	-0.0242424494	-0.1675541996	-0.0468560766	-0.0259008184	0.0020552114	0.0102209757	-0.0469901414	-0.0655543167	0.0566861323	0.0869625923	-0.0236722059	0.0061488508	0.0415760225	0.0108512052	0.0931513138	-0.060751564	-0.0723527721	-0.013777981	0.0163578175	-0.1244544213	-0.068289594	-0.0075171603	-0.0428529515	0.039249176	-0.0879562167	-0.0543039746	-0.0002505125	0.1089795324	0.1353266785	0.0703736242	-0.0989887026	-0.0097317661	-0.0192632905	0.0273805501	-0.0099999764	0.0772041521	0.1318642874	-0.0790041456	0.1967486208	-0.01225638	-0.0526006793	0.0521615979	0.0147139421	-0.0067418936	0.0933082929	-0.0006573097	0.0843403212	-0.1300975885	0.0033354835	0.016281602	-0.022184154	-0.0882811372	0.0620325607	0.0	0.0	0.0	0.1962855590567471	0.0267595701354252	0.0007160745938327	0.0385280206942197	1.364714160107468	0.3975834442330351	1.862444738797832	0.158072595128203	0.8283114593223644	0.3960768298607889	0.6860998736447449	0.1568768551525723	0.0089502082042635	0.0038851845491643	1.5094658981065005e-05	8.010622689966566e-05	-0.0041400769871018	-0.0005530657639478	3.058817392512741e-07	1.7140237459129916e-05	0.0029116021474282	0.0001374874245954	8.477427064908506e-06	1.8902791921875806e-08	0.0	0.0	0.0	0.0	0.0	0.0	0.0	0.0	0.0	0.0	0.0	0.0	0.0	0.0	0.0	1.0	0.0	0.0	0.0	0.0	0.0	0.0	0.0	0.0	0.0	0.0	0.0	0.0	0.0	0.0	0.0	0.0	0.0	0.0	0.0	0.0	0.0	0.0	0.0
522.1983274666148	-2.3964001297372306	272691.09320892993	5.742733581804616	782.4113503840931	-10.992245478936866	612167.5212098601	120.82946066920796	583.0195601890827	-1.5102159745267727	2.2807522897158496	339911.8075630714	605.419617387115	423.80802616684383	1.016946	34.488327	0.9093966580149364	0.4648644094435655	0.0341960599	-0.1133972569	-0.1024476988	0.0491772421	-0.0117793523	0.0349975197	-0.0152319536	-0.0297803981	-0.0052064125	0.1290491551	-0.0029158316	0.0772158383	0.095978373	-0.0387374165	-0.0186618631	-0.0477633261	-0.1207421127	-0.0066368342	0.0615135579	-0.0241260681	0.0192110985	-0.0786601018	0.0502776951	-0.0859607279	-0.0691711135	-0.0214583022	-0.096498412	-0.0390051766	0.1462975654	-0.0053141746	0.1176315071	-0.0713947031	-0.0502787068	-0.0546631351	0.0155046568	-0.1177289772	0.111193251	0.0729184728	0.073713319	0.088584007	-0.0283373341	0.039686835	-0.0449677525	0.0361199456	-0.0173216137	-0.0439080818	0.1118743075	-0.0705191157	-0.0710222331	0.0283695795	-0.0152019481	0.0186672941	0.0574170012	0.0103671487	0.030699413	-0.1109010247	0.0029451833	-0.0259178258	-0.0105734389	0.0423044179	0.0009837427	-0.0507523931	-0.1039278334	-0.031105373	-0.0902443552	0.0217122498	0.0029300461	-0.0457207504	0.0372713499	-0.0083441091	0.0114329206	-0.00866399	-0.0354132936	-0.0961718394	-0.0214840363	0.0257684829	0.1077906248	-0.0080654486	-0.0595307089	-0.1137534862	0.0958486755	0.0533417212	-0.0082808636	0.1173969099	0.0620776118	0.0245513931	-0.0758155272	-0.1057040729	0.1035108413	0.0187292675	0.0384789317	0.040525899	0.1177409938	0.0095472472	0.0790096115	-0.0398821363	0.0636968552	0.0406417996	-0.0136942313	0.0203219205	0.0483668192	-0.0334280234	-0.0502638595	0.0321677104	0.0650362268	0.0963149365	0.0532536572	0.0384094364	-0.0890306117	-0.0616475758	-0.0305485142	0.0124021995	-0.0125096656	-0.0551746219	0.0873773469	-0.0236348494	-0.0869286846	0.0654386837	0.0	0.0	0.0	0.1891686248843314	-0.0071169341724157	5.065075201449852e-05	0.0357847686406288	1.051797976485588	-0.3129161836218799	1.1062789833391775	0.097916537972482	0.5073539621098035	-0.3209574972125608	0.257408042868516	0.103013715016951	0.0053302742143771	-0.0036199339898864	1.310392209113487e-05	2.8411823200453407e-05	-0.0053829683047033	-0.0012428913176015	1.544778827369193e-06	2.897634776944032e-05	0.0034168977001019	0.0005052955526737	1.1675189892961652e-05	2.5532359555182e-07	0.0	0.0	0.0	0.0	0.0	0.0	0.0	0.0	0.0	0.0	0.0	0.0	0.0	0.0	0.0	0.0	1.0	0.0	0.0	0.0	0.0	0.0	0.0	0.0	0.0	0.0	0.0	0.0	0.0	0.0	0.0	0.0	0.0	0.0	0.0	0.0	0.0	0.0	0.0
522.7659264885258	0.5675990219109508	273284.2138974068	0.322168649674268	780.949587102522	-1.461763281571166	609882.2575955995	2.136751891349704	583.0429751118148	0.0234149227321722	0.0005482586065535	339939.1108272363	604.8278787956863	428.12879713261816	0.981604	33.289749	0.955445292082716	0.4960552163651718	-0.0005214866	-0.0915988141	0.0174256344	-0.0058418473	-0.0460436126	-0.0514732992	-0.0018553253	0.0179657752	-0.0193813029	-0.111617013	-0.0617150578	-0.005799765	0.0336685277	-0.0447214641	0.0757035383	-0.0983172332	0.09813306	-0.032400395	-0.0750270327	0.0114963864	-0.0369605019	0.0410254991	0.0589549132	-0.0157597085	0.0638908233	-0.0140109465	-0.0884036383	-0.0315968597	-0.0407702088	0.013925298	0.0058869303	-0.0720418904	0.0141164201	-0.1237570113	-0.0678434255	-0.0585467397	-0.0453161992	0.088146461	0.020024847	-0.0239384017	-0.1142611501	-0.0263864707	-0.0907172317	-0.0010306194	-0.028743235	-0.0040124579	-0.0006956768	-0.1216973907	-0.1131850648	-0.0866011228	0.0286708466	0.1118699948	0.0800415976	-0.0742581785	0.0269340156	0.0211253897	0.0211684286	-0.0970677286	-0.0510750059	0.1096312482	0.0098074505	0.192138244	-0.0300745006	0.0417263243	-0.0431351839	0.055545259	-0.0120715615	-0.085883718	0.0353466478	0.0227772678	-0.0541572994	-0.0889389893	0.0449161198	-0.050560772	0.0414252758	0.071784934	-0.0979377118	-0.1308100601	-0.0478386732	0.0059080797	0.0136732785	-0.0506618432	-0.0471409584	0.0664144923	0.0560329901	-0.0655395939	-0.0602677171	-0.015976812	0.0557303402	0.0805638993	-0.0537314518	-0.0078617217	0.0959014807	0.1281291423	0.0408612322	-0.1040681418	0.0125708567	-0.0518986601	0.038476951	0.002708629	0.1446640521	0.10160658	-0.0697431077	0.0829024232	0.1171713121	-0.0641891394	0.1148723398	-0.072983496	0.0691750927	0.0302481827	-0.0038826285	0.0676442114	-0.1508591974	-0.0021506999	0.0261167059	-0.0250801009	-0.0854961475	0.068709175	0.0	0.0	0.0	0.160553757352801	-0.0286148675315303	0.000818810643847	0.0257775090001021	1.3911103706539478	0.3393123941683598	1.935188063340964	0.1151329008362643	0.8564875482693992	0.3491335861595956	0.7335709203405264	0.1218942609846598	0.0086791957105367	0.0033489214961596	1.1215275187439852e-05	7.532843818179865e-05	-0.0049480631050837	0.0004349051996195	1.8914253265616385e-07	2.4483328491890552e-05	0.0024330355114165	-0.0009838621886854	5.919661799813749e-06	9.679848063248255e-07	0.0	0.0	0.0	0.0	0.0	0.0	0.0	0.0	0.0	0.0	0.0	0.0	0.0	0.0	0.0	0.0	0.0	1.0	0.0	0.0	0.0	0.0	0.0	0.0	0.0	0.0	0.0	0.0	0.0	0.0	0.0	0.0	0.0	0.0	0.0	0.0	0.0	0.0	0.0
522.7438869106832	-0.0220395778426336	273261.1713024891	0.0004857429914815	785.3055624264723	4.355975323950361	616704.826377958	18.97452102286445	583.3942040709493	0.3512289591344597	0.1233617817346759	340348.79734357644	606.7638039823438	427.1187199754696	0.99987	33.909233	0.8854299348030719	0.4176205019053579	0.0150076591	-0.0963272841	-0.0486791227	-0.0152315511	-0.042247586	0.0427024088	0.0617855179	-0.0627006157	-0.0272148803	0.0453997225	-0.036774842	0.0635817695	0.1220417938	-0.006554974	0.0137687027	-0.0484520151	-0.0635798635	0.0270116783	-0.0030070764	0.0491928906	0.0732614964	0.0657358269	0.1691453779	-0.0112323487	0.0257535829	0.0548155618	0.0054990905	0.0131596918	-0.0552826856	-0.0582143046	0.0591557585	0.0066926634	0.0596004545	0.0526629039	-0.0003684279	0.0360615348	-0.012673124	-0.0470584146	-0.0188245367	-0.0222620318	0.027185702	0.0159397318	0.0442197565	-0.0131078781	-0.059130787	0.035096043	0.085361271	-0.0457684747	-0.1407677391	-0.0649080783	-0.0230608469	0.0957185494	-0.0330521375	-0.016800395	0.0522658767	-0.1202949571	0.0182613672	-0.0296729529	0.0670270904	0.04800622	0.0490322414	-0.0250930972	0.0652574671	-0.0200641355	-0.0086855007	0.041624592	-0.0869874861	-0.1120696027	-0.032521747	0.0006200504	0.1060713624	0.0194175546	0.008866725	-0.0271821488	0.0644157824	-0.091529048	-0.0369888685	-0.0152666908	-0.0288874449	-0.0028830005	-0.0399329084	-0.0700004409	-0.036785111	0.0017195169	-0.0255843203	-0.0284019726	-0.0186356988	0.064819869	0.0249595288	0.0871567092	0.0108996066	0.0150441551	0.1304731627	0.0191729308	0.069457355	-0.0110299314	0.0734360941	0.0785484904	0.0121563156	0.0105779264	0.0163921875	0.0727497256	-0.0760871285	0.0189309033	0.0286534019	0.0486430863	0.057334886	-0.0650524041	0.0090304245	-0.1035405575	-0.015847275	0.0489913786	-0.0459027848	-0.0230709385	0.1373269472	-0.0265195758	-0.0839848456	0.0718372561	0.0	0.0	0.0	0.2390825183951932	0.0785287610423922	0.0061667663108531	0.0571604506021879	1.1334343196416086	-0.2576760510123392	1.284673356941436	0.0663969472653136	0.5680829858112588	-0.2884045624581404	0.3227182787682349	0.0831771916466714	0.005215838123224	-0.0034633575873126	1.1994845777596444e-05	2.7204967327676855e-05	-0.0051456725250154	-0.0001976094199316	3.9049482845742674e-08	2.647794573469836e-05	0.0039884797099761	0.0015554441985596	1.5907970396891035e-05	2.419406654832717e-06	0.0	0.0	0.0	0.0	0.0	0.0	0.0	0.0	0.0	0.0	0.0	0.0	0.0	0.0	0.0	0.0	0.0	0.0	1.0	0.0	0.0	0.0	0.0	0.0	0.0	0.0	0.0	0.0	0.0	0.0	0.0	0.0	0.0	0.0	0.0	0.0	0.0	0.0	0.0
522.0933116168745	-0.6505752938086289	272581.42603507487	0.4232482129141838	777.7628346047206	-7.542727821751669	604915.0268923701	56.89274299302667	582.7057918919292	-0.6884121790201334	0.4739113282232482	339546.03990440024	605.4004665124612	429.98913946967	0.8502189999999998	28.834005	0.3352476120231971	0.1700845952709874	0.0362588089	-0.0942885768	0.0051779485	-0.039350303	0.0133953856	0.0055656427	-0.0121475536	-0.0615327434	0.0007004082	-0.0485595941	-0.0181047192	0.0333120167	0.0938325939	-0.0030179368	0.0599796248	-0.0124027125	-0.020520434	0.0122385065	-0.0523685484	0.0823089072	-0.075345403	0.0043146875	-0.0408782263	-0.0443183586	-0.0027657345	0.0069039215	0.0501970415	0.0171401376	0.0195172741	-0.06110223	-0.1082253819	0.0111447477	0.0052976309	0.053820869	0.0557259097	-0.0638298398	-0.0645307254	-0.0051224944	-0.0320583613	-0.0422635941	-0.0632985263	0.0339458253	-0.072459304	0.0216634736	-0.0531827269	0.0906568519	-0.0408870339	-0.0856281288	0.0407057468	-0.0026313518	-0.0165333508	0.0222157143	-0.1394348275	-0.022230472	0.0161349102	-0.0761287845	0.0016721647	-0.0796771022	-0.0360557614	0.0327551556	-0.0378217644	0.0244791458	0.0897217116	-0.0431431341	-0.0500796688	0.0151582668	-0.0024685144	0.0258890139	0.0091885295	-0.0279326362	-0.0438396826	0.0439165034	-0.0407824089	0.0239518143	0.0021124981	-0.0482093679	-0.0179867246	-0.0028143762	0.0883276137	-0.026302234	-0.0149048624	0.0622867962	0.0139929357	-0.1094630317	0.0971049018	-0.00770825	-0.1089355085	0.0003670654	-0.0127273233	-0.0170248107	-0.0178932721	0.0223435682	0.1092620144	0.0373571662	0.0534049725	-0.0118149339	0.0348994343	0.0027321906	0.0066223078	-0.0008262198	0.0871875878	0.0672782845	0.0180478052	0.0762029982	-0.0234100591	-0.1375279184	0.0056952603	-0.0556560945	-0.0330038509	-0.0547627155	0.0205478237	0.0086437056	-0.0012437231	0.0370982073	-0.0414719679	-0.0279529424	-0.0823961712	0.0748164435	0.0	0.0	0.0	0.1856547940864032	-0.05342772430879	0.002854521724816	0.0344677025672647	1.2672673938689627	0.1338330742273541	1.6059666475634329	0.0179112917571444	0.5783870506094217	0.0103040647981629	0.3345315803126658	0.0001061737513647	0.0043470982009482	-0.0008687399222758	7.547090525557636e-07	1.8897262768687077e-05	-0.0037779921405578	0.0013676803844575	1.870549634030087e-06	1.4273224614116508e-05	0.0034712450429317	-0.0005172346670444	1.20495421480779e-05	2.675317007925316e-07	0.0	0.0	0.0	0.0	0.0	0.0	0.0	0.0	0.0	0.0	0.0	0.0	0.0	0.0	0.0	0.0	0.0	0.0	0.0	0.0	0.0	0.0	0.0	0.0	0.0	0.0	0.0	0.0	0.0	0.0	0.0	0.0	0.0	0.0	0.0	0.0	0.0	0.0	0.0
520.9820298992798	-1.111281717594693	271422.2754779741	1.234947055860211	779.3089874892207	1.5461528845000885	607322.4979814744	2.390588742247944	583.0259581658534	0.320166273924201	0.1025064429585065	339919.2678952114	605.0854843952617	425.7040337942704	0.794965	26.960161	0.4665702664811584	0.2164761481567142	0.0372995396	-0.0476880028	-0.0417510787	-0.0134881786	0.0210542912	0.0576900022	0.0307952621	-0.0396668926	-0.0402235693	0.0226736841	0.0073948048	0.0636884123	0.0391713023	-0.0228311802	-0.0514114132	0.0068006308	0.0021100001	0.0156099445	0.0160815923	-0.0317226003	0.0099035281	0.0153834212	-0.0018561662	-0.0392900462	0.0751378977	-0.0273199293	-0.0968482934	0.0613064074	-0.0961572229	-0.0663573581	-0.0579230972	0.0066367663	-0.0057335363	0.0469591742	0.0027268512	0.0420124231	-0.1747989072	0.0171642607	0.0082725651	-0.0409177687	0.0041506082	-0.0302351959	0.0157028656	-0.0209329164	0.0168796582	0.0188106994	0.0306475842	0.1211160439	0.0376160401	0.0148161875	0.0329478688	-0.0215121205	-0.0032673487	0.0322030669	0.0359944725	-0.0751792152	0.0097553273	0.0416020883	0.0169866358	0.0336391372	0.0027553013	-0.0143493	-0.0093558668	-0.0750319002	0.0214613801	0.0305672962	-0.0292582528	0.0440145386	-0.0695229539	-0.0256534953	0.0439558056	-0.0339509169	0.1196245642	-0.0348022177	0.0406465816	0.0303297701	-0.0609029661	-0.0067773493	0.0341346615	0.0333715627	0.0846642783	-0.0011038642	-0.0626909907	-0.0947662653	0.0377252211	0.0179185111	0.1099274857	0.0595529145	-0.0604056049	-0.0224237786	-0.0746572202	0.0391512503	0.0655169594	-0.0137929208	0.0356743989	0.0025392454	0.0415246086	0.0511329471	-0.0043044129	0.0098770079	-0.0066210436	0.0452634623	-0.0212451476	0.077836138	-0.1025153737	0.0218403092	0.0016931058	0.0373118654	-0.0597381184	0.0321064656	-0.0096646663	0.0969005309	-0.0055813121	-0.0869275021	0.0736085966	-0.0293798706	-0.0807315878	0.0776405624	0.0	0.0	0.0	0.1073590618397162	-0.078295732246687	0.0061302216880449	0.011525968159104	1.1194973996845334	-0.1477699941844292	1.253274427900432	0.0218359711812662	0.4884008965487396	-0.0899861540606821	0.2385354357496126	0.0080975079226328	0.003111081411412	-0.0012360167895361	1.5277375040153744e-06	9.67882754843328e-06	-0.0039051845085744	-0.0001271923680165	1.617789848167015e-08	1.5250466046009476e-05	0.0018240864806973	-0.0016471585622343	3.3272914890626616e-06	2.7131313291420952e-06	0.0	0.0	0.0	0.0	0.0	0.0	0.0	0.0	0.0	0.0	0.0	0.0	0.0	0.0	0.0	0.0	0.0	0.0	0.0	0.0	0.0	0.0	0.0	0.0	0.0	0.0	0.0	0.0	0.0	0.0	0.0	0.0	0.0	0.0	0.0	0.0	0.0	0.0	0.0
521.079348918557	0.0973190192771653	271523.6878693873	0.0094709915130692	778.9201627140156	-0.3888247752050802	606716.6198824286	0.1511847058132811	583.5382448872055	0.5122867213520976	0.2624376848736817	340516.88324604015	605.5034100892113	424.0194399228864	0.775557	26.301943	0.217529201115466	0.1128761667178702	0.0192150619	-0.0549360878	-0.0349377461	0.0289460445	0.0110722341	-0.005268687	-0.0588557663	-0.0292942928	0.0551118773	0.0340620056	-0.0105223767	0.0717694315	0.0468757354	0.0337450748	-0.035701205	-0.0579334176	0.014730552	0.1245103228	-0.0372220018	-0.1624496269	0.0062505937	-0.043183912	-0.0962757581	-0.1273021863	-0.0365538575	-0.0856459642	0.0373728175	-0.0800375478	-0.0009763432	-0.0877448519	-0.0816762404	-0.0306142642	0.0834215732	-0.0020032506	0.0236559249	0.0189567337	-0.035090524	-0.0536083247	0.0589966434	0.0206677788	0.0239567514	-0.0504781056	0.1149358656	0.0424586347	-0.1396353874	-0.0337444988	0.0060602758	0.050294413	-0.0459345432	-0.006181798	-0.0125472591	0.0557298586	-0.029361253	-0.0020713295	0.0176691654	-0.0511497694	-0.054677746	-0.0682707626	-0.0631233581	0.011901821	-0.0121343197	-0.0395070265	-0.0514205728	-0.0926766005	0.0131881323	0.1080485839	0.0222283135	0.0332939488	0.0271954524	-0.0723479138	-0.0087658543	0.0131788236	-0.1096434885	0.0664426503	-0.0974910319	0.0134451902	-0.0730489301	0.1191150617	0.0024967583	0.0544882413	-0.0223456949	0.071447649	-0.0572609702	-0.1336358864	0.0056489004	0.0760825251	-0.0373016327	-0.0783827156	0.001290467	0.0310024803	0.01404908	0.0246164909	0.0531370507	0.0095314217	0.017395841	-0.0428803067	0.0396797429	-0.0135627712	-0.0214350809	0.0237204137	0.0976020279	-0.0096576692	-0.0448536607	0.0847957133	0.0187102035	0.0779194802	0.022530294	-0.0238395317	-0.0931551265	-0.0085299452	-0.0683004366	-0.0503814338	-0.0683689001	-0.0822947029	-0.0281379174	-0.0308000317	-0.0789926291	0.0803037594	0.0	0.0	0.0	0.1025950317343102	-0.004764030105406	2.269598284521476e-05	0.0105257405365641	1.1633911265588353	0.0438937268743018	1.3534789133558358	0.0019266592589158	0.5874317806375728	0.0990308840888332	0.3450760969030295	0.0098071160034159	0.0037072164515334	0.0005961350401213	3.553769860605432e-07	1.3743453818519892e-05	-0.0032909843120392	0.0006142001965352	3.772418814238784e-07	1.0830577742088126e-05	0.0016376105164154	-0.0001864759642818	2.6817682034743133e-06	3.477328525486443e-08	0.0	0.0	0.0	0.0	0.0	0.0	0.0	0.0	0.0	0.0	0.0	0.0	0.0	0.0	0.0	0.0	0.0	0.0	0.0	0.0	0.0	0.0	0.0	0.0	0.0	0.0	0.0	0.0	0.0	0.0	0.0	0.0	0.0	0.0	0.0	0.0	0.0	0.0	0.0
520.4782050605172	-0.6011438580397908	270897.5619430178	0.3613739380589641	779.7714900189673	0.8513273049516101	608043.5766464004	0.7247581801561718	582.4772225024185	-1.061022384786952	1.1257685010189908	339279.71473413194	604.2179898746679	427.1744025071146	0.7622999999999999	25.852358	0.0975501942239566	0.0522489116809857	0.0159719582	-0.0399688385	-0.0316184864	0.0727321733	0.0019383259	0.0212749971	0.0245649847	0.0015841712	-0.0223549812	0.0124717065	0.0060371107	0.0462457794	0.0512781395	-0.0297281787	-0.0341775383	-0.0385715092	-0.0306540174	0.040201918	0.0052959668	0.0605836473	0.0724475794	0.0607748566	-0.0610834415	0.0225761543	-0.0598355309	-0.042290097	0.0189378096	-0.0030287705	0.1208791613	0.0973660105	-0.0016712269	-0.1167704023	0.0181032609	0.0276407721	-0.0016569345	-0.027569077	0.055805674	0.0665967407	-0.0011261266	-0.1036093395	0.0233897017	-0.0457894468	-0.0494206907	-0.0586832473	0.0389494596	0.0603102684	-0.0017861566	-0.039983004	0.0115415092	-0.076329321	-0.0416991199	0.1336872731	0.0287801826	0.0179917786	0.014542995	-0.0485195271	0.0152243104	0.0118820628	0.0216185594	0.0708255541	0.0231181465	0.0134017771	-0.0918807761	-0.0208051919	-0.0419853879	0.0485427073	-0.0114636673	-0.0139051782	-0.0393653332	0.0949684148	-0.0978607218	-0.0314406706	-0.0422575404	-0.1126325679	0.0077806107	-0.0380240556	0.1321285835	0.0157474375	-0.0695114745	0.0072040795	-0.0083948671	-0.0623531796	-0.0193837755	-0.0034998469	0.0981617397	0.0560697449	-0.1306126074	1.2033e-06	-0.0386950943	0.0774736455	0.016146722	0.0214837402	0.0505663915	-0.0041534294	0.0103666647	0.000262399	0.0342606105	0.0024898197	0.0325803767	0.0309915465	0.0408323634	0.0004756568	-0.0513550254	0.0041846776	0.0625131718	0.0719689803	0.0774405097	-0.0307449853	-0.0205020358	0.0202812922	-0.0579710139	0.0391987613	-0.0118360701	-0.0828597395	0.1192963737	-0.0322130987	-0.0771808971	0.0828005146	0.0	0.0	0.0	0.0987830152722324	-0.0038120164620777	1.4531469507152102e-05	0.0097580841062741	1.1643328388372964	0.0009417122784611	1.3556709595949177	8.868220154045508e-07	0.5481502940258451	-0.0392814866117277	0.3004687448406204	0.0015430351904273	0.0030208432219149	-0.0006863732296184	4.711082103369297e-07	9.125493771389195e-06	-0.0034049505075235	-0.0001139661954843	1.298829371316574e-08	1.159368795868454e-05	0.0013676503640844	-0.000269960152331	1.870467518380192e-06	7.287848384657678e-08	0.0	0.0	0.0	0.0	0.0	0.0	0.0	0.0	0.0	0.0	0.0	0.0	0.0	0.0	0.0	0.0	0.0	0.0	0.0	0.0	0.0	0.0	0.0	0.0	0.0	0.0	0.0	0.0	0.0	0.0	0.0	0.0	0.0	0.0	0.0	0.0	0.0	0.0	0.0
519.1739381731188	-1.3042668873983985	269541.5780781854	1.701112113563907	779.7661989892435	-0.0052910297237076	608035.3250861326	2.799499553715787e-05	580.2427485355389	-2.234473966879591	4.992873908662616	336681.64722807665	603.9010976259825	428.22969650203146	0.7985689999999999	27.082384	0.1295283262319787	0.0623157070004125	0.0294449552	-0.0256062487	0.0086503639	-0.0736856118	0.0170211718	0.0469046956	0.054925628	-0.0096777803	0.0934289063	0.0174868376	0.0534432481	-0.0272280659	0.0288062879	-0.0657443326	-0.0487476373	0.0005519275	0.0534429042	-0.0764148973	-0.1159147017	0.0030281128	-0.0570838835	0.0268071539	0.005308964	-0.0581291791	0.0322083857	-0.0521049778	0.0041865032	0.0094439982	0.0992310731	-0.0706394856	0.0372159228	-0.1675735385	0.0574356188	-0.0170264318	0.0540752458	0.0207066703	-0.0953766209	0.0825161001	0.0589400315	0.0098245047	0.0133360544	-0.0800038865	0.0635956732	0.0962795226	-0.0814741634	-0.0152048806	0.1055339287	0.0685392046	0.0208630976	-0.0165838565	-0.0592430815	-0.0436559248	-0.000886267	0.0476760779	0.0098342641	0.0027708526	0.0537888772	0.0036245363	-0.0890934816	0.0367296389	0.0620452284	0.0500889001	0.0821660456	0.1076455425	0.0605162947	0.0197360342	0.056189649	-0.0460479349	0.0709298988	-0.0251883932	0.0032405061	-0.069361609	0.0115900934	-0.0957821839	-0.1038301657	0.0250547471	-0.0151701346	0.0273365429	-0.0293354481	0.082873285	0.0289180623	0.1563831189	-0.0896673549	0.004116846	0.0539482233	0.184675512	0.0009836526	0.0099451304	-0.0291032131	0.0093388992	-0.0546210249	0.0286818466	0.039051804	-0.0160195723	-0.0225871901	-0.0239425314	0.051893537	-0.0006668977	-0.0113871848	-0.0001177513	0.0566747114	0.0280027843	-0.0196904243	-0.0096175083	0.0449708137	-0.0651202818	0.0401797888	-0.0845571448	-0.0473063604	0.0060755581	-0.0126714601	-0.024351332	-0.0242020635	-0.046237272	0.0595585761	-0.033618746	-0.0752980608	0.0851256531	0.0	0.0	0.0	0.0835544728604134	-0.015228542411819	0.0002319085039885	0.0069813499349815	1.1335788769772677	-0.0307539618600287	1.285001070329043	0.0009458061700881	0.5752766920182211	0.0271263979923759	0.3309432723794271	0.0007358414680407	0.0021817515151003	-0.0008390917068146	7.040748924450388e-07	4.760039673642455e-06	-0.0031659619091066	0.0002389885984169	5.7115550173274356e-08	1.0023314809913908e-05	0.001417958538208	5.030817412360008e-05	2.0106064160769685e-06	2.5309123836504652e-09	0.0	0.0	0.0	0.0	0.0	0.0	0.0	0.0	0.0	0.0	0.0	0.0	0.0	0.0	0.0	0.0	0.0	0.0	0.0	0.0	0.0	0.0	0.0	0.0	0.0	0.0	0.0	0.0	0.0	0.0	0.0	0.0	0.0	0.0	0.0	0.0	0.0	0.0	0.0
519.6240885449853	0.4501503718664708	270009.1933962067	0.2026353572915219	774.9808096634714	-4.785389325772144	600595.2553466497	22.89995099921397	580.7511224537434	0.5083739182044837	0.2584440407105791	337271.8662312828	602.6500332003734	427.9543996571783	0.748739	25.392447	0.2707963735519607	0.1564225610541368	0.004760937	-0.0011167083	0.0281849208	-0.003277903	0.0286268738	-0.0178309391	0.0357498911	0.0715480138	0.0656458161	0.015794654	0.0359714206	-0.0485804091	0.0300255218	-0.0181181935	0.0464533325	-0.0362111858	-0.0170879928	-0.0666533721	-0.0290177225	0.1055649819	-0.0128250715	-0.0365625544	-0.0338639711	-0.072129067	0.0779084413	-0.0086871031	8.78527e-05	0.0383852095	0.0725958463	-0.0235127492	0.0549265148	0.0373963809	-0.0325347614	-0.0361059461	0.0415288922	0.0405377474	-0.0049347082	-8.86282e-05	0.0250363979	-0.0059137862	-0.0151923746	-0.0588844191	-0.0304961997	-0.0307478181	0.0574515954	0.0959747807	0.0007726711	0.0019799862	0.0234954237	0.0826181506	-0.1381629831	0.075548624	0.028967665	0.0203566072	-0.0364212796	0.0079682879	0.044684339	-0.0235362438	0.0222188385	0.0889645497	-0.0023791804	0.012402517	0.0882568347	0.0359403441	-0.0104283805	-0.0450917172	0.0174191323	0.0501273187	-0.0586905758	0.0124259895	0.0091823554	0.0405869518	-0.0061446101	-0.0489509184	-0.0326818567	0.0824273759	0.0671738488	0.0133567663	0.0185594757	-0.000230134	0.0374059543	0.0153933954	0.0362730742	0.0017541868	0.0602598966	0.0446056878	0.0412034536	0.0611291876	0.017631215	0.0273541245	0.1016773889	0.0111588669	0.0137032752	0.0123582793	-0.0280227783	0.0153409359	0.0086285516	0.0137529796	0.0420251646	-0.0035171457	0.0182179813	0.1464790793	0.0156884129	0.0223081335	-0.0200255948	-0.0454456812	0.0025195946	-0.044695303	0.0278125154	0.0195012192	-0.0503739885	0.0260928942	0.0776400487	-0.0533627825	0.010703847	-0.0350166499	-0.0733458549	0.0872743556	0.0	0.0	0.0	0.0380306695643071	-0.0455238032961063	0.0020724166665425	0.0014463318275095	1.2744194057099492	0.1408405287326815	1.6241448216501	0.0198360545337012	0.595957866665799	0.0206811746475779	0.3551657788408502	0.0004277109848036	0.0018059898994825	-0.0003757616156178	1.4119679177169932e-07	3.2615995170328103e-06	-0.0030354221479453	0.0001305397611613	1.704062924404926e-08	9.213787616236858e-06	0.0006492425774752	-0.0007687159607328	4.2151592440664105e-07	5.909242282853518e-07	0.0	0.0	0.0	0.0	0.0	0.0	0.0	0.0	0.0	0.0	0.0	0.0	0.0	0.0	0.0	0.0	0.0	0.0	0.0	0.0	0.0	0.0	0.0	0.0	0.0	0.0	0.0	0.0	0.0	0.0	0.0	0.0	0.0	0.0	0.0	0.0	0.0	0.0	0.0
518.2082386509736	-1.4158498940116715	268539.7786057444	2.0046309223728613	771.9470240944311	-3.033785569040333	595902.2080082481	9.203854878917378	579.2267937734956	-1.524328680247777	2.323577925425929	335503.67862512363	601.5924200464467	420.0679803956337	0.7885379999999999	26.742193	0.3604596249841238	0.2262259117117653	0.0432953913	0.0117061212	-0.0453847876	-0.0301645935	0.0705897836	0.0137863523	-0.0056705175	0.0735333463	0.0004601698	0.0093636331	0.0939119136	-0.0598655023	0.0418408443	-0.0340543252	0.0166251698	-0.0560795482	0.0345553926	-0.0334940586	0.0547782426	0.0518172868	0.0259498258	0.1427134382	-0.0008748464	0.0475790294	-0.0460086945	0.1105146044	-0.0526750502	0.037526192	0.0245579448	-0.130996249	0.0006526736	0.0561630337	0.012136235	0.1112190438	0.098844947	0.0063896602	-0.0127099195	0.0382502375	0.0267588243	0.0005215236	0.1104051053	0.0324140245	0.0094056898	0.0618290025	-0.0101368318	0.0657293836	-0.0951338783	-0.0170298351	-0.1210465867	0.0039697914	-0.0833781968	-0.2078667317	0.0968646693	0.0705311654	-0.0554248297	0.0299217906	0.052064033	-0.0936023794	0.0237037883	0.0582909627	0.0392927264	-0.0166137755	0.0685634602	0.0238282716	0.0862670739	-0.0780089217	-0.0791460847	0.0320563262	0.0028683634	-0.0023109645	-0.0177611347	0.0003543054	-0.0245337508	0.0198881768	-0.0398996982	-0.1530670782	0.1105251951	-0.0140773008	0.1114552799	-0.0865858991	0.0121505766	-0.0279480767	-0.1079284887	0.0304836202	0.1171461712	-0.0138741923	0.0620592941	0.0507265302	-0.0698172252	-0.0499603922	-0.0435218786	0.0521107047	0.0207807097	-0.0289637776	-0.0514390471	-0.0162781151	0.0241214909	0.0457486672	0.035800645	-0.0411398858	-0.0964548076	0.1600351653	0.366359305	0.157028953	0.1308512378	0.0343369907	-0.0693601753	0.0181885918	0.0669269686	-0.0495577794	-0.1033969869	0.0192435923	0.0779872458	0.0492658093	0.0768070734	-0.0364064884	-0.0713260778	0.0892421688	0.0	0.0	0.0	0.0582614529667608	0.0202307834024537	0.0004092845970769	0.003394396901798	1.0645277325533584	-0.2098916731565907	1.1332192933751946	0.0440545144604731	0.5447627224536546	-0.0511951442121443	0.2967664237751176	0.0026209427909022	0.0017347999453128	-7.11899541697e-05	5.068009574683986e-09	3.009530850257294e-06	-0.0034918576706015	-0.0004564355226561	2.083333863424383e-07	1.2193069991738532e-05	-0.0004059724299576	-0.0010552150074328	1.6481361388567846e-07	1.1134787119114042e-06	0.0	0.0	0.0	0.0	0.0	0.0	0.0	0.0	0.0	0.0	0.0	0.0	0.0	0.0	0.0	0.0	0.0	0.0	0.0	0.0	0.0	0.0	0.0	0.0	0.0	0.0	0.0	0.0	0.0	0.0	0.0	0.0	0.0	0.0	0.0	0.0	0.0	0.0	0.0
521.2018866607584	2.993648009784806	271651.4066587341	8.96192840648853	779.210831123486	7.263807029054874	607169.5193401538	52.762892555346994	582.0142919367009	2.787498163205328	7.770146009873076	338740.63601857936	604.3737206693555	421.5958350599405	0.853977	28.961462	0.2247462521324738	0.1624006883543365	0.0336283459	0.0503459068	-0.0053182075	-0.0299162793	-0.0045574004	0.013329455	-0.0674985761	0.0281977543	-0.0498246832	-0.0926764003	0.040682436	0.0327866027	-0.0054044194	0.0593238681	0.0613830351	0.0446992611	0.141373475	-0.044130937	-0.0800696334	-0.0556584415	0.0510219115	-0.0513465639	-0.0764108049	0.0312360874	0.0702208636	0.048597669	-0.0086980063	-0.0900280725	-0.0513708414	0.00052574	-0.0455438714	0.0533294693	-0.042536677	-0.0485888993	-0.0267097785	-0.0759468351	-0.0558109173	0.0909348731	-0.1064536544	0.019911956	0.0634449604	-0.0980015026	0.0433521375	-0.0026557193	0.1014353154	0.0355284423	-0.0356598709	0.0058048937	0.0264368521	0.0803051636	-0.0083587989	0.0991832944	0.0690375027	0.035826202	-0.0048491689	-0.011075741	-0.0673292425	0.0123298298	0.0709379969	-0.0113516976	-0.0228252848	0.096157234	-0.040019427	-0.0145635697	0.0952723939	0.0190294055	0.0913083244	-0.0290456776	0.0113036193	-0.0228787995	-0.067902712	0.0668509842	-0.0573451353	-0.0077214538	0.0165251398	0.0381138308	-0.0680421389	0.0126179188	0.1042153421	-0.057472741	-0.0462119052	0.0044923964	-0.0215138789	-0.080951286	-0.0663991195	-0.0552958321	0.1068100717	0.1019434637	-0.0734949497	0.0345677811	0.0285610495	0.039452989	-0.0027519416	-0.0102559471	-0.0769368327	0.0195698876	0.0241776441	-0.0450369226	0.0249871345	-0.0146476601	0.0638044324	0.0489037955	0.1082366932	0.0106634727	0.0206601824	0.028368378	-0.0466570556	-0.0405204734	-0.0053808391	-0.0168187164	0.0490749533	-0.032862935	-0.0783519911	-0.031333642	-0.0574790229	-0.0377879414	-0.0692405903	0.0910250139	0.0	0.0	0.0	0.0347712307113141	-0.0234902222554467	0.0005517905416102	0.0012090384851794	1.2229477451670334	0.158420012613675	1.4956011874091313	0.0250969003965169	0.5326970440351175	-0.0120656784185371	0.2837661407237519	0.0001455805956995	0.0014243027506488	-0.000310497194664	9.640850789421395e-08	2.028638325505737e-06	-0.0034730027777594	1.885489284209974e-05	3.5550698408706403e-10	1.206174829432451e-05	-0.0006920271193478	-0.0002860546893902	4.789015339128142e-07	8.18272853221238e-08	0.0	0.0	0.0	0.0	0.0	0.0	0.0	0.0	0.0	0.0	0.0	0.0	0.0	0.0	0.0	0.0	0.0	0.0	0.0	0.0	0.0	0.0	0.0	0.0	0.0	0.0	0.0	0.0	0.0	0.0	0.0	0.0	0.0	0.0	0.0	0.0	0.0	0.0	0.0
523.0618869338272	1.8600002730687493	273593.7375627758	3.4596010158158217	782.8285764504594	3.617745326973477	612820.5801074528	13.08808125083843	584.2045711888042	2.1902792521032097	4.797323202193796	341294.98099789454	606.3637888861484	432.2398005408748	0.769009	26.079889	0.1828645957267727	0.0938696558220288	0.0202539415	0.0302446427	0.0809781666	0.0213398032	-0.0146761654	0.0464364875	-0.0680167389	-0.0447579336	-0.0352681823	-0.0220268353	-0.0090549439	0.0989630735	-0.0046029338	0.0345932397	0.0681496506	0.0324973083	-0.0345492633	-0.0637976706	0.0949096233	-0.1334380522	-0.0291686339	-0.0586245822	0.0199403834	-0.0151775272	-0.0748721167	0.0334774449	-0.0268452912	-0.1006901518	0.0014168375	0.0162288325	0.0508266627	0.0436252012	-0.1005288257	-0.0826561116	0.111050271	-0.0260311846	-0.1580197475	-0.1022928686	-0.0042919545	0.0246774305	0.0355736871	-0.0719802128	-0.113103378	0.0022231052	0.0210597368	-0.0045092112	-0.0250423787	0.0509327101	0.0158742563	0.0104641834	0.0219064612	0.0366665368	0.0800830697	0.0193425367	0.0518104789	-0.0339135599	-0.0680634076	-0.0171023152	0.034272028	-0.0844036769	-0.0846624233	0.0065389274	-0.0622960204	0.064866664	-0.0339250598	-0.0264740937	0.0459304633	0.0832399821	0.0949980815	0.0822708672	0.1349783057	0.0388892932	-0.0850503399	0.0085016693	-0.0539971765	-0.0191554055	-0.1254152241	-0.0071389656	-0.0403863882	-0.0766617081	0.0385107553	0.0603288764	-0.0073746651	-0.0029461179	0.1085322668	-0.0412261728	0.0668187704	-0.033878819	0.0129305427	-0.0272142217	-0.0788088071	0.0250940353	-0.023320613	-0.0177490221	-0.0729442882	0.0567865869	0.0137517928	-0.0035077805	0.0596540538	0.0193473743	0.0095018321	0.0024849383	0.0336527498	-0.0489059122	0.0188526302	0.0401427579	-0.0405209919	0.0269917435	0.0251472441	-0.0026269694	-0.023982438	0.0528837013	-0.0328244028	-0.0010704688	-0.1644670369	-0.0391606907	-0.0670913137	0.0926191957	0.0	0.0	0.0	-0.0005510723305945	-0.0353223030419086	0.0012476650921844	3.036807135468539e-07	1.23341770595394	0.0104699607869065	1.52131923736068	0.0001096200788793	0.5513375592760212	0.0186405152409037	0.3039731042684402	0.0003474688084463	-5.47633291439778e-05	-0.0014790660797927	2.1876364683935757e-06	2.999022218931648e-09	-0.0027949828265885	0.0006780199511709	4.597110541857897e-07	7.811929000924641e-06	-0.0009035774215252	-0.0002115503021773	8.164521566901289e-07	4.4753530351349254e-08	0.0	0.0	0.0	0.0	0.0	0.0	0.0	0.0	0.0	0.0	0.0	0.0	0.0	0.0	0.0	0.0	0.0	0.0	0.0	0.0	0.0	0.0	0.0	0.0	0.0	0.0	0.0	0.0	0.0	0.0	0.0	0.0	0.0	0.0	0.0	0.0	0.0	0.0	0.0
522.4228328162283	-0.6390541175989028	272925.6162477328	0.4083901652201123	784.3919251536765	1.563348703217116	615270.6922462909	2.4440591678506385	584.70184283122	0.4972716424158534	0.2472790863509603	341876.2450102247	606.2418598737873	425.9917437105957	0.687619	23.319666	0.2006199243200561	0.1193637095255813	0.0274377538	0.0264918216	0.0257840578	0.053604277	-0.0412064935	0.0105990498	-0.0738667783	-0.0334096222	-0.0397587321	-0.0653596995	-0.0175338202	0.0848427158	-0.0387678894	0.0252735073	-0.0391132852	0.054599003	-0.0183094434	0.0629348441	0.0890528559	-0.0672637248	0.0404715812	-0.0698511928	-0.0275754382	-0.1509404112	-0.1057726691	-0.0039479621	0.0296189697	0.0137297571	-0.0160580378	0.0406116713	0.0091743341	-0.0318408647	0.0380716841	-0.0070446929	0.0801455362	-0.0462317506	-0.0544831451	0.0042984036	-0.0368821552	-0.0755756174	-0.0023035159	0.172232205	-0.0030521182	-0.0263342119	0.0130835055	0.0775801584	-0.1733536907	-0.1131075662	0.1224984173	0.1280872914	-0.0174817653	-0.0564499254	-0.096655456	-0.0046709419	0.0341340335	-0.005006243	-0.0732114781	0.0213110639	-0.0164178278	0.0078811409	-0.0460282091	-0.0278654418	-0.0841897577	-0.1462293393	-0.0242105975	-0.0135533148	-0.0003174201	0.0578786918	-0.0040220128	0.0003581133	0.0382147122	-0.0446731766	-0.0305788886	0.0703563579	-0.0551939401	0.0030313817	0.0867616163	-0.0253899338	-0.0205581669	-0.0150585567	0.0464682304	0.0221987707	0.027580227	-0.0725327062	0.0200632341	-0.0574048803	0.0046037057	0.0646821518	0.0734481319	-0.0823804607	0.0952860978	0.033538259	-0.0150965821	-0.0168972095	-0.066437944	0.0037300645	0.0021677409	-0.0279702122	0.0212936983	0.0043727913	0.0239181444	-0.031548701	0.0151071655	0.0106227665	0.0188693383	0.0917612755	-0.0287637858	0.054654808	-0.0041370001	0.0554275458	-0.0102081578	-0.0203783974	-0.1085531505	-0.0127672095	-0.1288023398	-0.0405244201	-0.0648802281	0.0940214101	0.0	0.0	0.0	0.0101331143910528	0.0106841867216473	0.000114151845903	0.0001026800072621	1.1675272576130027	-0.0658904483409372	1.3631198972693388	0.0043415511825697	0.5642528546459289	0.0129152953699076	0.3183812839760797	0.0001668048544919	0.0018041753790081	0.001858938708152	3.455653120666116e-06	3.255048798219021e-06	-0.0025629397949424	0.0002320430316461	5.384396853551304e-08	6.568660392499391e-06	-0.0010351955594783	-0.0001316181379531	1.071629846363591e-06	1.7323334238241297e-08	0.0	0.0	0.0	0.0	0.0	0.0	0.0	0.0	0.0	0.0	0.0	0.0	0.0	0.0	0.0	0.0	0.0	0.0	0.0	0.0	0.0	0.0	0.0	0.0	0.0	0.0	0.0	0.0	0.0	0.0	0.0	0.0	0.0	0.0	0.0	0.0	0.0	0.0	0.0
522.0525087042456	-0.3703241119826543	272538.8218443964	0.1371399479157415	790.0487336052788	5.656808451602274	624177.0014713048	31.999481858118912	583.7993477848256	-0.9024950463943924	0.8144973087664165	340821.6784739878	607.1133490703145	430.6849572170326	0.664891	22.548874	0.186368728529251	0.096730819260622	0.0374305318	0.0328717338	0.0415345363	0.047285821	-0.0587888054	0.0776878427	0.0100501642	-0.0878672759	0.0073022155	0.019325836	-0.0120805532	0.0595743855	-0.0445894596	-0.0135955507	-0.0697682371	0.0040740929	-0.0201153438	0.0431612238	0.0417614594	-0.0383530824	-0.0608421402	-0.0424571848	-0.0086114696	-0.1087685983	0.0121749167	0.0197920481	0.027096698	0.0137158271	-0.0160653109	0.0546868466	-0.068361518	0.0081044129	-0.0937555275	-0.0696789855	0.0586377006	-0.0383942291	-0.1435158995	0.0069597699	0.0448862801	-0.0731956074	-0.0809902949	0.0734964623	-0.0222389129	-0.007041726	0.0991326307	-0.0883133641	-0.0142356755	-0.0413196902	0.0608775098	0.0087444648	-0.0063072768	0.0246132028	0.0694616813	0.019234584	0.0733285585	-0.016512651	-0.0194938988	0.0820918803	-0.0701150461	-0.0165070235	0.0098548484	-0.0122443136	-0.0791257537	-0.0319698516	-0.0862476602	-0.0185921018	0.0641909011	0.0642659666	0.020812476	-0.0123362772	0.0372341338	-0.0437526112	0.0554333065	-0.0427559606	-0.0317567041	-0.0391725308	-0.10714839	0.0182449475	-0.0879474874	-0.0044178302	-0.0022007838	0.0291274384	0.0811038716	-0.0440587354	0.0543482836	-0.0520215217	-0.0163527261	-0.0279615259	0.0537650384	-0.056643096	0.01287277	0.0357010544	-0.0302762329	-0.0288860888	-0.0703608092	0.0458663579	-0.0128134629	-0.0356524246	0.0490795579	0.0045107512	0.0112203066	-0.0249344403	0.0174547122	-0.075455495	0.0146765852	0.0836005527	0.0103917275	-0.0198203684	-0.0202093951	0.0765111647	-0.0311544964	0.0207541857	-0.0005484009	-0.0035549418	-0.072710528	-0.0418788155	-0.0626093705	0.0952287508	0.0	0.0	0.0	-3.1488244047750413e-06	-0.0101362632154575	0.000102743831973	9.915095132106892e-12	1.209422512705629	0.0418952550926263	1.4627028142391976	0.0017552123992762	0.5096294395958267	-0.0546234150501021	0.2597221657027564	0.0029837174717357	0.0004219600727368	-0.0013822153062713	1.910519152890664e-06	1.7805030298404558e-07	-0.0026452517349448	-8.231194000239998e-05	6.775255466958694e-09	6.997356741228473e-06	-0.0011649442166259	-0.0001297486571475	1.3570950278501318e-06	1.6834714031605413e-08	0.0	0.0	0.0	0.0	0.0	0.0	0.0	0.0	0.0	0.0	0.0	0.0	0.0	0.0	0.0	0.0	0.0	0.0	0.0	0.0	0.0	0.0	0.0	0.0	0.0	0.0	0.0	0.0	0.0	0.0	0.0	0.0	0.0	0.0	0.0	0.0	0.0	0.0	0.0
520.971701873578	-1.0808068306675978	271411.51415305224	1.1681434052177373	783.5309969695688	-6.51773663570998	613920.8232121265	42.48089085247605	583.7893299353907	-0.0100178494349165	0.0001003573073006	340809.98174641246	606.0568709451644	430.8039640088679	0.663298	22.49485	0.0996900419672966	0.0535608791652229	0.0368744324	0.0315575863	0.0731375399	-0.0067527495	-0.029713174	0.0502540554	0.0333448661	-0.0481577774	0.0024141597	-0.0186623916	-0.0235822124	0.0607766649	-0.0415345902	-0.0277769058	-0.021862791	0.101541038	0.0677326802	-0.031897324	-0.0048538767	-0.0169837275	-0.0135253007	0.0257173698	0.0381392729	0.0242691186	0.0586356234	-0.0249426174	0.0621048402	-0.0628901155	0.0027381869	0.0328694529	-0.0730243885	-0.0158691265	-0.0549639912	-0.0279541808	0.0579419911	-0.1235461212	0.1666102979	-0.0192971876	0.0652556706	0.0943302414	0.0611233198	-0.0089716865	-0.0190017473	0.1637618417	0.0034442167	-0.0698362376	0.0906631544	-0.1310842511	-0.0503069723	0.0422807166	-0.0007960223	-0.1152569196	-0.0429044267	0.0087005221	0.054638021	-0.0049941278	-0.0071661188	0.0936992073	-0.0681221976	-0.0249564144	-0.026114512	0.0970124068	-0.0448978361	0.0628459673	-0.0105393273	-0.0652839951	-0.0019518807	0.0598250208	-0.0638704716	-0.0315703128	0.0808310943	-0.0522220174	0.0114798522	-0.0086952517	0.0021254874	-0.0166159355	-0.0674138734	-0.0139113906	0.0665969625	-0.0671480484	-0.1020395088	0.016480531	-0.0329893198	0.1192020329	-0.0604139374	-0.0320779091	-0.0671858992	-0.1335790148	0.0032994046	0.0095335093	0.0817385607	0.0334095426	-0.0216432206	-0.018204355	-0.067947482	0.0405530213	0.0110371557	-0.0445800938	0.0483963967	0.0242978934	0.0044689272	-0.0184338591	-0.003139346	-0.0348749102	0.0331223547	0.0230247924	0.0125046559	0.031476654	0.0288314872	0.0790685214	-0.0300398986	-0.0326266753	-0.0030326474	0.0400000193	-0.0773905099	-0.043223565	-0.0602808329	0.0962387154	0.0	0.0	0.0	0.0105226342554232	0.0105257830798279	0.0001107921094435	0.0001107258316734	1.216189466675644	0.006766953970015	1.4791168188527877	4.5791666032302216e-05	0.5583448704544054	0.0487154308585786	0.3117489943627467	0.0023731932037369	0.0007229739421385	0.0003010138694017	9.060934957218372e-08	5.226913210112832e-07	-0.0029048857845548	-0.00025963404961	6.740983971688798e-08	8.438361421308556e-06	-0.0010519546544601	0.0001129895621658	1.1066085950402682e-06	1.2766641158419182e-08	0.0	0.0	0.0	0.0	0.0	0.0	0.0	0.0	0.0	0.0	0.0	0.0	0.0	0.0	0.0	0.0	0.0	0.0	0.0	0.0	0.0	0.0	0.0	0.0	0.0	0.0	0.0	0.0	0.0	0.0	0.0	0.0	0.0	0.0	0.0	0.0	0.0	0.0	0.0
519.5564828902612	-1.4152189833167768	269938.9389132983	2.0028447707401718	781.4492818821243	-2.081715087444536	610662.9801540878	4.333537705294212	581.858257807908	-1.9310721274827076	3.72903956154059	338559.03217925393	605.0152704832984	420.9390225983993	0.64113	21.743063	0.1742468510632666	0.0974900499371583	0.0404179459	0.0581883871	-0.0038434516	0.0516862051	-0.0005280847	0.0635215485	0.0297656505	-0.0179053408	0.0097733714	-0.0108453042	0.0389579603	0.0285047606	0.0147661958	-0.0500000879	-0.0368306473	0.018274339	-0.024382587	-0.0652213263	0.0030356959	-0.0400737149	-0.0685636338	-0.0209474704	-0.0126092016	0.0403299419	0.0681540017	-0.0209017851	0.0037437015	0.0517859212	0.0858566467	0.0597043442	0.0640721946	-0.0263123312	0.0739067977	-0.00463636	-0.1023550726	0.0262523303	0.0105594593	-0.0003642252	-0.1727213407	0.0684544994	-0.0091195758	-0.1149426088	0.1209808827	0.02421122	0.0273357122	-0.0140973141	-0.0391650699	0.0993985499	0.0491660727	0.137040814	0.1813475443	0.0735305513	-0.0476807275	0.0524829499	0.0398899089	-0.0271365401	0.0493837045	0.055453515	-0.0175514656	-0.0033991299	0.0315707109	0.0125626498	-0.0368637042	0.0569229898	-0.0547699289	-0.0516755129	0.0011036323	0.0146163791	0.0442874192	-0.0573323605	0.0052003801	0.027099649	-0.0020574444	-0.0780520476	0.0316242284	0.0914596417	0.0691137412	-0.0380180718	0.0653112386	-0.0182185504	-0.0275623206	0.0061465442	-0.0105702703	-0.0657913043	-0.1693575213	0.0264998957	0.0753338283	-0.024433814	0.0172397327	0.0770742074	-0.0063047662	0.0492828726	-0.0177357678	-0.0388563277	-0.0658884711	0.0277866793	0.0188748364	-0.0333024523	0.0383947569	0.0098061304	-0.0126003696	-0.0308543537	0.0215804955	-0.0694556599	0.0297772522	0.0385840803	0.0139293467	0.0056834466	-0.0012637611	0.0657593188	0.0247188436	-0.0356650359	-0.0496203311	0.0395217206	-0.0242942868	-0.0445583587	-0.0578967605	0.0970492106	0.0	0.0	0.0	0.0208206799576942	0.010298045702271	0.000106049745286	0.0004335007139007	1.140398827981656	-0.0757906386939881	1.3005094868619345	0.0057442209136426	0.497841138148118	-0.0605037323062874	0.2478457988326134	0.0036607016229908	0.0004227556839733	-0.0003002182581652	9.01310025357467e-08	1.7872236833173274e-07	-0.0029501793565631	-4.529357200830017e-05	2.0515076652710732e-09	8.703558235891067e-06	-0.0008443777974192	0.0002075768570408	7.129738647744996e-07	4.308815157897821e-08	0.0	0.0	0.0	0.0	0.0	0.0	0.0	0.0	0.0	0.0	0.0	0.0	0.0	0.0	0.0	0.0	0.0	0.0	0.0	0.0	0.0	0.0	0.0	0.0	0.0	0.0	0.0	0.0	0.0	0.0	0.0	0.0	0.0	0.0	0.0	0.0	0.0	0.0	0.0
521.7178929391106	2.161410048849348	272189.55981282523	4.67169339926694	785.5402405499018	4.0909586677775	617073.4695231976	16.735942821463855	583.1354359593885	1.2771781514804843	1.631184030619107	340046.9366715461	606.0465851142758	429.27348839928567	0.697897	23.668224	0.1762178681016743	0.1261258017455369	0.0325708629	0.0557037404	0.0530524299	0.0420768625	-0.0202696614	0.0595560619	-0.0116101363	-0.0655010123	0.0572576135	-0.0022191047	0.0067353328	0.0182334256	-0.0040219661	-0.0121510054	0.0066112621	0.0609793951	0.0260090184	0.049635664	0.1115804834	0.0460010599	0.0480034029	-0.0523100792	0.0208133134	0.1114440102	-0.059919582	0.0414656344	0.0758872168	0.0265165769	0.0747807627	-0.0851781052	0.0509953807	0.0269138464	0.051742386	-0.036262851	0.0355956117	0.0188905176	-0.0813033962	-0.0648310999	0.0201121819	-0.015417459	-0.0770529009	0.0733233825	0.0197566487	-0.0247426301	0.0406280949	-0.0243328153	0.0595168957	-0.0594336123	0.0935400751	0.0288784971	-0.0222281069	-0.01671713	-0.0178726345	0.0244862666	0.0370839554	0.0071205469	0.0153024406	0.0024698943	-0.0134932589	-0.055160416	-0.023925607	-0.003162077	0.0527979767	-0.0506831887	0.0058306864	-0.1141873416	0.0441299138	0.0017175083	-0.0246159698	0.0104711524	0.0862099498	-0.000158963	0.0046807225	-0.0425739452	-0.0398741862	-0.0844706868	0.0936039165	-0.0230986337	-0.11240111	0.055253505	-0.0410057508	0.0054694193	-0.1146133306	-0.0071155086	-0.0385643457	-0.1559334972	0.086291684	0.0526957882	0.0359365061	-0.0200796427	0.0090470976	0.0311509488	-0.0332793315	-0.0201963247	-0.0597599796	0.0672545079	0.0121290215	-0.0506674804	0.040879595	0.0201750674	0.0304222695	-0.015931426	0.0123492971	-0.0211009863	-0.0388813687	0.0859875883	-0.0208348132	-0.0211672934	0.0326826391	0.0162173044	-0.0452342938	-0.0555982237	-0.0355449897	0.0414671562	-0.0928149772	-0.0458828894	-0.0554593497	0.0976585564	0.0	0.0	0.0	0.012682363975685	-0.0081383159820092	6.623218702302636e-05	0.0001608423560117	1.2610853476532924	0.1206865196716364	1.5903362540658252	0.0145652360304522	0.5057281333944417	0.0078869952463236	0.2557609449066262	6.22046940155325e-05	0.0002630184380089	-0.0001597372459644	2.5515987748291234e-08	6.917869873264156e-08	-0.0023211139754644	0.0006290653810987	3.957232536968529e-07	5.38757008709615e-06	-0.0008456959143902	-1.3181169709999873e-06	7.152015796162765e-07	1.7374323492381813e-12	0.0	0.0	0.0	0.0	0.0	0.0	0.0	0.0	0.0	0.0	0.0	0.0	0.0	0.0	0.0	0.0	0.0	0.0	0.0	0.0	0.0	0.0	0.0	0.0	0.0	0.0	0.0	0.0	0.0	0.0	0.0	0.0	0.0	0.0	0.0	0.0	0.0	0.0	0.0
521.6649430017512	-0.052949937359358	272134.31275702035	0.0028036958663599	781.9144575554028	-3.625782994498991	611390.2189341598	13.146302323198068	582.792082400905	-0.3433535584834999	0.1178916661232822	339646.61130918324	605.8400264177166	424.4427068152911	0.710194	24.085257	0.128803052141103	0.0563688670256187	0.0515724487	0.0593426027	0.0303410514	0.0110347719	-0.0090384868	0.0512831423	0.0273562966	0.0073849144	-0.0410729687	0.0060136334	0.0305028566	0.0591477688	-0.0258387473	0.0238217815	0.0836426966	0.0324398143	0.0427008142	-0.0587283237	0.10134883	0.0566723041	-0.0670987567	0.0184896798	0.0110699487	0.0205404579	-0.0146548537	-0.0231319503	0.0982002844	0.1368509936	-0.0311080375	-0.1108827208	-0.0325356158	-0.0530866422	-0.0783953186	-0.0502453888	0.0330598493	0.0111116365	-0.0071806624	-0.0184629516	0.0982890081	0.084980694	0.1376566973	-0.0559821772	-0.0090793754	-0.0427769908	0.0017559788	-0.019648207	-0.030662057	-0.0155919604	0.0301035204	0.0038029547	0.0447726832	-0.0405711023	-0.016706575	0.0254339363	0.0367293703	0.0017027329	-0.0488371905	-0.0044576012	0.0425648459	-0.0013651087	-0.0194418365	0.0103751246	0.086142175	0.0091190959	-0.023044733	-0.1480497667	0.0127313061	0.0154653894	0.0464776588	-0.1059312045	0.0909345093	-0.0178152314	0.0364524067	0.0450520023	0.0281838763	-0.0929733679	-0.0156470609	0.0645093391	0.0609088926	-0.0338390326	0.0319864934	0.0139108449	-0.0093225997	-0.0099956478	0.0526578454	-0.0055230427	0.056296448	0.0006506661	-0.0534656641	0.0762279121	0.0830343952	0.0504531813	-0.0279836566	-0.0217711089	-0.0516740833	0.0556419243	-0.0122040605	-0.0169856263	0.0581028358	0.0240072258	-0.0691489875	0.0184571014	0.031431991	0.0358439756	-0.1153392035	-0.0272273745	-0.0207255201	0.0583914197	0.0427137631	0.0854138747	0.0080588609	0.0354064636	0.0365782987	0.0480831242	-0.040105297	-0.0471968518	-0.052970846	0.0980654899	0.0	0.0	0.0	-0.0137692405731968	-0.0264516045488817	0.0006996873832104	0.0001895919859625	1.2284841409993843	-0.032601206653908	1.5091732846869952	0.0010628386752908	0.479712932600691	-0.0260152007937506	0.230124497704355	0.0006767906723391	5.299366240505023e-05	-0.0002100247756038	4.411040636744745e-08	2.8083282551004343e-09	-0.0028470198245058	-0.0005259058490414	2.7657696205595605e-07	8.105521881129037e-06	-0.0007069257361442	0.0001387701782459	4.997439964230191e-07	1.9257162370426603e-08	0.0	0.0	0.0	0.0	0.0	0.0	0.0	0.0	0.0	0.0	0.0	0.0	0.0	0.0	0.0	0.0	0.0	0.0	0.0	0.0	0.0	0.0	0.0	0.0	0.0	0.0	0.0	0.0	0.0	0.0	0.0	0.0	0.0	0.0	0.0	0.0	0.0	0.0	0.0
521.504553722811	-0.1603892789402152	271966.99955362827	0.0257247207989621	783.5856340196398	1.6711764642369644	614006.4458419608	2.792830774619562	583.0529353700836	0.2608529691785861	0.0680442715292844	339950.7254436708	605.7824867748824	423.41848317742586	0.695942	23.601927	0.2512706812688604	0.1107364448673419	0.0487351481	0.038798524	0.0011969926	-0.029406084	-0.0146730575	0.062146684	-0.0179972204	-0.0437697358	0.0091549031	-0.0488746508	0.0218430664	0.0579087949	-0.0336804241	-0.0154799672	0.0095651633	0.0452160881	0.0562058737	-0.0882836602	-0.0398067439	-0.021794983	-0.0951106718	-0.0769148256	-0.0050211637	0.0074934971	-0.0623656948	-0.0267560525	-0.066144588	0.0049010384	-0.0769623431	-0.011877908	0.0116896954	-0.0397799993	-0.0321458887	-0.0723515574	-0.0740963889	0.0098625894	0.0276377943	-0.0852822852	-0.0133428912	-0.0299457359	-0.0265099534	0.0074175293	0.050040065	-0.0905394627	0.0827690374	0.1117301217	0.0205239575	-0.0606964018	-0.1495914253	0.1486133476	0.0207289232	-0.0658531761	0.0710701873	0.0310847105	0.03275078	-0.0005798117	-0.0396532881	0.0245200276	-0.0274871105	0.0062150483	-0.0501997175	0.0038755845	0.0120618719	-0.0028130384	0.0522909473	-0.0566586352	0.0523836113	0.0217409902	0.036490764	-0.0274456836	0.0223055435	0.0319391033	0.0072071681	-0.0102997846	0.0312984304	0.0795022549	-0.0090382622	-0.0164464443	0.0608535696	-0.0141819319	0.064780802	0.1214199184	0.0672648114	-0.0184019912	-0.0149877741	-0.1061336406	0.0389368028	-0.0253221595	0.1191198714	0.0422103633	-0.1354881534	0.046844741	-0.0169495645	-0.0221884797	-0.0515872506	0.0027549676	0.0188547184	-0.0304602848	-0.0205122612	0.0036369662	-0.0110925082	0.044567282	0.0358046651	0.0452853372	-0.1056225653	-0.0223287363	-0.0140534087	-0.0035700901	-0.0297717253	0.0236543434	0.08112358	-0.0727183472	-0.0332820542	0.0702026299	-0.0246189834	-0.0484999434	-0.050433542	0.0982691678	0.0	0.0	0.0	0.0198023146846537	0.0335715552578505	0.0011270493224309	0.00039213166687	1.1677741974062457	-0.0607099435931386	1.3636965761278013	0.003685697251082	0.5124233843043697	0.0327104517036787	0.2625777247819438	0.0010699736506587	0.0010497535975474	0.0009967599351423	9.935303683049816e-07	1.1019826155637088e-06	-0.0031532528699838	-0.0003062330454779	9.377867814273068e-08	9.943003662061071e-06	0.0004756558975193	0.0011825816336635	2.2624853284489085e-07	1.3984993202782324e-06	0.0	0.0	0.0	0.0	0.0	0.0	0.0	0.0	0.0	0.0	0.0	0.0	0.0	0.0	0.0	0.0	0.0	0.0	0.0	0.0	0.0	0.0	0.0	0.0	0.0	0.0	0.0	0.0	0.0	0.0	0.0	0.0	0.0	0.0	0.0	0.0	0.0	0.0	0.0
519.2514853795595	-2.2530683432514707	269622.1050688789	5.076316959361927	781.8150636996442	-1.770570319995613	611234.7938276787	3.134919258049369	581.2321058410836	-1.82082952899998	3.315420173678288	337830.7608604606	604.5908043032787	426.3119986502835	0.71191	24.143469	0.2533019294700115	0.1200427446790873	0.0292770658	0.0656795953	0.0302963578	0.0199993412	0.0004718216	0.0684399695	0.0444329445	0.0236181362	0.02633989	0.0148893195	0.0454043177	-0.0045291808	-0.0193202636	-0.0832817586	-0.0253991675	0.004501888	0.0199481314	-0.0437387785	-0.0323633913	0.0071682493	-0.0272737956	-0.0108298241	-0.0662773303	-0.0415955577	-0.0212631452	-0.0700470139	-0.0511187772	-0.0545371104	-0.0274521362	0.006525587	-0.0740197871	0.087826999	0.0365764662	0.0107178416	-0.0079485751	0.0583303608	0.0054376125	-0.0486711695	0.0411146026	0.0287870287	0.065395178	0.0389829992	0.0601493448	-0.0694515921	0.0069659319	0.0745207138	-0.1508591121	-0.0153938266	-0.0137921141	-0.1166270222	0.0345717756	-0.1086748896	-0.0040202333	0.0533949891	0.0214231013	0.0118637736	0.0524221196	0.0597550621	-0.0106369137	0.0488760945	-0.0028880255	-0.0235777807	-0.0115309663	-0.0331071658	0.0390943819	-0.0197949554	0.0487944827	0.0675740581	0.0365622754	0.0038911781	-0.0204364203	-0.0010273081	0.0303088135	-0.0460571894	-0.0038167101	0.0508136178	-0.0875988434	0.0528419399	-0.0160754008	0.0639097651	-0.0785659147	0.0313121519	0.0176143449	0.0205263742	-0.0231009942	-0.0187174459	-0.0410588335	0.0740549014	-0.031282787	-0.0525539643	-0.0209601839	0.0285171597	-0.0371300503	-0.0052319098	-0.0575916295	0.0479593484	-0.0199441343	-0.0132743841	0.0439068961	0.0135920252	-0.0161739338	0.0124883887	-0.0258098767	0.0408389869	-0.0914357572	0.0679710782	-0.0086626152	0.0376549241	-0.0190746393	0.0780886159	-0.0364836277	-0.0124423124	-0.0137780102	0.0179143744	0.0411341981	-0.049791864	-0.0478497753	0.0982691678	0.0	0.0	0.0	-0.0198746108822831	-0.0396769255669368	0.0015742584224442	0.0003950001577221	1.2543187424725917	0.086544545066346	1.573315507718024	0.0074899582807407	0.5456672700006635	0.0332438856962937	0.297752769549977	0.0011051559361882	0.0004142049416328	-0.0006355486559146	4.039220940348547e-07	1.7156573367303128e-07	-0.0029311202838473	0.0002221325861364	4.9342885823689547e-08	8.591466118381077e-06	-0.0005433943232383	-0.0010190502207576	2.9527739052761014e-07	1.0384633524261132e-06	0.0	0.0	0.0	0.0	0.0	0.0	0.0	0.0	0.0	0.0	0.0	0.0	0.0	0.0	0.0	0.0	0.0	0.0	0.0	0.0	0.0	0.0	0.0	0.0	0.0	0.0	0.0	0.0	0.0	0.0	0.0	0.0	0.0	0.0	0.0	0.0	0.0	0.0	0.0
517.7211839711355	-1.5303014084240658	268035.2243324743	2.3418224006246797	779.3352217423288	-2.4798419573153296	607363.3878481649	6.149616133261525	580.9908732829797	-0.2412325581038885	0.0581931470893459	337550.3948381194	603.7666731037077	421.9407333085836	0.736726	24.985046	0.1240427819650556	0.0752116600315955	0.04576923	0.0745650235	-0.0091869189	0.0605883148	0.0349370129	0.0530141979	0.0148672561	0.0178339289	0.0941003684	0.0351211415	0.0622495537	-0.0072343043	-0.0170905941	-0.0518724381	-0.0866007203	0.000388172	0.0114538952	0.0701541679	0.0593405518	0.025206468	-0.0418152784	-0.0183870574	-0.0616760053	0.0270278841	0.0297301208	0.0158262922	-0.018589154	-0.0009694766	0.0907561472	0.0256703175	-0.0399183039	-0.0310294332	0.027775716	-0.0795313361	0.0434153731	-0.0770805018	-0.1186906544	-0.0055374692	0.0100441568	-0.0650455262	0.0355075462	0.0781753142	-0.0116856036	0.0618266609	-0.0539941414	-0.0562462566	-0.0435475625	-0.0190377097	-0.0253558612	0.0169478741	-0.0187517685	0.078449	0.0192083823	0.0643097752	0.0100885158	0.0324800147	0.0514903077	0.016065016	-0.0906845116	0.0008640111	0.0231828236	-0.0107354061	-0.0632391344	-0.040822216	-0.0419628015	-0.0479902281	0.0318739474	0.0416452253	-0.0145181623	0.0131610505	0.00132103	-0.0330625669	0.0251882564	-0.0588477927	-0.0593307736	0.0074802172	0.0174705461	-0.0499690453	-0.0917958737	0.0511361374	-0.0866309643	0.024087553	-0.0624948385	-0.083542548	0.0797334157	-0.0187752345	-0.0129293962	0.0857078307	-0.0510368932	-0.00208327	-0.0199117105	0.0421600636	-0.0373783857	-0.0277003528	-0.0620249172	0.0021103945	-0.0148026095	-0.0627793471	0.0168866833	0.0182755941	0.0218751811	-0.042683569	-0.0288402426	-0.0116633791	0.0277296742	0.0771775347	0.0129092643	0.0248228631	-0.0191106722	0.0799091875	-0.0323353369	-0.1339765157	0.017806809	0.0787008607	-0.0097807359	-0.051072316	-0.0452219261	0.0980654899	0.0	0.0	0.0	-0.0085661004663535	0.0113085104159296	0.0001278824078271	7.337807719966164e-05	1.1890625177441478	-0.0652562247284438	1.413869671104052	0.0042583748658091	0.5421072340906363	-0.0035600359100271	0.2938802532533999	1.2673855680683064e-05	0.0009337994017615	0.0005195944601287	2.699784029964352e-07	8.719813227301352e-07	-0.002574758685051	0.0003563615987962	1.2699358909665493e-07	6.629382286245556e-06	-0.0005457984825264	-2.404159288099976e-06	2.97895983528121e-07	5.7799818825573814e-12	0.0	0.0	0.0	0.0	0.0	0.0	0.0	0.0	0.0	0.0	0.0	0.0	0.0	0.0	0.0	0.0	0.0	0.0	0.0	0.0	0.0	0.0	0.0	0.0	0.0	0.0	0.0	0.0	0.0	0.0	0.0	0.0	0.0	0.0	0.0	0.0	0.0	0.0	0.0
517.2369913684424	-0.4841926026930423	267534.1052398782	0.2344424765026623	779.8531526710555	0.5179309287266278	608170.9397309845	0.2682524469316272	581.0740374621927	0.0831641792129858	0.0069162807041696	337647.0370126137	604.6046728227959	416.7348566244895	0.8224409999999999	27.891951	0.3560645477928225	0.1503488909301494	0.0193224546	0.0733826142	-0.0555439693	0.0372823722	0.0083528258	0.0454362032	0.1039787602	0.0890083413	0.0500366459	0.008007541	0.0381176652	-0.0123883945	-0.0251887408	-0.0579816091	-0.0256752494	0.0197775026	-0.0074382614	-0.0918187032	0.0204909299	0.121701806	0.0029046643	-0.03064318	0.0730800346	0.0021253854	0.0454345234	0.0055785913	-0.0172067902	0.0773260273	0.0319720204	-0.075273035	0.0071636591	-0.0625041104	-0.0227070522	0.0877713328	-0.1231430285	-0.1018175913	0.0018299684	0.0529146977	-0.0627016761	0.0666236756	-0.0133218356	0.0222186901	-0.0271333752	0.0040585081	0.0264224198	-0.0147117631	-0.0095183616	-0.0263793728	0.0816401264	-0.0763905466	-0.0464233879	0.0397992525	-0.0109714261	0.035478663	0.0392501371	0.0241847971	0.0504256717	0.0969903996	-0.0292918412	0.0742652243	0.0505564389	0.0523590872	0.003011866	0.0311994345	-0.0523221646	-0.0714808897	-0.0220587339	-0.0444548055	-0.0222979318	-0.0920688677	-0.0260420622	0.0242610756	0.1730975713	-0.019083373	0.0812604923	-0.0223363798	0.0669458482	-7.63902e-05	-0.0464810005	-0.1356671498	0.0774058546	0.0473002598	0.0291967957	-0.0041697528	-0.058503653	0.0654235104	-0.0783322996	-0.0405130276	-0.0004134089	-0.00327238	0.0416955435	0.0355635388	-0.040334791	0.0272788505	-0.0632815492	-0.0527535108	-0.0679200756	-0.0327563537	0.0662648832	0.000776057	-0.0132035005	0.0345691392	-0.0805533388	-0.0278749113	0.0504251995	-5.0294e-05	0.0173580151	0.0523342364	0.0513145347	0.0716451294	0.0102672555	-0.0523492501	-0.0088345352	0.0982139387	0.1271596359	-0.0523410045	-0.0425524154	0.0976585564	0.0	0.0	0.0	-0.0789696747144148	-0.0704035742480612	0.0049566632669022	0.0062362095245004	1.231990473412381	0.0429279556682331	1.5178005265788626	0.0018428093778537	0.6297261149745594	0.0876188808839231	0.396554979880952	0.0076770682873511	0.0025701953354556	0.0016363959336941	2.677791651810585e-06	6.605904062397724e-06	-0.0030459312521149	-0.0004711725670638	2.220035879535853e-07	9.277697192610243e-06	0.0004489157565677	0.0009947142390941	2.015253564947505e-07	9.894564174565544e-07	0.0	0.0	0.0	0.0	0.0	0.0	0.0	0.0	0.0	0.0	0.0	0.0	0.0	0.0	0.0	0.0	0.0	0.0	0.0	0.0	0.0	0.0	0.0	0.0	0.0	0.0	0.0	0.0	0.0	0.0	0.0	0.0	0.0	0.0	0.0	0.0	0.0	0.0	0.0
518.2785432703097	1.0415519018672512	268612.6484143943	1.0848303642832882	777.7943608021876	-2.058791868867843	604964.0676956836	4.238623959316345	580.7354337877614	-0.3386036744312832	0.1146524483383664	337253.6440566594	604.8286725341296	424.9397189735655	0.854166	28.967859	0.3020499714784175	0.1454868886795652	0.0064191425	0.0651515523	0.0134987355	-0.0600400741	0.0256654069	0.0342016466	0.0309799513	0.0576576287	0.1259010283	0.0634781061	0.0525113882	-0.0244570993	0.0152295103	-0.0894121018	-0.0376687477	-0.0565374273	0.0342068055	-0.0005951159	0.0279350393	-0.0088267312	0.0064189358	0.0014783925	0.027034606	-0.0109367038	0.0548248288	0.0554116507	0.0480938809	0.1264770395	-0.027744909	0.0170210646	0.0517406766	0.0746669535	0.0964221819	-0.1312850371	-0.0375583583	-0.0706961323	0.0772986585	-0.0070895005	-0.13879698	0.1042709023	-0.077018042	-0.0256134213	0.0807920444	-0.0526551557	0.0628936878	-0.1219599724	-0.0725966222	0.0597087402	-0.1161502839	0.0584046717	-0.0556738112	0.0569479007	-0.0256313707	0.0339128761	0.0205227674	0.0475111807	0.0701840734	-0.0253746663	-0.0667726588	-0.0081783726	0.0810603369	-0.0677541759	0.0405907793	0.0276973284	0.0170817347	-0.0342925868	0.0755683503	-0.0765252951	0.047970214	-0.0152158094	0.0467484379	-0.0564852942	0.0165303932	0.0544444054	-0.0715452681	0.135591665	0.0024868461	-0.0627685902	0.0687874979	-9.85328e-05	0.0146420276	-0.0732224641	-0.0108409716	-0.0792082762	-0.1225345023	-0.0237095991	0.0023299919	-0.026974321	-0.0456840041	-0.0215394153	0.0358728431	0.0178997537	-0.0319360145	-0.0081640894	-0.0484471651	-0.0341393995	0.0030407569	-0.002851845	-0.0149858039	-0.0273649841	0.0029327649	0.0606939981	-0.0635063295	-0.0699388087	0.0129921301	0.0985979113	0.0126023194	-0.0698805681	0.0103108962	-0.0526609854	0.0353424465	-0.1387938314	0.0142451272	0.0844875954	0.0906590493	-0.0535976373	-0.0398437026	0.0970492106	0.0	0.0	0.0	0.0286080666087826	0.1075777413231973	0.0115729704282007	0.0008184214750925	1.1522088708661329	-0.0797816025462481	1.3275852821026088	0.0063651041048475	0.6031937139684374	-0.026532401006122	0.363842656571037	0.0007039683031496	0.0014688449323828	-0.0011013504030727	1.2129727103486186e-06	2.1575054353866324e-06	-0.0034548648983228	-0.0004089336462078	1.6722672700088788e-07	1.1936091465663011e-05	0.0001960352737914	-0.0002528804827763	3.842982857046917e-08	6.394853856917455e-08	0.0	0.0	0.0	0.0	0.0	0.0	0.0	0.0	0.0	0.0	0.0	0.0	0.0	0.0	0.0	0.0	0.0	0.0	0.0	0.0	0.0	0.0	0.0	0.0	0.0	0.0	0.0	0.0	0.0	0.0	0.0	0.0	0.0	0.0	0.0	0.0	0.0	0.0	0.0
517.518328979804	-0.7602142905057008	267825.2208300486	0.577925767489086	772.221599132694	-5.572761669493616	596326.1981670551	31.055672624977277	580.24058594898	-0.4948478387814248	0.2448743835466469	336679.1375824156	602.2416240504531	420.89346694472295	0.921025	31.235308	0.3843074432451159	0.2361745770737222	0.0122961384	0.0494505432	0.0285005685	0.0212605327	0.0351423734	-0.037544764	0.0399702798	0.1675773388	-0.0433464591	-0.0248569147	0.0531950762	-0.0675109302	-0.046472268	-0.0186699278	0.1104714604	-0.0297499343	0.0278020361	-0.112588891	-0.1061214653	-0.0379356661	0.0197483941	0.0291969411	-0.0980709009	-0.0425267603	0.0102434111	-0.0803396966	0.0160415955	0.0021016878	-0.0411008655	0.0149643663	-0.0537610099	-0.0267459983	-0.0509426789	0.0168164604	-0.1264419549	-0.0413998831	-0.0054293491	-0.0429253353	-0.0069921999	-0.0855362554	-0.0337393324	0.0780824903	-0.0963483826	0.0633577413	-0.0615929705	-0.0101921221	-0.037611615	0.0061313164	0.0513249981	0.0143116915	-0.1251896586	-0.0234921509	0.0167610336	0.0145331062	-0.0451738822	0.0806405752	0.0091933762	-0.0207230793	0.0747944226	0.1202621393	-0.0240671882	0.1204143913	0.0419891342	0.0634535172	0.0121391152	0.0464432639	0.0106771812	0.0742688833	-0.0135482239	-0.053928002	-0.1233944366	-0.0147170864	-0.0108306155	0.0406620347	-0.0165319096	-0.0109559133	-0.0384020673	-0.0102334874	0.011825552	0.0533979057	0.0726197652	0.0548075984	0.0708923057	-0.030612001	-0.0444458669	0.0638625317	-0.0018585831	0.0060646775	0.0216410359	-0.0700856832	1.67466e-05	0.0148301776	-0.0319834127	0.0358699705	-0.038103554	0.0286718222	-0.0571913876	-0.0275564794	0.0933510402	0.041513863	-0.0081060243	0.0250743374	-0.0666961263	0.0217250208	0.0233305629	-0.0981967816	-0.0284710552	0.0188322757	0.0793869824	0.0405580803	-0.0871900974	-0.0216517249	-0.0105221813	0.133026673	0.0631894981	-0.054841925	-0.037098283	0.0962387154	0.0	0.0	0.0	-0.0030267692302317	-0.0316348358390142	0.0010007628385613	9.161331973077396e-06	1.3726106225545749	0.220401751688442	1.8840599211496576	0.0485769321473336	0.627473746461277	0.0242800324928396	0.3937233024981509	0.0005895199778533	0.0009527612974321	-0.0005160836349507	2.6634231826392745e-07	9.077540898844984e-07	-0.0022811840845051	0.0011736808138177	1.377526652723779e-06	5.203800827399371e-06	0.0006660872895194	0.0004700520157279	4.43672277259301e-07	2.209488974899559e-07	0.0	0.0	0.0	0.0	0.0	0.0	0.0	0.0	0.0	0.0	0.0	0.0	0.0	0.0	0.0	0.0	0.0	0.0	0.0	0.0	0.0	0.0	0.0	0.0	0.0	0.0	0.0	0.0	0.0	0.0	0.0	0.0	0.0	0.0	0.0	0.0	0.0	0.0	0.0
514.0530065540663	-3.465322425737668	264250.49354727496	12.008459514320394	772.9241027832031	0.7025036505091293	597411.6686632195	0.4935113789786529	576.2179186590787	-4.022667289901278	16.181852125241694	332027.08978380065	599.2542033899026	408.1985698097032	1.026454	34.810783	0.91649647341423	0.5493903723050433	0.0957124237	0.0385607724	-0.1061430393	-0.0218999573	0.0710541548	0.0647785569	-0.0644207025	0.1119403166	-0.0776649948	-0.0022345549	0.201592046	-0.0698956993	0.0286780418	0.0525160663	0.07023478	-0.1250396784	-0.0235092103	-0.1305522444	-0.0294645339	0.0465022254	0.0480921345	-0.0024032045	-0.0746760476	0.0800318818	-0.1646156982	0.0140387385	0.0626203536	-0.0947638574	-0.1227424717	0.0884971509	-0.0243768402	0.1068543213	-0.0031004572	0.1891642224	0.0109882972	0.0011672829	0.0213738845	-0.076590876	0.0856209371	-0.0432077887	0.0366387886	-0.0525026648	0.0535266679	0.044786763	-0.0569943175	-0.0536584844	-0.0481425054	-0.0104160094	0.0446520471	0.0835935114	0.0112734009	0.0482055668	0.1406850644	0.1777887807	-0.0605582257	0.0446528632	0.0267734461	-0.0725624246	0.0720489052	-0.0011858187	0.0925130692	-0.0006698055	-0.0586402635	0.200045495	0.0354249897	0.0597775557	0.0299317456	0.1290657515	-0.0242514823	0.0885989638	-0.1089647301	0.0958641088	0.0233640867	0.2224769567	0.1070579715	-0.0840435136	-0.0887299959	0.1852871657	-0.1328345206	-0.0369602019	0.0748683518	-0.0963963528	0.0458710543	-0.0393835189	-0.0206921063	-0.0097184633	0.0156194422	-0.0143124002	0.1205397208	0.0121853795	-0.044778397	0.1093179278	-0.021688007	-0.025680366	-0.0166361268	-0.0634656321	-0.0524605648	0.008900398	0.006137124	-0.0003932087	-0.0860596587	-0.0116107306	-0.0186598029	-0.0767755486	0.038281121	0.0122955259	-0.123140065	0.0448628232	-0.0362595892	-9.5283e-05	0.0615864345	-0.1553456853	0.0832431546	0.0558231831	0.121799203	-0.0560735809	-0.034318686	0.0952287508	0.0	0.0	0.0	-0.0734209469506907	-0.070394177720459	0.0049553402569395	0.0053906354511361	0.9355577816671854	-0.4370528408873895	0.8752683628380249	0.1910151857277378	0.3538640225730205	-0.2736097238882564	0.1252197464715591	0.0748622810062079	0.0035136610479611	0.002560899750529	6.558207532259494e-06	1.2345813959959095e-05	-0.0022144819891665	6.670209533859994e-05	4.449169522559676e-09	4.903930480342818e-06	0.0005848945170245	-8.119277249489998e-05	3.421015960453232e-07	6.592266305408586e-09	0.0	0.0	0.0	0.0	0.0	0.0	0.0	0.0	0.0	0.0	0.0	0.0	0.0	0.0	0.0	0.0	0.0	0.0	0.0	1.0	0.0	0.0	0.0	0.0	0.0	0.0	0.0	0.0	0.0	0.0	0.0	0.0	0.0	0.0	0.0	0.0	0.0	0.0	0.0
518.1240379564058	4.071031402339486	268452.51870825107	16.5732966788342	775.0014853449593	2.077382561756167	600627.3022868931	4.315518307888615	578.6721351647452	2.4542165056665226	6.023178656685997	334861.44001612515	600.5734836703441	430.6795897495972	0.983466	33.352917	0.7709883574462423	0.448289291799197	0.0196777579	0.0301828953	0.0833315253	-0.100820025	0.0280444323	-0.0289204578	-0.0973816627	0.1063329387	-0.0214311694	-0.0844841273	0.0851080001	-0.0918763257	-0.038342911	0.0071088798	0.0578950037	-0.0277113922	0.13312156	-0.051408811	-0.1453233867	-0.0117666402	-0.0742374406	0.0424406408	-0.0458791231	0.0503068827	-0.0605081808	0.0611324242	-0.0433072426	-0.0575911873	-0.0706480714	0.0019939756	-0.0263053753	0.0596866817	0.0353218637	0.0127389804	0.0216987263	-0.0433021669	0.042643686	-0.0327275275	-0.0529531397	-0.0229375038	-0.0390412171	-0.146983206	-0.0619756765	-0.012520779	0.0630689929	-0.1573248648	-0.0087213249	0.0112715141	-0.099611143	0.0020028092	-0.0559898579	-0.040409833	-0.0141279819	0.0524645167	-0.0791127093	0.0928556896	-0.0032297041	-0.0840750559	-0.0132817289	0.0197310427	0.0166158061	0.1014525138	0.0358278832	0.0664618003	0.1281850025	0.0569029537	0.0642846842	0.0124065272	0.0948002321	0.061364277	-0.1351879203	0.0150971555	0.0570584479	0.0429108467	-0.0369415255	0.0500570568	-0.0477540812	-0.0199524584	-0.0010423954	-0.0673778104	0.0422657613	-0.0397420426	-0.0033379956	-0.0037601602	-0.0649566298	-0.0399257046	-0.0942087903	-0.0326160299	0.0433596983	-0.0442110303	-0.0822189933	0.0254682935	-0.0577417772	-0.0076432886	-0.0690975656	0.005417538	-0.0077503246	-0.0652329755	-0.0134824613	0.0072308217	0.0216411352	0.0364002746	-0.0211487195	-0.0446164877	0.021889851	-0.031515222	-0.0529043	-0.0865115536	-0.023232353	-0.0258713662	0.0346890405	-0.0625254505	0.0033134952	0.02725335	-0.0010200976	-0.0572923214	-0.0315074724	0.0940214101	0.0	0.0	0.0	-0.0384333275902264	0.0349876193604642	0.0012241335085127	0.0014771206696576	1.2572786709107504	0.321720889243565	1.580749656327103	0.1035043305756702	0.5730820453911178	0.2192180228180973	0.3284230307496673	0.0480565415282758	-6.20815323050127e-05	-0.0035757425802661	1.2785935000328156e-05	3.854116653338335e-09	-0.0021560271380902	5.845485107630003e-05	3.416969614352415e-09	4.648453020181418e-06	0.0008519336061644	0.0002670390891398	7.257908693122789e-07	7.130987512866743e-08	0.0	0.0	0.0	0.0	0.0	0.0	0.0	0.0	0.0	0.0	0.0	0.0	0.0	0.0	0.0	0.0	0.0	0.0	0.0	0.0	1.0	0.0	0.0	0.0	0.0	0.0	0.0	0.0	0.0	0.0	0.0	0.0	0.0	0.0	0.0	0.0	0.0	0.0	0.0
519.6980089204877	1.5739709640819228	270086.02047591936	2.477384595772977	774.378932071708	-0.622553273251242	599662.730436519	0.3875725780358355	582.0588886894776	3.3867535247323985	11.470099437287326	338792.5499024297	603.3517839400495	427.20589908098367	0.739778	25.088572	0.4237580942356146	0.1888346478327433	0.0375213549	0.0226256867	0.0668018404	-0.0592781446	0.0393920917	-0.0015740189	-0.056448745	0.0644541039	-0.0903723969	-0.0396461503	0.0232434963	0.0266568788	-0.0027089204	0.0306396414	0.0230234171	0.0085537209	0.0626757345	-0.0635833981	-0.0190463829	-0.068317257	0.0565498826	-0.0513806589	0.0041460284	0.054790752	-0.0713326089	-0.0655306188	0.0353533586	0.0212907303	-0.0727672615	-0.0126128792	0.0339236333	0.0437193759	0.0188666933	0.0334536962	0.0684841235	-0.0554906294	0.023336044	0.0162294171	0.0319903685	0.0383481678	-0.0832917547	-0.0670708585	0.0229701604	0.033024321	0.0270282879	0.0399127263	0.0349229641	0.0779760712	-0.0046683063	-0.1444256028	0.0003324058	-0.1094930542	-0.0189537854	0.0395250333	-0.0199987337	-0.02330761	-0.0601331531	-0.0048522314	0.0227377012	0.0016754785	-0.0339239004	0.0375510502	-0.0189261353	0.0594799543	0.0989294499	0.0448451464	0.0580417241	0.1047148504	0.0157001051	-0.0340690402	0.0632175236	-0.0215461881	-0.0120371979	0.115462674	0.0146628288	-0.0185121749	0.0158368659	0.002082615	-0.0471164965	-0.0118310544	0.0563656441	-0.0287915127	-0.0458618212	0.041006319	-0.0678874571	0.0035059115	-0.0089301405	-0.0834734008	-0.086745288	-0.0138737218	0.0891022766	0.0412668399	-0.0274670586	-0.036141902	-0.0266300823	0.0635479077	0.0526766323	-0.0335575099	0.0231955241	0.0419599085	-0.0482853348	-0.0500768634	-0.0007255352	-0.0228891075	0.0094254717	-0.053588612	0.0050386325	0.0129712161	0.0406103303	0.0102157987	0.0118844101	-0.0278139024	-0.0125188351	0.00727787	0.0735395604	-0.0584978657	-0.0286672319	0.0926191957	0.0	0.0	0.0	0.075243097795294	0.1136764253855204	0.0129223296884297	0.0056615237658321	1.2126027392319685	-0.0446759316787819	1.4704054031928733	0.0019959388713671	0.4606368022855349	-0.1124452431055829	0.2121862636198429	0.0126439326970736	-0.0013681608249963	-0.0013060792926912	1.7058431187969737e-06	1.8718640430545565e-06	-0.0037881765637015	-0.0016321494256113	2.6639117475232965e-06	1.4350281677777304e-05	0.0009729147691764	0.000120981163012	9.465631480815678e-07	1.4636441803736141e-08	0.0	0.0	0.0	0.0	0.0	0.0	0.0	0.0	0.0	0.0	0.0	0.0	0.0	0.0	0.0	0.0	0.0	0.0	0.0	0.0	0.0	0.0	0.0	0.0	0.0	0.0	0.0	0.0	0.0	0.0	0.0	0.0	0.0	0.0	0.0	0.0	0.0	0.0	0.0
521.1311444142133	1.4331354937255585	271577.6696784676	2.053877343376	777.9599873503746	3.581055278666554	605221.741918195	12.82395690886559	583.8588466823661	1.799957992888494	3.239848776163176	340891.1528492627	605.0889705908103	429.5870516274132	0.742086	25.16684	0.421028163390565	0.2230030103312671	0.0170484004	-0.0065035736	0.0808928867	-0.0637031913	-0.0071279459	-0.0402947788	-0.0634812188	0.0472374967	-0.0195056637	-0.1173277147	-0.0366273595	0.0309398818	-0.0407735848	-1.54687e-05	0.0680894424	0.0629095617	0.0369321415	-0.0075091996	-0.1426381512	-0.0074867231	-0.0318936891	0.0184278905	-0.0817379794	-0.0824658208	-0.054300112	-0.0359951626	-0.0043336781	-0.0188908646	0.003871945	0.061384702	0.0193606371	0.0566958497	0.0995730239	0.0566069973	0.0487059025	0.0520054045	0.0414741998	0.1129499075	0.055010232	0.0828827134	-0.047503117	0.0284677494	0.0645072612	0.0454544862	0.0858364192	0.0302686909	-0.0043522854	-0.0508742615	-0.0274470038	-0.0183485473	0.0667287171	0.0238484523	0.107638072	-0.020897498	0.0014553693	0.0150425276	-0.0786632887	-0.0107873256	-0.0251925811	0.0435814433	-0.1141698557	0.0849591638	0.0316021621	0.0113654737	0.0584172036	0.0529443821	0.0200186129	0.0529458059	0.0600370979	0.016117307	-0.073457226	-0.1079791181	-0.0061984839	0.0603962084	-0.0269938272	0.062360891	0.0433379962	0.0297963021	0.0416894502	0.0179130407	-0.0497998692	-0.0811665083	-0.0453143232	0.0498714786	-0.0512811105	0.0550008743	0.0415536784	-0.0277036327	0.031661214	-0.0690194662	-0.0448637053	0.0121445106	-0.0231588976	0.0193070307	-0.0228477016	0.0293961258	0.0365083327	-0.0817158137	-0.0006600441	0.0084079683	0.0802388182	-0.0042823982	0.0004555256	0.0283499855	-0.0110753865	-0.0838923458	-0.0174975761	-0.0733871203	0.0275048823	-0.0107020758	0.0240912501	-0.0361325912	-0.1232506623	0.026130983	0.0165781668	-0.0596899362	-0.0258005812	0.0910250139	0.0	0.0	0.0	0.0757866241744267	0.0005435263791327	2.954209248131035e-07	0.0057436124037557	1.3870596089416551	0.1744568697096866	1.9239343587573772	0.0304351993889025	0.5803481567518105	0.1197113544662756	0.336803983045224	0.0143308083881502	0.0001560020096636	0.0015241628346599	2.323072346558501e-06	2.433662701908195e-08	-0.0035188769087928	0.0002692996549086	7.252230413394489e-08	1.238249469923517e-05	0.0017057805363172	0.0007328657671407	2.909687238078594e-06	5.370922326468731e-07	0.0	0.0	0.0	0.0	0.0	0.0	0.0	0.0	0.0	0.0	0.0	0.0	0.0	0.0	0.0	0.0	0.0	0.0	0.0	0.0	0.0	0.0	0.0	0.0	0.0	0.0	0.0	0.0	0.0	0.0	0.0	0.0	0.0	0.0	0.0	0.0	0.0	0.0	0.0
520.1715478638308	-0.9595965503824572	270578.4392070536	0.9208255395059118	776.383760128802	-1.5762272215725943	602771.7429917372	2.48449225402646	582.113062700134	-1.745783982232069	3.0477617126180623	338855.6177661302	603.535819381964	424.2358028351905	0.7327829999999999	24.851351	0.2899429848216766	0.1573461434638386	0.0188788561	0.0152724268	0.0237883165	-0.0255819492	0.0102752224	0.0016819309	-0.0152939764	0.0523994606	-0.0771054447	-0.0461908023	0.0103047233	0.0273876401	-0.0104970366	0.0043643494	0.0341719855	-0.0040397141	0.0687963412	-0.0563892714	-0.1235554519	-0.047224174	0.1103925279	-0.0446819037	0.010210539	-0.0349699934	-0.0319165836	0.0014170062	-0.005119166	0.0551617558	-0.0746413987	0.1050795795	-0.020984729	0.0325331487	-0.0462324173	-0.049340951	-0.058516797	-0.0216665407	0.0256709117	-0.0078836423	-0.0075558387	-0.0282397775	0.0371488578	-0.0335219282	0.1055603261	0.141361044	-0.0179834016	-0.0110312458	-0.0349928795	-0.0186503381	0.0405719352	0.0045537602	0.033322154	0.0999978091	0.0416108646	0.0247192288	-0.0018317635	-0.0096780599	-0.0316665406	0.0066597733	0.034576607	0.0363075097	-0.0328358965	0.0527107603	-0.0389294583	0.0755655361	0.0621515992	0.1110197013	0.0601192906	0.0459766797	-0.000812836	0.07271157	0.0269613179	-0.0367320451	0.0435464556	0.1095622733	0.0375701835	0.0502635987	-0.0251273145	-0.0164164048	0.0121732761	-0.018096841	-0.0129159011	0.0245726579	0.0437433287	-0.1129401015	-0.0579559784	0.0735830138	0.0258817712	-0.0361021514	-0.0341394969	0.0856051781	0.1283031228	0.0237950458	-0.0236641499	-0.0157300035	0.0057324584	0.0405984689	0.008858509	-0.0026209881	0.0291668205	0.0354353667	-0.0602444745	-0.0260596819	-0.0201281293	-0.027096677	-0.0107025261	-0.0657551339	0.0043037239	0.0188163497	0.0117614318	0.0165230212	0.0252998981	0.0136213995	-0.0536538475	0.0184764809	0.1021610536	-0.0608682583	-0.0229101613	0.0892421688	0.0	0.0	0.0	0.0556920957250213	-0.0200945284494054	0.0004037900736039	0.0031016095262449	1.2499949443023723	-0.1370646646392828	1.5624873607814909	0.018786722292679	0.5173518334644172	-0.0629963232873933	0.267652919588994	0.0039685367477297	-0.0006259262692754	-0.000781928278939	6.114118334045066e-07	3.9178369456902057e-07	-0.0033838916483039	0.0001349852604888	1.8221020549256127e-08	1.1450722687460889e-05	0.0012269447068332	-0.0004788358294839	1.5053933136260071e-06	2.292837515976302e-07	0.0	0.0	0.0	0.0	0.0	0.0	0.0	0.0	0.0	0.0	0.0	0.0	0.0	0.0	0.0	0.0	0.0	0.0	0.0	0.0	0.0	0.0	0.0	0.0	0.0	0.0	0.0	0.0	0.0	0.0	0.0	0.0	0.0	0.0	0.0	0.0	0.0	0.0	0.0
521.3979131565889	1.2263652927580324	271855.78384404577	1.5039718312814945	779.1536517673069	2.7698916385048733	607080.4130623298	7.672299689059212	582.8182831288879	0.7052204287538189	0.4973358531317201	339677.15114930447	604.5936616366026	432.33835385950135	0.726937	24.653059	0.2341850558218686	0.1007451844422026	0.0158294235	0.0053921375	0.0795317132	-0.0983806096	-0.0102146427	-0.0317224993	-0.0455826087	0.0150728637	-0.0224404219	-0.0825912987	0.0015173755	0.0090914879	-0.0724294734	0.035192644	0.0276333611	0.0373191696	0.0891184991	-0.0010306844	-0.1161769205	-0.0676883619	-0.0370203952	0.0415590156	-0.0412158001	0.0442929405	-0.011408436	-0.110969675	0.0313891001	-0.1350186463	-0.0435673248	0.010888555	-0.0148720384	-0.0465412159	0.0134341004	-0.023251202	0.0669798619	0.1401112401	0.0847369626	0.0650117057	0.0572007973	-0.0758415863	-0.0287976414	-0.0046673141	0.0262546837	-0.0192347147	0.0377956207	0.002193141	-0.0141751225	0.0548026646	-0.0256541287	0.0192387361	-0.070759371	0.0188273412	-0.0832372482	-0.0081092951	-0.012428251	0.0406310913	-0.0785411531	0.0046676135	-0.0098958553	0.0054019776	-0.0332760797	0.0711446647	0.0240305449	0.0270021056	0.0694891239	0.0870453856	0.0025376958	-0.000488601	0.0550985373	0.0009906017	-0.1194108188	-0.0194741186	-0.0972492705	0.0054473896	0.0216159116	0.0456619895	-0.1106799845	0.0593864617	0.0098713044	0.1292034746	0.0301702268	0.0019382007	-0.0376838641	0.0396435183	-0.0179094405	0.0874779375	0.0228621265	-0.0157944724	0.0460419332	-0.0056848813	0.0552329241	0.0133498975	-0.0428647172	-0.0010478621	-0.035848274	0.0045038085	0.0041681044	-0.056257754	-0.0111277509	-0.0030595643	0.0478286704	0.0244784518	0.0093588882	-0.0251439316	-0.0118434142	-0.0646080755	-0.0072870431	-0.0996824406	-0.0009834108	-0.0075941997	0.0668017211	-0.0314188065	-0.1083451393	-0.0001998801	-0.00224173	-0.0620325607	-0.019998635	0.0872743556	0.0	0.0	0.0	0.020392193391558	-0.0352999023334632	0.001246083104752	0.0004158415513187	1.308434425567782	0.0584394812654096	1.7120006460108916	0.0034151729705701	0.5790813281635678	0.0617294946991506	0.3353351846276817	0.0038105305158124	-0.0001891507491091	0.0004367755201663	1.90772855016542e-07	3.577800588853369e-08	-0.002884059749729	0.0004998318985749	2.498319268329894e-07	8.3178006400069e-06	0.0005892285750975	-0.0006377161317357	3.471903137114302e-07	4.066818646759447e-07	0.0	0.0	0.0	0.0	0.0	0.0	0.0	0.0	0.0	0.0	0.0	0.0	0.0	0.0	0.0	0.0	0.0	0.0	0.0	0.0	0.0	0.0	0.0	0.0	0.0	0.0	0.0	0.0	0.0	0.0	0.0	0.0	0.0	0.0	0.0	0.0	0.0	0.0	0.0
521.2495806084365	-0.1483325481523252	271701.12528447097	0.0220025448413618	780.8051557931286	1.6515040258217368	609656.6913131318	2.727465547305404	582.9994041897287	0.1811210608408373	0.0328048386801103	339888.30528557865	604.708221591887	428.22699014567	0.754641	25.592613	0.1489333727301953	0.0791505928685065	0.0217405199	0.0338562139	0.0601469105	-0.0192321131	-0.0093837158	0.0298995481	-0.0079397359	0.0215445565	-0.0613499702	-0.0254702334	-0.0079994205	0.0235824334	-0.0379132805	-0.0144927514	0.0176423769	0.062637798	0.021110308	-0.0643320135	0.0057473607	0.0365082738	0.0566288736	0.0012940119	0.0192412552	-0.0009367827	0.0606026449	0.0821063074	-0.1156781447	-0.0330800926	0.0225799026	0.0922917232	-0.0321683968	0.0722936787	-0.0714865405	-0.0260705543	-0.0666411587	-0.015386923	0.1167522059	0.0561703308	-0.0963125022	-0.1052289164	-0.0143511195	-0.0107855331	0.0094443084	-0.0806927474	0.1033498753	-0.0133456412	0.0444713492	0.0640786761	-0.0049815612	-0.0089209073	-0.0784494674	0.0343380459	0.0462927076	0.0218395014	0.0157783002	-0.0183873248	-0.0085772734	0.0705762924	0.0650645388	-0.0034959887	-0.0523795594	0.0335877202	-0.0407931106	0.0472935697	0.017115922	0.0068052532	-0.0251588161	0.0193900287	-0.0386438733	0.1004372193	-0.0375968786	0.0479393717	0.0821138759	-0.0159794159	0.0190021699	0.0463663254	-0.0310471233	-0.0068382203	0.0531354915	-0.0335521345	0.0314357302	-0.0267769608	0.0582169036	0.0113365618	-0.0940034539	0.0074989693	-0.0248791318	0.0385525409	0.0184641076	-0.0575563115	0.0810789317	0.0200055275	-0.0545192945	-0.0102021618	-0.0275335879	0.0491978383	-0.0154538831	-0.0098100854	0.0495313389	0.0240256534	-0.0514894035	-0.0024310426	-0.0227246596	-0.0408352532	-0.0191100612	-0.0132202881	0.0022414555	0.0016116308	0.063652022	0.0393946492	-0.0233633805	0.055651093	-0.0032439844	-0.0183153454	0.0332703396	-0.063182575	-0.0170686847	0.0851256531	0.0	0.0	0.0	0.0188488312794419	-0.0015433621121161	2.381966609115471e-06	0.0003552784406008	1.3079737629850428	-0.0004606625827392	1.710795364657253	2.1221001513599299e-07	0.5195100213532129	-0.0595713068103549	0.2698906622864157	0.0035487405950934	-0.0008589181275692	-0.0006697673784601	4.485883412493148e-07	7.377403498669805e-07	-0.0031043907824597	-0.0002203310327307	4.8545763984176956e-08	9.63724213022075e-06	-0.0002678338382114	-0.0008570624133089	7.173496489105039e-08	7.345559803068758e-07	0.0	0.0	0.0	0.0	0.0	0.0	0.0	0.0	0.0	0.0	0.0	0.0	0.0	0.0	0.0	0.0	0.0	0.0	0.0	0.0	0.0	0.0	0.0	0.0	0.0	0.0	0.0	0.0	0.0	0.0	0.0	0.0	0.0	0.0	0.0	0.0	0.0	0.0	0.0
521.5196312635991	0.2700506551625494	271982.72579332034	0.0729273563537221	780.2294684962222	-0.5756872969063807	608758.0235098974	0.3314158638193752	582.0728051356014	-0.9265990541273368	0.8585858071096752	338808.75047842774	604.3383874424169	428.48505396782525	0.7662219999999998	25.985386	0.2121854331659914	0.1065048529146515	0.0149975513	0.0377641362	0.0460504079	-0.0543392522	-8.16028e-05	-0.0080059022	-0.0978874752	-0.042164848	-0.0056367805	-0.0688473021	0.0323087604	-0.0197885541	-0.0481900477	0.0930451725	0.0248940284	0.0247862479	-0.000454098	0.0528317705	-0.0043574413	-0.0487233719	-0.0698549719	0.0373224357	0.0318027227	0.0017263057	0.0350621071	0.0050309818	-0.0579552694	0.1118841359	0.0507066105	0.0176810867	-0.0186914364	0.0242979386	-0.0360301807	-0.0132329184	-0.041490564	0.0334640002	-0.0270353004	-0.0482936563	-0.0532482179	-0.0471010081	0.0984163163	-0.0242708161	-0.0684571699	0.0028299468	-0.0063398015	0.0095659108	-0.0062178855	0.0023327972	-0.0054891584	0.0167590966	-0.0391619249	-0.0472747397	0.1277469445	0.0303873795	-0.0243591233	0.0441792613	-0.0655025155	-0.0363464202	-0.0353666524	-0.0931966663	-0.0149739796	0.0399374088	-0.0241869322	0.0651987991	0.0019131779	-0.0326927514	-0.0346781129	0.009733134	-0.0193472944	-0.0292936118	0.0366024425	-0.0491250407	0.0151513056	0.0146512829	0.0096951283	-0.0024611263	0.022192765	-0.0096776839	0.0740700922	0.0064692114	-0.0288594306	0.0368172957	0.0674344983	-0.0322620305	0.052052567	0.0186098135	0.0616027078	0.0385004875	0.0608689654	0.0292859299	-0.0894076839	0.022173464	-0.0540576695	-0.0246584199	-0.0439920713	-0.0178486888	0.0068751793	-0.0536947516	-0.0152474581	-0.0385965049	0.0129747467	5.72064e-05	0.0158573451	-0.0379339403	0.025894666	-0.0328274281	0.0085363096	-0.0759923221	-0.0297289558	0.0093663455	0.0795897453	-0.0196965194	-0.0748298065	-0.0011808539	-0.0729897409	-0.0643180366	-0.0141230095	0.0828005146	0.0	0.0	0.0	0.0259569158415047	0.0071080845620628	5.05248661414355e-05	0.0006737614800029	1.225104758600466	-0.0828690043845767	1.500881669545506	0.006867271887691	0.5655080622460105	0.0459980408927975	0.3197993684652376	0.0021158197659754	9.056664579035217e-06	0.0008679747921482	7.533802398047721e-07	8.202317329715114e-11	-0.0027570047613141	0.0003473860211456	1.206770476873715e-07	7.601075253908616e-06	4.101141502584918e-05	0.0003088452532372	1.681936162422448e-09	9.538539044718059e-08	0.0	0.0	0.0	0.0	0.0	0.0	0.0	0.0	0.0	0.0	0.0	0.0	0.0	0.0	0.0	0.0	0.0	0.0	0.0	0.0	0.0	0.0	0.0	0.0	0.0	0.0	0.0	0.0	0.0	0.0	0.0	0.0	0.0	0.0	0.0	0.0	0.0	0.0	0.0
522.8440920854422	1.324460821843104	273365.9446286503	1.7541964685973104	784.2261380424277	3.996669546205453	615010.6355889408	15.973367461566102	583.8803569351244	1.8075517995230257	3.2672435079589284	340916.27121468825	605.4811628685623	433.21682805806455	0.7889169999999999	26.755032	0.2808379308005634	0.1559234471199393	0.0061713889	0.0453157857	0.0852640767	0.0359085375	-0.0355231964	0.0146916851	-0.0265220917	-0.0177095755	-0.0424804006	-0.0521347888	-0.0158982416	0.0524961	-0.0703714964	0.0184431531	0.039814277	0.0239586917	-0.0642301694	-0.1110698828	0.0898748569	-0.0537846181	0.015217549	-0.0629355739	0.0963024758	-0.0473273125	0.0886891058	0.0416986518	-0.0761387351	0.0928893064	-0.1296966355	0.0416068825	0.0868156489	-0.0249896068	-0.0088879081	0.0111104863	0.0397264735	0.0357854873	0.1004389706	-0.0425716105	-0.0521219748	-0.0149694568	0.0066787356	0.0130401767	-0.0690032337	-0.0181454672	0.0308441687	0.0768619456	0.128822792	0.0571807528	0.1415612897	0.0420866023	-0.0444853357	-0.1604812037	0.1135952122	0.0096717252	0.023225354	0.0145357387	-0.0650232811	0.0517015869	0.0794073593	0.0092902478	-0.0555246398	0.0087686219	-0.012630887	0.0176141776	-0.0337075736	-0.0199559188	-0.0485343966	0.0370838306	-0.0150175405	0.0313571943	0.1592375139	0.078468493	0.0457997348	-0.0032695437	0.0121120424	0.032278745	0.0263977385	-0.0869739526	0.0824770343	0.0578181028	0.1493419801	-0.0110701942	0.0872946942	0.155890325	-0.0212630114	-0.0314670038	-0.0082807024	-0.030855265	0.0147054529	-0.0289628975	0.0522611447	0.0093135902	-0.0647260359	-0.0061818834	-0.0333446472	0.0529833235	-0.0077635371	-0.0090593568	0.0488521769	0.0276531616	-0.0364031438	-0.0093584477	-0.0131918178	-0.0823834722	-0.0076697067	0.0233870873	-0.0168040157	0.0095903791	0.0328255708	0.0125065833	-0.0221769593	0.0453403854	0.030897983	-0.0122533358	-0.0421982471	-0.0654386837	-0.0111643232	0.0803037594	0.0	0.0	0.0	0.0105035408528095	-0.0154533749886952	0.0002388067985412	0.0001103243704466	1.3510398146289475	0.1259350560284815	1.8253085807126208	0.0158596383368967	0.540597148166583	-0.0249109140794274	0.2922452766058425	0.0006205536402726	-0.0015769144096485	-0.0015859710742275	2.515304248286442e-06	2.4866590553570774e-06	-0.0031608023879734	-0.0004037976266593	1.6305252329568341e-07	9.990671735818346e-06	-0.0002599915981665	-0.0003010030131923	6.759563111717081e-08	9.060281395087353e-08	0.0	0.0	0.0	0.0	0.0	0.0	0.0	0.0	0.0	0.0	0.0	0.0	0.0	0.0	0.0	0.0	0.0	0.0	0.0	0.0	0.0	0.0	0.0	0.0	0.0	0.0	0.0	0.0	0.0	0.0	0.0	0.0	0.0	0.0	0.0	0.0	0.0	0.0	0.0
521.7199824318135	-1.1241096536286932	272191.7400686518	1.263622513381221	782.8805602893494	-1.3455777530782598	612901.9716789657	1.8105794895791385	582.2088863169512	-1.6714706181732026	2.793814027416308	338967.1873064246	604.7121118326656	432.3903862173941	0.824107	27.948465	0.4397309379496043	0.2148687752797759	0.0483577076	0.0238882039	0.0436161704	-0.0219524793	-0.0031079821	0.0543778145	-0.0506443596	-0.0929559589	-0.0300363634	-0.0325333384	0.0414118493	0.004070437	-0.0241470752	0.064581365	-0.0678712794	0.0372814799	-0.0130151211	0.078697422	0.0486654016	0.0413825291	0.0547049987	0.0339369076	-0.0601972059	0.1147785741	-0.0092347034	0.0144863943	-0.07463295	0.0265047163	-0.0088797137	0.0333577159	-0.0617927989	-0.0065647426	0.0403232599	-0.0326416154	0.1385536935	-0.0255808839	-0.0165483892	0.0015525935	-0.0412272085	-0.0027608665	0.0329158519	0.0549531134	-0.0433757452	-0.0281925285	-0.0587658279	0.0151557302	0.0377918672	0.0126653514	-0.0796096023	-0.0200580851	-0.0196115386	0.0299207547	0.0472328406	0.0513292181	-0.0011503922	0.0029632822	-0.0247515275	0.0181090397	-0.0286978222	-0.1094886836	0.0277176222	-0.0102979465	-0.0615301008	0.0350800939	-0.0007721856	-0.006468012	0.0113356117	0.0477088213	-0.070077076	0.0693958096	0.0108924035	-0.0613247411	-0.0350703588	-0.0023830174	0.0393745594	-0.0585984154	0.016053075	-0.0542795083	0.0223049326	0.0026719183	-0.0249766718	-0.019671443	-0.0882053902	-0.0410728079	0.1198363608	-0.0211163476	-0.0211636213	0.0422256066	0.0418423029	-0.0098751238	-0.0113513708	0.045287664	-0.0409144686	-0.0496186971	-0.0094349113	0.0255190766	0.0229964018	-0.0243490679	-0.0167152769	-0.0166854092	-0.0277423827	-0.0934863461	0.0707389893	-0.0684640969	0.0090826721	0.0006596905	0.0629915286	0.037489366	-0.0246477617	0.0295988209	0.0844246772	0.0296141533	-0.0538114669	-0.0311934208	-0.1139400484	-0.0665442583	-0.0081953516	0.0776405624	0.0	0.0	0.0	0.0781949425593211	0.0676914017065116	0.0045821258649923	0.0061144490418555	1.180105642877919	-0.1709341717510284	1.3926493283523067	0.02921849107221	0.4547153288405638	-0.0858818193260191	0.2067660302825821	0.007375686890747	-0.0008978773844887	0.0006790370251598	4.610912815378709e-07	8.061837975762689e-07	-0.0042301423087933	-0.0010693399208199	1.1434878662591103e-06	1.7894103952643113e-05	0.0002961023591747	0.0005560939573411	8.767660710882305e-08	3.092404893913963e-07	0.0	0.0	0.0	0.0	0.0	0.0	0.0	0.0	0.0	0.0	0.0	0.0	0.0	0.0	0.0	0.0	0.0	0.0	0.0	0.0	0.0	0.0	0.0	0.0	0.0	0.0	0.0	0.0	0.0	0.0	0.0	0.0	0.0	0.0	0.0	0.0	0.0	0.0	0.0
522.4869403377961	0.7669579059826219	272992.60282355174	0.5882244295492484	782.8903622320521	0.0098019427026656	612917.3192758338	9.60780807463405e-05	583.0572791503141	0.8483928333629365	0.7197703997015913	339955.7907701673	605.0162013319672	435.4453821599365	0.810828	27.49811	0.4410645868968563	0.2602528335032296	0.0307138236	0.0203967851	0.0864328397	0.0092170938	-0.0252060163	0.018625666	0.020267593	-0.0152517159	-0.0306800051	-0.0558344565	0.0048904163	0.0331409419	-0.0937330379	0.014007604	0.0154622599	0.0397993669	-0.0289304647	-0.0065804233	0.0109925348	0.0527401387	-0.0194823112	-0.112052873	-0.0207307989	0.0217993033	0.0017429879	-0.0587000305	-0.0112063918	0.033609561	-0.0449250052	0.0982065034	-0.0841939773	0.0296667888	0.0123056744	-0.0572409695	-0.0549813838	-0.1271252266	-0.0206843982	-0.0221514309	-0.0623655788	-0.0868868161	0.0357513192	0.129987854	-0.0416290054	-0.0735694191	-0.002649028	0.0671914039	-0.0087330204	-0.0426497948	-0.0433946783	-0.1649384219	-0.0072362254	-0.0913897085	-0.028244583	0.0107246602	0.0149888994	0.0528896859	-0.0534342869	0.0859287196	-0.0097968466	0.0191969102	-0.027236974	0.043070685	0.0009231073	0.0028499581	-0.0872986794	-0.0457434338	0.0012126364	0.0581477782	-0.071004432	0.0270612666	0.0396010951	0.0266653373	0.0950473381	-0.0031418614	0.0694062494	0.0301061336	0.0523145491	-0.0846322743	-0.0046835006	0.032754357	-0.0427294233	0.0262254507	0.0263373183	0.01450041	-0.0992679325	-0.1136148128	-0.0852077659	0.0454441006	-0.0612467857	-0.0386513518	0.075432287	0.0270174841	-0.0729880872	9.905e-06	-0.0369422424	0.056371119	-0.0438863574	-0.0751165236	0.0357621355	0.0533385666	-0.0181575588	-3.17786e-05	0.0346163767	-0.0929257525	-0.0038599933	0.0249954498	0.0056238897	-0.0088637142	0.0427753785	0.0847804992	-0.0039986664	0.0223439646	0.0562032259	-0.0516818684	-0.136805641	-0.0676345058	-0.0052188299	0.0748164435	0.0	0.0	0.0	-0.0157337281858218	-0.0939286707451429	0.0088225951879494	0.0002475502026253	1.4105007690334477	0.2303951261555286	1.9895124194439475	0.0530819141562219	0.4661654211908086	0.0114500923502448	0.217310199914004	0.0001311046148291	-0.0009571418019411	-5.9264417452399966e-05	3.512271175972329e-09	9.16120429023056e-07	-0.0036509485670872	0.0005791937417061	3.3546539043151266e-07	1.332942543951608e-05	-0.0011712534345856	-0.0014673557937603	1.3718346080285646e-06	2.1531330254819207e-06	0.0	0.0	0.0	0.0	0.0	0.0	0.0	0.0	0.0	0.0	0.0	0.0	0.0	0.0	0.0	0.0	0.0	0.0	0.0	0.0	0.0	0.0	0.0	0.0	0.0	0.0	0.0	0.0	0.0	0.0	0.0	0.0	0.0	0.0	0.0	0.0	0.0	0.0	0.0
520.9768217633061	-1.5101185744899794	271416.84881459567	2.2804581090196474	784.9637275606568	2.073365328604723	616168.0535859211	4.2988437858601705	582.0358610242886	-1.0214181260255373	1.0432949881735205	338765.743518285	604.9702584000885	428.5607288770126	0.8653389999999999	29.346798	0.6873815917148206	0.3028189473686057	0.0643196759	0.017531335	0.0350799471	0.0015099014	-0.0069021947	0.0821034865	-0.0115408473	-0.0581459383	-0.0138443306	0.0277020775	0.0468107301	0.0333988713	0.0052171372	0.0169756728	-0.0408221446	0.031154478	-0.0489844269	0.1070726714	0.0252016131	0.0338813313	0.0537298636	-0.1159301517	-0.0443216342	0.019947312	0.02149596	-0.0350429554	0.0563717997	0.0169504076	-0.0136154218	0.0253401186	-0.0072999972	0.0434749654	-0.0311569999	0.0115053143	0.0257956075	-0.1085755029	0.0596071731	0.033448115	-0.0103494883	0.0145953925	-0.0019996616	-0.0199662306	0.010755018	0.071097005	0.0048903066	-0.0085485031	0.0457873843	0.061522964	0.105045505	-0.0307645422	-0.0277683717	0.0314457537	-0.0312919061	0.0686684248	0.0293219578	-0.0276037501	0.0089537689	0.035201584	-0.0221005155	-0.0669155403	-0.0147122819	-0.0492808571	-0.0476527261	-0.0210861882	-0.0330504107	-0.0043006915	0.0678338738	0.0077414698	-0.1208466967	-0.0313809501	0.0465205819	-0.0115728583	-0.0130932903	0.0482748072	0.0332678177	-0.0232388813	0.0344371182	0.0410938975	-0.0004134044	-0.0093862913	-0.0172702578	-0.0099659045	0.0002261283	0.0020814451	-0.063716221	0.0625405717	-0.0517774519	-0.0060030221	0.0018371953	-0.088966999	0.1034401696	0.0543535276	-0.0111124447	-0.038200907	0.0082972195	0.0642853125	0.069719697	-0.0538671274	-0.0130451629	0.0271790188	-0.0195171311	-0.1131868377	0.0786057091	-0.0332487593	-0.0259568824	0.0055741964	0.1210982679	0.0225441372	-0.0323445524	0.0405257214	0.0263716044	0.0469423561	-0.0167291658	-0.0560887665	0.008815259	-0.068709175	-0.0022375003	0.0718372561	0.0	0.0	0.0	0.1389161294132606	0.1546498575990824	0.0239165784554164	0.0192976910111617	1.235758854953744	-0.1747419140797037	1.5270999475965883	0.0305347365362385	0.3886457593660992	-0.0775196618247094	0.1510455262732518	0.0060092979694173	-0.0015148219184619	-0.0005576801165208	3.1100711236265306e-07	2.2946854446525914e-06	-0.0061710771955456	-0.0025201286284584	6.351048303975618e-06	3.808219375338295e-05	0.0013603409846617	0.0025315944192473	1.850527594550364e-06	6.4089703035640735e-06	0.0	0.0	0.0	0.0	0.0	0.0	0.0	0.0	0.0	0.0	0.0	0.0	0.0	0.0	0.0	0.0	0.0	0.0	0.0	0.0	0.0	1.0	0.0	0.0	0.0	0.0	0.0	0.0	0.0	0.0	0.0	0.0	0.0	0.0	0.0	0.0	0.0	0.0	0.0
521.7522970177857	0.775475254479602	272225.4594433357	0.6013618703102034	781.9268301578991	-3.036897402757745	611409.5677207799	9.222745834876738	582.9783873842053	0.9425263599167693	0.8883559391379553	339863.8001570886	605.0707575688597	428.2929679688592	0.71873	24.374752	0.3971485915580591	0.2001609019494242	0.026483329	0.0273387297	0.0412058184	-0.0139808865	-0.0115967978	0.021329909	-0.0114374469	-0.0471763689	-0.0061435401	-0.0716200521	-0.0131775931	0.0167070306	-0.0308780612	-0.0349645612	0.0008086706	-0.0115551016	0.015987547	-0.0013212947	0.0159765863	-0.0035488889	0.0077263121	-0.0069215061	0.0136531762	0.1182643406	-0.024685637	0.0054765739	0.0933852408	0.0226813221	0.0030412909	-0.0511658183	-0.1068383766	0.023351089	-0.0472554894	0.0575152436	-0.0118769335	-0.0633513428	-0.0836453794	0.0562816684	0.0184599489	0.0459562774	-0.0226042828	-0.0732131804	0.0542806358	-0.0231729389	0.0689725936	0.1495038438	0.0594034836	0.0829897593	-0.0495502353	0.0753110208	-0.0051047137	-0.0117141244	0.0672006763	0.0025223817	0.0201815288	0.0106010286	-0.0060986749	0.0353713597	-0.0373025117	0.0187107292	-0.0225931173	0.0473474102	-0.0012511108	0.0398396251	0.0031259615	0.0098853632	0.0075469095	0.0221251817	-0.0180464753	-0.0419906408	0.0207825194	-0.0075111991	-0.0068482923	-0.0495665961	0.0448721947	-0.1434779506	0.0209502504	0.066181216	-0.0221535346	0.0065791006	-0.0106518722	0.0245735166	-0.086540014	-0.0458054581	-0.0230150512	-0.1112509721	0.0831759873	-0.0251746127	-0.0584128513	-0.0022365112	0.0629133121	0.0231491528	-0.0380277367	-0.0012186853	0.0037649094	0.0504768588	0.0334000701	-0.043204731	0.0160486145	0.0149486059	0.0371607142	-0.0436818097	0.0533661128	-0.0438490346	-0.0124359145	-0.0639160978	0.0419945677	0.0216902459	0.0143115611	0.0331720343	0.0164079753	0.0519277808	-0.0294669884	-0.0280676153	-0.0307032149	-0.0697680185	0.0007458907	0.068709175	0.0	0.0	0.0	0.1002416832507293	-0.0386744461625312	0.0014957127859785	0.0100483950609395	1.3882795601940785	0.1525207052403345	1.927320137252664	0.023262565527009	0.5010466086975924	0.1124008493314932	0.2510477040873583	0.012633950930441	-0.0011419196248202	0.0003729022936417	1.3905612060324062e-07	1.3039804295495065e-06	-0.0049981161177539	0.0011729610777917	1.3758376900142672e-06	2.4981164726551315e-05	0.0010351525396211	-0.0003251884450406	1.0715407802840133e-06	1.0574752478792333e-07	0.0	0.0	0.0	0.0	0.0	0.0	0.0	0.0	0.0	0.0	0.0	0.0	0.0	0.0	0.0	0.0	0.0	0.0	0.0	0.0	0.0	0.0	0.0	0.0	0.0	0.0	0.0	0.0	0.0	0.0	0.0	0.0	0.0	0.0	0.0	0.0	0.0	0.0	0.0
520.7181408235618	-1.0341561942238968	271147.3821827468	1.0694790340516542	784.0455297280473	2.1186995701482374	614727.3926865343	4.488887868546326	582.0725694614518	-0.9058179227534991	0.8205061091814644	338808.4761194567	604.7337948220675	427.5072441309631	0.666002	22.586563	0.2626601226443382	0.1463848141668996	0.0441553616	0.0317396038	0.0141883161	0.0278629968	-0.0049713404	0.0531803566	-0.024876203	-0.0469252103	-0.0092924194	0.0016303768	0.0376384132	0.0199940364	-0.0011271465	0.024285363	0.0005233256	0.0046680615	-0.0863052713	0.0106127023	0.0301374313	-0.0786334055	-0.0040641587	-0.0472332856	-0.0644156386	0.0226364026	0.0437057565	0.0667949218	-0.0454031812	0.0362908661	0.0190729292	0.1058989008	0.0663988337	0.0749343095	-0.0124042568	0.000837756	-0.1089127653	0.0415414318	-0.0092490096	-0.1436095279	0.0666216939	-0.0377942334	0.0350433306	0.0488167481	0.0373141307	0.0368775827	-0.0413163517	0.0710538852	-0.0457151436	-0.0163902489	0.063780156	-0.1516831652	-0.0647853093	0.0430340355	0.0318952943	0.0516141075	0.0143486519	-0.0185999946	-0.0082739603	0.0173315079	0.0034794561	-0.0331962666	-0.0272537924	-0.0184401034	-0.0411799799	0.0355013183	-0.039887562	-0.0039772121	-0.0334367149	0.0846387474	-0.0502296226	0.0001143837	0.0689001194	0.0514478132	0.0406827706	0.0456289565	-0.0770706595	0.0042349067	0.0576427914	-0.0725692871	0.0033902791	0.0678847855	-0.0911077623	-0.0322932776	0.0834938076	0.0145661063	-0.0395476446	0.0228692471	0.0755246099	0.0217023196	0.0270908683	0.0504982491	0.0004621862	0.0425943218	-0.0303114354	-0.0367091954	0.0194098114	0.0522119513	0.0454415559	-0.047671472	-0.0066341638	0.009973071	-0.0258219994	-0.0783820348	0.0782456188	-0.0187795889	-0.018372561	-0.0179637762	0.0932678716	0.0183833164	-0.0285864534	0.0531109077	0.0349494721	0.0105342152	-0.0208553232	-0.0843475662	0.011233805	-0.0708107922	0.0037285945	0.0654386837	0.0	0.0	0.0	0.124089092775236	0.0238474095245067	0.0005686989410295	0.0153981029457811	1.2657460839510009	-0.1225334762430776	1.6021131490372942	0.0150144528002128	0.4270527596910085	-0.0739938490065839	0.1823740595597062	0.0054750896908091	-0.0014580904628399	-0.0003161708380197	9.99639988140794e-08	2.1260277978246742e-06	-0.0054998048527301	-0.0005016887349761	2.516915868020197e-07	3.0247853418113552e-05	0.0010630007240286	2.784818440749993e-05	1.129970539285328e-06	7.75521374794122e-10	0.0	0.0	0.0	0.0	0.0	0.0	0.0	0.0	0.0	0.0	0.0	0.0	0.0	0.0	0.0	0.0	0.0	0.0	0.0	0.0	0.0	0.0	0.0	0.0	0.0	0.0	0.0	0.0	0.0	0.0	0.0	0.0	0.0	0.0	0.0	0.0	0.0	0.0	0.0
521.3305809229984	0.612440099436526	271785.5746055109	0.3750828753978218	785.6045794570655	1.5590497290181702	617174.5552639128	2.43063605755163	583.0889034928947	1.0163340314428524	1.0329348634688809	339992.6693765463	605.4052173739574	428.7454308686152	0.649478	22.026165	0.2150942876549812	0.1264423877808296	0.0200895449	0.0356173586	0.0326693943	0.0428846134	-0.0286471358	0.0294720473	-0.0144580383	-0.0619953211	0.0097536441	-0.0555132503	0.0093910359	0.0329935662	-0.0377390163	-0.0002081095	-0.0351238887	0.0730307001	-0.0076788242	0.0402630875	-0.0385639147	-0.0740443534	-0.0334081561	-0.0492551248	-0.0166955685	-0.0682090608	-0.0222918687	-0.0640877247	-0.0020574949	0.1088523713	0.0474132521	-0.0332253317	-0.049386321	-0.0145829045	0.0420816746	0.0752127733	0.0704665363	0.0196392391	0.0210732971	-0.0087767536	0.0554333471	0.078824788	0.0145263793	0.0004141336	0.0528034316	0.0446210756	-0.0489037263	0.0176205073	0.127298869	-0.0594027361	0.0471571811	-0.0427103539	0.1330407716	0.030073807	0.0051589657	0.010557761	0.0137245851	0.0157057188	-0.0411475422	0.0394960003	-0.0325897119	0.0082021169	-0.0381326863	-0.0086671724	-0.0112757141	-0.0833421942	-0.0089040474	-0.0016438797	0.0119926037	0.0323896033	0.0024316226	-0.097181561	0.0711275659	-0.0464005456	0.0413505691	-0.0435856983	-0.0331518916	-0.0187337349	0.0747668884	0.1490356435	0.0091934091	0.0345232169	0.0023350333	0.0403518069	-0.0223154024	-0.0184396257	0.0101082597	0.0104424138	-0.0136762172	-0.0176435745	0.0757449501	-0.0175050359	0.0284168871	0.0174899987	-0.046197202	-0.0045289327	0.0104047706	0.0424560825	0.0297171223	-0.0578869679	-0.0114822271	0.0175545759	0.0464070105	-0.084292841	0.0585168876	-0.0015394399	-0.0295875987	0.0304919564	0.0323100788	0.016622452	-0.0270521816	0.0235630766	0.0170535105	-0.0186860588	-0.0499149218	-0.0929537351	-0.0189953808	-0.0718372561	0.0067078633	0.0620325607	0.0	0.0	0.0	0.1132473644781271	-0.0108417282971089	0.0001175430724683	0.0128249655612417	1.366920239443559	0.101174155492558	1.8684709410004363	0.0102362097396323	0.4991486232419078	0.0720958635508993	0.249149348084292	0.0051978135411498	-0.0013458674209214	0.0001122230419184	1.2594011137441404e-08	1.8113591146976213e-06	-0.0049982356187279	0.0005015692340021	2.515716964975536e-07	2.4982359300320276e-05	0.001057142193661	-5.85853036759996e-06	1.1175496176183914e-06	3.4322378068090923e-11	0.0	0.0	0.0	0.0	0.0	0.0	0.0	0.0	0.0	0.0	0.0	0.0	0.0	0.0	0.0	0.0	0.0	0.0	0.0	0.0	0.0	0.0	0.0	0.0	0.0	0.0	0.0	0.0	0.0	0.0	0.0	0.0	0.0	0.0	0.0	0.0	0.0	0.0	0.0
519.8150649653074	-1.5155159576909227	270207.7017648868	2.296788618015835	787.1805951302512	1.5760156731856796	619653.2893496164	2.483825402126911	582.2087106734608	-0.880192819433887	0.7747393993829753	338966.9827840536	605.7753760228392	425.4014725305925	0.668697	22.677954	0.1609456456928797	0.0821832435579129	0.0416260536	0.0476197995	-0.0042422556	0.0450815764	-0.0218399104	0.0859115963	0.0309345339	-0.0243447693	-0.0033097706	0.0287578014	0.0391721593	0.0279988222	-0.0494248192	-0.0466029496	-0.0881371861	0.0059452061	-0.089074223	0.0582289885	0.0489707523	0.0412890297	-0.0202163892	-0.0592974599	-0.0299483664	0.0250001716	0.0022561357	-0.0290610156	-0.0626918842	0.05260165	-0.0068035365	-0.0185196563	0.0108209621	-0.1013278687	-0.0738936132	0.0121997294	-0.0094961348	0.014924255	-0.1624443907	0.0062435154	0.0167352005	0.0809829616	-0.0542373913	0.0141654413	0.0329551796	0.0641174024	-0.0447567472	-0.1014840082	-0.0153979507	-0.0198228766	0.0761777392	0.0161033841	-0.045312989	-0.0566603004	0.0030156072	0.049439132	0.0412043904	0.0090884414	0.0140123533	0.0799270077	-0.0343605166	-0.0054241036	0.0012988035	-0.0916560611	-0.0163839405	-0.0249365566	-0.0235462417	0.0017162925	0.017145348	0.0286971681	-0.0338464532	-0.0498770874	0.0119585099	-0.0226654033	0.0847569866	-0.1114326883	0.0749556089	-0.082709029	0.0492803796	-0.067683681	-0.0556341186	0.0677603958	0.0093537719	0.0589838389	0.0405647625	-0.0400000277	0.0549375978	-0.0116553314	0.0489799971	-0.0396610156	-0.0381416818	-0.0777432923	-0.0422630664	0.0338025784	-0.0482776591	-0.0249357497	0.0244421786	0.0584067607	0.0085964249	-0.0372429875	0.0085593209	0.0087288103	-0.0264145253	-0.1178732414	0.0590578635	0.013236618	-0.0527396355	0.0406234219	0.0535099281	0.0776388599	-0.0571361066	0.0713891925	-0.0006904614	-0.0157355734	0.0203970416	-0.0942899769	0.0342988376	-0.0728471738	0.0096809523	0.0584978657	0.0	0.0	0.0	0.1040519254890597	-0.0091954389890673	8.455609820166084e-05	0.0108268031979808	1.3231793187189425	-0.0437409207246164	1.7508035094855248	0.0019132681458371	0.4386109584147419	-0.0605376648271658	0.1923795728414984	0.0036648088627262	-0.0016308961786706	-0.0002850287577491	8.124139274405207e-08	2.6598223456023653e-06	-0.005047385393915	-4.914977518710034e-05	2.415700400942504e-09	2.547609931470648e-05	0.0004418883035567	-0.0006152538901043	1.9526527282021827e-07	3.785373492884741e-07	0.0	0.0	0.0	0.0	0.0	0.0	0.0	0.0	0.0	0.0	0.0	0.0	0.0	0.0	0.0	0.0	0.0	0.0	0.0	0.0	0.0	0.0	0.0	0.0	0.0	0.0	0.0	0.0	0.0	0.0	0.0	0.0	0.0	0.0	0.0	0.0	0.0	0.0	0.0
519.8218850965591	0.0068201312516293	270214.79222534026	4.651419028945188e-05	783.8566895200495	-3.323905610201677	614431.3097053312	11.048348505530186	581.6275810313449	-0.5811296421159113	0.3377116609457672	338290.6430163737	605.1047622805736	424.47941004163465	0.647063	21.94426	0.146897068835358	0.0832736175293152	0.0291586882	0.0514952801	-0.0141778206	0.0094412906	0.0040836374	0.0513816853	0.0008926072	-0.0099990243	0.0613262946	-0.0117714897	0.0441757811	-0.0049119848	-0.0489059093	-0.0530289687	-0.1020589113	0.0457464768	-0.0479432348	0.0969736431	0.0421053437	0.0142218857	0.0305409226	-0.0293763931	-0.0061010157	-0.0356838215	-0.0852311474	-0.018714777	-0.0416642321	0.1250048937	-0.0131597086	-0.057434221	-0.043640287	-0.0208208716	-0.0436277257	-0.104848342	-0.0519868186	-0.0010294957	-0.0368254582	-0.0264077196	0.0180045433	0.025025418	0.0494259479	0.0368963849	-0.0425353908	0.009135929	0.0413917669	0.0253694109	-0.0172341653	-0.0461560085	-0.0295013827	-0.0490747332	0.0507639849	-0.0217980744	-0.0876887217	0.035694969	0.0061258867	0.0415572863	0.0211907837	0.0412401775	-0.0506752903	-0.0152444849	-0.0098213997	-0.102424905	-0.0140891696	-0.0863740202	0.0370989702	-0.0246016279	-0.001877675	-0.0372502012	-0.0023999091	-0.0585037803	-0.0110695185	-0.0909085583	0.1189488026	0.0046281834	-0.0016390838	-0.0305188077	0.0343613457	0.0073936252	-0.0041276945	0.0427905504	-0.0048771379	0.1263345209	0.0204184268	-0.0186526022	0.0825931499	-0.0565542093	-0.0214694913	-0.004071281	-0.0047153537	0.0048845834	-0.046892499	0.0195352353	-0.0486054089	-0.0180959963	0.0190841967	0.0032936524	0.0037371965	-0.0577643962	-0.0422035604	0.0014050506	0.0261073385	-0.0605159247	0.0530432547	0.0467489856	-0.069095412	0.0233256633	0.0227993717	0.0578478485	-0.0670310623	0.0671797973	0.0379909088	-0.0118604207	-0.0304301715	-0.1210994905	0.0395504551	-0.0738403125	0.0126451226	0.054841925	0.0	0.0	0.0	0.1076445948170317	0.003592669327972	1.2907272900150806e-05	0.0115873587933229	1.3238011786597497	0.0006218599408072	1.7524495606209425	3.867097859807496e-07	0.5099799723307257	0.0713690139159837	0.2600795721784477	0.0050935361473398	-0.0007409917335431	0.0008899044451274	7.919299214576836e-07	5.490687491792086e-07	-0.0048918228746537	0.0001555625192613	2.4199697398922443e-08	2.3929931036985183e-05	0.0008226918521798	0.0003808035486231	6.768218836430299e-07	1.450113426439457e-07	0.0	0.0	0.0	0.0	0.0	0.0	0.0	0.0	0.0	0.0	0.0	0.0	0.0	0.0	0.0	0.0	0.0	0.0	0.0	0.0	0.0	0.0	0.0	0.0	0.0	0.0	0.0	0.0	0.0	0.0	0.0	0.0	0.0	0.0	0.0	0.0	0.0	0.0	0.0
519.981170121603	0.1592850250439141	270380.41728103143	0.0253717192032403	785.5808068660267	1.72411734597722	617137.2041162775	2.9725806226995326	581.6230563938058	-0.0045246375391343	2.0472344860543717e-05	338285.3797288721	605.9017406838839	429.8983917738761	0.701435	23.788227	0.2151768354612782	0.1223838041550222	0.0166714649	0.0708759356	0.0374243517	-0.0242801911	-0.0068246511	0.0737856368	0.0902236305	0.0146085533	0.0441485825	0.0049643262	0.0391149613	0.0026499247	-0.050701418	-0.1015959945	-0.0714345373	0.0748422799	-0.0655120952	-0.0381985587	-0.0360433372	0.0682358534	0.0220422549	0.0145809465	-0.0009917253	0.0850297846	-0.0158149753	0.0468785899	0.008787384	0.0469108776	0.0311279624	-0.0263630191	0.0043287596	0.0144146416	-0.0948747811	-0.0065270057	0.1179497915	0.0392385795	-0.0773548162	-0.0964393599	-0.0241927553	0.086426042	0.0633031332	0.024188714	0.0025540563	-0.0168121368	-0.004088419	-0.0340913236	0.0190385476	-0.0945357496	-0.0505923552	0.075194711	-0.0533653072	0.0221897018	-0.0696703796	0.0411672964	0.0394627149	0.0276213157	0.0566203902	0.1114982857	0.0038152339	0.015014493	0.0122038101	-0.0775123468	0.057157991	0.0234403667	0.0640929937	-0.029679423	0.0283497139	0.0001131322	-0.0052153452	-0.0335533569	-0.0017801831	0.0129770891	0.0335867833	-0.0844393627	0.0163280056	-0.0811156775	0.0347715664	-0.014441626	0.0275333896	-0.0055685599	-0.0209148597	0.0314231536	0.0711876359	0.0023489034	0.0461060985	-0.0962290713	-0.0334499674	0.048772393	-0.0085082577	-0.0556825209	-0.0568166886	0.0141194558	-0.0693545879	-0.0113689716	0.018293436	0.0586296568	0.0152906018	-0.0057838528	0.0202821978	-0.010719743	-0.0346045822	-0.017792646	0.0509825842	0.012092662	-0.1149723585	-0.0166025287	0.0227756765	-0.0165158996	-0.04982944	0.0455940335	-0.004294739	0.0427319733	0.0338953902	-0.0971503084	0.0667190671	-0.0748164435	0.0155976434	0.051072316	0.0	0.0	0.0	0.0978032948413698	-0.0098412999756618	9.685118521096284e-05	0.0095654844818279	1.382342268396329	0.0585410897365792	1.910870146995108	0.0034270591875462	0.4691999789115186	-0.040779993419207	0.2201486202105695	0.0016630078632705	-0.0027000739502074	-0.0019590822166643	3.838003131650308e-06	7.290399336588594e-06	-0.0050075818904555	-0.0001157590158017	1.3400149739401376e-08	2.507587638961788e-05	0.0007772440380493	-4.54478141305e-05	6.041082946831817e-07	2.065503809240475e-09	0.0	0.0	0.0	0.0	0.0	0.0	0.0	0.0	0.0	0.0	0.0	0.0	0.0	0.0	0.0	0.0	0.0	0.0	0.0	0.0	0.0	0.0	0.0	0.0	0.0	0.0	0.0	0.0	0.0	0.0	0.0	0.0	0.0	0.0	0.0	0.0	0.0	0.0	0.0
518.7063760190036	-1.274794102599344	269056.304522768	1.6251000040220671	777.7728847481354	-7.80792211789128	604930.6602494364	60.963647799055856	581.2738325065206	-0.3492238872851203	0.1219573234505304	337879.26835681865	604.4385658326696	420.8191278051904	0.7903289999999998	26.802921	0.2689318852667038	0.1499753729498185	0.0405502937	0.0580074825	-0.0290387917	-0.0138912333	0.0458199846	0.0455204854	0.0137739703	0.0179362289	0.0792080771	0.0410360788	0.0599003815	0.0093396215	0.0026045118	-0.0663938558	-0.0383252608	0.0181728405	-0.0574814205	0.0051088149	0.0406526684	0.0638888328	-0.0202406471	0.0656642387	-0.0627135952	0.0976796243	-0.0551321239	0.0293955716	-0.0503819721	0.054719488	0.0313061696	-0.0162163245	0.0958878983	-0.039641948	-0.0269822972	-0.0232675887	0.0592214522	-0.0457025409	0.1055320371	0.0509096472	0.1024206612	-0.0995349293	-0.0572066214	0.0177501795	-0.12394499	0.06026825	-0.101914977	0.0255273234	0.1199992955	0.0616660086	0.0037509833	0.0287437822	0.013390086	0.0338238607	0.0756780953	0.0529331454	0.0035902173	0.0116170266	0.0385703667	0.004348816	-0.0437046284	0.0009457071	-0.0056812459	-0.0844375063	0.0504933945	0.0088066965	0.0210467453	-0.0793081072	0.0190675496	0.0363834064	0.0126734318	-0.0016240755	0.0068733724	-0.0528660817	0.0001667297	-0.0210527332	-0.0421846421	-0.1672408483	0.0902236507	-0.0829607572	0.0088598295	0.0363500209	0.0536067787	-0.0448515115	-0.0587008388	0.1690696749	0.1109090631	0.0705854196	-0.1137486969	0.0389738403	-0.0108784097	0.0326487701	0.0710320759	0.0363612733	-0.0504123198	-0.0389277699	0.0170955019	-0.0018607273	-0.0153108437	0.0023353077	-0.0182899559	-0.028627931	-0.1117062487	0.0314416934	0.2475825308	0.072698708	-0.0208718507	-0.061564333	0.0272135218	0.0469155272	0.0917006877	0.1159154295	-0.0405251844	0.005292696	0.1132784772	-0.0498010541	0.0638793256	-0.0757753421	0.0185357945	0.0471968518	0.0	0.0	0.0	0.091265769848988	-0.0065375249923818	4.273923302601672e-05	0.0083294407461284	1.2853947892520807	-0.0969474791442481	1.652239764236401	0.0093988137124244	0.4412917478010598	-0.0279082311104588	0.1947384066773141	0.0007788693637147	-0.0007517379921255	0.0019483359580819	3.796013005554916e-06	5.651100088048782e-07	-0.0046531397594984	0.0003544421309571	1.2562922419741017e-07	2.1651709621424823e-05	0.000329249126696	-0.0004479949113533	1.0840498743007865e-07	2.0069944059845117e-07	0.0	0.0	0.0	0.0	0.0	0.0	0.0	0.0	0.0	0.0	0.0	0.0	0.0	0.0	0.0	0.0	0.0	0.0	0.0	0.0	0.0	0.0	0.0	0.0	0.0	0.0	0.0	0.0	0.0	0.0	0.0	0.0	0.0	0.0	0.0	0.0	0.0	0.0	0.0
519.0360063649947	0.3296303459910632	269398.3759033228	0.108656164998188	779.9077103821157	2.134825633980313	608256.0367134741	4.557480487499445	581.5520838435541	0.2782513370334527	0.0774238065609041	338202.82622278016	604.550407597276	418.8349693205437	0.823364	27.923256	0.3883716202499972	0.2288384607438983	0.0553058694	0.0585985443	-0.0932071335	0.0087946703	0.0158946577	0.0494746377	0.0268904311	0.055657639	0.008019579	-0.0117573106	0.0521994252	-0.0080600499	-0.0477791121	-0.0095854146	-0.1239635044	-0.0068578195	0.0242181968	0.008328812	0.0212826473	-0.0538962858	-0.0985735463	0.03521457	-0.1023657046	0.1602445167	0.0744954441	-0.1253211221	0.0430806349	-0.0487080661	0.0044576114	-0.0130971275	0.0147093872	-0.0137498673	0.0025533293	0.0351137545	0.0191636412	0.0375399896	-0.1686504762	0.0179873734	0.0024863388	-0.0232295383	0.0284752229	-0.0430381981	-0.0389430447	-0.0132981324	-0.1065803919	0.0520490919	0.0595461909	-0.1488998865	-0.0472615898	-0.0912398922	-0.052740093	-0.0778633173	0.0279634718	0.0542653046	0.0032183854	0.0202756516	0.0084384602	0.0913832358	-0.0015100144	0.0032906865	0.0699538376	-0.0287749483	-0.0162811585	-0.0197889091	0.0424188893	0.0249681783	-0.0506881118	0.0721696098	0.0324093983	-0.1802776363	-0.1174481827	-0.0002523213	-0.0759666873	-0.0420114721	0.0926028178	-0.0226384532	-0.0228069859	-0.090513768	-0.0805173786	0.1208407784	0.0326942866	0.021402779	-0.0219149771	0.0121750941	0.0404212326	-0.0682711149	0.070552111	0.0982509592	-0.0730746612	0.0439179807	0.0192346828	0.0452363955	-0.0408252825	-0.0180728328	0.0482158111	-0.0558228362	-0.1222097882	-0.027245867	-0.0004705019	-0.1044359177	-0.0974363439	0.0181044242	0.2733265665	-0.0208483328	0.064860679	-0.0057891123	-0.0014332458	0.0177132792	0.0069639363	0.0858381277	0.0836242611	-0.1924723144	0.1509049534	-0.0671712774	-0.0769743933	-0.0767167874	0.0214568693	0.043223565	0.0	0.0	0.0	0.1057074493156733	0.0144416794666853	0.0002085621058184	0.0111740648408256	1.282480456353298	-0.0029143328987826	1.6447561209281638	8.493336244926728e-06	0.4050930258134855	-0.0361987219875742	0.1641003595627252	0.0013103474735336	0.0031111253352187	0.0038628633273442	1.4921713085740704e-05	9.67910085143967e-06	-0.0032947958587192	0.0013583439007791	1.845098152784052e-06	1.085567975063319e-05	-0.0011458813631197	-0.0014751304898157	1.3130440983450616e-06	2.176009961983907e-06	0.0	0.0	0.0	0.0	0.0	0.0	0.0	0.0	0.0	0.0	0.0	0.0	0.0	0.0	0.0	0.0	0.0	0.0	0.0	0.0	0.0	0.0	0.0	0.0	0.0	0.0	0.0	0.0	0.0	0.0	0.0	0.0	0.0	0.0	0.0	0.0	0.0	0.0	0.0
520.9723445622054	1.9363381972107163	271412.1837986413	3.749405613977247	779.9112648991813	0.003554517065595	608261.5811166409	1.2634591569606546e-05	583.5957616728301	2.043677829276021	4.176619069874349	340584.01304249075	606.2880819664626	427.7086551089884	1.042787	35.364708	0.6819732071637146	0.3912062307110326	-0.0140606384	0.0503731193	0.0159664597	0.0088207367	0.0073377551	-0.0081553448	-0.0412157808	0.0944666046	0.1127673137	0.0210384755	-0.0132406328	0.024357685	-0.0915282715	-0.0029696378	0.0312034956	0.0007289583	-0.0014504114	0.0012355861	-0.0058914494	0.0149402699	-0.1439431581	0.0541940536	-0.0517991913	0.0951863768	0.0999268042	-0.058187854	-0.0046345545	0.1080925673	0.0357401632	-0.0655053718	-0.0664556218	0.0210211315	-0.0222893308	-0.0519722917	-0.0200314168	-0.0661146266	0.069073285	-0.0814449966	0.0363464089	-0.0014857715	-0.037136368	0.0756881299	-0.032013771	-9.76272e-05	-0.0568388277	0.0453156859	-0.0370428865	0.1067704504	-0.0356704329	0.0305196858	0.0315053635	0.0232820583	-0.0351640992	-0.0209755618	0.0283736969	0.0888923608	-0.0426219052	-0.0197152677	-0.1442785233	-0.0370761392	-0.0556301002	0.0256873022	0.0317764655	0.098717748	-0.0910011686	-0.1067619417	-0.001700329	0.0639493183	-0.034190879	-0.0800547859	0.0222636496	-0.0292131124	-0.0206936247	-0.0348169801	-0.0410956188	-0.0392120833	-0.0244158084	-0.0455659285	0.0507932435	0.0830041319	-0.0601706883	-0.047864147	-0.0434534283	-0.0343612854	-0.0328588326	-0.0089004968	-0.0552000897	-0.0138817735	-0.0490924656	0.0574964291	-0.0860204483	-0.0111930565	-0.0727043443	0.0493698149	0.0408763052	-0.0301439761	-0.092209379	-0.1035201199	-0.0038709324	-0.0102217766	0.0721207795	0.0278230682	0.0397199894	0.0202224952	-0.0223481822	-0.010093301	-0.0080383197	-0.0252829606	0.0420507241	0.0619681558	0.0342840297	-0.0022321768	-0.0448403173	-0.0249774795	-0.1343528417	-0.0776405624	0.0243581765	0.0391606907	0.0	0.0	0.0	0.0821587238498153	-0.0235487254658579	0.0005545424710663	0.0067500559046302	1.5999112366523178	0.3174307802990197	2.559715965166349	0.1007623002812445	0.5854693024385824	0.1803762766250969	0.3427743040979203	0.0325356011691334	0.0013955640054914	-0.0017155613297273	2.9431506760557024e-06	1.9475988934232004e-06	-0.0029839762393086	0.0003108196194106	9.660883581055024e-08	8.904114196758295e-06	4.008618321720036e-05	0.0011859675463369	1.6069020849229556e-09	1.4065190209643675e-06	0.0	0.0	0.0	0.0	0.0	0.0	0.0	0.0	0.0	0.0	0.0	0.0	0.0	0.0	0.0	0.0	0.0	0.0	0.0	0.0	0.0	0.0	1.0	0.0	0.0	0.0	0.0	0.0	0.0	0.0	0.0	0.0	0.0	0.0	0.0	0.0	0.0	0.0	0.0
526.1759485700019	5.203604007796457	276861.1288535413	27.07749466995535	790.5715615177712	10.660296618589882	625003.3938806471	113.64192399631888	588.492211847096	4.896450174265851	23.97522430906809	346323.0834046873	611.6768834160977	428.2801016490928	1.126423	38.201107	0.8476788372364362	0.4256254219608066	-0.0695520597	0.0519085649	0.0072909753	0.105255616	-0.1206818128	-0.1239590899	0.0212296928	0.2316690843	0.1052164225	0.0391367791	-0.1486635913	0.1116603538	-0.2059664928	0.0807808158	0.1362038539	-0.0048133495	-0.0707221745	0.0122127831	0.1233469924	0.0274238126	-0.0780593748	0.1592128427	0.0009392122	-0.1058113884	0.0444082583	-0.0030069622	0.0393235789	0.0772941939	0.0533985402	-0.0814421338	-0.0563297398	0.0783771355	0.0761667383	-0.0189176017	0.0466673576	0.0396152864	-0.0243148906	0.1341278984	-0.0706820963	-0.081458266	-0.0296524321	0.0124921361	0.0106190474	-0.0506486973	0.0682762034	0.021961404	0.0061353594	0.1417126804	-0.2016246734	-0.068242735	0.0328499847	0.1299146691	-0.1585922303	-0.1655778407	0.112051316	0.1373580015	-0.179891759	-0.0007429204	0.0913764601	0.0609984087	-0.0411429106	-0.015309538	0.094121887	-0.130799355	-0.206297057	-0.1398277319	-0.1659244125	-0.0142489555	0.0740654844	-0.0965800301	-0.0368203572	-0.1297240356	0.0682235422	-0.0484263082	-0.0661685852	-0.0220335452	-0.059216539	0.0544923608	0.0600184495	-0.0041239168	-0.0724002292	-0.1221843314	-0.1019533805	-0.1152037791	-0.0565921083	0.0581008276	-0.0395555462	0.0800629042	0.0130363808	0.0123068625	0.0556005866	-0.0529946203	-0.0856672057	0.194957724	0.0354743728	-0.1233029978	-0.1995837477	-0.0064196218	0.0839980263	-0.0562042692	0.0561275271	0.2212395159	-0.1075287677	0.0411090679	-0.0406630713	0.0995822505	0.0692373662	-0.0459358626	0.0843015566	0.0243128916	-0.0161096773	0.2427440129	-0.1039625418	0.0272524932	-0.0620922589	-0.0785464546	0.0272370433	0.0350166499	0.0	0.0	0.0	0.0468864451919728	-0.0352722786578425	0.0012441336417164	0.0021983387427398	1.7780892436324365	0.1781780069801186	3.16160135832137	0.0317474021714072	0.9312852257186676	0.3458159232800851	0.8672921716418696	0.1195886527940577	0.0049971305276707	0.0036015665221793	1.29712814136827e-05	2.497131351057845e-05	-0.0047349141360053	-0.0017509378966966	3.0657835180886624e-06	2.241941187534281e-05	0.000455834330709	0.0004157481474917	2.07784937052922e-07	1.728465221428632e-07	0.0	0.0	0.0	0.0	0.0	0.0	0.0	0.0	0.0	0.0	0.0	0.0	0.0	0.0	0.0	0.0	0.0	0.0	0.0	0.0	0.0	0.0	0.0	1.0	0.0	0.0	0.0	0.0	0.0	0.0	0.0	0.0	0.0	0.0	0.0	0.0	0.0	0.0	0.0
531.3177430592305	5.141794489228573	282298.5440895544	26.438050569461325	798.3136017336483	7.7420402158770685	637304.60671295	59.93918670425784	590.1203809397348	1.6281690926388137	2.650934594224298	348242.0640004577	616.0342267771236	448.6633469191033	1.284341	43.55666	1.3527653770710857	0.6515181398523066	-0.0532406246	0.0367672418	0.0853368239	-0.0549491793	-0.1064799468	0.067718099	0.0036664253	0.0139437679	-0.0240854113	0.1204321771	-0.1368733397	0.2097124475	-0.1643544083	0.224759847	0.0491991259	0.1553124191	-0.131701419	-0.0466623248	0.2065162299	0.1234475326	-0.0107667638	0.2008738321	-0.0272826041	0.1113508951	0.0878992607	-0.0836708628	-0.0034090761	-0.0084281055	0.0235308073	0.0301512256	0.0345890207	0.0356276805	-0.0025387322	0.0105818266	0.0612920715	0.0587901995	0.0237328708	0.0264795798	0.0149536674	0.0269030452	-0.0092235038	-0.0849208441	-0.066561617	-0.0263563139	-0.0204710486	-0.0338176484	0.047996286	-0.0702013684	0.0037606236	0.0741708263	0.0320345539	0.0013327831	-0.0357498347	-0.0952115514	0.1831140202	-0.0091821038	-0.2243219923	0.1135831372	0.1703114787	-0.2986852643	-0.0453687753	-0.1513252733	0.1290822812	-0.0117692089	0.0262003542	-0.2035949897	-0.1228874868	-0.0003029919	0.0136635492	-0.04510132	-0.1327475875	-0.0156789041	-0.1146074453	-0.0587596926	0.0352699957	0.0341357801	-0.0048163157	0.0711019351	0.0330752482	0.0322705161	-0.0137372025	-0.1542494111	0.0196374844	0.0726508068	0.1046182702	-0.0148523262	-0.0570744532	0.0248794832	0.0002006919	-0.0263356903	-0.0510884461	-0.0372693609	-0.1208840871	0.0184637389	0.0085876996	-0.006739476	-0.1222889509	0.1134742491	0.0596128434	-0.0099827415	-0.195281593	0.1274616682	-0.0968322948	-0.2389429568	-0.0528050757	0.2254813847	-0.0093434895	-0.1499706063	0.0152704539	-0.1437883635	-0.1083270714	0.2647255955	0.2290287329	0.104064666	-0.1388341844	-0.079434255	0.0300908175	0.0308000317	0.0	0.0	0.0	-0.0116885524270742	-0.058574997619047	0.0034310303460713	0.0001366222578404	1.3751739893905892	-0.4029152542418472	1.8911035010964283	0.1623407021007724	0.6032302511329561	-0.3280549745857114	0.3638867358819293	0.1076200663504317	-0.0030772735929694	-0.0080744041206401	6.519600190340983e-05	9.4696127659868e-06	-0.0017339159976099	0.0030009981383953	9.005989826652655e-06	3.0064646867675346e-06	0.0002668335772549	-0.0001890007534541	7.120015795064669e-08	3.572128480621751e-08	0.0	0.0	0.0	0.0	0.0	0.0	0.0	0.0	0.0	0.0	0.0	0.0	0.0	0.0	0.0	0.0	0.0	0.0	0.0	0.0	0.0	0.0	0.0	0.0	1.0	0.0	0.0	0.0	0.0	0.0	0.0	0.0	0.0	0.0	0.0	0.0	0.0	0.0	0.0
524.6926193397148	-6.625123719515614	275302.3447895709	43.8922642988884	787.3287909658332	-10.984810767815134	619886.6250837205	120.66606760470732	585.4466965056512	-4.6736844340836114	21.843326189395448	342747.83444938005	608.4449864059198	437.2298111683332	1.148828	38.96093	0.473585074285507	0.2343109933944134	-0.0238378582	0.0127508448	0.0359302821	-0.0816523872	-0.0539712873	-0.0171475729	0.0141037669	0.0216299514	0.0942538893	0.0181660254	-0.067137286	0.0646305783	-0.1277524848	0.0796709423	-0.0700067434	0.0263458933	-0.0900519356	-0.0461609666	0.0259416633	0.0267425279	-0.0025400567	0.1872936682	0.0419974665	-0.1468591499	-0.050627472	0.1095213931	-0.0180428288	-0.0264961197	-0.0154106977	0.0179860858	0.055473865	0.0734816492	-0.1955143606	-0.0121111117	-0.0867636892	-0.0272362197	0.0480949706	-0.0449476639	-0.0566390529	-0.0784067185	-0.1182024169	-0.0668189676	0.0778283568	0.0295185701	-0.1800192883	-0.0577515161	0.0433191065	-0.0944661335	-0.0210388319	0.0644038722	-0.002858918	-0.0465563856	0.0423348864	-0.0592912629	0.0578229018	0.0497700869	-0.1218119874	0.0809249897	-0.1428203828	-0.0279342796	-0.0007447876	-0.0329351235	0.026830408	0.0582314965	-0.0915403038	-0.0907533658	-0.1855825075	0.0096927018	-0.0201615782	0.1470146811	-0.0247500063	-0.0058832768	-0.0084012351	0.0976691365	-0.1506290535	-0.0487525419	-0.1042765254	-0.0752762741	-0.0334385834	-0.0715528865	0.0625790865	0.0275116537	0.2408989261	-0.0312736458	0.050155329	0.0335320792	-0.0557045288	0.0087512823	0.1276277337	0.0871232455	-0.1343868682	-0.0181978037	-0.0963995549	-0.0247016673	0.007896443	-0.1288649104	-0.0772758283	0.0057055642	-0.0361176617	-0.0605051666	-0.1552920738	-0.0086719417	-0.0199227766	-0.0642905877	-0.01656549	-0.0229727211	0.0656775923	-0.0490765046	-0.0467782568	0.0596324448	-0.0363134093	0.1199540637	0.0647261682	0.0500955147	0.0012387413	-0.0803037594	0.0329168701	0.0265195758	0.0	0.0	0.0	0.0446842151735467	0.0563727676006209	0.0031778889269536	0.0019966790856758	1.2062518806258282	-0.168922108764761	1.4550435995133473	0.0285346788295337	0.6687217523717663	0.0654915012388102	0.447188782095166	0.004289136734513	-0.0006457150457696	0.0024315585471997	5.9124769684604006e-06	4.169479203332366e-07	-0.002889565409343	-0.001155649411733	1.3355255628390596e-06	8.349588254871578e-06	0.0001980676025615	-6.876597469339998e-05	3.9230775184460324e-08	4.728759275533326e-09	0.0	0.0	0.0	0.0	0.0	0.0	0.0	0.0	0.0	0.0	0.0	0.0	0.0	0.0	0.0	0.0	0.0	0.0	0.0	0.0	0.0	0.0	0.0	0.0	0.0	0.0	0.0	0.0	0.0	0.0	0.0	0.0	0.0	0.0	0.0	0.0	0.0	0.0	0.0
519.0520808391387	-5.640538500576099	269415.0626234398	31.815674576481268	775.2039096006873	-12.124881365145823	600941.1014601906	147.0127481188605	582.3458342836194	-3.1008622220317648	9.615346520023774	339126.6707074847	604.4774285926194	428.8291794225189	0.93288	31.637352	0.3103673950944897	0.1598614004640063	-0.0621813302	0.0357906887	-0.0194761653	-0.0215993307	0.0325578844	-0.0563367309	0.0614393576	0.1208473783	0.0858172095	-0.0243032557	0.024107313	-0.0286139474	-0.0754974382	0.0504661211	-0.0451199855	0.0246113029	0.028149353	0.0732636691	0.0680057006	0.078488121	0.0360540458	0.0177935696	-0.0293340441	-0.0899500616	-0.0016498947	-0.0070254926	0.0058278919	0.0230529687	0.1295441222	0.1060345466	0.0439380599	0.0452892861	0.0835273552	0.1105178865	-0.0547288567	-0.0026033103	-0.0224679708	-0.0165382437	-0.0764632217	-0.0571787757	0.0218547034	0.1382732002	0.0358612493	0.0740361781	0.0564881437	-0.0387181432	-0.0570945529	-0.0458607631	-0.0165551324	0.0424455988	-0.0013864648	-0.0881299516	-0.0018753839	-0.0060876429	-0.0227151436	0.0923226148	-0.0151100799	0.0339965694	-0.026270197	0.0176210603	0.044538036	0.0225067681	0.0201340095	-0.0988016811	-0.0431877787	-0.0416208392	-0.1053627676	0.0970281666	-0.1356589847	0.0344992623	-0.0219705001	0.0154144802	-0.0296586043	0.0222445421	-0.0057178097	0.0461768354	0.1172152344	-0.0165813737	-0.0315688839	-0.0777357945	-0.042016127	-0.0157211752	0.0554452754	-0.1046336109	-0.0437411932	0.0285622418	0.0144310184	0.0278129453	0.0523381271	-0.0382074151	0.0227954518	-0.03815684	-0.0864327689	0.0184169827	0.0310804942	-0.1018860077	-0.0706286006	0.0175076312	-0.0800895691	-0.0296512384	-0.0675789545	0.0909920526	-0.0617575657	0.0371771203	-0.0504553409	0.0264191276	0.0473320419	-0.0224259739	-0.0463502874	0.0583832233	0.0344118277	0.0033808957	0.0661015379	0.0147220584	0.0863857475	-0.0811547674	0.0357125974	0.022184154	0.0	0.0	0.0	0.0622154557470508	0.0175312405735041	0.000307344396046	0.0038707629338132	1.339563020615259	0.1333111399894306	1.7944290861998766	0.0177718600452815	0.7173123143111013	0.0485905619393349	0.5145369562623482	0.0023610427095803	-0.0001886925248795	0.00045702252089	2.0886958460074186e-07	3.5604868945400734e-08	-0.0035481304637707	-0.0006585650544277	4.3370793091335954e-07	1.2589229787937682e-05	0.0013011690790881	0.0011031014765266	1.6930409723749744e-06	1.2168328675151653e-06	0.0	0.0	0.0	0.0	0.0	0.0	0.0	0.0	0.0	0.0	0.0	0.0	0.0	0.0	0.0	0.0	0.0	0.0	0.0	0.0	0.0	0.0	0.0	0.0	0.0	0.0	0.0	0.0	0.0	0.0	0.0	0.0	0.0	0.0	0.0	0.0	0.0	0.0	0.0
516.3300702995659	-2.722010539572807	266596.7414955547	7.409341377545443	771.3530438294885	-3.850865771198869	594985.5182250168	14.82916718779106	580.6040145730524	-1.7418197105670288	3.033935904119808	337101.0217383452	602.3899765952689	419.6702144311863	0.948223	32.157688	0.4846407024423354	0.2352536329313787	-0.0240444697	0.0362033258	-0.0800503737	0.1432550631	0.0766745044	-0.0360222178	0.0738529126	0.1342405824	0.0679010919	0.0253828695	0.0273211012	-0.0952459556	-0.0661813108	-0.0672887201	-0.0351717587	-0.1049063994	-0.0635076537	-0.0521484862	0.0738733675	-0.0315268555	-0.0038180937	-0.0536146875	0.015358	-0.0717810381	-0.0322507086	-0.0019673931	0.0771651493	-0.0632049537	0.0416761103	0.0340769678	0.1359980517	0.0107739272	-0.0191130723	-0.0315523387	-0.0740885217	-0.0047690209	-0.0044983385	0.0540791194	-0.1457310349	-0.0934045867	0.0150999999	-0.024257863	0.0677812101	-0.0456206912	0.0450806858	0.0856135773	0.0049368584	-0.0240700139	0.0511052289	-0.1245892899	-0.0456618874	-0.030780852	0.0187597903	0.0079446249	-0.0477782008	0.1126658924	0.07743668	-0.0059070226	-0.0176398526	0.0818023581	0.0184146578	-0.0519297377	-0.0704051449	-0.020490845	-0.1202732757	-0.0285343804	-0.022057409	-0.0012236862	0.0748740494	0.0517513721	-0.0289364668	0.0204662187	-0.0408923992	0.0432314428	-0.0344205475	0.0436311723	0.0040837545	-0.0847487916	-0.1176786901	-0.0830602893	0.0272706692	0.0639144496	0.0893547754	0.0020792853	-0.0853166257	0.044054125	-0.0182541804	0.1043547344	0.0528403379	0.0479651498	0.0643534671	-0.0255471445	-0.0482390065	0.0428775692	0.0743449049	-0.0818293215	-0.1393552303	-0.0480857393	-0.0600158794	0.1278567787	0.0144320384	0.0155800091	-0.0489437744	0.075048131	0.0592221807	0.0245426151	0.0760050781	0.0087470722	-0.096988121	0.0269577567	-0.081598436	-0.1056734802	0.0600915636	0.079236501	0.1192694318	-0.0819870831	0.0384754238	0.0178027522	0.0	0.0	0.0	0.0838617796145939	0.0216463238675431	0.0004685633369785	0.0070327980801267	1.511574350990557	0.1720113303752981	2.284857018572524	0.0295878977774799	0.6532749746440771	-0.0640373396670241	0.4267681924962196	0.0041007808716298	0.0021045944565655	0.0022932869814449	5.259165179265118e-06	4.429317826606232e-06	-0.004200983959669	-0.0006528534958983	4.262176871066316e-07	1.764826622939623e-05	0.0028939427723942	0.001592773693306	8.374904769892628e-06	2.536928038087954e-06	0.0	0.0	0.0	0.0	0.0	0.0	0.0	0.0	0.0	0.0	0.0	0.0	0.0	0.0	0.0	0.0	0.0	0.0	0.0	0.0	0.0	0.0	0.0	0.0	0.0	0.0	0.0	0.0	0.0	0.0	0.0	0.0	0.0	0.0	0.0	0.0	0.0	0.0	0.0
515.8833091585567	-0.4467611410092331	266135.588668383	0.1995955171158719	770.9123313189947	-0.4407125104937677	594305.8225796875	0.1942275169057193	580.0991639522923	-0.5048506207600667	0.2548741492818246	336515.04001814855	602.4601137755348	416.6021733255557	0.929593	31.525873	0.245971009408466	0.1182577491169776	-0.0446647979	0.1013489106	-0.0934224264	0.1371691215	0.0804927051	-0.0528676861	0.0762902092	0.1565204978	0.0794106731	0.0123403553	0.0553823287	-0.1289257065	-0.1004815834	-0.0261275778	0.0124428494	-0.0496916509	-0.0961653941	-0.03843704	0.0671703276	0.1320547344	-0.0408128839	-0.0739827965	0.0680191225	-0.0247219507	-0.0917826146	-0.0891859994	0.0074866484	-0.1328100749	-0.0082567052	0.1310240674	0.0322249492	0.021716579	0.0924155368	0.1641885357	-0.1257469589	-0.0443116812	0.0012152659	0.0675176379	0.1105998399	0.0563794943	-0.0181032617	-0.0271515254	0.1359990831	-0.0427089271	-0.0749357731	-0.0274856071	-0.0081989804	-0.0409720727	-0.0034570265	0.0423234168	-0.0226680401	0.0159198346	0.0160272468	0.0152012604	-0.0748832942	0.142017961	0.0743078315	0.030749868	0.0402360332	0.0268466345	0.0079278321	-0.0218324867	-0.0316116791	-0.011233594	-0.1493914258	-0.0523335887	-0.0439384149	0.0144435973	0.1081247326	0.0868517015	-0.0709332301	0.0362969077	-0.0321242503	-0.0137121246	0.1764384067	0.1327583555	0.1100410924	0.0827108786	-0.1374738532	-0.0179342797	0.0193317191	-0.0114494931	0.0182501889	0.0344237406	-0.0609709727	-0.0519821454	0.0446658744	0.026577045	-0.1030232139	-0.0082921468	-0.0057194822	-0.0252650562	-0.0899023805	0.0615272943	0.0417401699	-0.0609615959	-0.177398666	-0.0626204336	-0.0816636835	0.1215457906	0.048010794	0.0486516758	-0.0195217321	-0.0029964321	0.0361936586	0.0169885635	0.0358119658	-0.1032808297	-0.0729897297	-0.0067857039	0.0172217899	-0.0400021187	0.0493813907	0.0590722776	0.0244173932	-0.0828005146	0.0412028041	0.0133844514	0.0	0.0	0.0	0.0135921217247414	-0.0702696578898525	0.0049378248199569	0.0001847457729801	1.5847723925717645	0.0731980415812074	2.511503536257635	0.0053579532913241	0.641526294870971	-0.0117486797731061	0.411555987010876	0.0001380314764109	0.0012189484500285	-0.0008856460065369	7.843688488949356e-07	1.4858353238268826e-06	-0.0038666136831753	0.0003343702764936	1.1180348180247337e-07	1.4950701374918458e-05	0.0022988664521389	-0.0005950763202552	5.284786964769694e-06	3.54115826928588e-07	0.0	0.0	0.0	0.0	0.0	0.0	0.0	0.0	0.0	0.0	0.0	0.0	0.0	0.0	0.0	0.0	0.0	0.0	0.0	0.0	0.0	0.0	0.0	0.0	0.0	0.0	0.0	0.0	0.0	0.0	0.0	0.0	0.0	0.0	0.0	0.0	0.0	0.0	0.0
515.8554667095619	-0.027842448994761	266106.86253413995	0.0007752019660258	771.3891539183277	0.4768225993329906	595041.2267828335	0.2273597912346697	579.3717607360649	-0.727403216227458	0.5291154389780499	335671.637138408	601.463665071081	420.5804751009401	0.904576	30.677464	0.5544208326097132	0.243697334817579	-0.0622166007	0.1007420336	-0.0319399608	0.1311157562	0.0789198654	-0.0801105762	0.0417508811	0.147408763	0.0246984326	-0.0292361614	0.0544933481	-0.1413003257	-0.1329879586	-0.1113556153	0.0451702953	-0.1432061633	-0.0449013638	0.0074724022	-0.0147073707	0.0309792406	-0.1048086632	-0.0210251833	0.0609765229	-0.1182784656	-0.0740379571	0.0540877878	0.053719373	0.0207665112	-0.022477016	0.054184098	0.058074388	0.0473001727	0.030744763	-0.1002348699	0.0200132518	-0.0273797045	0.0290061639	0.0332313866	0.1887732353	0.007257236	0.0657305401	0.031746395	0.0667959801	0.1072301659	0.0721868885	0.0289735466	0.0744107593	-0.1027375749	0.0092836328	0.0296047513	0.0310023336	0.0814745646	-0.0402320542	0.0012347548	-0.0933292015	0.1971335322	0.0585124103	-0.0578911384	0.0022825146	0.0883727111	-0.033634805	-0.0997406383	0.0350226847	0.0019376889	-0.0905723121	0.0171077633	0.0574000501	-0.01389777	0.1235940116	-0.0084717221	0.0709533012	-0.0464031732	0.083102123	0.0938945694	-0.037903635	0.0538793094	-0.0456017523	0.0280565083	-0.0632243302	-0.0114957976	-0.0483453606	0.0269300423	0.0245155297	0.0730865412	0.0918868687	-0.0255936532	0.0807543071	-0.0325049099	0.0187909393	0.1539220615	0.1454578547	-0.0537792939	-0.1133934221	0.0880325491	0.0629759705	-0.0230813143	-0.1419919283	-0.0471079215	0.0620866004	-0.0197493742	0.064324107	-0.0190899649	-0.0672154037	0.0571463947	0.0103591124	0.0145968654	-0.0367007645	0.0210052449	0.0556309356	-0.0726934369	-0.091220679	-0.0715133571	0.0662967787	0.0436445887	-0.0690093768	-0.0835948747	0.0438922256	0.0089384093	0.0	0.0	0.0	0.078841217204669	0.0652490954799275	0.0042574444609487	0.0062159375303137	1.7490512815706154	0.1642788889988509	3.059180385563812	0.0269875533706967	0.7136082475003178	0.0720819526293468	0.5092367309004748	0.0051958078948593	-0.0002659585080123	-0.0014849069580408	2.204948674037982e-06	7.073392798412863e-08	-0.002561008362792	0.0013056053203832	1.704605252613179e-06	6.558763834290561e-06	3.316082053124145e-05	-0.0022657056316076	1.0996400183052046e-09	5.13342200909866e-06	0.0	0.0	0.0	0.0	0.0	0.0	0.0	0.0	0.0	0.0	0.0	0.0	0.0	0.0	0.0	0.0	0.0	0.0	0.0	0.0	0.0	0.0	0.0	0.0	0.0	1.0	0.0	0.0	0.0	0.0	0.0	0.0	0.0	0.0	0.0	0.0	0.0	0.0	0.0
514.973383366812	-0.8820833427499792	265197.58557626145	0.7780710235569773	771.1077234591656	-0.2814304591620384	594607.1211783771	0.0792031033441558	580.5798144205984	1.2080536845335246	1.4593937047150245	337072.92091265647	603.3905325092253	413.43527743072207	0.706982	23.976324	0.1500245558782782	0.0903015317879584	-0.0599756978	0.1303774543	-0.0717859056	0.1239025231	0.0768020046	-0.0507649699	0.0675349388	0.1502686704	0.0292008748	-0.0545722714	0.0327992356	-0.1148940222	-0.1132531489	-0.0973978178	-0.0965116223	-0.025728604	-0.0584940868	-0.0102215669	0.1035816009	-0.0607377306	-0.0776829675	-0.0173444489	0.108315294	0.0239356552	-0.0080225587	0.0253655103	0.080949914	0.0125846887	0.0278520449	-0.0541356323	-0.0138646607	0.0347175702	0.0270968316	-0.0540158444	-0.0010730747	-0.1137090677	-0.0248136895	0.0810643357	-0.0021587687	-0.0011646018	-0.0019017013	-0.0623957995	-0.0900941716	-0.0271649017	-0.089209218	0.0154880336	-0.036373665	-0.0228705133	-0.0574962064	-0.0582669126	0.1313219979	-0.0303411939	-0.0030445114	0.003871239	-0.0517414327	0.1288247865	0.062677716	0.0763693382	0.0034147978	0.0476234608	-0.015624945	-0.088542836	-0.0330450747	-0.0470485813	-0.0078980111	-0.0267433932	-0.0401704197	-0.0877217888	0.1594532572	-0.1260067245	0.037055509	0.0456420151	-0.0525895844	0.0353404159	0.0321761054	-0.0202976555	-0.0078314289	-0.044166974	-0.0968812647	-0.0551819386	-0.0187531748	-0.0010317049	-0.0053018889	-0.0134503265	0.0605873687	-0.0214157156	-0.0798909762	0.0014299482	-0.0848353546	0.053779027	-0.0361017868	-0.0491159577	-0.1167694612	0.0748312953	0.057155562	-0.0422757584	-0.116999842	-0.0485005355	-0.005880829	0.0243685127	0.0407211381	0.0313457983	-0.0811023456	0.0812517026	0.0250042622	0.0777337492	-0.0442553142	-0.0047386883	0.0256150355	-0.0122837061	0.0230690983	-0.1216344057	0.0109176224	-0.0086808116	0.0006734886	-0.0843699804	0.0465412106	0.004473841	0.0	0.0	0.0	0.0447033789418469	-0.034137838262822	0.0011653920012586	0.0019983920888183	1.6669599439051836	-0.0820913376654317	2.778755454584373	0.0067389877196999	0.7064083902406963	-0.0071998572596214	0.4990128138024519	5.183794455892394e-05	-0.0003188668983206	-5.2908390308300005e-05	2.799297765015414e-09	1.0167609884459985e-07	-0.0025820815481889	-2.107318539690001e-05	4.4407914277212e-10	6.667145121497587e-06	0.0004910896986341	0.0004579288781028	2.411690921045312e-07	2.096988574005427e-07	0.0	0.0	0.0	0.0	0.0	0.0	0.0	0.0	0.0	0.0	0.0	0.0	0.0	0.0	0.0	0.0	0.0	0.0	0.0	0.0	0.0	0.0	0.0	0.0	0.0	0.0	0.0	0.0	0.0	0.0	0.0	0.0	0.0	0.0	0.0	0.0	0.0	0.0	0.0
514.7803621427274	-0.1930212240845321	264998.8212477976	0.0372571929470911	774.1241036130671	3.016380153901423	599268.1277947346	9.098549232850372	581.4959804331621	0.9161660125637354	0.8393601625769346	338137.57525992446	605.203025567727	414.8008261371559	0.695237	23.578022	0.6500525884279585	0.3049988562876121	-0.0470716724	0.1179081934	-0.0427481052	0.1445187058	0.0673697544	-0.0204295476	0.0808480493	0.1246042237	0.0680549267	-0.0194681794	0.0061155205	-0.0911923033	-0.1208284316	-0.1453278201	-0.0973734273	-0.0370598624	-0.0391187378	-0.0311309678	-0.0315212949	-0.0502949383	-0.0075639733	0.0613063436	0.0024811548	-0.0246538434	-0.0444410292	0.0428857974	0.0983430651	-0.0264687871	-0.0116384493	-0.0094804299	-0.0333764436	-0.1367937045	0.0463454754	-0.0611005558	-0.0045143565	0.0392312492	-0.0465592019	-0.0157948009	0.0253769995	0.0198837935	-0.0229754581	0.0432474744	0.064061012	-0.0813556909	-0.0159579282	0.0120788491	0.1460170964	0.1114552226	0.1211615873	-0.0573495622	0.005023331	-0.055651669	0.0024339524	-0.0081376051	0.0017027382	0.1330848315	0.0785537023	0.1021692023	-0.0286848568	0.0003157698	0.0167208445	-0.0749473863	-0.0728048203	-0.0405347647	-0.0248453364	0.0640624054	0.0707881159	-0.1039553312	0.1699721954	0.0031144616	-0.012750546	-0.0900106848	0.0095570172	-0.0256365534	-0.0719105589	-0.0480351254	-0.0455419952	-0.033902614	-0.0111619993	0.0227961172	-0.0362965172	0.0073978935	-0.0853304067	0.0604890669	-0.0187748869	0.0064720344	0.0093094114	-0.0372106194	-0.0581215417	0.0079626553	0.0218715487	-0.0494149533	-0.1068771451	0.0662412201	0.0570152243	-0.0117453719	-0.0285411954	0.0289187122	0.0060275494	0.0344906795	0.0585043767	-0.0236754652	-0.0532797225	0.0469765064	0.0080014284	0.0179803096	-0.0304486765	0.0339563904	-0.0181847171	-0.103477172	-0.0616762216	-0.0598731696	0.0540471541	0.0506437508	0.133010928	-0.0851256531	0.0491473187	0.0	0.0	0.0	0.0	0.1184589057708933	0.0737555268290464	0.0054398777378301	0.0140325123564373	1.6068214047201934	-0.0601385391849902	2.5818750266669754	0.0036166438953046	0.7423161892071732	0.0359077989664768	0.5510333247590599	0.0012893700266169	-0.003558252831808	-0.0032393859334874	1.0493621226076036e-05	1.2661163215069652e-05	-0.0066380652515178	-0.0040559837033288	1.6451003801669614e-05	4.406391028340808e-05	0.0028007345307667	0.0023096448321326	7.844113911828968e-06	5.334459250596828e-06	0.0	0.0	0.0	0.0	0.0	0.0	0.0	0.0	0.0	0.0	0.0	0.0	0.0	0.0	0.0	0.0	0.0	0.0	0.0	0.0	0.0	0.0	0.0	0.0	0.0	0.0	1.0	0.0	0.0	0.0	0.0	0.0	0.0	0.0	0.0	0.0	0.0	0.0	0.0
514.1611060974941	-0.6192560452333282	264361.6430233986	0.3834780495580218	770.0494452805547	-4.074658332512399	592976.14817689	16.602840526712725	580.9577782609994	-0.5382021721627552	0.289661578120708	337511.9401219565	603.9392731150642	411.28344102408255	0.638691	21.660324	0.1758896236319752	0.0882153328328016	-0.0519264968	0.1405350779	-0.0778227806	0.1088992069	0.089106573	-0.0650682534	0.0563374413	0.1212696493	0.0366570344	0.0162425485	0.0160221558	-0.1025312708	-0.0960059175	-0.0861801225	-0.07912026	-0.0816117728	-0.0339320791	0.0029924557	0.0478414659	-0.0028203363	-0.0528154255	0.0115882543	-0.0436248704	0.0502474076	0.0089980251	-0.029727328	0.0118420236	-0.1263681623	-0.0317295949	-0.003465945	-0.0272582967	-0.0688470369	0.0879637182	-0.0615487262	0.0527885418	0.0194938975	0.0095065615	0.0683312624	0.0824425346	0.0580924684	0.1038955669	-0.0261444043	-0.0944164437	-1.66492e-05	0.0305783264	0.0365274291	-0.037448381	-0.0156272281	0.0581564344	-0.0457061721	-0.0310282362	0.0581349295	-0.0825805183	-0.013229437	-0.0419898689	0.1359018455	0.062069546	0.0149638543	-0.0019348904	-0.0067494267	0.0339797004	-0.1230420875	-0.0422755874	-0.0338028369	0.0194179345	0.0363813968	0.0189929135	-0.0216535201	0.0763986219	-0.0482893661	-0.0603626035	-0.0249527326	-0.0257685865	0.0517771894	0.0797526892	0.0442472827	-0.0891987143	0.0033642029	0.0330593562	0.0207653471	-0.0364295895	-0.0057333923	-0.1027198303	0.1041466115	0.1050011205	0.0576605525	-0.0004593242	-0.0017072532	-0.0583159593	-0.030444004	0.0285002078	-0.0490315414	-0.1050732533	0.0387672998	0.0637474368	-0.0243463497	-0.0252162912	0.001177833	-0.0359955654	0.0182461773	0.0204075234	-0.0120007973	-0.0417059746	0.078437721	0.0153907918	0.0215838607	-0.0099997562	0.0504950408	-0.0107563303	-0.0730334907	8.65057e-05	-0.066379548	0.05974135	-0.036628817	0.0828851672	-0.0858617188	0.051708149	-0.004473841	0.0	0.0	0.0	0.1152775175427933	-0.0031813882280999	1.0121231057893198e-05	0.013288906050829	1.5542382392479084	-0.052583165472285	2.4156565043404385	0.0027649892910857	0.737105222192298	-0.0052109670148752	0.543324108583157	2.7154177230117597e-05	-0.0027119033406466	0.0008463494911614	7.163074611891613e-07	7.354419729010188e-06	-0.0059148640978032	0.0007232011537145	5.230199087341281e-07	3.498561729548126e-05	0.0020720031173084	-0.0007287314134583	4.293196918135728e-06	5.310494729609317e-07	0.0	0.0	0.0	0.0	0.0	0.0	0.0	0.0	0.0	0.0	0.0	0.0	0.0	0.0	0.0	0.0	0.0	0.0	0.0	0.0	0.0	0.0	0.0	0.0	0.0	0.0	0.0	0.0	0.0	0.0	0.0	0.0	0.0	0.0	0.0	0.0	0.0	0.0	0.0
515.821898818912	1.66079272141792	266072.2313011479	2.7582324635147404	771.999089001215	1.9496437206603328	595982.5934187059	3.8011106375102672	581.0879023919658	0.1301241309664647	0.0169322894597776	337663.1503062948	603.4143083916335	411.0630784764679	0.615624	20.878059	0.1275722528654934	0.0604847618783452	-0.0593121262	0.1365913695	-0.0668084881	0.1207079577	0.0644540385	-0.0663227061	0.0130215447	0.1016871538	-0.0138874925	-0.0718574387	0.0207648435	-0.095425997	-0.1298347856	-0.0243499452	-0.0309644253	-0.0372341943	0.0339572012	0.0272573518	0.0047930185	-0.0613658003	0.0718581791	-0.0621942848	0.0247631654	0.0809062803	0.0138048693	-0.0204310534	-0.0747892474	0.0471655752	-0.0726917752	-0.0298554032	-0.0883504394	-0.018369167	0.1011857561	-0.0110791122	-0.0279250629	0.0469384611	0.1129343702	0.043643307	0.0427750444	-0.0124524445	0.053119413	0.0556531972	0.0228775794	0.0896720246	0.0002118835	-0.0627143407	0.0576892605	0.1063439916	0.0289502548	-0.0081987549	0.0420305756	0.0142499739	-0.0169254257	-0.0090883916	-0.0550318064	0.159647657	0.0207187618	0.0181075324	0.0365980268	-0.0062155519	-8.70829e-05	-0.0809025541	-0.0871788988	-0.0462270302	0.0999953044	0.0564882396	0.042181126	-0.0590148828	0.0315408554	-0.0097729581	-0.0013895716	-0.0071547198	0.0596945356	0.043444492	0.0680915196	0.0306072392	-0.0005616613	-0.0017074235	0.0944820168	0.087784737	-0.0412114288	-0.0009510859	-0.1039123349	-0.0309085362	-0.0072724465	0.0169821224	-0.059876415	-0.017838758	0.0350596093	0.0320230203	0.0487569632	-0.0506530832	-0.1042943966	0.0561979803	0.0673020605	-0.0297794837	-0.0260752043	0.0255905806	-0.0063474115	-0.018504978	0.0473996748	-0.0564099462	-0.0314664687	0.1003566728	-0.0142515596	-0.0199784062	-0.0562757733	0.0968744497	-0.0138652292	-0.1310142101	0.0044504548	-0.0756833155	-0.0270722813	-0.0066970258	0.074018678	-0.086578008	0.0542213423	-0.0089384093	0.0	0.0	0.0	0.131323918306208	0.0160464007634146	0.0002574869774601	0.0172459715192955	1.572818091251733	0.0185798520038247	2.473756748168745	0.000345210900484	0.769057847762582	0.031952625570284	0.5914499732052148	0.0010209702808347	-0.0034020184109632	-0.0006901150703166	4.762588102780858e-07	1.1573729268532577e-05	-0.0060138177824906	-9.895368468740024e-05	9.791831713213431e-09	3.616600432100016e-05	0.0025028018528638	0.0004307987355553	6.264017114698469e-06	1.8558755055613114e-07	0.0	0.0	0.0	0.0	0.0	0.0	0.0	0.0	0.0	0.0	0.0	0.0	0.0	0.0	0.0	0.0	0.0	0.0	0.0	0.0	0.0	0.0	0.0	0.0	0.0	0.0	0.0	0.0	0.0	0.0	0.0	0.0	0.0	0.0	0.0	0.0	0.0	0.0	0.0
517.6011167226712	1.7792179037592175	267910.9160325563	3.165616349057345	773.4471493994283	1.4480603982133289	598220.4929141016	2.0968789168737447	580.6014415776841	-0.4864608142817133	0.2366441238316275	337098.0339620849	602.7633086032555	416.2846583846075	0.675156	22.896984	0.3344916682639766	0.172750558786972	-0.0565193421	0.1208515835	-0.0541825071	0.0901433588	0.0593296909	-0.0641812014	-0.0215573947	0.0690214905	-0.0389660508	-0.0474576747	0.0357629591	-0.104583321	-0.0979242551	-0.0598174095	0.0454666765	-0.0589991867	-0.0172844964	0.0385135964	0.0032683792	-0.0371115193	0.0333144875	-0.079331704	-0.0384856669	-0.0041600575	0.0185551341	0.0323438092	0.0807849605	-0.0067732384	-0.0149239274	0.0040318415	0.1101146058	0.0987375797	-0.0018288011	0.028348724	0.0436264993	0.0471824896	-0.0696193896	-0.0010722821	-0.0211171715	0.0331750702	-0.0124682278	0.0493649652	-0.0813773501	0.0006279643	0.0579760761	0.0761319761	-0.0048023495	0.033846536	0.0354215102	-0.104139618	0.0447388237	0.1177849757	-0.0794692227	0.0087839741	-0.0706927552	0.1273667888	0.0229219452	-0.0129167906	0.0583341238	0.0312427958	-0.0511466665	-0.0779693019	-0.0438963707	-0.025220332	0.0185321054	0.0408802856	0.089197485	-0.0033937276	-0.0002347537	-0.0481230333	-0.0008923122	0.0525483033	0.0095663988	0.0423544038	-0.0297141234	-0.0249558399	0.0072460532	0.0092489488	-0.0122504146	-0.0382406003	-0.0432822551	-0.1243293776	0.022750861	0.0127006869	-0.0334268171	0.017415511	0.0441151827	0.0218291367	-0.0365614398	-0.0504135434	0.0509381676	-0.0472624652	-0.1122982886	0.0462496639	0.1066742504	-0.0049413842	-0.0484016997	0.0294814949	-0.018252377	0.0369640256	0.0404987187	-0.1015982284	-0.0218853775	0.0961730835	-0.0351915785	-0.0024502339	-0.0312363564	0.097868387	0.0883803594	-0.1927037104	0.0436659949	-0.0413367243	-0.0502988541	-0.0063888863	-0.0694035625	-0.0872743556	0.0566845832	-0.0133844514	0.0	0.0	0.0	0.1137596978237525	-0.0175642204824554	0.0003085018411563	0.0129412688489514	1.6407091930258844	0.0678911017741512	2.691926656079649	0.0046092017001081	0.6323085493854421	-0.1367492983771399	0.399814101625922	0.01870037060664	-0.0028871197318791	0.000514898679084	2.651206497225509e-07	8.335460346205646e-06	-0.0046990437128995	0.0013147740695911	1.728630854069144e-06	2.2081011815740315e-05	0.0020867336489344	-0.0004160682039293	4.354457321595076e-06	1.7311275032103657e-07	0.0	0.0	0.0	0.0	0.0	0.0	0.0	0.0	0.0	0.0	0.0	0.0	0.0	0.0	0.0	0.0	0.0	0.0	0.0	0.0	0.0	0.0	0.0	0.0	0.0	0.0	0.0	0.0	0.0	0.0	0.0	0.0	0.0	0.0	0.0	0.0	0.0	0.0	0.0
519.0314443178474	1.4303275951762089	269393.6401906708	2.045837029522557	777.9682337443033	4.521084344875021	605234.572715231	20.440203653474	581.199646522259	0.5982049445748316	0.3578491557137774	337793.0291175987	603.0133118863965	423.4547155088269	0.706923	23.974329	0.2857462452132505	0.146300728229697	-0.0550975267	0.0856421419	-0.0128646032	0.0636767246	0.0122844774	-0.0759591544	-0.0459066451	0.0006014925	-0.0497417932	-0.0994221933	0.0316803779	-0.0916128857	-0.0895549247	0.0870654152	0.049569776	0.0153502554	0.0127717866	0.0315500423	-0.0029481073	-0.0081394753	0.0671587736	0.0188132606	-0.0026865662	-0.0428715275	-0.0022531123	0.0807138576	0.0320454107	-0.0063930502	0.0653754963	0.0384140678	-0.040226107	-0.0332265271	-0.0064368976	0.055403818	-0.0019097807	0.1073247949	0.0911970899	-0.0176074463	0.05457544	0.0063130186	-0.0108455204	-0.020154111	0.0592290022	0.0267770102	-0.0150951259	-0.0499469357	0.0858565412	0.0799495243	-0.0201038958	0.0098640223	0.0396520612	-0.0142534629	0.0477935811	0.0072967352	-0.0680237498	0.1240085143	-0.0056875157	0.0215158472	0.0612340429	-0.0596168935	-0.0023431263	0.0567916074	-0.0883545483	0.0011415294	-0.066551493	0.0142236368	0.0087854639	-0.0875154142	-0.0325711798	0.1027670625	-0.0271636779	0.009766874	-0.0344388512	0.004650828	-0.0852706105	-0.0197213191	0.0622453814	0.0478944567	0.0537484468	0.0548842337	-0.0748481188	-0.0108907277	0.0208994812	0.0666718693	-0.0075580929	-0.0115123513	-0.0197242639	0.0006568181	-0.0002671585	0.0601920363	-0.0320981857	-0.0491475517	-0.1078880221	0.0313084987	0.0682856851	-0.0306421855	-0.0091815881	0.0242209018	-0.0157099637	-0.0176915207	0.0442550997	-0.062149234	-0.0032424599	-0.0004344611	0.0356718536	-0.048389675	0.0047809655	0.0013906528	-0.0169644697	-0.0464096588	0.042802745	0.0162390926	-0.0532581787	-0.012502456	0.0390190864	-0.0879506014	0.0590956024	-0.0178027522	0.0	0.0	0.0	0.1425234230316334	0.0287637252078808	0.0008273518878344	0.0203129261126539	1.5514932780972686	-0.0892159149286158	2.407131391981008	0.00795947947655	0.714529693874141	0.0822211444886988	0.5105526834278736	0.0067603166010314	-0.0031120587996453	-0.0002249390677662	5.0597584207527195e-08	9.684909972449744e-06	-0.0061728275898269	-0.0014737838769273	2.1720389158911574e-06	3.810380045372817e-05	0.0020989199160019	1.2186267067500029e-05	4.405464813789424e-06	1.4850510504043571e-10	0.0	0.0	0.0	0.0	0.0	0.0	0.0	0.0	0.0	0.0	0.0	0.0	0.0	0.0	0.0	0.0	0.0	0.0	0.0	0.0	0.0	0.0	0.0	0.0	0.0	0.0	0.0	0.0	0.0	0.0	0.0	0.0	0.0	0.0	0.0	0.0	0.0	0.0	0.0
520.4458187707462	1.4143744528987554	270863.8502759524	2.0004550930126537	782.8492759124578	4.8810421681544085	612852.9887966594	23.82457264730149	581.1106704185748	-0.0889761036841036	0.0079167470268043	337689.6112743255	604.5043571659776	431.7500787606059	0.713537	24.198629	0.221757913676815	0.1230601724139679	-0.0492531444	0.0703597224	0.0543600325	-0.0224683535	-0.0186704105	-0.0167364747	0.043696876	0.0188126021	0.0015528115	-0.0721797921	0.0218822701	-0.0711874128	-0.0773703929	-0.0037241694	0.0397649879	-0.0598868498	-0.0537671554	-0.0538087581	-0.0483430324	0.1167305864	0.0285526979	-0.0018913865	0.0230324868	-0.0134366937	0.1024914617	0.0249710811	0.028717167	0.0214443488	-0.0076501458	-0.0374092552	-0.0142322678	-0.057480523	-0.0533397831	0.0589669708	-0.016991885	0.0356298768	0.0409726876	-0.0488664849	-0.0845565011	0.0444000528	-0.0300109416	-0.0657842748	-0.0150443487	-0.1727786514	-0.0522939697	-0.0852275935	-0.1102245954	-0.0790762536	0.0125831834	0.035738638	-0.0611470804	0.0016512101	-0.0414519841	-0.0061776054	-0.0264948395	0.1130894962	0.0123955304	0.0205002132	0.0482566067	-0.0021441436	0.0450980131	-0.0449796445	0.0859997619	0.0684971283	-0.0060166477	0.0220042187	0.0154327161	-0.11707743	-0.0587085215	0.035819755	-0.0327138532	0.0806037913	0.0343027583	-0.0796207526	0.0128485417	-0.0009512649	-0.0069261546	0.0558820411	0.0544351358	0.0318610673	0.0869660872	0.0303319268	0.0940128426	0.0292136619	-0.0120263283	-0.0289861925	-0.0827144263	0.0896939163	-0.044430176	-0.0344821376	-0.0395942435	-0.0559711536	-0.1090018345	0.0521711034	0.0879817944	9.30963e-05	0.0168840167	0.0564387075	-0.0222958177	-0.0029090605	0.0078720117	0.0042624354	-0.0275129045	-0.0366900825	-0.0078371801	-0.0205761342	-0.0228750363	0.0076018602	0.0949896046	-0.1008750019	0.0304380086	0.0375465191	-0.0070120325	-0.0120360915	0.0200645707	-0.0886065894	0.0614521788	-0.022184154	0.0	0.0	0.0	0.1494384544452742	0.0069150314136408	4.781765945163914e-05	0.0223318516669922	1.6384229804689738	0.0869297023717052	2.6844298629288352	0.0075567731544332	0.673515168795717	-0.0410145250784239	0.4536226825979232	0.0016821912674086	-0.0045900235722631	-0.0014779647726178	2.1843798690991854e-06	2.106831639393091e-05	-0.0063852901846064	-0.0002124625947795	4.5140354180438035e-08	4.077193074163083e-05	0.0020513741871383	-4.754572886360008e-05	4.208136055657321e-06	2.260596333170974e-09	0.0	0.0	0.0	0.0	0.0	0.0	0.0	0.0	0.0	0.0	0.0	0.0	0.0	0.0	0.0	0.0	0.0	0.0	0.0	0.0	0.0	0.0	0.0	0.0	0.0	0.0	0.0	0.0	0.0	0.0	0.0	0.0	0.0	0.0	0.0	0.0	0.0	0.0	0.0
518.4715286120911	-1.9742901586550945	268812.7259813584	3.897821630562357	776.4505736367744	-6.398702275683377	602875.493300876	40.94339081283562	580.9743213235024	-0.1363490950724326	0.0185910757270712	337531.16203730425	603.2546846358503	422.4604954823822	0.698805	23.69902	0.2334063246869728	0.1233316734338581	-0.0469157357	0.0825462984	-0.0115438507	-0.0045708167	0.0274565386	-0.0652311698	-0.0137370588	0.0294302089	-0.0029044592	-0.0539794564	0.0240480703	-0.0863633631	-0.0493074603	0.0550158877	0.0738310125	-0.0881121909	-0.088508718	-0.000253609	-0.0315444692	0.1068604525	0.0693518276	-0.001959044	0.1293481231	-0.0287096091	0.1047205985	-0.0201069308	-0.0586703101	-0.0559454777	0.0271221128	-0.085689779	-0.0727665307	-0.0840157771	0.0400288185	0.0018668177	0.0063871041	0.025242383	0.0391969716	-0.0565142468	-0.035498823	-0.1060309996	0.0286400586	0.0493208284	-0.061347822	-0.0643079923	-0.0187322962	-0.0263716507	-0.080935777	0.0233969857	0.0033350162	0.0466992511	-0.0354350357	-0.0034312753	0.0833849441	-0.0066529021	-0.0729690454	0.1065053833	-0.0090880183	-0.0629177551	0.0190750572	0.0061721888	0.016261761	-0.0598419631	0.0905747338	0.0460676608	-0.0566909998	0.0161614578	-0.0495862187	-0.0474767379	-0.1153812618	0.0844548881	-0.0045072063	0.071655722	-0.0401093752	-0.0263875783	0.0010281111	0.0565996818	-0.0421434388	-0.0008722504	0.0582138988	0.0525965913	0.0635657763	0.1247998519	-0.087331412	0.026118344	0.0663306416	-0.0278308632	-0.0496975642	0.0391136007	0.0041289643	0.0027562469	-0.0552460906	-0.0469690268	-0.101691704	0.0217946181	0.0970544656	-0.0178703314	-0.0107925285	0.043299592	-0.0188134094	-0.0393463689	-0.0124804813	-0.0846604957	0.0351240936	0.0666271464	-0.0357040005	-0.1362232735	-0.0065621283	-0.0108502872	0.0111557658	-0.0927863068	0.0336402436	0.0072993676	-0.0192038407	-0.0088108177	-0.0270124235	-0.0892421688	0.0637521413	-0.0265195758	0.0	0.0	0.0	0.1600679641380793	0.0106295096928051	0.0001129864763094	0.0256217531433094	1.5452315815450106	-0.0931913989239632	2.387740640604094	0.0086846368334052	0.6646981817780926	-0.0088169870176244	0.4418236728591022	7.77392600689582e-05	-0.0036011620898403	0.0009888614824228	9.77847031419418e-07	1.2968368397302956e-05	-0.0053093749046413	0.0010759152799651	1.1575936896623794e-06	2.818946187803481e-05	0.002401966005802	0.0003505918186637	5.769440693028414e-06	1.2291462331392078e-07	0.0	0.0	0.0	0.0	0.0	0.0	0.0	0.0	0.0	0.0	0.0	0.0	0.0	0.0	0.0	0.0	0.0	0.0	0.0	0.0	0.0	0.0	0.0	0.0	0.0	0.0	0.0	0.0	0.0	0.0	0.0	0.0	0.0	0.0	0.0	0.0	0.0	0.0	0.0
520.4292525920761	1.9577239799849624	270846.6069535469	3.83268318180816	777.1055348825734	0.6549612457989724	603893.0123451304	0.4289742334985419	582.3314444323693	1.3571231088668585	1.8417831326204464	339109.9111746896	603.4136613314269	429.4610937281584	0.721542	24.470118	0.3079273791199233	0.154705474849768	-0.0658395895	0.0727726834	0.0401911823	-0.0107731292	0.0138111402	-0.0984228055	-0.0470981451	0.0287074609	-0.017882873	-0.0820355462	0.0026496136	-0.0583101076	-0.110433204	0.0921785958	0.1085598348	-0.0261229447	0.0097263513	0.0058711904	-0.0373867885	0.0147464966	0.0078628458	0.0004977531	-0.0401527098	-0.1005646555	-0.0179381518	0.1256175479	-0.1250642239	0.0100029288	0.0343195321	-0.0955428774	-0.0465581986	0.0390909077	0.0283538613	0.0208516656	-0.0518312815	0.0889620037	-0.0745753883	-0.0227855932	-0.0197355631	-0.017363955	0.003871706	-0.0511571525	0.0122836333	-0.1143958886	0.0466031549	0.0041368766	-0.0614741177	-0.0774781715	0.0527608556	0.0596614596	-0.0011096174	0.0082322177	-0.0103623415	-0.0198179632	-0.081120668	0.1393181921	-0.0756820968	-0.0577145215	0.0709452342	-0.0048478883	-0.042376182	-0.0073843849	0.0419396322	-0.0541932337	0.0023862611	0.045888176	-0.0324388383	0.0157471581	-0.0480137147	0.0441554821	-0.0620856383	0.1089884302	0.0782083462	0.0240035214	-0.071536295	0.1061176324	0.0229857758	0.0369346092	0.1108381503	-0.0527707018	0.0381106875	0.0081258367	-0.0222860941	-0.063573774	0.0945837669	-0.0560776887	0.0600469575	0.007613987	0.0637169961	0.0473177675	-0.0610551802	-0.0594046114	-0.1136812186	0.0551322545	0.07939783	-0.0175703661	0.0287710805	0.0466728735	-0.0407439416	0.0293217161	0.0280591164	0.0394154248	-0.0169325819	0.0504895554	-0.0625401797	-0.0186035731	-0.0703211094	0.0378559353	-0.0310903067	-0.0687235603	0.0280523359	0.0356393961	0.0050868067	-0.0817050045	-0.008769732	-0.0898571929	0.0659933711	-0.0308000317	0.0	0.0	0.0	0.1467179310372017	-0.0133500331008775	0.0001782233837945	0.021526151287837	1.6436072949799012	0.0983757134348906	2.701444940111148	0.0096777809938237	0.7270579294683728	0.0623597476902801	0.5286132328028373	0.0038887381319954	-0.0048362845611419	-0.0012351224713016	1.525527519114172e-06	2.3389648356339505e-05	-0.0066621213468933	-0.001352746442252	1.8299229370254435e-06	4.438386084073139e-05	0.0024909347901259	8.89687843238997e-05	6.20475612865956e-06	7.91544458407258e-09	0.0	0.0	0.0	0.0	0.0	0.0	0.0	0.0	0.0	0.0	0.0	0.0	0.0	0.0	0.0	0.0	0.0	0.0	0.0	0.0	0.0	0.0	0.0	0.0	0.0	0.0	0.0	0.0	0.0	0.0	0.0	0.0	0.0	0.0	0.0	0.0	0.0	0.0	0.0
519.5887932003886	-0.8404593916874319	269972.5140194362	0.706371989075608	776.6233066871152	-0.4822281954581058	603143.7604896291	0.2325440324947811	582.3506984411736	0.019254008804296	0.0003707168550359	339132.3359749227	603.6981693955719	420.0304002363687	0.7880899999999998	26.726986	0.2894740532767273	0.1338253111096903	-0.0459200589	0.0745733213	-0.0304952719	0.0822185554	0.0184710081	-0.0918287003	-0.0342772333	0.0117655614	-0.1072345274	-0.061921185	0.0011016712	-0.0598426457	-0.0564715531	0.0939618916	0.0642410907	-0.045997924	-0.0308009654	0.0424354846	0.0203841333	-0.0500309115	0.1288326172	-0.0414697444	-0.0276230704	-0.0239884685	-0.0502146417	0.0849307853	0.0152715037	0.0032489432	-0.1146239904	-0.0169798948	-0.1239840281	-0.0720413761	0.0390473139	-0.0255253814	-0.0883508115	0.0865987077	-0.0734253592	0.0756199122	0.0614439851	-0.0135126087	-0.0545780728	-0.0326797311	-0.074582275	-0.1028159098	-0.0033406239	-0.010557892	-0.0581285598	0.0271915506	0.0211609731	0.0136723822	0.0312502112	-0.0480706042	0.0365055984	-0.0163207468	-0.0736911151	0.0756646386	-0.0484792179	-0.0376497619	0.1297208645	-0.0272683404	-0.0136689307	-0.0521633973	-0.0462177334	-0.040583522	-0.0309242381	0.0629995124	0.0307529707	-0.0575499635	-0.0454271297	0.0739702733	-0.0270699369	0.0556918942	0.0621051934	0.1161138366	-0.0285823259	0.0059323892	-0.0065477175	7.43772e-05	0.0096336702	0.0512291995	0.1010538175	-0.0272473368	-0.0403117869	-0.0707580813	0.0466798152	-0.0527499114	0.0705433204	-0.0853126546	-0.0262850102	-0.0548919181	-0.0413163678	-0.048860736	-0.0769402416	0.0236119275	0.1209780189	0.0003772161	-0.0053587471	0.0504188715	0.0113517863	0.0001372289	0.0032326167	-0.1470528245	0.0201316106	0.1179499069	-0.0538462071	-0.0570934371	-0.0330425486	0.0886597482	-0.0004787128	-0.1091288954	-0.0498887775	0.0029362641	-0.0730661067	0.0053535896	-0.0171485816	-0.0904515202	0.0681738033	-0.0350166499	0.0	0.0	0.0	0.2278836345163739	0.0811657034791721	0.0065878714212689	0.0519309508803922	1.5995251173372935	-0.0440821776426076	2.5584806009928824	0.0019432383857144	0.6544976113930403	-0.0725603180753324	0.4283671233191952	0.0052649997591934	-0.004136740225105	0.0006995443360369	4.893622780813078e-07	1.711261969000176e-05	-0.0062041290790286	0.0004579922678647	2.097569174238511e-07	3.849121762924826e-05	0.0031667152678166	0.0006757804776907	1.0028085587422762e-05	4.566792540278711e-07	0.0	0.0	0.0	0.0	0.0	0.0	0.0	0.0	0.0	0.0	0.0	0.0	0.0	0.0	0.0	0.0	0.0	0.0	0.0	0.0	0.0	0.0	0.0	0.0	0.0	0.0	0.0	0.0	0.0	0.0	0.0	0.0	0.0	0.0	0.0	0.0	0.0	0.0	0.0
522.9823788631203	3.3935856627316525	273510.5686013283	11.51642365029783	785.8051153707225	9.1818086836073	617489.6793427946	84.30561070236644	583.6049060881325	1.2542076469588892	1.5730368216901536	340594.6864101379	605.6553105213603	428.11989992560734	0.9083770000000002	30.806379	0.3520147201173264	0.1865438835102306	-0.0356970918	0.0474614331	-0.0217706767	0.012944525	-0.0258145068	-0.0156273734	-0.0777798043	-0.1124501396	-0.1022412009	-0.0451328088	0.0056955646	0.0099714052	-0.0956610833	0.1641794661	0.0621433797	0.0370244263	-0.0825066844	0.0546422401	0.0107643425	-0.083190317	0.0293929049	-0.0748531929	-0.0938717036	0.020542514	-0.0146367079	-0.0263129172	-0.0278011861	-0.1356724234	0.0698364957	-0.0435114305	0.1001306873	-0.0664145392	0.0286942895	-0.0490360132	-0.1151798906	0.0494804105	0.0879424779	0.0336208277	-0.0248725941	0.0169915663	-0.0140489066	-0.0369736836	-0.0633342225	-0.0089000714	0.0851058085	-0.0003385558	0.0257804695	0.082215647	0.0093621162	0.024092078	0.0191899556	-0.0019083145	-0.033355494	0.0067793436	-0.037186439	0.0361749844	-0.1159003639	0.0355756858	0.106814797	-0.1601528787	-0.0481410479	-0.067340589	-0.0727253525	0.0112859348	-0.0210415584	0.0574903618	0.0361952943	-0.0402981699	-0.0271512333	0.0211487579	-0.1597267409	0.0702604327	-0.1151131272	-0.0505569231	-0.0040537221	0.0871423781	0.0232456971	-0.0047535229	-0.0239780468	-0.0277671615	0.0485707609	0.077552654	-0.0342487114	0.0785910367	-0.0445358795	0.073032398	0.0537670218	-0.0746343713	0.0410422787	-0.0039749251	-0.1100549637	-0.0479339026	-0.0865006708	-0.0161510859	0.1050320419	0.0059687388	0.0457872209	0.0283871765	-0.1141131759	0.0099318821	-0.0063604657	-0.0276322185	0.0263489658	-0.0543531955	0.0186475582	0.0894924263	-0.0027589082	-0.0388642554	-0.0173833186	-0.0491208053	0.1709322696	-0.0210646901	-0.0560026517	-0.1332259053	-0.0541403684	-0.0910250139	0.0702914292	-0.0391606907	0.0	0.0	0.0	0.2256699939421338	-0.00221364057424	4.900204591921991e-06	0.0509269461658427	1.4384039216493107	-0.1611211956879827	2.069005841816117	0.0259600396999252	0.5978681423942618	-0.0566294689987785	0.3574463156899652	0.0032068967590836	-0.0050339245735948	-0.0008971843484898	8.04939755175067e-07	2.5340396612641585e-05	-0.0053183756586057	0.0008857534204229	7.845591217908667e-07	2.828511964604961e-05	0.0023086447396028	-0.0008580705282138	5.32984053369568e-06	7.362850313891102e-07	0.0	0.0	0.0	0.0	0.0	0.0	0.0	0.0	0.0	0.0	0.0	0.0	0.0	0.0	0.0	0.0	0.0	0.0	0.0	0.0	0.0	0.0	0.0	0.0	0.0	0.0	0.0	0.0	0.0	0.0	0.0	0.0	0.0	0.0	0.0	0.0	0.0	0.0	0.0
523.0544078432468	0.0720289801265607	273585.91356424964	0.0051881739780724	783.895465449283	-1.9096499214394955	614492.1007519481	3.646762822453871	582.8832106156783	-0.7216954724541438	0.5208443549608098	339752.8372176412	604.84526921882	437.6358341061571	0.8807739999999998	29.870264	0.2649611050741605	0.2047918214020185	-0.0363033382	0.0317086555	0.0846888309	-0.0446532738	-0.0258484486	-0.0317015719	-0.038620054	-0.0748764811	-0.1158541623	-0.1125850168	-0.0110549214	-0.0295875398	-0.0962294251	0.0663731579	0.043114918	0.0334419144	-0.07013072	0.0188903792	-0.0770631796	0.0225985903	0.12008967	0.022728589	0.073764473	-0.0014290453	-0.0302836014	0.0298685495	0.0158597318	0.0180120746	-0.0098906694	0.0330176049	-0.0476803285	-0.0825346849	-0.049903387	-0.0413122347	0.0380719338	-0.0393885099	0.0775172582	-0.0447397357	0.0312267265	0.0330096862	-0.0551961802	-0.0168441613	0.00471655	-0.0498590834	-0.0058927183	0.0258495355	-0.0126163574	-0.0297667274	-0.0733489136	-0.0230917076	0.0214082455	-0.0241951406	-0.0195647634	-0.0164700576	-0.0403915265	0.0584476836	-0.0650419191	0.0414183444	0.0509028163	-0.0606613664	-0.040956556	0.0203404945	0.0249668017	0.103943289	-0.0241003334	0.0671380686	-0.0218647569	-0.0679210916	-0.0675665201	0.0918301064	0.0006567379	-0.0529763412	0.0706532001	-0.0359406266	-0.0530260439	-0.0314961079	0.0140032395	0.0351985628	-0.0052689562	-0.0128338803	0.0051160032	0.0306466465	0.0309471223	0.0376075166	-0.0253597191	-0.0438955867	-0.1252335498	-0.0726100097	-0.0329790724	-0.0060518816	0.009550284	-0.0495726183	-0.0996008091	0.0090271258	0.1065436701	0.0256931601	0.0197581273	0.0578123901	0.0490432686	-0.0289544197	0.0021149327	-0.1117631385	0.0493456752	-0.0628746181	0.0085616997	-0.1222742635	-0.0299555991	-0.0555012334	-0.005290438	-0.043045097	-0.1124264704	0.0827996008	-0.0147353696	-0.0016483223	-0.0146735265	-0.0915775417	0.0723442979	-0.043223565	0.0	0.0	0.0	0.206087453053243	-0.0195825408888908	0.000383475907665	0.0424720383059726	1.6391782598219464	0.2007743381726356	2.6869053674729044	0.0403103348686598	0.6087165324933608	0.0108483900990989	0.3705358169307407	0.0001176875677422	-0.0055872615854331	-0.0005533370118383	3.061818486701394e-07	3.12174920240564e-05	-0.0053191838043615	-8.081457558003699e-07	6.530995626181511e-13	2.829371634458168e-05	0.0021876731789262	-0.0001209715606765	4.785913937793065e-06	1.4634118492532285e-08	0.0	0.0	0.0	0.0	0.0	0.0	0.0	0.0	0.0	0.0	0.0	0.0	0.0	0.0	0.0	0.0	0.0	0.0	0.0	0.0	0.0	0.0	0.0	0.0	0.0	0.0	0.0	0.0	0.0	0.0	0.0	0.0	0.0	0.0	0.0	0.0	0.0	0.0	0.0
522.3792180498016	-0.67518979344527	272880.04745032213	0.4558812571726663	780.7473468892058	-3.1481185600772505	609566.4196745339	9.910650468302862	582.8848442149387	0.0016335992603444	2.6686465433979464e-06	339754.7416154733	604.5803827066891	431.2611594067416	0.8037029999999998	27.256496	0.2284757855930737	0.1651377162490057	-0.0538911325	0.0245229923	0.0305614377	-0.091591208	-0.0138977208	-0.0485752048	0.000931623	-0.0519741849	-0.0456929477	-0.0841991226	-0.0115380433	-0.0179608276	-0.0800513888	0.0536445565	0.0073617172	-0.0156930673	-0.0260598305	0.0618846219	-0.0875205517	-0.0324508389	0.0367546266	0.0615784196	-0.0550971199	-0.0401855857	-0.0689932389	0.0444503408	0.004847305	-0.0594549461	-0.0585536458	0.0093962026	0.0143835789	0.017397428	-0.0175622904	-0.0394450511	0.0160143366	-0.0816620207	0.0389375442	-0.0322778135	-0.0906172011	0.0934761155	-0.0250228616	-0.0777615995	-0.0282615623	0.0206084731	-0.0943868761	-0.0482265508	-0.0410043656	0.0080834932	0.032807309	0.0783232009	-0.0255488714	-0.0547806813	0.0950377231	-0.021175434	-0.0446613353	0.0556334498	-0.0581429838	0.0275704662	-0.0350703275	-0.0471770226	-0.0325239949	-0.0086641971	0.0389855232	0.0309327665	0.0169945679	0.1376788927	-0.0227246225	0.0014299606	-0.0356983573	0.0667977114	-0.0289516423	0.0252578406	-0.0423439593	0.0438037859	-0.0557550472	-0.0329841416	-0.0138414175	-0.0382023137	0.0261584863	-0.075371895	0.0333293196	0.0096306939	0.0209502409	0.0008599841	-0.0544695732	-0.0012662254	-0.0262774516	-0.026328671	-0.1053046905	0.0155627132	-0.0179934611	-0.0501691651	-0.0921598725	-0.0058539718	0.0904745069	-0.0199370017	0.0550318139	0.0250821077	-0.1274843264	0.0187169061	-0.0421640397	0.0262260042	0.024721837	-0.0482854458	0.0081120812	-0.0084790889	-0.0043017699	-0.0477772145	0.0215315992	0.0239163593	0.1676336874	0.0332471984	-0.0573264916	-0.145288535	0.0180310492	-0.0921089764	0.0743305181	-0.0471968518	0.0	0.0	0.0	0.2142199151822694	0.0081324621290264	6.613694028004873e-05	0.0458901720606986	1.4793859460280174	-0.159792313793929	2.188582777305212	0.0255335835476174	0.6269152177632691	0.0181986852699083	0.3930226902631671	0.0003311921455531	-0.0049534303358937	0.0006338312495394	4.017420528926773e-07	2.453647209255197e-05	-0.0054821144257739	-0.0001629306214124	2.6546387393830883e-08	3.00535785772783e-05	0.0022379577959786	5.028461705239989e-05	5.0084550965813926e-06	2.5285427121065063e-09	0.0	0.0	0.0	0.0	0.0	0.0	0.0	0.0	0.0	0.0	0.0	0.0	0.0	0.0	0.0	0.0	0.0	0.0	0.0	0.0	0.0	0.0	0.0	0.0	0.0	0.0	0.0	0.0	0.0	0.0	0.0	0.0	0.0	0.0	0.0	0.0	0.0	0.0	0.0
523.3641024391565	0.9848843893548748	273909.98372194386	0.9699972603949244	782.5083670365183	1.761020147312479	612319.3444821584	3.101191959240465	583.5083282853369	0.6234840703982627	0.3887323860403858	340481.9691783485	605.2261683979973	435.6481124771755	0.8708909999999999	29.535072	0.2778797213380028	0.1964075535715232	-0.0501433596	0.032047427	0.0799065844	-0.038998295	-0.0270376315	-0.0536807346	0.013267093	-0.0457896775	-0.0476804	-0.1091255288	-0.0452700606	-0.033041277	-0.0931692251	0.0315225395	0.010261973	0.02365426	-0.0964845874	0.0133986259	-0.0917621226	0.0003220764	0.0954632429	0.0140610703	0.0757528327	0.0259885742	0.0002955897	0.0041391321	0.0336043136	-0.0265176151	0.0730310659	0.0117756042	-0.0725001923	-0.0608677706	0.0275819716	0.0504783215	0.0068991102	0.1008059075	0.1074760189	-0.0274324852	0.0228418049	0.077253031	0.0645676035	-0.0088079351	0.0408297575	0.0061271866	-0.0264092874	-0.0336925937	-0.1243766852	0.0709749558	0.0450871065	-0.0310323083	0.0563800903	-0.0234013621	0.0122494323	-0.039989886	-0.0311011669	0.047079962	-0.0432021539	0.0871797251	0.0145508744	-0.0208539691	-0.0557585363	-0.0101683077	0.0481750854	0.0622611991	-0.0135971426	0.068153459	-0.0314502526	-0.0762355602	-0.0376914715	0.0957214755	-0.015020371	0.0250806672	-0.0206677812	-0.0294254808	0.0200691268	-0.0138657827	0.0570415722	0.0545132238	0.0048382605	0.0172698009	-0.0742184367	-0.0279294291	-0.0047641176	0.0221225961	-0.0797746591	0.0664715374	-0.056790384	-0.0230913732	-0.0202469629	-0.0607725765	0.0014773268	-0.0605659445	-0.1169754628	0.0234653279	0.1060905256	0.0117729373	0.0070809406	0.0885906377	0.0901538159	-0.0786237512	0.0053882469	-0.1180864233	0.046852532	-0.082092202	-0.0394964696	-0.1241539682	-0.0617917038	-0.0913920677	-0.0780384358	-0.039715782	-0.1582508856	0.0934249169	-0.0349375293	0.0215255124	0.0549689295	-0.0926191957	0.0762482601	-0.051072316	0.0	0.0	0.0	0.1922971496204581	-0.0219227655618113	0.0004806076498781	0.0369781937521528	1.6648683893147336	0.1854824432867161	2.7717867537394354	0.0344037367676098	0.6324978459448545	0.0055826281815853	0.4000535251248808	3.116573741383142e-05	-0.0060059855830521	-0.0010525552471583	1.10787254832068e-06	3.607186282382967e-05	-0.0053009955176517	0.0001811189081221	3.280405887937789e-08	2.810055347816342e-05	0.0023021213268558	6.416353087720017e-05	5.29976260356431e-06	4.116958694629419e-09	0.0	0.0	0.0	0.0	0.0	0.0	0.0	0.0	0.0	0.0	0.0	0.0	0.0	0.0	0.0	0.0	0.0	0.0	0.0	0.0	0.0	0.0	0.0	0.0	0.0	0.0	0.0	0.0	0.0	0.0	0.0	0.0	0.0	0.0	0.0	0.0	0.0	0.0	0.0
524.0582158836974	0.6941134445409034	274637.01363520394	0.4817934738924377	782.3530431825515	-0.15532385396682	612076.2841769992	0.024125499611106	582.9921738197064	-0.5161544656305068	0.266415432390314	339879.8747350268	604.7234101217301	443.4414848797838	1.494749	50.692364	1.3108299326531123	0.6202872434784188	-0.0058263648	-0.0872844556	0.1195661015	-0.1134970089	-0.0103062271	-0.0157372343	-0.02484363	-0.0817107098	-0.0298056564	-0.0162023968	-0.0287595041	0.0105916859	0.0422228721	-0.0170882467	-0.0076926059	0.0273264729	0.019633272	0.0488118932	-0.052451683	-0.0896174565	0.0624653728	-0.0214569497	0.0709095883	0.0840086639	0.0056936556	0.1198504396	-0.1487562445	-0.0112878217	-0.0862392717	0.0605941918	0.0326239836	0.092120515	-0.0230948828	0.0499097944	0.0352160703	-0.1073046157	-0.0092190707	-0.1009194369	0.1715880089	0.0788793464	-0.0524930422	0.0828641393	0.0390461495	0.0515819456	-0.0364732143	-0.0088398481	0.0791968869	-0.0716477308	-0.04901479	-0.0726538527	0.0894669846	-0.0070010879	0.0115734553	-0.0095063024	-0.0126489587	-0.0247535682	-0.0050822631	-0.009808029	-0.0668386125	-0.047736518	-0.0501488116	0.0379123551	-0.0537760163	0.0736463591	0.1039026461	0.104727233	-0.0063406015	0.0032072061	-0.0837308584	0.0456571723	0.2263916904	0.0800616045	0.0783362821	0.0053710282	-0.0390166531	-0.0604887902	-0.0013989483	-0.1435805489	-0.0534889751	-0.0711718926	-0.093191288	-0.1899707881	0.013090018	0.0649230989	0.0504412433	-0.1035863426	-0.0329157728	-0.0878029819	-0.0334875852	0.0004000489	-0.0463407015	-0.0077607409	0.0353504108	0.0083039522	0.0214863935	0.0239456523	0.2175933346	-0.0047236017	-0.2124920817	0.2121505016	-0.0730839409	0.2727240235	-0.1033711107	-0.021983356	0.1265676404	0.159677614	0.1072995974	0.1498295014	0.2592291581	0.0168844975	0.3498119733	0.0396270845	0.1317786519	-0.1310479162	-0.1055573977	-0.093108082	0.078095757	-0.054841925	0.0	0.0	0.0	0.5488837018706505	0.3565865522501924	0.1271539692456792	0.3012733181792291	1.4798533495674209	-0.1850150397473127	2.189965936225915	0.0342305649326997	0.5565626426893573	-0.0759352032554971	0.3097619752373612	0.0057661550934536	-0.0049527947001833	0.0010531908828687	1.1092110357579615e-06	2.4530175342163783e-05	-0.01369680127164	-0.0083958057539883	7.048955425870304e-05	0.0001876023650747	0.0067189874380009	0.0044168661111451	4.514479219201391e-05	1.950870624378204e-05	0.0	0.0	0.0	0.0	0.0	0.0	0.0	0.0	0.0	0.0	0.0	0.0	0.0	0.0	0.0	0.0	0.0	0.0	0.0	0.0	0.0	0.0	0.0	0.0	0.0	0.0	0.0	1.0	0.0	0.0	0.0	0.0	0.0	0.0	0.0	0.0	0.0	0.0	0.0
526.8097744606788	2.751558576981438	277528.53846731124	7.571074602560116	792.8130399915907	10.45999680903924	628552.5163807076	109.41153324511107	584.1036703653843	1.111496545677937	1.235424571053987	341177.0977343136	607.9066626439329	444.8663557774978	2.267244	76.89047999999998	3.818420121182479	1.7820138842995403	0.058078982	-0.1501421832	0.1805789115	0.0298571008	-0.1242505802	-0.0023870119	0.1234408475	-0.0164178808	0.0285274646	-0.1379099784	-0.058325599	0.0546509326	0.0545093344	-0.1074561408	-0.0584307417	0.024406021	0.4070076094	-0.2499317861	0.1296508878	0.1236998621	0.0147682338	-0.1005257357	0.0023250488	-0.1845303934	-0.1308536836	0.1353863548	-0.0741922368	-0.1296521221	0.0732988464	-0.0241846553	-0.0479239162	-0.059232958	-0.0202648783	0.0161102584	0.1562793084	0.0621427101	0.0342945207	0.1071246969	-0.1312953215	8.60294e-05	0.0382742874	0.051442048	0.0648727431	-0.0964603988	-0.0807208978	0.097681843	0.0084380136	0.0819454585	-0.0867828555	0.0143631601	0.0203242071	-0.0066093396	0.037144425	-0.0566496809	0.1029734902	-0.0376359703	0.0530329817	0.0395932675	-0.0508280763	0.2026775601	0.094823244	0.2683630626	-0.0331884949	-0.1975449818	0.1493621527	-0.2800053481	0.1172728765	-0.0077348856	0.2657697834	0.2952991582	0.086063104	0.081111526	-0.1477970035	-0.0524884553	0.003018784	-0.010468782	-0.051590954	0.1029850885	0.0908087176	-0.1475035213	-0.0359265096	0.0420200225	-0.0601567628	-0.0883933625	0.0572803342	0.1254571167	-0.0129927184	0.0887000304	0.1073916465	-0.0569524489	-0.0512215912	0.0777991715	0.0982932201	0.2284939994	-0.5409528234	-0.1738555116	-0.1806013767	0.5392667798	-0.0590353257	0.2626445809	0.2690097138	-0.1442609019	0.1354565825	-0.0048777342	-0.0848720222	-0.0540034134	0.1391226989	0.0103325909	0.0035689981	-0.0020633869	0.0535988266	0.0039885036	0.0804422909	-0.0635502529	-0.0431156454	-0.0935755227	0.0798713069	-0.0584978657	0.0	0.0	0.0	1.5134443862928606	0.96456068442221	0.9303773139330423	2.2905139104013736	1.7946558082817743	0.3148024587143534	3.220789470199509	0.0991005880126021	0.9998147726477526	0.4432521299583953	0.9996295796046774	0.1964724507126542	-0.0072626482023682	-0.0023098535021849	5.335423201555849e-06	5.2746058911362055e-05	-0.027377055576863	-0.0136802543052229	0.0001871493578555	0.0007495031720586	0.0326449765923434	0.0259259891543425	0.0010656944967146	0.000672156913631	0.0	0.0	0.0	0.0	0.0	0.0	0.0	0.0	0.0	0.0	0.0	0.0	0.0	0.0	0.0	0.0	0.0	0.0	0.0	0.0	0.0	0.0	0.0	0.0	0.0	0.0	0.0	0.0	1.0	0.0	0.0	0.0	0.0	0.0	0.0	0.0	0.0	0.0	0.0
524.1044967738675	-2.705277686811314	274685.5235385889	7.318527362759175	784.5949547081663	-8.218085283424443	615589.2429535094	67.53692572563742	583.8458760419983	-0.2577943233860651	0.0664579131700791	340876.0069712484	608.2417029083753	442.2043426752565	2.539153	86.1119	3.538350036906291	1.8447903508295205	-0.0138116177	-0.0348538803	0.066684323	-0.0692693326	-0.0145172381	0.0182710977	0.0974049256	-0.1702857722	0.0803761306	0.0785094898	-0.0649877796	0.0135538829	0.097424856	-0.0932534214	-0.0278761953	0.0180388401	-0.0639456592	0.068294213	-0.0855873228	-0.0472771255	0.0639988139	0.0320699453	0.0229020176	-0.0462060157	0.1300322464	-0.1559853194	0.0062488312	-0.0620425368	-0.1012605436	-0.0290848138	0.071013872	-0.0690781493	0.0138823467	0.006312111	0.1015312867	-0.106215072	-0.1242076256	0.0022666739	-0.0860086376	0.0046692472	-0.0763745948	-0.0253984973	0.0757061939	0.0455388228	0.0060876293	0.0276239983	-0.1285247118	-0.0215323913	-0.0151454794	0.1291203814	0.0701372638	-0.0639776808	0.0221313769	-0.0498016695	0.0731898352	-0.0644375745	0.1191300068	0.0223262137	-0.0544135318	-0.0345044145	0.0196331409	-0.0828370624	0.1166060945	0.0244227491	-0.0310522648	0.1915744967	0.0235126664	0.0297772315	-0.0991697935	-0.1814796152	0.0584846801	-0.1206421984	-0.1112428758	-0.1774978445	0.0565948053	0.1767923422	-0.133385574	0.0368702588	-0.069673966	-0.2048414036	0.225696802	0.0036710696	-0.0585293977	-0.1683676006	-0.0336159324	-0.0467778728	-0.0149757625	-0.0372108583	0.0717131164	-0.0173466596	0.0746512181	-0.010943362	0.0274125833	0.0403486414	-0.0327760008	0.0534870607	0.2040407465	0.2131876005	0.3722097743	-0.6029442597	0.1648214941	0.0159380951	-0.1035782098	-0.0062545967	-0.0763317105	0.2026267906	0.0973860565	0.0851172446	0.1096225509	0.0860280583	0.0568490282	-0.1716914079	0.0578796634	-0.0088573661	-0.0439870007	-0.0940214101	0.0815732739	-0.0620325607	0.0	0.0	0.0	0.6543005235396606	-0.8591438627532	0.7381281769064894	0.428109175104274	1.6828000235201586	-0.1118557847616157	2.831815919159446	0.0125117165846369	0.6478896457404772	-0.3519251269072754	0.4197609930577211	0.1238512949487019	-0.0082109128687116	-0.0009482646663433	8.99205877435359e-07	6.741909013757376e-05	-0.0138283608156535	0.0135486947612095	0.0001835671297324	0.0001912235628479	0.0028334307702123	-0.0298115458221311	8.028329929585866e-06	0.000888728264305	0.0	0.0	0.0	0.0	0.0	0.0	0.0	0.0	0.0	0.0	0.0	0.0	0.0	0.0	0.0	0.0	0.0	0.0	0.0	0.0	0.0	0.0	0.0	0.0	0.0	0.0	0.0	0.0	0.0	1.0	0.0	0.0	0.0	0.0	0.0	0.0	0.0	0.0	0.0
521.366106544237	-2.738390229630454	271822.6170530967	7.498781049735531	782.3979607520745	-2.1969939560917737	612146.5689890047	4.826782443103783	582.8082576261419	-1.0376184158564	1.0766519769243452	339665.4651572194	605.467707055514	429.2547679885955	1.846123	62.608753	0.5749469534732862	0.3969059978855895	0.0061084293	-0.0497894379	0.0592464071	0.1079073127	-0.0045736632	-0.0039341353	0.0549154118	-0.0528983162	-0.0444064102	-0.017144563	-0.0230722408	0.0053283697	0.0829759792	-0.0681494033	0.0428161541	-0.0184363476	0.1275294009	0.0301862176	-0.0585476399	-0.0185868943	0.1310307455	-0.0994088498	0.0200994005	0.0111015487	0.0014398236	-0.0145785174	0.0865277775	-0.0097809325	-0.0079201365	-0.0190861493	-0.0084259797	-0.0040616216	0.0699246885	0.0404626038	0.0537644093	-0.0015032357	-0.0332240189	-0.0859849134	-0.0129527626	0.0798370479	0.0396987904	0.1003916677	-0.1454178507	-0.1767403928	-0.0414304814	0.0873176784	0.0925213347	-0.0307067553	0.0737935823	0.0409074626	0.0748638305	0.1364153189	0.0734529874	-0.0197052993	0.0020062767	-0.0493230751	0.0471206787	-0.0225170203	0.0636606209	0.0558346251	-0.0131566161	0.0332540101	-0.0416906163	-0.0834636953	0.0534954612	0.043597966	0.2186257582	-0.127665532	-0.0531042608	-0.0159947865	0.1301952842	-0.0414039008	-0.0983749406	0.1043618236	-0.0266836134	-0.0445375088	0.0319048491	0.0311376694	0.0464870179	-0.0102737141	0.0123942601	-0.0749400843	-0.0614820368	0.0558928545	0.0384455101	-0.1430680129	-0.0581744487	0.1103467861	0.0239765298	-0.0702107189	-0.0407785397	0.0024433591	0.0823087634	0.0347266337	-0.0186755716	0.0461937018	0.1996787658	0.0277112863	-0.0646987346	0.2422017447	-0.0943441469	0.0168774577	-0.1113583684	0.1185331015	0.0727416684	0.0641176571	-0.1429970789	0.2778750577	0.2428923427	0.131821982	-0.1329689447	-0.1472528488	0.0717126127	0.1606217151	-0.0605717154	-0.0944456416	0.0832000901	-0.0654386837	0.0	0.0	0.0	0.6561610005529559	0.0018604770132952	3.4613747170001284e-06	0.4305472586466562	1.6404302191093905	-0.0423698044107681	2.691011303767283	0.0017952003258067	0.69003973927083	0.0421500935303527	0.476154841772955	0.0017766303846174	-0.0091667433401679	-0.0009558304714563	9.13611890164374e-07	8.402918346451256e-05	-0.0126313819599779	0.0011969788556755	1.4327583809344674e-06	0.0001595518102188	0.0104519530134578	0.0076185222432455	0.0001092433217955	5.804188117082646e-05	0.0	0.0	0.0	0.0	0.0	0.0	0.0	0.0	0.0	0.0	0.0	0.0	0.0	0.0	0.0	0.0	0.0	0.0	0.0	0.0	0.0	0.0	0.0	0.0	0.0	0.0	0.0	0.0	0.0	0.0	1.0	0.0	0.0	0.0	0.0	0.0	0.0	0.0	0.0
522.5668998428091	1.20079329857208	273076.1648113245	1.4419045458956163	812.9091007165741	30.511139964499648	660821.2060278293	930.9296619332875	583.6594083780031	0.8511507518612689	0.7244576023940033	340658.3049881607	611.7310119378762	414.6577987450492	1.85484	62.904358	2.6631490439218592	1.2046652685214752	0.1171515523	-0.0845751123	-0.2327765322	0.1715980429	-0.1797923963	0.2596187623	0.0165965447	-0.0246849779	0.0052220994	0.2018767985	0.0167361179	0.163287942	0.2105633391	0.0260652684	-0.0538097767	0.0514069992	0.1104330369	-0.0981050899	0.1946242555	0.03453158	0.0726836213	-0.0115075195	-0.0984337091	0.1047528419	0.0756195303	0.0279153661	0.0583524799	-0.0601870328	-0.0510947973	0.0997544102	-0.1171997239	0.0433607996	0.041356809	-0.0573362956	-0.1438885491	0.0200499057	0.1056993088	0.178735603	-0.003302295	-0.062491275	0.068087557	0.0419945849	-0.0812083189	-0.0243565644	0.0357785058	-0.0368805885	0.0386372016	-0.1227856051	-0.0102904974	-0.0475821999	-0.0741026991	-0.0924930934	-0.1161479053	0.0907600981	0.2325717427	-0.2431863115	0.1510113327	0.0132859385	0.1153793031	-0.1471539872	0.1920535916	0.0052269968	-0.1291192858	-0.0274034597	0.0128174138	-0.2215448261	0.0317459806	-0.0906287647	-0.0388838977	-0.0139931972	-0.2474238575	0.054812	0.0099330172	0.1533030421	0.0334796048	0.1260844337	-0.0736470997	-0.0618873077	0.1186657618	0.0080301781	0.0211435553	0.0090766038	0.0330685966	0.0515429558	0.0306991951	-0.1068280352	-0.0968729876	0.0377974396	-0.027283684	-0.0647890296	0.1334789101	0.1099797224	0.18815251	-0.0721992782	-0.1215417265	-0.025170379	-0.3166934987	-0.0638602283	0.0082082669	-0.195534592	-0.1480966122	-0.2599230057	-0.043726187	0.0220937605	-0.0486586538	-0.030628206	-0.1698812292	0.1428227338	0.1555048573	-0.0531280874	0.1728295695	0.0759398977	-0.0654980815	-0.185167448	0.0089820191	-0.0948481194	0.0847502568	-0.068709175	0.0	0.0	0.0	1.109816804401163	0.453655803848207	0.2058035883651628	1.231693339331209	1.123812566822835	-0.5166176522865555	1.2629546853489289	0.2668937986540724	0.0996650888007479	-0.5903746504700821	0.0099331299256609	0.3485422279176716	0.0035043447153174	0.0126710880554853	0.0001605564725098	1.2280431883772988e-05	-0.0081521724478415	0.0044792095121364	2.006331785361321e-05	6.645791561934607e-05	0.0153516741921764	0.0048997211787186	0.0002356739005027	2.4007267629183587e-05	0.0	0.0	0.0	0.0	0.0	0.0	0.0	0.0	0.0	0.0	0.0	0.0	0.0	0.0	0.0	0.0	0.0	0.0	0.0	0.0	0.0	0.0	0.0	0.0	0.0	0.0	0.0	0.0	0.0	0.0	0.0	1.0	0.0	0.0	0.0	0.0	0.0	0.0	0.0
521.2693310608093	-1.2975687819997574	271721.71550458367	1.683684744020334	780.199959247433	-32.70914146914117	608711.976409696	1069.8879356482907	580.7592387901952	-2.900169587807909	8.410983638045897	337281.29344016704	604.6842075723116	435.64119423360046	1.512256	51.286087	1.119158677143817	0.5089026977645263	0.0607955111	-0.1169242671	-0.0509938018	-0.0929028432	0.0596300993	0.0831439868	-0.0339503503	-0.0313475912	0.1176381546	0.1496024591	0.0523765665	0.0117023123	0.2037441259	0.0519128672	0.0533718825	0.0359170414	0.0323678831	0.0205851239	0.02573306	0.1021677123	-0.0128636697	0.0387446071	-0.0141036054	0.0980009925	-0.0113454638	-0.0970402819	-0.073459561	0.1381827848	0.0583274964	-0.0341234001	0.0034565259	-0.0118880455	0.0526772535	-0.0049179434	-0.0227659599	-0.053020681	0.0335959998	0.0928617278	0.0460710525	-0.0488925761	-0.0664688565	0.0239933921	0.1033517279	0.0629883421	0.0658470122	-0.0173031626	-0.0566530369	0.0924814294	0.0662021854	-0.0250679909	-0.0286608108	0.0335331115	0.0152155243	0.0580796857	0.0117754985	-0.1274712075	0.0971965494	-0.1776629163	-0.0957527317	-0.1239270301	0.0146875998	0.03911849	0.0357581534	0.110438428	0.0512803866	-0.1293525341	-0.076359746	0.0774860689	-0.09666077	0.013673426	-0.0107739018	-0.0654278955	0.0998734135	-0.0655628041	-0.0096531642	0.075640661	0.0880918341	0.1286552806	-0.0710792753	0.0246190791	0.0512162027	-0.0102969706	-0.0924595452	-0.112962817	-0.0647742873	0.0732234462	0.0288524172	-0.0363347525	0.050058436	0.0279623228	0.0581941177	0.0462011498	0.1711848792	-0.0918805905	-0.0949264957	0.0109466773	-0.0667552618	-0.1609846674	-0.0604811716	-0.0308318491	-0.0221968018	0.0614258141	-0.0853987803	-0.0132990554	0.0237983345	0.0597348408	0.02247389	-0.0480738803	0.0119114883	-0.1242451932	0.0632159613	-0.0170276411	0.0358599934	0.0283953672	-0.0682783652	-0.0952287508	0.0862223459	-0.0718372561	0.0	0.0	0.0	0.9348701630504904	-0.1749466413506725	0.0306063273198808	0.8739822217620505	1.37918672819751	0.2553741613746751	1.9021560312361523	0.0652159622978186	0.3332401982328719	0.2335751094321239	0.1110490297182837	0.0545573317462286	-0.0015123376907658	-0.0050166824060832	2.516710236350472e-05	2.2871652909108323e-06	-0.0108132443712221	-0.0026610719233806	7.081303781404528e-06	0.0001169262538317	0.0139241732219133	-0.0014275009702631	0.0001938825999138	2.037759020102094e-06	0.0	0.0	0.0	0.0	0.0	0.0	0.0	0.0	0.0	0.0	0.0	0.0	0.0	0.0	0.0	0.0	0.0	0.0	0.0	0.0	0.0	0.0	0.0	0.0	0.0	0.0	0.0	0.0	0.0	0.0	0.0	0.0	1.0	0.0	0.0	0.0	0.0	0.0	0.0
519.8450013474594	-1.4243297133499482	270238.82542594004	2.0287151323315458	774.3943230701469	-5.805636177286033	599686.5676032711	33.70541142301238	581.4089530059911	0.6497142157958251	0.422128562207184	338036.3706355227	603.3279908289675	425.7198793755374	0.958885	32.519291	0.249068710299148	0.1481684178932191	0.0443069129	-0.0973636163	-0.1049840915	-0.025992951	0.0576832737	0.0185925272	0.0052058229	0.0506582295	-0.1004809019	0.0607993553	0.0237098681	0.0235712302	0.1915759644	0.0126113573	0.0713241951	-0.0008287475	0.067429123	-0.0522833895	0.0002607337	0.0401200201	-0.08450051	0.0252571956	-0.0125092588	0.0113279837	-0.0372564624	-0.0374162841	0.04847773	0.0100009802	0.0073973675	-0.0476207828	-0.0072154143	0.0213025802	0.0037596592	0.0348140372	-0.0750362363	-0.0250978953	0.0216299671	-0.0303214904	0.0174879053	-0.0074673625	-0.0201756181	-0.0451739434	0.0072597395	-0.0078497004	0.0002311745	-0.0343504444	0.0214382851	-0.0151054507	-0.0590736349	-0.0468581185	0.1266346346	-0.0069050355	0.0412715682	0.0232851591	-0.0304643265	-0.1637587383	0.0212642155	-0.0903759045	0.0792610168	0.1037450113	0.0369452021	0.1255103162	0.0461474914	-0.0355752361	0.0174017182	-0.0492282687	-0.0210938432	0.0539745677	0.0234211648	-0.0656073917	-0.0633652272	0.0522455914	0.0618916558	0.0449724521	0.0158386562	-0.0326675917	0.0053850918	0.0091393816	-0.054217598	0.01488463	0.0081886943	-0.0059827794	-0.0086090888	0.0505382668	-0.0658197911	-0.0247471641	-0.0410095875	-0.0490814686	-0.0313839959	0.0521124909	-0.030566389	0.0497574118	0.1677417545	-0.0718580771	-0.0872048912	0.0214164404	-0.1149216929	-0.1059923527	0.0574813593	-0.0299813851	-0.0239808573	-0.0192742774	-0.0377756335	0.0310156815	-0.0218225602	-0.0822615052	-0.0195425302	-0.0225453791	0.0103297769	-0.0720937337	-0.0747185622	0.0469329089	-0.0278665562	0.0087160633	0.0924645033	-0.0955874482	0.0876150011	-0.0748164435	0.0	0.0	0.0	0.9227569675998524	-0.012113195450638	0.0001467295040253	0.851480421254075	1.5106228438487506	0.1314361156512404	2.281981376357687	0.0172754524974862	0.3032994678761724	-0.0299407303566994	0.0919905672139693	0.0008964473342925	-0.0002152608423349	0.0012970768484308	1.6824083507354355e-06	4.633723024273067e-08	-0.0110172383800055	-0.0002039940087834	4.161355561952192e-08	0.0001213795415218	0.0139346757415104	1.0502519597100496e-05	0.000194175188021	1.1030291788747995e-10	0.0	0.0	0.0	0.0	0.0	0.0	0.0	0.0	0.0	0.0	0.0	0.0	0.0	0.0	0.0	0.0	0.0	0.0	0.0	0.0	0.0	0.0	0.0	0.0	0.0	0.0	0.0	0.0	0.0	0.0	0.0	0.0	0.0	0.0	0.0	0.0	0.0	0.0	0.0
520.5823613494266	0.737360001967204	271005.994948145	0.543699772501075	778.1930787158989	3.798755645751953	605584.4677613291	14.430544456132338	582.3117951300451	0.9028421240540184	0.8151239009663714	339087.0267475756	604.7395809361192	431.28463952506985	0.73195	24.82308	0.3153683037397147	0.1402396207278629	0.0556196443	-0.1085072044	-0.0666895926	-0.0690640783	0.0619297009	0.0604171108	-0.0324543873	-0.0258522619	0.01008861	0.0814711325	0.0012191587	0.0248216469	0.1634021341	0.0195071023	-0.0053515291	0.0293689874	0.0619222918	-0.0094065812	0.0558200889	0.0302020868	-0.0420430331	-0.0118932839	-0.0454854515	0.0283299975	-0.003809643	-0.1070510145	-0.0630255636	0.0845916175	-0.0147919232	0.0185271246	0.0657061679	0.0916994398	0.0159956275	-0.0629250266	-0.0575980794	-0.0608038132	-0.0292389606	-0.0195789006	0.0823891677	-0.0645421919	-0.0519249978	-0.0419338663	0.0420734058	0.027352402	0.0283461917	-0.0381786522	-0.0971758303	0.0781283369	0.0700570175	0.0601640612	-0.1030710813	0.0706026377	0.0089003309	0.0249716666	0.0022007357	-0.1330200474	0.0458342471	-0.0976366396	-0.0489787229	-0.0362753628	-8.4961e-06	0.0343819219	-0.0032621858	0.0471049733	0.0895364121	-0.0329079697	-0.0094176059	0.12308817	-0.0370050714	-0.0124827487	0.0450740918	-0.0175308098	0.0511939862	0.0559119177	-0.0028992488	0.0458243697	0.0381526299	-0.0157602637	-0.1339669771	0.1019739201	0.0587277865	-0.0024941832	0.0562801338	-0.0791751013	0.0284329133	0.0313844163	-0.0107988623	0.0480690302	-0.0362607308	0.0264994605	0.003385659	0.0479485149	0.1608380401	-0.0840289156	-0.0647301064	0.0329645728	-0.0551096436	-0.1307437247	-0.0422608554	-0.0128644545	-0.0466221145	0.049409518	-0.0551895863	0.0076115401	-0.0170110912	0.0321859294	0.0169190715	-0.0366246259	0.0458944659	-0.0739938713	0.0172555672	0.013208245	-0.0079795738	-0.0234814369	0.0398117659	-0.0959241289	0.0889269395	-0.0776405624	0.0	0.0	0.0	0.8916419895505499	-0.0311149780493025	0.0009681418590085	0.7950254375296628	1.4231339909656953	-0.0874888528830553	2.025310356241948	0.0076542993787928	0.2533338323022605	-0.0499656355739119	0.0641780305889498	0.0024965647383049	-0.0017839569902676	-0.0015686961479327	2.4608076045388915e-06	3.182502543124634e-06	-0.0112230865013751	-0.0002058481213695	4.237344907139354e-08	0.0001259576706173	0.0127732432661438	-0.0011614324753666	0.000163155743536	1.3489253948361896e-06	0.0	0.0	0.0	0.0	0.0	0.0	0.0	0.0	0.0	0.0	0.0	0.0	0.0	0.0	0.0	0.0	0.0	0.0	0.0	0.0	0.0	0.0	0.0	0.0	0.0	0.0	0.0	0.0	0.0	0.0	0.0	0.0	0.0	0.0	0.0	0.0	0.0	0.0	0.0
520.8091082301922	0.2267468807656314	271242.1272155281	0.0514141479369434	781.4796157078437	3.2865369919447858	610710.389766879	10.80132539942148	582.4796822287819	0.1678870987368554	0.0281860779222786	339282.5802093428	605.0425944406478	428.0541491645942	0.681137	23.099833	0.151341505595821	0.074427429518921	0.0446259676	-0.0994962284	-0.0826244557	-0.048652979	0.0197286894	0.0466862767	0.0095195079	-0.0209323103	-0.0360705228	0.033844555	-0.0051455708	0.0475971358	0.152411847	-0.0835888381	-0.0640764271	0.0581638201	0.0383024156	-0.0277784113	0.0228784347	0.0116183106	-0.0536482581	0.0177864297	-0.0093453523	0.0350813221	-0.0524384309	-0.0246096918	0.0187419593	-0.019698075	0.0010182858	0.0187829553	0.0722178755	-0.0023096404	-0.0338751977	0.0317112183	-0.0654466522	0.0568660618	-0.0467423554	0.0458045807	0.019351156	-0.0310668252	-0.0829589444	-0.1347734787	0.0722941727	-0.0094972875	0.0466320967	-0.0156927077	0.0154920101	0.0018641527	-0.0074117681	0.0105379864	0.0252259641	-0.0563235395	-0.0538436371	0.0139179387	0.0146015819	-0.1479264468	0.0480158989	-0.0321115006	0.0072133499	0.08767038	0.0052442678	-0.0065388268	0.0721881046	-0.0787788023	0.0763712772	-0.0022778908	-0.0251902282	0.0177630906	0.0831424993	-0.0408440283	-0.046054915	-0.0154514888	0.0040744856	0.024051347	0.0407969504	-0.0194691715	0.0509054862	-0.0458815216	-0.0430416196	0.0904426863	0.015523955	-0.02891811	0.0598691137	0.0573099574	-0.0201351075	0.0092855694	0.038120049	0.0014417269	-0.0416085106	0.0429007282	0.0383968413	0.0386006155	0.1603731523	-0.0718802115	-0.0712651511	0.018906465	-0.0578063581	-0.1052597255	0.0173530163	-0.0583028649	-0.02891257	0.0136850743	-0.0225863876	0.0376353827	-0.0305352705	-0.0500925569	0.0181494842	-0.0643162669	0.0335928838	-0.0493006093	-0.0382849472	-0.0112484568	-0.0100409264	-0.0188201637	0.0757458187	-0.0962387154	0.0901569523	-0.0803037594	0.0	0.0	0.0	0.8787737664103474	-0.0128682231402024	0.000165591166786	0.7722433325310278	1.46785136002822	0.0447173690625246	2.1545876151366947	0.001999643095874	0.3046970062103895	0.051363173908129	0.0928402655935741	0.0026381756339167	-0.0015071847392058	0.0002767722510618	7.660287895781609e-08	2.271605838094856e-06	-0.011136933466912	8.615303446309931e-05	7.422345347199978e-09	0.0001240312870464	0.0122883137619694	-0.0004849295041744	0.0001510026551126	2.351566240188298e-07	0.0	0.0	0.0	0.0	0.0	0.0	0.0	0.0	0.0	0.0	0.0	0.0	0.0	0.0	0.0	0.0	0.0	0.0	0.0	0.0	0.0	0.0	0.0	0.0	0.0	0.0	0.0	0.0	0.0	0.0	0.0	0.0	0.0	0.0	0.0	0.0	0.0	0.0	0.0
520.9261940716447	0.1170858414524218	271364.0996699688	0.0137090942686216	781.102272502163	-0.3773432056806314	610120.7601080433	0.1423878948733352	582.346811707117	-0.1328705216649268	0.0176545755275098	339127.8091054444	604.9633019244085	434.94968669883775	0.680649	23.083288	0.1459867172674193	0.0874338411031091	0.0529916391	-0.0971094224	-0.0267661868	-0.0412114386	0.0399265014	0.0716512137	0.0069983532	-0.0179212318	0.0181635906	0.0481108477	-0.0046357017	0.0426919752	0.1524773175	-0.0513043597	-0.0548425702	0.019627981	0.0377712215	-0.0147620834	0.0663997784	0.037269859	-0.0602126858	0.0659854048	0.0150697286	-0.0480352941	-0.0280397773	-0.0429626337	-0.0603737716	0.053213862	0.026591008	0.0349811526	0.0688859126	0.1161207745	-0.0124406406	0.0165417458	-0.0929203991	-0.0331072046	-0.0274360387	-0.0580119248	0.0275952412	0.0349845278	0.1253614143	-0.0239751093	0.0307495704	-0.0417689864	0.076663961	0.0349557483	-0.0156686081	-0.0488215501	0.05513506	-0.0202491084	-0.0686263462	0.0347705339	-0.0599589283	0.0265900457	0.0279382788	-0.137578711	0.0950573498	-0.0641835793	-0.0264148925	-0.0011389117	0.005884176	-0.0239553176	0.041936528	-0.0705815092	0.0806833997	0.0059059172	-0.086690055	0.1236495219	0.0576318283	0.0213496297	0.0237754832	0.0004494181	0.0109547923	0.0311102225	0.0323228324	0.0672053197	0.0758444834	0.0444311758	0.0038114359	-0.0131168072	-0.0002303893	0.058332502	0.1230319632	0.0041164254	0.0341064422	-0.0551460428	0.0887456631	0.1349177304	-0.1388496648	0.0487157357	0.0504366395	0.0422273035	0.1545318026	-0.0758283382	-0.0820426405	0.0524860333	-0.0220550773	-0.077355471	-0.0091576317	-0.0112594493	-0.0696509204	0.1099961832	-0.031144743	0.0386840754	-0.0706862783	-0.0004236072	0.0188467888	-0.0219406974	-0.0131946549	-0.0625370347	-0.0206690287	0.0164772163	0.0521130192	-0.0019252152	-0.0066123554	-0.0965311352	0.0913039066	-0.0828005146	0.0	0.0	0.0	0.8822555053771595	0.003481738966812	1.2122506233017311e-05	0.778374776768307	1.480163067138733	0.0123117071105129	2.190882705321541	0.000151578131975	0.3018343530492302	-0.0028626531611593	0.0911039766806473	8.194783121095339e-06	-0.002950393876964	-0.0014432091377582	2.082852615308767e-06	8.704824029226663e-06	-0.0114071329893485	-0.0002701995224364	7.300778192491216e-08	0.0001301226830366	0.0131215174623534	0.000833203700384	0.0001721742205148	6.942284063335908e-07	0.0	0.0	0.0	0.0	0.0	0.0	0.0	0.0	0.0	0.0	0.0	0.0	0.0	0.0	0.0	0.0	0.0	0.0	0.0	0.0	0.0	0.0	0.0	0.0	0.0	0.0	0.0	0.0	0.0	0.0	0.0	0.0	0.0	0.0	0.0	0.0	0.0	0.0	0.0
519.6862799976911	-1.2399140739535142	270073.82961783867	1.5373869107880005	781.855409053334	0.7531365511709964	611297.8806659563	0.5672146647097429	580.8822144415685	-1.4645972655484911	2.145045150252117	337424.1470545404	603.8618459857878	426.9522925371204	0.668934	22.685978	0.238520186085948	0.1268937281890464	0.053224907	-0.0935480724	-0.1134828722	0.0008972499	0.0352254609	0.0496487724	-0.062802064	0.0011086068	-0.0216241113	0.0892625271	0.0489956499	0.0067349049	0.1562647064	-0.0588278417	-0.0066910578	0.0114286105	0.0013686042	-0.0426780106	0.0945579691	-0.0527961436	-0.0448348315	0.0410600693	-0.0125412264	0.0214347899	0.0205897978	0.0613850508	-0.0910816979	0.0309594327	0.0179937875	0.0597333041	0.0341269251	-0.0919194235	0.0351261449	-0.0389399969	-0.0981821909	0.0144227309	-0.0104311832	-0.0574820303	0.0704360979	-0.013035968	0.0557800788	0.1070396869	0.0465150061	0.0126233522	0.0132366209	0.0034962723	0.0203733649	-0.0392858938	0.0419226294	0.0211951451	0.0507507738	0.0027445635	-0.0865050731	0.0555700937	-0.0029333895	-0.1102888873	0.0824991033	-0.0911925654	0.0452677075	0.02318613	0.0275454082	-0.0341377977	-0.0278418505	-0.0814271874	0.0621717929	-0.0159688686	-0.0233791275	0.0838083933	0.0862174899	-0.0278616124	-8.63985e-05	0.000386751	0.1154994285	-0.0366764853	-0.0347838119	-0.0036855375	0.0425021148	-0.088916343	-0.0035663047	0.0763658954	-0.0916993587	-0.00323593	0.068256245	0.0353131236	-0.0040839989	0.0363106686	0.0334278252	0.0325550717	0.0034119339	-0.0127243123	-0.0057700503	0.0484416433	0.1626405208	-0.0844834168	-0.0631888017	0.029831063	-0.0950213796	-0.1070707918	-0.0142008692	-0.041382557	-0.0299022634	-0.0224026118	-0.0384750365	0.0821732983	-0.0534896303	0.0395464233	0.0067642069	0.033542532	-0.0424741143	-0.0678742589	-0.0846348159	0.0400632615	-0.004972841	-0.0539098768	0.0727236134	-0.096801321	0.0923667455	-0.0851256531	0.0	0.0	0.0	0.892802664621172	0.0105471592440125	0.0001112425681185	0.7970965979546649	1.4176962278619811	-0.0624668392767517	2.0098625944940904	0.0039021060092275	0.2637506867898764	-0.0380836662593537	0.0695644247821314	0.0014503656357538	-0.0010960853388963	0.0018543085380677	3.438460154350771e-06	1.2014030701434168e-06	-0.0109032459194919	0.0005038870698565	2.539021791686695e-07	0.0001188807715809	0.0129312626441611	-0.0001902548181922	0.0001672175535722	3.6196895845384925e-08	0.0	0.0	0.0	0.0	0.0	0.0	0.0	0.0	0.0	0.0	0.0	0.0	0.0	0.0	0.0	0.0	0.0	0.0	0.0	0.0	0.0	0.0	0.0	0.0	0.0	0.0	0.0	0.0	0.0	0.0	0.0	0.0	0.0	0.0	0.0	0.0	0.0	0.0	0.0
520.955129856527	1.2688498588358923	271394.24732383096	1.6099799642678645	780.4280352676124	-1.4273737857216702	609067.9182316656	2.0373959241654123	581.2322284853944	0.3500140438259222	0.1225098308753746	337830.9034300978	603.4105684249128	434.8733013752204	0.703858	23.870384	0.2176596347298534	0.1193991254056771	0.0533836076	-0.1086734383	-0.0447260267	-0.0108496964	0.0366940422	0.0293651286	-0.0895611778	0.0022363805	-0.0108635774	0.0756062919	0.028919181	-0.0011013602	0.1738930177	0.0122408302	0.0244671556	0.01405766	0.0176993145	-0.0470520031	0.0325506272	0.0185858186	-0.0903430272	0.0693756269	-0.0771636107	-0.0363381683	-0.0710592787	-0.0559396221	-0.0517499506	0.0543812666	0.0220271312	0.0091968006	-0.0583135432	-0.0043066115	-0.0352772506	-0.03452752	-0.0018164157	0.0211519697	0.0360990134	-0.0603285341	0.0115493856	-0.0026477396	-0.0509260553	0.0038527222	-0.0637439644	0.0371674742	-0.0819940535	0.0239331211	0.0020013294	0.0165029671	-0.0008842499	0.1179546895	-0.0740075166	0.0663245605	0.0557012622	0.0367964185	-0.0250467733	-0.1299167073	0.058437131	-0.1209293661	-0.0438505671	-0.0149281778	-0.0056285638	0.0782686075	-0.072807463	0.0274280352	-0.0049054877	-0.0388623444	-0.0417342807	0.1486680954	0.0479880587	0.0014939821	-0.0249552384	-0.0417826512	-0.0046885553	-0.0064976779	-0.0174470607	-0.0322736613	0.0287231301	-0.0007316258	-0.0274065238	0.0928332093	0.0211048772	0.0081254869	0.0521987806	0.043032759	0.0961075	-0.0378038858	-0.0814860836	-0.0300061968	-0.018449187	0.0639980157	-0.0112334489	0.0403495217	0.1525899683	-0.0739988471	-0.065667753	0.0320546719	-0.0417017701	-0.1330849077	-0.0149110034	-0.0011357735	-0.0209695929	0.0276674491	-0.0361045465	-0.0253703732	0.0284299421	0.0110181323	0.0207705555	0.01013352	-0.0434214728	-0.0594516228	-0.0375742855	0.0264766246	0.031492513	0.0436486108	-0.0363840812	-0.0970492106	0.0933444899	-0.0872743556	0.0	0.0	0.0	0.8775656761140453	-0.0152369885071266	0.0002321658187663	0.7701215158935015	1.506071949117981	0.0883757212559999	2.2682527159200343	0.0078102681075181	0.3069749927195033	0.0432243059296268	0.0942336461551391	0.0018683406230979	-0.0022362819274896	-0.0011401965885933	1.300048260639799e-06	5.0009568592166e-06	-0.0111045908800522	-0.0002013449605603	4.053979314302899e-08	0.0001233119386133	0.0128563518125727	-7.491083158839978e-05	0.0001652857819286	5.611632689265595e-09	0.0	0.0	0.0	0.0	0.0	0.0	0.0	0.0	0.0	0.0	0.0	0.0	0.0	0.0	0.0	0.0	0.0	0.0	0.0	0.0	0.0	0.0	0.0	0.0	0.0	0.0	0.0	0.0	0.0	0.0	0.0	0.0	0.0	0.0	0.0	0.0	0.0	0.0	0.0
521.0539596491178	0.0988297925907772	271497.22886602447	0.009767327903536	784.6853599325258	4.257324664913426	615731.1140924376	18.124813302480216	582.1225060729024	0.8902775875079669	0.7925941828190057	338866.6120765963	604.2585857578965	426.01865122474686	0.738786	25.054924	0.4330735696896096	0.1835213746124257	0.0179642583	-0.0906638372	-0.089282153	0.0003640483	-0.0112679767	-0.0471936482	-0.1681467711	0.0579680213	-0.0028052309	0.1111764593	-0.0087308945	-0.0213892839	0.1172581387	0.0601821282	0.0434957429	-0.0250693283	-0.0097869674	-0.0132024727	-0.027522303	-0.0237322275	-0.0415642747	0.0417423811	-0.0065029352	0.0058557959	-0.0401179817	-0.0400501284	0.043890599	0.0047872376	0.0734199163	0.0052489403	-0.0005252169	0.0079557651	0.0340022412	-0.0545908162	-0.0363621695	-0.0538183118	0.044471849	0.0801454164	-0.0387528055	0.01422943	-0.0158525232	0.0592228426	-0.0488333616	0.0630041684	0.0928089202	0.0123517638	0.0110406327	-0.0221898067	0.0475546992	-0.0707800884	-0.1170006402	0.0420240239	-0.1495828123	-0.0220498526	-0.0544549591	-0.0909602219	-0.0288074696	-0.1331247906	0.0198723588	0.0474813979	0.0349378564	0.0356599466	-0.0496618418	0.0324226234	-0.0434258067	-0.0585079161	-0.0500997115	0.0030423202	0.036508572	-0.0328897379	-0.1048924925	-0.0805906327	0.064990328	0.0362224101	0.0087595563	-0.0128747268	-0.0167881571	-0.0029539115	-0.0608491224	0.0040441933	-0.0895285293	0.0055180995	-0.0186469073	0.0327298188	-0.0730227939	0.0854506218	0.0075865526	-0.0516190443	-0.0013743711	-0.034537503	0.0878461781	0.0184093767	0.1360893537	-0.0540335042	-0.0040812324	0.0082475981	-0.0422302229	-0.1099056287	-0.0065060979	0.0046433137	0.0206946869	-0.0141943115	0.0254338917	0.0098572411	0.0406894122	-0.0840024872	0.001893184	-0.0305050872	-0.0554837116	-0.0041662184	-0.0267317833	0.0345915063	-0.0594792157	0.0547139967	0.0033086754	-0.0972747467	0.0942362391	-0.0892421688	0.0	0.0	0.0	0.7731034279744193	-0.104462248139626	0.0109123612863847	0.5976889103457982	1.5670611941971089	0.0609892450791278	2.455680786358469	0.0037196880153219	0.394859503045069	0.0878845103255657	0.1559140271449988	0.0077236871551644	-0.0012688144935807	0.0009674674339089	9.359932356742716e-07	1.6098902191204483e-06	-0.0101540787012057	0.0009505121788465	9.03473402135522e-07	0.0001031053142702	0.0111795801024223	-0.0016767717101504	0.0001249830112664	2.8115633679607e-06	0.0	0.0	0.0	0.0	0.0	0.0	0.0	0.0	0.0	0.0	0.0	0.0	0.0	0.0	0.0	0.0	0.0	0.0	0.0	0.0	0.0	0.0	0.0	0.0	0.0	0.0	0.0	0.0	0.0	0.0	0.0	0.0	0.0	0.0	0.0	0.0	0.0	0.0	0.0
524.71207858975	3.658118940632221	275322.765417976	13.381834183812202	788.8491358617594	4.163775929233566	622282.9591498445	17.337029988864845	582.7840579998531	0.6615519269506649	0.4376509520521378	339637.2582587761	605.1009869184651	436.1515640880668	0.790172	26.797594	0.5538034342181753	0.2847646025606009	-0.0265203017	-0.0922792744	-0.0008057795	-0.0621315405	-0.0646371571	-0.0688779175	-0.165661311	0.0210095509	-0.0148060334	0.0674340937	-0.0435863316	-0.0322652066	0.104459948	0.0518161256	0.0619595007	-0.0668646621	0.0714042883	-0.0062576102	0.0003465264	-0.057077756	0.0171758479	0.0159771174	0.0505026762	-0.0335000207	0.0374361382	-0.0639945813	-0.0085319862	0.0306576289	-0.0283065028	0.0019749855	0.0011274516	-0.085336456	0.0297956963	-0.1178111255	0.0339955777	0.0378459528	-0.0341892366	-0.0657136492	0.0238593976	0.1363687955	-0.084676907	-0.069254126	-0.0593413094	0.0253366748	0.0215758435	0.0052377433	-0.0053878089	0.1081006177	-0.0634598687	-0.0654346672	-0.0344706511	-0.0600696268	0.0234430613	-0.0539600195	-0.0551393726	-0.0649104187	-0.0679469033	-0.1289162478	0.0468779774	0.0487042477	0.0488423553	0.0657425489	-0.0262225486	0.0095094866	0.0202122448	-0.0452728297	0.007575683	-0.0922082693	0.0246052268	-0.0075333989	0.0424089734	-0.1240175355	-0.0009350191	-0.1220781053	-0.0189415571	0.0737396401	-0.0223645242	-0.0054444133	-0.0159332767	0.0554385784	0.0349703239	-0.0162500201	-0.035394053	0.0317484844	-0.0751278382	-0.0365443703	0.0716865096	-0.1816494822	-0.0321647433	-0.022994624	-0.1027003553	-0.0181827028	0.0968698499	-0.0209593148	-0.0183506495	0.0022261302	0.0793952174	-0.0348389698	0.0198154816	0.0341355742	0.0683740784	0.0744938375	-0.0113680581	-0.0401788462	0.0547564501	-0.0240207576	-0.0293046416	-0.0447098208	-0.0870227015	0.0083485323	0.0024392982	-0.022725024	-0.0646582235	0.1081456645	-0.0664483854	-0.0974778776	0.0950411715	-0.0910250139	0.0	0.0	0.0	0.7422855231568519	-0.0308179048175674	0.0009497432573446	0.5509877978882414	1.6678729659872005	0.1008117717900916	2.781800230670941	0.0101630133314575	0.5848668259710053	0.1900073229259362	0.3420692041213981	0.036102782765481	-0.0044443803376564	-0.0031755658440757	1.0084218430060211e-05	1.9752516585746812e-05	-0.011055287363898	-0.0009012086626923	8.121770537116454e-07	0.0001222193786983	0.0117461342893459	0.0005665541869236	0.0001379716707433	3.2098364672066177e-07	0.0	0.0	0.0	0.0	0.0	0.0	0.0	0.0	0.0	0.0	0.0	0.0	0.0	0.0	0.0	0.0	0.0	0.0	0.0	0.0	0.0	0.0	0.0	0.0	0.0	0.0	0.0	0.0	0.0	0.0	0.0	0.0	0.0	1.0	0.0	0.0	0.0	0.0	0.0
524.3414402229005	-0.3706383668495618	274933.9459350255	0.1373727989809104	784.0095909074035	-4.839544954355802	614671.0386347943	23.421195365230695	584.1985936179804	1.4145356181272746	2.0009110149507108	341287.99678522616	605.7546816653893	434.1502195172471	0.699213	23.712862	0.2309489885272896	0.1194269336195828	-0.0164113044	-0.0850136995	-0.0158911364	0.0142730674	-0.0116882038	-0.0195430331	-0.0684557688	-0.0306601749	-0.048799705	0.057273451	-0.0671390502	0.0451625597	0.0574623609	0.0628061601	0.0674130442	-0.0266068358	-0.0007406525	-0.0040660938	0.0228744324	-0.0006980844	-0.0407754647	-0.0235833725	0.0838162464	-0.0748038439	0.0031877863	0.0122789697	0.0570141059	-0.0212465682	-0.0130080544	0.033820636	-0.0014190163	-0.0015213807	-0.054348621	-0.0063266596	0.0924313699	0.0067696571	0.0286868149	-0.0474125739	-0.0211873961	0.0204007196	-0.0940618945	0.0270294166	-0.0345535898	0.0594913572	0.0511690439	-0.0367523953	0.013275917	-0.0025251646	0.0043891861	-0.071908499	0.0200478473	0.0521985578	0.0857477058	-0.0466982919	-0.0162479547	-0.0931708101	-0.0707140573	-0.0285332974	0.0553578896	0.003783552	-0.014493343	0.0465960021	-0.0278134829	0.0092494539	-0.0644161828	-0.0154046659	0.0293794401	0.0157225495	0.0223726129	0.0220278052	0.0905548606	0.0109384033	-0.0265621886	-0.0244706086	0.0006754743	-0.0290620643	-0.0526137474	0.0336323166	0.0214743813	-0.0008173074	-0.0005002198	-0.0230680868	-0.0284121796	0.0603548513	-0.0707798086	-0.013621899	0.0298994802	-0.105599879	0.0114269264	0.0738388967	0.025685365	-0.0144724338	0.0846550934	-0.0308560753	0.0166676597	0.0339561379	0.0585894234	0.0120182205	0.0657545401	0.0422621303	0.015187302	0.0599435695	0.0031722096	-0.0374364076	0.0339131097	-0.0015745616	-0.0050521346	-0.0536231746	-0.0810557763	0.0175605313	-0.0809560886	0.060454832	-0.0483145355	0.079137515	0.0152063984	-0.0976585564	0.0957585456	-0.0926191957	0.0	0.0	0.0	0.6782482342153457	-0.0640372889415061	0.0041007743749779	0.4600206672162345	1.6592317921901412	-0.0086411737970593	2.753050140214508	7.46698845909844e-05	0.4909211293398812	-0.093945696631124	0.2410035552323443	0.0088257939155071	-0.0046593069986214	-0.000214926660965	4.619346959356424e-08	2.170914170740236e-05	-0.0106129740484666	0.0004423133154314	1.9564106900791826e-07	0.0001126352181534	0.0111168776825903	-0.0006292566067556	0.0001235849694096	3.959638771455725e-07	0.0	0.0	0.0	0.0	0.0	0.0	0.0	0.0	0.0	0.0	0.0	0.0	0.0	0.0	0.0	0.0	0.0	0.0	0.0	0.0	0.0	0.0	0.0	0.0	0.0	0.0	0.0	0.0	0.0	0.0	0.0	0.0	0.0	0.0	0.0	0.0	0.0	0.0	0.0
524.9550296344435	0.6135894115429892	275577.7831384994	0.3764919659576717	786.0788065146285	2.069215607224919	617919.8900514627	4.28165322918319	583.823183926669	-0.3754096913113471	0.1409324363304809	340849.5100902732	605.4309920639288	439.4325208607061	0.714066	24.21656	0.1791418847700872	0.0883994548676641	-0.0173729306	-0.1036905318	0.0149493405	-0.0357465625	-0.0290847948	-0.0480972134	-0.0986789623	-0.1222545228	-0.0226792392	0.0733510927	-0.0386300864	0.0333816253	0.0728380933	0.0629479267	0.0481612615	-0.0165014382	0.0233903649	0.0630651665	0.0290605039	-0.097767067	-0.0371917761	0.0012048606	-0.0927893864	-0.0687878558	-0.030075255	0.0908634336	-0.0141142642	-0.0170160687	-0.0178521445	-0.0376200542	-0.0266797678	0.0583341895	0.0436581543	-0.0271289206	0.0858507579	-0.0464973303	-0.0341414872	-0.0278181498	-0.0179326018	0.0725053209	0.0161601767	-0.0752304013	0.016867657	0.0050394957	-0.0815590629	-0.1062771584	-0.0228921335	0.0584614852	-0.029591561	-0.052360328	-0.0032236506	0.0030558306	-0.0114551468	-0.0448154395	-0.0309801646	-0.0615079203	-0.0693684338	-0.0981135812	-0.0332810994	-0.007563867	-0.0488406606	0.0182849771	-0.0271848271	-0.0623611265	-0.0387446833	0.0144880076	0.0091535633	0.0255041603	0.0063462675	0.0183533046	0.0300826105	-0.0008554845	0.0143828766	0.0087483755	-0.1446245987	0.0028593893	-0.0512172681	-0.0022163455	0.0149771608	-0.0283204199	0.0037893118	-0.0303277885	-0.0619637982	-0.0757361523	-0.0036999011	0.0225010157	0.0253340907	-0.0461457163	-0.027449464	-0.0713737357	-0.0856779335	-0.0197216217	0.0956157327	-0.0450623185	-0.0095641202	0.0040817039	0.069603014	-0.0564190064	-0.0100520313	0.059337168	0.0489203437	0.0539961125	-0.0054800773	-0.0319445916	0.0672473637	0.0184719022	-0.007182303	-0.026561341	-0.0874524085	-0.0042069328	-0.0267703975	-0.0069316828	-0.0148247236	0.0636981634	-0.0563834082	-0.0978167415	0.0963877005	-0.0940214101	0.0	0.0	0.0	0.7288585199869857	0.0506102857716399	0.002561401025887	0.5312347421576192	1.6093914200765198	-0.0498403721136213	2.590140743015917	0.0024840626924242	0.5282904671904021	0.0373693378505208	0.2790908177242532	0.0013964674113863	-0.0039433375464392	0.0007159694521822	5.126122564580796e-07	1.554991100515713e-05	-0.0106122405144877	7.335339789003165e-07	5.380720982013299e-13	0.0001126196487373	0.0110071428880653	-0.0001097347945249	0.0001211571945582	1.2041725129443934e-08	0.0	0.0	0.0	0.0	0.0	0.0	0.0	0.0	0.0	0.0	0.0	0.0	0.0	0.0	0.0	0.0	0.0	0.0	0.0	0.0	0.0	0.0	0.0	0.0	0.0	0.0	0.0	0.0	0.0	0.0	0.0	0.0	0.0	0.0	0.0	0.0	0.0	0.0	0.0
524.5836863676235	-0.371343266819963	275188.0440030452	0.1378958218125222	784.5673276443928	-1.5114788702356918	615545.8916070639	2.284568375168963	585.8205442518276	1.9973603251586385	3.989448268517821	343185.7100675075	607.2766970650094	437.523849540392	0.7617169999999999	25.8326	0.3670818188145226	0.2081154106141239	-0.0390992728	-0.0792106367	0.0461801476	-0.031400713	-0.0542315921	-0.0440321789	0.0253349393	-0.0968959224	-0.0760494034	-0.0697308099	-0.10908749	0.0588177904	0.0194746062	0.0157404347	-0.0364763024	0.0348453891	0.0292061587	0.0397387777	-0.0912223592	-0.051549202	0.0074362901	-0.0344535437	0.0283168378	-0.0450974889	-0.0391566752	0.0098864092	0.0343029107	-0.0467973008	-0.0682044838	-0.0131899544	0.0642003703	-0.0276515759	0.020517979	0.0700727299	0.0606157818	0.0837899092	-0.0320129466	-0.0170547574	0.061015012	-0.0224751742	0.0204831221	-0.0213460351	0.0479668955	-0.0418095079	-0.0173500442	-0.0607891436	-0.0423726894	-0.0293120678	-0.0874909422	-0.0619885529	-0.0582192353	0.0303709446	0.0882699273	-0.0837694384	0.0160259447	-0.0827745847	-0.0674153499	0.0803511966	-0.0225795988	0.0561726613	-0.0255494048	0.1036782752	-0.0145856464	-0.0324955132	-0.0090548761	0.0934462918	-0.0092355869	-0.036019417	0.000962985	0.0243231561	0.0454367534	0.0063500357	-0.0389007782	-0.0112670228	0.0431712661	-0.0074285173	-0.0064198758	0.0251487183	-0.0351524709	0.0083995175	0.0190432479	-0.0647272349	-0.050710473	0.0156109588	-0.0281242854	0.0194319699	0.0831330939	-0.0806517365	0.0353905743	0.0183736991	-0.0215314281	-0.029181888	0.077237024	-0.0009201152	-0.0221099941	-0.0027976739	0.0892121818	0.03856584	0.0803126882	0.0235569536	0.086330482	0.0268943453	0.014559599	-0.0365380458	0.0574284467	-0.025587119	-0.0697557415	-0.0546581515	-0.1021962314	0.0859403359	-0.0541813815	-0.0063549101	-0.0865816061	0.1091352634	-0.0425005717	-0.0979523964	0.0969280565	-0.0952287508	0.0	0.0	0.0	0.735753725243427	0.0068952052564412	4.754385552845535e-05	0.5413335442095802	1.734583741111706	0.1251923210351861	3.0087807549290817	0.0156731172461771	0.6719369882621322	0.1436465210717301	0.4514993161947848	0.020634323016011	-0.0053446253360944	-0.0014012877896552	1.963607469436756e-06	2.8565019983222174e-05	-0.0103409149958864	0.0002713255186012	7.361753704426354e-08	0.0001069345229521	0.0111614850088321	0.0001543421207668	0.0001245787476023	2.382149024279381e-08	0.0	0.0	0.0	0.0	0.0	0.0	0.0	0.0	0.0	0.0	0.0	0.0	0.0	0.0	0.0	0.0	0.0	0.0	0.0	0.0	0.0	0.0	0.0	0.0	0.0	0.0	0.0	0.0	0.0	0.0	0.0	0.0	0.0	0.0	0.0	0.0	0.0	0.0	0.0
522.8503267379969	-1.7333596296266478	273372.4641700301	3.004535605619429	784.3842941306488	-0.1830335137440215	615258.7208788361	0.0335012671534829	584.1834973182798	-1.637046933547822	2.679922662638327	341270.3585390166	607.4486885070801	435.0889189096378	0.8231889999999998	27.917318	0.9273887799215094	0.4227985100137312	-0.0188837412	-0.0208652615	0.064495964	-0.0477612614	-0.0164427275	0.0045026392	0.0493565127	-0.1066464669	-0.0389242283	-0.0305262069	-0.0474286184	0.047126346	-0.0413088647	-0.022171799	-0.0403348409	0.0492403087	-0.0224251431	0.096754522	-0.1079802582	-0.036804049	0.0114397105	-0.013561316	0.0495029608	0.0266738949	0.0898311203	-0.0394816117	0.0869844705	-0.059614734	0.0180286705	-0.0007012339	0.0343055297	0.0033735997	-0.0960272019	0.0671295614	0.0103717692	-0.0147670211	-0.0579305037	0.0208777072	-0.0888326571	-0.0173921767	0.0660225842	0.0704148179	0.0241395413	0.0354858162	-0.0239073486	0.001290135	0.0376946659	0.0226886663	0.0278086932	0.0154748006	-0.0213471955	0.0113162275	-0.0031614583	-0.0314604319	0.05344317	-0.0188358204	-0.0208270978	0.0939357309	-0.0776647628	-0.0184390084	-0.0191474812	0.0501940476	-0.0244872847	0.0730179201	-0.0363071947	0.1103751427	0.0132846285	-0.0716183019	-0.1139422882	-0.0848509486	0.0511117196	-0.0135404545	-0.0748551792	-0.0136394644	0.0558662588	-0.0472769688	-0.065537136	-0.0309949501	-0.0133373682	-0.0458042618	-0.0596022434	0.0264237728	-0.0282425233	-0.0399024268	-0.0403729419	0.0885744879	0.0500598026	0.0478518801	0.0131883209	-0.0080188447	0.0519689495	-0.0205660233	-0.0024205076	0.0183907114	0.0250229338	0.0253686552	0.2057767606	0.0839691389	0.0466193943	-0.065191628	0.0567410198	0.0192695	0.0146879082	-0.0403952285	0.1100720321	-0.0004827082	0.0525283494	0.0597989183	-0.0055850161	0.1310972897	-0.0089902701	0.0692676309	0.023924896	0.0251009045	0.0157147113	-0.0980654899	0.0973791159	-0.0962387154	0.0	0.0	0.0	0.5704319819575403	-0.1653217432858866	0.0273312788030846	0.3253926460400075	1.661501935851092	-0.0730818052606139	2.7605886828369264	0.0053409502601502	0.6098452240786685	-0.0620917641834637	0.3719111973315613	0.0038553871794148	-0.0089103739561545	-0.0035657486200601	1.2714563221460509e-05	7.93947640385164e-05	-0.014133544104574	-0.0037926291086875	1.4384035556064494e-05	0.0001997570689559	0.0059819933937489	-0.0051794916150832	3.578424496285549e-05	2.6827133390717176e-05	0.0	0.0	0.0	0.0	0.0	0.0	0.0	0.0	0.0	0.0	0.0	0.0	0.0	0.0	0.0	0.0	0.0	0.0	0.0	0.0	0.0	0.0	0.0	0.0	0.0	0.0	0.0	0.0	0.0	0.0	0.0	0.0	0.0	0.0	1.0	0.0	0.0	0.0	0.0
522.4164099399152	-0.4339167980816683	272918.9053745095	0.1882837876574472	783.0758511281153	-1.3084430025334086	613207.7886200222	1.7120230908786416	583.4790059152442	-0.704491403035604	0.4963081369510738	340447.7503438416	606.7643542055224	429.3240940367014	0.905951	30.724079	0.5444903556283077	0.2994522971629695	-0.0474250532	-0.020827744	0.0314052875	-0.0548588678	-0.0090929366	-0.0128642066	0.0802801699	-0.0816983195	-0.0073037362	-0.0564209675	-0.0282338133	0.0101205995	-0.0671047954	-0.0010090707	-0.0701120141	-0.0001351792	0.008982092	0.0073468779	-0.1502959603	-0.0646412946	-0.0600124218	-0.0809284119	-0.0008648874	0.0469904208	-0.0135959883	-0.0313422308	0.0329082205	0.0174468958	-0.0105316309	-0.0408871963	0.0554705502	0.0234551594	-0.1320348412	0.046859274	-0.1097270594	0.0156977686	-0.0400687283	0.0605136402	-0.1434714543	-0.0173006161	-0.0145436446	0.0202693836	-0.043873807	0.0038713975	-0.0385323333	-0.0185353369	0.0217482434	-0.0228618845	-0.0258257038	-0.0100609553	-0.0602680524	0.0479167783	-0.0224817116	-0.0322718367	0.0170780203	0.022127828	-0.032778382	0.1260279367	-0.0646658695	0.0035085188	0.008651939	0.0254987563	0.0144282502	0.0506169194	0.0192301843	0.0900377239	0.0463814757	-0.0626690732	0.0167945389	-0.0776115736	-0.0364052321	0.036808148	-0.034040262	0.0286832856	0.0811957837	-0.1072877639	-0.0003430638	-0.053778209	0.0313661633	-0.014551994	-0.0207404714	0.0710226115	0.1024758008	-0.0361966594	-0.0171667256	0.1073188486	0.0444773076	0.0455089838	0.0115162249	-0.0547336705	-0.0571847519	-0.0435295041	-0.0156995314	0.0054953408	0.0545328352	0.0024258042	0.1570095912	0.0890056439	-0.0882902949	0.1234950667	-0.0545411694	0.0077313176	0.0293228225	-0.0387952232	0.0780082346	-0.0125713662	-0.1237525662	-0.0968676879	-0.0312030751	0.1664933132	0.027853541	-0.0064884671	-0.0843976776	-0.0468383192	0.0567217583	-0.0981559961	0.097740463	-0.0970492106	0.0	0.0	0.0	0.413459752513603	-0.1569722294439373	0.0246402808166	0.1709489669486098	1.5816521029282598	-0.0798498329228323	2.5016233746973864	0.0063759958178042	0.6594109862792266	0.049565762200558	0.4348228488257423	0.0024567647825222	-0.0087034960643791	0.0002068778917753	4.2798462105433896e-08	7.57508437426625e-05	-0.009225725032697	0.004907819071877	2.4086688042279617e-05	8.511400237893207e-05	0.0059346397361817	-4.735365756720032e-05	3.52199487982668e-05	2.242368884991668e-09	0.0	0.0	0.0	0.0	0.0	0.0	0.0	0.0	0.0	0.0	0.0	0.0	0.0	0.0	0.0	0.0	0.0	0.0	0.0	0.0	0.0	0.0	0.0	0.0	0.0	0.0	0.0	0.0	0.0	0.0	0.0	0.0	0.0	0.0	0.0	1.0	0.0	0.0	0.0
524.3872510188331	1.9708410789179425	274981.9890310887	3.88421455835044	789.7642191613627	6.688368033247343	623727.521867557	44.73426694816494	583.6789039922733	0.1998980770290472	0.0399592411999109	340681.06296562136	607.833643584955	445.5742524907319	1.132544	38.408672	0.8222870571760161	0.3782593318706123	0.0016291385	-0.045546909	0.1099880814	-0.0659055802	-0.0450361046	0.0265686988	0.1029382205	-0.0811486728	0.0752277878	0.0752445973	-0.0370167405	0.0267339929	0.0402613112	-0.0610950417	-0.0671302142	0.0589950631	-0.0749939378	0.0208563998	-0.0275823553	-0.010595711	-0.0353768931	-0.140817241	0.0068733059	0.0814061679	-0.0876361051	0.0760491778	0.0053924459	0.0482979455	0.0192669685	0.1085749885	0.0098644299	0.0059792258	-0.0369870278	0.0444106068	0.0731345604	-0.0084649059	0.0319822185	-0.1387251818	0.0112753793	-0.0196301273	0.0448528997	0.0009028407	-0.09183282	0.1273570058	0.1043117855	0.0202807015	0.0680166136	0.0058175248	-0.0474555913	0.0886691854	0.1178826637	-0.0470496548	-0.0675778103	-0.0189380692	0.0434948902	-0.0808283273	0.0348695728	0.0698411734	-0.0529085502	-0.0318092117	-0.0222047392	-0.0742725827	0.0329557701	0.0299491209	0.0145200906	0.011360279	0.1187721244	-0.010979198	0.0138324476	-0.0009337831	0.1161440654	0.0663896954	0.0402461845	0.0341887176	0.0265382052	-0.1023321163	0.120710185	0.0362972731	0.0212212022	-0.0263710278	-0.1038363125	0.0342278586	0.140434008	0.0431873924	0.023731422	0.0265672998	-0.0164778841	-0.0845468307	0.112675805	-0.0467883533	-0.0820499159	-0.0209516824	0.0512376135	-0.0369677505	0.0065852229	0.0585040835	0.100287376	0.09013472	-0.0363246694	0.1433936106	-0.0980204937	-0.0641808035	0.0646603422	-0.1218874176	-0.078200498	0.0712716209	-0.1066052678	-0.2807979665	-0.1074836623	0.1319764099	-0.2563438108	-0.1847694024	-0.0965355939	0.0933331502	-0.0331276099	-0.0982238939	0.0980117651	-0.0976585564	0.0	0.0	0.0	0.5938463759203216	0.1803866234067186	0.0325393339040773	0.3526535181936999	1.5446886566747366	-0.0369634462535231	2.3860630460596024	0.001366296358937	0.4788634181275171	-0.1805475681517094	0.2293101732207692	0.0325974243654961	-0.0104291106315902	-0.001725614567211	2.9777456345711505e-06	0.0001087663485659	-0.005317103884378	0.003908621148319	1.527731928108654e-05	2.827159371726761e-05	0.0087881924079329	0.0028535526717511	7.723232579884946e-05	8.142762850458408e-06	0.0	0.0	0.0	0.0	0.0	0.0	0.0	0.0	0.0	0.0	0.0	0.0	0.0	0.0	0.0	0.0	0.0	0.0	0.0	0.0	0.0	0.0	0.0	0.0	0.0	0.0	0.0	0.0	0.0	0.0	0.0	0.0	0.0	0.0	0.0	0.0	1.0	0.0	0.0
521.9127154093642	-2.474535609468944	272392.88250597595	6.123326482529839	784.5244199518572	-5.239799209505463	615478.565500798	27.45549575593408	582.6912136257255	-0.9876903665477812	0.9755322601712904	339529.05043662083	605.361879849043	431.5830455613184	1.2323	41.791759	1.0376194269483263	0.5653809004254372	0.0056976464	-0.0001759429	0.0223466137	-0.0683051033	-0.0189315005	0.0056699115	0.0702075582	-0.1102392986	0.048019095	0.0254916838	-0.0172695236	0.0250968354	0.0699333774	-0.0783824153	-0.0528424287	0.0017098239	0.0402351532	0.0474970434	-0.1258904434	-0.0523648744	0.0149043056	0.0405165721	0.0345516858	0.0119444182	0.1385172309	-0.0346794818	-0.0532917482	-0.0185702365	-0.0793345973	-0.0773912074	-0.0414462342	0.0233810591	0.0177983091	0.0638948481	0.1138502891	0.0313509743	-0.051240614	0.0106826362	-0.0260772226	-0.0611234987	0.1031523316	0.0085939869	0.0002284847	0.0451542906	-0.0009846133	0.0148777509	-0.0652066434	-0.0607859863	-0.0671775572	0.0392727309	-0.0296943815	-0.1253437998	0.0336048773	-0.0175449767	0.0125849664	-0.0673789346	0.0542257485	0.0090784055	-0.0839458819	0.0679166843	0.00623244	0.0252291545	0.0912335481	0.0203053603	0.0448354484	0.0980259918	-0.0333767724	-0.0177575634	-0.0479980613	-0.0341870424	0.049309172	-0.024076369	-0.1086194732	-0.0481787755	0.035953752	0.0090154901	-0.1160164067	-0.0349345907	0.1051837566	0.003289911	0.0111764687	0.0421264249	-0.0584456957	-0.0697162991	0.0624009095	0.0183003329	0.0384922442	0.1047462649	0.0852962855	-0.0350667875	-0.0796400146	-0.0039206961	0.0428140442	-0.0151421843	-0.0259553169	-0.0041380108	0.1415887895	0.0366680059	0.0432698495	-0.1534088861	0.0584239499	0.0504803664	0.0457686264	0.0349791603	0.0472065781	-0.103729674	0.153837833	0.0810918543	-0.0369288471	0.059722193	-0.0143012446	0.0310330784	0.0854804592	0.0455507511	0.0294495304	-0.0982691678	0.0981927721	-0.0980654899	0.0	0.0	0.0	0.7106955099604875	0.1168491340401658	0.0136537201259366	0.5050881078779973	1.5048436883599692	-0.0398449683147674	2.264554526396836	0.0015876215000048	0.5862265179603554	0.1073630998328383	0.3436615303599229	0.011526835205716	-0.0060477306836515	0.0043813799479387	1.9196490248199326e-05	3.657504642197984e-05	-0.0151226162074724	-0.0098055123230944	9.614807191835616e-05	0.0002286935209585	0.0075038401837549	-0.0012843522241779	5.630761750333477e-05	1.649560635750975e-06	0.0	0.0	0.0	0.0	0.0	0.0	0.0	0.0	0.0	0.0	0.0	0.0	0.0	0.0	0.0	0.0	0.0	0.0	0.0	0.0	0.0	0.0	0.0	0.0	0.0	0.0	0.0	0.0	0.0	0.0	0.0	0.0	0.0	0.0	0.0	0.0	0.0	1.0	0.0
521.8496299206656	-0.0630854886985616	272327.0362483357	0.0039797788843363	779.0520315783763	-5.472388373480953	606922.0679063954	29.947034510209512	582.1358425893753	-0.5553710363501523	0.3084369880166421	338882.139227242	604.9341950338395	433.7886102611928	0.949137	32.188702	0.7716410834583076	0.3609262575094287	-0.0492229019	-0.0113074988	0.0152419449	-0.0560183967	0.0165909212	-0.055957562	0.0585000082	-0.0129637403	0.0856753736	-0.0042834713	-0.0082504345	-0.0400248414	0.0076984603	0.0048930956	0.0433690905	-0.0807738509	-0.0480388066	0.0576662631	-0.0388505972	0.0712339742	0.0237461183	0.0702825578	0.0910810237	0.027965669	0.1478608385	0.0171551199	0.0469871285	-0.0219273893	0.1047255532	-0.1428873502	0.013680313	0.0060478741	-0.046731833	0.0007834965	0.0727204129	-0.0171455232	-0.0292115491	0.0597549066	-0.0130070269	-0.1064428986	0.0016333749	-0.0221969758	0.0681141432	0.0050008853	-0.013336785	0.0548670243	0.020293263	-0.029325776	0.0670558762	0.0721976807	0.048728594	0.0269253851	-0.0286681976	-0.0300916046	-0.0269925987	0.0259463528	0.007047333	-0.0213451985	-0.023418037	0.0426965797	0.0284925702	-0.0233997256	0.1121692219	0.0185288869	-0.0532387112	0.0077094833	-0.0485611507	-0.0588362347	-0.1148776896	-0.0653000073	0.0068575563	0.0706189825	-0.0884925632	-0.1229741475	-0.017160168	-0.0591176706	-0.0481681943	0.0234917918	0.0227906745	-0.0809759636	-0.021765885	0.0444340057	-0.0837402003	-0.0298673846	0.0448173322	0.0046537218	0.0418992544	0.0837985007	0.0164940607	0.0726504587	0.1072605175	-0.048069381	-0.0131401467	0.0117317972	0.0633607601	-0.0044854503	0.1569233161	0.0694671068	-0.0159978321	-0.0322289269	0.0122708084	0.0845921904	0.0559062438	0.0020448598	0.0234535861	-0.0444927603	0.0037024406	0.0158984398	-0.0684552698	0.0888133914	0.0241968659	0.0841695821	0.0459393301	0.000388187	0.0331274686	-0.0982918074	0.0982833173	-0.0982691678	0.0	0.0	0.0	0.446558206049005	-0.2641373039114825	0.0697685153176268	0.1994142313897056	1.6461497384342465	0.1413060500742773	2.709808961347138	0.0199673997875941	0.6377381807896683	0.0515116628293128	0.4067099872369156	0.0026534514074408	-0.0074266524968762	-0.0013789218132246	1.9014253669868927e-06	5.515516730935749e-05	-0.0113002926433773	0.0038223235640951	1.4610157428636678e-05	0.0001276966138259	0.00641136422821	-0.0010924759555449	4.11055912667708e-05	1.1935037134437425e-06	0.0	0.0	0.0	0.0	0.0	0.0	0.0	0.0	0.0	0.0	0.0	0.0	0.0	0.0	0.0	0.0	0.0	0.0	0.0	0.0	0.0	0.0	0.0	0.0	0.0	0.0	0.0	0.0	0.0	0.0	0.0	0.0	0.0	0.0	0.0	0.0	0.0	0.0	1.0
