global_signal	global_signal_derivative1	global_signal_derivative1_power2	global_signal_power2	csf	csf_derivative1	csf_power2	csf_derivative1_power2	white_matter	white_matter_derivative1	white_matter_power2	white_matter_derivative1_power2	csf_wm	tcompcor	std_dvars	dvars	framewise_displacement	rmsd	t_comp_cor_00	t_comp_cor_01	t_comp_cor_02	t_comp_cor_03	t_comp_cor_04	t_comp_cor_05	c_comp_cor_00	c_comp_cor_01	c_comp_cor_02	c_comp_cor_03	c_comp_cor_04	c_comp_cor_05	c_comp_cor_06	c_comp_cor_07	c_comp_cor_08	c_comp_cor_09	c_comp_cor_10	c_comp_cor_11	c_comp_cor_12	c_comp_cor_13	c_comp_cor_14	w_comp_cor_00	w_comp_cor_01	w_comp_cor_02	w_comp_cor_03	w_comp_cor_04	w_comp_cor_05	w_comp_cor_06	w_comp_cor_07	w_comp_cor_08	w_comp_cor_09	w_comp_cor_10	w_comp_cor_11	w_comp_cor_12	w_comp_cor_13	w_comp_cor_14	w_comp_cor_15	w_comp_cor_16	w_comp_cor_17	w_comp_cor_18	w_comp_cor_19	w_comp_cor_20	w_comp_cor_21	w_comp_cor_22	w_comp_cor_23	w_comp_cor_24	w_comp_cor_25	w_comp_cor_26	w_comp_cor_27	w_comp_cor_28	w_comp_cor_29	w_comp_cor_30	w_comp_cor_31	w_comp_cor_32	w_comp_cor_33	w_comp_cor_34	w_comp_cor_35	w_comp_cor_36	w_comp_cor_37	w_comp_cor_38	w_comp_cor_39	w_comp_cor_40	w_comp_cor_41	w_comp_cor_42	w_comp_cor_43	w_comp_cor_44	w_comp_cor_45	w_comp_cor_46	w_comp_cor_47	w_comp_cor_48	w_comp_cor_49	w_comp_cor_50	w_comp_cor_51	w_comp_cor_52	w_comp_cor_53	w_comp_cor_54	w_comp_cor_55	w_comp_cor_56	w_comp_cor_57	a_comp_cor_00	a_comp_cor_01	a_comp_cor_02	a_comp_cor_03	a_comp_cor_04	a_comp_cor_05	a_comp_cor_06	a_comp_cor_07	a_comp_cor_08	a_comp_cor_09	a_comp_cor_10	a_comp_cor_11	a_comp_cor_12	a_comp_cor_13	a_comp_cor_14	a_comp_cor_15	a_comp_cor_16	a_comp_cor_17	a_comp_cor_18	a_comp_cor_19	a_comp_cor_20	a_comp_cor_21	a_comp_cor_22	a_comp_cor_23	a_comp_cor_24	a_comp_cor_25	a_comp_cor_26	a_comp_cor_27	a_comp_cor_28	a_comp_cor_29	a_comp_cor_30	a_comp_cor_31	a_comp_cor_32	a_comp_cor_33	a_comp_cor_34	a_comp_cor_35	a_comp_cor_36	a_comp_cor_37	a_comp_cor_38	a_comp_cor_39	a_comp_cor_40	a_comp_cor_41	a_comp_cor_42	a_comp_cor_43	a_comp_cor_44	a_comp_cor_45	a_comp_cor_46	a_comp_cor_47	a_comp_cor_48	a_comp_cor_49	a_comp_cor_50	a_comp_cor_51	a_comp_cor_52	a_comp_cor_53	a_comp_cor_54	a_comp_cor_55	a_comp_cor_56	a_comp_cor_57	a_comp_cor_58	a_comp_cor_59	edge_comp_00	edge_comp_01	edge_comp_02	edge_comp_03	edge_comp_04	edge_comp_05	edge_comp_06	edge_comp_07	edge_comp_08	edge_comp_09	edge_comp_10	edge_comp_11	edge_comp_12	edge_comp_13	edge_comp_14	edge_comp_15	edge_comp_16	edge_comp_17	edge_comp_18	edge_comp_19	edge_comp_20	edge_comp_21	edge_comp_22	edge_comp_23	cosine00	cosine01	cosine02	cosine03	non_steady_state_outlier00	non_steady_state_outlier01	trans_x	trans_x_derivative1	trans_x_derivative1_power2	trans_x_power2	trans_y	trans_y_derivative1	trans_y_power2	trans_y_derivative1_power2	trans_z	trans_z_derivative1	trans_z_derivative1_power2	trans_z_power2	rot_x	rot_x_derivative1	rot_x_power2	rot_x_derivative1_power2	rot_y	rot_y_derivative1	rot_y_power2	rot_y_derivative1_power2	rot_z	rot_z_derivative1	rot_z_derivative1_power2	rot_z_power2	motion_outlier00	motion_outlier01
72.42810804645065	n/a	n/a	5245.830835188329	130.77140683158834	n/a	17101.160844712787	n/a	68.83677391697177	n/a	4738.501443296284	n/a	74.083105976102	89.87688404035302	n/a	n/a	n/a	n/a	0.0	0.0	0.0	0.0	0.0	0.0	0.0	0.0	0.0	0.0	0.0	0.0	0.0	0.0	0.0	0.0	0.0	0.0	0.0	0.0	0.0	0.0	0.0	0.0	0.0	0.0	0.0	0.0	0.0	0.0	0.0	0.0	0.0	0.0	0.0	0.0	0.0	0.0	0.0	0.0	0.0	0.0	0.0	0.0	0.0	0.0	0.0	0.0	0.0	0.0	0.0	0.0	0.0	0.0	0.0	0.0	0.0	0.0	0.0	0.0	0.0	0.0	0.0	0.0	0.0	0.0	0.0	0.0	0.0	0.0	0.0	0.0	0.0	0.0	0.0	0.0	0.0	0.0	0.0	0.0	0.0	0.0	0.0	0.0	0.0	0.0	0.0	0.0	0.0	0.0	0.0	0.0	0.0	0.0	0.0	0.0	0.0	0.0	0.0	0.0	0.0	0.0	0.0	0.0	0.0	0.0	0.0	0.0	0.0	0.0	0.0	0.0	0.0	0.0	0.0	0.0	0.0	0.0	0.0	0.0	0.0	0.0	0.0	0.0	0.0	0.0	0.0	0.0	0.0	0.0	0.0	0.0	0.0	0.0	0.0	0.0	0.0	0.0	0.0	0.0	0.0	0.0	0.0	0.0	0.0	0.0	0.0	0.0	0.0	0.0	0.0	0.0	0.0	0.0	0.0	0.0	0.0	0.0	0.0	0.0	0.0	0.0	0.0	0.0	0.0	0.0	0.0	1.0	0.0	0.061174148394187	n/a	n/a	0.003742276431754	-0.040857264430457	n/a	0.0016693160567402	n/a	-0.4056449548290644	n/a	n/a	0.1645478293782736	-0.0017058693674109	n/a	2.909990298670864e-06	n/a	-0.0004669780816246	n/a	2.1806852871779163e-07	n/a	0.0005606020809815	n/a	n/a	3.142746932007883e-07	0.0	0.0
53.12242405034053	-19.30568399611012	372.7094345576624	2821.9919369841978	65.43277908773983	-65.3386277438485	4281.448579144963	4269.136275449209	56.47982654811667	-12.356947368855096	3189.9708069053445	152.6941482766549	57.478400029023376	55.1947360124002	12.820669	421.096008	0.811516151416855	0.5924910454700115	0.0	0.0	0.0	0.0	0.0	0.0	0.0	0.0	0.0	0.0	0.0	0.0	0.0	0.0	0.0	0.0	0.0	0.0	0.0	0.0	0.0	0.0	0.0	0.0	0.0	0.0	0.0	0.0	0.0	0.0	0.0	0.0	0.0	0.0	0.0	0.0	0.0	0.0	0.0	0.0	0.0	0.0	0.0	0.0	0.0	0.0	0.0	0.0	0.0	0.0	0.0	0.0	0.0	0.0	0.0	0.0	0.0	0.0	0.0	0.0	0.0	0.0	0.0	0.0	0.0	0.0	0.0	0.0	0.0	0.0	0.0	0.0	0.0	0.0	0.0	0.0	0.0	0.0	0.0	0.0	0.0	0.0	0.0	0.0	0.0	0.0	0.0	0.0	0.0	0.0	0.0	0.0	0.0	0.0	0.0	0.0	0.0	0.0	0.0	0.0	0.0	0.0	0.0	0.0	0.0	0.0	0.0	0.0	0.0	0.0	0.0	0.0	0.0	0.0	0.0	0.0	0.0	0.0	0.0	0.0	0.0	0.0	0.0	0.0	0.0	0.0	0.0	0.0	0.0	0.0	0.0	0.0	0.0	0.0	0.0	0.0	0.0	0.0	0.0	0.0	0.0	0.0	0.0	0.0	0.0	0.0	0.0	0.0	0.0	0.0	0.0	0.0	0.0	0.0	0.0	0.0	0.0	0.0	0.0	0.0	0.0	0.0	0.0	0.0	0.0	0.0	0.0	0.0	1.0	0.0096620121195627	-0.0515121362746243	0.0026535001835754	9.335447819857648e-05	0.0172282787123521	0.0580855431428091	0.0002968135873904	0.0033739303221951	0.1554421848495977	0.5610871396786621	0.3148187783127824	0.0241622728308165	0.0006410015027362	0.0023468708701471	4.108829265100666e-07	5.507802881145005e-06	-4.822875555809958e-06	0.0004621552060687	2.3260128626829208e-11	2.1358743449648577e-07	0.0005530015107822	-7.6005701993000704e-06	5.776866735448832e-11	3.058106709273957e-07	1.0	0.0
51.87828518299513	-1.2441388673453986	1.5478815212394912	2691.356473528172	60.68265564556428	-4.75012344217555	3682.3846961981344	22.56367271590569	56.17302268700634	-0.3068038611103318	3155.408477794929	0.0941286091922078	56.97570252060122	51.46139183204267	1.523012	50.023464	0.1746323012621005	0.0996623777813779	-0.0212516243	0.0827124915	-0.0513639959	0.0358586206	-0.0718411178	0.0056272272	0.0059657867	0.0619014644	0.1830427413	-0.2038132218	0.0249277337	-0.1480741788	0.0380846189	-0.0993195265	0.1124146706	-0.2642169746	0.2098756881	-0.1486793135	0.0153129653	-0.0947877183	0.1221616908	0.0853358464	-0.0416207608	0.0064201565	-0.0511175147	0.0109064934	-0.1156288176	0.0201761409	0.0074096363	-0.052518035	0.0176339179	-0.0120712837	0.0028204174	-0.0894544306	0.0220380855	-0.0106962067	0.0685035446	-0.0633089094	0.06874481	-0.091653592	0.0238513644	-0.0175874879	0.0018702558	-0.0037157333	-0.0528832805	0.0453729775	-0.1069372178	0.0547098027	-0.0960081129	-0.0831694894	-0.0175785653	0.1184863539	-0.1310627787	0.1026884431	0.0265491466	-0.0588944235	0.0380882109	0.0303574076	-0.0115996133	-0.0706509013	0.0006232361	0.0489661606	-0.1265901169	-0.0483633477	-0.0352751976	-0.0001916786	0.1139246586	-0.1010732559	-0.0823152307	0.1219661328	0.0659199388	0.0276520358	-0.0513316452	-0.0197971256	0.1041044617	0.1352866434	-0.046625334	-0.1195187988	0.0189776414	0.0706669144	-0.0156889314	0.112672634	-0.0261741854	0.050744565	-0.1251353662	0.0374589662	-0.1577360746	0.0269923741	-0.0608999206	0.0790385558	-0.1147898521	0.0866972527	-0.0236379599	0.053448098	-0.047907169	0.0865461373	-0.0117779144	0.1016309377	-0.0210810219	0.1579248487	-0.0076709717	0.1015987056	-0.0693138447	0.0591056955	-0.1324541989	-0.1403483975	0.1242237763	-0.0747865152	0.1204043125	-0.0573433804	-0.0309533525	0.0828886121	0.0923954385	-0.045032376	-0.0403875888	0.1693852028	0.0513686607	-0.1053326937	-0.0278077369	-0.0030790333	0.0690675874	0.0919765795	-0.1900205801	-0.0918649663	0.0912844183	0.0917816299	-0.0280692284	-0.0914666485	0.0598795144	0.0267509433	0.0884747061	0.0772389958	-0.1150700041	-0.02514362	0.1392089112	0.0033031153	0.0756718129	-0.117401998	-0.0139332879	0.0596147705	-0.0683653453	0.0258552776	-0.0128692108	0.0796273224	-0.0642208866	0.0821623366	-0.1032388754	0.0267850721	-0.1493837857	0.0484561348	-0.1038473243	0.0117352752	-0.0991381779	0.0623673113	-0.0233763813	0.093635643	0.0074742063	-0.0492618521	0.0463525787	-0.0019297187	0.0276093743	-0.0146963099	0.0642636266	0.1059956606	0.1059832789	0.1059626437	0.1059337567	0.0	0.0	0.0175095795695057	0.007847567449943	6.15843148814049e-05	0.0003065853767008	0.061131363584721	0.0439030848723689	0.0037370436137273	0.0019274808613104	0.2406291787687209	0.0851869939191231	0.0072568239329767	0.057902401674909	0.0008333744146352	0.000192372911899	6.945129149685622e-07	3.7007337232500426e-08	0.0003173305565051	0.0003221534320609	1.0069868209183647e-07	1.0378283378862333e-07	0.0007923682672356	0.0002393667564534	5.7296444095021316e-08	6.278474709219472e-07	0.0	1.0
51.683430982277095	-0.1948542007180336	0.0379681595374637	2671.1770380998	59.75393102513278	-0.9287246204315024	3570.532272956326	0.8625294205956384	56.14504737819699	-0.0279753088093457	3152.266345099985	0.0007826179029782	56.873956343064414	51.01064673007866	0.943176	30.978683	0.1160153423761438	0.0605840182915797	0.0098552719	0.0649687467	-0.0661653435	0.0304600489	0.0072828702	0.1171764804	-0.0053037291	0.0262751192	-0.0079242449	-0.1188140793	-0.1082893034	-0.0389538238	-0.0356004824	0.0777325714	-0.0039965427	-0.2134915393	0.0623161453	0.014682753	0.0053453391	-0.1232421314	-0.140103046	0.0545447499	0.0277490824	0.0502145048	-0.0074278513	0.0208282359	0.0609314985	-0.0904297327	-0.0403597378	-0.0315348935	0.0504138129	0.0835605094	0.0743338375	0.0291441843	-0.0929249318	0.138232752	-0.0175813965	0.0329242521	0.0304526122	-0.0210212314	-0.039826949	-0.1960262881	0.1575647039	0.0808803024	-0.1446700716	-0.0262006629	0.0272383888	0.047268069	-0.1165978159	-0.0428435195	-0.093642936	0.0682201101	-0.0194854929	-0.0773960255	-0.0379370023	0.007733994	-0.0399113242	-0.0532303494	-0.0205601763	0.0389981756	0.072447916	0.2538265254	0.0991946398	-0.0551914284	-0.1092991154	0.0106406187	-0.0066152691	-0.139368897	-0.0449783595	0.043069064	-0.0274203887	-0.0834900529	-0.0585025612	0.003677696	0.0707956483	-0.0052510518	-0.0500249609	-0.0815421747	0.0241041362	-0.0173571011	-0.0090735238	0.0334944	-0.0083335874	0.135947184	0.0014490555	0.0972192564	-0.0866474036	-0.0061807763	0.0557818015	-0.1666229212	-0.1061395104	-0.0167744215	-0.0327663336	-0.0704069533	-0.1297852805	0.1023837997	-0.0335372921	0.1317559386	-0.1074397298	0.0398427899	0.1792841173	0.0738213849	0.0736572501	-0.0503951071	-0.0460148664	-0.0097469416	-0.0732416885	-0.0881412799	0.0823194129	-0.0864106517	-0.0057900964	-0.0345089643	0.0394221499	-0.0866356145	0.1080352167	0.0231173509	-0.0189251956	0.0127995633	-0.0033875556	-0.0745106271	-0.0909413727	0.0489508031	-0.0045495736	-0.0208065217	0.0501298526	0.0308467006	0.0971594196	-0.0386335789	-0.0344903831	-0.1331137824	0.0615386604	-0.0124049732	-0.1007601032	-0.0056707011	0.1256217808	-0.0030045197	-0.0725752442	0.050414826	0.0473777568	-0.0244454726	-0.0979991492	0.0559765027	-0.0602633707	0.0850416409	-0.1032088205	-0.0101213752	-0.195158196	0.0955221971	-0.0529936791	0.0947113521	0.0384691131	-0.0094635474	-0.0023753742	0.0832744826	-0.0893795871	-0.0655778024	-0.0171566571	0.0026777396	-0.0495837809	-0.0399722848	0.0100892661	0.0065379455	0.1414979229	0.1059626437	0.1058512369	0.1056656457	0.1054060001	0.0	0.0	0.00930474745779	-0.0082048321117157	6.73192699814411e-05	8.657832525324949e-05	0.0614777963572237	0.0003464327725027	0.0037795194449402	1.2001566586390845e-07	0.2872887430264086	0.0466595642576877	0.0021771149367172	0.0825348218696938	4.697170616108114e-05	-0.0007864027084741	2.206341179682948e-09	6.1842921989543e-07	9.701396463146494e-05	-0.0002203165918736	9.411709333515132e-09	4.8539400654813865e-08	0.0005829973028986	-0.0002093709643369	4.383620070740532e-08	3.39885855187042e-07	0.0	0.0
51.54455420504242	-0.1388767772346781	0.0192867592550904	2656.841068196556	59.52475501891764	-0.2291760062151411	3543.1964600621604	0.0525216418247224	56.15276285041151	0.0077154722145209	3153.1327757345557	5.952851149304493e-05	56.86395139291445	51.26425370337577	0.922631	30.303902	0.1270836999056032	0.0702319634221337	0.0602765939	0.0651387587	-0.049509677	0.0372344163	0.0510686218	0.0242050937	0.0631340068	0.028700176	-0.0005997523	-0.0789374173	-0.0140527474	-0.0057655295	-0.0030413083	-0.1314416682	0.1288258509	-0.0003533546	0.0081686739	-0.115544905	0.0635717331	0.0230383029	-0.0409783212	-0.0648185062	0.0884577772	-0.0212275906	-0.1081975844	-0.0321667757	0.078702573	-0.1536082177	0.0147234493	-0.0617636513	-0.0167184108	-0.0319435576	0.020899047	0.062993586	-0.0192723489	0.0762406631	0.0196113025	-0.0025642393	0.1514403811	0.0246286006	-0.1089338023	0.0229350815	0.1370093356	0.0010074342	0.1183534899	0.0678956477	0.0943553581	-0.0660665516	-0.0115103899	-0.0636082312	0.121845262	-0.0323062872	0.1231367464	-0.1085092952	0.015255851	-0.1359706469	-0.022058478	-0.0273177313	-0.0225419043	0.0223209706	0.2200604374	0.051866795	-0.0184274323	0.0077273768	0.0364420408	0.0070745414	0.0347508814	0.0859161482	-0.0185457567	-0.0333275647	-0.0174667045	-0.1326869417	0.0418339421	-0.0644467777	0.0208554395	-0.0462502868	-0.0592698537	0.0662344249	-0.136362692	-0.0215954423	0.002805034	0.0633649225	-0.0393108734	0.1025082679	0.1562520566	-0.1158698589	-0.0005601148	-0.0027941919	0.0876768237	-0.0609839147	-0.0833654544	0.0082705873	0.1369824977	-0.028207958	0.0150719105	0.0954409347	0.0686650759	0.0973785267	0.0087363854	-0.0042282825	-0.1226895046	-0.0406065319	0.0609602746	0.0194046077	0.027255742	0.1412531602	-0.0309533475	0.0081801095	0.0257255045	0.0080411876	0.0683385929	-0.1210073559	-0.0705545716	-0.0290739432	-0.0516815757	0.0058781551	-0.1414186853	-0.034743618	-0.0035649445	-0.1721267384	0.1108582195	-0.112116402	-0.092240981	0.0153777916	0.0296649159	0.0471400259	0.0154654981	0.1044453053	-0.0366996016	0.0466636729	-0.0195294201	-0.0602560968	0.0432893842	0.0283730736	0.0446164444	0.0919272995	-0.1104553847	0.0249934143	0.0456202352	-0.0584884777	-0.0689283902	0.0777261409	0.0295472553	-0.0777059756	-0.1175896437	0.0716661338	0.0654762053	0.1158676846	-0.0298369298	0.0452632708	0.0540306907	-0.081607531	-0.034731938	0.0265673915	0.1302172426	0.0047681451	-0.0194799138	0.0111907758	-0.0520041544	-0.0079450796	-0.0142017963	0.0884876596	0.0767338957	0.1058966202	0.1055873175	0.1050724821	0.104353116	0.0	0.0	0.0214220993008495	0.0121173518430595	0.0001468302156884	0.0004589063384554	0.0662574113166272	0.0047796149594034	0.0043900445543807	2.284471916015368e-05	0.3397443145524761	0.0524555715260675	0.0027515869841263	0.1154261992707318	0.0007788875653419	0.0007319158591808	6.066658394442325e-07	5.357008249203962e-07	0.0002718237244503	0.0001748097598188	7.388813717403263e-08	3.05584521279188e-08	0.0008308949154404	0.0002478976125418	6.145322630392442e-08	6.903863605047095e-07	0.0	0.0
51.57421593417516	0.0296617291327407	0.000879818175144	2659.899749224927	59.72261071077643	0.1978556918587912	3566.7902301109475	0.0391468748009209	56.034204285779445	-0.1185585646320674	3139.8320499404635	0.0140561332476161	56.72896676415107	51.24276791637836	0.943293	30.98255	0.0459561710847806	0.0209479608800065	0.0943263089	-0.0522126256	0.0042603461	0.0336630215	-0.0307090054	0.0357511659	0.0570970821	-0.0249760717	0.045438128	0.0109725458	-0.0075029623	0.081856164	0.0569727543	-0.0248509837	0.0349268454	-0.0730652625	0.0521454584	-0.0399564869	-0.1206055741	0.1204909009	0.0421447853	-0.0674757801	0.0232538028	-0.0421523628	-0.1092739039	0.0403371938	-0.0039054233	0.0172213969	-0.1198317359	0.077987957	-0.0766917126	0.0534321383	-0.1020393438	-0.1500606497	0.1121069531	-0.0603645897	-0.0033013806	0.0491577597	0.1764580359	0.0821175787	0.0372889699	-0.003573624	0.0404710287	-0.0474492142	0.1118850187	0.105447806	-0.1306903626	-0.0671690794	0.078924478	0.0476695819	-0.0622951491	-0.0258246717	0.075511793	0.0463792157	0.043613169	-0.0640854378	-0.0330855363	-0.0717765854	0.0889795699	-0.106895354	-0.0098441445	-0.044360469	-0.0476948089	0.0295177559	-0.1533600064	-0.0010360622	0.0266338581	-0.0714953478	0.0211421512	-0.188444019	0.1407473267	0.0002198575	-0.0872125528	-0.0659052272	0.1106869237	-0.0522877795	0.004512543	-0.0390382261	0.0657035681	-0.0091350618	-0.0396491017	-0.0424691841	0.0220315639	-0.0412077494	0.0996539979	-0.0090437775	-0.1111319108	-0.0362059845	0.0787889623	0.0936160548	-0.0682236697	-0.0150353004	0.105657045	0.0191662795	0.089523599	0.0082552791	0.1244730351	0.0168193608	-0.0998546514	-0.0583904039	-0.0086581466	0.0695633485	0.0771037175	0.0364729624	-0.0120287764	-0.0715149163	0.1406047684	-0.0214292034	-0.2046614287	0.104974662	-0.0758598785	-0.0409887664	-0.0050332243	0.064260352	-0.0958480639	-0.135556062	0.0137662886	-0.0423194516	0.0916751861	0.115018728	-0.0950861813	0.0483812031	-0.067265717	-0.1910409937	0.1003459735	-0.1337636028	0.0484440939	-0.008077941	0.0582478523	0.0914483808	-0.0395250993	-0.0084866378	-3.06977e-05	0.0949308573	0.0315230995	-0.0411084764	-0.0715351091	-0.0644526702	0.0060292748	-0.1346639477	-0.0320894968	0.0159268158	0.0522956913	0.0936911672	-0.0076458839	0.0491353409	0.0107299449	0.1046854763	-0.1003499456	0.0719541277	-0.0257285015	-0.0807712659	-0.054863766	0.0500221347	0.1160079508	0.1775097444	0.0551345367	-0.0201052273	0.0530883787	-0.0362331107	0.0583126017	-0.0613859528	0.017049324	0.1057976105	0.1051918494	0.1041848154	0.10278035	0.0	0.0	0.0249613224203102	0.0035392231194606	1.2526100289325123e-05	0.0006230676169706	0.062947146801946	-0.0033102645146811	0.0039623432905057	1.095785115715752e-05	0.3270395328490423	-0.0127047817034338	0.0001614114781319	0.1069548560461198	0.0005949382618673	-0.0001839493034745	3.539515354336841e-07	3.383734624879046e-08	0.0001208044606071	-0.0001510192638432	1.4593717702572377e-08	2.2806818051742055e-08	0.0010239643830667	0.0001930694676262	3.727581932950287e-08	1.0485030577891674e-06	0.0	0.0
51.65882969341184	0.0846137592366815	0.0071594882521631	2668.6346852929287	59.64035320791969	-0.0822575028567413	3556.9717307654164	0.0067662967762268	56.19708141663092	0.1628771308514771	3158.1119597474444	0.0265289597544092	56.84733775554594	50.77969998357682	0.964678	31.684938	0.0894988266427265	0.0401042683742049	0.007286134	-0.1346572023	0.0937927088	0.0977278523	-0.0682818763	0.128241214	-0.075792413	-0.1743997024	0.0158375191	-0.0464443407	-0.0106580358	0.0586879373	-0.0075091541	-0.0174972063	0.0286674862	-0.0622297533	-0.0181354058	0.0250218654	-0.0517369546	0.1198772887	-0.0539391128	-0.0479540134	-0.0082557922	0.0862192574	0.0226415013	0.1031441656	-0.0391745407	0.0173002567	0.1098939013	-0.0310867443	-0.0154420935	0.0439667537	-0.1289220056	-0.0437561673	0.0623451069	-0.05979329	-0.04615786	-0.0679964723	0.0147194492	0.0533926365	0.0941928799	0.0782797291	0.0145292833	-0.0384480778	-0.0411572742	-0.0178540614	0.1342827843	-0.0442544586	-0.1131870421	0.055760795	-0.0335846042	-0.1329140758	0.0608629592	0.0746246179	-0.0522147765	0.0410898869	-0.005949036	0.0001097035	-0.0272630503	-0.0287135884	-0.035771867	0.044777427	0.0921346547	-0.1278262329	-0.105840043	0.0126537653	-0.0269741282	0.0202392699	0.1818124976	0.0172869185	0.0008968541	0.1241921954	0.0375552412	-0.0899391832	0.0116290545	-0.0800190592	-0.0456891613	0.0966947844	-0.0785983348	0.0448420325	-0.1102632308	-0.0650408672	0.0415732085	-0.0512314117	-0.0640975548	0.0246522603	0.0375682193	0.1007654196	0.0805355183	0.071007772	0.047735665	0.0017063338	0.1177245047	-0.0103715204	0.1037489507	-0.0441937048	0.0327341438	0.0157301294	-0.1629746232	-0.1639380254	0.1004803538	0.0554003935	-0.0086745072	0.0741476513	0.0256903457	0.0401292973	-0.1621777929	0.1135059427	0.0041017853	0.0290733629	0.0104972537	0.098599978	-0.0499003951	0.1130388384	-0.135921022	-0.0405204676	0.0307569893	-0.0150492127	-0.0694932159	-0.0046486098	-0.0212803697	0.0355248664	-0.0381463306	0.0474317714	-0.0120391486	-0.0794569276	0.0242912037	-0.0615511986	0.0363885182	-0.0601169991	0.0148550929	0.0010420955	-0.0464269409	-0.0501753537	-0.013028033	-0.0979844356	-0.0152729233	0.0021549403	0.0538239747	-0.1379964993	-0.0287641135	-0.0462969215	0.1224220682	-0.0285593963	-0.0786983098	-0.0586220558	-0.0996027175	0.0155863602	-0.0115239456	0.0442849792	0.012918442	-0.0207970222	-0.0110525493	0.026848827	0.0023542494	0.0550994527	0.091413945	0.036412926	-0.0046438365	0.0814655847	-0.0149481105	0.00660996	0.0925396085	0.1056656457	0.1046653254	0.1030051337	0.1006955375	0.0	0.0	0.03186502783565	0.0069037054153397	4.766114846179204e-05	0.0010153799989667	0.0684598300160104	0.0055126832140643	0.004686748325821	3.0389676218627355e-05	0.3508242039409097	0.0237846710918673	0.0005657105789483	0.123077622070773	0.0003713479147488	-0.0002235903471185	1.3789927378828202e-07	4.9992643324571344e-08	0.0005221083703885	0.0004013039097814	2.725971504297351e-07	1.6104482800583802e-07	0.0005829033015375	-0.0004410610815291	1.9453487763970757e-07	3.397762589433177e-07	0.0	0.0
51.69414766136397	0.0353179679521318	0.0012473588602678	2672.284902434902	59.13150251357951	-0.5088506943401754	3496.53458951346	0.2589290291304786	56.26020311451644	0.0631216978855206	3165.2104544866456	0.0039843487439509	56.91672533345206	50.42782886108207	1.016595	33.390152	0.0583867762248743	0.0262769405781889	-0.1015182951	-0.0558382079	-0.03242999	0.0810635255	-0.0113642189	0.0735618703	-0.1068087535	0.0618693324	0.0194655944	-0.091867757	0.130818249	0.0927423225	0.0946757371	0.0449117648	0.0253608417	-0.048535064	0.042548173	-0.0967098373	0.0092676144	0.0516504662	-0.0150847933	-0.0774916797	-0.0098057583	-0.0002765565	-0.0481972667	-0.0335165896	0.0561332576	0.1412732803	-0.0238519782	-0.198833483	-0.1668504617	0.0893764372	0.0691148111	0.0503304628	-0.1147685698	-0.0013994395	-0.1040816957	0.041362821	0.0081928091	-0.0863638075	0.1152941053	-0.0341479535	-0.0304491151	0.0125937293	-0.070083414	-0.1548178961	-0.0253863135	-0.0731935811	0.0828165301	-0.1758814215	-0.0834075407	-0.0685861862	0.0121755377	-0.039525404	0.1160004245	0.0602556394	-0.1109729546	0.1105137262	-0.0938842821	0.1158236571	0.0645136372	-0.0265789269	-0.1619636811	0.0514676999	0.063825458	-0.1097329433	0.0110918016	0.01675117	0.100374455	-0.0586383855	-0.0935176838	0.0019628157	0.0848211767	-0.1474489738	-0.0157794098	0.0676123908	-0.0129271178	-0.0173368558	-0.1019037246	0.1546900481	-0.0030693264	0.0396458325	0.0892167584	-0.0465176472	0.0812331726	0.0503279475	-0.0103526033	-0.146657976	0.0944543457	0.0275833899	0.1579520379	0.0070764056	-0.0528695226	-0.0269305039	-0.1912157014	0.0249124017	0.0670858043	-0.0346869692	-0.0319055687	0.0058319338	-0.0901716831	-0.0584186789	-0.1455553153	0.1219606194	-0.041902957	-0.0805950661	-0.1468360399	-0.03093777	0.1687300071	0.0922133741	0.0357808878	0.010915968	0.0141624244	0.0058331659	-0.1704178558	-0.0821830787	0.0503380867	0.1537575393	0.0899505771	-0.1915607139	0.0523488438	-0.0593394566	0.0719605465	0.1012245848	-0.078310283	0.0141946429	-0.0624191111	-0.0699962168	0.1052873409	0.085838258	-0.0532774815	-0.0910068876	-0.0030192144	0.082173573	-0.0677985901	0.2024113602	0.0014543105	0.0752601016	0.0476609761	-0.1030309676	-0.0639892862	-0.1286919859	0.0055851855	-0.0044202415	-0.163014945	0.1335441204	-0.079792511	-0.0047487076	-0.0157488884	0.0607459633	0.0180009966	0.0471463283	-0.0297254919	0.1568191795	-0.0213116692	-0.0584652535	0.051870663	0.1016105557	-0.0501859442	0.0292355687	-0.0985526596	-0.0667902667	-0.0684851378	0.1055007667	0.1040084014	0.1015367435	0.0981090648	0.0	0.0	0.0267393444002266	-0.0051256834354233	2.6272630680173805e-05	0.0007149925389539	0.0837994930797236	0.0153396630637132	0.0070223550404186	0.0002353052629082	0.3455732521232519	-0.0052509518176577	2.7572494991363527e-05	0.1194208725830406	0.0006438883017704	0.0002725403870216	4.145921451567697e-07	7.427826255788354e-08	0.0003007391405267	-0.0002213692298618	9.04440306447382e-08	4.9004335929606455e-08	0.0007424032428157	0.0001594999412782	2.544023126774926e-08	5.511625749432673e-07	0.0	0.0
51.65144594942702	-0.0427017119369494	0.0018234362023462	2667.871868666581	59.08481474738708	-0.0466877661924343	3491.0153337330494	0.0021797475120394	56.143393398188856	-0.1168097163275874	3152.080622263796	0.0136445098285314	56.83804023376771	50.59782981393057	0.980287	32.197628	0.0900340684985412	0.060411586651654	-0.0892408463	0.0461963176	0.0154749681	0.1162687771	0.0300109663	0.0462214037	-0.039435046	0.053117311	-0.0652439218	-0.0269494492	-0.0471421655	0.0372271419	-0.023428518	0.0998952575	-0.0618980346	-0.0665213707	-0.0824306158	0.0511630751	-0.0271618473	-0.0433867385	-0.035778526	0.0308852719	0.0744391462	0.0133895823	-0.108026164	0.1348387359	-0.0069409571	-0.0174258982	-0.0767913231	-0.042733143	0.0014433134	0.0765883044	0.0831733846	-0.0425078865	-0.054434998	-0.0120581011	0.1457057116	0.0422516184	-0.032296025	0.1640622921	-0.0289185925	0.096080882	-0.050996212	0.1636002832	-0.0973409284	-0.0955241894	-0.0015025227	0.0722042884	-0.1304000889	0.1312571637	0.0409374516	-0.0748577655	-0.0082530598	0.0409999357	-0.0012796332	0.0688623112	-0.1423319182	-0.0149695851	0.0761849255	-0.0618700346	0.0916924295	-0.1986622817	0.1105147744	0.1033792614	-0.0248138776	-0.1091115393	-0.0350664415	0.0320299035	-0.0157185058	-0.0566195784	-0.0658960049	0.0497155142	-0.0156186322	0.11975548	-0.0374633311	0.1263233418	0.0681085299	0.031308774	0.0192249785	0.036346599	0.0088802535	-0.043952512	0.0542889491	0.0733643157	0.0030175487	0.0427838612	-0.1190787661	0.0380138689	0.0416568213	-0.0674182327	-0.0295768354	-0.016415803	-0.0799126903	-0.0255968461	-0.0587228151	0.1076215935	-0.0598686997	-0.2178049768	-0.0274769787	-0.0796459872	0.1061724408	0.0661659444	-0.0946767944	-0.0030005062	-0.0065887616	0.1611561292	-0.0844088121	-0.0262011919	-0.1279500191	-0.1045178473	-0.0087897938	0.0284243784	-0.1215031091	-0.2072429391	0.0150278419	-0.0107409559	0.0394744818	-0.0974253667	0.0332320214	0.0877156109	-0.1097021297	-0.017442336	0.0633953019	0.0532108945	0.1438977773	-0.0387819526	-0.0037544158	-0.0065793033	0.0294040102	0.104129645	-0.0910677925	0.0060368097	0.0395059671	0.0179009318	-0.0339331728	-0.021285532	0.2228276014	0.0118079254	-0.0597712044	0.025430954	-0.1165726216	-0.0967384224	0.0072933142	0.0869572959	-0.1116046564	-0.0987360014	0.0515640055	0.0955028885	-0.057986549	-0.0237184037	-0.0339414191	0.0048846529	0.0082739496	0.0768178942	0.0824898112	0.1111628008	-0.1269237015	0.1005066498	0.1503108294	0.0260468652	-0.0464560965	-0.2631231411	-0.0560614737	0.105303025	0.1032218959	0.0997837604	0.0950338178	0.0	0.0	0.0319536835078793	0.0052143391076526	2.718933232959633e-05	0.0010210378897217	0.0805701572731862	-0.0032293358065374	0.0064915502430259	1.04286097513846e-05	0.2927493961533258	-0.0528238559699261	0.0027903597595314	0.0857022089481368	0.0002103434806795	-0.0004335448210909	4.424437986436719e-08	1.879611118947405e-07	0.0004290767295576	0.0001283375890309	1.8410683984784585e-07	1.6470536758264192e-08	0.000728954900649	-1.3448342166700027e-05	1.80857907032642e-10	5.313752471801934e-07	0.0	0.0
51.71476264834508	0.063316698918058	0.00400900436188	2674.4166757746675	59.29560619242051	0.2107914450334291	3515.9689137266173	0.0444330332992811	56.19664140570936	0.0532480075205015	3158.0625052818878	0.0028353503049033	56.9037408453273	50.73377678242809	0.942698	30.962984	0.0599928578539815	0.0317449214979966	-0.0134382291	0.0711994784	-0.0225656083	0.0457214636	-0.1112403194	0.0776008964	0.0088407552	0.0204454867	-0.0389625665	-0.0352649802	0.0236687771	0.0748158722	-0.0665128541	0.0131834284	-0.0440794356	-0.0270133462	0.0840040702	0.0047867555	0.0093217166	0.0387738201	-0.0395036453	0.0986294638	0.0108333464	0.0310398201	0.0507737789	-0.1270539615	-0.038267522	0.041595183	-0.0439575973	0.0022200248	0.0231753482	-0.1440905256	0.039915751	-0.0861527627	-0.1553127139	-0.0821823701	-0.0009605375	0.0237807594	-0.0912024511	0.056970021	0.0340292369	-0.0502860481	0.0830056677	-0.0211932304	-0.0277494282	0.0296729666	0.0666283483	0.0367914459	-0.0096072689	-0.0346369398	-0.0594259971	0.0070679208	-0.0507355852	0.1400188738	0.0873476683	-0.0840597852	0.0062308537	0.072108735	-0.0438410653	0.1595429827	-0.1446945448	-0.1425976795	-0.0438329188	0.0896340086	0.0847411535	0.0468887218	-0.0992946414	-0.1140118463	-0.1221554389	0.0980697478	0.0608547213	-0.0238226385	-0.1123685399	-0.047976541	0.0222912628	-0.0340516545	-0.0468216526	-0.003799238	-0.0302459437	0.0065310196	0.0619979531	0.0186828872	-0.0535978777	0.0536910272	-0.0542128343	-0.0349252247	0.0276187772	-0.0179982405	-0.1927887534	0.0734531968	-0.0333847807	-0.0816528745	-0.1689106406	0.0605071822	-0.0827294931	0.0363023947	-0.0255423577	-0.0152994231	-0.0543458132	-0.0103136684	-0.0631362861	-0.0381241273	-0.0093184059	0.0628760044	-0.1918030458	0.0069302874	-0.0720801749	0.0065525544	0.1355864784	0.0220179681	-0.0519922899	0.0226944151	0.1541167547	0.0248042775	-0.0272243905	0.0526256853	0.0309106024	0.0389501148	0.0106662011	0.089898412	0.0156738424	-0.0276101168	0.1086345982	0.0053667232	-0.0651974069	-0.0069461463	-0.1578912303	0.0148524966	-0.1096794651	0.0587230563	0.0377481042	0.0234481179	-0.0188127728	0.0464612844	-0.0489974079	-0.1011824066	-0.0270747266	-0.0025841067	-0.0961783524	0.0043899937	-0.1230387094	0.049579098	-0.0270819869	0.1223669393	-0.1098418511	0.0452812434	-0.1172842823	-0.0124081982	-0.0310018978	0.0715994619	-0.0162865546	-0.0326866207	-0.0141140196	-0.0194680194	-0.0595898374	0.0280306045	-0.0513104739	-0.0433641266	-0.1013385537	0.0191760443	-0.0205090897	0.0521102738	0.0740673362	0.1050724821	0.1023067888	0.0977510977	0.091485117	0.0	0.0	0.0198256284221258	-0.0121280550857534	0.000147089720163	0.0003930555423322	0.0795120839803757	-0.0010580732928105	0.0063221714989023	1.119519092958864e-06	0.2926673562882982	-8.203986502758331e-05	6.730539453744088e-09	0.0856541814367816	0.0006899646374918	0.0004796211568122	4.76051200989191e-07	2.3003645406196887e-07	0.0001202011186418	-0.0003088756109158	1.4448308922740076e-08	9.540414301860869e-08	0.0005829578761693	-0.0001459970244796	2.131513115692612e-08	3.3983988538782093e-07	0.0	0.0
51.70311030393673	-0.0116523444083469	0.0001357771302107	2673.2116151010487	59.25458357805874	-0.0410226143617649	3511.105675009149	0.001682854889074	56.16599933020503	-0.0306420755043248	3154.619480760592	0.0009389367912127	56.86497505477436	51.18294190196685	0.950101	31.206161	0.0329338097394983	0.017147158829412	0.0317675434	0.0575270494	-0.0713310853	0.0537627855	0.1007933324	0.0582283131	0.0673296433	0.0462045101	0.0084002128	-0.0158041651	-0.0020301911	0.0248901053	-0.0548104512	0.0041935113	0.0194893723	0.1412532122	-0.0623621514	-0.0448709631	0.0607746993	-0.0292883399	-0.0509797844	-0.0077496925	-0.1341172	0.0724679097	0.0899987155	-0.0228169597	0.0162080374	-0.0518642886	0.0352665411	0.1521167739	0.0989873892	-0.1049891721	0.1582224291	0.0640525417	0.0333570868	-0.1034005244	0.1065941843	-0.059692083	-0.1322157004	-0.0191699669	-0.066129423	0.1762142292	0.0132542747	0.0807629967	-0.074777586	-0.0786895789	0.0275061667	-0.1166271436	-0.0119412758	0.1006774737	0.0346259507	0.0312924756	-0.0022215583	-0.0772009398	-0.0995789457	-0.034026384	0.0209238634	-0.0464722259	-0.1768246331	-0.0473071496	-0.128837813	-0.0095900557	-0.0625665147	0.1161447319	0.1293129509	0.029558583	-0.1308866734	0.0142004442	0.0427448519	-0.0826877579	0.0866429063	0.0622380102	0.0362764866	0.0652335272	0.0710782758	-0.001990787	0.0101405202	-0.0484434028	0.0604573908	-0.0306382902	0.0243570605	-0.008681256	-0.1676615792	0.0045734634	-0.0260093576	0.111888712	0.0624442297	-0.0032219218	-0.1496675637	-0.1150582755	-0.0930308671	0.1357321241	-0.0875506031	-0.0068637601	0.0312560306	0.0160646015	-0.0692892912	-0.0562114359	0.172110916	-0.0645042096	0.0909154545	-0.0358528383	-0.0929386914	-0.0049517815	-0.0331686815	0.0903088864	0.0129207669	-0.0082290665	-0.0451438048	0.0158145095	0.0638440487	0.0248198422	-0.1438790016	0.2057259483	0.0257185864	0.128512463	0.0829050263	0.1720026281	-0.0411815752	0.1638966031	0.0489388843	-0.0790055297	0.0562191716	0.100653499	0.0255980715	0.0608526283	0.0610637468	0.0905818898	0.1349181577	-0.0298915934	0.0964555537	-0.0867041524	0.0623890204	0.0278606927	-0.0294113387	-0.0608344331	-0.0513525937	-0.0307649052	0.0134144701	-0.0383846696	-0.0423164692	0.0906406962	-0.0027322321	-0.0491217175	-0.1829925862	-0.0050855552	0.0462352515	0.0494438476	0.0363302234	-0.0383691524	0.0575649244	0.0328924771	0.073783343	0.0713615706	0.0187680082	-0.0462861566	-0.0395774758	-0.0941903066	-0.0249874197	0.1124104614	-0.0559335412	0.1777881352	0.0345237388	0.1048092098	0.1012642201	0.0954444529	0.087480642	0.0	0.0	0.0103525719758863	-0.0094730564462395	8.973879843363976e-05	0.0001071757465159	0.0908048340211991	0.0112927500408234	0.0082455178816175	0.0001275262034845	0.2849509190279278	-0.0077164372603704	5.954340399323284e-05	0.0811970262548606	0.0007789650380753	8.900040058350007e-05	6.067865305436536e-07	7.921071304023479e-09	0.0001202272193001	2.6100658300003092e-08	1.4454584260634337e-08	6.812443636935201e-16	0.0005829530575698	-4.818599499988897e-09	2.321890114129325e-17	3.398342673299786e-07	0.0	0.0
51.73188051162172	0.0287702076849853	0.0008277248502371	2676.187461268707	59.84557077336439	0.5909871953056509	3581.492341189766	0.3492658650152396	56.20562279138634	0.0396234611813071	3159.072033367608	0.0015700186759865	56.90659950218119	51.51742601174882	1.000241	32.852993	0.0823047191824784	0.0596210855936542	0.1159405469	-0.0512118722	0.0043307528	0.1036747315	-0.1017561614	0.0071381653	0.1036125191	-0.0482386221	0.0309860939	-0.0351490302	0.0463395515	0.1128026426	-0.0196030521	0.1233741384	1.03908e-05	-0.0883733955	-0.0514816941	0.0018327894	-0.1083835768	0.024575855	0.0517655278	-0.0717647612	-0.0325067603	0.0053534098	0.0137428172	-0.0197260458	0.0626002887	-0.062652158	-0.0915010555	-0.0441181797	-0.0915755907	-0.0533915313	-0.0188556773	-0.001477504	-0.0141700494	0.0867924619	0.1244640081	0.0599745704	-0.1096445147	-0.0503765216	0.0384569507	0.0723590383	0.0029518399	-0.0669861306	0.0381588262	0.1696370791	-0.0810521606	0.1466401423	-0.034398505	0.0207750599	0.0245530937	-0.0243800484	-0.0808745639	-0.0519951746	0.0951468602	0.1274406293	0.1117335993	-0.0961392935	-0.1542918534	-0.0838953553	0.0174464861	-0.0386449757	-0.0860248037	0.0744856263	0.1325938112	0.0419339782	0.0598534192	0.0246945357	0.1539427038	-0.0311264394	-0.0681335051	-0.0444893252	-0.0979011037	-0.0232906029	0.1461190888	0.0657423364	-0.0695459291	0.0185108551	0.0069994287	0.0075202886	-0.0059792048	0.1019206579	-0.0921098136	-0.0658852257	0.1053176591	0.0105516252	0.0732580495	-0.0764002088	0.0149494656	0.0419543902	-0.0170550004	-0.1318787272	0.0543896365	0.0201016946	-0.0508131437	0.090433333	-0.0461577481	-0.1375241354	0.0789409143	0.1329359985	-0.0364920105	0.0750751495	0.1571156546	0.0458524656	0.0575691812	0.0233020376	0.1080192115	0.0314711979	0.0579499335	0.0707179992	0.0597073026	0.1171559535	0.039894559	0.0356011015	0.0219127024	-0.0354967326	0.1818929201	-0.1047435907	-0.0205902042	-0.07116134	-0.0473129769	0.0344171125	-0.0228940989	0.0812529303	0.0614896321	0.0991236797	-0.0449731001	0.046740785	0.1431096747	0.089280146	0.0435439357	0.1079537319	0.0939786394	0.0077054098	-0.0266857315	-0.0058162718	-0.0301059203	0.0910813437	-0.0105802957	-0.1582372942	-0.0167058925	0.0185103724	-0.0123817194	0.0958740451	-0.083792426	0.0912891724	0.0347204078	0.0038134823	-0.1218079711	0.0284834614	-0.1366289227	-0.0192846774	-0.0333436668	-0.0618136734	-0.0197194368	0.008631401	-0.0831560802	-0.0084226706	-0.056925052	0.0358028897	-0.0789763066	0.0984122272	-0.091036743	0.1045132902	0.1000954889	0.0928702909	0.0830403428	0.0	0.0	0.0138699005883182	0.0035173286124319	1.2371600567832118e-05	0.0001923741423298	0.0928008179274542	0.0019959839062551	0.0086119918080045	3.98395175402939e-06	0.3405859048052093	0.0556349857772814	0.0030952516424383	0.115998758551983	0.0010759570856587	0.0002969920475833	1.157683650179163e-06	8.820427632778049e-08	0.0001208812993997	6.540800996000052e-07	1.4612288544559912e-08	4.2782077669275286e-13	0.000708435347617	0.0001254822900471	1.5745805115489605e-08	5.018806417532196e-07	0.0	0.0
51.65073721149249	-0.0811433001292272	0.0065842351558618	2667.7986544906557	59.02684849978768	-0.8187222735767108	3484.168843816888	0.6703061612506185	56.20957241126959	0.0039496198832509	3159.5160306577595	1.5599497222171108e-05	56.88229953517381	50.58123734831477	1.043109	34.261021	0.1186215919460426	0.0763407578802123	-0.050215474	-0.1301353453	-0.1353452759	0.0489437986	0.0689560978	0.1448638931	-0.113165423	-0.0640780873	0.0782417402	0.005930589	-0.0798667545	0.0224380532	-0.1638400751	0.0951464038	0.102794488	0.067918721	-0.0820503296	-0.0106529374	-0.0227694954	-0.002733261	0.0642203987	-0.0439857097	-0.1143912736	-0.0446314468	-0.0399653195	0.0367870996	-0.0624080311	0.110528109	0.1721622354	0.1287782207	0.0473816304	-0.0932134566	0.052469358	0.0086726152	-0.0191016616	-0.0516575234	-0.0591929639	-0.0074062813	-0.0460772234	-0.093844365	-0.0660268966	-0.057115058	0.0026895527	0.017969552	0.0186974847	0.1014815975	0.1483685001	0.0040713251	-0.0426148233	0.0167477209	-0.0712845601	-0.1102719419	0.0125505069	0.044395657	0.0969527855	-0.1739067523	0.0850748238	-0.021788747	0.0599286404	0.0754503345	0.136851713	0.0478863917	0.1193525645	-0.0552623172	-0.0183109631	-0.1006212498	-0.1360521831	0.0827841179	0.0286033885	-0.041848565	-0.0848971042	0.0352302901	-0.0825172469	0.0451799349	-0.0124758251	-0.0235178334	0.0503556698	0.0231049347	0.0703732899	0.0351952866	-0.0799188698	-0.0892894346	0.0160814157	-0.1152204573	-0.053291546	-0.0221908296	-0.057780455	0.0989967381	-0.1135346035	-0.0789316774	-3.63195e-05	0.0199877195	0.0178759793	0.0428045865	-0.0413215248	-0.0689500003	-0.0289121817	0.0391297701	0.019916382	-0.0562178287	0.0173966881	-0.0671644126	0.0152720563	-0.060292493	0.0906171614	0.1333840375	0.009773323	0.1685504779	0.1030959385	-0.1032583949	-0.1605973192	-0.0899367426	0.0546344134	0.0478544131	-0.1523054001	0.0360960114	-0.0235378491	0.0666151932	-0.0175910682	0.0365234636	-0.0738709302	0.0418425542	0.0359891296	-0.05789807	-0.0719046087	-0.0186389359	-0.0302563426	0.0835658764	0.0276808221	-0.0777038946	-0.0285222452	-0.034932802	-0.1416722039	0.0305111881	0.0279463159	0.0068859995	-0.0570518988	0.0358529878	-0.0604542386	-0.094667055	0.0179623148	-0.0955673256	0.0138154171	0.0512298808	-0.1052081814	-0.1156482135	-0.0620418188	0.0015423434	-0.0330573546	-0.0344135561	0.1542839887	0.0693155844	0.0328880214	-0.0252188591	-0.0300831555	0.0056100412	-0.12046966	-0.1284777931	-0.066799728	0.0278644997	0.0671678717	0.0548650996	-0.0778393392	0.1041848154	0.0988020511	0.0900358269	0.0781863408	0.0	0.0	0.0108713211355677	-0.0029985794527505	8.991478734457496e-06	0.0001181856232326	0.0865991767270912	-0.0062016412003629	0.0074994174098099	3.8460353578039807e-05	0.2851213437864501	-0.0554645610187591	0.0030763175290036	0.081294180682591	0.0001859464515053	-0.0008900106341533	3.4576082827412896e-08	7.921189289061371e-07	0.0001845541113785	6.36728119788e-05	3.406022002670778e-08	4.054226985287617e-09	0.0005829825882658	-0.0001254527593511	1.5738394828830085e-08	3.398686982210913e-07	0.0	0.0
51.721972888474696	0.0712356769822051	0.005074521675113	2675.1624794761115	59.07966735273759	0.0528188529499047	3490.4070945101275	0.0027898312269436	56.1689511048708	-0.0406213063987905	3154.9510682213668	0.0016500905335444	56.83353493976525	50.42308205332836	1.055541	34.66935	0.0736147960559333	0.0593059617818047	-0.1108832414	0.0192074973	0.0279001135	0.1074922937	-0.0445210945	0.0339943727	-0.0825218699	0.1039027581	-0.0195604762	0.0057567117	-0.0273459146	0.1638482357	-0.0118030081	0.0131270657	0.0167948285	0.0017424583	0.0415424567	-0.034521947	0.0369193164	-0.0529601484	0.1427792421	0.1010770498	-0.2508132632	0.0522275594	-0.212328057	0.1443236209	-0.0204417266	-0.0001624328	-0.1331645094	0.0299468017	0.0526687307	-0.0007999423	-0.0473285105	-0.0456882235	0.1038098807	-0.0675841482	0.000109581	0.0681049258	0.0582003233	-0.0257335185	-0.1580003121	-0.1156445275	-0.0459000461	-0.0823326115	-0.0885677603	0.0471073347	0.0522305199	0.113123793	0.0365895164	-0.0279521493	-0.066216998	0.0156019094	0.076498498	-0.0432527743	0.0807549773	0.0423474546	0.0299582285	0.0461298517	0.045714584	0.0642014049	-0.0029248761	0.0218689253	-0.0345628844	-0.0130981892	0.076111409	0.0639211185	0.1640842805	0.0732134711	0.1077990559	0.0525950496	0.0564126096	0.1362750717	0.0245797212	0.0013121217	0.0111942388	-0.0297162808	0.0416747425	0.015871219	0.013241673	0.154679545	0.0327828231	-0.1851191253	-0.1111538595	-0.0007583289	0.0063854728	0.1227760156	-0.1227453094	-0.0003030171	0.0195904752	0.0878239147	-0.1039918406	-0.0357374131	-0.0222383312	0.0203426149	0.0047396429	0.0090094215	-0.0138041996	0.1033416502	0.0260272258	-0.0749787827	-0.0807383736	0.1563413583	0.0722206744	-0.1768348707	0.0959418697	-0.0133564615	0.0838649708	0.0509852722	0.043710501	0.0074233503	-0.1300870515	0.0039574817	-0.0546954267	0.0031420774	0.0303460387	-0.0913989533	-0.049728245	0.0926031875	-0.0896303714	-0.0188638593	-0.0627173466	0.0182530247	-0.0898159626	0.0869725979	0.0004681876	0.0736018124	0.0251490541	-0.0297149685	-0.0593257547	0.1033915216	0.0542781709	0.1071263296	0.023716906	-0.1230659551	-0.0388901053	-0.033298207	0.0486667301	-0.0414375909	0.0066673716	-0.0405232201	-0.1603098993	-0.1121658062	-0.0479497437	0.0319704096	-0.1596017073	0.143914197	0.0955222694	0.0461396731	-0.0209756152	0.1326965315	-0.1004431028	-0.0557528676	0.1079891255	0.0189255816	0.0398807761	-0.0402056057	-0.0561017931	-0.0423603016	0.0317372511	-0.0828830652	0.0991103267	0.0789555662	-0.1017390496	0.1038238878	0.0973855183	0.0869490055	0.0729428184	0.0	0.0	0.0183955527848951	0.0075242316493274	5.661406191274013e-05	0.0003383963622618	0.0909304725837927	0.0043312958567015	0.0082683508443118	1.8760123798279584e-05	0.3436543789133495	0.0585330351268993	0.0034261162011668	0.1180983321463199	0.0001859653996557	1.894815040000232e-08	3.4583129869104234e-08	3.5903240358110794e-16	0.000120054457493	-6.44996538855e-05	1.4413072763938545e-08	4.160205351349296e-09	0.00058298865469	6.066424200002265e-09	3.680150257437313e-17	3.398757714972561e-07	0.0	0.0
51.57944463341428	-0.1425282550604123	0.0203143034905659	2660.4391086914493	58.966851525128206	-0.1128158276093813	3477.0895787865147	0.0127274109591896	56.13633988572539	-0.0326112191454086	3151.2886557656834	0.0010634916141498	56.80650130936139	50.990956086553005	1.077306	35.384216	0.1402663258535649	0.0833204853340194	-0.0169094853	0.0620085665	-0.0254678316	-0.0147098731	-0.0820558641	0.022768239	0.0116621766	0.0466990424	-0.0148121773	-0.0074661212	0.0544628946	0.049453331	0.0174865971	0.1948894289	-0.0121237553	0.0270797268	-0.1168014822	0.1871090301	0.083857295	0.1449992872	-0.1050504814	0.0526406914	0.0836099198	0.0454195089	-0.0346220436	-0.0984200577	0.0449022014	0.0024800014	-0.0793151732	-0.0044844403	-0.0577853842	0.03846794	-0.0676987934	0.1002240769	0.0194701074	-0.0330144458	0.0896116722	-0.0914455825	0.0264744439	-0.0326244397	0.0606221143	-0.0014348123	-0.1102147829	-0.1179692305	-0.0149455	0.0577308904	-0.0202823326	-0.1002150245	-0.0602494083	-0.1182872276	0.0257851082	0.0271009867	0.0868562978	0.04272453	-0.0762211476	-0.1002136646	0.0817335441	-0.0312422872	0.0128515953	-0.0325711638	-0.1043328091	-0.0257291808	-0.0870039812	0.0514638411	0.059269235	0.0236720347	0.1203138612	-0.0011940982	-0.05745856	-0.0374344735	-0.0803316024	-0.1011955556	0.0573395097	0.0529043955	-0.0201253121	-0.0371965987	-0.0671794198	0.1286390398	0.1464916525	0.002951929	0.0939341234	0.033940154	0.0938454881	0.0608845164	0.0410121436	-0.025023742	0.0119297343	-0.1679132046	0.0369200449	0.0601472249	-0.0313944822	0.0380520622	0.0782960991	-0.0109743437	0.0601840493	-0.0956946107	-0.089661401	-0.0347725973	0.0460003371	0.0029518922	-0.0020201519	-0.001567091	0.1161726982	0.0029988371	-0.0971759406	-0.1135440981	0.0204089319	-0.005122605	-0.0116223669	-0.0983011754	0.0028780085	0.0269263231	-0.086105166	0.087730272	-0.0559034038	-0.0160517368	-0.0348398866	0.0575761551	-0.0746753223	0.1258183375	0.0769595267	-0.1044845817	-0.0229422504	-0.0067666665	0.0752132518	0.0134568273	-0.0508668366	0.0736333978	-0.0517801918	0.0237724626	-0.2107583415	0.029260846	0.0749951388	-0.0891393673	-0.0480977406	0.0734153335	0.0055124126	0.1244883386	0.0437189406	0.1314768166	-0.0519672664	0.0134250276	0.0035382446	-0.1253425665	-0.0316300812	-0.2743464419	-0.0226151497	-0.3319626725	-0.3388452105	-0.2019973885	0.1405988616	-0.1851440011	0.0004877802	0.0703789345	0.0941257101	0.0530587806	0.0862751489	0.028855131	-0.1423517207	-0.2278059838	0.0742110483	0.0592769201	-0.0247482213	0.1034306197	0.0958476552	0.0836184785	0.0673358985	0.0	0.0	8.148479781766582e-05	-0.0183140679870774	0.0003354050862352	6.6397722753858765e-09	0.0888114318114219	-0.0021190407723708	0.0078874704203948	4.4903337949698735e-06	0.2701244379043928	-0.0735299410089567	0.0054066522247806	0.0729672119531641	-0.000308960647292	-0.0004949260469477	9.545668157509164e-08	2.4495179194727693e-07	-0.0001760691936474	-0.0002961236511404	3.100036095164564e-08	8.76892167647213e-08	0.0004479728310749	-0.0001350158236151	1.82292726264638e-08	2.006796573812609e-07	0.0	0.0
51.44477458090841	-0.134670052505875	0.0181360230419351	2646.56483168048	59.00427470232714	0.0374231771989315	3481.504433147682	0.0014004941916626	56.17141843871247	0.0350785529870805	3155.228249416928	0.0012305048796674	56.8954399084311	50.52563300462408	1.043144	34.26215	0.230071199868246	0.1162844577000507	0.04579821	0.0196080605	0.0368655195	-0.0097587196	0.0662249821	-0.2043480594	0.0887356089	0.0364864993	-0.0768786113	0.0288118287	0.0258707023	-0.0834636649	0.0072034462	0.0108350941	0.0275820394	0.2260153285	0.0290129685	0.0987575785	-0.085651262	-0.0709834463	-0.1140533664	0.0090984409	0.1433223232	-0.0058687753	0.2012509398	0.1375376578	0.0220749016	-0.0112788993	-0.0846280491	0.1310525907	0.0292057425	-0.057193153	-0.0920475733	0.0030558099	-0.0119341777	-0.1158422719	0.0938594618	0.0325993087	-0.0120073144	-0.1570801571	-0.037344222	0.0978802714	-0.061623605	-0.0729654052	-0.0626610715	-0.1650450915	0.0214405516	0.0749394945	0.013293857	-0.0765477625	0.1000360011	0.0510711311	0.0247698593	-0.1030792222	0.0476788006	0.043744662	0.0034340544	-0.1423493759	0.0092905986	0.0494268041	0.0067930812	-0.0187881395	0.0879400507	-0.0318710214	-0.1131747161	0.0503360662	0.0123847834	0.0716076322	0.0564545624	0.0397917047	0.0374574894	-0.0329351243	0.0376806723	-0.2019097383	0.0225865479	0.1017581907	0.1616830361	-0.0455679479	0.1580090996	-0.2112447332	0.0747088468	0.0775153717	0.0831660937	-0.0122745059	0.0539448317	0.1471092138	0.1165794598	0.1206008674	-0.0349738821	0.0320093075	0.0006146556	0.0643212499	0.0081233939	0.0919115291	0.0336395623	-0.1031848425	-0.054649406	-0.0612849876	0.1855527453	0.0440770699	-0.0138851916	0.0950591816	-0.1104250212	0.0036209292	0.089595469	-0.0647142394	-0.0093161308	0.045077371	-0.0188786206	0.0148799528	0.0826447947	0.0221281111	-0.0621570547	-0.1099160799	-0.0900527952	-0.0026529154	0.0123148835	0.0750196813	-0.1288678259	-0.081262971	-0.2418252094	-0.0493713589	0.005197434	-0.1924932474	0.0021418571	-0.0081646884	0.0158305652	-0.0752677666	0.0093256534	-0.0233534575	0.0334866165	0.1743271276	0.0336896136	0.1014504539	-0.1755163246	0.0243909057	0.0051695019	-0.0388676187	0.1369784283	0.180789296	0.222080584	0.0735306761	0.0729556283	-0.157426086	0.0642348817	-0.2846639399	0.070464735	-0.2284527255	-0.1718611688	-0.2117251091	0.0869085543	0.1892918597	0.0621331294	-0.0001708433	0.0253731571	0.1896234082	-0.1408023424	-0.0098605818	0.0052395744	0.1828463174	-0.0636762888	0.0045665452	-0.0706989938	0.1030051337	0.0941903779	0.080053581	0.0613935146	0.0	0.0	0.0098357258142982	0.0097542410164805	9.51452178075912e-05	9.6741502294052e-05	0.0370886268284778	-0.0517228049829441	0.001375566240022	0.0026752485553036	0.2067492599300564	-0.0633751779743363	0.0040164131832788	0.042745256481626	0.0014749746325116	0.0017839352798036	2.175550166552729e-06	3.1824250825279484e-06	0.0001208133414369	0.0002968825350843	1.459586346914898e-08	8.813923963808061e-08	0.0004244111280731	-2.3561703001800016e-05	5.551538483450318e-10	1.8012480563228128e-07	0.0	0.0
51.64228308525207	0.1975085043436593	0.0390096092880692	2666.925402257312	58.841540563552776	-0.1627341387743612	3462.3268958922267	0.026482399922633	56.4225651806207	0.2511467419082294	3183.505861561392	0.0630746859711187	57.11373673632218	50.65631955429162	1.14807	37.70845	0.1034580496510328	0.0458064488712313	-0.0511782264	-0.1356050892	-0.067453438	0.0253324425	0.0263821831	-0.0681665476	-0.08742808	-0.1732463818	-0.0280725595	-0.0085176659	-0.1033493106	-0.1439205744	-0.1239746613	0.0381108645	0.0506147497	0.1447212492	-0.1130838193	0.1035393664	0.0704050069	-0.0635322423	-0.0587808546	-0.1529872795	0.1644564986	-0.0532885318	-0.1365546682	-0.1551418515	-0.1073181179	-0.0938095399	0.0361318718	-0.0096164235	-0.0350540428	0.0180839413	0.0498289054	0.003740855	0.0937881456	0.0094510763	0.0371210963	-0.0157207405	-0.1758932095	-0.0244464699	-0.0177500703	-0.1721834004	-0.0685076964	-0.1469740924	-0.0330164833	0.008820964	-0.1660736768	0.0438791816	0.0275642277	-0.0517319259	0.014205598	0.1451216208	0.0314314269	-0.0268796997	-0.0706457666	-0.0664713051	-0.1427234496	0.0191717822	0.0271143489	0.0535980441	-0.031491537	0.007528851	0.0615221617	-0.0470346815	-0.0768516601	0.1065387158	0.0055109414	-0.0201205823	0.0624200821	0.0751635879	0.0123890518	-0.0078410509	-0.0334742368	0.1090610439	-0.1298258104	-0.1007689447	0.0253412107	-0.1453386912	-0.0729718287	-0.080110403	-0.2135556811	-0.0304606575	0.1374455508	0.1235713211	0.0061267059	-0.1691782165	-0.1027662949	-0.0176058591	-0.1134403643	-0.0526762146	0.0729006105	-0.0383516279	-0.010287123	-0.0114363799	-0.0453471951	-0.0999093489	-0.0998792361	-0.0860781042	-0.0444391335	0.0671747196	0.0500114761	0.0246187952	0.011024226	-0.0560468432	-0.0117765456	-0.1396047252	0.2616317415	0.0450995672	0.0413435562	0.0650087775	0.1285580208	0.0391185559	-0.0467642097	-0.0329429714	0.0592186707	-0.0997815253	-0.1256190641	-0.0192901654	-0.0018133322	-0.0699806595	0.01893985	0.0282100191	0.0667553384	-0.0432155976	-0.0829100688	-0.0362793636	-0.0734047557	-0.0497496781	-0.057643542	-0.0930024755	-0.0156619581	0.076356755	0.1245869748	-0.1904621671	-0.0190478195	-0.100775919	-0.0136846481	0.0773500825	0.0184023247	0.0095004854	0.1290454038	-0.0743975857	0.0896121766	0.1491763015	0.0441185135	-0.0070089384	-0.080440811	0.0099097755	0.1274625053	0.1234582136	0.0766534888	0.0931857304	-0.0398437254	-0.1527335809	-0.0695200454	-0.158759759	0.0850899005	0.0822066562	0.2384398393	-0.0383192092	0.0673973708	-8.35315e-05	-0.0964236522	0.1025475623	0.0924157511	0.0762643048	0.0551452713	0.0	0.0	0.0015122994434051	-0.0083234263708931	6.927942655167867e-05	2.287049606523375e-06	0.0551187070177832	0.0180300801893054	0.0030380718633122	0.0003250837916327	0.2223202573013907	0.0155709973713343	0.000242455959138	0.0494262968065565	0.0008250879981019	-0.0006498866344096	6.80770204611801e-07	4.22352637584367e-07	-0.0002982584244313	-0.0004190717658682	8.895808774424148e-08	1.7562114494789146e-07	0.0005861236421852	0.0001617125141121	2.6150937220456144e-08	3.435409239284444e-07	0.0	0.0
51.4123253381468	-0.2299577471052671	0.05288056545373	2643.2271966754515	59.0676671629921	0.2261265994393255	3488.9893040780157	0.0511332389739931	56.14549323123136	-0.2770719493893381	3152.3164101782468	0.0767688651384079	56.85331000544467	50.129768914550375	1.073314	35.253078	0.1725333819741366	0.0956665294116758	-0.1049269901	0.0158842349	-0.0155741652	0.1274997893	0.0266972814	-0.1982573405	-0.05083427	0.0607674092	0.0007812433	-0.0453867866	0.0746814394	-0.0142676891	0.0406038707	-0.0063407554	0.0028372868	0.0850453119	-0.1905884173	0.0679415836	-0.1299380564	-0.1654566215	-0.0272219177	0.1827501273	0.14635981	-0.0327560388	-0.0042766807	-0.0009088884	0.0020436654	0.1329357844	0.0265561898	-0.0770381658	-0.020105581	-0.1131913847	0.0325059126	0.0602123827	0.0296830055	0.0432282652	0.0091889912	-0.076935328	-0.0174816527	0.0041097966	0.0493501004	0.0985891383	0.0818028723	0.0899544547	-0.017203499	-0.0040894752	0.0002491136	0.0876629374	-0.0015270991	0.1038767352	-0.0049150843	0.0737261463	-0.1495274433	0.0228224656	0.0831426669	0.0490064874	0.0602233978	0.0066413247	0.0498764405	-0.1011767063	0.1164772424	-0.1165835644	0.0042932369	-0.0694925708	-0.0136872778	0.0337369893	-0.0470631533	-0.0741196362	0.0919303397	0.1707623463	-0.1471246227	0.1352375203	0.0785605466	-0.0374691176	-0.1882316011	0.034289929	-0.0929800524	0.1063623649	0.0794940958	0.025570762	0.086691946	-0.0057552617	0.1277492305	0.0504864304	-0.0526315128	-0.162661638	0.0877247753	0.0719421978	-0.0581829087	0.1449029489	0.0174645719	0.059704728	-0.005441248	0.0001673906	-0.0230647438	0.0674522409	-0.0662279101	0.0273626805	0.1273061073	0.0671476566	0.0430174786	-0.0151843032	0.0171856218	-0.0618587371	-0.0164707036	0.0697088844	-0.1057886883	-0.0317933004	-0.1077077475	0.019916277	-0.0576658359	0.0101176277	-0.0338689395	0.0062694581	-0.0125055367	-0.0080436139	0.1063532007	-0.1269681528	0.0099089061	-0.0478300496	-0.0316678204	0.1298415729	0.1738778345	0.0721569983	-0.1394474374	-0.0874372033	0.1099770638	0.0617298919	0.0895535632	-0.0025628745	-0.1311493163	-0.0779275214	-0.214810705	-0.1076241014	-0.0258970421	0.0099014536	0.0892490133	-0.1249017537	-0.0165871796	0.1404543921	0.0225077536	-0.0940122111	0.1536694016	-0.0819660095	0.0153908659	0.0010251003	0.0815364238	-0.1310581643	0.0443516854	-0.0701122211	-0.0593337241	0.055905395	0.1045193552	-0.1796635482	0.2418034194	-0.134326977	-0.0031578025	0.0204616547	0.0768795643	-0.1141450468	-0.0448238961	-0.1049654953	-0.0531859202	0.1020580481	0.0905259858	0.0722612707	0.048622297	0.0	0.0	0.0129196846853432	0.0114073852419381	0.0001301284380579	0.0001669182523686	0.074016189089761	0.0188974820719778	0.0054783962473712	0.0003571148286607	0.3013316814375315	0.0790114241361407	0.0062428051440211	0.0908007822379699	0.0014754197686471	0.0006503317705451	2.176863493714662e-06	4.229314117804546e-07	0.000290413813071	0.0005886722375023	8.434018282243774e-08	3.465350032059643e-07	0.0005607858397511	-2.533780243410002e-05	6.420042321894848e-10	3.144807580653464e-07	0.0	0.0
51.46368160141951	0.0513562632727087	0.0026374657773357	2648.510523972285	58.68878348498421	-0.3788836780078952	3444.373306947355	0.1435528414607904	56.13025241961582	-0.0152408116155413	3150.605236689788	0.0002322823387004	56.799056068862775	50.52670045820528	1.02973	33.821564	0.1355242688235286	0.0711422262660738	0.0138143415	0.0500224576	-0.0751673212	0.0418327073	-0.0788825919	-0.1139861518	0.0403965641	0.0083000087	-0.1368743911	0.1923328314	-0.0217403912	-0.0227684873	-0.0645533236	0.0508144712	0.0539490698	-0.0215424355	-0.0048534759	0.0183900618	-0.0025064136	-0.075391166	0.1053332821	0.1654178308	-0.0016209613	-0.0401866118	0.1234141356	-0.1136295907	0.0841821846	0.062557491	0.0792529658	-0.0039778463	0.1091050996	-0.0336537735	0.0848424281	0.0668437286	-0.05823494	-0.0664326845	-0.0670000618	0.0803096474	0.0628238559	0.1096843839	-0.12350572	-0.0714742981	-0.0629916227	-0.0036574065	0.0694754012	0.050869395	-0.009610453	-0.0005410739	-0.0222055003	0.0098167669	-0.1034600224	-0.0525998488	-0.068722009	0.049009715	0.0974974529	0.0219476045	0.022898082	0.0301759875	0.0673439234	-0.0111558124	-0.1066599317	0.0306932908	0.0204160308	-0.0663078453	0.0089871819	0.0701383184	-0.0113888452	0.0648812666	-0.0007483513	-0.1116064023	0.0232713241	0.0516532058	0.012188605	0.0233685594	-0.0366782748	0.0556304651	-0.059095545	-0.0693632788	-0.1020913577	-0.1007185995	0.1096902737	-0.0608053806	0.0340577788	-0.0755460102	-0.0884477389	-0.0898344909	0.0988058202	-0.0127501239	-0.0436176654	-0.0756781754	-0.0239699905	0.0536786607	-0.1090455896	-0.0373603203	-0.1453513863	-0.0384016214	0.0654979541	0.1652164976	-0.0567662037	-0.1195070011	-0.039856557	-0.0437705531	0.0979395465	0.0523964128	-0.0872198569	0.02309107	0.0241382962	0.006505247	-0.0675130672	-0.0412061424	-0.0854407407	0.0363982138	-0.0363737183	-0.0192399736	0.014250377	-0.013876868	0.0285063533	0.0040879518	0.0076000758	-0.013684799	0.0228837964	0.1281156467	-0.0233959725	-0.004441488	-0.1018528189	0.0304901587	-0.0123286629	-0.0808145499	-0.0117029296	-0.0289552227	0.0979238702	-0.0406745509	0.0119970268	-0.0771583962	-0.0399556861	-0.1108696412	0.0002861086	0.0723075935	0.0340142797	0.1303030199	0.0225855545	0.0278832808	-0.0154533661	0.0939848439	0.1850355774	0.0585606434	-0.0879228881	0.0588445136	-0.0593581492	0.0296998644	0.0462079254	0.0229841652	0.0833174029	-0.2007080668	-0.0711716236	-0.1160265346	0.0807762557	0.0946901539	0.0991617864	-0.0862619589	0.0607773524	0.0039327887	-0.1321874329	0.1015367435	0.0885234364	0.0680556987	0.0418570888	0.0	0.0	0.0258087969352942	0.012889112249951	0.0001661292145918	0.0006660939992472	0.0814590175987035	0.0074428285089424	0.0066355715481458	5.5395696213527205e-05	0.2562376781661513	-0.0450940032713801	0.0020334691310392	0.0656577477119801	0.0006222551855487	-0.0008531645830983	3.8720151594224725e-07	7.278898058534664e-07	0.0006977188567438	0.0004073050436727	4.868116030558753e-07	1.658973986013015e-07	0.000702282708845	0.0001414968690939	2.0021363963376272e-08	4.93201003142671e-07	0.0	0.0
51.40269343094858	-0.060988170470928	0.0037195569373909	2642.2368919560845	58.8667084087025	0.1779249237182938	3465.289358875206	0.0316572784801606	56.06965094676121	-0.0606014728546142	3143.80575729164	0.0036725385121485	56.75564104433818	51.01172796707579	0.994315	32.658371	0.1132781454239825	0.0668358099602642	0.0760406168	0.0529844941	-0.0766171614	0.0152363882	0.1744635523	-0.098155237	0.0996369692	0.0607889014	-0.069763463	0.1786656145	0.0142479687	-0.0223079446	-0.0746344139	-0.1345236198	0.0894148596	0.0915513634	-0.051629008	-0.1758912365	0.1295888587	-0.0908203968	-0.040944697	0.0087108778	0.085520861	-0.070747013	0.1321710353	0.0513455655	0.1520696692	0.032858557	0.0821085692	0.12542133	0.0740443812	0.0743676656	0.0648821444	0.111257993	0.0357779641	-0.0681682598	0.0071395699	-0.0684055039	-0.0128804367	0.0625235604	0.0153706449	0.0495988944	-0.0357250574	-0.0196637964	0.0745488647	0.0562616822	0.0252214036	-0.0722173883	0.0398320534	0.0845937683	-0.0264991954	0.152389619	-0.1492038375	0.0091033658	-0.0511682311	-0.0491458636	0.008857795	-0.0212624979	0.1941372093	0.0947838712	0.0350886697	0.0399004824	-0.1453297818	-0.0286187598	0.041875423	0.0444233603	0.1288400053	0.0359986378	-0.0537154561	0.1336556325	-0.0016311194	-0.0740870334	0.0847073461	0.058051587	-0.0734518833	0.0170891991	-0.0111522371	0.0728490582	-0.1316171842	-0.1347297025	0.0840936349	-0.022265427	0.0393190361	-0.1354437623	0.0810017923	-0.0189213908	0.1322069846	0.0750937233	0.0198704201	-0.0234262367	-0.0497821139	0.1231263192	-0.0806340406	-0.0361321453	0.0843860781	-0.0956530479	-0.0817515539	0.0507265399	0.0500479414	0.0898631122	-0.0893206774	-0.1212736791	-0.0962166599	0.1102438747	-0.0980551389	0.0092561972	0.0410635335	0.026421485	-0.0521205699	0.0400840112	-0.0935567769	0.0119783839	-0.0257110995	-0.0091351467	0.1840606148	0.0932547389	-0.1041285438	-0.1165994391	-0.0834115224	-0.0022527136	0.096536472	-0.0287621624	-0.1420640264	0.0746315823	-0.1072802031	-0.0822041285	0.0473395538	-0.1215201991	-0.054335197	0.0913686144	-0.0240054302	-0.0051066934	-0.0210299783	-0.1162013157	0.1033157433	0.1122809513	-0.056536783	0.069289343	0.0962468186	0.0755473228	0.1012014974	0.110035712	0.0468380988	-0.1862122671	0.058537017	-0.019590475	0.0699567429	0.0824900689	-0.0409373749	-0.0111048508	0.1324157055	0.0590962722	0.0823041356	-0.1349595906	0.0159684939	-0.1184859908	0.0445965153	0.160829221	-0.0504035882	-0.004152354	-0.0746399605	0.0612528908	0.1833734467	0.1009838109	0.0864105979	0.0636593764	0.0348833508	0.0	0.0	0.0232505840516523	-0.0025582128836419	6.544453158031405e-06	0.0005405896587429	0.0741226556272351	-0.0073363619714683	0.0054941680772336	5.382220697640759e-05	0.3121878764902135	0.0559501983240622	0.0031304246925018	0.0974612702274688	0.0011393881701165	0.0005171329845677	1.2982054022014262e-06	2.674265237280004e-07	0.0005132594150132	-0.0001844594417306	2.6343522709969226e-07	3.4025285643564625e-08	0.0004552076902472	-0.0002470750185978	6.10460648151032e-08	2.072140412601908e-07	0.0	0.0
51.43262819859324	0.0299347676446615	0.0008960903139398	2645.3152434147287	58.95207519837242	0.0853667896699192	3475.3471701945564	0.0072874887785482	56.212511381657	0.1428604348957947	3159.846435832918	0.0204091038586155	56.8740868401169	51.00019900845416	1.021443	33.549381	0.0378343406340576	0.0206207254035236	0.1009362651	-0.0844182292	0.1051322389	-0.008451046	-0.0388643622	-0.134933593	0.0635564201	-0.1061351761	-0.0246879397	0.2514297622	0.0281205443	0.0705754337	0.1052262809	0.0037314919	0.0394277328	0.0351471732	0.1338287479	0.0240720903	-0.1822253851	-0.0540118217	0.0340011803	-0.1176116127	-0.0490456645	-0.1060330354	0.0059533811	-0.0782906471	0.1061682258	0.0588522405	0.0467080123	0.0737592898	-0.0054899059	0.0451141967	0.0126518341	-0.064088531	-0.148194912	-0.0420354754	-0.1626187644	-0.0048338397	0.0200383252	-0.0582485678	0.1485649377	-0.0895429347	-0.1046051026	-0.0133770923	0.0531422008	-0.0233448709	0.0713112433	-0.1136840728	0.1793858031	0.0145091468	0.0225337059	-0.0026440136	-0.117880067	-0.0459681236	-0.0541705743	0.0520960096	0.0881298793	-0.0541782687	0.0940210873	-0.0345586314	-0.0962059008	-0.0537411959	0.0710333803	0.0362877756	-0.0409272397	0.110848608	0.0775219818	-0.1315738165	0.0280511987	-0.0338836873	0.0705868573	-0.0392525346	-0.1523178853	-0.0221541009	-0.0109853596	-0.0006186913	-0.0336637132	-0.015710894	-0.0548725988	0.0165115625	-0.0168372731	0.0560479848	0.0160505672	-0.1940941215	0.0429556411	-0.0231929367	0.0029648267	-0.1029586777	0.0295245942	-0.0681011911	0.0892660561	0.0490916757	-0.065965044	0.1548555727	0.0073274926	-0.0860114306	0.1343094755	0.03514795	0.0366772503	0.0655414804	0.0162260507	-0.2321016684	0.0168446278	0.0186704474	0.0717383756	-0.1687263721	-0.080849051	0.026510567	0.0113169512	0.1187864089	-0.0679400708	-0.0287153404	-0.0338007167	0.0281446152	0.1065012911	-0.0379005801	-0.0470432677	-0.0593630577	0.0945321278	0.0949813617	-0.0605446691	-0.0324975679	0.031101167	-0.076430049	0.0075662666	-0.0079247714	0.0221063926	-0.1560548844	-0.0265488897	0.0555259134	0.0390936679	0.1053962182	0.0364782067	0.0122850219	0.0730817732	-0.1282017259	-0.068033315	-0.0263637101	-0.0566309461	-0.0146303157	0.1340801623	0.0173509265	0.0024018187	0.0296783805	0.2248973138	0.1353362776	0.0238324809	0.0657838417	-0.0667151992	0.0142852442	-0.0507400477	0.0694617161	0.0024453183	-0.1234865284	0.0071106887	0.0449607487	-0.0820272792	-0.0614075459	0.0434038888	-0.037482224	-0.0845046887	0.0540168587	0.0219675441	0.1003994225	0.0841901024	0.059084626	0.0277358257	0.0	0.0	0.0218713255733575	-0.0013792584782948	1.9023539499480896e-06	0.0004783548823358	0.0582187947201902	-0.0159038609070449	0.0033894280586716	0.0002529327917506	0.3124095232210564	0.0002216467308429	4.912727329334761e-08	0.0975997101992078	0.0010149142508353	-0.0001244739192811	1.0300509365485783e-06	1.5493756581222677e-08	0.0003157737254837	-0.0001974856895294	9.971304570585515e-08	3.900059756894205e-08	0.000539839571794	8.463188154680002e-05	7.162555374151589e-09	2.9142676327472933e-07	0.0	0.0
51.49977127620821	0.0671430776149648	0.0045081928716091	2652.22644150176	58.47356686107615	-0.4785083372962688	3419.158021456743	0.2289702288620398	56.246606924551	0.0340955428940006	3163.680790524949	0.0011625060452366	56.95568279138018	49.62134224448624	1.060318	34.826237	0.0601236098671571	0.0288098867507363	-0.094664229	-0.0989501407	-0.0164631138	-0.1043713522	0.0730900306	-0.075138015	-0.1194702717	-0.1117380195	-0.1224002936	0.058217183	0.0431621774	-0.1363668739	0.0330591754	0.0432732762	-0.0458805492	0.0582849882	0.0188560005	-0.1576457637	0.0459869364	0.0481067317	-0.0913002483	-0.0164651591	-0.0829428108	0.0059305277	-0.0578222745	-0.0843500844	-0.104439786	0.1073940919	0.1006503031	-0.0059097532	-0.0336517256	0.0547647537	0.0180207919	0.0604216957	0.0160623291	-0.0342730247	0.0062113823	0.0211676475	0.0227035595	0.0355055706	0.0105773919	0.1181042584	0.055000205	0.0380016156	0.083871419	0.0687152597	-0.0041037424	-0.0576223926	0.092333411	0.1259149046	0.1290117716	-0.0073018632	-0.042934802	0.1207485396	0.068226757	0.1025862503	-0.1383013376	-0.0181098019	-0.0246006331	-0.0744475489	-0.0493586842	-0.0056779316	0.1057920683	-0.087973649	-0.0351277092	-0.0064765393	-0.0474431478	0.0035115232	0.0229981978	-0.0185366884	0.1077282137	0.0281119483	0.027829398	0.0316361044	0.03331401	-0.0328131953	0.1109951194	-0.0183869001	0.0207389259	0.0486850245	-0.0709976557	-0.0789732189	-0.0065852736	-0.0543708603	-0.1585864691	-0.0564209151	0.0051533849	-0.0542056094	-0.0480704776	-0.0255432871	0.0305346013	0.0592201473	0.0885772768	-0.0420266057	0.0102833267	-0.0222309898	0.0025821549	-5.03903e-05	0.0031918899	-0.0191804941	-0.0506915321	-0.108871147	-0.0542496317	0.0176361208	-0.0065395674	0.1330035736	0.0330519012	0.1019613161	-0.1131651324	0.0203007805	0.1296776049	0.059096901	0.0476335045	-0.054038846	-0.0018298606	-0.015098348	0.0887132939	-0.0759608692	0.1490237813	0.1339817217	-0.0261048094	0.0163822664	-0.0127608952	-0.0297858107	0.025117932	0.0140675544	0.1387280585	0.0245502641	-0.0174085703	0.024235533	0.0552376092	-0.0069785436	-0.0486477925	0.1197134668	0.0048053977	0.0572307882	-0.0197061637	-0.0501137988	0.0033437704	0.0443739281	0.1289749332	-0.0867237305	0.068512753	-0.1243647395	0.1103274418	-0.006587765	-0.0692317166	0.0893162136	0.1225735788	-0.0009478806	0.1295693504	0.0714218446	0.033770198	0.0532062948	-0.060699355	0.0467589717	0.0738864305	-0.0895877728	0.0433128068	-0.0185930355	-0.085402778	-0.0297400948	0.0615780574	0.0997837604	0.0818647166	0.0543442699	0.020450122	0.0	0.0	0.0133389371438141	-0.0085323884295434	7.280165231260611e-05	0.0001779272441266	0.0760542380040476	0.0178354432838574	0.0057842471183763	0.0003181030371316	0.3234446450413628	0.0110351218203063	0.000121773913589	0.1046164384059331	0.001285933114772	0.0002710188639367	1.6536239756672178e-06	7.345122460953951e-08	0.0002159010069984	-9.987271848530002e-05	4.661324482292317e-08	9.974559897643988e-09	0.000623361116041	8.352154424699993e-05	6.9758483534035665e-09	3.88579080991881e-07	0.0	0.0
51.66514945856276	0.1653781823545514	0.0273499431988952	2669.287668575628	59.15427002422312	0.6807031631469727	3499.2276620987022	0.4633567963182941	56.26195550136429	0.0153485768132881	3165.4076368374954	0.0002355788101934	56.92967197087806	50.17239545050946	1.035036	33.995842	0.0598600943892388	0.0349933969082869	-0.0658735958	0.0782711213	0.0337047918	-0.0424986702	0.0468644276	-0.0497857273	-0.017548145	0.1234682734	0.0228393869	0.0504299019	0.0352009536	-0.0747017633	0.0139258336	0.013978077	-0.064297495	-0.1684833472	0.0565567319	0.0528552461	-0.0177372255	-0.0794156157	0.0545254071	0.08579849	-0.0742497172	-0.0809467257	-0.0194641518	0.0083868806	0.0346230074	-0.0734221012	-0.0258197359	-0.0786562183	0.1863627145	-0.0337343688	-0.1399635323	-0.0636166229	0.0599661388	0.045687631	-0.0176843026	0.072878257	0.0593003522	-0.1276309597	0.1606824518	0.0272126293	4.26331e-05	0.0619555666	-0.0763443855	-0.1053888982	-0.0026033427	-0.0129600607	-0.0596212178	-0.0871939569	-0.0624772689	-0.046404948	0.015716029	0.1267916043	-0.0826186182	-0.0008943635	-0.128948763	-0.0225465344	0.0203347419	-0.0430666904	0.123647931	0.0344548823	0.0511245654	0.043191116	-0.0281444056	0.0553599159	-0.0125849506	0.1185419332	-0.0954232598	-0.0450247049	0.0285023725	-0.0558628503	0.0688016945	0.1212188894	-0.1129748335	0.0139068268	0.0531880804	0.0148049536	-0.0861919673	0.0617331061	0.0941886264	0.013871154	-0.0212262069	0.035419782	-0.0829111337	-0.0249842276	-0.0323747091	-0.0347568737	0.1332875204	0.0600824999	0.0497467987	-0.0080431887	0.0052243554	0.1234957355	0.0897235246	-0.1043482355	0.1767744668	0.0521345112	-0.0097537168	-0.0088907197	0.1340675458	0.12957098	0.0255466136	-0.1242806213	-0.029692772	0.0728481322	-0.0192236942	0.0140830036	0.0037076722	-0.1343518668	0.1200592691	0.0791052123	0.0874279325	-0.1030750077	-0.029871439	0.0944678704	-0.1871048101	0.0373587264	-0.0019508285	-0.0014968343	-0.0387485226	-0.0394982675	0.0317649648	0.0800515816	-0.0138519106	-0.0766530484	0.0491775486	-0.006789711	-0.0575911241	-0.0240005147	0.0553818301	-0.1432812552	0.1361477888	0.0467543076	0.0095314758	0.1046217488	0.0197116486	-0.1292034037	-0.089785423	0.1251872953	0.0012814363	-0.0364252167	0.0173399392	0.0016770947	0.1108108549	0.0266741482	0.1604439255	0.1228777957	0.0376705468	0.022098469	-0.0935441407	0.0641322286	-0.0254662144	-0.05934355	-0.0795490517	-0.020872817	-0.0043543427	-0.0502900905	0.0441340977	-0.0233672875	-0.0212903483	-0.1018370896	-0.0901369389	0.0991370163	0.0794373376	0.0494515946	0.0130625369	0.0	0.0	0.0142191255846739	0.0008801884408598	7.747316914232066e-07	0.0002021835323927	0.0646208489235249	-0.0114333890805227	0.004175854115597	0.0001307223858666	0.2953039575978664	-0.0281406874434964	0.0007918982897925	0.0872044273729624	0.0010659502431681	-0.0002199828716039	1.1362499209101317e-06	4.839246379909796e-08	0.0002157430530242	-1.57953974199988e-07	4.6545064928202776e-08	2.4949457965570475e-14	0.0004553853531319	-0.000167975762909	2.8215856924894158e-08	2.073758198470653e-07	0.0	0.0
51.68739993936939	0.0222504808066332	0.0004950838961263	2671.5873124923232	59.13154199161632	-0.0227280326068068	3496.539258306284	0.000516563466176	56.35278411563352	0.0908286142692276	3175.6362775831976	0.0082498371700681	57.01478785690275	50.77787696675881	0.969761	31.851896	0.0429950479789586	0.0240355370961724	0.0111316306	0.0747015659	0.0343484132	-0.0078724087	-0.0475435277	0.0077433317	0.0146610187	-0.0142322008	-0.0614131774	0.0118258356	-0.0729311197	0.0326620732	-0.0611302314	-0.0607360068	-0.0419319042	0.0321942626	0.1606465418	0.1190181985	0.0765371317	0.0520024623	-0.0369211457	-0.0248078998	0.0252225373	0.0321990647	-0.0840210454	-0.0378807005	-0.1346558834	0.0644841653	0.0923034869	0.0024995365	0.1699263185	-0.0217490822	-0.0420064065	0.154592546	0.086797264	0.0574457993	-0.0705170085	0.0230931753	0.0684213686	0.0075326424	-0.0619948031	-0.0531854392	-0.0763404685	0.0486857203	0.0205980051	-0.0558407864	-0.0368640114	0.0206420127	0.0796375988	-0.0504838568	0.1470721689	-0.1636935648	0.026091641	-0.0777476108	-0.1713206178	0.0510079529	-0.0690006967	0.0216153572	-0.1148056993	-0.1689567918	-0.1535975633	0.026932723	-0.0868185169	0.031609292	-0.0983174042	0.0106417186	0.0777943077	0.0274212117	-0.0933342562	0.1535751942	-0.0349645151	-0.079830452	0.0669853222	0.0387562405	-0.0525418846	0.0238528486	-0.0613822194	0.1459846265	0.0957028477	-0.0508678746	-0.0402517799	-0.0903306385	-0.0059891455	0.0915641155	-0.0684314935	-0.0253938714	0.0102572575	0.0237038828	-0.0755467104	-0.0412726473	0.1099693832	0.0958814107	0.092541093	0.0056669544	-0.0295723857	-0.0591665669	0.0998447943	0.0872401992	0.0931764542	-0.0478680849	0.0051664169	0.0060166385	-0.0305660326	-0.0892029088	0.1032355715	0.0151633366	-0.0019146606	-0.1539974606	-0.0364679474	0.0021587912	0.0472476761	0.1196880322	-0.047414139	0.1171668752	0.0964643098	0.0194281579	-0.0202801913	-0.0473230649	0.1300948297	0.0144779784	0.1614319678	-0.1739843406	-0.0488155733	-0.0167662828	0.1378831527	0.0719842331	-0.0106503249	-0.0401566906	-0.0740410415	-0.0362692872	-0.2053175055	0.0319878243	-0.0672938416	0.0104970402	-0.0692203552	0.104254867	0.1715819859	0.0200098617	-0.0081005527	0.1211840065	0.0200455024	0.0810794795	-0.0390522224	0.0419347493	0.0848727295	-0.0331770396	-0.1441973683	-0.0230638453	0.1474497815	-0.00123719	-0.0151275911	0.0913487969	0.0869638033	-0.0991044282	-0.097410378	-0.0231597272	-0.0051973199	-0.0582869935	-0.067232311	0.0123406549	0.0929317639	-0.0240344908	0.0539868512	0.0984593917	0.0769109895	0.0444203137	0.0056098749	0.0	0.0	0.0136416573658948	-0.0005774682187791	3.334695436999066e-07	0.0001860948156884	0.0659043615848844	0.0012835126613594	0.0043433848759111	1.647404751870135e-06	0.2855453550004014	-0.0097586025974649	9.523032465525008e-05	0.0815361497623052	0.00069098548342	-0.0003749647597481	4.774609382971711e-07	1.4059857105295036e-07	8.861411724869761e-05	-0.0001271289357755	7.852461775765927e-09	1.6161766311411813e-08	0.0003299697586284	-0.0001254155945035	1.5729071344666343e-08	1.0888004160928457e-07	0.0	0.0
51.650673349956165	-0.0367265894132273	0.0013488423699277	2667.792057503872	59.54640284706564	0.4148608554493265	3545.774092025027	0.1721095293841469	56.22820809762255	-0.1245760180109698	3161.6113858695458	0.0155191842634694	56.89262175508798	51.74707254788125	0.961673	31.586226	0.090367856155823	0.0545994046879598	0.1012410251	0.0496770462	-0.0819198457	-0.0782591144	0.0811495609	-0.0710142848	0.1139096781	0.0791071313	0.1059381534	0.0166901623	0.0620604526	-0.0220265716	-0.0275001417	-0.0751860937	-0.0358970483	0.0435413384	0.0879353922	-0.0627468758	0.1898658926	-0.0452457019	0.1102400108	0.0709072768	0.2124322418	0.0157958063	0.1460909554	0.0873353586	0.0442022847	-0.0891718314	0.1196431772	0.0636745407	0.0198777067	0.0443143088	-0.0479909542	-0.0051974579	-0.096137799	0.1382166162	-0.1045492743	-0.061324018	0.00837754	0.018146126	-0.1207544912	0.0667328429	-0.0269796107	0.076673144	0.1334976427	-0.0271354435	-0.0838547849	0.0154633989	0.0749927547	-0.0602726765	-0.0623284264	0.0374539319	0.0046410973	0.0742988608	-0.1095271121	0.1903080629	0.0703366572	0.0891721838	-0.1748061024	-0.0642237013	0.0649414705	-0.0481341575	-0.0959438012	-0.0556086084	-0.0536867774	-0.0291161561	-0.0972104066	-0.0222916048	-0.0829471309	-0.0232508982	-0.0625517769	0.0367675958	-0.0508353328	0.0591704544	0.0433059878	-0.014641314	0.0774407958	-0.0798615285	-0.0108652327	-0.0942009383	0.1392486077	0.0618579295	0.1216562133	0.0254807814	0.0334984859	-0.0173326022	0.1221624014	0.1465421517	0.0801612111	-0.079526185	-0.0056509763	-0.0027393428	0.0960399592	-0.0197899286	0.0284374782	-0.0352631598	-0.0011698525	-0.0264360406	-0.0979871967	0.0489799796	-0.0426854683	-0.0313428261	-0.008893354	0.0122751092	0.128378074	0.0191950245	-0.0097616147	-0.1539285657	-0.0541759102	-0.0356424821	0.0843988629	0.0264137441	0.1702148015	0.1193169002	0.1037412863	0.1529998232	0.0575425462	0.0520505755	-0.0284609858	-0.1465537979	0.0850253083	0.0167017613	0.0551318685	-0.0364001385	-0.0121387271	-0.0784833065	-0.0571042921	0.1164878479	0.0387299689	-0.0444331995	0.1039495328	0.0818885306	-0.0098712338	0.0290920057	0.0206709223	0.0099593906	0.0696727984	-0.0095593111	-0.1451810819	0.0044634532	0.0818205815	0.0929238708	0.0051606704	-0.0547738036	0.0135510322	0.1032500435	0.1012866976	0.0510637573	0.0968274089	-0.0527862114	0.0141227618	0.0248578125	0.0601908396	-0.0617309769	-0.1282828747	0.0319263099	-0.0296841449	0.0878333115	-0.0219497422	-0.0437905891	0.0210455756	-0.0059438527	0.0632055086	0.0977510977	0.0742888199	0.039264529	-0.0018707352	0.0	0.0	0.0129670622061013	-0.0006745951597934	4.550786296168174e-07	0.0001681447022569	0.073078803824842	0.0071744422399575	0.0053405115684697	5.14726214544878e-05	0.3272375400337282	0.0416921850333267	0.0017382382928531	0.1070844076073258	0.001254951306342	0.000563965822922	1.5749027812894923e-06	3.180574494240887e-07	0.0002157859738771	0.0001271718566284	4.656358652208848e-08	1.617268111831493e-08	0.0004553647535329	0.0001253949949045	1.5723904747099585e-08	2.073570587600788e-07	0.0	0.0
51.58628215374784	-0.0643911962083265	0.0041462261491392	2661.1445064460827	59.39918289847552	-0.14721994859012	3528.262929006547	0.0216737132628775	56.243460319025054	0.0152522214025054	3163.326828657746	0.000232630257711	56.950243538246895	51.54442332876461	0.97109	31.895523	0.0453617635549951	0.0253571816100985	0.0968897109	-0.0888161681	0.1236099929	-0.0311358618	-0.0131089822	-0.0311168571	0.0484512725	-0.1475197621	0.0226358511	0.0905474975	0.0108628626	0.0656270405	0.1469206907	-0.0127612634	-0.0643355996	-0.0852565582	0.0963959717	0.0610794407	0.0156555836	-0.1319706585	0.0110122706	-0.0972574017	-0.0081794477	-0.0215208195	0.0814122055	0.031214755	0.0522951455	-0.1008697292	0.0228028823	0.0184601601	0.0115089876	0.0330086275	0.0449137697	-0.0446058789	-0.0074006453	-0.0087905825	-0.0178387683	0.044018779	-0.0827107638	-0.1622862729	0.1101529423	0.0755377088	-0.1519359759	0.1332465316	0.0134501775	0.0528246926	-0.0846434301	-0.0753733061	-0.0296735171	-0.0275647123	0.0095503289	0.0752195748	0.1495825234	-0.0428476643	-0.0206583112	-0.0324447061	0.0048130844	-0.1430309236	-0.0555295328	-0.0666704363	-0.0126358991	-0.0506985285	0.0248562094	-0.0350596821	0.0586713042	0.033705295	-0.0665854844	0.0747159633	-0.0081688386	0.0386878903	-0.0629637389	0.0107396265	-0.0468067343	0.0167816595	-0.1303967411	-0.1268415334	-0.0999993051	0.0249413653	-0.0720638243	-0.0306923841	-0.0552871724	0.1067415486	0.007352454	-0.0239095738	-0.0108593374	0.087144278	0.013562169	0.027931518	0.1023882795	-0.0342769014	-0.0229347583	-0.0871234568	-0.1164518012	0.0213222585	0.0780735153	-0.0816694209	0.0428758055	-0.0401039608	0.0461376121	0.1246493931	0.1184144183	-0.1695641979	0.0247108756	-0.0463976475	0.0565690427	0.0547405192	0.0648177503	0.0126427002	-0.0610441079	-0.054602355	0.1529388256	0.0067320925	-0.0617833181	0.0735574063	-0.0857441677	-0.0469787434	0.0141821493	-0.0153170527	-0.0052934366	-0.0571149849	-0.0291268799	-0.0540156291	0.0289311797	0.1430151952	-0.1291751399	-0.0433647071	-0.1281893937	0.019985731	-0.0273271109	-0.0219497025	-0.0669194703	-0.0891579493	0.0283977292	-0.1228332699	0.0163746872	-0.0593734438	-0.0125827722	-0.0413464503	-0.1213465898	-0.0436250479	0.1146197447	0.0032037569	-0.0064862671	0.0236364782	0.1661998036	-0.0495474112	-0.0248925016	-0.0034832543	0.0725157331	0.0235638709	-0.151486683	0.0213683176	-0.0725794396	-0.0500493498	-0.0720617373	0.0206167765	-0.0116158263	-0.0220086851	-0.0190731293	-0.0506996775	-0.1449246712	0.0187970039	-0.0280432057	0.0970123549	0.0715740957	0.0339986915	-0.0093420254	0.0	0.0	0.0105197721130565	-0.0024472900930448	5.989228799515228e-06	0.0001106656053106	0.0784132857477715	0.0053344819229294	0.0061486433817616	2.84566973860616e-05	0.3480206455007888	0.0207831054670606	0.0004319374728549	0.1211183696947857	0.0012880049843135	3.305367797150002e-05	1.6589568396164193e-06	1.0925456274436261e-09	-2.274785022260417e-05	-0.0002385338240997	5.174646897500325e-10	5.6898385239628616e-08	0.0003910145341649	-6.435021936800002e-05	4.140950732709725e-09	1.5289236592819378e-07	0.0	0.0
51.573962156871886	-0.0123199968759522	0.0001517823230234	2659.8735725584534	58.906395249188265	-0.4927876492872585	3469.96340125359	0.242839667290062	56.18568337049416	-0.0577769485308934	3156.831015809424	0.0033381757815415	56.907379338804446	50.34769425174044	1.00527	33.018185	0.080594712719965	0.0434748458147513	-0.0796790681	-0.1146171262	-0.0493207988	-0.129375944	0.0126474878	-0.0117613802	-0.1209107877	-0.0904366063	-0.028191657	-0.0271962767	0.0312313999	-0.0500490843	-0.0247588238	-0.0046181565	-0.0351530266	0.0305086808	-0.0724243311	-0.1200575435	0.0923270347	0.1135012201	-0.0070000197	-0.0970876913	-0.0209698749	-0.0395034205	-0.0276805167	-0.0190348216	0.1587846853	-0.0917151494	0.0877388799	-0.0033401458	-0.090620978	-0.0350692882	0.028186378	-0.0781720393	0.0518718882	0.0460139029	0.0445776829	-0.0490842247	0.1140747216	0.0785683475	-0.0364501716	0.0971434084	0.0478754619	0.0063027077	-0.0134189828	-0.1402119353	0.0649381663	0.1296916314	-0.0009006436	-0.0355854527	0.0345208311	0.0789808062	0.0098346797	0.0426926413	0.0990344301	0.0496989791	-0.0541843455	0.1338599599	-0.0821351594	-0.0466979065	-0.1784250014	0.090417683	0.0277126	0.0461709638	-0.0753835234	0.0205138826	-0.011639205	-0.1246724612	-0.0364980426	-0.145158242	0.1114991362	0.0028065853	-0.0276886471	-0.0507463216	-0.0162705796	-0.0923045496	-0.0114824186	-0.0833554948	-0.0103163424	0.0631896886	-0.0889190758	0.008368149	-0.0172475654	-0.0396870839	0.1097585206	-0.1007840786	0.0513666316	-0.00729001	0.0305980339	-0.0737616344	-0.1009506818	-0.0299531144	-0.0698889481	-0.0054993559	-0.0012905929	-9.20223e-05	0.0775779849	-0.0404014138	-0.0620456565	0.0375878377	-0.0669601498	0.1631154638	-0.0950566372	-0.0183607595	0.0282565672	-0.0003521155	-0.0658871602	-0.0287665698	-0.0908735478	0.0677821778	0.0716881074	0.006274749	-0.0258800941	-0.0299737351	-0.0073074564	0.0471793758	0.1284961964	0.0366352001	0.0143775092	-0.0696333219	0.1038743505	0.1582935219	0.0861790566	-0.1791013096	0.0416706116	0.0964157542	0.0265694622	-0.1212891998	0.0109338294	-0.0567929998	0.0166278097	-0.1492995524	0.0549357604	0.0495850337	-0.0069403019	-0.0480194372	-0.1361870868	0.0034140841	0.0176028081	-0.0366251066	0.057906104	-0.0937105635	-0.0164832677	-0.0677761833	0.1125929453	0.0839482084	0.0231721422	-0.0261832868	0.1430953154	-0.017371463	0.0866719326	0.0260704879	-0.0185588685	0.0231840209	0.0019311546	-0.0033816504	-0.0235846267	0.0369969351	-0.0565147019	0.0002800509	0.085909572	-0.0012557232	-0.1025312533	0.0962433935	0.068770199	0.0286375605	-0.0167667741	0.0	0.0	0.0132291334562495	0.002709361343193	7.3406388879885796e-06	0.0001750099720032	0.0991358762211689	0.0207225904733974	0.0098279219541389	0.0004294257559281	0.3848869108104082	0.0368662653096193	0.0013591215178792	0.1481379341131791	0.0011849507284706	-0.0001030542558429	1.4041082289030055e-06	1.0620179647333896e-08	0.000215770035828	0.0002385178860506	4.6556708361216404e-08	5.6890781966048993e-08	0.0004553723041465	6.435776998159998e-05	4.1419225570045324e-09	2.073639353836925e-07	0.0	0.0
51.57217097073324	-0.0017911861386465	3.2083477832796967e-06	2659.6888186345404	59.05365711864941	0.1472618694611469	3487.3344190870125	0.0216860581971918	56.21089303064689	0.0252096601527327	3159.664495302828	0.0006355269650162	56.88498478031363	50.0526994127135	1.016002	33.370663	0.0556995664667024	0.0284937399299611	-0.0865828984	0.0512710272	0.1139194751	-0.052952702	0.0671498833	-0.009381281	-0.0396241792	0.088967004	-0.0155832401	0.0723218198	-0.0290746284	0.0281466259	0.092612381	-0.0365909368	-0.0739438629	-0.0410925407	0.0249805078	0.0666866383	0.0286519206	-0.0633493522	0.0196866227	0.0591049867	-0.1872469586	0.0900562834	0.03927355	0.115103126	0.0773360852	-0.0360676727	0.0171876707	-0.0479945657	-0.007784387	-0.0510817533	-0.0234400449	0.0427740897	0.0195304763	0.017733453	-0.0315013432	-0.0896225119	-0.1495941331	0.0475272176	0.1356163587	-0.0369661701	0.09295429	0.0421491873	0.1244705833	-0.0233391951	-0.128561577	0.027770803	0.0873719908	0.0828245911	0.0664748399	-0.0840882867	0.0356655878	0.0558086228	0.0340843699	-0.0384573899	-0.0347883648	0.0211267556	-0.0311727893	0.0606769267	-0.142829412	0.1417077546	0.0402787302	-0.0022566286	0.0639306156	-0.05203923	-0.0635864738	0.1271534713	0.0008285668	0.0240851814	-0.063891481	-0.1248029019	-0.1183743978	0.0117285171	-0.1123382305	-0.0315595741	0.1073372303	-0.0277896153	0.1053761634	0.0753939422	0.0597672588	-0.0781196791	-0.13972132	0.0025203132	-0.0372935203	0.0578973925	0.0975201572	0.0923257904	0.0703824209	0.0058584569	0.00503081	-0.0730882342	-0.065744305	-0.0342821143	0.0249168832	-0.0118750926	-0.0125361497	-0.1048715178	0.0571943778	-0.0425927639	0.0106517165	0.0088867304	0.1058084659	-0.0410078936	0.0698659313	-0.0409743156	-0.0024502358	0.0322531034	0.0614603358	0.0416491518	0.0503318217	-0.0489918293	0.1305436215	-0.031112631	0.0836155529	0.1002011335	0.0599443305	0.005076341	0.2558311674	0.1326327365	-0.0140834496	0.0599321399	-0.0607984824	0.0183521712	0.0764276399	-0.0895090286	-0.1165285354	0.0752627099	-0.0119116124	-0.1685522874	-0.0436312214	0.0282955328	0.0135464734	-0.0599324777	-0.0608490538	0.04029109	-0.1306972166	0.0262953696	0.0689211225	0.0872395053	-0.0464777017	-0.0692400704	-0.044280875	-0.0627430164	0.1200377009	-0.0697307578	0.1218033272	0.0996989951	0.0433209783	-0.0044447617	-0.1349914701	0.046270652	-0.0060428963	0.0009151813	-0.061015983	0.000625921	-0.0231041699	-0.0063226945	-0.1071562467	-0.0327848535	0.0018014006	-0.0176613299	0.1051384642	0.0954444529	0.0658806233	0.0231961626	-0.0241079916	0.0	0.0	0.0026588221418961	-0.0105703113143534	0.0001117314812823	7.069335182236964e-06	0.0994954637892675	0.0003595875680986	0.0098993473146414	1.2930321913106845e-07	0.3729510279896928	-0.0119358828207153	0.0001424652987098	0.1390924692785686	0.0008650274276572	-0.0003199233008133	7.482724505992324e-07	1.023509184033412e-07	-0.0001203025346576	-0.0003360725704856	1.4472699845043048e-08	1.1294477263279857e-07	0.0004560521281182	6.798239717000182e-07	4.621606324979871e-13	2.079835435611391e-07	0.0	0.0
51.668646292204286	0.0964753214710469	0.0093074876529418	2669.649009668916	59.07509129060144	0.0214341719520305	3489.8664109928945	0.0004594237272692	56.23896804987955	0.0280750192326593	3162.8215273153733	0.0007882067049141	56.91391978608598	50.45815738654336	0.9798	32.181625	0.051222877301196	0.0322338118702575	0.0136936779	0.080130516	0.0413344081	-0.0651873519	-0.1309251341	-0.0079639651	0.0260882425	0.0200083399	-0.1356850468	0.0584807779	-0.0206514346	-0.0038477616	-0.082274346	-0.0711661292	-0.0564247118	0.0296011424	0.1124282653	0.084796953	-0.1400464183	0.1531809959	0.0277280888	-0.018278656	-0.0798259902	-0.1010405194	0.0758774393	-0.043272176	-0.0240769886	0.0151842388	-0.0491045261	0.0772896845	-0.1162206599	0.0021549326	-0.0595879922	0.0696915443	0.1054041541	0.1702352386	-0.0511036598	0.0231946571	0.0840444687	-0.0754316947	-0.0624781349	-0.0094350654	-0.0751871143	-0.0563157951	-0.0521918227	-0.0719548762	0.055491884	-0.0110762446	0.0317220679	0.0668380681	-0.0028153137	-0.0302197083	-0.0690708407	-0.0380357165	-0.0842561276	0.1206237706	0.0406124316	0.0469036861	0.0488034114	0.2009358702	-0.1275897268	-0.0117073098	0.0210317317	0.1175172801	-0.0084505503	-0.1498948057	0.0507267243	-0.0253105604	-0.010758083	-0.0357937522	-0.0204455947	-0.1196333842	0.0319256644	0.0527108977	-0.0201577072	0.0466199468	-0.021039553	0.1263850182	0.0174406888	-0.0386923839	0.0204693345	-0.0979021008	-0.1406790777	-0.1130206055	0.0304296164	-0.0679310942	0.024244721	-0.0094022899	-0.0037149684	0.0065578647	0.1471244879	-0.0778219889	0.0841209536	-0.1041817125	-0.0050759062	-0.0352668354	0.0683458015	-0.0056687915	-0.0422172362	0.1222764824	-0.00383733	0.0473300143	-0.0551981073	0.0430340999	0.0846537696	-0.0799051704	-0.0329876491	-0.0593083068	0.0295192594	-0.0565877742	-0.0858884391	0.0035936352	0.0289376924	-0.1009449646	0.1555840255	-0.0276435942	0.0704660889	0.0677406024	-0.1088715273	0.0712299059	0.0019146389	-0.0837995305	0.0543126316	-0.012951432	0.0816828481	0.0486979279	-0.0283953261	-0.0243382182	-0.1122141624	-0.0897272764	0.007222806	-0.0313153985	0.1466451999	0.0402250589	0.0618977875	-0.0091422114	0.0004304646	0.0678587762	-0.067319644	0.0473044528	-0.0340659233	0.0652995265	-0.0476524931	0.0650050793	0.1654205718	0.0538756563	-0.0891567828	-0.0821400425	0.1165222723	-0.0026240193	-0.0089825179	-0.0200279822	0.0448918936	-0.0428656708	0.00977538	0.0419534963	-0.0356401196	-0.0357571431	0.0005168388	0.056968229	0.0507923248	0.0446705133	-0.0365476715	0.0946157819	0.0629089685	0.0176897492	-0.0313291043	0.0	0.0	0.0051473463442448	0.0024885242023487	6.192752705675234e-06	2.6495174387610305e-05	0.0943491503831239	-0.0051463134061436	0.0089017621780173	2.6484541674253387e-05	0.3731666924139105	0.0002156644242176	4.651114387313709e-08	0.139253380327138	0.0002859908821173	-0.0005790365455398	8.179078465423139e-08	3.352833210707806e-07	5.304884638102081e-05	0.0001733513810386	2.8141801023571446e-09	3.0050701307997104e-08	0.000340992549327	-0.0001150595787912	1.3238706671608365e-08	1.1627591869652653e-07	0.0	0.0
51.75184398847093	0.0831976962666445	0.0069218566640768	2678.253356207035	59.32357506318526	0.2484837725838176	3519.286558277376	0.0617441852374863	56.360910594034536	0.121942544154983	3176.552242988754	0.0148699840749899	57.017702887718734	51.400183707325816	0.970538	31.877405	0.0913288207963391	0.0422021746129797	0.0815967744	0.0470830366	-0.0280827373	-0.0809951499	0.1111314441	0.003628943	0.0836695681	0.0567493256	0.0745773544	-0.0113618007	0.0120401448	0.0085811518	-0.0162052925	-0.0545680675	-0.0169657082	0.1404969376	0.0384693723	-0.0732134222	0.0154153854	0.0294799327	-0.0069459444	-0.0037380588	-0.0218974681	-0.0597361874	0.0400426948	-0.2566508417	-0.1106525897	-0.0231648707	-0.1913458313	-0.0391516275	0.0451675901	0.1485968707	0.00851197	-0.1942983121	-0.0648412314	0.090488804	-0.0288592909	0.0336418724	0.0206250687	-0.0033873365	-0.0623180791	-0.0286117364	0.1158000596	0.0097667311	0.0422652016	0.0316691511	-0.045712656	-0.0993476759	0.0024113005	0.0951702868	0.1489217121	-0.0506458384	0.0664619475	-0.0971784191	0.0112715149	-0.0876971929	0.0228204008	0.1173021753	0.041802432	0.1317132635	0.0234940913	-0.0517842891	0.0910430574	-0.1069580865	0.0164932396	-0.0644282162	0.0361331412	0.045056687	0.0638187686	-0.0411556624	-0.0146496326	0.0088585815	0.0730566691	0.0914039345	-0.0049223202	-0.081177017	0.0199860139	-0.0059141158	0.0121638394	-0.0834635559	0.0874705997	0.078169893	-0.0669908391	0.0116227249	-0.0305295056	-0.0166751355	-0.0846438264	-0.1792252775	-0.0638973272	-0.0761173768	0.0898195155	0.0030239645	0.0330255163	0.0228530039	0.0566332653	0.2392271964	0.0197444155	-0.026974692	-0.0854866787	-0.0612685495	0.0134433535	-0.063590684	0.0047484054	0.0139877017	0.090052806	0.0389607221	0.1052678558	0.008456352	0.0385807359	0.1369316005	0.0338530336	-0.1199469512	-0.0124279675	-0.1192131755	-0.0225380973	-0.1510313152	-0.0291209919	0.1041363311	-0.0862341249	0.0964898957	0.0143300366	0.0240298023	-0.0038551401	0.0334004353	-0.1514760086	0.0321184632	0.0693648676	0.0077297352	-0.1479515958	-0.1159960133	-0.0848817056	0.0981459553	-0.0708794034	0.025143818	0.0751254128	0.073104459	0.0622800184	0.0618172169	0.0379612535	-0.0349963128	0.0514580944	0.1118794932	-0.0289718522	-0.1182380144	-0.0043153694	0.0087674155	0.144452181	-0.0110071763	0.1009151605	-0.0167935344	0.0366728354	-0.0198194003	0.0721913705	0.0735687678	-0.0187104008	-0.0639553827	0.024629792	-0.0256059762	0.0650462227	-0.0230019786	-0.0337388462	-0.0703813841	-0.0081278681	0.0937576389	0.059858937	0.012133754	-0.038394137	0.0	0.0	0.0174968965538084	0.0123495502095636	0.0001525113903785	0.0003061413890146	0.0870419133221673	-0.0073072370609565	0.0075762946747836	5.339571346501757e-05	0.3846043641377505	0.01143767172384	0.0001308203344623	0.1479205169138034	0.0007244523608324	0.000438461478715	5.248312231156379e-07	1.922484683170321e-07	0.0006290542132516	0.0005760053668705	3.957092032095894e-07	3.317821826637105e-07	0.0001507721588731	-0.0001902203904538	3.618379694443416e-08	2.2732243891255313e-08	0.0	0.0
51.7105988103253	-0.0412451781456297	0.0017011647202647	2673.9860293224165	60.02478232103236	0.701207257847102	3602.974492687319	0.4916916184574522	56.31795639099835	-0.0429542030361886	3171.712212058392	0.0018450635584741	57.06767300528634	51.741918884309314	0.959023	31.499191	0.0346208555207165	0.0177750422582298	0.1206763628	-0.0658384579	0.0598938145	-0.0753447478	-0.0763219247	-0.0397227109	0.0821672661	-0.0994773529	0.0883856533	0.0013184892	0.0397073393	-0.0110516498	0.0297418334	-0.0506251844	-0.1280945738	-0.0433902612	-0.0505228615	-0.0457555996	-0.034267098	-0.0320332777	0.1765073888	-0.0448622788	-0.0336065075	-0.0071205963	0.2022114344	-0.0487305976	-0.0970016077	-0.0786771946	0.0394878401	-0.0996702064	0.0669880067	-0.0415798567	-0.0753829756	-0.0372691972	-0.0866148034	0.0960721747	-0.000493415	-0.0428525335	0.0625270707	-0.0394733059	-0.0207154466	-0.141383571	0.0574903763	-0.0896646122	0.1103726271	0.0108203525	0.0119821612	0.039870538	-0.0205204426	-0.022297445	-0.189427886	-0.0409626303	-0.0001866042	-0.0069581027	-0.0648102771	-0.0751293619	-0.0024902119	-0.0131109612	-0.0592289638	-0.0402667582	-0.0222864022	-0.0946528521	0.0020731471	0.1464724095	0.0829491428	-0.0184482526	-0.0271726546	-0.0269302842	-0.1296334523	-0.0910540179	0.0102684457	0.0677514412	0.1387953354	-0.1158006305	2.52617e-05	0.0060221043	0.1183069829	0.1731772887	-0.0382565417	-0.0610025719	-0.0802689671	0.1996922969	-0.0926099899	-0.0060805301	-0.1612558983	-0.0418743248	0.0261070619	0.0477199388	0.0038190045	0.0526934159	0.000942574	0.006396341	0.0284232807	-0.0049167735	0.0610442423	-0.0664280821	-0.0392697853	0.0513826684	-0.1166894774	0.0222525642	-0.1109955208	0.0559488398	0.1810200134	0.0012897148	0.0508301238	-0.0301667253	-0.0608575721	-0.0973758184	0.0452020419	0.0498246237	-0.0961287679	-0.0370140007	0.0597510956	0.045713937	0.006134221	0.008752059	-0.1319171916	0.0139065102	0.0540750365	-0.0910202189	0.0399661257	-0.0404405291	0.0946996661	0.0432783729	-0.1101491557	0.0807218973	-0.0398573893	0.0205760849	-0.0074118323	0.051467752	0.0065319569	-0.2337345285	0.0917699046	0.1705372917	-0.1058250326	0.0023192147	0.056772307	-0.0543594275	0.0239398162	-0.0693864112	0.0741627611	0.0138737697	-0.0128378525	0.0007214664	0.1003611508	0.0074508873	0.0725343237	-0.0172405422	0.0345307494	-0.058747396	-0.0777463194	-0.0086334266	-0.0338684883	-0.048341614	-0.0670488075	0.0187633659	-0.007720847	-0.0468251436	-0.0935332116	-0.024859455	1.72293e-05	-0.016695658	0.0674159172	0.0928702909	0.0567343287	0.0065437496	-0.045267892	0.0	0.0	0.01898769786672	0.0014908013129115	2.2224885545789484e-06	0.0003605326702778	0.0973662458687982	0.0103243325466308	0.0094801858345832	0.0001065918425334	0.3862894821629794	0.0016851180252289	2.8396227589514e-06	0.1492195640297428	0.000447982817425	-0.0002764695434073	2.006886047080409e-07	7.643540843189623e-08	0.0005760126772313	-5.304153602029996e-05	3.3179060433116977e-07	2.8134045433927783e-09	5.7871165581897886e-05	-9.290099329120212e-05	8.630594554491981e-09	3.349071805807442e-09	0.0	0.0
51.62563805169495	-0.084960758630352	0.0072183305070449	2665.2065042446134	59.11987593849712	-0.9049063825352448	3495.1597309832905	0.8188555611530228	56.312133102965866	-0.0058232880324808	3171.056334606144	3.3910683509235145e-05	57.00201694403876	51.1293826850485	0.962166	31.602411	0.0603490688132901	0.0334477546362441	0.00465508	-0.140180347	0.0673711439	-0.1205313812	0.0685767488	0.076142172	-0.0701832193	-0.1212891721	0.062421316	0.0552710371	-0.0627337064	-0.0081612255	-0.0485713582	0.0256833447	-0.0027089933	-0.0044277062	-0.1525448152	-0.0473601722	0.1123873566	0.0777989445	0.0114666872	-0.0499308807	-0.00105268	-0.0068091807	-0.0462466091	-0.0334444353	-0.0927639483	0.0041761828	0.0427282118	-0.0252156917	0.0697663126	-0.0513121772	-0.0033244428	0.0331192067	0.1667101515	-0.0072644648	-0.0768749504	-0.0011389849	-0.0424480107	0.0951222785	-0.0575197823	0.0376169051	-0.0141259877	0.0031165031	0.280798129	-0.1151893249	0.1226488289	0.0114549825	-0.0799145235	0.0964872308	0.0446663377	0.080423649	0.0460838874	-0.0967604026	0.0016913141	-0.0246250691	0.0758433693	0.0234295472	0.0699070084	-0.036188345	0.1111641348	0.1176223632	0.0973897182	0.016424584	0.0512262362	0.0893331295	0.0589455636	-0.0514009742	-0.0385231228	-0.1614149115	0.0597258778	-0.0230641179	0.0720596272	-0.110996574	-0.0682254251	0.0450646964	0.0596975445	-0.0859267189	-0.0326934075	-0.0008699405	-0.1213495683	-0.0705904561	-0.018088301	0.0524290708	-0.0405453487	-0.1268298515	0.0099746578	0.0289239496	-0.0923814719	-0.002206943	0.1225731703	-0.0148612701	-0.0331762907	-0.0640694792	0.1125342293	-0.025243956	0.0303312041	-0.0215503528	0.058720915	0.0100420404	-0.1289196529	-0.0713288652	0.1079616676	-0.0445879373	0.0217044506	0.0898070824	-0.0061453813	0.0180855542	-0.0598828525	0.0563918917	-0.0672714691	-0.158681769	-0.0802149909	-0.0711550959	0.0032018629	0.0570151679	-0.1187360241	-0.0053723909	-0.1191190231	-0.0937692502	0.0344439811	0.0517025885	-0.1376333586	-0.0457779455	0.0465767894	-0.0138332233	0.1549581441	-0.0344140505	0.0752777837	-0.0382266524	0.0367013899	-0.0371427273	0.0346839143	0.1090852214	-0.0871676645	-0.0238154859	-0.0442483372	0.0030167327	0.0807015545	-0.0837802635	0.0683549858	-0.054022364	-0.0280081201	-0.0598976269	0.0772249595	-0.0749584907	0.0011014005	0.0261430725	0.1330646173	0.0245144337	0.0514187579	-0.0306574427	-0.035294165	-0.0018973084	-0.0437411512	-0.0240526568	-0.0272465335	-0.0735425274	-0.1238174697	-0.0126329605	0.0998476289	-0.0415815382	-0.0235437567	0.0919540145	0.0535390365	0.000935404	-0.0519161246	0.0	0.0	0.0161626896163369	-0.0028250082503831	7.980671614732585e-06	0.000261232535634	0.1086959644070617	0.0113297185382634	0.0118148126783812	0.0001283625221562	0.4143795010535811	0.0280900188906016	0.0007890491612743	0.1717103708934148	0.0006320092232907	0.0001840264058656	3.994356583245138e-07	3.386571805584732e-08	0.0006679908440556	9.197816682429996e-05	4.462117677421129e-07	8.459983172358756e-09	-2.821072440893852e-05	-8.60818899908364e-05	7.41009178439446e-09	7.958449716770797e-10	0.0	0.0
51.6109223966112	-0.0147156550837479	0.0002165505045438	2663.687310629024	58.72876332022927	-0.3911126182678472	3449.0676411235067	0.1529690801683308	56.37280330726568	0.0606702042998108	3177.892952719664	0.0036808736897807	57.05901340083216	50.145095243317456	1.016092	33.373634	0.045152187272873	0.0251574185235859	-0.1131629621	0.0020505067	0.1168636433	-0.082126514	-0.0206076729	-0.0722063105	-0.1101214815	0.0474889476	-0.0367245991	0.0599442538	0.0662151637	0.016879536	0.1118781374	-0.1087324566	-0.0845453578	0.0708604907	-0.0976074019	-0.0154726649	-0.0157985776	-0.0309520457	-0.0970764313	0.032289353	-0.0461521024	0.1407007411	0.0018933692	0.004416022	-0.123580959	-0.0329922897	0.0754295722	0.0182494037	-0.0841398148	0.1196768257	-0.0519211411	-0.0205942528	0.1025567137	0.0372428236	-0.0446978794	-0.0121403333	-0.0029324678	-0.061866462	-0.0010477259	-0.0544087947	0.0113050276	-0.0184626946	-0.0290930086	0.001759955	0.0434406191	0.0224531631	-0.018424047	-0.0185981593	0.1443952376	0.0033813243	-0.0205055951	-0.143302889	-0.0403347483	0.0068570825	0.0591503902	-0.0016059245	0.0656749795	0.0400457926	-0.048906698	-0.1280000906	0.009074006	0.1037439517	0.0629993165	-0.0459233557	-0.0195772427	0.0221948014	-0.015299202	0.0980636497	0.0219512839	-0.035449841	0.0244242072	-0.0442151984	0.0838382891	0.0254447237	-0.0643167121	-0.0885389671	0.1607881206	0.1178710055	0.024675055	0.0048205759	0.0154025217	0.0804414817	-0.0739317306	0.0277293165	0.0074577973	-0.0131401495	-0.0647438289	-0.0111021119	0.0494034346	-0.0565219119	0.0333878703	-0.106163413	0.152403479	-0.0553943278	-0.0094442374	0.0073832837	0.0511880257	0.0349548091	-0.0794031743	-0.0079945798	-0.0613542567	-0.0070356237	0.0837421268	-0.0861415804	-0.0787918692	-0.0175576978	0.0247363796	0.0031630329	0.0036588548	-0.02818185	-0.026476896	-0.0214934224	0.0564632267	-0.1500894197	0.0178557649	-0.0797345292	-0.0726141165	0.1120194266	0.0174796213	-0.0629330737	0.0483960001	0.0034107847	0.0529855593	0.0967756167	-0.0580199229	-0.0456100021	0.0631594351	-0.0379441551	-0.024220032	0.1204220955	-0.0042349403	0.0352914012	0.0122221633	-0.0433524099	0.0231153814	0.0041698588	0.0308946073	0.0172823643	-0.0473339072	-0.1036868077	-0.0251527672	-0.0950342091	0.1286449641	0.127746846	0.0973269438	-0.0866116015	0.0403981009	0.0252336096	-0.0891226221	-0.0464886798	-0.0030230823	0.101207929	0.0581488744	0.0128816475	-0.0050013812	0.1014077029	-0.0367752979	0.0505219298	-0.0920578525	0.0286078444	-0.0680912941	0.0910090951	0.0502770413	-0.0046755634	-0.0583057138	0.0	0.0	0.0194126951962942	0.0032500055799573	1.0562536269753594e-05	0.0003768527347842	0.121481524906656	0.0127855604995942	0.0147577608936464	0.0001634705572887	0.4322663747636568	0.0178868737100756	0.0003199402511201	0.1868542187513142	0.0008160236220921	0.0001840143988014	6.658945518123104e-07	3.3861298966240695e-08	0.0006679719712776	-1.8872778000003473e-08	4.461865544124829e-07	3.561817494374149e-16	-6.877240249445344e-05	-4.056167808551492e-05	1.6452497291129414e-09	4.729643344859106e-09	0.0	0.0
51.69532776957748	0.0844053729662803	0.0071242669855768	2672.4069132040486	58.72584840193152	-0.0029149182977477	3448.7252705266437	8.496748682544373e-06	56.24233095422923	-0.1304723530364455	3163.1997911650515	0.0170230349068668	56.91998265347655	50.23423025734598	0.964605	31.682529	0.1076486919852712	0.0647595059992252	-0.0337364202	0.0776696403	-0.0006114443	-0.1103907191	-0.0314891641	0.0343192328	-0.0406826595	0.0727777366	-0.0506753271	0.0809827141	-0.0046909337	-0.0252519371	-0.0656115598	0.0292645039	-0.1029561197	-0.0527318039	0.0265745041	-0.0006422659	-0.0597855734	0.0525413861	-0.0895497786	0.0447609516	-0.0707569575	0.0368988567	0.0421648032	0.0103544324	0.0024939716	0.0331854266	0.0168596214	-0.0038182153	-0.0445496608	0.0797457938	0.0562954684	-0.0561171313	0.0530779439	0.0044130502	0.0847439785	-0.0171893248	-0.0089325943	0.1023007765	0.1198188491	0.1229568678	-0.0637723055	0.0324894157	-0.0477157468	0.075779633	-0.1577462801	-0.0076660242	-0.0907772697	-0.0952807468	0.0018969581	0.0243264023	-0.0033780367	0.1179815489	-0.0462017468	0.0165170369	0.018772509	0.0980917095	-0.0737683078	0.0402615476	0.1578316944	0.0713050006	0.010565704	-0.011140022	-0.0133416086	-0.1888698192	-0.0043852412	-0.087583447	-0.0970887038	0.042299147	0.0486166406	0.1407720719	0.0493457409	-0.0231367248	-0.0058675153	0.0340911941	-0.045627486	0.0630938477	-0.0356779553	0.0428730362	0.0131564273	-0.0652381876	-0.026232403	-0.0507804666	-0.0716956764	0.0652121685	-0.0006311938	-0.0401687497	0.0626980429	0.0039564982	-0.055243676	-0.0446722354	-0.0180588654	-0.0701919545	0.0964051287	0.0443953713	-0.0024298892	-0.1219006598	-0.0592006214	-0.0161596825	0.0452096744	0.0145591009	-0.1185695649	0.0966076767	-0.1451351467	0.0082075439	0.105173028	0.0031916571	-0.0253905836	-0.1487373934	0.1041036609	-0.0680716644	0.1862237786	0.0133553099	-0.0112399595	0.0723110522	0.0765043921	-0.0641976727	-0.0369937842	-0.1226779064	0.1349588062	0.0135735032	-0.06103258	0.0218930617	-0.0426984398	-0.0323464177	0.0505737683	-0.0018134542	0.0088978419	0.0271374856	-0.0256025132	-0.0540020062	-0.0235438406	0.0091244961	0.0038383126	-0.0520303184	0.136811956	-0.0254941587	-0.1172418776	0.0573586419	-0.0802301442	0.0054594975	-0.085947376	0.0574490255	0.1209036455	-0.0056610288	0.0037811763	0.0051600203	0.0257691285	-0.0064459806	0.0226918698	-0.1480510239	0.0317420332	-0.0348591499	-0.0611445434	-0.0344983964	0.0358100071	0.0800839177	-0.0867020124	0.0892865683	0.1501355238	0.0099619579	-0.0054401842	0.0900358269	0.0469524072	-0.0102734258	-0.0644048267	0.0	0.0	0.0287926523432417	0.0093799571469475	8.79835960785715e-05	0.0008290168289587	0.11177771398836	-0.0097038109182959	0.0124942573444636	9.416394633804044e-05	0.3939445772414913	-0.0383217975221655	0.0014685601653298	0.1551923299379773	-8.101302568297531e-05	-0.000897036647775	6.563110330310417e-09	8.046747474515445e-07	0.0006679978665613	2.5895283699999865e-08	4.462211497304483e-07	6.705657179034785e-16	3.902758240401653e-05	0.0001077999848984	1.1620836744110352e-08	1.5231521883023006e-09	0.0	0.0
51.78753404454336	0.0922062749658749	0.0085019971430825	2681.948682414737	58.91624997898857	0.1904015770570453	3471.1245115866705	0.0362527605458099	56.27172686727784	0.0293959130486101	3166.507244625519	0.0008641197039614	56.960602343210425	50.697836641230566	0.942464	30.955328	0.0673914461732774	0.0376549304746913	0.0062969113	0.0745894649	0.0605075853	-0.0330701161	0.0215487382	0.1009392456	0.0027545733	0.023838475	-0.0329749041	-0.0005121747	0.0257334114	0.0314939729	0.006962807	-0.0358671438	-0.0687185054	0.0899819576	0.0840036493	0.0294771705	-0.0175666942	0.0651309724	-0.1314866893	0.0228100943	0.0666786765	0.0297894017	0.0236033666	0.0063215427	0.0813320943	-0.0012189091	-0.0466261964	-0.0698908387	-0.0601282276	-0.1150955266	-0.0187505656	0.0174542302	0.0354317993	-0.0116358539	-0.0579643641	-0.0722130678	-0.0713974511	0.0537257763	-0.010410331	-0.0386000492	-0.0227643813	-0.0985247151	0.0160144373	-0.0272331892	-0.1493298479	0.008065873	0.1122094526	0.0930718387	0.0949340418	0.0193964797	0.0389783976	-0.0866983378	0.0644252346	0.0063907717	0.0544127636	-0.016238296	-0.014366645	0.0254481876	0.0890596495	0.0236344528	-0.0147115531	-0.1524901964	0.0826064122	-0.1191199861	-0.0313344303	0.0139923212	-0.0245677615	-0.0871114214	0.0348524642	-0.0297737969	0.0444625286	0.070335257	-0.0020648409	0.0433401535	0.0066676408	-0.0823102248	-0.1350244015	-0.0217766712	0.0257037872	-0.0703063067	-0.0371738645	0.0717085681	0.0921903142	-0.0694620376	0.1041697115	0.0602363363	0.0073296454	0.0891984928	-0.0060547532	-0.0274250727	-0.0189394502	-0.0296819748	-0.0117454348	0.0904485476	-0.0326360593	-0.0900352233	0.0220217166	-0.0528848878	0.0257511529	-0.0453891311	-0.0374630665	-0.0536641643	-0.0096815553	-0.1310400524	8.84412e-05	0.0269088122	0.0087074498	-0.0057687028	0.0155756513	-0.1321025813	0.0573519221	-0.0442730409	-0.0327433738	-0.0532326444	0.0706058596	-0.0599998152	0.0338245574	-0.0404572291	-0.0100408176	0.0349237536	-0.1044191629	0.0612989305	-0.0459995918	0.0267332248	0.0225396631	0.2130070463	-0.0374730585	-0.0954839883	0.0259135058	-0.0203276918	0.0868986689	-0.0382837678	-0.029527903	-0.027222089	0.040373824	-0.1064573893	-0.0336265716	-0.006001753	-0.0470040182	0.0941645719	-0.0499022187	-0.0936263633	0.0165242167	-0.019390689	-0.0054931457	-0.070138043	0.1668326056	0.091958447	-0.025301187	0.0613369479	-0.0245084166	0.0276238602	-0.0122066537	-0.0172677962	0.0541353745	-0.0210536283	-0.0106176616	0.0139547258	0.022586691	-0.0133122899	0.0459995721	0.0890345132	0.0435692762	-0.0158424933	-0.0701830781	0.0	0.0	0.0164696495805145	-0.0123230027627272	0.0001518563970901	0.0002712493573049	0.1174019380672035	0.0056242240788434	0.0137832150619354	3.1631896489043e-05	0.4191305105216116	0.0251859332801203	0.0006343312351906	0.1756703848501067	0.0003370095691479	0.0004180225948308	1.1357544969725321e-07	1.7474288978913813e-07	0.0006679952241135	-2.6424477999600557e-09	4.462176194384451e-07	6.982530375513738e-18	-2.811290134903659e-05	-6.714048375305312e-05	4.5078445585939895e-09	7.903352222606633e-10	0.0	0.0
51.82797272738894	0.0404386828455827	0.0016352870702856	2686.138757030972	59.73936806898066	0.8231180899920929	3568.792097281146	0.6775233900722312	56.31123073152501	0.0395038642471661	3170.9547064990466	0.0015605552904585	57.01346970560215	51.45181885754596	0.939506	30.858162	0.0209039996370937	0.0104157209771604	0.0927509918	0.0507583811	-0.036513974	-0.1104103455	-0.0037848952	0.0196927718	0.1041404913	0.0319982321	0.070726224	-0.0304635931	0.0269427596	-0.0322647478	0.0077867105	0.0108781118	-0.1558514847	0.0405319781	-0.0047078951	-0.0906128322	-0.0171529051	0.0664940933	0.092253472	0.0006268131	0.0695982688	0.0441617812	-0.0318235908	-0.0676101957	-0.0283531389	-0.0607387484	-0.0035667037	0.110856115	-0.1383460336	-0.0787515278	-0.0817097776	-0.0569989717	-0.0919956822	-0.0588006122	0.0965639511	0.1057061962	-0.0210253254	-0.079868356	-0.0904208239	0.0323078231	-0.0422441131	0.0352136803	-0.0787687794	-0.0162381231	0.0010489268	-0.0598383168	0.056327314	0.0802457657	-0.1057173756	-0.1292647258	0.0958551656	0.0703609636	-0.0407693545	-0.0587311395	0.0300603214	-0.0315175214	0.0064558426	0.0397862925	-0.0064033909	-0.0205195591	0.0348161872	-0.2533700041	-0.0357758416	-0.068396445	0.0202352724	-0.0343645089	-0.04507401	-0.05260513	-0.1235532911	-0.0565429017	0.1226411736	0.0440265953	0.0307790518	-0.1147496708	-5.96109e-05	0.0397111168	0.0487929937	-0.006212968	0.050170953	0.112239698	0.0224319209	-0.0109977284	0.0687767171	0.0255404029	-0.0185160696	-0.020118269	-0.093253558	0.0115418329	-0.1237767184	-0.121175793	0.123025279	0.1125041127	-0.0670119167	-0.0057404778	-0.046871335	-0.0520984143	-0.0855013394	-0.072190574	0.0213165688	-0.0575021043	-0.1118142407	0.0546501759	0.1082005854	-0.0212224889	-0.0071898434	0.0421779852	-0.1105947974	-0.0644161299	-0.1296778906	0.0772072985	0.0102671055	-0.0454686869	-0.1896775379	-0.0570255405	-0.0748018181	-0.018661198	0.0003111322	-0.0324809797	-0.0050336872	-0.0892485468	-0.0886046592	0.102236145	-0.0296959159	-0.021072274	-0.05265284	0.0962493058	-0.0935098789	-0.1171212678	-0.0153725233	-0.0273425165	0.0204804825	-0.0145884189	0.0993990423	0.0027879962	-0.0984823984	0.0734863601	-0.1098558473	-0.0539056019	0.007096864	0.0819607017	-0.0532965922	0.0225604927	0.0057300379	0.0746585016	0.1351849858	-0.0793612527	0.0479326442	-0.0672796375	0.0004042855	-0.0397563999	-0.0222471064	0.0290589969	-0.0296550545	0.0882938297	0.0067787369	-0.015887472	-0.0361708006	0.0372889005	0.0055521868	-0.1549252732	-0.0259230804	0.0880054659	0.0401318633	-0.0213671566	-0.0756116809	0.0	0.0	0.0224339635149277	0.0059643139344131	3.557304070823545e-05	0.0005032827189891	0.1221545980615275	0.0047526599943239	0.0149217458275733	2.2587777021647717e-05	0.4222150588728439	0.0030845483512322	9.514438531089813e-06	0.178265555938999	0.0001970086978752	-0.0001400008712727	3.8812427038481836e-08	1.9600243957115124e-08	0.0006679970464682	1.822354699977137e-09	4.462200540902385e-07	3.320976652528761e-18	-2.6066047833950712e-05	2.046853515085879e-06	4.189609312219418e-12	6.794388496818065e-10	0.0	0.0
51.838477463957766	0.0105047365688264	0.0001103494903804	2687.227745781257	59.73181108739925	-0.0075569815814091	3567.889255780752	5.7107970621757305e-05	56.2322066379108	-0.0790240936142083	3162.0610633686997	0.0062448073715471	56.95990885200036	51.51231057858667	0.961349	31.575598	0.0926749504221756	0.0510994269371026	0.067485043	-0.097664986	0.1503739184	-0.0163897542	0.0046625913	0.0964053149	0.0249747462	-0.122996636	0.0720261354	-0.0836832462	-0.0838598493	0.0551817443	0.1641818132	0.0184387985	-0.0731080142	0.0465226672	-0.0135363503	0.0411169136	-0.0309897342	0.1188668683	-0.0423367875	-0.0845853577	-0.0314460803	-0.008267323	0.0471645247	0.1704030553	-0.0188439149	0.0860015708	-0.0531241807	-0.1048122594	-0.0476691869	0.0180108769	0.0190407645	0.037846122	0.0396113708	-0.0786276826	0.0131261636	-0.0730045844	0.0226104848	-0.0723660458	0.0243353037	-0.0483298443	0.0465034578	-0.0301208527	0.0047014591	0.009024775	0.1002822287	0.1668292901	0.0438724883	0.0492878754	-0.0633918383	0.0698118166	0.0087007977	-0.1399074216	0.0501468931	0.0178222223	-0.0499730417	-0.0056894476	-0.0204502306	0.0065633379	0.1305362712	0.0551030301	-0.0736411189	-0.0817975982	0.0942131956	0.0845551295	0.0481715236	0.1063058497	-0.1063934817	-0.0217878609	0.030838574	0.0765496805	-0.1390014676	0.0845237804	0.0628184742	-0.0994423892	-0.073793278	0.0142441296	0.0283669994	0.0202553542	-0.1518898034	0.0233600203	0.0011751219	-0.0774889996	0.0247536418	0.1012043276	-0.0078891707	0.0271869857	0.0778915236	0.1253702532	0.0190439919	0.0299870109	-0.0527608889	-0.0637452302	0.0446210588	-0.0065501466	-0.128994463	-0.0365299584	0.0843777568	0.031879018	-0.0235433886	0.1168505248	-0.0309231331	-0.0545714942	0.0312722948	0.032636683	-0.0910916355	-0.034589359	0.041386402	0.0428246532	-0.01796139	-0.1103297913	-0.0002890208	0.0367108205	0.0537458043	-0.039225375	-0.0995135407	-0.0369700545	0.0448138453	-0.1046595069	-0.1129470202	0.0333711653	-0.1280668447	0.022639762	-0.0131023159	0.1096436031	0.0754768343	0.1226615967	-0.0037413078	0.1222621024	0.0584910288	0.0424961479	-0.0859957983	-0.0176451261	0.0707132355	0.0348067149	-0.0547100473	0.0417483044	-0.0809295343	-0.0984862206	0.0713400346	-0.0101599749	0.007170274	0.0859407078	0.015609043	-0.1174438959	-0.0068563662	-0.0116697402	0.1181773342	-0.0246910264	-0.1145444426	-0.0298894019	-0.0542216081	0.0482075934	0.0278666578	0.0233458908	-0.0162084584	-0.0186692855	-0.1232240882	0.0759602937	-0.0054886749	0.0835601085	-0.0170966967	0.0869490055	0.0366444511	-0.0268319309	-0.0806635902	0.0	0.0	0.0156361565672256	-0.006797806947702	4.621017929822691e-05	0.0002444893921947	0.0931916690325778	-0.0289629290289496	0.0086846871770775	0.0008388512579359	0.3991407175728625	-0.0230743412999813	0.000532425226428	0.1593133124245796	-0.0004009652047967	-0.0005979739026719	1.6077309545765958e-07	3.57572788276663e-07	0.0006680210108704	2.3964402200062768e-08	4.462520709643111e-07	5.742925728063732e-16	-0.0001048656436707	-7.879959583674929e-05	6.209376304035035e-09	1.0996803222470225e-08	0.0	0.0
51.80982080658107	-0.0286566573766933	0.0008212040120051	2684.257532010041	59.42903014045349	-0.3027809469457594	3531.8096234349296	0.0916763018333707	56.26606079314252	0.0338541552317224	3165.86959717761	0.0011461038264535	56.98531730258644	50.47579799267833	1.003571	32.962387	0.0818390339045873	0.0406507703257394	-0.096594856	-0.0535572296	-0.0102735199	-0.1003910855	-0.1152032667	-0.02474063	-0.121714903	-0.0365105806	-0.0553219637	-0.1484973435	0.0528554562	-0.0714800607	-0.0598213263	-0.0429314658	-0.1194161488	0.0112174935	-0.0138338775	-0.0569816735	-0.022678837	0.0756458911	0.0772341284	-0.0045889826	0.0287318276	-0.0076113406	-0.0709785742	0.0826843673	-0.0349187276	0.03704539	0.0215507895	-0.0531890727	-0.126610373	0.0304096882	0.0636027195	0.0560151856	0.0855740285	0.148091967	-0.1111504798	-0.0603855799	0.0421418571	0.1652933642	-0.1261840048	-0.0256258335	-0.0877021744	0.0774786596	-0.070845199	0.2082415604	0.0591173849	0.0263427776	-0.0473247615	-0.0275378692	-0.0080967844	0.108407288	-0.076745467	0.0589258322	-0.0500918029	0.0203186352	0.0283991767	0.0303906682	-0.0868763633	0.1561059674	-0.1689387301	-0.1119810419	0.0026755268	-0.0663325456	0.0418629838	-0.1020883852	-0.138754969	0.0951480863	-0.0496081774	0.0415265616	0.1323450828	-0.0480988324	-0.0014962212	-0.1274867284	-0.0149039052	0.1347880454	-0.054764365	0.0108960897	-0.0354209319	0.0721657945	-0.0545059627	-0.1014438316	0.0444578387	0.0482435217	0.0627304485	-0.0572159659	-0.0417647362	-0.0025136445	0.0968092169	0.0508358509	0.0344668001	-0.0043068573	-0.0219243596	-0.2653787958	-0.0608685848	-0.0111242904	-0.0910254098	0.034863476	-0.1822391717	0.1438020663	-0.1117148246	-0.097473279	-0.1315358403	-0.051918024	-0.0667052718	0.0837524473	0.0031955283	-0.0174490957	0.0499630503	-0.070522334	-0.1063549732	0.0841944141	0.084475503	0.0993494555	0.1395800376	-0.047596606	0.1099230953	0.0239430644	-0.0603108459	0.0880719462	-0.0371673399	0.0003096235	-0.0105870999	-0.0635451307	-0.0674942589	0.0726900367	-0.0802372886	0.1058645984	-0.0443271585	0.0332112256	-0.1034602509	0.0708323539	0.0518634447	0.1829396947	-0.1270018695	-0.0018770172	-0.0041343178	-0.0947085609	0.0569909804	-0.0282096196	0.0240264266	-0.0943753447	-0.0457198188	-0.0500344944	-0.0441718298	0.1048422126	0.0266158011	-0.1470265863	0.1127333349	-0.0550332009	0.0256973949	-0.1072421329	0.0382475122	0.080993746	-0.1022010184	0.0225319547	0.0111201018	0.0105800301	0.0127175542	0.08447765	-0.0236287374	0.0778084608	-0.0279769826	0.085865461	0.0331113845	-0.032221499	-0.0853136375	0.0	0.0	0.0314552643092866	0.015819107742061	0.0002502441697549	0.000989433652767	0.1021082436064375	0.0089165745738596	0.0104260934123915	7.950530213120115e-05	0.419205671803958	0.0200649542310955	0.0004026023882959	0.1757333952726077	0.0001320129319359	0.0005329781367326	1.7427414198312562e-08	2.8406569423495405e-07	0.0008029982823658	0.0001349772714953	6.44806241482425e-07	1.8218863820342905e-08	-3.2053104747276926e-05	7.281253892342307e-05	5.301665824474999e-09	1.0274015239399067e-09	0.0	0.0
51.86778230604546	0.0579614994643904	0.0033595354201605	2690.266841347323	59.23059132774883	-0.1984388127046585	3508.2629490347954	0.0393779623876345	56.325025270311095	0.0589644771685726	3172.508471701183	0.0034768095677631	56.99463549390723	50.51497830931701	0.983178	32.292557	0.0648288158871109	0.0312087643750912	-0.0691140335	0.0866872509	0.013535716	-0.0878979411	-0.0301175769	0.0861880997	-0.0289275095	0.1030366003	0.1012688305	0.0065148279	0.0055968412	-0.0695530837	0.0888713298	0.0787254982	-0.0528983896	-0.0672731314	-0.0627628588	0.0697350749	0.0478765946	0.0035494636	0.0319013125	0.0715014078	0.1220269233	0.0740628144	-0.0828644002	0.0926876783	-0.1151366116	0.0065816567	-0.0978730917	0.03052653	-0.0274953527	-0.0210247474	-0.0237147776	-0.1723367814	0.0586700906	-0.0434150448	-0.0401255475	-0.0757318325	-0.1262508599	0.1893218615	0.198229347	-0.0249615566	0.0220721034	-0.0628631145	-0.031197974	0.1414708196	0.0869626449	-0.086392839	0.1234416511	-0.0096863079	0.0354366269	-0.0760018696	0.0271090974	-0.0401227142	0.0231867059	0.0641012074	0.08129614	0.0343662511	0.0299384107	-0.0351182017	0.0145729557	-0.0482684339	-0.0373267519	0.0589872273	0.0129040101	0.0449170578	0.0914267336	-0.0462409991	-0.0414886677	0.0673770794	-0.1501447523	-0.0506486375	0.0983766031	0.1426151145	0.0520500376	-0.0026131591	0.2196028028	-0.0341417235	-0.0316787051	0.0876884763	0.0787311781	0.0185692079	0.1778619795	0.075789547	0.0712290536	0.0581901603	-0.0611602342	0.0889299748	-0.0168806046	0.1442116071	0.0285345561	-0.0981133161	0.0021590265	0.0315049651	0.1759434697	0.1955192694	0.0553011191	-0.1138696475	0.007409956	-0.099415673	-0.000214146	-0.0997499993	0.1270829072	-0.0446568788	-0.1789872779	-0.0770130771	0.0071928186	0.086948502	0.0578286968	0.0980365176	-0.0437892223	0.022178511	0.0054519498	0.0157476297	0.1077234008	-0.026575536	-0.0380160237	-0.0052461743	0.0418673705	0.0643205201	0.0932069139	-0.1186041573	0.0534270634	0.0087938253	0.091001868	9.9688e-06	-0.0248694299	0.0241869166	-0.0319368403	0.0603978688	0.0926079533	0.0487654186	-0.0317524049	-0.0480375171	0.0760641363	0.0593334505	-0.0374014865	-0.0888748485	0.044697438	0.0737794521	-0.0766409564	0.0100133828	-0.098422588	0.0056542089	-0.0322281576	0.0193935193	0.0808524913	-0.0480134027	0.007602806	-0.0285254529	-0.0728939365	-0.1602001916	-0.1499541398	0.0268350914	-0.1789995005	-0.0546039674	0.0978672693	0.0088616261	0.0894478065	0.0178257062	0.0181397205	0.0833923846	-0.0272279115	0.0847551701	0.0295370653	-0.037520755	-0.0895386565	0.0	0.0	0.0186723186120332	-0.0127829456972534	0.0001634037006989	0.0003486554823492	0.105803363385192	0.0036951197787545	0.0111943517036189	1.365391017934272e-05	0.4068933866571811	-0.0123122851467769	0.0001515923655355	0.1655622281053503	-0.0003199442842561	-0.0004519572161919	1.0236434502814813e-07	2.0426532526802219e-07	0.0006680265863445	-0.0001349716960212	4.462595200630858e-07	1.82173587268662e-08	-0.0001658934978205	-0.0001338403930732	1.7913250817994864e-08	2.752065261912024e-08	0.0	0.0
51.91448011948653	0.0466978134410638	0.0021806857801764	2695.1132460765616	59.54881385303436	0.3182225252855275	3546.061231303337	0.1012655755990982	56.42155364777545	0.0965283774643523	3183.391716028803	0.0093177276559004	57.09532364727176	51.046218229505605	0.9458160000000002	31.065411	0.0854575849760524	0.0497345009671173	0.0140800444	0.0708585268	0.0482976891	-0.0441483037	0.0074021474	0.1109561284	0.0273330187	0.0577880282	0.0008322295	-0.1200310374	-0.1165538651	-0.0471420452	-0.0094058651	0.0046780702	0.0588337165	0.0134631005	-0.0238899271	0.1143105078	-0.0564709168	0.0841404547	0.0065559965	-0.0175100138	0.0296081485	0.1083414468	0.0542286972	-0.0877922236	-0.0411394929	0.0583190735	-0.0667629943	0.0368793886	-0.0406999484	0.0214214516	-0.1949726117	0.0583172225	-0.0700207519	0.0332504994	0.0472527986	-0.0798318668	-0.1000995939	-0.0297705862	-0.0843778359	-0.0114986412	-0.1571867008	-0.0327853486	-0.1136038496	-0.0264595296	0.0311209443	-0.041777518	0.0252224614	0.1500387214	-0.0140169886	0.0064752022	0.0458918652	0.1083120524	-0.0711763252	-0.1432068651	0.0297650794	-0.001384351	0.135637537	0.0010066885	0.065986802	0.0074585945	0.0295863702	0.1481545468	0.0758184916	-0.0718126755	-0.0072849097	0.0804422356	0.0624071473	0.0670034099	0.0040412721	0.0180622746	-0.0915444905	-0.0072284789	0.1353858478	-0.0320216263	0.1162711231	-0.0331043683	0.0521063636	-0.0976896417	-0.0106194631	-0.0248624899	0.0025107351	0.0528175476	-0.028147713	0.0688072797	0.0918226277	-0.1332906972	-0.0459500595	0.0167195286	0.1153389767	-0.0769847685	0.1205492255	0.0497437139	0.0701072136	0.005765379	-0.1796814353	-0.0217395979	-0.0718792888	-0.0750678994	0.0508197704	0.001454092	-0.0518106584	-0.0709680278	0.1273170815	-0.1085085372	0.0407022941	0.0864148768	0.0214248754	-0.1203044065	-0.1259680486	-0.1554438089	-0.0573924646	0.0463968368	-0.0490581839	0.0995252482	0.0037599559	0.0673660942	-0.0555981578	0.1430180035	-0.0220367628	-0.004702673	0.045717347	0.1054431312	0.0218315342	-0.0873688943	-0.0073688277	-0.0149867068	0.0325319802	0.1143833698	0.0120972899	-0.026912929	-0.008451704	0.1213802067	0.1588528649	0.0534271248	-0.0033732218	-0.0755469316	-0.0314512668	0.027487801	-0.0310107322	0.0994680712	-0.0510043761	0.0981519174	-0.0466766846	-0.0738593004	-0.0369698536	-0.09449294	0.1108212639	-0.0371091691	-0.0411208685	0.0809162036	-0.0134938976	0.0653709259	0.0564570101	-0.0716406526	0.0418675737	0.0752087013	-0.0080272292	0.0258417047	0.1247922441	-0.1368263074	0.0976372479	0.0836184785	0.0259259465	-0.0427148457	-0.0933175984	0.0	0.0	0.0263763871838023	0.0077040685717691	5.9352672558520415e-05	0.0006957138008698	0.0989316459599223	-0.0068717174252696	0.0097874705723394	4.722050037275515e-05	0.3680989860590671	-0.038794400598114	0.0015050055177669	0.1354968635377132	-0.0007810056212357	-0.0004610613369796	6.099697804017618e-07	2.125775564574163e-07	0.0006679946561689	-3.193017560001055e-08	4.46216860670207e-07	1.0195361138475092e-15	1.476120264229375e-05	0.0001806547004627	3.2636120799301734e-08	2.1789310344686e-10	0.0	0.0
51.8229151873179	-0.0915649321686231	0.0083841368030445	2685.614538511945	59.92961825406488	0.3808044010305167	3591.5591440779463	0.1450119918442106	56.35355050272221	-0.0680031450532396	3175.7226542628623	0.0046244277371319	57.06853637749925	51.36760933238534	0.919447	30.199318	0.0894236284424488	0.0552559667156061	0.0452647373	0.0692226611	-0.0212239452	-0.0465845662	0.0114867462	0.0041477034	0.0675193879	0.0028892034	0.0628025868	-0.1780925539	-0.071013422	-0.0650443348	-0.00963866	-0.1392969038	0.0385007233	0.1112316307	-0.0453667878	0.0448388649	0.0358715667	0.0069770592	0.0665641479	0.0784369751	-0.0721091951	-0.0087399356	0.125127206	-0.011642405	0.0293574737	0.0187598507	0.0053874145	0.0124195948	0.1055346603	-0.0817636479	0.0179731738	0.047454438	-0.0314781656	0.0828640857	-0.0706626365	0.1411592884	0.050122075	0.2174005131	0.0072149696	-0.1045223658	0.1288755801	0.0680942548	-0.0863459587	-0.0331873768	-0.1487409095	-0.0514172815	0.0152910344	0.0771251615	-0.1356229927	-0.0497470949	0.0069573032	-0.0972201254	-0.0635093462	-0.0590053501	-0.0065890539	-0.0858486625	0.2051136679	-0.0126363685	0.1260740643	0.0214321744	-0.0210481337	0.0521271631	-0.0097108858	0.0472098533	-0.1122418733	0.05210787	0.0950611171	0.1398164126	0.0262690799	0.0494985214	0.0005237242	0.037090733	-0.0744630557	0.075411098	-0.0550381617	-0.0578241085	0.0305802271	-0.0844747334	0.0564533102	-0.0260107668	-0.1233144828	0.0049946208	-0.0883611978	0.0342389123	0.05923734	0.079329781	0.0108678782	-0.0764666204	0.0072647545	-0.0230605746	0.00752339	-0.02437497	-0.1236988484	0.0499874602	0.1206598758	0.0919163097	-0.0662630734	-0.070091568	0.1064744128	-0.004060523	-0.0312995954	-0.0081376353	-0.1583290841	0.0205823382	0.0854934982	-0.1044199331	-0.0010173827	-0.0491601467	-0.1147252915	-0.1755126745	-0.0442329038	-0.0554705698	0.0728987814	-0.0545017729	-0.1491500571	-0.013395112	0.103367835	0.0342048973	-0.0224439382	-0.0332300242	0.1018158775	0.0391347646	-0.1234193096	-0.1737142972	0.0681004589	0.0821653052	0.0789369833	0.0558343404	0.0034822907	0.1381063555	-0.0348863534	-0.0629927283	-0.0770077631	0.0469576575	0.1006944692	-0.010198397	0.1173568299	-0.029292378	-0.0245380809	0.0999317609	-0.061227974	-0.0064335794	-0.0903543921	0.0178567066	0.0642851659	-0.0992266872	0.1329872312	-0.0353139468	-0.057029598	-0.1035280145	0.1111709652	0.0057216129	0.0721069951	-0.0639501125	-0.0058289608	-0.087271806	0.1088300567	0.0070370016	0.0079845295	0.0015393714	0.0222761128	0.0824557403	0.0222825273	-0.0477892128	-0.0966316368	0.0	0.0	0.0213985096885096	-0.0049778774952927	2.477926435814154e-05	0.0004578962168892	0.1066912423912214	0.007759596431299	0.0113830212029823	6.021133677662953e-05	0.4120980740753595	0.0439990880162923	0.0019359197462654	0.1698248226566204	-0.0002679580959833	0.0005130475252524	7.18015412029954e-08	2.632177631676121e-07	0.0006680167967711	2.2140602199934373e-08	4.4624644076832105e-07	4.902062657757387e-16	-0.0001259104614944	-0.0001406716641366	1.978851709098677e-08	1.5853444313732787e-08	0.0	0.0
51.760488363141775	-0.0624268241761285	0.0038971083767172	2679.148155590935	59.71814911633252	-0.2114691377323581	3566.2573338805264	0.044719196213267	56.29896284350389	-0.0545876592183205	3169.573217254231	0.0029798125389354	57.0077760678662	51.68026290550911	0.920742	30.241865	0.0385828682613743	0.0215161567120779	0.094396265	0.0069464838	-0.0219793823	-0.0444811747	0.0237424482	-0.0208653732	0.1011975441	0.0015437241	0.0989385151	-0.0187834433	0.060864022	-0.0919634306	0.0785137708	-0.0967228585	0.0990948303	-0.0259177624	-0.0961911523	0.0624999273	-0.0105645631	0.0270959909	0.1084306089	0.0211130004	-0.0025984469	0.0545103608	0.1442825382	-0.0732190009	-0.0237409717	0.0050558969	-0.018637661	-0.0322720451	-0.0121215398	0.0582080949	0.0110058972	-0.1051582551	-0.0099085955	-0.1721801278	0.0664028133	-0.0091120419	0.0031207415	0.0162451832	-0.0674600503	-0.1036573155	0.0260389841	0.0162866948	-0.054180387	-0.0180010079	-0.03372129	-0.0008094438	0.0121112127	-0.1720370725	0.0039757618	0.0330143818	-0.0476537546	-0.0711925584	-0.0800726891	0.027540215	0.0842831425	0.0184548821	-0.0042581094	-0.181239165	-0.0674908302	0.0483104571	0.1304691949	0.0013389937	-0.0665014684	-0.0317069294	-0.0075626105	0.1018541478	0.0579553844	-0.0522097255	-0.0827177128	0.0983901229	-0.1014451844	-0.1391482499	0.0426286248	-0.010042028	-0.0157540074	0.0730631713	-0.1636062159	-0.0170126217	0.0338676324	0.1708285624	0.0461698071	-0.0606112091	-0.1015556342	0.0668996171	0.0317844547	-0.0877384744	-0.0250724437	0.0194806162	-0.0420157028	0.0326415585	-0.0062853345	-0.0342864148	-0.0256380192	0.022556174	-0.0079809539	0.0538884459	-0.0187292935	-0.1837563848	0.0742940294	0.0002664034	0.0911972498	-0.0490704574	0.0070560408	-0.1125823793	0.053929232	-0.109328023	-0.0663871611	0.0488056131	0.0538278858	0.0243847792	-0.037046523	0.0634843437	0.0023022651	0.0298760198	-0.0641471005	0.0229731979	-0.0452003923	0.0438529915	-0.1098615935	0.0484459956	0.0557557135	-0.1361369391	0.0322722151	0.0904005261	-0.0775566817	-0.0475768734	0.0742190629	0.1021778424	0.0834050504	-0.0489469964	-0.0686511439	0.0086957893	-0.047530492	0.0459803252	0.0141083339	0.0640102737	-0.085654004	-0.0680851846	0.0268895743	0.0767095303	-0.0658451818	-0.0003139377	-0.0535039249	0.0216014745	0.1045657042	-0.0344950427	0.0098739486	-0.0875995305	-0.0552488203	-0.076098169	-0.0673400794	0.0370929677	0.0188523569	-0.0422481475	0.0713574302	0.0361248469	-0.0463162758	0.0794287689	0.0266093535	0.0139639615	0.0290345113	0.0812673177	0.0186113467	-0.0527296337	-0.0994642612	0.0	0.0	0.0293764572891745	0.0079779476006648	6.364764791895481e-05	0.0008629762428626	0.1048588541768396	-0.0018323882143817	0.0109953792992797	3.3576465682053007e-06	0.4304230315565576	0.0183249574811981	0.0003358040666877	0.1852639860943373	-0.0002170107665574	5.094732942589997e-05	4.7093672801830365e-08	2.595630375631173e-09	0.0006679956744004	-2.1122370699950058e-08	4.462182210176452e-07	4.461545439861088e-16	3.207258601159152e-05	0.0001579830475059	2.4958643299280382e-08	1.0286507734709362e-09	0.0	0.0
51.74685190614292	-0.0136364569988529	0.0001859529594815	2677.736682196288	59.53599503971039	-0.1821540766221261	3544.5347053684204	0.0331801076300593	56.27011014060151	-0.0288527029023768	3166.325295235425	0.0008324784647728	56.988440811932726	51.15017776258664	0.933274	30.653475	0.0664991247644513	0.0321241483394116	0.0494161085	-0.1022115903	0.0749846212	-0.0154738831	-0.0144442079	0.0484052	0.0163825139	-0.0828367313	0.1013578587	0.0200405083	-0.0142213876	-0.0129363028	0.11736406	-0.0433088772	0.0578887678	-0.0411674734	-0.03950132	-0.0253511681	0.0338069446	0.0090414702	0.0015113201	-0.0531971952	-0.0296548373	-0.1514077472	-0.0095372828	0.0225259513	0.0662036186	0.0940180705	-0.0527091051	0.0091830858	-0.0953901942	0.0892478801	-0.0349218094	0.0173513528	-0.009302777	-0.096423433	-0.0417426565	0.0123730032	-0.0433335586	-0.0515349768	-0.0479582244	0.0071790586	0.0223527685	0.0192978909	0.0582842784	-0.0615686413	-0.0409399932	0.0430238312	-0.1516693425	-0.0240012105	-0.0978276491	-0.0314598743	0.0161933417	-0.0463291154	-0.0195799601	-0.0522789332	-0.0005481525	-0.0692754255	0.0103313441	-0.0997382152	0.0298266119	-0.0622680316	-0.0240355213	-0.0310505627	-0.0688622202	-0.0640034899	-0.0169342278	-0.1486471181	0.0162473321	0.0295967301	0.0667332623	-0.0226561641	-0.0023261085	0.0758053462	0.0692388274	-0.1322099736	0.0330676908	0.0486652719	-0.0491220022	0.0306627008	-0.0881961497	0.017432344	0.001002179	-0.1226270803	0.0731458807	-0.0128477234	-0.1010460074	0.0046109963	0.0359747842	0.0183754169	0.0056219666	-0.0649802515	-0.0878245986	0.0003135023	0.0307386419	-0.043466364	-0.1120643225	0.1517976912	0.0240299624	-0.0055051384	-0.0012130989	0.0505082119	0.0028684461	0.0649345626	-0.008297465	-0.0477152684	-0.0210051586	-0.1452177702	-0.0487948865	-0.0034471427	0.079414117	-0.0622339918	-0.044348029	0.0512550709	-0.0982680007	-0.0014882163	-0.0173907202	-0.1365210523	0.0386801901	-0.0580338141	-0.1181084799	0.0041464421	0.0469466268	0.0041723979	0.0099903117	-0.08784807	0.0831883522	0.0132093746	-0.1039146343	-0.0779816018	-0.0040295782	-0.0209318704	0.0496398202	0.0544811768	0.159507246	0.0286273026	-0.0812425601	-0.0604066357	-0.0069285102	-0.090685053	0.0492031971	-0.0147921301	-0.051120729	0.091311627	-0.0010825648	-0.0848476007	-0.0277969412	-0.0252403796	0.0067769956	-0.0518800295	-0.1115296411	-0.0266507558	-0.0637585363	0.0096005585	0.0131226861	0.0041746942	0.101153443	0.0301704076	-0.0392689563	0.0273481184	-0.0307203999	0.005954523	-0.0167503138	0.080053581	0.0149169788	-0.057522261	-0.1018013597	0.0	0.0	0.0192463759708232	-0.0101300813183513	0.0001026185475164	0.0003704229880102	0.1109260076466966	0.006067153469857	0.0123045791724349	3.681035122679791e-05	0.4191887862941641	-0.0112342452623934	0.0001262082666156	0.1757192385547744	-0.0005998773985869	-0.0003828666320294	3.598528933353865e-07	1.4658685792161253e-07	0.0006686097181103	6.140437098999755e-07	4.470389551515348e-07	3.770496776677253e-13	-0.000365799632526	-0.0003978722185375	1.58302302284025e-07	1.3380937115615664e-07	0.0	0.0
51.69603475373441	-0.0508171524085128	0.00258238297891	2672.480009259316	59.03502949801359	-0.5009655416968002	3485.134707831335	0.2509664739675684	56.34574238687968	0.0756322462781682	3174.842685128609	0.0057202366770814	57.02297068154206	50.10048818841327	0.99209	32.585293	0.0488177715478301	0.0241605649388059	-0.1138591815	-0.0861382521	-0.0279925919	-0.0533948376	-0.0007270303	-0.0067842538	-0.1176393136	-0.0244081731	-0.0297255614	-0.0573425053	-0.0134553583	-0.0995477907	0.0402800612	-0.065770772	0.0148929439	0.0859606826	-0.0556332313	-0.0641250948	0.0777673276	-0.0173858169	0.0751892926	-0.0611368108	-0.1095475203	0.052367754	-0.0866163623	0.0316264736	0.0643131471	0.1370837543	0.0156243854	-0.0421145251	0.0679544821	-0.0335693868	0.008407405	0.0299622082	-0.0472241239	0.0552641654	0.0248848013	0.0814236171	-0.0755103832	0.0367999721	-0.0572928075	-0.0524629033	0.0382763324	-0.0099401571	0.0537874824	0.0292453924	0.0863547262	0.0996249265	0.0492568803	-0.02344442	-0.0052847584	0.0213871057	-0.0223789229	0.0388572785	-0.0731197639	0.0569538157	0.0686304284	-0.0527220867	0.071337784	0.0215600293	-0.1065207498	0.1217742208	-0.1181506936	0.0607450781	0.0411555229	-0.0562631353	-0.0258823829	-0.0267120171	-0.0713912401	-0.1273514273	0.0155707608	0.0523341035	0.0207790548	0.1855704121	0.0390683764	0.1135850165	-0.1172941101	0.007766663	0.0378992771	0.0574569925	-0.0880939028	-0.1280807453	-0.0485209838	0.0082346009	-0.0100795729	0.0368825211	0.0826953053	-0.0670087033	0.0268136429	0.001789567	0.0392742608	-0.0383946572	-0.0758651202	0.1247685864	-0.0765660095	0.0228891475	-0.0119607523	0.0061814251	0.0565711639	-0.0029302317	-0.1244241308	0.0304873644	0.0699785935	0.0088392529	-0.0104606411	0.0579009415	-0.0562151219	-0.0221935595	-0.0034188422	-0.0359214244	-0.068327645	0.0214054023	0.1318973264	0.0436370868	0.0934621439	-0.0418314236	-0.0718715312	-0.0675082794	-0.07742322	0.0571451448	0.0716402561	-0.0181913585	0.0109809573	-0.0165326666	0.0804496189	-0.0078075224	-0.0017499918	0.0056550867	0.0671548036	-0.1131368074	0.1436174311	-0.106969064	0.0885710599	-0.1211179157	-0.0218935371	-0.1230676799	0.1009081694	0.1644889869	-0.0266585368	-0.0280453505	0.031766428	-0.1033945183	-0.0388159775	-0.0478235915	-0.0687757615	-0.0279553794	-0.035721068	-0.0854864484	0.0642713079	-0.0605969902	0.0856239357	-0.0026934312	-0.0338042405	0.1359629004	-0.0123501764	-0.07223961	0.0451666963	-0.0866257322	0.1745920482	-0.1022591227	0.0042156942	0.0025608291	0.0685834628	0.078814908	0.0112040262	-0.0621536617	-0.1036312889	0.0	0.0	0.0336420288328298	0.0143956528620066	0.0002072348213233	0.0011317861039889	0.1194428558518438	0.0085168482051471	0.0142665958140443	7.253670334951906e-05	0.4075675741981399	-0.0116212120960242	0.0001350525705807	0.1661113275377562	-0.000599972827353	-9.542876609996803e-08	3.599673935619527e-07	9.106649399362404e-15	0.0006680242658907	-5.854522195999782e-07	4.4625641981880876e-07	3.427543014345411e-13	-8.079934581865734e-05	0.0002850002867073	8.122516342326752e-08	6.5285342847229805e-09	0.0	0.0
51.732302868761984	0.0362681150275747	0.0013153761676533	2676.2311601053198	59.191849945700746	0.1568204476871528	3503.6750999943533	0.024592652812799	56.38504862613815	0.0393062392584724	3179.273708571964	0.0015449804446442	57.03069910528665	50.4257532878628	0.987051	32.419762	0.0462921361168732	0.023991178895427	-0.0679344662	0.0683963138	0.0198001799	-0.0455770445	0.0304464802	-0.0226660315	-0.0050403513	0.1361971762	0.0328366448	-0.0129804506	-0.0243305716	-0.0540254325	0.0647812748	-0.0495834472	-0.0133707397	0.0643305988	-0.1063390952	0.1107261629	-0.0338484892	-0.052294851	0.0219589048	-0.0007518489	-0.0587327763	-0.0045167237	-0.094594761	0.0387994048	-0.0434251135	0.0847450138	-0.1633836708	-0.0258268312	0.0167407464	0.1305150723	0.1319524723	0.0314137473	-0.0573585642	0.1747455296	-0.0233072003	0.1511042616	-0.0688721107	0.0830337402	0.0997321236	0.0731978288	0.0469607915	-0.0437365224	0.0459135385	-0.0299990842	0.0123937293	-0.0166004789	-0.0156773475	-0.1350489501	0.0234975699	0.0549207886	0.0192786044	0.0568400207	0.1329161562	-0.0578481564	0.0592348689	0.0747417271	0.0287583412	-0.0562731647	-0.0104785185	0.0632800559	-0.0048463805	0.0634388811	0.0785674932	0.1269639921	-0.1035075967	-0.0508577447	-0.0472528912	-0.0514359791	-0.0301067217	-0.0595550629	-0.0098497424	-0.0051180923	-0.0389103666	-0.0945408473	0.067526325	0.0199494415	0.018573298	0.0682994739	0.0645443839	-0.0419456533	0.0445644149	0.0031499122	0.0564648782	0.1305797616	-0.0930903742	-0.0796034732	0.0015836131	-0.0769117489	0.1913982319	-0.0301269988	-0.0246713841	0.0072347371	-0.0235931632	0.1255055208	0.0150014018	-0.0105450365	0.1474586291	0.1144982864	-0.1184252542	0.0685051847	0.1431561842	-0.0027333634	-0.0875785672	0.0368013715	0.0015168606	0.0299383884	-0.0038852245	-0.0012007217	0.0369380407	-0.0544981622	-0.0013537085	-0.0542173833	-0.0180774501	0.0289969589	-0.0708343092	0.0810365347	0.0422403034	0.0318596277	0.1463927308	0.1614252864	0.0410374848	-0.0693938307	-0.0346515704	-0.08899363	-0.0228876008	-0.0261932831	0.0039224331	0.0061509274	-0.0227815439	-0.0387497052	-0.038326877	0.0112884565	-0.021613059	-0.0735114183	-0.0121018844	0.0298541422	-0.083009996	0.0983203827	-0.0514252867	-0.0556206811	-0.0237235847	0.0379156544	-0.0411959155	-0.0053557139	0.0705379605	0.0330280938	-0.0140987555	-0.0814248922	0.0008419653	-0.0245045478	-0.2149642216	0.0232012393	0.0653453634	0.032822687	0.0028664166	-0.0482856777	0.1679177398	-0.0081103839	-0.0845886842	-0.0839861933	-0.0754303258	0.0775516848	0.0074771147	-0.0666108546	-0.1049449322	0.0	0.0	0.0336965830726256	5.45542397957996e-05	2.976165079697604e-09	0.0011354597107703	0.1264462021936054	0.0070033463417615	0.0159886420491861	4.904685998266537e-05	0.3963761998602919	-0.011191374337848	0.0001252468595698	0.157114091815686	-0.0002700501991663	0.0003299226281866	7.29271100697583e-08	1.0884894058961945e-07	0.0006679791407369	-4.51251538000335e-08	4.4619613245960723e-07	2.0362795054766776e-15	0.0001500901247902	0.0002308894706088	5.33099476380384e-08	2.252704555953781e-08	0.0	0.0
51.74889226341755	0.0165893946555684	0.0002752080150382	2677.947850490797	59.204666683380616	0.01281673767987	3505.1925570901985	0.0001642687647545	56.373773993348046	-0.0112746327901049	3178.0023942530843	0.0001271173445517	57.04980141756444	50.57125429940624	0.95266	31.290213	0.0599458139234679	0.0294780632609966	-0.0123320953	0.066651716	0.0436210483	-0.0090638807	-0.0508628242	0.0531040528	0.0051711847	0.0034706006	-0.0803922722	-0.0049014514	-0.0823935264	-0.0433256707	-0.0411536906	-0.0066439673	0.0320110846	0.0119893168	0.0086971024	0.1725423891	-0.0795001175	0.0450757108	0.0423054412	0.0035440726	0.0563672999	-0.0635901629	-0.0763474188	0.0893837625	-0.0952641024	0.0516940059	0.095910725	0.0370418793	0.013481959	0.0667889481	-0.0501974418	0.0523732698	0.0253538396	-0.0340588424	-0.0609759148	0.0479652203	-0.0332195542	-0.0041797439	-0.0489527888	0.093318906	0.0034061781	-0.0197729713	-0.1013485624	-0.1004907459	-0.0696417554	-0.1678975619	-0.0258809186	-0.0268007836	0.0553077914	-0.0704744408	-0.0409696482	-0.1000238897	-0.0830134215	-0.01100213	-0.0615890367	0.1039097058	-0.0167429195	-0.0232087309	0.0289191499	-0.0046419383	-0.0667768268	0.0710150769	-0.0033450387	-0.0088127794	-0.0050989821	-0.0121526375	0.0294726485	-0.0666863646	0.005820112	-0.0677305169	-0.1573618955	-0.0228273117	-0.0817458329	-0.0551741401	-0.1058869658	-0.0659206377	0.0432134804	-0.0694902397	-0.0223638279	-0.1042278214	0.0248457826	-0.005671468	-0.0499567682	0.0421994748	-0.1282145608	0.0876105488	0.0259577909	-0.0577789166	0.1182215712	-0.0474085697	0.0793554579	0.003152304	0.0190262629	0.0359879015	0.0556705795	0.0703024649	0.0513497148	-0.1099752583	0.1332595778	-0.0873709261	-0.1382805067	0.1143646428	0.0213646261	-0.0407465668	-0.0153259277	-0.1160652487	0.0687702896	-0.0029216951	0.0182332001	-0.035696235	-0.1254118286	-0.0120233384	-0.0049090344	0.0528440734	0.0284105415	0.0152335731	0.0451657231	-0.0131137083	0.1153491304	-0.0089028669	0.0647332898	-0.0714053697	0.1099751675	0.0439743353	-0.0915620164	-0.01221242	0.0666644564	0.0204433106	-0.0186737308	-0.0054381965	0.1027526965	-0.1247875491	-0.1300011297	0.0183669589	-0.0798943012	0.0165255464	-0.0503081854	0.0680013042	-0.0441581076	0.0507372586	-0.0550839176	0.0800478753	0.0158319974	-0.0997138667	-0.1239513714	-0.0033166845	0.0245198215	-0.0078464904	0.0089380102	-0.0385390953	-0.1062900107	0.0119216671	0.022116148	0.0279421524	0.0748721794	0.1062883831	0.0697176488	0.0602981199	0.010822929	-0.0551166428	-0.0318020936	0.0762643048	0.0037408877	-0.0708813468	-0.1057357452	0.0	0.0	0.0244823599317527	-0.0092142231408729	8.490190808979766e-05	0.0005993859478278	0.1176129733141095	-0.0088332288794958	0.0138328114917854	7.802593243756024e-05	0.3878697938396627	-0.0085064060206291	7.235894338779648e-05	0.1504429769732224	-0.0006609574734265	-0.0003909072742602	4.368647816783425e-07	1.5280849706953926e-07	0.0006680416751143	6.253437740007771e-08	4.4627967968952e-07	3.9105483568153495e-15	-0.0001267791842216	-0.0002768693090118	7.665661427267159e-08	1.6072961551894394e-08	0.0	0.0
51.69997338480181	-0.0489188786157441	0.0023930566850219	2672.887247989215	59.22611676690413	0.0214500835235114	3507.732907286962	0.0004601060831656	56.32612176593259	-0.0476522274154547	3172.631993190665	0.0022707347776542	57.02070425166005	50.83766099474283	0.923393	30.32892	0.0958990122176024	0.0586729059297367	0.0246139567	0.0774506705	-0.0470375542	-0.0193984733	0.0485785687	-0.0194967148	0.0591570462	0.0433838472	-0.0225025152	-0.0164588751	-0.0183713002	-0.0230271826	-0.0398972444	-0.0672419081	0.0715581122	0.0605515455	-0.0374987135	0.0166606098	-0.0946929681	0.0467835574	-0.0831728927	-0.0420264398	0.0210610665	-0.0605341833	0.0410879984	0.049012098	0.0301435367	-0.1338728854	-0.035580037	-0.0806717836	0.0879164458	0.0221591559	-0.0869065163	0.0472002656	0.0613837728	-0.0190514376	-0.0562252449	0.0589640787	0.0404553389	0.0406348461	0.0998858719	-0.056790624	0.0817385674	0.0094816422	-0.0495282917	0.0029933196	0.1682396379	-0.0243690626	-0.0118183044	0.010572148	0.1963573606	0.0516072301	0.0048175219	0.0694148499	0.0962969676	0.0535297475	0.0754594018	-0.0318925562	-0.043129481	-0.0422275707	-0.0305675303	0.0385855116	-0.0886972068	-0.0738027447	0.0526126651	-0.1043863334	-0.0187450452	-0.0634024918	0.0988750003	0.0220813443	-0.0247274235	0.0107307973	0.1077065674	-0.0179367633	-0.0438518556	0.0414585794	0.0671513009	-0.1665505365	0.1314473967	-0.1165438283	0.0012717639	0.0378220461	-0.0605884241	0.0677869785	0.0466160726	0.0136617117	0.0287722652	0.0052873148	0.1028369825	-0.0020148032	0.027180355	-0.0308174201	0.0213396962	0.0045522117	0.0523072453	0.0413013191	0.0782105437	0.1133676717	0.0754569155	0.0331324739	-0.0101678152	-0.0850613641	0.0330039777	-0.164013178	-0.0638284231	0.0345417002	-0.1164522742	0.1434121057	-0.0031825019	0.1322335421	0.0789647614	0.0021634772	-0.026754717	-0.0442402352	-0.0139650783	0.0091072433	0.1221813922	-0.0260387779	-0.0848579965	0.0504371427	-0.0047127768	0.0441100102	0.0243834829	0.0246626507	-0.0078661052	-0.0173619649	0.0417476893	-0.0428774824	0.0843266896	0.0086352295	-0.0626555578	0.0358502706	-0.0686260294	-0.0256528744	-0.0095637582	0.0480763211	0.0359196489	0.0405144384	0.0280035859	0.0185972443	-0.0308365086	0.0907007378	-0.048472637	-0.0791675716	-0.0592611771	-0.0267618234	-0.0215465553	-0.0450097503	0.0692782634	0.0378412866	0.010219728	-0.0288473317	-0.0051148366	0.0121983492	0.0846229455	-0.1022284311	0.0203031996	-0.0375811642	-0.0469331879	-0.0162513905	-0.0266573626	-0.0123306525	-0.0709663143	0.0749531689	0.0	-0.0749531689	-0.105999788	0.0	0.0	0.0337033627454417	0.009221002813689	8.502689289006047e-05	0.0011359166603508	0.1243521476739459	0.0067391743598363	0.0154634566311228	4.541647105227632e-05	0.4368668320329121	0.0489970381932494	0.0024007097517107	0.1908526289304726	-0.00018300474056	0.0004779527328665	3.349073506743291e-08	2.28438814854556e-07	0.0006679986616551	-4.3013459200035374e-08	4.4622221197300486e-07	1.850157672353107e-15	1.4061006469252935e-05	0.0001408401906908	1.9835959313835825e-08	1.9771190292837288e-10	0.0	0.0
51.66548904732512	-0.0344843374766909	0.0011891695312063	2669.3227584992715	59.37921481718992	0.1530980502857915	3525.891152305987	0.0234390130013107	56.31682474321599	-0.009297022716602	3171.584749158105	8.643463139301444e-05	56.99181514103752	51.397754791928406	0.940749	30.898968	0.0544728958714081	0.0368210590632363	0.1028541644	-0.0022215138	-0.0040489269	-0.0217330901	-0.0329842854	-0.0663125176	0.091917891	-0.0092816092	-0.0262840729	0.0497927663	0.0914736044	0.0898663097	0.0170426807	0.0498500146	-0.0043825731	0.0388886743	-0.0537959074	-0.0201560725	-0.0480304085	0.0345548182	0.1162875071	-0.018269698	0.020837238	0.0155453128	0.0602581831	-0.0424237829	0.092940246	0.0117720718	0.0977202833	0.04823015	0.0282900729	0.0472266273	-0.019053822	0.1028373063	-0.019102133	-0.0620438497	0.0768396494	-0.0777794526	0.0344025691	-0.0574756726	-0.005733228	-0.0810592282	0.0865845214	0.0873748464	-0.0146964723	0.0190783964	0.0523253959	0.0559855357	0.0315712625	0.0005957774	0.0059188845	0.0262792304	-0.0106041314	0.0525352156	-0.0783473041	0.0010179482	0.0836280911	-0.0112101951	0.0184162294	-0.0224717945	0.0442002551	-0.0301841363	0.0805759204	-0.0886454324	-0.0364485024	0.0243132546	0.0449583028	0.0866312876	0.0062238652	0.0262433677	-0.0828404733	-0.0513213333	0.0283141922	0.0616917143	0.2539580545	0.0287357419	-0.03407855	0.030846274	-0.0250519893	-0.0253504396	0.0047604834	0.0766119556	0.0385810816	-0.1190493506	-0.0085177806	-0.0225680377	0.1258165698	-0.0848896382	0.0490004948	-0.1011461495	-0.0920439411	0.0626147215	0.0898831046	-0.0072867411	-0.0107372669	-0.0647250287	-0.0777441954	-0.0030859705	0.0391339036	-0.0640197637	0.0949709988	-0.0146615944	0.0234730351	-0.1106749341	0.0442922628	0.0294173906	-0.1078464238	-0.0562666554	0.0086867882	0.0382259209	-0.0448030027	0.0545688942	0.084925313	-0.0084814283	0.0169363377	0.0588344698	-0.0527090521	-0.0318124275	-0.0331612281	0.064874401	-0.0431043829	0.0253639015	-0.0778786312	0.04764252	0.0133785845	0.1045552291	-0.0190275775	0.0135754546	-0.0516343321	0.0789434896	-0.0160907148	0.0223554769	-0.000148709	0.0152429209	0.1967259078	-0.0540278936	-0.0440765819	-0.0583170411	0.0191289675	-0.0714661292	0.0133743662	0.0600779294	-0.0482161316	0.0313948487	0.0330845722	0.0262161254	0.0338431878	-0.0402060325	-0.0661037526	-0.0153161695	0.021272012	-0.037836203	0.0385446154	0.0534236243	0.084869814	0.045002835	0.1116017546	0.0391116085	-0.0089830168	-0.0167341223	0.1019573611	-0.0937049674	0.0645096493	0.0736186857	-0.0037408877	-0.078814908	-0.1057357452	0.0	0.0	0.0337891978016244	8.583505618269677e-05	7.3676568698867115e-09	0.0011417098880772	0.1269011210742405	0.0025489734002946	0.016103894529899	6.4972653954094815e-06	0.4728484775536756	0.0359816455207634	0.0012946788143818	0.2235856827248288	-0.0003940402000374	-0.0002110354594774	1.5526767924551426e-07	4.453596515683734e-08	0.000667975880457	-2.2781198100044545e-08	4.461917768723043e-07	5.189829868734732e-16	0.0001201316036771	0.0001060705972078	1.1250971592029334e-08	1.4431602202031826e-08	0.0	0.0
51.61669288007016	-0.0487961672549559	0.0023810659387736	2664.2829838754856	59.27508594900529	-0.104128868184631	3513.535814261964	0.0108428211894122	56.31936672951678	0.0025419863007911	3171.8710688138017	6.461694353409955e-06	57.03054821448576	50.923480699082326	0.956633	31.420698	0.0412786237783042	0.0225776560516174	0.0338917021	-0.1190031653	0.0698764583	-0.0089287695	0.0400259815	0.0428155841	0.0019950811	-0.081259095	0.0209333226	0.0876335373	-0.0502133155	0.0526254893	-0.0154386848	0.0423271907	-0.0117647079	0.0122052939	0.0356111336	-0.004221777	0.0148778591	0.1109636726	-0.0280196461	-0.1452729724	-0.0648337364	-0.1064392609	-0.0067602605	0.0041454121	0.0361808575	-0.0015178808	0.1040962966	0.0764640728	-0.01155513	0.015662257	0.1353528031	0.1336019113	-0.1331910704	-0.0221573352	0.1002763428	-0.0058759501	-0.0252558345	-0.0399697245	-0.0021343382	0.1067391373	-0.1615871984	0.0400961113	-0.0707025809	0.0964531875	0.0064811379	-0.0655924088	0.1030178391	-0.0190727773	0.1114173044	-0.1093029243	0.1148842698	0.0116290819	0.0121977279	-0.0101197838	-0.101888805	0.0493769925	0.0040895451	0.1164381438	0.1426715426	0.0767212948	-0.00221005	0.0242636781	-0.000557541	-0.0461515375	0.0681020813	0.0447913106	-0.071285582	0.1460050643	-0.0186161638	-0.0622170716	-0.0458077665	-0.0953039988	-0.0364965948	0.0232447254	-0.0634563706	-0.0882052063	0.0116249249	-0.0172830939	-0.0921178268	-0.0099106051	-0.0704047456	-0.1242366351	0.0748148652	0.0005347116	-0.0014916397	0.0523097456	0.0209036948	-0.1429940199	0.0157969507	0.0247776217	0.0310471934	0.0580895099	-0.1014607994	-0.0594452504	-0.0630368402	-0.1090240437	0.0670640538	-0.0496858829	0.032840614	-0.0952089309	-0.1071635486	-0.0020862815	0.0816118721	0.0934803889	0.0938312376	0.125294512	0.0684056102	-0.167649524	0.0286016601	-0.0586976849	0.0134537798	-0.0184757035	0.0174321429	-0.0072101482	0.0943584613	0.0069256827	0.1071941827	-0.1462835103	0.1267175415	-0.1216573156	-0.0076460077	-0.0424801231	0.0655183511	0.008340096	-0.094190518	-0.1715522178	-0.1021861299	0.0640326182	-0.0179849168	0.029061989	-0.0452311146	-0.0401784825	0.0257572217	0.0373962296	-0.0561496064	0.017179387	0.0185381533	-0.0819462504	0.0500445699	-0.0469022702	-0.0346218138	-0.0033265857	0.0293334304	-0.1030127272	-0.0863688926	0.0382414758	-0.0918733273	0.0673827558	-0.0478366074	-0.1178152566	-0.0089515436	-0.0066799328	0.0393820365	-0.0554894786	0.0361176972	0.0005950481	0.0598820668	0.007340069	-0.0154581496	0.0420719266	0.0685768368	0.0722612707	-0.0074771147	-0.0824557403	-0.1049449322	0.0	0.0	0.0291821964131457	-0.0046070013884787	2.122446179344467e-05	0.0008516005874954	0.1323122079534044	0.0054110868791638	0.0175065203735049	2.9279861213859608e-05	0.4551837996030485	-0.017664677950627	0.0003120408470993	0.2071922914210682	-0.000600017943624	-0.0002059777435866	3.600215326707737e-07	4.242683085302713e-08	0.0006679836952461	7.81478910001545e-09	4.462022171146346e-07	6.107092867772028e-17	5.42000108521084e-05	-6.59315928249916e-05	4.346974932440484e-09	2.937641176368668e-09	0.0	0.0
51.67085148115794	0.0541586010877779	0.002933154071785	2669.8768927878814	58.707916915097975	-0.5671690339073123	3446.619508510047	0.321680713023354	56.40005369838193	0.0806869688651517	3180.9660571803656	0.0065103869446459	57.08441530881648	49.9512318169105	1.00746	33.090111	0.0691117857430365	0.0443888120128055	-0.1317253539	-0.0337395167	0.0645255325	-0.0256625233	0.0143010564	-0.0454019195	-0.133284806	0.037809132	-0.0961796377	-0.0107887526	0.1151206639	0.0339181037	0.0932879252	-0.02616893	0.0837817939	0.0269450414	0.0367558118	-0.0088079447	0.0292193285	-0.0464624787	0.0116577348	-0.0520041801	-0.0477750573	0.1435866771	-0.0567515188	-0.052180895	-0.029987839	0.0422877753	-0.1284152493	-0.038199566	-0.0327731565	0.0034271084	-0.0458020441	0.0649695368	-0.0406023453	-0.1191517629	-0.1679351573	-0.04334283	0.0271459321	-0.0771239458	0.0273758946	0.0897367055	0.0466367336	0.0259057394	0.0018131005	-0.0702747804	0.0467663722	0.0254466278	0.03717124	0.198438362	-0.1432775993	0.0705004107	0.021204431	-0.035557877	0.0092179743	-0.0235906904	-0.0172671183	0.1572107347	-0.0375797662	0.0265037069	-0.0574880869	0.0089789468	-0.0413727272	0.0728445832	-0.0315057174	0.124053214	-0.044219355	-0.0061224549	-0.1211680624	0.1292384032	-0.0490150807	0.0246243394	0.1022137874	-0.0039764441	-0.093918132	0.0032974955	-0.0665364761	-0.0075457055	-0.0400953324	0.1297479423	0.0066992847	-0.0159313806	-0.0286013265	0.0697826756	0.1219030852	0.0713360686	-0.0168457727	-0.067754615	-0.1316238657	0.1259688667	0.1380012779	0.0738571926	-0.0656389886	0.0158469944	0.0832085468	-0.1074966361	-0.0518964237	0.0979339649	-0.0948076748	0.016436317	0.0045630179	0.065316874	-0.0495917559	0.090660396	0.0267942948	0.0569643535	-0.0473885502	-0.0411747457	0.0178893658	0.160956811	-0.0901457381	0.0337196477	-0.0166615621	-0.045479086	-0.0025791795	0.0397157409	0.051809989	0.117600793	0.1233577343	0.0118902416	0.1137406043	-0.0792415574	-0.0080647675	-0.0088690781	-0.0797276342	-0.0609099993	0.0971452665	0.0332946382	0.0501142565	-0.0816867618	0.0350589747	-0.0178715312	-0.0945450527	-0.1746401362	-0.0815190698	0.0591671534	0.0277982464	-0.1146817669	0.0933723792	-0.0150375337	0.0049224773	-0.119692201	-0.0666807858	-0.0750405538	0.0240197777	0.0551985122	-0.0262901784	-0.0110740016	0.0043928535	0.0465189602	0.0483568149	0.0146208813	0.0523750643	0.1329914001	0.045962787	0.007036116	-0.0233863924	0.0501896286	-0.0032569763	-0.0470411189	-0.0532098669	0.0258963621	0.0851782884	0.0708813468	-0.0112040262	-0.085865461	-0.1036312889	0.0	0.0	0.0335637874483296	0.0043815910351839	1.9198339999603936e-05	0.0011265278278766	0.1232064683548088	-0.0091057395985955	0.0151798338444645	8.29144936374318e-05	0.4740195460318404	0.0188357464287918	0.0003547853435297	0.224694530020232	0.0001329809545756	0.0007329988981996	1.7683934279837792e-08	5.372873847618276e-07	0.0006680036498405	1.9954594400028308e-08	4.462288762002294e-07	3.981858376696411e-16	5.6955331667411776e-05	2.755320815303376e-06	7.591792795244061e-12	3.243909805344878e-09	0.0	0.0
51.693491118971686	0.0226396378137465	0.0005125532003376	2672.2170240672044	59.0775171958189	0.369600280720924	3490.153038022277	0.1366043675089858	56.3486710726786	-0.0513826257033329	3175.172731656926	0.0026401742241688	57.051235442001136	50.60720161962109	0.992836	32.609783	0.1057699542994065	0.0642626429060541	-0.0385941581	0.0677514049	0.0403346188	-0.0825361511	0.0335614988	-0.0412459555	0.0015522253	0.0698361177	-0.0284920642	0.063097488	0.0039042721	-0.0773182865	0.0210082158	0.0775276057	-0.0994502388	-0.0698098974	-0.0971559535	0.0520160443	-0.0041857413	-0.0624034231	0.0544027869	-0.0243941019	0.0353022119	0.0847713272	-0.0433470298	0.0175907471	0.0497992144	-0.0681430043	0.0497327597	0.0534934205	0.1121351689	-0.0600273271	-0.0184864575	0.1074552227	-0.1199308504	0.0030446643	-0.0478232112	0.0357913997	0.0056867759	-0.0552422921	-0.0374137903	0.1134710646	0.0790509204	-0.0840576854	-0.1201904924	-0.043282861	-0.0497641532	0.026375493	0.0976104349	0.0127789283	-0.0697387797	-0.0473935728	-0.0718195901	0.1355968331	0.0193081276	0.1307619022	-0.0458485681	0.0677807011	0.0710334007	0.0770082454	0.1029877421	-0.0466992392	0.0363066652	0.14227537	0.0180496217	0.0327379197	0.0647727467	-0.0825001221	-0.0236628195	-0.0074146859	0.0408685114	0.0056620589	0.0179143268	0.0357756058	0.0102564401	-0.1091168279	0.0984904036	0.0085902297	-0.0001494314	-0.0228861695	0.0436360994	0.0079167065	0.0413395568	0.0653285342	0.0739087009	0.0478368673	0.0790029786	0.0311647414	-0.021705995	-0.0967887008	-0.0072470995	0.110407779	0.0622102382	0.0935054269	-0.0546159252	-0.0845453891	0.0425846625	0.0062031686	0.0431341704	-0.0254365852	0.0062637461	0.0761120069	-0.0482136297	0.0315758903	0.0191762991	-0.0315874385	-0.0026227902	0.0798623951	0.1346226405	-0.0517987515	-0.1139055944	0.0924793491	0.1286544597	-0.2248318289	0.086262257	0.0110811204	0.0398121669	0.0145499111	0.0295085936	-0.0426395821	0.0069862667	0.0767978542	0.1284719609	0.0772290671	0.0802825949	-0.0911869184	0.033086572	0.0702546716	-0.0539076239	0.0902024381	0.0226003183	-0.0262301532	0.0227317303	-0.1441008107	-0.092696298	-0.0594502577	0.0070080024	0.0153555782	0.1087240889	0.0836562314	-0.0720098239	-0.0617367855	0.0248975934	0.04992327	0.039214898	-0.0359030827	0.0540149107	0.1162622602	-0.0643702747	-0.0826126633	-0.007600525	-0.0309919365	-0.1607138011	0.0009820236	0.045987433	0.0024695068	0.0619548189	-0.0466721998	-0.0535438008	0.0918093652	-0.0179769417	-0.0058565554	0.0149594191	0.0694793439	-0.0149169788	-0.0890345132	-0.1018013597	0.0	0.0	0.0336292590667852	6.547161845559674e-05	4.286532823195235e-09	0.0011309270653809	0.10501406613362	-0.0181924022211888	0.0110279540859163	0.0003309634985775	0.4304188953959809	-0.0436006506358594	0.0019010167358702	0.1852604255138963	-0.0005999701245603	-0.0007329510791359	3.599641503649019e-07	5.372172844064803e-07	0.0006680262912963	2.2641455799956266e-08	4.46259125863089e-07	5.126355207413734e-16	-8.829954421894049e-05	-0.0001452548758863	2.10989789687596e-08	7.796809509272628e-09	0.0	0.0
51.70250688626405	0.0090157672923609	8.128405987000597e-05	2673.149218324181	59.11029036414814	0.0327731683292427	3494.0264269339045	0.0010740805623368	56.39125349367265	0.0425824209940515	3179.973470587648	0.0018132625777146	57.108233135772245	50.47922981601187	0.970744	31.884167	0.0824636624109169	0.0474915815485427	0.005836669	0.0736071286	0.0904184858	-0.0413662179	-0.0726159065	0.025350212	-0.0056403033	0.0171407353	-0.065544952	0.0287051862	-0.0181704161	-0.0223149762	0.0220147034	-0.1133147209	-0.0566112581	-0.0716287879	0.0753538745	0.175540811	-0.0292795578	0.0503747225	-0.0357628745	-0.0722478061	0.0392970982	-0.0228227251	0.0309710406	-0.0919506263	0.04728326	-0.1234429794	-0.0536398576	-0.0859561843	0.0127811919	-0.1809171691	-0.0402036494	-0.0231537963	-0.0730024037	-0.0550792733	-0.0067086047	0.0781869927	-0.0432054469	0.120070822	-0.021991318	0.0427359099	0.0288525165	-0.0838557107	0.1094568306	0.0078244105	-0.0108246247	0.0412727341	-0.0146963666	-0.1416243663	0.0361976748	0.0028428742	0.1042511007	0.0498455659	0.0067212987	0.1522988317	-0.1151328627	0.0635278095	0.1712575156	-0.0746285532	0.0503850737	-0.1805634775	-0.0041488669	-0.1284762648	-0.1130705401	-0.1056232398	-0.1456328251	-0.0796220249	-0.1228505723	0.0529570711	0.0231271502	0.0179028761	0.0347006695	0.018692391	0.1896801206	-0.0004559993	-0.0862264267	-0.0931959361	-0.0193041867	-0.0617355881	-0.0302537526	0.0322779116	-0.131629846	0.1498653525	0.1105397244	-0.0703897961	0.0431991445	0.0018215804	-0.0120242323	0.0358798566	-0.002720115	-0.0391492792	-0.0454494367	0.0757539276	-0.0407763303	-0.0276737326	0.0304023067	0.0235886434	-0.0695246069	-0.086319557	-0.044758294	-0.0364846319	-0.0628350701	0.0887368545	-0.119181632	0.0189246574	0.0003595772	0.041979915	-0.1521541303	-0.1193797695	0.1546226134	-0.0191411884	0.1040033117	-0.0233166906	-0.0949529636	-0.1220748862	-0.0860108617	-0.0714524933	0.0667140099	-0.067435735	-0.0290640332	0.1303042307	0.1210743319	-0.0508769892	0.1105794538	0.0794933141	-0.1103948569	0.1140604249	-0.0177206207	-0.0006967264	0.1315916775	0.0584454902	-0.0701578768	0.0282838665	0.1568819621	0.0252529807	0.0859586778	-0.029893078	0.1916446448	0.020468888	-0.0816802342	0.0766571879	0.035762659	-0.0756908676	0.0139265899	-0.0074821354	-0.1851515867	-0.0632764589	0.0268332473	0.0735975594	0.0154139974	0.0273853583	-0.0919116606	0.0345778693	0.0528354413	0.0471267261	-0.0156697913	-0.024172301	0.0774304016	-0.0155824465	0.0309813293	-0.1380840805	-0.0476781016	0.0680556987	-0.0186113467	-0.0919540145	-0.0994642612	0.0	0.0	0.0236784596497159	-0.0099507994170692	9.901840903874665e-05	0.0005606694513832	0.1157482110995005	0.0107341449658805	0.0133976483727345	0.0001152218681485	0.4642622385794368	0.0338433431834559	0.0011453718778331	0.2155394261707899	-8.89545457280362e-05	0.0005110155788322	7.912911205681283e-09	2.611369218092737e-07	0.0006680052087917	-2.1082504599945557e-08	4.462309589728427e-07	4.444720002067254e-16	-0.0001359703797723	-4.76708355533595e-05	2.2725085623554446e-09	1.848794417542349e-08	0.0	0.0
51.73715714236545	0.0346502561014006	0.0012006402478926	2676.733429173816	59.66550070716736	0.555210343019219	3559.9719746369888	0.3082585249955188	56.34006320658347	-0.0511902870891773	3174.202722121821	0.0026204454922724	57.06580171878626	51.64917700307329	1.013285	33.281422	0.0699365125124811	0.039340414290015	0.1076970684	0.0378770515	-0.088364153	-0.0700073453	0.061732301	-0.0767728149	0.1342620978	0.0521027349	0.0699338561	0.0023877136	0.0430644634	-0.0237157982	0.0355467284	0.0586506435	-0.0030034302	-0.0135392609	-0.0946393998	-0.0828240855	0.0167489619	0.0088765978	0.0164136491	0.033909387	0.0979544446	0.004366788	0.0927204078	-0.0063770377	0.0533656001	-0.0582034904	-0.0613414872	-0.0363033854	-0.0982748478	0.0088720189	0.1055292126	0.0558465264	0.0396278044	-0.0120353612	-0.0700200897	0.0395720035	0.0042220186	0.1360381611	0.0061370876	0.0091947095	-0.0404095421	-0.0632246118	0.0292240751	0.0552869339	0.0473665622	-0.0726194186	-0.0332451181	-0.0798014333	-0.0429695157	-0.1875995632	-0.0861449445	-0.174570712	-0.0111399341	-0.0253065246	0.0258772628	-0.1071919904	0.0490797476	0.0637219622	-0.0486108537	0.1563668489	-0.0079338863	0.0442089062	-0.0099872497	0.0412695823	-0.0238839359	-0.0903335014	0.0840570433	0.0520841535	0.0758814677	0.0867301814	-0.0796279991	0.0529354404	0.1342614482	0.0238314602	0.0622456152	-0.0206021646	-0.0856700386	-0.0440158208	0.0977506248	0.113299745	0.0411148902	0.0083602731	0.0875402875	-0.0154601533	0.0134666823	-0.0016016053	-0.0222340506	0.0213687669	0.0144398453	-0.0639783469	0.0010803726	-0.1771175568	-0.0477509517	0.0287441511	0.0161336729	-0.0159882028	0.0572429435	-0.0911284207	0.0424704225	-0.0243822478	0.024426286	0.1315877198	-0.0814204973	-0.0077272726	0.0355139136	0.0189925159	0.1594547932	-0.0192924155	-0.0468375193	-0.089306015	-0.1574946204	0.1420685608	0.06257618	-0.0406913024	-0.0002323317	0.0439306865	0.0235038087	-0.0468816373	-0.0655358476	0.0338285851	-0.013641098	-0.0331396379	0.0679271465	-0.0475481655	0.0692072067	-0.0898118137	0.0016851275	-0.0691227328	0.1284385101	-0.0359763391	0.000314951	0.1232750746	0.0404753519	-0.2047597352	0.0174112602	0.0419149153	0.0374476964	-0.0339172722	0.0420400677	0.074463403	-0.0706582959	0.0358087657	-0.0169974419	0.0485831452	0.0919109873	0.0466524672	-0.1022315582	0.0101655833	0.103067021	-0.0103048072	-0.0611914011	0.0551389759	0.0083777625	-0.0410420041	0.0036846782	0.0033784762	0.1032025631	-0.1074062646	-0.0309758989	-0.0907102198	0.0738624836	0.0666108546	-0.0222825273	-0.0946157819	-0.0966316368	0.0	0.0	0.0337027439420438	0.0100242842923278	0.0001004862755734	0.0011358749492229	0.1224619469722085	0.006713735872708	0.014996928456224	4.507424936848627e-05	0.435897665677011	-0.0283645729024258	0.000804548995937	0.1900067749426672	-0.0005189764639836	-0.0004300219182555	2.693365701689209e-07	1.849188501801948e-07	0.0006680181150136	1.2906221900010548e-08	4.4624820198632333e-07	1.6657056373231187e-16	-6.932681534937496e-05	6.664356442292503e-05	4.441364678992558e-09	4.806207326486332e-09	0.0	0.0
51.68010539636585	-0.057051745999594	0.0032549017216021	2670.833293779483	59.83059182396547	0.1650911167981092	3579.699718005964	0.0272550768456469	56.33880480930959	-0.0012583972738795	3174.0609273414857	1.583563698907489e-06	57.05292867880338	51.64411291520023	1.006441	33.056656	0.0310800179557335	0.0176201911388914	0.0907900731	-0.1210987609	0.0973948671	0.0850848439	-0.0406774458	-0.0107604293	0.041063959	-0.1782383574	0.02093686	-0.0076247354	-0.0959256408	0.0962539447	0.0470432863	0.0700398545	0.0478130315	-0.0891521134	-0.0011415372	0.0725140783	0.0645597322	-0.0249389206	-0.0486669274	-0.0688355656	-0.0061931585	-0.0768023116	-0.0269335453	0.1002223266	-0.0320747908	-0.0666982546	0.0093302613	-0.1211469569	-0.1127463244	0.0019490954	-0.0678729862	-0.0403846668	-0.0528395825	0.0379178175	0.0565232784	0.0138114451	0.1295601888	-0.1236157638	0.1025317507	-0.037458871	-0.0340682362	-0.1245473316	0.0764129303	0.0171508502	-0.0071671872	-0.1352627983	-0.1039077935	0.0065581643	0.0418074366	0.1438809273	0.0104955316	0.0129578233	-0.0222110417	-0.0117002914	-0.0612385811	-0.006879152	-0.0314028072	0.0302999729	-0.0038975285	-0.0373321062	-0.0351935344	-0.0625710488	0.0757590586	0.1681022729	-0.1666068831	-0.0171050079	0.076033825	0.0987306744	-0.0390376339	0.014781135	-0.1593331496	-0.0733283388	0.0374758927	0.0321675178	0.1506112639	0.1424039799	0.0644998088	-0.0202463247	-0.1011651729	0.0538800514	0.0198447228	-0.0053076196	-0.0570244286	-0.0367709434	-0.1164032206	0.0051376074	0.1374047429	0.1507852918	-0.0231482863	-0.0900229651	0.0046289622	0.0379181193	-0.0615487762	-0.1281075485	-0.0090529541	0.0224899855	-0.0321403912	0.1567664051	-0.0155629097	0.041005896	0.0443843101	0.1242283051	0.0425388839	-0.0355537647	-0.0141547614	0.0595192414	0.0188461245	0.0611902884	0.1348648123	-0.0069634453	-0.1910966603	0.0145451438	0.037009972	0.0866197697	-0.0196913483	0.1120442966	-0.0295056339	-0.0005504753	0.0016386353	0.0800722147	0.0226769427	0.0486611634	0.0418121199	-0.0986166433	-0.1278765906	0.148841195	-0.0259640427	0.0809530996	-0.0031378262	0.0720481094	-0.1252846168	0.0709994574	-0.0776210673	-0.1037738549	-0.0861401938	0.0521686488	0.0110708498	-0.0721801498	0.0436083126	-0.0290060905	0.100348661	0.0763473009	0.054830272	-0.1007287561	-0.0953940123	0.0548667902	-0.0801676042	0.0102398309	-0.0775916343	-0.0147449068	-0.003074021	0.0204701163	0.1641653047	0.0034102218	0.0588097775	-0.023249259	0.080824603	0.084796556	0.0337568493	0.1653783225	-0.0039680225	0.0651452616	-0.0259259465	-0.0970123549	-0.0933175984	0.0	0.0	0.0336493134110895	-5.343053095429456e-05	2.8548216380578293e-09	0.0011322762930377	0.1088045084581068	-0.0136574385141017	0.0118384210608102	0.0001865256267664	0.4430942256008023	0.0071965599237913	5.179047473671922e-05	0.1963324927607747	-0.0006809628328122	-0.0001619863688285	4.637103796716162e-07	2.623958368627522e-08	0.0006680376774466	1.9562432999995112e-08	4.4627433848824763e-07	3.8268878487929776e-16	-0.0001107726638255	-4.144584847612503e-05	1.7177583559059155e-09	1.2270583050997235e-08	0.0	0.0
51.56834496306468	-0.1117604333011712	0.0124903944516655	2659.2942022296384	58.97976551463897	-0.8508263093265	3478.6127401617964	0.7239054086421531	56.32145156791742	-0.0173532413921719	3172.105906717268	0.0003011349868149	57.00867972650439	50.32221232940698	1.029648	33.818893	0.0493615801385169	0.0283387530077064	-0.069944088	-0.1028428057	-0.1647439148	-0.0330227497	-0.0498676998	-0.0764751236	-0.0964814527	-0.0213929142	0.0343047383	-0.0018632834	0.0597662448	-0.0597982023	-0.1168672683	0.0488671882	0.0359333775	-0.019718851	-0.1770585624	-0.0143544084	0.0467525798	-0.0573247732	0.0252842138	0.0610397704	0.0339012719	0.0623771776	0.0462621235	0.1398951239	-0.0243193394	0.011136264	-0.0391257053	0.0661194726	0.0719335421	-0.0153549069	-0.010702201	-0.1172583852	-0.07636712	-0.0194842529	0.1618794858	-0.0427398238	0.1156166473	-0.0821589095	-0.0762903529	-0.0209827997	-0.024869001	0.0009844859	0.0220566126	-0.0404787321	0.1364861515	-0.0904513033	-0.0317275823	-0.0555405158	0.0453338431	0.0263895208	0.1435383213	-0.0134289228	0.0025423842	-0.0701838768	-0.0146107301	0.1780080575	0.0163651064	0.0833297671	-0.0297058326	0.0309664641	0.0721572493	0.031422153	-0.012978039	0.0146479616	0.0108672057	0.0731899998	0.0186252684	-0.0184947967	0.0566570663	0.1651723218	0.0837866899	0.0720224926	-0.0688233897	0.046839231	0.0257742912	0.0076800221	-0.0679957043	0.0083013809	-0.020638074	-0.001844721	0.0581498821	0.0391262887	-0.0698621042	0.1081472344	-0.0224924454	0.0974949102	0.0181811395	0.1107972637	-0.1808257638	0.1075804046	-0.0208734542	0.0449751456	0.0441737715	0.0178391954	-0.0366816871	-0.0026666237	-0.0702260448	0.0222526666	0.0130705415	-0.0116642351	0.0155325531	0.0424379099	0.0333524451	0.0766189816	-0.0669589107	0.0843594709	-0.0612822117	0.0228374687	0.0049529763	-0.0758776503	-0.0650382414	-0.0697586562	-0.0533267609	0.0118150304	-0.0795578396	0.229743362	-0.1191634593	0.0084036918	0.061902436	-0.0549223586	0.0321855395	-0.0879563313	-0.0579799576	0.0789246168	0.0307656599	-0.1162869351	-0.1887632968	0.0296258206	0.0928156171	-0.0489748846	0.009267356	0.0413155195	-0.0844293027	0.0529129364	0.0456067078	0.0480551862	0.0189570927	-0.0095308692	0.0242589845	-0.1135848792	0.0921554974	-0.0932031017	-0.0477370482	0.0936476664	-0.0655574771	-0.014652287	-0.0457736607	0.0400071568	0.1323670479	-0.0221481102	-0.1081698845	-0.0269234382	0.1132137427	0.0261739936	-0.0782228922	-0.0381585923	0.1029055186	0.0178863241	0.0061947434	0.0389255678	-0.12873525	0.0636593764	-0.0295370653	-0.0991370163	-0.0895386565	0.0	0.0	0.0336109280681853	-3.838534290419998e-05	1.473434549873016e-09	0.0011296944856047	0.1257967254645962	0.0169922170064893	0.0158248161376149	0.0002887354387956	0.4553802511944695	0.0122860255936672	0.0001509464248882	0.2073711731779381	-0.0003649915874131	0.0003159712453991	1.3321885888233462e-07	9.983782791905825e-08	0.0006680041690367	-3.350840989998615e-08	4.462295698504121e-07	1.1228135340254901e-15	-2.587837372537672e-05	8.489429010012328e-05	7.2070404916038894e-09	6.696902266702683e-10	0.0	0.0
51.65345301388662	0.0851080508219368	0.0072433803147093	2668.0792082577927	58.65838130145149	-0.3213842131874784	3440.805696906474	0.1032878124861346	56.27235871253254	-0.0490928553848846	3166.5783550719366	0.0024101084498411	56.928985070055866	49.48545883640897	1.026565	33.717617	0.0602718369525946	0.0325639060558954	-0.0771242595	0.0651864234	-0.0103206894	0.0283942447	0.1162812515	0.0138365171	-0.0498297503	0.1419903519	0.0355504135	0.0892894741	-0.0932583773	0.0317899532	0.0237432219	0.0888173353	0.0640739573	0.0520671302	-0.0403017432	0.0447503366	0.0453782188	0.0615876364	-0.0496620398	0.0792771971	0.0226871576	-0.0876708816	-0.0526148085	-0.0021334173	0.0137162648	-0.1141175143	-0.1077770102	0.1508862732	-0.0726526049	0.0666018049	0.0963738006	-0.0729079918	0.0431758693	-0.1004401516	0.0137850854	-0.034998729	0.1251171339	-0.0077679295	-0.0611518409	-0.0138486446	0.0611386024	-0.0067583967	0.143080208	0.0579147499	-0.1134237125	0.1117530649	-0.0386843787	0.0313916311	0.0052216108	0.1019325686	-0.0594194712	0.0074502434	-0.06986367	0.1495979118	-0.0248005665	-0.005752183	-0.0214481274	0.0099744892	0.009405851	0.0055980357	0.0352648244	0.1183852344	-0.0368845699	0.1468705632	-0.033741165	0.1434620941	0.0294384881	0.008950489	-0.0849839554	0.0780059391	0.0438897256	0.0339460124	-0.1166745646	0.0612048046	-0.0704576985	0.0621350303	0.0842391027	0.0719609257	0.1297962262	-0.0010231193	0.0412737458	-0.0850971213	0.119742756	-0.052603309	-0.1559983163	0.0131506716	-0.0572081511	0.0255293817	-0.1384833824	0.123157887	-0.0148210092	-0.0363145457	0.0476488191	-0.062910398	0.0241729043	-0.0673690135	-0.0175414473	-0.0208720367	-0.0177098273	0.0537214875	0.0935844098	0.0412229848	0.1048665198	0.0421662378	0.0961462391	-0.1038592367	-0.0818407513	0.0726525221	0.1506329384	0.0204739748	0.0710502053	-0.0481703091	0.1836787953	0.012200454	-0.031253493	-0.0154701346	-0.1469569887	-0.0143872064	-0.0210190434	-0.0117739545	0.0463563489	-0.0269925196	-0.0737491906	-0.0415797284	0.0044236263	0.0384806295	0.1073837611	0.001886548	-0.049808459	0.0333919899	-0.0146590708	0.0206481246	-0.0447225454	0.0065410533	0.1454048168	0.0210922996	-0.0300880905	0.0765198512	-0.0966904322	7.22016e-05	0.1251491882	-0.0082655581	0.0445825262	0.0046782704	0.0022043374	0.195745123	-0.1207244573	0.025472425	0.1029345901	0.0455985823	-0.0636401179	0.1578164103	-0.0224495591	0.0177979197	0.0515664574	-0.0062440402	-0.0087756157	0.0563767737	-0.0285904791	0.081307619	-0.1756239355	0.0621536617	-0.0331113845	-0.1009838109	-0.0853136375	0.0	0.0	0.0410449581740692	0.0074340301058839	5.526480361518819e-05	0.001684688591511	0.1256002288827034	-0.0001964965818928	0.0157754174953874	3.8610906695554714e-08	0.4439496396290394	-0.0114306115654301	0.0001306588807597	0.1970912825267539	-0.0007509688786535	-0.0003859772912404	5.639542567060951e-07	1.4897846935327656e-07	0.0010730222764734	0.0004050181074367	1.1513768058081577e-06	1.6403966735160625e-07	-5.909694903603229e-05	-3.3218575310655567e-05	1.1034737456696955e-09	3.492449385367397e-09	0.0	0.0
51.833708414016336	0.1802554001297167	0.0324920092759242	2686.733327949268	59.29327345149402	0.6348921500425249	3515.692276593645	0.4030880421856199	56.35571214449492	0.0833534319623865	3175.9662913131724	0.0069477946199082	57.03697784440212	51.13713856642472	1.003297	32.953373	0.0753298624589099	0.0417482380903781	0.0740012486	0.0708204721	-0.0672423549	0.0765492754	0.0329417827	0.0159581687	0.0906489989	0.0380919598	-0.0972137059	-0.0095891737	-0.069707163	0.0390067022	-0.1498321486	0.0464688536	0.0110853297	0.052066993	0.2143416328	-0.0207385398	0.0646967589	0.0947308365	0.1060803361	-0.0475473834	0.0449848756	-0.1076742888	-0.0863886908	0.0674783733	0.0218163775	-0.0671743215	-0.1390799469	-0.042841928	0.0110795445	-0.0794460994	0.0271727609	0.1233568039	-0.0573349355	-0.0930392716	0.0161195143	0.126761209	-0.0070237426	0.0411193917	-0.0112789268	-0.0883534406	-0.0486861799	0.0022077942	0.0395623165	-0.1269284362	0.0241369676	-0.03252714	-0.0865341388	0.0616430117	-0.0605770411	-0.04184197	-0.1629897838	-0.0534924508	0.0855542424	-0.0007114772	0.0057352764	-0.0832675804	-0.1357150722	-0.0948036892	-0.12951305	-0.1115690847	0.046652164	-0.0056267797	-0.0443544538	0.0225892761	0.0474873431	0.0720775253	0.0328792885	0.0845698781	0.048197377	0.0453932065	0.0038644275	0.061040342	-0.112208472	0.0387068172	-0.0816581837	-0.031756547	0.135603368	-0.1084172761	0.0235203689	-0.0889872347	-0.0701766679	0.0804491865	0.1688811326	0.0028160211	-0.1057171289	0.0325062395	0.0351240316	0.0331012644	0.0396253123	-0.0053083629	-0.0428245014	-0.0114100716	-0.2155688264	-0.0836713497	0.0021826506	-0.0319766897	0.0374107035	-0.0077725529	-0.0176424527	-0.0242944157	0.1017544715	-0.0169881305	-0.0675380716	0.0517060698	-0.0809730087	-0.0556924792	-0.087871192	0.0176902713	0.0732326493	0.1361168493	-0.0986516305	0.0225537307	-0.0618817797	0.0546084377	0.0842039746	-0.0125700113	0.0714893365	0.1205377556	-0.1445324435	-0.0300034843	-0.0135560695	-0.0004071768	-0.1480418155	0.1582631598	0.0619430138	-0.046006586	0.081715674	-0.021319983	0.0057520775	-0.0057727696	0.0471559638	-0.0578150705	-0.0032541885	-0.0556529952	0.1668993888	-0.0776062567	-0.0362722279	0.0152008303	0.0042664658	0.1145274112	0.0709619126	0.0095397984	-0.0175451998	-0.0482481587	0.0562584768	0.1069688712	-0.0596323043	-0.0625556812	0.0795656007	0.0746345758	0.1721960203	0.0981777741	-0.084167353	-0.0354768217	0.0916061277	-0.1462154655	0.1581644715	-0.0045906677	0.1388070676	0.0126116618	0.1045461757	0.0606285865	-0.0366444511	-0.1025475623	-0.0806635902	0.0	0.0	0.0368291610951985	-0.0042157970788707	1.7772945010214743e-05	0.001356387106976	0.100640347816892	-0.0249598810658113	0.0101284796087049	0.0006229956628194	0.427108127505015	-0.0168415121240244	0.0002836365306236	0.1824213525808401	-0.0012314206446269	-0.0004804517659734	1.51639680401333e-06	2.308338994269588e-07	0.0010910921403124	1.806986383900001e-05	1.190482058651494e-06	3.2651997916000025e-10	-0.0001468287630277	-8.773181399166771e-05	7.696871186268581e-09	2.1558685652244483e-08	0.0	0.0
51.85384327429153	0.020134860275192	0.0004054125983015	2688.821062314789	59.68838382659749	0.3951103751034708	3562.7031638312246	0.1561122085144054	56.5354294468173	0.1797173023223734	3196.2547827360563	0.0322983087540313	57.19028219087856	51.33877102552845	0.989473	32.499313	0.1175652228708026	0.0718592073606076	0.0626908866	-0.0874802171	0.0409838882	0.1273763329	0.0213791469	0.0422220575	0.0282556112	-0.0879485975	0.1053007749	-0.0737433748	0.0482908658	0.1096514642	0.0725101392	0.0645971675	0.1100027652	0.0243983474	0.0815397211	0.0089663305	-0.0091876305	-0.0742493252	-0.1253766056	-0.1229592373	-0.0269322169	0.1039021887	0.0241147378	0.1468361743	-0.0842317689	0.0037494683	0.023776888	0.0121014589	-0.0968093561	-0.0446734057	-0.0262435943	-0.0879523427	0.0188340674	0.1645779493	0.0508513787	0.1058152178	-0.0691936477	-0.0824202406	0.0098697493	0.0530123227	-0.0482470679	-0.0695956525	-0.051397036	0.0605519789	0.0311517543	0.0531259035	-0.0580863734	0.0170751648	-0.0315483894	0.0025839054	-0.0232842121	0.0976913181	-0.1583954625	0.058013668	-0.0081275994	-0.0325952882	0.0026942512	-0.0455004822	-0.0066547076	0.056866399	-0.0184420388	-0.1263481537	-0.0916872124	0.0272052459	0.063672516	-0.0440743407	-0.0014194711	-0.2053335272	0.0309014399	-0.0002176675	0.0519095615	-0.0924283179	-0.1235260367	-0.0151143126	0.0038372112	2.99432e-05	0.073069723	0.0513062794	-0.1066623036	0.0396353843	0.001813655	-0.0109091743	-0.0268799329	0.1782489833	0.0158127523	0.0641881849	0.0344909091	0.035319992	0.0214128078	-0.1105268057	0.093151143	0.026607328	-0.0498563673	0.0221490887	0.0290254375	-0.0554868369	-0.045265246	0.1029319748	0.033228148	0.0450566647	0.0125383458	0.0570624116	0.1477101575	0.0115771489	0.0437453626	0.092436792	-0.0637617077	-0.098642899	-0.0049848986	0.1648017549	0.0159268335	0.1534243001	-0.0044915361	-0.0648236126	-0.05677232	-0.0854888251	-0.1566013538	-0.0057571983	0.0645182509	0.0707525363	0.0226913033	-0.0557477752	-0.0587633072	-0.0261053926	0.0830969528	-0.0576241167	0.0767382186	-0.0647732094	-0.0280962087	-0.0165117196	-0.0014132024	0.0320395617	-0.127645374	0.0394666265	0.0203585445	0.0376794902	0.028747546	-0.0535777543	0.1059205208	-0.0005557885	-0.0273564463	-0.0227427561	-0.0698573529	-0.0382411204	-0.0559463782	0.0367419094	-0.0526516744	0.0162723009	-0.092673447	0.0455064245	-0.0106896864	-0.1396508014	-0.0024619601	-0.0086378264	-0.0093110952	-0.1073474968	0.0173936156	-0.0854655945	-0.1074737186	0.1026962647	-0.047298426	0.059084626	-0.0401318633	-0.1038238878	-0.0756116809	0.0	0.0	0.0343950583461634	-0.002434102749035	5.924856192860223e-06	0.0011830200386359	0.1244374835626302	0.0237971357457381	0.0154846873153998	0.000566303669701	0.4378272404764942	0.0107191129714792	0.0001148993828953	0.1916926925032618	-1.3860226866969797e-06	0.0012300346219402	1.921058888038714e-12	1.512985171171578e-06	0.0008350002219381	-0.0002560919183743	6.972253706366762e-07	6.558307065662918e-08	-0.0002729996508042	-0.0001261708877764	1.5919092922310153e-08	7.452880933921512e-08	0.0	0.0
51.84024552068101	-0.0135977536105187	0.0001848989032523	2687.4110556444875	59.44440234663652	-0.2439814799609649	3533.636970348806	0.0595269625639427	56.51007523982645	-0.0253542069908476	3193.388603610846	0.0006428358121347	57.18396860339766	50.50960086277743	1.000344	32.856388	0.0817927488577081	0.0346478655770551	-0.0902867058	-0.0922233122	-0.0961803494	0.1031536351	-0.0754242621	-0.0075386535	-0.1109250261	-0.0472895871	-0.0175951166	-0.1885061295	0.082089623	0.0387897425	-0.0121237789	0.0678078694	-0.0036449473	-0.0039655751	0.1001661651	-0.0425776074	0.0083025272	-0.014354211	-0.0090549317	0.0153301468	-0.0744260194	0.0550749462	-0.1131351868	0.0128733461	-0.1179701968	0.010526202	0.0355647947	-0.0166671987	-0.1328910175	-0.0325472402	0.0068994909	0.053240125	-0.1162345033	-0.0021509043	0.0068127439	-0.0143655155	-0.0799920387	-0.0225710599	-0.0264912979	-0.1393039421	-0.0479808601	0.112124624	0.0339767142	-0.017730622	0.026025446	0.0487320697	0.0618883199	-0.0883208878	0.0669689296	-0.0296290656	-0.0630121975	0.0234218604	0.0729103595	0.0575389052	0.0213616708	-0.1491180775	0.0226011585	0.0621899258	-0.0249881743	0.0319989527	0.0228291334	-0.1042040047	0.0622608645	0.0348575926	0.0158778002	-0.0096241413	-0.0302179298	-0.0015051942	0.0333192894	0.115905454	0.0468401102	-0.0208075994	0.0843229173	-0.0184648981	-0.0862624934	-0.0658800542	-0.0531921626	0.1446709127	-0.0435725541	0.00159836	-0.0056329012	0.002756034	-0.0277290991	0.0444515965	-0.0317343455	-0.0411525455	-0.0332730343	0.031487865	-0.0295575544	0.0293345303	0.0717933176	-0.0186628635	-0.1551730334	-0.0077567765	-0.0626918519	-0.0349595659	0.0319486036	0.0491683559	-0.1421981385	-0.1834649862	-0.0488499678	-0.103680755	-0.03274492	-0.0872880879	-0.0531282067	-0.014338634	0.0595738155	-0.0499395678	0.0410639982	0.1225170891	0.0357417122	-0.0028808929	-0.0472580784	-0.0690028094	-0.0810434582	-0.0065524211	-0.0134677175	-0.0086324282	0.003554256	-0.0088305263	-0.0576486554	0.0466191808	-0.0161658581	-0.0052540707	0.0328012107	-0.0394042663	0.0556747988	-0.0884613002	0.1298613729	0.0127043373	-0.0849386062	-0.0295403694	-0.0353681098	-0.0336402209	0.0279456356	0.0938046331	0.0098776383	-0.0008791273	0.0326119986	-0.1207888852	-0.0698315539	0.0441052796	-0.1116818368	0.0654110045	-0.0448425192	-0.0216871595	-0.0238354574	-0.0473935865	-0.0039739641	0.0897265735	0.0882537957	0.02740126	-0.0897427977	-0.0291518238	-0.0043867003	0.0478204138	-0.1207169973	0.0273089077	-0.0003648117	-0.0432807017	-0.0483665704	0.057522261	-0.0435692762	-0.1048092098	-0.0701830781	0.0	0.0	0.0572408925480232	0.0228458342018597	0.0005219321403788	0.0032765197796943	0.1343635441535013	0.0099260605908711	0.0180535619974898	9.852667885364438e-05	0.4303949082688305	-0.0074323322076637	5.523956204507525e-05	0.185239777063735	-0.0003049799626211	-0.0003035939399344	9.301277760036757e-08	9.21692803648939e-08	0.0011260053541291	0.000291005132191	1.2678880575274e-06	8.468398696150138e-08	-3.5828285783331824e-05	0.0002371713650208	5.625025638586188e-08	1.283666062172097e-09	0.0	0.0
51.77917333992133	-0.0610721807596803	0.003729811262743	2681.08279176562	59.230628510847446	-0.2137738357890768	3508.267353790014	0.0456992528679751	56.441515289622245	-0.0685599502042038	3185.644648188661	0.0047004667720029	57.12791602613248	50.66421202054903	1.005191	33.015587	0.1335460815766654	0.0751219855307344	-0.0746198854	0.0645562723	-0.1013054596	0.1389642917	0.1411172994	0.0399173598	0.0179977305	0.1142331917	-0.0300701294	-0.0406753619	-0.0746747816	-0.0489840011	-0.034292453	0.0848279938	0.1537391664	-0.062576128	-0.1614659669	-0.0371840799	0.1154216485	-0.0691666166	-0.0019388117	0.0467490873	0.0640312018	0.0263587498	-0.0657474149	-0.0961903007	-0.1053340604	-0.0908630914	0.0927585902	0.1289533077	0.1030991637	-0.0409072593	0.1333774307	-0.0516155198	0.128520787	0.0871285806	-0.0033755516	-0.0301667792	-0.0061523573	-0.0305657805	0.0343972872	0.0737294449	0.0831348902	0.0768784277	-0.1007314463	0.029690918	-0.0399773478	0.1355806678	-0.0413365818	-0.0738070528	-0.04753133	-0.0414894672	-0.0119189602	0.0530076114	0.0189710729	0.0607926655	0.0257762401	-0.0017500865	0.1284187376	-0.0270217254	-0.0552227936	0.1228739075	-0.0713817946	-0.0006445259	-0.0239643345	0.0332273464	0.0388543599	-0.0584063345	0.0392893891	-0.0630461438	-0.1764830886	-0.0659172811	0.0213891151	-0.0858693071	0.0518910213	-0.1021854806	0.1394112698	0.013537765	-0.1102138942	-0.0215978637	0.0526002815	-0.0070806197	0.0729782449	0.0821678769	-0.065990838	-0.0468434677	-0.0904434645	0.052527719	-0.150979759	-0.1515354743	-0.0867695847	0.086701675	0.0224701336	-0.0034309464	0.1109852679	0.011113661	0.1387058438	-0.0517975062	0.0702325033	-0.007533713	0.0315271161	0.0886227111	-0.0143858601	-0.1014769972	-0.0457279124	0.0048401702	-0.044611645	-0.0418996185	-0.0055672205	-0.0516221588	-0.0402718653	0.0860122423	0.0272152474	0.1003032913	0.0582948328	-0.173823894	-0.0338757311	0.0309198137	-0.0500267035	-0.0216786317	0.0727734057	0.1714620665	-0.0006857291	0.041776026	0.0380818769	-0.1136302807	-0.0578374688	0.0267623594	0.0326907109	0.0152997525	0.0116184443	-0.1241530859	-0.1045464858	0.0323426067	0.0504699565	0.1257059496	-0.2226350393	0.0770784247	0.1516290709	0.1110761378	-0.0116724019	-0.0208177316	-0.0714060686	0.1028396453	-0.1102084145	-0.0809308587	0.0521488647	0.097908454	-0.058846655	-0.074726272	0.043436859	0.0176379538	-0.0491026336	-0.0256886084	-0.0594814012	-0.1030747056	0.0264482858	-0.0709732817	-0.0068979231	-0.050939881	-0.0370230888	0.0890832353	-0.0352216711	0.0559419782	-0.0469524072	-0.1055007667	-0.0644048267	0.0	0.0	0.0397374876816769	-0.0175034048663463	0.0003063691819152	0.0015790679272514	0.1176754235616357	-0.0166881205918656	0.0138475053104103	0.0002784933688886	0.3698919639021554	-0.060502944366675	0.0036606062770369	0.1368200649593934	-0.0008939015173614	-0.0005889215547403	7.990599227410134e-07	3.4682859763773215e-07	0.0010840811201175	-4.192423401160007e-05	1.1752318749952133e-06	1.757641397459404e-09	-0.000182014732067	-0.0001461864462836	2.13704770770478e-08	3.31293626894218e-08	0.0	0.0
51.88721101954901	0.108037679627678	0.0116721402193328	2692.282667387208	59.7051205405577	0.4744920297102553	3564.701418762525	0.2251426862585577	56.47341308147787	0.0318977918556271	3189.246385071236	0.0010174691252649	57.15350861846334	51.1343271558428	1.014597	33.324512	0.1305126249903834	0.0862806538906066	0.0802421608	0.035867607	-0.0194704023	0.1227140776	-0.0357253029	0.023505783	0.0625784657	-0.0492855079	-0.1067473753	-0.0545627912	-0.0160022597	0.0541078769	-0.123770089	-0.044412992	0.0931080491	-0.0835409253	0.1807481176	0.0219919491	0.0326372619	-0.119912802	-0.0323637834	0.0843610225	0.03394444	-0.0322298655	0.0577041899	-0.085943957	-0.0546078802	0.0866292284	0.0399442757	-0.1010198062	0.1237407116	-0.0136809615	0.0931858112	-0.0325341151	0.0325075764	0.1297733821	0.0052364449	-0.1262420563	-0.0190198156	-0.0765849682	0.0793117426	0.0525480333	0.0949032065	-0.1017365611	0.0827222407	0.0530865727	0.0731260595	0.0808811572	0.1501682369	-0.0419956824	0.0614869565	0.0238177566	0.0162098487	-0.0265039663	-0.0238239305	0.004817579	0.0638014112	0.0132289146	-0.0550483405	0.0542077667	0.0140882421	-0.0341258506	0.0141901433	0.0377533941	-0.155349935	-0.047906862	0.1010280721	0.044217658	0.0925138329	0.0437738784	0.0552191709	0.009349691	-0.1375431168	0.0271143479	-0.0100378242	0.0457458487	-0.0113106081	0.0311981125	-0.0034603141	-0.076952954	0.0197590933	-0.0086130312	0.0109835463	0.0249587759	-0.1483757496	-0.1276987476	0.1061353568	-0.0222414277	0.0538348369	-0.0144700717	0.092948176	0.1821482494	0.0239154638	0.0117847781	-0.0401489763	0.1967521907	0.0476539921	-0.0146018506	0.0154263254	0.0725660416	0.0081527497	0.0559286604	0.0409974883	0.0120616005	0.0072204005	0.0070776335	0.0069886494	0.0220219944	0.0751493688	0.1946459682	0.0122773674	0.0117798672	0.0966377137	0.1342260664	-0.0041117585	-0.0037550898	0.0019518843	-0.0100892923	-0.0791948269	-0.0376851701	-0.0604515499	-0.0365701705	-0.0035162474	-0.1319117652	0.1042813782	0.0745439616	-0.0330868474	0.0239008526	-0.1990418882	0.031504898	-0.0205850057	-0.106736445	-0.1076111368	-0.0842762846	0.0327161769	-0.0237623322	-0.0326841586	-0.1299755603	0.0068411452	-0.0286289482	0.022197602	0.1044829454	0.0811069256	-0.0171730379	-0.111580124	0.0409249661	-0.0352293391	0.0897456498	0.0524208625	0.0172126396	0.0319729703	-0.0244724692	0.0701676672	-0.1265747066	-0.000691455	0.1279021703	0.0593379661	0.0335613775	0.1017041655	0.0721702631	0.0321271814	0.0977163142	-0.1016125152	0.0543442699	-0.0502770413	-0.1058966202	-0.0583057138	0.0	0.0	0.0426709495937274	0.0029334619120505	8.605198789450992e-06	0.0018208099392304	0.1041275610953675	-0.0135478624662681	0.0108425489796694	0.0001835445774049	0.4428254979118051	0.0729335340096496	0.0053193003831367	0.1960944216008381	-0.0001859032535771	0.0007079982637843	3.4560019690551554e-08	5.012615415215832e-07	0.0009840178585553	-0.0001000632615621	9.682911459557584e-07	1.0012656314465236e-08	-0.0001959085387688	-1.3893806701800016e-05	1.9303786466698302e-10	3.8380155562526416e-08	0.0	0.0
51.88025903363087	-0.0069519859181355	4.8330108205954376e-05	2691.5612773966377	59.356830556124926	-0.3482899844327747	3523.2333336685256	0.1213059132561824	56.45821230188548	-0.0152007795923907	3187.529736324773	0.0002310637002164	57.14805425399529	51.25471502735628	1.03014	33.835045	0.0263468197800145	0.0114774162148362	-0.030695906	-0.1086749747	-0.1350831126	-0.0228721956	0.0085541999	0.0980734204	-0.0869873563	-0.070093784	0.1720039062	-0.0075051378	0.0454830051	-0.0907868302	-0.0357905634	0.0818402421	0.0049969928	-0.0257220632	0.1471552916	-0.0365039198	0.073986667	-0.0343413171	-0.0679712733	-0.0403310524	-0.0608769796	-0.1189822927	0.0496808059	0.0053294505	-0.0900751569	-0.0053255723	0.1080592992	0.1507697485	-0.0395485665	0.1169450937	0.1424389649	-0.1541357527	0.0065677143	0.0818879968	-0.0073545282	-0.0869736481	0.0410428752	-0.0354259256	0.1841171193	-0.0841604308	0.1126853404	0.0106089263	-0.1177457709	-0.0895197892	-0.0977415325	-0.1171515181	0.0558674821	0.0308030053	-0.0418644288	0.0329290695	-0.037867706	-0.0661877077	0.138802731	0.0973532192	-0.1190946298	-0.0142693234	-0.0983616034	-0.0216903265	0.0265865956	-0.0731648341	0.0136291276	-0.0272882792	-0.0205584054	0.0052067033	-0.0974513452	-0.066150237	0.0424069374	-0.0356703614	0.0591173017	0.0401316335	0.1718533855	0.0671853825	0.0776899599	0.0148185284	-0.1030914294	0.1247202955	0.1295937879	0.073561701	-0.0892985825	0.0986527026	0.0692038373	-0.1901026755	-0.0909863121	0.0203934751	-0.1336888446	0.1000481083	-0.0188012792	-0.1431972357	-0.0743918627	0.0995472455	0.0024289812	-0.0235729117	0.0490395417	0.0687657656	0.1101298032	-0.0993779156	-0.0627403781	0.1171698829	0.0851713136	-0.0240686087	-0.0582457415	0.0232659711	-0.0620023159	-0.1314826882	0.005922281	0.0032512503	-0.0567477996	0.147526655	0.0867014389	0.052867339	0.0401813178	-0.0306376913	0.0181735521	-0.1043883796	0.0362376268	0.0505453901	0.1180299393	-0.0213882442	0.014172435	-0.06322236	0.077843091	0.0426179114	-0.1246528178	0.0477198113	0.1556275973	0.1035722279	0.0378269564	-0.0186036315	-0.0423411163	-0.0670606268	0.037168204	0.0917526273	0.0868269185	-0.0204926538	0.0767753506	0.0111175789	-0.035775264	-0.0345924476	0.0546554679	-0.0725216213	0.0772597671	0.0165215007	-0.0730986725	0.003246443	0.0341765459	-0.0029963235	-0.0150724355	-0.0678519297	-0.0633952501	0.1252599352	-0.1923282003	-0.1201275493	-0.0397699882	0.0281653675	-0.0446472046	0.0211756211	-0.0231126009	-0.0006179318	0.1395476473	0.0306168805	0.0882237492	0.0527296337	-0.0535390365	-0.1059956606	-0.0519161246	0.0	0.0	0.0398549878502478	-0.0028159617434796	7.929640540740686e-06	0.0015884200565433	0.1077069738288969	0.0035794127335293	0.0116007922113786	1.2812195516952368e-05	0.4373281008587071	-0.0054973970530979	3.0221374359410412e-05	0.1912558678006835	-6.586479768614834e-05	0.0001200384558909	4.338171574237252e-09	1.4409230892683947e-08	0.0011040065176295	0.0001199886590742	1.2188303909684155e-06	1.4397278306424617e-08	-0.0002449623888018	-4.905385003299998e-05	2.4062802030600523e-09	6.000657192748422e-08	0.0	0.0
51.736220511214526	-0.1440385224163449	0.0207470959398839	2676.6365127850145	59.237308150306745	-0.1195224058181807	3509.058676894398	0.0142856054925658	56.42247751119326	-0.0357347906922242	3183.495968501109	0.001276975265817	57.16534434068007	50.71306335752903	1.012703	33.262314	0.0323479658858922	0.0197331705099713	-0.1032133473	-0.0003394946	0.0017676206	0.0374961984	0.0507266562	-0.0697077218	-0.0612479422	0.0461733188	-0.0477920763	-0.0493539583	-0.1365849023	-0.065286915	0.0441640914	0.0623018657	-0.0823105816	0.0754183556	0.0065707585	-0.0978479262	-0.1349222955	-0.1005009761	-0.0849060184	-0.0360162832	0.0568591548	0.0675708994	-0.0254465376	-0.0480740294	0.0753487782	0.0963813875	0.0496090876	0.0698280883	0.0679332289	0.0870620839	-0.0006843645	-0.0459545604	-0.0004587325	-0.0085574581	0.0247947365	-0.0444920393	-0.1312540203	0.0134435882	-0.1031146255	0.0753029222	0.0060121341	-0.0855723668	0.0630278385	-0.1161718162	0.1066261309	-0.1990611654	-0.0079855376	-0.0428967398	0.0072134429	0.0854364847	-0.0989698634	0.015905806	0.0585572463	-0.0087767404	-0.0917263692	-0.1265735787	-0.0543700952	-0.0311975288	0.0205517419	0.1450290606	0.0083952485	0.0258546002	-0.0429191321	0.0316442037	0.067785713	0.0325127276	-0.0285335684	0.1282728214	0.0997604777	0.153532402	-0.0013922236	0.0154553916	-0.0116335405	-0.0929333496	0.1715877286	0.0246393431	0.0068234767	-0.0801393356	-0.0913965516	-0.0535200105	0.100135096	0.0595655496	-0.0350144622	0.0389231113	0.0612839865	-0.0782054275	-0.0247256237	-0.1124135345	-0.0611856334	-0.005656427	-0.0226239651	-0.003774127	0.1059040484	0.0664152752	-0.0598510705	0.0775542866	0.1020407773	0.0400867568	-0.0842555114	-0.0561192243	-0.042693147	0.1371979573	-0.0242924651	-0.0653214173	0.035557125	0.1301848274	0.0418798254	-0.0473359451	0.0479841506	0.0638735538	-0.056265559	0.0075508678	0.0571838044	0.1584833462	-0.0508443267	0.0939741581	0.0969227738	-0.0353815556	-0.2110270715	-0.0236482763	-0.0393602874	-0.0112870071	0.0400658065	-0.0548447931	0.1087206037	-0.012261413	-0.0049527004	0.0399581545	-0.0101129595	-0.1205803523	0.0104636728	-0.0362456563	0.0193175945	0.0049981312	0.0204020842	-0.1301769859	-0.0276665028	0.0578195545	-0.0294660523	-0.121975509	0.0641162041	0.0810828665	-0.0453236237	-0.000215467	0.0057609398	-0.0640170901	0.1273099494	0.0015896919	0.0470072829	-0.08044611	0.0287580069	-0.0210267468	0.034905797	0.0394081794	-0.0059486965	0.0545887613	-0.0493346932	-0.0238573978	-0.0737563144	-0.0203910703	0.1298686794	0.0510985726	-0.0567343287	-0.1057976105	-0.045267892	0.0	0.0	0.0386304530656218	-0.0012245347846259	1.4994854387590331e-06	0.0014923119040552	0.1110025404982053	0.0032955666693084	0.0123215639970557	1.086075967185646e-05	0.4213458056571468	-0.0159822952015603	0.0002554337599098	0.1775322879448701	-0.000252850027854	-0.0001869852301678	6.393313658576858e-08	3.4963476300924475e-08	0.0011340370831398	3.0030565510299947e-05	1.2860401059362257e-06	9.018348648684167e-10	-0.0002648579777316	-1.9895588929800027e-05	3.9583445886358136e-10	7.014974836807273e-08	0.0	0.0
51.64939190219676	-0.0868286090177647	0.0075392073439598	2667.6596838667083	59.338171283191535	0.1008631328847897	3521.0185712333764	0.0101733715753347	56.37889479561675	-0.0435827155765053	3178.579778375222	0.0018994530970225	57.10446449885986	50.5018757247392	0.989369	32.495895	0.0988444493415726	0.0553298963681308	-0.0430930093	0.0656634907	-0.0391995812	0.0474213495	-0.0829404789	-0.0782192699	-0.0036891673	0.0389812933	-0.002143619	-0.0075471138	0.0545082617	0.0082664833	-0.0559984398	-0.0515744481	0.0145335764	-0.0752424576	-0.1258867707	0.1487194347	-0.0520403373	-0.1441361001	-0.1344681428	0.0739113763	0.0558427957	-0.0694798964	0.0547661969	0.0234778911	0.0811671926	0.0744035528	0.0320762026	0.0242948517	0.1149129893	0.047670221	-0.0206620223	-0.0538514477	0.0260265218	-0.0653269305	0.0362596089	0.037507092	-0.063867741	-0.0304428264	0.0956352036	0.0200898833	-0.0347731722	0.0230432148	0.0815394617	0.0299133492	-0.1229258045	0.0962635692	-0.0736227755	-0.1538664134	-0.1027582407	-0.1049512673	0.0831950082	-0.0923216912	0.0929161254	-0.1782105969	0.0209034116	-0.0203205636	-0.0064245572	0.0303374601	-0.0391989596	0.0388127698	0.0681110992	0.0940268646	0.0692860263	-0.1286909117	0.1644866388	-0.1157893359	-0.1182915966	0.0568500957	-0.0725657073	-0.0708858869	-0.0532361439	-0.0465584137	-0.0522519258	0.1227274691	-0.0203157803	0.0588957489	0.0846929638	-0.0464479752	0.0783710394	0.0450828263	0.046545312	-0.0180786865	-0.0870986232	0.005220896	0.0181747714	0.0320278366	0.0176320345	-0.0209314372	-0.0648972332	-0.0950917186	-0.1225660633	0.0146166339	0.0799060209	0.0278444966	0.0363668797	-0.0408187281	0.1816799973	0.006828259	-0.0280156422	0.0381427506	0.0343517077	-0.0012580107	-0.0943503287	0.0360086437	0.0908113912	-0.1132587638	0.0948781876	-0.0383469849	-0.1051274053	-0.1451561323	0.0620653054	0.0024049268	-0.1207688455	0.0266851358	-0.0236163618	-0.0434999161	0.0838820422	-0.126454842	-0.0825986519	-0.0306068261	-0.1015425145	0.0455503061	0.1172240691	0.0232389296	-0.1259610023	-0.1872498308	-0.0545229607	-0.1439827567	-0.185256833	0.0720859942	0.0508112532	-0.0105243091	-0.0663180697	-0.040447378	0.072564911	0.0395683324	-0.0227927162	0.0829285096	-0.0823557223	-0.0169353878	0.0799058229	-0.0653776412	-0.0271874689	0.0759038679	0.0079580748	-0.0045717512	-0.1748434128	0.006979824	0.0090146306	-0.0912561338	-0.1377446263	-0.1622807951	0.017701394	-0.0007176837	-0.1070375664	-0.0017925117	0.0770242537	0.0392100312	-0.0413521453	0.0424305917	-0.0193793263	0.0494515946	-0.059858937	-0.105303025	-0.038394137	0.0	0.0	0.0516369452637093	0.0130064921980875	0.0001691688392989	0.0026663741161673	0.119906065520027	0.0089035250218217	0.014377464548493	7.927275781420522e-05	0.4726158708833452	0.0512700652261984	0.0026286195882986	0.2233657614108228	-0.0003031865804674	-5.033655261339997e-05	9.192210257551523e-08	2.5337685290015842e-09	0.0014210628080899	0.00028702572495	2.019419504536352e-06	8.238376678313044e-08	-0.0004407830380774	-0.0001759250603457	3.0949626857673364e-08	1.9428968665674266e-07	0.0	0.0
51.64659359659165	-0.0027983056051112	7.830514259597293e-06	2667.370630131501	59.08280050308309	-0.2553707801084428	3490.777315287116	0.0652142353331946	56.331551157313285	-0.0473436383034666	3173.243655789004	0.0022414200878094	57.00481848556311	50.62018035863365	0.962596	31.61655	0.0631200030850582	0.0266246947156386	0.0160828578	0.0545315744	0.0003304123	0.0566416966	0.008815216	0.0050521348	0.0024630201	0.0070953579	-0.0765376394	0.1208368814	-0.0678981937	0.0292656809	-0.006407323	0.0288625062	-0.0047391994	-0.1389396452	0.0017561554	0.0295730549	0.0774176352	-0.0178819165	-0.0282748669	0.0369810023	0.0569651907	-0.0771833683	-0.0320450445	0.0291559969	-0.0506415723	-0.0180517023	-0.0150951555	0.0299913923	0.0274700597	-0.0888522197	-0.1183568173	0.0955950264	0.0003912681	-0.0448626929	0.081056012	-0.099091486	-0.0405053562	0.0098882459	-0.1229692356	0.0502899216	0.0878436011	0.0569865835	0.0474222611	0.0005111134	-0.0212333008	-0.0520123787	0.0924712825	-0.0606535314	-0.0960774737	0.0982254238	0.028332188	-0.0284598385	0.1173868665	-0.1002331861	-0.0132883195	0.0961607908	-0.0309121837	-0.1032640324	-0.0905785979	-0.0472952239	-0.0757179165	-0.0686208259	-0.021260492	-0.1176422529	-0.0689572549	-0.0128527928	-0.051677727	-0.0985246172	-0.0373549845	-0.0756331522	0.028247131	-0.0571996837	0.0113920484	0.1649085374	0.1137833601	-0.070789825	-0.0144579989	-0.0377978967	0.0245072359	-0.0555590787	-0.0314888286	0.0209893138	0.015066117	-0.0655516948	-0.0420943526	0.0470648538	-0.0336573652	0.0809903366	-0.0562656436	0.0287269164	0.0883821285	0.0414821215	0.0311386781	-0.0190393027	-0.1639578843	0.0637579173	0.0731390598	0.0382691592	-0.0386986042	-0.0582704073	-0.0496791773	-0.044623958	-0.0760048606	0.0014323751	0.0022637584	-0.0571042334	-0.1280675605	0.0491155766	-0.1023956736	0.0634513083	0.0352290005	-0.0054879379	-0.1262467948	0.088960231	0.0944612818	0.1156033236	0.090555431	-0.0113780312	-0.0368145195	0.0915281777	0.0013868906	-0.0263497773	0.0489960842	0.0641819307	-0.107756379	0.0961552233	-0.0627030491	-0.110141492	0.0384934694	0.0542425389	0.1071875972	0.0794232884	0.0150105696	0.1132548255	0.0057756534	-0.0479330618	0.0453011039	0.0457489499	-0.0727468523	0.0587217285	0.1398258268	0.0833493993	0.103696764	-0.0152880862	-0.191452001	0.0416324219	0.0227423095	0.0491371151	0.0487963867	0.0898476861	0.0507793085	-0.0426034213	0.0197599679	0.0624545483	-0.1005972024	0.0068639681	-0.0956771979	-0.0390102269	-0.0451604428	-0.0440726244	-0.010077356	0.0477892128	-0.0629089685	-0.1045132902	-0.0313291043	0.0	0.0	0.0401073606857522	-0.0115295845779571	0.0001329313205402	0.001608600381177	0.113410006562745	-0.006496058957282	0.0128618295885618	4.219878197648374e-05	0.4586643439049211	-0.0139515269784241	0.0001946451050296	0.2103729803697317	-0.0004346455834129	-0.0001314590029455	1.8891678318034025e-07	1.7281469455424984e-08	0.0011211394756802	-0.0002999233324096	1.2569537239284738e-06	8.995400532373937e-08	-0.0006322573541501	-0.0001914743160726	3.6662413715508216e-08	3.99749361876885e-07	0.0	0.0
51.62409001979045	-0.0225035768011991	0.0005064109688474	2665.046670371428	59.42428016152611	0.3414796584430206	3531.245072715546	0.116608357130362	56.32026074258544	-0.0112904147278456	3171.97177011281	0.0001274734647267	57.01278647202292	51.2736557177908	0.955295	31.37674	0.1226503059361379	0.0768708676706105	0.0885247722	0.0575002979	-0.0946433203	0.022282032	0.0098615484	-0.0678676465	0.103758909	0.0136023481	-0.0222532951	0.1150522829	0.0662445659	0.0099001862	-0.0642789152	-0.0803635708	-0.038726387	-0.0862128214	-0.0495595137	-0.0674834125	0.081712768	-0.1390926552	-0.002790359	0.1048122468	0.0233217513	-0.0838563841	-0.0417191148	0.0418442791	-0.0800117427	-0.0684734686	0.0536402226	-0.0034807199	0.1037856779	-0.1524635118	-0.0457586274	-0.088953467	-0.0087949574	-0.0840639735	0.0605176022	-0.0015355386	0.0622805166	-0.0255150504	-0.0097902221	0.0407949566	-0.0829094387	0.0465923978	0.0471662075	-0.0145029095	-0.0314552812	-0.0051518071	-0.0547833807	-0.0230487371	0.088845191	-0.1195171091	0.0787035873	0.0364427135	-0.0026593687	0.1201218942	-0.0245660446	-0.0071256337	0.063722233	-0.0048908668	-0.1561248073	-0.0949732158	-0.0179137097	-0.0032762815	0.0555628419	0.0808751001	0.0966747837	-0.0090231573	0.002779948	0.0357592521	0.0222419084	0.0460143786	-0.031824444	0.0167329673	-0.0886837328	0.0370725323	-0.0887277586	-0.1010419335	-0.0515547533	-0.0689164572	0.0988150472	0.0216897541	-0.0958041618	0.0185871146	-0.0317169744	-0.1570518594	-0.0772655748	0.1138511721	0.0119210364	0.1225491705	-0.0685812744	0.0562382937	-0.0144271771	0.1105599071	0.022181937	-0.081102772	0.1355122583	-0.042424347	0.0411855495	-0.0520090713	-0.1148602458	-0.0238528191	0.003473799	0.0507991103	0.0349728897	0.0288604194	-0.0579543945	-0.0126313707	-0.0327729095	-0.0935661703	0.0730097712	0.0990431863	0.0098049754	-2.54831e-05	-0.0018764199	-0.1244515475	0.0172366572	-0.0151826921	-0.0278668579	0.0755659697	0.0679871321	-0.0674523548	-0.0550092407	0.0695852346	0.0462511665	0.0066345755	-0.0111349435	-0.1245784046	0.0175973574	0.0387110098	-0.05034106	0.0847602211	-0.0102822797	-0.0470466884	-0.0358696872	0.0336271192	0.0671159607	-0.1304333398	-0.1294659677	-0.0187483675	-0.0133819443	0.0969757017	0.1054068967	-0.1169888217	0.0142285364	0.1037027052	0.0760895564	0.0557590187	-0.0692564758	0.0639755614	0.0861470292	-0.0666651319	0.0587147498	-0.085860193	0.0517092093	-0.0287050483	-0.1723562155	-0.0266003206	-0.0259272409	-0.0265849252	-0.079262988	0.0448684469	0.0967218638	0.046111945	-0.0658806233	-0.1034306197	-0.0241079916	0.0	0.0	0.0475605613841452	0.007453200698393	5.5550200650525954e-05	0.002262006999175	0.11562122662842	0.002211220065675	0.0133682680470604	4.889494178843782e-06	0.5169903528650011	0.0583260089600799	0.0034019233212113	0.2672790249554783	0.0003922482452622	0.0008268938286751	1.5385868591127502e-07	6.837534039009658e-07	0.001176915724862	5.577624918179998e-05	1.385130623427447e-06	3.110989972790243e-09	-0.0004217299077672	0.0002105274463829	4.432180568050483e-08	1.77856115105331e-07	0.0	0.0
51.6415866589221	0.0174966391316502	0.0003061323809031	2666.853472650961	59.1269939290011	-0.2972862325250105	3496.001411080133	0.0883791040489146	56.38521469068184	0.0649539480964023	3179.292435714284	0.0042190153733101	57.06096578719536	51.0086546041446	0.989276	32.492867	0.0820460861463314	0.0436410701018851	0.0721631838	-0.1079766962	0.1113742179	0.0370207884	0.0448707422	-0.0028164543	0.030218639	-0.0965145313	0.0132825051	0.231853739	0.070854797	0.132842167	0.1585111496	-0.0687113938	-0.017199843	-0.0730653405	0.1244128034	-0.0411969163	0.025980737	-0.0272498305	-0.0963110093	-0.0682203443	-0.1173952091	-0.0543337318	-0.0448477809	-0.0816985126	0.0348157713	0.0407969495	0.0258388563	0.0281908131	-0.0696168875	-0.028974821	0.0103250435	-0.1024408568	-0.0293765619	-0.1677910371	0.0203115845	0.0220467538	0.0026766539	-0.0381302618	0.0251505617	-0.0207371444	0.0555110377	0.0631939467	0.0081883327	0.0188955199	-0.0260484095	0.0214049884	0.0479280501	0.0825187303	-0.0428565742	-0.0722612455	0.0802865666	0.0348593101	-0.014348706	-0.0444547326	0.0442140295	-0.174340123	0.0844548686	-3.52796e-05	0.0253752698	0.0554303253	-0.1943144106	-0.0725706314	-0.0632147088	0.0611468991	-0.0962270001	0.0145730734	-0.0391685328	0.1290226757	-0.1048214568	-0.0841386632	0.0616631956	-0.0254354855	-0.0318922539	-0.0437769486	-0.0119857705	0.1171539215	-0.0252150209	0.1090950332	-0.0237239172	0.1064439385	-0.0389621243	-0.1629739437	0.0521049332	-0.0055408135	-0.0493185112	-0.0330827785	-0.095437127	-0.0115553037	-0.0894923065	-0.0537352531	-0.0614400326	0.1344381847	-0.0006368935	-0.050273167	0.0067913547	0.0655081061	0.0630177295	-0.0737443343	-0.0551287301	0.0339640943	-0.0341354817	-0.0086944522	0.0332767984	-0.0201654806	-0.0237129081	0.0133448226	0.0166406324	-0.004539665	-0.0344800564	0.0394922298	-0.0030963718	0.0388252688	-0.000225853	-0.0089702367	-0.0033768864	-0.0651371389	0.0590679297	-0.0032407311	-0.0730676235	-0.0975788218	-0.134031503	0.0691963044	-0.0370853901	-0.2118747349	-0.048304254	0.0813661824	0.0335887304	-0.0303792938	-0.0436949364	0.0685905155	-0.0669252454	-0.0652152833	0.157574302	0.0239692428	0.0458041199	0.0664722483	0.08806415	-0.0768794437	0.0606427622	-0.0327294278	-0.0282647256	0.0071481441	0.1315146781	-0.0176392961	-0.0600653738	0.1067461828	-0.1744872162	0.0606634736	-0.0471319132	0.0864692873	-0.0201367659	0.0765933068	0.1130520004	0.0085352882	-0.0596136521	0.1290848249	-0.0372302638	-0.0507504974	-0.0424885892	0.0824765066	0.0850714405	0.0444203137	-0.068770199	-0.1020580481	-0.0167667741	0.0	0.0	0.0372038968754111	-0.0103566645087341	0.0001072604997464	0.0013841299427162	0.1092879044502126	-0.0063333221782074	0.0119438460591187	4.0110969812973845e-05	0.4859169820652553	-0.0310733707997457	0.0009655543728584	0.2361153134594056	-6.827013876578374e-05	-0.0004605183840279	4.660811847099369e-09	2.1207718202774557e-07	0.0009930160425339	-0.0001838996823281	9.860808607296884e-07	3.38190931603761e-08	-0.000462966414604	-4.123650683680001e-05	1.700449496101454e-09	2.1433790105128282e-07	0.0	0.0
51.693863485993305	0.0522768270712035	0.0027328666486325	2672.255522108512	58.93995068800003	-0.1870432410010707	3473.9177871038755	0.0349851740041846	56.39913388464948	0.0139191939676379	3180.862302938617	0.0001937439607087	57.08491383267882	49.83825751722858	1.02129	33.544357	0.0482259901944265	0.0210436633653951	-0.0974530253	-0.0293061295	0.0516250817	0.0221633592	-0.0941316723	-0.1160955826	-0.1083173493	-0.0771594238	-0.1734562881	0.0460506693	0.0629438063	-0.0168776232	-0.0178373223	-0.079429313	-0.03576385	0.0610081702	0.0849148452	-0.1150244942	-0.11287308	-0.0851484708	0.0149196237	-0.0122891316	-0.1885410564	-0.0538339912	-0.0348686051	-0.0775044357	0.0426046603	0.0190854723	-0.0412261705	0.0377505854	-0.0546375082	-0.0279640063	-0.0098584586	0.0574416186	0.0605468311	0.0460818818	-0.0309846004	-0.0486297274	-0.0102039637	-0.014341654	0.009161828	-0.0140231929	-0.0015393767	0.0227302474	-0.1640911314	-0.0139768811	0.0629920741	0.1006086347	-0.0860674345	0.0505683746	0.0803184935	0.1353724598	0.0208934729	0.0279558272	0.0148981033	0.0046084285	0.018950131	-0.0529762115	0.0421925113	0.0718208137	0.0361664815	-0.142520759	0.0240950577	-0.0738630523	-0.1096753371	-0.0422998945	0.0271992726	-0.1136058265	0.0271527692	-0.0406785114	0.0127497132	-0.0549782449	-0.0155877593	-0.0964621244	-0.2185353845	-0.0159734665	-0.0774727965	0.0744340166	-0.0704850856	0.0582532051	-0.0349170203	-0.1522096553	-0.2013020377	-0.0526905503	0.0038652401	-0.0643568032	-0.0094316084	-0.0544107412	-0.0279412628	-0.0448064104	0.0197206435	0.0393841058	-0.0767774167	-0.0346238883	0.0138155366	-0.0146589542	-0.0975216025	0.0818531902	-0.1266947044	0.1038225233	0.1073405122	0.0509656531	-0.1266666865	-0.0439742824	-0.0194715887	0.0028160544	-0.0249405586	0.0340234768	-0.0385024432	0.0030211808	0.0463587525	-0.0017403121	-0.0273941425	-0.0685043723	-0.0523514942	-0.1104135699	0.0411848881	-0.1344092233	-0.1051395478	-0.0029164454	-0.0695741106	-0.0327391927	0.0477418409	-0.1129744691	-0.0372741781	0.0019556265	-0.0164910982	-0.0559408273	-0.0315715915	0.0136518565	-0.0583122774	-0.059173353	-0.0798479174	-0.0131044484	-0.058992433	-0.0328333388	-0.1152673534	-0.0611046248	0.0060206473	0.0071475075	-0.0023199977	-0.1071213417	-0.0585504404	-0.0751539805	0.026682612	0.096824863	-0.0964299877	-0.0172655573	-0.050211464	0.1499423643	0.0539197135	-0.0762515723	0.1825041616	-0.0328596084	0.0499304101	0.0619324875	-0.0681707224	0.0098912836	-0.005301199	0.0749705006	-0.0666894079	-0.0113883705	-0.0014172297	0.0427148457	-0.0715740957	-0.1003994225	-0.0093420254	0.0	0.0	0.0409198161840862	0.0037159193086751	1.3808056308584466e-05	0.0016744313565394	0.1152128540755512	0.0059249496253385	0.0132740017442342	3.5105028062800005e-05	0.4782941614641416	-0.0076228206011136	5.810739391676326e-05	0.2287653048906863	0.0002061779875366	0.0002744481263023	4.2509362544642393e-08	7.532177403088919e-08	0.001176968894444	0.0001839528519101	1.3852557784887316e-06	3.383865172585918e-08	-0.0003021213796305	0.0001608450349734	2.5871125275626428e-08	9.127732802983672e-08	0.0	0.0
51.820275970006136	0.1264124840128317	0.0159801161142944	2685.3410016075954	59.40975951383458	0.4698088258345478	3529.5195254916584	0.2207203328320365	56.42360353298324	0.0244696483337634	3183.6230356472797	0.000598763689578	57.1057707650711	50.290168266989	0.980427	32.202198	0.0515111960860499	0.0265669224829014	-0.0076012435	0.0914558399	-0.0858817256	-0.0131320657	-0.0905242382	-0.0328602676	0.0014044043	0.1083088609	0.0443519856	0.0258414255	0.0962316235	-0.0085442613	-0.0076732995	0.0796632358	0.0530485361	-0.0559996558	0.0454534906	-0.076542249	-0.0440191326	0.0293255813	-0.1199419794	0.1668677962	-0.0738777256	0.0146976618	-0.0575922904	-0.0951196343	0.0411589198	-0.005170922	0.0465046685	0.0018330688	0.0515982107	0.0146883137	-0.004037827	0.0029276607	-0.0409159617	-0.008481791	0.0958866832	-0.0014113129	0.0922081852	-0.0436545102	-0.0432605321	0.0079598459	-0.0716610834	-0.0479066302	-0.0421103338	0.0679325435	-0.1653496588	-0.0099662526	-0.140268011	0.0641170571	0.134452212	-0.0128258738	0.0375395762	0.0809771398	0.108849406	0.0111966909	0.0567867993	0.0539671955	-0.0175578106	0.0264035641	0.0592407287	0.0018696801	0.0811757032	0.0488938192	0.0330985677	0.1061004431	-0.0761993176	-0.0023248953	-0.0185360006	-0.0357990418	0.0574429061	-0.0913164905	-0.0384682525	-0.0766923962	-0.0427305783	0.0736847808	0.0888917935	0.0051846909	-0.07248422	0.0833966927	0.1275664728	-0.0008391191	0.0028686499	-0.0160105677	-0.1232897538	-0.0543305775	-0.0274966383	-0.0590316065	-0.0100502304	-0.0243041012	-0.0885063949	0.0113759191	-0.0104844336	0.0692197134	-0.0083860901	-0.023190571	0.0220400088	0.0249452891	0.01671008	-0.0467863261	0.0142407999	0.0480049044	0.1116232645	-0.0001594816	0.0243508302	-0.0162934755	0.0973787114	0.0199470875	0.0284144092	-0.0946220327	0.0488240957	-0.0605781268	-0.0660722727	-0.1613151702	-0.0579969554	-0.0240435553	0.1812128756	0.0309616387	-0.0942014316	0.0539768231	0.1020677661	0.0016421461	-0.111348519	0.0476671387	-0.0665284539	0.0309190121	0.0345385865	0.0070056873	-0.0807642883	0.1384175905	-0.002350598	-0.0422269691	-0.041168854	0.1463319038	-0.0611149231	0.0294303129	-0.0810201233	-0.1198863087	0.0229893446	0.0550751102	-0.0535924906	0.0490337754	-0.0871673466	0.0121755788	0.0311025444	0.1363496704	-0.0062089729	-0.0592325564	-0.1426298479	0.0821295358	-0.0061045324	0.0441542801	0.0257147502	-0.0230658642	-0.0147217678	0.033249077	0.0019001781	0.0224531915	-0.0169333873	-0.0236200182	0.0245290399	-0.1291595134	0.0147890033	0.0409960724	-0.0742888199	-0.0984593917	-0.0018707352	0.0	0.0	0.0413726253277104	0.0004528091436241	2.0503612054967626e-07	0.0017116941265071	0.124340392407575	0.0091275383320238	0.0154605331840697	8.331195600256384e-05	0.4783083735166258	1.4212052484197102e-05	2.0198243581357303e-10	0.22877890017612	-0.000136997727532	-0.0003431757150686	1.8768377348932117e-08	1.1776957141284495e-07	0.0009790001162737	-0.0001979687781703	9.58441227663918e-07	3.919163713024149e-08	-4.933141711045393e-06	0.0002971882379194	8.832084875767038e-08	2.4335887141255863e-11	0.0	0.0
51.87361645142449	0.0533404814183526	0.0028452069579416	2690.872083749497	59.82214240211854	0.4123828882839575	3578.688721579349	0.170059646549419	56.4770194849522	0.0534159519689581	3189.6537299036704	0.00285326392475	57.18667471878172	51.496552250696624	0.982445	32.268478	0.0649658651471954	0.0313969359453087	0.0868740797	0.0485787095	-0.0306110722	0.0245936153	0.1251046337	0.0461129887	0.0821586154	0.0444406009	0.0360314782	-0.0117357116	-0.1331734223	0.0345173297	0.0260515295	-0.0007430237	0.0347847698	0.0011510895	0.108885687	-0.1264099286	0.0153674319	0.0457068604	-0.056501134	0.0404911324	0.1013241431	0.0162749918	0.0036636463	0.0182348149	0.0187441518	0.0261241698	0.0821365207	-0.1501393673	-0.0181663266	0.1098539369	-0.1120615019	-0.0647825688	0.0606436673	0.0291538665	0.1297411182	-0.0180038834	0.0074776661	0.046681778	0.0559636463	0.1353428215	0.0224955453	0.0500417178	0.0253123296	-0.106877824	0.0740285669	0.1212760624	0.0064006568	0.0681981593	-0.1410072598	-0.1086324459	-0.0373015694	-0.1174080827	-0.0628091427	-0.1227698452	-0.1072963877	0.0578170445	0.0080055867	-0.0546049052	-0.0649878986	0.03678695	-0.0246960814	0.0196722278	0.18801194	-0.0240999854	-0.090296187	-0.1559290428	0.0725058348	0.0170982059	-0.0045083639	-0.057460959	0.0462520884	-0.0937383626	-0.0638226697	-0.0456814731	-0.0504259922	-0.0644467878	0.0364474907	-0.0664418065	-0.0338711751	0.0154813684	0.0536350186	0.1095040927	-0.1007887284	-0.0638330845	-0.0311413995	-0.0100527521	0.0681791332	0.0073263588	0.0341828892	-0.1240365735	-0.0053631746	-0.0011677029	0.0664846115	0.0021912221	-0.0020449734	-0.088891053	-0.0094653022	-0.0188319481	0.0068029159	0.1273682827	-0.1187922979	0.0693840662	-0.0012069944	0.0968505686	-0.1312554486	-0.1188665067	-0.0206397208	0.0081806101	-0.09057178	-0.0948052854	-0.0668425893	0.0902747248	-0.0783175343	0.1285087152	0.0531119525	-0.0927974905	0.1075195494	0.0400313421	0.0158096234	0.0291222444	0.0967584153	0.0735331569	-0.0645858165	0.0764262286	0.1293484212	-0.0450733603	0.0292077928	-0.0839173674	-0.0316141853	0.0721870509	-0.0471449854	-0.0071828636	-0.0243147891	0.0313413244	-0.0752816366	0.0789365192	0.0436788173	-0.0335311401	0.0170176404	0.0849841588	-0.0728101933	0.0691670801	-0.0161374704	-0.0498682465	0.0049061262	0.0607639607	0.0220173111	0.0058858604	0.0712407347	0.0439832128	0.1261352732	-0.0068272827	0.1538584306	0.026240955	-0.1210459132	-0.0175667782	-0.0205771284	0.0211103934	0.0970291287	0.0325112399	0.0061091257	0.039264529	-0.0769109895	-0.0962433935	0.0056098749	0.0	0.0	0.0349607297106757	-0.0064118956170346	4.1112405403748734e-05	0.0012222526219029	0.1194231155249241	-0.0049172768826508	0.0142618805216793	2.4179611940652905e-05	0.4583091153305787	-0.019999258186047	0.0003999703279921	0.2100472451950977	-0.0003087925464776	-0.0001717948189456	9.535283676012077e-08	2.951345981655148e-08	0.0011110585472378	0.0001320584309641	1.2344510953901708e-06	1.74394291887e-08	-0.0003738285810306	-0.0003688954393195	1.360838451507672e-07	1.3974780799535186e-07	0.0	0.0
51.81022216465954	-0.0633942867649466	0.0040188355944362	2684.2991207513787	60.37438441852835	0.5522420164098136	3645.066293916239	0.3049712446883769	56.49377257875401	0.0167530938018103	3191.546340179979	0.0002806661519322	57.20279386407064	52.13202589850186	0.970432	31.873938	0.092052352482513	0.0558787722442118	0.122946163	-0.0653084446	0.0129092897	0.0295951783	-0.0862284772	-0.0180807498	0.1228466315	-0.0945664896	0.067526165	-0.0663000567	0.0804467994	-0.0021941711	-0.0411186184	-0.0560760118	-0.0727294742	-0.0587556099	-0.0014555944	0.0158194636	0.0760550778	-0.1231320902	0.0404803258	0.0503176221	0.0278910155	0.1242158981	0.0873968782	-0.0548424021	-0.0710603188	-0.0677055309	-0.083357855	-0.2107755312	0.0714258363	-0.0789577907	0.0233400967	0.0687331204	-0.0340433864	-0.0204178488	0.2172341896	0.1560229049	0.0932721778	-0.0047078277	0.0583261368	0.0087735152	-0.1175523899	-0.0745738322	-0.0385484443	0.0463923352	0.0080657814	0.0137580607	0.0386084959	0.0242965222	-0.1217330927	-0.0213308104	-0.0788633239	-0.0197055519	0.0444522773	-0.014854495	-0.0021675975	-0.0495911451	-0.1092165042	0.0793794218	0.0552060276	0.0272896353	-0.0159648817	0.0115569145	-0.0574507042	0.0352917935	-0.0198001725	-0.0420358578	0.1419188465	-0.0947604438	-0.0059611233	-0.080373403	-0.0739614303	0.0538629282	0.0363854947	-0.1616034816	0.0063769284	0.0933094305	-0.0003089613	-0.0408564229	-0.005352148	0.1399532475	-0.0488607368	0.1706827142	-0.1149443357	0.0312283028	0.0555936423	-0.0609058784	0.0228090705	0.1428869049	0.0400196789	0.0298895204	0.0238032316	0.0398350391	-0.197229584	-0.0530828578	0.0474429867	-0.1088357927	0.0144861434	-0.0667345448	-0.0051483101	0.1610543049	0.0490855646	0.0180236131	-0.059385477	0.0032180618	0.0412371063	0.0449419338	-0.046593387	-0.007459579	-0.0299844363	0.0702686699	-0.0748494701	-0.0279865306	0.0235304845	-0.0494687086	0.0404267948	-0.0382061823	-0.0359977095	-0.0650090944	-0.0322783554	-0.0987104176	-0.0137813101	-0.0240035999	-0.0739870699	-0.0559015478	0.0492529072	0.0199868927	0.0137277477	0.0773512231	-0.0516701304	0.0096532552	0.0136647647	-0.0069964135	0.1108714973	-0.0057754963	-0.1891530289	0.1547754231	-0.2095945212	-0.0947930454	0.0495866944	0.0243002712	-0.0399945732	-0.0973015882	-0.0349120789	0.007669242	-0.0070945816	-0.0589841632	-0.0565448795	0.0532282639	-0.0986394325	-0.0395470007	0.0234784656	-0.0138190163	-0.0759608477	-0.0075121647	-0.1241134425	0.0359280387	-0.0514402375	-0.0178122432	-0.1155301262	-0.0505454603	0.0854433608	0.037520755	-0.0794373376	-0.0937576389	0.0130625369	0.0	0.0	0.0508492425352073	0.0158885128245315	0.0002524448397753	0.0025856454664043	0.1153283717910937	-0.0040947437338303	0.0133006333399847	1.67669262457433e-05	0.4977539669712598	0.039444851640681	0.0015558963209553	0.2477590116356259	0.0003217196461679	0.0006305121926455	1.0350353073039877e-07	3.975456250746361e-07	0.0011109357907561	-1.227564816999507e-07	1.2341783311828814e-06	1.5069153799350323e-14	-0.0003956785175728	-2.184993654220002e-05	4.774197268981678e-10	1.565614892686086e-07	0.0	0.0
51.7165508945401	-0.0936712701194437	0.0087743068457897	2674.601636427556	59.04338625025622	-1.3309981682721317	3486.121459896945	1.7715561239437692	56.38413797008048	-0.1096346086735309	3179.171014629072	0.0120197474189982	57.089458913400335	50.48350729276349	1.026153	33.704102	0.0498732070272423	0.0315460985439743	-0.063405259	-0.1343373335	-0.0630703933	-0.0688362228	0.0271999553	0.0510470817	-0.1361640294	-0.0698165685	0.0635214334	0.1076237712	-0.0053939001	-0.0019475682	-0.1095327664	0.0191624371	0.0050694058	-0.046113324	0.0144360823	-0.0719332118	-0.0999062203	0.0683985068	0.0527959468	-0.0617264889	0.0652821549	-0.0566936504	-0.050314704	-0.0110304685	0.1398953431	0.0237665953	0.0836511415	-0.133002506	0.0422683752	-0.0240714156	0.0927161318	-0.1063239453	0.1599537188	0.0043247635	0.0292629513	-0.03428185	-0.0460813375	-0.0772209903	-0.0201002006	-0.0781950658	-0.0355484068	0.1096640746	0.0518991898	-0.0133706205	-0.081704342	0.0323995846	-0.006445815	0.1663166198	-0.1374848563	0.0394024787	0.0928094749	0.0302172127	-0.0507588952	-0.0028368027	0.0710175192	-0.0751049902	-0.0811796044	0.0492411769	0.0956283575	-0.0396668976	0.0587484823	0.0380035008	0.0162421719	0.0028230615	0.0983499901	-0.0761517365	0.0377134142	0.0765903027	0.0681219568	-0.0140884324	-0.0254738534	-0.0436547176	0.110936789	0.0647953758	0.0990081135	-0.1311261422	0.1023493165	0.092852949	-0.1164939414	0.0401734995	0.0771343571	0.008957579	-0.0087927852	-0.1856215571	0.054418354	0.0212358283	0.0394671323	-0.0059905377	-0.0612593177	-0.0007615172	-0.1954237062	-0.0425773212	-0.0097718301	0.0108569628	-0.0274095887	-0.0375439388	-0.0222651676	0.095870024	0.1296243332	0.0704092093	0.0081910053	0.0308113925	0.0567132213	0.0537619404	0.1369800028	-0.0543776866	-0.0312011765	0.050253564	-0.1063042329	-0.0254697639	0.0691685905	-0.0283114443	-0.0441055122	0.1017986539	0.0223576278	0.0411953884	0.0035215918	0.020492129	0.0013033367	-0.1507074209	-0.0859210771	0.0524953639	-0.000246156	-0.0355769553	-0.0045778346	-0.1349327389	0.1173007925	0.0049950485	0.0932693399	0.169816446	-0.0019042308	0.0049609728	-0.0106181807	0.0325129159	0.0051289381	-0.0154466697	0.0655411705	-0.0449905566	0.0352900371	-0.0906242914	-0.0031193864	-0.0003016276	-0.0160851159	-0.0339561978	-0.058409459	0.0363007895	0.0025333871	0.0481182862	0.0958678276	0.0784568155	-0.0371364653	-0.0182011292	0.0513215958	0.06652156	-0.1106186929	0.0467654892	-0.0898540546	0.0065012323	0.1187274354	0.0142790454	0.1380651279	0.0357652936	-0.0818647166	-0.0910090951	0.020450122	0.0	0.0	0.0410403453725933	-0.0098088971626139	9.62144635467369e-05	0.0016843099483017	0.1150043513562337	-0.00032402043486	0.013226000830868	1.0498924220686573e-07	0.4833295213619664	-0.0144244456092934	0.0002080646311354	0.2336074262199875	-0.0001637690014352	-0.0004854886476031	2.6820285831082532e-08	2.3569922695148706e-07	0.0011110338100304	9.801927429984626e-08	1.2343961270306668e-06	9.607778134268502e-15	-0.0004164087271049	-2.0730209532100004e-05	4.297415872447698e-10	1.733962280091231e-07	0.0	0.0
51.73688750230919	0.0203366077690887	0.0004135776155537	2676.7055284265966	59.43155707395013	0.3881708236939118	3532.109976234192	0.15067658836721	56.38962968990957	0.005491719829088	3179.790336565131	3.0158986681198623e-05	57.07145779527078	50.33027947215395	1.028765	33.789875	0.0501702523460549	0.0357203662437148	-0.0971896553	0.0406146737	0.0605030242	0.0214033795	0.0145409284	-0.0432147043	-0.0663957228	0.0472103787	-0.0219001853	0.0744829146	-0.0373938772	0.0447340511	-0.0169797315	-0.0801488737	-0.0742101044	-0.0745235822	-0.0360905191	-0.1213295454	-0.0993350398	-0.1167214417	0.0459602906	0.0738601232	-0.047194255	0.1238936822	-0.0017059737	0.0088928656	0.1647265742	0.0136989198	-0.0978511527	-0.0042214105	-0.0418375127	-0.070598606	-0.0380645638	0.0131104922	0.0722147592	0.018534701	-0.1270047346	0.0289489968	0.0285659708	0.0311311337	0.0459618683	-0.0672003017	-0.1724681017	-0.1070516406	0.1069141812	0.1100568402	0.0294294656	-0.0473755809	-0.0915691418	0.0250087157	-0.006235922	0.0833258846	-0.0484749804	0.1162251665	0.0103166122	-0.0322236096	-0.1687041659	-0.0986037008	-0.0822301406	-0.0449574891	0.0226853432	-0.1290154025	0.0501509859	-0.0763608271	0.0961087607	-0.0173044003	-0.0012745923	-0.0031376647	-0.0657324073	-0.0192572514	-0.0325074422	-0.0839832035	-0.0735845437	0.0313829833	0.0461662254	-0.0531563183	-0.0407997824	-0.121821808	-0.0452741255	0.0325220817	0.075739765	-0.1257743636	-0.0094818981	0.0195419443	0.0769029274	0.0341593306	0.1148537532	-0.0426662541	0.0361716023	0.1070775792	-0.0309109535	-0.0490178207	-0.1182646513	-0.0892652237	0.0096392152	-0.0831392002	0.0730187337	0.0689072274	-0.1662568883	0.0521709138	-0.0479811979	-0.0243723238	0.1215599522	0.0373387866	-0.0249419888	-0.0434580128	0.0890158373	0.1476969873	-0.0574971013	-0.085615125	0.0847944029	0.0513528909	-0.0520346746	0.0060207537	-0.0666895958	0.0841887561	-0.052465263	-0.1021678416	0.0855718725	-0.0059298001	-0.0107838456	-0.0558196409	0.0103841804	0.1023606201	-0.0045286731	0.0938029292	-0.0743895073	-0.0157791867	0.0778017257	-0.0116933404	-0.0189190321	0.001172793	-0.0275487984	0.0243038718	0.043874669	0.0136474157	-0.1184084304	-0.0282307143	-0.0553936956	0.0474094729	-0.1083849945	-0.0735234488	0.1419960115	-0.0799657403	0.0367993825	0.0532473744	0.0993887139	0.0678365218	-0.0465092769	0.0239125909	-0.1014002483	0.0491366027	0.1442840063	-0.0035734045	0.016280056	0.0453970112	-0.060413921	-0.0601681789	-0.0850485189	-0.0414481862	0.1020542532	-0.0435547289	0.1160802199	0.0339986915	-0.0841901024	-0.0880054659	0.0277358257	0.0	0.0	0.0413368470485835	0.0002965016759901	8.791324386499692e-08	0.0017087349239179	0.1093264709392514	-0.0056778804169823	0.0119522772480309	3.223832602955117e-05	0.5173441581995135	0.0340146368375471	0.0011569955191902	0.2676449780231633	-8.37001129059932e-05	8.006888852920679e-05	7.005708900476011e-09	6.4110269103025426e-09	0.0011110226768589	-1.1133171499934022e-08	1.2343713884947157e-06	1.2394750764694314e-16	-0.0005399533737149	-0.0001235446466099	1.526327970598978e-08	2.9154964578610245e-07	0.0	0.0
51.808521453209934	0.0716339509007468	0.0051314229216506	2684.122895167714	59.3757330236588	-0.0558240502913278	3525.4776720968066	0.0031163245909287	56.39948294317122	0.009853253261653	3180.901676257062	9.708659983827734e-05	57.05359628632313	50.48164326198941	0.972342	31.936659	0.0939495277301564	0.0510815688993368	0.000986181	0.0726544616	0.0197126789	0.0349320756	-0.1431539276	-0.0093759822	0.0040426814	0.0378002308	-0.0207144908	0.0555445873	0.0682873016	0.0050259871	-0.043691309	-0.0468767618	0.0252829125	-0.037457515	-0.0004266671	0.0502752093	-0.1436586405	0.1311117402	-0.0081942267	0.1184190204	-0.0831002923	-0.1348584628	-0.0246865054	0.0633665527	0.0302973243	0.0158783765	0.1010991679	-0.0762242848	-0.0543626118	0.0626074448	-0.0571203977	-0.0506049191	-0.0645650663	-0.0297462503	-0.1250218371	-0.1033366193	0.0132700901	0.0006374702	-0.0672671251	0.0340411704	-0.1418514257	-0.0071946273	0.0543845514	-0.0488768477	0.0669952495	-0.0247223114	0.0267712494	0.0047698465	0.0021903254	-0.0016554897	0.0331152522	0.068348726	0.0498873703	-0.0149776249	0.1596042372	0.0410429857	-0.0755557109	0.0353292606	0.0575836145	0.0232535225	0.0216700764	0.1316169824	-0.0391742924	-0.0846732533	0.0513848556	-0.0087887288	0.0284306453	-0.1454741762	-0.1267786965	0.0597342914	-0.0934689225	0.0090085839	0.0174256615	-0.0605251892	-0.0561396247	0.0091846823	0.0571493035	0.0640262768	0.1099545848	-0.0214093871	0.0200228904	-0.1043564264	-0.0581652908	-0.1114618318	-0.0212167095	0.0739274075	0.11421634	-0.0436111425	0.1024178219	0.0014410695	-0.0194195392	0.0449009198	0.0074061542	0.0540848319	-0.0436752987	-0.0252732972	-0.0671249188	-0.1244578179	-0.1066002947	-0.0475028698	0.0198025827	-0.028483222	0.0980505109	-0.0314568219	-0.0423822566	0.0503089037	0.0501165181	0.0009512005	-0.0786764245	-0.0659465715	0.021958683	-0.0174660259	-0.073365084	0.1144289064	0.0879574782	0.0728598387	-0.0710702729	-0.0142465738	-0.0519407588	0.0125686114	-0.0542846818	-0.1226091658	0.0852537023	0.0054084986	-0.0626455749	-0.0318547637	0.1726153378	0.0064686403	0.0705269966	-0.021518621	0.0407235923	-0.0904782396	0.0997765973	-0.0532997228	0.0251331333	-0.0161892456	-0.1948185562	0.0288909164	-0.095138499	0.0713086754	0.1387023482	0.0088945894	0.1182408962	0.0888526607	-0.0903699266	-0.0317032467	-0.0925995177	-0.012908411	-0.055051131	0.105014212	0.102143632	0.1581854481	-0.1158449018	-0.0079392732	0.0057702219	-0.054736049	-0.105930421	0.0038712186	0.0135543359	-0.1247668271	-0.0228084841	0.032221499	-0.0864105979	-0.0847551701	0.0348833508	0.0	0.0	0.0373508174777157	-0.0039860295708677	1.5888431739832535e-05	0.0013950835662536	0.1153879985232038	0.0060615275839524	0.0133143902031908	3.674211665101596e-05	0.4982708681008176	-0.0190732900986959	0.000363790395189	0.2482738579979423	-0.0008969579395887	-0.0008132578266827	8.04533545391206e-07	6.613882926606797e-07	0.0012978741139364	0.0001868514370775	1.6844772156261958e-06	3.4913459537926974e-08	-0.0008364177194875	-0.0002964643457726	8.789110831437573e-08	6.995946014726702e-07	0.0	0.0
51.89701140140078	0.0884899481908476	0.0078304709308189	2693.299792397123	59.692217643248206	0.3164846195894029	3563.1608471689124	0.100162514436649	56.43928793866	0.0398049954887795	3185.3932230229725	0.0015844376658617	57.11950933719927	51.46824744125652	0.973804	31.984678	0.1248611906878862	0.0548513380589589	0.0798691416	0.0496460837	-0.1005548625	0.0544898093	0.092083145	0.0232239107	0.0843833278	0.070036199	-0.0095583671	0.0060520233	-0.093672439	0.0498165859	-0.1418693296	0.0391900899	0.0275116669	0.0056681678	-0.0017607873	-0.11438324	-0.0587882097	-0.0105726901	-0.0846433052	-0.0245137208	0.07926666	0.0238234362	0.0451100126	-0.0943988359	-0.042810197	-0.0014060866	0.0118112928	0.1547455815	0.0457030251	-0.0801670909	-0.0012397153	-0.0584508699	-0.0209510381	0.0496078659	-0.085816137	0.0167843512	0.0316221912	0.0660352007	-0.0992669057	0.0242690305	-0.0525051337	-0.0556056659	-0.0838606132	-0.0808588103	0.0809641816	-0.0312116211	-0.1062765773	0.0951869602	0.0314476426	-0.0801453699	-0.0663112989	0.0281986967	0.0482769726	0.1015697533	0.0171158017	-0.034300568	-0.0267874703	-0.1440045522	0.0438525639	0.0491418881	-0.0235863805	-0.1076123162	0.2321065628	-0.0129894185	0.042235471	-0.0051859578	0.0788806754	-0.0078925525	0.0301095517	-0.1178488902	-0.0435935227	-0.0810158706	0.0258569249	0.0555167757	-0.0784961616	0.0165478424	-0.152791754	-0.1410271852	-0.0028178015	-0.0359403038	-0.0077241106	0.006305602	0.0659575957	-0.0642926991	-0.014646841	0.0203422052	-0.19624535	-0.0620917753	0.0254699587	-0.0626114447	0.0127400443	0.000300591	0.0209777666	0.0587642332	0.1026828528	0.0875632386	-0.0660116329	-0.033181886	0.0006458422	-0.0459229542	0.0656373748	0.0410351859	0.0871686638	-0.0655458847	-0.1237884281	0.1055399831	-0.0949954906	-0.1333902109	-0.0248650277	0.0502670361	-0.0307421079	-0.0014379857	0.0458181099	0.0439450934	0.1183230424	-0.1005038995	0.0193311327	-0.0417145645	0.0401979118	0.0337254096	-0.0064274445	0.1557991189	-0.0552587162	0.1428611648	0.1003783528	-0.07711872	0.0699352889	0.0490282047	0.0110823427	0.072186901	0.0201730382	0.0824741651	-0.0577154431	0.0059266039	-0.1110512084	0.032884349	-0.0154388535	-0.0289196859	-0.0062106952	0.0910422776	0.103402153	0.0726390112	-0.0063463812	-0.016274979	0.0582337596	0.0833564385	-0.0261243254	-0.0551619527	0.0366550871	-0.1342134398	0.1690672378	0.0441999427	-0.0711429468	-0.024089542	-0.1117437205	0.0732509554	-0.0291474125	0.1346431455	-0.0149809189	-0.1083737333	-0.167720723	0.0304342698	-0.0885234364	-0.0812673177	0.0418570888	0.0	0.0	0.0263296542983795	-0.0110211631793362	0.0001214660378255	0.0006932506954721	0.0955928190503385	-0.0197951794728653	0.0091379870539907	0.0003918491303629	0.4744937674539429	-0.0237771006468747	0.0005653505151716	0.2251443353526364	-0.0005788640936263	0.0003180938459624	3.350836388897978e-07	1.0118369483915108e-07	0.0004701669980402	-0.0008277071158962	2.2105700604613345e-07	6.850990697052056e-07	-0.0005768637335699	0.0002595539859176	6.73682716057137e-08	3.3277176710820453e-07	0.0	0.0
51.88555580867888	-0.0114555927219015	0.00013123060461	2692.1109015755305	60.01138729207656	0.3191696488283568	3601.3666047196084	0.1018692647332166	56.421492382776826	-0.0177955558831754	3183.3848026997434	0.0003166818091912	57.1277139482109	51.55585705351563	1.002099	32.914024	0.0745520540623851	0.0437496421538599	0.0649266058	-0.1141399132	0.0424146531	0.1245189764	-0.0099626993	0.0487153845	0.0294789388	-0.1071082226	0.1002985084	-0.0343440417	0.073801475	0.062843208	0.0540784543	-0.0315579954	0.0469368703	0.0210425136	0.0578656017	0.1689019475	0.078402042	0.0506230313	0.0356033362	-0.0588711932	0.1305511183	-0.0276960951	-0.0818315644	0.0447749096	0.0551135931	0.0197257457	0.0758278532	-0.109113908	-0.0251914524	-0.013863784	0.0871176819	0.0102271924	0.0096976428	0.0716917855	0.062744226	-0.0558249167	0.1202740649	0.0332338939	0.0186721371	0.0047109074	0.0268862674	-0.0269128516	-0.193434963	0.1636982828	-0.0148881646	0.0014057157	0.0409923724	0.0776721874	0.0724666574	-0.0771518045	-0.0734014666	0.0182375233	0.0558328776	-0.1489556327	0.0266914373	-0.0933513853	0.0280842656	0.0679361505	0.0569103558	-0.0715462471	0.0677986774	0.1697381153	-0.1184178779	0.0171933608	-0.0195101729	0.1322515993	-0.0973412649	-0.0949535034	0.0203702404	0.1243810989	0.0161861754	-0.0798100419	0.0836460836	0.0308491173	-0.0828581264	0.0223842875	0.015584752	0.0642585919	-0.0467908945	0.0685727439	0.1039338052	0.029516262	0.0868644888	-0.1153006243	0.0316072795	0.0494634893	0.1115167659	-0.0109101417	-0.0398031333	0.0852475865	0.1511767646	0.0273722711	-0.0861980695	0.0534085987	0.0093890796	-0.0251515665	0.0348221323	0.042604013	0.0599552159	0.0870101903	-0.0724062287	-0.0628706921	-0.0538405797	0.1070156115	0.0787753382	0.1222918554	0.1506814448	-0.0755982807	-0.089229301	-0.105180892	-0.0201076511	-0.0220414908	0.011739707	-0.0391223908	0.0751149579	-0.1117145465	0.0330381751	0.1169082159	-0.0098196799	-0.0858636355	-0.0368634814	-0.1374970497	-0.1505665574	-0.0019103095	-0.1657969056	-0.0178910946	0.0833896352	0.0752764133	-0.019009981	-0.0879320224	0.0746721998	0.1311602133	-0.0107428606	-0.0582613813	0.1322733857	0.0838355638	0.0973877243	-0.0878686868	0.0865438859	-0.0140798578	-0.0734880818	-0.0635695471	-0.0865422971	-0.058943444	-0.0459054461	-0.0509627127	-0.0802277213	0.0600871861	-0.1158343231	0.0498763477	-0.0074961879	-0.0889823049	-0.0151306228	-0.1644056262	-0.0163987981	0.0523190825	0.0169601707	-0.0304020802	-0.1105089001	0.0389551102	-0.0818021246	0.0286375605	-0.0905259858	-0.0775516848	0.048622297	0.0	0.0	0.0347182826388632	0.0083886283404837	7.036908543476636e-05	0.0012053591493919	0.1179273940484222	0.0223345749980836	0.0139068702670518	0.000498833240345	0.4745159104793757	2.2143025432797003e-05	4.903135753174948e-10	0.2251653492980709	0.0001066272206291	0.0006854913142554	1.1369364179086768e-08	4.698983419195956e-07	0.0005479754889332	7.780849089300003e-05	3.002771364715797e-07	6.054161255046069e-09	-0.0004640293847506	0.0001128343488192	1.273159027347546e-08	2.153232699120204e-07	0.0	0.0
51.89924728093133	0.0136914722524466	0.0001874564124395	2693.5318683272576	59.50755678523671	-0.5038305068398543	3541.149314548172	0.2538451796225044	56.45471201183127	0.033219629054443	3187.134508338806	0.0011035437545147	57.13330418225605	50.243430333830126	1.036037	34.028728	0.1240474664829172	0.0696665654180783	-0.1161965231	-9.75484e-05	0.0311585619	0.14241877	-0.0479528716	-0.0343853259	-0.0869498977	0.0392700864	-0.0261977879	-0.105907016	0.0052271035	0.0036305962	0.1146802963	0.0548408627	0.062556971	0.0934229673	-0.0123745484	-0.0247600411	-0.009381889	0.0358339854	0.2076350899	-0.0106999748	-0.0581295951	0.0727165018	0.0058723423	0.0673891667	-0.0467265877	0.0445505402	-0.0221833561	0.0167990686	-0.0199055025	0.0144887582	0.1157937014	0.1027367191	-9.70008e-05	-0.0415913363	0.0609668077	-0.0047801957	0.0927539287	0.1125853525	-0.0572979097	-0.0471902181	-0.0447274318	0.0315167155	0.0040236135	-0.1064248346	-0.0311239571	-0.0378385555	-0.0577999264	0.0397156328	0.0242495381	0.1630737567	0.0426099703	0.0841585108	0.039910195	0.0275720119	0.0282973243	0.0132800266	-0.0950199094	0.0359030671	-0.0129747411	0.0424791301	-0.0169401551	0.0896589507	-0.0677443677	-0.0574274036	0.1447346557	0.0752235404	0.0546280472	0.0104522694	-0.0387127628	-0.0526169995	0.0612525989	0.0360401554	-0.0443471747	-0.0894181846	-0.004903326	-0.0981515989	-0.0423205125	0.0460013185	-0.0033820898	-0.0406327693	-0.0156892817	-0.0120193069	0.0259320483	0.1271823028	0.0001973568	0.0026539376	-0.0303333789	-0.0187204687	0.0130583891	0.0581447311	-0.0055648839	-0.0611729805	-0.1023108147	0.0301898375	-0.0569192913	0.0008942414	-0.0032063155	-0.0292566292	-0.0618558481	0.0416707694	-0.0608587893	-0.0392197738	-0.0579653624	-0.0165279834	-0.013710155	0.0317943792	-0.071332372	0.0140998874	0.021179966	-0.030617667	-0.0389063796	-0.0685898234	0.1508534327	0.0830580787	0.0564060665	0.0694743023	-0.1170927384	-0.0114759641	0.0050653137	-0.0369200733	-0.1108897885	-0.0545138781	0.0180475268	-0.0134213842	0.019063103	-0.0354318519	0.044787499	-0.0341136692	-0.1739456839	-0.0431984818	0.0314450487	-0.0831076813	0.0848826515	0.0815200732	0.0046715351	-0.1100922907	-0.0810146483	0.037996937	-0.0172238701	-0.0857986397	0.006737287	0.1058888186	-0.0226651249	0.0567218435	0.0403931967	-0.0737979515	-0.0223841332	0.0193320804	-0.053697058	0.0950345897	0.1668093708	0.0425207299	0.0309443937	-0.0545267547	0.144791758	-0.0068214976	-0.0525101162	-0.0098621219	0.0098192183	0.1313755878	-0.0420960034	0.0268319309	-0.0924157511	-0.0736186857	0.0551452713	0.0	0.0	0.0440989683827268	0.0093806857438635	8.79972650251257e-05	0.0019447190124207	0.1175898172679978	-0.0003375767804243	0.0138273651251211	1.1395808268170213e-07	0.4266074261374015	-0.0479084843419742	0.0022952228719451	0.1819938960355784	-0.0005943104150539	-0.000700937635683	3.532048694415389e-07	4.913135691168741e-07	0.0010676056938954	0.0005196302049622	1.1397819176378783e-06	2.70015549909058e-07	-0.0003561828330627	0.0001078465516878	1.1630878710970884e-08	1.2686621056857122e-07	0.0	0.0
51.930759631657125	0.0315123507257979	0.0009930282482656	2696.803795920949	59.60757091593615	0.1000141306994422	3553.0625104983574	0.0100028263395651	56.44802882173936	-0.0066831900919055	3186.379957859918	4.466502980454444e-05	57.12238259748979	50.83491275190641	0.97484	32.018715	0.0524805937872352	0.0253353600136939	-0.0427102469	0.0654741051	-0.0629438398	0.1148973377	-0.1002433783	0.0315011252	0.0073501298	0.0212904664	-0.0953144843	-0.0680327454	-0.0696283869	0.0347173912	-0.1382072995	0.0510274337	0.0526126431	-0.0310843813	0.0673970248	-0.0036799033	0.0339092186	0.0479441721	0.0529217999	0.1530253267	0.0034475066	-0.1063906965	0.0058938116	0.0262229081	0.1123920166	0.033832512	0.0436314366	0.0106416092	-0.0141944036	0.0164816498	0.0970528689	-0.0568767412	0.0805944129	0.0395889717	-0.0949004587	0.0298763582	-0.0280671868	-0.0675059388	0.0422118005	-0.1268555324	0.0348943188	0.0372235556	-0.0924128714	-0.0842496832	0.0670568567	-0.0174197434	-0.1168630107	0.1076099487	0.0490374501	-0.1245013899	0.1044319826	-0.1375824176	0.0539330154	-0.0927478493	-0.033703096	0.0648832021	-0.1980495645	0.0392096095	-0.0220660981	-0.0838013553	-0.1236098015	-0.1415611608	-0.1517194119	0.0671713417	0.0762818979	0.0913366518	-0.0413970207	0.0422396312	0.1329873069	-0.0518777527	-0.0798310811	0.0501311109	0.0931109058	0.0353865282	0.0425483883	0.0237685427	-0.1282928293	-0.0538652663	0.0513585008	-0.1282980809	0.0378019327	-0.0397998481	-0.0632027023	-0.0548744482	0.0003819652	0.0857691561	-0.0295185718	-0.0940985539	-0.024774088	-0.0981851905	-0.1758318016	-0.0632740837	-0.0484927668	0.0280126106	0.0126025359	0.097936598	-0.0852342303	0.1024438938	0.1590071265	0.0948345519	-0.0413769726	-0.0355040979	0.0624805861	0.0612759591	-0.1176943244	-0.0068894313	0.1144172808	0.1089525692	0.0556902513	0.0155071197	-0.117117883	0.0886308179	-0.0784762845	-0.0798325878	0.0292013122	0.036495132	0.057792303	-0.0155902386	-0.0145941842	-0.1353463735	-0.1729200265	-0.1186581628	-0.0188227955	-0.0886149544	0.0284092272	0.0733234502	-0.1104034918	0.1151567301	-0.0057779383	0.041762273	0.1107084282	-0.0230553571	-0.0027952496	-0.0756448246	0.0048954423	0.0947858081	-0.0607655081	0.0965533084	-0.0597806802	0.0022096354	-0.0415354483	0.059829859	-0.0615782099	-0.0412972133	-0.041504315	-0.0630127553	-0.0120759555	0.0255364871	0.005046916	-0.1319363144	0.0423817041	-0.1690373756	-0.0381354287	-0.05501743	0.037609661	-0.0649547275	-0.0287869124	-0.0394266521	0.0548012833	0.1124368125	-0.105363331	0.0250179432	-0.0941903779	-0.0694793439	0.0613935146	0.0	0.0	0.0415637081903668	-0.00253526019236	6.427544242965266e-06	0.0017275418385339	0.125840668422839	0.0082508511548411	0.0158358738291069	6.807654477934435e-05	0.4180888535779274	-0.008518572559474	7.256607845102478e-05	0.1747982894861056	-0.0006568111355053	-6.250072045139998e-05	4.314008677237616e-07	3.9063400569440485e-09	0.0006721843153336	-0.0003954213785618	4.518317537805006e-07	1.5635806662371438e-07	-0.0005617789316607	-0.0002055960985979	4.226975575871851e-08	3.155955680578374e-07	0.0	0.0
51.9379633549292	0.0072037232720774	5.1893628980669685e-05	2697.5520374579687	59.56758245682334	-0.0399884591128127	3548.296879750448	0.0015990768622171	56.43096384899222	-0.0170649727471428	3184.4536809262668	0.0002912132948607	57.06910486842533	51.05574461935952	0.991626	32.570042	0.1156091858246741	0.0727830616410178	0.0232201878	0.0817363957	-0.0805208892	0.1446877204	0.0944695536	0.1061662406	0.0248244585	0.0912386618	0.0196968789	-0.0332470714	0.0709115205	0.0186795162	-0.0081242757	-0.0240624098	0.158702831	0.0355126834	-0.076900025	-0.1008903782	-0.0424974384	0.172189248	-0.0242925009	-0.0669324486	0.0169625559	0.113934304	-0.0190045556	0.1492094411	0.1207729209	-0.1100913661	-0.0604858822	0.039819041	-0.0427966023	0.083663862	-0.0993578696	-0.0277784794	0.0193757252	0.0893184647	-0.0491375819	-0.0174405009	-0.072314944	0.0272092285	-0.0992256997	0.1144525575	0.0044916074	-0.0342298076	-0.0269299796	0.1014309677	-0.0168694744	0.0724460732	0.0024339435	-0.0191534936	-0.0309973219	-0.1199452887	-0.0436497408	-0.0582683322	-0.0509992956	0.0272402595	0.0379811697	0.0152443314	0.0183336096	-0.0380672683	0.0189616264	0.0673541127	0.0897869141	-0.0033874248	0.0656306576	0.0126454131	0.1118998822	0.069727376	0.00276154	-0.0107593154	-0.0207908772	-0.0547481328	-0.0414596788	-0.049087495	0.0319791644	0.0529802421	-0.1141619327	0.1391748251	-0.0635316623	0.0319354214	0.0651286907	0.0132911629	0.0014990858	0.0266243946	0.1768622903	0.1205060891	0.0977416864	-0.0048782349	0.1330178166	-0.0436378669	-0.0016830021	-0.0431673064	0.1152853115	-0.047788657	0.1080548078	0.0785939974	0.0057190985	-0.0690621401	-0.0180638092	-0.0699477163	0.031895041	0.0232243045	0.0385821457	0.0403354908	0.1297568992	0.0249160819	0.04620615	-0.0445402244	0.0120260631	-0.0476841982	-0.1030053867	0.107211912	-0.014338943	0.0645853833	0.0302046251	-0.0395245947	-0.0464172829	-0.0670340676	-0.0637109862	0.010454436	-0.0420253846	0.0901119806	-0.0295817683	0.0106697415	0.0549872613	0.0849833267	0.05282078	-0.0122986186	-0.0162847471	-0.0271817279	-0.0435303907	0.0050409659	-0.0794637261	-0.0021392087	-0.105394549	0.0350889842	-0.0327507952	0.0655141589	0.0319020678	-0.0199823926	-0.0501920746	0.105330986	0.1176394618	-0.0814141317	-0.1394663212	-0.0036584744	0.036401859	0.1098843781	0.0501360669	-0.0454782846	0.0154905289	0.1491910087	0.0538125928	0.0525072373	-0.0936044255	-0.079439011	0.0242660592	0.0448100781	-0.0420231413	0.0059776571	-0.1515212577	-0.0660283934	-0.0388243193	0.0231961626	-0.0958476552	-0.0651452616	0.0673358985	0.0	0.0	0.0446614867335029	0.0030977785431361	9.596231902314423e-06	0.0019946483972468	0.1177892635438269	-0.008051404879012	0.0138743106061971	6.48251205257798e-05	0.4768517575224322	0.0587629039445047	0.003453078879991	0.2273875986522324	3.370355856152304e-05	0.0006905146940668	1.135929859710013e-09	4.768105427221983e-07	0.0005839879157654	-8.819639956819995e-05	3.41041885760016e-07	7.778604896793581e-09	-0.0006970098071861	-0.0001352308755254	1.828738969536625e-08	4.858226713136044e-07	0.0	0.0
51.97877224091637	0.0408088859871682	0.0016653651755136	2701.7927636730583	60.01495056356338	0.4473681067400434	3601.7942911469568	0.2001382229281709	56.49403605872779	0.0630722097355658	3191.5761102048355	0.0039781036409272	57.18390551889975	51.59213285859071	1.005249	33.017498	0.1498805767203833	0.1010300900808588	0.0902963573	-0.0509196811	0.0106385255	0.1762161423	-0.1029719907	0.0138969986	0.0555021557	-0.0938386146	0.0005737386	-0.0129985652	0.007658411	0.1171749301	0.0434273401	0.0769706418	0.0882703981	-0.0498727067	-0.0193135339	0.0262832949	-0.1489011457	-0.0530856899	0.0143590171	0.0253132348	-0.012380328	0.0402629842	0.119392831	-0.0102159533	-0.1571316269	0.0204932689	-0.0347687513	-0.0436630803	-0.0157874427	-0.0059294829	-0.0362757778	0.1989430086	0.0232287291	-0.071797948	0.0455651287	0.0172464233	0.0603977027	0.0539621906	0.0695430564	-0.1622999203	0.007808094	0.2953318043	0.1292484969	0.042440169	0.0054967151	0.0590561141	-0.0099303211	-0.01571689	0.1123431009	-0.0489947005	-0.0658142536	0.0339672718	-0.033732451	-0.0828533878	-0.052452341	0.0141825296	0.0338406493	0.0070486732	-0.0055330264	-0.0327670547	0.0644396862	0.0105212613	0.0324491086	-0.0014633146	0.0334200132	0.0309260542	0.1216297057	-0.0502195473	0.1842715997	-0.0427121313	0.0523351006	-0.0589203959	0.0920649656	-0.008093571	0.0527614837	0.0918791565	0.0074393211	-0.056826141	0.0040248551	0.0260285659	-0.0296899475	-0.0502396943	-0.126499469	0.0854054589	0.0135056496	0.0051899069	-0.0977637388	0.1279718191	0.0414856096	0.0444746906	0.0059594431	-0.1166866144	-0.1197404698	-0.0999533901	-0.0624862413	-0.0810470839	-0.0455513977	-0.0461708375	0.004497286	-0.1262508738	0.1400985203	-0.1849320198	-0.068456204	0.1240746877	-0.0590017691	-0.1570186014	0.0423292834	0.1182287488	-0.0058254102	0.0089789175	0.0268979535	-0.1021484667	-0.0607469477	-0.0094214785	-0.0267389562	-0.1014954219	-0.0157022376	0.0143248651	0.0494134068	9.86081e-05	-0.0234927917	0.0481686403	0.1097326249	-0.0842182058	0.0940557529	-0.0847622986	-0.0652431115	0.0665355966	-0.0265119894	0.0177637424	0.0819780076	0.1045674921	-0.011398721	-0.0415347283	-0.0262320921	0.0162640242	-0.0142965495	-0.084667031	0.0177539564	0.0266380978	0.1086756026	0.1614520634	0.0648136526	-0.004551481	0.0295520159	-0.0750020253	-0.1532692613	-0.1237963119	-0.1538170451	0.0431641618	0.205459604	0.0758728955	-0.2489669442	-0.0740723479	0.1058060325	-0.0149517165	0.0153208454	0.0577450464	-0.0893800102	0.0361418719	0.0313873143	0.0213671566	-0.0973855183	-0.0606285865	0.0729428184	0.0	0.0	0.0432686001222322	-0.0013928866112706	1.940133111857165e-06	0.0018721717565376	0.0995619387030046	-0.0182273248408223	0.0099125796383008	0.0003322353708528	0.4819913031239764	0.0051395456015442	2.641492899035261e-05	0.2323156162871489	-0.0018337099490836	-0.0018674135076451	3.3624921773681784e-06	3.487233208535462e-06	0.0010680028227452	0.0004840149069798	1.1406300293917152e-06	2.342704301786645e-07	-0.0005460218284761	0.00015098797871	2.2797369714931443e-08	2.981398371723835e-07	0.0	0.0
51.89950918315306	-0.0792630577633133	0.0062826323259903	2693.5590534521884	59.41776038491152	-0.5971901786518643	3530.4702491587605	0.3566361094782456	56.5163675126412	0.0223314539134165	3194.099796823926	0.000498693833887	57.16303723935323	50.76304622928524	1.061657	34.870213	0.150258316474566	0.0877017397879573	-0.0847482709	-0.1320608335	-0.0881435195	0.0886397751	0.06588711	0.1231069843	-0.1422457876	-0.1291826303	-0.0670770429	-0.0969690568	-0.0433587478	0.0094365906	-0.0819945688	0.0392830157	0.0733146842	0.0485968505	-0.0135155437	-0.0951665171	0.1421469227	0.1546846235	0.0486172934	-0.1802462348	0.0300601821	0.1038025695	-0.0596040055	-0.046263667	-0.0623633184	0.0694510321	0.0744292518	0.0655698619	0.0200563169	0.0885599021	0.0290134088	0.0720010282	0.1080956645	-0.145469647	-0.0582797885	-0.0160728215	0.0556184133	0.1090840046	0.1264268825	-0.0516657355	0.1046098671	-0.0358161229	-0.0204360154	-0.1166165354	-0.0079503189	0.0445759295	0.0383940124	-0.105250201	-0.025544204	0.0224474755	0.024664224	0.098175836	-0.1836988072	0.0032432458	-0.0689232129	0.0218262214	-0.0219107917	0.1254722763	0.0259770276	-0.1451139451	0.0332206381	-0.0263113697	0.1697909596	0.1029835815	-0.0328838349	0.162472472	-0.1113425131	-0.0195990195	-0.1592891961	0.0013927877	-0.0886267468	-0.0497318646	0.0965441153	-0.0258930308	-0.0090017233	-0.0081703033	0.008356336	0.0668849498	-0.1609623802	-0.0941603551	0.0577535711	-0.0683705407	0.049538834	0.0307913353	-0.0028667112	-0.0819458799	-0.051732689	-0.0872075876	0.0681040862	0.0834678134	0.1324465512	-0.0854174453	0.0108664881	-0.0922247132	0.0521619841	-0.105357077	-0.0208294136	-0.152385566	0.0318311941	0.0607440267	-0.0536358307	-0.0015997748	-0.1309045526	0.0047784184	-0.0910430367	-0.0534548526	0.0520235977	0.0760011598	0.0443848905	0.0312965606	0.0649742161	-0.0025963823	0.0562842371	0.0672405746	-0.2381360824	0.0291275319	-0.0348342256	-0.0093307787	0.0032428772	0.0593482743	-0.0421407496	0.1279552535	0.0049150886	0.0147770079	-0.20475176	0.0498349232	0.0305077197	-0.0109401464	-0.06672807	0.1547578694	-0.0215013346	0.0271929554	-0.0563711962	-0.091858243	-0.0571350768	-0.0815135564	-0.0982712349	-0.0349522381	0.0472880335	-0.0935036209	0.0165759395	-0.0157809961	-0.1382030866	-0.0770849134	-0.0962520373	0.0382422907	0.1139843972	0.0181195688	0.0809236287	0.1042568918	0.0209002477	-0.0729940842	0.0029626223	-0.0289547784	0.0801335942	-0.0659426024	-0.082333177	-0.0496756854	0.0465841684	0.0404076155	0.0373249735	0.0195314949	-0.0988020511	-0.0559419782	0.0781863408	0.0	0.0	0.037659587996373	-0.0056090121258592	3.146101702803556e-05	0.0014182445680565	0.1241091586008877	0.024547219897883	0.0154030832486202	0.000602566004715	0.4565025632207877	-0.0254887399031887	0.0006496758618524	0.2083945902271492	-0.0002522427436274	0.0015814672054561	6.362640171267825e-08	2.5010385219334423e-06	0.0008300765256215	-0.0002379262971237	6.890270383878608e-07	5.6608922862995206e-08	-0.0006188952168489	-7.287338837280006e-05	5.310530732932951e-09	3.8303128943844694e-07	0.0	0.0
51.91013474947209	0.0106255663190353	0.0001129026596002	2694.66208970835	59.73842179201503	0.3206614071035147	3568.6790382006966	0.102823738005606	56.544004776494965	0.0276372638537623	3197.224476164285	0.0007638183533224	57.19694649840391	50.72113676803738	1.052512	34.569847	0.0670588589615562	0.0381962488810992	-0.0992397775	0.0409848029	0.004770423	0.1601113893	-0.0553418896	-0.0373386822	-0.0493602852	0.0962419303	-0.0357368887	-0.0747246648	0.0825307384	0.1210237574	0.0552903979	0.0294161414	0.0626079589	-0.1130314645	-0.0274701759	-0.0488892568	0.0934258768	-0.0707667462	0.0471147277	0.1634771952	-0.1388431794	0.025054293	-0.0253160936	-0.1303724215	-0.1021576959	-0.0616933176	0.0028069346	0.1015514039	-0.0401879679	0.0296475461	-0.0285689098	0.0519384092	-0.0137403326	0.1307322757	-0.0396385399	-0.0538146007	0.0187633813	0.0213713497	0.0803625162	0.020340262	-0.072758063	-0.0149155538	-0.0378069139	-0.0381766465	-0.0128486416	0.0667956474	0.1559951775	-0.1340451158	-0.0425980325	-0.0754541208	0.0364191938	0.0740514444	0.0227012925	-0.0608646128	-0.0951487487	-0.013487487	-0.0480459526	-0.0908514764	0.0626066469	0.0005219319	-0.0372179951	-0.0733480632	-0.0739981433	0.0442431083	-0.0289229104	0.0327117648	0.0773494915	-0.1255444247	-0.0291856497	0.0189240026	-0.0833871029	0.0545354518	-0.0842111956	0.0922958559	-0.0523775556	-0.0135243933	0.0836054199	0.108583425	0.1459204547	-0.0527455073	-0.0527334648	-0.0285287114	-0.1357609324	-0.0036382303	-0.0042319033	-0.1063905895	-0.0273752151	-0.0664066621	0.0158294256	0.0521056017	0.1837795615	-0.021785825	-0.0236578092	0.0194180769	0.0746787082	-0.0593601284	-0.049397107	0.0266279608	0.0092833904	0.0214897217	0.0014185385	-0.1935813803	0.0236143829	-0.1148954361	-0.0131492071	0.0613818085	-0.0055495349	-0.0223926626	0.0021903178	0.1083006739	-0.0522385491	0.1301808679	-0.1048682871	-0.0156113928	0.0316288258	0.0334525688	0.1333484286	-0.1123853121	-0.0048944765	0.1168391698	0.0258246913	-0.0347794145	0.0086880936	-0.0686966153	-0.0061967287	0.015688123	-0.0883345513	-0.0743914768	0.0243754452	0.0599598913	0.053311468	0.0035566926	0.0306810708	0.0139014401	0.0601640697	-0.0934935805	-0.0003383786	0.0755481783	-0.0660024545	-0.1049738171	0.083769963	-0.0172236617	-0.0612905322	0.0877588814	0.1527698664	-0.0253940602	-0.0145169612	-0.0252323074	-0.109363519	0.0211311383	0.0722693372	-0.0929955451	0.0669686169	0.0340711341	-0.0752002096	-0.0145211038	-0.0404664567	-0.1106815826	0.1220719522	-0.0866156536	-0.0306389604	0.0176897492	-0.1000954889	-0.0510985726	0.0830403428	0.0	0.0	0.0346619218347967	-0.0029976661615762	8.98600241625957e-06	0.0012014488252815	0.1250957970259207	0.0009866384250329	0.0156489584335503	9.734553817515847e-07	0.4753583634333296	0.0188558002125419	0.0003555412016552	0.2259655736860134	0.0003092375128665	0.0005614802564939	9.562783936385876e-08	3.152600784324557e-07	0.0006353846423841	-0.0001946918832373	4.0371364377757067e-07	3.790492939852538e-08	-0.0007470981603657	-0.0001282029435167	1.64359947263718e-08	5.581556612218132e-07	0.0	0.0
51.8553744102984	-0.0547603391736899	0.0029986947464175	2688.9798552322304	59.65724582468125	-0.0811759673337846	3558.986979386448	0.0065895376725756	56.35093583305963	-0.1930689434353354	3175.427969261604	0.0372756169192367	57.04916117510458	51.17124848565576	0.969496	31.843172	0.0972635907076338	0.0667728061545661	-0.0227527084	0.0713469037	-0.0717743116	0.0956479844	-0.0458973562	0.0520615024	-0.0416402731	-0.0125282891	-0.0573760764	-0.0279840187	-0.1059957648	0.0050889862	-0.0643896691	-0.011465246	0.1356826817	-0.0346585146	-0.0521361861	0.0407538873	-0.12736649	0.0378764943	-0.0175416715	0.0526107414	-0.0005838276	-0.0929448173	-0.0470426433	-0.1121232105	0.1796533327	0.0179558549	-0.1082117437	0.0623685345	-0.0029647294	0.0366141749	0.0436754981	0.0063629171	0.0449142461	-0.0850029535	0.0336444655	-0.0449429205	0.0172129016	-0.1867003562	0.0286512744	0.0134699014	0.0011049505	0.0570129336	-0.0416725491	0.1107522677	-0.053110197	-0.0340867693	-0.0446790085	0.0797385894	-0.0060068487	-0.0336099599	0.0930996972	0.0028960103	-0.0414268913	-0.0100182417	-0.0419271579	0.0971462257	0.0812942149	-0.1319764523	-0.0703677166	0.0441533237	0.0554846691	-0.1069968119	0.1433610736	-0.0178715891	0.0719881823	0.0317356951	-0.078980366	-0.1043564364	0.0150291054	0.0927847014	0.009334521	0.1416066505	0.0814632377	0.0979517244	-0.0994742143	-0.0537367283	0.0621632291	-0.0341084158	0.0486369793	-0.0786384788	0.0339695028	-0.1083383534	0.0411057562	-0.0455386664	-0.0515281663	-0.1971618222	0.0402334636	0.0331131351	-0.1264936209	0.063308104	-0.0685510333	0.026225324	0.0426810031	-0.0364313693	-0.064147383	0.0799168617	0.0452890199	0.0290418195	0.216023859	-0.0352414198	0.0393723726	-0.002197281	0.0926871028	0.061538918	0.0572193644	0.0529502443	-0.0623662544	0.0055915778	0.0598999831	-0.1120696103	0.0745670755	0.0380048693	-0.0697637201	-0.0112967778	0.0105042687	0.0569073863	0.0526373495	0.0291820881	0.1025685428	0.1091277748	-0.0159430206	0.0947644028	-0.0104616268	0.123926179	-0.02326426	-0.0752740063	-0.020952652	0.022569849	-0.0663838977	-0.0470342648	0.1322243326	-0.0592892107	-0.0703119286	-0.068306757	0.0919357428	0.0919319389	0.1251148524	0.0831329166	-0.0861857064	0.0137327829	0.0587400465	0.0963426266	-0.0320510877	-0.0535506526	-0.0742604308	-0.0560859395	0.0823230786	0.045883359	0.0717473022	-0.066876763	-0.0457805811	-0.1607316974	-0.037685264	0.0047503173	0.0311660621	-0.0222970463	-0.1076201207	-0.0953580412	-0.0235998424	-0.0278066842	0.010895484	0.0158424933	-0.1012642201	-0.046111945	0.087480642	0.0	0.0	0.0404227225005939	0.0057608006657971	3.318682431104945e-05	0.00163399649436	0.1255645784902839	0.0004687814643632	0.0157664633714426	2.197560613305212e-07	0.4380516661855012	-0.0373066972478284	0.0013917896595411	0.1918892622478937	-0.0006882368494773	-0.0009974743623437	4.736699609784397e-07	9.9495510353317e-07	0.0006522785447824	1.6893902398299994e-05	4.254672999834455e-07	2.854039382432863e-10	-0.0008072761222165	-6.017796185080009e-05	3.621387092516351e-09	6.516947375009096e-07	0.0	0.0
51.89122686821062	0.0358524579122203	0.0012853987383475	2692.699425888104	60.057945465659074	0.4006996409778267	3606.95681355608	0.1605602022797592	56.39454127730225	0.0436054442426225	3180.3442858773474	0.0019014347675964	57.10569134864452	51.185179513126776	0.973833	31.985619	0.1340781844662095	0.0689609274327331	0.0744190468	0.0362207303	-0.0059098452	0.0305622657	-0.0130112488	0.0143563173	0.0574772336	-0.0245556134	0.0157461038	-0.0242423319	0.0529009732	-0.0258428042	-0.1001700793	-0.1192744398	0.1063507832	0.0024745144	-0.0447995168	-0.0245747959	-0.077832129	-0.0052467316	-0.0014273944	0.0062912387	0.0098862774	0.0464249132	-0.0554943976	0.0595282802	0.0295554728	-0.0560055223	-0.0284193131	0.0145945922	-0.0016170029	-0.0835935637	-0.0147547285	0.16721624	0.0455885734	-0.0477843246	0.0181169888	-0.1282869638	0.0179959034	0.0636932615	0.0351218305	0.0965854494	-0.0687171728	-0.0351703764	0.0406361774	-0.0136647181	-0.1019402644	-0.0545753783	-0.0676646482	-0.0818668612	0.0211929958	0.0463489545	-0.0545592303	-0.0363791145	0.0833004321	-0.0074320013	-0.0985245262	-0.0630282243	0.1629740865	0.0305332579	-0.0464242939	0.1017588613	-0.0701185444	0.000416477	-0.0043508186	-0.0565311307	-0.0074027136	-0.0294517513	0.0852115187	0.0413237836	0.044626325	0.0625257851	0.0243435562	-0.0912906307	0.0622575753	-0.1268556946	-0.0849632508	0.0714898366	-0.1164288059	-0.012922424	0.0256630565	-0.0334892369	-0.0799245203	0.0751834043	0.099080838	-0.0120319983	0.0459945432	0.0207190519	0.0504146232	0.0764049388	-0.0213447019	0.1376130192	0.0442919489	-0.0390839262	0.0144505914	-0.1123230283	-0.0276560517	-0.0722357164	0.0059761642	0.0311242125	-0.0135979677	-0.0184447473	-0.0026018724	0.0289971922	-0.1453349052	-0.0927342126	0.1061102017	-0.0348241793	-0.0315302298	-0.0661419898	-0.0011002515	-0.026105067	-0.1124568453	0.0256900447	-0.063248327	-0.0187504722	0.005744788	0.0444756995	0.041242576	0.0886681701	-0.0234414457	0.1178330945	-0.0613467934	0.0685410297	0.1592488096	0.0235650829	0.0839187972	-0.0192227491	0.0535709487	0.0691366751	-0.0233339176	-0.0816046211	-0.1031135055	0.0112451353	0.0670294374	-0.0496942621	-0.0250434189	0.1860133449	0.0522200608	-0.0498935002	0.0092153735	0.0918345394	0.0999397112	-0.0796410727	-0.0894833257	0.0318915904	0.0490189574	0.0222722891	-0.0125220404	-0.0021351103	0.0513603013	0.0270705928	-0.0144964142	-0.0176375732	-0.0892047773	0.1188255245	0.0403635703	0.0599550711	-0.0899536922	-0.1114113417	0.1103577078	-0.0657556796	-0.1735972055	0.0139903026	-0.1023067888	-0.0409960724	0.091485117	0.0	0.0	0.0521106070088563	0.0116878845082624	0.0001366066442784	0.0027155153628314	0.0997048855016231	-0.0258596929886608	0.0099410641928917	0.0006687237214677	0.4936457107230225	0.0555940445375213	0.0030906977880399	0.243686087715238	-0.0002331883589245	0.0004550484905528	5.437681073790144e-08	2.070691287543817e-07	0.0009005801341923	0.0002483015894098	8.11044578101821e-07	6.165367930348254e-08	-0.0006918949535439	0.0001153811686726	1.3312814084254994e-08	4.787186267395154e-07	0.0	0.0
52.02599125466743	0.1347643864568084	0.01816143985708	2706.703766030732	59.62216241091968	-0.4357830547393959	3554.8022505540835	0.1899068707979993	56.65476532977262	0.2602240524703703	3209.762434571606	0.067716557484102	57.32799120297497	50.7484670564449	1.00966	33.162365	0.0954986446787594	0.0560995636146774	-0.0347718832	-0.10518703	-0.0487917443	-0.072604981	-1.44766e-05	0.102163814	-0.1171509715	-0.0713065989	0.1174931358	0.0084281753	-0.0247932222	-0.0963745447	-0.0129662773	0.0971112993	-0.0111046954	0.0096187767	0.1759493559	0.0387416981	-0.0983104039	0.0888084077	0.0119594865	-0.1603738507	0.0166773616	0.118290298	-0.0052033783	-0.0353692755	-0.0213052246	0.0265485081	0.0219062541	-0.0651339461	0.0871602989	0.0739037339	0.0185644901	-0.0297345612	-0.0865202533	-0.0024516502	-0.0325757336	-0.027429699	-0.0237299783	-0.0445564197	0.0545367507	-0.0114545922	-0.0683305742	-0.0212383927	-0.0170637411	0.1501443061	0.0516421563	0.0337852859	0.0278520619	0.0737803839	-0.0346649151	0.1685260272	-0.0945681907	-0.1560987785	0.0424496954	-0.0111635563	0.0416249661	0.1645880667	-0.0298682571	-0.0552351346	0.0417235916	0.0347398868	0.0571271108	-0.0142258279	-0.1366665289	-0.0704153791	0.0181208235	0.0741784557	0.1243901232	-0.1007530113	-0.0341713698	-0.0014644007	0.0864281817	0.0452891313	-0.0736701331	0.1166621232	0.0875879312	-0.1269256498	-0.0993819122	0.0553287796	-0.1279350081	0.0486848027	0.0759675042	0.0009374851	-0.0368599259	0.1007043024	0.0578671462	-0.0315555672	0.0112801951	-0.0496053596	0.1197358596	0.0510667461	-0.0182371269	0.0966221296	0.0144799607	0.0445919514	-0.0280290083	-0.0753583013	-0.0997533454	0.0292942854	0.0612941373	-0.0635724816	0.0775033093	0.0047106489	-0.03165388	0.066344294	0.1315224738	0.0603529731	0.08459724	0.1305848787	-0.1145403354	-0.0100456432	-0.1243677173	-0.0666865156	0.0362439951	0.0749496605	0.0959353298	-0.0601082574	-0.1396414595	-0.0541650362	-0.0194971166	0.042431377	0.0728226143	-0.0276135768	-0.0116503269	0.132151014	0.0412550435	0.080034154	-0.0335421525	-0.0313690402	0.0652140067	0.0351185046	0.0513686194	-0.0356075723	0.0856598985	0.1949632739	0.1050925787	0.01343465	0.04559365	-0.0524954005	0.0391553274	-0.0707303417	0.0752178874	0.1059474638	-0.0414580591	-0.0492298593	0.0133040207	-0.0160139752	0.0504179168	-0.050256888	0.0144828991	0.1155828531	-0.0709275577	-0.0142838737	-0.0302190688	0.1407060642	-0.0322583543	0.0278974449	-0.0064535297	0.10656152	0.1106224514	-0.0068630076	0.0134962526	0.012133754	-0.1032218959	-0.0357652936	0.0950338178	0.0	0.0	0.0402384844559406	-0.0118721225529156	0.0001409472939114	0.0016191356313109	0.1084954626693246	0.0087905771677015	0.0117712654198308	7.727424694131491e-05	0.4439525269135203	-0.0496931838095022	0.0024694125171249	0.1970938461528999	-0.0005442463616642	-0.0003110580027397	2.962041021847192e-07	9.67570810684112e-08	0.0007211920339271	-0.0001793881002651	5.201179497999074e-07	3.2180090516757434e-08	-0.0007043040735118	-1.2409119967900098e-05	1.5398625837773694e-10	4.960442279653151e-07	0.0	0.0
52.04201581175761	0.0160245570901764	0.0002567864299363	2708.371409751229	59.98122246125165	0.3590600503319692	3597.747047946159	0.1289241197443962	56.63240398091378	-0.0223613488588441	3207.229180657419	0.0005000299227869	57.30615823782591	51.12958059670539	0.987895	32.447495	0.1159269624335244	0.0535315937764184	-0.1191719096	-0.0089580502	0.0477350833	-0.0394980384	0.0611372214	0.0184437602	-0.0962522319	0.0615601559	0.1142206254	-0.19958257	-0.0269274557	-0.0357847117	0.0509497937	-0.0314671126	-0.0885704054	0.0827741001	-0.0194089536	-0.0498915488	-0.022722406	-0.1041056798	-0.0798141673	-0.0056267832	-0.0530936568	0.0448283608	-0.0643462447	-0.0191278966	-0.0249655479	0.1080768112	-0.0016974361	0.016359909	0.0145295357	-0.0196631548	-0.1013667966	-0.0290017621	-0.1292149526	-0.0182293056	-0.114929855	0.11331223	-0.0583913024	-0.0881248087	-0.1143676097	0.0406625805	-0.0029968072	-0.0772026386	-0.0171126321	0.0671114243	0.0126423997	0.0190510725	-0.0523092229	-0.0460599854	0.0209631895	0.0961243157	0.0436545568	0.0356734685	-0.053909505	-0.062847943	-0.0733373464	0.01292257	0.0595860347	-0.1223988165	0.0438666256	0.0890592584	0.0281776567	0.1615840968	-0.0922801344	-0.0519191357	-0.0282475442	-0.0497544144	0.1699989596	0.0956698287	0.015578797	-0.1001615404	-0.0319852791	0.1950111662	0.035939958	0.0379105402	-0.0329260204	0.0660333523	0.0970416601	0.0573143849	-0.0213454511	-0.0501707539	0.0312314912	0.0658334786	-0.0109975335	0.0940873993	0.0014383354	-0.0085107593	-0.0542826975	-0.0126931903	0.1113904438	-0.0776583357	-0.0293918466	0.1349422822	0.0252615737	-0.0378945054	-0.0600623908	0.1608649799	-0.037021521	-0.0266240803	-0.0400016506	0.0195505068	-0.0473560372	0.0269619533	0.0566092037	-0.0697414387	0.1000416781	0.0288305722	0.0097503785	-0.0306641302	-0.0064423823	-0.0590216815	0.090804085	-0.024436103	-0.060766626	0.0081426738	-0.0693993037	0.022331016	-0.0115502904	0.0847120698	-0.012205418	0.0120827801	0.1704208611	-0.0832370285	0.1568428982	0.000354252	0.1485340169	-0.0049859951	-0.0128967245	0.0286400008	-0.1286937758	0.0362940522	0.1223517836	-0.0524504819	0.0642197807	0.0826079426	0.0714206047	0.0614240704	-0.1598450415	0.021343195	-0.0282838208	-0.1358692918	0.0503671606	-0.0275849699	-0.1151473468	0.040684402	0.0813745999	-0.0398199948	0.1926389427	-0.0804820116	0.0410597888	0.0772898921	-0.01172618	0.0632955871	0.0386095562	-0.040248992	0.0405683064	0.1142864896	-0.0292329605	0.0185901845	-0.0996026461	0.0243062031	0.1187043961	0.0102734258	-0.1040084014	-0.0304342698	0.0981090648	0.0	0.0	0.0573359466895198	0.0170974622335792	0.0002923232148286	0.0032874107827834	0.1201652266085915	0.0116697639392669	0.0144396816858941	0.0001361833903982	0.4731246173215666	0.0291720904080463	0.0008510108587752	0.2238469035156788	-2.4994753367758448e-05	0.0005192516082964	6.247376959150722e-10	2.696222327184411e-07	0.0012710122471817	0.0005498202132546	1.6154721324858748e-06	3.023022669033338e-07	-0.0007949851690134	-9.068109550159992e-05	8.223061081370283e-09	6.320014189512641e-07	0.0	0.0
51.915822181581845	-0.1261936301757629	0.0159248322969372	2695.2525927896254	59.75058037711975	-0.2306420841318939	3570.131855402648	0.0531957709727036	56.44296184546656	-0.1894421354472157	3185.807941888794	0.0358883226828012	57.17778010494639	51.40806270478158	0.964382	31.675219	0.0956742061353636	0.0539478492793544	-0.0253317194	0.0572073532	0.0093505595	-0.0922678608	0.0098945392	0.0116293263	0.0164719034	0.0530023717	-0.0391442193	-0.0847145905	-0.0718650025	-0.0214822445	0.0194560767	0.060981792	-0.1495681175	-0.0355591272	-0.1020846479	0.0659445206	0.0776055504	0.0785921013	-0.1278959587	0.053104518	-0.0900545457	0.0151278679	0.0066145584	-0.0434838281	0.0922901492	-0.021100787	0.0153752306	0.032540245	-0.0138654687	0.0564491091	-0.1788011028	-0.0084361808	0.0871435508	-0.0837491703	0.0173167162	0.115189376	-0.0593937149	-0.0643145238	0.1071382437	-0.0765431759	0.0448434079	0.0430934451	-0.0235022475	0.0340335788	0.1188789721	0.0179808487	-0.0126103806	-0.1656977243	-0.0057834714	0.0785290243	-0.0969222496	-0.0145328134	-0.0459221393	-0.0476031402	0.0583150318	-0.0006121576	0.0166536997	-0.0207694277	-0.0041620661	-0.0105722427	-0.1021434054	-0.013121617	-0.0798959079	-0.0659108519	-0.060442134	0.0521551211	-0.0330028382	-0.0598058362	0.0701777616	0.0447761663	-0.0142067325	-0.0856749105	-0.027565709	-0.1262671578	0.0908475722	-0.1117184635	0.0443826835	-0.0233864753	0.0111549909	-0.054705609	-0.0013885206	0.029661094	-0.076954638	0.0513046994	-0.0275596741	-0.1607755452	0.0645420708	0.00323602	-0.0696564727	-0.180046376	-0.0483778758	-0.0320276458	0.0980234395	-0.1490525263	0.0347523993	0.088062671	0.0538897613	0.0603434912	-0.0143541986	-0.0639880146	-0.0316305959	-0.0679653977	-0.0620389324	-0.0175378058	-0.0196970807	0.0035097946	0.0842299305	0.0245957965	-0.0121178089	-0.0325079865	0.1576459532	0.1417888584	-0.0847173508	0.0061683989	-0.0633774662	-0.0636728115	-0.1086050782	0.0230456783	-0.0447593027	0.0191341798	0.0788125587	-0.1496012423	-0.0292805142	0.0014656253	0.0656896429	0.0323671458	0.1474366403	0.021958671	-0.055249642	0.014775204	0.012053145	6.74886e-05	-0.1080599567	0.0946479033	-0.0113455865	0.0381268896	-0.0262417961	0.0689497754	-0.0427744991	-0.0360694651	-0.0974967863	0.1055047345	-0.0115528455	-0.0922784095	0.0036441842	0.0096627651	0.0219303498	-0.0264909151	0.0135036443	-0.0873603436	-0.0721726725	-0.0304208163	-0.0519470274	0.0128065169	-0.0982426904	0.0946161645	-0.0853456293	-0.026825618	-0.0830505171	0.0481538179	0.0240302414	0.0084098975	-0.1046653254	-0.0250179432	0.1006955375	0.0	0.0	0.048865684274304	-0.0084702624152157	7.174534538261737e-05	0.0023878550995959	0.1159538415084853	-0.0042113851001061	0.0134452933605749	1.77357644613965e-05	0.438467816152162	-0.0346568011694045	0.0012010938672956	0.1922540258012461	-0.0007058233646215	-0.0006808286112537	4.98186622045615e-07	4.6352759790169843e-07	0.0013428567528581	7.18445056764e-05	1.8032642586966e-06	5.1616329958862735e-09	-0.001009027201096	-0.0002140420320825	4.5813991498048745e-08	1.0181358925516277e-06	0.0	0.0
51.865736937267776	-0.0500852443140686	0.0025085316979999	2690.054668045863	59.69460740063917	-0.0559729764805823	3563.446152716445	0.0031329740960958	56.535292110854776	0.0923302653882132	3196.2392540596784	0.0085248779066578	57.22695804615061	51.099060013230535	0.9530050000000002	31.301548	0.143553420822891	0.0768666633157991	0.0312503279	0.076538116	0.0715249017	-0.0766279186	0.036065087	0.0392118582	0.0576809491	0.0250457554	-0.0540858336	-0.0199319589	-0.025255754	-0.0574700162	-0.006543496	-0.0719535036	-0.0955514587	0.107062202	0.0246963684	0.0418102548	0.0827564375	-0.0313779254	-0.0389284608	-0.0508013634	0.0399466736	-0.1648535299	-0.058701771	-0.0610945917	0.0120639517	-0.0370636893	0.0214965478	0.0218832509	0.0273658177	-0.084816703	-0.0490048784	-0.0760197131	-0.1716919762	-0.0230424462	-0.0380208906	-0.0240531462	-0.0849143554	0.0425723417	-0.109838026	0.0710433764	0.0987927162	0.0140321775	-0.0799698051	0.0784320944	-0.1537825017	-0.0655227105	-0.0280575417	-0.1026754729	-0.0574730515	0.0703009528	-0.0951529193	-0.0413021975	-0.061244972	0.0765150671	0.0748847438	0.0690962245	0.0466263267	0.1115382695	-0.0607861312	0.0403078264	-0.0029069905	0.1220320145	0.052900388	-0.0382235832	-0.122703076	0.1370714672	0.0992187535	-0.0403263766	0.0588993923	-0.0167466216	-0.0387379611	0.0542239314	-0.0037890662	-0.0631653037	-0.0741019191	-0.0063201976	0.1053518145	-0.0823079009	0.0048561888	0.0092951774	-0.0281174687	0.0102300789	0.0718637755	-0.1049086459	-0.073873806	0.0195137246	0.0349515481	-0.074097312	-0.0208444214	-0.0375305191	0.0095962037	0.1736573056	-0.0050554045	0.0540455544	-0.0764970197	-0.0075905687	-0.0433004094	-0.0756438329	0.0036648122	-0.1132066838	-0.0378493572	0.0339189614	-0.044014465	-0.0060891627	0.1046075046	-0.1198543803	0.0266515986	-0.0901103798	0.030309487	-0.0389902134	0.1015279605	0.0113999811	0.0696859737	-0.0174437229	0.0379762009	0.1573088058	-0.0393697702	0.0819344073	-0.0829200698	0.1452952357	0.1596339629	-0.0155820483	-0.0636279428	0.0355321217	-0.0609152386	0.0956666343	0.0944575247	0.0458816398	0.0469112599	-0.0120335196	0.1177718896	-0.0991100998	-0.0729279974	0.0553651617	-0.092927689	0.0028249806	0.0572156367	-0.0034003234	-0.0184675884	0.1157021626	-0.1039341822	-0.1061931962	0.0131308828	-0.051613245	-0.0571608903	-0.0344364941	0.0886159446	0.1125896251	-0.0131754207	0.063092864	0.013025439	0.0648073153	0.0201330276	0.027147571	-0.0100427368	-0.0397359029	-0.0093598029	-0.0342912192	0.0375370052	0.0429541354	-0.1635092378	0.0065437496	-0.1051918494	-0.0195314949	0.10278035	0.0	0.0	0.0381838568095957	-0.0106818274647083	0.0001141014379857	0.0014580069208557	0.1250928481674265	0.0091390066589411	0.0156482206626388	8.352144271217157e-05	0.4913214154609235	0.0528535993087614	0.0027935029598911	0.2413967332905254	0.0001308872710079	0.0008367106356294	1.713147771189546e-08	7.000846877753547e-07	0.0009799501712279	-0.0003629065816302	9.603023380895904e-07	1.3170118699051706e-07	-0.000791064670546	0.0002179625305499	4.7507664723759646e-08	6.257833129860515e-07	0.0	0.0
51.861785516519966	-0.0039514207478106	1.561372592622832e-05	2689.64479696152	60.02531135783476	0.3307039571955883	3603.0380036050074	0.1093651073048215	56.46898427455545	-0.0663078362993232	3188.746184999991	0.0043967291546978	57.195609531662	52.11423612853002	0.965432	31.709682	0.0557924619160922	0.0290862448401289	0.114829158	0.0179612499	-0.0166287192	-0.11500434	0.0005490653	-0.0774261311	0.1231141875	0.0060328266	0.0441863031	0.0395419804	0.068053704	-0.013393036	0.0324091167	-0.0028197296	-0.0984621656	-0.025204543	-0.0328299079	-0.011730755	0.0246605455	0.0302189466	-0.0029242807	0.0262657045	0.0553869806	-0.0610576538	0.0953450425	0.1031241412	-0.0160100953	-0.1487166734	-0.0493864952	-0.0532409283	-0.0376188689	0.0549622323	0.03041291	0.0177005094	0.0291487815	0.0296970753	-0.1082343679	0.0740740934	-0.0255869213	-0.0433773628	-0.1709045168	0.0139588171	0.0709272064	-0.0311402543	0.0299423582	-0.0176413213	-0.0052311717	0.1139706813	0.1772266688	-0.0170976454	0.0006138767	-0.1006900336	-0.0731991889	0.0498447082	0.0341756108	-0.1656881861	0.0275434639	0.0474707193	-0.0655221512	0.0729447896	-0.0991606703	-0.0364655691	0.0066669902	-0.0990394573	0.039854133	-0.01671235	0.0699673964	0.0214467178	-0.0152852033	0.1156984301	0.0695489086	0.0317533899	0.0456463584	0.0444172729	-0.1160962813	-0.0115814256	0.1282472123	0.0974990828	0.0241316924	-0.0350418222	0.0679798437	0.1736152019	-0.0427494604	0.068769215	0.0844513045	-0.0460744252	-0.0293334519	0.1148364459	0.0226838871	-0.0010900773	0.0576202937	-0.0400512278	0.0053618563	-0.1896147458	-0.0152266665	0.0695674771	0.0061942468	0.0753325166	0.0487054584	-0.0283196024	-0.1197822165	0.0502817637	-0.0005241382	-0.0821770277	0.1134033012	0.068511681	0.0522828123	-0.0492017782	0.0472338173	0.0877342843	-0.0690785619	0.0591471684	-0.0164018538	0.0185030171	-0.0428590618	0.0244522831	0.0111459501	0.0273001959	0.0457444221	0.0781317507	-0.0462334315	0.0464506198	-0.0004832459	0.0443200316	-0.0724703925	-0.0189839042	0.0417809815	-0.0127458355	-0.2138146065	0.0161626669	0.1055426559	-0.0249585462	-0.0210423362	-0.1117570658	-0.1189089449	-0.0626064355	-0.0063318532	0.0177694206	-0.0604530904	-0.079480995	0.0329081496	0.0654452353	-0.1120843852	0.0193498687	0.0590836974	0.0433781189	0.0735031707	-0.0117784705	-0.0609396756	0.0023488491	0.031659273	-0.005507154	0.0077266218	-0.0448628099	0.0023095258	0.0439079518	-0.0223348715	-0.0389209211	0.074157119	-0.0887891472	-0.0006033032	-0.0806708062	-0.0174261617	0.0046755634	-0.1055873175	-0.0139903026	0.104353116	0.0	0.0	0.0450353922170876	0.0068515354074919	4.69435374401152e-05	0.0020281865521469	0.1158227315429485	-0.0092701166244779	0.0134149051420699	8.593506223142324e-05	0.4846323597480761	-0.0066890557128473	4.474346632957633e-05	0.2348685241149886	-0.0003291420291491	-0.000460029300157	1.08334475352387e-07	2.116269570029392e-07	0.0008411425086032	-0.0001388076626246	7.075207197792845e-07	1.9267567203332517e-08	-0.0008518627911898	-6.07981206438e-05	3.6964114738180604e-09	7.256702150136768e-07	0.0	0.0
51.76847841569575	-0.0933071008242123	0.0087062150642197	2679.975357476357	59.75892216636535	-0.2663891914694076	3571.128778485712	0.0709632013317247	56.48342611120759	0.0144418366521392	3190.3774252602475	0.000208566645887	57.17000384047447	51.39040351819726	0.962449	31.611725	0.0409334269349043	0.0247958445324709	0.0702170132	-0.1041296101	0.1491193281	-0.0543061713	0.0414420583	0.0263732653	0.0648366138	-0.1338297384	-0.0252854182	0.099294371	-0.0365305778	-0.0153579827	0.0624435323	-0.0551529412	-0.0702624792	0.0885547752	-0.0371444979	-0.0341005888	0.0571548169	-0.0193574661	0.0168155156	-0.0475630085	-0.037013543	-0.0395910357	0.0715313309	0.079300519	0.0209704478	0.0908979202	-0.0584480912	-0.0005133772	0.0571507454	0.0161289975	-0.1392423819	0.043472801	0.1022040396	0.0133939837	0.0298453542	-0.0548805977	-0.072874686	0.041487707	-0.0264206959	-0.1674766087	0.0674838203	-0.0614966098	-0.1383919754	0.00036525	-0.0656385652	-0.1085683232	0.0704592015	0.0024738651	-0.1256748104	0.0737731449	-0.0119210883	0.0117137271	-0.0114423746	0.1197425198	-0.0244321866	-0.0321914767	-0.0980950905	-0.0043696842	-0.0081963725	0.0311125628	0.0852544103	-0.0239582184	0.0713484068	0.0031713263	-0.0273457781	0.011231124	0.060863169	-0.0556346381	0.0200250712	-0.053969741	0.0537990865	0.0691539175	-0.1085201885	0.0455113484	-0.020250259	0.1228209262	-0.044677518	-0.0815201376	-0.1079016371	-0.0815900041	-0.0480041945	-0.0641452277	0.0318680975	0.0625360596	0.0552909633	0.0439420081	0.0715867395	0.0580705994	-0.0073728244	-0.0405914189	0.0522347179	-0.0393536372	0.0336803276	0.0476372364	-0.0256808949	0.0958829604	0.0203510533	-0.0452785244	0.0986716772	0.026727942	0.0551278755	-0.0680712431	-0.076317717	-0.1411267822	0.005345514	-0.0614939694	-0.0008433558	0.0367283696	-0.0543237496	0.0811463588	0.0712790604	-0.0488635999	0.0987850658	0.0079019247	-0.0218217788	0.1037583925	0.0731275511	-0.0821169439	-0.0821146446	-0.1200028807	0.069547805	0.1151382164	-0.1055605558	0.0557763052	0.0252474593	0.0245555206	-0.0402138871	-0.0014564306	-0.008380747	-0.0379537365	0.0863154551	0.0283117479	-0.0536122647	-0.0107898007	0.0023558051	0.0381642644	-0.1043693618	-0.0824455128	0.0597489566	-0.0209800599	-0.0830380426	-0.0170811167	0.0858080913	-0.1487228854	-0.0377474597	0.031634793	0.0210107064	0.0779188547	-0.0572699677	-0.0210366005	0.0331031949	-0.0403238666	-0.0466658487	-0.0075541697	-0.0269603555	0.0015409123	0.0060253128	-0.0189886711	-0.0580467592	-0.0023208696	-0.0600209764	0.0028059207	-0.1058512369	-0.0084098975	0.1054060001	0.0	0.0	0.0414019719701173	-0.0036334202469702	1.3201742691093691e-05	0.0017141232830143	0.1161193805343003	0.0002966489913518	0.0134837105356696	8.800062407004197e-08	0.4848790638421434	0.0002467040940672	6.086291002956523e-08	0.2351077065524333	-0.0004048113106192	-7.566928147009999e-05	1.6387219720523444e-07	5.7258401582012185e-09	0.0012482219659584	0.0004070794573551	1.558058076301053e-06	1.6571368460060405e-07	-0.0011042471244148	-0.0002523843332249	6.36978516574278e-08	1.2193617117783545e-06	0.0	0.0
51.78750004208303	0.0190216263872784	0.0003618222704172	2681.94516060875	59.28250436731838	-0.4764177990469704	3514.415324061123	0.2269739192487595	56.48071227485328	-0.0027138363543102	3190.070859074762	7.3649077579757714e-06	57.17167860589543	50.24058036151545	1.014696	33.327782	0.1088708818278746	0.0523875689840141	-0.1041242213	-0.042291	0.063297285	-0.1305218164	-0.0646517021	-0.0915946309	-0.1247125901	-0.042147791	-0.0356747585	0.0399586382	0.1574286645	-0.0657777822	0.0907592574	-0.1062260553	-0.0605450972	0.0959258777	0.0083101062	-0.0057269338	0.0110465674	0.020704353	-0.023319931	0.0593226819	-0.0669264899	0.0812426266	0.0128130969	-0.0847320612	0.1241430248	0.0713864214	-0.0105477799	-0.0301201802	0.0076490782	-0.0359203394	0.0007368503	-0.0344626667	-0.068086192	-0.0020699223	-0.0523772051	0.0257811571	-0.0321375866	-0.0227417788	-0.0003985058	0.0320682144	0.0984261231	0.0894204718	0.0348671462	0.0898369253	-0.0501575362	0.053110584	0.0970526355	-0.05621854	0.2326622224	-0.0235809128	-0.0553781893	-0.0864663108	-0.2231414205	-0.0277142586	-0.0118263615	-0.0282134365	-0.0943908683	-0.0961326514	0.0355049576	-0.0662538591	0.1598292383	-0.0197495821	-0.0165957727	-0.0655718361	0.1084362114	-0.1159307715	-0.0452081755	0.1364444282	-0.0215837978	0.1010157044	0.0359720201	-0.1205304188	-0.0718198642	-0.2393522954	0.0184709217	-0.0407275052	0.0280091992	0.0858677763	0.0459699193	-0.0135257093	-0.0321724237	-0.0322579469	-0.0187010984	0.0456395023	0.1634086826	-0.108067456	0.0263200774	0.0404047108	-0.0282406011	0.0794212553	-0.0015447255	0.0642028789	-0.0413405345	0.1333634296	0.0145970782	0.0975266571	-0.0086277378	-0.0047691666	0.0733993974	-0.1345720839	-0.0270487537	-0.0534175048	0.0966407856	0.0589949978	0.1087695658	-0.0428655156	0.0369190183	0.0604186432	0.1872758651	-0.0398213066	0.0161707042	0.098917678	0.0101216468	0.014508691	-0.0967474301	-0.2225062905	-0.0222573454	-0.0204639758	-0.0176781142	-0.0569940504	0.0934634939	-0.0034807894	0.0279431227	0.054248287	-0.0051224581	-0.0153332485	-0.0672889075	-0.0402723803	-0.0427659152	-0.0014376999	-0.1620611712	-0.0315270173	-0.0668811321	0.0102985112	-0.0426164629	-0.0058193957	0.0654605132	-0.0125151193	0.0176961211	-0.1075921871	-0.0886342219	-0.1357397101	0.0424893851	0.0980538554	-0.0211146335	-0.0589502339	0.016806774	0.0751015547	0.0856810543	-0.027047377	0.0515571742	0.1568035029	-0.0392436157	0.0589285111	-0.0315228676	-0.0276767114	0.0756442857	-0.0535262618	-0.0467459258	0.0365714137	-0.0196357658	0.000935404	-0.1059832789	-0.0028059207	0.1059337567	0.0	0.0	0.0480533591967571	0.0066513872266397	4.424095203870708e-05	0.0023091253300925	0.1324453648249317	0.0163259842906313	0.0175417746636092	0.0002665377630579	0.5207397595013816	0.0358606956592382	0.0012859894931645	0.2711698971255568	-2.9629339132694943e-05	0.0003751819714865	8.778977374402478e-10	1.407615117285007e-07	0.0009290097105609	-0.0003192122553974	8.630590423164472e-07	1.0189646399595873e-07	-0.0007979850582715	0.0003062620661432	9.3796453158363e-08	6.367801532245693e-07	0.0	0.0
51.87770690897008	0.0902068668870512	0.0081372788335781	2691.2964741330024	59.29584075550345	0.0133363881850669	3515.996730902024	0.0001778592498227	56.54058353506404	0.0598712602107553	3196.8375864855543	0.0035845677992239	57.21958140057159	50.53188399988846	0.978939	32.153339	0.1293113239206876	0.0713208314566751	-0.0477701999	0.06922019	0.0415116775	-0.1572660539	0.0396450755	0.0242875319	-0.0081627277	0.0930644607	-0.031453237	0.1044543678	0.0285779395	-0.0667013645	0.0063120486	0.1188719306	-0.1249775256	-0.0123164192	0.0194201267	0.0558751716	0.0032582931	0.0800864278	-0.0385121432	0.0861227896	0.0439763951	0.1719014492	0.0329196004	-0.0191431881	0.0267713803	0.1084402842	0.018599047	-0.0383910963	0.0806117414	0.1065756216	0.0709165258	-0.0675308507	-0.0598195934	-0.0092737024	-0.0427175688	-0.052139534	0.0169312208	-0.1684562401	-0.0063740269	0.0748490823	0.0961648956	-0.0247132836	-0.0140849852	-0.0401825051	0.0472445213	0.0200363823	-0.1124371031	-0.0207540703	0.1038125844	-0.0226377216	0.0610431215	0.0096184724	-0.0333658139	-0.004717124	0.0699258274	-0.0623794696	-0.0151831056	-0.0005878678	0.0422618617	-0.1086812671	-0.1708792459	0.017084701	0.2089276362	0.0619166038	-0.1100126508	-0.1348505025	-0.0518635628	-0.1026116952	0.1642572129	-0.1629340985	0.0889972969	0.0556076627	-0.0354826213	0.0480230449	0.0118336088	0.0690758759	0.0424559886	0.0412133468	0.0509618491	0.0666144889	0.1444521593	0.0936216434	-0.0987074609	0.0782778806	0.0367801126	-0.0288745371	-0.039622688	-0.0988399744	-0.0200409256	0.0880290521	-0.1276194952	0.0435924507	0.0925367259	0.0653405821	-0.0041914788	0.0553266594	0.0054198576	0.0271034298	-0.0376276311	0.0884771368	0.0559520182	0.1117076855	0.0618016361	-0.0438646664	-0.1787452353	-0.0374264053	0.0376594349	-0.0815069528	0.039382623	-0.058668342	0.0591317183	-0.0286584762	-0.1314830688	-0.0298456612	0.0358571817	-0.14432302	-0.0741731416	0.000197403	0.1360953969	-0.1103248477	-0.0326165184	0.1217903693	0.07255436	-2.70911e-05	0.0317814354	0.169146805	0.0571529155	0.0044937061	0.0029107536	0.0281053033	0.1774748414	0.0027328863	-0.095147808	-0.1763498638	-0.0296625477	-0.0169160318	0.0502918173	0.0762180964	-0.0505978098	-0.0061881848	-0.1299592627	0.0199578173	0.1045620705	-0.0693086929	0.0353818635	0.0604041774	-0.0383168077	0.0031788734	0.078102132	-0.045098811	-0.1144955278	0.0110578924	-0.1599788468	0.0020379725	-0.0989053859	0.091654504	-0.0254410275	0.0185760202	-0.0063707595	-0.0274042059	0.097468128	-0.000935404	-0.1059832789	0.0028059207	0.1059337567	0.0	0.0	0.0545556024426332	0.0065022432458761	4.2279167228541385e-05	0.0029763137578786	0.1265816121287883	-0.0058637526961433	0.016022904529123	3.438359568152891e-05	0.4677429839274438	-0.0529967755739378	0.0028086582212343	0.2187834990133489	-0.0004997455387233	-0.0004701161995906	2.4974560347384136e-07	2.2100924111751366e-07	0.0015812425481984	0.0006522328376374	2.500327996232969e-06	4.254076744926654e-07	-0.000954607069138	-0.0001566220108665	2.4530454287866047e-08	9.112746564482424e-07	0.0	0.0
51.89870970718343	0.0210027982133453	0.0004411175327905	2693.476069270496	59.60922283029812	0.3133820747946743	3553.259446432135	0.0982083248026148	56.51328486161266	-0.0272986734513764	3193.7513658497787	0.0007452175722048	57.23758958012356	50.8997749817438	0.941471	30.922709	0.0731514373010946	0.0373805361048495	0.0167134382	0.0731628426	0.0750624379	-0.069336962	0.0390677278	0.0115094639	0.0290011956	0.0261913172	-0.0679832005	0.0200156255	-0.0523291382	0.0054733848	0.0311644295	-0.0789902838	-0.0445442407	0.0939980899	0.016981503	-0.024006753	-0.0005661997	-0.1003810991	-0.0160217942	-0.0728134438	-0.0115779608	0.0430142012	0.0779071005	-0.0285915544	-0.0369952338	-0.0695853668	-0.0700884054	0.0825593064	0.1128660869	0.0366962518	-0.0750049315	0.0240053814	0.0975064663	0.1198914211	-0.0604205361	0.088489693	-0.1173338117	-0.0043457166	-0.1215347151	-0.0926315843	0.0333221563	-0.023128035	-0.0638271028	0.0728017425	-0.0095848521	-0.1393342322	-0.0724155157	0.0363815594	-0.007478145	-0.0090417253	0.0713831902	-0.0311726185	-0.0099263558	0.2136277085	-0.0313716148	-0.0456424047	-0.0753595676	0.0153694285	0.0084281012	-0.039873351	-0.0671133477	0.0255275407	-0.1339364945	0.0112479224	0.0169422681	-0.0119346821	-0.0553063274	0.0183403803	-0.0737282735	0.0159315592	0.0952463044	-0.2027374939	-0.0006758622	0.0105244007	-0.1127898748	-0.0512306069	-0.0751151577	-0.1169666654	-0.0382000661	-0.0591755037	-0.0766847646	0.072033998	0.0095509447	0.0929191555	0.0108530366	0.0068662163	-0.0781431451	-0.071918479	0.0105433022	-0.0543281164	0.017764645	-0.040977898	0.0747435157	0.060265716	0.0061693204	0.1571436867	-0.0536352852	0.0375093435	0.0621042322	-0.0025941224	0.0468341499	0.0552718651	0.0262701632	0.0021106871	0.0322672726	-0.0334857552	0.019083837	-0.0317709851	0.0026102624	0.2581276114	-0.0060827229	-0.0667310259	0.0831371144	-0.1729842359	0.0344213137	0.0288465442	-0.0297353667	-0.1057883951	0.0148489063	-0.1455611569	-0.0320392603	-0.0178808847	-0.0535543903	0.0203998362	-0.1067614539	-0.0642243563	0.1622910327	-0.0402784076	0.1543471726	-0.0182554199	-0.031647476	0.0810861936	0.1282151422	0.0908898213	0.0400967702	-0.0617004212	0.0625932677	0.0058017897	-0.011031288	0.0946385078	-0.1062720936	-0.0409616009	0.03221325	-0.0802047422	-0.0302439142	-0.0466284803	0.0574459655	0.0662291253	-0.0096636749	0.0326196431	0.0111379624	0.0338351964	0.0500399355	0.010372482	-0.0244869269	0.0603815614	0.0620143249	-0.0174932117	-0.0571343057	-0.0531034664	0.0291622631	-0.0028059207	-0.1058512369	0.0084098975	0.1054060001	0.0	0.0	0.0480460010396655	-0.0065096014029677	4.237491042551911e-05	0.0023084182159035	0.1361459001720106	0.0095642880432222	0.018535706133647	9.147560577372488e-05	0.4726868120292735	0.0049438281018296	2.4441436300441e-05	0.2234328222663977	-0.0002329649924568	0.0002667805462665	5.4272687710396886e-08	7.117185986625215e-08	0.0009626302228225	-0.0006186123253758	9.26656945891296e-07	3.826812091069782e-07	-0.0011118885925571	-0.0001572815234191	2.4737477609032923e-08	1.236296242258609e-06	0.0	0.0
51.93585567758961	0.0371459704061791	0.0013798231174167	2697.3331049634166	60.21304733867952	0.6038245083814004	3625.611069810061	0.3646040369220399	56.52831925762643	0.0150343960137675	3195.4508780921387	0.0002260330634987	57.252534485409406	51.78590488655274	0.947563	31.122782	0.0369775600794404	0.0187929354082049	0.1137421491	0.0027455544	0.0141725389	-0.0678433865	-0.0207060245	-0.0563563879	0.1117703708	0.012528897	0.0434809526	-0.0045204124	0.0882185695	-0.0473972882	-0.0488155707	-0.0422461536	-0.0941493689	0.043386519	-0.0556337634	-0.0163294786	-0.0676648511	0.0523357716	0.204328274	-0.0223707495	0.0641554409	0.0333158596	0.0839332354	-0.0342378437	-0.0066502212	-0.0615837408	-0.1580123733	0.0320740653	-0.146314993	-0.0260109398	0.0635364358	0.08861098	0.002274033	0.0667898824	0.0543820231	0.0537970284	-0.0034441618	-0.0298938183	-0.0603341195	-0.0987755226	-0.0241668213	0.2075334634	0.0719997927	-0.1109540044	-0.0681199264	-0.079674846	0.0095880962	-0.1034101633	0.0053867497	0.126581339	0.0382641537	0.0953278453	-0.0523865132	-0.0733706484	0.0774079208	-0.0655615976	-0.0713952915	0.0516313363	0.0316356847	0.136352457	0.1091649679	0.0412236537	-0.0064036066	0.0846843837	-0.1239200493	-0.1311027994	-0.0684291212	-0.0194563363	-0.129723738	0.0658927191	-0.0023792856	0.0611758165	-0.0153745611	0.0289576986	0.0368000344	-0.1012483272	0.0382147153	-0.0355275479	0.0453250139	0.1177507219	-0.0024419326	0.0160548352	0.0970334998	0.0673853563	0.0012832926	-0.1097591376	-0.0626769277	0.0446516032	-0.0575073849	-0.0122052039	0.0332347746	-0.135796425	-0.1258390434	0.0059478023	-0.0152311191	-0.0091480334	0.0393835349	0.1339805996	0.0334432826	-0.0747496268	0.016351352	-0.1010455256	-0.0061032954	-0.0134478644	0.0030825168	-0.081036609	-0.0938053088	-0.0525016945	0.0950947731	-0.078936538	0.0262690088	-0.1186804349	-0.0377056454	0.1346155715	-0.080673023	0.1612091459	-0.0679718785	-0.0127831434	0.0827687808	-0.0863795587	0.0240834302	-0.0447094829	-0.0029619872	-0.1342145012	-0.0671818832	-0.085805841	0.0875310332	-0.1883130885	0.0665706803	0.0052998971	-0.0974053863	0.0298504847	0.0412793529	-0.123048336	-0.0324552676	-0.0027711053	0.0435235636	-0.0860428864	0.0614801861	0.0557163463	-0.1005510658	-0.0423684853	0.012359528	0.0173615274	0.0725916571	-0.0077830343	-0.0831312439	0.0129813061	-0.0243966468	0.0177750538	-0.1192022349	0.0383453275	-0.0178619076	0.0797119423	0.0340433154	-0.0476202303	0.0580971573	-0.0902667755	-0.0265958669	-0.0393313831	-0.0314113591	-0.0046755634	-0.1055873175	0.0139903026	0.104353116	0.0	0.0	0.0446851633905254	-0.0033608376491401	1.1295229703877565e-05	0.0019967638272379	0.1273296204838914	-0.0088162796881191	0.0162128322525718	7.772678753914287e-05	0.4864607386687396	0.0137739266394661	0.0001897210550693	0.2366440502661357	-0.0002330042174281	-3.922497129998904e-08	5.42909653392813e-08	1.5385983734849637e-15	0.001032613163411	6.998294058849989e-05	1.0662899452496724e-06	4.897611973413505e-09	-0.0009613804360626	0.0001505081564945	2.2652705171372913e-08	9.24252342843915e-07	0.0	0.0
51.91351072886203	-0.0223449487275786	0.0004992967336381	2695.012596195673	59.72000619306921	-0.493041145610313	3566.479139700225	0.2430895712647298	56.56800912267013	0.039689865043698	3199.9396561024905	0.0015752853871869	57.24002251321278	50.621073212303926	0.984987	32.351994	0.0646115731795165	0.0382447612659675	-0.0424560077	-0.0987191062	-0.0633498959	-0.1477239354	-0.0257355037	0.0267208185	-0.0709991027	-0.0543928659	0.080064672	0.017179619	-0.061436056	-0.0667795235	-0.0901711979	0.0772232995	-0.0624876161	-0.0317204018	0.06863944	0.0349082955	-0.0702193727	0.0547275798	0.0904470467	-0.0244153672	0.0795633557	0.037725432	-0.0100781774	0.0725982435	-0.005719636	0.1190825926	-0.0232310805	-0.0623543771	0.0715951283	-0.1395067097	0.0147994925	-0.0842544449	0.0828787426	0.1363686078	-0.1173482819	-0.0395718061	-0.0265189084	-0.0788935467	-0.0916156216	0.0621963017	0.1128053407	0.0147929893	0.1191274864	0.0492438074	0.0401687893	-0.0514145325	0.0167152477	0.021892592	-0.0709797401	-0.043756194	0.173942808	0.1355463269	-0.0024789803	-0.0551505053	0.0873789638	-0.0391657105	0.143052969	-0.0544472686	-0.0280764569	-0.1725786037	0.0303971051	0.0419561345	-0.0950917264	0.0762559259	0.0105862395	-0.0019589742	0.1601720461	-0.0128252692	-0.1079930574	0.0669478583	-0.0091412669	0.0012695284	-0.0350483667	0.0165509731	0.0014405716	-0.0037045944	-0.0437546811	0.0216053002	-0.0894786266	-0.0361167347	0.0665385439	0.0115529828	0.009042518	-0.0900893174	0.1187643972	0.1669240504	-0.0356634566	0.072934966	0.0586666073	0.06769135	0.0078091892	0.0244130016	0.0412055244	0.1596900826	0.0341366089	0.0663557834	-0.0206784856	0.061021165	-0.0113100289	-0.0208405478	0.1164902199	0.0815857238	0.0896625646	0.1273977739	0.0267171253	-0.0133773404	-0.0748922666	-0.0049315737	-0.0936161804	0.0426181371	0.0268438169	-0.0411931293	-0.1697672729	-0.049550098	-0.0796052685	0.0091450292	-0.0873699437	0.0634037654	0.0287778891	0.0278893146	0.1381325137	0.0169359713	0.0149792885	-0.1726254969	-0.1460828642	-0.0407367914	-0.0058338371	-0.0375241162	0.0048982305	0.0240232078	0.096284541	-0.0316138198	0.0315244461	0.0115855061	0.033558965	0.0061922895	0.0929818682	-0.0287168335	0.0551017421	-0.0876596029	-0.0535686236	0.0574368196	0.0424727343	-0.0325285245	-0.0313538606	-0.0405900042	0.0422778169	-0.0423241602	0.0580396177	-0.0575690937	-0.0289526748	0.0012572925	-0.0136556344	0.1706143704	-0.0309781786	-0.060224193	0.0648123525	0.0455414454	0.040961287	0.0074164695	0.1305275331	-0.0065437496	-0.1051918494	0.0195314949	0.10278035	0.0	0.0	0.0432081200473675	-0.0014770433431578	2.181657037567052e-06	0.0018669416380277	0.1275675781410257	0.0002379576571343	0.0162734869927667	5.662384658884616e-08	0.4655216415876353	-0.0209390970811043	0.0004384457865719	0.2167103987864468	-0.0006537984921172	-0.000420794274689	4.274524682947244e-07	1.7706782161112574e-07	0.0014313177634717	0.0003987046000607	2.048670540029629e-06	1.589653581095628e-07	-0.0009810310632752	-1.965062721259996e-05	3.861471498485741e-10	9.624219471108694e-07	0.0	0.0
52.01026800620895	0.0967572773469243	0.0093619707195896	2705.0679780776827	59.65941087192392	-0.0605953211452927	3559.2453055850337	0.0036717929447011	56.58516910093294	0.0171599782628106	3201.8813621811755	0.0002944648539801	57.2690930376756	50.36326620405613	0.976204	32.063511	0.1044615878599171	0.0523307437260329	-0.1016314024	0.0653227164	0.0195956995	-0.0792208109	0.0590749815	0.019230964	-0.0782331446	0.1366335698	0.0496314782	-0.0316195042	-0.0080505982	0.0304911574	0.0382686041	-0.0319284511	-0.0303378001	0.0301978316	0.0802348632	0.0136317203	0.0510696242	0.0313351093	0.0336670398	0.0373666849	-0.0721193756	0.1020935477	-0.0039770344	-0.0245483026	0.0135274769	-0.0538056809	0.0894465661	0.1283467206	-0.1757182731	0.05215562	0.0681033985	0.0933578182	0.0388383552	-0.0709688378	-0.014600402	0.0863504947	0.1472129162	0.0897915258	0.0255302115	0.0631557063	0.0362584771	-0.1216717134	-0.02518603	-0.0526099814	-0.0581073113	0.007424536	0.1349842444	0.0630553813	0.034551325	0.0061842447	0.1210538568	-0.0769582902	-0.0385667027	-0.136057647	0.0883662285	-0.1073527444	0.0054729623	0.0154702443	-0.068048805	-0.0120638913	-0.1327258843	0.0829510026	-0.1060688233	0.0137742985	0.0328525351	-0.0793604759	-0.0311825197	-0.1424102692	0.0373337618	-0.0193309605	0.1718706712	0.0968897275	-0.0112020927	0.090921209	0.0243206182	-0.056691348	-0.0326102332	0.0995357021	0.0622931907	-0.0044386053	-0.0056141441	-0.0493815891	0.0722451964	0.0577489316	0.0590927686	0.0035537763	-0.0791531367	-0.0829904324	-0.0596174054	-0.0091878181	0.1361838311	-0.0964363867	-0.0124282394	-0.0799696764	0.0509578949	0.0313656894	0.0225237386	-0.0276782987	-0.1936349365	0.0691750825	-0.1258252119	-0.0157521057	-0.1304590974	-0.0666364089	0.0420141725	0.0700630479	-0.0459109158	0.1479354772	0.0411897973	-0.1190463138	-0.0639968628	0.056799093	-0.0219689435	-0.0882683484	0.0672693506	-0.0479580283	-0.0300273546	0.0534141463	0.1065032556	-0.1127457713	-0.0678980734	-0.0093450025	-0.0423849615	-0.0410958121	0.0322053847	0.0362559159	-0.0105347242	-0.1546455625	0.0684883746	-0.1115101626	0.2628811438	-0.0402462134	-0.0204244985	0.0564440602	-0.0123380538	-0.080361764	0.0520889261	0.095947154	-0.0666870528	-0.00428405	0.0301878091	-0.087607437	-0.0396586014	0.0207706557	0.0449875797	-0.0138869571	0.0681245608	-0.0006340412	0.0192503573	-0.0907380241	-0.1534289888	-0.019935645	-0.0745677863	0.0589712505	-0.0108567223	-0.0909532217	0.0475855242	0.0642623849	-0.0301327359	0.0113611077	0.014628045	-0.0084098975	-0.1046653254	0.0250179432	0.1006955375	0.0	0.0	0.0503025614631553	0.0070944414157878	5.0331099002045206e-05	0.0025303476897545	0.1352669041040854	0.0076993259630596	0.0182971353459038	5.927962028544509e-05	0.4901126359053975	0.0245909943177621	0.0006047170015362	0.2402103958741367	-6.098609873645051e-05	0.0005928123933807	3.719304239092089e-09	3.514265337458125e-07	0.0008930372195572	-0.0005382805439145	7.975154755144546e-07	2.8974594395689e-07	-0.0011514746492461	-0.0001704435859709	2.9051015998619583e-08	1.325893867856429e-06	0.0	0.0
52.09689271359008	0.0866247073811266	0.0075038399288658	2714.0862304113152	59.65451849208159	-0.0048923798423246	3558.6615765221045	2.393538052158409e-05	56.51249215585722	-0.0726769450757203	3193.661769665824	0.0052819383455392	57.25173567633332	51.39921247349771	0.980645	32.209362	0.0976145341032204	0.0545249751250081	0.0330444263	0.0708703242	0.0761487786	-0.035047058	-0.002907963	0.0566129475	0.0235703733	-0.0096949436	-0.0304650104	-0.0334815748	0.0066154062	0.0154254633	0.054466133	0.1338889312	-0.1016209202	0.0951269846	0.0315447595	0.0327413022	-0.0295613536	-0.0328244758	0.0063180421	-0.0439182432	0.0450592492	-0.0913268374	-0.0874363246	0.0211863527	0.0397449961	-0.0136660184	-0.0010829854	0.0019079164	-0.0678544555	0.0112230426	0.0676908307	-0.0055665074	-0.1188164293	0.1193094004	0.0336970836	-0.1708889748	0.1493186971	0.0237749903	0.0483687977	-0.1058560517	-0.0671743412	-0.026091501	0.1024561698	-0.1323849477	0.0276246144	0.0669117584	0.0513700454	0.0061651538	-0.0273580887	0.0375679267	-0.0342612674	0.1381587467	-0.0838431005	-0.0524383038	-0.0404220942	0.0311165897	0.0218430184	-0.1373216223	-0.0007262733	-0.0058425588	-0.0738759351	0.0146184701	-0.0198392907	-0.0508464193	-0.1359238273	0.1143619541	0.0612654802	0.0910940816	-0.0154210329	-0.154381977	0.0448212828	0.0620674568	0.0062727362	0.0462680166	0.1227518206	-0.0314858527	-0.0994077049	-0.0096189166	-0.0062579717	0.0334125697	0.0175198277	-0.0248322121	0.0447813737	-0.0766051829	-0.086758121	0.0130062382	0.0335610483	-0.0635840971	-0.0202213469	0.0551066579	-0.0579181387	-0.0001558329	-0.0905991598	-0.0263052645	-0.0294387764	-0.0899047108	-0.1256189754	0.1721746163	-0.0923558163	0.0876893248	0.0632900374	-0.0880632192	0.0058622349	-0.1228841619	-0.1343022078	-0.0036468343	-0.0026559209	-0.0190340286	0.0027980178	-0.0760291279	-0.0691882291	0.0365168094	0.058269635	0.164993762	-0.0477024935	-0.0212525176	0.0937506388	0.0616893825	-0.0058717943	0.0131211873	0.0764277852	0.0305039878	0.1023930379	-0.101514656	0.0048107959	0.0827643741	-0.09480196	-0.0330377362	-0.0356626748	0.1083544338	0.0180456791	0.0253170721	0.0992702739	0.1478936145	0.013319643	-0.032876451	0.1189127663	0.0210944238	-0.0370475528	0.1081341526	0.042908447	0.0778849516	-0.049168503	-0.0297455564	4.56391e-05	-0.0719578531	0.1224753982	-0.0122915014	-0.0643309407	0.0980508635	-0.1181618696	0.0049437564	0.1250350393	0.0397554824	0.069981728	0.0380186379	-0.0087589908	0.0954755086	0.0598002814	0.0046973105	-0.0797627792	-0.0102734258	-0.1040084014	0.0304342698	0.0981090648	0.0	0.0	0.0375970269356003	-0.012705534527555	0.0001614306076308	0.0014135364343962	0.122517349816178	-0.0127495542879074	0.0150105010059797	0.0001625511345402	0.4483281803999119	-0.0417844555054855	0.0017459407218899	0.2009981573406959	-0.0005290386279144	-0.0004680525291779	2.798818698255509e-07	2.1907317006987522e-07	0.0009032716514354	1.0234431878200002e-05	8.158996762868347e-07	1.0474359586951642e-10	-0.0010222618146568	0.0001292128345893	1.6695956622601826e-08	1.0450192177054136e-06	0.0	0.0
52.04810066597673	-0.0487920476133467	0.002380663910303	2709.004782935648	60.34649234404539	0.6919738519637946	3641.699138229928	0.4788278118016115	56.53506826839859	0.0225761125413725	3196.213944112489	0.0005096808574807	57.287393296882776	51.907312410470496	0.951844	31.263412	0.0248875650472769	0.0151329718122686	0.064012066	0.047924859	-0.0400206767	-0.03159403	0.0497324566	-0.0123490599	0.0938991545	-0.0017802459	5.41707e-05	-0.1125495436	-0.0533153347	-0.0083258569	-0.0182736068	0.013820448	-0.0761299207	-0.0012250268	0.0901927727	-0.0686536746	0.0852326615	-0.1909031443	-0.0039302301	-0.070754054	0.0616549522	0.0306979658	0.0196066694	0.1056843967	-0.2330678962	-0.0525037224	-0.0887510414	0.0652846721	0.066504448	0.1006427197	-0.0567069141	-0.1098261887	-0.0823661781	-0.0871053549	-0.1098441844	0.0338884902	0.0786602306	-0.016614182	-0.0368693593	0.1136172428	0.067817219	0.0248498483	0.090045009	-0.0683367667	0.0760840409	0.1310095107	-0.0646895166	0.0681803366	0.0384127703	0.0370055282	-0.0780891992	-0.0252799769	0.1478823479	-0.0380512311	0.0357257198	-0.0357515844	-0.0340658759	-0.0008367759	-0.0388028576	0.08944859	-0.0646428244	-0.0432461158	0.0215977192	-0.1816338971	-0.021655972	-0.0165614258	-0.0066328868	0.144687951	-0.0546216006	-0.1201845892	-0.1950492482	-0.0307046824	-0.0228671036	-0.0849012674	-0.0936853781	0.024151502	-0.0997704039	-0.1052284767	-0.0548645846	0.0290834558	-0.0071729011	0.0844439234	0.011671589	0.1478200802	-0.2008264425	0.0961571881	-0.1456703204	0.0335628807	0.051142201	-0.0115731563	-0.015087011	-0.0192130283	0.1657134068	0.0589997153	0.0533948044	0.0531988507	-0.0755656991	0.0199193832	-0.1505046796	-0.0158977821	-0.0861310883	0.0471601988	0.0825502841	0.0829954771	-0.087554648	-0.0259937096	-0.0348953059	0.0524100149	0.0512095835	-0.0970153082	0.0535009509	-0.0104183928	0.0162056416	0.1082730302	0.1290083998	-0.0933659895	0.0496735296	-0.0061342606	-0.1644004378	0.0944818558	-0.0512596627	0.0428757543	0.0379635477	0.053978664	-0.1189526543	-0.0529160091	-0.0595341412	0.0667218432	0.0066793277	-0.0340023086	-0.089991221	-0.1063599124	-0.0206283639	-0.0119505086	-0.0926121887	0.157418607	-0.029580018	-0.0222857592	0.0122709302	0.0922814797	0.0605774941	0.029323644	-0.0402229929	0.0097007817	0.1034033278	-0.0037118762	0.1250524706	-0.0652679316	0.0581642181	-0.0879065418	0.0677226358	-0.0113239845	0.063538063	0.0343706861	-0.0062444098	-0.0746277704	0.1328970257	0.0124132668	-0.1261847494	-0.0902948416	0.0008751216	-0.012133754	-0.1032218959	0.0357652936	0.0950338178	0.0	0.0	0.0407377834516324	0.0031407565160321	9.864351492998098e-06	0.001659567000552	0.1210103381898335	-0.0015070116263444	0.0146435019488178	2.271084041937473e-06	0.4621413145947173	0.0138131341948053	0.0001908026762837	0.2135745946553334	-0.0004720041832538	5.703444466059998e-05	2.227879490090868e-07	3.252927877743041e-09	0.000932751675694	2.9480024258600038e-05	8.700256885099649e-07	8.690718302876464e-10	-0.0010642805999395	-4.201878528269998e-05	1.7655783166336443e-09	1.1326931954075818e-06	0.0	0.0
51.96932551430181	-0.0787751516749253	0.0062055245214074	2700.810794411461	60.45517737597705	0.1086850319316639	3654.828471560848	0.0118124361659868	56.5336715128782	-0.001396755520389	3196.056014726016	1.9509259837374046e-06	57.252571222009024	52.20154829884375	0.984435	32.333858	0.0880802158350747	0.0502522258400364	0.1044225085	-0.1090506026	0.0779522677	-0.0019946095	-0.0359684588	0.0088051163	0.0769704311	-0.1225849404	0.0816073958	-0.0683873736	0.0915297494	0.0721822946	0.052114277	0.0088043146	-0.0803945402	-0.0027316079	-0.0060481152	0.1714398752	0.0179338459	-0.0404341357	0.0096905083	-0.1103275905	-0.0516999353	-0.1303004979	0.136526851	0.0182708067	0.005604945	-0.0655434484	0.0583650842	-0.170530994	-0.0161863215	-0.0660139333	-0.0260808362	-0.0635289068	-0.0376325607	-0.0788373633	-0.042634425	0.0805634526	-0.0742707408	0.0362543866	-0.0054702874	0.0899232873	0.0329832503	0.1879124702	0.016486806	-0.0066991201	-0.0173464681	-0.0639117197	-0.0162262584	0.0462023085	-0.0503234166	-0.0183204154	-0.0396899698	0.0915155011	0.0372517004	0.0984610779	-0.1492084793	-0.0335108476	-0.0377346083	0.0319736169	0.0567702247	0.0293692695	-0.1169778093	0.1148917535	-0.0266233867	0.0085015414	0.2387650256	0.033136909	0.0059642261	-0.047774311	0.0199994963	0.0190146857	-0.0104191735	0.0426913342	0.0553618825	0.1093178539	0.0967580469	0.0235540031	0.0212377019	0.0094743455	-0.0470174361	0.1975817904	-0.099471109	-0.0579245956	-0.0164402258	-0.0297755541	0.043345622	0.0813076716	0.0914929146	0.043367421	0.041126222	-0.1182169156	-0.0610444472	0.0478166601	-0.0785794549	0.0421525886	0.0069253127	-0.0303188796	0.0072825115	-0.1084690207	0.0747313707	-0.0658956851	-0.0747688062	-0.0126454041	-0.0139266384	0.0933837744	-0.0224015888	-0.0375087191	0.0230048606	0.0864150681	0.0254851766	0.1565281157	0.0004840595	-0.0659407329	0.0526657854	0.0362356756	0.0062384446	0.0636953633	0.0081890361	-0.1115456468	-0.0278768392	0.0473686308	-0.0551486416	0.0746928355	0.1927316251	-0.1064217479	0.0811489879	-0.0285891573	-0.0125088567	0.0870176956	0.0088957021	-0.0946102681	0.143994987	-0.004364663	-0.0453788948	0.0105904069	0.0219459741	-0.1936194593	0.1233994552	-0.096794974	0.0873136583	0.0155691062	0.0205512935	-0.0629283283	-0.0181115777	-0.0387395221	0.0291238061	-0.0270145994	0.0285410941	0.0138904198	-0.1088184504	0.0069357196	-0.184091298	-0.0764504427	-0.0039030668	0.0861624723	0.0861621361	0.1186704758	-0.0335316474	-0.0780587667	-0.1036219621	-0.0888213892	-0.0115938981	-0.0139903026	-0.1023067888	0.0409960724	0.091485117	0.0	0.0	0.0362903986828371	-0.0044473847687952	1.97792312817124e-05	0.0013169930365592	0.1254850801265377	0.0044747419367041	0.0157465053343635	2.0023315400099173e-05	0.4955173182444525	0.0333760036497352	0.0011139576196271	0.245537412680174	0.0001366617611774	0.0006086659444312	1.8676436968108715e-08	3.704742319103247e-07	0.0012089251854012	0.0002761735097072	1.461500103897326e-06	7.627180746399292e-08	-0.0010950828553979	-3.0802255458400006e-05	9.48778941324533e-10	1.1992064601864178e-06	0.0	0.0
51.88323697642959	-0.0860885378722144	0.0074112363529757	2691.870279152351	59.75062670682203	-0.7045506691550187	3570.1373918579943	0.4963916454067846	56.51787041417128	-0.0158010987069232	3194.269676153057	0.0002496747203459	57.2545804547342	50.775409525216624	1.01201	33.239571	0.1057781004614317	0.0601400512124974	-0.0622431974	-0.0838688374	-0.0725960091	-0.1168617163	-0.1037236813	-0.0593438891	-0.0702129697	-0.0304593911	-0.0109517435	0.0125770933	-0.0390536078	-0.0132448475	-0.1197810741	0.0676266963	-0.0811378554	0.0204223287	-0.1274451138	-0.02188422	-0.1016687725	-0.0582010422	0.0998236903	0.0099642871	0.0621504701	0.1230963335	-0.0304810541	-0.1027442737	0.0112948182	-0.0947490861	-0.0333815936	0.1137246543	-0.0245301938	-0.1059776844	0.0767640546	-0.0598375885	0.0984950953	0.0253065233	0.0948854459	0.0285431664	0.0375889564	-0.0042975032	0.0137243456	-0.024423531	0.0467264187	0.0785413227	0.0191745316	0.0490615529	0.1244227039	-0.1223263461	0.0680074025	-0.02397053	-0.0328525257	0.0404811715	-0.1015399429	-0.0164934624	0.1448623991	0.0584201675	-0.0442698817	0.0795791832	0.0357888097	-0.0130770088	0.0869059781	-0.0494449657	0.0781229574	0.0380045254	0.0407779789	0.1006112701	0.0293009196	0.0508471629	-0.0342790179	-0.0186050954	-0.0576451292	-0.0404158705	-0.1274588078	-0.024274229	0.0143761513	0.0085327601	0.0137945812	0.0719124875	0.0967729254	0.0570645199	-0.0274095717	-0.0195929198	0.0479522184	0.0788136999	0.0294336401	-0.0051968119	0.0464541937	-0.0806396682	-0.1869998048	0.0363681161	-0.1609469136	-0.0478264886	0.082136976	-0.0504936281	0.039809579	0.0123350473	0.0648201391	-0.0338203548	0.0971533145	0.046554054	0.0856459379	-0.0534897493	0.078525745	-0.0100201688	0.0317529417	0.0669570619	-0.0529276594	0.1409232351	-0.0278450248	0.0421395539	-0.0246434637	0.0357148178	-0.0434308921	-0.1098341433	0.1130794508	0.0224597545	-0.0463473445	0.0686386094	0.0804505863	-0.144504596	-0.0157734482	0.0918672167	0.1179406462	-0.1090931551	-0.0223061898	-0.0598940004	-0.0527375686	0.0247798519	0.0169034822	0.0812940322	-0.1265233414	0.0287832697	0.0621538738	0.0702897995	0.0246697228	-0.0895346086	-0.0689466451	-0.0451180788	-0.0800548724	-0.0039427008	0.046745675	-0.0992490615	-0.0782492535	0.1034405873	0.0314206669	0.0536201942	-0.0438049496	-0.1342993063	0.0366320919	-0.0559028813	0.0718363816	-0.085491156	0.0353435142	0.0011433277	0.049236322	0.1058263829	-0.0488891901	-0.0987653213	0.1370542602	0.0572827623	-0.0801695201	0.038774391	0.0001894978	-0.0158424933	-0.1012642201	0.046111945	0.087480642	0.0	0.0	0.0539592776152773	0.0176688789324402	0.0003121892827292	0.0029116036407625	0.1259010555869224	0.0004159754603847	0.0158510757979013	1.73035583642276e-07	0.4526131860470457	-0.0429041321974068	0.0018407645596125	0.2048586961836576	-0.0005088941982085	-0.0006455559593859	2.5897330497027213e-07	4.167424966986498e-07	0.0012982398653882	8.931467998699993e-05	1.6854267480831717e-06	7.977112061180206e-09	-0.0009341712173468	0.000160911638051	2.589255526028819e-08	8.726758633192022e-07	0.0	0.0
51.925460364409815	0.042223387980222	0.0017828144925283	2696.2534340558946	59.12353516899966	-0.6270915378223734	3495.5924108799395	0.3932437968084291	56.54271684619162	0.0248464320203396	3197.0788283486013	0.0006173451841413	57.20795845627017	50.5322722803947	0.971187	31.898724	0.1050204708526198	0.0516830468684357	-0.0781723114	0.0540261238	0.0213122404	-0.060165371	0.0697617814	-0.0027913059	-0.0401374919	0.1288138395	0.0155834297	0.0896882287	0.0656404617	0.0418117639	-0.0543909642	0.0168566146	-0.0480477748	0.132533393	-0.0708975131	0.0218114513	0.0913218498	-0.0465444601	-0.0246247086	0.092210285	0.1281835509	0.0381431797	0.0219270328	-0.0088253099	0.053566479	0.1308787094	-0.0028902308	0.0127542807	-0.0097158834	-0.0813595774	-0.0215336471	0.0528298715	-0.0176269013	0.1422910646	0.0680742701	-0.1326032123	-0.0479227844	0.0836069972	0.0666085319	-0.0344447315	0.0195774767	-0.0692835112	-0.0063049888	-0.0046512448	-0.005446954	-0.0368670804	0.133262134	-0.0423487537	0.0745581984	0.0002730651	0.0455698629	-0.1361782783	0.1349287082	0.0301526194	-0.0425157743	-0.0718400359	0.0769234401	-0.043247689	-0.0887097441	-0.0080842476	0.0137650077	-0.02108668	-0.0704162923	-0.0826802824	-0.0334765085	0.0674761608	-0.1950284672	0.0271883706	0.0563271233	0.0745474067	-0.0847859226	-0.1027709392	0.0082211473	-0.0363900205	-0.0035457673	0.0580175328	0.1098579283	-0.0025725535	0.0781267304	-0.0541393634	0.0888142213	-0.0215673194	0.0044100844	-0.081227514	0.1886614333	0.0312493318	-0.012980793	0.0380205106	-0.0095922392	0.0344862643	0.0898884121	0.056278349	0.0419305496	0.0937590353	-0.0612868452	-0.0428633254	0.0520164465	0.0922381203	0.0261668437	-0.0328473975	0.0385968509	0.0199719616	-0.1141976251	-0.0873727282	-0.0757617318	-0.0411103975	-0.057298412	-0.0718794181	-0.024024667	-0.0572541623	-0.0314835242	0.031731703	0.0712689486	-0.1265041259	-0.0650488947	0.00671887	0.1329390642	-0.0101122931	-0.0244645457	-0.0403082983	-0.0506537237	-0.1181255111	0.05752405	0.0243318706	-0.0294067183	0.0562504396	-0.0356486818	0.0419917783	0.0591632994	-0.0790970924	-0.1454946816	0.0034073284	-0.1238968313	0.0064395988	0.1442583796	0.0889635051	-0.1300923622	0.0915904764	-0.0452846163	-0.0020212175	-0.1034419028	-0.1231758441	-0.0040933036	-0.0016921671	0.0236991728	0.0145904146	0.0190356979	0.0477552097	0.0340586577	-0.0584993514	-0.0461897279	-0.0444654627	-0.1114415224	0.0018420727	0.0678769971	-0.0210556645	-0.0064124168	-0.0483649508	0.0088762978	0.065413794	0.0888914422	-0.0176897492	-0.1000954889	0.0510985726	0.0830403428	0.0	0.0	0.040880516449846	-0.0130787611654313	0.0001710539936223	0.0016712166252061	0.1433962024241992	0.0174951468372767	0.0205624708696819	0.0003060801628578	0.4863184622955145	0.0337052762484688	0.0011360456469855	0.2365056467694737	-8.805262972354054e-05	0.0004208415684849	7.753265601230936e-09	1.7710762576488085e-07	0.0009310448899622	-0.000367194975426	8.66844587124725e-07	1.3483214997810074e-07	-0.0009609604054647	-2.678918811789999e-05	7.17660600016234e-10	9.234449008708806e-07	0.0	0.0
51.98886269249498	0.0634023280851678	0.0040198552066192	2702.8418440590967	59.98037563925758	0.8568404702579215	3597.6454618264443	0.7341755914718161	56.55232412523503	0.0096072790434149	3198.16536396564	9.229981061804032e-05	57.27599685466878	51.475680364909785	0.989065	32.485939	0.0350902153556565	0.0177211885196625	0.0892610373	0.0488077568	-0.006628401	-0.0134407165	0.011331051	-0.0122982911	0.1143476539	0.0585140535	-0.0170908968	0.0081337793	0.0606965776	0.0140861581	0.0260173084	0.1033626501	-0.0465063075	0.0038542313	-0.0105455453	-0.0467944747	-0.0523026031	0.0425054738	-0.0479653515	-0.063252061	-0.0099297678	0.0392123852	0.0597464528	-0.0279302343	-0.0256273714	-0.0082244227	-0.0480234632	0.0604671505	-0.1163753975	-0.0149742239	0.0672624505	-0.1832640247	0.015504502	0.0729716541	0.0128849645	0.0372741535	-0.0648443728	0.0521854731	0.0021625328	0.0785404759	-0.0814603386	-0.0684578882	0.0388988026	-0.1080693016	0.0022009105	0.0720550393	-0.0721433832	-0.0547531761	-0.0569711775	-0.0880107073	-0.0273668879	-0.1061799301	-0.0416578404	-0.0749502986	-0.0265371025	0.1658264426	0.1465798884	-0.0269820889	0.0428148523	-0.0202993291	-0.1030825713	0.0238102474	0.054133021	0.1322059384	-0.0024125863	0.0808573933	-0.011236344	0.0434395285	0.16474075	0.1009365397	0.0197868292	0.0271443106	-0.0127513178	0.0470509081	-0.0522887003	-0.1417368669	-0.0332543582	-0.0028315195	0.0480040777	0.0593961122	-0.0252219526	-0.0496140757	0.0326027832	0.0348654862	-0.0060609381	-0.0065134897	-0.1266771953	0.0083918158	0.0379498044	-0.1525656202	-0.0909090275	-0.0179016526	0.0565227346	0.0423087146	0.0570056487	-0.140327174	-0.0010137637	0.0246331138	-0.0594323039	0.0804140451	-0.0577095753	0.0946605619	0.0512415984	-0.0337567609	-0.0037639452	-0.1022701278	0.0266226547	-0.0880925473	-0.0317976282	-0.0344480505	-0.1278946477	0.1211821192	-0.0244004627	-0.0130127133	-0.1376159324	0.0063383868	0.0230217165	-0.0009463299	0.1309125024	0.1546746784	-0.0243470181	-0.0496827736	-0.1199816264	0.0555945049	0.0728738638	-0.0668012585	-0.063457089	0.131917642	0.0807294299	0.093778805	-0.0136014623	0.016289215	0.0358855075	-0.0152459456	0.0752412876	-0.1684295705	0.0670691563	-0.0294500189	0.0333031807	0.1005463963	-0.0833517049	0.0020037764	0.0265882292	0.008871587	0.0416628649	0.0511207565	-0.0186914783	-0.0145456278	0.0044720097	0.0448134747	-0.0273067133	0.0608482306	0.0694035951	0.0219959884	0.077422835	0.1316742229	0.0365719083	0.0693298825	0.0922578712	0.0058369441	-0.1003070445	-0.0195314949	-0.0988020511	0.0559419782	0.0781863408	0.0	0.0	0.0394806495971664	-0.0013998668526796	1.9596272052310894e-06	0.0015587216926142	0.1325697551328204	-0.0108264472913787	0.0175747399759759	0.000117211960953	0.4830519772499784	-0.0032664850455361	1.0669924552711082e-05	0.2333392127251136	0.00018589326541	0.0002739458951335	3.4556306124792716e-08	7.504635346051681e-08	0.0008809194707373	-5.012541922489995e-05	7.760191139240848e-07	2.5125576524719692e-09	-0.0008930833965019	6.787700896279994e-05	4.607288345736024e-09	7.9759795310737e-07	0.0	0.0
52.00255011941988	0.0136874269248963	0.0001873456558243	2704.2652189227765	59.7404362377636	-0.2399394014939773	3568.919721878299	0.057570916389288	56.60074797808695	0.0484238528519185	3203.644671678914	0.0023448695250242	57.31345165364642	51.54868173865633	0.987233	32.425751	0.085257096907635	0.0568088336868791	0.0295903607	-0.1160503787	0.0054766977	0.0334653035	0.1151613177	0.0720217695	-0.0073765806	-0.0762306692	0.0341944988	0.0556006321	-0.0823678854	0.0714909373	0.0479908887	0.1195343448	0.0323458612	-0.0273363156	-0.0209524905	-0.0713371152	0.070355573	0.0587338841	-0.0509705308	-0.1708706961	0.0426358235	-0.0589188679	-0.0311104049	-0.1478954794	-0.0434182537	0.0298914163	0.1010795127	0.0101553932	0.0621132964	-0.0026331523	0.0380479168	0.0878074086	0.1199978788	-0.0525653685	-0.0651458723	0.0314468846	-0.1093653229	0.0249416085	-0.0133065926	0.052654854	0.05177423	-0.0809085548	-0.0574683955	-0.0024395511	-0.0711068442	0.0774108911	-0.0791511472	0.0413077955	-0.003859896	0.0750441177	0.0024469762	0.1108011817	0.1170018688	0.007343017	0.0568244333	0.0479186827	-0.040296993	0.0238328433	0.0523911006	0.1487774019	-0.0327867814	0.0184343855	-0.0206578571	0.060132871	-0.0317899251	-0.0179068985	-0.0833735652	0.0929046553	0.0820415733	0.023187557	0.0079494628	-0.0597223349	0.0610417387	0.0080602872	0.018624654	0.0998124208	0.1461637371	-0.028066814	-0.1564798961	0.0234315073	0.0200457543	0.0017497188	0.058638869	-0.1292965318	0.0262351559	-0.0412174164	-0.0860435411	-0.1396305549	0.1371017302	-0.0416540904	-0.0203716027	0.0264614956	0.0642216611	-0.1044790999	-0.0506603159	0.0504706201	0.0626092829	-0.0448608926	0.0369244136	0.069481934	0.0013418259	-0.0117033361	-0.0899472308	-0.0037739089	0.1121791529	0.0235566627	-0.0014958335	-0.0017477648	0.0022908463	0.0355660023	0.1445717955	-0.0342047926	0.0502261416	0.017797824	0.0677196315	0.051397183	-0.0200457937	0.0160569137	0.0371472713	0.014906652	-0.1287847912	-0.0204491553	0.037336385	-0.0665167719	0.0481660646	0.1683920615	0.0391970406	0.0824188217	-0.0276787967	-0.0742079698	-0.1035008322	0.0357256376	-0.0239805896	-0.0700932627	0.0340645275	-0.068515467	-0.0355739987	-0.0681101198	0.0861456671	-0.0431723693	-0.061299687	0.0596266815	0.009856846	-0.0529479236	-0.0053234764	0.0594146499	0.0068171661	-0.0397216641	-0.0084961532	0.0132069329	0.0202844319	0.0335122957	0.0693692443	-0.0571427416	0.0385817456	-0.0731415299	-0.0225775669	0.0341908712	-0.0738854	-0.0804390323	0.0116558189	-0.0213671566	-0.0973855183	0.0606285865	0.0729428184	0.0	0.0	0.0426890710781719	0.0032084214810055	1.029396839977754e-05	0.0018223567895172	0.135630417042293	0.0030606619094726	0.0183956100270663	9.367651324096464e-06	0.4593637238318564	-0.0236882534181219	0.0005611333500011	0.21101503077267	-0.00076203738123	-0.0009479306466399	5.807009703918763e-07	8.985725108393284e-07	0.0008819022319392	9.827612018999728e-07	7.777515466993425e-07	9.658195799598793e-13	-0.0010501651906407	-0.0001570817941388	2.4674690049864364e-08	1.102846927633418e-06	0.0	0.0
51.99666619081387	-0.0058839286060106	3.462061584063e-05	2703.653294958926	59.67740939390213	-0.063026843861472	3561.3931919673983	0.0039723830471383	56.61575188053597	0.0150039024490169	3205.343360998412	0.0002251170886996	57.32726826732638	50.78617810883336	1.030641	33.851509	0.0734503684174208	0.0338618981716278	-0.1161226979	0.0029149491	0.0751801936	0.1095615703	-0.0127178464	-0.0468677859	-0.090034012	-0.0141524033	-0.1035574916	-0.0829151744	0.0461125861	0.1208328881	0.0358962874	-0.0258877116	-0.0501919599	0.12568671	0.0110156104	-0.0456577431	-0.0294715825	-0.1267677189	0.0152681629	0.0572510442	0.0449109412	0.1082371524	-0.1166901079	0.070358381	-0.0611186393	0.062116882	0.1116914465	-0.1865293349	0.0327683818	-0.0130775336	0.0040479565	0.0706483275	-0.150924487	-0.0174640937	0.046987388	0.0221457215	0.0447639018	-0.002152971	-0.0077462884	-0.0671505549	-0.0458354825	-0.0742677309	-0.036227927	0.0018438706	-0.0541274136	-0.1340124855	-0.0797540202	0.0499477634	0.0431334789	0.0048930783	-0.0982149749	-0.0560811046	-0.0223248109	0.0306617045	0.0524246889	0.0952984616	0.0311501409	0.0136752631	-0.0468808756	-0.0621208935	-0.0151664736	-0.0249213486	-0.0311275503	0.1196051721	-0.036248044	-0.0455028549	-0.0682964071	0.0028152918	-0.126956592	0.1405862155	-0.0185377117	-0.0144874623	-0.0385360812	-0.0658175283	0.0374445649	-0.0532128739	0.0522236225	0.0627294039	-0.0091232926	-0.0546057506	0.0831570019	0.1612391277	-0.1186613962	0.0503548491	0.0075095816	0.027545326	0.0981560191	0.0678729807	0.015768591	0.0435645822	0.0313493795	0.0603884195	-0.1282168524	-0.0641684845	-0.0571472673	0.0729366327	0.0551482153	-0.0219392632	-0.0280040146	-0.0727667939	-0.0046558588	0.1292454394	0.0380769447	-0.0340885677	-0.0354259047	-0.0639565272	0.0864704619	-0.0309026203	0.05173318	-0.0349518146	-0.1344146818	-0.0873351962	0.1131802244	0.0005643008	0.0472572449	0.0147711338	0.0679570708	0.0931407146	0.1001722745	0.0767574497	-0.0237898491	-0.0824327241	-0.1412718813	0.0654328947	-0.0881853156	0.0379367474	-0.0058044997	0.0934635285	-0.0138800859	0.0062704143	-0.1063231332	0.0491601072	0.0969920464	-0.0459416001	-0.0165523328	-0.0163244556	-0.0469531475	0.0798471299	-0.045925293	-0.0870032188	0.0452129755	-0.0846217932	-0.0760246638	-0.0278054058	0.0839730181	0.0223633059	0.0466642069	0.029001636	-0.1448443228	0.0234245992	0.0424097694	-0.0444906492	0.0092221817	0.0193533178	0.0642722094	0.0109758761	0.0723200355	0.0133600833	0.0908608008	0.0333377873	0.1968720315	-0.0231961626	-0.0958476552	0.0651452616	0.0673358985	0.0	0.0	0.0516272217301434	0.0089381506519714	7.989053707733849e-05	0.0026653700235733	0.1277510320540784	-0.0078793849882146	0.0163203261908821	6.208470779250176e-05	0.4755665276830711	0.0162028038512146	0.0002625308526409	0.2261635222525332	-0.0002980010374655	0.0004640363437644	8.880461833051433e-08	2.1532972833432523e-07	0.0010916409178753	0.000209738685936	1.1916798935796274e-06	4.3990316378201965e-08	-0.0009153396418209	0.0001348255488198	1.817792861456031e-08	8.378466598888134e-07	0.0	0.0
51.99094661871349	-0.0057195721003822	3.271350501147055e-05	2703.058530309916	59.83757834001021	0.1601689461080795	3580.535781596859	0.0256540912973728	56.56615117814044	-0.04960070239553	3199.729459108238	0.0024602296781299	57.23973667305883	51.25474169733804	0.993131	32.619484	0.0611411387166389	0.0286310307270214	0.0257149585	0.0791833813	-0.0361825826	0.0230551637	-0.1368864839	-0.0351257931	0.05470679	0.0617901553	-0.0110224655	-0.0225300742	0.0910752128	0.1147700103	0.0130308279	0.1093079528	-0.0089427561	-0.097686215	-0.0512299211	0.1405796719	0.1254790263	0.0148524201	-0.0099072172	0.0724950374	-0.1493535604	-0.1277338977	0.0053222205	-0.013706442	-0.0972284844	0.0305817196	0.0519351222	-0.0532930435	-0.1523934669	0.0148918996	0.0187351803	0.0275304398	-0.1313919234	-0.0544262578	0.0640698634	0.0629204836	-0.0729772903	0.0211426953	-0.0970629318	0.0589211964	0.0136769139	-0.0131196898	-0.0423909301	0.0761872424	0.1060729838	-0.0984419868	0.0677161325	0.0028033866	-0.0953802387	-0.0669960533	-0.0374259484	-0.0612104908	-0.0113140459	0.0009080476	0.0663333321	0.0298175257	0.0665677187	-0.1096641374	-0.0345557936	0.1093025374	-0.0868150312	-0.1233530507	0.0119765171	0.0511324662	-0.0172722526	0.0261920803	-0.0703763626	0.0438734668	-0.2338425793	-0.0820699696	0.0949043701	-0.1114369685	0.0674536564	0.1144159539	0.0028029344	-0.1670915997	0.1120572907	0.035394313	0.088254767	0.1073161544	-0.1034004577	-0.1329305648	-0.0630469283	-0.0076020272	-0.1492150953	-0.0488189578	0.0051767522	0.0138973826	-0.0245574801	-0.0803939505	0.0478399938	0.0425762088	-0.1077073328	0.0522729685	-0.1256097273	0.0870784224	0.1520752534	-0.1137956221	-0.0775916139	-0.1174966479	-0.044984325	0.0847485236	0.0581694241	0.0282455245	-0.067298159	0.0478704882	0.0022062257	0.0056412522	-0.1293797729	0.0826194752	-0.0060221051	0.0887033987	0.0420597305	-0.0120765843	-0.0203304016	-0.0075267597	0.06902987	-0.0425307169	0.0885081166	0.0732350934	-0.0667271353	-0.0655666903	-0.0684848666	-0.0091201328	-0.0143780512	0.0362246331	0.1146289236	-0.1039628727	-0.0568893195	0.0198297206	-0.0367021411	-0.0400194856	0.0195306908	0.0494660124	0.0226208299	-0.0163026122	0.0170792327	0.0548979647	-0.0269621221	0.0731397839	0.0415012019	0.0810815282	0.0550179414	0.1004061517	-0.0063988444	-0.1683141935	-0.0622825096	-0.042615577	-0.0484150788	0.0826575974	-0.0848239852	-0.0169935264	0.0340291202	-0.0728808889	0.067969121	-0.0736617223	0.0005451906	-0.0466800839	0.0306217913	0.1299041912	-0.0214544351	-0.0250179432	-0.0941903779	0.0694793439	0.0613935146	0.0	0.0	0.0472921638430108	-0.0043350578871326	1.879272688479056e-05	0.0022365487609541	0.1340715965705499	0.0063205645164715	0.0179751930069762	3.994953580687867e-05	0.4592077815089013	-0.0163587461741698	0.0002676085763909	0.2108717865983268	-0.0005878900987478	-0.0002898890612822	3.45614768205698e-07	8.403566785113307e-08	0.0010018617803093	-8.977913756599994e-05	1.00372702684452e-06	8.060293542094742e-09	-0.0012182068457499	-0.0003028672039289	9.172854321577044e-08	1.4840279190319205e-06	0.0	0.0
51.92513275027334	-0.065813868440145	0.0043314652790567	2696.2194111335093	59.80156089150332	-0.0360174485068895	3576.2266850601795	0.0012972565969464	56.547335170155804	-0.0188160079846326	3197.60111484594	0.0003540421564777	57.29368896184005	51.79658001601363	0.9596380000000002	31.519382	0.0469156720962322	0.0241117380588524	0.0844502397	0.0125325014	-0.046532257	0.0072019773	0.0865005746	-0.0360829354	0.0991937201	0.0141438631	-0.0597826915	0.0188932283	-0.0802037469	0.0570160293	-0.0824054202	0.0710694468	0.0630060494	0.0317641926	-0.0477669617	-0.0829146581	0.012667493	-0.0671726799	0.0609089187	-0.019829045	0.0855897671	-0.1047141878	-0.0218302927	0.0184709715	0.0416113946	-0.0249195134	-0.0205034828	0.0920872091	0.0414619534	0.2134143482	-0.0258191477	0.1462510263	0.0687836233	0.0088206153	0.068405076	-0.030667391	-0.1949799762	0.0073377836	0.0282868659	-0.1190223124	-0.0278537674	0.0850699511	0.0980974416	0.0469996953	-0.0154697214	0.0360173938	-0.0025389294	0.0290754327	0.0969384743	-0.0445653116	0.0957595131	0.0657261299	0.1826154551	0.0763289194	0.0691317257	0.0235620088	0.0936417241	-0.0409381764	-0.0537522763	-0.0239486917	-0.0346465811	-0.0437206048	0.058350284	-0.0861394431	-0.0833948634	-0.1310046557	0.0894421273	-0.0139697688	0.0239060697	0.0453235101	-0.0139687765	0.1558835428	0.0010062875	-0.0952512881	-0.0129055862	0.0952721826	-0.0592024573	-0.1487656864	-0.026405459	-0.0738530438	0.0658073769	-0.0067008218	0.0672888023	-0.0456049008	-0.0550358132	-0.0234916448	0.0759927391	-0.1297224513	0.0071534423	-0.0898144081	-0.0839340287	-0.1253794321	0.1195894392	-0.0634786215	-0.1613552986	-0.0898854476	0.115969212	0.0272680908	-0.0284180759	-0.0688189738	0.0781699566	-0.1113540105	-0.0570393401	-0.0186025441	0.0237333428	-0.0549931222	-0.0868261411	0.0383282963	0.0177293555	0.0352656854	0.0525427612	-0.0673603392	-0.1185902263	-0.1732909183	0.127639961	-0.0588074544	0.0258339736	0.0631099308	0.0585706226	-0.0351695437	-0.0066697218	0.0636830584	0.0499820707	-0.049455249	0.0401547442	0.0346479992	-0.0726965832	0.0460513793	0.1290104383	-0.0540484123	-0.1500367098	-0.0347413864	0.0846350731	0.0458121051	0.0017923875	0.0542293045	-0.1200973687	-0.0225203383	0.0298714118	0.0579952268	0.1267983718	0.0645010154	0.0485439533	-0.0262927858	0.0098719112	0.0672658099	0.0767366316	-0.0748327254	0.0645141552	-0.1192108916	0.0261105688	-0.026024233	0.0399286352	0.011676373	0.1083609608	0.0152655342	0.0896920155	-0.130628615	-0.0121053646	0.0614123564	-0.120425393	-0.0268319309	-0.0924157511	0.0736186857	0.0551452713	0.0	0.0	0.043357743781371	-0.0039344200616397	1.5479661221433715e-05	0.001879893945811	0.1158965179154449	-0.0181750786551049	0.013432002864925	0.0003303334841192	0.4628205051996588	0.0036127236907574	1.3051772465760429e-05	0.2142028200332673	-0.0008279711842054	-0.0002400810854576	6.855362818744924e-07	5.7638927594499455e-08	0.0008480163623911	-0.0001538454179181	7.191317508830335e-07	2.36684126144256e-08	-0.0012481493361487	-2.994249039880016e-05	8.965527312822397e-10	1.5578767653284409e-06	0.0	0.0
51.87719136980033	-0.0479413804730128	0.0022983759616581	2691.242984418885	60.15184774500801	0.3502868535046914	3618.2447871386257	0.1227008797382171	56.50490222903464	-0.042432941121163	3192.803975912764	0.001800554492192	57.25776868422883	51.75924709594116	0.968606	31.813961	0.1001395832094407	0.0678600797439582	0.084984116	-0.1171531577	0.0713419239	0.04912239	-0.039772955	-0.0170811381	0.046158976	-0.1067517586	0.0637237635	0.0076373803	0.1026513264	0.13112003	0.0468908039	-0.071176105	0.1017120494	0.0276718519	-0.065454837	0.1287134687	0.0816383839	-0.0149959507	0.0289042387	-0.0500944566	-0.0002908405	0.0286819685	0.1553107412	0.1116744153	-0.088380766	0.0295157419	0.0569474342	0.0728389239	-0.0237754439	0.0693185023	-0.0221329247	-0.0686576298	-0.0411873957	-0.0506640347	0.0888342236	-0.0282653271	0.0996881665	0.0845496645	-0.0355132343	-0.0652539181	0.0096287171	-0.0181345751	-0.0852952191	0.1246352481	-0.0701661689	0.0324070038	0.0608466882	-0.0334411921	0.0562889461	0.0834013976	0.0470261087	-0.0473997597	0.0078574505	0.0361893263	-0.027445604	-0.0920151259	0.0741200727	0.0343792084	0.0567672983	-0.0292100851	0.0106012212	-0.050416543	0.1558283341	0.0112748006	0.0491600875	-0.1010559197	-0.1532319755	0.0238368636	-0.1212872786	0.0562548174	-0.0137227394	-0.0333734437	-0.1726147393	0.016945905	0.0718124641	-0.0178831688	-0.0814118371	0.004423777	-0.0612030878	0.0779730846	0.0297990487	-0.0803076019	-0.0472078392	0.0890047165	0.0103507952	0.0816218372	-0.0162936234	0.0821007311	-0.1056838511	0.0190229872	0.0631596344	-0.0176032991	0.103767511	0.0141953754	-0.0913818749	0.0347335146	0.0173147141	-0.0050782414	-0.1141611531	0.0036459061	-0.0806460757	-0.0437792424	-0.0180985739	-0.0906257578	0.0506241986	0.0833736242	-0.0069062319	-0.0158674783	0.0284370372	-0.1116840965	-0.0076020719	-0.0816858226	0.1418173563	-0.0596193546	0.0323218581	-0.0941650582	0.0186391097	-0.1008870979	0.0378152759	-0.0090121533	0.0997721792	0.0885683596	-0.1142824324	-0.0173133676	-0.1327651404	-0.0807435737	0.0429996237	-0.0583323094	-0.0732111717	0.0984305348	-0.0914681983	0.0824743132	-0.116367765	-0.007075114	0.0138218162	-0.0525898088	-0.0677842276	-0.0918797735	0.076241172	-0.0227085955	0.1171666238	-0.1049317222	0.0550499929	0.0059629913	-0.0456073597	0.0068114408	-0.0437265773	0.0250972223	-0.0729467408	-0.0374742794	-0.0895487057	-0.0583017846	-0.0831551239	-0.094703923	0.0607448298	-0.0490526642	0.0801147657	0.0083648265	0.0024862222	0.0298589286	-0.0688097641	-0.0286375605	-0.0905259858	0.0775516848	0.048622297	0.0	0.0	0.046470315225207	0.0031125714438359	9.688100992983303e-06	0.0021594901971301	0.1252456987770642	0.0093491808616193	0.0156864850621551	8.740718278326864e-05	0.5240978590756242	0.0612773538759654	0.0037549140980402	0.2746785658876529	-0.000430020285407	0.0003979508987984	1.8491744586151773e-07	1.583649178544544e-07	0.00085424341701	6.227054618899931e-06	7.297318155049207e-07	3.8776209226762967e-11	-0.0011243177490056	0.0001238315871431	1.533426197437917e-08	1.2640904007290197e-06	0.0	0.0
51.854736498255335	-0.0224548715449941	0.0005042212561021	2688.913697303494	59.26783760601187	-0.8840101389961461	3512.676574492594	0.7814739258479856	56.54441067297682	0.0395084439421751	3197.2703783542547	0.0015609171427319	57.249777577481446	50.14418528696012	1.045778	34.348667	0.0949327014731091	0.0600931321277979	-0.1029871063	-0.0390685629	0.0818090622	-0.0470194145	-0.05172731	-0.0994138503	-0.0941397943	-0.0397804074	-0.084196177	0.0593281712	-0.0042488358	-0.0579833173	0.0847144792	0.0072874838	0.0232813907	0.0665712472	0.062762051	0.0325410555	-0.0141060245	0.0001786628	0.1722225577	-0.0490811945	-0.0451696244	0.0892304435	-0.0530154511	0.0158446354	0.0441555703	-0.0528733533	0.1090900493	-0.0291478642	0.0300926085	0.0094136729	-0.1083232194	-0.1119203576	-0.0158092983	-0.0606650521	-0.0651648585	0.0533910401	0.0077939157	0.0115474328	0.0706690758	0.0549367533	0.0483487165	-0.0337626877	0.0715773034	-0.01886428	-0.0014082507	-0.0010492113	-0.1246056074	-0.0217585381	-0.0131597539	0.0602221587	-0.0408537702	-0.0905673143	0.0548550195	0.048088817	0.0763975338	0.0244355653	-0.0134198671	0.1256483554	-0.0224077261	-0.0776534743	-0.0180439977	-0.0353528867	-0.2029814851	-0.1287235694	-0.0784910098	0.1870304924	-0.112524193	0.0371728933	-0.0291413879	0.0220823186	0.0567986831	0.1202732796	0.0437037972	0.0062624214	-0.0036951904	-0.0480275664	0.0414290218	0.0406171007	-0.0659893352	-0.0337079968	-0.0102044985	0.0483752282	-0.0197894015	0.0599896823	0.0369847955	0.0094256998	0.0295575221	-0.0139396594	-0.0146158221	-0.0546536142	0.000367119	0.0858401922	0.0682591472	-0.0560925746	0.130788528	-0.0068443016	-0.0428780951	-0.0558942362	-0.078177183	-0.0573054183	-0.0408007031	0.0725437679	0.0102833174	0.0715079438	-0.0518167414	-0.0717108808	0.0621039751	0.0777186804	0.0470074066	0.0413216258	-0.0239023801	-0.0230935077	0.0484178701	0.0102537813	0.0336073174	0.0172268579	-0.1077805296	-0.0064586758	-0.1696853038	0.0902710013	-0.0824199244	-0.0913541344	-0.0685296611	0.0339485429	-0.1256154506	0.1234533084	-0.0563952063	-0.0567698689	-0.0369127675	-0.1068399755	0.0079450825	-0.0723045825	0.1899484815	-0.0133914899	0.1404200171	-0.0702363084	0.0474959325	0.0271898937	0.0165258402	-0.1022800817	0.0042780042	0.0818165764	0.0868634805	0.0681727898	0.0080458483	-0.0662125156	0.0380312059	0.0303336282	0.020961882	-0.0154661635	0.0847737945	0.0635869423	0.1593602551	0.0077098251	0.1091768402	0.0641891103	0.0688611855	0.0927129833	-0.0212567074	0.1050964093	-0.0309201278	-0.0304342698	-0.0885234364	0.0812673177	0.0418570888	0.0	0.0	0.039022862120106	-0.0074474531051009	5.546455775267848e-05	0.0015227837680448	0.1253609785610479	0.0001152797839836	0.0157153749457835	1.3289428595323794e-08	0.4773509843328298	-0.0467468747427944	0.0021852702982185	0.2278639622435215	-0.0010419147294644	-0.0006118944440574	1.085586303474874e-06	3.744148106683146e-07	0.0009691323841454	0.0001148889671354	9.392175779993472e-07	1.3199474769439029e-08	-0.0012099962146374	-8.567846563179988e-05	7.340799473019514e-09	1.464090839436837e-06	0.0	0.0
51.92607395473128	0.0713374564759448	0.0050890326964573	2696.3171563522224	59.90188714909681	0.6340495430849415	3588.236084023129	0.4020188230862231	56.586947887063886	0.0425372140870692	3202.082671173284	0.0018094145822891	57.25778262275581	50.94848935171213	0.999263	32.820869	0.0911356000608095	0.0452532563024242	-0.0305950121	0.080171891	0.0044303564	-0.071621272	-0.0818575296	-0.0207316735	0.003454121	0.0854766377	-0.0069350447	0.0020324967	-0.0428592532	-0.1151573834	-0.0032871814	-0.0166698188	-0.0204611595	-0.1199750986	-0.0316670506	0.0725750826	0.0616718183	0.0147512407	0.0599071025	0.0526586464	-0.0362370362	-0.043293284	-0.1217843569	0.15332816	-0.0685030299	0.0762218472	-0.0938464325	0.0151205839	0.0715725248	-0.0670726547	0.1042502654	0.0901000417	0.0074957003	0.0465843323	0.0292835143	-0.0550624284	-0.0194637368	0.0042099642	0.0582614035	0.0196037838	0.0018936401	0.0104643835	0.0695440064	0.0275400319	0.0016473192	-0.0567523518	-0.0164453825	-0.0741177454	-0.082914232	0.0137779303	-0.0402400394	-0.0586025204	-0.1419525338	0.0179136621	-0.0099728289	0.016335047	0.0228126289	0.163116548	-0.0627402702	-0.0313467683	0.0846963783	-0.0356270145	0.0253844432	-0.0272591231	0.139766939	-0.0452517368	-0.0002540257	-0.0802549674	0.0432382694	0.0878123522	0.0318100563	-0.0104862391	0.0732886827	-0.0708796929	0.0790663162	0.0288296873	0.0485371206	0.005115472	0.0380939317	-0.1621014606	-0.0321888958	-0.0025678834	0.0233125711	0.0555631055	-0.073854274	0.0993214225	0.0913331273	0.0629100511	0.0687518317	0.1342817636	0.0055123851	0.0181599447	-0.0599495256	0.0365977191	-0.023832563	-0.0876314411	0.0406461217	0.0407100132	0.0529758849	-0.0574660685	0.022936786	0.0971605783	-0.0514249399	0.0549063795	0.078132104	-0.0501217861	0.0085857024	-0.044493543	-0.1099690999	-0.0112733634	0.0893552919	0.0745863786	0.0132091034	-0.0827547658	-0.1309056284	0.0514275174	-0.043267605	0.0240791873	-0.0337268822	-0.0099976773	-0.0026841833	-0.0273504187	0.01221709	0.0488735115	0.0823925049	-0.066530605	0.0167068486	0.0998379012	-0.018688623	-0.0548094928	0.0120270284	0.0591623614	-0.0067237662	-0.0481909242	-0.1414638004	-0.0348116949	-0.143854987	0.0967340211	-0.0696894483	-0.0168252753	-0.0013382487	-0.0716560586	0.0515655168	-0.0046794036	0.0254697297	-0.0220398225	-0.010708624	0.019215396	-0.0192874352	-0.1856735817	-0.0998449925	-0.0786477121	-0.0183225735	-0.0443184116	0.0524025554	-0.1066058102	0.0536289201	0.0597879067	0.0849008364	-0.0150413808	0.0822761688	-0.032221499	-0.0864105979	0.0847551701	0.0348833508	0.0	0.0	0.0509433167358679	0.0119204546157618	0.0001420972382464	0.0025952215200509	0.1574511617224629	0.032090183161415	0.0247908683277531	0.0010297798553331	0.5011302285069874	0.0237792441741576	0.0005654524534942	0.2511315059234654	-0.0008138159575076	0.0002280987719568	6.622964126940118e-07	5.202904976820029e-08	0.0011689767847868	0.0001998444006413	1.3665067233704845e-06	3.9937784467720384e-08	-0.0011710250250461	3.8971189591299965e-05	1.5187536181610468e-09	1.371299609284219e-06	0.0	0.0
51.91274604924016	-0.013327905491117	0.0001776330647801	2694.9332023729003	59.43324101289964	-0.4686461361971652	3532.310137297416	0.2196292009725319	56.44583937761595	-0.1411085094479389	3186.132783043619	0.019911611438619	57.14574182110338	50.89037463278744	0.98555	32.370472	0.0964023977685291	0.0459969753854085	0.0070039775	0.0696440997	0.051840272	-0.0535155676	0.0643410983	0.0430700135	-0.0046716139	0.041964753	0.0197971782	0.0544927666	-0.0136072533	-0.0994352106	0.0902267032	-0.0117036672	0.1120495193	0.050487159	0.0252733042	0.0062885113	-0.0626895065	0.1884443663	-0.0534388161	0.090922046	-0.0528761414	-0.1029961889	0.0537527043	-0.043184175	0.0388955902	-0.0039843275	-0.0925709441	-0.0529745529	-0.1193414772	-0.0183063592	0.0095877911	0.0264563571	-0.0201445171	0.0370638305	-0.0379362234	-0.0814396545	-0.0117940529	0.0789417966	0.0849306799	0.0740201135	0.0296862419	-0.0666605362	-0.0006796234	-0.0445087311	0.0929612394	-0.0759655922	-0.1801248889	0.0001688997	0.0472080952	-0.0113291448	0.0448697225	-0.1511310978	-0.2172051818	0.1283055421	0.1040431487	-0.008833214	0.0359953653	-0.023580537	0.1237577875	0.0292748436	-0.0632089001	-0.0864909959	0.0226022231	0.0422097062	-0.0606440669	0.0934256963	-0.0332617601	0.0465063759	0.0907390214	0.0548785856	-0.0119338538	0.025393419	0.0022687905	0.0411094335	0.0815216921	0.0839462831	0.0573631029	0.0482961979	0.1157949896	0.0098856141	-0.0532095394	-0.0725003964	-0.0124726181	-0.0617841321	-0.0262777582	-0.0359199127	0.0585249413	0.0512171163	0.1139540261	-0.016677635	0.0370628332	-0.0064370946	0.0443381161	0.0052750942	-0.0550450338	-0.0126959506	0.0142913436	-0.0012047847	0.1242055592	-0.0132655532	0.0512047953	0.1448478069	-0.0608561472	-0.0024300739	-0.124374162	0.0493621298	-0.0459995438	-0.128968985	0.1667362661	-0.1048966352	-0.0789181563	0.0398320379	0.0998885727	0.015700274	-0.1023270263	0.008207886	-0.0746314059	0.0069008219	-0.0071428557	-0.0786381817	-0.0587101075	-0.0362573605	0.0102854944	0.0142369499	0.0655124232	0.1718674702	0.0373126551	0.028271205	0.1881759127	0.1468399443	0.0592806681	0.0061111016	-0.0851034451	0.0492418634	0.0702149318	0.049009513	0.1332819577	0.0256450098	-0.032112826	0.0815016103	0.0207305656	-0.037528968	0.0363071848	0.0500308601	-0.0596652785	-0.0237163234	0.08516501	-0.0172913387	0.0044395992	0.1340090175	-0.1024001959	0.0796137957	0.1058298682	-0.1204250385	0.1013056206	0.102563968	-0.1156543648	0.0094718223	0.0263343968	0.02743665	0.0014338774	-0.0339986915	-0.0841901024	0.0880054659	0.0277358257	0.0	0.0	0.0422077813548043	-0.0087355353810636	7.630957839381398e-05	0.0017814968068949	0.1202779947846295	-0.0371731669378334	0.0144667960294113	0.001381844340188	0.5131866917413745	0.0120564632343871	0.0001453583057221	0.2633605805804566	-0.0004690426172007	0.0003447733403068	2.2000097675048242e-07	1.1886865618637745e-07	0.000903240586376	-0.0002657361984108	8.158435568768603e-07	7.061572714582404e-08	-0.0010127899194589	0.0001582351055872	2.5038348640192356e-08	1.025743420957565e-06	0.0	0.0
51.884151865248015	-0.0285941839921477	0.0008176273581767	2691.965214776119	60.12141071666371	0.6881697037640677	3614.584026561766	0.4735775411787247	56.477443365741976	0.0316039881260294	3189.7016091305923	0.0009988120654702	57.20005971462111	52.00664164840176	0.982876	32.282635	0.0977891714980661	0.0662614830174115	0.1129190745	0.0382752221	-0.0405216469	-0.1131420391	0.0063849792	-0.0897310322	0.1143557299	7.34744e-05	-0.0693471641	0.0953632383	-0.0842673688	-0.1112408104	-0.0194999511	-0.082568352	-0.0489843895	-0.1551979789	-0.0229503512	-0.0127837777	0.0742632899	0.1182238281	-0.0285306823	-0.0223811269	0.0159203361	-0.0210928158	0.0112142001	-0.0567002792	0.0858119323	0.0180888534	-0.1665946096	-0.0007460996	0.0802640162	-0.0205118431	0.0318263084	-0.09704371	-0.0028368814	-0.1044888428	0.0323782102	0.0477628715	0.1577922402	0.0781410868	0.0067350826	-0.0566766727	-0.0102025976	-0.061850756	0.051112073	0.0041055082	0.0118464937	-0.0602450851	0.0057508212	0.0516281122	-0.0017374407	-0.10845582	-0.0955459592	-0.0527195377	-0.0486145924	0.0331420262	-0.1248134162	0.1723669264	0.0381854943	0.1124262492	-0.1032804785	0.0781003774	0.1079148456	-0.0789261431	-0.0224714078	-0.1574056171	-0.0257926779	-0.083601185	0.0513612991	0.0112661836	-0.1154038974	-0.1756968959	0.0586256819	-0.0665829266	-0.053042916	0.0409915595	-0.0307117509	0.0362188276	0.127120878	-0.1582770167	0.0104658891	-0.0137816301	-0.057339704	0.0039653173	0.0815903913	-0.0155509815	-0.0472271884	-0.1045515232	0.0193427991	0.1267544141	-0.0918954382	0.0397330828	-0.1054227831	0.0223535279	-0.0349458913	0.0304888359	0.1723883931	-0.0358187983	-0.0927109515	-0.118296699	-0.0130431771	-0.0099536555	0.0259144805	0.1387761227	-0.0302510499	0.0296167969	-0.0426127053	0.0048702926	0.0106899657	0.0257236032	-0.0612724529	-0.0570478491	0.0848443393	-0.0573199896	0.0880301419	-0.0302253878	0.0368799974	-0.0319669528	0.0852814516	0.0311535525	0.0078864126	0.02846476	0.0023564769	-0.0591765295	-0.0026837661	0.0912683046	0.0411318717	-0.0232516011	-0.1169681429	-0.2679210662	-0.1449664965	0.0664192489	0.0534825001	0.085826211	0.021706225	0.041007261	0.0224067918	0.0794748418	-0.0685420129	-0.0205664906	0.0244383203	0.0720119639	-0.0862411393	0.0735886636	0.0344807388	-0.0098976154	0.0742914144	-0.0222702564	-0.0324970481	-0.0552847435	0.0709504308	-0.0953232038	0.1446575908	0.0021849129	0.0027282327	-0.0084094476	0.0076161658	0.0733295523	0.0297005487	0.0593685607	0.0376639803	0.0303304688	0.0328991485	-0.0357652936	-0.0818647166	0.0910090951	0.020450122	0.0	0.0	0.0377267762976885	-0.0044810050571157	2.0079406321897324e-05	0.0014233096498158	0.1159304871246433	-0.0043475076599862	0.013439877844957	1.8900822853638727e-05	0.4776497996810604	-0.0355368920603141	0.0012628706973064	0.2281493311353571	-0.0014780205936519	-0.0010089779764512	2.184544875259115e-06	1.018036556963558e-06	0.000899289881634	-3.950704741999961e-06	8.087222912092937e-07	1.5608067958460978e-11	-0.0010683365726787	-5.554665321980015e-05	3.0854306839207343e-09	1.1413430325228711e-06	0.0	0.0
51.868820646382645	-0.01533121886537	0.0002350462718978	2690.3745552466107	59.85738129794279	-0.2640294187209235	3582.906095847311	0.0697115339501087	56.58098564216559	0.1035422764236102	3201.4079362389484	0.0107210030069833	57.253646090104056	51.19691457826925	1.03128	33.87249	0.1610564735701156	0.0911627216932872	0.0144231834	-0.1393208813	0.0567747257	-0.0951908528	0.0926741238	0.0578986962	-0.0681839559	-0.0753443457	0.1764434642	0.0759258436	-0.0388965168	-0.0211372302	0.0514507136	-0.1488814828	0.0432662385	0.0705889886	0.0175359113	0.1525439274	0.2299893962	0.0054286363	-0.07123723	-0.0937946484	0.0970465745	-0.0269029771	-0.0425844808	-0.1266830893	0.0068857272	0.1028640793	0.0016571098	-0.075694273	-0.0394213551	-0.0360197517	-0.2456172155	0.0166209385	-0.0584047288	-0.049660317	0.0559508127	-0.0943678468	-0.0115007396	0.0140486468	0.0328732418	0.0254674036	0.0075115804	-0.015938655	-0.0187522119	-0.008274472	-0.0415633307	0.1844818335	0.0734876628	0.1041566171	0.0102726758	0.0165099439	0.1384530671	-0.1168917477	0.0476548165	0.0695679589	-0.0065170593	-0.0430576651	-0.1562860686	-0.015797117	-0.0168742671	0.0851508482	0.1270778096	0.0657952535	0.0870972419	0.0619374425	-0.0197121526	-0.0247519626	-0.0354200585	0.0090779315	-0.026095588	0.0946683561	0.0556294349	0.164166304	-0.0405831432	0.0263069016	-0.0853553752	-0.059179874	-0.1716714852	0.065153913	-0.074710745	0.0326866543	0.0818631315	-0.0324806006	0.0521745026	-0.1326581426	0.1241141541	-0.0443911576	-0.02311154	0.1245493121	0.1136736259	-0.0452114591	0.0526155907	0.243266652	0.093283225	-0.0663433974	-0.122648009	-0.0529745074	-0.0561866095	-0.0545162524	-0.0239720746	0.1242828127	0.0224121805	-0.1080387121	0.0157693531	0.0397817213	0.0325807623	-0.1013614129	-0.0027501843	0.0721328937	0.1259620061	-0.0876084223	-0.0268930876	-0.040627739	0.0503605425	-0.0138410145	0.0587932388	0.0964623125	0.0790181224	-0.0374857655	0.0249251172	-0.1029666658	0.0268675739	0.1083687406	-0.0407844586	0.1052135363	0.0743885519	-0.121747678	0.0060413279	-0.1060234264	0.1241014074	-0.0476900662	-0.1184877977	-0.0680061731	0.0006861806	-0.0110976417	-0.0170585803	-0.0353324011	-0.0567217669	-0.0698858245	0.0990955275	-0.0266012473	-0.05097956	-0.1353476714	0.0216106218	-0.0620372696	-0.0473993482	0.0174131168	-0.0359832436	0.0226266875	-0.0229452697	0.0282151793	-0.1216292364	0.0443118272	-0.0273509647	-0.1387508434	0.1156640949	-0.0173571666	0.0453488144	-0.0249957303	0.0498227474	0.0022921883	-0.0138128965	-0.037520755	-0.0794373376	0.0937576389	0.0130625369	0.0	0.0	0.0430841562315436	0.0053573799338551	2.8701519755673276e-05	0.001856244518184	0.1372067050935896	0.0212762179689462	0.0188256799226392	0.0004526774510621	0.5154896962344822	0.0378398965534217	0.0014318577711736	0.2657296269239186	-4.424372381464951e-05	0.0014337768698372	1.957507096986984e-09	2.055716112480304e-06	0.0011520325870104	0.0002527427053764	1.327179081533875e-06	6.387887512098175e-08	-0.0013134765797429	-0.0002451400070641	6.0093623063436e-08	1.7252207255331068e-06	0.0	0.0
51.95317399524335	0.0843533488607022	0.0071154874640153	2699.1322881800297	60.04774931535364	0.1903680174108544	3605.732197839554	0.0362399820529393	56.65114190595613	0.0701562637905439	3209.351879248779	0.0049219013490483	57.34922638021372	50.78639577833634	1.046	34.355957	0.132622624776129	0.0659020576642357	-0.0828539969	0.0416552166	0.1359257103	-0.0575700023	0.0157052154	-0.0550112448	-0.0699261664	0.0711620852	-0.0221478523	-0.0489190178	-0.0853220503	-0.0450708018	0.1771148508	-0.0792524805	-0.0084931827	-0.0829592486	0.0589882154	0.0172149831	-0.008581885	-0.0080761208	0.0863714198	0.0548955848	-0.0758500863	-0.0087338602	-0.0422490261	-0.0368127083	0.0002936032	0.0176440103	0.0006792678	-0.0404973153	0.099950577	-0.1599864713	0.0743047553	-0.0704519247	-0.0516629485	0.039116754	-0.1088231739	0.1683258529	-0.0476311394	-0.0215600935	0.0898093779	0.0930941602	-0.2410534489	0.0435667394	0.018835794	-0.1899840387	0.0424619949	-0.0113541142	0.0589715459	0.0686217326	0.1148110072	0.1164133342	0.0527070534	-0.0898498033	-0.1243532313	0.0205622906	-0.0074417283	0.0108847879	0.020553491	0.0690700682	-0.0389613308	0.0151273548	0.0615216281	-0.008134038	0.0567883524	-0.0290054543	-0.1110752949	-0.1104372877	0.0024665907	0.008350469	-0.028411071	0.0746061884	-0.0399789502	-0.0948008113	0.2044060336	-0.0082215439	-0.0249212961	0.1197462355	-0.0642216381	0.0372758645	0.0402891334	-0.0647040556	-0.0449028928	0.0718931	-0.0508590104	0.0240536037	0.033600634	-8.4133e-05	0.0001386932	-0.0006085763	0.1484534534	-0.0193504371	-0.201610926	0.1449452031	-0.1240740643	-0.0628076012	0.1762508886	-0.0673584777	0.0303264519	0.0653863804	0.0391377711	-0.0961920185	-0.1626683764	0.0114478906	0.0795103945	-0.02328007	-0.0310184468	0.0747177719	-0.147805553	0.019161737	0.0180085097	-0.0354534632	-0.0306509763	0.0297890431	0.0463499817	0.0238603339	-0.054742855	0.0720554361	-0.0754088977	-0.0257645173	0.0241560544	-0.026608745	0.0040123722	0.0285830437	0.0800879506	-0.0127693734	0.0296890032	0.0802571488	-0.0354315113	-0.0596531162	0.0425634713	0.018246845	-0.1325657284	0.1852045068	0.0180900543	-0.1002480508	-0.025222913	0.0657667453	-0.0290383258	0.0779275164	-0.0214608448	-0.0825433646	-0.1177283817	0.0796355426	0.0897336268	-0.0075101519	0.1270897713	-0.0091040827	-0.0074185338	0.0322569555	-0.1657843807	0.04252652	0.0313269126	0.0042951339	0.0084963931	0.0510247193	0.0422363988	0.0312303063	-0.0172689318	-0.0304335072	0.1217266039	0.0465554093	0.0447157732	-0.039264529	-0.0769109895	0.0962433935	0.0056098749	0.0	0.0	0.0276645325521371	-0.0154196236794065	0.0002377647944145	0.0007653263613282	0.1278647197585485	-0.0093419853350411	0.0163493865589321	8.727269000012302e-05	0.4715891751155183	-0.0439005211189638	0.0019272557545165	0.2223963500861349	-0.0007690528288115	-0.0007248091049968	5.914422535029703e-07	5.253482386863355e-07	0.0008219225719525	-0.0003301100150579	6.755567142850125e-07	1.0897262204152699e-07	-0.0010891858069433	0.0002242907727995	5.0306350763041775e-08	1.1863257220467275e-06	0.0	0.0
51.92251396780177	-0.0306600274415771	0.0009400372827182	2695.94745673657	60.03479759450902	-0.0129517208446188	3604.1769222136654	0.0001677470728369	56.62201519664243	-0.0291267093137008	3206.0526049288064	0.0008483651954448	57.32106607747061	51.22016557847779	0.956141	31.404522	0.0472064882827238	0.0264073761738543	-0.0145716088	0.0596668628	0.0346827446	-0.1107542453	-0.0770616211	0.0144395617	0.0110439372	-0.0070912529	-0.0315872929	-0.0413405672	-0.0980663072	-0.1450640336	0.035771671	-0.0775049605	0.0216433369	-0.0631496347	-0.030509936	0.1303250435	0.0712219166	0.0924980443	0.1101458211	0.0974794315	0.0031657436	-0.0799942895	0.0438127061	0.0355842412	-0.0252015992	0.0477198484	-0.0060048934	0.0213796316	-0.0222413648	-0.0327436651	-0.062861303	0.0977894249	-0.0192864277	0.0740376993	0.1849472434	0.0994912197	-0.0490471112	-0.020252462	0.0656891466	0.0274428034	0.1453330665	-0.1201201076	0.0352171392	-0.1329603096	-0.0438578649	-0.0271660095	0.0181352776	0.1452666149	0.0688231511	-0.1287113272	-0.0278625045	0.0372739335	0.0046226892	0.0966865513	-0.0249759811	0.0305963546	-0.0270891425	0.210202775	0.0661258374	0.0838104801	-0.0612537505	-0.0450221067	-0.0775658296	0.0696600602	-0.0252492318	0.041462403	0.0380185562	-0.0693754009	-0.0588667584	-0.0463223666	-0.0386580637	0.0602274483	0.0457744708	-0.0996175145	0.0387019788	0.0078438505	-0.1081992265	-0.1193599736	0.0335723872	-0.0995151684	-0.064229391	-0.0392814291	-0.0963481429	-0.0260301563	-0.0177939873	0.0402768259	0.0002414602	0.0246432399	-0.0070011032	-0.0899474577	0.1471557635	0.0383194691	-0.094661963	0.0449441556	0.0059760935	-0.1172063184	0.128388793	-0.0224375495	-0.0002018762	0.1406536976	-0.0346310007	0.1086625237	0.0193959828	-0.0004985459	-0.0697841998	0.0333046439	0.0868876975	0.0686886393	0.0759230221	0.0007676775	0.0489922441	-0.1480826743	0.0273598931	-0.0041375527	-0.062225939	0.0186770325	0.0066381	0.0545236529	-0.0144408168	-0.071242006	-0.0566861462	-0.0056235855	-0.1346008398	-0.1321119828	0.0908592778	0.0477224642	-0.0175928427	-0.0159860317	0.0026265766	-0.0517330205	-0.0244314556	0.022728918	0.0621565186	0.053462646	-0.1352583407	0.1513327212	0.0023650985	0.0747591743	-0.0306194292	0.0418808577	0.0394441822	-0.0440783658	0.071924405	-0.0499667357	-0.1579652542	0.0037179173	0.074989641	-0.0244377138	-0.0247867532	-0.1803526216	-0.039242971	0.0825882333	-0.0898958968	-0.0177693651	-0.1761976247	0.1574682376	0.0132972728	-0.0494936244	0.146239483	0.0481427423	0.0139050238	-0.0409960724	-0.0742888199	0.0984593917	-0.0018707352	0.0	0.0	0.0324068628389824	0.0047423302868453	2.248969654953023e-05	0.0010502047590646	0.1306671027749502	0.0028023830164017	0.0170738917475993	7.853350570616718e-06	0.4969304102145102	0.0253412350989918	0.0006421781963423	0.2469398325959613	-0.0008719598457044	-0.0001029070168929	7.603139725208411e-07	1.0589854125795608e-08	0.0009240131913381	0.0001020906193855	8.538003777668202e-07	1.0422494566535445e-08	-0.0011705989682745	-8.141316133119993e-05	6.628102837939988e-09	1.3703019445253238e-06	0.0	0.0
51.91824673537232	-0.0042672324294485	1.820927260693778e-05	2695.5043440749987	60.043913206314656	0.0091156118056332	3605.271513127448	8.309437859100028e-05	56.58709599645875	-0.0349192001836797	3202.0994333124377	0.0012193505414679	57.33240780185271	51.7925468502764	0.964479	31.678396	0.0872447640588869	0.0472126932870141	0.0776224433	0.055762487	-0.0323261427	-0.1245399623	0.0839047828	-0.0291742776	0.1029503777	0.0463127931	0.0639105541	0.011023276	0.0423292196	-0.1053548778	0.0466563454	-0.0921010283	0.0316056799	0.0574938341	-0.0571982121	-0.0760991659	-0.0283258251	0.0955637699	-0.0117075871	-0.0485580766	-0.12517339	-0.0298047916	0.0924037864	0.0861785452	0.0021918637	-0.1314428414	0.0542091743	-0.0222621294	0.0468280399	0.0581466106	0.0619246648	-0.055570704	-0.0179494234	-0.0171520711	-0.0604570741	-0.0021568677	0.0481804936	-0.036879581	0.002171653	0.0078283708	-0.1448241839	-0.0565100567	0.0027458299	0.1024191732	-0.046443342	0.180035084	0.0269357172	0.0924518116	0.0491585698	-0.0634196415	-0.0339579379	-0.0191822261	-0.052716788	-0.0896560828	-0.1946033466	-0.168585667	0.100702149	0.0966629023	-0.0735866461	-0.0264020671	-0.0122386288	0.047510325	-0.1104227004	0.0192279417	-0.1498148776	-0.0905524319	-0.0568182788	0.0222519009	-0.0266995306	0.0104700393	-0.0041602334	-0.008348575	-0.081779405	0.0126256005	0.1217459796	-0.0305147864	-0.0652238279	-0.0103135611	0.0294835407	0.1651724373	-0.088163028	0.0094913255	-0.0209461943	0.0458533421	-0.0645264933	0.0828605812	0.0951687233	-0.0509713116	0.0051773913	0.0604641481	-0.1711600394	-0.0409885156	0.0683040655	-0.171302982	0.0448267596	-0.0261919581	-0.1237435745	-0.0224936954	-0.1184684295	0.0645541381	-0.080491924	-0.0242464618	0.0332606551	0.0217865607	0.1865509845	0.0836495917	0.140579815	-0.1017425451	-0.0431868003	-0.0334065936	-0.1093359725	0.0106634879	0.0362777445	-0.1217196251	-0.073812165	-0.0945476329	0.0771435478	0.1133782341	-0.0676276119	-0.097323519	0.0405309765	-0.0585767734	0.0840710394	-0.1240208281	-0.011669906	0.0545380101	-0.0055447409	-0.1316974466	0.0356786712	-0.1006912815	-0.1158095581	0.0479473702	-0.1353840047	0.0745678287	-0.0127891934	-0.1012001083	-0.0408090458	-0.0125223992	0.0104082024	0.0940386892	0.1304336553	-0.0720242403	0.0731005951	0.0823753612	0.0833060474	0.1015800489	0.0461260571	-0.1506526795	0.0339910988	-0.0638617886	-0.0918117039	0.2191874925	-0.0137601556	-0.1434443586	-0.1012867523	0.0323215129	-0.0375794484	-0.0296084556	0.0539961086	0.1544439529	-0.0364631194	-0.0427148457	-0.0715740957	0.1003994225	-0.0093420254	0.0	0.0	0.0415674774173453	0.0091606145783629	8.391685945331495e-05	0.0017278551788415	0.1234996402438781	-0.007167462531072	0.0152521611403673	5.137251913432231e-05	0.5199479907918771	0.0230175805773669	0.0005298090156355	0.27034591312851	-0.0001605766104812	0.0007113832352232	2.5784847833631023e-08	5.060661073566267e-07	0.0008400801922188	-8.393299911929998e-05	7.05734729358376e-07	7.044748341160412e-09	-0.0010079330751753	0.0001626658930992	2.6460192777760378e-08	1.0159290840323369e-06	0.0	0.0
51.87309840227999	-0.0451483330923281	0.0020383719810158	2690.8183378526232	60.1173840563565	0.0734708500418435	3614.099865779466	0.005397965805871	56.60952268744544	0.0224266909866912	3204.6380589004	0.0005029564686125	57.34308829201744	51.96732971261167	0.994855	32.676086	0.0918638242912117	0.0643818072185593	0.0979621927	-0.1054191289	0.0934180801	0.0433076152	-0.0067224743	-0.0448232587	0.0518126729	-0.1521128214	0.0274847855	0.0383179891	-0.0622514152	-0.0530956667	0.1623116702	-0.0222270297	-0.0077864688	-0.1728905974	-0.0716622122	0.0463172954	-0.1543725083	0.0489733086	-0.0640208015	-0.1148155358	0.0685333643	-0.1265214946	0.0587329122	0.0350443187	-0.0859119269	-0.0341244875	0.0883644488	-0.0560852374	0.0207445372	-0.083819706	0.0172307863	-0.0105037153	0.1607272696	-0.0598467933	-0.0416198839	0.1265298779	0.1562772257	0.0200833866	-0.0928263781	-0.1182312717	-0.1324027559	-0.0354000416	-0.1012298421	0.0387197933	0.0365998509	-0.0101619237	0.0509255083	-0.0566213554	-0.0894023555	0.0188144881	0.141930809	0.0654561426	0.0346080402	0.0329768308	0.1493743209	0.0465511968	-0.0223384033	-0.0099303624	-0.0592365782	-0.0147863266	-0.117353542	0.0079189449	0.1175565647	0.0010395008	-0.064124018	-0.019928619	0.048722618	0.0910022566	-0.0347208562	0.1213299043	-0.0399237405	0.0577478377	0.0557719688	-0.1548518618	-0.0123341731	0.0934050647	0.0372639823	-0.0690393002	-0.1416426906	0.1345076847	0.0483514161	-0.0375477601	-0.0028723208	-0.0506284539	-0.0790820202	0.0500751597	0.0430800644	0.0839035271	0.0012219891	-0.067644169	-0.015921947	-0.0932044315	-0.0824324366	-0.0966952285	0.1390865538	0.1287366083	0.0021745472	-0.1128885652	-0.0022836222	0.0474573026	-0.0185273337	-0.1650859545	-0.0821122478	-0.0477888697	0.0002743348	0.0122765675	-0.0928006476	-0.0479696995	-0.1372515388	0.0341300004	-0.032639316	0.1243774738	-0.0286426471	-0.0417667167	0.0454393812	0.1481333958	-0.1798157416	-0.011145381	0.0928761215	-0.0370633485	0.0437261415	0.1044748127	0.0190095196	0.0688518141	-0.0765478892	0.1373879709	-0.027011792	0.0553175789	-0.0153907183	-0.0307949517	-0.0919688082	-0.1399915225	0.0201464234	-0.107968949	0.0618383196	0.0382891388	0.0139052408	-0.060333127	0.0812324671	-0.0055413002	0.132449361	0.1066619489	0.1400770358	-0.0543662984	-0.0761939828	0.0618581073	0.0146415505	-0.1477677495	-0.1262750079	-0.1783465539	-0.0474810962	0.2052464486	0.0538085083	-0.1296685077	-0.2251009572	0.0516025463	-0.011968627	-0.0038187675	-0.0220194984	0.0474171196	-0.0076103228	-0.0444203137	-0.068770199	0.1020580481	-0.0167667741	0.0	0.0	0.0441909325500944	0.0026234551327491	6.882516833547599e-06	0.0019528385196469	0.115747669268643	-0.0077519709752351	0.0133975229411231	6.009305400088761e-05	0.4996824028903646	-0.0202655879015125	0.0004106940529939	0.2496825037582886	-0.001295117346815	-0.0011345407363338	1.6773289420211252e-06	1.287182682400841e-06	0.0008071188126432	-3.296137957559998e-05	6.51440777722569e-07	1.0864525435267795e-09	-0.0009509789854504	5.695408972489994e-05	3.2437683363919526e-09	9.04361030768272e-07	0.0	0.0
51.8020700262713	-0.0710283760086909	0.0050450301984319	2683.454459006716	59.49192273043056	-0.6254613259259401	3539.28887016352	0.391201870229035	56.53886088021368	-0.0706618072317581	3196.642789632157	0.0049930910012581	57.26463713813187	50.60668357390932	1.040078	34.161461	0.0735559709385793	0.0376857739946878	-0.09258312	-0.1083456269	-0.1322627969	0.0215195408	-0.0315001324	-0.0876693927	-0.1159897633	-0.0670505456	-0.0638916346	0.0065421975	0.0149081254	-0.1827187865	0.0176605729	-0.127970045	0.1519549318	-0.0732891497	-0.0868422501	-0.0936099784	-0.0383390533	0.0557666519	-0.1263918999	-0.0341149417	0.0398697708	0.0134065602	-0.0665186761	0.0357866227	-0.0595138275	0.0733568824	-0.0463551535	0.0597704241	0.0448462149	0.0223306894	-0.0391879033	-0.1195847132	0.0154973296	-0.0988855384	0.0757772311	-0.1223416408	-0.0792937625	0.0072937602	0.0210437113	-0.0141727145	-0.0949560942	0.0308778203	0.0519011638	-0.0540304598	-0.0402552816	-0.0195220589	0.196730595	-0.0273540508	-0.1146625897	-0.1183613156	-0.1369582491	0.0149979266	-0.0069379792	0.0248797424	0.0379506093	-0.0656430829	-0.064473391	0.0217845159	0.1694328423	0.0701805317	0.0287348792	-0.0776052722	-0.0627949219	-0.0699619504	-0.1399761197	-0.0537909549	-0.0603534881	-0.0613766124	0.1748384487	-0.0406536539	-0.1128472419	-0.0493571674	-0.0693062215	0.106222907	-0.0066207532	0.0799805639	0.0466772858	0.0089965593	-0.1158868747	-0.0811978857	0.0609249724	-0.0100197207	-0.0510299833	0.0054677431	-0.0804310729	-0.0548053543	0.0117493795	0.0772859636	-0.0765333452	0.1178470692	0.0040053613	0.0128991368	0.0571893248	0.06085672	0.0582139314	-0.1869267593	0.016528356	-0.0794205534	0.0447660852	-0.1249684618	-0.0642612179	0.0058345048	0.0404485159	-0.1103540796	0.0504130555	-0.0442273336	-0.0335988101	-0.0625788553	-0.1111630929	0.0422149201	0.1068717435	0.0898826717	-0.0600564902	0.1277318025	0.0328202078	-0.079413673	0.0866875494	-0.1043194626	-0.1311299636	-0.119246913	-0.0038718727	-0.0907721854	-0.097016943	-0.0123509359	0.0779675723	0.0383855607	-0.1155196855	0.0406651935	0.1233916095	-0.0259206112	-0.0467498473	0.0324321627	-0.1002210585	-0.0468969569	0.0254353513	0.1462502968	0.1331783915	-0.0106375325	0.0624673655	-0.108213369	-0.0138510305	-0.0599172759	-0.0653501786	0.0608871423	-0.0616774247	0.001069415	0.026495317	-0.0549257463	0.0925194384	-0.0708977271	0.0750263867	0.0960622343	-0.0424015179	-0.1446226403	-0.0555667347	-0.0327908482	-0.0307925107	-0.0612189921	0.135928247	-0.0037245158	0.0280014095	-0.046111945	-0.0658806233	0.1034306197	-0.0241079916	0.0	0.0	0.0533587521915563	0.0091678196414618	8.404891697837457e-05	0.0028471564354399	0.1390250704104829	0.0232774011418399	0.0193279702026397	0.0005418374039181	0.498017516943527	-0.0016648859468375	2.7718452159771907e-06	0.2480214471825962	-0.0008719664923792	0.0004231508544358	7.603255638320854e-07	1.7905664560974765e-07	0.0011499056917667	0.0003427868791235	1.3222830999574528e-06	1.17502844499229e-07	-0.0009279994348409	2.2979550609499954e-05	5.280597462145697e-10	8.611829510650299e-07	0.0	0.0
51.84629210198015	0.0442220757088449	0.0019555919799988	2688.038004723849	59.41423146354961	-0.0776912668809473	3530.0509004042488	0.0060359329495665	56.5799133966295	0.0410525164158173	3201.2865999700944	0.0016853091040709	57.247674036811055	50.27241227340432	0.993743	32.639561	0.0735936170964104	0.037486712627628	-0.0686599249	0.0494683741	-0.0527019615	0.0446654143	0.068256274	-0.0396033417	-0.0221926014	0.1529872452	0.048880837	0.0630361074	0.0368138026	-0.0827120961	-0.0087032934	0.0099915749	0.0903426454	-0.0921187719	-0.0335858123	0.0580448851	-0.0079089004	-0.0382308154	-0.1536854739	0.0856013917	0.0196619325	-0.0274498041	0.0339740247	0.0201703993	-0.0274724103	-0.0386275581	-0.0721878299	0.0103612968	0.0698593443	0.1487379595	0.2040840177	0.0798316297	-0.042478176	0.0241694293	-0.0474635948	0.0791846487	0.0694183547	0.0563946646	0.0365421932	0.1119983038	-0.0458334424	0.0268868861	-0.0151913317	0.0354150527	0.1308981902	-0.002776219	0.0963172079	0.1301926089	-0.161346727	0.0420142293	0.029895511	0.0817717063	-0.1068468216	0.0298122914	0.082348045	-0.0469080645	-0.0296856953	-0.0914171122	0.0490901314	-0.0079493827	0.082388262	-0.0378617249	0.017246564	-0.121358272	0.0921578964	-0.0399117885	-0.0482798477	-0.0297937668	-0.0025256915	0.0331629548	0.0030670704	-0.0376076708	-0.0007427977	-0.1226280867	-0.0995063493	-0.0790173004	-0.0098229311	0.0507370359	0.1475843692	0.0601653584	0.0445341833	-0.0085362454	0.0615023412	0.0866644531	-0.0934419543	-0.030087644	0.0798527663	-0.0908361507	0.1184936292	0.1252460633	-0.0213959866	-0.0562346533	-0.1101246573	-0.0153886803	-0.0192410304	0.0023903728	-0.0167948866	-0.0197194223	0.0452901037	0.0277913493	0.0241096835	0.005373615	0.0024856384	0.1161923749	-0.0011073138	0.1283332419	-0.2056332246	0.0136252939	-0.1935722269	-0.0829294553	0.0739299093	0.1306400953	0.0937077004	0.0648404419	-0.0136731544	-0.1048137813	-0.0579959862	-0.1266704689	-0.0324162081	-0.0664738881	0.0197496253	0.0489692564	-0.0157100612	-0.0525045568	0.023130549	-0.0610698324	0.0220319182	-0.0221444829	-0.0181912118	-0.0743441802	-0.0083490629	-0.0526609689	-0.0120730189	0.0366986639	-0.0230614265	-0.0888452328	-0.0422556675	0.1057859884	-0.0198818102	-0.0370295811	-0.1157050473	0.0058939968	0.0106437503	-0.0087931943	0.0520600197	0.0624829902	-0.1387684171	0.0004830368	0.0411458592	0.0623497228	-0.0391942838	-0.0351077555	-0.0879601682	-0.165200372	0.0827833741	0.0304048805	-0.0218357355	0.0575992958	-0.1222256751	-0.1315945704	0.1419988929	-0.0477892128	-0.0629089685	0.1045132902	-0.0313291043	0.0	0.0	0.0607975346322717	0.0074387824407154	5.533548420029576e-05	0.0036963402173622	0.1373863130325077	-0.0016387573779751	0.0188749990086661	2.685525743868144e-06	0.4694835543834372	-0.0285339625600898	0.0008141870193806	0.2204148078365058	-0.0005597671336128	0.0003121993587663	3.133392438730904e-07	9.74684396141513e-08	0.0015212723753617	0.000371366683595	2.314269640038629e-06	1.3791321368434884e-07	-0.0009640756868321	-3.6076251991199945e-05	1.301495957732558e-09	9.294419299407852e-07	0.0	0.0
51.9492256065926	0.1029335046124515	0.0105953063718015	2698.722041124656	59.70192958199405	0.2876981184444389	3564.3203958133763	0.0827702073564704	56.59216544439467	0.0122520477651661	3202.6731896857377	0.0001501126744399	57.29261344794981	50.95590268017193	0.954444	31.348783	0.0681163298104133	0.0305856185991441	0.0133508958	0.0675744812	-0.0280448784	0.0794574042	0.0091858892	-0.0022071823	0.0038063344	0.0098724417	-0.0391291215	0.0051843404	-0.0685075217	0.0150359313	0.0067644246	-0.0439897197	0.1674928509	-0.0383626219	0.0354152222	0.0270653936	0.0027764105	-0.0046500817	-0.0324442352	0.0378820568	-0.0122095438	0.0301006237	0.0207153921	-0.0453278588	-0.0045405824	0.0126522071	0.0163333813	0.1295479139	-0.0174289952	-0.0219825867	0.0308288128	0.0051356228	0.0185974736	-0.0353577601	0.0360926995	-0.0662489918	0.0190934654	0.0839307027	0.0517627531	0.0005666276	-0.0806691501	-0.0954198217	0.0508772625	-0.0934454623	-0.1096594268	0.0505180921	-0.0904460349	-0.0280939223	-0.0668221561	-0.1401276809	-0.0160901401	0.0955551678	-0.0417874464	-0.0146095848	0.1672980135	-0.0104505371	-0.1236968855	0.0253065676	0.0290123667	-0.099118255	-0.0182566689	-0.0459226219	0.0195897337	0.0011655504	0.1259717354	0.1111517754	0.1773240717	0.1419067681	-0.0037841668	-0.0510670076	0.0585405075	-0.0624576419	-0.014614531	-0.0181928415	0.0645927447	-0.1768157716	0.0936252991	-0.0242423574	0.0319637008	-0.0963500858	-0.0124712202	-0.0260137304	-0.0081718487	-0.0169224278	0.0154400211	0.0151822472	-0.1106392728	-0.0983725989	0.0362098321	0.0400453556	0.02567216	-0.0213779967	-0.0787430047	-0.0239119453	0.0514935727	-0.1567523186	-0.0354557032	-0.0706270945	-0.0623628711	0.0709358433	0.105729249	0.0194574631	-0.0337797871	-0.1079450174	-0.0036511232	-0.0448522549	0.051803955	-0.0230937766	0.0790843519	0.0402778469	-0.0409996104	0.1291238534	-0.0539557957	0.1384178833	0.1434763261	0.0013773847	-0.1269107795	0.040235796	-0.0761274157	-0.02226553	0.0375027518	0.0185560155	-0.0878268426	-0.0496950428	0.0046562064	-0.0773271932	-0.0638912279	0.0374125379	-0.1106950665	0.1428417128	-0.0196464781	-0.0889734016	0.002507096	0.0523767302	-0.0788269173	-0.0776802926	0.1499137763	0.0568074137	0.0009926168	0.0866714517	-0.08708716	0.1114202596	0.0049127322	0.0242507307	-0.1631953889	-0.0153489366	-0.0285165567	-0.003002177	0.0283462812	0.0559899558	0.0816249612	0.0656591149	0.1271677778	-0.111778282	0.0264059282	-0.0677150534	0.0456621129	0.0047733315	-0.0253243504	-0.0634630542	0.1158865629	-0.0494515946	-0.059858937	0.105303025	-0.038394137	0.0	0.0	0.0508261749387202	-0.0099713596935515	9.942801413818346e-05	0.0025833000589013	0.1337340445895591	-0.0036522684429486	0.0178847946822821	1.3339064779358253e-05	0.4530389261946439	-0.0164446281887932	0.0002704257962676	0.205244268647596	-0.0007278571264707	-0.0001680899928578	5.297759965541845e-07	2.8254245698968843e-08	0.001116419320378	-0.0004048530549837	1.2463920989132751e-06	1.6390599612963484e-07	-0.0011520941086929	-0.0001880184218607	3.5350926959025744e-08	1.3273208352848875e-06	0.0	0.0
51.92516715347669	-0.0240584531159058	0.0005788091663302	2696.2229839164947	60.0556962222339	0.3537666402398471	3606.686648737239	0.1251508357465894	56.60510892490689	0.0129434805122201	3204.138356400573	0.0001675336877702	57.33120892879019	51.9502611712204	0.957458	31.447784	0.1564610392980858	0.0749925618162067	0.1105911444	-0.0032614972	-0.0717166243	0.0759465215	0.0200086869	-0.0548915508	0.1215435111	-0.0098021924	-0.0501953157	-0.0363005784	0.0431200735	-0.023588444	-0.085770135	-0.0276809744	0.0898918561	0.0445295903	0.0529934666	0.0127776012	-0.0439088929	-0.1140889172	-0.0750863605	-0.1023504281	0.0445397998	-0.0694393894	-0.0055648264	-0.0176965101	0.0128241882	-0.0276300578	-0.0434188539	-0.0568050096	0.0638910268	0.0567790349	-0.0005471432	0.0679754199	-0.1018506101	0.001501364	-0.0225021304	-0.0581173534	-0.0394059791	-0.0644146463	-0.029810524	-0.0247998585	0.1496868819	0.0256686719	-0.0127545211	-0.0247456567	0.1670922641	0.0191362919	-0.0392445543	-0.0695099007	0.1014623036	-0.118171797	0.0088460605	0.0634891236	0.0016800946	0.1470277053	-0.031860761	-0.0427029923	0.1342753158	0.0599736317	-0.0173036073	-0.0837924858	-0.0077636051	-0.0030590073	0.0406245988	0.1244126496	0.1239696155	0.0250095763	-0.1248110856	-0.0906636055	0.0166753833	0.0400230181	-0.0445770548	0.0499383009	-0.0447935475	-0.0534419701	-0.002013857	-0.0019842136	-0.0050960421	-0.0947633238	-0.0225971494	0.0107085224	-0.0462108462	-0.0022509007	0.0849642632	-0.0658080899	-0.0213665504	-0.0660124303	0.0514851557	-0.0190456048	0.0184633916	0.1077426343	0.0349026295	-0.0032153	0.0475615144	0.0207808083	-0.0957879955	0.0429010286	0.0166620577	-0.0265979767	-0.014668707	-0.0080091201	-0.0546205763	-0.0058730132	0.0707693289	0.1212983099	-0.1944161787	0.005233819	0.124176517	-0.0774793205	0.1168059511	0.0705247098	0.0673543434	-0.0931414972	0.0426836254	-0.184300567	-0.144996177	-0.0325599492	0.0249572589	0.0691572268	0.0113643709	0.0311181819	-0.0563560791	-0.0074879009	-0.0570627553	0.0430368986	-0.0245611236	-0.1183592126	0.0264921707	0.0766807566	0.0643602372	0.029137346	0.0346263484	-0.0371511876	0.0081151049	0.0052905649	-0.0663812556	-0.0538009219	-0.0815356204	-0.0358764896	0.0766040471	0.0718732057	-0.0762202282	-0.0695810418	-0.0659703021	0.0729134588	0.0343244761	0.01142463	-0.0428964948	0.0262570929	0.0023669922	-0.0382315869	0.0569621708	-0.0498060958	0.0174004646	-0.0455468862	0.0532836592	-0.004024611	-0.0088568658	0.1146875225	0.0185482333	-0.0718851207	-0.1197828202	-0.0510985726	-0.0567343287	0.1057976105	-0.045267892	0.0	0.0	0.0633152767439213	0.0124891018052011	0.0001559776639006	0.0040088242691593	0.1514338595286091	0.01769981493905	0.0229322138117305	0.0003132834488766	0.4971103324122836	0.0440714062176396	0.0019422888460002	0.247118682591051	0.0001526670418455	0.0008805241683162	2.330722566585565e-08	7.753228109889357e-07	0.0015749365595609	0.0004585172391829	2.480425166641525e-06	2.1023805862790886e-07	-0.0008471211894681	0.0003049729192247	9.300848146049636e-08	7.176143096458486e-07	0.0	0.0
51.85885194275085	-0.0663152107258397	0.0043977071736125	2689.340524820154	59.27657457596478	-0.7791216462691182	3513.7122934599142	0.6070305396851009	56.65095056389733	0.0458416389904456	3209.3301997931394	0.0021014558653303	57.356420880142245	50.8929017260088	0.992466	32.597622	0.0999431660657162	0.0455300287468555	-0.0353573743	-0.1235709428	-0.1986402104	0.0112121844	0.01435757	0.0247228627	-0.0758140583	-0.0398899214	0.0832734605	0.1212626826	-0.0183047382	-0.0142776506	-0.1272275509	0.0586415731	0.0886734579	0.0396207488	0.0256991976	0.0903413893	-0.0212226448	-0.1079983254	0.0760926388	-0.0417060841	-0.0103274942	0.1154177412	0.0346795542	0.0649796099	0.0619228879	-0.0616245554	0.1066048122	-0.0690279679	0.0573514903	-0.0029472296	0.1679458864	-0.0284152197	0.0277291602	0.0299900594	-0.0481490162	-0.1381764985	0.0651552441	-0.0393056799	0.0573232151	0.0013500167	-0.145355526	-0.0201414932	-0.0072531672	0.0887230303	-0.0050937875	-0.0183600163	-0.0512383054	0.0434143554	-0.0790626201	0.0004874866	0.0185202515	-0.0120009442	0.0227962794	0.0860433383	-0.0224313919	0.0723835287	0.1131376218	-0.0837479963	-0.0274905508	0.0766037393	0.1548330002	-0.0350203227	0.1095540751	-0.020369464	-0.128248026	0.0164236037	0.0998373602	0.0467354019	0.0816705508	-0.1188676428	0.1621605478	0.0829912821	-0.0085768066	-0.1214134098	-0.0173331403	0.0348341754	0.1129573846	0.0749728322	-0.0744362856	0.0625096885	0.0952846925	0.019235965	-0.0462143837	0.014845228	0.0909732167	0.0885868131	0.0762897194	-0.0474083416	0.0266460342	0.0885853047	-0.116436378	-0.0787962537	0.0622044518	-0.1292535037	0.0309961867	-0.0751947629	-0.0199941389	0.0094586501	0.0658252247	-0.0072004371	0.0932549311	0.0150867198	0.0530840673	0.0276536259	-0.0072304746	0.1146946589	-0.0419062518	-0.1357170869	-0.034070373	-0.0924579177	-0.0029900255	-0.0175494459	0.1171965798	-0.0406095828	0.0618431953	0.0694312302	0.0716783714	0.0208271653	0.049517308	0.1383667525	0.0775648947	0.0804405234	-0.0474975326	0.1006529706	0.0527558378	0.0276373203	0.0260884012	-0.034722687	-0.074604246	0.0577068275	0.0859368646	-0.0520255625	0.1577926485	0.0065079788	-0.0559642431	-0.0225303001	0.0270009159	-0.026289768	0.0749504465	-0.0804638641	-0.0872952165	0.0500252569	0.0007658736	0.0034912933	0.0051191858	0.0070074147	-0.1099443349	-0.0080157678	0.0808446168	0.1333256481	-0.0036773019	-0.0333490207	-0.0320056014	-0.0768826133	0.0277805595	-0.0737135262	-0.058422308	0.1316226652	0.0651865575	-0.0328110773	-0.0340635099	-0.0527296337	-0.0535390365	0.1059956606	-0.0519161246	0.0	0.0	0.0492263584131933	-0.014088918330728	0.0001984976197299	0.0024232343626241	0.1499671028716562	-0.0014667566569528	0.0224901319437179	2.151375090715631e-06	0.4755735215491583	-0.0215368108631253	0.000463834222154	0.2261701743986677	-0.0003128801634376	-0.0004655472052831	9.78939966727393e-08	2.167342003469049e-07	0.001082180427818	-0.0004927561317429	1.1711144783523495e-06	2.4280860537022625e-07	-0.0011458314567403	-0.0002987102672722	8.922782377382917e-08	1.312929727255598e-06	0.0	0.0
51.88908210220653	0.0302301594556766	0.0009138625407156	2692.47684140953	59.53751083108831	0.2609362551235321	3544.715195961958	0.068087729237893	56.57047605343002	-0.0804745104673116	3200.2187609116995	0.0064761468349534	57.29005803904878	50.42831973276991	1.020499	33.518387	0.0510409802933922	0.0289247585515846	-0.1034912016	0.041988912	0.0419016138	0.0899274672	0.1688817274	0.007671226	-0.0634907635	0.0793314155	-0.0367816861	0.0259982868	-0.1305718308	0.0484036017	0.0445474988	-0.1153780426	0.0905463383	0.0757142064	0.0806836184	0.0212809972	-0.0602852565	-0.1525845744	0.0631023614	0.1683353615	0.0306750514	-0.1018784761	-0.1168248603	0.1056550727	0.0695672097	-0.0318639471	0.1787951974	0.0170536198	-0.0441409042	0.0673396888	-0.0478894062	0.0233337874	-0.0115610666	-0.0068656463	0.0087762108	0.1475555123	-0.0209673023	-0.0335680292	-0.0777661115	-0.0704892487	0.0230760568	-0.1463536123	0.0297801533	0.048873524	0.0231117029	0.0735527417	0.1255558317	-0.062786622	0.0478283071	-0.0237098545	0.1214501157	0.1184520516	-0.0925315265	0.0207554107	-0.0427632392	0.0997230963	0.0156082091	0.003088425	0.0784674629	0.0314934578	0.0064694883	0.0583327554	0.1306202909	-0.0406213729	-0.1045138301	-0.0241450625	0.0604961235	0.0226501357	0.085273654	0.113059007	0.0194784476	-0.0909240804	0.0277091855	0.1370553167	-0.0351185175	0.0451411103	-0.1011048602	-0.0127025219	0.074779169	-0.1328107186	0.0937673196	0.0184607048	-0.012308768	-0.1028890828	-0.0383136254	0.0875947607	0.1224301531	-0.0847195581	-0.0698357515	-0.0776158427	0.0613469504	-0.0147219895	-0.0878423482	-0.0548329683	-0.0064199867	0.0901034814	0.0818015485	-0.0665854768	-0.1277347278	0.0886486827	-0.0891768314	-0.0335028011	0.1418716077	-0.0526365016	0.0263029233	0.1292528088	0.0826310473	0.0808226617	0.0492770702	-0.0547369349	0.1391259433	0.0993738787	-0.0274097645	0.0160895522	0.0049672049	0.0193178172	-0.0186043221	0.0227686652	0.0931956166	0.0333610941	0.099098577	0.1281498524	0.0158364606	0.0364253799	0.0352969627	-0.0850511006	-0.0534222983	0.0705831748	0.1344626425	0.1046772238	-0.0604909031	0.1596614531	0.0813242114	-0.003369017	0.1897868173	0.0159080027	0.0059748364	0.0979565347	-0.0172439106	-0.0540317121	-0.1125846176	-0.0147283871	-0.0472433878	-0.1025800615	-0.0009803924	0.1321404279	-0.001820465	-0.0263393695	-0.0114486755	-0.0077213665	0.0814145826	0.0092295965	0.0605054607	-0.0756268185	-0.0568577246	-0.124656787	0.0451260395	0.0049802686	-0.0162289949	-0.0876784937	-0.0571241369	-0.0543442699	-0.0502770413	0.1058966202	-0.0583057138	0.0	0.0	0.0571289348294072	0.0079025764162139	6.24507140141002e-05	0.0032637151947426	0.1525612347819986	0.0025941319103423	0.023274930358208	6.729520368256628e-06	0.4705571521704073	-0.0050163693787509	2.516396174407065e-05	0.2214240334587238	-0.0005021061564071	-0.0001892259929695	2.521105923019112e-07	3.5806476415293275e-08	0.0015857839214012	0.0005036034935832	2.5147106453745675e-06	2.5361647874920414e-07	-0.0011281028915313	1.7728565209000104e-05	3.143020243697689e-10	1.2726161338812798e-06	0.0	0.0
51.97434266282737	0.0852605606208385	0.0072693631973796	2701.332295232997	59.759039399458125	0.2215285683698127	3571.1427899459886	0.0490749066039787	56.62498370177454	0.0545076483445186	3206.388779226232	0.0029710837280497	57.33944328734084	51.03977338601757	1.017227	33.4109	0.1016815974408857	0.0587253857864785	0.0545816519	0.0977042781	-0.0409449588	0.0570012778	-0.0991192791	0.0344357468	0.05227952	0.0296692991	-0.0346660121	0.0420586184	0.1105361743	0.0182315379	-0.0671563701	-0.0575050923	0.0729416877	0.0286943782	-0.0439603532	0.0328938992	-0.1209266903	0.0211041091	-0.0366358548	0.0528733185	-0.1063928792	-0.0865948957	-0.0197661356	0.0461442556	-0.0278717598	-0.1481766628	0.0112748147	0.0017415595	-0.0788858848	-0.0067216945	-0.06625135	0.0207730297	0.0139019193	0.0528345937	0.0476858057	-0.0805082953	0.0155895485	0.10570898	-0.0734795972	-0.0324350267	-0.0213980813	-0.1012733897	-0.0721813156	-0.07530232	0.0305472123	0.1253183373	0.0477643461	0.0048781868	0.111166113	-0.0487805953	0.0544962833	-0.0199524008	0.0524279525	-0.0991559334	-0.0393446437	0.0902894686	-0.0998760408	-0.1813500268	0.078158852	0.0292376393	0.122325427	0.0221425849	0.045509968	0.0443664789	-0.0515662577	0.046821888	-0.0675167637	0.07837758	0.0125339886	-0.0139083672	-0.017821275	0.0345956271	0.0165025685	-0.0840656176	-0.0259040882	0.0092686098	0.0246544161	0.0089373832	0.058524252	-0.007718332	-0.1449781404	-0.0261461605	0.0251095722	-0.0364525624	-0.0572351624	0.0673559165	0.0697388526	-0.0258854937	-0.0406907969	-0.0577284718	0.0835507804	-0.0692704989	0.0223257271	0.0448299458	-0.038235775	-0.0300948787	-0.0579660971	-0.046322799	0.0038201791	0.0911745759	-0.0348161941	-0.1826751514	0.0244132594	-0.08424434	-0.0140998073	0.0923758558	-0.0261811988	-0.0232036074	0.0892805261	-0.036608351	-0.0819304224	-0.0450407516	-0.0460590985	0.1363989556	-0.0632569315	-0.0441572053	0.0983354845	-0.0294035417	0.1238961141	-0.0083509004	0.0042983677	-0.0540666189	0.0012481978	0.1693346568	0.0164918327	0.0459454724	-0.0926200885	0.0431647493	0.0213497798	-0.0729848163	-0.0592713709	-0.0963197996	-0.0779049962	-0.0281730648	0.0436429262	0.0590877306	0.0548164871	0.0215307051	-0.0120481779	0.1185653287	-0.120789587	-0.0740251407	0.0032120193	0.0499710099	-0.0646167655	-0.0262931861	-0.0598267207	0.0916240679	-0.0699528505	0.0926355874	-0.001409954	0.0623466424	0.1170784129	-0.10698136	-0.0914003714	-0.1054511368	-0.0089555847	0.0103222133	0.048610845	-0.0209775764	-0.0437959466	-0.0559419782	-0.0469524072	0.1055007667	-0.0644048267	0.0	0.0	0.0494739041765655	-0.0076550306528417	5.859949429594609e-05	0.0024476671944719	0.1524992911414671	-6.19436405314977e-05	0.0232560337986499	3.837014602295405e-09	0.5130428215187166	0.0424856693483093	0.0018050320999738	0.2632129367118857	-1.891302439243573e-05	0.0004831931320146	3.577024916688689e-10	2.3347560282614086e-07	0.0010820107429725	-0.0005037731784287	1.1707472479079014e-06	2.537874153041549e-07	-0.0010854901259906	4.2612765540699874e-05	1.8158477870266587e-09	1.1782888136230889e-06	0.0	0.0
51.968505226318776	-0.0058374365085924	3.4075664991848305e-05	2700.725535457922	59.59341351361199	-0.1656258858461328	3551.3749342043525	0.0274319340623162	56.554411479895066	-0.0705722218794733	3198.4014578372867	0.0049804385010056	57.2697915150254	51.47478905856276	1.003835	32.971035	0.1200704073294829	0.0700584279458294	0.0306018486	-0.0421165644	0.0209872029	0.0795133695	0.1243415262	-0.0355283817	0.0400288246	-0.0762777908	-0.0008141229	0.0630538505	-0.0731236985	-0.0251420052	0.132481132	0.1261899775	-0.0063635853	0.0874067516	-0.0144179618	-0.1137740544	-0.0334788738	0.0371684473	-0.028898205	-0.0697544961	-0.0206707704	-0.0700945599	-0.0546098588	0.005898874	0.142312564	0.006271921	0.120409787	0.0920460651	0.0023943998	-0.0410157635	-0.096013624	0.0699376237	0.1187945348	-0.0044085955	0.1124527699	0.0572031073	0.172284711	-0.1207467158	0.0423926197	0.0412616392	0.124666645	0.0074658303	0.0694085713	-0.0269072169	0.1546548524	-0.1624129554	0.0744995458	-0.0848024483	-0.0263378359	0.034193769	-0.0495829421	0.0410836427	-0.0198139126	-0.0889063417	-0.022053635	0.0549205758	-0.051514893	-0.0017392372	-0.0407080356	-0.0436437982	0.1573809447	0.0776352448	-0.0067915013	-0.0214169975	-0.0042274519	-0.1097633396	0.0045480608	0.1200852733	0.0257730454	-0.0423889602	0.0646427362	-0.0246747149	0.087034908	0.0579912889	-0.0349628349	-0.1268144955	-0.0629035753	-0.0345950287	-0.0407189674	-0.0031491809	0.0142537891	-0.1009330467	0.0355714693	-0.046847046	-0.018457915	-0.0475575774	0.1035673324	-0.0405558029	-0.172956919	0.0235299934	0.1397567907	-0.0206273178	0.028479031	-0.1096372175	0.1410697254	0.0861721525	0.0678658732	0.0993618051	0.0124602565	0.011455566	-0.0448506925	0.1224968122	-0.1107797246	0.0779451739	-0.0192515556	0.024175197	0.007887314	0.1137631633	-0.1012878073	0.028890597	0.0745212618	-0.0706531646	-0.1572018125	0.1125317671	-0.0657503694	0.0751948644	-0.0338998614	0.1129693248	0.0386474896	-0.132997734	0.1357520295	-0.0503913931	0.1703115854	0.10061473	0.081650601	0.0541233064	0.0521399514	-0.0206480618	-0.0096140448	0.0383461705	-0.0746900387	0.0275067691	0.0308987869	-0.0497262298	-0.0357850228	-0.0336540936	0.0168876695	-0.0393236944	0.0509641173	0.0131788731	0.0272115776	0.0948098624	0.000613219	0.0314876216	0.0562585217	0.048647869	-5.08616e-05	-0.0536001219	0.0859724808	0.0453120986	0.0529729148	0.0120178786	0.1013439191	0.0385348967	0.1094357498	-0.0588869808	-0.0386306365	-0.0946574408	-0.1368651193	0.088781112	0.0269114688	-0.057522261	-0.0435692762	0.1048092098	-0.0701830781	0.0	0.0	0.0501763665826473	0.0007024624060818	4.934534319582332e-07	0.0025176677634362	0.1292703127280674	-0.0232289784133996	0.0167108137528123	0.0005395854381301	0.4699527581741733	-0.0430900633445432	0.0018567535590367	0.220855594915513	-0.0008718596717678	-0.0008529466473753	7.60139287255056e-07	7.27517983268874e-07	0.001031039108686	-5.0971634286499975e-05	1.0630416436400213e-06	2.5981075018367e-09	-0.0012425499076379	-0.0001570597816473	2.466777501109756e-08	1.543930272970954e-06	0.0	0.0
51.990477132679786	0.0219719063610099	0.0004827646691369	2703.0097124837	59.76665323940828	0.1732397257962858	3572.052839439672	0.0300120025939723	56.64834435723668	0.093932877341615	3209.034918416069	0.0088233854456748	57.40488944466659	50.57085202819143	1.004057	32.978352	0.0985774196688253	0.0521204132641976	-0.0617978754	-0.024279455	0.1172067858	0.1352222305	-0.157498588	-0.048494553	-0.0365112799	-0.1127538303	-0.1868039331	-0.0944100911	0.1022653169	-0.0308302335	0.0133733704	-0.0116452014	-0.0498120847	-0.0689848554	0.0282494927	-0.0144389976	-0.0238506693	0.0202763972	0.0326794356	-0.0623397192	-0.1306761891	0.0566807554	-0.0135635346	-0.0311394676	-0.0485166948	0.0389938411	0.0286442936	-0.0928263424	0.0060952506	0.0919958347	-0.1494794133	0.0008337608	0.1065425086	-0.0659188387	0.0878266345	-0.0348658717	-0.0674488976	0.0730376052	-0.0102820493	0.001306769	-0.0020206168	0.1161400413	-0.0536008193	0.0028891504	-0.1223829456	-0.0249552006	-0.1760303566	0.0122625001	-0.053323952	-0.0023989533	0.001406447	-0.0377669715	-0.0007987602	0.0632348064	-0.0278679283	0.0770546398	0.0794069825	0.0714676683	0.0052168868	-0.0502945897	0.0424053673	-0.0446470835	0.1009653613	0.0119904097	0.0517988991	-0.0635003997	-0.0287190986	-0.0157555295	0.0293329636	-0.0370424248	0.050640907	-0.0735636505	0.0647490534	0.0747807275	0.0812720591	-0.065952761	-0.052213321	0.0254627795	-0.0967144535	-0.0693371796	-0.1098432923	-0.0117122503	-0.1546419259	0.0490678252	-0.000221293	-0.1080087973	0.0408692542	0.0708499341	-0.0114397906	-0.1041269466	-0.0150991582	-0.0351070933	0.0954308112	-0.0413872228	-0.0621797992	-0.0605402084	0.040480116	-0.0970332686	0.0462764783	-0.0116884014	-0.0573114711	0.007794027	-0.0669096941	0.0133764005	0.0256622519	-0.1255927931	0.069354238	0.0206202982	-0.0349340763	0.0149961121	0.0043907792	-0.0958525937	-0.0138327531	-0.039779634	0.0554855475	-0.0032653761	-0.0471341499	-0.0252060698	0.0534530974	0.1317186365	-0.048015541	0.1139857793	-0.00095781	0.0197945337	0.0239109714	-0.0907591956	0.0378020142	0.0380974804	-0.0901882175	-0.0228790525	0.0265400232	0.1134179505	-0.0057514037	-0.0641599968	-0.0009567842	-0.0712637627	0.1563295572	0.0213235416	-0.0172457164	-0.0620917743	0.1184788768	-0.0649237325	-0.0108425046	-0.0408204777	-0.0706115529	0.0175102867	0.0180996153	0.0442023153	-0.1778282146	0.0133600272	0.0469455052	-0.0195607681	0.0516818648	0.0187398097	-0.0417327265	0.0775435125	0.0407808079	0.1146364443	0.0118963337	-0.015117631	0.0297952543	-0.059084626	-0.0401318633	0.1038238878	-0.0756116809	0.0	0.0	0.0428064645216323	-0.0073699020610149	5.431545638895309e-05	0.0018323934048417	0.1498409398339077	0.0205706271058402	0.0224523072503087	0.0004231506995275	0.4958869966235184	0.025934238449345	0.0006725847239474	0.2459039134202933	-0.0001792463466589	0.0006926133251089	3.2129252790562555e-08	4.797132181184068e-07	0.0010821252075079	5.108609882189998e-05	1.1709949647240154e-06	2.6097894928409307e-09	-0.0013929035247596	-0.0001503536171216	2.2606210181578722e-08	1.940180229287717e-06	0.0	0.0
52.001067872703054	0.010590740023268	0.0001121637742404	2704.1110599014696	59.67657526036635	-0.0900779790419292	3561.293634806169	0.0081140423082782	56.654244112453874	0.0058997552171931	3209.7033759535143	3.480711162279724e-05	57.333180039118425	51.32087881884761	1.011324	33.217014	0.0423987184390338	0.0220737612054422	0.0080126534	0.0932288427	-0.0929301278	0.0218725534	-0.0030209999	0.0107388782	0.0392128799	0.108934191	0.0467820487	-0.0319433475	0.0795286407	0.0339876067	-0.0056136864	0.0054705833	0.0740293122	0.0054066151	-0.0124035492	-0.1212503224	0.0519815549	-0.0232111655	-0.1388678651	0.0232170922	-0.0350752983	0.0009967133	0.0843517959	0.0095063374	-0.129598229	-0.051303968	-0.098769281	0.1368383901	-0.0384486328	-0.1154868297	0.0652486532	0.0541542513	-0.0292081763	0.0352527102	-0.0095900023	-0.1047041777	0.0334457909	-0.0668266871	-0.0053348115	-0.0092197686	-0.0113510649	0.1019838233	-0.0287843485	0.0024881773	0.0047918766	0.0384457713	-0.0997610878	-0.0892445117	-0.0892365346	0.0114380371	0.0654362988	-0.0039509769	0.0527818763	-0.0660132375	-0.1275887538	-0.0555234927	-0.0054650537	-0.0026903824	-0.0077168572	-0.0500986928	-0.0022506537	-0.0031566683	-0.0325541718	-0.0400068752	0.0116894153	0.0050909298	-0.0165574624	0.0785545171	0.0545046603	0.0136397393	0.0051523198	0.0170317859	0.0044612907	-0.0257425333	-0.0237227482	0.032985788	-0.0492417053	0.0149591649	0.0982199541	0.0796087761	-0.1092244695	-0.038335466	0.0092795545	0.0825635646	-0.0945693264	0.0765505686	-0.1529343989	0.0241113254	-0.0069640838	0.1308999084	0.0261938972	-0.0395376979	6.85315e-05	-0.0474088145	-0.0685880637	-0.0198195633	-0.0779828552	0.124818102	0.0593160217	-0.0024730173	0.0242737174	-0.0562484441	-0.0181934984	0.0248754962	-0.0266339162	-0.0297641643	-0.0357421435	-0.1471809192	0.0100282616	-0.0123980818	0.0159072097	0.0260693643	-0.0548800076	-0.0361070995	-0.0245534797	0.0998513496	0.0275218418	-0.0427582255	-0.1021466892	-0.0063517629	0.0299283123	-0.033061842	0.0414299062	0.0156549529	-0.0358804328	-0.0471518651	-0.0015322294	0.0298014032	-0.1198281571	-0.0441460943	0.0107843014	-0.058151313	0.0121278898	-0.0196638735	0.0315495289	0.0092095967	0.0186795454	0.0459023985	-0.0496943371	0.0586448879	0.070855386	0.0084107297	-0.0287855862	0.0868630711	-0.0487280155	-0.0534223048	0.0395944093	-0.0509743541	0.0020959911	0.0913496217	-0.0894273293	-0.0282152406	0.153355271	-0.0265854372	0.0017039608	-0.0785257276	-0.0564809371	-0.0227211138	-0.0692433223	-0.0505144029	-0.0385848929	-0.0606285865	-0.0366444511	0.1025475623	-0.0806635902	0.0	0.0	0.0454739946824673	0.0026675301608349	7.115717158964398e-06	0.002067884192381	0.1369973382054183	-0.0128436016284894	0.0187682706753697	0.0001649581027913	0.4979569475765117	0.0020699509529933	4.284696947798028e-06	0.2479611216397168	-4.920591045377409e-06	0.0001743257556135	2.421221623584834e-11	3.0389469070225605e-08	0.0010820035470695	-1.2166043839999428e-07	1.1707316758709795e-06	1.4801262271678796e-14	-0.0010709982268772	0.0003219052978823	1.036230208047566e-07	1.1470372019741065e-06	0.0	0.0
51.87138814627873	-0.129679726424321	0.0168168314454867	2690.6409082219056	60.08866564347783	0.412090383111483	3610.647738813673	0.1698184838529688	56.69463529518183	0.0403911827279586	3214.281671253678	0.0016314476421633	57.43326791150278	51.91903325415856	0.998588	32.798698	0.0346815864233378	0.0171613035788404	0.1223349016	-0.021375004	0.0074428348	0.0244158656	-0.0452493082	-0.078603506	0.0895518344	-0.101336554	-0.067933339	0.0012693714	-0.0597976176	0.0574439547	-0.0688381875	0.0241011648	-0.0928302814	-0.0587741424	-0.109630276	-0.0363192819	-0.0711914522	-0.0662562553	-0.0055860643	-0.0265523018	-0.0303553046	-0.0823148962	0.0794619961	-0.069053674	-0.1074636836	-0.0063236033	-0.0074584631	0.0085885391	-0.0237077202	-0.0770915883	0.0076113785	-0.0702621028	0.024531783	0.1562658626	0.0813190534	-0.0680905819	-0.0788068238	-0.1671327035	0.0191479059	0.0054157484	-0.1159508673	0.1428282116	0.0513220737	0.0787020251	0.0771743683	0.0445135275	-0.0453803881	-0.021373093	0.1247929793	0.041524645	-0.0536100491	0.0447590561	0.0644431113	0.0219013596	-0.0753484782	0.0317876754	0.0955752952	0.0407206248	-0.0315728501	0.0842043158	-0.1735958635	0.0671136496	2.10048e-05	-0.0120513752	0.058590129	0.0140951603	0.0114062535	-0.0518178019	-0.106253982	0.0101030267	0.0732003915	0.0186638237	0.0392990879	0.0667732121	0.0614660857	-0.0328276817	0.0177632818	-0.1098884629	-0.0458458846	0.0505832291	-0.0927668633	-0.0132795408	-0.12638793	-0.1005534492	-0.0505322305	-0.0494683259	-0.0735781668	0.0869012078	-0.01754243	-0.067994721	-0.0824836661	0.0109468313	0.0152989803	0.0625274944	-0.0320068886	-0.1091198765	0.0442067253	0.1746565878	-0.0374099227	-0.1168423736	0.0132224584	-0.0557008318	0.1117475523	0.0288690251	-0.0234891373	0.0624170477	0.0491951037	-0.0542668342	-0.0490146723	0.064610621	0.0252530979	0.0081586194	0.0360848223	-0.0318286426	0.0182248289	0.0675879504	-0.0763067249	-0.0428637012	0.0924106356	0.0657010986	-0.0016201071	-0.0087813947	0.2012504863	-0.1092958875	0.0127632043	-0.0096149788	0.0711651401	-0.050151948	-0.0555947004	-0.0761482489	-0.0172369681	-0.0036319789	-0.0598248293	0.0990673527	0.0253598566	0.0151147022	-0.0004225173	-0.0540578873	0.0135373638	0.0584061505	0.0986795735	0.0506450268	0.0770048861	0.0337976127	-0.0025954486	0.0380499304	0.045179031	0.0026954936	0.0344736225	-0.0997800419	0.0612001676	-0.0702496989	0.1006772116	0.1287895369	0.0069830569	-0.0021043987	-0.064038789	0.0886741392	0.0956173147	-0.0337906976	0.0370818237	-0.0621536617	-0.0331113845	0.1009838109	-0.0853136375	0.0	0.0	0.0405864568995042	-0.0048875377829631	2.388802557989187e-05	0.0016472604836553	0.151401258502986	0.0144039202975677	0.0229223410762879	0.0002074729199386	0.4999435979203426	0.0019866503438308	3.946779588643381e-06	0.2499436011015371	-0.0001409894567854	-0.00013606886574	1.9878026924642172e-08	1.8514736223776297e-08	0.0010030712473065	-7.893229976299989e-05	1.0061519271730177e-06	6.230307945876072e-09	-0.0010179298324007	5.306839447650016e-05	2.8162544923134327e-09	1.036181143691317e-06	0.0	0.0
51.81306020392765	-0.0583279423510845	0.0034021488589114	2684.593207695831	59.33628053971153	-0.7523851037663007	3520.794188287349	0.5660833443694271	56.66087586759663	-0.0337594275852026	3210.4548540831943	0.0011396989508805	57.370352906846286	50.68941233384543	1.033022	33.929688	0.1205827670219077	0.0561420083422415	-0.0561302653	-0.1150427856	-0.1546138187	-0.0730557111	0.0386203311	0.0416111529	-0.0903187199	-0.0332828166	0.1228034605	0.1070303425	0.0431775159	0.0262878941	-0.1736968037	0.0233584103	-0.0563850521	0.0711753654	-0.0359533467	-0.1040892517	0.026529138	-0.0620243266	-0.1494248416	-0.012907791	-0.0303366911	0.1430264482	0.1810753266	0.1171680028	0.0432605661	0.0807230993	-0.0179508743	0.0029669219	-0.1334223264	-0.1771793473	0.0292371903	-0.0496632659	0.0086711436	0.0229781544	-0.0810613268	-0.0052570429	-0.0439453913	0.0717210989	0.0222910646	-0.0338489364	0.0149787502	0.1005655352	-0.1647248604	-0.0827031808	0.0004729814	-0.026030951	-0.0439599684	-0.0704961875	0.1015658719	-0.0027965134	0.0178841089	0.066937494	0.1177615704	-0.1076150873	0.0868911479	-0.0164636505	0.0260269458	-0.1012562814	-0.0884272502	0.0438466123	0.0239711564	0.0489928227	-0.0940655182	0.0522199887	0.0249804221	0.020451988	-0.0752624773	-0.060793005	0.0680644551	-0.003531991	0.0335095892	0.1010643273	0.0153399432	-0.0228091763	-0.040737633	0.0172736985	-0.1019946367	0.0782815539	-0.0690208544	0.035917805	-0.0231897547	-0.0570218719	0.0347710912	0.1084687815	0.2453425223	0.1422184117	-0.0934186475	0.0574037414	-0.0438028347	-0.0322842649	-0.055349383	-0.0511307533	-0.0125281659	0.1448880238	0.0397638198	0.0707119208	0.0292547885	0.0653565265	0.0089463059	-0.0395339865	-0.0328547491	-0.1342013783	-0.1017118989	-0.104646174	-0.0937409506	0.0003773666	-0.0291850855	-0.1207491258	0.0818093545	-0.010558248	-0.0247738306	0.0115720385	-0.0877110009	-0.0180055303	0.0478871876	-0.0011165034	-0.0044362143	0.1544278343	0.0164325593	0.0435359586	-0.0663095325	-0.0528115308	-0.0573320409	-0.0448349868	0.0230006882	-0.0902424226	-0.0234147095	-0.0262740035	0.1039161619	-0.0902264451	0.079198663	0.0588415755	0.0548027964	0.0656725267	0.026834587	0.0552616906	-0.0452658335	-0.0452855795	0.0371462601	-0.0960529552	0.1083915463	-0.129765386	-0.0009356763	0.035015293	-0.0162958076	0.079878326	0.0302532462	0.0126299918	0.1307017453	-0.009399896	-0.0997814245	-0.0584679074	0.0466786021	-0.0064497689	-0.0586663896	-0.1148889049	-0.0149106162	-0.0055415062	0.0564182752	-0.1123041755	0.0127850569	-0.0636593764	-0.0295370653	0.0991370163	-0.0895386565	0.0	0.0	0.0520941177147875	0.0115076608152833	0.0001324262574396	0.0027137971004821	0.1466541640756133	-0.0047470944273727	0.0215074438407169	2.2534905502392944e-05	0.5311943136990394	0.0312507157786967	0.0009766072366808	0.2821673989061934	0.000389586888595	0.0005305763453804	1.5177794376513296e-07	2.815112582772215e-07	0.0014001976142186	0.000397126366912	1.96055335886346e-06	1.5770935129680381e-07	-0.0015517730401193	-0.0005338432077186	2.849885704272845e-07	2.407999568041095e-06	0.0	0.0
51.90785492382338	0.0947947198957308	0.00898603892011	2694.425402792695	59.38927571658782	0.052995176876287	3527.0860701408874	0.0028084887721489	56.64838226579076	-0.0124936018058718	3209.039213331157	0.0001560900860836	57.305493007324046	50.38357513337162	1.005413	33.022888	0.0864398331069996	0.0413282893678718	-0.0813350368	0.0370429586	0.1003149333	0.0015289553	0.0558699608	-0.0017027942	-0.069861177	0.0827817259	-0.0077283629	0.0812297591	-0.0267364944	0.0451731392	0.0863712947	0.0008914101	-0.0855622306	-0.0294965935	0.0125417448	-0.0680031628	0.047253437	0.0315143871	0.0630614932	0.07000259	0.0678370018	0.0055201356	-0.0583109886	-0.0502033746	-0.0128099424	0.042399634	0.0644208873	-0.0045037063	-0.0289579326	-0.0136253026	-0.0305297233	-0.0797195023	0.0663667225	-0.0294149082	-0.0532528915	0.0573169085	-0.09774209	0.0097992614	0.1075347199	-0.0387643086	-0.1662349372	0.0477235061	0.0072828001	-0.0701198129	0.1140359025	0.0453914375	-0.0150305564	-0.0988056826	-0.0650054898	0.0687240823	-0.0103571363	-0.0518206837	0.0126323504	0.055049836	0.052577368	-0.0986741321	0.0329518725	0.0063173389	-0.0742331198	0.0031426521	0.1365539773	0.0145079535	-0.0392521518	-0.0432571131	-0.025169363	0.1169835241	-0.098408439	-0.1225900438	-0.0665227155	-0.0630869063	-0.0706683385	0.1200829591	-0.1481159864	0.0601289971	0.0132653231	0.0617216325	0.0216299776	0.1232149645	0.060553985	-0.0502300256	0.1206053444	0.0174940502	-0.0542192404	-0.0462535871	0.0182076184	-0.0177865452	-0.0236438503	-0.0263961252	0.0885214135	-0.1397451519	-0.0571220671	0.0214453541	0.0498831165	-0.0861485656	0.0981169504	-0.0918197074	0.0648428241	0.0405732554	0.0288954973	-0.1113997156	0.0477896737	-0.113825776	-0.0398373622	-0.0186427221	-0.0946540924	-0.0140037438	-0.0745321793	-0.0657320909	-0.0252281335	-0.0094757982	-0.0299938225	0.0095400787	0.0531914155	-0.0167835998	-0.0283929005	0.0445250178	-0.0323168133	0.0014631749	-0.2344595381	-0.0206235763	-0.0415726126	-0.0343440801	-0.0442513121	0.1451911085	-0.1510691773	-0.0966251857	-0.0738045721	-0.0760319886	0.0572423272	-0.054354866	0.0341345459	-0.0029117696	0.0207689493	0.0730333695	0.0182164156	-0.0461706018	0.0336250654	0.0580405433	-0.0728482535	-0.0560945341	0.0879362545	-0.0234026788	0.0901620432	0.0078321065	0.0658783806	0.1200960858	-0.0447797068	0.0250954101	-0.0359041563	0.0646337754	-0.0665073266	-0.0022298788	0.0359291998	0.0146985386	0.0081803016	-0.0237416453	-0.0025425089	0.0649869134	0.0260836234	0.0044065395	-0.0969035048	-0.0651452616	-0.0259259465	0.0970123549	-0.0933175984	0.0	0.0	0.0442960514229895	-0.007798066291798	6.080983789127624e-05	0.0019621401716681	0.1502040439893051	0.0035498799136917	0.0225612548307411	1.2601647401632464e-05	0.5107944982444295	-0.0203998154546098	0.0004161524705821	0.2609110194367784	-0.0001362960610009	-0.0005258829495959	1.8576616244361053e-08	2.76552876675684e-07	0.0010820866642187	-0.0003181109499999	1.1709115488799534e-06	1.0119457650983892e-07	-0.0013019255107771	0.0002498475293421	6.242378791840145e-08	1.695010035612213e-06	0.0	0.0
51.94526360573256	0.0374086819091843	0.0013994094821825	2698.310411069044	59.887859273084345	0.4985835564965271	3586.5556883127547	0.2485855628087256	56.55169345320557	-0.0966888125851852	3198.0940324253343	0.009348726479133	57.27771347116895	51.08513539002261	0.942328	30.950857	0.0644923467781881	0.0367615681025583	-0.0182069469	0.0824199291	-0.0085945743	-0.0499706174	-0.0525187149	0.0616156655	-0.0254825118	0.0304420104	0.0114020168	-0.0022384949	-0.0577477534	-0.0121401948	-0.0603787012	-0.1016831544	-0.0927488085	-0.0740918387	0.0521797189	0.0267875506	0.0685010047	0.0388976008	-0.0388235224	0.0933999951	-0.0083206595	-0.1261179113	0.0093572783	-0.0847731377	0.0169307413	-0.1129619637	-0.0243553971	-0.0052423779	0.0492792426	0.1251599393	-0.0153063287	-0.0366188728	0.0904966142	-0.0318614735	0.0827902498	0.0496603979	-0.148836343	0.1126185231	0.0773892035	-0.0339904031	-0.0237157885	-0.073923474	-0.0315078588	-0.0081330668	0.0076528926	-0.0316135102	-0.0603812865	-0.0044649271	0.0405464384	0.0275501573	-0.0197039827	0.1004256499	-0.0124577532	-0.0851756382	-0.0240451911	0.1763668591	-0.055330127	-0.0513276207	-0.079977783	0.015221399	-0.069869675	0.1214204516	-0.0559105192	-0.0473827986	0.1346542414	-0.02070191	0.0136937126	0.0565593829	-0.0540322043	0.1140846895	-0.0281246848	0.0013468336	-0.0267787266	-0.1055656033	-0.0059642112	0.048602361	-0.07217594	-0.0756700168	0.0547503872	-0.064640331	-0.013559987	0.0019529785	-0.066220657	-0.0448072452	-0.100370449	-0.0447472886	0.0420857976	-0.0305232451	0.0034287253	-0.1044270695	-0.0752823164	-0.0314997007	0.0704042593	-0.0073964037	-0.0512242252	0.0082692876	-0.0173290587	-0.0815934237	0.0758976291	0.0821531697	0.0405745017	0.0269475682	-0.1000382917	-0.0524677402	0.0870743532	0.0912036411	-0.0471775156	0.1213054669	0.0888955424	0.1234440365	-0.0546929656	0.0093993633	0.0020736041	0.1060294196	-0.054557422	0.0037031329	-0.0424942858	-0.0564277753	0.1355590327	0.0467507255	0.0222412069	-0.0533690645	-0.0671736616	-0.0746734487	-0.0962144561	-0.1653865891	-0.0608435887	0.0432127703	-0.0001446825	-0.0960622085	-0.0418343245	-0.0625229715	0.0151498927	0.1848759808	0.0919152121	0.1124763858	-0.0374320117	0.0578677493	-0.0840770669	0.0241187291	0.0866578047	0.0066398094	0.0333159138	0.0174155174	-0.1464780076	0.0635587288	0.0644604184	0.042787546	0.068648491	-0.1002042373	-0.0355289638	-0.0573191732	-0.03318762	0.1098309192	-0.0582009762	-0.0020734507	-0.0519962346	0.0555798242	-0.0688474211	-0.013760112	0.1027186572	-0.0666108546	-0.0222825273	0.0946157819	-0.0966316368	0.0	0.0	0.0406382722444078	-0.0036577791785816	1.33793485192658e-05	0.0016514691710106	0.1266474871309668	-0.0235565568583382	0.0160395859965884	0.0005549113710201	0.4967685992012463	-0.0140258990431831	0.0001967258439695	0.2467790411523684	-0.0005552708286722	-0.0004189747676713	3.0832569317431176e-07	1.7553985594521987e-07	0.0010823779810309	2.913168122000917e-07	1.1715420938205272e-06	8.48654850704235e-14	-0.0013477016602553	-4.5776149478199976e-05	2.095455861050508e-09	1.816299765054892e-06	0.0	0.0
51.930698896609705	-0.0145647091228582	0.0002121307518334	2696.797487890341	59.9909806991006	0.1031214260162514	3598.9177652398603	0.0106340285036252	56.68854934877629	0.1368558955707186	3213.591627268645	0.0187295361524634	57.36310555410965	51.37178471527952	0.959192	31.50473	0.0670780328919161	0.0366816112319441	0.0777783228	0.0062259361	0.0231387518	-0.0557673779	-0.006348715	-0.004522359	0.0571911178	0.0021959679	-0.0116654356	0.0162750181	0.0449211231	-0.0234862784	-0.049064747	-0.1740114966	0.0334618912	-0.0272180998	0.0494807154	-0.0182160682	0.0637129903	0.0563561808	-0.0230865921	-0.0328939638	0.0016028049	0.0431453135	-0.0176845954	0.0533416801	0.062735417	-0.0475014323	-0.0110378865	-0.0194031839	-0.1089225349	0.0288451777	-0.0417257207	-0.0193673762	-0.0397454535	0.0788633551	0.0078120271	0.118109196	0.0200377993	-0.0410831132	0.0358472409	0.03168952	-0.0052933118	0.1732001223	0.0812460343	-0.0934307895	-0.1249368952	0.0821844943	0.1634795314	0.055732051	-0.0650373353	0.1181584331	0.0593982438	-0.0496469113	-0.0109350022	0.0545658661	0.089511407	0.1070672672	0.1450523267	-0.0413099155	-0.0062512239	-0.0029606013	0.1095872873	0.0639513335	-0.0006753369	0.1375800206	0.1407581999	0.0533025585	0.0386484036	0.055289959	0.0628195102	-0.056921835	-0.0351879765	-0.0865284442	0.066737986	0.0149482896	-0.1373088926	0.0499091783	0.0952440636	0.0272572552	0.0564651407	0.039661414	0.0046701673	-0.0272308228	0.0239757022	0.0798748647	0.0505263409	-0.0305839579	0.0968009887	-0.0037774131	0.0074275082	-0.034422905	0.0837169758	0.0286602105	-0.1034648607	-0.0300975524	0.0739383008	-0.0818759511	-0.0528539739	0.0905830319	0.0460718696	0.0091656488	-0.0457134381	-0.0442499819	0.1384626752	0.0263188269	0.0639598309	-0.1711035255	-0.1671866052	0.1246104119	-0.0823600581	-0.0645543238	0.0647444836	-0.0624328105	-0.0381263225	-0.0170439369	-0.0562197364	0.0284600876	0.0493950267	0.0511609078	0.0887476143	0.115184968	-0.074145369	-0.044548992	0.0088356861	0.05152584	-0.0128425612	-0.109491866	0.1193523624	0.0548997788	0.0621636288	0.0771378569	0.0409541247	-0.1158830039	0.0684319722	-0.0814225074	-0.0274658984	-0.0402343336	0.0947775619	-0.0550720996	0.0315276444	0.0673586635	-0.0175923435	-0.0965587759	-0.0273901165	0.015180939	-0.0003895009	0.0324462129	-0.0328270392	0.0731624838	0.0008063987	-0.0468956144	-0.0304305723	0.015880137	-0.0738130838	0.1122140399	0.0218467611	0.0835714756	0.0296997841	0.0829853186	0.0506618079	-0.0627812963	0.0396340483	-0.0680556987	-0.0186113467	0.0919540145	-0.0994642612	0.0	0.0	0.0531079222993895	0.0124696500549816	0.0001554921724937	0.0028204514109579	0.1372128317052556	0.0105653445742888	0.0188273611845748	0.0001116265059734	0.5123341838262192	0.0155655846249729	0.0002422874247171	0.2624863159168781	-3.47972171336465e-05	0.0005204736115385	1.2108463202461412e-09	2.708927803079852e-07	0.0010820225959042	-3.553851266999055e-07	1.1707728980472638e-06	1.2629858827950789e-13	-0.0012989815841671	4.872007608820012e-05	2.373645814040009e-09	1.6873531560052686e-06	0.0	0.0
52.05704772425303	0.1263488276433264	0.015964026246843	2709.936217765158	59.64331236242611	-0.3476683366744879	3557.3247095619317	0.120873272326005	56.80799246005875	0.1194431112824574	3227.148007342092	0.0142666568328335	57.45595172617208	50.62697576798873	1.006389	33.054951	0.0886089183674767	0.0542626521678481	-0.0494954376	-0.0734119038	-0.1218778696	-0.1033898449	-0.0548816234	0.0229672406	-0.0903891321	0.0061207531	0.1158822994	0.0428864824	-0.0039196071	-0.0335841325	-0.1184908159	0.0619347151	-0.094539275	0.0277305932	0.1382053043	-0.0123667573	-0.0932134887	-0.0176955129	-0.0087513091	-0.0558649909	-0.0884204013	0.034566743	-0.0551320111	-0.0011382185	-0.0097749503	0.0390214177	-0.0307883725	-0.0347705259	-0.0195702312	0.0283856293	0.1240671371	0.1012284038	0.0705201184	0.0187333151	-0.1047796531	0.050063239	-0.0979368408	-0.0967360656	-0.0252533586	0.0846557543	0.0214466706	-0.1892924907	0.0399162745	0.0351870697	-0.0700089965	-0.1003593673	-0.0162992133	-0.0718118248	0.0708364185	-0.0714723917	-0.0439313487	0.0402023924	0.0575359228	-0.008441314	-0.1192644532	-0.0905291141	-0.0115624995	-0.0939953974	-0.0004809828	-0.0080298312	0.0840635165	-0.0913077856	-0.0030010571	0.0175208774	0.0091840009	-0.0186869904	0.1331136085	0.0642994101	-0.078282351	0.0419196177	-0.1003370861	0.014021735	-0.0392830455	0.2535780576	0.0389272485	-0.0813630383	-0.0508192265	0.1060545256	-0.0516698577	-0.0279360555	0.0089751891	-0.0628394795	0.0273805702	-0.0085601965	0.0278404135	0.0243360323	-0.0289744028	-0.0648142351	0.1155780758	0.0917044869	-0.0071629123	-0.0969463757	-0.0779419671	0.0733153387	0.0101660161	0.0347980159	0.0366615936	0.0009468015	0.0379160625	-0.0339264906	0.0852815539	0.1915396525	-0.0173786956	-0.0396840447	0.1748166765	0.1281884673	0.07867661	0.0394740249	0.0472697535	0.1644150055	-0.1411374689	-0.0624206726	-0.1539751296	-0.0282821225	-0.0326549011	-0.0306317216	0.0371011088	0.017627961	-0.0291613118	0.0751924803	-0.0167645951	0.1334160929	0.1664419813	0.0021036112	0.0065245627	0.0143994286	-0.0405995782	-0.0276816824	0.1011412182	0.0425374454	-0.0377917431	-0.0380609234	-0.0901835732	-0.0130205977	0.0469464731	-0.0484000119	-0.0361699277	-0.0229435857	0.0684521325	-0.0901488053	-0.1113708587	0.0778649038	0.0141594518	0.083004523	0.0126224022	-0.0143875525	-0.0582044213	-0.0142689627	0.0941278544	0.065999053	-0.0124849803	0.0232645095	-0.0724691379	0.0848514355	-0.0550662005	-0.1116806782	-0.0324341004	0.1252886528	-0.036193271	-0.1254368115	0.0035925108	-0.0694793439	-0.0149169788	0.0890345132	-0.1018013597	0.0	0.0	0.0337294156306313	-0.0193785066687582	0.0003755265207111	0.0011376734787838	0.1616936527705235	0.0244808210652678	0.0261448373462746	0.0005993106000296	0.4679848278435941	-0.0443493559826251	0.0019668653760736	0.2190097990917983	-3.480159902735603e-05	-4.381893709535546e-09	1.2111512948608682e-09	1.920099248166719e-17	0.0010820232439197	6.480154999839033e-10	1.1707743003825108e-06	4.1992408821938817e-19	-0.0012909819210598	7.999663107300043e-06	6.399460983029737e-11	1.6666343205032511e-06	0.0	0.0
52.07935865851282	0.0223109342597851	0.0004977777875444	2712.259598282014	60.46024196543158	0.8169296030054696	3655.440858518534	0.6673739762666742	56.76102088852752	-0.0469715715312304	3221.8134923078574	0.0022063285321134	57.47772660661615	50.98030264510789	1.000342	32.856308	0.0262148503307213	0.015038540143547	-0.09048887	0.0494514245	0.0565107907	0.0231421567	0.0230407347	0.0655056717	-0.0430915482	0.0747017998	0.1058525571	-0.1918079125	-0.1794007361	0.0314131228	0.0015431593	-0.017579407	-0.0875393119	0.0535055496	0.0119956587	0.0189851493	-0.0629287739	0.0046807415	0.0257386349	0.042989747	0.0617079	0.1259176987	0.0100915481	0.0729718151	-0.1644537911	-0.077171647	0.0311926176	-0.0617168444	-0.0408665036	0.011228069	0.0579500587	0.0499115157	-0.0029916749	-0.0855185413	-0.0281764131	0.1355585183	-0.0291954742	-0.0180159227	0.0072663144	0.0252917834	0.0790130043	0.0692027166	0.0675894508	0.0520738466	-0.1328820918	-0.1291565656	0.0953399857	0.0419518302	0.0772557258	-0.0258706292	0.0011681112	0.0076577344	0.010311423	-0.0837997907	-0.0997058449	-0.0453896921	-0.0230075356	-0.0740592233	0.0752378254	-0.1274393929	-0.0440283329	0.0895851422	0.0076190658	-0.0166423735	0.0773386517	-0.0012539826	0.0298635953	-0.1132393531	0.0815431746	-0.0539542801	-0.0768419127	-0.0045539986	-0.0123282728	0.0406569276	-0.0747107557	0.0468733418	-0.0070551152	-0.0036118487	0.0091899024	-0.0132891433	0.0473794034	0.1525683892	-0.0419622741	0.0976513428	-0.0111772041	0.1105707171	-0.0670080762	0.0446420045	-5.58094e-05	0.0104957141	0.1259301721	-0.0734957698	-0.1151128563	0.019831163	-0.0053077545	0.0595339074	0.0402704618	-0.0615825502	-0.0121574599	-0.0881567816	-0.0255038704	-0.0262247184	0.0761511108	0.0605091894	0.1542570811	-0.0129104926	-0.0167029168	0.1293173067	0.1238660493	-0.1116749424	-0.0022712754	0.0382151989	-0.0595071934	0.0154697876	0.020816018	-0.1140711002	0.126524829	-0.0161159359	0.0100491104	0.0031116895	0.0488458835	0.0495133203	0.0466484679	-0.0982915792	-0.111156723	-0.0444528211	0.0046732938	0.0990509599	-0.0331493501	-0.0616315291	0.1687813727	0.0811900539	0.0635722102	-0.150654315	-0.038090127	-0.1180104763	-0.0033535124	0.0784655306	-0.0851693393	-0.0576611876	-0.0310820742	0.0266969102	-0.0534340572	-0.081750082	0.0558731135	-0.0085928511	0.0339652639	-0.034023723	-0.0402670802	-0.0376442898	0.0914613587	-0.0100999855	-0.1635485214	0.0462086831	-0.0336221655	-0.0946803959	0.0932408447	0.0239863275	-0.1614130354	0.0059646198	0.09363264	-0.0708813468	-0.0112040262	0.085865461	-0.1036312889	0.0	0.0	0.0384311236410042	0.0047017080103728	2.2106058214804652e-05	0.0014769512643101	0.156910491851292	-0.0047831609192315	0.0246209024530143	2.2878628379263578e-05	0.4557800397657843	-0.0122047880778097	0.0001489568520242	0.2077354446488999	-0.0001132949896304	-7.849339060304396e-05	1.2835754675352444e-08	6.16121236836203e-09	0.001082075526902	5.228298229987064e-08	1.170887445920241e-06	2.733510238168586e-15	-0.0013029401139406	-1.1958192880800154e-05	1.4299837697441948e-10	1.697652940515544e-06	0.0	0.0
52.03715300156279	-0.0422056569500242	0.0017813174785831	2707.8652925080555	59.88688582915036	-0.5733561362812196	3586.43909431369	0.3287372590113285	56.7642341020296	0.0032132135020788	3222.17827319002	1.0324741009941604e-05	57.47332383157871	51.0515479711181	0.956084	31.402655	0.0840272127952464	0.048209488380878	-0.0039384156	0.0788097486	-0.0063489558	0.0102344163	-0.0993216983	0.047634522	0.0049206955	0.00748538	0.0339022889	-0.0724689209	0.082591514	-0.0311008703	-0.021469304	0.0044604977	-0.0725243945	-0.06517761	0.0443333549	0.0967980291	-0.0521485177	0.0411848283	-0.1385371571	0.0425495913	0.0598560546	0.0121133418	-0.016271393	0.0169701505	-0.0087806237	-0.1483926479	-0.0300437503	-0.0363754937	0.0696242093	0.1069644947	-0.084804065	0.0938529116	-0.0609990186	0.1307880779	-0.1290664617	0.0768224646	-0.0388486905	-0.0912997365	-0.0330110092	-0.0643220248	0.0556997876	0.0271855214	-0.1114537982	-0.002600123	-0.0480405584	0.0606684708	-0.0321604875	0.0432983255	0.0147433888	0.0033025961	-0.2053413455	-0.0248556925	-0.0365966106	-0.1529669592	0.0317469642	0.0193557668	0.0634474191	-0.0559136674	0.0261319408	-0.030604166	0.0195283561	-0.0693756102	-0.0046629098	0.0003142232	0.0047606923	0.0045296931	-0.0350653793	-0.0171551601	0.0156065523	-0.0023520039	-0.0044552308	0.071951542	0.0775120254	0.0076346671	-0.0056657693	-0.1041359871	0.0406775723	0.0171107863	0.0906194457	0.0391730422	0.0135917705	0.1386407428	0.0159791952	0.0708943472	-0.0579280652	-0.000346532	0.0786210252	-0.1022143845	0.0869439853	-0.0040161607	0.0331114027	0.000914964	-0.0075347273	-0.031066304	-0.0481010125	0.0826851402	-0.0409341938	0.1205457982	0.1021003349	-0.028857205	-0.0008000752	-0.0861348278	0.0138236422	-0.0570977399	0.0494608079	-0.0608342713	0.0709227299	0.0062981674	-0.0517376254	0.0610388321	0.0089337222	-0.1424015513	-0.0652909805	0.0315015499	-0.0341149193	-0.1942505974	0.014933148	0.0115906463	0.0214217214	0.0771831448	0.0185819341	-0.0358784345	-0.0583440893	0.0258119719	0.093315951	0.0560178352	0.0737227746	-0.1167012243	0.0674170097	0.0384616891	0.0532069356	0.0242559242	-0.031600438	0.0326127051	-0.0354941296	0.0302204803	-0.0943755551	0.0315959272	-0.0876198799	0.0861677941	0.1143553716	-0.0222275795	-0.0686420853	0.0256236272	-0.1041208876	-0.1032435006	-0.0038525407	-0.0671436304	-0.0722540803	0.0896453221	-0.0434729791	0.0716889696	-0.1269488146	0.0769717665	0.0023302792	-0.015153645	0.002521916	0.0555969317	-0.029557264	-0.0406147514	-0.0645685947	-0.0722612707	-0.0074771147	0.0824557403	-0.1049449322	0.0	0.0	0.0444000741279779	0.0059689504869736	3.562836991594355e-05	0.0019713665825699	0.1286583306255408	-0.0282521612257511	0.0165529660393509	0.0007981846139258	0.4922982731786689	0.0365182334128846	0.0013335813715979	0.2423575897746993	5.725631204123952e-05	0.0001705513016716	3.2782852685637904e-09	2.9087746501890583e-08	0.001081961589936	-1.139369659999487e-07	1.170640882096837e-06	1.298163222127346e-14	-0.0013980322286957	-9.509211475509992e-05	9.042510288597092e-09	1.954494112471866e-06	0.0	0.0
52.04316998491575	0.006016983352957	3.620408866976267e-05	2708.491542078836	60.12208308255609	0.2351972534057296	3614.664874185777	0.0553177480095989	56.63276495178827	-0.1314691502413296	3207.2700660844976	0.0172841374651773	57.39897134462765	51.70576109134451	0.947819	31.131197	0.0720420496773886	0.0359179174603299	0.0717419859	0.0233835863	-0.0276003032	-0.0220186574	0.0184912498	0.0183867207	0.0771195856	0.0168631418	0.0027274962	-0.0340788064	-0.0299356646	-0.0190959591	0.0181379177	0.0771533267	0.0006600789	0.0267372115	-0.0361294086	-0.0943810963	-0.0621059658	-0.0145840011	0.103909952	-0.0192631681	0.093167478	0.0243553419	-0.0160481219	0.0752919407	-0.0532310522	-0.0497287427	-0.2177932633	0.0075303905	0.1191149777	0.0908559423	0.0611924296	-0.0204697953	-0.1199446593	-0.0631051758	-0.0396635185	-0.1168303333	0.062463778	0.0147578076	0.1421976952	0.0076922546	0.1011026295	-0.0588642118	-0.132289675	0.0164366707	0.092511275	0.0008217196	0.0629544213	0.0539414696	-0.0786246241	0.0007337428	0.2131129645	0.133301718	0.0115484695	0.0640760554	-0.0876397497	-0.1414893856	-0.0839450359	0.0327082158	-0.1398375474	0.1363358325	0.0283812341	0.0256027228	-0.0235265082	-0.0375860977	0.004115155	-0.0214016364	0.0399726372	0.0705144063	0.0265637502	0.0573923674	-0.0008299564	-0.0490577457	0.1448469292	0.1825696337	-0.0263071384	-0.0703786502	0.0432339056	-0.0795672084	-0.0143897372	0.0598173672	0.0487465684	0.1096949506	0.0711798235	0.1100000402	-0.1028205272	-0.0312429559	0.0485018667	0.0161317853	0.0041752252	0.1411749556	0.0074445882	0.0444351514	0.0751349262	0.07496907	-0.0615779274	-0.0173192654	-0.0937750354	0.008428198	0.0406149779	0.1467535909	0.030367814	0.0304916878	-0.0959348158	-0.0239816069	-0.1591203193	0.2284495503	-0.0251884223	0.1220358737	0.0008419065	0.0253228175	0.172981861	0.0989483625	0.0574479989	-0.0930782273	0.1122381721	0.1290080116	0.0664204608	0.0266640542	-0.0682394209	-0.0484002345	-0.048479039	0.1318525365	0.0864715555	-0.0931025681	0.0033065365	-0.1699682507	0.0291921159	-0.0854167536	0.0081084881	0.0569720816	-0.0023291746	0.0586832206	-0.0252404194	-0.1076863235	0.096962936	0.0282602243	0.0065078873	-0.0506462584	0.0219951656	0.0613087688	-0.0333312764	0.0823056304	-0.0773862866	0.0154824362	0.0715157674	-0.013125397	0.0066596608	-0.0016916981	0.1149614543	-0.0229121751	0.0490933477	-0.1110664985	-0.0183862978	0.15895256	0.1042040729	0.052842843	-0.025678242	0.0704059967	0.0101313509	0.0296885458	0.0175386717	-0.0736186857	-0.0037408877	0.078814908	-0.1057357452	0.0	0.0	0.0355540864031667	-0.0088459877248111	7.825149882751038e-05	0.0012640930599638	0.1496199257147736	0.0209615950892327	0.0223861221708943	0.0004393884686849	0.4660561219947823	-0.0262421511838866	0.0006886504987579	0.2172083088488154	0.0001100854309703	5.282911892906048e-05	1.2118802111916689e-08	2.790915806820816e-09	0.000875927220159	-0.000206034369777	7.672484950154732e-07	4.245016152940559e-08	-0.0013370494038126	6.0982824883099983e-05	3.7189049307228387e-09	1.7877011082356292e-06	0.0	0.0
52.03130472064433	-0.0118652642714209	0.0001407844962306	2707.2566709325447	60.20289254316034	0.0808094606042502	3624.3882705633114	0.0065301689231498	56.658735134618745	0.025970182830477	3210.2122670548806	0.0006744503962484	57.38993034690469	51.46552886856335	0.968114	31.797796	0.0484645773260786	0.022654361268545	0.0143269136	-0.1189180049	-0.0130005532	0.067696781	0.0199163125	0.1375194959	-0.0464888989	-0.1184896191	0.0816749279	-0.0826477553	-0.0564561437	0.0679060857	-0.0777740217	0.0812318636	0.0555471105	-0.0804839341	0.0038510188	-0.0290755995	0.070789538	0.111918537	-0.0756198653	-0.0720532581	0.0522278599	-0.1468793407	-0.0249572448	-0.0612009699	-0.1672804322	0.1248791546	-0.0380970447	-0.0088517316	-0.0852022823	-0.0644956935	-0.1160138388	0.1151038299	-0.0499159209	0.0719116144	0.0259404233	-0.1369280251	0.1478428173	0.0281175508	-0.0845789442	0.1248461349	0.0087308846	-0.0417229535	0.0481903462	0.0628026131	-0.0182209108	-0.0496484801	-0.1254021063	-0.0372592949	-0.0276292434	0.009944709	-0.0435419703	-0.0505397179	-0.0371200364	-0.0205200789	0.0229351405	-0.1516078285	0.0176042963	0.0455646133	-0.0576756449	0.036993975	0.0684932602	-0.0104451173	-0.0185842151	0.0246492309	0.0523592762	-0.1003967089	0.0185531567	-0.1003813794	0.0479661372	-0.0596093304	-0.0028401349	0.0481021449	-0.0888787214	-0.036149235	0.012670825	-0.0283311402	0.0130411522	-0.037951837	-0.0919586614	-0.0100340041	0.0175866159	-0.1180522379	0.001941212	-0.1437163611	-0.0848265012	0.036800483	-0.0402133752	0.1200712959	0.0920656036	0.0809415348	0.2423591375	0.0333199067	0.0033068513	0.0832160242	-0.0851900442	0.110458944	-0.0495472145	0.080898105	-0.0589003311	-0.0500956553	0.0450156372	0.0239141341	-0.0694469644	-0.0068771262	0.0463301409	-0.0790382451	0.0191542122	-0.1627212289	0.0239852513	-0.0297434441	-0.0998384464	0.0112201882	0.0389770229	0.0426773901	0.0662189606	-0.0073376867	-0.1147170748	-0.0504800628	-0.0650076966	0.0251282475	0.0023239632	0.0455016622	0.0369473459	-0.0510392481	0.0914652002	-0.0537709819	-0.0809879093	-0.1579318494	-0.0760602461	-0.0058148405	0.0915461203	0.0045471732	0.0139024792	-0.092562874	-0.0557463053	0.0059663277	-0.0056256558	-0.0979663383	0.0566436268	-0.056476731	-0.0468074922	-0.0035001632	-0.0859097751	-0.0937501655	-0.0645389215	-0.0058099303	-0.0328321321	0.021523135	-0.0840097467	-0.0566176004	0.0448160347	-0.0633518113	-0.0616174998	-0.1182873004	-0.0547584267	-0.2152867646	-0.0191350879	0.0814472255	0.0150487475	0.0493283262	-0.0719665948	-0.0749531689	-0.0	0.0749531689	-0.105999788	0.0	0.0	0.0402193214837325	0.0046652350805658	2.1764418356941795e-05	0.0016175938206118	0.1635816519961679	0.0139617262813943	0.0267589568697953	0.0001949298007565	0.4764335504411008	0.0103774284463185	0.0001076910211584	0.2269889279859129	0.0001802931126423	7.020768167199999e-05	3.2505606466249074e-08	4.929118565756883e-09	0.0011378709911431	0.000261943770984	1.2947503924849805e-06	6.861453915737061e-08	-0.0013941017015125	-5.705229769990003e-05	3.2549646728380182e-09	1.943519554160048e-06	0.0	0.0
52.02720424984906	-0.0041004707952652	1.6813860742822903e-05	2706.8299820555126	59.45173187306858	-0.7511606700917568	3534.508422707239	0.5642423522926971	56.537339778255216	-0.1213953563635286	3196.47078920188	0.0147368325466281	57.262462768882365	50.647657762026654	1.026653	33.720497	0.0822345180531177	0.0420558743842972	-0.129394265	0.0070121406	0.0541149562	0.1526879788	-0.012617874	-0.0018999982	-0.1056806309	0.0455577023	-0.0611019564	-0.056861062	0.1058541366	0.0847084765	0.0908765142	0.0241060783	0.1705282191	0.0126521464	-0.0647834891	-0.012610913	-0.0507928398	0.01207385	0.0970986532	0.1198745743	-0.0531839002	-0.1283508227	-0.0152370947	-9.60215e-05	0.0801802137	-0.0174817192	-0.0751176308	-0.1184043157	-0.113024911	0.0557308827	0.0393781065	-0.0244370925	-0.0066186339	-0.1933702869	-0.0935603803	-0.1832868369	0.0013526251	-0.0116766093	-0.0589360993	0.0339488091	-0.0048418787	0.037363643	-0.0430576196	0.0895963308	0.079922553	0.0328398482	-0.0303347979	0.0146912796	-0.0047544174	-0.0550454073	-0.0373946894	0.0052644277	0.0870889692	0.0872816945	0.004554896	-0.0587263183	-0.0111907485	-0.0303819392	0.068141557	-0.0623164795	-0.0213582153	0.1934396443	-0.1225445871	0.1320620216	-0.0300752505	-0.0236944811	-0.0525984868	-0.0403470243	-0.0835665821	-0.1366942277	0.0699140937	-0.1161036797	-0.0424252556	-0.1617552025	-0.0514278941	-0.084012634	-0.0014592435	0.1538812591	0.1483207295	0.0233515869	0.0126683584	-0.1009372961	0.0817179621	-0.0923581984	-0.0842965929	-0.0170385825	0.0648182596	0.0910594235	0.0300738397	0.045413887	-0.1267643908	-0.0442771537	0.0772659866	0.0171648479	-0.1072987058	0.0427794688	0.0046814098	-0.1283174703	0.0233125162	-0.0153130631	0.0512004389	-0.0149604548	0.0434977897	0.0091536263	-0.1039076077	0.005798527	0.1093730502	-0.0046217993	0.0650338654	0.0209131024	-0.0398122915	-0.0574906199	-0.0148068983	-0.0331512844	0.1088436294	-0.0255243852	0.0155904775	-0.0844205762	-0.0143555685	-0.0491337203	0.1270729385	-0.2037803751	-0.0038081188	-0.0419001096	-0.0790556389	0.0316310007	0.1093126706	0.0715075302	-0.1266760553	-0.1369151672	0.0277869685	-0.0691176486	0.0523622722	-0.0656190084	-0.0798067652	0.0877655092	0.1393865566	0.0360372314	-0.0680967803	-0.1058107881	0.0022135291	0.0088074052	-0.0831212806	-0.0217258518	0.0763589077	-0.0781915669	0.0300168991	0.0035531272	-0.1374497051	0.0310553572	0.0555802814	0.0487273742	0.0492709511	-0.0365291985	-0.0033529132	0.0038663247	0.0536020619	-0.1152201335	0.1355795092	-0.1274158153	-0.0360077811	-0.0762643048	0.0037408877	0.0708813468	-0.1057357452	0.0	0.0	0.0506572316998585	0.010437910216126	0.0001089499696799	0.0025661551234931	0.1475607006873218	-0.016020951308846	0.0217741603873333	0.0002566708808404	0.444415481741558	-0.0320180686995428	0.0010251567232486	0.197505120411581	-3.413492300415673e-05	-0.0002144280356464	1.1651929684997084e-09	4.597938247119812e-08	0.0010820277562162	-5.584323492689985e-05	1.1707840652222644e-06	3.118466887100927e-09	-0.0015989821875112	-0.0002048804859987	4.197601354306351e-08	2.5567440359781026e-06	0.0	0.0
52.01964031207632	-0.0075639377727441	5.721315462994515e-05	2706.0429781977955	59.91729769477232	0.4655658217037413	3590.0825630439685	0.2167515343386798	56.62622927761764	0.0888894993624234	3206.529842201321	0.0079013430969022	57.35851999991437	51.30847406467246	0.996294	32.723354	0.0357930967499833	0.0190837650218354	-0.0045698794	0.0874836339	-0.0993040558	0.0487457428	-0.1340662764	0.0037790418	0.0110506055	0.0410901333	-0.0768274548	0.0285902656	-0.0032313797	-0.0061475594	-0.0369677005	0.1091087089	0.0365902904	-0.1025148622	0.0390284926	0.0493919101	-0.023606013	0.0674093804	0.0310109065	0.1857949009	0.0573409052	0.0930841992	-0.0137358977	-0.0301773342	0.0686387853	0.129350537	0.083144249	-0.0223078922	-0.0739038925	0.0541525085	-0.0891165318	-0.022674579	-0.1194133952	0.0461461986	0.0740004684	0.0360549862	-0.0553944561	0.1136819614	-0.0264180627	-0.048470736	-0.0047996859	-0.0519761443	0.0301576368	-0.0050608586	-0.0022326492	-0.0397238669	-0.0547147588	0.0592568743	-0.1113783863	0.0395852217	0.1077785132	0.1029347547	-0.0713421071	0.0463414121	-0.0621207707	-0.1222446652	-0.06592437	0.0201665175	-0.0262107943	0.0411205826	-0.068986816	-0.0886057314	-0.0349915913	0.0572174829	0.0981934823	0.0680060635	0.0085110342	-0.0263111913	0.0693996737	-0.0783371512	-0.0056815529	-0.0013540255	-0.0147570275	-0.1238916216	-0.0355158479	-0.0359680994	0.054928443	-0.0007412362	0.078588561	-0.1128852299	0.116368346	0.037180426	-0.1338170037	0.0121374471	0.112387969	-0.019384793	0.055184998	-0.0066528729	-0.059628259	-0.163960035	0.0635074172	0.0320545274	-0.1274009979	0.0219536175	-0.1610486398	0.0322264509	-0.1622955996	-0.0424263684	-0.0186919821	0.064468818	0.0383679387	0.1058141671	-0.0293802486	-0.0777506628	-0.0062037082	-0.0107713661	-0.0956538131	-0.0252637408	0.0318635663	0.0606127898	0.0206612243	0.0841440276	0.053604911	0.0035772362	-0.0055897555	0.0005182265	0.0307664676	-0.042708995	-0.0847174754	-0.0576016569	-0.0442706733	0.0250301565	0.0099631401	-0.0616437204	0.0548617138	-0.0289661834	0.0478993855	-0.0444983175	-0.069960016	-0.0642750133	0.0008030107	-0.084375396	-0.0603280038	-0.0063351703	-0.1512197226	-0.0501318182	0.118054157	0.0385930881	-0.0724312275	0.0287686535	-0.0036595366	0.1305641883	-0.0245707883	0.0791208838	-0.0343819908	-0.1119621736	-0.0220840277	-0.0019524365	-0.0101568665	0.0076305049	0.0314676501	-0.1457098077	-0.050947951	0.1229895658	0.0372630225	-0.0572906033	-0.0541502362	-0.0863757977	-0.1252677912	-0.0466959939	-0.0551789374	-0.0775516848	0.0074771147	0.0666108546	-0.1049449322	0.0	0.0	0.0392167497165303	-0.0114404819833281	0.0001308846280108	0.0015379534583289	0.1348563037211647	-0.0127043969661571	0.018186222653335	0.0001614017022737	0.4441493809778691	-0.0002661007636888	7.080961643580583e-08	0.1972686726230243	-3.477923891134001e-05	-6.44315907183282e-07	1.209595459252067e-09	4.1514298824941563e-13	0.0009740276522094	-0.0001080001040068	9.48729867268556e-07	1.1664022465479629e-08	-0.001479984266689	0.0001189979208221	1.4160505160006576e-08	2.190353429646977e-06	0.0	0.0
51.98415706915847	-0.0354832429178486	0.001259060527967	2702.3525861909384	60.02314412020107	0.1058464254287443	3602.777830074428	0.0112034657760427	56.73231815262664	0.1060888750090001	3218.55592297085	0.0112548494006752	57.46335656555875	51.81003614490925	0.981605	32.240891	0.0557232402974	0.0314510092704997	0.0875232863	0.0093830508	-0.0314338504	0.0463839174	0.0789023531	0.011514596	0.0647043077	-0.0271813965	-0.010928966	-0.042647204	0.0024378252	0.0593800861	-0.0321421535	-0.0523554218	0.0110669993	0.0746123569	-0.0507928522	-0.029250852	-0.0270742713	0.0057292166	-0.1362274722	-0.103145318	-0.1168178885	0.1007771354	0.0204572501	-0.0545999832	0.0601730181	0.0354585673	-0.0585707723	0.0332041505	0.0511076816	-0.1109132472	-0.0902736996	0.0945452498	-0.0539386234	0.0295856184	0.0412443638	-0.0746992899	0.1717427795	-0.0407590457	0.050739498	-0.0614420611	0.0696712952	-0.0588198824	0.0560253893	-0.0340147822	-0.1660421619	0.0544728924	-0.0551415717	0.1404884372	0.062128547	-0.0684569644	0.0208114991	-0.0544689808	0.0126341676	0.0131251691	0.1597951068	0.0335459365	0.0261816363	-0.0191352407	0.0608437839	0.0680999647	-0.1128447541	0.1031163074	-0.0972967957	-0.0656295523	-0.0397667623	-0.0231246508	-0.0459097371	0.0437682391	-0.011178378	0.134731566	-0.0888057064	-0.0353832064	-0.0352294181	0.0458615402	0.0511468834	0.0236607596	-0.042649778	-0.0485862645	-0.0903857356	-0.0097634563	-0.1791888687	-0.0226356273	0.013428857	0.0483721628	0.0961896652	-0.0629008274	-0.1083403875	0.053146793	-0.0237190639	0.0969507713	0.080969744	0.1458496235	-0.0098085535	-0.0662625066	0.0460834705	-0.0026657201	-0.0187977823	0.0259489554	0.0411462251	0.1170950129	0.0913181951	0.0752770431	0.0526044884	-0.0633672805	-0.0315524138	-0.1341858963	0.0518120485	0.0052206848	-0.0221421993	-0.1802893126	-0.0316066538	-0.0311855863	0.0100001304	-0.0282034023	0.1277100767	-0.0742115825	-0.0263134466	0.075541983	0.0120227503	-0.0400334776	-0.0556291749	-0.0559160853	-0.0207029242	-0.0935459897	-0.0607330619	0.0551690386	0.0930420222	0.005215671	0.0144418335	-0.0927021533	-0.0484217698	-0.0624369395	-0.0198293026	-0.045343717	0.1219491445	0.0159125918	-0.0251744299	-0.070753809	0.0161572005	0.0745970162	-0.0642834806	-0.0454620384	-0.0952669697	-0.0374831407	0.0099597596	-0.0133917701	0.0049992619	0.0398948264	0.0882750199	-0.0101769743	0.0752312764	-0.099101631	-0.0687589595	-0.0196596006	-0.0695047435	0.0258950657	-0.0373652219	-0.097194504	-0.0150803818	-0.0367372147	-0.1252758572	-0.078814908	0.0112040262	0.0621536617	-0.1036312889	0.0	0.0	0.0385217628337102	-0.0006949868828201	4.830067672920041e-07	0.0014839262118166	0.1479133202210221	0.0130570164998574	0.0218783502988066	0.0001704856798775	0.4689695877713546	0.0248202067934855	0.0006160426652713	0.2199324742544342	0.0001907974012336	0.0002255766401449	3.640364831749535e-08	5.0884820579079776e-08	0.001043355030966	6.932737875660008e-05	1.088589720642063e-06	4.806285445261084e-09	-0.0015281008502122	-4.811658352319999e-05	2.3152056099450806e-09	2.3350922084192487e-06	0.0	0.0
51.938141181045694	-0.0460158881127767	0.0021174619588075	2697.570509342235	59.41833503233558	-0.6048090878654904	3530.5385380148773	0.3657940327646864	56.74773562897881	0.0154174763521695	3220.305499016471	0.0002376985770697	57.4381127777318	50.97541662434626	1.019702	33.492207	0.0355581646599639	0.0210205556523771	-0.0303843355	-0.0958876048	-0.2049605924	-0.0131301281	-0.0691098709	0.0416059157	-0.0694979303	-0.0007861605	0.1827804347	0.0712084257	0.0691541501	0.0455938046	-0.158332441	0.068182427	0.0227079558	-0.0042629083	0.0580686147	0.0735684344	-0.0190355089	-0.0875419489	0.0098889907	-0.024459996	-0.0046685515	0.0554909188	-0.1445501091	-0.0161232283	-0.0647371144	-0.1206458088	0.1286821866	-0.0313583377	0.0474327213	-0.0344041076	0.126014374	0.0315641814	-0.0650100165	-0.117808228	-0.0345258516	-0.1816210973	0.0267456019	-0.0356180395	-0.0141084029	-0.1197312022	-0.0039204915	0.0632061372	0.1049886704	-0.0214015535	-0.0651398139	-0.0713598926	-0.0770824516	-0.0231066335	-0.0554822844	-0.0919709555	-0.0946118964	-0.1217640715	-0.005077671	0.0102266097	0.0534967515	0.0565902813	-0.0630240932	-0.1179786573	-0.0065253004	-0.0324396755	-0.0771459593	-0.0071413176	-0.0182251025	-0.0492408364	0.0504545837	0.0130598482	0.0742135001	-0.1100005816	-0.0452929674	-0.0184582474	-0.018293388	0.0067360662	0.0598605482	-0.044293615	0.0501054603	0.1047200598	-0.0559634459	0.1376115697	-0.0811635937	0.058908058	-0.000945804	0.1210042408	-0.0081073592	-0.1161281389	-0.0614523871	0.1360910376	-0.0483019186	-0.089220698	-0.0781795041	0.1670433424	-0.0457979765	0.0222907049	-0.0101790092	-0.0744767179	-0.0126647722	-0.0433591506	-0.0336491535	-0.1149960737	-0.0080798827	-0.1354878974	0.1787873552	0.0615523644	0.0100176759	-0.0439288333	-0.0198524485	-0.1403125659	0.0282505997	0.0480822051	-0.0163543268	0.0292194381	-0.0732383872	0.0855147747	-0.0313895858	-0.0101479621	0.0229346017	-0.0307607558	0.0280069276	-0.0393220102	0.0558910335	-0.0219026919	-0.0394266371	-0.0173841444	0.0320839857	0.0390708154	0.0749882295	0.0150611387	0.1083727427	0.007379465	0.0214407223	0.0811728324	0.1212688973	0.068449181	0.0202791836	0.226234134	-0.0588790659	0.101873801	-0.1742775303	-0.0715044698	0.0211318628	-0.1044457533	-0.0187891327	0.0454027614	-0.0432445025	0.0557410295	0.0369235389	-0.0255835952	-0.1289909416	-0.0739144234	0.0555366186	0.0621006147	0.0169235553	-0.0932473939	-0.0975556309	0.0727730151	0.0282792028	0.1206592063	-0.1404844622	0.1052411349	0.014038912	-0.0764270486	-0.0200480904	-0.080053581	0.0149169788	0.057522261	-0.1018013597	0.0	0.0	0.0424398472907796	0.0039180844570693	1.5351385812728803e-05	0.0018011406380646	0.1486434331235102	0.000730112902488	0.0220948702107434	5.330648503795821e-07	0.4721846752478811	0.0032150874765264	1.0336787481717476e-05	0.2229583675389469	0.0005126768307458	0.0003218794295121	2.628375327835576e-07	1.0360636714309932e-07	0.0010431689866226	-1.8604434340015533e-07	1.088201534651222e-06	3.4612497711194926e-14	-0.0012962687275902	0.0002318321226219	5.3746133079422034e-08	1.6803126141283162e-06	0.0	0.0
52.00715627456832	0.0690150935226228	0.0047630831339363	2704.74430376737	59.525576563442456	0.1072415311068795	3543.2942652102497	0.0115007459941478	56.73251193547421	-0.0152236935046019	3218.577910508724	0.000231760843922	57.424592848923176	50.54880516848751	1.0534	34.599007	0.0463953032370964	0.0305156763213905	-0.1003186925	0.0415546732	0.0410238731	0.0635688417	0.188392741	0.1221178321	-0.0929290768	0.0977645788	0.015249937	-0.0038115705	-0.2177364731	0.0990409969	-0.011647489	-0.0559810899	0.0348270325	0.1138889726	-0.0035021771	0.0365787501	-0.0896412163	0.0378625773	0.0656136267	0.0539991731	0.004037706	0.042546604	-0.2053974627	-0.0181498599	-0.0304931743	0.0793719957	-0.0562505535	-0.0173056202	0.1116254206	0.0332343674	0.0811948643	-0.0634446124	-0.009326215	0.0061568235	0.0069028061	0.1246978364	-0.0846865898	-0.0213208131	-0.1655262467	-0.0314969346	0.0261347971	-0.0094440844	0.1162910656	-0.0087247553	-0.0613753088	-0.0096823308	-0.0038321786	0.0975389154	-0.0352568726	0.1379431574	0.0376721382	0.030708457	-0.0541072215	-0.0520747181	-0.0243062867	-0.0943152736	-0.1599703753	-0.0364673199	-0.0467014255	0.0398460027	-0.047262196	-0.0168754387	-0.0253376604	0.0797127274	-0.0163025497	0.0211619759	-0.1720480062	0.0035306489	-0.0218460212	-0.0645321797	0.0591096361	-0.140022813	0.0223413688	0.0932012973	0.0344720081	0.1752118581	-0.0896168627	0.0758518085	-0.0144424021	-0.1304933875	0.0661369905	0.1568768294	0.0536573635	0.0219073056	-0.0741465699	1.30736e-05	-0.0726294033	-0.0549753806	0.0127609057	-0.0562604972	-0.0991473877	0.0874540485	-0.0527832139	0.0692450921	-0.0690098699	0.1382390658	0.0756798229	0.002932055	-0.0700286882	0.0276060762	0.0660708264	0.0364175729	0.1480655571	0.0318014677	0.1121960819	-0.0769414132	-0.1946285178	0.0563825731	0.0122180006	0.0568133202	0.0595595939	0.0004947819	0.0438746556	0.1131545127	-0.0880814371	0.0682983234	0.0489189912	-0.0120185774	-0.0170121473	-0.140092284	-0.1733269392	0.0049941904	-0.0601724722	0.0258441463	-0.0715556946	0.0880117066	-0.014494028	0.0199391693	-0.0730398445	-0.0479391771	-0.0454756634	0.1651824731	-0.0494051271	-0.0710023036	-0.0324809615	0.0092250974	0.0798267024	0.0256532641	-0.107894953	-0.0600465318	-0.0275709014	0.0630001174	-0.0478095178	-0.1011917827	0.0489024521	0.1554497669	0.0565153069	0.0241403178	0.1060833762	-0.0439739785	0.0179610909	-0.0842308581	0.1059593341	-0.0512662603	0.1159559833	0.0408469892	-0.1455375488	0.0117557086	-0.1446381628	0.0134314712	-0.0545455905	-0.0812673177	0.0186113467	0.0527296337	-0.0994642612	0.0	0.0	0.0432988827646312	0.0008590354738516	7.379419453354513e-07	0.0018747932486652	0.1520792621097229	0.0034358289862126	0.0231281019638377	1.1804920822499367e-05	0.4667329614902087	-0.0054517137576723	2.972118289559445e-05	0.2178396573414206	-3.4726903997395826e-05	-0.0005474037347431	1.205957861244346e-09	2.99650848810799e-07	0.0010440260705828	8.570839602000616e-07	1.0899904360565617e-06	7.34592914832221e-13	-0.001480982409274	-0.0001847136816837	3.4119144201184144e-08	2.193308896579021e-06	0.0	0.0
52.04153607103755	0.0343797964692313	0.0011819704052657	2708.321476633102	60.26687844169331	0.7413018782508516	3632.0966371058375	0.5495284746982404	56.64875691228633	-0.0837550231878765	3209.0816597073085	0.0070149039092017	57.39392771546808	51.738581303378055	1.058004	34.75024	0.1352527926562008	0.0764110834512769	0.0972541926	0.0772136008	-0.0340737028	0.034246485	-0.1007330845	0.0865493604	0.0718192874	0.0057283129	-0.0227333739	-0.0833956421	0.0830465548	0.0799382642	-0.095280131	-0.0470518203	-0.0318970386	-0.0221273232	0.0155929186	0.0703572182	-0.0373188894	-0.0234659248	0.0973918813	0.024894827	-0.0238064199	0.1198771345	0.1029904935	-0.0084642597	0.1229642721	0.0243898621	0.0293783526	-0.0334630135	0.0393065518	-0.0260571809	-0.0302749724	0.0553037526	0.0154256421	0.0539263573	-0.0376255623	-0.0336673158	0.0360732946	-0.180939321	0.0023255016	0.0522515213	-0.0051217702	-0.0903341441	-0.0102572033	-0.0225660812	-0.015668037	0.0038753582	0.0836627421	-0.0978269992	-0.1078010885	0.0684379913	-0.0743691055	-0.0606532345	0.1255993811	-0.0418524366	-0.0909158219	-0.039674459	0.0066767968	-0.0407759026	-0.0311453359	-0.1235282908	-0.0897176414	0.0164111909	0.074299612	-0.0026391424	0.0521222275	0.0333167438	0.1251019399	0.0282060474	-0.0655546736	0.0234701647	0.1461916247	0.0240942233	-0.0408595754	-0.0215162626	-0.017441072	-0.0949575411	-0.0646339579	-0.0470146466	0.0517730024	0.0367757764	-0.0353902582	0.0410576558	-0.0049200177	0.0521621896	0.1923124145	-0.0336709548	-0.0072759391	-0.0086409931	0.0010688524	0.0926824154	-0.0215957477	-0.0445149131	0.0421559041	-0.0706992379	0.0681846394	0.0960739601	0.0524393945	0.1952839763	-0.0856306668	0.0568776888	-0.0578634365	0.0441620548	0.0544170308	-0.025273162	-0.0033956829	0.0095988142	0.1203017197	0.0364812166	-0.0109847781	0.0166410122	-0.0447626898	0.0378966447	-0.091155895	0.0116884645	-0.0252811642	0.0564599111	0.0780847888	-0.0021331741	-0.0758097281	0.0646320162	0.0640577298	0.0760549359	-0.0667907458	0.0840234702	0.0237700535	-0.0017057349	0.0011012813	0.0910533143	-0.1300204138	0.0331177386	0.0232050231	-0.122487675	0.066997763	0.0156840486	0.049083641	0.0151223842	-0.0166084662	-0.0505642926	-0.0888150048	0.0996787271	0.053892836	-0.0895834832	-0.0427998319	0.0115773743	0.0393097082	0.0002048549	-0.0031506296	0.0357696338	-0.043700018	0.0005504284	-0.0380812984	-0.199827437	0.0709486094	0.0036734491	-0.016428907	-0.0104515745	-0.0750322998	0.1126818332	0.0473962389	0.0551618524	0.0545954568	-0.0824557403	0.0222825273	0.0477892128	-0.0966316368	0.0	0.0	0.03323727488727	-0.0100616078773612	0.0001012359530777	0.0011047164419319	0.1466480672390417	-0.0054311948706811	0.0215056556249464	2.9497877723313717e-05	0.5234144051689924	0.0566814436787836	0.0032127860575111	0.2739626395384101	0.0007802738282469	0.0008150007322442	6.088272470470728e-07	6.642261935587385e-07	0.0008778176640453	-0.0001662084065375	7.705638513099472e-07	2.7625234403734872e-08	-0.0017613441950797	-0.0002803617858057	7.860273094016123e-08	3.102333373540956e-06	0.0	0.0
51.93580715200656	-0.1057289190309873	0.011178604319461	2697.328064530416	59.97212784175567	-0.2947505999376361	3596.6561178678858	0.0868779161635964	56.67103679574651	0.0222798834601789	3211.606411504855	0.0004963932069991	57.40261766137442	51.8418644965028	1.042611	34.244663	0.1166764713698482	0.0662723409245593	0.0380863418	-0.0984481208	0.1032986931	0.0405149632	0.0882374546	0.0581661762	-0.0133321158	-0.074161536	0.0853427691	0.0182426261	-0.0106609472	0.1524650937	0.191993081	0.0092343911	-0.0271079827	0.1200631231	-0.1127731776	-0.0803891412	0.0413104563	-0.0281517191	0.1176004332	-0.0778852555	0.0158074018	0.0159934932	0.0131939129	0.102018513	0.117616494	0.0892441426	0.1110382343	-0.0337807662	0.0118437914	-0.0160754112	0.012901028	-0.1550904025	0.0367211337	0.088325882	0.036638181	-0.012214602	-0.0514067497	0.0342860773	-0.192354264	-0.0002706543	-0.0028753866	-0.0598157492	-0.1030468351	0.0611373853	-0.0696456033	-0.060066397	-0.0302233412	-0.0161439413	0.0047965215	-0.0537778033	-0.0855419192	0.0427614451	0.0757515089	-0.0650177368	-0.0047460651	-0.028536004	-0.0198568307	-0.0090904177	-0.0277725374	-0.0777360058	0.0270673616	0.0101069307	-0.0864168039	0.0110690603	0.0198456849	-0.0891004804	-0.0235657398	0.0496308723	0.0576986492	-0.1182318262	0.0830231564	0.0648204257	0.0763788851	-0.1145357721	0.003494236	0.0410295544	0.0620448517	0.06720565	-0.0396799898	0.076845641	0.0754690954	-0.0446896128	0.0492866222	-0.0467281574	0.1434032568	0.1054168886	0.0614239478	-0.0443162227	-0.0777518167	-0.1070478501	-0.0643818879	0.0411267287	0.046460311	0.1305464809	0.0210178088	0.1054927303	0.023883668	-0.0177512257	-0.0481818459	0.0955433436	-0.022988753	0.0263704484	0.0342274854	-0.0085373367	0.0856390129	-0.0598292321	0.0014838141	-0.1300525156	-0.049338829	0.1788117074	-0.025164209	-0.0251733223	0.034875529	-0.0079865858	0.0033840426	0.0223029651	0.0458981925	0.1405596956	0.0657227524	-0.0546371306	0.0460081872	-0.051440775	-0.0443726539	0.0439206017	0.0933298779	-0.0338511466	-0.0295093158	0.0423722113	-0.1826457994	0.0035410304	-0.01847085	0.0331620808	0.0972847617	-0.1206452846	-0.0296497302	0.0642707918	-0.0100323749	-0.134809737	-0.0160971262	-0.0448582217	0.0759105092	0.0630721019	0.0364678572	0.0059562766	0.0418470338	-0.0334835406	0.0159845025	-0.0441197225	-0.00222658	0.0555312248	-0.0079193185	0.0261358553	0.0790259129	0.0856126283	0.134640735	0.0379681842	-0.123721403	-0.1430404176	-0.135338835	0.1068985635	0.0631858666	-0.0836184785	0.0259259465	0.0427148457	-0.0933175984	0.0	0.0	0.0317462545173867	-0.0014910203698833	2.223141743406933e-06	0.0010078246758826	0.1648305245437029	0.0181824573046611	0.0271691018213522	0.0003306017536358	0.4706632320491337	-0.0527511731198587	0.0027826862655213	0.2215238780029366	0.0002050192523022	-0.0005752545759447	4.2032893814553144e-08	3.309178271453166e-07	0.0006003221454506	-0.0002774955185946	3.603866783184114e-07	7.700376284014146e-08	-0.0017290578781102	3.2286316969499986e-05	1.0424062634550228e-09	2.9896411458549474e-06	0.0	0.0
51.91749846064162	-0.0183086913649432	0.0003352081794967	2695.4266464107245	59.77598261960687	-0.1961452221488002	3573.168098139543	0.0384729481718022	56.67242663541286	0.001389839666352	3211.763940746253	1.9316542981656844e-06	57.42629440597064	50.44919964623684	1.035538	34.012333	0.0979662770340964	0.0476262236586693	-0.0695597837	-0.0214336351	0.1454254176	0.053643712	-0.1937434289	-0.0203143497	-0.0695623571	-0.0776270265	-0.1967244002	-0.0722558439	0.0118314124	0.0312193741	-0.0238309657	-0.0572162176	-0.0185825995	-0.1005486814	-0.00955507	0.0596284355	0.0447630801	-0.0545476879	0.1751292922	0.0108850292	-0.0988948364	-0.0137199597	0.0180841053	0.0524348558	0.0770798247	-0.0760287921	-0.0894610153	-0.0904349935	0.0540261209	-0.0536956545	-0.0142807826	0.0339015819	0.0819812007	-0.0431561581	0.0125428001	-0.0877042766	-0.0934060971	-0.0602680458	-0.0376503738	-0.0862860042	0.0369118267	0.0134261043	0.0481320642	-0.0908181012	0.0271209176	0.0415337957	0.0563598896	-0.0233364874	0.1135471289	0.0505519316	-0.0415102226	0.1225300268	-0.0587758121	0.0536745341	0.088974279	0.0093514165	0.043958751	0.0302969051	0.0984324555	-0.0364169913	-0.0733735572	-0.0835687682	-0.0522969491	-0.0382852306	-0.0463614579	-0.0065231387	0.0835941953	-0.0165331888	0.0091838948	-0.0948916021	0.0466066314	-0.0343574675	0.0760653522	0.0152094972	-0.0532418237	0.0961991549	0.0883807932	-0.0193560476	-0.0433867917	-0.0708269244	-0.15436828	0.0284697861	0.0474850331	-0.0524539329	0.0577829741	-0.00872247	0.0792574696	0.0310713296	0.0068466133	0.0920198117	-0.0969910389	-0.0715825824	-0.0043499794	0.0238145103	-0.0255942738	-0.0094682072	0.0714104428	-0.0263024794	-0.0178004615	-0.0107690405	0.0518291632	-0.1041618796	0.1035244191	-0.1093626446	-0.0985425692	0.0163261401	0.0277186008	0.035913716	0.0055192786	0.0902302481	0.0923263896	-0.0693622835	-0.0637825614	0.0416825391	-0.0477807975	-0.0665539301	-0.1067895507	-0.0630873421	-0.0594826392	0.010075842	-0.0189154264	-0.0477705641	0.0156881647	-0.1305032052	-0.0048903035	0.1305375439	0.0077515685	0.0952765409	-0.0534661977	0.1410982404	0.0406796041	0.0426964153	0.0190328653	0.0463482	0.0398685505	0.0441997739	0.0667496422	-0.0470528825	-0.1113891526	-0.1015083588	0.1449916699	-0.066391857	0.0918697458	-0.0439523097	-0.0772196023	-0.0620310304	-0.0159896747	-0.0245689605	-0.0500675678	-0.0358334458	0.205027023	0.0474038114	-0.0699342388	-0.038340619	-0.0082119917	0.0691875701	0.0152895873	0.0648067192	-0.0142073706	0.0557776013	0.027084354	-0.0847551701	0.0295370653	0.037520755	-0.0895386565	0.0	0.0	0.0395836657192631	0.0078374112018764	6.142501434729767e-05	0.0015668665917743	0.1395402954312317	-0.0252902291124711	0.0194714940490354	0.0006395956885612	0.5052739458933075	0.0346107138441738	0.0011979015128032	0.2553017603985931	-0.0001028503326934	-0.0003078695849956	1.0578190935143066e-08	9.478368136536297e-08	0.0006611004593755	6.07783139248999e-05	4.370538173864971e-07	3.694003443553681e-09	-0.0019649684367012	-0.000235910558591	5.565379165471766e-08	3.861100957231958e-06	0.0	0.0
51.97792700525397	0.0604285446123498	0.0036516090039667	2701.7048957635097	59.41523076633719	-0.3607518532696829	3530.1696470171014	0.1301418996375108	56.695385296567736	0.0229586611548739	3214.366713926269	0.0005271001220243	57.42895195154779	50.94724909380162	0.984732	32.343609	0.0872262245736419	0.0456708033914586	-0.0050378937	0.084514264	-0.0232403958	-0.0327159285	-0.0424053429	0.0739532772	-0.0033158285	0.1199853773	-0.0136543295	0.0233804903	0.1602154992	0.1129479431	-0.0693389483	-0.0330390633	-0.0422706706	-0.0076338651	0.0386674142	0.0711080637	0.1167892315	-0.0026511452	-0.0354820591	0.0070851907	0.0078577901	-0.0394762384	-0.0023863858	0.0286811295	-0.0419843115	-0.0058667141	-0.0424316343	0.2029895351	-0.1222860042	-0.102043219	-0.0336091197	0.0763655843	-0.0044640824	-0.0670807266	-0.0182351094	0.1317619975	-0.0623886295	0.0505104004	0.0599926224	0.0129976931	0.0976143073	0.0160172981	-0.0831982291	0.1019008189	0.1186338814	-0.0690359596	0.0458934413	-0.0215522329	-0.0718820431	0.1687240053	0.0298588848	-0.0974886861	0.0436291837	-0.0227193727	-0.0019289379	0.1512082428	-0.0296486379	-0.1235109692	0.1741134959	-0.1499224831	-0.0082496986	0.0372630858	0.0442248073	0.0154795449	-0.0321976203	-0.0137818182	0.0504048423	0.0046717406	0.0842660723	-0.0857769963	-0.0271045845	-0.0073187574	-0.0791667241	-0.0005223027	0.0683845003	0.1037907034	-0.0351189597	0.0465823182	0.0924401999	0.0308625157	-0.0579273882	-0.0458167831	0.117486259	0.0906065202	-0.0494514419	0.1007141442	-0.1894042242	0.0069758487	0.000305354	-0.1645456623	0.0684412477	0.0484326831	0.0416047249	-0.0391562232	-0.0477156234	0.0578295674	0.0628283386	0.0765005221	0.0958849898	-0.0212158753	-0.0478366033	0.0062884567	-0.1331599517	0.04911259	-0.0301838293	0.044741804	-0.0737361901	0.113628131	-0.095952023	-0.0163856673	-0.0132533992	-0.0380577438	-0.0252111091	0.0050850386	-0.0290535781	-0.0526833511	0.0174612245	-0.0534416801	0.0327867579	-0.0379416881	0.1674929736	-0.0446446553	0.0055370268	0.0407718265	0.0547290191	0.0692870269	-0.0340637696	0.2174476066	-0.0168572683	0.1029846281	0.0387226854	0.0290060665	0.0312645844	0.0411219719	0.0121999863	0.0073561258	-0.0831438076	-0.0375121236	-0.1029195382	0.0488369056	-0.0596830382	-0.0648074836	0.0362002142	0.0616761602	0.0003724737	-0.080658558	-0.0295564568	0.0135289854	0.0390873845	0.1143957999	-0.0468703333	-0.0009533227	0.0433845668	0.0052635724	-0.1408439225	0.0116943148	-0.0888711995	-0.0834375171	-0.0314878197	0.0358698404	0.0518311298	-0.085865461	0.0331113845	0.032221499	-0.0853136375	0.0	0.0	0.0343315578253395	-0.0052521078939236	2.75846373294146e-05	0.0011786558627146	0.1538452023813334	0.0143049069501016	0.0236683462957534	0.000204630362851	0.4827076809475059	-0.0225662649458016	0.0005092363136041	0.2330067052457191	0.0006341454368447	0.0007369957695381	4.021404350709554e-07	5.431627643170562e-07	0.0007009186635413	3.981820416579999e-05	4.91286972900522e-07	1.5854893829893319e-09	-0.0018397235147288	0.0001252449219723	1.5686290479872552e-08	3.3845826106460896e-06	0.0	0.0
51.99194486884703	0.014017863593061	0.0001965004997136	2703.162331245229	60.22505112000328	0.8098203536660904	3627.056782407008	0.6558090052118717	56.714390603758446	0.0190053071907101	3216.5221015556845	0.0003612017014132	57.463073989879085	52.04776582449841	0.980704	32.211323	0.0811395956208255	0.0473978753587625	0.1234632737	-0.0109559856	0.0212899453	-0.0371187458	-0.0510225927	0.0169424869	0.1089931468	-0.0056352308	0.0072585109	0.0074572698	0.0134369513	0.0275182628	-0.0243811551	0.0859964265	-0.2113395197	-0.0859129582	-0.1134435159	-0.1299817522	-0.0723178015	0.0030542776	-0.019846315	-0.0804000291	-0.0173335186	0.0167505037	0.0956005192	-0.0581809504	0.0586664481	-0.1290167519	0.0881110798	0.0007783979	0.073354716	0.0660632061	-0.0025999772	0.0237296739	-0.1098354851	-0.0667179831	-0.032481632	0.0909024352	0.0903674173	0.0458059332	0.0456019026	0.0073989059	-0.0779909118	-0.0605102803	0.0739866517	0.1220186026	0.027573667	-0.0290058334	-0.058064452	-0.0160514742	-0.0039893859	0.0500976034	-0.0247065628	0.0002582643	0.0207581511	-0.0217571233	0.0439858429	0.0148865065	-0.0765192091	0.0813667684	0.1295004683	-0.0483600644	-0.039299059	-0.1717595625	0.0621486718	-0.0319932274	0.1301569587	-0.013396658	-0.094279714	-0.0702864167	0.0624013188	0.0782929193	-0.0490317271	0.0765839872	-0.1226260593	0.0844267256	0.0864672587	0.0424635271	0.10789115	-0.068494724	-0.028347692	0.0960049885	-0.0761122641	0.0311121179	-0.0003465978	0.031760357	0.0133993657	-0.0415180146	0.0510183147	-0.1102105068	-0.0272356676	-0.0345121344	0.0248446545	0.0138329095	-0.0195224362	-0.0915982162	0.0333208074	0.0158690759	-0.0727965124	-0.0642024233	-0.0260804928	-0.1460010259	0.0676555342	0.0502891349	-0.0984653578	0.0579974153	0.0109934471	0.1040057564	-0.0024145706	0.016680952	-0.0315955926	-0.077476768	-0.0177294184	-0.028319303	0.0119927483	0.0308988386	0.0272305089	-0.0891162791	-0.11356678	-0.1497041757	-0.0229866588	0.0117178672	-0.1146881091	0.0069944441	-0.0521999963	0.081452302	0.0040588189	0.0871140513	-0.1303480326	0.0561174636	-0.0193339109	0.0799356479	-0.0061456198	-0.0299199052	-0.0976675337	-0.0879997207	0.030931018	-0.0888190384	-0.0186567581	-0.1139468306	-0.0166750994	0.058332171	-0.066435927	0.040869328	0.045674786	-0.0136350846	0.0475757768	-0.03217072	-0.02587538	0.0487636176	-0.0012091204	0.0118111368	0.0588965031	-0.0012357377	-0.0141820265	0.0785235111	-0.0117686417	0.076304666	0.0369386997	-0.024932735	0.0894200659	-0.0057646623	-0.0735849342	-0.0869490055	0.0366444511	0.0268319309	-0.0806635902	0.0	0.0	0.0349133513196164	0.0005817934942769	3.384836699829267e-07	0.0012189421003669	0.1327152589308866	-0.0211299434504468	0.0176133399530922	0.000446474510219	0.452642797482504	-0.0300648834650018	0.0009038972177641	0.2048855021127871	0.0001335970718637	-0.000500548364981	1.7848177610554622e-08	2.505486656851524e-07	0.0006688816857387	-3.20369778026e-05	4.47402709516645e-07	1.0263679467242852e-09	-0.0017850493532904	5.467416143840019e-05	2.9892639289922463e-09	3.186401193682475e-06	0.0	0.0
51.892636010790966	-0.0993088580560623	0.0098622492883991	2692.8456721484395	60.1302326630781	-0.0948184569251822	3615.644880115904	0.0089905397736726	56.7627156346822	0.0483250309237561	3222.005886223795	0.0023353086137819	57.5124800469761	51.95371146971287	0.967916	31.791294	0.0508001670616843	0.0275668360276345	0.0379063809	-0.1192976185	0.1023960072	-0.0388498933	0.0659294372	0.0406491186	0.0229352014	-0.1093599997	0.049658702	-0.0090520473	-0.0869005703	0.0954332207	0.0915340741	-0.0373738188	-0.0474724852	-0.000193975	0.026910662	-0.0312901315	0.0511134648	-0.0684969137	-0.0703514758	-0.1123273121	0.0780323791	-0.049102743	-0.1127306887	-0.0509398687	0.0377523467	0.0177762442	-0.0298961998	-0.0353241897	0.0470159878	0.0425964865	-0.0038891252	0.0007321099	0.0189922131	-0.0159047694	-0.0103510059	-0.0482201416	-0.047408027	0.0150882889	-0.0692736256	0.0143548378	0.0980275641	0.1189947039	-0.0849621386	-0.1038942426	-0.0151209591	-0.0300465472	-0.0707000446	-0.1895960268	-0.0449976921	-0.1169460372	0.0780462247	-0.0110610045	-0.0922421641	-0.0685044006	0.0681219128	-0.153311203	-0.0024428576	0.0659753214	0.0271360931	-0.0589182686	-0.0162425334	0.037654714	0.0449754406	-0.0754862165	-0.0863602899	0.0908926055	0.0997831303	-0.0441090655	0.0567759028	0.0518378319	-0.0320050191	-0.0748530407	-0.1793975119	0.0598416057	-0.0373084627	-0.1002135143	-0.0230393777	-0.0090366522	-0.1353707271	0.0370653346	0.0248241173	0.0812883415	0.0917109196	-0.0722265197	-0.080520767	-0.0850423292	0.0170553105	-0.1171338315	0.0112248571	0.0456852462	0.029752171	0.0204208654	0.0497885536	0.1316425822	-0.0061167451	0.0770233888	0.0961456397	-0.0614138506	0.0139950789	-0.009176107	-0.0679949156	-0.000388724	-0.0718309388	0.0104270215	-0.0501282864	-0.1562126275	0.0433671494	-0.130548591	0.0553264377	-0.0515849674	-0.0105246516	0.0984023203	-0.1362562756	-0.0191888737	-0.0432686782	0.0373150317	-0.0114409094	0.0057584895	-0.1171200948	-0.0655063269	0.0108634588	0.02413368	-0.0888263551	-0.0765062615	-0.0018490084	-0.1191281819	0.0794043343	0.0105214505	0.0099114202	0.0904192404	0.0121592342	-0.000672313	-0.0803023854	0.0479805621	0.0172264906	-0.1155529675	-0.0232098488	-0.1343923181	0.0026891983	-0.0593605842	-0.0703763661	-0.0502506457	0.0463280302	-0.0842718367	-0.0370258477	-0.035413717	0.0275115548	0.043610238	0.0164287297	-0.0104631849	0.0296611343	-0.1133697032	0.0114207918	-0.0217594844	-0.0485956003	0.0207082803	-0.0889177534	-0.1674863679	-0.0787537116	-0.0486614448	-0.0102830424	-0.0880054659	0.0401318633	0.0213671566	-0.0756116809	0.0	0.0	0.0369465559523263	0.0020332046327099	4.133921078473008e-06	0.0013650479967383	0.143494840699816	0.0107795817689294	0.0205907693074655	0.000116199383113	0.467888874997314	0.0152460775148099	0.0002324428795875	0.2189199993462521	0.0004710242399789	0.0003374271681152	2.2186383464770038e-07	1.1385709378224345e-07	0.0005780753458095	-9.080633992919994e-05	3.341711054327731e-07	8.24579137133741e-09	-0.0018116419081507	-2.659255486030005e-05	7.071639739980674e-10	3.282046403367909e-06	0.0	0.0
51.88770807927978	-0.0049279315111832	2.428450897891237e-05	2692.3342497205563	59.2913698869593	-0.8388627761187948	3515.4665430722243	0.7036907571577312	56.67338253096711	-0.0893331037150915	3211.872287501328	0.0079804034193712	57.43288432689932	49.79273683099108	1.051792	34.546207	0.0474208607999711	0.0222347340313746	-0.1007926784	0.01888298	0.1769941323	-0.0166395625	-0.044867819	-0.0129190413	-0.1139401951	-0.0147427373	-0.1435447139	0.0278573173	0.1663385481	0.0108249285	0.1198375096	-0.0209836611	-0.0085849969	-0.0914871681	0.050139319	-0.1641959705	0.0948841287	0.0493390943	-0.0163669303	0.0143133513	-0.1053949183	0.0669286413	-0.0685900275	-0.0515082416	0.0153635796	-0.0656459503	-0.0629898687	-0.0303625522	0.1590418362	0.0785960867	-0.0826399923	-0.0552490513	0.0821217051	0.0782398634	0.1319188985	-0.0952374816	0.0853251526	-0.0447593372	-0.0219061038	0.147415089	-0.0224369058	0.1460198061	-0.0825931824	0.0353392053	-0.0082897234	-0.1618702579	0.1380171765	-0.0027097432	-0.0469806033	-0.0454305761	-0.049201794	-0.0067229483	0.0747738885	-0.0598860669	0.214376064	0.0562245122	-0.0178126529	0.1103977601	-0.0883817097	-0.0341804624	0.0036108763	-0.1934507424	-0.030100785	0.2217685282	-0.0864347526	-0.0660650564	0.0022161621	0.0777134517	0.0607095678	-0.0135869811	-0.1741859444	0.0304877216	-0.0381561557	0.0456113193	-0.0909667062	-0.0332164269	-0.1389237816	0.102622324	-0.0020018951	0.0160605314	-0.0971523873	0.0920621887	-0.1107194077	0.0244289141	-0.0309719939	-0.1500660101	0.1297897221	0.0222423458	-0.066833333	0.0944927426	0.0335556646	0.0158902976	0.1970541882	0.0390014789	0.0727025436	0.0091126247	0.063046969	0.0809593605	0.062314796	-0.0704362322	0.0096252745	0.0149713516	-0.0372429305	0.0636191822	-0.0023786856	-0.0291702475	-0.0298391738	-0.0635752627	-0.1276998249	0.1383131029	-0.0562424833	-0.0531186424	-0.0374430202	0.0641023334	0.169400125	0.0262325704	0.0279375366	0.0272618592	0.0994645856	-0.054580276	-0.0001456071	-0.0530339602	-0.1524681011	-0.1021908262	-0.0743870957	0.0564850938	-0.1822513888	-0.0614968493	0.1759909849	0.2096589827	0.0566827507	-0.096410299	-0.0472000227	-0.0873710303	-0.1414467169	-0.0033592498	-0.0626002343	-0.004800815	-0.0994216503	-0.0542999007	-0.0864968632	-0.1250881928	0.0822811004	-0.0762001709	0.0298637801	0.0444426543	-0.0760640522	0.135054946	-0.068775268	0.0648160928	0.0211099066	0.0688104807	-0.0255465764	0.0338829901	-0.0109926889	0.0489547961	-0.0196516734	-0.0957076553	-0.0455809213	0.0460479429	-0.2024068808	-0.0890345132	0.0435692762	0.0158424933	-0.0701830781	0.0	0.0	0.0420617559213241	0.0051151999689977	2.6165270722835088e-05	0.001769191311185	0.1514464408414255	0.0079516001416095	0.0229360244435353	6.32279448120443e-05	0.4783336802482978	0.0104448052509837	0.0001090939567309	0.2288031096598808	0.0006812613437926	0.0002102371038137	4.641170185460992e-07	4.4199639819972494e-08	0.0008338797174221	0.0002558043716125	6.953553831279612e-07	6.543587653611713e-08	-0.001823785541492	-1.2143633341300027e-05	1.4746783072793366e-10	3.326193701355268e-06	0.0	0.0
52.11786966510999	0.2301615858302099	0.0529743555918771	2716.272338429392	59.72409971257582	0.4327298256165193	3566.968086477699	0.1872551019781032	56.71356873546573	0.0401862044986174	3216.4288787123955	0.0016149310320046	57.39626618360057	51.36689959571349	1.029493	33.813774	0.118557105520724	0.0628158554270188	0.0309496636	0.0977714638	-0.0004482144	-0.0495550343	-0.0133252877	0.1531886467	0.0296510385	0.1222504174	0.0385474072	0.0487161133	0.0123275877	0.0437517687	-0.0174015736	0.0101782244	-0.1031048926	0.1047369785	0.104626709	-0.0903055231	0.0336415513	0.0727743673	0.0069804263	0.0746622262	-0.0232713936	0.0628980249	0.057734021	-0.0423455628	-0.0021578879	-0.0364276504	0.1255214452	0.0196722394	-0.0411799645	0.0851008265	-0.0306454184	0.0362278687	0.0137703238	0.0893163975	0.0265584535	-0.0382810684	-0.1205023956	0.1467798842	0.0331081776	0.0642137087	0.059386525	0.0849427628	0.062063612	0.0750828452	0.1097040796	0.0159106737	-0.0752204302	0.0485729625	-0.0650761463	0.1353364265	0.1570359139	-0.0912033012	-0.0018347429	-0.0865423961	-0.0275002763	0.0101596197	-0.0818507776	0.1827862262	0.0276716575	-0.0574228753	0.0009560897	0.0716731461	-0.0682973888	-0.0231300289	-0.0072294071	-0.0587326253	0.1399504053	0.045842911	-0.0915537098	-0.0493582561	-0.0988822389	0.0132697381	0.0315310402	0.0072756683	-0.070872808	-0.0318797852	0.0166292318	0.043046059	0.0802125211	-0.0506201714	-0.0611319056	0.0313434782	-0.0654310682	0.0144050644	0.1206745831	0.0615924317	-0.011938914	-0.1331970715	-0.0099704052	-0.1164953909	0.0307813527	-0.043381537	0.0553920343	0.0322092551	-0.1609100109	-0.1140865604	-0.165185568	0.0388254387	-0.0349433197	-0.0086170478	-0.0501629212	0.0279982115	-0.1497906981	0.170217198	0.0010268999	-0.0573789339	-0.0022571152	0.1259807943	-0.0303821089	-0.0165282729	-0.0037959128	0.0224706943	-0.0574395582	0.0160441823	-0.0001688178	0.0091903052	-0.1180693689	-0.0323569422	0.0364807484	-0.1327976715	0.0350583997	-0.0126218788	0.0371007417	0.0061962546	-0.0994477524	-0.0302089109	0.069864636	0.0177903005	-0.015819664	0.0398500664	-0.0656112945	-0.00908052	0.0764332147	0.0156965224	-0.0479666695	0.1080286338	-0.0134036188	-0.051123712	-0.1149226787	0.0806341748	-0.0833863746	0.0382834707	0.0434337076	-0.0585149517	0.1084267901	-0.0180679226	-0.0344664049	0.0288826994	0.0775231442	0.1932495357	0.0038972554	0.0613538266	0.0784097324	0.0080931908	-0.1177635381	0.0475434217	0.1727301994	-0.0482265027	-0.0773753543	0.1275072973	0.0775257329	-0.0900358269	0.0469524072	0.0102734258	-0.0644048267	0.0	0.0	0.0359202474537596	-0.0061415084675644	3.7718126257166425e-05	0.0012902641771393	0.1339595752805991	-0.0174868655608264	0.0179451678093585	0.0003057904671424	0.4272317373005947	-0.051101942947703	0.0026114085730303	0.1825269573568843	0.0002391386317787	-0.0004421227120139	5.7187285208988673e-08	1.9547249247852603e-07	0.0006237545796952	-0.0002101251377269	3.890697756907356e-07	4.41525735047487e-08	-0.0020480734626438	-0.0002242879211518	5.0305071574596115e-08	4.194604908385765e-06	0.0	0.0
52.04173170890377	-0.0761379562062245	0.0057969883752609	2708.34183926152	60.51762336588161	0.7935236533057903	3662.3827378547	0.6296797883557681	56.702653462938265	-0.0109152725274626	3215.190909738065	0.0001191431743487	57.45869332615956	52.19035323585212	1.007149	33.079884	0.0371438414258646	0.0172342169425848	0.1123950576	-0.0599752366	0.0597088837	0.0151046567	-0.0894459796	0.0377476324	0.0919942465	-0.1175421572	-0.0444442768	-0.1242747918	0.0228403009	0.060412452	-0.1175010167	-0.0737577094	-0.1277891072	0.0498042494	0.0079228619	0.0756399255	0.048597094	0.0094952053	-0.0530381958	-0.0540500677	0.0610382683	-0.0024819741	-0.0291299152	-0.0758132749	0.1294066153	-0.0552097132	0.0385090523	-0.0606879732	0.0796049967	-0.1051652393	0.0262287202	-0.1335923054	0.0282500107	0.0094159186	0.0755206928	0.1197892597	0.0056641012	0.1411570718	0.0927210586	-0.023241295	0.0658639504	0.0348593818	-0.0207531196	0.1401953182	0.1011130665	-0.0220637746	0.0543874388	0.0649488299	0.0934046418	0.0376399744	0.0662694153	-0.0312533173	0.007326907	-0.0481336954	-0.0109328901	-0.1009482722	0.0231817012	-0.0837313867	-0.0999217288	0.1673900327	-0.1332272272	0.0262010777	0.060237551	-0.0350413357	-0.0635610419	0.174767571	0.0621610143	-0.0371221407	0.0314301609	-0.0006956696	0.0252183626	-0.1469849028	-0.1421574484	-0.0101671266	-0.0115314682	0.0299583652	0.1249050015	-0.0610007259	-0.0601763696	0.0119926359	-0.0218848051	0.0918560424	0.0065523055	-0.076349889	0.0673448511	-0.1039712138	0.0261204675	0.0248351096	-0.1350383081	-0.1058984551	-0.0063613898	0.0896593365	-0.010310807	0.0696658864	0.0802703157	0.0166257467	0.0086275487	0.0171859766	0.0173482589	-0.0011833438	0.02257809	-0.0915034793	-0.0849264178	0.1539228338	0.0240687008	0.1849993671	0.001527566	0.1068880785	-0.0335114832	-0.0680821182	-0.0744606204	0.120777752	0.1236648807	-0.0563972753	-0.0171453419	0.0130898189	0.0864989233	0.064818853	-0.0346224894	0.0593707663	-0.1250862926	-0.0801603722	-0.0196270633	-0.0414182212	-0.0268697457	-0.0162342649	0.1595305537	-0.0536330876	-0.001996464	0.0486324058	0.0774458407	-0.0211672996	-0.050013156	0.083449983	0.0010069839	-0.0821351057	-0.0769146447	-0.1493526912	-0.0147797662	0.0354583809	0.0316393523	-0.0235370392	-0.0561255675	-0.0646650612	0.0392159977	-0.0495269883	-0.0281171575	0.0309289619	-0.0370251327	-0.0722172466	0.0374597273	0.0051729743	-0.074338884	0.0843175437	-0.0486357898	0.026684696	0.1476954329	-0.152862034	0.0933270831	0.0407067178	0.1183409118	-0.0910090951	0.0502770413	0.0046755634	-0.0583057138	0.0	0.0	0.0467643757184248	0.0108441282646652	0.0001175951178205	0.0021869068363339	0.1303977261336655	-0.0035618491469336	0.0170035669808304	1.2686769345511684e-05	0.4169491222653789	-0.0102826150352158	0.0001057321719624	0.1738465705578698	0.0002822753795918	4.3136747813100006e-05	7.967938992369479e-08	1.8607790118909878e-09	0.0007171944347492	9.3439855054e-05	5.143678572352244e-07	8.731006512512529e-09	-0.0021606018393577	-0.0001125283767138	1.2662635565865358e-08	4.668200308235876e-06	0.0	0.0
52.01762171090528	-0.0241099979984866	0.000581292003487	2705.8329684588443	59.63129109622323	-0.8863322696583822	3555.890877802512	0.7855848922377792	56.779962980489934	0.0773095175516687	3223.9641960658078	0.0059767615040717	57.49793186337929	50.97508396542938	1.035486	34.010624	0.0498378512330476	0.0238008796920003	-0.0798277346	-0.1161276513	-0.1195697428	-0.0610163771	-0.0484087572	0.1361813923	-0.1243383239	-0.0187077303	0.1370740583	0.0308801746	0.1005454004	0.0476594432	-0.1355804368	0.047076439	0.0101382128	-0.0005467226	-0.0776683997	-0.0676197034	-0.0876554547	0.0741372759	0.1069793754	-0.0026672427	0.0038096624	-0.0112274399	0.0198466188	-0.1022448857	0.0439279699	0.0811079007	0.0653318988	-0.1588719854	-0.123793789	-0.0503712357	0.0455371822	-0.0508511409	0.0892901105	-0.0214357754	-0.0834195207	0.0727524704	0.1044006914	-0.004244859	-0.0569564129	0.0838456521	0.1412010417	0.0001540442	-0.1379388543	-0.1416269096	-0.0920018286	-0.0234427421	-0.0644115445	0.0081089632	0.0662291015	0.0709848752	-0.0616806086	0.0891889518	0.0772527783	-0.1304080031	-0.0684422779	-0.0453368192	0.0369937619	-0.043181199	-0.0931536763	0.0508443101	0.156015497	-0.0885954706	0.1383479023	-0.1279147258	0.076998904	0.1477429966	0.0027788243	-0.0389573924	-0.1819492972	0.0542166398	-0.0362118838	0.0261464308	0.0634032024	0.0035755706	0.1023444422	0.1199060491	-0.0334350216	0.1598829999	-0.0475593229	0.1588870337	0.0634062053	-0.0588240798	0.0118040251	-0.1254494908	0.0788740758	-0.0636923953	-0.0534924741	-0.0193575463	0.0301861828	-0.0209745174	-0.0260167732	-0.0609454373	-0.1013104777	0.114445676	0.063913372	0.102103264	-0.0245326981	-0.0142289806	0.0485310865	0.0299293604	-0.1166612719	-0.0100734561	-0.0383077746	0.0266370063	0.006386093	0.0251367653	-0.0391346211	0.0133588714	0.0415293111	0.0043350239	-0.0192125386	-0.0951115447	-0.0075351612	0.1036695601	-0.0577461763	0.0457792586	-0.0681905019	0.1594039767	-0.1355550998	0.1474461162	-0.136987426	0.1882649522	0.0111081441	0.012828892	-0.052177149	0.0094110616	-0.0235785961	-0.0132926863	-0.1070889381	-0.0066256574	0.0061336771	0.1083708824	-0.1169726122	0.1863315911	0.0795848761	0.2127383883	-0.0663057846	-0.120531797	-0.0713935564	-0.110344129	0.070457797	0.0099405466	-0.0421921645	-0.0381692761	0.0299896476	-0.0385252546	0.0190873716	-0.0661626043	0.1436932079	0.1291058755	-0.0585895308	-0.0251758801	-0.1579472889	0.020919299	-0.0431416318	0.1201408608	0.1024881484	-0.1126719305	0.1122568466	0.08992283	-0.0428158489	-0.0919540145	0.0535390365	-0.000935404	-0.0519161246	0.0	0.0	0.0424230010443551	-0.0043413746740697	1.884753406065384e-05	0.0017997110176093	0.1197544517921898	-0.0106432743414756	0.0143411287240479	0.0001132792887079	0.4332237016058542	0.0162745793404753	0.0002648619327094	0.1876827756330782	2.6896732004160623e-05	-0.0002553786475876	7.234341925036382e-10	6.521825364369173e-08	0.0008279737828087	0.0001107793480595	6.855405850185483e-07	1.2272063956487854e-08	-0.0021660163012511	-5.4144618933998565e-06	2.931639759507916e-11	4.691626617285495e-06	0.0	0.0
52.00261617984407	-0.0150055310612131	0.000225165962429	2704.27208954818	59.65524607418693	0.0239549779636973	3558.748384171795	0.0005738409692412	56.67356452152883	-0.1063984589611024	3211.8929155758915	0.0113206320692974	57.40945822457032	50.56900974598677	1.017745	33.427937	0.0715230474270057	0.0408702613489666	-0.102349739	0.0392449655	0.1257224912	0.0687819556	0.0500285753	0.0969149171	-0.0347994628	0.0611066754	-0.0505193691	-0.0054684293	-0.1303388	0.1876463865	0.064302464	0.1328977645	-0.0944145891	-0.024253649	-0.0009880944	-0.0715068733	0.0300009564	-0.0696100477	0.0951676082	0.092891484	-0.0649327358	0.0995975019	-0.0634401026	-0.0910764367	0.1027780314	-0.0689535575	-0.0163147168	0.0781756305	0.0879388961	-0.0432316443	-0.0299292895	-0.0392692318	-0.1164384563	-0.0667213524	-0.0102164171	-0.1399306797	-0.0056236447	-0.0121920613	-0.1308718508	-0.1460019605	-0.0319513312	0.0358826535	-0.0686185706	0.0767588499	-0.0198848763	0.0343447728	0.0230232001	-0.0333060557	0.0031959421	0.0121072064	-0.0033225471	-0.0996790921	-0.05316273	0.0956096099	-0.1578095475	0.0312082249	-0.0537479952	-0.0360207302	0.0299955245	0.0538173714	-0.0549346846	0.0702551568	0.0321019183	-0.0546175281	-0.0326660649	-0.0108788415	0.0641218218	-0.0482736188	0.0620931632	-0.0305056871	-0.0349695533	-0.0725489845	-0.0247452702	-0.0831550117	0.1143280153	-0.0091042757	0.0396213243	-0.0012285941	0.0470716784	-0.0763023605	-0.0469497041	0.0861407044	0.023034653	-0.0029914158	0.0620132486	-0.0995615273	-0.0662304122	-0.0266040941	-0.2260619401	0.0591021423	-0.1015616221	0.0633060951	-0.0405875319	-0.0439725171	-0.082973533	0.0531581498	-0.0624626439	-0.0893394562	0.003151796	0.0002616485	0.036758756	-0.0800711164	0.1093302409	-0.0689816277	0.0547326432	-0.0398519453	0.1732372971	0.0134875814	-0.0242407538	-0.0626375962	-0.0412575456	0.0915070078	0.1126376232	-0.0783139913	0.087954513	0.0748031697	-0.002378836	-0.141599418	-0.0324703575	0.0208944307	0.1092548002	0.0529651902	0.0800689759	-0.0067163087	0.0894910752	-0.020592187	-0.0096359157	0.0039060611	0.0413893127	0.0222789227	0.0134150947	0.1402408287	0.0027533519	0.0509656838	9.4353e-05	-0.0238067714	-0.0489741962	0.0089645699	-0.1448641316	-0.0779560227	0.0801731536	0.0243582774	0.0101951476	-0.1829431316	0.1119356698	0.0536238676	0.0098917484	0.0002912216	-0.0725794838	0.0868552863	0.0388942943	-0.0151863369	-0.0161143605	0.0491500684	0.0314046518	0.0184714479	0.1058279098	-0.1248588105	0.0803936411	0.1902599102	0.0096046559	-0.0928702909	0.0567343287	-0.0065437496	-0.045267892	0.0	0.0	0.0376829443647324	-0.0047400566796226	2.2468137326035755e-05	0.0014200042959955	0.1259763430769993	0.0062218912848094	0.0158700390150538	3.871193115998827e-05	0.3984143235520037	-0.0348093780538505	0.0012116928004958	0.1587339732114006	-0.0002523466957027	-0.0002792434277068	6.367885483207107e-08	7.79768919174767e-08	0.0006072709277644	-0.0002207028550443	3.687779797078351e-07	4.8709750224705324e-08	-0.0021509281558278	1.5088145423299611e-05	2.2765213231463704e-10	4.626491931532781e-06	0.0	0.0
52.0905057555932	0.0878895757491307	0.0077245775253621	2713.420789873488	59.97794560825123	0.3226995340643057	3597.3539593863434	0.10413498928532	56.750470338107874	0.0769058165790426	3220.6158835964616	0.0059145046236893	57.44576124438407	51.29824618708821	1.007682	33.097404	0.0569027916641023	0.0309985981151392	0.0186562719	0.1066134129	-0.0006406889	0.0211898998	-0.1453075418	0.1802193864	-0.0123652592	0.0514738078	-0.0376615186	-0.0884880025	0.079303826	0.1706986006	-0.0911813571	-0.0386701641	0.0192940439	-0.034301637	-0.0145919802	0.0323001378	0.036933909	0.0861404044	-0.0302189662	0.0489342744	0.0352986035	0.0733334615	-0.0880510392	-0.0765646455	0.060514487	-0.1313676761	0.0288618763	0.1754297232	-0.1196037098	-0.1312127119	0.0447721075	-0.0897990293	-0.0213796841	0.0546749484	-0.2030204645	-0.0586641034	0.0094155939	-0.0519792362	0.0308620283	0.0185343346	0.0949194426	-0.0579668204	0.0602016955	-0.0696538685	-0.0894614879	0.0389746774	-0.0007892068	-0.0234607837	-0.0392802099	0.0009580794	-0.0020800093	-0.0408195363	0.0543258748	0.0184973287	-0.017863347	-0.0408898464	-0.0610399155	0.1721489762	0.0007751659	0.0631689816	0.0059698187	-0.0385044744	0.1181951775	-0.0718526481	0.1300416625	-0.0836941154	0.0441013251	-0.0724494876	-0.0641875053	0.1767821969	0.0054783394	-0.025621293	-0.0184932271	-0.0095503794	-0.0078054377	0.068309099	0.0746523299	0.0704134332	0.0921633673	-0.036915711	-0.0763000569	0.0310689004	0.1351723683	-0.08791439	0.0380240385	0.0481241042	-0.1470260836	-0.1065870579	-0.0952477182	-0.0171503091	0.0147829411	-0.0203144482	0.032682825	0.0320217946	0.1203938924	-0.1076169044	-0.1292738088	0.0790080288	0.0569427647	-0.0409430714	-0.052898765	0.0547490989	0.0566370891	-0.1054974207	0.0271798964	-0.0439793496	0.0864125991	0.0909948284	0.0131807025	-0.0782467799	0.0544880036	0.0171719235	-0.0845631989	-0.0599139618	-0.0459187527	0.1102495858	-0.0579989195	-0.060553006	-0.0766342625	0.0776978369	-0.0876872136	0.0790846954	0.0359112961	0.0462458252	0.053954941	0.0643777346	0.0693171352	0.0378559136	-0.0523492496	-0.0806410621	-0.099161519	-0.1141475055	-0.148384409	-0.077514083	-0.0382375586	-0.01476476	-0.1576649175	-0.0713168051	-0.2203659363	0.0986194999	0.1079416355	0.010255627	0.0232255375	-0.0171712096	-0.1022927276	-0.1079737545	0.0228477318	0.0096859734	0.0976791332	0.1215480155	-0.0310949933	-0.003324148	-0.2017455105	0.0016683882	-0.0365257526	0.0791708573	0.1926108497	-0.1338513001	-0.0975383549	0.0045691908	0.0356223139	-0.0937576389	0.059858937	-0.012133754	-0.038394137	0.0	0.0	0.0375689798802056	-0.0001139644845268	1.2987903733459634e-08	0.0014114282492392	0.1167288031593329	-0.0092475399176663	0.0136256134870102	8.551699452883324e-05	0.4213038486810987	0.022889525129095	0.0005239303606354	0.1774969329135061	1.6891734732881738e-05	0.0002692384304355	2.853307022860433e-10	7.248933242341559e-08	0.00082798319023	0.0002207122624656	6.855561633034483e-07	4.8713902802683914e-08	-0.0021540127055829	-3.0845497550999364e-06	9.514447191687075e-12	4.639770735812566e-06	0.0	0.0
51.75751987688676	-0.3329858787064381	0.1108795954178987	2678.8408638063283	59.38870122980944	-0.5892443784417907	3527.0178337635693	0.3472089375252522	56.582567892486246	-0.1679024456216282	3201.586989307815	0.0281912312457238	57.31818296914452	51.19602898858779	1.312434	43.107018	0.4458747057397593	0.2667221847530626	0.0291656778	-0.0397492065	0.0055114089	0.0714857705	0.1392669695	-0.2463651038	0.1215726973	-0.0402744482	-0.1407661058	0.0895768904	-0.0408718149	-0.0695801177	0.0306737641	0.1884974604	0.1196353364	0.1423985172	0.0026893761	0.0798987805	0.1942848039	-0.0284049897	0.178127641	-0.1860220525	-0.0240751701	-0.0598926841	-0.0149667905	0.0410759691	0.1133024721	0.2148389357	-0.02679216	0.214943008	0.2185572078	0.0293646191	-0.050979758	-0.0148201807	-0.1353231652	0.1488926523	0.0663350533	0.0099151228	0.0594267251	0.2089771965	-0.0196171036	-0.0468111353	-0.1227590378	0.0368943702	0.0255939708	-0.0985139929	0.0066068122	0.1753148823	-0.0557723862	0.0133043575	0.0476631696	0.0360607041	-0.0286742463	-0.0752798892	0.0836584013	-0.1619884232	-0.143697281	0.0543715197	-0.0176394565	-0.0133550406	0.0317106445	-0.1600682681	-0.1380662091	-0.11590076	-0.0099311792	0.1008291923	0.0625518344	-0.008786344	0.0468605485	-0.1110665813	-0.1624168735	0.0610933605	-0.0252326635	-0.0320492796	0.1173484343	-0.0179037091	-0.0551146199	0.0271199051	0.1402210552	-0.2036497729	-0.0619781048	-0.1350277187	0.0972696688	-0.2047563024	0.0353598552	0.1235897635	0.0262356299	-0.0782951568	0.0123898272	-0.1307492311	-0.0289552173	0.0881183128	-0.0731444292	0.2650380362	-0.0038834808	0.0582102	-0.0213322925	-0.1069541329	-0.1687796772	0.0601015246	-0.2232380999	0.0996798863	0.0123374546	-0.1701867019	-0.1162244436	0.0941663249	-0.0327416531	-0.0703488598	-0.0122191243	-0.0330052641	-0.1001886181	0.1088865593	-0.2312282872	-0.0618215796	-0.0806429709	0.0002342428	-0.1061051116	-0.0625426234	0.1008580722	-0.0597068733	0.1036436264	0.0623106535	-0.0087330763	0.0009273349	0.0193139991	0.0460938194	-0.1117795604	0.0958522984	0.0631247315	0.0043489858	-0.0002212149	-0.0028951977	0.0107516463	0.0573084889	-0.0922615818	-0.0568025985	0.0335057598	-0.036588587	-0.0230200447	0.1793369636	0.2604394106	0.0319386839	0.2407359108	0.2220637175	-0.0500602301	-0.1242339368	0.3057147374	-0.2364256541	-0.0178548169	0.6359286247	0.1313786062	-0.0504568192	-0.0870971617	0.1710165735	-0.0621924974	-0.0936901363	-0.0975858559	0.0107744891	-0.0720613153	0.0743567979	0.0059842603	0.0098448915	0.0264316712	-0.0946157819	0.0629089685	-0.0176897492	-0.0313291043	0.0	0.0	0.0029518084781301	-0.0346171714020755	0.0011983485558806	8.713173291560737e-06	0.0804134674864371	-0.0363153356728958	0.0064663257531922	0.001318803605035	0.1681541589656916	-0.2531496897154071	0.0640847654030068	0.028275821177459	0.0019028778536139	0.001885986118881	3.6209441257742425e-06	3.556943640611886e-06	0.0011617479805985	0.0003337647903685	1.349658370424693e-06	1.1139893528972883e-07	-0.002370111975321	-0.000216099269738	4.6698894381340056e-08	5.617430775560013e-06	0.0	0.0
52.09871106804824	0.341191191161478	0.1164114289261882	2714.275694951972	59.25245527532649	-0.1362459544829519	3510.853456154566	0.0185629601129706	56.819593033344624	0.2370251408583783	3228.466152474905	0.056180917398934	57.52555796378155	50.2850040790755	1.185025	38.922256	0.1594095616056164	0.0683003123953657	-0.0660567737	0.0222572954	0.0199031913	0.115061848	0.1184707817	-0.2173824446	0.0274697821	-0.058843182	-0.1787789982	-0.0991954522	0.1701628006	-0.2293387444	0.1392856083	0.3320488697	0.0460613819	0.1030411489	0.1565711101	0.0143656345	0.1207492948	-0.0351484831	-0.0847592492	0.1683614558	0.0991689734	-0.1183496915	0.0022772767	-0.079467191	-0.1090983687	0.219626937	0.0566766731	0.0498606958	-0.0981101266	0.0927303177	-0.0317992546	-0.0957095731	0.0405745375	0.0960396412	0.0167014429	0.0882968406	0.1040319654	-0.1335110197	-0.0468172034	-0.0295088897	-0.023437068	0.1043551784	0.0351094047	0.1010635994	0.0190096435	0.0424561829	0.0321674948	0.0582353759	0.0001106475	0.0191956765	-0.0480105284	-0.1364027855	0.0055723697	0.0816853054	-0.1547624963	-0.0911906252	-0.0384853798	-0.0021260379	-0.0017760584	0.0523465555	-0.0325150086	-0.0078423121	0.0648764656	0.0188458591	-0.0424228959	0.0743613226	0.0591931115	0.0532092616	0.0433899656	0.1075617127	0.0919229304	-0.0232969939	0.0801063908	-0.1037804968	0.062671148	-0.0866058092	-0.0044423111	-0.100516543	0.1615749367	-0.046916167	0.2498178215	-0.1630515067	-0.2273793867	-0.0369613624	-0.1072544694	-0.092259559	-0.0423282101	0.0945047095	-0.0288947126	-0.0729916515	0.0384906901	-0.0378730378	-0.0619277422	0.0561092818	0.0177988671	0.0284640037	-0.0579999364	0.1360713255	-0.0503929085	-0.0099469263	-0.0989715965	-0.0722252966	0.0750081877	0.1392538889	0.072966547	-0.0372156679	0.0360091368	-0.0132014243	0.0318949373	0.0138106332	-0.0549091503	-0.0163839632	0.0967889797	-0.1628279738	0.0204332598	0.0398721168	0.0807722715	-0.0041337498	-0.1064760152	-0.0472337466	-0.0120878935	0.0950737819	0.083348928	0.0571098383	0.1051838247	0.1499639803	0.11582624	-0.0182233196	0.0554566996	0.0568304401	0.0252551203	-0.0971047132	0.0474860783	-0.0600231723	-0.0112640228	-0.0036637284	0.0559212096	0.245591961	0.2076138621	0.0471543937	0.0380238644	-0.1413499893	-0.2166636275	-0.05062977	-0.1387856043	0.0713061805	-0.0494606155	0.0718683526	-0.0995586102	-0.0197054177	0.0301341997	0.1326310292	-0.0303030612	0.1372153363	0.2111994188	-0.0626470683	-0.0985177984	0.0154427131	-0.029093909	0.0544499505	-0.0232969774	-0.0954444529	0.0658806233	-0.0231961626	-0.0241079916	0.0	0.0	0.0303898769878117	0.0274380685096816	0.0007528476035419	0.0009235446233343	0.0987885370468149	0.0183750695603777	0.0097591750518499	0.0003376431813487	0.1988312061423087	0.030677047176617	0.0009410812234763	0.0395338485360052	0.0026519852428772	0.0007491073892633	7.033025728438442e-06	5.611618806488774e-07	0.0015790147035263	0.0004172667229278	2.493287433952249e-06	1.7411151806290545e-07	-0.0018780985603333	0.0004920134149876	2.420772005278586e-07	3.5272542023260143e-06	0.0	0.0
52.17498364409848	0.0762725760502434	0.0058175058573401	2722.2289182619443	60.923755107716445	1.6712998323899555	3711.703936425006	2.7932431297466933	56.85276410905578	0.0331710757111523	3232.2367868399406	0.0011003202638349	57.58324848931435	52.765625786914505	1.126179	36.989456	0.089647339533091	0.0445420622989932	0.1104492681	0.0407785467	-0.1378371991	0.0604551205	0.0923125036	-0.1048588063	0.149015257	0.0251768776	0.1322848508	-0.1850279012	0.0993888449	-0.1118948202	0.0800949495	0.1633864782	0.0669680014	0.0435648219	-0.0263671082	-0.090101622	-0.1170810566	-0.0728495586	-0.0500194439	-0.0509855185	0.1327435542	-0.0167129672	0.0248631226	-0.1937319864	-0.0959815604	-0.0129116899	-0.0169787757	0.0325510065	0.0479557187	0.0171403832	-0.0376766679	-0.0201086457	0.0812381589	0.0229362959	-0.0174281795	0.1014896795	0.0631862973	0.0263021101	0.1112951529	0.0239393653	-0.1516428623	-0.0423272591	-0.0543077136	-0.0090751445	0.0558898938	0.1317771835	0.0051789701	-0.0289709789	0.0635992459	-0.1100545615	-0.1451404363	0.1097210075	-0.0040098557	-0.0109218598	0.1437184322	-0.0953708229	-0.1284883469	0.0319271185	0.0972428179	0.0070567135	0.0469102174	0.1193846774	0.0075921751	0.0663109908	-0.0624129825	0.1197077509	-0.0390376197	-0.0099626716	0.0339502749	-0.058677685	0.0940864477	0.054572344	0.0662827317	0.0185579924	-0.0528442811	-0.0856006151	-0.0406486094	-0.0915467104	0.0369631795	0.166875716	0.0743525312	0.0634922639	0.0131307731	-0.0588340624	-0.0693938057	-0.140680438	-0.120354158	-0.0433703446	0.163918215	-0.0626310168	0.062075178	-0.0208445345	0.0113942364	-0.0328139782	0.1860230584	-0.0727941906	0.0201140909	0.0008656996	-0.0046774989	0.0850721411	-0.0064064429	-0.126353231	-0.022128266	0.0197382596	0.0242441814	0.038338491	0.0875495025	-0.1105286413	0.0494596873	0.0379215955	0.0827902032	0.0087188006	0.0344691012	0.1574030979	0.0418976726	-0.1132539638	-0.0143713274	0.0890126246	-0.0361436408	-0.1573110169	-0.0280071203	-0.090997376	-0.0137441482	0.1053456345	0.0127966995	-0.0290353968	0.0736211089	0.0898140528	0.0280531909	-0.0833827885	0.0090491014	-0.0078307534	0.0118380396	-0.049706053	-0.0822685583	-0.0345945207	0.0570126491	0.0987822314	0.1475176519	0.1235002086	0.0331458001	0.1602568356	-0.1743434638	0.0984287718	0.0561572944	0.052301157	0.0107013739	-0.1693187632	-0.0679637617	-0.0260882316	-0.0393190082	-0.0301021141	-0.0618844398	-0.1986639229	-0.1724901849	0.20899001	-0.0072494647	-0.0495271922	-0.047575269	-0.031167767	-0.005095922	-0.0962433935	0.068770199	-0.0286375605	-0.0167667741	0.0	0.0	0.0288767270284608	-0.0015131499593508	2.289622799483628e-06	0.0008338653638762	0.0893311524462774	-0.0094573846005374	0.00798005479738	8.944212348248373e-05	0.1933624914176661	-0.0054687147246426	2.990684073952289e-05	0.0373890530872469	0.0021337785375004	-0.0005182067053768	4.553010847097346e-06	2.6853818949747774e-07	0.0010929893073405	-0.0004860253961858	1.194625625960666e-06	2.362206857375639e-07	-0.0014181688569247	0.0004599297034086	2.1153533207752282e-07	2.0112029067511103e-06	0.0	0.0
51.89321492309493	-0.2817687210035515	0.0793936121359772	2692.9057550545226	60.113941485869056	-0.8098136218473897	3613.685960966489	0.6557981021295871	56.68022706525789	-0.1725370437978881	3212.6481401691926	0.0297690314825143	57.45398509135482	52.36079262941243	1.054791	34.644699	0.0749100898676452	0.0396684786623252	0.0747380647	-0.1158654821	0.0344852605	0.1521628739	0.0747593081	-0.1859986478	0.0941357049	-0.142796787	-0.0172266643	0.0129421274	-0.1439562449	-0.0547590388	0.0275864033	0.0871484564	0.1434024056	0.0026447816	-0.0424468109	-0.0124545872	-0.0454835718	-0.1749083982	-0.0471933034	-0.1295633878	0.0238369725	0.0656274721	0.1872938338	0.0422961031	0.0826963073	0.2266058488	-0.053607783	-0.0332700968	-0.0258767248	0.0706642486	0.1243163336	0.0357204403	0.0655717065	-0.0003350229	0.1339386777	0.1151954358	0.05364486	-0.0904213533	-0.0033013205	-0.0957905766	0.0601074049	-0.0338345572	0.015981878	0.0487982414	-0.0350993767	-0.0068117299	0.0126974925	-0.0796247381	0.0740032105	-0.1270446954	-0.0081595837	0.0232617093	-0.0165138792	0.1075852413	0.0493715614	0.1484504382	-0.0477024877	-0.1015034262	-0.0285528092	0.0383983608	-0.0313870134	0.0048850028	-0.0126065234	-0.0087082279	-0.0509870841	-0.0771523569	0.0050014377	-0.0230079942	-0.0343470809	0.0103428965	-0.0476216601	0.0330160414	-0.1115457158	-0.0287835109	-0.0654985316	-0.028155688	0.0175209933	-0.1413711365	-0.1983782513	0.0072626309	0.0648575485	-0.1157852676	-0.0209302901	0.1535832131	0.0502541745	-0.1269617623	0.0420395744	0.033761196	-0.0234170646	-0.0047056283	-0.0361127038	-0.1734752543	-0.1482576446	0.0473664025	0.044364416	0.0505532521	0.1744955751	-0.0527176075	0.0371925043	0.0871523096	0.1131651203	0.0967254595	0.0135572234	-0.04420516	-0.0463128033	-0.0227340165	-0.0492883368	-0.0265736901	0.0098246823	-0.0718922832	0.0694864932	0.019208749	-0.0266262284	-0.0716995348	0.0922188647	-0.0323442305	0.0144323319	-0.0149014052	0.1098467768	0.0037488375	0.124568826	-0.0732652198	0.0848862421	0.0361670307	-0.0072218436	0.084735845	-0.0312979798	-0.0933367559	-0.0179887222	0.0093485804	-0.0963425373	-0.0536057667	-0.0572646951	0.1205798323	-0.0397113914	-0.1206895033	-0.0361166082	0.0386964339	0.1991166403	-0.0038757043	0.1285336867	0.0598798914	-0.1147696909	-0.026027223	-0.102586572	0.0398464273	0.0060280793	-0.0933233622	-0.1628480318	-0.12929558	-0.0467689019	0.0182417194	0.0900686516	-0.02755819	-0.1026670344	-0.0131728223	-0.0695743725	-0.2248615852	-0.0370529285	-0.2037551005	0.081143578	-0.0970123549	0.0715740957	-0.0339986915	-0.0093420254	0.0	0.0	0.0278396914601586	-0.0010370355683022	1.0754427699238723e-06	0.0007750484205968	0.1007962160920215	0.011465063645744	0.0101598771784694	0.0001314476844009	0.22569164918891	0.0323291577712439	0.0010451744421979	0.05093672051361	0.0022936964859997	0.0001599179484993	5.261043569887373e-06	2.5573750252224843e-08	0.000855143303281	-0.0002378460040595	7.312700691463403e-07	5.65707216470717e-08	-0.001621981562013	-0.0002038127050882	4.153961875541029e-08	2.630824187510131e-06	0.0	0.0
51.80082598900259	-0.0923889340923409	0.0085357151427189	2683.3255731429263	59.51717914489501	-0.5967623409740455	3542.294613365525	0.3561252916048228	56.673835901905306	-0.0063911633525819	3211.9236758360908	4.084696899938644e-05	57.410988128432734	50.74824658625619	1.063699	34.937286	0.1116598922120705	0.0557826702480932	-0.0897896036	-0.0616898573	-0.0655350082	0.0336451738	-0.0995506895	-0.2530807168	-0.0978246635	-0.0325339083	-0.1197451276	0.0204919543	0.1708862859	-0.1747550704	0.0379619023	-0.0383880601	0.1054539476	-0.1138207951	-0.0696316341	0.0229979831	0.027500678	-0.0733273105	0.0391988563	0.0217276942	0.145918782	0.0371906927	-0.034479785	-0.0482159782	-0.003752967	0.0499418463	-0.0415470455	-0.0183992535	-0.1015112255	-0.0956507836	0.1287917501	-0.0622198613	0.0934887503	-0.198852532	0.0808819054	0.0381459154	-0.0191043641	-0.0421620489	-0.1113173821	-0.109576233	-0.0167121651	-0.0245991153	-0.1205289736	-0.0496005919	0.1145230507	0.0841576941	0.047855483	0.1056129672	0.0841626553	0.0481942389	-0.0514882032	-0.0484076623	-0.1454040708	0.0256013324	0.0001880031	0.004934351	0.0525953765	0.0634896429	0.0417817977	-0.0675590389	-0.0733712353	0.0600722883	-0.0258414339	-0.1436875472	0.0079162831	-0.1958449458	0.0501514291	0.0101429989	0.009258067	-0.0231695309	-0.1071641297	0.1025489385	-0.0462808783	0.1080057221	0.0682475418	0.0222636356	-0.0649101438	0.0106543921	-0.0229449483	0.0171841104	0.1243869964	0.0214383074	0.0716484856	-0.0845840256	-0.0294697122	-0.0687163245	-0.1574903411	0.163866583	-0.0771496638	0.0091741103	-0.1420148289	-0.033453475	-0.1063585476	0.0097935891	-0.044833776	-0.003579956	0.0365609244	-0.1068781902	0.0711020045	0.0311965481	-0.1956152738	-0.0148952041	0.0385602712	-0.077287081	-0.0306366976	0.020911785	-0.0498261015	0.0482320371	-0.0827046318	-0.0150658922	-0.0431087958	-0.050472348	0.0600902977	-0.0373639149	-0.0360168836	-0.1883460307	-0.1780757434	0.0306040208	0.0469725865	-0.0808212026	0.1441176047	0.0128465577	0.1352052973	0.067389492	-0.0381831282	0.0209809378	-0.0961729479	-0.0262008338	0.1323076162	-0.061127673	0.0412425127	-0.0657180653	-0.0040310066	-0.0197707212	-0.0464117156	-0.0592564175	-0.0094696656	0.1067291146	0.1122311365	-0.102871581	0.0263193842	-0.0339721795	-0.0684315908	0.1777104597	-0.1382879537	-0.082495443	-0.0895719874	-0.0236303097	-0.0063055847	-0.0161251164	0.055042108	-0.0634979379	0.0643272387	-0.0141323914	0.0889800525	0.2349068079	0.1895587624	0.1369754751	-0.1190502111	0.0508071461	0.1263530481	-0.0977510977	0.0742888199	-0.039264529	-0.0018707352	0.0	0.0	0.0388634603683186	0.01102376890816	0.0001215234809405	0.0015103685517998	0.1118389987390742	0.0110427826470527	0.0125079616389586	0.00012194304859	0.2669845335794178	0.0412928843905078	0.0017051023012878	0.0712807411706192	0.0026441917659731	0.0003504952799734	6.991750095239942e-06	1.2284694128363212e-07	0.0014057764597068	0.0005506331564258	1.9762074546657844e-06	3.031968729554396e-07	-0.0016868622509408	-6.488068892780002e-05	4.209503795745952e-09	2.8455042536490625e-06	0.0	0.0
51.80694391136546	0.0061179223628684	3.742897403808594e-05	2683.9594374353665	59.53464523356229	0.0174660886672768	3544.373983086121	0.0003050642533331	56.567465495720185	-0.1063704061851211	3199.8781526094936	0.0113146633119876	57.27671429764482	50.54205364921239	1.030616	33.850666	0.0562558099680422	0.0292861667890518	-0.0429523126	0.0860189424	-0.0879508662	-0.0453231469	0.1208340189	-0.1277797974	0.0150894669	0.1313907334	-0.01818297	0.1346514828	-0.1071613672	-0.1125616246	0.0437159243	0.1198957183	0.0444887883	-0.0461952289	0.0574657352	0.0161888282	0.0633212183	0.0252840927	0.0739899789	0.0810875407	0.0553222203	-0.010944494	-0.0031471806	0.076465083	0.1477661257	0.127154675	-0.0369954822	0.1959770463	-0.0552574633	0.1060523603	-0.080828221	0.0083922728	-0.0783541113	-0.0109773614	-0.0217526699	0.1313993145	0.1042834431	-0.0209596476	0.082024907	0.0530296354	0.0340345244	0.0538556939	0.0555299708	0.0415585259	-0.0648112344	0.0417126294	-0.101187919	-0.0093972491	0.0606560354	0.0350688736	-0.0706717015	0.0913866807	-0.0129117393	0.1120985362	0.0661292292	0.0036783703	0.035403065	0.0329457474	-0.1160137569	-0.0002879997	0.0388166675	0.0631345058	-0.0319252949	-0.0154965337	-0.062287319	0.0838293641	0.0750149584	0.0160080498	-0.0477825197	-0.0438752478	-0.0729058249	-0.0634796629	0.0184565397	0.0478843438	0.1277784794	0.0337527258	-0.164366156	-0.0498894436	0.1305528187	-0.1004066637	0.1634510288	-0.1880970271	0.0744082683	0.0785132027	-0.0020413834	-0.0112492348	0.0386051408	7.84657e-05	-0.06854903	-0.063253828	0.0237200765	0.0622512769	-0.0261066059	-0.0475988661	0.087518837	0.0336325933	-0.0394103954	-0.0022519905	-0.0596715786	-0.0147193304	0.0759173224	0.1053325787	-0.0387968446	0.0427715545	-0.0088805312	-0.1073979798	0.0381787103	0.0190994499	0.0706896691	0.0075717796	0.0014729858	-0.052408066	0.02058972	0.050477462	0.1283004794	-0.0773672302	-0.1392227231	0.08683286	-0.0654776513	0.0710713612	0.0418151276	0.0823945439	0.0378310487	-0.1605132611	-0.0826973574	-0.0358964518	-0.1403878038	0.040999756	0.0973825837	-0.0578550263	-0.020451257	0.1003900872	-0.0859755187	0.1339344388	-0.0225291994	-0.0458631898	-0.0648437994	0.1737811717	0.0534798632	0.0105317485	-0.0437223699	0.0597445873	0.0621750847	0.1065450247	-0.0425942441	0.1216506262	-0.0807853585	-0.0298807196	0.1341676335	-0.106159108	0.0238673036	0.0210339773	0.0323637191	0.0249945461	0.0557516951	-0.0418626993	-0.0451469886	-0.1101526152	-0.064922057	0.0577977968	-0.0151468641	-0.0984593917	0.0769109895	-0.0444203137	0.0056098749	0.0	0.0	0.026344936782749	-0.0125185235855696	0.0001567134327624	0.000694055694087	0.1148780787850114	0.0030390800459371	0.0131969729853352	9.236007525613644e-06	0.2616493396931574	-0.0053351938862604	2.8464293803990503e-05	0.0684603769618652	0.0021930042471858	-0.0004511875187873	4.809267628174958e-06	2.0357017710944025e-07	0.0011706294239468	-0.00023514703576	1.370373248210017e-06	5.5294128426714724e-08	-0.001707787945399	-2.0925694458200127e-05	4.3788468855794745e-10	2.916539666450138e-06	0.0	0.0
51.955669983643865	0.1487260722784071	0.0221194445753619	2699.391643449312	60.13153292916038	0.5968876955980917	3615.801252410699	0.3562749211564002	56.651417294852166	0.0839517991319809	3209.383081515475	0.0070479045774964	57.38931767020639	51.7932248635998	1.02607	33.701366	0.0629045979850735	0.0304906924752047	0.1145663302	0.0161764517	0.0128526768	0.0215424764	0.0234691994	-0.0931593656	0.1136562862	-0.0488376933	-0.0881510053	0.0081423538	0.0583910722	-0.0705929137	-0.0541614005	-0.053381905	0.0477595695	0.0755942539	0.0770707057	-0.0794523673	-0.1079942376	0.0314084695	-0.0762574414	-0.0116098835	0.0074913965	0.0083567594	0.0815306664	0.0769795388	-0.026520951	0.0491241214	-0.0556548408	0.0648140995	-0.0276030729	-0.1545951259	-0.0959454549	-0.0095262978	0.2062110768	-0.0333545014	-0.0827172978	-0.0603591706	-0.0937321365	-0.0464870592	0.0773581363	0.0040433137	0.0515217861	0.01435324	0.0893586382	0.1592351097	-0.0190073139	-0.011875162	0.0046318654	0.0857897123	-0.0491926431	-0.0961666425	-0.124715411	0.0349572872	-0.1702447131	-0.0658728782	-0.2150178067	0.1413321494	-0.0807280972	0.0810127093	-0.0278069159	0.0489328256	-0.0360950863	0.027978638	-0.0236181316	0.0472269771	-0.0751441111	0.0648272989	-0.0748775306	-0.0433718404	-0.0949416996	-0.0306463812	-0.039796225	0.0469922483	0.0854923964	-0.0158679941	-0.1398233255	-0.0475906294	-0.0785813654	-0.0828538539	0.0314414599	-0.0916876189	-0.0465775396	-0.0842348555	0.0490241833	0.0158319702	0.0524095663	0.0921317405	-0.1328623014	0.2359386642	0.0130026843	0.0112896807	-0.0065754834	-0.0931578258	0.0847548096	-0.0426650942	0.0668523959	-0.0925052585	-0.0436433111	-0.021553966	0.1371782029	0.0148591502	-0.0392560539	0.0370663027	0.0323399486	0.1165464512	0.098894164	-0.0151165764	0.2043953545	0.0302474687	0.0053240025	0.1415104158	0.0419373636	0.0855512826	0.0323587634	0.1033020944	-0.1428282898	-0.0375401764	0.0967812047	0.0680943278	0.0272965674	-0.0097889314	0.020463567	0.0386497054	-0.0301670592	0.0790423693	-0.062252352	0.029217385	0.0360976763	-0.0507807078	-0.0129560323	-0.0597749842	0.000386413	0.052470543	0.1383546954	0.0377855672	0.0099849231	0.039128628	0.0959793186	0.0205603686	0.1202072759	0.105313085	-0.0502500737	-0.0680886664	-0.0083132672	0.0754942472	-0.0666043494	0.1316846098	-0.0534767502	0.0253345518	0.0078187103	-0.0663595297	0.0286899115	-0.0226896225	0.0102069648	0.093410671	0.138106161	0.1327821266	0.0868386912	-0.0905626346	0.1262519841	-0.066551828	0.0610022505	-0.0991370163	0.0794373376	-0.0494515946	0.0130625369	0.0	0.0	0.0347497706325299	0.0084048338497809	7.064123204242286e-05	0.0012075465590134	0.1075663267310176	-0.0073117520539938	0.011570514646404	5.346171809908256e-05	0.2804934496416962	0.0188441099485388	0.0003551004797526	0.0786765752918987	0.0024577917533965	0.0002647875062106	6.040740303063842e-06	7.011242344528146e-08	0.0009028619562208	-0.000267767467726	8.151597119908498e-07	7.169941677239444e-08	-0.0017421110141175	-3.432306871850002e-05	1.1780730462548746e-09	3.0349507855095045e-06	0.0	0.0
51.94872510997472	-0.0069448736691484	4.823127028043106e-05	2698.6700405517176	59.60713932985928	-0.5243935993010993	3553.011059089257	0.2749886469879619	56.71217294905683	0.0607556542046623	3216.270560603733	0.0036912495178365	57.39824070585738	50.91425785625447	1.052207	34.559845	0.0956747421653082	0.0559573640074249	-0.0528451781	-0.093420066	-0.1773823582	-0.0911674146	0.0772565526	-0.0250106927	-0.0312297231	0.0013602675	0.1705587806	0.1569853413	-0.0402118467	-0.1576122864	-0.0599058279	0.0643824569	0.0875864722	0.033591168	0.2022104879	-0.0097846357	-0.0041633097	-0.1490636933	0.0316339733	0.056468379	0.042383036	0.046568642	0.077474847	0.0818678261	-0.1265087711	0.082365292	0.09625069	0.0679788741	0.0430918142	-0.0168686021	-0.009852909	0.0968932244	0.0144752837	-0.145392512	-0.170860429	0.0614099935	0.103679502	-0.0445050711	0.0450653098	-0.0258043654	0.0774847855	0.011340799	0.042218091	0.114595196	-0.0137655781	0.0639160789	-0.1436756257	-0.051194178	0.0157133574	-0.0425126009	0.1169196619	0.0060775658	0.0418060306	0.0221048567	-0.0214717084	0.0586539993	-0.0243968364	0.0010755199	0.0534468878	0.1286092335	0.0175728758	0.0153939726	-0.0186292282	0.0533564664	-0.079477958	-0.0803693363	0.0336307024	-0.0494720649	0.0152951002	0.0379198992	-0.0623325125	0.0734151128	-0.016361989	-0.0285531358	-0.049626569	-0.1232613269	0.1173952879	0.0112307661	-0.0393208072	-0.0267898752	0.1267688475	-0.0856693	-0.0658969718	0.1360610018	-0.0272125842	0.1830403174	-0.1028496678	0.0313565613	0.0413735834	0.0287829779	0.0359054511	-0.0389108526	-0.0054434277	-0.1629205785	0.0665973893	0.1508760397	-0.0461890771	-0.0554887879	0.0317261522	0.0016722949	0.1252644051	-0.0709486059	-0.0709156601	0.1620865688	0.0177156536	0.0436146566	0.0977964125	-0.0481614215	0.1762485462	-0.1278026405	0.1188962932	-0.0106737902	-0.0473034512	-0.0230491193	0.064809278	0.0477524382	0.0109652285	-0.0151809952	0.0076348448	0.0426033832	-0.087555867	-0.0657310342	0.033175298	0.0342759419	0.0352797587	0.0165847692	0.0654203672	-0.0467719612	0.0950184473	0.1134955953	-0.010350821	-0.0666994236	0.0269249696	0.0330227848	0.0080668198	0.1524788893	0.0351137689	0.0579005634	0.1387692264	-0.0830768806	-0.0234271011	0.0497856369	-0.0054974394	0.1108080538	-0.0331334945	0.1215081073	-0.068989959	-0.0775497487	0.071977917	0.0217088829	-0.0346730477	0.0565984882	-0.0258239327	-0.0748205901	-0.0248308333	5.51478e-05	-0.0002516236	-0.0229806291	0.1978434402	0.0128317271	0.0003426433	-0.0997837604	0.0818647166	-0.0543442699	0.020450122	0.0	0.0	0.0414043771890533	0.0066546065565233	4.428378842212419e-05	0.0017143224504133	0.0976198477384144	-0.0099464789926032	0.0095296346724712	9.893244435029684e-05	0.2310607514123646	-0.0494326982293316	0.0024435916542321	0.0533890708432465	0.0022280126088851	-0.0002297791445114	4.96404018535099e-06	5.279845525239089e-08	0.0012016304354756	0.0002987684792547	1.44391570346128e-06	8.926260419622584e-08	-0.0016778394701467	6.427154397080012e-05	4.130831364390493e-09	2.815145287582159e-06	0.0	0.0
52.007620401911225	0.0588952919365084	0.0034686554122865	2704.7925798692927	60.04311272294763	0.4359733930883536	3605.175385460596	0.190072799480972	56.78259171856393	0.0704187695070999	3224.262722277125	0.004958803098894	57.47990570259504	50.63251156061055	1.045619	34.343456	0.0507478637659298	0.0263001124558976	-0.1068694163	0.0338497554	0.0993491343	0.0872273121	0.0943430252	-0.0719847691	-0.0901797957	0.036693006	-0.0332412688	-0.0834283882	-0.079140446	0.0221054847	0.1059862383	-0.1078744743	0.0558144451	0.0093554928	0.1323053571	-0.0050334739	-0.1557431453	-0.0252833257	-0.0673981002	0.0625129487	0.0567869656	-0.0259230788	-0.1006555203	0.1122612754	-0.0215123239	0.0954821073	-0.0384355943	-0.0605350139	0.0555079489	-0.1380513453	0.0898003581	0.0239458798	0.1267570814	-0.0085261583	0.0171283095	0.1039133037	0.0799109499	-0.0695274364	-0.0014277035	0.113883322	-0.092831445	0.0524694187	-0.0599225003	-0.0374626554	-0.0970066527	0.0464942122	0.0859190823	-0.1334085402	-0.0307678446	0.0469523556	0.0617479716	-0.1277825597	0.068064204	0.1119232404	0.0394766636	0.0675365965	0.0517815235	0.0374063432	0.1104110335	0.0863631948	-0.0312813312	-0.0690094436	-0.0392907257	-0.0821164369	0.0112336193	0.1191524614	-0.1330104429	0.0362274644	0.0623220994	-0.191004132	0.012319	0.0527532326	0.0126000688	-0.1245807983	0.0604088932	-0.0643460063	-0.0236814893	0.0585347794	-0.0195252237	-0.1138333787	0.0814379172	0.026746752	0.0224970001	0.0146936559	-0.0036821866	0.0621600421	0.0294161909	0.1495901799	0.0302613797	0.0159638993	-0.0241517597	0.0167778304	-0.0664335716	-0.0040767526	0.1658671351	-0.0277985963	0.2007756422	0.0547286327	0.0029350716	0.0962112822	-0.124513923	-0.021527968	-0.0467671656	0.0033452353	0.0672347071	-0.0351364902	-0.043138343	-0.1211563396	-0.0366881929	-0.059119708	0.0374510659	-0.0204437736	3.08866e-05	-0.0935838338	0.05233733	0.0780736526	-0.0091003985	-0.1940286201	-0.0113930658	0.0443843128	-0.1098807574	-0.0277765297	-0.0072820593	0.0709529755	0.0357652158	0.0286383705	-0.0466336164	0.031982062	0.0325408111	-0.0029102006	0.0850838869	-0.0797565652	0.0201759032	0.2131339305	-0.1161838835	-0.0298806608	0.0051185579	0.1486212423	0.0238948355	-0.0682837741	-0.0372161986	-0.0579645155	-0.0416567708	-0.0456848989	0.0130277649	0.1447993661	0.0384471032	0.0098193983	-0.1584781358	0.039948355	0.1117947105	0.0437254764	-0.0007893324	0.1556371391	0.0037657816	-0.0401831137	-0.0150325807	-0.0367678929	0.0782727192	0.0037016555	-0.0226621644	-0.1003994225	0.0841901024	-0.059084626	0.0277358257	0.0	0.0	0.0404516123907683	-0.000952764798285	9.077607608510612e-07	0.0016363329450129	0.1105450734743982	0.0129252257359838	0.01222021326946	0.0001670614603261	0.2481727554803257	0.017112004067961	0.0002928206832219	0.0615897165626975	0.0024776324347989	0.0002496198259138	6.138662481967526e-06	6.231005748923583e-08	0.00131087942309	0.0001092489876143	1.718404861880771e-06	1.1935341294771309e-08	-0.0017141280398925	-3.6288569745800007e-05	1.3168602941957915e-09	2.938234937145704e-06	0.0	0.0
52.04180590946587	0.0341855075546462	0.0011686489267687	2708.3495623185167	60.10094200226075	0.0578292793131183	3612.123229559111	0.0033442255458746	56.73875738219392	-0.0438343363700113	3219.286589275465	0.0019214490449992	57.45714477478989	51.39086626495063	1.028214	33.77179	0.0946259959592723	0.050747142303073	0.0271991231	0.1033839757	-0.0807863312	0.0251275721	-0.066487276	-0.1257360298	0.1086699904	0.0614702909	0.0207183397	-0.0221991083	0.104870309	-0.1296736126	0.0499289951	0.0682120972	0.0922455015	0.0435399504	0.0288146282	0.1320282615	-0.0677436583	0.0464440887	-0.0017716412	0.0175911711	0.0395779333	-0.1377620972	0.123495845	0.0196497788	-0.007437304	0.0106888168	-0.1432459516	-0.0505283026	0.0589750719	0.0559136547	0.0983770074	0.0866512283	-0.0032720743	-0.1512207418	-0.0438631155	-0.0658663276	-0.0939481874	-0.028147583	-0.080321767	0.235727149	0.0246887525	-0.103333591	-0.0712870432	0.0402875234	-0.0870014558	0.1352680571	0.0702158894	0.0064827184	0.0597313033	0.0957811958	-0.0003792914	0.0309914457	-0.1093490289	-0.1195433803	0.0130477821	0.079259907	-0.027493769	0.0512223607	-0.0913013597	-0.046606955	0.0184493006	-0.1399193111	-0.0260525709	0.0976239457	-0.1045028203	0.0804526754	0.0379402938	-0.1736253506	0.0267461817	0.0521352961	0.0411615107	-0.061144389	0.0564858663	-0.0815445543	0.0329668074	-0.0150514233	0.0946558774	-0.0969376217	0.1312118038	0.0967674502	0.0046969224	-0.0634876349	0.0486105691	0.0099365643	0.0008506565	-0.0075661426	0.0255495113	0.0807934394	0.173596495	0.18875365	-0.1118048906	0.0242858339	0.0501434452	0.0259391157	-0.1606373786	0.000342854	0.0686274829	-0.0857483794	0.0413259749	0.129436869	-0.1560083068	-0.0350431436	0.0100678159	0.0625610568	0.1291281964	0.0335011409	-0.0248700089	0.0479910218	0.0798403412	0.0819931203	0.0549189167	0.1035008312	-0.055171548	0.0088169533	-0.0300430896	0.004169921	-0.0279547017	0.0806575462	0.0639830875	0.1509330568	-0.0424412745	-0.0309714131	-0.1312899596	0.0195783315	-0.0272023705	0.1187986798	0.0049224114	-0.1260727434	0.0241506335	0.0595499177	0.0609639428	0.1342744339	-0.0184405372	-0.0146695411	-0.1526161902	-0.0308652744	-0.1337502709	0.1446029021	0.0813970533	0.0782693004	-0.0319992211	0.0332048702	-0.0345901729	0.1629843679	-0.0859115457	-0.0642532741	0.008079779	-0.0220062695	-0.1201368155	0.1217304212	-0.0705007375	0.0546645625	0.0160493833	0.0414711864	-0.0881972964	-0.1731845516	0.087777773	0.0071772678	0.0291900866	0.0668079672	0.0646952227	-0.1009838109	0.0864105979	-0.0636593764	0.0348833508	0.0	0.0	0.0320916503060715	-0.0083599620846967	6.988896605756801e-05	0.0010298740193671	0.1005433570811362	-0.010001716393262	0.0101089666531448	0.0001000343308112	0.2030177795199321	-0.0451549759603935	0.0020389718539837	0.0412162188012037	0.0025039340632132	2.630162841430004e-05	6.269685792919366e-06	6.917756572439151e-10	0.0009520624757015	-0.0003588169473884	9.064229576388694e-07	1.2874960173320148e-07	-0.0019511962945081	-0.0002370682546156	5.620135734648699e-08	3.80716697970214e-06	0.0	0.0
52.050389161966265	0.0085832525003937	7.36722234855149e-05	2709.2430119121354	60.343612742296514	0.2426707400357628	3641.35159879225	0.0588890880695047	56.75502215186469	0.0162647696707693	3221.132539458651	0.0002645427324431	57.46475708100654	52.2457513937071	1.035434	34.008923	0.0468926975726559	0.0265085532438928	0.0900487895	-0.0393347848	0.0314948303	0.0135589308	0.0591987997	-0.0871625137	0.0680294394	-0.0743795145	-0.0913106818	-0.0346555466	-0.1440647978	-0.0777898271	-0.0296402069	-0.0161798011	-0.0458813749	-0.1392726972	-0.0655770755	-0.1338292617	0.0471114925	0.0174547475	-0.0070923514	0.0246984895	0.0608707834	0.0434306769	0.0294644591	0.1272688245	-0.0181857548	-0.0474029259	-0.0459259095	0.0130242072	-0.0072290241	0.1288803508	-0.0379673723	-0.1309606783	0.0884124713	-0.0036551068	-0.1011246596	-0.1103960164	0.0367629028	-0.0406515752	-0.0603160098	-0.1084092004	-0.0774009888	-0.0025283583	-0.0108841559	-0.167357714	-0.0907517344	-0.2165808025	0.0249595461	0.1388719844	0.1503058583	0.0220380124	-0.1075386956	0.086555316	0.0108453748	-0.0695944513	0.0569103808	0.0005609779	0.1111691882	-0.0420478533	0.0954088822	0.08713602	-0.1050465574	0.0561288871	0.0366462214	-0.0299697687	-0.0336903623	-0.0184188013	-0.0990341331	-0.0530202573	-0.103037341	0.0604715673	-0.0384384994	-0.0445172843	0.0207808544	-0.0162694519	-0.0948543287	-0.0742913721	0.0757003718	-0.1248822653	-0.0543660748	-0.0719155458	0.0863888871	0.0023242734	0.0021757755	0.0730349203	-0.0543505764	0.0388074485	0.0790385693	0.054749686	-0.0446094241	0.0493389171	-0.0269172364	-0.1269263273	0.08671172	0.1229521919	0.1070488231	-0.0098362603	-0.0523563618	-0.0868209898	0.0591466582	-0.1329659619	-0.0724654323	-0.0475845611	0.1830747258	-0.2546019956	-0.0490851103	0.0057531992	-0.0104711945	0.029179115	-0.0461040743	-0.0520602896	-0.0900083822	-0.136115134	0.0041415839	0.1212592605	-0.0190769106	-0.0256584136	-0.0416051047	0.0558317374	0.088985803	0.0282554728	-0.1304854472	0.0049383171	-0.0276507941	-0.0598291983	-0.0907833814	0.0649778948	0.1514776983	-0.0216250224	-0.0206998044	-0.1174304558	-0.0076425855	-0.0270017561	0.0292344233	-0.012564451	0.0769773398	-0.0271405764	-0.0155531434	0.0208211605	0.1431810579	0.0648683089	-0.0369256454	0.0631880391	-0.0343820295	0.0112098508	-0.0444474761	0.0542135844	0.0758636025	0.0166787319	-0.048072088	-0.059872382	0.0878336728	0.0820425968	0.001443965	0.1301804103	0.0337392188	0.0442551313	-0.0684156082	-0.1622072939	0.0071258044	-0.0056580033	-0.1462921064	-0.1015367435	0.0885234364	-0.0680556987	0.0418570888	0.0	0.0	0.0306171995461141	-0.0014744507599574	2.174005043538958e-06	0.0009374129080465	0.0930769639439859	-0.0074663931371502	0.00866332121703	5.574702647848499e-05	0.2269451845763654	0.0239274050564332	0.0005725207127346	0.0515041168024005	0.002556969248701	5.303518548779992e-05	6.5380917388025565e-06	2.8127308997253433e-09	0.0010521696421694	0.0001001071664679	1.1070609559028834e-06	1.0021444778231844e-08	-0.0018238496740815	0.0001273466204266	1.6217161734076545e-08	3.326427633647194e-06	0.0	0.0
51.97109339684671	-0.0792957651195536	0.0062878183658954	2700.994548863764	59.85265472865997	-0.4909580136365434	3582.3402780681827	0.2410397711539404	56.84054377782259	0.0855216259579023	3230.847416958566	0.0073139485064833	57.548607291711086	50.83242619377275	1.042451	34.239388	0.1765673950838661	0.1035307465053948	-0.0662311252	-0.078170774	-0.1083269042	-0.0875784084	-0.1417063713	-0.1075698649	-0.0875782563	-0.0679953765	0.0027671656	0.0231411091	0.060966942	-0.0809315302	-0.1307078272	0.0113275278	-0.2089768511	-0.0447339961	0.0028308771	-0.0446384523	-0.0216259747	-0.0213136749	-0.0799342837	-0.0217956203	-0.1176725862	0.0806021536	0.0463324576	-0.0540740068	-0.0263809459	-0.0566678296	0.0742932272	0.0053977631	-0.1298421603	0.0354285252	0.1436371371	-0.0413725258	0.0674262214	-0.0110085072	0.2589489087	0.0140800069	-0.0938518356	-0.0279066702	-0.0931017957	-0.0272850799	0.076044879	-0.1427525139	0.2075154829	-0.1115092082	0.1075940243	0.069068933	-0.0444589179	-0.0072591076	-0.0971568872	-0.0762428188	-0.1106526811	0.067990492	-0.0155553442	0.020117918	0.00239422	0.0056087491	0.0642058428	-0.0268112125	0.050347838	-0.001993222	0.0508362926	-0.0127740521	-0.0923847314	-0.0212945634	-0.0328109425	0.0052797647	-0.0310460923	0.0567265388	-0.0047922422	0.0760412639	0.0204246943	-0.0052389277	-0.0823250184	0.0356421644	-0.1424946687	0.0409252498	-0.0041104973	0.0579943612	-0.0899507048	-0.0226009232	-0.0674735515	-0.0402430765	-0.130159706	-0.083096797	0.0088976453	-0.0211512676	-0.1056866567	-0.0707464284	-0.1147345454	-0.0313472562	0.01255849	-0.1959214164	-0.0383443094	-0.0305283313	-0.0582175264	-0.1731938021	0.0994199462	-0.0732289713	-0.143678817	0.1159432774	0.0959411847	0.1586925691	0.0948360028	0.023968286	-0.0333949192	0.1043574332	-0.0634163271	-0.0317050762	0.0171242067	0.0176406908	0.0400948422	-0.0417358854	-0.0527771791	0.0587486127	-0.1321915222	-0.0468110295	0.0072205806	0.027949011	-0.0778485153	0.0139470626	0.1271723357	-0.1116090139	-0.1373844573	-0.0055062577	0.0638325019	-0.0198678148	-0.0033694471	-0.0282471956	0.0659962816	0.0012746017	0.0666677171	-0.0991535171	0.0310196098	-0.0077760495	0.1504447482	-0.0163176994	-0.0762778955	0.0199974101	0.0671612738	-0.0928112991	-0.019543915	-0.0915862804	-0.0316772361	0.1293198525	-0.0519020974	-0.0827880627	0.0607698267	-0.098412676	-0.0085074731	-0.0901000489	0.0258364523	-0.0646633413	-0.0618318914	0.0096306371	-0.1508405286	-0.0471128957	0.0025073064	0.0793325417	-0.0396997536	0.015304279	-0.0921846094	-0.1020580481	0.0905259858	-0.0722612707	0.048622297	0.0	0.0	0.0319810813563776	0.0013638818102635	1.86017359236765e-06	0.0010227895647232	0.121331756681613	0.0282547927376271	0.0147213951794461	0.0007983333126462	0.3055806594381209	0.0786354748617555	0.0061835379067337	0.0933795394226368	0.0035498583645409	0.0009928891158399	1.2601494408300994e-05	9.858287963533383e-07	0.0008489608764323	-0.0002032087657371	7.207345697126989e-07	4.129380247239563e-08	-0.0019940167059889	-0.0001701670319074	2.8956818748174105e-08	3.976102623762823e-06	0.0	0.0
52.10663181830501	0.1355384214582997	0.0183706636914076	2715.1010794483964	59.583241230663766	-0.2694134979962044	3550.1626355514704	0.0725836329025508	56.81046030161192	-0.0300834762106703	3227.428399681024	0.0009050155409179	57.47956149784599	50.58117948390918	1.027213	33.738899	0.0792012705202446	0.0519596319255363	-0.0821096194	0.0886189207	0.0230518195	-0.1165428889	0.0864852576	0.0452566345	-0.082299584	0.165320668	0.0924733679	0.0174441208	-0.0145948774	-0.0025506541	0.0742006225	0.0210654891	-0.0732797567	0.0234829219	0.0583015862	0.0762408381	0.0464386804	0.0249034384	-0.0082382086	0.0139836845	-0.0622103261	0.0738051724	-0.0323738094	-0.0420136792	-0.0599411218	-0.0107170535	0.0295217108	0.0295202171	0.0741009518	0.098195907	0.0545547788	0.1039331562	-0.0236569565	-0.064576632	0.0195011249	0.0062814174	-0.0569852072	-0.0188764107	0.0557455432	0.0346138639	-0.031128351	-0.135995983	-0.0566340689	-0.0205041933	0.0409216541	0.0673024895	-0.0320824488	-0.0234666594	-0.0224659918	-0.0441006111	0.0641304086	-0.1154621672	0.0828949681	0.0629699129	0.0551364477	-0.0233035319	0.0335086876	-0.0840495963	-0.0214274607	-0.0968200554	0.1622035647	0.0254036279	-0.0788053142	-0.0338149012	-0.0341032089	-0.0130329775	-0.0702505565	-0.0147748375	-0.0623966201	-0.0427615057	0.0673953432	-0.0431464911	0.1405609383	0.070449178	0.0284629421	0.0769591141	-0.0420232215	0.1203124354	0.0794861321	0.0469428129	0.0074317019	0.031147111	-0.0599808007	0.0994999887	-0.0014517745	0.0099825674	-0.0439442403	-0.1337154138	0.0844872176	0.021961227	0.0336941875	0.07982757	0.0402142268	-0.0772069254	-0.0606643618	0.0079860083	0.1092172345	-0.0616463881	0.0112908096	0.0608181467	0.0600624257	0.0492810052	-0.0214362146	0.0199223392	-0.0245273763	0.0197745767	-0.092318571	0.0311596989	-0.0194731864	0.0443632925	-0.0236153611	-0.0155180583	-0.0104812928	-0.0953966441	0.0339360865	-0.0495952971	-0.000147558	-0.068347622	-0.0521372313	0.0033383117	-0.01197368	-0.0094756233	0.0419741907	0.1574537316	-0.0986464526	0.0374349202	-0.1013778165	-0.1074247961	-0.0739738685	-0.0695898484	-0.0324208926	0.1327177444	0.0508393512	-0.0815533455	0.0758130171	0.0901006574	0.1432350468	0.1061200354	-0.037667461	0.0112043375	-0.090500591	-0.0183098441	0.0131017661	0.0338555372	0.0114121696	0.0351532789	0.1178785542	-0.0528635657	0.0307063914	0.017157591	-0.0730952251	0.0783520655	-0.0453666211	0.1255744562	0.0110986504	0.0476095619	0.0093528523	0.0680841215	-0.120292146	0.124108616	-0.1699946779	-0.1025475623	0.0924157511	-0.0762643048	0.0551452713	0.0	0.0	0.0290480643950701	-0.0029330169613075	8.602588495317495e-06	0.0008437900451001	0.1210353338400835	-0.0002964228415295	0.0146495520377804	8.786650098042507e-08	0.2664896271376733	-0.0390910323004475	0.0015281088063146	0.0710167213719761	0.0029622737595922	-0.0005875846049487	8.775065826768507e-06	3.452556679727199e-07	0.0008192271556983	-2.973372073399993e-05	6.711331326335267e-07	8.840941486874972e-10	-0.0018737190633324	0.0001202976426565	1.4471522828711013e-08	3.510823128295246e-06	0.0	0.0
52.16563280627284	0.0590009879678277	0.0034811165811797	2721.253246078889	60.47689698979179	0.8936557591280234	3657.4550695138873	0.7986206158226838	56.80321829610591	-0.0072420055060078	3226.605608795061	5.244664374904791e-05	57.52790442038709	52.04883085527567	0.976521	32.073921	0.0909614705039974	0.0517314555732803	0.0640080477	0.0776786954	0.0379372544	-0.0979355197	0.0357198228	0.0310098367	0.0911283965	0.0086253432	-0.0251817254	-0.089014551	-0.1223254317	-0.0851695095	-0.0111457183	-0.054296596	-0.1156485773	0.0635044098	0.0372181955	-0.0066828239	0.1740421781	0.0717921166	-0.0150697965	-0.0453357954	0.1489995483	-0.06957274	-0.0774121689	0.0525763602	-0.0094837853	0.0076811945	-0.0682183569	0.0128957513	-0.0435972679	-0.1404861038	-0.0212748036	0.059293217	-0.1274986754	0.0109982337	-0.0930210015	-0.0028942434	-0.0954302706	-0.0228209376	0.1951309013	-0.0620303404	-0.1112130446	0.0296713283	-0.0302036946	0.0764588927	-0.0518861228	-0.0181248853	-0.0848927847	0.0215080201	0.013199069	-0.0456277063	0.0366913227	0.0453177777	-0.0747443028	-0.1492082421	0.1164504622	0.1668330852	-0.0287286953	-0.0296370316	0.0364203215	0.1043462109	0.0094485724	-0.0597414283	-0.1140224734	0.0607097547	0.0288056827	-0.0860048093	0.0474463696	0.0160061177	0.0530664794	0.0814097639	0.2275284542	-0.1367805252	-0.0171911053	0.0694306173	-0.0280317512	0.1085492056	-0.0439656043	-0.1230572129	-0.002171182	-0.0270212858	0.0595839336	0.0755315206	0.1394720173	0.0280789045	-0.053988347	0.07051475	-0.01231412	0.0570444988	0.0748222224	-0.0596171327	-0.0288552565	0.1503199548	-0.0846904986	-0.0454320598	-0.0351988171	-0.07026859	-0.0407311134	0.0733629318	0.1290630547	-0.0927974371	0.065572787	-0.0141652109	-0.0119156144	-0.0599541707	-0.0459749798	0.0472767851	0.126969451	0.0007542604	0.0097893229	-0.0039411525	0.0680098943	0.1515751372	-0.1201242854	-0.0365652301	0.0346862917	-0.0275394098	-0.0938552105	-0.0355467471	0.163840962	0.035329279	-0.120147736	-0.0668721904	-0.1032160558	-0.0676053665	0.1447894312	0.0059850825	-0.0883198023	-0.0222823287	-0.1453060365	-0.0342773895	0.0174738983	0.0700531925	0.1138569599	-0.0648996936	0.1664928288	-0.0565650047	0.0577211141	0.0374894368	0.0302745789	0.105570121	-0.0573712558	0.0127710712	-0.0126948157	-0.0380956051	0.0036191419	0.040519382	0.0669620117	-0.0129596265	-0.0804256341	0.040066671	0.0126949349	-0.0026881742	0.0002885601	0.0686735716	-0.1296139727	-0.0402196968	0.1396039282	0.0488938324	0.0259375335	0.1139914278	0.0648793154	-0.1030051337	0.0941903779	-0.080053581	0.0613935146	0.0	0.0	0.028930376507958	-0.0001176878871121	1.3850438772910582e-08	0.0008369666848922	0.0966889533082167	-0.0243463805318668	0.0093487536918385	0.0005927462450024	0.2330810958243248	-0.0334085313133485	0.0011161299645149	0.054326797230668	0.0024431603432909	-0.0005191134163013	5.969032463029308e-06	2.6947873898400694e-07	0.0006931949912607	-0.0001260321644376	4.805192959089219e-07	1.5884106472826254e-08	-0.0018903508980269	-1.6631834694500174e-05	2.766179253051797e-10	3.5734265176711075e-06	0.0	0.0
52.1040236199821	-0.0616091862907381	0.0037956918354068	2714.829277391653	60.72465003875487	0.2477530489630837	3687.483122329252	0.0613815732705041	56.86899506445411	0.0657767683482006	3234.082599640906	0.0043265832543328	57.64448503536588	52.49835837912959	0.951331	31.246534	0.0756981533402849	0.0488804738458263	0.090035422	-0.0486787371	0.0622256671	-0.0596660729	-0.0014561838	-0.0098009592	0.0655829066	-0.1004369213	0.0804004013	-0.0553063525	-0.0457584757	-0.1066049518	0.0378369844	-0.0962188305	-0.1047211133	0.0558030635	0.0410127856	0.0296781064	-0.0874837108	-0.0504954318	0.0619281474	-0.1151275269	-0.1058336916	0.0588064712	0.1252052731	-0.0930924691	-0.0627834565	0.0450253002	-0.0721198008	-0.0828029307	-0.0378056338	0.1463206129	0.0780727394	-0.0260889232	-0.0327254277	0.0554129756	-0.0259358041	-0.008270491	0.0150269396	0.0390592409	-0.1102486926	0.063929006	-0.0737078189	0.07388593	0.0629956194	0.0167696836	-0.074883445	-0.0463251369	0.0741735768	-0.0392988369	-0.0685747686	-0.0074246706	0.1928810911	0.0002540429	-0.0061850751	0.0775677136	0.0262568893	0.0486363408	0.0537879029	-0.0666474227	-0.0910430667	-0.0653682317	-0.0735548621	0.0187125878	-0.0720401859	-0.0671600996	0.0130725935	0.1367412556	0.006542641	0.1066308918	0.071445409	-0.0075131877	-0.0649292856	0.0104858265	0.0286594965	-0.0215315666	0.1227417774	0.0399040588	-0.0615735998	-0.0441223293	-0.0912652554	0.1262984453	-0.0712285017	-0.0132968485	-0.0697839502	0.1068187176	0.0590553627	-0.1113070739	0.0236648092	-0.0551356818	0.1034201333	0.0121518237	-0.0509925605	-0.1213845275	0.0269930412	0.030601069	-0.0158147085	0.0010470741	-0.081277644	-0.0109872719	-0.1028842449	-0.0276013547	-0.0188423338	0.061058594	0.0808931645	0.0436928417	0.046838658	-0.0944827499	-0.1884845645	-0.0643692632	0.0421796553	-0.0342664384	0.0642116206	0.1049675866	0.0814085594	-0.1342639137	0.0800396835	0.1466565577	0.0916833978	0.0597152808	0.0146712523	-0.0171078623	-0.0288919095	-0.0680181668	0.0430041751	-0.1132886064	-0.0630725051	0.0285006265	-0.1363672421	0.2098551962	0.0280248484	0.0135038163	0.0853239201	-0.0394624815	0.0409523532	0.0496500508	0.0738808082	0.0796037927	0.0376777368	-0.0755231076	0.066917965	0.0485194994	-0.0454574438	-0.0447305709	0.0109880424	0.0340921453	0.0361902335	-0.0030717511	0.0642241666	0.0119808965	-0.0753466901	-0.0026101355	-0.0096539863	-0.0377044306	-0.0166553554	0.0770639157	0.1055479848	-0.1084264111	-0.0681603191	-0.0455494097	0.0205979297	0.0656941347	0.142844137	-0.1034306197	0.0958476552	-0.0836184785	0.0673358985	0.0	0.0	0.0304788525618562	0.0015484760538982	2.397778089496147e-06	0.0009289604534873	0.1091381991367086	0.0124492458284918	0.0119111465108038	0.0001549837216982	0.2778285284594446	0.0447474326351198	0.0020023327274345	0.0771886912259404	0.0025960193345957	0.0001528589913048	6.739316385594701e-06	2.3365871222720932e-08	0.000560115632243	-0.0001330793590177	3.137295214829756e-07	1.77101157965619e-08	-0.0018372292718939	5.312162613299999e-05	2.8219071630142275e-09	3.3754113975037903e-06	0.0	0.0
52.00327683829492	-0.1007467816871781	0.0101499140203239	2704.340801920341	59.86639116664621	-0.8582588721086637	3583.9847913178955	0.7366082915532356	56.85906547951184	-0.0099295849422702	3232.953327203415	9.859665712576014e-05	57.59161048321188	51.06735582404963	1.002117	32.914627	0.051791183563385	0.0279792888967395	-0.0654310706	-0.09869731	-0.0889016925	-0.1130344382	-0.1119202452	-0.0286329815	-0.0891589081	-0.0636220832	0.0998527228	0.0587624296	0.037194208	-0.1320341564	-0.066570809	-0.0350295108	-0.0658509013	-0.0610084188	-0.112511052	0.095704918	-0.0645975771	-0.1301175033	0.0476576545	-0.0134473423	0.1555791437	0.2236344309	-0.0938146691	-0.0310607899	0.0303160406	-0.1199503687	0.1288841461	-0.0461010755	-0.1172771374	0.0723026646	-0.0796017585	-0.0129064562	-0.1505394671	-0.0837001418	0.0323794099	0.0050883198	-0.0040699736	-0.0116214452	0.0111982955	0.0248563535	-0.0096903448	0.1174426612	0.0018444032	-0.0211964468	0.0581993562	0.028386432	0.0068061007	-0.0311456105	0.0678191144	0.0193825398	0.020388686	0.0893406561	0.0282183172	0.0105624823	-0.0858817534	0.0269927362	0.0657513372	0.1252191116	-0.0860508302	0.0434530642	-0.0852785744	-0.1140112146	-0.0644933964	0.0429159767	0.0614820372	0.0279907971	0.1020128818	0.0576915656	0.1095051041	-0.0148149781	0.0357292621	0.0811256076	-0.0555425467	0.0582031158	-0.1126849907	0.0924114614	0.0501945185	0.0563444201	-0.0522951201	0.0771254828	0.1449276458	0.2087855732	0.0082685391	0.0283783839	0.0708484998	-0.0792602248	0.0163318672	0.0142363362	-0.1655690972	-0.0063366877	0.0807378163	0.0074382591	-0.0319452417	-0.1561703363	-0.0967559778	-0.0628492003	-0.1355660731	-0.0418469789	-0.062132667	-0.1554158519	-0.1323554008	0.0109344136	0.0355650022	0.063697063	-0.0922944602	-0.006910333	0.0277880113	0.013141707	0.0700136453	0.0513921416	0.0605528036	-0.0401615405	-0.0041444905	-0.0200995157	-0.061540241	0.0265655236	0.0397064663	0.1081206728	0.0323801252	0.0647444382	-0.0799835759	-0.0742272428	0.0242940803	-0.0688393655	0.1443318892	-0.081050238	-0.0913206393	0.0249866729	-0.0204127996	-0.023789251	-0.0116710468	-0.152412188	-0.0697665859	0.0189627037	-0.0153404606	-0.0130781981	-0.0027992199	-0.0095501344	0.0495218719	-0.0910116211	-0.0547932889	0.0010817691	0.024068547	0.0826166096	-0.0220464661	-0.0479572879	0.0293295194	-0.0904263742	0.0473738031	0.0540972964	-0.0678782078	0.0264206736	-0.0178761159	-0.01205728	-0.0904947931	-0.0206002819	-0.0864880012	-0.029579001	0.1540475103	0.0785500468	-0.0698684015	-0.1038238878	0.0973855183	-0.0869490055	0.0729428184	0.0	0.0	0.0267254906449778	-0.0037533619168784	1.4087725679073096e-05	0.0007142518502147	0.1116878463192136	0.0025496471825049	0.0124741750154242	6.500700755255682e-06	0.2783349331996163	0.0005064047401716	2.5644576086832854e-07	0.0774703350392348	0.0027769683021731	0.0001809489675773	7.711552951274149e-06	3.2742528867326936e-08	0.0008448512414147	0.0002847356091717	7.137736201199596e-07	8.107436713037909e-08	-0.0022711800896214	-0.0004339508177274	1.883133122063658e-07	5.15825899949267e-06	0.0	0.0
52.03655753229651	0.0332806940015899	0.0011076045932274	2707.803319812005	59.787018959535	-0.0793722071112128	3574.487636067797	0.0062999472617052	56.7395781681692	-0.1194873113426382	3219.379730701783	0.0142772175718925	57.43845232265202	50.90189074564246	1.019021	33.469837	0.0574170742627916	0.0316785558919068	-0.0917167048	0.0687412632	0.0642798235	-0.0940309775	0.1734358152	0.0606851512	-0.0606758718	0.0937376851	0.0202437357	0.0379883771	-0.1718982211	0.0030879718	0.061990131	-0.1168441151	-0.0584377161	-0.0018898912	-0.1134864963	0.0070532725	0.0119323122	-0.0261229057	-0.1363861405	-0.0043946632	-0.0055810326	0.0123263576	-0.0981538242	0.0326055774	0.0693320626	0.0121911156	-0.1105586655	-0.0100601858	0.0835920614	0.0795050068	0.0529421151	0.0155909834	0.0302807702	0.0028037781	-0.0191475553	-0.0255128564	-0.0793334928	0.0195328397	0.0023424948	-0.0965482456	-0.0388455547	0.0213041266	0.0167860566	-0.0633701854	0.0694109113	0.0385304818	0.0882608473	-0.054801521	-0.0407556835	-0.0698412292	-0.0267557021	0.0614806542	0.014877672	-0.0319599367	-0.0379049301	-0.0564779755	0.095650874	0.0546276561	0.0657829321	-0.0270675781	-0.0357306266	0.0464150842	0.0651911763	0.036340628	-0.0592527325	0.016223162	0.0840710144	-0.0512495477	-0.0100523083	0.0291767719	0.1099324926	-0.1048069924	-0.0063217199	-0.094777516	0.0487273501	-0.0765434482	-0.0689553234	0.0122442361	-0.0170368465	-0.10670748	0.0436515771	0.0496250256	0.0994844584	0.0289382227	-0.04659654	-0.0725965246	0.0659000813	-0.0234448494	0.0361927683	0.0774788297	-0.0852688895	-0.0386261514	-0.0167027917	0.015284968	0.0344206901	-0.0370754385	0.0427492432	-0.0358527744	-0.079806448	0.0073913074	0.0576631234	-0.1106353311	0.0216678184	-0.0266990948	-0.0294610004	-0.0119238692	0.0472866051	-0.023402385	-0.053506775	-0.0131589084	-0.0006240668	-0.0133795539	-0.0222174824	-0.0067573459	-0.0787373318	-0.0145696393	0.0408893997	-0.0054547147	-0.0139117868	-0.006068862	0.1082872721	0.0817472157	-0.1033284852	-0.104546219	-0.0294018002	-0.0839553168	0.0255907831	0.0474997385	0.102853291	-0.0600821538	0.0164775023	0.0634244082	0.0623008637	-0.0057736564	-0.0684137834	0.0341784052	0.0822144331	0.065627271	-0.0688160311	-0.0470868038	-0.0840216558	0.0030293036	0.0345056096	-0.084987191	0.0328068405	0.1139747197	0.1034696546	-0.0112770226	0.0678361604	-0.0554777066	-0.0097362616	0.0221329943	0.009185945	-0.0176002095	0.0389538422	0.0752602905	-0.0874528693	0.0023168972	-0.1012019615	0.028828312	-0.0091922549	-0.1041848154	0.0988020511	-0.0900358269	0.0781863408	0.0	0.0	0.0261685885563167	-0.0005569020886611	3.1013993635509657e-07	0.0006847950270297	0.1292510908125876	0.017563244493374	0.0167058444762437	0.000308467557134	0.2780380242728597	-0.0002969089267566	8.815491078775639e-08	0.0773051429415553	0.0023394057635235	-0.0004375625386495	5.472819326406971e-06	1.9146097522948239e-07	0.0009061720438463	6.132080243160002e-05	8.211477730485806e-07	3.760240810855324e-09	-0.0019900630556226	0.0002811170339987	7.90267868042824e-08	3.96035096535396e-06	0.0	0.0
52.052131965406936	0.015574433110423	0.000242562966711	2709.4244421441385	60.25521429592276	0.4681953363877653	3630.690849847575	0.2192068730152527	56.809921979904175	0.0703438117349719	3227.3672353627994	0.0049482518494051	57.51242188308268	51.83004289139583	1.043473	34.272976	0.0914648657195282	0.0615682392299265	0.095231712	0.0705262338	0.0186591136	-0.0634460226	-0.0775024839	0.0323908058	0.0876007916	0.0013839561	0.0038760655	0.0080545575	0.0984246308	-0.0384040734	-0.048957415	-0.0927981584	-0.0246157612	0.0378877769	-0.0492517719	0.0107681075	-0.0337094359	0.0643747612	0.0923126419	0.0584104822	-0.0297453155	-0.0109322711	0.1049208024	-0.1926403064	-0.0674124602	0.0489466803	-0.0727284372	-0.0666263475	0.0017410593	-0.0131106452	-0.12676565	0.0491945474	0.0485130255	0.0019775068	-0.1146667004	-0.0463701437	0.0405131272	-0.0024726213	-0.0371527967	-0.0074340591	-0.0813006361	-0.0311666755	0.0240633885	-0.0405647022	0.0430746228	-0.0689366672	0.0708719099	0.0739392491	-0.0650160729	-0.0015799795	0.0333270889	0.1317745041	0.1550808809	0.0638749096	-0.0768913717	0.0344008658	0.0412922144	-0.0049811813	0.1165765855	0.0159346038	0.035621599	0.0198409812	0.0123100323	-0.082896672	0.0652342682	0.0211167659	-0.0865376364	0.0480736604	0.1436269511	0.0567903545	-0.0045427823	-0.1064410596	-0.0670765148	-0.0092215778	-0.0742252343	0.0088311026	0.097349839	-0.0362468241	0.0899698249	0.0215548826	-0.0476556033	-0.0342350435	-0.0361557529	-0.0957740067	0.060308875	-0.1061668265	-0.072678369	0.0967347054	0.1763651014	0.042393524	0.0435896286	-0.0617217131	0.051953035	-0.0606512217	0.0313099739	0.0705541031	-0.1387269481	-0.0094512578	-0.0363428256	-0.026349321	0.0043801908	0.0310602863	0.0198481179	-0.0811964413	0.0507992995	0.0982261177	-0.1195563239	-0.0511630385	-0.1072524067	-0.0113804545	0.1115980941	-0.1512862257	-0.0861707563	0.0409199225	0.0662862396	0.0256259595	0.1541406242	-0.1450696093	-0.0336177696	-0.0579752901	-0.0404650152	-0.0078929479	-0.0277959256	-0.0141591793	0.0056421067	-0.05697478	0.0911250519	0.1250052589	0.0312898861	0.0111758111	-0.0360387439	0.0186820047	-0.0687595818	0.0282498998	0.0413013182	0.0642877058	0.0267603836	-0.038356518	-0.0414328953	0.1094522371	-0.0361294789	-0.1050680606	-0.0154205369	-0.0103009985	0.0582755048	0.0354508943	-0.0599229614	-0.0461990364	-0.0521468101	0.0187297645	-0.0776084872	-0.1030878562	0.0336837744	-0.0597274153	-0.020353121	-0.001302581	-0.0486571821	0.2420350988	0.0295680316	0.1252275144	0.0473134686	-0.1045132902	0.1000954889	-0.0928702909	0.0830403428	0.0	0.0	0.0277251676946832	0.0015565791383664	2.4229386139977886e-06	0.0007686849236983	0.1241028809865554	-0.0051482098260321	0.0154015250691631	2.650406441285437e-05	0.3306880849069742	0.0526500606341145	0.0027720288847759	0.1093546094994421	0.0028558171911465	0.000516411427623	8.155691829247885e-06	2.666807625796249e-07	0.0008392430242825	-6.692901956379998e-05	7.043288538068368e-07	4.479493659771521e-09	-0.0019312031803891	5.885987523350012e-05	3.464484912503201e-09	3.7295457239449754e-06	0.0	0.0
52.03469880060669	-0.017433164800245	0.0003039152349525	2707.6098792698594	60.04493648100664	-0.2102778149161253	3605.394397008122	0.0442167594459002	56.8567167597709	0.0467947798667225	3232.686240700813	0.002189751422775	57.56867097050442	51.84189030544718	1.020385	33.514626	0.0851975861239569	0.0528917863256366	0.0248049126	-0.0926144508	0.1102850937	-0.0497433747	0.1183813105	0.0573880676	-0.0016483759	-0.0595406961	0.0808697727	0.102514886	-0.094920285	0.0547833992	0.173086757	0.0073625173	0.0415341196	0.0531305863	-0.0348851626	-0.0698374789	-0.0295654629	0.0774209512	-0.0878872813	-0.0913230796	-0.0245802211	-0.0663842122	-0.0390588001	0.0846862252	-0.0715145716	0.0146863937	-0.0389335071	0.0507964575	-0.0759953181	-0.0958691114	0.1225950148	-0.0376286301	-0.1840460102	0.0997600274	0.0877934399	-0.0599797531	-0.0463339351	-0.087122619	0.0928987446	-0.0570516505	0.1208464168	-0.0810876727	0.008616485	0.0450571195	0.0814192701	-0.0349334491	-0.1130293743	0.07361658	-0.0161480462	-0.0316949208	-0.0068230723	0.0910943618	-0.0771358635	-0.0211264029	0.0392173548	0.0368898883	-0.0176673326	-0.1080416015	-0.0514076846	0.0229279217	0.0747565517	0.0533080026	0.118054242	-0.1152527158	0.1087525241	0.0978867645	-0.1412079341	0.0792979739	0.1284900856	-0.0916829218	-0.0641309076	-0.0102027713	-0.0572146454	-0.072688648	0.0086279626	-0.1066813225	-0.0573342103	0.0472392795	-0.0691139284	0.0572647428	-0.0548696196	-0.0826369749	0.0209840406	0.0204706213	-0.1604500521	0.0561839906	-0.0466627949	-0.0061187676	-0.0153554516	-0.0491934301	0.0396096447	0.0771599955	-0.0643962393	0.1020983329	-0.1301893156	0.0078143087	-0.0218034371	0.1555739848	0.0717344686	-0.0059286412	0.1574665602	0.0750373983	0.0187823254	-0.0211923674	-0.1204225568	0.1159338448	0.015759194	-0.0783318037	0.0106160043	-0.0686150673	0.0963302526	0.0724285471	0.0855435392	0.0582729457	-0.0990998431	-0.0441478777	0.0733201536	0.1560313419	0.0484742286	-0.0103097342	-0.0411595286	0.0605041048	0.0487724063	0.1117336894	-0.0470932774	-0.0180710184	-0.0743783313	0.0567865846	0.0235832323	-0.106393986	0.0259240684	-0.0863226876	-0.073522799	0.0663896589	-0.0677541151	-0.1276357824	0.039149598	-0.099199309	0.0269162443	-0.057689491	-0.0440557216	0.0770715647	0.0769596872	-0.0301847956	0.0269299419	0.025639129	0.0450559918	0.0014146184	0.0049654992	0.0246130931	-0.0598242889	0.0571917338	0.057498049	0.0424244441	-0.019517046	-0.0601050997	0.0505188234	-0.009952349	-0.1585429619	-0.0304852326	0.0277083672	-0.1048092098	0.1012642201	-0.0954444529	0.087480642	0.0	0.0	0.0274037151933725	-0.0003214525013106	1.0333171059890409e-07	0.0007509636063994	0.1332293564468756	0.0091264754603202	0.0177500614192486	8.329255432782694e-05	0.2830452075090832	-0.047642877397891	0.0022698437667504	0.0801145894938599	0.0025357461568235	-0.000320071034323	6.430008571845151e-06	1.0244546701259509e-07	0.0007228954771862	-0.0001163475470962	5.225778709362639e-07	1.3536751715325734e-08	-0.0020569202142585	-0.0001257170338694	1.5804772604919903e-08	4.230920767825234e-06	0.0	0.0
51.98089536916902	-0.0538034314376716	0.0028948092344682	2702.0134833804973	59.75139088554178	-0.293545595464856	3570.2287127568056	0.0861690166168169	56.77144309256574	-0.0852736672051577	3222.99675081243	0.0072715983186159	57.498506708493295	50.91247931212686	1.027961	33.76347	0.0784398615880177	0.0409221588105322	-0.0971276372	-0.019265708	0.1493090019	-0.0315845771	-0.1385925372	-0.0627090922	-0.0933970443	-0.052892744	-0.1622718216	-0.050762197	0.0640274455	0.0216133288	0.0357295656	-0.0254337601	-0.0808451764	0.051311356	-0.0592316661	0.143148242	0.0287002056	-0.029626072	-0.0579244323	0.0321931793	-0.10048037	-0.0170088644	0.0243096094	-0.0040234162	0.0013355302	0.0122608771	-0.0865235736	-0.106995862	0.0709188901	-0.0472464025	-0.0013039873	-0.079653062	0.057667992	0.0176739973	0.0184933243	-0.1155558167	0.1189174479	0.1554780519	-0.0862826436	0.1054510027	-0.0099643475	-0.0201383023	0.0253257024	-0.0016903476	0.0925183714	-0.077939174	0.0067335709	-0.2184298987	0.0851314456	0.0739779857	0.0336412959	-0.0016454178	-0.1141782991	-0.0139438953	-0.0741565499	-0.0896085489	-0.0704523198	0.0197925185	0.1323546063	0.0322136835	-0.027538866	-0.0102046878	-0.0108856809	0.0399377843	0.0141588225	-0.1089290722	0.0643257901	0.0765763182	-0.1242006241	-0.0090854761	-0.0002111904	0.1961453588	0.0601944559	0.0791654576	-0.1012169773	0.0462805739	0.0350463382	0.0217520318	0.0008694769	-0.0459547205	-0.1018401761	0.0282122327	-0.0526219771	-0.0568237412	0.0283108416	-0.0560976472	0.0742061129	0.0669074397	0.0022071339	0.1038414364	-0.026191565	-0.0232226144	0.0915801982	0.2022925419	0.0358548747	0.044635396	-0.0490865234	-0.05478045	-0.1301995883	0.022461624	-0.0791261307	-0.0399446781	-0.0726702721	0.0669109279	-0.0081997159	0.059088185	-0.0203148144	-0.0838692081	0.1243903179	-0.0121612875	-0.0923142671	0.0484551059	0.0015033003	0.0612265021	-0.0693289601	0.073189151	-0.0575043965	-0.1506558565	0.0125053224	-0.0545141215	0.1000661475	0.01413418	0.0907748408	-0.0087899932	0.0322893179	-0.0084646286	0.065947669	-0.011866158	-0.063911641	0.1469818899	0.0173804266	-0.0436923294	0.2053261796	-0.1255819627	0.0201525589	0.0214216732	-0.076648401	0.0026011708	-0.0492818177	-0.1193073055	-0.0528277619	-0.1083720176	0.0611129543	0.0175244868	-0.0429295184	-0.1078724055	-0.0191296464	0.0462176351	-0.0888126384	-0.0642495236	0.0246502354	-0.0219393898	0.0524433542	-0.0503919213	0.0917436059	0.2054612903	-0.0232820157	0.0887360255	0.0306718955	-0.0714598621	-0.0365139059	-0.1050724821	0.1023067888	-0.0977510977	0.091485117	0.0	0.0	0.0330332013036098	0.0056294861102373	3.1691113865354705e-05	0.0010911923883648	0.1496385960367945	0.0164092395899188	0.0223917094238629	0.0002692631439193	0.3080321744238148	0.0249869669147316	0.0006243485155978	0.0948838204802634	0.0029982549952414	0.0004625088384178	8.989533016490006e-06	2.139144256146749e-07	0.0006832323360956	-3.966314109060004e-05	4.668064250866509e-07	1.573164761172845e-09	-0.0021830316142126	-0.000126111399954	1.5904085198382904e-08	4.765627028651669e-06	0.0	0.0
51.99631986633784	0.0154244971688228	0.000237915112911	2703.6172796425194	59.84821102325929	0.0968201377175077	3581.8083626845746	0.0093741390676371	56.80087833438846	0.0294352418227177	3226.339779558	0.0008664334611618	57.52694400140193	51.03942130531013	0.997839	32.774101	0.109245261677412	0.0523994420778075	-0.0200833571	0.0965529146	-0.0327294161	-0.1172406684	-0.0844255184	-0.0226266922	-0.0103614778	0.108973611	0.0393282529	0.1187758702	0.0172264306	-0.0166107946	0.0924351107	-0.0101368572	-0.0125691351	-0.1145936111	-0.073433927	-0.0210219441	-0.0640708817	0.1175048415	0.0506056854	0.0643894429	-0.0702028825	-0.1096313335	0.0385962546	0.07443798	-0.076968855	-0.0565156471	0.0461931528	-0.0239058051	0.0453868148	0.1025536419	-0.0922469178	-0.0626433005	-0.0638469986	-0.0470091277	-0.0031094201	0.0356845347	-0.0756238018	0.0550691484	0.0234316588	0.0289745576	0.0098199347	-0.0487479684	0.0853223734	-0.0049702139	-0.0683953024	-0.0559476096	0.0276633388	-0.0956571881	0.0168489404	0.0712836357	-0.1230332263	-0.0559625721	0.0853597893	-0.0184140825	0.0389092494	-0.1223049161	0.0485504443	0.0445630648	-0.0281858055	0.0385539137	0.1288946121	0.0465589146	0.0425085419	0.0800198049	0.0077502756	0.0169163339	-0.0544380756	0.0511393876	0.0618553715	-0.0702281641	0.235792576	0.0687034136	0.1068238438	0.0272478366	-0.0723218495	0.0829379709	-0.0631456933	0.0159964644	0.0973169203	0.0510009836	-0.0403981591	0.0033922082	-0.0592247701	0.0197221221	-0.070952434	0.0804340875	0.1256946768	-0.0302840503	0.0460552975	-0.0312028237	-0.0353416729	0.0189625519	0.101224005	-0.0355252518	-0.0248902993	-0.0143968632	0.0941632687	-0.0048753876	-0.1714629403	-0.122836673	0.0067999643	0.0403806514	-0.1102232177	-0.0969194906	0.0785098361	-0.0449829625	0.0222560479	0.0183884801	0.0106233172	0.0774010793	0.03657236	-0.1017297154	0.0453978528	-0.002986093	-0.0637778972	0.0470122834	-0.0404710198	0.0051352507	-0.0557659274	-0.001704057	0.0442317043	0.0501490412	-0.0333360352	0.0437814797	0.1768794169	0.0022398362	0.0076861877	-0.0577933009	-0.0845624135	-0.1137896869	0.0265359026	0.0094537054	0.0157708768	-0.1738706406	0.0103614423	0.0351915713	0.1063338383	-0.0071759673	-0.1193329297	0.0272556038	0.057493103	0.0693333419	0.1561679459	0.1512081423	0.0763562049	-0.1094876238	-0.013050829	-0.0361791326	0.0732024437	-0.0480661492	-0.055071651	0.0390649978	0.051600643	-0.0682710273	0.0898646311	-0.2332474118	-0.1492631886	-0.0962147675	-0.0281440381	0.0060755287	0.03098379	-0.105303025	0.1032218959	-0.0997837604	0.0950338178	0.0	0.0	0.0191287142297653	-0.0139044870738445	0.0001933347607867	0.000365907708084	0.1187415838678163	-0.0308970121689781	0.0140995637394376	0.0009546253609699	0.3205714405991742	0.0125392661753593	0.0001572331962165	0.1027660485278298	0.0023012864137583	-0.0006969685814831	5.295919158148536e-06	4.857652035745646e-07	0.0007992472995073	0.0001160149634117	6.387962457697118e-07	1.3459471735418097e-08	-0.0019579252339228	0.0002251063802897	5.0672882447175945e-08	3.8334712216316514e-06	0.0	0.0
52.07479514727642	0.0784752809385764	0.0061583697183885	2711.7842896308034	60.3574383169572	0.5092272936979114	3643.020360185293	0.2593124366468989	56.782433034704745	-0.0184452996837123	3224.2447013407286	0.0003402290804219	57.54952594426673	51.93181267337426	1.024204	33.640057	0.0930470755205769	0.0498196217365864	0.1250385046	-0.0229370424	0.0915248096	-0.0036763851	-0.0509809851	0.0263565307	0.0964855371	-0.0178319434	-0.0576329894	0.0151056736	-0.0063058116	0.0864169747	-0.0607519066	-0.0625613516	0.0395725754	0.0288416542	0.0214836464	0.003360665	-0.0595062746	0.1616616744	0.0522368609	0.0384747394	-0.0656682442	-0.1430779647	0.0889286743	0.1461165177	-0.1327700908	-0.0449975595	0.1515080672	-0.0248758429	0.1143314582	-0.1098503607	-0.0002685446	-0.0803195839	-0.1111404309	-0.007807966	0.102289209	0.008282379	-0.0835787568	0.0121009015	0.0655207566	-0.1124168382	0.0397768434	-0.1188126359	-0.0049102056	-0.0765352485	-0.0662011663	-0.0466103174	0.0659342212	0.0827514161	0.0636640869	0.1427637113	0.0734695976	-0.0292372447	-0.0261985072	-0.0164830742	0.0418360352	-0.0513869737	-0.0041969489	0.0142722659	-0.0321035646	-0.0628026702	0.0659018256	0.0122620485	0.0490064821	-0.053265134	0.0627779821	-0.0072392012	0.0835651237	-0.0783949384	-0.0335289582	-0.0775561378	0.0045970665	-0.0477221813	-0.0030278293	-0.0224884816	-0.1853542293	-0.1104192202	-0.1094405355	-0.1046656113	-0.0268227705	0.0346589795	-0.1199856881	0.0303516891	-0.1817137993	-0.0201985544	-0.0216768174	0.2313901791	0.1223911501	-0.0568141198	-0.0271674328	0.0300762866	-0.0301272606	0.1214605969	-0.1042532679	0.0595360075	-0.0457894259	-0.0464391581	0.0089274863	0.0079169956	-0.0274526457	-0.0350320342	-0.0309230261	-0.0542431985	-0.0432664269	-0.1809472231	0.027653611	0.1051511795	-0.0969697281	0.139271934	0.0201944072	-0.046926361	0.0468799413	-0.0270773317	-0.0411628393	-0.0486561735	-0.0315855326	0.0054960895	-0.0401004114	0.1036769391	-0.0261105523	-0.0949393967	0.0474693165	0.0368017996	-0.029604571	0.1376485712	-0.068111311	-0.0391898405	0.1234944617	0.0041298421	-0.0419901417	0.038061665	0.0071378496	-0.025410803	-0.0584625721	0.0473389974	-0.132245121	0.0002521025	0.1119145753	-0.1319206241	-0.0591150196	0.0681383496	0.1992876337	-0.0766297793	0.1176696892	-0.0430763143	-0.0225978971	-0.0118876575	-0.0200945126	0.0305952492	-0.0392721952	-0.1497206096	0.0449259621	0.0528856189	-0.0891924984	-0.0559057419	0.1870569151	-0.1512841813	-0.0013719001	0.0923692677	-0.0677061214	-0.1634845298	-0.0173024388	-0.1055007667	0.1040084014	-0.1015367435	0.0981090648	0.0	0.0	0.0190601033487212	-6.861088104409899e-05	4.707452997647502e-09	0.0003632875396639	0.1092066429779379	-0.0095349408898783	0.0119260908705107	9.091509777347509e-05	0.3633176557314286	0.0427462151322544	0.0018272389081329	0.1319997189661808	0.0020890980569791	-0.0002121883567791	4.364330691673851e-06	4.5023898752656993e-08	0.0005236184982269	-0.0002756288012804	2.741763316853941e-07	7.597123609527029e-08	-0.0022840542482112	-0.0003261290142884	1.063601339607234e-07	5.21690380877163e-06	0.0	0.0
52.042194540471534	-0.032600606804884	0.0010627995640466	2708.390012588285	59.83700496755182	-0.5204333494053799	3580.4671634868214	0.2708508711733022	56.76733791399345	-0.0150951207112939	3222.5306538415184	0.0002278626692885	57.47249351233862	51.1629781229536	1.067838	35.073231	0.1149892006836662	0.0657289229927579	-0.057119652	-0.1182951005	-0.1555126225	-0.0308716157	0.0018670916	0.1046064379	-0.0967055816	-0.0190389008	0.1730250351	0.0522227433	0.0611353336	0.0517068373	-0.0890920305	-0.0351570794	0.0518897796	0.1092199764	0.0516116682	0.0870102447	0.0397850885	0.0048624156	0.0910203128	-0.0498311406	-0.0793915675	-0.0652831768	0.051585693	0.0065929584	0.0280694747	-0.0060083939	0.1063491426	-0.0330205613	-0.0712417122	-0.0404625865	-0.047046968	-0.02575759	-0.0409369766	-0.0234824894	-0.098657466	-0.0702019163	0.0052748543	0.1688343992	-0.0192114292	-0.0131405842	-0.0149759852	0.0840067324	-0.1512316896	-0.0082886507	0.0381667548	0.0718294381	0.0835951126	-0.0265823065	0.0133536114	-0.0325355805	-0.0185784623	0.0095785615	-0.0702597296	0.0321185206	-0.015819689	0.0759443671	-0.026816728	-0.0694960433	-0.0166279848	0.0610752073	0.065041226	-0.0559363487	0.0074141114	0.2563733301	0.1156461026	-0.1357814971	0.0202899307	0.0128083152	-0.0092690268	-0.0733777583	-0.1042284072	0.015786427	-0.0209321172	0.1033040152	0.2176004923	0.0548032003	0.0159907152	0.1066775933	-0.0385453048	0.0652385854	-0.0167086034	-0.084136511	0.058045247	-0.0340774578	0.0719636588	0.1062556203	-0.0088300154	-0.0258900903	0.028080884	-0.093435029	-0.010226666	0.0931482947	0.048173294	-0.0120477366	-0.0276474476	0.0845234962	-0.0276320746	-0.1073292417	0.0895742832	-0.0014823797	-0.0344542814	-0.1366518756	-0.0660076017	-0.0492508272	-0.0604734574	-0.0074688794	-0.0282076929	-0.0017465978	0.0147703915	0.0815305812	-0.0326160422	0.0268094396	0.1579364885	0.0802239006	0.0166498055	-0.0079656563	0.0567633292	-0.0530971258	0.0829815068	0.0849762111	0.002111958	-0.1567723909	0.0440074851	-0.0944905315	0.1055292602	-0.0479212446	-0.0791461815	-0.0199123424	-0.0360262936	0.1573913895	-0.0361174426	0.0777018268	-0.1589242416	-0.1069742342	-0.0160804346	0.0835740791	-0.02203293	-0.0896469323	-0.0135552768	-0.0922464978	0.0283164482	0.0213540131	0.0265866393	0.0138026508	0.0465985356	-0.0218267596	-0.0420087347	-0.0690997684	0.1041162259	0.0697280213	-0.0840187763	0.0093989835	-0.0542757778	-0.0678809177	0.1345548195	-0.0823569848	0.0189802484	0.0723844681	0.1047720814	-0.1945226477	0.0484109814	-0.1056656457	0.1046653254	-0.1030051337	0.1006955375	0.0	0.0	0.0229030241819145	0.0038429208331932	1.4768040530191076e-05	0.0005245485166773	0.1338986170353422	0.0246919740574042	0.0179288396439772	0.0006096935828515	0.304864480015155	-0.0584531757162736	0.0034167737513175	0.0929423511749108	0.0024465460253821	0.000357447968403	5.985587454312951e-06	1.2776905011543212e-07	0.00052295073269	-6.677655368999159e-07	2.734774688210079e-07	4.4591081227123294e-13	-0.0020821473806152	0.000201906867596	4.0766383182428764e-08	4.335337714602738e-06	0.0	0.0
52.06707221808912	0.0248776776175887	0.0006188988436446	2710.980009363708	59.88601444111789	0.0490094735660662	3586.33472564178	0.0024019284992229	56.78621722125321	0.018879307259759	3224.6744662993547	0.0003564282426083	57.51326620775031	50.63845263912691	1.042754	34.249336	0.0516866167274305	0.0269535400088547	-0.0876971169	0.0482710693	0.09974938	0.1392854548	0.1009119492	0.0899835702	-0.0884520804	0.0685533575	-0.0829741954	-0.0286115197	-0.1109501148	0.1946231874	0.0470926666	-0.0487649142	0.0665107509	-0.0383509383	-0.0231071105	0.0532911145	-0.0242767954	-0.1091068521	-0.0753542407	0.0048951511	-0.0846486658	-0.0499664333	-0.1459263734	-0.0241762951	-0.0140163142	-0.1365026185	0.0163605044	-3.9949e-05	0.0373257463	0.0097406797	-0.0916693091	0.1103507798	0.0388411533	0.0859591376	0.0843309207	0.0288991574	0.075576427	-0.0232497523	0.1151431735	0.1206809334	0.0426880031	0.0423020862	-0.0988962581	0.0159533393	0.0208695371	-0.0110173894	0.0458347411	0.0876752124	-0.1152637184	0.0580427261	-0.1141222259	-0.0446442401	-0.1104541548	0.0025230279	0.0256549212	-0.1117321898	0.0477377154	-0.1445765548	-0.0560440709	-0.0303743849	-0.1413440152	-0.0247474516	0.0338587502	-0.1894903152	0.0059113784	-0.0173955747	-0.0694330357	0.009179015	0.0057804324	0.1908069177	-0.0925303639	0.0731531999	-0.0034742879	-0.0406978041	0.0867243015	0.0136458166	-0.0723050981	0.0686950044	-0.0193203412	-0.0561825037	-0.154918558	0.0989624463	-0.0234116107	-0.057518609	-0.0910481725	-0.0508981634	0.0671120774	-0.011679432	-0.0349762605	0.0327474792	0.1370647318	0.0850118683	0.0359955137	-0.0939133796	0.0312080111	0.053018449	0.1006700428	0.1640975289	0.0661592004	0.0266008053	-0.1007355808	0.0430255488	-0.0044830346	0.0282844436	-0.0021278675	-0.0440229773	-0.0188259628	0.0814424678	-0.0539769805	-0.0441114129	-0.1156413744	0.1455023298	0.1312462992	0.0716557846	0.0718059201	-0.1557047063	-0.0220028208	-0.0493986897	-0.0563637747	0.0809239044	0.0733977625	0.1694677352	0.0087195298	-0.1154567329	-0.0727118302	-0.0663518824	-0.0234251428	0.022313805	0.1481386599	-0.1402966222	0.0713812793	0.0122219607	0.0303118845	-0.0085223167	0.1139087117	0.1614356012	-0.0501480358	0.0171241541	-0.1093565286	-0.0639998916	-0.0581051956	-0.009550214	0.031180669	-0.2302945827	0.0143766517	0.1155650365	0.0103867975	-0.0024762477	0.0135111086	-0.0048747845	0.0483767321	-0.0040142648	0.0585351281	-0.0412965083	-0.0484857395	-0.0788009332	0.0606370884	0.0924641749	-0.0190602423	-0.1535016233	-0.0471771251	-0.1057976105	0.1051918494	-0.1041848154	0.10278035	0.0	0.0	0.0243814473933667	0.0014784232114522	2.185735192160644e-06	0.0005944549769955	0.1240494121597777	-0.0098492048755644	0.0153882566571864	9.700683668084344e-05	0.2913333725837361	-0.0135311074314188	0.0001830908683205	0.084875133981014	0.002089053037483	-0.000357492987899	4.3641425934169495e-06	1.2780123639702592e-07	0.0005689629325349	4.6012199844899966e-05	3.237188185987132e-07	2.1171225345670124e-09	-0.0019490949441793	0.0001330524364358	1.7702950841529166e-08	3.798971101425309e-06	0.0	0.0
52.14550454286746	0.0784323247783334	0.0061516295701339	2719.1536440302107	60.02228074405283	0.136266302934942	3602.674185717895	0.0185685053155573	56.77216406348798	-0.0140531577652325	3223.078612451596	0.0001974912431745	57.462955659171385	51.33999289906891	0.97453	32.00853	0.0261686263686519	0.0184036724217359	0.0265749013	0.1001122876	-0.0408034827	0.0994644115	-0.0961107818	0.1079086949	0.0229734957	0.055615543	-0.038071549	-0.0625190682	0.1115549354	0.1291331239	-0.0781855281	0.0304276723	0.0416713952	-0.0079883077	0.030540156	0.0285739321	-0.080500809	0.0112169914	-0.0358514239	0.0677271796	0.0677211204	-0.0251733704	0.0442434364	-0.0468095441	-0.0119507913	-0.0963725667	0.0979072021	-0.0754893976	-0.024330728	0.0331613021	0.0432267994	0.1160788677	0.0730581534	0.0749616491	-0.0046845711	-0.0213031593	-0.0015184982	-0.0319639766	0.0575259338	-0.0678991056	0.0458590764	-0.1115082338	-0.0055889734	-0.0896823972	-0.0429669263	0.0066976287	-0.0908475345	0.0510639698	-0.1206567721	0.0273063029	0.1599546886	-0.0558793297	0.0053811098	0.0870679748	0.012006397	-0.007260599	0.2082770943	-0.0106439171	-0.1100948017	-0.0631202916	0.0364857371	-0.028597296	-0.0144330504	0.0229415685	0.0125154152	-0.033716349	-0.0532634449	-0.0178251861	-0.0008877779	-0.1016320101	-0.1540758164	-0.0388788866	-0.0022316781	0.0287054266	0.0461452064	-0.0313707569	0.108132039	0.0376188044	0.0833276418	0.014870285	-0.0329153852	0.0351776005	-0.0667145759	-0.1349198853	0.0513948495	0.0682956368	0.0338854128	-0.0780186292	0.0678733203	-0.031994326	0.0394445631	-0.0837072135	0.0224399846	-0.1124373464	-0.0636807017	0.0274732791	0.0441318499	0.0482718446	0.1594966229	0.0914604101	0.0265820936	0.1382087987	-0.0285498088	-0.1153941863	-0.1143794352	-0.047787644	-0.0676979742	0.0470374825	-0.0728375219	-0.0681022419	-0.0097594597	-0.0336120781	0.0054959462	-0.1649834866	-0.0791661657	0.0058503768	-0.0207648386	-0.0069050723	0.0033838176	0.0643878006	-0.0718584403	0.0199933349	0.0128629983	-0.002702342	-0.1548052964	-0.0837979043	-0.0102068781	-0.0638455354	-0.0272751401	0.053005329	-0.0864263427	0.0272643701	0.0446816733	-0.001615712	-0.0110469985	-0.16853249	-0.0515971456	-0.004774557	-0.1309384448	0.0815007528	-0.0665950724	-0.013531688	0.0014805163	-0.0381966592	-0.0702391403	-0.064057129	0.0649749318	0.0091619719	-0.0046853323	0.0915594723	-0.0039707784	-0.0060670894	0.0723142469	-0.1315026915	-0.0596606656	0.0522516184	-0.0329375457	0.0835928536	-0.0116399448	-0.0613742529	0.0085629035	-0.1058966202	0.1055873175	-0.1050724821	0.104353116	0.0	0.0	0.0242033497772098	-0.0001780976161569	3.1718760880771154e-08	0.0005858021404379	0.1241263081151942	7.689595541650329e-05	0.0154073403663081	5.912987959416862e-09	0.2989366415179546	0.0076032689342185	5.7809698486052616e-05	0.0893631156420341	0.0023970127308306	0.0003079596933475	5.7456700317639705e-06	9.483917272674773e-08	0.0005236812030553	-4.528172947959998e-05	2.742420024334464e-07	2.0504350246636736e-09	-0.0019361290897493	1.296585443000004e-05	1.6811338109995168e-10	3.748595852173453e-06	0.0	0.0
52.05735957759755	-0.0881449652699046	0.0077695349024327	2709.968686191288	60.36506259377627	0.342781849723444	3643.9407819505273	0.1174993964998257	56.734527176232646	-0.0376368872553314	3218.8065739106805	0.0014165352822705	57.477309631806406	52.19643759194699	0.923641	30.33708	0.0476078149023445	0.024300506558503	0.0788835606	0.0279887091	-0.0441284717	0.0606571196	0.0392943305	0.0379607068	0.07706778	0.0070566217	-0.0440057746	-0.0331534624	-0.0670119434	0.0180432213	0.0180388001	-0.0297077115	0.0637615443	-0.0817271039	-0.0998077535	-0.0690877895	0.0328866934	0.0047034866	0.0595801355	0.0020620605	0.0681414615	0.0063655733	0.0007059665	0.0295477762	0.0997099898	-0.1229230073	-0.0168265087	0.0138909693	-0.0417484609	0.0350079737	-0.0363860642	0.1231059727	0.0294239248	0.0548929387	0.0278466227	0.030235543	-0.0718348594	-0.0687219175	-0.0964519476	-0.0073264627	-0.1404521513	0.0474860505	0.0290557944	0.0348682696	0.1000420862	-0.0943582676	-0.0762543025	0.08093484	-0.0329297494	-0.1277749656	0.0619936449	-0.107828192	0.1272634332	0.0212222733	-0.0763669866	0.0334606551	-0.0810350451	0.0209942761	-0.0416538692	0.0082437483	0.0441349782	0.1067433591	-0.0383120956	0.0538155849	-0.1165371428	-0.0274269914	-0.107245038	-0.0153943838	-0.1189605775	0.1038571188	-0.0144278863	0.0114919992	-0.0122806321	0.0405823941	0.0563509325	0.0517527946	0.0294495487	-0.0681419087	0.0326264411	0.0071626882	0.0108310602	0.0302324571	0.0677308775	-0.0218016376	-0.0076102608	-0.0076268656	0.0581662791	-0.0215831079	-0.0305678858	-0.0780646977	0.0405551735	-0.101136668	0.0107770744	-0.085874653	-0.0776723073	-0.0433128542	0.0303075723	-0.0059349453	0.0652720756	-0.031271086	0.080595302	0.0480803133	0.087763373	0.0847863922	-0.0051673946	0.0074293973	0.1012802868	-0.0318968156	-0.0890349993	0.0442617115	-0.1659131621	-0.0901456496	-0.0509503971	0.038016026	0.0518709195	0.113374247	0.0664495484	-0.0323457323	0.0120211063	-0.0853184857	0.0180383024	-0.0643340691	0.0742681186	0.0428061506	-0.0181208602	0.0329476318	0.0283852305	-0.1410019276	0.0399544654	-0.0530677013	-0.1192207563	0.0506981303	0.0045931359	0.0525954148	0.0863813142	-0.0717050007	-0.0403896361	-0.0802741473	-0.026775538	0.0631061654	-0.0376396417	0.0543429474	0.0168208406	-0.0496435078	0.0518482511	-0.0236457329	-0.0077293278	-0.0481362009	0.0903737974	-0.0517740338	0.0271678173	-0.0510587182	0.1555596398	-0.0520917889	-0.0149037166	0.0461468192	0.0224541932	0.0559808104	0.0673934529	-0.0431636748	0.0004032546	-0.1059626437	0.1058512369	-0.1056656457	0.1054060001	0.0	0.0	0.022674604662086	-0.0015287451151237	2.3370616270148725e-06	0.0005141376965818	0.114009436772406	-0.0101168713427882	0.0129981516731612	0.0001023510857665	0.2885072559214521	-0.0104293855965025	0.0001087720839205	0.0832364367193262	0.0020883248787869	-0.0003086878520437	4.36110079936032e-06	9.528818999935329e-08	0.0003339909847042	-0.0001896902183511	1.1154997786368117e-07	3.5982378938088e-08	-0.0019238509031855	1.2278186563799896e-05	1.507538652954763e-10	3.701202297687665e-06	0.0	0.0
52.0747856178807	0.0174260402831478	0.0003036668799498	2711.7832971482344	59.95799743172957	-0.407065162046706	3594.961456023289	0.165702046152111	56.79416465073181	0.0596374744991621	3225.5771383744345	0.0035566283646382	57.481306107452106	51.53979494911332	0.924244	30.356873	0.0786619927407094	0.0446346616546736	0.0252374798	-0.0892642123	-0.0495759436	0.034727232	-0.0566439265	0.1671032712	-0.062937211	-0.0611852389	0.0980158613	0.0519053589	0.015795403	0.0919987054	-0.0923264285	-0.0810052445	0.0924331727	-0.0905116866	-0.0453920439	-0.0408232075	0.1681732855	0.0721504273	-0.0559504333	-0.0966017575	-0.1210223816	0.0176852301	-0.1213162822	0.0602094801	0.0311714119	-0.0052908963	-0.0302495726	0.0437967052	-0.0351833901	-0.0884035382	-0.0362192269	-0.0344833897	-0.0020107344	0.0736137861	-0.0122792526	0.0716480377	0.030759211	0.0664837216	-0.0092450722	0.0117631396	0.039719648	0.0856659233	0.0872974391	0.0321969421	-0.0661088834	-0.0052656731	0.0275130746	-0.0024783987	0.0233268255	-0.1222663555	0.0059929519	-0.0207935372	0.0588578931	0.0812371779	0.1421368616	-0.0540407775	-0.1264863918	0.0809354527	0.0047358265	-0.1038390043	0.0685345058	0.0234700161	0.0993519091	-0.0348902415	-0.0603374393	-0.080941151	-0.0132354137	0.1120918111	-0.0095654658	0.0189061005	0.1068439803	0.0813700906	-0.0359076381	-0.0761191667	0.1328388777	-0.0816923376	0.0531750429	0.1575849438	-0.0881098297	-0.0494163182	-0.1071246924	-0.0393425535	0.1135974796	0.0327118508	-0.006557511	0.0518786182	0.0397666081	-0.018535379	-0.0124633205	-0.0868611401	0.0562616406	0.0478990405	-0.0346297997	0.0647188697	0.1246479249	-0.0618696029	0.029498396	0.0068947268	-0.0523805048	-0.0508674416	0.1098268654	-0.0596657919	0.0342605094	0.080846441	0.0560217419	-0.107845322	0.0057469483	-0.0387306435	0.0438533125	-0.0732067578	0.031957489	-0.0041269204	-0.0002310303	-0.0191769621	0.0966140635	0.0720806395	-0.0535767295	0.0678687243	-0.0204777213	-0.1287982494	0.1185924472	0.0627918273	-0.0517361957	-0.0319101371	0.0751565374	-0.0109580171	-0.041686982	-0.0010736862	-0.05401307	0.0368736257	-0.1983120579	-0.004772687	0.0070790835	-0.025406604	-0.0502107569	-0.0844820299	0.0259000787	-0.1313676769	-0.0443165262	-0.0230155162	0.0723891828	-0.0143135936	0.0370804367	-0.0368570861	-0.0115916435	-0.0473549771	-0.0728550088	0.0182211593	0.022137519	-0.0550611285	-0.0264721769	-0.1013537582	0.0204423719	-0.1821472722	0.0052089294	-0.0519203256	0.0633368087	0.0894683533	0.0640306004	0.0044658951	0.0024409456	-0.1059956606	0.1059832789	-0.1059626437	0.1059337567	0.0	0.0	0.0176265609706121	-0.0050480436914739	2.548274511102945e-05	0.0003106956516507	0.1172773322617075	0.0032678954893014	0.0137539726624229	1.0679140928997058e-05	0.3286878306664462	0.040180574744994	0.001614478586838	0.1080356900282144	0.0021726650262899	8.434014750299985e-05	4.720473316463291e-06	7.1132604808277724e-09	0.0006076457133239	0.0002736547286197	3.692333129209113e-07	7.488691049592166e-08	-0.0021691656033616	-0.0002453147001761	6.017930212248984e-08	4.705279414807094e-06	0.0	0.0
