#!ascii label  , from subject sub-v1s10x0051062_ses-1 vox2ras=TkReg
2683
29846  -6.797  -44.379  51.016 0.4444440007
29046  -6.084  -45.087  50.997 0.4444440007
29047  -7.066  -44.872  50.782 0.4444440007
29053  -7.093  -45.402  49.833 0.4444440007
106749  -7.563  -45.035  50.353 0.4444440007
29048  -7.940  -44.566  50.595 0.5555559993
28282  -6.407  -46.719  48.613 0.4444440007
29060  -6.622  -45.970  49.076 0.4444440007
29054  -7.988  -45.161  49.764 0.4444440007
27561  -7.129  -47.523  47.627 0.4444440007
27564  -6.715  -46.958  47.932 0.4444440007
29062  -8.115  -45.410  48.736 0.4444440007
26827  -7.456  -48.260  47.646 0.3333329856
26833  -7.534  -47.925  46.787 0.4444440007
28286  -7.297  -46.695  47.476 0.4444440007
28283  -7.044  -46.336  48.232 0.4444440007
26828  -8.211  -48.701  47.726 0.3333329856
92760  -8.756  -48.924  47.022 0.3333329856
26834  -7.909  -48.444  46.787 0.3333329856
26013  -10.218  -49.509  46.391 0.3333329856
26835  -9.250  -49.107  46.217 0.3333329856
30614  -6.575  -43.956  50.975 0.5555559993
92390  -7.622  -43.775  50.715 0.4444440007
30616  -8.130  -43.937  51.045 0.4444440007
29847  -7.634  -44.126  51.005 0.5555559993
95019  -8.754  -44.546  50.269 0.5555559993
29851  -10.118  -44.139  50.150 0.4444440007
29071  -7.797  -45.842  47.843 0.4444440007
91245  -8.862  -45.094  49.336 0.5555559993
90118  -9.618  -44.555  49.917 0.4444440007
28287  -7.997  -46.357  46.886 0.4444440007
29072  -8.714  -45.356  48.182 0.4444440007
90314  -9.795  -45.032  48.783 0.5555559993
28293  -7.516  -47.190  46.825 0.5555559993
105346  -8.508  -45.699  47.317 0.5555559993
29073  -9.417  -45.369  47.367 0.5555559993
29074  -10.488  -45.106  47.864 0.6666669846
95765  -8.456  -48.594  46.068 0.3333329856
26838  -7.959  -48.095  46.090 0.4444440007
28294  -8.346  -46.444  46.082 0.5555559993
29083  -9.463  -45.518  46.422 0.5555559993
26840  -8.959  -48.724  45.342 0.3333329856
27571  -8.170  -47.604  45.585 0.4444440007
28300  -9.076  -45.901  45.710 0.5555559993
26020  -9.697  -49.217  45.471 0.3333329856
26029  -9.430  -48.855  44.656 0.3333329856
29117  -10.504  -45.632  43.647 0.3333329856
30623  -8.403  -43.511  50.283 0.4444440007
29848  -8.505  -43.865  50.770 0.5555559993
30638  -9.336  -43.495  50.108 0.3333329856
29849  -9.414  -44.004  50.504 0.4444440007
30624  -10.042  -43.453  50.017 0.3333329856
30617  -10.133  -43.914  50.275 0.4444440007
29852  -10.816  -44.073  49.978 0.4444440007
29056  -11.286  -44.312  49.422 0.4444440007
103140  -11.328  -45.038  48.222 0.6666669846
29084  -10.316  -45.268  46.674 0.6666669846
29085  -11.292  -45.173  46.338 0.6666669846
29075  -11.258  -45.121  47.315 0.6666669846
34775  -26.352  -38.657  44.295 0.7777780294
94512  -27.232  -38.186  44.103 0.7777780294
29096  -9.830  -45.608  45.171 0.4444440007
90600  -9.832  -45.476  45.917 0.4444440007
29097  -10.553  -45.322  45.713 0.5555559993
35585  -27.671  -37.218  44.088 0.8888890147
91984  -9.201  -46.260  44.804 0.4444440007
107631  -10.559  -45.485  44.187 0.3333329856
104946  -10.688  -43.571  49.922 0.3333329856
30625  -11.087  -43.844  49.874 0.4444440007
29853  -11.335  -44.067  49.619 0.4444440007
29065  -12.838  -44.437  48.471 0.6666669846
29064  -11.775  -44.608  48.760 0.6666669846
33006  -23.686  -40.096  44.578 0.6666669846
91244  -12.081  -45.052  47.991 0.6666669846
90556  -12.120  -45.118  46.970 0.6666669846
33915  -24.530  -40.103  44.378 0.7777780294
33916  -25.175  -39.689  44.344 0.7777780294
34767  -25.646  -38.202  44.440 0.7777780294
90555  -12.159  -45.169  46.027 0.6666669846
101927  -25.839  -37.421  44.423 0.7777780294
35577  -26.602  -37.623  44.320 0.7777780294
35578  -26.997  -36.884  44.249 0.7777780294
37380  -28.878  -36.266  43.869 0.8888890147
36436  -29.438  -36.515  43.692 0.8888890147
29106  -11.211  -45.310  44.091 0.3333329856
91345  -11.537  -45.212  44.782 0.4444440007
29119  -11.835  -45.230  43.670 0.4444440007
34777  -28.050  -37.812  43.864 0.7777780294
35594  -28.722  -37.567  43.691 0.6666669846
31355  -11.416  -43.311  49.491 0.3333329856
95986  -12.106  -43.777  49.213 0.4444440007
31365  -10.560  -42.988  49.413 0.3333329856
30626  -11.819  -43.728  49.419 0.3333329856
29057  -12.060  -44.090  49.150 0.5555559993
33012  -23.425  -40.865  44.358 0.6666669846
90313  -12.951  -45.053  47.628 0.6666669846
32202  -23.103  -41.485  44.017 0.7777780294
90554  -12.977  -45.200  45.661 0.6666669846
29086  -12.995  -45.175  46.604 0.6666669846
31417  -23.689  -41.918  43.474 0.4444440007
33013  -24.313  -40.706  44.185 0.6666669846
34774  -25.643  -39.007  44.402 0.8888890147
104931  -12.193  -45.180  45.201 0.5555559993
103249  -12.879  -45.206  44.932 0.5555559993
34766  -24.829  -38.175  44.497 0.7777780294
35576  -25.111  -37.552  44.432 0.7777780294
95830  -13.200  -45.209  44.308 0.3333329856
32211  -24.621  -41.690  43.291 0.3333329856
102135  -24.753  -37.061  44.223 0.6666669846
36424  -25.442  -36.905  44.320 0.6666669846
36432  -25.836  -36.464  44.176 0.6666669846
36433  -26.687  -36.446  44.261 0.6666669846
102602  -28.251  -36.265  44.051 0.8888890147
107320  -29.473  -36.021  43.718 0.8888890147
100612  -11.975  -45.259  43.010 0.2222220004
104174  -12.601  -45.198  43.634 0.3333329856
37375  -24.798  -36.577  43.582 0.6666669846
37376  -25.431  -36.354  43.862 0.6666669846
37387  -25.840  -36.095  43.630 0.6666669846
35587  -28.910  -36.872  43.799 0.7777780294
35595  -29.403  -37.339  43.465 0.7777780294
98109  -29.988  -36.670  43.403 0.8888890147
29141  -12.398  -45.420  41.421 0.2222220004
95827  -13.801  -45.282  42.774 0.2222220004
34785  -29.235  -38.154  42.976 0.5555559993
108934  -30.025  -37.207  43.113 0.6666669846
34793  -30.388  -37.405  42.664 0.6666669846
29142  -13.362  -45.407  41.340 0.1111110002
34792  -30.143  -38.067  42.262 0.6666669846
29855  -13.254  -43.663  48.840 0.5555559993
29863  -14.236  -44.247  48.346 0.6666669846
29862  -13.460  -43.979  48.636 0.6666669846
90635  -14.853  -45.024  47.409 0.6666669846
33005  -22.691  -40.361  44.762 0.6666669846
33901  -22.831  -39.585  44.740 0.6666669846
29066  -13.829  -44.357  48.237 0.6666669846
29087  -13.908  -45.087  47.234 0.5555559993
90553  -13.830  -45.218  46.140 0.5555559993
29108  -13.794  -45.248  45.127 0.4444440007
31428  -23.101  -42.457  43.056 0.3333329856
34765  -24.181  -38.569  44.504 0.7777780294
95829  -14.168  -45.261  44.247 0.3333329856
31436  -22.738  -42.735  42.363 0.3333329856
35575  -24.211  -37.697  44.323 0.6666669846
37390  -29.226  -35.695  43.723 0.8888890147
38367  -29.784  -35.398  43.458 0.8888890147
91907  -30.442  -35.547  43.170 0.8888890147
29120  -13.522  -45.224  43.551 0.3333329856
29121  -14.483  -45.289  43.441 0.3333329856
31449  -22.729  -42.662  41.516 0.3333329856
31437  -24.274  -42.231  42.202 0.3333329856
91661  -24.244  -36.740  43.515 0.6666669846
102690  -26.367  -35.896  43.363 0.6666669846
37388  -26.813  -35.890  43.886 0.7777780294
96514  -29.965  -36.046  43.544 0.8888890147
36444  -30.519  -36.122  43.200 0.8888890147
36451  -31.111  -36.366  42.745 0.8888890147
91543  -14.064  -45.419  41.995 0.2222220004
31464  -23.545  -42.154  41.147 0.3333329856
37386  -25.013  -36.441  43.426 0.6666669846
97319  -25.279  -36.301  43.103 0.6666669846
35596  -30.494  -36.808  42.950 0.7777780294
90990  -14.315  -45.511  41.209 0.2222220004
35602  -31.019  -37.058  42.450 0.6666669846
29154  -13.597  -45.503  40.522 0.2222220004
30630  -15.161  -43.316  48.672 0.6666669846
29865  -16.237  -43.695  48.254 0.6666669846
30629  -14.379  -43.363  48.764 0.4444440007
104686  -14.934  -44.062  48.337 0.6666669846
29874  -16.409  -44.271  47.776 0.6666669846
32193  -21.594  -41.309  44.931 0.6666669846
29078  -15.719  -44.783  47.470 0.5555559993
106316  -16.459  -44.731  47.165 0.6666669846
32201  -22.135  -41.670  44.279 0.6666669846
33900  -21.890  -39.953  45.062 0.5555559993
108475  -15.333  -45.114  46.853 0.5555559993
95828  -15.143  -45.322  44.124 0.4444440007
29099  -14.649  -45.253  45.729 0.4444440007
31415  -21.745  -42.229  43.961 0.4444440007
90729  -22.218  -42.418  43.398 0.4444440007
95872  -23.466  -39.026  44.567 0.5555559993
29109  -14.833  -45.299  44.924 0.3333329856
94230  -21.255  -43.246  42.049 0.3333329856
31427  -22.109  -42.743  42.933 0.4444440007
91672  -23.360  -38.320  44.305 0.6666669846
36430  -23.675  -37.027  43.554 0.4444440007
102069  -30.376  -35.234  43.100 0.8888890147
37392  -31.124  -35.569  42.826 0.8888890147
95826  -14.761  -45.380  42.639 0.2222220004
30702  -21.270  -43.221  41.257 0.3333329856
37401  -23.650  -36.670  42.464 0.4444440007
37404  -26.878  -35.751  43.018 0.6666669846
38366  -29.324  -35.278  43.398 0.7777780294
36452  -31.682  -35.941  42.535 0.8888890147
31462  -21.768  -42.544  40.198 0.3333329856
31463  -22.552  -42.377  40.656 0.3333329856
37417  -24.165  -36.647  42.166 0.5555559993
36460  -24.795  -36.759  41.640 0.5555559993
37419  -26.403  -36.139  42.163 0.6666669846
107182  -14.053  -45.566  40.071 0.1111110002
29155  -14.554  -45.579  40.451 0.2222220004
31479  -22.274  -42.000  39.796 0.3333329856
29164  -13.585  -45.691  39.027 0.1111110002
90684  -14.554  -45.588  39.554 0.1111110002
31478  -21.539  -42.237  39.418 0.3333329856
106108  -14.280  -45.628  38.739 0.1111110002
30639  -15.944  -43.258  48.509 0.6666669846
32192  -20.775  -41.588  45.375 0.6666669846
32185  -21.002  -40.879  45.490 0.6666669846
98995  -17.087  -44.311  47.268 0.6666669846
31404  -20.461  -42.267  45.166 0.6666669846
98819  -16.376  -45.171  45.645 0.4444440007
29883  -16.855  -44.840  46.513 0.5555559993
31414  -20.772  -42.594  44.324 0.5555559993
31405  -21.237  -41.962  44.661 0.5555559993
106588  -16.973  -45.085  45.256 0.4444440007
30676  -20.588  -43.013  43.658 0.4444440007
29110  -15.768  -45.300  44.827 0.4444440007
29124  -17.043  -45.073  43.988 0.4444440007
30685  -21.148  -43.026  42.852 0.4444440007
29122  -15.462  -45.353  43.291 0.2222220004
96939  -16.109  -45.288  44.008 0.2222220004
29123  -16.510  -45.285  43.060 0.2222220004
38375  -30.505  -34.827  42.704 0.8888890147
39189  -30.914  -34.863  42.678 1.0000000000
104576  -15.690  -45.469  42.455 0.2222220004
103342  -16.417  -45.442  42.201 0.2222220004
30712  -19.847  -43.542  40.113 0.3333329856
37406  -29.088  -34.960  42.811 0.7777780294
38374  -29.860  -35.034  43.120 0.8888890147
38368  -31.031  -34.990  42.716 1.0000000000
108879  -31.605  -35.420  42.582 0.8888890147
91344  -15.005  -45.531  41.845 0.2222220004
29143  -15.877  -45.559  41.670 0.2222220004
30713  -20.521  -43.018  39.815 0.3333329856
30708  -21.211  -42.987  40.466 0.3333329856
37421  -28.247  -35.436  42.242 0.7777780294
37407  -32.067  -35.340  42.326 0.8888890147
90552  -15.238  -45.615  41.060 0.2222220004
102809  -16.107  -45.522  40.903 0.2222220004
109267  -20.218  -42.726  39.057 0.3333329856
30714  -21.178  -42.676  39.819 0.3333329856
29156  -15.439  -45.554  40.254 0.2222220004
29165  -15.686  -45.409  39.415 0.2222220004
31491  -20.422  -42.344  38.310 0.3333329856
31477  -20.847  -42.499  39.172 0.3333329856
35609  -32.163  -36.870  41.574 0.6666669846
36466  -32.212  -36.137  42.071 0.7777780294
103357  -32.672  -36.639  41.000 0.5555559993
30640  -16.766  -43.167  48.238 0.6666669846
30641  -17.495  -43.078  47.913 0.6666669846
29885  -18.303  -43.846  46.291 0.4444440007
30661  -19.119  -42.885  46.261 0.6666669846
29900  -18.290  -44.391  44.725 0.4444440007
29894  -18.775  -43.873  45.331 0.4444440007
93609  -19.308  -43.562  44.729 0.4444440007
95477  -20.054  -42.755  44.967 0.5555559993
29904  -17.905  -44.728  44.029 0.4444440007
29905  -18.493  -44.328  44.047 0.4444440007
93150  -19.979  -43.342  43.736 0.4444440007
29913  -17.509  -44.948  43.205 0.4444440007
30692  -19.762  -43.790  42.593 0.4444440007
29134  -17.233  -45.197  42.273 0.3333329856
30700  -19.884  -43.904  41.776 0.3333329856
38385  -29.770  -34.779  42.331 0.8888890147
92689  -16.927  -45.313  40.778 0.2222220004
30706  -19.923  -43.861  40.953 0.3333329856
104907  -31.262  -34.596  42.414 1.0000000000
38376  -31.560  -34.523  42.310 0.8888890147
29144  -16.690  -45.434  41.539 0.2222220004
29166  -16.579  -45.001  39.245 0.2222220004
91097  -19.740  -43.129  39.331 0.3333329856
36467  -32.633  -35.531  41.832 0.8888890147
99959  -17.137  -44.983  40.041 0.2222220004
30720  -19.703  -42.773  38.588 0.3333329856
90043  -32.706  -36.174  41.494 0.8888890147
35628  -32.644  -37.712  39.761 0.2222220004
35618  -32.960  -36.908  40.283 0.6666669846
30651  -18.112  -42.880  47.518 0.6666669846
99119  -18.508  -43.229  46.784 0.6666669846
96669  -18.554  -44.581  42.378 0.4444440007
29906  -18.963  -44.001  43.693 0.4444440007
30683  -19.585  -43.670  43.357 0.4444440007
107252  -17.946  -44.838  42.603 0.3333329856
29914  -19.062  -44.107  42.889 0.4444440007
29920  -17.998  -44.943  41.910 0.3333329856
29921  -18.624  -44.671  41.595 0.3333329856
29922  -19.208  -44.278  42.070 0.3333329856
39193  -31.004  -34.432  42.344 0.8888890147
29927  -17.685  -44.995  40.701 0.2222220004
29928  -18.476  -44.596  40.731 0.3333329856
39201  -31.165  -34.040  41.983 0.8888890147
39194  -31.562  -34.257  42.195 1.0000000000
29934  -17.858  -44.631  40.023 0.2222220004
29935  -18.478  -44.203  39.845 0.3333329856
37408  -32.442  -34.871  41.954 0.8888890147
29942  -18.261  -43.915  39.084 0.2222220004
29936  -19.051  -43.629  39.466 0.3333329856
29167  -17.368  -44.616  39.377 0.2222220004
29941  -17.628  -44.220  38.844 0.2222220004
89993  -33.100  -35.626  41.396 0.7777780294
36493  -33.606  -36.559  39.934 0.5555559993
39202  -31.898  -33.699  41.789 1.0000000000
39195  -32.058  -34.030  41.903 0.8888890147
38378  -32.514  -34.228  41.744 0.8888890147
37436  -33.633  -35.303  41.059 0.7777780294
36481  -33.931  -35.738  40.333 0.7777780294
90583  -34.496  -36.708  38.754 0.5555559993
35644  -35.067  -36.767  38.153 0.3333329856
35655  -35.405  -37.629  37.488 0.2222220004
39203  -32.592  -33.440  41.447 1.0000000000
39196  -32.660  -33.666  41.495 0.8888890147
38387  -33.319  -33.829  41.316 1.0000000000
37424  -33.743  -34.524  41.161 0.8888890147
38397  -34.145  -33.843  40.934 0.8888890147
37437  -34.298  -34.794  40.618 0.8888890147
37453  -34.563  -35.437  39.800 0.7777780294
36495  -34.806  -36.023  38.948 0.6666669846
97434  -36.267  -37.756  37.055 0.2222220004
34840  -36.678  -38.445  36.627 0.2222220004
108348  -36.478  -37.201  37.035 0.4444440007
34848  -36.905  -38.875  36.217 0.1111110002
35666  -37.402  -38.140  36.335 0.2222220004
33993  -36.933  -39.066  35.922 0.1111110002
34849  -37.503  -38.472  36.028 0.3333329856
39211  -31.610  -33.497  41.095 0.8888890147
39204  -33.210  -33.149  41.155 1.0000000000
39213  -34.587  -33.208  40.719 0.8888890147
38398  -34.860  -33.907  40.479 0.8888890147
37454  -35.222  -35.144  39.191 0.7777780294
37467  -35.826  -35.235  38.313 0.6666669846
36506  -36.021  -36.005  37.696 0.7777780294
36517  -36.639  -36.580  37.115 0.6666669846
102655  -37.320  -36.859  36.684 0.5555559993
34867  -37.681  -38.293  35.398 0.2222220004
39212  -32.242  -33.026  41.151 0.8888890147
40056  -33.811  -32.573  40.846 1.0000000000
39206  -34.529  -32.677  40.729 1.0000000000
40057  -34.356  -32.391  40.741 1.0000000000
106610  -34.985  -33.299  40.509 1.0000000000
39214  -35.137  -33.042  40.422 1.0000000000
38407  -35.353  -34.187  39.755 0.8888890147
39215  -35.557  -32.384  40.140 1.0000000000
38415  -35.704  -34.507  38.973 0.8888890147
38408  -35.911  -33.648  39.301 0.8888890147
37468  -36.473  -35.520  37.574 0.8888890147
38416  -36.300  -34.432  38.308 0.8888890147
37483  -37.184  -36.012  36.934 0.6666669846
38427  -36.988  -34.917  37.372 0.8888890147
35667  -38.098  -37.771  36.118 0.4444440007
36518  -37.853  -36.559  36.541 0.5555559993
34859  -37.932  -38.131  35.817 0.3333329856
40058  -34.934  -32.318  40.564 1.0000000000
39223  -35.882  -32.872  39.721 1.0000000000
99508  -36.431  -33.550  38.724 1.0000000000
39231  -36.768  -32.965  38.598 1.0000000000
38417  -36.831  -33.821  37.911 0.8888890147
37484  -37.809  -35.485  36.692 0.7777780294
36535  -38.352  -37.040  36.303 0.6666669846
37497  -38.492  -36.237  36.395 0.7777780294
35673  -38.605  -37.566  35.746 0.5555559993
40074  -35.387  -31.673  40.201 1.0000000000
40977  -36.148  -31.587  39.850 1.0000000000
40106  -36.591  -32.424  39.118 1.0000000000
39241  -37.465  -33.078  37.785 1.0000000000
36536  -38.936  -36.672  36.165 0.5555559993
37485  -38.532  -35.488  36.410 0.6666669846
35681  -39.346  -37.226  35.364 0.6666669846
41887  -37.067  -30.596  39.394 1.0000000000
94515  -36.565  -30.015  39.660 1.0000000000
39242  -38.096  -33.718  36.923 1.0000000000
40107  -37.050  -32.198  38.627 1.0000000000
38441  -38.823  -34.979  36.258 0.7777780294
37498  -39.117  -35.806  36.174 0.6666669846
101004  -39.779  -36.673  35.487 0.6666669846
42715  -37.230  -29.896  39.136 0.8888890147
41010  -37.312  -31.284  38.894 1.0000000000
40120  -38.173  -32.679  37.221 1.0000000000
41023  -38.398  -31.592  37.332 1.0000000000
38442  -39.293  -35.080  35.985 0.7777780294
39254  -38.662  -33.449  36.480 0.8888890147
40133  -38.619  -32.476  36.741 0.8888890147
37499  -39.743  -35.523  35.698 0.7777780294
39255  -39.140  -33.830  35.977 0.8888890147
36568  -40.136  -36.926  34.839 0.5555559993
36584  -39.949  -36.992  34.092 0.5555559993
36585  -40.840  -36.770  34.041 0.5555559993
36602  -40.358  -36.761  33.371 0.4444440007
36634  -42.383  -37.286  30.705 0.2222220004
36635  -43.233  -37.047  30.548 0.3333329856
35715  -42.028  -37.752  29.926 0.2222220004
35726  -41.955  -37.970  29.336 0.3333329856
42712  -37.319  -29.382  38.685 1.0000000000
42716  -37.768  -29.703  38.532 1.0000000000
41024  -38.492  -30.532  37.622 1.0000000000
41011  -37.967  -30.951  38.162 1.0000000000
94393  -38.875  -31.820  36.523 1.0000000000
40134  -39.031  -32.905  36.080 1.0000000000
36554  -40.450  -36.323  35.169 0.6666669846
37512  -40.412  -35.669  35.234 0.6666669846
39268  -39.405  -33.724  35.518 0.7777780294
38464  -40.702  -35.117  34.687 0.6666669846
93510  -40.255  -34.394  34.687 0.7777780294
39309  -42.061  -33.231  32.506 0.8888890147
105906  -41.731  -31.782  32.863 0.8888890147
36570  -41.236  -36.372  34.176 0.6666669846
38486  -42.806  -35.088  32.520 0.5555559993
39310  -42.520  -34.205  32.470 0.6666669846
40173  -42.176  -32.078  32.550 0.7777780294
37555  -40.499  -36.537  32.548 0.1111110002
36603  -41.271  -36.727  33.167 0.4444440007
37556  -42.762  -36.043  32.543 0.3333329856
38487  -43.337  -35.241  31.724 0.4444440007
37574  -40.559  -36.395  31.836 0.2222220004
36618  -41.457  -36.702  32.115 0.2222220004
36619  -42.281  -36.820  31.687 0.3333329856
36620  -42.970  -36.791  31.326 0.3333329856
37575  -43.216  -36.179  31.681 0.3333329856
97774  -43.137  -34.258  31.852 0.6666669846
91718  -42.954  -33.356  31.966 0.8888890147
91428  -41.629  -36.967  31.127 0.2222220004
36621  -43.437  -36.350  30.947 0.3333329856
37595  -43.665  -35.712  30.625 0.3333329856
38499  -43.671  -35.041  30.948 0.5555559993
36636  -43.600  -36.413  30.285 0.3333329856
35717  -43.163  -37.272  29.447 0.2222220004
41905  -38.927  -29.979  37.298 1.0000000000
100269  -39.153  -32.045  35.797 1.0000000000
39269  -39.771  -34.310  35.174 0.7777780294
40172  -41.393  -32.446  32.889 0.7777780294
37523  -40.994  -35.880  34.604 0.6666669846
38465  -41.296  -35.235  34.118 0.6666669846
91873  -41.399  -34.631  33.647 0.6666669846
39298  -41.824  -34.337  33.033 0.5555559993
36586  -41.571  -36.483  33.552 0.5555559993
37524  -41.660  -35.898  33.816 0.6666669846
38473  -41.818  -35.157  33.520 0.5555559993
38474  -42.263  -34.927  32.980 0.5555559993
36604  -42.092  -36.551  32.693 0.4444440007
37538  -42.251  -35.613  33.133 0.3333329856
41075  -42.862  -31.440  32.464 0.8888890147
36605  -42.673  -36.492  32.016 0.3333329856
92334  -43.538  -34.257  31.201 0.7777780294
40185  -43.333  -32.558  31.629 0.8888890147
41076  -43.357  -31.734  32.052 0.8888890147
39311  -43.402  -33.376  31.385 0.6666669846
37613  -43.691  -35.693  30.087 0.3333329856
36646  -43.488  -36.436  29.585 0.3333329856
36653  -43.067  -36.945  28.848 0.2222220004
37629  -43.168  -35.882  28.928 0.2222220004
36662  -42.607  -36.360  28.295 0.2222220004
42722  -38.266  -29.457  37.902 1.0000000000
42723  -38.826  -29.313  37.471 1.0000000000
41041  -39.215  -30.991  35.938 1.0000000000
40158  -39.377  -32.808  35.278 0.8888890147
39297  -41.122  -33.660  33.318 0.8888890147
39284  -40.324  -33.598  34.096 0.7777780294
39285  -40.832  -34.508  34.071 0.6666669846
40171  -40.540  -32.533  33.555 0.8888890147
41932  -41.797  -29.832  34.088 1.0000000000
41066  -42.162  -31.286  32.923 0.8888890147
41942  -42.755  -30.602  32.976 0.8888890147
41954  -43.402  -30.747  32.418 0.8888890147
39336  -43.615  -34.309  30.632 0.5555559993
41086  -43.645  -31.722  31.458 0.7777780294
41969  -44.021  -30.470  31.746 0.8888890147
38525  -43.589  -34.916  30.006 0.4444440007
40210  -43.620  -32.760  30.811 0.6666669846
41096  -43.724  -31.939  31.034 0.7777780294
107206  -43.669  -31.282  30.930 0.7777780294
38534  -43.316  -35.168  29.378 0.2222220004
39355  -43.496  -33.988  30.185 0.3333329856
40227  -43.430  -33.105  30.325 0.4444440007
41107  -43.365  -31.933  30.440 0.6666669846
38533  -42.855  -34.926  28.758 0.2222220004
37647  -42.610  -35.581  28.340 0.2222220004
39367  -42.753  -33.996  28.910 0.3333329856
100936  -38.510  -28.695  37.554 1.0000000000
42726  -39.292  -29.282  36.956 1.0000000000
42732  -39.646  -29.363  36.323 1.0000000000
42733  -40.270  -29.090  35.736 1.0000000000
41053  -39.500  -31.734  35.076 1.0000000000
41921  -40.357  -29.852  35.108 1.0000000000
41054  -40.249  -31.382  34.170 0.8888890147
99261  -40.503  -30.428  34.550 1.0000000000
42739  -40.872  -29.226  35.095 1.0000000000
40159  -39.807  -32.638  34.404 0.8888890147
41055  -41.133  -30.529  33.998 0.8888890147
41933  -42.529  -29.867  33.597 1.0000000000
107067  -42.262  -29.298  34.144 1.0000000000
41955  -43.877  -30.125  32.361 0.8888890147
42756  -43.823  -29.490  32.749 1.0000000000
41077  -43.817  -30.877  31.900 0.8888890147
41956  -44.187  -30.188  32.009 1.0000000000
97594  -44.425  -28.829  32.411 1.0000000000
42764  -44.363  -29.769  31.905 1.0000000000
95480  -44.676  -28.903  31.938 1.0000000000
43520  -44.689  -28.241  32.280 1.0000000000
39354  -43.154  -33.565  29.604 0.3333329856
41982  -43.862  -30.618  31.309 0.8888890147
99641  -44.158  -30.000  31.597 1.0000000000
41106  -42.694  -31.740  29.452 0.6666669846
41981  -43.541  -30.737  30.627 0.6666669846
91584  -44.514  -29.229  31.487 1.0000000000
43531  -44.990  -28.344  31.329 1.0000000000
39379  -42.339  -34.322  28.363 0.2222220004
42780  -43.418  -29.936  29.888 0.8888890147
39378  -41.747  -34.151  27.776 0.2222220004
39366  -42.119  -33.496  28.365 0.2222220004
39377  -41.156  -33.697  27.243 0.2222220004
43489  -39.499  -27.935  36.715 1.0000000000
42727  -39.747  -28.566  36.453 1.0000000000
43490  -40.017  -27.773  36.236 1.0000000000
96308  -40.347  -28.279  35.899 1.0000000000
43502  -41.713  -28.147  34.925 1.0000000000
43497  -41.732  -27.474  34.980 1.0000000000
42741  -42.311  -28.614  34.415 1.0000000000
42746  -42.852  -29.151  33.800 1.0000000000
42742  -43.013  -28.233  34.100 1.0000000000
42747  -43.483  -29.005  33.344 1.0000000000
43511  -43.705  -28.252  33.439 1.0000000000
43512  -44.232  -28.260  32.847 1.0000000000
44351  -45.055  -28.016  31.724 1.0000000000
40226  -43.009  -32.664  29.674 0.6666669846
40239  -42.639  -33.089  28.973 0.3333329856
98367  -42.484  -32.307  29.013 0.6666669846
42771  -44.008  -29.741  30.830 1.0000000000
43545  -44.773  -28.614  30.534 1.0000000000
41120  -42.221  -31.745  28.713 0.5555559993
42781  -44.151  -29.189  29.765 0.8888890147
40251  -41.427  -32.929  27.669 0.2222220004
40238  -41.967  -32.393  28.382 0.4444440007
42005  -43.023  -30.066  28.883 0.5555559993
94751  -43.639  -29.497  29.159 0.6666669846
93941  -41.631  -31.290  27.124 0.4444440007
42009  -42.207  -30.788  27.693 0.4444440007
94032  -43.254  -29.792  27.905 0.5555559993
42789  -43.651  -29.482  28.465 0.6666669846
42016  -42.209  -30.590  26.811 0.2222220004
42010  -42.776  -30.215  27.330 0.3333329856
41140  -41.228  -31.249  25.585 0.2222220004
44288  -39.503  -27.398  36.518 1.0000000000
43495  -40.638  -27.657  35.718 1.0000000000
42734  -40.992  -28.426  35.365 1.0000000000
43496  -41.268  -27.579  35.322 1.0000000000
44297  -40.867  -26.982  35.491 1.0000000000
43503  -42.256  -27.789  34.659 1.0000000000
44308  -42.678  -27.224  34.479 1.0000000000
44309  -43.376  -27.375  33.974 1.0000000000
45171  -43.556  -26.439  33.669 1.0000000000
44323  -43.968  -27.455  33.363 1.0000000000
45172  -44.163  -26.696  33.125 0.8888890147
44336  -44.948  -27.395  32.102 1.0000000000
45183  -44.589  -26.451  32.453 1.0000000000
44352  -45.370  -27.150  31.500 1.0000000000
43532  -45.385  -27.649  31.223 1.0000000000
44363  -45.775  -26.820  30.786 1.0000000000
44375  -46.073  -27.158  29.984 1.0000000000
43559  -44.903  -28.543  29.394 0.8888890147
43560  -45.647  -28.022  29.790 1.0000000000
42802  -44.266  -29.216  27.681 0.6666669846
42790  -44.397  -28.990  28.738 0.6666669846
108844  -45.039  -28.607  28.780 1.0000000000
42017  -42.994  -30.102  26.429 0.3333329856
42801  -43.607  -29.702  26.988 0.3333329856
97169  -45.618  -28.286  28.923 0.8888890147
44389  -46.331  -27.558  29.072 1.0000000000
42022  -41.680  -30.936  26.226 0.2222220004
42023  -42.426  -30.461  25.922 0.2222220004
42815  -44.596  -29.328  26.583 0.5555559993
43572  -45.302  -28.688  28.124 0.5555559993
43573  -46.258  -28.176  28.247 0.7777780294
42032  -41.943  -30.787  25.405 0.2222220004
42024  -43.370  -30.165  25.492 0.3333329856
42803  -45.325  -28.885  27.063 0.6666669846
107316  -42.310  -30.769  24.695 0.2222220004
45146  -40.335  -26.626  35.462 1.0000000000
44298  -41.455  -26.961  35.140 1.0000000000
44299  -42.001  -27.031  34.809 1.0000000000
45170  -42.767  -25.915  33.924 0.8888890147
104283  -43.302  -25.612  33.320 0.8888890147
45182  -44.038  -25.867  33.062 0.8888890147
45995  -44.330  -25.526  32.298 0.8888890147
44337  -45.115  -26.572  31.843 1.0000000000
45194  -45.426  -26.170  31.284 1.0000000000
45202  -45.717  -25.752  30.574 1.0000000000
46012  -45.990  -25.433  29.917 1.0000000000
45210  -46.564  -25.805  29.190 1.0000000000
44390  -46.784  -26.781  28.688 1.0000000000
104411  -46.741  -27.568  28.259 1.0000000000
43586  -46.165  -28.548  27.389 0.6666669846
42033  -42.807  -30.527  25.051 0.2222220004
42025  -44.419  -29.970  25.063 0.5555559993
92315  -45.613  -29.209  26.198 0.6666669846
42816  -46.119  -28.871  26.650 0.7777780294
42831  -45.993  -29.582  25.412 0.5555559993
106062  -44.649  -25.350  31.639 0.8888890147
46001  -45.235  -25.418  31.073 0.8888890147
92148  -45.564  -25.375  30.380 0.8888890147
46021  -46.190  -25.146  29.158 0.8888890147
93182  -46.675  -25.346  28.435 0.8888890147
43602  -46.902  -28.594  26.676 0.7777780294
42839  -46.279  -29.935  24.726 0.5555559993
42036  -45.760  -30.255  24.255 0.5555559993
45217  -47.025  -26.115  28.272 1.0000000000
45225  -47.053  -25.649  27.808 1.0000000000
90081  -46.501  -29.186  26.015 0.8888890147
43587  -47.494  -27.916  27.005 0.8888890147
42840  -47.025  -29.852  24.639 0.7777780294
42817  -47.253  -29.047  25.892 0.8888890147
43603  -47.629  -28.435  26.308 0.8888890147
42037  -46.431  -30.264  24.081 0.7777780294
46033  -47.206  -25.523  27.048 1.0000000000
45226  -47.370  -26.302  27.449 1.0000000000
100687  -47.862  -27.863  26.512 0.8888890147
43604  -48.158  -28.167  25.967 1.0000000000
42038  -47.266  -30.195  23.942 0.7777780294
104176  -47.534  -26.314  26.752 0.7777780294
44422  -48.328  -27.457  25.715 0.7777780294
42818  -48.073  -29.172  25.137 0.7777780294
43617  -48.538  -28.114  25.351 0.8888890147
42842  -48.335  -29.341  24.581 0.8888890147
45240  -47.630  -26.195  25.571 0.7777780294
45241  -48.238  -26.673  25.226 0.7777780294
44432  -48.849  -26.877  24.595 0.6666669846
42833  -48.534  -28.735  24.971 0.7777780294
105068  -49.038  -28.003  24.612 0.6666669846
108755  -48.789  -28.884  24.477 0.8888890147
43629  -49.599  -28.036  23.948 0.6666669846
43641  -49.187  -28.728  24.011 0.7777780294
42851  -49.149  -29.251  23.422 0.6666669846
42864  -49.721  -29.162  22.616 0.4444440007
43663  -50.839  -28.113  22.191 0.2222220004
98880  -51.150  -27.389  21.916 0.2222220004
43679  -50.946  -28.284  21.519 0.3333329856
44480  -51.130  -27.501  21.110 0.3333329856
100362  -51.121  -26.701  20.568 0.3333329856
100953  -50.766  -27.064  20.200 0.3333329856
104988  -48.405  -26.269  24.583 0.6666669846
46073  -48.256  -25.951  24.268 0.6666669846
45250  -49.097  -26.065  24.086 0.5555559993
98681  -49.586  -27.045  23.949 0.6666669846
45260  -49.797  -26.231  23.421 0.5555559993
44447  -50.316  -26.862  23.202 0.4444440007
44446  -50.104  -27.736  23.400 0.4444440007
45278  -50.816  -25.881  22.223 0.3333329856
46119  -51.085  -25.370  21.547 0.3333329856
106302  -51.207  -26.272  21.392 0.2222220004
45300  -51.253  -25.793  20.490 0.3333329856
45307  -50.995  -26.026  19.963 0.4444440007
46085  -47.071  -25.959  23.939 0.6666669846
46087  -48.739  -25.794  23.695 0.6666669846
46086  -47.975  -25.800  23.879 0.6666669846
46088  -49.367  -25.801  23.435 0.5555559993
46103  -49.997  -25.719  22.743 0.5555559993
46118  -50.520  -25.243  21.856 0.4444440007
46936  -51.143  -24.278  20.443 0.4444440007
46130  -51.236  -25.146  20.839 0.4444440007
46139  -51.257  -24.993  20.093 0.4444440007
45259  -47.449  -26.128  23.081 0.6666669846
46102  -48.269  -25.861  23.179 0.6666669846
45277  -48.960  -25.700  22.804 0.5555559993
45289  -48.474  -25.840  21.947 0.5555559993
92551  -49.485  -25.302  21.936 0.5555559993
46129  -49.298  -24.407  21.290 0.4444440007
46918  -50.266  -24.379  21.401 0.5555559993
46919  -50.990  -24.577  21.247 0.4444440007
46935  -50.728  -23.761  20.807 0.4444440007
46954  -51.036  -24.117  19.750 0.3333329856
46138  -50.640  -25.055  19.508 0.4444440007
46153  -49.892  -24.688  18.975 0.4444440007
45318  -49.606  -25.998  19.074 0.4444440007
46933  -49.138  -23.446  20.774 0.4444440007
47767  -49.648  -22.886  20.336 0.4444440007
46152  -48.967  -25.385  18.714 0.3333329856
46974  -46.359  -24.657  17.299 0.2222220004
46992  -44.644  -24.225  14.716 0.2222220004
47836  -44.918  -22.965  13.740 0.2222220004
47837  -45.930  -23.142  13.530 0.2222220004
48494  -49.072  -22.494  19.928 0.3333329856
47780  -49.798  -22.898  19.738 0.3333329856
106519  -48.956  -22.558  19.383 0.3333329856
47781  -50.446  -23.434  19.560 0.2222220004
47790  -49.689  -23.190  19.176 0.3333329856
93083  -48.589  -23.325  18.676 0.3333329856
46966  -50.077  -23.771  19.055 0.3333329856
46965  -49.045  -24.248  18.743 0.3333329856
46964  -47.863  -24.532  18.178 0.2222220004
47800  -46.374  -23.685  17.554 0.2222220004
47810  -44.875  -24.008  16.388 0.2222220004
47809  -44.296  -23.455  16.024 0.2222220004
48527  -43.595  -22.028  16.036 0.2222220004
47821  -44.144  -23.595  15.158 0.2222220004
47820  -43.823  -22.881  14.827 0.2222220004
107006  -43.684  -22.241  14.590 0.2222220004
106527  -44.426  -23.415  14.402 0.2222220004
48509  -48.193  -22.084  19.159 0.2222220004
47789  -48.074  -22.642  18.605 0.2222220004
104637  -47.146  -22.974  18.061 0.2222220004
48519  -46.418  -22.810  17.792 0.2222220004
48518  -45.002  -22.004  17.333 0.2222220004
48529  -44.896  -23.046  16.797 0.2222220004
48528  -44.230  -22.521  16.447 0.2222220004
48543  -43.473  -22.212  15.229 0.2222220004
49235  -43.904  -21.212  14.076 0.2222220004
104714  -44.195  -22.615  14.172 0.2222220004
49237  -44.354  -21.474  13.642 0.2222220004
48553  -44.615  -22.133  13.580 0.2222220004
48493  -48.321  -22.061  20.142 0.3333329856
49180  -47.349  -21.082  20.846 0.2222220004
49192  -47.886  -21.590  20.189 0.1111110002
48502  -48.499  -22.056  19.756 0.2222220004
49191  -47.463  -20.948  20.249 0.2222220004
49201  -47.930  -21.619  19.642 0.2222220004
49200  -47.291  -21.177  19.467 0.2222220004
105643  -47.361  -21.681  18.919 0.2222220004
47788  -47.362  -22.271  18.429 0.2222220004
49210  -46.269  -21.921  18.086 0.2222220004
49941  -45.553  -20.428  17.997 0.2222220004
49208  -44.781  -21.079  17.443 0.2222220004
49952  -44.268  -20.757  16.815 0.3333329856
49217  -43.665  -21.195  16.162 0.2222220004
49234  -43.500  -21.502  14.746 0.2222220004
49966  -43.540  -20.879  15.441 0.2222220004
49927  -46.898  -20.463  19.735 0.3333329856
49199  -46.441  -20.943  18.744 0.2222220004
49934  -46.326  -20.032  19.047 0.3333329856
49209  -45.555  -21.232  17.897 0.2222220004
101887  -44.826  -20.415  17.343 0.2222220004
104440  -44.631  -19.937  16.874 0.3333329856
100618  -43.979  -20.449  16.123 0.2222220004
50773  -44.317  -20.010  14.163 0.2222220004
49971  -43.822  -20.579  14.596 0.2222220004
49973  -44.383  -20.699  13.634 0.2222220004
49974  -44.981  -20.543  12.947 0.2222220004
50780  -45.978  -19.612  11.223 0.2222220004
51534  -45.522  -18.666  11.518 0.2222220004
50717  -46.881  -19.389  21.095 0.2222220004
92799  -46.896  -18.675  20.818 0.2222220004
49926  -46.818  -19.517  20.135 0.3333329856
104076  -46.934  -18.614  19.914 0.2222220004
50732  -46.540  -19.302  19.214 0.3333329856
50738  -45.910  -19.608  18.308 0.3333329856
103567  -47.387  -17.264  19.912 0.2222220004
51492  -46.521  -18.787  18.651 0.3333329856
51488  -47.203  -17.937  19.556 0.3333329856
97406  -45.577  -19.282  17.488 0.3333329856
104959  -46.275  -18.602  17.769 0.3333329856
51501  -45.875  -18.635  16.898 0.3333329856
50759  -44.350  -19.774  15.913 0.3333329856
50771  -44.700  -19.333  14.396 0.2222220004
50770  -44.234  -19.804  14.963 0.2222220004
51522  -45.342  -18.648  14.819 0.3333329856
50774  -44.779  -19.787  13.420 0.2222220004
96878  -45.326  -19.987  12.570 0.2222220004
101560  -45.192  -19.144  12.857 0.2222220004
52215  -45.842  -18.055  14.189 0.3333329856
50779  -45.496  -19.364  12.040 0.2222220004
52239  -45.895  -17.223  11.316 0.2222220004
52966  -46.518  -16.588  10.903 0.2222220004
52963  -46.554  -16.611  11.797 0.2222220004
52967  -47.326  -16.079  11.467 0.2222220004
53708  -49.186  -15.281  11.023 0.2222220004
52174  -47.588  -17.214  19.161 0.3333329856
94149  -47.039  -18.053  18.441 0.3333329856
51502  -46.524  -18.103  16.337 0.3333329856
50760  -44.814  -19.179  15.413 0.3333329856
51510  -45.624  -18.632  15.854 0.3333329856
51511  -46.199  -18.078  15.322 0.3333329856
51529  -45.443  -18.352  13.190 0.3333329856
52228  -46.487  -17.397  13.929 0.3333329856
52235  -45.660  -17.823  12.628 0.3333329856
52227  -45.888  -17.777  13.386 0.3333329856
52236  -46.006  -17.226  12.183 0.2222220004
95734  -46.257  -17.300  13.043 0.3333329856
52954  -46.736  -16.712  12.686 0.3333329856
53696  -48.216  -15.734  12.083 0.2222220004
53707  -48.204  -15.595  11.220 0.2222220004
53697  -49.132  -15.366  11.902 0.2222220004
54485  -50.525  -14.197  11.454 0.2222220004
53709  -50.078  -14.859  10.806 0.2222220004
52196  -47.370  -17.471  16.899 0.3333329856
52944  -47.015  -16.839  13.581 0.3333329856
53684  -48.309  -15.902  12.934 0.2222220004
53686  -49.862  -14.958  12.644 0.2222220004
54477  -50.319  -14.280  12.383 0.2222220004
53698  -49.993  -14.888  11.717 0.2222220004
55225  -50.760  -13.241  11.538 0.2222220004
52205  -47.080  -17.503  15.899 0.3333329856
52217  -47.617  -16.909  15.497 0.3333329856
52933  -47.338  -16.929  14.526 0.3333329856
55189  -47.835  -13.714  15.741 0.2222220004
55198  -48.243  -13.197  14.926 0.2222220004
52945  -47.905  -16.412  14.142 0.3333329856
55199  -49.219  -13.233  14.871 0.2222220004
107993  -49.043  -15.580  13.507 0.2222220004
54471  -50.100  -14.280  13.337 0.2222220004
53676  -49.719  -15.022  13.698 0.2222220004
55210  -50.015  -13.492  13.924 0.2222220004
99466  -49.912  -12.792  13.584 0.2222220004
52918  -48.438  -16.182  16.922 0.2222220004
52206  -47.848  -16.838  16.460 0.3333329856
52925  -48.417  -16.300  16.034 0.3333329856
52935  -48.934  -15.666  15.642 0.3333329856
53667  -49.422  -15.130  15.227 0.4444440007
52946  -48.771  -15.840  14.725 0.3333329856
55190  -48.977  -13.632  15.605 0.3333329856
53668  -49.694  -14.716  14.761 0.2222220004
94916  -49.303  -15.383  14.321 0.2222220004
55191  -49.414  -13.746  15.188 0.3333329856
55200  -49.674  -13.574  14.668 0.2222220004
54465  -49.921  -14.207  14.311 0.2222220004
53659  -49.522  -14.575  15.424 0.3333329856
107548  -23.574  -39.519  44.631 0.6666669846
44517  -49.942  -28.078  19.225 0.3333329856
44503  -50.086  -26.989  19.592 0.3333329856
44504  -50.416  -28.113  19.940 0.3333329856
104018  -50.371  -25.992  19.537 0.4444440007
46953  -50.520  -24.100  19.285 0.4444440007
29052  -6.164  -45.585  50.140 0.4444440007
30615  -7.205  -43.982  51.110 0.5555559993
29061  -7.408  -45.692  48.830 0.4444440007
29055  -10.455  -44.506  49.624 0.4444440007
108310  -7.828  -46.872  46.302 0.5555559993
28295  -8.764  -45.816  46.586 0.5555559993
26839  -8.448  -48.206  45.384 0.4444440007
102995  -8.036  -47.025  45.844 0.5555559993
28299  -8.524  -46.817  45.293 0.5555559993
26846  -8.875  -48.320  44.610 0.3333329856
27578  -8.606  -47.675  44.871 0.3333329856
28304  -8.833  -47.022  44.539 0.5555559993
105944  -10.072  -49.322  44.885 0.3333329856
29105  -9.919  -45.796  44.257 0.4444440007
102031  -9.125  -43.931  50.677 0.4444440007
107016  -9.694  -43.801  50.387 0.3333329856
29063  -10.884  -44.846  48.863 0.4444440007
29098  -11.399  -45.201  45.467 0.5555559993
92798  -10.691  -45.350  44.798 0.3333329856
33902  -24.247  -39.414  44.539 0.7777780294
32203  -24.887  -41.131  43.683 0.6666669846
33903  -24.975  -38.860  44.495 0.7777780294
36425  -26.255  -36.886  44.360 0.6666669846
37379  -28.426  -35.921  43.961 0.8888890147
29118  -11.202  -45.421  43.259 0.3333329856
36435  -28.355  -36.630  43.963 0.8888890147
36434  -27.584  -36.467  44.160 0.8888890147
29107  -12.208  -45.178  44.373 0.4444440007
35586  -28.427  -37.177  43.869 0.8888890147
103746  -28.890  -38.003  43.457 0.5555559993
29854  -12.724  -43.882  48.919 0.5555559993
30627  -12.676  -43.585  49.037 0.5555559993
29076  -13.628  -44.731  47.997 0.6666669846
32194  -22.474  -41.059  44.582 0.6666669846
92462  -24.049  -41.345  43.863 0.5555559993
107154  -24.270  -42.168  42.822 0.3333329856
36423  -24.187  -37.040  43.923 0.6666669846
37377  -26.268  -36.231  44.101 0.6666669846
107837  -27.028  -36.217  44.214 0.6666669846
37378  -27.678  -36.077  44.162 0.7777780294
96290  -12.854  -45.222  42.882 0.2222220004
37385  -24.144  -36.628  43.111 0.6666669846
29133  -13.097  -45.293  42.102 0.2222220004
37418  -25.152  -36.460  42.457 0.6666669846
107344  -25.810  -36.312  42.347 0.6666669846
30628  -13.569  -43.441  48.870 0.4444440007
29856  -13.923  -43.640  48.701 0.5555559993
29873  -15.008  -44.572  47.955 0.5555559993
29857  -14.685  -43.636  48.599 0.6666669846
109210  -14.468  -44.337  48.152 0.6666669846
29077  -14.318  -44.707  47.907 0.6666669846
29088  -14.650  -45.172  46.579 0.5555559993
31416  -22.688  -42.023  43.672 0.4444440007
104549  -23.610  -42.448  42.510 0.3333329856
35584  -23.326  -37.593  43.873 0.6666669846
31450  -23.532  -42.481  41.942 0.3333329856
36443  -23.460  -36.808  43.106 0.3333329856
37389  -27.689  -35.701  43.657 0.8888890147
37402  -24.547  -36.532  42.833 0.6666669846
104726  -13.515  -45.585  39.744 0.1111110002
29864  -15.451  -43.671  48.469 0.6666669846
91453  -15.658  -44.205  48.127 0.6666669846
29866  -17.004  -43.679  47.881 0.6666669846
29090  -16.024  -45.088  46.570 0.4444440007
29089  -15.327  -45.214  46.187 0.5555559993
29100  -15.463  -45.272  45.533 0.5555559993
93958  -21.422  -42.652  43.496 0.4444440007
109257  -21.870  -42.960  42.436 0.3333329856
30694  -21.985  -42.991  41.806 0.3333329856
31448  -21.930  -42.861  40.987 0.3333329856
102387  -25.661  -36.548  41.884 0.6666669846
100775  -15.610  -42.992  48.670 0.6666669846
29884  -17.604  -44.349  46.490 0.6666669846
29892  -17.258  -44.850  45.742 0.4444440007
30675  -19.931  -43.141  44.400 0.4444440007
29111  -16.646  -45.185  44.762 0.4444440007
29112  -17.479  -44.863  44.874 0.4444440007
30684  -20.273  -43.367  43.103 0.4444440007
30693  -20.504  -43.482  42.324 0.3333329856
30701  -20.595  -43.564  41.505 0.3333329856
30707  -20.587  -43.421  40.686 0.3333329856
38377  -32.010  -34.578  42.221 0.8888890147
29157  -16.334  -45.326  40.106 0.2222220004
31492  -21.263  -42.003  38.572 0.3333329856
31504  -20.236  -42.166  37.237 0.2222220004
29875  -17.797  -43.647  47.272 0.6666669846
29893  -17.996  -44.393  45.592 0.4444440007
30660  -18.852  -43.434  46.024 0.4444440007
30668  -19.409  -43.191  45.341 0.6666669846
29901  -18.901  -43.970  44.450 0.4444440007
30674  -19.449  -43.596  44.076 0.4444440007
96532  -18.357  -44.508  43.268 0.4444440007
29145  -17.459  -45.201  41.407 0.2222220004
92529  -19.239  -44.286  41.253 0.3333329856
29929  -19.183  -44.043  40.402 0.3333329856
29177  -17.034  -44.562  38.668 0.2222220004
36480  -33.245  -36.131  40.830 0.6666669846
35629  -33.319  -37.371  39.419 0.5555559993
108247  -18.074  -44.944  41.266 0.2222220004
92762  -17.928  -44.306  39.430 0.2222220004
37423  -33.113  -34.846  41.577 0.8888890147
97584  -17.316  -44.218  38.255 0.2222220004
36494  -34.215  -36.240  39.493 0.7777780294
39205  -33.934  -32.978  40.903 1.0000000000
37438  -34.877  -34.688  40.039 0.8888890147
36505  -35.437  -35.977  38.273 0.6666669846
92737  -35.885  -36.833  37.487 0.5555559993
35656  -36.983  -37.522  36.685 0.5555559993
34858  -37.333  -38.647  35.746 0.2222220004
98115  -37.735  -37.378  36.433 0.5555559993
40073  -33.799  -32.095  40.743 1.0000000000
39222  -35.368  -33.275  40.111 1.0000000000
39230  -36.314  -32.936  39.236 1.0000000000
34868  -38.222  -37.923  35.468 0.3333329856
98207  -38.676  -37.268  36.083 0.5555559993
40090  -36.216  -32.328  39.618 1.0000000000
38428  -37.548  -34.285  37.187 0.8888890147
35674  -39.190  -37.019  35.868 0.5555559993
41886  -36.413  -30.744  39.813 1.0000000000
40994  -36.796  -31.227  39.518 1.0000000000
40091  -36.706  -31.829  39.325 1.0000000000
38429  -38.225  -34.714  36.599 0.8888890147
40108  -37.695  -31.918  37.983 1.0000000000
94823  -38.591  -34.250  36.445 0.8888890147
36537  -39.498  -36.333  35.876 0.6666669846
36567  -39.344  -37.258  34.648 0.5555559993
105003  -40.022  -36.122  35.559 0.6666669846
41895  -37.669  -30.415  38.811 1.0000000000
99024  -39.034  -34.369  36.105 0.7777780294
38453  -39.508  -34.570  35.667 0.7777780294
36569  -40.775  -36.501  34.618 0.6666669846
106431  -43.416  -37.091  29.953 0.3333329856
41896  -38.151  -30.143  38.161 1.0000000000
41904  -38.578  -29.890  37.714 1.0000000000
98783  -38.882  -30.830  36.950 1.0000000000
38454  -40.119  -34.950  35.234 0.7777780294
39283  -39.746  -33.632  34.828 0.8888890147
41065  -41.271  -31.460  33.353 0.8888890147
105129  -43.550  -35.708  31.176 0.3333329856
93638  -40.968  -36.672  31.409 0.2222220004
36633  -40.900  -36.842  30.693 0.2222220004
41914  -39.289  -30.067  36.595 1.0000000000
106256  -42.121  -36.204  33.207 0.4444440007
108231  -43.533  -32.109  31.485 0.7777780294
39323  -43.655  -33.432  30.950 0.5555559993
37630  -43.511  -35.627  29.626 0.3333329856
108792  -38.744  -28.044  37.293 1.0000000000
42740  -41.611  -29.050  34.692 1.0000000000
41943  -43.303  -29.856  33.041 0.8888890147
40197  -43.614  -32.531  31.170 0.5555559993
96828  -43.571  -33.515  30.644 0.5555559993
38524  -43.241  -34.442  29.487 0.2222220004
41920  -39.704  -29.979  35.753 1.0000000000
41042  -39.822  -30.685  35.035 1.0000000000
42748  -44.019  -28.924  32.831 1.0000000000
44324  -44.462  -27.477  32.716 1.0000000000
41994  -43.002  -30.849  29.729 0.5555559993
43546  -45.523  -27.757  30.653 1.0000000000
42004  -42.395  -30.940  28.694 0.4444440007
41126  -41.536  -31.968  27.679 0.2222220004
41127  -41.946  -31.480  28.040 0.4444440007
106762  -42.675  -30.359  28.103 0.4444440007
40262  -41.108  -32.081  27.050 0.3333329856
41135  -41.124  -31.573  26.333 0.2222220004
45159  -42.964  -26.595  34.223 1.0000000000
44364  -46.162  -26.177  30.017 1.0000000000
44376  -46.467  -26.668  29.439 1.0000000000
42814  -43.945  -29.708  25.999 0.5555559993
42034  -43.761  -30.364  24.605 0.3333329856
42830  -45.009  -29.552  25.621 0.5555559993
45169  -41.995  -25.895  34.017 0.8888890147
46011  -45.698  -25.128  29.894 0.8888890147
43574  -46.899  -28.050  27.581 0.8888890147
42047  -43.028  -30.649  24.234 0.3333329856
90609  -44.667  -25.260  31.164 0.8888890147
46010  -44.909  -25.105  29.797 0.8888890147
44391  -47.233  -27.135  27.753 1.0000000000
42832  -46.803  -29.519  25.305 0.6666669846
42050  -45.599  -30.535  23.569 0.5555559993
44411  -47.701  -27.140  26.872 0.8888890147
99045  -47.489  -29.380  25.225 0.8888890147
105431  -47.846  -28.850  25.697 0.8888890147
45232  -47.872  -26.739  26.107 0.8888890147
44412  -48.033  -27.507  26.259 0.8888890147
42841  -47.732  -29.675  24.612 0.7777780294
108152  -48.245  -28.634  25.448 0.7777780294
46044  -47.373  -25.940  26.186 0.8888890147
102891  -48.629  -27.441  25.108 0.7777780294
93715  -48.690  -29.359  24.027 0.8888890147
46056  -47.137  -25.816  25.564 0.7777780294
43642  -49.710  -28.596  23.397 0.4444440007
43662  -50.310  -28.375  22.755 0.2222220004
106905  -50.932  -26.669  22.453 0.3333329856
43678  -50.477  -28.785  21.972 0.3333329856
103137  -50.403  -26.276  22.856 0.3333329856
47769  -50.930  -23.598  20.129 0.5555559993
45276  -47.849  -26.143  22.257 0.5555559993
46117  -48.400  -25.436  21.408 0.4444440007
46934  -49.976  -23.502  20.926 0.5555559993
47766  -48.848  -22.681  20.310 0.4444440007
94483  -48.092  -23.566  20.511 0.4444440007
47768  -50.399  -23.129  20.260 0.4444440007
46151  -48.150  -25.464  18.275 0.3333329856
45317  -48.515  -26.376  18.430 0.3333329856
47799  -45.589  -23.458  17.160 0.2222220004
46993  -44.868  -24.817  15.080 0.2222220004
47801  -47.347  -23.769  17.992 0.2222220004
46975  -47.024  -24.860  17.631 0.2222220004
46982  -45.099  -24.922  15.871 0.2222220004
109125  -45.638  -22.655  17.442 0.2222220004
49218  -44.198  -21.601  16.725 0.2222220004
91109  -45.038  -21.397  13.049 0.2222220004
104773  -45.195  -19.900  17.597 0.3333329856
49967  -43.899  -20.262  15.405 0.2222220004
50749  -45.052  -19.228  16.453 0.3333329856
52238  -45.529  -17.867  11.786 0.2222220004
51537  -45.617  -18.018  10.962 0.2222220004
51479  -47.099  -17.844  20.437 0.1111110002
93251  -45.126  -18.851  13.784 0.2222220004
52216  -46.763  -17.492  14.900 0.3333329856
51531  -45.398  -18.513  12.326 0.2222220004
52964  -47.416  -16.209  12.348 0.2222220004
52955  -47.609  -16.340  13.229 0.2222220004
53685  -49.103  -15.474  12.786 0.2222220004
55217  -50.329  -13.323  12.986 0.2222220004
55224  -50.574  -13.575  12.146 0.2222220004
52934  -48.222  -16.386  15.100 0.3333329856
53675  -48.513  -15.964  13.794 0.2222220004
54457  -49.655  -14.121  15.098 0.2222220004
55209  -49.549  -12.920  14.214 0.2222220004
55984  -49.974  -12.282  12.899 0.2222220004
107928  -30.075  -39.759  40.723 0.1111110002
34802  -30.759  -37.663  42.032 0.2222220004
35608  -31.436  -37.302  41.839 0.3333329856
36465  -31.632  -36.640  42.233 0.5555559993
33047  -30.420  -40.551  39.868 0.1111110002
33956  -30.878  -39.629  39.944 0.1111110002
34811  -31.336  -38.525  40.457 0.2222220004
35616  -31.732  -37.640  41.028 0.5555559993
33940  -29.588  -38.352  42.443 0.4444440007
33939  -29.019  -39.145  42.202 0.4444440007
33038  -29.538  -40.616  40.727 0.2222220004
91806  -29.726  -38.929  41.713 0.1111110002
32248  -29.793  -41.584  39.723 0.1111110002
32261  -30.207  -41.983  39.110 0.1111110002
33055  -30.470  -41.411  39.359 0.1111110002
33056  -30.997  -40.713  39.331 0.1111110002
106389  -31.389  -39.965  39.265 0.1111110002
31484  -30.073  -42.201  38.847 0.1111110002
93009  -31.272  -41.481  38.742 0.1111110002
32291  -29.558  -42.149  37.622 0.1111110002
31507  -29.975  -42.386  38.024 0.1111110002
99426  -31.065  -42.393  37.886 0.1111110002
33037  -29.062  -40.829  41.077 0.2222220004
32234  -28.855  -41.295  40.736 0.2222220004
31470  -29.000  -41.846  39.865 0.2222220004
104497  -29.566  -41.985  39.385 0.1111110002
31495  -29.050  -42.187  38.877 0.1111110002
108763  -27.918  -41.139  36.404 0.1111110002
97565  -28.944  -41.973  37.886 0.1111110002
31506  -29.335  -42.209  38.321 0.1111110002
96619  -4.914  -47.699  50.054 0.3333329856
34784  -28.238  -38.397  43.506 0.6666669846
33929  -28.043  -39.258  43.033 0.4444440007
33029  -28.013  -40.630  42.074 0.2222220004
32246  -28.633  -41.558  40.416 0.2222220004
32233  -28.213  -41.377  41.101 0.2222220004
106364  -29.092  -35.406  40.961 0.5555559993
38394  -29.733  -34.855  41.257 0.5555559993
39210  -31.280  -33.820  41.350 0.5555559993
31482  -28.053  -41.760  39.850 0.1111110002
31455  -27.924  -41.558  40.794 0.2222220004
36479  -28.948  -36.167  40.291 0.3333329856
37434  -29.476  -35.454  40.505 0.5555559993
37435  -30.000  -35.008  40.274 0.5555559993
32289  -27.115  -41.327  38.039 0.1111110002
32276  -27.836  -41.663  38.651 0.1111110002
32290  -28.117  -41.568  37.696 0.1111110002
95198  -3.021  -46.753  50.049 0.2222220004
97713  -4.373  -47.524  50.098 0.3333329856
27559  -2.095  -46.780  48.792 0.1111110002
91538  -2.676  -46.825  47.984 0.1111110002
28284  -3.306  -46.396  47.792 0.1111110002
33016  -26.946  -40.149  43.283 0.3333329856
98936  -27.006  -40.733  42.805 0.2222220004
32223  -27.094  -41.300  41.993 0.2222220004
91014  -27.047  -41.549  41.172 0.2222220004
31454  -27.475  -41.390  41.408 0.2222220004
37420  -27.305  -35.819  42.197 0.5555559993
37405  -27.709  -35.455  42.952 0.6666669846
109130  -32.666  -32.708  40.810 0.6666669846
107704  -26.898  -41.599  40.804 0.2222220004
36478  -27.340  -36.807  40.755 0.4444440007
36463  -27.705  -36.050  41.338 0.4444440007
38396  -31.113  -33.893  40.519 0.5555559993
39220  -31.646  -33.455  40.278 0.5555559993
31481  -27.192  -41.636  40.296 0.2222220004
31468  -27.592  -41.610  40.496 0.2222220004
35626  -27.570  -37.621  39.554 0.3333329856
35627  -28.461  -37.245  39.709 0.4444440007
36491  -29.385  -36.806  39.427 0.3333329856
36492  -30.140  -36.383  39.094 0.3333329856
38404  -30.670  -34.598  39.938 0.4444440007
38413  -31.658  -34.594  38.731 0.5555559993
38424  -32.194  -35.033  37.783 0.5555559993
32260  -27.435  -41.660  39.529 0.1111110002
35638  -26.540  -37.802  38.632 0.2222220004
35640  -28.957  -37.378  38.719 0.2222220004
102688  -30.478  -36.661  38.311 0.3333329856
37466  -31.492  -35.554  38.324 0.3333329856
33077  -26.413  -41.025  37.366 0.1111110002
98198  -27.230  -37.802  38.915 0.2222220004
35653  -27.761  -37.585  37.743 0.2222220004
35654  -28.509  -37.480  37.826 0.1111110002
36516  -29.730  -36.932  37.192 0.1111110002
97536  -31.248  -36.452  37.226 0.1111110002
28275  -4.903  -46.127  50.423 0.3333329856
28279  -5.369  -46.165  50.093 0.3333329856
28280  -5.955  -46.416  49.428 0.3333329856
28273  -3.701  -46.159  50.685 0.2222220004
28274  -4.259  -46.015  50.805 0.3333329856
27556  -5.340  -46.835  49.615 0.3333329856
27557  -5.835  -47.154  49.087 0.3333329856
104851  -3.636  -46.914  50.225 0.2222220004
27552  -4.390  -46.762  50.256 0.3333329856
28277  -2.609  -46.458  49.494 0.2222220004
28281  -2.874  -46.151  48.704 0.2222220004
29069  -3.660  -45.686  48.130 0.1111110002
108436  -4.269  -45.645  47.409 0.1111110002
33918  -26.859  -39.263  43.876 0.5555559993
32213  -26.726  -41.137  42.536 0.2222220004
40961  -34.247  -31.940  40.632 0.8888890147
90022  -26.313  -41.630  41.252 0.1111110002
36462  -26.925  -36.428  41.465 0.4444440007
40072  -32.934  -32.399  40.448 0.7777780294
40962  -34.907  -32.110  40.570 0.8888890147
32245  -25.901  -41.627  40.503 0.1111110002
36490  -26.151  -37.487  40.138 0.3333329856
39221  -32.206  -32.886  40.061 0.5555559993
39229  -32.676  -33.328  38.340 0.5555559993
93219  -25.693  -41.436  39.688 0.1111110002
32259  -26.570  -41.620  40.094 0.2222220004
35637  -25.832  -37.779  38.425 0.1111110002
35625  -26.730  -37.713  39.468 0.2222220004
38406  -31.787  -33.688  39.292 0.5555559993
96534  -32.214  -33.264  39.007 0.5555559993
32274  -26.031  -41.135  38.453 0.1111110002
102659  -26.558  -41.483  39.359 0.1111110002
35652  -26.381  -37.731  37.788 0.1111110002
37481  -31.720  -35.952  37.491 0.1111110002
38425  -32.900  -34.924  36.839 0.1111110002
32288  -24.929  -40.923  37.925 0.1111110002
97390  -27.182  -37.699  38.123 0.1111110002
35665  -28.003  -37.308  37.034 0.1111110002
36515  -28.879  -37.121  36.958 0.1111110002
36532  -29.417  -36.855  36.497 0.1111110002
36534  -30.893  -36.558  36.573 0.1111110002
37495  -31.618  -36.225  36.676 0.1111110002
37496  -32.605  -35.491  36.185 0.1111110002
35664  -27.087  -37.443  37.142 0.1111110002
36529  -26.638  -37.153  36.197 0.1111110002
105918  -28.264  -36.950  36.368 0.1111110002
36531  -28.849  -36.762  36.071 0.1111110002
36552  -30.372  -36.517  35.775 0.1111110002
36553  -31.215  -36.263  35.863 0.1111110002
36530  -27.533  -37.066  36.280 0.1111110002
93924  -29.560  -36.658  35.830 0.1111110002
36565  -29.704  -36.394  34.983 0.1111110002
33160  -22.961  -40.367  31.146 0.1111110002
29044  -4.140  -45.408  50.991 0.2222220004
29051  -5.429  -45.553  50.653 0.3333329856
29043  -3.711  -45.562  50.756 0.2222220004
28278  -2.964  -45.795  49.652 0.2222220004
29059  -3.823  -44.953  49.100 0.1111110002
29859  -4.646  -44.425  48.956 0.1111110002
29058  -3.276  -45.494  49.134 0.1111110002
106913  -4.394  -45.075  48.085 0.2222220004
29070  -4.803  -45.192  47.218 0.1111110002
28310  -9.446  -47.139  43.320 0.3333329856
103176  -25.647  -40.208  43.990 0.4444440007
33015  -26.260  -40.197  43.672 0.3333329856
29130  -10.498  -45.933  42.774 0.2222220004
32212  -25.392  -41.422  43.099 0.1111110002
33022  -25.693  -40.841  43.494 0.3333329856
29139  -10.835  -46.041  41.928 0.2222220004
29131  -11.319  -45.535  42.437 0.2222220004
32222  -25.756  -41.532  42.582 0.1111110002
29140  -11.534  -45.636  41.578 0.2222220004
31452  -25.645  -41.760  41.750 0.1111110002
31440  -26.375  -41.459  42.220 0.2222220004
40089  -33.287  -31.963  39.758 0.7777780294
105392  -34.480  -31.778  40.464 0.8888890147
29152  -11.819  -45.692  40.603 0.1111110002
92395  -12.717  -45.465  40.763 0.1111110002
32244  -25.101  -41.604  40.517 0.1111110002
36476  -25.612  -36.965  40.903 0.4444440007
40088  -32.682  -32.661  39.298 0.5555559993
35624  -25.793  -37.751  39.241 0.2222220004
96846  -24.181  -40.943  38.295 0.1111110002
90344  -32.773  -34.172  37.665 0.1111110002
29176  -16.482  -44.871  38.466 0.1111110002
32287  -23.454  -41.010  37.679 0.1111110002
96007  -24.234  -40.901  37.559 0.1111110002
29949  -16.782  -44.563  37.881 0.1111110002
107291  -16.970  -44.282  36.589 0.1111110002
33074  -23.952  -40.898  36.890 0.1111110002
33075  -24.715  -40.830  37.071 0.1111110002
35663  -26.097  -37.480  36.918 0.1111110002
37511  -32.426  -35.518  35.300 0.1111110002
29954  -17.439  -43.920  36.754 0.1111110002
33099  -22.800  -40.895  34.976 0.1111110002
36551  -28.957  -36.609  35.264 0.1111110002
37509  -30.688  -36.156  35.027 0.1111110002
37510  -31.560  -35.877  35.192 0.1111110002
29959  -17.178  -44.089  35.209 0.1111110002
30738  -17.810  -43.671  35.841 0.1111110002
33114  -23.344  -40.642  34.398 0.1111110002
36549  -27.141  -36.812  35.459 0.1111110002
36550  -28.112  -36.763  35.517 0.1111110002
106812  -29.081  -36.464  34.753 0.1111110002
36566  -30.105  -36.018  34.083 0.1111110002
30741  -17.749  -43.621  34.805 0.1111110002
33113  -22.577  -40.804  34.113 0.1111110002
95526  -29.217  -36.350  34.238 0.1111110002
30742  -18.276  -43.145  34.271 0.1111110002
97946  -21.707  -40.710  32.470 0.1111110002
33129  -22.290  -40.715  33.177 0.1111110002
31549  -18.060  -42.974  33.334 0.1111110002
31561  -18.268  -42.226  31.905 0.1111110002
107621  -20.788  -40.912  32.128 0.1111110002
33142  -21.661  -40.538  31.649 0.1111110002
33143  -22.387  -40.541  32.306 0.1111110002
31560  -17.755  -42.786  32.409 0.1111110002
106906  -22.473  -40.448  31.623 0.1111110002
31569  -17.503  -42.744  31.426 0.1111110002
32366  -20.145  -40.827  31.189 0.1111110002
33158  -20.837  -40.604  31.179 0.1111110002
31570  -17.981  -42.185  30.883 0.1111110002
33157  -19.868  -40.683  30.351 0.1111110002
32375  -19.062  -41.149  29.877 0.1111110002
33185  -19.549  -40.679  29.429 0.1111110002
29045  -5.057  -45.221  50.972 0.3333329856
29049  -3.489  -45.296  50.194 0.2222220004
29050  -4.292  -44.664  50.269 0.1111110002
29871  -5.127  -44.496  47.899 0.2222220004
29872  -5.888  -44.018  47.660 0.1111110002
29082  -5.120  -45.358  46.444 0.1111110002
29881  -5.494  -44.651  46.993 0.1111110002
92634  -9.296  -46.654  44.013 0.3333329856
28311  -9.869  -46.258  43.428 0.2222220004
31429  -25.148  -41.756  42.686 0.1111110002
31438  -25.016  -41.951  42.249 0.1111110002
29132  -12.136  -45.295  42.211 0.1111110002
31465  -24.573  -41.852  41.188 0.2222220004
41008  -33.780  -31.593  39.026 0.6666669846
40993  -34.841  -31.247  40.074 0.8888890147
40976  -35.006  -31.542  40.304 0.8888890147
32243  -24.116  -41.629  40.464 0.1111110002
36489  -25.238  -37.456  39.954 0.3333329856
40104  -33.188  -32.461  38.395 0.4444440007
42705  -36.030  -30.252  39.909 0.8888890147
32256  -22.847  -41.492  39.267 0.1111110002
93600  -24.167  -41.080  39.062 0.1111110002
36475  -24.556  -37.066  40.616 0.2222220004
39240  -33.211  -33.406  37.548 0.4444440007
40118  -33.713  -32.718  37.380 0.3333329856
29943  -18.636  -43.448  38.611 0.1111110002
32271  -22.681  -41.309  38.309 0.1111110002
32272  -23.478  -41.137  38.701 0.1111110002
36488  -24.275  -37.396  39.456 0.1111110002
38426  -33.254  -34.120  37.006 0.1111110002
39252  -33.759  -33.532  36.680 0.1111110002
29950  -17.338  -44.045  37.617 0.1111110002
30728  -18.420  -43.349  37.899 0.1111110002
30735  -18.633  -43.083  37.144 0.1111110002
32286  -22.541  -41.224  37.346 0.1111110002
106883  -25.056  -37.655  39.292 0.1111110002
38440  -33.490  -34.398  36.262 0.1111110002
39266  -34.004  -33.888  35.733 0.1111110002
29951  -17.951  -43.571  37.392 0.1111110002
29955  -18.130  -43.403  36.626 0.1111110002
108049  -18.544  -43.091  36.535 0.1111110002
32285  -21.726  -41.487  37.050 0.1111110002
32304  -23.175  -41.010  36.717 0.1111110002
35623  -24.997  -37.728  38.600 0.1111110002
35651  -25.500  -37.692  37.671 0.1111110002
38439  -33.048  -35.003  35.823 0.1111110002
38451  -33.036  -34.968  34.911 0.1111110002
93212  -18.457  -43.170  36.074 0.1111110002
107500  -18.781  -42.951  35.764 0.1111110002
32317  -21.498  -41.487  35.351 0.1111110002
32303  -22.396  -41.231  36.455 0.1111110002
32319  -22.995  -40.998  35.851 0.1111110002
31542  -18.854  -42.863  34.649 0.1111110002
31543  -19.337  -42.531  34.543 0.1111110002
32334  -22.048  -41.136  34.719 0.1111110002
37520  -31.135  -35.784  34.366 0.1111110002
37521  -31.905  -35.650  34.595 0.1111110002
32331  -19.739  -42.145  33.883 0.1111110002
32332  -20.540  -41.792  34.251 0.1111110002
32343  -21.036  -41.359  33.667 0.1111110002
33112  -21.787  -41.046  33.866 0.1111110002
95621  -27.596  -36.631  34.705 0.1111110002
90747  -18.887  -42.627  33.797 0.1111110002
90844  -19.739  -41.869  33.100 0.1111110002
32342  -20.329  -41.645  33.414 0.1111110002
33128  -21.406  -40.985  33.048 0.1111110002
36548  -26.251  -36.866  35.366 0.1111110002
36564  -28.486  -36.529  34.575 0.1111110002
36579  -28.603  -36.380  33.695 0.1111110002
36580  -29.323  -36.144  33.463 0.1111110002
94328  -18.569  -42.430  32.839 0.1111110002
31550  -19.239  -42.187  33.198 0.1111110002
32354  -19.209  -41.864  32.408 0.1111110002
32355  -20.102  -41.466  32.636 0.1111110002
96550  -26.761  -36.662  34.667 0.1111110002
32364  -18.813  -41.688  31.371 0.1111110002
32365  -19.337  -41.171  30.831 0.1111110002
32374  -18.523  -41.667  30.357 0.1111110002
29845  -5.476  -44.543  51.016 0.2222220004
29843  -3.944  -45.060  50.874 0.2222220004
29844  -4.594  -44.910  51.063 0.2222220004
106113  -5.083  -44.438  50.606 0.2222220004
103669  -6.144  -44.185  51.030 0.4444440007
29850  -5.203  -44.175  49.789 0.2222220004
107345  -5.748  -43.847  49.616 0.2222220004
30635  -6.367  -43.615  49.430 0.3333329856
29860  -5.588  -43.943  48.771 0.2222220004
29861  -6.295  -43.665  48.333 0.2222220004
30648  -6.669  -43.554  47.424 0.1111110002
29882  -6.175  -44.135  46.725 0.1111110002
92299  -34.500  -31.035  39.444 0.7777780294
40105  -33.818  -31.902  37.939 0.7777780294
41885  -35.019  -30.413  39.519 0.7777780294
99954  -36.087  -30.309  39.980 0.8888890147
31493  -22.042  -41.720  38.900 0.2222220004
106151  -22.636  -36.573  41.461 0.1111110002
37416  -23.299  -36.639  41.795 0.2222220004
36459  -23.844  -36.755  41.373 0.2222220004
41009  -34.326  -31.150  38.309 0.7777780294
42711  -36.762  -29.477  39.145 0.8888890147
30719  -19.212  -43.153  38.827 0.1111110002
37433  -23.007  -36.581  41.058 0.1111110002
36474  -23.608  -36.918  40.384 0.1111110002
40131  -34.130  -32.794  36.697 0.1111110002
41022  -34.546  -31.222  37.327 0.3333329856
41912  -35.038  -30.574  36.679 0.4444440007
30729  -19.078  -42.967  38.029 0.1111110002
30730  -19.745  -42.541  37.877 0.1111110002
31505  -21.051  -41.840  37.647 0.2222220004
32270  -21.849  -41.540  37.968 0.1111110002
36473  -22.775  -36.695  40.180 0.1111110002
36487  -23.358  -36.963  39.591 0.1111110002
38452  -33.589  -34.520  35.351 0.1111110002
40144  -34.802  -32.694  35.427 0.1111110002
41032  -35.217  -31.133  35.774 0.3333329856
31503  -19.406  -42.620  37.171 0.1111110002
31520  -20.407  -41.975  36.439 0.1111110002
31521  -20.979  -41.749  36.751 0.1111110002
96242  -23.403  -37.082  38.730 0.1111110002
36503  -24.172  -37.476  38.478 0.1111110002
35650  -24.487  -37.538  37.631 0.1111110002
39267  -34.513  -33.419  35.173 0.1111110002
41039  -34.973  -31.916  35.666 0.2222220004
31532  -19.162  -42.707  35.334 0.1111110002
31519  -19.808  -42.322  36.452 0.1111110002
31535  -20.923  -41.760  35.943 0.1111110002
32302  -21.641  -41.499  36.187 0.1111110002
35662  -25.175  -37.445  36.777 0.1111110002
31533  -19.639  -42.424  35.786 0.1111110002
31534  -20.225  -42.067  35.802 0.1111110002
32316  -20.753  -41.816  35.136 0.1111110002
90707  -24.314  -37.208  36.595 0.1111110002
36528  -25.743  -37.176  36.067 0.1111110002
32333  -21.293  -41.438  34.489 0.1111110002
37535  -30.850  -35.689  33.427 0.1111110002
91341  -27.861  -36.526  33.921 0.1111110002
30621  -5.897  -43.934  50.490 0.3333329856
30622  -6.855  -43.759  50.520 0.2222220004
91739  -7.381  -43.476  49.769 0.2222220004
30649  -7.519  -43.186  47.699 0.1111110002
31368  -13.555  -42.844  48.751 0.1111110002
90229  -7.020  -43.389  48.551 0.1111110002
91749  -23.053  -37.236  43.358 0.3333329856
42708  -35.444  -29.847  39.013 0.7777780294
42710  -36.192  -29.654  39.665 0.8888890147
37400  -22.686  -36.628  42.026 0.1111110002
42720  -35.293  -29.797  38.385 0.7777780294
43473  -36.110  -29.194  39.324 0.7777780294
43480  -37.798  -28.949  38.042 0.8888890147
37399  -21.901  -36.646  41.812 0.1111110002
41903  -34.816  -30.450  37.820 0.6666669846
37432  -22.169  -36.528  40.761 0.1111110002
42724  -35.317  -29.773  37.363 0.4444440007
42731  -35.580  -29.398  35.484 0.4444440007
30636  -8.026  -43.168  48.851 0.1111110002
30637  -8.859  -43.129  49.430 0.1111110002
31364  -9.646  -42.919  49.199 0.1111110002
31378  -11.202  -42.690  48.485 0.1111110002
30669  -19.752  -42.552  45.697 0.5555559993
34764  -22.624  -38.906  44.500 0.4444440007
106074  -21.922  -38.885  44.445 0.4444440007
35583  -22.351  -37.856  43.597 0.4444440007
91851  -21.850  -39.413  44.790 0.4444440007
106987  -22.946  -36.994  43.064 0.2222220004
100309  -20.894  -38.569  43.799 0.3333329856
35572  -20.958  -38.842  44.204 0.3333329856
36441  -22.037  -37.061  42.716 0.2222220004
36442  -22.760  -36.866  42.779 0.2222220004
43474  -36.504  -29.103  38.761 0.7777780294
44268  -36.953  -28.655  38.170 0.7777780294
35593  -21.107  -38.103  43.300 0.2222220004
103308  -21.705  -37.612  43.131 0.2222220004
36450  -22.376  -36.746  42.346 0.1111110002
43478  -36.177  -28.777  38.507 0.7777780294
44274  -37.519  -28.389  37.763 0.8888890147
36440  -21.269  -37.487  42.704 0.1111110002
42721  -35.803  -29.016  37.924 0.7777780294
43484  -36.182  -28.371  37.861 0.7777780294
31359  -15.059  -42.817  48.894 0.5555559993
31370  -15.530  -42.568  48.442 0.5555559993
31371  -16.426  -42.687  48.400 0.5555559993
32165  -16.471  -42.089  48.202 0.5555559993
32166  -17.132  -42.171  48.098 0.5555559993
31382  -17.683  -42.134  47.850 0.5555559993
32996  -20.334  -40.448  45.813 0.5555559993
33886  -20.221  -39.954  45.548 0.3333329856
32997  -21.101  -40.245  45.391 0.4444440007
43485  -39.063  -27.723  37.041 0.8888890147
34761  -19.872  -39.293  44.654 0.3333329856
34763  -21.140  -39.251  44.645 0.4444440007
45128  -38.622  -27.516  37.076 0.8888890147
34773  -20.410  -38.999  44.188 0.2222220004
44280  -37.505  -27.956  37.416 0.7777780294
96691  -39.126  -28.453  37.141 0.8888890147
35600  -20.516  -37.542  42.033 0.1111110002
35592  -20.809  -38.076  43.080 0.1111110002
35601  -20.676  -37.778  42.565 0.1111110002
31383  -18.184  -42.198  47.561 0.5555559993
106463  -17.101  -41.829  47.937 0.6666669846
32173  -17.631  -41.747  47.734 0.6666669846
32174  -18.148  -41.623  47.460 0.6666669846
32183  -19.504  -41.428  46.455 0.5555559993
32995  -19.636  -40.327  46.068 0.4444440007
45135  -38.348  -27.087  36.710 0.8888890147
45134  -37.672  -27.250  36.690 0.7777780294
44287  -36.693  -27.861  36.770 0.6666669846
45136  -39.173  -27.072  36.587 0.7777780294
44289  -40.189  -27.156  35.921 0.8888890147
45144  -38.673  -26.786  36.016 0.7777780294
45142  -37.065  -27.467  36.296 0.6666669846
44305  -36.720  -27.646  34.856 0.5555559993
108617  -37.447  -27.331  34.871 0.6666669846
44318  -35.416  -27.891  33.740 0.5555559993
44307  -38.166  -27.130  34.437 0.6666669846
45154  -38.936  -26.698  35.198 0.7777780294
45147  -41.108  -26.494  35.105 0.7777780294
44306  -37.224  -27.593  34.174 0.6666669846
93246  -36.928  -27.768  33.335 0.6666669846
93417  -35.992  -27.834  33.160 0.5555559993
42035  -44.867  -30.375  24.204 0.4444440007
45155  -39.887  -26.391  35.038 0.6666669846
45148  -41.636  -26.580  34.848 0.8888890147
45167  -39.176  -26.826  34.333 0.6666669846
42049  -44.718  -30.624  23.472 0.4444440007
41170  -43.948  -30.989  22.430 0.4444440007
41157  -44.029  -30.790  23.073 0.4444440007
45156  -40.738  -26.282  34.780 0.6666669846
45168  -40.161  -26.470  34.023 0.6666669846
44333  -37.587  -27.853  32.651 0.6666669846
44345  -36.487  -27.963  31.571 0.4444440007
93122  -35.584  -27.829  31.398 0.3333329856
44358  -35.200  -27.742  30.657 0.3333329856
44357  -34.176  -27.608  30.473 0.2222220004
91366  -33.387  -27.639  30.341 0.1111110002
42063  -44.878  -30.827  22.822 0.5555559993
42084  -44.251  -31.117  21.060 0.4444440007
94356  -44.530  -31.072  22.011 0.6666669846
96264  -41.179  -25.969  34.081 0.6666669846
44334  -38.524  -27.707  32.815 0.6666669846
96935  -38.120  -28.076  32.043 0.6666669846
44346  -37.383  -28.129  31.801 0.4444440007
44359  -36.212  -28.092  30.781 0.3333329856
44371  -33.799  -27.621  29.772 0.1111110002
90855  -33.295  -27.627  29.143 0.1111110002
42026  -45.439  -29.959  24.826 0.4444440007
104396  -44.984  -31.000  20.848 0.4444440007
42099  -44.921  -30.684  19.422 0.3333329856
96047  -48.983  -29.657  22.866 0.5555559993
42114  -45.323  -30.391  18.700 0.4444440007
97336  -47.483  -30.569  20.366 0.4444440007
42087  -48.042  -30.449  21.055 0.4444440007
98453  -46.300  -30.358  18.713 0.4444440007
42101  -46.902  -30.555  19.545 0.4444440007
44335  -39.403  -27.584  32.511 0.6666669846
44347  -38.867  -28.086  31.863 0.6666669846
43528  -37.140  -28.422  31.011 0.3333329856
43540  -35.921  -28.165  29.979 0.3333329856
44372  -34.872  -27.815  29.700 0.3333329856
94190  -34.181  -27.685  29.183 0.1111110002
102527  -45.277  -30.920  22.313 0.6666669846
42064  -45.827  -30.745  22.860 0.6666669846
41183  -45.110  -31.015  21.595 0.6666669846
41171  -45.982  -30.862  22.066 0.6666669846
42085  -45.697  -30.890  21.114 0.5555559993
42076  -46.888  -30.714  22.059 0.4444440007
42066  -47.417  -30.525  22.726 0.6666669846
42039  -48.092  -29.881  24.055 0.7777780294
102531  -45.388  -30.853  20.229 0.4444440007
104876  -46.406  -30.772  21.392 0.4444440007
42086  -47.138  -30.630  21.218 0.4444440007
42077  -47.747  -30.551  21.925 0.4444440007
42067  -48.327  -30.182  22.621 0.7777780294
42053  -48.507  -29.802  23.430 0.7777780294
42100  -45.842  -30.597  19.498 0.4444440007
95847  -46.383  -30.703  20.476 0.4444440007
42125  -45.674  -30.071  17.866 0.4444440007
95092  -41.687  -25.881  33.428 0.6666669846
45179  -40.839  -26.559  32.877 0.6666669846
45181  -42.551  -25.624  33.203 0.6666669846
108380  -40.085  -27.325  32.318 0.6666669846
43529  -38.180  -28.515  31.242 0.4444440007
43541  -36.807  -28.646  30.244 0.3333329856
44386  -34.878  -27.974  28.794 0.1111110002
44385  -33.939  -27.717  28.489 0.1111110002
42051  -46.489  -30.498  23.420 0.6666669846
42065  -46.626  -30.665  22.779 0.6666669846
94039  -47.119  -30.462  23.274 0.6666669846
105182  -47.062  -25.928  25.098 0.5555559993
46057  -47.670  -26.121  24.953 0.5555559993
42052  -47.795  -30.252  23.385 0.6666669846
46072  -47.446  -25.971  24.543 0.5555559993
45273  -44.891  -26.818  22.185 0.4444440007
45258  -46.462  -26.393  23.106 0.4444440007
44466  -43.504  -27.146  21.471 0.3333329856
102905  -44.100  -26.900  22.075 0.3333329856
45274  -45.864  -26.695  22.234 0.4444440007
44479  -42.491  -27.393  21.161 0.3333329856
44493  -43.241  -27.261  20.425 0.3333329856
45285  -44.477  -26.998  21.377 0.3333329856
45286  -45.374  -26.842  21.368 0.4444440007
45275  -46.859  -26.521  22.211 0.5555559993
44492  -42.489  -27.423  20.169 0.3333329856
45296  -44.075  -27.086  20.614 0.3333329856
45287  -46.293  -26.636  21.392 0.4444440007
44500  -41.934  -27.454  19.416 0.2222220004
45295  -43.808  -26.963  19.812 0.3333329856
94763  -44.903  -26.872  20.599 0.3333329856
45304  -43.168  -26.335  18.462 0.3333329856
108413  -43.685  -26.640  19.110 0.3333329856
45315  -42.314  -26.136  17.870 0.2222220004
44349  -40.501  -27.379  31.612 0.6666669846
108400  -43.154  -25.408  32.934 0.6666669846
44348  -39.681  -27.861  31.696 0.6666669846
45189  -41.273  -26.690  31.780 0.6666669846
43543  -38.586  -28.836  30.471 0.6666669846
43542  -37.749  -28.852  30.406 0.2222220004
45999  -43.010  -25.517  32.334 0.7777780294
43554  -36.509  -28.736  29.457 0.2222220004
43553  -35.710  -28.288  29.163 0.2222220004
46083  -45.190  -25.883  24.270 0.5555559993
46070  -45.914  -25.679  24.911 0.6666669846
96502  -44.246  -26.661  22.862 0.4444440007
46084  -46.129  -25.965  24.051 0.5555559993
45272  -43.430  -26.859  22.516 0.3333329856
45257  -45.300  -26.464  23.226 0.4444440007
45299  -47.512  -25.809  20.923 0.3333329856
45298  -46.674  -26.232  20.676 0.4444440007
95860  -44.466  -26.824  20.022 0.3333329856
45305  -45.178  -26.344  19.758 0.4444440007
45297  -45.781  -26.578  20.565 0.4444440007
91986  -44.331  -26.485  19.379 0.3333329856
102950  -43.559  -25.579  18.398 0.2222220004
90275  -42.110  -26.087  31.669 0.6666669846
45190  -41.495  -26.689  31.039 0.6666669846
45191  -43.023  -25.715  31.087 0.7777780294
44360  -39.999  -27.982  31.008 0.6666669846
44350  -40.978  -27.099  31.039 0.6666669846
46000  -43.931  -25.298  31.814 0.7777780294
43530  -39.264  -28.514  30.967 0.5555559993
43544  -39.974  -28.282  30.165 0.6666669846
91431  -42.029  -26.375  30.579 0.6666669846
43555  -37.398  -29.011  29.620 0.3333329856
46043  -46.843  -25.356  26.246 0.7777780294
107646  -45.174  -25.570  25.024 0.6666669846
46054  -45.672  -25.263  25.579 0.6666669846
45247  -41.967  -26.676  23.851 0.3333329856
91001  -42.762  -26.488  23.812 0.3333329856
45256  -43.448  -26.519  23.398 0.4444440007
46069  -44.377  -25.784  24.701 0.5555559993
92125  -42.649  -26.733  23.099 0.3333329856
44465  -42.644  -27.066  22.177 0.3333329856
45306  -46.149  -25.892  19.945 0.4444440007
46127  -46.993  -25.427  20.303 0.4444440007
46136  -45.528  -25.337  19.453 0.4444440007
46150  -44.167  -25.166  18.626 0.3333329856
46135  -44.728  -25.707  19.058 0.4444440007
44361  -40.564  -27.633  30.637 0.6666669846
45200  -42.674  -26.073  29.971 0.6666669846
46005  -44.457  -25.267  30.456 0.7777780294
92537  -39.135  -29.082  29.259 0.5555559993
94270  -39.226  -28.861  29.999 0.5555559993
97656  -44.023  -25.418  29.749 0.7777780294
46020  -45.380  -25.030  28.931 0.7777780294
43556  -38.392  -29.139  29.666 0.3333329856
109197  -45.331  -24.916  28.188 0.7777780294
45230  -42.154  -26.348  26.429 0.5555559993
46031  -46.072  -24.833  28.043 0.7777780294
91023  -46.518  -24.948  27.057 0.7777780294
45239  -42.840  -26.045  25.882 0.5555559993
46052  -43.795  -25.620  26.237 0.5555559993
46068  -43.603  -25.808  25.283 0.5555559993
94992  -45.392  -24.978  26.186 0.6666669846
93042  -46.153  -24.966  26.235 0.6666669846
97901  -41.927  -26.527  24.762 0.3333329856
90219  -42.681  -26.214  25.030 0.5555559993
45246  -41.210  -26.754  24.447 0.3333329856
103468  -42.519  -26.416  24.361 0.3333329856
45248  -43.357  -26.125  24.316 0.4444440007
46137  -46.420  -24.949  19.790 0.3333329856
46932  -47.256  -24.568  20.276 0.3333329856
46951  -45.716  -24.485  19.614 0.3333329856
46950  -44.879  -24.788  19.082 0.4444440007
44373  -40.638  -27.659  29.757 0.6666669846
44362  -41.213  -27.018  30.255 0.6666669846
45199  -41.881  -26.608  29.616 0.6666669846
44374  -41.195  -27.108  29.250 0.6666669846
45215  -42.405  -26.372  28.170 0.7777780294
46019  -44.091  -25.377  28.943 0.7777780294
44387  -40.596  -27.581  28.867 0.6666669846
45207  -41.791  -26.711  28.696 0.6666669846
45216  -43.121  -25.899  28.542 0.6666669846
46030  -44.577  -25.170  28.175 0.6666669846
45223  -42.292  -26.361  27.302 0.6666669846
46040  -43.959  -25.483  27.307 0.6666669846
100325  -45.080  -24.948  27.555 0.7777780294
46042  -45.687  -24.867  26.959 0.7777780294
45231  -42.997  -25.994  26.800 0.5555559993
46041  -44.752  -25.125  26.627 0.6666669846
46053  -44.679  -25.403  25.654 0.5555559993
46952  -46.807  -23.899  20.164 0.3333329856
31358  -13.994  -42.935  49.054 0.3333329856
31380  -12.921  -42.587  48.101 0.1111110002
31366  -12.037  -42.847  48.882 0.1111110002
31369  -14.488  -42.746  48.577 0.2222220004
31394  -20.033  -41.878  45.903 0.6666669846
32184  -20.243  -41.158  45.982 0.5555559993
31393  -19.344  -42.164  46.475 0.5555559993
31392  -18.682  -42.504  47.030 0.6666669846
31376  -8.848  -42.828  48.407 0.1111110002
33014  -25.068  -40.497  44.061 0.3333329856
31356  -12.309  -43.349  49.254 0.1111110002
33930  -28.592  -38.696  42.948 0.4444440007
34786  -29.823  -37.716  42.882 0.5555559993
31357  -13.184  -43.259  49.096 0.2222220004
33004  -21.782  -40.614  45.044 0.6666669846
93945  -24.169  -42.151  41.697 0.2222220004
90770  -28.537  -35.385  43.387 0.7777780294
33887  -21.005  -39.767  45.174 0.4444440007
37384  -23.180  -36.736  42.629 0.2222220004
36461  -26.243  -36.652  41.464 0.5555559993
31480  -23.144  -41.799  40.195 0.2222220004
37422  -29.029  -35.106  41.777 0.5555559993
38386  -30.471  -34.428  42.044 0.7777780294
31372  -17.228  -42.586  48.094 0.5555559993
92089  -17.893  -43.791  38.260 0.1111110002
40055  -33.143  -32.773  41.125 0.8888890147
43475  -37.140  -29.000  38.411 0.7777780294
44275  -38.233  -28.206  37.464 0.8888890147
45145  -39.561  -26.717  35.797 0.7777780294
45158  -42.211  -26.396  34.485 0.7777780294
46006  -45.226  -25.172  30.538 0.7777780294
95733  -47.165  -26.355  21.466 0.5555559993
45288  -47.828  -26.017  21.564 0.4444440007
46128  -48.105  -24.725  20.754 0.3333329856
34801  -30.408  -38.515  41.476 0.2222220004
35574  -22.512  -38.349  44.094 0.4444440007
92088  -16.881  -44.379  37.084 0.1111110002
44281  -38.649  -27.734  37.174 0.8888890147
45192  -43.964  -25.350  30.999 0.7777780294
46055  -46.510  -25.531  25.515 0.6666669846
34810  -30.728  -38.863  40.779 0.1111110002
91954  -31.098  -38.042  41.327 0.3333329856
33962  -31.593  -39.046  39.586 0.2222220004
33948  -29.317  -39.956  41.342 0.2222220004
33045  -29.401  -41.199  40.397 0.2222220004
33046  -29.924  -40.937  40.131 0.1111110002
32262  -30.854  -41.945  38.687 0.1111110002
102868  -29.645  -42.228  38.770 0.1111110002
104423  -30.499  -42.171  38.611 0.1111110002
102663  -30.438  -42.310  38.308 0.1111110002
31496  -31.012  -42.260  38.209 0.1111110002
31522  -30.304  -42.333  37.341 0.1111110002
31523  -31.067  -42.522  37.070 0.1111110002
31508  -30.752  -42.420  37.718 0.1111110002
33030  -28.672  -40.271  41.737 0.2222220004
33036  -28.454  -41.011  41.425 0.2222220004
32247  -29.230  -41.621  40.066 0.2222220004
31469  -28.397  -41.718  40.116 0.2222220004
31483  -28.936  -42.015  39.431 0.2222220004
31494  -28.419  -41.890  39.169 0.1111110002
32277  -28.671  -41.971  38.476 0.1111110002
27553  -4.867  -46.835  49.974 0.3333329856
34776  -27.596  -38.547  43.764 0.5555559993
33938  -28.302  -39.722  42.456 0.2222220004
32224  -27.756  -41.139  41.711 0.2222220004
36464  -28.481  -35.732  41.144 0.4444440007
38395  -30.591  -34.291  41.053 0.5555559993
37450  -29.717  -35.909  39.837 0.4444440007
37451  -30.402  -35.510  39.487 0.4444440007
33928  -27.536  -39.293  43.379 0.3333329856
33023  -26.460  -40.804  43.110 0.3333329856
32214  -27.350  -40.924  42.312 0.2222220004
33024  -27.584  -40.162  42.765 0.2222220004
102881  -27.721  -37.214  40.169 0.4444440007
35615  -27.025  -37.402  40.185 0.4444440007
93120  -28.127  -36.587  40.566 0.4444440007
36477  -26.546  -36.962  40.806 0.3333329856
38405  -31.268  -34.177  39.587 0.5555559993
37452  -31.009  -35.040  39.083 0.4444440007
36504  -29.758  -37.003  38.580 0.1111110002
38414  -32.157  -33.988  38.409 0.5555559993
32275  -27.006  -41.471  38.828 0.1111110002
35639  -27.998  -37.678  38.685 0.2222220004
35641  -29.348  -37.275  37.853 0.1111110002
37465  -30.806  -35.952  38.718 0.3333329856
103686  -30.022  -36.990  37.899 0.1111110002
37480  -31.132  -36.318  37.945 0.2222220004
33076  -25.531  -40.887  37.324 0.1111110002
89981  -30.575  -36.753  37.398 0.1111110002
33917  -26.000  -39.543  44.161 0.4444440007
91872  -26.083  -41.255  42.836 0.3333329856
105285  -26.860  -41.457  41.706 0.2222220004
31466  -25.561  -41.724  41.146 0.1111110002
31453  -26.320  -41.589  41.717 0.2222220004
96104  -35.761  -31.168  39.943 0.8888890147
32273  -24.937  -41.115  38.873 0.1111110002
37482  -32.270  -35.690  36.860 0.1111110002
36533  -30.094  -36.723  36.534 0.1111110002
92977  -32.002  -35.908  36.016 0.1111110002
90726  -22.114  -40.357  30.967 0.1111110002
31439  -25.724  -41.697  42.193 0.1111110002
40992  -33.988  -31.561  39.922 0.7777780294
31451  -24.891  -41.958  41.752 0.1111110002
32258  -24.632  -41.354  39.740 0.1111110002
41878  -35.571  -30.815  39.829 0.8888890147
29185  -16.255  -44.854  37.157 0.1111110002
93290  -17.083  -44.194  36.042 0.1111110002
33100  -23.561  -40.753  35.235 0.1111110002
32318  -22.239  -41.212  35.599 0.1111110002
94329  -17.551  -43.498  33.839 0.1111110002
30739  -18.454  -43.165  35.264 0.1111110002
33159  -21.384  -40.425  30.873 0.1111110002
32257  -23.707  -41.352  39.597 0.1111110002
42709  -35.881  -29.861  39.711 0.7777780294
39253  -34.334  -33.160  36.020 0.1111110002
39281  -34.121  -34.018  34.841 0.1111110002
30736  -19.046  -42.777  36.289 0.1111110002
38463  -33.645  -34.535  34.439 0.1111110002
31544  -19.927  -42.221  34.975 0.1111110002
103149  -20.746  -41.264  32.980 0.1111110002
94130  -19.728  -41.283  31.772 0.1111110002
108534  -34.186  -31.586  37.646 0.6666669846
41894  -34.850  -30.416  38.866 0.7777780294
40119  -34.220  -32.036  37.092 0.2222220004
40132  -34.571  -32.387  36.248 0.2222220004
41031  -34.772  -31.552  36.467 0.3333329856
39282  -34.580  -33.572  34.463 0.1111110002
42714  -35.832  -29.323  38.986 0.7777780294
43479  -36.537  -28.649  38.175 0.7777780294
96081  -35.523  -29.684  36.413 0.4444440007
42725  -35.705  -29.155  36.972 0.7777780294
43488  -35.981  -28.521  36.906 0.7777780294
36429  -22.412  -37.279  43.139 0.3333329856
108377  -21.984  -37.716  43.351 0.2222220004
35573  -21.688  -38.585  44.079 0.4444440007
35581  -20.593  -38.539  43.625 0.2222220004
35582  -21.498  -38.219  43.591 0.2222220004
36449  -21.650  -36.880  42.180 0.1111110002
44272  -36.347  -28.369  37.882 0.7777780294
44279  -36.854  -28.042  37.415 0.7777780294
36448  -20.941  -37.162  41.987 0.1111110002
107931  -35.963  -28.299  36.319 0.7777780294
32175  -19.776  -41.050  46.410 0.4444440007
33885  -19.594  -39.993  45.763 0.3333329856
107302  -20.671  -40.176  45.520 0.4444440007
33899  -20.001  -39.618  45.257 0.3333329856
34757  -20.501  -39.618  45.073 0.3333329856
34762  -20.436  -39.346  44.691 0.3333329856
100570  -38.120  -27.848  37.311 0.8888890147
35591  -20.370  -38.365  43.229 0.1111110002
45126  -37.310  -27.626  36.972 0.6666669846
103649  -19.101  -41.063  46.733 0.5555559993
44296  -37.221  -27.333  35.536 0.6666669846
45153  -38.011  -26.938  35.348 0.7777780294
44295  -36.524  -27.735  35.586 0.5555559993
44304  -35.846  -27.887  34.738 0.5555559993
44319  -36.291  -27.738  34.023 0.5555559993
99765  -36.689  -27.867  32.484 0.5555559993
44320  -37.835  -27.588  33.506 0.6666669846
95105  -35.751  -27.843  32.306 0.4444440007
44321  -38.585  -27.286  33.694 0.6666669846
44322  -39.285  -27.163  33.413 0.6666669846
42078  -48.599  -30.185  21.614 0.3333329856
45178  -39.936  -26.985  33.009 0.6666669846
45180  -41.784  -25.991  32.588 0.6666669846
106855  -42.366  -25.742  32.478 0.6666669846
46071  -46.702  -25.886  24.756 0.6666669846
44502  -42.988  -27.098  19.367 0.2222220004
45249  -44.302  -26.183  23.769 0.4444440007
45209  -43.273  -25.781  29.392 0.7777780294
45208  -42.506  -26.277  29.045 0.6666669846
45214  -41.690  -26.716  27.815 0.6666669846
46029  -43.716  -25.585  28.121 0.6666669846
31367  -12.698  -42.890  48.958 0.1111110002
31384  -18.750  -41.655  47.050 0.6666669846
34821  -32.991  -38.251  38.868 0.3333329856
35642  -33.724  -37.910  38.507 0.4444440007
35630  -33.982  -37.052  39.060 0.4444440007
35643  -34.514  -37.528  38.103 0.3333329856
34830  -33.478  -38.911  38.103 0.2222220004
34831  -34.270  -38.556  37.759 0.3333329856
104702  -34.985  -38.306  37.471 0.2222220004
33982  -34.904  -40.261  37.085 0.2222220004
94367  -35.556  -39.567  36.908 0.2222220004
104538  -35.811  -38.665  37.070 0.2222220004
41040  -35.280  -31.542  35.179 0.2222220004
40157  -35.398  -32.238  34.146 0.2222220004
41913  -35.448  -30.292  35.686 0.2222220004
92571  -35.789  -28.795  36.161 0.5555559993
42730  -35.631  -28.642  35.123 0.4444440007
44278  -36.346  -28.186  37.303 0.6666669846
44286  -36.191  -28.072  36.427 0.5555559993
44294  -36.025  -28.005  35.613 0.5555559993
43494  -35.908  -28.301  35.734 0.5555559993
43501  -35.001  -28.537  34.326 0.4444440007
44303  -35.099  -28.126  34.087 0.4444440007
44317  -34.706  -28.040  33.320 0.3333329856
43558  -40.151  -28.047  29.335 0.5555559993
43571  -39.950  -28.091  28.516 0.5555559993
103981  -39.961  -27.804  27.672 0.3333329856
44400  -40.498  -27.481  28.002 0.4444440007
44388  -41.108  -27.074  28.346 0.5555559993
99901  -40.350  -27.369  27.179 0.3333329856
102595  -39.613  -27.860  26.873 0.3333329856
44409  -40.205  -27.265  26.458 0.3333329856
45229  -41.388  -26.643  26.101 0.3333329856
45238  -42.022  -26.407  25.579 0.3333329856
45237  -41.288  -26.672  25.268 0.3333329856
47778  -44.911  -23.962  19.513 0.3333329856
47762  -43.711  -23.043  20.912 0.3333329856
47761  -42.849  -23.206  20.587 0.2222220004
49190  -41.971  -22.382  20.341 0.1111110002
50730  -41.724  -20.477  18.414 0.1111110002
49915  -42.956  -20.546  20.678 0.2222220004
49177  -42.548  -21.599  20.729 0.2222220004
49933  -42.120  -20.409  19.122 0.2222220004
50723  -42.764  -19.935  19.626 0.2222220004
49925  -42.267  -20.829  19.915 0.1111110002
50731  -42.292  -19.766  18.525 0.1111110002
107645  -42.561  -19.239  18.267 0.1111110002
51486  -42.763  -18.778  18.026 0.2222220004
51476  -42.946  -19.124  18.871 0.1111110002
51477  -43.709  -18.603  19.419 0.2222220004
51487  -43.386  -18.374  18.522 0.2222220004
52171  -43.040  -18.036  17.733 0.2222220004
50715  -43.544  -19.687  20.577 0.1111110002
52182  -43.423  -17.283  17.474 0.1111110002
52172  -43.722  -17.620  18.239 0.2222220004
51478  -44.509  -18.099  20.034 0.1111110002
52162  -44.029  -17.820  19.137 0.2222220004
52163  -44.953  -17.417  19.664 0.1111110002
52173  -44.491  -17.176  18.774 0.2222220004
52891  -45.578  -16.732  19.326 0.1111110002
95425  -44.840  -16.591  18.448 0.2222220004
52883  -47.267  -16.742  19.889 0.2222220004
52892  -46.807  -16.212  19.463 0.2222220004
52903  -44.618  -16.225  17.744 0.2222220004
52904  -45.684  -15.969  18.515 0.1111110002
53638  -45.279  -15.583  17.456 0.2222220004
52893  -48.007  -16.062  19.137 0.2222220004
53630  -48.009  -15.727  18.900 0.2222220004
53639  -46.338  -15.344  18.034 0.2222220004
53641  -48.222  -15.216  18.326 0.1111110002
53649  -46.035  -14.922  17.219 0.1111110002
53650  -47.011  -14.880  17.778 0.1111110002
54436  -48.392  -14.904  17.747 0.1111110002
53657  -44.972  -15.179  16.489 0.1111110002
54444  -45.971  -14.627  16.358 0.1111110002
54446  -48.327  -14.428  17.264 0.1111110002
54454  -46.901  -14.141  16.131 0.1111110002
54453  -45.855  -14.387  15.516 0.1111110002
53651  -48.727  -14.755  16.981 0.2222220004
54456  -49.231  -14.234  15.833 0.2222220004
54464  -46.582  -13.953  15.309 0.2222220004
54455  -48.668  -14.111  16.479 0.2222220004
55197  -46.851  -13.533  14.641 0.1111110002
93583  -47.977  -13.986  16.710 0.1111110002
52906  -48.464  -15.212  17.908 0.2222220004
105830  -48.623  -15.486  17.268 0.2222220004
53658  -49.303  -14.866  16.041 0.3333329856
96330  -36.487  -27.826  36.158 0.5555559993
44332  -35.096  -27.876  32.915 0.3333329856
45222  -41.539  -26.646  26.955 0.4444440007
44401  -40.979  -26.990  27.484 0.4444440007
33973  -34.151  -39.624  37.571 0.2222220004
34839  -34.989  -39.194  37.304 0.2222220004
43510  -34.615  -28.436  33.498 0.3333329856
44410  -40.830  -26.933  26.647 0.3333329856
48488  -42.631  -22.602  20.906 0.2222220004
53628  -46.765  -15.663  18.767 0.1111110002
53629  -47.471  -15.775  19.117 0.2222220004
53640  -47.529  -15.247  18.510 0.1111110002
54435  -47.962  -14.716  17.944 0.1111110002
54445  -47.202  -14.469  17.088 0.1111110002
105250  -45.199  -14.766  15.795 0.2222220004
34820  -32.314  -38.649  39.259 0.1111110002
34829  -32.719  -39.293  38.498 0.1111110002
27583  -9.014  -47.648  44.008 0.3333329856
102379  -18.626  -41.053  46.957 0.3333329856
32989  -19.126  -40.631  46.517 0.3333329856
104850  -14.864  -42.199  47.869 0.1111110002
35680  -38.753  -37.620  35.134 0.3333329856
41134  -40.622  -31.809  25.649 0.1111110002
39442  -37.103  -33.143  20.704 0.1111110002
40300  -38.463  -32.337  21.551 0.1111110002
41187  -38.783  -31.818  20.255 0.1111110002
99576  -39.310  -31.612  19.806 0.1111110002
40306  -37.499  -32.525  20.302 0.1111110002
40314  -38.030  -32.051  19.925 0.1111110002
41200  -39.590  -31.474  19.032 0.1111110002
42097  -43.054  -30.928  19.217 0.1111110002
42098  -43.672  -31.140  20.122 0.1111110002
42111  -42.207  -30.904  18.665 0.1111110002
104623  -39.587  -32.154  24.061 0.1111110002
40277  -40.063  -32.130  24.903 0.1111110002
39421  -39.054  -32.898  23.878 0.1111110002
41145  -40.256  -31.605  24.150 0.1111110002
98641  -40.765  -31.485  24.893 0.1111110002
40287  -38.725  -32.800  23.140 0.1111110002
40288  -39.212  -32.304  23.290 0.1111110002
41154  -40.664  -31.432  23.313 0.1111110002
39427  -38.286  -33.158  22.658 0.1111110002
40294  -38.732  -32.437  22.470 0.1111110002
41166  -39.412  -31.888  22.710 0.1111110002
41179  -39.702  -31.666  21.387 0.1111110002
102512  -42.785  -31.318  21.480 0.1111110002
39435  -38.030  -32.877  21.930 0.1111110002
41178  -38.981  -31.910  21.066 0.1111110002
41188  -39.660  -31.645  20.509 0.1111110002
90374  -41.036  -31.491  21.078 0.1111110002
41181  -41.909  -31.442  21.278 0.1111110002
41182  -43.658  -31.176  21.692 0.1111110002
41189  -40.672  -31.525  20.252 0.1111110002
41190  -41.620  -31.467  20.512 0.1111110002
41191  -42.435  -31.387  20.711 0.1111110002
41192  -43.284  -31.257  20.867 0.1111110002
41201  -40.609  -31.347  19.232 0.1111110002
41202  -41.463  -31.389  19.746 0.1111110002
41204  -42.811  -31.304  20.073 0.1111110002
41212  -40.847  -31.070  18.367 0.1111110002
41213  -41.483  -31.127  18.938 0.1111110002
41214  -42.196  -31.188  19.461 0.1111110002
103466  -41.565  -31.059  24.803 0.1111110002
41155  -41.708  -31.227  23.390 0.1111110002
90629  -39.841  -31.612  22.170 0.1111110002
41156  -43.076  -30.879  23.402 0.1111110002
41165  -39.148  -31.932  21.911 0.1111110002
41180  -40.439  -31.529  21.654 0.1111110002
90835  -41.283  -31.467  21.862 0.1111110002
91920  -43.088  -31.195  22.215 0.1111110002
44445  -41.071  -26.912  23.578 0.1111110002
45271  -41.774  -26.937  22.807 0.2222220004
90355  -42.004  -27.239  21.953 0.2222220004
43585  -39.545  -28.470  27.778 0.3333329856
97329  -40.578  -26.930  25.761 0.2222220004
44421  -40.115  -27.158  25.050 0.1111110002
45236  -40.711  -26.888  24.955 0.1111110002
44431  -40.402  -27.048  24.265 0.1111110002
46949  -44.104  -24.306  18.954 0.2222220004
49181  -47.452  -21.682  20.631 0.2222220004
48490  -44.184  -22.596  21.321 0.2222220004
48480  -44.638  -22.147  21.649 0.2222220004
49179  -43.975  -22.039  21.740 0.1111110002
108280  -43.671  -21.637  21.686 0.1111110002
104621  -41.903  -21.574  20.015 0.1111110002
101693  -43.341  -21.197  21.393 0.1111110002
98472  -46.505  -23.082  20.486 0.2222220004
47765  -47.644  -22.574  20.494 0.2222220004
47763  -44.712  -23.138  20.549 0.2222220004
47764  -45.674  -22.900  20.637 0.2222220004
92965  -46.357  -22.247  20.938 0.2222220004
48489  -43.407  -22.674  21.230 0.2222220004
48491  -45.092  -22.490  21.247 0.2222220004
52183  -44.070  -16.869  17.998 0.1111110002
52902  -43.813  -16.536  17.239 0.1111110002
52917  -44.275  -15.802  16.960 0.1111110002
35617  -32.379  -37.291  40.686 0.2222220004
98101  -42.170  -30.936  23.998 0.1111110002
90174  -41.123  -31.202  24.112 0.1111110002
106688  -42.385  -31.078  23.384 0.1111110002
34812  -32.002  -38.102  40.126 0.1111110002
97363  -19.217  -40.304  46.226 0.3333329856
42048  -43.949  -30.570  23.779 0.3333329856
91175  -43.334  -31.011  22.772 0.1111110002
47779  -45.770  -23.620  20.031 0.2222220004
47777  -43.879  -23.544  19.914 0.2222220004
49178  -43.237  -22.045  21.379 0.1111110002
33972  -33.280  -40.014  37.922 0.2222220004
40299  -37.781  -32.724  21.128 0.1111110002
40307  -38.241  -32.210  20.721 0.1111110002
93047  -39.969  -31.510  19.771 0.1111110002
42110  -41.550  -30.850  18.148 0.1111110002
41153  -39.780  -31.758  23.434 0.1111110002
104888  -40.003  -31.563  22.834 0.1111110002
93104  -40.292  -31.563  20.972 0.1111110002
102680  -42.210  -31.394  22.062 0.1111110002
41203  -42.123  -31.414  20.093 0.1111110002
90796  -40.181  -31.237  18.522 0.1111110002
41167  -40.598  -31.471  22.428 0.1111110002
41168  -41.501  -31.378  22.648 0.1111110002
41169  -42.500  -31.222  22.831 0.1111110002
35690  -38.551  -37.366  34.357 0.1111110002
44293  -35.631  -28.298  34.889 0.2222220004
44316  -34.192  -28.155  32.969 0.2222220004
44330  -33.697  -28.125  32.386 0.2222220004
43519  -33.510  -28.740  32.351 0.1111110002
43526  -32.776  -28.555  31.130 0.1111110002
44331  -34.305  -27.934  32.640 0.2222220004
44343  -33.881  -27.780  31.926 0.2222220004
43527  -33.167  -28.294  31.776 0.1111110002
106347  -33.331  -27.952  31.745 0.1111110002
95647  -34.378  -27.696  31.235 0.2222220004
43557  -39.686  -28.631  29.321 0.3333329856
102632  -39.085  -29.046  27.959 0.2222220004
42112  -43.627  -30.563  18.507 0.1111110002
104343  -44.853  -30.232  18.099 0.2222220004
42126  -46.832  -30.113  17.984 0.3333329856
106377  -47.445  -30.416  18.750 0.3333329856
42102  -48.219  -30.541  19.573 0.3333329856
42863  -49.183  -29.753  22.094 0.2222220004
42879  -49.477  -29.846  21.103 0.2222220004
43690  -50.643  -29.085  21.102 0.2222220004
44494  -50.805  -27.798  20.544 0.2222220004
42088  -48.964  -30.230  20.705 0.2222220004
42089  -49.947  -30.229  20.151 0.2222220004
42896  -50.567  -29.501  20.220 0.2222220004
43704  -50.635  -29.030  20.098 0.2222220004
44516  -49.152  -27.345  18.661 0.2222220004
42103  -49.326  -30.501  19.932 0.2222220004
42911  -50.554  -30.208  19.662 0.2222220004
42921  -50.860  -30.653  19.163 0.2222220004
43720  -50.509  -29.318  19.107 0.2222220004
44529  -49.761  -28.227  18.519 0.2222220004
94425  -49.463  -30.677  19.311 0.2222220004
42922  -51.019  -30.581  18.825 0.2222220004
42912  -50.719  -30.080  19.498 0.2222220004
35679  -38.085  -37.896  34.889 0.1111110002
36583  -39.057  -36.930  33.816 0.1111110002
42880  -49.992  -29.369  21.574 0.2222220004
104772  -35.004  -27.676  31.285 0.2222220004
42113  -44.472  -30.470  18.658 0.2222220004
90334  -44.041  -30.782  19.351 0.2222220004
106814  -48.398  -30.475  20.339 0.3333329856
44344  -34.780  -27.682  31.984 0.2222220004
43509  -33.962  -28.531  33.041 0.2222220004
36582  -38.189  -36.847  33.540 0.1111110002
44356  -33.442  -27.766  31.136 0.1111110002
42115  -48.704  -30.590  18.754 0.2222220004
42895  -50.258  -29.684  20.547 0.2222220004
43691  -50.828  -28.581  20.811 0.2222220004
42104  -50.432  -30.668  19.361 0.2222220004
96141  -39.524  -36.703  33.374 0.1111110002
35714  -41.540  -37.406  30.307 0.1111110002
35725  -41.380  -37.840  29.548 0.1111110002
35727  -42.574  -37.721  29.091 0.1111110002
35736  -42.259  -37.339  28.332 0.1111110002
35749  -41.149  -37.401  27.347 0.1111110002
35740  -41.460  -37.838  28.018 0.1111110002
35735  -41.721  -38.016  28.732 0.1111110002
100093  -41.754  -37.149  27.705 0.1111110002
36671  -40.737  -36.825  26.684 0.1111110002
36672  -41.526  -36.425  27.204 0.1111110002
36670  -39.914  -37.207  26.330 0.1111110002
36680  -40.278  -36.282  26.011 0.1111110002
39399  -40.111  -33.468  25.861 0.1111110002
40250  -40.799  -32.923  26.922 0.1111110002
36679  -39.542  -36.733  25.620 0.1111110002
37672  -39.818  -35.834  25.325 0.1111110002
36661  -42.099  -36.603  27.821 0.1111110002
37660  -41.426  -35.410  27.086 0.1111110002
37659  -40.931  -35.865  26.513 0.1111110002
37673  -40.387  -35.389  25.872 0.1111110002
38551  -40.841  -34.928  26.503 0.1111110002
38563  -40.279  -34.455  25.880 0.1111110002
38543  -42.242  -34.957  28.062 0.1111110002
38542  -41.750  -34.969  27.555 0.1111110002
38552  -41.253  -34.523  27.137 0.1111110002
39389  -40.639  -33.855  26.581 0.1111110002
32171  -15.748  -41.937  47.782 0.1111110002
42745  -34.474  -29.027  33.724 0.2222220004
37646  -42.081  -35.759  27.732 0.1111110002
33884  -19.032  -39.802  45.953 0.2222220004
33898  -19.546  -39.655  45.413 0.2222220004
33003  -18.688  -40.175  46.160 0.2222220004
33897  -18.905  -39.752  45.493 0.2222220004
34772  -20.007  -38.937  44.049 0.1111110002
32988  -18.100  -41.040  47.266 0.2222220004
103680  -18.153  -40.553  46.515 0.1111110002
32182  -17.318  -41.450  47.458 0.1111110002
32172  -16.565  -41.674  47.587 0.2222220004
32993  -17.400  -40.959  46.798 0.1111110002
33981  -33.934  -40.709  37.474 0.1111110002
33983  -35.611  -40.145  36.631 0.1111110002
42800  -38.432  -29.302  27.740 0.1111110002
102704  -38.630  -29.309  28.663 0.1111110002
42813  -38.183  -29.190  26.912 0.1111110002
43584  -38.968  -28.682  27.162 0.1111110002
107520  -39.110  -28.233  26.637 0.1111110002
48492  -46.573  -21.431  21.277 0.1111110002
46149  -42.855  -25.436  18.078 0.1111110002
46963  -43.407  -24.779  18.470 0.1111110002
44464  -41.330  -27.337  22.111 0.1111110002
44501  -42.314  -26.899  18.524 0.1111110002
46948  -42.895  -23.935  19.428 0.1111110002
98356  -42.085  -23.456  20.028 0.1111110002
48481  -45.474  -21.871  21.590 0.1111110002
52970  -46.655  -16.765  9.992 0.1111110002
108465  -48.111  -16.264  8.930 0.1111110002
49169  -45.727  -21.046  21.774 0.1111110002
49170  -46.669  -20.686  21.407 0.1111110002
101304  -47.218  -20.544  20.978 0.1111110002
103302  -48.826  -16.014  8.646 0.1111110002
52975  -48.271  -16.719  8.377 0.1111110002
49168  -44.764  -21.512  21.955 0.1111110002
95656  -45.036  -20.591  22.196 0.1111110002
49911  -46.799  -20.026  21.380 0.1111110002
49917  -47.062  -20.155  20.618 0.1111110002
95417  -47.353  -16.054  10.562 0.1111110002
96561  -49.484  -15.417  9.219 0.1111110002
49910  -45.954  -20.056  21.928 0.1111110002
50710  -45.842  -19.332  21.969 0.1111110002
103430  -45.329  -19.881  22.144 0.1111110002
53713  -49.319  -15.294  10.131 0.1111110002
52971  -47.565  -16.263  9.549 0.1111110002
50711  -46.467  -19.323  21.651 0.1111110002
95204  -46.682  -18.870  21.318 0.1111110002
52154  -46.797  -17.653  20.557 0.1111110002
54496  -50.596  -14.286  10.508 0.1111110002
54506  -50.744  -14.269  9.576 0.1111110002
53716  -50.281  -14.973  8.929 0.1111110002
52164  -47.232  -17.164  20.141 0.1111110002
54486  -50.806  -13.679  10.920 0.1111110002
54497  -50.955  -13.575  10.196 0.1111110002
103930  -51.089  -12.770  9.959 0.1111110002
55242  -51.176  -13.344  9.264 0.1111110002
54514  -50.882  -14.359  8.545 0.1111110002
55255  -51.296  -13.403  8.282 0.1111110002
54540  -51.145  -15.084  3.810 0.1111110002
56005  -51.071  -12.299  9.413 0.1111110002
56010  -51.163  -12.295  8.675 0.1111110002
56018  -51.212  -12.330  7.688 0.1111110002
55277  -51.341  -12.882  6.853 0.1111110002
55292  -51.475  -13.579  5.188 0.1111110002
103053  -51.459  -13.590  4.491 0.1111110002
55302  -51.407  -12.667  4.062 0.1111110002
53758  -50.521  -15.377  3.431 0.1111110002
54548  -51.354  -14.022  3.799 0.1111110002
106510  -50.265  -14.457  2.378 0.1111110002
54547  -50.847  -14.513  2.992 0.1111110002
51493  -46.776  -18.083  17.366 0.2222220004
55232  -50.940  -12.757  10.770 0.1111110002
56785  -49.934  -11.294  10.394 0.1111110002
56792  -50.739  -11.802  10.027 0.1111110002
56797  -50.581  -11.541  9.062 0.1111110002
56803  -49.849  -11.000  7.590 0.1111110002
56804  -50.579  -11.434  8.150 0.1111110002
56810  -50.592  -11.362  7.213 0.1111110002
56028  -51.274  -12.150  6.222 0.1111110002
101827  -50.787  -11.315  6.385 0.1111110002
55278  -51.431  -13.274  6.032 0.1111110002
56044  -51.401  -12.492  5.456 0.1111110002
56058  -51.313  -11.821  4.833 0.1111110002
55309  -51.258  -13.234  3.092 0.1111110002
54560  -50.763  -13.681  2.302 0.1111110002
52905  -48.215  -15.659  18.557 0.1111110002
52184  -47.559  -17.364  18.003 0.2222220004
52197  -48.036  -16.736  17.466 0.2222220004
52926  -48.838  -15.532  16.508 0.1111110002
55983  -49.194  -11.919  12.847 0.1111110002
55992  -50.332  -11.940  11.796 0.1111110002
56796  -49.825  -11.023  8.562 0.1111110002
91268  -49.015  -11.033  9.020 0.1111110002
56809  -50.038  -10.866  6.523 0.1111110002
56043  -51.113  -11.420  5.609 0.1111110002
91657  -51.147  -11.418  4.156 0.1111110002
56069  -51.210  -11.850  3.330 0.1111110002
55315  -50.073  -13.973  1.769 0.1111110002
56779  -49.816  -11.459  11.278 0.1111110002
98108  -49.296  -11.152  9.842 0.1111110002
56802  -49.302  -11.273  7.081 0.1111110002
56823  -49.971  -10.695  5.469 0.1111110002
56836  -50.681  -10.908  4.864 0.1111110002
56845  -50.536  -10.860  3.685 0.1111110002
95136  -50.786  -11.255  2.702 0.1111110002
56077  -50.743  -11.785  1.817 0.1111110002
55316  -51.079  -12.454  2.420 0.1111110002
55329  -50.143  -13.201  1.225 0.1111110002
105931  -50.675  -12.946  1.652 0.1111110002
56084  -50.372  -12.197  1.074 0.1111110002
55208  -48.576  -12.625  14.134 0.1111110002
56808  -49.414  -11.248  6.060 0.1111110002
56026  -48.719  -12.010  6.593 0.1111110002
106720  -48.677  -12.090  5.057 0.1111110002
56835  -49.917  -10.557  4.450 0.1111110002
55343  -49.054  -12.965  0.629 0.1111110002
56863  -50.277  -11.214  1.440 0.1111110002
55328  -49.391  -13.740  1.215 0.1111110002
56822  -49.266  -11.190  5.051 0.1111110002
56834  -49.295  -11.004  4.038 0.1111110002
91266  -50.152  -10.754  2.881 0.1111110002
96997  -49.788  -10.603  3.430 0.1111110002
104680  -49.849  -10.757  1.735 0.1111110002
56096  -49.683  -11.948  0.529 0.1111110002
56097  -50.108  -11.337  0.885 0.1111110002
56844  -49.218  -10.908  3.064 0.1111110002
56862  -49.844  -10.745  1.161 0.1111110002
52974  -47.633  -16.756  8.793 0.1111110002
53712  -48.316  -15.606  10.324 0.1111110002
55991  -49.652  -11.733  12.164 0.1111110002
55998  -50.529  -11.817  11.004 0.1111110002
56778  -49.042  -11.424  11.498 0.1111110002
52884  -47.682  -16.223  19.413 0.1111110002
52175  -47.648  -16.646  19.564 0.1111110002
97786  -50.686  -12.440  11.504 0.1111110002
55218  -50.506  -12.647  12.223 0.1111110002
98202  -48.380  -15.933  17.833 0.1111110002
32994  -18.789  -40.537  46.596 0.2222220004
33002  -18.165  -40.217  45.692 0.2222220004
52972  -48.564  -15.743  9.456 0.1111110002
53714  -50.146  -14.878  9.891 0.1111110002
90811  -46.701  -18.355  21.028 0.1111110002
54520  -51.318  -13.546  7.473 0.1111110002
56027  -51.129  -11.900  6.898 0.1111110002
56059  -51.464  -12.830  4.805 0.1111110002
52185  -48.043  -16.446  18.653 0.2222220004
56791  -49.916  -11.152  9.487 0.1111110002
56824  -50.497  -10.946  5.763 0.1111110002
107974  -50.205  -12.088  12.326 0.1111110002
56795  -49.101  -11.218  8.058 0.1111110002
56784  -48.978  -11.267  10.597 0.1111110002
56854  -50.266  -10.911  2.145 0.1111110002
56083  -49.799  -12.855  0.847 0.1111110002
26807  -2.053  -47.815  49.580 0.1111110002
92407  -5.847  -48.568  50.274 0.2222220004
26021  -10.563  -49.626  45.606 0.2222220004
28276  -1.966  -46.896  49.237 0.1111110002
97994  -3.249  -47.453  49.977 0.2222220004
100427  -3.864  -47.484  50.109 0.2222220004
27554  -5.581  -47.810  49.845 0.2222220004
26818  -7.333  -48.575  49.646 0.2222220004
26819  -8.340  -48.918  49.747 0.2222220004
26812  -6.832  -48.666  50.167 0.2222220004
26006  -9.835  -49.333  47.295 0.2222220004
26030  -10.042  -49.116  44.158 0.2222220004
90083  -10.721  -49.468  43.769 0.2222220004
26039  -10.734  -49.179  43.042 0.2222220004
26047  -11.222  -49.341  42.499 0.2222220004
26857  -11.007  -48.828  41.743 0.2222220004
90187  -11.678  -49.415  41.884 0.2222220004
26056  -12.356  -49.743  41.445 0.2222220004
97538  -12.180  -49.293  40.625 0.2222220004
25317  -13.251  -49.831  39.934 0.1111110002
99962  -2.343  -46.946  49.568 0.1111110002
26817  -6.296  -47.945  49.289 0.2222220004
94615  -7.643  -48.545  48.774 0.2222220004
108118  -7.861  -48.602  48.209 0.2222220004
26823  -8.429  -48.800  48.759 0.2222220004
26829  -9.307  -49.074  48.330 0.2222220004
26847  -9.423  -48.428  43.809 0.2222220004
26055  -11.611  -48.984  41.103 0.2222220004
106787  -11.731  -48.879  40.511 0.2222220004
26068  -12.701  -49.218  39.257 0.2222220004
26881  -12.520  -48.659  38.345 0.1111110002
108487  -13.390  -49.372  38.415 0.1111110002
107079  -9.404  -47.855  43.339 0.2222220004
27590  -10.052  -47.904  42.189 0.2222220004
26856  -10.418  -48.601  42.442 0.2222220004
26862  -10.495  -48.170  41.607 0.2222220004
26863  -10.952  -48.399  41.113 0.2222220004
26870  -11.904  -48.841  39.892 0.2222220004
33914  -19.469  -39.331  44.825 0.1111110002
42124  -44.738  -29.996  17.407 0.1111110002
42935  -44.642  -29.782  16.576 0.1111110002
42934  -43.956  -29.818  15.982 0.1111110002
42955  -44.181  -29.693  15.114 0.1111110002
42172  -44.995  -30.476  13.690 0.1111110002
40360  -45.464  -32.808  11.739 0.1111110002
103806  -45.237  -29.624  16.312 0.1111110002
98323  -45.537  -29.511  15.721 0.1111110002
41265  -45.775  -31.625  12.694 0.1111110002
92621  -44.546  -29.961  14.348 0.1111110002
40351  -44.832  -32.269  12.185 0.1111110002
39493  -46.520  -33.916  10.744 0.1111110002
39492  -45.692  -33.837  10.983 0.1111110002
42926  -46.349  -29.786  17.191 0.1111110002
42925  -45.414  -29.760  16.979 0.1111110002
42154  -45.534  -29.931  14.289 0.1111110002
40352  -45.658  -32.172  12.297 0.1111110002
42936  -45.935  -29.572  16.436 0.1111110002
42957  -46.120  -29.467  14.981 0.1111110002
42173  -45.960  -30.521  13.640 0.1111110002
40353  -46.427  -31.923  12.350 0.1111110002
40361  -46.455  -32.657  11.812 0.1111110002
27560  -6.469  -47.338  48.415 0.2222220004
26822  -6.872  -48.024  48.460 0.2222220004
26848  -10.131  -48.820  43.321 0.2222220004
26064  -12.891  -49.834  40.704 0.1111110002
89974  -12.586  -49.415  40.087 0.1111110002
26069  -13.533  -49.764  39.226 0.1111110002
26853  -9.794  -48.201  42.946 0.2222220004
26882  -12.991  -48.810  37.765 0.1111110002
42135  -43.810  -30.008  16.971 0.1111110002
42945  -44.751  -29.629  15.776 0.1111110002
42134  -43.084  -30.036  16.210 0.1111110002
41249  -44.590  -31.098  13.203 0.1111110002
42171  -44.046  -30.482  13.738 0.1111110002
39487  -45.248  -33.481  11.351 0.1111110002
42956  -45.072  -29.542  15.002 0.1111110002
41264  -45.096  -31.638  12.694 0.1111110002
41250  -45.461  -31.098  13.152 0.1111110002
39488  -46.081  -33.361  11.335 0.1111110002
42937  -46.938  -29.649  16.442 0.1111110002
42155  -46.496  -29.982  14.234 0.1111110002
22771  -11.026  -53.144  48.301 0.1111110002
22772  -11.977  -52.612  48.085 0.1111110002
23585  -10.582  -52.500  48.703 0.1111110002
25262  -1.914  -50.420  49.006 0.1111110002
95033  -3.592  -50.545  49.325 0.1111110002
23586  -11.516  -52.073  48.468 0.1111110002
23587  -12.365  -51.500  48.018 0.1111110002
24444  -3.879  -51.262  48.942 0.1111110002
23584  -9.686  -52.718  48.851 0.1111110002
24459  -11.771  -51.108  48.400 0.1111110002
22770  -10.047  -53.385  48.271 0.1111110002
25254  -2.909  -50.066  49.407 0.1111110002
25245  -3.851  -49.736  49.718 0.1111110002
25255  -4.342  -50.640  49.478 0.1111110002
24445  -4.718  -51.503  49.041 0.1111110002
22769  -9.296  -53.044  48.354 0.1111110002
24452  -11.799  -50.583  48.199 0.1111110002
23583  -8.909  -52.788  48.964 0.1111110002
25253  -2.142  -49.345  49.435 0.1111110002
106245  -3.072  -49.330  49.702 0.1111110002
23575  -10.216  -51.778  49.214 0.1111110002
23576  -11.075  -51.477  48.771 0.1111110002
25247  -5.683  -49.929  50.253 0.1111110002
25248  -6.663  -49.906  50.380 0.1111110002
25256  -5.178  -50.767  49.648 0.1111110002
25257  -6.031  -50.871  49.863 0.1111110002
23574  -9.314  -52.176  49.357 0.1111110002
24450  -10.206  -50.770  49.377 0.1111110002
25258  -10.771  -50.321  49.031 0.1111110002
25259  -11.391  -50.325  48.487 0.1111110002
24438  -6.905  -50.953  49.954 0.1111110002
24439  -7.750  -50.984  50.056 0.1111110002
23573  -8.903  -51.548  49.655 0.1111110002
25252  -9.952  -50.106  49.491 0.1111110002
26000  -10.851  -49.907  48.833 0.1111110002
100884  -11.276  -49.900  48.319 0.1111110002
92201  -11.849  -49.957  42.835 0.1111110002
26048  -12.161  -49.981  42.249 0.1111110002
25985  -4.470  -48.968  50.218 0.1111110002
25986  -5.334  -49.072  50.417 0.1111110002
97941  -6.116  -49.208  50.494 0.1111110002
93992  -7.474  -49.496  50.381 0.1111110002
96315  -7.407  -50.241  50.280 0.1111110002
25249  -8.131  -49.968  50.269 0.1111110002
25250  -8.736  -50.172  50.022 0.1111110002
25991  -9.556  -49.871  49.595 0.1111110002
25994  -9.404  -49.624  49.534 0.1111110002
25999  -9.986  -49.500  49.093 0.1111110002
95047  -10.491  -49.541  48.339 0.1111110002
26015  -11.691  -50.169  46.905 0.1111110002
26022  -11.545  -50.059  45.849 0.1111110002
26031  -11.536  -50.005  44.206 0.1111110002
26040  -11.329  -49.721  43.323 0.1111110002
26868  -10.715  -47.808  40.893 0.1111110002
26869  -11.273  -48.345  40.421 0.1111110002
26876  -11.950  -48.398  39.004 0.1111110002
25983  -2.839  -48.641  49.773 0.1111110002
25984  -3.656  -48.814  49.968 0.1111110002
26810  -4.152  -48.186  50.129 0.1111110002
26811  -4.889  -48.307  50.238 0.1111110002
104392  -7.507  -49.048  50.324 0.1111110002
106613  -8.433  -49.207  50.005 0.1111110002
26814  -8.783  -49.373  49.807 0.1111110002
26824  -8.947  -49.115  49.015 0.1111110002
91698  -10.851  -49.752  44.753 0.1111110002
27601  -11.070  -47.443  40.180 0.1111110002
26880  -11.707  -47.704  38.972 0.1111110002
27613  -11.865  -47.286  38.731 0.1111110002
26809  -3.446  -48.089  49.977 0.1111110002
27589  -9.734  -47.555  42.752 0.1111110002
27596  -10.361  -47.500  41.518 0.1111110002
27600  -10.689  -47.032  40.840 0.1111110002
27607  -11.509  -47.076  39.391 0.1111110002
28315  -9.902  -46.747  42.724 0.1111110002
93070  -10.060  -47.185  42.125 0.1111110002
28327  -11.300  -46.542  40.252 0.1111110002
28333  -12.032  -46.728  38.848 0.1111110002
101432  -35.446  -31.647  33.974 0.1111110002
41930  -35.352  -30.902  34.243 0.1111110002
40169  -35.248  -32.831  33.639 0.1111110002
41919  -35.468  -30.899  35.007 0.1111110002
42738  -35.476  -30.090  34.845 0.1111110002
42755  -34.516  -30.011  33.340 0.1111110002
41929  -34.952  -29.921  34.107 0.1111110002
42754  -33.903  -29.285  32.934 0.1111110002
99349  -36.279  -28.777  28.790 0.1111110002
42779  -37.843  -29.332  29.054 0.1111110002
42787  -37.091  -29.472  28.093 0.1111110002
49238  -46.286  -21.675  12.687 0.1111110002
47838  -47.167  -23.112  13.627 0.1111110002
48555  -46.877  -22.400  13.118 0.1111110002
91692  -48.525  -23.653  14.413 0.1111110002
47839  -48.380  -22.954  14.052 0.1111110002
47003  -49.576  -23.580  14.731 0.1111110002
46198  -51.337  -24.046  14.818 0.1111110002
46190  -51.962  -25.572  14.995 0.1111110002
46189  -51.456  -25.034  15.095 0.1111110002
45350  -52.103  -26.478  15.050 0.1111110002
43739  -52.449  -28.228  15.061 0.1111110002
42149  -51.573  -30.289  15.968 0.1111110002
42948  -47.865  -29.826  15.969 0.1111110002
42136  -49.642  -30.581  16.480 0.1111110002
42961  -49.949  -30.356  15.178 0.1111110002
49243  -45.782  -20.819  12.434 0.1111110002
48554  -45.548  -22.295  13.201 0.1111110002
47830  -47.375  -23.882  14.044 0.1111110002
99004  -48.686  -24.339  14.617 0.1111110002
47828  -45.162  -23.850  14.021 0.1111110002
96684  -50.621  -25.681  15.240 0.1111110002
46196  -48.113  -25.301  14.648 0.1111110002
46195  -46.900  -25.616  14.679 0.1111110002
95342  -51.187  -26.396  15.281 0.1111110002
45356  -47.659  -26.200  14.877 0.1111110002
45355  -46.865  -26.280  15.156 0.1111110002
42927  -47.425  -29.966  17.317 0.1111110002
42928  -48.693  -30.412  17.411 0.1111110002
90611  -49.862  -30.783  17.162 0.1111110002
44545  -51.607  -27.595  15.433 0.1111110002
45348  -48.476  -26.678  15.334 0.1111110002
42138  -51.482  -30.882  17.356 0.1111110002
43737  -51.341  -28.772  16.111 0.1111110002
42938  -47.913  -29.946  16.764 0.1111110002
42939  -48.759  -30.303  16.600 0.1111110002
42137  -50.840  -30.909  16.809 0.1111110002
90698  -51.370  -30.659  16.757 0.1111110002
46194  -45.956  -25.406  14.691 0.1111110002
49239  -47.696  -21.748  12.789 0.1111110002
45347  -47.397  -26.698  15.577 0.1111110002
47840  -49.477  -22.180  13.670 0.1111110002
42128  -50.029  -30.974  17.924 0.1111110002
96566  -51.045  -31.062  17.681 0.1111110002
44543  -49.056  -27.536  15.849 0.1111110002
44540  -47.958  -27.312  16.107 0.1111110002
47841  -50.360  -22.576  13.841 0.1111110002
42129  -50.991  -31.077  18.348 0.1111110002
42940  -51.421  -30.522  17.347 0.1111110002
43736  -50.642  -28.767  16.541 0.1111110002
44542  -49.662  -28.302  16.525 0.1111110002
46208  -49.965  -25.116  13.221 0.1111110002
45369  -49.977  -26.040  12.974 0.1111110002
44567  -49.467  -27.472  12.000 0.1111110002
43758  -48.842  -28.085  11.393 0.1111110002
43767  -48.383  -28.708  10.797 0.1111110002
43766  -47.394  -28.641  10.659 0.1111110002
44574  -46.908  -27.921  10.889 0.1111110002
43765  -46.568  -28.530  10.362 0.1111110002
42116  -50.175  -30.957  18.742 0.1111110002
42117  -51.025  -30.936  18.811 0.1111110002
45341  -47.214  -26.754  16.503 0.1111110002
45340  -46.623  -26.273  16.564 0.1111110002
43728  -51.087  -30.043  18.051 0.1111110002
43727  -50.120  -28.724  18.021 0.1111110002
44541  -48.725  -27.759  16.750 0.1111110002
45368  -49.002  -25.973  12.591 0.1111110002
46207  -48.974  -25.159  12.559 0.1111110002
44566  -48.272  -27.291  11.828 0.1111110002
95354  -48.123  -25.903  12.108 0.1111110002
44565  -47.322  -27.346  11.351 0.1111110002
94824  -47.699  -26.697  11.709 0.1111110002
46211  -48.313  -25.010  11.949 0.1111110002
44564  -46.987  -26.775  11.187 0.1111110002
46210  -47.803  -25.508  11.515 0.1111110002
102562  -46.715  -27.308  10.903 0.1111110002
45375  -47.430  -26.122  11.388 0.1111110002
45378  -46.462  -26.870  10.504 0.1111110002
44527  -47.923  -27.233  17.088 0.1111110002
49244  -46.975  -21.201  12.301 0.1111110002
50776  -45.939  -20.181  11.908 0.1111110002
42929  -51.302  -30.867  18.098 0.1111110002
103610  -49.403  -28.382  17.279 0.1111110002
49240  -48.866  -21.747  13.057 0.1111110002
49241  -49.486  -22.013  13.201 0.1111110002
49245  -48.175  -21.284  12.331 0.1111110002
101891  -49.825  -22.611  12.948 0.1111110002
48559  -49.730  -22.211  13.244 0.1111110002
47013  -49.823  -24.249  12.972 0.1111110002
47844  -49.727  -23.479  12.793 0.1111110002
47012  -48.991  -24.266  12.374 0.1111110002
95546  -49.485  -22.109  12.442 0.1111110002
47845  -49.140  -23.408  12.178 0.1111110002
49247  -49.340  -21.851  12.379 0.1111110002
47016  -48.549  -24.207  11.627 0.1111110002
47848  -48.904  -23.427  11.297 0.1111110002
107125  -49.292  -21.737  11.635 0.1111110002
47015  -47.991  -24.876  11.136 0.1111110002
48561  -49.482  -22.008  11.541 0.1111110002
46214  -47.442  -25.496  10.797 0.1111110002
47020  -48.394  -24.165  10.692 0.1111110002
45328  -48.351  -27.127  17.859 0.1111110002
100650  -47.700  -26.497  17.658 0.1111110002
44528  -48.910  -27.876  17.712 0.1111110002
103890  -46.543  -20.691  12.019 0.1111110002
49976  -46.858  -20.417  11.468 0.1111110002
49246  -49.015  -21.606  12.491 0.1111110002
49977  -47.957  -20.851  11.657 0.1111110002
105749  -48.677  -21.202  11.921 0.1111110002
49981  -49.108  -21.448  11.641 0.1111110002
50781  -46.800  -19.969  10.816 0.1111110002
49980  -48.658  -20.928  11.204 0.1111110002
47849  -49.341  -22.653  10.908 0.1111110002
46165  -47.304  -25.599  17.663 0.1111110002
51535  -45.768  -18.801  10.823 0.1111110002
26007  -11.011  -49.756  47.430 0.1111110002
26014  -11.059  -49.835  46.450 0.1111110002
46164  -46.496  -25.648  17.048 0.1111110002
46983  -45.795  -25.263  16.516 0.1111110002
47000  -45.424  -24.718  14.513 0.1111110002
47829  -46.198  -24.023  13.851 0.1111110002
46185  -45.383  -25.352  15.136 0.1111110002
46177  -46.073  -25.984  16.202 0.1111110002
46176  -45.613  -25.568  15.782 0.1111110002
28320  -10.466  -46.720  41.573 0.1111110002
94059  -10.319  -46.502  42.209 0.1111110002
28321  -11.079  -46.249  41.110 0.1111110002
40145  -35.191  -32.170  34.908 0.1111110002
41052  -35.389  -31.572  34.556 0.1111110002
42737  -35.118  -29.148  34.614 0.1111110002
42127  -47.986  -30.325  18.044 0.1111110002
26875  -11.425  -47.987  39.570 0.1111110002
24443  -3.003  -50.911  48.910 0.1111110002
25246  -4.813  -49.852  49.990 0.1111110002
24451  -11.326  -50.677  48.647 0.1111110002
24446  -5.555  -51.678  49.199 0.1111110002
107452  -8.679  -52.323  49.375 0.1111110002
93116  -10.776  -50.981  49.064 0.1111110002
24441  -9.165  -50.582  49.800 0.1111110002
25996  -11.004  -50.124  48.798 0.1111110002
26001  -11.457  -50.204  48.435 0.1111110002
24440  -8.501  -50.798  49.973 0.1111110002
25995  -10.251  -49.899  49.251 0.1111110002
25251  -9.350  -50.141  49.761 0.1111110002
26041  -12.067  -50.344  43.651 0.1111110002
25987  -6.824  -49.047  50.460 0.1111110002
25989  -8.492  -49.440  50.044 0.1111110002
25990  -9.050  -49.698  49.796 0.1111110002
100856  -12.028  -47.842  38.278 0.1111110002
28334  -12.020  -46.178  39.603 0.1111110002
41940  -34.987  -30.653  33.641 0.1111110002
47831  -49.401  -22.858  14.406 0.1111110002
47832  -50.316  -22.947  14.521 0.1111110002
47004  -50.611  -23.666  14.876 0.1111110002
46199  -51.867  -24.937  14.659 0.1111110002
46188  -50.738  -24.623  15.140 0.1111110002
44546  -52.290  -27.427  15.081 0.1111110002
44547  -52.776  -27.173  14.526 0.1111110002
43738  -51.945  -28.661  15.632 0.1111110002
108397  -52.185  -28.953  15.440 0.1111110002
42950  -51.466  -30.443  16.765 0.1111110002
42941  -51.623  -29.731  16.490 0.1111110002
42147  -49.920  -30.517  15.872 0.1111110002
46197  -49.504  -24.651  14.914 0.1111110002
47002  -47.656  -24.636  14.380 0.1111110002
47001  -46.514  -24.778  14.309 0.1111110002
46187  -49.643  -25.751  15.118 0.1111110002
45357  -48.615  -25.832  14.878 0.1111110002
45349  -49.801  -26.777  15.342 0.1111110002
90088  -49.096  -30.631  18.153 0.1111110002
44544  -50.430  -27.805  15.771 0.1111110002
45346  -46.607  -26.426  15.878 0.1111110002
48557  -50.031  -22.332  13.800 0.1111110002
47010  -51.358  -23.748  14.058 0.1111110002
46203  -51.116  -24.462  13.646 0.1111110002
47009  -50.561  -23.238  13.590 0.1111110002
43734  -51.149  -29.695  16.966 0.1111110002
94799  -50.658  -24.099  13.492 0.1111110002
43733  -50.443  -28.982  17.315 0.1111110002
44559  -49.116  -26.717  12.418 0.1111110002
101119  -48.364  -26.548  12.174 0.1111110002
43757  -47.758  -28.035  11.269 0.1111110002
42980  -47.967  -29.368  10.265 0.1111110002
42979  -47.023  -29.255  10.178 0.1111110002
105786  -46.369  -29.107  9.939 0.1111110002
46213  -46.904  -26.182  10.646 0.1111110002
107609  -47.397  -26.754  17.081 0.1111110002
106665  -47.325  -20.870  11.975 0.1111110002
47846  -49.314  -22.603  11.923 0.1111110002
47021  -47.815  -24.835  10.185 0.1111110002
24442  -9.664  -50.406  49.614 0.1111110002
25988  -7.971  -49.295  50.242 0.1111110002
26813  -7.927  -49.027  50.186 0.1111110002
27551  -2.549  -47.429  49.741 0.1111110002
27555  -1.895  -47.374  49.378 0.1111110002
27558  -1.598  -47.355  48.893 0.1111110002
27567  -7.798  -47.509  46.218 0.5555559993
28272  -3.146  -45.951  50.369 0.2222220004
29042  -6.068  -44.583  51.033 0.4444440007
30613  -6.587  -44.151  51.060 0.5555559993
30642  -17.746  -42.554  47.835 0.5555559993
31467  -26.412  -41.630  40.732 0.1111110002
32306  -28.910  -41.701  37.106 0.1111110002
33087  -24.455  -40.788  36.322 0.1111110002
35716  -42.743  -37.616  29.864 0.3333329856
36431  -24.958  -36.638  43.931 0.6666669846
37391  -29.878  -35.624  43.492 0.8888890147
37393  -31.639  -35.099  42.506 0.8888890147
37403  -25.971  -36.086  42.858 0.6666669846
38512  -43.650  -35.122  30.447 0.3333329856
40156  -35.037  -32.948  34.512 0.1111110002
40184  -42.871  -32.406  32.154 0.8888890147
41931  -41.050  -29.798  34.575 1.0000000000
41941  -41.964  -30.557  33.471 0.8888890147
41968  -43.748  -31.178  31.428 0.8888890147
42757  -44.274  -29.501  32.279 1.0000000000
43570  -39.400  -28.863  28.577 0.2222220004
44273  -37.079  -28.334  37.881 0.7777780294
44282  -39.006  -27.484  36.969 0.8888890147
44467  -50.710  -27.521  22.704 0.3333329856
45127  -37.968  -27.521  37.106 0.8888890147
45137  -39.813  -26.945  36.107 0.8888890147
45143  -37.765  -26.950  36.115 0.7777780294
45157  -41.454  -26.232  34.572 0.8888890147
45193  -44.933  -25.794  31.801 1.0000000000
45201  -43.542  -25.614  30.255 0.7777780294
45224  -43.054  -25.977  27.697 0.6666669846
45316  -44.031  -26.062  18.664 0.3333329856
45327  -47.032  -26.330  17.113 0.1111110002
45994  -43.655  -25.392  32.676 0.7777780294
46032  -46.720  -25.164  27.709 1.0000000000
46186  -46.059  -25.983  15.270 0.1111110002
46973  -45.584  -24.399  16.833 0.1111110002
46981  -44.545  -24.259  15.507 0.2222220004
47808  -43.842  -22.818  15.624 0.2222220004
48549  -43.946  -21.877  14.061 0.2222220004
49232  -43.456  -21.564  15.531 0.2222220004
94448  -44.540  -31.008  20.164 0.4444440007
96659  -4.022  -46.771  50.384 0.2222220004
101579  -11.738  -49.686  42.358 0.1111110002
106629  -15.810  -45.230  45.972 0.5555559993
106727  -20.381  -40.621  30.790 0.1111110002
107999  -36.137  -31.136  40.040 0.8888890147
