
Sat Mar  7 08:52:07 CET 2026
cd /out/sourcedata/freesurfer/sub-v1s20x0050301_ses-1
setenv SUBJECTS_DIR /out/sourcedata/freesurfer
/opt/freesurfer/bin/recon-all -autorecon1 -i /work/fmriprep_25_2_wf/sub_v1s20x0050301_ses_1_wf/anat_fit_wf/anat_validate/sub-v1s20x0050301_ses-1_T1w_noise_corrected_ras_valid.nii.gz -noskullstrip -noT2pial -noFLAIRpial -cw256 -openmp 16 -subjid sub-v1s20x0050301_ses-1 -sd /out/sourcedata/freesurfer

subjid sub-v1s20x0050301_ses-1
setenv SUBJECTS_DIR /out/sourcedata/freesurfer
FREESURFER_HOME /opt/freesurfer
Actual FREESURFER_HOME /opt/freesurfer
build-stamp.txt: freesurfer-linux-ubuntu22_x86_64-7.3.2-20220804-6354275
Linux dna079 5.14.0-427.37.1.el9_4.x86_64 #1 SMP PREEMPT_DYNAMIC Fri Sep 13 12:41:50 EDT 2024 x86_64 x86_64 x86_64 GNU/Linux
cputime      unlimited
filesize     unlimited
datasize     unlimited
stacksize    8192 kbytes
coredumpsize 0 kbytes
memoryuse    67108864 kbytes
vmemoryuse   unlimited
descriptors  1024 
memorylocked unlimited
maxproc      2061970 
maxlocks     unlimited
maxsignal    2062029 
maxmessage   819200 
maxnice      0 
maxrtprio    0 
maxrttime    unlimited

               total        used        free      shared  buff/cache   available
Mem:           503Gi        43Gi       385Gi       9.1Gi        73Gi       447Gi
Swap:             0B          0B          0B

########################################
program versions used
7.3.2 (freesurfer-linux-ubuntu22_x86_64-7.3.2-20220804-6354275)
7.3.2

ProgramName: lta_convert  ProgramArguments: lta_convert -all-info  ProgramVersion: 7.3.2  TimeStamp: 2026/03/07-07:52:07-GMT  BuildTime: Aug  4 2022 06:17:15  BuildStamp: freesurfer-linux-ubuntu22_x86_64-7.3.2-20220804-6354275  User: oesteban  Machine: dna079  Platform: Linux  PlatformVersion: 5.14.0-427.37.1.el9_4.x86_64  CompilerName: GCC  CompilerVersion: 8.4.0
ProgramName: mri_and  ProgramArguments: mri_and -all-info  ProgramVersion: 7.3.2  TimeStamp: 2026/03/07-07:52:07-GMT  BuildTime: Aug  4 2022 06:17:15  BuildStamp: freesurfer-linux-ubuntu22_x86_64-7.3.2-20220804-6354275  User: oesteban  Machine: dna079  Platform: Linux  PlatformVersion: 5.14.0-427.37.1.el9_4.x86_64  CompilerName: GCC  CompilerVersion: 8.4.0
ProgramName: mri_annotation2label  ProgramArguments: mri_annotation2label -all-info  ProgramVersion: 7.3.2  TimeStamp: 2026/03/07-07:52:07-GMT  BuildTime: Aug  4 2022 06:17:15  BuildStamp: freesurfer-linux-ubuntu22_x86_64-7.3.2-20220804-6354275  User: oesteban  Machine: dna079  Platform: Linux  PlatformVersion: 5.14.0-427.37.1.el9_4.x86_64  CompilerName: GCC  CompilerVersion: 8.4.0
ProgramName: mri_aparc2aseg  ProgramArguments: mri_aparc2aseg -all-info  ProgramVersion: 7.3.2  TimeStamp: 2026/03/07-07:52:07-GMT  BuildTime: Aug  4 2022 06:17:15  BuildStamp: freesurfer-linux-ubuntu22_x86_64-7.3.2-20220804-6354275  User: oesteban  Machine: dna079  Platform: Linux  PlatformVersion: 5.14.0-427.37.1.el9_4.x86_64  CompilerName: GCC  CompilerVersion: 8.4.0
ProgramName: mri_surf2volseg  ProgramArguments: mri_surf2volseg -all-info  ProgramVersion: 7.3.2  TimeStamp: 2026/03/07-07:52:07-GMT  BuildTime: Aug  4 2022 06:17:15  BuildStamp: freesurfer-linux-ubuntu22_x86_64-7.3.2-20220804-6354275  User: oesteban  Machine: dna079  Platform: Linux  PlatformVersion: 5.14.0-427.37.1.el9_4.x86_64  CompilerName: GCC  CompilerVersion: 8.4.0
ProgramName: mri_binarize  ProgramArguments: mri_binarize -all-info  ProgramVersion: 7.3.2  TimeStamp: 2026/03/07-07:52:07-GMT  BuildTime: Aug  4 2022 06:17:15  BuildStamp: freesurfer-linux-ubuntu22_x86_64-7.3.2-20220804-6354275  User: oesteban  Machine: dna079  Platform: Linux  PlatformVersion: 5.14.0-427.37.1.el9_4.x86_64  CompilerName: GCC  CompilerVersion: 8.4.0
ProgramName: mri_ca_label  ProgramArguments: mri_ca_label -all-info  ProgramVersion: 7.3.2  TimeStamp: 2026/03/07-07:52:07-GMT  BuildTime: Aug  4 2022 06:17:15  BuildStamp: freesurfer-linux-ubuntu22_x86_64-7.3.2-20220804-6354275  User: oesteban  Machine: dna079  Platform: Linux  PlatformVersion: 5.14.0-427.37.1.el9_4.x86_64  CompilerName: GCC  CompilerVersion: 8.4.0
ProgramName: mri_ca_normalize  ProgramArguments: mri_ca_normalize -all-info  ProgramVersion: 7.3.2  TimeStamp: 2026/03/07-07:52:07-GMT  BuildTime: Aug  4 2022 06:17:15  BuildStamp: freesurfer-linux-ubuntu22_x86_64-7.3.2-20220804-6354275  User: oesteban  Machine: dna079  Platform: Linux  PlatformVersion: 5.14.0-427.37.1.el9_4.x86_64  CompilerName: GCC  CompilerVersion: 8.4.0
ProgramName: mri_ca_register  ProgramArguments: mri_ca_register -all-info  ProgramVersion: 7.3.2  TimeStamp: 2026/03/07-07:52:07-GMT  BuildTime: Aug  4 2022 06:17:15  BuildStamp: freesurfer-linux-ubuntu22_x86_64-7.3.2-20220804-6354275  User: oesteban  Machine: dna079  Platform: Linux  PlatformVersion: 5.14.0-427.37.1.el9_4.x86_64  CompilerName: GCC  CompilerVersion: 8.4.0
ProgramName: mri_cc  ProgramArguments: mri_cc -all-info  ProgramVersion: 7.3.2  TimeStamp: 2026/03/07-07:52:07-GMT  BuildTime: Aug  4 2022 06:17:15  BuildStamp: freesurfer-linux-ubuntu22_x86_64-7.3.2-20220804-6354275  User: oesteban  Machine: dna079  Platform: Linux  PlatformVersion: 5.14.0-427.37.1.el9_4.x86_64  CompilerName: GCC  CompilerVersion: 8.4.0
ProgramName: mri_compute_overlap  ProgramArguments: mri_compute_overlap -all-info  ProgramVersion: 7.3.2  TimeStamp: 2026/03/07-07:52:07-GMT  BuildTime: Aug  4 2022 06:17:15  BuildStamp: freesurfer-linux-ubuntu22_x86_64-7.3.2-20220804-6354275  User: oesteban  Machine: dna079  Platform: Linux  PlatformVersion: 5.14.0-427.37.1.el9_4.x86_64  CompilerName: GCC  CompilerVersion: 8.4.0
ProgramName: mri_compute_seg_overlap  ProgramArguments: mri_compute_seg_overlap -all-info  ProgramVersion: 7.3.2  TimeStamp: 2026/03/07-07:52:07-GMT  BuildTime: Aug  4 2022 06:17:15  BuildStamp: freesurfer-linux-ubuntu22_x86_64-7.3.2-20220804-6354275  User: oesteban  Machine: dna079  Platform: Linux  PlatformVersion: 5.14.0-427.37.1.el9_4.x86_64  CompilerName: GCC  CompilerVersion: 8.4.0
ProgramName: mri_concat  ProgramArguments: mri_concat -all-info  ProgramVersion: 7.3.2  TimeStamp: 2026/03/07-07:52:07-GMT  BuildTime: Aug  4 2022 06:17:15  BuildStamp: freesurfer-linux-ubuntu22_x86_64-7.3.2-20220804-6354275  User: oesteban  Machine: dna079  Platform: Linux  PlatformVersion: 5.14.0-427.37.1.el9_4.x86_64  CompilerName: GCC  CompilerVersion: 8.4.0
ProgramName: mri_concatenate_lta  ProgramArguments: mri_concatenate_lta -all-info  ProgramVersion: 7.3.2  TimeStamp: 2026/03/07-07:52:07-GMT  BuildTime: Aug  4 2022 06:17:15  BuildStamp: freesurfer-linux-ubuntu22_x86_64-7.3.2-20220804-6354275  User: oesteban  Machine: dna079  Platform: Linux  PlatformVersion: 5.14.0-427.37.1.el9_4.x86_64  CompilerName: GCC  CompilerVersion: 8.4.0
mri_convert -all-info 
ProgramName: mri_convert  ProgramArguments: mri_convert -all-info  ProgramVersion: 7.3.2  TimeStamp: 2026/03/07-07:52:07-GMT  BuildTime: Aug  4 2022 06:17:15  BuildStamp: freesurfer-linux-ubuntu22_x86_64-7.3.2-20220804-6354275  User: oesteban  Machine: dna079  Platform: Linux  PlatformVersion: 5.14.0-427.37.1.el9_4.x86_64  CompilerName: GCC  CompilerVersion: 8.4.0
ProgramName: mri_diff  ProgramArguments: mri_diff -all-info  ProgramVersion: 7.3.2  TimeStamp: 2026/03/07-07:52:07-GMT  BuildTime: Aug  4 2022 06:17:15  BuildStamp: freesurfer-linux-ubuntu22_x86_64-7.3.2-20220804-6354275  User: oesteban  Machine: dna079  Platform: Linux  PlatformVersion: 5.14.0-427.37.1.el9_4.x86_64  CompilerName: GCC  CompilerVersion: 8.4.0
ProgramName: mri_edit_wm_with_aseg  ProgramArguments: mri_edit_wm_with_aseg -all-info  ProgramVersion: 7.3.2  TimeStamp: 2026/03/07-07:52:07-GMT  BuildTime: Aug  4 2022 06:17:15  BuildStamp: freesurfer-linux-ubuntu22_x86_64-7.3.2-20220804-6354275  User: oesteban  Machine: dna079  Platform: Linux  PlatformVersion: 5.14.0-427.37.1.el9_4.x86_64  CompilerName: GCC  CompilerVersion: 8.4.0
ProgramName: mri_em_register  ProgramArguments: mri_em_register -all-info  ProgramVersion: 7.3.2  TimeStamp: 2026/03/07-07:52:07-GMT  BuildTime: Aug  4 2022 06:17:15  BuildStamp: freesurfer-linux-ubuntu22_x86_64-7.3.2-20220804-6354275  User: oesteban  Machine: dna079  Platform: Linux  PlatformVersion: 5.14.0-427.37.1.el9_4.x86_64  CompilerName: GCC  CompilerVersion: 8.4.0
ProgramName: mri_fill  ProgramArguments: mri_fill -all-info  ProgramVersion: 7.3.2  TimeStamp: 2026/03/07-07:52:07-GMT  BuildTime: Aug  4 2022 06:17:15  BuildStamp: freesurfer-linux-ubuntu22_x86_64-7.3.2-20220804-6354275  User: oesteban  Machine: dna079  Platform: Linux  PlatformVersion: 5.14.0-427.37.1.el9_4.x86_64  CompilerName: GCC  CompilerVersion: 8.4.0
ProgramName: mri_fuse_segmentations  ProgramArguments: mri_fuse_segmentations -all-info  ProgramVersion: 7.3.2  TimeStamp: 2026/03/07-07:52:07-GMT  BuildTime: Aug  4 2022 06:17:15  BuildStamp: freesurfer-linux-ubuntu22_x86_64-7.3.2-20220804-6354275  User: oesteban  Machine: dna079  Platform: Linux  PlatformVersion: 5.14.0-427.37.1.el9_4.x86_64  CompilerName: GCC  CompilerVersion: 8.4.0
ProgramName: mri_fwhm  ProgramArguments: mri_fwhm -all-info  ProgramVersion: 7.3.2  TimeStamp: 2026/03/07-07:52:07-GMT  BuildTime: Aug  4 2022 06:17:15  BuildStamp: freesurfer-linux-ubuntu22_x86_64-7.3.2-20220804-6354275  User: oesteban  Machine: dna079  Platform: Linux  PlatformVersion: 5.14.0-427.37.1.el9_4.x86_64  CompilerName: GCC  CompilerVersion: 8.4.0
ProgramName: mri_gcut  ProgramArguments: mri_gcut -all-info  ProgramVersion: 7.3.2  TimeStamp: 2026/03/07-07:52:07-GMT  BuildTime: Aug  4 2022 06:17:15  BuildStamp: freesurfer-linux-ubuntu22_x86_64-7.3.2-20220804-6354275  User: oesteban  Machine: dna079  Platform: Linux  PlatformVersion: 5.14.0-427.37.1.el9_4.x86_64  CompilerName: GCC  CompilerVersion: 8.4.0
ProgramName: mri_info  ProgramArguments: mri_info -all-info  ProgramVersion: 7.3.2  TimeStamp: 2026/03/07-07:52:07-GMT  BuildTime: Aug  4 2022 06:17:15  BuildStamp: freesurfer-linux-ubuntu22_x86_64-7.3.2-20220804-6354275  User: oesteban  Machine: dna079  Platform: Linux  PlatformVersion: 5.14.0-427.37.1.el9_4.x86_64  CompilerName: GCC  CompilerVersion: 8.4.0
ProgramName: mri_label2label  ProgramArguments: mri_label2label -all-info  ProgramVersion: 7.3.2  TimeStamp: 2026/03/07-07:52:07-GMT  BuildTime: Aug  4 2022 06:17:15  BuildStamp: freesurfer-linux-ubuntu22_x86_64-7.3.2-20220804-6354275  User: oesteban  Machine: dna079  Platform: Linux  PlatformVersion: 5.14.0-427.37.1.el9_4.x86_64  CompilerName: GCC  CompilerVersion: 8.4.0
ProgramName: mri_label2vol  ProgramArguments: mri_label2vol -all-info  ProgramVersion: 7.3.2  TimeStamp: 2026/03/07-07:52:07-GMT  BuildTime: Aug  4 2022 06:17:15  BuildStamp: freesurfer-linux-ubuntu22_x86_64-7.3.2-20220804-6354275  User: oesteban  Machine: dna079  Platform: Linux  PlatformVersion: 5.14.0-427.37.1.el9_4.x86_64  CompilerName: GCC  CompilerVersion: 8.4.0
ProgramName: mri_log_likelihood  ProgramArguments: mri_log_likelihood -all-info  ProgramVersion: 7.3.2  TimeStamp: 2026/03/07-07:52:07-GMT  BuildTime: Aug  4 2022 06:17:15  BuildStamp: freesurfer-linux-ubuntu22_x86_64-7.3.2-20220804-6354275  User: oesteban  Machine: dna079  Platform: Linux  PlatformVersion: 5.14.0-427.37.1.el9_4.x86_64  CompilerName: GCC  CompilerVersion: 8.4.0
ProgramName: mri_mask  ProgramArguments: mri_mask -all-info  ProgramVersion: 7.3.2  TimeStamp: 2026/03/07-07:52:07-GMT  BuildTime: Aug  4 2022 06:17:15  BuildStamp: freesurfer-linux-ubuntu22_x86_64-7.3.2-20220804-6354275  User: oesteban  Machine: dna079  Platform: Linux  PlatformVersion: 5.14.0-427.37.1.el9_4.x86_64  CompilerName: GCC  CompilerVersion: 8.4.0
ProgramName: mri_matrix_multiply  ProgramArguments: mri_matrix_multiply -all-info  ProgramVersion: 7.3.2  TimeStamp: 2026/03/07-07:52:07-GMT  BuildTime: Aug  4 2022 06:17:15  BuildStamp: freesurfer-linux-ubuntu22_x86_64-7.3.2-20220804-6354275  User: oesteban  Machine: dna079  Platform: Linux  PlatformVersion: 5.14.0-427.37.1.el9_4.x86_64  CompilerName: GCC  CompilerVersion: 8.4.0
ProgramName: mri_normalize  ProgramArguments: mri_normalize -all-info  ProgramVersion: 7.3.2  TimeStamp: 2026/03/07-07:52:07-GMT  BuildTime: Aug  4 2022 06:17:15  BuildStamp: freesurfer-linux-ubuntu22_x86_64-7.3.2-20220804-6354275  User: oesteban  Machine: dna079  Platform: Linux  PlatformVersion: 5.14.0-427.37.1.el9_4.x86_64  CompilerName: GCC  CompilerVersion: 8.4.0
ProgramName: mri_normalize_tp2  ProgramArguments: mri_normalize_tp2 -all-info  ProgramVersion: 7.3.2  TimeStamp: 2026/03/07-07:52:07-GMT  BuildTime: Aug  4 2022 06:17:15  BuildStamp: freesurfer-linux-ubuntu22_x86_64-7.3.2-20220804-6354275  User: oesteban  Machine: dna079  Platform: Linux  PlatformVersion: 5.14.0-427.37.1.el9_4.x86_64  CompilerName: GCC  CompilerVersion: 8.4.0
ProgramName: mri_or  ProgramArguments: mri_or -all-info  ProgramVersion: 7.3.2  TimeStamp: 2026/03/07-07:52:07-GMT  BuildTime: Aug  4 2022 06:17:15  BuildStamp: freesurfer-linux-ubuntu22_x86_64-7.3.2-20220804-6354275  User: oesteban  Machine: dna079  Platform: Linux  PlatformVersion: 5.14.0-427.37.1.el9_4.x86_64  CompilerName: GCC  CompilerVersion: 8.4.0
ProgramName: mri_relabel_hypointensities  ProgramArguments: mri_relabel_hypointensities -all-info  ProgramVersion: 7.3.2  TimeStamp: 2026/03/07-07:52:07-GMT  BuildTime: Aug  4 2022 06:17:15  BuildStamp: freesurfer-linux-ubuntu22_x86_64-7.3.2-20220804-6354275  User: oesteban  Machine: dna079  Platform: Linux  PlatformVersion: 5.14.0-427.37.1.el9_4.x86_64  CompilerName: GCC  CompilerVersion: 8.4.0
ProgramName: mri_relabel_nonwm_hypos  ProgramArguments: mri_relabel_nonwm_hypos -all-info  ProgramVersion: 7.3.2  TimeStamp: 2026/03/07-07:52:07-GMT  BuildTime: Aug  4 2022 06:17:15  BuildStamp: freesurfer-linux-ubuntu22_x86_64-7.3.2-20220804-6354275  User: oesteban  Machine: dna079  Platform: Linux  PlatformVersion: 5.14.0-427.37.1.el9_4.x86_64  CompilerName: GCC  CompilerVersion: 8.4.0
ProgramName: mri_remove_neck  ProgramArguments: mri_remove_neck -all-info  ProgramVersion: 7.3.2  TimeStamp: 2026/03/07-07:52:07-GMT  BuildTime: Aug  4 2022 06:17:15  BuildStamp: freesurfer-linux-ubuntu22_x86_64-7.3.2-20220804-6354275  User: oesteban  Machine: dna079  Platform: Linux  PlatformVersion: 5.14.0-427.37.1.el9_4.x86_64  CompilerName: GCC  CompilerVersion: 8.4.0
7.3.2

ProgramName: mri_robust_register  ProgramArguments: mri_robust_register -all-info  ProgramVersion: 7.3.2  TimeStamp: 2026/03/07-07:52:07-GMT  BuildTime: Aug  4 2022 06:17:15  BuildStamp: freesurfer-linux-ubuntu22_x86_64-7.3.2-20220804-6354275  User: oesteban  Machine: dna079  Platform: Linux  PlatformVersion: 5.14.0-427.37.1.el9_4.x86_64  CompilerName: GCC  CompilerVersion: 8.4.0
7.3.2

ProgramName: mri_robust_template  ProgramArguments: mri_robust_template -all-info  ProgramVersion: 7.3.2  TimeStamp: 2026/03/07-07:52:07-GMT  BuildTime: Aug  4 2022 06:17:15  BuildStamp: freesurfer-linux-ubuntu22_x86_64-7.3.2-20220804-6354275  User: oesteban  Machine: dna079  Platform: Linux  PlatformVersion: 5.14.0-427.37.1.el9_4.x86_64  CompilerName: GCC  CompilerVersion: 8.4.0
ProgramName: mris_anatomical_stats  ProgramArguments: mris_anatomical_stats -all-info  ProgramVersion: 7.3.2  TimeStamp: 2026/03/07-07:52:07-GMT  BuildTime: Aug  4 2022 06:17:15  BuildStamp: freesurfer-linux-ubuntu22_x86_64-7.3.2-20220804-6354275  User: oesteban  Machine: dna079  Platform: Linux  PlatformVersion: 5.14.0-427.37.1.el9_4.x86_64  CompilerName: GCC  CompilerVersion: 8.4.0
ProgramName: mris_ca_label  ProgramArguments: mris_ca_label -all-info  ProgramVersion: 7.3.2  TimeStamp: 2026/03/07-07:52:07-GMT  BuildTime: Aug  4 2022 06:17:15  BuildStamp: freesurfer-linux-ubuntu22_x86_64-7.3.2-20220804-6354275  User: oesteban  Machine: dna079  Platform: Linux  PlatformVersion: 5.14.0-427.37.1.el9_4.x86_64  CompilerName: GCC  CompilerVersion: 8.4.0
ProgramName: mris_calc  ProgramArguments: mris_calc -all-info  ProgramVersion: 7.3.2  TimeStamp: 2026/03/07-07:52:07-GMT  BuildTime: Aug  4 2022 06:17:15  BuildStamp: freesurfer-linux-ubuntu22_x86_64-7.3.2-20220804-6354275  User: oesteban  Machine: dna079  Platform: Linux  PlatformVersion: 5.14.0-427.37.1.el9_4.x86_64  CompilerName: GCC  CompilerVersion: 8.4.0
ProgramName: mris_convert  ProgramArguments: mris_convert -all-info  ProgramVersion: 7.3.2  TimeStamp: 2026/03/07-07:52:07-GMT  BuildTime: Aug  4 2022 06:17:15  BuildStamp: freesurfer-linux-ubuntu22_x86_64-7.3.2-20220804-6354275  User: oesteban  Machine: dna079  Platform: Linux  PlatformVersion: 5.14.0-427.37.1.el9_4.x86_64  CompilerName: GCC  CompilerVersion: 8.4.0
ProgramName: mris_curvature  ProgramArguments: mris_curvature -all-info  ProgramVersion: 7.3.2  TimeStamp: 2026/03/07-07:52:07-GMT  BuildTime: Aug  4 2022 06:17:15  BuildStamp: freesurfer-linux-ubuntu22_x86_64-7.3.2-20220804-6354275  User: oesteban  Machine: dna079  Platform: Linux  PlatformVersion: 5.14.0-427.37.1.el9_4.x86_64  CompilerName: GCC  CompilerVersion: 8.4.0
ProgramName: mris_curvature_stats  ProgramArguments: mris_curvature_stats -all-info  ProgramVersion: 7.3.2  TimeStamp: 2026/03/07-07:52:07-GMT  BuildTime: Aug  4 2022 06:17:15  BuildStamp: freesurfer-linux-ubuntu22_x86_64-7.3.2-20220804-6354275  User: oesteban  Machine: dna079  Platform: Linux  PlatformVersion: 5.14.0-427.37.1.el9_4.x86_64  CompilerName: GCC  CompilerVersion: 8.4.0
ProgramName: mris_diff  ProgramArguments: mris_diff -all-info  ProgramVersion: 7.3.2  TimeStamp: 2026/03/07-07:52:07-GMT  BuildTime: Aug  4 2022 06:17:15  BuildStamp: freesurfer-linux-ubuntu22_x86_64-7.3.2-20220804-6354275  User: oesteban  Machine: dna079  Platform: Linux  PlatformVersion: 5.14.0-427.37.1.el9_4.x86_64  CompilerName: GCC  CompilerVersion: 8.4.0
ProgramName: mris_divide_parcellation  ProgramArguments: mris_divide_parcellation -all-info  ProgramVersion: 7.3.2  TimeStamp: 2026/03/07-07:52:07-GMT  BuildTime: Aug  4 2022 06:17:15  BuildStamp: freesurfer-linux-ubuntu22_x86_64-7.3.2-20220804-6354275  User: oesteban  Machine: dna079  Platform: Linux  PlatformVersion: 5.14.0-427.37.1.el9_4.x86_64  CompilerName: GCC  CompilerVersion: 8.4.0
ProgramName: mri_segment  ProgramArguments: mri_segment -all-info  ProgramVersion: 7.3.2  TimeStamp: 2026/03/07-07:52:07-GMT  BuildTime: Aug  4 2022 06:17:15  BuildStamp: freesurfer-linux-ubuntu22_x86_64-7.3.2-20220804-6354275  User: oesteban  Machine: dna079  Platform: Linux  PlatformVersion: 5.14.0-427.37.1.el9_4.x86_64  CompilerName: GCC  CompilerVersion: 8.4.0
ProgramName: mri_segstats  ProgramArguments: mri_segstats -all-info  ProgramVersion: 7.3.2  TimeStamp: 2026/03/07-07:52:07-GMT  BuildTime: Aug  4 2022 06:17:15  BuildStamp: freesurfer-linux-ubuntu22_x86_64-7.3.2-20220804-6354275  User: oesteban  Machine: dna079  Platform: Linux  PlatformVersion: 5.14.0-427.37.1.el9_4.x86_64  CompilerName: GCC  CompilerVersion: 8.4.0
ProgramName: mris_euler_number  ProgramArguments: mris_euler_number -all-info  ProgramVersion: 7.3.2  TimeStamp: 2026/03/07-07:52:07-GMT  BuildTime: Aug  4 2022 06:17:15  BuildStamp: freesurfer-linux-ubuntu22_x86_64-7.3.2-20220804-6354275  User: oesteban  Machine: dna079  Platform: Linux  PlatformVersion: 5.14.0-427.37.1.el9_4.x86_64  CompilerName: GCC  CompilerVersion: 8.4.0
ProgramName: mris_fix_topology  ProgramArguments: mris_fix_topology -all-info  ProgramVersion: 7.3.2  TimeStamp: 2026/03/07-07:52:07-GMT  BuildTime: Aug  4 2022 06:17:15  BuildStamp: freesurfer-linux-ubuntu22_x86_64-7.3.2-20220804-6354275  User: oesteban  Machine: dna079  Platform: Linux  PlatformVersion: 5.14.0-427.37.1.el9_4.x86_64  CompilerName: GCC  CompilerVersion: 8.4.0
ProgramName: mris_topo_fixer  ProgramArguments: mris_topo_fixer -all-info  ProgramVersion: 7.3.2  TimeStamp: 2026/03/07-07:52:07-GMT  BuildTime: Aug  4 2022 06:17:15  BuildStamp: freesurfer-linux-ubuntu22_x86_64-7.3.2-20220804-6354275  User: oesteban  Machine: dna079  Platform: Linux  PlatformVersion: 5.14.0-427.37.1.el9_4.x86_64  CompilerName: GCC  CompilerVersion: 8.4.0
ProgramName: mris_jacobian  ProgramArguments: mris_jacobian -all-info  ProgramVersion: 7.3.2  TimeStamp: 2026/03/07-07:52:07-GMT  BuildTime: Aug  4 2022 06:17:15  BuildStamp: freesurfer-linux-ubuntu22_x86_64-7.3.2-20220804-6354275  User: oesteban  Machine: dna079  Platform: Linux  PlatformVersion: 5.14.0-427.37.1.el9_4.x86_64  CompilerName: GCC  CompilerVersion: 8.4.0
ProgramName: mris_label2annot  ProgramArguments: mris_label2annot -all-info  ProgramVersion: 7.3.2  TimeStamp: 2026/03/07-07:52:07-GMT  BuildTime: Aug  4 2022 06:17:15  BuildStamp: freesurfer-linux-ubuntu22_x86_64-7.3.2-20220804-6354275  User: oesteban  Machine: dna079  Platform: Linux  PlatformVersion: 5.14.0-427.37.1.el9_4.x86_64  CompilerName: GCC  CompilerVersion: 8.4.0
ProgramName: mris_left_right_register  ProgramArguments: mris_left_right_register -all-info  ProgramVersion: 7.3.2  TimeStamp: 2026/03/07-07:52:07-GMT  BuildTime: Aug  4 2022 06:17:15  BuildStamp: freesurfer-linux-ubuntu22_x86_64-7.3.2-20220804-6354275  User: oesteban  Machine: dna079  Platform: Linux  PlatformVersion: 5.14.0-427.37.1.el9_4.x86_64  CompilerName: GCC  CompilerVersion: 8.4.0
ProgramName: mris_place_surface  ProgramArguments: mris_place_surface -all-info  ProgramVersion: 7.3.2  TimeStamp: 2026/03/07-07:52:07-GMT  BuildTime: Aug  4 2022 06:17:15  BuildStamp: freesurfer-linux-ubuntu22_x86_64-7.3.2-20220804-6354275  User: oesteban  Machine: dna079  Platform: Linux  PlatformVersion: 5.14.0-427.37.1.el9_4.x86_64  CompilerName: GCC  CompilerVersion: 8.4.0
ProgramName: mrisp_paint  ProgramArguments: mrisp_paint -all-info  ProgramVersion: 7.3.2  TimeStamp: 2026/03/07-07:52:07-GMT  BuildTime: Aug  4 2022 06:17:15  BuildStamp: freesurfer-linux-ubuntu22_x86_64-7.3.2-20220804-6354275  User: oesteban  Machine: dna079  Platform: Linux  PlatformVersion: 5.14.0-427.37.1.el9_4.x86_64  CompilerName: GCC  CompilerVersion: 8.4.0
ProgramName: mris_register  ProgramArguments: mris_register -all-info  ProgramVersion: 7.3.2  TimeStamp: 2026/03/07-07:52:07-GMT  BuildTime: Aug  4 2022 06:17:15  BuildStamp: freesurfer-linux-ubuntu22_x86_64-7.3.2-20220804-6354275  User: oesteban  Machine: dna079  Platform: Linux  PlatformVersion: 5.14.0-427.37.1.el9_4.x86_64  CompilerName: GCC  CompilerVersion: 8.4.0
ProgramName: mris_smooth  ProgramArguments: mris_smooth -all-info  ProgramVersion: 7.3.2  TimeStamp: 2026/03/07-07:52:07-GMT  BuildTime: Aug  4 2022 06:17:15  BuildStamp: freesurfer-linux-ubuntu22_x86_64-7.3.2-20220804-6354275  User: oesteban  Machine: dna079  Platform: Linux  PlatformVersion: 5.14.0-427.37.1.el9_4.x86_64  CompilerName: GCC  CompilerVersion: 8.4.0
ProgramName: mris_sphere  ProgramArguments: mris_sphere -all-info  ProgramVersion: 7.3.2  TimeStamp: 2026/03/07-07:52:07-GMT  BuildTime: Aug  4 2022 06:17:15  BuildStamp: freesurfer-linux-ubuntu22_x86_64-7.3.2-20220804-6354275  User: oesteban  Machine: dna079  Platform: Linux  PlatformVersion: 5.14.0-427.37.1.el9_4.x86_64  CompilerName: GCC  CompilerVersion: 8.4.0
ProgramName: mris_surface_stats  ProgramArguments: mris_surface_stats -all-info  ProgramVersion: 7.3.2  TimeStamp: 2026/03/07-07:52:07-GMT  BuildTime: Aug  4 2022 06:17:15  BuildStamp: freesurfer-linux-ubuntu22_x86_64-7.3.2-20220804-6354275  User: oesteban  Machine: dna079  Platform: Linux  PlatformVersion: 5.14.0-427.37.1.el9_4.x86_64  CompilerName: GCC  CompilerVersion: 8.4.0
ProgramName: mri_stats2seg  ProgramArguments: mri_stats2seg -all-info  ProgramVersion: 7.3.2  TimeStamp: 2026/03/07-07:52:07-GMT  BuildTime: Aug  4 2022 06:17:15  BuildStamp: freesurfer-linux-ubuntu22_x86_64-7.3.2-20220804-6354275  User: oesteban  Machine: dna079  Platform: Linux  PlatformVersion: 5.14.0-427.37.1.el9_4.x86_64  CompilerName: GCC  CompilerVersion: 8.4.0
ProgramName: mris_thickness  ProgramArguments: mris_thickness -all-info  ProgramVersion: 7.3.2  TimeStamp: 2026/03/07-07:52:07-GMT  BuildTime: Aug  4 2022 06:17:15  BuildStamp: freesurfer-linux-ubuntu22_x86_64-7.3.2-20220804-6354275  User: oesteban  Machine: dna079  Platform: Linux  PlatformVersion: 5.14.0-427.37.1.el9_4.x86_64  CompilerName: GCC  CompilerVersion: 8.4.0
ProgramName: mris_thickness_diff  ProgramArguments: mris_thickness_diff -all-info  ProgramVersion: 7.3.2  TimeStamp: 2026/03/07-07:52:07-GMT  BuildTime: Aug  4 2022 06:17:15  BuildStamp: freesurfer-linux-ubuntu22_x86_64-7.3.2-20220804-6354275  User: oesteban  Machine: dna079  Platform: Linux  PlatformVersion: 5.14.0-427.37.1.el9_4.x86_64  CompilerName: GCC  CompilerVersion: 8.4.0
ProgramName: mris_topo_fixer  ProgramArguments: mris_topo_fixer -all-info  ProgramVersion: 7.3.2  TimeStamp: 2026/03/07-07:52:07-GMT  BuildTime: Aug  4 2022 06:17:15  BuildStamp: freesurfer-linux-ubuntu22_x86_64-7.3.2-20220804-6354275  User: oesteban  Machine: dna079  Platform: Linux  PlatformVersion: 5.14.0-427.37.1.el9_4.x86_64  CompilerName: GCC  CompilerVersion: 8.4.0
ProgramName: mri_surf2surf  ProgramArguments: mri_surf2surf -all-info  ProgramVersion: 7.3.2  TimeStamp: 2026/03/07-07:52:07-GMT  BuildTime: Aug  4 2022 06:17:15  BuildStamp: freesurfer-linux-ubuntu22_x86_64-7.3.2-20220804-6354275  User: oesteban  Machine: dna079  Platform: Linux  PlatformVersion: 5.14.0-427.37.1.el9_4.x86_64  CompilerName: GCC  CompilerVersion: 8.4.0
ProgramName: mri_surf2vol  ProgramArguments: mri_surf2vol -all-info  ProgramVersion: 7.3.2  TimeStamp: 2026/03/07-07:52:07-GMT  BuildTime: Aug  4 2022 06:17:15  BuildStamp: freesurfer-linux-ubuntu22_x86_64-7.3.2-20220804-6354275  User: oesteban  Machine: dna079  Platform: Linux  PlatformVersion: 5.14.0-427.37.1.el9_4.x86_64  CompilerName: GCC  CompilerVersion: 8.4.0
ProgramName: mri_surfcluster  ProgramArguments: mri_surfcluster -all-info  ProgramVersion: 7.3.2  TimeStamp: 2026/03/07-07:52:07-GMT  BuildTime: Aug  4 2022 06:17:15  BuildStamp: freesurfer-linux-ubuntu22_x86_64-7.3.2-20220804-6354275  User: oesteban  Machine: dna079  Platform: Linux  PlatformVersion: 5.14.0-427.37.1.el9_4.x86_64  CompilerName: GCC  CompilerVersion: 8.4.0
ProgramName: mris_volmask  ProgramArguments: mris_volmask -all-info  ProgramVersion: 7.3.2  TimeStamp: 2026/03/07-07:52:07-GMT  BuildTime: Aug  4 2022 06:17:15  BuildStamp: freesurfer-linux-ubuntu22_x86_64-7.3.2-20220804-6354275  User: oesteban  Machine: dna079  Platform: Linux  PlatformVersion: 5.14.0-427.37.1.el9_4.x86_64  CompilerName: GCC  CompilerVersion: 8.4.0
ProgramName: mri_tessellate  ProgramArguments: mri_tessellate -all-info  ProgramVersion: 7.3.2  TimeStamp: 2026/03/07-07:52:07-GMT  BuildTime: Aug  4 2022 06:17:15  BuildStamp: freesurfer-linux-ubuntu22_x86_64-7.3.2-20220804-6354275  User: oesteban  Machine: dna079  Platform: Linux  PlatformVersion: 5.14.0-427.37.1.el9_4.x86_64  CompilerName: GCC  CompilerVersion: 8.4.0
ProgramName: mri_vol2surf  ProgramArguments: mri_vol2surf -all-info  ProgramVersion: 7.3.2  TimeStamp: 2026/03/07-07:52:07-GMT  BuildTime: Aug  4 2022 06:17:15  BuildStamp: freesurfer-linux-ubuntu22_x86_64-7.3.2-20220804-6354275  User: oesteban  Machine: dna079  Platform: Linux  PlatformVersion: 5.14.0-427.37.1.el9_4.x86_64  CompilerName: GCC  CompilerVersion: 8.4.0
ProgramName: mri_vol2vol  ProgramArguments: mri_vol2vol -all-info  ProgramVersion: 7.3.2  TimeStamp: 2026/03/07-07:52:07-GMT  BuildTime: Aug  4 2022 06:17:15  BuildStamp: freesurfer-linux-ubuntu22_x86_64-7.3.2-20220804-6354275  User: oesteban  Machine: dna079  Platform: Linux  PlatformVersion: 5.14.0-427.37.1.el9_4.x86_64  CompilerName: GCC  CompilerVersion: 8.4.0
ProgramName: mri_voldiff  ProgramArguments: mri_voldiff -all-info  ProgramVersion: 7.3.2  TimeStamp: 2026/03/07-07:52:07-GMT  BuildTime: Aug  4 2022 06:17:15  BuildStamp: freesurfer-linux-ubuntu22_x86_64-7.3.2-20220804-6354275  User: oesteban  Machine: dna079  Platform: Linux  PlatformVersion: 5.14.0-427.37.1.el9_4.x86_64  CompilerName: GCC  CompilerVersion: 8.4.0
ProgramName: mri_watershed  ProgramArguments: mri_watershed -all-info  ProgramVersion: 7.3.2  TimeStamp: 2026/03/07-07:52:07-GMT  BuildTime: Aug  4 2022 06:17:15  BuildStamp: freesurfer-linux-ubuntu22_x86_64-7.3.2-20220804-6354275  User: oesteban  Machine: dna079  Platform: Linux  PlatformVersion: 5.14.0-427.37.1.el9_4.x86_64  CompilerName: GCC  CompilerVersion: 8.4.0
ProgramName: tkregister2  ProgramArguments: tkregister2_cmdl -all-info  ProgramVersion: 7.3.2  TimeStamp: 2026/03/07-07:52:07-GMT  BuildTime: Aug  4 2022 06:17:15  BuildStamp: freesurfer-linux-ubuntu22_x86_64-7.3.2-20220804-6354275  User: oesteban  Machine: dna079  Platform: Linux  PlatformVersion: 5.14.0-427.37.1.el9_4.x86_64  CompilerName: GCC  CompilerVersion: 8.4.0
mri_motion_correct.fsl 7.3.2
mri_convert -all-info 
ProgramName: mri_convert  ProgramArguments: mri_convert -all-info  ProgramVersion: 7.3.2  TimeStamp: 2026/03/07-07:52:08-GMT  BuildTime: Aug  4 2022 06:17:15  BuildStamp: freesurfer-linux-ubuntu22_x86_64-7.3.2-20220804-6354275  User: oesteban  Machine: dna079  Platform: Linux  PlatformVersion: 5.14.0-427.37.1.el9_4.x86_64  CompilerName: GCC  CompilerVersion: 8.4.0
Program nu_correct, built from:
Package MNI N3, version 1.12.0, compiled by nicks@terrier (x86_64-unknown-linux-gnu) on 2015-06-19 at 01:25:34
#######################################
GCADIR /opt/freesurfer/average
GCA RB_all_2020-01-02.gca
GCASkull RB_all_withskull_2020_01_02.gca
AvgCurvTif folding.atlas.acfb40.noaparc.i12.2016-08-02.tif
GCSDIR /opt/freesurfer/average
GCS DKaparc.atlas.acfb40.noaparc.i12.2016-08-02.gcs
#######################################
-cw256 option is now persistent (remove with -clean-cw256)
/out/sourcedata/freesurfer/sub-v1s20x0050301_ses-1

 mri_convert /work/fmriprep_25_2_wf/sub_v1s20x0050301_ses_1_wf/anat_fit_wf/anat_validate/sub-v1s20x0050301_ses-1_T1w_noise_corrected_ras_valid.nii.gz /out/sourcedata/freesurfer/sub-v1s20x0050301_ses-1/mri/orig/001.mgz 

mri_convert /work/fmriprep_25_2_wf/sub_v1s20x0050301_ses_1_wf/anat_fit_wf/anat_validate/sub-v1s20x0050301_ses-1_T1w_noise_corrected_ras_valid.nii.gz /out/sourcedata/freesurfer/sub-v1s20x0050301_ses-1/mri/orig/001.mgz 
reading from /work/fmriprep_25_2_wf/sub_v1s20x0050301_ses_1_wf/anat_fit_wf/anat_validate/sub-v1s20x0050301_ses-1_T1w_noise_corrected_ras_valid.nii.gz...
TR=0.00, TE=0.00, TI=0.00, flip angle=0.00
i_ras = (1, 0, 0)
j_ras = (0, 1, 0)
k_ras = (0, 0, 1)
writing to /out/sourcedata/freesurfer/sub-v1s20x0050301_ses-1/mri/orig/001.mgz...
#--------------------------------------------
#@# MotionCor Sat Mar  7 08:52:08 CET 2026
Found 1 runs
/out/sourcedata/freesurfer/sub-v1s20x0050301_ses-1/mri/orig/001.mgz
Checking for (invalid) multi-frame inputs...
Only one run found so motion
correction will not be performed. I'll
copy the run to rawavg and continue.

 cp /out/sourcedata/freesurfer/sub-v1s20x0050301_ses-1/mri/orig/001.mgz /out/sourcedata/freesurfer/sub-v1s20x0050301_ses-1/mri/rawavg.mgz 


 mri_info /out/sourcedata/freesurfer/sub-v1s20x0050301_ses-1/mri/rawavg.mgz 

rawavg.mgz ========================================
Volume information for /out/sourcedata/freesurfer/sub-v1s20x0050301_ses-1/mri/rawavg.mgz
          type: MGH
    dimensions: 256 x 256 x 102
   voxel sizes: 1.015620, 1.015620, 1.400000
          type: FLOAT (3)
           fov: 259.999
           dof: 1
        xstart: -130.0, xend: 130.0
        ystart: -130.0, yend: 130.0
        zstart: -71.4, zend: 71.4
            TR: 0.00 msec, TE: 0.00 msec, TI: 0.00 msec, flip angle: 0.00 degrees
       nframes: 1
       PhEncDir: UNKNOWN
       FieldStrength: 0.000000
ras xform present
    xform info: x_r =   1.0000, y_r =   0.0000, z_r =   0.0000, c_r =     0.5078
              : x_a =   0.0000, y_a =   1.0000, z_a =   0.0000, c_a =     0.5078
              : x_s =   0.0000, y_s =   0.0000, z_s =   1.0000, c_s =     0.7000

talairach xfm : 
Orientation   : RAS
Primary Slice Direction: axial

voxel to ras transform:
                1.0156   0.0000   0.0000  -129.4915
                0.0000   1.0156   0.0000  -129.4915
                0.0000   0.0000   1.4000   -70.7000
                0.0000   0.0000   0.0000     1.0000

voxel-to-ras determinant 1.44408

ras to voxel transform:
                0.9846   0.0000   0.0000   127.5000
                0.0000   0.9846   0.0000   127.5000
                0.0000   0.0000   0.7143    50.5000
                0.0000   0.0000   0.0000     1.0000
/out/sourcedata/freesurfer/sub-v1s20x0050301_ses-1

 mri_convert /out/sourcedata/freesurfer/sub-v1s20x0050301_ses-1/mri/rawavg.mgz /out/sourcedata/freesurfer/sub-v1s20x0050301_ses-1/mri/orig.mgz --conform --cw256 

mri_convert /out/sourcedata/freesurfer/sub-v1s20x0050301_ses-1/mri/rawavg.mgz /out/sourcedata/freesurfer/sub-v1s20x0050301_ses-1/mri/orig.mgz --conform --cw256 
reading from /out/sourcedata/freesurfer/sub-v1s20x0050301_ses-1/mri/rawavg.mgz...
TR=0.00, TE=0.00, TI=0.00, flip angle=0.00
i_ras = (1, 0, 0)
j_ras = (0, 1, 0)
k_ras = (0, 0, 1)
changing data type from float to uchar (noscale = 0)...
MRIchangeType: Building histogram -0.00156119 6186.27 1000, flo=0, fhi=0.999, dest_type=0
Reslicing using trilinear interpolation 
writing to /out/sourcedata/freesurfer/sub-v1s20x0050301_ses-1/mri/orig.mgz...

 mri_add_xform_to_header -c /out/sourcedata/freesurfer/sub-v1s20x0050301_ses-1/mri/transforms/talairach.xfm /out/sourcedata/freesurfer/sub-v1s20x0050301_ses-1/mri/orig.mgz /out/sourcedata/freesurfer/sub-v1s20x0050301_ses-1/mri/orig.mgz 

INFO: extension is mgz

 mri_info /out/sourcedata/freesurfer/sub-v1s20x0050301_ses-1/mri/orig.mgz 

orig.mgz ========================================
Volume information for /out/sourcedata/freesurfer/sub-v1s20x0050301_ses-1/mri/orig.mgz
          type: MGH
    dimensions: 256 x 256 x 256
   voxel sizes: 1.000000, 1.000000, 1.000000
          type: UCHAR (0)
           fov: 256.000
           dof: 1
        xstart: -128.0, xend: 128.0
        ystart: -128.0, yend: 128.0
        zstart: -128.0, zend: 128.0
            TR: 0.00 msec, TE: 0.00 msec, TI: 0.00 msec, flip angle: 0.00 degrees
       nframes: 1
       PhEncDir: UNKNOWN
       FieldStrength: 0.000000
ras xform present
    xform info: x_r =  -1.0000, y_r =   0.0000, z_r =   0.0000, c_r =     0.5078
              : x_a =   0.0000, y_a =   0.0000, z_a =   1.0000, c_a =     0.5078
              : x_s =   0.0000, y_s =  -1.0000, z_s =   0.0000, c_s =     0.7000

talairach xfm : /out/sourcedata/freesurfer/sub-v1s20x0050301_ses-1/mri/transforms/talairach.xfm
Orientation   : LIA
Primary Slice Direction: coronal

voxel to ras transform:
               -1.0000   0.0000   0.0000   128.5078
                0.0000   0.0000   1.0000  -127.4922
                0.0000  -1.0000   0.0000   128.7000
                0.0000   0.0000   0.0000     1.0000

voxel-to-ras determinant -1

ras to voxel transform:
               -1.0000  -0.0000  -0.0000   128.5078
               -0.0000  -0.0000  -1.0000   128.7000
               -0.0000   1.0000  -0.0000   127.4922
               -0.0000  -0.0000  -0.0000     1.0000
#--------------------------------------------
#@# Talairach Sat Mar  7 08:52:13 CET 2026
/out/sourcedata/freesurfer/sub-v1s20x0050301_ses-1/mri

 mri_nu_correct.mni --no-rescale --i orig.mgz --o orig_nu.mgz --ants-n4 --n 1 --proto-iters 1000 --distance 50 

/usr/bin/bc
/out/sourcedata/freesurfer/sub-v1s20x0050301_ses-1/mri
/opt/freesurfer/bin/mri_nu_correct.mni
--no-rescale --i orig.mgz --o orig_nu.mgz --ants-n4 --n 1 --proto-iters 1000 --distance 50
nIters 1
mri_nu_correct.mni 7.3.2
Linux dna079 5.14.0-427.37.1.el9_4.x86_64 #1 SMP PREEMPT_DYNAMIC Fri Sep 13 12:41:50 EDT 2024 x86_64 x86_64 x86_64 GNU/Linux
Sat Mar  7 08:52:14 CET 2026
tmpdir is ./tmp.mri_nu_correct.mni.211369
cd /out/sourcedata/freesurfer/sub-v1s20x0050301_ses-1/mri
AntsN4BiasFieldCorrectionFs -i orig.mgz -o ./tmp.mri_nu_correct.mni.211369/nu0.mgz --dtype uchar
AntsN4BiasFieldCorrectionFs done
mri_convert ./tmp.mri_nu_correct.mni.211369/nu0.mgz orig_nu.mgz --like orig.mgz --conform
mri_convert ./tmp.mri_nu_correct.mni.211369/nu0.mgz orig_nu.mgz --like orig.mgz --conform 
reading from ./tmp.mri_nu_correct.mni.211369/nu0.mgz...
TR=0.00, TE=0.00, TI=0.00, flip angle=0.00
i_ras = (-1, 0, 0)
j_ras = (0, 0, -1)
k_ras = (0, 1, 0)
INFO: transform src into the like-volume: orig.mgz
writing to orig_nu.mgz...
 
 
Sat Mar  7 08:54:47 CET 2026
mri_nu_correct.mni done

 talairach_avi --i orig_nu.mgz --xfm transforms/talairach.auto.xfm 

talairach_avi log file is transforms/talairach_avi.log...
mv -f /out/sourcedata/freesurfer/sub-v1s20x0050301_ses-1/mri/talsrcimg_to_711-2C_as_mni_average_305_t4_vox2vox.txt /out/sourcedata/freesurfer/sub-v1s20x0050301_ses-1/mri/transforms/talsrcimg_to_711-2C_as_mni_average_305_t4_vox2vox.txt
Started at Sat Mar 7 08:54:47 CET 2026
Ended   at Sat Mar  7 08:55:01 CET 2026
talairach_avi done

 cp transforms/talairach.auto.xfm transforms/talairach.xfm 

lta_convert --src orig.mgz --trg /opt/freesurfer/average/mni305.cor.mgz --inxfm transforms/talairach.xfm --outlta transforms/talairach.xfm.lta --subject fsaverage --ltavox2vox
7.3.2

--src: orig.mgz src image (geometry).
--trg: /opt/freesurfer/average/mni305.cor.mgz trg image (geometry).
--inmni: transforms/talairach.xfm input MNI/XFM transform.
--outlta: transforms/talairach.xfm.lta output LTA.
--s: fsaverage subject name
--ltavox2vox: output LTA as VOX_TO_VOX transform.
 LTA read, type : 1
 1.05428  -0.03198   0.00789  -0.64413;
-0.00466   1.00290  -0.00277  -7.11720;
-0.00821   0.05306   1.14409   5.80452;
 0.00000   0.00000   0.00000   1.00000;
setting subject to fsaverage
Writing  LTA to file transforms/talairach.xfm.lta...
lta_convert successful.
#--------------------------------------------
#@# Talairach Failure Detection Sat Mar  7 08:55:03 CET 2026
/out/sourcedata/freesurfer/sub-v1s20x0050301_ses-1/mri

 talairach_afd -T 0.005 -xfm transforms/talairach.xfm 

talairach_afd: Talairach Transform: transforms/talairach.xfm OK (p=0.6486, pval=0.3663 >= threshold=0.0050)

 awk -f /opt/freesurfer/bin/extract_talairach_avi_QA.awk /out/sourcedata/freesurfer/sub-v1s20x0050301_ses-1/mri/transforms/talairach_avi.log 


 tal_QC_AZS /out/sourcedata/freesurfer/sub-v1s20x0050301_ses-1/mri/transforms/talairach_avi.log 

TalAviQA: 0.97735
z-score: 0
#--------------------------------------------
#@# Nu Intensity Correction Sat Mar  7 08:55:03 CET 2026

 mri_nu_correct.mni --i orig.mgz --o nu.mgz --uchar transforms/talairach.xfm --n 2 --ants-n4 

/usr/bin/bc
/out/sourcedata/freesurfer/sub-v1s20x0050301_ses-1/mri
/opt/freesurfer/bin/mri_nu_correct.mni
--i orig.mgz --o nu.mgz --uchar transforms/talairach.xfm --n 2 --ants-n4
nIters 2
mri_nu_correct.mni 7.3.2
Linux dna079 5.14.0-427.37.1.el9_4.x86_64 #1 SMP PREEMPT_DYNAMIC Fri Sep 13 12:41:50 EDT 2024 x86_64 x86_64 x86_64 GNU/Linux
Sat Mar  7 08:55:03 CET 2026
tmpdir is ./tmp.mri_nu_correct.mni.212028
cd /out/sourcedata/freesurfer/sub-v1s20x0050301_ses-1/mri
AntsN4BiasFieldCorrectionFs -i orig.mgz -o ./tmp.mri_nu_correct.mni.212028/nu0.mgz --dtype uchar
AntsN4BiasFieldCorrectionFs done
mri_binarize --i ./tmp.mri_nu_correct.mni.212028/nu0.mgz --min -1 --o ./tmp.mri_nu_correct.mni.212028/ones.mgz

7.3.2
cwd /out/sourcedata/freesurfer/sub-v1s20x0050301_ses-1/mri
cmdline mri_binarize --i ./tmp.mri_nu_correct.mni.212028/nu0.mgz --min -1 --o ./tmp.mri_nu_correct.mni.212028/ones.mgz 
sysname  Linux
hostname dna079
machine  x86_64
user     oesteban

input      ./tmp.mri_nu_correct.mni.212028/nu0.mgz
frame      0
nErode3d   0
nErode2d   0
output     ./tmp.mri_nu_correct.mni.212028/ones.mgz
Binarizing based on threshold
min        -1
max        +infinity
binval        1
binvalnot     0
fstart = 0, fend = 0, nframes = 1
Starting parallel 1
Found 16777216 values in range
Counting number of voxels in first frame
Found 16777215 voxels in final mask
Writing output to ./tmp.mri_nu_correct.mni.212028/ones.mgz
Count: 16777215 16777215.000000 16777216 99.999994
mri_binarize done
mri_segstats --id 1 --seg ./tmp.mri_nu_correct.mni.212028/ones.mgz --i orig.mgz --sum ./tmp.mri_nu_correct.mni.212028/sum.junk --avgwf ./tmp.mri_nu_correct.mni.212028/input.mean.dat

7.3.2
cwd 
cmdline mri_segstats --id 1 --seg ./tmp.mri_nu_correct.mni.212028/ones.mgz --i orig.mgz --sum ./tmp.mri_nu_correct.mni.212028/sum.junk --avgwf ./tmp.mri_nu_correct.mni.212028/input.mean.dat 
sysname  Linux
hostname dna079
machine  x86_64
user     oesteban
whitesurfname  white
UseRobust  0
Loading ./tmp.mri_nu_correct.mni.212028/ones.mgz
Loading orig.mgz
Voxel Volume is 1 mm^3
Generating list of segmentation ids
Found   1 segmentations
Computing statistics for each segmentation

Reporting on   1 segmentations
Using PrintSegStat
Computing spatial average of each frame

Writing to ./tmp.mri_nu_correct.mni.212028/input.mean.dat
mri_segstats done
mri_segstats --id 1 --seg ./tmp.mri_nu_correct.mni.212028/ones.mgz --i ./tmp.mri_nu_correct.mni.212028/nu0.mgz --sum ./tmp.mri_nu_correct.mni.212028/sum.junk --avgwf ./tmp.mri_nu_correct.mni.212028/output.mean.dat

7.3.2
cwd 
cmdline mri_segstats --id 1 --seg ./tmp.mri_nu_correct.mni.212028/ones.mgz --i ./tmp.mri_nu_correct.mni.212028/nu0.mgz --sum ./tmp.mri_nu_correct.mni.212028/sum.junk --avgwf ./tmp.mri_nu_correct.mni.212028/output.mean.dat 
sysname  Linux
hostname dna079
machine  x86_64
user     oesteban
whitesurfname  white
UseRobust  0
Loading ./tmp.mri_nu_correct.mni.212028/ones.mgz
Loading ./tmp.mri_nu_correct.mni.212028/nu0.mgz
Voxel Volume is 1 mm^3
Generating list of segmentation ids
Found   1 segmentations
Computing statistics for each segmentation

Reporting on   1 segmentations
Using PrintSegStat
Computing spatial average of each frame

Writing to ./tmp.mri_nu_correct.mni.212028/output.mean.dat
mri_segstats done
mris_calc -o ./tmp.mri_nu_correct.mni.212028/nu0.mgz ./tmp.mri_nu_correct.mni.212028/nu0.mgz mul 1.02497914513953017346
Saving result to './tmp.mri_nu_correct.mni.212028/nu0.mgz' (type = MGH )                       [ ok ]
mri_convert ./tmp.mri_nu_correct.mni.212028/nu0.mgz nu.mgz --like orig.mgz
mri_convert ./tmp.mri_nu_correct.mni.212028/nu0.mgz nu.mgz --like orig.mgz 
reading from ./tmp.mri_nu_correct.mni.212028/nu0.mgz...
TR=0.00, TE=0.00, TI=0.00, flip angle=0.00
i_ras = (-1, 0, 0)
j_ras = (0, 0, -1)
k_ras = (0, 1, 0)
INFO: transform src into the like-volume: orig.mgz
writing to nu.mgz...
mri_make_uchar nu.mgz transforms/talairach.xfm nu.mgz
type change took 0 minutes and 3 seconds.
FIRST_PERCENTILE 0.010000
WM_PERCENTILE    0.900000
MAX_R 50.000000
i1 = 5, i2 = 48
#mri_make_uchar# mapping 13 123 to  3 110  :  b -9.94419 m 0.977806 : thresh 10.1699 maxsat 270.958 : nzero 13842355 nsat 0
 
 
Sat Mar  7 08:57:48 CET 2026
mri_nu_correct.mni done

 mri_add_xform_to_header -c /out/sourcedata/freesurfer/sub-v1s20x0050301_ses-1/mri/transforms/talairach.xfm nu.mgz nu.mgz 

INFO: extension is mgz
#--------------------------------------------
#@# Intensity Normalization Sat Mar  7 08:57:48 CET 2026
/out/sourcedata/freesurfer/sub-v1s20x0050301_ses-1/mri

 mri_normalize -g 1 -seed 1234 -mprage nu.mgz T1.mgz 

using max gradient = 1.000
setting seed for random number genererator to 1234
assuming input volume is MGH (Van der Kouwe) MP-RAGE
reading mri_src from nu.mgz...
normalizing image...
NOT doing gentle normalization with control points/label
talairach transform
 1.05428  -0.03198   0.00789  -0.64413;
-0.00466   1.00290  -0.00277  -7.11720;
-0.00821   0.05306   1.14409   5.80452;
 0.00000   0.00000   0.00000   1.00000;
processing without aseg, no1d=0
MRInormInit(): 
INFO: Modifying talairach volume c_(r,a,s) based on average_305
MRInormalize(): 
MRIsplineNormalize(): npeaks = 21
Starting OpenSpline(): npoints = 21
building Voronoi diagram...
performing soap bubble smoothing, sigma = 8...

Iterating 2 times
---------------------------------
3d normalization pass 1 of 2
white matter peak found at 110
white matter peak found at 110
gm peak at 64 (64), valley at  0 (-1)
csf peak at 32, setting threshold to 53
building Voronoi diagram...
performing soap bubble smoothing, sigma = 8...
---------------------------------
3d normalization pass 2 of 2
white matter peak found at 110
white matter peak found at 110
gm peak at 65 (65), valley at  0 (-1)
csf peak at 32, setting threshold to 54
building Voronoi diagram...
performing soap bubble smoothing, sigma = 8...
Done iterating ---------------------------------
writing output to T1.mgz
3D bias adjustment took 0 minutes and 58 seconds.

Started at Sat Mar 7 08:52:07 CET 2026 
Ended   at Sat Mar 7 08:58:46 CET 2026
#@#%# recon-all-run-time-hours 0.111
recon-all -s sub-v1s20x0050301_ses-1 finished without error at Sat Mar  7 08:58:46 CET 2026



#New# invocation of recon-all 




Sat Mar  7 09:04:23 CET 2026
cd /out/sourcedata/freesurfer/sub-v1s20x0050301_ses-1
setenv SUBJECTS_DIR /out/sourcedata/freesurfer
/opt/freesurfer/bin/recon-all -openmp 16 -subjid sub-v1s20x0050301_ses-1 -sd /out/sourcedata/freesurfer -gcareg

subjid sub-v1s20x0050301_ses-1
setenv SUBJECTS_DIR /out/sourcedata/freesurfer
FREESURFER_HOME /opt/freesurfer
Actual FREESURFER_HOME /opt/freesurfer
build-stamp.txt: freesurfer-linux-ubuntu22_x86_64-7.3.2-20220804-6354275
Linux dna079 5.14.0-427.37.1.el9_4.x86_64 #1 SMP PREEMPT_DYNAMIC Fri Sep 13 12:41:50 EDT 2024 x86_64 x86_64 x86_64 GNU/Linux
cputime      unlimited
filesize     unlimited
datasize     unlimited
stacksize    8192 kbytes
coredumpsize 0 kbytes
memoryuse    67108864 kbytes
vmemoryuse   unlimited
descriptors  1024 
memorylocked unlimited
maxproc      2061970 
maxlocks     unlimited
maxsignal    2062029 
maxmessage   819200 
maxnice      0 
maxrtprio    0 
maxrttime    unlimited

               total        used        free      shared  buff/cache   available
Mem:           503Gi        45Gi       383Gi       9.1Gi        74Gi       446Gi
Swap:             0B          0B          0B

########################################
program versions used
7.3.2 (freesurfer-linux-ubuntu22_x86_64-7.3.2-20220804-6354275)
7.3.2

ProgramName: lta_convert  ProgramArguments: lta_convert -all-info  ProgramVersion: 7.3.2  TimeStamp: 2026/03/07-08:04:23-GMT  BuildTime: Aug  4 2022 06:17:15  BuildStamp: freesurfer-linux-ubuntu22_x86_64-7.3.2-20220804-6354275  User: oesteban  Machine: dna079  Platform: Linux  PlatformVersion: 5.14.0-427.37.1.el9_4.x86_64  CompilerName: GCC  CompilerVersion: 8.4.0
ProgramName: mri_and  ProgramArguments: mri_and -all-info  ProgramVersion: 7.3.2  TimeStamp: 2026/03/07-08:04:23-GMT  BuildTime: Aug  4 2022 06:17:15  BuildStamp: freesurfer-linux-ubuntu22_x86_64-7.3.2-20220804-6354275  User: oesteban  Machine: dna079  Platform: Linux  PlatformVersion: 5.14.0-427.37.1.el9_4.x86_64  CompilerName: GCC  CompilerVersion: 8.4.0
ProgramName: mri_annotation2label  ProgramArguments: mri_annotation2label -all-info  ProgramVersion: 7.3.2  TimeStamp: 2026/03/07-08:04:23-GMT  BuildTime: Aug  4 2022 06:17:15  BuildStamp: freesurfer-linux-ubuntu22_x86_64-7.3.2-20220804-6354275  User: oesteban  Machine: dna079  Platform: Linux  PlatformVersion: 5.14.0-427.37.1.el9_4.x86_64  CompilerName: GCC  CompilerVersion: 8.4.0
ProgramName: mri_aparc2aseg  ProgramArguments: mri_aparc2aseg -all-info  ProgramVersion: 7.3.2  TimeStamp: 2026/03/07-08:04:23-GMT  BuildTime: Aug  4 2022 06:17:15  BuildStamp: freesurfer-linux-ubuntu22_x86_64-7.3.2-20220804-6354275  User: oesteban  Machine: dna079  Platform: Linux  PlatformVersion: 5.14.0-427.37.1.el9_4.x86_64  CompilerName: GCC  CompilerVersion: 8.4.0
ProgramName: mri_surf2volseg  ProgramArguments: mri_surf2volseg -all-info  ProgramVersion: 7.3.2  TimeStamp: 2026/03/07-08:04:23-GMT  BuildTime: Aug  4 2022 06:17:15  BuildStamp: freesurfer-linux-ubuntu22_x86_64-7.3.2-20220804-6354275  User: oesteban  Machine: dna079  Platform: Linux  PlatformVersion: 5.14.0-427.37.1.el9_4.x86_64  CompilerName: GCC  CompilerVersion: 8.4.0
ProgramName: mri_binarize  ProgramArguments: mri_binarize -all-info  ProgramVersion: 7.3.2  TimeStamp: 2026/03/07-08:04:23-GMT  BuildTime: Aug  4 2022 06:17:15  BuildStamp: freesurfer-linux-ubuntu22_x86_64-7.3.2-20220804-6354275  User: oesteban  Machine: dna079  Platform: Linux  PlatformVersion: 5.14.0-427.37.1.el9_4.x86_64  CompilerName: GCC  CompilerVersion: 8.4.0
ProgramName: mri_ca_label  ProgramArguments: mri_ca_label -all-info  ProgramVersion: 7.3.2  TimeStamp: 2026/03/07-08:04:23-GMT  BuildTime: Aug  4 2022 06:17:15  BuildStamp: freesurfer-linux-ubuntu22_x86_64-7.3.2-20220804-6354275  User: oesteban  Machine: dna079  Platform: Linux  PlatformVersion: 5.14.0-427.37.1.el9_4.x86_64  CompilerName: GCC  CompilerVersion: 8.4.0
ProgramName: mri_ca_normalize  ProgramArguments: mri_ca_normalize -all-info  ProgramVersion: 7.3.2  TimeStamp: 2026/03/07-08:04:23-GMT  BuildTime: Aug  4 2022 06:17:15  BuildStamp: freesurfer-linux-ubuntu22_x86_64-7.3.2-20220804-6354275  User: oesteban  Machine: dna079  Platform: Linux  PlatformVersion: 5.14.0-427.37.1.el9_4.x86_64  CompilerName: GCC  CompilerVersion: 8.4.0
ProgramName: mri_ca_register  ProgramArguments: mri_ca_register -all-info  ProgramVersion: 7.3.2  TimeStamp: 2026/03/07-08:04:23-GMT  BuildTime: Aug  4 2022 06:17:15  BuildStamp: freesurfer-linux-ubuntu22_x86_64-7.3.2-20220804-6354275  User: oesteban  Machine: dna079  Platform: Linux  PlatformVersion: 5.14.0-427.37.1.el9_4.x86_64  CompilerName: GCC  CompilerVersion: 8.4.0
ProgramName: mri_cc  ProgramArguments: mri_cc -all-info  ProgramVersion: 7.3.2  TimeStamp: 2026/03/07-08:04:23-GMT  BuildTime: Aug  4 2022 06:17:15  BuildStamp: freesurfer-linux-ubuntu22_x86_64-7.3.2-20220804-6354275  User: oesteban  Machine: dna079  Platform: Linux  PlatformVersion: 5.14.0-427.37.1.el9_4.x86_64  CompilerName: GCC  CompilerVersion: 8.4.0
ProgramName: mri_compute_overlap  ProgramArguments: mri_compute_overlap -all-info  ProgramVersion: 7.3.2  TimeStamp: 2026/03/07-08:04:23-GMT  BuildTime: Aug  4 2022 06:17:15  BuildStamp: freesurfer-linux-ubuntu22_x86_64-7.3.2-20220804-6354275  User: oesteban  Machine: dna079  Platform: Linux  PlatformVersion: 5.14.0-427.37.1.el9_4.x86_64  CompilerName: GCC  CompilerVersion: 8.4.0
ProgramName: mri_compute_seg_overlap  ProgramArguments: mri_compute_seg_overlap -all-info  ProgramVersion: 7.3.2  TimeStamp: 2026/03/07-08:04:23-GMT  BuildTime: Aug  4 2022 06:17:15  BuildStamp: freesurfer-linux-ubuntu22_x86_64-7.3.2-20220804-6354275  User: oesteban  Machine: dna079  Platform: Linux  PlatformVersion: 5.14.0-427.37.1.el9_4.x86_64  CompilerName: GCC  CompilerVersion: 8.4.0
ProgramName: mri_concat  ProgramArguments: mri_concat -all-info  ProgramVersion: 7.3.2  TimeStamp: 2026/03/07-08:04:23-GMT  BuildTime: Aug  4 2022 06:17:15  BuildStamp: freesurfer-linux-ubuntu22_x86_64-7.3.2-20220804-6354275  User: oesteban  Machine: dna079  Platform: Linux  PlatformVersion: 5.14.0-427.37.1.el9_4.x86_64  CompilerName: GCC  CompilerVersion: 8.4.0
ProgramName: mri_concatenate_lta  ProgramArguments: mri_concatenate_lta -all-info  ProgramVersion: 7.3.2  TimeStamp: 2026/03/07-08:04:23-GMT  BuildTime: Aug  4 2022 06:17:15  BuildStamp: freesurfer-linux-ubuntu22_x86_64-7.3.2-20220804-6354275  User: oesteban  Machine: dna079  Platform: Linux  PlatformVersion: 5.14.0-427.37.1.el9_4.x86_64  CompilerName: GCC  CompilerVersion: 8.4.0
mri_convert -all-info 
ProgramName: mri_convert  ProgramArguments: mri_convert -all-info  ProgramVersion: 7.3.2  TimeStamp: 2026/03/07-08:04:23-GMT  BuildTime: Aug  4 2022 06:17:15  BuildStamp: freesurfer-linux-ubuntu22_x86_64-7.3.2-20220804-6354275  User: oesteban  Machine: dna079  Platform: Linux  PlatformVersion: 5.14.0-427.37.1.el9_4.x86_64  CompilerName: GCC  CompilerVersion: 8.4.0
ProgramName: mri_diff  ProgramArguments: mri_diff -all-info  ProgramVersion: 7.3.2  TimeStamp: 2026/03/07-08:04:23-GMT  BuildTime: Aug  4 2022 06:17:15  BuildStamp: freesurfer-linux-ubuntu22_x86_64-7.3.2-20220804-6354275  User: oesteban  Machine: dna079  Platform: Linux  PlatformVersion: 5.14.0-427.37.1.el9_4.x86_64  CompilerName: GCC  CompilerVersion: 8.4.0
ProgramName: mri_edit_wm_with_aseg  ProgramArguments: mri_edit_wm_with_aseg -all-info  ProgramVersion: 7.3.2  TimeStamp: 2026/03/07-08:04:23-GMT  BuildTime: Aug  4 2022 06:17:15  BuildStamp: freesurfer-linux-ubuntu22_x86_64-7.3.2-20220804-6354275  User: oesteban  Machine: dna079  Platform: Linux  PlatformVersion: 5.14.0-427.37.1.el9_4.x86_64  CompilerName: GCC  CompilerVersion: 8.4.0
ProgramName: mri_em_register  ProgramArguments: mri_em_register -all-info  ProgramVersion: 7.3.2  TimeStamp: 2026/03/07-08:04:23-GMT  BuildTime: Aug  4 2022 06:17:15  BuildStamp: freesurfer-linux-ubuntu22_x86_64-7.3.2-20220804-6354275  User: oesteban  Machine: dna079  Platform: Linux  PlatformVersion: 5.14.0-427.37.1.el9_4.x86_64  CompilerName: GCC  CompilerVersion: 8.4.0
ProgramName: mri_fill  ProgramArguments: mri_fill -all-info  ProgramVersion: 7.3.2  TimeStamp: 2026/03/07-08:04:23-GMT  BuildTime: Aug  4 2022 06:17:15  BuildStamp: freesurfer-linux-ubuntu22_x86_64-7.3.2-20220804-6354275  User: oesteban  Machine: dna079  Platform: Linux  PlatformVersion: 5.14.0-427.37.1.el9_4.x86_64  CompilerName: GCC  CompilerVersion: 8.4.0
ProgramName: mri_fuse_segmentations  ProgramArguments: mri_fuse_segmentations -all-info  ProgramVersion: 7.3.2  TimeStamp: 2026/03/07-08:04:23-GMT  BuildTime: Aug  4 2022 06:17:15  BuildStamp: freesurfer-linux-ubuntu22_x86_64-7.3.2-20220804-6354275  User: oesteban  Machine: dna079  Platform: Linux  PlatformVersion: 5.14.0-427.37.1.el9_4.x86_64  CompilerName: GCC  CompilerVersion: 8.4.0
ProgramName: mri_fwhm  ProgramArguments: mri_fwhm -all-info  ProgramVersion: 7.3.2  TimeStamp: 2026/03/07-08:04:23-GMT  BuildTime: Aug  4 2022 06:17:15  BuildStamp: freesurfer-linux-ubuntu22_x86_64-7.3.2-20220804-6354275  User: oesteban  Machine: dna079  Platform: Linux  PlatformVersion: 5.14.0-427.37.1.el9_4.x86_64  CompilerName: GCC  CompilerVersion: 8.4.0
ProgramName: mri_gcut  ProgramArguments: mri_gcut -all-info  ProgramVersion: 7.3.2  TimeStamp: 2026/03/07-08:04:23-GMT  BuildTime: Aug  4 2022 06:17:15  BuildStamp: freesurfer-linux-ubuntu22_x86_64-7.3.2-20220804-6354275  User: oesteban  Machine: dna079  Platform: Linux  PlatformVersion: 5.14.0-427.37.1.el9_4.x86_64  CompilerName: GCC  CompilerVersion: 8.4.0
ProgramName: mri_info  ProgramArguments: mri_info -all-info  ProgramVersion: 7.3.2  TimeStamp: 2026/03/07-08:04:23-GMT  BuildTime: Aug  4 2022 06:17:15  BuildStamp: freesurfer-linux-ubuntu22_x86_64-7.3.2-20220804-6354275  User: oesteban  Machine: dna079  Platform: Linux  PlatformVersion: 5.14.0-427.37.1.el9_4.x86_64  CompilerName: GCC  CompilerVersion: 8.4.0
ProgramName: mri_label2label  ProgramArguments: mri_label2label -all-info  ProgramVersion: 7.3.2  TimeStamp: 2026/03/07-08:04:23-GMT  BuildTime: Aug  4 2022 06:17:15  BuildStamp: freesurfer-linux-ubuntu22_x86_64-7.3.2-20220804-6354275  User: oesteban  Machine: dna079  Platform: Linux  PlatformVersion: 5.14.0-427.37.1.el9_4.x86_64  CompilerName: GCC  CompilerVersion: 8.4.0
ProgramName: mri_label2vol  ProgramArguments: mri_label2vol -all-info  ProgramVersion: 7.3.2  TimeStamp: 2026/03/07-08:04:23-GMT  BuildTime: Aug  4 2022 06:17:15  BuildStamp: freesurfer-linux-ubuntu22_x86_64-7.3.2-20220804-6354275  User: oesteban  Machine: dna079  Platform: Linux  PlatformVersion: 5.14.0-427.37.1.el9_4.x86_64  CompilerName: GCC  CompilerVersion: 8.4.0
ProgramName: mri_log_likelihood  ProgramArguments: mri_log_likelihood -all-info  ProgramVersion: 7.3.2  TimeStamp: 2026/03/07-08:04:23-GMT  BuildTime: Aug  4 2022 06:17:15  BuildStamp: freesurfer-linux-ubuntu22_x86_64-7.3.2-20220804-6354275  User: oesteban  Machine: dna079  Platform: Linux  PlatformVersion: 5.14.0-427.37.1.el9_4.x86_64  CompilerName: GCC  CompilerVersion: 8.4.0
ProgramName: mri_mask  ProgramArguments: mri_mask -all-info  ProgramVersion: 7.3.2  TimeStamp: 2026/03/07-08:04:23-GMT  BuildTime: Aug  4 2022 06:17:15  BuildStamp: freesurfer-linux-ubuntu22_x86_64-7.3.2-20220804-6354275  User: oesteban  Machine: dna079  Platform: Linux  PlatformVersion: 5.14.0-427.37.1.el9_4.x86_64  CompilerName: GCC  CompilerVersion: 8.4.0
ProgramName: mri_matrix_multiply  ProgramArguments: mri_matrix_multiply -all-info  ProgramVersion: 7.3.2  TimeStamp: 2026/03/07-08:04:23-GMT  BuildTime: Aug  4 2022 06:17:15  BuildStamp: freesurfer-linux-ubuntu22_x86_64-7.3.2-20220804-6354275  User: oesteban  Machine: dna079  Platform: Linux  PlatformVersion: 5.14.0-427.37.1.el9_4.x86_64  CompilerName: GCC  CompilerVersion: 8.4.0
ProgramName: mri_normalize  ProgramArguments: mri_normalize -all-info  ProgramVersion: 7.3.2  TimeStamp: 2026/03/07-08:04:23-GMT  BuildTime: Aug  4 2022 06:17:15  BuildStamp: freesurfer-linux-ubuntu22_x86_64-7.3.2-20220804-6354275  User: oesteban  Machine: dna079  Platform: Linux  PlatformVersion: 5.14.0-427.37.1.el9_4.x86_64  CompilerName: GCC  CompilerVersion: 8.4.0
ProgramName: mri_normalize_tp2  ProgramArguments: mri_normalize_tp2 -all-info  ProgramVersion: 7.3.2  TimeStamp: 2026/03/07-08:04:23-GMT  BuildTime: Aug  4 2022 06:17:15  BuildStamp: freesurfer-linux-ubuntu22_x86_64-7.3.2-20220804-6354275  User: oesteban  Machine: dna079  Platform: Linux  PlatformVersion: 5.14.0-427.37.1.el9_4.x86_64  CompilerName: GCC  CompilerVersion: 8.4.0
ProgramName: mri_or  ProgramArguments: mri_or -all-info  ProgramVersion: 7.3.2  TimeStamp: 2026/03/07-08:04:23-GMT  BuildTime: Aug  4 2022 06:17:15  BuildStamp: freesurfer-linux-ubuntu22_x86_64-7.3.2-20220804-6354275  User: oesteban  Machine: dna079  Platform: Linux  PlatformVersion: 5.14.0-427.37.1.el9_4.x86_64  CompilerName: GCC  CompilerVersion: 8.4.0
ProgramName: mri_relabel_hypointensities  ProgramArguments: mri_relabel_hypointensities -all-info  ProgramVersion: 7.3.2  TimeStamp: 2026/03/07-08:04:23-GMT  BuildTime: Aug  4 2022 06:17:15  BuildStamp: freesurfer-linux-ubuntu22_x86_64-7.3.2-20220804-6354275  User: oesteban  Machine: dna079  Platform: Linux  PlatformVersion: 5.14.0-427.37.1.el9_4.x86_64  CompilerName: GCC  CompilerVersion: 8.4.0
ProgramName: mri_relabel_nonwm_hypos  ProgramArguments: mri_relabel_nonwm_hypos -all-info  ProgramVersion: 7.3.2  TimeStamp: 2026/03/07-08:04:23-GMT  BuildTime: Aug  4 2022 06:17:15  BuildStamp: freesurfer-linux-ubuntu22_x86_64-7.3.2-20220804-6354275  User: oesteban  Machine: dna079  Platform: Linux  PlatformVersion: 5.14.0-427.37.1.el9_4.x86_64  CompilerName: GCC  CompilerVersion: 8.4.0
ProgramName: mri_remove_neck  ProgramArguments: mri_remove_neck -all-info  ProgramVersion: 7.3.2  TimeStamp: 2026/03/07-08:04:23-GMT  BuildTime: Aug  4 2022 06:17:15  BuildStamp: freesurfer-linux-ubuntu22_x86_64-7.3.2-20220804-6354275  User: oesteban  Machine: dna079  Platform: Linux  PlatformVersion: 5.14.0-427.37.1.el9_4.x86_64  CompilerName: GCC  CompilerVersion: 8.4.0
7.3.2

ProgramName: mri_robust_register  ProgramArguments: mri_robust_register -all-info  ProgramVersion: 7.3.2  TimeStamp: 2026/03/07-08:04:23-GMT  BuildTime: Aug  4 2022 06:17:15  BuildStamp: freesurfer-linux-ubuntu22_x86_64-7.3.2-20220804-6354275  User: oesteban  Machine: dna079  Platform: Linux  PlatformVersion: 5.14.0-427.37.1.el9_4.x86_64  CompilerName: GCC  CompilerVersion: 8.4.0
7.3.2

ProgramName: mri_robust_template  ProgramArguments: mri_robust_template -all-info  ProgramVersion: 7.3.2  TimeStamp: 2026/03/07-08:04:23-GMT  BuildTime: Aug  4 2022 06:17:15  BuildStamp: freesurfer-linux-ubuntu22_x86_64-7.3.2-20220804-6354275  User: oesteban  Machine: dna079  Platform: Linux  PlatformVersion: 5.14.0-427.37.1.el9_4.x86_64  CompilerName: GCC  CompilerVersion: 8.4.0
ProgramName: mris_anatomical_stats  ProgramArguments: mris_anatomical_stats -all-info  ProgramVersion: 7.3.2  TimeStamp: 2026/03/07-08:04:23-GMT  BuildTime: Aug  4 2022 06:17:15  BuildStamp: freesurfer-linux-ubuntu22_x86_64-7.3.2-20220804-6354275  User: oesteban  Machine: dna079  Platform: Linux  PlatformVersion: 5.14.0-427.37.1.el9_4.x86_64  CompilerName: GCC  CompilerVersion: 8.4.0
ProgramName: mris_ca_label  ProgramArguments: mris_ca_label -all-info  ProgramVersion: 7.3.2  TimeStamp: 2026/03/07-08:04:23-GMT  BuildTime: Aug  4 2022 06:17:15  BuildStamp: freesurfer-linux-ubuntu22_x86_64-7.3.2-20220804-6354275  User: oesteban  Machine: dna079  Platform: Linux  PlatformVersion: 5.14.0-427.37.1.el9_4.x86_64  CompilerName: GCC  CompilerVersion: 8.4.0
ProgramName: mris_calc  ProgramArguments: mris_calc -all-info  ProgramVersion: 7.3.2  TimeStamp: 2026/03/07-08:04:23-GMT  BuildTime: Aug  4 2022 06:17:15  BuildStamp: freesurfer-linux-ubuntu22_x86_64-7.3.2-20220804-6354275  User: oesteban  Machine: dna079  Platform: Linux  PlatformVersion: 5.14.0-427.37.1.el9_4.x86_64  CompilerName: GCC  CompilerVersion: 8.4.0
ProgramName: mris_convert  ProgramArguments: mris_convert -all-info  ProgramVersion: 7.3.2  TimeStamp: 2026/03/07-08:04:23-GMT  BuildTime: Aug  4 2022 06:17:15  BuildStamp: freesurfer-linux-ubuntu22_x86_64-7.3.2-20220804-6354275  User: oesteban  Machine: dna079  Platform: Linux  PlatformVersion: 5.14.0-427.37.1.el9_4.x86_64  CompilerName: GCC  CompilerVersion: 8.4.0
ProgramName: mris_curvature  ProgramArguments: mris_curvature -all-info  ProgramVersion: 7.3.2  TimeStamp: 2026/03/07-08:04:23-GMT  BuildTime: Aug  4 2022 06:17:15  BuildStamp: freesurfer-linux-ubuntu22_x86_64-7.3.2-20220804-6354275  User: oesteban  Machine: dna079  Platform: Linux  PlatformVersion: 5.14.0-427.37.1.el9_4.x86_64  CompilerName: GCC  CompilerVersion: 8.4.0
ProgramName: mris_curvature_stats  ProgramArguments: mris_curvature_stats -all-info  ProgramVersion: 7.3.2  TimeStamp: 2026/03/07-08:04:23-GMT  BuildTime: Aug  4 2022 06:17:15  BuildStamp: freesurfer-linux-ubuntu22_x86_64-7.3.2-20220804-6354275  User: oesteban  Machine: dna079  Platform: Linux  PlatformVersion: 5.14.0-427.37.1.el9_4.x86_64  CompilerName: GCC  CompilerVersion: 8.4.0
ProgramName: mris_diff  ProgramArguments: mris_diff -all-info  ProgramVersion: 7.3.2  TimeStamp: 2026/03/07-08:04:23-GMT  BuildTime: Aug  4 2022 06:17:15  BuildStamp: freesurfer-linux-ubuntu22_x86_64-7.3.2-20220804-6354275  User: oesteban  Machine: dna079  Platform: Linux  PlatformVersion: 5.14.0-427.37.1.el9_4.x86_64  CompilerName: GCC  CompilerVersion: 8.4.0
ProgramName: mris_divide_parcellation  ProgramArguments: mris_divide_parcellation -all-info  ProgramVersion: 7.3.2  TimeStamp: 2026/03/07-08:04:23-GMT  BuildTime: Aug  4 2022 06:17:15  BuildStamp: freesurfer-linux-ubuntu22_x86_64-7.3.2-20220804-6354275  User: oesteban  Machine: dna079  Platform: Linux  PlatformVersion: 5.14.0-427.37.1.el9_4.x86_64  CompilerName: GCC  CompilerVersion: 8.4.0
ProgramName: mri_segment  ProgramArguments: mri_segment -all-info  ProgramVersion: 7.3.2  TimeStamp: 2026/03/07-08:04:23-GMT  BuildTime: Aug  4 2022 06:17:15  BuildStamp: freesurfer-linux-ubuntu22_x86_64-7.3.2-20220804-6354275  User: oesteban  Machine: dna079  Platform: Linux  PlatformVersion: 5.14.0-427.37.1.el9_4.x86_64  CompilerName: GCC  CompilerVersion: 8.4.0
ProgramName: mri_segstats  ProgramArguments: mri_segstats -all-info  ProgramVersion: 7.3.2  TimeStamp: 2026/03/07-08:04:23-GMT  BuildTime: Aug  4 2022 06:17:15  BuildStamp: freesurfer-linux-ubuntu22_x86_64-7.3.2-20220804-6354275  User: oesteban  Machine: dna079  Platform: Linux  PlatformVersion: 5.14.0-427.37.1.el9_4.x86_64  CompilerName: GCC  CompilerVersion: 8.4.0
ProgramName: mris_euler_number  ProgramArguments: mris_euler_number -all-info  ProgramVersion: 7.3.2  TimeStamp: 2026/03/07-08:04:23-GMT  BuildTime: Aug  4 2022 06:17:15  BuildStamp: freesurfer-linux-ubuntu22_x86_64-7.3.2-20220804-6354275  User: oesteban  Machine: dna079  Platform: Linux  PlatformVersion: 5.14.0-427.37.1.el9_4.x86_64  CompilerName: GCC  CompilerVersion: 8.4.0
ProgramName: mris_fix_topology  ProgramArguments: mris_fix_topology -all-info  ProgramVersion: 7.3.2  TimeStamp: 2026/03/07-08:04:23-GMT  BuildTime: Aug  4 2022 06:17:15  BuildStamp: freesurfer-linux-ubuntu22_x86_64-7.3.2-20220804-6354275  User: oesteban  Machine: dna079  Platform: Linux  PlatformVersion: 5.14.0-427.37.1.el9_4.x86_64  CompilerName: GCC  CompilerVersion: 8.4.0
ProgramName: mris_topo_fixer  ProgramArguments: mris_topo_fixer -all-info  ProgramVersion: 7.3.2  TimeStamp: 2026/03/07-08:04:23-GMT  BuildTime: Aug  4 2022 06:17:15  BuildStamp: freesurfer-linux-ubuntu22_x86_64-7.3.2-20220804-6354275  User: oesteban  Machine: dna079  Platform: Linux  PlatformVersion: 5.14.0-427.37.1.el9_4.x86_64  CompilerName: GCC  CompilerVersion: 8.4.0
ProgramName: mris_jacobian  ProgramArguments: mris_jacobian -all-info  ProgramVersion: 7.3.2  TimeStamp: 2026/03/07-08:04:23-GMT  BuildTime: Aug  4 2022 06:17:15  BuildStamp: freesurfer-linux-ubuntu22_x86_64-7.3.2-20220804-6354275  User: oesteban  Machine: dna079  Platform: Linux  PlatformVersion: 5.14.0-427.37.1.el9_4.x86_64  CompilerName: GCC  CompilerVersion: 8.4.0
ProgramName: mris_label2annot  ProgramArguments: mris_label2annot -all-info  ProgramVersion: 7.3.2  TimeStamp: 2026/03/07-08:04:23-GMT  BuildTime: Aug  4 2022 06:17:15  BuildStamp: freesurfer-linux-ubuntu22_x86_64-7.3.2-20220804-6354275  User: oesteban  Machine: dna079  Platform: Linux  PlatformVersion: 5.14.0-427.37.1.el9_4.x86_64  CompilerName: GCC  CompilerVersion: 8.4.0
ProgramName: mris_left_right_register  ProgramArguments: mris_left_right_register -all-info  ProgramVersion: 7.3.2  TimeStamp: 2026/03/07-08:04:23-GMT  BuildTime: Aug  4 2022 06:17:15  BuildStamp: freesurfer-linux-ubuntu22_x86_64-7.3.2-20220804-6354275  User: oesteban  Machine: dna079  Platform: Linux  PlatformVersion: 5.14.0-427.37.1.el9_4.x86_64  CompilerName: GCC  CompilerVersion: 8.4.0
ProgramName: mris_place_surface  ProgramArguments: mris_place_surface -all-info  ProgramVersion: 7.3.2  TimeStamp: 2026/03/07-08:04:23-GMT  BuildTime: Aug  4 2022 06:17:15  BuildStamp: freesurfer-linux-ubuntu22_x86_64-7.3.2-20220804-6354275  User: oesteban  Machine: dna079  Platform: Linux  PlatformVersion: 5.14.0-427.37.1.el9_4.x86_64  CompilerName: GCC  CompilerVersion: 8.4.0
ProgramName: mrisp_paint  ProgramArguments: mrisp_paint -all-info  ProgramVersion: 7.3.2  TimeStamp: 2026/03/07-08:04:23-GMT  BuildTime: Aug  4 2022 06:17:15  BuildStamp: freesurfer-linux-ubuntu22_x86_64-7.3.2-20220804-6354275  User: oesteban  Machine: dna079  Platform: Linux  PlatformVersion: 5.14.0-427.37.1.el9_4.x86_64  CompilerName: GCC  CompilerVersion: 8.4.0
ProgramName: mris_register  ProgramArguments: mris_register -all-info  ProgramVersion: 7.3.2  TimeStamp: 2026/03/07-08:04:23-GMT  BuildTime: Aug  4 2022 06:17:15  BuildStamp: freesurfer-linux-ubuntu22_x86_64-7.3.2-20220804-6354275  User: oesteban  Machine: dna079  Platform: Linux  PlatformVersion: 5.14.0-427.37.1.el9_4.x86_64  CompilerName: GCC  CompilerVersion: 8.4.0
ProgramName: mris_smooth  ProgramArguments: mris_smooth -all-info  ProgramVersion: 7.3.2  TimeStamp: 2026/03/07-08:04:23-GMT  BuildTime: Aug  4 2022 06:17:15  BuildStamp: freesurfer-linux-ubuntu22_x86_64-7.3.2-20220804-6354275  User: oesteban  Machine: dna079  Platform: Linux  PlatformVersion: 5.14.0-427.37.1.el9_4.x86_64  CompilerName: GCC  CompilerVersion: 8.4.0
ProgramName: mris_sphere  ProgramArguments: mris_sphere -all-info  ProgramVersion: 7.3.2  TimeStamp: 2026/03/07-08:04:23-GMT  BuildTime: Aug  4 2022 06:17:15  BuildStamp: freesurfer-linux-ubuntu22_x86_64-7.3.2-20220804-6354275  User: oesteban  Machine: dna079  Platform: Linux  PlatformVersion: 5.14.0-427.37.1.el9_4.x86_64  CompilerName: GCC  CompilerVersion: 8.4.0
ProgramName: mris_surface_stats  ProgramArguments: mris_surface_stats -all-info  ProgramVersion: 7.3.2  TimeStamp: 2026/03/07-08:04:23-GMT  BuildTime: Aug  4 2022 06:17:15  BuildStamp: freesurfer-linux-ubuntu22_x86_64-7.3.2-20220804-6354275  User: oesteban  Machine: dna079  Platform: Linux  PlatformVersion: 5.14.0-427.37.1.el9_4.x86_64  CompilerName: GCC  CompilerVersion: 8.4.0
ProgramName: mri_stats2seg  ProgramArguments: mri_stats2seg -all-info  ProgramVersion: 7.3.2  TimeStamp: 2026/03/07-08:04:23-GMT  BuildTime: Aug  4 2022 06:17:15  BuildStamp: freesurfer-linux-ubuntu22_x86_64-7.3.2-20220804-6354275  User: oesteban  Machine: dna079  Platform: Linux  PlatformVersion: 5.14.0-427.37.1.el9_4.x86_64  CompilerName: GCC  CompilerVersion: 8.4.0
ProgramName: mris_thickness  ProgramArguments: mris_thickness -all-info  ProgramVersion: 7.3.2  TimeStamp: 2026/03/07-08:04:23-GMT  BuildTime: Aug  4 2022 06:17:15  BuildStamp: freesurfer-linux-ubuntu22_x86_64-7.3.2-20220804-6354275  User: oesteban  Machine: dna079  Platform: Linux  PlatformVersion: 5.14.0-427.37.1.el9_4.x86_64  CompilerName: GCC  CompilerVersion: 8.4.0
ProgramName: mris_thickness_diff  ProgramArguments: mris_thickness_diff -all-info  ProgramVersion: 7.3.2  TimeStamp: 2026/03/07-08:04:23-GMT  BuildTime: Aug  4 2022 06:17:15  BuildStamp: freesurfer-linux-ubuntu22_x86_64-7.3.2-20220804-6354275  User: oesteban  Machine: dna079  Platform: Linux  PlatformVersion: 5.14.0-427.37.1.el9_4.x86_64  CompilerName: GCC  CompilerVersion: 8.4.0
ProgramName: mris_topo_fixer  ProgramArguments: mris_topo_fixer -all-info  ProgramVersion: 7.3.2  TimeStamp: 2026/03/07-08:04:23-GMT  BuildTime: Aug  4 2022 06:17:15  BuildStamp: freesurfer-linux-ubuntu22_x86_64-7.3.2-20220804-6354275  User: oesteban  Machine: dna079  Platform: Linux  PlatformVersion: 5.14.0-427.37.1.el9_4.x86_64  CompilerName: GCC  CompilerVersion: 8.4.0
ProgramName: mri_surf2surf  ProgramArguments: mri_surf2surf -all-info  ProgramVersion: 7.3.2  TimeStamp: 2026/03/07-08:04:23-GMT  BuildTime: Aug  4 2022 06:17:15  BuildStamp: freesurfer-linux-ubuntu22_x86_64-7.3.2-20220804-6354275  User: oesteban  Machine: dna079  Platform: Linux  PlatformVersion: 5.14.0-427.37.1.el9_4.x86_64  CompilerName: GCC  CompilerVersion: 8.4.0
ProgramName: mri_surf2vol  ProgramArguments: mri_surf2vol -all-info  ProgramVersion: 7.3.2  TimeStamp: 2026/03/07-08:04:23-GMT  BuildTime: Aug  4 2022 06:17:15  BuildStamp: freesurfer-linux-ubuntu22_x86_64-7.3.2-20220804-6354275  User: oesteban  Machine: dna079  Platform: Linux  PlatformVersion: 5.14.0-427.37.1.el9_4.x86_64  CompilerName: GCC  CompilerVersion: 8.4.0
ProgramName: mri_surfcluster  ProgramArguments: mri_surfcluster -all-info  ProgramVersion: 7.3.2  TimeStamp: 2026/03/07-08:04:23-GMT  BuildTime: Aug  4 2022 06:17:15  BuildStamp: freesurfer-linux-ubuntu22_x86_64-7.3.2-20220804-6354275  User: oesteban  Machine: dna079  Platform: Linux  PlatformVersion: 5.14.0-427.37.1.el9_4.x86_64  CompilerName: GCC  CompilerVersion: 8.4.0
ProgramName: mris_volmask  ProgramArguments: mris_volmask -all-info  ProgramVersion: 7.3.2  TimeStamp: 2026/03/07-08:04:23-GMT  BuildTime: Aug  4 2022 06:17:15  BuildStamp: freesurfer-linux-ubuntu22_x86_64-7.3.2-20220804-6354275  User: oesteban  Machine: dna079  Platform: Linux  PlatformVersion: 5.14.0-427.37.1.el9_4.x86_64  CompilerName: GCC  CompilerVersion: 8.4.0
ProgramName: mri_tessellate  ProgramArguments: mri_tessellate -all-info  ProgramVersion: 7.3.2  TimeStamp: 2026/03/07-08:04:23-GMT  BuildTime: Aug  4 2022 06:17:15  BuildStamp: freesurfer-linux-ubuntu22_x86_64-7.3.2-20220804-6354275  User: oesteban  Machine: dna079  Platform: Linux  PlatformVersion: 5.14.0-427.37.1.el9_4.x86_64  CompilerName: GCC  CompilerVersion: 8.4.0
ProgramName: mri_vol2surf  ProgramArguments: mri_vol2surf -all-info  ProgramVersion: 7.3.2  TimeStamp: 2026/03/07-08:04:23-GMT  BuildTime: Aug  4 2022 06:17:15  BuildStamp: freesurfer-linux-ubuntu22_x86_64-7.3.2-20220804-6354275  User: oesteban  Machine: dna079  Platform: Linux  PlatformVersion: 5.14.0-427.37.1.el9_4.x86_64  CompilerName: GCC  CompilerVersion: 8.4.0
ProgramName: mri_vol2vol  ProgramArguments: mri_vol2vol -all-info  ProgramVersion: 7.3.2  TimeStamp: 2026/03/07-08:04:23-GMT  BuildTime: Aug  4 2022 06:17:15  BuildStamp: freesurfer-linux-ubuntu22_x86_64-7.3.2-20220804-6354275  User: oesteban  Machine: dna079  Platform: Linux  PlatformVersion: 5.14.0-427.37.1.el9_4.x86_64  CompilerName: GCC  CompilerVersion: 8.4.0
ProgramName: mri_voldiff  ProgramArguments: mri_voldiff -all-info  ProgramVersion: 7.3.2  TimeStamp: 2026/03/07-08:04:23-GMT  BuildTime: Aug  4 2022 06:17:15  BuildStamp: freesurfer-linux-ubuntu22_x86_64-7.3.2-20220804-6354275  User: oesteban  Machine: dna079  Platform: Linux  PlatformVersion: 5.14.0-427.37.1.el9_4.x86_64  CompilerName: GCC  CompilerVersion: 8.4.0
ProgramName: mri_watershed  ProgramArguments: mri_watershed -all-info  ProgramVersion: 7.3.2  TimeStamp: 2026/03/07-08:04:23-GMT  BuildTime: Aug  4 2022 06:17:15  BuildStamp: freesurfer-linux-ubuntu22_x86_64-7.3.2-20220804-6354275  User: oesteban  Machine: dna079  Platform: Linux  PlatformVersion: 5.14.0-427.37.1.el9_4.x86_64  CompilerName: GCC  CompilerVersion: 8.4.0
ProgramName: tkregister2  ProgramArguments: tkregister2_cmdl -all-info  ProgramVersion: 7.3.2  TimeStamp: 2026/03/07-08:04:23-GMT  BuildTime: Aug  4 2022 06:17:15  BuildStamp: freesurfer-linux-ubuntu22_x86_64-7.3.2-20220804-6354275  User: oesteban  Machine: dna079  Platform: Linux  PlatformVersion: 5.14.0-427.37.1.el9_4.x86_64  CompilerName: GCC  CompilerVersion: 8.4.0
mri_motion_correct.fsl 7.3.2
mri_convert -all-info 
ProgramName: mri_convert  ProgramArguments: mri_convert -all-info  ProgramVersion: 7.3.2  TimeStamp: 2026/03/07-08:04:23-GMT  BuildTime: Aug  4 2022 06:17:15  BuildStamp: freesurfer-linux-ubuntu22_x86_64-7.3.2-20220804-6354275  User: oesteban  Machine: dna079  Platform: Linux  PlatformVersion: 5.14.0-427.37.1.el9_4.x86_64  CompilerName: GCC  CompilerVersion: 8.4.0
Program nu_correct, built from:
Package MNI N3, version 1.12.0, compiled by nicks@terrier (x86_64-unknown-linux-gnu) on 2015-06-19 at 01:25:34
#######################################
GCADIR /opt/freesurfer/average
GCA RB_all_2020-01-02.gca
GCASkull RB_all_withskull_2020_01_02.gca
AvgCurvTif folding.atlas.acfb40.noaparc.i12.2016-08-02.tif
GCSDIR /opt/freesurfer/average
GCS DKaparc.atlas.acfb40.noaparc.i12.2016-08-02.gcs
#######################################
#-------------------------------------
#@# EM Registration Sat Mar  7 09:04:23 CET 2026
/out/sourcedata/freesurfer/sub-v1s20x0050301_ses-1/mri

 mri_em_register -uns 3 -mask brainmask.mgz nu.mgz /opt/freesurfer/average/RB_all_2020-01-02.gca transforms/talairach.lta 

setting unknown_nbr_spacing = 3
using MR volume brainmask.mgz to mask input volume...

== Number of threads available to mri_em_register for OpenMP = 16 == 
reading 1 input volumes...
logging results to talairach.log
reading '/opt/freesurfer/average/RB_all_2020-01-02.gca'...
GCAread took 0 minutes and 1 seconds.
average std = 7.2   using min determinant for regularization = 5.2
0 singular and 884 ill-conditioned covariance matrices regularized
reading 'nu.mgz'...
MRImask(): AllowDiffGeom = 1
MRImask(): AllowDiffGeom = 1
MRImask(): AllowDiffGeom = 1
MRImask(): AllowDiffGeom = 1
MRImask(): AllowDiffGeom = 1
freeing gibbs priors...done.
accounting for voxel sizes in initial transform
bounding unknown intensity as < 5.9 or > 519.0 
total sample mean = 79.1 (1017 zeros)
************************************************
spacing=8, using 2841 sample points, tol=1.00e-05...
************************************************
register_mri: find_optimal_transform
find_optimal_transform: nsamples 2841, passno 0, spacing 8
resetting wm mean[0]: 98 --> 107
resetting gm mean[0]: 61 --> 61
input volume #1 is the most T1-like
using real data threshold=28.1
skull bounding box = (62, 66, 29) --> (198, 178, 200)
finding center of left hemi white matter
using (107, 103, 115) as brain centroid of Right_Cerebral_White_Matter...
MRImask(): AllowDiffGeom = 1
mean wm in atlas = 107, using box (90,89,94) --> (123, 116,136) to find MRI wm
before smoothing, mri peak at 106
robust fit to distribution - 107 +- 3.7
after smoothing, mri peak at 107, scaling input intensities by 1.000
scaling channel 0 by 1
initial log_p = -3.716
************************************************
First Search limited to translation only.
************************************************
max log p =    -3.716180 @ (0.000, 0.000, 0.000)
max log p =    -3.562024 @ (-5.263, -5.263, -5.263)
max log p =    -3.526004 @ (2.632, 2.632, 2.632)
max log p =    -3.474942 @ (1.316, -3.947, -1.316)
max log p =    -3.456300 @ (0.658, 3.289, -1.974)
max log p =    -3.456300 @ (0.000, 0.000, 0.000)
max log p =    -3.456300 @ (0.000, 0.000, 0.000)
max log p =    -3.456300 @ (0.000, 0.000, 0.000)
Found translation: (-0.7, -3.3, -5.9): log p = -3.456
****************************************
Nine parameter search.  iteration 0 nscales = 0 ...
****************************************
Result so far: scale 1.000: max_log_p=-3.350, old_max_log_p =-3.456 (thresh=-3.5)
 1.00000   0.00000   0.00000  -0.65790;
 0.00000   1.05465  -0.12074   3.45467;
 0.00000   0.15011   0.99144  -23.36836;
 0.00000   0.00000   0.00000   1.00000;
iteration took 0 minutes and 10 seconds.
****************************************
Nine parameter search.  iteration 1 nscales = 0 ...
****************************************
Result so far: scale 1.000: max_log_p=-3.350, old_max_log_p =-3.350 (thresh=-3.3)
 1.00000   0.00000   0.00000  -0.65790;
 0.00000   1.05465  -0.12074   3.45467;
 0.00000   0.15011   0.99144  -23.36836;
 0.00000   0.00000   0.00000   1.00000;
reducing scale to 0.2500
iteration took 0 minutes and 10 seconds.
****************************************
Nine parameter search.  iteration 2 nscales = 1 ...
****************************************
Result so far: scale 0.250: max_log_p=-3.240, old_max_log_p =-3.350 (thresh=-3.3)
 0.99732   0.04134   0.06330  -14.42971;
-0.03326   1.12193  -0.06095  -11.02830;
-0.06418   0.07912   0.97643  -4.81496;
 0.00000   0.00000   0.00000   1.00000;
iteration took 0 minutes and 9 seconds.
****************************************
Nine parameter search.  iteration 3 nscales = 1 ...
****************************************
Result so far: scale 0.250: max_log_p=-3.239, old_max_log_p =-3.240 (thresh=-3.2)
 1.01602   0.04212   0.06448  -17.07781;
-0.03326   1.12193  -0.06095  -11.02830;
-0.06418   0.07912   0.97643  -4.81496;
 0.00000   0.00000   0.00000   1.00000;
reducing scale to 0.0625
iteration took 0 minutes and 9 seconds.
****************************************
Nine parameter search.  iteration 4 nscales = 2 ...
****************************************
Result so far: scale 0.062: max_log_p=-3.217, old_max_log_p =-3.239 (thresh=-3.2)
 1.01861   0.05962   0.04786  -17.77052;
-0.05094   1.12225  -0.04575  -10.47195;
-0.04683   0.06122   0.97478  -4.61969;
 0.00000   0.00000   0.00000   1.00000;
iteration took 0 minutes and 10 seconds.
****************************************
Nine parameter search.  iteration 5 nscales = 2 ...
****************************************
Result so far: scale 0.062: max_log_p=-3.215, old_max_log_p =-3.217 (thresh=-3.2)
 1.01861   0.05962   0.04786  -17.77052;
-0.05094   1.12225  -0.04575  -10.47195;
-0.04677   0.06115   0.97364  -4.49073;
 0.00000   0.00000   0.00000   1.00000;
min search scale 0.025000 reached
***********************************************
Computing MAP estimate using 2841 samples...
***********************************************
dt = 5.00e-06, momentum=0.80, tol=1.00e-05
l_intensity = 1.0000
Aligning input volume to GCA...
Transform matrix
 1.01861   0.05962   0.04786  -17.77052;
-0.05094   1.12225  -0.04575  -10.47195;
-0.04677   0.06115   0.97364  -4.49073;
 0.00000   0.00000   0.00000   1.00000;
nsamples 2841
Quasinewton: input matrix
 1.01861   0.05962   0.04786  -17.77052;
-0.05094   1.12225  -0.04575  -10.47195;
-0.04677   0.06115   0.97364  -4.49073;
 0.00000   0.00000   0.00000   1.00000;
 IFLAG= -1  LINE SEARCH FAILED. SEE DOCUMENTATION OF ROUTINE MCSRCH ERROR RETURN OF LINE SEARCH: INFO= 3 POSSIBLE CAUSES: FUNCTION OR GRADIENT ARE INCORRECT OR INCORRECT TOLERANCESoutof QuasiNewtonEMA: 008: -log(p) =   -0.0  tol 0.000010
Resulting transform:
 1.01861   0.05962   0.04786  -17.77052;
-0.05094   1.12225  -0.04575  -10.47195;
-0.04677   0.06115   0.97364  -4.49073;
 0.00000   0.00000   0.00000   1.00000;

pass 1, spacing 8: log(p) = -3.215 (old=-3.716)
transform before final EM align:
 1.01861   0.05962   0.04786  -17.77052;
-0.05094   1.12225  -0.04575  -10.47195;
-0.04677   0.06115   0.97364  -4.49073;
 0.00000   0.00000   0.00000   1.00000;

**************************************************
 EM alignment process ...
 Computing final MAP estimate using 315638 samples. 
**************************************************
dt = 5.00e-06, momentum=0.80, tol=1.00e-07
l_intensity = 1.0000
Aligning input volume to GCA...
Transform matrix
 1.01861   0.05962   0.04786  -17.77052;
-0.05094   1.12225  -0.04575  -10.47195;
-0.04677   0.06115   0.97364  -4.49073;
 0.00000   0.00000   0.00000   1.00000;
nsamples 315638
Quasinewton: input matrix
 1.01861   0.05962   0.04786  -17.77052;
-0.05094   1.12225  -0.04575  -10.47195;
-0.04677   0.06115   0.97364  -4.49073;
 0.00000   0.00000   0.00000   1.00000;
 IFLAG= -1  LINE SEARCH FAILED. SEE DOCUMENTATION OF ROUTINE MCSRCH ERROR RETURN OF LINE SEARCH: INFO= 6 POSSIBLE CAUSES: FUNCTION OR GRADIENT ARE INCORRECT OR INCORRECT TOLERANCESoutof QuasiNewtonEMA: 010: -log(p) =    3.8  tol 0.000000
final transform:
 1.01861   0.05962   0.04786  -17.77052;
-0.05094   1.12225  -0.04575  -10.47195;
-0.04677   0.06115   0.97364  -4.49073;
 0.00000   0.00000   0.00000   1.00000;

writing output transformation to transforms/talairach.lta...
#VMPC# mri_em_register VmPeak  891288
FSRUNTIME@ mri_em_register  0.0228 hours 16 threads
registration took 1 minutes and 22 seconds.

Started at Sat Mar 7 09:04:23 CET 2026 
Ended   at Sat Mar 7 09:05:45 CET 2026
#@#%# recon-all-run-time-hours 0.023
recon-all -s sub-v1s20x0050301_ses-1 finished without error at Sat Mar  7 09:05:46 CET 2026



#New# invocation of recon-all 




Sat Mar  7 09:05:47 CET 2026
cd /out/sourcedata/freesurfer/sub-v1s20x0050301_ses-1
setenv SUBJECTS_DIR /out/sourcedata/freesurfer
/opt/freesurfer/bin/recon-all -autorecon2-volonly -openmp 16 -subjid sub-v1s20x0050301_ses-1 -sd /out/sourcedata/freesurfer -nogcareg

subjid sub-v1s20x0050301_ses-1
setenv SUBJECTS_DIR /out/sourcedata/freesurfer
FREESURFER_HOME /opt/freesurfer
Actual FREESURFER_HOME /opt/freesurfer
build-stamp.txt: freesurfer-linux-ubuntu22_x86_64-7.3.2-20220804-6354275
Linux dna079 5.14.0-427.37.1.el9_4.x86_64 #1 SMP PREEMPT_DYNAMIC Fri Sep 13 12:41:50 EDT 2024 x86_64 x86_64 x86_64 GNU/Linux
cputime      unlimited
filesize     unlimited
datasize     unlimited
stacksize    8192 kbytes
coredumpsize 0 kbytes
memoryuse    67108864 kbytes
vmemoryuse   unlimited
descriptors  1024 
memorylocked unlimited
maxproc      2061970 
maxlocks     unlimited
maxsignal    2062029 
maxmessage   819200 
maxnice      0 
maxrtprio    0 
maxrttime    unlimited

               total        used        free      shared  buff/cache   available
Mem:           503Gi        45Gi       383Gi       9.1Gi        74Gi       445Gi
Swap:             0B          0B          0B

########################################
program versions used
7.3.2 (freesurfer-linux-ubuntu22_x86_64-7.3.2-20220804-6354275)
7.3.2

ProgramName: lta_convert  ProgramArguments: lta_convert -all-info  ProgramVersion: 7.3.2  TimeStamp: 2026/03/07-08:05:47-GMT  BuildTime: Aug  4 2022 06:17:15  BuildStamp: freesurfer-linux-ubuntu22_x86_64-7.3.2-20220804-6354275  User: oesteban  Machine: dna079  Platform: Linux  PlatformVersion: 5.14.0-427.37.1.el9_4.x86_64  CompilerName: GCC  CompilerVersion: 8.4.0
ProgramName: mri_and  ProgramArguments: mri_and -all-info  ProgramVersion: 7.3.2  TimeStamp: 2026/03/07-08:05:47-GMT  BuildTime: Aug  4 2022 06:17:15  BuildStamp: freesurfer-linux-ubuntu22_x86_64-7.3.2-20220804-6354275  User: oesteban  Machine: dna079  Platform: Linux  PlatformVersion: 5.14.0-427.37.1.el9_4.x86_64  CompilerName: GCC  CompilerVersion: 8.4.0
ProgramName: mri_annotation2label  ProgramArguments: mri_annotation2label -all-info  ProgramVersion: 7.3.2  TimeStamp: 2026/03/07-08:05:47-GMT  BuildTime: Aug  4 2022 06:17:15  BuildStamp: freesurfer-linux-ubuntu22_x86_64-7.3.2-20220804-6354275  User: oesteban  Machine: dna079  Platform: Linux  PlatformVersion: 5.14.0-427.37.1.el9_4.x86_64  CompilerName: GCC  CompilerVersion: 8.4.0
ProgramName: mri_aparc2aseg  ProgramArguments: mri_aparc2aseg -all-info  ProgramVersion: 7.3.2  TimeStamp: 2026/03/07-08:05:47-GMT  BuildTime: Aug  4 2022 06:17:15  BuildStamp: freesurfer-linux-ubuntu22_x86_64-7.3.2-20220804-6354275  User: oesteban  Machine: dna079  Platform: Linux  PlatformVersion: 5.14.0-427.37.1.el9_4.x86_64  CompilerName: GCC  CompilerVersion: 8.4.0
ProgramName: mri_surf2volseg  ProgramArguments: mri_surf2volseg -all-info  ProgramVersion: 7.3.2  TimeStamp: 2026/03/07-08:05:47-GMT  BuildTime: Aug  4 2022 06:17:15  BuildStamp: freesurfer-linux-ubuntu22_x86_64-7.3.2-20220804-6354275  User: oesteban  Machine: dna079  Platform: Linux  PlatformVersion: 5.14.0-427.37.1.el9_4.x86_64  CompilerName: GCC  CompilerVersion: 8.4.0
ProgramName: mri_binarize  ProgramArguments: mri_binarize -all-info  ProgramVersion: 7.3.2  TimeStamp: 2026/03/07-08:05:47-GMT  BuildTime: Aug  4 2022 06:17:15  BuildStamp: freesurfer-linux-ubuntu22_x86_64-7.3.2-20220804-6354275  User: oesteban  Machine: dna079  Platform: Linux  PlatformVersion: 5.14.0-427.37.1.el9_4.x86_64  CompilerName: GCC  CompilerVersion: 8.4.0
ProgramName: mri_ca_label  ProgramArguments: mri_ca_label -all-info  ProgramVersion: 7.3.2  TimeStamp: 2026/03/07-08:05:47-GMT  BuildTime: Aug  4 2022 06:17:15  BuildStamp: freesurfer-linux-ubuntu22_x86_64-7.3.2-20220804-6354275  User: oesteban  Machine: dna079  Platform: Linux  PlatformVersion: 5.14.0-427.37.1.el9_4.x86_64  CompilerName: GCC  CompilerVersion: 8.4.0
ProgramName: mri_ca_normalize  ProgramArguments: mri_ca_normalize -all-info  ProgramVersion: 7.3.2  TimeStamp: 2026/03/07-08:05:47-GMT  BuildTime: Aug  4 2022 06:17:15  BuildStamp: freesurfer-linux-ubuntu22_x86_64-7.3.2-20220804-6354275  User: oesteban  Machine: dna079  Platform: Linux  PlatformVersion: 5.14.0-427.37.1.el9_4.x86_64  CompilerName: GCC  CompilerVersion: 8.4.0
ProgramName: mri_ca_register  ProgramArguments: mri_ca_register -all-info  ProgramVersion: 7.3.2  TimeStamp: 2026/03/07-08:05:47-GMT  BuildTime: Aug  4 2022 06:17:15  BuildStamp: freesurfer-linux-ubuntu22_x86_64-7.3.2-20220804-6354275  User: oesteban  Machine: dna079  Platform: Linux  PlatformVersion: 5.14.0-427.37.1.el9_4.x86_64  CompilerName: GCC  CompilerVersion: 8.4.0
ProgramName: mri_cc  ProgramArguments: mri_cc -all-info  ProgramVersion: 7.3.2  TimeStamp: 2026/03/07-08:05:47-GMT  BuildTime: Aug  4 2022 06:17:15  BuildStamp: freesurfer-linux-ubuntu22_x86_64-7.3.2-20220804-6354275  User: oesteban  Machine: dna079  Platform: Linux  PlatformVersion: 5.14.0-427.37.1.el9_4.x86_64  CompilerName: GCC  CompilerVersion: 8.4.0
ProgramName: mri_compute_overlap  ProgramArguments: mri_compute_overlap -all-info  ProgramVersion: 7.3.2  TimeStamp: 2026/03/07-08:05:47-GMT  BuildTime: Aug  4 2022 06:17:15  BuildStamp: freesurfer-linux-ubuntu22_x86_64-7.3.2-20220804-6354275  User: oesteban  Machine: dna079  Platform: Linux  PlatformVersion: 5.14.0-427.37.1.el9_4.x86_64  CompilerName: GCC  CompilerVersion: 8.4.0
ProgramName: mri_compute_seg_overlap  ProgramArguments: mri_compute_seg_overlap -all-info  ProgramVersion: 7.3.2  TimeStamp: 2026/03/07-08:05:47-GMT  BuildTime: Aug  4 2022 06:17:15  BuildStamp: freesurfer-linux-ubuntu22_x86_64-7.3.2-20220804-6354275  User: oesteban  Machine: dna079  Platform: Linux  PlatformVersion: 5.14.0-427.37.1.el9_4.x86_64  CompilerName: GCC  CompilerVersion: 8.4.0
ProgramName: mri_concat  ProgramArguments: mri_concat -all-info  ProgramVersion: 7.3.2  TimeStamp: 2026/03/07-08:05:47-GMT  BuildTime: Aug  4 2022 06:17:15  BuildStamp: freesurfer-linux-ubuntu22_x86_64-7.3.2-20220804-6354275  User: oesteban  Machine: dna079  Platform: Linux  PlatformVersion: 5.14.0-427.37.1.el9_4.x86_64  CompilerName: GCC  CompilerVersion: 8.4.0
ProgramName: mri_concatenate_lta  ProgramArguments: mri_concatenate_lta -all-info  ProgramVersion: 7.3.2  TimeStamp: 2026/03/07-08:05:47-GMT  BuildTime: Aug  4 2022 06:17:15  BuildStamp: freesurfer-linux-ubuntu22_x86_64-7.3.2-20220804-6354275  User: oesteban  Machine: dna079  Platform: Linux  PlatformVersion: 5.14.0-427.37.1.el9_4.x86_64  CompilerName: GCC  CompilerVersion: 8.4.0
mri_convert -all-info 
ProgramName: mri_convert  ProgramArguments: mri_convert -all-info  ProgramVersion: 7.3.2  TimeStamp: 2026/03/07-08:05:47-GMT  BuildTime: Aug  4 2022 06:17:15  BuildStamp: freesurfer-linux-ubuntu22_x86_64-7.3.2-20220804-6354275  User: oesteban  Machine: dna079  Platform: Linux  PlatformVersion: 5.14.0-427.37.1.el9_4.x86_64  CompilerName: GCC  CompilerVersion: 8.4.0
ProgramName: mri_diff  ProgramArguments: mri_diff -all-info  ProgramVersion: 7.3.2  TimeStamp: 2026/03/07-08:05:47-GMT  BuildTime: Aug  4 2022 06:17:15  BuildStamp: freesurfer-linux-ubuntu22_x86_64-7.3.2-20220804-6354275  User: oesteban  Machine: dna079  Platform: Linux  PlatformVersion: 5.14.0-427.37.1.el9_4.x86_64  CompilerName: GCC  CompilerVersion: 8.4.0
ProgramName: mri_edit_wm_with_aseg  ProgramArguments: mri_edit_wm_with_aseg -all-info  ProgramVersion: 7.3.2  TimeStamp: 2026/03/07-08:05:47-GMT  BuildTime: Aug  4 2022 06:17:15  BuildStamp: freesurfer-linux-ubuntu22_x86_64-7.3.2-20220804-6354275  User: oesteban  Machine: dna079  Platform: Linux  PlatformVersion: 5.14.0-427.37.1.el9_4.x86_64  CompilerName: GCC  CompilerVersion: 8.4.0
ProgramName: mri_em_register  ProgramArguments: mri_em_register -all-info  ProgramVersion: 7.3.2  TimeStamp: 2026/03/07-08:05:47-GMT  BuildTime: Aug  4 2022 06:17:15  BuildStamp: freesurfer-linux-ubuntu22_x86_64-7.3.2-20220804-6354275  User: oesteban  Machine: dna079  Platform: Linux  PlatformVersion: 5.14.0-427.37.1.el9_4.x86_64  CompilerName: GCC  CompilerVersion: 8.4.0
ProgramName: mri_fill  ProgramArguments: mri_fill -all-info  ProgramVersion: 7.3.2  TimeStamp: 2026/03/07-08:05:47-GMT  BuildTime: Aug  4 2022 06:17:15  BuildStamp: freesurfer-linux-ubuntu22_x86_64-7.3.2-20220804-6354275  User: oesteban  Machine: dna079  Platform: Linux  PlatformVersion: 5.14.0-427.37.1.el9_4.x86_64  CompilerName: GCC  CompilerVersion: 8.4.0
ProgramName: mri_fuse_segmentations  ProgramArguments: mri_fuse_segmentations -all-info  ProgramVersion: 7.3.2  TimeStamp: 2026/03/07-08:05:47-GMT  BuildTime: Aug  4 2022 06:17:15  BuildStamp: freesurfer-linux-ubuntu22_x86_64-7.3.2-20220804-6354275  User: oesteban  Machine: dna079  Platform: Linux  PlatformVersion: 5.14.0-427.37.1.el9_4.x86_64  CompilerName: GCC  CompilerVersion: 8.4.0
ProgramName: mri_fwhm  ProgramArguments: mri_fwhm -all-info  ProgramVersion: 7.3.2  TimeStamp: 2026/03/07-08:05:47-GMT  BuildTime: Aug  4 2022 06:17:15  BuildStamp: freesurfer-linux-ubuntu22_x86_64-7.3.2-20220804-6354275  User: oesteban  Machine: dna079  Platform: Linux  PlatformVersion: 5.14.0-427.37.1.el9_4.x86_64  CompilerName: GCC  CompilerVersion: 8.4.0
ProgramName: mri_gcut  ProgramArguments: mri_gcut -all-info  ProgramVersion: 7.3.2  TimeStamp: 2026/03/07-08:05:47-GMT  BuildTime: Aug  4 2022 06:17:15  BuildStamp: freesurfer-linux-ubuntu22_x86_64-7.3.2-20220804-6354275  User: oesteban  Machine: dna079  Platform: Linux  PlatformVersion: 5.14.0-427.37.1.el9_4.x86_64  CompilerName: GCC  CompilerVersion: 8.4.0
ProgramName: mri_info  ProgramArguments: mri_info -all-info  ProgramVersion: 7.3.2  TimeStamp: 2026/03/07-08:05:47-GMT  BuildTime: Aug  4 2022 06:17:15  BuildStamp: freesurfer-linux-ubuntu22_x86_64-7.3.2-20220804-6354275  User: oesteban  Machine: dna079  Platform: Linux  PlatformVersion: 5.14.0-427.37.1.el9_4.x86_64  CompilerName: GCC  CompilerVersion: 8.4.0
ProgramName: mri_label2label  ProgramArguments: mri_label2label -all-info  ProgramVersion: 7.3.2  TimeStamp: 2026/03/07-08:05:47-GMT  BuildTime: Aug  4 2022 06:17:15  BuildStamp: freesurfer-linux-ubuntu22_x86_64-7.3.2-20220804-6354275  User: oesteban  Machine: dna079  Platform: Linux  PlatformVersion: 5.14.0-427.37.1.el9_4.x86_64  CompilerName: GCC  CompilerVersion: 8.4.0
ProgramName: mri_label2vol  ProgramArguments: mri_label2vol -all-info  ProgramVersion: 7.3.2  TimeStamp: 2026/03/07-08:05:47-GMT  BuildTime: Aug  4 2022 06:17:15  BuildStamp: freesurfer-linux-ubuntu22_x86_64-7.3.2-20220804-6354275  User: oesteban  Machine: dna079  Platform: Linux  PlatformVersion: 5.14.0-427.37.1.el9_4.x86_64  CompilerName: GCC  CompilerVersion: 8.4.0
ProgramName: mri_log_likelihood  ProgramArguments: mri_log_likelihood -all-info  ProgramVersion: 7.3.2  TimeStamp: 2026/03/07-08:05:47-GMT  BuildTime: Aug  4 2022 06:17:15  BuildStamp: freesurfer-linux-ubuntu22_x86_64-7.3.2-20220804-6354275  User: oesteban  Machine: dna079  Platform: Linux  PlatformVersion: 5.14.0-427.37.1.el9_4.x86_64  CompilerName: GCC  CompilerVersion: 8.4.0
ProgramName: mri_mask  ProgramArguments: mri_mask -all-info  ProgramVersion: 7.3.2  TimeStamp: 2026/03/07-08:05:47-GMT  BuildTime: Aug  4 2022 06:17:15  BuildStamp: freesurfer-linux-ubuntu22_x86_64-7.3.2-20220804-6354275  User: oesteban  Machine: dna079  Platform: Linux  PlatformVersion: 5.14.0-427.37.1.el9_4.x86_64  CompilerName: GCC  CompilerVersion: 8.4.0
ProgramName: mri_matrix_multiply  ProgramArguments: mri_matrix_multiply -all-info  ProgramVersion: 7.3.2  TimeStamp: 2026/03/07-08:05:47-GMT  BuildTime: Aug  4 2022 06:17:15  BuildStamp: freesurfer-linux-ubuntu22_x86_64-7.3.2-20220804-6354275  User: oesteban  Machine: dna079  Platform: Linux  PlatformVersion: 5.14.0-427.37.1.el9_4.x86_64  CompilerName: GCC  CompilerVersion: 8.4.0
ProgramName: mri_normalize  ProgramArguments: mri_normalize -all-info  ProgramVersion: 7.3.2  TimeStamp: 2026/03/07-08:05:47-GMT  BuildTime: Aug  4 2022 06:17:15  BuildStamp: freesurfer-linux-ubuntu22_x86_64-7.3.2-20220804-6354275  User: oesteban  Machine: dna079  Platform: Linux  PlatformVersion: 5.14.0-427.37.1.el9_4.x86_64  CompilerName: GCC  CompilerVersion: 8.4.0
ProgramName: mri_normalize_tp2  ProgramArguments: mri_normalize_tp2 -all-info  ProgramVersion: 7.3.2  TimeStamp: 2026/03/07-08:05:47-GMT  BuildTime: Aug  4 2022 06:17:15  BuildStamp: freesurfer-linux-ubuntu22_x86_64-7.3.2-20220804-6354275  User: oesteban  Machine: dna079  Platform: Linux  PlatformVersion: 5.14.0-427.37.1.el9_4.x86_64  CompilerName: GCC  CompilerVersion: 8.4.0
ProgramName: mri_or  ProgramArguments: mri_or -all-info  ProgramVersion: 7.3.2  TimeStamp: 2026/03/07-08:05:47-GMT  BuildTime: Aug  4 2022 06:17:15  BuildStamp: freesurfer-linux-ubuntu22_x86_64-7.3.2-20220804-6354275  User: oesteban  Machine: dna079  Platform: Linux  PlatformVersion: 5.14.0-427.37.1.el9_4.x86_64  CompilerName: GCC  CompilerVersion: 8.4.0
ProgramName: mri_relabel_hypointensities  ProgramArguments: mri_relabel_hypointensities -all-info  ProgramVersion: 7.3.2  TimeStamp: 2026/03/07-08:05:47-GMT  BuildTime: Aug  4 2022 06:17:15  BuildStamp: freesurfer-linux-ubuntu22_x86_64-7.3.2-20220804-6354275  User: oesteban  Machine: dna079  Platform: Linux  PlatformVersion: 5.14.0-427.37.1.el9_4.x86_64  CompilerName: GCC  CompilerVersion: 8.4.0
ProgramName: mri_relabel_nonwm_hypos  ProgramArguments: mri_relabel_nonwm_hypos -all-info  ProgramVersion: 7.3.2  TimeStamp: 2026/03/07-08:05:47-GMT  BuildTime: Aug  4 2022 06:17:15  BuildStamp: freesurfer-linux-ubuntu22_x86_64-7.3.2-20220804-6354275  User: oesteban  Machine: dna079  Platform: Linux  PlatformVersion: 5.14.0-427.37.1.el9_4.x86_64  CompilerName: GCC  CompilerVersion: 8.4.0
ProgramName: mri_remove_neck  ProgramArguments: mri_remove_neck -all-info  ProgramVersion: 7.3.2  TimeStamp: 2026/03/07-08:05:47-GMT  BuildTime: Aug  4 2022 06:17:15  BuildStamp: freesurfer-linux-ubuntu22_x86_64-7.3.2-20220804-6354275  User: oesteban  Machine: dna079  Platform: Linux  PlatformVersion: 5.14.0-427.37.1.el9_4.x86_64  CompilerName: GCC  CompilerVersion: 8.4.0
7.3.2

ProgramName: mri_robust_register  ProgramArguments: mri_robust_register -all-info  ProgramVersion: 7.3.2  TimeStamp: 2026/03/07-08:05:47-GMT  BuildTime: Aug  4 2022 06:17:15  BuildStamp: freesurfer-linux-ubuntu22_x86_64-7.3.2-20220804-6354275  User: oesteban  Machine: dna079  Platform: Linux  PlatformVersion: 5.14.0-427.37.1.el9_4.x86_64  CompilerName: GCC  CompilerVersion: 8.4.0
7.3.2

ProgramName: mri_robust_template  ProgramArguments: mri_robust_template -all-info  ProgramVersion: 7.3.2  TimeStamp: 2026/03/07-08:05:47-GMT  BuildTime: Aug  4 2022 06:17:15  BuildStamp: freesurfer-linux-ubuntu22_x86_64-7.3.2-20220804-6354275  User: oesteban  Machine: dna079  Platform: Linux  PlatformVersion: 5.14.0-427.37.1.el9_4.x86_64  CompilerName: GCC  CompilerVersion: 8.4.0
ProgramName: mris_anatomical_stats  ProgramArguments: mris_anatomical_stats -all-info  ProgramVersion: 7.3.2  TimeStamp: 2026/03/07-08:05:47-GMT  BuildTime: Aug  4 2022 06:17:15  BuildStamp: freesurfer-linux-ubuntu22_x86_64-7.3.2-20220804-6354275  User: oesteban  Machine: dna079  Platform: Linux  PlatformVersion: 5.14.0-427.37.1.el9_4.x86_64  CompilerName: GCC  CompilerVersion: 8.4.0
ProgramName: mris_ca_label  ProgramArguments: mris_ca_label -all-info  ProgramVersion: 7.3.2  TimeStamp: 2026/03/07-08:05:47-GMT  BuildTime: Aug  4 2022 06:17:15  BuildStamp: freesurfer-linux-ubuntu22_x86_64-7.3.2-20220804-6354275  User: oesteban  Machine: dna079  Platform: Linux  PlatformVersion: 5.14.0-427.37.1.el9_4.x86_64  CompilerName: GCC  CompilerVersion: 8.4.0
ProgramName: mris_calc  ProgramArguments: mris_calc -all-info  ProgramVersion: 7.3.2  TimeStamp: 2026/03/07-08:05:47-GMT  BuildTime: Aug  4 2022 06:17:15  BuildStamp: freesurfer-linux-ubuntu22_x86_64-7.3.2-20220804-6354275  User: oesteban  Machine: dna079  Platform: Linux  PlatformVersion: 5.14.0-427.37.1.el9_4.x86_64  CompilerName: GCC  CompilerVersion: 8.4.0
ProgramName: mris_convert  ProgramArguments: mris_convert -all-info  ProgramVersion: 7.3.2  TimeStamp: 2026/03/07-08:05:47-GMT  BuildTime: Aug  4 2022 06:17:15  BuildStamp: freesurfer-linux-ubuntu22_x86_64-7.3.2-20220804-6354275  User: oesteban  Machine: dna079  Platform: Linux  PlatformVersion: 5.14.0-427.37.1.el9_4.x86_64  CompilerName: GCC  CompilerVersion: 8.4.0
ProgramName: mris_curvature  ProgramArguments: mris_curvature -all-info  ProgramVersion: 7.3.2  TimeStamp: 2026/03/07-08:05:47-GMT  BuildTime: Aug  4 2022 06:17:15  BuildStamp: freesurfer-linux-ubuntu22_x86_64-7.3.2-20220804-6354275  User: oesteban  Machine: dna079  Platform: Linux  PlatformVersion: 5.14.0-427.37.1.el9_4.x86_64  CompilerName: GCC  CompilerVersion: 8.4.0
ProgramName: mris_curvature_stats  ProgramArguments: mris_curvature_stats -all-info  ProgramVersion: 7.3.2  TimeStamp: 2026/03/07-08:05:47-GMT  BuildTime: Aug  4 2022 06:17:15  BuildStamp: freesurfer-linux-ubuntu22_x86_64-7.3.2-20220804-6354275  User: oesteban  Machine: dna079  Platform: Linux  PlatformVersion: 5.14.0-427.37.1.el9_4.x86_64  CompilerName: GCC  CompilerVersion: 8.4.0
ProgramName: mris_diff  ProgramArguments: mris_diff -all-info  ProgramVersion: 7.3.2  TimeStamp: 2026/03/07-08:05:47-GMT  BuildTime: Aug  4 2022 06:17:15  BuildStamp: freesurfer-linux-ubuntu22_x86_64-7.3.2-20220804-6354275  User: oesteban  Machine: dna079  Platform: Linux  PlatformVersion: 5.14.0-427.37.1.el9_4.x86_64  CompilerName: GCC  CompilerVersion: 8.4.0
ProgramName: mris_divide_parcellation  ProgramArguments: mris_divide_parcellation -all-info  ProgramVersion: 7.3.2  TimeStamp: 2026/03/07-08:05:47-GMT  BuildTime: Aug  4 2022 06:17:15  BuildStamp: freesurfer-linux-ubuntu22_x86_64-7.3.2-20220804-6354275  User: oesteban  Machine: dna079  Platform: Linux  PlatformVersion: 5.14.0-427.37.1.el9_4.x86_64  CompilerName: GCC  CompilerVersion: 8.4.0
ProgramName: mri_segment  ProgramArguments: mri_segment -all-info  ProgramVersion: 7.3.2  TimeStamp: 2026/03/07-08:05:47-GMT  BuildTime: Aug  4 2022 06:17:15  BuildStamp: freesurfer-linux-ubuntu22_x86_64-7.3.2-20220804-6354275  User: oesteban  Machine: dna079  Platform: Linux  PlatformVersion: 5.14.0-427.37.1.el9_4.x86_64  CompilerName: GCC  CompilerVersion: 8.4.0
ProgramName: mri_segstats  ProgramArguments: mri_segstats -all-info  ProgramVersion: 7.3.2  TimeStamp: 2026/03/07-08:05:47-GMT  BuildTime: Aug  4 2022 06:17:15  BuildStamp: freesurfer-linux-ubuntu22_x86_64-7.3.2-20220804-6354275  User: oesteban  Machine: dna079  Platform: Linux  PlatformVersion: 5.14.0-427.37.1.el9_4.x86_64  CompilerName: GCC  CompilerVersion: 8.4.0
ProgramName: mris_euler_number  ProgramArguments: mris_euler_number -all-info  ProgramVersion: 7.3.2  TimeStamp: 2026/03/07-08:05:47-GMT  BuildTime: Aug  4 2022 06:17:15  BuildStamp: freesurfer-linux-ubuntu22_x86_64-7.3.2-20220804-6354275  User: oesteban  Machine: dna079  Platform: Linux  PlatformVersion: 5.14.0-427.37.1.el9_4.x86_64  CompilerName: GCC  CompilerVersion: 8.4.0
ProgramName: mris_fix_topology  ProgramArguments: mris_fix_topology -all-info  ProgramVersion: 7.3.2  TimeStamp: 2026/03/07-08:05:47-GMT  BuildTime: Aug  4 2022 06:17:15  BuildStamp: freesurfer-linux-ubuntu22_x86_64-7.3.2-20220804-6354275  User: oesteban  Machine: dna079  Platform: Linux  PlatformVersion: 5.14.0-427.37.1.el9_4.x86_64  CompilerName: GCC  CompilerVersion: 8.4.0
ProgramName: mris_topo_fixer  ProgramArguments: mris_topo_fixer -all-info  ProgramVersion: 7.3.2  TimeStamp: 2026/03/07-08:05:47-GMT  BuildTime: Aug  4 2022 06:17:15  BuildStamp: freesurfer-linux-ubuntu22_x86_64-7.3.2-20220804-6354275  User: oesteban  Machine: dna079  Platform: Linux  PlatformVersion: 5.14.0-427.37.1.el9_4.x86_64  CompilerName: GCC  CompilerVersion: 8.4.0
ProgramName: mris_jacobian  ProgramArguments: mris_jacobian -all-info  ProgramVersion: 7.3.2  TimeStamp: 2026/03/07-08:05:47-GMT  BuildTime: Aug  4 2022 06:17:15  BuildStamp: freesurfer-linux-ubuntu22_x86_64-7.3.2-20220804-6354275  User: oesteban  Machine: dna079  Platform: Linux  PlatformVersion: 5.14.0-427.37.1.el9_4.x86_64  CompilerName: GCC  CompilerVersion: 8.4.0
ProgramName: mris_label2annot  ProgramArguments: mris_label2annot -all-info  ProgramVersion: 7.3.2  TimeStamp: 2026/03/07-08:05:47-GMT  BuildTime: Aug  4 2022 06:17:15  BuildStamp: freesurfer-linux-ubuntu22_x86_64-7.3.2-20220804-6354275  User: oesteban  Machine: dna079  Platform: Linux  PlatformVersion: 5.14.0-427.37.1.el9_4.x86_64  CompilerName: GCC  CompilerVersion: 8.4.0
ProgramName: mris_left_right_register  ProgramArguments: mris_left_right_register -all-info  ProgramVersion: 7.3.2  TimeStamp: 2026/03/07-08:05:47-GMT  BuildTime: Aug  4 2022 06:17:15  BuildStamp: freesurfer-linux-ubuntu22_x86_64-7.3.2-20220804-6354275  User: oesteban  Machine: dna079  Platform: Linux  PlatformVersion: 5.14.0-427.37.1.el9_4.x86_64  CompilerName: GCC  CompilerVersion: 8.4.0
ProgramName: mris_place_surface  ProgramArguments: mris_place_surface -all-info  ProgramVersion: 7.3.2  TimeStamp: 2026/03/07-08:05:47-GMT  BuildTime: Aug  4 2022 06:17:15  BuildStamp: freesurfer-linux-ubuntu22_x86_64-7.3.2-20220804-6354275  User: oesteban  Machine: dna079  Platform: Linux  PlatformVersion: 5.14.0-427.37.1.el9_4.x86_64  CompilerName: GCC  CompilerVersion: 8.4.0
ProgramName: mrisp_paint  ProgramArguments: mrisp_paint -all-info  ProgramVersion: 7.3.2  TimeStamp: 2026/03/07-08:05:47-GMT  BuildTime: Aug  4 2022 06:17:15  BuildStamp: freesurfer-linux-ubuntu22_x86_64-7.3.2-20220804-6354275  User: oesteban  Machine: dna079  Platform: Linux  PlatformVersion: 5.14.0-427.37.1.el9_4.x86_64  CompilerName: GCC  CompilerVersion: 8.4.0
ProgramName: mris_register  ProgramArguments: mris_register -all-info  ProgramVersion: 7.3.2  TimeStamp: 2026/03/07-08:05:47-GMT  BuildTime: Aug  4 2022 06:17:15  BuildStamp: freesurfer-linux-ubuntu22_x86_64-7.3.2-20220804-6354275  User: oesteban  Machine: dna079  Platform: Linux  PlatformVersion: 5.14.0-427.37.1.el9_4.x86_64  CompilerName: GCC  CompilerVersion: 8.4.0
ProgramName: mris_smooth  ProgramArguments: mris_smooth -all-info  ProgramVersion: 7.3.2  TimeStamp: 2026/03/07-08:05:47-GMT  BuildTime: Aug  4 2022 06:17:15  BuildStamp: freesurfer-linux-ubuntu22_x86_64-7.3.2-20220804-6354275  User: oesteban  Machine: dna079  Platform: Linux  PlatformVersion: 5.14.0-427.37.1.el9_4.x86_64  CompilerName: GCC  CompilerVersion: 8.4.0
ProgramName: mris_sphere  ProgramArguments: mris_sphere -all-info  ProgramVersion: 7.3.2  TimeStamp: 2026/03/07-08:05:47-GMT  BuildTime: Aug  4 2022 06:17:15  BuildStamp: freesurfer-linux-ubuntu22_x86_64-7.3.2-20220804-6354275  User: oesteban  Machine: dna079  Platform: Linux  PlatformVersion: 5.14.0-427.37.1.el9_4.x86_64  CompilerName: GCC  CompilerVersion: 8.4.0
ProgramName: mris_surface_stats  ProgramArguments: mris_surface_stats -all-info  ProgramVersion: 7.3.2  TimeStamp: 2026/03/07-08:05:47-GMT  BuildTime: Aug  4 2022 06:17:15  BuildStamp: freesurfer-linux-ubuntu22_x86_64-7.3.2-20220804-6354275  User: oesteban  Machine: dna079  Platform: Linux  PlatformVersion: 5.14.0-427.37.1.el9_4.x86_64  CompilerName: GCC  CompilerVersion: 8.4.0
ProgramName: mri_stats2seg  ProgramArguments: mri_stats2seg -all-info  ProgramVersion: 7.3.2  TimeStamp: 2026/03/07-08:05:47-GMT  BuildTime: Aug  4 2022 06:17:15  BuildStamp: freesurfer-linux-ubuntu22_x86_64-7.3.2-20220804-6354275  User: oesteban  Machine: dna079  Platform: Linux  PlatformVersion: 5.14.0-427.37.1.el9_4.x86_64  CompilerName: GCC  CompilerVersion: 8.4.0
ProgramName: mris_thickness  ProgramArguments: mris_thickness -all-info  ProgramVersion: 7.3.2  TimeStamp: 2026/03/07-08:05:47-GMT  BuildTime: Aug  4 2022 06:17:15  BuildStamp: freesurfer-linux-ubuntu22_x86_64-7.3.2-20220804-6354275  User: oesteban  Machine: dna079  Platform: Linux  PlatformVersion: 5.14.0-427.37.1.el9_4.x86_64  CompilerName: GCC  CompilerVersion: 8.4.0
ProgramName: mris_thickness_diff  ProgramArguments: mris_thickness_diff -all-info  ProgramVersion: 7.3.2  TimeStamp: 2026/03/07-08:05:47-GMT  BuildTime: Aug  4 2022 06:17:15  BuildStamp: freesurfer-linux-ubuntu22_x86_64-7.3.2-20220804-6354275  User: oesteban  Machine: dna079  Platform: Linux  PlatformVersion: 5.14.0-427.37.1.el9_4.x86_64  CompilerName: GCC  CompilerVersion: 8.4.0
ProgramName: mris_topo_fixer  ProgramArguments: mris_topo_fixer -all-info  ProgramVersion: 7.3.2  TimeStamp: 2026/03/07-08:05:47-GMT  BuildTime: Aug  4 2022 06:17:15  BuildStamp: freesurfer-linux-ubuntu22_x86_64-7.3.2-20220804-6354275  User: oesteban  Machine: dna079  Platform: Linux  PlatformVersion: 5.14.0-427.37.1.el9_4.x86_64  CompilerName: GCC  CompilerVersion: 8.4.0
ProgramName: mri_surf2surf  ProgramArguments: mri_surf2surf -all-info  ProgramVersion: 7.3.2  TimeStamp: 2026/03/07-08:05:47-GMT  BuildTime: Aug  4 2022 06:17:15  BuildStamp: freesurfer-linux-ubuntu22_x86_64-7.3.2-20220804-6354275  User: oesteban  Machine: dna079  Platform: Linux  PlatformVersion: 5.14.0-427.37.1.el9_4.x86_64  CompilerName: GCC  CompilerVersion: 8.4.0
ProgramName: mri_surf2vol  ProgramArguments: mri_surf2vol -all-info  ProgramVersion: 7.3.2  TimeStamp: 2026/03/07-08:05:47-GMT  BuildTime: Aug  4 2022 06:17:15  BuildStamp: freesurfer-linux-ubuntu22_x86_64-7.3.2-20220804-6354275  User: oesteban  Machine: dna079  Platform: Linux  PlatformVersion: 5.14.0-427.37.1.el9_4.x86_64  CompilerName: GCC  CompilerVersion: 8.4.0
ProgramName: mri_surfcluster  ProgramArguments: mri_surfcluster -all-info  ProgramVersion: 7.3.2  TimeStamp: 2026/03/07-08:05:47-GMT  BuildTime: Aug  4 2022 06:17:15  BuildStamp: freesurfer-linux-ubuntu22_x86_64-7.3.2-20220804-6354275  User: oesteban  Machine: dna079  Platform: Linux  PlatformVersion: 5.14.0-427.37.1.el9_4.x86_64  CompilerName: GCC  CompilerVersion: 8.4.0
ProgramName: mris_volmask  ProgramArguments: mris_volmask -all-info  ProgramVersion: 7.3.2  TimeStamp: 2026/03/07-08:05:47-GMT  BuildTime: Aug  4 2022 06:17:15  BuildStamp: freesurfer-linux-ubuntu22_x86_64-7.3.2-20220804-6354275  User: oesteban  Machine: dna079  Platform: Linux  PlatformVersion: 5.14.0-427.37.1.el9_4.x86_64  CompilerName: GCC  CompilerVersion: 8.4.0
ProgramName: mri_tessellate  ProgramArguments: mri_tessellate -all-info  ProgramVersion: 7.3.2  TimeStamp: 2026/03/07-08:05:47-GMT  BuildTime: Aug  4 2022 06:17:15  BuildStamp: freesurfer-linux-ubuntu22_x86_64-7.3.2-20220804-6354275  User: oesteban  Machine: dna079  Platform: Linux  PlatformVersion: 5.14.0-427.37.1.el9_4.x86_64  CompilerName: GCC  CompilerVersion: 8.4.0
ProgramName: mri_vol2surf  ProgramArguments: mri_vol2surf -all-info  ProgramVersion: 7.3.2  TimeStamp: 2026/03/07-08:05:47-GMT  BuildTime: Aug  4 2022 06:17:15  BuildStamp: freesurfer-linux-ubuntu22_x86_64-7.3.2-20220804-6354275  User: oesteban  Machine: dna079  Platform: Linux  PlatformVersion: 5.14.0-427.37.1.el9_4.x86_64  CompilerName: GCC  CompilerVersion: 8.4.0
ProgramName: mri_vol2vol  ProgramArguments: mri_vol2vol -all-info  ProgramVersion: 7.3.2  TimeStamp: 2026/03/07-08:05:47-GMT  BuildTime: Aug  4 2022 06:17:15  BuildStamp: freesurfer-linux-ubuntu22_x86_64-7.3.2-20220804-6354275  User: oesteban  Machine: dna079  Platform: Linux  PlatformVersion: 5.14.0-427.37.1.el9_4.x86_64  CompilerName: GCC  CompilerVersion: 8.4.0
ProgramName: mri_voldiff  ProgramArguments: mri_voldiff -all-info  ProgramVersion: 7.3.2  TimeStamp: 2026/03/07-08:05:47-GMT  BuildTime: Aug  4 2022 06:17:15  BuildStamp: freesurfer-linux-ubuntu22_x86_64-7.3.2-20220804-6354275  User: oesteban  Machine: dna079  Platform: Linux  PlatformVersion: 5.14.0-427.37.1.el9_4.x86_64  CompilerName: GCC  CompilerVersion: 8.4.0
ProgramName: mri_watershed  ProgramArguments: mri_watershed -all-info  ProgramVersion: 7.3.2  TimeStamp: 2026/03/07-08:05:47-GMT  BuildTime: Aug  4 2022 06:17:15  BuildStamp: freesurfer-linux-ubuntu22_x86_64-7.3.2-20220804-6354275  User: oesteban  Machine: dna079  Platform: Linux  PlatformVersion: 5.14.0-427.37.1.el9_4.x86_64  CompilerName: GCC  CompilerVersion: 8.4.0
ProgramName: tkregister2  ProgramArguments: tkregister2_cmdl -all-info  ProgramVersion: 7.3.2  TimeStamp: 2026/03/07-08:05:47-GMT  BuildTime: Aug  4 2022 06:17:15  BuildStamp: freesurfer-linux-ubuntu22_x86_64-7.3.2-20220804-6354275  User: oesteban  Machine: dna079  Platform: Linux  PlatformVersion: 5.14.0-427.37.1.el9_4.x86_64  CompilerName: GCC  CompilerVersion: 8.4.0
mri_motion_correct.fsl 7.3.2
mri_convert -all-info 
ProgramName: mri_convert  ProgramArguments: mri_convert -all-info  ProgramVersion: 7.3.2  TimeStamp: 2026/03/07-08:05:47-GMT  BuildTime: Aug  4 2022 06:17:15  BuildStamp: freesurfer-linux-ubuntu22_x86_64-7.3.2-20220804-6354275  User: oesteban  Machine: dna079  Platform: Linux  PlatformVersion: 5.14.0-427.37.1.el9_4.x86_64  CompilerName: GCC  CompilerVersion: 8.4.0
Program nu_correct, built from:
Package MNI N3, version 1.12.0, compiled by nicks@terrier (x86_64-unknown-linux-gnu) on 2015-06-19 at 01:25:34
#######################################
GCADIR /opt/freesurfer/average
GCA RB_all_2020-01-02.gca
GCASkull RB_all_withskull_2020_01_02.gca
AvgCurvTif folding.atlas.acfb40.noaparc.i12.2016-08-02.tif
GCSDIR /opt/freesurfer/average
GCS DKaparc.atlas.acfb40.noaparc.i12.2016-08-02.gcs
#######################################
#--------------------------------------
#@# CA Normalize Sat Mar  7 09:05:47 CET 2026
/out/sourcedata/freesurfer/sub-v1s20x0050301_ses-1/mri

 mri_ca_normalize -c ctrl_pts.mgz -mask brainmask.mgz nu.mgz /opt/freesurfer/average/RB_all_2020-01-02.gca transforms/talairach.lta norm.mgz 

writing control point volume to ctrl_pts.mgz
using MR volume brainmask.mgz to mask input volume...
reading 1 input volume
reading atlas from '/opt/freesurfer/average/RB_all_2020-01-02.gca'...
reading transform from 'transforms/talairach.lta'...
reading input volume from nu.mgz...
resetting wm mean[0]: 98 --> 107
resetting gm mean[0]: 61 --> 61
input volume #1 is the most T1-like
using real data threshold=28.1
skull bounding box = (62, 66, 29) --> (198, 178, 200)
finding center of left hemi white matter
using (107, 103, 115) as brain centroid of Right_Cerebral_White_Matter...
mean wm in atlas = 107, using box (90,89,94) --> (123, 116,136) to find MRI wm
before smoothing, mri peak at 106
robust fit to distribution - 107 +- 3.7
after smoothing, mri peak at 107, scaling input intensities by 1.000
scaling channel 0 by 1
using 246437 sample points...
INFO: compute sample coordinates transform
 1.01861   0.05962   0.04786  -17.77052;
-0.05094   1.12225  -0.04575  -10.47195;
-0.04677   0.06115   0.97364  -4.49073;
 0.00000   0.00000   0.00000   1.00000;
INFO: transform used
finding control points in Left_Cerebral_White_Matter....
found 40230 control points for structure...
bounding box (127, 66, 29) --> (194, 173, 202)
Left_Cerebral_White_Matter: limiting intensities to 94.0 --> 132.0
0 of 8643 (0.0%) samples deleted
finding control points in Right_Cerebral_White_Matter....
found 39478 control points for structure...
bounding box (65, 65, 29) --> (131, 172, 202)
Right_Cerebral_White_Matter: limiting intensities to 95.0 --> 132.0
9 of 8650 (0.1%) samples deleted
finding control points in Left_Cerebellum_White_Matter....
found 3105 control points for structure...
bounding box (130, 138, 50) --> (177, 181, 106)
Left_Cerebellum_White_Matter: limiting intensities to 96.0 --> 132.0
2 of 578 (0.3%) samples deleted
finding control points in Right_Cerebellum_White_Matter....
found 2710 control points for structure...
bounding box (84, 138, 47) --> (129, 178, 107)
Right_Cerebellum_White_Matter: limiting intensities to 94.0 --> 132.0
0 of 547 (0.0%) samples deleted
finding control points in Brain_Stem....
found 3475 control points for structure...
bounding box (111, 135, 85) --> (145, 195, 118)
Brain_Stem: limiting intensities to 88.0 --> 132.0
0 of 809 (0.0%) samples deleted
using 19227 total control points for intensity normalization...
bias field = 0.968 +- 0.073
37 of 19216 control points discarded
finding control points in Left_Cerebral_White_Matter....
found 40230 control points for structure...
bounding box (127, 66, 29) --> (194, 173, 202)
Left_Cerebral_White_Matter: limiting intensities to 88.0 --> 132.0
10 of 8838 (0.1%) samples deleted
finding control points in Right_Cerebral_White_Matter....
found 39478 control points for structure...
bounding box (65, 65, 29) --> (131, 172, 202)
Right_Cerebral_White_Matter: limiting intensities to 88.0 --> 132.0
18 of 8799 (0.2%) samples deleted
finding control points in Left_Cerebellum_White_Matter....
found 3105 control points for structure...
bounding box (130, 138, 50) --> (177, 181, 106)
Left_Cerebellum_White_Matter: limiting intensities to 88.0 --> 132.0
24 of 656 (3.7%) samples deleted
finding control points in Right_Cerebellum_White_Matter....
found 2710 control points for structure...
bounding box (84, 138, 47) --> (129, 178, 107)
Right_Cerebellum_White_Matter: limiting intensities to 88.0 --> 132.0
50 of 654 (7.6%) samples deleted
finding control points in Brain_Stem....
found 3475 control points for structure...
bounding box (111, 135, 85) --> (145, 195, 118)
Brain_Stem: limiting intensities to 88.0 --> 132.0
179 of 988 (18.1%) samples deleted
using 19935 total control points for intensity normalization...
bias field = 1.042 +- 0.061
32 of 19577 control points discarded
finding control points in Left_Cerebral_White_Matter....
found 40230 control points for structure...
bounding box (127, 66, 29) --> (194, 173, 202)
Left_Cerebral_White_Matter: limiting intensities to 88.0 --> 132.0
10 of 8858 (0.1%) samples deleted
finding control points in Right_Cerebral_White_Matter....
found 39478 control points for structure...
bounding box (65, 65, 29) --> (131, 172, 202)
Right_Cerebral_White_Matter: limiting intensities to 89.0 --> 132.0
26 of 8832 (0.3%) samples deleted
finding control points in Left_Cerebellum_White_Matter....
found 3105 control points for structure...
bounding box (130, 138, 50) --> (177, 181, 106)
Left_Cerebellum_White_Matter: limiting intensities to 88.0 --> 132.0
272 of 698 (39.0%) samples deleted
finding control points in Right_Cerebellum_White_Matter....
found 2710 control points for structure...
bounding box (84, 138, 47) --> (129, 178, 107)
Right_Cerebellum_White_Matter: limiting intensities to 88.0 --> 132.0
350 of 656 (53.4%) samples deleted
finding control points in Brain_Stem....
found 3475 control points for structure...
bounding box (111, 135, 85) --> (145, 195, 118)
Brain_Stem: limiting intensities to 88.0 --> 132.0
515 of 1027 (50.1%) samples deleted
using 20071 total control points for intensity normalization...
bias field = 1.041 +- 0.050
15 of 18753 control points discarded
writing normalized volume to norm.mgz...
writing control points to ctrl_pts.mgz
freeing GCA...done.
normalization took 0 minutes and 52 seconds.
#--------------------------------------
#@# CA Reg Sat Mar  7 09:06:40 CET 2026
/out/sourcedata/freesurfer/sub-v1s20x0050301_ses-1/mri

 mri_ca_register -nobigventricles -T transforms/talairach.lta -align-after -mask brainmask.mgz norm.mgz /opt/freesurfer/average/RB_all_2020-01-02.gca transforms/talairach.m3z 

not handling expanded ventricles...
using previously computed transform transforms/talairach.lta
renormalizing sequences with structure alignment, equivalent to:
	-renormalize
	-regularize_mean 0.500
	-regularize 0.500
using MR volume brainmask.mgz to mask input volume...

== Number of threads available to mri_ca_register for OpenMP = 16 == 
reading 1 input volumes...
logging results to talairach.log
reading input volume 'norm.mgz'...
reading GCA '/opt/freesurfer/average/RB_all_2020-01-02.gca'...
label assignment complete, 0 changed (0.00%)
freeing gibbs priors...done.
average std[0] = 5.0
Starting GCAMregister()
label assignment complete, 0 changed (0.00%)
npasses = 1, nlevels = 6
#pass# 1 of 1 ************************
enabling zero nodes
setting smoothness cost coefficient to 0.156

#GCAMreg# pass 0 level1 5 level2 0 tsec 0 sigma 2
l_jacobian=1.00 l_label=1.00 l_log_likelihood=0.20 l_smoothness=0.16 
tol=2.50e-01, dt=5.00e-02, exp_k=20.0, momentum=0.90, levels=6, niter=500, lbl_dist=10.00, avgs=256, sigma=2.0,type=2, relabel=0, neg=no

blurring input image with Gaussian with sigma=2.000...
GCAMRegisterLevel(): init RMS 0.78594
#FOTS# QuadFit found better minimum quadopt=(dt=207.137,rms=0.713929) vs oldopt=(dt=92.48,rms=0.735492)
#GCMRL#    0 dt 207.136929 rms  0.714  9.162% neg 0  invalid 762 tFOTS 4.4200 tGradient 2.7130 tsec 7.4650
#FOTS# QuadFit found better minimum quadopt=(dt=154.264,rms=0.695494) vs oldopt=(dt=92.48,rms=0.698735)
#GCMRL#    1 dt 154.264151 rms  0.695  2.582% neg 0  invalid 762 tFOTS 5.0530 tGradient 2.9790 tsec 8.3830
#FOTS# QuadFit found better minimum quadopt=(dt=270.636,rms=0.68555) vs oldopt=(dt=369.92,rms=0.686645)
#GCMRL#    2 dt 270.635659 rms  0.686  1.430% neg 0  invalid 762 tFOTS 5.2420 tGradient 2.9270 tsec 8.5300
#FOTS# QuadFit found better minimum quadopt=(dt=130.016,rms=0.680809) vs oldopt=(dt=92.48,rms=0.681357)
#GCMRL#    3 dt 130.015748 rms  0.681  0.692% neg 0  invalid 762 tFOTS 5.1870 tGradient 3.1630 tsec 8.7000
#FOTS# QuadFit found better minimum quadopt=(dt=517.888,rms=0.676159) vs oldopt=(dt=369.92,rms=0.67648)
#GCMRL#    4 dt 517.888000 rms  0.676  0.683% neg 0  invalid 762 tFOTS 4.8920 tGradient 2.6950 tsec 7.9380
#FOTS# QuadFit found better minimum quadopt=(dt=110.976,rms=0.67307) vs oldopt=(dt=92.48,rms=0.673175)
#GCMRL#    5 dt 110.976000 rms  0.673  0.457% neg 0  invalid 762 tFOTS 5.2540 tGradient 2.8140 tsec 8.4010
#FOTS# QuadFit found better minimum quadopt=(dt=887.808,rms=0.670263) vs oldopt=(dt=1479.68,rms=0.671126)
#GCMRL#    6 dt 887.808000 rms  0.670  0.417% neg 0  invalid 762 tFOTS 4.9400 tGradient 2.7730 tsec 8.0490
#FOTS# QuadFit found better minimum quadopt=(dt=129.472,rms=0.66821) vs oldopt=(dt=92.48,rms=0.668321)
#GCMRL#    7 dt 129.472000 rms  0.668  0.306% neg 0  invalid 762 tFOTS 5.2180 tGradient 2.8260 tsec 8.3730
#FOTS# QuadFit found better minimum quadopt=(dt=295.936,rms=0.667536) vs oldopt=(dt=369.92,rms=0.667604)
#GCMRL#    8 dt 295.936000 rms  0.668  0.000% neg 0  invalid 762 tFOTS 5.4390 tGradient 2.9910 tsec 8.7920

#GCAMreg# pass 0 level1 5 level2 1 tsec 87.012 sigma 0.5
l_jacobian=1.00 l_label=1.00 l_log_likelihood=0.20 l_smoothness=0.16 
tol=2.50e-01, dt=5.00e-02, exp_k=20.0, momentum=0.90, levels=6, niter=500, lbl_dist=10.00, avgs=256, sigma=0.5,type=2, relabel=0, neg=no

blurring input image with Gaussian with sigma=0.500...
GCAMRegisterLevel(): init RMS 0.667888
#FOTS# QuadFit found better minimum quadopt=(dt=129.472,rms=0.666372) vs oldopt=(dt=92.48,rms=0.666579)
#GCMRL#   10 dt 129.472000 rms  0.666  0.227% neg 0  invalid 762 tFOTS 5.0180 tGradient 2.8240 tsec 8.1750
#FOTS# QuadFit found better minimum quadopt=(dt=887.808,rms=0.664311) vs oldopt=(dt=1479.68,rms=0.664977)
#GCMRL#   11 dt 887.808000 rms  0.664  0.309% neg 0  invalid 762 tFOTS 5.3220 tGradient 2.9860 tsec 8.6720
#FOTS# QuadFit found better minimum quadopt=(dt=129.472,rms=0.663428) vs oldopt=(dt=92.48,rms=0.663536)
#GCMRL#   12 dt 129.472000 rms  0.663  0.000% neg 0  invalid 762 tFOTS 4.9310 tGradient 3.0640 tsec 8.3580
#GCMRL#   13 dt 129.472000 rms  0.663  0.048% neg 0  invalid 762 tFOTS 0.0000 tGradient 2.9770 tsec 3.2810
#GCMRL#   14 dt 129.472000 rms  0.663  0.084% neg 0  invalid 762 tFOTS 0.0000 tGradient 3.1880 tsec 3.4720
#GCMRL#   15 dt 129.472000 rms  0.662  0.098% neg 0  invalid 762 tFOTS 0.0000 tGradient 3.0200 tsec 3.2850
#GCMRL#   16 dt 129.472000 rms  0.661  0.125% neg 0  invalid 762 tFOTS 0.0000 tGradient 2.9860 tsec 3.2690
#GCMRL#   17 dt 129.472000 rms  0.660  0.141% neg 0  invalid 762 tFOTS 0.0000 tGradient 3.1980 tsec 3.4830
#GCMRL#   18 dt 129.472000 rms  0.659  0.138% neg 0  invalid 762 tFOTS 0.0000 tGradient 3.0870 tsec 3.3780
#GCMRL#   19 dt 129.472000 rms  0.658  0.130% neg 0  invalid 762 tFOTS 0.0000 tGradient 3.0450 tsec 3.3270
#GCMRL#   20 dt 129.472000 rms  0.658  0.113% neg 0  invalid 762 tFOTS 0.0000 tGradient 2.8670 tsec 3.1450
#GCMRL#   21 dt 129.472000 rms  0.657  0.121% neg 0  invalid 762 tFOTS 0.0000 tGradient 3.0310 tsec 3.3050
#GCMRL#   22 dt 129.472000 rms  0.656  0.116% neg 0  invalid 762 tFOTS 0.0000 tGradient 2.8640 tsec 3.1490
#FOTS# QuadFit found better minimum quadopt=(dt=517.888,rms=0.655645) vs oldopt=(dt=369.92,rms=0.655719)
#GCMRL#   23 dt 517.888000 rms  0.656  0.000% neg 0  invalid 762 tFOTS 4.4550 tGradient 2.7470 tsec 7.5150
setting smoothness cost coefficient to 0.615

#GCAMreg# pass 0 level1 4 level2 0 tsec 0 sigma 2
l_jacobian=1.00 l_label=1.00 l_log_likelihood=0.20 l_smoothness=0.62 
tol=2.50e-01, dt=5.00e-02, exp_k=20.0, momentum=0.90, levels=6, niter=500, lbl_dist=10.00, avgs=64, sigma=2.0,type=2, relabel=0, neg=no

blurring input image with Gaussian with sigma=2.000...
GCAMRegisterLevel(): init RMS 0.66276
#FOTS# QuadFit found better minimum quadopt=(dt=74.5827,rms=0.659898) vs oldopt=(dt=103.68,rms=0.660293)
#GCMRL#   25 dt  74.582677 rms  0.660  0.432% neg 0  invalid 762 tFOTS 4.1750 tGradient 2.2640 tsec 6.7390
#FOTS# QuadFit found better minimum quadopt=(dt=331.776,rms=0.652771) vs oldopt=(dt=414.72,rms=0.653623)
#GCMRL#   26 dt 331.776000 rms  0.653  1.080% neg 0  invalid 762 tFOTS 4.0190 tGradient 2.6100 tsec 6.9300
#FOTS# QuadFit found better minimum quadopt=(dt=100.278,rms=0.649091) vs oldopt=(dt=103.68,rms=0.649096)
#GCMRL#   27 dt 100.278075 rms  0.649  0.564% neg 0  invalid 762 tFOTS 4.1350 tGradient 2.1870 tsec 6.6130
#FOTS# QuadFit found better minimum quadopt=(dt=92.2429,rms=0.647072) vs oldopt=(dt=103.68,rms=0.647114)
#GCMRL#   28 dt  92.242915 rms  0.647  0.311% neg 0  invalid 762 tFOTS 4.5240 tGradient 2.4720 tsec 7.3300
#FOTS# QuadFit found better minimum quadopt=(dt=77.1391,rms=0.646096) vs oldopt=(dt=103.68,rms=0.646197)
#GCMRL#   29 dt  77.139073 rms  0.646  0.000% neg 0  invalid 762 tFOTS 5.1210 tGradient 2.2320 tsec 7.7040
#GCMRL#   30 dt  77.139073 rms  0.646  0.069% neg 0  invalid 762 tFOTS 0.0000 tGradient 2.5290 tsec 2.8400
#GCMRL#   31 dt  77.139073 rms  0.644  0.214% neg 0  invalid 762 tFOTS 0.0000 tGradient 2.2060 tsec 2.5080
#GCMRL#   32 dt  77.139073 rms  0.643  0.269% neg 0  invalid 762 tFOTS 0.0000 tGradient 2.2480 tsec 2.5530
#GCMRL#   33 dt  77.139073 rms  0.641  0.211% neg 0  invalid 762 tFOTS 0.0000 tGradient 2.7040 tsec 3.0070
#GCMRL#   34 dt  77.139073 rms  0.640  0.248% neg 0  invalid 762 tFOTS 0.0000 tGradient 2.5500 tsec 2.8580
#GCMRL#   35 dt  77.139073 rms  0.638  0.289% neg 0  invalid 762 tFOTS 0.0000 tGradient 2.3360 tsec 2.6440
#GCMRL#   36 dt  77.139073 rms  0.636  0.241% neg 0  invalid 762 tFOTS 0.0000 tGradient 2.2660 tsec 2.5690
#GCMRL#   37 dt  77.139073 rms  0.635  0.155% neg 0  invalid 762 tFOTS 0.0000 tGradient 2.4580 tsec 2.7660
#GCMRL#   38 dt  77.139073 rms  0.634  0.156% neg 0  invalid 762 tFOTS 0.0000 tGradient 2.2370 tsec 2.5460
#GCMRL#   39 dt  77.139073 rms  0.633  0.189% neg 0  invalid 762 tFOTS 0.0000 tGradient 2.1610 tsec 2.4240
#GCMRL#   40 dt  77.139073 rms  0.632  0.109% neg 0  invalid 762 tFOTS 0.0000 tGradient 2.3850 tsec 2.6920
#GCMRL#   41 dt  77.139073 rms  0.632  0.082% neg 0  invalid 762 tFOTS 0.0000 tGradient 2.2780 tsec 2.6060
#GCMRL#   42 dt 103.680000 rms  0.632  0.000% neg 0  invalid 762 tFOTS 4.8370 tGradient 2.2570 tsec 7.4550

#GCAMreg# pass 0 level1 4 level2 1 tsec 86.957 sigma 0.5
l_jacobian=1.00 l_label=1.00 l_log_likelihood=0.20 l_smoothness=0.62 
tol=2.50e-01, dt=5.00e-02, exp_k=20.0, momentum=0.90, levels=6, niter=500, lbl_dist=10.00, avgs=64, sigma=0.5,type=2, relabel=0, neg=no

blurring input image with Gaussian with sigma=0.500...
GCAMRegisterLevel(): init RMS 0.632202
#FOTS# QuadFit found better minimum quadopt=(dt=9.072,rms=0.631751) vs oldopt=(dt=6.48,rms=0.631755)
#GCMRL#   44 dt   9.072000 rms  0.632  0.071% neg 0  invalid 762 tFOTS 4.5670 tGradient 2.5310 tsec 7.4160
#GCMRL#   45 dt   6.480000 rms  0.632  0.000% neg 0  invalid 762 tFOTS 4.4990 tGradient 2.5140 tsec 7.3530
#GCMRL#   46 dt   6.480000 rms  0.632  0.001% neg 0  invalid 762 tFOTS 0.0000 tGradient 2.4960 tsec 2.7880
#GCMRL#   47 dt   6.480000 rms  0.632  0.000% neg 0  invalid 762 tFOTS 0.0000 tGradient 2.6540 tsec 2.9480
setting smoothness cost coefficient to 2.353

#GCAMreg# pass 0 level1 3 level2 0 tsec 0 sigma 2
l_jacobian=1.00 l_label=1.00 l_log_likelihood=0.20 l_smoothness=2.35 
tol=2.50e-01, dt=5.00e-02, exp_k=20.0, momentum=0.90, levels=6, niter=500, lbl_dist=10.00, avgs=16, sigma=2.0,type=2, relabel=0, neg=no

blurring input image with Gaussian with sigma=2.000...
GCAMRegisterLevel(): init RMS 0.658386
#FOTS# QuadFit found better minimum quadopt=(dt=1.6,rms=0.6578) vs oldopt=(dt=2,rms=0.657818)
#GCMRL#   49 dt   1.600000 rms  0.658  0.089% neg 0  invalid 762 tFOTS 4.0620 tGradient 2.4470 tsec 6.8320
#FOTS# QuadFit found better minimum quadopt=(dt=0.00117187,rms=0.657761) vs oldopt=(dt=0.00195312,rms=0.657761)
#GCMRL#   50 dt   0.001172 rms  0.658  0.000% neg 0  invalid 762 tFOTS 3.9690 tGradient 1.9610 tsec 6.2730

#GCAMreg# pass 0 level1 3 level2 1 tsec 24.657 sigma 0.5
l_jacobian=1.00 l_label=1.00 l_log_likelihood=0.20 l_smoothness=2.35 
tol=2.50e-01, dt=5.00e-02, exp_k=20.0, momentum=0.90, levels=6, niter=500, lbl_dist=10.00, avgs=16, sigma=0.5,type=2, relabel=0, neg=no

blurring input image with Gaussian with sigma=0.500...
GCAMRegisterLevel(): init RMS 0.658248
#FOTS# QuadFit found better minimum quadopt=(dt=0.4,rms=0.657751) vs oldopt=(dt=0.5,rms=0.657752)
#GCMRL#   52 dt   0.400000 rms  0.658  0.076% neg 0  invalid 762 tFOTS 4.4700 tGradient 2.0560 tsec 6.8660
#GCMRL#   53 dt   0.031250 rms  0.658  0.000% neg 0  invalid 762 tFOTS 4.4340 tGradient 2.0050 tsec 6.8580
setting smoothness cost coefficient to 8.000

#GCAMreg# pass 0 level1 2 level2 0 tsec 0 sigma 2
l_jacobian=1.00 l_label=1.00 l_log_likelihood=0.20 l_smoothness=8.00 
tol=2.50e-01, dt=5.00e-02, exp_k=20.0, momentum=0.90, levels=6, niter=500, lbl_dist=10.00, avgs=4, sigma=2.0,type=2, relabel=0, neg=no

blurring input image with Gaussian with sigma=2.000...
GCAMRegisterLevel(): init RMS 0.728976
#FOTS# QuadFit found better minimum quadopt=(dt=2.42751,rms=0.704123) vs oldopt=(dt=2.88,rms=0.704987)
#GCMRL#   55 dt   2.427509 rms  0.704  3.409% neg 0  invalid 762 tFOTS 4.4900 tGradient 1.9360 tsec 6.7790
#FOTS# QuadFit found better minimum quadopt=(dt=1.9292,rms=0.70092) vs oldopt=(dt=2.88,rms=0.701726)
#GCMRL#   56 dt   1.929204 rms  0.701  0.455% neg 0  invalid 762 tFOTS 4.2990 tGradient 2.3620 tsec 6.9990
#FOTS# QuadFit found better minimum quadopt=(dt=1.25,rms=0.700395) vs oldopt=(dt=0.72,rms=0.700501)
#GCMRL#   57 dt   1.250000 rms  0.700  0.000% neg 0  invalid 762 tFOTS 4.5270 tGradient 2.1660 tsec 7.0680

#GCAMreg# pass 0 level1 2 level2 1 tsec 32.815 sigma 0.5
l_jacobian=1.00 l_label=1.00 l_log_likelihood=0.20 l_smoothness=8.00 
tol=2.50e-01, dt=5.00e-02, exp_k=20.0, momentum=0.90, levels=6, niter=500, lbl_dist=10.00, avgs=4, sigma=0.5,type=2, relabel=0, neg=no

blurring input image with Gaussian with sigma=0.500...
GCAMRegisterLevel(): init RMS 0.700751
#GCMRL#   59 dt   0.000000 rms  0.700  0.048% neg 0  invalid 762 tFOTS 4.4270 tGradient 2.1480 tsec 6.9270
setting smoothness cost coefficient to 20.000

#GCAMreg# pass 0 level1 1 level2 0 tsec 0 sigma 2
l_jacobian=1.00 l_label=1.00 l_log_likelihood=0.20 l_smoothness=20.00 
tol=2.50e-01, dt=5.00e-02, exp_k=20.0, momentum=0.90, levels=6, niter=500, lbl_dist=10.00, avgs=1, sigma=2.0,type=2, relabel=0, neg=no

blurring input image with Gaussian with sigma=2.000...
GCAMRegisterLevel(): init RMS 0.74907
#FOTS# QuadFit found better minimum quadopt=(dt=0.384,rms=0.747241) vs oldopt=(dt=0.32,rms=0.747294)
#GCMRL#   61 dt   0.384000 rms  0.747  0.244% neg 0  invalid 762 tFOTS 4.6070 tGradient 1.9870 tsec 6.9310
#FOTS# QuadFit found better minimum quadopt=(dt=0.916959,rms=0.741318) vs oldopt=(dt=1.28,rms=0.74199)
#GCMRL#   62 dt   0.916959 rms  0.741  0.793% neg 0  invalid 762 tFOTS 4.3400 tGradient 1.8220 tsec 6.4750
#FOTS# QuadFit found better minimum quadopt=(dt=0.112,rms=0.740348) vs oldopt=(dt=0.08,rms=0.740561)
#GCMRL#   63 dt   0.112000 rms  0.740  0.000% neg 0  invalid 762 tFOTS 4.0120 tGradient 1.3530 tsec 5.6970
#GCMRL#   64 dt   0.112000 rms  0.740  0.054% neg 0  invalid 762 tFOTS 0.0000 tGradient 1.3260 tsec 1.5750
#GCMRL#   65 dt   0.112000 rms  0.740  0.015% neg 0  invalid 762 tFOTS 0.0000 tGradient 1.3780 tsec 1.6390
#GCMRL#   66 dt   0.112000 rms  0.740  0.016% neg 0  invalid 762 tFOTS 0.0000 tGradient 1.3140 tsec 1.5820
#GCMRL#   67 dt   0.112000 rms  0.739  0.146% neg 0  invalid 762 tFOTS 0.0000 tGradient 1.4290 tsec 1.7180
#GCMRL#   68 dt   0.112000 rms  0.737  0.252% neg 0  invalid 762 tFOTS 0.0000 tGradient 1.4060 tsec 1.6930
#GCMRL#   69 dt   0.112000 rms  0.735  0.224% neg 0  invalid 762 tFOTS 0.0000 tGradient 1.4130 tsec 1.7030
#GCMRL#   70 dt   0.112000 rms  0.734  0.132% neg 0  invalid 762 tFOTS 0.0000 tGradient 1.4300 tsec 1.7590
#GCMRL#   71 dt   0.112000 rms  0.734  0.068% neg 0  invalid 762 tFOTS 0.0000 tGradient 1.8070 tsec 2.0870
#GCMRL#   72 dt   0.112000 rms  0.734 -0.021% neg 0  invalid 762 tFOTS 0.0000 tGradient 1.3630 tsec 1.8300
#GCMRL#   73 dt   0.020000 rms  0.734  0.000% neg 0  invalid 762 tFOTS 3.8690 tGradient 1.4060 tsec 5.5730
#FOTS# QuadFit found better minimum quadopt=(dt=0.016,rms=0.733709) vs oldopt=(dt=0.02,rms=0.733709)

#GCAMreg# pass 0 level1 1 level2 1 tsec 54.955 sigma 0.5
l_jacobian=1.00 l_label=1.00 l_log_likelihood=0.20 l_smoothness=20.00 
tol=2.50e-01, dt=5.00e-02, exp_k=20.0, momentum=0.90, levels=6, niter=500, lbl_dist=10.00, avgs=1, sigma=0.5,type=2, relabel=0, neg=no

blurring input image with Gaussian with sigma=0.500...
GCAMRegisterLevel(): init RMS 0.733981
#GCMRL#   75 dt   0.080000 rms  0.734  0.044% neg 0  invalid 762 tFOTS 3.7060 tGradient 1.4100 tsec 5.3860
#FOTS# QuadFit found better minimum quadopt=(dt=0.112,rms=0.73361) vs oldopt=(dt=0.08,rms=0.733614)
#GCMRL#   76 dt   0.112000 rms  0.734  0.000% neg 0  invalid 762 tFOTS 3.3090 tGradient 1.2880 tsec 4.8820
#GCMRL#   77 dt   0.112000 rms  0.734  0.009% neg 0  invalid 762 tFOTS 0.0000 tGradient 1.2330 tsec 1.4730
#GCMRL#   78 dt   0.112000 rms  0.733  0.025% neg 0  invalid 762 tFOTS 0.0000 tGradient 1.6160 tsec 1.8490
#GCMRL#   79 dt   0.112000 rms  0.733  0.024% neg 0  invalid 762 tFOTS 0.0000 tGradient 1.3840 tsec 1.6250
#GCMRL#   80 dt   0.112000 rms  0.733  0.035% neg 0  invalid 762 tFOTS 0.0000 tGradient 1.2160 tsec 1.4630
#GCMRL#   81 dt   0.112000 rms  0.733  0.044% neg 0  invalid 762 tFOTS 0.0000 tGradient 1.2350 tsec 1.4730
resetting metric properties...
setting smoothness cost coefficient to 40.000

#GCAMreg# pass 0 level1 0 level2 0 tsec 0 sigma 2
l_jacobian=1.00 l_label=1.00 l_log_likelihood=0.20 l_smoothness=40.00 
tol=2.50e-01, dt=5.00e-02, exp_k=20.0, momentum=0.90, levels=6, niter=500, lbl_dist=10.00, avgs=0, sigma=2.0,type=2, relabel=0, neg=no

blurring input image with Gaussian with sigma=2.000...
GCAMRegisterLevel(): init RMS 0.705223
#FOTS# QuadFit found better minimum quadopt=(dt=0.194444,rms=0.701176) vs oldopt=(dt=0.32,rms=0.702367)
#GCMRL#   83 dt   0.194444 rms  0.701  0.574% neg 0  invalid 762 tFOTS 3.3890 tGradient 1.0660 tsec 4.7430
#GCMRL#   84 dt   0.020000 rms  0.701  0.000% neg 0  invalid 762 tFOTS 3.7740 tGradient 0.7730 tsec 4.8950

#GCAMreg# pass 0 level1 0 level2 1 tsec 20.048 sigma 0.5
l_jacobian=1.00 l_label=1.00 l_log_likelihood=0.20 l_smoothness=40.00 
tol=2.50e-01, dt=5.00e-02, exp_k=20.0, momentum=0.90, levels=6, niter=500, lbl_dist=10.00, avgs=0, sigma=0.5,type=2, relabel=0, neg=no

blurring input image with Gaussian with sigma=0.500...
GCAMRegisterLevel(): init RMS 0.701328
#FOTS# QuadFit found better minimum quadopt=(dt=0.007,rms=0.701011) vs oldopt=(dt=0.005,rms=0.701014)
#GCMRL#   86 dt   0.007000 rms  0.701  0.045% neg 0  invalid 762 tFOTS 4.3140 tGradient 0.9690 tsec 5.6090
GCAMregister done in 7.78752 min
Starting GCAmapRenormalizeWithAlignment() without scales
renormalizing by structure alignment....
renormalizing input #0
gca peak = 0.10253 (16)
mri peak = 0.10337 (37)
Left_Lateral_Ventricle (4): linear fit = 2.22 x + 0.0 (1323 voxels, overlap=0.052)
Left_Lateral_Ventricle (4): linear fit = 1.50 x + 0.0 (1323 voxels, peak = 36), gca=24.0
gca peak = 0.17690 (16)
mri peak = 0.06635 (52)
Right_Lateral_Ventricle (43): linear fit = 2.52 x + 0.0 (1450 voxels, overlap=0.075)
Right_Lateral_Ventricle (43): linear fit = 1.50 x + 0.0 (1450 voxels, peak = 40), gca=24.0
gca peak = 0.28275 (96)
mri peak = 0.13125 (93)
Right_Pallidum (52): linear fit = 0.96 x + 0.0 (1148 voxels, overlap=0.912)
Right_Pallidum (52): linear fit = 0.96 x + 0.0 (1148 voxels, peak = 93), gca=92.6
gca peak = 0.18948 (93)
mri peak = 0.09466 (90)
Left_Pallidum (13): linear fit = 0.95 x + 0.0 (1000 voxels, overlap=0.748)
Left_Pallidum (13): linear fit = 0.95 x + 0.0 (1000 voxels, peak = 89), gca=88.8
gca peak = 0.20755 (55)
mri peak = 0.09456 (62)
Right_Hippocampus (53): linear fit = 1.12 x + 0.0 (1193 voxels, overlap=0.558)
Right_Hippocampus (53): linear fit = 1.12 x + 0.0 (1193 voxels, peak = 61), gca=61.3
gca peak = 0.31831 (58)
mri peak = 0.07001 (63)
Left_Hippocampus (17): linear fit = 1.10 x + 0.0 (1258 voxels, overlap=0.886)
Left_Hippocampus (17): linear fit = 1.10 x + 0.0 (1258 voxels, peak = 64), gca=63.5
gca peak = 0.11957 (102)
mri peak = 0.11388 (103)
Right_Cerebral_White_Matter (41): linear fit = 1.02 x + 0.0 (76126 voxels, overlap=0.711)
Right_Cerebral_White_Matter (41): linear fit = 1.02 x + 0.0 (76126 voxels, peak = 105), gca=104.5
gca peak = 0.11429 (102)
mri peak = 0.10701 (103)
Left_Cerebral_White_Matter (2): linear fit = 1.01 x + 0.0 (79013 voxels, overlap=0.729)
Left_Cerebral_White_Matter (2): linear fit = 1.01 x + 0.0 (79013 voxels, peak = 104), gca=103.5
gca peak = 0.14521 (59)
mri peak = 0.03961 (61)
Left_Cerebral_Cortex (3): linear fit = 1.02 x + 0.0 (34853 voxels, overlap=0.975)
Left_Cerebral_Cortex (3): linear fit = 1.02 x + 0.0 (34853 voxels, peak = 60), gca=60.5
gca peak = 0.14336 (58)
mri peak = 0.04022 (58)
Right_Cerebral_Cortex (42): linear fit = 1.02 x + 0.0 (36513 voxels, overlap=0.989)
Right_Cerebral_Cortex (42): linear fit = 1.02 x + 0.0 (36513 voxels, peak = 59), gca=59.4
gca peak = 0.13305 (70)
mri peak = 0.08436 (66)
Right_Caudate (50): linear fit = 1.00 x + 0.0 (1089 voxels, overlap=0.989)
Right_Caudate (50): linear fit = 1.00 x + 0.0 (1089 voxels, peak = 70), gca=70.0
gca peak = 0.15761 (71)
mri peak = 0.08247 (66)
Left_Caudate (11): linear fit = 0.90 x + 0.0 (1234 voxels, overlap=0.821)
Left_Caudate (11): linear fit = 0.90 x + 0.0 (1234 voxels, peak = 64), gca=64.3
gca peak = 0.13537 (57)
mri peak = 0.03689 (53)
Left_Cerebellum_Cortex (8): linear fit = 1.04 x + 0.0 (31388 voxels, overlap=0.966)
Left_Cerebellum_Cortex (8): linear fit = 1.04 x + 0.0 (31388 voxels, peak = 60), gca=59.6
gca peak = 0.13487 (56)
mri peak = 0.04008 (55)
Right_Cerebellum_Cortex (47): linear fit = 1.04 x + 0.0 (40211 voxels, overlap=0.968)
Right_Cerebellum_Cortex (47): linear fit = 1.04 x + 0.0 (40211 voxels, peak = 59), gca=58.5
gca peak = 0.19040 (84)
mri peak = 0.10076 (86)
Left_Cerebellum_White_Matter (7): linear fit = 1.03 x + 0.0 (11285 voxels, overlap=0.668)
Left_Cerebellum_White_Matter (7): linear fit = 1.03 x + 0.0 (11285 voxels, peak = 87), gca=86.9
gca peak = 0.18871 (83)
mri peak = 0.12595 (85)
Right_Cerebellum_White_Matter (46): linear fit = 1.03 x + 0.0 (9919 voxels, overlap=0.696)
Right_Cerebellum_White_Matter (46): linear fit = 1.03 x + 0.0 (9919 voxels, peak = 86), gca=85.9
gca peak = 0.24248 (57)
mri peak = 0.09480 (70)
Left_Amygdala (18): linear fit = 1.23 x + 0.0 (542 voxels, overlap=0.057)
Left_Amygdala (18): linear fit = 1.23 x + 0.0 (542 voxels, peak = 70), gca=69.8
gca peak = 0.35833 (56)
mri peak = 0.11607 (72)
Right_Amygdala (54): linear fit = 1.23 x + 0.0 (676 voxels, overlap=0.033)
Right_Amygdala (54): linear fit = 1.23 x + 0.0 (676 voxels, peak = 69), gca=68.6
gca peak = 0.12897 (85)
mri peak = 0.06514 (91)
Left_Thalamus (10): linear fit = 1.03 x + 0.0 (6198 voxels, overlap=0.831)
Left_Thalamus (10): linear fit = 1.03 x + 0.0 (6198 voxels, peak = 88), gca=88.0
gca peak = 0.13127 (83)
mri peak = 0.08197 (88)
Right_Thalamus (49): linear fit = 1.03 x + 0.0 (5268 voxels, overlap=0.919)
Right_Thalamus (49): linear fit = 1.03 x + 0.0 (5268 voxels, peak = 86), gca=85.9
gca peak = 0.12974 (78)
mri peak = 0.06712 (74)
Left_Putamen (12): linear fit = 0.98 x + 0.0 (2774 voxels, overlap=0.998)
Left_Putamen (12): linear fit = 0.98 x + 0.0 (2774 voxels, peak = 76), gca=76.1
gca peak = 0.17796 (79)
mri peak = 0.08047 (81)
Right_Putamen (51): linear fit = 1.02 x + 0.0 (2885 voxels, overlap=0.919)
Right_Putamen (51): linear fit = 1.02 x + 0.0 (2885 voxels, peak = 81), gca=81.0
gca peak = 0.10999 (80)
mri peak = 0.08604 (88)
Brain_Stem (16): linear fit = 1.10 x + 0.0 (15267 voxels, overlap=0.415)
Brain_Stem (16): linear fit = 1.10 x + 0.0 (15267 voxels, peak = 88), gca=87.6
gca peak = 0.13215 (88)
mri peak = 0.07412 (86)
Right_VentralDC (60): linear fit = 1.03 x + 0.0 (1821 voxels, overlap=0.673)
Right_VentralDC (60): linear fit = 1.03 x + 0.0 (1821 voxels, peak = 91), gca=91.1
gca peak = 0.11941 (89)
mri peak = 0.07919 (89)
Left_VentralDC (28): linear fit = 1.02 x + 0.0 (1934 voxels, overlap=0.668)
Left_VentralDC (28): linear fit = 1.02 x + 0.0 (1934 voxels, peak = 91), gca=91.2
gca peak = 0.20775 (25)
mri peak = 0.16672 (52)
gca peak = 0.13297 (21)
mri peak = 0.18856 (15)
Fourth_Ventricle (15): linear fit = 0.70 x + 0.0 (365 voxels, overlap=0.461)
Fourth_Ventricle (15): linear fit = 0.70 x + 0.0 (365 voxels, peak = 15), gca=14.8
gca peak Unknown = 0.94777 ( 0)
gca peak Left_Inf_Lat_Vent = 0.19087 (28)
gca peak Third_Ventricle = 0.20775 (25)
gca peak CSF = 0.16821 (33)
gca peak Left_Accumbens_area = 0.32850 (63)
gca peak Left_undetermined = 0.98480 (28)
gca peak Left_vessel = 0.40887 (53)
gca peak Left_choroid_plexus = 0.10898 (46)
gca peak Right_Inf_Lat_Vent = 0.17798 (26)
gca peak Right_Accumbens_area = 0.30137 (64)
gca peak Right_vessel = 0.47828 (52)
gca peak Right_choroid_plexus = 0.11612 (45)
gca peak Fifth_Ventricle = 0.59466 (35)
gca peak WM_hypointensities = 0.10053 (78)
gca peak non_WM_hypointensities = 0.07253 (60)
gca peak Optic_Chiasm = 0.25330 (73)
not using caudate to estimate GM means
estimating mean gm scale to be 1.12 x + 0.0
estimating mean wm scale to be 1.02 x + 0.0
estimating mean csf scale to be 1.24 x + 0.0
saving intensity scales to talairach.label_intensities.txt
GCAmapRenormalizeWithAlignment() took 2.12695 min
noneg pre
Starting GCAMregister()
label assignment complete, 0 changed (0.00%)
npasses = 1, nlevels = 6
#pass# 1 of 1 ************************
enabling zero nodes
setting smoothness cost coefficient to 0.008

#GCAMreg# pass 0 level1 5 level2 0 tsec 0 sigma 2
l_jacobian=1.00 l_label=1.00 l_log_likelihood=0.20 l_smoothness=0.01 
tol=5.00e-02, dt=5.00e-02, exp_k=20.0, momentum=0.90, levels=6, niter=500, lbl_dist=10.00, avgs=256, sigma=2.0,type=2, relabel=0, neg=no

blurring input image with Gaussian with sigma=2.000...
GCAMRegisterLevel(): init RMS 0.699927
#FOTS# QuadFit found better minimum quadopt=(dt=258.265,rms=0.674434) vs oldopt=(dt=369.92,rms=0.678153)
#GCMRL#   88 dt 258.265487 rms  0.674  3.642% neg 0  invalid 762 tFOTS 4.3110 tGradient 2.1220 tsec 6.7640
#FOTS# QuadFit found better minimum quadopt=(dt=163.2,rms=0.668716) vs oldopt=(dt=92.48,rms=0.67004)
#GCMRL#   89 dt 163.200000 rms  0.669  0.848% neg 0  invalid 762 tFOTS 4.6140 tGradient 2.3690 tsec 7.3330
#FOTS# QuadFit found better minimum quadopt=(dt=295.936,rms=0.664532) vs oldopt=(dt=369.92,rms=0.665063)
#GCMRL#   90 dt 295.936000 rms  0.665  0.626% neg 0  invalid 762 tFOTS 4.6320 tGradient 2.3170 tsec 7.2640
#FOTS# QuadFit found better minimum quadopt=(dt=110.976,rms=0.661802) vs oldopt=(dt=92.48,rms=0.661896)
#GCMRL#   91 dt 110.976000 rms  0.662  0.411% neg 0  invalid 762 tFOTS 4.7300 tGradient 2.2500 tsec 7.2990
#FOTS# QuadFit found better minimum quadopt=(dt=517.888,rms=0.658332) vs oldopt=(dt=369.92,rms=0.658933)
#GCMRL#   92 dt 517.888000 rms  0.658  0.524% neg 0  invalid 762 tFOTS 4.4680 tGradient 2.3700 tsec 7.1640
#FOTS# QuadFit found better minimum quadopt=(dt=129.472,rms=0.657183) vs oldopt=(dt=92.48,rms=0.657255)
#GCMRL#   93 dt 129.472000 rms  0.657  0.174% neg 0  invalid 762 tFOTS 4.3090 tGradient 2.3220 tsec 6.9490
#GCMRL#   94 dt 369.920000 rms  0.656  0.191% neg 0  invalid 762 tFOTS 4.4290 tGradient 2.2980 tsec 7.0420
#FOTS# QuadFit found better minimum quadopt=(dt=110.976,rms=0.655003) vs oldopt=(dt=92.48,rms=0.655047)
#GCMRL#   95 dt 110.976000 rms  0.655  0.141% neg 0  invalid 762 tFOTS 4.5330 tGradient 2.2820 tsec 7.1370
#FOTS# QuadFit found better minimum quadopt=(dt=1183.74,rms=0.652434) vs oldopt=(dt=1479.68,rms=0.652583)
#GCMRL#   96 dt 1183.744000 rms  0.652  0.392% neg 0  invalid 762 tFOTS 4.7230 tGradient 2.6910 tsec 7.7060
#GCMRL#   97 dt  92.480000 rms  0.651  0.267% neg 0  invalid 762 tFOTS 4.4190 tGradient 2.2100 tsec 6.9590
#FOTS# QuadFit found better minimum quadopt=(dt=2071.55,rms=0.648062) vs oldopt=(dt=1479.68,rms=0.648257)
#GCMRL#   98 dt 2071.552000 rms  0.648  0.404% neg 0  invalid 762 tFOTS 5.0900 tGradient 2.2920 tsec 7.6910
#FOTS# QuadFit found better minimum quadopt=(dt=110.976,rms=0.646281) vs oldopt=(dt=92.48,rms=0.646324)
#GCMRL#   99 dt 110.976000 rms  0.646  0.275% neg 0  invalid 762 tFOTS 5.1060 tGradient 2.2380 tsec 7.6430
#FOTS# QuadFit found better minimum quadopt=(dt=295.936,rms=0.645935) vs oldopt=(dt=369.92,rms=0.645983)
#GCMRL#  100 dt 295.936000 rms  0.646  0.054% neg 0  invalid 762 tFOTS 4.9740 tGradient 2.2260 tsec 7.5050
#FOTS# QuadFit found better minimum quadopt=(dt=129.472,rms=0.645659) vs oldopt=(dt=92.48,rms=0.645678)
#GCMRL#  101 dt 129.472000 rms  0.646  0.000% neg 0  invalid 762 tFOTS 5.0800 tGradient 2.2850 tsec 7.7480
#GCMRL#  102 dt 129.472000 rms  0.645  0.029% neg 0  invalid 762 tFOTS 0.0000 tGradient 2.2670 tsec 2.5290
#GCMRL#  103 dt 129.472000 rms  0.645  0.044% neg 0  invalid 762 tFOTS 0.0000 tGradient 2.3410 tsec 2.6320
#GCMRL#  104 dt 129.472000 rms  0.645  0.067% neg 0  invalid 762 tFOTS 0.0000 tGradient 2.2770 tsec 2.5300
#GCMRL#  105 dt 129.472000 rms  0.644  0.077% neg 0  invalid 762 tFOTS 0.0000 tGradient 2.2720 tsec 2.5480
#GCMRL#  106 dt 129.472000 rms  0.644  0.093% neg 0  invalid 762 tFOTS 0.0000 tGradient 2.2850 tsec 2.5480
#GCMRL#  107 dt 129.472000 rms  0.643  0.101% neg 0  invalid 762 tFOTS 0.0000 tGradient 2.3300 tsec 2.5910
#GCMRL#  108 dt 129.472000 rms  0.642  0.098% neg 0  invalid 762 tFOTS 0.0000 tGradient 2.2950 tsec 2.5470
#GCMRL#  109 dt 129.472000 rms  0.642  0.093% neg 0  invalid 762 tFOTS 0.0000 tGradient 2.3920 tsec 2.6430
#GCMRL#  110 dt 129.472000 rms  0.641  0.096% neg 0  invalid 762 tFOTS 0.0000 tGradient 2.1700 tsec 2.5190
#GCMRL#  111 dt 129.472000 rms  0.641  0.098% neg 0  invalid 762 tFOTS 0.0000 tGradient 2.3050 tsec 2.5610
#GCMRL#  112 dt 129.472000 rms  0.640  0.090% neg 0  invalid 762 tFOTS 0.0000 tGradient 2.2680 tsec 2.5570
#GCMRL#  113 dt 129.472000 rms  0.639  0.082% neg 0  invalid 762 tFOTS 0.0000 tGradient 2.2880 tsec 2.5490
#GCMRL#  114 dt 129.472000 rms  0.639  0.078% neg 0  invalid 762 tFOTS 0.0000 tGradient 2.2290 tsec 2.5820
#GCMRL#  115 dt 129.472000 rms  0.638  0.072% neg 0  invalid 762 tFOTS 0.0000 tGradient 2.3680 tsec 2.6290
#GCMRL#  116 dt 129.472000 rms  0.638  0.076% neg 0  invalid 762 tFOTS 0.0000 tGradient 2.2840 tsec 2.5770
#GCMRL#  117 dt 129.472000 rms  0.638  0.075% neg 0  invalid 762 tFOTS 0.0000 tGradient 2.3620 tsec 2.6980
#GCMRL#  118 dt 129.472000 rms  0.637  0.064% neg 0  invalid 762 tFOTS 0.0000 tGradient 2.5490 tsec 2.8100
#GCMRL#  119 dt 129.472000 rms  0.637  0.053% neg 0  invalid 762 tFOTS 0.0000 tGradient 2.4780 tsec 2.8440
#GCMRL#  120 dt 129.472000 rms  0.636  0.073% neg 0  invalid 762 tFOTS 0.0000 tGradient 2.3650 tsec 2.6490
#GCMRL#  121 dt 129.472000 rms  0.636  0.072% neg 0  invalid 762 tFOTS 0.0000 tGradient 2.5540 tsec 2.8090
#GCMRL#  122 dt 129.472000 rms  0.636  0.054% neg 0  invalid 762 tFOTS 0.0000 tGradient 2.4160 tsec 2.7930
#GCMRL#  123 dt 129.472000 rms  0.635  0.058% neg 0  invalid 762 tFOTS 0.0000 tGradient 2.3430 tsec 2.6260
#GCMRL#  124 dt 129.472000 rms  0.635  0.058% neg 0  invalid 762 tFOTS 0.0000 tGradient 2.5050 tsec 2.7580
#GCMRL#  125 dt 129.472000 rms  0.634  0.059% neg 0  invalid 762 tFOTS 0.0000 tGradient 2.4440 tsec 2.7170
#GCMRL#  126 dt 129.472000 rms  0.634  0.069% neg 0  invalid 762 tFOTS 0.0000 tGradient 2.6450 tsec 2.9130
#GCMRL#  127 dt 129.472000 rms  0.634  0.065% neg 0  invalid 762 tFOTS 0.0000 tGradient 2.4940 tsec 2.8550
#GCMRL#  128 dt 129.472000 rms  0.633  0.064% neg 0  invalid 762 tFOTS 0.0000 tGradient 2.5160 tsec 2.8870
#GCMRL#  129 dt 129.472000 rms  0.633  0.058% neg 0  invalid 762 tFOTS 0.0000 tGradient 2.5170 tsec 2.8760
#GCMRL#  130 dt 129.472000 rms  0.632  0.052% neg 0  invalid 762 tFOTS 0.0000 tGradient 2.5920 tsec 2.8500
#GCMRL#  131 dt 129.472000 rms  0.632  0.065% neg 0  invalid 762 tFOTS 0.0000 tGradient 2.4740 tsec 2.8000
#GCMRL#  132 dt 129.472000 rms  0.632  0.058% neg 0  invalid 762 tFOTS 0.0000 tGradient 2.3960 tsec 2.7620
#GCMRL#  133 dt 129.472000 rms  0.631  0.054% neg 0  invalid 762 tFOTS 0.0000 tGradient 2.4620 tsec 2.7270
#GCMRL#  134 dt 129.472000 rms  0.631  0.057% neg 0  invalid 762 tFOTS 0.0000 tGradient 2.4120 tsec 2.7820
#GCMRL#  135 dt 129.472000 rms  0.631  0.060% neg 0  invalid 762 tFOTS 0.0000 tGradient 2.3420 tsec 2.5890
#GCMRL#  136 dt 129.472000 rms  0.630  0.062% neg 0  invalid 762 tFOTS 0.0000 tGradient 2.4870 tsec 2.7270
#GCMRL#  137 dt 129.472000 rms  0.630  0.064% neg 0  invalid 762 tFOTS 0.0000 tGradient 2.3850 tsec 2.7350
#GCMRL#  138 dt 129.472000 rms  0.629  0.059% neg 0  invalid 762 tFOTS 0.0000 tGradient 2.4230 tsec 2.7640
#GCMRL#  139 dt 129.472000 rms  0.629  0.054% neg 0  invalid 762 tFOTS 0.0000 tGradient 2.4770 tsec 2.7440
#GCMRL#  140 dt 129.472000 rms  0.629  0.050% neg 0  invalid 762 tFOTS 0.0000 tGradient 2.6280 tsec 2.9530
#GCMRL#  141 dt 129.472000 rms  0.628  0.048% neg 0  invalid 762 tFOTS 0.0000 tGradient 2.4800 tsec 2.8170
#GCMRL#  142 dt 129.472000 rms  0.628  0.047% neg 0  invalid 762 tFOTS 0.0000 tGradient 2.6730 tsec 2.9400
#GCMRL#  143 dt 129.472000 rms  0.628  0.039% neg 0  invalid 762 tFOTS 0.0000 tGradient 2.5060 tsec 2.7910
#GCMRL#  144 dt 129.472000 rms  0.628  0.042% neg 0  invalid 762 tFOTS 0.0000 tGradient 2.6780 tsec 2.9710
#GCMRL#  145 dt 129.472000 rms  0.627  0.048% neg 0  invalid 762 tFOTS 0.0000 tGradient 2.6340 tsec 2.9130
#GCMRL#  146 dt 129.472000 rms  0.627  0.044% neg 0  invalid 762 tFOTS 0.0000 tGradient 2.3690 tsec 2.6330
#GCMRL#  147 dt 129.472000 rms  0.627  0.041% neg 0  invalid 762 tFOTS 0.0000 tGradient 2.6360 tsec 2.9320
#GCMRL#  148 dt 129.472000 rms  0.627  0.045% neg 0  invalid 762 tFOTS 0.0000 tGradient 2.6780 tsec 3.0140
#GCMRL#  149 dt 129.472000 rms  0.626  0.050% neg 0  invalid 762 tFOTS 0.0000 tGradient 2.4540 tsec 2.7110
#GCMRL#  150 dt 129.472000 rms  0.626  0.032% neg 0  invalid 762 tFOTS 0.0000 tGradient 2.2650 tsec 2.5240
#GCMRL#  151 dt 129.472000 rms  0.626  0.034% neg 0  invalid 762 tFOTS 0.0000 tGradient 2.3260 tsec 2.5750
#GCMRL#  152 dt 129.472000 rms  0.626  0.045% neg 0  invalid 762 tFOTS 0.0000 tGradient 2.2680 tsec 2.5200
#GCMRL#  153 dt 129.472000 rms  0.625  0.035% neg 0  invalid 762 tFOTS 0.0000 tGradient 2.2030 tsec 2.4620
#GCMRL#  154 dt 129.472000 rms  0.625  0.036% neg 0  invalid 762 tFOTS 0.0000 tGradient 2.3410 tsec 2.5970
#GCMRL#  155 dt 129.472000 rms  0.625  0.033% neg 0  invalid 762 tFOTS 0.0000 tGradient 2.4700 tsec 2.7220
#GCMRL#  156 dt 129.472000 rms  0.625  0.031% neg 0  invalid 762 tFOTS 0.0000 tGradient 2.7100 tsec 3.0090
#GCMRL#  157 dt 129.472000 rms  0.624  0.035% neg 0  invalid 762 tFOTS 0.0000 tGradient 2.6720 tsec 2.9710
#GCMRL#  158 dt 129.472000 rms  0.624  0.022% neg 0  invalid 762 tFOTS 0.0000 tGradient 2.8610 tsec 3.1470
#GCMRL#  159 dt 129.472000 rms  0.624  0.033% neg 0  invalid 762 tFOTS 0.0000 tGradient 2.7600 tsec 3.0450
#GCMRL#  160 dt 129.472000 rms  0.624  0.033% neg 0  invalid 762 tFOTS 0.0000 tGradient 2.6830 tsec 2.9710
#GCMRL#  161 dt 129.472000 rms  0.624  0.030% neg 0  invalid 762 tFOTS 0.0000 tGradient 2.6740 tsec 2.9580
#GCMRL#  162 dt 129.472000 rms  0.624  0.028% neg 0  invalid 762 tFOTS 0.0000 tGradient 2.5930 tsec 2.8820
#GCMRL#  163 dt 129.472000 rms  0.623  0.031% neg 0  invalid 762 tFOTS 0.0000 tGradient 2.7000 tsec 2.9930
#GCMRL#  164 dt 129.472000 rms  0.623  0.029% neg 0  invalid 762 tFOTS 0.0000 tGradient 2.6210 tsec 2.9050
#GCMRL#  165 dt 129.472000 rms  0.623  0.028% neg 0  invalid 762 tFOTS 0.0000 tGradient 2.4340 tsec 2.7020
#GCMRL#  166 dt 129.472000 rms  0.623  0.024% neg 0  invalid 762 tFOTS 0.0000 tGradient 2.5150 tsec 2.8070
#GCMRL#  167 dt 129.472000 rms  0.623  0.021% neg 0  invalid 762 tFOTS 0.0000 tGradient 2.4020 tsec 2.6430
#FOTS# QuadFit found better minimum quadopt=(dt=1775.62,rms=0.622561) vs oldopt=(dt=1479.68,rms=0.622567)
#GCMRL#  168 dt 1775.616000 rms  0.623  0.029% neg 0  invalid 762 tFOTS 4.7360 tGradient 2.7720 tsec 7.8260
#FOTS# QuadFit found better minimum quadopt=(dt=55.488,rms=0.622531) vs oldopt=(dt=92.48,rms=0.622543)
#GCMRL#  169 dt  55.488000 rms  0.623  0.000% neg 0  invalid 762 tFOTS 3.8140 tGradient 2.6100 tsec 6.6870
#GCMRL#  170 dt  55.488000 rms  0.623  0.000% neg 0  invalid 762 tFOTS 0.0000 tGradient 2.0590 tsec 2.2870

#GCAMreg# pass 0 level1 5 level2 1 tsec 311.838 sigma 0.5
l_jacobian=1.00 l_label=1.00 l_log_likelihood=0.20 l_smoothness=0.01 
tol=5.00e-02, dt=5.00e-02, exp_k=20.0, momentum=0.90, levels=6, niter=500, lbl_dist=10.00, avgs=256, sigma=0.5,type=2, relabel=0, neg=no

blurring input image with Gaussian with sigma=0.500...
GCAMRegisterLevel(): init RMS 0.622911
#GCMRL#  172 dt 369.920000 rms  0.622  0.215% neg 0  invalid 762 tFOTS 3.3780 tGradient 2.0330 tsec 5.6490
#FOTS# QuadFit found better minimum quadopt=(dt=129.472,rms=0.621329) vs oldopt=(dt=92.48,rms=0.621363)
#GCMRL#  173 dt 129.472000 rms  0.621  0.000% neg 0  invalid 762 tFOTS 3.6650 tGradient 2.1820 tsec 6.1290
#GCMRL#  174 dt 129.472000 rms  0.621  0.018% neg 0  invalid 762 tFOTS 0.0000 tGradient 2.1720 tsec 2.3940
#GCMRL#  175 dt 129.472000 rms  0.621  0.029% neg 0  invalid 762 tFOTS 0.0000 tGradient 2.1150 tsec 2.3410
#GCMRL#  176 dt 129.472000 rms  0.621  0.028% neg 0  invalid 762 tFOTS 0.0000 tGradient 2.0980 tsec 2.3130
#GCMRL#  177 dt 129.472000 rms  0.621  0.038% neg 0  invalid 762 tFOTS 0.0000 tGradient 1.9900 tsec 2.2180
#GCMRL#  178 dt 129.472000 rms  0.620  0.044% neg 0  invalid 762 tFOTS 0.0000 tGradient 2.1290 tsec 2.3550
#GCMRL#  179 dt 129.472000 rms  0.620  0.049% neg 0  invalid 762 tFOTS 0.0000 tGradient 1.9860 tsec 2.2040
#GCMRL#  180 dt 129.472000 rms  0.620  0.038% neg 0  invalid 762 tFOTS 0.0000 tGradient 1.9640 tsec 2.2010
#GCMRL#  181 dt 129.472000 rms  0.620  0.038% neg 0  invalid 762 tFOTS 0.0000 tGradient 2.2000 tsec 2.4430
#GCMRL#  182 dt 129.472000 rms  0.619  0.022% neg 0  invalid 762 tFOTS 0.0000 tGradient 2.1120 tsec 2.3430
#GCMRL#  183 dt 129.472000 rms  0.619  0.027% neg 0  invalid 762 tFOTS 0.0000 tGradient 2.0610 tsec 2.2960
#GCMRL#  184 dt 129.472000 rms  0.619  0.030% neg 0  invalid 762 tFOTS 0.0000 tGradient 2.1840 tsec 2.4230
#GCMRL#  185 dt 129.472000 rms  0.619  0.030% neg 0  invalid 762 tFOTS 0.0000 tGradient 2.0380 tsec 2.2650
#GCMRL#  186 dt 129.472000 rms  0.619  0.028% neg 0  invalid 762 tFOTS 0.0000 tGradient 2.0300 tsec 2.2420
#GCMRL#  187 dt 129.472000 rms  0.619  0.027% neg 0  invalid 762 tFOTS 0.0000 tGradient 2.0080 tsec 2.2430
#GCMRL#  188 dt 129.472000 rms  0.618  0.021% neg 0  invalid 762 tFOTS 0.0000 tGradient 1.9670 tsec 2.1860
#GCMRL#  189 dt 129.472000 rms  0.618  0.023% neg 0  invalid 762 tFOTS 0.0000 tGradient 2.0320 tsec 2.2550
#GCMRL#  190 dt 129.472000 rms  0.618  0.020% neg 0  invalid 762 tFOTS 0.0000 tGradient 2.0670 tsec 2.3170
#GCMRL#  191 dt 369.920000 rms  0.618  0.000% neg 0  invalid 762 tFOTS 3.7080 tGradient 2.1010 tsec 6.0610
setting smoothness cost coefficient to 0.031

#GCAMreg# pass 0 level1 4 level2 0 tsec 0 sigma 2
l_jacobian=1.00 l_label=1.00 l_log_likelihood=0.20 l_smoothness=0.03 
tol=5.00e-02, dt=5.00e-02, exp_k=20.0, momentum=0.90, levels=6, niter=500, lbl_dist=10.00, avgs=64, sigma=2.0,type=2, relabel=0, neg=no

blurring input image with Gaussian with sigma=2.000...
GCAMRegisterLevel(): init RMS 0.620339
#FOTS# QuadFit found better minimum quadopt=(dt=124.416,rms=0.617004) vs oldopt=(dt=103.68,rms=0.617106)
#GCMRL#  193 dt 124.416000 rms  0.617  0.538% neg 0  invalid 762 tFOTS 3.2640 tGradient 1.8410 tsec 5.3870
#FOTS# QuadFit found better minimum quadopt=(dt=331.776,rms=0.611087) vs oldopt=(dt=414.72,rms=0.611817)
#GCMRL#  194 dt 331.776000 rms  0.611  0.959% neg 0  invalid 762 tFOTS 3.3770 tGradient 1.6740 tsec 5.3090
#FOTS# QuadFit found better minimum quadopt=(dt=67.5598,rms=0.607144) vs oldopt=(dt=103.68,rms=0.608168)
#GCMRL#  195 dt  67.559763 rms  0.607  0.645% neg 0  invalid 762 tFOTS 3.3360 tGradient 1.6010 tsec 5.1790
#FOTS# QuadFit found better minimum quadopt=(dt=248.832,rms=0.604478) vs oldopt=(dt=414.72,rms=0.604967)
#GCMRL#  196 dt 248.832000 rms  0.604  0.439% neg 0  invalid 762 tFOTS 3.2600 tGradient 1.6940 tsec 5.2090
#FOTS# QuadFit found better minimum quadopt=(dt=84.6452,rms=0.601585) vs oldopt=(dt=103.68,rms=0.601714)
#GCMRL#  197 dt  84.645161 rms  0.602  0.479% neg 0  invalid 762 tFOTS 3.2780 tGradient 1.5720 tsec 5.0910
#FOTS# QuadFit found better minimum quadopt=(dt=71.9527,rms=0.600662) vs oldopt=(dt=103.68,rms=0.600821)
#GCMRL#  198 dt  71.952663 rms  0.601  0.153% neg 0  invalid 762 tFOTS 3.4190 tGradient 1.5140 tsec 5.1810
#FOTS# QuadFit found better minimum quadopt=(dt=145.152,rms=0.598666) vs oldopt=(dt=103.68,rms=0.599033)
#GCMRL#  199 dt 145.152000 rms  0.599  0.332% neg 0  invalid 762 tFOTS 3.4500 tGradient 1.5800 tsec 5.2640
#FOTS# QuadFit found better minimum quadopt=(dt=65.1636,rms=0.597906) vs oldopt=(dt=103.68,rms=0.598129)
#GCMRL#  200 dt  65.163636 rms  0.598  0.127% neg 0  invalid 762 tFOTS 3.1960 tGradient 1.5330 tsec 4.9730
#FOTS# QuadFit found better minimum quadopt=(dt=331.776,rms=0.595432) vs oldopt=(dt=414.72,rms=0.595714)
#GCMRL#  201 dt 331.776000 rms  0.595  0.414% neg 0  invalid 762 tFOTS 3.5390 tGradient 1.5790 tsec 5.4060
#FOTS# QuadFit found better minimum quadopt=(dt=36.288,rms=0.593743) vs oldopt=(dt=25.92,rms=0.594099)
#GCMRL#  202 dt  36.288000 rms  0.594  0.284% neg 0  invalid 762 tFOTS 3.4850 tGradient 1.5850 tsec 5.3270
#FOTS# QuadFit found better minimum quadopt=(dt=62.208,rms=0.593035) vs oldopt=(dt=103.68,rms=0.593199)
#GCMRL#  203 dt  62.208000 rms  0.593  0.119% neg 0  invalid 762 tFOTS 3.3070 tGradient 1.5970 tsec 5.1590
#GCMRL#  204 dt 414.720000 rms  0.591  0.390% neg 0  invalid 762 tFOTS 3.4200 tGradient 1.6050 tsec 5.2850
#FOTS# QuadFit found better minimum quadopt=(dt=36.288,rms=0.589054) vs oldopt=(dt=25.92,rms=0.589396)
#GCMRL#  205 dt  36.288000 rms  0.589  0.282% neg 0  invalid 762 tFOTS 3.4130 tGradient 1.6310 tsec 5.3080
#FOTS# QuadFit found better minimum quadopt=(dt=36.288,rms=0.588498) vs oldopt=(dt=25.92,rms=0.58858)
#GCMRL#  206 dt  36.288000 rms  0.588  0.094% neg 0  invalid 762 tFOTS 3.6330 tGradient 1.6430 tsec 5.5310
#FOTS# QuadFit found better minimum quadopt=(dt=580.608,rms=0.585457) vs oldopt=(dt=414.72,rms=0.585983)
#GCMRL#  207 dt 580.608000 rms  0.585  0.517% neg 0  invalid 762 tFOTS 3.6470 tGradient 1.6500 tsec 5.6130
#FOTS# QuadFit found better minimum quadopt=(dt=36.288,rms=0.584178) vs oldopt=(dt=25.92,rms=0.584452)
#GCMRL#  208 dt  36.288000 rms  0.584  0.219% neg 0  invalid 762 tFOTS 3.7450 tGradient 1.6220 tsec 5.6460
#FOTS# QuadFit found better minimum quadopt=(dt=124.416,rms=0.583447) vs oldopt=(dt=103.68,rms=0.583473)
#GCMRL#  209 dt 124.416000 rms  0.583  0.125% neg 0  invalid 762 tFOTS 3.6890 tGradient 1.6120 tsec 5.5950
#FOTS# QuadFit found better minimum quadopt=(dt=36.288,rms=0.583134) vs oldopt=(dt=25.92,rms=0.583205)
#GCMRL#  210 dt  36.288000 rms  0.583  0.054% neg 0  invalid 762 tFOTS 3.7160 tGradient 1.6590 tsec 5.6450
#FOTS# QuadFit found better minimum quadopt=(dt=580.608,rms=0.581269) vs oldopt=(dt=414.72,rms=0.58148)
#GCMRL#  211 dt 580.608000 rms  0.581  0.320% neg 0  invalid 762 tFOTS 3.6780 tGradient 1.5830 tsec 5.5400
#FOTS# QuadFit found better minimum quadopt=(dt=36.288,rms=0.579882) vs oldopt=(dt=25.92,rms=0.58018)
#GCMRL#  212 dt  36.288000 rms  0.580  0.239% neg 0  invalid 762 tFOTS 3.7310 tGradient 1.5650 tsec 5.5770
#FOTS# QuadFit found better minimum quadopt=(dt=82.944,rms=0.579353) vs oldopt=(dt=103.68,rms=0.579365)
#GCMRL#  213 dt  82.944000 rms  0.579  0.091% neg 0  invalid 762 tFOTS 3.8230 tGradient 1.5770 tsec 5.7010
#FOTS# QuadFit found better minimum quadopt=(dt=82.944,rms=0.579061) vs oldopt=(dt=103.68,rms=0.579081)
#GCMRL#  214 dt  82.944000 rms  0.579  0.050% neg 0  invalid 762 tFOTS 3.7850 tGradient 2.0190 tsec 6.0970
#FOTS# QuadFit found better minimum quadopt=(dt=145.152,rms=0.578471) vs oldopt=(dt=103.68,rms=0.578501)
#GCMRL#  215 dt 145.152000 rms  0.578  0.102% neg 0  invalid 762 tFOTS 3.7510 tGradient 1.6250 tsec 5.6700
#FOTS# QuadFit found better minimum quadopt=(dt=36.288,rms=0.578176) vs oldopt=(dt=25.92,rms=0.578234)
#GCMRL#  216 dt  36.288000 rms  0.578  0.051% neg 0  invalid 762 tFOTS 3.5540 tGradient 1.6460 tsec 5.5040
#FOTS# QuadFit found better minimum quadopt=(dt=145.152,rms=0.577646) vs oldopt=(dt=103.68,rms=0.577743)
#GCMRL#  217 dt 145.152000 rms  0.578  0.092% neg 0  invalid 762 tFOTS 3.8190 tGradient 1.6370 tsec 5.7600
#GCMRL#  218 dt 103.680000 rms  0.577  0.087% neg 0  invalid 762 tFOTS 3.7920 tGradient 1.6130 tsec 5.7130
#FOTS# QuadFit found better minimum quadopt=(dt=36.288,rms=0.576952) vs oldopt=(dt=25.92,rms=0.576994)
#GCMRL#  219 dt  36.288000 rms  0.577  0.000% neg 0  invalid 762 tFOTS 4.0100 tGradient 1.6090 tsec 5.9190
#GCMRL#  220 dt  36.288000 rms  0.577  0.029% neg 0  invalid 762 tFOTS 0.0000 tGradient 1.6730 tsec 1.9230
#GCMRL#  221 dt  36.288000 rms  0.577  0.045% neg 0  invalid 762 tFOTS 0.0000 tGradient 1.6080 tsec 1.8880
#GCMRL#  222 dt  36.288000 rms  0.576  0.064% neg 0  invalid 762 tFOTS 0.0000 tGradient 1.6260 tsec 1.9020
#GCMRL#  223 dt  36.288000 rms  0.576  0.081% neg 0  invalid 762 tFOTS 0.0000 tGradient 1.6010 tsec 1.8570
#GCMRL#  224 dt  36.288000 rms  0.575  0.098% neg 0  invalid 762 tFOTS 0.0000 tGradient 1.5850 tsec 1.8450
#GCMRL#  225 dt  36.288000 rms  0.575  0.107% neg 0  invalid 762 tFOTS 0.0000 tGradient 1.5880 tsec 1.8410
#GCMRL#  226 dt  36.288000 rms  0.574  0.118% neg 0  invalid 762 tFOTS 0.0000 tGradient 1.6640 tsec 1.9310
#GCMRL#  227 dt  36.288000 rms  0.573  0.122% neg 0  invalid 762 tFOTS 0.0000 tGradient 1.5960 tsec 1.8460
#GCMRL#  228 dt  36.288000 rms  0.572  0.128% neg 0  invalid 762 tFOTS 0.0000 tGradient 1.4780 tsec 1.7300
#GCMRL#  229 dt  36.288000 rms  0.572  0.133% neg 0  invalid 762 tFOTS 0.0000 tGradient 1.5480 tsec 1.8180
#GCMRL#  230 dt  36.288000 rms  0.571  0.136% neg 0  invalid 762 tFOTS 0.0000 tGradient 1.7010 tsec 2.0060
#GCMRL#  231 dt  36.288000 rms  0.570  0.136% neg 0  invalid 762 tFOTS 0.0000 tGradient 1.7510 tsec 2.0610
#GCMRL#  232 dt  36.288000 rms  0.569  0.135% neg 0  invalid 762 tFOTS 0.0000 tGradient 1.6170 tsec 1.9220
#GCMRL#  233 dt  36.288000 rms  0.569  0.131% neg 0  invalid 762 tFOTS 0.0000 tGradient 1.6850 tsec 1.9860
#GCMRL#  234 dt  36.288000 rms  0.568  0.131% neg 0  invalid 762 tFOTS 0.0000 tGradient 1.6630 tsec 1.9810
#GCMRL#  235 dt  36.288000 rms  0.567  0.131% neg 0  invalid 762 tFOTS 0.0000 tGradient 1.6600 tsec 1.9540
#GCMRL#  236 dt  36.288000 rms  0.566  0.128% neg 0  invalid 762 tFOTS 0.0000 tGradient 1.5370 tsec 1.7970
#GCMRL#  237 dt  36.288000 rms  0.566  0.119% neg 0  invalid 762 tFOTS 0.0000 tGradient 1.6720 tsec 1.9840
#GCMRL#  238 dt  36.288000 rms  0.565  0.112% neg 0  invalid 762 tFOTS 0.0000 tGradient 1.6970 tsec 2.0050
#GCMRL#  239 dt  36.288000 rms  0.564  0.111% neg 0  invalid 762 tFOTS 0.0000 tGradient 1.7480 tsec 2.0650
#GCMRL#  240 dt  36.288000 rms  0.564  0.108% neg 0  invalid 762 tFOTS 0.0000 tGradient 1.6420 tsec 1.9020
#GCMRL#  241 dt  36.288000 rms  0.563  0.103% neg 0  invalid 762 tFOTS 0.0000 tGradient 1.7420 tsec 2.0490
#GCMRL#  242 dt  36.288000 rms  0.563  0.100% neg 0  invalid 762 tFOTS 0.0000 tGradient 1.7900 tsec 2.1030
#GCMRL#  243 dt  36.288000 rms  0.562  0.095% neg 0  invalid 762 tFOTS 0.0000 tGradient 1.7730 tsec 2.0810
#GCMRL#  244 dt  36.288000 rms  0.562  0.089% neg 0  invalid 762 tFOTS 0.0000 tGradient 1.6610 tsec 1.9010
#GCMRL#  245 dt  36.288000 rms  0.561  0.089% neg 0  invalid 762 tFOTS 0.0000 tGradient 1.7080 tsec 2.0100
#GCMRL#  246 dt  36.288000 rms  0.561  0.088% neg 0  invalid 762 tFOTS 0.0000 tGradient 1.7630 tsec 2.0660
#GCMRL#  247 dt  36.288000 rms  0.560  0.084% neg 0  invalid 762 tFOTS 0.0000 tGradient 1.7450 tsec 2.0500
#GCMRL#  248 dt  36.288000 rms  0.560  0.086% neg 0  invalid 762 tFOTS 0.0000 tGradient 1.8020 tsec 2.0290
#GCMRL#  249 dt  36.288000 rms  0.559  0.082% neg 0  invalid 762 tFOTS 0.0000 tGradient 1.6550 tsec 1.9500
#GCMRL#  250 dt  36.288000 rms  0.559  0.078% neg 0  invalid 762 tFOTS 0.0000 tGradient 1.6950 tsec 1.9540
#GCMRL#  251 dt  36.288000 rms  0.558  0.070% neg 0  invalid 762 tFOTS 0.0000 tGradient 1.7490 tsec 2.0070
#GCMRL#  252 dt  36.288000 rms  0.558  0.071% neg 0  invalid 762 tFOTS 0.0000 tGradient 1.5830 tsec 1.8260
#GCMRL#  253 dt  36.288000 rms  0.558  0.069% neg 0  invalid 762 tFOTS 0.0000 tGradient 1.6690 tsec 1.8990
#GCMRL#  254 dt  36.288000 rms  0.557  0.071% neg 0  invalid 762 tFOTS 0.0000 tGradient 1.5910 tsec 1.8480
#GCMRL#  255 dt  36.288000 rms  0.557  0.072% neg 0  invalid 762 tFOTS 0.0000 tGradient 1.6230 tsec 1.8810
#GCMRL#  256 dt  36.288000 rms  0.556  0.066% neg 0  invalid 762 tFOTS 0.0000 tGradient 1.6700 tsec 1.9010
#GCMRL#  257 dt  36.288000 rms  0.556  0.062% neg 0  invalid 762 tFOTS 0.0000 tGradient 1.6720 tsec 1.9100
#GCMRL#  258 dt  36.288000 rms  0.556  0.057% neg 0  invalid 762 tFOTS 0.0000 tGradient 1.6900 tsec 1.9420
#GCMRL#  259 dt  36.288000 rms  0.555  0.058% neg 0  invalid 762 tFOTS 0.0000 tGradient 1.6260 tsec 1.8780
#GCMRL#  260 dt  36.288000 rms  0.555  0.060% neg 0  invalid 762 tFOTS 0.0000 tGradient 1.6450 tsec 1.8930
#GCMRL#  261 dt  36.288000 rms  0.555  0.061% neg 0  invalid 762 tFOTS 0.0000 tGradient 1.6410 tsec 1.8880
#GCMRL#  262 dt  36.288000 rms  0.554  0.056% neg 0  invalid 762 tFOTS 0.0000 tGradient 1.6540 tsec 1.9140
#GCMRL#  263 dt  36.288000 rms  0.554  0.054% neg 0  invalid 762 tFOTS 0.0000 tGradient 1.6320 tsec 1.8750
#GCMRL#  264 dt  36.288000 rms  0.554  0.051% neg 0  invalid 762 tFOTS 0.0000 tGradient 1.6190 tsec 1.8790
#GCMRL#  265 dt  36.288000 rms  0.554  0.049% neg 0  invalid 762 tFOTS 0.0000 tGradient 1.6170 tsec 1.9320
#GCMRL#  266 dt  36.288000 rms  0.553  0.050% neg 0  invalid 762 tFOTS 0.0000 tGradient 1.6920 tsec 1.9500
#GCMRL#  267 dt  36.288000 rms  0.553  0.052% neg 0  invalid 762 tFOTS 0.0000 tGradient 1.6740 tsec 1.9250
#GCMRL#  268 dt  36.288000 rms  0.553  0.051% neg 0  invalid 762 tFOTS 0.0000 tGradient 1.6130 tsec 1.8650
#GCMRL#  269 dt  36.288000 rms  0.553  0.050% neg 0  invalid 762 tFOTS 0.0000 tGradient 1.6150 tsec 1.8720
#GCMRL#  270 dt  36.288000 rms  0.552  0.045% neg 0  invalid 762 tFOTS 0.0000 tGradient 1.6310 tsec 1.8770
#GCMRL#  271 dt  36.288000 rms  0.552  0.046% neg 0  invalid 762 tFOTS 0.0000 tGradient 1.6370 tsec 1.8820
#GCMRL#  272 dt  36.288000 rms  0.552  0.044% neg 0  invalid 762 tFOTS 0.0000 tGradient 1.6460 tsec 1.9070
#GCMRL#  273 dt  36.288000 rms  0.552  0.042% neg 0  invalid 762 tFOTS 0.0000 tGradient 1.6720 tsec 1.9380
#GCMRL#  274 dt  36.288000 rms  0.551  0.043% neg 0  invalid 762 tFOTS 0.0000 tGradient 1.6560 tsec 1.9060
#GCMRL#  275 dt  36.288000 rms  0.551  0.041% neg 0  invalid 762 tFOTS 0.0000 tGradient 1.6200 tsec 1.8700
#GCMRL#  276 dt  36.288000 rms  0.551  0.039% neg 0  invalid 762 tFOTS 0.0000 tGradient 1.6910 tsec 1.9440
#GCMRL#  277 dt  36.288000 rms  0.551  0.038% neg 0  invalid 762 tFOTS 0.0000 tGradient 1.6390 tsec 1.8960
#GCMRL#  278 dt  36.288000 rms  0.550  0.037% neg 0  invalid 762 tFOTS 0.0000 tGradient 1.6530 tsec 1.9140
#GCMRL#  279 dt  36.288000 rms  0.550  0.037% neg 0  invalid 762 tFOTS 0.0000 tGradient 1.6630 tsec 1.9120
#GCMRL#  280 dt  36.288000 rms  0.550  0.038% neg 0  invalid 762 tFOTS 0.0000 tGradient 1.6700 tsec 1.9570
#GCMRL#  281 dt  36.288000 rms  0.550  0.038% neg 0  invalid 762 tFOTS 0.0000 tGradient 1.8550 tsec 2.1320
#GCMRL#  282 dt  36.288000 rms  0.550  0.038% neg 0  invalid 762 tFOTS 0.0000 tGradient 1.7620 tsec 2.0160
#GCMRL#  283 dt  36.288000 rms  0.549  0.035% neg 0  invalid 762 tFOTS 0.0000 tGradient 1.6310 tsec 1.8870
#GCMRL#  284 dt  36.288000 rms  0.549  0.034% neg 0  invalid 762 tFOTS 0.0000 tGradient 1.6250 tsec 1.8810
#GCMRL#  285 dt  36.288000 rms  0.549  0.032% neg 0  invalid 762 tFOTS 0.0000 tGradient 1.7940 tsec 2.0520
#GCMRL#  286 dt  36.288000 rms  0.549  0.033% neg 0  invalid 762 tFOTS 0.0000 tGradient 1.6240 tsec 1.8850
#GCMRL#  287 dt  36.288000 rms  0.549  0.030% neg 0  invalid 762 tFOTS 0.0000 tGradient 1.6240 tsec 1.8840
#GCMRL#  288 dt  36.288000 rms  0.549  0.028% neg 0  invalid 762 tFOTS 0.0000 tGradient 1.6770 tsec 1.9160
#GCMRL#  289 dt  36.288000 rms  0.548  0.028% neg 0  invalid 762 tFOTS 0.0000 tGradient 1.6490 tsec 1.9020
#GCMRL#  290 dt  36.288000 rms  0.548  0.030% neg 0  invalid 762 tFOTS 0.0000 tGradient 1.6330 tsec 1.8890
#GCMRL#  291 dt  36.288000 rms  0.548  0.030% neg 0  invalid 762 tFOTS 0.0000 tGradient 1.5910 tsec 1.8350
#GCMRL#  292 dt  36.288000 rms  0.548  0.027% neg 0  invalid 762 tFOTS 0.0000 tGradient 1.6410 tsec 1.8820
#GCMRL#  293 dt  36.288000 rms  0.548  0.027% neg 0  invalid 762 tFOTS 0.0000 tGradient 1.5780 tsec 1.8350
#GCMRL#  294 dt  36.288000 rms  0.548  0.029% neg 0  invalid 762 tFOTS 0.0000 tGradient 1.6100 tsec 1.8570
#GCMRL#  295 dt  36.288000 rms  0.547  0.024% neg 0  invalid 762 tFOTS 0.0000 tGradient 1.7310 tsec 1.9900
#GCMRL#  296 dt  36.288000 rms  0.547  0.023% neg 0  invalid 762 tFOTS 0.0000 tGradient 1.6580 tsec 1.9340
#FOTS# QuadFit found better minimum quadopt=(dt=497.664,rms=0.547247) vs oldopt=(dt=414.72,rms=0.547252)
#GCMRL#  297 dt 497.664000 rms  0.547  0.000% neg 0  invalid 762 tFOTS 4.0880 tGradient 1.6400 tsec 6.0550

#GCAMreg# pass 0 level1 4 level2 1 tsec 312.746 sigma 0.5
l_jacobian=1.00 l_label=1.00 l_log_likelihood=0.20 l_smoothness=0.03 
tol=5.00e-02, dt=5.00e-02, exp_k=20.0, momentum=0.90, levels=6, niter=500, lbl_dist=10.00, avgs=64, sigma=0.5,type=2, relabel=0, neg=no

blurring input image with Gaussian with sigma=0.500...
GCAMRegisterLevel(): init RMS 0.547841
#GCMRL#  299 dt 103.680000 rms  0.546  0.412% neg 0  invalid 762 tFOTS 3.8760 tGradient 1.6570 tsec 5.8280
#FOTS# QuadFit found better minimum quadopt=(dt=82.944,rms=0.544746) vs oldopt=(dt=103.68,rms=0.544752)
#GCMRL#  300 dt  82.944000 rms  0.545  0.153% neg 0  invalid 762 tFOTS 3.7130 tGradient 1.5920 tsec 5.6670
#FOTS# QuadFit found better minimum quadopt=(dt=82.944,rms=0.544381) vs oldopt=(dt=103.68,rms=0.544428)
#GCMRL#  301 dt  82.944000 rms  0.544  0.067% neg 0  invalid 762 tFOTS 3.9220 tGradient 1.6790 tsec 5.9050
#GCMRL#  302 dt 103.680000 rms  0.544  0.080% neg 0  invalid 762 tFOTS 3.6460 tGradient 1.5550 tsec 5.5110
#FOTS# QuadFit found better minimum quadopt=(dt=36.288,rms=0.54372) vs oldopt=(dt=25.92,rms=0.543759)
#GCMRL#  303 dt  36.288000 rms  0.544  0.000% neg 0  invalid 762 tFOTS 3.8920 tGradient 1.5700 tsec 5.7720
#GCMRL#  304 dt  36.288000 rms  0.544  0.023% neg 0  invalid 762 tFOTS 0.0000 tGradient 1.6240 tsec 1.8670
#GCMRL#  305 dt  36.288000 rms  0.543  0.034% neg 0  invalid 762 tFOTS 0.0000 tGradient 1.6360 tsec 1.8940
#GCMRL#  306 dt  36.288000 rms  0.543  0.049% neg 0  invalid 762 tFOTS 0.0000 tGradient 1.6050 tsec 1.8610
#GCMRL#  307 dt  36.288000 rms  0.543  0.059% neg 0  invalid 762 tFOTS 0.0000 tGradient 1.7610 tsec 2.0320
#GCMRL#  308 dt  36.288000 rms  0.542  0.061% neg 0  invalid 762 tFOTS 0.0000 tGradient 1.6100 tsec 1.8580
#GCMRL#  309 dt  36.288000 rms  0.542  0.060% neg 0  invalid 762 tFOTS 0.0000 tGradient 1.6530 tsec 1.8960
#GCMRL#  310 dt  36.288000 rms  0.542  0.057% neg 0  invalid 762 tFOTS 0.0000 tGradient 1.6250 tsec 1.8690
#GCMRL#  311 dt  36.288000 rms  0.542  0.055% neg 0  invalid 762 tFOTS 0.0000 tGradient 1.6030 tsec 1.8720
#GCMRL#  312 dt  36.288000 rms  0.541  0.052% neg 0  invalid 762 tFOTS 0.0000 tGradient 1.6530 tsec 1.9110
#GCMRL#  313 dt  36.288000 rms  0.541  0.053% neg 0  invalid 762 tFOTS 0.0000 tGradient 1.6640 tsec 1.9240
#GCMRL#  314 dt  36.288000 rms  0.541  0.057% neg 0  invalid 762 tFOTS 0.0000 tGradient 1.6080 tsec 1.8700
#GCMRL#  315 dt  36.288000 rms  0.540  0.054% neg 0  invalid 762 tFOTS 0.0000 tGradient 1.6760 tsec 1.9340
#GCMRL#  316 dt  36.288000 rms  0.540  0.053% neg 0  invalid 762 tFOTS 0.0000 tGradient 1.7030 tsec 2.0250
#GCMRL#  317 dt  36.288000 rms  0.540  0.049% neg 0  invalid 762 tFOTS 0.0000 tGradient 1.7080 tsec 1.9810
#GCMRL#  318 dt  36.288000 rms  0.540  0.044% neg 0  invalid 762 tFOTS 0.0000 tGradient 1.6030 tsec 1.8430
#GCMRL#  319 dt  36.288000 rms  0.539  0.039% neg 0  invalid 762 tFOTS 0.0000 tGradient 1.5740 tsec 1.8380
#GCMRL#  320 dt  36.288000 rms  0.539  0.036% neg 0  invalid 762 tFOTS 0.0000 tGradient 1.6220 tsec 1.8580
#GCMRL#  321 dt  36.288000 rms  0.539  0.033% neg 0  invalid 762 tFOTS 0.0000 tGradient 1.6650 tsec 1.9190
#GCMRL#  322 dt  36.288000 rms  0.539  0.031% neg 0  invalid 762 tFOTS 0.0000 tGradient 1.6050 tsec 1.8640
#GCMRL#  323 dt  36.288000 rms  0.539  0.032% neg 0  invalid 762 tFOTS 0.0000 tGradient 1.6540 tsec 1.9140
#GCMRL#  324 dt  36.288000 rms  0.539  0.031% neg 0  invalid 762 tFOTS 0.0000 tGradient 1.6590 tsec 1.9500
#GCMRL#  325 dt  36.288000 rms  0.538  0.035% neg 0  invalid 762 tFOTS 0.0000 tGradient 1.6930 tsec 1.9540
#GCMRL#  326 dt  36.288000 rms  0.538  0.031% neg 0  invalid 762 tFOTS 0.0000 tGradient 1.6450 tsec 1.8970
#GCMRL#  327 dt  36.288000 rms  0.538  0.031% neg 0  invalid 762 tFOTS 0.0000 tGradient 1.6240 tsec 1.8870
#GCMRL#  328 dt  36.288000 rms  0.538  0.031% neg 0  invalid 762 tFOTS 0.0000 tGradient 1.5840 tsec 1.8450
#GCMRL#  329 dt  36.288000 rms  0.538  0.032% neg 0  invalid 762 tFOTS 0.0000 tGradient 1.5680 tsec 1.8020
#GCMRL#  330 dt  36.288000 rms  0.537  0.032% neg 0  invalid 762 tFOTS 0.0000 tGradient 1.5620 tsec 1.8050
#GCMRL#  331 dt  36.288000 rms  0.537  0.031% neg 0  invalid 762 tFOTS 0.0000 tGradient 1.5560 tsec 1.7860
#GCMRL#  332 dt  36.288000 rms  0.537  0.028% neg 0  invalid 762 tFOTS 0.0000 tGradient 1.5330 tsec 1.7800
#GCMRL#  333 dt  36.288000 rms  0.537  0.028% neg 0  invalid 762 tFOTS 0.0000 tGradient 1.7040 tsec 1.9780
#GCMRL#  334 dt  36.288000 rms  0.537  0.027% neg 0  invalid 762 tFOTS 0.0000 tGradient 1.7360 tsec 2.0110
#GCMRL#  335 dt  36.288000 rms  0.537  0.025% neg 0  invalid 762 tFOTS 0.0000 tGradient 1.8330 tsec 2.1400
#GCMRL#  336 dt  36.288000 rms  0.537  0.026% neg 0  invalid 762 tFOTS 0.0000 tGradient 1.8680 tsec 2.1640
#GCMRL#  337 dt  36.288000 rms  0.536  0.027% neg 0  invalid 762 tFOTS 0.0000 tGradient 1.6710 tsec 1.9310
#GCMRL#  338 dt  36.288000 rms  0.536  0.025% neg 0  invalid 762 tFOTS 0.0000 tGradient 1.6550 tsec 1.8880
#GCMRL#  339 dt  36.288000 rms  0.536  0.025% neg 0  invalid 762 tFOTS 0.0000 tGradient 1.7550 tsec 2.0220
#FOTS# QuadFit found better minimum quadopt=(dt=145.152,rms=0.536151) vs oldopt=(dt=103.68,rms=0.536152)
#GCMRL#  340 dt 145.152000 rms  0.536  0.000% neg 0  invalid 762 tFOTS 5.0250 tGradient 1.6920 tsec 7.0550
#GCMRL#  341 dt 145.152000 rms  0.536  0.012% neg 0  invalid 762 tFOTS 0.0000 tGradient 1.8290 tsec 2.1370
setting smoothness cost coefficient to 0.118

#GCAMreg# pass 0 level1 3 level2 0 tsec 0 sigma 2
l_jacobian=1.00 l_label=1.00 l_log_likelihood=0.20 l_smoothness=0.12 
tol=5.00e-02, dt=5.00e-02, exp_k=20.0, momentum=0.90, levels=6, niter=500, lbl_dist=10.00, avgs=16, sigma=2.0,type=2, relabel=0, neg=no

blurring input image with Gaussian with sigma=2.000...
GCAMRegisterLevel(): init RMS 0.549075
#FOTS# QuadFit found better minimum quadopt=(dt=25.6,rms=0.547027) vs oldopt=(dt=32,rms=0.54711)
#GCMRL#  343 dt  25.600000 rms  0.547  0.373% neg 0  invalid 762 tFOTS 4.7170 tGradient 1.6530 tsec 6.7580
#FOTS# QuadFit found better minimum quadopt=(dt=82.1493,rms=0.544482) vs oldopt=(dt=32,rms=0.545103)
#GCMRL#  344 dt  82.149254 rms  0.544  0.465% neg 0  invalid 762 tFOTS 4.7170 tGradient 1.7000 tsec 6.7460
#FOTS# QuadFit found better minimum quadopt=(dt=62.8571,rms=0.541596) vs oldopt=(dt=32,rms=0.542105)
#GCMRL#  345 dt  62.857143 rms  0.542  0.530% neg 0  invalid 762 tFOTS 4.6820 tGradient 1.6660 tsec 6.7070
#FOTS# QuadFit found better minimum quadopt=(dt=30.4099,rms=0.53858) vs oldopt=(dt=32,rms=0.538607)
#GCMRL#  346 dt  30.409938 rms  0.539  0.557% neg 0  invalid 762 tFOTS 4.4560 tGradient 1.7020 tsec 6.4570
#GCMRL#  347 dt  32.000000 rms  0.537  0.209% neg 0  invalid 762 tFOTS 4.3710 tGradient 1.5590 tsec 6.2190
#FOTS# QuadFit found better minimum quadopt=(dt=90.4615,rms=0.535295) vs oldopt=(dt=32,rms=0.535763)
#GCMRL#  348 dt  90.461538 rms  0.535  0.402% neg 0  invalid 762 tFOTS 4.4150 tGradient 1.5140 tsec 6.3250
#FOTS# QuadFit found better minimum quadopt=(dt=22.5563,rms=0.532995) vs oldopt=(dt=32,rms=0.533398)
#GCMRL#  349 dt  22.556263 rms  0.533  0.430% neg 0  invalid 762 tFOTS 4.3700 tGradient 1.6910 tsec 6.3850
#FOTS# QuadFit found better minimum quadopt=(dt=179.2,rms=0.529464) vs oldopt=(dt=128,rms=0.529911)
#GCMRL#  350 dt 179.200000 rms  0.529  0.662% neg 0  invalid 762 tFOTS 4.4950 tGradient 1.6940 tsec 6.5420
#FOTS# QuadFit found better minimum quadopt=(dt=25.6,rms=0.527619) vs oldopt=(dt=32,rms=0.52781)
#GCMRL#  351 dt  25.600000 rms  0.528  0.349% neg 0  invalid 762 tFOTS 4.7400 tGradient 1.6670 tsec 6.8000
#FOTS# QuadFit found better minimum quadopt=(dt=44.8,rms=0.526412) vs oldopt=(dt=32,rms=0.526619)
#GCMRL#  352 dt  44.800000 rms  0.526  0.229% neg 0  invalid 762 tFOTS 4.6820 tGradient 1.8580 tsec 6.8790
#FOTS# QuadFit found better minimum quadopt=(dt=25.6,rms=0.526154) vs oldopt=(dt=32,rms=0.526164)
#GCMRL#  353 dt  25.600000 rms  0.526  0.000% neg 0  invalid 762 tFOTS 4.8030 tGradient 1.5870 tsec 6.8030
#GCMRL#  354 dt  25.600000 rms  0.526  0.114% neg 0  invalid 762 tFOTS 0.0000 tGradient 1.6840 tsec 1.9770
#GCMRL#  355 dt  25.600000 rms  0.525  0.153% neg 0  invalid 762 tFOTS 0.0000 tGradient 1.6000 tsec 1.9560
#GCMRL#  356 dt  25.600000 rms  0.524  0.191% neg 0  invalid 762 tFOTS 0.0000 tGradient 1.6930 tsec 1.9780
#GCMRL#  357 dt  25.600000 rms  0.522  0.244% neg 0  invalid 762 tFOTS 0.0000 tGradient 1.5840 tsec 1.9620
#GCMRL#  358 dt  25.600000 rms  0.521  0.301% neg 0  invalid 762 tFOTS 0.0000 tGradient 1.7430 tsec 2.0680
#GCMRL#  359 dt  25.600000 rms  0.519  0.308% neg 0  invalid 762 tFOTS 0.0000 tGradient 1.5940 tsec 1.9640
#GCMRL#  360 dt  25.600000 rms  0.518  0.279% neg 0  invalid 762 tFOTS 0.0000 tGradient 1.7730 tsec 2.0980
#GCMRL#  361 dt  25.600000 rms  0.516  0.264% neg 0  invalid 762 tFOTS 0.0000 tGradient 1.6600 tsec 1.9720
#GCMRL#  362 dt  25.600000 rms  0.515  0.263% neg 0  invalid 762 tFOTS 0.0000 tGradient 1.7430 tsec 2.1010
#GCMRL#  363 dt  25.600000 rms  0.514  0.251% neg 0  invalid 762 tFOTS 0.0000 tGradient 1.5310 tsec 1.8060
#GCMRL#  364 dt  25.600000 rms  0.513  0.218% neg 0  invalid 762 tFOTS 0.0000 tGradient 1.5520 tsec 1.9220
#GCMRL#  365 dt  25.600000 rms  0.512  0.198% neg 0  invalid 762 tFOTS 0.0000 tGradient 1.7180 tsec 2.0080
#GCMRL#  366 dt  25.600000 rms  0.511  0.194% neg 0  invalid 762 tFOTS 0.0000 tGradient 1.5490 tsec 1.9200
#GCMRL#  367 dt  25.600000 rms  0.510  0.179% neg 0  invalid 762 tFOTS 0.0000 tGradient 1.7570 tsec 2.1050
#GCMRL#  368 dt  25.600000 rms  0.509  0.152% neg 0  invalid 762 tFOTS 0.0000 tGradient 1.6050 tsec 1.9730
#GCMRL#  369 dt  25.600000 rms  0.508  0.133% neg 0  invalid 762 tFOTS 0.0000 tGradient 1.6400 tsec 1.9220
#GCMRL#  370 dt  25.600000 rms  0.508  0.109% neg 0  invalid 762 tFOTS 0.0000 tGradient 1.5310 tsec 1.9010
#GCMRL#  371 dt  25.600000 rms  0.507  0.100% neg 0  invalid 762 tFOTS 0.0000 tGradient 1.7100 tsec 2.0020
#GCMRL#  372 dt  25.600000 rms  0.507  0.095% neg 0  invalid 762 tFOTS 0.0000 tGradient 1.5400 tsec 1.9040
#GCMRL#  373 dt  25.600000 rms  0.506  0.084% neg 0  invalid 762 tFOTS 0.0000 tGradient 1.7000 tsec 2.0100
#GCMRL#  374 dt  25.600000 rms  0.506  0.064% neg 0  invalid 762 tFOTS 0.0000 tGradient 1.5400 tsec 1.8660
#GCMRL#  375 dt  25.600000 rms  0.506  0.060% neg 0  invalid 762 tFOTS 0.0000 tGradient 1.6610 tsec 1.9800
#GCMRL#  376 dt  25.600000 rms  0.505  0.051% neg 0  invalid 762 tFOTS 0.0000 tGradient 1.5740 tsec 1.9040
#GCMRL#  377 dt  25.600000 rms  0.505  0.056% neg 0  invalid 762 tFOTS 0.0000 tGradient 1.5890 tsec 1.8720
#GCMRL#  378 dt  25.600000 rms  0.505  0.059% neg 0  invalid 762 tFOTS 0.0000 tGradient 1.5510 tsec 1.8390
#GCMRL#  379 dt  25.600000 rms  0.505  0.041% neg 0  invalid 762 tFOTS 0.0000 tGradient 1.4510 tsec 1.7350
#GCMRL#  380 dt  25.600000 rms  0.505  0.030% neg 0  invalid 762 tFOTS 0.0000 tGradient 1.5290 tsec 1.8120
#GCMRL#  381 dt  25.600000 rms  0.504  0.038% neg 0  invalid 762 tFOTS 0.0000 tGradient 1.5690 tsec 1.8560
#GCMRL#  382 dt  25.600000 rms  0.504  0.049% neg 0  invalid 762 tFOTS 0.0000 tGradient 1.6410 tsec 1.9440
#GCMRL#  383 dt  25.600000 rms  0.504  0.035% neg 0  invalid 762 tFOTS 0.0000 tGradient 1.5680 tsec 1.8650
#GCMRL#  384 dt  25.600000 rms  0.504  0.029% neg 0  invalid 762 tFOTS 0.0000 tGradient 1.5930 tsec 1.9480
#GCMRL#  385 dt  25.600000 rms  0.504  0.030% neg 0  invalid 762 tFOTS 0.0000 tGradient 1.5950 tsec 1.9900
#GCMRL#  386 dt  25.600000 rms  0.503  0.036% neg 0  invalid 762 tFOTS 0.0000 tGradient 1.7390 tsec 2.1320
#GCMRL#  387 dt  25.600000 rms  0.503  0.043% neg 0  invalid 762 tFOTS 0.0000 tGradient 1.6280 tsec 2.0230
#GCMRL#  388 dt  25.600000 rms  0.503  0.038% neg 0  invalid 762 tFOTS 0.0000 tGradient 1.7600 tsec 2.0690
#GCMRL#  389 dt  25.600000 rms  0.503  0.042% neg 0  invalid 762 tFOTS 0.0000 tGradient 1.5360 tsec 1.8460
#GCMRL#  390 dt  25.600000 rms  0.503  0.037% neg 0  invalid 762 tFOTS 0.0000 tGradient 1.5950 tsec 1.8860
#GCMRL#  391 dt  25.600000 rms  0.503  0.027% neg 0  invalid 762 tFOTS 0.0000 tGradient 1.6750 tsec 2.0770
#GCMRL#  392 dt  25.600000 rms  0.502  0.024% neg 0  invalid 762 tFOTS 0.0000 tGradient 1.7490 tsec 2.0300
#GCMRL#  393 dt  25.600000 rms  0.502  0.026% neg 0  invalid 762 tFOTS 0.0000 tGradient 1.7500 tsec 2.1450
#GCMRL#  394 dt  25.600000 rms  0.502  0.021% neg 0  invalid 762 tFOTS 0.0000 tGradient 1.6580 tsec 1.9470
#GCMRL#  395 dt  25.600000 rms  0.502  0.021% neg 0  invalid 762 tFOTS 0.0000 tGradient 1.6820 tsec 2.1690
#FOTS# QuadFit found better minimum quadopt=(dt=44.8,rms=0.501953) vs oldopt=(dt=32,rms=0.501975)
#GCMRL#  396 dt  44.800000 rms  0.502  0.000% neg 0  invalid 762 tFOTS 5.7640 tGradient 2.0050 tsec 8.3120
#GCMRL#  397 dt  44.800000 rms  0.502  0.021% neg 0  invalid 762 tFOTS 0.0000 tGradient 2.0630 tsec 2.6670

#GCAMreg# pass 0 level1 3 level2 1 tsec 177.465 sigma 0.5
l_jacobian=1.00 l_label=1.00 l_log_likelihood=0.20 l_smoothness=0.12 
tol=5.00e-02, dt=5.00e-02, exp_k=20.0, momentum=0.90, levels=6, niter=500, lbl_dist=10.00, avgs=16, sigma=0.5,type=2, relabel=0, neg=no

blurring input image with Gaussian with sigma=0.500...
GCAMRegisterLevel(): init RMS 0.502377
#FOTS# QuadFit found better minimum quadopt=(dt=38.4,rms=0.500012) vs oldopt=(dt=32,rms=0.500045)
#GCMRL#  399 dt  38.400000 rms  0.500  0.471% neg 0  invalid 762 tFOTS 4.6510 tGradient 1.7350 tsec 6.7160
#FOTS# QuadFit found better minimum quadopt=(dt=44.8,rms=0.498816) vs oldopt=(dt=32,rms=0.498875)
#GCMRL#  400 dt  44.800000 rms  0.499  0.239% neg 0  invalid 762 tFOTS 4.8700 tGradient 1.7190 tsec 6.9330
#FOTS# QuadFit found better minimum quadopt=(dt=11.2,rms=0.498573) vs oldopt=(dt=8,rms=0.498632)
#GCMRL#  401 dt  11.200000 rms  0.499  0.000% neg 0  invalid 762 tFOTS 4.7300 tGradient 1.5350 tsec 6.6860
#GCMRL#  402 dt  11.200000 rms  0.498  0.037% neg 0  invalid 762 tFOTS 0.0000 tGradient 1.7820 tsec 2.0670
#GCMRL#  403 dt  11.200000 rms  0.498  0.032% neg 0  invalid 762 tFOTS 0.0000 tGradient 1.7520 tsec 2.1370
#GCMRL#  404 dt  11.200000 rms  0.498  0.049% neg 0  invalid 762 tFOTS 0.0000 tGradient 1.8170 tsec 2.0930
#GCMRL#  405 dt  11.200000 rms  0.498  0.071% neg 0  invalid 762 tFOTS 0.0000 tGradient 1.3600 tsec 1.6470
#GCMRL#  406 dt  11.200000 rms  0.497  0.082% neg 0  invalid 762 tFOTS 0.0000 tGradient 1.3990 tsec 1.6520
#GCMRL#  407 dt  11.200000 rms  0.497  0.056% neg 0  invalid 762 tFOTS 0.0000 tGradient 1.4700 tsec 1.7100
#GCMRL#  408 dt  11.200000 rms  0.497  0.041% neg 0  invalid 762 tFOTS 0.0000 tGradient 1.4350 tsec 1.7260
#GCMRL#  409 dt  11.200000 rms  0.497  0.034% neg 0  invalid 762 tFOTS 0.0000 tGradient 1.5480 tsec 1.8020
#GCMRL#  410 dt  11.200000 rms  0.496  0.022% neg 0  invalid 762 tFOTS 0.0000 tGradient 1.4730 tsec 1.7420
#GCMRL#  411 dt  11.200000 rms  0.496  0.029% neg 0  invalid 762 tFOTS 0.0000 tGradient 1.5010 tsec 1.8040
#GCMRL#  412 dt  11.200000 rms  0.496  0.035% neg 0  invalid 762 tFOTS 0.0000 tGradient 1.6500 tsec 1.9340
#GCMRL#  413 dt  11.200000 rms  0.496  0.032% neg 0  invalid 762 tFOTS 0.0000 tGradient 1.4710 tsec 1.7490
#GCMRL#  414 dt  11.200000 rms  0.496  0.031% neg 0  invalid 762 tFOTS 0.0000 tGradient 1.6280 tsec 1.8970
#GCMRL#  415 dt  11.200000 rms  0.496  0.028% neg 0  invalid 762 tFOTS 0.0000 tGradient 1.4890 tsec 1.7550
#GCMRL#  416 dt  11.200000 rms  0.496  0.032% neg 0  invalid 762 tFOTS 0.0000 tGradient 1.5750 tsec 1.8450
#GCMRL#  417 dt  11.200000 rms  0.495  0.035% neg 0  invalid 762 tFOTS 0.0000 tGradient 1.5440 tsec 1.8060
#GCMRL#  418 dt  11.200000 rms  0.495  0.040% neg 0  invalid 762 tFOTS 0.0000 tGradient 1.5230 tsec 1.7910
#GCMRL#  419 dt  11.200000 rms  0.495  0.040% neg 0  invalid 762 tFOTS 0.0000 tGradient 1.6270 tsec 1.8980
#GCMRL#  420 dt  11.200000 rms  0.495  0.034% neg 0  invalid 762 tFOTS 0.0000 tGradient 1.6820 tsec 2.0850
#GCMRL#  421 dt  11.200000 rms  0.495  0.029% neg 0  invalid 762 tFOTS 0.0000 tGradient 2.1110 tsec 2.4520
#GCMRL#  422 dt  11.200000 rms  0.495  0.026% neg 0  invalid 762 tFOTS 0.0000 tGradient 1.8250 tsec 2.1530
#GCMRL#  423 dt  11.200000 rms  0.494  0.032% neg 0  invalid 762 tFOTS 0.0000 tGradient 1.9070 tsec 2.2580
#GCMRL#  424 dt  11.200000 rms  0.494  0.027% neg 0  invalid 762 tFOTS 0.0000 tGradient 1.7470 tsec 2.0430
#GCMRL#  425 dt  11.200000 rms  0.494  0.029% neg 0  invalid 762 tFOTS 0.0000 tGradient 1.5920 tsec 1.9020
#GCMRL#  426 dt  11.200000 rms  0.494  0.026% neg 0  invalid 762 tFOTS 0.0000 tGradient 1.5530 tsec 1.8330
#GCMRL#  427 dt  11.200000 rms  0.494  0.022% neg 0  invalid 762 tFOTS 0.0000 tGradient 1.5320 tsec 1.8690
#GCMRL#  428 dt  11.200000 rms  0.494  0.018% neg 0  invalid 762 tFOTS 0.0000 tGradient 1.6270 tsec 1.9380
#FOTS# QuadFit found better minimum quadopt=(dt=44.8,rms=0.493714) vs oldopt=(dt=32,rms=0.493725)
#GCMRL#  429 dt  44.800000 rms  0.494  0.000% neg 0  invalid 762 tFOTS 4.9350 tGradient 1.4930 tsec 6.8190
setting smoothness cost coefficient to 0.400

#GCAMreg# pass 0 level1 2 level2 0 tsec 0 sigma 2
l_jacobian=1.00 l_label=1.00 l_log_likelihood=0.20 l_smoothness=0.40 
tol=5.00e-02, dt=5.00e-02, exp_k=20.0, momentum=0.90, levels=6, niter=500, lbl_dist=10.00, avgs=4, sigma=2.0,type=2, relabel=0, neg=no

blurring input image with Gaussian with sigma=2.000...
GCAMRegisterLevel(): init RMS 0.522342
#GCMRL#  431 dt   0.000000 rms  0.522  0.102% neg 0  invalid 762 tFOTS 4.0350 tGradient 1.3920 tsec 5.7650
#GCMRL#  432 dt   0.150000 rms  0.522  0.000% neg 0  invalid 762 tFOTS 4.0560 tGradient 1.3870 tsec 6.0620

#GCAMreg# pass 0 level1 2 level2 1 tsec 22.084 sigma 0.5
l_jacobian=1.00 l_label=1.00 l_log_likelihood=0.20 l_smoothness=0.40 
tol=5.00e-02, dt=5.00e-02, exp_k=20.0, momentum=0.90, levels=6, niter=500, lbl_dist=10.00, avgs=4, sigma=0.5,type=2, relabel=0, neg=no

blurring input image with Gaussian with sigma=0.500...
GCAMRegisterLevel(): init RMS 0.522342
#GCMRL#  434 dt   0.000000 rms  0.522  0.102% neg 0  invalid 762 tFOTS 4.2550 tGradient 1.4040 tsec 6.0260
#GCMRL#  435 dt   0.150000 rms  0.522  0.000% neg 0  invalid 762 tFOTS 4.4440 tGradient 1.3900 tsec 6.5680
setting smoothness cost coefficient to 1.000

#GCAMreg# pass 0 level1 1 level2 0 tsec 0 sigma 2
l_jacobian=1.00 l_label=1.00 l_log_likelihood=0.20 l_smoothness=1.00 
tol=5.00e-02, dt=5.00e-02, exp_k=20.0, momentum=0.90, levels=6, niter=500, lbl_dist=10.00, avgs=1, sigma=2.0,type=2, relabel=0, neg=no

blurring input image with Gaussian with sigma=2.000...
GCAMRegisterLevel(): init RMS 0.577474
#FOTS# QuadFit found better minimum quadopt=(dt=1.792,rms=0.569745) vs oldopt=(dt=1.28,rms=0.570492)
#GCMRL#  437 dt   1.792000 rms  0.570  1.339% neg 0  invalid 762 tFOTS 4.5830 tGradient 1.2920 tsec 6.2140
#FOTS# QuadFit found better minimum quadopt=(dt=0.448,rms=0.569445) vs oldopt=(dt=0.32,rms=0.569497)
#GCMRL#  438 dt   0.448000 rms  0.569  0.053% neg 0  invalid 762 tFOTS 4.6050 tGradient 1.3120 tsec 6.2640
#FOTS# QuadFit found better minimum quadopt=(dt=0.256,rms=0.569404) vs oldopt=(dt=0.32,rms=0.569409)
#GCMRL#  439 dt   0.256000 rms  0.569  0.000% neg 0  invalid 762 tFOTS 4.5760 tGradient 1.4040 tsec 6.3450

#GCAMreg# pass 0 level1 1 level2 1 tsec 28.826 sigma 0.5
l_jacobian=1.00 l_label=1.00 l_log_likelihood=0.20 l_smoothness=1.00 
tol=5.00e-02, dt=5.00e-02, exp_k=20.0, momentum=0.90, levels=6, niter=500, lbl_dist=10.00, avgs=1, sigma=0.5,type=2, relabel=0, neg=no

blurring input image with Gaussian with sigma=0.500...
GCAMRegisterLevel(): init RMS 0.569853
#FOTS# QuadFit found better minimum quadopt=(dt=0.448,rms=0.569058) vs oldopt=(dt=0.32,rms=0.569128)
#GCMRL#  441 dt   0.448000 rms  0.569  0.140% neg 0  invalid 762 tFOTS 4.5970 tGradient 1.3300 tsec 6.2660
#FOTS# QuadFit found better minimum quadopt=(dt=0.448,rms=0.56893) vs oldopt=(dt=0.32,rms=0.568941)
#GCMRL#  442 dt   0.448000 rms  0.569  0.000% neg 0  invalid 762 tFOTS 4.8780 tGradient 1.3130 tsec 6.7010
resetting metric properties...
setting smoothness cost coefficient to 2.000

#GCAMreg# pass 0 level1 0 level2 0 tsec 0 sigma 2
l_jacobian=1.00 l_label=1.00 l_log_likelihood=0.20 l_smoothness=2.00 
tol=5.00e-02, dt=5.00e-02, exp_k=20.0, momentum=0.90, levels=6, niter=500, lbl_dist=10.00, avgs=0, sigma=2.0,type=2, relabel=0, neg=no

blurring input image with Gaussian with sigma=2.000...
GCAMRegisterLevel(): init RMS 0.51364
#FOTS# QuadFit found better minimum quadopt=(dt=0.448,rms=0.500984) vs oldopt=(dt=0.32,rms=0.504311)
#GCMRL#  444 dt   0.448000 rms  0.501  2.464% neg 0  invalid 762 tFOTS 4.2290 tGradient 0.7980 tsec 5.3650
#FOTS# QuadFit found better minimum quadopt=(dt=0.448,rms=0.497958) vs oldopt=(dt=0.32,rms=0.498802)
#GCMRL#  445 dt   0.448000 rms  0.498  0.604% neg 0  invalid 762 tFOTS 4.3060 tGradient 0.8830 tsec 5.5220
#FOTS# QuadFit found better minimum quadopt=(dt=0.448,rms=0.496126) vs oldopt=(dt=0.32,rms=0.496643)
#GCMRL#  446 dt   0.448000 rms  0.496  0.368% neg 0  invalid 762 tFOTS 4.3730 tGradient 0.8900 tsec 5.5850
#FOTS# QuadFit found better minimum quadopt=(dt=0.448,rms=0.494914) vs oldopt=(dt=0.32,rms=0.495252)
#GCMRL#  447 dt   0.448000 rms  0.495  0.244% neg 0  invalid 762 tFOTS 4.1310 tGradient 0.8930 tsec 5.3610
#FOTS# QuadFit found better minimum quadopt=(dt=0.448,rms=0.494041) vs oldopt=(dt=0.32,rms=0.494287)
#GCMRL#  448 dt   0.448000 rms  0.494  0.176% neg 0  invalid 762 tFOTS 4.2270 tGradient 0.7840 tsec 5.3560
#FOTS# QuadFit found better minimum quadopt=(dt=0.448,rms=0.49338) vs oldopt=(dt=0.32,rms=0.493564)
#GCMRL#  449 dt   0.448000 rms  0.493  0.134% neg 0  invalid 762 tFOTS 4.2490 tGradient 0.8430 tsec 5.4540
#FOTS# QuadFit found better minimum quadopt=(dt=0.448,rms=0.492853) vs oldopt=(dt=0.32,rms=0.492998)
#GCMRL#  450 dt   0.448000 rms  0.493  0.107% neg 0  invalid 762 tFOTS 3.9500 tGradient 0.7820 tsec 5.0620
#FOTS# QuadFit found better minimum quadopt=(dt=0.448,rms=0.492434) vs oldopt=(dt=0.32,rms=0.492549)
#GCMRL#  451 dt   0.448000 rms  0.492  0.085% neg 0  invalid 762 tFOTS 4.0750 tGradient 0.8220 tsec 5.2180
#FOTS# QuadFit found better minimum quadopt=(dt=0.448,rms=0.492109) vs oldopt=(dt=0.32,rms=0.492202)
#GCMRL#  452 dt   0.448000 rms  0.492  0.066% neg 0  invalid 762 tFOTS 4.0260 tGradient 0.8100 tsec 5.1630
#FOTS# QuadFit found better minimum quadopt=(dt=0.448,rms=0.491801) vs oldopt=(dt=0.32,rms=0.49188)
#GCMRL#  453 dt   0.448000 rms  0.492  0.062% neg 0  invalid 762 tFOTS 3.6140 tGradient 0.8310 tsec 4.7790
#FOTS# QuadFit found better minimum quadopt=(dt=0.448,rms=0.491571) vs oldopt=(dt=0.32,rms=0.491635)
#GCMRL#  454 dt   0.448000 rms  0.492  0.000% neg 0  invalid 762 tFOTS 3.9090 tGradient 0.7360 tsec 4.9670
#GCMRL#  455 dt   0.448000 rms  0.491  0.043% neg 0  invalid 762 tFOTS 0.0000 tGradient 0.7320 tsec 1.0550
#GCMRL#  456 dt   0.448000 rms  0.491  0.073% neg 0  invalid 762 tFOTS 0.0000 tGradient 0.7390 tsec 1.0740
#GCMRL#  457 dt   0.448000 rms  0.491  0.090% neg 0  invalid 762 tFOTS 0.0000 tGradient 0.8150 tsec 1.1520
#GCMRL#  458 dt   0.448000 rms  0.490  0.095% neg 0  invalid 762 tFOTS 0.0000 tGradient 0.7190 tsec 1.0470
#GCMRL#  459 dt   0.448000 rms  0.490  0.085% neg 0  invalid 762 tFOTS 0.0000 tGradient 0.7360 tsec 1.0540
#GCMRL#  460 dt   0.448000 rms  0.489  0.062% neg 0  invalid 762 tFOTS 0.0000 tGradient 0.7180 tsec 1.0410
#GCMRL#  461 dt   0.448000 rms  0.489 -0.006% neg 0  invalid 762 tFOTS 0.0000 tGradient 0.7260 tsec 1.4330

#GCAMreg# pass 0 level1 0 level2 1 tsec 79.399 sigma 0.5
l_jacobian=1.00 l_label=1.00 l_log_likelihood=0.20 l_smoothness=2.00 
tol=5.00e-02, dt=5.00e-02, exp_k=20.0, momentum=0.90, levels=6, niter=500, lbl_dist=10.00, avgs=0, sigma=0.5,type=2, relabel=0, neg=no

blurring input image with Gaussian with sigma=0.500...
GCAMRegisterLevel(): init RMS 0.489935
#FOTS# QuadFit found better minimum quadopt=(dt=0.448,rms=0.486266) vs oldopt=(dt=0.32,rms=0.487083)
#GCMRL#  463 dt   0.448000 rms  0.486  0.749% neg 0  invalid 762 tFOTS 3.7020 tGradient 0.7340 tsec 4.7650
#FOTS# QuadFit found better minimum quadopt=(dt=0.448,rms=0.485951) vs oldopt=(dt=0.32,rms=0.486029)
#GCMRL#  464 dt   0.448000 rms  0.486  0.065% neg 0  invalid 762 tFOTS 3.6200 tGradient 0.7310 tsec 4.6520
#FOTS# QuadFit found better minimum quadopt=(dt=0.448,rms=0.485839) vs oldopt=(dt=0.32,rms=0.485866)
#GCMRL#  465 dt   0.448000 rms  0.486  0.000% neg 0  invalid 762 tFOTS 3.7110 tGradient 0.7170 tsec 4.7450
#GCMRL#  466 dt   0.448000 rms  0.486  0.006% neg 0  invalid 762 tFOTS 0.0000 tGradient 0.7400 tsec 1.0500
#GCMRL#  467 dt   0.448000 rms  0.486  0.006% neg 0  invalid 762 tFOTS 0.0000 tGradient 0.6290 tsec 0.9230
#GCMRL#  468 dt   0.448000 rms  0.486  0.001% neg 0  invalid 762 tFOTS 0.0000 tGradient 0.6370 tsec 0.9430
#FOTS# QuadFit found better minimum quadopt=(dt=0.112,rms=0.485778) vs oldopt=(dt=0.08,rms=0.485779)
GCAMregister done in 20.6636 min
********************* ALLOWING NEGATIVE NODES IN DEFORMATION********************************
noneg post
Starting GCAMregister()
label assignment complete, 0 changed (0.00%)
npasses = 1, nlevels = 6
#pass# 1 of 1 ************************
enabling zero nodes
setting smoothness cost coefficient to 0.008

#GCAMreg# pass 0 level1 5 level2 0 tsec 0 sigma 2
l_jacobian=1.00 l_label=1.00 l_log_likelihood=0.20 l_smoothness=0.01 
tol=2.50e-01, dt=5.00e-02, exp_k=20.0, momentum=0.90, levels=6, niter=500, lbl_dist=10.00, avgs=256, sigma=2.0,type=2, relabel=0, neg=yes

blurring input image with Gaussian with sigma=2.000...
GCAMRegisterLevel(): init RMS 0.483882
#FOTS# QuadFit found better minimum quadopt=(dt=13.872,rms=0.483305) vs oldopt=(dt=23.12,rms=0.483306)
#GCMRL#  470 dt  13.872000 rms  0.483  0.119% neg 0  invalid 762 tFOTS 4.1260 tGradient 1.8210 tsec 6.2300
#FOTS# QuadFit found better minimum quadopt=(dt=8.092,rms=0.4833) vs oldopt=(dt=5.78,rms=0.4833)
#GCMRL#  471 dt   8.092000 rms  0.483  0.000% neg 0  invalid 762 tFOTS 4.1790 tGradient 1.7930 tsec 6.2670
#GCMRL#  472 dt   8.092000 rms  0.483  0.001% neg 0  invalid 762 tFOTS 0.0000 tGradient 1.8780 tsec 2.1190

#GCAMreg# pass 0 level1 5 level2 1 tsec 25.744 sigma 0.5
l_jacobian=1.00 l_label=1.00 l_log_likelihood=0.20 l_smoothness=0.01 
tol=2.50e-01, dt=5.00e-02, exp_k=20.0, momentum=0.90, levels=6, niter=500, lbl_dist=10.00, avgs=256, sigma=0.5,type=2, relabel=0, neg=yes

blurring input image with Gaussian with sigma=0.500...
GCAMRegisterLevel(): init RMS 0.48388
#FOTS# QuadFit found better minimum quadopt=(dt=129.472,rms=0.48296) vs oldopt=(dt=92.48,rms=0.483014)
#GCMRL#  474 dt 129.472000 rms  0.483  0.190% neg 0  invalid 762 tFOTS 4.4620 tGradient 2.0310 tsec 6.8320
#FOTS# QuadFit found better minimum quadopt=(dt=295.936,rms=0.482684) vs oldopt=(dt=369.92,rms=0.482696)
#GCMRL#  475 dt 295.936000 rms  0.483  0.000% neg 0  invalid 762 tFOTS 4.9160 tGradient 2.0300 tsec 7.2940
setting smoothness cost coefficient to 0.031

#GCAMreg# pass 0 level1 4 level2 0 tsec 0 sigma 2
l_jacobian=1.00 l_label=1.00 l_log_likelihood=0.20 l_smoothness=0.03 
tol=2.50e-01, dt=5.00e-02, exp_k=20.0, momentum=0.90, levels=6, niter=500, lbl_dist=10.00, avgs=64, sigma=2.0,type=2, relabel=0, neg=yes

blurring input image with Gaussian with sigma=2.000...
GCAMRegisterLevel(): init RMS 0.483307
#FOTS# QuadFit found better minimum quadopt=(dt=36.288,rms=0.482286) vs oldopt=(dt=25.92,rms=0.482328)
#GCMRL#  477 dt  36.288000 rms  0.482  0.211% neg 0  invalid 762 tFOTS 4.9280 tGradient 1.7500 tsec 6.9960
#FOTS# QuadFit found better minimum quadopt=(dt=31.104,rms=0.482205) vs oldopt=(dt=25.92,rms=0.482209)
#GCMRL#  478 dt  31.104000 rms  0.482  0.000% neg 0  invalid 762 tFOTS 5.1290 tGradient 1.6490 tsec 7.1080
#GCMRL#  479 dt  31.104000 rms  0.482  0.017% neg 0  invalid 762 tFOTS 0.0000 tGradient 1.6440 tsec 1.9490

#GCAMreg# pass 0 level1 4 level2 1 tsec 26.921 sigma 0.5
l_jacobian=1.00 l_label=1.00 l_log_likelihood=0.20 l_smoothness=0.03 
tol=2.50e-01, dt=5.00e-02, exp_k=20.0, momentum=0.90, levels=6, niter=500, lbl_dist=10.00, avgs=64, sigma=0.5,type=2, relabel=0, neg=yes

blurring input image with Gaussian with sigma=0.500...
GCAMRegisterLevel(): init RMS 0.482705
#FOTS# QuadFit found better minimum quadopt=(dt=81.9548,rms=0.480537) vs oldopt=(dt=103.68,rms=0.480641)
#GCMRL#  481 dt  81.954751 rms  0.481  0.449% neg 0  invalid 762 tFOTS 5.1370 tGradient 1.6470 tsec 7.0980
iter 0, gcam->neg = 2
after 2 iterations, nbhd size=0, neg = 0
#GCMRL#  482 dt 103.680000 rms  0.480  0.000% neg 0  invalid 762 tFOTS 4.9530 tGradient 1.6930 tsec 8.3070
setting smoothness cost coefficient to 0.118

#GCAMreg# pass 0 level1 3 level2 0 tsec 0 sigma 2
l_jacobian=1.00 l_label=1.00 l_log_likelihood=0.20 l_smoothness=0.12 
tol=2.50e-01, dt=5.00e-02, exp_k=20.0, momentum=0.90, levels=6, niter=500, lbl_dist=10.00, avgs=16, sigma=2.0,type=2, relabel=0, neg=yes

blurring input image with Gaussian with sigma=2.000...
GCAMRegisterLevel(): init RMS 0.480355
#FOTS# QuadFit found better minimum quadopt=(dt=52.0159,rms=0.474935) vs oldopt=(dt=32,rms=0.475514)
iter 0, gcam->neg = 11
after 13 iterations, nbhd size=1, neg = 0
#GCMRL#  484 dt  52.015936 rms  0.475  1.111% neg 0  invalid 762 tFOTS 5.2840 tGradient 1.4470 tsec 12.5240
#FOTS# QuadFit found better minimum quadopt=(dt=76.544,rms=0.470269) vs oldopt=(dt=32,rms=0.471585)
iter 0, gcam->neg = 8
after 6 iterations, nbhd size=0, neg = 0
#GCMRL#  485 dt  76.544000 rms  0.470  0.996% neg 0  invalid 762 tFOTS 6.6800 tGradient 1.7980 tsec 12.1210
#FOTS# QuadFit found better minimum quadopt=(dt=25.2696,rms=0.46801) vs oldopt=(dt=32,rms=0.468232)
#GCMRL#  486 dt  25.269598 rms  0.468  0.484% neg 0  invalid 762 tFOTS 6.4080 tGradient 2.4240 tsec 9.2480
#FOTS# QuadFit found better minimum quadopt=(dt=38.4,rms=0.467248) vs oldopt=(dt=32,rms=0.467258)
iter 0, gcam->neg = 6
after 1 iterations, nbhd size=0, neg = 0
#GCMRL#  487 dt  38.400000 rms  0.467  0.000% neg 0  invalid 762 tFOTS 6.3070 tGradient 1.7870 tsec 9.6580
iter 0, gcam->neg = 2
after 1 iterations, nbhd size=0, neg = 0
#GCMRL#  488 dt  38.400000 rms  0.466  0.206% neg 0  invalid 762 tFOTS 0.0000 tGradient 1.8490 tsec 3.4000
iter 0, gcam->neg = 2
after 1 iterations, nbhd size=0, neg = 0
#GCMRL#  489 dt  38.400000 rms  0.465  0.373% neg 0  invalid 762 tFOTS 0.0000 tGradient 1.9670 tsec 3.3750
iter 0, gcam->neg = 7
after 3 iterations, nbhd size=0, neg = 0
#GCMRL#  490 dt  38.400000 rms  0.463  0.257% neg 0  invalid 762 tFOTS 0.0000 tGradient 1.8820 tsec 4.1050
iter 0, gcam->neg = 9
after 10 iterations, nbhd size=1, neg = 0
#GCMRL#  491 dt  38.400000 rms  0.461  0.407% neg 0  invalid 762 tFOTS 0.0000 tGradient 1.8690 tsec 6.7470
iter 0, gcam->neg = 16
after 17 iterations, nbhd size=1, neg = 0
#GCMRL#  492 dt  38.400000 rms  0.460  0.223% neg 0  invalid 762 tFOTS 0.0000 tGradient 1.8280 tsec 9.5110
iter 0, gcam->neg = 12
after 3 iterations, nbhd size=0, neg = 0
#GCMRL#  493 dt  38.400000 rms  0.459  0.297% neg 0  invalid 762 tFOTS 0.0000 tGradient 1.8820 tsec 4.1400
iter 0, gcam->neg = 23
after 13 iterations, nbhd size=1, neg = 0
#GCMRL#  494 dt  38.400000 rms  0.459  0.101% neg 0  invalid 762 tFOTS 0.0000 tGradient 1.8140 tsec 7.9930
iter 0, gcam->neg = 25
after 14 iterations, nbhd size=1, neg = 0
#GCMRL#  495 dt  38.400000 rms  0.458  0.212% neg 0  invalid 762 tFOTS 0.0000 tGradient 1.7980 tsec 7.9030
iter 0, gcam->neg = 21
after 16 iterations, nbhd size=1, neg = 0
#GCMRL#  496 dt  38.400000 rms  0.457  0.108% neg 0  invalid 762 tFOTS 0.0000 tGradient 1.7710 tsec 8.7950
iter 0, gcam->neg = 29
after 6 iterations, nbhd size=0, neg = 0
#GCMRL#  497 dt  38.400000 rms  0.457  0.126% neg 0  invalid 762 tFOTS 0.0000 tGradient 1.7410 tsec 4.6490
iter 0, gcam->neg = 26
after 10 iterations, nbhd size=0, neg = 0
#GCMRL#  498 dt  38.400000 rms  0.456  0.095% neg 0  invalid 762 tFOTS 0.0000 tGradient 1.4600 tsec 5.7180
iter 0, gcam->neg = 26
after 8 iterations, nbhd size=0, neg = 0
#GCMRL#  499 dt  38.400000 rms  0.456  0.090% neg 0  invalid 762 tFOTS 0.0000 tGradient 1.6260 tsec 5.0140
#FOTS# QuadFit found better minimum quadopt=(dt=25.6,rms=0.455203) vs oldopt=(dt=32,rms=0.455286)
iter 0, gcam->neg = 1
after 0 iterations, nbhd size=0, neg = 0
#GCMRL#  500 dt  25.600000 rms  0.455  0.113% neg 0  invalid 762 tFOTS 4.9340 tGradient 1.4510 tsec 7.3180
#FOTS# QuadFit found better minimum quadopt=(dt=25.6,rms=0.454943) vs oldopt=(dt=32,rms=0.454961)
#GCMRL#  501 dt  25.600000 rms  0.455  0.000% neg 0  invalid 762 tFOTS 4.6180 tGradient 1.4250 tsec 6.3820
iter 0, gcam->neg = 1
after 4 iterations, nbhd size=0, neg = 0
#GCMRL#  502 dt  25.600000 rms  0.455  0.021% neg 0  invalid 762 tFOTS 0.0000 tGradient 1.4810 tsec 3.7600
iter 0, gcam->neg = 3
after 9 iterations, nbhd size=1, neg = 0
#GCMRL#  503 dt  25.600000 rms  0.455  0.035% neg 0  invalid 762 tFOTS 0.0000 tGradient 1.3440 tsec 5.2780
iter 0, gcam->neg = 1
after 2 iterations, nbhd size=0, neg = 0
#GCMRL#  504 dt  25.600000 rms  0.455  0.028% neg 0  invalid 762 tFOTS 0.0000 tGradient 1.4100 tsec 2.9380
iter 0, gcam->neg = 3
after 3 iterations, nbhd size=0, neg = 0
#GCMRL#  505 dt  25.600000 rms  0.454  0.039% neg 0  invalid 762 tFOTS 0.0000 tGradient 1.4660 tsec 3.3840
iter 0, gcam->neg = 10
after 5 iterations, nbhd size=0, neg = 0

#GCAMreg# pass 0 level1 3 level2 1 tsec 156.696 sigma 0.5
l_jacobian=1.00 l_label=1.00 l_log_likelihood=0.20 l_smoothness=0.12 
tol=2.50e-01, dt=5.00e-02, exp_k=20.0, momentum=0.90, levels=6, niter=500, lbl_dist=10.00, avgs=16, sigma=0.5,type=2, relabel=0, neg=yes

blurring input image with Gaussian with sigma=0.500...
GCAMRegisterLevel(): init RMS 0.455017
#FOTS# QuadFit found better minimum quadopt=(dt=38.4,rms=0.45137) vs oldopt=(dt=32,rms=0.451488)
#GCMRL#  507 dt  38.400000 rms  0.451  0.802% neg 0  invalid 762 tFOTS 4.7680 tGradient 1.4720 tsec 6.5430
#FOTS# QuadFit found better minimum quadopt=(dt=31.4811,rms=0.450174) vs oldopt=(dt=32,rms=0.450178)
#GCMRL#  508 dt  31.481081 rms  0.450  0.265% neg 0  invalid 762 tFOTS 4.8660 tGradient 1.3960 tsec 6.5860
#FOTS# QuadFit found better minimum quadopt=(dt=25.6,rms=0.449521) vs oldopt=(dt=32,rms=0.449585)
#GCMRL#  509 dt  25.600000 rms  0.450  0.000% neg 0  invalid 762 tFOTS 5.1120 tGradient 1.4920 tsec 6.9560
#GCMRL#  510 dt  25.600000 rms  0.449  0.127% neg 0  invalid 762 tFOTS 0.0000 tGradient 1.4920 tsec 1.7940
#GCMRL#  511 dt  25.600000 rms  0.448  0.165% neg 0  invalid 762 tFOTS 0.0000 tGradient 1.5380 tsec 1.8370
iter 0, gcam->neg = 1
after 0 iterations, nbhd size=0, neg = 0
#GCMRL#  512 dt  25.600000 rms  0.448  0.149% neg 0  invalid 762 tFOTS 0.0000 tGradient 1.5250 tsec 2.4770
#GCMRL#  513 dt  25.600000 rms  0.447  0.105% neg 0  invalid 762 tFOTS 0.0000 tGradient 1.5760 tsec 1.8950
iter 0, gcam->neg = 1
after 0 iterations, nbhd size=0, neg = 0
#GCMRL#  514 dt  25.600000 rms  0.447  0.060% neg 0  invalid 762 tFOTS 0.0000 tGradient 1.5270 tsec 2.5060
#FOTS# QuadFit found better minimum quadopt=(dt=11.2,rms=0.446664) vs oldopt=(dt=8,rms=0.446695)
#GCMRL#  515 dt  11.200000 rms  0.447  0.000% neg 0  invalid 762 tFOTS 5.3350 tGradient 1.4970 tsec 7.1930
#GCMRL#  516 dt  11.200000 rms  0.447  0.024% neg 0  invalid 762 tFOTS 0.0000 tGradient 1.4450 tsec 1.7450
#GCMRL#  517 dt  11.200000 rms  0.446  0.017% neg 0  invalid 762 tFOTS 0.0000 tGradient 1.4560 tsec 1.7560
#GCMRL#  518 dt  11.200000 rms  0.446  0.017% neg 0  invalid 762 tFOTS 0.0000 tGradient 1.4870 tsec 1.8080
iter 0, gcam->neg = 2
after 4 iterations, nbhd size=0, neg = 0
setting smoothness cost coefficient to 0.400

#GCAMreg# pass 0 level1 2 level2 0 tsec 0 sigma 2
l_jacobian=1.00 l_label=1.00 l_log_likelihood=0.20 l_smoothness=0.40 
tol=2.50e-01, dt=5.00e-02, exp_k=20.0, momentum=0.90, levels=6, niter=500, lbl_dist=10.00, avgs=4, sigma=2.0,type=2, relabel=0, neg=yes

blurring input image with Gaussian with sigma=2.000...
GCAMRegisterLevel(): init RMS 0.455214
#FOTS# QuadFit found better minimum quadopt=(dt=0.576,rms=0.454562) vs oldopt=(dt=0.72,rms=0.454563)
#GCMRL#  520 dt   0.576000 rms  0.455  0.143% neg 0  invalid 762 tFOTS 5.3440 tGradient 1.4020 tsec 7.0810
#FOTS# QuadFit found better minimum quadopt=(dt=0.144,rms=0.454563) vs oldopt=(dt=0.18,rms=0.454563)

#GCAMreg# pass 0 level1 2 level2 1 tsec 23.756 sigma 0.5
l_jacobian=1.00 l_label=1.00 l_log_likelihood=0.20 l_smoothness=0.40 
tol=2.50e-01, dt=5.00e-02, exp_k=20.0, momentum=0.90, levels=6, niter=500, lbl_dist=10.00, avgs=4, sigma=0.5,type=2, relabel=0, neg=yes

blurring input image with Gaussian with sigma=0.500...
GCAMRegisterLevel(): init RMS 0.455206
iter 0, gcam->neg = 1
after 0 iterations, nbhd size=0, neg = 0
#GCMRL#  522 dt   2.880000 rms  0.454  0.177% neg 0  invalid 762 tFOTS 5.4220 tGradient 1.4140 tsec 7.8130
#FOTS# QuadFit found better minimum quadopt=(dt=1.5,rms=0.454367) vs oldopt=(dt=0.72,rms=0.454379)
#GCMRL#  523 dt   1.500000 rms  0.454  0.000% neg 0  invalid 762 tFOTS 4.9410 tGradient 1.3620 tsec 6.6630
setting smoothness cost coefficient to 1.000

#GCAMreg# pass 0 level1 1 level2 0 tsec 0 sigma 2
l_jacobian=1.00 l_label=1.00 l_log_likelihood=0.20 l_smoothness=1.00 
tol=2.50e-01, dt=5.00e-02, exp_k=20.0, momentum=0.90, levels=6, niter=500, lbl_dist=10.00, avgs=1, sigma=2.0,type=2, relabel=0, neg=yes

blurring input image with Gaussian with sigma=2.000...
GCAMRegisterLevel(): init RMS 0.468919
#GCMRL#  525 dt   1.280000 rms  0.467  0.406% neg 0  invalid 762 tFOTS 4.4690 tGradient 1.1560 tsec 5.9190
#FOTS# QuadFit found better minimum quadopt=(dt=0.448,rms=0.466916) vs oldopt=(dt=0.32,rms=0.466923)
#GCMRL#  526 dt   0.448000 rms  0.467  0.000% neg 0  invalid 762 tFOTS 4.4550 tGradient 1.1550 tsec 5.9370

#GCAMreg# pass 0 level1 1 level2 1 tsec 22.695 sigma 0.5
l_jacobian=1.00 l_label=1.00 l_log_likelihood=0.20 l_smoothness=1.00 
tol=2.50e-01, dt=5.00e-02, exp_k=20.0, momentum=0.90, levels=6, niter=500, lbl_dist=10.00, avgs=1, sigma=0.5,type=2, relabel=0, neg=yes

blurring input image with Gaussian with sigma=0.500...
GCAMRegisterLevel(): init RMS 0.46752
#FOTS# QuadFit found better minimum quadopt=(dt=1.536,rms=0.466124) vs oldopt=(dt=1.28,rms=0.466143)
iter 0, gcam->neg = 1
after 0 iterations, nbhd size=0, neg = 0
#GCMRL#  528 dt   1.536000 rms  0.466  0.299% neg 0  invalid 762 tFOTS 4.4830 tGradient 1.2150 tsec 6.5950
#FOTS# QuadFit found better minimum quadopt=(dt=0.448,rms=0.466054) vs oldopt=(dt=0.32,rms=0.466066)
#GCMRL#  529 dt   0.448000 rms  0.466  0.000% neg 0  invalid 762 tFOTS 4.4060 tGradient 1.1640 tsec 5.8950
#GCMRL#  530 dt   0.448000 rms  0.466  0.005% neg 0  invalid 762 tFOTS 0.0000 tGradient 1.1590 tsec 1.4500
resetting metric properties...
setting smoothness cost coefficient to 2.000

#GCAMreg# pass 0 level1 0 level2 0 tsec 0 sigma 2
l_jacobian=1.00 l_label=1.00 l_log_likelihood=0.20 l_smoothness=2.00 
tol=2.50e-01, dt=5.00e-02, exp_k=20.0, momentum=0.90, levels=6, niter=500, lbl_dist=10.00, avgs=0, sigma=2.0,type=2, relabel=0, neg=yes

blurring input image with Gaussian with sigma=2.000...
GCAMRegisterLevel(): init RMS 0.455925
#FOTS# QuadFit found better minimum quadopt=(dt=2.09782,rms=0.427792) vs oldopt=(dt=1.28,rms=0.432198)
iter 0, gcam->neg = 768
after 14 iterations, nbhd size=1, neg = 0
#GCMRL#  532 dt   2.097820 rms  0.429  5.924% neg 0  invalid 762 tFOTS 4.7270 tGradient 0.7710 tsec 10.9730
#FOTS# QuadFit found better minimum quadopt=(dt=0.028,rms=0.428843) vs oldopt=(dt=0.02,rms=0.428857)
#GCMRL#  533 dt   0.028000 rms  0.429  0.000% neg 0  invalid 762 tFOTS 4.5890 tGradient 0.7680 tsec 5.6850
#GCMRL#  534 dt   0.028000 rms  0.429  0.005% neg 0  invalid 762 tFOTS 0.0000 tGradient 0.7320 tsec 1.0470

#GCAMreg# pass 0 level1 0 level2 1 tsec 28.227 sigma 0.5
l_jacobian=1.00 l_label=1.00 l_log_likelihood=0.20 l_smoothness=2.00 
tol=2.50e-01, dt=5.00e-02, exp_k=20.0, momentum=0.90, levels=6, niter=500, lbl_dist=10.00, avgs=0, sigma=0.5,type=2, relabel=0, neg=yes

blurring input image with Gaussian with sigma=0.500...
GCAMRegisterLevel(): init RMS 0.429497
#FOTS# QuadFit found better minimum quadopt=(dt=0.048,rms=0.428739) vs oldopt=(dt=0.08,rms=0.428764)
#GCMRL#  536 dt   0.048000 rms  0.429  0.177% neg 0  invalid 762 tFOTS 4.4760 tGradient 0.7340 tsec 5.5330
#FOTS# QuadFit found better minimum quadopt=(dt=0.004,rms=0.428737) vs oldopt=(dt=0.005,rms=0.428737)
#GCMRL#  537 dt   0.004000 rms  0.429  0.000% neg 0  invalid 762 tFOTS 4.4830 tGradient 0.7350 tsec 5.5410
label assignment complete, 0 changed (0.00%)
GCAMregister done in 6.93187 min
Starting GCAMcomputeMaxPriorLabels()
Morphing with label term set to 0 *******************************
Starting GCAMregister()
label assignment complete, 0 changed (0.00%)
npasses = 1, nlevels = 6
#pass# 1 of 1 ************************
enabling zero nodes
setting smoothness cost coefficient to 0.008

#GCAMreg# pass 0 level1 5 level2 0 tsec 0 sigma 2
l_jacobian=1.00 l_log_likelihood=0.20 l_smoothness=0.01 
tol=2.50e-01, dt=5.00e-02, exp_k=20.0, momentum=0.90, levels=6, niter=500, lbl_dist=10.00, avgs=256, sigma=2.0,type=2, relabel=0, neg=yes

blurring input image with Gaussian with sigma=2.000...
GCAMRegisterLevel(): init RMS 0.415049

#GCAMreg# pass 0 level1 5 level2 1 tsec 14.832 sigma 0.5
l_jacobian=1.00 l_log_likelihood=0.20 l_smoothness=0.01 
tol=2.50e-01, dt=5.00e-02, exp_k=20.0, momentum=0.90, levels=6, niter=500, lbl_dist=10.00, avgs=256, sigma=0.5,type=2, relabel=0, neg=yes

blurring input image with Gaussian with sigma=0.500...
GCAMRegisterLevel(): init RMS 0.415049
#FOTS# QuadFit found better minimum quadopt=(dt=32.368,rms=0.415021) vs oldopt=(dt=23.12,rms=0.415027)
#GCMRL#  540 dt  32.368000 rms  0.415  0.007% neg 0  invalid 762 tFOTS 4.3120 tGradient 1.2680 tsec 5.8620
#FOTS# QuadFit found better minimum quadopt=(dt=32.368,rms=0.415011) vs oldopt=(dt=23.12,rms=0.415013)
#GCMRL#  541 dt  32.368000 rms  0.415  0.000% neg 0  invalid 762 tFOTS 4.3550 tGradient 1.1910 tsec 5.8580
#GCMRL#  542 dt  32.368000 rms  0.415  0.001% neg 0  invalid 762 tFOTS 0.0000 tGradient 1.2460 tsec 1.4850
#GCMRL#  543 dt  32.368000 rms  0.415  0.000% neg 0  invalid 762 tFOTS 0.0000 tGradient 1.2280 tsec 1.4740
setting smoothness cost coefficient to 0.031

#GCAMreg# pass 0 level1 4 level2 0 tsec 0 sigma 2
l_jacobian=1.00 l_log_likelihood=0.20 l_smoothness=0.03 
tol=2.50e-01, dt=5.00e-02, exp_k=20.0, momentum=0.90, levels=6, niter=500, lbl_dist=10.00, avgs=64, sigma=2.0,type=2, relabel=0, neg=yes

blurring input image with Gaussian with sigma=2.000...
GCAMRegisterLevel(): init RMS 0.415174

#GCAMreg# pass 0 level1 4 level2 1 tsec 14.857 sigma 0.5
l_jacobian=1.00 l_log_likelihood=0.20 l_smoothness=0.03 
tol=2.50e-01, dt=5.00e-02, exp_k=20.0, momentum=0.90, levels=6, niter=500, lbl_dist=10.00, avgs=64, sigma=0.5,type=2, relabel=0, neg=yes

blurring input image with Gaussian with sigma=0.500...
GCAMRegisterLevel(): init RMS 0.415174
#GCMRL#  546 dt 103.680000 rms  0.415  0.059% neg 0  invalid 762 tFOTS 4.3680 tGradient 1.0630 tsec 5.7290
#FOTS# QuadFit found better minimum quadopt=(dt=145.152,rms=0.414679) vs oldopt=(dt=103.68,rms=0.414696)
#GCMRL#  547 dt 145.152000 rms  0.415  0.060% neg 0  invalid 762 tFOTS 4.2930 tGradient 1.0390 tsec 5.6280
#FOTS# QuadFit found better minimum quadopt=(dt=36.288,rms=0.414602) vs oldopt=(dt=25.92,rms=0.414612)
#GCMRL#  548 dt  36.288000 rms  0.415  0.000% neg 0  invalid 762 tFOTS 4.4890 tGradient 1.0140 tsec 5.8350
#GCMRL#  549 dt  36.288000 rms  0.415  0.007% neg 0  invalid 762 tFOTS 0.0000 tGradient 1.0140 tsec 1.3000
#GCMRL#  550 dt  36.288000 rms  0.415  0.011% neg 0  invalid 762 tFOTS 0.0000 tGradient 1.0480 tsec 1.3100
#GCMRL#  551 dt  36.288000 rms  0.414  0.016% neg 0  invalid 762 tFOTS 0.0000 tGradient 0.9890 tsec 1.2690
#GCMRL#  552 dt  36.288000 rms  0.414  0.020% neg 0  invalid 762 tFOTS 0.0000 tGradient 0.9950 tsec 1.2530
#GCMRL#  553 dt  36.288000 rms  0.414  0.019% neg 0  invalid 762 tFOTS 0.0000 tGradient 0.9800 tsec 1.2360
setting smoothness cost coefficient to 0.118

#GCAMreg# pass 0 level1 3 level2 0 tsec 0 sigma 2
l_jacobian=1.00 l_log_likelihood=0.20 l_smoothness=0.12 
tol=2.50e-01, dt=5.00e-02, exp_k=20.0, momentum=0.90, levels=6, niter=500, lbl_dist=10.00, avgs=16, sigma=2.0,type=2, relabel=0, neg=yes

blurring input image with Gaussian with sigma=2.000...
GCAMRegisterLevel(): init RMS 0.414916
#GCMRL#  555 dt   8.000000 rms  0.415  0.041% neg 0  invalid 762 tFOTS 5.0100 tGradient 0.9460 tsec 6.2570
#FOTS# QuadFit found better minimum quadopt=(dt=2.8,rms=0.414727) vs oldopt=(dt=2,rms=0.41473)
#GCMRL#  556 dt   2.800000 rms  0.415  0.000% neg 0  invalid 762 tFOTS 4.7140 tGradient 0.8680 tsec 5.9040
#GCMRL#  557 dt   2.800000 rms  0.415  0.002% neg 0  invalid 762 tFOTS 0.0000 tGradient 0.9460 tsec 1.2590

#GCAMreg# pass 0 level1 3 level2 1 tsec 24.091 sigma 0.5
l_jacobian=1.00 l_log_likelihood=0.20 l_smoothness=0.12 
tol=2.50e-01, dt=5.00e-02, exp_k=20.0, momentum=0.90, levels=6, niter=500, lbl_dist=10.00, avgs=16, sigma=0.5,type=2, relabel=0, neg=yes

blurring input image with Gaussian with sigma=0.500...
GCAMRegisterLevel(): init RMS 0.414718
#FOTS# QuadFit found better minimum quadopt=(dt=80,rms=0.412158) vs oldopt=(dt=32,rms=0.412736)
iter 0, gcam->neg = 5
after 7 iterations, nbhd size=1, neg = 0
#GCMRL#  559 dt  80.000000 rms  0.412  0.603% neg 0  invalid 762 tFOTS 4.8660 tGradient 0.9550 tsec 9.0810
#FOTS# QuadFit found better minimum quadopt=(dt=24.5746,rms=0.410404) vs oldopt=(dt=32,rms=0.410608)
iter 0, gcam->neg = 1
after 2 iterations, nbhd size=0, neg = 0
#GCMRL#  560 dt  24.574586 rms  0.410  0.439% neg 0  invalid 762 tFOTS 5.1180 tGradient 0.9570 tsec 7.7140
#FOTS# QuadFit found better minimum quadopt=(dt=44.8,rms=0.409815) vs oldopt=(dt=32,rms=0.409901)
iter 0, gcam->neg = 4
after 7 iterations, nbhd size=1, neg = 0
#GCMRL#  561 dt  44.800000 rms  0.410  0.000% neg 0  invalid 762 tFOTS 4.9240 tGradient 0.9660 tsec 9.1950
iter 0, gcam->neg = 4
after 2 iterations, nbhd size=0, neg = 0
#GCMRL#  562 dt  44.800000 rms  0.409  0.138% neg 0  invalid 762 tFOTS 0.0000 tGradient 0.9750 tsec 2.6250
iter 0, gcam->neg = 7
after 11 iterations, nbhd size=1, neg = 0
#GCMRL#  563 dt  44.800000 rms  0.408  0.227% neg 0  invalid 762 tFOTS 0.0000 tGradient 0.9960 tsec 5.6250
iter 0, gcam->neg = 14
after 8 iterations, nbhd size=1, neg = 0
#GCMRL#  564 dt  44.800000 rms  0.407  0.222% neg 0  invalid 762 tFOTS 0.0000 tGradient 0.9060 tsec 4.3680
iter 0, gcam->neg = 19
after 15 iterations, nbhd size=1, neg = 0
#GCMRL#  565 dt  44.800000 rms  0.406  0.311% neg 0  invalid 762 tFOTS 0.0000 tGradient 1.0900 tsec 7.0760
iter 0, gcam->neg = 32
after 14 iterations, nbhd size=1, neg = 0
#GCMRL#  566 dt  44.800000 rms  0.405  0.170% neg 0  invalid 762 tFOTS 0.0000 tGradient 0.9790 tsec 6.5830
iter 0, gcam->neg = 29
after 15 iterations, nbhd size=1, neg = 0
#GCMRL#  567 dt  44.800000 rms  0.405  0.179% neg 0  invalid 762 tFOTS 0.0000 tGradient 1.0040 tsec 6.9950
iter 0, gcam->neg = 19
after 7 iterations, nbhd size=0, neg = 0
#GCMRL#  568 dt  44.800000 rms  0.404  0.134% neg 0  invalid 762 tFOTS 0.0000 tGradient 0.9750 tsec 4.1440
iter 0, gcam->neg = 16
after 3 iterations, nbhd size=0, neg = 0
#GCMRL#  569 dt  44.800000 rms  0.404  0.144% neg 0  invalid 762 tFOTS 0.0000 tGradient 1.0550 tsec 2.9960
iter 0, gcam->neg = 8
after 9 iterations, nbhd size=1, neg = 0
#GCMRL#  570 dt  44.800000 rms  0.403  0.101% neg 0  invalid 762 tFOTS 0.0000 tGradient 0.9810 tsec 4.8710
iter 0, gcam->neg = 8
after 6 iterations, nbhd size=0, neg = 0
#GCMRL#  571 dt  44.800000 rms  0.403  0.037% neg 0  invalid 762 tFOTS 0.0000 tGradient 0.9820 tsec 4.0100
iter 0, gcam->neg = 1
after 1 iterations, nbhd size=0, neg = 0
#GCMRL#  572 dt  32.000000 rms  0.403  0.062% neg 0  invalid 762 tFOTS 5.0010 tGradient 0.9740 tsec 7.3660
#FOTS# QuadFit found better minimum quadopt=(dt=25.6,rms=0.402766) vs oldopt=(dt=32,rms=0.402774)
#GCMRL#  573 dt  25.600000 rms  0.403  0.000% neg 0  invalid 762 tFOTS 4.4130 tGradient 1.0330 tsec 5.8050
iter 0, gcam->neg = 1
after 0 iterations, nbhd size=0, neg = 0
#GCMRL#  574 dt  25.600000 rms  0.403  0.015% neg 0  invalid 762 tFOTS 0.0000 tGradient 0.9360 tsec 1.8850
iter 0, gcam->neg = 2
after 3 iterations, nbhd size=0, neg = 0
#GCMRL#  575 dt  25.600000 rms  0.403  0.017% neg 0  invalid 762 tFOTS 0.0000 tGradient 0.9720 tsec 2.9660
iter 0, gcam->neg = 4
after 7 iterations, nbhd size=0, neg = 0
#GCMRL#  576 dt  25.600000 rms  0.403  0.003% neg 0  invalid 762 tFOTS 0.0000 tGradient 0.9430 tsec 4.2570
iter 0, gcam->neg = 6
after 2 iterations, nbhd size=0, neg = 0
setting smoothness cost coefficient to 0.400

#GCAMreg# pass 0 level1 2 level2 0 tsec 0 sigma 2
l_jacobian=1.00 l_log_likelihood=0.20 l_smoothness=0.40 
tol=2.50e-01, dt=5.00e-02, exp_k=20.0, momentum=0.90, levels=6, niter=500, lbl_dist=10.00, avgs=4, sigma=2.0,type=2, relabel=0, neg=yes

blurring input image with Gaussian with sigma=2.000...
GCAMRegisterLevel(): init RMS 0.408132
iter 0, gcam->neg = 1
after 2 iterations, nbhd size=0, neg = 0
#GCMRL#  578 dt   0.720000 rms  0.408  0.002% neg 0  invalid 762 tFOTS 4.5750 tGradient 1.0430 tsec 7.2110
#FOTS# QuadFit found better minimum quadopt=(dt=0.0625,rms=0.408123) vs oldopt=(dt=0.045,rms=0.408123)
#GCMRL#  579 dt   0.062500 rms  0.408  0.000% neg 0  invalid 762 tFOTS 4.6750 tGradient 0.9110 tsec 5.9430

#GCAMreg# pass 0 level1 2 level2 1 tsec 23.298 sigma 0.5
l_jacobian=1.00 l_log_likelihood=0.20 l_smoothness=0.40 
tol=2.50e-01, dt=5.00e-02, exp_k=20.0, momentum=0.90, levels=6, niter=500, lbl_dist=10.00, avgs=4, sigma=0.5,type=2, relabel=0, neg=yes

blurring input image with Gaussian with sigma=0.500...
GCAMRegisterLevel(): init RMS 0.408123
#FOTS# QuadFit found better minimum quadopt=(dt=3.77778,rms=0.407986) vs oldopt=(dt=2.88,rms=0.407995)
#GCMRL#  581 dt   3.777778 rms  0.408  0.033% neg 0  invalid 762 tFOTS 4.7380 tGradient 0.9510 tsec 5.9980
#FOTS# QuadFit found better minimum quadopt=(dt=2.304,rms=0.407949) vs oldopt=(dt=2.88,rms=0.407949)
iter 0, gcam->neg = 1
after 0 iterations, nbhd size=0, neg = 0
#GCMRL#  582 dt   2.304000 rms  0.408  0.000% neg 0  invalid 762 tFOTS 4.4670 tGradient 0.8860 tsec 6.3340
#GCMRL#  583 dt   2.304000 rms  0.408  0.003% neg 0  invalid 762 tFOTS 0.0000 tGradient 0.8620 tsec 1.1510
setting smoothness cost coefficient to 1.000

#GCAMreg# pass 0 level1 1 level2 0 tsec 0 sigma 2
l_jacobian=1.00 l_log_likelihood=0.20 l_smoothness=1.00 
tol=2.50e-01, dt=5.00e-02, exp_k=20.0, momentum=0.90, levels=6, niter=500, lbl_dist=10.00, avgs=1, sigma=2.0,type=2, relabel=0, neg=yes

blurring input image with Gaussian with sigma=2.000...
GCAMRegisterLevel(): init RMS 0.41714

#GCAMreg# pass 0 level1 1 level2 1 tsec 14.961 sigma 0.5
l_jacobian=1.00 l_log_likelihood=0.20 l_smoothness=1.00 
tol=2.50e-01, dt=5.00e-02, exp_k=20.0, momentum=0.90, levels=6, niter=500, lbl_dist=10.00, avgs=1, sigma=0.5,type=2, relabel=0, neg=yes

blurring input image with Gaussian with sigma=0.500...
GCAMRegisterLevel(): init RMS 0.41714
resetting metric properties...
setting smoothness cost coefficient to 2.000

#GCAMreg# pass 0 level1 0 level2 0 tsec 0 sigma 2
l_jacobian=1.00 l_log_likelihood=0.20 l_smoothness=2.00 
tol=2.50e-01, dt=5.00e-02, exp_k=20.0, momentum=0.90, levels=6, niter=500, lbl_dist=10.00, avgs=0, sigma=2.0,type=2, relabel=0, neg=yes

blurring input image with Gaussian with sigma=2.000...
GCAMRegisterLevel(): init RMS 0.401682
#FOTS# QuadFit found better minimum quadopt=(dt=1.06307,rms=0.393677) vs oldopt=(dt=1.28,rms=0.393989)
iter 0, gcam->neg = 431
after 15 iterations, nbhd size=1, neg = 0
#GCMRL#  587 dt   1.063071 rms  0.394  1.846% neg 0  invalid 762 tFOTS 4.7550 tGradient 0.3530 tsec 11.1450
#FOTS# QuadFit found better minimum quadopt=(dt=2.73438e-05,rms=0.394269) vs oldopt=(dt=1.95313e-05,rms=0.394269)
#GCMRL#  588 dt   0.000027 rms  0.394  0.000% neg 0  invalid 762 tFOTS 7.2750 tGradient 0.4050 tsec 8.1250

#GCAMreg# pass 0 level1 0 level2 1 tsec 29.81 sigma 0.5
l_jacobian=1.00 l_log_likelihood=0.20 l_smoothness=2.00 
tol=2.50e-01, dt=5.00e-02, exp_k=20.0, momentum=0.90, levels=6, niter=500, lbl_dist=10.00, avgs=0, sigma=0.5,type=2, relabel=0, neg=yes

blurring input image with Gaussian with sigma=0.500...
GCAMRegisterLevel(): init RMS 0.394269
#FOTS# QuadFit found better minimum quadopt=(dt=0.112,rms=0.394015) vs oldopt=(dt=0.08,rms=0.394045)
#GCMRL#  590 dt   0.112000 rms  0.394  0.064% neg 0  invalid 762 tFOTS 5.7160 tGradient 0.5230 tsec 6.5850
#FOTS# QuadFit found better minimum quadopt=(dt=0.112,rms=0.393886) vs oldopt=(dt=0.08,rms=0.393901)
#GCMRL#  591 dt   0.112000 rms  0.394  0.000% neg 0  invalid 762 tFOTS 5.3040 tGradient 0.3650 tsec 6.0290
#GCMRL#  592 dt   0.112000 rms  0.394  0.031% neg 0  invalid 762 tFOTS 0.0000 tGradient 0.3230 tsec 0.6580
#GCMRL#  593 dt   0.112000 rms  0.394  0.008% neg 0  invalid 762 tFOTS 0.0000 tGradient 0.3730 tsec 0.7510
GCAMregister done in 5.09805 min
writing output transformation to transforms/talairach.m3z...
GCAMwrite
Calls to gcamLogLikelihoodEnergy 4049 tmin = 1.69512
Calls to gcamLabelEnergy         3493 tmin = 0.973383
Calls to gcamJacobianEnergy      4049 tmin = 1.26182
Calls to gcamSmoothnessEnergy    4049 tmin = 3.94193
Calls to gcamLogLikelihoodTerm 595 tmin = 0.6627
Calls to gcamLabelTerm         539 tmin = 5.65848
Calls to gcamJacobianTerm      595 tmin = 1.17218
Calls to gcamSmoothnessTerm    595 tmin = 0.4893
Calls to gcamComputeGradient    595 tmin = 17.0891
Calls to gcamComputeMetricProperties    5890 tmin = 2.83655
mri_ca_register took 0 hours, 42 minutes and 47 seconds.
#VMPC# mri_ca_register VmPeak  3188220
FSRUNTIME@ mri_ca_register  0.7132 hours 16 threads
#--------------------------------------
#@# SubCort Seg Sat Mar  7 09:49:27 CET 2026

 mri_ca_label -relabel_unlikely 9 .3 -prior 0.5 -align norm.mgz transforms/talairach.m3z /opt/freesurfer/average/RB_all_2020-01-02.gca aseg.auto_noCCseg.mgz 

sysname  Linux
hostname dna079
machine  x86_64

setenv SUBJECTS_DIR /out/sourcedata/freesurfer
cd /out/sourcedata/freesurfer/sub-v1s20x0050301_ses-1/mri
mri_ca_label -relabel_unlikely 9 .3 -prior 0.5 -align norm.mgz transforms/talairach.m3z /opt/freesurfer/average/RB_all_2020-01-02.gca aseg.auto_noCCseg.mgz 

relabeling unlikely voxels with window_size = 9 and prior threshold 0.30
using Gibbs prior factor = 0.500
renormalizing sequences with structure alignment, equivalent to:
	-renormalize
	-renormalize_mean 0.500
	-regularize 0.500

== Number of threads available to for OpenMP = 16 == 
reading 1 input volumes
reading classifier array from /opt/freesurfer/average/RB_all_2020-01-02.gca
reading input volume from norm.mgz
average std[0] = 7.2
reading transform from transforms/talairach.m3z
setting orig areas to linear transform determinant scaled 7.13
Atlas used for the 3D morph was /opt/freesurfer/average/RB_all_2020-01-02.gca
average std = 7.2   using min determinant for regularization = 5.2
0 singular and 0 ill-conditioned covariance matrices regularized
labeling volume...
renormalizing by structure alignment....
renormalizing input #0
gca peak = 0.15521 (20)
mri peak = 0.09888 (21)
Left_Lateral_Ventricle (4): linear fit = 1.83 x + 0.0 (226 voxels, overlap=0.588)
Left_Lateral_Ventricle (4): linear fit = 1.50 x + 0.0 (226 voxels, peak = 36), gca=30.0
gca peak = 0.20380 (13)
mri peak = 0.08746 (35)
Right_Lateral_Ventricle (43): linear fit = 1.67 x + 0.0 (200 voxels, overlap=0.256)
Right_Lateral_Ventricle (43): linear fit = 1.50 x + 0.0 (200 voxels, peak = 22), gca=19.5
gca peak = 0.26283 (96)
mri peak = 0.16562 (93)
Right_Pallidum (52): linear fit = 0.96 x + 0.0 (634 voxels, overlap=0.886)
Right_Pallidum (52): linear fit = 0.96 x + 0.0 (634 voxels, peak = 93), gca=92.6
gca peak = 0.15814 (97)
mri peak = 0.14607 (94)
Left_Pallidum (13): linear fit = 0.96 x + 0.0 (799 voxels, overlap=0.814)
Left_Pallidum (13): linear fit = 0.96 x + 0.0 (799 voxels, peak = 94), gca=93.6
gca peak = 0.27624 (56)
mri peak = 0.10233 (62)
Right_Hippocampus (53): linear fit = 1.13 x + 0.0 (1066 voxels, overlap=0.363)
Right_Hippocampus (53): linear fit = 1.13 x + 0.0 (1066 voxels, peak = 64), gca=63.6
gca peak = 0.28723 (59)
mri peak = 0.08313 (62)
Left_Hippocampus (17): linear fit = 1.04 x + 0.0 (1477 voxels, overlap=0.771)
Left_Hippocampus (17): linear fit = 1.04 x + 0.0 (1477 voxels, peak = 62), gca=61.7
gca peak = 0.07623 (103)
mri peak = 0.11410 (103)
Right_Cerebral_White_Matter (41): linear fit = 1.00 x + 0.0 (62722 voxels, overlap=0.665)
Right_Cerebral_White_Matter (41): linear fit = 1.00 x + 0.0 (62722 voxels, peak = 103), gca=103.0
gca peak = 0.07837 (105)
mri peak = 0.11168 (104)
Left_Cerebral_White_Matter (2): linear fit = 1.00 x + 0.0 (65541 voxels, overlap=0.666)
Left_Cerebral_White_Matter (2): linear fit = 1.00 x + 0.0 (65541 voxels, peak = 105), gca=105.0
gca peak = 0.10165 (58)
mri peak = 0.04749 (61)
Left_Cerebral_Cortex (3): linear fit = 1.02 x + 0.0 (38825 voxels, overlap=0.968)
Left_Cerebral_Cortex (3): linear fit = 1.02 x + 0.0 (38825 voxels, peak = 59), gca=59.4
gca peak = 0.11113 (58)
mri peak = 0.04672 (58)
Right_Cerebral_Cortex (42): linear fit = 1.02 x + 0.0 (36618 voxels, overlap=0.961)
Right_Cerebral_Cortex (42): linear fit = 1.02 x + 0.0 (36618 voxels, peak = 59), gca=59.4
gca peak = 0.27796 (67)
mri peak = 0.09977 (68)
Right_Caudate (50): linear fit = 1.01 x + 0.0 (880 voxels, overlap=1.010)
Right_Caudate (50): linear fit = 1.01 x + 0.0 (880 voxels, peak = 68), gca=68.0
gca peak = 0.14473 (69)
mri peak = 0.09955 (69)
Left_Caudate (11): linear fit = 0.94 x + 0.0 (894 voxels, overlap=0.844)
Left_Caudate (11): linear fit = 0.94 x + 0.0 (894 voxels, peak = 65), gca=65.2
gca peak = 0.14301 (56)
mri peak = 0.04971 (59)
Left_Cerebellum_Cortex (8): linear fit = 1.04 x + 0.0 (34268 voxels, overlap=0.961)
Left_Cerebellum_Cortex (8): linear fit = 1.04 x + 0.0 (34268 voxels, peak = 59), gca=58.5
gca peak = 0.14610 (55)
mri peak = 0.04703 (56)
Right_Cerebellum_Cortex (47): linear fit = 1.04 x + 0.0 (38864 voxels, overlap=0.975)
Right_Cerebellum_Cortex (47): linear fit = 1.04 x + 0.0 (38864 voxels, peak = 57), gca=57.5
gca peak = 0.16309 (85)
mri peak = 0.12366 (87)
Left_Cerebellum_White_Matter (7): linear fit = 1.03 x + 0.0 (9622 voxels, overlap=0.744)
Left_Cerebellum_White_Matter (7): linear fit = 1.03 x + 0.0 (9622 voxels, peak = 88), gca=88.0
gca peak = 0.15172 (84)
mri peak = 0.13059 (85)
Right_Cerebellum_White_Matter (46): linear fit = 1.03 x + 0.0 (9293 voxels, overlap=0.702)
Right_Cerebellum_White_Matter (46): linear fit = 1.03 x + 0.0 (9293 voxels, peak = 87), gca=86.9
gca peak = 0.30461 (58)
mri peak = 0.09644 (71)
Left_Amygdala (18): linear fit = 1.22 x + 0.0 (833 voxels, overlap=0.065)
Left_Amygdala (18): linear fit = 1.22 x + 0.0 (833 voxels, peak = 70), gca=70.5
gca peak = 0.32293 (57)
mri peak = 0.09935 (72)
Right_Amygdala (54): linear fit = 1.24 x + 0.0 (940 voxels, overlap=0.050)
Right_Amygdala (54): linear fit = 1.24 x + 0.0 (940 voxels, peak = 70), gca=70.4
gca peak = 0.11083 (90)
mri peak = 0.07812 (88)
Left_Thalamus (10): linear fit = 1.00 x + 0.0 (5080 voxels, overlap=0.992)
Left_Thalamus (10): linear fit = 1.00 x + 0.0 (5080 voxels, peak = 90), gca=89.6
gca peak = 0.11393 (83)
mri peak = 0.08715 (88)
Right_Thalamus (49): linear fit = 1.04 x + 0.0 (4807 voxels, overlap=0.979)
Right_Thalamus (49): linear fit = 1.04 x + 0.0 (4807 voxels, peak = 87), gca=86.7
gca peak = 0.08575 (81)
mri peak = 0.07733 (78)
Left_Putamen (12): linear fit = 0.98 x + 0.0 (2002 voxels, overlap=0.898)
Left_Putamen (12): linear fit = 0.98 x + 0.0 (2002 voxels, peak = 79), gca=79.0
gca peak = 0.08618 (78)
mri peak = 0.08427 (81)
Right_Putamen (51): linear fit = 1.00 x + 0.0 (2267 voxels, overlap=0.992)
Right_Putamen (51): linear fit = 1.00 x + 0.0 (2267 voxels, peak = 78), gca=78.0
gca peak = 0.08005 (78)
mri peak = 0.08440 (83)
Brain_Stem (16): linear fit = 1.05 x + 0.0 (14856 voxels, overlap=0.491)
Brain_Stem (16): linear fit = 1.05 x + 0.0 (14856 voxels, peak = 82), gca=82.3
gca peak = 0.12854 (88)
mri peak = 0.08488 (92)
Right_VentralDC (60): linear fit = 1.02 x + 0.0 (2361 voxels, overlap=0.735)
Right_VentralDC (60): linear fit = 1.02 x + 0.0 (2361 voxels, peak = 90), gca=90.2
gca peak = 0.15703 (87)
mri peak = 0.07933 (89)
Left_VentralDC (28): linear fit = 1.03 x + 0.0 (2313 voxels, overlap=0.864)
Left_VentralDC (28): linear fit = 1.03 x + 0.0 (2313 voxels, peak = 90), gca=90.0
gca peak = 0.17522 (25)
mri peak = 0.13050 (44)
gca peak = 0.17113 (14)
mri peak = 0.20245 (15)
Fourth_Ventricle (15): linear fit = 0.90 x + 0.0 (274 voxels, overlap=0.706)
Fourth_Ventricle (15): linear fit = 0.90 x + 0.0 (274 voxels, peak = 13), gca=12.7
gca peak Unknown = 0.94777 ( 0)
gca peak Left_Inf_Lat_Vent = 0.16627 (28)
gca peak Third_Ventricle = 0.17522 (25)
gca peak CSF = 0.20346 (36)
gca peak Left_Accumbens_area = 0.70646 (62)
gca peak Left_undetermined = 1.00000 (28)
gca peak Left_vessel = 0.89917 (53)
gca peak Left_choroid_plexus = 0.11689 (35)
gca peak Right_Inf_Lat_Vent = 0.25504 (23)
gca peak Right_Accumbens_area = 0.31650 (65)
gca peak Right_vessel = 0.77268 (52)
gca peak Right_choroid_plexus = 0.13275 (38)
gca peak Fifth_Ventricle = 0.60973 (33)
gca peak WM_hypointensities = 0.11013 (77)
gca peak non_WM_hypointensities = 0.11354 (41)
gca peak Optic_Chiasm = 0.51646 (76)
not using caudate to estimate GM means
estimating mean gm scale to be 1.11 x + 0.0
estimating mean wm scale to be 1.00 x + 0.0
estimating mean csf scale to be 1.30 x + 0.0
saving intensity scales to aseg.auto_noCCseg.label_intensities.txt
renormalizing by structure alignment....
renormalizing input #0
gca peak = 0.14064 (28)
mri peak = 0.09888 (21)
Left_Lateral_Ventricle (4): linear fit = 0.75 x + 0.0 (226 voxels, overlap=0.499)
Left_Lateral_Ventricle (4): linear fit = 0.75 x + 0.0 (226 voxels, peak = 21), gca=21.1
gca peak = 0.16931 (19)
mri peak = 0.08746 (35)
Right_Lateral_Ventricle (43): linear fit = 1.11 x + 0.0 (200 voxels, overlap=0.623)
Right_Lateral_Ventricle (43): linear fit = 1.11 x + 0.0 (200 voxels, peak = 21), gca=21.0
gca peak = 0.22590 (91)
mri peak = 0.16562 (93)
Right_Pallidum (52): linear fit = 1.00 x + 0.0 (634 voxels, overlap=1.002)
Right_Pallidum (52): linear fit = 1.00 x + 0.0 (634 voxels, peak = 91), gca=90.5
gca peak = 0.18035 (93)
mri peak = 0.14607 (94)
Left_Pallidum (13): linear fit = 1.01 x + 0.0 (799 voxels, overlap=1.002)
Left_Pallidum (13): linear fit = 1.01 x + 0.0 (799 voxels, peak = 94), gca=94.4
gca peak = 0.24483 (63)
mri peak = 0.10233 (62)
Right_Hippocampus (53): linear fit = 0.96 x + 0.0 (1066 voxels, overlap=1.002)
Right_Hippocampus (53): linear fit = 0.96 x + 0.0 (1066 voxels, peak = 61), gca=60.8
gca peak = 0.34697 (59)
mri peak = 0.08313 (62)
Left_Hippocampus (17): linear fit = 1.00 x + 0.0 (1477 voxels, overlap=1.005)
Left_Hippocampus (17): linear fit = 1.00 x + 0.0 (1477 voxels, peak = 59), gca=59.0
gca peak = 0.07623 (103)
mri peak = 0.11410 (103)
Right_Cerebral_White_Matter (41): linear fit = 1.00 x + 0.0 (62722 voxels, overlap=0.665)
Right_Cerebral_White_Matter (41): linear fit = 1.00 x + 0.0 (62722 voxels, peak = 103), gca=103.0
gca peak = 0.07837 (105)
mri peak = 0.11168 (104)
Left_Cerebral_White_Matter (2): linear fit = 1.00 x + 0.0 (65541 voxels, overlap=0.666)
Left_Cerebral_White_Matter (2): linear fit = 1.00 x + 0.0 (65541 voxels, peak = 105), gca=105.0
gca peak = 0.09367 (59)
mri peak = 0.04749 (61)
Left_Cerebral_Cortex (3): linear fit = 1.02 x + 0.0 (38825 voxels, overlap=0.981)
Left_Cerebral_Cortex (3): linear fit = 1.02 x + 0.0 (38825 voxels, peak = 60), gca=60.5
gca peak = 0.11169 (60)
mri peak = 0.04672 (58)
Right_Cerebral_Cortex (42): linear fit = 0.99 x + 0.0 (36618 voxels, overlap=0.969)
Right_Cerebral_Cortex (42): linear fit = 0.99 x + 0.0 (36618 voxels, peak = 59), gca=59.1
gca peak = 0.26370 (68)
mri peak = 0.09977 (68)
Right_Caudate (50): linear fit = 1.00 x + 0.0 (880 voxels, overlap=1.008)
Right_Caudate (50): linear fit = 1.00 x + 0.0 (880 voxels, peak = 68), gca=68.0
gca peak = 0.13626 (65)
mri peak = 0.09955 (69)
Left_Caudate (11): linear fit = 0.95 x + 0.0 (894 voxels, overlap=0.883)
Left_Caudate (11): linear fit = 0.95 x + 0.0 (894 voxels, peak = 62), gca=62.1
gca peak = 0.13199 (58)
mri peak = 0.04971 (59)
Left_Cerebellum_Cortex (8): linear fit = 1.02 x + 0.0 (34268 voxels, overlap=0.996)
Left_Cerebellum_Cortex (8): linear fit = 1.02 x + 0.0 (34268 voxels, peak = 59), gca=59.4
gca peak = 0.15509 (58)
mri peak = 0.04703 (56)
Right_Cerebellum_Cortex (47): linear fit = 1.02 x + 0.0 (38864 voxels, overlap=0.995)
Right_Cerebellum_Cortex (47): linear fit = 1.02 x + 0.0 (38864 voxels, peak = 59), gca=59.4
gca peak = 0.16129 (88)
mri peak = 0.12366 (87)
Left_Cerebellum_White_Matter (7): linear fit = 1.00 x + 0.0 (9622 voxels, overlap=0.901)
Left_Cerebellum_White_Matter (7): linear fit = 1.00 x + 0.0 (9622 voxels, peak = 88), gca=87.6
gca peak = 0.14534 (87)
mri peak = 0.13059 (85)
Right_Cerebellum_White_Matter (46): linear fit = 1.00 x + 0.0 (9293 voxels, overlap=0.866)
Right_Cerebellum_White_Matter (46): linear fit = 1.00 x + 0.0 (9293 voxels, peak = 87), gca=87.0
gca peak = 0.26157 (69)
mri peak = 0.09644 (71)
Left_Amygdala (18): linear fit = 1.00 x + 0.0 (833 voxels, overlap=0.988)
Left_Amygdala (18): linear fit = 1.00 x + 0.0 (833 voxels, peak = 69), gca=69.0
gca peak = 0.26116 (71)
mri peak = 0.09935 (72)
Right_Amygdala (54): linear fit = 1.00 x + 0.0 (940 voxels, overlap=1.009)
Right_Amygdala (54): linear fit = 1.00 x + 0.0 (940 voxels, peak = 71), gca=71.0
gca peak = 0.10721 (88)
mri peak = 0.07812 (88)
Left_Thalamus (10): linear fit = 1.00 x + 0.0 (5080 voxels, overlap=0.996)
Left_Thalamus (10): linear fit = 1.00 x + 0.0 (5080 voxels, peak = 88), gca=87.6
gca peak = 0.09707 (86)
mri peak = 0.08715 (88)
Right_Thalamus (49): linear fit = 0.99 x + 0.0 (4807 voxels, overlap=0.949)
Right_Thalamus (49): linear fit = 0.99 x + 0.0 (4807 voxels, peak = 85), gca=84.7
gca peak = 0.08843 (77)
mri peak = 0.07733 (78)
Left_Putamen (12): linear fit = 1.00 x + 0.0 (2002 voxels, overlap=0.937)
Left_Putamen (12): linear fit = 1.00 x + 0.0 (2002 voxels, peak = 77), gca=77.0
gca peak = 0.08618 (78)
mri peak = 0.08427 (81)
Right_Putamen (51): linear fit = 1.00 x + 0.0 (2267 voxels, overlap=0.992)
Right_Putamen (51): linear fit = 1.00 x + 0.0 (2267 voxels, peak = 78), gca=78.0
gca peak = 0.08462 (83)
mri peak = 0.08440 (83)
Brain_Stem (16): linear fit = 1.01 x + 0.0 (14856 voxels, overlap=0.724)
Brain_Stem (16): linear fit = 1.01 x + 0.0 (14856 voxels, peak = 84), gca=84.2
gca peak = 0.11757 (91)
mri peak = 0.08488 (92)
Right_VentralDC (60): linear fit = 1.00 x + 0.0 (2361 voxels, overlap=0.789)
Right_VentralDC (60): linear fit = 1.00 x + 0.0 (2361 voxels, peak = 91), gca=90.5
gca peak = 0.16361 (90)
mri peak = 0.07933 (89)
Left_VentralDC (28): linear fit = 1.00 x + 0.0 (2313 voxels, overlap=0.916)
Left_VentralDC (28): linear fit = 1.00 x + 0.0 (2313 voxels, peak = 90), gca=89.6
gca peak = 0.17161 (33)
mri peak = 0.13050 (44)
gca peak = 0.21684 (13)
mri peak = 0.20245 (15)
Fourth_Ventricle (15): linear fit = 1.03 x + 0.0 (274 voxels, overlap=0.779)
Fourth_Ventricle (15): linear fit = 1.03 x + 0.0 (274 voxels, peak = 13), gca=13.5
gca peak Unknown = 0.94777 ( 0)
gca peak Left_Inf_Lat_Vent = 0.17814 (29)
gca peak Third_Ventricle = 0.17161 (33)
gca peak CSF = 0.15661 (40)
gca peak Left_Accumbens_area = 0.88609 (59)
gca peak Left_undetermined = 0.98480 (34)
gca peak Left_vessel = 0.89917 (53)
gca peak Left_choroid_plexus = 0.11039 (35)
gca peak Right_Inf_Lat_Vent = 0.23431 (26)
gca peak Right_Accumbens_area = 0.31650 (66)
gca peak Right_vessel = 0.77268 (52)
gca peak Right_choroid_plexus = 0.13292 (38)
gca peak Fifth_Ventricle = 0.59466 (42)
gca peak WM_hypointensities = 0.10317 (77)
gca peak non_WM_hypointensities = 0.10817 (41)
gca peak Optic_Chiasm = 0.51653 (76)
not using caudate to estimate GM means
estimating mean gm scale to be 1.00 x + 0.0
estimating mean wm scale to be 1.00 x + 0.0
estimating mean csf scale to be 0.96 x + 0.0
saving intensity scales to aseg.auto_noCCseg.label_intensities.txt
saving sequentially combined intensity scales to aseg.auto_noCCseg.label_intensities.txt
47714 voxels changed in iteration 0 of unlikely voxel relabeling
196 voxels changed in iteration 1 of unlikely voxel relabeling
0 voxels changed in iteration 2 of unlikely voxel relabeling
34620 gm and wm labels changed (%28 to gray, %72 to white out of all changed labels)
443 hippocampal voxels changed.
0 amygdala voxels changed.
Reclassifying using Gibbs Priors
pass 1: 60005 changed. image ll: -2.097, PF=0.500
pass 2: 16033 changed. image ll: -2.096, PF=0.500
pass 3: 5210 changed.
pass 4: 2046 changed.
32588 voxels changed in iteration 0 of unlikely voxel relabeling
227 voxels changed in iteration 1 of unlikely voxel relabeling
5 voxels changed in iteration 2 of unlikely voxel relabeling
0 voxels changed in iteration 3 of unlikely voxel relabeling
5604 voxels changed in iteration 0 of unlikely voxel relabeling
56 voxels changed in iteration 1 of unlikely voxel relabeling
0 voxels changed in iteration 2 of unlikely voxel relabeling
6372 voxels changed in iteration 0 of unlikely voxel relabeling
76 voxels changed in iteration 1 of unlikely voxel relabeling
1 voxels changed in iteration 2 of unlikely voxel relabeling
0 voxels changed in iteration 3 of unlikely voxel relabeling
4987 voxels changed in iteration 0 of unlikely voxel relabeling
43 voxels changed in iteration 1 of unlikely voxel relabeling
1 voxels changed in iteration 2 of unlikely voxel relabeling
0 voxels changed in iteration 3 of unlikely voxel relabeling
 !!!!!!!!! ventricle segment 7 with volume 2393 above threshold 100 - not erasing !!!!!!!!!!
 !!!!!!!!! ventricle segment 1 with volume 2332 above threshold 100 - not erasing !!!!!!!!!!
 !!!!!!!!! ventricle segment 1 with volume 183 above threshold 100 - not erasing !!!!!!!!!!
writing labeled volume to aseg.auto_noCCseg.mgz
mri_ca_label utimesec    1294.673548
mri_ca_label stimesec    3.287976
mri_ca_label ru_maxrss   2201540
mri_ca_label ru_ixrss    0
mri_ca_label ru_idrss    0
mri_ca_label ru_isrss    0
mri_ca_label ru_minflt   3699385
mri_ca_label ru_majflt   10
mri_ca_label ru_nswap    0
mri_ca_label ru_inblock  1142
mri_ca_label ru_oublock  664
mri_ca_label ru_msgsnd   0
mri_ca_label ru_msgrcv   0
mri_ca_label ru_nsignals 0
mri_ca_label ru_nvcsw    2284
mri_ca_label ru_nivcsw   1125
auto-labeling took 20 minutes and 39 seconds.
#--------------------------------------
#@# CC Seg Sat Mar  7 10:10:06 CET 2026

 mri_cc -aseg aseg.auto_noCCseg.mgz -o aseg.auto.mgz -lta /out/sourcedata/freesurfer/sub-v1s20x0050301_ses-1/mri/transforms/cc_up.lta sub-v1s20x0050301_ses-1 

will read input aseg from aseg.auto_noCCseg.mgz
writing aseg with cc labels to aseg.auto.mgz
will write lta as /out/sourcedata/freesurfer/sub-v1s20x0050301_ses-1/mri/transforms/cc_up.lta
reading aseg from /out/sourcedata/freesurfer/sub-v1s20x0050301_ses-1/mri/aseg.auto_noCCseg.mgz
reading norm from /out/sourcedata/freesurfer/sub-v1s20x0050301_ses-1/mri/norm.mgz
52952 voxels in left wm, 46987 in right wm, xrange [124, 134]
searching rotation angles z=[-8  6], y=[-5  9]
searching scale 1 Z rot -8.3  searching scale 1 Z rot -8.0  searching scale 1 Z rot -7.8  searching scale 1 Z rot -7.5  searching scale 1 Z rot -7.3  searching scale 1 Z rot -7.0  searching scale 1 Z rot -6.8  searching scale 1 Z rot -6.5  searching scale 1 Z rot -6.3  searching scale 1 Z rot -6.0  searching scale 1 Z rot -5.8  searching scale 1 Z rot -5.5  searching scale 1 Z rot -5.3  searching scale 1 Z rot -5.0  searching scale 1 Z rot -4.8  searching scale 1 Z rot -4.5  searching scale 1 Z rot -4.3  searching scale 1 Z rot -4.0  searching scale 1 Z rot -3.8  searching scale 1 Z rot -3.5  searching scale 1 Z rot -3.3  searching scale 1 Z rot -3.0  searching scale 1 Z rot -2.8  searching scale 1 Z rot -2.5  searching scale 1 Z rot -2.3  searching scale 1 Z rot -2.0  searching scale 1 Z rot -1.8  searching scale 1 Z rot -1.5  searching scale 1 Z rot -1.3  searching scale 1 Z rot -1.0  searching scale 1 Z rot -0.8  searching scale 1 Z rot -0.5  searching scale 1 Z rot -0.3  searching scale 1 Z rot -0.0  searching scale 1 Z rot 0.2  searching scale 1 Z rot 0.5  searching scale 1 Z rot 0.7  searching scale 1 Z rot 1.0  searching scale 1 Z rot 1.2  searching scale 1 Z rot 1.5  searching scale 1 Z rot 1.7  searching scale 1 Z rot 2.0  searching scale 1 Z rot 2.2  searching scale 1 Z rot 2.5  searching scale 1 Z rot 2.7  searching scale 1 Z rot 3.0  searching scale 1 Z rot 3.2  searching scale 1 Z rot 3.5  searching scale 1 Z rot 3.7  searching scale 1 Z rot 4.0  searching scale 1 Z rot 4.2  searching scale 1 Z rot 4.5  searching scale 1 Z rot 4.7  searching scale 1 Z rot 5.0  searching scale 1 Z rot 5.2  searching scale 1 Z rot 5.5  global minimum found at slice 128.7, rotations (2.43, -1.26)
final transformation (x=128.7, yr=2.426, zr=-1.257):
 0.99886   0.02194   0.04232  -7.57371;
-0.02192   0.99976  -0.00093   22.94946;
-0.04233   0.00000   0.99910   24.54730;
 0.00000   0.00000   0.00000   1.00000;
updating x range to be [125, 129] in xformed coordinates
best xformed slice 127
WARNING: min_x_fornix not set
WARNING: min_x_fornix not set
WARNING: min_x_fornix not set
WARNING: min_x_fornix not set
WARNING: min_x_fornix not set
cc center is found at 127 108 109
eigenvectors:
-0.00107  -0.00028   1.00000;
 0.20998  -0.97771  -0.00005;
 0.97771   0.20998   0.00110;
writing aseg with callosum to /out/sourcedata/freesurfer/sub-v1s20x0050301_ses-1/mri/aseg.auto.mgz...
corpus callosum segmentation took 0.4 minutes
#VMPC# mri_cc VmPeak  555216
mri_cc done
#--------------------------------------
#@# Merge ASeg Sat Mar  7 10:10:28 CET 2026

 cp aseg.auto.mgz aseg.presurf.mgz 

#--------------------------------------------
#@# Intensity Normalization2 Sat Mar  7 10:10:28 CET 2026
/out/sourcedata/freesurfer/sub-v1s20x0050301_ses-1/mri

 mri_normalize -seed 1234 -mprage -aseg aseg.presurf.mgz -mask brainmask.mgz norm.mgz brain.mgz 

setting seed for random number genererator to 1234
assuming input volume is MGH (Van der Kouwe) MP-RAGE
using segmentation for initial intensity normalization
using MR volume brainmask.mgz to mask input volume...
reading mri_src from norm.mgz...
Reading aseg aseg.presurf.mgz
normalizing image...
NOT doing gentle normalization with control points/label
processing with aseg
removing outliers in the aseg WM...
454 control points removed
Building bias image
building Voronoi diagram...
performing soap bubble smoothing, sigma = 0...
Smoothing with sigma 8
Applying bias correction
building Voronoi diagram...
performing soap bubble smoothing, sigma = 8...

Iterating 2 times
---------------------------------
3d normalization pass 1 of 2
white matter peak found at 110
white matter peak found at 110
gm peak at 65 (65), valley at  0 (-1)
csf peak at 32, setting threshold to 54
building Voronoi diagram...
performing soap bubble smoothing, sigma = 8...
---------------------------------
3d normalization pass 2 of 2
white matter peak found at 110
white matter peak found at 110
gm peak at 66 (66), valley at  0 (-1)
csf peak at 33, setting threshold to 55
building Voronoi diagram...
performing soap bubble smoothing, sigma = 8...
Done iterating ---------------------------------
writing output to brain.mgz
3D bias adjustment took 1 minutes and 29 seconds.
#--------------------------------------------
#@# Mask BFS Sat Mar  7 10:11:59 CET 2026
/out/sourcedata/freesurfer/sub-v1s20x0050301_ses-1/mri

 mri_mask -T 5 brain.mgz brainmask.mgz brain.finalsurfs.mgz 

threshold mask volume at 5
DoAbs = 0
Found 1612747 voxels in mask (pct=  9.61)
Writing masked volume to brain.finalsurfs.mgz...done.
#--------------------------------------------
#@# WM Segmentation Sat Mar  7 10:11:59 CET 2026

 AntsDenoiseImageFs -i brain.mgz -o antsdn.brain.mgz 


 mri_segment -wsizemm 13 -mprage antsdn.brain.mgz wm.seg.mgz 

wsizemm = 13, voxres = 1, wsize = 13
Widening wm low from 89 to 79
assuming input volume is MGH (Van der Kouwe) MP-RAGE
wm mean:  110
wsize:    13
wm low:   79
wm hi:    125
gray low: 30
gray hi:  99
Doing initial trinary intensity segmentation 
Using local statistics to label ambiguous voxels
Autodetecting stats
Computing class statistics for intensity windows...
CCS WM (101.0): 101.3 +- 5.8 [79.0 --> 125.0]
CCS GM (74.0) : 73.7 +- 8.7 [30.0 --> 95.0]
 white_mean 101.264
 white_sigma 5.8381
 gray_mean 73.6649
 gray_sigma 8.72538
setting bottom of white matter range wm_low to 82.4
setting top of gray matter range gray_hi to 91.1
 wm_low 82.3903
 wm_hi  125
 gray_low 30
 gray_hi  91.1157
Redoing initial intensity segmentation...
Recomputing local statistics to label ambiguous voxels...
 wm_low 82.3903
 wm_hi  125
 gray_low 30
 gray_hi  91.1157
using local geometry to label remaining ambiguous voxels...
polvwsize = 5, polvlen = 3, gray_hi = 91.1157, wm_low = 82.3903
MRIcpolvMedianCurveSegment(): wsize=5, len=3, gmhi=91.1157, wmlow=82.3903
    137411 voxels processed (0.82%)
     66711 voxels white (0.40%)
     70700 voxels non-white (0.42%)

Reclassifying voxels using Gaussian border classifier niter=1
MRIreclassify(): wm_low=77.3903, gray_hi=91.1157, wsize=13
    244485 voxels tested (1.46%)
     47706 voxels changed (0.28%)
     57699 multi-scale searches  (0.34%)
Recovering bright white
MRIrecoverBrightWhite()
 wm_low 82.3903
 wm_hi 125
 slack 5.8381
 pct_thresh 0.33
 intensity_thresh 130.838
 nvox_thresh 8.58
      107 voxels tested (0.00%)
       67 voxels changed (0.00%)

removing voxels with positive offset direction...
MRIremoveWrongDirection() wsize=3, lowthr=77.3903, hithr=91.1157
  smoothing input volume with sigma = 0.250
    89485 voxels tested (0.53%)
    16941 voxels changed (0.10%)
thicken = 1
removing 1-dimensional structures...
MRIremove1dStructures(): max_iter=10000, thresh=2, WM_MIN_VAL=5
 1990 sparsely connected voxels removed in 1 iterations
thickening thin strands....
thickness 4
nsegments 20
wm_hi 125
1079 diagonally connected voxels added...
MRIthickenThinWMStrands(): thickness=4, nsegments=20
  20 segments, 2227 filled
MRIfindBrightNonWM(): 326 bright non-wm voxels segmented.
MRIfilterMorphology() WM_MIN_VAL=5, DIAGONAL_FILL=230
white matter segmentation took 0.8 minutes
writing output to wm.seg.mgz...

 mri_edit_wm_with_aseg -keep-in wm.seg.mgz brain.mgz aseg.presurf.mgz wm.asegedit.mgz 

preserving editing changes in input volume...
auto filling took 0.34 minutes
reading wm segmentation from wm.seg.mgz...
0 voxels added to wm to prevent paths from MTL structures to cortex
2632 additional wm voxels added
0 additional wm voxels added
SEG EDIT: 29786 voxels turned on, 52711 voxels turned off.
propagating editing to output volume from wm.seg.mgz
writing edited volume to wm.asegedit.mgz....

 mri_pretess wm.asegedit.mgz wm norm.mgz wm.mgz 


Iteration Number : 1
pass   1 (xy+):  10 found -  10 modified     |    TOTAL:  10
pass   2 (xy+):   0 found -  10 modified     |    TOTAL:  10
pass   1 (xy-):  14 found -  14 modified     |    TOTAL:  24
pass   2 (xy-):   0 found -  14 modified     |    TOTAL:  24
pass   1 (yz+):   9 found -   9 modified     |    TOTAL:  33
pass   2 (yz+):   0 found -   9 modified     |    TOTAL:  33
pass   1 (yz-):  25 found -  25 modified     |    TOTAL:  58
pass   2 (yz-):   0 found -  25 modified     |    TOTAL:  58
pass   1 (xz+):  16 found -  16 modified     |    TOTAL:  74
pass   2 (xz+):   0 found -  16 modified     |    TOTAL:  74
pass   1 (xz-):  11 found -  11 modified     |    TOTAL:  85
pass   2 (xz-):   0 found -  11 modified     |    TOTAL:  85
Iteration Number : 1
pass   1 (+++):   8 found -   8 modified     |    TOTAL:   8
pass   2 (+++):   0 found -   8 modified     |    TOTAL:   8
pass   1 (+++):  13 found -  13 modified     |    TOTAL:  21
pass   2 (+++):   0 found -  13 modified     |    TOTAL:  21
pass   1 (+++):  13 found -  13 modified     |    TOTAL:  34
pass   2 (+++):   0 found -  13 modified     |    TOTAL:  34
pass   1 (+++):   8 found -   8 modified     |    TOTAL:  42
pass   2 (+++):   0 found -   8 modified     |    TOTAL:  42
Iteration Number : 1
pass   1 (++):  45 found -  45 modified     |    TOTAL:  45
pass   2 (++):   0 found -  45 modified     |    TOTAL:  45
pass   1 (+-):  33 found -  33 modified     |    TOTAL:  78
pass   2 (+-):   0 found -  33 modified     |    TOTAL:  78
pass   1 (--):  47 found -  47 modified     |    TOTAL: 125
pass   2 (--):   0 found -  47 modified     |    TOTAL: 125
pass   1 (-+):  25 found -  25 modified     |    TOTAL: 150
pass   2 (-+):   0 found -  25 modified     |    TOTAL: 150
Iteration Number : 2
pass   1 (xy+):   3 found -   3 modified     |    TOTAL:   3
pass   2 (xy+):   0 found -   3 modified     |    TOTAL:   3
pass   1 (xy-):   1 found -   1 modified     |    TOTAL:   4
pass   2 (xy-):   0 found -   1 modified     |    TOTAL:   4
pass   1 (yz+):   2 found -   2 modified     |    TOTAL:   6
pass   2 (yz+):   0 found -   2 modified     |    TOTAL:   6
pass   1 (yz-):   2 found -   2 modified     |    TOTAL:   8
pass   2 (yz-):   0 found -   2 modified     |    TOTAL:   8
pass   1 (xz+):   2 found -   2 modified     |    TOTAL:  10
pass   2 (xz+):   0 found -   2 modified     |    TOTAL:  10
pass   1 (xz-):   1 found -   1 modified     |    TOTAL:  11
pass   2 (xz-):   0 found -   1 modified     |    TOTAL:  11
Iteration Number : 2
pass   1 (+++):   0 found -   0 modified     |    TOTAL:   0
pass   1 (+++):   0 found -   0 modified     |    TOTAL:   0
pass   1 (+++):   0 found -   0 modified     |    TOTAL:   0
pass   1 (+++):   0 found -   0 modified     |    TOTAL:   0
Iteration Number : 2
pass   1 (++):   2 found -   2 modified     |    TOTAL:   2
pass   2 (++):   0 found -   2 modified     |    TOTAL:   2
pass   1 (+-):   1 found -   1 modified     |    TOTAL:   3
pass   2 (+-):   0 found -   1 modified     |    TOTAL:   3
pass   1 (--):   0 found -   0 modified     |    TOTAL:   3
pass   1 (-+):   2 found -   2 modified     |    TOTAL:   5
pass   2 (-+):   0 found -   2 modified     |    TOTAL:   5
Iteration Number : 3
pass   1 (xy+):   0 found -   0 modified     |    TOTAL:   0
pass   1 (xy-):   0 found -   0 modified     |    TOTAL:   0
pass   1 (yz+):   0 found -   0 modified     |    TOTAL:   0
pass   1 (yz-):   0 found -   0 modified     |    TOTAL:   0
pass   1 (xz+):   0 found -   0 modified     |    TOTAL:   0
pass   1 (xz-):   0 found -   0 modified     |    TOTAL:   0
Iteration Number : 3
pass   1 (+++):   0 found -   0 modified     |    TOTAL:   0
pass   1 (+++):   0 found -   0 modified     |    TOTAL:   0
pass   1 (+++):   0 found -   0 modified     |    TOTAL:   0
pass   1 (+++):   0 found -   0 modified     |    TOTAL:   0
Iteration Number : 3
pass   1 (++):   0 found -   0 modified     |    TOTAL:   0
pass   1 (+-):   0 found -   0 modified     |    TOTAL:   0
pass   1 (--):   0 found -   0 modified     |    TOTAL:   0
pass   1 (-+):   0 found -   0 modified     |    TOTAL:   0

Total Number of Modified Voxels = 293 (out of 635817: 0.046082)
binarizing input wm segmentation...
Ambiguous edge configurations... 

mri_pretess done

#--------------------------------------------
#@# Fill Sat Mar  7 10:13:39 CET 2026
/out/sourcedata/freesurfer/sub-v1s20x0050301_ses-1/mri

 mri_fill -a ../scripts/ponscc.cut.log -xform transforms/talairach.lta -segmentation aseg.presurf.mgz -ctab /opt/freesurfer/SubCorticalMassLUT.txt wm.mgz filled.mgz 

logging cutting plane coordinates to ../scripts/ponscc.cut.log...
INFO: Using transforms/talairach.lta and its offset for Talairach volume ...
using segmentation aseg.presurf.mgz...
reading input volume...done.
searching for cutting planes...voxel to talairach voxel transform
 1.01861   0.05962   0.04786  -17.77052;
-0.05094   1.12225  -0.04575  -10.47195;
-0.04677   0.06115   0.97364  -4.49072;
 0.00000   0.00000   0.00000   1.00000;
voxel to talairach voxel transform
 1.01861   0.05962   0.04786  -17.77052;
-0.05094   1.12225  -0.04575  -10.47195;
-0.04677   0.06115   0.97364  -4.49072;
 0.00000   0.00000   0.00000   1.00000;
reading segmented volume aseg.presurf.mgz
removing CC from segmentation
Looking for area (min, max) = (350, 1400)
area[0] = 2500 (min = 350, max = 1400), aspect = 1.27 (min = 0.10, max = 0.75)
need search nearby
using seed (125, 122, 148), TAL = (3.0, 20.0, 6.0)
talairach voxel to voxel transform
 0.97696  -0.04916  -0.05033   16.62018;
 0.04614   0.88647   0.03939   10.27988;
 0.04403  -0.05803   1.02218   4.76512;
 0.00000   0.00000   0.00000   1.00000;
segmentation indicates cc at (125,  122,  148) --> (3.0, 20.0, 6.0)
done.
filling took 0.6 minutes
talairach cc position changed to (3.00, 20.00, 6.00)
Erasing brainstem...done.
seed_search_size = 9, min_neighbors = 5
search rh wm seed point around talairach space:(21.00, 20.00, 6.00) SRC: (107.71, 129.20, 153.68)
search lh wm seed point around talairach space (-15.00, 20.00, 6.00), SRC: (142.88, 130.86, 155.26)
compute mri_fill using aseg
Erasing Brain Stem and Cerebellum ...
Define left and right masks using aseg:
Building Voronoi diagram ...
Using the Voronoi diagram for separating WM into two hemispheres ...
Find the largest connected component for each hemisphere ...
Embedding colortable
mri_fill done, writing output to filled.mgz...
 cp filled.mgz filled.auto.mgz

Started at Sat Mar 7 09:05:47 CET 2026 
Ended   at Sat Mar 7 10:14:18 CET 2026
#@#%# recon-all-run-time-hours 1.142
recon-all -s sub-v1s20x0050301_ses-1 finished without error at Sat Mar  7 10:14:18 CET 2026



#New# invocation of recon-all 




Sat Mar  7 10:58:01 CET 2026
cd /out/sourcedata/freesurfer/sub-v1s20x0050301_ses-1
setenv SUBJECTS_DIR /out/sourcedata/freesurfer
/opt/freesurfer/bin/recon-all -parallel -subjid sub-v1s20x0050301_ses-1 -sd /out/sourcedata/freesurfer -cortribbon

subjid sub-v1s20x0050301_ses-1
setenv SUBJECTS_DIR /out/sourcedata/freesurfer
FREESURFER_HOME /opt/freesurfer
Actual FREESURFER_HOME /opt/freesurfer
build-stamp.txt: freesurfer-linux-ubuntu22_x86_64-7.3.2-20220804-6354275
Linux dna079 5.14.0-427.37.1.el9_4.x86_64 #1 SMP PREEMPT_DYNAMIC Fri Sep 13 12:41:50 EDT 2024 x86_64 x86_64 x86_64 GNU/Linux
cputime      unlimited
filesize     unlimited
datasize     unlimited
stacksize    8192 kbytes
coredumpsize 0 kbytes
memoryuse    67108864 kbytes
vmemoryuse   unlimited
descriptors  1024 
memorylocked unlimited
maxproc      2061970 
maxlocks     unlimited
maxsignal    2062029 
maxmessage   819200 
maxnice      0 
maxrtprio    0 
maxrttime    unlimited

               total        used        free      shared  buff/cache   available
Mem:           503Gi        49Gi       386Gi       9.2Gi        67Gi       441Gi
Swap:             0B          0B          0B

########################################
program versions used
7.3.2 (freesurfer-linux-ubuntu22_x86_64-7.3.2-20220804-6354275)
7.3.2

ProgramName: lta_convert  ProgramArguments: lta_convert -all-info  ProgramVersion: 7.3.2  TimeStamp: 2026/03/07-09:58:01-GMT  BuildTime: Aug  4 2022 06:17:15  BuildStamp: freesurfer-linux-ubuntu22_x86_64-7.3.2-20220804-6354275  User: oesteban  Machine: dna079  Platform: Linux  PlatformVersion: 5.14.0-427.37.1.el9_4.x86_64  CompilerName: GCC  CompilerVersion: 8.4.0
ProgramName: mri_and  ProgramArguments: mri_and -all-info  ProgramVersion: 7.3.2  TimeStamp: 2026/03/07-09:58:01-GMT  BuildTime: Aug  4 2022 06:17:15  BuildStamp: freesurfer-linux-ubuntu22_x86_64-7.3.2-20220804-6354275  User: oesteban  Machine: dna079  Platform: Linux  PlatformVersion: 5.14.0-427.37.1.el9_4.x86_64  CompilerName: GCC  CompilerVersion: 8.4.0
ProgramName: mri_annotation2label  ProgramArguments: mri_annotation2label -all-info  ProgramVersion: 7.3.2  TimeStamp: 2026/03/07-09:58:01-GMT  BuildTime: Aug  4 2022 06:17:15  BuildStamp: freesurfer-linux-ubuntu22_x86_64-7.3.2-20220804-6354275  User: oesteban  Machine: dna079  Platform: Linux  PlatformVersion: 5.14.0-427.37.1.el9_4.x86_64  CompilerName: GCC  CompilerVersion: 8.4.0
ProgramName: mri_aparc2aseg  ProgramArguments: mri_aparc2aseg -all-info  ProgramVersion: 7.3.2  TimeStamp: 2026/03/07-09:58:01-GMT  BuildTime: Aug  4 2022 06:17:15  BuildStamp: freesurfer-linux-ubuntu22_x86_64-7.3.2-20220804-6354275  User: oesteban  Machine: dna079  Platform: Linux  PlatformVersion: 5.14.0-427.37.1.el9_4.x86_64  CompilerName: GCC  CompilerVersion: 8.4.0
ProgramName: mri_surf2volseg  ProgramArguments: mri_surf2volseg -all-info  ProgramVersion: 7.3.2  TimeStamp: 2026/03/07-09:58:01-GMT  BuildTime: Aug  4 2022 06:17:15  BuildStamp: freesurfer-linux-ubuntu22_x86_64-7.3.2-20220804-6354275  User: oesteban  Machine: dna079  Platform: Linux  PlatformVersion: 5.14.0-427.37.1.el9_4.x86_64  CompilerName: GCC  CompilerVersion: 8.4.0
ProgramName: mri_binarize  ProgramArguments: mri_binarize -all-info  ProgramVersion: 7.3.2  TimeStamp: 2026/03/07-09:58:01-GMT  BuildTime: Aug  4 2022 06:17:15  BuildStamp: freesurfer-linux-ubuntu22_x86_64-7.3.2-20220804-6354275  User: oesteban  Machine: dna079  Platform: Linux  PlatformVersion: 5.14.0-427.37.1.el9_4.x86_64  CompilerName: GCC  CompilerVersion: 8.4.0
ProgramName: mri_ca_label  ProgramArguments: mri_ca_label -all-info  ProgramVersion: 7.3.2  TimeStamp: 2026/03/07-09:58:01-GMT  BuildTime: Aug  4 2022 06:17:15  BuildStamp: freesurfer-linux-ubuntu22_x86_64-7.3.2-20220804-6354275  User: oesteban  Machine: dna079  Platform: Linux  PlatformVersion: 5.14.0-427.37.1.el9_4.x86_64  CompilerName: GCC  CompilerVersion: 8.4.0
ProgramName: mri_ca_normalize  ProgramArguments: mri_ca_normalize -all-info  ProgramVersion: 7.3.2  TimeStamp: 2026/03/07-09:58:01-GMT  BuildTime: Aug  4 2022 06:17:15  BuildStamp: freesurfer-linux-ubuntu22_x86_64-7.3.2-20220804-6354275  User: oesteban  Machine: dna079  Platform: Linux  PlatformVersion: 5.14.0-427.37.1.el9_4.x86_64  CompilerName: GCC  CompilerVersion: 8.4.0
ProgramName: mri_ca_register  ProgramArguments: mri_ca_register -all-info  ProgramVersion: 7.3.2  TimeStamp: 2026/03/07-09:58:01-GMT  BuildTime: Aug  4 2022 06:17:15  BuildStamp: freesurfer-linux-ubuntu22_x86_64-7.3.2-20220804-6354275  User: oesteban  Machine: dna079  Platform: Linux  PlatformVersion: 5.14.0-427.37.1.el9_4.x86_64  CompilerName: GCC  CompilerVersion: 8.4.0
ProgramName: mri_cc  ProgramArguments: mri_cc -all-info  ProgramVersion: 7.3.2  TimeStamp: 2026/03/07-09:58:01-GMT  BuildTime: Aug  4 2022 06:17:15  BuildStamp: freesurfer-linux-ubuntu22_x86_64-7.3.2-20220804-6354275  User: oesteban  Machine: dna079  Platform: Linux  PlatformVersion: 5.14.0-427.37.1.el9_4.x86_64  CompilerName: GCC  CompilerVersion: 8.4.0
ProgramName: mri_compute_overlap  ProgramArguments: mri_compute_overlap -all-info  ProgramVersion: 7.3.2  TimeStamp: 2026/03/07-09:58:01-GMT  BuildTime: Aug  4 2022 06:17:15  BuildStamp: freesurfer-linux-ubuntu22_x86_64-7.3.2-20220804-6354275  User: oesteban  Machine: dna079  Platform: Linux  PlatformVersion: 5.14.0-427.37.1.el9_4.x86_64  CompilerName: GCC  CompilerVersion: 8.4.0
ProgramName: mri_compute_seg_overlap  ProgramArguments: mri_compute_seg_overlap -all-info  ProgramVersion: 7.3.2  TimeStamp: 2026/03/07-09:58:01-GMT  BuildTime: Aug  4 2022 06:17:15  BuildStamp: freesurfer-linux-ubuntu22_x86_64-7.3.2-20220804-6354275  User: oesteban  Machine: dna079  Platform: Linux  PlatformVersion: 5.14.0-427.37.1.el9_4.x86_64  CompilerName: GCC  CompilerVersion: 8.4.0
ProgramName: mri_concat  ProgramArguments: mri_concat -all-info  ProgramVersion: 7.3.2  TimeStamp: 2026/03/07-09:58:01-GMT  BuildTime: Aug  4 2022 06:17:15  BuildStamp: freesurfer-linux-ubuntu22_x86_64-7.3.2-20220804-6354275  User: oesteban  Machine: dna079  Platform: Linux  PlatformVersion: 5.14.0-427.37.1.el9_4.x86_64  CompilerName: GCC  CompilerVersion: 8.4.0
ProgramName: mri_concatenate_lta  ProgramArguments: mri_concatenate_lta -all-info  ProgramVersion: 7.3.2  TimeStamp: 2026/03/07-09:58:01-GMT  BuildTime: Aug  4 2022 06:17:15  BuildStamp: freesurfer-linux-ubuntu22_x86_64-7.3.2-20220804-6354275  User: oesteban  Machine: dna079  Platform: Linux  PlatformVersion: 5.14.0-427.37.1.el9_4.x86_64  CompilerName: GCC  CompilerVersion: 8.4.0
mri_convert -all-info 
ProgramName: mri_convert  ProgramArguments: mri_convert -all-info  ProgramVersion: 7.3.2  TimeStamp: 2026/03/07-09:58:01-GMT  BuildTime: Aug  4 2022 06:17:15  BuildStamp: freesurfer-linux-ubuntu22_x86_64-7.3.2-20220804-6354275  User: oesteban  Machine: dna079  Platform: Linux  PlatformVersion: 5.14.0-427.37.1.el9_4.x86_64  CompilerName: GCC  CompilerVersion: 8.4.0
ProgramName: mri_diff  ProgramArguments: mri_diff -all-info  ProgramVersion: 7.3.2  TimeStamp: 2026/03/07-09:58:01-GMT  BuildTime: Aug  4 2022 06:17:15  BuildStamp: freesurfer-linux-ubuntu22_x86_64-7.3.2-20220804-6354275  User: oesteban  Machine: dna079  Platform: Linux  PlatformVersion: 5.14.0-427.37.1.el9_4.x86_64  CompilerName: GCC  CompilerVersion: 8.4.0
ProgramName: mri_edit_wm_with_aseg  ProgramArguments: mri_edit_wm_with_aseg -all-info  ProgramVersion: 7.3.2  TimeStamp: 2026/03/07-09:58:01-GMT  BuildTime: Aug  4 2022 06:17:15  BuildStamp: freesurfer-linux-ubuntu22_x86_64-7.3.2-20220804-6354275  User: oesteban  Machine: dna079  Platform: Linux  PlatformVersion: 5.14.0-427.37.1.el9_4.x86_64  CompilerName: GCC  CompilerVersion: 8.4.0
ProgramName: mri_em_register  ProgramArguments: mri_em_register -all-info  ProgramVersion: 7.3.2  TimeStamp: 2026/03/07-09:58:01-GMT  BuildTime: Aug  4 2022 06:17:15  BuildStamp: freesurfer-linux-ubuntu22_x86_64-7.3.2-20220804-6354275  User: oesteban  Machine: dna079  Platform: Linux  PlatformVersion: 5.14.0-427.37.1.el9_4.x86_64  CompilerName: GCC  CompilerVersion: 8.4.0
ProgramName: mri_fill  ProgramArguments: mri_fill -all-info  ProgramVersion: 7.3.2  TimeStamp: 2026/03/07-09:58:01-GMT  BuildTime: Aug  4 2022 06:17:15  BuildStamp: freesurfer-linux-ubuntu22_x86_64-7.3.2-20220804-6354275  User: oesteban  Machine: dna079  Platform: Linux  PlatformVersion: 5.14.0-427.37.1.el9_4.x86_64  CompilerName: GCC  CompilerVersion: 8.4.0
ProgramName: mri_fuse_segmentations  ProgramArguments: mri_fuse_segmentations -all-info  ProgramVersion: 7.3.2  TimeStamp: 2026/03/07-09:58:01-GMT  BuildTime: Aug  4 2022 06:17:15  BuildStamp: freesurfer-linux-ubuntu22_x86_64-7.3.2-20220804-6354275  User: oesteban  Machine: dna079  Platform: Linux  PlatformVersion: 5.14.0-427.37.1.el9_4.x86_64  CompilerName: GCC  CompilerVersion: 8.4.0
ProgramName: mri_fwhm  ProgramArguments: mri_fwhm -all-info  ProgramVersion: 7.3.2  TimeStamp: 2026/03/07-09:58:01-GMT  BuildTime: Aug  4 2022 06:17:15  BuildStamp: freesurfer-linux-ubuntu22_x86_64-7.3.2-20220804-6354275  User: oesteban  Machine: dna079  Platform: Linux  PlatformVersion: 5.14.0-427.37.1.el9_4.x86_64  CompilerName: GCC  CompilerVersion: 8.4.0
ProgramName: mri_gcut  ProgramArguments: mri_gcut -all-info  ProgramVersion: 7.3.2  TimeStamp: 2026/03/07-09:58:01-GMT  BuildTime: Aug  4 2022 06:17:15  BuildStamp: freesurfer-linux-ubuntu22_x86_64-7.3.2-20220804-6354275  User: oesteban  Machine: dna079  Platform: Linux  PlatformVersion: 5.14.0-427.37.1.el9_4.x86_64  CompilerName: GCC  CompilerVersion: 8.4.0
ProgramName: mri_info  ProgramArguments: mri_info -all-info  ProgramVersion: 7.3.2  TimeStamp: 2026/03/07-09:58:01-GMT  BuildTime: Aug  4 2022 06:17:15  BuildStamp: freesurfer-linux-ubuntu22_x86_64-7.3.2-20220804-6354275  User: oesteban  Machine: dna079  Platform: Linux  PlatformVersion: 5.14.0-427.37.1.el9_4.x86_64  CompilerName: GCC  CompilerVersion: 8.4.0
ProgramName: mri_label2label  ProgramArguments: mri_label2label -all-info  ProgramVersion: 7.3.2  TimeStamp: 2026/03/07-09:58:01-GMT  BuildTime: Aug  4 2022 06:17:15  BuildStamp: freesurfer-linux-ubuntu22_x86_64-7.3.2-20220804-6354275  User: oesteban  Machine: dna079  Platform: Linux  PlatformVersion: 5.14.0-427.37.1.el9_4.x86_64  CompilerName: GCC  CompilerVersion: 8.4.0
ProgramName: mri_label2vol  ProgramArguments: mri_label2vol -all-info  ProgramVersion: 7.3.2  TimeStamp: 2026/03/07-09:58:01-GMT  BuildTime: Aug  4 2022 06:17:15  BuildStamp: freesurfer-linux-ubuntu22_x86_64-7.3.2-20220804-6354275  User: oesteban  Machine: dna079  Platform: Linux  PlatformVersion: 5.14.0-427.37.1.el9_4.x86_64  CompilerName: GCC  CompilerVersion: 8.4.0
ProgramName: mri_log_likelihood  ProgramArguments: mri_log_likelihood -all-info  ProgramVersion: 7.3.2  TimeStamp: 2026/03/07-09:58:01-GMT  BuildTime: Aug  4 2022 06:17:15  BuildStamp: freesurfer-linux-ubuntu22_x86_64-7.3.2-20220804-6354275  User: oesteban  Machine: dna079  Platform: Linux  PlatformVersion: 5.14.0-427.37.1.el9_4.x86_64  CompilerName: GCC  CompilerVersion: 8.4.0
ProgramName: mri_mask  ProgramArguments: mri_mask -all-info  ProgramVersion: 7.3.2  TimeStamp: 2026/03/07-09:58:01-GMT  BuildTime: Aug  4 2022 06:17:15  BuildStamp: freesurfer-linux-ubuntu22_x86_64-7.3.2-20220804-6354275  User: oesteban  Machine: dna079  Platform: Linux  PlatformVersion: 5.14.0-427.37.1.el9_4.x86_64  CompilerName: GCC  CompilerVersion: 8.4.0
ProgramName: mri_matrix_multiply  ProgramArguments: mri_matrix_multiply -all-info  ProgramVersion: 7.3.2  TimeStamp: 2026/03/07-09:58:01-GMT  BuildTime: Aug  4 2022 06:17:15  BuildStamp: freesurfer-linux-ubuntu22_x86_64-7.3.2-20220804-6354275  User: oesteban  Machine: dna079  Platform: Linux  PlatformVersion: 5.14.0-427.37.1.el9_4.x86_64  CompilerName: GCC  CompilerVersion: 8.4.0
ProgramName: mri_normalize  ProgramArguments: mri_normalize -all-info  ProgramVersion: 7.3.2  TimeStamp: 2026/03/07-09:58:01-GMT  BuildTime: Aug  4 2022 06:17:15  BuildStamp: freesurfer-linux-ubuntu22_x86_64-7.3.2-20220804-6354275  User: oesteban  Machine: dna079  Platform: Linux  PlatformVersion: 5.14.0-427.37.1.el9_4.x86_64  CompilerName: GCC  CompilerVersion: 8.4.0
ProgramName: mri_normalize_tp2  ProgramArguments: mri_normalize_tp2 -all-info  ProgramVersion: 7.3.2  TimeStamp: 2026/03/07-09:58:01-GMT  BuildTime: Aug  4 2022 06:17:15  BuildStamp: freesurfer-linux-ubuntu22_x86_64-7.3.2-20220804-6354275  User: oesteban  Machine: dna079  Platform: Linux  PlatformVersion: 5.14.0-427.37.1.el9_4.x86_64  CompilerName: GCC  CompilerVersion: 8.4.0
ProgramName: mri_or  ProgramArguments: mri_or -all-info  ProgramVersion: 7.3.2  TimeStamp: 2026/03/07-09:58:01-GMT  BuildTime: Aug  4 2022 06:17:15  BuildStamp: freesurfer-linux-ubuntu22_x86_64-7.3.2-20220804-6354275  User: oesteban  Machine: dna079  Platform: Linux  PlatformVersion: 5.14.0-427.37.1.el9_4.x86_64  CompilerName: GCC  CompilerVersion: 8.4.0
ProgramName: mri_relabel_hypointensities  ProgramArguments: mri_relabel_hypointensities -all-info  ProgramVersion: 7.3.2  TimeStamp: 2026/03/07-09:58:01-GMT  BuildTime: Aug  4 2022 06:17:15  BuildStamp: freesurfer-linux-ubuntu22_x86_64-7.3.2-20220804-6354275  User: oesteban  Machine: dna079  Platform: Linux  PlatformVersion: 5.14.0-427.37.1.el9_4.x86_64  CompilerName: GCC  CompilerVersion: 8.4.0
ProgramName: mri_relabel_nonwm_hypos  ProgramArguments: mri_relabel_nonwm_hypos -all-info  ProgramVersion: 7.3.2  TimeStamp: 2026/03/07-09:58:01-GMT  BuildTime: Aug  4 2022 06:17:15  BuildStamp: freesurfer-linux-ubuntu22_x86_64-7.3.2-20220804-6354275  User: oesteban  Machine: dna079  Platform: Linux  PlatformVersion: 5.14.0-427.37.1.el9_4.x86_64  CompilerName: GCC  CompilerVersion: 8.4.0
ProgramName: mri_remove_neck  ProgramArguments: mri_remove_neck -all-info  ProgramVersion: 7.3.2  TimeStamp: 2026/03/07-09:58:01-GMT  BuildTime: Aug  4 2022 06:17:15  BuildStamp: freesurfer-linux-ubuntu22_x86_64-7.3.2-20220804-6354275  User: oesteban  Machine: dna079  Platform: Linux  PlatformVersion: 5.14.0-427.37.1.el9_4.x86_64  CompilerName: GCC  CompilerVersion: 8.4.0
7.3.2

ProgramName: mri_robust_register  ProgramArguments: mri_robust_register -all-info  ProgramVersion: 7.3.2  TimeStamp: 2026/03/07-09:58:01-GMT  BuildTime: Aug  4 2022 06:17:15  BuildStamp: freesurfer-linux-ubuntu22_x86_64-7.3.2-20220804-6354275  User: oesteban  Machine: dna079  Platform: Linux  PlatformVersion: 5.14.0-427.37.1.el9_4.x86_64  CompilerName: GCC  CompilerVersion: 8.4.0
7.3.2

ProgramName: mri_robust_template  ProgramArguments: mri_robust_template -all-info  ProgramVersion: 7.3.2  TimeStamp: 2026/03/07-09:58:01-GMT  BuildTime: Aug  4 2022 06:17:15  BuildStamp: freesurfer-linux-ubuntu22_x86_64-7.3.2-20220804-6354275  User: oesteban  Machine: dna079  Platform: Linux  PlatformVersion: 5.14.0-427.37.1.el9_4.x86_64  CompilerName: GCC  CompilerVersion: 8.4.0
ProgramName: mris_anatomical_stats  ProgramArguments: mris_anatomical_stats -all-info  ProgramVersion: 7.3.2  TimeStamp: 2026/03/07-09:58:01-GMT  BuildTime: Aug  4 2022 06:17:15  BuildStamp: freesurfer-linux-ubuntu22_x86_64-7.3.2-20220804-6354275  User: oesteban  Machine: dna079  Platform: Linux  PlatformVersion: 5.14.0-427.37.1.el9_4.x86_64  CompilerName: GCC  CompilerVersion: 8.4.0
ProgramName: mris_ca_label  ProgramArguments: mris_ca_label -all-info  ProgramVersion: 7.3.2  TimeStamp: 2026/03/07-09:58:01-GMT  BuildTime: Aug  4 2022 06:17:15  BuildStamp: freesurfer-linux-ubuntu22_x86_64-7.3.2-20220804-6354275  User: oesteban  Machine: dna079  Platform: Linux  PlatformVersion: 5.14.0-427.37.1.el9_4.x86_64  CompilerName: GCC  CompilerVersion: 8.4.0
ProgramName: mris_calc  ProgramArguments: mris_calc -all-info  ProgramVersion: 7.3.2  TimeStamp: 2026/03/07-09:58:01-GMT  BuildTime: Aug  4 2022 06:17:15  BuildStamp: freesurfer-linux-ubuntu22_x86_64-7.3.2-20220804-6354275  User: oesteban  Machine: dna079  Platform: Linux  PlatformVersion: 5.14.0-427.37.1.el9_4.x86_64  CompilerName: GCC  CompilerVersion: 8.4.0
ProgramName: mris_convert  ProgramArguments: mris_convert -all-info  ProgramVersion: 7.3.2  TimeStamp: 2026/03/07-09:58:01-GMT  BuildTime: Aug  4 2022 06:17:15  BuildStamp: freesurfer-linux-ubuntu22_x86_64-7.3.2-20220804-6354275  User: oesteban  Machine: dna079  Platform: Linux  PlatformVersion: 5.14.0-427.37.1.el9_4.x86_64  CompilerName: GCC  CompilerVersion: 8.4.0
ProgramName: mris_curvature  ProgramArguments: mris_curvature -all-info  ProgramVersion: 7.3.2  TimeStamp: 2026/03/07-09:58:01-GMT  BuildTime: Aug  4 2022 06:17:15  BuildStamp: freesurfer-linux-ubuntu22_x86_64-7.3.2-20220804-6354275  User: oesteban  Machine: dna079  Platform: Linux  PlatformVersion: 5.14.0-427.37.1.el9_4.x86_64  CompilerName: GCC  CompilerVersion: 8.4.0
ProgramName: mris_curvature_stats  ProgramArguments: mris_curvature_stats -all-info  ProgramVersion: 7.3.2  TimeStamp: 2026/03/07-09:58:01-GMT  BuildTime: Aug  4 2022 06:17:15  BuildStamp: freesurfer-linux-ubuntu22_x86_64-7.3.2-20220804-6354275  User: oesteban  Machine: dna079  Platform: Linux  PlatformVersion: 5.14.0-427.37.1.el9_4.x86_64  CompilerName: GCC  CompilerVersion: 8.4.0
ProgramName: mris_diff  ProgramArguments: mris_diff -all-info  ProgramVersion: 7.3.2  TimeStamp: 2026/03/07-09:58:01-GMT  BuildTime: Aug  4 2022 06:17:15  BuildStamp: freesurfer-linux-ubuntu22_x86_64-7.3.2-20220804-6354275  User: oesteban  Machine: dna079  Platform: Linux  PlatformVersion: 5.14.0-427.37.1.el9_4.x86_64  CompilerName: GCC  CompilerVersion: 8.4.0
ProgramName: mris_divide_parcellation  ProgramArguments: mris_divide_parcellation -all-info  ProgramVersion: 7.3.2  TimeStamp: 2026/03/07-09:58:01-GMT  BuildTime: Aug  4 2022 06:17:15  BuildStamp: freesurfer-linux-ubuntu22_x86_64-7.3.2-20220804-6354275  User: oesteban  Machine: dna079  Platform: Linux  PlatformVersion: 5.14.0-427.37.1.el9_4.x86_64  CompilerName: GCC  CompilerVersion: 8.4.0
ProgramName: mri_segment  ProgramArguments: mri_segment -all-info  ProgramVersion: 7.3.2  TimeStamp: 2026/03/07-09:58:01-GMT  BuildTime: Aug  4 2022 06:17:15  BuildStamp: freesurfer-linux-ubuntu22_x86_64-7.3.2-20220804-6354275  User: oesteban  Machine: dna079  Platform: Linux  PlatformVersion: 5.14.0-427.37.1.el9_4.x86_64  CompilerName: GCC  CompilerVersion: 8.4.0
ProgramName: mri_segstats  ProgramArguments: mri_segstats -all-info  ProgramVersion: 7.3.2  TimeStamp: 2026/03/07-09:58:01-GMT  BuildTime: Aug  4 2022 06:17:15  BuildStamp: freesurfer-linux-ubuntu22_x86_64-7.3.2-20220804-6354275  User: oesteban  Machine: dna079  Platform: Linux  PlatformVersion: 5.14.0-427.37.1.el9_4.x86_64  CompilerName: GCC  CompilerVersion: 8.4.0
ProgramName: mris_euler_number  ProgramArguments: mris_euler_number -all-info  ProgramVersion: 7.3.2  TimeStamp: 2026/03/07-09:58:01-GMT  BuildTime: Aug  4 2022 06:17:15  BuildStamp: freesurfer-linux-ubuntu22_x86_64-7.3.2-20220804-6354275  User: oesteban  Machine: dna079  Platform: Linux  PlatformVersion: 5.14.0-427.37.1.el9_4.x86_64  CompilerName: GCC  CompilerVersion: 8.4.0
ProgramName: mris_fix_topology  ProgramArguments: mris_fix_topology -all-info  ProgramVersion: 7.3.2  TimeStamp: 2026/03/07-09:58:01-GMT  BuildTime: Aug  4 2022 06:17:15  BuildStamp: freesurfer-linux-ubuntu22_x86_64-7.3.2-20220804-6354275  User: oesteban  Machine: dna079  Platform: Linux  PlatformVersion: 5.14.0-427.37.1.el9_4.x86_64  CompilerName: GCC  CompilerVersion: 8.4.0
ProgramName: mris_topo_fixer  ProgramArguments: mris_topo_fixer -all-info  ProgramVersion: 7.3.2  TimeStamp: 2026/03/07-09:58:01-GMT  BuildTime: Aug  4 2022 06:17:15  BuildStamp: freesurfer-linux-ubuntu22_x86_64-7.3.2-20220804-6354275  User: oesteban  Machine: dna079  Platform: Linux  PlatformVersion: 5.14.0-427.37.1.el9_4.x86_64  CompilerName: GCC  CompilerVersion: 8.4.0
ProgramName: mris_jacobian  ProgramArguments: mris_jacobian -all-info  ProgramVersion: 7.3.2  TimeStamp: 2026/03/07-09:58:01-GMT  BuildTime: Aug  4 2022 06:17:15  BuildStamp: freesurfer-linux-ubuntu22_x86_64-7.3.2-20220804-6354275  User: oesteban  Machine: dna079  Platform: Linux  PlatformVersion: 5.14.0-427.37.1.el9_4.x86_64  CompilerName: GCC  CompilerVersion: 8.4.0
ProgramName: mris_label2annot  ProgramArguments: mris_label2annot -all-info  ProgramVersion: 7.3.2  TimeStamp: 2026/03/07-09:58:01-GMT  BuildTime: Aug  4 2022 06:17:15  BuildStamp: freesurfer-linux-ubuntu22_x86_64-7.3.2-20220804-6354275  User: oesteban  Machine: dna079  Platform: Linux  PlatformVersion: 5.14.0-427.37.1.el9_4.x86_64  CompilerName: GCC  CompilerVersion: 8.4.0
ProgramName: mris_left_right_register  ProgramArguments: mris_left_right_register -all-info  ProgramVersion: 7.3.2  TimeStamp: 2026/03/07-09:58:01-GMT  BuildTime: Aug  4 2022 06:17:15  BuildStamp: freesurfer-linux-ubuntu22_x86_64-7.3.2-20220804-6354275  User: oesteban  Machine: dna079  Platform: Linux  PlatformVersion: 5.14.0-427.37.1.el9_4.x86_64  CompilerName: GCC  CompilerVersion: 8.4.0
ProgramName: mris_place_surface  ProgramArguments: mris_place_surface -all-info  ProgramVersion: 7.3.2  TimeStamp: 2026/03/07-09:58:01-GMT  BuildTime: Aug  4 2022 06:17:15  BuildStamp: freesurfer-linux-ubuntu22_x86_64-7.3.2-20220804-6354275  User: oesteban  Machine: dna079  Platform: Linux  PlatformVersion: 5.14.0-427.37.1.el9_4.x86_64  CompilerName: GCC  CompilerVersion: 8.4.0
ProgramName: mrisp_paint  ProgramArguments: mrisp_paint -all-info  ProgramVersion: 7.3.2  TimeStamp: 2026/03/07-09:58:01-GMT  BuildTime: Aug  4 2022 06:17:15  BuildStamp: freesurfer-linux-ubuntu22_x86_64-7.3.2-20220804-6354275  User: oesteban  Machine: dna079  Platform: Linux  PlatformVersion: 5.14.0-427.37.1.el9_4.x86_64  CompilerName: GCC  CompilerVersion: 8.4.0
ProgramName: mris_register  ProgramArguments: mris_register -all-info  ProgramVersion: 7.3.2  TimeStamp: 2026/03/07-09:58:01-GMT  BuildTime: Aug  4 2022 06:17:15  BuildStamp: freesurfer-linux-ubuntu22_x86_64-7.3.2-20220804-6354275  User: oesteban  Machine: dna079  Platform: Linux  PlatformVersion: 5.14.0-427.37.1.el9_4.x86_64  CompilerName: GCC  CompilerVersion: 8.4.0
ProgramName: mris_smooth  ProgramArguments: mris_smooth -all-info  ProgramVersion: 7.3.2  TimeStamp: 2026/03/07-09:58:01-GMT  BuildTime: Aug  4 2022 06:17:15  BuildStamp: freesurfer-linux-ubuntu22_x86_64-7.3.2-20220804-6354275  User: oesteban  Machine: dna079  Platform: Linux  PlatformVersion: 5.14.0-427.37.1.el9_4.x86_64  CompilerName: GCC  CompilerVersion: 8.4.0
ProgramName: mris_sphere  ProgramArguments: mris_sphere -all-info  ProgramVersion: 7.3.2  TimeStamp: 2026/03/07-09:58:01-GMT  BuildTime: Aug  4 2022 06:17:15  BuildStamp: freesurfer-linux-ubuntu22_x86_64-7.3.2-20220804-6354275  User: oesteban  Machine: dna079  Platform: Linux  PlatformVersion: 5.14.0-427.37.1.el9_4.x86_64  CompilerName: GCC  CompilerVersion: 8.4.0
ProgramName: mris_surface_stats  ProgramArguments: mris_surface_stats -all-info  ProgramVersion: 7.3.2  TimeStamp: 2026/03/07-09:58:01-GMT  BuildTime: Aug  4 2022 06:17:15  BuildStamp: freesurfer-linux-ubuntu22_x86_64-7.3.2-20220804-6354275  User: oesteban  Machine: dna079  Platform: Linux  PlatformVersion: 5.14.0-427.37.1.el9_4.x86_64  CompilerName: GCC  CompilerVersion: 8.4.0
ProgramName: mri_stats2seg  ProgramArguments: mri_stats2seg -all-info  ProgramVersion: 7.3.2  TimeStamp: 2026/03/07-09:58:01-GMT  BuildTime: Aug  4 2022 06:17:15  BuildStamp: freesurfer-linux-ubuntu22_x86_64-7.3.2-20220804-6354275  User: oesteban  Machine: dna079  Platform: Linux  PlatformVersion: 5.14.0-427.37.1.el9_4.x86_64  CompilerName: GCC  CompilerVersion: 8.4.0
ProgramName: mris_thickness  ProgramArguments: mris_thickness -all-info  ProgramVersion: 7.3.2  TimeStamp: 2026/03/07-09:58:01-GMT  BuildTime: Aug  4 2022 06:17:15  BuildStamp: freesurfer-linux-ubuntu22_x86_64-7.3.2-20220804-6354275  User: oesteban  Machine: dna079  Platform: Linux  PlatformVersion: 5.14.0-427.37.1.el9_4.x86_64  CompilerName: GCC  CompilerVersion: 8.4.0
ProgramName: mris_thickness_diff  ProgramArguments: mris_thickness_diff -all-info  ProgramVersion: 7.3.2  TimeStamp: 2026/03/07-09:58:01-GMT  BuildTime: Aug  4 2022 06:17:15  BuildStamp: freesurfer-linux-ubuntu22_x86_64-7.3.2-20220804-6354275  User: oesteban  Machine: dna079  Platform: Linux  PlatformVersion: 5.14.0-427.37.1.el9_4.x86_64  CompilerName: GCC  CompilerVersion: 8.4.0
ProgramName: mris_topo_fixer  ProgramArguments: mris_topo_fixer -all-info  ProgramVersion: 7.3.2  TimeStamp: 2026/03/07-09:58:01-GMT  BuildTime: Aug  4 2022 06:17:15  BuildStamp: freesurfer-linux-ubuntu22_x86_64-7.3.2-20220804-6354275  User: oesteban  Machine: dna079  Platform: Linux  PlatformVersion: 5.14.0-427.37.1.el9_4.x86_64  CompilerName: GCC  CompilerVersion: 8.4.0
ProgramName: mri_surf2surf  ProgramArguments: mri_surf2surf -all-info  ProgramVersion: 7.3.2  TimeStamp: 2026/03/07-09:58:01-GMT  BuildTime: Aug  4 2022 06:17:15  BuildStamp: freesurfer-linux-ubuntu22_x86_64-7.3.2-20220804-6354275  User: oesteban  Machine: dna079  Platform: Linux  PlatformVersion: 5.14.0-427.37.1.el9_4.x86_64  CompilerName: GCC  CompilerVersion: 8.4.0
ProgramName: mri_surf2vol  ProgramArguments: mri_surf2vol -all-info  ProgramVersion: 7.3.2  TimeStamp: 2026/03/07-09:58:01-GMT  BuildTime: Aug  4 2022 06:17:15  BuildStamp: freesurfer-linux-ubuntu22_x86_64-7.3.2-20220804-6354275  User: oesteban  Machine: dna079  Platform: Linux  PlatformVersion: 5.14.0-427.37.1.el9_4.x86_64  CompilerName: GCC  CompilerVersion: 8.4.0
ProgramName: mri_surfcluster  ProgramArguments: mri_surfcluster -all-info  ProgramVersion: 7.3.2  TimeStamp: 2026/03/07-09:58:01-GMT  BuildTime: Aug  4 2022 06:17:15  BuildStamp: freesurfer-linux-ubuntu22_x86_64-7.3.2-20220804-6354275  User: oesteban  Machine: dna079  Platform: Linux  PlatformVersion: 5.14.0-427.37.1.el9_4.x86_64  CompilerName: GCC  CompilerVersion: 8.4.0
ProgramName: mris_volmask  ProgramArguments: mris_volmask -all-info  ProgramVersion: 7.3.2  TimeStamp: 2026/03/07-09:58:01-GMT  BuildTime: Aug  4 2022 06:17:15  BuildStamp: freesurfer-linux-ubuntu22_x86_64-7.3.2-20220804-6354275  User: oesteban  Machine: dna079  Platform: Linux  PlatformVersion: 5.14.0-427.37.1.el9_4.x86_64  CompilerName: GCC  CompilerVersion: 8.4.0
ProgramName: mri_tessellate  ProgramArguments: mri_tessellate -all-info  ProgramVersion: 7.3.2  TimeStamp: 2026/03/07-09:58:01-GMT  BuildTime: Aug  4 2022 06:17:15  BuildStamp: freesurfer-linux-ubuntu22_x86_64-7.3.2-20220804-6354275  User: oesteban  Machine: dna079  Platform: Linux  PlatformVersion: 5.14.0-427.37.1.el9_4.x86_64  CompilerName: GCC  CompilerVersion: 8.4.0
ProgramName: mri_vol2surf  ProgramArguments: mri_vol2surf -all-info  ProgramVersion: 7.3.2  TimeStamp: 2026/03/07-09:58:01-GMT  BuildTime: Aug  4 2022 06:17:15  BuildStamp: freesurfer-linux-ubuntu22_x86_64-7.3.2-20220804-6354275  User: oesteban  Machine: dna079  Platform: Linux  PlatformVersion: 5.14.0-427.37.1.el9_4.x86_64  CompilerName: GCC  CompilerVersion: 8.4.0
ProgramName: mri_vol2vol  ProgramArguments: mri_vol2vol -all-info  ProgramVersion: 7.3.2  TimeStamp: 2026/03/07-09:58:01-GMT  BuildTime: Aug  4 2022 06:17:15  BuildStamp: freesurfer-linux-ubuntu22_x86_64-7.3.2-20220804-6354275  User: oesteban  Machine: dna079  Platform: Linux  PlatformVersion: 5.14.0-427.37.1.el9_4.x86_64  CompilerName: GCC  CompilerVersion: 8.4.0
ProgramName: mri_voldiff  ProgramArguments: mri_voldiff -all-info  ProgramVersion: 7.3.2  TimeStamp: 2026/03/07-09:58:01-GMT  BuildTime: Aug  4 2022 06:17:15  BuildStamp: freesurfer-linux-ubuntu22_x86_64-7.3.2-20220804-6354275  User: oesteban  Machine: dna079  Platform: Linux  PlatformVersion: 5.14.0-427.37.1.el9_4.x86_64  CompilerName: GCC  CompilerVersion: 8.4.0
ProgramName: mri_watershed  ProgramArguments: mri_watershed -all-info  ProgramVersion: 7.3.2  TimeStamp: 2026/03/07-09:58:01-GMT  BuildTime: Aug  4 2022 06:17:15  BuildStamp: freesurfer-linux-ubuntu22_x86_64-7.3.2-20220804-6354275  User: oesteban  Machine: dna079  Platform: Linux  PlatformVersion: 5.14.0-427.37.1.el9_4.x86_64  CompilerName: GCC  CompilerVersion: 8.4.0
ProgramName: tkregister2  ProgramArguments: tkregister2_cmdl -all-info  ProgramVersion: 7.3.2  TimeStamp: 2026/03/07-09:58:01-GMT  BuildTime: Aug  4 2022 06:17:15  BuildStamp: freesurfer-linux-ubuntu22_x86_64-7.3.2-20220804-6354275  User: oesteban  Machine: dna079  Platform: Linux  PlatformVersion: 5.14.0-427.37.1.el9_4.x86_64  CompilerName: GCC  CompilerVersion: 8.4.0
mri_motion_correct.fsl 7.3.2
mri_convert -all-info 
ProgramName: mri_convert  ProgramArguments: mri_convert -all-info  ProgramVersion: 7.3.2  TimeStamp: 2026/03/07-09:58:01-GMT  BuildTime: Aug  4 2022 06:17:15  BuildStamp: freesurfer-linux-ubuntu22_x86_64-7.3.2-20220804-6354275  User: oesteban  Machine: dna079  Platform: Linux  PlatformVersion: 5.14.0-427.37.1.el9_4.x86_64  CompilerName: GCC  CompilerVersion: 8.4.0
Program nu_correct, built from:
Package MNI N3, version 1.12.0, compiled by nicks@terrier (x86_64-unknown-linux-gnu) on 2015-06-19 at 01:25:34
#######################################
GCADIR /opt/freesurfer/average
GCA RB_all_2020-01-02.gca
GCASkull RB_all_withskull_2020_01_02.gca
AvgCurvTif folding.atlas.acfb40.noaparc.i12.2016-08-02.tif
GCSDIR /opt/freesurfer/average
GCS DKaparc.atlas.acfb40.noaparc.i12.2016-08-02.gcs
#######################################
#@# white curv lh Sat Mar  7 10:58:02 CET 2026
cd /out/sourcedata/freesurfer/sub-v1s20x0050301_ses-1/mri
mris_place_surface --curv-map ../surf/lh.white 2 10 ../surf/lh.curv
   Update not needed
#@# white area lh Sat Mar  7 10:58:02 CET 2026
cd /out/sourcedata/freesurfer/sub-v1s20x0050301_ses-1/mri
mris_place_surface --area-map ../surf/lh.white ../surf/lh.area
   Update not needed
#@# pial curv lh Sat Mar  7 10:58:02 CET 2026
cd /out/sourcedata/freesurfer/sub-v1s20x0050301_ses-1/mri
mris_place_surface --curv-map ../surf/lh.pial 2 10 ../surf/lh.curv.pial
   Update not needed
#@# pial area lh Sat Mar  7 10:58:02 CET 2026
cd /out/sourcedata/freesurfer/sub-v1s20x0050301_ses-1/mri
mris_place_surface --area-map ../surf/lh.pial ../surf/lh.area.pial
   Update not needed
#@# thickness lh Sat Mar  7 10:58:02 CET 2026
cd /out/sourcedata/freesurfer/sub-v1s20x0050301_ses-1/mri
mris_place_surface --thickness ../surf/lh.white ../surf/lh.pial 20 5 ../surf/lh.thickness
   Update not needed
#@# area and vertex vol lh Sat Mar  7 10:58:02 CET 2026
cd /out/sourcedata/freesurfer/sub-v1s20x0050301_ses-1/mri
mris_place_surface --thickness ../surf/lh.white ../surf/lh.pial 20 5 ../surf/lh.thickness
   Update not needed
#@# white curv rh Sat Mar  7 10:58:02 CET 2026
cd /out/sourcedata/freesurfer/sub-v1s20x0050301_ses-1/mri
mris_place_surface --curv-map ../surf/rh.white 2 10 ../surf/rh.curv
   Update not needed
#@# white area rh Sat Mar  7 10:58:02 CET 2026
cd /out/sourcedata/freesurfer/sub-v1s20x0050301_ses-1/mri
mris_place_surface --area-map ../surf/rh.white ../surf/rh.area
   Update not needed
#@# pial curv rh Sat Mar  7 10:58:02 CET 2026
cd /out/sourcedata/freesurfer/sub-v1s20x0050301_ses-1/mri
mris_place_surface --curv-map ../surf/rh.pial 2 10 ../surf/rh.curv.pial
   Update not needed
#@# pial area rh Sat Mar  7 10:58:02 CET 2026
cd /out/sourcedata/freesurfer/sub-v1s20x0050301_ses-1/mri
mris_place_surface --area-map ../surf/rh.pial ../surf/rh.area.pial
   Update not needed
#@# thickness rh Sat Mar  7 10:58:02 CET 2026
cd /out/sourcedata/freesurfer/sub-v1s20x0050301_ses-1/mri
mris_place_surface --thickness ../surf/rh.white ../surf/rh.pial 20 5 ../surf/rh.thickness
   Update not needed
#@# area and vertex vol rh Sat Mar  7 10:58:02 CET 2026
cd /out/sourcedata/freesurfer/sub-v1s20x0050301_ses-1/mri
mris_place_surface --thickness ../surf/rh.white ../surf/rh.pial 20 5 ../surf/rh.thickness
   Update not needed
#--------------------------------------------
#@# Cortical ribbon mask Sat Mar  7 10:58:02 CET 2026
/out/sourcedata/freesurfer/sub-v1s20x0050301_ses-1/mri

 mris_volmask --aseg_name aseg.presurf --label_left_white 2 --label_left_ribbon 3 --label_right_white 41 --label_right_ribbon 42 --save_ribbon sub-v1s20x0050301_ses-1 

SUBJECTS_DIR is /out/sourcedata/freesurfer
loading input data...
Running hemis serially
Processing left hemi
computing distance to left white surface 
computing distance to left pial surface 
Processing right hemi
computing distance to right white surface 
computing distance to right pial surface 
 hemi masks overlap voxels = 599
writing volume /out/sourcedata/freesurfer/sub-v1s20x0050301_ses-1/mri/ribbon.mgz
mris_volmask took 3.44 minutes
 writing ribbon files

Started at Sat Mar 7 10:58:01 CET 2026 
Ended   at Sat Mar 7 11:01:28 CET 2026
#@#%# recon-all-run-time-hours 0.058
recon-all -s sub-v1s20x0050301_ses-1 finished without error at Sat Mar  7 11:01:28 CET 2026



#New# invocation of recon-all 




Sat Mar  7 11:07:03 CET 2026
cd /out/sourcedata/freesurfer/sub-v1s20x0050301_ses-1
setenv SUBJECTS_DIR /out/sourcedata/freesurfer
/opt/freesurfer/bin/recon-all -autorecon3 -openmp 16 -subjid sub-v1s20x0050301_ses-1 -sd /out/sourcedata/freesurfer -nosphere -nosurfreg -nojacobian_white -noavgcurv -nocortparc -nopial -noparcstats -nocortparc2 -noparcstats2 -nocortparc3 -noparcstats3 -nopctsurfcon -nocortribbon -nobalabels

subjid sub-v1s20x0050301_ses-1
setenv SUBJECTS_DIR /out/sourcedata/freesurfer
FREESURFER_HOME /opt/freesurfer
Actual FREESURFER_HOME /opt/freesurfer
build-stamp.txt: freesurfer-linux-ubuntu22_x86_64-7.3.2-20220804-6354275
Linux dna079 5.14.0-427.37.1.el9_4.x86_64 #1 SMP PREEMPT_DYNAMIC Fri Sep 13 12:41:50 EDT 2024 x86_64 x86_64 x86_64 GNU/Linux
cputime      unlimited
filesize     unlimited
datasize     unlimited
stacksize    8192 kbytes
coredumpsize 0 kbytes
memoryuse    67108864 kbytes
vmemoryuse   unlimited
descriptors  1024 
memorylocked unlimited
maxproc      2061970 
maxlocks     unlimited
maxsignal    2062029 
maxmessage   819200 
maxnice      0 
maxrtprio    0 
maxrttime    unlimited

               total        used        free      shared  buff/cache   available
Mem:           503Gi        48Gi       386Gi       9.2Gi        67Gi       442Gi
Swap:             0B          0B          0B

########################################
program versions used
7.3.2 (freesurfer-linux-ubuntu22_x86_64-7.3.2-20220804-6354275)
7.3.2

ProgramName: lta_convert  ProgramArguments: lta_convert -all-info  ProgramVersion: 7.3.2  TimeStamp: 2026/03/07-10:07:03-GMT  BuildTime: Aug  4 2022 06:17:15  BuildStamp: freesurfer-linux-ubuntu22_x86_64-7.3.2-20220804-6354275  User: oesteban  Machine: dna079  Platform: Linux  PlatformVersion: 5.14.0-427.37.1.el9_4.x86_64  CompilerName: GCC  CompilerVersion: 8.4.0
ProgramName: mri_and  ProgramArguments: mri_and -all-info  ProgramVersion: 7.3.2  TimeStamp: 2026/03/07-10:07:03-GMT  BuildTime: Aug  4 2022 06:17:15  BuildStamp: freesurfer-linux-ubuntu22_x86_64-7.3.2-20220804-6354275  User: oesteban  Machine: dna079  Platform: Linux  PlatformVersion: 5.14.0-427.37.1.el9_4.x86_64  CompilerName: GCC  CompilerVersion: 8.4.0
ProgramName: mri_annotation2label  ProgramArguments: mri_annotation2label -all-info  ProgramVersion: 7.3.2  TimeStamp: 2026/03/07-10:07:03-GMT  BuildTime: Aug  4 2022 06:17:15  BuildStamp: freesurfer-linux-ubuntu22_x86_64-7.3.2-20220804-6354275  User: oesteban  Machine: dna079  Platform: Linux  PlatformVersion: 5.14.0-427.37.1.el9_4.x86_64  CompilerName: GCC  CompilerVersion: 8.4.0
ProgramName: mri_aparc2aseg  ProgramArguments: mri_aparc2aseg -all-info  ProgramVersion: 7.3.2  TimeStamp: 2026/03/07-10:07:03-GMT  BuildTime: Aug  4 2022 06:17:15  BuildStamp: freesurfer-linux-ubuntu22_x86_64-7.3.2-20220804-6354275  User: oesteban  Machine: dna079  Platform: Linux  PlatformVersion: 5.14.0-427.37.1.el9_4.x86_64  CompilerName: GCC  CompilerVersion: 8.4.0
ProgramName: mri_surf2volseg  ProgramArguments: mri_surf2volseg -all-info  ProgramVersion: 7.3.2  TimeStamp: 2026/03/07-10:07:03-GMT  BuildTime: Aug  4 2022 06:17:15  BuildStamp: freesurfer-linux-ubuntu22_x86_64-7.3.2-20220804-6354275  User: oesteban  Machine: dna079  Platform: Linux  PlatformVersion: 5.14.0-427.37.1.el9_4.x86_64  CompilerName: GCC  CompilerVersion: 8.4.0
ProgramName: mri_binarize  ProgramArguments: mri_binarize -all-info  ProgramVersion: 7.3.2  TimeStamp: 2026/03/07-10:07:03-GMT  BuildTime: Aug  4 2022 06:17:15  BuildStamp: freesurfer-linux-ubuntu22_x86_64-7.3.2-20220804-6354275  User: oesteban  Machine: dna079  Platform: Linux  PlatformVersion: 5.14.0-427.37.1.el9_4.x86_64  CompilerName: GCC  CompilerVersion: 8.4.0
ProgramName: mri_ca_label  ProgramArguments: mri_ca_label -all-info  ProgramVersion: 7.3.2  TimeStamp: 2026/03/07-10:07:03-GMT  BuildTime: Aug  4 2022 06:17:15  BuildStamp: freesurfer-linux-ubuntu22_x86_64-7.3.2-20220804-6354275  User: oesteban  Machine: dna079  Platform: Linux  PlatformVersion: 5.14.0-427.37.1.el9_4.x86_64  CompilerName: GCC  CompilerVersion: 8.4.0
ProgramName: mri_ca_normalize  ProgramArguments: mri_ca_normalize -all-info  ProgramVersion: 7.3.2  TimeStamp: 2026/03/07-10:07:03-GMT  BuildTime: Aug  4 2022 06:17:15  BuildStamp: freesurfer-linux-ubuntu22_x86_64-7.3.2-20220804-6354275  User: oesteban  Machine: dna079  Platform: Linux  PlatformVersion: 5.14.0-427.37.1.el9_4.x86_64  CompilerName: GCC  CompilerVersion: 8.4.0
ProgramName: mri_ca_register  ProgramArguments: mri_ca_register -all-info  ProgramVersion: 7.3.2  TimeStamp: 2026/03/07-10:07:03-GMT  BuildTime: Aug  4 2022 06:17:15  BuildStamp: freesurfer-linux-ubuntu22_x86_64-7.3.2-20220804-6354275  User: oesteban  Machine: dna079  Platform: Linux  PlatformVersion: 5.14.0-427.37.1.el9_4.x86_64  CompilerName: GCC  CompilerVersion: 8.4.0
ProgramName: mri_cc  ProgramArguments: mri_cc -all-info  ProgramVersion: 7.3.2  TimeStamp: 2026/03/07-10:07:03-GMT  BuildTime: Aug  4 2022 06:17:15  BuildStamp: freesurfer-linux-ubuntu22_x86_64-7.3.2-20220804-6354275  User: oesteban  Machine: dna079  Platform: Linux  PlatformVersion: 5.14.0-427.37.1.el9_4.x86_64  CompilerName: GCC  CompilerVersion: 8.4.0
ProgramName: mri_compute_overlap  ProgramArguments: mri_compute_overlap -all-info  ProgramVersion: 7.3.2  TimeStamp: 2026/03/07-10:07:03-GMT  BuildTime: Aug  4 2022 06:17:15  BuildStamp: freesurfer-linux-ubuntu22_x86_64-7.3.2-20220804-6354275  User: oesteban  Machine: dna079  Platform: Linux  PlatformVersion: 5.14.0-427.37.1.el9_4.x86_64  CompilerName: GCC  CompilerVersion: 8.4.0
ProgramName: mri_compute_seg_overlap  ProgramArguments: mri_compute_seg_overlap -all-info  ProgramVersion: 7.3.2  TimeStamp: 2026/03/07-10:07:03-GMT  BuildTime: Aug  4 2022 06:17:15  BuildStamp: freesurfer-linux-ubuntu22_x86_64-7.3.2-20220804-6354275  User: oesteban  Machine: dna079  Platform: Linux  PlatformVersion: 5.14.0-427.37.1.el9_4.x86_64  CompilerName: GCC  CompilerVersion: 8.4.0
ProgramName: mri_concat  ProgramArguments: mri_concat -all-info  ProgramVersion: 7.3.2  TimeStamp: 2026/03/07-10:07:03-GMT  BuildTime: Aug  4 2022 06:17:15  BuildStamp: freesurfer-linux-ubuntu22_x86_64-7.3.2-20220804-6354275  User: oesteban  Machine: dna079  Platform: Linux  PlatformVersion: 5.14.0-427.37.1.el9_4.x86_64  CompilerName: GCC  CompilerVersion: 8.4.0
ProgramName: mri_concatenate_lta  ProgramArguments: mri_concatenate_lta -all-info  ProgramVersion: 7.3.2  TimeStamp: 2026/03/07-10:07:03-GMT  BuildTime: Aug  4 2022 06:17:15  BuildStamp: freesurfer-linux-ubuntu22_x86_64-7.3.2-20220804-6354275  User: oesteban  Machine: dna079  Platform: Linux  PlatformVersion: 5.14.0-427.37.1.el9_4.x86_64  CompilerName: GCC  CompilerVersion: 8.4.0
mri_convert -all-info 
ProgramName: mri_convert  ProgramArguments: mri_convert -all-info  ProgramVersion: 7.3.2  TimeStamp: 2026/03/07-10:07:03-GMT  BuildTime: Aug  4 2022 06:17:15  BuildStamp: freesurfer-linux-ubuntu22_x86_64-7.3.2-20220804-6354275  User: oesteban  Machine: dna079  Platform: Linux  PlatformVersion: 5.14.0-427.37.1.el9_4.x86_64  CompilerName: GCC  CompilerVersion: 8.4.0
ProgramName: mri_diff  ProgramArguments: mri_diff -all-info  ProgramVersion: 7.3.2  TimeStamp: 2026/03/07-10:07:03-GMT  BuildTime: Aug  4 2022 06:17:15  BuildStamp: freesurfer-linux-ubuntu22_x86_64-7.3.2-20220804-6354275  User: oesteban  Machine: dna079  Platform: Linux  PlatformVersion: 5.14.0-427.37.1.el9_4.x86_64  CompilerName: GCC  CompilerVersion: 8.4.0
ProgramName: mri_edit_wm_with_aseg  ProgramArguments: mri_edit_wm_with_aseg -all-info  ProgramVersion: 7.3.2  TimeStamp: 2026/03/07-10:07:03-GMT  BuildTime: Aug  4 2022 06:17:15  BuildStamp: freesurfer-linux-ubuntu22_x86_64-7.3.2-20220804-6354275  User: oesteban  Machine: dna079  Platform: Linux  PlatformVersion: 5.14.0-427.37.1.el9_4.x86_64  CompilerName: GCC  CompilerVersion: 8.4.0
ProgramName: mri_em_register  ProgramArguments: mri_em_register -all-info  ProgramVersion: 7.3.2  TimeStamp: 2026/03/07-10:07:03-GMT  BuildTime: Aug  4 2022 06:17:15  BuildStamp: freesurfer-linux-ubuntu22_x86_64-7.3.2-20220804-6354275  User: oesteban  Machine: dna079  Platform: Linux  PlatformVersion: 5.14.0-427.37.1.el9_4.x86_64  CompilerName: GCC  CompilerVersion: 8.4.0
ProgramName: mri_fill  ProgramArguments: mri_fill -all-info  ProgramVersion: 7.3.2  TimeStamp: 2026/03/07-10:07:03-GMT  BuildTime: Aug  4 2022 06:17:15  BuildStamp: freesurfer-linux-ubuntu22_x86_64-7.3.2-20220804-6354275  User: oesteban  Machine: dna079  Platform: Linux  PlatformVersion: 5.14.0-427.37.1.el9_4.x86_64  CompilerName: GCC  CompilerVersion: 8.4.0
ProgramName: mri_fuse_segmentations  ProgramArguments: mri_fuse_segmentations -all-info  ProgramVersion: 7.3.2  TimeStamp: 2026/03/07-10:07:03-GMT  BuildTime: Aug  4 2022 06:17:15  BuildStamp: freesurfer-linux-ubuntu22_x86_64-7.3.2-20220804-6354275  User: oesteban  Machine: dna079  Platform: Linux  PlatformVersion: 5.14.0-427.37.1.el9_4.x86_64  CompilerName: GCC  CompilerVersion: 8.4.0
ProgramName: mri_fwhm  ProgramArguments: mri_fwhm -all-info  ProgramVersion: 7.3.2  TimeStamp: 2026/03/07-10:07:03-GMT  BuildTime: Aug  4 2022 06:17:15  BuildStamp: freesurfer-linux-ubuntu22_x86_64-7.3.2-20220804-6354275  User: oesteban  Machine: dna079  Platform: Linux  PlatformVersion: 5.14.0-427.37.1.el9_4.x86_64  CompilerName: GCC  CompilerVersion: 8.4.0
ProgramName: mri_gcut  ProgramArguments: mri_gcut -all-info  ProgramVersion: 7.3.2  TimeStamp: 2026/03/07-10:07:03-GMT  BuildTime: Aug  4 2022 06:17:15  BuildStamp: freesurfer-linux-ubuntu22_x86_64-7.3.2-20220804-6354275  User: oesteban  Machine: dna079  Platform: Linux  PlatformVersion: 5.14.0-427.37.1.el9_4.x86_64  CompilerName: GCC  CompilerVersion: 8.4.0
ProgramName: mri_info  ProgramArguments: mri_info -all-info  ProgramVersion: 7.3.2  TimeStamp: 2026/03/07-10:07:03-GMT  BuildTime: Aug  4 2022 06:17:15  BuildStamp: freesurfer-linux-ubuntu22_x86_64-7.3.2-20220804-6354275  User: oesteban  Machine: dna079  Platform: Linux  PlatformVersion: 5.14.0-427.37.1.el9_4.x86_64  CompilerName: GCC  CompilerVersion: 8.4.0
ProgramName: mri_label2label  ProgramArguments: mri_label2label -all-info  ProgramVersion: 7.3.2  TimeStamp: 2026/03/07-10:07:03-GMT  BuildTime: Aug  4 2022 06:17:15  BuildStamp: freesurfer-linux-ubuntu22_x86_64-7.3.2-20220804-6354275  User: oesteban  Machine: dna079  Platform: Linux  PlatformVersion: 5.14.0-427.37.1.el9_4.x86_64  CompilerName: GCC  CompilerVersion: 8.4.0
ProgramName: mri_label2vol  ProgramArguments: mri_label2vol -all-info  ProgramVersion: 7.3.2  TimeStamp: 2026/03/07-10:07:03-GMT  BuildTime: Aug  4 2022 06:17:15  BuildStamp: freesurfer-linux-ubuntu22_x86_64-7.3.2-20220804-6354275  User: oesteban  Machine: dna079  Platform: Linux  PlatformVersion: 5.14.0-427.37.1.el9_4.x86_64  CompilerName: GCC  CompilerVersion: 8.4.0
ProgramName: mri_log_likelihood  ProgramArguments: mri_log_likelihood -all-info  ProgramVersion: 7.3.2  TimeStamp: 2026/03/07-10:07:03-GMT  BuildTime: Aug  4 2022 06:17:15  BuildStamp: freesurfer-linux-ubuntu22_x86_64-7.3.2-20220804-6354275  User: oesteban  Machine: dna079  Platform: Linux  PlatformVersion: 5.14.0-427.37.1.el9_4.x86_64  CompilerName: GCC  CompilerVersion: 8.4.0
ProgramName: mri_mask  ProgramArguments: mri_mask -all-info  ProgramVersion: 7.3.2  TimeStamp: 2026/03/07-10:07:03-GMT  BuildTime: Aug  4 2022 06:17:15  BuildStamp: freesurfer-linux-ubuntu22_x86_64-7.3.2-20220804-6354275  User: oesteban  Machine: dna079  Platform: Linux  PlatformVersion: 5.14.0-427.37.1.el9_4.x86_64  CompilerName: GCC  CompilerVersion: 8.4.0
ProgramName: mri_matrix_multiply  ProgramArguments: mri_matrix_multiply -all-info  ProgramVersion: 7.3.2  TimeStamp: 2026/03/07-10:07:03-GMT  BuildTime: Aug  4 2022 06:17:15  BuildStamp: freesurfer-linux-ubuntu22_x86_64-7.3.2-20220804-6354275  User: oesteban  Machine: dna079  Platform: Linux  PlatformVersion: 5.14.0-427.37.1.el9_4.x86_64  CompilerName: GCC  CompilerVersion: 8.4.0
ProgramName: mri_normalize  ProgramArguments: mri_normalize -all-info  ProgramVersion: 7.3.2  TimeStamp: 2026/03/07-10:07:03-GMT  BuildTime: Aug  4 2022 06:17:15  BuildStamp: freesurfer-linux-ubuntu22_x86_64-7.3.2-20220804-6354275  User: oesteban  Machine: dna079  Platform: Linux  PlatformVersion: 5.14.0-427.37.1.el9_4.x86_64  CompilerName: GCC  CompilerVersion: 8.4.0
ProgramName: mri_normalize_tp2  ProgramArguments: mri_normalize_tp2 -all-info  ProgramVersion: 7.3.2  TimeStamp: 2026/03/07-10:07:03-GMT  BuildTime: Aug  4 2022 06:17:15  BuildStamp: freesurfer-linux-ubuntu22_x86_64-7.3.2-20220804-6354275  User: oesteban  Machine: dna079  Platform: Linux  PlatformVersion: 5.14.0-427.37.1.el9_4.x86_64  CompilerName: GCC  CompilerVersion: 8.4.0
ProgramName: mri_or  ProgramArguments: mri_or -all-info  ProgramVersion: 7.3.2  TimeStamp: 2026/03/07-10:07:03-GMT  BuildTime: Aug  4 2022 06:17:15  BuildStamp: freesurfer-linux-ubuntu22_x86_64-7.3.2-20220804-6354275  User: oesteban  Machine: dna079  Platform: Linux  PlatformVersion: 5.14.0-427.37.1.el9_4.x86_64  CompilerName: GCC  CompilerVersion: 8.4.0
ProgramName: mri_relabel_hypointensities  ProgramArguments: mri_relabel_hypointensities -all-info  ProgramVersion: 7.3.2  TimeStamp: 2026/03/07-10:07:03-GMT  BuildTime: Aug  4 2022 06:17:15  BuildStamp: freesurfer-linux-ubuntu22_x86_64-7.3.2-20220804-6354275  User: oesteban  Machine: dna079  Platform: Linux  PlatformVersion: 5.14.0-427.37.1.el9_4.x86_64  CompilerName: GCC  CompilerVersion: 8.4.0
ProgramName: mri_relabel_nonwm_hypos  ProgramArguments: mri_relabel_nonwm_hypos -all-info  ProgramVersion: 7.3.2  TimeStamp: 2026/03/07-10:07:03-GMT  BuildTime: Aug  4 2022 06:17:15  BuildStamp: freesurfer-linux-ubuntu22_x86_64-7.3.2-20220804-6354275  User: oesteban  Machine: dna079  Platform: Linux  PlatformVersion: 5.14.0-427.37.1.el9_4.x86_64  CompilerName: GCC  CompilerVersion: 8.4.0
ProgramName: mri_remove_neck  ProgramArguments: mri_remove_neck -all-info  ProgramVersion: 7.3.2  TimeStamp: 2026/03/07-10:07:03-GMT  BuildTime: Aug  4 2022 06:17:15  BuildStamp: freesurfer-linux-ubuntu22_x86_64-7.3.2-20220804-6354275  User: oesteban  Machine: dna079  Platform: Linux  PlatformVersion: 5.14.0-427.37.1.el9_4.x86_64  CompilerName: GCC  CompilerVersion: 8.4.0
7.3.2

ProgramName: mri_robust_register  ProgramArguments: mri_robust_register -all-info  ProgramVersion: 7.3.2  TimeStamp: 2026/03/07-10:07:03-GMT  BuildTime: Aug  4 2022 06:17:15  BuildStamp: freesurfer-linux-ubuntu22_x86_64-7.3.2-20220804-6354275  User: oesteban  Machine: dna079  Platform: Linux  PlatformVersion: 5.14.0-427.37.1.el9_4.x86_64  CompilerName: GCC  CompilerVersion: 8.4.0
7.3.2

ProgramName: mri_robust_template  ProgramArguments: mri_robust_template -all-info  ProgramVersion: 7.3.2  TimeStamp: 2026/03/07-10:07:03-GMT  BuildTime: Aug  4 2022 06:17:15  BuildStamp: freesurfer-linux-ubuntu22_x86_64-7.3.2-20220804-6354275  User: oesteban  Machine: dna079  Platform: Linux  PlatformVersion: 5.14.0-427.37.1.el9_4.x86_64  CompilerName: GCC  CompilerVersion: 8.4.0
ProgramName: mris_anatomical_stats  ProgramArguments: mris_anatomical_stats -all-info  ProgramVersion: 7.3.2  TimeStamp: 2026/03/07-10:07:03-GMT  BuildTime: Aug  4 2022 06:17:15  BuildStamp: freesurfer-linux-ubuntu22_x86_64-7.3.2-20220804-6354275  User: oesteban  Machine: dna079  Platform: Linux  PlatformVersion: 5.14.0-427.37.1.el9_4.x86_64  CompilerName: GCC  CompilerVersion: 8.4.0
ProgramName: mris_ca_label  ProgramArguments: mris_ca_label -all-info  ProgramVersion: 7.3.2  TimeStamp: 2026/03/07-10:07:03-GMT  BuildTime: Aug  4 2022 06:17:15  BuildStamp: freesurfer-linux-ubuntu22_x86_64-7.3.2-20220804-6354275  User: oesteban  Machine: dna079  Platform: Linux  PlatformVersion: 5.14.0-427.37.1.el9_4.x86_64  CompilerName: GCC  CompilerVersion: 8.4.0
ProgramName: mris_calc  ProgramArguments: mris_calc -all-info  ProgramVersion: 7.3.2  TimeStamp: 2026/03/07-10:07:03-GMT  BuildTime: Aug  4 2022 06:17:15  BuildStamp: freesurfer-linux-ubuntu22_x86_64-7.3.2-20220804-6354275  User: oesteban  Machine: dna079  Platform: Linux  PlatformVersion: 5.14.0-427.37.1.el9_4.x86_64  CompilerName: GCC  CompilerVersion: 8.4.0
ProgramName: mris_convert  ProgramArguments: mris_convert -all-info  ProgramVersion: 7.3.2  TimeStamp: 2026/03/07-10:07:03-GMT  BuildTime: Aug  4 2022 06:17:15  BuildStamp: freesurfer-linux-ubuntu22_x86_64-7.3.2-20220804-6354275  User: oesteban  Machine: dna079  Platform: Linux  PlatformVersion: 5.14.0-427.37.1.el9_4.x86_64  CompilerName: GCC  CompilerVersion: 8.4.0
ProgramName: mris_curvature  ProgramArguments: mris_curvature -all-info  ProgramVersion: 7.3.2  TimeStamp: 2026/03/07-10:07:03-GMT  BuildTime: Aug  4 2022 06:17:15  BuildStamp: freesurfer-linux-ubuntu22_x86_64-7.3.2-20220804-6354275  User: oesteban  Machine: dna079  Platform: Linux  PlatformVersion: 5.14.0-427.37.1.el9_4.x86_64  CompilerName: GCC  CompilerVersion: 8.4.0
ProgramName: mris_curvature_stats  ProgramArguments: mris_curvature_stats -all-info  ProgramVersion: 7.3.2  TimeStamp: 2026/03/07-10:07:03-GMT  BuildTime: Aug  4 2022 06:17:15  BuildStamp: freesurfer-linux-ubuntu22_x86_64-7.3.2-20220804-6354275  User: oesteban  Machine: dna079  Platform: Linux  PlatformVersion: 5.14.0-427.37.1.el9_4.x86_64  CompilerName: GCC  CompilerVersion: 8.4.0
ProgramName: mris_diff  ProgramArguments: mris_diff -all-info  ProgramVersion: 7.3.2  TimeStamp: 2026/03/07-10:07:03-GMT  BuildTime: Aug  4 2022 06:17:15  BuildStamp: freesurfer-linux-ubuntu22_x86_64-7.3.2-20220804-6354275  User: oesteban  Machine: dna079  Platform: Linux  PlatformVersion: 5.14.0-427.37.1.el9_4.x86_64  CompilerName: GCC  CompilerVersion: 8.4.0
ProgramName: mris_divide_parcellation  ProgramArguments: mris_divide_parcellation -all-info  ProgramVersion: 7.3.2  TimeStamp: 2026/03/07-10:07:03-GMT  BuildTime: Aug  4 2022 06:17:15  BuildStamp: freesurfer-linux-ubuntu22_x86_64-7.3.2-20220804-6354275  User: oesteban  Machine: dna079  Platform: Linux  PlatformVersion: 5.14.0-427.37.1.el9_4.x86_64  CompilerName: GCC  CompilerVersion: 8.4.0
ProgramName: mri_segment  ProgramArguments: mri_segment -all-info  ProgramVersion: 7.3.2  TimeStamp: 2026/03/07-10:07:03-GMT  BuildTime: Aug  4 2022 06:17:15  BuildStamp: freesurfer-linux-ubuntu22_x86_64-7.3.2-20220804-6354275  User: oesteban  Machine: dna079  Platform: Linux  PlatformVersion: 5.14.0-427.37.1.el9_4.x86_64  CompilerName: GCC  CompilerVersion: 8.4.0
ProgramName: mri_segstats  ProgramArguments: mri_segstats -all-info  ProgramVersion: 7.3.2  TimeStamp: 2026/03/07-10:07:03-GMT  BuildTime: Aug  4 2022 06:17:15  BuildStamp: freesurfer-linux-ubuntu22_x86_64-7.3.2-20220804-6354275  User: oesteban  Machine: dna079  Platform: Linux  PlatformVersion: 5.14.0-427.37.1.el9_4.x86_64  CompilerName: GCC  CompilerVersion: 8.4.0
ProgramName: mris_euler_number  ProgramArguments: mris_euler_number -all-info  ProgramVersion: 7.3.2  TimeStamp: 2026/03/07-10:07:03-GMT  BuildTime: Aug  4 2022 06:17:15  BuildStamp: freesurfer-linux-ubuntu22_x86_64-7.3.2-20220804-6354275  User: oesteban  Machine: dna079  Platform: Linux  PlatformVersion: 5.14.0-427.37.1.el9_4.x86_64  CompilerName: GCC  CompilerVersion: 8.4.0
ProgramName: mris_fix_topology  ProgramArguments: mris_fix_topology -all-info  ProgramVersion: 7.3.2  TimeStamp: 2026/03/07-10:07:03-GMT  BuildTime: Aug  4 2022 06:17:15  BuildStamp: freesurfer-linux-ubuntu22_x86_64-7.3.2-20220804-6354275  User: oesteban  Machine: dna079  Platform: Linux  PlatformVersion: 5.14.0-427.37.1.el9_4.x86_64  CompilerName: GCC  CompilerVersion: 8.4.0
ProgramName: mris_topo_fixer  ProgramArguments: mris_topo_fixer -all-info  ProgramVersion: 7.3.2  TimeStamp: 2026/03/07-10:07:03-GMT  BuildTime: Aug  4 2022 06:17:15  BuildStamp: freesurfer-linux-ubuntu22_x86_64-7.3.2-20220804-6354275  User: oesteban  Machine: dna079  Platform: Linux  PlatformVersion: 5.14.0-427.37.1.el9_4.x86_64  CompilerName: GCC  CompilerVersion: 8.4.0
ProgramName: mris_jacobian  ProgramArguments: mris_jacobian -all-info  ProgramVersion: 7.3.2  TimeStamp: 2026/03/07-10:07:03-GMT  BuildTime: Aug  4 2022 06:17:15  BuildStamp: freesurfer-linux-ubuntu22_x86_64-7.3.2-20220804-6354275  User: oesteban  Machine: dna079  Platform: Linux  PlatformVersion: 5.14.0-427.37.1.el9_4.x86_64  CompilerName: GCC  CompilerVersion: 8.4.0
ProgramName: mris_label2annot  ProgramArguments: mris_label2annot -all-info  ProgramVersion: 7.3.2  TimeStamp: 2026/03/07-10:07:03-GMT  BuildTime: Aug  4 2022 06:17:15  BuildStamp: freesurfer-linux-ubuntu22_x86_64-7.3.2-20220804-6354275  User: oesteban  Machine: dna079  Platform: Linux  PlatformVersion: 5.14.0-427.37.1.el9_4.x86_64  CompilerName: GCC  CompilerVersion: 8.4.0
ProgramName: mris_left_right_register  ProgramArguments: mris_left_right_register -all-info  ProgramVersion: 7.3.2  TimeStamp: 2026/03/07-10:07:03-GMT  BuildTime: Aug  4 2022 06:17:15  BuildStamp: freesurfer-linux-ubuntu22_x86_64-7.3.2-20220804-6354275  User: oesteban  Machine: dna079  Platform: Linux  PlatformVersion: 5.14.0-427.37.1.el9_4.x86_64  CompilerName: GCC  CompilerVersion: 8.4.0
ProgramName: mris_place_surface  ProgramArguments: mris_place_surface -all-info  ProgramVersion: 7.3.2  TimeStamp: 2026/03/07-10:07:03-GMT  BuildTime: Aug  4 2022 06:17:15  BuildStamp: freesurfer-linux-ubuntu22_x86_64-7.3.2-20220804-6354275  User: oesteban  Machine: dna079  Platform: Linux  PlatformVersion: 5.14.0-427.37.1.el9_4.x86_64  CompilerName: GCC  CompilerVersion: 8.4.0
ProgramName: mrisp_paint  ProgramArguments: mrisp_paint -all-info  ProgramVersion: 7.3.2  TimeStamp: 2026/03/07-10:07:03-GMT  BuildTime: Aug  4 2022 06:17:15  BuildStamp: freesurfer-linux-ubuntu22_x86_64-7.3.2-20220804-6354275  User: oesteban  Machine: dna079  Platform: Linux  PlatformVersion: 5.14.0-427.37.1.el9_4.x86_64  CompilerName: GCC  CompilerVersion: 8.4.0
ProgramName: mris_register  ProgramArguments: mris_register -all-info  ProgramVersion: 7.3.2  TimeStamp: 2026/03/07-10:07:03-GMT  BuildTime: Aug  4 2022 06:17:15  BuildStamp: freesurfer-linux-ubuntu22_x86_64-7.3.2-20220804-6354275  User: oesteban  Machine: dna079  Platform: Linux  PlatformVersion: 5.14.0-427.37.1.el9_4.x86_64  CompilerName: GCC  CompilerVersion: 8.4.0
ProgramName: mris_smooth  ProgramArguments: mris_smooth -all-info  ProgramVersion: 7.3.2  TimeStamp: 2026/03/07-10:07:03-GMT  BuildTime: Aug  4 2022 06:17:15  BuildStamp: freesurfer-linux-ubuntu22_x86_64-7.3.2-20220804-6354275  User: oesteban  Machine: dna079  Platform: Linux  PlatformVersion: 5.14.0-427.37.1.el9_4.x86_64  CompilerName: GCC  CompilerVersion: 8.4.0
ProgramName: mris_sphere  ProgramArguments: mris_sphere -all-info  ProgramVersion: 7.3.2  TimeStamp: 2026/03/07-10:07:03-GMT  BuildTime: Aug  4 2022 06:17:15  BuildStamp: freesurfer-linux-ubuntu22_x86_64-7.3.2-20220804-6354275  User: oesteban  Machine: dna079  Platform: Linux  PlatformVersion: 5.14.0-427.37.1.el9_4.x86_64  CompilerName: GCC  CompilerVersion: 8.4.0
ProgramName: mris_surface_stats  ProgramArguments: mris_surface_stats -all-info  ProgramVersion: 7.3.2  TimeStamp: 2026/03/07-10:07:03-GMT  BuildTime: Aug  4 2022 06:17:15  BuildStamp: freesurfer-linux-ubuntu22_x86_64-7.3.2-20220804-6354275  User: oesteban  Machine: dna079  Platform: Linux  PlatformVersion: 5.14.0-427.37.1.el9_4.x86_64  CompilerName: GCC  CompilerVersion: 8.4.0
ProgramName: mri_stats2seg  ProgramArguments: mri_stats2seg -all-info  ProgramVersion: 7.3.2  TimeStamp: 2026/03/07-10:07:04-GMT  BuildTime: Aug  4 2022 06:17:15  BuildStamp: freesurfer-linux-ubuntu22_x86_64-7.3.2-20220804-6354275  User: oesteban  Machine: dna079  Platform: Linux  PlatformVersion: 5.14.0-427.37.1.el9_4.x86_64  CompilerName: GCC  CompilerVersion: 8.4.0
ProgramName: mris_thickness  ProgramArguments: mris_thickness -all-info  ProgramVersion: 7.3.2  TimeStamp: 2026/03/07-10:07:04-GMT  BuildTime: Aug  4 2022 06:17:15  BuildStamp: freesurfer-linux-ubuntu22_x86_64-7.3.2-20220804-6354275  User: oesteban  Machine: dna079  Platform: Linux  PlatformVersion: 5.14.0-427.37.1.el9_4.x86_64  CompilerName: GCC  CompilerVersion: 8.4.0
ProgramName: mris_thickness_diff  ProgramArguments: mris_thickness_diff -all-info  ProgramVersion: 7.3.2  TimeStamp: 2026/03/07-10:07:04-GMT  BuildTime: Aug  4 2022 06:17:15  BuildStamp: freesurfer-linux-ubuntu22_x86_64-7.3.2-20220804-6354275  User: oesteban  Machine: dna079  Platform: Linux  PlatformVersion: 5.14.0-427.37.1.el9_4.x86_64  CompilerName: GCC  CompilerVersion: 8.4.0
ProgramName: mris_topo_fixer  ProgramArguments: mris_topo_fixer -all-info  ProgramVersion: 7.3.2  TimeStamp: 2026/03/07-10:07:04-GMT  BuildTime: Aug  4 2022 06:17:15  BuildStamp: freesurfer-linux-ubuntu22_x86_64-7.3.2-20220804-6354275  User: oesteban  Machine: dna079  Platform: Linux  PlatformVersion: 5.14.0-427.37.1.el9_4.x86_64  CompilerName: GCC  CompilerVersion: 8.4.0
ProgramName: mri_surf2surf  ProgramArguments: mri_surf2surf -all-info  ProgramVersion: 7.3.2  TimeStamp: 2026/03/07-10:07:04-GMT  BuildTime: Aug  4 2022 06:17:15  BuildStamp: freesurfer-linux-ubuntu22_x86_64-7.3.2-20220804-6354275  User: oesteban  Machine: dna079  Platform: Linux  PlatformVersion: 5.14.0-427.37.1.el9_4.x86_64  CompilerName: GCC  CompilerVersion: 8.4.0
ProgramName: mri_surf2vol  ProgramArguments: mri_surf2vol -all-info  ProgramVersion: 7.3.2  TimeStamp: 2026/03/07-10:07:04-GMT  BuildTime: Aug  4 2022 06:17:15  BuildStamp: freesurfer-linux-ubuntu22_x86_64-7.3.2-20220804-6354275  User: oesteban  Machine: dna079  Platform: Linux  PlatformVersion: 5.14.0-427.37.1.el9_4.x86_64  CompilerName: GCC  CompilerVersion: 8.4.0
ProgramName: mri_surfcluster  ProgramArguments: mri_surfcluster -all-info  ProgramVersion: 7.3.2  TimeStamp: 2026/03/07-10:07:04-GMT  BuildTime: Aug  4 2022 06:17:15  BuildStamp: freesurfer-linux-ubuntu22_x86_64-7.3.2-20220804-6354275  User: oesteban  Machine: dna079  Platform: Linux  PlatformVersion: 5.14.0-427.37.1.el9_4.x86_64  CompilerName: GCC  CompilerVersion: 8.4.0
ProgramName: mris_volmask  ProgramArguments: mris_volmask -all-info  ProgramVersion: 7.3.2  TimeStamp: 2026/03/07-10:07:04-GMT  BuildTime: Aug  4 2022 06:17:15  BuildStamp: freesurfer-linux-ubuntu22_x86_64-7.3.2-20220804-6354275  User: oesteban  Machine: dna079  Platform: Linux  PlatformVersion: 5.14.0-427.37.1.el9_4.x86_64  CompilerName: GCC  CompilerVersion: 8.4.0
ProgramName: mri_tessellate  ProgramArguments: mri_tessellate -all-info  ProgramVersion: 7.3.2  TimeStamp: 2026/03/07-10:07:04-GMT  BuildTime: Aug  4 2022 06:17:15  BuildStamp: freesurfer-linux-ubuntu22_x86_64-7.3.2-20220804-6354275  User: oesteban  Machine: dna079  Platform: Linux  PlatformVersion: 5.14.0-427.37.1.el9_4.x86_64  CompilerName: GCC  CompilerVersion: 8.4.0
ProgramName: mri_vol2surf  ProgramArguments: mri_vol2surf -all-info  ProgramVersion: 7.3.2  TimeStamp: 2026/03/07-10:07:04-GMT  BuildTime: Aug  4 2022 06:17:15  BuildStamp: freesurfer-linux-ubuntu22_x86_64-7.3.2-20220804-6354275  User: oesteban  Machine: dna079  Platform: Linux  PlatformVersion: 5.14.0-427.37.1.el9_4.x86_64  CompilerName: GCC  CompilerVersion: 8.4.0
ProgramName: mri_vol2vol  ProgramArguments: mri_vol2vol -all-info  ProgramVersion: 7.3.2  TimeStamp: 2026/03/07-10:07:04-GMT  BuildTime: Aug  4 2022 06:17:15  BuildStamp: freesurfer-linux-ubuntu22_x86_64-7.3.2-20220804-6354275  User: oesteban  Machine: dna079  Platform: Linux  PlatformVersion: 5.14.0-427.37.1.el9_4.x86_64  CompilerName: GCC  CompilerVersion: 8.4.0
ProgramName: mri_voldiff  ProgramArguments: mri_voldiff -all-info  ProgramVersion: 7.3.2  TimeStamp: 2026/03/07-10:07:04-GMT  BuildTime: Aug  4 2022 06:17:15  BuildStamp: freesurfer-linux-ubuntu22_x86_64-7.3.2-20220804-6354275  User: oesteban  Machine: dna079  Platform: Linux  PlatformVersion: 5.14.0-427.37.1.el9_4.x86_64  CompilerName: GCC  CompilerVersion: 8.4.0
ProgramName: mri_watershed  ProgramArguments: mri_watershed -all-info  ProgramVersion: 7.3.2  TimeStamp: 2026/03/07-10:07:04-GMT  BuildTime: Aug  4 2022 06:17:15  BuildStamp: freesurfer-linux-ubuntu22_x86_64-7.3.2-20220804-6354275  User: oesteban  Machine: dna079  Platform: Linux  PlatformVersion: 5.14.0-427.37.1.el9_4.x86_64  CompilerName: GCC  CompilerVersion: 8.4.0
ProgramName: tkregister2  ProgramArguments: tkregister2_cmdl -all-info  ProgramVersion: 7.3.2  TimeStamp: 2026/03/07-10:07:04-GMT  BuildTime: Aug  4 2022 06:17:15  BuildStamp: freesurfer-linux-ubuntu22_x86_64-7.3.2-20220804-6354275  User: oesteban  Machine: dna079  Platform: Linux  PlatformVersion: 5.14.0-427.37.1.el9_4.x86_64  CompilerName: GCC  CompilerVersion: 8.4.0
mri_motion_correct.fsl 7.3.2
mri_convert -all-info 
ProgramName: mri_convert  ProgramArguments: mri_convert -all-info  ProgramVersion: 7.3.2  TimeStamp: 2026/03/07-10:07:04-GMT  BuildTime: Aug  4 2022 06:17:15  BuildStamp: freesurfer-linux-ubuntu22_x86_64-7.3.2-20220804-6354275  User: oesteban  Machine: dna079  Platform: Linux  PlatformVersion: 5.14.0-427.37.1.el9_4.x86_64  CompilerName: GCC  CompilerVersion: 8.4.0
Program nu_correct, built from:
Package MNI N3, version 1.12.0, compiled by nicks@terrier (x86_64-unknown-linux-gnu) on 2015-06-19 at 01:25:34
#######################################
GCADIR /opt/freesurfer/average
GCA RB_all_2020-01-02.gca
GCASkull RB_all_withskull_2020_01_02.gca
AvgCurvTif folding.atlas.acfb40.noaparc.i12.2016-08-02.tif
GCSDIR /opt/freesurfer/average
GCS DKaparc.atlas.acfb40.noaparc.i12.2016-08-02.gcs
#######################################
#--------------------------------------------
#@# WhiteSurfs lh Sat Mar  7 11:07:04 CET 2026
cd /out/sourcedata/freesurfer/sub-v1s20x0050301_ses-1/mri
mris_place_surface --adgws-in ../surf/autodet.gw.stats.lh.dat --seg aseg.presurf.mgz --threads 16 --wm wm.mgz --invol brain.finalsurfs.mgz --lh --i ../surf/lh.white.preaparc --o ../surf/lh.white --white --nsmooth 0 --rip-label ../label/lh.cortex.label --rip-bg --rip-surf ../surf/lh.white.preaparc --aparc ../label/lh.aparc.annot
   Update not needed
#--------------------------------------------
#@# WhiteSurfs rh Sat Mar  7 11:07:04 CET 2026
cd /out/sourcedata/freesurfer/sub-v1s20x0050301_ses-1/mri
mris_place_surface --adgws-in ../surf/autodet.gw.stats.rh.dat --seg aseg.presurf.mgz --threads 16 --wm wm.mgz --invol brain.finalsurfs.mgz --rh --i ../surf/rh.white.preaparc --o ../surf/rh.white --white --nsmooth 0 --rip-label ../label/rh.cortex.label --rip-bg --rip-surf ../surf/rh.white.preaparc --aparc ../label/rh.aparc.annot
   Update not needed
#@# white curv lh Sat Mar  7 11:07:04 CET 2026
cd /out/sourcedata/freesurfer/sub-v1s20x0050301_ses-1/mri
mris_place_surface --curv-map ../surf/lh.white 2 10 ../surf/lh.curv
   Update not needed
#@# white area lh Sat Mar  7 11:07:04 CET 2026
cd /out/sourcedata/freesurfer/sub-v1s20x0050301_ses-1/mri
mris_place_surface --area-map ../surf/lh.white ../surf/lh.area
   Update not needed
#@# pial curv lh Sat Mar  7 11:07:04 CET 2026
cd /out/sourcedata/freesurfer/sub-v1s20x0050301_ses-1/mri
mris_place_surface --curv-map ../surf/lh.pial 2 10 ../surf/lh.curv.pial
   Update not needed
#@# pial area lh Sat Mar  7 11:07:04 CET 2026
cd /out/sourcedata/freesurfer/sub-v1s20x0050301_ses-1/mri
mris_place_surface --area-map ../surf/lh.pial ../surf/lh.area.pial
   Update not needed
#@# thickness lh Sat Mar  7 11:07:04 CET 2026
cd /out/sourcedata/freesurfer/sub-v1s20x0050301_ses-1/mri
mris_place_surface --thickness ../surf/lh.white ../surf/lh.pial 20 5 ../surf/lh.thickness
   Update not needed
#@# area and vertex vol lh Sat Mar  7 11:07:04 CET 2026
cd /out/sourcedata/freesurfer/sub-v1s20x0050301_ses-1/mri
mris_place_surface --thickness ../surf/lh.white ../surf/lh.pial 20 5 ../surf/lh.thickness
   Update not needed
#@# white curv rh Sat Mar  7 11:07:04 CET 2026
cd /out/sourcedata/freesurfer/sub-v1s20x0050301_ses-1/mri
mris_place_surface --curv-map ../surf/rh.white 2 10 ../surf/rh.curv
   Update not needed
#@# white area rh Sat Mar  7 11:07:04 CET 2026
cd /out/sourcedata/freesurfer/sub-v1s20x0050301_ses-1/mri
mris_place_surface --area-map ../surf/rh.white ../surf/rh.area
   Update not needed
#@# pial curv rh Sat Mar  7 11:07:04 CET 2026
cd /out/sourcedata/freesurfer/sub-v1s20x0050301_ses-1/mri
mris_place_surface --curv-map ../surf/rh.pial 2 10 ../surf/rh.curv.pial
   Update not needed
#@# pial area rh Sat Mar  7 11:07:04 CET 2026
cd /out/sourcedata/freesurfer/sub-v1s20x0050301_ses-1/mri
mris_place_surface --area-map ../surf/rh.pial ../surf/rh.area.pial
   Update not needed
#@# thickness rh Sat Mar  7 11:07:04 CET 2026
cd /out/sourcedata/freesurfer/sub-v1s20x0050301_ses-1/mri
mris_place_surface --thickness ../surf/rh.white ../surf/rh.pial 20 5 ../surf/rh.thickness
   Update not needed
#@# area and vertex vol rh Sat Mar  7 11:07:04 CET 2026
cd /out/sourcedata/freesurfer/sub-v1s20x0050301_ses-1/mri
mris_place_surface --thickness ../surf/rh.white ../surf/rh.pial 20 5 ../surf/rh.thickness
   Update not needed

#-----------------------------------------
#@# Curvature Stats lh Sat Mar  7 11:07:04 CET 2026
/out/sourcedata/freesurfer/sub-v1s20x0050301_ses-1/surf

 mris_curvature_stats -m --writeCurvatureFiles -G -o ../stats/lh.curv.stats -F smoothwm sub-v1s20x0050301_ses-1 lh curv sulc 

             Toggling save flag on curvature files                       [ ok ]
                 Outputting results using filestem   [ ../stats/lh.curv.stats ]
             Toggling save flag on curvature files                       [ ok ]
                                   Setting surface [ sub-v1s20x0050301_ses-1/lh.smoothwm ]
                                Reading surface...                       [ ok ]
                                   Setting texture                     [ curv ]
                                Reading texture...                       [ ok ]
                                   Setting texture                     [ sulc ]
                                Reading texture...Gb_filter = 0
                       [ ok ]
      Calculating Discrete Principal Curvatures...
      Determining geometric order for vno faces... [####################] [ ok ]
                      Determining KH curvatures... [####################] [ ok ]
                    Determining k1k2 curvatures... [####################] [ ok ]
                                   deltaViolations                      [ 238 ]
Gb_filter = 0

WARN:    S lookup   min:                          -0.162591
WARN:    S explicit min:                          0.000000	vertex = 645

#-----------------------------------------
#@# Curvature Stats rh Sat Mar  7 11:07:06 CET 2026
/out/sourcedata/freesurfer/sub-v1s20x0050301_ses-1/surf

 mris_curvature_stats -m --writeCurvatureFiles -G -o ../stats/rh.curv.stats -F smoothwm sub-v1s20x0050301_ses-1 rh curv sulc 

             Toggling save flag on curvature files                       [ ok ]
                 Outputting results using filestem   [ ../stats/rh.curv.stats ]
             Toggling save flag on curvature files                       [ ok ]
                                   Setting surface [ sub-v1s20x0050301_ses-1/rh.smoothwm ]
                                Reading surface...                       [ ok ]
                                   Setting texture                     [ curv ]
                                Reading texture...                       [ ok ]
                                   Setting texture                     [ sulc ]
                                Reading texture...Gb_filter = 0
                       [ ok ]
      Calculating Discrete Principal Curvatures...
      Determining geometric order for vno faces... [####################] [ ok ]
                      Determining KH curvatures... [####################] [ ok ]
                    Determining k1k2 curvatures... [####################] [ ok ]
                                   deltaViolations                      [ 227 ]
Gb_filter = 0

WARN:    S lookup   min:                          -0.075982
WARN:    S explicit min:                          0.000000	vertex = 282
#-----------------------------------------
#@# Relabel Hypointensities Sat Mar  7 11:07:08 CET 2026
/out/sourcedata/freesurfer/sub-v1s20x0050301_ses-1/mri

 mri_relabel_hypointensities aseg.presurf.mgz ../surf aseg.presurf.hypos.mgz 

reading input surface ../surf/lh.white...
relabeling lh hypointensities...
2308 voxels changed to hypointensity...
reading input surface ../surf/rh.white...
relabeling rh hypointensities...
1995 voxels changed to hypointensity...
4325 hypointense voxels neighboring cortex changed
#-----------------------------------------
#@# APas-to-ASeg Sat Mar  7 11:07:19 CET 2026
/out/sourcedata/freesurfer/sub-v1s20x0050301_ses-1/mri

 mri_surf2volseg --o aseg.mgz --i aseg.presurf.hypos.mgz --fix-presurf-with-ribbon /out/sourcedata/freesurfer/sub-v1s20x0050301_ses-1/mri/ribbon.mgz --threads 16 --lh-cortex-mask /out/sourcedata/freesurfer/sub-v1s20x0050301_ses-1/label/lh.cortex.label --lh-white /out/sourcedata/freesurfer/sub-v1s20x0050301_ses-1/surf/lh.white --lh-pial /out/sourcedata/freesurfer/sub-v1s20x0050301_ses-1/surf/lh.pial --rh-cortex-mask /out/sourcedata/freesurfer/sub-v1s20x0050301_ses-1/label/rh.cortex.label --rh-white /out/sourcedata/freesurfer/sub-v1s20x0050301_ses-1/surf/rh.white --rh-pial /out/sourcedata/freesurfer/sub-v1s20x0050301_ses-1/surf/rh.pial 

SUBJECTS_DIR /out/sourcedata/freesurfer
outvol aseg.mgz
16 avail.processors, using 16
Loading aseg.presurf.hypos.mgz
Loading /out/sourcedata/freesurfer/sub-v1s20x0050301_ses-1/mri/ribbon.mgz
Loading /out/sourcedata/freesurfer/sub-v1s20x0050301_ses-1/surf/lh.white
Loading /out/sourcedata/freesurfer/sub-v1s20x0050301_ses-1/surf/lh.pial
Loading /out/sourcedata/freesurfer/sub-v1s20x0050301_ses-1/label/lh.cortex.label
Loading /out/sourcedata/freesurfer/sub-v1s20x0050301_ses-1/surf/rh.white
Loading /out/sourcedata/freesurfer/sub-v1s20x0050301_ses-1/surf/rh.pial
Loading /out/sourcedata/freesurfer/sub-v1s20x0050301_ses-1/label/rh.cortex.label
Done loading
240 192 144 176  48  64   0  16 112  80  96 208 160  32 128 224 209  33  49  17 241 225   1 210  34 242  18  50 193 226   2 211  35  81 243  19 
 51 113   3 227 212  36 177 244  20 194  52  97  65   4  37 213 228 245 161  21  53  38   5 214  82 229 246  39 
 22  54 215   6 195 247 230  98  40  23 216  55   7 178 248  66  41 196 231 114 217  24  56 249   8 162  42  83 232 218  25 145  99 
 57 250 197  43   9 219 
233  26  44 251  58  10 198 220  67 252  27 234  45  59 
 11 221 100 199 
 84 253 235  28  46  60 163 222  12 200 179 
 47 254 236  29  61 223  13 201  30 255 237  68  62 146 101  14 115 202  85  31 238  15 164 203  63 239 
204  69 205 102 147  86 180 206  70 207 165 103  71 148  87 181 116 129  72 104 166 149  88 182  73 105 183 150 117  89 167 184 106 151 130  74 185  90 107 186 168 118 152  91 187  75 108 188 153 169 109  92 189  76 119 
110 154 190 170  77  93 131 111 191 171 155 120  78  94 172 156  79 
173 121  95 157 174 122 132 175 158 123 159 
133 124 134 125 135 136 137 126 138 139 
140 127 141 142 143 
nrelabeled = 154627
ndotcheck = 0
Starting Surf2VolSeg free
free done
#VMPC# mri_surf2volseg VmPeak  1958616
mri_surf2volseg done

 mri_brainvol_stats sub-v1s20x0050301_ses-1 

ComputeBrainVolumeStats2 VoxelVol=1, KeepCSF=1
  #CBVS2 MaskVol              1617717.0
  #CBVS2 BrainSegVol          1336700.0
  #CBVS2 BrainSegVolNotVent   1327820.0
  #CBVS2 SupraTentVol         1163515.0
  #CBVS2 SupraTentVolNotVent  1154635.0
  #CBVS2 lhCtxGM               267791.1
  #CBVS2 rhCtxGM               263499.7
  #CBVS2 lhCerebralWM          281031.5
  #CBVS2 rhCerebralWM          277596.5
  #CBVS2 SubCortGMVol           66214.0
  #CBVS2 CerebellumVol         173185.0
  #CBVS2 CerebellumGMVol       134139.0
  #CBVS2 VentChorVol             5681.0
  #CBVS2 3rd4th5thCSF            3199.0
  #CBVS2 AllCSF                  8880.0
  #CBVS2 CCVol                   5357.0
#-----------------------------------------
#@# AParc-to-ASeg aparc Sat Mar  7 11:07:25 CET 2026
/out/sourcedata/freesurfer/sub-v1s20x0050301_ses-1/mri

 mri_surf2volseg --o aparc+aseg.mgz --label-cortex --i aseg.mgz --threads 16 --lh-annot /out/sourcedata/freesurfer/sub-v1s20x0050301_ses-1/label/lh.aparc.annot 1000 --lh-cortex-mask /out/sourcedata/freesurfer/sub-v1s20x0050301_ses-1/label/lh.cortex.label --lh-white /out/sourcedata/freesurfer/sub-v1s20x0050301_ses-1/surf/lh.white --lh-pial /out/sourcedata/freesurfer/sub-v1s20x0050301_ses-1/surf/lh.pial --rh-annot /out/sourcedata/freesurfer/sub-v1s20x0050301_ses-1/label/rh.aparc.annot 2000 --rh-cortex-mask /out/sourcedata/freesurfer/sub-v1s20x0050301_ses-1/label/rh.cortex.label --rh-white /out/sourcedata/freesurfer/sub-v1s20x0050301_ses-1/surf/rh.white --rh-pial /out/sourcedata/freesurfer/sub-v1s20x0050301_ses-1/surf/rh.pial 

SUBJECTS_DIR /out/sourcedata/freesurfer
outvol aparc+aseg.mgz
16 avail.processors, using 16
Loading aseg.mgz
Loading /out/sourcedata/freesurfer/sub-v1s20x0050301_ses-1/surf/lh.white
Loading /out/sourcedata/freesurfer/sub-v1s20x0050301_ses-1/surf/lh.pial
Loading /out/sourcedata/freesurfer/sub-v1s20x0050301_ses-1/label/lh.cortex.label
Ripping lh vertices labeled not in lh.cortex.label
  ripped 9084 vertices from lh hemi
Loading /out/sourcedata/freesurfer/sub-v1s20x0050301_ses-1/label/lh.aparc.annot
Loading /out/sourcedata/freesurfer/sub-v1s20x0050301_ses-1/surf/rh.white
Loading /out/sourcedata/freesurfer/sub-v1s20x0050301_ses-1/surf/rh.pial
Loading /out/sourcedata/freesurfer/sub-v1s20x0050301_ses-1/label/rh.cortex.label
Ripping rh vertices labeled not in rh.cortex.label
  ripped 8835 vertices from rh hemi
Loading /out/sourcedata/freesurfer/sub-v1s20x0050301_ses-1/label/rh.aparc.annot
Done loading
112 160 128 144 192  80  96  64 208   0 224 176  16 240  32  48  17 241  33   1 242  18  34   2 243  19 
  3  35 209  49 225 244  20 210 226  50   4  36 245  21 211 227  51 246   5  37 212  22 228 247  52 213  23   6 229  38  24 248 214  53 230  25   7  39 
249 215  26  54 231 250 216   8  40  55 232 251  27 217   9  28 233  41  56 252 218 234  29  10 253  42 219 
 57 235 220  30  58  43 236  11 254 221  31  59 
 44 237 222  12 255  60  45 238 223  61 239 
 13  46  14  47  62  15  63  65 193 194  66 195 196 197 198 199 
200 201 202 203 204 205 206 207 113  67  81 161 129  97 177  68 114 145  69 162  82 130  98 178  70 115 163  83  71  99 
146 179 
116 131  72 164  84 100 180 147  73 117  85 165 101 132  74 118 181 148 166 102  86  75 133 119 
103 149 182 167  87  76 168 104 134 120 150 183  77  88 169 105 121 151 135 184 170  78 106  89 185 171 122 152 107 136  79 
186 108 172 153  90 123 109 187 137 173 110 188 154 124  91 174 189 111 138 155 190 125 191 175 156  92 139 
126 157  93 140 158 127  94 141 159 
 95 142 143 
nrelabeled = 529781
ndotcheck = 40168
Starting Surf2VolSeg free
free done
#VMPC# mri_surf2volseg VmPeak  1942848
mri_surf2volseg done
#-----------------------------------------
#@# AParc-to-ASeg aparc.a2009s Sat Mar  7 11:07:47 CET 2026
/out/sourcedata/freesurfer/sub-v1s20x0050301_ses-1/mri

 mri_surf2volseg --o aparc.a2009s+aseg.mgz --label-cortex --i aseg.mgz --threads 16 --lh-annot /out/sourcedata/freesurfer/sub-v1s20x0050301_ses-1/label/lh.aparc.a2009s.annot 11100 --lh-cortex-mask /out/sourcedata/freesurfer/sub-v1s20x0050301_ses-1/label/lh.cortex.label --lh-white /out/sourcedata/freesurfer/sub-v1s20x0050301_ses-1/surf/lh.white --lh-pial /out/sourcedata/freesurfer/sub-v1s20x0050301_ses-1/surf/lh.pial --rh-annot /out/sourcedata/freesurfer/sub-v1s20x0050301_ses-1/label/rh.aparc.a2009s.annot 12100 --rh-cortex-mask /out/sourcedata/freesurfer/sub-v1s20x0050301_ses-1/label/rh.cortex.label --rh-white /out/sourcedata/freesurfer/sub-v1s20x0050301_ses-1/surf/rh.white --rh-pial /out/sourcedata/freesurfer/sub-v1s20x0050301_ses-1/surf/rh.pial 

SUBJECTS_DIR /out/sourcedata/freesurfer
outvol aparc.a2009s+aseg.mgz
16 avail.processors, using 16
Loading aseg.mgz
Loading /out/sourcedata/freesurfer/sub-v1s20x0050301_ses-1/surf/lh.white
Loading /out/sourcedata/freesurfer/sub-v1s20x0050301_ses-1/surf/lh.pial
Loading /out/sourcedata/freesurfer/sub-v1s20x0050301_ses-1/label/lh.cortex.label
Ripping lh vertices labeled not in lh.cortex.label
  ripped 9084 vertices from lh hemi
Loading /out/sourcedata/freesurfer/sub-v1s20x0050301_ses-1/label/lh.aparc.a2009s.annot
Loading /out/sourcedata/freesurfer/sub-v1s20x0050301_ses-1/surf/rh.white
Loading /out/sourcedata/freesurfer/sub-v1s20x0050301_ses-1/surf/rh.pial
Loading /out/sourcedata/freesurfer/sub-v1s20x0050301_ses-1/label/rh.cortex.label
Ripping rh vertices labeled not in rh.cortex.label
  ripped 8835 vertices from rh hemi
Loading /out/sourcedata/freesurfer/sub-v1s20x0050301_ses-1/label/rh.aparc.a2009s.annot
Done loading
224   0  48 112  80 176 128  96 192  32 208  16 240 160  64 144  17 209 225   1  33 241  18  34 226 210   2 242  35  19 
  3 227 211 243  36  20  37   4 244 228 212  21 245   5  38  22 229 213  49   6 246  23  39 
230 214  50 247   7  24  40 231 215  51  25   8 248  41 232 216  52  26   9 249 233  42 217  27  53  10 250  28  43 234 218  54  11 251 235 219 
 44  29  55  12 252  45 236 220  30  13  56 237 221  31 253  46  14  57 238 222  47 254  15  58 239 
223 255  59 
 60  61  62  63  65 193 194 195 196 197 198 199 
200 201  66 202 203 204 205 206 207  81  67 113 129  97 145  68 177 161  82 130 114  98  69 146  83 131  70  99 
115 178 162 147  84  71 100 132 116 148 179 
 85  72 163 133 101  86 149 180 117 134  73 102  87 164 150 135 181 118 103  88  74 136 151 182 104  89 165 119 
 75 137 152 183 105  90 138  76 120 153 106 166 184  91 139 
107 185 154  92 121 140  77 108 186 167 141  93 155 109 187 122 142  94 110  78 188 156 143 111 168 189  95 190 123 157 191  79 
169 158 124 159 
125 170 126 171 127 172 173 174 175 
nrelabeled = 529781
ndotcheck = 40168
Starting Surf2VolSeg free
free done
#VMPC# mri_surf2volseg VmPeak  1942956
mri_surf2volseg done
#-----------------------------------------
#@# AParc-to-ASeg aparc.DKTatlas Sat Mar  7 11:08:12 CET 2026
/out/sourcedata/freesurfer/sub-v1s20x0050301_ses-1/mri

 mri_surf2volseg --o aparc.DKTatlas+aseg.mgz --label-cortex --i aseg.mgz --threads 16 --lh-annot /out/sourcedata/freesurfer/sub-v1s20x0050301_ses-1/label/lh.aparc.DKTatlas.annot 1000 --lh-cortex-mask /out/sourcedata/freesurfer/sub-v1s20x0050301_ses-1/label/lh.cortex.label --lh-white /out/sourcedata/freesurfer/sub-v1s20x0050301_ses-1/surf/lh.white --lh-pial /out/sourcedata/freesurfer/sub-v1s20x0050301_ses-1/surf/lh.pial --rh-annot /out/sourcedata/freesurfer/sub-v1s20x0050301_ses-1/label/rh.aparc.DKTatlas.annot 2000 --rh-cortex-mask /out/sourcedata/freesurfer/sub-v1s20x0050301_ses-1/label/rh.cortex.label --rh-white /out/sourcedata/freesurfer/sub-v1s20x0050301_ses-1/surf/rh.white --rh-pial /out/sourcedata/freesurfer/sub-v1s20x0050301_ses-1/surf/rh.pial 

SUBJECTS_DIR /out/sourcedata/freesurfer
outvol aparc.DKTatlas+aseg.mgz
16 avail.processors, using 16
Loading aseg.mgz
Loading /out/sourcedata/freesurfer/sub-v1s20x0050301_ses-1/surf/lh.white
Loading /out/sourcedata/freesurfer/sub-v1s20x0050301_ses-1/surf/lh.pial
Loading /out/sourcedata/freesurfer/sub-v1s20x0050301_ses-1/label/lh.cortex.label
Ripping lh vertices labeled not in lh.cortex.label
  ripped 9084 vertices from lh hemi
Loading /out/sourcedata/freesurfer/sub-v1s20x0050301_ses-1/label/lh.aparc.DKTatlas.annot
Loading /out/sourcedata/freesurfer/sub-v1s20x0050301_ses-1/surf/rh.white
Loading /out/sourcedata/freesurfer/sub-v1s20x0050301_ses-1/surf/rh.pial
Loading /out/sourcedata/freesurfer/sub-v1s20x0050301_ses-1/label/rh.cortex.label
Ripping rh vertices labeled not in rh.cortex.label
  ripped 8835 vertices from rh hemi
Loading /out/sourcedata/freesurfer/sub-v1s20x0050301_ses-1/label/rh.aparc.DKTatlas.annot
Done loading
 64  96  80 144 160   0 112  16 208 192 176  48 224 128  32 240 225  17   1  33  49 209 241  18  50 226   2  34 242 210  19 
 51   3  35 227 243  52  20 211   4 244  36  53 228  21 212  54 245   5  37  22 213 229  55 246   6  38  23 214  56 230   7 247  39 
 24 215  57 231   8  40  25 248  58 216   9 232  41  26  59 
249 217  10  42  27 233  60  11 218 250  28  43 234  12  61 219 
251 235  13  44  29 220  45 236 252  30 221  14  62  31  46 253  15 222 237 223  47 254 238 255 239 
 63  65 193 194 195 196 197 198 199 
200 201 202 203 204 205 206  66 207 113  67 145 129 161  68 177  81 114 146  69  97 130 115 162 147  70 178  82 116  71 148  98 131 163 179 
 72 117 149  83 164  99 
180 118 150  73 132  84 151 119 
181 100 165  74 152 133 120 182  85  75 153 101 166 121 183 134  76  86 154 122 184 167 155 102  77  87 123 135 185 156 168 124 103 186  78  88 157 136 125 187 169 158 188  79 
126 104  89 189 170 127 159 
190 137 191  90 105 171 138 106  91 172 107 139 
108  92 173 140 109  93 141 110 174 111 142  94 175 143  95 
nrelabeled = 529781
ndotcheck = 40168
Starting Surf2VolSeg free
free done
#VMPC# mri_surf2volseg VmPeak  1942896
mri_surf2volseg done
#-----------------------------------------
#@# WMParc Sat Mar  7 11:08:34 CET 2026
/out/sourcedata/freesurfer/sub-v1s20x0050301_ses-1/mri

 mri_surf2volseg --o wmparc.mgz --label-wm --i aparc+aseg.mgz --threads 16 --lh-annot /out/sourcedata/freesurfer/sub-v1s20x0050301_ses-1/label/lh.aparc.annot 3000 --lh-cortex-mask /out/sourcedata/freesurfer/sub-v1s20x0050301_ses-1/label/lh.cortex.label --lh-white /out/sourcedata/freesurfer/sub-v1s20x0050301_ses-1/surf/lh.white --lh-pial /out/sourcedata/freesurfer/sub-v1s20x0050301_ses-1/surf/lh.pial --rh-annot /out/sourcedata/freesurfer/sub-v1s20x0050301_ses-1/label/rh.aparc.annot 4000 --rh-cortex-mask /out/sourcedata/freesurfer/sub-v1s20x0050301_ses-1/label/rh.cortex.label --rh-white /out/sourcedata/freesurfer/sub-v1s20x0050301_ses-1/surf/rh.white --rh-pial /out/sourcedata/freesurfer/sub-v1s20x0050301_ses-1/surf/rh.pial 

SUBJECTS_DIR /out/sourcedata/freesurfer
outvol wmparc.mgz
16 avail.processors, using 16
Loading aparc+aseg.mgz
Loading /out/sourcedata/freesurfer/sub-v1s20x0050301_ses-1/surf/lh.white
Loading /out/sourcedata/freesurfer/sub-v1s20x0050301_ses-1/surf/lh.pial
Loading /out/sourcedata/freesurfer/sub-v1s20x0050301_ses-1/label/lh.cortex.label
Ripping lh vertices labeled not in lh.cortex.label
  ripped 9084 vertices from lh hemi
Loading /out/sourcedata/freesurfer/sub-v1s20x0050301_ses-1/label/lh.aparc.annot
Loading /out/sourcedata/freesurfer/sub-v1s20x0050301_ses-1/surf/rh.white
Loading /out/sourcedata/freesurfer/sub-v1s20x0050301_ses-1/surf/rh.pial
Loading /out/sourcedata/freesurfer/sub-v1s20x0050301_ses-1/label/rh.cortex.label
Ripping rh vertices labeled not in rh.cortex.label
  ripped 8835 vertices from rh hemi
Loading /out/sourcedata/freesurfer/sub-v1s20x0050301_ses-1/label/rh.aparc.annot
Done loading
192  32  16 208 112  80 160  64   0  48 224 128 144 176  96 240  33  49 225  17   1 209  65  34 241  50   2  18  35 193  66 210  51 226 242   3  36  19 
 52  37   4 211 194 243 227  20  38   5  39 
244 195 212  21 228  40 245   6  41  22 196  67 246 213 229  53  42   7  23 197 247  43  54   8 214  44  24 248  55 198   9  45 215 249  25  56 199 
 46  10 250  57  26  47 216 200  11 251  68  27 230 201  12 217 252  28 202  13 231 218  58  29 203  14 253 232 219 
 59 
204  30 254  15 233  60 220 205 255  31 234  61 206 221 235  62 222 207 236  63  69 237 223 238 239 
129  70  71 130 177  72  81 131  73  97 132 178  74 161  82 145 113 133  75 179 
134  83  76 180 135  98  77 114 181 162  84 136  78 182 146 183  99 
 85  79 
137 115 184 185 163 186 187  86 188 189 190 191 138 100 116 147  87 164 139 
101 117  88 165 140 118 148  89 102 166 141  90 119 
103 167 149 142 120  91 121 168 104  92 143 122 150 169 123  93 105 170 124 151  94 125 171 126 127 106  95 152 172 173 153 107 174 175 154 108 155 156 109 157 110 158 159 
111 
nrelabeled = 553271
ndotcheck = 3733
Starting Surf2VolSeg free
free done
#VMPC# mri_surf2volseg VmPeak  1942848
mri_surf2volseg done

 mri_segstats --seed 1234 --seg mri/wmparc.mgz --sum stats/wmparc.stats --pv mri/norm.mgz --excludeid 0 --brainmask mri/brainmask.mgz --in mri/norm.mgz --in-intensity-name norm --in-intensity-units MR --subject sub-v1s20x0050301_ses-1 --surf-wm-vol --ctab /opt/freesurfer/WMParcStatsLUT.txt --etiv 

setting seed for random number genererator to 1234

7.3.2
cwd 
cmdline mri_segstats --seed 1234 --seg mri/wmparc.mgz --sum stats/wmparc.stats --pv mri/norm.mgz --excludeid 0 --brainmask mri/brainmask.mgz --in mri/norm.mgz --in-intensity-name norm --in-intensity-units MR --subject sub-v1s20x0050301_ses-1 --surf-wm-vol --ctab /opt/freesurfer/WMParcStatsLUT.txt --etiv 
sysname  Linux
hostname dna079
machine  x86_64
user     oesteban
whitesurfname  white
UseRobust  0
atlas_icv (eTIV) = 1610347 mm^3    (det: 1.209742 )
Loading mri/wmparc.mgz
Getting Brain Volume Statistics
Loading mri/norm.mgz
Loading mri/norm.mgz
Voxel Volume is 1 mm^3
Generating list of segmentation ids
Found 390 segmentations
Computing statistics for each segmentation

Reporting on  70 segmentations
Using PrintSegStat
mri_segstats done
#--------------------------------------------
#@# ASeg Stats Sat Mar  7 11:10:17 CET 2026
/out/sourcedata/freesurfer/sub-v1s20x0050301_ses-1

 mri_segstats --seed 1234 --seg mri/aseg.mgz --sum stats/aseg.stats --pv mri/norm.mgz --empty --brainmask mri/brainmask.mgz --brain-vol-from-seg --excludeid 0 --excl-ctxgmwm --supratent --subcortgray --in mri/norm.mgz --in-intensity-name norm --in-intensity-units MR --etiv --surf-wm-vol --surf-ctx-vol --totalgray --euler --ctab /opt/freesurfer/ASegStatsLUT.txt --subject sub-v1s20x0050301_ses-1 

setting seed for random number genererator to 1234

7.3.2
cwd 
cmdline mri_segstats --seed 1234 --seg mri/aseg.mgz --sum stats/aseg.stats --pv mri/norm.mgz --empty --brainmask mri/brainmask.mgz --brain-vol-from-seg --excludeid 0 --excl-ctxgmwm --supratent --subcortgray --in mri/norm.mgz --in-intensity-name norm --in-intensity-units MR --etiv --surf-wm-vol --surf-ctx-vol --totalgray --euler --ctab /opt/freesurfer/ASegStatsLUT.txt --subject sub-v1s20x0050301_ses-1 
sysname  Linux
hostname dna079
machine  x86_64
user     oesteban
whitesurfname  white
UseRobust  0
atlas_icv (eTIV) = 1610347 mm^3    (det: 1.209742 )
Computing euler number
orig.nofix lheno =  -36, rheno = -36
orig.nofix lhholes =   19, rhholes = 19
Loading mri/aseg.mgz
Getting Brain Volume Statistics
Loading mri/norm.mgz
Loading mri/norm.mgz
Voxel Volume is 1 mm^3
Generating list of segmentation ids
Found  50 segmentations
Computing statistics for each segmentation

Reporting on  45 segmentations
Using PrintSegStat
mri_segstats done

Started at Sat Mar 7 11:07:03 CET 2026 
Ended   at Sat Mar 7 11:10:38 CET 2026
#@#%# recon-all-run-time-hours 0.060
recon-all -s sub-v1s20x0050301_ses-1 finished without error at Sat Mar  7 11:10:38 CET 2026
