
Fri Mar  6 23:59:19 CET 2026
cd /out/sourcedata/freesurfer/sub-v1s18x0051209_ses-1
setenv SUBJECTS_DIR /out/sourcedata/freesurfer
/opt/freesurfer/bin/recon-all -autorecon1 -i /work/fmriprep_25_2_wf/sub_v1s18x0051209_ses_1_wf/anat_fit_wf/anat_validate/sub-v1s18x0051209_ses-1_T1w_noise_corrected_ras_valid.nii.gz -noskullstrip -noT2pial -noFLAIRpial -openmp 16 -subjid sub-v1s18x0051209_ses-1 -sd /out/sourcedata/freesurfer

subjid sub-v1s18x0051209_ses-1
setenv SUBJECTS_DIR /out/sourcedata/freesurfer
FREESURFER_HOME /opt/freesurfer
Actual FREESURFER_HOME /opt/freesurfer
build-stamp.txt: freesurfer-linux-ubuntu22_x86_64-7.3.2-20220804-6354275
Linux dna028 5.14.0-427.37.1.el9_4.x86_64 #1 SMP PREEMPT_DYNAMIC Fri Sep 13 12:41:50 EDT 2024 x86_64 x86_64 x86_64 GNU/Linux
cputime      unlimited
filesize     unlimited
datasize     unlimited
stacksize    8192 kbytes
coredumpsize 0 kbytes
memoryuse    67108864 kbytes
vmemoryuse   unlimited
descriptors  1024 
memorylocked unlimited
maxproc      2061970 
maxlocks     unlimited
maxsignal    2061970 
maxmessage   819200 
maxnice      0 
maxrtprio    0 
maxrttime    unlimited

               total        used        free      shared  buff/cache   available
Mem:           503Gi        48Gi       273Gi        32Gi       181Gi       418Gi
Swap:             0B          0B          0B

########################################
program versions used
7.3.2 (freesurfer-linux-ubuntu22_x86_64-7.3.2-20220804-6354275)
7.3.2

ProgramName: lta_convert  ProgramArguments: lta_convert -all-info  ProgramVersion: 7.3.2  TimeStamp: 2026/03/06-22:59:19-GMT  BuildTime: Aug  4 2022 06:17:15  BuildStamp: freesurfer-linux-ubuntu22_x86_64-7.3.2-20220804-6354275  User: oesteban  Machine: dna028  Platform: Linux  PlatformVersion: 5.14.0-427.37.1.el9_4.x86_64  CompilerName: GCC  CompilerVersion: 8.4.0
ProgramName: mri_and  ProgramArguments: mri_and -all-info  ProgramVersion: 7.3.2  TimeStamp: 2026/03/06-22:59:19-GMT  BuildTime: Aug  4 2022 06:17:15  BuildStamp: freesurfer-linux-ubuntu22_x86_64-7.3.2-20220804-6354275  User: oesteban  Machine: dna028  Platform: Linux  PlatformVersion: 5.14.0-427.37.1.el9_4.x86_64  CompilerName: GCC  CompilerVersion: 8.4.0
ProgramName: mri_annotation2label  ProgramArguments: mri_annotation2label -all-info  ProgramVersion: 7.3.2  TimeStamp: 2026/03/06-22:59:19-GMT  BuildTime: Aug  4 2022 06:17:15  BuildStamp: freesurfer-linux-ubuntu22_x86_64-7.3.2-20220804-6354275  User: oesteban  Machine: dna028  Platform: Linux  PlatformVersion: 5.14.0-427.37.1.el9_4.x86_64  CompilerName: GCC  CompilerVersion: 8.4.0
ProgramName: mri_aparc2aseg  ProgramArguments: mri_aparc2aseg -all-info  ProgramVersion: 7.3.2  TimeStamp: 2026/03/06-22:59:19-GMT  BuildTime: Aug  4 2022 06:17:15  BuildStamp: freesurfer-linux-ubuntu22_x86_64-7.3.2-20220804-6354275  User: oesteban  Machine: dna028  Platform: Linux  PlatformVersion: 5.14.0-427.37.1.el9_4.x86_64  CompilerName: GCC  CompilerVersion: 8.4.0
ProgramName: mri_surf2volseg  ProgramArguments: mri_surf2volseg -all-info  ProgramVersion: 7.3.2  TimeStamp: 2026/03/06-22:59:19-GMT  BuildTime: Aug  4 2022 06:17:15  BuildStamp: freesurfer-linux-ubuntu22_x86_64-7.3.2-20220804-6354275  User: oesteban  Machine: dna028  Platform: Linux  PlatformVersion: 5.14.0-427.37.1.el9_4.x86_64  CompilerName: GCC  CompilerVersion: 8.4.0
ProgramName: mri_binarize  ProgramArguments: mri_binarize -all-info  ProgramVersion: 7.3.2  TimeStamp: 2026/03/06-22:59:19-GMT  BuildTime: Aug  4 2022 06:17:15  BuildStamp: freesurfer-linux-ubuntu22_x86_64-7.3.2-20220804-6354275  User: oesteban  Machine: dna028  Platform: Linux  PlatformVersion: 5.14.0-427.37.1.el9_4.x86_64  CompilerName: GCC  CompilerVersion: 8.4.0
ProgramName: mri_ca_label  ProgramArguments: mri_ca_label -all-info  ProgramVersion: 7.3.2  TimeStamp: 2026/03/06-22:59:19-GMT  BuildTime: Aug  4 2022 06:17:15  BuildStamp: freesurfer-linux-ubuntu22_x86_64-7.3.2-20220804-6354275  User: oesteban  Machine: dna028  Platform: Linux  PlatformVersion: 5.14.0-427.37.1.el9_4.x86_64  CompilerName: GCC  CompilerVersion: 8.4.0
ProgramName: mri_ca_normalize  ProgramArguments: mri_ca_normalize -all-info  ProgramVersion: 7.3.2  TimeStamp: 2026/03/06-22:59:19-GMT  BuildTime: Aug  4 2022 06:17:15  BuildStamp: freesurfer-linux-ubuntu22_x86_64-7.3.2-20220804-6354275  User: oesteban  Machine: dna028  Platform: Linux  PlatformVersion: 5.14.0-427.37.1.el9_4.x86_64  CompilerName: GCC  CompilerVersion: 8.4.0
ProgramName: mri_ca_register  ProgramArguments: mri_ca_register -all-info  ProgramVersion: 7.3.2  TimeStamp: 2026/03/06-22:59:19-GMT  BuildTime: Aug  4 2022 06:17:15  BuildStamp: freesurfer-linux-ubuntu22_x86_64-7.3.2-20220804-6354275  User: oesteban  Machine: dna028  Platform: Linux  PlatformVersion: 5.14.0-427.37.1.el9_4.x86_64  CompilerName: GCC  CompilerVersion: 8.4.0
ProgramName: mri_cc  ProgramArguments: mri_cc -all-info  ProgramVersion: 7.3.2  TimeStamp: 2026/03/06-22:59:20-GMT  BuildTime: Aug  4 2022 06:17:15  BuildStamp: freesurfer-linux-ubuntu22_x86_64-7.3.2-20220804-6354275  User: oesteban  Machine: dna028  Platform: Linux  PlatformVersion: 5.14.0-427.37.1.el9_4.x86_64  CompilerName: GCC  CompilerVersion: 8.4.0
ProgramName: mri_compute_overlap  ProgramArguments: mri_compute_overlap -all-info  ProgramVersion: 7.3.2  TimeStamp: 2026/03/06-22:59:20-GMT  BuildTime: Aug  4 2022 06:17:15  BuildStamp: freesurfer-linux-ubuntu22_x86_64-7.3.2-20220804-6354275  User: oesteban  Machine: dna028  Platform: Linux  PlatformVersion: 5.14.0-427.37.1.el9_4.x86_64  CompilerName: GCC  CompilerVersion: 8.4.0
ProgramName: mri_compute_seg_overlap  ProgramArguments: mri_compute_seg_overlap -all-info  ProgramVersion: 7.3.2  TimeStamp: 2026/03/06-22:59:20-GMT  BuildTime: Aug  4 2022 06:17:15  BuildStamp: freesurfer-linux-ubuntu22_x86_64-7.3.2-20220804-6354275  User: oesteban  Machine: dna028  Platform: Linux  PlatformVersion: 5.14.0-427.37.1.el9_4.x86_64  CompilerName: GCC  CompilerVersion: 8.4.0
ProgramName: mri_concat  ProgramArguments: mri_concat -all-info  ProgramVersion: 7.3.2  TimeStamp: 2026/03/06-22:59:20-GMT  BuildTime: Aug  4 2022 06:17:15  BuildStamp: freesurfer-linux-ubuntu22_x86_64-7.3.2-20220804-6354275  User: oesteban  Machine: dna028  Platform: Linux  PlatformVersion: 5.14.0-427.37.1.el9_4.x86_64  CompilerName: GCC  CompilerVersion: 8.4.0
ProgramName: mri_concatenate_lta  ProgramArguments: mri_concatenate_lta -all-info  ProgramVersion: 7.3.2  TimeStamp: 2026/03/06-22:59:20-GMT  BuildTime: Aug  4 2022 06:17:15  BuildStamp: freesurfer-linux-ubuntu22_x86_64-7.3.2-20220804-6354275  User: oesteban  Machine: dna028  Platform: Linux  PlatformVersion: 5.14.0-427.37.1.el9_4.x86_64  CompilerName: GCC  CompilerVersion: 8.4.0
mri_convert -all-info 
ProgramName: mri_convert  ProgramArguments: mri_convert -all-info  ProgramVersion: 7.3.2  TimeStamp: 2026/03/06-22:59:20-GMT  BuildTime: Aug  4 2022 06:17:15  BuildStamp: freesurfer-linux-ubuntu22_x86_64-7.3.2-20220804-6354275  User: oesteban  Machine: dna028  Platform: Linux  PlatformVersion: 5.14.0-427.37.1.el9_4.x86_64  CompilerName: GCC  CompilerVersion: 8.4.0
ProgramName: mri_diff  ProgramArguments: mri_diff -all-info  ProgramVersion: 7.3.2  TimeStamp: 2026/03/06-22:59:20-GMT  BuildTime: Aug  4 2022 06:17:15  BuildStamp: freesurfer-linux-ubuntu22_x86_64-7.3.2-20220804-6354275  User: oesteban  Machine: dna028  Platform: Linux  PlatformVersion: 5.14.0-427.37.1.el9_4.x86_64  CompilerName: GCC  CompilerVersion: 8.4.0
ProgramName: mri_edit_wm_with_aseg  ProgramArguments: mri_edit_wm_with_aseg -all-info  ProgramVersion: 7.3.2  TimeStamp: 2026/03/06-22:59:20-GMT  BuildTime: Aug  4 2022 06:17:15  BuildStamp: freesurfer-linux-ubuntu22_x86_64-7.3.2-20220804-6354275  User: oesteban  Machine: dna028  Platform: Linux  PlatformVersion: 5.14.0-427.37.1.el9_4.x86_64  CompilerName: GCC  CompilerVersion: 8.4.0
ProgramName: mri_em_register  ProgramArguments: mri_em_register -all-info  ProgramVersion: 7.3.2  TimeStamp: 2026/03/06-22:59:20-GMT  BuildTime: Aug  4 2022 06:17:15  BuildStamp: freesurfer-linux-ubuntu22_x86_64-7.3.2-20220804-6354275  User: oesteban  Machine: dna028  Platform: Linux  PlatformVersion: 5.14.0-427.37.1.el9_4.x86_64  CompilerName: GCC  CompilerVersion: 8.4.0
ProgramName: mri_fill  ProgramArguments: mri_fill -all-info  ProgramVersion: 7.3.2  TimeStamp: 2026/03/06-22:59:20-GMT  BuildTime: Aug  4 2022 06:17:15  BuildStamp: freesurfer-linux-ubuntu22_x86_64-7.3.2-20220804-6354275  User: oesteban  Machine: dna028  Platform: Linux  PlatformVersion: 5.14.0-427.37.1.el9_4.x86_64  CompilerName: GCC  CompilerVersion: 8.4.0
ProgramName: mri_fuse_segmentations  ProgramArguments: mri_fuse_segmentations -all-info  ProgramVersion: 7.3.2  TimeStamp: 2026/03/06-22:59:20-GMT  BuildTime: Aug  4 2022 06:17:15  BuildStamp: freesurfer-linux-ubuntu22_x86_64-7.3.2-20220804-6354275  User: oesteban  Machine: dna028  Platform: Linux  PlatformVersion: 5.14.0-427.37.1.el9_4.x86_64  CompilerName: GCC  CompilerVersion: 8.4.0
ProgramName: mri_fwhm  ProgramArguments: mri_fwhm -all-info  ProgramVersion: 7.3.2  TimeStamp: 2026/03/06-22:59:20-GMT  BuildTime: Aug  4 2022 06:17:15  BuildStamp: freesurfer-linux-ubuntu22_x86_64-7.3.2-20220804-6354275  User: oesteban  Machine: dna028  Platform: Linux  PlatformVersion: 5.14.0-427.37.1.el9_4.x86_64  CompilerName: GCC  CompilerVersion: 8.4.0
ProgramName: mri_gcut  ProgramArguments: mri_gcut -all-info  ProgramVersion: 7.3.2  TimeStamp: 2026/03/06-22:59:20-GMT  BuildTime: Aug  4 2022 06:17:15  BuildStamp: freesurfer-linux-ubuntu22_x86_64-7.3.2-20220804-6354275  User: oesteban  Machine: dna028  Platform: Linux  PlatformVersion: 5.14.0-427.37.1.el9_4.x86_64  CompilerName: GCC  CompilerVersion: 8.4.0
ProgramName: mri_info  ProgramArguments: mri_info -all-info  ProgramVersion: 7.3.2  TimeStamp: 2026/03/06-22:59:20-GMT  BuildTime: Aug  4 2022 06:17:15  BuildStamp: freesurfer-linux-ubuntu22_x86_64-7.3.2-20220804-6354275  User: oesteban  Machine: dna028  Platform: Linux  PlatformVersion: 5.14.0-427.37.1.el9_4.x86_64  CompilerName: GCC  CompilerVersion: 8.4.0
ProgramName: mri_label2label  ProgramArguments: mri_label2label -all-info  ProgramVersion: 7.3.2  TimeStamp: 2026/03/06-22:59:20-GMT  BuildTime: Aug  4 2022 06:17:15  BuildStamp: freesurfer-linux-ubuntu22_x86_64-7.3.2-20220804-6354275  User: oesteban  Machine: dna028  Platform: Linux  PlatformVersion: 5.14.0-427.37.1.el9_4.x86_64  CompilerName: GCC  CompilerVersion: 8.4.0
ProgramName: mri_label2vol  ProgramArguments: mri_label2vol -all-info  ProgramVersion: 7.3.2  TimeStamp: 2026/03/06-22:59:20-GMT  BuildTime: Aug  4 2022 06:17:15  BuildStamp: freesurfer-linux-ubuntu22_x86_64-7.3.2-20220804-6354275  User: oesteban  Machine: dna028  Platform: Linux  PlatformVersion: 5.14.0-427.37.1.el9_4.x86_64  CompilerName: GCC  CompilerVersion: 8.4.0
ProgramName: mri_log_likelihood  ProgramArguments: mri_log_likelihood -all-info  ProgramVersion: 7.3.2  TimeStamp: 2026/03/06-22:59:20-GMT  BuildTime: Aug  4 2022 06:17:15  BuildStamp: freesurfer-linux-ubuntu22_x86_64-7.3.2-20220804-6354275  User: oesteban  Machine: dna028  Platform: Linux  PlatformVersion: 5.14.0-427.37.1.el9_4.x86_64  CompilerName: GCC  CompilerVersion: 8.4.0
ProgramName: mri_mask  ProgramArguments: mri_mask -all-info  ProgramVersion: 7.3.2  TimeStamp: 2026/03/06-22:59:20-GMT  BuildTime: Aug  4 2022 06:17:15  BuildStamp: freesurfer-linux-ubuntu22_x86_64-7.3.2-20220804-6354275  User: oesteban  Machine: dna028  Platform: Linux  PlatformVersion: 5.14.0-427.37.1.el9_4.x86_64  CompilerName: GCC  CompilerVersion: 8.4.0
ProgramName: mri_matrix_multiply  ProgramArguments: mri_matrix_multiply -all-info  ProgramVersion: 7.3.2  TimeStamp: 2026/03/06-22:59:20-GMT  BuildTime: Aug  4 2022 06:17:15  BuildStamp: freesurfer-linux-ubuntu22_x86_64-7.3.2-20220804-6354275  User: oesteban  Machine: dna028  Platform: Linux  PlatformVersion: 5.14.0-427.37.1.el9_4.x86_64  CompilerName: GCC  CompilerVersion: 8.4.0
ProgramName: mri_normalize  ProgramArguments: mri_normalize -all-info  ProgramVersion: 7.3.2  TimeStamp: 2026/03/06-22:59:20-GMT  BuildTime: Aug  4 2022 06:17:15  BuildStamp: freesurfer-linux-ubuntu22_x86_64-7.3.2-20220804-6354275  User: oesteban  Machine: dna028  Platform: Linux  PlatformVersion: 5.14.0-427.37.1.el9_4.x86_64  CompilerName: GCC  CompilerVersion: 8.4.0
ProgramName: mri_normalize_tp2  ProgramArguments: mri_normalize_tp2 -all-info  ProgramVersion: 7.3.2  TimeStamp: 2026/03/06-22:59:20-GMT  BuildTime: Aug  4 2022 06:17:15  BuildStamp: freesurfer-linux-ubuntu22_x86_64-7.3.2-20220804-6354275  User: oesteban  Machine: dna028  Platform: Linux  PlatformVersion: 5.14.0-427.37.1.el9_4.x86_64  CompilerName: GCC  CompilerVersion: 8.4.0
ProgramName: mri_or  ProgramArguments: mri_or -all-info  ProgramVersion: 7.3.2  TimeStamp: 2026/03/06-22:59:20-GMT  BuildTime: Aug  4 2022 06:17:15  BuildStamp: freesurfer-linux-ubuntu22_x86_64-7.3.2-20220804-6354275  User: oesteban  Machine: dna028  Platform: Linux  PlatformVersion: 5.14.0-427.37.1.el9_4.x86_64  CompilerName: GCC  CompilerVersion: 8.4.0
ProgramName: mri_relabel_hypointensities  ProgramArguments: mri_relabel_hypointensities -all-info  ProgramVersion: 7.3.2  TimeStamp: 2026/03/06-22:59:20-GMT  BuildTime: Aug  4 2022 06:17:15  BuildStamp: freesurfer-linux-ubuntu22_x86_64-7.3.2-20220804-6354275  User: oesteban  Machine: dna028  Platform: Linux  PlatformVersion: 5.14.0-427.37.1.el9_4.x86_64  CompilerName: GCC  CompilerVersion: 8.4.0
ProgramName: mri_relabel_nonwm_hypos  ProgramArguments: mri_relabel_nonwm_hypos -all-info  ProgramVersion: 7.3.2  TimeStamp: 2026/03/06-22:59:20-GMT  BuildTime: Aug  4 2022 06:17:15  BuildStamp: freesurfer-linux-ubuntu22_x86_64-7.3.2-20220804-6354275  User: oesteban  Machine: dna028  Platform: Linux  PlatformVersion: 5.14.0-427.37.1.el9_4.x86_64  CompilerName: GCC  CompilerVersion: 8.4.0
ProgramName: mri_remove_neck  ProgramArguments: mri_remove_neck -all-info  ProgramVersion: 7.3.2  TimeStamp: 2026/03/06-22:59:20-GMT  BuildTime: Aug  4 2022 06:17:15  BuildStamp: freesurfer-linux-ubuntu22_x86_64-7.3.2-20220804-6354275  User: oesteban  Machine: dna028  Platform: Linux  PlatformVersion: 5.14.0-427.37.1.el9_4.x86_64  CompilerName: GCC  CompilerVersion: 8.4.0
7.3.2

ProgramName: mri_robust_register  ProgramArguments: mri_robust_register -all-info  ProgramVersion: 7.3.2  TimeStamp: 2026/03/06-22:59:20-GMT  BuildTime: Aug  4 2022 06:17:15  BuildStamp: freesurfer-linux-ubuntu22_x86_64-7.3.2-20220804-6354275  User: oesteban  Machine: dna028  Platform: Linux  PlatformVersion: 5.14.0-427.37.1.el9_4.x86_64  CompilerName: GCC  CompilerVersion: 8.4.0
7.3.2

ProgramName: mri_robust_template  ProgramArguments: mri_robust_template -all-info  ProgramVersion: 7.3.2  TimeStamp: 2026/03/06-22:59:20-GMT  BuildTime: Aug  4 2022 06:17:15  BuildStamp: freesurfer-linux-ubuntu22_x86_64-7.3.2-20220804-6354275  User: oesteban  Machine: dna028  Platform: Linux  PlatformVersion: 5.14.0-427.37.1.el9_4.x86_64  CompilerName: GCC  CompilerVersion: 8.4.0
ProgramName: mris_anatomical_stats  ProgramArguments: mris_anatomical_stats -all-info  ProgramVersion: 7.3.2  TimeStamp: 2026/03/06-22:59:20-GMT  BuildTime: Aug  4 2022 06:17:15  BuildStamp: freesurfer-linux-ubuntu22_x86_64-7.3.2-20220804-6354275  User: oesteban  Machine: dna028  Platform: Linux  PlatformVersion: 5.14.0-427.37.1.el9_4.x86_64  CompilerName: GCC  CompilerVersion: 8.4.0
ProgramName: mris_ca_label  ProgramArguments: mris_ca_label -all-info  ProgramVersion: 7.3.2  TimeStamp: 2026/03/06-22:59:20-GMT  BuildTime: Aug  4 2022 06:17:15  BuildStamp: freesurfer-linux-ubuntu22_x86_64-7.3.2-20220804-6354275  User: oesteban  Machine: dna028  Platform: Linux  PlatformVersion: 5.14.0-427.37.1.el9_4.x86_64  CompilerName: GCC  CompilerVersion: 8.4.0
ProgramName: mris_calc  ProgramArguments: mris_calc -all-info  ProgramVersion: 7.3.2  TimeStamp: 2026/03/06-22:59:20-GMT  BuildTime: Aug  4 2022 06:17:15  BuildStamp: freesurfer-linux-ubuntu22_x86_64-7.3.2-20220804-6354275  User: oesteban  Machine: dna028  Platform: Linux  PlatformVersion: 5.14.0-427.37.1.el9_4.x86_64  CompilerName: GCC  CompilerVersion: 8.4.0
ProgramName: mris_convert  ProgramArguments: mris_convert -all-info  ProgramVersion: 7.3.2  TimeStamp: 2026/03/06-22:59:20-GMT  BuildTime: Aug  4 2022 06:17:15  BuildStamp: freesurfer-linux-ubuntu22_x86_64-7.3.2-20220804-6354275  User: oesteban  Machine: dna028  Platform: Linux  PlatformVersion: 5.14.0-427.37.1.el9_4.x86_64  CompilerName: GCC  CompilerVersion: 8.4.0
ProgramName: mris_curvature  ProgramArguments: mris_curvature -all-info  ProgramVersion: 7.3.2  TimeStamp: 2026/03/06-22:59:20-GMT  BuildTime: Aug  4 2022 06:17:15  BuildStamp: freesurfer-linux-ubuntu22_x86_64-7.3.2-20220804-6354275  User: oesteban  Machine: dna028  Platform: Linux  PlatformVersion: 5.14.0-427.37.1.el9_4.x86_64  CompilerName: GCC  CompilerVersion: 8.4.0
ProgramName: mris_curvature_stats  ProgramArguments: mris_curvature_stats -all-info  ProgramVersion: 7.3.2  TimeStamp: 2026/03/06-22:59:20-GMT  BuildTime: Aug  4 2022 06:17:15  BuildStamp: freesurfer-linux-ubuntu22_x86_64-7.3.2-20220804-6354275  User: oesteban  Machine: dna028  Platform: Linux  PlatformVersion: 5.14.0-427.37.1.el9_4.x86_64  CompilerName: GCC  CompilerVersion: 8.4.0
ProgramName: mris_diff  ProgramArguments: mris_diff -all-info  ProgramVersion: 7.3.2  TimeStamp: 2026/03/06-22:59:20-GMT  BuildTime: Aug  4 2022 06:17:15  BuildStamp: freesurfer-linux-ubuntu22_x86_64-7.3.2-20220804-6354275  User: oesteban  Machine: dna028  Platform: Linux  PlatformVersion: 5.14.0-427.37.1.el9_4.x86_64  CompilerName: GCC  CompilerVersion: 8.4.0
ProgramName: mris_divide_parcellation  ProgramArguments: mris_divide_parcellation -all-info  ProgramVersion: 7.3.2  TimeStamp: 2026/03/06-22:59:20-GMT  BuildTime: Aug  4 2022 06:17:15  BuildStamp: freesurfer-linux-ubuntu22_x86_64-7.3.2-20220804-6354275  User: oesteban  Machine: dna028  Platform: Linux  PlatformVersion: 5.14.0-427.37.1.el9_4.x86_64  CompilerName: GCC  CompilerVersion: 8.4.0
ProgramName: mri_segment  ProgramArguments: mri_segment -all-info  ProgramVersion: 7.3.2  TimeStamp: 2026/03/06-22:59:20-GMT  BuildTime: Aug  4 2022 06:17:15  BuildStamp: freesurfer-linux-ubuntu22_x86_64-7.3.2-20220804-6354275  User: oesteban  Machine: dna028  Platform: Linux  PlatformVersion: 5.14.0-427.37.1.el9_4.x86_64  CompilerName: GCC  CompilerVersion: 8.4.0
ProgramName: mri_segstats  ProgramArguments: mri_segstats -all-info  ProgramVersion: 7.3.2  TimeStamp: 2026/03/06-22:59:20-GMT  BuildTime: Aug  4 2022 06:17:15  BuildStamp: freesurfer-linux-ubuntu22_x86_64-7.3.2-20220804-6354275  User: oesteban  Machine: dna028  Platform: Linux  PlatformVersion: 5.14.0-427.37.1.el9_4.x86_64  CompilerName: GCC  CompilerVersion: 8.4.0
ProgramName: mris_euler_number  ProgramArguments: mris_euler_number -all-info  ProgramVersion: 7.3.2  TimeStamp: 2026/03/06-22:59:20-GMT  BuildTime: Aug  4 2022 06:17:15  BuildStamp: freesurfer-linux-ubuntu22_x86_64-7.3.2-20220804-6354275  User: oesteban  Machine: dna028  Platform: Linux  PlatformVersion: 5.14.0-427.37.1.el9_4.x86_64  CompilerName: GCC  CompilerVersion: 8.4.0
ProgramName: mris_fix_topology  ProgramArguments: mris_fix_topology -all-info  ProgramVersion: 7.3.2  TimeStamp: 2026/03/06-22:59:20-GMT  BuildTime: Aug  4 2022 06:17:15  BuildStamp: freesurfer-linux-ubuntu22_x86_64-7.3.2-20220804-6354275  User: oesteban  Machine: dna028  Platform: Linux  PlatformVersion: 5.14.0-427.37.1.el9_4.x86_64  CompilerName: GCC  CompilerVersion: 8.4.0
ProgramName: mris_topo_fixer  ProgramArguments: mris_topo_fixer -all-info  ProgramVersion: 7.3.2  TimeStamp: 2026/03/06-22:59:20-GMT  BuildTime: Aug  4 2022 06:17:15  BuildStamp: freesurfer-linux-ubuntu22_x86_64-7.3.2-20220804-6354275  User: oesteban  Machine: dna028  Platform: Linux  PlatformVersion: 5.14.0-427.37.1.el9_4.x86_64  CompilerName: GCC  CompilerVersion: 8.4.0
ProgramName: mris_jacobian  ProgramArguments: mris_jacobian -all-info  ProgramVersion: 7.3.2  TimeStamp: 2026/03/06-22:59:20-GMT  BuildTime: Aug  4 2022 06:17:15  BuildStamp: freesurfer-linux-ubuntu22_x86_64-7.3.2-20220804-6354275  User: oesteban  Machine: dna028  Platform: Linux  PlatformVersion: 5.14.0-427.37.1.el9_4.x86_64  CompilerName: GCC  CompilerVersion: 8.4.0
ProgramName: mris_label2annot  ProgramArguments: mris_label2annot -all-info  ProgramVersion: 7.3.2  TimeStamp: 2026/03/06-22:59:20-GMT  BuildTime: Aug  4 2022 06:17:15  BuildStamp: freesurfer-linux-ubuntu22_x86_64-7.3.2-20220804-6354275  User: oesteban  Machine: dna028  Platform: Linux  PlatformVersion: 5.14.0-427.37.1.el9_4.x86_64  CompilerName: GCC  CompilerVersion: 8.4.0
ProgramName: mris_left_right_register  ProgramArguments: mris_left_right_register -all-info  ProgramVersion: 7.3.2  TimeStamp: 2026/03/06-22:59:20-GMT  BuildTime: Aug  4 2022 06:17:15  BuildStamp: freesurfer-linux-ubuntu22_x86_64-7.3.2-20220804-6354275  User: oesteban  Machine: dna028  Platform: Linux  PlatformVersion: 5.14.0-427.37.1.el9_4.x86_64  CompilerName: GCC  CompilerVersion: 8.4.0
ProgramName: mris_place_surface  ProgramArguments: mris_place_surface -all-info  ProgramVersion: 7.3.2  TimeStamp: 2026/03/06-22:59:20-GMT  BuildTime: Aug  4 2022 06:17:15  BuildStamp: freesurfer-linux-ubuntu22_x86_64-7.3.2-20220804-6354275  User: oesteban  Machine: dna028  Platform: Linux  PlatformVersion: 5.14.0-427.37.1.el9_4.x86_64  CompilerName: GCC  CompilerVersion: 8.4.0
ProgramName: mrisp_paint  ProgramArguments: mrisp_paint -all-info  ProgramVersion: 7.3.2  TimeStamp: 2026/03/06-22:59:20-GMT  BuildTime: Aug  4 2022 06:17:15  BuildStamp: freesurfer-linux-ubuntu22_x86_64-7.3.2-20220804-6354275  User: oesteban  Machine: dna028  Platform: Linux  PlatformVersion: 5.14.0-427.37.1.el9_4.x86_64  CompilerName: GCC  CompilerVersion: 8.4.0
ProgramName: mris_register  ProgramArguments: mris_register -all-info  ProgramVersion: 7.3.2  TimeStamp: 2026/03/06-22:59:20-GMT  BuildTime: Aug  4 2022 06:17:15  BuildStamp: freesurfer-linux-ubuntu22_x86_64-7.3.2-20220804-6354275  User: oesteban  Machine: dna028  Platform: Linux  PlatformVersion: 5.14.0-427.37.1.el9_4.x86_64  CompilerName: GCC  CompilerVersion: 8.4.0
ProgramName: mris_smooth  ProgramArguments: mris_smooth -all-info  ProgramVersion: 7.3.2  TimeStamp: 2026/03/06-22:59:20-GMT  BuildTime: Aug  4 2022 06:17:15  BuildStamp: freesurfer-linux-ubuntu22_x86_64-7.3.2-20220804-6354275  User: oesteban  Machine: dna028  Platform: Linux  PlatformVersion: 5.14.0-427.37.1.el9_4.x86_64  CompilerName: GCC  CompilerVersion: 8.4.0
ProgramName: mris_sphere  ProgramArguments: mris_sphere -all-info  ProgramVersion: 7.3.2  TimeStamp: 2026/03/06-22:59:20-GMT  BuildTime: Aug  4 2022 06:17:15  BuildStamp: freesurfer-linux-ubuntu22_x86_64-7.3.2-20220804-6354275  User: oesteban  Machine: dna028  Platform: Linux  PlatformVersion: 5.14.0-427.37.1.el9_4.x86_64  CompilerName: GCC  CompilerVersion: 8.4.0
ProgramName: mris_surface_stats  ProgramArguments: mris_surface_stats -all-info  ProgramVersion: 7.3.2  TimeStamp: 2026/03/06-22:59:20-GMT  BuildTime: Aug  4 2022 06:17:15  BuildStamp: freesurfer-linux-ubuntu22_x86_64-7.3.2-20220804-6354275  User: oesteban  Machine: dna028  Platform: Linux  PlatformVersion: 5.14.0-427.37.1.el9_4.x86_64  CompilerName: GCC  CompilerVersion: 8.4.0
ProgramName: mri_stats2seg  ProgramArguments: mri_stats2seg -all-info  ProgramVersion: 7.3.2  TimeStamp: 2026/03/06-22:59:20-GMT  BuildTime: Aug  4 2022 06:17:15  BuildStamp: freesurfer-linux-ubuntu22_x86_64-7.3.2-20220804-6354275  User: oesteban  Machine: dna028  Platform: Linux  PlatformVersion: 5.14.0-427.37.1.el9_4.x86_64  CompilerName: GCC  CompilerVersion: 8.4.0
ProgramName: mris_thickness  ProgramArguments: mris_thickness -all-info  ProgramVersion: 7.3.2  TimeStamp: 2026/03/06-22:59:20-GMT  BuildTime: Aug  4 2022 06:17:15  BuildStamp: freesurfer-linux-ubuntu22_x86_64-7.3.2-20220804-6354275  User: oesteban  Machine: dna028  Platform: Linux  PlatformVersion: 5.14.0-427.37.1.el9_4.x86_64  CompilerName: GCC  CompilerVersion: 8.4.0
ProgramName: mris_thickness_diff  ProgramArguments: mris_thickness_diff -all-info  ProgramVersion: 7.3.2  TimeStamp: 2026/03/06-22:59:20-GMT  BuildTime: Aug  4 2022 06:17:15  BuildStamp: freesurfer-linux-ubuntu22_x86_64-7.3.2-20220804-6354275  User: oesteban  Machine: dna028  Platform: Linux  PlatformVersion: 5.14.0-427.37.1.el9_4.x86_64  CompilerName: GCC  CompilerVersion: 8.4.0
ProgramName: mris_topo_fixer  ProgramArguments: mris_topo_fixer -all-info  ProgramVersion: 7.3.2  TimeStamp: 2026/03/06-22:59:20-GMT  BuildTime: Aug  4 2022 06:17:15  BuildStamp: freesurfer-linux-ubuntu22_x86_64-7.3.2-20220804-6354275  User: oesteban  Machine: dna028  Platform: Linux  PlatformVersion: 5.14.0-427.37.1.el9_4.x86_64  CompilerName: GCC  CompilerVersion: 8.4.0
ProgramName: mri_surf2surf  ProgramArguments: mri_surf2surf -all-info  ProgramVersion: 7.3.2  TimeStamp: 2026/03/06-22:59:20-GMT  BuildTime: Aug  4 2022 06:17:15  BuildStamp: freesurfer-linux-ubuntu22_x86_64-7.3.2-20220804-6354275  User: oesteban  Machine: dna028  Platform: Linux  PlatformVersion: 5.14.0-427.37.1.el9_4.x86_64  CompilerName: GCC  CompilerVersion: 8.4.0
ProgramName: mri_surf2vol  ProgramArguments: mri_surf2vol -all-info  ProgramVersion: 7.3.2  TimeStamp: 2026/03/06-22:59:20-GMT  BuildTime: Aug  4 2022 06:17:15  BuildStamp: freesurfer-linux-ubuntu22_x86_64-7.3.2-20220804-6354275  User: oesteban  Machine: dna028  Platform: Linux  PlatformVersion: 5.14.0-427.37.1.el9_4.x86_64  CompilerName: GCC  CompilerVersion: 8.4.0
ProgramName: mri_surfcluster  ProgramArguments: mri_surfcluster -all-info  ProgramVersion: 7.3.2  TimeStamp: 2026/03/06-22:59:20-GMT  BuildTime: Aug  4 2022 06:17:15  BuildStamp: freesurfer-linux-ubuntu22_x86_64-7.3.2-20220804-6354275  User: oesteban  Machine: dna028  Platform: Linux  PlatformVersion: 5.14.0-427.37.1.el9_4.x86_64  CompilerName: GCC  CompilerVersion: 8.4.0
ProgramName: mris_volmask  ProgramArguments: mris_volmask -all-info  ProgramVersion: 7.3.2  TimeStamp: 2026/03/06-22:59:20-GMT  BuildTime: Aug  4 2022 06:17:15  BuildStamp: freesurfer-linux-ubuntu22_x86_64-7.3.2-20220804-6354275  User: oesteban  Machine: dna028  Platform: Linux  PlatformVersion: 5.14.0-427.37.1.el9_4.x86_64  CompilerName: GCC  CompilerVersion: 8.4.0
ProgramName: mri_tessellate  ProgramArguments: mri_tessellate -all-info  ProgramVersion: 7.3.2  TimeStamp: 2026/03/06-22:59:20-GMT  BuildTime: Aug  4 2022 06:17:15  BuildStamp: freesurfer-linux-ubuntu22_x86_64-7.3.2-20220804-6354275  User: oesteban  Machine: dna028  Platform: Linux  PlatformVersion: 5.14.0-427.37.1.el9_4.x86_64  CompilerName: GCC  CompilerVersion: 8.4.0
ProgramName: mri_vol2surf  ProgramArguments: mri_vol2surf -all-info  ProgramVersion: 7.3.2  TimeStamp: 2026/03/06-22:59:20-GMT  BuildTime: Aug  4 2022 06:17:15  BuildStamp: freesurfer-linux-ubuntu22_x86_64-7.3.2-20220804-6354275  User: oesteban  Machine: dna028  Platform: Linux  PlatformVersion: 5.14.0-427.37.1.el9_4.x86_64  CompilerName: GCC  CompilerVersion: 8.4.0
ProgramName: mri_vol2vol  ProgramArguments: mri_vol2vol -all-info  ProgramVersion: 7.3.2  TimeStamp: 2026/03/06-22:59:20-GMT  BuildTime: Aug  4 2022 06:17:15  BuildStamp: freesurfer-linux-ubuntu22_x86_64-7.3.2-20220804-6354275  User: oesteban  Machine: dna028  Platform: Linux  PlatformVersion: 5.14.0-427.37.1.el9_4.x86_64  CompilerName: GCC  CompilerVersion: 8.4.0
ProgramName: mri_voldiff  ProgramArguments: mri_voldiff -all-info  ProgramVersion: 7.3.2  TimeStamp: 2026/03/06-22:59:20-GMT  BuildTime: Aug  4 2022 06:17:15  BuildStamp: freesurfer-linux-ubuntu22_x86_64-7.3.2-20220804-6354275  User: oesteban  Machine: dna028  Platform: Linux  PlatformVersion: 5.14.0-427.37.1.el9_4.x86_64  CompilerName: GCC  CompilerVersion: 8.4.0
ProgramName: mri_watershed  ProgramArguments: mri_watershed -all-info  ProgramVersion: 7.3.2  TimeStamp: 2026/03/06-22:59:20-GMT  BuildTime: Aug  4 2022 06:17:15  BuildStamp: freesurfer-linux-ubuntu22_x86_64-7.3.2-20220804-6354275  User: oesteban  Machine: dna028  Platform: Linux  PlatformVersion: 5.14.0-427.37.1.el9_4.x86_64  CompilerName: GCC  CompilerVersion: 8.4.0
ProgramName: tkregister2  ProgramArguments: tkregister2_cmdl -all-info  ProgramVersion: 7.3.2  TimeStamp: 2026/03/06-22:59:20-GMT  BuildTime: Aug  4 2022 06:17:15  BuildStamp: freesurfer-linux-ubuntu22_x86_64-7.3.2-20220804-6354275  User: oesteban  Machine: dna028  Platform: Linux  PlatformVersion: 5.14.0-427.37.1.el9_4.x86_64  CompilerName: GCC  CompilerVersion: 8.4.0
mri_motion_correct.fsl 7.3.2
mri_convert -all-info 
ProgramName: mri_convert  ProgramArguments: mri_convert -all-info  ProgramVersion: 7.3.2  TimeStamp: 2026/03/06-22:59:20-GMT  BuildTime: Aug  4 2022 06:17:15  BuildStamp: freesurfer-linux-ubuntu22_x86_64-7.3.2-20220804-6354275  User: oesteban  Machine: dna028  Platform: Linux  PlatformVersion: 5.14.0-427.37.1.el9_4.x86_64  CompilerName: GCC  CompilerVersion: 8.4.0
Program nu_correct, built from:
Package MNI N3, version 1.12.0, compiled by nicks@terrier (x86_64-unknown-linux-gnu) on 2015-06-19 at 01:25:34
#######################################
GCADIR /opt/freesurfer/average
GCA RB_all_2020-01-02.gca
GCASkull RB_all_withskull_2020_01_02.gca
AvgCurvTif folding.atlas.acfb40.noaparc.i12.2016-08-02.tif
GCSDIR /opt/freesurfer/average
GCS DKaparc.atlas.acfb40.noaparc.i12.2016-08-02.gcs
#######################################
/out/sourcedata/freesurfer/sub-v1s18x0051209_ses-1

 mri_convert /work/fmriprep_25_2_wf/sub_v1s18x0051209_ses_1_wf/anat_fit_wf/anat_validate/sub-v1s18x0051209_ses-1_T1w_noise_corrected_ras_valid.nii.gz /out/sourcedata/freesurfer/sub-v1s18x0051209_ses-1/mri/orig/001.mgz 

mri_convert /work/fmriprep_25_2_wf/sub_v1s18x0051209_ses_1_wf/anat_fit_wf/anat_validate/sub-v1s18x0051209_ses-1_T1w_noise_corrected_ras_valid.nii.gz /out/sourcedata/freesurfer/sub-v1s18x0051209_ses-1/mri/orig/001.mgz 
reading from /work/fmriprep_25_2_wf/sub_v1s18x0051209_ses_1_wf/anat_fit_wf/anat_validate/sub-v1s18x0051209_ses-1_T1w_noise_corrected_ras_valid.nii.gz...
TR=0.00, TE=0.00, TI=0.00, flip angle=0.00
i_ras = (0.999663, 0.0191945, 0.0174524)
j_ras = (-0.0191974, 0.999816, -2.2748e-08)
k_ras = (-0.0174492, -0.000335018, 0.999848)
writing to /out/sourcedata/freesurfer/sub-v1s18x0051209_ses-1/mri/orig/001.mgz...
#--------------------------------------------
#@# MotionCor Fri Mar  6 23:59:22 CET 2026
Found 1 runs
/out/sourcedata/freesurfer/sub-v1s18x0051209_ses-1/mri/orig/001.mgz
Checking for (invalid) multi-frame inputs...
Only one run found so motion
correction will not be performed. I'll
copy the run to rawavg and continue.

 cp /out/sourcedata/freesurfer/sub-v1s18x0051209_ses-1/mri/orig/001.mgz /out/sourcedata/freesurfer/sub-v1s18x0051209_ses-1/mri/rawavg.mgz 


 mri_info /out/sourcedata/freesurfer/sub-v1s18x0051209_ses-1/mri/rawavg.mgz 

rawavg.mgz ========================================
Volume information for /out/sourcedata/freesurfer/sub-v1s18x0051209_ses-1/mri/rawavg.mgz
          type: MGH
    dimensions: 160 x 240 x 256
   voxel sizes: 1.200000, 1.000000, 1.000000
          type: FLOAT (3)
           fov: 256.000
           dof: 1
        xstart: -96.0, xend: 96.0
        ystart: -120.0, yend: 120.0
        zstart: -128.0, zend: 128.0
            TR: 0.00 msec, TE: 0.00 msec, TI: 0.00 msec, flip angle: 0.00 degrees
       nframes: 1
       PhEncDir: UNKNOWN
       FieldStrength: 0.000000
ras xform present
    xform info: x_r =   0.9997, y_r =  -0.0192, z_r =  -0.0174, c_r =     4.8002
              : x_a =   0.0192, y_a =   0.9998, z_a =  -0.0003, c_a =     5.2539
              : x_s =   0.0175, y_s =  -0.0000, z_s =   0.9998, c_s =   -31.6773

talairach xfm : 
Orientation   : RAS
Primary Slice Direction: axial

voxel to ras transform:
                1.1996  -0.0192  -0.0174   -86.6303
                0.0230   0.9998  -0.0003  -116.5238
                0.0209  -0.0000   0.9998  -161.3333
                0.0000   0.0000   0.0000     1.0000

voxel-to-ras determinant 1.2

ras to voxel transform:
                0.8331   0.0160   0.0145    76.3778
               -0.0192   0.9998  -0.0000   114.8392
               -0.0174  -0.0003   0.9998   159.7580
                0.0000   0.0000   0.0000     1.0000
/out/sourcedata/freesurfer/sub-v1s18x0051209_ses-1

 mri_convert /out/sourcedata/freesurfer/sub-v1s18x0051209_ses-1/mri/rawavg.mgz /out/sourcedata/freesurfer/sub-v1s18x0051209_ses-1/mri/orig.mgz --conform 

mri_convert /out/sourcedata/freesurfer/sub-v1s18x0051209_ses-1/mri/rawavg.mgz /out/sourcedata/freesurfer/sub-v1s18x0051209_ses-1/mri/orig.mgz --conform 
reading from /out/sourcedata/freesurfer/sub-v1s18x0051209_ses-1/mri/rawavg.mgz...
TR=0.00, TE=0.00, TI=0.00, flip angle=0.00
i_ras = (0.999663, 0.0191945, 0.0174524)
j_ras = (-0.0191974, 0.999816, -2.2748e-08)
k_ras = (-0.0174492, -0.000335018, 0.999848)
changing data type from float to uchar (noscale = 0)...
MRIchangeType: Building histogram -0.000343323 910.247 1000, flo=0, fhi=0.999, dest_type=0
Reslicing using trilinear interpolation 
writing to /out/sourcedata/freesurfer/sub-v1s18x0051209_ses-1/mri/orig.mgz...

 mri_add_xform_to_header -c /out/sourcedata/freesurfer/sub-v1s18x0051209_ses-1/mri/transforms/talairach.xfm /out/sourcedata/freesurfer/sub-v1s18x0051209_ses-1/mri/orig.mgz /out/sourcedata/freesurfer/sub-v1s18x0051209_ses-1/mri/orig.mgz 

INFO: extension is mgz

 mri_info /out/sourcedata/freesurfer/sub-v1s18x0051209_ses-1/mri/orig.mgz 

orig.mgz ========================================
Volume information for /out/sourcedata/freesurfer/sub-v1s18x0051209_ses-1/mri/orig.mgz
          type: MGH
    dimensions: 256 x 256 x 256
   voxel sizes: 1.000000, 1.000000, 1.000000
          type: UCHAR (0)
           fov: 256.000
           dof: 1
        xstart: -128.0, xend: 128.0
        ystart: -128.0, yend: 128.0
        zstart: -128.0, zend: 128.0
            TR: 0.00 msec, TE: 0.00 msec, TI: 0.00 msec, flip angle: 0.00 degrees
       nframes: 1
       PhEncDir: UNKNOWN
       FieldStrength: 0.000000
ras xform present
    xform info: x_r =  -1.0000, y_r =  -0.0000, z_r =  -0.0000, c_r =     4.8002
              : x_a =   0.0000, y_a =  -0.0000, z_a =   1.0000, c_a =     5.2539
              : x_s =   0.0000, y_s =  -1.0000, z_s =  -0.0000, c_s =   -31.6773

talairach xfm : /out/sourcedata/freesurfer/sub-v1s18x0051209_ses-1/mri/transforms/talairach.xfm
Orientation   : LIA
Primary Slice Direction: coronal

voxel to ras transform:
               -1.0000  -0.0000  -0.0000   132.8002
                0.0000  -0.0000   1.0000  -122.7461
                0.0000  -1.0000  -0.0000    96.3227
                0.0000   0.0000   0.0000     1.0000

voxel-to-ras determinant -1

ras to voxel transform:
               -1.0000  -0.0000   0.0000   132.8002
               -0.0000  -0.0000  -1.0000    96.3227
                0.0000   1.0000  -0.0000   122.7461
               -0.0000  -0.0000  -0.0000     1.0000
#--------------------------------------------
#@# Talairach Fri Mar  6 23:59:30 CET 2026
/out/sourcedata/freesurfer/sub-v1s18x0051209_ses-1/mri

 mri_nu_correct.mni --no-rescale --i orig.mgz --o orig_nu.mgz --ants-n4 --n 1 --proto-iters 1000 --distance 50 

/usr/bin/bc
/out/sourcedata/freesurfer/sub-v1s18x0051209_ses-1/mri
/opt/freesurfer/bin/mri_nu_correct.mni
--no-rescale --i orig.mgz --o orig_nu.mgz --ants-n4 --n 1 --proto-iters 1000 --distance 50
nIters 1
mri_nu_correct.mni 7.3.2
Linux dna028 5.14.0-427.37.1.el9_4.x86_64 #1 SMP PREEMPT_DYNAMIC Fri Sep 13 12:41:50 EDT 2024 x86_64 x86_64 x86_64 GNU/Linux
Fri Mar  6 23:59:30 CET 2026
tmpdir is ./tmp.mri_nu_correct.mni.1449470
cd /out/sourcedata/freesurfer/sub-v1s18x0051209_ses-1/mri
AntsN4BiasFieldCorrectionFs -i orig.mgz -o ./tmp.mri_nu_correct.mni.1449470/nu0.mgz --dtype uchar
AntsN4BiasFieldCorrectionFs done
mri_convert ./tmp.mri_nu_correct.mni.1449470/nu0.mgz orig_nu.mgz --like orig.mgz --conform
mri_convert ./tmp.mri_nu_correct.mni.1449470/nu0.mgz orig_nu.mgz --like orig.mgz --conform 
reading from ./tmp.mri_nu_correct.mni.1449470/nu0.mgz...
TR=0.00, TE=0.00, TI=0.00, flip angle=0.00
i_ras = (-1, 2.91993e-09, 0)
j_ras = (-1.86265e-09, -2.91038e-11, -1)
k_ras = (-2.92039e-09, 1, -2.91038e-11)
INFO: transform src into the like-volume: orig.mgz
writing to orig_nu.mgz...
 
 
Sat Mar  7 00:02:26 CET 2026
mri_nu_correct.mni done

 talairach_avi --i orig_nu.mgz --xfm transforms/talairach.auto.xfm 

talairach_avi log file is transforms/talairach_avi.log...
mv -f /out/sourcedata/freesurfer/sub-v1s18x0051209_ses-1/mri/talsrcimg_to_711-2C_as_mni_average_305_t4_vox2vox.txt /out/sourcedata/freesurfer/sub-v1s18x0051209_ses-1/mri/transforms/talsrcimg_to_711-2C_as_mni_average_305_t4_vox2vox.txt
Started at Sat Mar 7 00:02:26 CET 2026
Ended   at Sat Mar  7 00:03:56 CET 2026
talairach_avi done

 cp transforms/talairach.auto.xfm transforms/talairach.xfm 

lta_convert --src orig.mgz --trg /opt/freesurfer/average/mni305.cor.mgz --inxfm transforms/talairach.xfm --outlta transforms/talairach.xfm.lta --subject fsaverage --ltavox2vox
7.3.2

--src: orig.mgz src image (geometry).
--trg: /opt/freesurfer/average/mni305.cor.mgz trg image (geometry).
--inmni: transforms/talairach.xfm input MNI/XFM transform.
--outlta: transforms/talairach.xfm.lta output LTA.
--s: fsaverage subject name
--ltavox2vox: output LTA as VOX_TO_VOX transform.
 LTA read, type : 1
 1.08228  -0.00571   0.05246  -3.10669;
 0.01698   1.07778   0.13857  -21.72375;
-0.05458  -0.08426   1.14768   45.22274;
 0.00000   0.00000   0.00000   1.00000;
setting subject to fsaverage
Writing  LTA to file transforms/talairach.xfm.lta...
lta_convert successful.
#--------------------------------------------
#@# Talairach Failure Detection Sat Mar  7 00:03:59 CET 2026
/out/sourcedata/freesurfer/sub-v1s18x0051209_ses-1/mri

 talairach_afd -T 0.005 -xfm transforms/talairach.xfm 

talairach_afd: Talairach Transform: transforms/talairach.xfm OK (p=0.7876, pval=0.8469 >= threshold=0.0050)

 awk -f /opt/freesurfer/bin/extract_talairach_avi_QA.awk /out/sourcedata/freesurfer/sub-v1s18x0051209_ses-1/mri/transforms/talairach_avi.log 


 tal_QC_AZS /out/sourcedata/freesurfer/sub-v1s18x0051209_ses-1/mri/transforms/talairach_avi.log 

TalAviQA: 0.98074
z-score: 0
#--------------------------------------------
#@# Nu Intensity Correction Sat Mar  7 00:03:59 CET 2026

 mri_nu_correct.mni --i orig.mgz --o nu.mgz --uchar transforms/talairach.xfm --n 2 --ants-n4 

/usr/bin/bc
/out/sourcedata/freesurfer/sub-v1s18x0051209_ses-1/mri
/opt/freesurfer/bin/mri_nu_correct.mni
--i orig.mgz --o nu.mgz --uchar transforms/talairach.xfm --n 2 --ants-n4
nIters 2
mri_nu_correct.mni 7.3.2
Linux dna028 5.14.0-427.37.1.el9_4.x86_64 #1 SMP PREEMPT_DYNAMIC Fri Sep 13 12:41:50 EDT 2024 x86_64 x86_64 x86_64 GNU/Linux
Sat Mar  7 00:03:59 CET 2026
tmpdir is ./tmp.mri_nu_correct.mni.1450258
cd /out/sourcedata/freesurfer/sub-v1s18x0051209_ses-1/mri
AntsN4BiasFieldCorrectionFs -i orig.mgz -o ./tmp.mri_nu_correct.mni.1450258/nu0.mgz --dtype uchar
AntsN4BiasFieldCorrectionFs done
mri_binarize --i ./tmp.mri_nu_correct.mni.1450258/nu0.mgz --min -1 --o ./tmp.mri_nu_correct.mni.1450258/ones.mgz

7.3.2
cwd /out/sourcedata/freesurfer/sub-v1s18x0051209_ses-1/mri
cmdline mri_binarize --i ./tmp.mri_nu_correct.mni.1450258/nu0.mgz --min -1 --o ./tmp.mri_nu_correct.mni.1450258/ones.mgz 
sysname  Linux
hostname dna028
machine  x86_64
user     oesteban

input      ./tmp.mri_nu_correct.mni.1450258/nu0.mgz
frame      0
nErode3d   0
nErode2d   0
output     ./tmp.mri_nu_correct.mni.1450258/ones.mgz
Binarizing based on threshold
min        -1
max        +infinity
binval        1
binvalnot     0
fstart = 0, fend = 0, nframes = 1
Starting parallel 1
Found 16777216 values in range
Counting number of voxels in first frame
Found 16777215 voxels in final mask
Writing output to ./tmp.mri_nu_correct.mni.1450258/ones.mgz
Count: 16777215 16777215.000000 16777216 99.999994
mri_binarize done
mri_segstats --id 1 --seg ./tmp.mri_nu_correct.mni.1450258/ones.mgz --i orig.mgz --sum ./tmp.mri_nu_correct.mni.1450258/sum.junk --avgwf ./tmp.mri_nu_correct.mni.1450258/input.mean.dat

7.3.2
cwd 
cmdline mri_segstats --id 1 --seg ./tmp.mri_nu_correct.mni.1450258/ones.mgz --i orig.mgz --sum ./tmp.mri_nu_correct.mni.1450258/sum.junk --avgwf ./tmp.mri_nu_correct.mni.1450258/input.mean.dat 
sysname  Linux
hostname dna028
machine  x86_64
user     oesteban
whitesurfname  white
UseRobust  0
Loading ./tmp.mri_nu_correct.mni.1450258/ones.mgz
Loading orig.mgz
Voxel Volume is 1 mm^3
Generating list of segmentation ids
Found   1 segmentations
Computing statistics for each segmentation

Reporting on   1 segmentations
Using PrintSegStat
Computing spatial average of each frame

Writing to ./tmp.mri_nu_correct.mni.1450258/input.mean.dat
mri_segstats done
mri_segstats --id 1 --seg ./tmp.mri_nu_correct.mni.1450258/ones.mgz --i ./tmp.mri_nu_correct.mni.1450258/nu0.mgz --sum ./tmp.mri_nu_correct.mni.1450258/sum.junk --avgwf ./tmp.mri_nu_correct.mni.1450258/output.mean.dat

7.3.2
cwd 
cmdline mri_segstats --id 1 --seg ./tmp.mri_nu_correct.mni.1450258/ones.mgz --i ./tmp.mri_nu_correct.mni.1450258/nu0.mgz --sum ./tmp.mri_nu_correct.mni.1450258/sum.junk --avgwf ./tmp.mri_nu_correct.mni.1450258/output.mean.dat 
sysname  Linux
hostname dna028
machine  x86_64
user     oesteban
whitesurfname  white
UseRobust  0
Loading ./tmp.mri_nu_correct.mni.1450258/ones.mgz
Loading ./tmp.mri_nu_correct.mni.1450258/nu0.mgz
Voxel Volume is 1 mm^3
Generating list of segmentation ids
Found   1 segmentations
Computing statistics for each segmentation

Reporting on   1 segmentations
Using PrintSegStat
Computing spatial average of each frame

Writing to ./tmp.mri_nu_correct.mni.1450258/output.mean.dat
mri_segstats done
mris_calc -o ./tmp.mri_nu_correct.mni.1450258/nu0.mgz ./tmp.mri_nu_correct.mni.1450258/nu0.mgz mul 1.43672755881946160665
Saving result to './tmp.mri_nu_correct.mni.1450258/nu0.mgz' (type = MGH )                       [ ok ]
mri_convert ./tmp.mri_nu_correct.mni.1450258/nu0.mgz nu.mgz --like orig.mgz
mri_convert ./tmp.mri_nu_correct.mni.1450258/nu0.mgz nu.mgz --like orig.mgz 
reading from ./tmp.mri_nu_correct.mni.1450258/nu0.mgz...
TR=0.00, TE=0.00, TI=0.00, flip angle=0.00
i_ras = (-1, 2.91993e-09, 0)
j_ras = (-1.86265e-09, -2.91038e-11, -1)
k_ras = (-2.92039e-09, 1, -2.91038e-11)
INFO: transform src into the like-volume: orig.mgz
writing to nu.mgz...
mri_make_uchar nu.mgz transforms/talairach.xfm nu.mgz
type change took 0 minutes and 6 seconds.
FIRST_PERCENTILE 0.010000
WM_PERCENTILE    0.900000
MAX_R 50.000000
i1 = 10, i2 = 58
#mri_make_uchar# mapping 17 101 to  3 110  :  b -19.8354 m 1.28846 : thresh 15.3946 maxsat 213.305 : nzero 13927626 nsat 15569
 
 
Sat Mar  7 00:07:13 CET 2026
mri_nu_correct.mni done

 mri_add_xform_to_header -c /out/sourcedata/freesurfer/sub-v1s18x0051209_ses-1/mri/transforms/talairach.xfm nu.mgz nu.mgz 

INFO: extension is mgz
#--------------------------------------------
#@# Intensity Normalization Sat Mar  7 00:07:14 CET 2026
/out/sourcedata/freesurfer/sub-v1s18x0051209_ses-1/mri

 mri_normalize -g 1 -seed 1234 -mprage nu.mgz T1.mgz 

using max gradient = 1.000
setting seed for random number genererator to 1234
assuming input volume is MGH (Van der Kouwe) MP-RAGE
reading mri_src from nu.mgz...
normalizing image...
NOT doing gentle normalization with control points/label
talairach transform
 1.08228  -0.00571   0.05246  -3.10669;
 0.01698   1.07778   0.13857  -21.72375;
-0.05458  -0.08426   1.14768   45.22274;
 0.00000   0.00000   0.00000   1.00000;
processing without aseg, no1d=0
MRInormInit(): 
INFO: Modifying talairach volume c_(r,a,s) based on average_305
MRInormalize(): 
MRIsplineNormalize(): npeaks = 13
Starting OpenSpline(): npoints = 13
building Voronoi diagram...
performing soap bubble smoothing, sigma = 8...

Iterating 2 times
---------------------------------
3d normalization pass 1 of 2
white matter peak found at 110
white matter peak found at 109
gm peak at 51 (51), valley at 40 (40)
csf peak at 12, setting threshold to 38
building Voronoi diagram...
performing soap bubble smoothing, sigma = 8...
---------------------------------
3d normalization pass 2 of 2
white matter peak found at 110
white matter peak found at 110
gm peak at 53 (53), valley at 41 (41)
csf peak at 12, setting threshold to 39
building Voronoi diagram...
performing soap bubble smoothing, sigma = 8...
Done iterating ---------------------------------
writing output to T1.mgz
3D bias adjustment took 1 minutes and 25 seconds.

Started at Fri Mar 6 23:59:19 CET 2026 
Ended   at Sat Mar 7 00:08:39 CET 2026
#@#%# recon-all-run-time-hours 0.156
recon-all -s sub-v1s18x0051209_ses-1 finished without error at Sat Mar  7 00:08:39 CET 2026



#New# invocation of recon-all 




Sat Mar  7 00:16:02 CET 2026
cd /out/sourcedata/freesurfer/sub-v1s18x0051209_ses-1
setenv SUBJECTS_DIR /out/sourcedata/freesurfer
/opt/freesurfer/bin/recon-all -openmp 16 -subjid sub-v1s18x0051209_ses-1 -sd /out/sourcedata/freesurfer -gcareg

subjid sub-v1s18x0051209_ses-1
setenv SUBJECTS_DIR /out/sourcedata/freesurfer
FREESURFER_HOME /opt/freesurfer
Actual FREESURFER_HOME /opt/freesurfer
build-stamp.txt: freesurfer-linux-ubuntu22_x86_64-7.3.2-20220804-6354275
Linux dna028 5.14.0-427.37.1.el9_4.x86_64 #1 SMP PREEMPT_DYNAMIC Fri Sep 13 12:41:50 EDT 2024 x86_64 x86_64 x86_64 GNU/Linux
cputime      unlimited
filesize     unlimited
datasize     unlimited
stacksize    8192 kbytes
coredumpsize 0 kbytes
memoryuse    67108864 kbytes
vmemoryuse   unlimited
descriptors  1024 
memorylocked unlimited
maxproc      2061970 
maxlocks     unlimited
maxsignal    2061970 
maxmessage   819200 
maxnice      0 
maxrtprio    0 
maxrttime    unlimited

               total        used        free      shared  buff/cache   available
Mem:           503Gi        48Gi       273Gi        32Gi       181Gi       418Gi
Swap:             0B          0B          0B

########################################
program versions used
7.3.2 (freesurfer-linux-ubuntu22_x86_64-7.3.2-20220804-6354275)
7.3.2

ProgramName: lta_convert  ProgramArguments: lta_convert -all-info  ProgramVersion: 7.3.2  TimeStamp: 2026/03/06-23:16:02-GMT  BuildTime: Aug  4 2022 06:17:15  BuildStamp: freesurfer-linux-ubuntu22_x86_64-7.3.2-20220804-6354275  User: oesteban  Machine: dna028  Platform: Linux  PlatformVersion: 5.14.0-427.37.1.el9_4.x86_64  CompilerName: GCC  CompilerVersion: 8.4.0
ProgramName: mri_and  ProgramArguments: mri_and -all-info  ProgramVersion: 7.3.2  TimeStamp: 2026/03/06-23:16:02-GMT  BuildTime: Aug  4 2022 06:17:15  BuildStamp: freesurfer-linux-ubuntu22_x86_64-7.3.2-20220804-6354275  User: oesteban  Machine: dna028  Platform: Linux  PlatformVersion: 5.14.0-427.37.1.el9_4.x86_64  CompilerName: GCC  CompilerVersion: 8.4.0
ProgramName: mri_annotation2label  ProgramArguments: mri_annotation2label -all-info  ProgramVersion: 7.3.2  TimeStamp: 2026/03/06-23:16:02-GMT  BuildTime: Aug  4 2022 06:17:15  BuildStamp: freesurfer-linux-ubuntu22_x86_64-7.3.2-20220804-6354275  User: oesteban  Machine: dna028  Platform: Linux  PlatformVersion: 5.14.0-427.37.1.el9_4.x86_64  CompilerName: GCC  CompilerVersion: 8.4.0
ProgramName: mri_aparc2aseg  ProgramArguments: mri_aparc2aseg -all-info  ProgramVersion: 7.3.2  TimeStamp: 2026/03/06-23:16:02-GMT  BuildTime: Aug  4 2022 06:17:15  BuildStamp: freesurfer-linux-ubuntu22_x86_64-7.3.2-20220804-6354275  User: oesteban  Machine: dna028  Platform: Linux  PlatformVersion: 5.14.0-427.37.1.el9_4.x86_64  CompilerName: GCC  CompilerVersion: 8.4.0
ProgramName: mri_surf2volseg  ProgramArguments: mri_surf2volseg -all-info  ProgramVersion: 7.3.2  TimeStamp: 2026/03/06-23:16:02-GMT  BuildTime: Aug  4 2022 06:17:15  BuildStamp: freesurfer-linux-ubuntu22_x86_64-7.3.2-20220804-6354275  User: oesteban  Machine: dna028  Platform: Linux  PlatformVersion: 5.14.0-427.37.1.el9_4.x86_64  CompilerName: GCC  CompilerVersion: 8.4.0
ProgramName: mri_binarize  ProgramArguments: mri_binarize -all-info  ProgramVersion: 7.3.2  TimeStamp: 2026/03/06-23:16:02-GMT  BuildTime: Aug  4 2022 06:17:15  BuildStamp: freesurfer-linux-ubuntu22_x86_64-7.3.2-20220804-6354275  User: oesteban  Machine: dna028  Platform: Linux  PlatformVersion: 5.14.0-427.37.1.el9_4.x86_64  CompilerName: GCC  CompilerVersion: 8.4.0
ProgramName: mri_ca_label  ProgramArguments: mri_ca_label -all-info  ProgramVersion: 7.3.2  TimeStamp: 2026/03/06-23:16:02-GMT  BuildTime: Aug  4 2022 06:17:15  BuildStamp: freesurfer-linux-ubuntu22_x86_64-7.3.2-20220804-6354275  User: oesteban  Machine: dna028  Platform: Linux  PlatformVersion: 5.14.0-427.37.1.el9_4.x86_64  CompilerName: GCC  CompilerVersion: 8.4.0
ProgramName: mri_ca_normalize  ProgramArguments: mri_ca_normalize -all-info  ProgramVersion: 7.3.2  TimeStamp: 2026/03/06-23:16:02-GMT  BuildTime: Aug  4 2022 06:17:15  BuildStamp: freesurfer-linux-ubuntu22_x86_64-7.3.2-20220804-6354275  User: oesteban  Machine: dna028  Platform: Linux  PlatformVersion: 5.14.0-427.37.1.el9_4.x86_64  CompilerName: GCC  CompilerVersion: 8.4.0
ProgramName: mri_ca_register  ProgramArguments: mri_ca_register -all-info  ProgramVersion: 7.3.2  TimeStamp: 2026/03/06-23:16:02-GMT  BuildTime: Aug  4 2022 06:17:15  BuildStamp: freesurfer-linux-ubuntu22_x86_64-7.3.2-20220804-6354275  User: oesteban  Machine: dna028  Platform: Linux  PlatformVersion: 5.14.0-427.37.1.el9_4.x86_64  CompilerName: GCC  CompilerVersion: 8.4.0
ProgramName: mri_cc  ProgramArguments: mri_cc -all-info  ProgramVersion: 7.3.2  TimeStamp: 2026/03/06-23:16:02-GMT  BuildTime: Aug  4 2022 06:17:15  BuildStamp: freesurfer-linux-ubuntu22_x86_64-7.3.2-20220804-6354275  User: oesteban  Machine: dna028  Platform: Linux  PlatformVersion: 5.14.0-427.37.1.el9_4.x86_64  CompilerName: GCC  CompilerVersion: 8.4.0
ProgramName: mri_compute_overlap  ProgramArguments: mri_compute_overlap -all-info  ProgramVersion: 7.3.2  TimeStamp: 2026/03/06-23:16:02-GMT  BuildTime: Aug  4 2022 06:17:15  BuildStamp: freesurfer-linux-ubuntu22_x86_64-7.3.2-20220804-6354275  User: oesteban  Machine: dna028  Platform: Linux  PlatformVersion: 5.14.0-427.37.1.el9_4.x86_64  CompilerName: GCC  CompilerVersion: 8.4.0
ProgramName: mri_compute_seg_overlap  ProgramArguments: mri_compute_seg_overlap -all-info  ProgramVersion: 7.3.2  TimeStamp: 2026/03/06-23:16:02-GMT  BuildTime: Aug  4 2022 06:17:15  BuildStamp: freesurfer-linux-ubuntu22_x86_64-7.3.2-20220804-6354275  User: oesteban  Machine: dna028  Platform: Linux  PlatformVersion: 5.14.0-427.37.1.el9_4.x86_64  CompilerName: GCC  CompilerVersion: 8.4.0
ProgramName: mri_concat  ProgramArguments: mri_concat -all-info  ProgramVersion: 7.3.2  TimeStamp: 2026/03/06-23:16:02-GMT  BuildTime: Aug  4 2022 06:17:15  BuildStamp: freesurfer-linux-ubuntu22_x86_64-7.3.2-20220804-6354275  User: oesteban  Machine: dna028  Platform: Linux  PlatformVersion: 5.14.0-427.37.1.el9_4.x86_64  CompilerName: GCC  CompilerVersion: 8.4.0
ProgramName: mri_concatenate_lta  ProgramArguments: mri_concatenate_lta -all-info  ProgramVersion: 7.3.2  TimeStamp: 2026/03/06-23:16:02-GMT  BuildTime: Aug  4 2022 06:17:15  BuildStamp: freesurfer-linux-ubuntu22_x86_64-7.3.2-20220804-6354275  User: oesteban  Machine: dna028  Platform: Linux  PlatformVersion: 5.14.0-427.37.1.el9_4.x86_64  CompilerName: GCC  CompilerVersion: 8.4.0
mri_convert -all-info 
ProgramName: mri_convert  ProgramArguments: mri_convert -all-info  ProgramVersion: 7.3.2  TimeStamp: 2026/03/06-23:16:02-GMT  BuildTime: Aug  4 2022 06:17:15  BuildStamp: freesurfer-linux-ubuntu22_x86_64-7.3.2-20220804-6354275  User: oesteban  Machine: dna028  Platform: Linux  PlatformVersion: 5.14.0-427.37.1.el9_4.x86_64  CompilerName: GCC  CompilerVersion: 8.4.0
ProgramName: mri_diff  ProgramArguments: mri_diff -all-info  ProgramVersion: 7.3.2  TimeStamp: 2026/03/06-23:16:02-GMT  BuildTime: Aug  4 2022 06:17:15  BuildStamp: freesurfer-linux-ubuntu22_x86_64-7.3.2-20220804-6354275  User: oesteban  Machine: dna028  Platform: Linux  PlatformVersion: 5.14.0-427.37.1.el9_4.x86_64  CompilerName: GCC  CompilerVersion: 8.4.0
ProgramName: mri_edit_wm_with_aseg  ProgramArguments: mri_edit_wm_with_aseg -all-info  ProgramVersion: 7.3.2  TimeStamp: 2026/03/06-23:16:02-GMT  BuildTime: Aug  4 2022 06:17:15  BuildStamp: freesurfer-linux-ubuntu22_x86_64-7.3.2-20220804-6354275  User: oesteban  Machine: dna028  Platform: Linux  PlatformVersion: 5.14.0-427.37.1.el9_4.x86_64  CompilerName: GCC  CompilerVersion: 8.4.0
ProgramName: mri_em_register  ProgramArguments: mri_em_register -all-info  ProgramVersion: 7.3.2  TimeStamp: 2026/03/06-23:16:02-GMT  BuildTime: Aug  4 2022 06:17:15  BuildStamp: freesurfer-linux-ubuntu22_x86_64-7.3.2-20220804-6354275  User: oesteban  Machine: dna028  Platform: Linux  PlatformVersion: 5.14.0-427.37.1.el9_4.x86_64  CompilerName: GCC  CompilerVersion: 8.4.0
ProgramName: mri_fill  ProgramArguments: mri_fill -all-info  ProgramVersion: 7.3.2  TimeStamp: 2026/03/06-23:16:02-GMT  BuildTime: Aug  4 2022 06:17:15  BuildStamp: freesurfer-linux-ubuntu22_x86_64-7.3.2-20220804-6354275  User: oesteban  Machine: dna028  Platform: Linux  PlatformVersion: 5.14.0-427.37.1.el9_4.x86_64  CompilerName: GCC  CompilerVersion: 8.4.0
ProgramName: mri_fuse_segmentations  ProgramArguments: mri_fuse_segmentations -all-info  ProgramVersion: 7.3.2  TimeStamp: 2026/03/06-23:16:02-GMT  BuildTime: Aug  4 2022 06:17:15  BuildStamp: freesurfer-linux-ubuntu22_x86_64-7.3.2-20220804-6354275  User: oesteban  Machine: dna028  Platform: Linux  PlatformVersion: 5.14.0-427.37.1.el9_4.x86_64  CompilerName: GCC  CompilerVersion: 8.4.0
ProgramName: mri_fwhm  ProgramArguments: mri_fwhm -all-info  ProgramVersion: 7.3.2  TimeStamp: 2026/03/06-23:16:02-GMT  BuildTime: Aug  4 2022 06:17:15  BuildStamp: freesurfer-linux-ubuntu22_x86_64-7.3.2-20220804-6354275  User: oesteban  Machine: dna028  Platform: Linux  PlatformVersion: 5.14.0-427.37.1.el9_4.x86_64  CompilerName: GCC  CompilerVersion: 8.4.0
ProgramName: mri_gcut  ProgramArguments: mri_gcut -all-info  ProgramVersion: 7.3.2  TimeStamp: 2026/03/06-23:16:02-GMT  BuildTime: Aug  4 2022 06:17:15  BuildStamp: freesurfer-linux-ubuntu22_x86_64-7.3.2-20220804-6354275  User: oesteban  Machine: dna028  Platform: Linux  PlatformVersion: 5.14.0-427.37.1.el9_4.x86_64  CompilerName: GCC  CompilerVersion: 8.4.0
ProgramName: mri_info  ProgramArguments: mri_info -all-info  ProgramVersion: 7.3.2  TimeStamp: 2026/03/06-23:16:02-GMT  BuildTime: Aug  4 2022 06:17:15  BuildStamp: freesurfer-linux-ubuntu22_x86_64-7.3.2-20220804-6354275  User: oesteban  Machine: dna028  Platform: Linux  PlatformVersion: 5.14.0-427.37.1.el9_4.x86_64  CompilerName: GCC  CompilerVersion: 8.4.0
ProgramName: mri_label2label  ProgramArguments: mri_label2label -all-info  ProgramVersion: 7.3.2  TimeStamp: 2026/03/06-23:16:02-GMT  BuildTime: Aug  4 2022 06:17:15  BuildStamp: freesurfer-linux-ubuntu22_x86_64-7.3.2-20220804-6354275  User: oesteban  Machine: dna028  Platform: Linux  PlatformVersion: 5.14.0-427.37.1.el9_4.x86_64  CompilerName: GCC  CompilerVersion: 8.4.0
ProgramName: mri_label2vol  ProgramArguments: mri_label2vol -all-info  ProgramVersion: 7.3.2  TimeStamp: 2026/03/06-23:16:02-GMT  BuildTime: Aug  4 2022 06:17:15  BuildStamp: freesurfer-linux-ubuntu22_x86_64-7.3.2-20220804-6354275  User: oesteban  Machine: dna028  Platform: Linux  PlatformVersion: 5.14.0-427.37.1.el9_4.x86_64  CompilerName: GCC  CompilerVersion: 8.4.0
ProgramName: mri_log_likelihood  ProgramArguments: mri_log_likelihood -all-info  ProgramVersion: 7.3.2  TimeStamp: 2026/03/06-23:16:02-GMT  BuildTime: Aug  4 2022 06:17:15  BuildStamp: freesurfer-linux-ubuntu22_x86_64-7.3.2-20220804-6354275  User: oesteban  Machine: dna028  Platform: Linux  PlatformVersion: 5.14.0-427.37.1.el9_4.x86_64  CompilerName: GCC  CompilerVersion: 8.4.0
ProgramName: mri_mask  ProgramArguments: mri_mask -all-info  ProgramVersion: 7.3.2  TimeStamp: 2026/03/06-23:16:02-GMT  BuildTime: Aug  4 2022 06:17:15  BuildStamp: freesurfer-linux-ubuntu22_x86_64-7.3.2-20220804-6354275  User: oesteban  Machine: dna028  Platform: Linux  PlatformVersion: 5.14.0-427.37.1.el9_4.x86_64  CompilerName: GCC  CompilerVersion: 8.4.0
ProgramName: mri_matrix_multiply  ProgramArguments: mri_matrix_multiply -all-info  ProgramVersion: 7.3.2  TimeStamp: 2026/03/06-23:16:02-GMT  BuildTime: Aug  4 2022 06:17:15  BuildStamp: freesurfer-linux-ubuntu22_x86_64-7.3.2-20220804-6354275  User: oesteban  Machine: dna028  Platform: Linux  PlatformVersion: 5.14.0-427.37.1.el9_4.x86_64  CompilerName: GCC  CompilerVersion: 8.4.0
ProgramName: mri_normalize  ProgramArguments: mri_normalize -all-info  ProgramVersion: 7.3.2  TimeStamp: 2026/03/06-23:16:02-GMT  BuildTime: Aug  4 2022 06:17:15  BuildStamp: freesurfer-linux-ubuntu22_x86_64-7.3.2-20220804-6354275  User: oesteban  Machine: dna028  Platform: Linux  PlatformVersion: 5.14.0-427.37.1.el9_4.x86_64  CompilerName: GCC  CompilerVersion: 8.4.0
ProgramName: mri_normalize_tp2  ProgramArguments: mri_normalize_tp2 -all-info  ProgramVersion: 7.3.2  TimeStamp: 2026/03/06-23:16:02-GMT  BuildTime: Aug  4 2022 06:17:15  BuildStamp: freesurfer-linux-ubuntu22_x86_64-7.3.2-20220804-6354275  User: oesteban  Machine: dna028  Platform: Linux  PlatformVersion: 5.14.0-427.37.1.el9_4.x86_64  CompilerName: GCC  CompilerVersion: 8.4.0
ProgramName: mri_or  ProgramArguments: mri_or -all-info  ProgramVersion: 7.3.2  TimeStamp: 2026/03/06-23:16:02-GMT  BuildTime: Aug  4 2022 06:17:15  BuildStamp: freesurfer-linux-ubuntu22_x86_64-7.3.2-20220804-6354275  User: oesteban  Machine: dna028  Platform: Linux  PlatformVersion: 5.14.0-427.37.1.el9_4.x86_64  CompilerName: GCC  CompilerVersion: 8.4.0
ProgramName: mri_relabel_hypointensities  ProgramArguments: mri_relabel_hypointensities -all-info  ProgramVersion: 7.3.2  TimeStamp: 2026/03/06-23:16:02-GMT  BuildTime: Aug  4 2022 06:17:15  BuildStamp: freesurfer-linux-ubuntu22_x86_64-7.3.2-20220804-6354275  User: oesteban  Machine: dna028  Platform: Linux  PlatformVersion: 5.14.0-427.37.1.el9_4.x86_64  CompilerName: GCC  CompilerVersion: 8.4.0
ProgramName: mri_relabel_nonwm_hypos  ProgramArguments: mri_relabel_nonwm_hypos -all-info  ProgramVersion: 7.3.2  TimeStamp: 2026/03/06-23:16:02-GMT  BuildTime: Aug  4 2022 06:17:15  BuildStamp: freesurfer-linux-ubuntu22_x86_64-7.3.2-20220804-6354275  User: oesteban  Machine: dna028  Platform: Linux  PlatformVersion: 5.14.0-427.37.1.el9_4.x86_64  CompilerName: GCC  CompilerVersion: 8.4.0
ProgramName: mri_remove_neck  ProgramArguments: mri_remove_neck -all-info  ProgramVersion: 7.3.2  TimeStamp: 2026/03/06-23:16:02-GMT  BuildTime: Aug  4 2022 06:17:15  BuildStamp: freesurfer-linux-ubuntu22_x86_64-7.3.2-20220804-6354275  User: oesteban  Machine: dna028  Platform: Linux  PlatformVersion: 5.14.0-427.37.1.el9_4.x86_64  CompilerName: GCC  CompilerVersion: 8.4.0
7.3.2

ProgramName: mri_robust_register  ProgramArguments: mri_robust_register -all-info  ProgramVersion: 7.3.2  TimeStamp: 2026/03/06-23:16:02-GMT  BuildTime: Aug  4 2022 06:17:15  BuildStamp: freesurfer-linux-ubuntu22_x86_64-7.3.2-20220804-6354275  User: oesteban  Machine: dna028  Platform: Linux  PlatformVersion: 5.14.0-427.37.1.el9_4.x86_64  CompilerName: GCC  CompilerVersion: 8.4.0
7.3.2

ProgramName: mri_robust_template  ProgramArguments: mri_robust_template -all-info  ProgramVersion: 7.3.2  TimeStamp: 2026/03/06-23:16:02-GMT  BuildTime: Aug  4 2022 06:17:15  BuildStamp: freesurfer-linux-ubuntu22_x86_64-7.3.2-20220804-6354275  User: oesteban  Machine: dna028  Platform: Linux  PlatformVersion: 5.14.0-427.37.1.el9_4.x86_64  CompilerName: GCC  CompilerVersion: 8.4.0
ProgramName: mris_anatomical_stats  ProgramArguments: mris_anatomical_stats -all-info  ProgramVersion: 7.3.2  TimeStamp: 2026/03/06-23:16:02-GMT  BuildTime: Aug  4 2022 06:17:15  BuildStamp: freesurfer-linux-ubuntu22_x86_64-7.3.2-20220804-6354275  User: oesteban  Machine: dna028  Platform: Linux  PlatformVersion: 5.14.0-427.37.1.el9_4.x86_64  CompilerName: GCC  CompilerVersion: 8.4.0
ProgramName: mris_ca_label  ProgramArguments: mris_ca_label -all-info  ProgramVersion: 7.3.2  TimeStamp: 2026/03/06-23:16:02-GMT  BuildTime: Aug  4 2022 06:17:15  BuildStamp: freesurfer-linux-ubuntu22_x86_64-7.3.2-20220804-6354275  User: oesteban  Machine: dna028  Platform: Linux  PlatformVersion: 5.14.0-427.37.1.el9_4.x86_64  CompilerName: GCC  CompilerVersion: 8.4.0
ProgramName: mris_calc  ProgramArguments: mris_calc -all-info  ProgramVersion: 7.3.2  TimeStamp: 2026/03/06-23:16:02-GMT  BuildTime: Aug  4 2022 06:17:15  BuildStamp: freesurfer-linux-ubuntu22_x86_64-7.3.2-20220804-6354275  User: oesteban  Machine: dna028  Platform: Linux  PlatformVersion: 5.14.0-427.37.1.el9_4.x86_64  CompilerName: GCC  CompilerVersion: 8.4.0
ProgramName: mris_convert  ProgramArguments: mris_convert -all-info  ProgramVersion: 7.3.2  TimeStamp: 2026/03/06-23:16:02-GMT  BuildTime: Aug  4 2022 06:17:15  BuildStamp: freesurfer-linux-ubuntu22_x86_64-7.3.2-20220804-6354275  User: oesteban  Machine: dna028  Platform: Linux  PlatformVersion: 5.14.0-427.37.1.el9_4.x86_64  CompilerName: GCC  CompilerVersion: 8.4.0
ProgramName: mris_curvature  ProgramArguments: mris_curvature -all-info  ProgramVersion: 7.3.2  TimeStamp: 2026/03/06-23:16:02-GMT  BuildTime: Aug  4 2022 06:17:15  BuildStamp: freesurfer-linux-ubuntu22_x86_64-7.3.2-20220804-6354275  User: oesteban  Machine: dna028  Platform: Linux  PlatformVersion: 5.14.0-427.37.1.el9_4.x86_64  CompilerName: GCC  CompilerVersion: 8.4.0
ProgramName: mris_curvature_stats  ProgramArguments: mris_curvature_stats -all-info  ProgramVersion: 7.3.2  TimeStamp: 2026/03/06-23:16:02-GMT  BuildTime: Aug  4 2022 06:17:15  BuildStamp: freesurfer-linux-ubuntu22_x86_64-7.3.2-20220804-6354275  User: oesteban  Machine: dna028  Platform: Linux  PlatformVersion: 5.14.0-427.37.1.el9_4.x86_64  CompilerName: GCC  CompilerVersion: 8.4.0
ProgramName: mris_diff  ProgramArguments: mris_diff -all-info  ProgramVersion: 7.3.2  TimeStamp: 2026/03/06-23:16:02-GMT  BuildTime: Aug  4 2022 06:17:15  BuildStamp: freesurfer-linux-ubuntu22_x86_64-7.3.2-20220804-6354275  User: oesteban  Machine: dna028  Platform: Linux  PlatformVersion: 5.14.0-427.37.1.el9_4.x86_64  CompilerName: GCC  CompilerVersion: 8.4.0
ProgramName: mris_divide_parcellation  ProgramArguments: mris_divide_parcellation -all-info  ProgramVersion: 7.3.2  TimeStamp: 2026/03/06-23:16:02-GMT  BuildTime: Aug  4 2022 06:17:15  BuildStamp: freesurfer-linux-ubuntu22_x86_64-7.3.2-20220804-6354275  User: oesteban  Machine: dna028  Platform: Linux  PlatformVersion: 5.14.0-427.37.1.el9_4.x86_64  CompilerName: GCC  CompilerVersion: 8.4.0
ProgramName: mri_segment  ProgramArguments: mri_segment -all-info  ProgramVersion: 7.3.2  TimeStamp: 2026/03/06-23:16:02-GMT  BuildTime: Aug  4 2022 06:17:15  BuildStamp: freesurfer-linux-ubuntu22_x86_64-7.3.2-20220804-6354275  User: oesteban  Machine: dna028  Platform: Linux  PlatformVersion: 5.14.0-427.37.1.el9_4.x86_64  CompilerName: GCC  CompilerVersion: 8.4.0
ProgramName: mri_segstats  ProgramArguments: mri_segstats -all-info  ProgramVersion: 7.3.2  TimeStamp: 2026/03/06-23:16:02-GMT  BuildTime: Aug  4 2022 06:17:15  BuildStamp: freesurfer-linux-ubuntu22_x86_64-7.3.2-20220804-6354275  User: oesteban  Machine: dna028  Platform: Linux  PlatformVersion: 5.14.0-427.37.1.el9_4.x86_64  CompilerName: GCC  CompilerVersion: 8.4.0
ProgramName: mris_euler_number  ProgramArguments: mris_euler_number -all-info  ProgramVersion: 7.3.2  TimeStamp: 2026/03/06-23:16:02-GMT  BuildTime: Aug  4 2022 06:17:15  BuildStamp: freesurfer-linux-ubuntu22_x86_64-7.3.2-20220804-6354275  User: oesteban  Machine: dna028  Platform: Linux  PlatformVersion: 5.14.0-427.37.1.el9_4.x86_64  CompilerName: GCC  CompilerVersion: 8.4.0
ProgramName: mris_fix_topology  ProgramArguments: mris_fix_topology -all-info  ProgramVersion: 7.3.2  TimeStamp: 2026/03/06-23:16:02-GMT  BuildTime: Aug  4 2022 06:17:15  BuildStamp: freesurfer-linux-ubuntu22_x86_64-7.3.2-20220804-6354275  User: oesteban  Machine: dna028  Platform: Linux  PlatformVersion: 5.14.0-427.37.1.el9_4.x86_64  CompilerName: GCC  CompilerVersion: 8.4.0
ProgramName: mris_topo_fixer  ProgramArguments: mris_topo_fixer -all-info  ProgramVersion: 7.3.2  TimeStamp: 2026/03/06-23:16:02-GMT  BuildTime: Aug  4 2022 06:17:15  BuildStamp: freesurfer-linux-ubuntu22_x86_64-7.3.2-20220804-6354275  User: oesteban  Machine: dna028  Platform: Linux  PlatformVersion: 5.14.0-427.37.1.el9_4.x86_64  CompilerName: GCC  CompilerVersion: 8.4.0
ProgramName: mris_jacobian  ProgramArguments: mris_jacobian -all-info  ProgramVersion: 7.3.2  TimeStamp: 2026/03/06-23:16:02-GMT  BuildTime: Aug  4 2022 06:17:15  BuildStamp: freesurfer-linux-ubuntu22_x86_64-7.3.2-20220804-6354275  User: oesteban  Machine: dna028  Platform: Linux  PlatformVersion: 5.14.0-427.37.1.el9_4.x86_64  CompilerName: GCC  CompilerVersion: 8.4.0
ProgramName: mris_label2annot  ProgramArguments: mris_label2annot -all-info  ProgramVersion: 7.3.2  TimeStamp: 2026/03/06-23:16:02-GMT  BuildTime: Aug  4 2022 06:17:15  BuildStamp: freesurfer-linux-ubuntu22_x86_64-7.3.2-20220804-6354275  User: oesteban  Machine: dna028  Platform: Linux  PlatformVersion: 5.14.0-427.37.1.el9_4.x86_64  CompilerName: GCC  CompilerVersion: 8.4.0
ProgramName: mris_left_right_register  ProgramArguments: mris_left_right_register -all-info  ProgramVersion: 7.3.2  TimeStamp: 2026/03/06-23:16:02-GMT  BuildTime: Aug  4 2022 06:17:15  BuildStamp: freesurfer-linux-ubuntu22_x86_64-7.3.2-20220804-6354275  User: oesteban  Machine: dna028  Platform: Linux  PlatformVersion: 5.14.0-427.37.1.el9_4.x86_64  CompilerName: GCC  CompilerVersion: 8.4.0
ProgramName: mris_place_surface  ProgramArguments: mris_place_surface -all-info  ProgramVersion: 7.3.2  TimeStamp: 2026/03/06-23:16:02-GMT  BuildTime: Aug  4 2022 06:17:15  BuildStamp: freesurfer-linux-ubuntu22_x86_64-7.3.2-20220804-6354275  User: oesteban  Machine: dna028  Platform: Linux  PlatformVersion: 5.14.0-427.37.1.el9_4.x86_64  CompilerName: GCC  CompilerVersion: 8.4.0
ProgramName: mrisp_paint  ProgramArguments: mrisp_paint -all-info  ProgramVersion: 7.3.2  TimeStamp: 2026/03/06-23:16:02-GMT  BuildTime: Aug  4 2022 06:17:15  BuildStamp: freesurfer-linux-ubuntu22_x86_64-7.3.2-20220804-6354275  User: oesteban  Machine: dna028  Platform: Linux  PlatformVersion: 5.14.0-427.37.1.el9_4.x86_64  CompilerName: GCC  CompilerVersion: 8.4.0
ProgramName: mris_register  ProgramArguments: mris_register -all-info  ProgramVersion: 7.3.2  TimeStamp: 2026/03/06-23:16:02-GMT  BuildTime: Aug  4 2022 06:17:15  BuildStamp: freesurfer-linux-ubuntu22_x86_64-7.3.2-20220804-6354275  User: oesteban  Machine: dna028  Platform: Linux  PlatformVersion: 5.14.0-427.37.1.el9_4.x86_64  CompilerName: GCC  CompilerVersion: 8.4.0
ProgramName: mris_smooth  ProgramArguments: mris_smooth -all-info  ProgramVersion: 7.3.2  TimeStamp: 2026/03/06-23:16:02-GMT  BuildTime: Aug  4 2022 06:17:15  BuildStamp: freesurfer-linux-ubuntu22_x86_64-7.3.2-20220804-6354275  User: oesteban  Machine: dna028  Platform: Linux  PlatformVersion: 5.14.0-427.37.1.el9_4.x86_64  CompilerName: GCC  CompilerVersion: 8.4.0
ProgramName: mris_sphere  ProgramArguments: mris_sphere -all-info  ProgramVersion: 7.3.2  TimeStamp: 2026/03/06-23:16:02-GMT  BuildTime: Aug  4 2022 06:17:15  BuildStamp: freesurfer-linux-ubuntu22_x86_64-7.3.2-20220804-6354275  User: oesteban  Machine: dna028  Platform: Linux  PlatformVersion: 5.14.0-427.37.1.el9_4.x86_64  CompilerName: GCC  CompilerVersion: 8.4.0
ProgramName: mris_surface_stats  ProgramArguments: mris_surface_stats -all-info  ProgramVersion: 7.3.2  TimeStamp: 2026/03/06-23:16:02-GMT  BuildTime: Aug  4 2022 06:17:15  BuildStamp: freesurfer-linux-ubuntu22_x86_64-7.3.2-20220804-6354275  User: oesteban  Machine: dna028  Platform: Linux  PlatformVersion: 5.14.0-427.37.1.el9_4.x86_64  CompilerName: GCC  CompilerVersion: 8.4.0
ProgramName: mri_stats2seg  ProgramArguments: mri_stats2seg -all-info  ProgramVersion: 7.3.2  TimeStamp: 2026/03/06-23:16:02-GMT  BuildTime: Aug  4 2022 06:17:15  BuildStamp: freesurfer-linux-ubuntu22_x86_64-7.3.2-20220804-6354275  User: oesteban  Machine: dna028  Platform: Linux  PlatformVersion: 5.14.0-427.37.1.el9_4.x86_64  CompilerName: GCC  CompilerVersion: 8.4.0
ProgramName: mris_thickness  ProgramArguments: mris_thickness -all-info  ProgramVersion: 7.3.2  TimeStamp: 2026/03/06-23:16:02-GMT  BuildTime: Aug  4 2022 06:17:15  BuildStamp: freesurfer-linux-ubuntu22_x86_64-7.3.2-20220804-6354275  User: oesteban  Machine: dna028  Platform: Linux  PlatformVersion: 5.14.0-427.37.1.el9_4.x86_64  CompilerName: GCC  CompilerVersion: 8.4.0
ProgramName: mris_thickness_diff  ProgramArguments: mris_thickness_diff -all-info  ProgramVersion: 7.3.2  TimeStamp: 2026/03/06-23:16:02-GMT  BuildTime: Aug  4 2022 06:17:15  BuildStamp: freesurfer-linux-ubuntu22_x86_64-7.3.2-20220804-6354275  User: oesteban  Machine: dna028  Platform: Linux  PlatformVersion: 5.14.0-427.37.1.el9_4.x86_64  CompilerName: GCC  CompilerVersion: 8.4.0
ProgramName: mris_topo_fixer  ProgramArguments: mris_topo_fixer -all-info  ProgramVersion: 7.3.2  TimeStamp: 2026/03/06-23:16:02-GMT  BuildTime: Aug  4 2022 06:17:15  BuildStamp: freesurfer-linux-ubuntu22_x86_64-7.3.2-20220804-6354275  User: oesteban  Machine: dna028  Platform: Linux  PlatformVersion: 5.14.0-427.37.1.el9_4.x86_64  CompilerName: GCC  CompilerVersion: 8.4.0
ProgramName: mri_surf2surf  ProgramArguments: mri_surf2surf -all-info  ProgramVersion: 7.3.2  TimeStamp: 2026/03/06-23:16:02-GMT  BuildTime: Aug  4 2022 06:17:15  BuildStamp: freesurfer-linux-ubuntu22_x86_64-7.3.2-20220804-6354275  User: oesteban  Machine: dna028  Platform: Linux  PlatformVersion: 5.14.0-427.37.1.el9_4.x86_64  CompilerName: GCC  CompilerVersion: 8.4.0
ProgramName: mri_surf2vol  ProgramArguments: mri_surf2vol -all-info  ProgramVersion: 7.3.2  TimeStamp: 2026/03/06-23:16:02-GMT  BuildTime: Aug  4 2022 06:17:15  BuildStamp: freesurfer-linux-ubuntu22_x86_64-7.3.2-20220804-6354275  User: oesteban  Machine: dna028  Platform: Linux  PlatformVersion: 5.14.0-427.37.1.el9_4.x86_64  CompilerName: GCC  CompilerVersion: 8.4.0
ProgramName: mri_surfcluster  ProgramArguments: mri_surfcluster -all-info  ProgramVersion: 7.3.2  TimeStamp: 2026/03/06-23:16:02-GMT  BuildTime: Aug  4 2022 06:17:15  BuildStamp: freesurfer-linux-ubuntu22_x86_64-7.3.2-20220804-6354275  User: oesteban  Machine: dna028  Platform: Linux  PlatformVersion: 5.14.0-427.37.1.el9_4.x86_64  CompilerName: GCC  CompilerVersion: 8.4.0
ProgramName: mris_volmask  ProgramArguments: mris_volmask -all-info  ProgramVersion: 7.3.2  TimeStamp: 2026/03/06-23:16:02-GMT  BuildTime: Aug  4 2022 06:17:15  BuildStamp: freesurfer-linux-ubuntu22_x86_64-7.3.2-20220804-6354275  User: oesteban  Machine: dna028  Platform: Linux  PlatformVersion: 5.14.0-427.37.1.el9_4.x86_64  CompilerName: GCC  CompilerVersion: 8.4.0
ProgramName: mri_tessellate  ProgramArguments: mri_tessellate -all-info  ProgramVersion: 7.3.2  TimeStamp: 2026/03/06-23:16:02-GMT  BuildTime: Aug  4 2022 06:17:15  BuildStamp: freesurfer-linux-ubuntu22_x86_64-7.3.2-20220804-6354275  User: oesteban  Machine: dna028  Platform: Linux  PlatformVersion: 5.14.0-427.37.1.el9_4.x86_64  CompilerName: GCC  CompilerVersion: 8.4.0
ProgramName: mri_vol2surf  ProgramArguments: mri_vol2surf -all-info  ProgramVersion: 7.3.2  TimeStamp: 2026/03/06-23:16:02-GMT  BuildTime: Aug  4 2022 06:17:15  BuildStamp: freesurfer-linux-ubuntu22_x86_64-7.3.2-20220804-6354275  User: oesteban  Machine: dna028  Platform: Linux  PlatformVersion: 5.14.0-427.37.1.el9_4.x86_64  CompilerName: GCC  CompilerVersion: 8.4.0
ProgramName: mri_vol2vol  ProgramArguments: mri_vol2vol -all-info  ProgramVersion: 7.3.2  TimeStamp: 2026/03/06-23:16:02-GMT  BuildTime: Aug  4 2022 06:17:15  BuildStamp: freesurfer-linux-ubuntu22_x86_64-7.3.2-20220804-6354275  User: oesteban  Machine: dna028  Platform: Linux  PlatformVersion: 5.14.0-427.37.1.el9_4.x86_64  CompilerName: GCC  CompilerVersion: 8.4.0
ProgramName: mri_voldiff  ProgramArguments: mri_voldiff -all-info  ProgramVersion: 7.3.2  TimeStamp: 2026/03/06-23:16:02-GMT  BuildTime: Aug  4 2022 06:17:15  BuildStamp: freesurfer-linux-ubuntu22_x86_64-7.3.2-20220804-6354275  User: oesteban  Machine: dna028  Platform: Linux  PlatformVersion: 5.14.0-427.37.1.el9_4.x86_64  CompilerName: GCC  CompilerVersion: 8.4.0
ProgramName: mri_watershed  ProgramArguments: mri_watershed -all-info  ProgramVersion: 7.3.2  TimeStamp: 2026/03/06-23:16:02-GMT  BuildTime: Aug  4 2022 06:17:15  BuildStamp: freesurfer-linux-ubuntu22_x86_64-7.3.2-20220804-6354275  User: oesteban  Machine: dna028  Platform: Linux  PlatformVersion: 5.14.0-427.37.1.el9_4.x86_64  CompilerName: GCC  CompilerVersion: 8.4.0
ProgramName: tkregister2  ProgramArguments: tkregister2_cmdl -all-info  ProgramVersion: 7.3.2  TimeStamp: 2026/03/06-23:16:02-GMT  BuildTime: Aug  4 2022 06:17:15  BuildStamp: freesurfer-linux-ubuntu22_x86_64-7.3.2-20220804-6354275  User: oesteban  Machine: dna028  Platform: Linux  PlatformVersion: 5.14.0-427.37.1.el9_4.x86_64  CompilerName: GCC  CompilerVersion: 8.4.0
mri_motion_correct.fsl 7.3.2
mri_convert -all-info 
ProgramName: mri_convert  ProgramArguments: mri_convert -all-info  ProgramVersion: 7.3.2  TimeStamp: 2026/03/06-23:16:02-GMT  BuildTime: Aug  4 2022 06:17:15  BuildStamp: freesurfer-linux-ubuntu22_x86_64-7.3.2-20220804-6354275  User: oesteban  Machine: dna028  Platform: Linux  PlatformVersion: 5.14.0-427.37.1.el9_4.x86_64  CompilerName: GCC  CompilerVersion: 8.4.0
Program nu_correct, built from:
Package MNI N3, version 1.12.0, compiled by nicks@terrier (x86_64-unknown-linux-gnu) on 2015-06-19 at 01:25:34
#######################################
GCADIR /opt/freesurfer/average
GCA RB_all_2020-01-02.gca
GCASkull RB_all_withskull_2020_01_02.gca
AvgCurvTif folding.atlas.acfb40.noaparc.i12.2016-08-02.tif
GCSDIR /opt/freesurfer/average
GCS DKaparc.atlas.acfb40.noaparc.i12.2016-08-02.gcs
#######################################
#-------------------------------------
#@# EM Registration Sat Mar  7 00:16:02 CET 2026
/out/sourcedata/freesurfer/sub-v1s18x0051209_ses-1/mri

 mri_em_register -uns 3 -mask brainmask.mgz nu.mgz /opt/freesurfer/average/RB_all_2020-01-02.gca transforms/talairach.lta 

setting unknown_nbr_spacing = 3
using MR volume brainmask.mgz to mask input volume...

== Number of threads available to mri_em_register for OpenMP = 16 == 
reading 1 input volumes...
logging results to talairach.log
reading '/opt/freesurfer/average/RB_all_2020-01-02.gca'...
GCAread took 0 minutes and 1 seconds.
average std = 7.2   using min determinant for regularization = 5.2
0 singular and 884 ill-conditioned covariance matrices regularized
reading 'nu.mgz'...
MRImask(): AllowDiffGeom = 1
MRImask(): AllowDiffGeom = 1
MRImask(): AllowDiffGeom = 1
MRImask(): AllowDiffGeom = 1
MRImask(): AllowDiffGeom = 1
freeing gibbs priors...done.
accounting for voxel sizes in initial transform
bounding unknown intensity as < 5.9 or > 519.0 
total sample mean = 79.1 (1017 zeros)
************************************************
spacing=8, using 2841 sample points, tol=1.00e-05...
************************************************
register_mri: find_optimal_transform
find_optimal_transform: nsamples 2841, passno 0, spacing 8
resetting wm mean[0]: 98 --> 107
resetting gm mean[0]: 61 --> 61
input volume #1 is the most T1-like
using real data threshold=24.1
skull bounding box = (60, 68, 52) --> (193, 180, 211)
finding center of left hemi white matter
using (104, 105, 132) as brain centroid of Right_Cerebral_White_Matter...
MRImask(): AllowDiffGeom = 1
mean wm in atlas = 107, using box (88,91,112) --> (120, 118,151) to find MRI wm
before smoothing, mri peak at 110
robust fit to distribution - 110 +- 3.8
after smoothing, mri peak at 110, scaling input intensities by 0.973
scaling channel 0 by 0.972727
initial log_p = -4.322
************************************************
First Search limited to translation only.
************************************************
max log p =    -4.111816 @ (-10.526, -10.526, -10.526)
max log p =    -3.779541 @ (5.263, 5.263, -15.789)
max log p =    -3.657503 @ (2.632, -2.632, 2.632)
max log p =    -3.657503 @ (0.000, 0.000, 0.000)
max log p =    -3.648483 @ (0.658, 0.658, 0.658)
max log p =    -3.642783 @ (-0.987, 0.329, 1.645)
max log p =    -3.642783 @ (0.000, 0.000, 0.000)
max log p =    -3.642783 @ (0.000, 0.000, 0.000)
Found translation: (-3.0, -6.9, -21.4): log p = -3.643
****************************************
Nine parameter search.  iteration 0 nscales = 0 ...
****************************************
Result so far: scale 1.000: max_log_p=-3.281, old_max_log_p =-3.643 (thresh=-3.6)
 1.06375   0.00000   0.00000  -11.23290;
 0.00000   1.15000   0.00000  -25.83762;
 0.00000   0.00000   1.07500  -30.89177;
 0.00000   0.00000   0.00000   1.00000;
iteration took 0 minutes and 12 seconds.
****************************************
Nine parameter search.  iteration 1 nscales = 0 ...
****************************************
Result so far: scale 1.000: max_log_p=-3.281, old_max_log_p =-3.281 (thresh=-3.3)
 1.06375   0.00000   0.00000  -11.23290;
 0.00000   1.15000   0.00000  -25.83762;
 0.00000   0.00000   1.07500  -30.89177;
 0.00000   0.00000   0.00000   1.00000;
reducing scale to 0.2500
iteration took 0 minutes and 12 seconds.
****************************************
Nine parameter search.  iteration 2 nscales = 1 ...
****************************************
Result so far: scale 0.250: max_log_p=-3.151, old_max_log_p =-3.281 (thresh=-3.3)
 1.06318   0.03765  -0.00115  -15.76390;
-0.03542   1.17031   0.03581  -30.22073;
 0.00223  -0.03684   1.05428  -23.90470;
 0.00000   0.00000   0.00000   1.00000;
iteration took 0 minutes and 11 seconds.
****************************************
Nine parameter search.  iteration 3 nscales = 1 ...
****************************************
Result so far: scale 0.250: max_log_p=-3.143, old_max_log_p =-3.151 (thresh=-3.1)
 1.04324   0.03694  -0.00113  -13.09078;
-0.03599   1.19039   0.07161  -37.25325;
 0.00339  -0.07511   1.05254  -17.06859;
 0.00000   0.00000   0.00000   1.00000;
iteration took 0 minutes and 11 seconds.
****************************************
Nine parameter search.  iteration 4 nscales = 1 ...
****************************************
Result so far: scale 0.250: max_log_p=-3.143, old_max_log_p =-3.143 (thresh=-3.1)
 1.04324   0.03694  -0.00113  -13.09078;
-0.03599   1.19039   0.07161  -37.25325;
 0.00339  -0.07511   1.05254  -17.06859;
 0.00000   0.00000   0.00000   1.00000;
reducing scale to 0.0625
iteration took 0 minutes and 11 seconds.
****************************************
Nine parameter search.  iteration 5 nscales = 2 ...
****************************************
Result so far: scale 0.062: max_log_p=-3.114, old_max_log_p =-3.143 (thresh=-3.1)
 1.04561   0.03579   0.01613  -14.93998;
-0.03607   1.19318   0.07177  -37.62015;
-0.01369  -0.07580   1.05365  -14.90414;
 0.00000   0.00000   0.00000   1.00000;
iteration took 0 minutes and 11 seconds.
****************************************
Nine parameter search.  iteration 6 nscales = 2 ...
****************************************
Result so far: scale 0.062: max_log_p=-3.114, old_max_log_p =-3.114 (thresh=-3.1)
 1.04561   0.03579   0.01613  -14.93998;
-0.03607   1.19318   0.07177  -37.62015;
-0.01369  -0.07580   1.05365  -14.90414;
 0.00000   0.00000   0.00000   1.00000;
min search scale 0.025000 reached
***********************************************
Computing MAP estimate using 2841 samples...
***********************************************
dt = 5.00e-06, momentum=0.80, tol=1.00e-05
l_intensity = 1.0000
Aligning input volume to GCA...
Transform matrix
 1.04561   0.03579   0.01613  -14.93998;
-0.03607   1.19318   0.07177  -37.62015;
-0.01369  -0.07580   1.05365  -14.90414;
 0.00000   0.00000   0.00000   1.00000;
nsamples 2841
Quasinewton: input matrix
 1.04561   0.03579   0.01613  -14.93998;
-0.03607   1.19318   0.07177  -37.62015;
-0.01369  -0.07580   1.05365  -14.90414;
 0.00000   0.00000   0.00000   1.00000;
 IFLAG= -1  LINE SEARCH FAILED. SEE DOCUMENTATION OF ROUTINE MCSRCH ERROR RETURN OF LINE SEARCH: INFO= 3 POSSIBLE CAUSES: FUNCTION OR GRADIENT ARE INCORRECT OR INCORRECT TOLERANCESoutof QuasiNewtonEMA: 009: -log(p) =   -0.0  tol 0.000010
Resulting transform:
 1.04561   0.03579   0.01613  -14.93998;
-0.03607   1.19318   0.07177  -37.62015;
-0.01369  -0.07580   1.05365  -14.90414;
 0.00000   0.00000   0.00000   1.00000;

pass 1, spacing 8: log(p) = -3.114 (old=-4.322)
transform before final EM align:
 1.04561   0.03579   0.01613  -14.93998;
-0.03607   1.19318   0.07177  -37.62015;
-0.01369  -0.07580   1.05365  -14.90414;
 0.00000   0.00000   0.00000   1.00000;

**************************************************
 EM alignment process ...
 Computing final MAP estimate using 315638 samples. 
**************************************************
dt = 5.00e-06, momentum=0.80, tol=1.00e-07
l_intensity = 1.0000
Aligning input volume to GCA...
Transform matrix
 1.04561   0.03579   0.01613  -14.93998;
-0.03607   1.19318   0.07177  -37.62015;
-0.01369  -0.07580   1.05365  -14.90414;
 0.00000   0.00000   0.00000   1.00000;
nsamples 315638
Quasinewton: input matrix
 1.04561   0.03579   0.01613  -14.93998;
-0.03607   1.19318   0.07177  -37.62015;
-0.01369  -0.07580   1.05365  -14.90414;
 0.00000   0.00000   0.00000   1.00000;
dfp_em_step_func: 010: -log(p) = 3.7
after pass:transform: ( 1.05, 0.04, 0.02, -14.94)
                      ( -0.04, 1.19, 0.07, -37.62)
                      ( -0.01, -0.08, 1.05, -14.90)
 IFLAG= -1  LINE SEARCH FAILED. SEE DOCUMENTATION OF ROUTINE MCSRCH ERROR RETURN OF LINE SEARCH: INFO= 3 POSSIBLE CAUSES: FUNCTION OR GRADIENT ARE INCORRECT OR INCORRECT TOLERANCESpass 2 through quasi-newton minimization...
 IFLAG= -1  LINE SEARCH FAILED. SEE DOCUMENTATION OF ROUTINE MCSRCH ERROR RETURN OF LINE SEARCH: INFO= 3 POSSIBLE CAUSES: FUNCTION OR GRADIENT ARE INCORRECT OR INCORRECT TOLERANCESoutof QuasiNewtonEMA: 012: -log(p) =    3.7  tol 0.000000
final transform:
 1.04561   0.03579   0.01613  -14.93998;
-0.03607   1.19318   0.07177  -37.62015;
-0.01369  -0.07580   1.05365  -14.90414;
 0.00000   0.00000   0.00000   1.00000;

writing output transformation to transforms/talairach.lta...
#VMPC# mri_em_register VmPeak  891288
FSRUNTIME@ mri_em_register  0.0406 hours 16 threads
registration took 2 minutes and 26 seconds.

Started at Sat Mar 7 00:16:02 CET 2026 
Ended   at Sat Mar 7 00:18:29 CET 2026
#@#%# recon-all-run-time-hours 0.041
recon-all -s sub-v1s18x0051209_ses-1 finished without error at Sat Mar  7 00:18:29 CET 2026



#New# invocation of recon-all 




Sat Mar  7 00:18:32 CET 2026
cd /out/sourcedata/freesurfer/sub-v1s18x0051209_ses-1
setenv SUBJECTS_DIR /out/sourcedata/freesurfer
/opt/freesurfer/bin/recon-all -autorecon2-volonly -openmp 16 -subjid sub-v1s18x0051209_ses-1 -sd /out/sourcedata/freesurfer -nogcareg

subjid sub-v1s18x0051209_ses-1
setenv SUBJECTS_DIR /out/sourcedata/freesurfer
FREESURFER_HOME /opt/freesurfer
Actual FREESURFER_HOME /opt/freesurfer
build-stamp.txt: freesurfer-linux-ubuntu22_x86_64-7.3.2-20220804-6354275
Linux dna028 5.14.0-427.37.1.el9_4.x86_64 #1 SMP PREEMPT_DYNAMIC Fri Sep 13 12:41:50 EDT 2024 x86_64 x86_64 x86_64 GNU/Linux
cputime      unlimited
filesize     unlimited
datasize     unlimited
stacksize    8192 kbytes
coredumpsize 0 kbytes
memoryuse    67108864 kbytes
vmemoryuse   unlimited
descriptors  1024 
memorylocked unlimited
maxproc      2061970 
maxlocks     unlimited
maxsignal    2061970 
maxmessage   819200 
maxnice      0 
maxrtprio    0 
maxrttime    unlimited

               total        used        free      shared  buff/cache   available
Mem:           503Gi        49Gi       272Gi        32Gi       181Gi       417Gi
Swap:             0B          0B          0B

########################################
program versions used
7.3.2 (freesurfer-linux-ubuntu22_x86_64-7.3.2-20220804-6354275)
7.3.2

ProgramName: lta_convert  ProgramArguments: lta_convert -all-info  ProgramVersion: 7.3.2  TimeStamp: 2026/03/06-23:18:32-GMT  BuildTime: Aug  4 2022 06:17:15  BuildStamp: freesurfer-linux-ubuntu22_x86_64-7.3.2-20220804-6354275  User: oesteban  Machine: dna028  Platform: Linux  PlatformVersion: 5.14.0-427.37.1.el9_4.x86_64  CompilerName: GCC  CompilerVersion: 8.4.0
ProgramName: mri_and  ProgramArguments: mri_and -all-info  ProgramVersion: 7.3.2  TimeStamp: 2026/03/06-23:18:32-GMT  BuildTime: Aug  4 2022 06:17:15  BuildStamp: freesurfer-linux-ubuntu22_x86_64-7.3.2-20220804-6354275  User: oesteban  Machine: dna028  Platform: Linux  PlatformVersion: 5.14.0-427.37.1.el9_4.x86_64  CompilerName: GCC  CompilerVersion: 8.4.0
ProgramName: mri_annotation2label  ProgramArguments: mri_annotation2label -all-info  ProgramVersion: 7.3.2  TimeStamp: 2026/03/06-23:18:32-GMT  BuildTime: Aug  4 2022 06:17:15  BuildStamp: freesurfer-linux-ubuntu22_x86_64-7.3.2-20220804-6354275  User: oesteban  Machine: dna028  Platform: Linux  PlatformVersion: 5.14.0-427.37.1.el9_4.x86_64  CompilerName: GCC  CompilerVersion: 8.4.0
ProgramName: mri_aparc2aseg  ProgramArguments: mri_aparc2aseg -all-info  ProgramVersion: 7.3.2  TimeStamp: 2026/03/06-23:18:32-GMT  BuildTime: Aug  4 2022 06:17:15  BuildStamp: freesurfer-linux-ubuntu22_x86_64-7.3.2-20220804-6354275  User: oesteban  Machine: dna028  Platform: Linux  PlatformVersion: 5.14.0-427.37.1.el9_4.x86_64  CompilerName: GCC  CompilerVersion: 8.4.0
ProgramName: mri_surf2volseg  ProgramArguments: mri_surf2volseg -all-info  ProgramVersion: 7.3.2  TimeStamp: 2026/03/06-23:18:32-GMT  BuildTime: Aug  4 2022 06:17:15  BuildStamp: freesurfer-linux-ubuntu22_x86_64-7.3.2-20220804-6354275  User: oesteban  Machine: dna028  Platform: Linux  PlatformVersion: 5.14.0-427.37.1.el9_4.x86_64  CompilerName: GCC  CompilerVersion: 8.4.0
ProgramName: mri_binarize  ProgramArguments: mri_binarize -all-info  ProgramVersion: 7.3.2  TimeStamp: 2026/03/06-23:18:32-GMT  BuildTime: Aug  4 2022 06:17:15  BuildStamp: freesurfer-linux-ubuntu22_x86_64-7.3.2-20220804-6354275  User: oesteban  Machine: dna028  Platform: Linux  PlatformVersion: 5.14.0-427.37.1.el9_4.x86_64  CompilerName: GCC  CompilerVersion: 8.4.0
ProgramName: mri_ca_label  ProgramArguments: mri_ca_label -all-info  ProgramVersion: 7.3.2  TimeStamp: 2026/03/06-23:18:32-GMT  BuildTime: Aug  4 2022 06:17:15  BuildStamp: freesurfer-linux-ubuntu22_x86_64-7.3.2-20220804-6354275  User: oesteban  Machine: dna028  Platform: Linux  PlatformVersion: 5.14.0-427.37.1.el9_4.x86_64  CompilerName: GCC  CompilerVersion: 8.4.0
ProgramName: mri_ca_normalize  ProgramArguments: mri_ca_normalize -all-info  ProgramVersion: 7.3.2  TimeStamp: 2026/03/06-23:18:32-GMT  BuildTime: Aug  4 2022 06:17:15  BuildStamp: freesurfer-linux-ubuntu22_x86_64-7.3.2-20220804-6354275  User: oesteban  Machine: dna028  Platform: Linux  PlatformVersion: 5.14.0-427.37.1.el9_4.x86_64  CompilerName: GCC  CompilerVersion: 8.4.0
ProgramName: mri_ca_register  ProgramArguments: mri_ca_register -all-info  ProgramVersion: 7.3.2  TimeStamp: 2026/03/06-23:18:32-GMT  BuildTime: Aug  4 2022 06:17:15  BuildStamp: freesurfer-linux-ubuntu22_x86_64-7.3.2-20220804-6354275  User: oesteban  Machine: dna028  Platform: Linux  PlatformVersion: 5.14.0-427.37.1.el9_4.x86_64  CompilerName: GCC  CompilerVersion: 8.4.0
ProgramName: mri_cc  ProgramArguments: mri_cc -all-info  ProgramVersion: 7.3.2  TimeStamp: 2026/03/06-23:18:32-GMT  BuildTime: Aug  4 2022 06:17:15  BuildStamp: freesurfer-linux-ubuntu22_x86_64-7.3.2-20220804-6354275  User: oesteban  Machine: dna028  Platform: Linux  PlatformVersion: 5.14.0-427.37.1.el9_4.x86_64  CompilerName: GCC  CompilerVersion: 8.4.0
ProgramName: mri_compute_overlap  ProgramArguments: mri_compute_overlap -all-info  ProgramVersion: 7.3.2  TimeStamp: 2026/03/06-23:18:32-GMT  BuildTime: Aug  4 2022 06:17:15  BuildStamp: freesurfer-linux-ubuntu22_x86_64-7.3.2-20220804-6354275  User: oesteban  Machine: dna028  Platform: Linux  PlatformVersion: 5.14.0-427.37.1.el9_4.x86_64  CompilerName: GCC  CompilerVersion: 8.4.0
ProgramName: mri_compute_seg_overlap  ProgramArguments: mri_compute_seg_overlap -all-info  ProgramVersion: 7.3.2  TimeStamp: 2026/03/06-23:18:32-GMT  BuildTime: Aug  4 2022 06:17:15  BuildStamp: freesurfer-linux-ubuntu22_x86_64-7.3.2-20220804-6354275  User: oesteban  Machine: dna028  Platform: Linux  PlatformVersion: 5.14.0-427.37.1.el9_4.x86_64  CompilerName: GCC  CompilerVersion: 8.4.0
ProgramName: mri_concat  ProgramArguments: mri_concat -all-info  ProgramVersion: 7.3.2  TimeStamp: 2026/03/06-23:18:32-GMT  BuildTime: Aug  4 2022 06:17:15  BuildStamp: freesurfer-linux-ubuntu22_x86_64-7.3.2-20220804-6354275  User: oesteban  Machine: dna028  Platform: Linux  PlatformVersion: 5.14.0-427.37.1.el9_4.x86_64  CompilerName: GCC  CompilerVersion: 8.4.0
ProgramName: mri_concatenate_lta  ProgramArguments: mri_concatenate_lta -all-info  ProgramVersion: 7.3.2  TimeStamp: 2026/03/06-23:18:32-GMT  BuildTime: Aug  4 2022 06:17:15  BuildStamp: freesurfer-linux-ubuntu22_x86_64-7.3.2-20220804-6354275  User: oesteban  Machine: dna028  Platform: Linux  PlatformVersion: 5.14.0-427.37.1.el9_4.x86_64  CompilerName: GCC  CompilerVersion: 8.4.0
mri_convert -all-info 
ProgramName: mri_convert  ProgramArguments: mri_convert -all-info  ProgramVersion: 7.3.2  TimeStamp: 2026/03/06-23:18:32-GMT  BuildTime: Aug  4 2022 06:17:15  BuildStamp: freesurfer-linux-ubuntu22_x86_64-7.3.2-20220804-6354275  User: oesteban  Machine: dna028  Platform: Linux  PlatformVersion: 5.14.0-427.37.1.el9_4.x86_64  CompilerName: GCC  CompilerVersion: 8.4.0
ProgramName: mri_diff  ProgramArguments: mri_diff -all-info  ProgramVersion: 7.3.2  TimeStamp: 2026/03/06-23:18:32-GMT  BuildTime: Aug  4 2022 06:17:15  BuildStamp: freesurfer-linux-ubuntu22_x86_64-7.3.2-20220804-6354275  User: oesteban  Machine: dna028  Platform: Linux  PlatformVersion: 5.14.0-427.37.1.el9_4.x86_64  CompilerName: GCC  CompilerVersion: 8.4.0
ProgramName: mri_edit_wm_with_aseg  ProgramArguments: mri_edit_wm_with_aseg -all-info  ProgramVersion: 7.3.2  TimeStamp: 2026/03/06-23:18:32-GMT  BuildTime: Aug  4 2022 06:17:15  BuildStamp: freesurfer-linux-ubuntu22_x86_64-7.3.2-20220804-6354275  User: oesteban  Machine: dna028  Platform: Linux  PlatformVersion: 5.14.0-427.37.1.el9_4.x86_64  CompilerName: GCC  CompilerVersion: 8.4.0
ProgramName: mri_em_register  ProgramArguments: mri_em_register -all-info  ProgramVersion: 7.3.2  TimeStamp: 2026/03/06-23:18:32-GMT  BuildTime: Aug  4 2022 06:17:15  BuildStamp: freesurfer-linux-ubuntu22_x86_64-7.3.2-20220804-6354275  User: oesteban  Machine: dna028  Platform: Linux  PlatformVersion: 5.14.0-427.37.1.el9_4.x86_64  CompilerName: GCC  CompilerVersion: 8.4.0
ProgramName: mri_fill  ProgramArguments: mri_fill -all-info  ProgramVersion: 7.3.2  TimeStamp: 2026/03/06-23:18:32-GMT  BuildTime: Aug  4 2022 06:17:15  BuildStamp: freesurfer-linux-ubuntu22_x86_64-7.3.2-20220804-6354275  User: oesteban  Machine: dna028  Platform: Linux  PlatformVersion: 5.14.0-427.37.1.el9_4.x86_64  CompilerName: GCC  CompilerVersion: 8.4.0
ProgramName: mri_fuse_segmentations  ProgramArguments: mri_fuse_segmentations -all-info  ProgramVersion: 7.3.2  TimeStamp: 2026/03/06-23:18:32-GMT  BuildTime: Aug  4 2022 06:17:15  BuildStamp: freesurfer-linux-ubuntu22_x86_64-7.3.2-20220804-6354275  User: oesteban  Machine: dna028  Platform: Linux  PlatformVersion: 5.14.0-427.37.1.el9_4.x86_64  CompilerName: GCC  CompilerVersion: 8.4.0
ProgramName: mri_fwhm  ProgramArguments: mri_fwhm -all-info  ProgramVersion: 7.3.2  TimeStamp: 2026/03/06-23:18:32-GMT  BuildTime: Aug  4 2022 06:17:15  BuildStamp: freesurfer-linux-ubuntu22_x86_64-7.3.2-20220804-6354275  User: oesteban  Machine: dna028  Platform: Linux  PlatformVersion: 5.14.0-427.37.1.el9_4.x86_64  CompilerName: GCC  CompilerVersion: 8.4.0
ProgramName: mri_gcut  ProgramArguments: mri_gcut -all-info  ProgramVersion: 7.3.2  TimeStamp: 2026/03/06-23:18:32-GMT  BuildTime: Aug  4 2022 06:17:15  BuildStamp: freesurfer-linux-ubuntu22_x86_64-7.3.2-20220804-6354275  User: oesteban  Machine: dna028  Platform: Linux  PlatformVersion: 5.14.0-427.37.1.el9_4.x86_64  CompilerName: GCC  CompilerVersion: 8.4.0
ProgramName: mri_info  ProgramArguments: mri_info -all-info  ProgramVersion: 7.3.2  TimeStamp: 2026/03/06-23:18:32-GMT  BuildTime: Aug  4 2022 06:17:15  BuildStamp: freesurfer-linux-ubuntu22_x86_64-7.3.2-20220804-6354275  User: oesteban  Machine: dna028  Platform: Linux  PlatformVersion: 5.14.0-427.37.1.el9_4.x86_64  CompilerName: GCC  CompilerVersion: 8.4.0
ProgramName: mri_label2label  ProgramArguments: mri_label2label -all-info  ProgramVersion: 7.3.2  TimeStamp: 2026/03/06-23:18:32-GMT  BuildTime: Aug  4 2022 06:17:15  BuildStamp: freesurfer-linux-ubuntu22_x86_64-7.3.2-20220804-6354275  User: oesteban  Machine: dna028  Platform: Linux  PlatformVersion: 5.14.0-427.37.1.el9_4.x86_64  CompilerName: GCC  CompilerVersion: 8.4.0
ProgramName: mri_label2vol  ProgramArguments: mri_label2vol -all-info  ProgramVersion: 7.3.2  TimeStamp: 2026/03/06-23:18:32-GMT  BuildTime: Aug  4 2022 06:17:15  BuildStamp: freesurfer-linux-ubuntu22_x86_64-7.3.2-20220804-6354275  User: oesteban  Machine: dna028  Platform: Linux  PlatformVersion: 5.14.0-427.37.1.el9_4.x86_64  CompilerName: GCC  CompilerVersion: 8.4.0
ProgramName: mri_log_likelihood  ProgramArguments: mri_log_likelihood -all-info  ProgramVersion: 7.3.2  TimeStamp: 2026/03/06-23:18:32-GMT  BuildTime: Aug  4 2022 06:17:15  BuildStamp: freesurfer-linux-ubuntu22_x86_64-7.3.2-20220804-6354275  User: oesteban  Machine: dna028  Platform: Linux  PlatformVersion: 5.14.0-427.37.1.el9_4.x86_64  CompilerName: GCC  CompilerVersion: 8.4.0
ProgramName: mri_mask  ProgramArguments: mri_mask -all-info  ProgramVersion: 7.3.2  TimeStamp: 2026/03/06-23:18:32-GMT  BuildTime: Aug  4 2022 06:17:15  BuildStamp: freesurfer-linux-ubuntu22_x86_64-7.3.2-20220804-6354275  User: oesteban  Machine: dna028  Platform: Linux  PlatformVersion: 5.14.0-427.37.1.el9_4.x86_64  CompilerName: GCC  CompilerVersion: 8.4.0
ProgramName: mri_matrix_multiply  ProgramArguments: mri_matrix_multiply -all-info  ProgramVersion: 7.3.2  TimeStamp: 2026/03/06-23:18:32-GMT  BuildTime: Aug  4 2022 06:17:15  BuildStamp: freesurfer-linux-ubuntu22_x86_64-7.3.2-20220804-6354275  User: oesteban  Machine: dna028  Platform: Linux  PlatformVersion: 5.14.0-427.37.1.el9_4.x86_64  CompilerName: GCC  CompilerVersion: 8.4.0
ProgramName: mri_normalize  ProgramArguments: mri_normalize -all-info  ProgramVersion: 7.3.2  TimeStamp: 2026/03/06-23:18:32-GMT  BuildTime: Aug  4 2022 06:17:15  BuildStamp: freesurfer-linux-ubuntu22_x86_64-7.3.2-20220804-6354275  User: oesteban  Machine: dna028  Platform: Linux  PlatformVersion: 5.14.0-427.37.1.el9_4.x86_64  CompilerName: GCC  CompilerVersion: 8.4.0
ProgramName: mri_normalize_tp2  ProgramArguments: mri_normalize_tp2 -all-info  ProgramVersion: 7.3.2  TimeStamp: 2026/03/06-23:18:32-GMT  BuildTime: Aug  4 2022 06:17:15  BuildStamp: freesurfer-linux-ubuntu22_x86_64-7.3.2-20220804-6354275  User: oesteban  Machine: dna028  Platform: Linux  PlatformVersion: 5.14.0-427.37.1.el9_4.x86_64  CompilerName: GCC  CompilerVersion: 8.4.0
ProgramName: mri_or  ProgramArguments: mri_or -all-info  ProgramVersion: 7.3.2  TimeStamp: 2026/03/06-23:18:32-GMT  BuildTime: Aug  4 2022 06:17:15  BuildStamp: freesurfer-linux-ubuntu22_x86_64-7.3.2-20220804-6354275  User: oesteban  Machine: dna028  Platform: Linux  PlatformVersion: 5.14.0-427.37.1.el9_4.x86_64  CompilerName: GCC  CompilerVersion: 8.4.0
ProgramName: mri_relabel_hypointensities  ProgramArguments: mri_relabel_hypointensities -all-info  ProgramVersion: 7.3.2  TimeStamp: 2026/03/06-23:18:32-GMT  BuildTime: Aug  4 2022 06:17:15  BuildStamp: freesurfer-linux-ubuntu22_x86_64-7.3.2-20220804-6354275  User: oesteban  Machine: dna028  Platform: Linux  PlatformVersion: 5.14.0-427.37.1.el9_4.x86_64  CompilerName: GCC  CompilerVersion: 8.4.0
ProgramName: mri_relabel_nonwm_hypos  ProgramArguments: mri_relabel_nonwm_hypos -all-info  ProgramVersion: 7.3.2  TimeStamp: 2026/03/06-23:18:32-GMT  BuildTime: Aug  4 2022 06:17:15  BuildStamp: freesurfer-linux-ubuntu22_x86_64-7.3.2-20220804-6354275  User: oesteban  Machine: dna028  Platform: Linux  PlatformVersion: 5.14.0-427.37.1.el9_4.x86_64  CompilerName: GCC  CompilerVersion: 8.4.0
ProgramName: mri_remove_neck  ProgramArguments: mri_remove_neck -all-info  ProgramVersion: 7.3.2  TimeStamp: 2026/03/06-23:18:32-GMT  BuildTime: Aug  4 2022 06:17:15  BuildStamp: freesurfer-linux-ubuntu22_x86_64-7.3.2-20220804-6354275  User: oesteban  Machine: dna028  Platform: Linux  PlatformVersion: 5.14.0-427.37.1.el9_4.x86_64  CompilerName: GCC  CompilerVersion: 8.4.0
7.3.2

ProgramName: mri_robust_register  ProgramArguments: mri_robust_register -all-info  ProgramVersion: 7.3.2  TimeStamp: 2026/03/06-23:18:32-GMT  BuildTime: Aug  4 2022 06:17:15  BuildStamp: freesurfer-linux-ubuntu22_x86_64-7.3.2-20220804-6354275  User: oesteban  Machine: dna028  Platform: Linux  PlatformVersion: 5.14.0-427.37.1.el9_4.x86_64  CompilerName: GCC  CompilerVersion: 8.4.0
7.3.2

ProgramName: mri_robust_template  ProgramArguments: mri_robust_template -all-info  ProgramVersion: 7.3.2  TimeStamp: 2026/03/06-23:18:32-GMT  BuildTime: Aug  4 2022 06:17:15  BuildStamp: freesurfer-linux-ubuntu22_x86_64-7.3.2-20220804-6354275  User: oesteban  Machine: dna028  Platform: Linux  PlatformVersion: 5.14.0-427.37.1.el9_4.x86_64  CompilerName: GCC  CompilerVersion: 8.4.0
ProgramName: mris_anatomical_stats  ProgramArguments: mris_anatomical_stats -all-info  ProgramVersion: 7.3.2  TimeStamp: 2026/03/06-23:18:32-GMT  BuildTime: Aug  4 2022 06:17:15  BuildStamp: freesurfer-linux-ubuntu22_x86_64-7.3.2-20220804-6354275  User: oesteban  Machine: dna028  Platform: Linux  PlatformVersion: 5.14.0-427.37.1.el9_4.x86_64  CompilerName: GCC  CompilerVersion: 8.4.0
ProgramName: mris_ca_label  ProgramArguments: mris_ca_label -all-info  ProgramVersion: 7.3.2  TimeStamp: 2026/03/06-23:18:32-GMT  BuildTime: Aug  4 2022 06:17:15  BuildStamp: freesurfer-linux-ubuntu22_x86_64-7.3.2-20220804-6354275  User: oesteban  Machine: dna028  Platform: Linux  PlatformVersion: 5.14.0-427.37.1.el9_4.x86_64  CompilerName: GCC  CompilerVersion: 8.4.0
ProgramName: mris_calc  ProgramArguments: mris_calc -all-info  ProgramVersion: 7.3.2  TimeStamp: 2026/03/06-23:18:32-GMT  BuildTime: Aug  4 2022 06:17:15  BuildStamp: freesurfer-linux-ubuntu22_x86_64-7.3.2-20220804-6354275  User: oesteban  Machine: dna028  Platform: Linux  PlatformVersion: 5.14.0-427.37.1.el9_4.x86_64  CompilerName: GCC  CompilerVersion: 8.4.0
ProgramName: mris_convert  ProgramArguments: mris_convert -all-info  ProgramVersion: 7.3.2  TimeStamp: 2026/03/06-23:18:32-GMT  BuildTime: Aug  4 2022 06:17:15  BuildStamp: freesurfer-linux-ubuntu22_x86_64-7.3.2-20220804-6354275  User: oesteban  Machine: dna028  Platform: Linux  PlatformVersion: 5.14.0-427.37.1.el9_4.x86_64  CompilerName: GCC  CompilerVersion: 8.4.0
ProgramName: mris_curvature  ProgramArguments: mris_curvature -all-info  ProgramVersion: 7.3.2  TimeStamp: 2026/03/06-23:18:32-GMT  BuildTime: Aug  4 2022 06:17:15  BuildStamp: freesurfer-linux-ubuntu22_x86_64-7.3.2-20220804-6354275  User: oesteban  Machine: dna028  Platform: Linux  PlatformVersion: 5.14.0-427.37.1.el9_4.x86_64  CompilerName: GCC  CompilerVersion: 8.4.0
ProgramName: mris_curvature_stats  ProgramArguments: mris_curvature_stats -all-info  ProgramVersion: 7.3.2  TimeStamp: 2026/03/06-23:18:32-GMT  BuildTime: Aug  4 2022 06:17:15  BuildStamp: freesurfer-linux-ubuntu22_x86_64-7.3.2-20220804-6354275  User: oesteban  Machine: dna028  Platform: Linux  PlatformVersion: 5.14.0-427.37.1.el9_4.x86_64  CompilerName: GCC  CompilerVersion: 8.4.0
ProgramName: mris_diff  ProgramArguments: mris_diff -all-info  ProgramVersion: 7.3.2  TimeStamp: 2026/03/06-23:18:32-GMT  BuildTime: Aug  4 2022 06:17:15  BuildStamp: freesurfer-linux-ubuntu22_x86_64-7.3.2-20220804-6354275  User: oesteban  Machine: dna028  Platform: Linux  PlatformVersion: 5.14.0-427.37.1.el9_4.x86_64  CompilerName: GCC  CompilerVersion: 8.4.0
ProgramName: mris_divide_parcellation  ProgramArguments: mris_divide_parcellation -all-info  ProgramVersion: 7.3.2  TimeStamp: 2026/03/06-23:18:32-GMT  BuildTime: Aug  4 2022 06:17:15  BuildStamp: freesurfer-linux-ubuntu22_x86_64-7.3.2-20220804-6354275  User: oesteban  Machine: dna028  Platform: Linux  PlatformVersion: 5.14.0-427.37.1.el9_4.x86_64  CompilerName: GCC  CompilerVersion: 8.4.0
ProgramName: mri_segment  ProgramArguments: mri_segment -all-info  ProgramVersion: 7.3.2  TimeStamp: 2026/03/06-23:18:32-GMT  BuildTime: Aug  4 2022 06:17:15  BuildStamp: freesurfer-linux-ubuntu22_x86_64-7.3.2-20220804-6354275  User: oesteban  Machine: dna028  Platform: Linux  PlatformVersion: 5.14.0-427.37.1.el9_4.x86_64  CompilerName: GCC  CompilerVersion: 8.4.0
ProgramName: mri_segstats  ProgramArguments: mri_segstats -all-info  ProgramVersion: 7.3.2  TimeStamp: 2026/03/06-23:18:32-GMT  BuildTime: Aug  4 2022 06:17:15  BuildStamp: freesurfer-linux-ubuntu22_x86_64-7.3.2-20220804-6354275  User: oesteban  Machine: dna028  Platform: Linux  PlatformVersion: 5.14.0-427.37.1.el9_4.x86_64  CompilerName: GCC  CompilerVersion: 8.4.0
ProgramName: mris_euler_number  ProgramArguments: mris_euler_number -all-info  ProgramVersion: 7.3.2  TimeStamp: 2026/03/06-23:18:32-GMT  BuildTime: Aug  4 2022 06:17:15  BuildStamp: freesurfer-linux-ubuntu22_x86_64-7.3.2-20220804-6354275  User: oesteban  Machine: dna028  Platform: Linux  PlatformVersion: 5.14.0-427.37.1.el9_4.x86_64  CompilerName: GCC  CompilerVersion: 8.4.0
ProgramName: mris_fix_topology  ProgramArguments: mris_fix_topology -all-info  ProgramVersion: 7.3.2  TimeStamp: 2026/03/06-23:18:32-GMT  BuildTime: Aug  4 2022 06:17:15  BuildStamp: freesurfer-linux-ubuntu22_x86_64-7.3.2-20220804-6354275  User: oesteban  Machine: dna028  Platform: Linux  PlatformVersion: 5.14.0-427.37.1.el9_4.x86_64  CompilerName: GCC  CompilerVersion: 8.4.0
ProgramName: mris_topo_fixer  ProgramArguments: mris_topo_fixer -all-info  ProgramVersion: 7.3.2  TimeStamp: 2026/03/06-23:18:32-GMT  BuildTime: Aug  4 2022 06:17:15  BuildStamp: freesurfer-linux-ubuntu22_x86_64-7.3.2-20220804-6354275  User: oesteban  Machine: dna028  Platform: Linux  PlatformVersion: 5.14.0-427.37.1.el9_4.x86_64  CompilerName: GCC  CompilerVersion: 8.4.0
ProgramName: mris_jacobian  ProgramArguments: mris_jacobian -all-info  ProgramVersion: 7.3.2  TimeStamp: 2026/03/06-23:18:32-GMT  BuildTime: Aug  4 2022 06:17:15  BuildStamp: freesurfer-linux-ubuntu22_x86_64-7.3.2-20220804-6354275  User: oesteban  Machine: dna028  Platform: Linux  PlatformVersion: 5.14.0-427.37.1.el9_4.x86_64  CompilerName: GCC  CompilerVersion: 8.4.0
ProgramName: mris_label2annot  ProgramArguments: mris_label2annot -all-info  ProgramVersion: 7.3.2  TimeStamp: 2026/03/06-23:18:32-GMT  BuildTime: Aug  4 2022 06:17:15  BuildStamp: freesurfer-linux-ubuntu22_x86_64-7.3.2-20220804-6354275  User: oesteban  Machine: dna028  Platform: Linux  PlatformVersion: 5.14.0-427.37.1.el9_4.x86_64  CompilerName: GCC  CompilerVersion: 8.4.0
ProgramName: mris_left_right_register  ProgramArguments: mris_left_right_register -all-info  ProgramVersion: 7.3.2  TimeStamp: 2026/03/06-23:18:32-GMT  BuildTime: Aug  4 2022 06:17:15  BuildStamp: freesurfer-linux-ubuntu22_x86_64-7.3.2-20220804-6354275  User: oesteban  Machine: dna028  Platform: Linux  PlatformVersion: 5.14.0-427.37.1.el9_4.x86_64  CompilerName: GCC  CompilerVersion: 8.4.0
ProgramName: mris_place_surface  ProgramArguments: mris_place_surface -all-info  ProgramVersion: 7.3.2  TimeStamp: 2026/03/06-23:18:32-GMT  BuildTime: Aug  4 2022 06:17:15  BuildStamp: freesurfer-linux-ubuntu22_x86_64-7.3.2-20220804-6354275  User: oesteban  Machine: dna028  Platform: Linux  PlatformVersion: 5.14.0-427.37.1.el9_4.x86_64  CompilerName: GCC  CompilerVersion: 8.4.0
ProgramName: mrisp_paint  ProgramArguments: mrisp_paint -all-info  ProgramVersion: 7.3.2  TimeStamp: 2026/03/06-23:18:32-GMT  BuildTime: Aug  4 2022 06:17:15  BuildStamp: freesurfer-linux-ubuntu22_x86_64-7.3.2-20220804-6354275  User: oesteban  Machine: dna028  Platform: Linux  PlatformVersion: 5.14.0-427.37.1.el9_4.x86_64  CompilerName: GCC  CompilerVersion: 8.4.0
ProgramName: mris_register  ProgramArguments: mris_register -all-info  ProgramVersion: 7.3.2  TimeStamp: 2026/03/06-23:18:32-GMT  BuildTime: Aug  4 2022 06:17:15  BuildStamp: freesurfer-linux-ubuntu22_x86_64-7.3.2-20220804-6354275  User: oesteban  Machine: dna028  Platform: Linux  PlatformVersion: 5.14.0-427.37.1.el9_4.x86_64  CompilerName: GCC  CompilerVersion: 8.4.0
ProgramName: mris_smooth  ProgramArguments: mris_smooth -all-info  ProgramVersion: 7.3.2  TimeStamp: 2026/03/06-23:18:32-GMT  BuildTime: Aug  4 2022 06:17:15  BuildStamp: freesurfer-linux-ubuntu22_x86_64-7.3.2-20220804-6354275  User: oesteban  Machine: dna028  Platform: Linux  PlatformVersion: 5.14.0-427.37.1.el9_4.x86_64  CompilerName: GCC  CompilerVersion: 8.4.0
ProgramName: mris_sphere  ProgramArguments: mris_sphere -all-info  ProgramVersion: 7.3.2  TimeStamp: 2026/03/06-23:18:32-GMT  BuildTime: Aug  4 2022 06:17:15  BuildStamp: freesurfer-linux-ubuntu22_x86_64-7.3.2-20220804-6354275  User: oesteban  Machine: dna028  Platform: Linux  PlatformVersion: 5.14.0-427.37.1.el9_4.x86_64  CompilerName: GCC  CompilerVersion: 8.4.0
ProgramName: mris_surface_stats  ProgramArguments: mris_surface_stats -all-info  ProgramVersion: 7.3.2  TimeStamp: 2026/03/06-23:18:32-GMT  BuildTime: Aug  4 2022 06:17:15  BuildStamp: freesurfer-linux-ubuntu22_x86_64-7.3.2-20220804-6354275  User: oesteban  Machine: dna028  Platform: Linux  PlatformVersion: 5.14.0-427.37.1.el9_4.x86_64  CompilerName: GCC  CompilerVersion: 8.4.0
ProgramName: mri_stats2seg  ProgramArguments: mri_stats2seg -all-info  ProgramVersion: 7.3.2  TimeStamp: 2026/03/06-23:18:32-GMT  BuildTime: Aug  4 2022 06:17:15  BuildStamp: freesurfer-linux-ubuntu22_x86_64-7.3.2-20220804-6354275  User: oesteban  Machine: dna028  Platform: Linux  PlatformVersion: 5.14.0-427.37.1.el9_4.x86_64  CompilerName: GCC  CompilerVersion: 8.4.0
ProgramName: mris_thickness  ProgramArguments: mris_thickness -all-info  ProgramVersion: 7.3.2  TimeStamp: 2026/03/06-23:18:32-GMT  BuildTime: Aug  4 2022 06:17:15  BuildStamp: freesurfer-linux-ubuntu22_x86_64-7.3.2-20220804-6354275  User: oesteban  Machine: dna028  Platform: Linux  PlatformVersion: 5.14.0-427.37.1.el9_4.x86_64  CompilerName: GCC  CompilerVersion: 8.4.0
ProgramName: mris_thickness_diff  ProgramArguments: mris_thickness_diff -all-info  ProgramVersion: 7.3.2  TimeStamp: 2026/03/06-23:18:32-GMT  BuildTime: Aug  4 2022 06:17:15  BuildStamp: freesurfer-linux-ubuntu22_x86_64-7.3.2-20220804-6354275  User: oesteban  Machine: dna028  Platform: Linux  PlatformVersion: 5.14.0-427.37.1.el9_4.x86_64  CompilerName: GCC  CompilerVersion: 8.4.0
ProgramName: mris_topo_fixer  ProgramArguments: mris_topo_fixer -all-info  ProgramVersion: 7.3.2  TimeStamp: 2026/03/06-23:18:32-GMT  BuildTime: Aug  4 2022 06:17:15  BuildStamp: freesurfer-linux-ubuntu22_x86_64-7.3.2-20220804-6354275  User: oesteban  Machine: dna028  Platform: Linux  PlatformVersion: 5.14.0-427.37.1.el9_4.x86_64  CompilerName: GCC  CompilerVersion: 8.4.0
ProgramName: mri_surf2surf  ProgramArguments: mri_surf2surf -all-info  ProgramVersion: 7.3.2  TimeStamp: 2026/03/06-23:18:32-GMT  BuildTime: Aug  4 2022 06:17:15  BuildStamp: freesurfer-linux-ubuntu22_x86_64-7.3.2-20220804-6354275  User: oesteban  Machine: dna028  Platform: Linux  PlatformVersion: 5.14.0-427.37.1.el9_4.x86_64  CompilerName: GCC  CompilerVersion: 8.4.0
ProgramName: mri_surf2vol  ProgramArguments: mri_surf2vol -all-info  ProgramVersion: 7.3.2  TimeStamp: 2026/03/06-23:18:32-GMT  BuildTime: Aug  4 2022 06:17:15  BuildStamp: freesurfer-linux-ubuntu22_x86_64-7.3.2-20220804-6354275  User: oesteban  Machine: dna028  Platform: Linux  PlatformVersion: 5.14.0-427.37.1.el9_4.x86_64  CompilerName: GCC  CompilerVersion: 8.4.0
ProgramName: mri_surfcluster  ProgramArguments: mri_surfcluster -all-info  ProgramVersion: 7.3.2  TimeStamp: 2026/03/06-23:18:32-GMT  BuildTime: Aug  4 2022 06:17:15  BuildStamp: freesurfer-linux-ubuntu22_x86_64-7.3.2-20220804-6354275  User: oesteban  Machine: dna028  Platform: Linux  PlatformVersion: 5.14.0-427.37.1.el9_4.x86_64  CompilerName: GCC  CompilerVersion: 8.4.0
ProgramName: mris_volmask  ProgramArguments: mris_volmask -all-info  ProgramVersion: 7.3.2  TimeStamp: 2026/03/06-23:18:32-GMT  BuildTime: Aug  4 2022 06:17:15  BuildStamp: freesurfer-linux-ubuntu22_x86_64-7.3.2-20220804-6354275  User: oesteban  Machine: dna028  Platform: Linux  PlatformVersion: 5.14.0-427.37.1.el9_4.x86_64  CompilerName: GCC  CompilerVersion: 8.4.0
ProgramName: mri_tessellate  ProgramArguments: mri_tessellate -all-info  ProgramVersion: 7.3.2  TimeStamp: 2026/03/06-23:18:32-GMT  BuildTime: Aug  4 2022 06:17:15  BuildStamp: freesurfer-linux-ubuntu22_x86_64-7.3.2-20220804-6354275  User: oesteban  Machine: dna028  Platform: Linux  PlatformVersion: 5.14.0-427.37.1.el9_4.x86_64  CompilerName: GCC  CompilerVersion: 8.4.0
ProgramName: mri_vol2surf  ProgramArguments: mri_vol2surf -all-info  ProgramVersion: 7.3.2  TimeStamp: 2026/03/06-23:18:32-GMT  BuildTime: Aug  4 2022 06:17:15  BuildStamp: freesurfer-linux-ubuntu22_x86_64-7.3.2-20220804-6354275  User: oesteban  Machine: dna028  Platform: Linux  PlatformVersion: 5.14.0-427.37.1.el9_4.x86_64  CompilerName: GCC  CompilerVersion: 8.4.0
ProgramName: mri_vol2vol  ProgramArguments: mri_vol2vol -all-info  ProgramVersion: 7.3.2  TimeStamp: 2026/03/06-23:18:32-GMT  BuildTime: Aug  4 2022 06:17:15  BuildStamp: freesurfer-linux-ubuntu22_x86_64-7.3.2-20220804-6354275  User: oesteban  Machine: dna028  Platform: Linux  PlatformVersion: 5.14.0-427.37.1.el9_4.x86_64  CompilerName: GCC  CompilerVersion: 8.4.0
ProgramName: mri_voldiff  ProgramArguments: mri_voldiff -all-info  ProgramVersion: 7.3.2  TimeStamp: 2026/03/06-23:18:32-GMT  BuildTime: Aug  4 2022 06:17:15  BuildStamp: freesurfer-linux-ubuntu22_x86_64-7.3.2-20220804-6354275  User: oesteban  Machine: dna028  Platform: Linux  PlatformVersion: 5.14.0-427.37.1.el9_4.x86_64  CompilerName: GCC  CompilerVersion: 8.4.0
ProgramName: mri_watershed  ProgramArguments: mri_watershed -all-info  ProgramVersion: 7.3.2  TimeStamp: 2026/03/06-23:18:32-GMT  BuildTime: Aug  4 2022 06:17:15  BuildStamp: freesurfer-linux-ubuntu22_x86_64-7.3.2-20220804-6354275  User: oesteban  Machine: dna028  Platform: Linux  PlatformVersion: 5.14.0-427.37.1.el9_4.x86_64  CompilerName: GCC  CompilerVersion: 8.4.0
ProgramName: tkregister2  ProgramArguments: tkregister2_cmdl -all-info  ProgramVersion: 7.3.2  TimeStamp: 2026/03/06-23:18:32-GMT  BuildTime: Aug  4 2022 06:17:15  BuildStamp: freesurfer-linux-ubuntu22_x86_64-7.3.2-20220804-6354275  User: oesteban  Machine: dna028  Platform: Linux  PlatformVersion: 5.14.0-427.37.1.el9_4.x86_64  CompilerName: GCC  CompilerVersion: 8.4.0
mri_motion_correct.fsl 7.3.2
mri_convert -all-info 
ProgramName: mri_convert  ProgramArguments: mri_convert -all-info  ProgramVersion: 7.3.2  TimeStamp: 2026/03/06-23:18:32-GMT  BuildTime: Aug  4 2022 06:17:15  BuildStamp: freesurfer-linux-ubuntu22_x86_64-7.3.2-20220804-6354275  User: oesteban  Machine: dna028  Platform: Linux  PlatformVersion: 5.14.0-427.37.1.el9_4.x86_64  CompilerName: GCC  CompilerVersion: 8.4.0
Program nu_correct, built from:
Package MNI N3, version 1.12.0, compiled by nicks@terrier (x86_64-unknown-linux-gnu) on 2015-06-19 at 01:25:34
#######################################
GCADIR /opt/freesurfer/average
GCA RB_all_2020-01-02.gca
GCASkull RB_all_withskull_2020_01_02.gca
AvgCurvTif folding.atlas.acfb40.noaparc.i12.2016-08-02.tif
GCSDIR /opt/freesurfer/average
GCS DKaparc.atlas.acfb40.noaparc.i12.2016-08-02.gcs
#######################################
#--------------------------------------
#@# CA Normalize Sat Mar  7 00:18:32 CET 2026
/out/sourcedata/freesurfer/sub-v1s18x0051209_ses-1/mri

 mri_ca_normalize -c ctrl_pts.mgz -mask brainmask.mgz nu.mgz /opt/freesurfer/average/RB_all_2020-01-02.gca transforms/talairach.lta norm.mgz 

writing control point volume to ctrl_pts.mgz
using MR volume brainmask.mgz to mask input volume...
reading 1 input volume
reading atlas from '/opt/freesurfer/average/RB_all_2020-01-02.gca'...
reading transform from 'transforms/talairach.lta'...
reading input volume from nu.mgz...
resetting wm mean[0]: 98 --> 107
resetting gm mean[0]: 61 --> 61
input volume #1 is the most T1-like
using real data threshold=24.1
skull bounding box = (60, 68, 52) --> (193, 180, 211)
finding center of left hemi white matter
using (104, 105, 132) as brain centroid of Right_Cerebral_White_Matter...
mean wm in atlas = 107, using box (88,91,112) --> (120, 118,151) to find MRI wm
before smoothing, mri peak at 110
robust fit to distribution - 110 +- 3.8
after smoothing, mri peak at 110, scaling input intensities by 0.973
scaling channel 0 by 0.972727
using 246437 sample points...
INFO: compute sample coordinates transform
 1.04561   0.03579   0.01613  -14.93998;
-0.03607   1.19318   0.07177  -37.62015;
-0.01369  -0.07580   1.05365  -14.90414;
 0.00000   0.00000   0.00000   1.00000;
INFO: transform used
finding control points in Left_Cerebral_White_Matter....
found 40230 control points for structure...
bounding box (128, 72, 51) --> (192, 170, 210)
Left_Cerebral_White_Matter: limiting intensities to 94.0 --> 132.0
1 of 5376 (0.0%) samples deleted
finding control points in Right_Cerebral_White_Matter....
found 39478 control points for structure...
bounding box (67, 72, 50) --> (131, 170, 209)
Right_Cerebral_White_Matter: limiting intensities to 93.0 --> 132.0
4 of 5197 (0.1%) samples deleted
finding control points in Left_Cerebellum_White_Matter....
found 3105 control points for structure...
bounding box (130, 142, 74) --> (175, 182, 125)
Left_Cerebellum_White_Matter: limiting intensities to 89.0 --> 132.0
86 of 184 (46.7%) samples deleted
finding control points in Right_Cerebellum_White_Matter....
found 2710 control points for structure...
bounding box (85, 142, 71) --> (128, 180, 126)
Right_Cerebellum_White_Matter: limiting intensities to 88.0 --> 132.0
15 of 156 (9.6%) samples deleted
finding control points in Brain_Stem....
found 3475 control points for structure...
bounding box (112, 137, 107) --> (145, 195, 136)
Brain_Stem: limiting intensities to 88.0 --> 132.0
5 of 100 (5.0%) samples deleted
using 11013 total control points for intensity normalization...
bias field = 0.989 +- 0.040
25 of 10902 control points discarded
finding control points in Left_Cerebral_White_Matter....
found 40230 control points for structure...
bounding box (128, 72, 51) --> (192, 170, 210)
Left_Cerebral_White_Matter: limiting intensities to 90.0 --> 132.0
2 of 5644 (0.0%) samples deleted
finding control points in Right_Cerebral_White_Matter....
found 39478 control points for structure...
bounding box (67, 72, 50) --> (131, 170, 209)
Right_Cerebral_White_Matter: limiting intensities to 90.0 --> 132.0
4 of 5436 (0.1%) samples deleted
finding control points in Left_Cerebellum_White_Matter....
found 3105 control points for structure...
bounding box (130, 142, 74) --> (175, 182, 125)
Left_Cerebellum_White_Matter: limiting intensities to 88.0 --> 132.0
154 of 239 (64.4%) samples deleted
finding control points in Right_Cerebellum_White_Matter....
found 2710 control points for structure...
bounding box (85, 142, 71) --> (128, 180, 126)
Right_Cerebellum_White_Matter: limiting intensities to 88.0 --> 132.0
136 of 192 (70.8%) samples deleted
finding control points in Brain_Stem....
found 3475 control points for structure...
bounding box (112, 137, 107) --> (145, 195, 136)
Brain_Stem: limiting intensities to 88.0 --> 132.0
69 of 146 (47.3%) samples deleted
using 11657 total control points for intensity normalization...
bias field = 1.025 +- 0.039
23 of 11217 control points discarded
finding control points in Left_Cerebral_White_Matter....
found 40230 control points for structure...
bounding box (128, 72, 51) --> (192, 170, 210)
Left_Cerebral_White_Matter: limiting intensities to 91.0 --> 132.0
6 of 5663 (0.1%) samples deleted
finding control points in Right_Cerebral_White_Matter....
found 39478 control points for structure...
bounding box (67, 72, 50) --> (131, 170, 209)
Right_Cerebral_White_Matter: limiting intensities to 90.0 --> 132.0
4 of 5401 (0.1%) samples deleted
finding control points in Left_Cerebellum_White_Matter....
found 3105 control points for structure...
bounding box (130, 142, 74) --> (175, 182, 125)
Left_Cerebellum_White_Matter: limiting intensities to 88.0 --> 132.0
192 of 266 (72.2%) samples deleted
finding control points in Right_Cerebellum_White_Matter....
found 2710 control points for structure...
bounding box (85, 142, 71) --> (128, 180, 126)
Right_Cerebellum_White_Matter: limiting intensities to 88.0 --> 132.0
192 of 236 (81.4%) samples deleted
finding control points in Brain_Stem....
found 3475 control points for structure...
bounding box (112, 137, 107) --> (145, 195, 136)
Brain_Stem: limiting intensities to 88.0 --> 132.0
93 of 173 (53.8%) samples deleted
using 11739 total control points for intensity normalization...
bias field = 1.022 +- 0.037
35 of 11102 control points discarded
writing normalized volume to norm.mgz...
writing control points to ctrl_pts.mgz
freeing GCA...done.
normalization took 1 minutes and 17 seconds.
#--------------------------------------
#@# CA Reg Sat Mar  7 00:19:50 CET 2026
/out/sourcedata/freesurfer/sub-v1s18x0051209_ses-1/mri

 mri_ca_register -nobigventricles -T transforms/talairach.lta -align-after -mask brainmask.mgz norm.mgz /opt/freesurfer/average/RB_all_2020-01-02.gca transforms/talairach.m3z 

not handling expanded ventricles...
using previously computed transform transforms/talairach.lta
renormalizing sequences with structure alignment, equivalent to:
	-renormalize
	-regularize_mean 0.500
	-regularize 0.500
using MR volume brainmask.mgz to mask input volume...

== Number of threads available to mri_ca_register for OpenMP = 16 == 
reading 1 input volumes...
logging results to talairach.log
reading input volume 'norm.mgz'...
reading GCA '/opt/freesurfer/average/RB_all_2020-01-02.gca'...
label assignment complete, 0 changed (0.00%)
freeing gibbs priors...done.
average std[0] = 5.0
Starting GCAMregister()
label assignment complete, 0 changed (0.00%)
npasses = 1, nlevels = 6
#pass# 1 of 1 ************************
enabling zero nodes
setting smoothness cost coefficient to 0.156

#GCAMreg# pass 0 level1 5 level2 0 tsec 0 sigma 2
l_jacobian=1.00 l_label=1.00 l_log_likelihood=0.20 l_smoothness=0.16 
tol=2.50e-01, dt=5.00e-02, exp_k=20.0, momentum=0.90, levels=6, niter=500, lbl_dist=10.00, avgs=256, sigma=2.0,type=2, relabel=0, neg=no

blurring input image with Gaussian with sigma=2.000...
GCAMRegisterLevel(): init RMS 0.812854
#FOTS# QuadFit found better minimum quadopt=(dt=170.852,rms=0.750565) vs oldopt=(dt=92.48,rms=0.763534)
#GCMRL#    0 dt 170.852174 rms  0.751  7.663% neg 0  invalid 762 tFOTS 4.5100 tGradient 3.3390 tsec 8.2460
#FOTS# QuadFit found better minimum quadopt=(dt=202.154,rms=0.73384) vs oldopt=(dt=92.48,rms=0.738942)
#GCMRL#    1 dt 202.153846 rms  0.734  2.228% neg 0  invalid 762 tFOTS 4.9150 tGradient 3.3940 tsec 8.6650
#FOTS# QuadFit found better minimum quadopt=(dt=194.759,rms=0.724458) vs oldopt=(dt=92.48,rms=0.727396)
#GCMRL#    2 dt 194.758621 rms  0.724  1.279% neg 0  invalid 762 tFOTS 4.8360 tGradient 3.0870 tsec 8.2830
#FOTS# QuadFit found better minimum quadopt=(dt=182.356,rms=0.718957) vs oldopt=(dt=92.48,rms=0.720669)
#GCMRL#    3 dt 182.356164 rms  0.719  0.759% neg 0  invalid 762 tFOTS 5.0700 tGradient 3.2790 tsec 8.8240
#FOTS# QuadFit found better minimum quadopt=(dt=295.936,rms=0.714445) vs oldopt=(dt=369.92,rms=0.715122)
#GCMRL#    4 dt 295.936000 rms  0.714  0.628% neg 0  invalid 762 tFOTS 4.5100 tGradient 3.3400 tsec 8.2030
#FOTS# QuadFit found better minimum quadopt=(dt=129.472,rms=0.710134) vs oldopt=(dt=92.48,rms=0.710641)
#GCMRL#    5 dt 129.472000 rms  0.710  0.603% neg 0  invalid 762 tFOTS 4.4950 tGradient 2.9480 tsec 7.7910
#FOTS# QuadFit found better minimum quadopt=(dt=517.888,rms=0.706049) vs oldopt=(dt=369.92,rms=0.706443)
#GCMRL#    6 dt 517.888000 rms  0.706  0.575% neg 0  invalid 762 tFOTS 4.2860 tGradient 3.1500 tsec 7.8350
#FOTS# QuadFit found better minimum quadopt=(dt=129.472,rms=0.702587) vs oldopt=(dt=92.48,rms=0.702959)
#GCMRL#    7 dt 129.472000 rms  0.703  0.490% neg 0  invalid 762 tFOTS 4.5530 tGradient 3.4070 tsec 8.3170
#GCMRL#    8 dt 369.920000 rms  0.701  0.000% neg 0  invalid 762 tFOTS 5.2500 tGradient 3.0770 tsec 8.7510

#GCAMreg# pass 0 level1 5 level2 1 tsec 88.239 sigma 0.5
l_jacobian=1.00 l_label=1.00 l_log_likelihood=0.20 l_smoothness=0.16 
tol=2.50e-01, dt=5.00e-02, exp_k=20.0, momentum=0.90, levels=6, niter=500, lbl_dist=10.00, avgs=256, sigma=0.5,type=2, relabel=0, neg=no

blurring input image with Gaussian with sigma=0.500...
GCAMRegisterLevel(): init RMS 0.701784
#FOTS# QuadFit found better minimum quadopt=(dt=129.472,rms=0.69871) vs oldopt=(dt=92.48,rms=0.699092)
#GCMRL#   10 dt 129.472000 rms  0.699  0.438% neg 0  invalid 762 tFOTS 4.5110 tGradient 3.0080 tsec 7.9160
#FOTS# QuadFit found better minimum quadopt=(dt=517.888,rms=0.696507) vs oldopt=(dt=369.92,rms=0.69695)
#GCMRL#   11 dt 517.888000 rms  0.697  0.315% neg 0  invalid 762 tFOTS 4.5330 tGradient 2.8450 tsec 7.7390
#GCMRL#   12 dt 369.920000 rms  0.695  0.000% neg 0  invalid 762 tFOTS 4.2640 tGradient 2.7590 tsec 7.3700
#GCMRL#   13 dt 369.920000 rms  0.695  0.027% neg 0  invalid 762 tFOTS 0.0000 tGradient 3.0530 tsec 3.3710
#GCMRL#   14 dt 369.920000 rms  0.692  0.434% neg 0  invalid 762 tFOTS 0.0000 tGradient 3.4570 tsec 3.8130
#GCMRL#   15 dt 369.920000 rms  0.690  0.270% neg 0  invalid 762 tFOTS 0.0000 tGradient 2.8460 tsec 3.1470
#GCMRL#   16 dt 369.920000 rms  0.687  0.414% neg 0  invalid 762 tFOTS 0.0000 tGradient 2.7900 tsec 3.0910
#GCMRL#   17 dt 369.920000 rms  0.685  0.331% neg 0  invalid 762 tFOTS 0.0000 tGradient 3.0820 tsec 3.3980
#GCMRL#   18 dt 369.920000 rms  0.683  0.289% neg 0  invalid 762 tFOTS 0.0000 tGradient 2.8270 tsec 3.1420
#GCMRL#   19 dt 369.920000 rms  0.680  0.437% neg 0  invalid 762 tFOTS 0.0000 tGradient 2.9620 tsec 3.2790
#GCMRL#   20 dt 369.920000 rms  0.678  0.267% neg 0  invalid 762 tFOTS 0.0000 tGradient 3.2010 tsec 3.5240
#GCMRL#   21 dt 369.920000 rms  0.677  0.231% neg 0  invalid 762 tFOTS 0.0000 tGradient 2.8590 tsec 3.2110
#GCMRL#   22 dt 369.920000 rms  0.675  0.260% neg 0  invalid 762 tFOTS 0.0000 tGradient 2.9760 tsec 3.2890
#GCMRL#   23 dt 369.920000 rms  0.675  0.075% neg 0  invalid 762 tFOTS 0.0000 tGradient 2.8860 tsec 3.2110
#GCMRL#   24 dt 369.920000 rms  0.672  0.350% neg 0  invalid 762 tFOTS 0.0000 tGradient 3.0720 tsec 3.4180
#GCMRL#   25 dt 369.920000 rms  0.671  0.138% neg 0  invalid 762 tFOTS 0.0000 tGradient 3.1540 tsec 3.4690
#GCMRL#   26 dt 369.920000 rms  0.671  0.105% neg 0  invalid 762 tFOTS 0.0000 tGradient 3.0800 tsec 3.4370
#GCMRL#   27 dt 369.920000 rms  0.669  0.171% neg 0  invalid 762 tFOTS 0.0000 tGradient 3.1200 tsec 3.4370
#GCMRL#   28 dt 369.920000 rms  0.669  0.032% neg 0  invalid 762 tFOTS 0.0000 tGradient 3.3290 tsec 3.6890
#GCMRL#   29 dt 369.920000 rms  0.668  0.209% neg 0  invalid 762 tFOTS 0.0000 tGradient 3.2690 tsec 3.6320
#GCMRL#   30 dt 369.920000 rms  0.667  0.116% neg 0  invalid 762 tFOTS 0.0000 tGradient 3.0640 tsec 3.3860
#GCMRL#   31 dt 369.920000 rms  0.667  0.082% neg 0  invalid 762 tFOTS 0.0000 tGradient 2.9360 tsec 3.2900
#FOTS# QuadFit found better minimum quadopt=(dt=221.952,rms=0.666363) vs oldopt=(dt=369.92,rms=0.666404)
#GCMRL#   32 dt 221.952000 rms  0.666  0.000% neg 0  invalid 762 tFOTS 5.0500 tGradient 2.9560 tsec 8.3810
setting smoothness cost coefficient to 0.615

#GCAMreg# pass 0 level1 4 level2 0 tsec 0 sigma 2
l_jacobian=1.00 l_label=1.00 l_log_likelihood=0.20 l_smoothness=0.62 
tol=2.50e-01, dt=5.00e-02, exp_k=20.0, momentum=0.90, levels=6, niter=500, lbl_dist=10.00, avgs=64, sigma=2.0,type=2, relabel=0, neg=no

blurring input image with Gaussian with sigma=2.000...
GCAMRegisterLevel(): init RMS 0.678638
#FOTS# QuadFit found better minimum quadopt=(dt=36.288,rms=0.676117) vs oldopt=(dt=25.92,rms=0.676508)
#GCMRL#   34 dt  36.288000 rms  0.676  0.371% neg 0  invalid 762 tFOTS 4.6240 tGradient 2.2840 tsec 7.2900
#FOTS# QuadFit found better minimum quadopt=(dt=78.1017,rms=0.674731) vs oldopt=(dt=103.68,rms=0.67487)
#GCMRL#   35 dt  78.101695 rms  0.675  0.000% neg 0  invalid 762 tFOTS 4.7770 tGradient 2.1350 tsec 7.3030
#GCMRL#   36 dt  78.101695 rms  0.672  0.335% neg 0  invalid 762 tFOTS 0.0000 tGradient 2.3480 tsec 2.6550
#GCMRL#   37 dt  78.101695 rms  0.669  0.468% neg 0  invalid 762 tFOTS 0.0000 tGradient 2.4490 tsec 2.7550
#GCMRL#   38 dt  78.101695 rms  0.666  0.515% neg 0  invalid 762 tFOTS 0.0000 tGradient 2.3800 tsec 2.6870
#GCMRL#   39 dt  78.101695 rms  0.662  0.657% neg 0  invalid 762 tFOTS 0.0000 tGradient 2.3660 tsec 2.6910
#GCMRL#   40 dt  78.101695 rms  0.656  0.807% neg 0  invalid 762 tFOTS 0.0000 tGradient 2.4040 tsec 2.7120
#GCMRL#   41 dt  78.101695 rms  0.651  0.850% neg 0  invalid 762 tFOTS 0.0000 tGradient 2.3710 tsec 2.7260
#GCMRL#   42 dt  78.101695 rms  0.646  0.669% neg 0  invalid 762 tFOTS 0.0000 tGradient 2.4620 tsec 2.8160
#GCMRL#   43 dt  78.101695 rms  0.644  0.370% neg 0  invalid 762 tFOTS 0.0000 tGradient 2.5550 tsec 2.9000
#GCMRL#   44 dt  78.101695 rms  0.644  0.045% neg 0  invalid 762 tFOTS 0.0000 tGradient 2.5950 tsec 2.9430
#GCMRL#   45 dt  78.101695 rms  0.644 -0.142% neg 0  invalid 762 tFOTS 0.0000 tGradient 2.5680 tsec 3.2150

#GCAMreg# pass 0 level1 4 level2 1 tsec 59.863 sigma 0.5
l_jacobian=1.00 l_label=1.00 l_log_likelihood=0.20 l_smoothness=0.62 
tol=2.50e-01, dt=5.00e-02, exp_k=20.0, momentum=0.90, levels=6, niter=500, lbl_dist=10.00, avgs=64, sigma=0.5,type=2, relabel=0, neg=no

blurring input image with Gaussian with sigma=0.500...
GCAMRegisterLevel(): init RMS 0.644321
#GCMRL#   47 dt   0.000000 rms  0.644  0.121% neg 0  invalid 762 tFOTS 4.8510 tGradient 2.4460 tsec 7.7230
setting smoothness cost coefficient to 2.353

#GCAMreg# pass 0 level1 3 level2 0 tsec 0 sigma 2
l_jacobian=1.00 l_label=1.00 l_log_likelihood=0.20 l_smoothness=2.35 
tol=2.50e-01, dt=5.00e-02, exp_k=20.0, momentum=0.90, levels=6, niter=500, lbl_dist=10.00, avgs=16, sigma=2.0,type=2, relabel=0, neg=no

blurring input image with Gaussian with sigma=2.000...
GCAMRegisterLevel(): init RMS 0.681366
#FOTS# QuadFit found better minimum quadopt=(dt=2.8,rms=0.679745) vs oldopt=(dt=2,rms=0.679845)
#GCMRL#   49 dt   2.800000 rms  0.680  0.238% neg 0  invalid 762 tFOTS 4.4630 tGradient 2.0740 tsec 6.9260
#FOTS# QuadFit found better minimum quadopt=(dt=0.6,rms=0.679717) vs oldopt=(dt=0.5,rms=0.679717)
#GCMRL#   50 dt   0.600000 rms  0.680  0.000% neg 0  invalid 762 tFOTS 4.3060 tGradient 2.2340 tsec 6.9000

#GCAMreg# pass 0 level1 3 level2 1 tsec 25.945 sigma 0.5
l_jacobian=1.00 l_label=1.00 l_log_likelihood=0.20 l_smoothness=2.35 
tol=2.50e-01, dt=5.00e-02, exp_k=20.0, momentum=0.90, levels=6, niter=500, lbl_dist=10.00, avgs=16, sigma=0.5,type=2, relabel=0, neg=no

blurring input image with Gaussian with sigma=0.500...
GCAMRegisterLevel(): init RMS 0.680456
#FOTS# QuadFit found better minimum quadopt=(dt=0.15,rms=0.67972) vs oldopt=(dt=0.125,rms=0.67972)
#GCMRL#   52 dt   0.150000 rms  0.680  0.108% neg 0  invalid 762 tFOTS 4.5840 tGradient 2.0330 tsec 7.0300
#FOTS# QuadFit found better minimum quadopt=(dt=0.025,rms=0.679721) vs oldopt=(dt=0.03125,rms=0.679721)
setting smoothness cost coefficient to 8.000

#GCAMreg# pass 0 level1 2 level2 0 tsec 0 sigma 2
l_jacobian=1.00 l_label=1.00 l_log_likelihood=0.20 l_smoothness=8.00 
tol=2.50e-01, dt=5.00e-02, exp_k=20.0, momentum=0.90, levels=6, niter=500, lbl_dist=10.00, avgs=4, sigma=2.0,type=2, relabel=0, neg=no

blurring input image with Gaussian with sigma=2.000...
GCAMRegisterLevel(): init RMS 0.769789
#FOTS# QuadFit found better minimum quadopt=(dt=2.76953,rms=0.739031) vs oldopt=(dt=2.88,rms=0.739082)
#GCMRL#   54 dt   2.769527 rms  0.739  3.996% neg 0  invalid 762 tFOTS 4.1140 tGradient 1.8940 tsec 6.3400
#FOTS# QuadFit found better minimum quadopt=(dt=2.304,rms=0.733611) vs oldopt=(dt=2.88,rms=0.733939)
#GCMRL#   55 dt   2.304000 rms  0.734  0.733% neg 0  invalid 762 tFOTS 4.2040 tGradient 1.7840 tsec 6.3230
#FOTS# QuadFit found better minimum quadopt=(dt=2.18719,rms=0.731835) vs oldopt=(dt=2.88,rms=0.732028)
#GCMRL#   56 dt   2.187192 rms  0.732  0.000% neg 0  invalid 762 tFOTS 4.1990 tGradient 1.7240 tsec 6.2800
#GCMRL#   57 dt   2.187192 rms  0.732  0.024% neg 0  invalid 762 tFOTS 0.0000 tGradient 1.9750 tsec 2.3280

#GCAMreg# pass 0 level1 2 level2 1 tsec 33.104 sigma 0.5
l_jacobian=1.00 l_label=1.00 l_log_likelihood=0.20 l_smoothness=8.00 
tol=2.50e-01, dt=5.00e-02, exp_k=20.0, momentum=0.90, levels=6, niter=500, lbl_dist=10.00, avgs=4, sigma=0.5,type=2, relabel=0, neg=no

blurring input image with Gaussian with sigma=0.500...
GCAMRegisterLevel(): init RMS 0.732326
#GCMRL#   59 dt   0.000000 rms  0.732  0.091% neg 0  invalid 762 tFOTS 4.2570 tGradient 1.9160 tsec 6.5320
setting smoothness cost coefficient to 20.000

#GCAMreg# pass 0 level1 1 level2 0 tsec 0 sigma 2
l_jacobian=1.00 l_label=1.00 l_log_likelihood=0.20 l_smoothness=20.00 
tol=2.50e-01, dt=5.00e-02, exp_k=20.0, momentum=0.90, levels=6, niter=500, lbl_dist=10.00, avgs=1, sigma=2.0,type=2, relabel=0, neg=no

blurring input image with Gaussian with sigma=2.000...
GCAMRegisterLevel(): init RMS 0.775348
#GCMRL#   61 dt   0.080000 rms  0.775  0.088% neg 0  invalid 762 tFOTS 4.2900 tGradient 1.5940 tsec 6.2580
#FOTS# QuadFit found better minimum quadopt=(dt=0.112,rms=0.774566) vs oldopt=(dt=0.08,rms=0.774578)
#GCMRL#   62 dt   0.112000 rms  0.775  0.000% neg 0  invalid 762 tFOTS 4.5730 tGradient 1.7780 tsec 6.7380
#GCMRL#   63 dt   0.112000 rms  0.774  0.032% neg 0  invalid 762 tFOTS 0.0000 tGradient 1.7540 tsec 2.1040
#GCMRL#   64 dt   0.112000 rms  0.774  0.057% neg 0  invalid 762 tFOTS 0.0000 tGradient 1.5670 tsec 1.8920
#GCMRL#   65 dt   0.112000 rms  0.773  0.086% neg 0  invalid 762 tFOTS 0.0000 tGradient 1.5640 tsec 1.8890
#GCMRL#   66 dt   0.112000 rms  0.772  0.137% neg 0  invalid 762 tFOTS 0.0000 tGradient 1.7470 tsec 2.0990
#GCMRL#   67 dt   0.112000 rms  0.771  0.181% neg 0  invalid 762 tFOTS 0.0000 tGradient 1.7610 tsec 2.1230
#GCMRL#   68 dt   0.112000 rms  0.769  0.207% neg 0  invalid 762 tFOTS 0.0000 tGradient 1.6590 tsec 2.0030
#GCMRL#   69 dt   0.112000 rms  0.768  0.198% neg 0  invalid 762 tFOTS 0.0000 tGradient 1.7500 tsec 2.1060
#GCMRL#   70 dt   0.112000 rms  0.766  0.166% neg 0  invalid 762 tFOTS 0.0000 tGradient 1.7040 tsec 2.0330
#GCMRL#   71 dt   0.112000 rms  0.765  0.127% neg 0  invalid 762 tFOTS 0.0000 tGradient 1.6610 tsec 2.0050
#GCMRL#   72 dt   0.112000 rms  0.765  0.090% neg 0  invalid 762 tFOTS 0.0000 tGradient 1.7100 tsec 2.0460
#GCMRL#   73 dt   0.112000 rms  0.764  0.065% neg 0  invalid 762 tFOTS 0.0000 tGradient 1.5780 tsec 1.9510
#FOTS# QuadFit found better minimum quadopt=(dt=1.792,rms=0.761035) vs oldopt=(dt=1.28,rms=0.761395)
#GCMRL#   74 dt   1.792000 rms  0.761  0.415% neg 0  invalid 762 tFOTS 4.4020 tGradient 1.6570 tsec 6.3820
#FOTS# QuadFit found better minimum quadopt=(dt=0.112,rms=0.76067) vs oldopt=(dt=0.08,rms=0.760731)
#GCMRL#   75 dt   0.112000 rms  0.761  0.000% neg 0  invalid 762 tFOTS 4.4760 tGradient 1.5950 tsec 6.4530
#GCMRL#   76 dt   0.112000 rms  0.760  0.027% neg 0  invalid 762 tFOTS 0.0000 tGradient 1.6860 tsec 2.0130
#GCMRL#   77 dt   0.112000 rms  0.760  0.025% neg 0  invalid 762 tFOTS 0.0000 tGradient 1.6580 tsec 1.9760
#GCMRL#   78 dt   0.112000 rms  0.760  0.029% neg 0  invalid 762 tFOTS 0.0000 tGradient 1.5880 tsec 1.9120
#GCMRL#   79 dt   0.112000 rms  0.760  0.066% neg 0  invalid 762 tFOTS 0.0000 tGradient 1.5850 tsec 1.9310
#GCMRL#   80 dt   0.112000 rms  0.759  0.094% neg 0  invalid 762 tFOTS 0.0000 tGradient 1.7100 tsec 2.0720
#GCMRL#   81 dt   0.112000 rms  0.758  0.072% neg 0  invalid 762 tFOTS 0.0000 tGradient 1.7070 tsec 2.0480

#GCAMreg# pass 0 level1 1 level2 1 tsec 75.671 sigma 0.5
l_jacobian=1.00 l_label=1.00 l_log_likelihood=0.20 l_smoothness=20.00 
tol=2.50e-01, dt=5.00e-02, exp_k=20.0, momentum=0.90, levels=6, niter=500, lbl_dist=10.00, avgs=1, sigma=0.5,type=2, relabel=0, neg=no

blurring input image with Gaussian with sigma=0.500...
GCAMRegisterLevel(): init RMS 0.758919
#GCMRL#   83 dt   0.000000 rms  0.758  0.083% neg 0  invalid 762 tFOTS 4.2720 tGradient 1.6040 tsec 6.2950
resetting metric properties...
setting smoothness cost coefficient to 40.000

#GCAMreg# pass 0 level1 0 level2 0 tsec 0 sigma 2
l_jacobian=1.00 l_label=1.00 l_log_likelihood=0.20 l_smoothness=40.00 
tol=2.50e-01, dt=5.00e-02, exp_k=20.0, momentum=0.90, levels=6, niter=500, lbl_dist=10.00, avgs=0, sigma=2.0,type=2, relabel=0, neg=no

blurring input image with Gaussian with sigma=2.000...
GCAMRegisterLevel(): init RMS 0.736991
#FOTS# QuadFit found better minimum quadopt=(dt=0.218447,rms=0.73176) vs oldopt=(dt=0.32,rms=0.732464)
#GCMRL#   85 dt   0.218447 rms  0.732  0.710% neg 0  invalid 762 tFOTS 4.2300 tGradient 1.1630 tsec 5.7220
#FOTS# QuadFit found better minimum quadopt=(dt=0.024,rms=0.731512) vs oldopt=(dt=0.02,rms=0.731513)
#GCMRL#   86 dt   0.024000 rms  0.732  0.000% neg 0  invalid 762 tFOTS 4.3350 tGradient 1.1170 tsec 5.8500

#GCAMreg# pass 0 level1 0 level2 1 tsec 22.697 sigma 0.5
l_jacobian=1.00 l_label=1.00 l_log_likelihood=0.20 l_smoothness=40.00 
tol=2.50e-01, dt=5.00e-02, exp_k=20.0, momentum=0.90, levels=6, niter=500, lbl_dist=10.00, avgs=0, sigma=0.5,type=2, relabel=0, neg=no

blurring input image with Gaussian with sigma=0.500...
GCAMRegisterLevel(): init RMS 0.732159
#FOTS# QuadFit found better minimum quadopt=(dt=0.007,rms=0.731493) vs oldopt=(dt=0.005,rms=0.731496)
#GCMRL#   88 dt   0.007000 rms  0.731  0.091% neg 0  invalid 762 tFOTS 4.2040 tGradient 1.1110 tsec 5.6300
#GCMRL#   89 dt   0.001250 rms  0.731  0.000% neg 0  invalid 762 tFOTS 4.2000 tGradient 1.0960 tsec 5.6440
GCAMregister done in 8.01382 min
Starting GCAmapRenormalizeWithAlignment() without scales
renormalizing by structure alignment....
renormalizing input #0
gca peak = 0.10253 (16)
mri peak = 0.15714 ( 6)
Left_Lateral_Ventricle (4): linear fit = 0.31 x + 0.0 (639 voxels, overlap=0.006)
Left_Lateral_Ventricle (4): linear fit = 0.40 x + 0.0 (639 voxels, peak =  5), gca=6.4
gca peak = 0.17690 (16)
mri peak = 0.10587 ( 6)
Right_Lateral_Ventricle (43): linear fit = 0.37 x + 0.0 (752 voxels, overlap=0.891)
Right_Lateral_Ventricle (43): linear fit = 0.40 x + 0.0 (752 voxels, peak =  6), gca=6.4
gca peak = 0.28275 (96)
mri peak = 0.06993 (83)
Right_Pallidum (52): linear fit = 0.86 x + 0.0 (934 voxels, overlap=0.198)
Right_Pallidum (52): linear fit = 0.86 x + 0.0 (934 voxels, peak = 82), gca=82.1
gca peak = 0.18948 (93)
mri peak = 0.06790 (86)
Left_Pallidum (13): linear fit = 0.90 x + 0.0 (667 voxels, overlap=0.407)
Left_Pallidum (13): linear fit = 0.90 x + 0.0 (667 voxels, peak = 84), gca=84.2
gca peak = 0.20755 (55)
mri peak = 0.11038 (57)
Right_Hippocampus (53): linear fit = 0.96 x + 0.0 (998 voxels, overlap=0.887)
Right_Hippocampus (53): linear fit = 0.96 x + 0.0 (998 voxels, peak = 53), gca=53.1
gca peak = 0.31831 (58)
mri peak = 0.09012 (53)
Left_Hippocampus (17): linear fit = 0.92 x + 0.0 (920 voxels, overlap=0.861)
Left_Hippocampus (17): linear fit = 0.92 x + 0.0 (920 voxels, peak = 53), gca=53.1
gca peak = 0.11957 (102)
mri peak = 0.15123 (105)
Right_Cerebral_White_Matter (41): linear fit = 1.02 x + 0.0 (51128 voxels, overlap=0.490)
Right_Cerebral_White_Matter (41): linear fit = 1.02 x + 0.0 (51128 voxels, peak = 105), gca=104.5
gca peak = 0.11429 (102)
mri peak = 0.14904 (105)
Left_Cerebral_White_Matter (2): linear fit = 1.03 x + 0.0 (53846 voxels, overlap=0.597)
Left_Cerebral_White_Matter (2): linear fit = 1.03 x + 0.0 (53846 voxels, peak = 106), gca=105.6
gca peak = 0.14521 (59)
mri peak = 0.07165 (49)
Left_Cerebral_Cortex (3): linear fit = 0.80 x + 0.0 (28234 voxels, overlap=0.457)
Left_Cerebral_Cortex (3): linear fit = 0.80 x + 0.0 (28234 voxels, peak = 47), gca=46.9
gca peak = 0.14336 (58)
mri peak = 0.06483 (51)
Right_Cerebral_Cortex (42): linear fit = 0.82 x + 0.0 (28496 voxels, overlap=0.471)
Right_Cerebral_Cortex (42): linear fit = 0.82 x + 0.0 (28496 voxels, peak = 48), gca=47.8
gca peak = 0.13305 (70)
mri peak = 0.10307 (60)
Right_Caudate (50): linear fit = 0.85 x + 0.0 (557 voxels, overlap=0.068)
Right_Caudate (50): linear fit = 0.85 x + 0.0 (557 voxels, peak = 59), gca=59.2
gca peak = 0.15761 (71)
mri peak = 0.07808 (62)
Left_Caudate (11): linear fit = 0.87 x + 0.0 (984 voxels, overlap=0.204)
Left_Caudate (11): linear fit = 0.87 x + 0.0 (984 voxels, peak = 61), gca=61.4
gca peak = 0.13537 (57)
mri peak = 0.05532 (46)
Left_Cerebellum_Cortex (8): linear fit = 0.82 x + 0.0 (30168 voxels, overlap=0.312)
Left_Cerebellum_Cortex (8): linear fit = 0.82 x + 0.0 (30168 voxels, peak = 47), gca=47.0
gca peak = 0.13487 (56)
mri peak = 0.07031 (56)
Right_Cerebellum_Cortex (47): linear fit = 0.96 x + 0.0 (35385 voxels, overlap=0.562)
Right_Cerebellum_Cortex (47): linear fit = 0.96 x + 0.0 (35385 voxels, peak = 54), gca=54.0
gca peak = 0.19040 (84)
mri peak = 0.05678 (87)
Left_Cerebellum_White_Matter (7): linear fit = 1.02 x + 0.0 (9125 voxels, overlap=0.599)
Left_Cerebellum_White_Matter (7): linear fit = 1.02 x + 0.0 (9125 voxels, peak = 86), gca=86.1
gca peak = 0.18871 (83)
mri peak = 0.07534 (83)
Right_Cerebellum_White_Matter (46): linear fit = 1.01 x + 0.0 (7795 voxels, overlap=0.874)
Right_Cerebellum_White_Matter (46): linear fit = 1.01 x + 0.0 (7795 voxels, peak = 84), gca=84.2
gca peak = 0.24248 (57)
mri peak = 0.08271 (60)
Left_Amygdala (18): linear fit = 1.04 x + 0.0 (381 voxels, overlap=0.977)
Left_Amygdala (18): linear fit = 1.04 x + 0.0 (381 voxels, peak = 60), gca=59.6
gca peak = 0.35833 (56)
mri peak = 0.08081 (57)
Right_Amygdala (54): linear fit = 1.04 x + 0.0 (504 voxels, overlap=1.000)
Right_Amygdala (54): linear fit = 1.04 x + 0.0 (504 voxels, peak = 59), gca=58.5
gca peak = 0.12897 (85)
mri peak = 0.06730 (76)
Left_Thalamus (10): linear fit = 0.95 x + 0.0 (5080 voxels, overlap=0.803)
Left_Thalamus (10): linear fit = 0.95 x + 0.0 (5080 voxels, peak = 81), gca=81.2
gca peak = 0.13127 (83)
mri peak = 0.09860 (77)
Right_Thalamus (49): linear fit = 0.95 x + 0.0 (3985 voxels, overlap=0.905)
Right_Thalamus (49): linear fit = 0.95 x + 0.0 (3985 voxels, peak = 79), gca=79.3
gca peak = 0.12974 (78)
mri peak = 0.12243 (71)
Left_Putamen (12): linear fit = 0.90 x + 0.0 (2262 voxels, overlap=0.248)
Left_Putamen (12): linear fit = 0.90 x + 0.0 (2262 voxels, peak = 71), gca=70.6
gca peak = 0.17796 (79)
mri peak = 0.09974 (72)
Right_Putamen (51): linear fit = 0.88 x + 0.0 (2383 voxels, overlap=0.270)
Right_Putamen (51): linear fit = 0.88 x + 0.0 (2383 voxels, peak = 70), gca=69.9
gca peak = 0.10999 (80)
mri peak = 0.12320 (87)
Brain_Stem (16): linear fit = 1.12 x + 0.0 (10681 voxels, overlap=0.281)
Brain_Stem (16): linear fit = 1.12 x + 0.0 (10681 voxels, peak = 90), gca=90.0
gca peak = 0.13215 (88)
mri peak = 0.06533 (96)
Right_VentralDC (60): linear fit = 1.08 x + 0.0 (1142 voxels, overlap=0.365)
Right_VentralDC (60): linear fit = 1.08 x + 0.0 (1142 voxels, peak = 95), gca=94.6
gca peak = 0.11941 (89)
mri peak = 0.09537 (94)
Left_VentralDC (28): linear fit = 1.05 x + 0.0 (1484 voxels, overlap=0.419)
Left_VentralDC (28): linear fit = 1.05 x + 0.0 (1484 voxels, peak = 94), gca=93.9
gca peak = 0.20775 (25)
mri peak = 0.28577 ( 6)
gca peak = 0.13297 (21)
mri peak = 0.15970 ( 8)
Fourth_Ventricle (15): linear fit = 0.34 x + 0.0 (527 voxels, overlap=0.018)
Fourth_Ventricle (15): linear fit = 0.34 x + 0.0 (527 voxels, peak =  7), gca=7.0
gca peak Unknown = 0.94777 ( 0)
gca peak Left_Inf_Lat_Vent = 0.19087 (28)
gca peak Third_Ventricle = 0.20775 (25)
gca peak Fourth_Ventricle = 0.13297 (21)
gca peak CSF = 0.16821 (33)
gca peak Left_Accumbens_area = 0.32850 (63)
gca peak Left_undetermined = 0.98480 (28)
gca peak Left_vessel = 0.40887 (53)
gca peak Left_choroid_plexus = 0.10898 (46)
gca peak Right_Inf_Lat_Vent = 0.17798 (26)
gca peak Right_Accumbens_area = 0.30137 (64)
gca peak Right_vessel = 0.47828 (52)
gca peak Right_choroid_plexus = 0.11612 (45)
gca peak Fifth_Ventricle = 0.59466 (35)
gca peak WM_hypointensities = 0.10053 (78)
gca peak non_WM_hypointensities = 0.07253 (60)
gca peak Optic_Chiasm = 0.25330 (73)
not using caudate to estimate GM means
estimating mean gm scale to be 0.93 x + 0.0
estimating mean wm scale to be 1.03 x + 0.0
estimating mean csf scale to be 0.40 x + 0.0
saving intensity scales to talairach.label_intensities.txt
GCAmapRenormalizeWithAlignment() took 3.4097 min
noneg pre
Starting GCAMregister()
label assignment complete, 0 changed (0.00%)
npasses = 1, nlevels = 6
#pass# 1 of 1 ************************
enabling zero nodes
setting smoothness cost coefficient to 0.008

#GCAMreg# pass 0 level1 5 level2 0 tsec 0 sigma 2
l_jacobian=1.00 l_label=1.00 l_log_likelihood=0.20 l_smoothness=0.01 
tol=5.00e-02, dt=5.00e-02, exp_k=20.0, momentum=0.90, levels=6, niter=500, lbl_dist=10.00, avgs=256, sigma=2.0,type=2, relabel=0, neg=no

blurring input image with Gaussian with sigma=2.000...
GCAMRegisterLevel(): init RMS 0.772522
#FOTS# QuadFit found better minimum quadopt=(dt=227.794,rms=0.752059) vs oldopt=(dt=369.92,rms=0.757229)
#GCMRL#   91 dt 227.793742 rms  0.752  2.649% neg 0  invalid 762 tFOTS 4.4420 tGradient 3.0790 tsec 7.8490
#FOTS# QuadFit found better minimum quadopt=(dt=254.66,rms=0.7431) vs oldopt=(dt=369.92,rms=0.744698)
#GCMRL#   92 dt 254.659686 rms  0.743  1.191% neg 0  invalid 762 tFOTS 4.3930 tGradient 3.1100 tsec 7.8260
#FOTS# QuadFit found better minimum quadopt=(dt=110.976,rms=0.73982) vs oldopt=(dt=92.48,rms=0.739917)
#GCMRL#   93 dt 110.976000 rms  0.740  0.441% neg 0  invalid 762 tFOTS 4.4310 tGradient 2.8650 tsec 7.6450
#FOTS# QuadFit found better minimum quadopt=(dt=517.888,rms=0.732487) vs oldopt=(dt=369.92,rms=0.733733)
#GCMRL#   94 dt 517.888000 rms  0.732  0.991% neg 0  invalid 762 tFOTS 4.8400 tGradient 3.5370 tsec 8.7240
#GCMRL#   95 dt  92.480000 rms  0.731  0.213% neg 0  invalid 762 tFOTS 4.6800 tGradient 3.3630 tsec 8.3690
#GCMRL#   96 dt 1479.680000 rms  0.723  1.025% neg 0  invalid 762 tFOTS 4.6860 tGradient 3.4400 tsec 8.5160
#FOTS# QuadFit found better minimum quadopt=(dt=141.373,rms=0.720395) vs oldopt=(dt=92.48,rms=0.720985)
#GCMRL#   97 dt 141.373134 rms  0.720  0.420% neg 0  invalid 762 tFOTS 5.0650 tGradient 3.3290 tsec 8.7300
#FOTS# QuadFit found better minimum quadopt=(dt=517.888,rms=0.718895) vs oldopt=(dt=369.92,rms=0.719161)
#GCMRL#   98 dt 517.888000 rms  0.719  0.208% neg 0  invalid 762 tFOTS 4.5000 tGradient 3.2710 tsec 8.1540
#FOTS# QuadFit found better minimum quadopt=(dt=129.472,rms=0.717531) vs oldopt=(dt=92.48,rms=0.717801)
#GCMRL#   99 dt 129.472000 rms  0.718  0.190% neg 0  invalid 762 tFOTS 4.7150 tGradient 3.3900 tsec 8.4280
#FOTS# QuadFit found better minimum quadopt=(dt=221.952,rms=0.717221) vs oldopt=(dt=369.92,rms=0.717305)
#GCMRL#  100 dt 221.952000 rms  0.717  0.000% neg 0  invalid 762 tFOTS 4.4600 tGradient 3.0900 tsec 7.9260
#GCMRL#  101 dt 221.952000 rms  0.716  0.163% neg 0  invalid 762 tFOTS 0.0000 tGradient 3.4940 tsec 3.8230
#GCMRL#  102 dt 221.952000 rms  0.715  0.162% neg 0  invalid 762 tFOTS 0.0000 tGradient 3.1960 tsec 3.5060
#GCMRL#  103 dt 221.952000 rms  0.714  0.165% neg 0  invalid 762 tFOTS 0.0000 tGradient 3.2070 tsec 3.5120
#GCMRL#  104 dt 221.952000 rms  0.711  0.336% neg 0  invalid 762 tFOTS 0.0000 tGradient 3.5740 tsec 3.9370
#GCMRL#  105 dt 221.952000 rms  0.709  0.263% neg 0  invalid 762 tFOTS 0.0000 tGradient 3.6370 tsec 4.0510
#GCMRL#  106 dt 221.952000 rms  0.708  0.213% neg 0  invalid 762 tFOTS 0.0000 tGradient 3.5850 tsec 3.8900
#GCMRL#  107 dt 221.952000 rms  0.706  0.277% neg 0  invalid 762 tFOTS 0.0000 tGradient 3.2380 tsec 3.5400
#GCMRL#  108 dt 221.952000 rms  0.704  0.235% neg 0  invalid 762 tFOTS 0.0000 tGradient 3.2850 tsec 3.6580
#GCMRL#  109 dt 221.952000 rms  0.703  0.228% neg 0  invalid 762 tFOTS 0.0000 tGradient 3.3080 tsec 3.6270
#GCMRL#  110 dt 221.952000 rms  0.701  0.210% neg 0  invalid 762 tFOTS 0.0000 tGradient 3.2970 tsec 3.6140
#GCMRL#  111 dt 221.952000 rms  0.700  0.210% neg 0  invalid 762 tFOTS 0.0000 tGradient 3.5080 tsec 3.8830
#GCMRL#  112 dt 221.952000 rms  0.698  0.202% neg 0  invalid 762 tFOTS 0.0000 tGradient 3.4770 tsec 3.7940
#GCMRL#  113 dt 221.952000 rms  0.697  0.172% neg 0  invalid 762 tFOTS 0.0000 tGradient 3.2930 tsec 3.6090
#GCMRL#  114 dt 221.952000 rms  0.696  0.183% neg 0  invalid 762 tFOTS 0.0000 tGradient 3.2680 tsec 3.5900
#GCMRL#  115 dt 221.952000 rms  0.695  0.174% neg 0  invalid 762 tFOTS 0.0000 tGradient 3.8990 tsec 4.2590
#GCMRL#  116 dt 221.952000 rms  0.694  0.145% neg 0  invalid 762 tFOTS 0.0000 tGradient 3.3720 tsec 3.6980
#GCMRL#  117 dt 221.952000 rms  0.693  0.124% neg 0  invalid 762 tFOTS 0.0000 tGradient 3.2850 tsec 3.6130
#GCMRL#  118 dt 221.952000 rms  0.692  0.135% neg 0  invalid 762 tFOTS 0.0000 tGradient 3.4150 tsec 3.8060
#GCMRL#  119 dt 221.952000 rms  0.691  0.126% neg 0  invalid 762 tFOTS 0.0000 tGradient 3.4950 tsec 3.8270
#GCMRL#  120 dt 221.952000 rms  0.690  0.113% neg 0  invalid 762 tFOTS 0.0000 tGradient 3.2790 tsec 3.5910
#GCMRL#  121 dt 221.952000 rms  0.689  0.128% neg 0  invalid 762 tFOTS 0.0000 tGradient 3.1630 tsec 3.5120
#GCMRL#  122 dt 221.952000 rms  0.689  0.114% neg 0  invalid 762 tFOTS 0.0000 tGradient 3.0370 tsec 3.3420
#GCMRL#  123 dt 221.952000 rms  0.688  0.090% neg 0  invalid 762 tFOTS 0.0000 tGradient 3.0510 tsec 3.3630
#GCMRL#  124 dt 221.952000 rms  0.687  0.113% neg 0  invalid 762 tFOTS 0.0000 tGradient 3.1320 tsec 3.4430
#GCMRL#  125 dt 221.952000 rms  0.686  0.119% neg 0  invalid 762 tFOTS 0.0000 tGradient 3.3720 tsec 3.6710
#GCMRL#  126 dt 221.952000 rms  0.686  0.103% neg 0  invalid 762 tFOTS 0.0000 tGradient 3.2610 tsec 3.5960
#GCMRL#  127 dt 221.952000 rms  0.685  0.114% neg 0  invalid 762 tFOTS 0.0000 tGradient 3.2050 tsec 3.5190
#GCMRL#  128 dt 221.952000 rms  0.684  0.118% neg 0  invalid 762 tFOTS 0.0000 tGradient 3.1230 tsec 3.4180
#GCMRL#  129 dt 221.952000 rms  0.683  0.100% neg 0  invalid 762 tFOTS 0.0000 tGradient 3.2780 tsec 3.6200
#GCMRL#  130 dt 221.952000 rms  0.683  0.107% neg 0  invalid 762 tFOTS 0.0000 tGradient 3.3430 tsec 3.6770
#GCMRL#  131 dt 221.952000 rms  0.682  0.134% neg 0  invalid 762 tFOTS 0.0000 tGradient 3.2960 tsec 3.6010
#GCMRL#  132 dt 221.952000 rms  0.681  0.150% neg 0  invalid 762 tFOTS 0.0000 tGradient 3.1430 tsec 3.4430
#GCMRL#  133 dt 221.952000 rms  0.680  0.138% neg 0  invalid 762 tFOTS 0.0000 tGradient 3.2010 tsec 3.5670
#GCMRL#  134 dt 221.952000 rms  0.679  0.137% neg 0  invalid 762 tFOTS 0.0000 tGradient 3.3450 tsec 3.6610
#GCMRL#  135 dt 221.952000 rms  0.678  0.113% neg 0  invalid 762 tFOTS 0.0000 tGradient 3.2870 tsec 3.5930
#GCMRL#  136 dt 221.952000 rms  0.677  0.101% neg 0  invalid 762 tFOTS 0.0000 tGradient 3.2960 tsec 3.6560
#GCMRL#  137 dt 221.952000 rms  0.677  0.088% neg 0  invalid 762 tFOTS 0.0000 tGradient 3.2060 tsec 3.5190
#GCMRL#  138 dt 221.952000 rms  0.676  0.073% neg 0  invalid 762 tFOTS 0.0000 tGradient 3.2020 tsec 3.5850
#GCMRL#  139 dt 221.952000 rms  0.676  0.061% neg 0  invalid 762 tFOTS 0.0000 tGradient 3.2550 tsec 3.5610
#GCMRL#  140 dt 221.952000 rms  0.676  0.051% neg 0  invalid 762 tFOTS 0.0000 tGradient 3.4310 tsec 3.7660
#GCMRL#  141 dt 221.952000 rms  0.675  0.063% neg 0  invalid 762 tFOTS 0.0000 tGradient 3.3700 tsec 3.6740
#GCMRL#  142 dt 221.952000 rms  0.675  0.063% neg 0  invalid 762 tFOTS 0.0000 tGradient 3.2370 tsec 3.5380
#GCMRL#  143 dt 221.952000 rms  0.674  0.067% neg 0  invalid 762 tFOTS 0.0000 tGradient 3.1620 tsec 3.4610
#GCMRL#  144 dt 221.952000 rms  0.674  0.065% neg 0  invalid 762 tFOTS 0.0000 tGradient 3.1410 tsec 3.4420
#GCMRL#  145 dt 221.952000 rms  0.673  0.068% neg 0  invalid 762 tFOTS 0.0000 tGradient 3.1450 tsec 3.4430
#GCMRL#  146 dt 221.952000 rms  0.673  0.066% neg 0  invalid 762 tFOTS 0.0000 tGradient 3.1270 tsec 3.4290
#GCMRL#  147 dt 221.952000 rms  0.672  0.057% neg 0  invalid 762 tFOTS 0.0000 tGradient 3.1700 tsec 3.4960
#GCMRL#  148 dt 221.952000 rms  0.672  0.062% neg 0  invalid 762 tFOTS 0.0000 tGradient 3.1500 tsec 3.4520
#GCMRL#  149 dt 221.952000 rms  0.672  0.064% neg 0  invalid 762 tFOTS 0.0000 tGradient 3.0720 tsec 3.3740
#GCMRL#  150 dt 221.952000 rms  0.671  0.057% neg 0  invalid 762 tFOTS 0.0000 tGradient 3.2070 tsec 3.5090
#GCMRL#  151 dt 221.952000 rms  0.671  0.049% neg 0  invalid 762 tFOTS 0.0000 tGradient 3.1170 tsec 3.4570
#GCMRL#  152 dt 221.952000 rms  0.671  0.045% neg 0  invalid 762 tFOTS 0.0000 tGradient 3.4200 tsec 3.7500
#GCMRL#  153 dt 221.952000 rms  0.670  0.031% neg 0  invalid 762 tFOTS 0.0000 tGradient 3.1370 tsec 3.4480
#GCMRL#  154 dt 221.952000 rms  0.670  0.030% neg 0  invalid 762 tFOTS 0.0000 tGradient 2.7910 tsec 3.1020
#GCMRL#  155 dt 221.952000 rms  0.670  0.043% neg 0  invalid 762 tFOTS 0.0000 tGradient 2.9100 tsec 3.2180
#GCMRL#  156 dt 221.952000 rms  0.670  0.043% neg 0  invalid 762 tFOTS 0.0000 tGradient 2.8250 tsec 3.1400
#GCMRL#  157 dt 221.952000 rms  0.669  0.044% neg 0  invalid 762 tFOTS 0.0000 tGradient 2.9960 tsec 3.3130
#GCMRL#  158 dt 221.952000 rms  0.669  0.050% neg 0  invalid 762 tFOTS 0.0000 tGradient 2.8890 tsec 3.2090
#GCMRL#  159 dt 221.952000 rms  0.669  0.046% neg 0  invalid 762 tFOTS 0.0000 tGradient 2.8460 tsec 3.1610
#GCMRL#  160 dt 221.952000 rms  0.668  0.034% neg 0  invalid 762 tFOTS 0.0000 tGradient 2.9100 tsec 3.2280
#GCMRL#  161 dt 221.952000 rms  0.668  0.027% neg 0  invalid 762 tFOTS 0.0000 tGradient 2.8090 tsec 3.1260
#GCMRL#  162 dt 221.952000 rms  0.668  0.031% neg 0  invalid 762 tFOTS 0.0000 tGradient 3.1710 tsec 3.4880
#GCMRL#  163 dt 221.952000 rms  0.668  0.029% neg 0  invalid 762 tFOTS 0.0000 tGradient 3.2710 tsec 3.5810
#GCMRL#  164 dt 221.952000 rms  0.668  0.030% neg 0  invalid 762 tFOTS 0.0000 tGradient 3.3260 tsec 3.6430
#GCMRL#  165 dt 221.952000 rms  0.667  0.032% neg 0  invalid 762 tFOTS 0.0000 tGradient 3.5430 tsec 3.9110
#GCMRL#  166 dt 221.952000 rms  0.667  0.028% neg 0  invalid 762 tFOTS 0.0000 tGradient 3.5640 tsec 3.8970
#GCMRL#  167 dt 221.952000 rms  0.667  0.032% neg 0  invalid 762 tFOTS 0.0000 tGradient 3.1420 tsec 3.4810
#GCMRL#  168 dt 221.952000 rms  0.667  0.034% neg 0  invalid 762 tFOTS 0.0000 tGradient 3.1430 tsec 3.5010
#GCMRL#  169 dt 221.952000 rms  0.667  0.026% neg 0  invalid 762 tFOTS 0.0000 tGradient 3.4460 tsec 3.8480
#GCMRL#  170 dt 221.952000 rms  0.667  0.024% neg 0  invalid 762 tFOTS 0.0000 tGradient 3.3320 tsec 3.6660
#GCMRL#  171 dt 221.952000 rms  0.666  0.025% neg 0  invalid 762 tFOTS 0.0000 tGradient 3.4900 tsec 3.8650
#GCMRL#  172 dt 221.952000 rms  0.666  0.023% neg 0  invalid 762 tFOTS 0.0000 tGradient 3.5250 tsec 3.9140
#GCMRL#  173 dt 221.952000 rms  0.666  0.022% neg 0  invalid 762 tFOTS 0.0000 tGradient 3.3930 tsec 3.7490
#FOTS# QuadFit found better minimum quadopt=(dt=517.888,rms=0.666058) vs oldopt=(dt=369.92,rms=0.66606)
#GCMRL#  174 dt 517.888000 rms  0.666  0.000% neg 0  invalid 762 tFOTS 5.1810 tGradient 3.4040 tsec 9.0010
#GCMRL#  175 dt 517.888000 rms  0.666  0.019% neg 0  invalid 762 tFOTS 0.0000 tGradient 3.2500 tsec 3.5730

#GCAMreg# pass 0 level1 5 level2 1 tsec 369.291 sigma 0.5
l_jacobian=1.00 l_label=1.00 l_log_likelihood=0.20 l_smoothness=0.01 
tol=5.00e-02, dt=5.00e-02, exp_k=20.0, momentum=0.90, levels=6, niter=500, lbl_dist=10.00, avgs=256, sigma=0.5,type=2, relabel=0, neg=no

blurring input image with Gaussian with sigma=0.500...
GCAMRegisterLevel(): init RMS 0.66677
#FOTS# QuadFit found better minimum quadopt=(dt=129.472,rms=0.665716) vs oldopt=(dt=92.48,rms=0.665755)
#GCMRL#  177 dt 129.472000 rms  0.666  0.158% neg 0  invalid 762 tFOTS 4.6560 tGradient 3.1150 tsec 8.1470
#FOTS# QuadFit found better minimum quadopt=(dt=517.888,rms=0.664912) vs oldopt=(dt=369.92,rms=0.665058)
#GCMRL#  178 dt 517.888000 rms  0.665  0.121% neg 0  invalid 762 tFOTS 4.6220 tGradient 3.0760 tsec 8.0600
#FOTS# QuadFit found better minimum quadopt=(dt=73.984,rms=0.664904) vs oldopt=(dt=92.48,rms=0.664905)
#GCMRL#  179 dt  73.984000 rms  0.665  0.000% neg 0  invalid 762 tFOTS 4.3080 tGradient 3.1110 tsec 7.8130
#GCMRL#  180 dt  73.984000 rms  0.665  0.003% neg 0  invalid 762 tFOTS 0.0000 tGradient 2.9840 tsec 3.2910
#GCMRL#  181 dt  73.984000 rms  0.665  0.007% neg 0  invalid 762 tFOTS 0.0000 tGradient 3.3070 tsec 3.6210
#GCMRL#  182 dt  73.984000 rms  0.665  0.011% neg 0  invalid 762 tFOTS 0.0000 tGradient 3.1650 tsec 3.5350
#GCMRL#  183 dt  73.984000 rms  0.665  0.014% neg 0  invalid 762 tFOTS 0.0000 tGradient 3.0270 tsec 3.3320
#GCMRL#  184 dt  73.984000 rms  0.665  0.018% neg 0  invalid 762 tFOTS 0.0000 tGradient 3.0520 tsec 3.3780
#GCMRL#  185 dt  73.984000 rms  0.664  0.020% neg 0  invalid 762 tFOTS 0.0000 tGradient 2.8910 tsec 3.2240
#GCMRL#  186 dt  73.984000 rms  0.664  0.019% neg 0  invalid 762 tFOTS 0.0000 tGradient 2.8870 tsec 3.1890
#GCMRL#  187 dt  73.984000 rms  0.664  0.016% neg 0  invalid 762 tFOTS 0.0000 tGradient 3.1370 tsec 3.5150
#FOTS# QuadFit found better minimum quadopt=(dt=1775.62,rms=0.66387) vs oldopt=(dt=1479.68,rms=0.663882)
#GCMRL#  188 dt 1775.616000 rms  0.664  0.048% neg 0  invalid 762 tFOTS 4.8110 tGradient 3.1350 tsec 8.2760
#FOTS# QuadFit found better minimum quadopt=(dt=110.976,rms=0.663765) vs oldopt=(dt=92.48,rms=0.663768)
setting smoothness cost coefficient to 0.031

#GCAMreg# pass 0 level1 4 level2 0 tsec 0 sigma 2
l_jacobian=1.00 l_label=1.00 l_log_likelihood=0.20 l_smoothness=0.03 
tol=5.00e-02, dt=5.00e-02, exp_k=20.0, momentum=0.90, levels=6, niter=500, lbl_dist=10.00, avgs=64, sigma=2.0,type=2, relabel=0, neg=no

blurring input image with Gaussian with sigma=2.000...
GCAMRegisterLevel(): init RMS 0.667156
#FOTS# QuadFit found better minimum quadopt=(dt=331.776,rms=0.657683) vs oldopt=(dt=414.72,rms=0.658723)
#GCMRL#  190 dt 331.776000 rms  0.658  1.420% neg 0  invalid 762 tFOTS 4.2580 tGradient 2.6680 tsec 7.2570
#FOTS# QuadFit found better minimum quadopt=(dt=111.267,rms=0.649011) vs oldopt=(dt=103.68,rms=0.649049)
#GCMRL#  191 dt 111.266846 rms  0.649  1.318% neg 0  invalid 762 tFOTS 4.6510 tGradient 2.4970 tsec 7.5990
#FOTS# QuadFit found better minimum quadopt=(dt=84.4426,rms=0.645654) vs oldopt=(dt=103.68,rms=0.645835)
#GCMRL#  192 dt  84.442589 rms  0.646  0.517% neg 0  invalid 762 tFOTS 4.5940 tGradient 2.2600 tsec 7.2550
#FOTS# QuadFit found better minimum quadopt=(dt=145.152,rms=0.642682) vs oldopt=(dt=103.68,rms=0.642915)
#GCMRL#  193 dt 145.152000 rms  0.643  0.460% neg 0  invalid 762 tFOTS 4.6920 tGradient 2.8990 tsec 7.9710
#FOTS# QuadFit found better minimum quadopt=(dt=69.7554,rms=0.639886) vs oldopt=(dt=103.68,rms=0.640484)
#GCMRL#  194 dt  69.755396 rms  0.640  0.435% neg 0  invalid 762 tFOTS 4.4430 tGradient 2.3660 tsec 7.1530
#FOTS# QuadFit found better minimum quadopt=(dt=124.416,rms=0.637757) vs oldopt=(dt=103.68,rms=0.63782)
#GCMRL#  195 dt 124.416000 rms  0.638  0.333% neg 0  invalid 762 tFOTS 4.7550 tGradient 2.4480 tsec 7.5360
#FOTS# QuadFit found better minimum quadopt=(dt=67.6746,rms=0.635656) vs oldopt=(dt=103.68,rms=0.636169)
#GCMRL#  196 dt  67.674641 rms  0.636  0.329% neg 0  invalid 762 tFOTS 4.6810 tGradient 2.4710 tsec 7.4910
#GCMRL#  197 dt 103.680000 rms  0.634  0.255% neg 0  invalid 762 tFOTS 4.6140 tGradient 2.7060 tsec 7.6570
#FOTS# QuadFit found better minimum quadopt=(dt=81.5484,rms=0.63229) vs oldopt=(dt=103.68,rms=0.632407)
#GCMRL#  198 dt  81.548387 rms  0.632  0.275% neg 0  invalid 762 tFOTS 4.6360 tGradient 2.3710 tsec 7.3360
#FOTS# QuadFit found better minimum quadopt=(dt=82.087,rms=0.630976) vs oldopt=(dt=103.68,rms=0.631065)
#GCMRL#  199 dt  82.086957 rms  0.631  0.208% neg 0  invalid 762 tFOTS 4.5290 tGradient 2.3970 tsec 7.3060
#FOTS# QuadFit found better minimum quadopt=(dt=99.0968,rms=0.629375) vs oldopt=(dt=103.68,rms=0.629381)
#GCMRL#  200 dt  99.096774 rms  0.629  0.254% neg 0  invalid 762 tFOTS 4.8870 tGradient 2.6430 tsec 7.9280
#FOTS# QuadFit found better minimum quadopt=(dt=65.2355,rms=0.628129) vs oldopt=(dt=103.68,rms=0.628485)
#GCMRL#  201 dt  65.235521 rms  0.628  0.198% neg 0  invalid 762 tFOTS 4.6580 tGradient 2.6890 tsec 7.7560
#FOTS# QuadFit found better minimum quadopt=(dt=145.152,rms=0.626411) vs oldopt=(dt=103.68,rms=0.626543)
#GCMRL#  202 dt 145.152000 rms  0.626  0.274% neg 0  invalid 762 tFOTS 4.3510 tGradient 2.5660 tsec 7.2810
#FOTS# QuadFit found better minimum quadopt=(dt=36.288,rms=0.625311) vs oldopt=(dt=25.92,rms=0.625527)
#GCMRL#  203 dt  36.288000 rms  0.625  0.176% neg 0  invalid 762 tFOTS 4.4600 tGradient 2.2870 tsec 7.1080
#GCMRL#  204 dt 414.720000 rms  0.622  0.457% neg 0  invalid 762 tFOTS 4.5770 tGradient 2.5400 tsec 7.4730
#FOTS# QuadFit found better minimum quadopt=(dt=62.7925,rms=0.61964) vs oldopt=(dt=25.92,rms=0.620278)
#GCMRL#  205 dt  62.792453 rms  0.620  0.452% neg 0  invalid 762 tFOTS 4.8450 tGradient 2.2930 tsec 7.5220
#FOTS# QuadFit found better minimum quadopt=(dt=66.1333,rms=0.618758) vs oldopt=(dt=103.68,rms=0.618996)
#GCMRL#  206 dt  66.133333 rms  0.619  0.142% neg 0  invalid 762 tFOTS 4.3650 tGradient 2.7530 tsec 7.4510
#FOTS# QuadFit found better minimum quadopt=(dt=145.152,rms=0.617457) vs oldopt=(dt=103.68,rms=0.617605)
#GCMRL#  207 dt 145.152000 rms  0.617  0.210% neg 0  invalid 762 tFOTS 4.7090 tGradient 2.6880 tsec 7.7520
#FOTS# QuadFit found better minimum quadopt=(dt=36.288,rms=0.616769) vs oldopt=(dt=25.92,rms=0.616906)
#GCMRL#  208 dt  36.288000 rms  0.617  0.111% neg 0  invalid 762 tFOTS 4.1980 tGradient 2.4220 tsec 6.9840
#FOTS# QuadFit found better minimum quadopt=(dt=497.664,rms=0.614203) vs oldopt=(dt=414.72,rms=0.614297)
#GCMRL#  209 dt 497.664000 rms  0.614  0.416% neg 0  invalid 762 tFOTS 4.4250 tGradient 2.2900 tsec 7.0760
#FOTS# QuadFit found better minimum quadopt=(dt=60,rms=0.611872) vs oldopt=(dt=25.92,rms=0.612368)
#GCMRL#  210 dt  60.000000 rms  0.612  0.380% neg 0  invalid 762 tFOTS 4.7450 tGradient 2.4730 tsec 7.5960
#FOTS# QuadFit found better minimum quadopt=(dt=36.288,rms=0.611437) vs oldopt=(dt=25.92,rms=0.611519)
#GCMRL#  211 dt  36.288000 rms  0.611  0.071% neg 0  invalid 762 tFOTS 4.7020 tGradient 2.2920 tsec 7.3430
#FOTS# QuadFit found better minimum quadopt=(dt=580.608,rms=0.608689) vs oldopt=(dt=414.72,rms=0.609161)
#GCMRL#  212 dt 580.608000 rms  0.609  0.449% neg 0  invalid 762 tFOTS 4.8320 tGradient 2.4620 tsec 7.6280
#FOTS# QuadFit found better minimum quadopt=(dt=36.288,rms=0.607119) vs oldopt=(dt=25.92,rms=0.607398)
#GCMRL#  213 dt  36.288000 rms  0.607  0.258% neg 0  invalid 762 tFOTS 4.8430 tGradient 2.1710 tsec 7.4000
#FOTS# QuadFit found better minimum quadopt=(dt=248.832,rms=0.605932) vs oldopt=(dt=414.72,rms=0.606312)
#GCMRL#  214 dt 248.832000 rms  0.606  0.196% neg 0  invalid 762 tFOTS 4.6790 tGradient 2.7460 tsec 7.7890
#FOTS# QuadFit found better minimum quadopt=(dt=36.288,rms=0.605272) vs oldopt=(dt=25.92,rms=0.605377)
#GCMRL#  215 dt  36.288000 rms  0.605  0.109% neg 0  invalid 762 tFOTS 4.2630 tGradient 2.6730 tsec 7.2590
#FOTS# QuadFit found better minimum quadopt=(dt=145.152,rms=0.604715) vs oldopt=(dt=103.68,rms=0.604817)
#GCMRL#  216 dt 145.152000 rms  0.605  0.092% neg 0  invalid 762 tFOTS 4.7430 tGradient 2.5960 tsec 7.7560
#GCMRL#  217 dt 103.680000 rms  0.604  0.117% neg 0  invalid 762 tFOTS 4.7400 tGradient 2.3750 tsec 7.5320
#FOTS# QuadFit found better minimum quadopt=(dt=36.288,rms=0.603725) vs oldopt=(dt=25.92,rms=0.603781)
#GCMRL#  218 dt  36.288000 rms  0.604  0.000% neg 0  invalid 762 tFOTS 4.7270 tGradient 2.6530 tsec 7.7500
#GCMRL#  219 dt  36.288000 rms  0.604  0.033% neg 0  invalid 762 tFOTS 0.0000 tGradient 2.4020 tsec 2.7360
#GCMRL#  220 dt  36.288000 rms  0.603  0.054% neg 0  invalid 762 tFOTS 0.0000 tGradient 2.6320 tsec 3.0300
#GCMRL#  221 dt  36.288000 rms  0.603  0.082% neg 0  invalid 762 tFOTS 0.0000 tGradient 2.8020 tsec 3.1250
#GCMRL#  222 dt  36.288000 rms  0.602  0.107% neg 0  invalid 762 tFOTS 0.0000 tGradient 2.7750 tsec 3.1610
#GCMRL#  223 dt  36.288000 rms  0.601  0.124% neg 0  invalid 762 tFOTS 0.0000 tGradient 2.6840 tsec 3.0090
#GCMRL#  224 dt  36.288000 rms  0.601  0.132% neg 0  invalid 762 tFOTS 0.0000 tGradient 2.5430 tsec 2.8890
#GCMRL#  225 dt  36.288000 rms  0.600  0.141% neg 0  invalid 762 tFOTS 0.0000 tGradient 2.7880 tsec 3.1540
#GCMRL#  226 dt  36.288000 rms  0.599  0.149% neg 0  invalid 762 tFOTS 0.0000 tGradient 2.7550 tsec 3.1220
#GCMRL#  227 dt  36.288000 rms  0.598  0.157% neg 0  invalid 762 tFOTS 0.0000 tGradient 2.4400 tsec 2.7720
#GCMRL#  228 dt  36.288000 rms  0.597  0.162% neg 0  invalid 762 tFOTS 0.0000 tGradient 2.6780 tsec 3.0570
#GCMRL#  229 dt  36.288000 rms  0.596  0.161% neg 0  invalid 762 tFOTS 0.0000 tGradient 2.5440 tsec 2.8690
#GCMRL#  230 dt  36.288000 rms  0.595  0.162% neg 0  invalid 762 tFOTS 0.0000 tGradient 2.2890 tsec 2.6800
#GCMRL#  231 dt  36.288000 rms  0.594  0.162% neg 0  invalid 762 tFOTS 0.0000 tGradient 2.6530 tsec 3.0170
#GCMRL#  232 dt  36.288000 rms  0.593  0.160% neg 0  invalid 762 tFOTS 0.0000 tGradient 2.8470 tsec 3.1840
#GCMRL#  233 dt  36.288000 rms  0.592  0.150% neg 0  invalid 762 tFOTS 0.0000 tGradient 2.8590 tsec 3.2280
#GCMRL#  234 dt  36.288000 rms  0.591  0.141% neg 0  invalid 762 tFOTS 0.0000 tGradient 2.7910 tsec 3.1490
#GCMRL#  235 dt  36.288000 rms  0.591  0.131% neg 0  invalid 762 tFOTS 0.0000 tGradient 2.9340 tsec 3.2770
#GCMRL#  236 dt  36.288000 rms  0.590  0.127% neg 0  invalid 762 tFOTS 0.0000 tGradient 2.6780 tsec 3.0260
#GCMRL#  237 dt  36.288000 rms  0.589  0.119% neg 0  invalid 762 tFOTS 0.0000 tGradient 2.6350 tsec 2.9790
#GCMRL#  238 dt  36.288000 rms  0.588  0.114% neg 0  invalid 762 tFOTS 0.0000 tGradient 2.7080 tsec 3.0440
#GCMRL#  239 dt  36.288000 rms  0.588  0.107% neg 0  invalid 762 tFOTS 0.0000 tGradient 2.6060 tsec 2.9100
#GCMRL#  240 dt  36.288000 rms  0.588  0.009% neg 0  invalid 762 tFOTS 0.0000 tGradient 2.5010 tsec 2.9730
#GCMRL#  241 dt  36.288000 rms  0.588  0.020% neg 0  invalid 762 tFOTS 0.0000 tGradient 2.5220 tsec 2.8250
#GCMRL#  242 dt  36.288000 rms  0.587  0.020% neg 0  invalid 762 tFOTS 0.0000 tGradient 2.5240 tsec 2.8970
#FOTS# QuadFit found better minimum quadopt=(dt=1990.66,rms=0.586247) vs oldopt=(dt=1658.88,rms=0.586273)
#GCMRL#  243 dt 1990.656000 rms  0.586  0.211% neg 0  invalid 762 tFOTS 4.3780 tGradient 2.4500 tsec 7.1930
#FOTS# QuadFit found better minimum quadopt=(dt=36.288,rms=0.585111) vs oldopt=(dt=25.92,rms=0.585342)
#GCMRL#  244 dt  36.288000 rms  0.585  0.194% neg 0  invalid 762 tFOTS 4.6130 tGradient 2.4940 tsec 7.4410
#FOTS# QuadFit found better minimum quadopt=(dt=145.152,rms=0.584508) vs oldopt=(dt=103.68,rms=0.584542)
#GCMRL#  245 dt 145.152000 rms  0.585  0.103% neg 0  invalid 762 tFOTS 4.1830 tGradient 2.0610 tsec 6.5740
#FOTS# QuadFit found better minimum quadopt=(dt=36.288,rms=0.58444) vs oldopt=(dt=25.92,rms=0.584447)
#GCMRL#  246 dt  36.288000 rms  0.584  0.000% neg 0  invalid 762 tFOTS 4.1850 tGradient 2.1720 tsec 6.7150
#GCMRL#  247 dt  36.288000 rms  0.584  0.005% neg 0  invalid 762 tFOTS 0.0000 tGradient 2.1440 tsec 2.4620
#GCMRL#  248 dt  36.288000 rms  0.584  0.008% neg 0  invalid 762 tFOTS 0.0000 tGradient 2.5730 tsec 2.8760
#GCMRL#  249 dt  36.288000 rms  0.584  0.015% neg 0  invalid 762 tFOTS 0.0000 tGradient 2.3790 tsec 2.6850
#GCMRL#  250 dt  36.288000 rms  0.584  0.027% neg 0  invalid 762 tFOTS 0.0000 tGradient 2.4160 tsec 2.7270
#GCMRL#  251 dt  36.288000 rms  0.584  0.039% neg 0  invalid 762 tFOTS 0.0000 tGradient 2.2160 tsec 2.5510
#GCMRL#  252 dt  36.288000 rms  0.584  0.046% neg 0  invalid 762 tFOTS 0.0000 tGradient 2.4950 tsec 2.7920
#GCMRL#  253 dt  36.288000 rms  0.583  0.047% neg 0  invalid 762 tFOTS 0.0000 tGradient 2.3810 tsec 2.6890
#GCMRL#  254 dt  36.288000 rms  0.583  0.046% neg 0  invalid 762 tFOTS 0.0000 tGradient 2.3720 tsec 2.6810
#GCMRL#  255 dt  36.288000 rms  0.583  0.045% neg 0  invalid 762 tFOTS 0.0000 tGradient 2.5850 tsec 2.9060
#GCMRL#  256 dt  36.288000 rms  0.583  0.047% neg 0  invalid 762 tFOTS 0.0000 tGradient 2.5920 tsec 2.9470
#GCMRL#  257 dt  36.288000 rms  0.582  0.044% neg 0  invalid 762 tFOTS 0.0000 tGradient 2.6420 tsec 2.9700
#GCMRL#  258 dt  36.288000 rms  0.582  0.052% neg 0  invalid 762 tFOTS 0.0000 tGradient 2.6040 tsec 2.9380
#GCMRL#  259 dt  36.288000 rms  0.582  0.052% neg 0  invalid 762 tFOTS 0.0000 tGradient 2.4870 tsec 2.7950
#GCMRL#  260 dt  36.288000 rms  0.581  0.059% neg 0  invalid 762 tFOTS 0.0000 tGradient 2.3130 tsec 2.6310
#GCMRL#  261 dt  36.288000 rms  0.581  0.055% neg 0  invalid 762 tFOTS 0.0000 tGradient 2.1190 tsec 2.4340
#GCMRL#  262 dt  36.288000 rms  0.581  0.051% neg 0  invalid 762 tFOTS 0.0000 tGradient 2.1130 tsec 2.4270
#GCMRL#  263 dt  36.288000 rms  0.580  0.047% neg 0  invalid 762 tFOTS 0.0000 tGradient 2.1320 tsec 2.4470
#GCMRL#  264 dt  36.288000 rms  0.580  0.049% neg 0  invalid 762 tFOTS 0.0000 tGradient 2.1180 tsec 2.4280
#GCMRL#  265 dt  36.288000 rms  0.580  0.045% neg 0  invalid 762 tFOTS 0.0000 tGradient 2.1300 tsec 2.4430
#GCMRL#  266 dt  36.288000 rms  0.580  0.046% neg 0  invalid 762 tFOTS 0.0000 tGradient 2.1740 tsec 2.4930
#GCMRL#  267 dt  36.288000 rms  0.579  0.049% neg 0  invalid 762 tFOTS 0.0000 tGradient 2.1910 tsec 2.5010
#GCMRL#  268 dt  36.288000 rms  0.579  0.051% neg 0  invalid 762 tFOTS 0.0000 tGradient 2.1380 tsec 2.4560
#GCMRL#  269 dt  36.288000 rms  0.579  0.050% neg 0  invalid 762 tFOTS 0.0000 tGradient 2.2050 tsec 2.5240
#GCMRL#  270 dt  36.288000 rms  0.578  0.049% neg 0  invalid 762 tFOTS 0.0000 tGradient 2.1090 tsec 2.4290
#GCMRL#  271 dt  36.288000 rms  0.578  0.048% neg 0  invalid 762 tFOTS 0.0000 tGradient 2.4680 tsec 2.8870
#GCMRL#  272 dt  36.288000 rms  0.578  0.045% neg 0  invalid 762 tFOTS 0.0000 tGradient 2.6790 tsec 3.1390
#GCMRL#  273 dt  36.288000 rms  0.578  0.003% neg 0  invalid 762 tFOTS 0.0000 tGradient 2.8290 tsec 3.4600
#GCMRL#  274 dt  36.288000 rms  0.578  0.008% neg 0  invalid 762 tFOTS 0.0000 tGradient 2.6580 tsec 3.0200
#GCMRL#  275 dt  36.288000 rms  0.578  0.013% neg 0  invalid 762 tFOTS 0.0000 tGradient 2.6810 tsec 3.0260
#GCMRL#  276 dt  36.288000 rms  0.578  0.015% neg 0  invalid 762 tFOTS 0.0000 tGradient 2.5570 tsec 2.9020
#GCMRL#  277 dt  36.288000 rms  0.578  0.019% neg 0  invalid 762 tFOTS 0.0000 tGradient 2.6060 tsec 2.9920
#GCMRL#  278 dt  36.288000 rms  0.577  0.021% neg 0  invalid 762 tFOTS 0.0000 tGradient 2.6390 tsec 2.9860
#GCMRL#  279 dt  36.288000 rms  0.577  0.023% neg 0  invalid 762 tFOTS 0.0000 tGradient 2.5930 tsec 2.9600
#GCMRL#  280 dt  36.288000 rms  0.577  0.027% neg 0  invalid 762 tFOTS 0.0000 tGradient 2.5430 tsec 2.8950
#GCMRL#  281 dt  36.288000 rms  0.577  0.029% neg 0  invalid 762 tFOTS 0.0000 tGradient 2.5490 tsec 2.9000
#GCMRL#  282 dt  36.288000 rms  0.577  0.027% neg 0  invalid 762 tFOTS 0.0000 tGradient 2.5620 tsec 2.9130
#GCMRL#  283 dt  36.288000 rms  0.577  0.027% neg 0  invalid 762 tFOTS 0.0000 tGradient 2.5010 tsec 2.8510
#GCMRL#  284 dt  36.288000 rms  0.577  0.026% neg 0  invalid 762 tFOTS 0.0000 tGradient 2.7310 tsec 3.1230
#GCMRL#  285 dt  36.288000 rms  0.576  0.033% neg 0  invalid 762 tFOTS 0.0000 tGradient 2.5110 tsec 2.8800
#GCMRL#  286 dt  36.288000 rms  0.576  0.004% neg 0  invalid 762 tFOTS 0.0000 tGradient 2.5620 tsec 3.0910
#GCMRL#  287 dt  36.288000 rms  0.576  0.009% neg 0  invalid 762 tFOTS 0.0000 tGradient 2.4930 tsec 2.8340
#GCMRL#  288 dt  36.288000 rms  0.576  0.004% neg 0  invalid 762 tFOTS 0.0000 tGradient 2.3920 tsec 2.9410
#FOTS# QuadFit found better minimum quadopt=(dt=9.072,rms=0.576287) vs oldopt=(dt=6.48,rms=0.576288)
#GCMRL#  289 dt   9.072000 rms  0.576  0.000% neg 0  invalid 762 tFOTS 4.0700 tGradient 2.4540 tsec 6.9040
#GCMRL#  290 dt   2.268000 rms  0.576  0.000% neg 0  invalid 762 tFOTS 0.0000 tGradient 2.3240 tsec 3.1910
#GCMRL#  291 dt   1.134000 rms  0.576  0.000% neg 0  invalid 762 tFOTS 0.0000 tGradient 2.2140 tsec 2.9140

#GCAMreg# pass 0 level1 4 level2 1 tsec 459.36 sigma 0.5
l_jacobian=1.00 l_label=1.00 l_log_likelihood=0.20 l_smoothness=0.03 
tol=5.00e-02, dt=5.00e-02, exp_k=20.0, momentum=0.90, levels=6, niter=500, lbl_dist=10.00, avgs=64, sigma=0.5,type=2, relabel=0, neg=no

blurring input image with Gaussian with sigma=0.500...
GCAMRegisterLevel(): init RMS 0.577332
#FOTS# QuadFit found better minimum quadopt=(dt=124.416,rms=0.574933) vs oldopt=(dt=103.68,rms=0.574985)
#GCMRL#  293 dt 124.416000 rms  0.575  0.416% neg 0  invalid 762 tFOTS 4.5730 tGradient 2.7450 tsec 7.6790
#GCMRL#  294 dt 103.680000 rms  0.574  0.138% neg 0  invalid 762 tFOTS 4.8910 tGradient 2.2540 tsec 7.5450
#FOTS# QuadFit found better minimum quadopt=(dt=36.288,rms=0.573969) vs oldopt=(dt=25.92,rms=0.574003)
#GCMRL#  295 dt  36.288000 rms  0.574  0.000% neg 0  invalid 762 tFOTS 4.2340 tGradient 2.6140 tsec 7.2310
#GCMRL#  296 dt  36.288000 rms  0.574  0.021% neg 0  invalid 762 tFOTS 0.0000 tGradient 2.5000 tsec 2.8130
#GCMRL#  297 dt  36.288000 rms  0.574  0.034% neg 0  invalid 762 tFOTS 0.0000 tGradient 2.5250 tsec 2.8790
#GCMRL#  298 dt  36.288000 rms  0.573  0.049% neg 0  invalid 762 tFOTS 0.0000 tGradient 2.7780 tsec 3.1590
#GCMRL#  299 dt  36.288000 rms  0.573  0.055% neg 0  invalid 762 tFOTS 0.0000 tGradient 2.7280 tsec 3.1140
#GCMRL#  300 dt  36.288000 rms  0.573  0.063% neg 0  invalid 762 tFOTS 0.0000 tGradient 2.3670 tsec 2.7130
#GCMRL#  301 dt  36.288000 rms  0.572  0.057% neg 0  invalid 762 tFOTS 0.0000 tGradient 2.6140 tsec 2.9650
#GCMRL#  302 dt  36.288000 rms  0.572  0.053% neg 0  invalid 762 tFOTS 0.0000 tGradient 2.7030 tsec 3.0650
#GCMRL#  303 dt  36.288000 rms  0.572  0.053% neg 0  invalid 762 tFOTS 0.0000 tGradient 2.6600 tsec 3.0140
#GCMRL#  304 dt  36.288000 rms  0.571  0.054% neg 0  invalid 762 tFOTS 0.0000 tGradient 2.6800 tsec 3.0210
#GCMRL#  305 dt  36.288000 rms  0.571  0.051% neg 0  invalid 762 tFOTS 0.0000 tGradient 2.6000 tsec 2.9570
#GCMRL#  306 dt  36.288000 rms  0.571  0.052% neg 0  invalid 762 tFOTS 0.0000 tGradient 2.6740 tsec 3.0020
#GCMRL#  307 dt  36.288000 rms  0.571  0.054% neg 0  invalid 762 tFOTS 0.0000 tGradient 2.2760 tsec 2.6100
#GCMRL#  308 dt  36.288000 rms  0.570  0.052% neg 0  invalid 762 tFOTS 0.0000 tGradient 2.4340 tsec 2.7480
#GCMRL#  309 dt  36.288000 rms  0.570  0.050% neg 0  invalid 762 tFOTS 0.0000 tGradient 2.1450 tsec 2.4610
#GCMRL#  310 dt  36.288000 rms  0.570  0.049% neg 0  invalid 762 tFOTS 0.0000 tGradient 2.2630 tsec 2.5740
#GCMRL#  311 dt  36.288000 rms  0.569  0.045% neg 0  invalid 762 tFOTS 0.0000 tGradient 2.2170 tsec 2.5260
#GCMRL#  312 dt  36.288000 rms  0.569  0.043% neg 0  invalid 762 tFOTS 0.0000 tGradient 2.4720 tsec 2.8330
#GCMRL#  313 dt  36.288000 rms  0.569  0.044% neg 0  invalid 762 tFOTS 0.0000 tGradient 2.3900 tsec 2.7090
#GCMRL#  314 dt  36.288000 rms  0.569  0.043% neg 0  invalid 762 tFOTS 0.0000 tGradient 2.3630 tsec 2.6750
#GCMRL#  315 dt  36.288000 rms  0.568  0.042% neg 0  invalid 762 tFOTS 0.0000 tGradient 2.3740 tsec 2.6860
#GCMRL#  316 dt  36.288000 rms  0.568  0.038% neg 0  invalid 762 tFOTS 0.0000 tGradient 2.3260 tsec 2.6420
#GCMRL#  317 dt  36.288000 rms  0.568  0.038% neg 0  invalid 762 tFOTS 0.0000 tGradient 2.3910 tsec 2.7090
#GCMRL#  318 dt  36.288000 rms  0.568  0.034% neg 0  invalid 762 tFOTS 0.0000 tGradient 2.3400 tsec 2.6550
#GCMRL#  319 dt  36.288000 rms  0.568  0.036% neg 0  invalid 762 tFOTS 0.0000 tGradient 2.4640 tsec 2.7790
#GCMRL#  320 dt  36.288000 rms  0.567  0.039% neg 0  invalid 762 tFOTS 0.0000 tGradient 2.4190 tsec 2.7330
#GCMRL#  321 dt  36.288000 rms  0.567  0.040% neg 0  invalid 762 tFOTS 0.0000 tGradient 2.3630 tsec 2.6750
#GCMRL#  322 dt  36.288000 rms  0.567  0.037% neg 0  invalid 762 tFOTS 0.0000 tGradient 2.4120 tsec 2.7230
#GCMRL#  323 dt  36.288000 rms  0.567  0.037% neg 0  invalid 762 tFOTS 0.0000 tGradient 2.3430 tsec 2.6980
#GCMRL#  324 dt  36.288000 rms  0.567  0.037% neg 0  invalid 762 tFOTS 0.0000 tGradient 2.4160 tsec 2.7310
#GCMRL#  325 dt  36.288000 rms  0.566  0.034% neg 0  invalid 762 tFOTS 0.0000 tGradient 2.3440 tsec 2.6570
#GCMRL#  326 dt  36.288000 rms  0.566  0.035% neg 0  invalid 762 tFOTS 0.0000 tGradient 2.3980 tsec 2.7130
#GCMRL#  327 dt  36.288000 rms  0.566  0.036% neg 0  invalid 762 tFOTS 0.0000 tGradient 2.3990 tsec 2.7140
#GCMRL#  328 dt  36.288000 rms  0.566  0.033% neg 0  invalid 762 tFOTS 0.0000 tGradient 2.3980 tsec 2.7120
#GCMRL#  329 dt  36.288000 rms  0.566  0.031% neg 0  invalid 762 tFOTS 0.0000 tGradient 2.3960 tsec 2.7150
#GCMRL#  330 dt  36.288000 rms  0.565  0.033% neg 0  invalid 762 tFOTS 0.0000 tGradient 2.3650 tsec 2.6790
#GCMRL#  331 dt  36.288000 rms  0.565  0.030% neg 0  invalid 762 tFOTS 0.0000 tGradient 2.3960 tsec 2.7100
#GCMRL#  332 dt  36.288000 rms  0.565  0.031% neg 0  invalid 762 tFOTS 0.0000 tGradient 2.4390 tsec 2.7550
#GCMRL#  333 dt  36.288000 rms  0.565  0.030% neg 0  invalid 762 tFOTS 0.0000 tGradient 2.4740 tsec 2.7890
#GCMRL#  334 dt  36.288000 rms  0.565  0.031% neg 0  invalid 762 tFOTS 0.0000 tGradient 2.3850 tsec 2.7030
#GCMRL#  335 dt  36.288000 rms  0.565  0.029% neg 0  invalid 762 tFOTS 0.0000 tGradient 2.3990 tsec 2.7120
#GCMRL#  336 dt  36.288000 rms  0.564  0.025% neg 0  invalid 762 tFOTS 0.0000 tGradient 2.3690 tsec 2.6830
#GCMRL#  337 dt  36.288000 rms  0.564  0.027% neg 0  invalid 762 tFOTS 0.0000 tGradient 2.2610 tsec 2.5770
#GCMRL#  338 dt  36.288000 rms  0.564  0.025% neg 0  invalid 762 tFOTS 0.0000 tGradient 2.1660 tsec 2.4880
#GCMRL#  339 dt  36.288000 rms  0.564  0.029% neg 0  invalid 762 tFOTS 0.0000 tGradient 2.2970 tsec 2.6610
#GCMRL#  340 dt  36.288000 rms  0.564  0.028% neg 0  invalid 762 tFOTS 0.0000 tGradient 2.5860 tsec 2.9470
#GCMRL#  341 dt  36.288000 rms  0.564  0.026% neg 0  invalid 762 tFOTS 0.0000 tGradient 2.7000 tsec 3.0680
#GCMRL#  342 dt  36.288000 rms  0.564  0.027% neg 0  invalid 762 tFOTS 0.0000 tGradient 2.7460 tsec 3.1070
#GCMRL#  343 dt  36.288000 rms  0.563  0.023% neg 0  invalid 762 tFOTS 0.0000 tGradient 2.6820 tsec 3.0540
#GCMRL#  344 dt  36.288000 rms  0.563  0.024% neg 0  invalid 762 tFOTS 0.0000 tGradient 2.4530 tsec 2.7790
#GCMRL#  345 dt  36.288000 rms  0.563  0.026% neg 0  invalid 762 tFOTS 0.0000 tGradient 2.4300 tsec 2.7840
#GCMRL#  346 dt  36.288000 rms  0.563  0.026% neg 0  invalid 762 tFOTS 0.0000 tGradient 2.7550 tsec 3.1280
#GCMRL#  347 dt  36.288000 rms  0.563  0.024% neg 0  invalid 762 tFOTS 0.0000 tGradient 2.6320 tsec 3.0140
#GCMRL#  348 dt  36.288000 rms  0.563  0.021% neg 0  invalid 762 tFOTS 0.0000 tGradient 2.6750 tsec 3.0750
#FOTS# QuadFit found better minimum quadopt=(dt=331.776,rms=0.562645) vs oldopt=(dt=414.72,rms=0.562649)
#GCMRL#  349 dt 331.776000 rms  0.563  0.000% neg 0  invalid 762 tFOTS 5.0660 tGradient 2.4210 tsec 7.9120
setting smoothness cost coefficient to 0.118

#GCAMreg# pass 0 level1 3 level2 0 tsec 0 sigma 2
l_jacobian=1.00 l_label=1.00 l_log_likelihood=0.20 l_smoothness=0.12 
tol=5.00e-02, dt=5.00e-02, exp_k=20.0, momentum=0.90, levels=6, niter=500, lbl_dist=10.00, avgs=16, sigma=2.0,type=2, relabel=0, neg=no

blurring input image with Gaussian with sigma=2.000...
GCAMRegisterLevel(): init RMS 0.576024
#FOTS# QuadFit found better minimum quadopt=(dt=38.4,rms=0.572476) vs oldopt=(dt=32,rms=0.572534)
#GCMRL#  351 dt  38.400000 rms  0.572  0.616% neg 0  invalid 762 tFOTS 4.4130 tGradient 1.8750 tsec 6.6690
#FOTS# QuadFit found better minimum quadopt=(dt=125.348,rms=0.565675) vs oldopt=(dt=128,rms=0.565686)
#GCMRL#  352 dt 125.347874 rms  0.566  1.188% neg 0  invalid 762 tFOTS 4.7150 tGradient 2.1430 tsec 7.2450
#FOTS# QuadFit found better minimum quadopt=(dt=30.6965,rms=0.562365) vs oldopt=(dt=32,rms=0.562385)
#GCMRL#  353 dt  30.696538 rms  0.562  0.585% neg 0  invalid 762 tFOTS 4.8820 tGradient 2.1950 tsec 7.4230
#FOTS# QuadFit found better minimum quadopt=(dt=76.5217,rms=0.559103) vs oldopt=(dt=32,rms=0.559858)
#GCMRL#  354 dt  76.521739 rms  0.559  0.580% neg 0  invalid 762 tFOTS 4.7620 tGradient 1.9600 tsec 7.0880
#FOTS# QuadFit found better minimum quadopt=(dt=23.1462,rms=0.556093) vs oldopt=(dt=32,rms=0.556612)
#GCMRL#  355 dt  23.146245 rms  0.556  0.538% neg 0  invalid 762 tFOTS 4.6930 tGradient 2.0110 tsec 7.0990
#FOTS# QuadFit found better minimum quadopt=(dt=99.1406,rms=0.553786) vs oldopt=(dt=128,rms=0.554002)
#GCMRL#  356 dt  99.140584 rms  0.554  0.415% neg 0  invalid 762 tFOTS 4.6990 tGradient 2.1300 tsec 7.2150
#FOTS# QuadFit found better minimum quadopt=(dt=22.3013,rms=0.551501) vs oldopt=(dt=32,rms=0.551976)
#GCMRL#  357 dt  22.301270 rms  0.552  0.413% neg 0  invalid 762 tFOTS 4.8570 tGradient 2.2570 tsec 7.5020
#FOTS# QuadFit found better minimum quadopt=(dt=81.5484,rms=0.549871) vs oldopt=(dt=128,rms=0.550337)
#GCMRL#  358 dt  81.548387 rms  0.550  0.296% neg 0  invalid 762 tFOTS 4.8950 tGradient 2.0800 tsec 7.3680
#FOTS# QuadFit found better minimum quadopt=(dt=22.016,rms=0.548405) vs oldopt=(dt=32,rms=0.548763)
#GCMRL#  359 dt  22.016000 rms  0.548  0.267% neg 0  invalid 762 tFOTS 4.7100 tGradient 2.0200 tsec 7.0830
#FOTS# QuadFit found better minimum quadopt=(dt=44.8,rms=0.547393) vs oldopt=(dt=32,rms=0.54759)
#GCMRL#  360 dt  44.800000 rms  0.547  0.184% neg 0  invalid 762 tFOTS 4.4320 tGradient 2.0530 tsec 6.8290
#FOTS# QuadFit found better minimum quadopt=(dt=38.4,rms=0.546656) vs oldopt=(dt=32,rms=0.546658)
#GCMRL#  361 dt  38.400000 rms  0.547  0.135% neg 0  invalid 762 tFOTS 4.6950 tGradient 2.0280 tsec 7.1740
#FOTS# QuadFit found better minimum quadopt=(dt=25.6,rms=0.545901) vs oldopt=(dt=32,rms=0.545922)
#GCMRL#  362 dt  25.600000 rms  0.546  0.138% neg 0  invalid 762 tFOTS 5.0030 tGradient 2.0770 tsec 7.4820
#FOTS# QuadFit found better minimum quadopt=(dt=44.8,rms=0.545185) vs oldopt=(dt=32,rms=0.545263)
#GCMRL#  363 dt  44.800000 rms  0.545  0.131% neg 0  invalid 762 tFOTS 4.4660 tGradient 1.8350 tsec 6.6800
#FOTS# QuadFit found better minimum quadopt=(dt=25.6,rms=0.54451) vs oldopt=(dt=32,rms=0.544525)
#GCMRL#  364 dt  25.600000 rms  0.545  0.124% neg 0  invalid 762 tFOTS 4.3530 tGradient 1.7300 tsec 6.4080
#FOTS# QuadFit found better minimum quadopt=(dt=44.8,rms=0.543883) vs oldopt=(dt=32,rms=0.543942)
#GCMRL#  365 dt  44.800000 rms  0.544  0.115% neg 0  invalid 762 tFOTS 4.5380 tGradient 1.7110 tsec 6.6110
#FOTS# QuadFit found better minimum quadopt=(dt=25.6,rms=0.543272) vs oldopt=(dt=32,rms=0.543295)
#GCMRL#  366 dt  25.600000 rms  0.543  0.112% neg 0  invalid 762 tFOTS 4.4750 tGradient 2.0770 tsec 6.8710
#FOTS# QuadFit found better minimum quadopt=(dt=38.4,rms=0.542741) vs oldopt=(dt=32,rms=0.54276)
#GCMRL#  367 dt  38.400000 rms  0.543  0.098% neg 0  invalid 762 tFOTS 4.3420 tGradient 1.8750 tsec 6.5650
#GCMRL#  368 dt  32.000000 rms  0.542  0.096% neg 0  invalid 762 tFOTS 4.3170 tGradient 1.6950 tsec 6.3540
#FOTS# QuadFit found better minimum quadopt=(dt=25.6,rms=0.541761) vs oldopt=(dt=32,rms=0.541791)
#GCMRL#  369 dt  25.600000 rms  0.542  0.085% neg 0  invalid 762 tFOTS 4.3570 tGradient 1.9220 tsec 6.6270
#FOTS# QuadFit found better minimum quadopt=(dt=44.8,rms=0.541205) vs oldopt=(dt=32,rms=0.541259)
#GCMRL#  370 dt  44.800000 rms  0.541  0.103% neg 0  invalid 762 tFOTS 4.3610 tGradient 1.7300 tsec 6.4130
#FOTS# QuadFit found better minimum quadopt=(dt=19.2,rms=0.540787) vs oldopt=(dt=32,rms=0.540856)
#GCMRL#  371 dt  19.200000 rms  0.541  0.077% neg 0  invalid 762 tFOTS 4.2290 tGradient 1.9270 tsec 6.4810
#FOTS# QuadFit found better minimum quadopt=(dt=179.2,rms=0.539065) vs oldopt=(dt=128,rms=0.539329)
#GCMRL#  372 dt 179.200000 rms  0.539  0.318% neg 0  invalid 762 tFOTS 4.2750 tGradient 1.8660 tsec 6.4630
#FOTS# QuadFit found better minimum quadopt=(dt=19.2,rms=0.538297) vs oldopt=(dt=32,rms=0.538599)
#GCMRL#  373 dt  19.200000 rms  0.538  0.143% neg 0  invalid 762 tFOTS 3.8980 tGradient 1.6960 tsec 5.9080
#FOTS# QuadFit found better minimum quadopt=(dt=44.8,rms=0.537938) vs oldopt=(dt=32,rms=0.537968)
#GCMRL#  374 dt  44.800000 rms  0.538  0.067% neg 0  invalid 762 tFOTS 3.8910 tGradient 1.6470 tsec 5.8490
#FOTS# QuadFit found better minimum quadopt=(dt=38.4,rms=0.537407) vs oldopt=(dt=32,rms=0.537418)
#GCMRL#  375 dt  38.400000 rms  0.537  0.099% neg 0  invalid 762 tFOTS 4.1660 tGradient 1.7080 tsec 6.1810
#FOTS# QuadFit found better minimum quadopt=(dt=11.2,rms=0.537261) vs oldopt=(dt=8,rms=0.537298)
#GCMRL#  376 dt  11.200000 rms  0.537  0.000% neg 0  invalid 762 tFOTS 3.8500 tGradient 1.6870 tsec 5.8790
#GCMRL#  377 dt  11.200000 rms  0.537  0.025% neg 0  invalid 762 tFOTS 0.0000 tGradient 1.7210 tsec 2.0190
#GCMRL#  378 dt  11.200000 rms  0.537  0.032% neg 0  invalid 762 tFOTS 0.0000 tGradient 1.6470 tsec 1.9470
#GCMRL#  379 dt  11.200000 rms  0.537  0.048% neg 0  invalid 762 tFOTS 0.0000 tGradient 1.7320 tsec 2.0300
#GCMRL#  380 dt  11.200000 rms  0.536  0.072% neg 0  invalid 762 tFOTS 0.0000 tGradient 1.6860 tsec 1.9830
#GCMRL#  381 dt  11.200000 rms  0.536  0.084% neg 0  invalid 762 tFOTS 0.0000 tGradient 2.0590 tsec 2.3990
#GCMRL#  382 dt  11.200000 rms  0.535  0.085% neg 0  invalid 762 tFOTS 0.0000 tGradient 1.8860 tsec 2.1990
#GCMRL#  383 dt  11.200000 rms  0.535  0.089% neg 0  invalid 762 tFOTS 0.0000 tGradient 1.9290 tsec 2.2270
#GCMRL#  384 dt  11.200000 rms  0.534  0.096% neg 0  invalid 762 tFOTS 0.0000 tGradient 1.7560 tsec 2.0580
#GCMRL#  385 dt  11.200000 rms  0.534  0.101% neg 0  invalid 762 tFOTS 0.0000 tGradient 1.7320 tsec 2.0590
#GCMRL#  386 dt  11.200000 rms  0.533  0.109% neg 0  invalid 762 tFOTS 0.0000 tGradient 1.7250 tsec 2.0450
#GCMRL#  387 dt  11.200000 rms  0.533  0.112% neg 0  invalid 762 tFOTS 0.0000 tGradient 1.7000 tsec 1.9990
#GCMRL#  388 dt  11.200000 rms  0.532  0.111% neg 0  invalid 762 tFOTS 0.0000 tGradient 1.7190 tsec 2.0210
#GCMRL#  389 dt  11.200000 rms  0.532  0.104% neg 0  invalid 762 tFOTS 0.0000 tGradient 1.7100 tsec 2.0180
#GCMRL#  390 dt  11.200000 rms  0.531  0.101% neg 0  invalid 762 tFOTS 0.0000 tGradient 1.7920 tsec 2.1000
#GCMRL#  391 dt  11.200000 rms  0.530  0.099% neg 0  invalid 762 tFOTS 0.0000 tGradient 1.6740 tsec 1.9720
#GCMRL#  392 dt  11.200000 rms  0.530  0.101% neg 0  invalid 762 tFOTS 0.0000 tGradient 1.6670 tsec 1.9730
#GCMRL#  393 dt  11.200000 rms  0.529  0.104% neg 0  invalid 762 tFOTS 0.0000 tGradient 1.6710 tsec 1.9850
#GCMRL#  394 dt  11.200000 rms  0.529  0.097% neg 0  invalid 762 tFOTS 0.0000 tGradient 1.6730 tsec 1.9790
#GCMRL#  395 dt  11.200000 rms  0.528  0.094% neg 0  invalid 762 tFOTS 0.0000 tGradient 1.6650 tsec 1.9730
#GCMRL#  396 dt  11.200000 rms  0.528  0.086% neg 0  invalid 762 tFOTS 0.0000 tGradient 1.6480 tsec 1.9630
#GCMRL#  397 dt  11.200000 rms  0.528  0.079% neg 0  invalid 762 tFOTS 0.0000 tGradient 1.6610 tsec 1.9730
#GCMRL#  398 dt  11.200000 rms  0.527  0.078% neg 0  invalid 762 tFOTS 0.0000 tGradient 1.6550 tsec 1.9740
#GCMRL#  399 dt  11.200000 rms  0.527  0.084% neg 0  invalid 762 tFOTS 0.0000 tGradient 1.6470 tsec 1.9600
#GCMRL#  400 dt  11.200000 rms  0.526  0.072% neg 0  invalid 762 tFOTS 0.0000 tGradient 1.6380 tsec 1.9450
#GCMRL#  401 dt  11.200000 rms  0.526  0.069% neg 0  invalid 762 tFOTS 0.0000 tGradient 1.6400 tsec 1.9440
#GCMRL#  402 dt  11.200000 rms  0.526  0.060% neg 0  invalid 762 tFOTS 0.0000 tGradient 1.5970 tsec 1.9060
#GCMRL#  403 dt  11.200000 rms  0.525  0.058% neg 0  invalid 762 tFOTS 0.0000 tGradient 1.6310 tsec 1.9570
#GCMRL#  404 dt  11.200000 rms  0.525  0.058% neg 0  invalid 762 tFOTS 0.0000 tGradient 1.6430 tsec 1.9550
#GCMRL#  405 dt  11.200000 rms  0.525  0.056% neg 0  invalid 762 tFOTS 0.0000 tGradient 1.6520 tsec 1.9790
#GCMRL#  406 dt  11.200000 rms  0.524  0.054% neg 0  invalid 762 tFOTS 0.0000 tGradient 1.9680 tsec 2.3130
#GCMRL#  407 dt  11.200000 rms  0.524  0.002% neg 0  invalid 762 tFOTS 0.0000 tGradient 1.9790 tsec 2.4800
#GCMRL#  408 dt  11.200000 rms  0.524  0.007% neg 0  invalid 762 tFOTS 0.0000 tGradient 1.6820 tsec 1.9930
#GCMRL#  409 dt  11.200000 rms  0.524  0.008% neg 0  invalid 762 tFOTS 0.0000 tGradient 1.8670 tsec 2.1920
#GCMRL#  410 dt  11.200000 rms  0.524  0.010% neg 0  invalid 762 tFOTS 0.0000 tGradient 1.6700 tsec 1.9790
#GCMRL#  411 dt  11.200000 rms  0.524  0.014% neg 0  invalid 762 tFOTS 0.0000 tGradient 1.6640 tsec 1.9710
#GCMRL#  412 dt  11.200000 rms  0.524  0.013% neg 0  invalid 762 tFOTS 0.0000 tGradient 1.6450 tsec 1.9780
#FOTS# QuadFit found better minimum quadopt=(dt=409.6,rms=0.523874) vs oldopt=(dt=512,rms=0.523903)
#GCMRL#  413 dt 409.600000 rms  0.524  0.052% neg 0  invalid 762 tFOTS 4.5490 tGradient 1.8970 tsec 6.7770
#FOTS# QuadFit found better minimum quadopt=(dt=25.6,rms=0.523576) vs oldopt=(dt=32,rms=0.5236)
#GCMRL#  414 dt  25.600000 rms  0.524  0.057% neg 0  invalid 762 tFOTS 4.1900 tGradient 1.9710 tsec 6.4920
#FOTS# QuadFit found better minimum quadopt=(dt=19.2,rms=0.523508) vs oldopt=(dt=32,rms=0.523522)
#GCMRL#  415 dt  19.200000 rms  0.524  0.000% neg 0  invalid 762 tFOTS 4.1530 tGradient 1.7390 tsec 6.2400
#GCMRL#  416 dt  19.200000 rms  0.523  0.005% neg 0  invalid 762 tFOTS 0.0000 tGradient 1.6650 tsec 1.9690
#GCMRL#  417 dt  19.200000 rms  0.523  0.015% neg 0  invalid 762 tFOTS 0.0000 tGradient 1.6880 tsec 1.9950
#GCMRL#  418 dt  19.200000 rms  0.523  0.011% neg 0  invalid 762 tFOTS 0.0000 tGradient 1.7890 tsec 2.1000
#GCMRL#  419 dt  19.200000 rms  0.523  0.015% neg 0  invalid 762 tFOTS 0.0000 tGradient 1.8450 tsec 2.1590
#GCMRL#  420 dt  19.200000 rms  0.523  0.026% neg 0  invalid 762 tFOTS 0.0000 tGradient 1.8370 tsec 2.1540
#GCMRL#  421 dt  19.200000 rms  0.523  0.026% neg 0  invalid 762 tFOTS 0.0000 tGradient 1.8080 tsec 2.1230
#GCMRL#  422 dt  19.200000 rms  0.523  0.030% neg 0  invalid 762 tFOTS 0.0000 tGradient 1.8090 tsec 2.1320
#GCMRL#  423 dt  19.200000 rms  0.523  0.002% neg 0  invalid 762 tFOTS 0.0000 tGradient 1.8510 tsec 2.3450
#GCMRL#  424 dt  19.200000 rms  0.523  0.005% neg 0  invalid 762 tFOTS 0.0000 tGradient 1.8250 tsec 2.1410
#GCMRL#  425 dt  19.200000 rms  0.523  0.016% neg 0  invalid 762 tFOTS 0.0000 tGradient 1.8570 tsec 2.2030
#GCMRL#  426 dt  19.200000 rms  0.523  0.022% neg 0  invalid 762 tFOTS 0.0000 tGradient 1.8160 tsec 2.1420
#GCMRL#  427 dt  19.200000 rms  0.523  0.020% neg 0  invalid 762 tFOTS 0.0000 tGradient 1.8500 tsec 2.2160
#FOTS# QuadFit found better minimum quadopt=(dt=102.4,rms=0.522411) vs oldopt=(dt=128,rms=0.522412)
#GCMRL#  428 dt 102.400000 rms  0.522  0.000% neg 0  invalid 762 tFOTS 4.4070 tGradient 2.1070 tsec 6.8790
#GCMRL#  429 dt  25.600000 rms  0.522  0.021% neg 0  invalid 762 tFOTS 0.0000 tGradient 1.8800 tsec 2.7040
#GCMRL#  430 dt  25.600000 rms  0.522  0.000% neg 0  invalid 762 tFOTS 0.0000 tGradient 1.7350 tsec 2.0540
#GCMRL#  431 dt  25.600000 rms  0.522  0.016% neg 0  invalid 762 tFOTS 0.0000 tGradient 1.7430 tsec 2.0710
#GCMRL#  432 dt  25.600000 rms  0.522  0.023% neg 0  invalid 762 tFOTS 0.0000 tGradient 1.8200 tsec 2.1420
#GCMRL#  433 dt  25.600000 rms  0.522  0.034% neg 0  invalid 762 tFOTS 0.0000 tGradient 2.0370 tsec 2.3860
#GCMRL#  434 dt   1.600000 rms  0.522  0.000% neg 0  invalid 762 tFOTS 0.0000 tGradient 1.7720 tsec 2.9090
#GCMRL#  435 dt   1.600000 rms  0.522  0.001% neg 0  invalid 762 tFOTS 0.0000 tGradient 1.7520 tsec 2.2400
#GCMRL#  436 dt   1.600000 rms  0.522  0.001% neg 0  invalid 762 tFOTS 0.0000 tGradient 1.7590 tsec 2.1020
#FOTS# QuadFit found better minimum quadopt=(dt=19.2,rms=0.521903) vs oldopt=(dt=32,rms=0.521907)
#GCMRL#  437 dt  19.200000 rms  0.522  0.000% neg 0  invalid 762 tFOTS 4.3710 tGradient 1.8040 tsec 6.5300
#GCMRL#  438 dt  19.200000 rms  0.522  0.004% neg 0  invalid 762 tFOTS 0.0000 tGradient 1.7020 tsec 2.0180
#GCMRL#  439 dt  19.200000 rms  0.522  0.008% neg 0  invalid 762 tFOTS 0.0000 tGradient 1.9190 tsec 2.2760
#GCMRL#  440 dt   4.800000 rms  0.522  0.003% neg 0  invalid 762 tFOTS 0.0000 tGradient 1.8090 tsec 2.6340

#GCAMreg# pass 0 level1 3 level2 1 tsec 344.638 sigma 0.5
l_jacobian=1.00 l_label=1.00 l_log_likelihood=0.20 l_smoothness=0.12 
tol=5.00e-02, dt=5.00e-02, exp_k=20.0, momentum=0.90, levels=6, niter=500, lbl_dist=10.00, avgs=16, sigma=0.5,type=2, relabel=0, neg=no

blurring input image with Gaussian with sigma=0.500...
GCAMRegisterLevel(): init RMS 0.522748
#FOTS# QuadFit found better minimum quadopt=(dt=0.04375,rms=0.521818) vs oldopt=(dt=0.03125,rms=0.521818)
#GCMRL#  442 dt   0.043750 rms  0.522  0.178% neg 0  invalid 762 tFOTS 2.9480 tGradient 2.0500 tsec 5.3400
#FOTS# QuadFit found better minimum quadopt=(dt=0.04375,rms=0.521815) vs oldopt=(dt=0.03125,rms=0.521816)
#GCMRL#  443 dt   0.043750 rms  0.522  0.000% neg 0  invalid 762 tFOTS 2.9410 tGradient 1.8010 tsec 5.1080
#GCMRL#  444 dt   0.005469 rms  0.522  0.000% neg 0  invalid 762 tFOTS 0.0000 tGradient 1.7950 tsec 2.8110
#GCMRL#  445 dt   0.002734 rms  0.522  0.000% neg 0  invalid 762 tFOTS 0.0000 tGradient 1.8260 tsec 2.5110
setting smoothness cost coefficient to 0.400

#GCAMreg# pass 0 level1 2 level2 0 tsec 0 sigma 2
l_jacobian=1.00 l_label=1.00 l_log_likelihood=0.20 l_smoothness=0.40 
tol=5.00e-02, dt=5.00e-02, exp_k=20.0, momentum=0.90, levels=6, niter=500, lbl_dist=10.00, avgs=4, sigma=2.0,type=2, relabel=0, neg=no

blurring input image with Gaussian with sigma=2.000...
GCAMRegisterLevel(): init RMS 0.557825
#GCMRL#  447 dt   0.000000 rms  0.557  0.156% neg 0  invalid 762 tFOTS 4.0710 tGradient 1.5330 tsec 5.9250
#GCMRL#  448 dt   0.150000 rms  0.557  0.000% neg 0  invalid 762 tFOTS 4.0790 tGradient 1.4440 tsec 6.1620

#GCAMreg# pass 0 level1 2 level2 1 tsec 23.675 sigma 0.5
l_jacobian=1.00 l_label=1.00 l_log_likelihood=0.20 l_smoothness=0.40 
tol=5.00e-02, dt=5.00e-02, exp_k=20.0, momentum=0.90, levels=6, niter=500, lbl_dist=10.00, avgs=4, sigma=0.5,type=2, relabel=0, neg=no

blurring input image with Gaussian with sigma=0.500...
GCAMRegisterLevel(): init RMS 0.557825
#GCMRL#  450 dt   0.000000 rms  0.557  0.156% neg 0  invalid 762 tFOTS 4.3190 tGradient 1.5480 tsec 6.2010
#GCMRL#  451 dt   0.150000 rms  0.557  0.000% neg 0  invalid 762 tFOTS 4.4590 tGradient 1.5920 tsec 6.7010
setting smoothness cost coefficient to 1.000

#GCAMreg# pass 0 level1 1 level2 0 tsec 0 sigma 2
l_jacobian=1.00 l_label=1.00 l_log_likelihood=0.20 l_smoothness=1.00 
tol=5.00e-02, dt=5.00e-02, exp_k=20.0, momentum=0.90, levels=6, niter=500, lbl_dist=10.00, avgs=1, sigma=2.0,type=2, relabel=0, neg=no

blurring input image with Gaussian with sigma=2.000...
GCAMRegisterLevel(): init RMS 0.625881
#FOTS# QuadFit found better minimum quadopt=(dt=2.2397,rms=0.613959) vs oldopt=(dt=1.28,rms=0.616296)
#GCMRL#  453 dt   2.239700 rms  0.614  1.905% neg 0  invalid 762 tFOTS 4.3860 tGradient 1.4680 tsec 6.1930
#FOTS# QuadFit found better minimum quadopt=(dt=1.024,rms=0.613238) vs oldopt=(dt=1.28,rms=0.61332)
#GCMRL#  454 dt   1.024000 rms  0.613  0.117% neg 0  invalid 762 tFOTS 3.9820 tGradient 1.3750 tsec 5.6910
#FOTS# QuadFit found better minimum quadopt=(dt=0.112,rms=0.61322) vs oldopt=(dt=0.08,rms=0.613223)
#GCMRL#  455 dt   0.112000 rms  0.613  0.000% neg 0  invalid 762 tFOTS 3.9790 tGradient 1.4970 tsec 5.8410

#GCAMreg# pass 0 level1 1 level2 1 tsec 29.339 sigma 0.5
l_jacobian=1.00 l_label=1.00 l_log_likelihood=0.20 l_smoothness=1.00 
tol=5.00e-02, dt=5.00e-02, exp_k=20.0, momentum=0.90, levels=6, niter=500, lbl_dist=10.00, avgs=1, sigma=0.5,type=2, relabel=0, neg=no

blurring input image with Gaussian with sigma=0.500...
GCAMRegisterLevel(): init RMS 0.614019
#FOTS# QuadFit found better minimum quadopt=(dt=1.024,rms=0.612511) vs oldopt=(dt=1.28,rms=0.612519)
#GCMRL#  457 dt   1.024000 rms  0.613  0.245% neg 0  invalid 762 tFOTS 4.5130 tGradient 1.7030 tsec 6.5950
#FOTS# QuadFit found better minimum quadopt=(dt=0.448,rms=0.612425) vs oldopt=(dt=0.32,rms=0.612433)
#GCMRL#  458 dt   0.448000 rms  0.612  0.000% neg 0  invalid 762 tFOTS 4.1960 tGradient 1.5570 tsec 6.1170
resetting metric properties...
setting smoothness cost coefficient to 2.000

#GCAMreg# pass 0 level1 0 level2 0 tsec 0 sigma 2
l_jacobian=1.00 l_label=1.00 l_log_likelihood=0.20 l_smoothness=2.00 
tol=5.00e-02, dt=5.00e-02, exp_k=20.0, momentum=0.90, levels=6, niter=500, lbl_dist=10.00, avgs=0, sigma=2.0,type=2, relabel=0, neg=no

blurring input image with Gaussian with sigma=2.000...
GCAMRegisterLevel(): init RMS 0.549924
#FOTS# QuadFit found better minimum quadopt=(dt=0.448,rms=0.533885) vs oldopt=(dt=0.32,rms=0.538043)
#GCMRL#  460 dt   0.448000 rms  0.534  2.917% neg 0  invalid 762 tFOTS 4.3720 tGradient 0.8770 tsec 5.5930
#FOTS# QuadFit found better minimum quadopt=(dt=0.448,rms=0.529377) vs oldopt=(dt=0.32,rms=0.530632)
#GCMRL#  461 dt   0.448000 rms  0.529  0.844% neg 0  invalid 762 tFOTS 4.3200 tGradient 0.8190 tsec 5.4900
#FOTS# QuadFit found better minimum quadopt=(dt=0.448,rms=0.52666) vs oldopt=(dt=0.32,rms=0.527429)
#GCMRL#  462 dt   0.448000 rms  0.527  0.513% neg 0  invalid 762 tFOTS 4.3520 tGradient 1.0150 tsec 5.7150
#FOTS# QuadFit found better minimum quadopt=(dt=0.384,rms=0.525151) vs oldopt=(dt=0.32,rms=0.525398)
#GCMRL#  463 dt   0.384000 rms  0.525  0.287% neg 0  invalid 762 tFOTS 4.0760 tGradient 0.8890 tsec 5.2910
#FOTS# QuadFit found better minimum quadopt=(dt=0.448,rms=0.523728) vs oldopt=(dt=0.32,rms=0.524129)
#GCMRL#  464 dt   0.448000 rms  0.524  0.271% neg 0  invalid 762 tFOTS 3.7750 tGradient 0.8230 tsec 4.9210
#FOTS# QuadFit found better minimum quadopt=(dt=0.448,rms=0.52271) vs oldopt=(dt=0.32,rms=0.522991)
#GCMRL#  465 dt   0.448000 rms  0.523  0.194% neg 0  invalid 762 tFOTS 3.9340 tGradient 0.8130 tsec 5.0720
#FOTS# QuadFit found better minimum quadopt=(dt=0.448,rms=0.521823) vs oldopt=(dt=0.32,rms=0.522065)
#GCMRL#  466 dt   0.448000 rms  0.522  0.170% neg 0  invalid 762 tFOTS 3.8410 tGradient 0.8070 tsec 4.9780
#FOTS# QuadFit found better minimum quadopt=(dt=0.448,rms=0.521183) vs oldopt=(dt=0.32,rms=0.521357)
#GCMRL#  467 dt   0.448000 rms  0.521  0.122% neg 0  invalid 762 tFOTS 4.0820 tGradient 0.8520 tsec 5.2620
#FOTS# QuadFit found better minimum quadopt=(dt=0.112,rms=0.521023) vs oldopt=(dt=0.08,rms=0.521068)
#GCMRL#  468 dt   0.112000 rms  0.521  0.000% neg 0  invalid 762 tFOTS 3.7570 tGradient 0.8110 tsec 4.9460
#GCMRL#  469 dt   0.112000 rms  0.521  0.028% neg 0  invalid 762 tFOTS 0.0000 tGradient 0.8270 tsec 1.1480
#GCMRL#  470 dt   0.112000 rms  0.521  0.061% neg 0  invalid 762 tFOTS 0.0000 tGradient 0.7640 tsec 1.0660
#GCMRL#  471 dt   0.112000 rms  0.520  0.073% neg 0  invalid 762 tFOTS 0.0000 tGradient 0.7410 tsec 1.0480
#GCMRL#  472 dt   0.112000 rms  0.520  0.081% neg 0  invalid 762 tFOTS 0.0000 tGradient 0.7530 tsec 1.0560
#GCMRL#  473 dt   0.112000 rms  0.519  0.091% neg 0  invalid 762 tFOTS 0.0000 tGradient 0.7400 tsec 1.0400
#GCMRL#  474 dt   0.112000 rms  0.519  0.097% neg 0  invalid 762 tFOTS 0.0000 tGradient 0.7590 tsec 1.0670
#GCMRL#  475 dt   0.112000 rms  0.518  0.097% neg 0  invalid 762 tFOTS 0.0000 tGradient 0.7290 tsec 1.0240
#GCMRL#  476 dt   0.112000 rms  0.518  0.095% neg 0  invalid 762 tFOTS 0.0000 tGradient 0.7620 tsec 1.0820
#GCMRL#  477 dt   0.112000 rms  0.517  0.089% neg 0  invalid 762 tFOTS 0.0000 tGradient 0.8420 tsec 1.1670
#GCMRL#  478 dt   0.112000 rms  0.517  0.082% neg 0  invalid 762 tFOTS 0.0000 tGradient 0.8080 tsec 1.1350
#GCMRL#  479 dt   0.112000 rms  0.517  0.075% neg 0  invalid 762 tFOTS 0.0000 tGradient 0.8270 tsec 1.1590
#GCMRL#  480 dt   0.112000 rms  0.516  0.063% neg 0  invalid 762 tFOTS 0.0000 tGradient 0.7840 tsec 1.1080
#GCMRL#  481 dt   0.112000 rms  0.516  0.055% neg 0  invalid 762 tFOTS 0.0000 tGradient 0.7850 tsec 1.1100
#GCMRL#  482 dt   0.112000 rms  0.516  0.045% neg 0  invalid 762 tFOTS 0.0000 tGradient 0.7740 tsec 1.1060
#GCMRL#  483 dt   0.112000 rms  0.515  0.038% neg 0  invalid 762 tFOTS 0.0000 tGradient 0.7800 tsec 1.1050
#GCMRL#  484 dt   0.112000 rms  0.515  0.030% neg 0  invalid 762 tFOTS 0.0000 tGradient 0.7790 tsec 1.1120
#GCMRL#  485 dt   0.112000 rms  0.515  0.023% neg 0  invalid 762 tFOTS 0.0000 tGradient 0.7770 tsec 1.1080
#GCMRL#  486 dt   0.112000 rms  0.515  0.016% neg 0  invalid 762 tFOTS 0.0000 tGradient 0.7700 tsec 1.1270
#GCMRL#  487 dt   0.050000 rms  0.515  0.000% neg 0  invalid 762 tFOTS 3.5820 tGradient 0.8490 tsec 4.7940

#GCAMreg# pass 0 level1 0 level2 1 tsec 82.376 sigma 0.5
l_jacobian=1.00 l_label=1.00 l_log_likelihood=0.20 l_smoothness=2.00 
tol=5.00e-02, dt=5.00e-02, exp_k=20.0, momentum=0.90, levels=6, niter=500, lbl_dist=10.00, avgs=0, sigma=0.5,type=2, relabel=0, neg=no

blurring input image with Gaussian with sigma=0.500...
GCAMRegisterLevel(): init RMS 0.51602
#FOTS# QuadFit found better minimum quadopt=(dt=0.125,rms=0.514248) vs oldopt=(dt=0.08,rms=0.514554)
#GCMRL#  489 dt   0.125000 rms  0.514  0.343% neg 0  invalid 762 tFOTS 3.8160 tGradient 0.7500 tsec 4.9460
#FOTS# QuadFit found better minimum quadopt=(dt=0.112,rms=0.513675) vs oldopt=(dt=0.08,rms=0.513834)
#GCMRL#  490 dt   0.112000 rms  0.514  0.111% neg 0  invalid 762 tFOTS 3.5940 tGradient 0.8220 tsec 4.7840
#FOTS# QuadFit found better minimum quadopt=(dt=0.112,rms=0.513269) vs oldopt=(dt=0.08,rms=0.513388)
#GCMRL#  491 dt   0.112000 rms  0.513  0.079% neg 0  invalid 762 tFOTS 3.6170 tGradient 0.7410 tsec 4.7000
#FOTS# QuadFit found better minimum quadopt=(dt=0.112,rms=0.512939) vs oldopt=(dt=0.08,rms=0.513029)
#GCMRL#  492 dt   0.112000 rms  0.513  0.064% neg 0  invalid 762 tFOTS 3.5500 tGradient 0.7480 tsec 4.6360
#FOTS# QuadFit found better minimum quadopt=(dt=0.112,rms=0.512709) vs oldopt=(dt=0.08,rms=0.512777)
#GCMRL#  493 dt   0.112000 rms  0.513  0.000% neg 0  invalid 762 tFOTS 3.7400 tGradient 0.7650 tsec 4.8570
#GCMRL#  494 dt   0.112000 rms  0.513  0.039% neg 0  invalid 762 tFOTS 0.0000 tGradient 0.7820 tsec 1.0970
#GCMRL#  495 dt   0.112000 rms  0.512  0.054% neg 0  invalid 762 tFOTS 0.0000 tGradient 0.7770 tsec 1.0940
#GCMRL#  496 dt   0.112000 rms  0.512  0.060% neg 0  invalid 762 tFOTS 0.0000 tGradient 0.7350 tsec 1.0690
#GCMRL#  497 dt   0.112000 rms  0.512  0.051% neg 0  invalid 762 tFOTS 0.0000 tGradient 0.7360 tsec 1.0480
#GCMRL#  498 dt   0.112000 rms  0.512  0.024% neg 0  invalid 762 tFOTS 0.0000 tGradient 0.8340 tsec 1.1440
#GCMRL#  499 dt   0.112000 rms  0.512 -0.002% neg 0  invalid 762 tFOTS 0.0000 tGradient 0.7020 tsec 1.2660
GCAMregister done in 27.4976 min
********************* ALLOWING NEGATIVE NODES IN DEFORMATION********************************
noneg post
Starting GCAMregister()
label assignment complete, 0 changed (0.00%)
npasses = 1, nlevels = 6
#pass# 1 of 1 ************************
enabling zero nodes
setting smoothness cost coefficient to 0.008

#GCAMreg# pass 0 level1 5 level2 0 tsec 0 sigma 2
l_jacobian=1.00 l_label=1.00 l_log_likelihood=0.20 l_smoothness=0.01 
tol=2.50e-01, dt=5.00e-02, exp_k=20.0, momentum=0.90, levels=6, niter=500, lbl_dist=10.00, avgs=256, sigma=2.0,type=2, relabel=0, neg=yes

blurring input image with Gaussian with sigma=2.000...
GCAMRegisterLevel(): init RMS 0.509346
#FOTS# QuadFit found better minimum quadopt=(dt=129.472,rms=0.508058) vs oldopt=(dt=92.48,rms=0.508132)
#GCMRL#  501 dt 129.472000 rms  0.508  0.253% neg 0  invalid 762 tFOTS 4.8340 tGradient 2.5500 tsec 7.7590
#FOTS# QuadFit found better minimum quadopt=(dt=295.936,rms=0.507816) vs oldopt=(dt=369.92,rms=0.507832)
#GCMRL#  502 dt 295.936000 rms  0.508  0.000% neg 0  invalid 762 tFOTS 4.8670 tGradient 2.9910 tsec 8.2160

#GCAMreg# pass 0 level1 5 level2 1 tsec 28.814 sigma 0.5
l_jacobian=1.00 l_label=1.00 l_log_likelihood=0.20 l_smoothness=0.01 
tol=2.50e-01, dt=5.00e-02, exp_k=20.0, momentum=0.90, levels=6, niter=500, lbl_dist=10.00, avgs=256, sigma=0.5,type=2, relabel=0, neg=yes

blurring input image with Gaussian with sigma=0.500...
GCAMRegisterLevel(): init RMS 0.508738
#FOTS# QuadFit found better minimum quadopt=(dt=129.472,rms=0.507416) vs oldopt=(dt=92.48,rms=0.507477)
#GCMRL#  504 dt 129.472000 rms  0.507  0.260% neg 0  invalid 762 tFOTS 4.5790 tGradient 3.0020 tsec 7.9460
#FOTS# QuadFit found better minimum quadopt=(dt=221.952,rms=0.507034) vs oldopt=(dt=369.92,rms=0.507106)
#GCMRL#  505 dt 221.952000 rms  0.507  0.000% neg 0  invalid 762 tFOTS 4.4830 tGradient 3.1070 tsec 7.9340
setting smoothness cost coefficient to 0.031

#GCAMreg# pass 0 level1 4 level2 0 tsec 0 sigma 2
l_jacobian=1.00 l_label=1.00 l_log_likelihood=0.20 l_smoothness=0.03 
tol=2.50e-01, dt=5.00e-02, exp_k=20.0, momentum=0.90, levels=6, niter=500, lbl_dist=10.00, avgs=64, sigma=2.0,type=2, relabel=0, neg=yes

blurring input image with Gaussian with sigma=2.000...
GCAMRegisterLevel(): init RMS 0.507962
#FOTS# QuadFit found better minimum quadopt=(dt=108.606,rms=0.505177) vs oldopt=(dt=103.68,rms=0.505178)
#GCMRL#  507 dt 108.606061 rms  0.505  0.548% neg 0  invalid 762 tFOTS 5.0610 tGradient 2.2240 tsec 7.6000
#FOTS# QuadFit found better minimum quadopt=(dt=72.7843,rms=0.503606) vs oldopt=(dt=103.68,rms=0.503834)
#GCMRL#  508 dt  72.784314 rms  0.504  0.311% neg 0  invalid 762 tFOTS 5.2160 tGradient 2.1320 tsec 7.7160
#FOTS# QuadFit found better minimum quadopt=(dt=36.288,rms=0.503118) vs oldopt=(dt=25.92,rms=0.503167)
#GCMRL#  509 dt  36.288000 rms  0.503  0.000% neg 0  invalid 762 tFOTS 4.9580 tGradient 2.4190 tsec 7.7260
#GCMRL#  510 dt  36.288000 rms  0.503  0.093% neg 0  invalid 762 tFOTS 0.0000 tGradient 2.0720 tsec 2.4100
#GCMRL#  511 dt  36.288000 rms  0.502  0.121% neg 0  invalid 762 tFOTS 0.0000 tGradient 2.1250 tsec 2.4260
#GCMRL#  512 dt  36.288000 rms  0.501  0.134% neg 0  invalid 762 tFOTS 0.0000 tGradient 1.9910 tsec 2.3420
#GCMRL#  513 dt  36.288000 rms  0.501  0.127% neg 0  invalid 762 tFOTS 0.0000 tGradient 2.3310 tsec 2.6290
#GCMRL#  514 dt  36.288000 rms  0.500  0.128% neg 0  invalid 762 tFOTS 0.0000 tGradient 2.3780 tsec 2.6860
#GCMRL#  515 dt  36.288000 rms  0.500  0.108% neg 0  invalid 762 tFOTS 0.0000 tGradient 2.3330 tsec 2.6180
#GCMRL#  516 dt  36.288000 rms  0.499  0.071% neg 0  invalid 762 tFOTS 0.0000 tGradient 2.1550 tsec 2.4990
#FOTS# QuadFit found better minimum quadopt=(dt=124.416,rms=0.499006) vs oldopt=(dt=103.68,rms=0.499011)
#GCMRL#  517 dt 124.416000 rms  0.499  0.000% neg 0  invalid 762 tFOTS 4.8400 tGradient 2.0900 tsec 7.3220
#GCMRL#  518 dt 124.416000 rms  0.499  0.002% neg 0  invalid 762 tFOTS 0.0000 tGradient 2.2750 tsec 2.6520

#GCAMreg# pass 0 level1 4 level2 1 tsec 62.829 sigma 0.5
l_jacobian=1.00 l_label=1.00 l_log_likelihood=0.20 l_smoothness=0.03 
tol=2.50e-01, dt=5.00e-02, exp_k=20.0, momentum=0.90, levels=6, niter=500, lbl_dist=10.00, avgs=64, sigma=0.5,type=2, relabel=0, neg=yes

blurring input image with Gaussian with sigma=0.500...
GCAMRegisterLevel(): init RMS 0.4998
#FOTS# QuadFit found better minimum quadopt=(dt=36.288,rms=0.497654) vs oldopt=(dt=25.92,rms=0.497839)
#GCMRL#  520 dt  36.288000 rms  0.498  0.429% neg 0  invalid 762 tFOTS 5.2780 tGradient 2.3760 tsec 8.0310
#FOTS# QuadFit found better minimum quadopt=(dt=145.152,rms=0.496265) vs oldopt=(dt=103.68,rms=0.49641)
#GCMRL#  521 dt 145.152000 rms  0.496  0.279% neg 0  invalid 762 tFOTS 4.3520 tGradient 1.9680 tsec 6.6400
#FOTS# QuadFit found better minimum quadopt=(dt=36.288,rms=0.4958) vs oldopt=(dt=25.92,rms=0.495836)
#GCMRL#  522 dt  36.288000 rms  0.496  0.000% neg 0  invalid 762 tFOTS 5.1250 tGradient 1.9320 tsec 7.4050
#GCMRL#  523 dt  36.288000 rms  0.496  0.037% neg 0  invalid 762 tFOTS 0.0000 tGradient 2.1570 tsec 2.5360
#GCMRL#  524 dt  36.288000 rms  0.495  0.056% neg 0  invalid 762 tFOTS 0.0000 tGradient 2.2820 tsec 2.6330
#GCMRL#  525 dt  36.288000 rms  0.495  0.073% neg 0  invalid 762 tFOTS 0.0000 tGradient 2.2040 tsec 2.5080
#GCMRL#  526 dt  36.288000 rms  0.495  0.077% neg 0  invalid 762 tFOTS 0.0000 tGradient 2.2530 tsec 2.6100
#GCMRL#  527 dt  36.288000 rms  0.494  0.090% neg 0  invalid 762 tFOTS 0.0000 tGradient 2.4570 tsec 2.8000
#GCMRL#  528 dt  36.288000 rms  0.494  0.087% neg 0  invalid 762 tFOTS 0.0000 tGradient 2.0820 tsec 2.4200
#GCMRL#  529 dt  36.288000 rms  0.493  0.091% neg 0  invalid 762 tFOTS 0.0000 tGradient 2.2310 tsec 2.5620
#GCMRL#  530 dt  36.288000 rms  0.493  0.089% neg 0  invalid 762 tFOTS 0.0000 tGradient 2.3750 tsec 2.7040
#FOTS# QuadFit found better minimum quadopt=(dt=145.152,rms=0.49269) vs oldopt=(dt=103.68,rms=0.492721)
setting smoothness cost coefficient to 0.118

#GCAMreg# pass 0 level1 3 level2 0 tsec 0 sigma 2
l_jacobian=1.00 l_label=1.00 l_log_likelihood=0.20 l_smoothness=0.12 
tol=2.50e-01, dt=5.00e-02, exp_k=20.0, momentum=0.90, levels=6, niter=500, lbl_dist=10.00, avgs=16, sigma=2.0,type=2, relabel=0, neg=yes

blurring input image with Gaussian with sigma=2.000...
GCAMRegisterLevel(): init RMS 0.49443
#FOTS# QuadFit found better minimum quadopt=(dt=62.9404,rms=0.489348) vs oldopt=(dt=32,rms=0.490139)
iter 0, gcam->neg = 6
after 4 iterations, nbhd size=0, neg = 0
#GCMRL#  532 dt  62.940397 rms  0.489  1.023% neg 0  invalid 762 tFOTS 5.1370 tGradient 1.7960 tsec 10.0810
#FOTS# QuadFit found better minimum quadopt=(dt=44.8,rms=0.486061) vs oldopt=(dt=32,rms=0.486274)
iter 0, gcam->neg = 14
after 6 iterations, nbhd size=0, neg = 0
#GCMRL#  533 dt  44.800000 rms  0.486  0.674% neg 0  invalid 762 tFOTS 4.8400 tGradient 1.4750 tsec 10.4020
#FOTS# QuadFit found better minimum quadopt=(dt=25.6,rms=0.484052) vs oldopt=(dt=32,rms=0.484172)
#GCMRL#  534 dt  25.600000 rms  0.484  0.416% neg 0  invalid 762 tFOTS 5.0270 tGradient 1.6290 tsec 7.0620
#FOTS# QuadFit found better minimum quadopt=(dt=44.8,rms=0.482637) vs oldopt=(dt=32,rms=0.482758)
iter 0, gcam->neg = 5
after 1 iterations, nbhd size=0, neg = 0
#GCMRL#  535 dt  44.800000 rms  0.483  0.291% neg 0  invalid 762 tFOTS 4.8990 tGradient 1.4910 tsec 8.1510
#FOTS# QuadFit found better minimum quadopt=(dt=29.5962,rms=0.481315) vs oldopt=(dt=32,rms=0.481341)
iter 0, gcam->neg = 1
after 7 iterations, nbhd size=1, neg = 0
#GCMRL#  536 dt  29.596244 rms  0.481  0.272% neg 0  invalid 762 tFOTS 4.7400 tGradient 1.4200 tsec 10.5650
#FOTS# QuadFit found better minimum quadopt=(dt=25.6,rms=0.480568) vs oldopt=(dt=32,rms=0.480619)
iter 0, gcam->neg = 1
after 1 iterations, nbhd size=0, neg = 0
#GCMRL#  537 dt  25.600000 rms  0.481  0.000% neg 0  invalid 762 tFOTS 4.7710 tGradient 1.4340 tsec 8.0960
iter 0, gcam->neg = 3
after 11 iterations, nbhd size=1, neg = 0
#GCMRL#  538 dt  25.600000 rms  0.480  0.185% neg 0  invalid 762 tFOTS 0.0000 tGradient 1.3830 tsec 7.8650
iter 0, gcam->neg = 2
after 1 iterations, nbhd size=0, neg = 0
#GCMRL#  539 dt  25.600000 rms  0.479  0.227% neg 0  invalid 762 tFOTS 0.0000 tGradient 1.3820 tsec 3.2300
iter 0, gcam->neg = 2
after 3 iterations, nbhd size=0, neg = 0
#GCMRL#  540 dt  25.600000 rms  0.477  0.250% neg 0  invalid 762 tFOTS 0.0000 tGradient 1.3820 tsec 4.1750
iter 0, gcam->neg = 9
after 9 iterations, nbhd size=1, neg = 0
#GCMRL#  541 dt  25.600000 rms  0.476  0.380% neg 0  invalid 762 tFOTS 0.0000 tGradient 1.3640 tsec 6.8830
iter 0, gcam->neg = 7
after 13 iterations, nbhd size=1, neg = 0
#GCMRL#  542 dt  25.600000 rms  0.474  0.334% neg 0  invalid 762 tFOTS 0.0000 tGradient 1.4440 tsec 8.6460
iter 0, gcam->neg = 11
after 11 iterations, nbhd size=1, neg = 0
#GCMRL#  543 dt  25.600000 rms  0.473  0.272% neg 0  invalid 762 tFOTS 0.0000 tGradient 1.3950 tsec 7.8720
iter 0, gcam->neg = 7
after 3 iterations, nbhd size=0, neg = 0
#GCMRL#  544 dt  25.600000 rms  0.472  0.188% neg 0  invalid 762 tFOTS 0.0000 tGradient 1.5010 tsec 4.3010
iter 0, gcam->neg = 7
after 11 iterations, nbhd size=1, neg = 0
#GCMRL#  545 dt  25.600000 rms  0.470  0.300% neg 0  invalid 762 tFOTS 0.0000 tGradient 1.4540 tsec 7.9170
iter 0, gcam->neg = 6
after 3 iterations, nbhd size=0, neg = 0
#GCMRL#  546 dt  25.600000 rms  0.469  0.197% neg 0  invalid 762 tFOTS 0.0000 tGradient 1.4570 tsec 4.2110
iter 0, gcam->neg = 5
after 3 iterations, nbhd size=0, neg = 0
#GCMRL#  547 dt  25.600000 rms  0.469  0.156% neg 0  invalid 762 tFOTS 0.0000 tGradient 1.5190 tsec 4.3840
iter 0, gcam->neg = 5
after 2 iterations, nbhd size=0, neg = 0
#GCMRL#  548 dt  25.600000 rms  0.468  0.087% neg 0  invalid 762 tFOTS 0.0000 tGradient 1.5220 tsec 3.9320
iter 0, gcam->neg = 7
after 3 iterations, nbhd size=0, neg = 0
#GCMRL#  549 dt  25.600000 rms  0.467  0.202% neg 0  invalid 762 tFOTS 0.0000 tGradient 1.4730 tsec 4.3190
iter 0, gcam->neg = 12
after 10 iterations, nbhd size=1, neg = 0
#GCMRL#  550 dt  25.600000 rms  0.467  0.064% neg 0  invalid 762 tFOTS 0.0000 tGradient 1.5230 tsec 7.7630
iter 0, gcam->neg = 16
after 6 iterations, nbhd size=0, neg = 0
#GCMRL#  551 dt  25.600000 rms  0.467  0.068% neg 0  invalid 762 tFOTS 0.0000 tGradient 1.5000 tsec 4.8620
iter 0, gcam->neg = 14
after 2 iterations, nbhd size=0, neg = 0
#GCMRL#  552 dt  25.600000 rms  0.467  0.010% neg 0  invalid 762 tFOTS 0.0000 tGradient 1.4800 tsec 3.4250
#FOTS# QuadFit found better minimum quadopt=(dt=19.2,rms=0.466298) vs oldopt=(dt=32,rms=0.466401)
iter 0, gcam->neg = 1
after 0 iterations, nbhd size=0, neg = 0
#GCMRL#  553 dt  19.200000 rms  0.466  0.092% neg 0  invalid 762 tFOTS 4.6750 tGradient 1.4860 tsec 7.3310
#FOTS# QuadFit found better minimum quadopt=(dt=11.2,rms=0.46626) vs oldopt=(dt=8,rms=0.466265)
iter 0, gcam->neg = 2
after 0 iterations, nbhd size=0, neg = 0
#GCMRL#  554 dt  11.200000 rms  0.466  0.000% neg 0  invalid 762 tFOTS 4.6610 tGradient 1.5030 tsec 7.3120
#GCMRL#  555 dt  11.200000 rms  0.466  0.012% neg 0  invalid 762 tFOTS 0.0000 tGradient 1.5050 tsec 1.8330
#GCMRL#  556 dt  11.200000 rms  0.466  0.024% neg 0  invalid 762 tFOTS 0.0000 tGradient 1.4450 tsec 1.7490
iter 0, gcam->neg = 3
after 4 iterations, nbhd size=0, neg = 0
#GCMRL#  557 dt  11.200000 rms  0.466  0.027% neg 0  invalid 762 tFOTS 0.0000 tGradient 1.4380 tsec 4.0280
iter 0, gcam->neg = 4
after 4 iterations, nbhd size=0, neg = 0
#GCMRL#  558 dt  11.200000 rms  0.466  0.025% neg 0  invalid 762 tFOTS 0.0000 tGradient 1.5120 tsec 4.1650
iter 0, gcam->neg = 9
after 4 iterations, nbhd size=0, neg = 0

#GCAMreg# pass 0 level1 3 level2 1 tsec 177.987 sigma 0.5
l_jacobian=1.00 l_label=1.00 l_log_likelihood=0.20 l_smoothness=0.12 
tol=2.50e-01, dt=5.00e-02, exp_k=20.0, momentum=0.90, levels=6, niter=500, lbl_dist=10.00, avgs=16, sigma=0.5,type=2, relabel=0, neg=yes

blurring input image with Gaussian with sigma=0.500...
GCAMRegisterLevel(): init RMS 0.466859
#FOTS# QuadFit found better minimum quadopt=(dt=44.8,rms=0.463868) vs oldopt=(dt=32,rms=0.464086)
iter 0, gcam->neg = 3
after 10 iterations, nbhd size=1, neg = 0
#GCMRL#  560 dt  44.800000 rms  0.464  0.621% neg 0  invalid 762 tFOTS 4.8170 tGradient 1.4090 tsec 11.0590
#GCMRL#  561 dt  32.000000 rms  0.463  0.000% neg 0  invalid 762 tFOTS 4.7780 tGradient 1.4100 tsec 6.5130
#GCMRL#  562 dt  32.000000 rms  0.463  0.098% neg 0  invalid 762 tFOTS 0.0000 tGradient 1.5150 tsec 1.8490
#GCMRL#  563 dt  32.000000 rms  0.462  0.159% neg 0  invalid 762 tFOTS 0.0000 tGradient 1.5650 tsec 1.9090
iter 0, gcam->neg = 1
after 2 iterations, nbhd size=0, neg = 0
#GCMRL#  564 dt  32.000000 rms  0.462  0.093% neg 0  invalid 762 tFOTS 0.0000 tGradient 1.4160 tsec 3.3540
iter 0, gcam->neg = 1
after 0 iterations, nbhd size=0, neg = 0
#GCMRL#  565 dt  32.000000 rms  0.461  0.044% neg 0  invalid 762 tFOTS 0.0000 tGradient 1.5240 tsec 2.6670
#FOTS# QuadFit found better minimum quadopt=(dt=11.2,rms=0.461402) vs oldopt=(dt=8,rms=0.461414)
iter 0, gcam->neg = 1
after 1 iterations, nbhd size=0, neg = 0
#GCMRL#  566 dt  11.200000 rms  0.461  0.000% neg 0  invalid 762 tFOTS 4.4860 tGradient 1.5680 tsec 7.6340
#GCMRL#  567 dt  11.200000 rms  0.461  0.029% neg 0  invalid 762 tFOTS 0.0000 tGradient 1.5480 tsec 1.8640
iter 0, gcam->neg = 1
after 0 iterations, nbhd size=0, neg = 0
#GCMRL#  568 dt  11.200000 rms  0.461  0.039% neg 0  invalid 762 tFOTS 0.0000 tGradient 1.4200 tsec 2.5380
#GCMRL#  569 dt  11.200000 rms  0.461  0.056% neg 0  invalid 762 tFOTS 0.0000 tGradient 1.4080 tsec 1.7050
iter 0, gcam->neg = 2
after 3 iterations, nbhd size=0, neg = 0
#GCMRL#  570 dt  11.200000 rms  0.461  0.056% neg 0  invalid 762 tFOTS 0.0000 tGradient 1.3730 tsec 3.5320
iter 0, gcam->neg = 2
after 2 iterations, nbhd size=0, neg = 0
#GCMRL#  571 dt  11.200000 rms  0.460  0.051% neg 0  invalid 762 tFOTS 0.0000 tGradient 1.4010 tsec 3.2590
iter 0, gcam->neg = 7
after 4 iterations, nbhd size=0, neg = 0
setting smoothness cost coefficient to 0.400

#GCAMreg# pass 0 level1 2 level2 0 tsec 0 sigma 2
l_jacobian=1.00 l_label=1.00 l_log_likelihood=0.20 l_smoothness=0.40 
tol=2.50e-01, dt=5.00e-02, exp_k=20.0, momentum=0.90, levels=6, niter=500, lbl_dist=10.00, avgs=4, sigma=2.0,type=2, relabel=0, neg=yes

blurring input image with Gaussian with sigma=2.000...
GCAMRegisterLevel(): init RMS 0.469758
#GCMRL#  573 dt   0.000176 rms  0.469  0.224% neg 0  invalid 762 tFOTS 5.5900 tGradient 1.3730 tsec 7.3140

#GCAMreg# pass 0 level1 2 level2 1 tsec 23.544 sigma 0.5
l_jacobian=1.00 l_label=1.00 l_log_likelihood=0.20 l_smoothness=0.40 
tol=2.50e-01, dt=5.00e-02, exp_k=20.0, momentum=0.90, levels=6, niter=500, lbl_dist=10.00, avgs=4, sigma=0.5,type=2, relabel=0, neg=yes

blurring input image with Gaussian with sigma=0.500...
GCAMRegisterLevel(): init RMS 0.469758
#FOTS# QuadFit found better minimum quadopt=(dt=0.252,rms=0.468701) vs oldopt=(dt=0.18,rms=0.468702)
#GCMRL#  575 dt   0.252000 rms  0.469  0.225% neg 0  invalid 762 tFOTS 4.8980 tGradient 1.5150 tsec 6.7310
#FOTS# QuadFit found better minimum quadopt=(dt=0.144,rms=0.468704) vs oldopt=(dt=0.18,rms=0.468704)
setting smoothness cost coefficient to 1.000

#GCAMreg# pass 0 level1 1 level2 0 tsec 0 sigma 2
l_jacobian=1.00 l_label=1.00 l_log_likelihood=0.20 l_smoothness=1.00 
tol=2.50e-01, dt=5.00e-02, exp_k=20.0, momentum=0.90, levels=6, niter=500, lbl_dist=10.00, avgs=1, sigma=2.0,type=2, relabel=0, neg=yes

blurring input image with Gaussian with sigma=2.000...
GCAMRegisterLevel(): init RMS 0.48717
#FOTS# QuadFit found better minimum quadopt=(dt=1.536,rms=0.483691) vs oldopt=(dt=1.28,rms=0.483717)
#GCMRL#  577 dt   1.536000 rms  0.484  0.714% neg 0  invalid 762 tFOTS 4.8560 tGradient 1.3830 tsec 6.5600
#FOTS# QuadFit found better minimum quadopt=(dt=0.384,rms=0.483623) vs oldopt=(dt=0.32,rms=0.483624)
#GCMRL#  578 dt   0.384000 rms  0.484  0.000% neg 0  invalid 762 tFOTS 5.0540 tGradient 1.2560 tsec 6.6580

#GCAMreg# pass 0 level1 1 level2 1 tsec 24.365 sigma 0.5
l_jacobian=1.00 l_label=1.00 l_log_likelihood=0.20 l_smoothness=1.00 
tol=2.50e-01, dt=5.00e-02, exp_k=20.0, momentum=0.90, levels=6, niter=500, lbl_dist=10.00, avgs=1, sigma=0.5,type=2, relabel=0, neg=yes

blurring input image with Gaussian with sigma=0.500...
GCAMRegisterLevel(): init RMS 0.484627
#FOTS# QuadFit found better minimum quadopt=(dt=1.024,rms=0.483181) vs oldopt=(dt=1.28,rms=0.483216)
iter 0, gcam->neg = 1
after 0 iterations, nbhd size=0, neg = 0
#GCMRL#  580 dt   1.024000 rms  0.483  0.298% neg 0  invalid 762 tFOTS 4.9290 tGradient 1.2640 tsec 7.3420
#FOTS# QuadFit found better minimum quadopt=(dt=0.256,rms=0.483173) vs oldopt=(dt=0.32,rms=0.483175)
#GCMRL#  581 dt   0.256000 rms  0.483  0.000% neg 0  invalid 762 tFOTS 4.7960 tGradient 1.2290 tsec 6.3670
resetting metric properties...
setting smoothness cost coefficient to 2.000

#GCAMreg# pass 0 level1 0 level2 0 tsec 0 sigma 2
l_jacobian=1.00 l_label=1.00 l_log_likelihood=0.20 l_smoothness=2.00 
tol=2.50e-01, dt=5.00e-02, exp_k=20.0, momentum=0.90, levels=6, niter=500, lbl_dist=10.00, avgs=0, sigma=2.0,type=2, relabel=0, neg=yes

blurring input image with Gaussian with sigma=2.000...
GCAMRegisterLevel(): init RMS 0.469334
#FOTS# QuadFit found better minimum quadopt=(dt=2.06491,rms=0.437477) vs oldopt=(dt=1.28,rms=0.442158)
iter 0, gcam->neg = 1100
after 18 iterations, nbhd size=1, neg = 0
#GCMRL#  583 dt   2.064915 rms  0.440  6.201% neg 0  invalid 762 tFOTS 4.9590 tGradient 0.7930 tsec 13.9870
#FOTS# QuadFit found better minimum quadopt=(dt=0.048,rms=0.440085) vs oldopt=(dt=0.08,rms=0.440112)
#GCMRL#  584 dt   0.048000 rms  0.440  0.000% neg 0  invalid 762 tFOTS 5.0590 tGradient 0.8550 tsec 6.2830

#GCAMreg# pass 0 level1 0 level2 1 tsec 31.113 sigma 0.5
l_jacobian=1.00 l_label=1.00 l_log_likelihood=0.20 l_smoothness=2.00 
tol=2.50e-01, dt=5.00e-02, exp_k=20.0, momentum=0.90, levels=6, niter=500, lbl_dist=10.00, avgs=0, sigma=0.5,type=2, relabel=0, neg=yes

blurring input image with Gaussian with sigma=0.500...
GCAMRegisterLevel(): init RMS 0.44126
#FOTS# QuadFit found better minimum quadopt=(dt=0.064,rms=0.439969) vs oldopt=(dt=0.08,rms=0.439982)
#GCMRL#  586 dt   0.064000 rms  0.440  0.293% neg 0  invalid 762 tFOTS 4.9000 tGradient 0.8540 tsec 6.1290
#GCMRL#  587 dt   0.050000 rms  0.440  0.000% neg 0  invalid 762 tFOTS 4.3430 tGradient 0.7850 tsec 5.4750
label assignment complete, 0 changed (0.00%)
GCAMregister done in 8.66953 min
Starting GCAMcomputeMaxPriorLabels()
Morphing with label term set to 0 *******************************
Starting GCAMregister()
label assignment complete, 0 changed (0.00%)
npasses = 1, nlevels = 6
#pass# 1 of 1 ************************
enabling zero nodes
setting smoothness cost coefficient to 0.008

#GCAMreg# pass 0 level1 5 level2 0 tsec 0 sigma 2
l_jacobian=1.00 l_log_likelihood=0.20 l_smoothness=0.01 
tol=2.50e-01, dt=5.00e-02, exp_k=20.0, momentum=0.90, levels=6, niter=500, lbl_dist=10.00, avgs=256, sigma=2.0,type=2, relabel=0, neg=yes

blurring input image with Gaussian with sigma=2.000...
GCAMRegisterLevel(): init RMS 0.426118

#GCAMreg# pass 0 level1 5 level2 1 tsec 12.926 sigma 0.5
l_jacobian=1.00 l_log_likelihood=0.20 l_smoothness=0.01 
tol=2.50e-01, dt=5.00e-02, exp_k=20.0, momentum=0.90, levels=6, niter=500, lbl_dist=10.00, avgs=256, sigma=0.5,type=2, relabel=0, neg=yes

blurring input image with Gaussian with sigma=0.500...
GCAMRegisterLevel(): init RMS 0.426118
#FOTS# QuadFit found better minimum quadopt=(dt=55.488,rms=0.426089) vs oldopt=(dt=92.48,rms=0.426096)
#GCMRL#  590 dt  55.488000 rms  0.426  0.007% neg 0  invalid 762 tFOTS 4.3910 tGradient 2.3710 tsec 7.0720
#FOTS# QuadFit found better minimum quadopt=(dt=110.976,rms=0.426067) vs oldopt=(dt=92.48,rms=0.426068)
#GCMRL#  591 dt 110.976000 rms  0.426  0.000% neg 0  invalid 762 tFOTS 4.2720 tGradient 2.3910 tsec 7.0170
#GCMRL#  592 dt 110.976000 rms  0.426  0.007% neg 0  invalid 762 tFOTS 0.0000 tGradient 2.1910 tsec 2.4880
#GCMRL#  593 dt 110.976000 rms  0.426  0.007% neg 0  invalid 762 tFOTS 0.0000 tGradient 2.2150 tsec 2.5150
#GCMRL#  594 dt 110.976000 rms  0.426  0.004% neg 0  invalid 762 tFOTS 0.0000 tGradient 2.1290 tsec 2.5440
setting smoothness cost coefficient to 0.031

#GCAMreg# pass 0 level1 4 level2 0 tsec 0 sigma 2
l_jacobian=1.00 l_log_likelihood=0.20 l_smoothness=0.03 
tol=2.50e-01, dt=5.00e-02, exp_k=20.0, momentum=0.90, levels=6, niter=500, lbl_dist=10.00, avgs=64, sigma=2.0,type=2, relabel=0, neg=yes

blurring input image with Gaussian with sigma=2.000...
GCAMRegisterLevel(): init RMS 0.426162
#FOTS# QuadFit found better minimum quadopt=(dt=4.92308,rms=0.426158) vs oldopt=(dt=6.48,rms=0.426159)
#GCMRL#  596 dt   4.923077 rms  0.426  0.001% neg 0  invalid 762 tFOTS 4.3490 tGradient 1.7210 tsec 6.3700
#GCMRL#  597 dt   0.405000 rms  0.426  0.000% neg 0  invalid 762 tFOTS 4.3660 tGradient 1.4980 tsec 6.1940
#GCMRL#  598 dt   0.405000 rms  0.426  0.000% neg 0  invalid 762 tFOTS 0.0000 tGradient 1.4560 tsec 1.7330

#GCAMreg# pass 0 level1 4 level2 1 tsec 22.151 sigma 0.5
l_jacobian=1.00 l_log_likelihood=0.20 l_smoothness=0.03 
tol=2.50e-01, dt=5.00e-02, exp_k=20.0, momentum=0.90, levels=6, niter=500, lbl_dist=10.00, avgs=64, sigma=0.5,type=2, relabel=0, neg=yes

blurring input image with Gaussian with sigma=0.500...
GCAMRegisterLevel(): init RMS 0.426158
#FOTS# QuadFit found better minimum quadopt=(dt=145.152,rms=0.425522) vs oldopt=(dt=103.68,rms=0.42564)
#GCMRL#  600 dt 145.152000 rms  0.426  0.149% neg 0  invalid 762 tFOTS 4.2610 tGradient 1.8390 tsec 6.4040
#FOTS# QuadFit found better minimum quadopt=(dt=124.416,rms=0.425323) vs oldopt=(dt=103.68,rms=0.425325)
#GCMRL#  601 dt 124.416000 rms  0.425  0.000% neg 0  invalid 762 tFOTS 4.3080 tGradient 1.5090 tsec 6.1480
#GCMRL#  602 dt 124.416000 rms  0.425  0.005% neg 0  invalid 762 tFOTS 0.0000 tGradient 1.4740 tsec 1.7690
#GCMRL#  603 dt 124.416000 rms  0.425  0.063% neg 0  invalid 762 tFOTS 0.0000 tGradient 1.4660 tsec 1.7650
iter 0, gcam->neg = 1
after 6 iterations, nbhd size=1, neg = 0
#GCMRL#  604 dt 124.416000 rms  0.425  0.048% neg 0  invalid 762 tFOTS 0.0000 tGradient 1.4720 tsec 4.7630
setting smoothness cost coefficient to 0.118

#GCAMreg# pass 0 level1 3 level2 0 tsec 0 sigma 2
l_jacobian=1.00 l_log_likelihood=0.20 l_smoothness=0.12 
tol=2.50e-01, dt=5.00e-02, exp_k=20.0, momentum=0.90, levels=6, niter=500, lbl_dist=10.00, avgs=16, sigma=2.0,type=2, relabel=0, neg=yes

blurring input image with Gaussian with sigma=2.000...
GCAMRegisterLevel(): init RMS 0.425452
#FOTS# QuadFit found better minimum quadopt=(dt=24.8,rms=0.424503) vs oldopt=(dt=32,rms=0.424627)
#GCMRL#  606 dt  24.800000 rms  0.425  0.223% neg 0  invalid 762 tFOTS 4.3290 tGradient 1.1890 tsec 5.8090
#FOTS# QuadFit found better minimum quadopt=(dt=44.8,rms=0.423901) vs oldopt=(dt=32,rms=0.423946)
iter 0, gcam->neg = 6
after 15 iterations, nbhd size=1, neg = 0
#GCMRL#  607 dt  44.800000 rms  0.424  0.000% neg 0  invalid 762 tFOTS 4.5130 tGradient 1.1420 tsec 12.6660
iter 0, gcam->neg = 7
after 11 iterations, nbhd size=1, neg = 0
#GCMRL#  608 dt  44.800000 rms  0.423  0.106% neg 0  invalid 762 tFOTS 0.0000 tGradient 1.2940 tsec 6.5450
iter 0, gcam->neg = 32
after 16 iterations, nbhd size=1, neg = 0
#GCMRL#  609 dt  44.800000 rms  0.423  0.092% neg 0  invalid 762 tFOTS 0.0000 tGradient 1.2970 tsec 8.5590
iter 0, gcam->neg = 46
after 14 iterations, nbhd size=1, neg = 0

#GCAMreg# pass 0 level1 3 level2 1 tsec 47.322 sigma 0.5
l_jacobian=1.00 l_log_likelihood=0.20 l_smoothness=0.12 
tol=2.50e-01, dt=5.00e-02, exp_k=20.0, momentum=0.90, levels=6, niter=500, lbl_dist=10.00, avgs=16, sigma=0.5,type=2, relabel=0, neg=yes

blurring input image with Gaussian with sigma=0.500...
GCAMRegisterLevel(): init RMS 0.423109
#FOTS# QuadFit found better minimum quadopt=(dt=61.4054,rms=0.420439) vs oldopt=(dt=32,rms=0.42088)
iter 0, gcam->neg = 3
after 9 iterations, nbhd size=1, neg = 0
#GCMRL#  611 dt  61.405405 rms  0.420  0.623% neg 0  invalid 762 tFOTS 5.1820 tGradient 1.3040 tsec 10.7870
#FOTS# QuadFit found better minimum quadopt=(dt=25.6,rms=0.419291) vs oldopt=(dt=32,rms=0.419329)
iter 0, gcam->neg = 1
after 4 iterations, nbhd size=0, neg = 0
#GCMRL#  612 dt  25.600000 rms  0.419  0.281% neg 0  invalid 762 tFOTS 4.9440 tGradient 1.4730 tsec 8.9060
#GCMRL#  613 dt  32.000000 rms  0.419  0.000% neg 0  invalid 762 tFOTS 4.4380 tGradient 1.1650 tsec 5.9330
#GCMRL#  614 dt  32.000000 rms  0.419  0.078% neg 0  invalid 762 tFOTS 0.0000 tGradient 1.1510 tsec 1.4440
iter 0, gcam->neg = 2
after 2 iterations, nbhd size=0, neg = 0
#GCMRL#  615 dt  32.000000 rms  0.418  0.149% neg 0  invalid 762 tFOTS 0.0000 tGradient 1.1930 tsec 3.0270
iter 0, gcam->neg = 6
after 3 iterations, nbhd size=0, neg = 0
#GCMRL#  616 dt  32.000000 rms  0.417  0.207% neg 0  invalid 762 tFOTS 0.0000 tGradient 1.2130 tsec 3.5150
iter 0, gcam->neg = 13
after 17 iterations, nbhd size=1, neg = 0
#GCMRL#  617 dt  32.000000 rms  0.416  0.225% neg 0  invalid 762 tFOTS 0.0000 tGradient 1.3810 tsec 8.4910
iter 0, gcam->neg = 32
after 8 iterations, nbhd size=0, neg = 0
#GCMRL#  618 dt  32.000000 rms  0.415  0.175% neg 0  invalid 762 tFOTS 0.0000 tGradient 1.4960 tsec 5.3550
iter 0, gcam->neg = 36
after 18 iterations, nbhd size=1, neg = 0
#GCMRL#  619 dt  32.000000 rms  0.415  0.080% neg 0  invalid 762 tFOTS 0.0000 tGradient 1.1810 tsec 8.8040
iter 0, gcam->neg = 39
after 16 iterations, nbhd size=0, neg = 0
#GCMRL#  620 dt  32.000000 rms  0.415 -0.057% neg 0  invalid 762 tFOTS 0.0000 tGradient 1.3080 tsec 8.3540
setting smoothness cost coefficient to 0.400

#GCAMreg# pass 0 level1 2 level2 0 tsec 0 sigma 2
l_jacobian=1.00 l_log_likelihood=0.20 l_smoothness=0.40 
tol=2.50e-01, dt=5.00e-02, exp_k=20.0, momentum=0.90, levels=6, niter=500, lbl_dist=10.00, avgs=4, sigma=2.0,type=2, relabel=0, neg=yes

blurring input image with Gaussian with sigma=2.000...
GCAMRegisterLevel(): init RMS 0.419473
#FOTS# QuadFit found better minimum quadopt=(dt=4,rms=0.419305) vs oldopt=(dt=2.88,rms=0.419313)
iter 0, gcam->neg = 5
after 1 iterations, nbhd size=0, neg = 0
#GCMRL#  622 dt   4.000000 rms  0.419  0.039% neg 0  invalid 762 tFOTS 4.6790 tGradient 0.9810 tsec 7.1040
iter 0, gcam->neg = 4
after 5 iterations, nbhd size=0, neg = 0
#GCMRL#  623 dt   2.880000 rms  0.419  0.000% neg 0  invalid 762 tFOTS 4.7780 tGradient 1.0210 tsec 8.7800
iter 0, gcam->neg = 3
after 2 iterations, nbhd size=0, neg = 0
#GCMRL#  624 dt   2.880000 rms  0.419  0.005% neg 0  invalid 762 tFOTS 0.0000 tGradient 1.0500 tsec 2.8650
iter 0, gcam->neg = 3
after 2 iterations, nbhd size=0, neg = 0

#GCAMreg# pass 0 level1 2 level2 1 tsec 28 sigma 0.5
l_jacobian=1.00 l_log_likelihood=0.20 l_smoothness=0.40 
tol=2.50e-01, dt=5.00e-02, exp_k=20.0, momentum=0.90, levels=6, niter=500, lbl_dist=10.00, avgs=4, sigma=0.5,type=2, relabel=0, neg=yes

blurring input image with Gaussian with sigma=0.500...
GCAMRegisterLevel(): init RMS 0.419233
#FOTS# QuadFit found better minimum quadopt=(dt=14.7606,rms=0.418323) vs oldopt=(dt=11.52,rms=0.418369)
iter 0, gcam->neg = 8
after 5 iterations, nbhd size=0, neg = 0
#GCMRL#  626 dt  14.760563 rms  0.418  0.207% neg 0  invalid 762 tFOTS 4.9830 tGradient 1.2940 tsec 9.2920
#FOTS# QuadFit found better minimum quadopt=(dt=29.2766,rms=0.416765) vs oldopt=(dt=46.08,rms=0.417262)
iter 0, gcam->neg = 71
after 17 iterations, nbhd size=1, neg = 0
#GCMRL#  627 dt  29.276596 rms  0.417  0.309% neg 0  invalid 762 tFOTS 4.7440 tGradient 1.0700 tsec 13.3630
#FOTS# QuadFit found better minimum quadopt=(dt=10.3158,rms=0.416394) vs oldopt=(dt=11.52,rms=0.416406)
iter 0, gcam->neg = 20
after 20 iterations, nbhd size=1, neg = 0
#GCMRL#  628 dt  10.315789 rms  0.417  0.000% neg 0  invalid 762 tFOTS 4.9100 tGradient 1.0800 tsec 14.6510
iter 0, gcam->neg = 16
after 7 iterations, nbhd size=0, neg = 0
#GCMRL#  629 dt  10.315789 rms  0.416  0.079% neg 0  invalid 762 tFOTS 0.0000 tGradient 1.1730 tsec 4.8430
iter 0, gcam->neg = 29
after 26 iterations, nbhd size=2, neg = 0
#GCMRL#  630 dt  10.315789 rms  0.416  0.036% neg 0  invalid 762 tFOTS 0.0000 tGradient 1.1640 tsec 11.9440
iter 0, gcam->neg = 63
after 23 iterations, nbhd size=1, neg = 0
#GCMRL#  631 dt  10.315789 rms  0.416  0.037% neg 0  invalid 762 tFOTS 0.0000 tGradient 1.0110 tsec 10.2580
iter 0, gcam->neg = 71
after 30 iterations, nbhd size=1, neg = 0
setting smoothness cost coefficient to 1.000

#GCAMreg# pass 0 level1 1 level2 0 tsec 0 sigma 2
l_jacobian=1.00 l_log_likelihood=0.20 l_smoothness=1.00 
tol=2.50e-01, dt=5.00e-02, exp_k=20.0, momentum=0.90, levels=6, niter=500, lbl_dist=10.00, avgs=1, sigma=2.0,type=2, relabel=0, neg=yes

blurring input image with Gaussian with sigma=2.000...
GCAMRegisterLevel(): init RMS 0.422896
#GCMRL#  633 dt   0.000050 rms  0.423  0.000% neg 0  invalid 762 tFOTS 5.9530 tGradient 0.8620 tsec 7.1100

#GCAMreg# pass 0 level1 1 level2 1 tsec 18.51 sigma 0.5
l_jacobian=1.00 l_log_likelihood=0.20 l_smoothness=1.00 
tol=2.50e-01, dt=5.00e-02, exp_k=20.0, momentum=0.90, levels=6, niter=500, lbl_dist=10.00, avgs=1, sigma=0.5,type=2, relabel=0, neg=yes

blurring input image with Gaussian with sigma=0.500...
GCAMRegisterLevel(): init RMS 0.422896
resetting metric properties...
setting smoothness cost coefficient to 2.000

#GCAMreg# pass 0 level1 0 level2 0 tsec 0 sigma 2
l_jacobian=1.00 l_log_likelihood=0.20 l_smoothness=2.00 
tol=2.50e-01, dt=5.00e-02, exp_k=20.0, momentum=0.90, levels=6, niter=500, lbl_dist=10.00, avgs=0, sigma=2.0,type=2, relabel=0, neg=yes

blurring input image with Gaussian with sigma=2.000...
GCAMRegisterLevel(): init RMS 0.411309
#FOTS# QuadFit found better minimum quadopt=(dt=1.05405,rms=0.401408) vs oldopt=(dt=1.28,rms=0.401852)
iter 0, gcam->neg = 856
after 21 iterations, nbhd size=1, neg = 0
#GCMRL#  636 dt   1.054054 rms  0.404  1.776% neg 0  invalid 762 tFOTS 4.1190 tGradient 0.3830 tsec 13.1470
#FOTS# QuadFit found better minimum quadopt=(dt=2.73438e-05,rms=0.404005) vs oldopt=(dt=1.95313e-05,rms=0.404005)
#GCMRL#  637 dt   0.000027 rms  0.404  0.000% neg 0  invalid 762 tFOTS 5.6540 tGradient 0.4700 tsec 6.5020

#GCAMreg# pass 0 level1 0 level2 1 tsec 26.514 sigma 0.5
l_jacobian=1.00 l_log_likelihood=0.20 l_smoothness=2.00 
tol=2.50e-01, dt=5.00e-02, exp_k=20.0, momentum=0.90, levels=6, niter=500, lbl_dist=10.00, avgs=0, sigma=0.5,type=2, relabel=0, neg=yes

blurring input image with Gaussian with sigma=0.500...
GCAMRegisterLevel(): init RMS 0.404005
#GCMRL#  639 dt   0.080000 rms  0.404  0.031% neg 0  invalid 762 tFOTS 4.5990 tGradient 0.3920 tsec 5.3090
#FOTS# QuadFit found better minimum quadopt=(dt=0.064,rms=0.403829) vs oldopt=(dt=0.08,rms=0.40383)
#GCMRL#  640 dt   0.064000 rms  0.404  0.000% neg 0  invalid 762 tFOTS 5.1100 tGradient 0.4420 tsec 5.9440
#GCMRL#  641 dt   0.064000 rms  0.404  0.009% neg 0  invalid 762 tFOTS 0.0000 tGradient 0.3850 tsec 0.6880
GCAMregister done in 6.27738 min
writing output transformation to transforms/talairach.m3z...
GCAMwrite
Calls to gcamLogLikelihoodEnergy 4415 tmin = 2.0294
Calls to gcamLabelEnergy         3837 tmin = 1.37902
Calls to gcamJacobianEnergy      4415 tmin = 1.08167
Calls to gcamSmoothnessEnergy    4415 tmin = 5.47202
Calls to gcamLogLikelihoodTerm 643 tmin = 1.06432
Calls to gcamLabelTerm         589 tmin = 5.73372
Calls to gcamJacobianTerm      643 tmin = 1.33438
Calls to gcamSmoothnessTerm    643 tmin = 0.552133
Calls to gcamComputeGradient    643 tmin = 22.9632
Calls to gcamComputeMetricProperties    6620 tmin = 2.6734
mri_ca_register took 0 hours, 54 minutes and 6 seconds.
#VMPC# mri_ca_register VmPeak  3114304
FSRUNTIME@ mri_ca_register  0.9018 hours 16 threads
#--------------------------------------
#@# SubCort Seg Sat Mar  7 01:13:56 CET 2026

 mri_ca_label -relabel_unlikely 9 .3 -prior 0.5 -align norm.mgz transforms/talairach.m3z /opt/freesurfer/average/RB_all_2020-01-02.gca aseg.auto_noCCseg.mgz 

sysname  Linux
hostname dna028
machine  x86_64

setenv SUBJECTS_DIR /out/sourcedata/freesurfer
cd /out/sourcedata/freesurfer/sub-v1s18x0051209_ses-1/mri
mri_ca_label -relabel_unlikely 9 .3 -prior 0.5 -align norm.mgz transforms/talairach.m3z /opt/freesurfer/average/RB_all_2020-01-02.gca aseg.auto_noCCseg.mgz 

relabeling unlikely voxels with window_size = 9 and prior threshold 0.30
using Gibbs prior factor = 0.500
renormalizing sequences with structure alignment, equivalent to:
	-renormalize
	-renormalize_mean 0.500
	-regularize 0.500

== Number of threads available to for OpenMP = 16 == 
reading 1 input volumes
reading classifier array from /opt/freesurfer/average/RB_all_2020-01-02.gca
reading input volume from norm.mgz
average std[0] = 7.2
reading transform from transforms/talairach.m3z
setting orig areas to linear transform determinant scaled 6.05
Atlas used for the 3D morph was /opt/freesurfer/average/RB_all_2020-01-02.gca
average std = 7.2   using min determinant for regularization = 5.2
0 singular and 0 ill-conditioned covariance matrices regularized
labeling volume...
renormalizing by structure alignment....
renormalizing input #0
gca peak = 0.15521 (20)
mri peak = 0.10702 ( 2)
Left_Lateral_Ventricle (4): linear fit = 0.05 x + 0.0 (1242 voxels, overlap=0.007)
Left_Lateral_Ventricle (4): linear fit = 0.40 x + 0.0 (1242 voxels, peak =  1), gca=8.0
gca peak = 0.20380 (13)
mri peak = 0.11322 ( 2)
Right_Lateral_Ventricle (43): linear fit = 0.08 x + 0.0 (1244 voxels, overlap=0.053)
Right_Lateral_Ventricle (43): linear fit = 0.40 x + 0.0 (1244 voxels, peak =  1), gca=5.2
gca peak = 0.26283 (96)
mri peak = 0.11202 (83)
Right_Pallidum (52): linear fit = 0.88 x + 0.0 (583 voxels, overlap=0.023)
Right_Pallidum (52): linear fit = 0.88 x + 0.0 (583 voxels, peak = 84), gca=84.0
gca peak = 0.15814 (97)
mri peak = 0.08506 (88)
Left_Pallidum (13): linear fit = 0.88 x + 0.0 (589 voxels, overlap=0.825)
Left_Pallidum (13): linear fit = 0.88 x + 0.0 (589 voxels, peak = 85), gca=84.9
gca peak = 0.27624 (56)
mri peak = 0.12291 (55)
Right_Hippocampus (53): linear fit = 0.94 x + 0.0 (1116 voxels, overlap=0.803)
Right_Hippocampus (53): linear fit = 0.94 x + 0.0 (1116 voxels, peak = 53), gca=52.9
gca peak = 0.28723 (59)
mri peak = 0.09047 (53)
Left_Hippocampus (17): linear fit = 0.92 x + 0.0 (1227 voxels, overlap=1.008)
Left_Hippocampus (17): linear fit = 0.92 x + 0.0 (1227 voxels, peak = 54), gca=54.0
gca peak = 0.07623 (103)
mri peak = 0.17207 (105)
Right_Cerebral_White_Matter (41): linear fit = 1.00 x + 0.0 (30806 voxels, overlap=0.499)
Right_Cerebral_White_Matter (41): linear fit = 1.00 x + 0.0 (30806 voxels, peak = 104), gca=103.5
gca peak = 0.07837 (105)
mri peak = 0.16283 (105)
Left_Cerebral_White_Matter (2): linear fit = 1.00 x + 0.0 (30387 voxels, overlap=0.474)
Left_Cerebral_White_Matter (2): linear fit = 1.00 x + 0.0 (30387 voxels, peak = 106), gca=105.5
gca peak = 0.10165 (58)
mri peak = 0.08465 (49)
Left_Cerebral_Cortex (3): linear fit = 0.82 x + 0.0 (37213 voxels, overlap=0.388)
Left_Cerebral_Cortex (3): linear fit = 0.82 x + 0.0 (37213 voxels, peak = 48), gca=47.8
gca peak = 0.11113 (58)
mri peak = 0.06992 (49)
Right_Cerebral_Cortex (42): linear fit = 0.82 x + 0.0 (34289 voxels, overlap=0.498)
Right_Cerebral_Cortex (42): linear fit = 0.82 x + 0.0 (34289 voxels, peak = 48), gca=47.8
gca peak = 0.27796 (67)
mri peak = 0.10832 (60)
Right_Caudate (50): linear fit = 0.89 x + 0.0 (1325 voxels, overlap=0.327)
Right_Caudate (50): linear fit = 0.89 x + 0.0 (1325 voxels, peak = 60), gca=60.0
gca peak = 0.14473 (69)
mri peak = 0.08201 (62)
Left_Caudate (11): linear fit = 0.82 x + 0.0 (1203 voxels, overlap=0.085)
Left_Caudate (11): linear fit = 0.82 x + 0.0 (1203 voxels, peak = 57), gca=56.9
gca peak = 0.14301 (56)
mri peak = 0.07438 (46)
Left_Cerebellum_Cortex (8): linear fit = 0.82 x + 0.0 (26949 voxels, overlap=0.478)
Left_Cerebellum_Cortex (8): linear fit = 0.82 x + 0.0 (26949 voxels, peak = 46), gca=46.2
gca peak = 0.14610 (55)
mri peak = 0.09827 (56)
Right_Cerebellum_Cortex (47): linear fit = 0.95 x + 0.0 (30440 voxels, overlap=0.572)
Right_Cerebellum_Cortex (47): linear fit = 0.95 x + 0.0 (30440 voxels, peak = 53), gca=52.5
gca peak = 0.16309 (85)
mri peak = 0.10636 (87)
Left_Cerebellum_White_Matter (7): linear fit = 1.03 x + 0.0 (4708 voxels, overlap=0.966)
Left_Cerebellum_White_Matter (7): linear fit = 1.03 x + 0.0 (4708 voxels, peak = 88), gca=88.0
gca peak = 0.15172 (84)
mri peak = 0.10670 (83)
Right_Cerebellum_White_Matter (46): linear fit = 1.01 x + 0.0 (4299 voxels, overlap=0.868)
Right_Cerebellum_White_Matter (46): linear fit = 1.01 x + 0.0 (4299 voxels, peak = 85), gca=85.3
gca peak = 0.30461 (58)
mri peak = 0.11822 (55)
Left_Amygdala (18): linear fit = 0.93 x + 0.0 (541 voxels, overlap=1.016)
Left_Amygdala (18): linear fit = 0.93 x + 0.0 (541 voxels, peak = 54), gca=53.7
gca peak = 0.32293 (57)
mri peak = 0.08524 (60)
Right_Amygdala (54): linear fit = 1.04 x + 0.0 (478 voxels, overlap=1.029)
Right_Amygdala (54): linear fit = 1.04 x + 0.0 (478 voxels, peak = 60), gca=59.6
gca peak = 0.11083 (90)
mri peak = 0.09075 (76)
Left_Thalamus (10): linear fit = 0.94 x + 0.0 (4094 voxels, overlap=0.743)
Left_Thalamus (10): linear fit = 0.94 x + 0.0 (4094 voxels, peak = 84), gca=84.2
gca peak = 0.11393 (83)
mri peak = 0.12902 (77)
Right_Thalamus (49): linear fit = 0.98 x + 0.0 (4112 voxels, overlap=0.799)
Right_Thalamus (49): linear fit = 0.98 x + 0.0 (4112 voxels, peak = 81), gca=80.9
gca peak = 0.08575 (81)
mri peak = 0.13467 (71)
Left_Putamen (12): linear fit = 0.90 x + 0.0 (2009 voxels, overlap=0.331)
Left_Putamen (12): linear fit = 0.90 x + 0.0 (2009 voxels, peak = 73), gca=73.3
gca peak = 0.08618 (78)
mri peak = 0.09290 (70)
Right_Putamen (51): linear fit = 0.88 x + 0.0 (1891 voxels, overlap=0.318)
Right_Putamen (51): linear fit = 0.88 x + 0.0 (1891 voxels, peak = 69), gca=69.0
gca peak = 0.08005 (78)
mri peak = 0.12015 (87)
Brain_Stem (16): linear fit = 1.12 x + 0.0 (8004 voxels, overlap=0.374)
Brain_Stem (16): linear fit = 1.12 x + 0.0 (8004 voxels, peak = 88), gca=87.8
gca peak = 0.12854 (88)
mri peak = 0.08392 (90)
Right_VentralDC (60): linear fit = 1.07 x + 0.0 (1262 voxels, overlap=0.422)
Right_VentralDC (60): linear fit = 1.07 x + 0.0 (1262 voxels, peak = 94), gca=93.7
gca peak = 0.15703 (87)
mri peak = 0.09639 (94)
Left_VentralDC (28): linear fit = 1.07 x + 0.0 (1360 voxels, overlap=0.648)
Left_VentralDC (28): linear fit = 1.07 x + 0.0 (1360 voxels, peak = 93), gca=92.7
gca peak = 0.17522 (25)
mri peak = 0.15228 (10)
Third_Ventricle (14): linear fit = 0.35 x + 0.0 (107 voxels, overlap=0.068)
Third_Ventricle (14): linear fit = 0.35 x + 0.0 (107 voxels, peak =  9), gca=8.9
gca peak = 0.17113 (14)
mri peak = 0.13861 ( 8)
Fourth_Ventricle (15): linear fit = 0.37 x + 0.0 (566 voxels, overlap=0.025)
Fourth_Ventricle (15): linear fit = 0.37 x + 0.0 (566 voxels, peak =  5), gca=5.1
gca peak Unknown = 0.94777 ( 0)
gca peak Left_Inf_Lat_Vent = 0.16627 (28)
gca peak Third_Ventricle = 0.17522 (25)
gca peak Fourth_Ventricle = 0.17113 (14)
gca peak CSF = 0.20346 (36)
gca peak Left_Accumbens_area = 0.70646 (62)
gca peak Left_undetermined = 1.00000 (28)
gca peak Left_vessel = 0.89917 (53)
gca peak Left_choroid_plexus = 0.11689 (35)
gca peak Right_Inf_Lat_Vent = 0.25504 (23)
gca peak Right_Accumbens_area = 0.31650 (65)
gca peak Right_vessel = 0.77268 (52)
gca peak Right_choroid_plexus = 0.13275 (38)
gca peak Fifth_Ventricle = 0.60973 (33)
gca peak WM_hypointensities = 0.11013 (77)
gca peak non_WM_hypointensities = 0.11354 (41)
gca peak Optic_Chiasm = 0.51646 (76)
not using caudate to estimate GM means
estimating mean gm scale to be 0.91 x + 0.0
estimating mean wm scale to be 1.00 x + 0.0
estimating mean csf scale to be 0.40 x + 0.0
saving intensity scales to aseg.auto_noCCseg.label_intensities.txt
renormalizing by structure alignment....
renormalizing input #0
gca peak = 0.31706 ( 7)
mri peak = 0.10702 ( 2)
Left_Lateral_Ventricle (4): linear fit = 0.14 x + 0.0 (1242 voxels, overlap=0.929)
Left_Lateral_Ventricle (4): linear fit = 0.40 x + 0.0 (1242 voxels, peak =  1), gca=2.8
gca peak = 0.29334 ( 5)
mri peak = 0.11322 ( 2)
Right_Lateral_Ventricle (43): linear fit = 0.19 x + 0.0 (1244 voxels, overlap=0.982)
Right_Lateral_Ventricle (43): linear fit = 0.40 x + 0.0 (1244 voxels, peak =  1), gca=2.0
gca peak = 0.32435 (84)
mri peak = 0.11202 (83)
Right_Pallidum (52): linear fit = 0.99 x + 0.0 (583 voxels, overlap=1.004)
Right_Pallidum (52): linear fit = 0.99 x + 0.0 (583 voxels, peak = 83), gca=82.7
gca peak = 0.18918 (84)
mri peak = 0.08506 (88)
Left_Pallidum (13): linear fit = 1.00 x + 0.0 (589 voxels, overlap=0.967)
Left_Pallidum (13): linear fit = 1.00 x + 0.0 (589 voxels, peak = 84), gca=84.0
gca peak = 0.24488 (52)
mri peak = 0.12291 (55)
Right_Hippocampus (53): linear fit = 1.00 x + 0.0 (1116 voxels, overlap=1.000)
Right_Hippocampus (53): linear fit = 1.00 x + 0.0 (1116 voxels, peak = 52), gca=52.0
gca peak = 0.30448 (54)
mri peak = 0.09047 (53)
Left_Hippocampus (17): linear fit = 1.07 x + 0.0 (1227 voxels, overlap=1.004)
Left_Hippocampus (17): linear fit = 1.07 x + 0.0 (1227 voxels, peak = 58), gca=57.5
gca peak = 0.07891 (104)
mri peak = 0.17207 (105)
Right_Cerebral_White_Matter (41): linear fit = 1.00 x + 0.0 (30806 voxels, overlap=0.518)
Right_Cerebral_White_Matter (41): linear fit = 1.00 x + 0.0 (30806 voxels, peak = 105), gca=104.5
gca peak = 0.07990 (105)
mri peak = 0.16283 (105)
Left_Cerebral_White_Matter (2): linear fit = 1.00 x + 0.0 (30387 voxels, overlap=0.500)
Left_Cerebral_White_Matter (2): linear fit = 1.00 x + 0.0 (30387 voxels, peak = 106), gca=105.5
gca peak = 0.11840 (48)
mri peak = 0.08465 (49)
Left_Cerebral_Cortex (3): linear fit = 1.00 x + 0.0 (37213 voxels, overlap=0.564)
Left_Cerebral_Cortex (3): linear fit = 1.00 x + 0.0 (37213 voxels, peak = 48), gca=48.0
gca peak = 0.13835 (48)
mri peak = 0.06992 (49)
Right_Cerebral_Cortex (42): linear fit = 1.12 x + 0.0 (34289 voxels, overlap=0.570)
Right_Cerebral_Cortex (42): linear fit = 1.12 x + 0.0 (34289 voxels, peak = 54), gca=53.5
gca peak = 0.29238 (60)
mri peak = 0.10832 (60)
Right_Caudate (50): linear fit = 0.99 x + 0.0 (1325 voxels, overlap=1.008)
Right_Caudate (50): linear fit = 0.99 x + 0.0 (1325 voxels, peak = 59), gca=59.1
gca peak = 0.18382 (57)
mri peak = 0.08201 (62)
Left_Caudate (11): linear fit = 1.00 x + 0.0 (1203 voxels, overlap=0.997)
Left_Caudate (11): linear fit = 1.00 x + 0.0 (1203 voxels, peak = 57), gca=57.0
gca peak = 0.16687 (46)
mri peak = 0.07438 (46)
Left_Cerebellum_Cortex (8): linear fit = 1.05 x + 0.0 (26949 voxels, overlap=0.977)
Left_Cerebellum_Cortex (8): linear fit = 1.05 x + 0.0 (26949 voxels, peak = 49), gca=48.5
gca peak = 0.16181 (53)
mri peak = 0.09827 (56)
Right_Cerebellum_Cortex (47): linear fit = 1.00 x + 0.0 (30440 voxels, overlap=0.569)
Right_Cerebellum_Cortex (47): linear fit = 1.00 x + 0.0 (30440 voxels, peak = 53), gca=53.0
gca peak = 0.16214 (88)
mri peak = 0.10636 (87)
Left_Cerebellum_White_Matter (7): linear fit = 1.00 x + 0.0 (4708 voxels, overlap=0.990)
Left_Cerebellum_White_Matter (7): linear fit = 1.00 x + 0.0 (4708 voxels, peak = 88), gca=87.6
gca peak = 0.16100 (85)
mri peak = 0.10670 (83)
Right_Cerebellum_White_Matter (46): linear fit = 1.00 x + 0.0 (4299 voxels, overlap=0.911)
Right_Cerebellum_White_Matter (46): linear fit = 1.00 x + 0.0 (4299 voxels, peak = 85), gca=85.0
gca peak = 0.37814 (54)
mri peak = 0.11822 (55)
Left_Amygdala (18): linear fit = 1.00 x + 0.0 (541 voxels, overlap=1.028)
Left_Amygdala (18): linear fit = 1.00 x + 0.0 (541 voxels, peak = 54), gca=54.0
gca peak = 0.33570 (60)
mri peak = 0.08524 (60)
Right_Amygdala (54): linear fit = 1.02 x + 0.0 (478 voxels, overlap=1.011)
Right_Amygdala (54): linear fit = 1.02 x + 0.0 (478 voxels, peak = 62), gca=61.5
gca peak = 0.11059 (84)
mri peak = 0.09075 (76)
Left_Thalamus (10): linear fit = 0.99 x + 0.0 (4094 voxels, overlap=0.868)
Left_Thalamus (10): linear fit = 0.99 x + 0.0 (4094 voxels, peak = 83), gca=82.7
gca peak = 0.12263 (81)
mri peak = 0.12902 (77)
Right_Thalamus (49): linear fit = 1.00 x + 0.0 (4112 voxels, overlap=0.820)
Right_Thalamus (49): linear fit = 1.00 x + 0.0 (4112 voxels, peak = 81), gca=81.0
gca peak = 0.08804 (70)
mri peak = 0.13467 (71)
Left_Putamen (12): linear fit = 0.98 x + 0.0 (2009 voxels, overlap=0.780)
Left_Putamen (12): linear fit = 0.98 x + 0.0 (2009 voxels, peak = 68), gca=68.2
gca peak = 0.11374 (67)
mri peak = 0.09290 (70)
Right_Putamen (51): linear fit = 0.99 x + 0.0 (1891 voxels, overlap=0.928)
Right_Putamen (51): linear fit = 0.99 x + 0.0 (1891 voxels, peak = 66), gca=66.0
gca peak = 0.07619 (88)
mri peak = 0.12015 (87)
Brain_Stem (16): linear fit = 0.98 x + 0.0 (8004 voxels, overlap=0.450)
Brain_Stem (16): linear fit = 0.98 x + 0.0 (8004 voxels, peak = 86), gca=85.8
gca peak = 0.11638 (95)
mri peak = 0.08392 (90)
Right_VentralDC (60): linear fit = 0.98 x + 0.0 (1262 voxels, overlap=0.571)
Right_VentralDC (60): linear fit = 0.98 x + 0.0 (1262 voxels, peak = 93), gca=92.6
gca peak = 0.15030 (91)
mri peak = 0.09639 (94)
Left_VentralDC (28): linear fit = 1.00 x + 0.0 (1360 voxels, overlap=0.771)
Left_VentralDC (28): linear fit = 1.00 x + 0.0 (1360 voxels, peak = 91), gca=91.5
gca peak = 0.32031 (10)
mri peak = 0.15228 (10)
Third_Ventricle (14): linear fit = 0.88 x + 0.0 (107 voxels, overlap=1.027)
Third_Ventricle (14): linear fit = 0.88 x + 0.0 (107 voxels, peak =  9), gca=8.9
gca peak = 0.46125 ( 6)
mri peak = 0.13861 ( 8)
Fourth_Ventricle (15): linear fit = 1.09 x + 0.0 (566 voxels, overlap=0.889)
Fourth_Ventricle (15): linear fit = 1.09 x + 0.0 (566 voxels, peak =  7), gca=6.5
gca peak Unknown = 0.94777 ( 0)
gca peak Left_Inf_Lat_Vent = 0.17428 (26)
gca peak CSF = 0.27810 (15)
gca peak Left_Accumbens_area = 0.65003 (51)
gca peak Left_undetermined = 1.00000 (28)
gca peak Left_vessel = 0.82964 (53)
gca peak Left_choroid_plexus = 0.11689 (35)
gca peak Right_Inf_Lat_Vent = 0.29528 (22)
gca peak Right_Accumbens_area = 0.31866 (58)
gca peak Right_vessel = 0.63229 (52)
gca peak Right_choroid_plexus = 0.13275 (38)
gca peak Fifth_Ventricle = 0.92085 (13)
gca peak WM_hypointensities = 0.10105 (77)
gca peak non_WM_hypointensities = 0.14635 (41)
gca peak Optic_Chiasm = 0.51827 (76)
not using caudate to estimate GM means
estimating mean gm scale to be 1.03 x + 0.0
estimating mean wm scale to be 1.00 x + 0.0
estimating mean csf scale to be 0.69 x + 0.0
saving intensity scales to aseg.auto_noCCseg.label_intensities.txt
saving sequentially combined intensity scales to aseg.auto_noCCseg.label_intensities.txt
43237 voxels changed in iteration 0 of unlikely voxel relabeling
81 voxels changed in iteration 1 of unlikely voxel relabeling
1 voxels changed in iteration 2 of unlikely voxel relabeling
0 voxels changed in iteration 3 of unlikely voxel relabeling
22776 gm and wm labels changed (%35 to gray, %65 to white out of all changed labels)
273 hippocampal voxels changed.
0 amygdala voxels changed.
Reclassifying using Gibbs Priors
pass 1: 62595 changed. image ll: -2.091, PF=0.500
pass 2: 17365 changed. image ll: -2.090, PF=0.500
pass 3: 6518 changed.
pass 4: 2746 changed.
25421 voxels changed in iteration 0 of unlikely voxel relabeling
140 voxels changed in iteration 1 of unlikely voxel relabeling
24 voxels changed in iteration 2 of unlikely voxel relabeling
0 voxels changed in iteration 3 of unlikely voxel relabeling
5128 voxels changed in iteration 0 of unlikely voxel relabeling
65 voxels changed in iteration 1 of unlikely voxel relabeling
0 voxels changed in iteration 2 of unlikely voxel relabeling
4769 voxels changed in iteration 0 of unlikely voxel relabeling
68 voxels changed in iteration 1 of unlikely voxel relabeling
9 voxels changed in iteration 2 of unlikely voxel relabeling
0 voxels changed in iteration 3 of unlikely voxel relabeling
4465 voxels changed in iteration 0 of unlikely voxel relabeling
35 voxels changed in iteration 1 of unlikely voxel relabeling
1 voxels changed in iteration 2 of unlikely voxel relabeling
0 voxels changed in iteration 3 of unlikely voxel relabeling
 !!!!!!!!! ventricle segment 0 with volume 6891 above threshold 100 - not erasing !!!!!!!!!!
 !!!!!!!!! ventricle segment 0 with volume 170 above threshold 100 - not erasing !!!!!!!!!!
 !!!!!!!!! ventricle segment 2 with volume 233 above threshold 100 - not erasing !!!!!!!!!!
 !!!!!!!!! ventricle segment 1 with volume 7163 above threshold 100 - not erasing !!!!!!!!!!
 !!!!!!!!! ventricle segment 2 with volume 597 above threshold 100 - not erasing !!!!!!!!!!
writing labeled volume to aseg.auto_noCCseg.mgz
mri_ca_label utimesec    1887.980492
mri_ca_label stimesec    6.945055
mri_ca_label ru_maxrss   2138984
mri_ca_label ru_ixrss    0
mri_ca_label ru_idrss    0
mri_ca_label ru_isrss    0
mri_ca_label ru_minflt   9087362
mri_ca_label ru_majflt   8
mri_ca_label ru_nswap    0
mri_ca_label ru_inblock  1142
mri_ca_label ru_oublock  640
mri_ca_label ru_msgsnd   0
mri_ca_label ru_msgrcv   0
mri_ca_label ru_nsignals 0
mri_ca_label ru_nvcsw    3842
mri_ca_label ru_nivcsw   4864
auto-labeling took 30 minutes and 4 seconds.
#--------------------------------------
#@# CC Seg Sat Mar  7 01:44:00 CET 2026

 mri_cc -aseg aseg.auto_noCCseg.mgz -o aseg.auto.mgz -lta /out/sourcedata/freesurfer/sub-v1s18x0051209_ses-1/mri/transforms/cc_up.lta sub-v1s18x0051209_ses-1 

will read input aseg from aseg.auto_noCCseg.mgz
writing aseg with cc labels to aseg.auto.mgz
will write lta as /out/sourcedata/freesurfer/sub-v1s18x0051209_ses-1/mri/transforms/cc_up.lta
reading aseg from /out/sourcedata/freesurfer/sub-v1s18x0051209_ses-1/mri/aseg.auto_noCCseg.mgz
reading norm from /out/sourcedata/freesurfer/sub-v1s18x0051209_ses-1/mri/norm.mgz
30240 voxels in left wm, 41772 in right wm, xrange [124, 133]
searching rotation angles z=[-11  3], y=[-6  8]
searching scale 1 Z rot -10.8  searching scale 1 Z rot -10.6  searching scale 1 Z rot -10.3  searching scale 1 Z rot -10.1  searching scale 1 Z rot -9.8  searching scale 1 Z rot -9.6  searching scale 1 Z rot -9.3  searching scale 1 Z rot -9.1  searching scale 1 Z rot -8.8  searching scale 1 Z rot -8.6  searching scale 1 Z rot -8.3  searching scale 1 Z rot -8.1  searching scale 1 Z rot -7.8  searching scale 1 Z rot -7.6  searching scale 1 Z rot -7.3  searching scale 1 Z rot -7.1  searching scale 1 Z rot -6.8  searching scale 1 Z rot -6.6  searching scale 1 Z rot -6.3  searching scale 1 Z rot -6.1  searching scale 1 Z rot -5.8  searching scale 1 Z rot -5.6  searching scale 1 Z rot -5.3  searching scale 1 Z rot -5.1  searching scale 1 Z rot -4.8  searching scale 1 Z rot -4.6  searching scale 1 Z rot -4.3  searching scale 1 Z rot -4.1  searching scale 1 Z rot -3.8  searching scale 1 Z rot -3.6  searching scale 1 Z rot -3.3  searching scale 1 Z rot -3.1  searching scale 1 Z rot -2.8  searching scale 1 Z rot -2.6  searching scale 1 Z rot -2.3  searching scale 1 Z rot -2.1  searching scale 1 Z rot -1.8  searching scale 1 Z rot -1.6  searching scale 1 Z rot -1.3  searching scale 1 Z rot -1.1  searching scale 1 Z rot -0.8  searching scale 1 Z rot -0.6  searching scale 1 Z rot -0.3  searching scale 1 Z rot -0.1  searching scale 1 Z rot 0.2  searching scale 1 Z rot 0.4  searching scale 1 Z rot 0.7  searching scale 1 Z rot 0.9  searching scale 1 Z rot 1.2  searching scale 1 Z rot 1.4  searching scale 1 Z rot 1.7  searching scale 1 Z rot 1.9  searching scale 1 Z rot 2.2  searching scale 1 Z rot 2.4  searching scale 1 Z rot 2.7  searching scale 1 Z rot 2.9  global minimum found at slice 128.8, rotations (0.62, -3.84)
final transformation (x=128.8, yr=0.617, zr=-3.840):
 0.99770   0.06696   0.01075  -9.27026;
-0.06696   0.99776  -0.00072   25.96327;
-0.01077   0.00000   0.99994   7.39483;
 0.00000   0.00000   0.00000   1.00000;
updating x range to be [125, 131] in xformed coordinates
best xformed slice 128
min_x_fornix = 133
min_x_fornix = 134
min_x_fornix = 138
min_x_fornix = 140
min_x_fornix = 140
cc center is found at 128 111 122
eigenvectors:
-0.00054  -0.00302   1.00000;
 0.03913  -0.99923  -0.00299;
 0.99923   0.03913   0.00066;
error in mid anterior detected - correcting...
writing aseg with callosum to /out/sourcedata/freesurfer/sub-v1s18x0051209_ses-1/mri/aseg.auto.mgz...
corpus callosum segmentation took 0.6 minutes
#VMPC# mri_cc VmPeak  554224
mri_cc done
#--------------------------------------
#@# Merge ASeg Sat Mar  7 01:44:34 CET 2026

 cp aseg.auto.mgz aseg.presurf.mgz 

#--------------------------------------------
#@# Intensity Normalization2 Sat Mar  7 01:44:34 CET 2026
/out/sourcedata/freesurfer/sub-v1s18x0051209_ses-1/mri

 mri_normalize -seed 1234 -mprage -aseg aseg.presurf.mgz -mask brainmask.mgz norm.mgz brain.mgz 

setting seed for random number genererator to 1234
assuming input volume is MGH (Van der Kouwe) MP-RAGE
using segmentation for initial intensity normalization
using MR volume brainmask.mgz to mask input volume...
reading mri_src from norm.mgz...
Reading aseg aseg.presurf.mgz
normalizing image...
NOT doing gentle normalization with control points/label
processing with aseg
removing outliers in the aseg WM...
2499 control points removed
Building bias image
building Voronoi diagram...
performing soap bubble smoothing, sigma = 0...
Smoothing with sigma 8
Applying bias correction
building Voronoi diagram...
performing soap bubble smoothing, sigma = 8...

Iterating 2 times
---------------------------------
3d normalization pass 1 of 2
white matter peak found at 110
white matter peak found at 109
gm peak at 54 (54), valley at 14 (14)
csf peak at 28, setting threshold to 45
building Voronoi diagram...
performing soap bubble smoothing, sigma = 8...
---------------------------------
3d normalization pass 2 of 2
white matter peak found at 110
white matter peak found at 110
gm peak at 53 (53), valley at  0 (-1)
csf peak at 26, setting threshold to 44
building Voronoi diagram...
performing soap bubble smoothing, sigma = 8...
Done iterating ---------------------------------
writing output to brain.mgz
3D bias adjustment took 2 minutes and 5 seconds.
#--------------------------------------------
#@# Mask BFS Sat Mar  7 01:46:40 CET 2026
/out/sourcedata/freesurfer/sub-v1s18x0051209_ses-1/mri

 mri_mask -T 5 brain.mgz brainmask.mgz brain.finalsurfs.mgz 

threshold mask volume at 5
DoAbs = 0
Found 1438189 voxels in mask (pct=  8.57)
Writing masked volume to brain.finalsurfs.mgz...done.
#--------------------------------------------
#@# WM Segmentation Sat Mar  7 01:46:41 CET 2026

 AntsDenoiseImageFs -i brain.mgz -o antsdn.brain.mgz 


 mri_segment -wsizemm 13 -mprage antsdn.brain.mgz wm.seg.mgz 

wsizemm = 13, voxres = 1, wsize = 13
Widening wm low from 89 to 79
assuming input volume is MGH (Van der Kouwe) MP-RAGE
wm mean:  110
wsize:    13
wm low:   79
wm hi:    125
gray low: 30
gray hi:  99
Doing initial trinary intensity segmentation 
Using local statistics to label ambiguous voxels
Autodetecting stats
Computing class statistics for intensity windows...
CCS WM (103.0): 103.8 +- 4.5 [79.0 --> 125.0]
CCS GM (72.0) : 70.6 +- 9.3 [30.0 --> 95.0]
 white_mean 103.781
 white_sigma 4.50405
 gray_mean 70.5768
 gray_sigma 9.28866
setting bottom of white matter range wm_low to 79.9
setting top of gray matter range gray_hi to 89.2
 wm_low 79.8654
 wm_hi  125
 gray_low 30
 gray_hi  89.1541
Redoing initial intensity segmentation...
Recomputing local statistics to label ambiguous voxels...
 wm_low 79.8654
 wm_hi  125
 gray_low 30
 gray_hi  89.1541
using local geometry to label remaining ambiguous voxels...
polvwsize = 5, polvlen = 3, gray_hi = 89.1541, wm_low = 79.8654
MRIcpolvMedianCurveSegment(): wsize=5, len=3, gmhi=89.1541, wmlow=79.8654
    117830 voxels processed (0.70%)
     55674 voxels white (0.33%)
     62156 voxels non-white (0.37%)

Reclassifying voxels using Gaussian border classifier niter=1
MRIreclassify(): wm_low=74.8654, gray_hi=89.1541, wsize=13
    187201 voxels tested (1.12%)
     39814 voxels changed (0.24%)
     48019 multi-scale searches  (0.29%)
Recovering bright white
MRIrecoverBrightWhite()
 wm_low 79.8654
 wm_hi 125
 slack 4.50405
 pct_thresh 0.33
 intensity_thresh 129.504
 nvox_thresh 8.58
       14 voxels tested (0.00%)
       12 voxels changed (0.00%)

removing voxels with positive offset direction...
MRIremoveWrongDirection() wsize=3, lowthr=74.8654, hithr=89.1541
  smoothing input volume with sigma = 0.250
    74989 voxels tested (0.45%)
    14165 voxels changed (0.08%)
thicken = 1
removing 1-dimensional structures...
MRIremove1dStructures(): max_iter=10000, thresh=2, WM_MIN_VAL=5
 1259 sparsely connected voxels removed in 1 iterations
thickening thin strands....
thickness 4
nsegments 20
wm_hi 125
911 diagonally connected voxels added...
MRIthickenThinWMStrands(): thickness=4, nsegments=20
  20 segments, 3035 filled
MRIfindBrightNonWM(): 84 bright non-wm voxels segmented.
MRIfilterMorphology() WM_MIN_VAL=5, DIAGONAL_FILL=230
white matter segmentation took 0.9 minutes
writing output to wm.seg.mgz...

 mri_edit_wm_with_aseg -keep-in wm.seg.mgz brain.mgz aseg.presurf.mgz wm.asegedit.mgz 

preserving editing changes in input volume...
auto filling took 0.42 minutes
reading wm segmentation from wm.seg.mgz...
0 voxels added to wm to prevent paths from MTL structures to cortex
3971 additional wm voxels added
0 additional wm voxels added
SEG EDIT: 55381 voxels turned on, 27836 voxels turned off.
propagating editing to output volume from wm.seg.mgz
writing edited volume to wm.asegedit.mgz....

 mri_pretess wm.asegedit.mgz wm norm.mgz wm.mgz 


Iteration Number : 1
pass   1 (xy+):   9 found -   9 modified     |    TOTAL:   9
pass   2 (xy+):   0 found -   9 modified     |    TOTAL:   9
pass   1 (xy-):   9 found -   9 modified     |    TOTAL:  18
pass   2 (xy-):   0 found -   9 modified     |    TOTAL:  18
pass   1 (yz+):  14 found -  14 modified     |    TOTAL:  32
pass   2 (yz+):   0 found -  14 modified     |    TOTAL:  32
pass   1 (yz-):  18 found -  18 modified     |    TOTAL:  50
pass   2 (yz-):   0 found -  18 modified     |    TOTAL:  50
pass   1 (xz+):   6 found -   6 modified     |    TOTAL:  56
pass   2 (xz+):   0 found -   6 modified     |    TOTAL:  56
pass   1 (xz-):  10 found -  10 modified     |    TOTAL:  66
pass   2 (xz-):   0 found -  10 modified     |    TOTAL:  66
Iteration Number : 1
pass   1 (+++):   4 found -   4 modified     |    TOTAL:   4
pass   2 (+++):   0 found -   4 modified     |    TOTAL:   4
pass   1 (+++):   2 found -   2 modified     |    TOTAL:   6
pass   2 (+++):   0 found -   2 modified     |    TOTAL:   6
pass   1 (+++):   2 found -   2 modified     |    TOTAL:   8
pass   2 (+++):   0 found -   2 modified     |    TOTAL:   8
pass   1 (+++):   9 found -   9 modified     |    TOTAL:  17
pass   2 (+++):   0 found -   9 modified     |    TOTAL:  17
Iteration Number : 1
pass   1 (++):  76 found -  76 modified     |    TOTAL:  76
pass   2 (++):   0 found -  76 modified     |    TOTAL:  76
pass   1 (+-):  48 found -  48 modified     |    TOTAL: 124
pass   2 (+-):   0 found -  48 modified     |    TOTAL: 124
pass   1 (--):  65 found -  65 modified     |    TOTAL: 189
pass   2 (--):   0 found -  65 modified     |    TOTAL: 189
pass   1 (-+):  46 found -  46 modified     |    TOTAL: 235
pass   2 (-+):   0 found -  46 modified     |    TOTAL: 235
Iteration Number : 2
pass   1 (xy+):   0 found -   0 modified     |    TOTAL:   0
pass   1 (xy-):   2 found -   2 modified     |    TOTAL:   2
pass   2 (xy-):   0 found -   2 modified     |    TOTAL:   2
pass   1 (yz+):   0 found -   0 modified     |    TOTAL:   2
pass   1 (yz-):   2 found -   2 modified     |    TOTAL:   4
pass   2 (yz-):   0 found -   2 modified     |    TOTAL:   4
pass   1 (xz+):   0 found -   0 modified     |    TOTAL:   4
pass   1 (xz-):   0 found -   0 modified     |    TOTAL:   4
Iteration Number : 2
pass   1 (+++):   0 found -   0 modified     |    TOTAL:   0
pass   1 (+++):   0 found -   0 modified     |    TOTAL:   0
pass   1 (+++):   0 found -   0 modified     |    TOTAL:   0
pass   1 (+++):   0 found -   0 modified     |    TOTAL:   0
Iteration Number : 2
pass   1 (++):   0 found -   0 modified     |    TOTAL:   0
pass   1 (+-):   0 found -   0 modified     |    TOTAL:   0
pass   1 (--):   0 found -   0 modified     |    TOTAL:   0
pass   1 (-+):   0 found -   0 modified     |    TOTAL:   0
Iteration Number : 3
pass   1 (xy+):   0 found -   0 modified     |    TOTAL:   0
pass   1 (xy-):   0 found -   0 modified     |    TOTAL:   0
pass   1 (yz+):   0 found -   0 modified     |    TOTAL:   0
pass   1 (yz-):   0 found -   0 modified     |    TOTAL:   0
pass   1 (xz+):   0 found -   0 modified     |    TOTAL:   0
pass   1 (xz-):   0 found -   0 modified     |    TOTAL:   0
Iteration Number : 3
pass   1 (+++):   0 found -   0 modified     |    TOTAL:   0
pass   1 (+++):   0 found -   0 modified     |    TOTAL:   0
pass   1 (+++):   0 found -   0 modified     |    TOTAL:   0
pass   1 (+++):   0 found -   0 modified     |    TOTAL:   0
Iteration Number : 3
pass   1 (++):   0 found -   0 modified     |    TOTAL:   0
pass   1 (+-):   0 found -   0 modified     |    TOTAL:   0
pass   1 (--):   0 found -   0 modified     |    TOTAL:   0
pass   1 (-+):   0 found -   0 modified     |    TOTAL:   0

Total Number of Modified Voxels = 322 (out of 466221: 0.069066)
binarizing input wm segmentation...
Ambiguous edge configurations... 

mri_pretess done

#--------------------------------------------
#@# Fill Sat Mar  7 01:48:38 CET 2026
/out/sourcedata/freesurfer/sub-v1s18x0051209_ses-1/mri

 mri_fill -a ../scripts/ponscc.cut.log -xform transforms/talairach.lta -segmentation aseg.presurf.mgz -ctab /opt/freesurfer/SubCorticalMassLUT.txt wm.mgz filled.mgz 

logging cutting plane coordinates to ../scripts/ponscc.cut.log...
INFO: Using transforms/talairach.lta and its offset for Talairach volume ...
using segmentation aseg.presurf.mgz...
reading input volume...done.
searching for cutting planes...voxel to talairach voxel transform
 1.04561   0.03579   0.01613  -14.93997;
-0.03607   1.19318   0.07177  -37.62015;
-0.01369  -0.07580   1.05365  -14.90414;
 0.00000   0.00000   0.00000   1.00000;
voxel to talairach voxel transform
 1.04561   0.03579   0.01613  -14.93997;
-0.03607   1.19318   0.07177  -37.62015;
-0.01369  -0.07580   1.05365  -14.90414;
 0.00000   0.00000   0.00000   1.00000;
reading segmented volume aseg.presurf.mgz
removing CC from segmentation
Looking for area (min, max) = (350, 1400)
area[0] = 1152 (min = 350, max = 1400), aspect = 0.51 (min = 0.10, max = 0.75)
no need to search
using seed (125, 120, 152), TAL = (3.0, 24.0, 8.0)
talairach voxel to voxel transform
 0.95520  -0.02945  -0.01262   12.97459;
 0.02801   0.83362  -0.05722   30.92681;
 0.01443   0.05959   0.94480   16.53864;
 0.00000   0.00000   0.00000   1.00000;
segmentation indicates cc at (125,  120,  152) --> (3.0, 24.0, 8.0)
done.
filling took 1.1 minutes
talairach cc position changed to (3.00, 24.00, 8.00)
Erasing brainstem...done.
seed_search_size = 9, min_neighbors = 5
search rh wm seed point around talairach space:(21.00, 24.00, 8.00) SRC: (109.73, 125.26, 168.84)
search lh wm seed point around talairach space (-15.00, 24.00, 8.00), SRC: (144.12, 126.27, 169.36)
compute mri_fill using aseg
Erasing Brain Stem and Cerebellum ...
Define left and right masks using aseg:
Building Voronoi diagram ...
Using the Voronoi diagram for separating WM into two hemispheres ...
Find the largest connected component for each hemisphere ...
Embedding colortable
mri_fill done, writing output to filled.mgz...
 cp filled.mgz filled.auto.mgz

Started at Sat Mar 7 00:18:32 CET 2026 
Ended   at Sat Mar 7 01:49:42 CET 2026
#@#%# recon-all-run-time-hours 1.519
recon-all -s sub-v1s18x0051209_ses-1 finished without error at Sat Mar  7 01:49:42 CET 2026



#New# invocation of recon-all 




Sat Mar  7 02:35:15 CET 2026
cd /out/sourcedata/freesurfer/sub-v1s18x0051209_ses-1
setenv SUBJECTS_DIR /out/sourcedata/freesurfer
/opt/freesurfer/bin/recon-all -parallel -subjid sub-v1s18x0051209_ses-1 -sd /out/sourcedata/freesurfer -cortribbon

subjid sub-v1s18x0051209_ses-1
setenv SUBJECTS_DIR /out/sourcedata/freesurfer
FREESURFER_HOME /opt/freesurfer
Actual FREESURFER_HOME /opt/freesurfer
build-stamp.txt: freesurfer-linux-ubuntu22_x86_64-7.3.2-20220804-6354275
Linux dna028 5.14.0-427.37.1.el9_4.x86_64 #1 SMP PREEMPT_DYNAMIC Fri Sep 13 12:41:50 EDT 2024 x86_64 x86_64 x86_64 GNU/Linux
cputime      unlimited
filesize     unlimited
datasize     unlimited
stacksize    8192 kbytes
coredumpsize 0 kbytes
memoryuse    67108864 kbytes
vmemoryuse   unlimited
descriptors  1024 
memorylocked unlimited
maxproc      2061970 
maxlocks     unlimited
maxsignal    2061970 
maxmessage   819200 
maxnice      0 
maxrtprio    0 
maxrttime    unlimited

               total        used        free      shared  buff/cache   available
Mem:           503Gi        43Gi       293Gi        32Gi       166Gi       424Gi
Swap:             0B          0B          0B

########################################
program versions used
7.3.2 (freesurfer-linux-ubuntu22_x86_64-7.3.2-20220804-6354275)
7.3.2

ProgramName: lta_convert  ProgramArguments: lta_convert -all-info  ProgramVersion: 7.3.2  TimeStamp: 2026/03/07-01:35:15-GMT  BuildTime: Aug  4 2022 06:17:15  BuildStamp: freesurfer-linux-ubuntu22_x86_64-7.3.2-20220804-6354275  User: oesteban  Machine: dna028  Platform: Linux  PlatformVersion: 5.14.0-427.37.1.el9_4.x86_64  CompilerName: GCC  CompilerVersion: 8.4.0
ProgramName: mri_and  ProgramArguments: mri_and -all-info  ProgramVersion: 7.3.2  TimeStamp: 2026/03/07-01:35:15-GMT  BuildTime: Aug  4 2022 06:17:15  BuildStamp: freesurfer-linux-ubuntu22_x86_64-7.3.2-20220804-6354275  User: oesteban  Machine: dna028  Platform: Linux  PlatformVersion: 5.14.0-427.37.1.el9_4.x86_64  CompilerName: GCC  CompilerVersion: 8.4.0
ProgramName: mri_annotation2label  ProgramArguments: mri_annotation2label -all-info  ProgramVersion: 7.3.2  TimeStamp: 2026/03/07-01:35:15-GMT  BuildTime: Aug  4 2022 06:17:15  BuildStamp: freesurfer-linux-ubuntu22_x86_64-7.3.2-20220804-6354275  User: oesteban  Machine: dna028  Platform: Linux  PlatformVersion: 5.14.0-427.37.1.el9_4.x86_64  CompilerName: GCC  CompilerVersion: 8.4.0
ProgramName: mri_aparc2aseg  ProgramArguments: mri_aparc2aseg -all-info  ProgramVersion: 7.3.2  TimeStamp: 2026/03/07-01:35:15-GMT  BuildTime: Aug  4 2022 06:17:15  BuildStamp: freesurfer-linux-ubuntu22_x86_64-7.3.2-20220804-6354275  User: oesteban  Machine: dna028  Platform: Linux  PlatformVersion: 5.14.0-427.37.1.el9_4.x86_64  CompilerName: GCC  CompilerVersion: 8.4.0
ProgramName: mri_surf2volseg  ProgramArguments: mri_surf2volseg -all-info  ProgramVersion: 7.3.2  TimeStamp: 2026/03/07-01:35:15-GMT  BuildTime: Aug  4 2022 06:17:15  BuildStamp: freesurfer-linux-ubuntu22_x86_64-7.3.2-20220804-6354275  User: oesteban  Machine: dna028  Platform: Linux  PlatformVersion: 5.14.0-427.37.1.el9_4.x86_64  CompilerName: GCC  CompilerVersion: 8.4.0
ProgramName: mri_binarize  ProgramArguments: mri_binarize -all-info  ProgramVersion: 7.3.2  TimeStamp: 2026/03/07-01:35:15-GMT  BuildTime: Aug  4 2022 06:17:15  BuildStamp: freesurfer-linux-ubuntu22_x86_64-7.3.2-20220804-6354275  User: oesteban  Machine: dna028  Platform: Linux  PlatformVersion: 5.14.0-427.37.1.el9_4.x86_64  CompilerName: GCC  CompilerVersion: 8.4.0
ProgramName: mri_ca_label  ProgramArguments: mri_ca_label -all-info  ProgramVersion: 7.3.2  TimeStamp: 2026/03/07-01:35:15-GMT  BuildTime: Aug  4 2022 06:17:15  BuildStamp: freesurfer-linux-ubuntu22_x86_64-7.3.2-20220804-6354275  User: oesteban  Machine: dna028  Platform: Linux  PlatformVersion: 5.14.0-427.37.1.el9_4.x86_64  CompilerName: GCC  CompilerVersion: 8.4.0
ProgramName: mri_ca_normalize  ProgramArguments: mri_ca_normalize -all-info  ProgramVersion: 7.3.2  TimeStamp: 2026/03/07-01:35:15-GMT  BuildTime: Aug  4 2022 06:17:15  BuildStamp: freesurfer-linux-ubuntu22_x86_64-7.3.2-20220804-6354275  User: oesteban  Machine: dna028  Platform: Linux  PlatformVersion: 5.14.0-427.37.1.el9_4.x86_64  CompilerName: GCC  CompilerVersion: 8.4.0
ProgramName: mri_ca_register  ProgramArguments: mri_ca_register -all-info  ProgramVersion: 7.3.2  TimeStamp: 2026/03/07-01:35:15-GMT  BuildTime: Aug  4 2022 06:17:15  BuildStamp: freesurfer-linux-ubuntu22_x86_64-7.3.2-20220804-6354275  User: oesteban  Machine: dna028  Platform: Linux  PlatformVersion: 5.14.0-427.37.1.el9_4.x86_64  CompilerName: GCC  CompilerVersion: 8.4.0
ProgramName: mri_cc  ProgramArguments: mri_cc -all-info  ProgramVersion: 7.3.2  TimeStamp: 2026/03/07-01:35:15-GMT  BuildTime: Aug  4 2022 06:17:15  BuildStamp: freesurfer-linux-ubuntu22_x86_64-7.3.2-20220804-6354275  User: oesteban  Machine: dna028  Platform: Linux  PlatformVersion: 5.14.0-427.37.1.el9_4.x86_64  CompilerName: GCC  CompilerVersion: 8.4.0
ProgramName: mri_compute_overlap  ProgramArguments: mri_compute_overlap -all-info  ProgramVersion: 7.3.2  TimeStamp: 2026/03/07-01:35:15-GMT  BuildTime: Aug  4 2022 06:17:15  BuildStamp: freesurfer-linux-ubuntu22_x86_64-7.3.2-20220804-6354275  User: oesteban  Machine: dna028  Platform: Linux  PlatformVersion: 5.14.0-427.37.1.el9_4.x86_64  CompilerName: GCC  CompilerVersion: 8.4.0
ProgramName: mri_compute_seg_overlap  ProgramArguments: mri_compute_seg_overlap -all-info  ProgramVersion: 7.3.2  TimeStamp: 2026/03/07-01:35:15-GMT  BuildTime: Aug  4 2022 06:17:15  BuildStamp: freesurfer-linux-ubuntu22_x86_64-7.3.2-20220804-6354275  User: oesteban  Machine: dna028  Platform: Linux  PlatformVersion: 5.14.0-427.37.1.el9_4.x86_64  CompilerName: GCC  CompilerVersion: 8.4.0
ProgramName: mri_concat  ProgramArguments: mri_concat -all-info  ProgramVersion: 7.3.2  TimeStamp: 2026/03/07-01:35:15-GMT  BuildTime: Aug  4 2022 06:17:15  BuildStamp: freesurfer-linux-ubuntu22_x86_64-7.3.2-20220804-6354275  User: oesteban  Machine: dna028  Platform: Linux  PlatformVersion: 5.14.0-427.37.1.el9_4.x86_64  CompilerName: GCC  CompilerVersion: 8.4.0
ProgramName: mri_concatenate_lta  ProgramArguments: mri_concatenate_lta -all-info  ProgramVersion: 7.3.2  TimeStamp: 2026/03/07-01:35:15-GMT  BuildTime: Aug  4 2022 06:17:15  BuildStamp: freesurfer-linux-ubuntu22_x86_64-7.3.2-20220804-6354275  User: oesteban  Machine: dna028  Platform: Linux  PlatformVersion: 5.14.0-427.37.1.el9_4.x86_64  CompilerName: GCC  CompilerVersion: 8.4.0
mri_convert -all-info 
ProgramName: mri_convert  ProgramArguments: mri_convert -all-info  ProgramVersion: 7.3.2  TimeStamp: 2026/03/07-01:35:15-GMT  BuildTime: Aug  4 2022 06:17:15  BuildStamp: freesurfer-linux-ubuntu22_x86_64-7.3.2-20220804-6354275  User: oesteban  Machine: dna028  Platform: Linux  PlatformVersion: 5.14.0-427.37.1.el9_4.x86_64  CompilerName: GCC  CompilerVersion: 8.4.0
ProgramName: mri_diff  ProgramArguments: mri_diff -all-info  ProgramVersion: 7.3.2  TimeStamp: 2026/03/07-01:35:15-GMT  BuildTime: Aug  4 2022 06:17:15  BuildStamp: freesurfer-linux-ubuntu22_x86_64-7.3.2-20220804-6354275  User: oesteban  Machine: dna028  Platform: Linux  PlatformVersion: 5.14.0-427.37.1.el9_4.x86_64  CompilerName: GCC  CompilerVersion: 8.4.0
ProgramName: mri_edit_wm_with_aseg  ProgramArguments: mri_edit_wm_with_aseg -all-info  ProgramVersion: 7.3.2  TimeStamp: 2026/03/07-01:35:15-GMT  BuildTime: Aug  4 2022 06:17:15  BuildStamp: freesurfer-linux-ubuntu22_x86_64-7.3.2-20220804-6354275  User: oesteban  Machine: dna028  Platform: Linux  PlatformVersion: 5.14.0-427.37.1.el9_4.x86_64  CompilerName: GCC  CompilerVersion: 8.4.0
ProgramName: mri_em_register  ProgramArguments: mri_em_register -all-info  ProgramVersion: 7.3.2  TimeStamp: 2026/03/07-01:35:15-GMT  BuildTime: Aug  4 2022 06:17:15  BuildStamp: freesurfer-linux-ubuntu22_x86_64-7.3.2-20220804-6354275  User: oesteban  Machine: dna028  Platform: Linux  PlatformVersion: 5.14.0-427.37.1.el9_4.x86_64  CompilerName: GCC  CompilerVersion: 8.4.0
ProgramName: mri_fill  ProgramArguments: mri_fill -all-info  ProgramVersion: 7.3.2  TimeStamp: 2026/03/07-01:35:15-GMT  BuildTime: Aug  4 2022 06:17:15  BuildStamp: freesurfer-linux-ubuntu22_x86_64-7.3.2-20220804-6354275  User: oesteban  Machine: dna028  Platform: Linux  PlatformVersion: 5.14.0-427.37.1.el9_4.x86_64  CompilerName: GCC  CompilerVersion: 8.4.0
ProgramName: mri_fuse_segmentations  ProgramArguments: mri_fuse_segmentations -all-info  ProgramVersion: 7.3.2  TimeStamp: 2026/03/07-01:35:15-GMT  BuildTime: Aug  4 2022 06:17:15  BuildStamp: freesurfer-linux-ubuntu22_x86_64-7.3.2-20220804-6354275  User: oesteban  Machine: dna028  Platform: Linux  PlatformVersion: 5.14.0-427.37.1.el9_4.x86_64  CompilerName: GCC  CompilerVersion: 8.4.0
ProgramName: mri_fwhm  ProgramArguments: mri_fwhm -all-info  ProgramVersion: 7.3.2  TimeStamp: 2026/03/07-01:35:15-GMT  BuildTime: Aug  4 2022 06:17:15  BuildStamp: freesurfer-linux-ubuntu22_x86_64-7.3.2-20220804-6354275  User: oesteban  Machine: dna028  Platform: Linux  PlatformVersion: 5.14.0-427.37.1.el9_4.x86_64  CompilerName: GCC  CompilerVersion: 8.4.0
ProgramName: mri_gcut  ProgramArguments: mri_gcut -all-info  ProgramVersion: 7.3.2  TimeStamp: 2026/03/07-01:35:15-GMT  BuildTime: Aug  4 2022 06:17:15  BuildStamp: freesurfer-linux-ubuntu22_x86_64-7.3.2-20220804-6354275  User: oesteban  Machine: dna028  Platform: Linux  PlatformVersion: 5.14.0-427.37.1.el9_4.x86_64  CompilerName: GCC  CompilerVersion: 8.4.0
ProgramName: mri_info  ProgramArguments: mri_info -all-info  ProgramVersion: 7.3.2  TimeStamp: 2026/03/07-01:35:15-GMT  BuildTime: Aug  4 2022 06:17:15  BuildStamp: freesurfer-linux-ubuntu22_x86_64-7.3.2-20220804-6354275  User: oesteban  Machine: dna028  Platform: Linux  PlatformVersion: 5.14.0-427.37.1.el9_4.x86_64  CompilerName: GCC  CompilerVersion: 8.4.0
ProgramName: mri_label2label  ProgramArguments: mri_label2label -all-info  ProgramVersion: 7.3.2  TimeStamp: 2026/03/07-01:35:15-GMT  BuildTime: Aug  4 2022 06:17:15  BuildStamp: freesurfer-linux-ubuntu22_x86_64-7.3.2-20220804-6354275  User: oesteban  Machine: dna028  Platform: Linux  PlatformVersion: 5.14.0-427.37.1.el9_4.x86_64  CompilerName: GCC  CompilerVersion: 8.4.0
ProgramName: mri_label2vol  ProgramArguments: mri_label2vol -all-info  ProgramVersion: 7.3.2  TimeStamp: 2026/03/07-01:35:15-GMT  BuildTime: Aug  4 2022 06:17:15  BuildStamp: freesurfer-linux-ubuntu22_x86_64-7.3.2-20220804-6354275  User: oesteban  Machine: dna028  Platform: Linux  PlatformVersion: 5.14.0-427.37.1.el9_4.x86_64  CompilerName: GCC  CompilerVersion: 8.4.0
ProgramName: mri_log_likelihood  ProgramArguments: mri_log_likelihood -all-info  ProgramVersion: 7.3.2  TimeStamp: 2026/03/07-01:35:15-GMT  BuildTime: Aug  4 2022 06:17:15  BuildStamp: freesurfer-linux-ubuntu22_x86_64-7.3.2-20220804-6354275  User: oesteban  Machine: dna028  Platform: Linux  PlatformVersion: 5.14.0-427.37.1.el9_4.x86_64  CompilerName: GCC  CompilerVersion: 8.4.0
ProgramName: mri_mask  ProgramArguments: mri_mask -all-info  ProgramVersion: 7.3.2  TimeStamp: 2026/03/07-01:35:15-GMT  BuildTime: Aug  4 2022 06:17:15  BuildStamp: freesurfer-linux-ubuntu22_x86_64-7.3.2-20220804-6354275  User: oesteban  Machine: dna028  Platform: Linux  PlatformVersion: 5.14.0-427.37.1.el9_4.x86_64  CompilerName: GCC  CompilerVersion: 8.4.0
ProgramName: mri_matrix_multiply  ProgramArguments: mri_matrix_multiply -all-info  ProgramVersion: 7.3.2  TimeStamp: 2026/03/07-01:35:15-GMT  BuildTime: Aug  4 2022 06:17:15  BuildStamp: freesurfer-linux-ubuntu22_x86_64-7.3.2-20220804-6354275  User: oesteban  Machine: dna028  Platform: Linux  PlatformVersion: 5.14.0-427.37.1.el9_4.x86_64  CompilerName: GCC  CompilerVersion: 8.4.0
ProgramName: mri_normalize  ProgramArguments: mri_normalize -all-info  ProgramVersion: 7.3.2  TimeStamp: 2026/03/07-01:35:15-GMT  BuildTime: Aug  4 2022 06:17:15  BuildStamp: freesurfer-linux-ubuntu22_x86_64-7.3.2-20220804-6354275  User: oesteban  Machine: dna028  Platform: Linux  PlatformVersion: 5.14.0-427.37.1.el9_4.x86_64  CompilerName: GCC  CompilerVersion: 8.4.0
ProgramName: mri_normalize_tp2  ProgramArguments: mri_normalize_tp2 -all-info  ProgramVersion: 7.3.2  TimeStamp: 2026/03/07-01:35:15-GMT  BuildTime: Aug  4 2022 06:17:15  BuildStamp: freesurfer-linux-ubuntu22_x86_64-7.3.2-20220804-6354275  User: oesteban  Machine: dna028  Platform: Linux  PlatformVersion: 5.14.0-427.37.1.el9_4.x86_64  CompilerName: GCC  CompilerVersion: 8.4.0
ProgramName: mri_or  ProgramArguments: mri_or -all-info  ProgramVersion: 7.3.2  TimeStamp: 2026/03/07-01:35:15-GMT  BuildTime: Aug  4 2022 06:17:15  BuildStamp: freesurfer-linux-ubuntu22_x86_64-7.3.2-20220804-6354275  User: oesteban  Machine: dna028  Platform: Linux  PlatformVersion: 5.14.0-427.37.1.el9_4.x86_64  CompilerName: GCC  CompilerVersion: 8.4.0
ProgramName: mri_relabel_hypointensities  ProgramArguments: mri_relabel_hypointensities -all-info  ProgramVersion: 7.3.2  TimeStamp: 2026/03/07-01:35:15-GMT  BuildTime: Aug  4 2022 06:17:15  BuildStamp: freesurfer-linux-ubuntu22_x86_64-7.3.2-20220804-6354275  User: oesteban  Machine: dna028  Platform: Linux  PlatformVersion: 5.14.0-427.37.1.el9_4.x86_64  CompilerName: GCC  CompilerVersion: 8.4.0
ProgramName: mri_relabel_nonwm_hypos  ProgramArguments: mri_relabel_nonwm_hypos -all-info  ProgramVersion: 7.3.2  TimeStamp: 2026/03/07-01:35:15-GMT  BuildTime: Aug  4 2022 06:17:15  BuildStamp: freesurfer-linux-ubuntu22_x86_64-7.3.2-20220804-6354275  User: oesteban  Machine: dna028  Platform: Linux  PlatformVersion: 5.14.0-427.37.1.el9_4.x86_64  CompilerName: GCC  CompilerVersion: 8.4.0
ProgramName: mri_remove_neck  ProgramArguments: mri_remove_neck -all-info  ProgramVersion: 7.3.2  TimeStamp: 2026/03/07-01:35:15-GMT  BuildTime: Aug  4 2022 06:17:15  BuildStamp: freesurfer-linux-ubuntu22_x86_64-7.3.2-20220804-6354275  User: oesteban  Machine: dna028  Platform: Linux  PlatformVersion: 5.14.0-427.37.1.el9_4.x86_64  CompilerName: GCC  CompilerVersion: 8.4.0
7.3.2

ProgramName: mri_robust_register  ProgramArguments: mri_robust_register -all-info  ProgramVersion: 7.3.2  TimeStamp: 2026/03/07-01:35:15-GMT  BuildTime: Aug  4 2022 06:17:15  BuildStamp: freesurfer-linux-ubuntu22_x86_64-7.3.2-20220804-6354275  User: oesteban  Machine: dna028  Platform: Linux  PlatformVersion: 5.14.0-427.37.1.el9_4.x86_64  CompilerName: GCC  CompilerVersion: 8.4.0
7.3.2

ProgramName: mri_robust_template  ProgramArguments: mri_robust_template -all-info  ProgramVersion: 7.3.2  TimeStamp: 2026/03/07-01:35:15-GMT  BuildTime: Aug  4 2022 06:17:15  BuildStamp: freesurfer-linux-ubuntu22_x86_64-7.3.2-20220804-6354275  User: oesteban  Machine: dna028  Platform: Linux  PlatformVersion: 5.14.0-427.37.1.el9_4.x86_64  CompilerName: GCC  CompilerVersion: 8.4.0
ProgramName: mris_anatomical_stats  ProgramArguments: mris_anatomical_stats -all-info  ProgramVersion: 7.3.2  TimeStamp: 2026/03/07-01:35:15-GMT  BuildTime: Aug  4 2022 06:17:15  BuildStamp: freesurfer-linux-ubuntu22_x86_64-7.3.2-20220804-6354275  User: oesteban  Machine: dna028  Platform: Linux  PlatformVersion: 5.14.0-427.37.1.el9_4.x86_64  CompilerName: GCC  CompilerVersion: 8.4.0
ProgramName: mris_ca_label  ProgramArguments: mris_ca_label -all-info  ProgramVersion: 7.3.2  TimeStamp: 2026/03/07-01:35:15-GMT  BuildTime: Aug  4 2022 06:17:15  BuildStamp: freesurfer-linux-ubuntu22_x86_64-7.3.2-20220804-6354275  User: oesteban  Machine: dna028  Platform: Linux  PlatformVersion: 5.14.0-427.37.1.el9_4.x86_64  CompilerName: GCC  CompilerVersion: 8.4.0
ProgramName: mris_calc  ProgramArguments: mris_calc -all-info  ProgramVersion: 7.3.2  TimeStamp: 2026/03/07-01:35:15-GMT  BuildTime: Aug  4 2022 06:17:15  BuildStamp: freesurfer-linux-ubuntu22_x86_64-7.3.2-20220804-6354275  User: oesteban  Machine: dna028  Platform: Linux  PlatformVersion: 5.14.0-427.37.1.el9_4.x86_64  CompilerName: GCC  CompilerVersion: 8.4.0
ProgramName: mris_convert  ProgramArguments: mris_convert -all-info  ProgramVersion: 7.3.2  TimeStamp: 2026/03/07-01:35:15-GMT  BuildTime: Aug  4 2022 06:17:15  BuildStamp: freesurfer-linux-ubuntu22_x86_64-7.3.2-20220804-6354275  User: oesteban  Machine: dna028  Platform: Linux  PlatformVersion: 5.14.0-427.37.1.el9_4.x86_64  CompilerName: GCC  CompilerVersion: 8.4.0
ProgramName: mris_curvature  ProgramArguments: mris_curvature -all-info  ProgramVersion: 7.3.2  TimeStamp: 2026/03/07-01:35:15-GMT  BuildTime: Aug  4 2022 06:17:15  BuildStamp: freesurfer-linux-ubuntu22_x86_64-7.3.2-20220804-6354275  User: oesteban  Machine: dna028  Platform: Linux  PlatformVersion: 5.14.0-427.37.1.el9_4.x86_64  CompilerName: GCC  CompilerVersion: 8.4.0
ProgramName: mris_curvature_stats  ProgramArguments: mris_curvature_stats -all-info  ProgramVersion: 7.3.2  TimeStamp: 2026/03/07-01:35:15-GMT  BuildTime: Aug  4 2022 06:17:15  BuildStamp: freesurfer-linux-ubuntu22_x86_64-7.3.2-20220804-6354275  User: oesteban  Machine: dna028  Platform: Linux  PlatformVersion: 5.14.0-427.37.1.el9_4.x86_64  CompilerName: GCC  CompilerVersion: 8.4.0
ProgramName: mris_diff  ProgramArguments: mris_diff -all-info  ProgramVersion: 7.3.2  TimeStamp: 2026/03/07-01:35:15-GMT  BuildTime: Aug  4 2022 06:17:15  BuildStamp: freesurfer-linux-ubuntu22_x86_64-7.3.2-20220804-6354275  User: oesteban  Machine: dna028  Platform: Linux  PlatformVersion: 5.14.0-427.37.1.el9_4.x86_64  CompilerName: GCC  CompilerVersion: 8.4.0
ProgramName: mris_divide_parcellation  ProgramArguments: mris_divide_parcellation -all-info  ProgramVersion: 7.3.2  TimeStamp: 2026/03/07-01:35:15-GMT  BuildTime: Aug  4 2022 06:17:15  BuildStamp: freesurfer-linux-ubuntu22_x86_64-7.3.2-20220804-6354275  User: oesteban  Machine: dna028  Platform: Linux  PlatformVersion: 5.14.0-427.37.1.el9_4.x86_64  CompilerName: GCC  CompilerVersion: 8.4.0
ProgramName: mri_segment  ProgramArguments: mri_segment -all-info  ProgramVersion: 7.3.2  TimeStamp: 2026/03/07-01:35:15-GMT  BuildTime: Aug  4 2022 06:17:15  BuildStamp: freesurfer-linux-ubuntu22_x86_64-7.3.2-20220804-6354275  User: oesteban  Machine: dna028  Platform: Linux  PlatformVersion: 5.14.0-427.37.1.el9_4.x86_64  CompilerName: GCC  CompilerVersion: 8.4.0
ProgramName: mri_segstats  ProgramArguments: mri_segstats -all-info  ProgramVersion: 7.3.2  TimeStamp: 2026/03/07-01:35:15-GMT  BuildTime: Aug  4 2022 06:17:15  BuildStamp: freesurfer-linux-ubuntu22_x86_64-7.3.2-20220804-6354275  User: oesteban  Machine: dna028  Platform: Linux  PlatformVersion: 5.14.0-427.37.1.el9_4.x86_64  CompilerName: GCC  CompilerVersion: 8.4.0
ProgramName: mris_euler_number  ProgramArguments: mris_euler_number -all-info  ProgramVersion: 7.3.2  TimeStamp: 2026/03/07-01:35:15-GMT  BuildTime: Aug  4 2022 06:17:15  BuildStamp: freesurfer-linux-ubuntu22_x86_64-7.3.2-20220804-6354275  User: oesteban  Machine: dna028  Platform: Linux  PlatformVersion: 5.14.0-427.37.1.el9_4.x86_64  CompilerName: GCC  CompilerVersion: 8.4.0
ProgramName: mris_fix_topology  ProgramArguments: mris_fix_topology -all-info  ProgramVersion: 7.3.2  TimeStamp: 2026/03/07-01:35:15-GMT  BuildTime: Aug  4 2022 06:17:15  BuildStamp: freesurfer-linux-ubuntu22_x86_64-7.3.2-20220804-6354275  User: oesteban  Machine: dna028  Platform: Linux  PlatformVersion: 5.14.0-427.37.1.el9_4.x86_64  CompilerName: GCC  CompilerVersion: 8.4.0
ProgramName: mris_topo_fixer  ProgramArguments: mris_topo_fixer -all-info  ProgramVersion: 7.3.2  TimeStamp: 2026/03/07-01:35:15-GMT  BuildTime: Aug  4 2022 06:17:15  BuildStamp: freesurfer-linux-ubuntu22_x86_64-7.3.2-20220804-6354275  User: oesteban  Machine: dna028  Platform: Linux  PlatformVersion: 5.14.0-427.37.1.el9_4.x86_64  CompilerName: GCC  CompilerVersion: 8.4.0
ProgramName: mris_jacobian  ProgramArguments: mris_jacobian -all-info  ProgramVersion: 7.3.2  TimeStamp: 2026/03/07-01:35:15-GMT  BuildTime: Aug  4 2022 06:17:15  BuildStamp: freesurfer-linux-ubuntu22_x86_64-7.3.2-20220804-6354275  User: oesteban  Machine: dna028  Platform: Linux  PlatformVersion: 5.14.0-427.37.1.el9_4.x86_64  CompilerName: GCC  CompilerVersion: 8.4.0
ProgramName: mris_label2annot  ProgramArguments: mris_label2annot -all-info  ProgramVersion: 7.3.2  TimeStamp: 2026/03/07-01:35:15-GMT  BuildTime: Aug  4 2022 06:17:15  BuildStamp: freesurfer-linux-ubuntu22_x86_64-7.3.2-20220804-6354275  User: oesteban  Machine: dna028  Platform: Linux  PlatformVersion: 5.14.0-427.37.1.el9_4.x86_64  CompilerName: GCC  CompilerVersion: 8.4.0
ProgramName: mris_left_right_register  ProgramArguments: mris_left_right_register -all-info  ProgramVersion: 7.3.2  TimeStamp: 2026/03/07-01:35:15-GMT  BuildTime: Aug  4 2022 06:17:15  BuildStamp: freesurfer-linux-ubuntu22_x86_64-7.3.2-20220804-6354275  User: oesteban  Machine: dna028  Platform: Linux  PlatformVersion: 5.14.0-427.37.1.el9_4.x86_64  CompilerName: GCC  CompilerVersion: 8.4.0
ProgramName: mris_place_surface  ProgramArguments: mris_place_surface -all-info  ProgramVersion: 7.3.2  TimeStamp: 2026/03/07-01:35:15-GMT  BuildTime: Aug  4 2022 06:17:15  BuildStamp: freesurfer-linux-ubuntu22_x86_64-7.3.2-20220804-6354275  User: oesteban  Machine: dna028  Platform: Linux  PlatformVersion: 5.14.0-427.37.1.el9_4.x86_64  CompilerName: GCC  CompilerVersion: 8.4.0
ProgramName: mrisp_paint  ProgramArguments: mrisp_paint -all-info  ProgramVersion: 7.3.2  TimeStamp: 2026/03/07-01:35:15-GMT  BuildTime: Aug  4 2022 06:17:15  BuildStamp: freesurfer-linux-ubuntu22_x86_64-7.3.2-20220804-6354275  User: oesteban  Machine: dna028  Platform: Linux  PlatformVersion: 5.14.0-427.37.1.el9_4.x86_64  CompilerName: GCC  CompilerVersion: 8.4.0
ProgramName: mris_register  ProgramArguments: mris_register -all-info  ProgramVersion: 7.3.2  TimeStamp: 2026/03/07-01:35:15-GMT  BuildTime: Aug  4 2022 06:17:15  BuildStamp: freesurfer-linux-ubuntu22_x86_64-7.3.2-20220804-6354275  User: oesteban  Machine: dna028  Platform: Linux  PlatformVersion: 5.14.0-427.37.1.el9_4.x86_64  CompilerName: GCC  CompilerVersion: 8.4.0
ProgramName: mris_smooth  ProgramArguments: mris_smooth -all-info  ProgramVersion: 7.3.2  TimeStamp: 2026/03/07-01:35:15-GMT  BuildTime: Aug  4 2022 06:17:15  BuildStamp: freesurfer-linux-ubuntu22_x86_64-7.3.2-20220804-6354275  User: oesteban  Machine: dna028  Platform: Linux  PlatformVersion: 5.14.0-427.37.1.el9_4.x86_64  CompilerName: GCC  CompilerVersion: 8.4.0
ProgramName: mris_sphere  ProgramArguments: mris_sphere -all-info  ProgramVersion: 7.3.2  TimeStamp: 2026/03/07-01:35:15-GMT  BuildTime: Aug  4 2022 06:17:15  BuildStamp: freesurfer-linux-ubuntu22_x86_64-7.3.2-20220804-6354275  User: oesteban  Machine: dna028  Platform: Linux  PlatformVersion: 5.14.0-427.37.1.el9_4.x86_64  CompilerName: GCC  CompilerVersion: 8.4.0
ProgramName: mris_surface_stats  ProgramArguments: mris_surface_stats -all-info  ProgramVersion: 7.3.2  TimeStamp: 2026/03/07-01:35:15-GMT  BuildTime: Aug  4 2022 06:17:15  BuildStamp: freesurfer-linux-ubuntu22_x86_64-7.3.2-20220804-6354275  User: oesteban  Machine: dna028  Platform: Linux  PlatformVersion: 5.14.0-427.37.1.el9_4.x86_64  CompilerName: GCC  CompilerVersion: 8.4.0
ProgramName: mri_stats2seg  ProgramArguments: mri_stats2seg -all-info  ProgramVersion: 7.3.2  TimeStamp: 2026/03/07-01:35:15-GMT  BuildTime: Aug  4 2022 06:17:15  BuildStamp: freesurfer-linux-ubuntu22_x86_64-7.3.2-20220804-6354275  User: oesteban  Machine: dna028  Platform: Linux  PlatformVersion: 5.14.0-427.37.1.el9_4.x86_64  CompilerName: GCC  CompilerVersion: 8.4.0
ProgramName: mris_thickness  ProgramArguments: mris_thickness -all-info  ProgramVersion: 7.3.2  TimeStamp: 2026/03/07-01:35:15-GMT  BuildTime: Aug  4 2022 06:17:15  BuildStamp: freesurfer-linux-ubuntu22_x86_64-7.3.2-20220804-6354275  User: oesteban  Machine: dna028  Platform: Linux  PlatformVersion: 5.14.0-427.37.1.el9_4.x86_64  CompilerName: GCC  CompilerVersion: 8.4.0
ProgramName: mris_thickness_diff  ProgramArguments: mris_thickness_diff -all-info  ProgramVersion: 7.3.2  TimeStamp: 2026/03/07-01:35:15-GMT  BuildTime: Aug  4 2022 06:17:15  BuildStamp: freesurfer-linux-ubuntu22_x86_64-7.3.2-20220804-6354275  User: oesteban  Machine: dna028  Platform: Linux  PlatformVersion: 5.14.0-427.37.1.el9_4.x86_64  CompilerName: GCC  CompilerVersion: 8.4.0
ProgramName: mris_topo_fixer  ProgramArguments: mris_topo_fixer -all-info  ProgramVersion: 7.3.2  TimeStamp: 2026/03/07-01:35:15-GMT  BuildTime: Aug  4 2022 06:17:15  BuildStamp: freesurfer-linux-ubuntu22_x86_64-7.3.2-20220804-6354275  User: oesteban  Machine: dna028  Platform: Linux  PlatformVersion: 5.14.0-427.37.1.el9_4.x86_64  CompilerName: GCC  CompilerVersion: 8.4.0
ProgramName: mri_surf2surf  ProgramArguments: mri_surf2surf -all-info  ProgramVersion: 7.3.2  TimeStamp: 2026/03/07-01:35:15-GMT  BuildTime: Aug  4 2022 06:17:15  BuildStamp: freesurfer-linux-ubuntu22_x86_64-7.3.2-20220804-6354275  User: oesteban  Machine: dna028  Platform: Linux  PlatformVersion: 5.14.0-427.37.1.el9_4.x86_64  CompilerName: GCC  CompilerVersion: 8.4.0
ProgramName: mri_surf2vol  ProgramArguments: mri_surf2vol -all-info  ProgramVersion: 7.3.2  TimeStamp: 2026/03/07-01:35:15-GMT  BuildTime: Aug  4 2022 06:17:15  BuildStamp: freesurfer-linux-ubuntu22_x86_64-7.3.2-20220804-6354275  User: oesteban  Machine: dna028  Platform: Linux  PlatformVersion: 5.14.0-427.37.1.el9_4.x86_64  CompilerName: GCC  CompilerVersion: 8.4.0
ProgramName: mri_surfcluster  ProgramArguments: mri_surfcluster -all-info  ProgramVersion: 7.3.2  TimeStamp: 2026/03/07-01:35:15-GMT  BuildTime: Aug  4 2022 06:17:15  BuildStamp: freesurfer-linux-ubuntu22_x86_64-7.3.2-20220804-6354275  User: oesteban  Machine: dna028  Platform: Linux  PlatformVersion: 5.14.0-427.37.1.el9_4.x86_64  CompilerName: GCC  CompilerVersion: 8.4.0
ProgramName: mris_volmask  ProgramArguments: mris_volmask -all-info  ProgramVersion: 7.3.2  TimeStamp: 2026/03/07-01:35:15-GMT  BuildTime: Aug  4 2022 06:17:15  BuildStamp: freesurfer-linux-ubuntu22_x86_64-7.3.2-20220804-6354275  User: oesteban  Machine: dna028  Platform: Linux  PlatformVersion: 5.14.0-427.37.1.el9_4.x86_64  CompilerName: GCC  CompilerVersion: 8.4.0
ProgramName: mri_tessellate  ProgramArguments: mri_tessellate -all-info  ProgramVersion: 7.3.2  TimeStamp: 2026/03/07-01:35:15-GMT  BuildTime: Aug  4 2022 06:17:15  BuildStamp: freesurfer-linux-ubuntu22_x86_64-7.3.2-20220804-6354275  User: oesteban  Machine: dna028  Platform: Linux  PlatformVersion: 5.14.0-427.37.1.el9_4.x86_64  CompilerName: GCC  CompilerVersion: 8.4.0
ProgramName: mri_vol2surf  ProgramArguments: mri_vol2surf -all-info  ProgramVersion: 7.3.2  TimeStamp: 2026/03/07-01:35:15-GMT  BuildTime: Aug  4 2022 06:17:15  BuildStamp: freesurfer-linux-ubuntu22_x86_64-7.3.2-20220804-6354275  User: oesteban  Machine: dna028  Platform: Linux  PlatformVersion: 5.14.0-427.37.1.el9_4.x86_64  CompilerName: GCC  CompilerVersion: 8.4.0
ProgramName: mri_vol2vol  ProgramArguments: mri_vol2vol -all-info  ProgramVersion: 7.3.2  TimeStamp: 2026/03/07-01:35:15-GMT  BuildTime: Aug  4 2022 06:17:15  BuildStamp: freesurfer-linux-ubuntu22_x86_64-7.3.2-20220804-6354275  User: oesteban  Machine: dna028  Platform: Linux  PlatformVersion: 5.14.0-427.37.1.el9_4.x86_64  CompilerName: GCC  CompilerVersion: 8.4.0
ProgramName: mri_voldiff  ProgramArguments: mri_voldiff -all-info  ProgramVersion: 7.3.2  TimeStamp: 2026/03/07-01:35:15-GMT  BuildTime: Aug  4 2022 06:17:15  BuildStamp: freesurfer-linux-ubuntu22_x86_64-7.3.2-20220804-6354275  User: oesteban  Machine: dna028  Platform: Linux  PlatformVersion: 5.14.0-427.37.1.el9_4.x86_64  CompilerName: GCC  CompilerVersion: 8.4.0
ProgramName: mri_watershed  ProgramArguments: mri_watershed -all-info  ProgramVersion: 7.3.2  TimeStamp: 2026/03/07-01:35:15-GMT  BuildTime: Aug  4 2022 06:17:15  BuildStamp: freesurfer-linux-ubuntu22_x86_64-7.3.2-20220804-6354275  User: oesteban  Machine: dna028  Platform: Linux  PlatformVersion: 5.14.0-427.37.1.el9_4.x86_64  CompilerName: GCC  CompilerVersion: 8.4.0
ProgramName: tkregister2  ProgramArguments: tkregister2_cmdl -all-info  ProgramVersion: 7.3.2  TimeStamp: 2026/03/07-01:35:15-GMT  BuildTime: Aug  4 2022 06:17:15  BuildStamp: freesurfer-linux-ubuntu22_x86_64-7.3.2-20220804-6354275  User: oesteban  Machine: dna028  Platform: Linux  PlatformVersion: 5.14.0-427.37.1.el9_4.x86_64  CompilerName: GCC  CompilerVersion: 8.4.0
mri_motion_correct.fsl 7.3.2
mri_convert -all-info 
ProgramName: mri_convert  ProgramArguments: mri_convert -all-info  ProgramVersion: 7.3.2  TimeStamp: 2026/03/07-01:35:15-GMT  BuildTime: Aug  4 2022 06:17:15  BuildStamp: freesurfer-linux-ubuntu22_x86_64-7.3.2-20220804-6354275  User: oesteban  Machine: dna028  Platform: Linux  PlatformVersion: 5.14.0-427.37.1.el9_4.x86_64  CompilerName: GCC  CompilerVersion: 8.4.0
Program nu_correct, built from:
Package MNI N3, version 1.12.0, compiled by nicks@terrier (x86_64-unknown-linux-gnu) on 2015-06-19 at 01:25:34
#######################################
GCADIR /opt/freesurfer/average
GCA RB_all_2020-01-02.gca
GCASkull RB_all_withskull_2020_01_02.gca
AvgCurvTif folding.atlas.acfb40.noaparc.i12.2016-08-02.tif
GCSDIR /opt/freesurfer/average
GCS DKaparc.atlas.acfb40.noaparc.i12.2016-08-02.gcs
#######################################
#@# white curv lh Sat Mar  7 02:35:15 CET 2026
cd /out/sourcedata/freesurfer/sub-v1s18x0051209_ses-1/mri
mris_place_surface --curv-map ../surf/lh.white 2 10 ../surf/lh.curv
   Update not needed
#@# white area lh Sat Mar  7 02:35:15 CET 2026
cd /out/sourcedata/freesurfer/sub-v1s18x0051209_ses-1/mri
mris_place_surface --area-map ../surf/lh.white ../surf/lh.area
   Update not needed
#@# pial curv lh Sat Mar  7 02:35:15 CET 2026
cd /out/sourcedata/freesurfer/sub-v1s18x0051209_ses-1/mri
mris_place_surface --curv-map ../surf/lh.pial 2 10 ../surf/lh.curv.pial
   Update not needed
#@# pial area lh Sat Mar  7 02:35:15 CET 2026
cd /out/sourcedata/freesurfer/sub-v1s18x0051209_ses-1/mri
mris_place_surface --area-map ../surf/lh.pial ../surf/lh.area.pial
   Update not needed
#@# thickness lh Sat Mar  7 02:35:15 CET 2026
cd /out/sourcedata/freesurfer/sub-v1s18x0051209_ses-1/mri
mris_place_surface --thickness ../surf/lh.white ../surf/lh.pial 20 5 ../surf/lh.thickness
   Update not needed
#@# area and vertex vol lh Sat Mar  7 02:35:15 CET 2026
cd /out/sourcedata/freesurfer/sub-v1s18x0051209_ses-1/mri
mris_place_surface --thickness ../surf/lh.white ../surf/lh.pial 20 5 ../surf/lh.thickness
   Update not needed
#@# white curv rh Sat Mar  7 02:35:15 CET 2026
cd /out/sourcedata/freesurfer/sub-v1s18x0051209_ses-1/mri
mris_place_surface --curv-map ../surf/rh.white 2 10 ../surf/rh.curv
   Update not needed
#@# white area rh Sat Mar  7 02:35:15 CET 2026
cd /out/sourcedata/freesurfer/sub-v1s18x0051209_ses-1/mri
mris_place_surface --area-map ../surf/rh.white ../surf/rh.area
   Update not needed
#@# pial curv rh Sat Mar  7 02:35:15 CET 2026
cd /out/sourcedata/freesurfer/sub-v1s18x0051209_ses-1/mri
mris_place_surface --curv-map ../surf/rh.pial 2 10 ../surf/rh.curv.pial
   Update not needed
#@# pial area rh Sat Mar  7 02:35:15 CET 2026
cd /out/sourcedata/freesurfer/sub-v1s18x0051209_ses-1/mri
mris_place_surface --area-map ../surf/rh.pial ../surf/rh.area.pial
   Update not needed
#@# thickness rh Sat Mar  7 02:35:15 CET 2026
cd /out/sourcedata/freesurfer/sub-v1s18x0051209_ses-1/mri
mris_place_surface --thickness ../surf/rh.white ../surf/rh.pial 20 5 ../surf/rh.thickness
   Update not needed
#@# area and vertex vol rh Sat Mar  7 02:35:15 CET 2026
cd /out/sourcedata/freesurfer/sub-v1s18x0051209_ses-1/mri
mris_place_surface --thickness ../surf/rh.white ../surf/rh.pial 20 5 ../surf/rh.thickness
   Update not needed
#--------------------------------------------
#@# Cortical ribbon mask Sat Mar  7 02:35:15 CET 2026
/out/sourcedata/freesurfer/sub-v1s18x0051209_ses-1/mri

 mris_volmask --aseg_name aseg.presurf --label_left_white 2 --label_left_ribbon 3 --label_right_white 41 --label_right_ribbon 42 --save_ribbon sub-v1s18x0051209_ses-1 

SUBJECTS_DIR is /out/sourcedata/freesurfer
loading input data...
Running hemis serially
Processing left hemi
computing distance to left white surface 
computing distance to left pial surface 
Processing right hemi
computing distance to right white surface 
computing distance to right pial surface 
 hemi masks overlap voxels = 143
writing volume /out/sourcedata/freesurfer/sub-v1s18x0051209_ses-1/mri/ribbon.mgz
mris_volmask took 4.30 minutes
 writing ribbon files

Started at Sat Mar 7 02:35:15 CET 2026 
Ended   at Sat Mar 7 02:39:33 CET 2026
#@#%# recon-all-run-time-hours 0.072
recon-all -s sub-v1s18x0051209_ses-1 finished without error at Sat Mar  7 02:39:33 CET 2026



#New# invocation of recon-all 




Sat Mar  7 02:45:23 CET 2026
cd /out/sourcedata/freesurfer/sub-v1s18x0051209_ses-1
setenv SUBJECTS_DIR /out/sourcedata/freesurfer
/opt/freesurfer/bin/recon-all -autorecon3 -openmp 16 -subjid sub-v1s18x0051209_ses-1 -sd /out/sourcedata/freesurfer -nosphere -nosurfreg -nojacobian_white -noavgcurv -nocortparc -nopial -noparcstats -nocortparc2 -noparcstats2 -nocortparc3 -noparcstats3 -nopctsurfcon -nocortribbon -nobalabels

subjid sub-v1s18x0051209_ses-1
setenv SUBJECTS_DIR /out/sourcedata/freesurfer
FREESURFER_HOME /opt/freesurfer
Actual FREESURFER_HOME /opt/freesurfer
build-stamp.txt: freesurfer-linux-ubuntu22_x86_64-7.3.2-20220804-6354275
Linux dna028 5.14.0-427.37.1.el9_4.x86_64 #1 SMP PREEMPT_DYNAMIC Fri Sep 13 12:41:50 EDT 2024 x86_64 x86_64 x86_64 GNU/Linux
cputime      unlimited
filesize     unlimited
datasize     unlimited
stacksize    8192 kbytes
coredumpsize 0 kbytes
memoryuse    67108864 kbytes
vmemoryuse   unlimited
descriptors  1024 
memorylocked unlimited
maxproc      2061970 
maxlocks     unlimited
maxsignal    2061970 
maxmessage   819200 
maxnice      0 
maxrtprio    0 
maxrttime    unlimited

               total        used        free      shared  buff/cache   available
Mem:           503Gi        46Gi       283Gi        32Gi       173Gi       421Gi
Swap:             0B          0B          0B

########################################
program versions used
7.3.2 (freesurfer-linux-ubuntu22_x86_64-7.3.2-20220804-6354275)
7.3.2

ProgramName: lta_convert  ProgramArguments: lta_convert -all-info  ProgramVersion: 7.3.2  TimeStamp: 2026/03/07-01:45:23-GMT  BuildTime: Aug  4 2022 06:17:15  BuildStamp: freesurfer-linux-ubuntu22_x86_64-7.3.2-20220804-6354275  User: oesteban  Machine: dna028  Platform: Linux  PlatformVersion: 5.14.0-427.37.1.el9_4.x86_64  CompilerName: GCC  CompilerVersion: 8.4.0
ProgramName: mri_and  ProgramArguments: mri_and -all-info  ProgramVersion: 7.3.2  TimeStamp: 2026/03/07-01:45:23-GMT  BuildTime: Aug  4 2022 06:17:15  BuildStamp: freesurfer-linux-ubuntu22_x86_64-7.3.2-20220804-6354275  User: oesteban  Machine: dna028  Platform: Linux  PlatformVersion: 5.14.0-427.37.1.el9_4.x86_64  CompilerName: GCC  CompilerVersion: 8.4.0
ProgramName: mri_annotation2label  ProgramArguments: mri_annotation2label -all-info  ProgramVersion: 7.3.2  TimeStamp: 2026/03/07-01:45:23-GMT  BuildTime: Aug  4 2022 06:17:15  BuildStamp: freesurfer-linux-ubuntu22_x86_64-7.3.2-20220804-6354275  User: oesteban  Machine: dna028  Platform: Linux  PlatformVersion: 5.14.0-427.37.1.el9_4.x86_64  CompilerName: GCC  CompilerVersion: 8.4.0
ProgramName: mri_aparc2aseg  ProgramArguments: mri_aparc2aseg -all-info  ProgramVersion: 7.3.2  TimeStamp: 2026/03/07-01:45:23-GMT  BuildTime: Aug  4 2022 06:17:15  BuildStamp: freesurfer-linux-ubuntu22_x86_64-7.3.2-20220804-6354275  User: oesteban  Machine: dna028  Platform: Linux  PlatformVersion: 5.14.0-427.37.1.el9_4.x86_64  CompilerName: GCC  CompilerVersion: 8.4.0
ProgramName: mri_surf2volseg  ProgramArguments: mri_surf2volseg -all-info  ProgramVersion: 7.3.2  TimeStamp: 2026/03/07-01:45:23-GMT  BuildTime: Aug  4 2022 06:17:15  BuildStamp: freesurfer-linux-ubuntu22_x86_64-7.3.2-20220804-6354275  User: oesteban  Machine: dna028  Platform: Linux  PlatformVersion: 5.14.0-427.37.1.el9_4.x86_64  CompilerName: GCC  CompilerVersion: 8.4.0
ProgramName: mri_binarize  ProgramArguments: mri_binarize -all-info  ProgramVersion: 7.3.2  TimeStamp: 2026/03/07-01:45:23-GMT  BuildTime: Aug  4 2022 06:17:15  BuildStamp: freesurfer-linux-ubuntu22_x86_64-7.3.2-20220804-6354275  User: oesteban  Machine: dna028  Platform: Linux  PlatformVersion: 5.14.0-427.37.1.el9_4.x86_64  CompilerName: GCC  CompilerVersion: 8.4.0
ProgramName: mri_ca_label  ProgramArguments: mri_ca_label -all-info  ProgramVersion: 7.3.2  TimeStamp: 2026/03/07-01:45:23-GMT  BuildTime: Aug  4 2022 06:17:15  BuildStamp: freesurfer-linux-ubuntu22_x86_64-7.3.2-20220804-6354275  User: oesteban  Machine: dna028  Platform: Linux  PlatformVersion: 5.14.0-427.37.1.el9_4.x86_64  CompilerName: GCC  CompilerVersion: 8.4.0
ProgramName: mri_ca_normalize  ProgramArguments: mri_ca_normalize -all-info  ProgramVersion: 7.3.2  TimeStamp: 2026/03/07-01:45:23-GMT  BuildTime: Aug  4 2022 06:17:15  BuildStamp: freesurfer-linux-ubuntu22_x86_64-7.3.2-20220804-6354275  User: oesteban  Machine: dna028  Platform: Linux  PlatformVersion: 5.14.0-427.37.1.el9_4.x86_64  CompilerName: GCC  CompilerVersion: 8.4.0
ProgramName: mri_ca_register  ProgramArguments: mri_ca_register -all-info  ProgramVersion: 7.3.2  TimeStamp: 2026/03/07-01:45:23-GMT  BuildTime: Aug  4 2022 06:17:15  BuildStamp: freesurfer-linux-ubuntu22_x86_64-7.3.2-20220804-6354275  User: oesteban  Machine: dna028  Platform: Linux  PlatformVersion: 5.14.0-427.37.1.el9_4.x86_64  CompilerName: GCC  CompilerVersion: 8.4.0
ProgramName: mri_cc  ProgramArguments: mri_cc -all-info  ProgramVersion: 7.3.2  TimeStamp: 2026/03/07-01:45:23-GMT  BuildTime: Aug  4 2022 06:17:15  BuildStamp: freesurfer-linux-ubuntu22_x86_64-7.3.2-20220804-6354275  User: oesteban  Machine: dna028  Platform: Linux  PlatformVersion: 5.14.0-427.37.1.el9_4.x86_64  CompilerName: GCC  CompilerVersion: 8.4.0
ProgramName: mri_compute_overlap  ProgramArguments: mri_compute_overlap -all-info  ProgramVersion: 7.3.2  TimeStamp: 2026/03/07-01:45:23-GMT  BuildTime: Aug  4 2022 06:17:15  BuildStamp: freesurfer-linux-ubuntu22_x86_64-7.3.2-20220804-6354275  User: oesteban  Machine: dna028  Platform: Linux  PlatformVersion: 5.14.0-427.37.1.el9_4.x86_64  CompilerName: GCC  CompilerVersion: 8.4.0
ProgramName: mri_compute_seg_overlap  ProgramArguments: mri_compute_seg_overlap -all-info  ProgramVersion: 7.3.2  TimeStamp: 2026/03/07-01:45:23-GMT  BuildTime: Aug  4 2022 06:17:15  BuildStamp: freesurfer-linux-ubuntu22_x86_64-7.3.2-20220804-6354275  User: oesteban  Machine: dna028  Platform: Linux  PlatformVersion: 5.14.0-427.37.1.el9_4.x86_64  CompilerName: GCC  CompilerVersion: 8.4.0
ProgramName: mri_concat  ProgramArguments: mri_concat -all-info  ProgramVersion: 7.3.2  TimeStamp: 2026/03/07-01:45:23-GMT  BuildTime: Aug  4 2022 06:17:15  BuildStamp: freesurfer-linux-ubuntu22_x86_64-7.3.2-20220804-6354275  User: oesteban  Machine: dna028  Platform: Linux  PlatformVersion: 5.14.0-427.37.1.el9_4.x86_64  CompilerName: GCC  CompilerVersion: 8.4.0
ProgramName: mri_concatenate_lta  ProgramArguments: mri_concatenate_lta -all-info  ProgramVersion: 7.3.2  TimeStamp: 2026/03/07-01:45:23-GMT  BuildTime: Aug  4 2022 06:17:15  BuildStamp: freesurfer-linux-ubuntu22_x86_64-7.3.2-20220804-6354275  User: oesteban  Machine: dna028  Platform: Linux  PlatformVersion: 5.14.0-427.37.1.el9_4.x86_64  CompilerName: GCC  CompilerVersion: 8.4.0
mri_convert -all-info 
ProgramName: mri_convert  ProgramArguments: mri_convert -all-info  ProgramVersion: 7.3.2  TimeStamp: 2026/03/07-01:45:24-GMT  BuildTime: Aug  4 2022 06:17:15  BuildStamp: freesurfer-linux-ubuntu22_x86_64-7.3.2-20220804-6354275  User: oesteban  Machine: dna028  Platform: Linux  PlatformVersion: 5.14.0-427.37.1.el9_4.x86_64  CompilerName: GCC  CompilerVersion: 8.4.0
ProgramName: mri_diff  ProgramArguments: mri_diff -all-info  ProgramVersion: 7.3.2  TimeStamp: 2026/03/07-01:45:24-GMT  BuildTime: Aug  4 2022 06:17:15  BuildStamp: freesurfer-linux-ubuntu22_x86_64-7.3.2-20220804-6354275  User: oesteban  Machine: dna028  Platform: Linux  PlatformVersion: 5.14.0-427.37.1.el9_4.x86_64  CompilerName: GCC  CompilerVersion: 8.4.0
ProgramName: mri_edit_wm_with_aseg  ProgramArguments: mri_edit_wm_with_aseg -all-info  ProgramVersion: 7.3.2  TimeStamp: 2026/03/07-01:45:24-GMT  BuildTime: Aug  4 2022 06:17:15  BuildStamp: freesurfer-linux-ubuntu22_x86_64-7.3.2-20220804-6354275  User: oesteban  Machine: dna028  Platform: Linux  PlatformVersion: 5.14.0-427.37.1.el9_4.x86_64  CompilerName: GCC  CompilerVersion: 8.4.0
ProgramName: mri_em_register  ProgramArguments: mri_em_register -all-info  ProgramVersion: 7.3.2  TimeStamp: 2026/03/07-01:45:24-GMT  BuildTime: Aug  4 2022 06:17:15  BuildStamp: freesurfer-linux-ubuntu22_x86_64-7.3.2-20220804-6354275  User: oesteban  Machine: dna028  Platform: Linux  PlatformVersion: 5.14.0-427.37.1.el9_4.x86_64  CompilerName: GCC  CompilerVersion: 8.4.0
ProgramName: mri_fill  ProgramArguments: mri_fill -all-info  ProgramVersion: 7.3.2  TimeStamp: 2026/03/07-01:45:24-GMT  BuildTime: Aug  4 2022 06:17:15  BuildStamp: freesurfer-linux-ubuntu22_x86_64-7.3.2-20220804-6354275  User: oesteban  Machine: dna028  Platform: Linux  PlatformVersion: 5.14.0-427.37.1.el9_4.x86_64  CompilerName: GCC  CompilerVersion: 8.4.0
ProgramName: mri_fuse_segmentations  ProgramArguments: mri_fuse_segmentations -all-info  ProgramVersion: 7.3.2  TimeStamp: 2026/03/07-01:45:24-GMT  BuildTime: Aug  4 2022 06:17:15  BuildStamp: freesurfer-linux-ubuntu22_x86_64-7.3.2-20220804-6354275  User: oesteban  Machine: dna028  Platform: Linux  PlatformVersion: 5.14.0-427.37.1.el9_4.x86_64  CompilerName: GCC  CompilerVersion: 8.4.0
ProgramName: mri_fwhm  ProgramArguments: mri_fwhm -all-info  ProgramVersion: 7.3.2  TimeStamp: 2026/03/07-01:45:24-GMT  BuildTime: Aug  4 2022 06:17:15  BuildStamp: freesurfer-linux-ubuntu22_x86_64-7.3.2-20220804-6354275  User: oesteban  Machine: dna028  Platform: Linux  PlatformVersion: 5.14.0-427.37.1.el9_4.x86_64  CompilerName: GCC  CompilerVersion: 8.4.0
ProgramName: mri_gcut  ProgramArguments: mri_gcut -all-info  ProgramVersion: 7.3.2  TimeStamp: 2026/03/07-01:45:24-GMT  BuildTime: Aug  4 2022 06:17:15  BuildStamp: freesurfer-linux-ubuntu22_x86_64-7.3.2-20220804-6354275  User: oesteban  Machine: dna028  Platform: Linux  PlatformVersion: 5.14.0-427.37.1.el9_4.x86_64  CompilerName: GCC  CompilerVersion: 8.4.0
ProgramName: mri_info  ProgramArguments: mri_info -all-info  ProgramVersion: 7.3.2  TimeStamp: 2026/03/07-01:45:24-GMT  BuildTime: Aug  4 2022 06:17:15  BuildStamp: freesurfer-linux-ubuntu22_x86_64-7.3.2-20220804-6354275  User: oesteban  Machine: dna028  Platform: Linux  PlatformVersion: 5.14.0-427.37.1.el9_4.x86_64  CompilerName: GCC  CompilerVersion: 8.4.0
ProgramName: mri_label2label  ProgramArguments: mri_label2label -all-info  ProgramVersion: 7.3.2  TimeStamp: 2026/03/07-01:45:24-GMT  BuildTime: Aug  4 2022 06:17:15  BuildStamp: freesurfer-linux-ubuntu22_x86_64-7.3.2-20220804-6354275  User: oesteban  Machine: dna028  Platform: Linux  PlatformVersion: 5.14.0-427.37.1.el9_4.x86_64  CompilerName: GCC  CompilerVersion: 8.4.0
ProgramName: mri_label2vol  ProgramArguments: mri_label2vol -all-info  ProgramVersion: 7.3.2  TimeStamp: 2026/03/07-01:45:24-GMT  BuildTime: Aug  4 2022 06:17:15  BuildStamp: freesurfer-linux-ubuntu22_x86_64-7.3.2-20220804-6354275  User: oesteban  Machine: dna028  Platform: Linux  PlatformVersion: 5.14.0-427.37.1.el9_4.x86_64  CompilerName: GCC  CompilerVersion: 8.4.0
ProgramName: mri_log_likelihood  ProgramArguments: mri_log_likelihood -all-info  ProgramVersion: 7.3.2  TimeStamp: 2026/03/07-01:45:24-GMT  BuildTime: Aug  4 2022 06:17:15  BuildStamp: freesurfer-linux-ubuntu22_x86_64-7.3.2-20220804-6354275  User: oesteban  Machine: dna028  Platform: Linux  PlatformVersion: 5.14.0-427.37.1.el9_4.x86_64  CompilerName: GCC  CompilerVersion: 8.4.0
ProgramName: mri_mask  ProgramArguments: mri_mask -all-info  ProgramVersion: 7.3.2  TimeStamp: 2026/03/07-01:45:24-GMT  BuildTime: Aug  4 2022 06:17:15  BuildStamp: freesurfer-linux-ubuntu22_x86_64-7.3.2-20220804-6354275  User: oesteban  Machine: dna028  Platform: Linux  PlatformVersion: 5.14.0-427.37.1.el9_4.x86_64  CompilerName: GCC  CompilerVersion: 8.4.0
ProgramName: mri_matrix_multiply  ProgramArguments: mri_matrix_multiply -all-info  ProgramVersion: 7.3.2  TimeStamp: 2026/03/07-01:45:24-GMT  BuildTime: Aug  4 2022 06:17:15  BuildStamp: freesurfer-linux-ubuntu22_x86_64-7.3.2-20220804-6354275  User: oesteban  Machine: dna028  Platform: Linux  PlatformVersion: 5.14.0-427.37.1.el9_4.x86_64  CompilerName: GCC  CompilerVersion: 8.4.0
ProgramName: mri_normalize  ProgramArguments: mri_normalize -all-info  ProgramVersion: 7.3.2  TimeStamp: 2026/03/07-01:45:24-GMT  BuildTime: Aug  4 2022 06:17:15  BuildStamp: freesurfer-linux-ubuntu22_x86_64-7.3.2-20220804-6354275  User: oesteban  Machine: dna028  Platform: Linux  PlatformVersion: 5.14.0-427.37.1.el9_4.x86_64  CompilerName: GCC  CompilerVersion: 8.4.0
ProgramName: mri_normalize_tp2  ProgramArguments: mri_normalize_tp2 -all-info  ProgramVersion: 7.3.2  TimeStamp: 2026/03/07-01:45:24-GMT  BuildTime: Aug  4 2022 06:17:15  BuildStamp: freesurfer-linux-ubuntu22_x86_64-7.3.2-20220804-6354275  User: oesteban  Machine: dna028  Platform: Linux  PlatformVersion: 5.14.0-427.37.1.el9_4.x86_64  CompilerName: GCC  CompilerVersion: 8.4.0
ProgramName: mri_or  ProgramArguments: mri_or -all-info  ProgramVersion: 7.3.2  TimeStamp: 2026/03/07-01:45:24-GMT  BuildTime: Aug  4 2022 06:17:15  BuildStamp: freesurfer-linux-ubuntu22_x86_64-7.3.2-20220804-6354275  User: oesteban  Machine: dna028  Platform: Linux  PlatformVersion: 5.14.0-427.37.1.el9_4.x86_64  CompilerName: GCC  CompilerVersion: 8.4.0
ProgramName: mri_relabel_hypointensities  ProgramArguments: mri_relabel_hypointensities -all-info  ProgramVersion: 7.3.2  TimeStamp: 2026/03/07-01:45:24-GMT  BuildTime: Aug  4 2022 06:17:15  BuildStamp: freesurfer-linux-ubuntu22_x86_64-7.3.2-20220804-6354275  User: oesteban  Machine: dna028  Platform: Linux  PlatformVersion: 5.14.0-427.37.1.el9_4.x86_64  CompilerName: GCC  CompilerVersion: 8.4.0
ProgramName: mri_relabel_nonwm_hypos  ProgramArguments: mri_relabel_nonwm_hypos -all-info  ProgramVersion: 7.3.2  TimeStamp: 2026/03/07-01:45:24-GMT  BuildTime: Aug  4 2022 06:17:15  BuildStamp: freesurfer-linux-ubuntu22_x86_64-7.3.2-20220804-6354275  User: oesteban  Machine: dna028  Platform: Linux  PlatformVersion: 5.14.0-427.37.1.el9_4.x86_64  CompilerName: GCC  CompilerVersion: 8.4.0
ProgramName: mri_remove_neck  ProgramArguments: mri_remove_neck -all-info  ProgramVersion: 7.3.2  TimeStamp: 2026/03/07-01:45:24-GMT  BuildTime: Aug  4 2022 06:17:15  BuildStamp: freesurfer-linux-ubuntu22_x86_64-7.3.2-20220804-6354275  User: oesteban  Machine: dna028  Platform: Linux  PlatformVersion: 5.14.0-427.37.1.el9_4.x86_64  CompilerName: GCC  CompilerVersion: 8.4.0
7.3.2

ProgramName: mri_robust_register  ProgramArguments: mri_robust_register -all-info  ProgramVersion: 7.3.2  TimeStamp: 2026/03/07-01:45:24-GMT  BuildTime: Aug  4 2022 06:17:15  BuildStamp: freesurfer-linux-ubuntu22_x86_64-7.3.2-20220804-6354275  User: oesteban  Machine: dna028  Platform: Linux  PlatformVersion: 5.14.0-427.37.1.el9_4.x86_64  CompilerName: GCC  CompilerVersion: 8.4.0
7.3.2

ProgramName: mri_robust_template  ProgramArguments: mri_robust_template -all-info  ProgramVersion: 7.3.2  TimeStamp: 2026/03/07-01:45:24-GMT  BuildTime: Aug  4 2022 06:17:15  BuildStamp: freesurfer-linux-ubuntu22_x86_64-7.3.2-20220804-6354275  User: oesteban  Machine: dna028  Platform: Linux  PlatformVersion: 5.14.0-427.37.1.el9_4.x86_64  CompilerName: GCC  CompilerVersion: 8.4.0
ProgramName: mris_anatomical_stats  ProgramArguments: mris_anatomical_stats -all-info  ProgramVersion: 7.3.2  TimeStamp: 2026/03/07-01:45:24-GMT  BuildTime: Aug  4 2022 06:17:15  BuildStamp: freesurfer-linux-ubuntu22_x86_64-7.3.2-20220804-6354275  User: oesteban  Machine: dna028  Platform: Linux  PlatformVersion: 5.14.0-427.37.1.el9_4.x86_64  CompilerName: GCC  CompilerVersion: 8.4.0
ProgramName: mris_ca_label  ProgramArguments: mris_ca_label -all-info  ProgramVersion: 7.3.2  TimeStamp: 2026/03/07-01:45:24-GMT  BuildTime: Aug  4 2022 06:17:15  BuildStamp: freesurfer-linux-ubuntu22_x86_64-7.3.2-20220804-6354275  User: oesteban  Machine: dna028  Platform: Linux  PlatformVersion: 5.14.0-427.37.1.el9_4.x86_64  CompilerName: GCC  CompilerVersion: 8.4.0
ProgramName: mris_calc  ProgramArguments: mris_calc -all-info  ProgramVersion: 7.3.2  TimeStamp: 2026/03/07-01:45:24-GMT  BuildTime: Aug  4 2022 06:17:15  BuildStamp: freesurfer-linux-ubuntu22_x86_64-7.3.2-20220804-6354275  User: oesteban  Machine: dna028  Platform: Linux  PlatformVersion: 5.14.0-427.37.1.el9_4.x86_64  CompilerName: GCC  CompilerVersion: 8.4.0
ProgramName: mris_convert  ProgramArguments: mris_convert -all-info  ProgramVersion: 7.3.2  TimeStamp: 2026/03/07-01:45:24-GMT  BuildTime: Aug  4 2022 06:17:15  BuildStamp: freesurfer-linux-ubuntu22_x86_64-7.3.2-20220804-6354275  User: oesteban  Machine: dna028  Platform: Linux  PlatformVersion: 5.14.0-427.37.1.el9_4.x86_64  CompilerName: GCC  CompilerVersion: 8.4.0
ProgramName: mris_curvature  ProgramArguments: mris_curvature -all-info  ProgramVersion: 7.3.2  TimeStamp: 2026/03/07-01:45:24-GMT  BuildTime: Aug  4 2022 06:17:15  BuildStamp: freesurfer-linux-ubuntu22_x86_64-7.3.2-20220804-6354275  User: oesteban  Machine: dna028  Platform: Linux  PlatformVersion: 5.14.0-427.37.1.el9_4.x86_64  CompilerName: GCC  CompilerVersion: 8.4.0
ProgramName: mris_curvature_stats  ProgramArguments: mris_curvature_stats -all-info  ProgramVersion: 7.3.2  TimeStamp: 2026/03/07-01:45:24-GMT  BuildTime: Aug  4 2022 06:17:15  BuildStamp: freesurfer-linux-ubuntu22_x86_64-7.3.2-20220804-6354275  User: oesteban  Machine: dna028  Platform: Linux  PlatformVersion: 5.14.0-427.37.1.el9_4.x86_64  CompilerName: GCC  CompilerVersion: 8.4.0
ProgramName: mris_diff  ProgramArguments: mris_diff -all-info  ProgramVersion: 7.3.2  TimeStamp: 2026/03/07-01:45:24-GMT  BuildTime: Aug  4 2022 06:17:15  BuildStamp: freesurfer-linux-ubuntu22_x86_64-7.3.2-20220804-6354275  User: oesteban  Machine: dna028  Platform: Linux  PlatformVersion: 5.14.0-427.37.1.el9_4.x86_64  CompilerName: GCC  CompilerVersion: 8.4.0
ProgramName: mris_divide_parcellation  ProgramArguments: mris_divide_parcellation -all-info  ProgramVersion: 7.3.2  TimeStamp: 2026/03/07-01:45:24-GMT  BuildTime: Aug  4 2022 06:17:15  BuildStamp: freesurfer-linux-ubuntu22_x86_64-7.3.2-20220804-6354275  User: oesteban  Machine: dna028  Platform: Linux  PlatformVersion: 5.14.0-427.37.1.el9_4.x86_64  CompilerName: GCC  CompilerVersion: 8.4.0
ProgramName: mri_segment  ProgramArguments: mri_segment -all-info  ProgramVersion: 7.3.2  TimeStamp: 2026/03/07-01:45:24-GMT  BuildTime: Aug  4 2022 06:17:15  BuildStamp: freesurfer-linux-ubuntu22_x86_64-7.3.2-20220804-6354275  User: oesteban  Machine: dna028  Platform: Linux  PlatformVersion: 5.14.0-427.37.1.el9_4.x86_64  CompilerName: GCC  CompilerVersion: 8.4.0
ProgramName: mri_segstats  ProgramArguments: mri_segstats -all-info  ProgramVersion: 7.3.2  TimeStamp: 2026/03/07-01:45:24-GMT  BuildTime: Aug  4 2022 06:17:15  BuildStamp: freesurfer-linux-ubuntu22_x86_64-7.3.2-20220804-6354275  User: oesteban  Machine: dna028  Platform: Linux  PlatformVersion: 5.14.0-427.37.1.el9_4.x86_64  CompilerName: GCC  CompilerVersion: 8.4.0
ProgramName: mris_euler_number  ProgramArguments: mris_euler_number -all-info  ProgramVersion: 7.3.2  TimeStamp: 2026/03/07-01:45:24-GMT  BuildTime: Aug  4 2022 06:17:15  BuildStamp: freesurfer-linux-ubuntu22_x86_64-7.3.2-20220804-6354275  User: oesteban  Machine: dna028  Platform: Linux  PlatformVersion: 5.14.0-427.37.1.el9_4.x86_64  CompilerName: GCC  CompilerVersion: 8.4.0
ProgramName: mris_fix_topology  ProgramArguments: mris_fix_topology -all-info  ProgramVersion: 7.3.2  TimeStamp: 2026/03/07-01:45:24-GMT  BuildTime: Aug  4 2022 06:17:15  BuildStamp: freesurfer-linux-ubuntu22_x86_64-7.3.2-20220804-6354275  User: oesteban  Machine: dna028  Platform: Linux  PlatformVersion: 5.14.0-427.37.1.el9_4.x86_64  CompilerName: GCC  CompilerVersion: 8.4.0
ProgramName: mris_topo_fixer  ProgramArguments: mris_topo_fixer -all-info  ProgramVersion: 7.3.2  TimeStamp: 2026/03/07-01:45:24-GMT  BuildTime: Aug  4 2022 06:17:15  BuildStamp: freesurfer-linux-ubuntu22_x86_64-7.3.2-20220804-6354275  User: oesteban  Machine: dna028  Platform: Linux  PlatformVersion: 5.14.0-427.37.1.el9_4.x86_64  CompilerName: GCC  CompilerVersion: 8.4.0
ProgramName: mris_jacobian  ProgramArguments: mris_jacobian -all-info  ProgramVersion: 7.3.2  TimeStamp: 2026/03/07-01:45:24-GMT  BuildTime: Aug  4 2022 06:17:15  BuildStamp: freesurfer-linux-ubuntu22_x86_64-7.3.2-20220804-6354275  User: oesteban  Machine: dna028  Platform: Linux  PlatformVersion: 5.14.0-427.37.1.el9_4.x86_64  CompilerName: GCC  CompilerVersion: 8.4.0
ProgramName: mris_label2annot  ProgramArguments: mris_label2annot -all-info  ProgramVersion: 7.3.2  TimeStamp: 2026/03/07-01:45:24-GMT  BuildTime: Aug  4 2022 06:17:15  BuildStamp: freesurfer-linux-ubuntu22_x86_64-7.3.2-20220804-6354275  User: oesteban  Machine: dna028  Platform: Linux  PlatformVersion: 5.14.0-427.37.1.el9_4.x86_64  CompilerName: GCC  CompilerVersion: 8.4.0
ProgramName: mris_left_right_register  ProgramArguments: mris_left_right_register -all-info  ProgramVersion: 7.3.2  TimeStamp: 2026/03/07-01:45:24-GMT  BuildTime: Aug  4 2022 06:17:15  BuildStamp: freesurfer-linux-ubuntu22_x86_64-7.3.2-20220804-6354275  User: oesteban  Machine: dna028  Platform: Linux  PlatformVersion: 5.14.0-427.37.1.el9_4.x86_64  CompilerName: GCC  CompilerVersion: 8.4.0
ProgramName: mris_place_surface  ProgramArguments: mris_place_surface -all-info  ProgramVersion: 7.3.2  TimeStamp: 2026/03/07-01:45:24-GMT  BuildTime: Aug  4 2022 06:17:15  BuildStamp: freesurfer-linux-ubuntu22_x86_64-7.3.2-20220804-6354275  User: oesteban  Machine: dna028  Platform: Linux  PlatformVersion: 5.14.0-427.37.1.el9_4.x86_64  CompilerName: GCC  CompilerVersion: 8.4.0
ProgramName: mrisp_paint  ProgramArguments: mrisp_paint -all-info  ProgramVersion: 7.3.2  TimeStamp: 2026/03/07-01:45:24-GMT  BuildTime: Aug  4 2022 06:17:15  BuildStamp: freesurfer-linux-ubuntu22_x86_64-7.3.2-20220804-6354275  User: oesteban  Machine: dna028  Platform: Linux  PlatformVersion: 5.14.0-427.37.1.el9_4.x86_64  CompilerName: GCC  CompilerVersion: 8.4.0
ProgramName: mris_register  ProgramArguments: mris_register -all-info  ProgramVersion: 7.3.2  TimeStamp: 2026/03/07-01:45:24-GMT  BuildTime: Aug  4 2022 06:17:15  BuildStamp: freesurfer-linux-ubuntu22_x86_64-7.3.2-20220804-6354275  User: oesteban  Machine: dna028  Platform: Linux  PlatformVersion: 5.14.0-427.37.1.el9_4.x86_64  CompilerName: GCC  CompilerVersion: 8.4.0
ProgramName: mris_smooth  ProgramArguments: mris_smooth -all-info  ProgramVersion: 7.3.2  TimeStamp: 2026/03/07-01:45:24-GMT  BuildTime: Aug  4 2022 06:17:15  BuildStamp: freesurfer-linux-ubuntu22_x86_64-7.3.2-20220804-6354275  User: oesteban  Machine: dna028  Platform: Linux  PlatformVersion: 5.14.0-427.37.1.el9_4.x86_64  CompilerName: GCC  CompilerVersion: 8.4.0
ProgramName: mris_sphere  ProgramArguments: mris_sphere -all-info  ProgramVersion: 7.3.2  TimeStamp: 2026/03/07-01:45:24-GMT  BuildTime: Aug  4 2022 06:17:15  BuildStamp: freesurfer-linux-ubuntu22_x86_64-7.3.2-20220804-6354275  User: oesteban  Machine: dna028  Platform: Linux  PlatformVersion: 5.14.0-427.37.1.el9_4.x86_64  CompilerName: GCC  CompilerVersion: 8.4.0
ProgramName: mris_surface_stats  ProgramArguments: mris_surface_stats -all-info  ProgramVersion: 7.3.2  TimeStamp: 2026/03/07-01:45:24-GMT  BuildTime: Aug  4 2022 06:17:15  BuildStamp: freesurfer-linux-ubuntu22_x86_64-7.3.2-20220804-6354275  User: oesteban  Machine: dna028  Platform: Linux  PlatformVersion: 5.14.0-427.37.1.el9_4.x86_64  CompilerName: GCC  CompilerVersion: 8.4.0
ProgramName: mri_stats2seg  ProgramArguments: mri_stats2seg -all-info  ProgramVersion: 7.3.2  TimeStamp: 2026/03/07-01:45:24-GMT  BuildTime: Aug  4 2022 06:17:15  BuildStamp: freesurfer-linux-ubuntu22_x86_64-7.3.2-20220804-6354275  User: oesteban  Machine: dna028  Platform: Linux  PlatformVersion: 5.14.0-427.37.1.el9_4.x86_64  CompilerName: GCC  CompilerVersion: 8.4.0
ProgramName: mris_thickness  ProgramArguments: mris_thickness -all-info  ProgramVersion: 7.3.2  TimeStamp: 2026/03/07-01:45:24-GMT  BuildTime: Aug  4 2022 06:17:15  BuildStamp: freesurfer-linux-ubuntu22_x86_64-7.3.2-20220804-6354275  User: oesteban  Machine: dna028  Platform: Linux  PlatformVersion: 5.14.0-427.37.1.el9_4.x86_64  CompilerName: GCC  CompilerVersion: 8.4.0
ProgramName: mris_thickness_diff  ProgramArguments: mris_thickness_diff -all-info  ProgramVersion: 7.3.2  TimeStamp: 2026/03/07-01:45:24-GMT  BuildTime: Aug  4 2022 06:17:15  BuildStamp: freesurfer-linux-ubuntu22_x86_64-7.3.2-20220804-6354275  User: oesteban  Machine: dna028  Platform: Linux  PlatformVersion: 5.14.0-427.37.1.el9_4.x86_64  CompilerName: GCC  CompilerVersion: 8.4.0
ProgramName: mris_topo_fixer  ProgramArguments: mris_topo_fixer -all-info  ProgramVersion: 7.3.2  TimeStamp: 2026/03/07-01:45:24-GMT  BuildTime: Aug  4 2022 06:17:15  BuildStamp: freesurfer-linux-ubuntu22_x86_64-7.3.2-20220804-6354275  User: oesteban  Machine: dna028  Platform: Linux  PlatformVersion: 5.14.0-427.37.1.el9_4.x86_64  CompilerName: GCC  CompilerVersion: 8.4.0
ProgramName: mri_surf2surf  ProgramArguments: mri_surf2surf -all-info  ProgramVersion: 7.3.2  TimeStamp: 2026/03/07-01:45:24-GMT  BuildTime: Aug  4 2022 06:17:15  BuildStamp: freesurfer-linux-ubuntu22_x86_64-7.3.2-20220804-6354275  User: oesteban  Machine: dna028  Platform: Linux  PlatformVersion: 5.14.0-427.37.1.el9_4.x86_64  CompilerName: GCC  CompilerVersion: 8.4.0
ProgramName: mri_surf2vol  ProgramArguments: mri_surf2vol -all-info  ProgramVersion: 7.3.2  TimeStamp: 2026/03/07-01:45:24-GMT  BuildTime: Aug  4 2022 06:17:15  BuildStamp: freesurfer-linux-ubuntu22_x86_64-7.3.2-20220804-6354275  User: oesteban  Machine: dna028  Platform: Linux  PlatformVersion: 5.14.0-427.37.1.el9_4.x86_64  CompilerName: GCC  CompilerVersion: 8.4.0
ProgramName: mri_surfcluster  ProgramArguments: mri_surfcluster -all-info  ProgramVersion: 7.3.2  TimeStamp: 2026/03/07-01:45:24-GMT  BuildTime: Aug  4 2022 06:17:15  BuildStamp: freesurfer-linux-ubuntu22_x86_64-7.3.2-20220804-6354275  User: oesteban  Machine: dna028  Platform: Linux  PlatformVersion: 5.14.0-427.37.1.el9_4.x86_64  CompilerName: GCC  CompilerVersion: 8.4.0
ProgramName: mris_volmask  ProgramArguments: mris_volmask -all-info  ProgramVersion: 7.3.2  TimeStamp: 2026/03/07-01:45:24-GMT  BuildTime: Aug  4 2022 06:17:15  BuildStamp: freesurfer-linux-ubuntu22_x86_64-7.3.2-20220804-6354275  User: oesteban  Machine: dna028  Platform: Linux  PlatformVersion: 5.14.0-427.37.1.el9_4.x86_64  CompilerName: GCC  CompilerVersion: 8.4.0
ProgramName: mri_tessellate  ProgramArguments: mri_tessellate -all-info  ProgramVersion: 7.3.2  TimeStamp: 2026/03/07-01:45:24-GMT  BuildTime: Aug  4 2022 06:17:15  BuildStamp: freesurfer-linux-ubuntu22_x86_64-7.3.2-20220804-6354275  User: oesteban  Machine: dna028  Platform: Linux  PlatformVersion: 5.14.0-427.37.1.el9_4.x86_64  CompilerName: GCC  CompilerVersion: 8.4.0
ProgramName: mri_vol2surf  ProgramArguments: mri_vol2surf -all-info  ProgramVersion: 7.3.2  TimeStamp: 2026/03/07-01:45:24-GMT  BuildTime: Aug  4 2022 06:17:15  BuildStamp: freesurfer-linux-ubuntu22_x86_64-7.3.2-20220804-6354275  User: oesteban  Machine: dna028  Platform: Linux  PlatformVersion: 5.14.0-427.37.1.el9_4.x86_64  CompilerName: GCC  CompilerVersion: 8.4.0
ProgramName: mri_vol2vol  ProgramArguments: mri_vol2vol -all-info  ProgramVersion: 7.3.2  TimeStamp: 2026/03/07-01:45:24-GMT  BuildTime: Aug  4 2022 06:17:15  BuildStamp: freesurfer-linux-ubuntu22_x86_64-7.3.2-20220804-6354275  User: oesteban  Machine: dna028  Platform: Linux  PlatformVersion: 5.14.0-427.37.1.el9_4.x86_64  CompilerName: GCC  CompilerVersion: 8.4.0
ProgramName: mri_voldiff  ProgramArguments: mri_voldiff -all-info  ProgramVersion: 7.3.2  TimeStamp: 2026/03/07-01:45:24-GMT  BuildTime: Aug  4 2022 06:17:15  BuildStamp: freesurfer-linux-ubuntu22_x86_64-7.3.2-20220804-6354275  User: oesteban  Machine: dna028  Platform: Linux  PlatformVersion: 5.14.0-427.37.1.el9_4.x86_64  CompilerName: GCC  CompilerVersion: 8.4.0
ProgramName: mri_watershed  ProgramArguments: mri_watershed -all-info  ProgramVersion: 7.3.2  TimeStamp: 2026/03/07-01:45:24-GMT  BuildTime: Aug  4 2022 06:17:15  BuildStamp: freesurfer-linux-ubuntu22_x86_64-7.3.2-20220804-6354275  User: oesteban  Machine: dna028  Platform: Linux  PlatformVersion: 5.14.0-427.37.1.el9_4.x86_64  CompilerName: GCC  CompilerVersion: 8.4.0
ProgramName: tkregister2  ProgramArguments: tkregister2_cmdl -all-info  ProgramVersion: 7.3.2  TimeStamp: 2026/03/07-01:45:24-GMT  BuildTime: Aug  4 2022 06:17:15  BuildStamp: freesurfer-linux-ubuntu22_x86_64-7.3.2-20220804-6354275  User: oesteban  Machine: dna028  Platform: Linux  PlatformVersion: 5.14.0-427.37.1.el9_4.x86_64  CompilerName: GCC  CompilerVersion: 8.4.0
mri_motion_correct.fsl 7.3.2
mri_convert -all-info 
ProgramName: mri_convert  ProgramArguments: mri_convert -all-info  ProgramVersion: 7.3.2  TimeStamp: 2026/03/07-01:45:24-GMT  BuildTime: Aug  4 2022 06:17:15  BuildStamp: freesurfer-linux-ubuntu22_x86_64-7.3.2-20220804-6354275  User: oesteban  Machine: dna028  Platform: Linux  PlatformVersion: 5.14.0-427.37.1.el9_4.x86_64  CompilerName: GCC  CompilerVersion: 8.4.0
Program nu_correct, built from:
Package MNI N3, version 1.12.0, compiled by nicks@terrier (x86_64-unknown-linux-gnu) on 2015-06-19 at 01:25:34
#######################################
GCADIR /opt/freesurfer/average
GCA RB_all_2020-01-02.gca
GCASkull RB_all_withskull_2020_01_02.gca
AvgCurvTif folding.atlas.acfb40.noaparc.i12.2016-08-02.tif
GCSDIR /opt/freesurfer/average
GCS DKaparc.atlas.acfb40.noaparc.i12.2016-08-02.gcs
#######################################
#--------------------------------------------
#@# WhiteSurfs lh Sat Mar  7 02:45:24 CET 2026
cd /out/sourcedata/freesurfer/sub-v1s18x0051209_ses-1/mri
mris_place_surface --adgws-in ../surf/autodet.gw.stats.lh.dat --seg aseg.presurf.mgz --threads 16 --wm wm.mgz --invol brain.finalsurfs.mgz --lh --i ../surf/lh.white.preaparc --o ../surf/lh.white --white --nsmooth 0 --rip-label ../label/lh.cortex.label --rip-bg --rip-surf ../surf/lh.white.preaparc --aparc ../label/lh.aparc.annot
   Update not needed
#--------------------------------------------
#@# WhiteSurfs rh Sat Mar  7 02:45:24 CET 2026
cd /out/sourcedata/freesurfer/sub-v1s18x0051209_ses-1/mri
mris_place_surface --adgws-in ../surf/autodet.gw.stats.rh.dat --seg aseg.presurf.mgz --threads 16 --wm wm.mgz --invol brain.finalsurfs.mgz --rh --i ../surf/rh.white.preaparc --o ../surf/rh.white --white --nsmooth 0 --rip-label ../label/rh.cortex.label --rip-bg --rip-surf ../surf/rh.white.preaparc --aparc ../label/rh.aparc.annot
   Update not needed
#@# white curv lh Sat Mar  7 02:45:24 CET 2026
cd /out/sourcedata/freesurfer/sub-v1s18x0051209_ses-1/mri
mris_place_surface --curv-map ../surf/lh.white 2 10 ../surf/lh.curv
   Update not needed
#@# white area lh Sat Mar  7 02:45:24 CET 2026
cd /out/sourcedata/freesurfer/sub-v1s18x0051209_ses-1/mri
mris_place_surface --area-map ../surf/lh.white ../surf/lh.area
   Update not needed
#@# pial curv lh Sat Mar  7 02:45:24 CET 2026
cd /out/sourcedata/freesurfer/sub-v1s18x0051209_ses-1/mri
mris_place_surface --curv-map ../surf/lh.pial 2 10 ../surf/lh.curv.pial
   Update not needed
#@# pial area lh Sat Mar  7 02:45:24 CET 2026
cd /out/sourcedata/freesurfer/sub-v1s18x0051209_ses-1/mri
mris_place_surface --area-map ../surf/lh.pial ../surf/lh.area.pial
   Update not needed
#@# thickness lh Sat Mar  7 02:45:24 CET 2026
cd /out/sourcedata/freesurfer/sub-v1s18x0051209_ses-1/mri
mris_place_surface --thickness ../surf/lh.white ../surf/lh.pial 20 5 ../surf/lh.thickness
   Update not needed
#@# area and vertex vol lh Sat Mar  7 02:45:24 CET 2026
cd /out/sourcedata/freesurfer/sub-v1s18x0051209_ses-1/mri
mris_place_surface --thickness ../surf/lh.white ../surf/lh.pial 20 5 ../surf/lh.thickness
   Update not needed
#@# white curv rh Sat Mar  7 02:45:24 CET 2026
cd /out/sourcedata/freesurfer/sub-v1s18x0051209_ses-1/mri
mris_place_surface --curv-map ../surf/rh.white 2 10 ../surf/rh.curv
   Update not needed
#@# white area rh Sat Mar  7 02:45:24 CET 2026
cd /out/sourcedata/freesurfer/sub-v1s18x0051209_ses-1/mri
mris_place_surface --area-map ../surf/rh.white ../surf/rh.area
   Update not needed
#@# pial curv rh Sat Mar  7 02:45:24 CET 2026
cd /out/sourcedata/freesurfer/sub-v1s18x0051209_ses-1/mri
mris_place_surface --curv-map ../surf/rh.pial 2 10 ../surf/rh.curv.pial
   Update not needed
#@# pial area rh Sat Mar  7 02:45:24 CET 2026
cd /out/sourcedata/freesurfer/sub-v1s18x0051209_ses-1/mri
mris_place_surface --area-map ../surf/rh.pial ../surf/rh.area.pial
   Update not needed
#@# thickness rh Sat Mar  7 02:45:24 CET 2026
cd /out/sourcedata/freesurfer/sub-v1s18x0051209_ses-1/mri
mris_place_surface --thickness ../surf/rh.white ../surf/rh.pial 20 5 ../surf/rh.thickness
   Update not needed
#@# area and vertex vol rh Sat Mar  7 02:45:24 CET 2026
cd /out/sourcedata/freesurfer/sub-v1s18x0051209_ses-1/mri
mris_place_surface --thickness ../surf/rh.white ../surf/rh.pial 20 5 ../surf/rh.thickness
   Update not needed

#-----------------------------------------
#@# Curvature Stats lh Sat Mar  7 02:45:24 CET 2026
/out/sourcedata/freesurfer/sub-v1s18x0051209_ses-1/surf

 mris_curvature_stats -m --writeCurvatureFiles -G -o ../stats/lh.curv.stats -F smoothwm sub-v1s18x0051209_ses-1 lh curv sulc 

             Toggling save flag on curvature files                       [ ok ]
                 Outputting results using filestem   [ ../stats/lh.curv.stats ]
             Toggling save flag on curvature files                       [ ok ]
                                   Setting surface [ sub-v1s18x0051209_ses-1/lh.smoothwm ]
                                Reading surface...                       [ ok ]
                                   Setting texture                     [ curv ]
                                Reading texture...                       [ ok ]
                                   Setting texture                     [ sulc ]
                                Reading texture...Gb_filter = 0
                       [ ok ]
      Calculating Discrete Principal Curvatures...
      Determining geometric order for vno faces... [####################] [ ok ]
                      Determining KH curvatures... [####################] [ ok ]
                    Determining k1k2 curvatures... [####################] [ ok ]
                                   deltaViolations                      [ 242 ]
Gb_filter = 0

WARN:    S lookup   min:                          -0.316149
WARN:    S explicit min:                          0.000000	vertex = 269

#-----------------------------------------
#@# Curvature Stats rh Sat Mar  7 02:45:26 CET 2026
/out/sourcedata/freesurfer/sub-v1s18x0051209_ses-1/surf

 mris_curvature_stats -m --writeCurvatureFiles -G -o ../stats/rh.curv.stats -F smoothwm sub-v1s18x0051209_ses-1 rh curv sulc 

             Toggling save flag on curvature files                       [ ok ]
                 Outputting results using filestem   [ ../stats/rh.curv.stats ]
             Toggling save flag on curvature files                       [ ok ]
                                   Setting surface [ sub-v1s18x0051209_ses-1/rh.smoothwm ]
                                Reading surface...                       [ ok ]
                                   Setting texture                     [ curv ]
                                Reading texture...                       [ ok ]
                                   Setting texture                     [ sulc ]
                                Reading texture...Gb_filter = 0
                       [ ok ]
      Calculating Discrete Principal Curvatures...
      Determining geometric order for vno faces... [####################] [ ok ]
                      Determining KH curvatures... [####################] [ ok ]
                    Determining k1k2 curvatures... [####################] [ ok ]
                                   deltaViolations                      [ 229 ]
Gb_filter = 0

WARN:    S lookup   min:                          -0.151453
WARN:    S explicit min:                          0.000000	vertex = 637
#-----------------------------------------
#@# Relabel Hypointensities Sat Mar  7 02:45:28 CET 2026
/out/sourcedata/freesurfer/sub-v1s18x0051209_ses-1/mri

 mri_relabel_hypointensities aseg.presurf.mgz ../surf aseg.presurf.hypos.mgz 

reading input surface ../surf/lh.white...
relabeling lh hypointensities...
1969 voxels changed to hypointensity...
reading input surface ../surf/rh.white...
relabeling rh hypointensities...
3227 voxels changed to hypointensity...
5217 hypointense voxels neighboring cortex changed
#-----------------------------------------
#@# APas-to-ASeg Sat Mar  7 02:45:43 CET 2026
/out/sourcedata/freesurfer/sub-v1s18x0051209_ses-1/mri

 mri_surf2volseg --o aseg.mgz --i aseg.presurf.hypos.mgz --fix-presurf-with-ribbon /out/sourcedata/freesurfer/sub-v1s18x0051209_ses-1/mri/ribbon.mgz --threads 16 --lh-cortex-mask /out/sourcedata/freesurfer/sub-v1s18x0051209_ses-1/label/lh.cortex.label --lh-white /out/sourcedata/freesurfer/sub-v1s18x0051209_ses-1/surf/lh.white --lh-pial /out/sourcedata/freesurfer/sub-v1s18x0051209_ses-1/surf/lh.pial --rh-cortex-mask /out/sourcedata/freesurfer/sub-v1s18x0051209_ses-1/label/rh.cortex.label --rh-white /out/sourcedata/freesurfer/sub-v1s18x0051209_ses-1/surf/rh.white --rh-pial /out/sourcedata/freesurfer/sub-v1s18x0051209_ses-1/surf/rh.pial 

SUBJECTS_DIR /out/sourcedata/freesurfer
outvol aseg.mgz
16 avail.processors, using 16
Loading aseg.presurf.hypos.mgz
Loading /out/sourcedata/freesurfer/sub-v1s18x0051209_ses-1/mri/ribbon.mgz
Loading /out/sourcedata/freesurfer/sub-v1s18x0051209_ses-1/surf/lh.white
Loading /out/sourcedata/freesurfer/sub-v1s18x0051209_ses-1/surf/lh.pial
Loading /out/sourcedata/freesurfer/sub-v1s18x0051209_ses-1/label/lh.cortex.label
Loading /out/sourcedata/freesurfer/sub-v1s18x0051209_ses-1/surf/rh.white
Loading /out/sourcedata/freesurfer/sub-v1s18x0051209_ses-1/surf/rh.pial
Loading /out/sourcedata/freesurfer/sub-v1s18x0051209_ses-1/label/rh.cortex.label
Done loading
  0 112 160 192  16  80  64 208 240 224  48 128  32 144  96 176   1  49 209 241 225  33  65 193  17   2 210 242 226  81 177  50  66  97 161 211  34   3 243 227 194 113  51 145  67  18 212   4 244  82 228 195 178  52  68  35 213   5 245 229 162  98 196 146  53 214  19 
 83   6 246  69 230 197 179 
 36 215   7 247  54 231  70 129 198 147 163 216   8 248  99 
 55 232  84 114 199 
 71 180 217  20   9 249 233  56  37 200 218 148  10 250  72 234  57  85 201  21 164 219 
100 181  11 251 235  58  38  73 202 220  12 252 149 236  59 
 22 203 221 182  13 253  86 237  74  60  39 
115 165 204 101 222  14 254 150 238  61 130 183 205 223 255  15  75  40 239 
 23  62 206 166  87 184 151  63 102 207  76  24  41 185 116  25  42 152 167  77  26  88 186  43 103  27  44 187  78 131 153  28  45  89 168 104 188  29  46  79 
117 154  30 189  47  31  90 105 190 169 155 191 132 170  91 106 118 156 171 133 107  92 157 172 119 
134 173  93 158 108 174 159 
 94 135 120 109 175  95 136 121 110 122 137 111 123 138 124 139 
125 140 126 141 127 142 143 
nrelabeled = 173407
ndotcheck = 0
Starting Surf2VolSeg free
free done
#VMPC# mri_surf2volseg VmPeak  1885556
mri_surf2volseg done

 mri_brainvol_stats sub-v1s18x0051209_ses-1 

ComputeBrainVolumeStats2 VoxelVol=1, KeepCSF=1
  #CBVS2 MaskVol              1443231.0
  #CBVS2 BrainSegVol          1128415.0
  #CBVS2 BrainSegVolNotVent   1107529.0
  #CBVS2 SupraTentVol          999686.0
  #CBVS2 SupraTentVolNotVent   978800.0
  #CBVS2 lhCtxGM               251389.2
  #CBVS2 rhCtxGM               250912.4
  #CBVS2 lhCerebralWM          208524.0
  #CBVS2 rhCerebralWM          208712.0
  #CBVS2 SubCortGMVol           59863.0
  #CBVS2 CerebellumVol         128729.0
  #CBVS2 CerebellumGMVol       106767.0
  #CBVS2 VentChorVol            16268.0
  #CBVS2 3rd4th5thCSF            4618.0
  #CBVS2 AllCSF                 20886.0
  #CBVS2 CCVol                   2996.0
#-----------------------------------------
#@# AParc-to-ASeg aparc Sat Mar  7 02:45:50 CET 2026
/out/sourcedata/freesurfer/sub-v1s18x0051209_ses-1/mri

 mri_surf2volseg --o aparc+aseg.mgz --label-cortex --i aseg.mgz --threads 16 --lh-annot /out/sourcedata/freesurfer/sub-v1s18x0051209_ses-1/label/lh.aparc.annot 1000 --lh-cortex-mask /out/sourcedata/freesurfer/sub-v1s18x0051209_ses-1/label/lh.cortex.label --lh-white /out/sourcedata/freesurfer/sub-v1s18x0051209_ses-1/surf/lh.white --lh-pial /out/sourcedata/freesurfer/sub-v1s18x0051209_ses-1/surf/lh.pial --rh-annot /out/sourcedata/freesurfer/sub-v1s18x0051209_ses-1/label/rh.aparc.annot 2000 --rh-cortex-mask /out/sourcedata/freesurfer/sub-v1s18x0051209_ses-1/label/rh.cortex.label --rh-white /out/sourcedata/freesurfer/sub-v1s18x0051209_ses-1/surf/rh.white --rh-pial /out/sourcedata/freesurfer/sub-v1s18x0051209_ses-1/surf/rh.pial 

SUBJECTS_DIR /out/sourcedata/freesurfer
outvol aparc+aseg.mgz
16 avail.processors, using 16
Loading aseg.mgz
Loading /out/sourcedata/freesurfer/sub-v1s18x0051209_ses-1/surf/lh.white
Loading /out/sourcedata/freesurfer/sub-v1s18x0051209_ses-1/surf/lh.pial
Loading /out/sourcedata/freesurfer/sub-v1s18x0051209_ses-1/label/lh.cortex.label
Ripping lh vertices labeled not in lh.cortex.label
  ripped 8213 vertices from lh hemi
Loading /out/sourcedata/freesurfer/sub-v1s18x0051209_ses-1/label/lh.aparc.annot
Loading /out/sourcedata/freesurfer/sub-v1s18x0051209_ses-1/surf/rh.white
Loading /out/sourcedata/freesurfer/sub-v1s18x0051209_ses-1/surf/rh.pial
Loading /out/sourcedata/freesurfer/sub-v1s18x0051209_ses-1/label/rh.cortex.label
Ripping rh vertices labeled not in rh.cortex.label
  ripped 7838 vertices from rh hemi
Loading /out/sourcedata/freesurfer/sub-v1s18x0051209_ses-1/label/rh.aparc.annot
Done loading
176 192 112 144 224  96  64  48  80 160  32  16 240 208 128   0 241  17 225  33  49   1 209 242 226  18  50  34 210  19 
243 227  51  35   2  20 244 228  52  36 211  21 245 229  53  37   3  22 246 230  54  38 193 212  23 247 231   4  55  39 
 24 248 232  56  40 213  25 249 233   5  57  41  26 250 234  58  42 194 214  27 251 235   6  59 
 43  28 252 236  60  44 195 215 237  29 253   7  45  61 196 238  30 254   8  46 216 197 239 
 31 255  47  62 198   9 217 199 
 10 218 200  65  11 219 
201  12  63 220 202  13 221 203  14 222 204  15 223 205 206 207  66  67 177 113 145 161  81  97  68 129  69 130 178 146 114  82  70  98 162 131 147  71 179 
 83 115 132  99 
163  72 148 180 116  84 133 164 100 149  73 181 117 165  85 150  74 101 182 134 118 166  75 151  86 183 102 119 
184 167 152  76  87 135 103 185 186 168 120 153  77 104 187  88 188 136 169 189 154 121  78 105 190 191  89 170 155  79 
106 122 137 171  90 156 107 172 123 157 138 108 173  91 158 109 174 124 139 
159 
 92 175 110 125 140 111  93 126 141  94 127 142  95 143 
nrelabeled = 501696
ndotcheck = 31868
Starting Surf2VolSeg free
free done
#VMPC# mri_surf2volseg VmPeak  2035828
mri_surf2volseg done
#-----------------------------------------
#@# AParc-to-ASeg aparc.a2009s Sat Mar  7 02:46:17 CET 2026
/out/sourcedata/freesurfer/sub-v1s18x0051209_ses-1/mri

 mri_surf2volseg --o aparc.a2009s+aseg.mgz --label-cortex --i aseg.mgz --threads 16 --lh-annot /out/sourcedata/freesurfer/sub-v1s18x0051209_ses-1/label/lh.aparc.a2009s.annot 11100 --lh-cortex-mask /out/sourcedata/freesurfer/sub-v1s18x0051209_ses-1/label/lh.cortex.label --lh-white /out/sourcedata/freesurfer/sub-v1s18x0051209_ses-1/surf/lh.white --lh-pial /out/sourcedata/freesurfer/sub-v1s18x0051209_ses-1/surf/lh.pial --rh-annot /out/sourcedata/freesurfer/sub-v1s18x0051209_ses-1/label/rh.aparc.a2009s.annot 12100 --rh-cortex-mask /out/sourcedata/freesurfer/sub-v1s18x0051209_ses-1/label/rh.cortex.label --rh-white /out/sourcedata/freesurfer/sub-v1s18x0051209_ses-1/surf/rh.white --rh-pial /out/sourcedata/freesurfer/sub-v1s18x0051209_ses-1/surf/rh.pial 

SUBJECTS_DIR /out/sourcedata/freesurfer
outvol aparc.a2009s+aseg.mgz
16 avail.processors, using 16
Loading aseg.mgz
Loading /out/sourcedata/freesurfer/sub-v1s18x0051209_ses-1/surf/lh.white
Loading /out/sourcedata/freesurfer/sub-v1s18x0051209_ses-1/surf/lh.pial
Loading /out/sourcedata/freesurfer/sub-v1s18x0051209_ses-1/label/lh.cortex.label
Ripping lh vertices labeled not in lh.cortex.label
  ripped 8213 vertices from lh hemi
Loading /out/sourcedata/freesurfer/sub-v1s18x0051209_ses-1/label/lh.aparc.a2009s.annot
Loading /out/sourcedata/freesurfer/sub-v1s18x0051209_ses-1/surf/rh.white
Loading /out/sourcedata/freesurfer/sub-v1s18x0051209_ses-1/surf/rh.pial
Loading /out/sourcedata/freesurfer/sub-v1s18x0051209_ses-1/label/rh.cortex.label
Ripping rh vertices labeled not in rh.cortex.label
  ripped 7838 vertices from rh hemi
Loading /out/sourcedata/freesurfer/sub-v1s18x0051209_ses-1/label/rh.aparc.a2009s.annot
Done loading
  0 160  80 208 176  64 192 128  32 240 224  96 144  48  16 112 209   1  17  33  49 241 225   2  34 210  50  18 242 226   3  35  19 
 51 211   4 243  36  20 227 212  52   5  37  21  53 244 228 213   6  38  22  54 245 214 229   7  39 
 23  55 193   8 215 246  56 230  24  40   9 216  57  25  41 247 231  10 217  58  26  42  11 248 232 218  27  59 
 43  12 194  60  28 249 219 
233  44  13  29  61 220  45 250 234  14 195  30 221  46  15 251 235  31  47 196  62 222 252 236 197 223 253 237 198 254 238 199 
 63 255 239 
200 201 202 203 204  65 205 206 207  66  67 113 161 177 145  68  97  81 129  69 114 178 146 162 130  70  98 147 115 179 
 71  82 163 131 148 116 180  72  99 
164 132  83 117 181  73 149 100 165 118 133  74 182  84 166 101 150 183  75 119 
167 134  85 102 184  76 185 151 120 168 186 103  86 187  77 135 169 188 121 104 189 152 190  78  87 170 191 105 136 122  79 
171 153  88 106 172 123 137 107 154 173  89 124 174 108 155 138  90 175 109 156 125 139 
 91 110 157 126 140 111 158  92 127 159 
141  93 142  94 143  95 
nrelabeled = 501696
ndotcheck = 31868
Starting Surf2VolSeg free
free done
#VMPC# mri_surf2volseg VmPeak  1869744
mri_surf2volseg done
#-----------------------------------------
#@# AParc-to-ASeg aparc.DKTatlas Sat Mar  7 02:46:45 CET 2026
/out/sourcedata/freesurfer/sub-v1s18x0051209_ses-1/mri

 mri_surf2volseg --o aparc.DKTatlas+aseg.mgz --label-cortex --i aseg.mgz --threads 16 --lh-annot /out/sourcedata/freesurfer/sub-v1s18x0051209_ses-1/label/lh.aparc.DKTatlas.annot 1000 --lh-cortex-mask /out/sourcedata/freesurfer/sub-v1s18x0051209_ses-1/label/lh.cortex.label --lh-white /out/sourcedata/freesurfer/sub-v1s18x0051209_ses-1/surf/lh.white --lh-pial /out/sourcedata/freesurfer/sub-v1s18x0051209_ses-1/surf/lh.pial --rh-annot /out/sourcedata/freesurfer/sub-v1s18x0051209_ses-1/label/rh.aparc.DKTatlas.annot 2000 --rh-cortex-mask /out/sourcedata/freesurfer/sub-v1s18x0051209_ses-1/label/rh.cortex.label --rh-white /out/sourcedata/freesurfer/sub-v1s18x0051209_ses-1/surf/rh.white --rh-pial /out/sourcedata/freesurfer/sub-v1s18x0051209_ses-1/surf/rh.pial 

SUBJECTS_DIR /out/sourcedata/freesurfer
outvol aparc.DKTatlas+aseg.mgz
16 avail.processors, using 16
Loading aseg.mgz
Loading /out/sourcedata/freesurfer/sub-v1s18x0051209_ses-1/surf/lh.white
Loading /out/sourcedata/freesurfer/sub-v1s18x0051209_ses-1/surf/lh.pial
Loading /out/sourcedata/freesurfer/sub-v1s18x0051209_ses-1/label/lh.cortex.label
Ripping lh vertices labeled not in lh.cortex.label
  ripped 8213 vertices from lh hemi
Loading /out/sourcedata/freesurfer/sub-v1s18x0051209_ses-1/label/lh.aparc.DKTatlas.annot
Loading /out/sourcedata/freesurfer/sub-v1s18x0051209_ses-1/surf/rh.white
Loading /out/sourcedata/freesurfer/sub-v1s18x0051209_ses-1/surf/rh.pial
Loading /out/sourcedata/freesurfer/sub-v1s18x0051209_ses-1/label/rh.cortex.label
Ripping rh vertices labeled not in rh.cortex.label
  ripped 7838 vertices from rh hemi
Loading /out/sourcedata/freesurfer/sub-v1s18x0051209_ses-1/label/rh.aparc.DKTatlas.annot
Done loading
  0 208 224 128  16  80  48  64 192 240  96 144  32 112 176 160   1 209  17 241  33  49 225 210 242   2  34  18  50 226 211   3 243  35  19 
 51   4 227 212 244  36  20  37   5  21 213 245  52 228  38  22   6 214 246  53 229  39 
 23   7 215 247  54  24   8  40 230 248 216 193  41 249 217   9  25  55 231  42  26  10 250 218  56 232  43  27  11 251 219 
 57  44  28  12 252 220 233  45 221  29  13  58 253 234  46 194  30 222  14  59 
254  47 235  31  15 223  60 255 236 195  61 237 196 238 197  62 239 
198 199 
200 201  63 202 203  65 204 205 206 207  66  67 177 129 113  97 161  68 130 178 145  81  69  98 131 114  70 162 179 
 71 132  99 
115 146  82 180 163  72 100 116 133 181 164 147  73  83 101 117 165 182  74 134 148 102 118 183 166  75  84 184 149 103 119 
185  76 167 135 186  85 104 187  77 150 168 120 188 189 105 190 136  86 191 151 169  78 121 106  87 170 152  79 
107 122 137 171  88 153 108 123 172 154 138 109  89 173 124 155 110 174  90 139 
156 111 125 175  91 140 157 126 158 141  92 159 
127 142  93 143  94  95 
nrelabeled = 501696
ndotcheck = 31868
Starting Surf2VolSeg free
free done
#VMPC# mri_surf2volseg VmPeak  1869672
mri_surf2volseg done
#-----------------------------------------
#@# WMParc Sat Mar  7 02:47:14 CET 2026
/out/sourcedata/freesurfer/sub-v1s18x0051209_ses-1/mri

 mri_surf2volseg --o wmparc.mgz --label-wm --i aparc+aseg.mgz --threads 16 --lh-annot /out/sourcedata/freesurfer/sub-v1s18x0051209_ses-1/label/lh.aparc.annot 3000 --lh-cortex-mask /out/sourcedata/freesurfer/sub-v1s18x0051209_ses-1/label/lh.cortex.label --lh-white /out/sourcedata/freesurfer/sub-v1s18x0051209_ses-1/surf/lh.white --lh-pial /out/sourcedata/freesurfer/sub-v1s18x0051209_ses-1/surf/lh.pial --rh-annot /out/sourcedata/freesurfer/sub-v1s18x0051209_ses-1/label/rh.aparc.annot 4000 --rh-cortex-mask /out/sourcedata/freesurfer/sub-v1s18x0051209_ses-1/label/rh.cortex.label --rh-white /out/sourcedata/freesurfer/sub-v1s18x0051209_ses-1/surf/rh.white --rh-pial /out/sourcedata/freesurfer/sub-v1s18x0051209_ses-1/surf/rh.pial 

SUBJECTS_DIR /out/sourcedata/freesurfer
outvol wmparc.mgz
16 avail.processors, using 16
Loading aparc+aseg.mgz
Loading /out/sourcedata/freesurfer/sub-v1s18x0051209_ses-1/surf/lh.white
Loading /out/sourcedata/freesurfer/sub-v1s18x0051209_ses-1/surf/lh.pial
Loading /out/sourcedata/freesurfer/sub-v1s18x0051209_ses-1/label/lh.cortex.label
Ripping lh vertices labeled not in lh.cortex.label
  ripped 8213 vertices from lh hemi
Loading /out/sourcedata/freesurfer/sub-v1s18x0051209_ses-1/label/lh.aparc.annot
Loading /out/sourcedata/freesurfer/sub-v1s18x0051209_ses-1/surf/rh.white
Loading /out/sourcedata/freesurfer/sub-v1s18x0051209_ses-1/surf/rh.pial
Loading /out/sourcedata/freesurfer/sub-v1s18x0051209_ses-1/label/rh.cortex.label
Ripping rh vertices labeled not in rh.cortex.label
  ripped 7838 vertices from rh hemi
Loading /out/sourcedata/freesurfer/sub-v1s18x0051209_ses-1/label/rh.aparc.annot
Done loading
  0 224 160 208  96 144  16 112 176 240 192  64  48  32  80 128   1 193  17  49 241 225  33 209  65   2 194  50 242  18 226 210  34  66   3 195  51 243 227  19 
211  35   4 196  67  52 244 228  20 212  36   5 197  53 245 229  21 213  37   6 198  68  54 246 230  22   7 199 
214  38  55   8 247 200 231  23 215  39 
 56  69   9 201 248  24 232  40 216  57  10 202 249  25 233  58  41 217  11 203 250  70  59 
 26 234 177  12  42 218 204  60 251 235  27  13  43 219 
205  61  14 252 236  28 206 220  44 129  62  15  71 253 237 207  29  45 221  63  81 254 238  30  46 222 255 239 
 31  47 223  72 178 130  97 161  73  82 145 131 179 
 74 132  75 180  83 162  98 133  76 113 181 134  77  84 182 135 146  78 183 163  99 
184 136  85  79 
185 186 187 188 164 137  86 189 114 100 190 191 147  87 165 138 101  88 148 166 115 139 
 89 102 167 149 140  90 168 103 116 141  91 169 150 104 117 170  92 142 151 171 118 105  93 172 143 152 119 
173  94 106 174 120 153  95 175 107 121 154 122 108 123 155 124 125 156 109 126 157 127 110 158 159 
111 
nrelabeled = 414240
ndotcheck = 4019
Starting Surf2VolSeg free
free done
#VMPC# mri_surf2volseg VmPeak  1869676
mri_surf2volseg done

 mri_segstats --seed 1234 --seg mri/wmparc.mgz --sum stats/wmparc.stats --pv mri/norm.mgz --excludeid 0 --brainmask mri/brainmask.mgz --in mri/norm.mgz --in-intensity-name norm --in-intensity-units MR --subject sub-v1s18x0051209_ses-1 --surf-wm-vol --ctab /opt/freesurfer/WMParcStatsLUT.txt --etiv 

setting seed for random number genererator to 1234

7.3.2
cwd 
cmdline mri_segstats --seed 1234 --seg mri/wmparc.mgz --sum stats/wmparc.stats --pv mri/norm.mgz --excludeid 0 --brainmask mri/brainmask.mgz --in mri/norm.mgz --in-intensity-name norm --in-intensity-units MR --subject sub-v1s18x0051209_ses-1 --surf-wm-vol --ctab /opt/freesurfer/WMParcStatsLUT.txt --etiv 
sysname  Linux
hostname dna028
machine  x86_64
user     oesteban
whitesurfname  white
UseRobust  0
atlas_icv (eTIV) = 1438222 mm^3    (det: 1.354523 )
Loading mri/wmparc.mgz
Getting Brain Volume Statistics
Loading mri/norm.mgz
Loading mri/norm.mgz
Voxel Volume is 1 mm^3
Generating list of segmentation ids
Found 390 segmentations
Computing statistics for each segmentation

Reporting on  70 segmentations
Using PrintSegStat
mri_segstats done
#--------------------------------------------
#@# ASeg Stats Sat Mar  7 02:51:19 CET 2026
/out/sourcedata/freesurfer/sub-v1s18x0051209_ses-1

 mri_segstats --seed 1234 --seg mri/aseg.mgz --sum stats/aseg.stats --pv mri/norm.mgz --empty --brainmask mri/brainmask.mgz --brain-vol-from-seg --excludeid 0 --excl-ctxgmwm --supratent --subcortgray --in mri/norm.mgz --in-intensity-name norm --in-intensity-units MR --etiv --surf-wm-vol --surf-ctx-vol --totalgray --euler --ctab /opt/freesurfer/ASegStatsLUT.txt --subject sub-v1s18x0051209_ses-1 

setting seed for random number genererator to 1234

7.3.2
cwd 
cmdline mri_segstats --seed 1234 --seg mri/aseg.mgz --sum stats/aseg.stats --pv mri/norm.mgz --empty --brainmask mri/brainmask.mgz --brain-vol-from-seg --excludeid 0 --excl-ctxgmwm --supratent --subcortgray --in mri/norm.mgz --in-intensity-name norm --in-intensity-units MR --etiv --surf-wm-vol --surf-ctx-vol --totalgray --euler --ctab /opt/freesurfer/ASegStatsLUT.txt --subject sub-v1s18x0051209_ses-1 
sysname  Linux
hostname dna028
machine  x86_64
user     oesteban
whitesurfname  white
UseRobust  0
atlas_icv (eTIV) = 1438222 mm^3    (det: 1.354523 )
Computing euler number
orig.nofix lheno =  -32, rheno = -48
orig.nofix lhholes =   17, rhholes = 25
Loading mri/aseg.mgz
Getting Brain Volume Statistics
Loading mri/norm.mgz
Loading mri/norm.mgz
Voxel Volume is 1 mm^3
Generating list of segmentation ids
Found  50 segmentations
Computing statistics for each segmentation

Reporting on  45 segmentations
Using PrintSegStat
mri_segstats done

Started at Sat Mar 7 02:45:23 CET 2026 
Ended   at Sat Mar 7 02:52:00 CET 2026
#@#%# recon-all-run-time-hours 0.110
recon-all -s sub-v1s18x0051209_ses-1 finished without error at Sat Mar  7 02:52:00 CET 2026
