#!ascii label  , from subject sub-v1s10x0051026_ses-1 vox2ras=TkReg
4529
2577  17.019  -82.811  -48.276 0.0000000000
30602  11.257  -52.144  -31.118 0.0000000000
5994  1.315  -77.569  -18.473 0.0000000000
10649  0.154  -72.594  -48.018 0.0000000000
43572  18.171  -39.178  -28.342 0.0000000000
139539  20.367  -75.049  -59.058 0.0000000000
137545  0.524  -62.049  -25.257 0.0000000000
139069  8.763  -47.697  -25.844 0.0000000000
144343  13.262  -38.270  -29.350 0.0000000000
1101  15.366  -86.610  -39.543 0.0000000000
83  9.719  -90.475  -40.719 0.0000000000
1874  2.425  -84.143  -34.822 0.0000000000
21446  5.317  -61.484  -18.912 0.0000000000
11530  11.715  -71.639  -50.211 0.0000000000
18447  1.688  -64.415  -40.840 0.0000000000
8022  20.362  -75.021  -47.932 0.0000000000
127481  21.990  -80.781  -55.202 0.0000000000
6395  16.092  -77.180  -52.404 0.0000000000
45420  12.779  -36.949  -26.481 0.0000000000
1520  11.484  -84.971  -44.445 0.0000000000
1044  1.583  -86.138  -31.199 0.0000000000
4667  5.518  -79.081  -27.891 0.0000000000
8656  1.391  -74.184  -22.475 0.0000000000
25584  13.410  -57.705  -19.834 0.0000000000
28672  15.919  -54.923  -21.681 0.0000000000
29612  22.212  -53.586  -21.094 0.0000000000
4323  0.268  -80.663  -50.766 0.0000000000
7191  4.396  -76.774  -52.495 0.0000000000
12448  4.226  -70.432  -51.180 0.0000000000
17501  10.346  -65.227  -54.022 0.0000000000
143333  3.870  -64.851  -52.125 0.0000000000
25681  5.294  -57.390  -28.753 0.0000000000
129834  1.396  -64.976  -33.625 0.0000000000
24705  2.763  -57.918  -31.831 0.0000000000
39666  24.084  -43.740  -25.616 0.0000000000
10752  18.422  -71.935  -59.544 0.0000000000
143387  -1.215  -77.297  -45.195 0.0000000000
123628  2.597  -54.051  -24.476 0.0000000000
33559  5.852  -49.298  -29.393 0.0000000000
41771  7.900  -41.967  -25.986 0.0000000000
250  16.029  -89.346  -44.538 0.0000000000
1213  14.118  -86.313  -51.855 0.0000000000
1197  10.280  -86.779  -50.330 0.0000000000
145851  9.001  -88.024  -32.353 0.0000000000
29  3.408  -90.722  -38.608 0.0000000000
13004  2.141  -69.228  -15.539 0.0000000000
34522  20.757  -48.178  -22.489 0.0000000000
41702  21.466  -41.839  -18.184 0.0000000000
773  21.211  -87.150  -38.436 0.0000000000
1992  21.607  -83.973  -44.493 0.0000000000
13420  9.968  -69.192  -60.701 0.0000000000
14384  14.468  -68.317  -55.397 0.0000000000
12281  0.109  -70.769  -31.173 0.0000000000
123517  -0.299  -70.322  -39.876 0.0000000000
8854  4.430  -74.778  -40.567 0.0000000000
14164  8.685  -68.248  -40.152 0.0000000000
5573  17.117  -78.395  -46.308 0.0000000000
133154  17.579  -75.027  -49.698 0.0000000000
4318  17.674  -80.187  -50.161 0.0000000000
126125  0.477  -80.183  -21.662 0.0000000000
4019  2.060  -80.370  -25.731 0.0000000000
5288  3.387  -78.172  -23.720 0.0000000000
6889  4.657  -76.231  -25.512 0.0000000000
7726  2.881  -75.191  -20.349 0.0000000000
145775  14.761  -56.214  -19.623 0.0000000000
27582  18.906  -54.723  -19.644 0.0000000000
29630  18.782  -53.791  -21.708 0.0000000000
139667  -0.171  -76.182  -49.401 0.0000000000
8949  0.638  -74.507  -52.774 0.0000000000
11544  0.138  -71.288  -51.963 0.0000000000
14345  3.490  -68.393  -54.203 0.0000000000
15276  1.126  -67.949  -50.374 0.0000000000
28772  8.470  -55.086  -29.882 0.0000000000
137144  6.451  -59.803  -31.411 0.0000000000
27715  8.289  -56.293  -31.890 0.0000000000
41745  23.561  -41.849  -23.477 0.0000000000
41761  23.016  -41.376  -25.884 0.0000000000
6464  21.093  -77.621  -57.564 0.0000000000
5013  23.509  -79.769  -58.502 0.0000000000
9011  23.200  -74.605  -60.695 0.0000000000
12510  23.833  -70.111  -62.868 0.0000000000
9923  19.914  -72.360  -64.142 0.0000000000
128638  5.822  -50.813  -26.491 0.0000000000
30561  4.626  -51.690  -27.121 0.0000000000
140648  5.220  -48.046  -25.999 0.0000000000
41782  18.216  -41.646  -27.890 0.0000000000
41805  15.443  -41.556  -28.369 0.0000000000
46478  11.423  -35.294  -27.257 0.0000000000
43536  9.651  -38.687  -24.693 0.0000000000
226  13.888  -90.057  -41.186 0.0000000000
528  12.503  -89.533  -46.698 0.0000000000
1152  14.109  -86.054  -45.716 0.0000000000
810  10.755  -87.329  -42.459 0.0000000000
847  8.498  -88.053  -46.456 0.0000000000
106  7.766  -90.811  -44.904 0.0000000000
487  7.540  -88.850  -41.227 0.0000000000
1392  4.512  -85.140  -33.091 0.0000000000
176  2.796  -89.160  -33.924 0.0000000000
768  3.247  -87.636  -37.570 0.0000000000
128350  7.006  -64.102  -19.495 0.0000000000
13973  5.202  -68.642  -18.912 0.0000000000
17021  2.779  -65.263  -17.137 0.0000000000
14940  0.599  -67.214  -17.692 0.0000000000
21450  0.514  -61.338  -17.906 0.0000000000
35570  20.337  -47.439  -19.261 0.0000000000
34520  24.144  -48.225  -22.662 0.0000000000
139626  22.952  -45.678  -19.374 0.0000000000
38627  23.998  -44.188  -19.996 0.0000000000
1065  16.972  -87.411  -35.062 0.0000000000
137909  20.810  -86.922  -35.298 0.0000000000
192  16.521  -89.433  -37.282 0.0000000000
211  18.102  -89.110  -40.588 0.0000000000
135309  7.058  -73.729  -50.366 0.0000000000
8955  6.332  -74.191  -53.354 0.0000000000
9835  10.610  -73.262  -53.156 0.0000000000
12477  12.577  -70.674  -55.614 0.0000000000
12456  13.937  -71.104  -52.585 0.0000000000
145428  14.515  -67.828  -49.365 0.0000000000
129148  0.878  -67.017  -27.952 0.0000000000
131619  1.333  -64.675  -38.006 0.0000000000
15141  2.104  -67.592  -36.531 0.0000000000
144662  -0.167  -67.135  -41.348 0.0000000000
10603  1.109  -72.042  -42.409 0.0000000000
13239  2.641  -69.485  -41.282 0.0000000000
6379  21.832  -77.358  -51.756 0.0000000000
144958  19.134  -76.448  -53.143 0.0000000000
134697  16.956  -75.248  -55.222 0.0000000000
46485  18.138  -36.805  -28.706 0.0000000000
148875  13.790  -34.578  -28.977 0.0000000000
143175  13.979  -35.568  -30.871 0.0000000000
1985  15.024  -84.146  -44.059 0.0000000000
3029  15.663  -82.415  -41.125 0.0000000000
128887  12.597  -84.525  -40.322 0.0000000000
1089  11.468  -86.457  -38.166 0.0000000000
698  3.819  -87.819  -27.490 0.0000000000
2332  1.317  -83.454  -27.825 0.0000000000
2922  3.473  -82.681  -30.191 0.0000000000
3489  5.016  -81.213  -32.034 0.0000000000
4687  2.498  -79.169  -29.023 0.0000000000
23534  8.701  -58.736  -20.345 0.0000000000
24587  3.981  -57.217  -19.138 0.0000000000
139047  9.039  -55.797  -18.916 0.0000000000
28678  10.006  -54.810  -21.786 0.0000000000
28689  22.480  -54.510  -22.699 0.0000000000
6433  0.067  -77.323  -53.623 0.0000000000
9804  4.130  -73.335  -50.163 0.0000000000
12431  7.915  -70.857  -49.809 0.0000000000
14291  11.055  -68.943  -51.628 0.0000000000
13376  7.840  -69.208  -53.453 0.0000000000
17518  6.564  -65.023  -55.177 0.0000000000
137181  3.094  -60.293  -27.536 0.0000000000
19471  2.107  -64.248  -28.948 0.0000000000
21586  3.629  -62.208  -29.880 0.0000000000
131793  1.168  -61.604  -32.893 0.0000000000
21645  0.854  -60.485  -37.309 0.0000000000
39677  22.157  -43.894  -27.176 0.0000000000
41780  20.653  -41.310  -27.058 0.0000000000
43554  19.907  -39.682  -27.597 0.0000000000
126263  20.091  -71.119  -57.905 0.0000000000
13411  15.380  -69.461  -58.696 0.0000000000
4904  -0.147  -79.362  -47.792 0.0000000000
133563  2.716  -77.061  -47.929 0.0000000000
123614  1.129  -57.501  -25.205 0.0000000000
137329  3.462  -55.553  -28.030 0.0000000000
29693  6.285  -53.108  -28.951 0.0000000000
129590  8.217  -51.478  -30.128 0.0000000000
37648  11.167  -46.031  -23.912 0.0000000000
40800  10.061  -42.662  -26.190 0.0000000000
37657  7.762  -45.182  -26.012 0.0000000000
130595  7.473  -45.540  -27.310 0.0000000000
148025  9.299  -46.862  -29.475 0.0000000000
34643  11.424  -48.472  -30.249 0.0000000000
841  18.177  -86.604  -46.901 0.0000000000
1571  18.351  -85.825  -50.716 0.0000000000
549  14.993  -88.122  -48.967 0.0000000000
300  11.254  -89.800  -50.153 0.0000000000
2025  10.719  -84.613  -47.922 0.0000000000
874  6.276  -86.935  -50.194 0.0000000000
185  10.443  -89.685  -35.668 0.0000000000
151  4.844  -88.845  -30.686 0.0000000000
52  6.485  -89.965  -34.779 0.0000000000
128094  7.400  -91.139  -38.450 0.0000000000
8577  1.224  -73.753  -15.909 0.0000000000
11243  1.306  -71.152  -18.597 0.0000000000
147218  0.409  -69.861  -21.855 0.0000000000
31480  23.836  -51.663  -22.913 0.0000000000
34503  21.925  -48.789  -21.049 0.0000000000
126580  22.485  -51.265  -24.094 0.0000000000
32475  24.941  -50.584  -24.620 0.0000000000
39647  23.886  -42.978  -22.262 0.0000000000
2459  24.163  -83.430  -37.736 0.0000000000
1124  22.121  -86.551  -41.537 0.0000000000
1136  19.043  -86.615  -43.550 0.0000000000
3056  18.069  -82.293  -44.718 0.0000000000
3140  18.558  -82.866  -52.902 0.0000000000
4369  17.719  -80.537  -54.845 0.0000000000
9912  17.094  -72.923  -60.140 0.0000000000
12497  13.512  -70.709  -60.832 0.0000000000
15395  13.765  -67.784  -62.381 0.0000000000
14399  11.204  -67.723  -58.297 0.0000000000
16459  14.870  -65.843  -59.433 0.0000000000
123551  1.678  -67.993  -32.459 0.0000000000
12313  0.280  -71.140  -35.431 0.0000000000
8845  -0.550  -74.576  -41.682 0.0000000000
7060  1.894  -76.906  -42.818 0.0000000000
8889  3.088  -73.957  -45.679 0.0000000000
22668  3.501  -59.107  -33.807 0.0000000000
19569  4.189  -62.536  -38.495 0.0000000000
123595  6.133  -65.205  -36.901 0.0000000000
123578  4.909  -66.630  -41.436 0.0000000000
11421  6.694  -71.728  -39.659 0.0000000000
11468  4.869  -71.114  -44.076 0.0000000000
145195  1.212  -69.809  -46.447 0.0000000000
17398  1.075  -65.368  -47.603 0.0000000000
18559  5.142  -65.081  -48.482 0.0000000000
4280  16.516  -80.596  -47.590 0.0000000000
4911  16.754  -79.603  -48.745 0.0000000000
141099  17.305  -81.708  -49.417 0.0000000000
145176  0.938  -78.625  -20.689 0.0000000000
5277  1.452  -78.545  -23.307 0.0000000000
147729  1.397  -77.498  -21.379 0.0000000000
6859  2.937  -76.876  -22.057 0.0000000000
7727  2.001  -75.893  -19.875 0.0000000000
138613  19.248  -55.848  -19.351 0.0000000000
132862  20.621  -54.546  -20.314 0.0000000000
8919  -0.083  -74.468  -48.492 0.0000000000
9807  0.104  -73.365  -50.248 0.0000000000
11536  -0.238  -71.727  -50.227 0.0000000000
143501  0.566  -69.787  -51.185 0.0000000000
13321  0.013  -70.256  -49.859 0.0000000000
29710  10.274  -53.929  -30.712 0.0000000000
26691  9.382  -56.104  -31.027 0.0000000000
28782  10.183  -54.970  -31.747 0.0000000000
42647  23.215  -40.623  -23.931 0.0000000000
8141  20.961  -75.370  -58.132 0.0000000000
7262  22.771  -76.623  -58.517 0.0000000000
9006  21.620  -74.740  -59.764 0.0000000000
9908  21.502  -73.085  -62.214 0.0000000000
9020  20.176  -74.214  -61.747 0.0000000000
33501  7.314  -49.694  -26.299 0.0000000000
32495  4.406  -49.943  -25.852 0.0000000000
142175  7.141  -48.481  -25.721 0.0000000000
41783  17.838  -40.825  -28.182 0.0000000000
40831  16.619  -42.135  -28.426 0.0000000000
42698  16.430  -40.674  -28.415 0.0000000000
44496  12.424  -37.666  -28.508 0.0000000000
792  14.006  -88.214  -40.547 0.0000000000
820  13.911  -87.720  -43.633 0.0000000000
1127  14.441  -87.408  -42.866 0.0000000000
486  10.286  -89.146  -41.248 0.0000000000
131080  9.533  -89.446  -43.762 0.0000000000
95  8.770  -90.687  -42.757 0.0000000000
101  6.990  -90.646  -44.094 0.0000000000
139435  8.594  -90.532  -41.150 0.0000000000
1872  4.809  -84.725  -34.580 0.0000000000
1075  4.597  -86.607  -35.828 0.0000000000
1436  2.886  -85.808  -36.552 0.0000000000
127586  6.123  -62.933  -19.030 0.0000000000
18174  4.552  -64.318  -18.170 0.0000000000
20375  3.657  -62.801  -17.926 0.0000000000
19306  1.729  -63.400  -17.003 0.0000000000
21449  2.256  -60.485  -17.680 0.0000000000
36601  22.121  -46.175  -19.591 0.0000000000
1088  15.618  -86.872  -37.385 0.0000000000
439  16.027  -88.974  -35.884 0.0000000000
462  14.851  -88.711  -38.141 0.0000000000
208  15.061  -90.089  -39.539 0.0000000000
9801  9.924  -73.022  -50.538 0.0000000000
9838  8.663  -73.424  -52.066 0.0000000000
10695  11.580  -72.826  -51.196 0.0000000000
10713  12.957  -72.249  -52.714 0.0000000000
11542  13.706  -71.870  -51.153 0.0000000000
140431  14.953  -70.691  -50.538 0.0000000000
12417  13.523  -70.165  -49.599 0.0000000000
124144  0.570  -65.345  -26.051 0.0000000000
17291  1.198  -64.555  -39.640 0.0000000000
16200  0.702  -66.097  -39.204 0.0000000000
17315  0.823  -65.720  -41.344 0.0000000000
123555  0.813  -67.717  -42.059 0.0000000000
123567  2.213  -66.576  -41.958 0.0000000000
127007  23.939  -77.177  -51.533 0.0000000000
8052  20.571  -75.767  -49.912 0.0000000000
6366  16.472  -77.122  -50.873 0.0000000000
8074  19.034  -75.522  -51.717 0.0000000000
8076  17.180  -74.910  -52.251 0.0000000000
7213  18.245  -75.889  -54.373 0.0000000000
8086  16.243  -75.440  -53.383 0.0000000000
136787  17.224  -36.717  -28.862 0.0000000000
47523  17.137  -35.398  -29.492 0.0000000000
47525  15.154  -34.907  -30.200 0.0000000000
47545  13.915  -35.043  -30.311 0.0000000000
2478  12.836  -83.904  -38.113 0.0000000000
1457  11.816  -85.847  -39.535 0.0000000000
126544  12.317  -85.262  -37.394 0.0000000000
146575  0.950  -82.831  -25.254 0.0000000000
4028  4.000  -80.026  -26.227 0.0000000000
3447  2.824  -81.595  -28.163 0.0000000000
4048  4.794  -80.708  -28.974 0.0000000000
2920  5.287  -81.870  -31.211 0.0000000000
3463  5.343  -80.441  -30.314 0.0000000000
4096  3.767  -80.455  -31.384 0.0000000000
5364  5.140  -78.823  -29.080 0.0000000000
8677  3.636  -74.843  -23.915 0.0000000000
6898  2.096  -76.734  -25.638 0.0000000000
24582  11.247  -58.091  -20.782 0.0000000000
25588  8.968  -56.530  -19.401 0.0000000000
134552  11.330  -56.474  -19.395 0.0000000000
27602  15.364  -55.326  -20.882 0.0000000000
27605  12.369  -54.093  -20.823 0.0000000000
138529  13.134  -54.437  -22.002 0.0000000000
29613  21.056  -53.352  -21.054 0.0000000000
28692  19.228  -54.338  -22.459 0.0000000000
28691  20.142  -54.217  -22.370 0.0000000000
28709  20.778  -55.193  -22.897 0.0000000000
29626  23.104  -53.961  -22.147 0.0000000000
4950  0.625  -78.887  -51.281 0.0000000000
10706  2.927  -72.132  -52.352 0.0000000000
8946  2.943  -73.782  -52.549 0.0000000000
11533  4.011  -71.775  -50.313 0.0000000000
11521  5.571  -71.600  -49.506 0.0000000000
12433  5.484  -70.238  -50.262 0.0000000000
13340  7.836  -70.096  -51.803 0.0000000000
13356  5.957  -69.516  -52.636 0.0000000000
16379  3.415  -66.035  -53.522 0.0000000000
15336  5.296  -67.469  -54.808 0.0000000000
16359  5.418  -66.109  -51.675 0.0000000000
24683  3.936  -59.027  -27.916 0.0000000000
137875  3.889  -61.057  -28.060 0.0000000000
23645  5.088  -60.384  -29.540 0.0000000000
24703  3.849  -58.284  -31.388 0.0000000000
23651  2.421  -60.065  -31.059 0.0000000000
22654  1.541  -60.128  -32.381 0.0000000000
20615  0.822  -61.380  -35.135 0.0000000000
126325  1.823  -59.364  -34.639 0.0000000000
39670  22.955  -43.681  -26.638 0.0000000000
42658  22.569  -40.598  -25.884 0.0000000000
41764  22.305  -41.337  -26.339 0.0000000000
42659  21.856  -40.644  -26.448 0.0000000000
42673  20.261  -40.526  -27.299 0.0000000000
43552  21.489  -38.861  -26.930 0.0000000000
10760  25.723  -72.818  -61.134 0.0000000000
11622  20.529  -70.772  -61.559 0.0000000000
11620  22.363  -70.325  -60.783 0.0000000000
11611  19.844  -71.209  -59.802 0.0000000000
10729  17.714  -71.855  -57.006 0.0000000000
10737  15.863  -71.869  -57.548 0.0000000000
145216  -0.657  -78.936  -44.420 0.0000000000
124007  -1.105  -80.384  -45.333 0.0000000000
4872  -0.759  -78.653  -46.106 0.0000000000
5589  1.819  -78.383  -47.984 0.0000000000
5565  0.177  -77.911  -46.107 0.0000000000
124328  4.202  -53.612  -23.708 0.0000000000
123629  2.466  -55.280  -22.901 0.0000000000
25625  1.764  -56.930  -22.887 0.0000000000
123622  1.873  -55.477  -24.299 0.0000000000
25663  1.789  -57.094  -26.794 0.0000000000
27670  2.731  -54.696  -25.936 0.0000000000
32536  5.229  -50.395  -27.985 0.0000000000
29694  5.400  -53.105  -28.510 0.0000000000
31564  6.153  -51.504  -29.857 0.0000000000
30605  7.432  -52.522  -29.969 0.0000000000
32574  7.475  -50.150  -30.507 0.0000000000
143871  14.068  -38.002  -26.704 0.0000000000
133453  14.016  -39.707  -27.233 0.0000000000
41769  8.878  -40.644  -25.032 0.0000000000
41768  9.800  -40.657  -24.773 0.0000000000
40801  8.862  -42.290  -25.808 0.0000000000
38677  9.151  -44.101  -26.146 0.0000000000
39673  7.918  -43.341  -26.166 0.0000000000
37658  7.538  -45.079  -26.249 0.0000000000
38689  7.890  -43.729  -27.000 0.0000000000
38708  10.777  -43.232  -28.648 0.0000000000
37683  9.063  -44.891  -28.764 0.0000000000
37692  10.857  -45.688  -28.926 0.0000000000
35718  10.902  -47.920  -29.597 0.0000000000
516  17.536  -87.717  -45.294 0.0000000000
852  16.950  -87.175  -47.592 0.0000000000
525  15.735  -88.455  -46.425 0.0000000000
140019  12.185  -87.772  -48.142 0.0000000000
288  12.388  -89.419  -48.284 0.0000000000
559  10.065  -89.092  -49.712 0.0000000000
307  9.591  -89.750  -51.037 0.0000000000
886  8.136  -87.296  -51.408 0.0000000000
2539  12.661  -83.306  -45.044 0.0000000000
2560  13.488  -83.870  -46.682 0.0000000000
2017  10.994  -84.869  -46.322 0.0000000000
538  6.718  -89.236  -47.813 0.0000000000
862  7.204  -87.341  -48.575 0.0000000000
440  11.405  -88.454  -34.959 0.0000000000
169  9.709  -88.802  -34.043 0.0000000000
717  2.184  -86.916  -29.227 0.0000000000
409  4.660  -88.713  -29.471 0.0000000000
416  2.806  -88.110  -30.946 0.0000000000
63  3.179  -89.822  -35.848 0.0000000000
54  4.592  -90.206  -34.630 0.0000000000
141401  5.172  -90.986  -36.342 0.0000000000
133195  7.180  -91.191  -36.390 0.0000000000
27  4.960  -91.179  -38.711 0.0000000000
86  5.093  -90.529  -39.948 0.0000000000
88  3.315  -90.776  -40.574 0.0000000000
14915  3.654  -68.388  -17.226 0.0000000000
13015  5.159  -70.059  -17.912 0.0000000000
11218  3.619  -70.730  -15.555 0.0000000000
10319  2.880  -72.709  -14.398 0.0000000000
11207  1.127  -71.377  -15.009 0.0000000000
130336  1.235  -72.209  -17.192 0.0000000000
134343  0.824  -70.633  -16.714 0.0000000000
15969  0.438  -66.197  -19.746 0.0000000000
13993  0.515  -68.746  -20.479 0.0000000000
24586  4.297  -56.787  -19.797 0.0000000000
23537  2.565  -58.533  -19.762 0.0000000000
30516  24.378  -52.127  -22.146 0.0000000000
32446  24.065  -50.025  -21.289 0.0000000000
34505  19.921  -47.507  -20.514 0.0000000000
34504  21.117  -48.228  -20.477 0.0000000000
33437  20.634  -49.022  -22.122 0.0000000000
33448  21.786  -49.553  -22.414 0.0000000000
33468  21.975  -49.466  -23.181 0.0000000000
32476  23.319  -50.680  -24.579 0.0000000000
33467  22.898  -49.421  -23.638 0.0000000000
34519  25.256  -48.068  -22.715 0.0000000000
33465  25.435  -49.136  -23.829 0.0000000000
34552  25.664  -48.514  -24.339 0.0000000000
39641  23.990  -43.405  -21.518 0.0000000000
40750  22.643  -42.277  -19.530 0.0000000000
40766  23.014  -41.913  -21.619 0.0000000000
1398  23.458  -85.957  -32.943 0.0000000000
1077  21.314  -86.577  -37.162 0.0000000000
128067  22.156  -84.888  -36.285 0.0000000000
1924  22.513  -84.720  -38.252 0.0000000000
144764  23.216  -85.573  -39.863 0.0000000000
224  17.270  -89.635  -41.901 0.0000000000
492  18.917  -88.402  -42.389 0.0000000000
503  18.471  -88.132  -43.597 0.0000000000
124445  18.536  -86.950  -45.219 0.0000000000
3619  20.099  -81.732  -45.252 0.0000000000
4242  18.313  -80.875  -44.598 0.0000000000
3054  19.629  -82.350  -44.254 0.0000000000
1582  15.888  -86.056  -51.321 0.0000000000
2048  19.052  -84.301  -51.954 0.0000000000
2051  16.230  -84.874  -52.018 0.0000000000
5680  16.009  -78.241  -55.658 0.0000000000
13422  13.901  -69.272  -61.889 0.0000000000
14420  11.836  -68.106  -60.809 0.0000000000
5654  4.081  -78.471  -54.036 0.0000000000
13401  13.123  -69.452  -55.710 0.0000000000
13404  11.964  -69.381  -57.002 0.0000000000
14397  12.938  -67.982  -57.151 0.0000000000
16455  13.376  -66.270  -58.912 0.0000000000
141469  14.640  -67.100  -57.180 0.0000000000
16448  15.835  -66.334  -57.500 0.0000000000
15354  15.494  -67.392  -55.624 0.0000000000
15299  10.816  -67.041  -52.420 0.0000000000
131939  1.409  -64.340  -31.173 0.0000000000
123569  1.349  -65.955  -30.675 0.0000000000
16136  1.987  -66.366  -32.974 0.0000000000
123514  0.245  -69.285  -38.954 0.0000000000
123518  0.509  -69.443  -35.934 0.0000000000
125092  0.141  -70.778  -37.466 0.0000000000
10545  0.220  -72.371  -36.766 0.0000000000
10568  -0.220  -72.390  -39.012 0.0000000000
149234  -0.190  -74.146  -39.578 0.0000000000
10579  -0.339  -72.304  -41.035 0.0000000000
9694  2.621  -73.595  -40.002 0.0000000000
139170  1.381  -74.750  -41.754 0.0000000000
7958  3.490  -76.174  -41.360 0.0000000000
135516  3.443  -76.259  -44.790 0.0000000000
8870  4.420  -74.478  -43.134 0.0000000000
23694  5.605  -59.339  -34.288 0.0000000000
21616  4.622  -61.077  -33.518 0.0000000000
21644  3.527  -60.531  -36.763 0.0000000000
19549  4.583  -62.882  -35.622 0.0000000000
16212  7.577  -66.468  -39.863 0.0000000000
16214  6.216  -65.966  -40.429 0.0000000000
14177  7.000  -68.086  -40.389 0.0000000000
13231  5.662  -69.880  -39.023 0.0000000000
12323  7.724  -70.664  -39.581 0.0000000000
129913  5.590  -67.957  -44.403 0.0000000000
13270  5.839  -70.014  -44.137 0.0000000000
14215  3.650  -68.762  -44.669 0.0000000000
12373  2.220  -70.318  -44.796 0.0000000000
14238  2.399  -67.894  -46.200 0.0000000000
15239  1.170  -67.286  -47.733 0.0000000000
7098  18.800  -75.859  -46.244 0.0000000000
127712  18.769  -74.898  -48.829 0.0000000000
6338  17.246  -76.839  -48.004 0.0000000000
5607  16.999  -78.209  -49.716 0.0000000000
133026  17.461  -78.983  -50.996 0.0000000000
3401  0.727  -81.298  -24.794 0.0000000000
4003  0.726  -80.013  -23.830 0.0000000000
4636  2.241  -79.279  -24.625 0.0000000000
4646  4.742  -78.901  -25.727 0.0000000000
6067  5.313  -77.414  -26.314 0.0000000000
6055  4.894  -77.224  -24.398 0.0000000000
7756  4.482  -75.455  -23.653 0.0000000000
9491  3.345  -73.812  -21.752 0.0000000000
25580  17.024  -57.952  -19.755 0.0000000000
25559  13.635  -57.162  -19.518 0.0000000000
26553  16.937  -56.659  -19.089 0.0000000000
142511  17.556  -55.525  -19.064 0.0000000000
28662  17.288  -54.182  -20.603 0.0000000000
124949  17.291  -54.129  -21.498 0.0000000000
141009  18.982  -53.872  -20.351 0.0000000000
29604  20.637  -53.646  -20.764 0.0000000000
29603  21.419  -53.488  -20.921 0.0000000000
6372  0.582  -77.921  -50.382 0.0000000000
7175  -0.998  -77.384  -51.190 0.0000000000
8931  0.155  -74.962  -50.785 0.0000000000
125493  0.649  -72.082  -52.339 0.0000000000
12457  2.716  -70.643  -52.787 0.0000000000
13358  3.641  -69.386  -52.849 0.0000000000
13382  2.179  -69.441  -53.405 0.0000000000
15303  1.628  -68.051  -52.965 0.0000000000
16344  2.391  -66.026  -51.443 0.0000000000
26688  6.891  -56.866  -29.509 0.0000000000
23643  6.651  -59.683  -30.472 0.0000000000
25690  7.813  -57.827  -30.896 0.0000000000
25703  7.128  -58.128  -31.481 0.0000000000
26699  5.292  -56.110  -32.023 0.0000000000
40774  23.895  -42.267  -23.969 0.0000000000
40794  23.511  -42.187  -25.831 0.0000000000
41753  23.586  -41.453  -24.236 0.0000000000
42648  23.020  -40.165  -24.468 0.0000000000
5677  21.011  -79.016  -56.032 0.0000000000
4394  22.726  -80.387  -57.063 0.0000000000
5706  22.514  -78.352  -58.295 0.0000000000
7276  23.698  -77.037  -59.720 0.0000000000
8190  24.391  -74.830  -61.356 0.0000000000
10781  25.009  -72.040  -61.846 0.0000000000
9921  23.855  -72.302  -62.196 0.0000000000
147434  21.523  -71.121  -63.862 0.0000000000
11632  19.726  -71.087  -62.773 0.0000000000
144099  4.623  -52.840  -25.158 0.0000000000
29666  3.690  -52.831  -25.588 0.0000000000
31514  4.492  -50.695  -26.115 0.0000000000
32516  4.401  -49.917  -26.488 0.0000000000
129469  5.308  -49.223  -28.201 0.0000000000
39681  18.777  -43.104  -27.846 0.0000000000
137407  15.402  -42.870  -28.572 0.0000000000
123794  9.597  -38.226  -25.739 0.0000000000
42703  8.629  -40.495  -26.624 0.0000000000
143122  14.450  -90.381  -42.556 0.0000000000
259  14.560  -89.915  -45.143 0.0000000000
134318  12.988  -89.505  -44.374 0.0000000000
1159  12.968  -87.451  -46.095 0.0000000000
1177  12.736  -86.360  -48.742 0.0000000000
1508  11.214  -85.844  -44.009 0.0000000000
1154  10.056  -86.007  -45.948 0.0000000000
135349  9.533  -87.885  -45.069 0.0000000000
271  8.096  -89.837  -46.112 0.0000000000
144398  5.679  -90.665  -46.418 0.0000000000
149430  2.372  -85.681  -32.701 0.0000000000
729  2.242  -87.551  -32.885 0.0000000000
1061  3.163  -86.407  -34.111 0.0000000000
441  2.734  -88.635  -36.065 0.0000000000
135968  2.515  -90.115  -38.395 0.0000000000
81  2.247  -90.306  -39.954 0.0000000000
15954  4.068  -66.324  -18.191 0.0000000000
15932  2.484  -66.605  -16.591 0.0000000000
13960  0.815  -68.326  -16.232 0.0000000000
17023  0.751  -65.475  -16.692 0.0000000000
18155  0.406  -64.292  -17.495 0.0000000000
19336  0.595  -63.440  -19.052 0.0000000000
35615  20.390  -46.691  -21.786 0.0000000000
34521  22.192  -48.130  -22.715 0.0000000000
35599  21.511  -46.544  -21.109 0.0000000000
35598  23.428  -46.999  -20.852 0.0000000000
36622  24.480  -46.907  -21.231 0.0000000000
135894  24.724  -45.235  -21.719 0.0000000000
38614  24.151  -44.854  -19.851 0.0000000000
39614  22.824  -43.523  -18.645 0.0000000000
40720  20.941  -42.642  -17.601 0.0000000000
1057  19.392  -87.118  -33.822 0.0000000000
736  20.656  -87.517  -33.293 0.0000000000
431  18.114  -88.144  -34.992 0.0000000000
444  18.207  -88.605  -36.066 0.0000000000
126260  18.654  -88.326  -37.850 0.0000000000
468  20.109  -87.767  -39.357 0.0000000000
197  17.419  -89.123  -38.897 0.0000000000
82  15.619  -90.356  -40.686 0.0000000000
894  12.019  -87.878  -53.073 0.0000000000
8056  5.519  -75.090  -50.911 0.0000000000
7189  5.995  -76.289  -52.787 0.0000000000
9840  6.606  -74.011  -52.540 0.0000000000
9851  8.028  -73.046  -53.700 0.0000000000
9857  10.014  -72.912  -54.429 0.0000000000
10725  11.407  -72.647  -55.786 0.0000000000
10719  12.260  -72.542  -54.114 0.0000000000
11564  13.084  -71.274  -53.931 0.0000000000
13393  14.005  -69.503  -54.201 0.0000000000
14364  15.295  -67.925  -54.088 0.0000000000
13351  15.189  -69.485  -52.374 0.0000000000
14272  16.126  -68.817  -50.231 0.0000000000
14106  0.614  -68.954  -29.210 0.0000000000
17248  1.889  -65.107  -35.967 0.0000000000
16153  2.916  -66.590  -35.346 0.0000000000
16181  2.252  -66.054  -36.949 0.0000000000
15155  0.441  -67.631  -39.057 0.0000000000
128397  -1.162  -68.747  -41.087 0.0000000000
11442  -0.276  -71.089  -41.636 0.0000000000
123552  -0.466  -69.518  -42.472 0.0000000000
11440  2.253  -70.974  -41.300 0.0000000000
11424  3.019  -71.963  -39.872 0.0000000000
4304  26.215  -80.856  -49.398 0.0000000000
4942  24.918  -79.757  -51.385 0.0000000000
5635  23.945  -79.065  -52.359 0.0000000000
4955  22.016  -79.121  -53.468 0.0000000000
8053  18.849  -74.927  -50.188 0.0000000000
6393  20.531  -77.601  -52.433 0.0000000000
5662  20.810  -78.473  -54.522 0.0000000000
6424  19.692  -77.376  -54.924 0.0000000000
7238  19.267  -76.513  -56.361 0.0000000000
8977  19.060  -75.427  -57.011 0.0000000000
44485  18.261  -38.230  -28.444 0.0000000000
44487  16.477  -38.735  -28.433 0.0000000000
138063  16.696  -37.884  -28.513 0.0000000000
46477  14.230  -35.906  -26.938 0.0000000000
47524  16.145  -35.099  -30.128 0.0000000000
47513  14.380  -34.962  -28.689 0.0000000000
47505  12.915  -33.955  -26.976 0.0000000000
47515  11.988  -34.464  -27.679 0.0000000000
46497  12.877  -35.536  -29.399 0.0000000000
45480  13.617  -36.532  -30.168 0.0000000000
1100  15.986  -85.948  -39.157 0.0000000000
1479  15.825  -85.908  -41.726 0.0000000000
1464  16.475  -84.901  -40.852 0.0000000000
2509  15.470  -83.117  -42.493 0.0000000000
2511  13.918  -83.013  -42.792 0.0000000000
137058  13.447  -83.123  -41.149 0.0000000000
1975  11.948  -84.631  -42.398 0.0000000000
1480  11.677  -85.721  -41.368 0.0000000000
1109  10.979  -86.997  -40.626 0.0000000000
471  10.588  -88.322  -39.434 0.0000000000
1347  2.134  -86.004  -27.202 0.0000000000
125942  1.534  -85.292  -29.189 0.0000000000
3432  1.500  -82.098  -27.346 0.0000000000
2348  1.656  -82.895  -28.709 0.0000000000
1831  2.044  -84.205  -31.144 0.0000000000
2395  3.999  -83.748  -31.372 0.0000000000
2408  5.208  -83.539  -32.631 0.0000000000
2964  4.057  -82.881  -33.935 0.0000000000
2421  1.749  -83.260  -33.786 0.0000000000
140251  3.087  -81.444  -32.288 0.0000000000
5352  3.927  -77.881  -28.070 0.0000000000
22514  6.703  -60.096  -19.742 0.0000000000
23515  4.272  -59.096  -18.444 0.0000000000
139640  6.204  -58.123  -19.139 0.0000000000
25562  6.335  -56.617  -18.739 0.0000000000
26587  7.020  -55.565  -20.389 0.0000000000
27590  11.120  -55.709  -19.412 0.0000000000
27593  8.650  -55.323  -20.338 0.0000000000
26593  7.509  -55.713  -21.986 0.0000000000
28712  17.293  -54.821  -22.793 0.0000000000
1440  16.509  -85.398  -36.975 0.0000000000
7205  2.154  -76.973  -53.387 0.0000000000
149641  0.254  -75.965  -53.223 0.0000000000
8080  2.052  -75.356  -53.612 0.0000000000
8069  3.665  -75.629  -51.918 0.0000000000
8922  6.020  -73.906  -49.841 0.0000000000
10665  8.059  -72.223  -49.440 0.0000000000
11531  10.238  -71.238  -49.925 0.0000000000
13328  11.498  -70.202  -50.484 0.0000000000
131764  10.057  -69.959  -51.466 0.0000000000
14314  9.343  -68.668  -52.887 0.0000000000
15311  8.870  -67.311  -53.584 0.0000000000
14343  5.363  -68.626  -54.300 0.0000000000
15334  7.103  -67.211  -54.938 0.0000000000
142849  8.172  -65.304  -55.349 0.0000000000
19746  7.596  -63.335  -54.219 0.0000000000
123601  1.043  -60.815  -26.513 0.0000000000
123586  1.656  -63.974  -27.326 0.0000000000
20529  2.646  -62.746  -27.677 0.0000000000
20561  2.876  -63.226  -29.405 0.0000000000
19497  1.915  -63.185  -30.850 0.0000000000
22641  4.769  -60.752  -30.684 0.0000000000
21588  2.079  -61.548  -31.011 0.0000000000
19534  1.072  -63.308  -33.095 0.0000000000
134935  1.137  -63.285  -35.335 0.0000000000
19570  0.864  -62.837  -37.973 0.0000000000
19578  1.131  -62.464  -39.467 0.0000000000
137922  20.743  -43.869  -27.670 0.0000000000
40797  22.881  -42.680  -26.452 0.0000000000
40799  21.480  -42.679  -27.078 0.0000000000
141502  19.974  -42.593  -27.457 0.0000000000
129990  19.533  -42.063  -27.439 0.0000000000
42674  19.277  -40.491  -27.637 0.0000000000
43555  19.067  -39.539  -27.978 0.0000000000
44468  21.070  -37.980  -27.282 0.0000000000
11618  24.667  -70.287  -61.655 0.0000000000
13406  16.331  -69.571  -57.320 0.0000000000
14407  16.599  -68.025  -60.392 0.0000000000
3961  1.090  -80.500  -19.251 0.0000000000
4286  -1.657  -80.705  -47.610 0.0000000000
4302  0.187  -80.184  -49.373 0.0000000000
5613  1.786  -78.367  -49.795 0.0000000000
7130  1.787  -76.564  -48.790 0.0000000000
8010  0.413  -75.159  -47.792 0.0000000000
31607  11.469  -51.131  -31.885 0.0000000000
141302  10.993  -52.717  -32.413 0.0000000000
21536  0.773  -61.307  -23.812 0.0000000000
23589  1.057  -59.334  -23.244 0.0000000000
123605  0.550  -60.128  -25.476 0.0000000000
134905  1.167  -58.904  -26.640 0.0000000000
25662  2.769  -57.362  -27.760 0.0000000000
134417  4.410  -56.746  -28.448 0.0000000000
28754  3.724  -53.958  -27.240 0.0000000000
140105  4.757  -54.520  -28.363 0.0000000000
26678  6.100  -55.906  -28.992 0.0000000000
28773  7.479  -54.399  -29.389 0.0000000000
29711  8.471  -53.370  -29.915 0.0000000000
134648  9.640  -52.124  -30.154 0.0000000000
35682  9.555  -47.396  -24.716 0.0000000000
134695  15.020  -40.295  -28.092 0.0000000000
41784  14.112  -41.196  -27.858 0.0000000000
40812  12.562  -42.635  -27.551 0.0000000000
41787  10.837  -41.551  -26.095 0.0000000000
143834  11.592  -43.762  -26.843 0.0000000000
38670  10.352  -44.472  -26.193 0.0000000000
36647  9.800  -46.588  -25.314 0.0000000000
35683  8.577  -47.386  -25.122 0.0000000000
36649  7.061  -46.574  -26.086 0.0000000000
36666  6.422  -46.836  -26.497 0.0000000000
35719  6.779  -47.246  -28.370 0.0000000000
34632  7.180  -48.463  -29.832 0.0000000000
34644  9.231  -49.118  -29.824 0.0000000000
33571  10.130  -49.821  -29.764 0.0000000000
33569  11.505  -50.042  -30.690 0.0000000000
34675  11.347  -48.343  -31.575 0.0000000000
2021  18.253  -84.984  -47.316 0.0000000000
2035  19.046  -84.899  -49.606 0.0000000000
1181  18.754  -86.055  -49.247 0.0000000000
1194  16.490  -86.789  -50.058 0.0000000000
879  14.642  -87.869  -50.496 0.0000000000
278  13.552  -89.666  -47.535 0.0000000000
551  13.364  -89.118  -49.592 0.0000000000
566  12.653  -88.528  -51.468 0.0000000000
143400  10.933  -88.927  -52.450 0.0000000000
1532  14.506  -85.193  -45.235 0.0000000000
2022  13.263  -84.840  -47.863 0.0000000000
1564  10.862  -85.352  -49.764 0.0000000000
1169  8.975  -86.154  -47.314 0.0000000000
1559  8.766  -85.600  -49.258 0.0000000000
1574  8.512  -86.072  -50.765 0.0000000000
1074  12.000  -86.956  -35.586 0.0000000000
125438  11.194  -88.142  -36.944 0.0000000000
70  10.112  -90.351  -38.200 0.0000000000
154  7.100  -88.471  -31.656 0.0000000000
136381  4.174  -89.323  -32.039 0.0000000000
172  6.126  -89.029  -33.366 0.0000000000
136267  8.392  -89.080  -33.809 0.0000000000
0  8.637  -90.567  -35.414 0.0000000000
133887  8.886  -91.306  -37.117 0.0000000000
32  8.868  -90.966  -39.207 0.0000000000
209  7.301  -89.655  -39.623 0.0000000000
795  6.166  -87.945  -40.906 0.0000000000
131154  1.488  -77.110  -15.407 0.0000000000
7680  1.356  -75.395  -17.217 0.0000000000
8620  2.101  -74.684  -18.993 0.0000000000
9466  2.267  -73.148  -19.651 0.0000000000
9481  1.920  -73.202  -20.462 0.0000000000
132335  0.815  -68.976  -18.403 0.0000000000
12153  0.752  -70.742  -20.134 0.0000000000
10402  0.553  -72.605  -21.534 0.0000000000
11298  0.778  -71.118  -23.874 0.0000000000
23518  1.945  -58.982  -18.684 0.0000000000
21458  1.216  -60.354  -19.367 0.0000000000
147079  24.077  -53.054  -21.145 0.0000000000
30510  24.217  -52.886  -22.049 0.0000000000
30517  23.990  -52.703  -22.928 0.0000000000
29641  22.984  -53.217  -23.846 0.0000000000
34473  22.047  -48.787  -18.799 0.0000000000
33415  23.378  -49.548  -19.685 0.0000000000
32447  23.167  -49.861  -21.946 0.0000000000
32469  22.753  -50.941  -23.393 0.0000000000
33466  24.597  -49.381  -23.695 0.0000000000
38665  24.376  -44.368  -25.135 0.0000000000
37622  24.754  -45.061  -22.489 0.0000000000
128425  24.546  -44.216  -23.575 0.0000000000
39663  24.413  -43.510  -24.019 0.0000000000
40769  23.412  -42.246  -22.233 0.0000000000
1880  26.832  -84.708  -35.285 0.0000000000
1420  22.345  -85.357  -34.824 0.0000000000
2437  24.219  -83.977  -36.003 0.0000000000
142448  23.387  -85.913  -43.501 0.0000000000
1503  22.222  -85.007  -43.000 0.0000000000
799  20.431  -87.501  -40.696 0.0000000000
1491  19.724  -86.262  -41.912 0.0000000000
130413  19.697  -83.932  -43.250 0.0000000000
1993  18.495  -84.387  -44.219 0.0000000000
1531  17.892  -84.877  -45.909 0.0000000000
3074  17.010  -82.782  -46.726 0.0000000000
7113  21.904  -75.366  -47.789 0.0000000000
7084  19.838  -76.612  -45.624 0.0000000000
148526  18.183  -78.187  -44.980 0.0000000000
129884  17.037  -80.807  -45.787 0.0000000000
2600  18.568  -82.772  -50.398 0.0000000000
145512  18.835  -81.035  -51.707 0.0000000000
4340  18.362  -80.096  -52.739 0.0000000000
4968  17.258  -79.221  -53.705 0.0000000000
6425  15.536  -77.196  -54.059 0.0000000000
8105  15.663  -75.755  -55.423 0.0000000000
8998  18.054  -75.222  -58.144 0.0000000000
8166  19.129  -75.433  -60.361 0.0000000000
9032  18.915  -73.985  -62.868 0.0000000000
10790  17.777  -72.660  -63.817 0.0000000000
10764  17.384  -72.702  -60.734 0.0000000000
128646  16.045  -72.328  -58.037 0.0000000000
12490  14.444  -70.203  -59.768 0.0000000000
13414  15.151  -69.004  -60.911 0.0000000000
14415  15.863  -67.488  -63.023 0.0000000000
11591  11.412  -70.942  -57.415 0.0000000000
13409  9.835  -69.280  -58.167 0.0000000000
15383  10.382  -67.390  -59.300 0.0000000000
15382  12.115  -66.733  -59.552 0.0000000000
16464  14.586  -66.472  -61.661 0.0000000000
16463  16.114  -65.983  -62.113 0.0000000000
17552  16.576  -65.460  -59.428 0.0000000000
15256  12.924  -68.147  -50.079 0.0000000000
123577  1.627  -65.308  -28.266 0.0000000000
135399  0.900  -67.322  -30.147 0.0000000000
132742  0.139  -69.482  -31.872 0.0000000000
14148  2.577  -68.041  -34.308 0.0000000000
123535  1.276  -69.204  -34.139 0.0000000000
12295  0.360  -70.668  -33.275 0.0000000000
127099  -0.953  -75.725  -43.137 0.0000000000
9726  -0.019  -73.067  -42.721 0.0000000000
7968  0.271  -75.514  -43.583 0.0000000000
6264  0.267  -76.723  -44.535 0.0000000000
7093  2.833  -76.918  -45.722 0.0000000000
7999  3.000  -75.219  -46.712 0.0000000000
9775  0.749  -73.492  -46.523 0.0000000000
28803  9.218  -54.094  -32.929 0.0000000000
28791  6.586  -55.005  -32.935 0.0000000000
26714  4.226  -56.205  -32.848 0.0000000000
25728  4.695  -57.241  -34.419 0.0000000000
23680  2.665  -58.462  -33.268 0.0000000000
22689  2.300  -59.140  -36.061 0.0000000000
21682  2.828  -60.769  -38.815 0.0000000000
19584  3.062  -62.846  -40.288 0.0000000000
18417  5.169  -64.208  -37.708 0.0000000000
18435  4.385  -64.163  -39.904 0.0000000000
17312  3.225  -65.923  -41.722 0.0000000000
15183  3.893  -68.189  -41.337 0.0000000000
12327  4.097  -70.527  -39.432 0.0000000000
143767  5.635  -73.018  -40.680 0.0000000000
12355  7.361  -70.722  -42.471 0.0000000000
10600  6.024  -72.073  -41.887 0.0000000000
10602  4.880  -72.943  -42.829 0.0000000000
144809  3.614  -72.867  -44.774 0.0000000000
133756  1.375  -71.691  -45.583 0.0000000000
12389  0.432  -71.105  -47.003 0.0000000000
13312  1.308  -68.943  -48.227 0.0000000000
145736  1.191  -66.856  -49.489 0.0000000000
17431  2.671  -64.750  -49.944 0.0000000000
19697  3.083  -63.319  -48.523 0.0000000000
18602  4.047  -64.282  -50.531 0.0000000000
16326  5.868  -66.371  -49.858 0.0000000000
139623  16.681  -81.975  -48.206 0.0000000000
3656  16.591  -81.180  -48.269 0.0000000000
3108  17.115  -82.296  -48.878 0.0000000000
5265  1.081  -78.500  -19.774 0.0000000000
5272  1.091  -77.962  -21.286 0.0000000000
6017  1.206  -77.582  -20.830 0.0000000000
6028  1.661  -76.945  -21.069 0.0000000000
6005  1.329  -77.201  -19.362 0.0000000000
9783  -0.013  -73.492  -48.202 0.0000000000
9791  -0.024  -73.478  -49.206 0.0000000000
10653  0.027  -72.638  -48.895 0.0000000000
12421  -0.251  -70.774  -49.552 0.0000000000
11504  0.062  -71.741  -48.706 0.0000000000
133307  10.679  -52.917  -30.765 0.0000000000
28776  10.493  -54.496  -31.074 0.0000000000
29709  10.894  -53.780  -31.461 0.0000000000
146840  21.124  -75.112  -58.882 0.0000000000
8995  21.991  -75.109  -59.188 0.0000000000
9007  20.909  -74.806  -59.754 0.0000000000
9012  21.300  -74.362  -60.453 0.0000000000
9013  20.583  -74.516  -60.620 0.0000000000
33499  9.382  -48.891  -26.593 0.0000000000
32515  8.433  -50.710  -27.244 0.0000000000
147756  7.840  -49.013  -26.086 0.0000000000
141193  8.175  -48.314  -25.980 0.0000000000
42697  17.618  -39.937  -28.370 0.0000000000
140847  17.149  -40.513  -28.404 0.0000000000
44495  12.656  -38.702  -28.989 0.0000000000
791  14.581  -87.434  -39.887 0.0000000000
801  14.338  -87.619  -41.337 0.0000000000
143613  14.682  -87.215  -40.688 0.0000000000
216  10.157  -89.894  -40.541 0.0000000000
238  9.948  -89.586  -42.131 0.0000000000
228  9.350  -90.523  -42.112 0.0000000000
130390  8.861  -90.745  -42.068 0.0000000000
92  9.239  -90.703  -41.334 0.0000000000
136985  3.302  -84.508  -35.286 0.0000000000
1425  4.418  -85.561  -35.674 0.0000000000
1426  3.327  -85.156  -35.843 0.0000000000
20373  5.428  -62.383  -18.835 0.0000000000
20374  4.668  -62.625  -18.443 0.0000000000
129188  4.035  -61.834  -18.209 0.0000000000
21437  2.889  -61.622  -17.657 0.0000000000
21448  3.441  -60.778  -18.070 0.0000000000
1096  15.313  -86.846  -38.554 0.0000000000
764  15.017  -87.867  -37.765 0.0000000000
774  14.689  -87.899  -38.575 0.0000000000
463  14.557  -88.823  -38.829 0.0000000000
10683  10.411  -72.423  -50.186 0.0000000000
10696  10.766  -72.913  -50.865 0.0000000000
10681  12.097  -72.348  -50.759 0.0000000000
10694  12.346  -72.665  -51.501 0.0000000000
11529  12.493  -71.800  -50.386 0.0000000000
12425  13.502  -70.885  -49.859 0.0000000000
138490  12.668  -71.179  -49.965 0.0000000000
19441  0.429  -63.474  -24.705 0.0000000000
131295  0.332  -64.153  -24.986 0.0000000000
19447  0.342  -63.383  -25.722 0.0000000000
136592  1.653  -64.020  -40.163 0.0000000000
18437  1.225  -64.781  -40.478 0.0000000000
17301  1.186  -65.031  -41.109 0.0000000000
16234  1.217  -65.943  -41.862 0.0000000000
17313  2.013  -65.510  -41.744 0.0000000000
145575  21.963  -75.382  -49.432 0.0000000000
8050  22.464  -75.605  -50.031 0.0000000000
8039  21.279  -75.215  -49.229 0.0000000000
6382  16.284  -77.091  -51.643 0.0000000000
8065  16.677  -75.267  -51.736 0.0000000000
7183  16.139  -76.161  -52.201 0.0000000000
8085  16.935  -75.039  -53.096 0.0000000000
6396  15.828  -76.552  -52.851 0.0000000000
2447  13.083  -83.055  -36.935 0.0000000000
1911  12.594  -84.599  -37.752 0.0000000000
4668  5.049  -79.474  -27.362 0.0000000000
4037  4.374  -80.292  -27.484 0.0000000000
4036  5.170  -79.871  -28.302 0.0000000000
4064  5.347  -80.487  -29.696 0.0000000000
4676  5.464  -79.423  -28.750 0.0000000000
4684  5.365  -79.397  -29.276 0.0000000000
5350  5.494  -78.846  -28.194 0.0000000000
7757  2.359  -75.027  -23.782 0.0000000000
7758  1.194  -75.213  -23.686 0.0000000000
8668  0.958  -74.843  -23.175 0.0000000000
25603  13.007  -57.648  -20.855 0.0000000000
136788  11.170  -57.116  -19.774 0.0000000000
25585  12.506  -57.306  -19.606 0.0000000000
28673  14.999  -54.950  -21.845 0.0000000000
27603  14.371  -55.216  -20.966 0.0000000000
28674  14.004  -54.829  -21.871 0.0000000000
28696  13.789  -54.792  -22.829 0.0000000000
28695  14.695  -54.809  -22.697 0.0000000000
28694  15.660  -54.776  -22.595 0.0000000000
29628  20.483  -53.549  -21.557 0.0000000000
29627  21.754  -53.762  -21.598 0.0000000000
4949  0.838  -79.876  -51.083 0.0000000000
12449  3.510  -70.909  -51.997 0.0000000000
11543  3.371  -71.686  -51.752 0.0000000000
12435  3.790  -71.219  -50.960 0.0000000000
12420  5.053  -70.830  -49.820 0.0000000000
13330  4.955  -69.866  -50.956 0.0000000000
13329  5.850  -69.856  -50.956 0.0000000000
13342  5.324  -69.653  -51.956 0.0000000000
124201  3.902  -65.269  -53.066 0.0000000000
17506  4.131  -65.828  -53.808 0.0000000000
125558  4.550  -65.758  -53.482 0.0000000000
17490  4.091  -65.052  -52.569 0.0000000000
24682  4.631  -58.737  -28.421 0.0000000000
23636  4.633  -59.798  -28.603 0.0000000000
23635  5.296  -59.464  -29.122 0.0000000000
24704  2.986  -57.899  -31.423 0.0000000000
23658  2.220  -59.249  -31.586 0.0000000000
23663  2.332  -58.618  -32.094 0.0000000000
22670  1.830  -59.599  -33.383 0.0000000000
23681  2.276  -58.807  -32.905 0.0000000000
39669  23.640  -43.934  -26.181 0.0000000000
43530  22.461  -39.761  -25.633 0.0000000000
134031  22.129  -40.027  -26.170 0.0000000000
43532  21.601  -39.866  -26.663 0.0000000000
8173  26.295  -75.128  -60.118 0.0000000000
9905  25.628  -73.899  -60.852 0.0000000000
11623  19.721  -71.251  -61.044 0.0000000000
147561  20.222  -70.936  -60.537 0.0000000000
11612  19.083  -71.582  -59.335 0.0000000000
11599  18.546  -71.807  -58.484 0.0000000000
126482  17.764  -72.250  -58.809 0.0000000000
130584  -1.125  -77.618  -44.545 0.0000000000
4873  -0.881  -78.940  -45.559 0.0000000000
5567  -1.040  -77.720  -45.542 0.0000000000
5566  -0.749  -77.670  -45.787 0.0000000000
6298  -1.067  -77.092  -45.417 0.0000000000
132964  3.315  -53.654  -23.725 0.0000000000
28721  3.541  -54.226  -23.003 0.0000000000
125802  2.784  -54.378  -23.196 0.0000000000
123627  1.973  -55.524  -23.265 0.0000000000
141008  2.222  -54.839  -24.808 0.0000000000
123623  2.264  -55.486  -25.820 0.0000000000
28739  3.067  -54.001  -25.792 0.0000000000
145593  5.682  -50.392  -29.336 0.0000000000
31565  5.731  -51.025  -29.179 0.0000000000
32558  6.004  -50.742  -30.011 0.0000000000
31582  6.658  -51.194  -30.310 0.0000000000
32575  6.632  -50.311  -30.366 0.0000000000
45419  13.672  -37.323  -26.604 0.0000000000
44448  13.201  -37.928  -26.474 0.0000000000
149495  8.318  -40.752  -25.683 0.0000000000
41770  8.421  -41.504  -25.746 0.0000000000
40802  8.088  -42.162  -25.889 0.0000000000
142995  8.321  -43.010  -25.985 0.0000000000
40803  7.889  -42.528  -26.037 0.0000000000
39674  7.812  -43.678  -26.273 0.0000000000
39685  7.858  -43.051  -26.380 0.0000000000
38722  11.425  -44.902  -28.949 0.0000000000
37691  11.638  -45.814  -29.390 0.0000000000
146251  16.269  -88.901  -44.980 0.0000000000
130880  16.387  -88.397  -45.553 0.0000000000
258  15.592  -89.359  -45.078 0.0000000000
130090  11.185  -87.777  -49.173 0.0000000000
871  11.015  -88.901  -48.967 0.0000000000
872  10.500  -88.233  -49.563 0.0000000000
560  9.355  -88.924  -50.249 0.0000000000
142048  9.700  -87.065  -50.563 0.0000000000
1996  11.988  -83.924  -44.578 0.0000000000
2540  11.968  -83.779  -45.395 0.0000000000
127874  11.605  -84.433  -45.063 0.0000000000
159  9.737  -88.404  -33.667 0.0000000000
1036  1.772  -86.533  -30.306 0.0000000000
722  2.455  -87.572  -30.040 0.0000000000
124225  2.030  -87.066  -31.026 0.0000000000
68  3.151  -90.173  -37.442 0.0000000000
9  4.196  -90.503  -36.061 0.0000000000
138028  4.382  -90.862  -37.138 0.0000000000
15  5.054  -91.095  -36.925 0.0000000000
28  4.152  -91.004  -38.637 0.0000000000
36  4.379  -91.032  -39.384 0.0000000000
37  3.540  -90.946  -39.384 0.0000000000
13003  3.004  -69.027  -15.974 0.0000000000
13002  3.791  -69.604  -16.493 0.0000000000
12105  3.010  -69.934  -15.530 0.0000000000
12089  2.196  -70.361  -14.977 0.0000000000
12994  1.974  -69.814  -15.203 0.0000000000
11219  0.808  -70.920  -15.884 0.0000000000
13005  1.239  -69.581  -15.487 0.0000000000
17059  0.454  -65.317  -20.330 0.0000000000
24600  4.464  -57.264  -21.009 0.0000000000
23550  4.011  -58.304  -21.050 0.0000000000
32426  23.879  -50.276  -19.183 0.0000000000
32440  24.304  -50.431  -20.449 0.0000000000
33414  24.030  -50.123  -19.839 0.0000000000
35626  20.005  -47.627  -22.118 0.0000000000
34515  19.688  -48.253  -21.697 0.0000000000
33438  20.224  -48.565  -22.188 0.0000000000
33449  20.858  -49.073  -22.235 0.0000000000
34539  21.095  -48.871  -22.539 0.0000000000
34538  21.870  -48.785  -22.997 0.0000000000
35622  25.348  -47.260  -22.386 0.0000000000
34535  25.483  -48.342  -23.479 0.0000000000
40738  22.463  -42.751  -18.628 0.0000000000
141814  22.011  -41.650  -19.480 0.0000000000
760  21.802  -86.746  -38.102 0.0000000000
1086  22.103  -86.541  -38.005 0.0000000000
1094  22.680  -86.520  -38.625 0.0000000000
1939  22.931  -84.892  -39.284 0.0000000000
1093  22.922  -86.685  -39.048 0.0000000000
780  22.379  -87.190  -39.576 0.0000000000
244  16.775  -89.313  -43.330 0.0000000000
140978  17.922  -88.691  -43.292 0.0000000000
144752  16.647  -89.091  -44.095 0.0000000000
510  17.654  -87.941  -44.674 0.0000000000
2546  21.484  -83.813  -45.673 0.0000000000
3606  19.664  -81.715  -44.627 0.0000000000
140547  20.531  -82.867  -44.274 0.0000000000
1212  15.043  -86.089  -51.533 0.0000000000
1589  16.045  -85.527  -51.636 0.0000000000
129013  15.255  -85.312  -51.714 0.0000000000
13425  10.778  -70.110  -61.367 0.0000000000
125877  12.040  -70.076  -61.836 0.0000000000
13424  12.754  -69.304  -61.911 0.0000000000
14413  10.595  -68.248  -60.335 0.0000000000
6401  4.264  -77.544  -53.230 0.0000000000
14385  13.697  -68.781  -55.697 0.0000000000
14386  13.049  -68.913  -56.202 0.0000000000
14391  14.128  -68.161  -56.270 0.0000000000
15367  13.950  -67.170  -57.438 0.0000000000
15361  14.451  -67.587  -56.776 0.0000000000
15360  15.176  -67.183  -56.545 0.0000000000
15355  14.829  -67.776  -55.951 0.0000000000
16392  10.188  -66.030  -53.468 0.0000000000
16374  11.312  -66.139  -52.304 0.0000000000
17486  10.844  -65.596  -53.159 0.0000000000
134946  1.244  -64.981  -31.742 0.0000000000
126653  1.519  -65.825  -32.296 0.0000000000
17219  1.669  -65.648  -33.259 0.0000000000
123516  -0.076  -69.941  -39.450 0.0000000000
123507  0.119  -70.044  -37.488 0.0000000000
126449  0.028  -70.891  -38.299 0.0000000000
123505  0.051  -71.532  -37.716 0.0000000000
129911  -0.153  -71.166  -39.105 0.0000000000
134844  -0.353  -72.751  -40.027 0.0000000000
123509  -0.244  -71.813  -39.764 0.0000000000
8842  3.982  -74.574  -39.901 0.0000000000
8843  3.204  -75.207  -40.318 0.0000000000
7945  3.901  -75.251  -40.433 0.0000000000
7975  4.157  -75.434  -42.750 0.0000000000
8864  4.505  -74.773  -42.237 0.0000000000
20597  5.257  -61.381  -33.084 0.0000000000
20613  4.267  -62.178  -34.772 0.0000000000
20607  4.545  -62.397  -34.067 0.0000000000
16211  8.618  -66.836  -39.543 0.0000000000
15166  7.941  -67.636  -40.289 0.0000000000
15180  7.191  -66.968  -40.558 0.0000000000
14165  7.927  -68.733  -39.828 0.0000000000
128179  7.216  -69.139  -39.568 0.0000000000
12322  8.379  -70.063  -39.848 0.0000000000
14214  4.337  -68.645  -44.475 0.0000000000
14226  2.826  -68.392  -45.454 0.0000000000
16290  1.296  -66.510  -45.893 0.0000000000
6307  17.546  -77.352  -46.140 0.0000000000
7116  17.627  -76.196  -47.418 0.0000000000
5584  17.033  -77.830  -46.907 0.0000000000
4306  17.208  -80.378  -49.532 0.0000000000
142154  16.988  -78.889  -49.171 0.0000000000
4922  17.225  -79.553  -49.619 0.0000000000
4933  17.264  -78.767  -50.294 0.0000000000
4932  17.620  -79.486  -50.505 0.0000000000
4004  0.493  -80.468  -23.316 0.0000000000
148997  0.558  -79.731  -22.352 0.0000000000
148720  1.988  -78.002  -23.091 0.0000000000
5289  1.785  -78.838  -24.008 0.0000000000
5303  2.809  -78.688  -24.203 0.0000000000
4635  3.355  -79.173  -24.793 0.0000000000
5302  3.873  -78.547  -24.312 0.0000000000
5301  4.675  -78.052  -24.690 0.0000000000
5287  4.278  -77.866  -23.918 0.0000000000
6846  3.559  -76.017  -21.725 0.0000000000
6858  3.974  -76.408  -22.446 0.0000000000
7737  3.890  -74.864  -21.745 0.0000000000
8654  3.927  -74.203  -22.332 0.0000000000
8644  3.647  -74.088  -21.602 0.0000000000
136924  17.743  -57.671  -19.493 0.0000000000
25556  16.593  -57.240  -19.482 0.0000000000
143415  18.029  -57.223  -19.094 0.0000000000
27583  18.402  -55.675  -19.017 0.0000000000
131820  17.888  -54.752  -19.633 0.0000000000
27584  17.048  -55.055  -19.729 0.0000000000
28661  18.253  -53.907  -20.373 0.0000000000
28660  19.489  -54.291  -20.101 0.0000000000
28658  21.423  -54.010  -20.593 0.0000000000
29602  22.222  -53.746  -20.865 0.0000000000
6361  -0.234  -76.877  -49.545 0.0000000000
7156  -0.450  -76.758  -50.379 0.0000000000
145603  -0.134  -75.786  -50.182 0.0000000000
10686  0.129  -72.410  -50.929 0.0000000000
9806  0.340  -73.328  -51.267 0.0000000000
137213  0.129  -71.905  -51.765 0.0000000000
135125  1.532  -71.782  -52.681 0.0000000000
11551  1.469  -70.983  -52.726 0.0000000000
12458  2.012  -70.325  -53.090 0.0000000000
12459  1.370  -70.281  -52.752 0.0000000000
14276  0.900  -69.009  -50.610 0.0000000000
14293  1.295  -68.615  -52.404 0.0000000000
15292  1.456  -67.782  -52.010 0.0000000000
15291  1.825  -67.387  -52.515 0.0000000000
15275  1.327  -67.454  -51.053 0.0000000000
27706  7.810  -55.583  -29.646 0.0000000000
26687  7.695  -57.201  -30.209 0.0000000000
133849  8.018  -56.445  -30.025 0.0000000000
26696  8.765  -56.587  -31.261 0.0000000000
130223  8.232  -57.018  -31.408 0.0000000000
26697  7.492  -57.026  -31.712 0.0000000000
25704  6.233  -57.093  -31.773 0.0000000000
26698  6.326  -56.202  -31.897 0.0000000000
40787  23.969  -42.122  -24.906 0.0000000000
43519  22.600  -39.509  -24.791 0.0000000000
5698  21.029  -78.818  -57.562 0.0000000000
5006  21.483  -79.500  -57.472 0.0000000000
132283  21.734  -78.232  -57.883 0.0000000000
8156  22.794  -75.362  -59.481 0.0000000000
7261  23.333  -77.142  -59.073 0.0000000000
8165  23.823  -75.588  -60.803 0.0000000000
7295  24.066  -76.067  -60.587 0.0000000000
9019  23.905  -74.808  -61.418 0.0000000000
9031  23.966  -73.740  -61.771 0.0000000000
9906  23.238  -73.815  -61.337 0.0000000000
10772  21.943  -72.019  -62.691 0.0000000000
126306  6.091  -51.885  -26.104 0.0000000000
123643  4.855  -51.979  -26.077 0.0000000000
149574  4.376  -52.275  -25.867 0.0000000000
31513  4.645  -50.855  -26.324 0.0000000000
33502  4.753  -49.190  -25.772 0.0000000000
33503  4.204  -49.548  -25.945 0.0000000000
34584  4.583  -48.832  -25.981 0.0000000000
33543  4.812  -49.610  -27.273 0.0000000000
34609  4.842  -48.800  -26.910 0.0000000000
40810  18.168  -42.579  -27.929 0.0000000000
40811  17.466  -42.124  -28.182 0.0000000000
41804  16.205  -41.443  -28.428 0.0000000000
40832  15.858  -42.167  -28.504 0.0000000000
40833  15.212  -42.190  -28.434 0.0000000000
40834  14.532  -42.712  -28.377 0.0000000000
46461  11.368  -35.148  -27.034 0.0000000000
45442  11.024  -36.537  -26.930 0.0000000000
124079  8.976  -39.382  -26.121 0.0000000000
42702  9.608  -40.093  -27.485 0.0000000000
237  14.192  -90.354  -41.868 0.0000000000
247  13.417  -90.192  -44.019 0.0000000000
147166  13.394  -89.731  -42.681 0.0000000000
831  13.789  -87.301  -44.416 0.0000000000
832  13.136  -88.139  -44.731 0.0000000000
128073  13.463  -86.920  -45.774 0.0000000000
1167  13.296  -86.472  -47.551 0.0000000000
128566  13.579  -86.448  -46.513 0.0000000000
1140  10.896  -86.546  -43.606 0.0000000000
1149  10.280  -86.791  -44.667 0.0000000000
834  9.958  -87.510  -44.541 0.0000000000
255  8.544  -90.352  -44.728 0.0000000000
262  8.795  -89.574  -45.183 0.0000000000
264  7.617  -90.588  -45.742 0.0000000000
273  6.597  -90.499  -46.607 0.0000000000
112  6.285  -90.852  -45.794 0.0000000000
108  6.047  -90.921  -45.111 0.0000000000
147701  7.555  -89.984  -42.539 0.0000000000
132366  6.865  -89.894  -43.643 0.0000000000
1393  3.347  -85.377  -32.946 0.0000000000
1408  2.717  -85.977  -33.333 0.0000000000
1407  4.098  -85.784  -33.572 0.0000000000
759  4.215  -87.629  -37.017 0.0000000000
139265  3.932  -87.817  -36.304 0.0000000000
448  3.590  -88.201  -36.933 0.0000000000
449  2.682  -89.058  -36.916 0.0000000000
458  3.026  -88.324  -37.367 0.0000000000
203  2.218  -89.576  -38.839 0.0000000000
17058  5.987  -65.350  -19.027 0.0000000000
18175  3.552  -64.550  -17.723 0.0000000000
17043  4.747  -65.664  -18.373 0.0000000000
17044  3.801  -65.487  -17.873 0.0000000000
14939  3.515  -66.895  -17.530 0.0000000000
137513  2.210  -65.890  -16.600 0.0000000000
15933  1.326  -66.243  -16.329 0.0000000000
17022  1.540  -65.204  -16.585 0.0000000000
21439  0.799  -61.699  -17.420 0.0000000000
19307  0.936  -63.300  -16.897 0.0000000000
20364  0.523  -62.465  -17.710 0.0000000000
137962  0.231  -63.776  -18.165 0.0000000000
20376  0.574  -61.949  -18.459 0.0000000000
36610  21.083  -46.669  -19.931 0.0000000000
35601  19.774  -46.736  -20.378 0.0000000000
35600  20.274  -46.274  -20.968 0.0000000000
36609  22.117  -46.640  -20.065 0.0000000000
36600  23.136  -46.203  -19.733 0.0000000000
36608  23.254  -46.592  -20.204 0.0000000000
36607  24.277  -46.361  -20.514 0.0000000000
37594  24.295  -45.522  -20.126 0.0000000000
37595  23.673  -45.474  -19.564 0.0000000000
38603  22.304  -44.185  -18.368 0.0000000000
39615  22.099  -43.356  -18.172 0.0000000000
1064  17.687  -87.274  -34.761 0.0000000000
140276  18.367  -87.442  -34.623 0.0000000000
741  17.260  -87.976  -34.961 0.0000000000
193  16.125  -89.451  -37.021 0.0000000000
182  16.884  -89.012  -35.658 0.0000000000
453  17.127  -89.161  -36.842 0.0000000000
451  18.887  -88.169  -36.883 0.0000000000
198  17.549  -88.957  -37.835 0.0000000000
461  18.414  -88.538  -38.831 0.0000000000
140806  16.716  -89.482  -38.142 0.0000000000
142797  14.352  -90.194  -40.621 0.0000000000
72  15.578  -90.205  -39.881 0.0000000000
225  14.793  -90.478  -41.147 0.0000000000
236  15.254  -90.381  -42.030 0.0000000000
9823  6.731  -74.108  -51.032 0.0000000000
130591  6.481  -74.461  -51.689 0.0000000000
144330  6.923  -73.884  -51.839 0.0000000000
9837  9.543  -73.406  -52.204 0.0000000000
131928  8.833  -73.186  -52.977 0.0000000000
130407  9.771  -73.262  -53.073 0.0000000000
125785  9.128  -72.954  -53.928 0.0000000000
9850  10.088  -73.097  -53.721 0.0000000000
9856  10.783  -72.850  -54.808 0.0000000000
10715  11.814  -72.985  -53.675 0.0000000000
11548  13.584  -71.818  -52.177 0.0000000000
11556  13.345  -71.571  -53.079 0.0000000000
12466  13.627  -70.766  -53.397 0.0000000000
13374  13.928  -70.060  -53.615 0.0000000000
12465  14.222  -70.360  -52.935 0.0000000000
13373  14.570  -69.464  -53.308 0.0000000000
12454  15.106  -70.181  -51.778 0.0000000000
13317  14.893  -69.744  -49.598 0.0000000000
138768  15.842  -69.583  -50.585 0.0000000000
131486  15.632  -68.611  -49.665 0.0000000000
142207  15.787  -67.339  -49.742 0.0000000000
16321  15.081  -67.093  -49.536 0.0000000000
15071  0.748  -68.265  -27.465 0.0000000000
18409  1.457  -64.285  -36.405 0.0000000000
17263  2.299  -65.719  -36.357 0.0000000000
17264  1.770  -65.110  -36.955 0.0000000000
16216  -0.051  -66.849  -40.643 0.0000000000
15167  0.252  -66.777  -39.676 0.0000000000
15168  0.083  -67.571  -40.151 0.0000000000
123525  -0.070  -68.439  -40.560 0.0000000000
15184  -0.415  -67.807  -41.212 0.0000000000
123546  -1.286  -68.866  -42.290 0.0000000000
123548  -0.919  -68.356  -42.266 0.0000000000
13255  1.808  -69.343  -41.836 0.0000000000
123560  0.927  -69.286  -42.219 0.0000000000
12343  2.013  -70.183  -41.556 0.0000000000
11429  2.339  -71.749  -40.897 0.0000000000
128952  2.913  -71.110  -40.431 0.0000000000
4930  25.927  -78.980  -49.927 0.0000000000
4305  25.807  -80.169  -50.014 0.0000000000
4931  25.469  -79.382  -50.641 0.0000000000
6378  22.929  -77.337  -51.837 0.0000000000
5627  23.581  -78.044  -52.033 0.0000000000
6390  22.883  -78.120  -52.334 0.0000000000
4953  23.097  -79.550  -52.990 0.0000000000
147147  21.835  -78.247  -52.599 0.0000000000
126144  17.951  -75.110  -48.739 0.0000000000
8040  19.315  -75.005  -49.231 0.0000000000
7182  18.695  -75.653  -52.600 0.0000000000
6394  19.800  -77.129  -52.790 0.0000000000
5648  20.812  -78.319  -53.589 0.0000000000
6423  20.243  -77.851  -54.187 0.0000000000
139944  20.355  -77.992  -55.192 0.0000000000
6408  19.581  -77.107  -53.826 0.0000000000
126012  17.306  -75.381  -54.462 0.0000000000
7226  18.584  -76.191  -55.264 0.0000000000
8102  18.462  -75.674  -55.988 0.0000000000
8112  19.123  -75.759  -56.610 0.0000000000
147373  18.738  -75.584  -56.559 0.0000000000
45451  18.383  -37.527  -28.526 0.0000000000
44486  17.425  -38.469  -28.488 0.0000000000
45452  17.563  -37.568  -28.599 0.0000000000
46487  16.396  -36.535  -29.017 0.0000000000
45453  16.074  -37.191  -28.574 0.0000000000
45454  15.368  -37.110  -28.230 0.0000000000
45455  14.658  -36.083  -28.075 0.0000000000
47504  13.848  -34.885  -27.397 0.0000000000
126267  13.445  -34.661  -28.173 0.0000000000
48582  12.057  -33.710  -27.164 0.0000000000
47514  12.639  -34.507  -27.872 0.0000000000
47546  13.208  -34.931  -29.612 0.0000000000
46513  13.607  -35.544  -30.239 0.0000000000
127292  16.446  -85.165  -38.821 0.0000000000
145642  16.366  -85.329  -40.305 0.0000000000
1940  16.684  -84.322  -39.364 0.0000000000
128428  16.298  -83.169  -41.246 0.0000000000
2499  15.701  -82.861  -41.847 0.0000000000
2510  14.812  -82.982  -42.889 0.0000000000
2500  14.415  -82.741  -42.183 0.0000000000
141428  13.259  -83.316  -39.642 0.0000000000
3010  13.726  -82.692  -39.913 0.0000000000
2495  12.940  -83.801  -40.722 0.0000000000
2502  12.965  -83.631  -41.557 0.0000000000
1952  12.528  -84.363  -41.154 0.0000000000
147568  11.734  -85.329  -42.082 0.0000000000
1953  12.193  -85.122  -40.797 0.0000000000
1448  11.855  -85.864  -38.657 0.0000000000
1108  11.340  -86.389  -40.051 0.0000000000
793  11.005  -86.944  -39.815 0.0000000000
794  10.741  -87.669  -40.067 0.0000000000
775  10.746  -87.937  -38.754 0.0000000000
1796  1.503  -84.510  -26.338 0.0000000000
1341  1.843  -85.318  -26.642 0.0000000000
148542  1.627  -85.080  -27.524 0.0000000000
1355  1.648  -85.359  -28.286 0.0000000000
136097  1.425  -84.288  -28.175 0.0000000000
130578  1.241  -80.730  -25.364 0.0000000000
3407  1.059  -81.472  -25.710 0.0000000000
4030  1.538  -81.022  -26.134 0.0000000000
2889  2.971  -81.923  -28.791 0.0000000000
2890  1.961  -82.188  -28.289 0.0000000000
2923  2.458  -82.904  -29.807 0.0000000000
129746  1.867  -83.546  -30.083 0.0000000000
2383  2.668  -83.250  -30.477 0.0000000000
2396  2.827  -83.675  -31.097 0.0000000000
2382  3.706  -83.170  -30.813 0.0000000000
2932  5.330  -82.244  -31.866 0.0000000000
2393  5.280  -82.945  -32.106 0.0000000000
2941  5.259  -82.742  -32.523 0.0000000000
2419  4.844  -83.130  -33.619 0.0000000000
3506  4.135  -81.934  -33.054 0.0000000000
2954  3.504  -82.462  -33.450 0.0000000000
3499  3.864  -81.514  -32.629 0.0000000000
4686  3.701  -79.356  -29.862 0.0000000000
130623  2.409  -80.566  -30.935 0.0000000000
6895  5.127  -76.748  -25.927 0.0000000000
6074  5.298  -77.649  -27.235 0.0000000000
6896  4.491  -76.591  -26.161 0.0000000000
134861  10.358  -59.717  -20.550 0.0000000000
140795  9.412  -59.636  -20.466 0.0000000000
22525  7.508  -60.074  -20.114 0.0000000000
23535  7.680  -58.779  -20.102 0.0000000000
23522  6.814  -58.975  -19.724 0.0000000000
145338  8.169  -56.064  -18.886 0.0000000000
25589  7.111  -56.284  -18.822 0.0000000000
26577  6.729  -55.748  -19.485 0.0000000000
26576  7.523  -55.737  -19.254 0.0000000000
26570  14.164  -56.307  -19.633 0.0000000000
26572  12.115  -56.254  -19.465 0.0000000000
26571  13.162  -56.388  -19.663 0.0000000000
28677  10.809  -54.444  -21.296 0.0000000000
27606  10.970  -54.803  -20.296 0.0000000000
138075  9.190  -54.957  -21.271 0.0000000000
27608  8.176  -55.361  -21.522 0.0000000000
27623  8.586  -55.270  -22.248 0.0000000000
28670  17.987  -53.712  -21.204 0.0000000000
133863  17.805  -54.239  -22.084 0.0000000000
28708  21.827  -55.241  -23.107 0.0000000000
29642  23.078  -54.236  -23.137 0.0000000000
1446  16.440  -85.182  -37.927 0.0000000000
4972  0.332  -79.186  -52.364 0.0000000000
7221  1.106  -76.895  -53.612 0.0000000000
134351  -0.046  -76.052  -52.256 0.0000000000
127993  -0.875  -76.984  -52.008 0.0000000000
8081  0.462  -75.304  -53.043 0.0000000000
9824  3.343  -73.344  -51.824 0.0000000000
138186  2.540  -74.594  -53.131 0.0000000000
130103  3.308  -74.787  -52.237 0.0000000000
8079  2.954  -75.498  -52.867 0.0000000000
8937  3.847  -74.970  -51.248 0.0000000000
8057  4.674  -75.016  -50.703 0.0000000000
142282  4.550  -73.862  -49.973 0.0000000000
12418  6.938  -70.832  -49.688 0.0000000000
10666  7.140  -72.534  -49.447 0.0000000000
11519  7.499  -71.505  -49.442 0.0000000000
10664  8.825  -71.940  -49.521 0.0000000000
11517  8.794  -71.154  -49.750 0.0000000000
12444  9.502  -70.360  -50.833 0.0000000000
12430  8.742  -70.640  -50.286 0.0000000000
13354  7.683  -69.698  -52.815 0.0000000000
13338  9.157  -69.459  -52.638 0.0000000000
13375  8.620  -69.007  -53.245 0.0000000000
14339  8.763  -68.140  -53.365 0.0000000000
14340  8.009  -68.441  -53.699 0.0000000000
13380  3.909  -68.841  -53.517 0.0000000000
13379  4.933  -68.974  -53.670 0.0000000000
14344  4.419  -68.499  -54.335 0.0000000000
16410  5.801  -66.616  -54.929 0.0000000000
15335  5.972  -67.379  -54.952 0.0000000000
16409  7.154  -66.371  -55.294 0.0000000000
16408  7.965  -66.101  -55.191 0.0000000000
135208  7.242  -65.272  -55.406 0.0000000000
18666  7.583  -63.858  -54.819 0.0000000000
18667  7.014  -64.390  -55.166 0.0000000000
17470  6.698  -65.825  -52.100 0.0000000000
123602  2.089  -60.513  -27.145 0.0000000000
140507  2.012  -61.279  -27.090 0.0000000000
22616  3.027  -61.338  -27.505 0.0000000000
21580  3.864  -62.226  -28.995 0.0000000000
20544  3.324  -62.487  -28.350 0.0000000000
20560  3.292  -62.718  -29.208 0.0000000000
20562  2.586  -63.386  -30.125 0.0000000000
20575  2.354  -62.552  -30.721 0.0000000000
23649  6.992  -59.943  -31.117 0.0000000000
22635  5.412  -60.496  -30.386 0.0000000000
22640  5.732  -60.492  -30.945 0.0000000000
147789  1.531  -60.552  -31.724 0.0000000000
22648  1.900  -60.668  -31.204 0.0000000000
138072  1.264  -61.844  -31.929 0.0000000000
20598  1.124  -62.554  -32.521 0.0000000000
20608  1.033  -62.387  -33.619 0.0000000000
19544  1.269  -63.762  -34.522 0.0000000000
128028  1.006  -62.662  -34.598 0.0000000000
21635  0.952  -60.282  -36.233 0.0000000000
125014  0.758  -61.499  -36.267 0.0000000000
20631  0.739  -61.839  -37.408 0.0000000000
148486  0.898  -62.605  -38.763 0.0000000000
20642  0.849  -61.689  -38.844 0.0000000000
137383  21.507  -44.092  -27.468 0.0000000000
40795  22.809  -41.922  -26.300 0.0000000000
41765  21.473  -41.362  -26.715 0.0000000000
40798  22.008  -42.150  -26.681 0.0000000000
41779  21.067  -42.056  -26.981 0.0000000000
40808  20.709  -42.831  -27.369 0.0000000000
133265  20.263  -42.024  -27.220 0.0000000000
43553  20.826  -39.736  -27.211 0.0000000000
135207  21.658  -37.981  -26.721 0.0000000000
44470  19.697  -38.280  -27.976 0.0000000000
5004  23.377  -80.141  -57.659 0.0000000000
11638  24.166  -70.618  -62.893 0.0000000000
11627  25.105  -71.367  -61.865 0.0000000000
12501  24.398  -69.915  -62.409 0.0000000000
135808  21.314  -71.010  -59.227 0.0000000000
11608  22.907  -70.513  -59.865 0.0000000000
11596  22.228  -71.128  -58.993 0.0000000000
11581  16.172  -71.060  -56.995 0.0000000000
11580  16.751  -71.313  -56.588 0.0000000000
12481  16.140  -70.348  -57.047 0.0000000000
13410  16.014  -69.048  -58.205 0.0000000000
14403  15.886  -68.656  -59.320 0.0000000000
4890  -1.123  -79.700  -46.609 0.0000000000
124061  -1.609  -80.560  -46.899 0.0000000000
4905  -1.239  -79.814  -47.467 0.0000000000
130355  -1.405  -80.285  -48.118 0.0000000000
4918  -0.711  -79.847  -48.384 0.0000000000
4917  1.053  -79.565  -49.503 0.0000000000
134809  0.524  -79.551  -48.727 0.0000000000
145825  2.448  -77.617  -48.277 0.0000000000
5588  2.350  -77.864  -48.821 0.0000000000
6348  2.325  -77.175  -48.788 0.0000000000
8027  1.172  -75.866  -48.356 0.0000000000
8026  2.434  -76.367  -48.092 0.0000000000
25626  1.330  -57.685  -23.392 0.0000000000
24627  1.502  -58.518  -22.985 0.0000000000
24639  0.917  -58.571  -24.252 0.0000000000
23603  0.607  -59.605  -24.254 0.0000000000
128549  0.645  -59.188  -25.520 0.0000000000
123610  0.854  -58.380  -25.708 0.0000000000
26652  2.235  -56.184  -26.833 0.0000000000
148895  2.394  -56.708  -27.368 0.0000000000
26651  2.942  -56.314  -27.775 0.0000000000
126800  3.671  -57.069  -28.192 0.0000000000
141527  3.702  -56.264  -28.235 0.0000000000
30562  4.276  -52.267  -26.201 0.0000000000
29678  4.001  -53.129  -26.926 0.0000000000
30582  4.435  -52.463  -27.273 0.0000000000
28769  5.073  -53.847  -28.348 0.0000000000
135234  5.839  -53.751  -28.603 0.0000000000
27702  4.942  -55.309  -28.555 0.0000000000
28768  5.729  -54.613  -28.650 0.0000000000
27707  6.799  -55.107  -29.140 0.0000000000
28774  6.564  -54.054  -28.837 0.0000000000
131140  7.327  -51.696  -30.248 0.0000000000
30604  8.341  -52.353  -30.008 0.0000000000
30603  9.483  -53.131  -30.258 0.0000000000
144832  9.324  -51.261  -29.946 0.0000000000
127842  10.156  -46.821  -23.881 0.0000000000
43575  15.729  -39.264  -28.322 0.0000000000
42676  15.033  -39.573  -28.051 0.0000000000
140974  13.062  -39.497  -26.642 0.0000000000
42678  13.377  -40.467  -27.239 0.0000000000
41785  13.168  -41.635  -27.574 0.0000000000
42679  12.458  -40.857  -26.872 0.0000000000
134585  9.418  -41.600  -25.459 0.0000000000
40814  10.682  -42.261  -26.299 0.0000000000
40813  11.588  -42.414  -26.930 0.0000000000
39684  11.189  -42.983  -26.687 0.0000000000
132574  11.342  -44.341  -26.318 0.0000000000
38688  10.682  -43.533  -26.426 0.0000000000
37650  9.085  -45.334  -26.061 0.0000000000
146331  9.779  -44.928  -26.107 0.0000000000
36655  8.968  -46.720  -25.732 0.0000000000
36648  7.815  -46.482  -25.941 0.0000000000
35661  7.734  -47.284  -25.756 0.0000000000
37666  7.401  -45.252  -26.521 0.0000000000
36656  7.106  -46.093  -26.323 0.0000000000
36665  6.947  -46.138  -26.793 0.0000000000
139102  6.053  -47.354  -27.676 0.0000000000
36679  7.147  -46.398  -27.769 0.0000000000
147191  8.248  -43.570  -27.714 0.0000000000
128693  9.413  -46.257  -29.247 0.0000000000
37694  8.799  -45.730  -28.909 0.0000000000
36687  8.554  -46.599  -29.188 0.0000000000
149367  8.063  -47.270  -29.369 0.0000000000
124233  8.032  -47.899  -29.840 0.0000000000
34645  8.070  -48.729  -30.234 0.0000000000
34631  8.925  -48.138  -29.807 0.0000000000
35717  11.284  -48.090  -29.915 0.0000000000
33556  10.396  -49.144  -29.706 0.0000000000
34629  11.116  -48.699  -29.829 0.0000000000
32571  10.903  -50.395  -30.123 0.0000000000
125879  11.459  -49.103  -30.454 0.0000000000
33581  11.624  -49.281  -31.140 0.0000000000
34659  11.623  -48.498  -30.784 0.0000000000
1545  19.038  -86.188  -47.462 0.0000000000
1554  19.091  -85.850  -48.774 0.0000000000
1166  18.330  -86.507  -47.853 0.0000000000
853  16.000  -87.602  -47.829 0.0000000000
866  17.312  -86.865  -48.920 0.0000000000
868  15.703  -87.400  -49.560 0.0000000000
878  15.386  -87.168  -50.458 0.0000000000
869  14.860  -87.971  -49.822 0.0000000000
131141  13.280  -90.129  -45.952 0.0000000000
129229  13.823  -89.787  -46.728 0.0000000000
269  13.017  -89.914  -46.777 0.0000000000
144999  11.329  -89.666  -49.585 0.0000000000
294  12.819  -89.547  -48.961 0.0000000000
299  11.937  -89.646  -49.933 0.0000000000
557  13.469  -88.746  -50.328 0.0000000000
304  11.977  -89.277  -50.817 0.0000000000
567  11.883  -88.930  -51.692 0.0000000000
313  11.104  -89.266  -51.765 0.0000000000
308  8.229  -89.308  -51.075 0.0000000000
138594  8.714  -89.531  -52.128 0.0000000000
127588  15.655  -84.683  -42.864 0.0000000000
1506  15.266  -85.258  -43.406 0.0000000000
1995  14.606  -84.217  -44.829 0.0000000000
2570  12.203  -83.980  -47.079 0.0000000000
2569  13.063  -84.106  -47.223 0.0000000000
2023  12.470  -84.411  -47.920 0.0000000000
2037  12.140  -84.957  -49.152 0.0000000000
2032  11.011  -84.657  -48.708 0.0000000000
846  9.247  -86.693  -46.353 0.0000000000
1542  9.682  -85.700  -46.846 0.0000000000
1160  8.492  -87.141  -47.008 0.0000000000
1170  7.814  -86.734  -48.327 0.0000000000
1188  7.530  -86.329  -49.783 0.0000000000
1566  8.684  -85.720  -50.191 0.0000000000
132414  7.104  -86.490  -50.394 0.0000000000
1200  7.277  -86.438  -50.981 0.0000000000
184  10.719  -89.244  -35.083 0.0000000000
447  11.399  -88.511  -35.998 0.0000000000
189  10.860  -89.333  -36.303 0.0000000000
456  10.550  -89.236  -37.903 0.0000000000
190  10.257  -90.109  -36.499 0.0000000000
696  4.707  -87.575  -27.600 0.0000000000
413  4.925  -88.752  -30.129 0.0000000000
408  5.446  -88.469  -29.711 0.0000000000
155  6.152  -88.758  -31.530 0.0000000000
429  2.405  -88.292  -33.656 0.0000000000
424  3.482  -88.985  -32.174 0.0000000000
428  3.048  -89.145  -33.083 0.0000000000
53  5.442  -89.978  -34.588 0.0000000000
180  5.416  -89.542  -33.816 0.0000000000
179  6.054  -89.515  -34.156 0.0000000000
171  7.447  -88.842  -33.375 0.0000000000
45  6.876  -89.349  -34.166 0.0000000000
43  8.782  -89.604  -34.465 0.0000000000
147324  7.693  -90.465  -35.141 0.0000000000
20  7.036  -91.408  -37.797 0.0000000000
134961  8.209  -91.190  -36.408 0.0000000000
148878  7.849  -91.360  -37.983 0.0000000000
127315  8.907  -91.131  -38.633 0.0000000000
125297  8.318  -91.113  -38.541 0.0000000000
75  8.689  -90.618  -39.771 0.0000000000
77  7.066  -90.215  -39.183 0.0000000000
220  4.580  -89.869  -40.629 0.0000000000
219  5.850  -89.356  -40.026 0.0000000000
12103  4.939  -71.048  -16.753 0.0000000000
10329  1.643  -72.849  -14.611 0.0000000000
9404  2.732  -73.551  -14.197 0.0000000000
8563  1.512  -74.530  -15.469 0.0000000000
7672  1.402  -75.468  -15.884 0.0000000000
129166  1.339  -74.564  -16.530 0.0000000000
7695  1.657  -74.994  -18.266 0.0000000000
8591  1.524  -74.421  -17.583 0.0000000000
125339  1.403  -71.670  -17.953 0.0000000000
9448  1.935  -73.223  -18.366 0.0000000000
10356  2.011  -72.750  -18.960 0.0000000000
139413  2.300  -73.266  -20.217 0.0000000000
10374  1.673  -72.416  -19.450 0.0000000000
126649  0.689  -67.809  -16.816 0.0000000000
13975  0.725  -68.620  -17.375 0.0000000000
128427  0.675  -68.150  -18.345 0.0000000000
13048  0.466  -69.311  -20.993 0.0000000000
13047  0.733  -69.730  -19.996 0.0000000000
13065  0.555  -70.059  -21.053 0.0000000000
11282  0.587  -71.431  -21.445 0.0000000000
11290  0.592  -71.587  -22.679 0.0000000000
12179  0.506  -70.523  -22.711 0.0000000000
23525  3.947  -57.991  -18.543 0.0000000000
23516  3.303  -58.759  -18.383 0.0000000000
23517  2.645  -58.513  -18.701 0.0000000000
21469  2.854  -60.410  -20.528 0.0000000000
22516  1.512  -59.643  -19.354 0.0000000000
21470  1.864  -60.376  -20.048 0.0000000000
20401  1.622  -62.475  -20.344 0.0000000000
145106  2.325  -62.091  -20.615 0.0000000000
30509  24.333  -52.446  -21.153 0.0000000000
29611  23.636  -53.451  -21.484 0.0000000000
31479  24.211  -50.897  -22.016 0.0000000000
34488  21.568  -48.324  -19.468 0.0000000000
34487  22.415  -48.835  -19.988 0.0000000000
33416  22.628  -49.100  -19.140 0.0000000000
33431  23.084  -49.188  -20.534 0.0000000000
33436  23.228  -49.369  -21.215 0.0000000000
128818  22.176  -50.157  -22.857 0.0000000000
31492  22.507  -52.059  -24.649 0.0000000000
149159  22.520  -51.546  -24.661 0.0000000000
31503  23.813  -52.022  -25.370 0.0000000000
35624  22.894  -47.549  -22.285 0.0000000000
34537  23.290  -48.752  -23.352 0.0000000000
33479  25.597  -49.366  -24.619 0.0000000000
149387  24.617  -45.753  -25.094 0.0000000000
127777  24.538  -44.879  -24.684 0.0000000000
38633  24.534  -44.656  -21.266 0.0000000000
39646  24.342  -43.789  -22.210 0.0000000000
39652  24.320  -43.415  -23.081 0.0000000000
39653  23.786  -42.488  -23.061 0.0000000000
1862  26.088  -84.835  -34.614 0.0000000000
128144  20.555  -87.434  -34.195 0.0000000000
1070  21.266  -86.992  -34.148 0.0000000000
141359  21.391  -86.397  -35.133 0.0000000000
1900  22.546  -84.019  -36.788 0.0000000000
143393  22.729  -84.261  -36.012 0.0000000000
2445  23.788  -83.550  -36.925 0.0000000000
1882  25.464  -84.604  -35.870 0.0000000000
1898  24.830  -84.017  -36.868 0.0000000000
2458  25.337  -84.015  -37.887 0.0000000000
1111  23.278  -86.444  -41.551 0.0000000000
1122  23.543  -85.895  -42.656 0.0000000000
1489  22.876  -85.838  -42.816 0.0000000000
1502  22.873  -85.613  -43.934 0.0000000000
136419  21.923  -85.680  -42.122 0.0000000000
144840  18.751  -88.648  -40.416 0.0000000000
474  19.987  -87.900  -40.122 0.0000000000
475  19.266  -88.303  -40.653 0.0000000000
818  18.980  -87.850  -43.380 0.0000000000
1125  19.529  -87.186  -41.911 0.0000000000
1504  19.364  -85.879  -42.670 0.0000000000
1971  19.809  -85.444  -42.218 0.0000000000
1983  19.056  -84.534  -43.502 0.0000000000
1505  19.033  -85.494  -43.396 0.0000000000
129781  18.327  -86.617  -45.939 0.0000000000
1530  18.433  -85.829  -45.779 0.0000000000
1537  18.855  -86.173  -46.766 0.0000000000
1538  18.293  -85.346  -46.565 0.0000000000
5559  19.598  -78.221  -44.965 0.0000000000
6290  18.344  -77.392  -45.309 0.0000000000
5547  19.210  -78.641  -44.731 0.0000000000
3608  18.596  -81.636  -44.517 0.0000000000
138482  17.604  -80.817  -44.985 0.0000000000
3621  17.294  -81.589  -45.493 0.0000000000
3631  16.813  -81.752  -46.495 0.0000000000
2548  17.612  -82.972  -45.270 0.0000000000
2041  19.241  -84.997  -50.561 0.0000000000
2588  18.981  -84.155  -50.154 0.0000000000
2599  19.371  -84.062  -51.003 0.0000000000
2616  18.911  -83.684  -52.334 0.0000000000
3127  19.403  -82.530  -51.767 0.0000000000
3139  19.172  -82.280  -52.565 0.0000000000
4339  18.847  -80.927  -52.650 0.0000000000
3699  18.991  -81.641  -52.921 0.0000000000
3727  17.227  -81.111  -54.924 0.0000000000
3712  17.684  -81.740  -54.366 0.0000000000
3726  18.046  -81.207  -54.613 0.0000000000
4967  18.201  -80.031  -53.744 0.0000000000
139096  17.245  -79.294  -54.598 0.0000000000
5649  16.045  -77.855  -53.845 0.0000000000
134863  16.625  -78.595  -54.178 0.0000000000
6441  15.287  -77.216  -55.477 0.0000000000
8128  16.986  -75.240  -56.904 0.0000000000
8178  18.971  -75.204  -61.078 0.0000000000
8179  18.645  -75.045  -61.018 0.0000000000
9041  17.359  -73.549  -62.158 0.0000000000
9040  17.479  -73.719  -62.807 0.0000000000
10791  17.440  -72.831  -63.185 0.0000000000
10774  18.103  -72.262  -62.444 0.0000000000
9911  17.314  -72.847  -61.296 0.0000000000
12498  12.928  -70.654  -61.502 0.0000000000
11614  13.664  -71.285  -60.124 0.0000000000
10755  15.456  -72.400  -58.068 0.0000000000
12491  14.005  -70.825  -59.930 0.0000000000
11601  14.585  -70.992  -58.867 0.0000000000
12496  13.976  -70.144  -60.902 0.0000000000
14417  14.114  -68.334  -62.513 0.0000000000
13417  14.627  -68.651  -62.126 0.0000000000
14416  15.089  -67.855  -62.978 0.0000000000
14412  15.524  -68.230  -62.264 0.0000000000
15394  14.706  -67.494  -62.900 0.0000000000
8088  6.297  -75.518  -52.992 0.0000000000
11575  11.853  -71.994  -55.929 0.0000000000
11583  11.867  -71.628  -56.762 0.0000000000
11582  12.213  -71.183  -56.157 0.0000000000
14394  11.558  -68.561  -57.582 0.0000000000
13408  10.985  -69.306  -57.577 0.0000000000
14404  10.333  -67.643  -58.724 0.0000000000
14405  9.475  -68.104  -58.869 0.0000000000
15370  10.934  -67.185  -58.906 0.0000000000
125355  11.338  -66.991  -59.429 0.0000000000
15376  11.869  -66.726  -59.011 0.0000000000
16454  14.196  -66.186  -58.604 0.0000000000
16461  13.450  -66.300  -59.661 0.0000000000
124600  15.169  -65.988  -60.979 0.0000000000
17560  16.095  -65.752  -60.343 0.0000000000
17559  17.205  -65.547  -60.465 0.0000000000
17553  15.800  -65.618  -58.951 0.0000000000
14336  16.205  -67.615  -53.599 0.0000000000
13336  11.491  -69.459  -51.026 0.0000000000
13327  12.087  -69.541  -50.558 0.0000000000
14274  11.872  -68.841  -51.110 0.0000000000
123581  2.094  -63.978  -28.227 0.0000000000
123580  1.838  -64.622  -27.947 0.0000000000
141669  1.880  -64.755  -28.814 0.0000000000
123557  1.412  -67.361  -31.841 0.0000000000
131229  1.202  -66.581  -30.144 0.0000000000
128594  0.747  -67.722  -30.980 0.0000000000
134782  0.420  -68.401  -31.104 0.0000000000
141853  1.221  -68.462  -32.299 0.0000000000
15133  2.776  -67.371  -35.928 0.0000000000
15127  2.952  -67.387  -34.904 0.0000000000
15134  2.033  -68.126  -35.945 0.0000000000
144205  0.589  -69.822  -35.213 0.0000000000
123527  1.096  -69.163  -35.073 0.0000000000
123526  0.706  -69.811  -34.523 0.0000000000
13206  0.679  -69.848  -33.702 0.0000000000
12303  0.440  -70.581  -34.148 0.0000000000
11390  0.277  -71.421  -33.725 0.0000000000
11406  0.245  -71.982  -35.150 0.0000000000
9672  0.303  -73.314  -37.136 0.0000000000
8829  -0.286  -74.454  -40.247 0.0000000000
7932  -0.223  -75.280  -40.406 0.0000000000
134115  -0.625  -75.469  -41.684 0.0000000000
7048  -0.848  -76.099  -42.114 0.0000000000
139478  -0.861  -75.340  -42.894 0.0000000000
11454  0.100  -71.165  -42.216 0.0000000000
10605  -0.022  -71.816  -42.118 0.0000000000
9725  0.436  -72.827  -42.579 0.0000000000
7046  2.140  -76.160  -41.554 0.0000000000
129018  0.844  -75.001  -42.577 0.0000000000
7047  1.559  -76.418  -42.458 0.0000000000
7061  0.797  -76.490  -43.381 0.0000000000
143452  1.205  -77.036  -43.612 0.0000000000
6263  1.539  -77.345  -44.295 0.0000000000
7072  2.249  -77.182  -43.559 0.0000000000
133015  3.580  -74.617  -45.241 0.0000000000
7988  3.529  -75.496  -45.392 0.0000000000
8899  2.632  -74.437  -46.393 0.0000000000
8900  1.492  -74.082  -46.594 0.0000000000
9774  2.178  -73.660  -45.999 0.0000000000
30635  9.982  -52.677  -33.031 0.0000000000
29732  10.642  -53.466  -32.393 0.0000000000
29733  9.602  -53.417  -33.036 0.0000000000
28806  6.204  -55.105  -33.502 0.0000000000
27725  4.789  -55.870  -32.696 0.0000000000
27735  4.646  -55.890  -33.218 0.0000000000
23695  4.577  -59.099  -33.865 0.0000000000
24746  5.007  -58.432  -34.446 0.0000000000
23679  3.622  -58.573  -33.658 0.0000000000
24729  3.964  -57.896  -33.672 0.0000000000
22677  2.398  -59.026  -35.174 0.0000000000
22688  3.011  -59.301  -35.562 0.0000000000
20630  4.083  -61.441  -36.932 0.0000000000
21664  3.462  -60.804  -37.875 0.0000000000
20641  3.591  -61.617  -38.650 0.0000000000
20663  2.443  -61.976  -40.104 0.0000000000
19577  3.513  -62.366  -39.468 0.0000000000
19557  5.158  -63.852  -36.066 0.0000000000
18416  5.610  -64.683  -37.293 0.0000000000
16222  5.777  -66.447  -41.060 0.0000000000
123584  4.954  -64.799  -40.091 0.0000000000
123579  4.727  -65.226  -40.907 0.0000000000
18444  4.110  -64.569  -40.577 0.0000000000
123576  4.359  -65.914  -41.451 0.0000000000
123570  3.790  -67.408  -41.712 0.0000000000
15195  4.500  -67.467  -41.465 0.0000000000
12324  6.522  -71.095  -39.000 0.0000000000
13232  4.690  -69.832  -39.515 0.0000000000
129247  5.087  -71.451  -38.912 0.0000000000
133249  4.567  -72.163  -39.125 0.0000000000
10564  6.090  -72.176  -39.594 0.0000000000
12354  8.342  -70.285  -42.665 0.0000000000
12367  7.547  -70.186  -43.504 0.0000000000
12369  5.587  -70.606  -43.928 0.0000000000
11466  5.986  -70.910  -43.187 0.0000000000
11467  5.233  -71.326  -43.495 0.0000000000
10601  5.352  -72.473  -42.350 0.0000000000
129161  4.700  -71.973  -43.925 0.0000000000
10620  4.597  -72.870  -43.644 0.0000000000
10631  4.244  -71.738  -44.300 0.0000000000
12377  1.485  -70.007  -45.594 0.0000000000
126688  1.853  -70.859  -44.898 0.0000000000
11478  1.286  -70.636  -45.522 0.0000000000
11484  0.718  -71.742  -46.440 0.0000000000
141311  0.679  -70.344  -46.914 0.0000000000
14247  0.864  -70.046  -47.934 0.0000000000
13306  1.346  -69.101  -47.472 0.0000000000
17399  0.908  -66.085  -47.248 0.0000000000
16313  1.051  -66.671  -47.998 0.0000000000
17417  1.161  -66.079  -48.305 0.0000000000
17449  1.875  -65.618  -49.767 0.0000000000
18580  1.984  -64.843  -49.054 0.0000000000
133987  4.143  -63.408  -48.823 0.0000000000
18578  3.865  -64.008  -49.850 0.0000000000
17416  4.744  -64.806  -49.200 0.0000000000
17429  5.106  -66.000  -50.329 0.0000000000
17415  5.301  -65.815  -49.254 0.0000000000
4881  16.760  -79.305  -46.624 0.0000000000
5585  16.763  -78.640  -47.291 0.0000000000
4898  16.568  -79.641  -47.713 0.0000000000
3667  16.863  -80.942  -49.079 0.0000000000
3666  17.522  -80.989  -49.878 0.0000000000
149013  0.846  -79.349  -20.262 0.0000000000
4602  0.725  -79.137  -21.739 0.0000000000
145816  0.952  -78.339  -21.614 0.0000000000
5278  1.203  -78.247  -22.473 0.0000000000
6037  2.204  -77.557  -22.499 0.0000000000
6036  3.351  -77.240  -22.750 0.0000000000
6027  1.966  -77.218  -21.714 0.0000000000
6847  2.628  -76.537  -21.332 0.0000000000
6834  2.296  -76.188  -20.633 0.0000000000
26567  18.694  -56.714  -19.133 0.0000000000
27581  19.857  -55.068  -19.831 0.0000000000
149656  -0.057  -75.518  -48.620 0.0000000000
128039  -0.107  -75.182  -49.636 0.0000000000
137415  -0.029  -74.291  -49.632 0.0000000000
10670  -0.036  -72.590  -49.827 0.0000000000
11535  -0.134  -71.424  -51.164 0.0000000000
12450  0.191  -70.713  -51.711 0.0000000000
126231  0.082  -70.445  -50.897 0.0000000000
13331  0.442  -69.779  -50.420 0.0000000000
126972  0.727  -69.432  -49.763 0.0000000000
28778  8.987  -54.487  -30.159 0.0000000000
26686  8.680  -56.133  -30.425 0.0000000000
139804  9.890  -55.495  -30.939 0.0000000000
27713  9.838  -55.505  -31.399 0.0000000000
27714  9.253  -55.969  -31.635 0.0000000000
132419  22.837  -41.289  -22.641 0.0000000000
41746  23.246  -41.271  -23.361 0.0000000000
7247  21.473  -76.587  -57.737 0.0000000000
6463  22.199  -77.246  -57.980 0.0000000000
8123  21.984  -76.167  -58.156 0.0000000000
9005  22.451  -74.720  -60.018 0.0000000000
9897  22.471  -74.109  -60.838 0.0000000000
9909  20.573  -73.198  -62.719 0.0000000000
32494  7.196  -50.755  -26.682 0.0000000000
128849  5.859  -49.969  -26.160 0.0000000000
33487  6.020  -48.862  -25.608 0.0000000000
34567  6.439  -48.032  -25.699 0.0000000000
147012  17.655  -41.466  -28.156 0.0000000000
41803  17.074  -41.306  -28.358 0.0000000000
42699  15.640  -40.850  -28.323 0.0000000000
45456  11.744  -36.414  -27.757 0.0000000000
44490  11.229  -37.455  -27.486 0.0000000000
485  13.586  -89.006  -41.336 0.0000000000
494  13.451  -89.429  -42.184 0.0000000000
809  13.932  -88.176  -42.108 0.0000000000
138860  14.338  -86.665  -44.146 0.0000000000
137624  10.448  -88.266  -42.037 0.0000000000
506  10.070  -88.054  -43.694 0.0000000000
496  10.012  -88.893  -42.926 0.0000000000
248  9.091  -90.392  -43.424 0.0000000000
102  8.050  -90.874  -44.006 0.0000000000
103  7.273  -90.811  -44.416 0.0000000000
99  8.163  -90.745  -43.138 0.0000000000
97  7.930  -90.613  -42.721 0.0000000000
240  7.808  -90.012  -41.834 0.0000000000
1405  5.066  -84.865  -33.907 0.0000000000
1060  4.492  -86.061  -34.365 0.0000000000
1424  4.690  -85.986  -35.409 0.0000000000
1082  4.427  -86.543  -36.495 0.0000000000
1090  3.669  -87.026  -37.462 0.0000000000
769  2.094  -87.529  -37.875 0.0000000000
19333  6.668  -63.497  -19.252 0.0000000000
18194  6.023  -64.544  -18.872 0.0000000000
19318  5.372  -63.219  -18.678 0.0000000000
19319  4.592  -63.477  -18.297 0.0000000000
19305  2.941  -63.589  -17.526 0.0000000000
18152  2.279  -64.383  -17.074 0.0000000000
20361  2.316  -62.532  -17.347 0.0000000000
21438  1.523  -61.366  -17.375 0.0000000000
37597  21.511  -45.757  -19.155 0.0000000000
37596  22.430  -45.419  -19.038 0.0000000000
38616  23.155  -45.016  -19.036 0.0000000000
1079  15.775  -87.453  -36.426 0.0000000000
749  16.188  -88.547  -35.630 0.0000000000
128690  15.408  -88.091  -36.879 0.0000000000
454  15.337  -88.953  -37.440 0.0000000000
129254  15.717  -89.463  -37.692 0.0000000000
199  16.039  -89.757  -37.990 0.0000000000
200  15.087  -89.401  -38.351 0.0000000000
128717  14.179  -88.836  -39.684 0.0000000000
127304  9.011  -73.132  -50.346 0.0000000000
9821  8.400  -73.415  -51.144 0.0000000000
9820  9.320  -73.359  -51.247 0.0000000000
9819  10.196  -73.308  -51.451 0.0000000000
143937  11.202  -73.286  -52.550 0.0000000000
145283  11.902  -73.111  -52.851 0.0000000000
10704  12.439  -72.751  -52.356 0.0000000000
10703  13.019  -72.338  -51.774 0.0000000000
11547  14.238  -71.341  -51.700 0.0000000000
12442  14.845  -70.809  -51.303 0.0000000000
11541  14.450  -71.304  -50.880 0.0000000000
12416  14.206  -70.295  -49.672 0.0000000000
13318  13.993  -69.510  -49.415 0.0000000000
17168  0.585  -66.225  -26.022 0.0000000000
144627  0.917  -66.295  -26.870 0.0000000000
18427  1.166  -64.334  -38.900 0.0000000000
17285  1.132  -65.280  -38.760 0.0000000000
17292  0.867  -65.372  -39.843 0.0000000000
16215  0.308  -66.109  -40.239 0.0000000000
16223  0.175  -66.334  -41.082 0.0000000000
123541  -0.397  -67.646  -41.913 0.0000000000
15196  0.242  -67.175  -41.976 0.0000000000
123562  1.818  -67.620  -42.001 0.0000000000
123566  2.383  -68.590  -41.700 0.0000000000
7150  22.031  -75.981  -50.662 0.0000000000
7165  21.411  -76.733  -51.208 0.0000000000
8043  16.908  -75.532  -50.004 0.0000000000
145481  17.297  -74.975  -50.427 0.0000000000
8055  16.780  -75.356  -50.827 0.0000000000
8075  18.092  -75.025  -51.973 0.0000000000
8084  17.766  -75.197  -52.839 0.0000000000
142737  18.879  -76.405  -53.894 0.0000000000
8093  17.555  -75.376  -53.688 0.0000000000
8094  16.738  -75.272  -53.859 0.0000000000
147240  16.610  -75.330  -54.498 0.0000000000
135933  18.391  -36.002  -28.777 0.0000000000
46486  17.620  -36.093  -29.074 0.0000000000
46495  16.770  -35.956  -29.365 0.0000000000
133856  14.447  -34.908  -30.499 0.0000000000
47526  13.300  -34.629  -29.149 0.0000000000
48618  14.650  -34.744  -31.088 0.0000000000
2487  12.995  -83.799  -39.014 0.0000000000
1465  12.260  -85.220  -39.932 0.0000000000
1925  12.607  -84.571  -38.593 0.0000000000
1441  12.275  -85.239  -38.215 0.0000000000
1442  11.902  -85.831  -37.827 0.0000000000
1781  1.725  -84.584  -24.605 0.0000000000
2309  1.242  -83.663  -26.094 0.0000000000
149762  1.189  -82.990  -26.623 0.0000000000
4018  3.145  -80.217  -25.960 0.0000000000
4039  2.626  -81.008  -27.081 0.0000000000
3430  3.378  -81.018  -27.654 0.0000000000
3446  3.727  -81.287  -28.470 0.0000000000
3465  4.029  -81.597  -29.219 0.0000000000
2921  4.601  -82.466  -30.741 0.0000000000
3464  4.923  -81.198  -29.783 0.0000000000
3476  5.378  -81.121  -30.830 0.0000000000
4094  5.330  -80.780  -30.950 0.0000000000
4095  4.941  -80.669  -31.462 0.0000000000
4077  5.150  -80.264  -30.702 0.0000000000
4701  4.693  -79.720  -30.396 0.0000000000
5365  4.131  -78.761  -29.267 0.0000000000
7770  4.092  -75.370  -24.570 0.0000000000
6890  3.635  -76.214  -25.625 0.0000000000
7786  3.295  -75.799  -25.048 0.0000000000
23532  10.498  -58.547  -20.641 0.0000000000
132661  9.000  -57.804  -20.256 0.0000000000
24584  9.797  -57.605  -20.264 0.0000000000
25587  10.164  -56.274  -19.385 0.0000000000
27587  14.794  -55.708  -19.971 0.0000000000
27588  13.727  -55.621  -20.273 0.0000000000
27604  13.203  -54.541  -20.968 0.0000000000
28675  12.489  -53.806  -21.093 0.0000000000
28698  11.363  -54.355  -22.141 0.0000000000
29615  19.601  -53.443  -21.320 0.0000000000
29629  19.625  -53.713  -21.878 0.0000000000
28690  21.313  -54.388  -22.359 0.0000000000
5658  -0.823  -78.259  -52.611 0.0000000000
9843  1.369  -73.419  -52.784 0.0000000000
8948  1.264  -74.266  -53.234 0.0000000000
9841  2.929  -72.879  -52.364 0.0000000000
10697  3.383  -72.559  -51.540 0.0000000000
10685  3.790  -72.582  -50.548 0.0000000000
9790  4.804  -73.262  -49.724 0.0000000000
11522  4.675  -71.649  -49.775 0.0000000000
12419  5.991  -70.794  -49.680 0.0000000000
131991  7.217  -70.476  -50.203 0.0000000000
12446  7.897  -70.419  -50.731 0.0000000000
12447  6.950  -70.091  -51.113 0.0000000000
144898  7.129  -69.896  -52.149 0.0000000000
13355  6.718  -69.621  -52.850 0.0000000000
16395  3.135  -66.918  -54.170 0.0000000000
15337  4.540  -67.520  -54.713 0.0000000000
144283  4.302  -66.866  -54.536 0.0000000000
17519  5.300  -66.301  -54.496 0.0000000000
17504  6.229  -65.210  -54.593 0.0000000000
16377  5.900  -66.053  -52.525 0.0000000000
16358  6.236  -66.326  -51.437 0.0000000000
23624  3.061  -59.308  -27.599 0.0000000000
23637  3.980  -60.071  -27.975 0.0000000000
22628  4.496  -60.929  -28.927 0.0000000000
21579  4.206  -61.702  -29.489 0.0000000000
24702  5.534  -59.079  -31.633 0.0000000000
22647  4.118  -60.165  -31.026 0.0000000000
23657  3.184  -58.952  -31.128 0.0000000000
23659  1.789  -59.928  -31.636 0.0000000000
21619  1.374  -60.577  -33.172 0.0000000000
147078  0.914  -61.923  -34.334 0.0000000000
21628  1.064  -61.132  -34.041 0.0000000000
22678  1.238  -59.927  -35.154 0.0000000000
22690  1.645  -59.464  -36.250 0.0000000000
38673  22.690  -44.561  -26.923 0.0000000000
130438  23.115  -40.863  -25.423 0.0000000000
41766  21.104  -40.590  -26.910 0.0000000000
131709  21.339  -70.525  -62.314 0.0000000000
12503  22.389  -70.096  -62.191 0.0000000000
11621  21.508  -70.500  -61.068 0.0000000000
11610  20.760  -70.710  -60.096 0.0000000000
11597  20.460  -71.123  -58.975 0.0000000000
143099  19.097  -71.474  -57.721 0.0000000000
11588  18.326  -71.843  -57.548 0.0000000000
10735  17.026  -72.158  -57.507 0.0000000000
12482  15.564  -70.740  -57.582 0.0000000000
136792  -1.053  -79.581  -46.034 0.0000000000
137796  -0.546  -79.179  -46.858 0.0000000000
5590  0.474  -78.839  -47.323 0.0000000000
5579  -0.194  -78.444  -46.362 0.0000000000
5578  1.127  -78.404  -46.839 0.0000000000
6314  1.609  -77.933  -46.432 0.0000000000
135209  4.821  -54.159  -23.428 0.0000000000
27661  4.213  -54.606  -23.211 0.0000000000
135849  2.991  -56.123  -22.945 0.0000000000
25624  2.273  -56.929  -22.810 0.0000000000
26613  2.136  -56.129  -22.851 0.0000000000
123621  1.717  -56.185  -23.530 0.0000000000
123617  1.439  -56.907  -24.045 0.0000000000
123618  1.640  -56.356  -25.277 0.0000000000
27684  2.890  -55.348  -27.150 0.0000000000
31546  5.254  -51.310  -28.040 0.0000000000
30581  5.043  -52.263  -28.122 0.0000000000
30591  5.768  -51.814  -28.993 0.0000000000
30580  5.773  -52.511  -28.828 0.0000000000
30590  6.280  -52.243  -29.541 0.0000000000
30589  6.825  -52.717  -29.690 0.0000000000
30606  6.714  -51.960  -30.060 0.0000000000
31581  7.342  -50.880  -30.452 0.0000000000
38668  12.220  -45.197  -24.770 0.0000000000
43556  14.560  -39.160  -27.353 0.0000000000
43557  13.851  -38.816  -26.754 0.0000000000
42662  9.206  -39.716  -24.700 0.0000000000
42661  10.335  -39.619  -24.597 0.0000000000
39672  9.545  -43.284  -26.193 0.0000000000
38678  8.130  -44.055  -26.081 0.0000000000
37651  7.309  -45.762  -26.194 0.0000000000
38679  7.818  -44.186  -26.232 0.0000000000
38680  7.709  -44.352  -26.379 0.0000000000
38712  7.746  -44.640  -27.105 0.0000000000
38710  9.450  -44.106  -28.603 0.0000000000
38709  10.621  -44.075  -28.668 0.0000000000
37682  10.266  -44.874  -28.775 0.0000000000
143845  10.272  -46.162  -29.121 0.0000000000
146032  9.887  -47.531  -29.506 0.0000000000
129262  10.808  -47.236  -29.456 0.0000000000
36684  11.318  -47.357  -29.771 0.0000000000
36696  11.601  -47.205  -30.368 0.0000000000
842  17.890  -87.117  -45.942 0.0000000000
146859  17.712  -86.834  -47.456 0.0000000000
843  17.304  -87.218  -46.715 0.0000000000
532  16.281  -87.726  -47.013 0.0000000000
533  15.381  -88.501  -47.275 0.0000000000
125307  12.163  -88.675  -47.518 0.0000000000
535  12.435  -89.415  -47.405 0.0000000000
541  11.872  -89.111  -47.963 0.0000000000
296  11.173  -89.439  -49.217 0.0000000000
301  10.690  -89.576  -49.734 0.0000000000
306  10.418  -89.787  -50.949 0.0000000000
302  9.905  -89.600  -50.255 0.0000000000
561  8.543  -88.745  -50.801 0.0000000000
568  7.717  -88.647  -51.285 0.0000000000
2537  14.311  -83.497  -44.340 0.0000000000
131175  14.115  -83.639  -45.118 0.0000000000
2550  13.157  -83.312  -45.704 0.0000000000
2552  11.997  -83.804  -46.188 0.0000000000
136746  10.853  -84.682  -47.102 0.0000000000
537  7.443  -89.102  -47.235 0.0000000000
856  7.828  -87.325  -47.760 0.0000000000
543  7.285  -88.244  -47.857 0.0000000000
426  10.649  -88.230  -34.289 0.0000000000
167  10.496  -88.598  -34.405 0.0000000000
178  10.330  -89.409  -35.076 0.0000000000
706  3.363  -87.984  -28.213 0.0000000000
401  3.904  -88.429  -27.993 0.0000000000
410  3.712  -88.486  -28.752 0.0000000000
147248  3.979  -88.912  -29.896 0.0000000000
152  4.402  -88.947  -30.784 0.0000000000
56  2.884  -89.486  -35.162 0.0000000000
175  3.494  -89.772  -33.534 0.0000000000
55  3.487  -90.020  -35.022 0.0000000000
60  5.126  -90.483  -35.266 0.0000000000
7  5.705  -90.900  -35.897 0.0000000000
6  6.668  -90.947  -35.794 0.0000000000
14  5.719  -91.153  -36.621 0.0000000000
145622  5.645  -91.278  -37.352 0.0000000000
26  6.443  -91.276  -38.319 0.0000000000
78  5.661  -90.774  -39.303 0.0000000000
143634  5.049  -91.091  -39.269 0.0000000000
87  4.087  -90.824  -40.390 0.0000000000
13974  4.328  -68.588  -18.170 0.0000000000
143271  4.894  -69.336  -18.336 0.0000000000
13016  4.244  -69.315  -17.477 0.0000000000
12104  4.096  -70.424  -16.218 0.0000000000
11217  4.393  -71.236  -15.950 0.0000000000
11205  2.842  -71.725  -14.719 0.0000000000
11197  2.214  -72.093  -14.439 0.0000000000
142838  1.092  -72.292  -15.101 0.0000000000
9425  1.057  -72.854  -16.251 0.0000000000
10339  0.902  -71.815  -15.996 0.0000000000
132137  0.975  -71.347  -16.915 0.0000000000
11231  1.147  -70.838  -17.661 0.0000000000
128830  0.536  -67.035  -19.166 0.0000000000
142104  0.597  -67.584  -18.793 0.0000000000
14950  0.512  -67.817  -19.903 0.0000000000
132769  0.390  -68.007  -21.109 0.0000000000
13994  0.392  -68.539  -21.727 0.0000000000
25564  4.718  -56.628  -19.208 0.0000000000
24571  3.116  -57.826  -19.509 0.0000000000
24601  3.727  -57.405  -20.125 0.0000000000
22527  3.053  -59.362  -20.463 0.0000000000
31470  24.485  -51.624  -21.244 0.0000000000
125290  24.429  -50.811  -21.110 0.0000000000
34489  20.338  -47.439  -19.672 0.0000000000
134796  22.031  -49.350  -21.807 0.0000000000
32456  21.655  -49.495  -22.694 0.0000000000
32470  22.422  -50.302  -23.409 0.0000000000
32477  22.539  -50.959  -24.271 0.0000000000
33482  22.722  -50.188  -23.870 0.0000000000
33481  23.885  -50.012  -24.192 0.0000000000
35623  24.576  -47.743  -22.130 0.0000000000
34536  24.988  -48.769  -23.155 0.0000000000
34564  25.576  -48.596  -25.342 0.0000000000
139060  23.706  -43.572  -20.153 0.0000000000
39631  24.215  -43.925  -20.795 0.0000000000
40758  23.614  -43.108  -20.746 0.0000000000
40765  23.484  -42.626  -21.500 0.0000000000
143063  23.995  -85.309  -33.456 0.0000000000
754  20.607  -86.937  -36.281 0.0000000000
1430  21.333  -86.403  -36.179 0.0000000000
1076  21.716  -86.326  -37.182 0.0000000000
1908  22.208  -84.722  -37.295 0.0000000000
2461  22.588  -83.741  -37.813 0.0000000000
2472  24.199  -83.395  -38.703 0.0000000000
2474  22.767  -83.937  -38.730 0.0000000000
1105  23.124  -86.993  -40.779 0.0000000000
1112  22.351  -87.068  -40.990 0.0000000000
223  18.027  -89.247  -41.442 0.0000000000
484  18.734  -88.731  -41.937 0.0000000000
233  18.119  -89.093  -42.177 0.0000000000
493  18.500  -88.603  -42.781 0.0000000000
819  18.692  -87.679  -43.918 0.0000000000
830  18.848  -87.007  -44.382 0.0000000000
148585  18.520  -87.305  -44.552 0.0000000000
515  18.234  -87.251  -45.070 0.0000000000
4253  19.817  -80.293  -45.329 0.0000000000
4240  19.351  -80.204  -44.691 0.0000000000
3620  19.640  -80.961  -44.927 0.0000000000
128142  19.207  -81.823  -44.444 0.0000000000
3055  18.841  -82.456  -44.315 0.0000000000
1204  17.447  -85.938  -51.013 0.0000000000
2045  18.729  -84.832  -51.735 0.0000000000
1588  17.092  -85.148  -51.863 0.0000000000
2050  17.323  -84.450  -52.389 0.0000000000
2617  18.013  -83.743  -52.749 0.0000000000
138779  16.900  -78.819  -55.102 0.0000000000
12506  11.386  -70.907  -61.965 0.0000000000
12505  12.277  -70.743  -61.862 0.0000000000
12504  12.808  -69.923  -61.867 0.0000000000
13423  13.369  -69.136  -62.022 0.0000000000
14418  13.314  -68.548  -62.181 0.0000000000
15396  12.848  -67.929  -61.602 0.0000000000
147882  12.709  -69.964  -55.831 0.0000000000
12479  12.273  -70.212  -56.403 0.0000000000
13403  12.608  -69.415  -56.316 0.0000000000
14393  12.498  -68.619  -56.855 0.0000000000
14398  12.211  -67.893  -57.692 0.0000000000
15375  12.722  -66.736  -58.625 0.0000000000
15368  12.989  -67.296  -57.781 0.0000000000
16450  13.588  -66.688  -58.172 0.0000000000
16449  14.419  -66.648  -57.788 0.0000000000
144384  15.993  -65.942  -58.205 0.0000000000
16440  15.138  -66.706  -57.322 0.0000000000
16426  15.906  -66.846  -56.144 0.0000000000
15290  10.816  -68.021  -52.088 0.0000000000
17467  12.000  -65.536  -51.955 0.0000000000
130916  1.762  -64.492  -30.434 0.0000000000
123574  1.690  -65.203  -30.096 0.0000000000
140016  1.396  -65.054  -30.904 0.0000000000
123565  1.409  -66.432  -31.586 0.0000000000
123558  1.942  -67.418  -32.653 0.0000000000
132677  0.541  -68.602  -37.217 0.0000000000
14158  1.216  -68.146  -36.639 0.0000000000
123512  0.295  -69.384  -36.887 0.0000000000
144619  0.234  -70.989  -36.121 0.0000000000
11412  0.197  -71.738  -36.022 0.0000000000
11415  0.187  -71.382  -36.854 0.0000000000
10557  -0.019  -72.501  -37.930 0.0000000000
9682  0.124  -73.594  -38.105 0.0000000000
8828  -0.023  -74.559  -39.142 0.0000000000
9683  -0.193  -73.142  -38.992 0.0000000000
132717  -0.337  -73.633  -40.092 0.0000000000
9703  -0.476  -73.851  -41.551 0.0000000000
10578  1.754  -72.302  -41.830 0.0000000000
9712  1.036  -72.881  -42.534 0.0000000000
8844  2.037  -74.322  -40.724 0.0000000000
7029  2.595  -75.825  -40.877 0.0000000000
7059  2.579  -76.542  -41.902 0.0000000000
7071  2.884  -76.862  -42.816 0.0000000000
7967  3.543  -76.277  -42.254 0.0000000000
8871  4.128  -75.022  -43.693 0.0000000000
8879  3.963  -74.300  -44.511 0.0000000000
23678  5.155  -60.030  -33.559 0.0000000000
21618  3.946  -60.201  -33.928 0.0000000000
21627  3.676  -60.247  -34.718 0.0000000000
20614  3.954  -61.235  -34.959 0.0000000000
20620  4.075  -61.603  -35.856 0.0000000000
20619  4.381  -62.259  -36.536 0.0000000000
123590  6.487  -65.554  -38.330 0.0000000000
131385  5.886  -65.118  -38.596 0.0000000000
16213  6.812  -66.170  -40.136 0.0000000000
16221  6.453  -66.574  -40.684 0.0000000000
15181  6.284  -67.287  -40.860 0.0000000000
14178  5.830  -68.205  -40.600 0.0000000000
14166  6.302  -69.008  -39.802 0.0000000000
13230  6.739  -69.785  -39.052 0.0000000000
145137  7.176  -71.160  -39.412 0.0000000000
130739  6.543  -68.000  -44.341 0.0000000000
13269  6.404  -69.529  -44.204 0.0000000000
14213  5.162  -68.673  -44.375 0.0000000000
13273  4.700  -69.345  -44.359 0.0000000000
130945  4.115  -69.897  -44.430 0.0000000000
12372  3.234  -70.357  -44.579 0.0000000000
13274  3.428  -69.443  -44.606 0.0000000000
13281  2.470  -69.202  -45.215 0.0000000000
14239  1.851  -68.473  -46.674 0.0000000000
14240  1.485  -68.591  -47.168 0.0000000000
15233  1.775  -67.343  -46.602 0.0000000000
16279  0.885  -66.154  -46.130 0.0000000000
17382  0.764  -65.413  -46.478 0.0000000000
7993  19.683  -75.406  -46.638 0.0000000000
8023  19.445  -75.044  -48.360 0.0000000000
143872  18.197  -75.792  -46.984 0.0000000000
7128  17.410  -75.898  -48.273 0.0000000000
7129  17.014  -76.573  -48.797 0.0000000000
5598  16.756  -78.811  -48.308 0.0000000000
131158  16.983  -78.125  -48.848 0.0000000000
7138  16.766  -76.403  -49.608 0.0000000000
126798  16.688  -77.250  -50.088 0.0000000000
142759  16.590  -77.739  -51.239 0.0000000000
143533  16.622  -77.994  -51.947 0.0000000000
3396  0.394  -81.165  -23.153 0.0000000000
4013  0.937  -80.378  -24.576 0.0000000000
4649  1.679  -79.957  -25.022 0.0000000000
4623  0.995  -79.215  -23.601 0.0000000000
4637  1.321  -79.550  -24.304 0.0000000000
4648  2.773  -79.816  -25.242 0.0000000000
4647  3.955  -79.613  -25.525 0.0000000000
4659  4.770  -79.323  -26.417 0.0000000000
5325  5.352  -78.380  -26.302 0.0000000000
5334  5.474  -78.480  -27.492 0.0000000000
5313  5.427  -77.705  -25.993 0.0000000000
6063  5.275  -77.055  -25.633 0.0000000000
7768  4.959  -76.132  -24.797 0.0000000000
147496  4.104  -77.025  -22.978 0.0000000000
6878  4.859  -76.282  -24.175 0.0000000000
7769  4.636  -75.622  -24.379 0.0000000000
8664  4.292  -74.992  -23.850 0.0000000000
126425  3.895  -74.321  -22.927 0.0000000000
8655  3.128  -73.993  -22.536 0.0000000000
24578  16.326  -58.211  -20.436 0.0000000000
24579  15.619  -58.068  -20.330 0.0000000000
25583  14.274  -57.659  -19.802 0.0000000000
25582  15.216  -57.635  -19.901 0.0000000000
25557  15.727  -57.040  -19.625 0.0000000000
26569  15.340  -56.215  -19.646 0.0000000000
26552  17.715  -56.460  -18.887 0.0000000000
27571  16.924  -55.887  -19.147 0.0000000000
27586  15.764  -55.697  -20.016 0.0000000000
27585  16.418  -55.502  -19.875 0.0000000000
27601  16.118  -55.240  -20.752 0.0000000000
28671  16.635  -54.597  -21.266 0.0000000000
29616  18.821  -53.475  -20.940 0.0000000000
28659  20.042  -54.237  -20.290 0.0000000000
29605  19.666  -53.662  -20.715 0.0000000000
29614  20.298  -53.343  -21.093 0.0000000000
4940  0.950  -79.761  -50.621 0.0000000000
5633  0.093  -78.209  -50.900 0.0000000000
5623  -0.221  -78.116  -50.824 0.0000000000
8058  -0.051  -75.840  -51.123 0.0000000000
8070  0.264  -75.094  -51.969 0.0000000000
136236  0.215  -74.124  -50.642 0.0000000000
8930  0.420  -74.156  -51.744 0.0000000000
10709  0.811  -72.980  -52.386 0.0000000000
10708  1.390  -72.638  -52.632 0.0000000000
11549  2.839  -71.407  -52.536 0.0000000000
13344  3.568  -70.145  -52.373 0.0000000000
13343  4.383  -69.819  -51.969 0.0000000000
13359  2.689  -69.810  -53.120 0.0000000000
13381  2.867  -68.943  -53.613 0.0000000000
134105  2.272  -68.782  -53.643 0.0000000000
13345  1.274  -69.498  -52.669 0.0000000000
14316  1.744  -68.934  -53.283 0.0000000000
14315  2.080  -68.215  -53.640 0.0000000000
15302  2.117  -67.450  -53.247 0.0000000000
149804  2.912  -66.200  -53.020 0.0000000000
17491  3.205  -65.580  -52.496 0.0000000000
25692  6.111  -57.072  -29.186 0.0000000000
131457  6.162  -58.135  -29.355 0.0000000000
25691  7.106  -57.844  -29.876 0.0000000000
24688  7.443  -58.496  -30.693 0.0000000000
24700  7.143  -59.628  -31.099 0.0000000000
25698  8.328  -57.177  -31.051 0.0000000000
25702  7.778  -57.665  -31.192 0.0000000000
24701  6.879  -59.264  -31.414 0.0000000000
135626  5.966  -58.131  -31.704 0.0000000000
135764  4.635  -57.827  -31.657 0.0000000000
25706  3.569  -57.235  -31.744 0.0000000000
40786  24.235  -42.849  -24.478 0.0000000000
40793  24.075  -42.903  -25.352 0.0000000000
41760  23.522  -41.416  -25.250 0.0000000000
42655  23.313  -40.751  -24.744 0.0000000000
42656  22.928  -40.244  -25.184 0.0000000000
4991  21.586  -79.908  -55.725 0.0000000000
4382  21.963  -80.611  -55.798 0.0000000000
4997  21.906  -80.110  -57.028 0.0000000000
5005  22.507  -79.774  -57.760 0.0000000000
5014  22.907  -79.252  -58.530 0.0000000000
6475  22.999  -77.693  -58.656 0.0000000000
6474  23.479  -78.399  -59.742 0.0000000000
5712  23.831  -78.964  -60.163 0.0000000000
6485  23.960  -77.938  -59.985 0.0000000000
8189  25.006  -75.138  -61.152 0.0000000000
9918  25.415  -73.782  -61.188 0.0000000000
9030  24.548  -73.857  -61.619 0.0000000000
9920  24.430  -72.771  -61.879 0.0000000000
10783  23.552  -71.212  -62.840 0.0000000000
10771  22.879  -72.070  -62.265 0.0000000000
10784  22.453  -71.068  -63.189 0.0000000000
11640  21.926  -70.670  -63.483 0.0000000000
11630  21.700  -70.494  -63.426 0.0000000000
10762  18.840  -71.706  -61.700 0.0000000000
135066  5.519  -53.571  -24.174 0.0000000000
123638  4.412  -53.249  -24.334 0.0000000000
126366  3.662  -53.101  -24.540 0.0000000000
29657  3.050  -53.195  -24.971 0.0000000000
30551  4.035  -52.573  -25.174 0.0000000000
31530  4.830  -51.528  -26.304 0.0000000000
32496  4.188  -49.972  -25.938 0.0000000000
132512  4.795  -50.707  -26.777 0.0000000000
32559  5.470  -49.816  -28.785 0.0000000000
134943  16.924  -42.933  -28.454 0.0000000000
146569  12.453  -35.974  -26.540 0.0000000000
43537  8.954  -38.847  -25.102 0.0000000000
42663  8.532  -39.902  -25.315 0.0000000000
40815  8.148  -41.473  -26.400 0.0000000000
40816  7.939  -42.311  -26.453 0.0000000000
40838  8.389  -42.132  -27.473 0.0000000000
134553  15.374  -90.171  -42.935 0.0000000000
251  14.965  -90.005  -44.440 0.0000000000
252  13.954  -90.297  -44.495 0.0000000000
253  13.360  -90.148  -44.640 0.0000000000
261  12.964  -90.015  -45.202 0.0000000000
141321  13.283  -89.112  -43.658 0.0000000000
518  12.650  -89.138  -45.249 0.0000000000
844  12.456  -88.661  -46.100 0.0000000000
855  12.557  -87.639  -47.470 0.0000000000
870  11.953  -87.135  -48.950 0.0000000000
1185  11.577  -86.506  -49.605 0.0000000000
1521  11.004  -85.655  -44.784 0.0000000000
128059  10.436  -86.173  -45.112 0.0000000000
1155  9.799  -86.939  -45.340 0.0000000000
837  9.070  -87.776  -45.776 0.0000000000
512  9.587  -88.518  -44.487 0.0000000000
519  9.154  -88.715  -45.169 0.0000000000
529  8.080  -89.047  -46.618 0.0000000000
280  6.912  -89.867  -47.192 0.0000000000
1394  1.801  -85.705  -32.012 0.0000000000
138928  1.760  -86.547  -31.784 0.0000000000
1053  1.960  -86.505  -32.620 0.0000000000
138795  2.222  -86.696  -33.428 0.0000000000
746  2.405  -87.740  -34.599 0.0000000000
1068  4.209  -86.772  -34.913 0.0000000000
745  3.457  -87.395  -35.305 0.0000000000
435  2.469  -88.544  -34.538 0.0000000000
186  2.767  -89.310  -36.117 0.0000000000
66  2.962  -89.828  -36.790 0.0000000000
69  2.858  -90.347  -38.402 0.0000000000
30  2.851  -90.718  -39.315 0.0000000000
71  2.433  -90.354  -39.235 0.0000000000
204  2.001  -89.691  -39.666 0.0000000000
14949  5.785  -67.073  -19.300 0.0000000000
17042  5.420  -65.721  -18.798 0.0000000000
15953  5.060  -66.508  -18.818 0.0000000000
136573  4.318  -67.186  -18.421 0.0000000000
14938  3.827  -67.773  -17.880 0.0000000000
14916  2.978  -67.497  -16.618 0.0000000000
14903  2.114  -67.853  -15.957 0.0000000000
143514  1.477  -68.188  -15.817 0.0000000000
14917  1.732  -67.170  -16.181 0.0000000000
14918  0.842  -67.054  -16.350 0.0000000000
15934  0.630  -66.356  -16.858 0.0000000000
18153  1.270  -64.211  -16.748 0.0000000000
17024  0.663  -64.752  -16.933 0.0000000000
17045  0.496  -65.801  -17.424 0.0000000000
17060  0.426  -65.526  -18.709 0.0000000000
18195  0.494  -64.742  -19.547 0.0000000000
125867  0.849  -64.541  -20.674 0.0000000000
35616  19.697  -46.993  -21.366 0.0000000000
35625  20.983  -47.323  -22.271 0.0000000000
35613  23.858  -47.418  -21.508 0.0000000000
35612  24.796  -47.269  -21.784 0.0000000000
36621  25.088  -46.614  -21.876 0.0000000000
36634  25.355  -46.460  -22.552 0.0000000000
37610  24.785  -46.042  -21.373 0.0000000000
37604  24.588  -45.415  -20.894 0.0000000000
38626  24.383  -44.714  -20.459 0.0000000000
38615  23.609  -44.570  -19.400 0.0000000000
39623  23.419  -43.703  -19.364 0.0000000000
40739  21.690  -42.540  -18.015 0.0000000000
726  20.786  -87.417  -32.478 0.0000000000
731  19.837  -87.455  -33.594 0.0000000000
738  19.469  -87.611  -34.436 0.0000000000
436  19.358  -87.837  -35.117 0.0000000000
433  17.014  -88.573  -35.263 0.0000000000
437  18.302  -88.328  -35.341 0.0000000000
755  19.882  -87.474  -35.928 0.0000000000
763  19.699  -87.575  -36.820 0.0000000000
762  20.385  -87.276  -37.655 0.0000000000
459  20.272  -87.537  -38.552 0.0000000000
147471  20.851  -87.489  -39.088 0.0000000000
460  19.379  -87.993  -38.730 0.0000000000
470  18.206  -88.832  -39.751 0.0000000000
206  16.491  -89.718  -38.867 0.0000000000
213  16.464  -90.042  -40.319 0.0000000000
212  17.334  -89.621  -40.803 0.0000000000
127779  16.291  -90.123  -41.820 0.0000000000
235  16.442  -89.871  -42.462 0.0000000000
1214  13.170  -87.014  -52.374 0.0000000000
148034  14.496  -85.699  -51.772 0.0000000000
1591  13.031  -86.051  -52.883 0.0000000000
12499  9.207  -70.140  -61.074 0.0000000000
7173  4.861  -76.176  -51.912 0.0000000000
7190  5.397  -76.615  -52.611 0.0000000000
8078  5.635  -75.997  -52.061 0.0000000000
8945  6.344  -74.821  -52.366 0.0000000000
141393  7.838  -73.497  -51.972 0.0000000000
9839  7.160  -73.567  -52.578 0.0000000000
137296  6.568  -73.478  -54.035 0.0000000000
9860  7.120  -72.998  -54.367 0.0000000000
9859  8.083  -72.880  -54.589 0.0000000000
9858  9.126  -72.809  -54.876 0.0000000000
142485  11.316  -72.719  -55.141 0.0000000000
11574  12.323  -71.528  -55.325 0.0000000000
10714  12.410  -72.681  -53.240 0.0000000000
11565  12.568  -71.865  -54.475 0.0000000000
12472  12.839  -70.981  -54.814 0.0000000000
12476  13.023  -70.139  -55.202 0.0000000000
13400  13.626  -69.534  -55.031 0.0000000000
14366  14.217  -68.906  -54.865 0.0000000000
14365  14.767  -68.381  -54.540 0.0000000000
14338  14.974  -68.577  -53.719 0.0000000000
13372  15.192  -68.862  -52.955 0.0000000000
14313  15.873  -68.757  -52.195 0.0000000000
12441  15.423  -70.263  -50.928 0.0000000000
13325  16.312  -68.936  -51.126 0.0000000000
14290  16.547  -68.172  -51.623 0.0000000000
15270  16.365  -67.266  -50.253 0.0000000000
13174  0.251  -69.925  -30.237 0.0000000000
18381  1.468  -64.672  -34.371 0.0000000000
126716  1.840  -65.448  -34.127 0.0000000000
17247  2.475  -65.822  -35.632 0.0000000000
16166  2.674  -66.405  -36.206 0.0000000000
16167  2.353  -66.903  -36.755 0.0000000000
16199  1.161  -66.249  -38.217 0.0000000000
15154  1.127  -67.047  -37.811 0.0000000000
15147  0.683  -67.544  -38.205 0.0000000000
145181  0.446  -68.381  -38.291 0.0000000000
136325  -0.145  -69.321  -40.259 0.0000000000
123523  -0.600  -69.967  -40.345 0.0000000000
123521  -0.507  -70.640  -41.021 0.0000000000
123530  -1.359  -69.985  -41.335 0.0000000000
123537  -1.024  -69.870  -42.281 0.0000000000
130774  0.524  -70.677  -42.339 0.0000000000
123559  0.224  -69.251  -42.399 0.0000000000
12357  0.280  -69.886  -42.485 0.0000000000
11441  1.362  -71.023  -42.150 0.0000000000
11430  1.783  -71.602  -41.933 0.0000000000
10577  2.415  -72.637  -40.403 0.0000000000
9693  3.660  -73.754  -39.595 0.0000000000
13235  9.586  -69.069  -41.015 0.0000000000
13236  8.946  -69.529  -40.456 0.0000000000
15214  5.916  -67.097  -44.328 0.0000000000
3652  26.933  -82.316  -48.685 0.0000000000
138834  26.366  -82.248  -49.453 0.0000000000
3665  25.705  -81.499  -50.046 0.0000000000
4317  25.245  -80.791  -50.833 0.0000000000
4325  24.683  -80.971  -51.770 0.0000000000
130493  24.456  -78.068  -51.557 0.0000000000
5626  24.586  -79.066  -51.739 0.0000000000
4952  24.354  -80.029  -52.151 0.0000000000
138190  23.591  -80.411  -52.803 0.0000000000
4954  22.504  -79.749  -53.475 0.0000000000
4966  22.058  -79.867  -54.003 0.0000000000
126049  20.290  -75.336  -49.176 0.0000000000
126729  19.666  -75.562  -49.888 0.0000000000
7166  20.456  -76.775  -51.219 0.0000000000
8063  18.462  -74.945  -51.073 0.0000000000
7167  19.779  -76.394  -51.336 0.0000000000
6380  20.912  -77.359  -51.738 0.0000000000
5638  21.529  -78.500  -53.062 0.0000000000
5647  21.421  -79.063  -54.018 0.0000000000
4977  21.705  -79.964  -54.744 0.0000000000
144683  20.777  -78.562  -55.359 0.0000000000
5678  20.361  -78.368  -56.155 0.0000000000
5688  20.013  -78.132  -56.839 0.0000000000
7212  18.996  -76.698  -54.653 0.0000000000
149306  19.393  -77.164  -56.212 0.0000000000
7237  19.725  -77.215  -56.744 0.0000000000
8111  19.847  -76.054  -56.999 0.0000000000
8126  19.732  -75.514  -57.362 0.0000000000
8984  19.454  -75.282  -57.725 0.0000000000
43573  17.288  -39.214  -28.448 0.0000000000
149063  15.587  -38.546  -28.259 0.0000000000
148959  16.785  -37.207  -28.672 0.0000000000
44488  15.853  -37.962  -28.341 0.0000000000
46496  15.974  -35.716  -29.668 0.0000000000
46488  15.486  -36.131  -28.865 0.0000000000
146962  11.684  -34.663  -27.456 0.0000000000
47527  12.628  -34.772  -28.706 0.0000000000
46498  12.182  -35.241  -28.042 0.0000000000
45463  12.523  -36.438  -28.554 0.0000000000
45462  13.099  -37.044  -29.332 0.0000000000
44509  13.863  -37.785  -29.949 0.0000000000
1107  15.370  -86.564  -40.382 0.0000000000
1116  16.047  -85.834  -40.855 0.0000000000
1478  16.233  -85.179  -41.442 0.0000000000
1492  15.991  -84.801  -42.180 0.0000000000
146892  16.072  -84.031  -42.166 0.0000000000
2524  14.855  -83.427  -43.574 0.0000000000
2525  14.198  -83.193  -43.576 0.0000000000
2526  13.015  -83.304  -44.318 0.0000000000
1986  12.368  -83.782  -43.810 0.0000000000
131325  14.478  -82.156  -40.179 0.0000000000
3017  14.846  -82.242  -40.824 0.0000000000
2501  13.617  -83.050  -41.953 0.0000000000
1974  12.389  -83.872  -42.859 0.0000000000
1987  11.851  -84.485  -43.211 0.0000000000
130056  11.606  -85.284  -42.789 0.0000000000
1494  11.431  -86.075  -42.296 0.0000000000
144962  11.112  -86.767  -42.157 0.0000000000
1466  11.769  -85.776  -40.417 0.0000000000
127562  11.350  -86.340  -40.855 0.0000000000
802  10.910  -87.206  -41.562 0.0000000000
134359  10.648  -87.965  -40.975 0.0000000000
477  10.459  -88.756  -40.305 0.0000000000
143590  10.307  -89.545  -39.517 0.0000000000
1012  3.998  -87.220  -26.830 0.0000000000
1340  2.754  -86.079  -26.080 0.0000000000
141645  2.927  -86.547  -26.769 0.0000000000
1013  2.605  -86.748  -27.478 0.0000000000
1018  2.346  -86.857  -28.269 0.0000000000
1019  1.846  -86.101  -28.783 0.0000000000
1037  1.461  -85.579  -30.582 0.0000000000
2852  0.827  -82.152  -25.267 0.0000000000
2864  1.210  -82.345  -26.660 0.0000000000
2875  1.294  -82.805  -27.301 0.0000000000
3431  2.268  -81.535  -27.586 0.0000000000
2891  1.444  -82.817  -28.062 0.0000000000
2349  1.461  -83.534  -28.735 0.0000000000
2369  1.456  -83.970  -29.634 0.0000000000
1369  1.336  -84.827  -29.989 0.0000000000
1376  1.492  -84.839  -30.872 0.0000000000
1840  1.957  -84.874  -31.630 0.0000000000
128649  3.009  -84.298  -31.774 0.0000000000
1849  3.957  -84.832  -32.374 0.0000000000
2381  4.523  -83.142  -31.250 0.0000000000
2394  4.890  -83.537  -31.920 0.0000000000
1858  4.986  -84.788  -33.420 0.0000000000
1871  5.112  -84.420  -33.909 0.0000000000
2430  4.479  -83.477  -34.193 0.0000000000
2432  2.736  -83.569  -34.348 0.0000000000
2433  1.549  -83.718  -34.379 0.0000000000
2420  2.998  -83.050  -33.844 0.0000000000
2955  2.216  -82.687  -33.290 0.0000000000
6083  5.380  -78.298  -27.878 0.0000000000
128519  4.547  -78.369  -28.610 0.0000000000
129876  3.251  -78.497  -28.517 0.0000000000
6897  3.461  -76.690  -26.204 0.0000000000
139135  6.554  -60.879  -19.608 0.0000000000
22515  5.909  -60.081  -19.340 0.0000000000
22505  5.011  -60.248  -18.816 0.0000000000
23524  5.057  -58.843  -18.773 0.0000000000
129546  5.458  -57.916  -18.780 0.0000000000
24585  7.983  -57.180  -19.373 0.0000000000
24569  5.920  -57.187  -18.677 0.0000000000
24570  5.008  -57.008  -18.776 0.0000000000
25591  5.074  -56.289  -19.926 0.0000000000
25605  6.053  -55.909  -20.591 0.0000000000
25560  12.730  -56.959  -19.443 0.0000000000
26574  9.711  -55.702  -19.092 0.0000000000
140500  11.846  -55.070  -20.182 0.0000000000
27591  10.309  -55.401  -19.543 0.0000000000
133362  9.032  -55.596  -19.132 0.0000000000
26586  7.849  -55.428  -20.271 0.0000000000
28693  16.760  -54.660  -22.211 0.0000000000
145708  18.508  -54.412  -22.481 0.0000000000
132498  18.026  -54.741  -22.800 0.0000000000
1072  16.765  -86.554  -35.473 0.0000000000
1087  16.182  -85.949  -37.431 0.0000000000
1095  16.012  -85.962  -38.243 0.0000000000
146626  2.753  -77.067  -53.226 0.0000000000
6387  -0.890  -78.149  -51.398 0.0000000000
6402  -0.850  -77.284  -52.544 0.0000000000
7207  0.363  -76.369  -53.506 0.0000000000
144051  1.841  -74.587  -53.479 0.0000000000
8956  1.340  -75.052  -53.674 0.0000000000
7206  0.903  -76.229  -53.799 0.0000000000
137293  1.841  -76.087  -53.660 0.0000000000
7193  2.608  -76.349  -53.192 0.0000000000
7174  4.097  -76.171  -51.895 0.0000000000
8068  4.335  -75.634  -51.420 0.0000000000
8927  5.573  -74.543  -50.302 0.0000000000
9803  6.673  -73.776  -49.945 0.0000000000
9789  5.641  -73.260  -49.609 0.0000000000
9788  6.492  -73.276  -49.643 0.0000000000
9787  7.844  -72.929  -49.665 0.0000000000
9786  8.585  -72.770  -49.762 0.0000000000
143887  10.135  -71.907  -49.770 0.0000000000
140615  10.815  -71.746  -50.000 0.0000000000
12427  12.008  -70.810  -50.082 0.0000000000
12443  10.442  -70.520  -50.468 0.0000000000
13337  10.828  -69.762  -51.208 0.0000000000
13353  10.340  -69.387  -51.896 0.0000000000
12445  8.663  -70.249  -51.345 0.0000000000
148336  9.758  -69.606  -52.129 0.0000000000
14292  10.435  -68.789  -52.155 0.0000000000
139674  10.051  -68.328  -52.534 0.0000000000
16376  10.170  -66.873  -52.988 0.0000000000
16393  9.383  -66.557  -53.685 0.0000000000
13357  4.547  -69.293  -52.734 0.0000000000
13378  5.975  -69.177  -53.529 0.0000000000
13377  6.985  -69.268  -53.555 0.0000000000
14368  5.730  -68.081  -54.708 0.0000000000
14367  6.623  -67.865  -54.695 0.0000000000
15313  7.472  -67.821  -54.333 0.0000000000
15312  8.212  -67.555  -53.919 0.0000000000
16407  8.814  -65.884  -54.679 0.0000000000
17516  8.956  -64.917  -55.073 0.0000000000
18665  8.519  -63.982  -54.952 0.0000000000
19770  8.170  -63.294  -54.364 0.0000000000
18643  7.673  -63.204  -52.856 0.0000000000
123596  0.544  -61.517  -25.976 0.0000000000
123588  0.994  -63.330  -26.635 0.0000000000
123597  1.287  -61.750  -26.709 0.0000000000
123589  1.935  -63.265  -27.286 0.0000000000
138945  2.332  -63.476  -27.963 0.0000000000
20528  3.156  -62.144  -27.729 0.0000000000
20545  2.844  -63.070  -28.546 0.0000000000
19484  2.462  -63.687  -29.030 0.0000000000
19485  2.228  -64.002  -30.030 0.0000000000
143233  1.734  -63.893  -30.757 0.0000000000
18341  1.213  -64.196  -31.992 0.0000000000
23644  5.829  -59.976  -29.994 0.0000000000
22636  4.697  -61.043  -29.939 0.0000000000
21585  4.134  -61.524  -30.230 0.0000000000
22642  3.529  -60.866  -30.719 0.0000000000
132416  3.371  -61.692  -30.509 0.0000000000
21587  2.834  -62.072  -30.596 0.0000000000
20588  1.753  -62.147  -31.260 0.0000000000
19517  1.185  -63.397  -32.207 0.0000000000
18364  1.233  -64.146  -33.577 0.0000000000
18398  1.471  -64.317  -35.364 0.0000000000
20621  0.884  -62.345  -35.473 0.0000000000
135484  0.943  -62.695  -36.183 0.0000000000
18418  1.217  -64.015  -37.414 0.0000000000
126380  1.028  -63.531  -38.597 0.0000000000
126933  1.330  -63.617  -39.541 0.0000000000
19586  1.601  -63.011  -40.102 0.0000000000
136580  23.582  -43.167  -26.070 0.0000000000
39671  22.170  -43.064  -26.920 0.0000000000
39678  21.472  -43.391  -27.316 0.0000000000
39679  20.003  -43.292  -27.674 0.0000000000
134907  19.412  -42.799  -27.640 0.0000000000
40809  18.846  -42.273  -27.675 0.0000000000
41781  19.023  -41.429  -27.594 0.0000000000
138397  19.813  -41.302  -27.334 0.0000000000
125362  18.557  -40.888  -27.837 0.0000000000
42675  18.448  -40.142  -28.106 0.0000000000
44469  20.441  -38.780  -27.532 0.0000000000
132680  19.605  -39.002  -27.855 0.0000000000
44471  18.978  -38.702  -28.215 0.0000000000
3743  22.709  -81.134  -55.721 0.0000000000
10770  25.454  -72.186  -61.430 0.0000000000
11617  25.105  -71.144  -61.568 0.0000000000
11605  24.663  -71.084  -60.659 0.0000000000
12495  23.183  -70.005  -61.180 0.0000000000
11607  23.583  -70.360  -60.474 0.0000000000
124915  18.664  -71.654  -56.847 0.0000000000
13405  16.838  -68.742  -57.897 0.0000000000
15380  17.473  -67.370  -61.609 0.0000000000
125971  0.512  -80.810  -20.968 0.0000000000
4593  0.875  -79.847  -19.863 0.0000000000
4585  1.170  -78.857  -19.023 0.0000000000
5249  1.263  -78.388  -18.287 0.0000000000
4314  -0.714  -80.848  -49.997 0.0000000000
123981  -1.459  -81.735  -46.410 0.0000000000
4287  -1.647  -80.988  -48.353 0.0000000000
4303  -1.089  -80.518  -48.893 0.0000000000
4313  0.366  -80.442  -49.996 0.0000000000
4939  1.249  -79.129  -50.454 0.0000000000
5621  1.319  -78.461  -50.293 0.0000000000
6359  1.382  -77.738  -49.967 0.0000000000
5602  1.995  -78.452  -49.008 0.0000000000
6358  2.055  -77.706  -49.434 0.0000000000
7142  -0.076  -76.866  -49.042 0.0000000000
8028  0.071  -75.751  -48.317 0.0000000000
8011  0.035  -75.027  -47.873 0.0000000000
8913  0.131  -74.234  -47.604 0.0000000000
30615  11.516  -52.051  -31.754 0.0000000000
144269  11.360  -52.619  -32.090 0.0000000000
30633  11.266  -51.995  -32.268 0.0000000000
30634  10.372  -51.941  -32.862 0.0000000000
124472  0.724  -63.151  -23.924 0.0000000000
20472  0.673  -62.161  -23.995 0.0000000000
136492  1.897  -57.679  -22.816 0.0000000000
23588  1.793  -59.285  -23.060 0.0000000000
22602  0.507  -60.589  -24.162 0.0000000000
123600  0.536  -60.868  -25.458 0.0000000000
123606  1.080  -59.840  -26.610 0.0000000000
23625  2.096  -59.577  -27.225 0.0000000000
123611  1.390  -58.028  -26.628 0.0000000000
133176  2.151  -57.902  -27.390 0.0000000000
24663  2.969  -58.369  -27.717 0.0000000000
25683  3.783  -58.033  -28.038 0.0000000000
25682  4.527  -57.712  -28.411 0.0000000000
29667  3.512  -53.610  -26.297 0.0000000000
134664  3.294  -54.438  -26.986 0.0000000000
27704  3.443  -54.931  -27.721 0.0000000000
29695  4.639  -53.128  -27.887 0.0000000000
137768  4.290  -54.031  -27.785 0.0000000000
27703  4.047  -54.921  -28.151 0.0000000000
26680  4.224  -55.809  -28.405 0.0000000000
26679  5.172  -56.349  -28.662 0.0000000000
125863  7.239  -56.198  -29.515 0.0000000000
29700  7.535  -53.376  -29.630 0.0000000000
29699  8.202  -54.142  -29.709 0.0000000000
132017  9.442  -53.977  -30.326 0.0000000000
138674  10.709  -52.025  -30.594 0.0000000000
43574  16.648  -39.786  -28.439 0.0000000000
128040  15.744  -40.086  -28.338 0.0000000000
42700  14.888  -41.002  -28.122 0.0000000000
148599  14.576  -39.825  -27.705 0.0000000000
42677  14.342  -40.410  -27.737 0.0000000000
41807  14.028  -42.004  -28.066 0.0000000000
40835  13.513  -42.765  -28.063 0.0000000000
39683  12.122  -43.452  -27.322 0.0000000000
41786  12.001  -41.609  -26.930 0.0000000000
149518  12.130  -44.007  -27.206 0.0000000000
38687  12.103  -44.314  -26.767 0.0000000000
38669  11.334  -45.184  -25.575 0.0000000000
37649  10.413  -45.826  -25.578 0.0000000000
36654  9.657  -47.231  -24.490 0.0000000000
134915  9.168  -47.392  -24.882 0.0000000000
34583  8.294  -47.401  -25.374 0.0000000000
34566  7.427  -47.716  -25.580 0.0000000000
35662  6.809  -47.366  -25.894 0.0000000000
35663  5.923  -47.662  -25.946 0.0000000000
36650  6.457  -46.986  -26.206 0.0000000000
35684  5.812  -47.507  -26.240 0.0000000000
35702  5.532  -47.928  -27.401 0.0000000000
35711  6.139  -47.889  -28.443 0.0000000000
34633  6.305  -48.531  -29.293 0.0000000000
39705  8.151  -42.970  -27.396 0.0000000000
37684  8.184  -45.172  -28.110 0.0000000000
36678  7.982  -46.032  -28.322 0.0000000000
36688  7.642  -46.844  -28.765 0.0000000000
133846  7.413  -47.614  -29.288 0.0000000000
126894  6.517  -49.076  -29.929 0.0000000000
33557  7.189  -49.444  -30.330 0.0000000000
33572  8.120  -49.599  -30.393 0.0000000000
32573  8.320  -50.538  -30.229 0.0000000000
34630  10.112  -48.437  -29.595 0.0000000000
32572  9.775  -50.593  -29.874 0.0000000000
31580  10.501  -51.284  -30.265 0.0000000000
31578  11.452  -51.416  -31.259 0.0000000000
141779  11.527  -50.731  -31.198 0.0000000000
32583  11.519  -50.144  -31.502 0.0000000000
35749  11.669  -47.746  -30.950 0.0000000000
2576  17.600  -83.774  -48.371 0.0000000000
2036  18.255  -83.916  -49.258 0.0000000000
142644  18.414  -84.462  -48.797 0.0000000000
1562  19.096  -85.655  -49.507 0.0000000000
1192  18.307  -86.192  -49.962 0.0000000000
858  17.611  -86.837  -48.174 0.0000000000
1182  18.070  -86.443  -49.318 0.0000000000
1193  17.477  -86.304  -50.418 0.0000000000
1195  16.392  -86.353  -50.860 0.0000000000
1205  15.276  -86.661  -51.148 0.0000000000
1206  14.464  -86.845  -51.510 0.0000000000
517  15.189  -89.251  -45.788 0.0000000000
534  14.443  -89.237  -47.488 0.0000000000
286  14.145  -89.084  -48.389 0.0000000000
287  13.207  -89.562  -48.272 0.0000000000
293  13.637  -89.168  -49.050 0.0000000000
134524  14.339  -88.591  -49.242 0.0000000000
550  14.115  -88.549  -49.943 0.0000000000
880  14.154  -88.123  -50.825 0.0000000000
149711  13.172  -87.642  -51.927 0.0000000000
575  12.373  -88.144  -52.283 0.0000000000
314  10.319  -89.476  -51.824 0.0000000000
1137  15.106  -86.391  -42.888 0.0000000000
1138  14.714  -86.515  -43.540 0.0000000000
1539  14.332  -85.078  -45.943 0.0000000000
2006  14.273  -84.238  -45.717 0.0000000000
136215  14.084  -84.647  -46.486 0.0000000000
1540  13.816  -85.372  -47.195 0.0000000000
1555  13.127  -85.535  -48.558 0.0000000000
1563  11.768  -85.564  -49.569 0.0000000000
1196  11.042  -86.054  -50.157 0.0000000000
1534  10.798  -85.379  -45.640 0.0000000000
1541  10.408  -85.268  -46.512 0.0000000000
1548  10.185  -85.018  -47.433 0.0000000000
127670  8.343  -86.521  -47.853 0.0000000000
1550  8.826  -85.743  -48.261 0.0000000000
1558  9.524  -85.241  -48.913 0.0000000000
149456  9.829  -85.231  -49.533 0.0000000000
1573  9.306  -85.807  -50.493 0.0000000000
126749  9.558  -86.404  -50.680 0.0000000000
1198  8.724  -86.427  -51.029 0.0000000000
1433  11.967  -85.881  -37.011 0.0000000000
144175  11.650  -86.359  -37.455 0.0000000000
137204  11.711  -87.843  -35.513 0.0000000000
758  11.571  -87.500  -36.396 0.0000000000
765  11.304  -87.145  -37.449 0.0000000000
464  10.860  -88.161  -37.918 0.0000000000
202  10.299  -89.769  -38.568 0.0000000000
141247  10.081  -90.338  -39.100 0.0000000000
705  4.889  -88.127  -28.218 0.0000000000
715  5.688  -87.769  -28.909 0.0000000000
153  8.055  -88.356  -32.081 0.0000000000
425  2.776  -88.207  -32.009 0.0000000000
419  3.453  -88.673  -31.406 0.0000000000
157  4.582  -89.027  -31.343 0.0000000000
174  4.104  -89.931  -33.264 0.0000000000
173  4.932  -89.407  -33.048 0.0000000000
164  5.641  -89.004  -32.214 0.0000000000
163  6.691  -88.709  -32.365 0.0000000000
162  7.592  -88.536  -32.396 0.0000000000
161  8.450  -88.607  -32.988 0.0000000000
170  8.942  -89.205  -33.972 0.0000000000
42  9.516  -89.421  -34.600 0.0000000000
58  9.568  -90.199  -35.612 0.0000000000
5  7.607  -90.999  -35.793 0.0000000000
11  9.200  -91.015  -36.359 0.0000000000
10  9.760  -90.734  -36.671 0.0000000000
17  9.867  -90.833  -37.511 0.0000000000
24  9.728  -90.746  -38.461 0.0000000000
143266  9.596  -90.631  -39.585 0.0000000000
84  8.952  -90.762  -40.728 0.0000000000
85  8.405  -90.213  -40.304 0.0000000000
478  7.376  -88.884  -40.519 0.0000000000
210  6.363  -89.880  -39.522 0.0000000000
218  6.978  -89.105  -39.883 0.0000000000
488  7.069  -88.157  -40.926 0.0000000000
80  2.535  -90.607  -39.929 0.0000000000
126607  1.294  -77.848  -16.735 0.0000000000
126006  1.291  -77.214  -17.553 0.0000000000
137086  1.288  -76.126  -16.517 0.0000000000
6812  1.391  -76.597  -18.526 0.0000000000
138315  1.461  -75.802  -18.130 0.0000000000
7711  1.723  -75.607  -19.024 0.0000000000
7710  2.447  -74.889  -19.645 0.0000000000
144438  1.657  -73.714  -17.821 0.0000000000
8606  2.025  -74.041  -18.513 0.0000000000
8631  2.987  -74.228  -20.294 0.0000000000
9480  3.216  -73.763  -20.979 0.0000000000
9492  2.517  -73.562  -21.157 0.0000000000
9503  1.346  -73.637  -21.666 0.0000000000
13018  0.737  -69.082  -16.700 0.0000000000
13028  0.898  -69.428  -17.858 0.0000000000
12132  1.116  -70.266  -18.282 0.0000000000
13982  0.730  -68.884  -19.339 0.0000000000
13035  0.950  -69.656  -18.879 0.0000000000
11253  1.155  -71.541  -19.466 0.0000000000
11269  0.782  -71.585  -20.357 0.0000000000
10389  0.922  -72.518  -20.551 0.0000000000
9494  0.718  -73.311  -21.715 0.0000000000
10422  0.556  -73.166  -23.231 0.0000000000
22506  3.938  -59.938  -18.330 0.0000000000
22508  1.951  -59.624  -18.003 0.0000000000
134446  0.799  -60.448  -18.115 0.0000000000
23538  1.942  -58.965  -19.288 0.0000000000
142808  1.050  -59.960  -18.723 0.0000000000
21459  0.787  -60.939  -18.751 0.0000000000
20402  0.969  -62.054  -19.445 0.0000000000
124194  23.421  -53.550  -20.851 0.0000000000
30500  24.224  -53.022  -20.544 0.0000000000
29625  23.667  -53.450  -22.625 0.0000000000
29645  22.696  -54.089  -24.319 0.0000000000
33400  23.244  -49.828  -18.847 0.0000000000
34474  21.285  -48.228  -18.749 0.0000000000
33430  23.830  -49.645  -20.560 0.0000000000
32455  22.876  -50.520  -22.707 0.0000000000
31491  23.032  -52.026  -23.733 0.0000000000
30532  22.457  -52.845  -24.996 0.0000000000
31497  22.764  -51.345  -24.947 0.0000000000
33480  25.243  -49.865  -24.210 0.0000000000
37621  25.026  -45.805  -22.163 0.0000000000
37633  25.059  -45.651  -23.086 0.0000000000
143432  24.704  -44.852  -23.179 0.0000000000
39640  24.408  -44.125  -21.601 0.0000000000
127719  24.549  -44.301  -22.759 0.0000000000
37634  24.702  -45.044  -23.941 0.0000000000
39665  24.348  -43.583  -24.846 0.0000000000
40773  24.191  -42.876  -23.708 0.0000000000
41739  23.325  -41.796  -22.811 0.0000000000
149050  23.042  -41.712  -22.227 0.0000000000
41686  20.399  -41.984  -17.561 0.0000000000
1062  22.060  -86.647  -33.564 0.0000000000
1413  22.583  -85.752  -34.175 0.0000000000
1864  24.003  -84.868  -34.259 0.0000000000
1421  21.881  -85.614  -35.500 0.0000000000
1883  23.430  -84.348  -35.348 0.0000000000
140228  24.665  -84.635  -35.121 0.0000000000
1980  22.245  -84.780  -43.993 0.0000000000
1981  21.531  -84.281  -43.342 0.0000000000
782  20.847  -87.582  -39.686 0.0000000000
788  21.672  -87.430  -39.967 0.0000000000
1113  21.431  -86.804  -41.197 0.0000000000
138524  19.177  -88.215  -41.739 0.0000000000
1114  20.650  -87.145  -41.034 0.0000000000
1476  21.134  -85.980  -41.610 0.0000000000
147861  20.914  -85.324  -41.967 0.0000000000
1982  20.474  -84.161  -42.892 0.0000000000
2519  20.994  -83.705  -43.554 0.0000000000
2521  19.758  -83.320  -43.607 0.0000000000
2522  19.151  -83.662  -43.685 0.0000000000
1994  18.044  -83.839  -44.757 0.0000000000
1519  18.437  -85.527  -44.690 0.0000000000
2004  18.078  -84.762  -45.122 0.0000000000
2005  17.652  -83.982  -45.530 0.0000000000
2013  17.607  -84.348  -46.530 0.0000000000
2568  17.559  -84.118  -47.473 0.0000000000
2559  17.102  -83.249  -47.549 0.0000000000
3651  27.253  -82.090  -48.031 0.0000000000
4291  26.584  -80.379  -48.773 0.0000000000
8038  22.497  -75.593  -49.387 0.0000000000
8021  21.264  -74.981  -47.788 0.0000000000
7096  20.402  -76.332  -46.037 0.0000000000
7992  20.500  -75.647  -46.495 0.0000000000
7085  19.093  -76.532  -45.563 0.0000000000
6306  18.272  -76.611  -45.860 0.0000000000
5561  17.642  -78.174  -45.478 0.0000000000
4865  18.130  -79.481  -44.690 0.0000000000
149589  17.611  -79.310  -45.026 0.0000000000
4265  16.873  -79.997  -46.098 0.0000000000
4266  16.627  -80.784  -46.723 0.0000000000
2589  18.276  -83.319  -49.804 0.0000000000
3107  17.739  -82.508  -49.626 0.0000000000
3119  18.140  -81.836  -50.348 0.0000000000
2610  19.293  -83.625  -51.702 0.0000000000
3118  19.063  -82.367  -51.007 0.0000000000
3679  18.319  -80.801  -50.798 0.0000000000
4326  18.447  -80.203  -51.679 0.0000000000
137388  18.001  -79.574  -52.038 0.0000000000
4957  16.905  -78.650  -52.703 0.0000000000
2052  15.352  -84.476  -51.878 0.0000000000
3153  18.054  -82.326  -53.774 0.0000000000
132387  18.663  -80.634  -53.559 0.0000000000
4956  17.655  -79.418  -52.777 0.0000000000
5640  16.370  -77.883  -52.715 0.0000000000
6409  15.891  -77.329  -53.216 0.0000000000
140630  15.514  -76.424  -54.087 0.0000000000
8096  15.627  -75.952  -54.586 0.0000000000
128042  15.545  -77.454  -54.852 0.0000000000
7214  15.368  -76.740  -54.704 0.0000000000
8104  16.108  -75.458  -54.890 0.0000000000
141765  17.578  -75.279  -56.506 0.0000000000
8985  18.650  -75.296  -57.441 0.0000000000
133193  18.869  -75.211  -58.358 0.0000000000
8142  18.451  -75.154  -59.071 0.0000000000
8157  19.501  -75.338  -59.684 0.0000000000
9014  19.663  -75.022  -60.848 0.0000000000
9910  19.585  -73.613  -63.032 0.0000000000
9039  18.297  -73.347  -63.237 0.0000000000
10763  18.049  -72.354  -61.159 0.0000000000
124252  17.718  -72.390  -59.923 0.0000000000
9891  16.300  -72.849  -58.919 0.0000000000
10765  16.975  -72.714  -59.706 0.0000000000
10753  17.167  -72.485  -58.753 0.0000000000
10744  16.387  -72.311  -57.887 0.0000000000
12485  15.095  -70.748  -58.230 0.0000000000
12486  14.938  -70.205  -58.841 0.0000000000
13418  14.501  -69.524  -60.880 0.0000000000
13415  14.946  -69.553  -59.695 0.0000000000
127937  15.395  -68.996  -59.726 0.0000000000
14408  15.825  -68.460  -60.721 0.0000000000
14411  16.532  -67.677  -62.251 0.0000000000
15386  17.242  -67.047  -62.560 0.0000000000
6400  5.096  -77.212  -53.062 0.0000000000
6416  5.000  -77.777  -53.811 0.0000000000
13416  8.342  -68.661  -59.756 0.0000000000
12480  11.610  -70.108  -57.171 0.0000000000
12483  10.657  -70.039  -57.724 0.0000000000
12484  9.713  -69.935  -58.141 0.0000000000
13412  8.736  -68.839  -58.789 0.0000000000
14410  9.385  -68.038  -59.341 0.0000000000
15390  10.976  -67.427  -59.956 0.0000000000
15389  12.167  -67.287  -60.363 0.0000000000
15388  13.262  -67.301  -61.391 0.0000000000
16456  12.684  -66.499  -59.248 0.0000000000
16465  13.727  -66.639  -60.873 0.0000000000
15387  14.178  -67.082  -62.259 0.0000000000
16469  15.113  -66.845  -62.842 0.0000000000
16468  15.992  -66.566  -63.015 0.0000000000
15391  17.231  -66.695  -62.582 0.0000000000
17547  16.579  -65.491  -58.592 0.0000000000
15331  15.788  -67.519  -54.683 0.0000000000
15330  16.762  -67.284  -54.443 0.0000000000
137003  12.207  -70.118  -50.144 0.0000000000
14260  13.175  -68.958  -49.661 0.0000000000
149403  13.379  -68.319  -49.667 0.0000000000
15274  12.285  -67.930  -51.001 0.0000000000
15273  12.935  -67.316  -50.430 0.0000000000
16322  14.201  -66.979  -49.684 0.0000000000
130941  1.328  -64.754  -26.962 0.0000000000
130813  1.247  -65.477  -27.183 0.0000000000
127221  1.212  -66.088  -27.711 0.0000000000
123568  1.416  -65.933  -29.705 0.0000000000
135372  0.994  -66.886  -29.240 0.0000000000
125896  0.743  -67.937  -29.292 0.0000000000
123563  0.603  -68.110  -30.091 0.0000000000
13173  0.361  -68.900  -30.227 0.0000000000
13187  -0.169  -70.029  -31.095 0.0000000000
16135  2.379  -66.339  -33.799 0.0000000000
15121  2.729  -67.233  -33.991 0.0000000000
143956  2.232  -67.855  -33.307 0.0000000000
123528  1.832  -68.611  -35.330 0.0000000000
123536  1.964  -68.645  -34.622 0.0000000000
126454  1.595  -68.519  -32.924 0.0000000000
129107  0.835  -69.001  -32.516 0.0000000000
13196  0.423  -69.875  -32.747 0.0000000000
147990  0.172  -70.748  -32.482 0.0000000000
6236  -0.426  -77.201  -41.260 0.0000000000
132841  -0.212  -71.893  -41.695 0.0000000000
10589  -0.209  -72.689  -42.187 0.0000000000
9714  -0.221  -73.434  -42.585 0.0000000000
9713  0.261  -73.439  -42.845 0.0000000000
8856  -0.063  -73.983  -43.155 0.0000000000
7961  -0.433  -74.665  -43.070 0.0000000000
7063  -0.468  -75.222  -43.507 0.0000000000
6250  -0.808  -75.998  -44.009 0.0000000000
6280  -0.601  -76.770  -45.123 0.0000000000
6279  0.716  -77.501  -45.001 0.0000000000
6296  1.046  -77.876  -45.571 0.0000000000
7108  2.923  -76.818  -46.510 0.0000000000
7080  2.743  -77.069  -44.659 0.0000000000
7107  3.200  -76.267  -46.385 0.0000000000
7121  2.966  -76.424  -47.225 0.0000000000
8910  2.250  -74.900  -47.098 0.0000000000
8901  0.577  -74.079  -46.952 0.0000000000
9776  0.497  -73.183  -46.802 0.0000000000
28788  10.843  -53.941  -32.037 0.0000000000
27720  9.597  -55.062  -32.148 0.0000000000
27721  8.557  -55.274  -32.343 0.0000000000
28804  8.390  -54.046  -33.855 0.0000000000
139716  7.636  -54.795  -32.961 0.0000000000
27722  7.251  -55.251  -32.435 0.0000000000
27717  5.738  -55.690  -32.239 0.0000000000
140628  4.508  -56.185  -32.299 0.0000000000
25710  3.505  -56.904  -32.143 0.0000000000
25738  4.865  -56.417  -34.473 0.0000000000
127973  4.378  -56.302  -33.508 0.0000000000
127949  3.393  -57.236  -33.067 0.0000000000
24731  2.591  -58.129  -32.532 0.0000000000
22669  2.497  -59.159  -33.877 0.0000000000
144629  1.848  -59.202  -35.517 0.0000000000
22708  1.355  -59.707  -37.180 0.0000000000
22706  2.819  -59.545  -36.490 0.0000000000
22726  2.656  -59.792  -37.470 0.0000000000
144006  1.447  -60.243  -38.506 0.0000000000
20652  1.711  -61.293  -39.727 0.0000000000
19585  2.197  -62.722  -40.414 0.0000000000
18446  2.220  -64.188  -41.061 0.0000000000
19558  4.734  -63.090  -36.757 0.0000000000
19568  4.736  -63.350  -37.839 0.0000000000
142695  5.389  -64.711  -38.744 0.0000000000
18426  4.937  -64.137  -38.497 0.0000000000
19576  4.356  -63.274  -38.888 0.0000000000
18436  3.532  -63.781  -40.394 0.0000000000
18445  3.100  -64.288  -40.990 0.0000000000
17300  2.632  -64.914  -41.428 0.0000000000
123571  3.305  -66.872  -41.886 0.0000000000
14196  2.965  -67.754  -41.750 0.0000000000
14180  3.237  -68.827  -41.230 0.0000000000
143628  4.498  -69.216  -40.208 0.0000000000
13233  3.970  -69.752  -40.067 0.0000000000
12330  3.454  -70.428  -40.178 0.0000000000
11428  3.582  -71.260  -39.604 0.0000000000
10566  4.105  -72.942  -39.337 0.0000000000
9701  5.120  -73.503  -40.123 0.0000000000
140178  8.681  -70.098  -40.619 0.0000000000
12342  7.888  -70.801  -41.603 0.0000000000
11438  7.398  -71.293  -40.865 0.0000000000
12356  6.730  -70.632  -43.031 0.0000000000
11451  6.509  -71.271  -42.337 0.0000000000
11439  6.707  -71.694  -41.356 0.0000000000
10588  5.619  -72.793  -41.510 0.0000000000
9710  5.304  -73.537  -41.091 0.0000000000
9711  4.840  -74.203  -41.536 0.0000000000
9738  4.500  -73.666  -43.465 0.0000000000
9752  4.275  -73.519  -44.142 0.0000000000
9765  3.318  -73.322  -45.144 0.0000000000
11476  2.557  -71.071  -44.724 0.0000000000
10640  2.294  -72.436  -45.301 0.0000000000
9767  1.744  -73.000  -45.691 0.0000000000
10644  1.053  -72.940  -45.999 0.0000000000
10645  0.598  -72.401  -46.638 0.0000000000
11492  0.264  -71.770  -47.802 0.0000000000
12411  0.099  -71.088  -48.303 0.0000000000
146846  0.527  -69.839  -49.168 0.0000000000
14261  1.094  -68.542  -49.693 0.0000000000
131841  1.308  -68.006  -48.250 0.0000000000
15258  1.167  -67.475  -49.439 0.0000000000
15257  1.281  -67.152  -50.155 0.0000000000
16345  1.638  -66.689  -50.791 0.0000000000
17448  2.581  -65.330  -50.652 0.0000000000
17472  3.283  -65.005  -51.523 0.0000000000
18542  1.098  -64.517  -47.103 0.0000000000
136556  2.378  -62.977  -47.402 0.0000000000
125845  2.297  -64.107  -48.595 0.0000000000
18579  2.855  -64.083  -49.303 0.0000000000
18603  3.902  -64.343  -50.698 0.0000000000
18626  4.021  -64.599  -51.543 0.0000000000
17447  4.465  -65.063  -51.005 0.0000000000
16343  5.670  -66.331  -50.774 0.0000000000
16342  6.443  -66.435  -50.477 0.0000000000
140304  7.527  -66.414  -49.219 0.0000000000
1  7.135  -90.582  -35.305 0.0000000000
2  9.642  -90.496  -36.050 0.0000000000
3  9.158  -90.608  -35.727 0.0000000000
4  8.490  -90.924  -35.792 0.0000000000
8  4.835  -90.703  -35.873 0.0000000000
12  7.774  -91.366  -37.192 0.0000000000
13  6.350  -91.125  -36.313 0.0000000000
16  4.621  -90.815  -36.481 0.0000000000
18  9.434  -91.126  -37.927 0.0000000000
19  8.637  -91.348  -37.877 0.0000000000
21  6.240  -91.387  -37.730 0.0000000000
22  3.958  -90.814  -37.886 0.0000000000
23  3.764  -90.493  -37.253 0.0000000000
25  9.543  -90.842  -38.680 0.0000000000
31  9.418  -90.797  -39.185 0.0000000000
33  7.923  -90.586  -39.041 0.0000000000
34  6.698  -90.867  -38.803 0.0000000000
35  5.701  -91.133  -38.799 0.0000000000
38  2.999  -91.002  -40.036 0.0000000000
39  9.208  -90.739  -39.863 0.0000000000
40  3.810  -91.007  -40.056 0.0000000000
41  10.046  -89.180  -34.630 0.0000000000
44  7.890  -89.493  -34.306 0.0000000000
46  4.627  -89.907  -33.912 0.0000000000
47  3.909  -90.167  -34.183 0.0000000000
48  9.815  -89.751  -35.146 0.0000000000
49  9.160  -90.111  -35.170 0.0000000000
50  8.249  -90.198  -34.968 0.0000000000
51  7.394  -90.016  -34.803 0.0000000000
57  9.969  -89.996  -35.636 0.0000000000
59  6.077  -90.509  -35.333 0.0000000000
61  4.242  -90.367  -35.216 0.0000000000
62  3.728  -90.209  -35.709 0.0000000000
64  9.984  -90.321  -36.190 0.0000000000
65  3.580  -90.217  -36.518 0.0000000000
67  10.134  -90.452  -37.325 0.0000000000
73  9.775  -90.600  -39.076 0.0000000000
74  9.445  -90.636  -40.400 0.0000000000
76  7.961  -90.005  -39.607 0.0000000000
79  4.623  -90.947  -39.801 0.0000000000
89  2.734  -90.552  -40.560 0.0000000000
91  15.697  -90.350  -41.384 0.0000000000
93  8.748  -90.661  -41.675 0.0000000000
96  8.454  -90.640  -42.368 0.0000000000
98  8.542  -90.685  -43.456 0.0000000000
100  7.641  -90.683  -43.662 0.0000000000
104  6.529  -90.810  -44.652 0.0000000000
105  5.959  -90.662  -44.710 0.0000000000
107  6.915  -90.951  -45.221 0.0000000000
111  7.014  -90.798  -46.028 0.0000000000
156  5.310  -88.911  -31.306 0.0000000000
158  4.077  -89.077  -31.351 0.0000000000
160  9.230  -88.473  -33.317 0.0000000000
165  4.748  -89.177  -32.081 0.0000000000
166  3.788  -89.651  -32.734 0.0000000000
168  9.887  -88.616  -34.044 0.0000000000
177  10.664  -88.943  -34.744 0.0000000000
181  2.705  -89.160  -34.618 0.0000000000
183  16.469  -89.152  -35.911 0.0000000000
187  16.522  -89.305  -36.311 0.0000000000
188  16.234  -89.234  -36.250 0.0000000000
191  2.746  -89.576  -37.051 0.0000000000
194  15.899  -89.326  -36.964 0.0000000000
195  10.480  -89.736  -37.141 0.0000000000
196  2.538  -89.353  -37.900 0.0000000000
201  14.742  -89.613  -39.211 0.0000000000
205  17.194  -89.503  -39.838 0.0000000000
207  15.680  -89.987  -38.983 0.0000000000
214  14.931  -90.371  -40.293 0.0000000000
215  14.466  -89.928  -39.957 0.0000000000
217  7.720  -89.492  -40.085 0.0000000000
227  9.819  -90.215  -41.375 0.0000000000
229  7.991  -89.770  -40.899 0.0000000000
234  17.574  -89.176  -42.668 0.0000000000
239  9.510  -90.031  -42.895 0.0000000000
245  15.602  -89.850  -43.809 0.0000000000
246  14.229  -90.308  -43.518 0.0000000000
249  7.405  -90.414  -43.340 0.0000000000
254  8.887  -90.391  -44.034 0.0000000000
256  6.347  -90.426  -44.279 0.0000000000
260  13.632  -90.173  -45.202 0.0000000000
263  8.288  -90.146  -45.455 0.0000000000
268  14.167  -89.874  -45.912 0.0000000000
270  12.747  -89.670  -47.059 0.0000000000
272  7.454  -90.044  -46.566 0.0000000000
279  12.909  -89.632  -47.496 0.0000000000
295  11.901  -89.584  -49.136 0.0000000000
298  12.688  -89.386  -49.726 0.0000000000
303  9.017  -89.445  -50.668 0.0000000000
305  11.230  -89.607  -50.958 0.0000000000
315  9.494  -89.567  -51.947 0.0000000000
390  4.230  -88.188  -27.777 0.0000000000
399  4.997  -88.504  -28.911 0.0000000000
400  4.333  -88.588  -28.580 0.0000000000
414  4.417  -88.887  -30.098 0.0000000000
415  3.840  -88.841  -30.565 0.0000000000
422  9.260  -88.164  -33.072 0.0000000000
423  8.770  -88.224  -32.556 0.0000000000
430  18.802  -87.976  -34.914 0.0000000000
432  17.538  -88.231  -35.059 0.0000000000
434  10.930  -88.558  -34.546 0.0000000000
438  16.458  -88.940  -35.659 0.0000000000
442  2.581  -88.839  -35.270 0.0000000000
443  19.065  -88.067  -35.843 0.0000000000
445  17.329  -89.064  -36.131 0.0000000000
446  15.778  -88.945  -36.536 0.0000000000
450  19.554  -87.763  -37.776 0.0000000000
452  17.973  -88.711  -36.932 0.0000000000
455  10.857  -88.896  -37.155 0.0000000000
457  3.867  -87.840  -37.247 0.0000000000
465  10.528  -88.802  -38.690 0.0000000000
466  2.187  -88.795  -38.575 0.0000000000
469  19.189  -88.252  -39.742 0.0000000000
476  18.743  -88.755  -41.121 0.0000000000
479  6.555  -88.577  -40.392 0.0000000000
480  5.471  -88.699  -40.640 0.0000000000
483  19.100  -88.416  -41.397 0.0000000000
495  10.384  -87.932  -42.882 0.0000000000
497  7.484  -88.895  -42.021 0.0000000000
502  18.833  -88.126  -43.187 0.0000000000
504  17.669  -88.399  -43.997 0.0000000000
505  13.346  -89.935  -43.269 0.0000000000
509  18.360  -87.669  -44.267 0.0000000000
511  16.946  -88.446  -44.710 0.0000000000
520  8.584  -89.011  -45.831 0.0000000000
524  17.219  -87.615  -45.944 0.0000000000
526  14.778  -89.281  -46.635 0.0000000000
527  12.635  -89.777  -45.962 0.0000000000
536  7.944  -88.130  -47.149 0.0000000000
540  15.116  -88.350  -48.124 0.0000000000
542  11.584  -89.316  -48.639 0.0000000000
552  10.626  -89.178  -49.339 0.0000000000
558  12.722  -88.985  -50.590 0.0000000000
565  13.456  -88.288  -51.173 0.0000000000
576  11.620  -88.567  -52.476 0.0000000000
697  4.188  -87.642  -27.304 0.0000000000
699  3.025  -87.405  -27.768 0.0000000000
707  2.724  -87.459  -28.478 0.0000000000
716  2.928  -87.908  -29.045 0.0000000000
721  3.419  -88.461  -29.770 0.0000000000
725  2.127  -87.367  -31.890 0.0000000000
730  20.283  -87.405  -32.961 0.0000000000
732  19.141  -87.355  -34.358 0.0000000000
734  10.927  -87.739  -34.306 0.0000000000
735  2.221  -87.257  -33.919 0.0000000000
737  20.104  -87.620  -33.713 0.0000000000
739  18.662  -87.754  -34.730 0.0000000000
740  17.914  -87.828  -34.834 0.0000000000
743  11.188  -88.025  -34.491 0.0000000000
744  4.463  -87.075  -35.692 0.0000000000
747  20.109  -87.506  -34.893 0.0000000000
748  16.663  -88.259  -35.292 0.0000000000
751  11.741  -87.618  -34.824 0.0000000000
752  4.477  -87.215  -36.427 0.0000000000
753  2.620  -88.100  -35.328 0.0000000000
756  16.258  -87.609  -35.627 0.0000000000
757  15.825  -88.342  -36.076 0.0000000000
761  20.990  -86.862  -37.430 0.0000000000
766  4.306  -87.102  -37.131 0.0000000000
767  4.041  -87.465  -37.314 0.0000000000
771  22.847  -86.931  -39.210 0.0000000000
772  22.497  -86.646  -38.655 0.0000000000
781  21.581  -87.327  -39.275 0.0000000000
783  14.830  -87.313  -39.152 0.0000000000
784  14.402  -88.026  -39.190 0.0000000000
785  10.868  -87.373  -39.270 0.0000000000
789  20.701  -87.575  -40.266 0.0000000000
790  19.717  -87.969  -40.861 0.0000000000
798  21.498  -87.273  -40.599 0.0000000000
800  19.742  -87.661  -41.372 0.0000000000
808  19.166  -87.929  -42.458 0.0000000000
821  13.369  -88.307  -44.118 0.0000000000
822  10.599  -87.251  -43.247 0.0000000000
829  18.951  -87.498  -43.761 0.0000000000
833  10.408  -87.055  -44.004 0.0000000000
845  12.367  -88.694  -46.956 0.0000000000
854  12.816  -87.517  -46.779 0.0000000000
859  16.789  -87.137  -48.298 0.0000000000
860  16.052  -87.461  -48.724 0.0000000000
861  11.530  -88.486  -48.531 0.0000000000
867  16.607  -87.017  -49.375 0.0000000000
873  6.996  -86.787  -49.478 0.0000000000
881  9.779  -88.072  -50.113 0.0000000000
884  14.679  -87.413  -51.060 0.0000000000
885  13.995  -87.538  -51.450 0.0000000000
893  12.646  -87.404  -52.680 0.0000000000
1005  3.642  -86.544  -26.285 0.0000000000
1030  1.575  -85.861  -29.698 0.0000000000
1054  22.467  -86.748  -32.616 0.0000000000
1063  18.484  -86.965  -34.414 0.0000000000
1067  4.588  -86.369  -35.174 0.0000000000
1069  2.937  -87.006  -34.646 0.0000000000
1078  16.235  -86.477  -36.430 0.0000000000
1080  12.190  -86.045  -36.105 0.0000000000
1081  11.734  -86.603  -36.700 0.0000000000
1083  3.793  -86.461  -36.974 0.0000000000
1097  11.050  -87.212  -38.449 0.0000000000
1102  11.295  -86.540  -39.127 0.0000000000
1106  15.996  -85.927  -39.999 0.0000000000
1115  19.990  -86.895  -41.481 0.0000000000
1117  15.278  -86.639  -41.199 0.0000000000
1118  11.270  -86.476  -41.565 0.0000000000
1123  22.875  -86.404  -41.983 0.0000000000
1126  15.021  -86.841  -42.107 0.0000000000
1128  11.058  -86.686  -42.839 0.0000000000
1135  19.275  -87.094  -42.786 0.0000000000
1139  11.333  -85.991  -43.203 0.0000000000
1146  18.686  -86.631  -45.209 0.0000000000
1147  14.285  -86.293  -44.840 0.0000000000
1148  10.716  -86.355  -44.359 0.0000000000
1151  18.539  -86.517  -46.062 0.0000000000
1153  13.633  -87.038  -45.141 0.0000000000
1158  18.612  -86.335  -46.857 0.0000000000
1165  18.693  -86.325  -47.510 0.0000000000
1168  12.818  -86.790  -48.056 0.0000000000
1174  18.839  -86.169  -48.239 0.0000000000
1175  18.239  -86.474  -48.658 0.0000000000
1176  13.254  -86.136  -48.306 0.0000000000
1178  8.209  -86.128  -48.665 0.0000000000
1179  7.593  -86.490  -49.004 0.0000000000
1183  17.439  -86.616  -49.679 0.0000000000
1184  12.267  -86.163  -49.311 0.0000000000
1186  10.943  -86.927  -49.902 0.0000000000
1187  8.095  -85.966  -49.580 0.0000000000
1199  7.883  -86.486  -51.222 0.0000000000
1207  13.733  -86.956  -51.928 0.0000000000
1208  7.010  -86.737  -51.389 0.0000000000
1215  12.842  -86.746  -52.855 0.0000000000
1354  2.036  -86.269  -27.985 0.0000000000
1383  1.553  -85.422  -31.282 0.0000000000
1399  22.790  -86.124  -33.448 0.0000000000
1406  4.774  -85.353  -33.824 0.0000000000
1412  23.334  -85.496  -33.848 0.0000000000
1414  21.908  -86.084  -34.572 0.0000000000
1419  4.730  -85.551  -34.581 0.0000000000
1429  21.746  -85.829  -36.399 0.0000000000
1434  4.595  -86.129  -35.968 0.0000000000
1435  4.111  -85.873  -36.358 0.0000000000
1439  22.313  -86.008  -37.860 0.0000000000
1444  23.107  -86.364  -39.280 0.0000000000
1445  22.792  -85.911  -38.622 0.0000000000
1447  12.269  -85.241  -39.060 0.0000000000
1455  23.372  -86.259  -40.274 0.0000000000
1456  16.429  -85.227  -39.641 0.0000000000
1477  20.501  -86.402  -41.488 0.0000000000
1490  20.326  -85.641  -41.838 0.0000000000
1493  15.572  -85.706  -42.536 0.0000000000
1507  14.774  -85.463  -44.312 0.0000000000
1533  11.278  -85.036  -45.140 0.0000000000
1546  18.900  -85.745  -47.254 0.0000000000
1547  13.481  -85.659  -47.978 0.0000000000
1549  9.506  -85.387  -47.821 0.0000000000
1556  12.568  -85.504  -49.113 0.0000000000
1557  10.190  -84.880  -48.383 0.0000000000
1565  10.011  -85.408  -49.970 0.0000000000
1567  7.908  -86.125  -50.537 0.0000000000
1570  18.987  -85.651  -50.186 0.0000000000
1572  10.226  -85.837  -50.394 0.0000000000
1579  18.928  -85.271  -51.059 0.0000000000
1580  18.030  -85.389  -51.448 0.0000000000
1581  16.812  -85.731  -51.406 0.0000000000
1587  18.006  -84.864  -51.977 0.0000000000
1802  1.427  -84.354  -27.271 0.0000000000
1811  1.422  -84.457  -29.071 0.0000000000
1832  1.575  -84.190  -30.414 0.0000000000
1839  4.276  -84.208  -31.964 0.0000000000
1848  5.179  -84.216  -33.364 0.0000000000
1850  2.621  -85.059  -32.322 0.0000000000
1863  25.558  -84.896  -35.076 0.0000000000
1865  23.016  -85.004  -34.623 0.0000000000
1873  3.943  -83.955  -34.801 0.0000000000
1889  4.683  -85.369  -35.084 0.0000000000
1890  4.230  -84.787  -35.321 0.0000000000
1891  2.163  -84.662  -35.389 0.0000000000
1899  23.277  -83.814  -36.341 0.0000000000
1941  12.633  -84.567  -39.461 0.0000000000
1951  16.598  -84.619  -40.150 0.0000000000
1961  16.339  -84.207  -41.558 0.0000000000
1962  12.453  -84.113  -41.985 0.0000000000
1963  12.084  -84.895  -41.612 0.0000000000
1969  21.237  -84.782  -42.501 0.0000000000
1970  20.330  -84.962  -42.284 0.0000000000
1972  15.977  -83.476  -42.045 0.0000000000
1973  15.748  -83.847  -42.651 0.0000000000
1984  15.398  -83.990  -43.342 0.0000000000
1991  22.441  -84.896  -45.003 0.0000000000
2007  11.424  -84.531  -45.771 0.0000000000
2014  13.897  -83.978  -46.358 0.0000000000
2015  13.690  -84.405  -46.997 0.0000000000
2016  11.467  -84.328  -46.701 0.0000000000
2020  18.972  -85.649  -47.995 0.0000000000
2024  11.512  -84.343  -47.782 0.0000000000
2029  18.878  -85.256  -48.806 0.0000000000
2030  12.635  -84.893  -48.660 0.0000000000
2031  11.918  -84.604  -48.679 0.0000000000
2038  11.466  -84.893  -49.250 0.0000000000
2044  19.170  -84.557  -51.374 0.0000000000
2049  18.442  -84.389  -52.251 0.0000000000
2321  1.278  -83.589  -26.948 0.0000000000
2368  1.731  -83.261  -29.345 0.0000000000
2418  5.254  -83.422  -33.125 0.0000000000
2429  5.116  -83.852  -33.717 0.0000000000
2431  3.689  -83.339  -34.291 0.0000000000
2460  23.386  -83.362  -37.727 0.0000000000
2462  12.985  -83.333  -37.696 0.0000000000
2463  12.862  -83.933  -37.273 0.0000000000
2473  23.305  -83.459  -38.606 0.0000000000
2484  23.275  -83.832  -39.521 0.0000000000
2488  12.960  -83.901  -39.900 0.0000000000
2494  13.340  -83.215  -40.340 0.0000000000
2512  13.231  -83.331  -43.433 0.0000000000
2520  20.282  -83.502  -43.491 0.0000000000
2523  15.279  -83.381  -43.032 0.0000000000
2533  20.784  -83.241  -44.014 0.0000000000
2534  19.400  -82.929  -43.901 0.0000000000
2535  18.623  -83.346  -44.168 0.0000000000
2536  18.124  -83.055  -44.664 0.0000000000
2538  13.522  -83.315  -44.946 0.0000000000
2549  13.791  -83.562  -45.707 0.0000000000
2551  12.502  -83.455  -45.745 0.0000000000
2561  12.856  -83.578  -46.448 0.0000000000
2906  4.246  -81.968  -29.972 0.0000000000
2907  3.223  -82.283  -29.503 0.0000000000
2908  2.263  -82.577  -29.082 0.0000000000
2933  5.122  -82.674  -31.556 0.0000000000
2942  4.964  -82.183  -32.857 0.0000000000
2943  2.860  -82.051  -32.771 0.0000000000
2952  5.120  -82.786  -33.118 0.0000000000
2953  4.479  -82.504  -33.399 0.0000000000
3018  14.021  -82.561  -40.792 0.0000000000
3030  14.778  -82.479  -41.504 0.0000000000
3031  14.016  -82.697  -41.538 0.0000000000
3039  15.152  -82.721  -42.166 0.0000000000
3048  20.133  -82.845  -43.890 0.0000000000
3053  20.268  -82.412  -44.597 0.0000000000
3063  17.567  -82.171  -45.197 0.0000000000
3073  17.194  -82.443  -45.860 0.0000000000
3085  16.752  -82.348  -47.463 0.0000000000
3095  26.974  -83.471  -49.148 0.0000000000
3096  17.541  -83.116  -49.032 0.0000000000
3152  18.748  -82.016  -53.458 0.0000000000
3402  0.499  -80.912  -23.978 0.0000000000
3419  1.834  -81.359  -26.847 0.0000000000
3420  1.327  -81.722  -26.467 0.0000000000
3477  5.087  -81.561  -30.496 0.0000000000
3488  5.267  -81.412  -31.495 0.0000000000
3497  5.254  -81.895  -32.196 0.0000000000
3498  4.641  -81.581  -32.510 0.0000000000
3559  14.947  -81.671  -39.685 0.0000000000
3607  19.100  -81.002  -44.527 0.0000000000
3609  17.863  -81.551  -44.821 0.0000000000
3632  16.576  -81.447  -47.465 0.0000000000
3649  -1.685  -81.632  -47.799 0.0000000000
3678  18.958  -81.681  -51.314 0.0000000000
3688  19.195  -81.675  -52.149 0.0000000000
3970  0.775  -80.653  -20.113 0.0000000000
3990  0.606  -79.805  -23.076 0.0000000000
3991  0.413  -80.535  -22.526 0.0000000000
4027  4.366  -79.956  -26.838 0.0000000000
4029  2.391  -80.729  -26.443 0.0000000000
4038  3.487  -80.507  -26.782 0.0000000000
4047  5.480  -80.035  -29.097 0.0000000000
4049  4.332  -80.656  -28.162 0.0000000000
4063  5.465  -79.903  -29.526 0.0000000000
4078  3.340  -79.983  -30.572 0.0000000000
4107  4.126  -80.987  -32.125 0.0000000000
4241  18.694  -80.163  -44.532 0.0000000000
4254  17.442  -79.946  -45.163 0.0000000000
4290  26.872  -81.167  -48.307 0.0000000000
4295  16.612  -80.378  -48.434 0.0000000000
4307  16.839  -80.195  -49.091 0.0000000000
4332  -0.135  -80.730  -51.512 0.0000000000
4352  18.870  -81.284  -53.711 0.0000000000
4388  22.343  -80.640  -56.257 0.0000000000
4389  21.789  -80.199  -56.360 0.0000000000
4613  0.806  -79.054  -22.783 0.0000000000
4658  5.471  -78.720  -27.073 0.0000000000
4685  4.856  -79.277  -29.686 0.0000000000
4700  5.334  -79.808  -30.027 0.0000000000
4717  4.522  -80.167  -30.967 0.0000000000
4849  19.101  -79.379  -44.620 0.0000000000
4903  1.088  -78.996  -48.320 0.0000000000
4916  1.503  -79.050  -49.279 0.0000000000
4927  1.527  -79.072  -50.020 0.0000000000
4928  1.028  -79.778  -50.030 0.0000000000
4943  17.868  -79.496  -51.290 0.0000000000
4944  17.388  -78.899  -51.827 0.0000000000
4948  0.832  -80.092  -50.860 0.0000000000
4978  17.820  -79.977  -54.495 0.0000000000
4998  21.235  -79.588  -56.819 0.0000000000
5239  1.277  -78.561  -17.194 0.0000000000
5256  1.226  -78.058  -19.191 0.0000000000
5314  5.053  -78.200  -25.497 0.0000000000
5315  4.319  -78.808  -25.044 0.0000000000
5324  5.530  -78.059  -26.735 0.0000000000
5351  5.293  -78.577  -28.416 0.0000000000
5363  5.462  -79.010  -28.764 0.0000000000
5548  18.528  -78.729  -44.722 0.0000000000
5552  -1.110  -78.153  -45.182 0.0000000000
5560  17.818  -78.795  -44.984 0.0000000000
5616  16.797  -77.950  -50.568 0.0000000000
5622  0.942  -78.746  -50.728 0.0000000000
5625  25.077  -78.666  -51.129 0.0000000000
5632  0.879  -79.172  -50.947 0.0000000000
5636  23.223  -78.658  -52.553 0.0000000000
5637  22.425  -78.685  -52.883 0.0000000000
5639  20.860  -78.098  -52.841 0.0000000000
5645  -0.238  -78.446  -51.652 0.0000000000
5657  -0.295  -78.467  -53.071 0.0000000000
5661  21.233  -79.117  -55.043 0.0000000000
5663  16.032  -78.004  -54.577 0.0000000000
5687  20.526  -78.908  -57.000 0.0000000000
5697  21.930  -79.095  -58.010 0.0000000000
5704  24.161  -79.788  -59.100 0.0000000000
5705  23.623  -79.343  -59.535 0.0000000000
5717  23.874  -78.868  -60.092 0.0000000000
5718  23.841  -78.092  -59.991 0.0000000000
6038  1.364  -77.766  -21.870 0.0000000000
6045  4.494  -77.099  -23.599 0.0000000000
6046  3.848  -77.634  -23.264 0.0000000000
6047  2.892  -77.822  -23.164 0.0000000000
6054  5.144  -76.695  -24.948 0.0000000000
6064  5.192  -77.432  -25.226 0.0000000000
6068  2.593  -77.229  -26.479 0.0000000000
6075  4.459  -77.552  -27.571 0.0000000000
6084  5.005  -77.921  -28.055 0.0000000000
6251  -1.033  -76.183  -43.535 0.0000000000
6265  -0.679  -76.362  -44.478 0.0000000000
6273  18.902  -78.043  -44.805 0.0000000000
6278  1.855  -77.507  -45.130 0.0000000000
6281  -1.155  -76.830  -44.887 0.0000000000
6289  19.527  -77.402  -45.219 0.0000000000
6295  2.221  -77.453  -46.023 0.0000000000
6297  -0.383  -77.344  -45.628 0.0000000000
6313  2.666  -77.253  -46.977 0.0000000000
6322  17.302  -77.043  -47.115 0.0000000000
6323  16.990  -77.832  -47.887 0.0000000000
6330  2.201  -77.834  -47.391 0.0000000000
6339  17.030  -77.377  -48.578 0.0000000000
6353  16.886  -77.354  -49.288 0.0000000000
6360  0.008  -77.301  -49.660 0.0000000000
6373  -0.652  -77.453  -50.482 0.0000000000
6381  20.159  -76.987  -51.960 0.0000000000
6386  -1.196  -77.680  -51.704 0.0000000000
6391  22.159  -77.984  -52.266 0.0000000000
6392  21.338  -77.941  -52.312 0.0000000000
6403  -1.148  -77.987  -52.129 0.0000000000
6407  20.270  -77.736  -53.234 0.0000000000
6418  1.759  -77.322  -53.474 0.0000000000
6419  -0.436  -77.738  -53.328 0.0000000000
6432  0.701  -77.429  -53.545 0.0000000000
6439  19.644  -77.691  -56.058 0.0000000000
6440  19.148  -76.919  -55.630 0.0000000000
6451  20.450  -78.333  -57.262 0.0000000000
6465  20.239  -77.679  -57.197 0.0000000000
6797  1.321  -76.357  -17.409 0.0000000000
6824  1.528  -76.424  -19.443 0.0000000000
6835  1.465  -76.838  -20.227 0.0000000000
6857  4.337  -75.440  -22.855 0.0000000000
6868  4.434  -76.290  -23.251 0.0000000000
6888  5.045  -76.439  -25.292 0.0000000000
6903  5.062  -77.012  -26.547 0.0000000000
6904  4.223  -77.033  -26.888 0.0000000000
7045  2.834  -76.233  -41.159 0.0000000000
7062  -0.615  -75.573  -43.903 0.0000000000
7079  3.253  -76.660  -43.892 0.0000000000
7092  3.321  -76.303  -45.539 0.0000000000
7097  19.776  -75.936  -45.909 0.0000000000
7099  17.892  -76.405  -46.568 0.0000000000
7115  18.806  -75.366  -47.150 0.0000000000
7120  3.157  -75.847  -46.823 0.0000000000
7131  0.342  -76.422  -48.754 0.0000000000
7141  1.411  -77.040  -49.396 0.0000000000
7151  20.948  -76.225  -50.621 0.0000000000
7152  20.003  -76.303  -50.531 0.0000000000
7153  16.566  -76.272  -50.433 0.0000000000
7164  22.486  -76.531  -51.257 0.0000000000
7168  16.399  -76.164  -51.278 0.0000000000
7181  19.466  -76.375  -52.276 0.0000000000
7184  15.849  -75.901  -53.010 0.0000000000
7192  3.415  -77.045  -52.902 0.0000000000
7194  -0.291  -76.615  -52.929 0.0000000000
7198  18.403  -75.777  -53.444 0.0000000000
7199  15.636  -76.513  -53.468 0.0000000000
7208  -0.263  -77.033  -53.365 0.0000000000
7222  0.488  -76.796  -53.619 0.0000000000
7227  15.354  -76.370  -55.401 0.0000000000
7248  20.599  -76.558  -57.363 0.0000000000
7284  23.995  -76.904  -60.106 0.0000000000
7725  3.410  -74.511  -21.011 0.0000000000
7738  3.213  -75.579  -21.070 0.0000000000
7746  4.210  -74.816  -22.462 0.0000000000
7771  2.810  -75.425  -24.444 0.0000000000
7784  4.749  -75.824  -24.990 0.0000000000
7785  4.223  -75.776  -25.183 0.0000000000
7946  3.426  -75.815  -40.772 0.0000000000
7947  1.767  -75.591  -41.484 0.0000000000
7957  4.093  -75.594  -40.932 0.0000000000
7959  1.143  -75.759  -42.370 0.0000000000
7960  0.024  -74.663  -43.429 0.0000000000
7966  4.117  -75.627  -41.798 0.0000000000
7976  3.718  -76.072  -43.292 0.0000000000
7981  3.764  -75.498  -44.432 0.0000000000
7991  21.101  -76.069  -46.649 0.0000000000
7998  3.329  -75.630  -46.184 0.0000000000
8006  21.259  -75.398  -47.133 0.0000000000
8007  20.511  -75.175  -47.204 0.0000000000
8008  19.593  -75.146  -47.525 0.0000000000
8009  2.764  -75.701  -47.352 0.0000000000
8020  21.838  -75.118  -48.571 0.0000000000
8024  18.736  -75.088  -48.063 0.0000000000
8025  18.058  -75.504  -47.751 0.0000000000
8041  18.456  -74.847  -49.568 0.0000000000
8042  17.166  -75.676  -49.155 0.0000000000
8044  -0.101  -76.375  -48.828 0.0000000000
8051  21.589  -75.609  -50.006 0.0000000000
8054  18.054  -74.770  -50.407 0.0000000000
8062  19.330  -75.508  -50.796 0.0000000000
8064  17.452  -74.803  -51.246 0.0000000000
8066  5.928  -75.259  -51.591 0.0000000000
8067  5.175  -75.576  -51.376 0.0000000000
8077  16.473  -75.344  -52.614 0.0000000000
8087  15.764  -75.902  -53.744 0.0000000000
8089  1.359  -75.745  -53.798 0.0000000000
8090  0.817  -75.633  -53.670 0.0000000000
8095  16.087  -75.501  -54.129 0.0000000000
8103  17.868  -75.599  -55.182 0.0000000000
8113  18.315  -75.400  -56.615 0.0000000000
8114  16.956  -75.221  -56.086 0.0000000000
8115  16.220  -75.358  -56.469 0.0000000000
8124  21.220  -75.813  -57.849 0.0000000000
8125  20.495  -75.614  -57.598 0.0000000000
8127  17.806  -75.239  -57.211 0.0000000000
8138  23.150  -76.229  -59.187 0.0000000000
8139  22.405  -75.715  -58.763 0.0000000000
8140  21.607  -75.463  -58.459 0.0000000000
8155  23.491  -75.947  -59.970 0.0000000000
8158  18.884  -75.365  -59.833 0.0000000000
8164  26.203  -75.752  -59.989 0.0000000000
8175  25.065  -75.779  -60.819 0.0000000000
8176  24.609  -75.514  -61.004 0.0000000000
8177  24.240  -75.524  -61.039 0.0000000000
8554  2.122  -74.475  -14.586 0.0000000000
8619  2.548  -73.952  -19.464 0.0000000000
8653  4.210  -74.710  -23.098 0.0000000000
8665  4.019  -74.599  -23.419 0.0000000000
8666  3.320  -74.476  -23.275 0.0000000000
8667  1.957  -74.630  -23.120 0.0000000000
8813  0.224  -74.446  -38.260 0.0000000000
8827  3.066  -74.455  -39.954 0.0000000000
8841  4.525  -74.164  -40.030 0.0000000000
8853  4.868  -74.059  -40.632 0.0000000000
8855  0.357  -74.067  -43.115 0.0000000000
8857  -0.416  -74.018  -42.687 0.0000000000
8898  3.259  -74.848  -45.999 0.0000000000
8911  1.068  -74.643  -47.294 0.0000000000
8912  0.300  -74.472  -47.442 0.0000000000
8923  5.213  -73.922  -49.816 0.0000000000
8926  6.402  -74.189  -50.358 0.0000000000
8928  4.765  -74.361  -50.162 0.0000000000
8929  4.055  -74.220  -50.534 0.0000000000
8936  6.137  -74.682  -50.932 0.0000000000
8938  3.553  -74.132  -51.490 0.0000000000
8947  2.046  -73.885  -53.125 0.0000000000
8957  0.901  -74.901  -53.466 0.0000000000
8996  19.656  -75.142  -58.577 0.0000000000
8997  19.051  -75.243  -59.148 0.0000000000
9004  23.172  -75.157  -60.144 0.0000000000
9021  19.215  -74.615  -62.010 0.0000000000
9022  18.753  -74.745  -61.855 0.0000000000
9028  25.407  -74.559  -60.992 0.0000000000
9029  25.011  -74.306  -61.356 0.0000000000
9035  17.441  -73.549  -60.922 0.0000000000
9405  2.198  -73.602  -14.332 0.0000000000
9415  1.622  -73.704  -14.981 0.0000000000
9434  1.489  -73.045  -17.514 0.0000000000
9447  2.248  -73.403  -19.020 0.0000000000
9493  1.118  -73.279  -21.030 0.0000000000
9502  2.505  -73.727  -21.882 0.0000000000
9504  0.676  -73.762  -22.258 0.0000000000
9512  0.662  -74.309  -22.947 0.0000000000
9691  4.878  -72.885  -39.493 0.0000000000
9692  4.373  -73.683  -39.681 0.0000000000
9695  -0.109  -73.924  -38.994 0.0000000000
9702  1.762  -73.263  -41.262 0.0000000000
9723  5.140  -73.288  -42.028 0.0000000000
9724  4.728  -73.786  -42.660 0.0000000000
9753  3.824  -73.437  -44.678 0.0000000000
9766  2.640  -73.171  -45.478 0.0000000000
9779  0.408  -73.872  -47.083 0.0000000000
9780  0.247  -73.387  -47.406 0.0000000000
9802  7.979  -73.306  -50.235 0.0000000000
9805  3.637  -73.398  -50.934 0.0000000000
9818  11.037  -73.243  -51.711 0.0000000000
9822  7.461  -73.635  -51.184 0.0000000000
9825  0.509  -73.350  -52.030 0.0000000000
9836  10.403  -73.372  -52.358 0.0000000000
9842  2.155  -73.134  -52.781 0.0000000000
9844  0.789  -73.749  -52.567 0.0000000000
9849  10.889  -73.005  -53.941 0.0000000000
9852  7.203  -73.257  -53.460 0.0000000000
9853  6.700  -73.663  -53.225 0.0000000000
9862  10.835  -72.991  -55.594 0.0000000000
9863  10.046  -72.934  -55.258 0.0000000000
9890  21.911  -74.337  -60.377 0.0000000000
9896  25.765  -72.643  -60.717 0.0000000000
9899  21.004  -73.871  -61.367 0.0000000000
9900  17.051  -72.828  -60.045 0.0000000000
9907  22.424  -73.169  -61.675 0.0000000000
9919  25.127  -73.289  -61.581 0.0000000000
9929  18.100  -72.848  -64.038 0.0000000000
9930  17.496  -73.048  -63.533 0.0000000000
9931  17.271  -73.214  -62.859 0.0000000000
10320  2.189  -72.775  -14.311 0.0000000000
10357  1.673  -72.476  -18.190 0.0000000000
10388  1.760  -72.768  -20.025 0.0000000000
10550  0.121  -71.951  -37.306 0.0000000000
10565  5.394  -72.200  -39.279 0.0000000000
10567  3.280  -72.874  -39.540 0.0000000000
10575  6.379  -72.241  -40.077 0.0000000000
10576  5.762  -72.725  -39.941 0.0000000000
10587  6.199  -72.396  -40.827 0.0000000000
10604  0.382  -72.075  -42.355 0.0000000000
10619  4.937  -72.135  -43.081 0.0000000000
10632  3.592  -72.211  -44.653 0.0000000000
10633  2.830  -71.887  -44.893 0.0000000000
10639  3.077  -72.642  -45.063 0.0000000000
10641  1.537  -72.320  -45.631 0.0000000000
10642  0.974  -72.217  -46.056 0.0000000000
10646  0.356  -72.527  -47.241 0.0000000000
10667  6.099  -72.476  -49.435 0.0000000000
10668  5.169  -72.472  -49.562 0.0000000000
10669  4.359  -72.519  -49.894 0.0000000000
10682  11.254  -72.359  -50.479 0.0000000000
10684  9.528  -72.475  -49.865 0.0000000000
10693  12.899  -72.243  -50.968 0.0000000000
10698  0.347  -72.653  -51.875 0.0000000000
10705  11.824  -73.115  -52.020 0.0000000000
10707  2.199  -72.407  -52.676 0.0000000000
10720  11.564  -72.783  -54.480 0.0000000000
10724  11.916  -72.331  -55.032 0.0000000000
10730  16.915  -71.817  -56.948 0.0000000000
10736  16.461  -72.020  -57.377 0.0000000000
10742  17.735  -72.157  -57.875 0.0000000000
10743  17.160  -72.364  -58.176 0.0000000000
10745  15.514  -71.793  -57.946 0.0000000000
10746  14.771  -71.855  -58.439 0.0000000000
10751  19.065  -71.617  -60.278 0.0000000000
10754  16.088  -72.113  -58.681 0.0000000000
10761  25.524  -71.981  -61.308 0.0000000000
10769  25.553  -72.949  -61.368 0.0000000000
10775  17.573  -72.623  -61.713 0.0000000000
10782  24.411  -71.492  -62.547 0.0000000000
10786  18.560  -72.365  -64.071 0.0000000000
10787  17.920  -72.429  -63.488 0.0000000000
10788  17.494  -72.706  -62.487 0.0000000000
11198  1.634  -72.042  -14.495 0.0000000000
11206  1.943  -71.213  -14.705 0.0000000000
11299  0.648  -72.109  -23.252 0.0000000000
11395  0.297  -71.291  -34.621 0.0000000000
11420  7.429  -71.339  -40.017 0.0000000000
11422  5.931  -71.636  -39.097 0.0000000000
11423  4.317  -71.379  -39.050 0.0000000000
11427  6.815  -71.802  -40.446 0.0000000000
11431  -0.290  -71.431  -40.880 0.0000000000
11450  7.174  -71.155  -41.718 0.0000000000
11452  5.624  -71.678  -42.706 0.0000000000
11453  0.722  -71.441  -42.354 0.0000000000
11455  -0.410  -70.599  -42.079 0.0000000000
11474  4.209  -70.805  -44.338 0.0000000000
11475  3.474  -71.365  -44.560 0.0000000000
11477  1.444  -71.038  -45.239 0.0000000000
11480  1.937  -71.603  -45.126 0.0000000000
11481  1.061  -71.289  -45.938 0.0000000000
11485  0.425  -71.677  -47.013 0.0000000000
11518  8.236  -71.476  -49.520 0.0000000000
11520  6.547  -71.576  -49.407 0.0000000000
11523  -0.291  -71.284  -49.540 0.0000000000
11527  13.918  -71.423  -50.449 0.0000000000
11528  13.220  -71.655  -50.391 0.0000000000
11532  9.521  -71.547  -49.717 0.0000000000
11534  3.596  -71.921  -50.931 0.0000000000
11550  2.109  -71.164  -52.833 0.0000000000
11552  0.719  -70.793  -52.385 0.0000000000
11557  12.801  -72.084  -53.607 0.0000000000
11589  16.301  -71.617  -57.130 0.0000000000
11590  15.784  -71.384  -57.416 0.0000000000
11598  19.511  -71.336  -58.683 0.0000000000
11600  15.244  -71.425  -57.950 0.0000000000
11609  21.804  -70.505  -59.944 0.0000000000
11613  14.120  -71.556  -59.317 0.0000000000
11619  24.056  -70.524  -60.579 0.0000000000
11624  13.220  -71.342  -60.765 0.0000000000
11628  24.887  -70.530  -62.370 0.0000000000
11629  22.804  -70.168  -63.097 0.0000000000
11631  20.650  -70.713  -63.470 0.0000000000
11637  24.870  -70.888  -62.655 0.0000000000
11639  23.099  -70.478  -63.108 0.0000000000
12088  2.852  -70.824  -15.005 0.0000000000
12090  1.258  -70.410  -15.146 0.0000000000
12106  0.784  -70.145  -16.034 0.0000000000
12119  4.604  -70.222  -17.099 0.0000000000
12120  0.784  -69.976  -17.078 0.0000000000
12140  1.038  -70.526  -19.226 0.0000000000
12164  0.649  -70.853  -20.930 0.0000000000
12290  -0.043  -70.349  -31.834 0.0000000000
12325  5.679  -70.802  -38.816 0.0000000000
12326  4.881  -70.631  -38.943 0.0000000000
12329  8.108  -70.727  -40.477 0.0000000000
12331  2.796  -70.313  -40.879 0.0000000000
12344  1.151  -70.081  -42.198 0.0000000000
12368  6.478  -70.217  -43.818 0.0000000000
12371  5.014  -70.197  -44.207 0.0000000000
12374  1.587  -70.407  -45.048 0.0000000000
12378  0.992  -70.523  -46.208 0.0000000000
12379  0.654  -70.665  -46.721 0.0000000000
12388  0.644  -71.159  -46.540 0.0000000000
12390  0.557  -70.711  -46.946 0.0000000000
12402  0.308  -71.139  -47.565 0.0000000000
12403  0.495  -70.712  -47.369 0.0000000000
12412  0.437  -70.548  -48.019 0.0000000000
12415  15.359  -70.111  -50.148 0.0000000000
12424  14.354  -70.888  -50.168 0.0000000000
12426  12.799  -70.379  -49.775 0.0000000000
12428  11.107  -70.975  -50.067 0.0000000000
12429  9.548  -70.870  -50.024 0.0000000000
12432  6.410  -70.295  -50.229 0.0000000000
12434  4.348  -70.970  -50.295 0.0000000000
12436  -0.200  -70.968  -51.284 0.0000000000
12437  -0.412  -70.906  -50.411 0.0000000000
12455  14.548  -70.676  -52.146 0.0000000000
12460  0.709  -70.070  -52.063 0.0000000000
12471  13.371  -70.273  -54.275 0.0000000000
12478  16.662  -70.694  -56.438 0.0000000000
12494  24.053  -69.836  -61.469 0.0000000000
12502  23.539  -69.795  -62.383 0.0000000000
12509  24.517  -70.345  -62.737 0.0000000000
13017  3.560  -68.911  -16.689 0.0000000000
13066  0.404  -69.347  -21.867 0.0000000000
13186  -0.052  -69.149  -31.056 0.0000000000
13229  7.672  -69.774  -39.403 0.0000000000
13237  3.942  -69.017  -40.704 0.0000000000
13238  3.366  -69.646  -40.710 0.0000000000
13254  9.139  -69.708  -41.249 0.0000000000
13272  5.559  -69.435  -44.266 0.0000000000
13275  2.659  -69.640  -44.794 0.0000000000
13276  1.972  -69.828  -45.056 0.0000000000
13282  2.044  -69.475  -45.574 0.0000000000
13283  0.836  -70.139  -46.727 0.0000000000
13294  1.778  -69.346  -46.232 0.0000000000
13295  1.409  -69.205  -46.840 0.0000000000
13296  1.015  -69.676  -47.060 0.0000000000
13297  0.675  -70.341  -47.194 0.0000000000
13307  1.093  -69.637  -47.757 0.0000000000
13308  0.693  -70.358  -47.583 0.0000000000
13313  0.810  -69.853  -48.431 0.0000000000
13319  13.225  -69.752  -49.600 0.0000000000
13320  1.093  -69.173  -49.026 0.0000000000
13326  12.653  -69.621  -49.927 0.0000000000
13335  15.692  -69.582  -51.477 0.0000000000
13339  8.538  -69.871  -52.318 0.0000000000
13341  6.326  -69.790  -51.937 0.0000000000
13346  0.963  -69.213  -51.715 0.0000000000
13352  14.732  -70.045  -52.516 0.0000000000
13360  1.781  -69.734  -53.135 0.0000000000
13392  14.515  -68.948  -54.141 0.0000000000
13407  15.656  -69.861  -57.708 0.0000000000
13946  2.206  -68.517  -15.783 0.0000000000
13959  2.977  -68.320  -16.278 0.0000000000
14154  2.568  -68.116  -35.204 0.0000000000
14160  0.859  -67.798  -37.465 0.0000000000
14167  5.281  -69.095  -40.038 0.0000000000
14175  10.025  -68.317  -40.816 0.0000000000
14176  9.275  -68.759  -40.408 0.0000000000
14179  4.755  -68.396  -40.831 0.0000000000
14212  6.068  -68.742  -44.308 0.0000000000
14216  3.010  -68.955  -44.885 0.0000000000
14225  3.315  -68.400  -44.997 0.0000000000
14227  2.311  -68.824  -45.944 0.0000000000
14228  0.831  -69.976  -47.028 0.0000000000
14241  0.873  -70.012  -47.414 0.0000000000
14245  1.499  -67.789  -47.186 0.0000000000
14246  1.373  -68.316  -47.692 0.0000000000
14251  1.278  -68.249  -48.889 0.0000000000
14257  15.483  -69.348  -49.773 0.0000000000
14258  14.901  -68.878  -49.375 0.0000000000
14259  13.920  -68.533  -49.384 0.0000000000
14271  16.592  -68.059  -50.719 0.0000000000
14273  12.497  -68.844  -50.436 0.0000000000
14275  1.128  -68.310  -51.357 0.0000000000
14337  15.592  -68.218  -53.195 0.0000000000
14341  7.210  -68.651  -54.024 0.0000000000
14342  6.324  -68.691  -54.206 0.0000000000
14346  2.683  -68.315  -54.010 0.0000000000
14369  4.863  -68.121  -54.703 0.0000000000
14370  4.025  -68.038  -54.664 0.0000000000
14392  13.332  -68.376  -56.518 0.0000000000
14400  10.394  -68.394  -58.226 0.0000000000
14406  8.609  -68.490  -59.262 0.0000000000
14409  10.006  -67.748  -59.734 0.0000000000
14414  9.258  -68.354  -60.041 0.0000000000
14419  12.530  -68.638  -61.646 0.0000000000
14904  1.140  -67.670  -15.946 0.0000000000
14937  5.085  -67.544  -19.049 0.0000000000
15112  2.360  -67.008  -33.157 0.0000000000
15146  1.592  -67.326  -37.112 0.0000000000
15182  5.373  -67.426  -41.169 0.0000000000
15215  5.128  -67.350  -44.510 0.0000000000
15216  4.739  -67.961  -44.505 0.0000000000
15226  2.055  -66.947  -46.029 0.0000000000
15234  1.245  -66.837  -46.848 0.0000000000
15245  1.105  -67.306  -48.571 0.0000000000
15254  15.384  -67.952  -49.469 0.0000000000
15255  13.579  -67.682  -49.703 0.0000000000
15271  16.105  -68.016  -49.866 0.0000000000
15287  16.866  -67.229  -50.946 0.0000000000
15300  10.290  -67.595  -52.602 0.0000000000
15301  9.548  -67.644  -53.036 0.0000000000
15314  3.223  -67.797  -54.373 0.0000000000
15315  2.539  -67.574  -53.972 0.0000000000
15332  15.096  -67.891  -55.043 0.0000000000
15333  7.750  -66.985  -54.701 0.0000000000
15338  3.797  -67.276  -54.530 0.0000000000
15353  16.301  -67.119  -55.358 0.0000000000
15362  13.677  -67.805  -57.028 0.0000000000
15369  11.966  -67.198  -58.467 0.0000000000
15377  10.035  -67.551  -58.989 0.0000000000
15381  12.891  -66.788  -60.133 0.0000000000
15392  16.544  -66.918  -63.099 0.0000000000
15393  15.602  -67.149  -63.172 0.0000000000
15955  3.199  -66.062  -17.270 0.0000000000
15956  0.507  -66.404  -18.205 0.0000000000
16128  1.831  -66.775  -32.404 0.0000000000
16142  2.859  -66.695  -34.550 0.0000000000
16182  1.724  -66.527  -37.403 0.0000000000
16198  7.012  -65.943  -39.112 0.0000000000
16224  -0.107  -67.070  -41.600 0.0000000000
16235  0.514  -66.447  -41.642 0.0000000000
16311  6.927  -66.508  -48.601 0.0000000000
16325  6.675  -66.452  -49.517 0.0000000000
16327  1.296  -66.280  -49.208 0.0000000000
16328  1.056  -66.787  -48.846 0.0000000000
16341  7.186  -66.338  -50.190 0.0000000000
16360  2.403  -66.629  -52.536 0.0000000000
16361  1.799  -66.990  -51.707 0.0000000000
16375  10.664  -66.328  -52.832 0.0000000000
16380  2.692  -66.771  -53.481 0.0000000000
16394  8.520  -66.737  -54.265 0.0000000000
16411  4.951  -66.870  -54.689 0.0000000000
16412  3.830  -66.434  -54.227 0.0000000000
16439  15.680  -66.674  -56.813 0.0000000000
16453  15.163  -66.179  -58.229 0.0000000000
16460  14.270  -66.156  -60.201 0.0000000000
16466  17.544  -66.431  -62.270 0.0000000000
16467  16.897  -66.379  -62.608 0.0000000000
17046  0.439  -65.101  -17.492 0.0000000000
17203  1.340  -65.637  -31.420 0.0000000000
17229  2.505  -65.985  -34.743 0.0000000000
17230  1.878  -65.227  -35.032 0.0000000000
17278  1.628  -65.650  -37.707 0.0000000000
17284  4.978  -64.485  -39.291 0.0000000000
17290  6.256  -65.522  -39.500 0.0000000000
17302  0.749  -65.533  -40.736 0.0000000000
17314  1.356  -65.368  -41.483 0.0000000000
17430  4.617  -64.916  -50.021 0.0000000000
17432  1.484  -65.625  -48.970 0.0000000000
17446  5.033  -66.000  -51.108 0.0000000000
17469  7.314  -65.493  -51.603 0.0000000000
17471  4.577  -65.419  -51.870 0.0000000000
17502  9.630  -65.612  -54.298 0.0000000000
17503  6.685  -64.547  -54.274 0.0000000000
17517  7.832  -64.515  -55.298 0.0000000000
17520  4.541  -66.346  -54.288 0.0000000000
17551  17.447  -65.211  -59.441 0.0000000000
18154  0.756  -64.111  -16.924 0.0000000000
18176  0.340  -64.636  -18.355 0.0000000000
18193  6.646  -64.868  -19.343 0.0000000000
18216  0.699  -63.991  -19.950 0.0000000000
18289  0.332  -65.076  -25.106 0.0000000000
18321  1.976  -64.631  -29.613 0.0000000000
18350  1.244  -64.845  -32.759 0.0000000000
18408  5.138  -64.016  -37.002 0.0000000000
18425  5.505  -64.697  -38.060 0.0000000000
18454  1.764  -64.833  -41.340 0.0000000000
18541  1.939  -63.817  -47.780 0.0000000000
18560  4.577  -64.104  -48.746 0.0000000000
18561  1.590  -64.652  -48.119 0.0000000000
18577  4.175  -63.974  -49.521 0.0000000000
18604  3.368  -64.639  -50.728 0.0000000000
18627  3.837  -64.611  -51.365 0.0000000000
18656  7.096  -64.001  -54.671 0.0000000000
19308  0.527  -63.308  -17.493 0.0000000000
19320  3.897  -63.757  -17.935 0.0000000000
19321  0.352  -62.792  -18.148 0.0000000000
19334  6.045  -63.745  -18.872 0.0000000000
19335  0.699  -62.685  -19.013 0.0000000000
19505  1.440  -63.606  -31.388 0.0000000000
19543  4.763  -63.044  -34.561 0.0000000000
19550  1.239  -63.622  -36.000 0.0000000000
19559  1.071  -63.271  -36.851 0.0000000000
19583  3.937  -63.359  -39.766 0.0000000000
19591  2.639  -63.516  -40.654 0.0000000000
19592  1.981  -63.597  -40.567 0.0000000000
19708  3.867  -63.406  -48.936 0.0000000000
19761  7.928  -62.708  -53.768 0.0000000000
20362  1.224  -62.428  -17.073 0.0000000000
20363  0.765  -62.481  -17.326 0.0000000000
20377  0.430  -62.054  -17.920 0.0000000000
20491  0.487  -62.753  -24.986 0.0000000000
20574  3.031  -62.826  -30.061 0.0000000000
20606  4.902  -62.046  -33.444 0.0000000000
20629  4.297  -62.133  -37.595 0.0000000000
20651  2.655  -61.321  -39.460 0.0000000000
20653  1.187  -61.563  -39.579 0.0000000000
20664  1.573  -62.067  -40.066 0.0000000000
21440  0.596  -61.955  -17.663 0.0000000000
21447  4.493  -61.053  -18.474 0.0000000000
21455  7.283  -61.128  -19.931 0.0000000000
21471  1.431  -61.332  -20.007 0.0000000000
21548  0.545  -61.429  -24.800 0.0000000000
21562  2.424  -62.030  -27.275 0.0000000000
21570  4.159  -61.657  -28.758 0.0000000000
21571  3.686  -61.868  -28.198 0.0000000000
21594  1.562  -61.230  -31.501 0.0000000000
21603  1.231  -60.959  -32.164 0.0000000000
21617  4.169  -61.441  -34.056 0.0000000000
21634  3.558  -60.386  -35.725 0.0000000000
21665  2.311  -60.142  -38.384 0.0000000000
21666  0.912  -60.663  -38.333 0.0000000000
21683  1.925  -60.631  -39.141 0.0000000000
21684  1.183  -60.843  -39.207 0.0000000000
22500  1.231  -60.330  -17.784 0.0000000000
22507  2.889  -59.710  -18.028 0.0000000000
22509  1.279  -59.756  -18.387 0.0000000000
22524  8.556  -60.032  -20.333 0.0000000000
22528  2.185  -59.430  -19.950 0.0000000000
22643  2.540  -61.100  -30.828 0.0000000000
22645  6.358  -60.174  -31.177 0.0000000000
22646  5.329  -60.301  -31.176 0.0000000000
22667  4.474  -60.225  -33.696 0.0000000000
22676  3.151  -59.276  -34.533 0.0000000000
22707  2.060  -59.278  -36.975 0.0000000000
22727  1.732  -59.672  -37.807 0.0000000000
23523  6.036  -59.060  -19.359 0.0000000000
23526  2.535  -58.396  -19.169 0.0000000000
23527  1.472  -59.431  -18.874 0.0000000000
23533  9.633  -58.732  -20.514 0.0000000000
23536  3.252  -58.277  -20.354 0.0000000000
23650  6.274  -60.213  -30.797 0.0000000000
23654  6.908  -59.875  -31.214 0.0000000000
23655  5.738  -59.893  -31.448 0.0000000000
23656  4.587  -59.517  -31.344 0.0000000000
23664  1.953  -59.349  -32.353 0.0000000000
24562  3.129  -57.883  -18.896 0.0000000000
24568  6.886  -57.488  -18.986 0.0000000000
24581  13.860  -57.985  -20.529 0.0000000000
24583  10.621  -57.514  -20.220 0.0000000000
24664  2.110  -58.682  -27.331 0.0000000000
24681  5.353  -58.441  -28.872 0.0000000000
24689  6.917  -58.849  -30.145 0.0000000000
24690  6.069  -59.138  -29.591 0.0000000000
24693  7.400  -58.777  -31.087 0.0000000000
24694  7.284  -59.411  -30.958 0.0000000000
24730  3.009  -57.825  -33.095 0.0000000000
25555  17.361  -57.285  -19.189 0.0000000000
25558  14.739  -56.926  -19.478 0.0000000000
25561  12.154  -56.902  -19.408 0.0000000000
25563  5.491  -56.472  -18.932 0.0000000000
25579  18.350  -57.551  -19.643 0.0000000000
25581  16.113  -57.725  -19.957 0.0000000000
25586  11.988  -57.405  -19.810 0.0000000000
25590  6.097  -56.034  -19.239 0.0000000000
25705  4.716  -56.846  -31.847 0.0000000000
25707  3.085  -57.361  -31.815 0.0000000000
25711  3.086  -57.376  -32.376 0.0000000000
25720  4.019  -56.927  -33.540 0.0000000000
25721  3.736  -56.697  -32.775 0.0000000000
26568  16.240  -56.331  -19.482 0.0000000000
26573  10.481  -55.862  -19.131 0.0000000000
26575  8.382  -55.685  -19.161 0.0000000000
26692  8.793  -56.678  -30.964 0.0000000000
26693  8.354  -56.909  -30.649 0.0000000000
26700  3.931  -56.615  -32.096 0.0000000000
26703  4.437  -56.108  -32.648 0.0000000000
26704  4.050  -56.429  -32.423 0.0000000000
26723  5.203  -55.955  -34.602 0.0000000000
27589  12.726  -55.422  -20.272 0.0000000000
27592  9.487  -55.337  -19.963 0.0000000000
27607  10.092  -54.788  -20.646 0.0000000000
27622  9.279  -55.180  -22.658 0.0000000000
27624  8.024  -55.536  -22.853 0.0000000000
27654  3.365  -54.998  -22.943 0.0000000000
27709  10.250  -55.047  -31.190 0.0000000000
27710  9.330  -55.463  -30.542 0.0000000000
27716  6.849  -55.762  -32.041 0.0000000000
27718  5.015  -55.860  -32.407 0.0000000000
27723  6.170  -55.345  -32.511 0.0000000000
27724  5.349  -55.591  -32.659 0.0000000000
27734  5.114  -55.577  -33.180 0.0000000000
27745  5.082  -55.644  -33.894 0.0000000000
28663  16.647  -54.910  -20.474 0.0000000000
28676  11.817  -53.840  -20.936 0.0000000000
28697  12.255  -53.852  -21.843 0.0000000000
28699  10.657  -54.753  -22.267 0.0000000000
28770  3.736  -54.483  -27.660 0.0000000000
28777  9.942  -54.806  -30.679 0.0000000000
28781  10.537  -54.478  -31.652 0.0000000000
28789  10.255  -54.312  -32.258 0.0000000000
28790  8.596  -54.504  -32.918 0.0000000000
28792  5.742  -55.259  -33.020 0.0000000000
28807  5.597  -55.343  -33.738 0.0000000000
29701  6.960  -53.482  -29.259 0.0000000000
29720  11.171  -53.292  -32.070 0.0000000000
30616  11.301  -52.849  -31.599 0.0000000000
31579  11.161  -51.561  -30.749 0.0000000000
31608  10.684  -51.110  -32.605 0.0000000000
32570  11.316  -50.911  -30.688 0.0000000000
33500  8.517  -49.535  -26.656 0.0000000000
33528  4.134  -49.495  -26.125 0.0000000000
33558  6.320  -49.651  -30.093 0.0000000000
33570  11.120  -49.560  -30.018 0.0000000000
34568  5.375  -48.421  -25.832 0.0000000000
34622  5.610  -48.587  -28.363 0.0000000000
35614  21.825  -46.880  -21.848 0.0000000000
35685  5.188  -48.028  -26.355 0.0000000000
35701  5.817  -47.331  -26.803 0.0000000000
35720  6.765  -47.950  -29.113 0.0000000000
35731  11.494  -47.918  -30.314 0.0000000000
36599  23.906  -46.120  -19.896 0.0000000000
36680  6.412  -46.809  -27.240 0.0000000000
36685  11.115  -46.534  -29.299 0.0000000000
36686  10.143  -46.751  -29.336 0.0000000000
37693  9.760  -45.588  -28.966 0.0000000000
38602  23.076  -44.295  -18.795 0.0000000000
38639  24.574  -44.547  -22.015 0.0000000000
38660  24.490  -44.257  -24.376 0.0000000000
40751  21.995  -42.023  -18.750 0.0000000000
41806  14.721  -41.761  -28.246 0.0000000000
47512  15.067  -35.241  -29.504 0.0000000000
48571  12.212  -33.624  -26.920 0.0000000000
123506  -0.129  -71.713  -38.593 0.0000000000
123508  0.061  -70.063  -38.399 0.0000000000
123510  -0.138  -70.541  -39.133 0.0000000000
123511  0.152  -70.311  -36.603 0.0000000000
123513  0.267  -69.296  -37.851 0.0000000000
123515  -0.273  -70.893  -40.006 0.0000000000
123519  0.673  -68.824  -36.470 0.0000000000
123520  0.284  -68.483  -39.552 0.0000000000
123522  -0.643  -70.293  -40.601 0.0000000000
123524  -1.061  -69.618  -40.894 0.0000000000
123529  -0.967  -70.254  -41.824 0.0000000000
123531  -1.161  -69.922  -41.034 0.0000000000
123532  -1.587  -69.583  -41.585 0.0000000000
123533  -1.730  -68.712  -41.926 0.0000000000
123534  -1.316  -68.283  -41.803 0.0000000000
123538  -1.546  -69.702  -42.100 0.0000000000
123539  -1.414  -69.066  -42.305 0.0000000000
123540  -1.186  -68.746  -42.267 0.0000000000
123542  1.117  -69.133  -33.310 0.0000000000
123543  -0.397  -70.189  -42.384 0.0000000000
123544  -0.959  -69.562  -42.397 0.0000000000
123545  -1.155  -69.211  -42.393 0.0000000000
123547  -0.857  -69.067  -42.440 0.0000000000
123549  0.010  -67.991  -42.081 0.0000000000
123550  0.576  -68.723  -31.795 0.0000000000
123553  -0.155  -68.873  -42.354 0.0000000000
123554  0.551  -68.590  -42.194 0.0000000000
123556  1.052  -68.106  -31.769 0.0000000000
123561  1.422  -68.497  -42.048 0.0000000000
123564  1.091  -66.880  -30.926 0.0000000000
123572  1.243  -66.005  -28.710 0.0000000000
123573  1.645  -65.235  -29.216 0.0000000000
123575  4.073  -66.694  -41.732 0.0000000000
123582  5.146  -65.891  -41.193 0.0000000000
123583  5.594  -65.460  -40.421 0.0000000000
123585  0.516  -64.290  -26.180 0.0000000000
123587  5.553  -64.987  -39.416 0.0000000000
123591  6.038  -65.191  -37.731 0.0000000000
123592  0.573  -62.441  -26.191 0.0000000000
123593  1.694  -62.631  -26.990 0.0000000000
123634  4.027  -53.976  -23.209 0.0000000000
124016  9.500  -38.052  -25.074 0.0000000000
124259  17.703  -75.337  -55.904 0.0000000000
124499  0.165  -70.509  -48.898 0.0000000000
124503  1.448  -60.022  -34.114 0.0000000000
124570  -0.748  -67.834  -41.943 0.0000000000
124677  9.941  -90.467  -39.886 0.0000000000
124853  26.590  -81.352  -48.917 0.0000000000
124973  3.458  -64.218  -50.005 0.0000000000
125194  15.189  -89.826  -38.905 0.0000000000
125516  1.246  -76.992  -16.366 0.0000000000
125620  4.122  -75.491  -22.193 0.0000000000
126124  18.280  -84.674  -48.104 0.0000000000
126365  17.189  -75.210  -57.773 0.0000000000
126417  1.537  -66.480  -49.957 0.0000000000
126474  13.717  -90.147  -42.543 0.0000000000
126497  3.691  -71.436  -15.268 0.0000000000
126581  1.826  -75.413  -47.754 0.0000000000
126722  8.745  -47.360  -29.595 0.0000000000
126833  1.597  -71.999  -18.788 0.0000000000
126882  3.501  -76.297  -52.440 0.0000000000
127009  9.069  -87.532  -50.741 0.0000000000
127636  22.166  -87.028  -38.836 0.0000000000
127715  5.324  -64.057  -18.559 0.0000000000
127814  -1.177  -68.810  -42.333 0.0000000000
127856  19.295  -83.008  -52.279 0.0000000000
127885  7.065  -70.466  -39.064 0.0000000000
127915  6.545  -91.345  -37.026 0.0000000000
127919  20.172  -75.161  -60.041 0.0000000000
128079  8.489  -69.220  -39.952 0.0000000000
128103  6.317  -70.374  -38.851 0.0000000000
128111  9.086  -49.953  -29.896 0.0000000000
128121  2.620  -58.583  -31.467 0.0000000000
128262  23.893  -76.562  -60.255 0.0000000000
128362  17.587  -88.762  -35.612 0.0000000000
128436  -0.452  -73.097  -41.372 0.0000000000
128523  13.359  -69.940  -61.683 0.0000000000
128626  10.349  -85.000  -49.290 0.0000000000
128639  5.868  -50.051  -29.860 0.0000000000
128661  1.242  -68.836  -15.755 0.0000000000
128680  0.676  -79.798  -20.735 0.0000000000
128819  20.988  -74.908  -48.461 0.0000000000
128873  8.399  -69.506  -52.962 0.0000000000
128915  7.975  -90.662  -35.397 0.0000000000
128930  18.039  -80.008  -50.844 0.0000000000
129264  2.695  -88.467  -32.737 0.0000000000
129310  18.736  -86.159  -44.183 0.0000000000
129339  1.439  -76.429  -53.672 0.0000000000
129489  1.079  -82.753  -25.905 0.0000000000
129514  0.699  -66.886  -38.649 0.0000000000
129705  4.172  -72.687  -44.328 0.0000000000
129905  19.564  -84.817  -42.765 0.0000000000
130036  11.248  -36.026  -26.786 0.0000000000
130154  9.158  -89.544  -44.601 0.0000000000
130173  1.296  -77.914  -17.669 0.0000000000
130568  0.289  -70.337  -35.685 0.0000000000
131001  0.092  -77.984  -53.573 0.0000000000
131050  16.242  -75.370  -55.665 0.0000000000
131123  13.424  -82.925  -39.142 0.0000000000
131131  6.530  -65.889  -55.236 0.0000000000
131247  7.239  -73.356  -49.829 0.0000000000
131358  16.623  -90.047  -41.195 0.0000000000
131466  19.336  -83.145  -51.140 0.0000000000
131524  2.248  -75.166  -40.760 0.0000000000
131532  4.817  -91.132  -37.811 0.0000000000
131597  16.981  -78.391  -51.138 0.0000000000
131782  4.298  -59.483  -33.765 0.0000000000
131804  1.375  -73.742  -16.955 0.0000000000
131984  1.196  -72.197  -19.937 0.0000000000
131995  9.522  -91.057  -37.109 0.0000000000
132287  8.800  -89.654  -51.293 0.0000000000
132320  1.909  -68.581  -33.757 0.0000000000
132504  8.590  -70.291  -41.484 0.0000000000
132518  18.997  -83.502  -50.525 0.0000000000
132567  10.642  -89.818  -50.319 0.0000000000
132634  1.034  -73.693  -42.389 0.0000000000
133256  1.151  -68.711  -35.876 0.0000000000
133263  2.691  -73.657  -20.256 0.0000000000
133312  17.804  -83.466  -45.042 0.0000000000
133423  3.818  -72.138  -39.243 0.0000000000
133577  17.278  -79.114  -45.609 0.0000000000
133750  1.119  -63.996  -32.749 0.0000000000
133892  23.615  -85.876  -44.342 0.0000000000
133983  5.277  -64.970  -18.509 0.0000000000
134005  3.015  -59.803  -30.923 0.0000000000
134021  1.045  -66.798  -42.005 0.0000000000
134126  4.817  -84.064  -34.295 0.0000000000
134187  3.415  -87.101  -27.045 0.0000000000
134326  0.950  -64.757  -16.626 0.0000000000
134355  16.455  -78.268  -53.364 0.0000000000
134391  13.501  -88.877  -42.866 0.0000000000
134438  3.727  -65.125  -41.223 0.0000000000
134626  13.057  -83.448  -42.434 0.0000000000
134635  7.928  -73.250  -52.808 0.0000000000
134895  1.416  -62.766  -31.647 0.0000000000
134978  -0.055  -75.993  -44.214 0.0000000000
135263  14.222  -34.880  -29.653 0.0000000000
135663  7.431  -89.157  -51.481 0.0000000000
135775  10.372  -88.947  -34.619 0.0000000000
135821  6.486  -66.853  -55.145 0.0000000000
136105  12.012  -70.839  -56.849 0.0000000000
136227  2.184  -54.846  -23.676 0.0000000000
136277  11.538  -85.199  -43.600 0.0000000000
136292  -0.101  -71.035  -48.989 0.0000000000
136295  0.430  -70.499  -34.943 0.0000000000
136320  16.558  -80.074  -46.938 0.0000000000
136593  -0.227  -78.665  -52.258 0.0000000000
136852  21.370  -87.350  -33.014 0.0000000000
136962  20.358  -87.141  -36.815 0.0000000000
137028  1.077  -82.053  -26.036 0.0000000000
137237  4.111  -88.819  -29.384 0.0000000000
137424  22.516  -84.792  -35.370 0.0000000000
137499  11.816  -84.466  -43.927 0.0000000000
137547  2.736  -89.988  -37.657 0.0000000000
137553  4.463  -75.048  -41.389 0.0000000000
137566  6.648  -64.490  -54.944 0.0000000000
137726  -1.028  -77.860  -51.027 0.0000000000
138129  17.512  -88.526  -35.286 0.0000000000
138220  13.691  -83.289  -44.145 0.0000000000
138250  8.955  -47.440  -24.962 0.0000000000
138291  2.626  -59.270  -31.175 0.0000000000
138471  4.447  -65.008  -18.092 0.0000000000
138846  0.778  -69.490  -16.150 0.0000000000
139028  23.274  -72.975  -61.766 0.0000000000
139231  2.736  -87.064  -37.601 0.0000000000
139414  3.568  -73.907  -45.083 0.0000000000
139531  2.640  -74.821  -40.330 0.0000000000
139540  1.163  -77.789  -20.054 0.0000000000
139564  1.430  -65.321  -48.420 0.0000000000
139617  5.613  -91.305  -38.133 0.0000000000
139683  3.197  -89.693  -34.360 0.0000000000
139809  4.868  -84.360  -32.668 0.0000000000
139844  13.424  -86.462  -52.356 0.0000000000
139919  13.923  -89.414  -40.532 0.0000000000
139931  12.982  -57.409  -19.643 0.0000000000
139939  1.970  -66.045  -50.508 0.0000000000
139987  5.346  -69.316  -52.911 0.0000000000
140202  5.347  -56.920  -21.480 0.0000000000
140360  4.829  -61.892  -18.594 0.0000000000
140373  8.029  -89.499  -51.607 0.0000000000
140476  8.308  -90.527  -41.851 0.0000000000
140738  -1.388  -80.542  -46.143 0.0000000000
141062  23.103  -78.728  -59.024 0.0000000000
141210  4.801  -55.927  -33.948 0.0000000000
141221  15.545  -89.684  -38.404 0.0000000000
141429  3.525  -63.766  -49.368 0.0000000000
141458  -1.685  -81.325  -47.171 0.0000000000
141465  19.407  -56.517  -19.622 0.0000000000
141618  1.329  -73.416  -46.100 0.0000000000
141961  9.019  -69.570  -58.479 0.0000000000
142082  16.270  -89.993  -39.555 0.0000000000
142252  13.491  -83.588  -46.204 0.0000000000
142513  4.778  -70.402  -50.417 0.0000000000
142571  1.053  -66.543  -47.204 0.0000000000
142614  7.161  -69.719  -44.096 0.0000000000
142822  1.147  -63.274  -33.887 0.0000000000
142960  -0.572  -76.653  -51.353 0.0000000000
142998  23.045  -83.568  -37.123 0.0000000000
143261  9.311  -69.960  -51.866 0.0000000000
143543  26.129  -84.883  -35.383 0.0000000000
143692  18.676  -85.191  -43.954 0.0000000000
143715  9.991  -90.590  -36.810 0.0000000000
143876  19.590  -75.361  -60.252 0.0000000000
143998  17.239  -73.056  -61.799 0.0000000000
144021  15.410  -66.354  -62.287 0.0000000000
144061  0.992  -79.143  -19.783 0.0000000000
144145  6.525  -64.164  -19.133 0.0000000000
144152  11.043  -89.124  -35.379 0.0000000000
144160  9.868  -69.093  -52.430 0.0000000000
144210  2.372  -78.294  -23.627 0.0000000000
144308  17.991  -80.232  -44.661 0.0000000000
144312  0.846  -71.384  -52.488 0.0000000000
144376  1.217  -73.074  -15.297 0.0000000000
144638  4.256  -89.595  -32.602 0.0000000000
144875  2.301  -71.792  -52.676 0.0000000000
145208  18.418  -71.987  -60.497 0.0000000000
145260  9.373  -85.427  -49.817 0.0000000000
145484  13.961  -66.011  -59.293 0.0000000000
145594  17.257  -83.576  -46.892 0.0000000000
145672  4.521  -67.950  -18.570 0.0000000000
145689  20.315  -75.228  -58.103 0.0000000000
145693  7.973  -66.993  -40.162 0.0000000000
145738  4.031  -69.204  -44.476 0.0000000000
145745  17.302  -83.357  -46.105 0.0000000000
145760  14.837  -70.413  -49.924 0.0000000000
145824  21.925  -85.620  -36.970 0.0000000000
145931  14.092  -85.481  -46.401 0.0000000000
145979  0.473  -70.400  -21.783 0.0000000000
146014  16.593  -87.839  -46.318 0.0000000000
146056  20.067  -75.186  -48.597 0.0000000000
146067  0.014  -72.686  -42.480 0.0000000000
146083  4.652  -57.668  -18.653 0.0000000000
146087  17.349  -79.708  -55.281 0.0000000000
146256  20.946  -86.688  -36.310 0.0000000000
146258  0.369  -70.271  -51.472 0.0000000000
146284  11.117  -88.729  -36.609 0.0000000000
146292  0.473  -68.227  -30.620 0.0000000000
146304  4.443  -56.656  -34.013 0.0000000000
146314  26.024  -75.045  -60.360 0.0000000000
146362  13.170  -89.792  -43.816 0.0000000000
146407  8.813  -87.381  -46.383 0.0000000000
146501  11.300  -73.186  -53.238 0.0000000000
146670  5.821  -88.754  -31.095 0.0000000000
146690  8.634  -55.160  -21.353 0.0000000000
146702  17.164  -78.876  -49.697 0.0000000000
146715  10.930  -84.882  -49.298 0.0000000000
146829  20.273  -71.675  -64.735 0.0000000000
146984  0.116  -70.459  -37.891 0.0000000000
146987  0.028  -74.622  -50.177 0.0000000000
146990  17.354  -89.647  -41.350 0.0000000000
147057  12.928  -87.865  -45.462 0.0000000000
147086  7.351  -73.654  -51.921 0.0000000000
147208  2.721  -76.230  -25.323 0.0000000000
147261  12.518  -83.546  -44.440 0.0000000000
147266  9.557  -68.605  -58.513 0.0000000000
147365  1.173  -60.006  -37.905 0.0000000000
147410  2.614  -73.537  -20.628 0.0000000000
147411  23.736  -83.276  -38.197 0.0000000000
147611  20.956  -79.268  -57.271 0.0000000000
147709  -0.109  -74.864  -49.060 0.0000000000
147770  17.067  -83.683  -52.781 0.0000000000
147935  10.285  -90.024  -37.833 0.0000000000
147998  7.541  -57.857  -30.441 0.0000000000
148019  15.365  -82.601  -41.693 0.0000000000
148137  16.850  -81.631  -48.762 0.0000000000
148256  13.655  -89.916  -41.809 0.0000000000
148280  22.867  -86.833  -41.363 0.0000000000
148356  18.882  -76.193  -55.949 0.0000000000
148380  2.104  -83.733  -30.685 0.0000000000
148429  3.406  -90.474  -37.924 0.0000000000
148481  11.118  -86.743  -41.141 0.0000000000
148520  12.196  -71.374  -50.128 0.0000000000
148549  0.788  -60.954  -17.657 0.0000000000
148555  8.119  -57.341  -30.796 0.0000000000
148642  19.190  -85.432  -50.023 0.0000000000
148683  4.543  -63.901  -39.257 0.0000000000
148794  18.896  -88.088  -35.218 0.0000000000
148817  -0.083  -71.981  -49.437 0.0000000000
148821  0.805  -78.957  -51.799 0.0000000000
148926  22.672  -85.260  -44.526 0.0000000000
148957  15.108  -69.343  -49.536 0.0000000000
148980  4.301  -74.181  -43.833 0.0000000000
148991  15.267  -70.198  -58.126 0.0000000000
149153  4.649  -73.290  -43.165 0.0000000000
149164  6.078  -75.657  -52.328 0.0000000000
149177  2.569  -59.100  -18.310 0.0000000000
149229  0.524  -81.477  -24.235 0.0000000000
149282  0.528  -64.169  -19.017 0.0000000000
149291  5.329  -80.909  -30.273 0.0000000000
149455  -0.784  -77.623  -52.849 0.0000000000
149503  0.737  -72.921  -46.359 0.0000000000
149507  9.626  -90.651  -39.022 0.0000000000
149524  11.228  -88.987  -35.025 0.0000000000
149590  4.109  -90.579  -36.663 0.0000000000
149706  18.968  -88.495  -41.912 0.0000000000
