
Fri Mar  6 06:24:28 CET 2026
cd /out/sourcedata/freesurfer/sub-v1s10x0050999_ses-1
setenv SUBJECTS_DIR /out/sourcedata/freesurfer
/opt/freesurfer/bin/recon-all -autorecon1 -i /work/fmriprep_25_2_wf/sub_v1s10x0050999_ses_1_wf/anat_fit_wf/anat_validate/sub-v1s10x0050999_ses-1_T1w_noise_corrected_ras_valid.nii.gz -noskullstrip -noT2pial -noFLAIRpial -openmp 16 -subjid sub-v1s10x0050999_ses-1 -sd /out/sourcedata/freesurfer

subjid sub-v1s10x0050999_ses-1
setenv SUBJECTS_DIR /out/sourcedata/freesurfer
FREESURFER_HOME /opt/freesurfer
Actual FREESURFER_HOME /opt/freesurfer
build-stamp.txt: freesurfer-linux-ubuntu22_x86_64-7.3.2-20220804-6354275
Linux dna078 5.14.0-427.37.1.el9_4.x86_64 #1 SMP PREEMPT_DYNAMIC Fri Sep 13 12:41:50 EDT 2024 x86_64 x86_64 x86_64 GNU/Linux
cputime      unlimited
filesize     unlimited
datasize     unlimited
stacksize    8192 kbytes
coredumpsize 0 kbytes
memoryuse    67108864 kbytes
vmemoryuse   unlimited
descriptors  1024 
memorylocked unlimited
maxproc      2061970 
maxlocks     unlimited
maxsignal    2062029 
maxmessage   819200 
maxnice      0 
maxrtprio    0 
maxrttime    unlimited

               total        used        free      shared  buff/cache   available
Mem:           503Gi        67Gi       409Gi       6.3Gi        26Gi       426Gi
Swap:             0B          0B          0B

########################################
program versions used
7.3.2 (freesurfer-linux-ubuntu22_x86_64-7.3.2-20220804-6354275)
7.3.2

ProgramName: lta_convert  ProgramArguments: lta_convert -all-info  ProgramVersion: 7.3.2  TimeStamp: 2026/03/06-05:24:28-GMT  BuildTime: Aug  4 2022 06:17:15  BuildStamp: freesurfer-linux-ubuntu22_x86_64-7.3.2-20220804-6354275  User: oesteban  Machine: dna078  Platform: Linux  PlatformVersion: 5.14.0-427.37.1.el9_4.x86_64  CompilerName: GCC  CompilerVersion: 8.4.0
ProgramName: mri_and  ProgramArguments: mri_and -all-info  ProgramVersion: 7.3.2  TimeStamp: 2026/03/06-05:24:28-GMT  BuildTime: Aug  4 2022 06:17:15  BuildStamp: freesurfer-linux-ubuntu22_x86_64-7.3.2-20220804-6354275  User: oesteban  Machine: dna078  Platform: Linux  PlatformVersion: 5.14.0-427.37.1.el9_4.x86_64  CompilerName: GCC  CompilerVersion: 8.4.0
ProgramName: mri_annotation2label  ProgramArguments: mri_annotation2label -all-info  ProgramVersion: 7.3.2  TimeStamp: 2026/03/06-05:24:28-GMT  BuildTime: Aug  4 2022 06:17:15  BuildStamp: freesurfer-linux-ubuntu22_x86_64-7.3.2-20220804-6354275  User: oesteban  Machine: dna078  Platform: Linux  PlatformVersion: 5.14.0-427.37.1.el9_4.x86_64  CompilerName: GCC  CompilerVersion: 8.4.0
ProgramName: mri_aparc2aseg  ProgramArguments: mri_aparc2aseg -all-info  ProgramVersion: 7.3.2  TimeStamp: 2026/03/06-05:24:28-GMT  BuildTime: Aug  4 2022 06:17:15  BuildStamp: freesurfer-linux-ubuntu22_x86_64-7.3.2-20220804-6354275  User: oesteban  Machine: dna078  Platform: Linux  PlatformVersion: 5.14.0-427.37.1.el9_4.x86_64  CompilerName: GCC  CompilerVersion: 8.4.0
ProgramName: mri_surf2volseg  ProgramArguments: mri_surf2volseg -all-info  ProgramVersion: 7.3.2  TimeStamp: 2026/03/06-05:24:28-GMT  BuildTime: Aug  4 2022 06:17:15  BuildStamp: freesurfer-linux-ubuntu22_x86_64-7.3.2-20220804-6354275  User: oesteban  Machine: dna078  Platform: Linux  PlatformVersion: 5.14.0-427.37.1.el9_4.x86_64  CompilerName: GCC  CompilerVersion: 8.4.0
ProgramName: mri_binarize  ProgramArguments: mri_binarize -all-info  ProgramVersion: 7.3.2  TimeStamp: 2026/03/06-05:24:28-GMT  BuildTime: Aug  4 2022 06:17:15  BuildStamp: freesurfer-linux-ubuntu22_x86_64-7.3.2-20220804-6354275  User: oesteban  Machine: dna078  Platform: Linux  PlatformVersion: 5.14.0-427.37.1.el9_4.x86_64  CompilerName: GCC  CompilerVersion: 8.4.0
ProgramName: mri_ca_label  ProgramArguments: mri_ca_label -all-info  ProgramVersion: 7.3.2  TimeStamp: 2026/03/06-05:24:28-GMT  BuildTime: Aug  4 2022 06:17:15  BuildStamp: freesurfer-linux-ubuntu22_x86_64-7.3.2-20220804-6354275  User: oesteban  Machine: dna078  Platform: Linux  PlatformVersion: 5.14.0-427.37.1.el9_4.x86_64  CompilerName: GCC  CompilerVersion: 8.4.0
ProgramName: mri_ca_normalize  ProgramArguments: mri_ca_normalize -all-info  ProgramVersion: 7.3.2  TimeStamp: 2026/03/06-05:24:28-GMT  BuildTime: Aug  4 2022 06:17:15  BuildStamp: freesurfer-linux-ubuntu22_x86_64-7.3.2-20220804-6354275  User: oesteban  Machine: dna078  Platform: Linux  PlatformVersion: 5.14.0-427.37.1.el9_4.x86_64  CompilerName: GCC  CompilerVersion: 8.4.0
ProgramName: mri_ca_register  ProgramArguments: mri_ca_register -all-info  ProgramVersion: 7.3.2  TimeStamp: 2026/03/06-05:24:28-GMT  BuildTime: Aug  4 2022 06:17:15  BuildStamp: freesurfer-linux-ubuntu22_x86_64-7.3.2-20220804-6354275  User: oesteban  Machine: dna078  Platform: Linux  PlatformVersion: 5.14.0-427.37.1.el9_4.x86_64  CompilerName: GCC  CompilerVersion: 8.4.0
ProgramName: mri_cc  ProgramArguments: mri_cc -all-info  ProgramVersion: 7.3.2  TimeStamp: 2026/03/06-05:24:28-GMT  BuildTime: Aug  4 2022 06:17:15  BuildStamp: freesurfer-linux-ubuntu22_x86_64-7.3.2-20220804-6354275  User: oesteban  Machine: dna078  Platform: Linux  PlatformVersion: 5.14.0-427.37.1.el9_4.x86_64  CompilerName: GCC  CompilerVersion: 8.4.0
ProgramName: mri_compute_overlap  ProgramArguments: mri_compute_overlap -all-info  ProgramVersion: 7.3.2  TimeStamp: 2026/03/06-05:24:28-GMT  BuildTime: Aug  4 2022 06:17:15  BuildStamp: freesurfer-linux-ubuntu22_x86_64-7.3.2-20220804-6354275  User: oesteban  Machine: dna078  Platform: Linux  PlatformVersion: 5.14.0-427.37.1.el9_4.x86_64  CompilerName: GCC  CompilerVersion: 8.4.0
ProgramName: mri_compute_seg_overlap  ProgramArguments: mri_compute_seg_overlap -all-info  ProgramVersion: 7.3.2  TimeStamp: 2026/03/06-05:24:28-GMT  BuildTime: Aug  4 2022 06:17:15  BuildStamp: freesurfer-linux-ubuntu22_x86_64-7.3.2-20220804-6354275  User: oesteban  Machine: dna078  Platform: Linux  PlatformVersion: 5.14.0-427.37.1.el9_4.x86_64  CompilerName: GCC  CompilerVersion: 8.4.0
ProgramName: mri_concat  ProgramArguments: mri_concat -all-info  ProgramVersion: 7.3.2  TimeStamp: 2026/03/06-05:24:28-GMT  BuildTime: Aug  4 2022 06:17:15  BuildStamp: freesurfer-linux-ubuntu22_x86_64-7.3.2-20220804-6354275  User: oesteban  Machine: dna078  Platform: Linux  PlatformVersion: 5.14.0-427.37.1.el9_4.x86_64  CompilerName: GCC  CompilerVersion: 8.4.0
ProgramName: mri_concatenate_lta  ProgramArguments: mri_concatenate_lta -all-info  ProgramVersion: 7.3.2  TimeStamp: 2026/03/06-05:24:28-GMT  BuildTime: Aug  4 2022 06:17:15  BuildStamp: freesurfer-linux-ubuntu22_x86_64-7.3.2-20220804-6354275  User: oesteban  Machine: dna078  Platform: Linux  PlatformVersion: 5.14.0-427.37.1.el9_4.x86_64  CompilerName: GCC  CompilerVersion: 8.4.0
mri_convert -all-info 
ProgramName: mri_convert  ProgramArguments: mri_convert -all-info  ProgramVersion: 7.3.2  TimeStamp: 2026/03/06-05:24:28-GMT  BuildTime: Aug  4 2022 06:17:15  BuildStamp: freesurfer-linux-ubuntu22_x86_64-7.3.2-20220804-6354275  User: oesteban  Machine: dna078  Platform: Linux  PlatformVersion: 5.14.0-427.37.1.el9_4.x86_64  CompilerName: GCC  CompilerVersion: 8.4.0
ProgramName: mri_diff  ProgramArguments: mri_diff -all-info  ProgramVersion: 7.3.2  TimeStamp: 2026/03/06-05:24:28-GMT  BuildTime: Aug  4 2022 06:17:15  BuildStamp: freesurfer-linux-ubuntu22_x86_64-7.3.2-20220804-6354275  User: oesteban  Machine: dna078  Platform: Linux  PlatformVersion: 5.14.0-427.37.1.el9_4.x86_64  CompilerName: GCC  CompilerVersion: 8.4.0
ProgramName: mri_edit_wm_with_aseg  ProgramArguments: mri_edit_wm_with_aseg -all-info  ProgramVersion: 7.3.2  TimeStamp: 2026/03/06-05:24:28-GMT  BuildTime: Aug  4 2022 06:17:15  BuildStamp: freesurfer-linux-ubuntu22_x86_64-7.3.2-20220804-6354275  User: oesteban  Machine: dna078  Platform: Linux  PlatformVersion: 5.14.0-427.37.1.el9_4.x86_64  CompilerName: GCC  CompilerVersion: 8.4.0
ProgramName: mri_em_register  ProgramArguments: mri_em_register -all-info  ProgramVersion: 7.3.2  TimeStamp: 2026/03/06-05:24:28-GMT  BuildTime: Aug  4 2022 06:17:15  BuildStamp: freesurfer-linux-ubuntu22_x86_64-7.3.2-20220804-6354275  User: oesteban  Machine: dna078  Platform: Linux  PlatformVersion: 5.14.0-427.37.1.el9_4.x86_64  CompilerName: GCC  CompilerVersion: 8.4.0
ProgramName: mri_fill  ProgramArguments: mri_fill -all-info  ProgramVersion: 7.3.2  TimeStamp: 2026/03/06-05:24:28-GMT  BuildTime: Aug  4 2022 06:17:15  BuildStamp: freesurfer-linux-ubuntu22_x86_64-7.3.2-20220804-6354275  User: oesteban  Machine: dna078  Platform: Linux  PlatformVersion: 5.14.0-427.37.1.el9_4.x86_64  CompilerName: GCC  CompilerVersion: 8.4.0
ProgramName: mri_fuse_segmentations  ProgramArguments: mri_fuse_segmentations -all-info  ProgramVersion: 7.3.2  TimeStamp: 2026/03/06-05:24:28-GMT  BuildTime: Aug  4 2022 06:17:15  BuildStamp: freesurfer-linux-ubuntu22_x86_64-7.3.2-20220804-6354275  User: oesteban  Machine: dna078  Platform: Linux  PlatformVersion: 5.14.0-427.37.1.el9_4.x86_64  CompilerName: GCC  CompilerVersion: 8.4.0
ProgramName: mri_fwhm  ProgramArguments: mri_fwhm -all-info  ProgramVersion: 7.3.2  TimeStamp: 2026/03/06-05:24:28-GMT  BuildTime: Aug  4 2022 06:17:15  BuildStamp: freesurfer-linux-ubuntu22_x86_64-7.3.2-20220804-6354275  User: oesteban  Machine: dna078  Platform: Linux  PlatformVersion: 5.14.0-427.37.1.el9_4.x86_64  CompilerName: GCC  CompilerVersion: 8.4.0
ProgramName: mri_gcut  ProgramArguments: mri_gcut -all-info  ProgramVersion: 7.3.2  TimeStamp: 2026/03/06-05:24:28-GMT  BuildTime: Aug  4 2022 06:17:15  BuildStamp: freesurfer-linux-ubuntu22_x86_64-7.3.2-20220804-6354275  User: oesteban  Machine: dna078  Platform: Linux  PlatformVersion: 5.14.0-427.37.1.el9_4.x86_64  CompilerName: GCC  CompilerVersion: 8.4.0
ProgramName: mri_info  ProgramArguments: mri_info -all-info  ProgramVersion: 7.3.2  TimeStamp: 2026/03/06-05:24:28-GMT  BuildTime: Aug  4 2022 06:17:15  BuildStamp: freesurfer-linux-ubuntu22_x86_64-7.3.2-20220804-6354275  User: oesteban  Machine: dna078  Platform: Linux  PlatformVersion: 5.14.0-427.37.1.el9_4.x86_64  CompilerName: GCC  CompilerVersion: 8.4.0
ProgramName: mri_label2label  ProgramArguments: mri_label2label -all-info  ProgramVersion: 7.3.2  TimeStamp: 2026/03/06-05:24:28-GMT  BuildTime: Aug  4 2022 06:17:15  BuildStamp: freesurfer-linux-ubuntu22_x86_64-7.3.2-20220804-6354275  User: oesteban  Machine: dna078  Platform: Linux  PlatformVersion: 5.14.0-427.37.1.el9_4.x86_64  CompilerName: GCC  CompilerVersion: 8.4.0
ProgramName: mri_label2vol  ProgramArguments: mri_label2vol -all-info  ProgramVersion: 7.3.2  TimeStamp: 2026/03/06-05:24:28-GMT  BuildTime: Aug  4 2022 06:17:15  BuildStamp: freesurfer-linux-ubuntu22_x86_64-7.3.2-20220804-6354275  User: oesteban  Machine: dna078  Platform: Linux  PlatformVersion: 5.14.0-427.37.1.el9_4.x86_64  CompilerName: GCC  CompilerVersion: 8.4.0
ProgramName: mri_log_likelihood  ProgramArguments: mri_log_likelihood -all-info  ProgramVersion: 7.3.2  TimeStamp: 2026/03/06-05:24:28-GMT  BuildTime: Aug  4 2022 06:17:15  BuildStamp: freesurfer-linux-ubuntu22_x86_64-7.3.2-20220804-6354275  User: oesteban  Machine: dna078  Platform: Linux  PlatformVersion: 5.14.0-427.37.1.el9_4.x86_64  CompilerName: GCC  CompilerVersion: 8.4.0
ProgramName: mri_mask  ProgramArguments: mri_mask -all-info  ProgramVersion: 7.3.2  TimeStamp: 2026/03/06-05:24:28-GMT  BuildTime: Aug  4 2022 06:17:15  BuildStamp: freesurfer-linux-ubuntu22_x86_64-7.3.2-20220804-6354275  User: oesteban  Machine: dna078  Platform: Linux  PlatformVersion: 5.14.0-427.37.1.el9_4.x86_64  CompilerName: GCC  CompilerVersion: 8.4.0
ProgramName: mri_matrix_multiply  ProgramArguments: mri_matrix_multiply -all-info  ProgramVersion: 7.3.2  TimeStamp: 2026/03/06-05:24:28-GMT  BuildTime: Aug  4 2022 06:17:15  BuildStamp: freesurfer-linux-ubuntu22_x86_64-7.3.2-20220804-6354275  User: oesteban  Machine: dna078  Platform: Linux  PlatformVersion: 5.14.0-427.37.1.el9_4.x86_64  CompilerName: GCC  CompilerVersion: 8.4.0
ProgramName: mri_normalize  ProgramArguments: mri_normalize -all-info  ProgramVersion: 7.3.2  TimeStamp: 2026/03/06-05:24:28-GMT  BuildTime: Aug  4 2022 06:17:15  BuildStamp: freesurfer-linux-ubuntu22_x86_64-7.3.2-20220804-6354275  User: oesteban  Machine: dna078  Platform: Linux  PlatformVersion: 5.14.0-427.37.1.el9_4.x86_64  CompilerName: GCC  CompilerVersion: 8.4.0
ProgramName: mri_normalize_tp2  ProgramArguments: mri_normalize_tp2 -all-info  ProgramVersion: 7.3.2  TimeStamp: 2026/03/06-05:24:28-GMT  BuildTime: Aug  4 2022 06:17:15  BuildStamp: freesurfer-linux-ubuntu22_x86_64-7.3.2-20220804-6354275  User: oesteban  Machine: dna078  Platform: Linux  PlatformVersion: 5.14.0-427.37.1.el9_4.x86_64  CompilerName: GCC  CompilerVersion: 8.4.0
ProgramName: mri_or  ProgramArguments: mri_or -all-info  ProgramVersion: 7.3.2  TimeStamp: 2026/03/06-05:24:28-GMT  BuildTime: Aug  4 2022 06:17:15  BuildStamp: freesurfer-linux-ubuntu22_x86_64-7.3.2-20220804-6354275  User: oesteban  Machine: dna078  Platform: Linux  PlatformVersion: 5.14.0-427.37.1.el9_4.x86_64  CompilerName: GCC  CompilerVersion: 8.4.0
ProgramName: mri_relabel_hypointensities  ProgramArguments: mri_relabel_hypointensities -all-info  ProgramVersion: 7.3.2  TimeStamp: 2026/03/06-05:24:28-GMT  BuildTime: Aug  4 2022 06:17:15  BuildStamp: freesurfer-linux-ubuntu22_x86_64-7.3.2-20220804-6354275  User: oesteban  Machine: dna078  Platform: Linux  PlatformVersion: 5.14.0-427.37.1.el9_4.x86_64  CompilerName: GCC  CompilerVersion: 8.4.0
ProgramName: mri_relabel_nonwm_hypos  ProgramArguments: mri_relabel_nonwm_hypos -all-info  ProgramVersion: 7.3.2  TimeStamp: 2026/03/06-05:24:28-GMT  BuildTime: Aug  4 2022 06:17:15  BuildStamp: freesurfer-linux-ubuntu22_x86_64-7.3.2-20220804-6354275  User: oesteban  Machine: dna078  Platform: Linux  PlatformVersion: 5.14.0-427.37.1.el9_4.x86_64  CompilerName: GCC  CompilerVersion: 8.4.0
ProgramName: mri_remove_neck  ProgramArguments: mri_remove_neck -all-info  ProgramVersion: 7.3.2  TimeStamp: 2026/03/06-05:24:28-GMT  BuildTime: Aug  4 2022 06:17:15  BuildStamp: freesurfer-linux-ubuntu22_x86_64-7.3.2-20220804-6354275  User: oesteban  Machine: dna078  Platform: Linux  PlatformVersion: 5.14.0-427.37.1.el9_4.x86_64  CompilerName: GCC  CompilerVersion: 8.4.0
7.3.2

ProgramName: mri_robust_register  ProgramArguments: mri_robust_register -all-info  ProgramVersion: 7.3.2  TimeStamp: 2026/03/06-05:24:28-GMT  BuildTime: Aug  4 2022 06:17:15  BuildStamp: freesurfer-linux-ubuntu22_x86_64-7.3.2-20220804-6354275  User: oesteban  Machine: dna078  Platform: Linux  PlatformVersion: 5.14.0-427.37.1.el9_4.x86_64  CompilerName: GCC  CompilerVersion: 8.4.0
7.3.2

ProgramName: mri_robust_template  ProgramArguments: mri_robust_template -all-info  ProgramVersion: 7.3.2  TimeStamp: 2026/03/06-05:24:28-GMT  BuildTime: Aug  4 2022 06:17:15  BuildStamp: freesurfer-linux-ubuntu22_x86_64-7.3.2-20220804-6354275  User: oesteban  Machine: dna078  Platform: Linux  PlatformVersion: 5.14.0-427.37.1.el9_4.x86_64  CompilerName: GCC  CompilerVersion: 8.4.0
ProgramName: mris_anatomical_stats  ProgramArguments: mris_anatomical_stats -all-info  ProgramVersion: 7.3.2  TimeStamp: 2026/03/06-05:24:28-GMT  BuildTime: Aug  4 2022 06:17:15  BuildStamp: freesurfer-linux-ubuntu22_x86_64-7.3.2-20220804-6354275  User: oesteban  Machine: dna078  Platform: Linux  PlatformVersion: 5.14.0-427.37.1.el9_4.x86_64  CompilerName: GCC  CompilerVersion: 8.4.0
ProgramName: mris_ca_label  ProgramArguments: mris_ca_label -all-info  ProgramVersion: 7.3.2  TimeStamp: 2026/03/06-05:24:28-GMT  BuildTime: Aug  4 2022 06:17:15  BuildStamp: freesurfer-linux-ubuntu22_x86_64-7.3.2-20220804-6354275  User: oesteban  Machine: dna078  Platform: Linux  PlatformVersion: 5.14.0-427.37.1.el9_4.x86_64  CompilerName: GCC  CompilerVersion: 8.4.0
ProgramName: mris_calc  ProgramArguments: mris_calc -all-info  ProgramVersion: 7.3.2  TimeStamp: 2026/03/06-05:24:28-GMT  BuildTime: Aug  4 2022 06:17:15  BuildStamp: freesurfer-linux-ubuntu22_x86_64-7.3.2-20220804-6354275  User: oesteban  Machine: dna078  Platform: Linux  PlatformVersion: 5.14.0-427.37.1.el9_4.x86_64  CompilerName: GCC  CompilerVersion: 8.4.0
ProgramName: mris_convert  ProgramArguments: mris_convert -all-info  ProgramVersion: 7.3.2  TimeStamp: 2026/03/06-05:24:28-GMT  BuildTime: Aug  4 2022 06:17:15  BuildStamp: freesurfer-linux-ubuntu22_x86_64-7.3.2-20220804-6354275  User: oesteban  Machine: dna078  Platform: Linux  PlatformVersion: 5.14.0-427.37.1.el9_4.x86_64  CompilerName: GCC  CompilerVersion: 8.4.0
ProgramName: mris_curvature  ProgramArguments: mris_curvature -all-info  ProgramVersion: 7.3.2  TimeStamp: 2026/03/06-05:24:28-GMT  BuildTime: Aug  4 2022 06:17:15  BuildStamp: freesurfer-linux-ubuntu22_x86_64-7.3.2-20220804-6354275  User: oesteban  Machine: dna078  Platform: Linux  PlatformVersion: 5.14.0-427.37.1.el9_4.x86_64  CompilerName: GCC  CompilerVersion: 8.4.0
ProgramName: mris_curvature_stats  ProgramArguments: mris_curvature_stats -all-info  ProgramVersion: 7.3.2  TimeStamp: 2026/03/06-05:24:28-GMT  BuildTime: Aug  4 2022 06:17:15  BuildStamp: freesurfer-linux-ubuntu22_x86_64-7.3.2-20220804-6354275  User: oesteban  Machine: dna078  Platform: Linux  PlatformVersion: 5.14.0-427.37.1.el9_4.x86_64  CompilerName: GCC  CompilerVersion: 8.4.0
ProgramName: mris_diff  ProgramArguments: mris_diff -all-info  ProgramVersion: 7.3.2  TimeStamp: 2026/03/06-05:24:28-GMT  BuildTime: Aug  4 2022 06:17:15  BuildStamp: freesurfer-linux-ubuntu22_x86_64-7.3.2-20220804-6354275  User: oesteban  Machine: dna078  Platform: Linux  PlatformVersion: 5.14.0-427.37.1.el9_4.x86_64  CompilerName: GCC  CompilerVersion: 8.4.0
ProgramName: mris_divide_parcellation  ProgramArguments: mris_divide_parcellation -all-info  ProgramVersion: 7.3.2  TimeStamp: 2026/03/06-05:24:28-GMT  BuildTime: Aug  4 2022 06:17:15  BuildStamp: freesurfer-linux-ubuntu22_x86_64-7.3.2-20220804-6354275  User: oesteban  Machine: dna078  Platform: Linux  PlatformVersion: 5.14.0-427.37.1.el9_4.x86_64  CompilerName: GCC  CompilerVersion: 8.4.0
ProgramName: mri_segment  ProgramArguments: mri_segment -all-info  ProgramVersion: 7.3.2  TimeStamp: 2026/03/06-05:24:28-GMT  BuildTime: Aug  4 2022 06:17:15  BuildStamp: freesurfer-linux-ubuntu22_x86_64-7.3.2-20220804-6354275  User: oesteban  Machine: dna078  Platform: Linux  PlatformVersion: 5.14.0-427.37.1.el9_4.x86_64  CompilerName: GCC  CompilerVersion: 8.4.0
ProgramName: mri_segstats  ProgramArguments: mri_segstats -all-info  ProgramVersion: 7.3.2  TimeStamp: 2026/03/06-05:24:28-GMT  BuildTime: Aug  4 2022 06:17:15  BuildStamp: freesurfer-linux-ubuntu22_x86_64-7.3.2-20220804-6354275  User: oesteban  Machine: dna078  Platform: Linux  PlatformVersion: 5.14.0-427.37.1.el9_4.x86_64  CompilerName: GCC  CompilerVersion: 8.4.0
ProgramName: mris_euler_number  ProgramArguments: mris_euler_number -all-info  ProgramVersion: 7.3.2  TimeStamp: 2026/03/06-05:24:28-GMT  BuildTime: Aug  4 2022 06:17:15  BuildStamp: freesurfer-linux-ubuntu22_x86_64-7.3.2-20220804-6354275  User: oesteban  Machine: dna078  Platform: Linux  PlatformVersion: 5.14.0-427.37.1.el9_4.x86_64  CompilerName: GCC  CompilerVersion: 8.4.0
ProgramName: mris_fix_topology  ProgramArguments: mris_fix_topology -all-info  ProgramVersion: 7.3.2  TimeStamp: 2026/03/06-05:24:28-GMT  BuildTime: Aug  4 2022 06:17:15  BuildStamp: freesurfer-linux-ubuntu22_x86_64-7.3.2-20220804-6354275  User: oesteban  Machine: dna078  Platform: Linux  PlatformVersion: 5.14.0-427.37.1.el9_4.x86_64  CompilerName: GCC  CompilerVersion: 8.4.0
ProgramName: mris_topo_fixer  ProgramArguments: mris_topo_fixer -all-info  ProgramVersion: 7.3.2  TimeStamp: 2026/03/06-05:24:28-GMT  BuildTime: Aug  4 2022 06:17:15  BuildStamp: freesurfer-linux-ubuntu22_x86_64-7.3.2-20220804-6354275  User: oesteban  Machine: dna078  Platform: Linux  PlatformVersion: 5.14.0-427.37.1.el9_4.x86_64  CompilerName: GCC  CompilerVersion: 8.4.0
ProgramName: mris_jacobian  ProgramArguments: mris_jacobian -all-info  ProgramVersion: 7.3.2  TimeStamp: 2026/03/06-05:24:28-GMT  BuildTime: Aug  4 2022 06:17:15  BuildStamp: freesurfer-linux-ubuntu22_x86_64-7.3.2-20220804-6354275  User: oesteban  Machine: dna078  Platform: Linux  PlatformVersion: 5.14.0-427.37.1.el9_4.x86_64  CompilerName: GCC  CompilerVersion: 8.4.0
ProgramName: mris_label2annot  ProgramArguments: mris_label2annot -all-info  ProgramVersion: 7.3.2  TimeStamp: 2026/03/06-05:24:28-GMT  BuildTime: Aug  4 2022 06:17:15  BuildStamp: freesurfer-linux-ubuntu22_x86_64-7.3.2-20220804-6354275  User: oesteban  Machine: dna078  Platform: Linux  PlatformVersion: 5.14.0-427.37.1.el9_4.x86_64  CompilerName: GCC  CompilerVersion: 8.4.0
ProgramName: mris_left_right_register  ProgramArguments: mris_left_right_register -all-info  ProgramVersion: 7.3.2  TimeStamp: 2026/03/06-05:24:28-GMT  BuildTime: Aug  4 2022 06:17:15  BuildStamp: freesurfer-linux-ubuntu22_x86_64-7.3.2-20220804-6354275  User: oesteban  Machine: dna078  Platform: Linux  PlatformVersion: 5.14.0-427.37.1.el9_4.x86_64  CompilerName: GCC  CompilerVersion: 8.4.0
ProgramName: mris_place_surface  ProgramArguments: mris_place_surface -all-info  ProgramVersion: 7.3.2  TimeStamp: 2026/03/06-05:24:28-GMT  BuildTime: Aug  4 2022 06:17:15  BuildStamp: freesurfer-linux-ubuntu22_x86_64-7.3.2-20220804-6354275  User: oesteban  Machine: dna078  Platform: Linux  PlatformVersion: 5.14.0-427.37.1.el9_4.x86_64  CompilerName: GCC  CompilerVersion: 8.4.0
ProgramName: mrisp_paint  ProgramArguments: mrisp_paint -all-info  ProgramVersion: 7.3.2  TimeStamp: 2026/03/06-05:24:28-GMT  BuildTime: Aug  4 2022 06:17:15  BuildStamp: freesurfer-linux-ubuntu22_x86_64-7.3.2-20220804-6354275  User: oesteban  Machine: dna078  Platform: Linux  PlatformVersion: 5.14.0-427.37.1.el9_4.x86_64  CompilerName: GCC  CompilerVersion: 8.4.0
ProgramName: mris_register  ProgramArguments: mris_register -all-info  ProgramVersion: 7.3.2  TimeStamp: 2026/03/06-05:24:29-GMT  BuildTime: Aug  4 2022 06:17:15  BuildStamp: freesurfer-linux-ubuntu22_x86_64-7.3.2-20220804-6354275  User: oesteban  Machine: dna078  Platform: Linux  PlatformVersion: 5.14.0-427.37.1.el9_4.x86_64  CompilerName: GCC  CompilerVersion: 8.4.0
ProgramName: mris_smooth  ProgramArguments: mris_smooth -all-info  ProgramVersion: 7.3.2  TimeStamp: 2026/03/06-05:24:29-GMT  BuildTime: Aug  4 2022 06:17:15  BuildStamp: freesurfer-linux-ubuntu22_x86_64-7.3.2-20220804-6354275  User: oesteban  Machine: dna078  Platform: Linux  PlatformVersion: 5.14.0-427.37.1.el9_4.x86_64  CompilerName: GCC  CompilerVersion: 8.4.0
ProgramName: mris_sphere  ProgramArguments: mris_sphere -all-info  ProgramVersion: 7.3.2  TimeStamp: 2026/03/06-05:24:29-GMT  BuildTime: Aug  4 2022 06:17:15  BuildStamp: freesurfer-linux-ubuntu22_x86_64-7.3.2-20220804-6354275  User: oesteban  Machine: dna078  Platform: Linux  PlatformVersion: 5.14.0-427.37.1.el9_4.x86_64  CompilerName: GCC  CompilerVersion: 8.4.0
ProgramName: mris_surface_stats  ProgramArguments: mris_surface_stats -all-info  ProgramVersion: 7.3.2  TimeStamp: 2026/03/06-05:24:29-GMT  BuildTime: Aug  4 2022 06:17:15  BuildStamp: freesurfer-linux-ubuntu22_x86_64-7.3.2-20220804-6354275  User: oesteban  Machine: dna078  Platform: Linux  PlatformVersion: 5.14.0-427.37.1.el9_4.x86_64  CompilerName: GCC  CompilerVersion: 8.4.0
ProgramName: mri_stats2seg  ProgramArguments: mri_stats2seg -all-info  ProgramVersion: 7.3.2  TimeStamp: 2026/03/06-05:24:29-GMT  BuildTime: Aug  4 2022 06:17:15  BuildStamp: freesurfer-linux-ubuntu22_x86_64-7.3.2-20220804-6354275  User: oesteban  Machine: dna078  Platform: Linux  PlatformVersion: 5.14.0-427.37.1.el9_4.x86_64  CompilerName: GCC  CompilerVersion: 8.4.0
ProgramName: mris_thickness  ProgramArguments: mris_thickness -all-info  ProgramVersion: 7.3.2  TimeStamp: 2026/03/06-05:24:29-GMT  BuildTime: Aug  4 2022 06:17:15  BuildStamp: freesurfer-linux-ubuntu22_x86_64-7.3.2-20220804-6354275  User: oesteban  Machine: dna078  Platform: Linux  PlatformVersion: 5.14.0-427.37.1.el9_4.x86_64  CompilerName: GCC  CompilerVersion: 8.4.0
ProgramName: mris_thickness_diff  ProgramArguments: mris_thickness_diff -all-info  ProgramVersion: 7.3.2  TimeStamp: 2026/03/06-05:24:29-GMT  BuildTime: Aug  4 2022 06:17:15  BuildStamp: freesurfer-linux-ubuntu22_x86_64-7.3.2-20220804-6354275  User: oesteban  Machine: dna078  Platform: Linux  PlatformVersion: 5.14.0-427.37.1.el9_4.x86_64  CompilerName: GCC  CompilerVersion: 8.4.0
ProgramName: mris_topo_fixer  ProgramArguments: mris_topo_fixer -all-info  ProgramVersion: 7.3.2  TimeStamp: 2026/03/06-05:24:29-GMT  BuildTime: Aug  4 2022 06:17:15  BuildStamp: freesurfer-linux-ubuntu22_x86_64-7.3.2-20220804-6354275  User: oesteban  Machine: dna078  Platform: Linux  PlatformVersion: 5.14.0-427.37.1.el9_4.x86_64  CompilerName: GCC  CompilerVersion: 8.4.0
ProgramName: mri_surf2surf  ProgramArguments: mri_surf2surf -all-info  ProgramVersion: 7.3.2  TimeStamp: 2026/03/06-05:24:29-GMT  BuildTime: Aug  4 2022 06:17:15  BuildStamp: freesurfer-linux-ubuntu22_x86_64-7.3.2-20220804-6354275  User: oesteban  Machine: dna078  Platform: Linux  PlatformVersion: 5.14.0-427.37.1.el9_4.x86_64  CompilerName: GCC  CompilerVersion: 8.4.0
ProgramName: mri_surf2vol  ProgramArguments: mri_surf2vol -all-info  ProgramVersion: 7.3.2  TimeStamp: 2026/03/06-05:24:29-GMT  BuildTime: Aug  4 2022 06:17:15  BuildStamp: freesurfer-linux-ubuntu22_x86_64-7.3.2-20220804-6354275  User: oesteban  Machine: dna078  Platform: Linux  PlatformVersion: 5.14.0-427.37.1.el9_4.x86_64  CompilerName: GCC  CompilerVersion: 8.4.0
ProgramName: mri_surfcluster  ProgramArguments: mri_surfcluster -all-info  ProgramVersion: 7.3.2  TimeStamp: 2026/03/06-05:24:29-GMT  BuildTime: Aug  4 2022 06:17:15  BuildStamp: freesurfer-linux-ubuntu22_x86_64-7.3.2-20220804-6354275  User: oesteban  Machine: dna078  Platform: Linux  PlatformVersion: 5.14.0-427.37.1.el9_4.x86_64  CompilerName: GCC  CompilerVersion: 8.4.0
ProgramName: mris_volmask  ProgramArguments: mris_volmask -all-info  ProgramVersion: 7.3.2  TimeStamp: 2026/03/06-05:24:29-GMT  BuildTime: Aug  4 2022 06:17:15  BuildStamp: freesurfer-linux-ubuntu22_x86_64-7.3.2-20220804-6354275  User: oesteban  Machine: dna078  Platform: Linux  PlatformVersion: 5.14.0-427.37.1.el9_4.x86_64  CompilerName: GCC  CompilerVersion: 8.4.0
ProgramName: mri_tessellate  ProgramArguments: mri_tessellate -all-info  ProgramVersion: 7.3.2  TimeStamp: 2026/03/06-05:24:29-GMT  BuildTime: Aug  4 2022 06:17:15  BuildStamp: freesurfer-linux-ubuntu22_x86_64-7.3.2-20220804-6354275  User: oesteban  Machine: dna078  Platform: Linux  PlatformVersion: 5.14.0-427.37.1.el9_4.x86_64  CompilerName: GCC  CompilerVersion: 8.4.0
ProgramName: mri_vol2surf  ProgramArguments: mri_vol2surf -all-info  ProgramVersion: 7.3.2  TimeStamp: 2026/03/06-05:24:29-GMT  BuildTime: Aug  4 2022 06:17:15  BuildStamp: freesurfer-linux-ubuntu22_x86_64-7.3.2-20220804-6354275  User: oesteban  Machine: dna078  Platform: Linux  PlatformVersion: 5.14.0-427.37.1.el9_4.x86_64  CompilerName: GCC  CompilerVersion: 8.4.0
ProgramName: mri_vol2vol  ProgramArguments: mri_vol2vol -all-info  ProgramVersion: 7.3.2  TimeStamp: 2026/03/06-05:24:29-GMT  BuildTime: Aug  4 2022 06:17:15  BuildStamp: freesurfer-linux-ubuntu22_x86_64-7.3.2-20220804-6354275  User: oesteban  Machine: dna078  Platform: Linux  PlatformVersion: 5.14.0-427.37.1.el9_4.x86_64  CompilerName: GCC  CompilerVersion: 8.4.0
ProgramName: mri_voldiff  ProgramArguments: mri_voldiff -all-info  ProgramVersion: 7.3.2  TimeStamp: 2026/03/06-05:24:29-GMT  BuildTime: Aug  4 2022 06:17:15  BuildStamp: freesurfer-linux-ubuntu22_x86_64-7.3.2-20220804-6354275  User: oesteban  Machine: dna078  Platform: Linux  PlatformVersion: 5.14.0-427.37.1.el9_4.x86_64  CompilerName: GCC  CompilerVersion: 8.4.0
ProgramName: mri_watershed  ProgramArguments: mri_watershed -all-info  ProgramVersion: 7.3.2  TimeStamp: 2026/03/06-05:24:29-GMT  BuildTime: Aug  4 2022 06:17:15  BuildStamp: freesurfer-linux-ubuntu22_x86_64-7.3.2-20220804-6354275  User: oesteban  Machine: dna078  Platform: Linux  PlatformVersion: 5.14.0-427.37.1.el9_4.x86_64  CompilerName: GCC  CompilerVersion: 8.4.0
ProgramName: tkregister2  ProgramArguments: tkregister2_cmdl -all-info  ProgramVersion: 7.3.2  TimeStamp: 2026/03/06-05:24:29-GMT  BuildTime: Aug  4 2022 06:17:15  BuildStamp: freesurfer-linux-ubuntu22_x86_64-7.3.2-20220804-6354275  User: oesteban  Machine: dna078  Platform: Linux  PlatformVersion: 5.14.0-427.37.1.el9_4.x86_64  CompilerName: GCC  CompilerVersion: 8.4.0
mri_motion_correct.fsl 7.3.2
mri_convert -all-info 
ProgramName: mri_convert  ProgramArguments: mri_convert -all-info  ProgramVersion: 7.3.2  TimeStamp: 2026/03/06-05:24:29-GMT  BuildTime: Aug  4 2022 06:17:15  BuildStamp: freesurfer-linux-ubuntu22_x86_64-7.3.2-20220804-6354275  User: oesteban  Machine: dna078  Platform: Linux  PlatformVersion: 5.14.0-427.37.1.el9_4.x86_64  CompilerName: GCC  CompilerVersion: 8.4.0
Program nu_correct, built from:
Package MNI N3, version 1.12.0, compiled by nicks@terrier (x86_64-unknown-linux-gnu) on 2015-06-19 at 01:25:34
#######################################
GCADIR /opt/freesurfer/average
GCA RB_all_2020-01-02.gca
GCASkull RB_all_withskull_2020_01_02.gca
AvgCurvTif folding.atlas.acfb40.noaparc.i12.2016-08-02.tif
GCSDIR /opt/freesurfer/average
GCS DKaparc.atlas.acfb40.noaparc.i12.2016-08-02.gcs
#######################################
/out/sourcedata/freesurfer/sub-v1s10x0050999_ses-1

 mri_convert /work/fmriprep_25_2_wf/sub_v1s10x0050999_ses_1_wf/anat_fit_wf/anat_validate/sub-v1s10x0050999_ses-1_T1w_noise_corrected_ras_valid.nii.gz /out/sourcedata/freesurfer/sub-v1s10x0050999_ses-1/mri/orig/001.mgz 

mri_convert /work/fmriprep_25_2_wf/sub_v1s10x0050999_ses_1_wf/anat_fit_wf/anat_validate/sub-v1s10x0050999_ses-1_T1w_noise_corrected_ras_valid.nii.gz /out/sourcedata/freesurfer/sub-v1s10x0050999_ses-1/mri/orig/001.mgz 
reading from /work/fmriprep_25_2_wf/sub_v1s10x0050999_ses_1_wf/anat_fit_wf/anat_validate/sub-v1s10x0050999_ses-1_T1w_noise_corrected_ras_valid.nii.gz...
TR=0.00, TE=0.00, TI=0.00, flip angle=0.00
i_ras = (1, 0, 0)
j_ras = (0, 1, 0)
k_ras = (0, 0, 1)
writing to /out/sourcedata/freesurfer/sub-v1s10x0050999_ses-1/mri/orig/001.mgz...
#--------------------------------------------
#@# MotionCor Fri Mar  6 06:24:30 CET 2026
Found 1 runs
/out/sourcedata/freesurfer/sub-v1s10x0050999_ses-1/mri/orig/001.mgz
Checking for (invalid) multi-frame inputs...
Only one run found so motion
correction will not be performed. I'll
copy the run to rawavg and continue.

 cp /out/sourcedata/freesurfer/sub-v1s10x0050999_ses-1/mri/orig/001.mgz /out/sourcedata/freesurfer/sub-v1s10x0050999_ses-1/mri/rawavg.mgz 


 mri_info /out/sourcedata/freesurfer/sub-v1s10x0050999_ses-1/mri/rawavg.mgz 

rawavg.mgz ========================================
Volume information for /out/sourcedata/freesurfer/sub-v1s10x0050999_ses-1/mri/rawavg.mgz
          type: MGH
    dimensions: 128 x 256 x 256
   voxel sizes: 1.330002, 1.000000, 1.000000
          type: FLOAT (3)
           fov: 256.000
           dof: 1
        xstart: -85.1, xend: 85.1
        ystart: -128.0, yend: 128.0
        zstart: -128.0, zend: 128.0
            TR: 0.00 msec, TE: 0.00 msec, TI: 0.00 msec, flip angle: 0.00 degrees
       nframes: 1
       PhEncDir: UNKNOWN
       FieldStrength: 0.000000
ras xform present
    xform info: x_r =   1.0000, y_r =   0.0000, z_r =   0.0000, c_r =   -14.5156
              : x_a =   0.0000, y_a =   1.0000, z_a =   0.0000, c_a =     1.0000
              : x_s =   0.0000, y_s =   0.0000, z_s =   1.0000, c_s =   -16.3494

talairach xfm : 
Orientation   : RAS
Primary Slice Direction: axial

voxel to ras transform:
                1.3300   0.0000   0.0000   -99.6357
                0.0000   1.0000   0.0000  -127.0000
                0.0000   0.0000   1.0000  -144.3494
                0.0000   0.0000   0.0000     1.0000

voxel-to-ras determinant 1.33

ras to voxel transform:
                0.7519   0.0000   0.0000    74.9140
                0.0000   1.0000   0.0000   127.0000
                0.0000   0.0000   1.0000   144.3494
                0.0000   0.0000   0.0000     1.0000
/out/sourcedata/freesurfer/sub-v1s10x0050999_ses-1

 mri_convert /out/sourcedata/freesurfer/sub-v1s10x0050999_ses-1/mri/rawavg.mgz /out/sourcedata/freesurfer/sub-v1s10x0050999_ses-1/mri/orig.mgz --conform 

mri_convert /out/sourcedata/freesurfer/sub-v1s10x0050999_ses-1/mri/rawavg.mgz /out/sourcedata/freesurfer/sub-v1s10x0050999_ses-1/mri/orig.mgz --conform 
reading from /out/sourcedata/freesurfer/sub-v1s10x0050999_ses-1/mri/rawavg.mgz...
TR=0.00, TE=0.00, TI=0.00, flip angle=0.00
i_ras = (1, 0, 0)
j_ras = (0, 1, 0)
k_ras = (0, 0, 1)
changing data type from float to uchar (noscale = 0)...
MRIchangeType: Building histogram 0 568.793 1000, flo=0, fhi=0.999, dest_type=0
Reslicing using trilinear interpolation 
writing to /out/sourcedata/freesurfer/sub-v1s10x0050999_ses-1/mri/orig.mgz...

 mri_add_xform_to_header -c /out/sourcedata/freesurfer/sub-v1s10x0050999_ses-1/mri/transforms/talairach.xfm /out/sourcedata/freesurfer/sub-v1s10x0050999_ses-1/mri/orig.mgz /out/sourcedata/freesurfer/sub-v1s10x0050999_ses-1/mri/orig.mgz 

INFO: extension is mgz

 mri_info /out/sourcedata/freesurfer/sub-v1s10x0050999_ses-1/mri/orig.mgz 

orig.mgz ========================================
Volume information for /out/sourcedata/freesurfer/sub-v1s10x0050999_ses-1/mri/orig.mgz
          type: MGH
    dimensions: 256 x 256 x 256
   voxel sizes: 1.000000, 1.000000, 1.000000
          type: UCHAR (0)
           fov: 256.000
           dof: 1
        xstart: -128.0, xend: 128.0
        ystart: -128.0, yend: 128.0
        zstart: -128.0, zend: 128.0
            TR: 0.00 msec, TE: 0.00 msec, TI: 0.00 msec, flip angle: 0.00 degrees
       nframes: 1
       PhEncDir: UNKNOWN
       FieldStrength: 0.000000
ras xform present
    xform info: x_r =  -1.0000, y_r =   0.0000, z_r =   0.0000, c_r =   -14.5156
              : x_a =   0.0000, y_a =   0.0000, z_a =   1.0000, c_a =     1.0000
              : x_s =   0.0000, y_s =  -1.0000, z_s =   0.0000, c_s =   -16.3494

talairach xfm : /out/sourcedata/freesurfer/sub-v1s10x0050999_ses-1/mri/transforms/talairach.xfm
Orientation   : LIA
Primary Slice Direction: coronal

voxel to ras transform:
               -1.0000   0.0000   0.0000   113.4844
                0.0000   0.0000   1.0000  -127.0000
                0.0000  -1.0000   0.0000   111.6506
                0.0000   0.0000   0.0000     1.0000

voxel-to-ras determinant -1

ras to voxel transform:
               -1.0000  -0.0000  -0.0000   113.4844
               -0.0000  -0.0000  -1.0000   111.6506
               -0.0000   1.0000  -0.0000   127.0000
               -0.0000  -0.0000  -0.0000     1.0000
#--------------------------------------------
#@# Talairach Fri Mar  6 06:24:36 CET 2026
/out/sourcedata/freesurfer/sub-v1s10x0050999_ses-1/mri

 mri_nu_correct.mni --no-rescale --i orig.mgz --o orig_nu.mgz --ants-n4 --n 1 --proto-iters 1000 --distance 50 

/usr/bin/bc
/out/sourcedata/freesurfer/sub-v1s10x0050999_ses-1/mri
/opt/freesurfer/bin/mri_nu_correct.mni
--no-rescale --i orig.mgz --o orig_nu.mgz --ants-n4 --n 1 --proto-iters 1000 --distance 50
nIters 1
mri_nu_correct.mni 7.3.2
Linux dna078 5.14.0-427.37.1.el9_4.x86_64 #1 SMP PREEMPT_DYNAMIC Fri Sep 13 12:41:50 EDT 2024 x86_64 x86_64 x86_64 GNU/Linux
Fri Mar  6 06:24:36 CET 2026
tmpdir is ./tmp.mri_nu_correct.mni.3751408
cd /out/sourcedata/freesurfer/sub-v1s10x0050999_ses-1/mri
AntsN4BiasFieldCorrectionFs -i orig.mgz -o ./tmp.mri_nu_correct.mni.3751408/nu0.mgz --dtype uchar
AntsN4BiasFieldCorrectionFs done
mri_convert ./tmp.mri_nu_correct.mni.3751408/nu0.mgz orig_nu.mgz --like orig.mgz --conform
mri_convert ./tmp.mri_nu_correct.mni.3751408/nu0.mgz orig_nu.mgz --like orig.mgz --conform 
reading from ./tmp.mri_nu_correct.mni.3751408/nu0.mgz...
TR=0.00, TE=0.00, TI=0.00, flip angle=0.00
i_ras = (-1, 0, 0)
j_ras = (0, 0, -1)
k_ras = (0, 1, 0)
INFO: transform src into the like-volume: orig.mgz
writing to orig_nu.mgz...
 
 
Fri Mar  6 06:27:13 CET 2026
mri_nu_correct.mni done

 talairach_avi --i orig_nu.mgz --xfm transforms/talairach.auto.xfm 

talairach_avi log file is transforms/talairach_avi.log...
mv -f /out/sourcedata/freesurfer/sub-v1s10x0050999_ses-1/mri/talsrcimg_to_711-2C_as_mni_average_305_t4_vox2vox.txt /out/sourcedata/freesurfer/sub-v1s10x0050999_ses-1/mri/transforms/talsrcimg_to_711-2C_as_mni_average_305_t4_vox2vox.txt
Started at Fri Mar 6 06:27:13 CET 2026
Ended   at Fri Mar  6 06:27:29 CET 2026
talairach_avi done

 cp transforms/talairach.auto.xfm transforms/talairach.xfm 

lta_convert --src orig.mgz --trg /opt/freesurfer/average/mni305.cor.mgz --inxfm transforms/talairach.xfm --outlta transforms/talairach.xfm.lta --subject fsaverage --ltavox2vox
7.3.2

--src: orig.mgz src image (geometry).
--trg: /opt/freesurfer/average/mni305.cor.mgz trg image (geometry).
--inmni: transforms/talairach.xfm input MNI/XFM transform.
--outlta: transforms/talairach.xfm.lta output LTA.
--s: fsaverage subject name
--ltavox2vox: output LTA as VOX_TO_VOX transform.
 LTA read, type : 1
 1.15862  -0.11478   0.03175   19.51775;
 0.06885   0.91856   0.53717   4.51726;
-0.04116  -0.42411   1.20810   31.00009;
 0.00000   0.00000   0.00000   1.00000;
setting subject to fsaverage
Writing  LTA to file transforms/talairach.xfm.lta...
lta_convert successful.
#--------------------------------------------
#@# Talairach Failure Detection Fri Mar  6 06:27:31 CET 2026
/out/sourcedata/freesurfer/sub-v1s10x0050999_ses-1/mri

 talairach_afd -T 0.005 -xfm transforms/talairach.xfm 

talairach_afd: Talairach Transform: transforms/talairach.xfm OK (p=0.4836, pval=0.1531 >= threshold=0.0050)

 awk -f /opt/freesurfer/bin/extract_talairach_avi_QA.awk /out/sourcedata/freesurfer/sub-v1s10x0050999_ses-1/mri/transforms/talairach_avi.log 


 tal_QC_AZS /out/sourcedata/freesurfer/sub-v1s10x0050999_ses-1/mri/transforms/talairach_avi.log 

TalAviQA: 0.96438
z-score: -3
#--------------------------------------------
#@# Nu Intensity Correction Fri Mar  6 06:27:31 CET 2026

 mri_nu_correct.mni --i orig.mgz --o nu.mgz --uchar transforms/talairach.xfm --n 2 --ants-n4 

/usr/bin/bc
/out/sourcedata/freesurfer/sub-v1s10x0050999_ses-1/mri
/opt/freesurfer/bin/mri_nu_correct.mni
--i orig.mgz --o nu.mgz --uchar transforms/talairach.xfm --n 2 --ants-n4
nIters 2
mri_nu_correct.mni 7.3.2
Linux dna078 5.14.0-427.37.1.el9_4.x86_64 #1 SMP PREEMPT_DYNAMIC Fri Sep 13 12:41:50 EDT 2024 x86_64 x86_64 x86_64 GNU/Linux
Fri Mar  6 06:27:31 CET 2026
tmpdir is ./tmp.mri_nu_correct.mni.3752690
cd /out/sourcedata/freesurfer/sub-v1s10x0050999_ses-1/mri
AntsN4BiasFieldCorrectionFs -i orig.mgz -o ./tmp.mri_nu_correct.mni.3752690/nu0.mgz --dtype uchar
AntsN4BiasFieldCorrectionFs done
mri_binarize --i ./tmp.mri_nu_correct.mni.3752690/nu0.mgz --min -1 --o ./tmp.mri_nu_correct.mni.3752690/ones.mgz

7.3.2
cwd /out/sourcedata/freesurfer/sub-v1s10x0050999_ses-1/mri
cmdline mri_binarize --i ./tmp.mri_nu_correct.mni.3752690/nu0.mgz --min -1 --o ./tmp.mri_nu_correct.mni.3752690/ones.mgz 
sysname  Linux
hostname dna078
machine  x86_64
user     oesteban

input      ./tmp.mri_nu_correct.mni.3752690/nu0.mgz
frame      0
nErode3d   0
nErode2d   0
output     ./tmp.mri_nu_correct.mni.3752690/ones.mgz
Binarizing based on threshold
min        -1
max        +infinity
binval        1
binvalnot     0
fstart = 0, fend = 0, nframes = 1
Starting parallel 1
Found 16777216 values in range
Counting number of voxels in first frame
Found 16777215 voxels in final mask
Writing output to ./tmp.mri_nu_correct.mni.3752690/ones.mgz
Count: 16777215 16777215.000000 16777216 99.999994
mri_binarize done
mri_segstats --id 1 --seg ./tmp.mri_nu_correct.mni.3752690/ones.mgz --i orig.mgz --sum ./tmp.mri_nu_correct.mni.3752690/sum.junk --avgwf ./tmp.mri_nu_correct.mni.3752690/input.mean.dat

7.3.2
cwd 
cmdline mri_segstats --id 1 --seg ./tmp.mri_nu_correct.mni.3752690/ones.mgz --i orig.mgz --sum ./tmp.mri_nu_correct.mni.3752690/sum.junk --avgwf ./tmp.mri_nu_correct.mni.3752690/input.mean.dat 
sysname  Linux
hostname dna078
machine  x86_64
user     oesteban
whitesurfname  white
UseRobust  0
Loading ./tmp.mri_nu_correct.mni.3752690/ones.mgz
Loading orig.mgz
Voxel Volume is 1 mm^3
Generating list of segmentation ids
Found   1 segmentations
Computing statistics for each segmentation

Reporting on   1 segmentations
Using PrintSegStat
Computing spatial average of each frame

Writing to ./tmp.mri_nu_correct.mni.3752690/input.mean.dat
mri_segstats done
mri_segstats --id 1 --seg ./tmp.mri_nu_correct.mni.3752690/ones.mgz --i ./tmp.mri_nu_correct.mni.3752690/nu0.mgz --sum ./tmp.mri_nu_correct.mni.3752690/sum.junk --avgwf ./tmp.mri_nu_correct.mni.3752690/output.mean.dat

7.3.2
cwd 
cmdline mri_segstats --id 1 --seg ./tmp.mri_nu_correct.mni.3752690/ones.mgz --i ./tmp.mri_nu_correct.mni.3752690/nu0.mgz --sum ./tmp.mri_nu_correct.mni.3752690/sum.junk --avgwf ./tmp.mri_nu_correct.mni.3752690/output.mean.dat 
sysname  Linux
hostname dna078
machine  x86_64
user     oesteban
whitesurfname  white
UseRobust  0
Loading ./tmp.mri_nu_correct.mni.3752690/ones.mgz
Loading ./tmp.mri_nu_correct.mni.3752690/nu0.mgz
Voxel Volume is 1 mm^3
Generating list of segmentation ids
Found   1 segmentations
Computing statistics for each segmentation

Reporting on   1 segmentations
Using PrintSegStat
Computing spatial average of each frame

Writing to ./tmp.mri_nu_correct.mni.3752690/output.mean.dat
mri_segstats done
mris_calc -o ./tmp.mri_nu_correct.mni.3752690/nu0.mgz ./tmp.mri_nu_correct.mni.3752690/nu0.mgz mul 1.20038062451949305279
Saving result to './tmp.mri_nu_correct.mni.3752690/nu0.mgz' (type = MGH )                       [ ok ]
mri_convert ./tmp.mri_nu_correct.mni.3752690/nu0.mgz nu.mgz --like orig.mgz
mri_convert ./tmp.mri_nu_correct.mni.3752690/nu0.mgz nu.mgz --like orig.mgz 
reading from ./tmp.mri_nu_correct.mni.3752690/nu0.mgz...
TR=0.00, TE=0.00, TI=0.00, flip angle=0.00
i_ras = (-1, 0, 0)
j_ras = (0, 0, -1)
k_ras = (0, 1, 0)
INFO: transform src into the like-volume: orig.mgz
writing to nu.mgz...
mri_make_uchar nu.mgz transforms/talairach.xfm nu.mgz
type change took 0 minutes and 4 seconds.
FIRST_PERCENTILE 0.010000
WM_PERCENTILE    0.900000
MAX_R 50.000000
i1 = 3, i2 = 53
#mri_make_uchar# mapping  8 137 to  3 110  :  b -3.897 m 0.834318 : thresh 4.67088 maxsat 310.31 : nzero 13309943 nsat 0
 
 
Fri Mar  6 06:30:18 CET 2026
mri_nu_correct.mni done

 mri_add_xform_to_header -c /out/sourcedata/freesurfer/sub-v1s10x0050999_ses-1/mri/transforms/talairach.xfm nu.mgz nu.mgz 

INFO: extension is mgz
#--------------------------------------------
#@# Intensity Normalization Fri Mar  6 06:30:18 CET 2026
/out/sourcedata/freesurfer/sub-v1s10x0050999_ses-1/mri

 mri_normalize -g 1 -seed 1234 -mprage nu.mgz T1.mgz 

using max gradient = 1.000
setting seed for random number genererator to 1234
assuming input volume is MGH (Van der Kouwe) MP-RAGE
reading mri_src from nu.mgz...
normalizing image...
NOT doing gentle normalization with control points/label
talairach transform
 1.15862  -0.11478   0.03175   19.51775;
 0.06885   0.91856   0.53717   4.51726;
-0.04116  -0.42411   1.20810   31.00009;
 0.00000   0.00000   0.00000   1.00000;
processing without aseg, no1d=0
MRInormInit(): 
INFO: Modifying talairach volume c_(r,a,s) based on average_305
MRInormalize(): 
MRIsplineNormalize(): npeaks = 12
Starting OpenSpline(): npoints = 12
building Voronoi diagram...
performing soap bubble smoothing, sigma = 8...

Iterating 2 times
---------------------------------
3d normalization pass 1 of 2
white matter peak found at 110
white matter peak found at 110
gm peak at 57 (57), valley at 45 (45)
csf peak at 29, setting threshold to 47
building Voronoi diagram...
performing soap bubble smoothing, sigma = 8...
---------------------------------
3d normalization pass 2 of 2
white matter peak found at 110
white matter peak found at 110
gm peak at 58 (58), valley at 34 (34)
csf peak at 12, setting threshold to 42
building Voronoi diagram...
performing soap bubble smoothing, sigma = 8...
Done iterating ---------------------------------
writing output to T1.mgz
3D bias adjustment took 1 minutes and 31 seconds.

Started at Fri Mar 6 06:24:28 CET 2026 
Ended   at Fri Mar 6 06:31:50 CET 2026
#@#%# recon-all-run-time-hours 0.123
recon-all -s sub-v1s10x0050999_ses-1 finished without error at Fri Mar  6 06:31:50 CET 2026



#New# invocation of recon-all 




Fri Mar  6 06:38:04 CET 2026
cd /out/sourcedata/freesurfer/sub-v1s10x0050999_ses-1
setenv SUBJECTS_DIR /out/sourcedata/freesurfer
/opt/freesurfer/bin/recon-all -openmp 16 -subjid sub-v1s10x0050999_ses-1 -sd /out/sourcedata/freesurfer -gcareg

subjid sub-v1s10x0050999_ses-1
setenv SUBJECTS_DIR /out/sourcedata/freesurfer
FREESURFER_HOME /opt/freesurfer
Actual FREESURFER_HOME /opt/freesurfer
build-stamp.txt: freesurfer-linux-ubuntu22_x86_64-7.3.2-20220804-6354275
Linux dna078 5.14.0-427.37.1.el9_4.x86_64 #1 SMP PREEMPT_DYNAMIC Fri Sep 13 12:41:50 EDT 2024 x86_64 x86_64 x86_64 GNU/Linux
cputime      unlimited
filesize     unlimited
datasize     unlimited
stacksize    8192 kbytes
coredumpsize 0 kbytes
memoryuse    67108864 kbytes
vmemoryuse   unlimited
descriptors  1024 
memorylocked unlimited
maxproc      2061970 
maxlocks     unlimited
maxsignal    2062029 
maxmessage   819200 
maxnice      0 
maxrtprio    0 
maxrttime    unlimited

               total        used        free      shared  buff/cache   available
Mem:           503Gi        55Gi       408Gi       6.3Gi        39Gi       438Gi
Swap:             0B          0B          0B

########################################
program versions used
7.3.2 (freesurfer-linux-ubuntu22_x86_64-7.3.2-20220804-6354275)
7.3.2

ProgramName: lta_convert  ProgramArguments: lta_convert -all-info  ProgramVersion: 7.3.2  TimeStamp: 2026/03/06-05:38:04-GMT  BuildTime: Aug  4 2022 06:17:15  BuildStamp: freesurfer-linux-ubuntu22_x86_64-7.3.2-20220804-6354275  User: oesteban  Machine: dna078  Platform: Linux  PlatformVersion: 5.14.0-427.37.1.el9_4.x86_64  CompilerName: GCC  CompilerVersion: 8.4.0
ProgramName: mri_and  ProgramArguments: mri_and -all-info  ProgramVersion: 7.3.2  TimeStamp: 2026/03/06-05:38:04-GMT  BuildTime: Aug  4 2022 06:17:15  BuildStamp: freesurfer-linux-ubuntu22_x86_64-7.3.2-20220804-6354275  User: oesteban  Machine: dna078  Platform: Linux  PlatformVersion: 5.14.0-427.37.1.el9_4.x86_64  CompilerName: GCC  CompilerVersion: 8.4.0
ProgramName: mri_annotation2label  ProgramArguments: mri_annotation2label -all-info  ProgramVersion: 7.3.2  TimeStamp: 2026/03/06-05:38:04-GMT  BuildTime: Aug  4 2022 06:17:15  BuildStamp: freesurfer-linux-ubuntu22_x86_64-7.3.2-20220804-6354275  User: oesteban  Machine: dna078  Platform: Linux  PlatformVersion: 5.14.0-427.37.1.el9_4.x86_64  CompilerName: GCC  CompilerVersion: 8.4.0
ProgramName: mri_aparc2aseg  ProgramArguments: mri_aparc2aseg -all-info  ProgramVersion: 7.3.2  TimeStamp: 2026/03/06-05:38:04-GMT  BuildTime: Aug  4 2022 06:17:15  BuildStamp: freesurfer-linux-ubuntu22_x86_64-7.3.2-20220804-6354275  User: oesteban  Machine: dna078  Platform: Linux  PlatformVersion: 5.14.0-427.37.1.el9_4.x86_64  CompilerName: GCC  CompilerVersion: 8.4.0
ProgramName: mri_surf2volseg  ProgramArguments: mri_surf2volseg -all-info  ProgramVersion: 7.3.2  TimeStamp: 2026/03/06-05:38:04-GMT  BuildTime: Aug  4 2022 06:17:15  BuildStamp: freesurfer-linux-ubuntu22_x86_64-7.3.2-20220804-6354275  User: oesteban  Machine: dna078  Platform: Linux  PlatformVersion: 5.14.0-427.37.1.el9_4.x86_64  CompilerName: GCC  CompilerVersion: 8.4.0
ProgramName: mri_binarize  ProgramArguments: mri_binarize -all-info  ProgramVersion: 7.3.2  TimeStamp: 2026/03/06-05:38:04-GMT  BuildTime: Aug  4 2022 06:17:15  BuildStamp: freesurfer-linux-ubuntu22_x86_64-7.3.2-20220804-6354275  User: oesteban  Machine: dna078  Platform: Linux  PlatformVersion: 5.14.0-427.37.1.el9_4.x86_64  CompilerName: GCC  CompilerVersion: 8.4.0
ProgramName: mri_ca_label  ProgramArguments: mri_ca_label -all-info  ProgramVersion: 7.3.2  TimeStamp: 2026/03/06-05:38:04-GMT  BuildTime: Aug  4 2022 06:17:15  BuildStamp: freesurfer-linux-ubuntu22_x86_64-7.3.2-20220804-6354275  User: oesteban  Machine: dna078  Platform: Linux  PlatformVersion: 5.14.0-427.37.1.el9_4.x86_64  CompilerName: GCC  CompilerVersion: 8.4.0
ProgramName: mri_ca_normalize  ProgramArguments: mri_ca_normalize -all-info  ProgramVersion: 7.3.2  TimeStamp: 2026/03/06-05:38:04-GMT  BuildTime: Aug  4 2022 06:17:15  BuildStamp: freesurfer-linux-ubuntu22_x86_64-7.3.2-20220804-6354275  User: oesteban  Machine: dna078  Platform: Linux  PlatformVersion: 5.14.0-427.37.1.el9_4.x86_64  CompilerName: GCC  CompilerVersion: 8.4.0
ProgramName: mri_ca_register  ProgramArguments: mri_ca_register -all-info  ProgramVersion: 7.3.2  TimeStamp: 2026/03/06-05:38:04-GMT  BuildTime: Aug  4 2022 06:17:15  BuildStamp: freesurfer-linux-ubuntu22_x86_64-7.3.2-20220804-6354275  User: oesteban  Machine: dna078  Platform: Linux  PlatformVersion: 5.14.0-427.37.1.el9_4.x86_64  CompilerName: GCC  CompilerVersion: 8.4.0
ProgramName: mri_cc  ProgramArguments: mri_cc -all-info  ProgramVersion: 7.3.2  TimeStamp: 2026/03/06-05:38:04-GMT  BuildTime: Aug  4 2022 06:17:15  BuildStamp: freesurfer-linux-ubuntu22_x86_64-7.3.2-20220804-6354275  User: oesteban  Machine: dna078  Platform: Linux  PlatformVersion: 5.14.0-427.37.1.el9_4.x86_64  CompilerName: GCC  CompilerVersion: 8.4.0
ProgramName: mri_compute_overlap  ProgramArguments: mri_compute_overlap -all-info  ProgramVersion: 7.3.2  TimeStamp: 2026/03/06-05:38:04-GMT  BuildTime: Aug  4 2022 06:17:15  BuildStamp: freesurfer-linux-ubuntu22_x86_64-7.3.2-20220804-6354275  User: oesteban  Machine: dna078  Platform: Linux  PlatformVersion: 5.14.0-427.37.1.el9_4.x86_64  CompilerName: GCC  CompilerVersion: 8.4.0
ProgramName: mri_compute_seg_overlap  ProgramArguments: mri_compute_seg_overlap -all-info  ProgramVersion: 7.3.2  TimeStamp: 2026/03/06-05:38:04-GMT  BuildTime: Aug  4 2022 06:17:15  BuildStamp: freesurfer-linux-ubuntu22_x86_64-7.3.2-20220804-6354275  User: oesteban  Machine: dna078  Platform: Linux  PlatformVersion: 5.14.0-427.37.1.el9_4.x86_64  CompilerName: GCC  CompilerVersion: 8.4.0
ProgramName: mri_concat  ProgramArguments: mri_concat -all-info  ProgramVersion: 7.3.2  TimeStamp: 2026/03/06-05:38:04-GMT  BuildTime: Aug  4 2022 06:17:15  BuildStamp: freesurfer-linux-ubuntu22_x86_64-7.3.2-20220804-6354275  User: oesteban  Machine: dna078  Platform: Linux  PlatformVersion: 5.14.0-427.37.1.el9_4.x86_64  CompilerName: GCC  CompilerVersion: 8.4.0
ProgramName: mri_concatenate_lta  ProgramArguments: mri_concatenate_lta -all-info  ProgramVersion: 7.3.2  TimeStamp: 2026/03/06-05:38:04-GMT  BuildTime: Aug  4 2022 06:17:15  BuildStamp: freesurfer-linux-ubuntu22_x86_64-7.3.2-20220804-6354275  User: oesteban  Machine: dna078  Platform: Linux  PlatformVersion: 5.14.0-427.37.1.el9_4.x86_64  CompilerName: GCC  CompilerVersion: 8.4.0
mri_convert -all-info 
ProgramName: mri_convert  ProgramArguments: mri_convert -all-info  ProgramVersion: 7.3.2  TimeStamp: 2026/03/06-05:38:04-GMT  BuildTime: Aug  4 2022 06:17:15  BuildStamp: freesurfer-linux-ubuntu22_x86_64-7.3.2-20220804-6354275  User: oesteban  Machine: dna078  Platform: Linux  PlatformVersion: 5.14.0-427.37.1.el9_4.x86_64  CompilerName: GCC  CompilerVersion: 8.4.0
ProgramName: mri_diff  ProgramArguments: mri_diff -all-info  ProgramVersion: 7.3.2  TimeStamp: 2026/03/06-05:38:04-GMT  BuildTime: Aug  4 2022 06:17:15  BuildStamp: freesurfer-linux-ubuntu22_x86_64-7.3.2-20220804-6354275  User: oesteban  Machine: dna078  Platform: Linux  PlatformVersion: 5.14.0-427.37.1.el9_4.x86_64  CompilerName: GCC  CompilerVersion: 8.4.0
ProgramName: mri_edit_wm_with_aseg  ProgramArguments: mri_edit_wm_with_aseg -all-info  ProgramVersion: 7.3.2  TimeStamp: 2026/03/06-05:38:04-GMT  BuildTime: Aug  4 2022 06:17:15  BuildStamp: freesurfer-linux-ubuntu22_x86_64-7.3.2-20220804-6354275  User: oesteban  Machine: dna078  Platform: Linux  PlatformVersion: 5.14.0-427.37.1.el9_4.x86_64  CompilerName: GCC  CompilerVersion: 8.4.0
ProgramName: mri_em_register  ProgramArguments: mri_em_register -all-info  ProgramVersion: 7.3.2  TimeStamp: 2026/03/06-05:38:04-GMT  BuildTime: Aug  4 2022 06:17:15  BuildStamp: freesurfer-linux-ubuntu22_x86_64-7.3.2-20220804-6354275  User: oesteban  Machine: dna078  Platform: Linux  PlatformVersion: 5.14.0-427.37.1.el9_4.x86_64  CompilerName: GCC  CompilerVersion: 8.4.0
ProgramName: mri_fill  ProgramArguments: mri_fill -all-info  ProgramVersion: 7.3.2  TimeStamp: 2026/03/06-05:38:04-GMT  BuildTime: Aug  4 2022 06:17:15  BuildStamp: freesurfer-linux-ubuntu22_x86_64-7.3.2-20220804-6354275  User: oesteban  Machine: dna078  Platform: Linux  PlatformVersion: 5.14.0-427.37.1.el9_4.x86_64  CompilerName: GCC  CompilerVersion: 8.4.0
ProgramName: mri_fuse_segmentations  ProgramArguments: mri_fuse_segmentations -all-info  ProgramVersion: 7.3.2  TimeStamp: 2026/03/06-05:38:04-GMT  BuildTime: Aug  4 2022 06:17:15  BuildStamp: freesurfer-linux-ubuntu22_x86_64-7.3.2-20220804-6354275  User: oesteban  Machine: dna078  Platform: Linux  PlatformVersion: 5.14.0-427.37.1.el9_4.x86_64  CompilerName: GCC  CompilerVersion: 8.4.0
ProgramName: mri_fwhm  ProgramArguments: mri_fwhm -all-info  ProgramVersion: 7.3.2  TimeStamp: 2026/03/06-05:38:04-GMT  BuildTime: Aug  4 2022 06:17:15  BuildStamp: freesurfer-linux-ubuntu22_x86_64-7.3.2-20220804-6354275  User: oesteban  Machine: dna078  Platform: Linux  PlatformVersion: 5.14.0-427.37.1.el9_4.x86_64  CompilerName: GCC  CompilerVersion: 8.4.0
ProgramName: mri_gcut  ProgramArguments: mri_gcut -all-info  ProgramVersion: 7.3.2  TimeStamp: 2026/03/06-05:38:04-GMT  BuildTime: Aug  4 2022 06:17:15  BuildStamp: freesurfer-linux-ubuntu22_x86_64-7.3.2-20220804-6354275  User: oesteban  Machine: dna078  Platform: Linux  PlatformVersion: 5.14.0-427.37.1.el9_4.x86_64  CompilerName: GCC  CompilerVersion: 8.4.0
ProgramName: mri_info  ProgramArguments: mri_info -all-info  ProgramVersion: 7.3.2  TimeStamp: 2026/03/06-05:38:04-GMT  BuildTime: Aug  4 2022 06:17:15  BuildStamp: freesurfer-linux-ubuntu22_x86_64-7.3.2-20220804-6354275  User: oesteban  Machine: dna078  Platform: Linux  PlatformVersion: 5.14.0-427.37.1.el9_4.x86_64  CompilerName: GCC  CompilerVersion: 8.4.0
ProgramName: mri_label2label  ProgramArguments: mri_label2label -all-info  ProgramVersion: 7.3.2  TimeStamp: 2026/03/06-05:38:04-GMT  BuildTime: Aug  4 2022 06:17:15  BuildStamp: freesurfer-linux-ubuntu22_x86_64-7.3.2-20220804-6354275  User: oesteban  Machine: dna078  Platform: Linux  PlatformVersion: 5.14.0-427.37.1.el9_4.x86_64  CompilerName: GCC  CompilerVersion: 8.4.0
ProgramName: mri_label2vol  ProgramArguments: mri_label2vol -all-info  ProgramVersion: 7.3.2  TimeStamp: 2026/03/06-05:38:04-GMT  BuildTime: Aug  4 2022 06:17:15  BuildStamp: freesurfer-linux-ubuntu22_x86_64-7.3.2-20220804-6354275  User: oesteban  Machine: dna078  Platform: Linux  PlatformVersion: 5.14.0-427.37.1.el9_4.x86_64  CompilerName: GCC  CompilerVersion: 8.4.0
ProgramName: mri_log_likelihood  ProgramArguments: mri_log_likelihood -all-info  ProgramVersion: 7.3.2  TimeStamp: 2026/03/06-05:38:04-GMT  BuildTime: Aug  4 2022 06:17:15  BuildStamp: freesurfer-linux-ubuntu22_x86_64-7.3.2-20220804-6354275  User: oesteban  Machine: dna078  Platform: Linux  PlatformVersion: 5.14.0-427.37.1.el9_4.x86_64  CompilerName: GCC  CompilerVersion: 8.4.0
ProgramName: mri_mask  ProgramArguments: mri_mask -all-info  ProgramVersion: 7.3.2  TimeStamp: 2026/03/06-05:38:04-GMT  BuildTime: Aug  4 2022 06:17:15  BuildStamp: freesurfer-linux-ubuntu22_x86_64-7.3.2-20220804-6354275  User: oesteban  Machine: dna078  Platform: Linux  PlatformVersion: 5.14.0-427.37.1.el9_4.x86_64  CompilerName: GCC  CompilerVersion: 8.4.0
ProgramName: mri_matrix_multiply  ProgramArguments: mri_matrix_multiply -all-info  ProgramVersion: 7.3.2  TimeStamp: 2026/03/06-05:38:04-GMT  BuildTime: Aug  4 2022 06:17:15  BuildStamp: freesurfer-linux-ubuntu22_x86_64-7.3.2-20220804-6354275  User: oesteban  Machine: dna078  Platform: Linux  PlatformVersion: 5.14.0-427.37.1.el9_4.x86_64  CompilerName: GCC  CompilerVersion: 8.4.0
ProgramName: mri_normalize  ProgramArguments: mri_normalize -all-info  ProgramVersion: 7.3.2  TimeStamp: 2026/03/06-05:38:04-GMT  BuildTime: Aug  4 2022 06:17:15  BuildStamp: freesurfer-linux-ubuntu22_x86_64-7.3.2-20220804-6354275  User: oesteban  Machine: dna078  Platform: Linux  PlatformVersion: 5.14.0-427.37.1.el9_4.x86_64  CompilerName: GCC  CompilerVersion: 8.4.0
ProgramName: mri_normalize_tp2  ProgramArguments: mri_normalize_tp2 -all-info  ProgramVersion: 7.3.2  TimeStamp: 2026/03/06-05:38:04-GMT  BuildTime: Aug  4 2022 06:17:15  BuildStamp: freesurfer-linux-ubuntu22_x86_64-7.3.2-20220804-6354275  User: oesteban  Machine: dna078  Platform: Linux  PlatformVersion: 5.14.0-427.37.1.el9_4.x86_64  CompilerName: GCC  CompilerVersion: 8.4.0
ProgramName: mri_or  ProgramArguments: mri_or -all-info  ProgramVersion: 7.3.2  TimeStamp: 2026/03/06-05:38:04-GMT  BuildTime: Aug  4 2022 06:17:15  BuildStamp: freesurfer-linux-ubuntu22_x86_64-7.3.2-20220804-6354275  User: oesteban  Machine: dna078  Platform: Linux  PlatformVersion: 5.14.0-427.37.1.el9_4.x86_64  CompilerName: GCC  CompilerVersion: 8.4.0
ProgramName: mri_relabel_hypointensities  ProgramArguments: mri_relabel_hypointensities -all-info  ProgramVersion: 7.3.2  TimeStamp: 2026/03/06-05:38:04-GMT  BuildTime: Aug  4 2022 06:17:15  BuildStamp: freesurfer-linux-ubuntu22_x86_64-7.3.2-20220804-6354275  User: oesteban  Machine: dna078  Platform: Linux  PlatformVersion: 5.14.0-427.37.1.el9_4.x86_64  CompilerName: GCC  CompilerVersion: 8.4.0
ProgramName: mri_relabel_nonwm_hypos  ProgramArguments: mri_relabel_nonwm_hypos -all-info  ProgramVersion: 7.3.2  TimeStamp: 2026/03/06-05:38:04-GMT  BuildTime: Aug  4 2022 06:17:15  BuildStamp: freesurfer-linux-ubuntu22_x86_64-7.3.2-20220804-6354275  User: oesteban  Machine: dna078  Platform: Linux  PlatformVersion: 5.14.0-427.37.1.el9_4.x86_64  CompilerName: GCC  CompilerVersion: 8.4.0
ProgramName: mri_remove_neck  ProgramArguments: mri_remove_neck -all-info  ProgramVersion: 7.3.2  TimeStamp: 2026/03/06-05:38:04-GMT  BuildTime: Aug  4 2022 06:17:15  BuildStamp: freesurfer-linux-ubuntu22_x86_64-7.3.2-20220804-6354275  User: oesteban  Machine: dna078  Platform: Linux  PlatformVersion: 5.14.0-427.37.1.el9_4.x86_64  CompilerName: GCC  CompilerVersion: 8.4.0
7.3.2

ProgramName: mri_robust_register  ProgramArguments: mri_robust_register -all-info  ProgramVersion: 7.3.2  TimeStamp: 2026/03/06-05:38:04-GMT  BuildTime: Aug  4 2022 06:17:15  BuildStamp: freesurfer-linux-ubuntu22_x86_64-7.3.2-20220804-6354275  User: oesteban  Machine: dna078  Platform: Linux  PlatformVersion: 5.14.0-427.37.1.el9_4.x86_64  CompilerName: GCC  CompilerVersion: 8.4.0
7.3.2

ProgramName: mri_robust_template  ProgramArguments: mri_robust_template -all-info  ProgramVersion: 7.3.2  TimeStamp: 2026/03/06-05:38:04-GMT  BuildTime: Aug  4 2022 06:17:15  BuildStamp: freesurfer-linux-ubuntu22_x86_64-7.3.2-20220804-6354275  User: oesteban  Machine: dna078  Platform: Linux  PlatformVersion: 5.14.0-427.37.1.el9_4.x86_64  CompilerName: GCC  CompilerVersion: 8.4.0
ProgramName: mris_anatomical_stats  ProgramArguments: mris_anatomical_stats -all-info  ProgramVersion: 7.3.2  TimeStamp: 2026/03/06-05:38:04-GMT  BuildTime: Aug  4 2022 06:17:15  BuildStamp: freesurfer-linux-ubuntu22_x86_64-7.3.2-20220804-6354275  User: oesteban  Machine: dna078  Platform: Linux  PlatformVersion: 5.14.0-427.37.1.el9_4.x86_64  CompilerName: GCC  CompilerVersion: 8.4.0
ProgramName: mris_ca_label  ProgramArguments: mris_ca_label -all-info  ProgramVersion: 7.3.2  TimeStamp: 2026/03/06-05:38:04-GMT  BuildTime: Aug  4 2022 06:17:15  BuildStamp: freesurfer-linux-ubuntu22_x86_64-7.3.2-20220804-6354275  User: oesteban  Machine: dna078  Platform: Linux  PlatformVersion: 5.14.0-427.37.1.el9_4.x86_64  CompilerName: GCC  CompilerVersion: 8.4.0
ProgramName: mris_calc  ProgramArguments: mris_calc -all-info  ProgramVersion: 7.3.2  TimeStamp: 2026/03/06-05:38:04-GMT  BuildTime: Aug  4 2022 06:17:15  BuildStamp: freesurfer-linux-ubuntu22_x86_64-7.3.2-20220804-6354275  User: oesteban  Machine: dna078  Platform: Linux  PlatformVersion: 5.14.0-427.37.1.el9_4.x86_64  CompilerName: GCC  CompilerVersion: 8.4.0
ProgramName: mris_convert  ProgramArguments: mris_convert -all-info  ProgramVersion: 7.3.2  TimeStamp: 2026/03/06-05:38:04-GMT  BuildTime: Aug  4 2022 06:17:15  BuildStamp: freesurfer-linux-ubuntu22_x86_64-7.3.2-20220804-6354275  User: oesteban  Machine: dna078  Platform: Linux  PlatformVersion: 5.14.0-427.37.1.el9_4.x86_64  CompilerName: GCC  CompilerVersion: 8.4.0
ProgramName: mris_curvature  ProgramArguments: mris_curvature -all-info  ProgramVersion: 7.3.2  TimeStamp: 2026/03/06-05:38:04-GMT  BuildTime: Aug  4 2022 06:17:15  BuildStamp: freesurfer-linux-ubuntu22_x86_64-7.3.2-20220804-6354275  User: oesteban  Machine: dna078  Platform: Linux  PlatformVersion: 5.14.0-427.37.1.el9_4.x86_64  CompilerName: GCC  CompilerVersion: 8.4.0
ProgramName: mris_curvature_stats  ProgramArguments: mris_curvature_stats -all-info  ProgramVersion: 7.3.2  TimeStamp: 2026/03/06-05:38:04-GMT  BuildTime: Aug  4 2022 06:17:15  BuildStamp: freesurfer-linux-ubuntu22_x86_64-7.3.2-20220804-6354275  User: oesteban  Machine: dna078  Platform: Linux  PlatformVersion: 5.14.0-427.37.1.el9_4.x86_64  CompilerName: GCC  CompilerVersion: 8.4.0
ProgramName: mris_diff  ProgramArguments: mris_diff -all-info  ProgramVersion: 7.3.2  TimeStamp: 2026/03/06-05:38:04-GMT  BuildTime: Aug  4 2022 06:17:15  BuildStamp: freesurfer-linux-ubuntu22_x86_64-7.3.2-20220804-6354275  User: oesteban  Machine: dna078  Platform: Linux  PlatformVersion: 5.14.0-427.37.1.el9_4.x86_64  CompilerName: GCC  CompilerVersion: 8.4.0
ProgramName: mris_divide_parcellation  ProgramArguments: mris_divide_parcellation -all-info  ProgramVersion: 7.3.2  TimeStamp: 2026/03/06-05:38:04-GMT  BuildTime: Aug  4 2022 06:17:15  BuildStamp: freesurfer-linux-ubuntu22_x86_64-7.3.2-20220804-6354275  User: oesteban  Machine: dna078  Platform: Linux  PlatformVersion: 5.14.0-427.37.1.el9_4.x86_64  CompilerName: GCC  CompilerVersion: 8.4.0
ProgramName: mri_segment  ProgramArguments: mri_segment -all-info  ProgramVersion: 7.3.2  TimeStamp: 2026/03/06-05:38:04-GMT  BuildTime: Aug  4 2022 06:17:15  BuildStamp: freesurfer-linux-ubuntu22_x86_64-7.3.2-20220804-6354275  User: oesteban  Machine: dna078  Platform: Linux  PlatformVersion: 5.14.0-427.37.1.el9_4.x86_64  CompilerName: GCC  CompilerVersion: 8.4.0
ProgramName: mri_segstats  ProgramArguments: mri_segstats -all-info  ProgramVersion: 7.3.2  TimeStamp: 2026/03/06-05:38:04-GMT  BuildTime: Aug  4 2022 06:17:15  BuildStamp: freesurfer-linux-ubuntu22_x86_64-7.3.2-20220804-6354275  User: oesteban  Machine: dna078  Platform: Linux  PlatformVersion: 5.14.0-427.37.1.el9_4.x86_64  CompilerName: GCC  CompilerVersion: 8.4.0
ProgramName: mris_euler_number  ProgramArguments: mris_euler_number -all-info  ProgramVersion: 7.3.2  TimeStamp: 2026/03/06-05:38:04-GMT  BuildTime: Aug  4 2022 06:17:15  BuildStamp: freesurfer-linux-ubuntu22_x86_64-7.3.2-20220804-6354275  User: oesteban  Machine: dna078  Platform: Linux  PlatformVersion: 5.14.0-427.37.1.el9_4.x86_64  CompilerName: GCC  CompilerVersion: 8.4.0
ProgramName: mris_fix_topology  ProgramArguments: mris_fix_topology -all-info  ProgramVersion: 7.3.2  TimeStamp: 2026/03/06-05:38:04-GMT  BuildTime: Aug  4 2022 06:17:15  BuildStamp: freesurfer-linux-ubuntu22_x86_64-7.3.2-20220804-6354275  User: oesteban  Machine: dna078  Platform: Linux  PlatformVersion: 5.14.0-427.37.1.el9_4.x86_64  CompilerName: GCC  CompilerVersion: 8.4.0
ProgramName: mris_topo_fixer  ProgramArguments: mris_topo_fixer -all-info  ProgramVersion: 7.3.2  TimeStamp: 2026/03/06-05:38:04-GMT  BuildTime: Aug  4 2022 06:17:15  BuildStamp: freesurfer-linux-ubuntu22_x86_64-7.3.2-20220804-6354275  User: oesteban  Machine: dna078  Platform: Linux  PlatformVersion: 5.14.0-427.37.1.el9_4.x86_64  CompilerName: GCC  CompilerVersion: 8.4.0
ProgramName: mris_jacobian  ProgramArguments: mris_jacobian -all-info  ProgramVersion: 7.3.2  TimeStamp: 2026/03/06-05:38:04-GMT  BuildTime: Aug  4 2022 06:17:15  BuildStamp: freesurfer-linux-ubuntu22_x86_64-7.3.2-20220804-6354275  User: oesteban  Machine: dna078  Platform: Linux  PlatformVersion: 5.14.0-427.37.1.el9_4.x86_64  CompilerName: GCC  CompilerVersion: 8.4.0
ProgramName: mris_label2annot  ProgramArguments: mris_label2annot -all-info  ProgramVersion: 7.3.2  TimeStamp: 2026/03/06-05:38:04-GMT  BuildTime: Aug  4 2022 06:17:15  BuildStamp: freesurfer-linux-ubuntu22_x86_64-7.3.2-20220804-6354275  User: oesteban  Machine: dna078  Platform: Linux  PlatformVersion: 5.14.0-427.37.1.el9_4.x86_64  CompilerName: GCC  CompilerVersion: 8.4.0
ProgramName: mris_left_right_register  ProgramArguments: mris_left_right_register -all-info  ProgramVersion: 7.3.2  TimeStamp: 2026/03/06-05:38:04-GMT  BuildTime: Aug  4 2022 06:17:15  BuildStamp: freesurfer-linux-ubuntu22_x86_64-7.3.2-20220804-6354275  User: oesteban  Machine: dna078  Platform: Linux  PlatformVersion: 5.14.0-427.37.1.el9_4.x86_64  CompilerName: GCC  CompilerVersion: 8.4.0
ProgramName: mris_place_surface  ProgramArguments: mris_place_surface -all-info  ProgramVersion: 7.3.2  TimeStamp: 2026/03/06-05:38:04-GMT  BuildTime: Aug  4 2022 06:17:15  BuildStamp: freesurfer-linux-ubuntu22_x86_64-7.3.2-20220804-6354275  User: oesteban  Machine: dna078  Platform: Linux  PlatformVersion: 5.14.0-427.37.1.el9_4.x86_64  CompilerName: GCC  CompilerVersion: 8.4.0
ProgramName: mrisp_paint  ProgramArguments: mrisp_paint -all-info  ProgramVersion: 7.3.2  TimeStamp: 2026/03/06-05:38:04-GMT  BuildTime: Aug  4 2022 06:17:15  BuildStamp: freesurfer-linux-ubuntu22_x86_64-7.3.2-20220804-6354275  User: oesteban  Machine: dna078  Platform: Linux  PlatformVersion: 5.14.0-427.37.1.el9_4.x86_64  CompilerName: GCC  CompilerVersion: 8.4.0
ProgramName: mris_register  ProgramArguments: mris_register -all-info  ProgramVersion: 7.3.2  TimeStamp: 2026/03/06-05:38:04-GMT  BuildTime: Aug  4 2022 06:17:15  BuildStamp: freesurfer-linux-ubuntu22_x86_64-7.3.2-20220804-6354275  User: oesteban  Machine: dna078  Platform: Linux  PlatformVersion: 5.14.0-427.37.1.el9_4.x86_64  CompilerName: GCC  CompilerVersion: 8.4.0
ProgramName: mris_smooth  ProgramArguments: mris_smooth -all-info  ProgramVersion: 7.3.2  TimeStamp: 2026/03/06-05:38:04-GMT  BuildTime: Aug  4 2022 06:17:15  BuildStamp: freesurfer-linux-ubuntu22_x86_64-7.3.2-20220804-6354275  User: oesteban  Machine: dna078  Platform: Linux  PlatformVersion: 5.14.0-427.37.1.el9_4.x86_64  CompilerName: GCC  CompilerVersion: 8.4.0
ProgramName: mris_sphere  ProgramArguments: mris_sphere -all-info  ProgramVersion: 7.3.2  TimeStamp: 2026/03/06-05:38:04-GMT  BuildTime: Aug  4 2022 06:17:15  BuildStamp: freesurfer-linux-ubuntu22_x86_64-7.3.2-20220804-6354275  User: oesteban  Machine: dna078  Platform: Linux  PlatformVersion: 5.14.0-427.37.1.el9_4.x86_64  CompilerName: GCC  CompilerVersion: 8.4.0
ProgramName: mris_surface_stats  ProgramArguments: mris_surface_stats -all-info  ProgramVersion: 7.3.2  TimeStamp: 2026/03/06-05:38:04-GMT  BuildTime: Aug  4 2022 06:17:15  BuildStamp: freesurfer-linux-ubuntu22_x86_64-7.3.2-20220804-6354275  User: oesteban  Machine: dna078  Platform: Linux  PlatformVersion: 5.14.0-427.37.1.el9_4.x86_64  CompilerName: GCC  CompilerVersion: 8.4.0
ProgramName: mri_stats2seg  ProgramArguments: mri_stats2seg -all-info  ProgramVersion: 7.3.2  TimeStamp: 2026/03/06-05:38:04-GMT  BuildTime: Aug  4 2022 06:17:15  BuildStamp: freesurfer-linux-ubuntu22_x86_64-7.3.2-20220804-6354275  User: oesteban  Machine: dna078  Platform: Linux  PlatformVersion: 5.14.0-427.37.1.el9_4.x86_64  CompilerName: GCC  CompilerVersion: 8.4.0
ProgramName: mris_thickness  ProgramArguments: mris_thickness -all-info  ProgramVersion: 7.3.2  TimeStamp: 2026/03/06-05:38:04-GMT  BuildTime: Aug  4 2022 06:17:15  BuildStamp: freesurfer-linux-ubuntu22_x86_64-7.3.2-20220804-6354275  User: oesteban  Machine: dna078  Platform: Linux  PlatformVersion: 5.14.0-427.37.1.el9_4.x86_64  CompilerName: GCC  CompilerVersion: 8.4.0
ProgramName: mris_thickness_diff  ProgramArguments: mris_thickness_diff -all-info  ProgramVersion: 7.3.2  TimeStamp: 2026/03/06-05:38:04-GMT  BuildTime: Aug  4 2022 06:17:15  BuildStamp: freesurfer-linux-ubuntu22_x86_64-7.3.2-20220804-6354275  User: oesteban  Machine: dna078  Platform: Linux  PlatformVersion: 5.14.0-427.37.1.el9_4.x86_64  CompilerName: GCC  CompilerVersion: 8.4.0
ProgramName: mris_topo_fixer  ProgramArguments: mris_topo_fixer -all-info  ProgramVersion: 7.3.2  TimeStamp: 2026/03/06-05:38:04-GMT  BuildTime: Aug  4 2022 06:17:15  BuildStamp: freesurfer-linux-ubuntu22_x86_64-7.3.2-20220804-6354275  User: oesteban  Machine: dna078  Platform: Linux  PlatformVersion: 5.14.0-427.37.1.el9_4.x86_64  CompilerName: GCC  CompilerVersion: 8.4.0
ProgramName: mri_surf2surf  ProgramArguments: mri_surf2surf -all-info  ProgramVersion: 7.3.2  TimeStamp: 2026/03/06-05:38:04-GMT  BuildTime: Aug  4 2022 06:17:15  BuildStamp: freesurfer-linux-ubuntu22_x86_64-7.3.2-20220804-6354275  User: oesteban  Machine: dna078  Platform: Linux  PlatformVersion: 5.14.0-427.37.1.el9_4.x86_64  CompilerName: GCC  CompilerVersion: 8.4.0
ProgramName: mri_surf2vol  ProgramArguments: mri_surf2vol -all-info  ProgramVersion: 7.3.2  TimeStamp: 2026/03/06-05:38:04-GMT  BuildTime: Aug  4 2022 06:17:15  BuildStamp: freesurfer-linux-ubuntu22_x86_64-7.3.2-20220804-6354275  User: oesteban  Machine: dna078  Platform: Linux  PlatformVersion: 5.14.0-427.37.1.el9_4.x86_64  CompilerName: GCC  CompilerVersion: 8.4.0
ProgramName: mri_surfcluster  ProgramArguments: mri_surfcluster -all-info  ProgramVersion: 7.3.2  TimeStamp: 2026/03/06-05:38:04-GMT  BuildTime: Aug  4 2022 06:17:15  BuildStamp: freesurfer-linux-ubuntu22_x86_64-7.3.2-20220804-6354275  User: oesteban  Machine: dna078  Platform: Linux  PlatformVersion: 5.14.0-427.37.1.el9_4.x86_64  CompilerName: GCC  CompilerVersion: 8.4.0
ProgramName: mris_volmask  ProgramArguments: mris_volmask -all-info  ProgramVersion: 7.3.2  TimeStamp: 2026/03/06-05:38:04-GMT  BuildTime: Aug  4 2022 06:17:15  BuildStamp: freesurfer-linux-ubuntu22_x86_64-7.3.2-20220804-6354275  User: oesteban  Machine: dna078  Platform: Linux  PlatformVersion: 5.14.0-427.37.1.el9_4.x86_64  CompilerName: GCC  CompilerVersion: 8.4.0
ProgramName: mri_tessellate  ProgramArguments: mri_tessellate -all-info  ProgramVersion: 7.3.2  TimeStamp: 2026/03/06-05:38:04-GMT  BuildTime: Aug  4 2022 06:17:15  BuildStamp: freesurfer-linux-ubuntu22_x86_64-7.3.2-20220804-6354275  User: oesteban  Machine: dna078  Platform: Linux  PlatformVersion: 5.14.0-427.37.1.el9_4.x86_64  CompilerName: GCC  CompilerVersion: 8.4.0
ProgramName: mri_vol2surf  ProgramArguments: mri_vol2surf -all-info  ProgramVersion: 7.3.2  TimeStamp: 2026/03/06-05:38:04-GMT  BuildTime: Aug  4 2022 06:17:15  BuildStamp: freesurfer-linux-ubuntu22_x86_64-7.3.2-20220804-6354275  User: oesteban  Machine: dna078  Platform: Linux  PlatformVersion: 5.14.0-427.37.1.el9_4.x86_64  CompilerName: GCC  CompilerVersion: 8.4.0
ProgramName: mri_vol2vol  ProgramArguments: mri_vol2vol -all-info  ProgramVersion: 7.3.2  TimeStamp: 2026/03/06-05:38:04-GMT  BuildTime: Aug  4 2022 06:17:15  BuildStamp: freesurfer-linux-ubuntu22_x86_64-7.3.2-20220804-6354275  User: oesteban  Machine: dna078  Platform: Linux  PlatformVersion: 5.14.0-427.37.1.el9_4.x86_64  CompilerName: GCC  CompilerVersion: 8.4.0
ProgramName: mri_voldiff  ProgramArguments: mri_voldiff -all-info  ProgramVersion: 7.3.2  TimeStamp: 2026/03/06-05:38:04-GMT  BuildTime: Aug  4 2022 06:17:15  BuildStamp: freesurfer-linux-ubuntu22_x86_64-7.3.2-20220804-6354275  User: oesteban  Machine: dna078  Platform: Linux  PlatformVersion: 5.14.0-427.37.1.el9_4.x86_64  CompilerName: GCC  CompilerVersion: 8.4.0
ProgramName: mri_watershed  ProgramArguments: mri_watershed -all-info  ProgramVersion: 7.3.2  TimeStamp: 2026/03/06-05:38:04-GMT  BuildTime: Aug  4 2022 06:17:15  BuildStamp: freesurfer-linux-ubuntu22_x86_64-7.3.2-20220804-6354275  User: oesteban  Machine: dna078  Platform: Linux  PlatformVersion: 5.14.0-427.37.1.el9_4.x86_64  CompilerName: GCC  CompilerVersion: 8.4.0
ProgramName: tkregister2  ProgramArguments: tkregister2_cmdl -all-info  ProgramVersion: 7.3.2  TimeStamp: 2026/03/06-05:38:04-GMT  BuildTime: Aug  4 2022 06:17:15  BuildStamp: freesurfer-linux-ubuntu22_x86_64-7.3.2-20220804-6354275  User: oesteban  Machine: dna078  Platform: Linux  PlatformVersion: 5.14.0-427.37.1.el9_4.x86_64  CompilerName: GCC  CompilerVersion: 8.4.0
mri_motion_correct.fsl 7.3.2
mri_convert -all-info 
ProgramName: mri_convert  ProgramArguments: mri_convert -all-info  ProgramVersion: 7.3.2  TimeStamp: 2026/03/06-05:38:04-GMT  BuildTime: Aug  4 2022 06:17:15  BuildStamp: freesurfer-linux-ubuntu22_x86_64-7.3.2-20220804-6354275  User: oesteban  Machine: dna078  Platform: Linux  PlatformVersion: 5.14.0-427.37.1.el9_4.x86_64  CompilerName: GCC  CompilerVersion: 8.4.0
Program nu_correct, built from:
Package MNI N3, version 1.12.0, compiled by nicks@terrier (x86_64-unknown-linux-gnu) on 2015-06-19 at 01:25:34
#######################################
GCADIR /opt/freesurfer/average
GCA RB_all_2020-01-02.gca
GCASkull RB_all_withskull_2020_01_02.gca
AvgCurvTif folding.atlas.acfb40.noaparc.i12.2016-08-02.tif
GCSDIR /opt/freesurfer/average
GCS DKaparc.atlas.acfb40.noaparc.i12.2016-08-02.gcs
#######################################
#-------------------------------------
#@# EM Registration Fri Mar  6 06:38:04 CET 2026
/out/sourcedata/freesurfer/sub-v1s10x0050999_ses-1/mri

 mri_em_register -uns 3 -mask brainmask.mgz nu.mgz /opt/freesurfer/average/RB_all_2020-01-02.gca transforms/talairach.lta 

setting unknown_nbr_spacing = 3
using MR volume brainmask.mgz to mask input volume...

== Number of threads available to mri_em_register for OpenMP = 16 == 
reading 1 input volumes...
logging results to talairach.log
reading '/opt/freesurfer/average/RB_all_2020-01-02.gca'...
GCAread took 0 minutes and 1 seconds.
average std = 7.2   using min determinant for regularization = 5.2
0 singular and 884 ill-conditioned covariance matrices regularized
reading 'nu.mgz'...
MRImask(): AllowDiffGeom = 1
MRImask(): AllowDiffGeom = 1
MRImask(): AllowDiffGeom = 1
MRImask(): AllowDiffGeom = 1
MRImask(): AllowDiffGeom = 1
freeing gibbs priors...done.
accounting for voxel sizes in initial transform
bounding unknown intensity as < 5.9 or > 519.0 
total sample mean = 79.1 (1017 zeros)
************************************************
spacing=8, using 2841 sample points, tol=1.00e-05...
************************************************
register_mri: find_optimal_transform
find_optimal_transform: nsamples 2841, passno 0, spacing 8
resetting wm mean[0]: 98 --> 107
resetting gm mean[0]: 61 --> 61
input volume #1 is the most T1-like
using real data threshold=29.0
skull bounding box = (68, 81, 40) --> (192, 201, 196)
finding center of left hemi white matter
using (109, 121, 118) as brain centroid of Right_Cerebral_White_Matter...
MRImask(): AllowDiffGeom = 1
mean wm in atlas = 107, using box (94,106,99) --> (124, 135,137) to find MRI wm
before smoothing, mri peak at 108
robust fit to distribution - 108 +- 3.2
after smoothing, mri peak at 108, scaling input intensities by 0.991
scaling channel 0 by 0.990741
initial log_p = -4.258
************************************************
First Search limited to translation only.
************************************************
max log p =    -4.108572 @ (-10.526, -10.526, -10.526)
max log p =    -4.027139 @ (5.263, -5.263, -5.263)
max log p =    -3.982414 @ (2.632, -2.632, 2.632)
max log p =    -3.969611 @ (-1.316, 1.316, -1.316)
max log p =    -3.967907 @ (1.974, -3.289, -1.974)
max log p =    -3.967907 @ (0.000, 0.000, 0.000)
max log p =    -3.967907 @ (0.000, 0.000, 0.000)
max log p =    -3.967907 @ (0.000, 0.000, 0.000)
Found translation: (-2.0, -20.4, -16.4): log p = -3.968
****************************************
Nine parameter search.  iteration 0 nscales = 0 ...
****************************************
Result so far: scale 1.000: max_log_p=-3.614, old_max_log_p =-3.968 (thresh=-4.0)
 1.06580   0.14771   0.06413  -39.17007;
-0.14032   1.12194   0.48712  -73.30965;
 0.00000  -0.36573   0.93367   50.09460;
 0.00000   0.00000   0.00000   1.00000;
iteration took 0 minutes and 10 seconds.
****************************************
Nine parameter search.  iteration 1 nscales = 0 ...
****************************************
Result so far: scale 1.000: max_log_p=-3.614, old_max_log_p =-3.614 (thresh=-3.6)
 1.06580   0.14771   0.06413  -39.17007;
-0.14032   1.12194   0.48712  -73.30965;
 0.00000  -0.36573   0.93367   50.09460;
 0.00000   0.00000   0.00000   1.00000;
reducing scale to 0.2500
iteration took 0 minutes and 30 seconds.
****************************************
Nine parameter search.  iteration 2 nscales = 1 ...
****************************************
Result so far: scale 0.250: max_log_p=-3.389, old_max_log_p =-3.614 (thresh=-3.6)
 1.10794   0.04154   0.12282  -38.35301;
-0.07091   1.07948   0.54553  -84.68603;
-0.09645  -0.45113   0.88891   83.26155;
 0.00000   0.00000   0.00000   1.00000;
iteration took 0 minutes and 10 seconds.
****************************************
Nine parameter search.  iteration 3 nscales = 1 ...
****************************************
Result so far: scale 0.250: max_log_p=-3.384, old_max_log_p =-3.389 (thresh=-3.4)
 1.12871   0.04232   0.12512  -41.44967;
-0.06958   1.05924   0.53530  -80.86147;
-0.09645  -0.45113   0.88891   83.26155;
 0.00000   0.00000   0.00000   1.00000;
iteration took 0 minutes and 39 seconds.
****************************************
Nine parameter search.  iteration 4 nscales = 1 ...
****************************************
Result so far: scale 0.250: max_log_p=-3.384, old_max_log_p =-3.384 (thresh=-3.4)
 1.12871   0.04232   0.12512  -41.44967;
-0.06958   1.05924   0.53530  -80.86147;
-0.09645  -0.45113   0.88891   83.26155;
 0.00000   0.00000   0.00000   1.00000;
reducing scale to 0.0625
iteration took 0 minutes and 23 seconds.
****************************************
Nine parameter search.  iteration 5 nscales = 2 ...
****************************************
Result so far: scale 0.062: max_log_p=-3.355, old_max_log_p =-3.384 (thresh=-3.4)
 1.12814   0.04597   0.11767  -41.53322;
-0.06966   1.06048   0.53593  -81.09601;
-0.08736  -0.45130   0.89094   81.86473;
 0.00000   0.00000   0.00000   1.00000;
iteration took 0 minutes and 10 seconds.
****************************************
Nine parameter search.  iteration 6 nscales = 2 ...
****************************************
Result so far: scale 0.062: max_log_p=-3.355, old_max_log_p =-3.355 (thresh=-3.4)
 1.12814   0.04597   0.11767  -41.53322;
-0.06974   1.06172   0.53656  -81.33028;
-0.08726  -0.45077   0.88989   81.89240;
 0.00000   0.00000   0.00000   1.00000;
min search scale 0.025000 reached
***********************************************
Computing MAP estimate using 2841 samples...
***********************************************
dt = 5.00e-06, momentum=0.80, tol=1.00e-05
l_intensity = 1.0000
Aligning input volume to GCA...
Transform matrix
 1.12814   0.04597   0.11767  -41.53322;
-0.06974   1.06172   0.53656  -81.33028;
-0.08726  -0.45077   0.88989   81.89240;
 0.00000   0.00000   0.00000   1.00000;
nsamples 2841
Quasinewton: input matrix
 1.12814   0.04597   0.11767  -41.53322;
-0.06974   1.06172   0.53656  -81.33028;
-0.08726  -0.45077   0.88989   81.89240;
 0.00000   0.00000   0.00000   1.00000;
 IFLAG= -1  LINE SEARCH FAILED. SEE DOCUMENTATION OF ROUTINE MCSRCH ERROR RETURN OF LINE SEARCH: INFO= 3 POSSIBLE CAUSES: FUNCTION OR GRADIENT ARE INCORRECT OR INCORRECT TOLERANCESoutof QuasiNewtonEMA: 009: -log(p) =   -0.0  tol 0.000010
Resulting transform:
 1.12814   0.04597   0.11767  -41.53322;
-0.06974   1.06172   0.53656  -81.33028;
-0.08726  -0.45077   0.88989   81.89240;
 0.00000   0.00000   0.00000   1.00000;

pass 1, spacing 8: log(p) = -3.355 (old=-4.258)
transform before final EM align:
 1.12814   0.04597   0.11767  -41.53322;
-0.06974   1.06172   0.53656  -81.33028;
-0.08726  -0.45077   0.88989   81.89240;
 0.00000   0.00000   0.00000   1.00000;

**************************************************
 EM alignment process ...
 Computing final MAP estimate using 315638 samples. 
**************************************************
dt = 5.00e-06, momentum=0.80, tol=1.00e-07
l_intensity = 1.0000
Aligning input volume to GCA...
Transform matrix
 1.12814   0.04597   0.11767  -41.53322;
-0.06974   1.06172   0.53656  -81.33028;
-0.08726  -0.45077   0.88989   81.89240;
 0.00000   0.00000   0.00000   1.00000;
nsamples 315638
Quasinewton: input matrix
 1.12814   0.04597   0.11767  -41.53322;
-0.06974   1.06172   0.53656  -81.33028;
-0.08726  -0.45077   0.88989   81.89240;
 0.00000   0.00000   0.00000   1.00000;
 IFLAG= -1  LINE SEARCH FAILED. SEE DOCUMENTATION OF ROUTINE MCSRCH ERROR RETURN OF LINE SEARCH: INFO= 3 POSSIBLE CAUSES: FUNCTION OR GRADIENT ARE INCORRECT OR INCORRECT TOLERANCESoutof QuasiNewtonEMA: 011: -log(p) =    3.9  tol 0.000000
final transform:
 1.12814   0.04597   0.11767  -41.53322;
-0.06974   1.06172   0.53656  -81.33028;
-0.08726  -0.45077   0.88989   81.89240;
 0.00000   0.00000   0.00000   1.00000;

writing output transformation to transforms/talairach.lta...
#VMPC# mri_em_register VmPeak  891280
FSRUNTIME@ mri_em_register  0.0942 hours 16 threads
registration took 5 minutes and 39 seconds.

Started at Fri Mar 6 06:38:04 CET 2026 
Ended   at Fri Mar 6 06:43:43 CET 2026
#@#%# recon-all-run-time-hours 0.094
recon-all -s sub-v1s10x0050999_ses-1 finished without error at Fri Mar  6 06:43:44 CET 2026



#New# invocation of recon-all 




Fri Mar  6 06:43:47 CET 2026
cd /out/sourcedata/freesurfer/sub-v1s10x0050999_ses-1
setenv SUBJECTS_DIR /out/sourcedata/freesurfer
/opt/freesurfer/bin/recon-all -autorecon2-volonly -openmp 16 -subjid sub-v1s10x0050999_ses-1 -sd /out/sourcedata/freesurfer -nogcareg

subjid sub-v1s10x0050999_ses-1
setenv SUBJECTS_DIR /out/sourcedata/freesurfer
FREESURFER_HOME /opt/freesurfer
Actual FREESURFER_HOME /opt/freesurfer
build-stamp.txt: freesurfer-linux-ubuntu22_x86_64-7.3.2-20220804-6354275
Linux dna078 5.14.0-427.37.1.el9_4.x86_64 #1 SMP PREEMPT_DYNAMIC Fri Sep 13 12:41:50 EDT 2024 x86_64 x86_64 x86_64 GNU/Linux
cputime      unlimited
filesize     unlimited
datasize     unlimited
stacksize    8192 kbytes
coredumpsize 0 kbytes
memoryuse    67108864 kbytes
vmemoryuse   unlimited
descriptors  1024 
memorylocked unlimited
maxproc      2061970 
maxlocks     unlimited
maxsignal    2062029 
maxmessage   819200 
maxnice      0 
maxrtprio    0 
maxrttime    unlimited

               total        used        free      shared  buff/cache   available
Mem:           503Gi        58Gi       405Gi       6.3Gi        39Gi       435Gi
Swap:             0B          0B          0B

########################################
program versions used
7.3.2 (freesurfer-linux-ubuntu22_x86_64-7.3.2-20220804-6354275)
7.3.2

ProgramName: lta_convert  ProgramArguments: lta_convert -all-info  ProgramVersion: 7.3.2  TimeStamp: 2026/03/06-05:43:47-GMT  BuildTime: Aug  4 2022 06:17:15  BuildStamp: freesurfer-linux-ubuntu22_x86_64-7.3.2-20220804-6354275  User: oesteban  Machine: dna078  Platform: Linux  PlatformVersion: 5.14.0-427.37.1.el9_4.x86_64  CompilerName: GCC  CompilerVersion: 8.4.0
ProgramName: mri_and  ProgramArguments: mri_and -all-info  ProgramVersion: 7.3.2  TimeStamp: 2026/03/06-05:43:47-GMT  BuildTime: Aug  4 2022 06:17:15  BuildStamp: freesurfer-linux-ubuntu22_x86_64-7.3.2-20220804-6354275  User: oesteban  Machine: dna078  Platform: Linux  PlatformVersion: 5.14.0-427.37.1.el9_4.x86_64  CompilerName: GCC  CompilerVersion: 8.4.0
ProgramName: mri_annotation2label  ProgramArguments: mri_annotation2label -all-info  ProgramVersion: 7.3.2  TimeStamp: 2026/03/06-05:43:47-GMT  BuildTime: Aug  4 2022 06:17:15  BuildStamp: freesurfer-linux-ubuntu22_x86_64-7.3.2-20220804-6354275  User: oesteban  Machine: dna078  Platform: Linux  PlatformVersion: 5.14.0-427.37.1.el9_4.x86_64  CompilerName: GCC  CompilerVersion: 8.4.0
ProgramName: mri_aparc2aseg  ProgramArguments: mri_aparc2aseg -all-info  ProgramVersion: 7.3.2  TimeStamp: 2026/03/06-05:43:47-GMT  BuildTime: Aug  4 2022 06:17:15  BuildStamp: freesurfer-linux-ubuntu22_x86_64-7.3.2-20220804-6354275  User: oesteban  Machine: dna078  Platform: Linux  PlatformVersion: 5.14.0-427.37.1.el9_4.x86_64  CompilerName: GCC  CompilerVersion: 8.4.0
ProgramName: mri_surf2volseg  ProgramArguments: mri_surf2volseg -all-info  ProgramVersion: 7.3.2  TimeStamp: 2026/03/06-05:43:47-GMT  BuildTime: Aug  4 2022 06:17:15  BuildStamp: freesurfer-linux-ubuntu22_x86_64-7.3.2-20220804-6354275  User: oesteban  Machine: dna078  Platform: Linux  PlatformVersion: 5.14.0-427.37.1.el9_4.x86_64  CompilerName: GCC  CompilerVersion: 8.4.0
ProgramName: mri_binarize  ProgramArguments: mri_binarize -all-info  ProgramVersion: 7.3.2  TimeStamp: 2026/03/06-05:43:47-GMT  BuildTime: Aug  4 2022 06:17:15  BuildStamp: freesurfer-linux-ubuntu22_x86_64-7.3.2-20220804-6354275  User: oesteban  Machine: dna078  Platform: Linux  PlatformVersion: 5.14.0-427.37.1.el9_4.x86_64  CompilerName: GCC  CompilerVersion: 8.4.0
ProgramName: mri_ca_label  ProgramArguments: mri_ca_label -all-info  ProgramVersion: 7.3.2  TimeStamp: 2026/03/06-05:43:47-GMT  BuildTime: Aug  4 2022 06:17:15  BuildStamp: freesurfer-linux-ubuntu22_x86_64-7.3.2-20220804-6354275  User: oesteban  Machine: dna078  Platform: Linux  PlatformVersion: 5.14.0-427.37.1.el9_4.x86_64  CompilerName: GCC  CompilerVersion: 8.4.0
ProgramName: mri_ca_normalize  ProgramArguments: mri_ca_normalize -all-info  ProgramVersion: 7.3.2  TimeStamp: 2026/03/06-05:43:47-GMT  BuildTime: Aug  4 2022 06:17:15  BuildStamp: freesurfer-linux-ubuntu22_x86_64-7.3.2-20220804-6354275  User: oesteban  Machine: dna078  Platform: Linux  PlatformVersion: 5.14.0-427.37.1.el9_4.x86_64  CompilerName: GCC  CompilerVersion: 8.4.0
ProgramName: mri_ca_register  ProgramArguments: mri_ca_register -all-info  ProgramVersion: 7.3.2  TimeStamp: 2026/03/06-05:43:47-GMT  BuildTime: Aug  4 2022 06:17:15  BuildStamp: freesurfer-linux-ubuntu22_x86_64-7.3.2-20220804-6354275  User: oesteban  Machine: dna078  Platform: Linux  PlatformVersion: 5.14.0-427.37.1.el9_4.x86_64  CompilerName: GCC  CompilerVersion: 8.4.0
ProgramName: mri_cc  ProgramArguments: mri_cc -all-info  ProgramVersion: 7.3.2  TimeStamp: 2026/03/06-05:43:47-GMT  BuildTime: Aug  4 2022 06:17:15  BuildStamp: freesurfer-linux-ubuntu22_x86_64-7.3.2-20220804-6354275  User: oesteban  Machine: dna078  Platform: Linux  PlatformVersion: 5.14.0-427.37.1.el9_4.x86_64  CompilerName: GCC  CompilerVersion: 8.4.0
ProgramName: mri_compute_overlap  ProgramArguments: mri_compute_overlap -all-info  ProgramVersion: 7.3.2  TimeStamp: 2026/03/06-05:43:47-GMT  BuildTime: Aug  4 2022 06:17:15  BuildStamp: freesurfer-linux-ubuntu22_x86_64-7.3.2-20220804-6354275  User: oesteban  Machine: dna078  Platform: Linux  PlatformVersion: 5.14.0-427.37.1.el9_4.x86_64  CompilerName: GCC  CompilerVersion: 8.4.0
ProgramName: mri_compute_seg_overlap  ProgramArguments: mri_compute_seg_overlap -all-info  ProgramVersion: 7.3.2  TimeStamp: 2026/03/06-05:43:47-GMT  BuildTime: Aug  4 2022 06:17:15  BuildStamp: freesurfer-linux-ubuntu22_x86_64-7.3.2-20220804-6354275  User: oesteban  Machine: dna078  Platform: Linux  PlatformVersion: 5.14.0-427.37.1.el9_4.x86_64  CompilerName: GCC  CompilerVersion: 8.4.0
ProgramName: mri_concat  ProgramArguments: mri_concat -all-info  ProgramVersion: 7.3.2  TimeStamp: 2026/03/06-05:43:47-GMT  BuildTime: Aug  4 2022 06:17:15  BuildStamp: freesurfer-linux-ubuntu22_x86_64-7.3.2-20220804-6354275  User: oesteban  Machine: dna078  Platform: Linux  PlatformVersion: 5.14.0-427.37.1.el9_4.x86_64  CompilerName: GCC  CompilerVersion: 8.4.0
ProgramName: mri_concatenate_lta  ProgramArguments: mri_concatenate_lta -all-info  ProgramVersion: 7.3.2  TimeStamp: 2026/03/06-05:43:47-GMT  BuildTime: Aug  4 2022 06:17:15  BuildStamp: freesurfer-linux-ubuntu22_x86_64-7.3.2-20220804-6354275  User: oesteban  Machine: dna078  Platform: Linux  PlatformVersion: 5.14.0-427.37.1.el9_4.x86_64  CompilerName: GCC  CompilerVersion: 8.4.0
mri_convert -all-info 
ProgramName: mri_convert  ProgramArguments: mri_convert -all-info  ProgramVersion: 7.3.2  TimeStamp: 2026/03/06-05:43:47-GMT  BuildTime: Aug  4 2022 06:17:15  BuildStamp: freesurfer-linux-ubuntu22_x86_64-7.3.2-20220804-6354275  User: oesteban  Machine: dna078  Platform: Linux  PlatformVersion: 5.14.0-427.37.1.el9_4.x86_64  CompilerName: GCC  CompilerVersion: 8.4.0
ProgramName: mri_diff  ProgramArguments: mri_diff -all-info  ProgramVersion: 7.3.2  TimeStamp: 2026/03/06-05:43:47-GMT  BuildTime: Aug  4 2022 06:17:15  BuildStamp: freesurfer-linux-ubuntu22_x86_64-7.3.2-20220804-6354275  User: oesteban  Machine: dna078  Platform: Linux  PlatformVersion: 5.14.0-427.37.1.el9_4.x86_64  CompilerName: GCC  CompilerVersion: 8.4.0
ProgramName: mri_edit_wm_with_aseg  ProgramArguments: mri_edit_wm_with_aseg -all-info  ProgramVersion: 7.3.2  TimeStamp: 2026/03/06-05:43:47-GMT  BuildTime: Aug  4 2022 06:17:15  BuildStamp: freesurfer-linux-ubuntu22_x86_64-7.3.2-20220804-6354275  User: oesteban  Machine: dna078  Platform: Linux  PlatformVersion: 5.14.0-427.37.1.el9_4.x86_64  CompilerName: GCC  CompilerVersion: 8.4.0
ProgramName: mri_em_register  ProgramArguments: mri_em_register -all-info  ProgramVersion: 7.3.2  TimeStamp: 2026/03/06-05:43:47-GMT  BuildTime: Aug  4 2022 06:17:15  BuildStamp: freesurfer-linux-ubuntu22_x86_64-7.3.2-20220804-6354275  User: oesteban  Machine: dna078  Platform: Linux  PlatformVersion: 5.14.0-427.37.1.el9_4.x86_64  CompilerName: GCC  CompilerVersion: 8.4.0
ProgramName: mri_fill  ProgramArguments: mri_fill -all-info  ProgramVersion: 7.3.2  TimeStamp: 2026/03/06-05:43:47-GMT  BuildTime: Aug  4 2022 06:17:15  BuildStamp: freesurfer-linux-ubuntu22_x86_64-7.3.2-20220804-6354275  User: oesteban  Machine: dna078  Platform: Linux  PlatformVersion: 5.14.0-427.37.1.el9_4.x86_64  CompilerName: GCC  CompilerVersion: 8.4.0
ProgramName: mri_fuse_segmentations  ProgramArguments: mri_fuse_segmentations -all-info  ProgramVersion: 7.3.2  TimeStamp: 2026/03/06-05:43:47-GMT  BuildTime: Aug  4 2022 06:17:15  BuildStamp: freesurfer-linux-ubuntu22_x86_64-7.3.2-20220804-6354275  User: oesteban  Machine: dna078  Platform: Linux  PlatformVersion: 5.14.0-427.37.1.el9_4.x86_64  CompilerName: GCC  CompilerVersion: 8.4.0
ProgramName: mri_fwhm  ProgramArguments: mri_fwhm -all-info  ProgramVersion: 7.3.2  TimeStamp: 2026/03/06-05:43:47-GMT  BuildTime: Aug  4 2022 06:17:15  BuildStamp: freesurfer-linux-ubuntu22_x86_64-7.3.2-20220804-6354275  User: oesteban  Machine: dna078  Platform: Linux  PlatformVersion: 5.14.0-427.37.1.el9_4.x86_64  CompilerName: GCC  CompilerVersion: 8.4.0
ProgramName: mri_gcut  ProgramArguments: mri_gcut -all-info  ProgramVersion: 7.3.2  TimeStamp: 2026/03/06-05:43:47-GMT  BuildTime: Aug  4 2022 06:17:15  BuildStamp: freesurfer-linux-ubuntu22_x86_64-7.3.2-20220804-6354275  User: oesteban  Machine: dna078  Platform: Linux  PlatformVersion: 5.14.0-427.37.1.el9_4.x86_64  CompilerName: GCC  CompilerVersion: 8.4.0
ProgramName: mri_info  ProgramArguments: mri_info -all-info  ProgramVersion: 7.3.2  TimeStamp: 2026/03/06-05:43:47-GMT  BuildTime: Aug  4 2022 06:17:15  BuildStamp: freesurfer-linux-ubuntu22_x86_64-7.3.2-20220804-6354275  User: oesteban  Machine: dna078  Platform: Linux  PlatformVersion: 5.14.0-427.37.1.el9_4.x86_64  CompilerName: GCC  CompilerVersion: 8.4.0
ProgramName: mri_label2label  ProgramArguments: mri_label2label -all-info  ProgramVersion: 7.3.2  TimeStamp: 2026/03/06-05:43:47-GMT  BuildTime: Aug  4 2022 06:17:15  BuildStamp: freesurfer-linux-ubuntu22_x86_64-7.3.2-20220804-6354275  User: oesteban  Machine: dna078  Platform: Linux  PlatformVersion: 5.14.0-427.37.1.el9_4.x86_64  CompilerName: GCC  CompilerVersion: 8.4.0
ProgramName: mri_label2vol  ProgramArguments: mri_label2vol -all-info  ProgramVersion: 7.3.2  TimeStamp: 2026/03/06-05:43:47-GMT  BuildTime: Aug  4 2022 06:17:15  BuildStamp: freesurfer-linux-ubuntu22_x86_64-7.3.2-20220804-6354275  User: oesteban  Machine: dna078  Platform: Linux  PlatformVersion: 5.14.0-427.37.1.el9_4.x86_64  CompilerName: GCC  CompilerVersion: 8.4.0
ProgramName: mri_log_likelihood  ProgramArguments: mri_log_likelihood -all-info  ProgramVersion: 7.3.2  TimeStamp: 2026/03/06-05:43:47-GMT  BuildTime: Aug  4 2022 06:17:15  BuildStamp: freesurfer-linux-ubuntu22_x86_64-7.3.2-20220804-6354275  User: oesteban  Machine: dna078  Platform: Linux  PlatformVersion: 5.14.0-427.37.1.el9_4.x86_64  CompilerName: GCC  CompilerVersion: 8.4.0
ProgramName: mri_mask  ProgramArguments: mri_mask -all-info  ProgramVersion: 7.3.2  TimeStamp: 2026/03/06-05:43:47-GMT  BuildTime: Aug  4 2022 06:17:15  BuildStamp: freesurfer-linux-ubuntu22_x86_64-7.3.2-20220804-6354275  User: oesteban  Machine: dna078  Platform: Linux  PlatformVersion: 5.14.0-427.37.1.el9_4.x86_64  CompilerName: GCC  CompilerVersion: 8.4.0
ProgramName: mri_matrix_multiply  ProgramArguments: mri_matrix_multiply -all-info  ProgramVersion: 7.3.2  TimeStamp: 2026/03/06-05:43:47-GMT  BuildTime: Aug  4 2022 06:17:15  BuildStamp: freesurfer-linux-ubuntu22_x86_64-7.3.2-20220804-6354275  User: oesteban  Machine: dna078  Platform: Linux  PlatformVersion: 5.14.0-427.37.1.el9_4.x86_64  CompilerName: GCC  CompilerVersion: 8.4.0
ProgramName: mri_normalize  ProgramArguments: mri_normalize -all-info  ProgramVersion: 7.3.2  TimeStamp: 2026/03/06-05:43:47-GMT  BuildTime: Aug  4 2022 06:17:15  BuildStamp: freesurfer-linux-ubuntu22_x86_64-7.3.2-20220804-6354275  User: oesteban  Machine: dna078  Platform: Linux  PlatformVersion: 5.14.0-427.37.1.el9_4.x86_64  CompilerName: GCC  CompilerVersion: 8.4.0
ProgramName: mri_normalize_tp2  ProgramArguments: mri_normalize_tp2 -all-info  ProgramVersion: 7.3.2  TimeStamp: 2026/03/06-05:43:47-GMT  BuildTime: Aug  4 2022 06:17:15  BuildStamp: freesurfer-linux-ubuntu22_x86_64-7.3.2-20220804-6354275  User: oesteban  Machine: dna078  Platform: Linux  PlatformVersion: 5.14.0-427.37.1.el9_4.x86_64  CompilerName: GCC  CompilerVersion: 8.4.0
ProgramName: mri_or  ProgramArguments: mri_or -all-info  ProgramVersion: 7.3.2  TimeStamp: 2026/03/06-05:43:47-GMT  BuildTime: Aug  4 2022 06:17:15  BuildStamp: freesurfer-linux-ubuntu22_x86_64-7.3.2-20220804-6354275  User: oesteban  Machine: dna078  Platform: Linux  PlatformVersion: 5.14.0-427.37.1.el9_4.x86_64  CompilerName: GCC  CompilerVersion: 8.4.0
ProgramName: mri_relabel_hypointensities  ProgramArguments: mri_relabel_hypointensities -all-info  ProgramVersion: 7.3.2  TimeStamp: 2026/03/06-05:43:47-GMT  BuildTime: Aug  4 2022 06:17:15  BuildStamp: freesurfer-linux-ubuntu22_x86_64-7.3.2-20220804-6354275  User: oesteban  Machine: dna078  Platform: Linux  PlatformVersion: 5.14.0-427.37.1.el9_4.x86_64  CompilerName: GCC  CompilerVersion: 8.4.0
ProgramName: mri_relabel_nonwm_hypos  ProgramArguments: mri_relabel_nonwm_hypos -all-info  ProgramVersion: 7.3.2  TimeStamp: 2026/03/06-05:43:47-GMT  BuildTime: Aug  4 2022 06:17:15  BuildStamp: freesurfer-linux-ubuntu22_x86_64-7.3.2-20220804-6354275  User: oesteban  Machine: dna078  Platform: Linux  PlatformVersion: 5.14.0-427.37.1.el9_4.x86_64  CompilerName: GCC  CompilerVersion: 8.4.0
ProgramName: mri_remove_neck  ProgramArguments: mri_remove_neck -all-info  ProgramVersion: 7.3.2  TimeStamp: 2026/03/06-05:43:47-GMT  BuildTime: Aug  4 2022 06:17:15  BuildStamp: freesurfer-linux-ubuntu22_x86_64-7.3.2-20220804-6354275  User: oesteban  Machine: dna078  Platform: Linux  PlatformVersion: 5.14.0-427.37.1.el9_4.x86_64  CompilerName: GCC  CompilerVersion: 8.4.0
7.3.2

ProgramName: mri_robust_register  ProgramArguments: mri_robust_register -all-info  ProgramVersion: 7.3.2  TimeStamp: 2026/03/06-05:43:47-GMT  BuildTime: Aug  4 2022 06:17:15  BuildStamp: freesurfer-linux-ubuntu22_x86_64-7.3.2-20220804-6354275  User: oesteban  Machine: dna078  Platform: Linux  PlatformVersion: 5.14.0-427.37.1.el9_4.x86_64  CompilerName: GCC  CompilerVersion: 8.4.0
7.3.2

ProgramName: mri_robust_template  ProgramArguments: mri_robust_template -all-info  ProgramVersion: 7.3.2  TimeStamp: 2026/03/06-05:43:47-GMT  BuildTime: Aug  4 2022 06:17:15  BuildStamp: freesurfer-linux-ubuntu22_x86_64-7.3.2-20220804-6354275  User: oesteban  Machine: dna078  Platform: Linux  PlatformVersion: 5.14.0-427.37.1.el9_4.x86_64  CompilerName: GCC  CompilerVersion: 8.4.0
ProgramName: mris_anatomical_stats  ProgramArguments: mris_anatomical_stats -all-info  ProgramVersion: 7.3.2  TimeStamp: 2026/03/06-05:43:47-GMT  BuildTime: Aug  4 2022 06:17:15  BuildStamp: freesurfer-linux-ubuntu22_x86_64-7.3.2-20220804-6354275  User: oesteban  Machine: dna078  Platform: Linux  PlatformVersion: 5.14.0-427.37.1.el9_4.x86_64  CompilerName: GCC  CompilerVersion: 8.4.0
ProgramName: mris_ca_label  ProgramArguments: mris_ca_label -all-info  ProgramVersion: 7.3.2  TimeStamp: 2026/03/06-05:43:47-GMT  BuildTime: Aug  4 2022 06:17:15  BuildStamp: freesurfer-linux-ubuntu22_x86_64-7.3.2-20220804-6354275  User: oesteban  Machine: dna078  Platform: Linux  PlatformVersion: 5.14.0-427.37.1.el9_4.x86_64  CompilerName: GCC  CompilerVersion: 8.4.0
ProgramName: mris_calc  ProgramArguments: mris_calc -all-info  ProgramVersion: 7.3.2  TimeStamp: 2026/03/06-05:43:47-GMT  BuildTime: Aug  4 2022 06:17:15  BuildStamp: freesurfer-linux-ubuntu22_x86_64-7.3.2-20220804-6354275  User: oesteban  Machine: dna078  Platform: Linux  PlatformVersion: 5.14.0-427.37.1.el9_4.x86_64  CompilerName: GCC  CompilerVersion: 8.4.0
ProgramName: mris_convert  ProgramArguments: mris_convert -all-info  ProgramVersion: 7.3.2  TimeStamp: 2026/03/06-05:43:47-GMT  BuildTime: Aug  4 2022 06:17:15  BuildStamp: freesurfer-linux-ubuntu22_x86_64-7.3.2-20220804-6354275  User: oesteban  Machine: dna078  Platform: Linux  PlatformVersion: 5.14.0-427.37.1.el9_4.x86_64  CompilerName: GCC  CompilerVersion: 8.4.0
ProgramName: mris_curvature  ProgramArguments: mris_curvature -all-info  ProgramVersion: 7.3.2  TimeStamp: 2026/03/06-05:43:47-GMT  BuildTime: Aug  4 2022 06:17:15  BuildStamp: freesurfer-linux-ubuntu22_x86_64-7.3.2-20220804-6354275  User: oesteban  Machine: dna078  Platform: Linux  PlatformVersion: 5.14.0-427.37.1.el9_4.x86_64  CompilerName: GCC  CompilerVersion: 8.4.0
ProgramName: mris_curvature_stats  ProgramArguments: mris_curvature_stats -all-info  ProgramVersion: 7.3.2  TimeStamp: 2026/03/06-05:43:47-GMT  BuildTime: Aug  4 2022 06:17:15  BuildStamp: freesurfer-linux-ubuntu22_x86_64-7.3.2-20220804-6354275  User: oesteban  Machine: dna078  Platform: Linux  PlatformVersion: 5.14.0-427.37.1.el9_4.x86_64  CompilerName: GCC  CompilerVersion: 8.4.0
ProgramName: mris_diff  ProgramArguments: mris_diff -all-info  ProgramVersion: 7.3.2  TimeStamp: 2026/03/06-05:43:47-GMT  BuildTime: Aug  4 2022 06:17:15  BuildStamp: freesurfer-linux-ubuntu22_x86_64-7.3.2-20220804-6354275  User: oesteban  Machine: dna078  Platform: Linux  PlatformVersion: 5.14.0-427.37.1.el9_4.x86_64  CompilerName: GCC  CompilerVersion: 8.4.0
ProgramName: mris_divide_parcellation  ProgramArguments: mris_divide_parcellation -all-info  ProgramVersion: 7.3.2  TimeStamp: 2026/03/06-05:43:47-GMT  BuildTime: Aug  4 2022 06:17:15  BuildStamp: freesurfer-linux-ubuntu22_x86_64-7.3.2-20220804-6354275  User: oesteban  Machine: dna078  Platform: Linux  PlatformVersion: 5.14.0-427.37.1.el9_4.x86_64  CompilerName: GCC  CompilerVersion: 8.4.0
ProgramName: mri_segment  ProgramArguments: mri_segment -all-info  ProgramVersion: 7.3.2  TimeStamp: 2026/03/06-05:43:47-GMT  BuildTime: Aug  4 2022 06:17:15  BuildStamp: freesurfer-linux-ubuntu22_x86_64-7.3.2-20220804-6354275  User: oesteban  Machine: dna078  Platform: Linux  PlatformVersion: 5.14.0-427.37.1.el9_4.x86_64  CompilerName: GCC  CompilerVersion: 8.4.0
ProgramName: mri_segstats  ProgramArguments: mri_segstats -all-info  ProgramVersion: 7.3.2  TimeStamp: 2026/03/06-05:43:47-GMT  BuildTime: Aug  4 2022 06:17:15  BuildStamp: freesurfer-linux-ubuntu22_x86_64-7.3.2-20220804-6354275  User: oesteban  Machine: dna078  Platform: Linux  PlatformVersion: 5.14.0-427.37.1.el9_4.x86_64  CompilerName: GCC  CompilerVersion: 8.4.0
ProgramName: mris_euler_number  ProgramArguments: mris_euler_number -all-info  ProgramVersion: 7.3.2  TimeStamp: 2026/03/06-05:43:47-GMT  BuildTime: Aug  4 2022 06:17:15  BuildStamp: freesurfer-linux-ubuntu22_x86_64-7.3.2-20220804-6354275  User: oesteban  Machine: dna078  Platform: Linux  PlatformVersion: 5.14.0-427.37.1.el9_4.x86_64  CompilerName: GCC  CompilerVersion: 8.4.0
ProgramName: mris_fix_topology  ProgramArguments: mris_fix_topology -all-info  ProgramVersion: 7.3.2  TimeStamp: 2026/03/06-05:43:47-GMT  BuildTime: Aug  4 2022 06:17:15  BuildStamp: freesurfer-linux-ubuntu22_x86_64-7.3.2-20220804-6354275  User: oesteban  Machine: dna078  Platform: Linux  PlatformVersion: 5.14.0-427.37.1.el9_4.x86_64  CompilerName: GCC  CompilerVersion: 8.4.0
ProgramName: mris_topo_fixer  ProgramArguments: mris_topo_fixer -all-info  ProgramVersion: 7.3.2  TimeStamp: 2026/03/06-05:43:47-GMT  BuildTime: Aug  4 2022 06:17:15  BuildStamp: freesurfer-linux-ubuntu22_x86_64-7.3.2-20220804-6354275  User: oesteban  Machine: dna078  Platform: Linux  PlatformVersion: 5.14.0-427.37.1.el9_4.x86_64  CompilerName: GCC  CompilerVersion: 8.4.0
ProgramName: mris_jacobian  ProgramArguments: mris_jacobian -all-info  ProgramVersion: 7.3.2  TimeStamp: 2026/03/06-05:43:47-GMT  BuildTime: Aug  4 2022 06:17:15  BuildStamp: freesurfer-linux-ubuntu22_x86_64-7.3.2-20220804-6354275  User: oesteban  Machine: dna078  Platform: Linux  PlatformVersion: 5.14.0-427.37.1.el9_4.x86_64  CompilerName: GCC  CompilerVersion: 8.4.0
ProgramName: mris_label2annot  ProgramArguments: mris_label2annot -all-info  ProgramVersion: 7.3.2  TimeStamp: 2026/03/06-05:43:47-GMT  BuildTime: Aug  4 2022 06:17:15  BuildStamp: freesurfer-linux-ubuntu22_x86_64-7.3.2-20220804-6354275  User: oesteban  Machine: dna078  Platform: Linux  PlatformVersion: 5.14.0-427.37.1.el9_4.x86_64  CompilerName: GCC  CompilerVersion: 8.4.0
ProgramName: mris_left_right_register  ProgramArguments: mris_left_right_register -all-info  ProgramVersion: 7.3.2  TimeStamp: 2026/03/06-05:43:47-GMT  BuildTime: Aug  4 2022 06:17:15  BuildStamp: freesurfer-linux-ubuntu22_x86_64-7.3.2-20220804-6354275  User: oesteban  Machine: dna078  Platform: Linux  PlatformVersion: 5.14.0-427.37.1.el9_4.x86_64  CompilerName: GCC  CompilerVersion: 8.4.0
ProgramName: mris_place_surface  ProgramArguments: mris_place_surface -all-info  ProgramVersion: 7.3.2  TimeStamp: 2026/03/06-05:43:47-GMT  BuildTime: Aug  4 2022 06:17:15  BuildStamp: freesurfer-linux-ubuntu22_x86_64-7.3.2-20220804-6354275  User: oesteban  Machine: dna078  Platform: Linux  PlatformVersion: 5.14.0-427.37.1.el9_4.x86_64  CompilerName: GCC  CompilerVersion: 8.4.0
ProgramName: mrisp_paint  ProgramArguments: mrisp_paint -all-info  ProgramVersion: 7.3.2  TimeStamp: 2026/03/06-05:43:47-GMT  BuildTime: Aug  4 2022 06:17:15  BuildStamp: freesurfer-linux-ubuntu22_x86_64-7.3.2-20220804-6354275  User: oesteban  Machine: dna078  Platform: Linux  PlatformVersion: 5.14.0-427.37.1.el9_4.x86_64  CompilerName: GCC  CompilerVersion: 8.4.0
ProgramName: mris_register  ProgramArguments: mris_register -all-info  ProgramVersion: 7.3.2  TimeStamp: 2026/03/06-05:43:47-GMT  BuildTime: Aug  4 2022 06:17:15  BuildStamp: freesurfer-linux-ubuntu22_x86_64-7.3.2-20220804-6354275  User: oesteban  Machine: dna078  Platform: Linux  PlatformVersion: 5.14.0-427.37.1.el9_4.x86_64  CompilerName: GCC  CompilerVersion: 8.4.0
ProgramName: mris_smooth  ProgramArguments: mris_smooth -all-info  ProgramVersion: 7.3.2  TimeStamp: 2026/03/06-05:43:47-GMT  BuildTime: Aug  4 2022 06:17:15  BuildStamp: freesurfer-linux-ubuntu22_x86_64-7.3.2-20220804-6354275  User: oesteban  Machine: dna078  Platform: Linux  PlatformVersion: 5.14.0-427.37.1.el9_4.x86_64  CompilerName: GCC  CompilerVersion: 8.4.0
ProgramName: mris_sphere  ProgramArguments: mris_sphere -all-info  ProgramVersion: 7.3.2  TimeStamp: 2026/03/06-05:43:47-GMT  BuildTime: Aug  4 2022 06:17:15  BuildStamp: freesurfer-linux-ubuntu22_x86_64-7.3.2-20220804-6354275  User: oesteban  Machine: dna078  Platform: Linux  PlatformVersion: 5.14.0-427.37.1.el9_4.x86_64  CompilerName: GCC  CompilerVersion: 8.4.0
ProgramName: mris_surface_stats  ProgramArguments: mris_surface_stats -all-info  ProgramVersion: 7.3.2  TimeStamp: 2026/03/06-05:43:47-GMT  BuildTime: Aug  4 2022 06:17:15  BuildStamp: freesurfer-linux-ubuntu22_x86_64-7.3.2-20220804-6354275  User: oesteban  Machine: dna078  Platform: Linux  PlatformVersion: 5.14.0-427.37.1.el9_4.x86_64  CompilerName: GCC  CompilerVersion: 8.4.0
ProgramName: mri_stats2seg  ProgramArguments: mri_stats2seg -all-info  ProgramVersion: 7.3.2  TimeStamp: 2026/03/06-05:43:47-GMT  BuildTime: Aug  4 2022 06:17:15  BuildStamp: freesurfer-linux-ubuntu22_x86_64-7.3.2-20220804-6354275  User: oesteban  Machine: dna078  Platform: Linux  PlatformVersion: 5.14.0-427.37.1.el9_4.x86_64  CompilerName: GCC  CompilerVersion: 8.4.0
ProgramName: mris_thickness  ProgramArguments: mris_thickness -all-info  ProgramVersion: 7.3.2  TimeStamp: 2026/03/06-05:43:47-GMT  BuildTime: Aug  4 2022 06:17:15  BuildStamp: freesurfer-linux-ubuntu22_x86_64-7.3.2-20220804-6354275  User: oesteban  Machine: dna078  Platform: Linux  PlatformVersion: 5.14.0-427.37.1.el9_4.x86_64  CompilerName: GCC  CompilerVersion: 8.4.0
ProgramName: mris_thickness_diff  ProgramArguments: mris_thickness_diff -all-info  ProgramVersion: 7.3.2  TimeStamp: 2026/03/06-05:43:47-GMT  BuildTime: Aug  4 2022 06:17:15  BuildStamp: freesurfer-linux-ubuntu22_x86_64-7.3.2-20220804-6354275  User: oesteban  Machine: dna078  Platform: Linux  PlatformVersion: 5.14.0-427.37.1.el9_4.x86_64  CompilerName: GCC  CompilerVersion: 8.4.0
ProgramName: mris_topo_fixer  ProgramArguments: mris_topo_fixer -all-info  ProgramVersion: 7.3.2  TimeStamp: 2026/03/06-05:43:47-GMT  BuildTime: Aug  4 2022 06:17:15  BuildStamp: freesurfer-linux-ubuntu22_x86_64-7.3.2-20220804-6354275  User: oesteban  Machine: dna078  Platform: Linux  PlatformVersion: 5.14.0-427.37.1.el9_4.x86_64  CompilerName: GCC  CompilerVersion: 8.4.0
ProgramName: mri_surf2surf  ProgramArguments: mri_surf2surf -all-info  ProgramVersion: 7.3.2  TimeStamp: 2026/03/06-05:43:47-GMT  BuildTime: Aug  4 2022 06:17:15  BuildStamp: freesurfer-linux-ubuntu22_x86_64-7.3.2-20220804-6354275  User: oesteban  Machine: dna078  Platform: Linux  PlatformVersion: 5.14.0-427.37.1.el9_4.x86_64  CompilerName: GCC  CompilerVersion: 8.4.0
ProgramName: mri_surf2vol  ProgramArguments: mri_surf2vol -all-info  ProgramVersion: 7.3.2  TimeStamp: 2026/03/06-05:43:47-GMT  BuildTime: Aug  4 2022 06:17:15  BuildStamp: freesurfer-linux-ubuntu22_x86_64-7.3.2-20220804-6354275  User: oesteban  Machine: dna078  Platform: Linux  PlatformVersion: 5.14.0-427.37.1.el9_4.x86_64  CompilerName: GCC  CompilerVersion: 8.4.0
ProgramName: mri_surfcluster  ProgramArguments: mri_surfcluster -all-info  ProgramVersion: 7.3.2  TimeStamp: 2026/03/06-05:43:47-GMT  BuildTime: Aug  4 2022 06:17:15  BuildStamp: freesurfer-linux-ubuntu22_x86_64-7.3.2-20220804-6354275  User: oesteban  Machine: dna078  Platform: Linux  PlatformVersion: 5.14.0-427.37.1.el9_4.x86_64  CompilerName: GCC  CompilerVersion: 8.4.0
ProgramName: mris_volmask  ProgramArguments: mris_volmask -all-info  ProgramVersion: 7.3.2  TimeStamp: 2026/03/06-05:43:47-GMT  BuildTime: Aug  4 2022 06:17:15  BuildStamp: freesurfer-linux-ubuntu22_x86_64-7.3.2-20220804-6354275  User: oesteban  Machine: dna078  Platform: Linux  PlatformVersion: 5.14.0-427.37.1.el9_4.x86_64  CompilerName: GCC  CompilerVersion: 8.4.0
ProgramName: mri_tessellate  ProgramArguments: mri_tessellate -all-info  ProgramVersion: 7.3.2  TimeStamp: 2026/03/06-05:43:47-GMT  BuildTime: Aug  4 2022 06:17:15  BuildStamp: freesurfer-linux-ubuntu22_x86_64-7.3.2-20220804-6354275  User: oesteban  Machine: dna078  Platform: Linux  PlatformVersion: 5.14.0-427.37.1.el9_4.x86_64  CompilerName: GCC  CompilerVersion: 8.4.0
ProgramName: mri_vol2surf  ProgramArguments: mri_vol2surf -all-info  ProgramVersion: 7.3.2  TimeStamp: 2026/03/06-05:43:47-GMT  BuildTime: Aug  4 2022 06:17:15  BuildStamp: freesurfer-linux-ubuntu22_x86_64-7.3.2-20220804-6354275  User: oesteban  Machine: dna078  Platform: Linux  PlatformVersion: 5.14.0-427.37.1.el9_4.x86_64  CompilerName: GCC  CompilerVersion: 8.4.0
ProgramName: mri_vol2vol  ProgramArguments: mri_vol2vol -all-info  ProgramVersion: 7.3.2  TimeStamp: 2026/03/06-05:43:47-GMT  BuildTime: Aug  4 2022 06:17:15  BuildStamp: freesurfer-linux-ubuntu22_x86_64-7.3.2-20220804-6354275  User: oesteban  Machine: dna078  Platform: Linux  PlatformVersion: 5.14.0-427.37.1.el9_4.x86_64  CompilerName: GCC  CompilerVersion: 8.4.0
ProgramName: mri_voldiff  ProgramArguments: mri_voldiff -all-info  ProgramVersion: 7.3.2  TimeStamp: 2026/03/06-05:43:47-GMT  BuildTime: Aug  4 2022 06:17:15  BuildStamp: freesurfer-linux-ubuntu22_x86_64-7.3.2-20220804-6354275  User: oesteban  Machine: dna078  Platform: Linux  PlatformVersion: 5.14.0-427.37.1.el9_4.x86_64  CompilerName: GCC  CompilerVersion: 8.4.0
ProgramName: mri_watershed  ProgramArguments: mri_watershed -all-info  ProgramVersion: 7.3.2  TimeStamp: 2026/03/06-05:43:47-GMT  BuildTime: Aug  4 2022 06:17:15  BuildStamp: freesurfer-linux-ubuntu22_x86_64-7.3.2-20220804-6354275  User: oesteban  Machine: dna078  Platform: Linux  PlatformVersion: 5.14.0-427.37.1.el9_4.x86_64  CompilerName: GCC  CompilerVersion: 8.4.0
ProgramName: tkregister2  ProgramArguments: tkregister2_cmdl -all-info  ProgramVersion: 7.3.2  TimeStamp: 2026/03/06-05:43:47-GMT  BuildTime: Aug  4 2022 06:17:15  BuildStamp: freesurfer-linux-ubuntu22_x86_64-7.3.2-20220804-6354275  User: oesteban  Machine: dna078  Platform: Linux  PlatformVersion: 5.14.0-427.37.1.el9_4.x86_64  CompilerName: GCC  CompilerVersion: 8.4.0
mri_motion_correct.fsl 7.3.2
mri_convert -all-info 
ProgramName: mri_convert  ProgramArguments: mri_convert -all-info  ProgramVersion: 7.3.2  TimeStamp: 2026/03/06-05:43:47-GMT  BuildTime: Aug  4 2022 06:17:15  BuildStamp: freesurfer-linux-ubuntu22_x86_64-7.3.2-20220804-6354275  User: oesteban  Machine: dna078  Platform: Linux  PlatformVersion: 5.14.0-427.37.1.el9_4.x86_64  CompilerName: GCC  CompilerVersion: 8.4.0
Program nu_correct, built from:
Package MNI N3, version 1.12.0, compiled by nicks@terrier (x86_64-unknown-linux-gnu) on 2015-06-19 at 01:25:34
#######################################
GCADIR /opt/freesurfer/average
GCA RB_all_2020-01-02.gca
GCASkull RB_all_withskull_2020_01_02.gca
AvgCurvTif folding.atlas.acfb40.noaparc.i12.2016-08-02.tif
GCSDIR /opt/freesurfer/average
GCS DKaparc.atlas.acfb40.noaparc.i12.2016-08-02.gcs
#######################################
#--------------------------------------
#@# CA Normalize Fri Mar  6 06:43:47 CET 2026
/out/sourcedata/freesurfer/sub-v1s10x0050999_ses-1/mri

 mri_ca_normalize -c ctrl_pts.mgz -mask brainmask.mgz nu.mgz /opt/freesurfer/average/RB_all_2020-01-02.gca transforms/talairach.lta norm.mgz 

writing control point volume to ctrl_pts.mgz
using MR volume brainmask.mgz to mask input volume...
reading 1 input volume
reading atlas from '/opt/freesurfer/average/RB_all_2020-01-02.gca'...
reading transform from 'transforms/talairach.lta'...
reading input volume from nu.mgz...
resetting wm mean[0]: 98 --> 107
resetting gm mean[0]: 61 --> 61
input volume #1 is the most T1-like
using real data threshold=29.0
skull bounding box = (68, 81, 40) --> (192, 201, 196)
finding center of left hemi white matter
using (109, 121, 118) as brain centroid of Right_Cerebral_White_Matter...
mean wm in atlas = 107, using box (94,106,99) --> (124, 135,137) to find MRI wm
before smoothing, mri peak at 108
robust fit to distribution - 108 +- 3.2
after smoothing, mri peak at 108, scaling input intensities by 0.991
scaling channel 0 by 0.990741
using 246437 sample points...
INFO: compute sample coordinates transform
 1.12814   0.04597   0.11767  -41.53322;
-0.06974   1.06172   0.53656  -81.33028;
-0.08726  -0.45077   0.88989   81.89240;
 0.00000   0.00000   0.00000   1.00000;
INFO: transform used
finding control points in Left_Cerebral_White_Matter....
found 40230 control points for structure...
bounding box (128, 81, 41) --> (191, 198, 198)
Left_Cerebral_White_Matter: limiting intensities to 89.0 --> 132.0
39 of 7884 (0.5%) samples deleted
finding control points in Right_Cerebral_White_Matter....
found 39478 control points for structure...
bounding box (73, 82, 39) --> (136, 191, 197)
Right_Cerebral_White_Matter: limiting intensities to 91.0 --> 132.0
26 of 7346 (0.4%) samples deleted
finding control points in Left_Cerebellum_White_Matter....
found 3105 control points for structure...
bounding box (132, 166, 77) --> (174, 208, 127)
Left_Cerebellum_White_Matter: limiting intensities to 88.0 --> 132.0
40 of 40 (100.0%) samples deleted
finding control points in Right_Cerebellum_White_Matter....
found 2710 control points for structure...
bounding box (91, 166, 70) --> (132, 206, 125)
Right_Cerebellum_White_Matter: limiting intensities to 88.0 --> 132.0
61 of 61 (100.0%) samples deleted
finding control points in Brain_Stem....
found 3475 control points for structure...
bounding box (114, 151, 104) --> (145, 208, 136)
Brain_Stem: limiting intensities to 88.0 --> 132.0
49 of 57 (86.0%) samples deleted
using 15388 total control points for intensity normalization...
bias field = 1.002 +- 0.032
61 of 15173 control points discarded
finding control points in Left_Cerebral_White_Matter....
found 40230 control points for structure...
bounding box (128, 81, 41) --> (191, 198, 198)
Left_Cerebral_White_Matter: limiting intensities to 88.0 --> 132.0
37 of 7978 (0.5%) samples deleted
finding control points in Right_Cerebral_White_Matter....
found 39478 control points for structure...
bounding box (73, 82, 39) --> (136, 191, 197)
Right_Cerebral_White_Matter: limiting intensities to 92.0 --> 132.0
22 of 7384 (0.3%) samples deleted
finding control points in Left_Cerebellum_White_Matter....
found 3105 control points for structure...
bounding box (132, 166, 77) --> (174, 208, 127)
Left_Cerebellum_White_Matter: limiting intensities to 88.0 --> 132.0
50 of 50 (100.0%) samples deleted
finding control points in Right_Cerebellum_White_Matter....
found 2710 control points for structure...
bounding box (91, 166, 70) --> (132, 206, 125)
Right_Cerebellum_White_Matter: limiting intensities to 88.0 --> 132.0
86 of 86 (100.0%) samples deleted
finding control points in Brain_Stem....
found 3475 control points for structure...
bounding box (114, 151, 104) --> (145, 208, 136)
Brain_Stem: limiting intensities to 88.0 --> 132.0
66 of 75 (88.0%) samples deleted
using 15573 total control points for intensity normalization...
bias field = 1.009 +- 0.030
63 of 15251 control points discarded
finding control points in Left_Cerebral_White_Matter....
found 40230 control points for structure...
bounding box (128, 81, 41) --> (191, 198, 198)
Left_Cerebral_White_Matter: limiting intensities to 88.0 --> 132.0
132 of 8185 (1.6%) samples deleted
finding control points in Right_Cerebral_White_Matter....
found 39478 control points for structure...
bounding box (73, 82, 39) --> (136, 191, 197)
Right_Cerebral_White_Matter: limiting intensities to 88.0 --> 132.0
58 of 7501 (0.8%) samples deleted
finding control points in Left_Cerebellum_White_Matter....
found 3105 control points for structure...
bounding box (132, 166, 77) --> (174, 208, 127)
Left_Cerebellum_White_Matter: limiting intensities to 88.0 --> 132.0
76 of 76 (100.0%) samples deleted
finding control points in Right_Cerebellum_White_Matter....
found 2710 control points for structure...
bounding box (91, 166, 70) --> (132, 206, 125)
Right_Cerebellum_White_Matter: limiting intensities to 88.0 --> 132.0
79 of 79 (100.0%) samples deleted
finding control points in Brain_Stem....
found 3475 control points for structure...
bounding box (114, 151, 104) --> (145, 208, 136)
Brain_Stem: limiting intensities to 88.0 --> 132.0
103 of 174 (59.2%) samples deleted
using 16015 total control points for intensity normalization...
bias field = 1.011 +- 0.033
104 of 15419 control points discarded
writing normalized volume to norm.mgz...
writing control points to ctrl_pts.mgz
freeing GCA...done.
normalization took 0 minutes and 54 seconds.
#--------------------------------------
#@# CA Reg Fri Mar  6 06:44:41 CET 2026
/out/sourcedata/freesurfer/sub-v1s10x0050999_ses-1/mri

 mri_ca_register -nobigventricles -T transforms/talairach.lta -align-after -mask brainmask.mgz norm.mgz /opt/freesurfer/average/RB_all_2020-01-02.gca transforms/talairach.m3z 

not handling expanded ventricles...
using previously computed transform transforms/talairach.lta
renormalizing sequences with structure alignment, equivalent to:
	-renormalize
	-regularize_mean 0.500
	-regularize 0.500
using MR volume brainmask.mgz to mask input volume...

== Number of threads available to mri_ca_register for OpenMP = 16 == 
reading 1 input volumes...
logging results to talairach.log
reading input volume 'norm.mgz'...
reading GCA '/opt/freesurfer/average/RB_all_2020-01-02.gca'...
label assignment complete, 0 changed (0.00%)
freeing gibbs priors...done.
average std[0] = 5.0
Starting GCAMregister()
label assignment complete, 0 changed (0.00%)
npasses = 1, nlevels = 6
#pass# 1 of 1 ************************
enabling zero nodes
setting smoothness cost coefficient to 0.156

#GCAMreg# pass 0 level1 5 level2 0 tsec 0 sigma 2
l_jacobian=1.00 l_label=1.00 l_log_likelihood=0.20 l_smoothness=0.16 
tol=2.50e-01, dt=5.00e-02, exp_k=20.0, momentum=0.90, levels=6, niter=500, lbl_dist=10.00, avgs=256, sigma=2.0,type=2, relabel=0, neg=no

blurring input image with Gaussian with sigma=2.000...
GCAMRegisterLevel(): init RMS 0.908275
#FOTS# QuadFit found better minimum quadopt=(dt=180.956,rms=0.797363) vs oldopt=(dt=92.48,rms=0.824878)
#GCMRL#    0 dt 180.955906 rms  0.797 12.211% neg 0  invalid 762 tFOTS 3.6140 tGradient 2.9830 tsec 6.8930
#FOTS# QuadFit found better minimum quadopt=(dt=206.915,rms=0.761393) vs oldopt=(dt=92.48,rms=0.772461)
#GCMRL#    1 dt 206.915254 rms  0.761  4.511% neg 0  invalid 762 tFOTS 3.5380 tGradient 2.4950 tsec 6.3080
#FOTS# QuadFit found better minimum quadopt=(dt=153.349,rms=0.748963) vs oldopt=(dt=92.48,rms=0.751029)
#GCMRL#    2 dt 153.349020 rms  0.749  1.633% neg 0  invalid 762 tFOTS 3.3350 tGradient 2.9670 tsec 6.5870
#FOTS# QuadFit found better minimum quadopt=(dt=159.273,rms=0.743866) vs oldopt=(dt=92.48,rms=0.745137)
#GCMRL#    3 dt 159.272727 rms  0.744  0.681% neg 0  invalid 762 tFOTS 4.1550 tGradient 3.0220 tsec 7.5170
#FOTS# QuadFit found better minimum quadopt=(dt=295.936,rms=0.73782) vs oldopt=(dt=369.92,rms=0.737921)
#GCMRL#    4 dt 295.936000 rms  0.738  0.813% neg 0  invalid 762 tFOTS 3.8760 tGradient 3.5200 tsec 7.7290
#FOTS# QuadFit found better minimum quadopt=(dt=129.472,rms=0.73489) vs oldopt=(dt=92.48,rms=0.735215)
#GCMRL#    5 dt 129.472000 rms  0.735  0.397% neg 0  invalid 762 tFOTS 4.2970 tGradient 3.0460 tsec 7.6730
#FOTS# QuadFit found better minimum quadopt=(dt=443.904,rms=0.72922) vs oldopt=(dt=369.92,rms=0.729485)
#GCMRL#    6 dt 443.904000 rms  0.729  0.772% neg 0  invalid 762 tFOTS 3.8200 tGradient 2.9620 tsec 7.0840
#FOTS# QuadFit found better minimum quadopt=(dt=110.976,rms=0.726617) vs oldopt=(dt=92.48,rms=0.726695)
#GCMRL#    7 dt 110.976000 rms  0.727  0.357% neg 0  invalid 762 tFOTS 3.4490 tGradient 3.2990 tsec 7.0370
#FOTS# QuadFit found better minimum quadopt=(dt=1183.74,rms=0.720472) vs oldopt=(dt=1479.68,rms=0.721413)
#GCMRL#    8 dt 1183.744000 rms  0.720  0.846% neg 0  invalid 762 tFOTS 3.0670 tGradient 3.0900 tsec 6.4330
#GCMRL#    9 dt  92.480000 rms  0.716  0.596% neg 0  invalid 762 tFOTS 3.4960 tGradient 2.8760 tsec 6.6750
#FOTS# QuadFit found better minimum quadopt=(dt=517.888,rms=0.714712) vs oldopt=(dt=369.92,rms=0.715001)
#GCMRL#   10 dt 517.888000 rms  0.715  0.000% neg 0  invalid 762 tFOTS 3.3340 tGradient 2.9400 tsec 6.5480

#GCAMreg# pass 0 level1 5 level2 1 tsec 87.938 sigma 0.5
l_jacobian=1.00 l_label=1.00 l_log_likelihood=0.20 l_smoothness=0.16 
tol=2.50e-01, dt=5.00e-02, exp_k=20.0, momentum=0.90, levels=6, niter=500, lbl_dist=10.00, avgs=256, sigma=0.5,type=2, relabel=0, neg=no

blurring input image with Gaussian with sigma=0.500...
GCAMRegisterLevel(): init RMS 0.715774
#FOTS# QuadFit found better minimum quadopt=(dt=221.952,rms=0.712868) vs oldopt=(dt=369.92,rms=0.713482)
#GCMRL#   12 dt 221.952000 rms  0.713  0.406% neg 0  invalid 762 tFOTS 3.5600 tGradient 2.9080 tsec 6.7420
#FOTS# QuadFit found better minimum quadopt=(dt=129.472,rms=0.712125) vs oldopt=(dt=92.48,rms=0.712273)
#GCMRL#   13 dt 129.472000 rms  0.712  0.000% neg 0  invalid 762 tFOTS 3.4410 tGradient 2.5860 tsec 6.3530
#GCMRL#   14 dt 129.472000 rms  0.712  0.068% neg 0  invalid 762 tFOTS 0.0000 tGradient 2.9250 tsec 3.2580
#GCMRL#   15 dt 129.472000 rms  0.711  0.102% neg 0  invalid 762 tFOTS 0.0000 tGradient 2.6420 tsec 2.9380
#GCMRL#   16 dt 129.472000 rms  0.710  0.114% neg 0  invalid 762 tFOTS 0.0000 tGradient 2.6230 tsec 2.9440
#GCMRL#   17 dt 129.472000 rms  0.709  0.104% neg 0  invalid 762 tFOTS 0.0000 tGradient 2.7200 tsec 3.0100
#GCMRL#   18 dt 129.472000 rms  0.709  0.098% neg 0  invalid 762 tFOTS 0.0000 tGradient 3.0090 tsec 3.2730
#FOTS# QuadFit found better minimum quadopt=(dt=517.888,rms=0.707779) vs oldopt=(dt=369.92,rms=0.707926)
#GCMRL#   19 dt 517.888000 rms  0.708  0.126% neg 0  invalid 762 tFOTS 3.3260 tGradient 2.9090 tsec 6.5400
#FOTS# QuadFit found better minimum quadopt=(dt=73.984,rms=0.70764) vs oldopt=(dt=92.48,rms=0.707644)
setting smoothness cost coefficient to 0.615

#GCAMreg# pass 0 level1 4 level2 0 tsec 0 sigma 2
l_jacobian=1.00 l_label=1.00 l_log_likelihood=0.20 l_smoothness=0.62 
tol=2.50e-01, dt=5.00e-02, exp_k=20.0, momentum=0.90, levels=6, niter=500, lbl_dist=10.00, avgs=64, sigma=2.0,type=2, relabel=0, neg=no

blurring input image with Gaussian with sigma=2.000...
GCAMRegisterLevel(): init RMS 0.726591
#FOTS# QuadFit found better minimum quadopt=(dt=105.088,rms=0.719363) vs oldopt=(dt=103.68,rms=0.719363)
#GCMRL#   21 dt 105.087780 rms  0.719  0.995% neg 0  invalid 762 tFOTS 3.8950 tGradient 2.1770 tsec 6.3850
#FOTS# QuadFit found better minimum quadopt=(dt=293.503,rms=0.707927) vs oldopt=(dt=103.68,rms=0.711659)
#GCMRL#   22 dt 293.503185 rms  0.708  1.590% neg 0  invalid 762 tFOTS 3.2950 tGradient 2.2900 tsec 5.8890
#FOTS# QuadFit found better minimum quadopt=(dt=50.3188,rms=0.703001) vs oldopt=(dt=25.92,rms=0.703819)
#GCMRL#   23 dt  50.318841 rms  0.703  0.696% neg 0  invalid 762 tFOTS 3.5670 tGradient 2.6200 tsec 6.4360
#FOTS# QuadFit found better minimum quadopt=(dt=36.288,rms=0.702906) vs oldopt=(dt=25.92,rms=0.702916)
#GCMRL#   24 dt  36.288000 rms  0.703  0.000% neg 0  invalid 762 tFOTS 3.7900 tGradient 2.2520 tsec 6.3560
#GCMRL#   25 dt  36.288000 rms  0.703  0.037% neg 0  invalid 762 tFOTS 0.0000 tGradient 2.1810 tsec 2.4680
#GCMRL#   26 dt  36.288000 rms  0.702  0.081% neg 0  invalid 762 tFOTS 0.0000 tGradient 2.3310 tsec 2.6220
#GCMRL#   27 dt  36.288000 rms  0.701  0.117% neg 0  invalid 762 tFOTS 0.0000 tGradient 2.1140 tsec 2.3760
#GCMRL#   28 dt  36.288000 rms  0.700  0.188% neg 0  invalid 762 tFOTS 0.0000 tGradient 1.9460 tsec 2.2070
#GCMRL#   29 dt  36.288000 rms  0.698  0.235% neg 0  invalid 762 tFOTS 0.0000 tGradient 2.1050 tsec 2.3610
#GCMRL#   30 dt  36.288000 rms  0.697  0.248% neg 0  invalid 762 tFOTS 0.0000 tGradient 2.0390 tsec 2.3020
#GCMRL#   31 dt  36.288000 rms  0.695  0.236% neg 0  invalid 762 tFOTS 0.0000 tGradient 2.2220 tsec 2.5090
#GCMRL#   32 dt  36.288000 rms  0.693  0.210% neg 0  invalid 762 tFOTS 0.0000 tGradient 2.3910 tsec 2.6440
#GCMRL#   33 dt  36.288000 rms  0.692  0.175% neg 0  invalid 762 tFOTS 0.0000 tGradient 2.2850 tsec 2.5440
#GCMRL#   34 dt  36.288000 rms  0.691  0.152% neg 0  invalid 762 tFOTS 0.0000 tGradient 2.3480 tsec 2.6170
#GCMRL#   35 dt  36.288000 rms  0.690  0.145% neg 0  invalid 762 tFOTS 0.0000 tGradient 2.4180 tsec 2.6730
#GCMRL#   36 dt  36.288000 rms  0.689  0.136% neg 0  invalid 762 tFOTS 0.0000 tGradient 2.3230 tsec 2.5810
#GCMRL#   37 dt  36.288000 rms  0.688  0.125% neg 0  invalid 762 tFOTS 0.0000 tGradient 2.2570 tsec 2.5290
#GCMRL#   38 dt  36.288000 rms  0.688  0.109% neg 0  invalid 762 tFOTS 0.0000 tGradient 2.3690 tsec 2.6260
#GCMRL#   39 dt  36.288000 rms  0.687  0.075% neg 0  invalid 762 tFOTS 0.0000 tGradient 2.2200 tsec 2.4810
#GCMRL#   40 dt   0.001582 rms  0.687  0.000% neg 0  invalid 762 tFOTS 4.7400 tGradient 2.2360 tsec 7.2830

#GCAMreg# pass 0 level1 4 level2 1 tsec 81.205 sigma 0.5
l_jacobian=1.00 l_label=1.00 l_log_likelihood=0.20 l_smoothness=0.62 
tol=2.50e-01, dt=5.00e-02, exp_k=20.0, momentum=0.90, levels=6, niter=500, lbl_dist=10.00, avgs=64, sigma=0.5,type=2, relabel=0, neg=no

blurring input image with Gaussian with sigma=0.500...
GCAMRegisterLevel(): init RMS 0.688311
#GCMRL#   42 dt   0.000000 rms  0.687  0.174% neg 0  invalid 762 tFOTS 3.0930 tGradient 2.3460 tsec 5.6930
setting smoothness cost coefficient to 2.353

#GCAMreg# pass 0 level1 3 level2 0 tsec 0 sigma 2
l_jacobian=1.00 l_label=1.00 l_log_likelihood=0.20 l_smoothness=2.35 
tol=2.50e-01, dt=5.00e-02, exp_k=20.0, momentum=0.90, levels=6, niter=500, lbl_dist=10.00, avgs=16, sigma=2.0,type=2, relabel=0, neg=no

blurring input image with Gaussian with sigma=2.000...
GCAMRegisterLevel(): init RMS 0.746398
#FOTS# QuadFit found better minimum quadopt=(dt=5.54789,rms=0.743315) vs oldopt=(dt=8,rms=0.743823)
#GCMRL#   44 dt   5.547893 rms  0.743  0.413% neg 0  invalid 762 tFOTS 3.3150 tGradient 1.9860 tsec 5.5680
#FOTS# QuadFit found better minimum quadopt=(dt=1.6,rms=0.743249) vs oldopt=(dt=2,rms=0.743254)
#GCMRL#   45 dt   1.600000 rms  0.743  0.000% neg 0  invalid 762 tFOTS 3.6060 tGradient 1.9710 tsec 5.8920
#GCMRL#   46 dt   1.600000 rms  0.743  0.004% neg 0  invalid 762 tFOTS 0.0000 tGradient 1.9670 tsec 2.2460

#GCAMreg# pass 0 level1 3 level2 1 tsec 24.295 sigma 0.5
l_jacobian=1.00 l_label=1.00 l_log_likelihood=0.20 l_smoothness=2.35 
tol=2.50e-01, dt=5.00e-02, exp_k=20.0, momentum=0.90, levels=6, niter=500, lbl_dist=10.00, avgs=16, sigma=0.5,type=2, relabel=0, neg=no

blurring input image with Gaussian with sigma=0.500...
GCAMRegisterLevel(): init RMS 0.744202
#FOTS# QuadFit found better minimum quadopt=(dt=0.075,rms=0.743215) vs oldopt=(dt=0.125,rms=0.743216)
#GCMRL#   48 dt   0.075000 rms  0.743  0.133% neg 0  invalid 762 tFOTS 3.1110 tGradient 2.0310 tsec 5.4160
#FOTS# QuadFit found better minimum quadopt=(dt=0.04375,rms=0.743213) vs oldopt=(dt=0.03125,rms=0.743213)
#GCMRL#   49 dt   0.043750 rms  0.743  0.000% neg 0  invalid 762 tFOTS 3.2510 tGradient 1.9290 tsec 5.4730
setting smoothness cost coefficient to 8.000

#GCAMreg# pass 0 level1 2 level2 0 tsec 0 sigma 2
l_jacobian=1.00 l_label=1.00 l_log_likelihood=0.20 l_smoothness=8.00 
tol=2.50e-01, dt=5.00e-02, exp_k=20.0, momentum=0.90, levels=6, niter=500, lbl_dist=10.00, avgs=4, sigma=2.0,type=2, relabel=0, neg=no

blurring input image with Gaussian with sigma=2.000...
GCAMRegisterLevel(): init RMS 0.870064
#FOTS# QuadFit found better minimum quadopt=(dt=2.77214,rms=0.852049) vs oldopt=(dt=2.88,rms=0.852079)
#GCMRL#   51 dt   2.772141 rms  0.852  2.071% neg 0  invalid 762 tFOTS 3.2370 tGradient 1.6900 tsec 5.1950
#FOTS# QuadFit found better minimum quadopt=(dt=4.80921,rms=0.838861) vs oldopt=(dt=2.88,rms=0.841047)
#GCMRL#   52 dt   4.809211 rms  0.839  1.548% neg 0  invalid 762 tFOTS 3.0910 tGradient 1.7050 tsec 5.0700
#FOTS# QuadFit found better minimum quadopt=(dt=2.40909,rms=0.832057) vs oldopt=(dt=2.88,rms=0.832325)
#GCMRL#   53 dt   2.409091 rms  0.832  0.811% neg 0  invalid 762 tFOTS 3.2400 tGradient 1.6710 tsec 5.1960
#FOTS# QuadFit found better minimum quadopt=(dt=3.42529,rms=0.82631) vs oldopt=(dt=2.88,rms=0.826462)
#GCMRL#   54 dt   3.425287 rms  0.826  0.691% neg 0  invalid 762 tFOTS 3.1630 tGradient 1.6340 tsec 5.0330
#FOTS# QuadFit found better minimum quadopt=(dt=2.28322,rms=0.821712) vs oldopt=(dt=2.88,rms=0.822017)
#GCMRL#   55 dt   2.283224 rms  0.822  0.557% neg 0  invalid 762 tFOTS 3.0730 tGradient 1.5350 tsec 4.8570
#FOTS# QuadFit found better minimum quadopt=(dt=2.79787,rms=0.818948) vs oldopt=(dt=2.88,rms=0.818951)
#GCMRL#   56 dt   2.797872 rms  0.819  0.336% neg 0  invalid 762 tFOTS 3.0300 tGradient 1.5410 tsec 4.8170
#FOTS# QuadFit found better minimum quadopt=(dt=2.91542,rms=0.815759) vs oldopt=(dt=2.88,rms=0.81576)
#GCMRL#   57 dt   2.915423 rms  0.816  0.389% neg 0  invalid 762 tFOTS 3.0540 tGradient 1.4740 tsec 4.8020
#FOTS# QuadFit found better minimum quadopt=(dt=1.92531,rms=0.814151) vs oldopt=(dt=2.88,rms=0.814599)
#GCMRL#   58 dt   1.925311 rms  0.814  0.000% neg 0  invalid 762 tFOTS 3.1330 tGradient 1.5410 tsec 4.9510
#GCMRL#   59 dt   1.925311 rms  0.813  0.197% neg 0  invalid 762 tFOTS 0.0000 tGradient 1.6260 tsec 1.8690
#GCMRL#   60 dt   1.925311 rms  0.811  0.223% neg 0  invalid 762 tFOTS 0.0000 tGradient 1.6240 tsec 1.8750
#GCMRL#   61 dt   1.925311 rms  0.809  0.243% neg 0  invalid 762 tFOTS 0.0000 tGradient 1.6530 tsec 1.9170
#GCMRL#   62 dt   1.925311 rms  0.808  0.154% neg 0  invalid 762 tFOTS 0.0000 tGradient 1.6700 tsec 1.9590
#GCMRL#   63 dt   1.925311 rms  0.807  0.109% neg 0  invalid 762 tFOTS 0.0000 tGradient 1.6700 tsec 1.9370
#GCMRL#   64 dt   1.925311 rms  0.806  0.022% neg 0  invalid 762 tFOTS 0.0000 tGradient 1.7210 tsec 2.0330
#FOTS# QuadFit found better minimum quadopt=(dt=3.456,rms=0.806041) vs oldopt=(dt=2.88,rms=0.80606)
#GCMRL#   65 dt   3.456000 rms  0.806  0.052% neg 0  invalid 762 tFOTS 3.2330 tGradient 1.7210 tsec 5.2210
#FOTS# QuadFit found better minimum quadopt=(dt=3.48387,rms=0.805305) vs oldopt=(dt=2.88,rms=0.805327)
#GCMRL#   66 dt   3.483871 rms  0.805  0.091% neg 0  invalid 762 tFOTS 3.1400 tGradient 1.5640 tsec 5.0260
#FOTS# QuadFit found better minimum quadopt=(dt=1.07143,rms=0.80517) vs oldopt=(dt=0.72,rms=0.805191)
#GCMRL#   67 dt   1.071429 rms  0.805  0.000% neg 0  invalid 762 tFOTS 3.9570 tGradient 1.6220 tsec 5.9090
#GCMRL#   68 dt   1.071429 rms  0.805  0.019% neg 0  invalid 762 tFOTS 0.0000 tGradient 1.6290 tsec 1.9080
#GCMRL#   69 dt   1.071429 rms  0.805  0.018% neg 0  invalid 762 tFOTS 0.0000 tGradient 1.6820 tsec 1.9320
#GCMRL#   70 dt   1.071429 rms  0.805  0.031% neg 0  invalid 762 tFOTS 0.0000 tGradient 1.6520 tsec 1.9250
#GCMRL#   71 dt   1.071429 rms  0.804  0.042% neg 0  invalid 762 tFOTS 0.0000 tGradient 1.6390 tsec 1.9510
#GCMRL#   72 dt   1.071429 rms  0.804  0.046% neg 0  invalid 762 tFOTS 0.0000 tGradient 1.7190 tsec 1.9720

#GCAMreg# pass 0 level1 2 level2 1 tsec 87.266 sigma 0.5
l_jacobian=1.00 l_label=1.00 l_log_likelihood=0.20 l_smoothness=8.00 
tol=2.50e-01, dt=5.00e-02, exp_k=20.0, momentum=0.90, levels=6, niter=500, lbl_dist=10.00, avgs=4, sigma=0.5,type=2, relabel=0, neg=no

blurring input image with Gaussian with sigma=0.500...
GCAMRegisterLevel(): init RMS 0.804216
#GCMRL#   74 dt   0.000000 rms  0.804  0.077% neg 0  invalid 762 tFOTS 3.3220 tGradient 1.5110 tsec 5.1490
setting smoothness cost coefficient to 20.000

#GCAMreg# pass 0 level1 1 level2 0 tsec 0 sigma 2
l_jacobian=1.00 l_label=1.00 l_log_likelihood=0.20 l_smoothness=20.00 
tol=2.50e-01, dt=5.00e-02, exp_k=20.0, momentum=0.90, levels=6, niter=500, lbl_dist=10.00, avgs=1, sigma=2.0,type=2, relabel=0, neg=no

blurring input image with Gaussian with sigma=2.000...
GCAMRegisterLevel(): init RMS 0.847217
#GCMRL#   76 dt   0.000000 rms  0.847  0.069% neg 0  invalid 762 tFOTS 3.4910 tGradient 1.4440 tsec 5.2260

#GCAMreg# pass 0 level1 1 level2 1 tsec 18.458 sigma 0.5
l_jacobian=1.00 l_label=1.00 l_log_likelihood=0.20 l_smoothness=20.00 
tol=2.50e-01, dt=5.00e-02, exp_k=20.0, momentum=0.90, levels=6, niter=500, lbl_dist=10.00, avgs=1, sigma=0.5,type=2, relabel=0, neg=no

blurring input image with Gaussian with sigma=0.500...
GCAMRegisterLevel(): init RMS 0.847217
#GCMRL#   78 dt   0.000000 rms  0.847  0.069% neg 0  invalid 762 tFOTS 2.9580 tGradient 1.3810 tsec 4.5940
resetting metric properties...
setting smoothness cost coefficient to 40.000

#GCAMreg# pass 0 level1 0 level2 0 tsec 0 sigma 2
l_jacobian=1.00 l_label=1.00 l_log_likelihood=0.20 l_smoothness=40.00 
tol=2.50e-01, dt=5.00e-02, exp_k=20.0, momentum=0.90, levels=6, niter=500, lbl_dist=10.00, avgs=0, sigma=2.0,type=2, relabel=0, neg=no

blurring input image with Gaussian with sigma=2.000...
GCAMRegisterLevel(): init RMS 0.774223
#FOTS# QuadFit found better minimum quadopt=(dt=0.221409,rms=0.768895) vs oldopt=(dt=0.32,rms=0.769543)
#GCMRL#   80 dt   0.221409 rms  0.769  0.688% neg 0  invalid 762 tFOTS 3.9950 tGradient 0.9820 tsec 5.3250
#FOTS# QuadFit found better minimum quadopt=(dt=0.024,rms=0.768662) vs oldopt=(dt=0.02,rms=0.768665)
#GCMRL#   81 dt   0.024000 rms  0.769  0.000% neg 0  invalid 762 tFOTS 3.7310 tGradient 0.8880 tsec 4.9740

#GCAMreg# pass 0 level1 0 level2 1 tsec 19.813 sigma 0.5
l_jacobian=1.00 l_label=1.00 l_log_likelihood=0.20 l_smoothness=40.00 
tol=2.50e-01, dt=5.00e-02, exp_k=20.0, momentum=0.90, levels=6, niter=500, lbl_dist=10.00, avgs=0, sigma=0.5,type=2, relabel=0, neg=no

blurring input image with Gaussian with sigma=0.500...
GCAMRegisterLevel(): init RMS 0.769289
#FOTS# QuadFit found better minimum quadopt=(dt=0.012,rms=0.768606) vs oldopt=(dt=0.02,rms=0.768619)
#GCMRL#   83 dt   0.012000 rms  0.769  0.089% neg 0  invalid 762 tFOTS 4.0720 tGradient 0.8560 tsec 5.2500
GCAMregister done in 7.05485 min
Starting GCAmapRenormalizeWithAlignment() without scales
renormalizing by structure alignment....
renormalizing input #0
gca peak = 0.10253 (16)
mri peak = 0.06163 ( 7)
Left_Lateral_Ventricle (4): linear fit = 0.35 x + 0.0 (271 voxels, overlap=0.195)
Left_Lateral_Ventricle (4): linear fit = 0.40 x + 0.0 (271 voxels, peak =  6), gca=6.4
gca peak = 0.17690 (16)
mri peak = 0.08884 (11)
Right_Lateral_Ventricle (43): linear fit = 0.64 x + 0.0 (439 voxels, overlap=0.414)
Right_Lateral_Ventricle (43): linear fit = 0.64 x + 0.0 (439 voxels, peak = 10), gca=10.3
gca peak = 0.28275 (96)
mri peak = 0.06089 (97)
Right_Pallidum (52): linear fit = 1.02 x + 0.0 (754 voxels, overlap=1.008)
Right_Pallidum (52): linear fit = 1.02 x + 0.0 (754 voxels, peak = 98), gca=98.4
gca peak = 0.18948 (93)
mri peak = 0.06184 (111)
Left_Pallidum (13): linear fit = 1.11 x + 0.0 (662 voxels, overlap=1.014)
Left_Pallidum (13): linear fit = 1.11 x + 0.0 (662 voxels, peak = 103), gca=102.8
gca peak = 0.20755 (55)
mri peak = 0.12790 (55)
Right_Hippocampus (53): linear fit = 0.96 x + 0.0 (557 voxels, overlap=0.995)
Right_Hippocampus (53): linear fit = 0.96 x + 0.0 (557 voxels, peak = 53), gca=53.1
gca peak = 0.31831 (58)
mri peak = 0.08511 (56)
Left_Hippocampus (17): linear fit = 0.94 x + 0.0 (532 voxels, overlap=0.903)
Left_Hippocampus (17): linear fit = 0.94 x + 0.0 (532 voxels, peak = 55), gca=54.8
gca peak = 0.11957 (102)
mri peak = 0.15522 (107)
Right_Cerebral_White_Matter (41): linear fit = 1.04 x + 0.0 (48632 voxels, overlap=0.422)
Right_Cerebral_White_Matter (41): linear fit = 1.04 x + 0.0 (48632 voxels, peak = 107), gca=106.6
gca peak = 0.11429 (102)
mri peak = 0.17975 (107)
Left_Cerebral_White_Matter (2): linear fit = 1.04 x + 0.0 (53087 voxels, overlap=0.450)
Left_Cerebral_White_Matter (2): linear fit = 1.04 x + 0.0 (53087 voxels, peak = 107), gca=106.6
gca peak = 0.14521 (59)
mri peak = 0.05494 (56)
Left_Cerebral_Cortex (3): linear fit = 0.94 x + 0.0 (20277 voxels, overlap=0.966)
Left_Cerebral_Cortex (3): linear fit = 0.94 x + 0.0 (20277 voxels, peak = 56), gca=55.8
gca peak = 0.14336 (58)
mri peak = 0.04713 (56)
Right_Cerebral_Cortex (42): linear fit = 0.94 x + 0.0 (18142 voxels, overlap=0.928)
Right_Cerebral_Cortex (42): linear fit = 0.94 x + 0.0 (18142 voxels, peak = 55), gca=54.8
gca peak = 0.13305 (70)
mri peak = 0.09260 (63)
Right_Caudate (50): linear fit = 0.99 x + 0.0 (694 voxels, overlap=0.962)
Right_Caudate (50): linear fit = 0.99 x + 0.0 (694 voxels, peak = 69), gca=69.0
gca peak = 0.15761 (71)
mri peak = 0.11439 (74)
Left_Caudate (11): linear fit = 0.99 x + 0.0 (829 voxels, overlap=0.895)
Left_Caudate (11): linear fit = 0.99 x + 0.0 (829 voxels, peak = 70), gca=69.9
gca peak = 0.13537 (57)
mri peak = 0.05198 (12)
Left_Cerebellum_Cortex (8): linear fit = 0.22 x + 0.0 (24143 voxels, overlap=0.002)
Left_Cerebellum_Cortex (8): linear fit = 0.22 x + 0.0 (24143 voxels, peak = 12), gca=12.3
gca peak = 0.13487 (56)
mri peak = 0.04698 (13)
Right_Cerebellum_Cortex (47): linear fit = 0.22 x + 0.0 (25906 voxels, overlap=0.001)
Right_Cerebellum_Cortex (47): linear fit = 0.22 x + 0.0 (25906 voxels, peak = 13), gca=12.6
gca peak = 0.19040 (84)
mri peak = 0.02897 (67)
Left_Cerebellum_White_Matter (7): linear fit = 0.83 x + 0.0 (8038 voxels, overlap=0.007)
Left_Cerebellum_White_Matter (7): linear fit = 0.83 x + 0.0 (8038 voxels, peak = 70), gca=70.1
gca peak = 0.18871 (83)
mri peak = 0.03010 (68)
Right_Cerebellum_White_Matter (46): linear fit = 0.81 x + 0.0 (6934 voxels, overlap=0.005)
Right_Cerebellum_White_Matter (46): linear fit = 0.81 x + 0.0 (6934 voxels, peak = 67), gca=66.8
gca peak = 0.24248 (57)
mri peak = 0.09555 (65)
Left_Amygdala (18): linear fit = 1.08 x + 0.0 (300 voxels, overlap=0.991)
Left_Amygdala (18): linear fit = 1.08 x + 0.0 (300 voxels, peak = 61), gca=61.3
gca peak = 0.35833 (56)
mri peak = 0.09447 (61)
Right_Amygdala (54): linear fit = 1.04 x + 0.0 (450 voxels, overlap=1.000)
Right_Amygdala (54): linear fit = 1.04 x + 0.0 (450 voxels, peak = 59), gca=58.5
gca peak = 0.12897 (85)
mri peak = 0.03970 (87)
Left_Thalamus (10): linear fit = 1.07 x + 0.0 (4715 voxels, overlap=0.763)
Left_Thalamus (10): linear fit = 1.07 x + 0.0 (4715 voxels, peak = 91), gca=90.5
gca peak = 0.13127 (83)
mri peak = 0.04978 (86)
Right_Thalamus (49): linear fit = 1.03 x + 0.0 (3830 voxels, overlap=0.920)
Right_Thalamus (49): linear fit = 1.03 x + 0.0 (3830 voxels, peak = 86), gca=85.9
gca peak = 0.12974 (78)
mri peak = 0.08020 (80)
Left_Putamen (12): linear fit = 1.04 x + 0.0 (2020 voxels, overlap=0.891)
Left_Putamen (12): linear fit = 1.04 x + 0.0 (2020 voxels, peak = 82), gca=81.5
gca peak = 0.17796 (79)
mri peak = 0.05669 (81)
Right_Putamen (51): linear fit = 1.04 x + 0.0 (2070 voxels, overlap=0.984)
Right_Putamen (51): linear fit = 1.04 x + 0.0 (2070 voxels, peak = 83), gca=82.6
gca peak = 0.10999 (80)
mri peak = 0.06038 (81)
Brain_Stem (16): linear fit = 1.10 x + 0.0 (8537 voxels, overlap=0.416)
Brain_Stem (16): linear fit = 1.10 x + 0.0 (8537 voxels, peak = 88), gca=87.6
gca peak = 0.13215 (88)
mri peak = 0.06498 (100)
Right_VentralDC (60): linear fit = 1.16 x + 0.0 (953 voxels, overlap=0.410)
Right_VentralDC (60): linear fit = 1.16 x + 0.0 (953 voxels, peak = 103), gca=102.5
gca peak = 0.11941 (89)
mri peak = 0.05951 (97)
Left_VentralDC (28): linear fit = 1.11 x + 0.0 (1005 voxels, overlap=0.168)
Left_VentralDC (28): linear fit = 1.11 x + 0.0 (1005 voxels, peak = 98), gca=98.3
gca peak = 0.20775 (25)
uniform distribution in MR - rejecting arbitrary fit
gca peak = 0.13297 (21)
mri peak = 0.06186 ( 7)
Fourth_Ventricle (15): linear fit = 0.34 x + 0.0 (95 voxels, overlap=0.018)
Fourth_Ventricle (15): linear fit = 0.34 x + 0.0 (95 voxels, peak =  7), gca=7.0
gca peak Unknown = 0.94777 ( 0)
gca peak Left_Inf_Lat_Vent = 0.19087 (28)
gca peak Left_Cerebellum_Cortex = 0.13537 (57)
gca peak Third_Ventricle = 0.20775 (25)
gca peak Fourth_Ventricle = 0.13297 (21)
gca peak CSF = 0.16821 (33)
gca peak Left_Accumbens_area = 0.32850 (63)
gca peak Left_undetermined = 0.98480 (28)
gca peak Left_vessel = 0.40887 (53)
gca peak Left_choroid_plexus = 0.10898 (46)
gca peak Right_Inf_Lat_Vent = 0.17798 (26)
gca peak Right_Cerebellum_Cortex = 0.13487 (56)
gca peak Right_Accumbens_area = 0.30137 (64)
gca peak Right_vessel = 0.47828 (52)
gca peak Right_choroid_plexus = 0.11612 (45)
gca peak Fifth_Ventricle = 0.59466 (35)
gca peak WM_hypointensities = 0.10053 (78)
gca peak non_WM_hypointensities = 0.07253 (60)
gca peak Optic_Chiasm = 0.25330 (73)
not using caudate to estimate GM means
estimating mean gm scale to be 0.99 x + 0.0
estimating mean wm scale to be 1.04 x + 0.0
estimating mean csf scale to be 0.52 x + 0.0
setting left cbm cortex = 0.99 x + 0.00
setting right cbm cortex = 0.99 x + 0.00
saving intensity scales to talairach.label_intensities.txt
GCAmapRenormalizeWithAlignment() took 2.27592 min
noneg pre
Starting GCAMregister()
label assignment complete, 0 changed (0.00%)
npasses = 1, nlevels = 6
#pass# 1 of 1 ************************
enabling zero nodes
setting smoothness cost coefficient to 0.008

#GCAMreg# pass 0 level1 5 level2 0 tsec 0 sigma 2
l_jacobian=1.00 l_label=1.00 l_log_likelihood=0.20 l_smoothness=0.01 
tol=5.00e-02, dt=5.00e-02, exp_k=20.0, momentum=0.90, levels=6, niter=500, lbl_dist=10.00, avgs=256, sigma=2.0,type=2, relabel=0, neg=no

blurring input image with Gaussian with sigma=2.000...
GCAMRegisterLevel(): init RMS 0.794418
#FOTS# QuadFit found better minimum quadopt=(dt=214.809,rms=0.759202) vs oldopt=(dt=92.48,rms=0.770651)
#GCMRL#   85 dt 214.808511 rms  0.759  4.433% neg 0  invalid 762 tFOTS 3.5570 tGradient 2.3320 tsec 6.1790
#FOTS# QuadFit found better minimum quadopt=(dt=157.333,rms=0.751685) vs oldopt=(dt=92.48,rms=0.753302)
#GCMRL#   86 dt 157.333333 rms  0.752  0.990% neg 0  invalid 762 tFOTS 3.4650 tGradient 2.4040 tsec 6.1900
#FOTS# QuadFit found better minimum quadopt=(dt=221.952,rms=0.746253) vs oldopt=(dt=369.92,rms=0.748106)
#GCMRL#   87 dt 221.952000 rms  0.746  0.723% neg 0  invalid 762 tFOTS 3.5560 tGradient 2.0170 tsec 5.8610
#FOTS# QuadFit found better minimum quadopt=(dt=129.472,rms=0.743448) vs oldopt=(dt=92.48,rms=0.743664)
#GCMRL#   88 dt 129.472000 rms  0.743  0.376% neg 0  invalid 762 tFOTS 3.5930 tGradient 2.2870 tsec 6.1860
#FOTS# QuadFit found better minimum quadopt=(dt=295.936,rms=0.739329) vs oldopt=(dt=369.92,rms=0.739455)
#GCMRL#   89 dt 295.936000 rms  0.739  0.554% neg 0  invalid 762 tFOTS 3.4640 tGradient 2.2180 tsec 5.9790
#FOTS# QuadFit found better minimum quadopt=(dt=110.976,rms=0.737065) vs oldopt=(dt=92.48,rms=0.737159)
#GCMRL#   90 dt 110.976000 rms  0.737  0.306% neg 0  invalid 762 tFOTS 3.5370 tGradient 2.3440 tsec 6.2240
#FOTS# QuadFit found better minimum quadopt=(dt=517.888,rms=0.733182) vs oldopt=(dt=369.92,rms=0.733458)
#GCMRL#   91 dt 517.888000 rms  0.733  0.527% neg 0  invalid 762 tFOTS 3.3700 tGradient 2.4790 tsec 6.1600
#GCMRL#   92 dt  92.480000 rms  0.731  0.345% neg 0  invalid 762 tFOTS 4.6320 tGradient 2.6440 tsec 7.6080
#FOTS# QuadFit found better minimum quadopt=(dt=2071.55,rms=0.721343) vs oldopt=(dt=1479.68,rms=0.722369)
#GCMRL#   93 dt 2071.552000 rms  0.721  1.274% neg 0  invalid 762 tFOTS 4.3310 tGradient 2.8060 tsec 7.5080
#GCMRL#   94 dt  92.480000 rms  0.719  0.317% neg 0  invalid 762 tFOTS 4.3780 tGradient 2.6810 tsec 7.3900
#FOTS# QuadFit found better minimum quadopt=(dt=517.888,rms=0.717543) vs oldopt=(dt=369.92,rms=0.717794)
#GCMRL#   95 dt 517.888000 rms  0.718  0.210% neg 0  invalid 762 tFOTS 4.0440 tGradient 2.6210 tsec 7.0330
#FOTS# QuadFit found better minimum quadopt=(dt=129.472,rms=0.717011) vs oldopt=(dt=92.48,rms=0.717078)
#GCMRL#   96 dt 129.472000 rms  0.717  0.074% neg 0  invalid 762 tFOTS 3.3930 tGradient 2.6560 tsec 6.3540
#FOTS# QuadFit found better minimum quadopt=(dt=443.904,rms=0.71637) vs oldopt=(dt=369.92,rms=0.71638)
#GCMRL#   97 dt 443.904000 rms  0.716  0.089% neg 0  invalid 762 tFOTS 4.1580 tGradient 2.7970 tsec 7.2140
#FOTS# QuadFit found better minimum quadopt=(dt=110.976,rms=0.71577) vs oldopt=(dt=92.48,rms=0.715779)
#GCMRL#   98 dt 110.976000 rms  0.716  0.084% neg 0  invalid 762 tFOTS 4.2990 tGradient 2.2890 tsec 6.9570
#FOTS# QuadFit found better minimum quadopt=(dt=295.936,rms=0.715269) vs oldopt=(dt=369.92,rms=0.715276)
#GCMRL#   99 dt 295.936000 rms  0.715  0.070% neg 0  invalid 762 tFOTS 4.3530 tGradient 2.9520 tsec 7.6200
#FOTS# QuadFit found better minimum quadopt=(dt=129.472,rms=0.714859) vs oldopt=(dt=92.48,rms=0.714884)
#GCMRL#  100 dt 129.472000 rms  0.715  0.057% neg 0  invalid 762 tFOTS 4.5420 tGradient 2.6010 tsec 7.4830
#FOTS# QuadFit found better minimum quadopt=(dt=221.952,rms=0.714489) vs oldopt=(dt=369.92,rms=0.714577)
#GCMRL#  101 dt 221.952000 rms  0.714  0.052% neg 0  invalid 762 tFOTS 3.8600 tGradient 2.5310 tsec 6.6800
#FOTS# QuadFit found better minimum quadopt=(dt=129.472,rms=0.714148) vs oldopt=(dt=92.48,rms=0.714191)
#GCMRL#  102 dt 129.472000 rms  0.714  0.000% neg 0  invalid 762 tFOTS 4.0630 tGradient 2.3990 tsec 6.8250
#GCMRL#  103 dt 129.472000 rms  0.714  0.032% neg 0  invalid 762 tFOTS 0.0000 tGradient 2.9890 tsec 3.3070
#GCMRL#  104 dt 129.472000 rms  0.713  0.060% neg 0  invalid 762 tFOTS 0.0000 tGradient 2.4350 tsec 2.7300
#GCMRL#  105 dt 129.472000 rms  0.713  0.094% neg 0  invalid 762 tFOTS 0.0000 tGradient 2.2850 tsec 2.5840
#GCMRL#  106 dt 129.472000 rms  0.712  0.102% neg 0  invalid 762 tFOTS 0.0000 tGradient 2.6610 tsec 2.9930
#GCMRL#  107 dt 129.472000 rms  0.711  0.129% neg 0  invalid 762 tFOTS 0.0000 tGradient 2.3480 tsec 2.6410
#GCMRL#  108 dt 129.472000 rms  0.710  0.132% neg 0  invalid 762 tFOTS 0.0000 tGradient 2.7410 tsec 3.0430
#GCMRL#  109 dt 129.472000 rms  0.709  0.133% neg 0  invalid 762 tFOTS 0.0000 tGradient 2.5770 tsec 2.9610
#GCMRL#  110 dt 129.472000 rms  0.708  0.130% neg 0  invalid 762 tFOTS 0.0000 tGradient 2.4930 tsec 2.8160
#GCMRL#  111 dt 129.472000 rms  0.707  0.135% neg 0  invalid 762 tFOTS 0.0000 tGradient 2.4860 tsec 2.7890
#GCMRL#  112 dt 129.472000 rms  0.706  0.144% neg 0  invalid 762 tFOTS 0.0000 tGradient 2.5700 tsec 2.8880
#GCMRL#  113 dt 129.472000 rms  0.705  0.127% neg 0  invalid 762 tFOTS 0.0000 tGradient 2.1430 tsec 2.4130
#GCMRL#  114 dt 129.472000 rms  0.705  0.128% neg 0  invalid 762 tFOTS 0.0000 tGradient 2.1670 tsec 2.4450
#GCMRL#  115 dt 129.472000 rms  0.704  0.117% neg 0  invalid 762 tFOTS 0.0000 tGradient 2.1680 tsec 2.4360
#GCMRL#  116 dt 129.472000 rms  0.703  0.107% neg 0  invalid 762 tFOTS 0.0000 tGradient 2.3240 tsec 2.6210
#GCMRL#  117 dt 129.472000 rms  0.702  0.099% neg 0  invalid 762 tFOTS 0.0000 tGradient 2.8610 tsec 3.1370
#GCMRL#  118 dt 129.472000 rms  0.702  0.089% neg 0  invalid 762 tFOTS 0.0000 tGradient 2.4950 tsec 2.7730
#GCMRL#  119 dt 129.472000 rms  0.701  0.087% neg 0  invalid 762 tFOTS 0.0000 tGradient 2.4260 tsec 2.7120
#GCMRL#  120 dt 129.472000 rms  0.701  0.076% neg 0  invalid 762 tFOTS 0.0000 tGradient 2.3700 tsec 2.6190
#GCMRL#  121 dt 129.472000 rms  0.700  0.075% neg 0  invalid 762 tFOTS 0.0000 tGradient 2.4120 tsec 2.6550
#GCMRL#  122 dt 129.472000 rms  0.700  0.062% neg 0  invalid 762 tFOTS 0.0000 tGradient 2.4380 tsec 2.7220
#GCMRL#  123 dt 129.472000 rms  0.699  0.063% neg 0  invalid 762 tFOTS 0.0000 tGradient 2.1480 tsec 2.3970
#GCMRL#  124 dt 129.472000 rms  0.699  0.068% neg 0  invalid 762 tFOTS 0.0000 tGradient 2.0010 tsec 2.2470
#GCMRL#  125 dt 129.472000 rms  0.698  0.070% neg 0  invalid 762 tFOTS 0.0000 tGradient 2.0120 tsec 2.2890
#GCMRL#  126 dt 129.472000 rms  0.698  0.059% neg 0  invalid 762 tFOTS 0.0000 tGradient 2.5110 tsec 2.7520
#GCMRL#  127 dt 129.472000 rms  0.697  0.047% neg 0  invalid 762 tFOTS 0.0000 tGradient 2.4530 tsec 2.7540
#GCMRL#  128 dt 129.472000 rms  0.697  0.058% neg 0  invalid 762 tFOTS 0.0000 tGradient 2.5610 tsec 2.8380
#GCMRL#  129 dt 129.472000 rms  0.697  0.059% neg 0  invalid 762 tFOTS 0.0000 tGradient 2.5560 tsec 2.7900
#GCMRL#  130 dt 129.472000 rms  0.696  0.060% neg 0  invalid 762 tFOTS 0.0000 tGradient 2.6290 tsec 2.8670
#GCMRL#  131 dt 129.472000 rms  0.696  0.055% neg 0  invalid 762 tFOTS 0.0000 tGradient 2.3680 tsec 2.6380
#GCMRL#  132 dt 129.472000 rms  0.695  0.056% neg 0  invalid 762 tFOTS 0.0000 tGradient 2.3220 tsec 2.5630
#GCMRL#  133 dt 129.472000 rms  0.695  0.055% neg 0  invalid 762 tFOTS 0.0000 tGradient 1.9850 tsec 2.2280
#GCMRL#  134 dt 129.472000 rms  0.695  0.051% neg 0  invalid 762 tFOTS 0.0000 tGradient 1.9780 tsec 2.2140
#GCMRL#  135 dt 129.472000 rms  0.694  0.047% neg 0  invalid 762 tFOTS 0.0000 tGradient 2.0770 tsec 2.3100
#GCMRL#  136 dt 129.472000 rms  0.694  0.048% neg 0  invalid 762 tFOTS 0.0000 tGradient 2.3560 tsec 2.6080
#GCMRL#  137 dt 129.472000 rms  0.694  0.044% neg 0  invalid 762 tFOTS 0.0000 tGradient 2.2800 tsec 2.5520
#GCMRL#  138 dt 129.472000 rms  0.693  0.044% neg 0  invalid 762 tFOTS 0.0000 tGradient 2.1920 tsec 2.4300
#GCMRL#  139 dt 129.472000 rms  0.693  0.043% neg 0  invalid 762 tFOTS 0.0000 tGradient 2.0350 tsec 2.2910
#GCMRL#  140 dt 129.472000 rms  0.693  0.043% neg 0  invalid 762 tFOTS 0.0000 tGradient 2.0690 tsec 2.3140
#GCMRL#  141 dt 129.472000 rms  0.693  0.043% neg 0  invalid 762 tFOTS 0.0000 tGradient 2.0120 tsec 2.2640
#GCMRL#  142 dt 129.472000 rms  0.692  0.050% neg 0  invalid 762 tFOTS 0.0000 tGradient 1.9330 tsec 2.1650
#GCMRL#  143 dt 129.472000 rms  0.692  0.052% neg 0  invalid 762 tFOTS 0.0000 tGradient 1.8860 tsec 2.1610
#GCMRL#  144 dt 129.472000 rms  0.692  0.045% neg 0  invalid 762 tFOTS 0.0000 tGradient 2.1210 tsec 2.4010
#GCMRL#  145 dt 129.472000 rms  0.691  0.044% neg 0  invalid 762 tFOTS 0.0000 tGradient 2.4350 tsec 2.7180
#GCMRL#  146 dt 129.472000 rms  0.691  0.048% neg 0  invalid 762 tFOTS 0.0000 tGradient 2.4080 tsec 2.6810
#GCMRL#  147 dt 129.472000 rms  0.691  0.043% neg 0  invalid 762 tFOTS 0.0000 tGradient 2.2170 tsec 2.5120
#GCMRL#  148 dt 129.472000 rms  0.690  0.042% neg 0  invalid 762 tFOTS 0.0000 tGradient 2.0490 tsec 2.3120
#GCMRL#  149 dt 129.472000 rms  0.690  0.037% neg 0  invalid 762 tFOTS 0.0000 tGradient 1.9370 tsec 2.1910
#GCMRL#  150 dt 129.472000 rms  0.690  0.032% neg 0  invalid 762 tFOTS 0.0000 tGradient 1.9070 tsec 2.1530
#GCMRL#  151 dt 129.472000 rms  0.690  0.036% neg 0  invalid 762 tFOTS 0.0000 tGradient 1.8850 tsec 2.1570
#GCMRL#  152 dt 129.472000 rms  0.689  0.046% neg 0  invalid 762 tFOTS 0.0000 tGradient 2.1300 tsec 2.4110
#GCMRL#  153 dt 129.472000 rms  0.689  0.041% neg 0  invalid 762 tFOTS 0.0000 tGradient 2.2070 tsec 2.4820
#GCMRL#  154 dt 129.472000 rms  0.689  0.029% neg 0  invalid 762 tFOTS 0.0000 tGradient 2.3040 tsec 2.5110
#GCMRL#  155 dt 129.472000 rms  0.689  0.034% neg 0  invalid 762 tFOTS 0.0000 tGradient 2.2840 tsec 2.5370
#GCMRL#  156 dt 129.472000 rms  0.688  0.040% neg 0  invalid 762 tFOTS 0.0000 tGradient 2.3700 tsec 2.6470
#GCMRL#  157 dt 129.472000 rms  0.688  0.037% neg 0  invalid 762 tFOTS 0.0000 tGradient 2.3130 tsec 2.5840
#GCMRL#  158 dt 129.472000 rms  0.688  0.037% neg 0  invalid 762 tFOTS 0.0000 tGradient 2.3100 tsec 2.5700
#GCMRL#  159 dt 129.472000 rms  0.688  0.029% neg 0  invalid 762 tFOTS 0.0000 tGradient 2.2840 tsec 2.5610
#GCMRL#  160 dt 129.472000 rms  0.687  0.023% neg 0  invalid 762 tFOTS 0.0000 tGradient 2.2950 tsec 2.5540
#GCMRL#  161 dt 129.472000 rms  0.687  0.030% neg 0  invalid 762 tFOTS 0.0000 tGradient 2.1090 tsec 2.3590
#GCMRL#  162 dt 129.472000 rms  0.687  0.031% neg 0  invalid 762 tFOTS 0.0000 tGradient 2.2370 tsec 2.5140
#GCMRL#  163 dt 129.472000 rms  0.687  0.031% neg 0  invalid 762 tFOTS 0.0000 tGradient 2.0970 tsec 2.3290
#GCMRL#  164 dt 129.472000 rms  0.687  0.031% neg 0  invalid 762 tFOTS 0.0000 tGradient 2.0780 tsec 2.3540
#GCMRL#  165 dt 129.472000 rms  0.686  0.028% neg 0  invalid 762 tFOTS 0.0000 tGradient 2.3530 tsec 2.6290
#GCMRL#  166 dt 129.472000 rms  0.686  0.026% neg 0  invalid 762 tFOTS 0.0000 tGradient 2.2640 tsec 2.5810
#GCMRL#  167 dt 129.472000 rms  0.686  0.023% neg 0  invalid 762 tFOTS 0.0000 tGradient 2.4990 tsec 2.7880
#GCMRL#  168 dt 129.472000 rms  0.686  0.025% neg 0  invalid 762 tFOTS 0.0000 tGradient 2.3640 tsec 2.6500
#GCMRL#  169 dt 129.472000 rms  0.686  0.033% neg 0  invalid 762 tFOTS 0.0000 tGradient 2.4570 tsec 2.7080
#GCMRL#  170 dt 129.472000 rms  0.685  0.030% neg 0  invalid 762 tFOTS 0.0000 tGradient 2.3330 tsec 2.6100
#GCMRL#  171 dt 129.472000 rms  0.685  0.024% neg 0  invalid 762 tFOTS 0.0000 tGradient 2.3540 tsec 2.6410
#GCMRL#  172 dt 129.472000 rms  0.685  0.019% neg 0  invalid 762 tFOTS 0.0000 tGradient 2.3060 tsec 2.5650
#FOTS# QuadFit found better minimum quadopt=(dt=517.888,rms=0.685046) vs oldopt=(dt=369.92,rms=0.68506)
#GCMRL#  173 dt 517.888000 rms  0.685  0.000% neg 0  invalid 762 tFOTS 3.8440 tGradient 1.9840 tsec 6.1280

#GCAMreg# pass 0 level1 5 level2 1 tsec 317.72 sigma 0.5
l_jacobian=1.00 l_label=1.00 l_log_likelihood=0.20 l_smoothness=0.01 
tol=5.00e-02, dt=5.00e-02, exp_k=20.0, momentum=0.90, levels=6, niter=500, lbl_dist=10.00, avgs=256, sigma=0.5,type=2, relabel=0, neg=no

blurring input image with Gaussian with sigma=0.500...
GCAMRegisterLevel(): init RMS 0.686461
#FOTS# QuadFit found better minimum quadopt=(dt=129.472,rms=0.68463) vs oldopt=(dt=92.48,rms=0.684686)
#GCMRL#  175 dt 129.472000 rms  0.685  0.267% neg 0  invalid 762 tFOTS 3.6060 tGradient 2.2390 tsec 6.1460
#FOTS# QuadFit found better minimum quadopt=(dt=517.888,rms=0.683505) vs oldopt=(dt=369.92,rms=0.683747)
#GCMRL#  176 dt 517.888000 rms  0.684  0.164% neg 0  invalid 762 tFOTS 3.8470 tGradient 2.3860 tsec 6.5760
#FOTS# QuadFit found better minimum quadopt=(dt=129.472,rms=0.683352) vs oldopt=(dt=92.48,rms=0.683384)
#GCMRL#  177 dt 129.472000 rms  0.683  0.000% neg 0  invalid 762 tFOTS 3.8530 tGradient 2.1810 tsec 6.3110
#GCMRL#  178 dt 129.472000 rms  0.683  0.021% neg 0  invalid 762 tFOTS 0.0000 tGradient 1.9070 tsec 2.1470
#GCMRL#  179 dt 129.472000 rms  0.683  0.036% neg 0  invalid 762 tFOTS 0.0000 tGradient 1.9590 tsec 2.2030
#GCMRL#  180 dt 129.472000 rms  0.683  0.037% neg 0  invalid 762 tFOTS 0.0000 tGradient 1.9620 tsec 2.2200
#GCMRL#  181 dt 129.472000 rms  0.682  0.036% neg 0  invalid 762 tFOTS 0.0000 tGradient 1.9590 tsec 2.2130
#GCMRL#  182 dt 129.472000 rms  0.682  0.045% neg 0  invalid 762 tFOTS 0.0000 tGradient 2.1050 tsec 2.3580
#GCMRL#  183 dt 129.472000 rms  0.682  0.052% neg 0  invalid 762 tFOTS 0.0000 tGradient 2.0850 tsec 2.3650
#GCMRL#  184 dt 129.472000 rms  0.682  0.040% neg 0  invalid 762 tFOTS 0.0000 tGradient 2.2010 tsec 2.4970
#GCMRL#  185 dt 129.472000 rms  0.681  0.038% neg 0  invalid 762 tFOTS 0.0000 tGradient 2.4020 tsec 2.6610
#GCMRL#  186 dt 129.472000 rms  0.681  0.021% neg 0  invalid 762 tFOTS 0.0000 tGradient 2.3630 tsec 2.6390
#GCMRL#  187 dt 129.472000 rms  0.681  0.018% neg 0  invalid 762 tFOTS 0.0000 tGradient 2.3810 tsec 2.6500
#GCMRL#  188 dt 369.920000 rms  0.681  0.026% neg 0  invalid 762 tFOTS 3.5550 tGradient 2.5250 tsec 6.3550
#FOTS# QuadFit found better minimum quadopt=(dt=32.368,rms=0.680811) vs oldopt=(dt=23.12,rms=0.680812)
#GCMRL#  189 dt  32.368000 rms  0.681  0.000% neg 0  invalid 762 tFOTS 4.0310 tGradient 2.5520 tsec 6.8960
#GCMRL#  190 dt  32.368000 rms  0.681  0.000% neg 0  invalid 762 tFOTS 0.0000 tGradient 2.6290 tsec 2.9380
setting smoothness cost coefficient to 0.031

#GCAMreg# pass 0 level1 4 level2 0 tsec 0 sigma 2
l_jacobian=1.00 l_label=1.00 l_log_likelihood=0.20 l_smoothness=0.03 
tol=5.00e-02, dt=5.00e-02, exp_k=20.0, momentum=0.90, levels=6, niter=500, lbl_dist=10.00, avgs=64, sigma=2.0,type=2, relabel=0, neg=no

blurring input image with Gaussian with sigma=2.000...
GCAMRegisterLevel(): init RMS 0.684977
#FOTS# QuadFit found better minimum quadopt=(dt=145.152,rms=0.678988) vs oldopt=(dt=103.68,rms=0.67954)
#GCMRL#  192 dt 145.152000 rms  0.679  0.874% neg 0  invalid 762 tFOTS 3.6540 tGradient 1.9400 tsec 5.9480
#FOTS# QuadFit found better minimum quadopt=(dt=145.152,rms=0.672798) vs oldopt=(dt=103.68,rms=0.673306)
#GCMRL#  193 dt 145.152000 rms  0.673  0.912% neg 0  invalid 762 tFOTS 3.7390 tGradient 1.9750 tsec 6.0380
#FOTS# QuadFit found better minimum quadopt=(dt=64.5517,rms=0.669549) vs oldopt=(dt=25.92,rms=0.670431)
#GCMRL#  194 dt  64.551724 rms  0.670  0.483% neg 0  invalid 762 tFOTS 4.0830 tGradient 2.0540 tsec 6.4920
#FOTS# QuadFit found better minimum quadopt=(dt=179.848,rms=0.66497) vs oldopt=(dt=103.68,rms=0.665671)
#GCMRL#  195 dt 179.848101 rms  0.665  0.684% neg 0  invalid 762 tFOTS 4.2400 tGradient 1.8820 tsec 6.4380
#FOTS# QuadFit found better minimum quadopt=(dt=55.8873,rms=0.661909) vs oldopt=(dt=25.92,rms=0.662504)
#GCMRL#  196 dt  55.887324 rms  0.662  0.460% neg 0  invalid 762 tFOTS 4.2000 tGradient 2.0830 tsec 6.6300
#FOTS# QuadFit found better minimum quadopt=(dt=145.152,rms=0.65833) vs oldopt=(dt=103.68,rms=0.658981)
#GCMRL#  197 dt 145.152000 rms  0.658  0.541% neg 0  invalid 762 tFOTS 3.8370 tGradient 1.9540 tsec 6.0660
#FOTS# QuadFit found better minimum quadopt=(dt=36.288,rms=0.657014) vs oldopt=(dt=25.92,rms=0.657248)
#GCMRL#  198 dt  36.288000 rms  0.657  0.200% neg 0  invalid 762 tFOTS 3.6010 tGradient 1.9340 tsec 5.8390
#FOTS# QuadFit found better minimum quadopt=(dt=580.608,rms=0.649984) vs oldopt=(dt=414.72,rms=0.650855)
#GCMRL#  199 dt 580.608000 rms  0.650  1.070% neg 0  invalid 762 tFOTS 3.3020 tGradient 1.9330 tsec 5.4940
#FOTS# QuadFit found better minimum quadopt=(dt=60.4444,rms=0.645371) vs oldopt=(dt=25.92,rms=0.646583)
#GCMRL#  200 dt  60.444444 rms  0.645  0.710% neg 0  invalid 762 tFOTS 3.5250 tGradient 1.9090 tsec 5.6870
#FOTS# QuadFit found better minimum quadopt=(dt=36.288,rms=0.644754) vs oldopt=(dt=25.92,rms=0.644852)
#GCMRL#  201 dt  36.288000 rms  0.645  0.096% neg 0  invalid 762 tFOTS 3.2630 tGradient 1.8750 tsec 5.4060
#FOTS# QuadFit found better minimum quadopt=(dt=580.608,rms=0.641093) vs oldopt=(dt=414.72,rms=0.641559)
#GCMRL#  202 dt 580.608000 rms  0.641  0.568% neg 0  invalid 762 tFOTS 4.1220 tGradient 1.8960 tsec 6.3510
#FOTS# QuadFit found better minimum quadopt=(dt=71.619,rms=0.638372) vs oldopt=(dt=25.92,rms=0.639039)
#GCMRL#  203 dt  71.619048 rms  0.638  0.424% neg 0  invalid 762 tFOTS 4.2990 tGradient 2.1230 tsec 6.7960
#FOTS# QuadFit found better minimum quadopt=(dt=36.288,rms=0.637772) vs oldopt=(dt=25.92,rms=0.637847)
#GCMRL#  204 dt  36.288000 rms  0.638  0.094% neg 0  invalid 762 tFOTS 4.1120 tGradient 2.1110 tsec 6.5900
#FOTS# QuadFit found better minimum quadopt=(dt=331.776,rms=0.636434) vs oldopt=(dt=414.72,rms=0.636461)
#GCMRL#  205 dt 331.776000 rms  0.636  0.210% neg 0  invalid 762 tFOTS 4.3540 tGradient 1.9710 tsec 6.6920
#FOTS# QuadFit found better minimum quadopt=(dt=36.288,rms=0.635139) vs oldopt=(dt=25.92,rms=0.635414)
#GCMRL#  206 dt  36.288000 rms  0.635  0.203% neg 0  invalid 762 tFOTS 4.3070 tGradient 1.8880 tsec 6.5540
#FOTS# QuadFit found better minimum quadopt=(dt=331.776,rms=0.633656) vs oldopt=(dt=414.72,rms=0.633851)
#GCMRL#  207 dt 331.776000 rms  0.634  0.234% neg 0  invalid 762 tFOTS 4.2780 tGradient 1.8890 tsec 6.5380
#FOTS# QuadFit found better minimum quadopt=(dt=36.288,rms=0.632592) vs oldopt=(dt=25.92,rms=0.632714)
#GCMRL#  208 dt  36.288000 rms  0.633  0.168% neg 0  invalid 762 tFOTS 4.6250 tGradient 2.0720 tsec 7.0600
#FOTS# QuadFit found better minimum quadopt=(dt=145.152,rms=0.632244) vs oldopt=(dt=103.68,rms=0.632256)
#GCMRL#  209 dt 145.152000 rms  0.632  0.055% neg 0  invalid 762 tFOTS 4.4600 tGradient 2.0950 tsec 6.8440
#GCMRL#  210 dt 103.680000 rms  0.631  0.173% neg 0  invalid 762 tFOTS 3.3500 tGradient 1.8460 tsec 5.4660
#FOTS# QuadFit found better minimum quadopt=(dt=36.288,rms=0.630966) vs oldopt=(dt=25.92,rms=0.630981)
#GCMRL#  211 dt  36.288000 rms  0.631  0.000% neg 0  invalid 762 tFOTS 3.5820 tGradient 1.7700 tsec 5.6630
#GCMRL#  212 dt  36.288000 rms  0.631  0.023% neg 0  invalid 762 tFOTS 0.0000 tGradient 1.7260 tsec 2.0300
#GCMRL#  213 dt  36.288000 rms  0.631  0.050% neg 0  invalid 762 tFOTS 0.0000 tGradient 1.6960 tsec 2.0030
#GCMRL#  214 dt  36.288000 rms  0.630  0.073% neg 0  invalid 762 tFOTS 0.0000 tGradient 1.9610 tsec 2.3020
#GCMRL#  215 dt  36.288000 rms  0.629  0.109% neg 0  invalid 762 tFOTS 0.0000 tGradient 1.9670 tsec 2.3040
#GCMRL#  216 dt  36.288000 rms  0.629  0.125% neg 0  invalid 762 tFOTS 0.0000 tGradient 2.0350 tsec 2.4110
#GCMRL#  217 dt  36.288000 rms  0.628  0.126% neg 0  invalid 762 tFOTS 0.0000 tGradient 1.9760 tsec 2.3250
#GCMRL#  218 dt  36.288000 rms  0.627  0.144% neg 0  invalid 762 tFOTS 0.0000 tGradient 1.9550 tsec 2.2740
#GCMRL#  219 dt  36.288000 rms  0.626  0.139% neg 0  invalid 762 tFOTS 0.0000 tGradient 2.0830 tsec 2.3860
#GCMRL#  220 dt  36.288000 rms  0.625  0.144% neg 0  invalid 762 tFOTS 0.0000 tGradient 2.0620 tsec 2.4080
#GCMRL#  221 dt  36.288000 rms  0.624  0.158% neg 0  invalid 762 tFOTS 0.0000 tGradient 1.9300 tsec 2.2570
#GCMRL#  222 dt  36.288000 rms  0.623  0.160% neg 0  invalid 762 tFOTS 0.0000 tGradient 1.8540 tsec 2.1890
#GCMRL#  223 dt  36.288000 rms  0.622  0.159% neg 0  invalid 762 tFOTS 0.0000 tGradient 1.8960 tsec 2.2340
#GCMRL#  224 dt  36.288000 rms  0.621  0.153% neg 0  invalid 762 tFOTS 0.0000 tGradient 1.6910 tsec 1.9970
#GCMRL#  225 dt  36.288000 rms  0.620  0.151% neg 0  invalid 762 tFOTS 0.0000 tGradient 1.6700 tsec 1.9810
#GCMRL#  226 dt  36.288000 rms  0.619  0.137% neg 0  invalid 762 tFOTS 0.0000 tGradient 1.9040 tsec 2.2390
#GCMRL#  227 dt  36.288000 rms  0.619  0.124% neg 0  invalid 762 tFOTS 0.0000 tGradient 1.9080 tsec 2.2360
#GCMRL#  228 dt  36.288000 rms  0.618  0.122% neg 0  invalid 762 tFOTS 0.0000 tGradient 1.9810 tsec 2.3060
#GCMRL#  229 dt  36.288000 rms  0.617  0.116% neg 0  invalid 762 tFOTS 0.0000 tGradient 1.8850 tsec 2.1910
#GCMRL#  230 dt  36.288000 rms  0.616  0.105% neg 0  invalid 762 tFOTS 0.0000 tGradient 1.7530 tsec 2.0450
#GCMRL#  231 dt  36.288000 rms  0.616  0.108% neg 0  invalid 762 tFOTS 0.0000 tGradient 1.8090 tsec 2.0930
#GCMRL#  232 dt  36.288000 rms  0.615  0.102% neg 0  invalid 762 tFOTS 0.0000 tGradient 1.7460 tsec 2.0300
#GCMRL#  233 dt  36.288000 rms  0.615  0.100% neg 0  invalid 762 tFOTS 0.0000 tGradient 1.5580 tsec 1.8490
#GCMRL#  234 dt  36.288000 rms  0.614  0.094% neg 0  invalid 762 tFOTS 0.0000 tGradient 1.9980 tsec 2.3600
#GCMRL#  235 dt  36.288000 rms  0.613  0.089% neg 0  invalid 762 tFOTS 0.0000 tGradient 1.9600 tsec 2.3100
#GCMRL#  236 dt  36.288000 rms  0.613  0.089% neg 0  invalid 762 tFOTS 0.0000 tGradient 1.8800 tsec 2.1830
#GCMRL#  237 dt  36.288000 rms  0.612  0.088% neg 0  invalid 762 tFOTS 0.0000 tGradient 1.7540 tsec 2.0520
#GCMRL#  238 dt  36.288000 rms  0.612  0.078% neg 0  invalid 762 tFOTS 0.0000 tGradient 1.8320 tsec 2.1930
#GCMRL#  239 dt  36.288000 rms  0.611  0.090% neg 0  invalid 762 tFOTS 0.0000 tGradient 1.6480 tsec 1.9610
#GCMRL#  240 dt  36.288000 rms  0.611  0.083% neg 0  invalid 762 tFOTS 0.0000 tGradient 1.8590 tsec 2.1330
#GCMRL#  241 dt  36.288000 rms  0.610  0.086% neg 0  invalid 762 tFOTS 0.0000 tGradient 1.7590 tsec 2.0460
#GCMRL#  242 dt  36.288000 rms  0.610  0.078% neg 0  invalid 762 tFOTS 0.0000 tGradient 1.6680 tsec 1.9640
#GCMRL#  243 dt  36.288000 rms  0.609  0.066% neg 0  invalid 762 tFOTS 0.0000 tGradient 1.7440 tsec 2.0370
#GCMRL#  244 dt  36.288000 rms  0.609  0.058% neg 0  invalid 762 tFOTS 0.0000 tGradient 1.9940 tsec 2.2910
#GCMRL#  245 dt  36.288000 rms  0.609  0.063% neg 0  invalid 762 tFOTS 0.0000 tGradient 1.9030 tsec 2.1950
#GCMRL#  246 dt  36.288000 rms  0.608  0.063% neg 0  invalid 762 tFOTS 0.0000 tGradient 2.0410 tsec 2.3660
#GCMRL#  247 dt  36.288000 rms  0.608  0.060% neg 0  invalid 762 tFOTS 0.0000 tGradient 1.7380 tsec 2.0280
#GCMRL#  248 dt  36.288000 rms  0.608  0.061% neg 0  invalid 762 tFOTS 0.0000 tGradient 2.3180 tsec 2.6130
#GCMRL#  249 dt  36.288000 rms  0.607  0.058% neg 0  invalid 762 tFOTS 0.0000 tGradient 1.8150 tsec 2.0810
#GCMRL#  250 dt  36.288000 rms  0.607  0.050% neg 0  invalid 762 tFOTS 0.0000 tGradient 1.8750 tsec 2.1630
#GCMRL#  251 dt  36.288000 rms  0.607  0.045% neg 0  invalid 762 tFOTS 0.0000 tGradient 1.9920 tsec 2.2810
#GCMRL#  252 dt  36.288000 rms  0.606  0.043% neg 0  invalid 762 tFOTS 0.0000 tGradient 1.8960 tsec 2.1850
#GCMRL#  253 dt  36.288000 rms  0.606  0.043% neg 0  invalid 762 tFOTS 0.0000 tGradient 1.7610 tsec 2.0570
#GCMRL#  254 dt  36.288000 rms  0.606  0.052% neg 0  invalid 762 tFOTS 0.0000 tGradient 1.7460 tsec 2.0080
#GCMRL#  255 dt  36.288000 rms  0.606  0.054% neg 0  invalid 762 tFOTS 0.0000 tGradient 1.8430 tsec 2.1050
#GCMRL#  256 dt  36.288000 rms  0.605  0.053% neg 0  invalid 762 tFOTS 0.0000 tGradient 1.7440 tsec 2.0400
#GCMRL#  257 dt  36.288000 rms  0.605  0.046% neg 0  invalid 762 tFOTS 0.0000 tGradient 1.7360 tsec 2.0040
#GCMRL#  258 dt  36.288000 rms  0.605  0.028% neg 0  invalid 762 tFOTS 0.0000 tGradient 1.7720 tsec 2.0420
#GCMRL#  259 dt  36.288000 rms  0.604  0.040% neg 0  invalid 762 tFOTS 0.0000 tGradient 1.6670 tsec 1.9330
#GCMRL#  260 dt  36.288000 rms  0.604  0.041% neg 0  invalid 762 tFOTS 0.0000 tGradient 1.7710 tsec 2.0370
#GCMRL#  261 dt  36.288000 rms  0.604  0.042% neg 0  invalid 762 tFOTS 0.0000 tGradient 1.6430 tsec 1.9060
#GCMRL#  262 dt  36.288000 rms  0.604  0.042% neg 0  invalid 762 tFOTS 0.0000 tGradient 1.7150 tsec 1.9860
#GCMRL#  263 dt  36.288000 rms  0.604  0.039% neg 0  invalid 762 tFOTS 0.0000 tGradient 1.7940 tsec 2.0770
#GCMRL#  264 dt  36.288000 rms  0.603  0.030% neg 0  invalid 762 tFOTS 0.0000 tGradient 2.1430 tsec 2.4180
#GCMRL#  265 dt  36.288000 rms  0.603  0.035% neg 0  invalid 762 tFOTS 0.0000 tGradient 1.9030 tsec 2.1470
#GCMRL#  266 dt  36.288000 rms  0.603  0.034% neg 0  invalid 762 tFOTS 0.0000 tGradient 1.9940 tsec 2.2310
#GCMRL#  267 dt  36.288000 rms  0.603  0.043% neg 0  invalid 762 tFOTS 0.0000 tGradient 1.8190 tsec 2.1050
#GCMRL#  268 dt  36.288000 rms  0.603  0.008% neg 0  invalid 762 tFOTS 0.0000 tGradient 1.8170 tsec 2.2460
#GCMRL#  269 dt  36.288000 rms  0.603  0.000% neg 0  invalid 762 tFOTS 0.0000 tGradient 1.8220 tsec 2.1230
#FOTS# QuadFit found better minimum quadopt=(dt=145.152,rms=0.602501) vs oldopt=(dt=103.68,rms=0.60252)
#GCMRL#  270 dt 145.152000 rms  0.603  0.016% neg 0  invalid 762 tFOTS 3.2130 tGradient 1.7390 tsec 5.2560
#FOTS# QuadFit found better minimum quadopt=(dt=36.288,rms=0.602485) vs oldopt=(dt=25.92,rms=0.602488)
#GCMRL#  271 dt  36.288000 rms  0.602  0.000% neg 0  invalid 762 tFOTS 3.1000 tGradient 1.6200 tsec 5.0390
#GCMRL#  272 dt  36.288000 rms  0.602  0.006% neg 0  invalid 762 tFOTS 0.0000 tGradient 1.8000 tsec 2.0520
#GCMRL#  273 dt   4.536000 rms  0.602  0.002% neg 0  invalid 762 tFOTS 0.0000 tGradient 1.9060 tsec 2.7370

#GCAMreg# pass 0 level1 4 level2 1 tsec 275.399 sigma 0.5
l_jacobian=1.00 l_label=1.00 l_log_likelihood=0.20 l_smoothness=0.03 
tol=5.00e-02, dt=5.00e-02, exp_k=20.0, momentum=0.90, levels=6, niter=500, lbl_dist=10.00, avgs=64, sigma=0.5,type=2, relabel=0, neg=no

blurring input image with Gaussian with sigma=0.500...
GCAMRegisterLevel(): init RMS 0.604232
#FOTS# QuadFit found better minimum quadopt=(dt=82.944,rms=0.601605) vs oldopt=(dt=103.68,rms=0.601697)
#GCMRL#  275 dt  82.944000 rms  0.602  0.435% neg 0  invalid 762 tFOTS 3.7910 tGradient 1.8670 tsec 5.9490
#FOTS# QuadFit found better minimum quadopt=(dt=36.288,rms=0.60108) vs oldopt=(dt=25.92,rms=0.601207)
#GCMRL#  276 dt  36.288000 rms  0.601  0.087% neg 0  invalid 762 tFOTS 3.0690 tGradient 1.9100 tsec 5.2470
#FOTS# QuadFit found better minimum quadopt=(dt=145.152,rms=0.60008) vs oldopt=(dt=103.68,rms=0.600313)
#GCMRL#  277 dt 145.152000 rms  0.600  0.166% neg 0  invalid 762 tFOTS 3.0870 tGradient 1.8070 tsec 5.1650
#FOTS# QuadFit found better minimum quadopt=(dt=31.104,rms=0.599927) vs oldopt=(dt=25.92,rms=0.599948)
#GCMRL#  278 dt  31.104000 rms  0.600  0.000% neg 0  invalid 762 tFOTS 3.4400 tGradient 1.8380 tsec 5.6040
setting smoothness cost coefficient to 0.118

#GCAMreg# pass 0 level1 3 level2 0 tsec 0 sigma 2
l_jacobian=1.00 l_label=1.00 l_log_likelihood=0.20 l_smoothness=0.12 
tol=5.00e-02, dt=5.00e-02, exp_k=20.0, momentum=0.90, levels=6, niter=500, lbl_dist=10.00, avgs=16, sigma=2.0,type=2, relabel=0, neg=no

blurring input image with Gaussian with sigma=2.000...
GCAMRegisterLevel(): init RMS 0.617579
#FOTS# QuadFit found better minimum quadopt=(dt=11.2,rms=0.614002) vs oldopt=(dt=8,rms=0.614504)
#GCMRL#  280 dt  11.200000 rms  0.614  0.579% neg 0  invalid 762 tFOTS 3.3580 tGradient 1.5470 tsec 5.2140
#GCMRL#  281 dt  32.000000 rms  0.610  0.667% neg 0  invalid 762 tFOTS 3.4380 tGradient 1.3500 tsec 5.0980
#FOTS# QuadFit found better minimum quadopt=(dt=153.6,rms=0.596652) vs oldopt=(dt=128,rms=0.597605)
#GCMRL#  282 dt 153.600000 rms  0.597  2.173% neg 0  invalid 762 tFOTS 3.6980 tGradient 1.4960 tsec 5.4950
#FOTS# QuadFit found better minimum quadopt=(dt=30.0915,rms=0.593021) vs oldopt=(dt=32,rms=0.593063)
#GCMRL#  283 dt  30.091451 rms  0.593  0.609% neg 0  invalid 762 tFOTS 3.2090 tGradient 1.4780 tsec 4.9870
#FOTS# QuadFit found better minimum quadopt=(dt=44.8,rms=0.58954) vs oldopt=(dt=32,rms=0.589762)
#GCMRL#  284 dt  44.800000 rms  0.590  0.587% neg 0  invalid 762 tFOTS 4.0840 tGradient 1.4250 tsec 5.8100
#FOTS# QuadFit found better minimum quadopt=(dt=11.2,rms=0.587938) vs oldopt=(dt=8,rms=0.588296)
#GCMRL#  285 dt  11.200000 rms  0.588  0.272% neg 0  invalid 762 tFOTS 3.8410 tGradient 1.4300 tsec 5.6090
#FOTS# QuadFit found better minimum quadopt=(dt=44.8,rms=0.586089) vs oldopt=(dt=32,rms=0.586288)
#GCMRL#  286 dt  44.800000 rms  0.586  0.314% neg 0  invalid 762 tFOTS 4.1270 tGradient 1.6560 tsec 6.1480
#GCMRL#  287 dt  32.000000 rms  0.584  0.333% neg 0  invalid 762 tFOTS 4.3460 tGradient 1.5540 tsec 6.2550
#FOTS# QuadFit found better minimum quadopt=(dt=25.6,rms=0.583017) vs oldopt=(dt=32,rms=0.583102)
#GCMRL#  288 dt  25.600000 rms  0.583  0.192% neg 0  invalid 762 tFOTS 4.1400 tGradient 1.9880 tsec 6.4820
#FOTS# QuadFit found better minimum quadopt=(dt=59.7073,rms=0.581215) vs oldopt=(dt=32,rms=0.581489)
#GCMRL#  289 dt  59.707317 rms  0.581  0.309% neg 0  invalid 762 tFOTS 4.3810 tGradient 1.4690 tsec 6.1470
#FOTS# QuadFit found better minimum quadopt=(dt=20.024,rms=0.57984) vs oldopt=(dt=32,rms=0.580286)
#GCMRL#  290 dt  20.023952 rms  0.580  0.237% neg 0  invalid 762 tFOTS 3.9910 tGradient 1.5790 tsec 5.8750
#FOTS# QuadFit found better minimum quadopt=(dt=179.2,rms=0.575468) vs oldopt=(dt=128,rms=0.576197)
#GCMRL#  291 dt 179.200000 rms  0.575  0.754% neg 0  invalid 762 tFOTS 3.8610 tGradient 1.4780 tsec 5.6560
#FOTS# QuadFit found better minimum quadopt=(dt=11.2,rms=0.574092) vs oldopt=(dt=8,rms=0.574335)
#GCMRL#  292 dt  11.200000 rms  0.574  0.239% neg 0  invalid 762 tFOTS 3.7470 tGradient 1.3860 tsec 5.4890
#FOTS# QuadFit found better minimum quadopt=(dt=19.2,rms=0.573628) vs oldopt=(dt=32,rms=0.573716)
#GCMRL#  293 dt  19.200000 rms  0.574  0.081% neg 0  invalid 762 tFOTS 4.1910 tGradient 1.8330 tsec 6.3510
#FOTS# QuadFit found better minimum quadopt=(dt=179.2,rms=0.571736) vs oldopt=(dt=128,rms=0.571934)
#GCMRL#  294 dt 179.200000 rms  0.572  0.330% neg 0  invalid 762 tFOTS 4.2750 tGradient 1.3870 tsec 5.9690
#FOTS# QuadFit found better minimum quadopt=(dt=20.8915,rms=0.570187) vs oldopt=(dt=32,rms=0.570741)
#GCMRL#  295 dt  20.891519 rms  0.570  0.271% neg 0  invalid 762 tFOTS 3.3100 tGradient 1.3980 tsec 4.9900
#FOTS# QuadFit found better minimum quadopt=(dt=44.8,rms=0.569009) vs oldopt=(dt=32,rms=0.569139)
#GCMRL#  296 dt  44.800000 rms  0.569  0.207% neg 0  invalid 762 tFOTS 3.5300 tGradient 1.5610 tsec 5.4070
#FOTS# QuadFit found better minimum quadopt=(dt=11.2,rms=0.568734) vs oldopt=(dt=8,rms=0.568767)
#GCMRL#  297 dt  11.200000 rms  0.569  0.000% neg 0  invalid 762 tFOTS 3.9880 tGradient 1.5220 tsec 5.8560
#GCMRL#  298 dt  11.200000 rms  0.569  0.020% neg 0  invalid 762 tFOTS 0.0000 tGradient 1.5430 tsec 1.8640
#GCMRL#  299 dt  11.200000 rms  0.568  0.038% neg 0  invalid 762 tFOTS 0.0000 tGradient 1.4850 tsec 1.7920
#GCMRL#  300 dt  11.200000 rms  0.568  0.050% neg 0  invalid 762 tFOTS 0.0000 tGradient 1.8340 tsec 2.1460
#GCMRL#  301 dt  11.200000 rms  0.568  0.093% neg 0  invalid 762 tFOTS 0.0000 tGradient 1.4880 tsec 1.7630
#GCMRL#  302 dt  11.200000 rms  0.567  0.114% neg 0  invalid 762 tFOTS 0.0000 tGradient 1.5820 tsec 1.8760
#GCMRL#  303 dt  11.200000 rms  0.566  0.113% neg 0  invalid 762 tFOTS 0.0000 tGradient 1.4320 tsec 1.7090
#GCMRL#  304 dt  11.200000 rms  0.566  0.112% neg 0  invalid 762 tFOTS 0.0000 tGradient 1.4700 tsec 1.7620
#GCMRL#  305 dt  11.200000 rms  0.565  0.099% neg 0  invalid 762 tFOTS 0.0000 tGradient 1.4720 tsec 1.7630
#GCMRL#  306 dt  11.200000 rms  0.564  0.111% neg 0  invalid 762 tFOTS 0.0000 tGradient 1.5630 tsec 1.8680
#GCMRL#  307 dt  11.200000 rms  0.564  0.102% neg 0  invalid 762 tFOTS 0.0000 tGradient 1.6380 tsec 1.9200
#GCMRL#  308 dt  11.200000 rms  0.563  0.125% neg 0  invalid 762 tFOTS 0.0000 tGradient 1.4850 tsec 1.7750
#GCMRL#  309 dt  11.200000 rms  0.562  0.136% neg 0  invalid 762 tFOTS 0.0000 tGradient 1.6610 tsec 1.9960
#GCMRL#  310 dt  11.200000 rms  0.562  0.128% neg 0  invalid 762 tFOTS 0.0000 tGradient 1.4830 tsec 1.8330
#GCMRL#  311 dt  11.200000 rms  0.561  0.120% neg 0  invalid 762 tFOTS 0.0000 tGradient 1.5600 tsec 1.8910
#GCMRL#  312 dt  11.200000 rms  0.561 -0.001% neg 0  invalid 762 tFOTS 0.0000 tGradient 1.5280 tsec 2.2580
#FOTS# QuadFit found better minimum quadopt=(dt=38.4,rms=0.561006) vs oldopt=(dt=32,rms=0.561009)
#GCMRL#  313 dt  38.400000 rms  0.561  0.012% neg 0  invalid 762 tFOTS 3.9640 tGradient 1.5050 tsec 5.8040
#GCMRL#  314 dt   8.000000 rms  0.561  0.017% neg 0  invalid 762 tFOTS 3.8950 tGradient 1.4260 tsec 5.6590
#FOTS# QuadFit found better minimum quadopt=(dt=0.7,rms=0.560909) vs oldopt=(dt=0.5,rms=0.560911)

#GCAMreg# pass 0 level1 3 level2 1 tsec 156.572 sigma 0.5
l_jacobian=1.00 l_label=1.00 l_log_likelihood=0.20 l_smoothness=0.12 
tol=5.00e-02, dt=5.00e-02, exp_k=20.0, momentum=0.90, levels=6, niter=500, lbl_dist=10.00, avgs=16, sigma=0.5,type=2, relabel=0, neg=no

blurring input image with Gaussian with sigma=0.500...
GCAMRegisterLevel(): init RMS 0.562122
#FOTS# QuadFit found better minimum quadopt=(dt=0.7,rms=0.560849) vs oldopt=(dt=0.5,rms=0.560868)
#GCMRL#  316 dt   0.700000 rms  0.561  0.226% neg 0  invalid 762 tFOTS 3.9560 tGradient 1.6100 tsec 5.9620
#FOTS# QuadFit found better minimum quadopt=(dt=0.7,rms=0.560788) vs oldopt=(dt=0.5,rms=0.560806)
#GCMRL#  317 dt   0.700000 rms  0.561  0.000% neg 0  invalid 762 tFOTS 3.9960 tGradient 2.0560 tsec 6.4510
#GCMRL#  318 dt   0.700000 rms  0.561  0.008% neg 0  invalid 762 tFOTS 0.0000 tGradient 1.6030 tsec 1.8950
#GCMRL#  319 dt   0.700000 rms  0.561  0.010% neg 0  invalid 762 tFOTS 0.0000 tGradient 1.4720 tsec 1.9700
#GCMRL#  320 dt   0.700000 rms  0.561  0.021% neg 0  invalid 762 tFOTS 0.0000 tGradient 1.4150 tsec 1.7160
#GCMRL#  321 dt   0.700000 rms  0.560  0.028% neg 0  invalid 762 tFOTS 0.0000 tGradient 1.4400 tsec 1.7440
#GCMRL#  322 dt   0.700000 rms  0.560  0.031% neg 0  invalid 762 tFOTS 0.0000 tGradient 1.6180 tsec 1.9190
#GCMRL#  323 dt   0.700000 rms  0.560  0.030% neg 0  invalid 762 tFOTS 0.0000 tGradient 1.4470 tsec 1.7680
#GCMRL#  324 dt   0.700000 rms  0.560  0.033% neg 0  invalid 762 tFOTS 0.0000 tGradient 1.4410 tsec 1.7470
#GCMRL#  325 dt   0.087500 rms  0.560 -0.001% neg 0  invalid 762 tFOTS 0.0000 tGradient 1.5160 tsec 2.8470
#FOTS# QuadFit found better minimum quadopt=(dt=0.15,rms=0.559886) vs oldopt=(dt=0.125,rms=0.559888)
#GCMRL#  326 dt   0.150000 rms  0.560  0.001% neg 0  invalid 762 tFOTS 3.1670 tGradient 1.5680 tsec 5.0890
#FOTS# QuadFit found better minimum quadopt=(dt=0.0109375,rms=0.559891) vs oldopt=(dt=0.0078125,rms=0.559891)
setting smoothness cost coefficient to 0.400

#GCAMreg# pass 0 level1 2 level2 0 tsec 0 sigma 2
l_jacobian=1.00 l_label=1.00 l_log_likelihood=0.20 l_smoothness=0.40 
tol=5.00e-02, dt=5.00e-02, exp_k=20.0, momentum=0.90, levels=6, niter=500, lbl_dist=10.00, avgs=4, sigma=2.0,type=2, relabel=0, neg=no

blurring input image with Gaussian with sigma=2.000...
GCAMRegisterLevel(): init RMS 0.599732
#GCMRL#  328 dt   0.000000 rms  0.599  0.178% neg 0  invalid 762 tFOTS 3.9790 tGradient 1.3410 tsec 5.6710
#GCMRL#  329 dt   0.150000 rms  0.599  0.000% neg 0  invalid 762 tFOTS 3.6990 tGradient 1.3900 tsec 5.6980

#GCAMreg# pass 0 level1 2 level2 1 tsec 22.302 sigma 0.5
l_jacobian=1.00 l_label=1.00 l_log_likelihood=0.20 l_smoothness=0.40 
tol=5.00e-02, dt=5.00e-02, exp_k=20.0, momentum=0.90, levels=6, niter=500, lbl_dist=10.00, avgs=4, sigma=0.5,type=2, relabel=0, neg=no

blurring input image with Gaussian with sigma=0.500...
GCAMRegisterLevel(): init RMS 0.599732
#FOTS# QuadFit found better minimum quadopt=(dt=1.42857,rms=0.598444) vs oldopt=(dt=0.72,rms=0.598508)
#GCMRL#  331 dt   1.428571 rms  0.598  0.215% neg 0  invalid 762 tFOTS 4.4200 tGradient 1.7440 tsec 6.5630
#FOTS# QuadFit found better minimum quadopt=(dt=0.864,rms=0.59838) vs oldopt=(dt=0.72,rms=0.598382)
#GCMRL#  332 dt   0.864000 rms  0.598  0.000% neg 0  invalid 762 tFOTS 4.4780 tGradient 1.8150 tsec 6.8000
setting smoothness cost coefficient to 1.000

#GCAMreg# pass 0 level1 1 level2 0 tsec 0 sigma 2
l_jacobian=1.00 l_label=1.00 l_log_likelihood=0.20 l_smoothness=1.00 
tol=5.00e-02, dt=5.00e-02, exp_k=20.0, momentum=0.90, levels=6, niter=500, lbl_dist=10.00, avgs=1, sigma=2.0,type=2, relabel=0, neg=no

blurring input image with Gaussian with sigma=2.000...
GCAMRegisterLevel(): init RMS 0.669692
#FOTS# QuadFit found better minimum quadopt=(dt=2.37245,rms=0.659259) vs oldopt=(dt=1.28,rms=0.661616)
#GCMRL#  334 dt   2.372449 rms  0.659  1.558% neg 0  invalid 762 tFOTS 4.0940 tGradient 1.6230 tsec 6.0410
#FOTS# QuadFit found better minimum quadopt=(dt=1.792,rms=0.657334) vs oldopt=(dt=1.28,rms=0.657573)
#GCMRL#  335 dt   1.792000 rms  0.657  0.292% neg 0  invalid 762 tFOTS 4.2840 tGradient 1.6010 tsec 6.2660
#GCMRL#  336 dt   1.280000 rms  0.657  0.067% neg 0  invalid 762 tFOTS 4.0700 tGradient 1.4220 tsec 5.8250
#FOTS# QuadFit found better minimum quadopt=(dt=1.024,rms=0.656745) vs oldopt=(dt=1.28,rms=0.656745)
#GCMRL#  337 dt   1.024000 rms  0.657  0.000% neg 0  invalid 762 tFOTS 3.8870 tGradient 1.2950 tsec 5.5700
#GCMRL#  338 dt   1.024000 rms  0.657  0.015% neg 0  invalid 762 tFOTS 0.0000 tGradient 1.3590 tsec 1.6730

#GCAMreg# pass 0 level1 1 level2 1 tsec 35.803 sigma 0.5
l_jacobian=1.00 l_label=1.00 l_log_likelihood=0.20 l_smoothness=1.00 
tol=5.00e-02, dt=5.00e-02, exp_k=20.0, momentum=0.90, levels=6, niter=500, lbl_dist=10.00, avgs=1, sigma=0.5,type=2, relabel=0, neg=no

blurring input image with Gaussian with sigma=0.500...
GCAMRegisterLevel(): init RMS 0.657575
#FOTS# QuadFit found better minimum quadopt=(dt=3.06061,rms=0.652911) vs oldopt=(dt=1.28,rms=0.654654)
#GCMRL#  340 dt   3.060606 rms  0.653  0.709% neg 0  invalid 762 tFOTS 4.2270 tGradient 1.4400 tsec 6.0330
#FOTS# QuadFit found better minimum quadopt=(dt=1.792,rms=0.652038) vs oldopt=(dt=1.28,rms=0.652256)
#GCMRL#  341 dt   1.792000 rms  0.652  0.134% neg 0  invalid 762 tFOTS 4.3980 tGradient 1.5390 tsec 6.3620
#FOTS# QuadFit found better minimum quadopt=(dt=1.792,rms=0.651301) vs oldopt=(dt=1.28,rms=0.651483)
#GCMRL#  342 dt   1.792000 rms  0.651  0.113% neg 0  invalid 762 tFOTS 4.2070 tGradient 1.6630 tsec 6.3860
#FOTS# QuadFit found better minimum quadopt=(dt=1.792,rms=0.650768) vs oldopt=(dt=1.28,rms=0.650905)
#GCMRL#  343 dt   1.792000 rms  0.651  0.082% neg 0  invalid 762 tFOTS 3.8190 tGradient 1.4100 tsec 5.5690
#FOTS# QuadFit found better minimum quadopt=(dt=1.792,rms=0.650324) vs oldopt=(dt=1.28,rms=0.650445)
#GCMRL#  344 dt   1.792000 rms  0.650  0.068% neg 0  invalid 762 tFOTS 3.8760 tGradient 1.3700 tsec 5.5730
#FOTS# QuadFit found better minimum quadopt=(dt=1.792,rms=0.649919) vs oldopt=(dt=1.28,rms=0.650026)
#GCMRL#  345 dt   1.792000 rms  0.650  0.062% neg 0  invalid 762 tFOTS 3.9670 tGradient 1.2910 tsec 5.5850
#FOTS# QuadFit found better minimum quadopt=(dt=1.792,rms=0.649619) vs oldopt=(dt=1.28,rms=0.649703)
#GCMRL#  346 dt   1.792000 rms  0.650  0.000% neg 0  invalid 762 tFOTS 4.0230 tGradient 1.2310 tsec 5.6010
#GCMRL#  347 dt   1.792000 rms  0.649  0.044% neg 0  invalid 762 tFOTS 0.0000 tGradient 1.4770 tsec 1.7640
#GCMRL#  348 dt   1.792000 rms  0.649  0.076% neg 0  invalid 762 tFOTS 0.0000 tGradient 1.3210 tsec 1.6200
#GCMRL#  349 dt   1.792000 rms  0.648  0.057% neg 0  invalid 762 tFOTS 0.0000 tGradient 1.3650 tsec 1.6710
#GCMRL#  350 dt   1.792000 rms  0.648 -0.009% neg 0  invalid 762 tFOTS 0.0000 tGradient 1.3590 tsec 2.0020
#FOTS# QuadFit found better minimum quadopt=(dt=1.792,rms=0.64839) vs oldopt=(dt=1.28,rms=0.648411)
#GCMRL#  351 dt   1.792000 rms  0.648  0.011% neg 0  invalid 762 tFOTS 4.2030 tGradient 1.3780 tsec 5.9460
#FOTS# QuadFit found better minimum quadopt=(dt=1.792,rms=0.648253) vs oldopt=(dt=1.28,rms=0.648295)
#GCMRL#  352 dt   1.792000 rms  0.648  0.021% neg 0  invalid 762 tFOTS 4.1520 tGradient 1.4560 tsec 5.9810
#FOTS# QuadFit found better minimum quadopt=(dt=1.792,rms=0.64812) vs oldopt=(dt=1.28,rms=0.648165)
resetting metric properties...
setting smoothness cost coefficient to 2.000

#GCAMreg# pass 0 level1 0 level2 0 tsec 0 sigma 2
l_jacobian=1.00 l_label=1.00 l_log_likelihood=0.20 l_smoothness=2.00 
tol=5.00e-02, dt=5.00e-02, exp_k=20.0, momentum=0.90, levels=6, niter=500, lbl_dist=10.00, avgs=0, sigma=2.0,type=2, relabel=0, neg=no

blurring input image with Gaussian with sigma=2.000...
GCAMRegisterLevel(): init RMS 0.617337
#FOTS# QuadFit found better minimum quadopt=(dt=0.448,rms=0.598986) vs oldopt=(dt=0.32,rms=0.603776)
#GCMRL#  354 dt   0.448000 rms  0.599  2.973% neg 0  invalid 762 tFOTS 4.4950 tGradient 0.9500 tsec 5.8090
#FOTS# QuadFit found better minimum quadopt=(dt=0.448,rms=0.592584) vs oldopt=(dt=0.32,rms=0.59438)
#GCMRL#  355 dt   0.448000 rms  0.593  1.069% neg 0  invalid 762 tFOTS 4.4440 tGradient 0.8670 tsec 5.6770
#FOTS# QuadFit found better minimum quadopt=(dt=0.448,rms=0.588767) vs oldopt=(dt=0.32,rms=0.589844)
#GCMRL#  356 dt   0.448000 rms  0.589  0.644% neg 0  invalid 762 tFOTS 3.8640 tGradient 0.8630 tsec 5.1450
#FOTS# QuadFit found better minimum quadopt=(dt=0.448,rms=0.58628) vs oldopt=(dt=0.32,rms=0.586981)
#GCMRL#  357 dt   0.448000 rms  0.586  0.422% neg 0  invalid 762 tFOTS 3.8510 tGradient 0.8000 tsec 5.0020
#FOTS# QuadFit found better minimum quadopt=(dt=0.448,rms=0.584404) vs oldopt=(dt=0.32,rms=0.584922)
#GCMRL#  358 dt   0.448000 rms  0.584  0.320% neg 0  invalid 762 tFOTS 4.3080 tGradient 0.7030 tsec 5.3950
#GCMRL#  359 dt   0.320000 rms  0.583  0.179% neg 0  invalid 762 tFOTS 4.1640 tGradient 0.8710 tsec 5.4220
#FOTS# QuadFit found better minimum quadopt=(dt=0.384,rms=0.582205) vs oldopt=(dt=0.32,rms=0.582392)
#GCMRL#  360 dt   0.384000 rms  0.582  0.197% neg 0  invalid 762 tFOTS 3.8570 tGradient 0.8130 tsec 5.0620
#FOTS# QuadFit found better minimum quadopt=(dt=0.384,rms=0.581288) vs oldopt=(dt=0.32,rms=0.581435)
#GCMRL#  361 dt   0.384000 rms  0.581  0.157% neg 0  invalid 762 tFOTS 3.7290 tGradient 0.7410 tsec 4.8310
#FOTS# QuadFit found better minimum quadopt=(dt=0.384,rms=0.580425) vs oldopt=(dt=0.32,rms=0.580562)
#GCMRL#  362 dt   0.384000 rms  0.580  0.148% neg 0  invalid 762 tFOTS 4.1460 tGradient 0.7590 tsec 5.2310
#FOTS# QuadFit found better minimum quadopt=(dt=0.388889,rms=0.579748) vs oldopt=(dt=0.32,rms=0.579864)
#GCMRL#  363 dt   0.388889 rms  0.580  0.117% neg 0  invalid 762 tFOTS 3.9150 tGradient 0.7790 tsec 5.0320
#FOTS# QuadFit found better minimum quadopt=(dt=0.112,rms=0.579539) vs oldopt=(dt=0.08,rms=0.579597)
#GCMRL#  364 dt   0.112000 rms  0.580  0.000% neg 0  invalid 762 tFOTS 3.9410 tGradient 0.7520 tsec 5.1210
#GCMRL#  365 dt   0.112000 rms  0.579  0.035% neg 0  invalid 762 tFOTS 0.0000 tGradient 0.8850 tsec 1.2750
#GCMRL#  366 dt   0.112000 rms  0.579  0.063% neg 0  invalid 762 tFOTS 0.0000 tGradient 0.9320 tsec 1.3330
#GCMRL#  367 dt   0.112000 rms  0.578  0.082% neg 0  invalid 762 tFOTS 0.0000 tGradient 0.8870 tsec 1.2350
#GCMRL#  368 dt   0.112000 rms  0.578  0.093% neg 0  invalid 762 tFOTS 0.0000 tGradient 0.7070 tsec 1.0290
#GCMRL#  369 dt   0.112000 rms  0.577  0.110% neg 0  invalid 762 tFOTS 0.0000 tGradient 0.7190 tsec 1.0490
#GCMRL#  370 dt   0.112000 rms  0.577  0.116% neg 0  invalid 762 tFOTS 0.0000 tGradient 0.8000 tsec 1.1640
#GCMRL#  371 dt   0.112000 rms  0.576  0.122% neg 0  invalid 762 tFOTS 0.0000 tGradient 0.8280 tsec 1.2090
#GCMRL#  372 dt   0.112000 rms  0.575  0.119% neg 0  invalid 762 tFOTS 0.0000 tGradient 0.9460 tsec 1.3280
#GCMRL#  373 dt   0.112000 rms  0.575  0.116% neg 0  invalid 762 tFOTS 0.0000 tGradient 1.0910 tsec 1.4980
#GCMRL#  374 dt   0.112000 rms  0.574  0.107% neg 0  invalid 762 tFOTS 0.0000 tGradient 0.8710 tsec 1.2700
#GCMRL#  375 dt   0.112000 rms  0.573  0.104% neg 0  invalid 762 tFOTS 0.0000 tGradient 0.8430 tsec 1.2130
#GCMRL#  376 dt   0.112000 rms  0.573  0.087% neg 0  invalid 762 tFOTS 0.0000 tGradient 0.8870 tsec 1.3310
#GCMRL#  377 dt   0.112000 rms  0.572  0.081% neg 0  invalid 762 tFOTS 0.0000 tGradient 0.9000 tsec 1.2880
#GCMRL#  378 dt   0.112000 rms  0.572  0.073% neg 0  invalid 762 tFOTS 0.0000 tGradient 0.8510 tsec 1.2080
#GCMRL#  379 dt   0.112000 rms  0.572  0.063% neg 0  invalid 762 tFOTS 0.0000 tGradient 0.8200 tsec 1.1750
#GCMRL#  380 dt   0.112000 rms  0.571  0.051% neg 0  invalid 762 tFOTS 0.0000 tGradient 0.8080 tsec 1.1740
#GCMRL#  381 dt   0.112000 rms  0.571  0.041% neg 0  invalid 762 tFOTS 0.0000 tGradient 0.8140 tsec 1.2050
#GCMRL#  382 dt   0.112000 rms  0.571  0.042% neg 0  invalid 762 tFOTS 0.0000 tGradient 0.7790 tsec 1.1470
#GCMRL#  383 dt   0.112000 rms  0.571  0.025% neg 0  invalid 762 tFOTS 0.0000 tGradient 0.8130 tsec 1.1750
#GCMRL#  384 dt   0.112000 rms  0.571  0.025% neg 0  invalid 762 tFOTS 0.0000 tGradient 0.7900 tsec 1.1210
#GCMRL#  385 dt   0.112000 rms  0.570  0.020% neg 0  invalid 762 tFOTS 0.0000 tGradient 0.7180 tsec 1.0570
#FOTS# QuadFit found better minimum quadopt=(dt=0,rms=0.570457) vs oldopt=(dt=0,rms=0.570457)
#GCMRL#  386 dt   0.050000 rms  0.570  0.000% neg 0  invalid 762 tFOTS 3.4960 tGradient 0.7860 tsec 4.6620

#GCAMreg# pass 0 level1 0 level2 1 tsec 97.559 sigma 0.5
l_jacobian=1.00 l_label=1.00 l_log_likelihood=0.20 l_smoothness=2.00 
tol=5.00e-02, dt=5.00e-02, exp_k=20.0, momentum=0.90, levels=6, niter=500, lbl_dist=10.00, avgs=0, sigma=0.5,type=2, relabel=0, neg=no

blurring input image with Gaussian with sigma=0.500...
GCAMRegisterLevel(): init RMS 0.571481
#GCMRL#  388 dt   0.320000 rms  0.566  0.890% neg 0  invalid 762 tFOTS 4.2580 tGradient 0.9610 tsec 5.5410
#FOTS# QuadFit found better minimum quadopt=(dt=0.384,rms=0.564467) vs oldopt=(dt=0.32,rms=0.564774)
#GCMRL#  389 dt   0.384000 rms  0.564  0.341% neg 0  invalid 762 tFOTS 3.7630 tGradient 0.8680 tsec 4.9560
#FOTS# QuadFit found better minimum quadopt=(dt=0.384,rms=0.56391) vs oldopt=(dt=0.32,rms=0.563996)
#GCMRL#  390 dt   0.384000 rms  0.564  0.099% neg 0  invalid 762 tFOTS 3.9770 tGradient 0.8650 tsec 5.1980
#FOTS# QuadFit found better minimum quadopt=(dt=0.384,rms=0.563751) vs oldopt=(dt=0.32,rms=0.563771)
#GCMRL#  391 dt   0.384000 rms  0.564  0.000% neg 0  invalid 762 tFOTS 3.9800 tGradient 0.7490 tsec 5.1360
#GCMRL#  392 dt   0.384000 rms  0.564  0.005% neg 0  invalid 762 tFOTS 0.0000 tGradient 0.8510 tsec 1.2240
GCAMregister done in 19.0512 min
********************* ALLOWING NEGATIVE NODES IN DEFORMATION********************************
noneg post
Starting GCAMregister()
label assignment complete, 0 changed (0.00%)
npasses = 1, nlevels = 6
#pass# 1 of 1 ************************
enabling zero nodes
setting smoothness cost coefficient to 0.008

#GCAMreg# pass 0 level1 5 level2 0 tsec 0 sigma 2
l_jacobian=1.00 l_label=1.00 l_log_likelihood=0.20 l_smoothness=0.01 
tol=2.50e-01, dt=5.00e-02, exp_k=20.0, momentum=0.90, levels=6, niter=500, lbl_dist=10.00, avgs=256, sigma=2.0,type=2, relabel=0, neg=yes

blurring input image with Gaussian with sigma=2.000...
GCAMRegisterLevel(): init RMS 0.560192
#FOTS# QuadFit found better minimum quadopt=(dt=55.488,rms=0.558892) vs oldopt=(dt=92.48,rms=0.558963)
#GCMRL#  394 dt  55.488000 rms  0.559  0.232% neg 0  invalid 762 tFOTS 4.4460 tGradient 2.3100 tsec 7.0150
#FOTS# QuadFit found better minimum quadopt=(dt=32.368,rms=0.55886) vs oldopt=(dt=23.12,rms=0.558867)
#GCMRL#  395 dt  32.368000 rms  0.559  0.000% neg 0  invalid 762 tFOTS 5.1600 tGradient 2.3060 tsec 7.8450
#GCMRL#  396 dt  32.368000 rms  0.559  0.002% neg 0  invalid 762 tFOTS 0.0000 tGradient 2.8390 tsec 3.1660
iter 0, gcam->neg = 1
after 2 iterations, nbhd size=0, neg = 0

#GCAMreg# pass 0 level1 5 level2 1 tsec 30.299 sigma 0.5
l_jacobian=1.00 l_label=1.00 l_log_likelihood=0.20 l_smoothness=0.01 
tol=2.50e-01, dt=5.00e-02, exp_k=20.0, momentum=0.90, levels=6, niter=500, lbl_dist=10.00, avgs=256, sigma=0.5,type=2, relabel=0, neg=yes

blurring input image with Gaussian with sigma=0.500...
GCAMRegisterLevel(): init RMS 0.559879
#GCMRL#  398 dt  92.480000 rms  0.558  0.263% neg 0  invalid 762 tFOTS 4.4800 tGradient 2.5220 tsec 7.3650
#FOTS# QuadFit found better minimum quadopt=(dt=129.472,rms=0.557861) vs oldopt=(dt=92.48,rms=0.55793)
#GCMRL#  399 dt 129.472000 rms  0.558  0.000% neg 0  invalid 762 tFOTS 4.9830 tGradient 2.5060 tsec 7.8620
setting smoothness cost coefficient to 0.031

#GCAMreg# pass 0 level1 4 level2 0 tsec 0 sigma 2
l_jacobian=1.00 l_label=1.00 l_log_likelihood=0.20 l_smoothness=0.03 
tol=2.50e-01, dt=5.00e-02, exp_k=20.0, momentum=0.90, levels=6, niter=500, lbl_dist=10.00, avgs=64, sigma=2.0,type=2, relabel=0, neg=yes

blurring input image with Gaussian with sigma=2.000...
GCAMRegisterLevel(): init RMS 0.559018
#FOTS# QuadFit found better minimum quadopt=(dt=74.6028,rms=0.554747) vs oldopt=(dt=103.68,rms=0.555161)
#GCMRL#  401 dt  74.602794 rms  0.555  0.764% neg 0  invalid 762 tFOTS 5.3140 tGradient 2.0580 tsec 7.7380
#FOTS# QuadFit found better minimum quadopt=(dt=36.288,rms=0.55373) vs oldopt=(dt=25.92,rms=0.553837)
iter 0, gcam->neg = 1
after 2 iterations, nbhd size=0, neg = 0
#GCMRL#  402 dt  36.288000 rms  0.554  0.000% neg 0  invalid 762 tFOTS 5.3610 tGradient 1.9220 tsec 8.9550
#GCMRL#  403 dt  36.288000 rms  0.553  0.143% neg 0  invalid 762 tFOTS 0.0000 tGradient 1.9150 tsec 2.2630
iter 0, gcam->neg = 1
after 6 iterations, nbhd size=1, neg = 0
#GCMRL#  404 dt  36.288000 rms  0.552  0.134% neg 0  invalid 762 tFOTS 0.0000 tGradient 2.6160 tsec 5.3300
#GCMRL#  405 dt  36.288000 rms  0.552  0.035% neg 0  invalid 762 tFOTS 0.0000 tGradient 2.2140 tsec 2.5990
iter 0, gcam->neg = 1
after 0 iterations, nbhd size=0, neg = 0
#GCMRL#  406 dt  36.288000 rms  0.552 -0.112% neg 0  invalid 762 tFOTS 0.0000 tGradient 2.2250 tsec 3.3250
#FOTS# QuadFit found better minimum quadopt=(dt=145.152,rms=0.55139) vs oldopt=(dt=103.68,rms=0.551447)
#GCMRL#  407 dt 145.152000 rms  0.551  0.112% neg 0  invalid 762 tFOTS 5.5270 tGradient 2.2660 tsec 8.1700
#FOTS# QuadFit found better minimum quadopt=(dt=36.288,rms=0.551145) vs oldopt=(dt=25.92,rms=0.551185)

#GCAMreg# pass 0 level1 4 level2 1 tsec 54.265 sigma 0.5
l_jacobian=1.00 l_label=1.00 l_log_likelihood=0.20 l_smoothness=0.03 
tol=2.50e-01, dt=5.00e-02, exp_k=20.0, momentum=0.90, levels=6, niter=500, lbl_dist=10.00, avgs=64, sigma=0.5,type=2, relabel=0, neg=yes

blurring input image with Gaussian with sigma=0.500...
GCAMRegisterLevel(): init RMS 0.552174
#FOTS# QuadFit found better minimum quadopt=(dt=76,rms=0.548986) vs oldopt=(dt=25.92,rms=0.549466)
#GCMRL#  409 dt  76.000000 rms  0.549  0.577% neg 0  invalid 762 tFOTS 4.8600 tGradient 2.1220 tsec 7.3320
#FOTS# QuadFit found better minimum quadopt=(dt=36.288,rms=0.54735) vs oldopt=(dt=25.92,rms=0.547447)
#GCMRL#  410 dt  36.288000 rms  0.547  0.298% neg 0  invalid 762 tFOTS 5.0120 tGradient 1.8800 tsec 7.2310
#FOTS# QuadFit found better minimum quadopt=(dt=36.288,rms=0.546571) vs oldopt=(dt=25.92,rms=0.546716)
#GCMRL#  411 dt  36.288000 rms  0.547  0.000% neg 0  invalid 762 tFOTS 4.5480 tGradient 2.1610 tsec 7.0400
#GCMRL#  412 dt  36.288000 rms  0.546  0.090% neg 0  invalid 762 tFOTS 0.0000 tGradient 1.9790 tsec 2.2760
#GCMRL#  413 dt  36.288000 rms  0.545  0.152% neg 0  invalid 762 tFOTS 0.0000 tGradient 1.9740 tsec 2.2600
#GCMRL#  414 dt  36.288000 rms  0.544  0.180% neg 0  invalid 762 tFOTS 0.0000 tGradient 1.9760 tsec 2.2640
#GCMRL#  415 dt  36.288000 rms  0.543  0.157% neg 0  invalid 762 tFOTS 0.0000 tGradient 2.0420 tsec 2.3330
#GCMRL#  416 dt  36.288000 rms  0.543  0.148% neg 0  invalid 762 tFOTS 0.0000 tGradient 2.0120 tsec 2.3250
#GCMRL#  417 dt  36.288000 rms  0.542  0.131% neg 0  invalid 762 tFOTS 0.0000 tGradient 2.1940 tsec 2.4810
#GCMRL#  418 dt  36.288000 rms  0.541  0.131% neg 0  invalid 762 tFOTS 0.0000 tGradient 1.9990 tsec 2.2830
#GCMRL#  419 dt  36.288000 rms  0.541  0.111% neg 0  invalid 762 tFOTS 0.0000 tGradient 1.8610 tsec 2.1430
iter 0, gcam->neg = 1
after 0 iterations, nbhd size=0, neg = 0
#GCMRL#  420 dt  36.288000 rms  0.540  0.105% neg 0  invalid 762 tFOTS 0.0000 tGradient 2.0070 tsec 2.8800
#GCMRL#  421 dt 103.680000 rms  0.540  0.000% neg 0  invalid 762 tFOTS 4.4380 tGradient 2.0180 tsec 6.8210
iter 0, gcam->neg = 2
after 7 iterations, nbhd size=1, neg = 0
setting smoothness cost coefficient to 0.118

#GCAMreg# pass 0 level1 3 level2 0 tsec 0 sigma 2
l_jacobian=1.00 l_label=1.00 l_log_likelihood=0.20 l_smoothness=0.12 
tol=2.50e-01, dt=5.00e-02, exp_k=20.0, momentum=0.90, levels=6, niter=500, lbl_dist=10.00, avgs=16, sigma=2.0,type=2, relabel=0, neg=yes

blurring input image with Gaussian with sigma=2.000...
GCAMRegisterLevel(): init RMS 0.5422
#FOTS# QuadFit found better minimum quadopt=(dt=31.488,rms=0.536892) vs oldopt=(dt=32,rms=0.5369)
iter 0, gcam->neg = 4
after 8 iterations, nbhd size=1, neg = 0
#GCMRL#  423 dt  31.488000 rms  0.537  0.973% neg 0  invalid 762 tFOTS 5.3990 tGradient 1.7070 tsec 10.2450
#FOTS# QuadFit found better minimum quadopt=(dt=38.4,rms=0.531937) vs oldopt=(dt=32,rms=0.532029)
iter 0, gcam->neg = 5
after 8 iterations, nbhd size=1, neg = 0
#GCMRL#  424 dt  38.400000 rms  0.532  0.925% neg 0  invalid 762 tFOTS 4.5550 tGradient 1.6370 tsec 9.3270
#FOTS# QuadFit found better minimum quadopt=(dt=21.913,rms=0.530324) vs oldopt=(dt=8,rms=0.530676)
iter 0, gcam->neg = 5
after 0 iterations, nbhd size=0, neg = 0
#GCMRL#  425 dt  21.913043 rms  0.530  0.306% neg 0  invalid 762 tFOTS 4.8030 tGradient 1.8130 tsec 7.4810
#FOTS# QuadFit found better minimum quadopt=(dt=53.7212,rms=0.527031) vs oldopt=(dt=32,rms=0.527451)
iter 0, gcam->neg = 15
after 9 iterations, nbhd size=1, neg = 0
#GCMRL#  426 dt  53.721212 rms  0.527  0.612% neg 0  invalid 762 tFOTS 4.5810 tGradient 1.6700 tsec 9.5490
#FOTS# QuadFit found better minimum quadopt=(dt=11.2,rms=0.525875) vs oldopt=(dt=8,rms=0.526104)
iter 0, gcam->neg = 3
after 7 iterations, nbhd size=1, neg = 0
#GCMRL#  427 dt  11.200000 rms  0.526  0.000% neg 0  invalid 762 tFOTS 4.6910 tGradient 1.4960 tsec 8.9340
#GCMRL#  428 dt  11.200000 rms  0.525  0.108% neg 0  invalid 762 tFOTS 0.0000 tGradient 1.7110 tsec 2.0080
iter 0, gcam->neg = 2
after 8 iterations, nbhd size=1, neg = 0
#GCMRL#  429 dt  11.200000 rms  0.525  0.076% neg 0  invalid 762 tFOTS 0.0000 tGradient 1.6290 tsec 4.6590
iter 0, gcam->neg = 9
after 8 iterations, nbhd size=1, neg = 0
#GCMRL#  430 dt  11.200000 rms  0.524  0.216% neg 0  invalid 762 tFOTS 0.0000 tGradient 1.6540 tsec 5.3160
iter 0, gcam->neg = 7
after 8 iterations, nbhd size=1, neg = 0
#GCMRL#  431 dt  11.200000 rms  0.522  0.257% neg 0  invalid 762 tFOTS 0.0000 tGradient 1.8540 tsec 5.3340
iter 0, gcam->neg = 7
after 4 iterations, nbhd size=0, neg = 0
#GCMRL#  432 dt  11.200000 rms  0.521  0.257% neg 0  invalid 762 tFOTS 0.0000 tGradient 1.5830 tsec 3.7830
iter 0, gcam->neg = 19
after 10 iterations, nbhd size=1, neg = 0
#GCMRL#  433 dt  11.200000 rms  0.520  0.245% neg 0  invalid 762 tFOTS 0.0000 tGradient 1.6860 tsec 5.6640
iter 0, gcam->neg = 16
after 2 iterations, nbhd size=0, neg = 0
#GCMRL#  434 dt  11.200000 rms  0.519  0.247% neg 0  invalid 762 tFOTS 0.0000 tGradient 1.7120 tsec 3.2240
iter 0, gcam->neg = 16
after 9 iterations, nbhd size=1, neg = 0
#GCMRL#  435 dt  11.200000 rms  0.518  0.161% neg 0  invalid 762 tFOTS 0.0000 tGradient 1.6750 tsec 4.7470
iter 0, gcam->neg = 22
after 11 iterations, nbhd size=1, neg = 0
#GCMRL#  436 dt  11.200000 rms  0.517  0.188% neg 0  invalid 762 tFOTS 0.0000 tGradient 1.6660 tsec 5.3690
iter 0, gcam->neg = 31
after 15 iterations, nbhd size=1, neg = 0
#GCMRL#  437 dt  11.200000 rms  0.516  0.226% neg 0  invalid 762 tFOTS 0.0000 tGradient 1.6790 tsec 6.4160
iter 0, gcam->neg = 26
after 13 iterations, nbhd size=1, neg = 0
#GCMRL#  438 dt  11.200000 rms  0.515  0.173% neg 0  invalid 762 tFOTS 0.0000 tGradient 1.8630 tsec 6.0780
iter 0, gcam->neg = 25
after 12 iterations, nbhd size=1, neg = 0
#GCMRL#  439 dt  11.200000 rms  0.514  0.168% neg 0  invalid 762 tFOTS 0.0000 tGradient 1.6520 tsec 5.6020
iter 0, gcam->neg = 19
after 9 iterations, nbhd size=1, neg = 0
#GCMRL#  440 dt  11.200000 rms  0.513  0.135% neg 0  invalid 762 tFOTS 0.0000 tGradient 1.5220 tsec 4.7540
iter 0, gcam->neg = 7
after 3 iterations, nbhd size=0, neg = 0
#GCMRL#  441 dt  11.200000 rms  0.512  0.115% neg 0  invalid 762 tFOTS 0.0000 tGradient 1.4680 tsec 3.1230
iter 0, gcam->neg = 16
after 10 iterations, nbhd size=1, neg = 0
#GCMRL#  442 dt  11.200000 rms  0.512  0.117% neg 0  invalid 762 tFOTS 0.0000 tGradient 1.5850 tsec 5.1380
iter 0, gcam->neg = 14
after 9 iterations, nbhd size=1, neg = 0
#GCMRL#  443 dt  11.200000 rms  0.511  0.121% neg 0  invalid 762 tFOTS 0.0000 tGradient 1.6320 tsec 4.7940
iter 0, gcam->neg = 11
after 9 iterations, nbhd size=1, neg = 0
#GCMRL#  444 dt  11.200000 rms  0.511  0.082% neg 0  invalid 762 tFOTS 0.0000 tGradient 1.4890 tsec 4.7380
#FOTS# QuadFit found better minimum quadopt=(dt=11.2,rms=0.510816) vs oldopt=(dt=8,rms=0.510821)
#GCMRL#  445 dt  11.200000 rms  0.511  0.000% neg 0  invalid 762 tFOTS 4.7990 tGradient 1.4730 tsec 6.6240
iter 0, gcam->neg = 1
after 2 iterations, nbhd size=0, neg = 0
#GCMRL#  446 dt  11.200000 rms  0.511  0.022% neg 0  invalid 762 tFOTS 0.0000 tGradient 1.5020 tsec 3.0180
iter 0, gcam->neg = 3
after 1 iterations, nbhd size=0, neg = 0
#GCMRL#  447 dt  11.200000 rms  0.511  0.030% neg 0  invalid 762 tFOTS 0.0000 tGradient 1.4950 tsec 2.5200
iter 0, gcam->neg = 1
after 0 iterations, nbhd size=0, neg = 0
#GCMRL#  448 dt  11.200000 rms  0.510  0.027% neg 0  invalid 762 tFOTS 0.0000 tGradient 1.4850 tsec 2.2440
iter 0, gcam->neg = 2
after 7 iterations, nbhd size=1, neg = 0
#GCMRL#  449 dt  11.200000 rms  0.510  0.031% neg 0  invalid 762 tFOTS 0.0000 tGradient 1.6560 tsec 4.2080
iter 0, gcam->neg = 6
after 7 iterations, nbhd size=1, neg = 0

#GCAMreg# pass 0 level1 3 level2 1 tsec 157.029 sigma 0.5
l_jacobian=1.00 l_label=1.00 l_log_likelihood=0.20 l_smoothness=0.12 
tol=2.50e-01, dt=5.00e-02, exp_k=20.0, momentum=0.90, levels=6, niter=500, lbl_dist=10.00, avgs=16, sigma=0.5,type=2, relabel=0, neg=yes

blurring input image with Gaussian with sigma=0.500...
GCAMRegisterLevel(): init RMS 0.511277
#FOTS# QuadFit found better minimum quadopt=(dt=38.4,rms=0.506505) vs oldopt=(dt=32,rms=0.506636)
#GCMRL#  451 dt  38.400000 rms  0.507  0.933% neg 0  invalid 762 tFOTS 4.7270 tGradient 1.6960 tsec 6.7900
#FOTS# QuadFit found better minimum quadopt=(dt=23.0091,rms=0.505119) vs oldopt=(dt=32,rms=0.505386)
iter 0, gcam->neg = 2
after 0 iterations, nbhd size=0, neg = 0
#GCMRL#  452 dt  23.009063 rms  0.505  0.274% neg 0  invalid 762 tFOTS 5.2740 tGradient 1.7020 tsec 7.8440
#FOTS# QuadFit found better minimum quadopt=(dt=25.6,rms=0.504152) vs oldopt=(dt=32,rms=0.504266)
#GCMRL#  453 dt  25.600000 rms  0.504  0.000% neg 0  invalid 762 tFOTS 4.9830 tGradient 1.7490 tsec 7.0960
#GCMRL#  454 dt  25.600000 rms  0.504  0.105% neg 0  invalid 762 tFOTS 0.0000 tGradient 1.7090 tsec 1.9970
#GCMRL#  455 dt  25.600000 rms  0.502  0.250% neg 0  invalid 762 tFOTS 0.0000 tGradient 1.6600 tsec 1.9610
#GCMRL#  456 dt  25.600000 rms  0.502  0.161% neg 0  invalid 762 tFOTS 0.0000 tGradient 1.6320 tsec 1.9200
iter 0, gcam->neg = 3
after 0 iterations, nbhd size=0, neg = 0
#GCMRL#  457 dt  25.600000 rms  0.501  0.169% neg 0  invalid 762 tFOTS 0.0000 tGradient 1.6550 tsec 2.4490
iter 0, gcam->neg = 3
after 9 iterations, nbhd size=1, neg = 0
#GCMRL#  458 dt  25.600000 rms  0.500  0.073% neg 0  invalid 762 tFOTS 0.0000 tGradient 1.6850 tsec 5.1990
iter 0, gcam->neg = 5
after 2 iterations, nbhd size=0, neg = 0
#GCMRL#  459 dt  25.600000 rms  0.500  0.042% neg 0  invalid 762 tFOTS 0.0000 tGradient 1.6760 tsec 2.9900
#FOTS# QuadFit found better minimum quadopt=(dt=11.2,rms=0.499654) vs oldopt=(dt=8,rms=0.49974)
#GCMRL#  460 dt  11.200000 rms  0.500  0.096% neg 0  invalid 762 tFOTS 5.8320 tGradient 1.8220 tsec 7.9690
#FOTS# QuadFit found better minimum quadopt=(dt=44.8,rms=0.499008) vs oldopt=(dt=32,rms=0.499095)
#GCMRL#  461 dt  44.800000 rms  0.499  0.129% neg 0  invalid 762 tFOTS 4.4280 tGradient 1.5800 tsec 6.3250
#FOTS# QuadFit found better minimum quadopt=(dt=11.2,rms=0.498808) vs oldopt=(dt=8,rms=0.498834)
#GCMRL#  462 dt  11.200000 rms  0.499  0.000% neg 0  invalid 762 tFOTS 4.8800 tGradient 1.5450 tsec 6.7970
#GCMRL#  463 dt  11.200000 rms  0.499  0.023% neg 0  invalid 762 tFOTS 0.0000 tGradient 1.5190 tsec 1.8310
#GCMRL#  464 dt  11.200000 rms  0.499  0.019% neg 0  invalid 762 tFOTS 0.0000 tGradient 1.5820 tsec 1.8810
#GCMRL#  465 dt  11.200000 rms  0.498  0.040% neg 0  invalid 762 tFOTS 0.0000 tGradient 1.5720 tsec 1.8730
setting smoothness cost coefficient to 0.400

#GCAMreg# pass 0 level1 2 level2 0 tsec 0 sigma 2
l_jacobian=1.00 l_label=1.00 l_log_likelihood=0.20 l_smoothness=0.40 
tol=2.50e-01, dt=5.00e-02, exp_k=20.0, momentum=0.90, levels=6, niter=500, lbl_dist=10.00, avgs=4, sigma=2.0,type=2, relabel=0, neg=yes

blurring input image with Gaussian with sigma=2.000...
GCAMRegisterLevel(): init RMS 0.512526
#FOTS# QuadFit found better minimum quadopt=(dt=0.03125,rms=0.51143) vs oldopt=(dt=0.045,rms=0.51143)
#GCMRL#  467 dt   0.031250 rms  0.511  0.214% neg 0  invalid 762 tFOTS 5.3860 tGradient 1.3560 tsec 7.1400
#GCMRL#  468 dt   0.000703 rms  0.511  0.000% neg 0  invalid 762 tFOTS 5.6960 tGradient 1.7080 tsec 7.7650

#GCAMreg# pass 0 level1 2 level2 1 tsec 25.104 sigma 0.5
l_jacobian=1.00 l_label=1.00 l_log_likelihood=0.20 l_smoothness=0.40 
tol=2.50e-01, dt=5.00e-02, exp_k=20.0, momentum=0.90, levels=6, niter=500, lbl_dist=10.00, avgs=4, sigma=0.5,type=2, relabel=0, neg=yes

blurring input image with Gaussian with sigma=0.500...
GCAMRegisterLevel(): init RMS 0.512526
#FOTS# QuadFit found better minimum quadopt=(dt=1.33333,rms=0.511379) vs oldopt=(dt=0.72,rms=0.511387)
#GCMRL#  470 dt   1.333333 rms  0.511  0.224% neg 0  invalid 762 tFOTS 5.2390 tGradient 1.5160 tsec 7.1280
#FOTS# QuadFit found better minimum quadopt=(dt=0.252,rms=0.511394) vs oldopt=(dt=0.18,rms=0.511394)
setting smoothness cost coefficient to 1.000

#GCAMreg# pass 0 level1 1 level2 0 tsec 0 sigma 2
l_jacobian=1.00 l_label=1.00 l_log_likelihood=0.20 l_smoothness=1.00 
tol=2.50e-01, dt=5.00e-02, exp_k=20.0, momentum=0.90, levels=6, niter=500, lbl_dist=10.00, avgs=1, sigma=2.0,type=2, relabel=0, neg=yes

blurring input image with Gaussian with sigma=2.000...
GCAMRegisterLevel(): init RMS 0.538196
#FOTS# QuadFit found better minimum quadopt=(dt=1.536,rms=0.534654) vs oldopt=(dt=1.28,rms=0.534684)
#GCMRL#  472 dt   1.536000 rms  0.535  0.658% neg 0  invalid 762 tFOTS 4.9720 tGradient 1.1190 tsec 6.4390
#FOTS# QuadFit found better minimum quadopt=(dt=0.448,rms=0.534474) vs oldopt=(dt=0.32,rms=0.5345)
#GCMRL#  473 dt   0.448000 rms  0.534  0.000% neg 0  invalid 762 tFOTS 5.0700 tGradient 1.2540 tsec 6.6780
#GCMRL#  474 dt   0.448000 rms  0.534  0.001% neg 0  invalid 762 tFOTS 0.0000 tGradient 1.2770 tsec 1.6300

#GCAMreg# pass 0 level1 1 level2 1 tsec 24.455 sigma 0.5
l_jacobian=1.00 l_label=1.00 l_log_likelihood=0.20 l_smoothness=1.00 
tol=2.50e-01, dt=5.00e-02, exp_k=20.0, momentum=0.90, levels=6, niter=500, lbl_dist=10.00, avgs=1, sigma=0.5,type=2, relabel=0, neg=yes

blurring input image with Gaussian with sigma=0.500...
GCAMRegisterLevel(): init RMS 0.535514
#FOTS# QuadFit found better minimum quadopt=(dt=1.792,rms=0.532884) vs oldopt=(dt=1.28,rms=0.533045)
#GCMRL#  476 dt   1.792000 rms  0.533  0.491% neg 0  invalid 762 tFOTS 5.5710 tGradient 1.4570 tsec 7.3830
#FOTS# QuadFit found better minimum quadopt=(dt=1.024,rms=0.532686) vs oldopt=(dt=1.28,rms=0.532701)
#GCMRL#  477 dt   1.024000 rms  0.533  0.000% neg 0  invalid 762 tFOTS 4.5700 tGradient 1.1800 tsec 6.0840
resetting metric properties...
setting smoothness cost coefficient to 2.000

#GCAMreg# pass 0 level1 0 level2 0 tsec 0 sigma 2
l_jacobian=1.00 l_label=1.00 l_log_likelihood=0.20 l_smoothness=2.00 
tol=2.50e-01, dt=5.00e-02, exp_k=20.0, momentum=0.90, levels=6, niter=500, lbl_dist=10.00, avgs=0, sigma=2.0,type=2, relabel=0, neg=yes

blurring input image with Gaussian with sigma=2.000...
GCAMRegisterLevel(): init RMS 0.513457
#FOTS# QuadFit found better minimum quadopt=(dt=2.13735,rms=0.476549) vs oldopt=(dt=1.28,rms=0.482586)
iter 0, gcam->neg = 1515
after 15 iterations, nbhd size=1, neg = 0
#GCMRL#  479 dt   2.137347 rms  0.482  6.090% neg 0  invalid 762 tFOTS 4.3550 tGradient 0.6240 tsec 9.4300
#FOTS# QuadFit found better minimum quadopt=(dt=0.096,rms=0.481911) vs oldopt=(dt=0.08,rms=0.481924)
#GCMRL#  480 dt   0.096000 rms  0.482  0.000% neg 0  invalid 762 tFOTS 4.3410 tGradient 0.6490 tsec 5.3280

#GCAMreg# pass 0 level1 0 level2 1 tsec 23.932 sigma 0.5
l_jacobian=1.00 l_label=1.00 l_log_likelihood=0.20 l_smoothness=2.00 
tol=2.50e-01, dt=5.00e-02, exp_k=20.0, momentum=0.90, levels=6, niter=500, lbl_dist=10.00, avgs=0, sigma=0.5,type=2, relabel=0, neg=yes

blurring input image with Gaussian with sigma=0.500...
GCAMRegisterLevel(): init RMS 0.483301
#FOTS# QuadFit found better minimum quadopt=(dt=0.112,rms=0.481549) vs oldopt=(dt=0.08,rms=0.481574)
#GCMRL#  482 dt   0.112000 rms  0.482  0.363% neg 0  invalid 762 tFOTS 4.3030 tGradient 0.6940 tsec 5.3250
#FOTS# QuadFit found better minimum quadopt=(dt=0.007,rms=0.481545) vs oldopt=(dt=0.005,rms=0.481545)
#GCMRL#  483 dt   0.007000 rms  0.482  0.000% neg 0  invalid 762 tFOTS 4.3990 tGradient 0.7120 tsec 5.4700
#GCMRL#  484 dt   0.007000 rms  0.482  0.000% neg 0  invalid 762 tFOTS 0.0000 tGradient 0.7020 tsec 0.9690
#GCMRL#  485 dt   0.007000 rms  0.482  0.001% neg 0  invalid 762 tFOTS 0.0000 tGradient 0.6880 tsec 0.9690
label assignment complete, 0 changed (0.00%)
GCAMregister done in 8.41422 min
Starting GCAMcomputeMaxPriorLabels()
Morphing with label term set to 0 *******************************
Starting GCAMregister()
label assignment complete, 0 changed (0.00%)
npasses = 1, nlevels = 6
#pass# 1 of 1 ************************
enabling zero nodes
setting smoothness cost coefficient to 0.008

#GCAMreg# pass 0 level1 5 level2 0 tsec 0 sigma 2
l_jacobian=1.00 l_log_likelihood=0.20 l_smoothness=0.01 
tol=2.50e-01, dt=5.00e-02, exp_k=20.0, momentum=0.90, levels=6, niter=500, lbl_dist=10.00, avgs=256, sigma=2.0,type=2, relabel=0, neg=yes

blurring input image with Gaussian with sigma=2.000...
GCAMRegisterLevel(): init RMS 0.470122
#FOTS# QuadFit found better minimum quadopt=(dt=13.872,rms=0.470113) vs oldopt=(dt=23.12,rms=0.470115)
#GCMRL#  487 dt  13.872000 rms  0.470  0.002% neg 0  invalid 762 tFOTS 4.0380 tGradient 2.0290 tsec 6.3640
#FOTS# QuadFit found better minimum quadopt=(dt=1.734,rms=0.470113) vs oldopt=(dt=1.445,rms=0.470113)
#GCMRL#  488 dt   1.734000 rms  0.470  0.000% neg 0  invalid 762 tFOTS 4.3300 tGradient 2.2350 tsec 6.9610

#GCAMreg# pass 0 level1 5 level2 1 tsec 24.175 sigma 0.5
l_jacobian=1.00 l_log_likelihood=0.20 l_smoothness=0.01 
tol=2.50e-01, dt=5.00e-02, exp_k=20.0, momentum=0.90, levels=6, niter=500, lbl_dist=10.00, avgs=256, sigma=0.5,type=2, relabel=0, neg=yes

blurring input image with Gaussian with sigma=0.500...
GCAMRegisterLevel(): init RMS 0.470113
#FOTS# QuadFit found better minimum quadopt=(dt=32.368,rms=0.470082) vs oldopt=(dt=23.12,rms=0.470087)
#GCMRL#  490 dt  32.368000 rms  0.470  0.007% neg 0  invalid 762 tFOTS 4.2960 tGradient 2.1930 tsec 6.7980
#FOTS# QuadFit found better minimum quadopt=(dt=55.488,rms=0.470063) vs oldopt=(dt=92.48,rms=0.470064)
#GCMRL#  491 dt  55.488000 rms  0.470  0.000% neg 0  invalid 762 tFOTS 4.0550 tGradient 2.3640 tsec 6.7790
#GCMRL#  492 dt  55.488000 rms  0.470  0.006% neg 0  invalid 762 tFOTS 0.0000 tGradient 2.3740 tsec 2.6710
#GCMRL#  493 dt  55.488000 rms  0.470  0.011% neg 0  invalid 762 tFOTS 0.0000 tGradient 2.4060 tsec 2.7020
#GCMRL#  494 dt  55.488000 rms  0.470  0.013% neg 0  invalid 762 tFOTS 0.0000 tGradient 2.2550 tsec 2.5240
#GCMRL#  495 dt  55.488000 rms  0.470  0.014% neg 0  invalid 762 tFOTS 0.0000 tGradient 2.5910 tsec 2.8620
#GCMRL#  496 dt  55.488000 rms  0.470  0.014% neg 0  invalid 762 tFOTS 0.0000 tGradient 2.3560 tsec 2.5880
setting smoothness cost coefficient to 0.031

#GCAMreg# pass 0 level1 4 level2 0 tsec 0 sigma 2
l_jacobian=1.00 l_log_likelihood=0.20 l_smoothness=0.03 
tol=2.50e-01, dt=5.00e-02, exp_k=20.0, momentum=0.90, levels=6, niter=500, lbl_dist=10.00, avgs=64, sigma=2.0,type=2, relabel=0, neg=yes

blurring input image with Gaussian with sigma=2.000...
GCAMRegisterLevel(): init RMS 0.469884
#FOTS# QuadFit found better minimum quadopt=(dt=20.736,rms=0.469692) vs oldopt=(dt=25.92,rms=0.46971)
#GCMRL#  498 dt  20.736000 rms  0.470  0.041% neg 0  invalid 762 tFOTS 4.0500 tGradient 1.3530 tsec 5.6590
#GCMRL#  499 dt   6.480000 rms  0.470  0.000% neg 0  invalid 762 tFOTS 4.4210 tGradient 1.6710 tsec 6.3980

#GCAMreg# pass 0 level1 4 level2 1 tsec 22.455 sigma 0.5
l_jacobian=1.00 l_log_likelihood=0.20 l_smoothness=0.03 
tol=2.50e-01, dt=5.00e-02, exp_k=20.0, momentum=0.90, levels=6, niter=500, lbl_dist=10.00, avgs=64, sigma=0.5,type=2, relabel=0, neg=yes

blurring input image with Gaussian with sigma=0.500...
GCAMRegisterLevel(): init RMS 0.469687
#FOTS# QuadFit found better minimum quadopt=(dt=36.288,rms=0.469258) vs oldopt=(dt=25.92,rms=0.469335)
#GCMRL#  501 dt  36.288000 rms  0.469  0.091% neg 0  invalid 762 tFOTS 3.8390 tGradient 1.6770 tsec 5.8280
#FOTS# QuadFit found better minimum quadopt=(dt=145.152,rms=0.468424) vs oldopt=(dt=103.68,rms=0.468572)
#GCMRL#  502 dt 145.152000 rms  0.468  0.178% neg 0  invalid 762 tFOTS 4.7110 tGradient 1.7050 tsec 6.7550
#GCMRL#  503 dt 103.680000 rms  0.468  0.000% neg 0  invalid 762 tFOTS 4.0780 tGradient 1.7590 tsec 6.1930
setting smoothness cost coefficient to 0.118

#GCAMreg# pass 0 level1 3 level2 0 tsec 0 sigma 2
l_jacobian=1.00 l_log_likelihood=0.20 l_smoothness=0.12 
tol=2.50e-01, dt=5.00e-02, exp_k=20.0, momentum=0.90, levels=6, niter=500, lbl_dist=10.00, avgs=16, sigma=2.0,type=2, relabel=0, neg=yes

blurring input image with Gaussian with sigma=2.000...
GCAMRegisterLevel(): init RMS 0.468669
#FOTS# QuadFit found better minimum quadopt=(dt=21.1111,rms=0.466688) vs oldopt=(dt=32,rms=0.46727)
#GCMRL#  505 dt  21.111111 rms  0.467  0.423% neg 0  invalid 762 tFOTS 4.5650 tGradient 1.3190 tsec 6.1820
#FOTS# QuadFit found better minimum quadopt=(dt=38.4,rms=0.465351) vs oldopt=(dt=32,rms=0.465376)
iter 0, gcam->neg = 5
after 1 iterations, nbhd size=0, neg = 0
#GCMRL#  506 dt  38.400000 rms  0.465  0.287% neg 0  invalid 762 tFOTS 4.2610 tGradient 1.1600 tsec 6.4560
#FOTS# QuadFit found better minimum quadopt=(dt=44.8,rms=0.464536) vs oldopt=(dt=32,rms=0.464601)
iter 0, gcam->neg = 12
after 9 iterations, nbhd size=1, neg = 0
#GCMRL#  507 dt  44.800000 rms  0.465  0.000% neg 0  invalid 762 tFOTS 4.4180 tGradient 1.2980 tsec 8.9530
iter 0, gcam->neg = 11
after 10 iterations, nbhd size=1, neg = 0
#GCMRL#  508 dt  44.800000 rms  0.464  0.148% neg 0  invalid 762 tFOTS 0.0000 tGradient 1.3620 tsec 5.5360
iter 0, gcam->neg = 66
after 11 iterations, nbhd size=1, neg = 0
#GCMRL#  509 dt  44.800000 rms  0.464 -0.069% neg 0  invalid 762 tFOTS 0.0000 tGradient 1.3050 tsec 5.4410
#FOTS# QuadFit found better minimum quadopt=(dt=11.2,rms=0.463655) vs oldopt=(dt=8,rms=0.46369)
iter 0, gcam->neg = 5
after 8 iterations, nbhd size=1, neg = 0
#GCMRL#  510 dt  11.200000 rms  0.464  0.042% neg 0  invalid 762 tFOTS 4.4550 tGradient 1.1340 tsec 8.5140
iter 0, gcam->neg = 14
after 9 iterations, nbhd size=1, neg = 0

#GCAMreg# pass 0 level1 3 level2 1 tsec 58.142 sigma 0.5
l_jacobian=1.00 l_log_likelihood=0.20 l_smoothness=0.12 
tol=2.50e-01, dt=5.00e-02, exp_k=20.0, momentum=0.90, levels=6, niter=500, lbl_dist=10.00, avgs=16, sigma=0.5,type=2, relabel=0, neg=yes

blurring input image with Gaussian with sigma=0.500...
GCAMRegisterLevel(): init RMS 0.463566
#FOTS# QuadFit found better minimum quadopt=(dt=38.4,rms=0.458584) vs oldopt=(dt=32,rms=0.458744)
iter 0, gcam->neg = 11
after 9 iterations, nbhd size=1, neg = 0
#GCMRL#  512 dt  38.400000 rms  0.459  1.054% neg 0  invalid 762 tFOTS 4.1630 tGradient 1.4200 tsec 9.3870
#FOTS# QuadFit found better minimum quadopt=(dt=25.6,rms=0.456955) vs oldopt=(dt=32,rms=0.457085)
iter 0, gcam->neg = 3
after 1 iterations, nbhd size=0, neg = 0
#GCMRL#  513 dt  25.600000 rms  0.457  0.376% neg 0  invalid 762 tFOTS 4.3010 tGradient 1.3240 tsec 6.6270
iter 0, gcam->neg = 5
after 0 iterations, nbhd size=0, neg = 0
#GCMRL#  514 dt  32.000000 rms  0.456  0.254% neg 0  invalid 762 tFOTS 4.8120 tGradient 1.3250 tsec 6.9590
#FOTS# QuadFit found better minimum quadopt=(dt=25.6,rms=0.455023) vs oldopt=(dt=32,rms=0.455086)
iter 0, gcam->neg = 2
after 7 iterations, nbhd size=1, neg = 0
#GCMRL#  515 dt  25.600000 rms  0.455  0.000% neg 0  invalid 762 tFOTS 4.3290 tGradient 1.2430 tsec 8.3270
#GCMRL#  516 dt  25.600000 rms  0.454  0.147% neg 0  invalid 762 tFOTS 0.0000 tGradient 1.4650 tsec 1.7500
iter 0, gcam->neg = 4
after 10 iterations, nbhd size=1, neg = 0
#GCMRL#  517 dt  25.600000 rms  0.454  0.121% neg 0  invalid 762 tFOTS 0.0000 tGradient 1.4520 tsec 4.2420
iter 0, gcam->neg = 5
after 0 iterations, nbhd size=0, neg = 0
#GCMRL#  518 dt  25.600000 rms  0.453  0.246% neg 0  invalid 762 tFOTS 0.0000 tGradient 1.2840 tsec 2.0740
iter 0, gcam->neg = 4
after 0 iterations, nbhd size=0, neg = 0
#GCMRL#  519 dt  25.600000 rms  0.452  0.196% neg 0  invalid 762 tFOTS 0.0000 tGradient 1.4070 tsec 2.2610
iter 0, gcam->neg = 17
after 9 iterations, nbhd size=1, neg = 0
#GCMRL#  520 dt  25.600000 rms  0.451  0.199% neg 0  invalid 762 tFOTS 0.0000 tGradient 1.1460 tsec 4.0190
iter 0, gcam->neg = 14
after 5 iterations, nbhd size=0, neg = 0
#GCMRL#  521 dt  25.600000 rms  0.450  0.170% neg 0  invalid 762 tFOTS 0.0000 tGradient 1.2940 tsec 3.5040
iter 0, gcam->neg = 18
after 13 iterations, nbhd size=1, neg = 0
#GCMRL#  522 dt  25.600000 rms  0.449  0.168% neg 0  invalid 762 tFOTS 0.0000 tGradient 1.3980 tsec 5.7020
iter 0, gcam->neg = 6
after 1 iterations, nbhd size=0, neg = 0
#GCMRL#  523 dt  25.600000 rms  0.449  0.147% neg 0  invalid 762 tFOTS 0.0000 tGradient 1.3090 tsec 2.4370
iter 0, gcam->neg = 10
after 4 iterations, nbhd size=0, neg = 0
#GCMRL#  524 dt  25.600000 rms  0.448  0.166% neg 0  invalid 762 tFOTS 0.0000 tGradient 1.2580 tsec 3.9410
iter 0, gcam->neg = 8
after 2 iterations, nbhd size=0, neg = 0
#GCMRL#  525 dt  25.600000 rms  0.447  0.112% neg 0  invalid 762 tFOTS 0.0000 tGradient 1.4460 tsec 2.8860
iter 0, gcam->neg = 12
after 1 iterations, nbhd size=0, neg = 0
#GCMRL#  526 dt  25.600000 rms  0.447  0.115% neg 0  invalid 762 tFOTS 0.0000 tGradient 1.4280 tsec 2.6360
iter 0, gcam->neg = 12
after 14 iterations, nbhd size=1, neg = 0
#GCMRL#  527 dt  25.600000 rms  0.447  0.073% neg 0  invalid 762 tFOTS 0.0000 tGradient 1.2770 tsec 6.4610
#FOTS# QuadFit found better minimum quadopt=(dt=25.6,rms=0.446491) vs oldopt=(dt=32,rms=0.446515)
#GCMRL#  528 dt  25.600000 rms  0.446  0.000% neg 0  invalid 762 tFOTS 4.3890 tGradient 1.3910 tsec 6.1130
#GCMRL#  529 dt  25.600000 rms  0.446  0.014% neg 0  invalid 762 tFOTS 0.0000 tGradient 1.4060 tsec 1.6700
iter 0, gcam->neg = 1
after 0 iterations, nbhd size=0, neg = 0
#GCMRL#  530 dt  25.600000 rms  0.446  0.016% neg 0  invalid 762 tFOTS 0.0000 tGradient 1.5320 tsec 2.3540
#GCMRL#  531 dt  25.600000 rms  0.446  0.025% neg 0  invalid 762 tFOTS 0.0000 tGradient 1.3780 tsec 1.6420
iter 0, gcam->neg = 1
after 0 iterations, nbhd size=0, neg = 0
#GCMRL#  532 dt  25.600000 rms  0.446  0.009% neg 0  invalid 762 tFOTS 0.0000 tGradient 1.3050 tsec 2.2170
iter 0, gcam->neg = 1
after 0 iterations, nbhd size=0, neg = 0
#GCMRL#  533 dt  25.600000 rms  0.446  0.016% neg 0  invalid 762 tFOTS 0.0000 tGradient 1.4560 tsec 2.4370
iter 0, gcam->neg = 5
after 10 iterations, nbhd size=1, neg = 0
setting smoothness cost coefficient to 0.400

#GCAMreg# pass 0 level1 2 level2 0 tsec 0 sigma 2
l_jacobian=1.00 l_log_likelihood=0.20 l_smoothness=0.40 
tol=2.50e-01, dt=5.00e-02, exp_k=20.0, momentum=0.90, levels=6, niter=500, lbl_dist=10.00, avgs=4, sigma=2.0,type=2, relabel=0, neg=yes

blurring input image with Gaussian with sigma=2.000...
GCAMRegisterLevel(): init RMS 0.45293
#GCMRL#  535 dt   0.000176 rms  0.453  0.000% neg 0  invalid 762 tFOTS 5.4350 tGradient 1.0920 tsec 6.8260

#GCAMreg# pass 0 level1 2 level2 1 tsec 21.051 sigma 0.5
l_jacobian=1.00 l_log_likelihood=0.20 l_smoothness=0.40 
tol=2.50e-01, dt=5.00e-02, exp_k=20.0, momentum=0.90, levels=6, niter=500, lbl_dist=10.00, avgs=4, sigma=0.5,type=2, relabel=0, neg=yes

blurring input image with Gaussian with sigma=0.500...
GCAMRegisterLevel(): init RMS 0.45293
#FOTS# QuadFit found better minimum quadopt=(dt=0.864,rms=0.452919) vs oldopt=(dt=0.72,rms=0.452919)
#GCMRL#  537 dt   0.864000 rms  0.453  0.002% neg 0  invalid 762 tFOTS 4.3010 tGradient 1.0440 tsec 5.6740
#FOTS# QuadFit found better minimum quadopt=(dt=0.432,rms=0.452917) vs oldopt=(dt=0.72,rms=0.452917)
#GCMRL#  538 dt   0.432000 rms  0.453  0.000% neg 0  invalid 762 tFOTS 4.3340 tGradient 1.0850 tsec 5.7690
#GCMRL#  539 dt   0.432000 rms  0.453  0.000% neg 0  invalid 762 tFOTS 0.0000 tGradient 1.6190 tsec 1.9080
setting smoothness cost coefficient to 1.000

#GCAMreg# pass 0 level1 1 level2 0 tsec 0 sigma 2
l_jacobian=1.00 l_log_likelihood=0.20 l_smoothness=1.00 
tol=2.50e-01, dt=5.00e-02, exp_k=20.0, momentum=0.90, levels=6, niter=500, lbl_dist=10.00, avgs=1, sigma=2.0,type=2, relabel=0, neg=yes

blurring input image with Gaussian with sigma=2.000...
GCAMRegisterLevel(): init RMS 0.466344
#FOTS# QuadFit found better minimum quadopt=(dt=0.028,rms=0.466342) vs oldopt=(dt=0.02,rms=0.466343)
#GCMRL#  541 dt   0.028000 rms  0.466  0.000% neg 0  invalid 762 tFOTS 5.0200 tGradient 0.9110 tsec 6.2570
#FOTS# QuadFit found better minimum quadopt=(dt=0.028,rms=0.466342) vs oldopt=(dt=0.02,rms=0.466342)
#GCMRL#  542 dt   0.028000 rms  0.466  0.000% neg 0  invalid 762 tFOTS 4.5360 tGradient 0.9360 tsec 5.8270

#GCAMreg# pass 0 level1 1 level2 1 tsec 21.821 sigma 0.5
l_jacobian=1.00 l_log_likelihood=0.20 l_smoothness=1.00 
tol=2.50e-01, dt=5.00e-02, exp_k=20.0, momentum=0.90, levels=6, niter=500, lbl_dist=10.00, avgs=1, sigma=0.5,type=2, relabel=0, neg=yes

blurring input image with Gaussian with sigma=0.500...
GCAMRegisterLevel(): init RMS 0.466342
#FOTS# QuadFit found better minimum quadopt=(dt=0.448,rms=0.465992) vs oldopt=(dt=0.32,rms=0.466059)
#GCMRL#  544 dt   0.448000 rms  0.466  0.075% neg 0  invalid 762 tFOTS 4.3690 tGradient 0.7590 tsec 5.4260
#FOTS# QuadFit found better minimum quadopt=(dt=0.448,rms=0.465857) vs oldopt=(dt=0.32,rms=0.465869)
#GCMRL#  545 dt   0.448000 rms  0.466  0.000% neg 0  invalid 762 tFOTS 4.3330 tGradient 0.7270 tsec 5.3410
resetting metric properties...
setting smoothness cost coefficient to 2.000

#GCAMreg# pass 0 level1 0 level2 0 tsec 0 sigma 2
l_jacobian=1.00 l_log_likelihood=0.20 l_smoothness=2.00 
tol=2.50e-01, dt=5.00e-02, exp_k=20.0, momentum=0.90, levels=6, niter=500, lbl_dist=10.00, avgs=0, sigma=2.0,type=2, relabel=0, neg=yes

blurring input image with Gaussian with sigma=2.000...
GCAMRegisterLevel(): init RMS 0.44727
#FOTS# QuadFit found better minimum quadopt=(dt=1.29922,rms=0.433351) vs oldopt=(dt=1.28,rms=0.433364)
iter 0, gcam->neg = 903
after 14 iterations, nbhd size=1, neg = 0
#GCMRL#  547 dt   1.299222 rms  0.434  2.894% neg 0  invalid 762 tFOTS 4.6650 tGradient 0.2780 tsec 10.2220
#FOTS# QuadFit found better minimum quadopt=(dt=2.34375e-05,rms=0.434325) vs oldopt=(dt=1.95313e-05,rms=0.434325)
#GCMRL#  548 dt   0.000023 rms  0.434  0.000% neg 0  invalid 762 tFOTS 5.9270 tGradient 0.2990 tsec 6.5810

#GCAMreg# pass 0 level1 0 level2 1 tsec 26.326 sigma 0.5
l_jacobian=1.00 l_log_likelihood=0.20 l_smoothness=2.00 
tol=2.50e-01, dt=5.00e-02, exp_k=20.0, momentum=0.90, levels=6, niter=500, lbl_dist=10.00, avgs=0, sigma=0.5,type=2, relabel=0, neg=yes

blurring input image with Gaussian with sigma=0.500...
GCAMRegisterLevel(): init RMS 0.434325
#FOTS# QuadFit found better minimum quadopt=(dt=0.112,rms=0.433894) vs oldopt=(dt=0.08,rms=0.433953)
#GCMRL#  550 dt   0.112000 rms  0.434  0.099% neg 0  invalid 762 tFOTS 4.8800 tGradient 0.3760 tsec 5.5990
#FOTS# QuadFit found better minimum quadopt=(dt=0.096,rms=0.433768) vs oldopt=(dt=0.08,rms=0.433771)
#GCMRL#  551 dt   0.096000 rms  0.434  0.000% neg 0  invalid 762 tFOTS 4.3600 tGradient 0.3110 tsec 4.9910
#GCMRL#  552 dt   0.096000 rms  0.434  0.013% neg 0  invalid 762 tFOTS 0.0000 tGradient 0.2900 tsec 0.5620
GCAMregister done in 6.08872 min
writing output transformation to transforms/talairach.m3z...
GCAMwrite
Calls to gcamLogLikelihoodEnergy 4498 tmin = 2.06542
Calls to gcamLabelEnergy         3793 tmin = 1.0796
Calls to gcamJacobianEnergy      4498 tmin = 1.45597
Calls to gcamSmoothnessEnergy    4498 tmin = 4.5481
Calls to gcamLogLikelihoodTerm 554 tmin = 0.61235
Calls to gcamLabelTerm         487 tmin = 4.23362
Calls to gcamJacobianTerm      554 tmin = 1.08275
Calls to gcamSmoothnessTerm    554 tmin = 0.503183
Calls to gcamComputeGradient    554 tmin = 16.3751
Calls to gcamComputeMetricProperties    6436 tmin = 3.11437
mri_ca_register took 0 hours, 43 minutes and 3 seconds.
#VMPC# mri_ca_register VmPeak  3119164
FSRUNTIME@ mri_ca_register  0.7176 hours 16 threads
#--------------------------------------
#@# SubCort Seg Fri Mar  6 07:27:44 CET 2026

 mri_ca_label -relabel_unlikely 9 .3 -prior 0.5 -align norm.mgz transforms/talairach.m3z /opt/freesurfer/average/RB_all_2020-01-02.gca aseg.auto_noCCseg.mgz 

sysname  Linux
hostname dna078
machine  x86_64

setenv SUBJECTS_DIR /out/sourcedata/freesurfer
cd /out/sourcedata/freesurfer/sub-v1s10x0050999_ses-1/mri
mri_ca_label -relabel_unlikely 9 .3 -prior 0.5 -align norm.mgz transforms/talairach.m3z /opt/freesurfer/average/RB_all_2020-01-02.gca aseg.auto_noCCseg.mgz 

relabeling unlikely voxels with window_size = 9 and prior threshold 0.30
using Gibbs prior factor = 0.500
renormalizing sequences with structure alignment, equivalent to:
	-renormalize
	-renormalize_mean 0.500
	-regularize 0.500

== Number of threads available to for OpenMP = 16 == 
reading 1 input volumes
reading classifier array from /opt/freesurfer/average/RB_all_2020-01-02.gca
reading input volume from norm.mgz
average std[0] = 7.2
reading transform from transforms/talairach.m3z
setting orig areas to linear transform determinant scaled 5.91
Atlas used for the 3D morph was /opt/freesurfer/average/RB_all_2020-01-02.gca
average std = 7.2   using min determinant for regularization = 5.2
0 singular and 0 ill-conditioned covariance matrices regularized
labeling volume...
renormalizing by structure alignment....
renormalizing input #0
gca peak = 0.15521 (20)
mri peak = 0.05043 (21)
Left_Lateral_Ventricle (4): linear fit = 1.02 x + 0.0 (243 voxels, overlap=0.827)
Left_Lateral_Ventricle (4): linear fit = 1.02 x + 0.0 (243 voxels, peak = 20), gca=20.5
gca peak = 0.20380 (13)
mri peak = 0.10718 ( 8)
Right_Lateral_Ventricle (43): linear fit = 0.50 x + 0.0 (463 voxels, overlap=0.411)
Right_Lateral_Ventricle (43): linear fit = 0.50 x + 0.0 (463 voxels, peak =  7), gca=6.6
gca peak = 0.26283 (96)
mri peak = 0.07763 (99)
Right_Pallidum (52): linear fit = 1.03 x + 0.0 (760 voxels, overlap=1.017)
Right_Pallidum (52): linear fit = 1.03 x + 0.0 (760 voxels, peak = 99), gca=99.4
gca peak = 0.15814 (97)
mri peak = 0.07898 (100)
Left_Pallidum (13): linear fit = 1.08 x + 0.0 (785 voxels, overlap=0.758)
Left_Pallidum (13): linear fit = 1.08 x + 0.0 (785 voxels, peak = 104), gca=104.3
gca peak = 0.27624 (56)
mri peak = 0.11853 (55)
Right_Hippocampus (53): linear fit = 0.96 x + 0.0 (744 voxels, overlap=1.004)
Right_Hippocampus (53): linear fit = 0.96 x + 0.0 (744 voxels, peak = 54), gca=54.0
gca peak = 0.28723 (59)
mri peak = 0.09293 (56)
Left_Hippocampus (17): linear fit = 0.92 x + 0.0 (771 voxels, overlap=1.009)
Left_Hippocampus (17): linear fit = 0.92 x + 0.0 (771 voxels, peak = 54), gca=54.0
gca peak = 0.07623 (103)
mri peak = 0.16094 (107)
Right_Cerebral_White_Matter (41): linear fit = 1.02 x + 0.0 (44937 voxels, overlap=0.516)
Right_Cerebral_White_Matter (41): linear fit = 1.02 x + 0.0 (44937 voxels, peak = 106), gca=105.6
gca peak = 0.07837 (105)
mri peak = 0.17591 (107)
Left_Cerebral_White_Matter (2): linear fit = 1.02 x + 0.0 (44243 voxels, overlap=0.525)
Left_Cerebral_White_Matter (2): linear fit = 1.02 x + 0.0 (44243 voxels, peak = 108), gca=107.6
gca peak = 0.10165 (58)
mri peak = 0.05366 (56)
Left_Cerebral_Cortex (3): linear fit = 0.96 x + 0.0 (25486 voxels, overlap=0.867)
Left_Cerebral_Cortex (3): linear fit = 0.96 x + 0.0 (25486 voxels, peak = 56), gca=56.0
gca peak = 0.11113 (58)
mri peak = 0.04904 (56)
Right_Cerebral_Cortex (42): linear fit = 0.94 x + 0.0 (23107 voxels, overlap=0.902)
Right_Cerebral_Cortex (42): linear fit = 0.94 x + 0.0 (23107 voxels, peak = 55), gca=54.8
gca peak = 0.27796 (67)
mri peak = 0.11059 (69)
Right_Caudate (50): linear fit = 1.03 x + 0.0 (1067 voxels, overlap=1.003)
Right_Caudate (50): linear fit = 1.03 x + 0.0 (1067 voxels, peak = 69), gca=69.3
gca peak = 0.14473 (69)
mri peak = 0.12853 (70)
Left_Caudate (11): linear fit = 0.96 x + 0.0 (957 voxels, overlap=0.677)
Left_Caudate (11): linear fit = 0.96 x + 0.0 (957 voxels, peak = 67), gca=66.6
gca peak = 0.14301 (56)
mri peak = 0.04676 (48)
Left_Cerebellum_Cortex (8): linear fit = 0.86 x + 0.0 (12055 voxels, overlap=0.496)
Left_Cerebellum_Cortex (8): linear fit = 0.86 x + 0.0 (12055 voxels, peak = 48), gca=47.9
gca peak = 0.14610 (55)
mri peak = 0.04798 (50)
Right_Cerebellum_Cortex (47): linear fit = 0.88 x + 0.0 (11813 voxels, overlap=0.510)
Right_Cerebellum_Cortex (47): linear fit = 0.88 x + 0.0 (11813 voxels, peak = 48), gca=48.1
gca peak = 0.16309 (85)
mri peak = 0.07957 (70)
Left_Cerebellum_White_Matter (7): linear fit = 0.85 x + 0.0 (1941 voxels, overlap=0.049)
Left_Cerebellum_White_Matter (7): linear fit = 0.85 x + 0.0 (1941 voxels, peak = 72), gca=71.8
gca peak = 0.15172 (84)
mri peak = 0.08628 (71)
Right_Cerebellum_White_Matter (46): linear fit = 0.86 x + 0.0 (1665 voxels, overlap=0.176)
Right_Cerebellum_White_Matter (46): linear fit = 0.86 x + 0.0 (1665 voxels, peak = 72), gca=71.8
gca peak = 0.30461 (58)
mri peak = 0.10778 (65)
Left_Amygdala (18): linear fit = 1.10 x + 0.0 (338 voxels, overlap=1.036)
Left_Amygdala (18): linear fit = 1.10 x + 0.0 (338 voxels, peak = 64), gca=63.5
gca peak = 0.32293 (57)
mri peak = 0.10738 (62)
Right_Amygdala (54): linear fit = 1.07 x + 0.0 (451 voxels, overlap=1.025)
Right_Amygdala (54): linear fit = 1.07 x + 0.0 (451 voxels, peak = 61), gca=60.7
gca peak = 0.11083 (90)
mri peak = 0.05317 (87)
Left_Thalamus (10): linear fit = 1.01 x + 0.0 (3881 voxels, overlap=0.998)
Left_Thalamus (10): linear fit = 1.01 x + 0.0 (3881 voxels, peak = 91), gca=91.3
gca peak = 0.11393 (83)
mri peak = 0.06128 (86)
Right_Thalamus (49): linear fit = 1.02 x + 0.0 (3713 voxels, overlap=0.979)
Right_Thalamus (49): linear fit = 1.02 x + 0.0 (3713 voxels, peak = 85), gca=85.1
gca peak = 0.08575 (81)
mri peak = 0.07861 (80)
Left_Putamen (12): linear fit = 1.02 x + 0.0 (2414 voxels, overlap=0.954)
Left_Putamen (12): linear fit = 1.02 x + 0.0 (2414 voxels, peak = 83), gca=83.0
gca peak = 0.08618 (78)
mri peak = 0.05679 (80)
Right_Putamen (51): linear fit = 1.01 x + 0.0 (2283 voxels, overlap=1.001)
Right_Putamen (51): linear fit = 1.01 x + 0.0 (2283 voxels, peak = 79), gca=79.2
gca peak = 0.08005 (78)
mri peak = 0.05540 (81)
Brain_Stem (16): linear fit = 1.12 x + 0.0 (5571 voxels, overlap=0.492)
Brain_Stem (16): linear fit = 1.12 x + 0.0 (5571 voxels, peak = 88), gca=87.8
gca peak = 0.12854 (88)
mri peak = 0.05942 (102)
Right_VentralDC (60): linear fit = 1.18 x + 0.0 (1227 voxels, overlap=0.221)
Right_VentralDC (60): linear fit = 1.18 x + 0.0 (1227 voxels, peak = 104), gca=104.3
gca peak = 0.15703 (87)
mri peak = 0.05930 (97)
Left_VentralDC (28): linear fit = 1.11 x + 0.0 (1190 voxels, overlap=0.267)
Left_VentralDC (28): linear fit = 1.11 x + 0.0 (1190 voxels, peak = 96), gca=96.1
gca peak = 0.17522 (25)
mri peak = 1.00000 (13)
gca peak = 0.17113 (14)
mri peak = 0.13433 ( 3)
Fourth_Ventricle (15): linear fit = 0.12 x + 0.0 (60 voxels, overlap=0.032)
Fourth_Ventricle (15): linear fit = 0.12 x + 0.0 (60 voxels, peak =  2), gca=1.8
gca peak Unknown = 0.94777 ( 0)
gca peak Left_Inf_Lat_Vent = 0.16627 (28)
gca peak Third_Ventricle = 0.17522 (25)
gca peak Fourth_Ventricle = 0.17113 (14)
gca peak CSF = 0.20346 (36)
gca peak Left_Accumbens_area = 0.70646 (62)
gca peak Left_undetermined = 1.00000 (28)
gca peak Left_vessel = 0.89917 (53)
gca peak Left_choroid_plexus = 0.11689 (35)
gca peak Right_Inf_Lat_Vent = 0.25504 (23)
gca peak Right_Accumbens_area = 0.31650 (65)
gca peak Right_vessel = 0.77268 (52)
gca peak Right_choroid_plexus = 0.13275 (38)
gca peak Fifth_Ventricle = 0.60973 (33)
gca peak WM_hypointensities = 0.11013 (77)
gca peak non_WM_hypointensities = 0.11354 (41)
gca peak Optic_Chiasm = 0.51646 (76)
not using caudate to estimate GM means
estimating mean gm scale to be 0.99 x + 0.0
estimating mean wm scale to be 1.02 x + 0.0
estimating mean csf scale to be 0.76 x + 0.0
Left_Pallidum too bright - rescaling by 0.992 (from 1.075) to 103.4 (was 104.3)
saving intensity scales to aseg.auto_noCCseg.label_intensities.txt
renormalizing by structure alignment....
renormalizing input #0
gca peak = 0.16929 (19)
mri peak = 0.05043 (21)
Left_Lateral_Ventricle (4): linear fit = 1.07 x + 0.0 (243 voxels, overlap=0.812)
Left_Lateral_Ventricle (4): linear fit = 1.07 x + 0.0 (243 voxels, peak = 20), gca=20.2
gca peak = 0.29085 ( 7)
mri peak = 0.10718 ( 8)
Right_Lateral_Ventricle (43): linear fit = 1.04 x + 0.0 (463 voxels, overlap=0.974)
Right_Lateral_Ventricle (43): linear fit = 1.04 x + 0.0 (463 voxels, peak =  7), gca=7.3
gca peak = 0.21024 (99)
mri peak = 0.07763 (99)
Right_Pallidum (52): linear fit = 1.02 x + 0.0 (760 voxels, overlap=1.004)
Right_Pallidum (52): linear fit = 1.02 x + 0.0 (760 voxels, peak = 101), gca=101.5
gca peak = 0.17574 (101)
mri peak = 0.07898 (100)
Left_Pallidum (13): linear fit = 1.00 x + 0.0 (785 voxels, overlap=1.011)
Left_Pallidum (13): linear fit = 1.00 x + 0.0 (785 voxels, peak = 102), gca=101.5
gca peak = 0.28218 (54)
mri peak = 0.11853 (55)
Right_Hippocampus (53): linear fit = 1.00 x + 0.0 (744 voxels, overlap=1.003)
Right_Hippocampus (53): linear fit = 1.00 x + 0.0 (744 voxels, peak = 54), gca=54.0
gca peak = 0.30572 (54)
mri peak = 0.09293 (56)
Left_Hippocampus (17): linear fit = 1.00 x + 0.0 (771 voxels, overlap=1.003)
Left_Hippocampus (17): linear fit = 1.00 x + 0.0 (771 voxels, peak = 54), gca=54.0
gca peak = 0.07791 (106)
mri peak = 0.16094 (107)
Right_Cerebral_White_Matter (41): linear fit = 1.00 x + 0.0 (44937 voxels, overlap=0.634)
Right_Cerebral_White_Matter (41): linear fit = 1.00 x + 0.0 (44937 voxels, peak = 106), gca=106.0
gca peak = 0.07733 (107)
mri peak = 0.17591 (107)
Left_Cerebral_White_Matter (2): linear fit = 1.00 x + 0.0 (44243 voxels, overlap=0.642)
Left_Cerebral_White_Matter (2): linear fit = 1.00 x + 0.0 (44243 voxels, peak = 107), gca=107.0
gca peak = 0.10484 (56)
mri peak = 0.05366 (56)
Left_Cerebral_Cortex (3): linear fit = 1.02 x + 0.0 (25486 voxels, overlap=0.956)
Left_Cerebral_Cortex (3): linear fit = 1.02 x + 0.0 (25486 voxels, peak = 57), gca=57.4
gca peak = 0.12308 (55)
mri peak = 0.04904 (56)
Right_Cerebral_Cortex (42): linear fit = 0.99 x + 0.0 (23107 voxels, overlap=0.986)
Right_Cerebral_Cortex (42): linear fit = 0.99 x + 0.0 (23107 voxels, peak = 54), gca=54.2
gca peak = 0.22980 (69)
mri peak = 0.11059 (69)
Right_Caudate (50): linear fit = 1.00 x + 0.0 (1067 voxels, overlap=1.005)
Right_Caudate (50): linear fit = 1.00 x + 0.0 (1067 voxels, peak = 69), gca=69.0
gca peak = 0.14003 (66)
mri peak = 0.12853 (70)
Left_Caudate (11): linear fit = 0.96 x + 0.0 (957 voxels, overlap=0.973)
Left_Caudate (11): linear fit = 0.96 x + 0.0 (957 voxels, peak = 64), gca=63.7
gca peak = 0.16582 (48)
mri peak = 0.04676 (48)
Left_Cerebellum_Cortex (8): linear fit = 0.99 x + 0.0 (12055 voxels, overlap=1.000)
Left_Cerebellum_Cortex (8): linear fit = 0.99 x + 0.0 (12055 voxels, peak = 47), gca=47.3
gca peak = 0.15845 (48)
mri peak = 0.04798 (50)
Right_Cerebellum_Cortex (47): linear fit = 1.00 x + 0.0 (11813 voxels, overlap=1.000)
Right_Cerebellum_Cortex (47): linear fit = 1.00 x + 0.0 (11813 voxels, peak = 48), gca=48.0
gca peak = 0.18322 (72)
mri peak = 0.07957 (70)
Left_Cerebellum_White_Matter (7): linear fit = 1.00 x + 0.0 (1941 voxels, overlap=0.948)
Left_Cerebellum_White_Matter (7): linear fit = 1.00 x + 0.0 (1941 voxels, peak = 72), gca=72.0
gca peak = 0.18636 (72)
mri peak = 0.08628 (71)
Right_Cerebellum_White_Matter (46): linear fit = 1.01 x + 0.0 (1665 voxels, overlap=0.945)
Right_Cerebellum_White_Matter (46): linear fit = 1.01 x + 0.0 (1665 voxels, peak = 73), gca=73.1
gca peak = 0.26313 (63)
mri peak = 0.10778 (65)
Left_Amygdala (18): linear fit = 1.01 x + 0.0 (338 voxels, overlap=1.015)
Left_Amygdala (18): linear fit = 1.01 x + 0.0 (338 voxels, peak = 64), gca=63.9
gca peak = 0.29805 (61)
mri peak = 0.10738 (62)
Right_Amygdala (54): linear fit = 1.00 x + 0.0 (451 voxels, overlap=1.018)
Right_Amygdala (54): linear fit = 1.00 x + 0.0 (451 voxels, peak = 61), gca=61.0
gca peak = 0.10615 (91)
mri peak = 0.05317 (87)
Left_Thalamus (10): linear fit = 0.99 x + 0.0 (3881 voxels, overlap=0.998)
Left_Thalamus (10): linear fit = 0.99 x + 0.0 (3881 voxels, peak = 90), gca=89.6
gca peak = 0.11719 (85)
mri peak = 0.06128 (86)
Right_Thalamus (49): linear fit = 1.00 x + 0.0 (3713 voxels, overlap=0.988)
Right_Thalamus (49): linear fit = 1.00 x + 0.0 (3713 voxels, peak = 85), gca=85.4
gca peak = 0.08550 (83)
mri peak = 0.07861 (80)
Left_Putamen (12): linear fit = 1.00 x + 0.0 (2414 voxels, overlap=0.986)
Left_Putamen (12): linear fit = 1.00 x + 0.0 (2414 voxels, peak = 83), gca=83.0
gca peak = 0.08736 (77)
mri peak = 0.05679 (80)
Right_Putamen (51): linear fit = 1.00 x + 0.0 (2283 voxels, overlap=1.001)
Right_Putamen (51): linear fit = 1.00 x + 0.0 (2283 voxels, peak = 77), gca=77.0
gca peak = 0.07104 (88)
mri peak = 0.05540 (81)
Brain_Stem (16): linear fit = 0.99 x + 0.0 (5571 voxels, overlap=0.868)
Brain_Stem (16): linear fit = 0.99 x + 0.0 (5571 voxels, peak = 87), gca=86.7
gca peak = 0.10586 (106)
mri peak = 0.05942 (102)
Right_VentralDC (60): linear fit = 1.00 x + 0.0 (1227 voxels, overlap=0.769)
Right_VentralDC (60): linear fit = 1.00 x + 0.0 (1227 voxels, peak = 107), gca=106.5
gca peak = 0.14621 (96)
mri peak = 0.05930 (97)
Left_VentralDC (28): linear fit = 1.01 x + 0.0 (1190 voxels, overlap=0.879)
Left_VentralDC (28): linear fit = 1.01 x + 0.0 (1190 voxels, peak = 97), gca=97.4
gca peak = 0.20357 (20)
mri peak = 1.00000 (13)
gca peak = 0.27050 (11)
mri peak = 0.13433 ( 3)
Fourth_Ventricle (15): linear fit = 0.17 x + 0.0 (60 voxels, overlap=0.570)
Fourth_Ventricle (15): linear fit = 0.17 x + 0.0 (60 voxels, peak =  2), gca=1.9
gca peak Unknown = 0.94777 ( 0)
gca peak Left_Inf_Lat_Vent = 0.17428 (26)
gca peak Third_Ventricle = 0.20357 (20)
gca peak Fourth_Ventricle = 0.27050 (11)
gca peak CSF = 0.23492 (28)
gca peak Left_Accumbens_area = 0.80257 (60)
gca peak Left_undetermined = 1.00000 (28)
gca peak Left_vessel = 0.89387 (53)
gca peak Left_choroid_plexus = 0.11689 (35)
gca peak Right_Inf_Lat_Vent = 0.26623 (22)
gca peak Right_Accumbens_area = 0.31811 (67)
gca peak Right_vessel = 0.77311 (52)
gca peak Right_choroid_plexus = 0.13275 (38)
gca peak Fifth_Ventricle = 0.73673 (25)
gca peak WM_hypointensities = 0.10315 (78)
gca peak non_WM_hypointensities = 0.11377 (42)
gca peak Optic_Chiasm = 0.75748 (76)
not using caudate to estimate GM means
estimating mean gm scale to be 1.00 x + 0.0
estimating mean wm scale to be 1.00 x + 0.0
estimating mean csf scale to be 1.06 x + 0.0
saving intensity scales to aseg.auto_noCCseg.label_intensities.txt
saving sequentially combined intensity scales to aseg.auto_noCCseg.label_intensities.txt
43634 voxels changed in iteration 0 of unlikely voxel relabeling
113 voxels changed in iteration 1 of unlikely voxel relabeling
0 voxels changed in iteration 2 of unlikely voxel relabeling
27874 gm and wm labels changed (%23 to gray, %77 to white out of all changed labels)
419 hippocampal voxels changed.
0 amygdala voxels changed.
Reclassifying using Gibbs Priors
pass 1: 53607 changed. image ll: -2.086, PF=0.500
pass 2: 13843 changed. image ll: -2.085, PF=0.500
pass 3: 5056 changed.
pass 4: 2095 changed.
22544 voxels changed in iteration 0 of unlikely voxel relabeling
118 voxels changed in iteration 1 of unlikely voxel relabeling
0 voxels changed in iteration 2 of unlikely voxel relabeling
4816 voxels changed in iteration 0 of unlikely voxel relabeling
38 voxels changed in iteration 1 of unlikely voxel relabeling
0 voxels changed in iteration 2 of unlikely voxel relabeling
5602 voxels changed in iteration 0 of unlikely voxel relabeling
34 voxels changed in iteration 1 of unlikely voxel relabeling
1 voxels changed in iteration 2 of unlikely voxel relabeling
0 voxels changed in iteration 3 of unlikely voxel relabeling
4953 voxels changed in iteration 0 of unlikely voxel relabeling
25 voxels changed in iteration 1 of unlikely voxel relabeling
1 voxels changed in iteration 2 of unlikely voxel relabeling
0 voxels changed in iteration 3 of unlikely voxel relabeling
 !!!!!!!!! ventricle segment 0 with volume 127 above threshold 100 - not erasing !!!!!!!!!!
 !!!!!!!!! ventricle segment 2 with volume 3826 above threshold 100 - not erasing !!!!!!!!!!
 !!!!!!!!! ventricle segment 1 with volume 786 above threshold 100 - not erasing !!!!!!!!!!
 !!!!!!!!! ventricle segment 4 with volume 5274 above threshold 100 - not erasing !!!!!!!!!!
 !!!!!!!!! ventricle segment 3 with volume 671 above threshold 100 - not erasing !!!!!!!!!!
writing labeled volume to aseg.auto_noCCseg.mgz
mri_ca_label utimesec    1262.022127
mri_ca_label stimesec    4.586210
mri_ca_label ru_maxrss   2099160
mri_ca_label ru_ixrss    0
mri_ca_label ru_idrss    0
mri_ca_label ru_isrss    0
mri_ca_label ru_minflt   4619364
mri_ca_label ru_majflt   10
mri_ca_label ru_nswap    0
mri_ca_label ru_inblock  1142
mri_ca_label ru_oublock  600
mri_ca_label ru_msgsnd   0
mri_ca_label ru_msgrcv   0
mri_ca_label ru_nsignals 0
mri_ca_label ru_nvcsw    2753
mri_ca_label ru_nivcsw   1542
auto-labeling took 20 minutes and 12 seconds.
#--------------------------------------
#@# CC Seg Fri Mar  6 07:47:56 CET 2026

 mri_cc -aseg aseg.auto_noCCseg.mgz -o aseg.auto.mgz -lta /out/sourcedata/freesurfer/sub-v1s10x0050999_ses-1/mri/transforms/cc_up.lta sub-v1s10x0050999_ses-1 

will read input aseg from aseg.auto_noCCseg.mgz
writing aseg with cc labels to aseg.auto.mgz
will write lta as /out/sourcedata/freesurfer/sub-v1s10x0050999_ses-1/mri/transforms/cc_up.lta
reading aseg from /out/sourcedata/freesurfer/sub-v1s10x0050999_ses-1/mri/aseg.auto_noCCseg.mgz
reading norm from /out/sourcedata/freesurfer/sub-v1s10x0050999_ses-1/mri/norm.mgz
50870 voxels in left wm, 91209 in right wm, xrange [122, 137]
searching rotation angles z=[-9  5], y=[-2 12]
searching scale 1 Z rot -9.1  searching scale 1 Z rot -8.9  searching scale 1 Z rot -8.6  searching scale 1 Z rot -8.4  searching scale 1 Z rot -8.1  searching scale 1 Z rot -7.9  searching scale 1 Z rot -7.6  searching scale 1 Z rot -7.4  searching scale 1 Z rot -7.1  searching scale 1 Z rot -6.9  searching scale 1 Z rot -6.6  searching scale 1 Z rot -6.4  searching scale 1 Z rot -6.1  searching scale 1 Z rot -5.9  searching scale 1 Z rot -5.6  searching scale 1 Z rot -5.4  searching scale 1 Z rot -5.1  searching scale 1 Z rot -4.9  searching scale 1 Z rot -4.6  searching scale 1 Z rot -4.4  searching scale 1 Z rot -4.1  searching scale 1 Z rot -3.9  searching scale 1 Z rot -3.6  searching scale 1 Z rot -3.4  searching scale 1 Z rot -3.1  searching scale 1 Z rot -2.9  searching scale 1 Z rot -2.6  searching scale 1 Z rot -2.4  searching scale 1 Z rot -2.1  searching scale 1 Z rot -1.9  searching scale 1 Z rot -1.6  searching scale 1 Z rot -1.4  searching scale 1 Z rot -1.1  searching scale 1 Z rot -0.9  searching scale 1 Z rot -0.6  searching scale 1 Z rot -0.4  searching scale 1 Z rot -0.1  searching scale 1 Z rot 0.1  searching scale 1 Z rot 0.4  searching scale 1 Z rot 0.6  searching scale 1 Z rot 0.9  searching scale 1 Z rot 1.1  searching scale 1 Z rot 1.4  searching scale 1 Z rot 1.6  searching scale 1 Z rot 1.9  searching scale 1 Z rot 2.1  searching scale 1 Z rot 2.4  searching scale 1 Z rot 2.6  searching scale 1 Z rot 2.9  searching scale 1 Z rot 3.1  searching scale 1 Z rot 3.4  searching scale 1 Z rot 3.6  searching scale 1 Z rot 3.9  searching scale 1 Z rot 4.1  searching scale 1 Z rot 4.4  searching scale 1 Z rot 4.6  global minimum found at slice 131.2, rotations (5.22, -2.12)
final transformation (x=131.2, yr=5.220, zr=-2.125):
 0.99517   0.03708   0.09091  -17.08753;
-0.03692   0.99931  -0.00337   12.29981;
-0.09098   0.00000   0.99585   30.39558;
 0.00000   0.00000   0.00000   1.00000;
updating x range to be [127, 131] in xformed coordinates
best xformed slice 129
min_x_fornix = 135
min_x_fornix = 135
min_x_fornix = 131
min_x_fornix = 140
min_x_fornix = 139
cc center is found at 129 121 110
eigenvectors:
-0.00044   0.00408   0.99999;
-0.29475  -0.95557   0.00377;
 0.95557  -0.29475   0.00162;
error in mid anterior detected - correcting...
writing aseg with callosum to /out/sourcedata/freesurfer/sub-v1s10x0050999_ses-1/mri/aseg.auto.mgz...
corpus callosum segmentation took 0.5 minutes
#VMPC# mri_cc VmPeak  555576
mri_cc done
#--------------------------------------
#@# Merge ASeg Fri Mar  6 07:48:25 CET 2026

 cp aseg.auto.mgz aseg.presurf.mgz 

#--------------------------------------------
#@# Intensity Normalization2 Fri Mar  6 07:48:25 CET 2026
/out/sourcedata/freesurfer/sub-v1s10x0050999_ses-1/mri

 mri_normalize -seed 1234 -mprage -aseg aseg.presurf.mgz -mask brainmask.mgz norm.mgz brain.mgz 

setting seed for random number genererator to 1234
assuming input volume is MGH (Van der Kouwe) MP-RAGE
using segmentation for initial intensity normalization
using MR volume brainmask.mgz to mask input volume...
reading mri_src from norm.mgz...
Reading aseg aseg.presurf.mgz
normalizing image...
NOT doing gentle normalization with control points/label
processing with aseg
removing outliers in the aseg WM...
1116 control points removed
Building bias image
building Voronoi diagram...
performing soap bubble smoothing, sigma = 0...
Smoothing with sigma 8
Applying bias correction
building Voronoi diagram...
performing soap bubble smoothing, sigma = 8...

Iterating 2 times
---------------------------------
3d normalization pass 1 of 2
white matter peak found at 110
white matter peak found at 110
gm peak at 59 (59), valley at  0 (-1)
csf peak at 29, setting threshold to 49
building Voronoi diagram...
performing soap bubble smoothing, sigma = 8...
---------------------------------
3d normalization pass 2 of 2
white matter peak found at 110
white matter peak found at 110
gm peak at 60 (60), valley at  0 (-1)
csf peak at 30, setting threshold to 50
building Voronoi diagram...
performing soap bubble smoothing, sigma = 8...
Done iterating ---------------------------------
writing output to brain.mgz
3D bias adjustment took 1 minutes and 22 seconds.
#--------------------------------------------
#@# Mask BFS Fri Mar  6 07:49:49 CET 2026
/out/sourcedata/freesurfer/sub-v1s10x0050999_ses-1/mri

 mri_mask -T 5 brain.mgz brainmask.mgz brain.finalsurfs.mgz 

threshold mask volume at 5
DoAbs = 0
Found 1355293 voxels in mask (pct=  8.08)
Writing masked volume to brain.finalsurfs.mgz...done.
#--------------------------------------------
#@# WM Segmentation Fri Mar  6 07:49:50 CET 2026

 AntsDenoiseImageFs -i brain.mgz -o antsdn.brain.mgz 


 mri_segment -wsizemm 13 -mprage antsdn.brain.mgz wm.seg.mgz 

wsizemm = 13, voxres = 1, wsize = 13
Widening wm low from 89 to 79
assuming input volume is MGH (Van der Kouwe) MP-RAGE
wm mean:  110
wsize:    13
wm low:   79
wm hi:    125
gray low: 30
gray hi:  99
Doing initial trinary intensity segmentation 
Using local statistics to label ambiguous voxels
Autodetecting stats
Computing class statistics for intensity windows...
CCS WM (104.0): 104.7 +- 4.6 [79.0 --> 125.0]
CCS GM (70.0) : 68.7 +- 9.4 [30.0 --> 95.0]
 white_mean 104.727
 white_sigma 4.58057
 gray_mean 68.6659
 gray_sigma 9.37948
setting bottom of white matter range wm_low to 78.0
setting top of gray matter range gray_hi to 87.4
 wm_low 78.0454
 wm_hi  125
 gray_low 30
 gray_hi  87.4249
Redoing initial intensity segmentation...
Recomputing local statistics to label ambiguous voxels...
 wm_low 78.0454
 wm_hi  125
 gray_low 30
 gray_hi  87.4249
using local geometry to label remaining ambiguous voxels...
polvwsize = 5, polvlen = 3, gray_hi = 87.4249, wm_low = 78.0454
MRIcpolvMedianCurveSegment(): wsize=5, len=3, gmhi=87.4249, wmlow=78.0454
    101730 voxels processed (0.61%)
     48561 voxels white (0.29%)
     53169 voxels non-white (0.32%)

Reclassifying voxels using Gaussian border classifier niter=1
MRIreclassify(): wm_low=73.0454, gray_hi=87.4249, wsize=13
    168836 voxels tested (1.01%)
     38157 voxels changed (0.23%)
     48608 multi-scale searches  (0.29%)
Recovering bright white
MRIrecoverBrightWhite()
 wm_low 78.0454
 wm_hi 125
 slack 4.58057
 pct_thresh 0.33
 intensity_thresh 129.581
 nvox_thresh 8.58
      351 voxels tested (0.00%)
      224 voxels changed (0.00%)

removing voxels with positive offset direction...
MRIremoveWrongDirection() wsize=3, lowthr=73.0454, hithr=87.4249
  smoothing input volume with sigma = 0.250
    58692 voxels tested (0.35%)
    12860 voxels changed (0.08%)
thicken = 1
removing 1-dimensional structures...
MRIremove1dStructures(): max_iter=10000, thresh=2, WM_MIN_VAL=5
 3326 sparsely connected voxels removed in 1 iterations
thickening thin strands....
thickness 4
nsegments 20
wm_hi 125
1308 diagonally connected voxels added...
MRIthickenThinWMStrands(): thickness=4, nsegments=20
  20 segments, 2703 filled
MRIfindBrightNonWM(): 3213 bright non-wm voxels segmented.
MRIfilterMorphology() WM_MIN_VAL=5, DIAGONAL_FILL=230
white matter segmentation took 0.7 minutes
writing output to wm.seg.mgz...

 mri_edit_wm_with_aseg -keep-in wm.seg.mgz brain.mgz aseg.presurf.mgz wm.asegedit.mgz 

preserving editing changes in input volume...
auto filling took 0.34 minutes
reading wm segmentation from wm.seg.mgz...
0 voxels added to wm to prevent paths from MTL structures to cortex
2879 additional wm voxels added
0 additional wm voxels added
SEG EDIT: 42652 voxels turned on, 4358 voxels turned off.
propagating editing to output volume from wm.seg.mgz
writing edited volume to wm.asegedit.mgz....

 mri_pretess wm.asegedit.mgz wm norm.mgz wm.mgz 


Iteration Number : 1
pass   1 (xy+):  25 found -  25 modified     |    TOTAL:  25
pass   2 (xy+):   0 found -  25 modified     |    TOTAL:  25
pass   1 (xy-):  28 found -  28 modified     |    TOTAL:  53
pass   2 (xy-):   0 found -  28 modified     |    TOTAL:  53
pass   1 (yz+):  43 found -  43 modified     |    TOTAL:  96
pass   2 (yz+):   0 found -  43 modified     |    TOTAL:  96
pass   1 (yz-):  32 found -  32 modified     |    TOTAL: 128
pass   2 (yz-):   0 found -  32 modified     |    TOTAL: 128
pass   1 (xz+):  30 found -  30 modified     |    TOTAL: 158
pass   2 (xz+):   0 found -  30 modified     |    TOTAL: 158
pass   1 (xz-):  21 found -  21 modified     |    TOTAL: 179
pass   2 (xz-):   0 found -  21 modified     |    TOTAL: 179
Iteration Number : 1
pass   1 (+++):  18 found -  18 modified     |    TOTAL:  18
pass   2 (+++):   0 found -  18 modified     |    TOTAL:  18
pass   1 (+++):  28 found -  28 modified     |    TOTAL:  46
pass   2 (+++):   0 found -  28 modified     |    TOTAL:  46
pass   1 (+++):  30 found -  30 modified     |    TOTAL:  76
pass   2 (+++):   0 found -  30 modified     |    TOTAL:  76
pass   1 (+++):  29 found -  29 modified     |    TOTAL: 105
pass   2 (+++):   0 found -  29 modified     |    TOTAL: 105
Iteration Number : 1
pass   1 (++): 106 found - 106 modified     |    TOTAL: 106
pass   2 (++):   0 found - 106 modified     |    TOTAL: 106
pass   1 (+-):  52 found -  52 modified     |    TOTAL: 158
pass   2 (+-):   0 found -  52 modified     |    TOTAL: 158
pass   1 (--):  74 found -  74 modified     |    TOTAL: 232
pass   2 (--):   0 found -  74 modified     |    TOTAL: 232
pass   1 (-+):  65 found -  65 modified     |    TOTAL: 297
pass   2 (-+):   0 found -  65 modified     |    TOTAL: 297
Iteration Number : 2
pass   1 (xy+):   3 found -   3 modified     |    TOTAL:   3
pass   2 (xy+):   0 found -   3 modified     |    TOTAL:   3
pass   1 (xy-):   5 found -   5 modified     |    TOTAL:   8
pass   2 (xy-):   0 found -   5 modified     |    TOTAL:   8
pass   1 (yz+):   8 found -   8 modified     |    TOTAL:  16
pass   2 (yz+):   0 found -   8 modified     |    TOTAL:  16
pass   1 (yz-):   7 found -   7 modified     |    TOTAL:  23
pass   2 (yz-):   0 found -   7 modified     |    TOTAL:  23
pass   1 (xz+):   8 found -   8 modified     |    TOTAL:  31
pass   2 (xz+):   0 found -   8 modified     |    TOTAL:  31
pass   1 (xz-):   7 found -   7 modified     |    TOTAL:  38
pass   2 (xz-):   0 found -   7 modified     |    TOTAL:  38
Iteration Number : 2
pass   1 (+++):   0 found -   0 modified     |    TOTAL:   0
pass   1 (+++):   0 found -   0 modified     |    TOTAL:   0
pass   1 (+++):   0 found -   0 modified     |    TOTAL:   0
pass   1 (+++):   0 found -   0 modified     |    TOTAL:   0
Iteration Number : 2
pass   1 (++):   5 found -   5 modified     |    TOTAL:   5
pass   2 (++):   0 found -   5 modified     |    TOTAL:   5
pass   1 (+-):   1 found -   1 modified     |    TOTAL:   6
pass   2 (+-):   0 found -   1 modified     |    TOTAL:   6
pass   1 (--):   2 found -   2 modified     |    TOTAL:   8
pass   2 (--):   0 found -   2 modified     |    TOTAL:   8
pass   1 (-+):   2 found -   2 modified     |    TOTAL:  10
pass   2 (-+):   0 found -   2 modified     |    TOTAL:  10
Iteration Number : 3
pass   1 (xy+):   0 found -   0 modified     |    TOTAL:   0
pass   1 (xy-):   0 found -   0 modified     |    TOTAL:   0
pass   1 (yz+):   0 found -   0 modified     |    TOTAL:   0
pass   1 (yz-):   0 found -   0 modified     |    TOTAL:   0
pass   1 (xz+):   1 found -   1 modified     |    TOTAL:   1
pass   2 (xz+):   0 found -   1 modified     |    TOTAL:   1
pass   1 (xz-):   0 found -   0 modified     |    TOTAL:   1
Iteration Number : 3
pass   1 (+++):   0 found -   0 modified     |    TOTAL:   0
pass   1 (+++):   0 found -   0 modified     |    TOTAL:   0
pass   1 (+++):   0 found -   0 modified     |    TOTAL:   0
pass   1 (+++):   0 found -   0 modified     |    TOTAL:   0
Iteration Number : 3
pass   1 (++):   0 found -   0 modified     |    TOTAL:   0
pass   1 (+-):   0 found -   0 modified     |    TOTAL:   0
pass   1 (--):   0 found -   0 modified     |    TOTAL:   0
pass   1 (-+):   0 found -   0 modified     |    TOTAL:   0
Iteration Number : 4
pass   1 (xy+):   0 found -   0 modified     |    TOTAL:   0
pass   1 (xy-):   0 found -   0 modified     |    TOTAL:   0
pass   1 (yz+):   0 found -   0 modified     |    TOTAL:   0
pass   1 (yz-):   0 found -   0 modified     |    TOTAL:   0
pass   1 (xz+):   0 found -   0 modified     |    TOTAL:   0
pass   1 (xz-):   0 found -   0 modified     |    TOTAL:   0
Iteration Number : 4
pass   1 (+++):   0 found -   0 modified     |    TOTAL:   0
pass   1 (+++):   0 found -   0 modified     |    TOTAL:   0
pass   1 (+++):   0 found -   0 modified     |    TOTAL:   0
pass   1 (+++):   0 found -   0 modified     |    TOTAL:   0
Iteration Number : 4
pass   1 (++):   0 found -   0 modified     |    TOTAL:   0
pass   1 (+-):   0 found -   0 modified     |    TOTAL:   0
pass   1 (--):   0 found -   0 modified     |    TOTAL:   0
pass   1 (-+):   0 found -   0 modified     |    TOTAL:   0

Total Number of Modified Voxels = 630 (out of 527642: 0.119399)
binarizing input wm segmentation...
Ambiguous edge configurations... 

mri_pretess done

#--------------------------------------------
#@# Fill Fri Mar  6 07:51:22 CET 2026
/out/sourcedata/freesurfer/sub-v1s10x0050999_ses-1/mri

 mri_fill -a ../scripts/ponscc.cut.log -xform transforms/talairach.lta -segmentation aseg.presurf.mgz -ctab /opt/freesurfer/SubCorticalMassLUT.txt wm.mgz filled.mgz 

logging cutting plane coordinates to ../scripts/ponscc.cut.log...
INFO: Using transforms/talairach.lta and its offset for Talairach volume ...
using segmentation aseg.presurf.mgz...
reading input volume...done.
searching for cutting planes...voxel to talairach voxel transform
 1.12814   0.04597   0.11767  -41.53322;
-0.06974   1.06172   0.53656  -81.33029;
-0.08726  -0.45077   0.88989   81.89241;
 0.00000   0.00000   0.00000   1.00000;
voxel to talairach voxel transform
 1.12814   0.04597   0.11767  -41.53322;
-0.06974   1.06172   0.53656  -81.33029;
-0.08726  -0.45077   0.88989   81.89241;
 0.00000   0.00000   0.00000   1.00000;
reading segmented volume aseg.presurf.mgz
removing CC from segmentation
Looking for area (min, max) = (350, 1400)
area[0] = 1661 (min = 350, max = 1400), aspect = 0.70 (min = 0.10, max = 0.75)
need search nearby
using seed (127, 122, 153), TAL = (1.0, 25.0, 6.0)
talairach voxel to voxel transform
 0.87640  -0.06939  -0.07405   36.82080;
 0.01126   0.74901  -0.45310   98.49005;
 0.09164   0.37260   0.88696  -38.52516;
 0.00000   0.00000   0.00000   1.00000;
segmentation indicates cc at (127,  122,  153) --> (1.0, 25.0, 6.0)
done.
filling took 0.6 minutes
talairach cc position changed to (1.00, 25.00, 6.00)
Erasing brainstem...done.
seed_search_size = 9, min_neighbors = 5
search rh wm seed point around talairach space:(19.00, 25.00, 6.00) SRC: (112.55, 121.77, 152.63)
search lh wm seed point around talairach space (-17.00, 25.00, 6.00), SRC: (144.10, 122.18, 155.92)
compute mri_fill using aseg
Erasing Brain Stem and Cerebellum ...
Define left and right masks using aseg:
Building Voronoi diagram ...
Using the Voronoi diagram for separating WM into two hemispheres ...
Find the largest connected component for each hemisphere ...
Embedding colortable
mri_fill done, writing output to filled.mgz...
 cp filled.mgz filled.auto.mgz

Started at Fri Mar 6 06:43:47 CET 2026 
Ended   at Fri Mar 6 07:52:00 CET 2026
#@#%# recon-all-run-time-hours 1.137
recon-all -s sub-v1s10x0050999_ses-1 finished without error at Fri Mar  6 07:52:00 CET 2026



#New# invocation of recon-all 




Fri Mar  6 08:32:43 CET 2026
cd /out/sourcedata/freesurfer/sub-v1s10x0050999_ses-1
setenv SUBJECTS_DIR /out/sourcedata/freesurfer
/opt/freesurfer/bin/recon-all -parallel -subjid sub-v1s10x0050999_ses-1 -sd /out/sourcedata/freesurfer -cortribbon

subjid sub-v1s10x0050999_ses-1
setenv SUBJECTS_DIR /out/sourcedata/freesurfer
FREESURFER_HOME /opt/freesurfer
Actual FREESURFER_HOME /opt/freesurfer
build-stamp.txt: freesurfer-linux-ubuntu22_x86_64-7.3.2-20220804-6354275
Linux dna078 5.14.0-427.37.1.el9_4.x86_64 #1 SMP PREEMPT_DYNAMIC Fri Sep 13 12:41:50 EDT 2024 x86_64 x86_64 x86_64 GNU/Linux
cputime      unlimited
filesize     unlimited
datasize     unlimited
stacksize    8192 kbytes
coredumpsize 0 kbytes
memoryuse    67108864 kbytes
vmemoryuse   unlimited
descriptors  1024 
memorylocked unlimited
maxproc      2061970 
maxlocks     unlimited
maxsignal    2062029 
maxmessage   819200 
maxnice      0 
maxrtprio    0 
maxrttime    unlimited

               total        used        free      shared  buff/cache   available
Mem:           503Gi        67Gi       395Gi       6.3Gi        40Gi       426Gi
Swap:             0B          0B          0B

########################################
program versions used
7.3.2 (freesurfer-linux-ubuntu22_x86_64-7.3.2-20220804-6354275)
7.3.2

ProgramName: lta_convert  ProgramArguments: lta_convert -all-info  ProgramVersion: 7.3.2  TimeStamp: 2026/03/06-07:32:43-GMT  BuildTime: Aug  4 2022 06:17:15  BuildStamp: freesurfer-linux-ubuntu22_x86_64-7.3.2-20220804-6354275  User: oesteban  Machine: dna078  Platform: Linux  PlatformVersion: 5.14.0-427.37.1.el9_4.x86_64  CompilerName: GCC  CompilerVersion: 8.4.0
ProgramName: mri_and  ProgramArguments: mri_and -all-info  ProgramVersion: 7.3.2  TimeStamp: 2026/03/06-07:32:43-GMT  BuildTime: Aug  4 2022 06:17:15  BuildStamp: freesurfer-linux-ubuntu22_x86_64-7.3.2-20220804-6354275  User: oesteban  Machine: dna078  Platform: Linux  PlatformVersion: 5.14.0-427.37.1.el9_4.x86_64  CompilerName: GCC  CompilerVersion: 8.4.0
ProgramName: mri_annotation2label  ProgramArguments: mri_annotation2label -all-info  ProgramVersion: 7.3.2  TimeStamp: 2026/03/06-07:32:43-GMT  BuildTime: Aug  4 2022 06:17:15  BuildStamp: freesurfer-linux-ubuntu22_x86_64-7.3.2-20220804-6354275  User: oesteban  Machine: dna078  Platform: Linux  PlatformVersion: 5.14.0-427.37.1.el9_4.x86_64  CompilerName: GCC  CompilerVersion: 8.4.0
ProgramName: mri_aparc2aseg  ProgramArguments: mri_aparc2aseg -all-info  ProgramVersion: 7.3.2  TimeStamp: 2026/03/06-07:32:43-GMT  BuildTime: Aug  4 2022 06:17:15  BuildStamp: freesurfer-linux-ubuntu22_x86_64-7.3.2-20220804-6354275  User: oesteban  Machine: dna078  Platform: Linux  PlatformVersion: 5.14.0-427.37.1.el9_4.x86_64  CompilerName: GCC  CompilerVersion: 8.4.0
ProgramName: mri_surf2volseg  ProgramArguments: mri_surf2volseg -all-info  ProgramVersion: 7.3.2  TimeStamp: 2026/03/06-07:32:43-GMT  BuildTime: Aug  4 2022 06:17:15  BuildStamp: freesurfer-linux-ubuntu22_x86_64-7.3.2-20220804-6354275  User: oesteban  Machine: dna078  Platform: Linux  PlatformVersion: 5.14.0-427.37.1.el9_4.x86_64  CompilerName: GCC  CompilerVersion: 8.4.0
ProgramName: mri_binarize  ProgramArguments: mri_binarize -all-info  ProgramVersion: 7.3.2  TimeStamp: 2026/03/06-07:32:43-GMT  BuildTime: Aug  4 2022 06:17:15  BuildStamp: freesurfer-linux-ubuntu22_x86_64-7.3.2-20220804-6354275  User: oesteban  Machine: dna078  Platform: Linux  PlatformVersion: 5.14.0-427.37.1.el9_4.x86_64  CompilerName: GCC  CompilerVersion: 8.4.0
ProgramName: mri_ca_label  ProgramArguments: mri_ca_label -all-info  ProgramVersion: 7.3.2  TimeStamp: 2026/03/06-07:32:43-GMT  BuildTime: Aug  4 2022 06:17:15  BuildStamp: freesurfer-linux-ubuntu22_x86_64-7.3.2-20220804-6354275  User: oesteban  Machine: dna078  Platform: Linux  PlatformVersion: 5.14.0-427.37.1.el9_4.x86_64  CompilerName: GCC  CompilerVersion: 8.4.0
ProgramName: mri_ca_normalize  ProgramArguments: mri_ca_normalize -all-info  ProgramVersion: 7.3.2  TimeStamp: 2026/03/06-07:32:43-GMT  BuildTime: Aug  4 2022 06:17:15  BuildStamp: freesurfer-linux-ubuntu22_x86_64-7.3.2-20220804-6354275  User: oesteban  Machine: dna078  Platform: Linux  PlatformVersion: 5.14.0-427.37.1.el9_4.x86_64  CompilerName: GCC  CompilerVersion: 8.4.0
ProgramName: mri_ca_register  ProgramArguments: mri_ca_register -all-info  ProgramVersion: 7.3.2  TimeStamp: 2026/03/06-07:32:43-GMT  BuildTime: Aug  4 2022 06:17:15  BuildStamp: freesurfer-linux-ubuntu22_x86_64-7.3.2-20220804-6354275  User: oesteban  Machine: dna078  Platform: Linux  PlatformVersion: 5.14.0-427.37.1.el9_4.x86_64  CompilerName: GCC  CompilerVersion: 8.4.0
ProgramName: mri_cc  ProgramArguments: mri_cc -all-info  ProgramVersion: 7.3.2  TimeStamp: 2026/03/06-07:32:43-GMT  BuildTime: Aug  4 2022 06:17:15  BuildStamp: freesurfer-linux-ubuntu22_x86_64-7.3.2-20220804-6354275  User: oesteban  Machine: dna078  Platform: Linux  PlatformVersion: 5.14.0-427.37.1.el9_4.x86_64  CompilerName: GCC  CompilerVersion: 8.4.0
ProgramName: mri_compute_overlap  ProgramArguments: mri_compute_overlap -all-info  ProgramVersion: 7.3.2  TimeStamp: 2026/03/06-07:32:43-GMT  BuildTime: Aug  4 2022 06:17:15  BuildStamp: freesurfer-linux-ubuntu22_x86_64-7.3.2-20220804-6354275  User: oesteban  Machine: dna078  Platform: Linux  PlatformVersion: 5.14.0-427.37.1.el9_4.x86_64  CompilerName: GCC  CompilerVersion: 8.4.0
ProgramName: mri_compute_seg_overlap  ProgramArguments: mri_compute_seg_overlap -all-info  ProgramVersion: 7.3.2  TimeStamp: 2026/03/06-07:32:43-GMT  BuildTime: Aug  4 2022 06:17:15  BuildStamp: freesurfer-linux-ubuntu22_x86_64-7.3.2-20220804-6354275  User: oesteban  Machine: dna078  Platform: Linux  PlatformVersion: 5.14.0-427.37.1.el9_4.x86_64  CompilerName: GCC  CompilerVersion: 8.4.0
ProgramName: mri_concat  ProgramArguments: mri_concat -all-info  ProgramVersion: 7.3.2  TimeStamp: 2026/03/06-07:32:43-GMT  BuildTime: Aug  4 2022 06:17:15  BuildStamp: freesurfer-linux-ubuntu22_x86_64-7.3.2-20220804-6354275  User: oesteban  Machine: dna078  Platform: Linux  PlatformVersion: 5.14.0-427.37.1.el9_4.x86_64  CompilerName: GCC  CompilerVersion: 8.4.0
ProgramName: mri_concatenate_lta  ProgramArguments: mri_concatenate_lta -all-info  ProgramVersion: 7.3.2  TimeStamp: 2026/03/06-07:32:43-GMT  BuildTime: Aug  4 2022 06:17:15  BuildStamp: freesurfer-linux-ubuntu22_x86_64-7.3.2-20220804-6354275  User: oesteban  Machine: dna078  Platform: Linux  PlatformVersion: 5.14.0-427.37.1.el9_4.x86_64  CompilerName: GCC  CompilerVersion: 8.4.0
mri_convert -all-info 
ProgramName: mri_convert  ProgramArguments: mri_convert -all-info  ProgramVersion: 7.3.2  TimeStamp: 2026/03/06-07:32:43-GMT  BuildTime: Aug  4 2022 06:17:15  BuildStamp: freesurfer-linux-ubuntu22_x86_64-7.3.2-20220804-6354275  User: oesteban  Machine: dna078  Platform: Linux  PlatformVersion: 5.14.0-427.37.1.el9_4.x86_64  CompilerName: GCC  CompilerVersion: 8.4.0
ProgramName: mri_diff  ProgramArguments: mri_diff -all-info  ProgramVersion: 7.3.2  TimeStamp: 2026/03/06-07:32:43-GMT  BuildTime: Aug  4 2022 06:17:15  BuildStamp: freesurfer-linux-ubuntu22_x86_64-7.3.2-20220804-6354275  User: oesteban  Machine: dna078  Platform: Linux  PlatformVersion: 5.14.0-427.37.1.el9_4.x86_64  CompilerName: GCC  CompilerVersion: 8.4.0
ProgramName: mri_edit_wm_with_aseg  ProgramArguments: mri_edit_wm_with_aseg -all-info  ProgramVersion: 7.3.2  TimeStamp: 2026/03/06-07:32:43-GMT  BuildTime: Aug  4 2022 06:17:15  BuildStamp: freesurfer-linux-ubuntu22_x86_64-7.3.2-20220804-6354275  User: oesteban  Machine: dna078  Platform: Linux  PlatformVersion: 5.14.0-427.37.1.el9_4.x86_64  CompilerName: GCC  CompilerVersion: 8.4.0
ProgramName: mri_em_register  ProgramArguments: mri_em_register -all-info  ProgramVersion: 7.3.2  TimeStamp: 2026/03/06-07:32:43-GMT  BuildTime: Aug  4 2022 06:17:15  BuildStamp: freesurfer-linux-ubuntu22_x86_64-7.3.2-20220804-6354275  User: oesteban  Machine: dna078  Platform: Linux  PlatformVersion: 5.14.0-427.37.1.el9_4.x86_64  CompilerName: GCC  CompilerVersion: 8.4.0
ProgramName: mri_fill  ProgramArguments: mri_fill -all-info  ProgramVersion: 7.3.2  TimeStamp: 2026/03/06-07:32:43-GMT  BuildTime: Aug  4 2022 06:17:15  BuildStamp: freesurfer-linux-ubuntu22_x86_64-7.3.2-20220804-6354275  User: oesteban  Machine: dna078  Platform: Linux  PlatformVersion: 5.14.0-427.37.1.el9_4.x86_64  CompilerName: GCC  CompilerVersion: 8.4.0
ProgramName: mri_fuse_segmentations  ProgramArguments: mri_fuse_segmentations -all-info  ProgramVersion: 7.3.2  TimeStamp: 2026/03/06-07:32:43-GMT  BuildTime: Aug  4 2022 06:17:15  BuildStamp: freesurfer-linux-ubuntu22_x86_64-7.3.2-20220804-6354275  User: oesteban  Machine: dna078  Platform: Linux  PlatformVersion: 5.14.0-427.37.1.el9_4.x86_64  CompilerName: GCC  CompilerVersion: 8.4.0
ProgramName: mri_fwhm  ProgramArguments: mri_fwhm -all-info  ProgramVersion: 7.3.2  TimeStamp: 2026/03/06-07:32:43-GMT  BuildTime: Aug  4 2022 06:17:15  BuildStamp: freesurfer-linux-ubuntu22_x86_64-7.3.2-20220804-6354275  User: oesteban  Machine: dna078  Platform: Linux  PlatformVersion: 5.14.0-427.37.1.el9_4.x86_64  CompilerName: GCC  CompilerVersion: 8.4.0
ProgramName: mri_gcut  ProgramArguments: mri_gcut -all-info  ProgramVersion: 7.3.2  TimeStamp: 2026/03/06-07:32:43-GMT  BuildTime: Aug  4 2022 06:17:15  BuildStamp: freesurfer-linux-ubuntu22_x86_64-7.3.2-20220804-6354275  User: oesteban  Machine: dna078  Platform: Linux  PlatformVersion: 5.14.0-427.37.1.el9_4.x86_64  CompilerName: GCC  CompilerVersion: 8.4.0
ProgramName: mri_info  ProgramArguments: mri_info -all-info  ProgramVersion: 7.3.2  TimeStamp: 2026/03/06-07:32:43-GMT  BuildTime: Aug  4 2022 06:17:15  BuildStamp: freesurfer-linux-ubuntu22_x86_64-7.3.2-20220804-6354275  User: oesteban  Machine: dna078  Platform: Linux  PlatformVersion: 5.14.0-427.37.1.el9_4.x86_64  CompilerName: GCC  CompilerVersion: 8.4.0
ProgramName: mri_label2label  ProgramArguments: mri_label2label -all-info  ProgramVersion: 7.3.2  TimeStamp: 2026/03/06-07:32:43-GMT  BuildTime: Aug  4 2022 06:17:15  BuildStamp: freesurfer-linux-ubuntu22_x86_64-7.3.2-20220804-6354275  User: oesteban  Machine: dna078  Platform: Linux  PlatformVersion: 5.14.0-427.37.1.el9_4.x86_64  CompilerName: GCC  CompilerVersion: 8.4.0
ProgramName: mri_label2vol  ProgramArguments: mri_label2vol -all-info  ProgramVersion: 7.3.2  TimeStamp: 2026/03/06-07:32:43-GMT  BuildTime: Aug  4 2022 06:17:15  BuildStamp: freesurfer-linux-ubuntu22_x86_64-7.3.2-20220804-6354275  User: oesteban  Machine: dna078  Platform: Linux  PlatformVersion: 5.14.0-427.37.1.el9_4.x86_64  CompilerName: GCC  CompilerVersion: 8.4.0
ProgramName: mri_log_likelihood  ProgramArguments: mri_log_likelihood -all-info  ProgramVersion: 7.3.2  TimeStamp: 2026/03/06-07:32:43-GMT  BuildTime: Aug  4 2022 06:17:15  BuildStamp: freesurfer-linux-ubuntu22_x86_64-7.3.2-20220804-6354275  User: oesteban  Machine: dna078  Platform: Linux  PlatformVersion: 5.14.0-427.37.1.el9_4.x86_64  CompilerName: GCC  CompilerVersion: 8.4.0
ProgramName: mri_mask  ProgramArguments: mri_mask -all-info  ProgramVersion: 7.3.2  TimeStamp: 2026/03/06-07:32:43-GMT  BuildTime: Aug  4 2022 06:17:15  BuildStamp: freesurfer-linux-ubuntu22_x86_64-7.3.2-20220804-6354275  User: oesteban  Machine: dna078  Platform: Linux  PlatformVersion: 5.14.0-427.37.1.el9_4.x86_64  CompilerName: GCC  CompilerVersion: 8.4.0
ProgramName: mri_matrix_multiply  ProgramArguments: mri_matrix_multiply -all-info  ProgramVersion: 7.3.2  TimeStamp: 2026/03/06-07:32:43-GMT  BuildTime: Aug  4 2022 06:17:15  BuildStamp: freesurfer-linux-ubuntu22_x86_64-7.3.2-20220804-6354275  User: oesteban  Machine: dna078  Platform: Linux  PlatformVersion: 5.14.0-427.37.1.el9_4.x86_64  CompilerName: GCC  CompilerVersion: 8.4.0
ProgramName: mri_normalize  ProgramArguments: mri_normalize -all-info  ProgramVersion: 7.3.2  TimeStamp: 2026/03/06-07:32:43-GMT  BuildTime: Aug  4 2022 06:17:15  BuildStamp: freesurfer-linux-ubuntu22_x86_64-7.3.2-20220804-6354275  User: oesteban  Machine: dna078  Platform: Linux  PlatformVersion: 5.14.0-427.37.1.el9_4.x86_64  CompilerName: GCC  CompilerVersion: 8.4.0
ProgramName: mri_normalize_tp2  ProgramArguments: mri_normalize_tp2 -all-info  ProgramVersion: 7.3.2  TimeStamp: 2026/03/06-07:32:43-GMT  BuildTime: Aug  4 2022 06:17:15  BuildStamp: freesurfer-linux-ubuntu22_x86_64-7.3.2-20220804-6354275  User: oesteban  Machine: dna078  Platform: Linux  PlatformVersion: 5.14.0-427.37.1.el9_4.x86_64  CompilerName: GCC  CompilerVersion: 8.4.0
ProgramName: mri_or  ProgramArguments: mri_or -all-info  ProgramVersion: 7.3.2  TimeStamp: 2026/03/06-07:32:43-GMT  BuildTime: Aug  4 2022 06:17:15  BuildStamp: freesurfer-linux-ubuntu22_x86_64-7.3.2-20220804-6354275  User: oesteban  Machine: dna078  Platform: Linux  PlatformVersion: 5.14.0-427.37.1.el9_4.x86_64  CompilerName: GCC  CompilerVersion: 8.4.0
ProgramName: mri_relabel_hypointensities  ProgramArguments: mri_relabel_hypointensities -all-info  ProgramVersion: 7.3.2  TimeStamp: 2026/03/06-07:32:43-GMT  BuildTime: Aug  4 2022 06:17:15  BuildStamp: freesurfer-linux-ubuntu22_x86_64-7.3.2-20220804-6354275  User: oesteban  Machine: dna078  Platform: Linux  PlatformVersion: 5.14.0-427.37.1.el9_4.x86_64  CompilerName: GCC  CompilerVersion: 8.4.0
ProgramName: mri_relabel_nonwm_hypos  ProgramArguments: mri_relabel_nonwm_hypos -all-info  ProgramVersion: 7.3.2  TimeStamp: 2026/03/06-07:32:43-GMT  BuildTime: Aug  4 2022 06:17:15  BuildStamp: freesurfer-linux-ubuntu22_x86_64-7.3.2-20220804-6354275  User: oesteban  Machine: dna078  Platform: Linux  PlatformVersion: 5.14.0-427.37.1.el9_4.x86_64  CompilerName: GCC  CompilerVersion: 8.4.0
ProgramName: mri_remove_neck  ProgramArguments: mri_remove_neck -all-info  ProgramVersion: 7.3.2  TimeStamp: 2026/03/06-07:32:43-GMT  BuildTime: Aug  4 2022 06:17:15  BuildStamp: freesurfer-linux-ubuntu22_x86_64-7.3.2-20220804-6354275  User: oesteban  Machine: dna078  Platform: Linux  PlatformVersion: 5.14.0-427.37.1.el9_4.x86_64  CompilerName: GCC  CompilerVersion: 8.4.0
7.3.2

ProgramName: mri_robust_register  ProgramArguments: mri_robust_register -all-info  ProgramVersion: 7.3.2  TimeStamp: 2026/03/06-07:32:43-GMT  BuildTime: Aug  4 2022 06:17:15  BuildStamp: freesurfer-linux-ubuntu22_x86_64-7.3.2-20220804-6354275  User: oesteban  Machine: dna078  Platform: Linux  PlatformVersion: 5.14.0-427.37.1.el9_4.x86_64  CompilerName: GCC  CompilerVersion: 8.4.0
7.3.2

ProgramName: mri_robust_template  ProgramArguments: mri_robust_template -all-info  ProgramVersion: 7.3.2  TimeStamp: 2026/03/06-07:32:43-GMT  BuildTime: Aug  4 2022 06:17:15  BuildStamp: freesurfer-linux-ubuntu22_x86_64-7.3.2-20220804-6354275  User: oesteban  Machine: dna078  Platform: Linux  PlatformVersion: 5.14.0-427.37.1.el9_4.x86_64  CompilerName: GCC  CompilerVersion: 8.4.0
ProgramName: mris_anatomical_stats  ProgramArguments: mris_anatomical_stats -all-info  ProgramVersion: 7.3.2  TimeStamp: 2026/03/06-07:32:43-GMT  BuildTime: Aug  4 2022 06:17:15  BuildStamp: freesurfer-linux-ubuntu22_x86_64-7.3.2-20220804-6354275  User: oesteban  Machine: dna078  Platform: Linux  PlatformVersion: 5.14.0-427.37.1.el9_4.x86_64  CompilerName: GCC  CompilerVersion: 8.4.0
ProgramName: mris_ca_label  ProgramArguments: mris_ca_label -all-info  ProgramVersion: 7.3.2  TimeStamp: 2026/03/06-07:32:43-GMT  BuildTime: Aug  4 2022 06:17:15  BuildStamp: freesurfer-linux-ubuntu22_x86_64-7.3.2-20220804-6354275  User: oesteban  Machine: dna078  Platform: Linux  PlatformVersion: 5.14.0-427.37.1.el9_4.x86_64  CompilerName: GCC  CompilerVersion: 8.4.0
ProgramName: mris_calc  ProgramArguments: mris_calc -all-info  ProgramVersion: 7.3.2  TimeStamp: 2026/03/06-07:32:43-GMT  BuildTime: Aug  4 2022 06:17:15  BuildStamp: freesurfer-linux-ubuntu22_x86_64-7.3.2-20220804-6354275  User: oesteban  Machine: dna078  Platform: Linux  PlatformVersion: 5.14.0-427.37.1.el9_4.x86_64  CompilerName: GCC  CompilerVersion: 8.4.0
ProgramName: mris_convert  ProgramArguments: mris_convert -all-info  ProgramVersion: 7.3.2  TimeStamp: 2026/03/06-07:32:43-GMT  BuildTime: Aug  4 2022 06:17:15  BuildStamp: freesurfer-linux-ubuntu22_x86_64-7.3.2-20220804-6354275  User: oesteban  Machine: dna078  Platform: Linux  PlatformVersion: 5.14.0-427.37.1.el9_4.x86_64  CompilerName: GCC  CompilerVersion: 8.4.0
ProgramName: mris_curvature  ProgramArguments: mris_curvature -all-info  ProgramVersion: 7.3.2  TimeStamp: 2026/03/06-07:32:43-GMT  BuildTime: Aug  4 2022 06:17:15  BuildStamp: freesurfer-linux-ubuntu22_x86_64-7.3.2-20220804-6354275  User: oesteban  Machine: dna078  Platform: Linux  PlatformVersion: 5.14.0-427.37.1.el9_4.x86_64  CompilerName: GCC  CompilerVersion: 8.4.0
ProgramName: mris_curvature_stats  ProgramArguments: mris_curvature_stats -all-info  ProgramVersion: 7.3.2  TimeStamp: 2026/03/06-07:32:43-GMT  BuildTime: Aug  4 2022 06:17:15  BuildStamp: freesurfer-linux-ubuntu22_x86_64-7.3.2-20220804-6354275  User: oesteban  Machine: dna078  Platform: Linux  PlatformVersion: 5.14.0-427.37.1.el9_4.x86_64  CompilerName: GCC  CompilerVersion: 8.4.0
ProgramName: mris_diff  ProgramArguments: mris_diff -all-info  ProgramVersion: 7.3.2  TimeStamp: 2026/03/06-07:32:43-GMT  BuildTime: Aug  4 2022 06:17:15  BuildStamp: freesurfer-linux-ubuntu22_x86_64-7.3.2-20220804-6354275  User: oesteban  Machine: dna078  Platform: Linux  PlatformVersion: 5.14.0-427.37.1.el9_4.x86_64  CompilerName: GCC  CompilerVersion: 8.4.0
ProgramName: mris_divide_parcellation  ProgramArguments: mris_divide_parcellation -all-info  ProgramVersion: 7.3.2  TimeStamp: 2026/03/06-07:32:43-GMT  BuildTime: Aug  4 2022 06:17:15  BuildStamp: freesurfer-linux-ubuntu22_x86_64-7.3.2-20220804-6354275  User: oesteban  Machine: dna078  Platform: Linux  PlatformVersion: 5.14.0-427.37.1.el9_4.x86_64  CompilerName: GCC  CompilerVersion: 8.4.0
ProgramName: mri_segment  ProgramArguments: mri_segment -all-info  ProgramVersion: 7.3.2  TimeStamp: 2026/03/06-07:32:43-GMT  BuildTime: Aug  4 2022 06:17:15  BuildStamp: freesurfer-linux-ubuntu22_x86_64-7.3.2-20220804-6354275  User: oesteban  Machine: dna078  Platform: Linux  PlatformVersion: 5.14.0-427.37.1.el9_4.x86_64  CompilerName: GCC  CompilerVersion: 8.4.0
ProgramName: mri_segstats  ProgramArguments: mri_segstats -all-info  ProgramVersion: 7.3.2  TimeStamp: 2026/03/06-07:32:43-GMT  BuildTime: Aug  4 2022 06:17:15  BuildStamp: freesurfer-linux-ubuntu22_x86_64-7.3.2-20220804-6354275  User: oesteban  Machine: dna078  Platform: Linux  PlatformVersion: 5.14.0-427.37.1.el9_4.x86_64  CompilerName: GCC  CompilerVersion: 8.4.0
ProgramName: mris_euler_number  ProgramArguments: mris_euler_number -all-info  ProgramVersion: 7.3.2  TimeStamp: 2026/03/06-07:32:43-GMT  BuildTime: Aug  4 2022 06:17:15  BuildStamp: freesurfer-linux-ubuntu22_x86_64-7.3.2-20220804-6354275  User: oesteban  Machine: dna078  Platform: Linux  PlatformVersion: 5.14.0-427.37.1.el9_4.x86_64  CompilerName: GCC  CompilerVersion: 8.4.0
ProgramName: mris_fix_topology  ProgramArguments: mris_fix_topology -all-info  ProgramVersion: 7.3.2  TimeStamp: 2026/03/06-07:32:43-GMT  BuildTime: Aug  4 2022 06:17:15  BuildStamp: freesurfer-linux-ubuntu22_x86_64-7.3.2-20220804-6354275  User: oesteban  Machine: dna078  Platform: Linux  PlatformVersion: 5.14.0-427.37.1.el9_4.x86_64  CompilerName: GCC  CompilerVersion: 8.4.0
ProgramName: mris_topo_fixer  ProgramArguments: mris_topo_fixer -all-info  ProgramVersion: 7.3.2  TimeStamp: 2026/03/06-07:32:43-GMT  BuildTime: Aug  4 2022 06:17:15  BuildStamp: freesurfer-linux-ubuntu22_x86_64-7.3.2-20220804-6354275  User: oesteban  Machine: dna078  Platform: Linux  PlatformVersion: 5.14.0-427.37.1.el9_4.x86_64  CompilerName: GCC  CompilerVersion: 8.4.0
ProgramName: mris_jacobian  ProgramArguments: mris_jacobian -all-info  ProgramVersion: 7.3.2  TimeStamp: 2026/03/06-07:32:43-GMT  BuildTime: Aug  4 2022 06:17:15  BuildStamp: freesurfer-linux-ubuntu22_x86_64-7.3.2-20220804-6354275  User: oesteban  Machine: dna078  Platform: Linux  PlatformVersion: 5.14.0-427.37.1.el9_4.x86_64  CompilerName: GCC  CompilerVersion: 8.4.0
ProgramName: mris_label2annot  ProgramArguments: mris_label2annot -all-info  ProgramVersion: 7.3.2  TimeStamp: 2026/03/06-07:32:43-GMT  BuildTime: Aug  4 2022 06:17:15  BuildStamp: freesurfer-linux-ubuntu22_x86_64-7.3.2-20220804-6354275  User: oesteban  Machine: dna078  Platform: Linux  PlatformVersion: 5.14.0-427.37.1.el9_4.x86_64  CompilerName: GCC  CompilerVersion: 8.4.0
ProgramName: mris_left_right_register  ProgramArguments: mris_left_right_register -all-info  ProgramVersion: 7.3.2  TimeStamp: 2026/03/06-07:32:43-GMT  BuildTime: Aug  4 2022 06:17:15  BuildStamp: freesurfer-linux-ubuntu22_x86_64-7.3.2-20220804-6354275  User: oesteban  Machine: dna078  Platform: Linux  PlatformVersion: 5.14.0-427.37.1.el9_4.x86_64  CompilerName: GCC  CompilerVersion: 8.4.0
ProgramName: mris_place_surface  ProgramArguments: mris_place_surface -all-info  ProgramVersion: 7.3.2  TimeStamp: 2026/03/06-07:32:43-GMT  BuildTime: Aug  4 2022 06:17:15  BuildStamp: freesurfer-linux-ubuntu22_x86_64-7.3.2-20220804-6354275  User: oesteban  Machine: dna078  Platform: Linux  PlatformVersion: 5.14.0-427.37.1.el9_4.x86_64  CompilerName: GCC  CompilerVersion: 8.4.0
ProgramName: mrisp_paint  ProgramArguments: mrisp_paint -all-info  ProgramVersion: 7.3.2  TimeStamp: 2026/03/06-07:32:43-GMT  BuildTime: Aug  4 2022 06:17:15  BuildStamp: freesurfer-linux-ubuntu22_x86_64-7.3.2-20220804-6354275  User: oesteban  Machine: dna078  Platform: Linux  PlatformVersion: 5.14.0-427.37.1.el9_4.x86_64  CompilerName: GCC  CompilerVersion: 8.4.0
ProgramName: mris_register  ProgramArguments: mris_register -all-info  ProgramVersion: 7.3.2  TimeStamp: 2026/03/06-07:32:43-GMT  BuildTime: Aug  4 2022 06:17:15  BuildStamp: freesurfer-linux-ubuntu22_x86_64-7.3.2-20220804-6354275  User: oesteban  Machine: dna078  Platform: Linux  PlatformVersion: 5.14.0-427.37.1.el9_4.x86_64  CompilerName: GCC  CompilerVersion: 8.4.0
ProgramName: mris_smooth  ProgramArguments: mris_smooth -all-info  ProgramVersion: 7.3.2  TimeStamp: 2026/03/06-07:32:43-GMT  BuildTime: Aug  4 2022 06:17:15  BuildStamp: freesurfer-linux-ubuntu22_x86_64-7.3.2-20220804-6354275  User: oesteban  Machine: dna078  Platform: Linux  PlatformVersion: 5.14.0-427.37.1.el9_4.x86_64  CompilerName: GCC  CompilerVersion: 8.4.0
ProgramName: mris_sphere  ProgramArguments: mris_sphere -all-info  ProgramVersion: 7.3.2  TimeStamp: 2026/03/06-07:32:43-GMT  BuildTime: Aug  4 2022 06:17:15  BuildStamp: freesurfer-linux-ubuntu22_x86_64-7.3.2-20220804-6354275  User: oesteban  Machine: dna078  Platform: Linux  PlatformVersion: 5.14.0-427.37.1.el9_4.x86_64  CompilerName: GCC  CompilerVersion: 8.4.0
ProgramName: mris_surface_stats  ProgramArguments: mris_surface_stats -all-info  ProgramVersion: 7.3.2  TimeStamp: 2026/03/06-07:32:43-GMT  BuildTime: Aug  4 2022 06:17:15  BuildStamp: freesurfer-linux-ubuntu22_x86_64-7.3.2-20220804-6354275  User: oesteban  Machine: dna078  Platform: Linux  PlatformVersion: 5.14.0-427.37.1.el9_4.x86_64  CompilerName: GCC  CompilerVersion: 8.4.0
ProgramName: mri_stats2seg  ProgramArguments: mri_stats2seg -all-info  ProgramVersion: 7.3.2  TimeStamp: 2026/03/06-07:32:43-GMT  BuildTime: Aug  4 2022 06:17:15  BuildStamp: freesurfer-linux-ubuntu22_x86_64-7.3.2-20220804-6354275  User: oesteban  Machine: dna078  Platform: Linux  PlatformVersion: 5.14.0-427.37.1.el9_4.x86_64  CompilerName: GCC  CompilerVersion: 8.4.0
ProgramName: mris_thickness  ProgramArguments: mris_thickness -all-info  ProgramVersion: 7.3.2  TimeStamp: 2026/03/06-07:32:43-GMT  BuildTime: Aug  4 2022 06:17:15  BuildStamp: freesurfer-linux-ubuntu22_x86_64-7.3.2-20220804-6354275  User: oesteban  Machine: dna078  Platform: Linux  PlatformVersion: 5.14.0-427.37.1.el9_4.x86_64  CompilerName: GCC  CompilerVersion: 8.4.0
ProgramName: mris_thickness_diff  ProgramArguments: mris_thickness_diff -all-info  ProgramVersion: 7.3.2  TimeStamp: 2026/03/06-07:32:43-GMT  BuildTime: Aug  4 2022 06:17:15  BuildStamp: freesurfer-linux-ubuntu22_x86_64-7.3.2-20220804-6354275  User: oesteban  Machine: dna078  Platform: Linux  PlatformVersion: 5.14.0-427.37.1.el9_4.x86_64  CompilerName: GCC  CompilerVersion: 8.4.0
ProgramName: mris_topo_fixer  ProgramArguments: mris_topo_fixer -all-info  ProgramVersion: 7.3.2  TimeStamp: 2026/03/06-07:32:43-GMT  BuildTime: Aug  4 2022 06:17:15  BuildStamp: freesurfer-linux-ubuntu22_x86_64-7.3.2-20220804-6354275  User: oesteban  Machine: dna078  Platform: Linux  PlatformVersion: 5.14.0-427.37.1.el9_4.x86_64  CompilerName: GCC  CompilerVersion: 8.4.0
ProgramName: mri_surf2surf  ProgramArguments: mri_surf2surf -all-info  ProgramVersion: 7.3.2  TimeStamp: 2026/03/06-07:32:43-GMT  BuildTime: Aug  4 2022 06:17:15  BuildStamp: freesurfer-linux-ubuntu22_x86_64-7.3.2-20220804-6354275  User: oesteban  Machine: dna078  Platform: Linux  PlatformVersion: 5.14.0-427.37.1.el9_4.x86_64  CompilerName: GCC  CompilerVersion: 8.4.0
ProgramName: mri_surf2vol  ProgramArguments: mri_surf2vol -all-info  ProgramVersion: 7.3.2  TimeStamp: 2026/03/06-07:32:43-GMT  BuildTime: Aug  4 2022 06:17:15  BuildStamp: freesurfer-linux-ubuntu22_x86_64-7.3.2-20220804-6354275  User: oesteban  Machine: dna078  Platform: Linux  PlatformVersion: 5.14.0-427.37.1.el9_4.x86_64  CompilerName: GCC  CompilerVersion: 8.4.0
ProgramName: mri_surfcluster  ProgramArguments: mri_surfcluster -all-info  ProgramVersion: 7.3.2  TimeStamp: 2026/03/06-07:32:43-GMT  BuildTime: Aug  4 2022 06:17:15  BuildStamp: freesurfer-linux-ubuntu22_x86_64-7.3.2-20220804-6354275  User: oesteban  Machine: dna078  Platform: Linux  PlatformVersion: 5.14.0-427.37.1.el9_4.x86_64  CompilerName: GCC  CompilerVersion: 8.4.0
ProgramName: mris_volmask  ProgramArguments: mris_volmask -all-info  ProgramVersion: 7.3.2  TimeStamp: 2026/03/06-07:32:43-GMT  BuildTime: Aug  4 2022 06:17:15  BuildStamp: freesurfer-linux-ubuntu22_x86_64-7.3.2-20220804-6354275  User: oesteban  Machine: dna078  Platform: Linux  PlatformVersion: 5.14.0-427.37.1.el9_4.x86_64  CompilerName: GCC  CompilerVersion: 8.4.0
ProgramName: mri_tessellate  ProgramArguments: mri_tessellate -all-info  ProgramVersion: 7.3.2  TimeStamp: 2026/03/06-07:32:43-GMT  BuildTime: Aug  4 2022 06:17:15  BuildStamp: freesurfer-linux-ubuntu22_x86_64-7.3.2-20220804-6354275  User: oesteban  Machine: dna078  Platform: Linux  PlatformVersion: 5.14.0-427.37.1.el9_4.x86_64  CompilerName: GCC  CompilerVersion: 8.4.0
ProgramName: mri_vol2surf  ProgramArguments: mri_vol2surf -all-info  ProgramVersion: 7.3.2  TimeStamp: 2026/03/06-07:32:43-GMT  BuildTime: Aug  4 2022 06:17:15  BuildStamp: freesurfer-linux-ubuntu22_x86_64-7.3.2-20220804-6354275  User: oesteban  Machine: dna078  Platform: Linux  PlatformVersion: 5.14.0-427.37.1.el9_4.x86_64  CompilerName: GCC  CompilerVersion: 8.4.0
ProgramName: mri_vol2vol  ProgramArguments: mri_vol2vol -all-info  ProgramVersion: 7.3.2  TimeStamp: 2026/03/06-07:32:43-GMT  BuildTime: Aug  4 2022 06:17:15  BuildStamp: freesurfer-linux-ubuntu22_x86_64-7.3.2-20220804-6354275  User: oesteban  Machine: dna078  Platform: Linux  PlatformVersion: 5.14.0-427.37.1.el9_4.x86_64  CompilerName: GCC  CompilerVersion: 8.4.0
ProgramName: mri_voldiff  ProgramArguments: mri_voldiff -all-info  ProgramVersion: 7.3.2  TimeStamp: 2026/03/06-07:32:43-GMT  BuildTime: Aug  4 2022 06:17:15  BuildStamp: freesurfer-linux-ubuntu22_x86_64-7.3.2-20220804-6354275  User: oesteban  Machine: dna078  Platform: Linux  PlatformVersion: 5.14.0-427.37.1.el9_4.x86_64  CompilerName: GCC  CompilerVersion: 8.4.0
ProgramName: mri_watershed  ProgramArguments: mri_watershed -all-info  ProgramVersion: 7.3.2  TimeStamp: 2026/03/06-07:32:43-GMT  BuildTime: Aug  4 2022 06:17:15  BuildStamp: freesurfer-linux-ubuntu22_x86_64-7.3.2-20220804-6354275  User: oesteban  Machine: dna078  Platform: Linux  PlatformVersion: 5.14.0-427.37.1.el9_4.x86_64  CompilerName: GCC  CompilerVersion: 8.4.0
ProgramName: tkregister2  ProgramArguments: tkregister2_cmdl -all-info  ProgramVersion: 7.3.2  TimeStamp: 2026/03/06-07:32:43-GMT  BuildTime: Aug  4 2022 06:17:15  BuildStamp: freesurfer-linux-ubuntu22_x86_64-7.3.2-20220804-6354275  User: oesteban  Machine: dna078  Platform: Linux  PlatformVersion: 5.14.0-427.37.1.el9_4.x86_64  CompilerName: GCC  CompilerVersion: 8.4.0
mri_motion_correct.fsl 7.3.2
mri_convert -all-info 
ProgramName: mri_convert  ProgramArguments: mri_convert -all-info  ProgramVersion: 7.3.2  TimeStamp: 2026/03/06-07:32:43-GMT  BuildTime: Aug  4 2022 06:17:15  BuildStamp: freesurfer-linux-ubuntu22_x86_64-7.3.2-20220804-6354275  User: oesteban  Machine: dna078  Platform: Linux  PlatformVersion: 5.14.0-427.37.1.el9_4.x86_64  CompilerName: GCC  CompilerVersion: 8.4.0
Program nu_correct, built from:
Package MNI N3, version 1.12.0, compiled by nicks@terrier (x86_64-unknown-linux-gnu) on 2015-06-19 at 01:25:34
#######################################
GCADIR /opt/freesurfer/average
GCA RB_all_2020-01-02.gca
GCASkull RB_all_withskull_2020_01_02.gca
AvgCurvTif folding.atlas.acfb40.noaparc.i12.2016-08-02.tif
GCSDIR /opt/freesurfer/average
GCS DKaparc.atlas.acfb40.noaparc.i12.2016-08-02.gcs
#######################################
#@# white curv lh Fri Mar  6 08:32:43 CET 2026
cd /out/sourcedata/freesurfer/sub-v1s10x0050999_ses-1/mri
mris_place_surface --curv-map ../surf/lh.white 2 10 ../surf/lh.curv
   Update not needed
#@# white area lh Fri Mar  6 08:32:43 CET 2026
cd /out/sourcedata/freesurfer/sub-v1s10x0050999_ses-1/mri
mris_place_surface --area-map ../surf/lh.white ../surf/lh.area
   Update not needed
#@# pial curv lh Fri Mar  6 08:32:43 CET 2026
cd /out/sourcedata/freesurfer/sub-v1s10x0050999_ses-1/mri
mris_place_surface --curv-map ../surf/lh.pial 2 10 ../surf/lh.curv.pial
   Update not needed
#@# pial area lh Fri Mar  6 08:32:43 CET 2026
cd /out/sourcedata/freesurfer/sub-v1s10x0050999_ses-1/mri
mris_place_surface --area-map ../surf/lh.pial ../surf/lh.area.pial
   Update not needed
#@# thickness lh Fri Mar  6 08:32:43 CET 2026
cd /out/sourcedata/freesurfer/sub-v1s10x0050999_ses-1/mri
mris_place_surface --thickness ../surf/lh.white ../surf/lh.pial 20 5 ../surf/lh.thickness
   Update not needed
#@# area and vertex vol lh Fri Mar  6 08:32:43 CET 2026
cd /out/sourcedata/freesurfer/sub-v1s10x0050999_ses-1/mri
mris_place_surface --thickness ../surf/lh.white ../surf/lh.pial 20 5 ../surf/lh.thickness
   Update not needed
#@# white curv rh Fri Mar  6 08:32:44 CET 2026
cd /out/sourcedata/freesurfer/sub-v1s10x0050999_ses-1/mri
mris_place_surface --curv-map ../surf/rh.white 2 10 ../surf/rh.curv
   Update not needed
#@# white area rh Fri Mar  6 08:32:44 CET 2026
cd /out/sourcedata/freesurfer/sub-v1s10x0050999_ses-1/mri
mris_place_surface --area-map ../surf/rh.white ../surf/rh.area
   Update not needed
#@# pial curv rh Fri Mar  6 08:32:44 CET 2026
cd /out/sourcedata/freesurfer/sub-v1s10x0050999_ses-1/mri
mris_place_surface --curv-map ../surf/rh.pial 2 10 ../surf/rh.curv.pial
   Update not needed
#@# pial area rh Fri Mar  6 08:32:44 CET 2026
cd /out/sourcedata/freesurfer/sub-v1s10x0050999_ses-1/mri
mris_place_surface --area-map ../surf/rh.pial ../surf/rh.area.pial
   Update not needed
#@# thickness rh Fri Mar  6 08:32:44 CET 2026
cd /out/sourcedata/freesurfer/sub-v1s10x0050999_ses-1/mri
mris_place_surface --thickness ../surf/rh.white ../surf/rh.pial 20 5 ../surf/rh.thickness
   Update not needed
#@# area and vertex vol rh Fri Mar  6 08:32:44 CET 2026
cd /out/sourcedata/freesurfer/sub-v1s10x0050999_ses-1/mri
mris_place_surface --thickness ../surf/rh.white ../surf/rh.pial 20 5 ../surf/rh.thickness
   Update not needed
#--------------------------------------------
#@# Cortical ribbon mask Fri Mar  6 08:32:44 CET 2026
/out/sourcedata/freesurfer/sub-v1s10x0050999_ses-1/mri

 mris_volmask --aseg_name aseg.presurf --label_left_white 2 --label_left_ribbon 3 --label_right_white 41 --label_right_ribbon 42 --save_ribbon sub-v1s10x0050999_ses-1 

SUBJECTS_DIR is /out/sourcedata/freesurfer
loading input data...
Running hemis serially
Processing left hemi
computing distance to left white surface 
computing distance to left pial surface 
Processing right hemi
computing distance to right white surface 
computing distance to right pial surface 
 hemi masks overlap voxels = 272
writing volume /out/sourcedata/freesurfer/sub-v1s10x0050999_ses-1/mri/ribbon.mgz
mris_volmask took 2.27 minutes
 writing ribbon files

Started at Fri Mar 6 08:32:43 CET 2026 
Ended   at Fri Mar 6 08:35:00 CET 2026
#@#%# recon-all-run-time-hours 0.038
recon-all -s sub-v1s10x0050999_ses-1 finished without error at Fri Mar  6 08:35:00 CET 2026



#New# invocation of recon-all 




Fri Mar  6 08:40:22 CET 2026
cd /out/sourcedata/freesurfer/sub-v1s10x0050999_ses-1
setenv SUBJECTS_DIR /out/sourcedata/freesurfer
/opt/freesurfer/bin/recon-all -autorecon3 -openmp 16 -subjid sub-v1s10x0050999_ses-1 -sd /out/sourcedata/freesurfer -nosphere -nosurfreg -nojacobian_white -noavgcurv -nocortparc -nopial -noparcstats -nocortparc2 -noparcstats2 -nocortparc3 -noparcstats3 -nopctsurfcon -nocortribbon -nobalabels

subjid sub-v1s10x0050999_ses-1
setenv SUBJECTS_DIR /out/sourcedata/freesurfer
FREESURFER_HOME /opt/freesurfer
Actual FREESURFER_HOME /opt/freesurfer
build-stamp.txt: freesurfer-linux-ubuntu22_x86_64-7.3.2-20220804-6354275
Linux dna078 5.14.0-427.37.1.el9_4.x86_64 #1 SMP PREEMPT_DYNAMIC Fri Sep 13 12:41:50 EDT 2024 x86_64 x86_64 x86_64 GNU/Linux
cputime      unlimited
filesize     unlimited
datasize     unlimited
stacksize    8192 kbytes
coredumpsize 0 kbytes
memoryuse    67108864 kbytes
vmemoryuse   unlimited
descriptors  1024 
memorylocked unlimited
maxproc      2061970 
maxlocks     unlimited
maxsignal    2062029 
maxmessage   819200 
maxnice      0 
maxrtprio    0 
maxrttime    unlimited

               total        used        free      shared  buff/cache   available
Mem:           503Gi        80Gi       380Gi       8.0Gi        42Gi       411Gi
Swap:             0B          0B          0B

########################################
program versions used
7.3.2 (freesurfer-linux-ubuntu22_x86_64-7.3.2-20220804-6354275)
7.3.2

ProgramName: lta_convert  ProgramArguments: lta_convert -all-info  ProgramVersion: 7.3.2  TimeStamp: 2026/03/06-07:40:22-GMT  BuildTime: Aug  4 2022 06:17:15  BuildStamp: freesurfer-linux-ubuntu22_x86_64-7.3.2-20220804-6354275  User: oesteban  Machine: dna078  Platform: Linux  PlatformVersion: 5.14.0-427.37.1.el9_4.x86_64  CompilerName: GCC  CompilerVersion: 8.4.0
ProgramName: mri_and  ProgramArguments: mri_and -all-info  ProgramVersion: 7.3.2  TimeStamp: 2026/03/06-07:40:22-GMT  BuildTime: Aug  4 2022 06:17:15  BuildStamp: freesurfer-linux-ubuntu22_x86_64-7.3.2-20220804-6354275  User: oesteban  Machine: dna078  Platform: Linux  PlatformVersion: 5.14.0-427.37.1.el9_4.x86_64  CompilerName: GCC  CompilerVersion: 8.4.0
ProgramName: mri_annotation2label  ProgramArguments: mri_annotation2label -all-info  ProgramVersion: 7.3.2  TimeStamp: 2026/03/06-07:40:22-GMT  BuildTime: Aug  4 2022 06:17:15  BuildStamp: freesurfer-linux-ubuntu22_x86_64-7.3.2-20220804-6354275  User: oesteban  Machine: dna078  Platform: Linux  PlatformVersion: 5.14.0-427.37.1.el9_4.x86_64  CompilerName: GCC  CompilerVersion: 8.4.0
ProgramName: mri_aparc2aseg  ProgramArguments: mri_aparc2aseg -all-info  ProgramVersion: 7.3.2  TimeStamp: 2026/03/06-07:40:22-GMT  BuildTime: Aug  4 2022 06:17:15  BuildStamp: freesurfer-linux-ubuntu22_x86_64-7.3.2-20220804-6354275  User: oesteban  Machine: dna078  Platform: Linux  PlatformVersion: 5.14.0-427.37.1.el9_4.x86_64  CompilerName: GCC  CompilerVersion: 8.4.0
ProgramName: mri_surf2volseg  ProgramArguments: mri_surf2volseg -all-info  ProgramVersion: 7.3.2  TimeStamp: 2026/03/06-07:40:22-GMT  BuildTime: Aug  4 2022 06:17:15  BuildStamp: freesurfer-linux-ubuntu22_x86_64-7.3.2-20220804-6354275  User: oesteban  Machine: dna078  Platform: Linux  PlatformVersion: 5.14.0-427.37.1.el9_4.x86_64  CompilerName: GCC  CompilerVersion: 8.4.0
ProgramName: mri_binarize  ProgramArguments: mri_binarize -all-info  ProgramVersion: 7.3.2  TimeStamp: 2026/03/06-07:40:22-GMT  BuildTime: Aug  4 2022 06:17:15  BuildStamp: freesurfer-linux-ubuntu22_x86_64-7.3.2-20220804-6354275  User: oesteban  Machine: dna078  Platform: Linux  PlatformVersion: 5.14.0-427.37.1.el9_4.x86_64  CompilerName: GCC  CompilerVersion: 8.4.0
ProgramName: mri_ca_label  ProgramArguments: mri_ca_label -all-info  ProgramVersion: 7.3.2  TimeStamp: 2026/03/06-07:40:22-GMT  BuildTime: Aug  4 2022 06:17:15  BuildStamp: freesurfer-linux-ubuntu22_x86_64-7.3.2-20220804-6354275  User: oesteban  Machine: dna078  Platform: Linux  PlatformVersion: 5.14.0-427.37.1.el9_4.x86_64  CompilerName: GCC  CompilerVersion: 8.4.0
ProgramName: mri_ca_normalize  ProgramArguments: mri_ca_normalize -all-info  ProgramVersion: 7.3.2  TimeStamp: 2026/03/06-07:40:22-GMT  BuildTime: Aug  4 2022 06:17:15  BuildStamp: freesurfer-linux-ubuntu22_x86_64-7.3.2-20220804-6354275  User: oesteban  Machine: dna078  Platform: Linux  PlatformVersion: 5.14.0-427.37.1.el9_4.x86_64  CompilerName: GCC  CompilerVersion: 8.4.0
ProgramName: mri_ca_register  ProgramArguments: mri_ca_register -all-info  ProgramVersion: 7.3.2  TimeStamp: 2026/03/06-07:40:22-GMT  BuildTime: Aug  4 2022 06:17:15  BuildStamp: freesurfer-linux-ubuntu22_x86_64-7.3.2-20220804-6354275  User: oesteban  Machine: dna078  Platform: Linux  PlatformVersion: 5.14.0-427.37.1.el9_4.x86_64  CompilerName: GCC  CompilerVersion: 8.4.0
ProgramName: mri_cc  ProgramArguments: mri_cc -all-info  ProgramVersion: 7.3.2  TimeStamp: 2026/03/06-07:40:22-GMT  BuildTime: Aug  4 2022 06:17:15  BuildStamp: freesurfer-linux-ubuntu22_x86_64-7.3.2-20220804-6354275  User: oesteban  Machine: dna078  Platform: Linux  PlatformVersion: 5.14.0-427.37.1.el9_4.x86_64  CompilerName: GCC  CompilerVersion: 8.4.0
ProgramName: mri_compute_overlap  ProgramArguments: mri_compute_overlap -all-info  ProgramVersion: 7.3.2  TimeStamp: 2026/03/06-07:40:22-GMT  BuildTime: Aug  4 2022 06:17:15  BuildStamp: freesurfer-linux-ubuntu22_x86_64-7.3.2-20220804-6354275  User: oesteban  Machine: dna078  Platform: Linux  PlatformVersion: 5.14.0-427.37.1.el9_4.x86_64  CompilerName: GCC  CompilerVersion: 8.4.0
ProgramName: mri_compute_seg_overlap  ProgramArguments: mri_compute_seg_overlap -all-info  ProgramVersion: 7.3.2  TimeStamp: 2026/03/06-07:40:22-GMT  BuildTime: Aug  4 2022 06:17:15  BuildStamp: freesurfer-linux-ubuntu22_x86_64-7.3.2-20220804-6354275  User: oesteban  Machine: dna078  Platform: Linux  PlatformVersion: 5.14.0-427.37.1.el9_4.x86_64  CompilerName: GCC  CompilerVersion: 8.4.0
ProgramName: mri_concat  ProgramArguments: mri_concat -all-info  ProgramVersion: 7.3.2  TimeStamp: 2026/03/06-07:40:22-GMT  BuildTime: Aug  4 2022 06:17:15  BuildStamp: freesurfer-linux-ubuntu22_x86_64-7.3.2-20220804-6354275  User: oesteban  Machine: dna078  Platform: Linux  PlatformVersion: 5.14.0-427.37.1.el9_4.x86_64  CompilerName: GCC  CompilerVersion: 8.4.0
ProgramName: mri_concatenate_lta  ProgramArguments: mri_concatenate_lta -all-info  ProgramVersion: 7.3.2  TimeStamp: 2026/03/06-07:40:22-GMT  BuildTime: Aug  4 2022 06:17:15  BuildStamp: freesurfer-linux-ubuntu22_x86_64-7.3.2-20220804-6354275  User: oesteban  Machine: dna078  Platform: Linux  PlatformVersion: 5.14.0-427.37.1.el9_4.x86_64  CompilerName: GCC  CompilerVersion: 8.4.0
mri_convert -all-info 
ProgramName: mri_convert  ProgramArguments: mri_convert -all-info  ProgramVersion: 7.3.2  TimeStamp: 2026/03/06-07:40:22-GMT  BuildTime: Aug  4 2022 06:17:15  BuildStamp: freesurfer-linux-ubuntu22_x86_64-7.3.2-20220804-6354275  User: oesteban  Machine: dna078  Platform: Linux  PlatformVersion: 5.14.0-427.37.1.el9_4.x86_64  CompilerName: GCC  CompilerVersion: 8.4.0
ProgramName: mri_diff  ProgramArguments: mri_diff -all-info  ProgramVersion: 7.3.2  TimeStamp: 2026/03/06-07:40:22-GMT  BuildTime: Aug  4 2022 06:17:15  BuildStamp: freesurfer-linux-ubuntu22_x86_64-7.3.2-20220804-6354275  User: oesteban  Machine: dna078  Platform: Linux  PlatformVersion: 5.14.0-427.37.1.el9_4.x86_64  CompilerName: GCC  CompilerVersion: 8.4.0
ProgramName: mri_edit_wm_with_aseg  ProgramArguments: mri_edit_wm_with_aseg -all-info  ProgramVersion: 7.3.2  TimeStamp: 2026/03/06-07:40:22-GMT  BuildTime: Aug  4 2022 06:17:15  BuildStamp: freesurfer-linux-ubuntu22_x86_64-7.3.2-20220804-6354275  User: oesteban  Machine: dna078  Platform: Linux  PlatformVersion: 5.14.0-427.37.1.el9_4.x86_64  CompilerName: GCC  CompilerVersion: 8.4.0
ProgramName: mri_em_register  ProgramArguments: mri_em_register -all-info  ProgramVersion: 7.3.2  TimeStamp: 2026/03/06-07:40:22-GMT  BuildTime: Aug  4 2022 06:17:15  BuildStamp: freesurfer-linux-ubuntu22_x86_64-7.3.2-20220804-6354275  User: oesteban  Machine: dna078  Platform: Linux  PlatformVersion: 5.14.0-427.37.1.el9_4.x86_64  CompilerName: GCC  CompilerVersion: 8.4.0
ProgramName: mri_fill  ProgramArguments: mri_fill -all-info  ProgramVersion: 7.3.2  TimeStamp: 2026/03/06-07:40:22-GMT  BuildTime: Aug  4 2022 06:17:15  BuildStamp: freesurfer-linux-ubuntu22_x86_64-7.3.2-20220804-6354275  User: oesteban  Machine: dna078  Platform: Linux  PlatformVersion: 5.14.0-427.37.1.el9_4.x86_64  CompilerName: GCC  CompilerVersion: 8.4.0
ProgramName: mri_fuse_segmentations  ProgramArguments: mri_fuse_segmentations -all-info  ProgramVersion: 7.3.2  TimeStamp: 2026/03/06-07:40:22-GMT  BuildTime: Aug  4 2022 06:17:15  BuildStamp: freesurfer-linux-ubuntu22_x86_64-7.3.2-20220804-6354275  User: oesteban  Machine: dna078  Platform: Linux  PlatformVersion: 5.14.0-427.37.1.el9_4.x86_64  CompilerName: GCC  CompilerVersion: 8.4.0
ProgramName: mri_fwhm  ProgramArguments: mri_fwhm -all-info  ProgramVersion: 7.3.2  TimeStamp: 2026/03/06-07:40:22-GMT  BuildTime: Aug  4 2022 06:17:15  BuildStamp: freesurfer-linux-ubuntu22_x86_64-7.3.2-20220804-6354275  User: oesteban  Machine: dna078  Platform: Linux  PlatformVersion: 5.14.0-427.37.1.el9_4.x86_64  CompilerName: GCC  CompilerVersion: 8.4.0
ProgramName: mri_gcut  ProgramArguments: mri_gcut -all-info  ProgramVersion: 7.3.2  TimeStamp: 2026/03/06-07:40:22-GMT  BuildTime: Aug  4 2022 06:17:15  BuildStamp: freesurfer-linux-ubuntu22_x86_64-7.3.2-20220804-6354275  User: oesteban  Machine: dna078  Platform: Linux  PlatformVersion: 5.14.0-427.37.1.el9_4.x86_64  CompilerName: GCC  CompilerVersion: 8.4.0
ProgramName: mri_info  ProgramArguments: mri_info -all-info  ProgramVersion: 7.3.2  TimeStamp: 2026/03/06-07:40:22-GMT  BuildTime: Aug  4 2022 06:17:15  BuildStamp: freesurfer-linux-ubuntu22_x86_64-7.3.2-20220804-6354275  User: oesteban  Machine: dna078  Platform: Linux  PlatformVersion: 5.14.0-427.37.1.el9_4.x86_64  CompilerName: GCC  CompilerVersion: 8.4.0
ProgramName: mri_label2label  ProgramArguments: mri_label2label -all-info  ProgramVersion: 7.3.2  TimeStamp: 2026/03/06-07:40:22-GMT  BuildTime: Aug  4 2022 06:17:15  BuildStamp: freesurfer-linux-ubuntu22_x86_64-7.3.2-20220804-6354275  User: oesteban  Machine: dna078  Platform: Linux  PlatformVersion: 5.14.0-427.37.1.el9_4.x86_64  CompilerName: GCC  CompilerVersion: 8.4.0
ProgramName: mri_label2vol  ProgramArguments: mri_label2vol -all-info  ProgramVersion: 7.3.2  TimeStamp: 2026/03/06-07:40:22-GMT  BuildTime: Aug  4 2022 06:17:15  BuildStamp: freesurfer-linux-ubuntu22_x86_64-7.3.2-20220804-6354275  User: oesteban  Machine: dna078  Platform: Linux  PlatformVersion: 5.14.0-427.37.1.el9_4.x86_64  CompilerName: GCC  CompilerVersion: 8.4.0
ProgramName: mri_log_likelihood  ProgramArguments: mri_log_likelihood -all-info  ProgramVersion: 7.3.2  TimeStamp: 2026/03/06-07:40:22-GMT  BuildTime: Aug  4 2022 06:17:15  BuildStamp: freesurfer-linux-ubuntu22_x86_64-7.3.2-20220804-6354275  User: oesteban  Machine: dna078  Platform: Linux  PlatformVersion: 5.14.0-427.37.1.el9_4.x86_64  CompilerName: GCC  CompilerVersion: 8.4.0
ProgramName: mri_mask  ProgramArguments: mri_mask -all-info  ProgramVersion: 7.3.2  TimeStamp: 2026/03/06-07:40:22-GMT  BuildTime: Aug  4 2022 06:17:15  BuildStamp: freesurfer-linux-ubuntu22_x86_64-7.3.2-20220804-6354275  User: oesteban  Machine: dna078  Platform: Linux  PlatformVersion: 5.14.0-427.37.1.el9_4.x86_64  CompilerName: GCC  CompilerVersion: 8.4.0
ProgramName: mri_matrix_multiply  ProgramArguments: mri_matrix_multiply -all-info  ProgramVersion: 7.3.2  TimeStamp: 2026/03/06-07:40:22-GMT  BuildTime: Aug  4 2022 06:17:15  BuildStamp: freesurfer-linux-ubuntu22_x86_64-7.3.2-20220804-6354275  User: oesteban  Machine: dna078  Platform: Linux  PlatformVersion: 5.14.0-427.37.1.el9_4.x86_64  CompilerName: GCC  CompilerVersion: 8.4.0
ProgramName: mri_normalize  ProgramArguments: mri_normalize -all-info  ProgramVersion: 7.3.2  TimeStamp: 2026/03/06-07:40:22-GMT  BuildTime: Aug  4 2022 06:17:15  BuildStamp: freesurfer-linux-ubuntu22_x86_64-7.3.2-20220804-6354275  User: oesteban  Machine: dna078  Platform: Linux  PlatformVersion: 5.14.0-427.37.1.el9_4.x86_64  CompilerName: GCC  CompilerVersion: 8.4.0
ProgramName: mri_normalize_tp2  ProgramArguments: mri_normalize_tp2 -all-info  ProgramVersion: 7.3.2  TimeStamp: 2026/03/06-07:40:22-GMT  BuildTime: Aug  4 2022 06:17:15  BuildStamp: freesurfer-linux-ubuntu22_x86_64-7.3.2-20220804-6354275  User: oesteban  Machine: dna078  Platform: Linux  PlatformVersion: 5.14.0-427.37.1.el9_4.x86_64  CompilerName: GCC  CompilerVersion: 8.4.0
ProgramName: mri_or  ProgramArguments: mri_or -all-info  ProgramVersion: 7.3.2  TimeStamp: 2026/03/06-07:40:22-GMT  BuildTime: Aug  4 2022 06:17:15  BuildStamp: freesurfer-linux-ubuntu22_x86_64-7.3.2-20220804-6354275  User: oesteban  Machine: dna078  Platform: Linux  PlatformVersion: 5.14.0-427.37.1.el9_4.x86_64  CompilerName: GCC  CompilerVersion: 8.4.0
ProgramName: mri_relabel_hypointensities  ProgramArguments: mri_relabel_hypointensities -all-info  ProgramVersion: 7.3.2  TimeStamp: 2026/03/06-07:40:22-GMT  BuildTime: Aug  4 2022 06:17:15  BuildStamp: freesurfer-linux-ubuntu22_x86_64-7.3.2-20220804-6354275  User: oesteban  Machine: dna078  Platform: Linux  PlatformVersion: 5.14.0-427.37.1.el9_4.x86_64  CompilerName: GCC  CompilerVersion: 8.4.0
ProgramName: mri_relabel_nonwm_hypos  ProgramArguments: mri_relabel_nonwm_hypos -all-info  ProgramVersion: 7.3.2  TimeStamp: 2026/03/06-07:40:22-GMT  BuildTime: Aug  4 2022 06:17:15  BuildStamp: freesurfer-linux-ubuntu22_x86_64-7.3.2-20220804-6354275  User: oesteban  Machine: dna078  Platform: Linux  PlatformVersion: 5.14.0-427.37.1.el9_4.x86_64  CompilerName: GCC  CompilerVersion: 8.4.0
ProgramName: mri_remove_neck  ProgramArguments: mri_remove_neck -all-info  ProgramVersion: 7.3.2  TimeStamp: 2026/03/06-07:40:22-GMT  BuildTime: Aug  4 2022 06:17:15  BuildStamp: freesurfer-linux-ubuntu22_x86_64-7.3.2-20220804-6354275  User: oesteban  Machine: dna078  Platform: Linux  PlatformVersion: 5.14.0-427.37.1.el9_4.x86_64  CompilerName: GCC  CompilerVersion: 8.4.0
7.3.2

ProgramName: mri_robust_register  ProgramArguments: mri_robust_register -all-info  ProgramVersion: 7.3.2  TimeStamp: 2026/03/06-07:40:22-GMT  BuildTime: Aug  4 2022 06:17:15  BuildStamp: freesurfer-linux-ubuntu22_x86_64-7.3.2-20220804-6354275  User: oesteban  Machine: dna078  Platform: Linux  PlatformVersion: 5.14.0-427.37.1.el9_4.x86_64  CompilerName: GCC  CompilerVersion: 8.4.0
7.3.2

ProgramName: mri_robust_template  ProgramArguments: mri_robust_template -all-info  ProgramVersion: 7.3.2  TimeStamp: 2026/03/06-07:40:22-GMT  BuildTime: Aug  4 2022 06:17:15  BuildStamp: freesurfer-linux-ubuntu22_x86_64-7.3.2-20220804-6354275  User: oesteban  Machine: dna078  Platform: Linux  PlatformVersion: 5.14.0-427.37.1.el9_4.x86_64  CompilerName: GCC  CompilerVersion: 8.4.0
ProgramName: mris_anatomical_stats  ProgramArguments: mris_anatomical_stats -all-info  ProgramVersion: 7.3.2  TimeStamp: 2026/03/06-07:40:22-GMT  BuildTime: Aug  4 2022 06:17:15  BuildStamp: freesurfer-linux-ubuntu22_x86_64-7.3.2-20220804-6354275  User: oesteban  Machine: dna078  Platform: Linux  PlatformVersion: 5.14.0-427.37.1.el9_4.x86_64  CompilerName: GCC  CompilerVersion: 8.4.0
ProgramName: mris_ca_label  ProgramArguments: mris_ca_label -all-info  ProgramVersion: 7.3.2  TimeStamp: 2026/03/06-07:40:22-GMT  BuildTime: Aug  4 2022 06:17:15  BuildStamp: freesurfer-linux-ubuntu22_x86_64-7.3.2-20220804-6354275  User: oesteban  Machine: dna078  Platform: Linux  PlatformVersion: 5.14.0-427.37.1.el9_4.x86_64  CompilerName: GCC  CompilerVersion: 8.4.0
ProgramName: mris_calc  ProgramArguments: mris_calc -all-info  ProgramVersion: 7.3.2  TimeStamp: 2026/03/06-07:40:22-GMT  BuildTime: Aug  4 2022 06:17:15  BuildStamp: freesurfer-linux-ubuntu22_x86_64-7.3.2-20220804-6354275  User: oesteban  Machine: dna078  Platform: Linux  PlatformVersion: 5.14.0-427.37.1.el9_4.x86_64  CompilerName: GCC  CompilerVersion: 8.4.0
ProgramName: mris_convert  ProgramArguments: mris_convert -all-info  ProgramVersion: 7.3.2  TimeStamp: 2026/03/06-07:40:22-GMT  BuildTime: Aug  4 2022 06:17:15  BuildStamp: freesurfer-linux-ubuntu22_x86_64-7.3.2-20220804-6354275  User: oesteban  Machine: dna078  Platform: Linux  PlatformVersion: 5.14.0-427.37.1.el9_4.x86_64  CompilerName: GCC  CompilerVersion: 8.4.0
ProgramName: mris_curvature  ProgramArguments: mris_curvature -all-info  ProgramVersion: 7.3.2  TimeStamp: 2026/03/06-07:40:22-GMT  BuildTime: Aug  4 2022 06:17:15  BuildStamp: freesurfer-linux-ubuntu22_x86_64-7.3.2-20220804-6354275  User: oesteban  Machine: dna078  Platform: Linux  PlatformVersion: 5.14.0-427.37.1.el9_4.x86_64  CompilerName: GCC  CompilerVersion: 8.4.0
ProgramName: mris_curvature_stats  ProgramArguments: mris_curvature_stats -all-info  ProgramVersion: 7.3.2  TimeStamp: 2026/03/06-07:40:22-GMT  BuildTime: Aug  4 2022 06:17:15  BuildStamp: freesurfer-linux-ubuntu22_x86_64-7.3.2-20220804-6354275  User: oesteban  Machine: dna078  Platform: Linux  PlatformVersion: 5.14.0-427.37.1.el9_4.x86_64  CompilerName: GCC  CompilerVersion: 8.4.0
ProgramName: mris_diff  ProgramArguments: mris_diff -all-info  ProgramVersion: 7.3.2  TimeStamp: 2026/03/06-07:40:22-GMT  BuildTime: Aug  4 2022 06:17:15  BuildStamp: freesurfer-linux-ubuntu22_x86_64-7.3.2-20220804-6354275  User: oesteban  Machine: dna078  Platform: Linux  PlatformVersion: 5.14.0-427.37.1.el9_4.x86_64  CompilerName: GCC  CompilerVersion: 8.4.0
ProgramName: mris_divide_parcellation  ProgramArguments: mris_divide_parcellation -all-info  ProgramVersion: 7.3.2  TimeStamp: 2026/03/06-07:40:22-GMT  BuildTime: Aug  4 2022 06:17:15  BuildStamp: freesurfer-linux-ubuntu22_x86_64-7.3.2-20220804-6354275  User: oesteban  Machine: dna078  Platform: Linux  PlatformVersion: 5.14.0-427.37.1.el9_4.x86_64  CompilerName: GCC  CompilerVersion: 8.4.0
ProgramName: mri_segment  ProgramArguments: mri_segment -all-info  ProgramVersion: 7.3.2  TimeStamp: 2026/03/06-07:40:22-GMT  BuildTime: Aug  4 2022 06:17:15  BuildStamp: freesurfer-linux-ubuntu22_x86_64-7.3.2-20220804-6354275  User: oesteban  Machine: dna078  Platform: Linux  PlatformVersion: 5.14.0-427.37.1.el9_4.x86_64  CompilerName: GCC  CompilerVersion: 8.4.0
ProgramName: mri_segstats  ProgramArguments: mri_segstats -all-info  ProgramVersion: 7.3.2  TimeStamp: 2026/03/06-07:40:22-GMT  BuildTime: Aug  4 2022 06:17:15  BuildStamp: freesurfer-linux-ubuntu22_x86_64-7.3.2-20220804-6354275  User: oesteban  Machine: dna078  Platform: Linux  PlatformVersion: 5.14.0-427.37.1.el9_4.x86_64  CompilerName: GCC  CompilerVersion: 8.4.0
ProgramName: mris_euler_number  ProgramArguments: mris_euler_number -all-info  ProgramVersion: 7.3.2  TimeStamp: 2026/03/06-07:40:22-GMT  BuildTime: Aug  4 2022 06:17:15  BuildStamp: freesurfer-linux-ubuntu22_x86_64-7.3.2-20220804-6354275  User: oesteban  Machine: dna078  Platform: Linux  PlatformVersion: 5.14.0-427.37.1.el9_4.x86_64  CompilerName: GCC  CompilerVersion: 8.4.0
ProgramName: mris_fix_topology  ProgramArguments: mris_fix_topology -all-info  ProgramVersion: 7.3.2  TimeStamp: 2026/03/06-07:40:22-GMT  BuildTime: Aug  4 2022 06:17:15  BuildStamp: freesurfer-linux-ubuntu22_x86_64-7.3.2-20220804-6354275  User: oesteban  Machine: dna078  Platform: Linux  PlatformVersion: 5.14.0-427.37.1.el9_4.x86_64  CompilerName: GCC  CompilerVersion: 8.4.0
ProgramName: mris_topo_fixer  ProgramArguments: mris_topo_fixer -all-info  ProgramVersion: 7.3.2  TimeStamp: 2026/03/06-07:40:22-GMT  BuildTime: Aug  4 2022 06:17:15  BuildStamp: freesurfer-linux-ubuntu22_x86_64-7.3.2-20220804-6354275  User: oesteban  Machine: dna078  Platform: Linux  PlatformVersion: 5.14.0-427.37.1.el9_4.x86_64  CompilerName: GCC  CompilerVersion: 8.4.0
ProgramName: mris_jacobian  ProgramArguments: mris_jacobian -all-info  ProgramVersion: 7.3.2  TimeStamp: 2026/03/06-07:40:22-GMT  BuildTime: Aug  4 2022 06:17:15  BuildStamp: freesurfer-linux-ubuntu22_x86_64-7.3.2-20220804-6354275  User: oesteban  Machine: dna078  Platform: Linux  PlatformVersion: 5.14.0-427.37.1.el9_4.x86_64  CompilerName: GCC  CompilerVersion: 8.4.0
ProgramName: mris_label2annot  ProgramArguments: mris_label2annot -all-info  ProgramVersion: 7.3.2  TimeStamp: 2026/03/06-07:40:22-GMT  BuildTime: Aug  4 2022 06:17:15  BuildStamp: freesurfer-linux-ubuntu22_x86_64-7.3.2-20220804-6354275  User: oesteban  Machine: dna078  Platform: Linux  PlatformVersion: 5.14.0-427.37.1.el9_4.x86_64  CompilerName: GCC  CompilerVersion: 8.4.0
ProgramName: mris_left_right_register  ProgramArguments: mris_left_right_register -all-info  ProgramVersion: 7.3.2  TimeStamp: 2026/03/06-07:40:22-GMT  BuildTime: Aug  4 2022 06:17:15  BuildStamp: freesurfer-linux-ubuntu22_x86_64-7.3.2-20220804-6354275  User: oesteban  Machine: dna078  Platform: Linux  PlatformVersion: 5.14.0-427.37.1.el9_4.x86_64  CompilerName: GCC  CompilerVersion: 8.4.0
ProgramName: mris_place_surface  ProgramArguments: mris_place_surface -all-info  ProgramVersion: 7.3.2  TimeStamp: 2026/03/06-07:40:22-GMT  BuildTime: Aug  4 2022 06:17:15  BuildStamp: freesurfer-linux-ubuntu22_x86_64-7.3.2-20220804-6354275  User: oesteban  Machine: dna078  Platform: Linux  PlatformVersion: 5.14.0-427.37.1.el9_4.x86_64  CompilerName: GCC  CompilerVersion: 8.4.0
ProgramName: mrisp_paint  ProgramArguments: mrisp_paint -all-info  ProgramVersion: 7.3.2  TimeStamp: 2026/03/06-07:40:22-GMT  BuildTime: Aug  4 2022 06:17:15  BuildStamp: freesurfer-linux-ubuntu22_x86_64-7.3.2-20220804-6354275  User: oesteban  Machine: dna078  Platform: Linux  PlatformVersion: 5.14.0-427.37.1.el9_4.x86_64  CompilerName: GCC  CompilerVersion: 8.4.0
ProgramName: mris_register  ProgramArguments: mris_register -all-info  ProgramVersion: 7.3.2  TimeStamp: 2026/03/06-07:40:22-GMT  BuildTime: Aug  4 2022 06:17:15  BuildStamp: freesurfer-linux-ubuntu22_x86_64-7.3.2-20220804-6354275  User: oesteban  Machine: dna078  Platform: Linux  PlatformVersion: 5.14.0-427.37.1.el9_4.x86_64  CompilerName: GCC  CompilerVersion: 8.4.0
ProgramName: mris_smooth  ProgramArguments: mris_smooth -all-info  ProgramVersion: 7.3.2  TimeStamp: 2026/03/06-07:40:22-GMT  BuildTime: Aug  4 2022 06:17:15  BuildStamp: freesurfer-linux-ubuntu22_x86_64-7.3.2-20220804-6354275  User: oesteban  Machine: dna078  Platform: Linux  PlatformVersion: 5.14.0-427.37.1.el9_4.x86_64  CompilerName: GCC  CompilerVersion: 8.4.0
ProgramName: mris_sphere  ProgramArguments: mris_sphere -all-info  ProgramVersion: 7.3.2  TimeStamp: 2026/03/06-07:40:22-GMT  BuildTime: Aug  4 2022 06:17:15  BuildStamp: freesurfer-linux-ubuntu22_x86_64-7.3.2-20220804-6354275  User: oesteban  Machine: dna078  Platform: Linux  PlatformVersion: 5.14.0-427.37.1.el9_4.x86_64  CompilerName: GCC  CompilerVersion: 8.4.0
ProgramName: mris_surface_stats  ProgramArguments: mris_surface_stats -all-info  ProgramVersion: 7.3.2  TimeStamp: 2026/03/06-07:40:22-GMT  BuildTime: Aug  4 2022 06:17:15  BuildStamp: freesurfer-linux-ubuntu22_x86_64-7.3.2-20220804-6354275  User: oesteban  Machine: dna078  Platform: Linux  PlatformVersion: 5.14.0-427.37.1.el9_4.x86_64  CompilerName: GCC  CompilerVersion: 8.4.0
ProgramName: mri_stats2seg  ProgramArguments: mri_stats2seg -all-info  ProgramVersion: 7.3.2  TimeStamp: 2026/03/06-07:40:22-GMT  BuildTime: Aug  4 2022 06:17:15  BuildStamp: freesurfer-linux-ubuntu22_x86_64-7.3.2-20220804-6354275  User: oesteban  Machine: dna078  Platform: Linux  PlatformVersion: 5.14.0-427.37.1.el9_4.x86_64  CompilerName: GCC  CompilerVersion: 8.4.0
ProgramName: mris_thickness  ProgramArguments: mris_thickness -all-info  ProgramVersion: 7.3.2  TimeStamp: 2026/03/06-07:40:22-GMT  BuildTime: Aug  4 2022 06:17:15  BuildStamp: freesurfer-linux-ubuntu22_x86_64-7.3.2-20220804-6354275  User: oesteban  Machine: dna078  Platform: Linux  PlatformVersion: 5.14.0-427.37.1.el9_4.x86_64  CompilerName: GCC  CompilerVersion: 8.4.0
ProgramName: mris_thickness_diff  ProgramArguments: mris_thickness_diff -all-info  ProgramVersion: 7.3.2  TimeStamp: 2026/03/06-07:40:22-GMT  BuildTime: Aug  4 2022 06:17:15  BuildStamp: freesurfer-linux-ubuntu22_x86_64-7.3.2-20220804-6354275  User: oesteban  Machine: dna078  Platform: Linux  PlatformVersion: 5.14.0-427.37.1.el9_4.x86_64  CompilerName: GCC  CompilerVersion: 8.4.0
ProgramName: mris_topo_fixer  ProgramArguments: mris_topo_fixer -all-info  ProgramVersion: 7.3.2  TimeStamp: 2026/03/06-07:40:22-GMT  BuildTime: Aug  4 2022 06:17:15  BuildStamp: freesurfer-linux-ubuntu22_x86_64-7.3.2-20220804-6354275  User: oesteban  Machine: dna078  Platform: Linux  PlatformVersion: 5.14.0-427.37.1.el9_4.x86_64  CompilerName: GCC  CompilerVersion: 8.4.0
ProgramName: mri_surf2surf  ProgramArguments: mri_surf2surf -all-info  ProgramVersion: 7.3.2  TimeStamp: 2026/03/06-07:40:22-GMT  BuildTime: Aug  4 2022 06:17:15  BuildStamp: freesurfer-linux-ubuntu22_x86_64-7.3.2-20220804-6354275  User: oesteban  Machine: dna078  Platform: Linux  PlatformVersion: 5.14.0-427.37.1.el9_4.x86_64  CompilerName: GCC  CompilerVersion: 8.4.0
ProgramName: mri_surf2vol  ProgramArguments: mri_surf2vol -all-info  ProgramVersion: 7.3.2  TimeStamp: 2026/03/06-07:40:22-GMT  BuildTime: Aug  4 2022 06:17:15  BuildStamp: freesurfer-linux-ubuntu22_x86_64-7.3.2-20220804-6354275  User: oesteban  Machine: dna078  Platform: Linux  PlatformVersion: 5.14.0-427.37.1.el9_4.x86_64  CompilerName: GCC  CompilerVersion: 8.4.0
ProgramName: mri_surfcluster  ProgramArguments: mri_surfcluster -all-info  ProgramVersion: 7.3.2  TimeStamp: 2026/03/06-07:40:22-GMT  BuildTime: Aug  4 2022 06:17:15  BuildStamp: freesurfer-linux-ubuntu22_x86_64-7.3.2-20220804-6354275  User: oesteban  Machine: dna078  Platform: Linux  PlatformVersion: 5.14.0-427.37.1.el9_4.x86_64  CompilerName: GCC  CompilerVersion: 8.4.0
ProgramName: mris_volmask  ProgramArguments: mris_volmask -all-info  ProgramVersion: 7.3.2  TimeStamp: 2026/03/06-07:40:22-GMT  BuildTime: Aug  4 2022 06:17:15  BuildStamp: freesurfer-linux-ubuntu22_x86_64-7.3.2-20220804-6354275  User: oesteban  Machine: dna078  Platform: Linux  PlatformVersion: 5.14.0-427.37.1.el9_4.x86_64  CompilerName: GCC  CompilerVersion: 8.4.0
ProgramName: mri_tessellate  ProgramArguments: mri_tessellate -all-info  ProgramVersion: 7.3.2  TimeStamp: 2026/03/06-07:40:22-GMT  BuildTime: Aug  4 2022 06:17:15  BuildStamp: freesurfer-linux-ubuntu22_x86_64-7.3.2-20220804-6354275  User: oesteban  Machine: dna078  Platform: Linux  PlatformVersion: 5.14.0-427.37.1.el9_4.x86_64  CompilerName: GCC  CompilerVersion: 8.4.0
ProgramName: mri_vol2surf  ProgramArguments: mri_vol2surf -all-info  ProgramVersion: 7.3.2  TimeStamp: 2026/03/06-07:40:22-GMT  BuildTime: Aug  4 2022 06:17:15  BuildStamp: freesurfer-linux-ubuntu22_x86_64-7.3.2-20220804-6354275  User: oesteban  Machine: dna078  Platform: Linux  PlatformVersion: 5.14.0-427.37.1.el9_4.x86_64  CompilerName: GCC  CompilerVersion: 8.4.0
ProgramName: mri_vol2vol  ProgramArguments: mri_vol2vol -all-info  ProgramVersion: 7.3.2  TimeStamp: 2026/03/06-07:40:22-GMT  BuildTime: Aug  4 2022 06:17:15  BuildStamp: freesurfer-linux-ubuntu22_x86_64-7.3.2-20220804-6354275  User: oesteban  Machine: dna078  Platform: Linux  PlatformVersion: 5.14.0-427.37.1.el9_4.x86_64  CompilerName: GCC  CompilerVersion: 8.4.0
ProgramName: mri_voldiff  ProgramArguments: mri_voldiff -all-info  ProgramVersion: 7.3.2  TimeStamp: 2026/03/06-07:40:22-GMT  BuildTime: Aug  4 2022 06:17:15  BuildStamp: freesurfer-linux-ubuntu22_x86_64-7.3.2-20220804-6354275  User: oesteban  Machine: dna078  Platform: Linux  PlatformVersion: 5.14.0-427.37.1.el9_4.x86_64  CompilerName: GCC  CompilerVersion: 8.4.0
ProgramName: mri_watershed  ProgramArguments: mri_watershed -all-info  ProgramVersion: 7.3.2  TimeStamp: 2026/03/06-07:40:22-GMT  BuildTime: Aug  4 2022 06:17:15  BuildStamp: freesurfer-linux-ubuntu22_x86_64-7.3.2-20220804-6354275  User: oesteban  Machine: dna078  Platform: Linux  PlatformVersion: 5.14.0-427.37.1.el9_4.x86_64  CompilerName: GCC  CompilerVersion: 8.4.0
ProgramName: tkregister2  ProgramArguments: tkregister2_cmdl -all-info  ProgramVersion: 7.3.2  TimeStamp: 2026/03/06-07:40:22-GMT  BuildTime: Aug  4 2022 06:17:15  BuildStamp: freesurfer-linux-ubuntu22_x86_64-7.3.2-20220804-6354275  User: oesteban  Machine: dna078  Platform: Linux  PlatformVersion: 5.14.0-427.37.1.el9_4.x86_64  CompilerName: GCC  CompilerVersion: 8.4.0
mri_motion_correct.fsl 7.3.2
mri_convert -all-info 
ProgramName: mri_convert  ProgramArguments: mri_convert -all-info  ProgramVersion: 7.3.2  TimeStamp: 2026/03/06-07:40:22-GMT  BuildTime: Aug  4 2022 06:17:15  BuildStamp: freesurfer-linux-ubuntu22_x86_64-7.3.2-20220804-6354275  User: oesteban  Machine: dna078  Platform: Linux  PlatformVersion: 5.14.0-427.37.1.el9_4.x86_64  CompilerName: GCC  CompilerVersion: 8.4.0
Program nu_correct, built from:
Package MNI N3, version 1.12.0, compiled by nicks@terrier (x86_64-unknown-linux-gnu) on 2015-06-19 at 01:25:34
#######################################
GCADIR /opt/freesurfer/average
GCA RB_all_2020-01-02.gca
GCASkull RB_all_withskull_2020_01_02.gca
AvgCurvTif folding.atlas.acfb40.noaparc.i12.2016-08-02.tif
GCSDIR /opt/freesurfer/average
GCS DKaparc.atlas.acfb40.noaparc.i12.2016-08-02.gcs
#######################################
#--------------------------------------------
#@# WhiteSurfs lh Fri Mar  6 08:40:22 CET 2026
cd /out/sourcedata/freesurfer/sub-v1s10x0050999_ses-1/mri
mris_place_surface --adgws-in ../surf/autodet.gw.stats.lh.dat --seg aseg.presurf.mgz --threads 16 --wm wm.mgz --invol brain.finalsurfs.mgz --lh --i ../surf/lh.white.preaparc --o ../surf/lh.white --white --nsmooth 0 --rip-label ../label/lh.cortex.label --rip-bg --rip-surf ../surf/lh.white.preaparc --aparc ../label/lh.aparc.annot
   Update not needed
#--------------------------------------------
#@# WhiteSurfs rh Fri Mar  6 08:40:22 CET 2026
cd /out/sourcedata/freesurfer/sub-v1s10x0050999_ses-1/mri
mris_place_surface --adgws-in ../surf/autodet.gw.stats.rh.dat --seg aseg.presurf.mgz --threads 16 --wm wm.mgz --invol brain.finalsurfs.mgz --rh --i ../surf/rh.white.preaparc --o ../surf/rh.white --white --nsmooth 0 --rip-label ../label/rh.cortex.label --rip-bg --rip-surf ../surf/rh.white.preaparc --aparc ../label/rh.aparc.annot
   Update not needed
#@# white curv lh Fri Mar  6 08:40:22 CET 2026
cd /out/sourcedata/freesurfer/sub-v1s10x0050999_ses-1/mri
mris_place_surface --curv-map ../surf/lh.white 2 10 ../surf/lh.curv
   Update not needed
#@# white area lh Fri Mar  6 08:40:22 CET 2026
cd /out/sourcedata/freesurfer/sub-v1s10x0050999_ses-1/mri
mris_place_surface --area-map ../surf/lh.white ../surf/lh.area
   Update not needed
#@# pial curv lh Fri Mar  6 08:40:23 CET 2026
cd /out/sourcedata/freesurfer/sub-v1s10x0050999_ses-1/mri
mris_place_surface --curv-map ../surf/lh.pial 2 10 ../surf/lh.curv.pial
   Update not needed
#@# pial area lh Fri Mar  6 08:40:23 CET 2026
cd /out/sourcedata/freesurfer/sub-v1s10x0050999_ses-1/mri
mris_place_surface --area-map ../surf/lh.pial ../surf/lh.area.pial
   Update not needed
#@# thickness lh Fri Mar  6 08:40:23 CET 2026
cd /out/sourcedata/freesurfer/sub-v1s10x0050999_ses-1/mri
mris_place_surface --thickness ../surf/lh.white ../surf/lh.pial 20 5 ../surf/lh.thickness
   Update not needed
#@# area and vertex vol lh Fri Mar  6 08:40:23 CET 2026
cd /out/sourcedata/freesurfer/sub-v1s10x0050999_ses-1/mri
mris_place_surface --thickness ../surf/lh.white ../surf/lh.pial 20 5 ../surf/lh.thickness
   Update not needed
#@# white curv rh Fri Mar  6 08:40:23 CET 2026
cd /out/sourcedata/freesurfer/sub-v1s10x0050999_ses-1/mri
mris_place_surface --curv-map ../surf/rh.white 2 10 ../surf/rh.curv
   Update not needed
#@# white area rh Fri Mar  6 08:40:23 CET 2026
cd /out/sourcedata/freesurfer/sub-v1s10x0050999_ses-1/mri
mris_place_surface --area-map ../surf/rh.white ../surf/rh.area
   Update not needed
#@# pial curv rh Fri Mar  6 08:40:23 CET 2026
cd /out/sourcedata/freesurfer/sub-v1s10x0050999_ses-1/mri
mris_place_surface --curv-map ../surf/rh.pial 2 10 ../surf/rh.curv.pial
   Update not needed
#@# pial area rh Fri Mar  6 08:40:23 CET 2026
cd /out/sourcedata/freesurfer/sub-v1s10x0050999_ses-1/mri
mris_place_surface --area-map ../surf/rh.pial ../surf/rh.area.pial
   Update not needed
#@# thickness rh Fri Mar  6 08:40:23 CET 2026
cd /out/sourcedata/freesurfer/sub-v1s10x0050999_ses-1/mri
mris_place_surface --thickness ../surf/rh.white ../surf/rh.pial 20 5 ../surf/rh.thickness
   Update not needed
#@# area and vertex vol rh Fri Mar  6 08:40:23 CET 2026
cd /out/sourcedata/freesurfer/sub-v1s10x0050999_ses-1/mri
mris_place_surface --thickness ../surf/rh.white ../surf/rh.pial 20 5 ../surf/rh.thickness
   Update not needed

#-----------------------------------------
#@# Curvature Stats lh Fri Mar  6 08:40:23 CET 2026
/out/sourcedata/freesurfer/sub-v1s10x0050999_ses-1/surf

 mris_curvature_stats -m --writeCurvatureFiles -G -o ../stats/lh.curv.stats -F smoothwm sub-v1s10x0050999_ses-1 lh curv sulc 

             Toggling save flag on curvature files                       [ ok ]
                 Outputting results using filestem   [ ../stats/lh.curv.stats ]
             Toggling save flag on curvature files                       [ ok ]
                                   Setting surface [ sub-v1s10x0050999_ses-1/lh.smoothwm ]
                                Reading surface...                       [ ok ]
                                   Setting texture                     [ curv ]
                                Reading texture...                       [ ok ]
                                   Setting texture                     [ sulc ]
                                Reading texture...Gb_filter = 0
                       [ ok ]
      Calculating Discrete Principal Curvatures...
      Determining geometric order for vno faces... [####################] [ ok ]
                      Determining KH curvatures... [####################] [ ok ]
                    Determining k1k2 curvatures... [####################] [ ok ]
                                   deltaViolations                      [ 232 ]
Gb_filter = 0

WARN:    S lookup   min:                          -0.121122
WARN:    S explicit min:                          0.000000	vertex = 40

#-----------------------------------------
#@# Curvature Stats rh Fri Mar  6 08:40:24 CET 2026
/out/sourcedata/freesurfer/sub-v1s10x0050999_ses-1/surf

 mris_curvature_stats -m --writeCurvatureFiles -G -o ../stats/rh.curv.stats -F smoothwm sub-v1s10x0050999_ses-1 rh curv sulc 

             Toggling save flag on curvature files                       [ ok ]
                 Outputting results using filestem   [ ../stats/rh.curv.stats ]
             Toggling save flag on curvature files                       [ ok ]
                                   Setting surface [ sub-v1s10x0050999_ses-1/rh.smoothwm ]
                                Reading surface...                       [ ok ]
                                   Setting texture                     [ curv ]
                                Reading texture...                       [ ok ]
                                   Setting texture                     [ sulc ]
                                Reading texture...Gb_filter = 0
                       [ ok ]
      Calculating Discrete Principal Curvatures...
      Determining geometric order for vno faces... [####################] [ ok ]
                      Determining KH curvatures... [####################] [ ok ]
                    Determining k1k2 curvatures... [####################] [ ok ]
                                   deltaViolations                      [ 221 ]
Gb_filter = 0
#-----------------------------------------
#@# Relabel Hypointensities Fri Mar  6 08:40:26 CET 2026
/out/sourcedata/freesurfer/sub-v1s10x0050999_ses-1/mri

 mri_relabel_hypointensities aseg.presurf.mgz ../surf aseg.presurf.hypos.mgz 

reading input surface ../surf/lh.white...
relabeling lh hypointensities...
5656 voxels changed to hypointensity...
reading input surface ../surf/rh.white...
relabeling rh hypointensities...
5113 voxels changed to hypointensity...
10032 hypointense voxels neighboring cortex changed
#-----------------------------------------
#@# APas-to-ASeg Fri Mar  6 08:40:36 CET 2026
/out/sourcedata/freesurfer/sub-v1s10x0050999_ses-1/mri

 mri_surf2volseg --o aseg.mgz --i aseg.presurf.hypos.mgz --fix-presurf-with-ribbon /out/sourcedata/freesurfer/sub-v1s10x0050999_ses-1/mri/ribbon.mgz --threads 16 --lh-cortex-mask /out/sourcedata/freesurfer/sub-v1s10x0050999_ses-1/label/lh.cortex.label --lh-white /out/sourcedata/freesurfer/sub-v1s10x0050999_ses-1/surf/lh.white --lh-pial /out/sourcedata/freesurfer/sub-v1s10x0050999_ses-1/surf/lh.pial --rh-cortex-mask /out/sourcedata/freesurfer/sub-v1s10x0050999_ses-1/label/rh.cortex.label --rh-white /out/sourcedata/freesurfer/sub-v1s10x0050999_ses-1/surf/rh.white --rh-pial /out/sourcedata/freesurfer/sub-v1s10x0050999_ses-1/surf/rh.pial 

SUBJECTS_DIR /out/sourcedata/freesurfer
outvol aseg.mgz
16 avail.processors, using 16
Loading aseg.presurf.hypos.mgz
Loading /out/sourcedata/freesurfer/sub-v1s10x0050999_ses-1/mri/ribbon.mgz
Loading /out/sourcedata/freesurfer/sub-v1s10x0050999_ses-1/surf/lh.white
Loading /out/sourcedata/freesurfer/sub-v1s10x0050999_ses-1/surf/lh.pial
Loading /out/sourcedata/freesurfer/sub-v1s10x0050999_ses-1/label/lh.cortex.label
Loading /out/sourcedata/freesurfer/sub-v1s10x0050999_ses-1/surf/rh.white
Loading /out/sourcedata/freesurfer/sub-v1s10x0050999_ses-1/surf/rh.pial
Loading /out/sourcedata/freesurfer/sub-v1s10x0050999_ses-1/label/rh.cortex.label
Done loading
  0  16 176 240 160 112  80 224  64 208  48 128 144 192  32  96 209   1  65  17  49  33  18 241 225  50  34   2 210  66  19 
 51 242 226  35   3 211  20  52 243  67  36 227  21 212   4 193 244  37 228  53  22   5 213  38  81 245  23 229  54  39 
  6 214  24 246 230  40  55  25 247 215 194   7 231 113  41 248  26 232  56 216   8  42  68  97 249  27 233  43 217  57   9 250  28 234 195  44 177 218  10  58 251  29 235  45 161  82 219 
 11 252 236  59 
196  46  30  69  12 220 253 237  47 197 129  60  31 145  13 221 254 198 238  61  14 255 222 199 
239 
 62  15 223 200  63  70  83  98 201 202 203  71 204 178 162 114 205 206  84 207  72 146  99 
 85 163 179 
130 115 100  86  73 147  87 164 101 180 116  88  74 148 102 165 131 181  89 117  75 103 149 166 182  90 118  76 104 150 132 183 167  91 119 
 77 105 151 184 185  92 120 168  78 133 106 152 186 187  79 
121 107  93 169 153 188 122 108 189 134 170  94 190 154 109 123 191 171  95 110 124 155 172 111 135 125 156 173 126 174 157 136 175 127 158 137 159 
138 139 
140 141 142 143 
nrelabeled = 164805
ndotcheck = 0
Starting Surf2VolSeg free
free done
#VMPC# mri_surf2volseg VmPeak  1921888
mri_surf2volseg done

 mri_brainvol_stats sub-v1s10x0050999_ses-1 

ComputeBrainVolumeStats2 VoxelVol=1, KeepCSF=1
  #CBVS2 MaskVol              1356950.0
  #CBVS2 BrainSegVol          1093335.0
  #CBVS2 BrainSegVolNotVent   1079825.0
  #CBVS2 SupraTentVol         1031782.0
  #CBVS2 SupraTentVolNotVent  1018272.0
  #CBVS2 lhCtxGM               248598.7
  #CBVS2 rhCtxGM               248605.7
  #CBVS2 lhCerebralWM          228939.5
  #CBVS2 rhCerebralWM          232612.5
  #CBVS2 SubCortGMVol           59252.0
  #CBVS2 CerebellumVol          61553.0
  #CBVS2 CerebellumGMVol        50126.0
  #CBVS2 VentChorVol            11373.0
  #CBVS2 3rd4th5thCSF            2137.0
  #CBVS2 AllCSF                 13510.0
  #CBVS2 CCVol                   3647.0
#-----------------------------------------
#@# AParc-to-ASeg aparc Fri Mar  6 08:40:43 CET 2026
/out/sourcedata/freesurfer/sub-v1s10x0050999_ses-1/mri

 mri_surf2volseg --o aparc+aseg.mgz --label-cortex --i aseg.mgz --threads 16 --lh-annot /out/sourcedata/freesurfer/sub-v1s10x0050999_ses-1/label/lh.aparc.annot 1000 --lh-cortex-mask /out/sourcedata/freesurfer/sub-v1s10x0050999_ses-1/label/lh.cortex.label --lh-white /out/sourcedata/freesurfer/sub-v1s10x0050999_ses-1/surf/lh.white --lh-pial /out/sourcedata/freesurfer/sub-v1s10x0050999_ses-1/surf/lh.pial --rh-annot /out/sourcedata/freesurfer/sub-v1s10x0050999_ses-1/label/rh.aparc.annot 2000 --rh-cortex-mask /out/sourcedata/freesurfer/sub-v1s10x0050999_ses-1/label/rh.cortex.label --rh-white /out/sourcedata/freesurfer/sub-v1s10x0050999_ses-1/surf/rh.white --rh-pial /out/sourcedata/freesurfer/sub-v1s10x0050999_ses-1/surf/rh.pial 

SUBJECTS_DIR /out/sourcedata/freesurfer
outvol aparc+aseg.mgz
16 avail.processors, using 16
Loading aseg.mgz
Loading /out/sourcedata/freesurfer/sub-v1s10x0050999_ses-1/surf/lh.white
Loading /out/sourcedata/freesurfer/sub-v1s10x0050999_ses-1/surf/lh.pial
Loading /out/sourcedata/freesurfer/sub-v1s10x0050999_ses-1/label/lh.cortex.label
Ripping lh vertices labeled not in lh.cortex.label
  ripped 8050 vertices from lh hemi
Loading /out/sourcedata/freesurfer/sub-v1s10x0050999_ses-1/label/lh.aparc.annot
Loading /out/sourcedata/freesurfer/sub-v1s10x0050999_ses-1/surf/rh.white
Loading /out/sourcedata/freesurfer/sub-v1s10x0050999_ses-1/surf/rh.pial
Loading /out/sourcedata/freesurfer/sub-v1s10x0050999_ses-1/label/rh.cortex.label
Ripping rh vertices labeled not in rh.cortex.label
  ripped 7998 vertices from rh hemi
Loading /out/sourcedata/freesurfer/sub-v1s10x0050999_ses-1/label/rh.aparc.annot
Done loading
224 208 128 144  32  64 240 160  96 192  80 176 112  48  16   0  49   1  17  65 209 225 241  33 226  66  50 210  18 242   2  34  51 227 211  19 
  3 243  67  35  52 228  20 212   4 244  36  53 229  21 213   5 245  37  54 230  22 214   6 246  38 231  23 215  55   7 247  39 
232  24 216  56   8 248  40 233  25 217   9  57  41 249 234  26 218  10  42 250  58 235  27 219 
 11  43 251  59 
236 220  28  68  12  44 252 237  60 221  29  13  45 253 238  61 222  30  14  46 254 239 
 62 223  31  15  47 255  63  69 193 194 195 196 197 198  70 199 
200 201 202 203 204 205 206 207  71 113  72  81 161  73 177 129 114  74  82 145 162 178 115  75  83  97  76 116 179 
163 130  84 146  77 117 180  85  78 181 164 118 131  98  86 147 182  79 
119 
183  87 132 148 184 120 165  99 
 88 185 149 186 133 121 187  89 100 188 150 134 122 166 189 190  90 191 151 123 135 101  91 152 102 136 124 167 153 103 137  92 125 154 104 138 155  93 126 105 168 156 139 
106 127 157  94 140 107 169 158 141 108  95 159 
109 170 142 110 143 171 111 172 173 174 175 
nrelabeled = 497468
ndotcheck = 42761
Starting Surf2VolSeg free
free done
#VMPC# mri_surf2volseg VmPeak  1906024
mri_surf2volseg done
#-----------------------------------------
#@# AParc-to-ASeg aparc.a2009s Fri Mar  6 08:41:08 CET 2026
/out/sourcedata/freesurfer/sub-v1s10x0050999_ses-1/mri

 mri_surf2volseg --o aparc.a2009s+aseg.mgz --label-cortex --i aseg.mgz --threads 16 --lh-annot /out/sourcedata/freesurfer/sub-v1s10x0050999_ses-1/label/lh.aparc.a2009s.annot 11100 --lh-cortex-mask /out/sourcedata/freesurfer/sub-v1s10x0050999_ses-1/label/lh.cortex.label --lh-white /out/sourcedata/freesurfer/sub-v1s10x0050999_ses-1/surf/lh.white --lh-pial /out/sourcedata/freesurfer/sub-v1s10x0050999_ses-1/surf/lh.pial --rh-annot /out/sourcedata/freesurfer/sub-v1s10x0050999_ses-1/label/rh.aparc.a2009s.annot 12100 --rh-cortex-mask /out/sourcedata/freesurfer/sub-v1s10x0050999_ses-1/label/rh.cortex.label --rh-white /out/sourcedata/freesurfer/sub-v1s10x0050999_ses-1/surf/rh.white --rh-pial /out/sourcedata/freesurfer/sub-v1s10x0050999_ses-1/surf/rh.pial 

SUBJECTS_DIR /out/sourcedata/freesurfer
outvol aparc.a2009s+aseg.mgz
16 avail.processors, using 16
Loading aseg.mgz
Loading /out/sourcedata/freesurfer/sub-v1s10x0050999_ses-1/surf/lh.white
Loading /out/sourcedata/freesurfer/sub-v1s10x0050999_ses-1/surf/lh.pial
Loading /out/sourcedata/freesurfer/sub-v1s10x0050999_ses-1/label/lh.cortex.label
Ripping lh vertices labeled not in lh.cortex.label
  ripped 8050 vertices from lh hemi
Loading /out/sourcedata/freesurfer/sub-v1s10x0050999_ses-1/label/lh.aparc.a2009s.annot
Loading /out/sourcedata/freesurfer/sub-v1s10x0050999_ses-1/surf/rh.white
Loading /out/sourcedata/freesurfer/sub-v1s10x0050999_ses-1/surf/rh.pial
Loading /out/sourcedata/freesurfer/sub-v1s10x0050999_ses-1/label/rh.cortex.label
Ripping rh vertices labeled not in rh.cortex.label
  ripped 7998 vertices from rh hemi
Loading /out/sourcedata/freesurfer/sub-v1s10x0050999_ses-1/label/rh.aparc.a2009s.annot
Done loading
  0  96  80 224 240 160 208 176 144 112 128 192  48  32  16  64   1  33  17 225 209 241  65  49  66 226  50   2  34 242 210  18 227  51  67 228   3  35 243 211  19 
 52 229   4 244  36 212 230  20  53 245   5 231  37 213  54  21 246 232   6  38  55 214 247 233  22   7  39 
215  56 248 234  23   8  40 216  57 249 235  24   9 217  58  41 236 250  25  10 237 218  42  59 
251 238  11  26 219 
 43  60 239 
252  12  27 220 253  44  61  13  28 254 221  45  62  29  14 255  63 222  46  68  15  30  47 223  31 193  69 194 195 196 197 198 199 
200 201 202 203 204 205 206 207  70  71  72 113  81 145 161 129  73 177 114  82 146  97  74 162  83 147 115 130  75 178 163  84 148  76 116 179 
164  98  85 149 131  86 165 180  77 150 117  87 151  99 
166 181 132  78 118  88 152 182 167 133  79 
100 153  89 183 119 
134 184 154 168  90 101 185 135 155 120 186 169  91 187 156 136 102 188 170  92 121 189 157 137 190 171 191 103 158  93 138 122 172 159 
 94 104 173 139 
123  95 105 174 140 124 106 175 141 125 107 142 108 126 109 143 127 110 111 
nrelabeled = 497468
ndotcheck = 42761
Starting Surf2VolSeg free
free done
#VMPC# mri_surf2volseg VmPeak  1930964
mri_surf2volseg done
#-----------------------------------------
#@# AParc-to-ASeg aparc.DKTatlas Fri Mar  6 08:41:31 CET 2026
/out/sourcedata/freesurfer/sub-v1s10x0050999_ses-1/mri

 mri_surf2volseg --o aparc.DKTatlas+aseg.mgz --label-cortex --i aseg.mgz --threads 16 --lh-annot /out/sourcedata/freesurfer/sub-v1s10x0050999_ses-1/label/lh.aparc.DKTatlas.annot 1000 --lh-cortex-mask /out/sourcedata/freesurfer/sub-v1s10x0050999_ses-1/label/lh.cortex.label --lh-white /out/sourcedata/freesurfer/sub-v1s10x0050999_ses-1/surf/lh.white --lh-pial /out/sourcedata/freesurfer/sub-v1s10x0050999_ses-1/surf/lh.pial --rh-annot /out/sourcedata/freesurfer/sub-v1s10x0050999_ses-1/label/rh.aparc.DKTatlas.annot 2000 --rh-cortex-mask /out/sourcedata/freesurfer/sub-v1s10x0050999_ses-1/label/rh.cortex.label --rh-white /out/sourcedata/freesurfer/sub-v1s10x0050999_ses-1/surf/rh.white --rh-pial /out/sourcedata/freesurfer/sub-v1s10x0050999_ses-1/surf/rh.pial 

SUBJECTS_DIR /out/sourcedata/freesurfer
outvol aparc.DKTatlas+aseg.mgz
16 avail.processors, using 16
Loading aseg.mgz
Loading /out/sourcedata/freesurfer/sub-v1s10x0050999_ses-1/surf/lh.white
Loading /out/sourcedata/freesurfer/sub-v1s10x0050999_ses-1/surf/lh.pial
Loading /out/sourcedata/freesurfer/sub-v1s10x0050999_ses-1/label/lh.cortex.label
Ripping lh vertices labeled not in lh.cortex.label
  ripped 8050 vertices from lh hemi
Loading /out/sourcedata/freesurfer/sub-v1s10x0050999_ses-1/label/lh.aparc.DKTatlas.annot
Loading /out/sourcedata/freesurfer/sub-v1s10x0050999_ses-1/surf/rh.white
Loading /out/sourcedata/freesurfer/sub-v1s10x0050999_ses-1/surf/rh.pial
Loading /out/sourcedata/freesurfer/sub-v1s10x0050999_ses-1/label/rh.cortex.label
Ripping rh vertices labeled not in rh.cortex.label
  ripped 7998 vertices from rh hemi
Loading /out/sourcedata/freesurfer/sub-v1s10x0050999_ses-1/label/rh.aparc.DKTatlas.annot
Done loading
224 208  48 128 240   0  96 176 160 192  32  80  64 112 144  16  33  65 209 225 241  49  17 242 226  34 210  66  50   1  18 243  51 211 227  35   2 244  19 
 67  52 212 245 228  36  20   3  53 246 213 229  37  21   4  54 247 214 230  38  55  22   5 248 215  56 231  39 
 23 249   6  57 216 232  24  40 250   7  58 217 233 251  25  41  59 
  8 218 252  60  26 234  42  68   9 253 219 
 61  27 235 254  43  10 220  62 255 236  28  44 221  11  63  29 237  45 222  12 238  30  46 223  13 239 
 31  47  14  15  69 193 194 195 196 197 198 199 
200 201 202 203 204 205 206 207  70  71  72  73  81 113 145  74  97 129  75  82 161 114 177 146  76  83  98 115  77 147 130  84 162  78  99 
178 116 148  79 
 85 100 131 179 
 86 117 101 149 163 102 150 118  87 180 132 103 151 164  88 181 104 119 
133 152 105 182 134 153  89 165 106 120 154 135 183 107 155 136  90 108 121 184 156 166 137 109 185 157  91 110 138 122 186 158 111 167 159 
187 139 
 92 123 188 140 168 189 141 190 124  93 169 191 142 170  94 125 143 171  95 126 172 127 173 174 175 
nrelabeled = 497468
ndotcheck = 42761
Starting Surf2VolSeg free
free done
#VMPC# mri_surf2volseg VmPeak  1906020
mri_surf2volseg done
#-----------------------------------------
#@# WMParc Fri Mar  6 08:41:59 CET 2026
/out/sourcedata/freesurfer/sub-v1s10x0050999_ses-1/mri

 mri_surf2volseg --o wmparc.mgz --label-wm --i aparc+aseg.mgz --threads 16 --lh-annot /out/sourcedata/freesurfer/sub-v1s10x0050999_ses-1/label/lh.aparc.annot 3000 --lh-cortex-mask /out/sourcedata/freesurfer/sub-v1s10x0050999_ses-1/label/lh.cortex.label --lh-white /out/sourcedata/freesurfer/sub-v1s10x0050999_ses-1/surf/lh.white --lh-pial /out/sourcedata/freesurfer/sub-v1s10x0050999_ses-1/surf/lh.pial --rh-annot /out/sourcedata/freesurfer/sub-v1s10x0050999_ses-1/label/rh.aparc.annot 4000 --rh-cortex-mask /out/sourcedata/freesurfer/sub-v1s10x0050999_ses-1/label/rh.cortex.label --rh-white /out/sourcedata/freesurfer/sub-v1s10x0050999_ses-1/surf/rh.white --rh-pial /out/sourcedata/freesurfer/sub-v1s10x0050999_ses-1/surf/rh.pial 

SUBJECTS_DIR /out/sourcedata/freesurfer
outvol wmparc.mgz
16 avail.processors, using 16
Loading aparc+aseg.mgz
Loading /out/sourcedata/freesurfer/sub-v1s10x0050999_ses-1/surf/lh.white
Loading /out/sourcedata/freesurfer/sub-v1s10x0050999_ses-1/surf/lh.pial
Loading /out/sourcedata/freesurfer/sub-v1s10x0050999_ses-1/label/lh.cortex.label
Ripping lh vertices labeled not in lh.cortex.label
  ripped 8050 vertices from lh hemi
Loading /out/sourcedata/freesurfer/sub-v1s10x0050999_ses-1/label/lh.aparc.annot
Loading /out/sourcedata/freesurfer/sub-v1s10x0050999_ses-1/surf/rh.white
Loading /out/sourcedata/freesurfer/sub-v1s10x0050999_ses-1/surf/rh.pial
Loading /out/sourcedata/freesurfer/sub-v1s10x0050999_ses-1/label/rh.cortex.label
Ripping rh vertices labeled not in rh.cortex.label
  ripped 7998 vertices from rh hemi
Loading /out/sourcedata/freesurfer/sub-v1s10x0050999_ses-1/label/rh.aparc.annot
Done loading
  0 240 176  32 160  16 208 192 224 112 128  80 144  64  96  48   1 225 209  17  65  33  49 241 193   2 242  34  50  66 226  18 210 194   3  51 243  35  67 227  19 
211 195   4  52 244  36  68 196 228  20 212  53   5 197 245  69  37 229  21 213  54   6 198 246  38  70  55  22 230 214 199 
  7 247  56  39 
200  23 231 215   8  71  57 248  40 201  24 232 216   9  58 249 202  41  25  59 
233 217  10 203 250  42  60 204  26  72  11 234 218 251  43  61  27  12 235 219 
205 252  44  62 236 253  28  13  45  63 220 206 237 254  29  14  46 207 221 255 238  15  30  47 222 239 
 31 223  73  81  74  75 129  76  82  77 177  97  78  83 161 145 130  79 
 84 178  98  85 179 
131 162 146  86 180 113  99 
132  87 181 163 133  88 147 182 134 100 183 135  89 136 184 164 148 185  90 186 114 101 137 187 188 189  91 190 191 165 138 149  92 102 166 139 
 93 150 167 103 140 115  94 168 151 141  95 104 169 152 142 170 105 116 171 143 153 106 172 154 107 173 155 174 108 175 117 156 109 157 110 158 118 159 
111 119 
120 121 122 123 124 125 126 127 
nrelabeled = 457905
ndotcheck = 4303
Starting Surf2VolSeg free
free done
#VMPC# mri_surf2volseg VmPeak  1906024
mri_surf2volseg done

 mri_segstats --seed 1234 --seg mri/wmparc.mgz --sum stats/wmparc.stats --pv mri/norm.mgz --excludeid 0 --brainmask mri/brainmask.mgz --in mri/norm.mgz --in-intensity-name norm --in-intensity-units MR --subject sub-v1s10x0050999_ses-1 --surf-wm-vol --ctab /opt/freesurfer/WMParcStatsLUT.txt --etiv 

setting seed for random number genererator to 1234

7.3.2
cwd 
cmdline mri_segstats --seed 1234 --seg mri/wmparc.mgz --sum stats/wmparc.stats --pv mri/norm.mgz --excludeid 0 --brainmask mri/brainmask.mgz --in mri/norm.mgz --in-intensity-name norm --in-intensity-units MR --subject sub-v1s10x0050999_ses-1 --surf-wm-vol --ctab /opt/freesurfer/WMParcStatsLUT.txt --etiv 
sysname  Linux
hostname dna078
machine  x86_64
user     oesteban
whitesurfname  white
UseRobust  0
atlas_icv (eTIV) = 1247155 mm^3    (det: 1.562039 )
Loading mri/wmparc.mgz
Getting Brain Volume Statistics
Loading mri/norm.mgz
Loading mri/norm.mgz
Voxel Volume is 1 mm^3
Generating list of segmentation ids
Found 390 segmentations
Computing statistics for each segmentation

Reporting on  70 segmentations
Using PrintSegStat
mri_segstats done
#--------------------------------------------
#@# ASeg Stats Fri Mar  6 08:44:09 CET 2026
/out/sourcedata/freesurfer/sub-v1s10x0050999_ses-1

 mri_segstats --seed 1234 --seg mri/aseg.mgz --sum stats/aseg.stats --pv mri/norm.mgz --empty --brainmask mri/brainmask.mgz --brain-vol-from-seg --excludeid 0 --excl-ctxgmwm --supratent --subcortgray --in mri/norm.mgz --in-intensity-name norm --in-intensity-units MR --etiv --surf-wm-vol --surf-ctx-vol --totalgray --euler --ctab /opt/freesurfer/ASegStatsLUT.txt --subject sub-v1s10x0050999_ses-1 

setting seed for random number genererator to 1234

7.3.2
cwd 
cmdline mri_segstats --seed 1234 --seg mri/aseg.mgz --sum stats/aseg.stats --pv mri/norm.mgz --empty --brainmask mri/brainmask.mgz --brain-vol-from-seg --excludeid 0 --excl-ctxgmwm --supratent --subcortgray --in mri/norm.mgz --in-intensity-name norm --in-intensity-units MR --etiv --surf-wm-vol --surf-ctx-vol --totalgray --euler --ctab /opt/freesurfer/ASegStatsLUT.txt --subject sub-v1s10x0050999_ses-1 
sysname  Linux
hostname dna078
machine  x86_64
user     oesteban
whitesurfname  white
UseRobust  0
atlas_icv (eTIV) = 1247155 mm^3    (det: 1.562039 )
Computing euler number
orig.nofix lheno =  -50, rheno = -44
orig.nofix lhholes =   26, rhholes = 23
Loading mri/aseg.mgz
Getting Brain Volume Statistics
Loading mri/norm.mgz
Loading mri/norm.mgz
Voxel Volume is 1 mm^3
Generating list of segmentation ids
Found  50 segmentations
Computing statistics for each segmentation

Reporting on  45 segmentations
Using PrintSegStat
mri_segstats done

Started at Fri Mar 6 08:40:22 CET 2026 
Ended   at Fri Mar 6 08:44:30 CET 2026
#@#%# recon-all-run-time-hours 0.069
recon-all -s sub-v1s10x0050999_ses-1 finished without error at Fri Mar  6 08:44:30 CET 2026
