
Sat Mar  7 08:50:49 CET 2026
cd /out/sourcedata/freesurfer/sub-v1s20x0050275_ses-1
setenv SUBJECTS_DIR /out/sourcedata/freesurfer
/opt/freesurfer/bin/recon-all -autorecon-hemi lh -noparcstats -noparcstats2 -noparcstats3 -nohyporelabel -nobalabels -lh-only -openmp 16 -subjid sub-v1s20x0050275_ses-1 -sd /out/sourcedata/freesurfer

subjid sub-v1s20x0050275_ses-1
setenv SUBJECTS_DIR /out/sourcedata/freesurfer
FREESURFER_HOME /opt/freesurfer
Actual FREESURFER_HOME /opt/freesurfer
build-stamp.txt: freesurfer-linux-ubuntu22_x86_64-7.3.2-20220804-6354275
Linux dna024 5.14.0-427.37.1.el9_4.x86_64 #1 SMP PREEMPT_DYNAMIC Fri Sep 13 12:41:50 EDT 2024 x86_64 x86_64 x86_64 GNU/Linux
cputime      unlimited
filesize     unlimited
datasize     unlimited
stacksize    8192 kbytes
coredumpsize 0 kbytes
memoryuse    67108864 kbytes
vmemoryuse   unlimited
descriptors  1024 
memorylocked unlimited
maxproc      2061970 
maxlocks     unlimited
maxsignal    4126352 
maxmessage   819200 
maxnice      0 
maxrtprio    0 
maxrttime    unlimited

               total        used        free      shared  buff/cache   available
Mem:           1.0Ti        53Gi       573Gi        43Gi       380Gi       904Gi
Swap:             0B          0B          0B

########################################
program versions used
7.3.2 (freesurfer-linux-ubuntu22_x86_64-7.3.2-20220804-6354275)
7.3.2

ProgramName: lta_convert  ProgramArguments: lta_convert -all-info  ProgramVersion: 7.3.2  TimeStamp: 2026/03/07-07:50:49-GMT  BuildTime: Aug  4 2022 06:17:15  BuildStamp: freesurfer-linux-ubuntu22_x86_64-7.3.2-20220804-6354275  User: oesteban  Machine: dna024  Platform: Linux  PlatformVersion: 5.14.0-427.37.1.el9_4.x86_64  CompilerName: GCC  CompilerVersion: 8.4.0
ProgramName: mri_and  ProgramArguments: mri_and -all-info  ProgramVersion: 7.3.2  TimeStamp: 2026/03/07-07:50:49-GMT  BuildTime: Aug  4 2022 06:17:15  BuildStamp: freesurfer-linux-ubuntu22_x86_64-7.3.2-20220804-6354275  User: oesteban  Machine: dna024  Platform: Linux  PlatformVersion: 5.14.0-427.37.1.el9_4.x86_64  CompilerName: GCC  CompilerVersion: 8.4.0
ProgramName: mri_annotation2label  ProgramArguments: mri_annotation2label -all-info  ProgramVersion: 7.3.2  TimeStamp: 2026/03/07-07:50:49-GMT  BuildTime: Aug  4 2022 06:17:15  BuildStamp: freesurfer-linux-ubuntu22_x86_64-7.3.2-20220804-6354275  User: oesteban  Machine: dna024  Platform: Linux  PlatformVersion: 5.14.0-427.37.1.el9_4.x86_64  CompilerName: GCC  CompilerVersion: 8.4.0
ProgramName: mri_aparc2aseg  ProgramArguments: mri_aparc2aseg -all-info  ProgramVersion: 7.3.2  TimeStamp: 2026/03/07-07:50:49-GMT  BuildTime: Aug  4 2022 06:17:15  BuildStamp: freesurfer-linux-ubuntu22_x86_64-7.3.2-20220804-6354275  User: oesteban  Machine: dna024  Platform: Linux  PlatformVersion: 5.14.0-427.37.1.el9_4.x86_64  CompilerName: GCC  CompilerVersion: 8.4.0
ProgramName: mri_surf2volseg  ProgramArguments: mri_surf2volseg -all-info  ProgramVersion: 7.3.2  TimeStamp: 2026/03/07-07:50:49-GMT  BuildTime: Aug  4 2022 06:17:15  BuildStamp: freesurfer-linux-ubuntu22_x86_64-7.3.2-20220804-6354275  User: oesteban  Machine: dna024  Platform: Linux  PlatformVersion: 5.14.0-427.37.1.el9_4.x86_64  CompilerName: GCC  CompilerVersion: 8.4.0
ProgramName: mri_binarize  ProgramArguments: mri_binarize -all-info  ProgramVersion: 7.3.2  TimeStamp: 2026/03/07-07:50:49-GMT  BuildTime: Aug  4 2022 06:17:15  BuildStamp: freesurfer-linux-ubuntu22_x86_64-7.3.2-20220804-6354275  User: oesteban  Machine: dna024  Platform: Linux  PlatformVersion: 5.14.0-427.37.1.el9_4.x86_64  CompilerName: GCC  CompilerVersion: 8.4.0
ProgramName: mri_ca_label  ProgramArguments: mri_ca_label -all-info  ProgramVersion: 7.3.2  TimeStamp: 2026/03/07-07:50:49-GMT  BuildTime: Aug  4 2022 06:17:15  BuildStamp: freesurfer-linux-ubuntu22_x86_64-7.3.2-20220804-6354275  User: oesteban  Machine: dna024  Platform: Linux  PlatformVersion: 5.14.0-427.37.1.el9_4.x86_64  CompilerName: GCC  CompilerVersion: 8.4.0
ProgramName: mri_ca_normalize  ProgramArguments: mri_ca_normalize -all-info  ProgramVersion: 7.3.2  TimeStamp: 2026/03/07-07:50:49-GMT  BuildTime: Aug  4 2022 06:17:15  BuildStamp: freesurfer-linux-ubuntu22_x86_64-7.3.2-20220804-6354275  User: oesteban  Machine: dna024  Platform: Linux  PlatformVersion: 5.14.0-427.37.1.el9_4.x86_64  CompilerName: GCC  CompilerVersion: 8.4.0
ProgramName: mri_ca_register  ProgramArguments: mri_ca_register -all-info  ProgramVersion: 7.3.2  TimeStamp: 2026/03/07-07:50:49-GMT  BuildTime: Aug  4 2022 06:17:15  BuildStamp: freesurfer-linux-ubuntu22_x86_64-7.3.2-20220804-6354275  User: oesteban  Machine: dna024  Platform: Linux  PlatformVersion: 5.14.0-427.37.1.el9_4.x86_64  CompilerName: GCC  CompilerVersion: 8.4.0
ProgramName: mri_cc  ProgramArguments: mri_cc -all-info  ProgramVersion: 7.3.2  TimeStamp: 2026/03/07-07:50:49-GMT  BuildTime: Aug  4 2022 06:17:15  BuildStamp: freesurfer-linux-ubuntu22_x86_64-7.3.2-20220804-6354275  User: oesteban  Machine: dna024  Platform: Linux  PlatformVersion: 5.14.0-427.37.1.el9_4.x86_64  CompilerName: GCC  CompilerVersion: 8.4.0
ProgramName: mri_compute_overlap  ProgramArguments: mri_compute_overlap -all-info  ProgramVersion: 7.3.2  TimeStamp: 2026/03/07-07:50:49-GMT  BuildTime: Aug  4 2022 06:17:15  BuildStamp: freesurfer-linux-ubuntu22_x86_64-7.3.2-20220804-6354275  User: oesteban  Machine: dna024  Platform: Linux  PlatformVersion: 5.14.0-427.37.1.el9_4.x86_64  CompilerName: GCC  CompilerVersion: 8.4.0
ProgramName: mri_compute_seg_overlap  ProgramArguments: mri_compute_seg_overlap -all-info  ProgramVersion: 7.3.2  TimeStamp: 2026/03/07-07:50:49-GMT  BuildTime: Aug  4 2022 06:17:15  BuildStamp: freesurfer-linux-ubuntu22_x86_64-7.3.2-20220804-6354275  User: oesteban  Machine: dna024  Platform: Linux  PlatformVersion: 5.14.0-427.37.1.el9_4.x86_64  CompilerName: GCC  CompilerVersion: 8.4.0
ProgramName: mri_concat  ProgramArguments: mri_concat -all-info  ProgramVersion: 7.3.2  TimeStamp: 2026/03/07-07:50:49-GMT  BuildTime: Aug  4 2022 06:17:15  BuildStamp: freesurfer-linux-ubuntu22_x86_64-7.3.2-20220804-6354275  User: oesteban  Machine: dna024  Platform: Linux  PlatformVersion: 5.14.0-427.37.1.el9_4.x86_64  CompilerName: GCC  CompilerVersion: 8.4.0
ProgramName: mri_concatenate_lta  ProgramArguments: mri_concatenate_lta -all-info  ProgramVersion: 7.3.2  TimeStamp: 2026/03/07-07:50:49-GMT  BuildTime: Aug  4 2022 06:17:15  BuildStamp: freesurfer-linux-ubuntu22_x86_64-7.3.2-20220804-6354275  User: oesteban  Machine: dna024  Platform: Linux  PlatformVersion: 5.14.0-427.37.1.el9_4.x86_64  CompilerName: GCC  CompilerVersion: 8.4.0
mri_convert -all-info 
ProgramName: mri_convert  ProgramArguments: mri_convert -all-info  ProgramVersion: 7.3.2  TimeStamp: 2026/03/07-07:50:49-GMT  BuildTime: Aug  4 2022 06:17:15  BuildStamp: freesurfer-linux-ubuntu22_x86_64-7.3.2-20220804-6354275  User: oesteban  Machine: dna024  Platform: Linux  PlatformVersion: 5.14.0-427.37.1.el9_4.x86_64  CompilerName: GCC  CompilerVersion: 8.4.0
ProgramName: mri_diff  ProgramArguments: mri_diff -all-info  ProgramVersion: 7.3.2  TimeStamp: 2026/03/07-07:50:49-GMT  BuildTime: Aug  4 2022 06:17:15  BuildStamp: freesurfer-linux-ubuntu22_x86_64-7.3.2-20220804-6354275  User: oesteban  Machine: dna024  Platform: Linux  PlatformVersion: 5.14.0-427.37.1.el9_4.x86_64  CompilerName: GCC  CompilerVersion: 8.4.0
ProgramName: mri_edit_wm_with_aseg  ProgramArguments: mri_edit_wm_with_aseg -all-info  ProgramVersion: 7.3.2  TimeStamp: 2026/03/07-07:50:49-GMT  BuildTime: Aug  4 2022 06:17:15  BuildStamp: freesurfer-linux-ubuntu22_x86_64-7.3.2-20220804-6354275  User: oesteban  Machine: dna024  Platform: Linux  PlatformVersion: 5.14.0-427.37.1.el9_4.x86_64  CompilerName: GCC  CompilerVersion: 8.4.0
ProgramName: mri_em_register  ProgramArguments: mri_em_register -all-info  ProgramVersion: 7.3.2  TimeStamp: 2026/03/07-07:50:49-GMT  BuildTime: Aug  4 2022 06:17:15  BuildStamp: freesurfer-linux-ubuntu22_x86_64-7.3.2-20220804-6354275  User: oesteban  Machine: dna024  Platform: Linux  PlatformVersion: 5.14.0-427.37.1.el9_4.x86_64  CompilerName: GCC  CompilerVersion: 8.4.0
ProgramName: mri_fill  ProgramArguments: mri_fill -all-info  ProgramVersion: 7.3.2  TimeStamp: 2026/03/07-07:50:49-GMT  BuildTime: Aug  4 2022 06:17:15  BuildStamp: freesurfer-linux-ubuntu22_x86_64-7.3.2-20220804-6354275  User: oesteban  Machine: dna024  Platform: Linux  PlatformVersion: 5.14.0-427.37.1.el9_4.x86_64  CompilerName: GCC  CompilerVersion: 8.4.0
ProgramName: mri_fuse_segmentations  ProgramArguments: mri_fuse_segmentations -all-info  ProgramVersion: 7.3.2  TimeStamp: 2026/03/07-07:50:49-GMT  BuildTime: Aug  4 2022 06:17:15  BuildStamp: freesurfer-linux-ubuntu22_x86_64-7.3.2-20220804-6354275  User: oesteban  Machine: dna024  Platform: Linux  PlatformVersion: 5.14.0-427.37.1.el9_4.x86_64  CompilerName: GCC  CompilerVersion: 8.4.0
ProgramName: mri_fwhm  ProgramArguments: mri_fwhm -all-info  ProgramVersion: 7.3.2  TimeStamp: 2026/03/07-07:50:49-GMT  BuildTime: Aug  4 2022 06:17:15  BuildStamp: freesurfer-linux-ubuntu22_x86_64-7.3.2-20220804-6354275  User: oesteban  Machine: dna024  Platform: Linux  PlatformVersion: 5.14.0-427.37.1.el9_4.x86_64  CompilerName: GCC  CompilerVersion: 8.4.0
ProgramName: mri_gcut  ProgramArguments: mri_gcut -all-info  ProgramVersion: 7.3.2  TimeStamp: 2026/03/07-07:50:49-GMT  BuildTime: Aug  4 2022 06:17:15  BuildStamp: freesurfer-linux-ubuntu22_x86_64-7.3.2-20220804-6354275  User: oesteban  Machine: dna024  Platform: Linux  PlatformVersion: 5.14.0-427.37.1.el9_4.x86_64  CompilerName: GCC  CompilerVersion: 8.4.0
ProgramName: mri_info  ProgramArguments: mri_info -all-info  ProgramVersion: 7.3.2  TimeStamp: 2026/03/07-07:50:49-GMT  BuildTime: Aug  4 2022 06:17:15  BuildStamp: freesurfer-linux-ubuntu22_x86_64-7.3.2-20220804-6354275  User: oesteban  Machine: dna024  Platform: Linux  PlatformVersion: 5.14.0-427.37.1.el9_4.x86_64  CompilerName: GCC  CompilerVersion: 8.4.0
ProgramName: mri_label2label  ProgramArguments: mri_label2label -all-info  ProgramVersion: 7.3.2  TimeStamp: 2026/03/07-07:50:49-GMT  BuildTime: Aug  4 2022 06:17:15  BuildStamp: freesurfer-linux-ubuntu22_x86_64-7.3.2-20220804-6354275  User: oesteban  Machine: dna024  Platform: Linux  PlatformVersion: 5.14.0-427.37.1.el9_4.x86_64  CompilerName: GCC  CompilerVersion: 8.4.0
ProgramName: mri_label2vol  ProgramArguments: mri_label2vol -all-info  ProgramVersion: 7.3.2  TimeStamp: 2026/03/07-07:50:49-GMT  BuildTime: Aug  4 2022 06:17:15  BuildStamp: freesurfer-linux-ubuntu22_x86_64-7.3.2-20220804-6354275  User: oesteban  Machine: dna024  Platform: Linux  PlatformVersion: 5.14.0-427.37.1.el9_4.x86_64  CompilerName: GCC  CompilerVersion: 8.4.0
ProgramName: mri_log_likelihood  ProgramArguments: mri_log_likelihood -all-info  ProgramVersion: 7.3.2  TimeStamp: 2026/03/07-07:50:49-GMT  BuildTime: Aug  4 2022 06:17:15  BuildStamp: freesurfer-linux-ubuntu22_x86_64-7.3.2-20220804-6354275  User: oesteban  Machine: dna024  Platform: Linux  PlatformVersion: 5.14.0-427.37.1.el9_4.x86_64  CompilerName: GCC  CompilerVersion: 8.4.0
ProgramName: mri_mask  ProgramArguments: mri_mask -all-info  ProgramVersion: 7.3.2  TimeStamp: 2026/03/07-07:50:49-GMT  BuildTime: Aug  4 2022 06:17:15  BuildStamp: freesurfer-linux-ubuntu22_x86_64-7.3.2-20220804-6354275  User: oesteban  Machine: dna024  Platform: Linux  PlatformVersion: 5.14.0-427.37.1.el9_4.x86_64  CompilerName: GCC  CompilerVersion: 8.4.0
ProgramName: mri_matrix_multiply  ProgramArguments: mri_matrix_multiply -all-info  ProgramVersion: 7.3.2  TimeStamp: 2026/03/07-07:50:49-GMT  BuildTime: Aug  4 2022 06:17:15  BuildStamp: freesurfer-linux-ubuntu22_x86_64-7.3.2-20220804-6354275  User: oesteban  Machine: dna024  Platform: Linux  PlatformVersion: 5.14.0-427.37.1.el9_4.x86_64  CompilerName: GCC  CompilerVersion: 8.4.0
ProgramName: mri_normalize  ProgramArguments: mri_normalize -all-info  ProgramVersion: 7.3.2  TimeStamp: 2026/03/07-07:50:49-GMT  BuildTime: Aug  4 2022 06:17:15  BuildStamp: freesurfer-linux-ubuntu22_x86_64-7.3.2-20220804-6354275  User: oesteban  Machine: dna024  Platform: Linux  PlatformVersion: 5.14.0-427.37.1.el9_4.x86_64  CompilerName: GCC  CompilerVersion: 8.4.0
ProgramName: mri_normalize_tp2  ProgramArguments: mri_normalize_tp2 -all-info  ProgramVersion: 7.3.2  TimeStamp: 2026/03/07-07:50:49-GMT  BuildTime: Aug  4 2022 06:17:15  BuildStamp: freesurfer-linux-ubuntu22_x86_64-7.3.2-20220804-6354275  User: oesteban  Machine: dna024  Platform: Linux  PlatformVersion: 5.14.0-427.37.1.el9_4.x86_64  CompilerName: GCC  CompilerVersion: 8.4.0
ProgramName: mri_or  ProgramArguments: mri_or -all-info  ProgramVersion: 7.3.2  TimeStamp: 2026/03/07-07:50:49-GMT  BuildTime: Aug  4 2022 06:17:15  BuildStamp: freesurfer-linux-ubuntu22_x86_64-7.3.2-20220804-6354275  User: oesteban  Machine: dna024  Platform: Linux  PlatformVersion: 5.14.0-427.37.1.el9_4.x86_64  CompilerName: GCC  CompilerVersion: 8.4.0
ProgramName: mri_relabel_hypointensities  ProgramArguments: mri_relabel_hypointensities -all-info  ProgramVersion: 7.3.2  TimeStamp: 2026/03/07-07:50:49-GMT  BuildTime: Aug  4 2022 06:17:15  BuildStamp: freesurfer-linux-ubuntu22_x86_64-7.3.2-20220804-6354275  User: oesteban  Machine: dna024  Platform: Linux  PlatformVersion: 5.14.0-427.37.1.el9_4.x86_64  CompilerName: GCC  CompilerVersion: 8.4.0
ProgramName: mri_relabel_nonwm_hypos  ProgramArguments: mri_relabel_nonwm_hypos -all-info  ProgramVersion: 7.3.2  TimeStamp: 2026/03/07-07:50:49-GMT  BuildTime: Aug  4 2022 06:17:15  BuildStamp: freesurfer-linux-ubuntu22_x86_64-7.3.2-20220804-6354275  User: oesteban  Machine: dna024  Platform: Linux  PlatformVersion: 5.14.0-427.37.1.el9_4.x86_64  CompilerName: GCC  CompilerVersion: 8.4.0
ProgramName: mri_remove_neck  ProgramArguments: mri_remove_neck -all-info  ProgramVersion: 7.3.2  TimeStamp: 2026/03/07-07:50:49-GMT  BuildTime: Aug  4 2022 06:17:15  BuildStamp: freesurfer-linux-ubuntu22_x86_64-7.3.2-20220804-6354275  User: oesteban  Machine: dna024  Platform: Linux  PlatformVersion: 5.14.0-427.37.1.el9_4.x86_64  CompilerName: GCC  CompilerVersion: 8.4.0
7.3.2

ProgramName: mri_robust_register  ProgramArguments: mri_robust_register -all-info  ProgramVersion: 7.3.2  TimeStamp: 2026/03/07-07:50:49-GMT  BuildTime: Aug  4 2022 06:17:15  BuildStamp: freesurfer-linux-ubuntu22_x86_64-7.3.2-20220804-6354275  User: oesteban  Machine: dna024  Platform: Linux  PlatformVersion: 5.14.0-427.37.1.el9_4.x86_64  CompilerName: GCC  CompilerVersion: 8.4.0
7.3.2

ProgramName: mri_robust_template  ProgramArguments: mri_robust_template -all-info  ProgramVersion: 7.3.2  TimeStamp: 2026/03/07-07:50:49-GMT  BuildTime: Aug  4 2022 06:17:15  BuildStamp: freesurfer-linux-ubuntu22_x86_64-7.3.2-20220804-6354275  User: oesteban  Machine: dna024  Platform: Linux  PlatformVersion: 5.14.0-427.37.1.el9_4.x86_64  CompilerName: GCC  CompilerVersion: 8.4.0
ProgramName: mris_anatomical_stats  ProgramArguments: mris_anatomical_stats -all-info  ProgramVersion: 7.3.2  TimeStamp: 2026/03/07-07:50:49-GMT  BuildTime: Aug  4 2022 06:17:15  BuildStamp: freesurfer-linux-ubuntu22_x86_64-7.3.2-20220804-6354275  User: oesteban  Machine: dna024  Platform: Linux  PlatformVersion: 5.14.0-427.37.1.el9_4.x86_64  CompilerName: GCC  CompilerVersion: 8.4.0
ProgramName: mris_ca_label  ProgramArguments: mris_ca_label -all-info  ProgramVersion: 7.3.2  TimeStamp: 2026/03/07-07:50:49-GMT  BuildTime: Aug  4 2022 06:17:15  BuildStamp: freesurfer-linux-ubuntu22_x86_64-7.3.2-20220804-6354275  User: oesteban  Machine: dna024  Platform: Linux  PlatformVersion: 5.14.0-427.37.1.el9_4.x86_64  CompilerName: GCC  CompilerVersion: 8.4.0
ProgramName: mris_calc  ProgramArguments: mris_calc -all-info  ProgramVersion: 7.3.2  TimeStamp: 2026/03/07-07:50:49-GMT  BuildTime: Aug  4 2022 06:17:15  BuildStamp: freesurfer-linux-ubuntu22_x86_64-7.3.2-20220804-6354275  User: oesteban  Machine: dna024  Platform: Linux  PlatformVersion: 5.14.0-427.37.1.el9_4.x86_64  CompilerName: GCC  CompilerVersion: 8.4.0
ProgramName: mris_convert  ProgramArguments: mris_convert -all-info  ProgramVersion: 7.3.2  TimeStamp: 2026/03/07-07:50:49-GMT  BuildTime: Aug  4 2022 06:17:15  BuildStamp: freesurfer-linux-ubuntu22_x86_64-7.3.2-20220804-6354275  User: oesteban  Machine: dna024  Platform: Linux  PlatformVersion: 5.14.0-427.37.1.el9_4.x86_64  CompilerName: GCC  CompilerVersion: 8.4.0
ProgramName: mris_curvature  ProgramArguments: mris_curvature -all-info  ProgramVersion: 7.3.2  TimeStamp: 2026/03/07-07:50:49-GMT  BuildTime: Aug  4 2022 06:17:15  BuildStamp: freesurfer-linux-ubuntu22_x86_64-7.3.2-20220804-6354275  User: oesteban  Machine: dna024  Platform: Linux  PlatformVersion: 5.14.0-427.37.1.el9_4.x86_64  CompilerName: GCC  CompilerVersion: 8.4.0
ProgramName: mris_curvature_stats  ProgramArguments: mris_curvature_stats -all-info  ProgramVersion: 7.3.2  TimeStamp: 2026/03/07-07:50:49-GMT  BuildTime: Aug  4 2022 06:17:15  BuildStamp: freesurfer-linux-ubuntu22_x86_64-7.3.2-20220804-6354275  User: oesteban  Machine: dna024  Platform: Linux  PlatformVersion: 5.14.0-427.37.1.el9_4.x86_64  CompilerName: GCC  CompilerVersion: 8.4.0
ProgramName: mris_diff  ProgramArguments: mris_diff -all-info  ProgramVersion: 7.3.2  TimeStamp: 2026/03/07-07:50:49-GMT  BuildTime: Aug  4 2022 06:17:15  BuildStamp: freesurfer-linux-ubuntu22_x86_64-7.3.2-20220804-6354275  User: oesteban  Machine: dna024  Platform: Linux  PlatformVersion: 5.14.0-427.37.1.el9_4.x86_64  CompilerName: GCC  CompilerVersion: 8.4.0
ProgramName: mris_divide_parcellation  ProgramArguments: mris_divide_parcellation -all-info  ProgramVersion: 7.3.2  TimeStamp: 2026/03/07-07:50:49-GMT  BuildTime: Aug  4 2022 06:17:15  BuildStamp: freesurfer-linux-ubuntu22_x86_64-7.3.2-20220804-6354275  User: oesteban  Machine: dna024  Platform: Linux  PlatformVersion: 5.14.0-427.37.1.el9_4.x86_64  CompilerName: GCC  CompilerVersion: 8.4.0
ProgramName: mri_segment  ProgramArguments: mri_segment -all-info  ProgramVersion: 7.3.2  TimeStamp: 2026/03/07-07:50:49-GMT  BuildTime: Aug  4 2022 06:17:15  BuildStamp: freesurfer-linux-ubuntu22_x86_64-7.3.2-20220804-6354275  User: oesteban  Machine: dna024  Platform: Linux  PlatformVersion: 5.14.0-427.37.1.el9_4.x86_64  CompilerName: GCC  CompilerVersion: 8.4.0
ProgramName: mri_segstats  ProgramArguments: mri_segstats -all-info  ProgramVersion: 7.3.2  TimeStamp: 2026/03/07-07:50:49-GMT  BuildTime: Aug  4 2022 06:17:15  BuildStamp: freesurfer-linux-ubuntu22_x86_64-7.3.2-20220804-6354275  User: oesteban  Machine: dna024  Platform: Linux  PlatformVersion: 5.14.0-427.37.1.el9_4.x86_64  CompilerName: GCC  CompilerVersion: 8.4.0
ProgramName: mris_euler_number  ProgramArguments: mris_euler_number -all-info  ProgramVersion: 7.3.2  TimeStamp: 2026/03/07-07:50:49-GMT  BuildTime: Aug  4 2022 06:17:15  BuildStamp: freesurfer-linux-ubuntu22_x86_64-7.3.2-20220804-6354275  User: oesteban  Machine: dna024  Platform: Linux  PlatformVersion: 5.14.0-427.37.1.el9_4.x86_64  CompilerName: GCC  CompilerVersion: 8.4.0
ProgramName: mris_fix_topology  ProgramArguments: mris_fix_topology -all-info  ProgramVersion: 7.3.2  TimeStamp: 2026/03/07-07:50:49-GMT  BuildTime: Aug  4 2022 06:17:15  BuildStamp: freesurfer-linux-ubuntu22_x86_64-7.3.2-20220804-6354275  User: oesteban  Machine: dna024  Platform: Linux  PlatformVersion: 5.14.0-427.37.1.el9_4.x86_64  CompilerName: GCC  CompilerVersion: 8.4.0
ProgramName: mris_topo_fixer  ProgramArguments: mris_topo_fixer -all-info  ProgramVersion: 7.3.2  TimeStamp: 2026/03/07-07:50:49-GMT  BuildTime: Aug  4 2022 06:17:15  BuildStamp: freesurfer-linux-ubuntu22_x86_64-7.3.2-20220804-6354275  User: oesteban  Machine: dna024  Platform: Linux  PlatformVersion: 5.14.0-427.37.1.el9_4.x86_64  CompilerName: GCC  CompilerVersion: 8.4.0
ProgramName: mris_jacobian  ProgramArguments: mris_jacobian -all-info  ProgramVersion: 7.3.2  TimeStamp: 2026/03/07-07:50:49-GMT  BuildTime: Aug  4 2022 06:17:15  BuildStamp: freesurfer-linux-ubuntu22_x86_64-7.3.2-20220804-6354275  User: oesteban  Machine: dna024  Platform: Linux  PlatformVersion: 5.14.0-427.37.1.el9_4.x86_64  CompilerName: GCC  CompilerVersion: 8.4.0
ProgramName: mris_label2annot  ProgramArguments: mris_label2annot -all-info  ProgramVersion: 7.3.2  TimeStamp: 2026/03/07-07:50:49-GMT  BuildTime: Aug  4 2022 06:17:15  BuildStamp: freesurfer-linux-ubuntu22_x86_64-7.3.2-20220804-6354275  User: oesteban  Machine: dna024  Platform: Linux  PlatformVersion: 5.14.0-427.37.1.el9_4.x86_64  CompilerName: GCC  CompilerVersion: 8.4.0
ProgramName: mris_left_right_register  ProgramArguments: mris_left_right_register -all-info  ProgramVersion: 7.3.2  TimeStamp: 2026/03/07-07:50:49-GMT  BuildTime: Aug  4 2022 06:17:15  BuildStamp: freesurfer-linux-ubuntu22_x86_64-7.3.2-20220804-6354275  User: oesteban  Machine: dna024  Platform: Linux  PlatformVersion: 5.14.0-427.37.1.el9_4.x86_64  CompilerName: GCC  CompilerVersion: 8.4.0
ProgramName: mris_place_surface  ProgramArguments: mris_place_surface -all-info  ProgramVersion: 7.3.2  TimeStamp: 2026/03/07-07:50:49-GMT  BuildTime: Aug  4 2022 06:17:15  BuildStamp: freesurfer-linux-ubuntu22_x86_64-7.3.2-20220804-6354275  User: oesteban  Machine: dna024  Platform: Linux  PlatformVersion: 5.14.0-427.37.1.el9_4.x86_64  CompilerName: GCC  CompilerVersion: 8.4.0
ProgramName: mrisp_paint  ProgramArguments: mrisp_paint -all-info  ProgramVersion: 7.3.2  TimeStamp: 2026/03/07-07:50:49-GMT  BuildTime: Aug  4 2022 06:17:15  BuildStamp: freesurfer-linux-ubuntu22_x86_64-7.3.2-20220804-6354275  User: oesteban  Machine: dna024  Platform: Linux  PlatformVersion: 5.14.0-427.37.1.el9_4.x86_64  CompilerName: GCC  CompilerVersion: 8.4.0
ProgramName: mris_register  ProgramArguments: mris_register -all-info  ProgramVersion: 7.3.2  TimeStamp: 2026/03/07-07:50:49-GMT  BuildTime: Aug  4 2022 06:17:15  BuildStamp: freesurfer-linux-ubuntu22_x86_64-7.3.2-20220804-6354275  User: oesteban  Machine: dna024  Platform: Linux  PlatformVersion: 5.14.0-427.37.1.el9_4.x86_64  CompilerName: GCC  CompilerVersion: 8.4.0
ProgramName: mris_smooth  ProgramArguments: mris_smooth -all-info  ProgramVersion: 7.3.2  TimeStamp: 2026/03/07-07:50:49-GMT  BuildTime: Aug  4 2022 06:17:15  BuildStamp: freesurfer-linux-ubuntu22_x86_64-7.3.2-20220804-6354275  User: oesteban  Machine: dna024  Platform: Linux  PlatformVersion: 5.14.0-427.37.1.el9_4.x86_64  CompilerName: GCC  CompilerVersion: 8.4.0
ProgramName: mris_sphere  ProgramArguments: mris_sphere -all-info  ProgramVersion: 7.3.2  TimeStamp: 2026/03/07-07:50:49-GMT  BuildTime: Aug  4 2022 06:17:15  BuildStamp: freesurfer-linux-ubuntu22_x86_64-7.3.2-20220804-6354275  User: oesteban  Machine: dna024  Platform: Linux  PlatformVersion: 5.14.0-427.37.1.el9_4.x86_64  CompilerName: GCC  CompilerVersion: 8.4.0
ProgramName: mris_surface_stats  ProgramArguments: mris_surface_stats -all-info  ProgramVersion: 7.3.2  TimeStamp: 2026/03/07-07:50:49-GMT  BuildTime: Aug  4 2022 06:17:15  BuildStamp: freesurfer-linux-ubuntu22_x86_64-7.3.2-20220804-6354275  User: oesteban  Machine: dna024  Platform: Linux  PlatformVersion: 5.14.0-427.37.1.el9_4.x86_64  CompilerName: GCC  CompilerVersion: 8.4.0
ProgramName: mri_stats2seg  ProgramArguments: mri_stats2seg -all-info  ProgramVersion: 7.3.2  TimeStamp: 2026/03/07-07:50:49-GMT  BuildTime: Aug  4 2022 06:17:15  BuildStamp: freesurfer-linux-ubuntu22_x86_64-7.3.2-20220804-6354275  User: oesteban  Machine: dna024  Platform: Linux  PlatformVersion: 5.14.0-427.37.1.el9_4.x86_64  CompilerName: GCC  CompilerVersion: 8.4.0
ProgramName: mris_thickness  ProgramArguments: mris_thickness -all-info  ProgramVersion: 7.3.2  TimeStamp: 2026/03/07-07:50:49-GMT  BuildTime: Aug  4 2022 06:17:15  BuildStamp: freesurfer-linux-ubuntu22_x86_64-7.3.2-20220804-6354275  User: oesteban  Machine: dna024  Platform: Linux  PlatformVersion: 5.14.0-427.37.1.el9_4.x86_64  CompilerName: GCC  CompilerVersion: 8.4.0
ProgramName: mris_thickness_diff  ProgramArguments: mris_thickness_diff -all-info  ProgramVersion: 7.3.2  TimeStamp: 2026/03/07-07:50:49-GMT  BuildTime: Aug  4 2022 06:17:15  BuildStamp: freesurfer-linux-ubuntu22_x86_64-7.3.2-20220804-6354275  User: oesteban  Machine: dna024  Platform: Linux  PlatformVersion: 5.14.0-427.37.1.el9_4.x86_64  CompilerName: GCC  CompilerVersion: 8.4.0
ProgramName: mris_topo_fixer  ProgramArguments: mris_topo_fixer -all-info  ProgramVersion: 7.3.2  TimeStamp: 2026/03/07-07:50:49-GMT  BuildTime: Aug  4 2022 06:17:15  BuildStamp: freesurfer-linux-ubuntu22_x86_64-7.3.2-20220804-6354275  User: oesteban  Machine: dna024  Platform: Linux  PlatformVersion: 5.14.0-427.37.1.el9_4.x86_64  CompilerName: GCC  CompilerVersion: 8.4.0
ProgramName: mri_surf2surf  ProgramArguments: mri_surf2surf -all-info  ProgramVersion: 7.3.2  TimeStamp: 2026/03/07-07:50:49-GMT  BuildTime: Aug  4 2022 06:17:15  BuildStamp: freesurfer-linux-ubuntu22_x86_64-7.3.2-20220804-6354275  User: oesteban  Machine: dna024  Platform: Linux  PlatformVersion: 5.14.0-427.37.1.el9_4.x86_64  CompilerName: GCC  CompilerVersion: 8.4.0
ProgramName: mri_surf2vol  ProgramArguments: mri_surf2vol -all-info  ProgramVersion: 7.3.2  TimeStamp: 2026/03/07-07:50:49-GMT  BuildTime: Aug  4 2022 06:17:15  BuildStamp: freesurfer-linux-ubuntu22_x86_64-7.3.2-20220804-6354275  User: oesteban  Machine: dna024  Platform: Linux  PlatformVersion: 5.14.0-427.37.1.el9_4.x86_64  CompilerName: GCC  CompilerVersion: 8.4.0
ProgramName: mri_surfcluster  ProgramArguments: mri_surfcluster -all-info  ProgramVersion: 7.3.2  TimeStamp: 2026/03/07-07:50:49-GMT  BuildTime: Aug  4 2022 06:17:15  BuildStamp: freesurfer-linux-ubuntu22_x86_64-7.3.2-20220804-6354275  User: oesteban  Machine: dna024  Platform: Linux  PlatformVersion: 5.14.0-427.37.1.el9_4.x86_64  CompilerName: GCC  CompilerVersion: 8.4.0
ProgramName: mris_volmask  ProgramArguments: mris_volmask -all-info  ProgramVersion: 7.3.2  TimeStamp: 2026/03/07-07:50:49-GMT  BuildTime: Aug  4 2022 06:17:15  BuildStamp: freesurfer-linux-ubuntu22_x86_64-7.3.2-20220804-6354275  User: oesteban  Machine: dna024  Platform: Linux  PlatformVersion: 5.14.0-427.37.1.el9_4.x86_64  CompilerName: GCC  CompilerVersion: 8.4.0
ProgramName: mri_tessellate  ProgramArguments: mri_tessellate -all-info  ProgramVersion: 7.3.2  TimeStamp: 2026/03/07-07:50:49-GMT  BuildTime: Aug  4 2022 06:17:15  BuildStamp: freesurfer-linux-ubuntu22_x86_64-7.3.2-20220804-6354275  User: oesteban  Machine: dna024  Platform: Linux  PlatformVersion: 5.14.0-427.37.1.el9_4.x86_64  CompilerName: GCC  CompilerVersion: 8.4.0
ProgramName: mri_vol2surf  ProgramArguments: mri_vol2surf -all-info  ProgramVersion: 7.3.2  TimeStamp: 2026/03/07-07:50:49-GMT  BuildTime: Aug  4 2022 06:17:15  BuildStamp: freesurfer-linux-ubuntu22_x86_64-7.3.2-20220804-6354275  User: oesteban  Machine: dna024  Platform: Linux  PlatformVersion: 5.14.0-427.37.1.el9_4.x86_64  CompilerName: GCC  CompilerVersion: 8.4.0
ProgramName: mri_vol2vol  ProgramArguments: mri_vol2vol -all-info  ProgramVersion: 7.3.2  TimeStamp: 2026/03/07-07:50:49-GMT  BuildTime: Aug  4 2022 06:17:15  BuildStamp: freesurfer-linux-ubuntu22_x86_64-7.3.2-20220804-6354275  User: oesteban  Machine: dna024  Platform: Linux  PlatformVersion: 5.14.0-427.37.1.el9_4.x86_64  CompilerName: GCC  CompilerVersion: 8.4.0
ProgramName: mri_voldiff  ProgramArguments: mri_voldiff -all-info  ProgramVersion: 7.3.2  TimeStamp: 2026/03/07-07:50:49-GMT  BuildTime: Aug  4 2022 06:17:15  BuildStamp: freesurfer-linux-ubuntu22_x86_64-7.3.2-20220804-6354275  User: oesteban  Machine: dna024  Platform: Linux  PlatformVersion: 5.14.0-427.37.1.el9_4.x86_64  CompilerName: GCC  CompilerVersion: 8.4.0
ProgramName: mri_watershed  ProgramArguments: mri_watershed -all-info  ProgramVersion: 7.3.2  TimeStamp: 2026/03/07-07:50:49-GMT  BuildTime: Aug  4 2022 06:17:15  BuildStamp: freesurfer-linux-ubuntu22_x86_64-7.3.2-20220804-6354275  User: oesteban  Machine: dna024  Platform: Linux  PlatformVersion: 5.14.0-427.37.1.el9_4.x86_64  CompilerName: GCC  CompilerVersion: 8.4.0
ProgramName: tkregister2  ProgramArguments: tkregister2_cmdl -all-info  ProgramVersion: 7.3.2  TimeStamp: 2026/03/07-07:50:49-GMT  BuildTime: Aug  4 2022 06:17:15  BuildStamp: freesurfer-linux-ubuntu22_x86_64-7.3.2-20220804-6354275  User: oesteban  Machine: dna024  Platform: Linux  PlatformVersion: 5.14.0-427.37.1.el9_4.x86_64  CompilerName: GCC  CompilerVersion: 8.4.0
mri_motion_correct.fsl 7.3.2
mri_convert -all-info 
ProgramName: mri_convert  ProgramArguments: mri_convert -all-info  ProgramVersion: 7.3.2  TimeStamp: 2026/03/07-07:50:49-GMT  BuildTime: Aug  4 2022 06:17:15  BuildStamp: freesurfer-linux-ubuntu22_x86_64-7.3.2-20220804-6354275  User: oesteban  Machine: dna024  Platform: Linux  PlatformVersion: 5.14.0-427.37.1.el9_4.x86_64  CompilerName: GCC  CompilerVersion: 8.4.0
Program nu_correct, built from:
Package MNI N3, version 1.12.0, compiled by nicks@terrier (x86_64-unknown-linux-gnu) on 2015-06-19 at 01:25:34
#######################################
GCADIR /opt/freesurfer/average
GCA RB_all_2020-01-02.gca
GCASkull RB_all_withskull_2020_01_02.gca
AvgCurvTif folding.atlas.acfb40.noaparc.i12.2016-08-02.tif
GCSDIR /opt/freesurfer/average
GCS DKaparc.atlas.acfb40.noaparc.i12.2016-08-02.gcs
#######################################
#--------------------------------------------
#@# Tessellate lh Sat Mar  7 08:50:49 CET 2026
/out/sourcedata/freesurfer/sub-v1s20x0050275_ses-1/scripts

 mri_pretess ../mri/filled.mgz 255 ../mri/norm.mgz ../mri/filled-pretess255.mgz 


Iteration Number : 1
pass   1 (xy+):   3 found -   3 modified     |    TOTAL:   3
pass   2 (xy+):   0 found -   3 modified     |    TOTAL:   3
pass   1 (xy-):   0 found -   0 modified     |    TOTAL:   3
pass   1 (yz+):   4 found -   4 modified     |    TOTAL:   7
pass   2 (yz+):   0 found -   4 modified     |    TOTAL:   7
pass   1 (yz-):   5 found -   5 modified     |    TOTAL:  12
pass   2 (yz-):   0 found -   5 modified     |    TOTAL:  12
pass   1 (xz+):   1 found -   1 modified     |    TOTAL:  13
pass   2 (xz+):   0 found -   1 modified     |    TOTAL:  13
pass   1 (xz-):   2 found -   2 modified     |    TOTAL:  15
pass   2 (xz-):   0 found -   2 modified     |    TOTAL:  15
Iteration Number : 1
pass   1 (+++):   0 found -   0 modified     |    TOTAL:   0
pass   1 (+++):   0 found -   0 modified     |    TOTAL:   0
pass   1 (+++):   0 found -   0 modified     |    TOTAL:   0
pass   1 (+++):   0 found -   0 modified     |    TOTAL:   0
Iteration Number : 1
pass   1 (++):   0 found -   0 modified     |    TOTAL:   0
pass   1 (+-):   2 found -   2 modified     |    TOTAL:   2
pass   2 (+-):   0 found -   2 modified     |    TOTAL:   2
pass   1 (--):   0 found -   0 modified     |    TOTAL:   2
pass   1 (-+):   3 found -   3 modified     |    TOTAL:   5
pass   2 (-+):   0 found -   3 modified     |    TOTAL:   5
Iteration Number : 2
pass   1 (xy+):   0 found -   0 modified     |    TOTAL:   0
pass   1 (xy-):   0 found -   0 modified     |    TOTAL:   0
pass   1 (yz+):   1 found -   1 modified     |    TOTAL:   1
pass   2 (yz+):   0 found -   1 modified     |    TOTAL:   1
pass   1 (yz-):   0 found -   0 modified     |    TOTAL:   1
pass   1 (xz+):   0 found -   0 modified     |    TOTAL:   1
pass   1 (xz-):   0 found -   0 modified     |    TOTAL:   1
Iteration Number : 2
pass   1 (+++):   0 found -   0 modified     |    TOTAL:   0
pass   1 (+++):   0 found -   0 modified     |    TOTAL:   0
pass   1 (+++):   0 found -   0 modified     |    TOTAL:   0
pass   1 (+++):   0 found -   0 modified     |    TOTAL:   0
Iteration Number : 2
pass   1 (++):   0 found -   0 modified     |    TOTAL:   0
pass   1 (+-):   0 found -   0 modified     |    TOTAL:   0
pass   1 (--):   0 found -   0 modified     |    TOTAL:   0
pass   1 (-+):   0 found -   0 modified     |    TOTAL:   0
Iteration Number : 3
pass   1 (xy+):   0 found -   0 modified     |    TOTAL:   0
pass   1 (xy-):   0 found -   0 modified     |    TOTAL:   0
pass   1 (yz+):   0 found -   0 modified     |    TOTAL:   0
pass   1 (yz-):   0 found -   0 modified     |    TOTAL:   0
pass   1 (xz+):   0 found -   0 modified     |    TOTAL:   0
pass   1 (xz-):   0 found -   0 modified     |    TOTAL:   0
Iteration Number : 3
pass   1 (+++):   0 found -   0 modified     |    TOTAL:   0
pass   1 (+++):   0 found -   0 modified     |    TOTAL:   0
pass   1 (+++):   0 found -   0 modified     |    TOTAL:   0
pass   1 (+++):   0 found -   0 modified     |    TOTAL:   0
Iteration Number : 3
pass   1 (++):   0 found -   0 modified     |    TOTAL:   0
pass   1 (+-):   0 found -   0 modified     |    TOTAL:   0
pass   1 (--):   0 found -   0 modified     |    TOTAL:   0
pass   1 (-+):   0 found -   0 modified     |    TOTAL:   0

Total Number of Modified Voxels = 21 (out of 240393: 0.008736)
Ambiguous edge configurations... 

mri_pretess done


 mri_tessellate ../mri/filled-pretess255.mgz 255 ../surf/lh.orig.nofix 

7.3.2
  7.3.2
slice 40: 101 vertices, 131 faces
slice 50: 2879 vertices, 3016 faces
slice 60: 8502 vertices, 8706 faces
slice 70: 15762 vertices, 16058 faces
slice 80: 23625 vertices, 23899 faces
slice 90: 32575 vertices, 32898 faces
slice 100: 42669 vertices, 43079 faces
slice 110: 54540 vertices, 54971 faces
slice 120: 67730 vertices, 68162 faces
slice 130: 81295 vertices, 81734 faces
slice 140: 92174 vertices, 92547 faces
slice 150: 101594 vertices, 101926 faces
slice 160: 109820 vertices, 110149 faces
slice 170: 117541 vertices, 117824 faces
slice 180: 123539 vertices, 123781 faces
slice 190: 128295 vertices, 128464 faces
slice 200: 129540 vertices, 129588 faces
slice 210: 129540 vertices, 129588 faces
slice 220: 129540 vertices, 129588 faces
slice 230: 129540 vertices, 129588 faces
slice 240: 129540 vertices, 129588 faces
slice 250: 129540 vertices, 129588 faces
using the conformed surface RAS to save vertex points...
writing ../surf/lh.orig.nofix
using vox2ras matrix:
-1.00000   0.00000   0.00000   128.00000;
 0.00000   0.00000   1.00000  -128.00000;
 0.00000  -1.00000   0.00000   128.00000;
 0.00000   0.00000   0.00000   1.00000;

 rm -f ../mri/filled-pretess255.mgz 


 mris_extract_main_component ../surf/lh.orig.nofix ../surf/lh.orig.nofix 


counting number of connected components...
   129540 voxel in cpt #1: X=-48 [v=129540,e=388764,f=259176] located at (-29.680431, -11.425745, 8.739902)
For the whole surface: X=-48 [v=129540,e=388764,f=259176]
One single component has been found
nothing to do
done

#--------------------------------------------
#@# Smooth1 lh Sat Mar  7 08:50:53 CET 2026
/out/sourcedata/freesurfer/sub-v1s20x0050275_ses-1/scripts

 mris_smooth -nw -seed 1234 ../surf/lh.orig.nofix ../surf/lh.smoothwm.nofix 

setting seed for random number generator to 1234
smoothing surface tessellation for 10 iterations...
smoothing complete - recomputing first and second fundamental forms...
#--------------------------------------------
#@# Inflation1 lh Sat Mar  7 08:50:56 CET 2026
/out/sourcedata/freesurfer/sub-v1s20x0050275_ses-1/scripts

 mris_inflate -no-save-sulc ../surf/lh.smoothwm.nofix ../surf/lh.inflated.nofix 

Not saving sulc
Reading ../surf/lh.smoothwm.nofix
avg radius = 44.9 mm, total surface area = 69841 mm^2
step 000: RMS=0.151 (target=0.015)   step 005: RMS=0.117 (target=0.015)   step 010: RMS=0.087 (target=0.015)   step 015: RMS=0.075 (target=0.015)   step 020: RMS=0.065 (target=0.015)   step 025: RMS=0.059 (target=0.015)   step 030: RMS=0.052 (target=0.015)   step 035: RMS=0.049 (target=0.015)   step 040: RMS=0.044 (target=0.015)   step 045: RMS=0.043 (target=0.015)   step 050: RMS=0.042 (target=0.015)   step 055: RMS=0.041 (target=0.015)   step 060: RMS=0.041 (target=0.015)   writing inflated surface to ../surf/lh.inflated.nofix
inflation took 0.2 minutes

inflation complete.
Not saving sulc
mris_inflate utimesec    50.425763
mris_inflate stimesec    1.552918
mris_inflate ru_maxrss   205912
mris_inflate ru_ixrss    0
mris_inflate ru_idrss    0
mris_inflate ru_isrss    0
mris_inflate ru_minflt   497967
mris_inflate ru_majflt   40
mris_inflate ru_nswap    0
mris_inflate ru_inblock  1672
mris_inflate ru_oublock  9120
mris_inflate ru_msgsnd   0
mris_inflate ru_msgrcv   0
mris_inflate ru_nsignals 0
mris_inflate ru_nvcsw    5383
mris_inflate ru_nivcsw   493
#--------------------------------------------
#@# QSphere lh Sat Mar  7 08:51:07 CET 2026
/out/sourcedata/freesurfer/sub-v1s20x0050275_ses-1/scripts

 mris_sphere -q -p 6 -a 128 -seed 1234 ../surf/lh.inflated.nofix ../surf/lh.qsphere.nofix 

doing quick spherical unfolding.
limitting unfolding to 6 passes
using n_averages = 128
setting seed for random number genererator to 1234
version: 7.3.2
available threads: 16
scaling brain by 0.322...
inflating...
projecting onto sphere...
surface projected - minimizing metric distortion...
vertex spacing 1.02 +- 0.59 (0.00-->9.94) (max @ vno 47020 --> 48172)
face area 0.03 +- 0.03 (-0.29-->0.88)
Entering MRISinflateToSphere()
inflating to sphere (rms error < 2.00)
000: dt: 0.0000, rms radial error=176.630, avgs=0
005/300: dt: 0.9000, rms radial error=176.372, avgs=0
010/300: dt: 0.9000, rms radial error=175.817, avgs=0
015/300: dt: 0.9000, rms radial error=175.091, avgs=0
020/300: dt: 0.9000, rms radial error=174.264, avgs=0
025/300: dt: 0.9000, rms radial error=173.379, avgs=0
030/300: dt: 0.9000, rms radial error=172.462, avgs=0
035/300: dt: 0.9000, rms radial error=171.528, avgs=0
040/300: dt: 0.9000, rms radial error=170.586, avgs=0
045/300: dt: 0.9000, rms radial error=169.641, avgs=0
050/300: dt: 0.9000, rms radial error=168.697, avgs=0
055/300: dt: 0.9000, rms radial error=167.755, avgs=0
060/300: dt: 0.9000, rms radial error=166.816, avgs=0
065/300: dt: 0.9000, rms radial error=165.882, avgs=0
070/300: dt: 0.9000, rms radial error=164.952, avgs=0
075/300: dt: 0.9000, rms radial error=164.026, avgs=0
080/300: dt: 0.9000, rms radial error=163.105, avgs=0
085/300: dt: 0.9000, rms radial error=162.189, avgs=0
090/300: dt: 0.9000, rms radial error=161.278, avgs=0
095/300: dt: 0.9000, rms radial error=160.372, avgs=0
100/300: dt: 0.9000, rms radial error=159.470, avgs=0
105/300: dt: 0.9000, rms radial error=158.573, avgs=0
110/300: dt: 0.9000, rms radial error=157.681, avgs=0
115/300: dt: 0.9000, rms radial error=156.794, avgs=0
120/300: dt: 0.9000, rms radial error=155.912, avgs=0
125/300: dt: 0.9000, rms radial error=155.034, avgs=0
130/300: dt: 0.9000, rms radial error=154.162, avgs=0
135/300: dt: 0.9000, rms radial error=153.294, avgs=0
140/300: dt: 0.9000, rms radial error=152.431, avgs=0
145/300: dt: 0.9000, rms radial error=151.573, avgs=0
150/300: dt: 0.9000, rms radial error=150.719, avgs=0
155/300: dt: 0.9000, rms radial error=149.870, avgs=0
160/300: dt: 0.9000, rms radial error=149.026, avgs=0
165/300: dt: 0.9000, rms radial error=148.186, avgs=0
170/300: dt: 0.9000, rms radial error=147.351, avgs=0
175/300: dt: 0.9000, rms radial error=146.521, avgs=0
180/300: dt: 0.9000, rms radial error=145.695, avgs=0
185/300: dt: 0.9000, rms radial error=144.874, avgs=0
190/300: dt: 0.9000, rms radial error=144.057, avgs=0
195/300: dt: 0.9000, rms radial error=143.245, avgs=0
200/300: dt: 0.9000, rms radial error=142.437, avgs=0
205/300: dt: 0.9000, rms radial error=141.634, avgs=0
210/300: dt: 0.9000, rms radial error=140.836, avgs=0
215/300: dt: 0.9000, rms radial error=140.041, avgs=0
220/300: dt: 0.9000, rms radial error=139.251, avgs=0
225/300: dt: 0.9000, rms radial error=138.466, avgs=0
230/300: dt: 0.9000, rms radial error=137.685, avgs=0
235/300: dt: 0.9000, rms radial error=136.908, avgs=0
240/300: dt: 0.9000, rms radial error=136.136, avgs=0
245/300: dt: 0.9000, rms radial error=135.368, avgs=0
250/300: dt: 0.9000, rms radial error=134.604, avgs=0
255/300: dt: 0.9000, rms radial error=133.845, avgs=0
260/300: dt: 0.9000, rms radial error=133.090, avgs=0
265/300: dt: 0.9000, rms radial error=132.339, avgs=0
270/300: dt: 0.9000, rms radial error=131.592, avgs=0
275/300: dt: 0.9000, rms radial error=130.850, avgs=0
280/300: dt: 0.9000, rms radial error=130.112, avgs=0
285/300: dt: 0.9000, rms radial error=129.378, avgs=0
290/300: dt: 0.9000, rms radial error=128.648, avgs=0
295/300: dt: 0.9000, rms radial error=127.922, avgs=0
300/300: dt: 0.9000, rms radial error=127.200, avgs=0

spherical inflation complete.
epoch 1 (K=10.0), pass 1, starting sse = 14908.02
taking momentum steps...
taking momentum steps...
taking momentum steps...
taking momentum steps...
pass 1 complete, delta sse/iter = 0.00/13 = 0.00027
epoch 2 (K=40.0), pass 1, starting sse = 2347.71
taking momentum steps...
taking momentum steps...
taking momentum steps...
taking momentum steps...
pass 1 complete, delta sse/iter = 0.00/13 = 0.00034
epoch 3 (K=160.0), pass 1, starting sse = 204.68
taking momentum steps...
taking momentum steps...
taking momentum steps...
taking momentum steps...
pass 1 complete, delta sse/iter = 0.05/13 = 0.00395
epoch 4 (K=640.0), pass 1, starting sse = 13.17
taking momentum steps...
taking momentum steps...
taking momentum steps...
taking momentum steps...
pass 1 complete, delta sse/iter = 0.07/17 = 0.00435
final distance error %100000.00
writing spherical brain to ../surf/lh.qsphere.nofix
spherical transformation took 0.0174 hours
FSRUNTIME@ mris_sphere  0.0174 hours 16 threads
#VMPC# mris_sphere VmPeak  2297608
mris_sphere done
#@# Fix Topology lh Sat Mar  7 08:52:10 CET 2026

 mris_fix_topology -mgz -sphere qsphere.nofix -inflated inflated.nofix -orig orig.nofix -out orig.premesh -ga -seed 1234 sub-v1s20x0050275_ses-1 lh 

reading spherical homeomorphism from 'qsphere.nofix'
reading inflated coordinates from 'inflated.nofix'
reading original coordinates from 'orig.nofix'
using genetic algorithm with optimized parameters
setting seed for random number genererator to 1234

*************************************************************
Topology Correction Parameters
retessellation mode:           genetic search
number of patches/generation : 10
number of generations :        10
surface mri loglikelihood coefficient :         1.0
volume mri loglikelihood coefficient :          10.0
normal dot loglikelihood coefficient :          1.0
quadratic curvature loglikelihood coefficient : 1.0
volume resolution :                             2
eliminate vertices during search :              1
initial patch selection :                       1
select all defect vertices :                    0
ordering dependant retessellation:              0
use precomputed edge table :                    0
smooth retessellated patch :                    2
match retessellated patch :                     1
verbose mode :                                  0

*************************************************************
INFO: assuming .mgz format
writing corrected surface to 'orig.premesh'
7.3.2
  7.3.2
before topology correction, eno=-48 (nv=129540, nf=259176, ne=388764, g=25)
using quasi-homeomorphic spherical map to tessellate cortical surface...

Correction of the Topology
Finding true center and radius of Spherical Surface...done
Surface centered at (0,0,0) with radius 100.0 in 10 iterations
marking ambiguous vertices...
3658 ambiguous faces found in tessellation
segmenting defects...
34 defects found, arbitrating ambiguous regions...
analyzing neighboring defects...
      -merging segment 11 into 12
      -merging segment 28 into 23
32 defects to be corrected 
0 vertices coincident
reading input surface /out/sourcedata/freesurfer/sub-v1s20x0050275_ses-1/surf/lh.qsphere.nofix...
reading brain volume from brain...
reading wm segmentation from wm...
Reading original properties of orig.nofix
Reading vertex positions of inflated.nofix
Computing Initial Surface Statistics
      -face       loglikelihood: -9.1732  (-4.5866)
      -vertex     loglikelihood: -6.0830  (-3.0415)
      -normal dot loglikelihood: -3.6537  (-3.6537)
      -quad curv  loglikelihood: -6.3136  (-3.1568)
      Total Loglikelihood : -25.2235
CORRECTING DEFECT 0 (vertices=157, convex hull=44, v0=8819)
After retessellation of defect 0 (v0=8819), euler #=-31 (127244,380764,253489) : difference with theory (-29) = 2 
CORRECTING DEFECT 1 (vertices=11, convex hull=18, v0=9782)
After retessellation of defect 1 (v0=9782), euler #=-30 (127245,380773,253498) : difference with theory (-28) = 2 
CORRECTING DEFECT 2 (vertices=124, convex hull=119, v0=16422)
After retessellation of defect 2 (v0=16422), euler #=-29 (127306,381010,253675) : difference with theory (-27) = 2 
CORRECTING DEFECT 3 (vertices=133, convex hull=159, v0=22000)
After retessellation of defect 3 (v0=22000), euler #=-28 (127376,381295,253891) : difference with theory (-26) = 2 
CORRECTING DEFECT 4 (vertices=41, convex hull=87, v0=29697)
After retessellation of defect 4 (v0=29697), euler #=-27 (127397,381393,253969) : difference with theory (-25) = 2 
CORRECTING DEFECT 5 (vertices=45, convex hull=83, v0=30095)
After retessellation of defect 5 (v0=30095), euler #=-26 (127420,381500,254054) : difference with theory (-24) = 2 
CORRECTING DEFECT 6 (vertices=104, convex hull=99, v0=38747)
After retessellation of defect 6 (v0=38747), euler #=-25 (127430,381574,254119) : difference with theory (-23) = 2 
CORRECTING DEFECT 7 (vertices=130, convex hull=185, v0=38770)
normal vector of length zero at vertex 127969 with 3 faces
normal vector of length zero at vertex 127969 with 3 faces
normal vector of length zero at vertex 127969 with 3 faces
normal vector of length zero at vertex 127969 with 3 faces
normal vector of length zero at vertex 127959 with 3 faces
normal vector of length zero at vertex 127959 with 3 faces
normal vector of length zero at vertex 127959 with 3 faces
After retessellation of defect 7 (v0=38770), euler #=-24 (127445,381708,254239) : difference with theory (-22) = 2 
CORRECTING DEFECT 8 (vertices=27, convex hull=79, v0=40190)
After retessellation of defect 8 (v0=40190), euler #=-23 (127464,381791,254304) : difference with theory (-21) = 2 
CORRECTING DEFECT 9 (vertices=308, convex hull=360, v0=44772)
After retessellation of defect 9 (v0=44772), euler #=-22 (127563,382261,254676) : difference with theory (-20) = 2 
CORRECTING DEFECT 10 (vertices=15, convex hull=27, v0=46873)
After retessellation of defect 10 (v0=46873), euler #=-21 (127566,382279,254692) : difference with theory (-19) = 2 
CORRECTING DEFECT 11 (vertices=40, convex hull=51, v0=57311)
After retessellation of defect 11 (v0=57311), euler #=-19 (127571,382313,254723) : difference with theory (-18) = 1 
CORRECTING DEFECT 12 (vertices=16, convex hull=15, v0=57910)
After retessellation of defect 12 (v0=57910), euler #=-18 (127573,382323,254732) : difference with theory (-17) = 1 
CORRECTING DEFECT 13 (vertices=9, convex hull=30, v0=62650)
After retessellation of defect 13 (v0=62650), euler #=-17 (127575,382340,254748) : difference with theory (-16) = 1 
CORRECTING DEFECT 14 (vertices=5, convex hull=18, v0=65202)
After retessellation of defect 14 (v0=65202), euler #=-16 (127576,382346,254754) : difference with theory (-15) = 1 
CORRECTING DEFECT 15 (vertices=579, convex hull=81, v0=67402)
After retessellation of defect 15 (v0=67402), euler #=-15 (127594,382433,254824) : difference with theory (-14) = 1 
CORRECTING DEFECT 16 (vertices=17, convex hull=37, v0=68972)
After retessellation of defect 16 (v0=68972), euler #=-14 (127596,382452,254842) : difference with theory (-13) = 1 
CORRECTING DEFECT 17 (vertices=6, convex hull=20, v0=70194)
After retessellation of defect 17 (v0=70194), euler #=-13 (127597,382460,254850) : difference with theory (-12) = 1 
CORRECTING DEFECT 18 (vertices=111, convex hull=135, v0=70259)
After retessellation of defect 18 (v0=70259), euler #=-12 (127649,382686,255025) : difference with theory (-11) = 1 
CORRECTING DEFECT 19 (vertices=6, convex hull=23, v0=70307)
After retessellation of defect 19 (v0=70307), euler #=-11 (127649,382692,255032) : difference with theory (-10) = 1 
CORRECTING DEFECT 20 (vertices=19, convex hull=38, v0=75604)
After retessellation of defect 20 (v0=75604), euler #=-10 (127650,382710,255050) : difference with theory (-9) = 1 
CORRECTING DEFECT 21 (vertices=13, convex hull=35, v0=81137)
After retessellation of defect 21 (v0=81137), euler #=-9 (127654,382732,255069) : difference with theory (-8) = 1 
CORRECTING DEFECT 22 (vertices=117, convex hull=148, v0=81206)
After retessellation of defect 22 (v0=81206), euler #=-7 (127716,382992,255269) : difference with theory (-7) = 0 
CORRECTING DEFECT 23 (vertices=38, convex hull=21, v0=82398)
After retessellation of defect 23 (v0=82398), euler #=-6 (127725,383026,255295) : difference with theory (-6) = 0 
CORRECTING DEFECT 24 (vertices=29, convex hull=58, v0=83337)
After retessellation of defect 24 (v0=83337), euler #=-5 (127734,383072,255333) : difference with theory (-5) = 0 
CORRECTING DEFECT 25 (vertices=11, convex hull=19, v0=83474)
After retessellation of defect 25 (v0=83474), euler #=-4 (127735,383080,255341) : difference with theory (-4) = 0 
CORRECTING DEFECT 26 (vertices=58, convex hull=80, v0=83502)
After retessellation of defect 26 (v0=83502), euler #=-3 (127773,383232,255456) : difference with theory (-3) = 0 
CORRECTING DEFECT 27 (vertices=31, convex hull=34, v0=96342)
After retessellation of defect 27 (v0=96342), euler #=-2 (127779,383263,255482) : difference with theory (-2) = 0 
CORRECTING DEFECT 28 (vertices=23, convex hull=40, v0=115401)
After retessellation of defect 28 (v0=115401), euler #=-1 (127788,383304,255515) : difference with theory (-1) = 0 
CORRECTING DEFECT 29 (vertices=36, convex hull=45, v0=119299)
After retessellation of defect 29 (v0=119299), euler #=0 (127802,383363,255561) : difference with theory (0) = 0 
CORRECTING DEFECT 30 (vertices=25, convex hull=40, v0=128688)
After retessellation of defect 30 (v0=128688), euler #=1 (127811,383406,255596) : difference with theory (1) = 0 
CORRECTING DEFECT 31 (vertices=20, convex hull=56, v0=129194)
After retessellation of defect 31 (v0=129194), euler #=2 (127825,383469,255646) : difference with theory (2) = 0 
computing original vertex metric properties...
storing new metric properties...
computing tessellation statistics...
vertex spacing 0.89 +- 0.22 (0.08-->11.33) (max @ vno 16275 --> 23122)
face area -nan +- -nan (1000.00-->-1.00)
performing soap bubble on retessellated vertices for 0 iterations...
vertex spacing 0.89 +- 0.22 (0.08-->11.33) (max @ vno 16275 --> 23122)
face area -nan +- -nan (1000.00-->-1.00)
tessellation finished, orienting corrected surface...
97 mutations (33.1%), 196 crossovers (66.9%), 210 vertices were eliminated
building final representation...
1715 vertices and 0 faces have been removed from triangulation
after topology correction, eno=2 (nv=127825, nf=255646, ne=383469, g=0)
writing corrected surface to /out/sourcedata/freesurfer/sub-v1s20x0050275_ses-1/surf/lh.orig.premesh...

0.000 % of the vertices (0 vertices) exhibit an orientation change
removing intersecting faces
000: 178 intersecting
001: 30 intersecting
terminating search with 0 intersecting
topology fixing took 1.8 minutes
FSRUNTIME@ mris_fix_topology lh  0.0305 hours 16 threads
#VMPC# mris_fix_topology VmPeak  1845152

 mris_euler_number ../surf/lh.orig.premesh 

euler # = v-e+f = 2g-2: 127825 - 383469 + 255646 = 2 --> 0 holes
      F =2V-4:          255646 = 255650-4 (0)
      2E=3F:            766938 = 766938 (0)

total defect index = 0
Sat Mar  7 08:54:01 CET 2026

setenv SUBJECTS_DIR /out/sourcedata/freesurfer
cd /out/sourcedata/freesurfer/sub-v1s20x0050275_ses-1/scripts
/opt/freesurfer/bin/defect2seg --s sub-v1s20x0050275_ses-1 --lh-only --cortex

freesurfer-linux-ubuntu22_x86_64-7.3.2-20220804-6354275
defect2seg 7.3.2
Linux dna024 5.14.0-427.37.1.el9_4.x86_64 #1 SMP PREEMPT_DYNAMIC Fri Sep 13 12:41:50 EDT 2024 x86_64 x86_64 x86_64 GNU/Linux
pid 511147
mri_label2label --label-cortex /out/sourcedata/freesurfer/sub-v1s20x0050275_ses-1/surf/lh.orig.nofix /out/sourcedata/freesurfer/sub-v1s20x0050275_ses-1/mri/aseg.presurf.mgz 0 /out/sourcedata/freesurfer/sub-v1s20x0050275_ses-1/label/lh.nofix.cortex.label

 Generating cortex label... RemoveHipAmgy=0
 NucAccIsMedialWall=0
 mris->useRealRAS=0
14 non-cortical segments detected
only using segment with 7055 vertices
erasing segment 1 (vno[0] = 39886)
erasing segment 2 (vno[0] = 42245)
erasing segment 3 (vno[0] = 59884)
erasing segment 4 (vno[0] = 83337)
erasing segment 5 (vno[0] = 83359)
erasing segment 6 (vno[0] = 83474)
erasing segment 7 (vno[0] = 84480)
erasing segment 8 (vno[0] = 84578)
erasing segment 9 (vno[0] = 84723)
erasing segment 10 (vno[0] = 86758)
erasing segment 11 (vno[0] = 87936)
erasing segment 12 (vno[0] = 88969)
erasing segment 13 (vno[0] = 90827)
mri_label2vol --defects /out/sourcedata/freesurfer/sub-v1s20x0050275_ses-1/surf/lh.orig.nofix /out/sourcedata/freesurfer/sub-v1s20x0050275_ses-1/surf/lh.defect_labels /out/sourcedata/freesurfer/sub-v1s20x0050275_ses-1/mri/orig.mgz 1000 0 /out/sourcedata/freesurfer/sub-v1s20x0050275_ses-1/mri/lh.surface.defects.mgz /out/sourcedata/freesurfer/sub-v1s20x0050275_ses-1/label/lh.nofix.cortex.label
mri_label2vol supposed to be reproducible but seed not set
Contraining to label /out/sourcedata/freesurfer/sub-v1s20x0050275_ses-1/label/lh.nofix.cortex.label
Changing input type 0 to MRI_INT
Converting defects to volume: offset=1000, merge=0
Writing to /out/sourcedata/freesurfer/sub-v1s20x0050275_ses-1/mri/lh.surface.defects.mgz
mris_defects_pointset -s /out/sourcedata/freesurfer/sub-v1s20x0050275_ses-1/surf/lh.orig.nofix -d /out/sourcedata/freesurfer/sub-v1s20x0050275_ses-1/surf/lh.defect_labels -o /out/sourcedata/freesurfer/sub-v1s20x0050275_ses-1/surf/lh.defects.pointset --label /out/sourcedata/freesurfer/sub-v1s20x0050275_ses-1/label/lh.nofix.cortex.label
Reading in surface /out/sourcedata/freesurfer/sub-v1s20x0050275_ses-1/surf/lh.orig.nofix
Reading in defect segmentation /out/sourcedata/freesurfer/sub-v1s20x0050275_ses-1/surf/lh.defect_labels
Reading in label /out/sourcedata/freesurfer/sub-v1s20x0050275_ses-1/label/lh.nofix.cortex.label
#VMPC# mris_defects_pointset 1295148
mris_defects_pointset done
 
Started at Sat Mar 7 08:54:01 CET 2026 
Ended   at Sat Mar  7 08:54:15 CET 2026
Defect2seg-Run-Time-Sec 14
Defect2seg-Run-Time-Min 0.28
Defect2seg-Run-Time-Hours 0.00
 
tkmeditfv sub-v1s20x0050275_ses-1 brain.finalsurfs.mgz -defect
defect2seg Done

 mris_remesh --remesh --iters 3 --input /out/sourcedata/freesurfer/sub-v1s20x0050275_ses-1/surf/lh.orig.premesh --output /out/sourcedata/freesurfer/sub-v1s20x0050275_ses-1/surf/lh.orig 

iters = 3
standard remeshing without target
   adjusted l: 0.711364
remeshing to edge length 0.711364 with 3 iterations

avg qual before   : 0.891281  after: 0.971308

Removing intersections
Remeshed surface quality stats nv0 = 127825  nv = 133168  1.0418
Area    266332  0.30361  0.03365 0.072347   0.4755
Corner  798996 60.00000  8.77878 15.982851 146.1510
Edge    399498  0.84530  0.08231 0.455329   1.3468
Hinge   399498  9.59603 10.00629 0.000026 130.5771
mris_remesh done
/out/sourcedata/freesurfer/sub-v1s20x0050275_ses-1/scripts

 mris_remove_intersection ../surf/lh.orig ../surf/lh.orig 

intersection removal took 0.00 hours
writing corrected surface to ../surf/lh.orig

 rm -f ../surf/lh.inflated 

#--------------------------------------------
#@# AutoDetGWStats lh Sat Mar  7 08:54:44 CET 2026
cd /out/sourcedata/freesurfer/sub-v1s20x0050275_ses-1/mri
mris_autodet_gwstats --o ../surf/autodet.gw.stats.lh.dat --i brain.finalsurfs.mgz --wm wm.mgz --surf ../surf/lh.orig.premesh
7.3.2

cd /out/sourcedata/freesurfer/sub-v1s20x0050275_ses-1/mri
setenv SUBJECTS_DIR /out/sourcedata/freesurfer
mris_autodet_gwstats --o ../surf/autodet.gw.stats.lh.dat --i brain.finalsurfs.mgz --wm wm.mgz --surf ../surf/lh.orig.premesh 

border white:    238539 voxels (1.42%)
border gray      266811 voxels (1.59%)
Reading in intensity volume brain.finalsurfs.mgz
Reading in wm volume wm.mgz
Reading in surf ../surf/lh.orig.premesh
Auto detecting stats
MRIclipBrightWM(): nthresh=11119, wmmin=5, clip=110 
Binarizing thresholding at 5
computing class statistics... low=30, hi=110.000000
CCS WM (98.0): 97.9 +- 7.4 [70.0 --> 110.0]
CCS GM (77.0) : 76.0 +- 9.3 [30.0 --> 110.0]
white_mean = 97.9109 +/- 7.36835, gray_mean = 75.951 +/- 9.31556
using class modes intead of means, discounting robust sigmas....
MRIScomputeClassModes(): min=0 max=255 nbins=256
intensity peaks found at WM=102+-5.2,    GM=72+-6.1
white_mode = 102, gray_mode = 72
std_scale = 1
Applying sanity checks, max_scale_down = 0.2
setting MIN_GRAY_AT_WHITE_BORDER to 62.7 (was 70.000000)
setting MAX_BORDER_WHITE to 109.4 (was 105.000000)
setting MIN_BORDER_WHITE to 72.0 (was 85.000000)
setting MAX_CSF to 53.4 (was 40.000000)
setting MAX_GRAY to 94.6 (was 95.000000)
setting MAX_GRAY_AT_CSF_BORDER to 62.7 (was 75.000000)
setting MIN_GRAY_AT_CSF_BORDER to 44.1 (was 40.000000)
When placing the white surface
  white_border_hi   = 109.368;
  white_border_low  = 72;
  white_outside_low = 62.6844;
  white_inside_hi   = 120;
  white_outside_hi  = 109.368;
When placing the pial surface
  pial_border_hi   = 62.6844;
  pial_border_low  = 44.0533;
  pial_outside_low = 10;
  pial_inside_hi   = 94.6317;
  pial_outside_hi  = 58.0267;
#VMPC# mris_autodet_gwstats VmPeak  1328124
mris_autodet_gwstats done
#--------------------------------------------
#@# WhitePreAparc lh Sat Mar  7 08:54:47 CET 2026
cd /out/sourcedata/freesurfer/sub-v1s20x0050275_ses-1/mri
mris_place_surface --adgws-in ../surf/autodet.gw.stats.lh.dat --wm wm.mgz --threads 16 --invol brain.finalsurfs.mgz --lh --i ../surf/lh.orig --o ../surf/lh.white.preaparc --white --seg aseg.presurf.mgz --nsmooth 5
7.3.2
7.3.2

cd /out/sourcedata/freesurfer/sub-v1s20x0050275_ses-1/mri
setenv SUBJECTS_DIR /out/sourcedata/freesurfer
mris_place_surface --adgws-in ../surf/autodet.gw.stats.lh.dat --wm wm.mgz --threads 16 --invol brain.finalsurfs.mgz --lh --i ../surf/lh.orig --o ../surf/lh.white.preaparc --white --seg aseg.presurf.mgz --nsmooth 5 

Reading in input surface ../surf/lh.orig
Smoothing surface before ripping with 5 iterations
Area    266332  0.26874  0.06342 0.003787   0.5814
Corner  798996 60.00000  9.36414 9.214276 142.8843
Edge    399498  0.79127  0.11467 0.042761   1.3340
Hinge   399498  6.46633  6.44739 0.000043 133.8785
Not reading in aparc
Reading in input volume brain.finalsurfs.mgz
Reading in wm volume wm.mgz
MRIclipBrightWM(): nthresh=11119, wmmin=5, clip=110 
MRIfindBrightNonWM(): 742 bright non-wm voxels segmented.
Masking bright non-wm for white surface
MRImask(): AllowDiffGeom = 1
MRImask(): AllowDiffGeom = 1
Reading in seg volume aseg.presurf.mgz
Ripping frozen voxels
INFO: rip surface needed but not specified, so using input surface
Freezing midline and others
Entering: MRISripMidline(): inhibiting deformation at non-cortical midline structures...
  which=1, fix_mtl=0, using annot = 0
#FML0# MRISripMidline(): nripped=0
removing 4 vertices from ripped group in thread:0
#FML# MRISripMidline(): nmarked=5469, nmarked2=11, nripped=5469
Ripping segs (eg, WMSA, BG, frozen)
Starting MRISripSegs() d = (-2 2 0.5) segnos: 247 
MRISripSegs(): -2 2 0.5 ripped 0
vertex 66584: xyz = (-52.6279,-0.71457,31.3457) oxyz = (-52.6279,-0.71457,31.3457) wxzy = (-52.6279,-0.71457,31.3457) pxyz = (0,0,0) 
CBVO Creating mask 133168
n_averages 4
Iteration 0 =========================================
n_averages=4, current_sigma=2
Freezing midline and others
Ripping frozen voxels
INFO: rip surface needed but not specified, so using input surface
Freezing midline and others
Entering: MRISripMidline(): inhibiting deformation at non-cortical midline structures...
  which=1, fix_mtl=0, using annot = 0
#FML0# MRISripMidline(): nripped=5469
removing 4 vertices from ripped group in thread:0
#FML# MRISripMidline(): nmarked=5469, nmarked2=11, nripped=5469
Ripping segs (eg, WMSA, BG, frozen)
Starting MRISripSegs() d = (-2 2 0.5) segnos: 247 247 
MRISripSegs(): -2 2 0.5 ripped 0
Computing target border values 
Entering MRIScomputeBorderValues_new(): 
  inside_hi   = 120.0000000;
  border_hi   = 109.3683470;
  border_low  =  72.0000000;
  outside_low =  62.6844440;
  outside_hi  = 109.3683470;
  sigma = 2;
  max_thickness = 10;
  step_size=0.5;
  STEP_SIZE=0.1;
  which = 1
  thresh = 0
  flags = 0
  CBVfindFirstPeakD1=0
  CBVfindFirstPeakD2=0
  nvertices=133168
  Gdiag_no=-1
  vno start=0, stop=133168
Replacing 255s with 0s
#SI# sigma=2 had to be increased for 100 vertices, nripped=5469
mean border=83.1, 156 (156) missing vertices, mean dist 0.3 [0.6 (%39.2)->0.8 (%60.8))]
%67 local maxima, %28 large gradients and % 0 min vals, 0 gradients ignored
nFirstPeakD1 0
MRIScomputeBorderValues_new() finished in 0.0129 min


Finding expansion regions
mean absolute distance = 0.71 +- 0.89
4285 vertices more than 2 sigmas from mean.
Averaging target values for 5 iterations...
Positioning Surface: tspring = 0.3, nspring = 0.3, spring = 0, niters = 100 l_repulse = 5, l_surf_repulse = 0, checktol = 0
Positioning pial surface
Entering MRISpositionSurface()
  max_mm = 0.3
  MAX_REDUCTIONS = 2, REDUCTION_PCT = 0.5
  parms->check_tol = 0, niterations = 100
tol=1.0e-04, sigma=2.0, host=dna02, nav=4, nbrs=2, l_repulse=5.000, l_tspring=0.300, l_nspring=0.300, l_intensity=0.200, l_curv=1.000
mom=0.00, dt=0.50
complete_dist_mat 0
rms 0
smooth_averages 0
remove_neg 0
ico_order 0
which_surface 0
target_radius 0.000000
nfields 0
scale 0.000000
desired_rms_height 0.000000
momentum 0.000000
nbhd_size 0
max_nbrs 0
niterations 100
nsurfaces 0
SURFACES 3
flags 0 (0)
use curv 0
no sulc 0
no rigid align 0
mris->nsize 2
mris->hemisphere 0
randomSeed 0

000: dt: 0.0000, sse=2162526.2, rms=8.886
001: dt: 0.5000, sse=1103779.0, rms=6.134 (30.975%)
002: dt: 0.5000, sse=682891.7, rms=4.572 (25.459%)
003: dt: 0.5000, sse=488687.7, rms=3.672 (19.693%)
004: dt: 0.5000, sse=392376.4, rms=3.112 (15.250%)
005: dt: 0.5000, sse=348299.5, rms=2.812 (9.642%)
006: dt: 0.5000, sse=326526.3, rms=2.634 (6.306%)
007: dt: 0.5000, sse=320026.2, rms=2.568 (2.506%)
008: dt: 0.5000, sse=316111.8, rms=2.508 (2.369%)
rms = 2.5029/2.5076, sse=313359.7/316111.8, time step reduction 1 of 3 to 0.250  0 0 1
009: dt: 0.5000, sse=313359.7, rms=2.503 (0.186%)
010: dt: 0.2500, sse=209155.6, rms=1.435 (42.683%)
011: dt: 0.2500, sse=197243.2, rms=1.279 (10.871%)
rms = 1.2368/1.2786, sse=194356.5/197243.2, time step reduction 2 of 3 to 0.125  0 0 1
012: dt: 0.2500, sse=194356.5, rms=1.237 (3.272%)
rms = 1.1974/1.2368, sse=191460.3/194356.5, time step reduction 3 of 3 to 0.062  0 0 1
013: dt: 0.1250, sse=191460.3, rms=1.197 (3.183%)
  maximum number of reductions reached, breaking from loop
positioning took 1.1 minutes
Iteration 1 =========================================
n_averages=2, current_sigma=1
Freezing midline and others
Ripping frozen voxels
INFO: rip surface needed but not specified, so using input surface
Freezing midline and others
Entering: MRISripMidline(): inhibiting deformation at non-cortical midline structures...
  which=1, fix_mtl=0, using annot = 0
#FML0# MRISripMidline(): nripped=5469
removing 2 vertices from ripped group in thread:0
removing 4 vertices from ripped group in thread:0
#FML# MRISripMidline(): nmarked=5689, nmarked2=11, nripped=5689
Ripping segs (eg, WMSA, BG, frozen)
Starting MRISripSegs() d = (-2 2 0.5) segnos: 247 247 247 
MRISripSegs(): -2 2 0.5 ripped 0
Computing target border values 
Entering MRIScomputeBorderValues_new(): 
  inside_hi   = 120.0000000;
  border_hi   = 109.3683470;
  border_low  =  72.0000000;
  outside_low =  62.6844440;
  outside_hi  = 109.3683470;
  sigma = 1;
  max_thickness = 10;
  step_size=0.5;
  STEP_SIZE=0.1;
  which = 1
  thresh = 0
  flags = 0
  CBVfindFirstPeakD1=0
  CBVfindFirstPeakD2=0
  nvertices=133168
  Gdiag_no=-1
  vno start=0, stop=133168
Replacing 255s with 0s
#SI# sigma=1 had to be increased for 191 vertices, nripped=5689
mean border=85.3, 116 (16) missing vertices, mean dist -0.2 [0.4 (%71.5)->0.3 (%28.5))]
%75 local maxima, %21 large gradients and % 0 min vals, 0 gradients ignored
nFirstPeakD1 0
MRIScomputeBorderValues_new() finished in 0.0085 min


Finding expansion regions
mean absolute distance = 0.36 +- 0.65
3324 vertices more than 2 sigmas from mean.
Averaging target values for 5 iterations...
Positioning Surface: tspring = 0.3, nspring = 0.3, spring = 0, niters = 100 l_repulse = 5, l_surf_repulse = 0, checktol = 0
Positioning pial surface
Entering MRISpositionSurface()
  max_mm = 0.3
  MAX_REDUCTIONS = 2, REDUCTION_PCT = 0.5
  parms->check_tol = 0, niterations = 100
tol=1.0e-04, sigma=1.0, host=dna02, nav=2, nbrs=2, l_repulse=5.000, l_tspring=0.300, l_nspring=0.300, l_intensity=0.200, l_curv=1.000
mom=0.00, dt=0.50
000: dt: 0.0000, sse=541402.5, rms=3.664
014: dt: 0.5000, sse=346856.3, rms=2.299 (37.274%)
015: dt: 0.5000, sse=300857.1, rms=1.941 (15.561%)
rms = 1.8970/1.9408, sse=294882.2/300857.1, time step reduction 1 of 3 to 0.250  0 0 1
016: dt: 0.5000, sse=294882.2, rms=1.897 (2.258%)
017: dt: 0.2500, sse=246020.2, rms=1.156 (39.080%)
018: dt: 0.2500, sse=228418.1, rms=1.042 (9.837%)
rms = 1.0215/1.0420, sse=228299.0/228418.1, time step reduction 2 of 3 to 0.125  0 0 1
019: dt: 0.2500, sse=228299.0, rms=1.022 (1.961%)
rms = 0.9722/1.0215, sse=225234.7/228299.0, time step reduction 3 of 3 to 0.062  0 0 1
020: dt: 0.1250, sse=225234.7, rms=0.972 (4.828%)
  maximum number of reductions reached, breaking from loop
positioning took 0.6 minutes
Iteration 2 =========================================
n_averages=1, current_sigma=0.5
Freezing midline and others
Ripping frozen voxels
INFO: rip surface needed but not specified, so using input surface
Freezing midline and others
Entering: MRISripMidline(): inhibiting deformation at non-cortical midline structures...
  which=1, fix_mtl=0, using annot = 0
#FML0# MRISripMidline(): nripped=5689
removing 2 vertices from ripped group in thread:0
removing 4 vertices from ripped group in thread:0
removing 2 vertices from ripped group in thread:0
removing 2 vertices from ripped group in thread:0
removing 4 vertices from ripped group in thread:0
#FML# MRISripMidline(): nmarked=5744, nmarked2=11, nripped=5744
Ripping segs (eg, WMSA, BG, frozen)
Starting MRISripSegs() d = (-2 2 0.5) segnos: 247 247 247 247 
MRISripSegs(): -2 2 0.5 ripped 0
Computing target border values 
Entering MRIScomputeBorderValues_new(): 
  inside_hi   = 120.0000000;
  border_hi   = 109.3683470;
  border_low  =  72.0000000;
  outside_low =  62.6844440;
  outside_hi  = 109.3683470;
  sigma = 0.5;
  max_thickness = 10;
  step_size=0.5;
  STEP_SIZE=0.1;
  which = 1
  thresh = 0
  flags = 0
  CBVfindFirstPeakD1=0
  CBVfindFirstPeakD2=0
  nvertices=133168
  Gdiag_no=-1
  vno start=0, stop=133168
Replacing 255s with 0s
#SI# sigma=0.5 had to be increased for 197 vertices, nripped=5744
mean border=86.7, 101 (4) missing vertices, mean dist -0.1 [0.3 (%65.2)->0.2 (%34.8))]
%81 local maxima, %15 large gradients and % 0 min vals, 0 gradients ignored
nFirstPeakD1 0
MRIScomputeBorderValues_new() finished in 0.0052 min


Finding expansion regions
mean absolute distance = 0.28 +- 0.48
3616 vertices more than 2 sigmas from mean.
Averaging target values for 5 iterations...
Positioning Surface: tspring = 0.3, nspring = 0.3, spring = 0, niters = 100 l_repulse = 5, l_surf_repulse = 0, checktol = 0
Positioning pial surface
Entering MRISpositionSurface()
  max_mm = 0.3
  MAX_REDUCTIONS = 2, REDUCTION_PCT = 0.5
  parms->check_tol = 0, niterations = 100
tol=1.0e-04, sigma=0.5, host=dna02, nav=1, nbrs=2, l_repulse=5.000, l_tspring=0.300, l_nspring=0.300, l_intensity=0.200, l_curv=1.000
mom=0.00, dt=0.50
000: dt: 0.0000, sse=323161.1, rms=2.211
021: dt: 0.5000, sse=284571.7, rms=1.664 (24.713%)
022: dt: 0.5000, sse=267517.6, rms=1.574 (5.419%)
rms = 1.6921/1.5742, sse=279494.8/267517.6, time step reduction 1 of 3 to 0.250  0 1 1
   RMS increased, rejecting step
023: dt: 0.2500, sse=237697.5, rms=1.157 (26.481%)
024: dt: 0.2500, sse=224317.4, rms=0.984 (14.954%)
rms = 0.9608/0.9843, sse=224777.7/224317.4, time step reduction 2 of 3 to 0.125  0 1 1
025: dt: 0.2500, sse=224777.7, rms=0.961 (2.380%)
026: dt: 0.1250, sse=223270.6, rms=0.906 (5.697%)
rms = 0.8963/0.9061, sse=221447.9/223270.6, time step reduction 3 of 3 to 0.062  0 0 1
027: dt: 0.1250, sse=221448.0, rms=0.896 (1.077%)
  maximum number of reductions reached, breaking from loop
positioning took 0.6 minutes
Iteration 3 =========================================
n_averages=0, current_sigma=0.25
Freezing midline and others
Ripping frozen voxels
INFO: rip surface needed but not specified, so using input surface
Freezing midline and others
Entering: MRISripMidline(): inhibiting deformation at non-cortical midline structures...
  which=1, fix_mtl=0, using annot = 0
#FML0# MRISripMidline(): nripped=5744
removing 2 vertices from ripped group in thread:0
removing 2 vertices from ripped group in thread:0
removing 3 vertices from ripped group in thread:0
removing 4 vertices from ripped group in thread:0
#FML# MRISripMidline(): nmarked=5806, nmarked2=14, nripped=5806
Ripping segs (eg, WMSA, BG, frozen)
Starting MRISripSegs() d = (-2 2 0.5) segnos: 247 247 247 247 247 
MRISripSegs(): -2 2 0.5 ripped 0
Computing target border values 
Entering MRIScomputeBorderValues_new(): 
  inside_hi   = 120.0000000;
  border_hi   = 109.3683470;
  border_low  =  72.0000000;
  outside_low =  62.6844440;
  outside_hi  = 109.3683470;
  sigma = 0.25;
  max_thickness = 10;
  step_size=0.5;
  STEP_SIZE=0.1;
  which = 1
  thresh = 0
  flags = 0
  CBVfindFirstPeakD1=0
  CBVfindFirstPeakD2=0
  nvertices=133168
  Gdiag_no=-1
  vno start=0, stop=133168
Replacing 255s with 0s
#SI# sigma=0.25 had to be increased for 159 vertices, nripped=5806
mean border=87.2, 123 (3) missing vertices, mean dist -0.0 [0.3 (%54.8)->0.2 (%45.2))]
%84 local maxima, %11 large gradients and % 0 min vals, 0 gradients ignored
nFirstPeakD1 0
MRIScomputeBorderValues_new() finished in 0.0035 min


Finding expansion regions
mean absolute distance = 0.25 +- 0.40
3659 vertices more than 2 sigmas from mean.
Averaging target values for 5 iterations...
Positioning Surface: tspring = 0.3, nspring = 0.3, spring = 0, niters = 100 l_repulse = 5, l_surf_repulse = 0, checktol = 0
Positioning pial surface
Entering MRISpositionSurface()
  max_mm = 0.3
  MAX_REDUCTIONS = 2, REDUCTION_PCT = 0.5
  parms->check_tol = 0, niterations = 100
tol=1.0e-04, sigma=0.2, host=dna02, nav=0, nbrs=2, l_repulse=5.000, l_tspring=0.300, l_nspring=0.300, l_intensity=0.200, l_curv=1.000
mom=0.00, dt=0.50
000: dt: 0.0000, sse=242348.6, rms=1.307
rms = 1.3881/1.3070, sse=249683.1/242348.6, time step reduction 1 of 3 to 0.250  0 1 1
   RMS increased, rejecting step
028: dt: 0.2500, sse=223222.2, rms=0.976 (25.304%)
029: dt: 0.2500, sse=220258.2, rms=0.852 (12.710%)
rms = 0.9058/0.8522, sse=229119.5/220258.2, time step reduction 2 of 3 to 0.125  0 1 1
   RMS increased, rejecting step
030: dt: 0.1250, sse=215967.9, rms=0.792 (7.088%)
031: dt: 0.1250, sse=215057.9, rms=0.740 (6.543%)
rms = 0.7165/0.7400, sse=214185.3/215057.9, time step reduction 3 of 3 to 0.062  0 0 1
032: dt: 0.1250, sse=214185.3, rms=0.716 (3.175%)
  maximum number of reductions reached, breaking from loop
positioning took 0.5 minutes


Writing output to ../surf/lh.white.preaparc
#ET# mris_place_surface  2.92 minutes
#VMPC# mris_place_surfaces VmPeak  3071676
mris_place_surface done
#--------------------------------------------
#@# CortexLabel lh Sat Mar  7 08:57:48 CET 2026
cd /out/sourcedata/freesurfer/sub-v1s20x0050275_ses-1/mri
mri_label2label --label-cortex ../surf/lh.white.preaparc aseg.presurf.mgz 0 ../label/lh.cortex.label

 Generating cortex label... RemoveHipAmgy=0
 NucAccIsMedialWall=0
 mris->useRealRAS=0
9 non-cortical segments detected
only using segment with 7080 vertices
erasing segment 1 (vno[0] = 49159)
erasing segment 2 (vno[0] = 59239)
erasing segment 3 (vno[0] = 70269)
erasing segment 4 (vno[0] = 72859)
erasing segment 5 (vno[0] = 73823)
erasing segment 6 (vno[0] = 109592)
erasing segment 7 (vno[0] = 109624)
erasing segment 8 (vno[0] = 110264)
#--------------------------------------------
#@# CortexLabel+HipAmyg lh Sat Mar  7 08:58:01 CET 2026
cd /out/sourcedata/freesurfer/sub-v1s20x0050275_ses-1/mri
mri_label2label --label-cortex ../surf/lh.white.preaparc aseg.presurf.mgz 1 ../label/lh.cortex+hipamyg.label

 Generating cortex label... RemoveHipAmgy=1
 NucAccIsMedialWall=0
 mris->useRealRAS=0
8 non-cortical segments detected
only using segment with 4730 vertices
erasing segment 1 (vno[0] = 37635)
erasing segment 2 (vno[0] = 49081)
erasing segment 3 (vno[0] = 64646)
erasing segment 4 (vno[0] = 68102)
erasing segment 5 (vno[0] = 72859)
erasing segment 6 (vno[0] = 73823)
erasing segment 7 (vno[0] = 109982)
#--------------------------------------------
#@# Smooth2 lh Sat Mar  7 08:58:15 CET 2026
/out/sourcedata/freesurfer/sub-v1s20x0050275_ses-1/scripts

 mris_smooth -n 3 -nw -seed 1234 ../surf/lh.white.preaparc ../surf/lh.smoothwm 

smoothing for 3 iterations
setting seed for random number generator to 1234
smoothing surface tessellation for 3 iterations...
smoothing complete - recomputing first and second fundamental forms...
#--------------------------------------------
#@# Inflation2 lh Sat Mar  7 08:58:18 CET 2026
/out/sourcedata/freesurfer/sub-v1s20x0050275_ses-1/scripts

 mris_inflate ../surf/lh.smoothwm ../surf/lh.inflated 

Reading ../surf/lh.smoothwm
avg radius = 45.0 mm, total surface area = 82115 mm^2
step 000: RMS=0.170 (target=0.015)   step 005: RMS=0.115 (target=0.015)   step 010: RMS=0.088 (target=0.015)   step 015: RMS=0.074 (target=0.015)   step 020: RMS=0.062 (target=0.015)   step 025: RMS=0.052 (target=0.015)   step 030: RMS=0.043 (target=0.015)   step 035: RMS=0.037 (target=0.015)   step 040: RMS=0.032 (target=0.015)   step 045: RMS=0.029 (target=0.015)   step 050: RMS=0.027 (target=0.015)   step 055: RMS=0.025 (target=0.015)   step 060: RMS=0.024 (target=0.015)   writing inflated surface to ../surf/lh.inflated
writing sulcal depths to ../surf/lh.sulc

inflation complete.
inflation took 0.2 minutes
mris_inflate utimesec    59.696615
mris_inflate stimesec    0.607610
mris_inflate ru_maxrss   205584
mris_inflate ru_ixrss    0
mris_inflate ru_idrss    0
mris_inflate ru_isrss    0
mris_inflate ru_minflt   112261
mris_inflate ru_majflt   8
mris_inflate ru_nswap    0
mris_inflate ru_inblock  130
mris_inflate ru_oublock  10416
mris_inflate ru_msgsnd   0
mris_inflate ru_msgrcv   0
mris_inflate ru_nsignals 0
mris_inflate ru_nvcsw    5128
mris_inflate ru_nivcsw   630
#--------------------------------------------
#@# Curv .H and .K lh Sat Mar  7 08:58:31 CET 2026
/out/sourcedata/freesurfer/sub-v1s20x0050275_ses-1/surf

 mris_curvature -w -seed 1234 lh.white.preaparc 

setting seed for random number generator to 1234
total integrated curvature = 18.156*4pi (228.153) --> -17 handles
ICI = 156.1, FI = 1364.9, variation=22164.729
writing Gaussian curvature to ./lh.white.preaparc.K...done.
writing mean curvature to ./lh.white.preaparc.H...done.
rm -f lh.white.H
ln -s lh.white.preaparc.H lh.white.H
rm -f lh.white.K
ln -s lh.white.preaparc.K lh.white.K

 mris_curvature -seed 1234 -thresh .999 -n -a 5 -w -distances 10 10 lh.inflated 

setting seed for random number generator to 1234
normalizing curvature values.
averaging curvature patterns 5 times.
sampling 10 neighbors out to a distance of 10 mm
154 vertices thresholded to be in k1 ~ [-0.77 0.60], k2 ~ [-0.20 0.21]
total integrated curvature = 0.323*4pi (4.062) --> 1 handles
ICI = 1.4, FI = 10.3, variation=172.791
155 vertices thresholded to be in [-0.08 0.03]
writing Gaussian curvature to ./lh.inflated.K...thresholding curvature at 99.90% level
curvature mean = 0.000, std = 0.002
111 vertices thresholded to be in [-0.28 0.20]
done.
writing mean curvature to ./lh.inflated.H...curvature mean = -0.017, std = 0.024
done.
#--------------------------------------------
#@# Sphere lh Sat Mar  7 08:59:14 CET 2026
/out/sourcedata/freesurfer/sub-v1s20x0050275_ses-1/scripts

 mris_sphere -seed 1234 ../surf/lh.inflated ../surf/lh.sphere 

setting seed for random number genererator to 1234
version: 7.3.2
available threads: 16
reading original vertex positions...
projecting onto sphere...
surface projected - minimizing metric distortion...
scaling brain by 0.296...
MRISunfold() max_passes = 1 -------
tol=5.0e-01, sigma=0.0, host=dna02, nav=1024, nbrs=2, l_area=1.000, l_dist=1.000
using quadratic fit line minimization
complete_dist_mat 0
rms 0
smooth_averages 0
remove_neg 0
ico_order 0
which_surface 0
target_radius 0.000000
nfields 0
scale 1.000000
desired_rms_height -1.000000
momentum 0.900000
nbhd_size 7
max_nbrs 8
niterations 25
nsurfaces 0
SURFACES 3
flags 0 (0)
use curv 0
no sulc 0
no rigid align 0
mris->nsize 2
mris->hemisphere 0
randomSeed 1234

singular matrix in quadratic form
--------------------
  mrisRemoveNegativeArea()
pass 1: epoch 1 of 3 starting distance error %20.81
pass 1: epoch 2 of 3 starting distance error %20.76
unfolding complete - removing small folds...
starting distance error %20.63
removing remaining folds...
final distance error %20.67
MRISunfold() return, current seed 1234
-01: dt=0.0000,  13 negative triangles  VmPeak 1591120
186: dt=0.9900,  13 negative triangles
187: dt=0.9900,   6 negative triangles
188: dt=0.9900,   2 negative triangles
189: dt=0.9900,   1 negative triangles
writing spherical brain to ../surf/lh.sphere
spherical transformation took 0.0560 hours
FSRUNTIME@ mris_sphere  0.0560 hours 16 threads
#VMPC# mris_sphere VmPeak  1591120
mris_sphere done
#--------------------------------------------
#@# Surf Reg lh Sat Mar  7 09:02:36 CET 2026
/out/sourcedata/freesurfer/sub-v1s20x0050275_ses-1/scripts

 mris_register -curv ../surf/lh.sphere /opt/freesurfer/average/lh.folding.atlas.acfb40.noaparc.i12.2016-08-02.tif ../surf/lh.sphere.reg 

using smoothwm curvature for final alignment

cwd /out/sourcedata/freesurfer/sub-v1s20x0050275_ses-1/scripts
cmdline mris_register -curv ../surf/lh.sphere /opt/freesurfer/average/lh.folding.atlas.acfb40.noaparc.i12.2016-08-02.tif ../surf/lh.sphere.reg 

0 inflated.H
1 sulc
2 smoothwm (computed)
7.3.2
  7.3.2
reading surface from ../surf/lh.sphere...
reading template parameterization from /opt/freesurfer/average/lh.folding.atlas.acfb40.noaparc.i12.2016-08-02.tif...
MRISregister() -------
max_passes = 4 
min_degrees = 0.500000 
max_degrees = 64.000000 
nangles = 8 
tol=5.0e-01, sigma=0.0, host=dna02, nav=1024, nbrs=1, l_extern=10000.000, l_parea=0.200, l_nlarea=1.000, l_corr=1.000, l_dist=5.000
using quadratic fit line minimization
complete_dist_mat 0
rms 0
smooth_averages 0
remove_neg 0
ico_order 0
which_surface 0
target_radius 0.000000
nfields 0
scale 0.000000
desired_rms_height -1.000000
momentum 0.950000
nbhd_size -10
max_nbrs 10
niterations 25
nsurfaces 0
SURFACES 3
flags 16 (10)
use curv 16
no sulc 0
no rigid align 0
mris->nsize 1
mris->hemisphere 0
randomSeed 0

tol=5.0e-01, sigma=0.0, host=dna02, nav=1024, nbrs=1, l_extern=10000.000, l_parea=0.200, l_nlarea=1.000, l_corr=1.000, l_dist=5.000
using quadratic fit line minimization
--------------------
1 Reading lh.sulc
tol=1.0e+00, sigma=0.5, host=dna02, nav=1024, nbrs=1, l_extern=10000.000, l_parea=0.200, l_nlarea=1.000, l_corr=0.050, l_spring=0.500, l_dist=5.000
using quadratic fit line minimization
curvature mean = 0.000, std = 5.802
curvature mean = 0.048, std = 0.809
curvature mean = 0.008, std = 0.870
Starting MRISrigidBodyAlignGlobal()
Starting new MRISrigidBodyAlignGlobal_findMinSSE()
  new MRISrigidBodyAlignGlobal_findMinSSE min @ (1.00, -2.00, 20.00) sse = 203372.3, elapsed since starting=0.0930 min
MRISrigidBodyAlignGlobal() done   0.09 min
curvature mean = 0.026, std = 0.840
curvature mean = 0.003, std = 0.953
curvature mean = 0.023, std = 0.852
curvature mean = 0.001, std = 0.982
curvature mean = 0.022, std = 0.855
curvature mean = 0.000, std = 0.993
2 Reading smoothwm
curvature mean = -0.024, std = 0.256
curvature mean = 0.044, std = 0.250
curvature mean = 0.052, std = 0.400
curvature mean = 0.038, std = 0.307
curvature mean = 0.033, std = 0.600
curvature mean = 0.037, std = 0.334
curvature mean = 0.017, std = 0.742
curvature mean = 0.037, std = 0.346
curvature mean = 0.005, std = 0.843
MRISregister() return, current seed 0
-01: dt=0.0000,  17 negative triangles  VmPeak 1602176
109: dt=0.9900,  17 negative triangles
110: dt=0.9405,  17 negative triangles
expanding nbhd size to 1
111: dt=0.9900,  20 negative triangles
112: dt=0.9900,  17 negative triangles
113: dt=0.9900,  20 negative triangles
114: dt=0.9900,  21 negative triangles
115: dt=0.9900,  23 negative triangles
116: dt=0.9900,  23 negative triangles
117: dt=0.9900,  24 negative triangles
118: dt=0.9900,  26 negative triangles
119: dt=0.9900,  22 negative triangles
120: dt=0.9405,  21 negative triangles
121: dt=0.9405,  21 negative triangles
122: dt=0.9405,  24 negative triangles
123: dt=0.9405,  24 negative triangles
124: dt=0.9405,  25 negative triangles
125: dt=0.9405,  27 negative triangles
126: dt=0.9405,  28 negative triangles
127: dt=0.9405,  23 negative triangles
128: dt=0.9405,  23 negative triangles
129: dt=0.9405,  22 negative triangles
130: dt=0.8935,  21 negative triangles
131: dt=0.8935,  20 negative triangles
132: dt=0.8935,  22 negative triangles
133: dt=0.8935,  20 negative triangles
134: dt=0.8935,  20 negative triangles
135: dt=0.8935,  20 negative triangles
136: dt=0.8935,  18 negative triangles
137: dt=0.8935,  20 negative triangles
138: dt=0.8935,  18 negative triangles
139: dt=0.8935,  18 negative triangles
140: dt=0.8935,  16 negative triangles
141: dt=0.8935,  16 negative triangles
142: dt=0.8935,  18 negative triangles
143: dt=0.8935,  16 negative triangles
144: dt=0.8935,  16 negative triangles
145: dt=0.8935,  16 negative triangles
146: dt=0.8935,  15 negative triangles
147: dt=0.8935,  17 negative triangles
148: dt=0.8935,  15 negative triangles
149: dt=0.8935,  14 negative triangles
150: dt=0.8935,  14 negative triangles
151: dt=0.8935,  14 negative triangles
152: dt=0.8935,  16 negative triangles
153: dt=0.8935,  14 negative triangles
154: dt=0.8935,  14 negative triangles
155: dt=0.8935,  14 negative triangles
156: dt=0.8935,  14 negative triangles
157: dt=0.8935,  16 negative triangles
158: dt=0.8935,  14 negative triangles
159: dt=0.8488,  14 negative triangles
160: dt=0.8488,  12 negative triangles
161: dt=0.8488,  12 negative triangles
162: dt=0.8488,  14 negative triangles
163: dt=0.8488,  15 negative triangles
164: dt=0.8488,  14 negative triangles
165: dt=0.8488,  12 negative triangles
166: dt=0.8488,   9 negative triangles
167: dt=0.8488,   9 negative triangles
168: dt=0.8488,   9 negative triangles
169: dt=0.8488,   9 negative triangles
170: dt=0.8488,   8 negative triangles
171: dt=0.8488,  10 negative triangles
172: dt=0.8488,   6 negative triangles
173: dt=0.8488,   6 negative triangles
174: dt=0.8488,   5 negative triangles
175: dt=0.8488,   5 negative triangles
176: dt=0.8488,   6 negative triangles
177: dt=0.8488,   3 negative triangles
178: dt=0.8488,   3 negative triangles
179: dt=0.8488,   3 negative triangles
180: dt=0.8488,   2 negative triangles
181: dt=0.8488,   2 negative triangles
182: dt=0.8488,   1 negative triangles
183: dt=0.8488,   1 negative triangles
184: dt=0.8488,   1 negative triangles
writing registered surface to ../surf/lh.sphere.reg...
registration took 0.06 hours
#VMPC# mris_register VmPeak  1602176
FSRUNTIME@ mris_register  0.0643 hours 16 threads

 ln -sf lh.sphere.reg lh.fsaverage.sphere.reg 

#--------------------------------------------
#@# Jacobian white lh Sat Mar  7 09:06:28 CET 2026
/out/sourcedata/freesurfer/sub-v1s20x0050275_ses-1/scripts

 mris_jacobian ../surf/lh.white.preaparc ../surf/lh.sphere.reg ../surf/lh.jacobian_white 

reading surface from ../surf/lh.white.preaparc...
writing curvature file ../surf/lh.jacobian_white
#--------------------------------------------
#@# AvgCurv lh Sat Mar  7 09:06:28 CET 2026
/out/sourcedata/freesurfer/sub-v1s20x0050275_ses-1/scripts

 mrisp_paint -a 5 /opt/freesurfer/average/lh.folding.atlas.acfb40.noaparc.i12.2016-08-02.tif#6 ../surf/lh.sphere.reg ../surf/lh.avg_curv 

averaging curvature patterns 5 times...
reading surface from ../surf/lh.sphere.reg...
reading template parameterization from /opt/freesurfer/average/lh.folding.atlas.acfb40.noaparc.i12.2016-08-02.tif...
writing curvature file to ../surf/lh.avg_curv...
#-----------------------------------------
#@# Cortical Parc lh Sat Mar  7 09:06:29 CET 2026
/out/sourcedata/freesurfer/sub-v1s20x0050275_ses-1/scripts

 mris_ca_label -l ../label/lh.cortex.label -aseg ../mri/aseg.presurf.mgz -seed 1234 sub-v1s20x0050275_ses-1 lh ../surf/lh.sphere.reg /opt/freesurfer/average/lh.DKaparc.atlas.acfb40.noaparc.i12.2016-08-02.gcs ../label/lh.aparc.annot 

setting seed for random number generator to 1234
using ../mri/aseg.presurf.mgz aseg volume to correct midline
7.3.2
  7.3.2
reading atlas from /opt/freesurfer/average/lh.DKaparc.atlas.acfb40.noaparc.i12.2016-08-02.gcs...
reading color table from GCSA file....
average std = 0.8   using min determinant for regularization = 0.006
0 singular and 342 ill-conditioned covariance matrices regularized
input 0: MEAN CURVATURE, flags 0, avgs 5, name mean_curvature
labeling surface...
1078 labels changed using aseg
relabeling using gibbs priors...
000:   2911 changed, 133168 examined...
001:    702 changed, 12457 examined...
002:    164 changed, 3951 examined...
003:     61 changed, 996 examined...
004:     24 changed, 365 examined...
005:      7 changed, 141 examined...
006:      2 changed, 43 examined...
007:      1 changed, 16 examined...
008:      3 changed, 8 examined...
009:      2 changed, 12 examined...
010:      3 changed, 15 examined...
011:      0 changed, 15 examined...
219 labels changed using aseg
000: 104 total segments, 62 labels (208 vertices) changed
001: 44 total segments, 1 labels (1 vertices) changed
002: 43 total segments, 0 labels (0 vertices) changed
10 filter iterations complete (10 requested, 4 changed)
rationalizing unknown annotations with cortex label
relabeling unknown label...
relabeling corpuscallosum label...
1829 vertices marked for relabeling...
1829 labels changed in reclassification.
writing output to ../label/lh.aparc.annot...
classification took 0 minutes and 9 seconds.
#--------------------------------------------
#@# WhiteSurfs lh Sat Mar  7 09:06:38 CET 2026
cd /out/sourcedata/freesurfer/sub-v1s20x0050275_ses-1/mri
mris_place_surface --adgws-in ../surf/autodet.gw.stats.lh.dat --seg aseg.presurf.mgz --threads 16 --wm wm.mgz --invol brain.finalsurfs.mgz --lh --i ../surf/lh.white.preaparc --o ../surf/lh.white --white --nsmooth 0 --rip-label ../label/lh.cortex.label --rip-bg --rip-surf ../surf/lh.white.preaparc --aparc ../label/lh.aparc.annot
7.3.2
7.3.2

cd /out/sourcedata/freesurfer/sub-v1s20x0050275_ses-1/mri
setenv SUBJECTS_DIR /out/sourcedata/freesurfer
mris_place_surface --adgws-in ../surf/autodet.gw.stats.lh.dat --seg aseg.presurf.mgz --threads 16 --wm wm.mgz --invol brain.finalsurfs.mgz --lh --i ../surf/lh.white.preaparc --o ../surf/lh.white --white --nsmooth 0 --rip-label ../label/lh.cortex.label --rip-bg --rip-surf ../surf/lh.white.preaparc --aparc ../label/lh.aparc.annot 

Reading in input surface ../surf/lh.white.preaparc
Not smoothing input surface
Area    266332  0.33840  0.11573 0.002159   2.3666
Corner  798996 60.00000 13.52101 0.616467 178.2668
Edge    399498  0.89484  0.19302 0.017271   3.8258
Hinge   399498  9.84309 10.98443 0.000000 179.9975
Reading in aparc ../label/lh.aparc.annot
Reading in input volume brain.finalsurfs.mgz
Reading in wm volume wm.mgz
MRIclipBrightWM(): nthresh=11119, wmmin=5, clip=110 
MRIfindBrightNonWM(): 742 bright non-wm voxels segmented.
Masking bright non-wm for white surface
MRImask(): AllowDiffGeom = 1
MRImask(): AllowDiffGeom = 1
Reading in seg volume aseg.presurf.mgz
Ripping frozen voxels
Ripping vertices not in label ../label/lh.cortex.label
MRISripNotLabel() ripped 7437/133168 vertices (125731 unripped)
Reading in ripping surface ../surf/lh.white.preaparc
Reading in aparc ../label/lh.aparc.annot for ripsurf
Ripping BG
MRISripBasalGanglia(): 1 -2 2 0.5 ripped 578
Ripping segs (eg, WMSA, BG, frozen)
Starting MRISripSegs() d = (-2 2 0.5) segnos: 247 
MRISripSegs(): -2 2 0.5 ripped 0
vertex 66584: xyz = (-52.7871,-0.866929,31.1768) oxyz = (-52.7871,-0.866929,31.1768) wxzy = (-52.7871,-0.866929,31.1768) pxyz = (0,0,0) 
CBVO Creating mask 133168
n_averages 4
Iteration 0 =========================================
n_averages=4, current_sigma=2
Computing target border values 
Entering MRIScomputeBorderValues_new(): 
  inside_hi   = 120.0000000;
  border_hi   = 109.3683470;
  border_low  =  72.0000000;
  outside_low =  62.6844440;
  outside_hi  = 109.3683470;
  sigma = 2;
  max_thickness = 10;
  step_size=0.5;
  STEP_SIZE=0.1;
  which = 1
  thresh = 0
  flags = 0
  CBVfindFirstPeakD1=0
  CBVfindFirstPeakD2=0
  nvertices=133168
  Gdiag_no=-1
  vno start=0, stop=133168
Replacing 255s with 0s
#SI# sigma=2 had to be increased for 97 vertices, nripped=8015
mean border=82.7, 95 (95) missing vertices, mean dist 0.3 [0.8 (%18.2)->0.5 (%81.8))]
%63 local maxima, %31 large gradients and % 0 min vals, 0 gradients ignored
nFirstPeakD1 0
MRIScomputeBorderValues_new() finished in 0.0108 min


Finding expansion regions
mean absolute distance = 0.57 +- 0.90
2655 vertices more than 2 sigmas from mean.
Averaging target values for 5 iterations...
Positioning Surface: tspring = 0.3, nspring = 0.3, spring = 0, niters = 100 l_repulse = 5, l_surf_repulse = 0, checktol = 0
Positioning pial surface
Entering MRISpositionSurface()
  max_mm = 0.3
  MAX_REDUCTIONS = 2, REDUCTION_PCT = 0.5
  parms->check_tol = 0, niterations = 100
tol=1.0e-04, sigma=2.0, host=dna02, nav=4, nbrs=2, l_repulse=5.000, l_tspring=0.300, l_nspring=0.300, l_intensity=0.200, l_curv=1.000
mom=0.00, dt=0.50
complete_dist_mat 0
rms 0
smooth_averages 0
remove_neg 0
ico_order 0
which_surface 0
target_radius 0.000000
nfields 0
scale 0.000000
desired_rms_height 0.000000
momentum 0.000000
nbhd_size 0
max_nbrs 0
niterations 100
nsurfaces 0
SURFACES 3
flags 0 (0)
use curv 0
no sulc 0
no rigid align 0
mris->nsize 2
mris->hemisphere 0
randomSeed 0

000: dt: 0.0000, sse=1072869.6, rms=5.937
001: dt: 0.5000, sse=499027.9, rms=3.522 (40.677%)
002: dt: 0.5000, sse=340065.6, rms=2.455 (30.297%)
003: dt: 0.5000, sse=310018.4, rms=2.197 (10.506%)
004: dt: 0.5000, sse=289677.9, rms=2.000 (8.943%)
rms = 2.0729/2.0004, sse=297537.1/289677.9, time step reduction 1 of 3 to 0.250  0 1 1
   RMS increased, rejecting step
005: dt: 0.2500, sse=245588.3, rms=1.481 (25.943%)
006: dt: 0.2500, sse=229349.8, rms=1.233 (16.781%)
007: dt: 0.2500, sse=225495.3, rms=1.162 (5.739%)
rms = 1.1411/1.1621, sse=224587.9/225495.3, time step reduction 2 of 3 to 0.125  0 0 1
008: dt: 0.2500, sse=224587.9, rms=1.141 (1.809%)
rms = 1.0957/1.1411, sse=222205.7/224587.9, time step reduction 3 of 3 to 0.062  0 0 1
009: dt: 0.1250, sse=222205.7, rms=1.096 (3.972%)
  maximum number of reductions reached, breaking from loop
positioning took 0.8 minutes
Iteration 1 =========================================
n_averages=2, current_sigma=1
Computing target border values 
Entering MRIScomputeBorderValues_new(): 
  inside_hi   = 120.0000000;
  border_hi   = 109.3683470;
  border_low  =  72.0000000;
  outside_low =  62.6844440;
  outside_hi  = 109.3683470;
  sigma = 1;
  max_thickness = 10;
  step_size=0.5;
  STEP_SIZE=0.1;
  which = 1
  thresh = 0
  flags = 0
  CBVfindFirstPeakD1=0
  CBVfindFirstPeakD2=0
  nvertices=133168
  Gdiag_no=-1
  vno start=0, stop=133168
Replacing 255s with 0s
#SI# sigma=1 had to be increased for 108 vertices, nripped=8015
mean border=85.1, 50 (13) missing vertices, mean dist -0.2 [0.4 (%72.4)->0.3 (%27.6))]
%73 local maxima, %21 large gradients and % 0 min vals, 0 gradients ignored
nFirstPeakD1 0
MRIScomputeBorderValues_new() finished in 0.0085 min


Finding expansion regions
mean absolute distance = 0.36 +- 0.66
3002 vertices more than 2 sigmas from mean.
Averaging target values for 5 iterations...
Positioning Surface: tspring = 0.3, nspring = 0.3, spring = 0, niters = 100 l_repulse = 5, l_surf_repulse = 0, checktol = 0
Positioning pial surface
Entering MRISpositionSurface()
  max_mm = 0.3
  MAX_REDUCTIONS = 2, REDUCTION_PCT = 0.5
  parms->check_tol = 0, niterations = 100
tol=1.0e-04, sigma=1.0, host=dna02, nav=2, nbrs=2, l_repulse=5.000, l_tspring=0.300, l_nspring=0.300, l_intensity=0.200, l_curv=1.000
mom=0.00, dt=0.50
000: dt: 0.0000, sse=518973.3, rms=3.556
010: dt: 0.5000, sse=323452.5, rms=2.180 (38.692%)
011: dt: 0.5000, sse=283535.8, rms=1.801 (17.386%)
rms = 1.7673/1.8011, sse=281512.5/283535.8, time step reduction 1 of 3 to 0.250  0 0 1
012: dt: 0.5000, sse=281512.5, rms=1.767 (1.876%)
013: dt: 0.2500, sse=233239.5, rms=1.054 (40.357%)
014: dt: 0.2500, sse=227681.6, rms=0.963 (8.634%)
rms = 0.9521/0.9631, sse=227146.3/227681.6, time step reduction 2 of 3 to 0.125  0 0 1
015: dt: 0.2500, sse=227146.3, rms=0.952 (1.143%)
rms = 0.9062/0.9521, sse=224651.1/227146.3, time step reduction 3 of 3 to 0.062  0 0 1
016: dt: 0.1250, sse=224651.1, rms=0.906 (4.818%)
  maximum number of reductions reached, breaking from loop
positioning took 0.6 minutes
Iteration 2 =========================================
n_averages=1, current_sigma=0.5
Computing target border values 
Entering MRIScomputeBorderValues_new(): 
  inside_hi   = 120.0000000;
  border_hi   = 109.3683470;
  border_low  =  72.0000000;
  outside_low =  62.6844440;
  outside_hi  = 109.3683470;
  sigma = 0.5;
  max_thickness = 10;
  step_size=0.5;
  STEP_SIZE=0.1;
  which = 1
  thresh = 0
  flags = 0
  CBVfindFirstPeakD1=0
  CBVfindFirstPeakD2=0
  nvertices=133168
  Gdiag_no=-1
  vno start=0, stop=133168
Replacing 255s with 0s
#SI# sigma=0.5 had to be increased for 133 vertices, nripped=8015
mean border=86.6, 53 (4) missing vertices, mean dist -0.1 [0.3 (%65.8)->0.2 (%34.2))]
%79 local maxima, %15 large gradients and % 0 min vals, 0 gradients ignored
nFirstPeakD1 0
MRIScomputeBorderValues_new() finished in 0.0052 min


Finding expansion regions
mean absolute distance = 0.28 +- 0.50
3148 vertices more than 2 sigmas from mean.
Averaging target values for 5 iterations...
Positioning Surface: tspring = 0.3, nspring = 0.3, spring = 0, niters = 100 l_repulse = 5, l_surf_repulse = 0, checktol = 0
Positioning pial surface
Entering MRISpositionSurface()
  max_mm = 0.3
  MAX_REDUCTIONS = 2, REDUCTION_PCT = 0.5
  parms->check_tol = 0, niterations = 100
tol=1.0e-04, sigma=0.5, host=dna02, nav=1, nbrs=2, l_repulse=5.000, l_tspring=0.300, l_nspring=0.300, l_intensity=0.200, l_curv=1.000
mom=0.00, dt=0.50
000: dt: 0.0000, sse=320254.6, rms=2.199
017: dt: 0.5000, sse=270113.8, rms=1.642 (25.333%)
018: dt: 0.5000, sse=257250.7, rms=1.516 (7.648%)
rms = 1.6523/1.5163, sse=268648.2/257250.7, time step reduction 1 of 3 to 0.250  0 1 1
   RMS increased, rejecting step
019: dt: 0.2500, sse=229756.4, rms=1.095 (27.776%)
020: dt: 0.2500, sse=221193.3, rms=0.919 (16.106%)
rms = 0.9001/0.9188, sse=220612.2/221193.3, time step reduction 2 of 3 to 0.125  0 0 1
021: dt: 0.2500, sse=220612.2, rms=0.900 (2.038%)
022: dt: 0.1250, sse=217640.2, rms=0.843 (6.328%)
rms = 0.8331/0.8431, sse=217246.7/217640.2, time step reduction 3 of 3 to 0.062  0 0 1
023: dt: 0.1250, sse=217246.7, rms=0.833 (1.191%)
  maximum number of reductions reached, breaking from loop
positioning took 0.6 minutes
Iteration 3 =========================================
n_averages=0, current_sigma=0.25
Computing target border values 
Entering MRIScomputeBorderValues_new(): 
  inside_hi   = 120.0000000;
  border_hi   = 109.3683470;
  border_low  =  72.0000000;
  outside_low =  62.6844440;
  outside_hi  = 109.3683470;
  sigma = 0.25;
  max_thickness = 10;
  step_size=0.5;
  STEP_SIZE=0.1;
  which = 1
  thresh = 0
  flags = 0
  CBVfindFirstPeakD1=0
  CBVfindFirstPeakD2=0
  nvertices=133168
  Gdiag_no=-1
  vno start=0, stop=133168
Replacing 255s with 0s
#SI# sigma=0.25 had to be increased for 112 vertices, nripped=8015
mean border=87.1, 70 (3) missing vertices, mean dist -0.0 [0.3 (%54.9)->0.2 (%45.1))]
%83 local maxima, %11 large gradients and % 0 min vals, 0 gradients ignored
nFirstPeakD1 0
MRIScomputeBorderValues_new() finished in 0.0035 min


Finding expansion regions
mean absolute distance = 0.26 +- 0.41
3147 vertices more than 2 sigmas from mean.
Averaging target values for 5 iterations...
Positioning Surface: tspring = 0.3, nspring = 0.3, spring = 0, niters = 100 l_repulse = 5, l_surf_repulse = 0, checktol = 0
Positioning pial surface
Entering MRISpositionSurface()
  max_mm = 0.3
  MAX_REDUCTIONS = 2, REDUCTION_PCT = 0.5
  parms->check_tol = 0, niterations = 100
tol=1.0e-04, sigma=0.2, host=dna02, nav=0, nbrs=2, l_repulse=5.000, l_tspring=0.300, l_nspring=0.300, l_intensity=0.200, l_curv=1.000
mom=0.00, dt=0.50
000: dt: 0.0000, sse=237258.8, rms=1.265
rms = 1.3875/1.2655, sse=249677.3/237258.8, time step reduction 1 of 3 to 0.250  0 1 1
   RMS increased, rejecting step
024: dt: 0.2500, sse=219323.3, rms=0.930 (26.487%)
025: dt: 0.2500, sse=213718.6, rms=0.788 (15.263%)
rms = 0.8762/0.7883, sse=216993.1/213718.6, time step reduction 2 of 3 to 0.125  0 1 1
   RMS increased, rejecting step
026: dt: 0.1250, sse=211020.5, rms=0.733 (7.003%)
rms = 0.6956/0.7331, sse=209616.6/211020.5, time step reduction 3 of 3 to 0.062  0 0 1
027: dt: 0.1250, sse=209616.6, rms=0.696 (5.120%)
  maximum number of reductions reached, breaking from loop
positioning took 0.4 minutes


Writing output to ../surf/lh.white
#ET# mris_place_surface  2.49 minutes
#VMPC# mris_place_surfaces VmPeak  3008856
mris_place_surface done
#--------------------------------------------
#@# T1PialSurf lh Sat Mar  7 09:09:14 CET 2026
cd /out/sourcedata/freesurfer/sub-v1s20x0050275_ses-1/mri
mris_place_surface --adgws-in ../surf/autodet.gw.stats.lh.dat --seg aseg.presurf.mgz --threads 16 --wm wm.mgz --invol brain.finalsurfs.mgz --lh --i ../surf/lh.white --o ../surf/lh.pial.T1 --pial --nsmooth 0 --rip-label ../label/lh.cortex+hipamyg.label --pin-medial-wall ../label/lh.cortex.label --aparc ../label/lh.aparc.annot --repulse-surf ../surf/lh.white --white-surf ../surf/lh.white
7.3.2
7.3.2

cd /out/sourcedata/freesurfer/sub-v1s20x0050275_ses-1/mri
setenv SUBJECTS_DIR /out/sourcedata/freesurfer
mris_place_surface --adgws-in ../surf/autodet.gw.stats.lh.dat --seg aseg.presurf.mgz --threads 16 --wm wm.mgz --invol brain.finalsurfs.mgz --lh --i ../surf/lh.white --o ../surf/lh.pial.T1 --pial --nsmooth 0 --rip-label ../label/lh.cortex+hipamyg.label --pin-medial-wall ../label/lh.cortex.label --aparc ../label/lh.aparc.annot --repulse-surf ../surf/lh.white --white-surf ../surf/lh.white 

Reading in input surface ../surf/lh.white
Not smoothing input surface
Area    266332  0.34144  0.12982 0.000801   2.3666
Corner  798996 60.00000 14.86919 0.425168 178.3671
Edge    399498  0.90042  0.21315 0.015366   3.8258
Hinge   399498  9.89627 10.98730 0.000043 179.9634
Reading white surface coordinates from ../surf/lh.white
Reading repulsion surface coordinates from ../surf/lh.white
Reading in aparc ../label/lh.aparc.annot
Reading in input volume brain.finalsurfs.mgz
Reading in wm volume wm.mgz
MRIclipBrightWM(): nthresh=11119, wmmin=5, clip=110 
MRIfindBrightNonWM(): 742 bright non-wm voxels segmented.
Masking bright non-wm for pial surface mid_gray = 69.3425
MRImask(): AllowDiffGeom = 1
MRImask(): AllowDiffGeom = 1
MRImask(): AllowDiffGeom = 1
Reading in seg volume aseg.presurf.mgz
Ripping frozen voxels
Ripping vertices not in label ../label/lh.cortex+hipamyg.label
MRISripNotLabel() ripped 5032/133168 vertices (128136 unripped)
INFO: rip surface needed but not specified, so using input surface
Ripping segs (eg, WMSA, BG, frozen)
Starting MRISripSegs() d = (-2 2 0.5) segnos: 247 
MRISripSegs(): -2 2 0.5 ripped 0
vertex 66584: xyz = (-52.8092,-0.835079,31.2024) oxyz = (-52.8092,-0.835079,31.2024) wxzy = (-52.8092,-0.835079,31.2024) pxyz = (-52.8092,-0.835079,31.2024) 
CBVO Creating mask 133168
n_averages 16
Iteration 0 =========================================
n_averages=16, current_sigma=2
Computing target border values 
Entering MRIScomputeBorderValues_new(): 
  inside_hi   =  94.6316530;
  border_hi   =  62.6844440;
  border_low  =  44.0533290;
  outside_low =  10.0000000;
  outside_hi  =  58.0266650;
  sigma = 2;
  max_thickness = 10;
  step_size=0.5;
  STEP_SIZE=0.1;
  which = 2
  thresh = 0
  flags = 0
  CBVfindFirstPeakD1=0
  CBVfindFirstPeakD2=0
  nvertices=133168
  Gdiag_no=-1
  vno start=0, stop=133168
Replacing 255s with 0s
#SI# sigma=2 had to be increased for 205 vertices, nripped=5032
mean border=60.6, 207 (207) missing vertices, mean dist 1.6 [2.2 (%0.0)->2.9 (%100.0))]
%12 local maxima, %41 large gradients and %43 min vals, 0 gradients ignored
nFirstPeakD1 0
MRIScomputeBorderValues_new() finished in 0.0156 min


Averaging target values for 5 iterations...
Positioning Surface: tspring = 0.3, nspring = 0.3, spring = 0, niters = 100 l_repulse = 0, l_surf_repulse = 5, checktol = 0
Positioning pial surface
Entering MRISpositionSurface()
  max_mm = 0.3
  MAX_REDUCTIONS = 2, REDUCTION_PCT = 0.5
  parms->check_tol = 0, niterations = 100
tol=1.0e-04, sigma=2.0, host=dna02, nav=16, nbrs=2, l_surf_repulse=5.000, l_tspring=0.300, l_nspring=0.300, l_intensity=0.200, l_curv=1.000
mom=0.00, dt=0.50
complete_dist_mat 0
rms 0
smooth_averages 0
remove_neg 0
ico_order 0
which_surface 0
target_radius 0.000000
nfields 0
scale 0.000000
desired_rms_height 0.000000
momentum 0.000000
nbhd_size 0
max_nbrs 0
niterations 100
nsurfaces 0
SURFACES 3
flags 0 (0)
use curv 0
no sulc 0
no rigid align 0
mris->nsize 2
mris->hemisphere 0
randomSeed 0

000: dt: 0.0000, sse=19040118.0, rms=27.139
001: dt: 0.5000, sse=13513472.0, rms=22.815 (15.934%)
002: dt: 0.5000, sse=9407385.0, rms=18.973 (16.838%)
003: dt: 0.5000, sse=6637062.0, rms=15.863 (16.394%)
004: dt: 0.5000, sse=4817286.0, rms=13.431 (15.328%)
005: dt: 0.5000, sse=3695326.0, rms=11.681 (13.032%)
006: dt: 0.5000, sse=2891658.8, rms=10.243 (12.311%)
007: dt: 0.5000, sse=2362219.0, rms=9.170 (10.471%)
008: dt: 0.5000, sse=1918711.5, rms=8.163 (10.987%)
009: dt: 0.5000, sse=1617645.5, rms=7.398 (9.365%)
010: dt: 0.5000, sse=1343576.0, rms=6.626 (10.441%)
011: dt: 0.5000, sse=1193015.2, rms=6.157 (7.082%)
012: dt: 0.5000, sse=1049338.6, rms=5.674 (7.839%)
013: dt: 0.5000, sse=985348.7, rms=5.441 (4.107%)
014: dt: 0.5000, sse=917844.4, rms=5.186 (4.693%)
015: dt: 0.5000, sse=901200.6, rms=5.116 (1.346%)
016: dt: 0.5000, sse=858437.9, rms=4.944 (3.366%)
rms = 4.9423/4.9436, sse=859635.9/858437.9, time step reduction 1 of 3 to 0.250  0 1 1
017: dt: 0.5000, sse=859635.9, rms=4.942 (0.025%)
018: dt: 0.2500, sse=706858.9, rms=4.279 (13.429%)
019: dt: 0.2500, sse=673448.7, rms=4.119 (3.720%)
rms = 4.1729/4.1195, sse=685398.8/673448.7, time step reduction 2 of 3 to 0.125  0 1 1
   RMS increased, rejecting step
020: dt: 0.1250, sse=636683.4, rms=3.940 (4.368%)
021: dt: 0.1250, sse=591140.1, rms=3.703 (6.010%)
022: dt: 0.1250, sse=571666.4, rms=3.597 (2.869%)
rms = 3.5637/3.5966, sse=565906.0/571666.4, time step reduction 3 of 3 to 0.062  0 0 1
023: dt: 0.1250, sse=565906.0, rms=3.564 (0.914%)
  maximum number of reductions reached, breaking from loop
positioning took 1.8 minutes
Iteration 1 =========================================
n_averages=8, current_sigma=1
Computing target border values 
Entering MRIScomputeBorderValues_new(): 
  inside_hi   =  94.6316530;
  border_hi   =  62.6844440;
  border_low  =  44.0533290;
  outside_low =  10.0000000;
  outside_hi  =  58.0266650;
  sigma = 1;
  max_thickness = 10;
  step_size=0.5;
  STEP_SIZE=0.1;
  which = 2
  thresh = 0
  flags = 0
  CBVfindFirstPeakD1=0
  CBVfindFirstPeakD2=0
  nvertices=133168
  Gdiag_no=-1
  vno start=0, stop=133168
Replacing 255s with 0s
#SI# sigma=1 had to be increased for 11196 vertices, nripped=5032
mean border=59.0, 1685 (66) missing vertices, mean dist 0.2 [0.2 (%45.2)->0.7 (%54.8))]
%21 local maxima, %33 large gradients and %41 min vals, 0 gradients ignored
nFirstPeakD1 0
MRIScomputeBorderValues_new() finished in 0.0047 min


Averaging target values for 5 iterations...
Positioning Surface: tspring = 0.3, nspring = 0.3, spring = 0, niters = 100 l_repulse = 0, l_surf_repulse = 5, checktol = 0
Positioning pial surface
Entering MRISpositionSurface()
  max_mm = 0.3
  MAX_REDUCTIONS = 2, REDUCTION_PCT = 0.5
  parms->check_tol = 0, niterations = 100
tol=1.0e-04, sigma=1.0, host=dna02, nav=8, nbrs=2, l_surf_repulse=5.000, l_tspring=0.300, l_nspring=0.300, l_intensity=0.200, l_curv=1.000
mom=0.00, dt=0.50
000: dt: 0.0000, sse=838602.1, rms=4.622
rms = 5.1900/4.6223, sse=981697.8/838602.1, time step reduction 1 of 3 to 0.250  0 1 1
   RMS increased, rejecting step
024: dt: 0.2500, sse=726307.5, rms=4.118 (10.921%)
025: dt: 0.2500, sse=709762.6, rms=4.036 (1.982%)
rms = 4.2624/4.0359, sse=757876.0/709762.6, time step reduction 2 of 3 to 0.125  0 1 1
   RMS increased, rejecting step
026: dt: 0.1250, sse=675501.7, rms=3.865 (4.230%)
027: dt: 0.1250, sse=638182.3, rms=3.669 (5.068%)
028: dt: 0.1250, sse=616783.0, rms=3.553 (3.181%)
029: dt: 0.1250, sse=607029.8, rms=3.498 (1.541%)
rms = 3.4842/3.4978, sse=604674.5/607029.8, time step reduction 3 of 3 to 0.062  0 0 1
030: dt: 0.1250, sse=604674.5, rms=3.484 (0.391%)
  maximum number of reductions reached, breaking from loop
positioning took 0.6 minutes
Iteration 2 =========================================
n_averages=4, current_sigma=0.5
Computing target border values 
Entering MRIScomputeBorderValues_new(): 
  inside_hi   =  94.6316530;
  border_hi   =  62.6844440;
  border_low  =  44.0533290;
  outside_low =  10.0000000;
  outside_hi  =  58.0266650;
  sigma = 0.5;
  max_thickness = 10;
  step_size=0.5;
  STEP_SIZE=0.1;
  which = 2
  thresh = 0
  flags = 0
  CBVfindFirstPeakD1=0
  CBVfindFirstPeakD2=0
  nvertices=133168
  Gdiag_no=-1
  vno start=0, stop=133168
Replacing 255s with 0s
#SI# sigma=0.5 had to be increased for 12723 vertices, nripped=5032
mean border=58.6, 2143 (55) missing vertices, mean dist 0.1 [0.2 (%44.3)->0.6 (%55.7))]
%27 local maxima, %26 large gradients and %41 min vals, 0 gradients ignored
nFirstPeakD1 0
MRIScomputeBorderValues_new() finished in 0.0030 min


Averaging target values for 5 iterations...
Positioning Surface: tspring = 0.3, nspring = 0.3, spring = 0, niters = 100 l_repulse = 0, l_surf_repulse = 5, checktol = 0
Positioning pial surface
Entering MRISpositionSurface()
  max_mm = 0.3
  MAX_REDUCTIONS = 2, REDUCTION_PCT = 0.5
  parms->check_tol = 0, niterations = 100
tol=1.0e-04, sigma=0.5, host=dna02, nav=4, nbrs=2, l_surf_repulse=5.000, l_tspring=0.300, l_nspring=0.300, l_intensity=0.200, l_curv=1.000
mom=0.00, dt=0.50
000: dt: 0.0000, sse=663222.4, rms=3.779
rms = 4.8668/3.7793, sse=902339.9/663222.4, time step reduction 1 of 3 to 0.250  0 1 1
   RMS increased, rejecting step
031: dt: 0.2500, sse=619766.6, rms=3.547 (6.158%)
rms = 3.7309/3.5466, sse=653656.1/619766.5, time step reduction 2 of 3 to 0.125  0 1 1
   RMS increased, rejecting step
032: dt: 0.1250, sse=609802.6, rms=3.491 (1.571%)
033: dt: 0.1250, sse=598601.5, rms=3.427 (1.826%)
rms = 3.4199/3.4271, sse=597340.7/598601.5, time step reduction 3 of 3 to 0.062  0 0 1
034: dt: 0.1250, sse=597340.7, rms=3.420 (0.211%)
  maximum number of reductions reached, breaking from loop
positioning took 0.4 minutes
Iteration 3 =========================================
n_averages=2, current_sigma=0.25
Computing target border values 
Entering MRIScomputeBorderValues_new(): 
  inside_hi   =  94.6316530;
  border_hi   =  62.6844440;
  border_low  =  44.0533290;
  outside_low =  10.0000000;
  outside_hi  =  58.0266650;
  sigma = 0.25;
  max_thickness = 10;
  step_size=0.5;
  STEP_SIZE=0.1;
  which = 2
  thresh = 0
  flags = 0
  CBVfindFirstPeakD1=0
  CBVfindFirstPeakD2=0
  nvertices=133168
  Gdiag_no=-1
  vno start=0, stop=133168
Replacing 255s with 0s
#SI# sigma=0.25 had to be increased for 10804 vertices, nripped=5032
mean border=58.1, 5159 (51) missing vertices, mean dist 0.1 [0.2 (%44.3)->0.5 (%55.7))]
%32 local maxima, %21 large gradients and %40 min vals, 0 gradients ignored
nFirstPeakD1 0
MRIScomputeBorderValues_new() finished in 0.0020 min


Averaging target values for 5 iterations...
Positioning Surface: tspring = 0.3, nspring = 0.3, spring = 0, niters = 100 l_repulse = 0, l_surf_repulse = 5, checktol = 0
Positioning pial surface
Entering MRISpositionSurface()
  max_mm = 0.3
  MAX_REDUCTIONS = 2, REDUCTION_PCT = 0.5
  parms->check_tol = 0, niterations = 100
tol=1.0e-04, sigma=0.2, host=dna02, nav=2, nbrs=2, l_surf_repulse=5.000, l_tspring=0.300, l_nspring=0.300, l_intensity=0.200, l_curv=1.000
mom=0.00, dt=0.50
000: dt: 0.0000, sse=627705.2, rms=3.584
rms = 4.7362/3.5837, sse=869899.9/627705.2, time step reduction 1 of 3 to 0.250  0 1 1
   RMS increased, rejecting step
035: dt: 0.2500, sse=594643.1, rms=3.400 (5.135%)
rms = 3.5633/3.3997, sse=622521.8/594643.0, time step reduction 2 of 3 to 0.125  0 1 1
   RMS increased, rejecting step
rms = 3.3563/3.3997, sse=587108.2/594643.0, time step reduction 3 of 3 to 0.062  0 0 1
036: dt: 0.1250, sse=587108.2, rms=3.356 (1.277%)
  maximum number of reductions reached, breaking from loop
positioning took 0.2 minutes
Pinning medial wall to white surface
removing intersecting faces
000: 19 intersecting
001: 16 intersecting
002: 8 intersecting
003: 2 intersecting
step 1 with no progress (num=3, old_num=2)
004: 3 intersecting
step 2 with no progress (num=5, old_num=3)
005: 5 intersecting
step 3 with no progress (num=14, old_num=5)
006: 14 intersecting
step 4 with no progress (num=33, old_num=14)
007: 33 intersecting
008: 31 intersecting
step 1 with no progress (num=36, old_num=31)
009: 36 intersecting
010: 5 intersecting
terminating search with 0 intersecting


Writing output to ../surf/lh.pial.T1
#ET# mris_place_surface  3.54 minutes
#VMPC# mris_place_surfaces VmPeak  2389920
mris_place_surface done
#@# white curv lh Sat Mar  7 09:12:52 CET 2026
cd /out/sourcedata/freesurfer/sub-v1s20x0050275_ses-1/mri
mris_place_surface --curv-map ../surf/lh.white 2 10 ../surf/lh.curv
insurf  ../surf/lh.white, nbrs 2, curvature_avgs 10
writing curvature file ../surf/lh.curv
#@# white area lh Sat Mar  7 09:12:53 CET 2026
cd /out/sourcedata/freesurfer/sub-v1s20x0050275_ses-1/mri
mris_place_surface --area-map ../surf/lh.white ../surf/lh.area
writing curvature file ../surf/lh.area
#@# pial curv lh Sat Mar  7 09:12:54 CET 2026
cd /out/sourcedata/freesurfer/sub-v1s20x0050275_ses-1/mri
mris_place_surface --curv-map ../surf/lh.pial 2 10 ../surf/lh.curv.pial
insurf  ../surf/lh.pial, nbrs 2, curvature_avgs 10
writing curvature file ../surf/lh.curv.pial
#@# pial area lh Sat Mar  7 09:12:56 CET 2026
cd /out/sourcedata/freesurfer/sub-v1s20x0050275_ses-1/mri
mris_place_surface --area-map ../surf/lh.pial ../surf/lh.area.pial
writing curvature file ../surf/lh.area.pial
#@# thickness lh Sat Mar  7 09:12:56 CET 2026
cd /out/sourcedata/freesurfer/sub-v1s20x0050275_ses-1/mri
mris_place_surface --thickness ../surf/lh.white ../surf/lh.pial 20 5 ../surf/lh.thickness
0 of 133168 vertices processed
25000 of 133168 vertices processed
50000 of 133168 vertices processed
75000 of 133168 vertices processed
100000 of 133168 vertices processed
125000 of 133168 vertices processed
0 of 133168 vertices processed
25000 of 133168 vertices processed
50000 of 133168 vertices processed
75000 of 133168 vertices processed
100000 of 133168 vertices processed
125000 of 133168 vertices processed
thickness calculation complete, 294:949 truncations.
57549 vertices at 0 distance
106533 vertices at 1 distance
62904 vertices at 2 distance
23879 vertices at 3 distance
8913 vertices at 4 distance
3607 vertices at 5 distance
1454 vertices at 6 distance
620 vertices at 7 distance
297 vertices at 8 distance
180 vertices at 9 distance
94 vertices at 10 distance
81 vertices at 11 distance
45 vertices at 12 distance
38 vertices at 13 distance
46 vertices at 14 distance
22 vertices at 15 distance
19 vertices at 16 distance
16 vertices at 17 distance
5 vertices at 18 distance
10 vertices at 19 distance
24 vertices at 20 distance
writing curvature file ../surf/lh.thickness
#@# area and vertex vol lh Sat Mar  7 09:13:23 CET 2026
cd /out/sourcedata/freesurfer/sub-v1s20x0050275_ses-1/mri
mris_place_surface --thickness ../surf/lh.white ../surf/lh.pial 20 5 ../surf/lh.thickness
/out/sourcedata/freesurfer/sub-v1s20x0050275_ses-1/surf
mris_calc -o lh.area.mid lh.area add lh.area.pial
Saving result to 'lh.area.mid' (type = MRI_CURV_FILE)                       [ ok ]
mris_calc -o lh.area.mid lh.area.mid div 2
Saving result to 'lh.area.mid' (type = MRI_CURV_FILE)                       [ ok ]
mris_convert --volume sub-v1s20x0050275_ses-1 lh /out/sourcedata/freesurfer/sub-v1s20x0050275_ses-1/surf/lh.volume
masking with /out/sourcedata/freesurfer/sub-v1s20x0050275_ses-1/label/lh.cortex.label
Total face volume 240981
Total vertex volume 240720 (mask=0)
#@# sub-v1s20x0050275_ses-1 lh 240720
 
vertexvol Done

#-----------------------------------------
#@# Curvature Stats lh Sat Mar  7 09:13:25 CET 2026
/out/sourcedata/freesurfer/sub-v1s20x0050275_ses-1/surf

 mris_curvature_stats -m --writeCurvatureFiles -G -o ../stats/lh.curv.stats -F smoothwm sub-v1s20x0050275_ses-1 lh curv sulc 

             Toggling save flag on curvature files                       [ ok ]
                 Outputting results using filestem   [ ../stats/lh.curv.stats ]
             Toggling save flag on curvature files                       [ ok ]
                                   Setting surface [ sub-v1s20x0050275_ses-1/lh.smoothwm ]
                                Reading surface...                       [ ok ]
                                   Setting texture                     [ curv ]
                                Reading texture...                       [ ok ]
                                   Setting texture                     [ sulc ]
                                Reading texture...Gb_filter = 0
                       [ ok ]
      Calculating Discrete Principal Curvatures...
      Determining geometric order for vno faces... [####################] [ ok ]
                      Determining KH curvatures... [####################] [ ok ]
                    Determining k1k2 curvatures... [####################] [ ok ]
                                   deltaViolations                      [ 285 ]
Gb_filter = 0

WARN:    S lookup   min:                          -0.014606
WARN:    S explicit min:                          0.000000	vertex = 448
#-----------------------------------------
#@# Cortical Parc 2 lh Sat Mar  7 09:13:27 CET 2026
/out/sourcedata/freesurfer/sub-v1s20x0050275_ses-1/scripts

 mris_ca_label -l ../label/lh.cortex.label -aseg ../mri/aseg.presurf.mgz -seed 1234 sub-v1s20x0050275_ses-1 lh ../surf/lh.sphere.reg /opt/freesurfer/average/lh.CDaparc.atlas.acfb40.noaparc.i12.2016-08-02.gcs ../label/lh.aparc.a2009s.annot 

setting seed for random number generator to 1234
using ../mri/aseg.presurf.mgz aseg volume to correct midline
7.3.2
  7.3.2
reading atlas from /opt/freesurfer/average/lh.CDaparc.atlas.acfb40.noaparc.i12.2016-08-02.gcs...
reading color table from GCSA file....
average std = 3.0   using min determinant for regularization = 0.088
0 singular and 0 ill-conditioned covariance matrices regularized
input 0: MEAN CURVATURE, flags 0, avgs 5, name mean_curvature
labeling surface...
5 labels changed using aseg
relabeling using gibbs priors...
000:   8918 changed, 133168 examined...
001:   2058 changed, 34591 examined...
002:    594 changed, 10698 examined...
003:    270 changed, 3457 examined...
004:    126 changed, 1582 examined...
005:     60 changed, 720 examined...
006:     40 changed, 373 examined...
007:     15 changed, 219 examined...
008:      7 changed, 90 examined...
009:      8 changed, 43 examined...
010:      7 changed, 45 examined...
011:      6 changed, 40 examined...
012:      3 changed, 32 examined...
013:      4 changed, 16 examined...
014:      1 changed, 18 examined...
015:      0 changed, 7 examined...
6 labels changed using aseg
000: 234 total segments, 148 labels (1860 vertices) changed
001: 96 total segments, 11 labels (20 vertices) changed
002: 85 total segments, 0 labels (0 vertices) changed
10 filter iterations complete (10 requested, 29 changed)
rationalizing unknown annotations with cortex label
relabeling Medial_wall label...
1168 vertices marked for relabeling...
1168 labels changed in reclassification.
writing output to ../label/lh.aparc.a2009s.annot...
classification took 0 minutes and 13 seconds.
#-----------------------------------------
#@# Cortical Parc 3 lh Sat Mar  7 09:13:40 CET 2026
/out/sourcedata/freesurfer/sub-v1s20x0050275_ses-1/scripts

 mris_ca_label -l ../label/lh.cortex.label -aseg ../mri/aseg.presurf.mgz -seed 1234 sub-v1s20x0050275_ses-1 lh ../surf/lh.sphere.reg /opt/freesurfer/average/lh.DKTaparc.atlas.acfb40.noaparc.i12.2016-08-02.gcs ../label/lh.aparc.DKTatlas.annot 

setting seed for random number generator to 1234
using ../mri/aseg.presurf.mgz aseg volume to correct midline
7.3.2
  7.3.2
reading atlas from /opt/freesurfer/average/lh.DKTaparc.atlas.acfb40.noaparc.i12.2016-08-02.gcs...
reading color table from GCSA file....
average std = 1.4   using min determinant for regularization = 0.020
0 singular and 383 ill-conditioned covariance matrices regularized
input 0: MEAN CURVATURE, flags 0, avgs 5, name mean_curvature
labeling surface...
1377 labels changed using aseg
relabeling using gibbs priors...
000:   1935 changed, 133168 examined...
001:    438 changed, 9079 examined...
002:    111 changed, 2555 examined...
003:     54 changed, 705 examined...
004:     31 changed, 298 examined...
005:     22 changed, 167 examined...
006:     17 changed, 109 examined...
007:     10 changed, 94 examined...
008:      8 changed, 54 examined...
009:      8 changed, 40 examined...
010:      4 changed, 44 examined...
011:      3 changed, 22 examined...
012:      1 changed, 19 examined...
013:      1 changed, 7 examined...
014:      0 changed, 6 examined...
237 labels changed using aseg
000: 51 total segments, 18 labels (456 vertices) changed
001: 33 total segments, 0 labels (0 vertices) changed
10 filter iterations complete (10 requested, 7 changed)
rationalizing unknown annotations with cortex label
relabeling unknown label...
relabeling corpuscallosum label...
715 vertices marked for relabeling...
715 labels changed in reclassification.
writing output to ../label/lh.aparc.DKTatlas.annot...
classification took 0 minutes and 9 seconds.
#-----------------------------------------
#@# WM/GM Contrast lh Sat Mar  7 09:13:49 CET 2026
/out/sourcedata/freesurfer/sub-v1s20x0050275_ses-1/scripts

 pctsurfcon --s sub-v1s20x0050275_ses-1 --lh-only 

Log file is /out/sourcedata/freesurfer/sub-v1s20x0050275_ses-1/scripts/pctsurfcon.log
Sat Mar  7 09:13:49 CET 2026
setenv SUBJECTS_DIR /out/sourcedata/freesurfer
cd /out/sourcedata/freesurfer/sub-v1s20x0050275_ses-1/scripts
/opt/freesurfer/bin/pctsurfcon
pctsurfcon 7.3.2
Linux dna024 5.14.0-427.37.1.el9_4.x86_64 #1 SMP PREEMPT_DYNAMIC Fri Sep 13 12:41:50 EDT 2024 x86_64 x86_64 x86_64 GNU/Linux
FREESURFER_HOME /opt/freesurfer
mri_vol2surf --mov /out/sourcedata/freesurfer/sub-v1s20x0050275_ses-1/mri/rawavg.mgz --hemi lh --noreshape --interp trilinear --projdist -1 --o /out/sourcedata/freesurfer/sub-v1s20x0050275_ses-1/surf/tmp.pctsurfcon.515223/lh.wm.mgh --regheader sub-v1s20x0050275_ses-1 --cortex
srcvol = /out/sourcedata/freesurfer/sub-v1s20x0050275_ses-1/mri/rawavg.mgz
srcreg unspecified
srcregold = 0
srcwarp unspecified
surf = white
hemi = lh
ProjDist = -1
reshape = 0
interp = trilinear
float2int = round
GetProjMax = 0
INFO: float2int code = 0
Done loading volume
Computing registration from header.
  Using /out/sourcedata/freesurfer/sub-v1s20x0050275_ses-1/mri/orig.mgz as target reference.
-------- original matrix -----------
-1.00000   0.00000   0.00000   0.00003;
 0.00000   0.00000   1.00000   0.00000;
 0.00000  -1.00000   0.00000   0.00002;
 0.00000   0.00000   0.00000   1.00000;
-------- original matrix -----------
Loading label /out/sourcedata/freesurfer/sub-v1s20x0050275_ses-1/label/lh.cortex.label
Reading surface /out/sourcedata/freesurfer/sub-v1s20x0050275_ses-1/surf/lh.white
Done reading source surface
Mapping Source Volume onto Source Subject Surface
Projecting -1 -1 1
 1 -1 -1 -1
using old
Done mapping volume to surface
Number of source voxels hit = 65865
Masking with /out/sourcedata/freesurfer/sub-v1s20x0050275_ses-1/label/lh.cortex.label
Writing to /out/sourcedata/freesurfer/sub-v1s20x0050275_ses-1/surf/tmp.pctsurfcon.515223/lh.wm.mgh
Dim: 133168 1 1
mri_vol2surf --mov /out/sourcedata/freesurfer/sub-v1s20x0050275_ses-1/mri/rawavg.mgz --hemi lh --noreshape --interp trilinear --o /out/sourcedata/freesurfer/sub-v1s20x0050275_ses-1/surf/tmp.pctsurfcon.515223/lh.gm.mgh --projfrac 0.3 --regheader sub-v1s20x0050275_ses-1 --cortex
srcvol = /out/sourcedata/freesurfer/sub-v1s20x0050275_ses-1/mri/rawavg.mgz
srcreg unspecified
srcregold = 0
srcwarp unspecified
surf = white
hemi = lh
ProjFrac = 0.3
thickness = thickness
reshape = 0
interp = trilinear
float2int = round
GetProjMax = 0
INFO: float2int code = 0
Done loading volume
Computing registration from header.
  Using /out/sourcedata/freesurfer/sub-v1s20x0050275_ses-1/mri/orig.mgz as target reference.
-------- original matrix -----------
-1.00000   0.00000   0.00000   0.00003;
 0.00000   0.00000   1.00000   0.00000;
 0.00000  -1.00000   0.00000   0.00002;
 0.00000   0.00000   0.00000   1.00000;
-------- original matrix -----------
Loading label /out/sourcedata/freesurfer/sub-v1s20x0050275_ses-1/label/lh.cortex.label
Reading surface /out/sourcedata/freesurfer/sub-v1s20x0050275_ses-1/surf/lh.white
Done reading source surface
Reading thickness /out/sourcedata/freesurfer/sub-v1s20x0050275_ses-1/surf/lh.thickness
Done
Mapping Source Volume onto Source Subject Surface
Projecting 0.3 0.3 1
 1 0.3 0.3 0.3
using old
Done mapping volume to surface
Number of source voxels hit = 76354
Masking with /out/sourcedata/freesurfer/sub-v1s20x0050275_ses-1/label/lh.cortex.label
Writing to /out/sourcedata/freesurfer/sub-v1s20x0050275_ses-1/surf/tmp.pctsurfcon.515223/lh.gm.mgh
Dim: 133168 1 1
mri_concat /out/sourcedata/freesurfer/sub-v1s20x0050275_ses-1/surf/tmp.pctsurfcon.515223/lh.wm.mgh /out/sourcedata/freesurfer/sub-v1s20x0050275_ses-1/surf/tmp.pctsurfcon.515223/lh.gm.mgh --paired-diff-norm --mul 100 --o /out/sourcedata/freesurfer/sub-v1s20x0050275_ses-1/surf/lh.w-g.pct.mgh
ninputs = 2
Checking inputs
nframestot = 2
Allocing output
Done allocing
Combining pairs
nframes = 1
Multiplying by 100.000000
Writing to /out/sourcedata/freesurfer/sub-v1s20x0050275_ses-1/surf/lh.w-g.pct.mgh
mri_segstats --in /out/sourcedata/freesurfer/sub-v1s20x0050275_ses-1/surf/lh.w-g.pct.mgh --annot sub-v1s20x0050275_ses-1 lh aparc --sum /out/sourcedata/freesurfer/sub-v1s20x0050275_ses-1/stats/lh.w-g.pct.stats --snr

7.3.2
cwd 
cmdline mri_segstats --in /out/sourcedata/freesurfer/sub-v1s20x0050275_ses-1/surf/lh.w-g.pct.mgh --annot sub-v1s20x0050275_ses-1 lh aparc --sum /out/sourcedata/freesurfer/sub-v1s20x0050275_ses-1/stats/lh.w-g.pct.stats --snr 
sysname  Linux
hostname dna024
machine  x86_64
user     oesteban
whitesurfname  white
UseRobust  0
Constructing seg from annotation

Reading annotation /out/sourcedata/freesurfer/sub-v1s20x0050275_ses-1/label/lh.aparc.annot
Seg base 1000
Loading /out/sourcedata/freesurfer/sub-v1s20x0050275_ses-1/surf/lh.w-g.pct.mgh
Vertex Area is 0.68287 mm^3
Generating list of segmentation ids
Found  36 segmentations
Computing statistics for each segmentation

Reporting on  35 segmentations
Using PrintSegStat
mri_segstats done
Cleaning up

Started at Sat Mar 7 08:50:49 CET 2026 
Ended   at Sat Mar 7 09:13:53 CET 2026
#@#%# recon-all-run-time-hours 0.384
recon-all -s sub-v1s20x0050275_ses-1 finished without error at Sat Mar  7 09:13:53 CET 2026



#New# invocation of recon-all 




Sat Mar  7 09:44:03 CET 2026
cd /out/sourcedata/freesurfer/sub-v1s20x0050275_ses-1
setenv SUBJECTS_DIR /out/sourcedata/freesurfer
/opt/freesurfer/bin/recon-all -autorecon-hemi lh -nohyporelabel -lh-only -openmp 16 -subjid sub-v1s20x0050275_ses-1 -sd /out/sourcedata/freesurfer -notessellate -nosmooth1 -noinflate1 -noqsphere -nofix -nowhite -nosmooth2 -noinflate2 -nocurvHK -nocurvstats -nosphere -nosurfreg -nojacobian_white -noavgcurv -nocortparc -nopial -nocortparc2 -nocortparc3 -nopctsurfcon

subjid sub-v1s20x0050275_ses-1
setenv SUBJECTS_DIR /out/sourcedata/freesurfer
FREESURFER_HOME /opt/freesurfer
Actual FREESURFER_HOME /opt/freesurfer
build-stamp.txt: freesurfer-linux-ubuntu22_x86_64-7.3.2-20220804-6354275
Linux dna024 5.14.0-427.37.1.el9_4.x86_64 #1 SMP PREEMPT_DYNAMIC Fri Sep 13 12:41:50 EDT 2024 x86_64 x86_64 x86_64 GNU/Linux
cputime      unlimited
filesize     unlimited
datasize     unlimited
stacksize    8192 kbytes
coredumpsize 0 kbytes
memoryuse    67108864 kbytes
vmemoryuse   unlimited
descriptors  1024 
memorylocked unlimited
maxproc      2061970 
maxlocks     unlimited
maxsignal    4126352 
maxmessage   819200 
maxnice      0 
maxrtprio    0 
maxrttime    unlimited

               total        used        free      shared  buff/cache   available
Mem:           1.0Ti        51Gi       579Gi        43Gi       375Gi       906Gi
Swap:             0B          0B          0B

########################################
program versions used
7.3.2 (freesurfer-linux-ubuntu22_x86_64-7.3.2-20220804-6354275)
7.3.2

ProgramName: lta_convert  ProgramArguments: lta_convert -all-info  ProgramVersion: 7.3.2  TimeStamp: 2026/03/07-08:44:03-GMT  BuildTime: Aug  4 2022 06:17:15  BuildStamp: freesurfer-linux-ubuntu22_x86_64-7.3.2-20220804-6354275  User: oesteban  Machine: dna024  Platform: Linux  PlatformVersion: 5.14.0-427.37.1.el9_4.x86_64  CompilerName: GCC  CompilerVersion: 8.4.0
ProgramName: mri_and  ProgramArguments: mri_and -all-info  ProgramVersion: 7.3.2  TimeStamp: 2026/03/07-08:44:03-GMT  BuildTime: Aug  4 2022 06:17:15  BuildStamp: freesurfer-linux-ubuntu22_x86_64-7.3.2-20220804-6354275  User: oesteban  Machine: dna024  Platform: Linux  PlatformVersion: 5.14.0-427.37.1.el9_4.x86_64  CompilerName: GCC  CompilerVersion: 8.4.0
ProgramName: mri_annotation2label  ProgramArguments: mri_annotation2label -all-info  ProgramVersion: 7.3.2  TimeStamp: 2026/03/07-08:44:03-GMT  BuildTime: Aug  4 2022 06:17:15  BuildStamp: freesurfer-linux-ubuntu22_x86_64-7.3.2-20220804-6354275  User: oesteban  Machine: dna024  Platform: Linux  PlatformVersion: 5.14.0-427.37.1.el9_4.x86_64  CompilerName: GCC  CompilerVersion: 8.4.0
ProgramName: mri_aparc2aseg  ProgramArguments: mri_aparc2aseg -all-info  ProgramVersion: 7.3.2  TimeStamp: 2026/03/07-08:44:03-GMT  BuildTime: Aug  4 2022 06:17:15  BuildStamp: freesurfer-linux-ubuntu22_x86_64-7.3.2-20220804-6354275  User: oesteban  Machine: dna024  Platform: Linux  PlatformVersion: 5.14.0-427.37.1.el9_4.x86_64  CompilerName: GCC  CompilerVersion: 8.4.0
ProgramName: mri_surf2volseg  ProgramArguments: mri_surf2volseg -all-info  ProgramVersion: 7.3.2  TimeStamp: 2026/03/07-08:44:03-GMT  BuildTime: Aug  4 2022 06:17:15  BuildStamp: freesurfer-linux-ubuntu22_x86_64-7.3.2-20220804-6354275  User: oesteban  Machine: dna024  Platform: Linux  PlatformVersion: 5.14.0-427.37.1.el9_4.x86_64  CompilerName: GCC  CompilerVersion: 8.4.0
ProgramName: mri_binarize  ProgramArguments: mri_binarize -all-info  ProgramVersion: 7.3.2  TimeStamp: 2026/03/07-08:44:03-GMT  BuildTime: Aug  4 2022 06:17:15  BuildStamp: freesurfer-linux-ubuntu22_x86_64-7.3.2-20220804-6354275  User: oesteban  Machine: dna024  Platform: Linux  PlatformVersion: 5.14.0-427.37.1.el9_4.x86_64  CompilerName: GCC  CompilerVersion: 8.4.0
ProgramName: mri_ca_label  ProgramArguments: mri_ca_label -all-info  ProgramVersion: 7.3.2  TimeStamp: 2026/03/07-08:44:03-GMT  BuildTime: Aug  4 2022 06:17:15  BuildStamp: freesurfer-linux-ubuntu22_x86_64-7.3.2-20220804-6354275  User: oesteban  Machine: dna024  Platform: Linux  PlatformVersion: 5.14.0-427.37.1.el9_4.x86_64  CompilerName: GCC  CompilerVersion: 8.4.0
ProgramName: mri_ca_normalize  ProgramArguments: mri_ca_normalize -all-info  ProgramVersion: 7.3.2  TimeStamp: 2026/03/07-08:44:03-GMT  BuildTime: Aug  4 2022 06:17:15  BuildStamp: freesurfer-linux-ubuntu22_x86_64-7.3.2-20220804-6354275  User: oesteban  Machine: dna024  Platform: Linux  PlatformVersion: 5.14.0-427.37.1.el9_4.x86_64  CompilerName: GCC  CompilerVersion: 8.4.0
ProgramName: mri_ca_register  ProgramArguments: mri_ca_register -all-info  ProgramVersion: 7.3.2  TimeStamp: 2026/03/07-08:44:03-GMT  BuildTime: Aug  4 2022 06:17:15  BuildStamp: freesurfer-linux-ubuntu22_x86_64-7.3.2-20220804-6354275  User: oesteban  Machine: dna024  Platform: Linux  PlatformVersion: 5.14.0-427.37.1.el9_4.x86_64  CompilerName: GCC  CompilerVersion: 8.4.0
ProgramName: mri_cc  ProgramArguments: mri_cc -all-info  ProgramVersion: 7.3.2  TimeStamp: 2026/03/07-08:44:03-GMT  BuildTime: Aug  4 2022 06:17:15  BuildStamp: freesurfer-linux-ubuntu22_x86_64-7.3.2-20220804-6354275  User: oesteban  Machine: dna024  Platform: Linux  PlatformVersion: 5.14.0-427.37.1.el9_4.x86_64  CompilerName: GCC  CompilerVersion: 8.4.0
ProgramName: mri_compute_overlap  ProgramArguments: mri_compute_overlap -all-info  ProgramVersion: 7.3.2  TimeStamp: 2026/03/07-08:44:03-GMT  BuildTime: Aug  4 2022 06:17:15  BuildStamp: freesurfer-linux-ubuntu22_x86_64-7.3.2-20220804-6354275  User: oesteban  Machine: dna024  Platform: Linux  PlatformVersion: 5.14.0-427.37.1.el9_4.x86_64  CompilerName: GCC  CompilerVersion: 8.4.0
ProgramName: mri_compute_seg_overlap  ProgramArguments: mri_compute_seg_overlap -all-info  ProgramVersion: 7.3.2  TimeStamp: 2026/03/07-08:44:03-GMT  BuildTime: Aug  4 2022 06:17:15  BuildStamp: freesurfer-linux-ubuntu22_x86_64-7.3.2-20220804-6354275  User: oesteban  Machine: dna024  Platform: Linux  PlatformVersion: 5.14.0-427.37.1.el9_4.x86_64  CompilerName: GCC  CompilerVersion: 8.4.0
ProgramName: mri_concat  ProgramArguments: mri_concat -all-info  ProgramVersion: 7.3.2  TimeStamp: 2026/03/07-08:44:03-GMT  BuildTime: Aug  4 2022 06:17:15  BuildStamp: freesurfer-linux-ubuntu22_x86_64-7.3.2-20220804-6354275  User: oesteban  Machine: dna024  Platform: Linux  PlatformVersion: 5.14.0-427.37.1.el9_4.x86_64  CompilerName: GCC  CompilerVersion: 8.4.0
ProgramName: mri_concatenate_lta  ProgramArguments: mri_concatenate_lta -all-info  ProgramVersion: 7.3.2  TimeStamp: 2026/03/07-08:44:03-GMT  BuildTime: Aug  4 2022 06:17:15  BuildStamp: freesurfer-linux-ubuntu22_x86_64-7.3.2-20220804-6354275  User: oesteban  Machine: dna024  Platform: Linux  PlatformVersion: 5.14.0-427.37.1.el9_4.x86_64  CompilerName: GCC  CompilerVersion: 8.4.0
mri_convert -all-info 
ProgramName: mri_convert  ProgramArguments: mri_convert -all-info  ProgramVersion: 7.3.2  TimeStamp: 2026/03/07-08:44:03-GMT  BuildTime: Aug  4 2022 06:17:15  BuildStamp: freesurfer-linux-ubuntu22_x86_64-7.3.2-20220804-6354275  User: oesteban  Machine: dna024  Platform: Linux  PlatformVersion: 5.14.0-427.37.1.el9_4.x86_64  CompilerName: GCC  CompilerVersion: 8.4.0
ProgramName: mri_diff  ProgramArguments: mri_diff -all-info  ProgramVersion: 7.3.2  TimeStamp: 2026/03/07-08:44:03-GMT  BuildTime: Aug  4 2022 06:17:15  BuildStamp: freesurfer-linux-ubuntu22_x86_64-7.3.2-20220804-6354275  User: oesteban  Machine: dna024  Platform: Linux  PlatformVersion: 5.14.0-427.37.1.el9_4.x86_64  CompilerName: GCC  CompilerVersion: 8.4.0
ProgramName: mri_edit_wm_with_aseg  ProgramArguments: mri_edit_wm_with_aseg -all-info  ProgramVersion: 7.3.2  TimeStamp: 2026/03/07-08:44:03-GMT  BuildTime: Aug  4 2022 06:17:15  BuildStamp: freesurfer-linux-ubuntu22_x86_64-7.3.2-20220804-6354275  User: oesteban  Machine: dna024  Platform: Linux  PlatformVersion: 5.14.0-427.37.1.el9_4.x86_64  CompilerName: GCC  CompilerVersion: 8.4.0
ProgramName: mri_em_register  ProgramArguments: mri_em_register -all-info  ProgramVersion: 7.3.2  TimeStamp: 2026/03/07-08:44:03-GMT  BuildTime: Aug  4 2022 06:17:15  BuildStamp: freesurfer-linux-ubuntu22_x86_64-7.3.2-20220804-6354275  User: oesteban  Machine: dna024  Platform: Linux  PlatformVersion: 5.14.0-427.37.1.el9_4.x86_64  CompilerName: GCC  CompilerVersion: 8.4.0
ProgramName: mri_fill  ProgramArguments: mri_fill -all-info  ProgramVersion: 7.3.2  TimeStamp: 2026/03/07-08:44:03-GMT  BuildTime: Aug  4 2022 06:17:15  BuildStamp: freesurfer-linux-ubuntu22_x86_64-7.3.2-20220804-6354275  User: oesteban  Machine: dna024  Platform: Linux  PlatformVersion: 5.14.0-427.37.1.el9_4.x86_64  CompilerName: GCC  CompilerVersion: 8.4.0
ProgramName: mri_fuse_segmentations  ProgramArguments: mri_fuse_segmentations -all-info  ProgramVersion: 7.3.2  TimeStamp: 2026/03/07-08:44:03-GMT  BuildTime: Aug  4 2022 06:17:15  BuildStamp: freesurfer-linux-ubuntu22_x86_64-7.3.2-20220804-6354275  User: oesteban  Machine: dna024  Platform: Linux  PlatformVersion: 5.14.0-427.37.1.el9_4.x86_64  CompilerName: GCC  CompilerVersion: 8.4.0
ProgramName: mri_fwhm  ProgramArguments: mri_fwhm -all-info  ProgramVersion: 7.3.2  TimeStamp: 2026/03/07-08:44:03-GMT  BuildTime: Aug  4 2022 06:17:15  BuildStamp: freesurfer-linux-ubuntu22_x86_64-7.3.2-20220804-6354275  User: oesteban  Machine: dna024  Platform: Linux  PlatformVersion: 5.14.0-427.37.1.el9_4.x86_64  CompilerName: GCC  CompilerVersion: 8.4.0
ProgramName: mri_gcut  ProgramArguments: mri_gcut -all-info  ProgramVersion: 7.3.2  TimeStamp: 2026/03/07-08:44:03-GMT  BuildTime: Aug  4 2022 06:17:15  BuildStamp: freesurfer-linux-ubuntu22_x86_64-7.3.2-20220804-6354275  User: oesteban  Machine: dna024  Platform: Linux  PlatformVersion: 5.14.0-427.37.1.el9_4.x86_64  CompilerName: GCC  CompilerVersion: 8.4.0
ProgramName: mri_info  ProgramArguments: mri_info -all-info  ProgramVersion: 7.3.2  TimeStamp: 2026/03/07-08:44:03-GMT  BuildTime: Aug  4 2022 06:17:15  BuildStamp: freesurfer-linux-ubuntu22_x86_64-7.3.2-20220804-6354275  User: oesteban  Machine: dna024  Platform: Linux  PlatformVersion: 5.14.0-427.37.1.el9_4.x86_64  CompilerName: GCC  CompilerVersion: 8.4.0
ProgramName: mri_label2label  ProgramArguments: mri_label2label -all-info  ProgramVersion: 7.3.2  TimeStamp: 2026/03/07-08:44:03-GMT  BuildTime: Aug  4 2022 06:17:15  BuildStamp: freesurfer-linux-ubuntu22_x86_64-7.3.2-20220804-6354275  User: oesteban  Machine: dna024  Platform: Linux  PlatformVersion: 5.14.0-427.37.1.el9_4.x86_64  CompilerName: GCC  CompilerVersion: 8.4.0
ProgramName: mri_label2vol  ProgramArguments: mri_label2vol -all-info  ProgramVersion: 7.3.2  TimeStamp: 2026/03/07-08:44:03-GMT  BuildTime: Aug  4 2022 06:17:15  BuildStamp: freesurfer-linux-ubuntu22_x86_64-7.3.2-20220804-6354275  User: oesteban  Machine: dna024  Platform: Linux  PlatformVersion: 5.14.0-427.37.1.el9_4.x86_64  CompilerName: GCC  CompilerVersion: 8.4.0
ProgramName: mri_log_likelihood  ProgramArguments: mri_log_likelihood -all-info  ProgramVersion: 7.3.2  TimeStamp: 2026/03/07-08:44:03-GMT  BuildTime: Aug  4 2022 06:17:15  BuildStamp: freesurfer-linux-ubuntu22_x86_64-7.3.2-20220804-6354275  User: oesteban  Machine: dna024  Platform: Linux  PlatformVersion: 5.14.0-427.37.1.el9_4.x86_64  CompilerName: GCC  CompilerVersion: 8.4.0
ProgramName: mri_mask  ProgramArguments: mri_mask -all-info  ProgramVersion: 7.3.2  TimeStamp: 2026/03/07-08:44:03-GMT  BuildTime: Aug  4 2022 06:17:15  BuildStamp: freesurfer-linux-ubuntu22_x86_64-7.3.2-20220804-6354275  User: oesteban  Machine: dna024  Platform: Linux  PlatformVersion: 5.14.0-427.37.1.el9_4.x86_64  CompilerName: GCC  CompilerVersion: 8.4.0
ProgramName: mri_matrix_multiply  ProgramArguments: mri_matrix_multiply -all-info  ProgramVersion: 7.3.2  TimeStamp: 2026/03/07-08:44:03-GMT  BuildTime: Aug  4 2022 06:17:15  BuildStamp: freesurfer-linux-ubuntu22_x86_64-7.3.2-20220804-6354275  User: oesteban  Machine: dna024  Platform: Linux  PlatformVersion: 5.14.0-427.37.1.el9_4.x86_64  CompilerName: GCC  CompilerVersion: 8.4.0
ProgramName: mri_normalize  ProgramArguments: mri_normalize -all-info  ProgramVersion: 7.3.2  TimeStamp: 2026/03/07-08:44:03-GMT  BuildTime: Aug  4 2022 06:17:15  BuildStamp: freesurfer-linux-ubuntu22_x86_64-7.3.2-20220804-6354275  User: oesteban  Machine: dna024  Platform: Linux  PlatformVersion: 5.14.0-427.37.1.el9_4.x86_64  CompilerName: GCC  CompilerVersion: 8.4.0
ProgramName: mri_normalize_tp2  ProgramArguments: mri_normalize_tp2 -all-info  ProgramVersion: 7.3.2  TimeStamp: 2026/03/07-08:44:03-GMT  BuildTime: Aug  4 2022 06:17:15  BuildStamp: freesurfer-linux-ubuntu22_x86_64-7.3.2-20220804-6354275  User: oesteban  Machine: dna024  Platform: Linux  PlatformVersion: 5.14.0-427.37.1.el9_4.x86_64  CompilerName: GCC  CompilerVersion: 8.4.0
ProgramName: mri_or  ProgramArguments: mri_or -all-info  ProgramVersion: 7.3.2  TimeStamp: 2026/03/07-08:44:03-GMT  BuildTime: Aug  4 2022 06:17:15  BuildStamp: freesurfer-linux-ubuntu22_x86_64-7.3.2-20220804-6354275  User: oesteban  Machine: dna024  Platform: Linux  PlatformVersion: 5.14.0-427.37.1.el9_4.x86_64  CompilerName: GCC  CompilerVersion: 8.4.0
ProgramName: mri_relabel_hypointensities  ProgramArguments: mri_relabel_hypointensities -all-info  ProgramVersion: 7.3.2  TimeStamp: 2026/03/07-08:44:03-GMT  BuildTime: Aug  4 2022 06:17:15  BuildStamp: freesurfer-linux-ubuntu22_x86_64-7.3.2-20220804-6354275  User: oesteban  Machine: dna024  Platform: Linux  PlatformVersion: 5.14.0-427.37.1.el9_4.x86_64  CompilerName: GCC  CompilerVersion: 8.4.0
ProgramName: mri_relabel_nonwm_hypos  ProgramArguments: mri_relabel_nonwm_hypos -all-info  ProgramVersion: 7.3.2  TimeStamp: 2026/03/07-08:44:03-GMT  BuildTime: Aug  4 2022 06:17:15  BuildStamp: freesurfer-linux-ubuntu22_x86_64-7.3.2-20220804-6354275  User: oesteban  Machine: dna024  Platform: Linux  PlatformVersion: 5.14.0-427.37.1.el9_4.x86_64  CompilerName: GCC  CompilerVersion: 8.4.0
ProgramName: mri_remove_neck  ProgramArguments: mri_remove_neck -all-info  ProgramVersion: 7.3.2  TimeStamp: 2026/03/07-08:44:03-GMT  BuildTime: Aug  4 2022 06:17:15  BuildStamp: freesurfer-linux-ubuntu22_x86_64-7.3.2-20220804-6354275  User: oesteban  Machine: dna024  Platform: Linux  PlatformVersion: 5.14.0-427.37.1.el9_4.x86_64  CompilerName: GCC  CompilerVersion: 8.4.0
7.3.2

ProgramName: mri_robust_register  ProgramArguments: mri_robust_register -all-info  ProgramVersion: 7.3.2  TimeStamp: 2026/03/07-08:44:03-GMT  BuildTime: Aug  4 2022 06:17:15  BuildStamp: freesurfer-linux-ubuntu22_x86_64-7.3.2-20220804-6354275  User: oesteban  Machine: dna024  Platform: Linux  PlatformVersion: 5.14.0-427.37.1.el9_4.x86_64  CompilerName: GCC  CompilerVersion: 8.4.0
7.3.2

ProgramName: mri_robust_template  ProgramArguments: mri_robust_template -all-info  ProgramVersion: 7.3.2  TimeStamp: 2026/03/07-08:44:03-GMT  BuildTime: Aug  4 2022 06:17:15  BuildStamp: freesurfer-linux-ubuntu22_x86_64-7.3.2-20220804-6354275  User: oesteban  Machine: dna024  Platform: Linux  PlatformVersion: 5.14.0-427.37.1.el9_4.x86_64  CompilerName: GCC  CompilerVersion: 8.4.0
ProgramName: mris_anatomical_stats  ProgramArguments: mris_anatomical_stats -all-info  ProgramVersion: 7.3.2  TimeStamp: 2026/03/07-08:44:03-GMT  BuildTime: Aug  4 2022 06:17:15  BuildStamp: freesurfer-linux-ubuntu22_x86_64-7.3.2-20220804-6354275  User: oesteban  Machine: dna024  Platform: Linux  PlatformVersion: 5.14.0-427.37.1.el9_4.x86_64  CompilerName: GCC  CompilerVersion: 8.4.0
ProgramName: mris_ca_label  ProgramArguments: mris_ca_label -all-info  ProgramVersion: 7.3.2  TimeStamp: 2026/03/07-08:44:03-GMT  BuildTime: Aug  4 2022 06:17:15  BuildStamp: freesurfer-linux-ubuntu22_x86_64-7.3.2-20220804-6354275  User: oesteban  Machine: dna024  Platform: Linux  PlatformVersion: 5.14.0-427.37.1.el9_4.x86_64  CompilerName: GCC  CompilerVersion: 8.4.0
ProgramName: mris_calc  ProgramArguments: mris_calc -all-info  ProgramVersion: 7.3.2  TimeStamp: 2026/03/07-08:44:03-GMT  BuildTime: Aug  4 2022 06:17:15  BuildStamp: freesurfer-linux-ubuntu22_x86_64-7.3.2-20220804-6354275  User: oesteban  Machine: dna024  Platform: Linux  PlatformVersion: 5.14.0-427.37.1.el9_4.x86_64  CompilerName: GCC  CompilerVersion: 8.4.0
ProgramName: mris_convert  ProgramArguments: mris_convert -all-info  ProgramVersion: 7.3.2  TimeStamp: 2026/03/07-08:44:03-GMT  BuildTime: Aug  4 2022 06:17:15  BuildStamp: freesurfer-linux-ubuntu22_x86_64-7.3.2-20220804-6354275  User: oesteban  Machine: dna024  Platform: Linux  PlatformVersion: 5.14.0-427.37.1.el9_4.x86_64  CompilerName: GCC  CompilerVersion: 8.4.0
ProgramName: mris_curvature  ProgramArguments: mris_curvature -all-info  ProgramVersion: 7.3.2  TimeStamp: 2026/03/07-08:44:03-GMT  BuildTime: Aug  4 2022 06:17:15  BuildStamp: freesurfer-linux-ubuntu22_x86_64-7.3.2-20220804-6354275  User: oesteban  Machine: dna024  Platform: Linux  PlatformVersion: 5.14.0-427.37.1.el9_4.x86_64  CompilerName: GCC  CompilerVersion: 8.4.0
ProgramName: mris_curvature_stats  ProgramArguments: mris_curvature_stats -all-info  ProgramVersion: 7.3.2  TimeStamp: 2026/03/07-08:44:03-GMT  BuildTime: Aug  4 2022 06:17:15  BuildStamp: freesurfer-linux-ubuntu22_x86_64-7.3.2-20220804-6354275  User: oesteban  Machine: dna024  Platform: Linux  PlatformVersion: 5.14.0-427.37.1.el9_4.x86_64  CompilerName: GCC  CompilerVersion: 8.4.0
ProgramName: mris_diff  ProgramArguments: mris_diff -all-info  ProgramVersion: 7.3.2  TimeStamp: 2026/03/07-08:44:03-GMT  BuildTime: Aug  4 2022 06:17:15  BuildStamp: freesurfer-linux-ubuntu22_x86_64-7.3.2-20220804-6354275  User: oesteban  Machine: dna024  Platform: Linux  PlatformVersion: 5.14.0-427.37.1.el9_4.x86_64  CompilerName: GCC  CompilerVersion: 8.4.0
ProgramName: mris_divide_parcellation  ProgramArguments: mris_divide_parcellation -all-info  ProgramVersion: 7.3.2  TimeStamp: 2026/03/07-08:44:03-GMT  BuildTime: Aug  4 2022 06:17:15  BuildStamp: freesurfer-linux-ubuntu22_x86_64-7.3.2-20220804-6354275  User: oesteban  Machine: dna024  Platform: Linux  PlatformVersion: 5.14.0-427.37.1.el9_4.x86_64  CompilerName: GCC  CompilerVersion: 8.4.0
ProgramName: mri_segment  ProgramArguments: mri_segment -all-info  ProgramVersion: 7.3.2  TimeStamp: 2026/03/07-08:44:03-GMT  BuildTime: Aug  4 2022 06:17:15  BuildStamp: freesurfer-linux-ubuntu22_x86_64-7.3.2-20220804-6354275  User: oesteban  Machine: dna024  Platform: Linux  PlatformVersion: 5.14.0-427.37.1.el9_4.x86_64  CompilerName: GCC  CompilerVersion: 8.4.0
ProgramName: mri_segstats  ProgramArguments: mri_segstats -all-info  ProgramVersion: 7.3.2  TimeStamp: 2026/03/07-08:44:03-GMT  BuildTime: Aug  4 2022 06:17:15  BuildStamp: freesurfer-linux-ubuntu22_x86_64-7.3.2-20220804-6354275  User: oesteban  Machine: dna024  Platform: Linux  PlatformVersion: 5.14.0-427.37.1.el9_4.x86_64  CompilerName: GCC  CompilerVersion: 8.4.0
ProgramName: mris_euler_number  ProgramArguments: mris_euler_number -all-info  ProgramVersion: 7.3.2  TimeStamp: 2026/03/07-08:44:03-GMT  BuildTime: Aug  4 2022 06:17:15  BuildStamp: freesurfer-linux-ubuntu22_x86_64-7.3.2-20220804-6354275  User: oesteban  Machine: dna024  Platform: Linux  PlatformVersion: 5.14.0-427.37.1.el9_4.x86_64  CompilerName: GCC  CompilerVersion: 8.4.0
ProgramName: mris_fix_topology  ProgramArguments: mris_fix_topology -all-info  ProgramVersion: 7.3.2  TimeStamp: 2026/03/07-08:44:03-GMT  BuildTime: Aug  4 2022 06:17:15  BuildStamp: freesurfer-linux-ubuntu22_x86_64-7.3.2-20220804-6354275  User: oesteban  Machine: dna024  Platform: Linux  PlatformVersion: 5.14.0-427.37.1.el9_4.x86_64  CompilerName: GCC  CompilerVersion: 8.4.0
ProgramName: mris_topo_fixer  ProgramArguments: mris_topo_fixer -all-info  ProgramVersion: 7.3.2  TimeStamp: 2026/03/07-08:44:03-GMT  BuildTime: Aug  4 2022 06:17:15  BuildStamp: freesurfer-linux-ubuntu22_x86_64-7.3.2-20220804-6354275  User: oesteban  Machine: dna024  Platform: Linux  PlatformVersion: 5.14.0-427.37.1.el9_4.x86_64  CompilerName: GCC  CompilerVersion: 8.4.0
ProgramName: mris_jacobian  ProgramArguments: mris_jacobian -all-info  ProgramVersion: 7.3.2  TimeStamp: 2026/03/07-08:44:03-GMT  BuildTime: Aug  4 2022 06:17:15  BuildStamp: freesurfer-linux-ubuntu22_x86_64-7.3.2-20220804-6354275  User: oesteban  Machine: dna024  Platform: Linux  PlatformVersion: 5.14.0-427.37.1.el9_4.x86_64  CompilerName: GCC  CompilerVersion: 8.4.0
ProgramName: mris_label2annot  ProgramArguments: mris_label2annot -all-info  ProgramVersion: 7.3.2  TimeStamp: 2026/03/07-08:44:03-GMT  BuildTime: Aug  4 2022 06:17:15  BuildStamp: freesurfer-linux-ubuntu22_x86_64-7.3.2-20220804-6354275  User: oesteban  Machine: dna024  Platform: Linux  PlatformVersion: 5.14.0-427.37.1.el9_4.x86_64  CompilerName: GCC  CompilerVersion: 8.4.0
ProgramName: mris_left_right_register  ProgramArguments: mris_left_right_register -all-info  ProgramVersion: 7.3.2  TimeStamp: 2026/03/07-08:44:03-GMT  BuildTime: Aug  4 2022 06:17:15  BuildStamp: freesurfer-linux-ubuntu22_x86_64-7.3.2-20220804-6354275  User: oesteban  Machine: dna024  Platform: Linux  PlatformVersion: 5.14.0-427.37.1.el9_4.x86_64  CompilerName: GCC  CompilerVersion: 8.4.0
ProgramName: mris_place_surface  ProgramArguments: mris_place_surface -all-info  ProgramVersion: 7.3.2  TimeStamp: 2026/03/07-08:44:03-GMT  BuildTime: Aug  4 2022 06:17:15  BuildStamp: freesurfer-linux-ubuntu22_x86_64-7.3.2-20220804-6354275  User: oesteban  Machine: dna024  Platform: Linux  PlatformVersion: 5.14.0-427.37.1.el9_4.x86_64  CompilerName: GCC  CompilerVersion: 8.4.0
ProgramName: mrisp_paint  ProgramArguments: mrisp_paint -all-info  ProgramVersion: 7.3.2  TimeStamp: 2026/03/07-08:44:03-GMT  BuildTime: Aug  4 2022 06:17:15  BuildStamp: freesurfer-linux-ubuntu22_x86_64-7.3.2-20220804-6354275  User: oesteban  Machine: dna024  Platform: Linux  PlatformVersion: 5.14.0-427.37.1.el9_4.x86_64  CompilerName: GCC  CompilerVersion: 8.4.0
ProgramName: mris_register  ProgramArguments: mris_register -all-info  ProgramVersion: 7.3.2  TimeStamp: 2026/03/07-08:44:03-GMT  BuildTime: Aug  4 2022 06:17:15  BuildStamp: freesurfer-linux-ubuntu22_x86_64-7.3.2-20220804-6354275  User: oesteban  Machine: dna024  Platform: Linux  PlatformVersion: 5.14.0-427.37.1.el9_4.x86_64  CompilerName: GCC  CompilerVersion: 8.4.0
ProgramName: mris_smooth  ProgramArguments: mris_smooth -all-info  ProgramVersion: 7.3.2  TimeStamp: 2026/03/07-08:44:03-GMT  BuildTime: Aug  4 2022 06:17:15  BuildStamp: freesurfer-linux-ubuntu22_x86_64-7.3.2-20220804-6354275  User: oesteban  Machine: dna024  Platform: Linux  PlatformVersion: 5.14.0-427.37.1.el9_4.x86_64  CompilerName: GCC  CompilerVersion: 8.4.0
ProgramName: mris_sphere  ProgramArguments: mris_sphere -all-info  ProgramVersion: 7.3.2  TimeStamp: 2026/03/07-08:44:03-GMT  BuildTime: Aug  4 2022 06:17:15  BuildStamp: freesurfer-linux-ubuntu22_x86_64-7.3.2-20220804-6354275  User: oesteban  Machine: dna024  Platform: Linux  PlatformVersion: 5.14.0-427.37.1.el9_4.x86_64  CompilerName: GCC  CompilerVersion: 8.4.0
ProgramName: mris_surface_stats  ProgramArguments: mris_surface_stats -all-info  ProgramVersion: 7.3.2  TimeStamp: 2026/03/07-08:44:03-GMT  BuildTime: Aug  4 2022 06:17:15  BuildStamp: freesurfer-linux-ubuntu22_x86_64-7.3.2-20220804-6354275  User: oesteban  Machine: dna024  Platform: Linux  PlatformVersion: 5.14.0-427.37.1.el9_4.x86_64  CompilerName: GCC  CompilerVersion: 8.4.0
ProgramName: mri_stats2seg  ProgramArguments: mri_stats2seg -all-info  ProgramVersion: 7.3.2  TimeStamp: 2026/03/07-08:44:03-GMT  BuildTime: Aug  4 2022 06:17:15  BuildStamp: freesurfer-linux-ubuntu22_x86_64-7.3.2-20220804-6354275  User: oesteban  Machine: dna024  Platform: Linux  PlatformVersion: 5.14.0-427.37.1.el9_4.x86_64  CompilerName: GCC  CompilerVersion: 8.4.0
ProgramName: mris_thickness  ProgramArguments: mris_thickness -all-info  ProgramVersion: 7.3.2  TimeStamp: 2026/03/07-08:44:03-GMT  BuildTime: Aug  4 2022 06:17:15  BuildStamp: freesurfer-linux-ubuntu22_x86_64-7.3.2-20220804-6354275  User: oesteban  Machine: dna024  Platform: Linux  PlatformVersion: 5.14.0-427.37.1.el9_4.x86_64  CompilerName: GCC  CompilerVersion: 8.4.0
ProgramName: mris_thickness_diff  ProgramArguments: mris_thickness_diff -all-info  ProgramVersion: 7.3.2  TimeStamp: 2026/03/07-08:44:03-GMT  BuildTime: Aug  4 2022 06:17:15  BuildStamp: freesurfer-linux-ubuntu22_x86_64-7.3.2-20220804-6354275  User: oesteban  Machine: dna024  Platform: Linux  PlatformVersion: 5.14.0-427.37.1.el9_4.x86_64  CompilerName: GCC  CompilerVersion: 8.4.0
ProgramName: mris_topo_fixer  ProgramArguments: mris_topo_fixer -all-info  ProgramVersion: 7.3.2  TimeStamp: 2026/03/07-08:44:03-GMT  BuildTime: Aug  4 2022 06:17:15  BuildStamp: freesurfer-linux-ubuntu22_x86_64-7.3.2-20220804-6354275  User: oesteban  Machine: dna024  Platform: Linux  PlatformVersion: 5.14.0-427.37.1.el9_4.x86_64  CompilerName: GCC  CompilerVersion: 8.4.0
ProgramName: mri_surf2surf  ProgramArguments: mri_surf2surf -all-info  ProgramVersion: 7.3.2  TimeStamp: 2026/03/07-08:44:03-GMT  BuildTime: Aug  4 2022 06:17:15  BuildStamp: freesurfer-linux-ubuntu22_x86_64-7.3.2-20220804-6354275  User: oesteban  Machine: dna024  Platform: Linux  PlatformVersion: 5.14.0-427.37.1.el9_4.x86_64  CompilerName: GCC  CompilerVersion: 8.4.0
ProgramName: mri_surf2vol  ProgramArguments: mri_surf2vol -all-info  ProgramVersion: 7.3.2  TimeStamp: 2026/03/07-08:44:03-GMT  BuildTime: Aug  4 2022 06:17:15  BuildStamp: freesurfer-linux-ubuntu22_x86_64-7.3.2-20220804-6354275  User: oesteban  Machine: dna024  Platform: Linux  PlatformVersion: 5.14.0-427.37.1.el9_4.x86_64  CompilerName: GCC  CompilerVersion: 8.4.0
ProgramName: mri_surfcluster  ProgramArguments: mri_surfcluster -all-info  ProgramVersion: 7.3.2  TimeStamp: 2026/03/07-08:44:03-GMT  BuildTime: Aug  4 2022 06:17:15  BuildStamp: freesurfer-linux-ubuntu22_x86_64-7.3.2-20220804-6354275  User: oesteban  Machine: dna024  Platform: Linux  PlatformVersion: 5.14.0-427.37.1.el9_4.x86_64  CompilerName: GCC  CompilerVersion: 8.4.0
ProgramName: mris_volmask  ProgramArguments: mris_volmask -all-info  ProgramVersion: 7.3.2  TimeStamp: 2026/03/07-08:44:03-GMT  BuildTime: Aug  4 2022 06:17:15  BuildStamp: freesurfer-linux-ubuntu22_x86_64-7.3.2-20220804-6354275  User: oesteban  Machine: dna024  Platform: Linux  PlatformVersion: 5.14.0-427.37.1.el9_4.x86_64  CompilerName: GCC  CompilerVersion: 8.4.0
ProgramName: mri_tessellate  ProgramArguments: mri_tessellate -all-info  ProgramVersion: 7.3.2  TimeStamp: 2026/03/07-08:44:03-GMT  BuildTime: Aug  4 2022 06:17:15  BuildStamp: freesurfer-linux-ubuntu22_x86_64-7.3.2-20220804-6354275  User: oesteban  Machine: dna024  Platform: Linux  PlatformVersion: 5.14.0-427.37.1.el9_4.x86_64  CompilerName: GCC  CompilerVersion: 8.4.0
ProgramName: mri_vol2surf  ProgramArguments: mri_vol2surf -all-info  ProgramVersion: 7.3.2  TimeStamp: 2026/03/07-08:44:03-GMT  BuildTime: Aug  4 2022 06:17:15  BuildStamp: freesurfer-linux-ubuntu22_x86_64-7.3.2-20220804-6354275  User: oesteban  Machine: dna024  Platform: Linux  PlatformVersion: 5.14.0-427.37.1.el9_4.x86_64  CompilerName: GCC  CompilerVersion: 8.4.0
ProgramName: mri_vol2vol  ProgramArguments: mri_vol2vol -all-info  ProgramVersion: 7.3.2  TimeStamp: 2026/03/07-08:44:03-GMT  BuildTime: Aug  4 2022 06:17:15  BuildStamp: freesurfer-linux-ubuntu22_x86_64-7.3.2-20220804-6354275  User: oesteban  Machine: dna024  Platform: Linux  PlatformVersion: 5.14.0-427.37.1.el9_4.x86_64  CompilerName: GCC  CompilerVersion: 8.4.0
ProgramName: mri_voldiff  ProgramArguments: mri_voldiff -all-info  ProgramVersion: 7.3.2  TimeStamp: 2026/03/07-08:44:03-GMT  BuildTime: Aug  4 2022 06:17:15  BuildStamp: freesurfer-linux-ubuntu22_x86_64-7.3.2-20220804-6354275  User: oesteban  Machine: dna024  Platform: Linux  PlatformVersion: 5.14.0-427.37.1.el9_4.x86_64  CompilerName: GCC  CompilerVersion: 8.4.0
ProgramName: mri_watershed  ProgramArguments: mri_watershed -all-info  ProgramVersion: 7.3.2  TimeStamp: 2026/03/07-08:44:03-GMT  BuildTime: Aug  4 2022 06:17:15  BuildStamp: freesurfer-linux-ubuntu22_x86_64-7.3.2-20220804-6354275  User: oesteban  Machine: dna024  Platform: Linux  PlatformVersion: 5.14.0-427.37.1.el9_4.x86_64  CompilerName: GCC  CompilerVersion: 8.4.0
ProgramName: tkregister2  ProgramArguments: tkregister2_cmdl -all-info  ProgramVersion: 7.3.2  TimeStamp: 2026/03/07-08:44:03-GMT  BuildTime: Aug  4 2022 06:17:15  BuildStamp: freesurfer-linux-ubuntu22_x86_64-7.3.2-20220804-6354275  User: oesteban  Machine: dna024  Platform: Linux  PlatformVersion: 5.14.0-427.37.1.el9_4.x86_64  CompilerName: GCC  CompilerVersion: 8.4.0
mri_motion_correct.fsl 7.3.2
mri_convert -all-info 
ProgramName: mri_convert  ProgramArguments: mri_convert -all-info  ProgramVersion: 7.3.2  TimeStamp: 2026/03/07-08:44:03-GMT  BuildTime: Aug  4 2022 06:17:15  BuildStamp: freesurfer-linux-ubuntu22_x86_64-7.3.2-20220804-6354275  User: oesteban  Machine: dna024  Platform: Linux  PlatformVersion: 5.14.0-427.37.1.el9_4.x86_64  CompilerName: GCC  CompilerVersion: 8.4.0
Program nu_correct, built from:
Package MNI N3, version 1.12.0, compiled by nicks@terrier (x86_64-unknown-linux-gnu) on 2015-06-19 at 01:25:34
#######################################
GCADIR /opt/freesurfer/average
GCA RB_all_2020-01-02.gca
GCASkull RB_all_withskull_2020_01_02.gca
AvgCurvTif folding.atlas.acfb40.noaparc.i12.2016-08-02.tif
GCSDIR /opt/freesurfer/average
GCS DKaparc.atlas.acfb40.noaparc.i12.2016-08-02.gcs
#######################################
#--------------------------------------------
#@# AutoDetGWStats lh Sat Mar  7 09:44:03 CET 2026
cd /out/sourcedata/freesurfer/sub-v1s20x0050275_ses-1/mri
mris_autodet_gwstats --o ../surf/autodet.gw.stats.lh.dat --i brain.finalsurfs.mgz --wm wm.mgz --surf ../surf/lh.orig.premesh
  Update not needed
#--------------------------------------------
#@# WhitePreAparc lh Sat Mar  7 09:44:03 CET 2026
cd /out/sourcedata/freesurfer/sub-v1s20x0050275_ses-1/mri
mris_place_surface --adgws-in ../surf/autodet.gw.stats.lh.dat --wm wm.mgz --threads 16 --invol brain.finalsurfs.mgz --lh --i ../surf/lh.orig --o ../surf/lh.white.preaparc --white --seg aseg.presurf.mgz --nsmooth 5
   Update not needed
#--------------------------------------------
#@# CortexLabel lh Sat Mar  7 09:44:03 CET 2026
cd /out/sourcedata/freesurfer/sub-v1s20x0050275_ses-1/mri
mri_label2label --label-cortex ../surf/lh.white.preaparc aseg.presurf.mgz 0 ../label/lh.cortex.label
   Update not needed
#--------------------------------------------
#@# CortexLabel+HipAmyg lh Sat Mar  7 09:44:03 CET 2026
cd /out/sourcedata/freesurfer/sub-v1s20x0050275_ses-1/mri
mri_label2label --label-cortex ../surf/lh.white.preaparc aseg.presurf.mgz 1 ../label/lh.cortex+hipamyg.label
   Update not needed
#@# white curv lh Sat Mar  7 09:44:03 CET 2026
cd /out/sourcedata/freesurfer/sub-v1s20x0050275_ses-1/mri
mris_place_surface --curv-map ../surf/lh.white 2 10 ../surf/lh.curv
   Update not needed
#@# white area lh Sat Mar  7 09:44:03 CET 2026
cd /out/sourcedata/freesurfer/sub-v1s20x0050275_ses-1/mri
mris_place_surface --area-map ../surf/lh.white ../surf/lh.area
   Update not needed
#@# pial curv lh Sat Mar  7 09:44:03 CET 2026
cd /out/sourcedata/freesurfer/sub-v1s20x0050275_ses-1/mri
mris_place_surface --curv-map ../surf/lh.pial 2 10 ../surf/lh.curv.pial
   Update not needed
#@# pial area lh Sat Mar  7 09:44:03 CET 2026
cd /out/sourcedata/freesurfer/sub-v1s20x0050275_ses-1/mri
mris_place_surface --area-map ../surf/lh.pial ../surf/lh.area.pial
   Update not needed
#@# thickness lh Sat Mar  7 09:44:03 CET 2026
cd /out/sourcedata/freesurfer/sub-v1s20x0050275_ses-1/mri
mris_place_surface --thickness ../surf/lh.white ../surf/lh.pial 20 5 ../surf/lh.thickness
   Update not needed
#@# area and vertex vol lh Sat Mar  7 09:44:03 CET 2026
cd /out/sourcedata/freesurfer/sub-v1s20x0050275_ses-1/mri
mris_place_surface --thickness ../surf/lh.white ../surf/lh.pial 20 5 ../surf/lh.thickness
   Update not needed
#-----------------------------------------
#@# Parcellation Stats lh Sat Mar  7 09:44:03 CET 2026
/out/sourcedata/freesurfer/sub-v1s20x0050275_ses-1/scripts

 mris_anatomical_stats -th3 -mgz -noglobal -cortex ../label/lh.cortex.label -f ../stats/lh.aparc.stats -b -a ../label/lh.aparc.annot -c ../label/aparc.annot.ctab sub-v1s20x0050275_ses-1 lh white 

computing statistics for each annotation in ../label/lh.aparc.annot.
reading volume /out/sourcedata/freesurfer/sub-v1s20x0050275_ses-1/mri/wm.mgz...
reading input surface /out/sourcedata/freesurfer/sub-v1s20x0050275_ses-1/surf/lh.white...
reading input pial surface /out/sourcedata/freesurfer/sub-v1s20x0050275_ses-1/surf/lh.pial...
reading input white surface /out/sourcedata/freesurfer/sub-v1s20x0050275_ses-1/surf/lh.white...
INFO: using TH3 volume calc
INFO: assuming MGZ format for volumes.
INFO: not computing global stats
INFO: using ../label/lh.cortex.label as mask to calc cortex NumVert, SurfArea and MeanThickness.
Using TH3 vertex volume calc
Total face volume 240981
Total vertex volume 240720 (mask=0)
Saving annotation colortable ../label/aparc.annot.ctab

table columns are:
    number of vertices
    total surface area (mm^2)
    total gray matter volume (mm^3)
    average cortical thickness +- standard deviation (mm)
    integrated rectified mean curvature
    integrated rectified Gaussian curvature
    folding index
    intrinsic curvature index
    structure name

 1573   1091   3076  2.705 0.584     0.097     0.018       11     1.2  bankssts
  875    575   1617  2.676 0.746     0.111     0.016        8     0.6  caudalanteriorcingulate
 3249   2129   6252  2.752 0.524     0.106     0.019       23     2.7  caudalmiddlefrontal
 1898   1301   2502  1.881 0.509     0.134     0.030       21     2.4  cuneus
  715    468   1320  2.274 0.741     0.112     0.037        7     1.0  entorhinal
 4653   3132   8477  2.535 0.640     0.118     0.032       47     5.7  fusiform
 5731   3817   9438  2.351 0.688     0.114     0.027       58     5.8  inferiorparietal
 4669   3143   9038  2.583 0.782     0.118     0.036       57     6.6  inferiortemporal
 1157    837   2737  2.878 0.920     0.124     0.030       14     1.4  isthmuscingulate
 6474   4192   8964  1.908 0.670     0.131     0.036       82     9.5  lateraloccipital
 3890   2755   7883  2.672 0.696     0.130     0.030       45     4.9  lateralorbitofrontal
 3630   2538   5118  1.911 0.603     0.128     0.033       42     4.8  lingual
 2924   1967   5441  2.302 0.836     0.107     0.026       33     2.9  medialorbitofrontal
 4329   3071  10681  2.769 0.750     0.117     0.026       48     4.8  middletemporal
 1403    841   2400  2.354 0.834     0.070     0.014        6     0.7  parahippocampal
 2229   1387   4104  2.527 0.697     0.100     0.022       16     2.0  paracentral
 2312   1643   5103  2.752 0.581     0.127     0.026       25     2.5  parsopercularis
  901    745   2601  2.872 0.771     0.166     0.037       16     1.4  parsorbitalis
 2177   1565   4530  2.536 0.649     0.120     0.029       23     2.5  parstriangularis
 1598   1101   1540  1.616 0.490     0.124     0.029       15     1.9  pericalcarine
 6190   4026   9518  2.142 0.754     0.104     0.022       51     5.3  postcentral
 1582   1168   3315  2.674 0.728     0.131     0.030       18     2.2  posteriorcingulate
 7282   4768  13425  2.563 0.657     0.106     0.021       52     6.3  precentral
 5588   3983  11887  2.769 0.654     0.123     0.026       55     6.2  precuneus
 1058    799   2358  2.591 0.811     0.132     0.036       14     1.7  rostralanteriorcingulate
 7789   5833  17200  2.500 0.724     0.133     0.031       98    10.2  rostralmiddlefrontal
12146   8596  27014  2.776 0.674     0.121     0.027      112    13.4  superiorfrontal
 8217   5369  12143  2.164 0.542     0.114     0.025       80     8.3  superiorparietal
 7246   5032  16409  2.781 0.803     0.108     0.022       60     7.0  superiortemporal
 6901   4767  13439  2.598 0.625     0.117     0.023       69     6.5  supramarginal
  311    236    881  2.476 0.829     0.136     0.045        5     0.4  frontalpole
  569    473   1650  2.529 0.898     0.165     0.048       11     1.2  temporalpole
  824    577   1205  2.043 0.579     0.125     0.026        9     0.7  transversetemporal
 3641   2426   7456  3.122 0.913     0.110     0.028       32     3.9  insula

 mris_anatomical_stats -th3 -mgz -noglobal -cortex ../label/lh.cortex.label -f ../stats/lh.aparc.pial.stats -b -a ../label/lh.aparc.annot -c ../label/aparc.annot.ctab sub-v1s20x0050275_ses-1 lh pial 

computing statistics for each annotation in ../label/lh.aparc.annot.
reading volume /out/sourcedata/freesurfer/sub-v1s20x0050275_ses-1/mri/wm.mgz...
reading input surface /out/sourcedata/freesurfer/sub-v1s20x0050275_ses-1/surf/lh.pial...
reading input pial surface /out/sourcedata/freesurfer/sub-v1s20x0050275_ses-1/surf/lh.pial...
reading input white surface /out/sourcedata/freesurfer/sub-v1s20x0050275_ses-1/surf/lh.white...
INFO: using TH3 volume calc
INFO: assuming MGZ format for volumes.
INFO: not computing global stats
INFO: using ../label/lh.cortex.label as mask to calc cortex NumVert, SurfArea and MeanThickness.
Using TH3 vertex volume calc
Total face volume 240981
Total vertex volume 240720 (mask=0)
Saving annotation colortable ../label/aparc.annot.ctab

table columns are:
    number of vertices
    total surface area (mm^2)
    total gray matter volume (mm^3)
    average cortical thickness +- standard deviation (mm)
    integrated rectified mean curvature
    integrated rectified Gaussian curvature
    folding index
    intrinsic curvature index
    structure name

 1573   1149   3076  2.705 0.584     0.131     0.031       19     2.2  bankssts
  875    687   1617  2.676 0.746     0.159     0.052      118     2.0  caudalanteriorcingulate
 3249   2470   6252  2.752 0.524     0.126     0.030       52     4.3  caudalmiddlefrontal
 1898   1531   2502  1.881 0.509     0.145     0.034       58     2.7  cuneus
  715    781   1320  2.274 0.741     0.267     0.080       20     3.3  entorhinal
 4653   3651   8477  2.535 0.640     0.144     0.038      103     7.6  fusiform
 5731   4357   9438  2.351 0.688     0.136     0.035       91     8.7  inferiorparietal
 4669   3905   9038  2.583 0.782     0.152     0.038      103     7.7  inferiortemporal
 1157   1108   2737  2.878 0.920     0.184     0.050       28     2.3  isthmuscingulate
 6474   5253   8964  1.908 0.670     0.134     0.034      113     9.0  lateraloccipital
 3890   3209   7883  2.672 0.696     0.148     0.469       37     6.1  lateralorbitofrontal
 3630   3060   5118  1.911 0.603     0.148     0.038       69     5.3  lingual
 2924   2692   5441  2.302 0.836     0.156     0.038       36     5.0  medialorbitofrontal
 4329   4728  10681  2.769 0.750     0.173     0.039       62     7.7  middletemporal
 1403   1226   2400  2.354 0.834     0.156     0.042       45     2.5  parahippocampal
 2229   1814   4104  2.527 0.697     0.125     0.028       20     2.8  paracentral
 2312   2042   5103  2.752 0.581     0.151     0.037       44     3.5  parsopercularis
  901   1094   2601  2.872 0.771     0.189     0.037       17     1.4  parsorbitalis
 2177   2038   4530  2.536 0.649     0.161     0.040       46     3.6  parstriangularis
 1598    931   1540  1.616 0.490     0.122     0.043       33     2.3  pericalcarine
 6190   5013   9518  2.142 0.754     0.137     0.031      198     8.7  postcentral
 1582   1353   3315  2.674 0.728     0.163     0.046      113     3.1  posteriorcingulate
 7282   5690  13425  2.563 0.657     0.129     0.029    10543     9.2  precentral
 5588   4671  11887  2.769 0.654     0.148     0.039      107     9.2  precuneus
 1058   1069   2358  2.591 0.811     0.177     0.044       25     2.3  rostralanteriorcingulate
 7789   7992  17200  2.500 0.724     0.176     0.037      145    13.4  rostralmiddlefrontal
12146  10864  27014  2.776 0.674     0.155     0.039      260    19.1  superiorfrontal
 8217   6082  12143  2.164 0.542     0.126     0.032      138    10.8  superiorparietal
 7246   6650  16409  2.781 0.803     0.155     0.037      133    11.5  superiortemporal
 6901   5635  13439  2.598 0.625     0.151     0.041      181    11.7  supramarginal
  311    463    881  2.476 0.829     0.237     0.051        5     0.7  frontalpole
  569    876   1650  2.529 0.898     0.285     0.063       12     1.9  temporalpole
  824    667   1205  2.043 0.579     0.148     0.039       34     1.2  transversetemporal
 3641   2335   7456  3.122 0.913     0.152     0.053      121     8.3  insula
#-----------------------------------------
#@# Parcellation Stats 2 lh Sat Mar  7 09:44:20 CET 2026
/out/sourcedata/freesurfer/sub-v1s20x0050275_ses-1/scripts

 mris_anatomical_stats -th3 -mgz -noglobal -cortex ../label/lh.cortex.label -f ../stats/lh.aparc.a2009s.stats -b -a ../label/lh.aparc.a2009s.annot -c ../label/aparc.annot.a2009s.ctab sub-v1s20x0050275_ses-1 lh white 

computing statistics for each annotation in ../label/lh.aparc.a2009s.annot.
reading volume /out/sourcedata/freesurfer/sub-v1s20x0050275_ses-1/mri/wm.mgz...
reading input surface /out/sourcedata/freesurfer/sub-v1s20x0050275_ses-1/surf/lh.white...
reading input pial surface /out/sourcedata/freesurfer/sub-v1s20x0050275_ses-1/surf/lh.pial...
reading input white surface /out/sourcedata/freesurfer/sub-v1s20x0050275_ses-1/surf/lh.white...
INFO: using TH3 volume calc
INFO: assuming MGZ format for volumes.
INFO: not computing global stats
INFO: using ../label/lh.cortex.label as mask to calc cortex NumVert, SurfArea and MeanThickness.
Using TH3 vertex volume calc
Total face volume 240981
Total vertex volume 240720 (mask=0)
Saving annotation colortable ../label/aparc.annot.a2009s.ctab

table columns are:
    number of vertices
    total surface area (mm^2)
    total gray matter volume (mm^3)
    average cortical thickness +- standard deviation (mm)
    integrated rectified mean curvature
    integrated rectified Gaussian curvature
    folding index
    intrinsic curvature index
    structure name

 1163    891   2460  2.198 0.819     0.145     0.040       16     2.0  G_and_S_frontomargin
 1484    950   2639  2.297 0.855     0.126     0.028       18     1.6  G_and_S_occipital_inf
 1847   1094   3423  2.501 0.810     0.107     0.026       15     1.9  G_and_S_paracentral
 1635   1186   3937  2.949 0.671     0.128     0.026       19     1.6  G_and_S_subcentral
  729    590   2213  2.551 0.728     0.150     0.047       11     1.3  G_and_S_transv_frontopol
 2040   1462   3609  2.263 0.783     0.113     0.024       18     2.2  G_and_S_cingul-Ant
 1343    891   2559  2.874 0.486     0.098     0.017        7     0.9  G_and_S_cingul-Mid-Ant
 1266    900   2356  2.644 0.578     0.112     0.024       10     1.2  G_and_S_cingul-Mid-Post
  498    370   1584  3.378 0.824     0.156     0.041        8     0.9  G_cingul-Post-dorsal
  266    188    780  3.095 0.834     0.145     0.037        4     0.3  G_cingul-Post-ventral
 1796   1225   2464  1.803 0.481     0.137     0.033       22     2.5  G_cuneus
 1413   1017   3695  2.782 0.614     0.137     0.030       20     1.9  G_front_inf-Opercular
  523    442   1616  2.747 0.557     0.169     0.038       11     0.9  G_front_inf-Orbital
 1245    911   3153  2.670 0.653     0.128     0.035       17     1.5  G_front_inf-Triangul
 4046   3050  11612  2.770 0.615     0.142     0.032       62     5.6  G_front_middle
 8499   6032  21258  2.888 0.688     0.131     0.031       93    10.9  G_front_sup
  680    450   1815  3.641 0.957     0.110     0.030        7     0.7  G_Ins_lg_and_S_cent_ins
  706    494   2129  3.469 0.697     0.125     0.039        8     1.0  G_insular_short
 1788   1205   3135  2.121 0.625     0.136     0.034       25     2.5  G_occipital_middle
 1226    776   1750  1.953 0.504     0.124     0.029       12     1.5  G_occipital_sup
 1830   1228   4034  2.682 0.704     0.136     0.044       27     3.0  G_oc-temp_lat-fusifor
 2357   1676   3695  1.878 0.648     0.140     0.042       31     3.7  G_oc-temp_med-Lingual
 1749   1074   3278  2.328 0.807     0.100     0.029       15     2.0  G_oc-temp_med-Parahip
 2305   1804   6439  2.717 0.805     0.159     0.045       42     4.0  G_orbital
 2180   1488   4471  2.321 0.771     0.137     0.038       36     2.9  G_pariet_inf-Angular
 3680   2583   7941  2.554 0.637     0.124     0.026       43     3.9  G_pariet_inf-Supramar
 3319   2199   5506  2.083 0.592     0.122     0.031       42     4.0  G_parietal_sup
 2291   1419   3607  2.053 0.634     0.110     0.026       23     2.3  G_postcentral
 2527   1650   6220  2.820 0.587     0.117     0.026       24     2.6  G_precentral
 2799   2064   7626  2.860 0.626     0.141     0.033       38     3.9  G_precuneus
 1008    682   2208  2.327 0.743     0.122     0.034       14     1.2  G_rectus
  661    415    908  2.080 0.733     0.125     0.049        9     1.0  G_subcallosal
  532    388    933  1.962 0.555     0.126     0.028        7     0.5  G_temp_sup-G_T_transv
 2267   1749   8183  3.234 0.770     0.142     0.033       33     3.3  G_temp_sup-Lateral
  833    558   1816  2.664 1.012     0.077     0.015        3     0.5  G_temp_sup-Plan_polar
 1595   1071   3081  2.662 0.552     0.101     0.019       11     1.3  G_temp_sup-Plan_tempo
 2450   1645   5775  2.590 0.912     0.127     0.048       42     4.6  G_temporal_inf
 2436   1789   7381  2.837 0.748     0.135     0.033       37     3.4  G_temporal_middle
  325    218    419  2.365 0.432     0.099     0.019        2     0.2  Lat_Fis-ant-Horizont
  373    250    539  2.513 0.651     0.111     0.018        2     0.3  Lat_Fis-ant-Vertical
 1455    970   1997  2.541 0.771     0.112     0.023        9     1.4  Lat_Fis-post
 1915   1104   1869  1.589 0.610     0.143     0.054       33     4.3  Pole_occipital
 1141    900   2884  2.496 0.761     0.161     0.049       20     2.5  Pole_temporal
 1885   1313   2231  1.945 0.782     0.119     0.026       15     2.1  S_calcarine
 3014   2008   3290  1.867 0.594     0.097     0.018       15     2.4  S_central
 1131    767   1659  2.302 0.549     0.092     0.014        6     0.6  S_cingul-Marginalis
  666    438   1112  2.965 0.587     0.094     0.016        3     0.5  S_circular_insula_ant
 1464    937   2152  2.823 0.881     0.072     0.011        4     0.7  S_circular_insula_inf
 1837   1212   2593  2.670 0.686     0.094     0.016        7     1.4  S_circular_insula_sup
  865    581   1378  2.674 0.630     0.111     0.027        6     0.7  S_collat_transv_ant
  434    302    613  2.236 0.471     0.133     0.032        4     0.6  S_collat_transv_post
 2143   1481   3123  2.359 0.566     0.108     0.018       17     1.6  S_front_inf
 1489   1030   1998  2.160 0.606     0.107     0.019       10     1.4  S_front_middle
 3257   2241   5842  2.841 0.533     0.106     0.020       21     2.6  S_front_sup
  273    197    454  2.624 0.398     0.133     0.018        3     0.3  S_interm_prim-Jensen
 3322   2175   4438  2.289 0.481     0.095     0.015       19     2.2  S_intrapariet_and_P_trans
  769    516    851  1.922 0.417     0.111     0.019        5     0.7  S_oc_middle_and_Lunatus
 1118    749   1394  2.055 0.523     0.103     0.018        6     0.9  S_oc_sup_and_transversal
  655    479    910  1.970 0.526     0.119     0.023        6     0.7  S_occipital_ant
 1020    701   1584  2.425 0.525     0.100     0.016        6     0.8  S_oc-temp_lat
 2521   1657   3189  2.186 0.654     0.088     0.016       15     1.7  S_oc-temp_med_and_Lingual
  437    299    559  2.149 0.656     0.108     0.023        2     0.4  S_orbital_lateral
  818    539    911  2.095 0.634     0.104     0.019        5     0.6  S_orbital_med-olfact
 1167    803   2092  2.701 0.677     0.112     0.020        8     1.0  S_orbital-H_Shaped
 1829   1237   2607  2.506 0.748     0.106     0.019       12     1.5  S_parieto_occipital
 1130    795   1408  2.157 0.774     0.117     0.023       14     1.3  S_pericallosal
 2953   1947   4273  2.472 0.514     0.103     0.019       18     2.3  S_postcentral
 1389    926   2059  2.540 0.517     0.097     0.015        7     0.9  S_precentral-inf-part
 1645   1082   2566  2.667 0.510     0.096     0.016        8     1.1  S_precentral-sup-part
  731    481   1264  2.603 0.886     0.098     0.016       10     0.5  S_suborbital
 1207    830   2068  2.809 0.578     0.110     0.023        8     1.1  S_subparietal
 1712   1136   2354  2.511 0.623     0.100     0.020        9     1.4  S_temporal_inf
 6092   4092  10121  2.668 0.638     0.097     0.018       41     4.7  S_temporal_sup
  537    351    634  2.078 0.571     0.097     0.014        4     0.3  S_temporal_transverse
#-----------------------------------------
#@# Parcellation Stats 3 lh Sat Mar  7 09:44:28 CET 2026
/out/sourcedata/freesurfer/sub-v1s20x0050275_ses-1/scripts

 mris_anatomical_stats -th3 -mgz -noglobal -cortex ../label/lh.cortex.label -f ../stats/lh.aparc.DKTatlas.stats -b -a ../label/lh.aparc.DKTatlas.annot -c ../label/aparc.annot.DKTatlas.ctab sub-v1s20x0050275_ses-1 lh white 

computing statistics for each annotation in ../label/lh.aparc.DKTatlas.annot.
reading volume /out/sourcedata/freesurfer/sub-v1s20x0050275_ses-1/mri/wm.mgz...
reading input surface /out/sourcedata/freesurfer/sub-v1s20x0050275_ses-1/surf/lh.white...
reading input pial surface /out/sourcedata/freesurfer/sub-v1s20x0050275_ses-1/surf/lh.pial...
reading input white surface /out/sourcedata/freesurfer/sub-v1s20x0050275_ses-1/surf/lh.white...
INFO: using TH3 volume calc
INFO: assuming MGZ format for volumes.
INFO: not computing global stats
INFO: using ../label/lh.cortex.label as mask to calc cortex NumVert, SurfArea and MeanThickness.
Using TH3 vertex volume calc
Total face volume 240981
Total vertex volume 240720 (mask=0)
Saving annotation colortable ../label/aparc.annot.DKTatlas.ctab

table columns are:
    number of vertices
    total surface area (mm^2)
    total gray matter volume (mm^3)
    average cortical thickness +- standard deviation (mm)
    integrated rectified mean curvature
    integrated rectified Gaussian curvature
    folding index
    intrinsic curvature index
    structure name

 1986   1298   3922  2.743 0.676     0.106     0.019       16     1.5  caudalanteriorcingulate
 3490   2299   6878  2.770 0.520     0.108     0.019       26     2.9  caudalmiddlefrontal
 2595   1737   3540  1.979 0.545     0.124     0.028       26     3.0  cuneus
  676    442   1258  2.267 0.760     0.110     0.039        7     0.9  entorhinal
 4352   2931   7932  2.554 0.645     0.116     0.032       42     5.2  fusiform
 5767   3843   9219  2.307 0.659     0.113     0.026       58     5.8  inferiorparietal
 4576   3093   9190  2.591 0.777     0.121     0.038       59     6.7  inferiortemporal
 1150    828   2684  2.850 0.906     0.123     0.030       14     1.3  isthmuscingulate
 6530   4222   9014  1.898 0.656     0.132     0.036       83     9.7  lateraloccipital
 4162   3004   8666  2.577 0.733     0.136     0.034       55     5.6  lateralorbitofrontal
 3704   2585   5205  1.904 0.594     0.130     0.034       43     5.0  lingual
 2580   1715   4863  2.271 0.846     0.111     0.029       33     2.9  medialorbitofrontal
 5820   4072  13077  2.722 0.717     0.113     0.025       57     6.2  middletemporal
 1446    869   2491  2.372 0.832     0.071     0.014        6     0.7  parahippocampal
 2583   1628   4949  2.567 0.695     0.101     0.022       19     2.3  paracentral
 2227   1573   4888  2.763 0.586     0.130     0.027       25     2.6  parsopercularis
 1027    826   2639  2.762 0.507     0.153     0.032       15     1.4  parsorbitalis
 2520   1804   4982  2.499 0.647     0.117     0.027       24     2.6  parstriangularis
 1566   1078   1512  1.631 0.504     0.124     0.029       15     1.9  pericalcarine
 7148   4658  11032  2.178 0.744     0.106     0.022       58     6.4  postcentral
 1740   1277   3528  2.703 0.729     0.129     0.029       18     2.3  posteriorcingulate
 7226   4730  13169  2.557 0.655     0.106     0.021       51     6.4  precentral
 5513   3945  11973  2.771 0.662     0.126     0.027       57     6.4  precuneus
 1716   1242   3372  2.481 0.777     0.125     0.031       20     2.3  rostralanteriorcingulate
 5344   3980  12010  2.588 0.790     0.131     0.030       64     6.9  rostralmiddlefrontal
12495   9031  28351  2.722 0.693     0.125     0.028      126    14.7  superiorfrontal
 6708   4412   9802  2.161 0.547     0.113     0.024       65     6.5  superiorparietal
 8942   6312  20527  2.762 0.799     0.114     0.024       87     9.6  superiortemporal
 6384   4378  12259  2.588 0.631     0.117     0.023       62     5.9  supramarginal
  814    568   1177  2.015 0.561     0.125     0.026        9     0.7  transversetemporal
 2944   1972   6610  3.359 0.786     0.101     0.023       19     2.6  insula
/out/sourcedata/freesurfer/sub-v1s20x0050275_ses-1/label
#--------------------------------------------
#@# BA_exvivo Labels lh Sat Mar  7 09:44:37 CET 2026

 mri_label2label --srcsubject fsaverage --srclabel /out/sourcedata/freesurfer/fsaverage/label/lh.BA1_exvivo.label --trgsubject sub-v1s20x0050275_ses-1 --trglabel ./lh.BA1_exvivo.label --hemi lh --regmethod surface 


srclabel = /out/sourcedata/freesurfer/fsaverage/label/lh.BA1_exvivo.label
srcsubject = fsaverage
trgsubject = sub-v1s20x0050275_ses-1
trglabel = ./lh.BA1_exvivo.label
regmethod = surface

srchemi = lh
trghemi = lh
trgsurface = white
srcsurfreg = sphere.reg
trgsurfreg = sphere.reg
usehash = 1
Use ProjAbs  = 0, 0
Use ProjFrac = 0, 0
DoPaint 0

SUBJECTS_DIR    /out/sourcedata/freesurfer
FREESURFER_HOME /opt/freesurfer
Loading source label.
Found 4129 points in source label.
Starting surface-based mapping
Reading source registration 
 /out/sourcedata/freesurfer/fsaverage/surf/lh.sphere.reg
Rescaling ...  original radius = 100
Reading target surface 
 /out/sourcedata/freesurfer/sub-v1s20x0050275_ses-1/surf/lh.white
Reading target registration 
 /out/sourcedata/freesurfer/sub-v1s20x0050275_ses-1/surf/lh.sphere.reg
Rescaling ...  original radius = 100
Building target registration hash (res=16).
Building source registration hash (res=16).
INFO: found  4129 nlabel points
Performing mapping from target back to the source label 133168
Number of reverse mapping hits = 101
Checking for and removing duplicates
Writing label file ./lh.BA1_exvivo.label 4230
mri_label2label: Done


 mri_label2label --srcsubject fsaverage --srclabel /out/sourcedata/freesurfer/fsaverage/label/lh.BA2_exvivo.label --trgsubject sub-v1s20x0050275_ses-1 --trglabel ./lh.BA2_exvivo.label --hemi lh --regmethod surface 


srclabel = /out/sourcedata/freesurfer/fsaverage/label/lh.BA2_exvivo.label
srcsubject = fsaverage
trgsubject = sub-v1s20x0050275_ses-1
trglabel = ./lh.BA2_exvivo.label
regmethod = surface

srchemi = lh
trghemi = lh
trgsurface = white
srcsurfreg = sphere.reg
trgsurfreg = sphere.reg
usehash = 1
Use ProjAbs  = 0, 0
Use ProjFrac = 0, 0
DoPaint 0

SUBJECTS_DIR    /out/sourcedata/freesurfer
FREESURFER_HOME /opt/freesurfer
Loading source label.
Found 7909 points in source label.
Starting surface-based mapping
Reading source registration 
 /out/sourcedata/freesurfer/fsaverage/surf/lh.sphere.reg
Rescaling ...  original radius = 100
Reading target surface 
 /out/sourcedata/freesurfer/sub-v1s20x0050275_ses-1/surf/lh.white
Reading target registration 
 /out/sourcedata/freesurfer/sub-v1s20x0050275_ses-1/surf/lh.sphere.reg
Rescaling ...  original radius = 100
Building target registration hash (res=16).
Building source registration hash (res=16).
INFO: found  7909 nlabel points
Performing mapping from target back to the source label 133168
Number of reverse mapping hits = 202
Checking for and removing duplicates
Writing label file ./lh.BA2_exvivo.label 8111
mri_label2label: Done


 mri_label2label --srcsubject fsaverage --srclabel /out/sourcedata/freesurfer/fsaverage/label/lh.BA3a_exvivo.label --trgsubject sub-v1s20x0050275_ses-1 --trglabel ./lh.BA3a_exvivo.label --hemi lh --regmethod surface 


srclabel = /out/sourcedata/freesurfer/fsaverage/label/lh.BA3a_exvivo.label
srcsubject = fsaverage
trgsubject = sub-v1s20x0050275_ses-1
trglabel = ./lh.BA3a_exvivo.label
regmethod = surface

srchemi = lh
trghemi = lh
trgsurface = white
srcsurfreg = sphere.reg
trgsurfreg = sphere.reg
usehash = 1
Use ProjAbs  = 0, 0
Use ProjFrac = 0, 0
DoPaint 0

SUBJECTS_DIR    /out/sourcedata/freesurfer
FREESURFER_HOME /opt/freesurfer
Loading source label.
Found 4077 points in source label.
Starting surface-based mapping
Reading source registration 
 /out/sourcedata/freesurfer/fsaverage/surf/lh.sphere.reg
Rescaling ...  original radius = 100
Reading target surface 
 /out/sourcedata/freesurfer/sub-v1s20x0050275_ses-1/surf/lh.white
Reading target registration 
 /out/sourcedata/freesurfer/sub-v1s20x0050275_ses-1/surf/lh.sphere.reg
Rescaling ...  original radius = 100
Building target registration hash (res=16).
Building source registration hash (res=16).
INFO: found  4077 nlabel points
Performing mapping from target back to the source label 133168
Number of reverse mapping hits = 35
Checking for and removing duplicates
Writing label file ./lh.BA3a_exvivo.label 4112
mri_label2label: Done


 mri_label2label --srcsubject fsaverage --srclabel /out/sourcedata/freesurfer/fsaverage/label/lh.BA3b_exvivo.label --trgsubject sub-v1s20x0050275_ses-1 --trglabel ./lh.BA3b_exvivo.label --hemi lh --regmethod surface 


srclabel = /out/sourcedata/freesurfer/fsaverage/label/lh.BA3b_exvivo.label
srcsubject = fsaverage
trgsubject = sub-v1s20x0050275_ses-1
trglabel = ./lh.BA3b_exvivo.label
regmethod = surface

srchemi = lh
trghemi = lh
trgsurface = white
srcsurfreg = sphere.reg
trgsurfreg = sphere.reg
usehash = 1
Use ProjAbs  = 0, 0
Use ProjFrac = 0, 0
DoPaint 0

SUBJECTS_DIR    /out/sourcedata/freesurfer
FREESURFER_HOME /opt/freesurfer
Loading source label.
Found 5983 points in source label.
Starting surface-based mapping
Reading source registration 
 /out/sourcedata/freesurfer/fsaverage/surf/lh.sphere.reg
Rescaling ...  original radius = 100
Reading target surface 
 /out/sourcedata/freesurfer/sub-v1s20x0050275_ses-1/surf/lh.white
Reading target registration 
 /out/sourcedata/freesurfer/sub-v1s20x0050275_ses-1/surf/lh.sphere.reg
Rescaling ...  original radius = 100
Building target registration hash (res=16).
Building source registration hash (res=16).
INFO: found  5983 nlabel points
Performing mapping from target back to the source label 133168
Number of reverse mapping hits = 99
Checking for and removing duplicates
Writing label file ./lh.BA3b_exvivo.label 6082
mri_label2label: Done


 mri_label2label --srcsubject fsaverage --srclabel /out/sourcedata/freesurfer/fsaverage/label/lh.BA4a_exvivo.label --trgsubject sub-v1s20x0050275_ses-1 --trglabel ./lh.BA4a_exvivo.label --hemi lh --regmethod surface 


srclabel = /out/sourcedata/freesurfer/fsaverage/label/lh.BA4a_exvivo.label
srcsubject = fsaverage
trgsubject = sub-v1s20x0050275_ses-1
trglabel = ./lh.BA4a_exvivo.label
regmethod = surface

srchemi = lh
trghemi = lh
trgsurface = white
srcsurfreg = sphere.reg
trgsurfreg = sphere.reg
usehash = 1
Use ProjAbs  = 0, 0
Use ProjFrac = 0, 0
DoPaint 0

SUBJECTS_DIR    /out/sourcedata/freesurfer
FREESURFER_HOME /opt/freesurfer
Loading source label.
Found 5784 points in source label.
Starting surface-based mapping
Reading source registration 
 /out/sourcedata/freesurfer/fsaverage/surf/lh.sphere.reg
Rescaling ...  original radius = 100
Reading target surface 
 /out/sourcedata/freesurfer/sub-v1s20x0050275_ses-1/surf/lh.white
Reading target registration 
 /out/sourcedata/freesurfer/sub-v1s20x0050275_ses-1/surf/lh.sphere.reg
Rescaling ...  original radius = 100
Building target registration hash (res=16).
Building source registration hash (res=16).
INFO: found  5784 nlabel points
Performing mapping from target back to the source label 133168
Number of reverse mapping hits = 153
Checking for and removing duplicates
Writing label file ./lh.BA4a_exvivo.label 5937
mri_label2label: Done


 mri_label2label --srcsubject fsaverage --srclabel /out/sourcedata/freesurfer/fsaverage/label/lh.BA4p_exvivo.label --trgsubject sub-v1s20x0050275_ses-1 --trglabel ./lh.BA4p_exvivo.label --hemi lh --regmethod surface 


srclabel = /out/sourcedata/freesurfer/fsaverage/label/lh.BA4p_exvivo.label
srcsubject = fsaverage
trgsubject = sub-v1s20x0050275_ses-1
trglabel = ./lh.BA4p_exvivo.label
regmethod = surface

srchemi = lh
trghemi = lh
trgsurface = white
srcsurfreg = sphere.reg
trgsurfreg = sphere.reg
usehash = 1
Use ProjAbs  = 0, 0
Use ProjFrac = 0, 0
DoPaint 0

SUBJECTS_DIR    /out/sourcedata/freesurfer
FREESURFER_HOME /opt/freesurfer
Loading source label.
Found 4070 points in source label.
Starting surface-based mapping
Reading source registration 
 /out/sourcedata/freesurfer/fsaverage/surf/lh.sphere.reg
Rescaling ...  original radius = 100
Reading target surface 
 /out/sourcedata/freesurfer/sub-v1s20x0050275_ses-1/surf/lh.white
Reading target registration 
 /out/sourcedata/freesurfer/sub-v1s20x0050275_ses-1/surf/lh.sphere.reg
Rescaling ...  original radius = 100
Building target registration hash (res=16).
Building source registration hash (res=16).
INFO: found  4070 nlabel points
Performing mapping from target back to the source label 133168
Number of reverse mapping hits = 56
Checking for and removing duplicates
Writing label file ./lh.BA4p_exvivo.label 4126
mri_label2label: Done


 mri_label2label --srcsubject fsaverage --srclabel /out/sourcedata/freesurfer/fsaverage/label/lh.BA6_exvivo.label --trgsubject sub-v1s20x0050275_ses-1 --trglabel ./lh.BA6_exvivo.label --hemi lh --regmethod surface 


srclabel = /out/sourcedata/freesurfer/fsaverage/label/lh.BA6_exvivo.label
srcsubject = fsaverage
trgsubject = sub-v1s20x0050275_ses-1
trglabel = ./lh.BA6_exvivo.label
regmethod = surface

srchemi = lh
trghemi = lh
trgsurface = white
srcsurfreg = sphere.reg
trgsurfreg = sphere.reg
usehash = 1
Use ProjAbs  = 0, 0
Use ProjFrac = 0, 0
DoPaint 0

SUBJECTS_DIR    /out/sourcedata/freesurfer
FREESURFER_HOME /opt/freesurfer
Loading source label.
Found 13589 points in source label.
Starting surface-based mapping
Reading source registration 
 /out/sourcedata/freesurfer/fsaverage/surf/lh.sphere.reg
Rescaling ...  original radius = 100
Reading target surface 
 /out/sourcedata/freesurfer/sub-v1s20x0050275_ses-1/surf/lh.white
Reading target registration 
 /out/sourcedata/freesurfer/sub-v1s20x0050275_ses-1/surf/lh.sphere.reg
Rescaling ...  original radius = 100
Building target registration hash (res=16).
Building source registration hash (res=16).
INFO: found  13589 nlabel points
Performing mapping from target back to the source label 133168
Number of reverse mapping hits = 923
Checking for and removing duplicates
Writing label file ./lh.BA6_exvivo.label 14512
mri_label2label: Done


 mri_label2label --srcsubject fsaverage --srclabel /out/sourcedata/freesurfer/fsaverage/label/lh.BA44_exvivo.label --trgsubject sub-v1s20x0050275_ses-1 --trglabel ./lh.BA44_exvivo.label --hemi lh --regmethod surface 


srclabel = /out/sourcedata/freesurfer/fsaverage/label/lh.BA44_exvivo.label
srcsubject = fsaverage
trgsubject = sub-v1s20x0050275_ses-1
trglabel = ./lh.BA44_exvivo.label
regmethod = surface

srchemi = lh
trghemi = lh
trgsurface = white
srcsurfreg = sphere.reg
trgsurfreg = sphere.reg
usehash = 1
Use ProjAbs  = 0, 0
Use ProjFrac = 0, 0
DoPaint 0

SUBJECTS_DIR    /out/sourcedata/freesurfer
FREESURFER_HOME /opt/freesurfer
Loading source label.
Found 4181 points in source label.
Starting surface-based mapping
Reading source registration 
 /out/sourcedata/freesurfer/fsaverage/surf/lh.sphere.reg
Rescaling ...  original radius = 100
Reading target surface 
 /out/sourcedata/freesurfer/sub-v1s20x0050275_ses-1/surf/lh.white
Reading target registration 
 /out/sourcedata/freesurfer/sub-v1s20x0050275_ses-1/surf/lh.sphere.reg
Rescaling ...  original radius = 100
Building target registration hash (res=16).
Building source registration hash (res=16).
INFO: found  4181 nlabel points
Performing mapping from target back to the source label 133168
Number of reverse mapping hits = 117
Checking for and removing duplicates
Writing label file ./lh.BA44_exvivo.label 4298
mri_label2label: Done


 mri_label2label --srcsubject fsaverage --srclabel /out/sourcedata/freesurfer/fsaverage/label/lh.BA45_exvivo.label --trgsubject sub-v1s20x0050275_ses-1 --trglabel ./lh.BA45_exvivo.label --hemi lh --regmethod surface 


srclabel = /out/sourcedata/freesurfer/fsaverage/label/lh.BA45_exvivo.label
srcsubject = fsaverage
trgsubject = sub-v1s20x0050275_ses-1
trglabel = ./lh.BA45_exvivo.label
regmethod = surface

srchemi = lh
trghemi = lh
trgsurface = white
srcsurfreg = sphere.reg
trgsurfreg = sphere.reg
usehash = 1
Use ProjAbs  = 0, 0
Use ProjFrac = 0, 0
DoPaint 0

SUBJECTS_DIR    /out/sourcedata/freesurfer
FREESURFER_HOME /opt/freesurfer
Loading source label.
Found 3422 points in source label.
Starting surface-based mapping
Reading source registration 
 /out/sourcedata/freesurfer/fsaverage/surf/lh.sphere.reg
Rescaling ...  original radius = 100
Reading target surface 
 /out/sourcedata/freesurfer/sub-v1s20x0050275_ses-1/surf/lh.white
Reading target registration 
 /out/sourcedata/freesurfer/sub-v1s20x0050275_ses-1/surf/lh.sphere.reg
Rescaling ...  original radius = 100
Building target registration hash (res=16).
Building source registration hash (res=16).
INFO: found  3422 nlabel points
Performing mapping from target back to the source label 133168
Number of reverse mapping hits = 523
Checking for and removing duplicates
Writing label file ./lh.BA45_exvivo.label 3945
mri_label2label: Done


 mri_label2label --srcsubject fsaverage --srclabel /out/sourcedata/freesurfer/fsaverage/label/lh.V1_exvivo.label --trgsubject sub-v1s20x0050275_ses-1 --trglabel ./lh.V1_exvivo.label --hemi lh --regmethod surface 


srclabel = /out/sourcedata/freesurfer/fsaverage/label/lh.V1_exvivo.label
srcsubject = fsaverage
trgsubject = sub-v1s20x0050275_ses-1
trglabel = ./lh.V1_exvivo.label
regmethod = surface

srchemi = lh
trghemi = lh
trgsurface = white
srcsurfreg = sphere.reg
trgsurfreg = sphere.reg
usehash = 1
Use ProjAbs  = 0, 0
Use ProjFrac = 0, 0
DoPaint 0

SUBJECTS_DIR    /out/sourcedata/freesurfer
FREESURFER_HOME /opt/freesurfer
Loading source label.
Found 4641 points in source label.
Starting surface-based mapping
Reading source registration 
 /out/sourcedata/freesurfer/fsaverage/surf/lh.sphere.reg
Rescaling ...  original radius = 100
Reading target surface 
 /out/sourcedata/freesurfer/sub-v1s20x0050275_ses-1/surf/lh.white
Reading target registration 
 /out/sourcedata/freesurfer/sub-v1s20x0050275_ses-1/surf/lh.sphere.reg
Rescaling ...  original radius = 100
Building target registration hash (res=16).
Building source registration hash (res=16).
INFO: found  4641 nlabel points
Performing mapping from target back to the source label 133168
Number of reverse mapping hits = 631
Checking for and removing duplicates
Writing label file ./lh.V1_exvivo.label 5272
mri_label2label: Done


 mri_label2label --srcsubject fsaverage --srclabel /out/sourcedata/freesurfer/fsaverage/label/lh.V2_exvivo.label --trgsubject sub-v1s20x0050275_ses-1 --trglabel ./lh.V2_exvivo.label --hemi lh --regmethod surface 


srclabel = /out/sourcedata/freesurfer/fsaverage/label/lh.V2_exvivo.label
srcsubject = fsaverage
trgsubject = sub-v1s20x0050275_ses-1
trglabel = ./lh.V2_exvivo.label
regmethod = surface

srchemi = lh
trghemi = lh
trgsurface = white
srcsurfreg = sphere.reg
trgsurfreg = sphere.reg
usehash = 1
Use ProjAbs  = 0, 0
Use ProjFrac = 0, 0
DoPaint 0

SUBJECTS_DIR    /out/sourcedata/freesurfer
FREESURFER_HOME /opt/freesurfer
Loading source label.
Found 8114 points in source label.
Starting surface-based mapping
Reading source registration 
 /out/sourcedata/freesurfer/fsaverage/surf/lh.sphere.reg
Rescaling ...  original radius = 100
Reading target surface 
 /out/sourcedata/freesurfer/sub-v1s20x0050275_ses-1/surf/lh.white
Reading target registration 
 /out/sourcedata/freesurfer/sub-v1s20x0050275_ses-1/surf/lh.sphere.reg
Rescaling ...  original radius = 100
Building target registration hash (res=16).
Building source registration hash (res=16).
INFO: found  8114 nlabel points
Performing mapping from target back to the source label 133168
Number of reverse mapping hits = 1266
Checking for and removing duplicates
Writing label file ./lh.V2_exvivo.label 9380
mri_label2label: Done


 mri_label2label --srcsubject fsaverage --srclabel /out/sourcedata/freesurfer/fsaverage/label/lh.MT_exvivo.label --trgsubject sub-v1s20x0050275_ses-1 --trglabel ./lh.MT_exvivo.label --hemi lh --regmethod surface 


srclabel = /out/sourcedata/freesurfer/fsaverage/label/lh.MT_exvivo.label
srcsubject = fsaverage
trgsubject = sub-v1s20x0050275_ses-1
trglabel = ./lh.MT_exvivo.label
regmethod = surface

srchemi = lh
trghemi = lh
trgsurface = white
srcsurfreg = sphere.reg
trgsurfreg = sphere.reg
usehash = 1
Use ProjAbs  = 0, 0
Use ProjFrac = 0, 0
DoPaint 0

SUBJECTS_DIR    /out/sourcedata/freesurfer
FREESURFER_HOME /opt/freesurfer
Loading source label.
Found 2018 points in source label.
Starting surface-based mapping
Reading source registration 
 /out/sourcedata/freesurfer/fsaverage/surf/lh.sphere.reg
Rescaling ...  original radius = 100
Reading target surface 
 /out/sourcedata/freesurfer/sub-v1s20x0050275_ses-1/surf/lh.white
Reading target registration 
 /out/sourcedata/freesurfer/sub-v1s20x0050275_ses-1/surf/lh.sphere.reg
Rescaling ...  original radius = 100
Building target registration hash (res=16).
Building source registration hash (res=16).
INFO: found  2018 nlabel points
Performing mapping from target back to the source label 133168
Number of reverse mapping hits = 178
Checking for and removing duplicates
Writing label file ./lh.MT_exvivo.label 2196
mri_label2label: Done


 mri_label2label --srcsubject fsaverage --srclabel /out/sourcedata/freesurfer/fsaverage/label/lh.entorhinal_exvivo.label --trgsubject sub-v1s20x0050275_ses-1 --trglabel ./lh.entorhinal_exvivo.label --hemi lh --regmethod surface 


srclabel = /out/sourcedata/freesurfer/fsaverage/label/lh.entorhinal_exvivo.label
srcsubject = fsaverage
trgsubject = sub-v1s20x0050275_ses-1
trglabel = ./lh.entorhinal_exvivo.label
regmethod = surface

srchemi = lh
trghemi = lh
trgsurface = white
srcsurfreg = sphere.reg
trgsurfreg = sphere.reg
usehash = 1
Use ProjAbs  = 0, 0
Use ProjFrac = 0, 0
DoPaint 0

SUBJECTS_DIR    /out/sourcedata/freesurfer
FREESURFER_HOME /opt/freesurfer
Loading source label.
Found 1290 points in source label.
Starting surface-based mapping
Reading source registration 
 /out/sourcedata/freesurfer/fsaverage/surf/lh.sphere.reg
Rescaling ...  original radius = 100
Reading target surface 
 /out/sourcedata/freesurfer/sub-v1s20x0050275_ses-1/surf/lh.white
Reading target registration 
 /out/sourcedata/freesurfer/sub-v1s20x0050275_ses-1/surf/lh.sphere.reg
Rescaling ...  original radius = 100
Building target registration hash (res=16).
Building source registration hash (res=16).
INFO: found  1290 nlabel points
Performing mapping from target back to the source label 133168
Number of reverse mapping hits = 190
Checking for and removing duplicates
Writing label file ./lh.entorhinal_exvivo.label 1480
mri_label2label: Done


 mri_label2label --srcsubject fsaverage --srclabel /out/sourcedata/freesurfer/fsaverage/label/lh.perirhinal_exvivo.label --trgsubject sub-v1s20x0050275_ses-1 --trglabel ./lh.perirhinal_exvivo.label --hemi lh --regmethod surface 


srclabel = /out/sourcedata/freesurfer/fsaverage/label/lh.perirhinal_exvivo.label
srcsubject = fsaverage
trgsubject = sub-v1s20x0050275_ses-1
trglabel = ./lh.perirhinal_exvivo.label
regmethod = surface

srchemi = lh
trghemi = lh
trgsurface = white
srcsurfreg = sphere.reg
trgsurfreg = sphere.reg
usehash = 1
Use ProjAbs  = 0, 0
Use ProjFrac = 0, 0
DoPaint 0

SUBJECTS_DIR    /out/sourcedata/freesurfer
FREESURFER_HOME /opt/freesurfer
Loading source label.
Found 1199 points in source label.
Starting surface-based mapping
Reading source registration 
 /out/sourcedata/freesurfer/fsaverage/surf/lh.sphere.reg
Rescaling ...  original radius = 100
Reading target surface 
 /out/sourcedata/freesurfer/sub-v1s20x0050275_ses-1/surf/lh.white
Reading target registration 
 /out/sourcedata/freesurfer/sub-v1s20x0050275_ses-1/surf/lh.sphere.reg
Rescaling ...  original radius = 100
Building target registration hash (res=16).
Building source registration hash (res=16).
INFO: found  1199 nlabel points
Performing mapping from target back to the source label 133168
Number of reverse mapping hits = 144
Checking for and removing duplicates
Writing label file ./lh.perirhinal_exvivo.label 1343
mri_label2label: Done


 mri_label2label --srcsubject fsaverage --srclabel /out/sourcedata/freesurfer/fsaverage/label/lh.FG1.mpm.vpnl.label --trgsubject sub-v1s20x0050275_ses-1 --trglabel ./lh.FG1.mpm.vpnl.label --hemi lh --regmethod surface 


srclabel = /out/sourcedata/freesurfer/fsaverage/label/lh.FG1.mpm.vpnl.label
srcsubject = fsaverage
trgsubject = sub-v1s20x0050275_ses-1
trglabel = ./lh.FG1.mpm.vpnl.label
regmethod = surface

srchemi = lh
trghemi = lh
trgsurface = white
srcsurfreg = sphere.reg
trgsurfreg = sphere.reg
usehash = 1
Use ProjAbs  = 0, 0
Use ProjFrac = 0, 0
DoPaint 0

SUBJECTS_DIR    /out/sourcedata/freesurfer
FREESURFER_HOME /opt/freesurfer
Loading source label.
Found 414 points in source label.
Starting surface-based mapping
Reading source registration 
 /out/sourcedata/freesurfer/fsaverage/surf/lh.sphere.reg
Rescaling ...  original radius = 100
Reading target surface 
 /out/sourcedata/freesurfer/sub-v1s20x0050275_ses-1/surf/lh.white
Reading target registration 
 /out/sourcedata/freesurfer/sub-v1s20x0050275_ses-1/surf/lh.sphere.reg
Rescaling ...  original radius = 100
Building target registration hash (res=16).
Building source registration hash (res=16).
INFO: found  414 nlabel points
Performing mapping from target back to the source label 133168
Number of reverse mapping hits = 115
Checking for and removing duplicates
Writing label file ./lh.FG1.mpm.vpnl.label 529
mri_label2label: Done


 mri_label2label --srcsubject fsaverage --srclabel /out/sourcedata/freesurfer/fsaverage/label/lh.FG2.mpm.vpnl.label --trgsubject sub-v1s20x0050275_ses-1 --trglabel ./lh.FG2.mpm.vpnl.label --hemi lh --regmethod surface 


srclabel = /out/sourcedata/freesurfer/fsaverage/label/lh.FG2.mpm.vpnl.label
srcsubject = fsaverage
trgsubject = sub-v1s20x0050275_ses-1
trglabel = ./lh.FG2.mpm.vpnl.label
regmethod = surface

srchemi = lh
trghemi = lh
trgsurface = white
srcsurfreg = sphere.reg
trgsurfreg = sphere.reg
usehash = 1
Use ProjAbs  = 0, 0
Use ProjFrac = 0, 0
DoPaint 0

SUBJECTS_DIR    /out/sourcedata/freesurfer
FREESURFER_HOME /opt/freesurfer
Loading source label.
Found 703 points in source label.
Starting surface-based mapping
Reading source registration 
 /out/sourcedata/freesurfer/fsaverage/surf/lh.sphere.reg
Rescaling ...  original radius = 100
Reading target surface 
 /out/sourcedata/freesurfer/sub-v1s20x0050275_ses-1/surf/lh.white
Reading target registration 
 /out/sourcedata/freesurfer/sub-v1s20x0050275_ses-1/surf/lh.sphere.reg
Rescaling ...  original radius = 100
Building target registration hash (res=16).
Building source registration hash (res=16).
INFO: found  703 nlabel points
Performing mapping from target back to the source label 133168
Number of reverse mapping hits = 91
Checking for and removing duplicates
Writing label file ./lh.FG2.mpm.vpnl.label 794
mri_label2label: Done


 mri_label2label --srcsubject fsaverage --srclabel /out/sourcedata/freesurfer/fsaverage/label/lh.FG3.mpm.vpnl.label --trgsubject sub-v1s20x0050275_ses-1 --trglabel ./lh.FG3.mpm.vpnl.label --hemi lh --regmethod surface 


srclabel = /out/sourcedata/freesurfer/fsaverage/label/lh.FG3.mpm.vpnl.label
srcsubject = fsaverage
trgsubject = sub-v1s20x0050275_ses-1
trglabel = ./lh.FG3.mpm.vpnl.label
regmethod = surface

srchemi = lh
trghemi = lh
trgsurface = white
srcsurfreg = sphere.reg
trgsurfreg = sphere.reg
usehash = 1
Use ProjAbs  = 0, 0
Use ProjFrac = 0, 0
DoPaint 0

SUBJECTS_DIR    /out/sourcedata/freesurfer
FREESURFER_HOME /opt/freesurfer
Loading source label.
Found 1873 points in source label.
Starting surface-based mapping
Reading source registration 
 /out/sourcedata/freesurfer/fsaverage/surf/lh.sphere.reg
Rescaling ...  original radius = 100
Reading target surface 
 /out/sourcedata/freesurfer/sub-v1s20x0050275_ses-1/surf/lh.white
Reading target registration 
 /out/sourcedata/freesurfer/sub-v1s20x0050275_ses-1/surf/lh.sphere.reg
Rescaling ...  original radius = 100
Building target registration hash (res=16).
Building source registration hash (res=16).
INFO: found  1873 nlabel points
Performing mapping from target back to the source label 133168
Number of reverse mapping hits = 229
Checking for and removing duplicates
Writing label file ./lh.FG3.mpm.vpnl.label 2102
mri_label2label: Done


 mri_label2label --srcsubject fsaverage --srclabel /out/sourcedata/freesurfer/fsaverage/label/lh.FG4.mpm.vpnl.label --trgsubject sub-v1s20x0050275_ses-1 --trglabel ./lh.FG4.mpm.vpnl.label --hemi lh --regmethod surface 


srclabel = /out/sourcedata/freesurfer/fsaverage/label/lh.FG4.mpm.vpnl.label
srcsubject = fsaverage
trgsubject = sub-v1s20x0050275_ses-1
trglabel = ./lh.FG4.mpm.vpnl.label
regmethod = surface

srchemi = lh
trghemi = lh
trgsurface = white
srcsurfreg = sphere.reg
trgsurfreg = sphere.reg
usehash = 1
Use ProjAbs  = 0, 0
Use ProjFrac = 0, 0
DoPaint 0

SUBJECTS_DIR    /out/sourcedata/freesurfer
FREESURFER_HOME /opt/freesurfer
Loading source label.
Found 2101 points in source label.
Starting surface-based mapping
Reading source registration 
 /out/sourcedata/freesurfer/fsaverage/surf/lh.sphere.reg
Rescaling ...  original radius = 100
Reading target surface 
 /out/sourcedata/freesurfer/sub-v1s20x0050275_ses-1/surf/lh.white
Reading target registration 
 /out/sourcedata/freesurfer/sub-v1s20x0050275_ses-1/surf/lh.sphere.reg
Rescaling ...  original radius = 100
Building target registration hash (res=16).
Building source registration hash (res=16).
INFO: found  2101 nlabel points
Performing mapping from target back to the source label 133168
Number of reverse mapping hits = 445
Checking for and removing duplicates
Writing label file ./lh.FG4.mpm.vpnl.label 2546
mri_label2label: Done


 mri_label2label --srcsubject fsaverage --srclabel /out/sourcedata/freesurfer/fsaverage/label/lh.hOc1.mpm.vpnl.label --trgsubject sub-v1s20x0050275_ses-1 --trglabel ./lh.hOc1.mpm.vpnl.label --hemi lh --regmethod surface 


srclabel = /out/sourcedata/freesurfer/fsaverage/label/lh.hOc1.mpm.vpnl.label
srcsubject = fsaverage
trgsubject = sub-v1s20x0050275_ses-1
trglabel = ./lh.hOc1.mpm.vpnl.label
regmethod = surface

srchemi = lh
trghemi = lh
trgsurface = white
srcsurfreg = sphere.reg
trgsurfreg = sphere.reg
usehash = 1
Use ProjAbs  = 0, 0
Use ProjFrac = 0, 0
DoPaint 0

SUBJECTS_DIR    /out/sourcedata/freesurfer
FREESURFER_HOME /opt/freesurfer
Loading source label.
Found 3877 points in source label.
Starting surface-based mapping
Reading source registration 
 /out/sourcedata/freesurfer/fsaverage/surf/lh.sphere.reg
Rescaling ...  original radius = 100
Reading target surface 
 /out/sourcedata/freesurfer/sub-v1s20x0050275_ses-1/surf/lh.white
Reading target registration 
 /out/sourcedata/freesurfer/sub-v1s20x0050275_ses-1/surf/lh.sphere.reg
Rescaling ...  original radius = 100
Building target registration hash (res=16).
Building source registration hash (res=16).
INFO: found  3877 nlabel points
Performing mapping from target back to the source label 133168
Number of reverse mapping hits = 453
Checking for and removing duplicates
Writing label file ./lh.hOc1.mpm.vpnl.label 4330
mri_label2label: Done


 mri_label2label --srcsubject fsaverage --srclabel /out/sourcedata/freesurfer/fsaverage/label/lh.hOc2.mpm.vpnl.label --trgsubject sub-v1s20x0050275_ses-1 --trglabel ./lh.hOc2.mpm.vpnl.label --hemi lh --regmethod surface 


srclabel = /out/sourcedata/freesurfer/fsaverage/label/lh.hOc2.mpm.vpnl.label
srcsubject = fsaverage
trgsubject = sub-v1s20x0050275_ses-1
trglabel = ./lh.hOc2.mpm.vpnl.label
regmethod = surface

srchemi = lh
trghemi = lh
trgsurface = white
srcsurfreg = sphere.reg
trgsurfreg = sphere.reg
usehash = 1
Use ProjAbs  = 0, 0
Use ProjFrac = 0, 0
DoPaint 0

SUBJECTS_DIR    /out/sourcedata/freesurfer
FREESURFER_HOME /opt/freesurfer
Loading source label.
Found 2919 points in source label.
Starting surface-based mapping
Reading source registration 
 /out/sourcedata/freesurfer/fsaverage/surf/lh.sphere.reg
Rescaling ...  original radius = 100
Reading target surface 
 /out/sourcedata/freesurfer/sub-v1s20x0050275_ses-1/surf/lh.white
Reading target registration 
 /out/sourcedata/freesurfer/sub-v1s20x0050275_ses-1/surf/lh.sphere.reg
Rescaling ...  original radius = 100
Building target registration hash (res=16).
Building source registration hash (res=16).
INFO: found  2919 nlabel points
Performing mapping from target back to the source label 133168
Number of reverse mapping hits = 612
Checking for and removing duplicates
Writing label file ./lh.hOc2.mpm.vpnl.label 3531
mri_label2label: Done


 mri_label2label --srcsubject fsaverage --srclabel /out/sourcedata/freesurfer/fsaverage/label/lh.hOc3v.mpm.vpnl.label --trgsubject sub-v1s20x0050275_ses-1 --trglabel ./lh.hOc3v.mpm.vpnl.label --hemi lh --regmethod surface 


srclabel = /out/sourcedata/freesurfer/fsaverage/label/lh.hOc3v.mpm.vpnl.label
srcsubject = fsaverage
trgsubject = sub-v1s20x0050275_ses-1
trglabel = ./lh.hOc3v.mpm.vpnl.label
regmethod = surface

srchemi = lh
trghemi = lh
trgsurface = white
srcsurfreg = sphere.reg
trgsurfreg = sphere.reg
usehash = 1
Use ProjAbs  = 0, 0
Use ProjFrac = 0, 0
DoPaint 0

SUBJECTS_DIR    /out/sourcedata/freesurfer
FREESURFER_HOME /opt/freesurfer
Loading source label.
Found 1286 points in source label.
Starting surface-based mapping
Reading source registration 
 /out/sourcedata/freesurfer/fsaverage/surf/lh.sphere.reg
Rescaling ...  original radius = 100
Reading target surface 
 /out/sourcedata/freesurfer/sub-v1s20x0050275_ses-1/surf/lh.white
Reading target registration 
 /out/sourcedata/freesurfer/sub-v1s20x0050275_ses-1/surf/lh.sphere.reg
Rescaling ...  original radius = 100
Building target registration hash (res=16).
Building source registration hash (res=16).
INFO: found  1286 nlabel points
Performing mapping from target back to the source label 133168
Number of reverse mapping hits = 216
Checking for and removing duplicates
Writing label file ./lh.hOc3v.mpm.vpnl.label 1502
mri_label2label: Done


 mri_label2label --srcsubject fsaverage --srclabel /out/sourcedata/freesurfer/fsaverage/label/lh.hOc4v.mpm.vpnl.label --trgsubject sub-v1s20x0050275_ses-1 --trglabel ./lh.hOc4v.mpm.vpnl.label --hemi lh --regmethod surface 


srclabel = /out/sourcedata/freesurfer/fsaverage/label/lh.hOc4v.mpm.vpnl.label
srcsubject = fsaverage
trgsubject = sub-v1s20x0050275_ses-1
trglabel = ./lh.hOc4v.mpm.vpnl.label
regmethod = surface

srchemi = lh
trghemi = lh
trgsurface = white
srcsurfreg = sphere.reg
trgsurfreg = sphere.reg
usehash = 1
Use ProjAbs  = 0, 0
Use ProjFrac = 0, 0
DoPaint 0

SUBJECTS_DIR    /out/sourcedata/freesurfer
FREESURFER_HOME /opt/freesurfer
Loading source label.
Found 1006 points in source label.
Starting surface-based mapping
Reading source registration 
 /out/sourcedata/freesurfer/fsaverage/surf/lh.sphere.reg
Rescaling ...  original radius = 100
Reading target surface 
 /out/sourcedata/freesurfer/sub-v1s20x0050275_ses-1/surf/lh.white
Reading target registration 
 /out/sourcedata/freesurfer/sub-v1s20x0050275_ses-1/surf/lh.sphere.reg
Rescaling ...  original radius = 100
Building target registration hash (res=16).
Building source registration hash (res=16).
INFO: found  1006 nlabel points
Performing mapping from target back to the source label 133168
Number of reverse mapping hits = 214
Checking for and removing duplicates
Writing label file ./lh.hOc4v.mpm.vpnl.label 1220
mri_label2label: Done


 mris_label2annot --s sub-v1s20x0050275_ses-1 --ctab /opt/freesurfer/average/colortable_vpnl.txt --hemi lh --a mpm.vpnl --maxstatwinner --noverbose --l lh.FG1.mpm.vpnl.label --l lh.FG2.mpm.vpnl.label --l lh.FG3.mpm.vpnl.label --l lh.FG4.mpm.vpnl.label --l lh.hOc1.mpm.vpnl.label --l lh.hOc2.mpm.vpnl.label --l lh.hOc3v.mpm.vpnl.label --l lh.hOc4v.mpm.vpnl.label 

Reading ctab /opt/freesurfer/average/colortable_vpnl.txt
Number of ctab entries 9

7.3.2
cwd /out/sourcedata/freesurfer/sub-v1s20x0050275_ses-1/label
cmdline mris_label2annot --s sub-v1s20x0050275_ses-1 --ctab /opt/freesurfer/average/colortable_vpnl.txt --hemi lh --a mpm.vpnl --maxstatwinner --noverbose --l lh.FG1.mpm.vpnl.label --l lh.FG2.mpm.vpnl.label --l lh.FG3.mpm.vpnl.label --l lh.FG4.mpm.vpnl.label --l lh.hOc1.mpm.vpnl.label --l lh.hOc2.mpm.vpnl.label --l lh.hOc3v.mpm.vpnl.label --l lh.hOc4v.mpm.vpnl.label 
sysname  Linux
hostname dna024
machine  x86_64
user     oesteban

subject sub-v1s20x0050275_ses-1
hemi    lh
SUBJECTS_DIR /out/sourcedata/freesurfer
ColorTable /opt/freesurfer/average/colortable_vpnl.txt
AnnotName  mpm.vpnl
nlables 8
LabelThresh 0 0.000000
Loading /out/sourcedata/freesurfer/sub-v1s20x0050275_ses-1/surf/lh.orig
 1 1376057 FG1
 2 16711935 FG2
 3 16711680 FG3
 4 1705837 FG4
 5 25600 hOc1
 6 255 hOc2
 7 16776960 hOc3v
 8 65535 hOc4v
Mapping unhit to unknown
Found 118907 unhit vertices
Writing annot to /out/sourcedata/freesurfer/sub-v1s20x0050275_ses-1/label/lh.mpm.vpnl.annot

 mri_label2label --srcsubject fsaverage --srclabel /out/sourcedata/freesurfer/fsaverage/label/lh.BA1_exvivo.thresh.label --trgsubject sub-v1s20x0050275_ses-1 --trglabel ./lh.BA1_exvivo.thresh.label --hemi lh --regmethod surface 


srclabel = /out/sourcedata/freesurfer/fsaverage/label/lh.BA1_exvivo.thresh.label
srcsubject = fsaverage
trgsubject = sub-v1s20x0050275_ses-1
trglabel = ./lh.BA1_exvivo.thresh.label
regmethod = surface

srchemi = lh
trghemi = lh
trgsurface = white
srcsurfreg = sphere.reg
trgsurfreg = sphere.reg
usehash = 1
Use ProjAbs  = 0, 0
Use ProjFrac = 0, 0
DoPaint 0

SUBJECTS_DIR    /out/sourcedata/freesurfer
FREESURFER_HOME /opt/freesurfer
Loading source label.
Found 1014 points in source label.
Starting surface-based mapping
Reading source registration 
 /out/sourcedata/freesurfer/fsaverage/surf/lh.sphere.reg
Rescaling ...  original radius = 100
Reading target surface 
 /out/sourcedata/freesurfer/sub-v1s20x0050275_ses-1/surf/lh.white
Reading target registration 
 /out/sourcedata/freesurfer/sub-v1s20x0050275_ses-1/surf/lh.sphere.reg
Rescaling ...  original radius = 100
Building target registration hash (res=16).
Building source registration hash (res=16).
INFO: found  1014 nlabel points
Performing mapping from target back to the source label 133168
Number of reverse mapping hits = 32
Checking for and removing duplicates
Writing label file ./lh.BA1_exvivo.thresh.label 1046
mri_label2label: Done


 mri_label2label --srcsubject fsaverage --srclabel /out/sourcedata/freesurfer/fsaverage/label/lh.BA2_exvivo.thresh.label --trgsubject sub-v1s20x0050275_ses-1 --trglabel ./lh.BA2_exvivo.thresh.label --hemi lh --regmethod surface 


srclabel = /out/sourcedata/freesurfer/fsaverage/label/lh.BA2_exvivo.thresh.label
srcsubject = fsaverage
trgsubject = sub-v1s20x0050275_ses-1
trglabel = ./lh.BA2_exvivo.thresh.label
regmethod = surface

srchemi = lh
trghemi = lh
trgsurface = white
srcsurfreg = sphere.reg
trgsurfreg = sphere.reg
usehash = 1
Use ProjAbs  = 0, 0
Use ProjFrac = 0, 0
DoPaint 0

SUBJECTS_DIR    /out/sourcedata/freesurfer
FREESURFER_HOME /opt/freesurfer
Loading source label.
Found 2092 points in source label.
Starting surface-based mapping
Reading source registration 
 /out/sourcedata/freesurfer/fsaverage/surf/lh.sphere.reg
Rescaling ...  original radius = 100
Reading target surface 
 /out/sourcedata/freesurfer/sub-v1s20x0050275_ses-1/surf/lh.white
Reading target registration 
 /out/sourcedata/freesurfer/sub-v1s20x0050275_ses-1/surf/lh.sphere.reg
Rescaling ...  original radius = 100
Building target registration hash (res=16).
Building source registration hash (res=16).
INFO: found  2092 nlabel points
Performing mapping from target back to the source label 133168
Number of reverse mapping hits = 44
Checking for and removing duplicates
Writing label file ./lh.BA2_exvivo.thresh.label 2136
mri_label2label: Done


 mri_label2label --srcsubject fsaverage --srclabel /out/sourcedata/freesurfer/fsaverage/label/lh.BA3a_exvivo.thresh.label --trgsubject sub-v1s20x0050275_ses-1 --trglabel ./lh.BA3a_exvivo.thresh.label --hemi lh --regmethod surface 


srclabel = /out/sourcedata/freesurfer/fsaverage/label/lh.BA3a_exvivo.thresh.label
srcsubject = fsaverage
trgsubject = sub-v1s20x0050275_ses-1
trglabel = ./lh.BA3a_exvivo.thresh.label
regmethod = surface

srchemi = lh
trghemi = lh
trgsurface = white
srcsurfreg = sphere.reg
trgsurfreg = sphere.reg
usehash = 1
Use ProjAbs  = 0, 0
Use ProjFrac = 0, 0
DoPaint 0

SUBJECTS_DIR    /out/sourcedata/freesurfer
FREESURFER_HOME /opt/freesurfer
Loading source label.
Found 1504 points in source label.
Starting surface-based mapping
Reading source registration 
 /out/sourcedata/freesurfer/fsaverage/surf/lh.sphere.reg
Rescaling ...  original radius = 100
Reading target surface 
 /out/sourcedata/freesurfer/sub-v1s20x0050275_ses-1/surf/lh.white
Reading target registration 
 /out/sourcedata/freesurfer/sub-v1s20x0050275_ses-1/surf/lh.sphere.reg
Rescaling ...  original radius = 100
Building target registration hash (res=16).
Building source registration hash (res=16).
INFO: found  1504 nlabel points
Performing mapping from target back to the source label 133168
Number of reverse mapping hits = 16
Checking for and removing duplicates
Writing label file ./lh.BA3a_exvivo.thresh.label 1520
mri_label2label: Done


 mri_label2label --srcsubject fsaverage --srclabel /out/sourcedata/freesurfer/fsaverage/label/lh.BA3b_exvivo.thresh.label --trgsubject sub-v1s20x0050275_ses-1 --trglabel ./lh.BA3b_exvivo.thresh.label --hemi lh --regmethod surface 


srclabel = /out/sourcedata/freesurfer/fsaverage/label/lh.BA3b_exvivo.thresh.label
srcsubject = fsaverage
trgsubject = sub-v1s20x0050275_ses-1
trglabel = ./lh.BA3b_exvivo.thresh.label
regmethod = surface

srchemi = lh
trghemi = lh
trgsurface = white
srcsurfreg = sphere.reg
trgsurfreg = sphere.reg
usehash = 1
Use ProjAbs  = 0, 0
Use ProjFrac = 0, 0
DoPaint 0

SUBJECTS_DIR    /out/sourcedata/freesurfer
FREESURFER_HOME /opt/freesurfer
Loading source label.
Found 1996 points in source label.
Starting surface-based mapping
Reading source registration 
 /out/sourcedata/freesurfer/fsaverage/surf/lh.sphere.reg
Rescaling ...  original radius = 100
Reading target surface 
 /out/sourcedata/freesurfer/sub-v1s20x0050275_ses-1/surf/lh.white
Reading target registration 
 /out/sourcedata/freesurfer/sub-v1s20x0050275_ses-1/surf/lh.sphere.reg
Rescaling ...  original radius = 100
Building target registration hash (res=16).
Building source registration hash (res=16).
INFO: found  1996 nlabel points
Performing mapping from target back to the source label 133168
Number of reverse mapping hits = 45
Checking for and removing duplicates
Writing label file ./lh.BA3b_exvivo.thresh.label 2041
mri_label2label: Done


 mri_label2label --srcsubject fsaverage --srclabel /out/sourcedata/freesurfer/fsaverage/label/lh.BA4a_exvivo.thresh.label --trgsubject sub-v1s20x0050275_ses-1 --trglabel ./lh.BA4a_exvivo.thresh.label --hemi lh --regmethod surface 


srclabel = /out/sourcedata/freesurfer/fsaverage/label/lh.BA4a_exvivo.thresh.label
srcsubject = fsaverage
trgsubject = sub-v1s20x0050275_ses-1
trglabel = ./lh.BA4a_exvivo.thresh.label
regmethod = surface

srchemi = lh
trghemi = lh
trgsurface = white
srcsurfreg = sphere.reg
trgsurfreg = sphere.reg
usehash = 1
Use ProjAbs  = 0, 0
Use ProjFrac = 0, 0
DoPaint 0

SUBJECTS_DIR    /out/sourcedata/freesurfer
FREESURFER_HOME /opt/freesurfer
Loading source label.
Found 2319 points in source label.
Starting surface-based mapping
Reading source registration 
 /out/sourcedata/freesurfer/fsaverage/surf/lh.sphere.reg
Rescaling ...  original radius = 100
Reading target surface 
 /out/sourcedata/freesurfer/sub-v1s20x0050275_ses-1/surf/lh.white
Reading target registration 
 /out/sourcedata/freesurfer/sub-v1s20x0050275_ses-1/surf/lh.sphere.reg
Rescaling ...  original radius = 100
Building target registration hash (res=16).
Building source registration hash (res=16).
INFO: found  2319 nlabel points
Performing mapping from target back to the source label 133168
Number of reverse mapping hits = 55
Checking for and removing duplicates
Writing label file ./lh.BA4a_exvivo.thresh.label 2374
mri_label2label: Done


 mri_label2label --srcsubject fsaverage --srclabel /out/sourcedata/freesurfer/fsaverage/label/lh.BA4p_exvivo.thresh.label --trgsubject sub-v1s20x0050275_ses-1 --trglabel ./lh.BA4p_exvivo.thresh.label --hemi lh --regmethod surface 


srclabel = /out/sourcedata/freesurfer/fsaverage/label/lh.BA4p_exvivo.thresh.label
srcsubject = fsaverage
trgsubject = sub-v1s20x0050275_ses-1
trglabel = ./lh.BA4p_exvivo.thresh.label
regmethod = surface

srchemi = lh
trghemi = lh
trgsurface = white
srcsurfreg = sphere.reg
trgsurfreg = sphere.reg
usehash = 1
Use ProjAbs  = 0, 0
Use ProjFrac = 0, 0
DoPaint 0

SUBJECTS_DIR    /out/sourcedata/freesurfer
FREESURFER_HOME /opt/freesurfer
Loading source label.
Found 1549 points in source label.
Starting surface-based mapping
Reading source registration 
 /out/sourcedata/freesurfer/fsaverage/surf/lh.sphere.reg
Rescaling ...  original radius = 100
Reading target surface 
 /out/sourcedata/freesurfer/sub-v1s20x0050275_ses-1/surf/lh.white
Reading target registration 
 /out/sourcedata/freesurfer/sub-v1s20x0050275_ses-1/surf/lh.sphere.reg
Rescaling ...  original radius = 100
Building target registration hash (res=16).
Building source registration hash (res=16).
INFO: found  1549 nlabel points
Performing mapping from target back to the source label 133168
Number of reverse mapping hits = 9
Checking for and removing duplicates
Writing label file ./lh.BA4p_exvivo.thresh.label 1558
mri_label2label: Done


 mri_label2label --srcsubject fsaverage --srclabel /out/sourcedata/freesurfer/fsaverage/label/lh.BA6_exvivo.thresh.label --trgsubject sub-v1s20x0050275_ses-1 --trglabel ./lh.BA6_exvivo.thresh.label --hemi lh --regmethod surface 


srclabel = /out/sourcedata/freesurfer/fsaverage/label/lh.BA6_exvivo.thresh.label
srcsubject = fsaverage
trgsubject = sub-v1s20x0050275_ses-1
trglabel = ./lh.BA6_exvivo.thresh.label
regmethod = surface

srchemi = lh
trghemi = lh
trgsurface = white
srcsurfreg = sphere.reg
trgsurfreg = sphere.reg
usehash = 1
Use ProjAbs  = 0, 0
Use ProjFrac = 0, 0
DoPaint 0

SUBJECTS_DIR    /out/sourcedata/freesurfer
FREESURFER_HOME /opt/freesurfer
Loading source label.
Found 7035 points in source label.
Starting surface-based mapping
Reading source registration 
 /out/sourcedata/freesurfer/fsaverage/surf/lh.sphere.reg
Rescaling ...  original radius = 100
Reading target surface 
 /out/sourcedata/freesurfer/sub-v1s20x0050275_ses-1/surf/lh.white
Reading target registration 
 /out/sourcedata/freesurfer/sub-v1s20x0050275_ses-1/surf/lh.sphere.reg
Rescaling ...  original radius = 100
Building target registration hash (res=16).
Building source registration hash (res=16).
INFO: found  7035 nlabel points
Performing mapping from target back to the source label 133168
Number of reverse mapping hits = 378
Checking for and removing duplicates
Writing label file ./lh.BA6_exvivo.thresh.label 7413
mri_label2label: Done


 mri_label2label --srcsubject fsaverage --srclabel /out/sourcedata/freesurfer/fsaverage/label/lh.BA44_exvivo.thresh.label --trgsubject sub-v1s20x0050275_ses-1 --trglabel ./lh.BA44_exvivo.thresh.label --hemi lh --regmethod surface 


srclabel = /out/sourcedata/freesurfer/fsaverage/label/lh.BA44_exvivo.thresh.label
srcsubject = fsaverage
trgsubject = sub-v1s20x0050275_ses-1
trglabel = ./lh.BA44_exvivo.thresh.label
regmethod = surface

srchemi = lh
trghemi = lh
trgsurface = white
srcsurfreg = sphere.reg
trgsurfreg = sphere.reg
usehash = 1
Use ProjAbs  = 0, 0
Use ProjFrac = 0, 0
DoPaint 0

SUBJECTS_DIR    /out/sourcedata/freesurfer
FREESURFER_HOME /opt/freesurfer
Loading source label.
Found 1912 points in source label.
Starting surface-based mapping
Reading source registration 
 /out/sourcedata/freesurfer/fsaverage/surf/lh.sphere.reg
Rescaling ...  original radius = 100
Reading target surface 
 /out/sourcedata/freesurfer/sub-v1s20x0050275_ses-1/surf/lh.white
Reading target registration 
 /out/sourcedata/freesurfer/sub-v1s20x0050275_ses-1/surf/lh.sphere.reg
Rescaling ...  original radius = 100
Building target registration hash (res=16).
Building source registration hash (res=16).
INFO: found  1912 nlabel points
Performing mapping from target back to the source label 133168
Number of reverse mapping hits = 52
Checking for and removing duplicates
Writing label file ./lh.BA44_exvivo.thresh.label 1964
mri_label2label: Done


 mri_label2label --srcsubject fsaverage --srclabel /out/sourcedata/freesurfer/fsaverage/label/lh.BA45_exvivo.thresh.label --trgsubject sub-v1s20x0050275_ses-1 --trglabel ./lh.BA45_exvivo.thresh.label --hemi lh --regmethod surface 


srclabel = /out/sourcedata/freesurfer/fsaverage/label/lh.BA45_exvivo.thresh.label
srcsubject = fsaverage
trgsubject = sub-v1s20x0050275_ses-1
trglabel = ./lh.BA45_exvivo.thresh.label
regmethod = surface

srchemi = lh
trghemi = lh
trgsurface = white
srcsurfreg = sphere.reg
trgsurfreg = sphere.reg
usehash = 1
Use ProjAbs  = 0, 0
Use ProjFrac = 0, 0
DoPaint 0

SUBJECTS_DIR    /out/sourcedata/freesurfer
FREESURFER_HOME /opt/freesurfer
Loading source label.
Found 1151 points in source label.
Starting surface-based mapping
Reading source registration 
 /out/sourcedata/freesurfer/fsaverage/surf/lh.sphere.reg
Rescaling ...  original radius = 100
Reading target surface 
 /out/sourcedata/freesurfer/sub-v1s20x0050275_ses-1/surf/lh.white
Reading target registration 
 /out/sourcedata/freesurfer/sub-v1s20x0050275_ses-1/surf/lh.sphere.reg
Rescaling ...  original radius = 100
Building target registration hash (res=16).
Building source registration hash (res=16).
INFO: found  1151 nlabel points
Performing mapping from target back to the source label 133168
Number of reverse mapping hits = 173
Checking for and removing duplicates
Writing label file ./lh.BA45_exvivo.thresh.label 1324
mri_label2label: Done


 mri_label2label --srcsubject fsaverage --srclabel /out/sourcedata/freesurfer/fsaverage/label/lh.V1_exvivo.thresh.label --trgsubject sub-v1s20x0050275_ses-1 --trglabel ./lh.V1_exvivo.thresh.label --hemi lh --regmethod surface 


srclabel = /out/sourcedata/freesurfer/fsaverage/label/lh.V1_exvivo.thresh.label
srcsubject = fsaverage
trgsubject = sub-v1s20x0050275_ses-1
trglabel = ./lh.V1_exvivo.thresh.label
regmethod = surface

srchemi = lh
trghemi = lh
trgsurface = white
srcsurfreg = sphere.reg
trgsurfreg = sphere.reg
usehash = 1
Use ProjAbs  = 0, 0
Use ProjFrac = 0, 0
DoPaint 0

SUBJECTS_DIR    /out/sourcedata/freesurfer
FREESURFER_HOME /opt/freesurfer
Loading source label.
Found 3405 points in source label.
Starting surface-based mapping
Reading source registration 
 /out/sourcedata/freesurfer/fsaverage/surf/lh.sphere.reg
Rescaling ...  original radius = 100
Reading target surface 
 /out/sourcedata/freesurfer/sub-v1s20x0050275_ses-1/surf/lh.white
Reading target registration 
 /out/sourcedata/freesurfer/sub-v1s20x0050275_ses-1/surf/lh.sphere.reg
Rescaling ...  original radius = 100
Building target registration hash (res=16).
Building source registration hash (res=16).
INFO: found  3405 nlabel points
Performing mapping from target back to the source label 133168
Number of reverse mapping hits = 420
Checking for and removing duplicates
Writing label file ./lh.V1_exvivo.thresh.label 3825
mri_label2label: Done


 mri_label2label --srcsubject fsaverage --srclabel /out/sourcedata/freesurfer/fsaverage/label/lh.V2_exvivo.thresh.label --trgsubject sub-v1s20x0050275_ses-1 --trglabel ./lh.V2_exvivo.thresh.label --hemi lh --regmethod surface 


srclabel = /out/sourcedata/freesurfer/fsaverage/label/lh.V2_exvivo.thresh.label
srcsubject = fsaverage
trgsubject = sub-v1s20x0050275_ses-1
trglabel = ./lh.V2_exvivo.thresh.label
regmethod = surface

srchemi = lh
trghemi = lh
trgsurface = white
srcsurfreg = sphere.reg
trgsurfreg = sphere.reg
usehash = 1
Use ProjAbs  = 0, 0
Use ProjFrac = 0, 0
DoPaint 0

SUBJECTS_DIR    /out/sourcedata/freesurfer
FREESURFER_HOME /opt/freesurfer
Loading source label.
Found 3334 points in source label.
Starting surface-based mapping
Reading source registration 
 /out/sourcedata/freesurfer/fsaverage/surf/lh.sphere.reg
Rescaling ...  original radius = 100
Reading target surface 
 /out/sourcedata/freesurfer/sub-v1s20x0050275_ses-1/surf/lh.white
Reading target registration 
 /out/sourcedata/freesurfer/sub-v1s20x0050275_ses-1/surf/lh.sphere.reg
Rescaling ...  original radius = 100
Building target registration hash (res=16).
Building source registration hash (res=16).
INFO: found  3334 nlabel points
Performing mapping from target back to the source label 133168
Number of reverse mapping hits = 626
Checking for and removing duplicates
Writing label file ./lh.V2_exvivo.thresh.label 3960
mri_label2label: Done


 mri_label2label --srcsubject fsaverage --srclabel /out/sourcedata/freesurfer/fsaverage/label/lh.MT_exvivo.thresh.label --trgsubject sub-v1s20x0050275_ses-1 --trglabel ./lh.MT_exvivo.thresh.label --hemi lh --regmethod surface 


srclabel = /out/sourcedata/freesurfer/fsaverage/label/lh.MT_exvivo.thresh.label
srcsubject = fsaverage
trgsubject = sub-v1s20x0050275_ses-1
trglabel = ./lh.MT_exvivo.thresh.label
regmethod = surface

srchemi = lh
trghemi = lh
trgsurface = white
srcsurfreg = sphere.reg
trgsurfreg = sphere.reg
usehash = 1
Use ProjAbs  = 0, 0
Use ProjFrac = 0, 0
DoPaint 0

SUBJECTS_DIR    /out/sourcedata/freesurfer
FREESURFER_HOME /opt/freesurfer
Loading source label.
Found 513 points in source label.
Starting surface-based mapping
Reading source registration 
 /out/sourcedata/freesurfer/fsaverage/surf/lh.sphere.reg
Rescaling ...  original radius = 100
Reading target surface 
 /out/sourcedata/freesurfer/sub-v1s20x0050275_ses-1/surf/lh.white
Reading target registration 
 /out/sourcedata/freesurfer/sub-v1s20x0050275_ses-1/surf/lh.sphere.reg
Rescaling ...  original radius = 100
Building target registration hash (res=16).
Building source registration hash (res=16).
INFO: found  513 nlabel points
Performing mapping from target back to the source label 133168
Number of reverse mapping hits = 54
Checking for and removing duplicates
Writing label file ./lh.MT_exvivo.thresh.label 567
mri_label2label: Done


 mri_label2label --srcsubject fsaverage --srclabel /out/sourcedata/freesurfer/fsaverage/label/lh.entorhinal_exvivo.thresh.label --trgsubject sub-v1s20x0050275_ses-1 --trglabel ./lh.entorhinal_exvivo.thresh.label --hemi lh --regmethod surface 


srclabel = /out/sourcedata/freesurfer/fsaverage/label/lh.entorhinal_exvivo.thresh.label
srcsubject = fsaverage
trgsubject = sub-v1s20x0050275_ses-1
trglabel = ./lh.entorhinal_exvivo.thresh.label
regmethod = surface

srchemi = lh
trghemi = lh
trgsurface = white
srcsurfreg = sphere.reg
trgsurfreg = sphere.reg
usehash = 1
Use ProjAbs  = 0, 0
Use ProjFrac = 0, 0
DoPaint 0

SUBJECTS_DIR    /out/sourcedata/freesurfer
FREESURFER_HOME /opt/freesurfer
Loading source label.
Found 470 points in source label.
Starting surface-based mapping
Reading source registration 
 /out/sourcedata/freesurfer/fsaverage/surf/lh.sphere.reg
Rescaling ...  original radius = 100
Reading target surface 
 /out/sourcedata/freesurfer/sub-v1s20x0050275_ses-1/surf/lh.white
Reading target registration 
 /out/sourcedata/freesurfer/sub-v1s20x0050275_ses-1/surf/lh.sphere.reg
Rescaling ...  original radius = 100
Building target registration hash (res=16).
Building source registration hash (res=16).
INFO: found  470 nlabel points
Performing mapping from target back to the source label 133168
Number of reverse mapping hits = 114
Checking for and removing duplicates
Writing label file ./lh.entorhinal_exvivo.thresh.label 584
mri_label2label: Done


 mri_label2label --srcsubject fsaverage --srclabel /out/sourcedata/freesurfer/fsaverage/label/lh.perirhinal_exvivo.thresh.label --trgsubject sub-v1s20x0050275_ses-1 --trglabel ./lh.perirhinal_exvivo.thresh.label --hemi lh --regmethod surface 


srclabel = /out/sourcedata/freesurfer/fsaverage/label/lh.perirhinal_exvivo.thresh.label
srcsubject = fsaverage
trgsubject = sub-v1s20x0050275_ses-1
trglabel = ./lh.perirhinal_exvivo.thresh.label
regmethod = surface

srchemi = lh
trghemi = lh
trgsurface = white
srcsurfreg = sphere.reg
trgsurfreg = sphere.reg
usehash = 1
Use ProjAbs  = 0, 0
Use ProjFrac = 0, 0
DoPaint 0

SUBJECTS_DIR    /out/sourcedata/freesurfer
FREESURFER_HOME /opt/freesurfer
Loading source label.
Found 450 points in source label.
Starting surface-based mapping
Reading source registration 
 /out/sourcedata/freesurfer/fsaverage/surf/lh.sphere.reg
Rescaling ...  original radius = 100
Reading target surface 
 /out/sourcedata/freesurfer/sub-v1s20x0050275_ses-1/surf/lh.white
Reading target registration 
 /out/sourcedata/freesurfer/sub-v1s20x0050275_ses-1/surf/lh.sphere.reg
Rescaling ...  original radius = 100
Building target registration hash (res=16).
Building source registration hash (res=16).
INFO: found  450 nlabel points
Performing mapping from target back to the source label 133168
Number of reverse mapping hits = 67
Checking for and removing duplicates
Writing label file ./lh.perirhinal_exvivo.thresh.label 517
mri_label2label: Done


 mris_label2annot --s sub-v1s20x0050275_ses-1 --hemi lh --ctab /opt/freesurfer/average/colortable_BA.txt --l lh.BA1_exvivo.label --l lh.BA2_exvivo.label --l lh.BA3a_exvivo.label --l lh.BA3b_exvivo.label --l lh.BA4a_exvivo.label --l lh.BA4p_exvivo.label --l lh.BA6_exvivo.label --l lh.BA44_exvivo.label --l lh.BA45_exvivo.label --l lh.V1_exvivo.label --l lh.V2_exvivo.label --l lh.MT_exvivo.label --l lh.perirhinal_exvivo.label --l lh.entorhinal_exvivo.label --a BA_exvivo --maxstatwinner --noverbose 

Reading ctab /opt/freesurfer/average/colortable_BA.txt
Number of ctab entries 15

7.3.2
cwd /out/sourcedata/freesurfer/sub-v1s20x0050275_ses-1/label
cmdline mris_label2annot --s sub-v1s20x0050275_ses-1 --hemi lh --ctab /opt/freesurfer/average/colortable_BA.txt --l lh.BA1_exvivo.label --l lh.BA2_exvivo.label --l lh.BA3a_exvivo.label --l lh.BA3b_exvivo.label --l lh.BA4a_exvivo.label --l lh.BA4p_exvivo.label --l lh.BA6_exvivo.label --l lh.BA44_exvivo.label --l lh.BA45_exvivo.label --l lh.V1_exvivo.label --l lh.V2_exvivo.label --l lh.MT_exvivo.label --l lh.perirhinal_exvivo.label --l lh.entorhinal_exvivo.label --a BA_exvivo --maxstatwinner --noverbose 
sysname  Linux
hostname dna024
machine  x86_64
user     oesteban

subject sub-v1s20x0050275_ses-1
hemi    lh
SUBJECTS_DIR /out/sourcedata/freesurfer
ColorTable /opt/freesurfer/average/colortable_BA.txt
AnnotName  BA_exvivo
nlables 14
LabelThresh 0 0.000000
Loading /out/sourcedata/freesurfer/sub-v1s20x0050275_ses-1/surf/lh.orig
 1 1530880 BA1_exvivo
 2 16749699 BA2_exvivo
 3 16711680 BA3a_exvivo
 4 3368703 BA3b_exvivo
 5 1376196 BA4a_exvivo
 6 13382655 BA4p_exvivo
 7 10036737 BA6_exvivo
 8 2490521 BA44_exvivo
 9 39283 BA45_exvivo
10 3993 V1_exvivo
11 8508928 V2_exvivo
12 10027163 MT_exvivo
13 16422433 perirhinal_exvivo
14 16392598 entorhinal_exvivo
Mapping unhit to unknown
Found 93807 unhit vertices
Writing annot to /out/sourcedata/freesurfer/sub-v1s20x0050275_ses-1/label/lh.BA_exvivo.annot

 mris_label2annot --s sub-v1s20x0050275_ses-1 --hemi lh --ctab /opt/freesurfer/average/colortable_BA.txt --l lh.BA1_exvivo.thresh.label --l lh.BA2_exvivo.thresh.label --l lh.BA3a_exvivo.thresh.label --l lh.BA3b_exvivo.thresh.label --l lh.BA4a_exvivo.thresh.label --l lh.BA4p_exvivo.thresh.label --l lh.BA6_exvivo.thresh.label --l lh.BA44_exvivo.thresh.label --l lh.BA45_exvivo.thresh.label --l lh.V1_exvivo.thresh.label --l lh.V2_exvivo.thresh.label --l lh.MT_exvivo.thresh.label --l lh.perirhinal_exvivo.thresh.label --l lh.entorhinal_exvivo.thresh.label --a BA_exvivo.thresh --maxstatwinner --noverbose 

Reading ctab /opt/freesurfer/average/colortable_BA.txt
Number of ctab entries 15

7.3.2
cwd /out/sourcedata/freesurfer/sub-v1s20x0050275_ses-1/label
cmdline mris_label2annot --s sub-v1s20x0050275_ses-1 --hemi lh --ctab /opt/freesurfer/average/colortable_BA.txt --l lh.BA1_exvivo.thresh.label --l lh.BA2_exvivo.thresh.label --l lh.BA3a_exvivo.thresh.label --l lh.BA3b_exvivo.thresh.label --l lh.BA4a_exvivo.thresh.label --l lh.BA4p_exvivo.thresh.label --l lh.BA6_exvivo.thresh.label --l lh.BA44_exvivo.thresh.label --l lh.BA45_exvivo.thresh.label --l lh.V1_exvivo.thresh.label --l lh.V2_exvivo.thresh.label --l lh.MT_exvivo.thresh.label --l lh.perirhinal_exvivo.thresh.label --l lh.entorhinal_exvivo.thresh.label --a BA_exvivo.thresh --maxstatwinner --noverbose 
sysname  Linux
hostname dna024
machine  x86_64
user     oesteban

subject sub-v1s20x0050275_ses-1
hemi    lh
SUBJECTS_DIR /out/sourcedata/freesurfer
ColorTable /opt/freesurfer/average/colortable_BA.txt
AnnotName  BA_exvivo.thresh
nlables 14
LabelThresh 0 0.000000
Loading /out/sourcedata/freesurfer/sub-v1s20x0050275_ses-1/surf/lh.orig
 1 1530880 BA1_exvivo
 2 16749699 BA2_exvivo
 3 16711680 BA3a_exvivo
 4 3368703 BA3b_exvivo
 5 1376196 BA4a_exvivo
 6 13382655 BA4p_exvivo
 7 10036737 BA6_exvivo
 8 2490521 BA44_exvivo
 9 39283 BA45_exvivo
10 3993 V1_exvivo
11 8508928 V2_exvivo
12 10027163 MT_exvivo
13 16422433 perirhinal_exvivo
14 16392598 entorhinal_exvivo
Mapping unhit to unknown
Found 110214 unhit vertices
Writing annot to /out/sourcedata/freesurfer/sub-v1s20x0050275_ses-1/label/lh.BA_exvivo.thresh.annot

 mris_anatomical_stats -th3 -mgz -noglobal -f ../stats/lh.BA_exvivo.stats -b -a ./lh.BA_exvivo.annot -c ./BA_exvivo.ctab sub-v1s20x0050275_ses-1 lh white 

computing statistics for each annotation in ./lh.BA_exvivo.annot.
reading volume /out/sourcedata/freesurfer/sub-v1s20x0050275_ses-1/mri/wm.mgz...
reading input surface /out/sourcedata/freesurfer/sub-v1s20x0050275_ses-1/surf/lh.white...
reading input pial surface /out/sourcedata/freesurfer/sub-v1s20x0050275_ses-1/surf/lh.pial...
reading input white surface /out/sourcedata/freesurfer/sub-v1s20x0050275_ses-1/surf/lh.white...
INFO: using TH3 volume calc
INFO: assuming MGZ format for volumes.
INFO: not computing global stats
Using TH3 vertex volume calc
Total face volume 240981
Total vertex volume 240720 (mask=0)
Saving annotation colortable ./BA_exvivo.ctab

table columns are:
    number of vertices
    total surface area (mm^2)
    total gray matter volume (mm^3)
    average cortical thickness +- standard deviation (mm)
    integrated rectified mean curvature
    integrated rectified Gaussian curvature
    folding index
    intrinsic curvature index
    structure name

 1105    671   1782  2.052 0.722     0.125     0.031       14     1.3  BA1_exvivo
 3883   2513   6163  2.452 0.563     0.104     0.021       28     3.2  BA2_exvivo
 1050    688    949  1.750 0.460     0.123     0.026        9     1.1  BA3a_exvivo
 2263   1565   3421  1.910 0.738     0.108     0.023       22     2.2  BA3b_exvivo
 1646    978   3218  2.657 0.775     0.098     0.023       11     1.6  BA4a_exvivo
 1204    795   1918  2.460 0.628     0.095     0.020        5     1.1  BA4p_exvivo
10067   6826  22485  2.847 0.589     0.117     0.024       88    10.0  BA6_exvivo
 2146   1499   4433  2.649 0.588     0.119     0.022       22     2.1  BA44_exvivo
 3100   2260   6620  2.479 0.673     0.126     0.029       36     3.6  BA45_exvivo
 2858   1883   3010  1.629 0.521     0.126     0.033       32     3.8  V1_exvivo
 6803   4539   8819  1.842 0.595     0.135     0.037       84    10.6  V2_exvivo
 1707   1178   2715  2.110 0.636     0.128     0.028       19     1.9  MT_exvivo
  744    500   1329  2.419 0.731     0.101     0.027        4     0.7  perirhinal_exvivo
  785    492   1606  2.420 0.921     0.098     0.033        7     1.1  entorhinal_exvivo

 mris_anatomical_stats -th3 -mgz -f ../stats/lh.BA_exvivo.thresh.stats -noglobal -b -a ./lh.BA_exvivo.thresh.annot -c ./BA_exvivo.thresh.ctab sub-v1s20x0050275_ses-1 lh white 

computing statistics for each annotation in ./lh.BA_exvivo.thresh.annot.
reading volume /out/sourcedata/freesurfer/sub-v1s20x0050275_ses-1/mri/wm.mgz...
reading input surface /out/sourcedata/freesurfer/sub-v1s20x0050275_ses-1/surf/lh.white...
reading input pial surface /out/sourcedata/freesurfer/sub-v1s20x0050275_ses-1/surf/lh.pial...
reading input white surface /out/sourcedata/freesurfer/sub-v1s20x0050275_ses-1/surf/lh.white...
INFO: using TH3 volume calc
INFO: assuming MGZ format for volumes.
INFO: not computing global stats
Using TH3 vertex volume calc
Total face volume 240981
Total vertex volume 240720 (mask=0)
Saving annotation colortable ./BA_exvivo.thresh.ctab

table columns are:
    number of vertices
    total surface area (mm^2)
    total gray matter volume (mm^3)
    average cortical thickness +- standard deviation (mm)
    integrated rectified mean curvature
    integrated rectified Gaussian curvature
    folding index
    intrinsic curvature index
    structure name

  725    429   1105  2.009 0.642     0.131     0.031       10     0.9  BA1_exvivo
 1500    946   2477  2.393 0.568     0.089     0.018        8     1.0  BA2_exvivo
  893    581    751  1.739 0.422     0.130     0.028        8     1.0  BA3a_exvivo
 1422    946   1501  1.486 0.367     0.089     0.016        8     1.0  BA3b_exvivo
 1526    918   2812  2.603 0.750     0.099     0.023       10     1.5  BA4a_exvivo
  992    649   1550  2.443 0.615     0.091     0.019        4     0.8  BA4p_exvivo
 5503   3650  12140  2.812 0.620     0.120     0.026       50     5.9  BA6_exvivo
 1395    986   3087  2.719 0.588     0.130     0.025       16     1.6  BA44_exvivo
 1211    918   3111  2.696 0.640     0.144     0.038       17     1.8  BA45_exvivo
 3025   2003   3265  1.629 0.515     0.125     0.033       35     3.9  V1_exvivo
 3436   2334   4148  1.715 0.552     0.148     0.044       48     6.8  V2_exvivo
  477    334    608  1.751 0.469     0.122     0.021        5     0.4  MT_exvivo
  326    223    616  2.489 0.721     0.103     0.030        2     0.3  perirhinal_exvivo
  523    307    974  2.429 0.824     0.080     0.027        3     0.6  entorhinal_exvivo

Started at Sat Mar 7 09:44:03 CET 2026 
Ended   at Sat Mar 7 09:47:00 CET 2026
#@#%# recon-all-run-time-hours 0.049
recon-all -s sub-v1s20x0050275_ses-1 finished without error at Sat Mar  7 09:47:00 CET 2026
