#!ascii label  , from subject sub-v1s10x0051018_ses-1 vox2ras=TkReg
6209
123040  47.879  -11.655  29.312 0.2000000030
83342  46.652  -11.995  28.480 0.3000000119
83341  47.524  -11.459  28.404 0.2000000030
83340  48.456  -11.198  28.813 0.2000000030
84247  45.790  -11.148  27.305 0.2000000030
84245  47.487  -10.909  27.604 0.3000000119
84236  48.232  -10.857  28.006 0.3000000119
84257  46.092  -10.370  26.730 0.3000000119
138990  46.827  -10.191  26.651 0.3000000119
139427  48.077  -10.517  27.378 0.4000000060
85142  45.024  -9.278  25.766 0.4000000060
85129  45.538  -9.814  26.297 0.3000000119
85128  46.404  -9.752  26.247 0.4000000060
133373  47.274  -9.709  26.254 0.3000000119
84256  47.537  -10.316  26.909 0.4000000060
126756  47.931  -9.841  26.503 0.3000000119
85991  44.959  -8.265  24.689 0.5000000000
85982  45.427  -8.689  25.268 0.5000000000
85141  45.909  -9.263  25.731 0.5000000000
85140  46.744  -9.245  25.719 0.5000000000
85138  47.988  -9.394  26.011 0.4000000060
86850  44.851  -7.614  23.316 0.4000000060
86840  45.393  -7.897  24.014 0.5000000000
85990  45.859  -8.274  24.669 0.5000000000
85980  47.131  -8.725  25.266 0.5000000000
85127  48.535  -9.592  26.460 0.4000000060
86858  44.418  -7.317  22.604 0.4000000060
86857  45.155  -7.329  22.773 0.4000000060
86839  46.311  -7.895  24.038 0.5000000000
85989  46.731  -8.297  24.679 0.5000000000
85973  48.728  -9.039  25.898 0.4000000060
87692  44.589  -6.597  21.249 0.4000000060
135887  45.686  -7.163  22.596 0.4000000060
86849  45.820  -7.525  23.283 0.5000000000
86838  47.190  -7.916  24.102 0.5000000000
85988  47.585  -8.313  24.732 0.5000000000
85979  48.013  -8.781  25.389 0.5000000000
87698  45.600  -5.861  20.691 0.5000000000
87691  45.418  -6.385  21.410 0.4000000060
86856  46.438  -7.170  22.757 0.5000000000
86848  46.803  -7.534  23.450 0.5000000000
86837  48.023  -7.876  24.194 0.5000000000
85987  48.422  -8.242  24.789 0.5000000000
85202  46.161  -8.992  15.140 0.8000000119
136304  45.686  -7.762  16.592 0.8999999762
86895  45.201  -6.877  17.737 0.8000000119
87720  45.342  -6.242  18.427 0.6000000238
88668  45.686  -5.606  19.823 0.6000000238
87679  46.906  -6.697  22.236 0.5000000000
86855  47.321  -7.154  22.914 0.5000000000
136001  48.478  -7.501  23.720 0.5000000000
85972  49.625  -8.570  25.705 0.4000000060
86063  46.585  -8.669  14.626 0.8000000119
86047  46.156  -7.998  16.031 0.8999999762
86894  45.912  -7.058  17.117 0.8000000119
87719  46.195  -5.945  18.219 0.8000000119
88684  45.847  -5.602  18.964 0.6999999881
88651  46.396  -5.539  20.498 0.5000000000
87689  47.406  -6.201  21.750 0.5000000000
86854  48.220  -7.130  23.088 0.5000000000
86836  48.820  -7.765  24.272 0.5000000000
85986  49.256  -8.094  24.880 0.5000000000
85223  47.015  -10.120  13.064 0.6999999881
85218  46.674  -9.728  13.692 0.8000000119
88683  46.694  -5.443  18.736 0.6999999881
88650  47.181  -5.221  20.224 0.6000000238
87678  48.837  -6.614  22.584 0.5000000000
144340  49.036  -7.484  23.870 0.5000000000
86070  46.826  -8.867  13.913 0.8000000119
86055  46.529  -8.141  15.280 0.8999999762
87750  46.807  -6.851  16.669 0.8999999762
87734  46.519  -6.414  17.493 0.8000000119
127796  47.299  -5.129  19.347 0.6999999881
124684  47.894  -5.358  20.774 0.5000000000
87688  48.261  -6.166  21.924 0.5000000000
86846  49.133  -7.149  23.378 0.5000000000
85217  47.205  -9.279  13.109 0.6999999881
86907  47.053  -7.306  15.236 0.8999999762
87760  47.280  -6.882  15.965 0.8999999762
87733  47.374  -6.238  17.276 0.8000000119
121590  47.544  -5.326  18.559 0.8999999762
85229  47.610  -9.497  12.265 0.6999999881
86069  47.248  -8.271  13.399 0.8000000119
141319  48.031  -4.999  19.139 0.5000000000
139824  49.075  -6.000  21.921 0.5000000000
87677  49.610  -6.734  22.909 0.5000000000
82472  50.493  -12.801  8.976 0.6000000238
83472  49.343  -11.648  9.220 0.6999999881
84375  48.583  -10.540  10.331 0.6999999881
85228  48.139  -9.358  11.525 0.6999999881
86077  47.577  -8.585  12.600 0.6999999881
86920  47.400  -7.302  13.665 0.8999999762
87749  47.660  -6.415  16.585 0.8999999762
88699  47.892  -5.632  17.821 0.8999999762
88649  48.727  -5.188  20.555 0.5000000000
87687  49.706  -6.318  22.365 0.5000000000
82485  49.978  -12.129  8.793 0.6999999881
84384  48.904  -11.090  9.707 0.6999999881
132009  48.723  -9.816  10.398 0.6999999881
86086  47.927  -8.786  11.965 0.6999999881
87766  47.413  -6.880  14.523 0.8000000119
87759  47.830  -6.446  16.002 0.8999999762
88698  48.812  -5.521  17.727 0.8999999762
88665  48.933  -4.991  19.460 0.6000000238
88631  49.335  -5.490  21.245 0.5000000000
124346  51.062  -12.123  8.395 0.6999999881
84383  49.492  -10.802  9.260 0.6999999881
85236  48.578  -9.219  10.829 0.6999999881
86076  47.968  -8.021  12.085 0.6999999881
87732  48.244  -5.986  17.143 0.8999999762
83483  49.835  -11.333  8.843 0.6999999881
84374  49.141  -10.122  9.786 0.6999999881
86085  48.368  -8.481  11.371 0.6999999881
87778  47.659  -6.854  13.088 0.8000000119
87772  47.706  -6.390  13.802 0.8999999762
87765  47.865  -6.086  14.697 0.8000000119
87748  48.508  -6.071  16.430 0.8999999762
88697  49.758  -5.554  17.633 0.8000000119
88664  50.217  -5.087  19.315 0.6000000238
83482  50.466  -11.339  8.500 0.6999999881
84394  50.068  -10.575  8.794 0.6999999881
85242  49.639  -9.360  9.495 0.6999999881
86093  48.839  -8.410  10.567 0.6999999881
133929  48.411  -7.515  11.489 0.6999999881
140130  48.061  -6.070  12.920 0.8000000119
88725  48.704  -5.665  15.058 0.8000000119
87757  49.052  -5.846  15.887 0.8999999762
87747  49.449  -5.795  16.521 0.8999999762
84393  50.757  -10.408  8.399 0.6999999881
85249  50.289  -9.632  8.837 0.6999999881
85235  49.038  -9.228  10.128 0.6999999881
141716  48.591  -8.008  11.040 0.6999999881
136665  48.383  -5.607  13.999 0.8000000119
85241  50.161  -8.660  9.189 0.6999999881
86092  49.454  -8.570  9.847 0.6999999881
86940  48.804  -7.618  10.770 0.6000000238
87790  48.732  -6.938  11.063 0.6000000238
87785  48.458  -6.386  11.807 0.8000000119
86107  50.822  -8.284  8.700 0.6999999881
86946  50.312  -7.802  9.209 0.6000000238
86939  49.301  -7.820  10.167 0.6000000238
133423  49.153  -7.027  10.442 0.6000000238
88748  48.612  -5.458  12.453 0.8000000119
88739  48.609  -5.371  13.240 0.8000000119
86947  49.764  -7.258  9.737 0.6000000238
87797  49.560  -6.394  10.142 0.6000000238
87784  48.966  -6.127  10.934 0.6999999881
88757  48.777  -5.571  11.681 0.8000000119
128660  50.305  -7.149  9.223 0.6000000238
87796  50.071  -6.565  9.484 0.6000000238
88774  49.943  -5.783  9.778 0.6000000238
120874  48.121  -11.805  30.153 0.2000000030
83333  48.743  -11.417  29.707 0.2000000030
84226  49.378  -10.959  29.279 0.2000000030
84235  49.077  -10.667  28.393 0.2000000030
85119  48.911  -9.816  26.930 0.2000000030
85126  49.402  -9.311  26.506 0.3000000119
85209  46.372  -9.395  14.421 0.8000000119
86835  49.724  -7.496  24.152 0.5000000000
83458  47.585  -11.038  11.565 0.6999999881
81511  50.955  -13.339  9.592 0.5000000000
81513  49.287  -13.117  9.635 0.6000000238
83464  48.368  -11.410  10.249 0.6999999881
81510  52.107  -13.188  9.865 0.5000000000
83473  48.729  -11.961  9.643 0.6999999881
84366  47.842  -10.190  11.604 0.6999999881
82471  51.484  -12.851  8.910 0.6000000238
82473  49.294  -12.437  9.351 0.6999999881
84376  48.088  -10.820  10.934 0.6999999881
138093  49.782  -5.843  21.805 0.6000000238
87686  50.601  -6.028  22.059 0.6000000238
82470  52.508  -12.738  8.984 0.6999999881
88648  49.684  -5.154  20.377 0.5000000000
82484  51.962  -12.410  8.352 0.6999999881
87730  49.997  -5.726  17.003 0.8999999762
127115  50.743  -8.987  8.680 0.6999999881
138972  49.813  -5.768  16.119 0.8999999762
85248  51.073  -9.574  8.361 0.6999999881
88724  49.548  -5.352  14.564 0.8000000119
86106  51.368  -8.830  8.314 0.6999999881
88756  49.204  -5.187  11.272 0.6999999881
89595  49.839  -4.389  12.350 0.8000000119
86952  50.895  -7.368  8.698 0.6000000238
87802  50.538  -6.707  8.989 0.6000000238
89604  49.645  -4.528  11.623 0.6999999881
88765  49.954  -4.902  10.180 0.6999999881
133405  50.417  -6.018  9.078 0.6000000238
88773  50.327  -5.153  9.393 0.6999999881
89621  50.397  -4.197  9.854 0.6999999881
83329  49.037  -11.631  30.655 0.2000000030
83316  49.336  -11.819  31.662 0.2000000030
84244  48.824  -10.289  27.534 0.2000000030
84234  50.046  -10.502  28.860 0.2000000030
86828  50.199  -7.942  25.041 0.5000000000
86834  50.817  -7.509  24.496 0.5000000000
86845  50.590  -7.177  23.882 0.5000000000
133365  53.369  -13.235  11.490 0.6000000238
81495  52.286  -13.409  10.908 0.5000000000
87676  50.365  -6.582  22.792 0.5000000000
87670  50.047  -6.971  23.414 0.5000000000
81494  53.973  -12.802  10.625 0.6000000238
144950  52.961  -13.101  10.549 0.6000000238
88647  50.687  -5.244  20.357 0.5000000000
81509  53.210  -12.799  9.813 0.6000000238
134170  51.319  -5.644  17.925 0.6999999881
88680  50.425  -5.420  18.243 0.6999999881
121620  53.533  -12.470  9.011 0.6000000238
82494  52.155  -11.777  7.885 0.6999999881
83481  51.299  -11.203  8.062 0.6999999881
135399  50.747  -5.758  16.778 0.8999999762
87746  50.140  -5.735  16.506 0.8999999762
82483  52.849  -12.277  8.280 0.6000000238
87756  50.649  -5.799  16.054 0.8999999762
88715  49.753  -5.646  15.509 0.8999999762
82493  53.289  -11.681  7.874 0.6000000238
83491  52.813  -11.099  7.640 0.6000000238
84392  51.517  -10.283  7.999 0.6999999881
88723  50.502  -5.292  14.367 0.8000000119
84405  52.360  -10.256  7.697 0.6000000238
89583  50.358  -4.601  13.108 0.8000000119
88738  49.064  -5.191  13.743 0.8000000119
85263  51.849  -9.483  7.945 0.6999999881
86116  53.364  -8.495  7.631 0.5000000000
86117  52.216  -8.665  7.862 0.6000000238
86951  51.564  -8.009  8.227 0.6000000238
89613  50.259  -4.098  10.669 0.6999999881
134316  50.117  -4.165  11.249 0.6999999881
85261  54.008  -9.297  7.569 0.5000000000
86960  52.650  -7.640  7.725 0.5000000000
129464  51.689  -7.120  8.020 0.5000000000
87801  51.099  -6.365  8.426 0.6000000238
128451  54.155  -7.461  7.512 0.5000000000
132949  53.561  -6.649  7.445 0.5000000000
87812  51.951  -6.192  7.730 0.5000000000
88782  50.859  -5.395  8.625 0.6000000238
89629  50.771  -4.463  9.024 0.6000000238
87811  53.012  -5.910  7.314 0.5000000000
88781  51.551  -5.447  7.853 0.5000000000
90485  51.235  -3.707  8.619 0.6000000238
88791  52.480  -5.204  7.261 0.5000000000
133642  53.119  -4.284  6.492 0.5000000000
133374  51.703  -3.661  7.577 0.5000000000
83293  49.574  -11.974  32.617 0.2000000030
83328  50.246  -11.400  31.329 0.2000000030
83332  49.776  -11.195  30.266 0.2000000030
83314  51.496  -10.884  32.101 0.2000000030
84221  51.048  -10.930  30.977 0.2000000030
84225  50.462  -10.728  29.865 0.2000000030
84243  49.735  -10.157  28.001 0.2000000030
84242  50.730  -9.982  28.506 0.2000000030
85117  50.397  -9.638  27.665 0.2000000030
85118  49.540  -9.761  27.258 0.2000000030
85125  50.131  -9.362  26.991 0.3000000119
85116  51.496  -9.411  28.191 0.2000000030
85962  51.031  -9.095  27.248 0.3000000119
85971  50.387  -8.836  26.461 0.3000000119
85961  52.382  -8.697  27.827 0.3000000119
85970  51.585  -8.400  26.646 0.3000000119
85978  50.726  -8.234  25.816 0.3000000119
86821  52.526  -7.879  26.400 0.3000000119
86827  51.194  -7.807  25.229 0.3000000119
86833  51.856  -7.540  24.727 0.4000000060
86844  51.488  -7.192  24.006 0.4000000060
87669  50.982  -6.855  23.357 0.5000000000
81484  54.518  -13.119  12.181 0.5000000000
87685  51.643  -6.049  22.014 0.6000000238
87675  51.334  -6.498  22.680 0.6000000238
81473  56.601  -13.342  12.460 0.5000000000
81493  54.823  -12.796  11.385 0.6000000238
87684  52.574  -6.005  21.832 0.6000000238
142126  51.887  -5.811  21.551 0.6000000238
80506  57.173  -14.287  12.593 0.5000000000
81483  55.802  -12.900  11.969 0.5000000000
82458  56.026  -12.672  11.250 0.6000000238
88646  51.652  -5.355  20.326 0.6000000238
122146  51.149  -5.215  19.609 0.5000000000
81472  57.318  -13.810  12.082 0.5000000000
82448  56.906  -13.164  11.469 0.6000000238
82459  55.362  -12.510  10.607 0.6000000238
82469  54.415  -12.429  9.838 0.6999999881
124410  51.174  -5.338  18.790 0.5000000000
122421  54.594  -12.162  9.122 0.6000000238
88679  51.929  -5.596  18.392 0.5000000000
87729  51.493  -5.795  17.158 0.8999999762
87745  51.565  -5.880  16.444 0.8999999762
82457  56.728  -12.709  10.507 0.5000000000
127752  55.967  -12.084  9.699 0.6000000238
82481  55.334  -11.718  8.780 0.6000000238
87755  51.741  -5.891  15.732 0.8999999762
88714  50.817  -5.603  15.126 0.8000000119
83480  54.562  -11.401  8.103 0.6000000238
83490  53.922  -10.970  7.662 0.6000000238
88737  50.950  -4.997  13.758 0.8999999762
82468  56.984  -12.427  9.412 0.5000000000
82480  56.800  -11.696  8.830 0.6000000238
85262  52.805  -9.423  7.662 0.6000000238
83471  57.311  -11.841  8.520 0.6000000238
83479  56.186  -11.052  8.478 0.6000000238
84402  55.967  -9.908  7.750 0.6000000238
125725  50.835  -3.487  11.102 0.6999999881
83488  56.992  -10.365  8.088 0.6000000238
84401  56.921  -9.961  7.539 0.6000000238
85260  55.473  -9.055  7.517 0.5000000000
127685  54.798  -8.281  7.518 0.5000000000
90476  50.941  -3.540  9.528 0.6999999881
85259  56.616  -8.963  7.274 0.6000000238
91344  52.126  -1.956  9.692 0.8000000119
86114  56.689  -8.152  7.050 0.5000000000
86959  56.484  -7.594  7.085 0.5000000000
131189  54.971  -6.455  7.205 0.5000000000
90484  51.589  -2.750  8.154 0.6000000238
91351  51.971  -1.805  8.836 0.8000000119
84411  56.872  -9.696  6.900 0.5000000000
86122  56.493  -7.680  6.761 0.5000000000
87808  56.385  -7.115  6.974 0.5000000000
87810  54.323  -5.722  6.972 0.5000000000
88790  53.721  -5.027  6.647 0.5000000000
89635  52.601  -3.523  6.607 0.5000000000
90492  52.651  -2.738  6.239 0.5000000000
91358  52.117  -1.806  7.761 0.6000000238
86966  56.089  -7.019  6.290 0.5000000000
86974  55.876  -6.342  6.202 0.5000000000
88797  55.293  -5.384  6.014 0.5000000000
89644  53.957  -4.375  5.957 0.5000000000
89645  53.242  -3.782  6.085 0.5000000000
87828  55.129  -5.698  5.756 0.5000000000
88805  54.518  -4.985  5.786 0.5000000000
122444  54.403  -11.960  6.440 0.4000000060
83501  53.885  -11.272  6.413 0.4000000060
84187  50.803  -10.531  34.300 0.2000000030
83315  50.495  -11.489  32.371 0.2000000030
85046  48.705  -9.267  34.398 0.1000000015
141091  49.448  -9.767  34.545 0.1000000015
83291  51.277  -11.025  33.003 0.2000000030
85051  48.725  -9.691  33.627 0.1000000015
85062  49.374  -9.784  33.100 0.1000000015
84194  51.751  -10.343  32.596 0.2000000030
85060  51.709  -9.964  32.907 0.2000000030
84220  52.055  -10.441  31.575 0.2000000030
85081  50.986  -9.459  32.474 0.2000000030
84211  52.156  -9.976  32.306 0.2000000030
84224  51.700  -10.451  30.555 0.2000000030
84232  52.250  -9.911  30.165 0.2000000030
85094  51.054  -9.013  31.745 0.2000000030
85093  52.516  -9.345  31.184 0.2000000030
85925  52.693  -8.679  30.774 0.2000000030
85101  52.747  -9.246  30.558 0.2000000030
85092  52.998  -8.704  30.416 0.2000000030
85949  52.779  -9.020  29.070 0.2000000030
87627  53.985  -6.368  28.251 0.2000000030
86788  53.914  -7.411  28.926 0.3000000119
85932  53.739  -7.780  29.415 0.3000000119
125675  53.362  -8.377  28.748 0.3000000119
87617  54.050  -6.851  28.455 0.3000000119
87647  54.687  -6.108  26.985 0.3000000119
86819  54.333  -6.609  27.625 0.3000000119
86820  53.750  -7.478  27.212 0.3000000119
85969  52.763  -8.134  27.181 0.3000000119
87661  54.780  -6.342  26.116 0.3000000119
86824  54.420  -6.777  26.675 0.3000000119
133846  54.569  -6.633  25.181 0.4000000060
87664  53.700  -7.157  24.696 0.3000000119
86831  54.110  -7.089  25.620 0.3000000119
86826  52.205  -7.701  25.553 0.3000000119
144197  54.324  -6.829  24.404 0.4000000060
87665  53.451  -7.005  23.880 0.4000000060
86843  52.605  -7.271  24.253 0.4000000060
126222  53.313  -6.726  23.081 0.6000000238
121963  52.192  -6.868  23.382 0.5000000000
87674  52.344  -6.442  22.554 0.6000000238
88628  53.203  -5.747  21.148 0.6000000238
122205  52.179  -5.628  21.076 0.6000000238
88662  53.314  -5.566  19.407 0.6000000238
88645  52.675  -5.474  20.292 0.6000000238
88678  52.840  -5.702  18.453 0.6000000238
80518  57.295  -14.273  11.763 0.6000000238
137833  54.142  -5.891  18.364 0.6999999881
88695  52.359  -5.858  17.604 0.8000000119
88693  54.402  -6.203  17.167 0.6999999881
87728  53.340  -6.216  16.938 0.8999999762
126468  52.413  -6.035  16.716 0.8999999762
87727  54.201  -6.387  16.386 0.8000000119
87744  53.436  -6.396  16.015 0.8999999762
130895  52.906  -6.229  15.393 0.8999999762
88722  51.477  -5.431  14.365 0.8999999762
87754  54.983  -6.352  14.990 0.6999999881
128537  53.561  -6.103  14.412 0.8999999762
142535  52.548  -5.628  14.174 0.8999999762
142301  54.340  -5.910  13.898 0.8999999762
88735  53.688  -5.464  13.539 0.8999999762
89581  53.295  -4.608  12.867 0.8999999762
89582  51.720  -4.525  13.029 0.8000000119
82479  57.226  -12.311  8.662 0.5000000000
139190  57.503  -11.123  8.125 0.6000000238
89580  54.685  -4.625  12.857 0.8999999762
89593  52.993  -3.782  12.275 0.8999999762
90453  52.261  -3.128  11.575 0.8999999762
82491  57.450  -11.628  8.219 0.6000000238
84391  57.349  -10.637  7.945 0.6000000238
90458  52.109  -2.602  10.849 0.8999999762
81529  57.151  -12.530  8.510 0.5000000000
82502  57.061  -11.381  7.504 0.6000000238
84400  57.036  -10.165  7.646 0.6000000238
91334  53.476  -1.203  10.326 0.8999999762
82492  56.818  -12.296  7.627 0.5000000000
82503  56.203  -12.071  6.866 0.6000000238
83499  56.151  -10.641  6.622 0.6000000238
92102  52.951  -0.720  9.697 0.8000000119
128566  56.475  -11.291  6.871 0.6000000238
84412  56.047  -9.789  6.542 0.5000000000
86123  55.931  -8.042  6.358 0.5000000000
132954  52.570  -1.162  6.364 0.5000000000
92882  52.403  0.253  7.356 0.8000000119
92129  51.742  -0.794  5.738 0.6000000238
122547  55.528  -11.648  6.563 0.6000000238
128459  55.400  -9.164  6.365 0.5000000000
85269  54.237  -9.604  6.295 0.5000000000
86124  54.447  -8.605  6.117 0.5000000000
86976  54.529  -6.689  5.636 0.5000000000
89652  53.080  -3.700  5.878 0.5000000000
90501  52.815  -3.233  6.173 0.5000000000
92128  52.339  -1.000  5.791 0.5000000000
83500  54.872  -11.005  6.424 0.5000000000
142205  54.215  -10.745  6.405 0.5000000000
86968  53.810  -7.790  5.851 0.5000000000
87829  53.927  -5.922  5.499 0.5000000000
142509  53.867  -4.648  5.727 0.5000000000
133427  52.139  -3.727  5.531 0.5000000000
89653  50.842  -3.782  5.410 0.5000000000
85891  47.948  -8.617  33.901 0.1000000015
126658  49.607  -9.551  32.280 0.1000000015
85915  52.187  -8.994  31.568 0.2000000030
87618  53.869  -6.959  29.024 0.2000000030
86776  53.665  -7.629  29.625 0.2000000030
86779  50.442  -7.775  29.495 0.2000000030
87628  53.247  -5.931  27.985 0.3000000119
87619  52.972  -6.449  28.688 0.2000000030
86790  52.196  -6.953  29.226 0.2000000030
127368  52.723  -5.445  26.397 0.3000000119
88591  51.885  -5.710  26.861 0.3000000119
88578  53.104  -5.644  27.271 0.3000000119
134801  52.287  -5.190  25.451 0.3000000119
88604  53.638  -5.303  25.950 0.3000000119
88589  54.616  -5.833  27.025 0.3000000119
88615  54.374  -5.224  25.408 0.3000000119
87646  54.829  -5.854  26.314 0.4000000060
137371  54.885  -5.162  24.865 0.4000000060
88614  54.935  -5.537  25.441 0.4000000060
87663  55.068  -6.176  24.716 0.4000000060
124631  55.204  -5.350  24.394 0.4000000060
135354  55.378  -5.984  23.999 0.4000000060
87668  54.558  -6.655  23.698 0.4000000060
87667  55.264  -6.208  23.203 0.4000000060
131835  53.209  -6.400  22.417 0.6000000238
88626  55.522  -5.629  21.850 0.6000000238
88627  54.459  -5.928  21.350 0.6000000238
88644  53.856  -5.630  20.412 0.6000000238
88661  54.537  -5.667  19.540 0.6000000238
88705  55.435  -6.035  16.215 0.6999999881
87742  55.288  -6.196  15.493 0.6999999881
89568  55.462  -5.803  15.538 0.6999999881
88712  55.302  -6.055  14.780 0.8999999762
89574  55.208  -4.852  14.007 0.8999999762
88721  55.240  -5.573  14.067 0.8999999762
89579  55.279  -4.404  12.982 0.8999999762
90438  54.867  -3.789  13.537 0.8000000119
90445  55.180  -3.532  12.711 0.8999999762
90451  55.124  -3.082  12.312 0.8999999762
90452  54.522  -2.724  11.762 0.8999999762
90457  54.079  -2.071  11.123 0.8999999762
91325  53.565  -1.725  10.702 0.8999999762
91333  54.315  -1.082  10.998 0.8999999762
92089  53.495  -0.402  10.593 0.8999999762
93651  51.819  0.808  8.646 0.8000000119
92883  52.004  0.754  7.179 0.8000000119
92118  50.512  -0.327  6.771 0.6999999881
87629  51.368  -6.527  28.300 0.3000000119
86791  50.833  -7.243  28.877 0.2000000030
85935  51.280  -8.039  30.299 0.2000000030
89501  50.912  -4.670  23.996 0.2000000030
89500  51.966  -4.861  24.512 0.3000000119
88592  50.725  -5.812  26.518 0.3000000119
126418  52.218  -6.089  28.019 0.3000000119
131501  50.419  -6.493  27.614 0.3000000119
86793  48.413  -7.747  28.362 0.2000000030
89519  51.389  -3.854  22.798 0.3000000119
89510  51.893  -4.441  23.580 0.3000000119
88616  53.217  -4.975  25.028 0.3000000119
87650  50.077  -6.237  26.961 0.3000000119
86806  48.985  -7.205  27.845 0.2000000030
86794  47.455  -7.871  28.219 0.1000000015
90366  51.881  -3.501  22.191 0.3000000119
89518  52.499  -4.009  22.885 0.3000000119
135108  52.845  -4.699  24.246 0.3000000119
89499  54.115  -4.772  24.528 0.3000000119
89517  53.900  -4.144  22.983 0.3000000119
134500  54.367  -4.542  23.827 0.3000000119
89498  55.090  -4.858  24.239 0.3000000119
89507  55.560  -4.980  23.725 0.5000000000
88622  55.576  -5.401  23.612 0.4000000060
88625  56.005  -5.077  22.304 0.5000000000
89516  55.830  -5.006  23.086 0.5000000000
88624  55.691  -5.644  22.776 0.5000000000
89534  56.445  -4.400  20.944 0.6000000238
122227  56.114  -5.134  21.384 0.6000000238
87672  54.961  -6.222  22.288 0.5000000000
141269  56.801  -3.788  19.505 0.5000000000
89547  56.444  -4.521  18.911 0.6000000238
88642  56.046  -5.136  20.328 0.6000000238
88643  55.251  -5.640  20.651 0.6000000238
90411  56.335  -3.546  18.075 0.6000000238
88676  55.941  -5.216  18.326 0.6000000238
88677  55.311  -5.687  18.625 0.6000000238
88660  55.455  -5.494  19.674 0.6000000238
140900  55.679  -4.053  17.627 0.6000000238
89555  55.828  -4.701  17.596 0.6000000238
134637  55.410  -5.626  17.637 0.6999999881
130291  54.968  -5.938  17.709 0.6000000238
90412  54.892  -3.765  17.414 0.5000000000
89556  55.375  -4.622  17.080 0.6000000238
89561  55.444  -5.473  16.736 0.6999999881
88692  55.227  -6.026  16.918 0.6999999881
131410  53.627  -3.351  17.389 0.5000000000
90413  54.269  -4.042  16.910 0.6000000238
89562  55.299  -4.944  16.270 0.6000000238
90414  51.909  -3.139  17.135 0.6000000238
132589  52.937  -3.528  17.043 0.6000000238
91256  51.591  -2.565  17.442 0.6000000238
90422  52.473  -3.432  16.532 0.6999999881
90429  54.438  -4.339  14.822 0.6999999881
90431  51.377  -2.984  15.491 0.6999999881
90440  52.720  -3.215  14.729 0.6999999881
90446  54.849  -2.887  13.007 0.8000000119
91298  55.042  -2.793  12.533 0.8999999762
91277  50.567  -2.842  16.344 0.6999999881
121983  50.290  -2.775  15.630 0.6999999881
91300  53.155  -2.149  13.284 0.8000000119
91311  54.701  -2.254  12.132 0.8999999762
91289  50.248  -2.578  14.692 0.8000000119
91301  51.622  -2.261  13.730 0.8000000119
91312  53.159  -1.626  12.729 0.8000000119
92077  53.884  -0.485  11.112 0.8999999762
92852  52.796  -0.038  10.873 0.8999999762
92091  47.864  -1.377  10.327 0.8999999762
91302  50.290  -2.226  13.752 0.8000000119
91313  51.625  -1.605  12.963 0.8000000119
92065  53.308  -0.947  12.065 0.8000000119
92853  51.099  -0.339  10.951 0.8999999762
140544  49.681  -0.610  10.724 0.8999999762
92066  51.160  -1.162  12.304 0.8000000119
91314  50.095  -1.777  12.984 0.8000000119
88617  50.941  -5.096  24.927 0.2000000030
88605  51.427  -5.455  25.953 0.3000000119
91991  52.049  -1.649  20.717 0.2000000030
89511  50.734  -4.164  23.268 0.2000000030
87631  48.476  -6.793  27.168 0.2000000030
86807  47.982  -7.346  27.662 0.2000000030
91990  52.889  -1.527  20.374 0.2000000030
91214  52.856  -2.636  20.930 0.2000000030
90378  52.341  -3.118  21.519 0.2000000030
90365  52.953  -3.643  22.166 0.3000000119
88607  49.238  -5.493  25.372 0.2000000030
87651  49.033  -6.317  26.679 0.2000000030
87652  47.929  -6.324  26.426 0.2000000030
87632  47.495  -6.900  27.056 0.2000000030
91228  53.177  -2.182  20.511 0.2000000030
135426  53.451  -3.245  21.447 0.2000000030
140094  54.002  -3.735  22.155 0.3000000119
91213  54.309  -2.623  20.676 0.4000000060
90377  54.742  -3.497  21.645 0.3000000119
90364  55.149  -4.148  22.612 0.3000000119
89508  55.115  -4.584  23.501 0.3000000119
90393  55.726  -3.304  21.126 0.4000000060
90376  55.721  -3.889  21.931 0.4000000060
89522  55.877  -4.546  22.387 0.5000000000
91226  56.836  -2.646  19.692 0.4000000060
140580  56.572  -3.755  20.725 0.6000000238
90375  56.251  -3.954  21.455 0.5000000000
92018  57.102  -1.195  17.726 0.5000000000
91225  57.046  -2.913  19.175 0.5000000000
90391  56.827  -3.372  20.045 0.5000000000
89533  56.717  -3.948  20.301 0.5000000000
92019  56.482  -1.055  17.434 0.4000000060
91244  57.023  -2.390  18.424 0.6000000238
140986  56.726  -3.465  18.624 0.6000000238
95964  44.590  4.137  12.824 0.6000000238
95955  44.001  3.517  13.535 0.6000000238
92020  54.981  -1.171  17.467 0.4000000060
91253  56.526  -1.903  17.667 0.6000000238
96680  47.949  5.470  11.641 0.6999999881
95962  46.618  4.826  12.563 0.6000000238
95974  44.973  4.874  11.436 0.6000000238
120807  43.963  4.316  12.044 0.6000000238
138838  54.953  -0.253  17.218 0.4000000060
91254  55.117  -2.447  17.614 0.5000000000
135251  55.990  -3.030  17.738 0.6000000238
121263  47.627  5.445  10.735 0.6000000238
96681  47.193  5.565  10.997 0.6000000238
96682  46.157  5.321  10.958 0.6000000238
96693  45.564  5.002  10.018 0.6000000238
141099  44.588  4.755  10.502 0.6000000238
92803  54.044  0.080  17.196 0.4000000060
95961  49.099  5.210  11.691 0.6999999881
95209  48.137  4.532  10.985 0.6000000238
95210  47.057  4.464  10.411 0.6000000238
95218  46.235  4.370  9.938 0.6000000238
141084  46.381  5.131  9.977 0.6000000238
92804  52.748  -0.396  17.444 0.4000000060
131892  53.361  -1.051  17.633 0.5000000000
128617  53.486  -2.274  17.697 0.5000000000
95198  48.257  3.459  12.188 0.6000000238
95199  47.160  3.258  11.794 0.6000000238
132550  46.469  3.569  10.699 0.6000000238
135143  51.982  -1.147  17.642 0.6000000238
92021  51.289  -1.907  17.636 0.6000000238
91257  50.806  -2.345  17.391 0.6000000238
95185  48.397  2.597  13.293 0.6000000238
94423  47.590  1.506  14.319 0.6000000238
94424  46.814  1.501  13.936 0.6000000238
94431  46.471  2.019  13.117 0.6000000238
92022  50.547  -1.847  17.508 0.6999999881
94410  48.067  1.114  15.058 0.6000000238
93607  47.383  0.498  15.236 0.6000000238
139853  46.182  -0.218  15.071 0.6000000238
92828  45.738  0.177  14.520 0.6999999881
91258  50.022  -2.166  17.288 0.6999999881
91268  49.609  -2.490  16.571 0.6999999881
92812  48.043  -0.944  16.187 0.6999999881
92820  47.377  -0.487  15.673 0.6999999881
92041  46.556  -1.802  15.236 0.8000000119
91292  46.004  -2.175  14.196 0.8000000119
124491  49.336  -2.608  15.566 0.6999999881
91270  48.400  -2.103  16.211 0.6999999881
91290  47.539  -2.400  15.112 0.6999999881
91304  47.509  -2.377  13.654 0.8000000119
91317  46.938  -2.161  12.847 0.8000000119
92069  47.461  -1.665  11.825 0.8000000119
136436  49.216  -2.523  14.597 0.8000000119
136421  48.419  -2.486  15.317 0.6999999881
125362  48.151  -2.484  14.358 0.8000000119
138221  48.313  -2.308  13.470 0.8000000119
92080  49.077  -1.075  11.360 0.8000000119
91303  49.142  -2.288  13.663 0.8000000119
92773  52.565  0.055  20.903 0.2000000030
92774  51.863  -0.605  21.227 0.2000000030
93527  53.052  1.316  21.495 0.2000000030
92783  52.409  -0.923  20.613 0.2000000030
93541  53.173  0.619  20.399 0.2000000030
91989  53.888  -1.699  20.138 0.3000000119
91988  55.329  -1.691  19.841 0.4000000060
91227  56.044  -2.513  20.274 0.4000000060
92790  55.531  -0.019  18.658 0.3000000119
92000  56.340  -0.869  18.870 0.3000000119
91237  56.708  -1.777  19.282 0.3000000119
90392  56.480  -3.253  20.606 0.4000000060
92789  55.961  0.570  17.711 0.4000000060
92795  56.879  -0.521  17.662 0.5000000000
95963  45.432  4.439  12.722 0.6999999881
95954  44.802  3.516  13.852 0.6999999881
93569  55.759  1.127  17.153 0.4000000060
92802  56.276  0.009  17.165 0.4000000060
127096  47.349  4.722  13.152 0.6000000238
95953  45.778  3.635  14.083 0.5000000000
93582  55.652  1.247  16.941 0.4000000060
96679  49.572  5.272  12.012 0.5000000000
130097  48.963  5.409  11.782 0.5000000000
93583  54.786  1.153  16.667 0.4000000060
120017  55.687  0.670  16.900 0.4000000060
95197  49.179  4.569  11.633 0.6999999881
144567  49.228  3.584  12.288 0.5000000000
93584  53.124  0.449  17.033 0.4000000060
95184  49.390  2.941  13.252 0.6000000238
93597  52.251  0.823  16.676 0.4000000060
93585  51.779  -0.208  17.298 0.5000000000
92805  50.970  -1.169  17.502 0.6000000238
94409  48.858  1.305  15.154 0.6999999881
134911  51.259  0.385  16.839 0.5000000000
93586  50.623  -0.372  17.171 0.6000000238
93600  48.844  -0.154  16.425 0.6999999881
92806  49.925  -1.325  17.322 0.6999999881
92031  49.231  -1.904  17.021 0.6999999881
92811  48.959  -1.122  16.873 0.6999999881
94302  53.874  2.506  22.274 0.2000000030
94319  53.562  1.965  20.933 0.2000000030
92782  53.025  -0.540  20.249 0.2000000030
92781  53.960  -0.003  19.552 0.2000000030
132213  53.600  -1.009  19.950 0.2000000030
92001  54.717  -0.864  19.567 0.3000000119
93555  54.701  0.926  18.702 0.3000000119
94352  54.231  3.071  18.608 0.3000000119
94351  54.920  2.046  17.674 0.3000000119
95133  54.669  2.781  17.327 0.3000000119
94368  55.267  1.830  16.998 0.3000000119
119653  48.309  4.364  14.151 0.5000000000
95951  48.277  5.058  12.921 0.5000000000
95941  46.450  3.375  14.835 0.5000000000
94387  54.785  2.444  16.583 0.3000000119
94369  55.147  1.733  16.681 0.3000000119
96672  50.201  5.135  13.110 0.5000000000
95950  49.350  5.217  12.792 0.5000000000
94388  54.625  2.060  16.243 0.4000000060
95948  51.677  4.345  13.769 0.5000000000
130098  50.892  4.824  13.337 0.5000000000
95195  50.662  4.289  12.835 0.5000000000
95183  50.364  3.405  13.266 0.5000000000
95147  54.441  3.054  15.880 0.4000000060
94389  53.845  2.360  15.733 0.4000000060
94407  52.128  2.147  15.422 0.5000000000
95163  51.625  3.200  14.166 0.5000000000
95182  51.295  3.865  13.447 0.5000000000
94421  49.632  2.276  14.242 0.5000000000
94391  51.436  1.288  16.153 0.5000000000
94408  51.252  2.155  15.063 0.5000000000
128286  49.917  1.552  15.274 0.5000000000
93606  49.049  0.689  15.817 0.6999999881
93598  50.478  0.464  16.599 0.6000000238
93599  49.687  0.588  16.237 0.6999999881
92810  49.671  -0.321  16.904 0.6999999881
95874  54.095  3.914  22.231 0.2000000030
94301  53.985  3.088  21.652 0.2000000030
95884  53.857  3.951  21.722 0.2000000030
95107  53.396  4.018  21.230 0.2000000030
95106  53.815  3.509  21.035 0.2000000030
94318  53.907  2.637  20.337 0.2000000030
93540  53.801  1.304  19.739 0.2000000030
130492  54.002  3.114  19.808 0.2000000030
95121  53.085  3.924  20.040 0.2000000030
142951  53.495  3.690  19.773 0.2000000030
94334  54.350  2.130  18.903 0.3000000119
132215  53.775  3.497  19.899 0.2000000030
93554  55.195  1.364  17.849 0.3000000119
95134  54.165  3.543  17.767 0.3000000119
129583  54.018  3.837  17.197 0.3000000119
95166  47.107  3.192  15.415 0.5000000000
95140  54.381  3.426  16.655 0.3000000119
95922  53.930  4.005  16.310 0.3000000119
95939  49.278  4.520  14.238 0.5000000000
144966  47.690  3.664  14.860 0.5000000000
95152  47.518  2.683  16.214 0.3000000119
95160  53.809  3.756  15.540 0.3000000119
95937  53.066  4.069  14.857 0.4000000060
96670  51.945  4.493  14.164 0.5000000000
95161  53.223  3.497  14.944 0.4000000060
95162  52.397  3.071  14.616 0.5000000000
95947  52.346  4.188  14.339 0.5000000000
95094  53.772  4.046  22.157 0.2000000030
95095  52.623  3.626  21.763 0.2000000030
95108  52.241  3.389  20.650 0.2000000030
95109  51.054  2.614  20.131 0.2000000030
95122  51.875  3.244  19.620 0.2000000030
95909  53.369  3.810  19.018 0.2000000030
95917  53.716  3.820  18.053 0.3000000119
144072  52.204  3.577  18.207 0.2000000030
95135  51.495  3.148  18.696 0.2000000030
121744  53.139  4.287  16.369 0.3000000119
95165  48.171  3.532  15.310 0.5000000000
95153  46.574  2.335  16.215 0.3000000119
95929  53.282  4.206  15.480 0.4000000060
96658  52.550  4.400  15.526 0.3000000119
96664  51.994  4.548  14.799 0.4000000060
95938  51.109  4.399  15.202 0.5000000000
95932  49.219  3.713  15.505 0.5000000000
95151  48.397  2.945  16.336 0.3000000119
95082  51.380  2.779  22.153 0.2000000030
94288  50.096  2.135  22.189 0.2000000030
94304  49.307  1.711  21.572 0.2000000030
94305  48.405  1.450  21.741 0.2000000030
94307  46.693  1.250  21.910 0.2000000030
95096  51.243  2.695  21.076 0.2000000030
94322  48.678  1.386  20.949 0.2000000030
93530  46.110  0.830  21.303 0.2000000030
93531  45.354  0.857  21.307 0.2000000030
94320  50.280  2.071  20.502 0.2000000030
123267  48.966  1.423  20.175 0.2000000030
94323  47.854  1.101  21.107 0.2000000030
93544  46.461  0.596  20.451 0.2000000030
127480  44.796  1.126  21.449 0.2000000030
94309  44.103  1.477  21.479 0.2000000030
130675  43.401  1.875  21.495 0.2000000030
95123  50.814  2.579  19.266 0.2000000030
94335  50.186  2.045  19.733 0.2000000030
93545  45.507  0.540  20.694 0.2000000030
93533  43.342  1.261  21.145 0.2000000030
94353  50.060  2.134  19.060 0.2000000030
95136  50.472  2.611  18.371 0.2000000030
95142  50.350  3.083  17.414 0.2000000030
94370  49.126  2.021  17.889 0.2000000030
94371  48.459  1.688  17.885 0.2000000030
94372  47.842  1.713  17.501 0.3000000119
143460  46.646  0.735  18.458 0.3000000119
93588  45.081  0.643  18.088 0.3000000119
93572  44.573  0.417  18.893 0.2000000030
95925  51.850  3.950  16.624 0.2000000030
143357  51.021  3.514  17.090 0.2000000030
95930  50.818  3.677  16.397 0.2000000030
95143  49.483  2.675  17.310 0.2000000030
95144  48.622  2.319  17.203 0.3000000119
94393  47.104  1.875  16.944 0.3000000119
139063  46.338  1.398  17.277 0.3000000119
94373  45.514  1.138  17.371 0.3000000119
95931  50.080  3.735  15.836 0.3000000119
95876  45.403  2.923  22.539 0.2000000030
95086  44.776  2.590  22.150 0.2000000030
95886  44.220  3.108  21.826 0.2000000030
124809  43.646  3.613  21.423 0.2000000030
94308  45.693  1.419  21.943 0.2000000030
95097  44.135  2.221  21.781 0.2000000030
94293  44.812  1.760  21.882 0.2000000030
93542  48.184  1.075  20.333 0.2000000030
93543  47.381  0.805  20.462 0.2000000030
94310  42.754  1.635  21.217 0.2000000030
132794  47.068  0.628  19.846 0.2000000030
123090  44.843  0.368  20.215 0.2000000030
94337  48.504  1.209  19.540 0.2000000030
93556  47.737  0.842  19.693 0.2000000030
93532  44.060  0.916  21.078 0.2000000030
94325  41.466  1.458  20.597 0.2000000030
94336  49.377  1.660  19.392 0.2000000030
94354  49.583  2.006  18.535 0.2000000030
94355  48.718  1.490  18.641 0.2000000030
94356  47.893  1.229  18.304 0.2000000030
93571  45.432  0.440  18.894 0.2000000030
93573  43.710  0.451  18.913 0.2000000030
94324  42.439  1.165  20.748 0.2000000030
94338  48.034  1.003  19.013 0.2000000030
95885  44.943  3.497  22.107 0.2000000030
126278  44.421  3.977  21.549 0.2000000030
96627  45.249  4.383  21.746 0.2000000030
96628  43.856  4.418  20.977 0.2000000030
93547  43.332  0.716  20.566 0.2000000030
95100  41.729  2.488  21.146 0.2000000030
123839  46.261  0.530  18.959 0.2000000030
93558  45.686  0.398  19.799 0.2000000030
93559  44.150  0.358  19.736 0.2000000030
94311  41.997  1.795  21.056 0.2000000030
93570  47.180  0.723  18.950 0.2000000030
123089  44.924  0.324  19.540 0.2000000030
93560  43.215  0.446  19.762 0.2000000030
83349  46.709  -11.445  27.775 0.2000000030
84246  46.755  -10.742  27.173 0.2000000030
85130  44.622  -9.878  26.333 0.3000000119
85981  46.296  -8.701  25.251 0.5000000000
86841  44.476  -7.920  24.018 0.4000000060
87681  45.037  -6.916  22.093 0.5000000000
134701  44.964  -6.185  20.775 0.5000000000
87680  45.995  -6.764  22.090 0.5000000000
86847  47.674  -7.533  23.571 0.5000000000
87700  44.389  -6.460  20.418 0.6000000238
87699  44.949  -5.953  20.067 0.6000000238
87690  46.402  -6.107  21.428 0.4000000060
86056  45.999  -8.564  15.675 0.8000000119
86902  46.257  -7.427  16.448 0.8999999762
87735  45.823  -6.501  17.776 0.8000000119
87710  45.080  -5.929  19.240 0.6000000238
126815  47.825  -6.667  22.434 0.5000000000
86062  46.984  -7.906  14.368 0.8000000119
86908  46.682  -7.446  15.926 0.8999999762
87718  47.011  -5.765  17.975 0.6999999881
88667  46.483  -5.339  19.580 0.6999999881
88633  47.169  -5.620  21.057 0.6000000238
141813  47.304  -9.830  12.720 0.6999999881
138228  47.843  -5.780  21.393 0.5000000000
88632  48.524  -5.623  21.345 0.5000000000
88682  48.433  -5.218  18.494 0.8999999762
88666  47.999  -5.003  19.923 0.5000000000
135401  49.793  -12.763  9.239 0.6000000238
84365  48.359  -9.998  10.971 0.6999999881
86929  47.580  -7.661  12.831 0.8999999762
122716  47.563  -6.585  15.333 0.8999999762
88681  49.437  -5.225  18.453 0.8000000119
87731  49.149  -5.784  17.068 0.8999999762
88630  50.216  -5.505  21.207 0.5000000000
85250  49.726  -10.070  9.226 0.6999999881
86928  47.964  -7.071  12.326 0.8000000119
87758  48.195  -6.095  15.571 0.8999999762
134694  49.813  -8.022  9.639 0.6000000238
128045  49.216  -4.839  13.019 0.8000000119
88747  49.053  -4.875  12.059 0.8000000119
88766  49.532  -5.530  10.527 0.6999999881
88696  50.628  -5.652  17.446 0.8000000119
89614  49.715  -4.695  10.941 0.6999999881
89603  50.478  -3.930  11.730 0.8000000119
88629  51.251  -5.605  21.250 0.6000000238
82482  53.929  -11.995  8.458 0.6000000238
120112  49.878  -5.035  13.793 0.8000000119
84404  53.372  -10.252  7.581 0.6000000238
84403  54.665  -10.068  7.604 0.6000000238
134417  52.481  -6.752  7.658 0.5000000000
90467  50.993  -3.273  10.349 0.6999999881
128611  55.743  -7.269  7.296 0.5000000000
89628  51.294  -4.601  8.142 0.6000000238
89636  52.030  -4.469  7.287 0.5000000000
91345  51.419  -2.816  9.858 0.6999999881
90475  51.442  -2.801  9.167 0.6999999881
90493  52.285  -2.710  7.088 0.6000000238
84223  52.485  -9.947  31.111 0.2000000030
134364  51.871  -9.745  29.165 0.2000000030
85977  51.577  -7.939  25.918 0.3000000119
86832  53.003  -7.493  25.099 0.3000000119
82447  57.236  -13.232  10.774 0.6000000238
88663  52.081  -5.391  19.315 0.6000000238
88713  52.137  -5.797  14.933 0.8999999762
83489  55.406  -10.613  7.916 0.6000000238
88736  52.223  -5.140  13.622 0.8999999762
82467  57.088  -12.718  9.212 0.5000000000
89594  51.151  -4.056  12.372 0.8000000119
86115  56.153  -8.126  7.337 0.5000000000
91335  52.110  -2.255  10.280 0.8000000119
85268  56.595  -8.683  6.793 0.5000000000
87809  55.898  -6.529  6.816 0.5000000000
92110  52.503  -0.868  8.479 0.6999999881
130131  55.282  -5.786  6.561 0.5000000000
88789  54.740  -5.146  6.278 0.5000000000
88799  54.108  -4.507  6.065 0.5000000000
92117  52.414  -1.036  7.310 0.8000000119
86967  55.236  -7.394  5.908 0.5000000000
87827  55.682  -5.825  6.007 0.5000000000
136399  53.379  -5.202  5.494 0.5000000000
84196  50.894  -10.047  33.759 0.2000000030
84188  50.008  -9.959  34.125 0.1000000015
141064  51.347  -10.057  33.376 0.2000000030
85079  52.271  -9.667  31.891 0.2000000030
85100  53.205  -8.731  30.042 0.2000000030
85924  53.265  -8.167  30.250 0.2000000030
85948  53.560  -8.272  29.510 0.2000000030
85960  53.484  -7.996  28.055 0.3000000119
88577  54.134  -5.851  27.603 0.3000000119
86825  53.418  -7.485  26.088 0.3000000119
87673  54.242  -6.552  22.738 0.5000000000
87683  53.776  -6.231  21.928 0.6000000238
88694  53.394  -6.011  17.701 0.8000000119
87726  55.041  -6.293  16.247 0.6999999881
87743  54.612  -6.433  15.647 0.6999999881
124714  54.132  -6.453  15.070 0.8999999762
87764  54.792  -6.124  14.322 0.8999999762
88734  54.933  -5.358  13.550 0.8999999762
89592  54.440  -3.849  12.364 0.8999999762
92869  52.826  0.222  9.359 0.8000000119
92109  52.556  -0.183  7.947 0.8000000119
91370  52.516  -1.640  5.883 0.5000000000
92123  52.615  -0.841  6.020 0.6000000238
92890  52.166  0.295  6.285 0.6000000238
92877  52.579  0.368  8.432 0.8000000119
92125  50.268  -1.285  6.418 0.6000000238
92891  51.483  0.219  6.430 0.6999999881
131388  51.170  -2.401  5.629 0.5000000000
131870  52.975  -4.413  5.596 0.5000000000
90507  52.510  -3.096  5.754 0.5000000000
134287  52.160  -2.385  5.666 0.5000000000
88806  51.896  -5.532  5.378 0.5000000000
133255  50.122  -4.318  5.242 0.5000000000
86789  53.334  -7.049  29.423 0.2000000030
86792  49.546  -7.604  28.703 0.2000000030
87648  52.325  -5.853  27.540 0.3000000119
88590  54.016  -5.521  26.872 0.3000000119
88603  54.574  -5.589  26.264 0.4000000060
130117  55.309  -5.599  14.628 0.6999999881
89569  55.173  -5.081  15.200 0.6000000238
90437  55.260  -4.291  13.192 0.8999999762
90439  54.036  -3.084  13.675 0.8000000119
136064  53.859  -3.626  14.508 0.6999999881
91324  54.446  -1.603  11.548 0.8999999762
92064  54.421  -1.336  11.980 0.8000000119
92851  53.492  -0.132  10.511 0.8999999762
92870  52.615  0.386  9.374 0.8000000119
129255  51.660  0.388  9.658 0.8999999762
93656  51.692  0.880  7.865 0.6999999881
127614  50.623  0.327  9.079 0.8000000119
92878  50.810  0.523  8.196 0.8000000119
86805  50.072  -6.954  28.085 0.2000000030
88606  50.265  -5.483  25.620 0.2000000030
87630  49.486  -6.659  27.387 0.2000000030
89520  50.584  -3.655  22.735 0.2000000030
89509  53.239  -4.442  23.663 0.3000000119
125155  55.640  -4.718  23.129 0.5000000000
122313  56.167  -4.604  21.783 0.6000000238
89541  56.467  -4.539  19.889 0.6000000238
88659  56.017  -5.209  19.258 0.6000000238
89554  56.204  -4.501  18.170 0.6999999881
88691  55.687  -5.247  17.578 0.6999999881
91255  52.480  -2.957  17.462 0.5000000000
90430  53.189  -3.674  15.559 0.6000000238
90421  53.977  -4.125  16.212 0.6000000238
130195  52.257  -2.050  17.728 0.6000000238
139640  52.120  -3.289  15.833 0.6999999881
90423  51.369  -3.085  16.598 0.6999999881
91267  50.521  -2.692  17.032 0.6999999881
91288  51.072  -2.700  14.766 0.8000000119
91286  53.238  -2.685  13.701 0.8000000119
91287  52.127  -2.648  14.263 0.8000000119
91299  54.392  -2.398  12.893 0.8000000119
125757  54.211  -1.800  12.538 0.8000000119
92078  52.164  -0.565  11.591 0.8999999762
92081  48.030  -1.270  11.067 0.8999999762
134949  50.385  -0.104  10.040 0.8999999762
92079  50.389  -0.843  11.589 0.8999999762
135294  49.194  -0.526  9.950 0.8000000119
92067  49.640  -1.409  12.225 0.8000000119
88618  49.801  -5.151  24.784 0.2000000030
91229  52.489  -2.147  20.654 0.2000000030
88593  49.642  -5.855  26.216 0.2000000030
91236  57.104  -1.996  18.757 0.5000000000
91999  57.141  -1.141  18.287 0.5000000000
95965  43.365  3.539  13.173 0.6000000238
95952  46.659  4.035  13.913 0.6000000238
119900  43.014  3.842  12.184 0.6000000238
135141  56.018  0.735  17.031 0.4000000060
96687  46.990  5.352  10.354 0.6000000238
94430  47.426  2.342  13.187 0.6000000238
95200  46.000  2.536  12.071 0.6000000238
94422  48.637  1.906  14.257 0.6000000238
93614  46.625  0.628  14.695 0.6000000238
94425  46.036  1.088  13.964 0.6000000238
93615  45.183  0.638  13.811 0.6999999881
92819  48.137  0.202  15.752 0.6000000238
92821  46.456  -0.965  15.374 0.6999999881
92042  46.011  -1.512  15.035 0.8000000119
138450  45.038  -0.965  14.321 0.6999999881
91269  48.853  -2.151  16.562 0.6999999881
92033  47.932  -1.830  15.967 0.6999999881
92032  48.570  -1.737  16.516 0.6999999881
91280  47.280  -2.058  15.446 0.6999999881
143452  47.251  -2.438  14.419 0.8000000119
91305  46.655  -2.362  13.898 0.8000000119
91316  47.925  -2.108  12.789 0.8000000119
92068  48.488  -1.567  12.038 0.8999999762
92070  46.444  -1.722  11.741 0.8000000119
91315  48.911  -1.948  12.874 0.8000000119
92788  56.867  -0.321  17.860 0.5000000000
92796  56.272  0.153  17.323 0.4000000060
95940  47.356  3.988  14.284 0.5000000000
96678  50.456  5.042  12.604 0.5000000000
95196  49.997  4.178  12.365 0.5000000000
93596  53.595  1.413  16.342 0.4000000060
94390  52.692  1.732  15.925 0.4000000060
96665  51.432  4.672  14.128 0.5000000000
96666  50.389  4.585  14.435 0.5000000000
95164  50.744  2.719  14.139 0.5000000000
94392  50.499  1.218  15.930 0.6000000238
95894  53.533  3.786  20.747 0.2000000030
95910  52.568  3.662  18.976 0.2000000030
95923  53.540  4.044  17.255 0.3000000119
95145  47.893  2.275  16.842 0.3000000119
96663  52.575  4.327  14.774 0.4000000060
95150  49.231  3.111  16.558 0.3000000119
94303  50.255  2.118  21.353 0.2000000030
94321  49.495  1.697  20.760 0.2000000030
94291  47.325  1.583  22.511 0.2000000030
94306  47.548  1.284  21.840 0.2000000030
93529  47.001  0.905  21.211 0.2000000030
94292  46.565  1.734  22.545 0.2000000030
95085  45.898  2.203  22.647 0.2000000030
143215  43.700  0.449  20.152 0.2000000030
94357  47.039  1.100  17.886 0.3000000119
93587  46.058  0.766  18.099 0.3000000119
94312  41.180  2.053  20.843 0.2000000030
81377  50.110  -13.662  21.265 0.3000000119
81379  48.763  -13.717  20.888 0.3000000119
80434  48.291  -14.017  20.575 0.3000000119
79534  48.395  -15.089  19.123 0.3000000119
74232  56.224  -21.539  27.641 0.2000000030
74220  56.417  -22.205  28.021 0.2000000030
81387  50.419  -13.504  20.632 0.3000000119
80433  49.031  -13.804  20.289 0.3000000119
80442  48.644  -14.300  19.780 0.3000000119
79543  47.816  -15.868  18.588 0.3000000119
75105  54.532  -20.642  28.183 0.2000000030
131875  51.293  -13.433  20.467 0.3000000119
80441  49.378  -14.064  19.559 0.3000000119
80452  49.032  -14.546  19.131 0.3000000119
127528  48.549  -15.574  18.159 0.3000000119
79551  48.053  -16.153  17.835 0.3000000119
75114  53.113  -20.830  27.004 0.2000000030
75116  52.125  -20.435  26.114 0.3000000119
77680  53.008  -17.482  25.821 0.3000000119
78595  53.871  -16.495  24.340 0.3000000119
81396  50.761  -13.509  19.897 0.3000000119
80440  50.173  -13.889  19.320 0.3000000119
80460  49.825  -14.670  18.029 0.3000000119
79549  49.222  -15.295  17.630 0.3000000119
79550  48.535  -15.891  17.281 0.3000000119
81406  51.084  -13.659  19.079 0.3000000119
80459  50.587  -14.408  17.665 0.3000000119
79560  49.243  -15.563  16.623 0.3000000119
135429  48.906  -15.902  15.803 0.3000000119
79532  54.466  -15.209  19.770 0.3000000119
79559  50.051  -15.121  16.449 0.3000000119
79567  49.722  -15.475  15.671 0.3000000119
79541  54.103  -15.383  18.924 0.3000000119
78653  53.796  -15.720  18.049 0.3000000119
78664  54.970  -15.567  15.905 0.3000000119
78665  54.127  -15.954  16.489 0.3000000119
78675  54.093  -16.282  15.478 0.3000000119
80424  49.862  -14.090  21.820 0.3000000119
81378  49.147  -13.810  21.301 0.3000000119
80425  48.185  -14.014  21.203 0.3000000119
80435  47.541  -14.285  20.864 0.3000000119
79527  47.071  -14.928  20.468 0.3000000119
79536  46.500  -15.766  19.985 0.3000000119
120843  56.231  -22.211  28.751 0.2000000030
72377  55.641  -23.957  28.141 0.2000000030
80423  50.813  -13.821  21.868 0.3000000119
79535  47.464  -15.429  19.540 0.3000000119
78639  47.024  -16.226  18.956 0.3000000119
74222  55.692  -20.960  28.391 0.2000000030
127985  54.630  -14.247  23.992 0.3000000119
80406  54.158  -13.756  23.118 0.3000000119
81368  52.065  -13.582  22.081 0.3000000119
120555  47.316  -16.630  17.966 0.3000000119
80405  54.720  -14.165  23.251 0.3000000119
81366  53.995  -13.493  22.303 0.3000000119
81385  53.250  -13.278  21.159 0.3000000119
81386  52.216  -13.361  20.744 0.3000000119
78655  47.816  -16.498  17.144 0.3000000119
78656  46.981  -17.083  16.974 0.2000000030
142539  52.777  -19.545  27.686 0.3000000119
77671  53.499  -17.323  27.085 0.3000000119
78601  54.729  -15.601  23.946 0.3000000119
79498  55.103  -14.923  23.447 0.3000000119
81365  54.493  -13.646  21.943 0.3000000119
122170  53.267  -13.188  20.347 0.3000000119
81395  51.958  -13.365  19.816 0.3000000119
78667  48.297  -16.248  16.348 0.3000000119
78678  46.897  -16.831  15.135 0.2000000030
77693  54.097  -16.508  25.391 0.3000000119
80432  55.419  -14.043  20.338 0.3000000119
81393  54.506  -13.153  19.919 0.3000000119
81405  52.110  -13.439  18.816 0.3000000119
80469  49.941  -14.946  17.191 0.3000000119
78686  48.136  -16.257  14.616 0.4000000060
134304  47.660  -16.546  15.044 0.3000000119
80439  55.650  -14.025  19.498 0.3000000119
81392  55.401  -13.587  19.687 0.3000000119
81403  54.649  -12.886  18.443 0.3000000119
81415  52.221  -13.601  17.922 0.3000000119
79568  48.993  -15.922  14.962 0.4000000060
78700  47.840  -16.119  13.852 0.4000000060
120142  54.980  -15.004  18.381 0.3000000119
81402  55.761  -13.413  18.819 0.3000000119
142449  55.479  -12.952  18.644 0.3000000119
81414  53.337  -13.296  17.692 0.3000000119
80467  51.513  -14.352  16.339 0.3000000119
79566  50.465  -15.187  15.084 0.3000000119
141010  49.352  -15.657  14.328 0.4000000060
79575  48.656  -15.901  14.099 0.4000000060
79546  56.065  -14.246  17.371 0.3000000119
80476  52.087  -14.215  15.616 0.3000000119
80477  51.262  -14.669  15.390 0.3000000119
79573  50.114  -15.277  14.130 0.3000000119
79586  49.236  -15.539  13.604 0.4000000060
129218  55.712  -14.896  16.145 0.4000000060
78684  54.884  -15.892  14.200 0.4000000060
127864  55.576  -15.484  14.794 0.4000000060
126693  56.257  -14.941  14.987 0.4000000060
141549  54.520  -16.130  13.455 0.3000000119
78685  54.038  -16.443  14.652 0.3000000119
79601  55.047  -15.533  12.049 0.5000000000
78711  54.717  -15.939  12.807 0.4000000060
79614  56.470  -15.034  11.945 0.5000000000
79615  54.347  -15.395  11.344 0.5000000000
79625  56.253  -14.819  10.985 0.5000000000
79510  46.916  -15.372  21.754 0.3000000119
79517  47.117  -14.809  21.410 0.3000000119
79528  46.342  -15.209  20.877 0.3000000119
78631  45.805  -15.733  20.667 0.3000000119
131098  55.963  -22.210  29.376 0.2000000030
73273  55.899  -22.988  29.090 0.2000000030
80409  49.844  -14.581  22.482 0.3000000119
80418  48.914  -14.416  21.870 0.3000000119
80427  46.913  -14.674  21.067 0.3000000119
127421  46.224  -16.589  19.150 0.3000000119
74221  56.120  -21.544  28.468 0.2000000030
73280  56.090  -23.070  28.360 0.2000000030
122415  53.904  -13.926  23.920 0.3000000119
80407  52.540  -14.114  23.777 0.3000000119
80417  51.293  -14.047  22.585 0.3000000119
138936  46.626  -16.790  18.435 0.3000000119
78648  45.998  -17.180  18.398 0.3000000119
80391  54.824  -14.202  25.568 0.3000000119
80416  52.329  -13.829  22.925 0.3000000119
77757  45.851  -17.473  17.732 0.2000000030
75955  53.152  -19.776  28.101 0.3000000119
75106  53.466  -20.440  27.774 0.3000000119
80399  55.005  -14.516  25.052 0.3000000119
77769  46.122  -17.438  17.080 0.2000000030
77782  45.593  -17.452  16.411 0.2000000030
77679  54.366  -16.436  26.439 0.3000000119
78593  55.372  -15.084  25.586 0.3000000119
77791  46.049  -17.202  15.641 0.2000000030
76781  52.914  -18.489  27.725 0.3000000119
142024  46.076  -16.310  14.110 0.2000000030
79589  46.835  -15.775  13.194 0.4000000060
78701  47.084  -16.213  13.752 0.4000000060
79605  46.493  -15.191  12.724 0.4000000060
80448  55.901  -14.103  18.609 0.3000000119
80447  56.170  -13.475  18.069 0.3000000119
81422  55.815  -12.871  17.107 0.3000000119
81434  53.126  -13.644  15.788 0.3000000119
79588  47.572  -15.796  13.171 0.4000000060
79604  47.323  -15.403  12.572 0.4000000060
80457  56.195  -13.984  17.903 0.3000000119
81423  54.521  -13.165  16.439 0.3000000119
80483  51.867  -14.408  14.837 0.3000000119
80497  50.873  -14.729  13.524 0.4000000060
80498  49.926  -15.142  13.101 0.4000000060
79603  48.092  -15.475  12.505 0.4000000060
134100  47.811  -14.441  11.320 0.4000000060
79556  56.150  -14.290  16.682 0.4000000060
134012  56.264  -13.576  15.809 0.4000000060
81447  54.218  -13.476  14.666 0.4000000060
81464  53.333  -13.703  14.103 0.4000000060
80496  51.748  -14.341  13.963 0.4000000060
80508  50.597  -14.611  12.554 0.4000000060
80509  49.606  -14.887  12.208 0.4000000060
80523  48.442  -14.585  11.303 0.4000000060
79600  55.692  -15.485  12.637 0.4000000060
79585  55.609  -15.615  13.422 0.4000000060
79572  56.063  -15.361  14.249 0.4000000060
80475  56.615  -14.139  15.196 0.4000000060
81446  55.226  -13.400  14.506 0.4000000060
80495  52.523  -13.924  13.574 0.4000000060
80520  51.203  -14.157  11.956 0.4000000060
80521  50.223  -14.439  11.642 0.4000000060
80535  48.972  -14.187  10.695 0.4000000060
80536  48.190  -14.059  10.798 0.5000000000
79571  56.670  -14.754  14.325 0.4000000060
81444  56.736  -13.860  13.828 0.4000000060
80532  56.873  -14.268  10.565 0.5000000000
73247  54.709  -22.841  31.113 0.2000000030
72350  54.747  -24.004  31.052 0.1000000015
78611  47.293  -15.945  22.257 0.3000000119
78612  46.434  -15.958  21.902 0.3000000119
78621  45.853  -15.808  21.460 0.3000000119
75077  55.215  -20.281  30.506 0.2000000030
74199  55.309  -21.195  30.560 0.2000000030
73258  55.228  -22.249  30.537 0.2000000030
72358  54.953  -24.208  30.102 0.1000000015
79492  51.070  -15.319  24.482 0.3000000119
79500  50.462  -15.195  23.690 0.3000000119
79502  48.829  -15.801  22.950 0.3000000119
78610  48.080  -15.876  22.554 0.3000000119
79518  46.421  -15.261  21.318 0.3000000119
79519  45.753  -15.642  21.097 0.3000000119
78641  44.864  -16.778  19.945 0.3000000119
75076  55.589  -20.874  29.857 0.3000000119
74198  55.680  -21.746  29.926 0.2000000030
72357  55.401  -23.662  29.525 0.2000000030
71433  55.109  -24.419  29.154 0.1000000015
79491  52.109  -14.583  24.556 0.3000000119
140365  49.958  -15.039  23.099 0.3000000119
79508  48.442  -15.186  22.274 0.3000000119
79509  47.587  -15.244  21.982 0.3000000119
127391  45.646  -16.342  19.980 0.3000000119
78640  45.449  -17.017  19.131 0.3000000119
75098  55.031  -20.244  29.120 0.3000000119
144249  54.913  -19.680  29.690 0.3000000119
125551  54.050  -14.095  25.296 0.3000000119
79480  52.867  -14.403  25.431 0.3000000119
79499  51.341  -14.672  23.824 0.3000000119
119736  51.591  -14.273  23.238 0.3000000119
77758  45.171  -17.545  18.182 0.2000000030
75099  53.918  -20.007  28.607 0.3000000119
80401  53.401  -14.094  24.644 0.3000000119
77770  45.338  -17.598  17.215 0.2000000030
77771  44.499  -17.725  17.405 0.2000000030
79479  55.380  -14.798  25.629 0.3000000119
77792  45.064  -17.316  15.771 0.2000000030
77793  44.228  -17.275  15.992 0.2000000030
78580  55.101  -15.651  25.937 0.3000000119
78689  45.754  -16.486  14.466 0.3000000119
78680  44.505  -16.762  15.366 0.3000000119
79590  45.570  -15.322  13.529 0.4000000060
126248  46.126  -15.612  13.352 0.4000000060
81465  45.547  -13.813  13.217 0.6000000238
81477  46.061  -13.949  12.534 0.5000000000
80511  46.524  -14.451  12.300 0.5000000000
80537  47.402  -13.718  11.213 0.5000000000
81500  47.903  -13.347  10.591 0.6000000238
132998  47.398  -13.019  10.925 0.6000000238
79584  56.616  -15.077  13.634 0.4000000060
79583  56.903  -14.614  13.707 0.5000000000
81445  56.168  -13.517  14.290 0.4000000060
81462  55.147  -13.331  13.356 0.4000000060
127507  53.467  -13.436  12.467 0.4000000060
143719  52.769  -13.547  12.119 0.4000000060
81497  50.398  -13.720  10.244 0.4000000060
81499  48.674  -13.488  10.220 0.5000000000
134727  48.234  -12.924  10.229 0.6000000238
82449  47.334  -12.372  11.160 0.6000000238
79599  56.520  -15.119  12.895 0.4000000060
79598  56.926  -14.646  13.093 0.4000000060
81461  56.208  -13.449  13.377 0.4000000060
81496  51.352  -13.593  10.495 0.4000000060
81512  50.033  -13.292  9.564 0.5000000000
81514  48.701  -12.731  9.802 0.6000000238
81460  57.021  -13.829  12.967 0.4000000060
80519  57.005  -14.406  11.243 0.5000000000
81482  57.359  -13.705  11.239 0.5000000000
75067  54.022  -20.006  31.793 0.2000000030
74190  54.057  -21.179  31.776 0.2000000030
73248  54.033  -22.249  31.699 0.2000000030
75066  54.793  -20.642  31.176 0.2000000030
74189  54.722  -21.716  31.167 0.2000000030
78582  50.748  -16.394  25.529 0.3000000119
78596  50.507  -16.089  24.771 0.3000000119
78597  49.727  -16.417  24.221 0.3000000119
78603  49.041  -16.396  23.547 0.3000000119
78605  47.811  -16.600  22.813 0.3000000119
77718  46.995  -16.705  22.472 0.3000000119
144131  46.264  -16.727  22.249 0.3000000119
78622  45.243  -16.165  21.347 0.3000000119
134332  54.951  -19.584  30.502 0.3000000119
79471  52.447  -15.296  26.676 0.3000000119
79481  52.121  -15.208  25.804 0.3000000119
79482  51.268  -15.715  25.282 0.3000000119
79493  50.257  -15.759  24.138 0.3000000119
79501  49.643  -15.693  23.483 0.3000000119
78613  45.673  -16.390  21.843 0.3000000119
78632  45.080  -16.182  20.797 0.3000000119
75089  55.296  -20.026  29.893 0.3000000119
121641  53.117  -14.593  26.327 0.3000000119
127331  51.836  -15.071  25.109 0.3000000119
77746  44.200  -17.104  19.830 0.3000000119
75932  54.381  -19.459  29.409 0.3000000119
75917  54.690  -19.037  30.163 0.3000000119
79470  53.696  -14.812  27.105 0.3000000119
80381  54.158  -14.481  26.569 0.3000000119
77759  44.191  -17.668  18.275 0.2000000030
126049  43.788  -17.431  19.162 0.3000000119
75944  53.619  -18.969  28.997 0.3000000119
79469  54.751  -14.872  26.920 0.3000000119
80380  54.920  -14.389  26.182 0.3000000119
77772  43.609  -17.754  17.573 0.2000000030
75945  53.062  -18.988  28.283 0.3000000119
77670  54.518  -16.228  27.444 0.3000000119
78556  54.668  -15.734  27.645 0.3000000119
78566  54.971  -15.275  26.815 0.3000000119
125825  43.827  -17.557  16.681 0.2000000030
78567  54.975  -15.644  26.742 0.3000000119
79591  44.941  -15.160  13.962 0.5000000000
79569  43.949  -15.984  15.169 0.3000000119
81466  44.961  -14.170  13.839 0.6000000238
82440  46.034  -13.207  12.689 0.6000000238
82433  46.152  -12.270  13.005 0.6000000238
82439  46.510  -12.648  12.228 0.6000000238
83459  46.981  -12.115  11.856 0.6000000238
83465  47.744  -11.748  10.818 0.6000000238
133661  53.270  -19.806  32.456 0.2000000030
75060  52.687  -20.120  33.083 0.2000000030
75059  53.366  -20.675  32.413 0.2000000030
74182  52.802  -21.164  32.974 0.2000000030
75902  54.643  -18.938  30.877 0.3000000119
130678  54.769  -19.698  31.070 0.2000000030
78570  50.948  -16.639  26.287 0.3000000119
78583  50.042  -16.745  25.054 0.3000000119
77708  49.108  -16.949  24.004 0.3000000119
77709  48.429  -17.049  23.485 0.3000000119
77710  47.521  -17.454  23.077 0.3000000119
77720  45.716  -17.258  22.334 0.3000000119
78614  44.877  -16.868  21.817 0.3000000119
78568  53.006  -15.272  27.636 0.3000000119
78569  51.730  -16.098  27.038 0.3000000119
78581  51.491  -15.927  26.087 0.3000000119
78623  44.509  -16.604  21.186 0.3000000119
78633  44.264  -16.782  20.630 0.3000000119
77737  43.052  -17.500  20.727 0.3000000119
141752  54.206  -18.639  29.697 0.3000000119
124604  54.229  -15.234  27.745 0.3000000119
122312  42.784  -17.561  20.084 0.2000000030
77738  42.350  -17.850  20.310 0.2000000030
126568  54.451  -16.022  28.305 0.3000000119
79461  54.627  -15.426  27.506 0.3000000119
77760  43.305  -17.716  18.396 0.2000000030
77761  42.454  -17.743  18.580 0.2000000030
77739  41.540  -18.023  19.799 0.2000000030
77660  53.996  -16.922  28.119 0.3000000119
141598  43.499  -15.290  15.215 0.3000000119
78681  43.639  -16.702  15.748 0.2000000030
77784  42.994  -17.576  17.058 0.2000000030
77774  41.988  -17.645  17.953 0.2000000030
77762  41.523  -17.766  18.798 0.2000000030
123434  40.894  -17.903  19.257 0.2000000030
82425  44.694  -12.758  14.569 0.5000000000
80486  44.049  -14.077  14.790 0.4000000060
80479  42.804  -14.999  15.582 0.3000000119
83433  45.396  -11.512  14.366 0.5000000000
83441  46.315  -11.391  13.274 0.6000000238
83449  47.146  -11.329  12.143 0.6000000238
84356  47.350  -10.424  12.337 0.6000000238
141062  47.347  -11.720  11.504 0.6000000238
75047  50.903  -20.797  34.325 0.2000000030
133198  52.277  -20.714  33.503 0.2000000030
76720  54.298  -18.369  31.164 0.3000000119
75903  54.233  -19.019  31.446 0.3000000119
75895  53.491  -19.129  32.043 0.2000000030
77681  50.310  -17.056  25.778 0.3000000119
77696  49.450  -17.159  24.603 0.3000000119
77697  48.828  -17.653  24.169 0.3000000119
124629  48.221  -17.824  23.598 0.3000000119
76824  47.671  -18.349  23.449 0.3000000119
77711  46.899  -18.128  23.012 0.3000000119
78558  52.396  -15.955  28.049 0.3000000119
77661  51.385  -16.737  27.655 0.3000000119
130442  45.019  -17.604  22.325 0.3000000119
77728  44.101  -17.151  21.481 0.3000000119
77721  44.384  -17.621  22.060 0.3000000119
76758  54.250  -17.982  30.244 0.3000000119
78557  53.640  -15.566  28.352 0.3000000119
78549  53.053  -15.863  28.809 0.3000000119
78624  43.744  -17.022  20.989 0.3000000119
77729  43.419  -17.511  21.264 0.3000000119
136852  43.819  -17.715  21.751 0.3000000119
76759  53.988  -17.824  29.594 0.3000000119
76842  42.625  -18.023  21.063 0.2000000030
76843  41.996  -18.807  20.939 0.2000000030
77651  54.089  -16.825  29.373 0.3000000119
79452  54.369  -15.769  28.220 0.3000000119
76850  41.955  -18.252  20.486 0.2000000030
76851  41.253  -18.677  20.348 0.2000000030
76860  40.695  -18.249  19.750 0.2000000030
76852  40.370  -18.773  20.109 0.2000000030
76773  53.661  -17.764  28.786 0.3000000119
77659  54.210  -16.465  28.689 0.3000000119
79570  42.508  -15.757  15.891 0.3000000119
78670  42.316  -17.126  16.829 0.2000000030
78658  41.698  -17.194  17.378 0.2000000030
77749  40.199  -17.778  19.285 0.2000000030
76853  39.513  -18.791  20.109 0.2000000030
84338  45.555  -10.714  14.625 0.6000000238
82416  44.330  -12.340  15.188 0.5000000000
80478  43.499  -14.524  15.210 0.4000000060
134793  42.161  -15.146  16.032 0.3000000119
79561  41.865  -15.699  16.331 0.3000000119
78659  40.894  -16.699  17.476 0.2000000030
78649  40.253  -16.893  18.138 0.2000000030
77750  39.453  -17.600  19.405 0.2000000030
76862  39.045  -18.081  19.854 0.2000000030
84337  46.134  -10.203  14.191 0.6000000238
79562  41.262  -15.579  16.685 0.3000000119
134142  40.255  -16.257  17.666 0.2000000030
78650  39.574  -16.713  18.552 0.2000000030
78642  39.165  -16.971  19.066 0.2000000030
75053  52.025  -20.070  33.616 0.2000000030
75054  51.371  -20.224  33.785 0.2000000030
75048  50.168  -20.878  34.318 0.2000000030
75896  52.759  -19.313  32.665 0.2000000030
75889  52.276  -19.533  33.217 0.2000000030
76713  52.979  -18.639  32.150 0.2000000030
77608  54.100  -17.760  31.059 0.3000000119
77609  53.661  -17.637  31.252 0.2000000030
76721  53.733  -18.289  31.552 0.2000000030
77653  50.972  -17.464  28.097 0.3000000119
77662  50.703  -17.430  27.243 0.3000000119
76793  50.122  -17.946  26.814 0.3000000119
76794  49.611  -18.439  26.378 0.3000000119
75974  49.129  -19.041  26.046 0.3000000119
76741  54.392  -18.208  30.729 0.3000000119
77610  53.256  -17.404  31.204 0.2000000030
77628  52.414  -17.198  30.350 0.3000000119
77642  51.262  -17.584  29.012 0.3000000119
77673  50.499  -17.302  26.497 0.3000000119
77674  49.924  -17.729  26.042 0.3000000119
77682  49.716  -17.437  25.315 0.3000000119
76810  48.841  -18.366  24.712 0.3000000119
133245  48.385  -19.121  24.474 0.3000000119
133243  47.018  -18.929  23.341 0.3000000119
76825  46.260  -18.569  22.981 0.3000000119
76832  45.583  -18.119  22.635 0.3000000119
130194  45.506  -18.886  22.966 0.3000000119
77638  54.093  -17.573  30.595 0.3000000119
77626  53.768  -17.250  30.685 0.3000000119
77640  53.223  -16.569  30.013 0.3000000119
77652  51.990  -16.631  28.662 0.3000000119
76833  44.776  -18.405  22.559 0.3000000119
77639  54.006  -17.106  30.064 0.3000000119
78537  53.743  -16.363  29.472 0.3000000119
76011  44.202  -19.120  22.661 0.3000000119
76012  43.444  -19.070  22.209 0.2000000030
78548  53.835  -15.975  28.917 0.3000000119
76020  42.708  -18.923  21.585 0.2000000030
76013  42.770  -19.918  22.177 0.2000000030
76021  42.060  -19.695  21.409 0.2000000030
125128  41.326  -20.448  21.300 0.2000000030
140782  40.251  -21.344  21.475 0.2000000030
132549  54.098  -16.271  28.866 0.3000000119
76022  41.365  -19.558  20.787 0.2000000030
75192  39.778  -20.182  20.534 0.2000000030
75193  39.153  -20.507  20.662 0.2000000030
127321  38.554  -20.091  20.598 0.2000000030
76031  38.248  -19.361  20.494 0.2000000030
75194  37.855  -20.049  20.698 0.2000000030
142624  44.663  -10.976  15.504 0.5000000000
81426  43.119  -13.110  15.920 0.4000000060
80470  42.252  -14.413  16.100 0.4000000060
77751  38.727  -17.370  19.598 0.2000000030
76855  37.858  -18.552  20.444 0.2000000030
85203  45.491  -9.175  15.752 0.6999999881
84324  44.563  -10.401  15.970 0.6000000238
83416  43.558  -11.480  16.351 0.5000000000
82407  42.669  -12.647  16.518 0.4000000060
81428  41.683  -13.908  16.617 0.3000000119
80472  40.867  -15.098  16.870 0.3000000119
79544  39.326  -15.499  18.265 0.3000000119
78651  38.997  -16.193  18.751 0.4000000060
136040  38.517  -16.646  19.389 0.2000000030
84325  43.838  -10.693  16.522 0.6000000238
83417  42.896  -11.830  16.748 0.5000000000
82408  41.930  -13.022  16.835 0.4000000060
81416  41.231  -13.423  17.238 0.3000000119
81417  40.546  -13.741  17.588 0.3000000119
75055  50.646  -20.381  33.781 0.2000000030
75897  52.233  -19.014  32.751 0.2000000030
75890  51.806  -19.598  33.375 0.2000000030
72360  43.340  -23.610  30.429 0.1000000015
71447  42.398  -23.937  29.816 0.1000000015
73274  44.443  -22.440  30.067 0.1000000015
73275  43.479  -22.550  29.787 0.1000000015
123910  42.688  -22.681  29.524 0.1000000015
72373  41.886  -22.963  29.260 0.1000000015
136392  41.987  -23.620  29.493 0.1000000015
131857  41.410  -23.723  29.108 0.1000000015
131372  40.524  -24.816  28.427 0.1000000015
70546  39.283  -25.173  27.640 0.1000000015
70547  38.479  -25.237  27.277 0.1000000015
122602  36.675  -26.214  26.517 0.1000000015
74214  44.925  -21.933  29.299 0.1000000015
74215  44.016  -22.111  29.248 0.1000000015
73281  43.134  -22.168  29.107 0.1000000015
73283  41.648  -22.521  28.682 0.1000000015
72378  41.117  -23.007  28.750 0.1000000015
72380  39.823  -23.627  28.023 0.1000000015
72386  38.648  -23.973  27.284 0.1000000015
70548  37.367  -25.366  26.671 0.1000000015
70558  36.483  -25.432  26.388 0.1000000015
144530  35.428  -25.455  26.070 0.2000000030
76722  53.165  -17.942  31.674 0.2000000030
76774  50.484  -18.250  28.508 0.3000000119
76782  50.314  -18.115  27.619 0.3000000119
125797  49.759  -18.644  27.161 0.3000000119
74226  44.513  -21.784  28.591 0.1000000015
74227  43.691  -21.859  28.497 0.1000000015
74228  42.841  -21.924  28.323 0.1000000015
73288  41.894  -21.985  28.132 0.1000000015
74241  41.127  -21.914  27.678 0.1000000015
120841  39.993  -22.379  27.566 0.1000000015
73290  39.362  -22.709  27.191 0.1000000015
72387  38.040  -23.798  26.706 0.1000000015
72394  36.873  -24.132  26.108 0.1000000015
71479  36.265  -24.322  25.848 0.1000000015
70571  35.078  -25.087  25.713 0.2000000030
76783  49.879  -18.855  27.994 0.3000000119
75967  49.374  -19.062  26.725 0.3000000119
76800  48.785  -19.025  25.267 0.3000000119
75982  47.848  -19.921  24.412 0.3000000119
75997  47.019  -19.803  23.761 0.3000000119
74239  43.493  -21.722  27.634 0.1000000015
74255  42.490  -21.673  26.510 0.1000000015
74256  41.602  -21.644  26.384 0.1000000015
74257  40.638  -21.656  26.395 0.1000000015
73296  39.752  -22.013  26.731 0.1000000015
123121  38.527  -22.259  25.660 0.1000000015
141786  37.405  -23.174  25.665 0.1000000015
72401  35.829  -23.932  25.186 0.1000000015
71480  35.065  -24.431  25.211 0.1000000015
139949  46.177  -19.974  23.655 0.3000000119
75998  46.224  -19.324  23.325 0.3000000119
76010  44.865  -19.169  22.963 0.3000000119
74277  41.290  -21.574  25.597 0.1000000015
74279  39.766  -21.662  25.343 0.1000000015
73318  38.946  -22.246  24.230 0.1000000015
73319  38.300  -22.295  24.841 0.1000000015
73321  36.486  -22.841  24.134 0.1000000015
72414  35.685  -23.375  24.408 0.1000000015
72415  34.158  -23.847  24.279 0.1000000015
76000  44.493  -19.739  23.202 0.3000000119
126432  44.104  -20.325  23.506 0.2000000030
75152  43.375  -20.754  23.596 0.2000000030
74310  41.994  -21.492  23.945 0.1000000015
74295  40.674  -21.794  24.306 0.1000000015
74312  39.631  -22.229  23.564 0.1000000015
142570  38.238  -22.486  23.204 0.1000000015
123348  36.737  -22.602  23.127 0.1000000015
73332  35.093  -22.822  23.100 0.1000000015
73333  34.259  -22.824  23.191 0.1000000015
72425  33.813  -23.315  23.675 0.2000000030
137802  41.749  -21.335  23.074 0.2000000030
74329  41.060  -21.578  22.794 0.2000000030
74331  39.876  -21.853  22.050 0.2000000030
73348  38.446  -22.405  22.530 0.2000000030
73361  38.182  -22.104  21.734 0.1000000015
143478  35.884  -22.217  21.975 0.1000000015
73352  34.621  -22.262  22.510 0.2000000030
73353  33.758  -22.304  22.832 0.2000000030
135723  39.485  -21.532  21.359 0.2000000030
75182  37.396  -20.715  20.987 0.2000000030
74348  36.782  -21.425  21.396 0.1000000015
74350  35.331  -21.253  21.690 0.1000000015
75171  34.648  -20.597  21.799 0.2000000030
75195  37.152  -19.909  20.886 0.1000000015
76033  36.631  -19.182  21.041 0.2000000030
76024  34.995  -19.694  21.667 0.2000000030
75172  33.876  -20.322  22.132 0.2000000030
77752  38.118  -17.058  19.840 0.2000000030
77741  37.473  -17.119  20.313 0.3000000119
76856  37.131  -18.437  20.727 0.3000000119
76844  36.443  -18.202  21.099 0.3000000119
132953  39.836  -14.129  17.961 0.3000000119
80454  39.186  -14.688  18.455 0.4000000060
78643  37.808  -16.290  19.829 0.3000000119
140024  36.763  -16.922  20.689 0.4000000060
85204  44.793  -9.573  16.197 0.6000000238
84316  43.164  -11.050  17.000 0.4000000060
82396  42.231  -12.217  17.145 0.3000000119
82397  41.500  -12.584  17.483 0.3000000119
81407  40.240  -13.344  18.096 0.3000000119
71399  35.939  -24.876  34.689 0.1000000015
71400  34.474  -24.709  34.225 0.1000000015
71410  33.907  -24.818  33.670 0.1000000015
120938  35.857  -25.358  34.099 0.1000000015
70482  35.371  -25.612  33.513 0.1000000015
70483  34.624  -25.138  33.602 0.1000000015
71411  33.066  -24.639  33.708 0.1000000015
122319  32.124  -24.514  33.799 0.1000000015
68647  35.937  -27.334  32.200 0.1000000015
143578  34.996  -26.624  32.385 0.1000000015
70492  33.854  -25.661  32.601 0.1000000015
70484  32.517  -24.976  32.938 0.1000000015
71412  31.452  -24.830  33.201 0.1000000015
138545  30.525  -24.605  33.413 0.1000000015
66926  38.344  -29.327  31.292 0.1000000015
67815  37.588  -28.892  31.248 0.1000000015
68661  35.565  -27.649  31.509 0.1000000015
121092  34.813  -27.403  31.373 0.1000000015
69553  33.230  -25.952  32.040 0.1000000015
70485  31.689  -25.307  32.398 0.1000000015
71420  30.699  -25.137  32.586 0.1000000015
66936  38.613  -29.584  30.483 0.1000000015
66937  37.260  -29.123  30.340 0.1000000015
67826  36.492  -28.777  30.374 0.1000000015
68675  35.163  -27.894  30.893 0.1000000015
68662  34.068  -27.057  31.335 0.1000000015
70500  31.834  -25.815  31.636 0.1000000015
121355  31.050  -25.546  31.867 0.1000000015
71386  48.118  -24.697  35.379 0.2000000030
66946  40.142  -29.719  29.184 0.1000000015
66949  37.446  -29.428  29.334 0.1000000015
66938  36.647  -29.138  29.612 0.2000000030
67828  34.643  -28.387  29.703 0.2000000030
139495  33.514  -27.838  30.053 0.2000000030
120680  31.957  -26.424  30.925 0.1000000015
69566  31.072  -26.045  31.054 0.1000000015
72346  45.772  -23.747  32.420 0.2000000030
71419  45.761  -24.606  32.447 0.2000000030
66955  40.206  -29.300  28.610 0.1000000015
66957  38.540  -29.418  28.459 0.1000000015
66958  37.711  -29.429  28.477 0.2000000030
67839  35.280  -28.695  29.355 0.2000000030
67840  33.952  -28.243  29.530 0.2000000030
122765  32.837  -27.488  30.109 0.1000000015
68677  32.098  -27.052  30.212 0.1000000015
75898  51.088  -19.807  33.355 0.2000000030
74166  49.704  -21.458  34.789 0.2000000030
73242  45.858  -23.028  32.157 0.2000000030
72352  45.380  -23.394  31.892 0.2000000030
131949  45.237  -24.078  31.930 0.2000000030
71427  44.663  -24.341  31.405 0.2000000030
67846  40.423  -28.580  28.210 0.1000000015
66967  38.062  -29.093  27.809 0.2000000030
67860  36.496  -28.773  27.418 0.2000000030
67863  34.032  -28.392  27.864 0.2000000030
68697  32.459  -27.804  28.514 0.2000000030
68678  31.535  -27.100  29.553 0.2000000030
73250  46.196  -22.486  31.640 0.2000000030
73251  45.324  -22.821  31.414 0.2000000030
72359  44.098  -23.724  30.905 0.2000000030
71436  43.581  -24.439  30.583 0.1000000015
70511  43.142  -25.123  30.160 0.1000000015
70525  41.922  -25.239  29.243 0.1000000015
69597  41.285  -26.366  28.495 0.1000000015
69598  40.510  -26.546  27.993 0.1000000015
68701  39.837  -27.266  27.595 0.1000000015
67868  37.345  -28.092  26.884 0.2000000030
67869  36.669  -28.275  26.853 0.2000000030
68706  33.460  -28.042  27.215 0.2000000030
68707  32.544  -27.731  27.573 0.2000000030
73249  47.022  -22.188  31.868 0.2000000030
73259  45.882  -22.232  30.767 0.2000000030
137158  45.086  -22.525  30.656 0.2000000030
73261  43.750  -22.964  30.460 0.1000000015
127811  41.224  -24.726  28.863 0.1000000015
70537  40.122  -25.465  28.035 0.1000000015
69605  39.611  -26.234  27.642 0.1000000015
69607  37.520  -26.495  26.759 0.2000000030
69615  36.002  -26.875  26.454 0.2000000030
123773  34.659  -27.388  26.468 0.2000000030
68716  32.948  -27.516  26.777 0.2000000030
125517  46.540  -21.858  30.398 0.2000000030
73260  45.400  -22.146  30.002 0.2000000030
70559  34.889  -25.887  26.056 0.2000000030
141000  32.228  -26.679  26.297 0.2000000030
76714  52.497  -18.403  31.941 0.2000000030
76723  52.056  -18.092  31.508 0.2000000030
76743  50.909  -18.560  30.427 0.2000000030
75933  50.314  -18.971  30.131 0.2000000030
76762  50.002  -19.122  29.619 0.2000000030
76775  49.971  -18.980  28.888 0.2000000030
75946  49.397  -19.548  28.410 0.2000000030
74213  45.899  -21.677  29.275 0.2000000030
71482  33.351  -25.124  25.175 0.2000000030
70574  32.611  -25.626  25.502 0.2000000030
77611  52.581  -17.467  31.080 0.3000000119
144378  51.181  -18.189  30.115 0.3000000119
76761  50.667  -18.430  29.552 0.3000000119
75957  49.303  -19.454  27.439 0.3000000119
75975  48.548  -19.799  25.804 0.3000000119
75981  48.392  -19.671  24.993 0.3000000119
75135  47.529  -20.520  24.820 0.3000000119
74253  44.845  -21.649  26.411 0.1000000015
136889  32.911  -24.649  24.747 0.2000000030
71483  32.419  -24.986  25.047 0.2000000030
75126  48.122  -20.498  25.854 0.3000000119
75148  47.176  -20.372  24.339 0.3000000119
75149  46.487  -20.437  24.127 0.3000000119
75999  45.377  -19.681  23.397 0.3000000119
74274  44.706  -21.478  25.556 0.1000000015
120503  44.030  -21.687  26.077 0.1000000015
74254  43.346  -21.677  26.725 0.1000000015
72418  31.584  -23.281  24.158 0.2000000030
71499  32.320  -24.379  24.618 0.2000000030
75128  46.834  -20.889  24.831 0.3000000119
75136  45.943  -20.896  24.558 0.3000000119
75138  44.176  -20.880  24.210 0.2000000030
121694  43.880  -21.433  25.126 0.1000000015
74275  43.190  -21.653  25.836 0.1000000015
73334  33.025  -22.321  23.130 0.2000000030
74335  33.900  -21.656  22.407 0.2000000030
138484  33.254  -21.773  22.730 0.2000000030
74314  31.644  -21.751  23.446 0.2000000030
76015  33.282  -19.950  22.420 0.2000000030
134306  32.371  -20.794  22.836 0.2000000030
137748  35.978  -18.722  21.336 0.3000000119
76014  33.864  -19.546  22.194 0.2000000030
77730  36.193  -17.284  21.151 0.3000000119
76846  35.018  -17.976  21.809 0.3000000119
133006  34.334  -18.163  22.214 0.3000000119
81408  39.731  -13.274  18.570 0.3000000119
80444  38.618  -14.383  19.100 0.4000000060
79529  37.361  -15.490  20.133 0.3000000119
78634  37.037  -16.263  20.415 0.4000000060
77731  35.400  -17.254  21.610 0.3000000119
78626  35.118  -16.365  21.803 0.3000000119
86048  45.588  -8.428  16.198 0.6999999881
143112  44.460  -9.199  16.754 0.6000000238
85188  43.923  -9.282  17.230 0.5000000000
84317  42.686  -10.666  17.622 0.4000000060
83396  41.366  -11.416  18.424 0.4000000060
82393  40.315  -12.612  18.508 0.3000000119
82394  39.721  -12.686  18.964 0.4000000060
82390  38.722  -12.792  19.783 0.4000000060
86038  45.154  -8.175  16.718 0.6999999881
72304  33.707  -23.310  36.391 0.1000000015
72305  32.950  -23.147  36.167 0.1000000015
72316  34.176  -23.791  35.918 0.1000000015
72317  33.400  -23.636  35.735 0.1000000015
73213  32.186  -22.952  35.875 0.1000000015
69535  37.002  -25.972  33.977 0.1000000015
71391  33.868  -24.110  35.270 0.1000000015
71392  33.085  -24.008  35.106 0.1000000015
71402  32.686  -24.255  34.439 0.1000000015
72319  31.738  -23.412  35.181 0.1000000015
68608  47.917  -27.205  38.413 0.1000000015
67786  39.431  -28.775  33.878 0.1000000015
130859  38.787  -28.339  33.389 0.1000000015
68636  37.055  -27.052  33.045 0.1000000015
69549  36.310  -26.862  32.788 0.1000000015
72329  31.841  -24.016  34.501 0.1000000015
71403  31.170  -24.354  33.987 0.1000000015
69513  48.212  -26.722  37.702 0.1000000015
121899  37.841  -28.309  32.488 0.1000000015
67803  37.230  -28.271  31.977 0.1000000015
68646  36.708  -27.545  32.423 0.1000000015
71404  30.293  -24.074  34.069 0.1000000015
66925  39.188  -29.841  31.161 0.1000000015
125941  29.816  -24.316  33.539 0.1000000015
72339  46.802  -23.638  33.502 0.2000000030
136797  41.358  -30.283  30.312 0.1000000015
65990  40.749  -30.341  30.410 0.1000000015
121005  29.844  -24.743  32.904 0.1000000015
127808  46.271  -25.216  32.907 0.2000000030
69547  46.194  -26.145  32.675 0.2000000030
141595  45.815  -26.636  32.264 0.2000000030
66933  43.147  -29.421  30.427 0.1000000015
66934  42.503  -29.711  30.220 0.1000000015
65997  41.721  -29.932  29.944 0.1000000015
125849  29.780  -25.463  31.320 0.1000000015
71428  29.093  -25.083  31.500 0.1000000015
138123  47.691  -23.340  34.561 0.2000000030
72345  46.322  -23.357  32.822 0.2000000030
70490  45.806  -25.395  32.400 0.2000000030
69548  45.588  -25.961  32.060 0.2000000030
68658  45.141  -27.357  31.528 0.2000000030
67823  44.213  -27.998  30.661 0.2000000030
67836  42.442  -28.629  29.463 0.1000000015
66944  42.126  -29.280  29.633 0.1000000015
70512  30.153  -25.862  30.708 0.1000000015
73241  46.534  -22.691  32.441 0.2000000030
71426  45.263  -25.066  31.824 0.2000000030
69561  44.510  -26.046  30.963 0.2000000030
130166  44.460  -26.717  30.811 0.2000000030
68673  44.119  -27.192  30.482 0.1000000015
67835  43.031  -28.240  29.693 0.1000000015
67837  41.782  -28.745  29.073 0.1000000015
68695  40.546  -27.684  27.932 0.1000000015
69581  30.215  -26.224  29.858 0.2000000030
120899  29.557  -25.800  30.052 0.1000000015
74167  48.979  -21.737  34.451 0.2000000030
72326  48.202  -23.031  35.090 0.2000000030
70510  43.919  -25.412  30.632 0.2000000030
129165  43.381  -26.051  30.109 0.1000000015
69589  43.078  -26.619  29.644 0.1000000015
129667  41.804  -27.107  28.646 0.1000000015
68708  31.730  -27.386  27.727 0.2000000030
69582  29.716  -26.004  29.314 0.1000000015
129787  51.451  -19.291  32.825 0.2000000030
140127  50.737  -19.648  32.707 0.2000000030
75061  50.307  -20.138  33.034 0.2000000030
74192  47.502  -21.643  31.320 0.2000000030
74193  46.719  -21.967  31.074 0.2000000030
69608  31.232  -26.898  27.247 0.2000000030
69599  30.264  -26.485  28.214 0.2000000030
74201  47.284  -21.545  30.412 0.2000000030
121902  46.690  -21.621  29.749 0.2000000030
75904  51.727  -18.728  32.119 0.2000000030
75918  50.458  -19.117  30.870 0.2000000030
75934  49.723  -19.553  30.245 0.2000000030
138022  49.476  -19.596  29.307 0.2000000030
75080  47.431  -21.252  29.553 0.2000000030
74212  46.758  -21.323  28.992 0.2000000030
74225  45.332  -21.667  28.545 0.1000000015
70563  30.475  -25.654  26.297 0.2000000030
75947  48.833  -20.110  27.966 0.2000000030
75958  48.765  -20.083  27.225 0.3000000119
75117  48.372  -20.428  26.601 0.3000000119
75108  48.315  -20.608  27.491 0.3000000119
74223  47.008  -21.358  28.200 0.2000000030
74235  47.061  -21.424  27.363 0.2000000030
74237  45.572  -21.649  27.733 0.2000000030
120297  44.922  -21.700  27.277 0.1000000015
74238  44.281  -21.701  27.830 0.1000000015
70576  30.856  -25.266  25.688 0.2000000030
75127  47.491  -20.824  25.542 0.3000000119
74250  47.139  -21.249  26.383 0.3000000119
74251  46.533  -21.530  26.825 0.2000000030
74252  45.730  -21.636  26.805 0.1000000015
73322  30.884  -22.805  24.222 0.2000000030
71501  31.055  -24.282  24.913 0.2000000030
74290  46.143  -21.259  25.291 0.3000000119
74291  45.354  -21.246  25.051 0.1000000015
73336  31.532  -22.548  23.775 0.2000000030
125039  31.067  -21.088  23.537 0.3000000119
75173  32.603  -20.152  22.712 0.2000000030
76837  33.228  -18.744  22.653 0.3000000119
76826  32.586  -18.759  23.031 0.3000000119
77722  34.631  -17.201  22.146 0.3000000119
130995  33.659  -18.224  22.557 0.3000000119
81400  38.036  -14.143  19.692 0.4000000060
80437  37.043  -14.711  20.413 0.3000000119
79520  35.996  -15.394  21.229 0.3000000119
86039  44.456  -8.373  17.248 0.6000000238
85189  43.299  -9.324  17.771 0.5000000000
144374  42.276  -10.396  18.189 0.4000000060
84305  41.644  -10.572  18.709 0.3000000119
83392  40.319  -11.463  19.400 0.2000000030
82389  39.406  -12.422  19.465 0.4000000060
82385  38.270  -12.331  20.364 0.3000000119
81389  37.811  -13.259  20.236 0.4000000060
73203  32.543  -22.570  36.545 0.1000000015
73214  31.395  -22.758  35.666 0.1000000015
73215  30.667  -22.471  35.606 0.1000000015
68595  47.884  -27.655  39.310 0.1000000015
131070  40.417  -30.009  33.844 0.1000000015
67801  39.148  -29.117  32.992 0.1000000015
72330  30.018  -23.345  34.624 0.1000000015
126835  48.092  -26.562  36.438 0.1000000015
65955  41.413  -30.894  33.535 0.2000000030
132724  40.907  -30.513  33.111 0.2000000030
66917  38.842  -29.420  32.077 0.1000000015
72340  29.465  -23.795  33.945 0.1000000015
70464  48.180  -25.387  35.610 0.1000000015
64976  41.652  -30.892  32.689 0.2000000030
65972  41.387  -30.635  31.806 0.2000000030
65974  39.907  -30.188  31.572 0.1000000015
123014  28.649  -23.517  33.686 0.1000000015
65983  41.381  -30.543  30.910 0.1000000015
65991  40.009  -30.226  30.696 0.1000000015
71413  29.077  -24.234  33.204 0.1000000015
71409  46.882  -24.302  33.686 0.2000000030
71398  47.259  -24.785  34.155 0.2000000030
125299  47.220  -25.654  34.029 0.2000000030
69539  46.743  -25.890  33.337 0.2000000030
129273  46.654  -26.754  33.225 0.2000000030
67813  44.236  -28.794  31.062 0.2000000030
66923  44.287  -29.560  31.537 0.2000000030
124813  28.489  -24.520  31.894 0.1000000015
122707  45.919  -28.010  32.511 0.2000000030
67812  45.312  -28.092  31.886 0.2000000030
67800  44.799  -28.828  31.721 0.2000000030
66915  44.814  -29.552  32.218 0.2000000030
71422  27.773  -24.198  31.433 0.1000000015
73224  47.857  -22.755  34.358 0.2000000030
70513  28.821  -25.371  30.076 0.1000000015
75056  49.849  -20.610  33.534 0.2000000030
73232  48.275  -22.152  33.955 0.2000000030
69610  29.857  -26.094  27.817 0.2000000030
70526  29.185  -25.665  28.858 0.2000000030
129906  28.228  -24.934  29.680 0.2000000030
74200  48.025  -21.190  30.808 0.2000000030
75091  48.225  -20.737  29.394 0.2000000030
70550  29.468  -25.662  27.459 0.2000000030
125496  28.540  -25.130  28.339 0.2000000030
75905  50.781  -19.272  31.907 0.2000000030
75919  49.895  -19.727  31.259 0.2000000030
75092  47.561  -21.039  28.755 0.2000000030
70551  28.876  -25.253  27.470 0.2000000030
71465  27.547  -23.950  27.390 0.2000000030
75090  48.993  -20.169  29.808 0.2000000030
75935  48.853  -20.137  28.879 0.2000000030
75101  47.693  -21.056  27.860 0.2000000030
71474  29.467  -24.860  26.233 0.2000000030
75100  48.265  -20.632  28.391 0.2000000030
75109  47.809  -21.062  26.980 0.2000000030
72420  30.172  -23.094  24.647 0.2000000030
72403  29.639  -23.486  25.122 0.2000000030
138407  29.581  -22.979  24.858 0.2000000030
73310  28.279  -22.348  25.523 0.2000000030
75156  30.723  -20.302  23.720 0.3000000119
74297  29.937  -21.742  24.267 0.2000000030
76828  31.053  -18.937  23.894 0.3000000119
76003  31.358  -19.663  23.497 0.3000000119
126502  32.398  -18.179  23.355 0.3000000119
76002  32.186  -19.503  23.084 0.3000000119
78616  33.581  -16.558  23.021 0.3000000119
77723  33.784  -17.436  22.657 0.3000000119
137105  36.197  -13.976  21.319 0.3000000119
79521  35.315  -15.445  21.705 0.3000000119
79522  34.649  -15.584  22.247 0.3000000119
86030  43.778  -7.910  18.086 0.6000000238
86031  43.199  -8.595  18.277 0.5000000000
85180  42.210  -9.695  18.654 0.4000000060
84295  41.142  -10.459  19.343 0.3000000119
138668  39.948  -11.195  19.892 0.4000000060
83394  39.019  -12.054  20.013 0.3000000119
82386  36.996  -12.862  20.964 0.3000000119
73205  31.153  -22.226  36.060 0.1000000015
67749  47.746  -27.821  38.857 0.1000000015
126478  41.529  -31.126  34.320 0.1000000015
69523  48.029  -26.063  35.496 0.2000000030
64913  45.588  -31.751  36.008 0.1000000015
64914  45.101  -31.602  35.178 0.1000000015
63958  44.028  -31.831  34.164 0.1000000015
64957  42.040  -31.289  33.414 0.1000000015
71397  47.661  -24.502  34.733 0.2000000030
130041  47.749  -25.359  34.825 0.2000000030
141263  47.767  -26.745  35.396 0.1000000015
64933  44.665  -31.475  34.376 0.1000000015
64974  43.384  -31.206  32.641 0.1000000015
64975  42.493  -31.198  32.668 0.2000000030
72341  27.830  -23.195  33.399 0.1000000015
72327  47.322  -23.920  34.250 0.2000000030
64973  44.217  -31.083  33.036 0.2000000030
136029  42.840  -31.012  32.108 0.2000000030
69531  47.091  -26.559  33.917 0.2000000030
68632  46.811  -27.454  33.746 0.2000000030
67784  46.535  -28.225  33.695 0.2000000030
66899  46.355  -28.892  34.034 0.2000000030
65969  44.700  -30.314  32.778 0.2000000030
65981  43.668  -30.272  31.514 0.2000000030
68625  47.310  -27.245  34.719 0.1000000015
67785  46.032  -28.713  33.160 0.2000000030
67799  45.394  -28.811  32.381 0.2000000030
66914  45.364  -29.539  32.917 0.2000000030
137671  44.330  -30.143  32.014 0.2000000030
120898  28.327  -24.706  31.104 0.1000000015
136566  27.628  -24.351  30.604 0.1000000015
74175  48.696  -21.509  33.543 0.2000000030
139591  27.469  -24.350  29.690 0.1000000015
74183  49.131  -20.954  33.153 0.2000000030
74176  47.947  -21.878  33.111 0.2000000030
74191  48.234  -21.279  31.652 0.2000000030
71450  27.396  -24.193  28.802 0.1000000015
71449  27.973  -24.743  28.994 0.1000000015
75068  49.348  -20.334  31.645 0.2000000030
75063  48.858  -20.839  32.021 0.2000000030
75069  48.660  -20.735  31.183 0.2000000030
125509  47.930  -21.144  30.077 0.2000000030
72381  27.082  -23.663  28.150 0.2000000030
75899  50.072  -19.932  32.186 0.2000000030
75078  49.174  -20.208  30.732 0.2000000030
75079  48.485  -20.687  30.326 0.2000000030
72388  27.081  -23.187  27.312 0.2000000030
72405  28.292  -23.178  25.796 0.2000000030
72396  27.662  -23.414  26.565 0.2000000030
74242  27.063  -21.685  27.284 0.2000000030
74299  28.857  -21.136  24.870 0.2000000030
74280  28.320  -21.453  25.473 0.2000000030
75129  29.118  -20.269  24.829 0.2000000030
76812  30.462  -18.706  24.482 0.3000000119
75983  30.039  -19.316  24.492 0.3000000119
76811  31.201  -18.208  24.179 0.3000000119
78606  32.963  -16.346  23.664 0.3000000119
77698  32.307  -16.974  23.952 0.3000000119
86888  44.056  -7.079  18.670 0.5000000000
142672  43.247  -7.440  19.622 0.4000000060
86021  41.899  -8.729  20.015 0.4000000060
85171  41.454  -9.307  19.986 0.4000000060
80419  35.188  -14.102  22.256 0.3000000119
80420  34.679  -14.545  22.644 0.3000000119
79504  33.549  -15.672  23.416 0.3000000119
86019  43.130  -7.784  19.002 0.4000000060
85170  41.977  -9.084  19.385 0.4000000060
84290  40.972  -9.973  19.848 0.4000000060
84296  40.515  -10.706  19.746 0.4000000060
84293  39.014  -10.920  20.886 0.4000000060
82382  37.147  -12.087  21.277 0.4000000060
81369  35.976  -12.899  22.131 0.3000000119
66863  47.473  -28.727  37.674 0.1000000015
65907  47.263  -29.694  37.739 0.1000000015
68615  47.869  -27.294  37.019 0.1000000015
67760  47.635  -27.950  37.456 0.1000000015
140406  47.345  -28.645  36.679 0.1000000015
67771  47.408  -28.108  36.157 0.1000000015
65908  46.862  -30.349  36.792 0.1000000015
65921  45.807  -30.924  35.413 0.1000000015
68620  47.643  -27.342  35.804 0.1000000015
65933  46.181  -30.184  35.167 0.1000000015
65920  46.516  -30.313  35.897 0.1000000015
64932  45.300  -30.958  34.566 0.1000000015
64954  44.329  -31.392  33.715 0.1000000015
67779  47.249  -27.916  35.252 0.1000000015
137344  46.992  -28.600  35.282 0.1000000015
66875  46.679  -29.480  35.383 0.1000000015
65934  45.773  -30.412  34.751 0.1000000015
65968  45.257  -30.125  33.427 0.1000000015
69530  47.556  -26.296  34.692 0.2000000030
67780  46.869  -28.196  34.469 0.1000000015
137246  46.646  -28.983  34.705 0.1000000015
66900  45.787  -29.553  33.690 0.1000000015
75110  27.359  -20.854  27.737 0.1000000015
74229  26.844  -21.445  28.000 0.1000000015
74260  27.469  -21.567  26.604 0.2000000030
131003  28.270  -19.923  27.368 0.2000000030
75970  28.425  -19.951  26.370 0.2000000030
143916  29.364  -18.757  26.159 0.2000000030
75976  28.930  -19.659  25.494 0.2000000030
76801  30.069  -18.406  25.205 0.3000000119
76813  29.840  -18.910  24.870 0.3000000119
78585  31.439  -16.617  25.391 0.2000000030
77699  31.418  -17.301  24.583 0.2000000030
78599  32.445  -16.176  24.382 0.3000000119
86887  44.660  -6.450  18.802 0.5000000000
86876  43.640  -7.100  19.465 0.4000000060
86877  42.824  -7.704  19.996 0.4000000060
85165  40.854  -9.491  20.562 0.4000000060
81371  34.911  -13.877  22.963 0.3000000119
80410  34.388  -14.394  23.338 0.3000000119
127483  33.401  -15.182  24.077 0.3000000119
84285  39.371  -10.219  21.279 0.4000000060
84286  38.628  -10.524  21.586 0.4000000060
83386  36.771  -11.706  22.004 0.4000000060
82379  35.723  -12.669  22.887 0.4000000060
125524  30.792  -16.206  30.287 0.2000000030
76767  29.700  -18.944  29.661 0.2000000030
75951  29.228  -19.685  28.777 0.2000000030
75961  28.319  -19.916  28.359 0.2000000030
75119  27.832  -20.441  27.032 0.2000000030
77632  31.858  -17.955  30.664 0.2000000030
132148  31.320  -19.671  29.964 0.2000000030
76778  30.670  -19.478  28.759 0.2000000030
76786  29.359  -18.872  26.971 0.2000000030
75969  28.710  -19.418  26.920 0.2000000030
75948  31.952  -19.767  29.809 0.2000000030
77656  31.888  -18.333  28.375 0.3000000119
77665  30.646  -17.977  27.138 0.2000000030
77676  30.497  -17.659  26.166 0.2000000030
77664  31.345  -17.646  27.542 0.2000000030
144498  31.033  -17.023  25.961 0.2000000030
79484  32.307  -15.523  25.490 0.2000000030
135523  43.871  -6.785  20.060 0.4000000060
86867  43.102  -7.429  20.778 0.3000000119
86009  41.401  -8.441  21.678 0.4000000060
85160  40.641  -9.046  21.491 0.4000000060
81362  35.265  -13.245  23.337 0.3000000119
80402  34.168  -14.226  24.183 0.3000000119
80403  33.559  -14.629  24.503 0.2000000030
86010  40.835  -8.583  22.173 0.4000000060
85163  38.975  -10.001  21.921 0.4000000060
84284  37.710  -10.468  22.778 0.4000000060
83381  36.601  -11.493  22.851 0.4000000060
82374  36.135  -12.063  23.282 0.4000000060
76765  32.339  -19.556  29.668 0.3000000119
79455  32.844  -16.054  28.129 0.3000000119
78560  31.648  -16.734  27.105 0.2000000030
79473  32.552  -15.206  26.560 0.2000000030
80395  32.595  -15.034  25.854 0.2000000030
86866  43.792  -6.915  20.860 0.3000000119
86868  42.557  -7.818  20.725 0.3000000119
82375  35.679  -12.666  23.722 0.4000000060
81359  35.190  -13.229  24.213 0.3000000119
80393  33.879  -14.029  25.058 0.3000000119
82372  36.205  -12.162  24.150 0.4000000060
82373  35.721  -12.746  24.622 0.3000000119
79463  32.600  -15.531  27.354 0.3000000119
79472  32.991  -14.578  26.298 0.2000000030
80382  33.712  -13.987  26.068 0.2000000030
82370  35.813  -12.852  25.490 0.3000000119
81357  34.479  -13.583  25.561 0.3000000119
70456  48.336  -25.703  36.343 0.1000000015
73234  46.864  -22.914  33.220 0.2000000030
73240  47.252  -22.329  32.732 0.2000000030
72314  47.976  -23.830  35.126 0.2000000030
73233  47.536  -22.520  33.562 0.2000000030
72338  47.289  -23.178  33.931 0.2000000030
74185  47.749  -21.782  32.185 0.2000000030
73223  48.554  -22.387  34.822 0.2000000030
138470  45.135  -7.576  17.190 0.6999999881
140341  44.717  -6.769  18.275 0.5000000000
84357  46.833  -10.921  12.830 0.6000000238
85210  45.727  -9.850  15.006 0.6000000238
84346  46.492  -10.558  13.502 0.6000000238
81498  49.515  -13.708  10.142 0.4000000060
82460  48.235  -12.251  10.186 0.6000000238
81485  52.419  -13.538  11.636 0.4000000060
81474  55.445  -13.184  12.732 0.4000000060
87711  44.338  -6.497  19.506 0.5000000000
80443  47.864  -14.582  20.087 0.3000000119
81397  49.839  -13.641  20.083 0.3000000119
79542  49.119  -14.938  18.477 0.3000000119
80451  49.653  -14.379  18.826 0.3000000119
75107  52.820  -20.263  27.355 0.3000000119
76792  52.488  -18.587  26.546 0.3000000119
75956  52.420  -19.766  26.888 0.3000000119
78594  54.834  -15.591  25.020 0.3000000119
77694  52.972  -17.241  24.735 0.3000000119
80450  50.429  -14.152  18.510 0.3000000119
80449  51.279  -13.890  18.206 0.3000000119
80458  51.410  -14.142  17.323 0.3000000119
78676  48.283  -16.287  15.415 0.3000000119
79531  55.325  -14.472  20.134 0.3000000119
79525  54.678  -15.195  20.588 0.3000000119
79558  50.616  -14.921  15.954 0.3000000119
79540  55.318  -14.581  19.312 0.3000000119
79547  55.620  -14.578  17.795 0.3000000119
79548  54.598  -15.416  17.471 0.3000000119
78674  54.852  -15.843  15.066 0.4000000060
79565  55.662  -15.230  15.458 0.4000000060
79557  55.395  -15.035  16.857 0.3000000119
80426  47.461  -14.395  21.179 0.3000000119
74211  55.970  -21.509  29.232 0.2000000030
72371  55.580  -23.888  28.682 0.2000000030
141900  53.305  -13.678  23.278 0.3000000119
80400  54.501  -14.129  24.811 0.3000000119
81367  53.230  -13.480  22.620 0.3000000119
81376  51.289  -13.526  21.216 0.3000000119
81375  53.188  -13.343  21.896 0.3000000119
78647  46.512  -17.183  17.767 0.2000000030
79490  55.194  -14.869  24.752 0.3000000119
80415  54.601  -13.868  22.542 0.3000000119
81374  54.030  -13.378  21.604 0.3000000119
81384  54.228  -13.304  20.847 0.3000000119
77781  46.341  -17.312  16.411 0.2000000030
77790  46.925  -17.076  16.024 0.2000000030
78668  47.539  -16.733  16.441 0.3000000119
79505  55.004  -14.404  22.733 0.3000000119
79513  55.121  -14.488  21.743 0.3000000119
80422  55.257  -14.020  21.148 0.3000000119
81373  54.744  -13.638  21.339 0.3000000119
81394  53.209  -13.153  19.451 0.3000000119
78677  47.612  -16.653  15.726 0.2000000030
123174  46.134  -16.862  14.917 0.2000000030
78688  46.540  -16.515  14.363 0.2000000030
81383  55.053  -13.613  20.563 0.3000000119
124269  54.249  -12.951  19.163 0.3000000119
81404  53.257  -13.213  18.575 0.3000000119
80468  50.673  -14.641  16.808 0.3000000119
78687  47.345  -16.455  14.429 0.3000000119
129055  55.163  -13.021  19.144 0.3000000119
81425  52.302  -13.775  17.039 0.3000000119
79574  49.743  -15.544  14.834 0.3000000119
81412  55.763  -12.856  18.054 0.3000000119
81413  54.621  -12.962  17.432 0.3000000119
81424  53.318  -13.442  16.772 0.3000000119
80466  52.407  -13.888  16.296 0.3000000119
80484  51.065  -14.780  14.493 0.3000000119
79587  48.376  -15.718  13.300 0.4000000060
80456  56.346  -13.650  17.314 0.4000000060
139957  52.538  -14.055  15.108 0.4000000060
79602  48.974  -15.349  12.739 0.4000000060
80465  56.408  -13.799  16.325 0.4000000060
79564  56.214  -14.476  15.805 0.4000000060
79516  47.876  -14.559  21.598 0.3000000119
79507  49.280  -15.146  22.675 0.3000000119
75097  55.690  -20.867  29.162 0.2000000030
77783  44.742  -17.542  16.538 0.2000000030
78579  55.344  -15.152  26.092 0.3000000119
78679  45.376  -16.895  15.068 0.2000000030
138889  46.392  -16.117  13.763 0.3000000119
78702  45.637  -15.917  13.926 0.3000000119
80512  45.928  -14.558  12.825 0.5000000000
81411  56.177  -13.073  17.514 0.3000000119
79618  47.076  -14.957  12.199 0.5000000000
79617  47.797  -15.026  11.848 0.4000000060
81421  56.194  -13.252  16.803 0.4000000060
81433  54.322  -13.367  15.498 0.4000000060
81432  55.778  -13.095  16.041 0.4000000060
81448  53.279  -13.716  14.919 0.4000000060
80482  52.520  -14.049  14.417 0.4000000060
80507  51.672  -14.181  12.931 0.4000000060
80510  48.670  -15.058  11.932 0.4000000060
80524  47.179  -14.410  11.751 0.5000000000
124312  55.150  -13.329  15.181 0.4000000060
123420  56.017  -13.411  15.153 0.4000000060
80522  49.271  -14.586  11.389 0.4000000060
80474  56.485  -13.823  14.783 0.4000000060
81463  54.387  -13.450  13.820 0.4000000060
81475  52.625  -13.730  12.765 0.4000000060
121892  53.398  -13.594  13.279 0.4000000060
81476  52.058  -13.780  12.161 0.4000000060
81487  50.785  -14.009  11.066 0.4000000060
80534  49.846  -14.167  10.808 0.4000000060
123920  55.433  -13.410  13.875 0.4000000060
124710  55.141  -23.337  30.384 0.1000000015
78604  48.441  -16.361  23.092 0.3000000119
77745  44.626  -17.297  19.081 0.3000000119
141608  43.686  -17.197  16.158 0.2000000030
78690  44.822  -16.113  14.561 0.3000000119
80499  45.437  -14.702  13.399 0.5000000000
81449  45.104  -13.238  13.952 0.5000000000
80525  46.598  -13.627  11.962 0.6000000238
82450  46.975  -12.929  11.499 0.6000000238
82461  47.760  -12.626  10.594 0.6000000238
121748  54.352  -13.338  12.968 0.4000000060
81486  51.682  -13.726  11.396 0.4000000060
74181  53.398  -21.709  32.325 0.2000000030
73239  53.426  -22.728  32.252 0.2000000030
77736  43.499  -17.257  20.190 0.3000000119
77747  42.985  -17.596  19.334 0.2000000030
78669  43.087  -17.060  16.346 0.2000000030
78657  42.382  -17.485  17.395 0.2000000030
77773  42.796  -17.720  17.780 0.2000000030
80485  44.522  -14.443  14.333 0.4000000060
79576  44.137  -15.125  14.684 0.3000000119
81450  44.577  -13.632  14.415 0.5000000000
82434  45.626  -12.781  13.459 0.5000000000
83442  45.771  -11.873  13.704 0.6000000238
83450  46.651  -11.761  12.570 0.6000000238
76831  46.217  -17.913  22.703 0.3000000119
77748  42.243  -17.777  19.493 0.2000000030
136068  43.193  -15.864  15.536 0.3000000119
78682  42.930  -16.398  15.919 0.3000000119
77775  41.112  -17.400  17.988 0.2000000030
77763  40.600  -17.526  18.680 0.2000000030
81435  44.180  -13.175  14.996 0.5000000000
82424  45.246  -12.343  14.149 0.5000000000
81436  43.588  -13.592  15.354 0.4000000060
81437  42.930  -14.025  15.702 0.4000000060
83434  44.815  -11.930  14.734 0.5000000000
83424  45.000  -11.201  14.978 0.5000000000
84347  45.937  -11.028  13.939 0.6000000238
77672  51.033  -16.875  26.914 0.3000000119
76809  49.280  -17.781  24.852 0.3000000119
76823  48.357  -18.451  23.965 0.3000000119
76834  43.969  -18.334  22.195 0.3000000119
78538  53.136  -16.205  29.368 0.3000000119
76841  43.326  -18.225  21.687 0.2000000030
76861  39.855  -18.216  19.731 0.2000000030
76029  40.040  -19.495  20.324 0.2000000030
76028  40.751  -19.328  20.445 0.2000000030
124779  42.355  -16.438  16.325 0.2000000030
80471  41.534  -14.868  16.476 0.3000000119
78671  41.537  -16.414  16.816 0.2000000030
84331  45.113  -10.509  15.286 0.6000000238
83425  44.490  -11.587  15.358 0.5000000000
82417  43.735  -12.704  15.545 0.4000000060
83426  43.917  -11.904  15.733 0.5000000000
78672  40.674  -15.804  17.167 0.2000000030
77764  39.845  -17.263  18.819 0.2000000030
76854  38.659  -18.686  20.230 0.2000000030
78660  39.686  -16.206  18.119 0.2000000030
79552  39.936  -15.605  17.691 0.2000000030
76799  49.357  -18.263  25.507 0.3000000119
77627  53.268  -16.978  30.641 0.3000000119
76760  51.511  -17.692  29.878 0.3000000119
77641  52.222  -16.938  29.559 0.3000000119
75996  47.804  -19.160  23.809 0.3000000119
78529  53.696  -16.759  30.047 0.3000000119
140312  53.879  -16.636  29.491 0.3000000119
76001  43.642  -19.930  22.876 0.2000000030
75179  42.009  -20.384  21.896 0.2000000030
75180  40.602  -20.842  21.108 0.2000000030
75170  40.874  -21.068  21.617 0.2000000030
75169  41.443  -21.036  22.192 0.2000000030
74330  40.645  -21.507  22.175 0.2000000030
74359  39.873  -20.893  20.855 0.2000000030
75191  40.563  -20.166  20.686 0.2000000030
76030  39.143  -19.594  20.405 0.2000000030
74360  39.120  -21.131  20.915 0.2000000030
75181  38.367  -20.854  20.841 0.2000000030
76032  37.466  -19.240  20.684 0.3000000119
83415  44.192  -11.184  15.931 0.5000000000
81427  42.443  -13.516  16.287 0.4000000060
77740  38.183  -17.823  20.105 0.3000000119
131534  37.515  -17.892  20.473 0.4000000060
130523  45.124  -9.899  15.625 0.6999999881
85196  44.983  -8.821  16.466 0.6999999881
82406  43.331  -12.269  16.151 0.4000000060
80461  40.898  -14.316  17.048 0.3000000119
80462  40.283  -14.899  17.393 0.3000000119
136032  40.390  -14.282  17.495 0.3000000119
79537  38.610  -15.290  18.911 0.4000000060
80453  39.640  -14.962  17.859 0.3000000119
126075  38.354  -15.975  19.262 0.4000000060
83406  42.472  -11.428  17.388 0.4000000060
82398  40.778  -12.950  17.801 0.3000000119
74174  49.420  -21.150  34.002 0.2000000030
71437  42.926  -24.222  30.190 0.1000000015
72372  42.445  -23.250  29.750 0.1000000015
73262  43.018  -23.017  30.110 0.1000000015
70524  42.485  -24.775  29.736 0.1000000015
71448  41.888  -24.327  29.400 0.1000000015
71454  40.580  -23.860  28.566 0.1000000015
71455  39.925  -24.508  28.084 0.1000000015
71462  38.749  -24.631  27.406 0.1000000015
69606  38.792  -26.001  27.343 0.1000000015
71463  38.087  -24.647  27.012 0.1000000015
142273  37.994  -25.255  27.012 0.1000000015
137027  38.062  -25.825  27.041 0.1000000015
69617  34.536  -26.615  26.228 0.2000000030
142744  35.430  -27.369  26.474 0.2000000030
129301  35.783  -25.886  26.335 0.1000000015
73282  42.325  -22.339  28.876 0.1000000015
72379  40.353  -22.859  28.212 0.1000000015
73284  41.092  -22.358  28.264 0.1000000015
137876  39.727  -22.978  27.754 0.1000000015
125609  39.244  -23.444  27.509 0.1000000015
71470  37.400  -24.387  26.501 0.1000000015
71471  36.696  -24.761  26.310 0.1000000015
71472  35.908  -25.050  26.089 0.1000000015
70572  34.176  -25.493  25.605 0.2000000030
74240  42.644  -21.731  27.434 0.1000000015
120433  41.794  -21.723  27.226 0.1000000015
141605  41.098  -21.707  27.034 0.1000000015
73295  40.498  -21.911  27.257 0.1000000015
72392  38.703  -23.206  26.916 0.1000000015
123302  38.921  -22.448  26.454 0.1000000015
73297  38.080  -22.981  26.168 0.1000000015
72400  36.732  -23.641  25.570 0.1000000015
143801  35.635  -24.554  25.635 0.1000000015
71481  34.301  -24.809  25.204 0.1000000015
75968  48.910  -19.643  26.646 0.3000000119
120296  44.160  -21.677  26.976 0.1000000015
74258  39.937  -21.692  26.015 0.1000000015
73305  39.273  -21.890  25.904 0.1000000015
73307  37.792  -22.672  25.342 0.1000000015
73306  39.035  -21.868  25.104 0.1000000015
73308  37.031  -22.990  25.048 0.1000000015
72413  36.356  -23.343  24.889 0.1000000015
71497  34.437  -24.293  24.795 0.1000000015
71496  35.003  -23.882  24.627 0.1000000015
74276  42.281  -21.581  25.550 0.1000000015
120502  41.749  -21.542  24.813 0.1000000015
74294  41.330  -21.657  24.287 0.1000000015
120985  40.974  -21.575  24.906 0.1000000015
74296  39.809  -21.894  24.482 0.1000000015
73329  38.075  -22.466  23.890 0.1000000015
73320  37.486  -22.640  24.545 0.1000000015
72423  35.589  -23.020  23.732 0.1000000015
73330  37.245  -22.580  23.786 0.1000000015
73331  35.918  -22.727  23.166 0.1000000015
72424  34.791  -23.334  23.838 0.1000000015
142058  32.898  -24.206  24.424 0.2000000030
72416  33.289  -23.781  24.100 0.2000000030
75167  42.944  -20.496  22.907 0.2000000030
75153  42.527  -21.040  23.359 0.2000000030
74309  42.773  -21.231  23.984 0.2000000030
74292  43.316  -21.220  24.427 0.2000000030
121004  41.085  -21.743  23.571 0.1000000015
74293  42.543  -21.419  24.633 0.1000000015
124747  40.345  -22.025  23.743 0.1000000015
73328  38.800  -22.410  23.357 0.2000000030
73347  39.381  -22.235  22.682 0.2000000030
74311  40.317  -21.962  22.925 0.2000000030
134438  37.736  -22.429  22.175 0.1000000015
73350  36.250  -22.481  22.433 0.1000000015
73349  37.042  -22.476  22.306 0.1000000015
73351  35.485  -22.438  22.467 0.1000000015
133698  33.544  -22.771  23.285 0.2000000030
72426  32.900  -23.080  23.590 0.2000000030
75168  42.262  -20.721  22.592 0.2000000030
74332  39.034  -22.065  21.862 0.2000000030
73362  37.351  -22.120  21.719 0.1000000015
74347  37.797  -21.512  21.289 0.1000000015
74333  35.303  -21.959  21.971 0.1000000015
74349  35.966  -21.726  21.701 0.1000000015
74334  34.623  -21.491  22.027 0.2000000030
74346  38.669  -21.575  21.287 0.2000000030
75183  36.463  -20.324  21.211 0.1000000015
124186  36.004  -21.063  21.454 0.2000000030
75184  35.531  -20.419  21.509 0.2000000030
126574  34.029  -21.013  22.126 0.2000000030
76023  35.802  -19.508  21.388 0.3000000119
76835  34.478  -19.036  21.955 0.3000000119
77742  36.913  -17.636  20.728 0.4000000060
76845  35.728  -18.025  21.459 0.3000000119
81409  39.189  -13.852  18.779 0.4000000060
78635  36.291  -16.286  20.988 0.4000000060
129616  44.167  -9.895  16.655 0.5000000000
129617  43.422  -10.141  17.259 0.5000000000
85190  42.778  -9.931  17.951 0.4000000060
83407  41.760  -11.786  17.745 0.3000000119
82392  41.066  -12.182  18.131 0.3000000119
70476  35.230  -25.019  34.130 0.1000000015
123668  34.666  -24.232  35.394 0.1000000015
70475  36.537  -25.430  34.365 0.1000000015
137501  33.454  -25.038  33.052 0.1000000015
69543  35.876  -26.262  33.160 0.1000000015
69542  36.651  -26.406  33.393 0.1000000015
141113  35.154  -26.169  32.856 0.1000000015
70491  34.607  -25.637  33.020 0.1000000015
69550  35.580  -26.726  32.571 0.1000000015
68660  36.351  -27.932  31.690 0.1000000015
69552  33.905  -26.417  32.009 0.1000000015
126924  33.131  -25.388  32.538 0.1000000015
70493  32.518  -25.565  32.161 0.1000000015
66927  37.958  -29.287  30.675 0.1000000015
67816  36.790  -28.552  31.099 0.1000000015
67817  35.923  -28.255  30.819 0.1000000015
69565  32.605  -26.196  31.510 0.1000000015
125201  38.048  -29.472  29.920 0.1000000015
65999  40.134  -30.057  29.869 0.1000000015
67827  35.193  -28.336  30.221 0.1000000015
68676  34.338  -27.838  30.500 0.1000000015
68663  33.465  -27.288  30.725 0.1000000015
70501  30.424  -25.583  31.508 0.1000000015
66956  39.393  -29.459  28.645 0.1000000015
122369  40.702  -29.550  29.086 0.1000000015
66947  39.486  -29.739  29.365 0.1000000015
66959  36.852  -29.332  28.703 0.2000000030
66948  38.243  -29.586  29.071 0.1000000015
67838  36.036  -29.088  29.007 0.2000000030
71418  46.323  -24.247  33.073 0.2000000030
66954  40.988  -29.018  28.720 0.1000000015
67847  39.604  -28.967  28.094 0.1000000015
67848  38.891  -29.179  28.084 0.1000000015
67849  37.116  -29.177  27.909 0.2000000030
67850  35.445  -28.848  28.411 0.2000000030
67851  34.553  -28.560  28.774 0.2000000030
68686  33.101  -28.010  29.236 0.2000000030
68687  32.262  -27.544  29.400 0.2000000030
127533  30.723  -26.310  30.339 0.1000000015
72353  44.821  -23.499  31.450 0.2000000030
70499  44.586  -25.226  31.221 0.2000000030
71435  44.170  -24.615  30.943 0.1000000015
67845  41.335  -28.072  28.450 0.1000000015
67858  38.892  -28.549  27.599 0.1000000015
67857  39.801  -28.202  27.707 0.1000000015
67859  37.279  -28.667  27.344 0.2000000030
120847  37.995  -28.325  27.245 0.2000000030
67870  35.909  -28.419  26.912 0.2000000030
67862  34.909  -28.585  27.700 0.2000000030
139998  35.258  -28.445  27.049 0.2000000030
68696  33.185  -28.156  28.155 0.2000000030
129556  32.084  -27.633  28.087 0.2000000030
138111  31.053  -26.993  29.000 0.2000000030
73252  44.518  -22.924  30.901 0.2000000030
70523  42.639  -25.832  29.579 0.1000000015
69591  41.950  -26.166  28.961 0.1000000015
70535  41.448  -25.612  28.791 0.1000000015
68694  41.107  -27.175  28.264 0.1000000015
70536  40.847  -25.582  28.443 0.1000000015
68702  39.085  -26.949  27.324 0.1000000015
139042  39.264  -27.763  27.420 0.1000000015
68704  37.788  -27.472  26.894 0.1000000015
68713  36.877  -27.348  26.640 0.2000000030
68714  36.025  -27.807  26.587 0.2000000030
67871  35.271  -28.050  26.676 0.2000000030
68717  32.085  -27.217  26.876 0.2000000030
134819  34.035  -26.979  26.318 0.2000000030
69619  32.671  -27.000  26.416 0.2000000030
69626  32.868  -26.387  25.933 0.2000000030
70560  33.908  -26.300  25.963 0.2000000030
70561  32.000  -26.132  25.895 0.2000000030
69621  30.799  -26.297  26.753 0.2000000030
76724  51.253  -18.607  31.276 0.2000000030
141133  44.919  -21.697  27.991 0.1000000015
70575  31.695  -25.356  25.466 0.2000000030
74273  45.520  -21.484  25.856 0.1000000015
142721  31.175  -24.828  25.281 0.2000000030
75151  44.813  -20.312  23.740 0.3000000119
142416  44.639  -21.201  24.851 0.1000000015
71500  31.660  -23.995  24.532 0.2000000030
72419  30.951  -23.571  24.565 0.2000000030
74272  46.790  -21.172  25.610 0.3000000119
75137  45.097  -20.810  24.388 0.3000000119
136260  43.046  -21.452  25.116 0.1000000015
74336  33.196  -20.918  22.493 0.2000000030
132143  31.786  -21.003  23.164 0.2000000030
75154  31.933  -20.275  23.089 0.2000000030
133396  35.250  -18.765  21.634 0.3000000119
76836  33.836  -18.825  22.340 0.2000000030
81399  38.607  -13.587  19.470 0.4000000060
79530  36.657  -15.461  20.664 0.4000000060
80436  37.651  -14.779  19.877 0.3000000119
79538  37.970  -15.440  19.549 0.4000000060
78625  35.734  -16.647  21.387 0.3000000119
140526  35.681  -16.022  21.411 0.3000000119
86040  43.711  -8.676  17.706 0.5000000000
84304  42.007  -11.025  17.982 0.4000000060
83397  40.660  -11.796  18.771 0.3000000119
82388  40.026  -12.125  19.145 0.4000000060
72318  32.627  -23.498  35.511 0.1000000015
72328  32.393  -23.839  34.954 0.1000000015
73204  31.795  -22.385  36.285 0.1000000015
68634  38.487  -27.555  33.658 0.1000000015
68635  37.779  -27.285  33.334 0.1000000015
72320  30.805  -23.108  35.152 0.1000000015
67787  38.127  -27.983  33.042 0.1000000015
67802  38.437  -28.687  32.674 0.1000000015
68645  37.449  -27.744  32.725 0.1000000015
67814  38.028  -28.825  31.978 0.1000000015
142930  39.386  -29.869  31.817 0.1000000015
65989  42.104  -30.350  30.673 0.1000000015
71421  29.161  -24.704  32.385 0.1000000015
70480  46.769  -25.010  33.526 0.2000000030
68643  46.228  -27.152  32.696 0.2000000030
67824  43.568  -28.685  30.375 0.2000000030
67825  42.841  -29.007  29.934 0.1000000015
65988  43.014  -30.066  30.806 0.1000000015
69560  45.057  -25.923  31.495 0.2000000030
130066  44.883  -26.662  31.260 0.2000000030
68659  44.631  -27.338  30.993 0.2000000030
68644  45.657  -27.316  32.099 0.2000000030
122545  44.750  -28.085  31.284 0.2000000030
68674  43.630  -27.756  30.098 0.2000000030
69577  44.006  -26.388  30.495 0.1000000015
68684  43.075  -27.399  29.558 0.1000000015
68685  42.349  -27.890  29.053 0.1000000015
69590  42.523  -26.845  29.180 0.1000000015
75062  49.488  -20.513  32.591 0.2000000030
69609  30.495  -26.490  27.536 0.2000000030
74224  46.214  -21.528  28.309 0.2000000030
70549  30.023  -25.886  27.016 0.2000000030
141189  29.885  -25.371  26.454 0.2000000030
139945  46.654  -21.484  27.845 0.2000000030
74236  46.308  -21.574  27.476 0.2000000030
71485  30.557  -24.602  25.386 0.2000000030
125630  46.311  -21.416  26.120 0.2000000030
73323  30.267  -22.399  24.321 0.2000000030
72402  30.343  -23.911  24.994 0.2000000030
128121  30.284  -21.029  23.955 0.3000000119
76016  32.860  -19.405  22.691 0.2000000030
77724  33.041  -18.008  22.965 0.3000000119
76827  31.801  -18.711  23.522 0.3000000119
78627  34.515  -16.387  22.285 0.3000000119
133047  37.471  -14.130  20.183 0.4000000060
80428  36.385  -14.640  20.986 0.3000000119
81390  36.844  -13.806  20.735 0.3000000119
86896  44.511  -7.380  17.835 0.6999999881
85179  42.801  -9.265  18.286 0.4000000060
83391  40.951  -11.081  19.072 0.4000000060
83393  39.677  -11.767  19.675 0.3000000119
143596  37.585  -12.455  20.725 0.3000000119
66902  39.826  -29.527  33.448 0.1000000015
143767  41.137  -30.603  32.441 0.2000000030
66916  39.680  -29.849  32.449 0.1000000015
64956  42.877  -31.518  33.351 0.1000000015
135017  41.973  -30.661  31.330 0.2000000030
65973  40.559  -30.387  32.213 0.1000000015
65984  40.672  -30.469  31.223 0.1000000015
65982  42.744  -30.623  31.455 0.2000000030
141503  46.562  -27.305  33.182 0.2000000030
67798  46.432  -27.834  33.119 0.2000000030
71464  28.211  -24.624  27.483 0.2000000030
71475  28.720  -24.689  26.706 0.2000000030
72395  28.423  -23.928  26.237 0.2000000030
71486  29.732  -24.294  25.572 0.2000000030
74298  29.311  -21.652  24.596 0.2000000030
73325  28.801  -21.988  24.932 0.2000000030
73311  27.758  -22.660  26.045 0.2000000030
74281  27.712  -21.879  25.994 0.2000000030
75139  29.926  -20.104  24.290 0.2000000030
76004  30.568  -19.488  24.017 0.3000000119
75140  29.530  -20.978  24.424 0.2000000030
77714  31.914  -17.800  23.794 0.3000000119
77713  32.556  -17.616  23.451 0.3000000119
77712  33.050  -17.157  23.268 0.3000000119
79511  34.046  -15.992  22.682 0.3000000119
81381  35.751  -13.658  21.841 0.3000000119
81380  36.374  -13.266  21.440 0.3000000119
80429  35.647  -14.554  21.601 0.3000000119
80430  34.965  -14.847  22.107 0.3000000119
79503  34.180  -15.121  22.864 0.3000000119
86032  42.555  -8.739  18.828 0.4000000060
85181  41.557  -9.853  19.313 0.4000000060
83387  39.361  -11.369  20.238 0.4000000060
83389  37.850  -11.814  20.925 0.4000000060
83388  38.619  -11.602  20.585 0.4000000060
82383  36.537  -12.467  21.683 0.3000000119
64955  43.720  -31.528  33.453 0.1000000015
64934  43.227  -31.827  34.042 0.1000000015
64953  44.868  -30.842  33.695 0.1000000015
124460  43.992  -30.719  32.263 0.2000000030
65970  43.344  -30.816  31.965 0.2000000030
72362  26.673  -23.634  29.899 0.1000000015
74184  48.507  -21.304  32.587 0.2000000030
72375  26.306  -23.116  29.160 0.1000000015
73291  26.887  -22.501  27.398 0.2000000030
75130  28.544  -20.520  25.511 0.2000000030
74259  27.928  -20.919  26.249 0.2000000030
75984  29.480  -19.476  24.865 0.2000000030
77700  30.665  -17.918  24.870 0.3000000119
139048  43.408  -7.210  20.124 0.3000000119
86020  42.412  -8.352  19.585 0.4000000060
86012  42.212  -8.248  20.364 0.4000000060
86013  41.504  -8.768  20.753 0.4000000060
84291  40.462  -10.129  20.311 0.4000000060
81370  35.442  -13.376  22.558 0.3000000119
84292  39.830  -10.624  20.456 0.4000000060
83384  38.233  -11.161  21.246 0.4000000060
83385  37.473  -11.401  21.616 0.4000000060
66864  47.066  -29.473  36.511 0.1000000015
66884  46.151  -29.699  34.528 0.1000000015
65954  45.534  -30.288  34.098 0.1000000015
137513  27.860  -20.303  27.827 0.2000000030
76795  29.826  -18.328  26.016 0.2000000030
76802  29.450  -18.908  25.511 0.2000000030
75960  28.887  -19.646  27.840 0.2000000030
128612  28.973  -19.178  26.207 0.2000000030
77684  30.382  -17.916  25.534 0.2000000030
77683  30.871  -17.363  25.419 0.2000000030
138487  31.884  -16.576  24.655 0.3000000119
129011  32.019  -16.019  25.070 0.3000000119
78598  32.968  -15.651  24.141 0.3000000119
86008  42.058  -8.140  21.148 0.3000000119
85166  40.138  -9.825  20.999 0.4000000060
81363  34.743  -13.777  23.781 0.3000000119
80411  33.848  -14.866  23.712 0.3000000119
79494  33.004  -15.072  24.657 0.2000000030
84287  37.881  -10.744  21.955 0.4000000060
84283  38.377  -10.200  22.305 0.4000000060
82378  36.247  -12.175  22.462 0.4000000060
83380  37.183  -11.051  22.398 0.4000000060
78542  30.147  -16.868  29.972 0.2000000030
77633  31.208  -18.109  30.446 0.2000000030
133385  31.467  -17.313  30.552 0.2000000030
75938  29.607  -19.489  29.238 0.2000000030
75950  30.231  -19.606  29.118 0.2000000030
77646  29.818  -17.965  29.839 0.2000000030
128193  30.565  -19.405  29.666 0.2000000030
76748  31.678  -18.911  30.500 0.2000000030
77634  30.539  -18.071  30.175 0.2000000030
75949  31.284  -19.598  29.608 0.2000000030
76777  31.690  -19.432  29.088 0.2000000030
75959  29.709  -19.500  28.331 0.2000000030
126311  30.057  -18.282  26.749 0.2000000030
76784  31.044  -18.652  28.107 0.2000000030
77675  31.100  -17.229  26.637 0.2000000030
76785  30.213  -18.843  27.672 0.2000000030
78572  31.459  -16.517  26.272 0.2000000030
78584  31.841  -15.949  25.840 0.2000000030
79483  32.677  -15.117  25.232 0.2000000030
133414  32.229  -15.496  26.097 0.2000000030
85161  40.191  -8.861  22.379 0.4000000060
85162  39.649  -9.498  21.906 0.4000000060
80394  33.131  -14.558  25.377 0.2000000030
85157  38.921  -9.686  22.552 0.4000000060
83378  36.617  -11.488  23.724 0.4000000060
78552  32.579  -16.779  28.225 0.3000000119
77663  32.011  -17.195  27.936 0.2000000030
78559  32.247  -16.310  27.598 0.2000000030
78571  32.033  -15.915  26.692 0.2000000030
81360  34.591  -13.668  24.659 0.3000000119
81356  35.167  -13.221  25.118 0.3000000119
79640  51.847  -15.776  9.237 0.2000000030
79661  51.018  -15.938  7.514 0.3000000119
78761  50.387  -16.368  5.983 0.2000000030
79638  53.736  -15.259  9.511 0.4000000060
79637  54.858  -14.944  9.791 0.4000000060
79639  52.729  -15.515  9.346 0.4000000060
79628  53.005  -15.586  10.230 0.4000000060
79650  52.329  -15.465  8.531 0.4000000060
79616  53.286  -15.660  11.168 0.3000000119
79660  51.959  -15.508  7.680 0.3000000119
79669  51.041  -15.941  6.356 0.2000000030
135468  50.304  -16.368  5.125 0.2000000030
78772  49.829  -16.728  4.507 0.2000000030
77878  49.360  -17.343  3.914 0.1000000015
139104  49.129  -16.675  3.284 0.1000000015
78779  47.443  -16.498  4.134 0.1000000015
82329  45.696  -12.956  30.330 0.2000000030
82338  45.918  -12.493  28.703 0.2000000030
81312  45.095  -12.987  28.924 0.2000000030
80546  56.769  -14.089  9.766 0.4000000060
80547  55.776  -14.616  9.278 0.4000000060
80533  56.030  -14.707  10.126 0.4000000060
80557  54.200  -14.659  8.056 0.4000000060
128973  52.723  -15.204  7.861 0.3000000119
79694  49.703  -16.160  3.624 0.2000000030
78785  47.678  -16.716  3.345 0.1000000015
79695  48.858  -16.093  3.194 0.1000000015
79688  47.859  -15.930  3.722 0.1000000015
137284  47.362  -16.335  5.153 0.1000000015
80595  48.155  -15.328  4.151 0.1000000015
79678  47.730  -15.592  4.874 0.1000000015
80578  47.742  -14.733  5.657 0.2000000030
81541  47.458  -13.934  5.965 0.2000000030
82517  46.634  -12.172  5.810 0.2000000030
84424  46.935  -10.641  5.616 0.2000000030
81492  57.255  -13.562  10.552 0.4000000060
80545  57.117  -13.817  10.370 0.4000000060
80555  56.397  -14.181  8.953 0.4000000060
80556  55.281  -14.455  8.525 0.4000000060
80566  53.958  -14.499  7.221 0.4000000060
80567  53.251  -14.670  6.804 0.3000000119
79659  52.596  -15.130  7.016 0.3000000119
79667  52.223  -15.128  6.299 0.3000000119
80577  52.294  -14.718  5.862 0.3000000119
128380  51.778  -15.542  6.715 0.3000000119
79668  51.639  -15.311  5.701 0.3000000119
79676  51.233  -15.216  4.932 0.3000000119
80592  50.882  -14.724  4.673 0.3000000119
79677  50.855  -15.810  5.242 0.2000000030
78771  50.368  -16.029  4.386 0.2000000030
78778  50.090  -15.536  3.936 0.2000000030
80593  49.941  -14.833  4.253 0.1000000015
80594  48.870  -14.863  4.188 0.1000000015
80586  48.205  -14.843  4.928 0.1000000015
82486  43.199  -12.358  7.840 0.1000000015
127253  48.092  -14.123  5.457 0.2000000030
81552  47.794  -13.278  5.652 0.2000000030
82497  43.579  -11.864  7.416 0.1000000015
82516  47.431  -12.387  5.709 0.2000000030
137352  43.987  -11.191  6.784 0.1000000015
84425  45.961  -10.543  5.600 0.2000000030
83513  45.573  -11.259  5.899 0.2000000030
82456  57.158  -13.050  10.067 0.4000000060
81508  56.935  -13.560  9.366 0.4000000060
80564  55.805  -13.921  8.207 0.4000000060
81531  55.259  -13.654  7.405 0.4000000060
80574  54.383  -14.048  6.944 0.4000000060
81538  54.731  -13.429  6.769 0.4000000060
81539  53.886  -13.746  6.437 0.4000000060
80576  53.064  -14.261  6.211 0.3000000119
80583  52.378  -14.130  5.653 0.3000000119
80584  51.670  -14.647  5.205 0.3000000119
81558  50.343  -14.137  4.882 0.2000000030
80585  48.688  -14.311  4.991 0.2000000030
82487  42.442  -12.383  8.196 0.1000000015
81551  48.791  -13.493  5.397 0.2000000030
81553  46.956  -13.031  5.929 0.2000000030
83507  44.789  -10.917  6.161 0.2000000030
121791  54.974  -12.647  6.595 0.5000000000
143567  54.330  -13.239  6.518 0.5000000000
82504  53.853  -12.923  6.327 0.4000000060
81540  53.083  -13.585  6.011 0.4000000060
81547  52.247  -13.313  5.754 0.3000000119
122435  52.882  -12.733  6.087 0.4000000060
81549  50.765  -13.537  5.349 0.2000000030
84427  44.726  -9.949  5.879 0.2000000030
84419  44.091  -10.221  6.409 0.2000000030
85282  45.386  -9.756  5.574 0.2000000030
84420  43.383  -10.276  6.969 0.2000000030
129861  43.969  -9.030  6.772 0.2000000030
84414  52.541  -10.217  6.425 0.3000000119
84416  50.425  -10.400  6.441 0.3000000119
83505  49.768  -11.108  6.400 0.3000000119
133943  48.342  -11.052  6.095 0.2000000030
128453  53.193  -9.453  6.299 0.3000000119
85271  51.045  -9.610  6.398 0.3000000119
84417  49.490  -10.359  6.370 0.3000000119
85272  49.939  -9.526  6.311 0.3000000119
83511  47.154  -11.571  5.686 0.2000000030
85273  49.074  -9.813  6.242 0.2000000030
85279  49.052  -9.107  6.008 0.2000000030
84423  47.864  -10.437  5.865 0.2000000030
124654  47.318  -9.756  5.624 0.2000000030
85280  48.265  -9.636  5.894 0.2000000030
86130  44.427  -8.666  6.437 0.2000000030
86141  46.156  -8.380  5.318 0.2000000030
86142  45.443  -8.248  5.599 0.2000000030
86143  44.881  -8.988  5.751 0.2000000030
128561  52.492  -8.933  6.254 0.3000000119
86125  53.239  -8.607  6.118 0.4000000060
86126  51.654  -8.850  6.250 0.4000000060
86127  50.678  -8.769  6.181 0.4000000060
86128  49.766  -8.600  5.954 0.2000000030
144758  47.586  -9.094  5.551 0.2000000030
130656  43.256  -9.421  7.842 0.1000000015
127001  44.705  -8.812  9.110 0.2000000030
85281  46.896  -9.026  5.409 0.2000000030
86101  44.733  -8.908  10.016 0.2000000030
86977  53.158  -7.050  5.629 0.4000000060
85264  43.651  -9.125  7.381 0.1000000015
86109  44.668  -8.593  8.106 0.1000000015
88727  41.369  -5.664  14.694 0.3000000119
86136  51.315  -8.046  5.947 0.4000000060
86978  50.899  -7.185  5.592 0.4000000060
86138  48.938  -8.265  5.629 0.2000000030
86119  44.213  -8.691  7.222 0.2000000030
86137  50.328  -7.932  5.768 0.3000000119
86984  45.530  -7.753  5.667 0.2000000030
86118  44.954  -8.206  7.108 0.2000000030
86139  48.203  -8.715  5.589 0.2000000030
86140  47.190  -8.226  5.237 0.3000000119
86094  45.309  -8.399  10.481 0.3000000119
86087  45.220  -8.268  11.305 0.2000000030
86930  45.411  -7.445  11.842 0.3000000119
87830  52.601  -6.284  5.470 0.4000000060
88742  41.986  -5.042  14.079 0.4000000060
88726  41.976  -5.937  14.166 0.3000000119
86100  45.323  -8.426  9.690 0.2000000030
125240  49.543  -7.857  5.606 0.3000000119
86980  48.840  -7.380  5.303 0.4000000060
86129  44.958  -8.179  5.921 0.2000000030
86982  46.513  -7.377  5.010 0.2000000030
86983  46.008  -7.560  5.363 0.2000000030
87780  44.192  -6.244  12.842 0.3000000119
89570  41.260  -4.192  14.958 0.3000000119
142309  50.928  -5.395  5.305 0.4000000060
133416  41.467  -4.804  14.647 0.3000000119
90441  41.435  -3.448  14.681 0.4000000060
86979  49.762  -6.978  5.364 0.4000000060
87831  50.623  -6.123  5.299 0.4000000060
88741  42.521  -5.733  13.717 0.3000000119
86981  47.965  -6.905  4.806 0.3000000119
88740  43.126  -5.563  13.302 0.3000000119
131178  44.907  -6.811  12.457 0.3000000119
88751  43.695  -5.534  12.902 0.3000000119
88807  51.271  -4.620  5.354 0.4000000060
88808  50.013  -5.098  5.102 0.4000000060
88810  48.309  -4.912  4.802 0.4000000060
86969  46.077  -6.986  6.051 0.3000000119
89575  41.718  -4.134  14.342 0.4000000060
133227  49.387  -5.838  4.918 0.4000000060
88809  48.945  -5.061  4.737 0.4000000060
87841  47.749  -6.087  4.575 0.4000000060
86989  46.740  -6.641  4.795 0.3000000119
87822  46.006  -7.216  5.533 0.3000000119
89586  42.230  -4.095  13.680 0.4000000060
90448  41.875  -3.271  13.965 0.4000000060
128249  41.725  -2.499  13.847 0.4000000060
92052  41.367  -2.003  14.198 0.4000000060
87832  48.697  -6.442  4.874 0.4000000060
135301  47.226  -7.212  4.820 0.3000000119
89585  42.667  -4.858  13.454 0.4000000060
90447  42.346  -3.384  13.315 0.4000000060
92059  41.770  -1.842  13.212 0.4000000060
86942  45.792  -8.011  10.124 0.3000000119
89584  43.301  -4.836  12.932 0.3000000119
89598  42.868  -3.927  12.931 0.4000000060
91306  42.659  -2.981  12.608 0.4000000060
86935  45.823  -7.626  10.862 0.3000000119
87779  45.507  -6.428  11.959 0.3000000119
90509  50.490  -3.125  5.588 0.4000000060
123936  49.787  -3.772  5.438 0.4000000060
90510  49.888  -3.142  5.817 0.4000000060
89647  48.516  -4.585  5.180 0.4000000060
86970  45.522  -7.586  6.280 0.2000000030
86962  45.791  -7.779  7.601 0.2000000030
131622  45.354  -8.152  8.111 0.3000000119
86108  45.346  -8.323  8.876 0.3000000119
92060  41.137  -1.249  13.820 0.4000000060
92831  40.439  -0.739  14.257 0.4000000060
92840  40.050  -0.099  13.736 0.4000000060
92838  41.480  -0.914  12.856 0.4000000060
92839  40.737  -0.500  13.409 0.4000000060
86949  45.899  -7.927  9.444 0.3000000119
90454  43.230  -3.261  12.062 0.4000000060
91320  42.434  -2.184  12.284 0.4000000060
92074  42.147  -1.360  11.941 0.5000000000
88760  44.874  -5.159  12.081 0.3000000119
88750  44.280  -5.433  12.516 0.3000000119
87786  46.548  -6.126  11.022 0.3000000119
132221  45.950  -6.040  11.525 0.3000000119
88759  45.496  -5.596  11.822 0.3000000119
89596  44.260  -4.711  12.197 0.3000000119
93611  35.341  0.681  15.898 0.4000000060
92825  36.025  0.159  15.841 0.4000000060
92824  36.677  0.199  15.447 0.6000000238
91364  50.866  -1.616  5.853 0.4000000060
92834  37.469  0.074  15.152 0.6000000238
93618  38.329  0.672  14.027 0.6000000238
89646  49.244  -3.884  5.660 0.4000000060
88800  48.174  -4.937  5.686 0.4000000060
92832  39.406  -0.208  14.395 0.4000000060
87814  46.782  -6.697  6.536 0.3000000119
93625  40.212  0.330  12.977 0.5000000000
93617  39.186  0.736  13.349 0.4000000060
87804  47.093  -6.935  7.695 0.3000000119
86953  46.553  -7.419  8.186 0.3000000119
86948  46.560  -7.440  9.166 0.3000000119
129913  47.023  -6.838  9.696 0.3000000119
86941  46.389  -7.401  10.091 0.3000000119
90462  43.795  -3.356  11.504 0.5000000000
91319  43.000  -2.500  11.607 0.5000000000
87791  47.204  -5.927  10.249 0.3000000119
88758  46.155  -5.330  11.363 0.3000000119
89607  44.761  -4.484  11.794 0.3000000119
94419  35.487  1.110  15.827 0.3000000119
93601  34.872  0.886  16.114 0.2000000030
94403  36.099  1.511  15.707 0.4000000060
94427  36.688  1.960  14.463 0.5000000000
144307  36.488  1.403  14.817 0.6000000238
90502  49.676  -2.979  6.309 0.4000000060
93620  36.899  1.493  14.361 0.5000000000
93627  37.493  1.467  13.873 0.6000000238
131225  48.743  -4.320  6.113 0.4000000060
94443  38.816  2.229  12.627 0.6000000238
93626  38.176  1.527  13.368 0.6000000238
88793  48.115  -5.760  7.654 0.4000000060
88784  48.037  -5.672  8.724 0.4000000060
93633  39.622  1.236  12.469 0.6000000238
87803  47.637  -6.395  8.240 0.3000000119
87799  47.154  -6.963  8.743 0.3000000119
92847  40.990  -0.136  12.471 0.6000000238
87798  47.522  -6.251  9.252 0.3000000119
88767  47.406  -4.884  10.293 0.4000000060
92073  42.759  -1.787  10.973 0.5000000000
92846  41.731  -0.552  11.712 0.5000000000
91318  43.469  -2.760  11.275 0.5000000000
91328  43.420  -2.080  10.614 0.5000000000
92087  42.494  -0.929  10.532 0.5000000000
88768  46.842  -5.142  10.874 0.3000000119
89605  46.306  -4.408  11.064 0.4000000060
89606  45.489  -4.664  11.534 0.3000000119
90461  44.337  -3.243  11.084 0.5000000000
91327  43.907  -2.675  10.810 0.5000000000
95158  36.515  1.901  14.999 0.3000000119
126990  36.668  1.820  15.817 0.3000000119
91365  50.134  -2.270  6.162 0.5000000000
95176  36.807  2.161  14.518 0.5000000000
94418  36.339  1.490  15.176 0.4000000060
91359  49.784  -2.063  6.811 0.5000000000
94426  36.990  2.055  13.875 0.5000000000
90495  49.060  -3.492  7.848 0.4000000060
94435  38.137  2.096  13.104 0.6000000238
94436  37.520  2.031  13.478 0.6000000238
88783  48.462  -5.013  8.141 0.4000000060
89622  48.583  -4.053  8.630 0.4000000060
88775  48.218  -4.852  9.123 0.4000000060
94441  40.008  1.621  11.732 0.6999999881
88776  47.718  -5.395  9.581 0.4000000060
89615  47.616  -4.030  10.142 0.4000000060
92856  41.907  -0.179  10.695 0.6000000238
89616  46.991  -4.166  10.599 0.5000000000
90468  47.191  -3.187  10.283 0.5000000000
92864  42.798  -0.757  10.161 0.6999999881
90469  46.318  -3.254  10.623 0.5000000000
90459  45.743  -3.820  11.072 0.5000000000
90470  45.397  -3.031  10.709 0.5000000000
91326  44.382  -2.643  10.666 0.5000000000
91340  44.112  -2.070  10.422 0.5000000000
92086  43.069  -1.345  10.275 0.6999999881
91339  44.859  -2.339  10.575 0.5000000000
92119  49.793  -1.125  7.367 0.5000000000
90486  49.186  -2.787  8.068 0.5000000000
90487  48.756  -3.073  8.667 0.5000000000
94450  41.286  1.690  9.969 0.6999999881
90477  48.371  -3.372  9.285 0.5000000000
90478  47.899  -3.210  9.835 0.5000000000
92865  42.397  0.066  9.951 0.6999999881
92863  43.164  -0.858  10.170 0.6999999881
91338  45.688  -2.331  10.565 0.6000000238
92096  43.611  -1.520  10.397 0.6000000238
92095  44.119  -1.597  10.394 0.6000000238
91337  46.609  -2.309  10.423 0.6000000238
135374  44.609  -1.792  10.556 0.6000000238
92094  45.180  -1.946  10.626 0.6000000238
135888  49.659  -0.725  8.152 0.5000000000
92879  49.930  -0.160  8.530 0.6000000238
92111  49.346  -1.409  8.332 0.5000000000
91353  48.998  -2.206  8.588 0.6000000238
92103  49.315  -0.832  8.868 0.6999999881
91346  48.369  -2.403  9.419 0.6000000238
92104  47.983  -1.591  9.913 0.6000000238
92090  48.616  -0.902  10.418 0.6999999881
91336  47.468  -2.238  10.059 0.6000000238
92092  47.029  -1.832  10.527 0.6000000238
92083  46.142  -1.652  10.891 0.6999999881
92093  45.933  -1.911  10.645 0.6999999881
92082  47.096  -1.505  10.920 0.6000000238
82334  46.589  -12.352  29.304 0.2000000030
82512  51.321  -12.989  5.739 0.3000000119
82507  50.005  -11.944  6.283 0.2000000030
82514  49.378  -12.625  5.820 0.2000000030
126300  47.955  -11.724  5.794 0.2000000030
83510  48.955  -11.702  6.186 0.2000000030
138874  53.433  -12.041  6.368 0.4000000060
84413  53.525  -10.484  6.401 0.3000000119
83502  52.570  -11.860  6.353 0.3000000119
81530  56.360  -13.193  7.879 0.4000000060
81537  55.743  -12.907  7.085 0.4000000060
86135  52.469  -8.112  5.989 0.4000000060
133470  48.710  -0.998  9.699 0.6000000238
79626  55.087  -15.020  10.695 0.4000000060
79627  53.997  -15.320  10.446 0.4000000060
79651  51.436  -15.809  8.443 0.3000000119
128799  50.206  -16.352  7.837 0.2000000030
80548  54.560  -14.869  8.903 0.4000000060
79649  53.376  -15.137  8.527 0.4000000060
80565  54.777  -14.237  7.708 0.4000000060
79658  53.358  -14.871  7.558 0.4000000060
79687  48.521  -15.615  3.581 0.1000000015
81548  51.619  -13.819  5.374 0.3000000119
81559  49.430  -14.196  4.855 0.2000000030
82515  48.350  -12.539  5.709 0.2000000030
81550  49.844  -13.437  5.347 0.2000000030
82505  51.938  -12.433  6.125 0.3000000119
82506  50.990  -12.161  6.234 0.3000000119
85270  52.060  -9.599  6.374 0.3000000119
83503  51.688  -11.560  6.393 0.3000000119
132044  52.477  -11.005  6.455 0.3000000119
84415  51.552  -10.524  6.456 0.3000000119
83504  50.729  -11.293  6.423 0.3000000119
84418  48.667  -10.379  6.205 0.2000000030
128637  51.953  -7.263  5.682 0.4000000060
138473  51.554  -6.534  5.484 0.4000000060
91293  41.460  -2.724  14.458 0.4000000060
89654  49.098  -4.429  4.996 0.4000000060
87842  47.040  -6.075  4.733 0.3000000119
141035  47.925  -4.940  4.978 0.4000000060
87820  47.149  -6.046  5.870 0.3000000119
87833  46.942  -5.896  4.955 0.3000000119
89597  43.638  -4.146  12.302 0.4000000060
93632  40.464  0.739  12.052 0.5000000000
93610  36.017  0.924  15.297 0.4000000060
93619  37.481  0.723  14.463 0.6000000238
88811  47.569  -5.419  5.266 0.4000000060
88792  48.513  -5.074  6.947 0.4000000060
94434  38.772  1.743  12.744 0.6000000238
87813  47.518  -6.321  7.108 0.3000000119
88801  47.851  -5.585  6.425 0.3000000119
93631  41.269  0.266  11.451 0.6000000238
90460  45.000  -3.752  11.320 0.4000000060
93602  34.417  0.621  16.562 0.2000000030
89637  49.252  -3.638  6.739 0.5000000000
89630  48.844  -4.305  7.447 0.4000000060
93638  40.802  1.158  11.096 0.6000000238
95193  36.979  2.208  14.002 0.5000000000
91352  49.412  -2.078  7.733 0.5000000000
89623  48.160  -4.050  9.546 0.5000000000
92112  48.816  -1.504  9.205 0.6000000238
130994  36.340  -12.366  24.997 0.2000000030
127261  35.215  -13.230  26.089 0.2000000030
134664  40.819  -13.501  28.302 0.2000000030
133570  40.409  -13.431  27.919 0.2000000030
130422  39.010  -13.184  28.046 0.2000000030
81331  40.174  -13.180  27.289 0.2000000030
81344  38.637  -13.125  26.878 0.2000000030
81345  37.704  -13.057  26.740 0.2000000030
82357  39.425  -12.412  26.413 0.2000000030
83363  38.806  -11.962  25.992 0.2000000030
82359  37.344  -12.597  26.058 0.2000000030
81347  35.785  -13.212  26.832 0.2000000030
135506  34.486  -13.603  26.347 0.2000000030
82368  37.887  -11.988  25.635 0.2000000030
82369  37.055  -12.090  25.331 0.2000000030
83372  37.510  -11.238  24.991 0.3000000119
83375  36.772  -11.667  24.591 0.2000000030
123160  39.759  -13.333  27.912 0.2000000030
81330  41.046  -13.318  27.699 0.2000000030
81319  38.211  -13.067  28.205 0.2000000030
81334  37.225  -13.162  27.327 0.2000000030
81342  40.216  -12.560  26.644 0.2000000030
83362  39.702  -11.630  26.161 0.2000000030
139986  37.562  -13.054  27.964 0.2000000030
81336  35.556  -13.458  27.610 0.2000000030
133468  33.466  -14.343  26.803 0.2000000030
83370  39.121  -11.092  25.660 0.2000000030
83371  38.329  -11.211  25.400 0.2000000030
81337  34.836  -13.797  27.712 0.2000000030
80374  34.167  -13.950  27.057 0.2000000030
84274  38.088  -10.685  24.931 0.3000000119
81299  45.096  -13.176  29.902 0.1000000015
131556  43.833  -13.599  29.792 0.1000000015
120907  42.996  -13.541  28.823 0.1000000015
81303  41.700  -13.554  29.192 0.2000000030
81301  43.729  -13.538  29.068 0.1000000015
81315  42.237  -13.528  28.584 0.1000000015
81316  41.467  -13.517  28.388 0.2000000030
123113  40.948  -13.470  29.030 0.2000000030
81318  39.393  -13.184  28.598 0.2000000030
81328  42.774  -13.322  28.085 0.1000000015
81329  41.943  -13.344  27.874 0.2000000030
136537  38.058  -13.115  28.977 0.2000000030
81308  36.727  -13.497  29.111 0.2000000030
82356  41.139  -12.335  26.779 0.2000000030
83361  40.603  -11.596  26.405 0.2000000030
81320  37.504  -13.163  28.664 0.2000000030
80364  35.381  -13.813  28.311 0.2000000030
124207  34.256  -14.285  27.951 0.2000000030
126860  39.617  -10.947  25.856 0.3000000119
79462  32.989  -14.815  27.106 0.2000000030
84273  38.712  -10.474  25.169 0.3000000119
83374  37.171  -10.956  24.177 0.3000000119
82234  34.267  -12.884  38.287 0.1000000015
83235  33.024  -11.419  36.170 0.1000000015
82328  46.482  -12.610  30.317 0.1000000015
81285  44.350  -13.539  30.443 0.1000000015
82335  45.814  -12.748  29.579 0.1000000015
81286  43.442  -13.688  30.498 0.1000000015
81302  42.425  -13.585  29.424 0.1000000015
77647  28.113  -17.818  29.564 0.1000000015
134891  27.988  -19.312  29.320 0.1000000015
82340  44.028  -12.928  28.126 0.1000000015
81305  39.334  -13.172  29.501 0.2000000030
75939  28.450  -19.690  28.988 0.1000000015
82350  42.427  -12.800  27.521 0.2000000030
83352  42.008  -12.172  26.955 0.2000000030
81306  38.354  -13.209  29.601 0.2000000030
83351  42.872  -12.059  27.195 0.2000000030
83360  41.488  -11.437  26.577 0.2000000030
84263  40.119  -10.812  26.040 0.3000000119
81307  37.557  -13.355  29.490 0.2000000030
140786  34.817  -14.170  28.307 0.2000000030
84270  41.276  -9.867  25.993 0.3000000119
84272  39.535  -10.314  25.520 0.3000000119
80375  33.638  -14.544  27.536 0.2000000030
84271  40.416  -9.931  25.714 0.3000000119
84276  39.113  -9.812  24.839 0.2000000030
84281  37.792  -10.377  23.725 0.3000000119
81168  35.962  -14.099  40.637 0.1000000015
81151  36.285  -13.870  41.387 0.1000000015
82185  36.629  -13.610  42.042 0.1000000015
81180  35.772  -14.225  39.885 0.1000000015
81181  35.095  -13.605  39.489 0.1000000015
82243  34.239  -12.779  37.397 0.1000000015
82235  33.595  -12.245  37.821 0.1000000015
137211  33.696  -11.885  35.947 0.1000000015
83248  33.320  -11.419  35.071 0.1000000015
83265  32.370  -10.966  34.453 0.1000000015
83283  33.235  -11.429  33.951 0.1000000015
138413  32.541  -11.224  33.541 0.1000000015
83302  30.500  -11.228  32.206 0.1000000015
83330  48.212  -12.056  31.055 0.1000000015
80350  28.334  -13.885  30.206 0.1000000015
81284  45.188  -13.309  30.805 0.1000000015
78544  28.434  -16.892  29.546 0.1000000015
142844  47.726  -12.077  30.440 0.1000000015
82327  47.326  -12.119  29.881 0.1000000015
76768  28.683  -19.012  29.459 0.1000000015
83334  47.204  -11.942  29.047 0.1000000015
126904  44.664  -12.766  28.232 0.1000000015
81287  42.533  -13.657  30.419 0.1000000015
123091  41.205  -13.514  29.889 0.2000000030
82347  44.975  -12.265  27.817 0.1000000015
82348  44.214  -12.436  27.767 0.1000000015
81290  39.682  -13.412  30.529 0.2000000030
83343  45.831  -12.037  27.898 0.1000000015
124895  43.686  -11.940  27.369 0.2000000030
83359  42.454  -11.247  26.714 0.2000000030
121145  35.191  -14.384  28.876 0.2000000030
80366  33.876  -14.820  28.177 0.2000000030
84248  44.791  -11.146  27.161 0.2000000030
84260  43.284  -10.655  26.636 0.2000000030
84262  40.929  -10.664  26.247 0.2000000030
79454  33.271  -15.245  27.964 0.2000000030
84259  44.247  -10.560  26.716 0.2000000030
85132  42.915  -9.838  26.226 0.2000000030
85147  39.840  -9.516  25.127 0.3000000119
85146  40.458  -9.271  25.228 0.3000000119
139769  39.580  -9.252  24.432 0.2000000030
130115  38.437  -9.890  23.731 0.3000000119
85151  40.074  -8.778  23.989 0.4000000060
85153  38.888  -9.517  23.309 0.3000000119
84280  38.301  -9.955  23.062 0.3000000119
85156  39.479  -9.157  22.803 0.3000000119
83170  38.499  -12.400  42.519 0.1000000015
84099  38.217  -11.199  41.487 0.1000000015
82168  37.799  -13.578  42.631 0.1000000015
84097  40.122  -10.973  41.728 0.1000000015
81150  36.892  -14.269  41.923 0.1000000015
137894  40.507  -14.477  43.417 0.1000000015
83168  40.961  -12.406  42.643 0.1000000015
81179  36.264  -14.239  40.271 0.1000000015
81178  36.756  -14.281  40.844 0.1000000015
81165  37.984  -14.198  42.129 0.1000000015
81137  38.961  -14.075  43.053 0.1000000015
82165  42.263  -13.824  43.056 0.1000000015
81187  35.046  -13.626  38.757 0.1000000015
81164  39.119  -13.947  42.599 0.1000000015
82182  40.206  -14.166  42.836 0.1000000015
82166  41.394  -14.314  43.242 0.1000000015
125780  34.401  -12.639  36.292 0.1000000015
82256  34.830  -12.913  35.334 0.1000000015
129532  34.158  -12.173  35.250 0.1000000015
82270  34.498  -12.565  34.618 0.1000000015
82271  33.938  -11.981  34.336 0.1000000015
82287  32.982  -11.754  33.108 0.1000000015
83284  31.792  -10.877  33.580 0.1000000015
141117  30.515  -10.819  32.928 0.1000000015
82297  33.364  -12.596  32.732 0.1000000015
82299  32.031  -11.949  32.101 0.1000000015
82315  31.529  -12.248  31.629 0.1000000015
83317  30.730  -11.874  31.558 0.1000000015
82316  30.070  -12.340  31.106 0.1000000015
82330  29.388  -12.769  30.754 0.1000000015
81293  31.059  -13.561  30.757 0.1000000015
80348  30.253  -14.184  30.382 0.1000000015
80349  29.279  -14.436  30.093 0.1000000015
79439  30.646  -15.201  30.299 0.1000000015
80359  29.331  -15.296  29.830 0.1000000015
79447  28.700  -15.904  29.599 0.1000000015
82311  47.588  -12.505  31.759 0.1000000015
82312  46.735  -12.784  31.383 0.1000000015
82313  45.952  -13.076  31.071 0.1000000015
81264  44.646  -13.623  31.470 0.1000000015
86778  51.678  -7.504  29.758 0.1000000015
81265  43.830  -13.804  31.369 0.1000000015
81288  41.654  -13.614  30.660 0.2000000030
81304  40.335  -13.369  29.744 0.2000000030
81291  38.722  -13.399  30.421 0.2000000030
84258  45.173  -10.490  26.764 0.2000000030
80357  35.614  -14.591  29.582 0.2000000030
80365  34.471  -14.793  28.669 0.2000000030
132790  33.445  -15.958  28.529 0.2000000030
85131  43.746  -9.913  26.314 0.2000000030
85144  42.620  -9.118  25.611 0.3000000119
137621  43.378  -9.370  25.855 0.3000000119
85145  41.644  -9.201  25.554 0.3000000119
85983  44.513  -8.691  25.301 0.3000000119
134901  43.045  -8.267  24.550 0.3000000119
85994  41.343  -8.446  24.193 0.3000000119
129201  44.039  -8.265  24.697 0.3000000119
86001  40.743  -8.487  23.558 0.4000000060
86000  41.476  -8.214  23.381 0.3000000119
86006  40.681  -8.489  22.817 0.3000000119
86851  43.860  -7.642  23.267 0.3000000119
85998  42.999  -7.860  23.608 0.3000000119
86852  43.079  -7.633  22.876 0.2000000030
86004  42.065  -7.929  21.994 0.2000000030
86863  43.338  -7.323  21.574 0.2000000030
84983  39.040  -8.861  41.144 0.1000000015
129995  40.312  -9.925  41.412 0.1000000015
81186  35.755  -14.266  39.200 0.1000000015
82216  37.276  -13.639  40.201 0.1000000015
82201  37.487  -14.180  41.306 0.1000000015
82200  38.590  -13.666  41.513 0.1000000015
82197  42.624  -13.340  42.204 0.1000000015
83182  43.970  -12.379  41.586 0.1000000015
81196  35.833  -14.331  38.439 0.1000000015
81197  35.036  -13.520  37.892 0.1000000015
81204  35.675  -14.279  37.375 0.1000000015
81205  35.201  -13.653  36.238 0.1000000015
81218  35.227  -13.577  35.300 0.1000000015
81231  34.995  -13.275  34.482 0.1000000015
82285  34.382  -12.704  33.874 0.1000000015
82286  33.694  -12.195  33.484 0.1000000015
81242  34.733  -13.544  33.565 0.1000000015
81243  34.090  -13.033  33.090 0.1000000015
81251  33.653  -13.502  32.437 0.1000000015
81252  32.948  -13.065  32.089 0.1000000015
82314  32.260  -12.648  31.797 0.1000000015
81271  33.191  -13.941  31.794 0.1000000015
81272  32.474  -13.502  31.520 0.1000000015
80347  32.122  -14.915  30.904 0.1000000015
122177  31.274  -14.561  30.596 0.1000000015
82294  47.929  -12.787  32.871 0.1000000015
81263  45.413  -13.458  31.707 0.1000000015
134829  52.089  -8.396  30.922 0.1000000015
81266  42.991  -13.887  31.311 0.1000000015
81267  42.174  -13.856  31.335 0.1000000015
76776  32.540  -18.896  29.091 0.2000000030
80355  37.019  -13.724  30.069 0.2000000030
80356  36.296  -14.117  29.813 0.2000000030
78551  33.315  -16.926  28.750 0.2000000030
79453  33.901  -15.432  28.615 0.2000000030
86859  43.587  -7.395  22.390 0.2000000030
86862  44.101  -7.019  21.814 0.2000000030
91261  37.764  -2.310  17.661 0.2000000030
91246  36.826  -2.978  18.550 0.3000000119
90417  37.697  -3.135  18.075 0.2000000030
92045  38.981  -1.296  16.084 0.3000000119
92023  38.382  -1.994  17.175 0.2000000030
91259  39.213  -3.119  17.175 0.2000000030
92044  39.750  -1.540  15.737 0.3000000119
92034  39.467  -2.037  16.408 0.3000000119
91272  39.729  -2.896  16.635 0.3000000119
91283  40.132  -2.348  16.024 0.3000000119
90424  40.098  -3.653  16.459 0.3000000119
90433  40.553  -3.601  15.863 0.3000000119
91281  41.176  -2.934  14.999 0.3000000119
130336  36.057  -14.451  38.914 0.1000000015
82217  36.446  -14.173  39.831 0.1000000015
81217  35.570  -14.263  35.727 0.1000000015
81230  35.388  -13.944  34.871 0.1000000015
81250  34.393  -13.927  32.825 0.1000000015
80333  33.259  -14.851  31.615 0.1000000015
80334  32.631  -14.375  31.333 0.1000000015
79437  32.444  -15.844  30.996 0.1000000015
79438  31.548  -15.718  30.590 0.1000000015
125505  50.998  -11.113  33.714 0.1000000015
82310  48.561  -12.252  32.163 0.1000000015
82293  48.992  -12.451  33.286 0.1000000015
82295  47.017  -13.046  32.452 0.1000000015
81262  46.181  -13.266  32.055 0.1000000015
77654  33.339  -18.214  29.234 0.2000000030
81292  37.822  -13.557  30.292 0.2000000030
80358  34.999  -15.060  29.350 0.2000000030
79446  34.461  -15.617  29.176 0.2000000030
141856  37.209  -2.456  18.095 0.3000000119
92011  36.564  -2.097  18.272 0.3000000119
91262  37.081  -1.801  17.745 0.3000000119
92035  38.146  -1.195  16.496 0.2000000030
92024  37.621  -1.523  17.215 0.3000000119
92822  39.201  -0.758  15.348 0.3000000119
92043  40.484  -1.887  15.368 0.3000000119
92053  40.790  -1.532  14.633 0.3000000119
91294  41.038  -2.296  14.895 0.3000000119
90432  40.991  -3.534  15.263 0.3000000119
129415  42.714  -0.091  10.072 0.6000000238
82224  36.268  -14.238  38.882 0.1000000015
128313  35.772  -14.527  36.626 0.1000000015
80299  35.767  -14.624  34.952 0.1000000015
122386  35.705  -15.144  33.948 0.1000000015
80317  34.586  -14.826  32.681 0.1000000015
80318  33.867  -14.526  32.226 0.1000000015
79414  34.589  -15.837  32.464 0.1000000015
131008  33.560  -16.361  31.652 0.1000000015
79425  33.141  -15.739  31.430 0.1000000015
133921  32.730  -15.133  31.237 0.1000000015
78518  33.728  -17.254  31.690 0.1000000015
77614  33.340  -18.137  31.411 0.1000000015
76729  33.830  -19.095  31.342 0.1000000015
76730  32.938  -19.119  31.047 0.1000000015
78531  32.039  -16.858  30.769 0.1000000015
143225  49.687  -12.064  33.201 0.1000000015
75936  33.399  -19.419  30.495 0.2000000030
75922  32.853  -19.438  30.536 0.1000000015
82276  48.267  -13.108  34.145 0.1000000015
77645  33.888  -18.695  29.839 0.2000000030
132859  32.570  -19.576  30.220 0.1000000015
137334  32.225  -19.636  30.206 0.1000000015
81249  44.966  -13.825  32.255 0.1000000015
80312  44.304  -14.090  32.242 0.1000000015
78541  34.265  -17.557  29.580 0.2000000030
81289  40.686  -13.553  30.792 0.2000000030
79445  35.024  -15.880  29.685 0.2000000030
78550  33.975  -16.296  29.050 0.2000000030
131635  35.448  -15.299  29.859 0.2000000030
95201  42.615  3.275  13.399 0.5000000000
95966  42.097  3.487  12.466 0.5000000000
95202  41.722  3.095  13.439 0.5000000000
95190  41.196  2.681  14.241 0.5000000000
92025  36.298  -1.309  17.717 0.3000000119
95203  40.781  3.093  13.173 0.5000000000
95191  40.121  2.896  13.683 0.5000000000
128231  36.876  -1.145  17.246 0.3000000119
92807  35.871  -0.639  17.144 0.3000000119
95985  44.740  4.308  9.602 0.5000000000
95975  43.698  4.418  10.505 0.5000000000
95967  41.291  3.285  12.619 0.5000000000
92823  38.297  -0.614  15.656 0.4000000060
92814  36.744  -0.329  16.029 0.4000000060
128057  43.380  4.019  9.498 0.5000000000
95977  41.392  3.464  11.650 0.5000000000
92833  38.367  -0.057  14.835 0.5000000000
95219  45.322  4.200  9.665 0.6000000238
95211  45.443  3.063  10.795 0.6000000238
93643  43.070  0.411  9.821 0.6000000238
93652  42.531  1.161  9.203 0.6000000238
92844  43.859  -0.459  11.452 0.6000000238
92845  43.471  0.239  10.992 0.6000000238
92071  45.509  -1.612  11.816 0.6000000238
92072  44.450  -1.016  12.208 0.6000000238
92085  44.423  -1.351  10.859 0.6000000238
92854  43.759  -1.195  10.400 0.6000000238
92084  45.193  -1.673  10.845 0.6000000238
80269  36.342  -14.638  37.710 0.1000000015
81195  36.063  -14.366  38.340 0.1000000015
82233  36.395  -13.889  38.031 0.1000000015
80277  36.293  -14.901  37.106 0.1000000015
80292  36.184  -14.995  36.213 0.1000000015
79397  36.342  -15.416  35.065 0.1000000015
78498  36.449  -16.301  34.163 0.1000000015
79407  35.217  -15.398  33.070 0.1000000015
78506  34.783  -17.096  32.368 0.1000000015
77605  34.880  -18.251  32.070 0.1000000015
77613  34.136  -18.259  31.707 0.1000000015
83274  50.589  -11.525  34.226 0.1000000015
75907  34.240  -19.398  31.141 0.2000000030
142336  33.974  -19.525  30.983 0.2000000030
82292  49.862  -12.108  33.874 0.1000000015
76746  34.608  -19.289  30.812 0.2000000030
81246  47.371  -13.459  33.669 0.1000000015
77644  34.533  -18.731  30.291 0.2000000030
76763  34.078  -19.078  30.231 0.2000000030
81247  46.487  -13.663  33.159 0.1000000015
79434  36.874  -15.248  31.017 0.2000000030
79436  35.623  -16.084  30.249 0.2000000030
78540  34.558  -16.432  29.496 0.2000000030
80311  45.027  -14.454  33.131 0.1000000015
80344  38.171  -13.979  31.086 0.2000000030
80345  37.347  -14.226  30.783 0.2000000030
80346  36.083  -15.064  30.314 0.2000000030
123802  50.129  -8.305  30.099 0.1000000015
122183  49.969  -9.272  31.704 0.1000000015
139432  39.944  -13.739  31.279 0.2000000030
138647  36.702  -14.405  30.437 0.2000000030
85936  49.557  -8.096  29.404 0.1000000015
131522  49.095  -8.559  29.860 0.1000000015
95188  43.226  3.008  14.254 0.5000000000
95189  42.246  2.761  14.304 0.5000000000
95172  41.077  2.191  15.040 0.5000000000
95173  40.325  2.501  14.601 0.5000000000
121866  39.473  2.462  14.877 0.4000000060
142284  39.471  2.767  14.054 0.4000000060
122123  39.116  2.832  13.257 0.5000000000
121648  38.458  2.694  14.002 0.4000000060
92037  36.397  -0.543  16.632 0.4000000060
95978  40.473  3.242  12.115 0.5000000000
95204  39.798  3.077  12.708 0.5000000000
95214  38.358  2.411  13.208 0.4000000060
92813  37.439  -0.468  15.884 0.5000000000
95976  42.503  3.913  10.913 0.5000000000
95988  40.704  3.124  11.220 0.6000000238
94452  39.481  2.422  12.033 0.5000000000
95227  43.488  3.472  9.079 0.6000000238
95994  41.972  3.395  9.142 0.6000000238
95212  44.665  3.137  10.130 0.6000000238
96001  43.037  3.163  7.966 0.6000000238
93616  45.044  -0.258  14.199 0.6000000238
94433  44.694  1.135  12.930 0.6000000238
93630  43.958  0.673  12.303 0.6000000238
93644  41.983  1.142  9.146 0.6000000238
93624  44.543  0.202  13.456 0.6000000238
143635  45.014  -1.586  12.882 0.6000000238
92058  44.546  -1.065  13.243 0.6000000238
135431  44.227  -0.356  12.920 0.6000000238
92057  45.934  -2.025  13.088 0.6999999881
80276  36.742  -15.103  37.187 0.1000000015
81203  36.282  -14.583  37.511 0.1000000015
82242  36.614  -13.343  37.141 0.1000000015
79376  37.181  -15.595  36.754 0.1000000015
78481  37.459  -16.292  35.898 0.1000000015
132606  36.843  -16.096  35.237 0.1000000015
79406  35.757  -16.096  33.446 0.2000000030
132104  37.069  -17.443  33.786 0.2000000030
78499  36.227  -17.331  33.185 0.2000000030
77604  35.553  -17.843  32.528 0.2000000030
77603  36.292  -18.430  32.423 0.2000000030
76717  35.565  -18.778  31.991 0.2000000030
76744  35.859  -18.805  31.538 0.2000000030
82274  50.023  -12.033  34.855 0.1000000015
82275  49.138  -12.619  34.514 0.1000000015
77630  35.672  -18.658  30.952 0.2000000030
76745  35.205  -19.103  31.124 0.2000000030
143036  36.820  -16.164  31.242 0.2000000030
78530  35.916  -17.429  30.680 0.2000000030
77643  35.156  -18.130  30.334 0.2000000030
81234  47.627  -13.757  35.010 0.1000000015
81235  46.850  -14.170  34.463 0.1000000015
81236  45.975  -14.351  33.792 0.1000000015
80331  38.637  -14.663  31.737 0.2000000030
80332  37.739  -14.940  31.452 0.2000000030
79435  36.339  -16.168  30.815 0.2000000030
134927  44.144  -14.775  33.031 0.1000000015
80326  43.427  -14.299  32.238 0.1000000015
80329  41.133  -14.476  32.106 0.2000000030
81270  39.107  -13.805  31.247 0.2000000030
95187  44.106  2.996  14.574 0.5000000000
95171  42.779  2.356  15.070 0.5000000000
94416  40.432  1.965  15.531 0.4000000060
94417  39.487  1.991  15.789 0.3000000119
95174  38.548  2.404  15.153 0.4000000060
94402  37.385  1.978  16.138 0.2000000030
95175  37.448  2.415  14.494 0.4000000060
95192  37.598  2.395  13.729 0.4000000060
126163  39.178  2.633  12.601 0.5000000000
95222  40.347  2.569  11.287 0.6000000238
96002  42.339  3.207  8.089 0.6000000238
95221  41.180  2.928  10.054 0.6000000238
144906  39.796  2.143  11.638 0.6000000238
94442  39.313  1.919  12.135 0.6000000238
94432  45.525  1.560  13.165 0.6000000238
94439  44.396  1.903  11.550 0.6000000238
94457  41.828  2.164  8.505 0.6000000238
94451  40.434  1.969  11.033 0.6000000238
137446  43.452  2.675  9.027 0.6000000238
94463  42.423  2.222  7.876 0.6000000238
94449  43.367  1.676  9.759 0.6000000238
141800  45.435  -1.890  13.718 0.6999999881
92051  44.907  -1.401  13.818 0.6000000238
94440  43.621  1.279  11.013 0.6000000238
81216  36.819  -13.900  36.785 0.1000000015
81202  37.052  -14.938  37.137 0.1000000015
80275  37.249  -15.397  36.924 0.1000000015
79375  37.588  -15.725  36.655 0.1000000015
78491  37.254  -16.777  34.750 0.1000000015
78490  37.883  -16.953  35.193 0.2000000030
77597  36.934  -18.159  32.948 0.2000000030
77596  37.605  -17.952  33.364 0.2000000030
76715  36.750  -18.447  32.271 0.2000000030
82251  48.452  -12.902  36.141 0.1000000015
77612  36.920  -18.222  31.778 0.2000000030
76716  36.118  -18.817  31.908 0.2000000030
82262  48.424  -13.197  35.429 0.1000000015
81210  47.620  -13.663  36.041 0.1000000015
80303  46.255  -14.738  35.078 0.1000000015
78516  36.763  -17.214  31.358 0.2000000030
77629  36.353  -18.368  31.402 0.2000000030
80304  45.477  -14.988  34.377 0.1000000015
80313  43.415  -15.085  33.093 0.1000000015
79411  42.589  -15.383  33.104 0.2000000030
143483  42.326  -14.708  32.433 0.2000000030
79421  39.133  -15.406  32.331 0.2000000030
79423  37.416  -16.240  31.649 0.2000000030
130985  42.868  -14.713  32.553 0.1000000015
79422  38.270  -15.711  32.063 0.2000000030
80328  41.885  -14.304  32.016 0.2000000030
130760  40.445  -14.657  32.165 0.2000000030
95942  45.673  2.934  15.226 0.4000000060
95186  44.908  3.004  14.880 0.4000000060
95170  43.544  2.519  15.047 0.5000000000
125741  41.870  2.250  15.049 0.5000000000
94415  41.441  1.771  15.681 0.3000000119
81215  37.406  -14.163  36.222 0.1000000015
80290  37.701  -15.083  36.638 0.1000000015
80274  37.817  -15.574  36.667 0.1000000015
78480  38.305  -16.785  35.829 0.2000000030
77575  38.537  -17.379  35.088 0.2000000030
128325  38.182  -17.879  33.679 0.2000000030
76708  37.399  -18.115  32.735 0.2000000030
77602  38.038  -18.009  32.923 0.2000000030
76725  37.212  -18.207  32.294 0.2000000030
78502  39.321  -17.271  33.215 0.2000000030
78515  37.409  -17.583  31.954 0.2000000030
80305  44.718  -15.208  33.890 0.1000000015
80306  44.064  -15.524  33.794 0.2000000030
130159  41.831  -15.896  33.377 0.2000000030
79413  38.838  -16.487  32.582 0.2000000030
78514  38.064  -16.928  32.261 0.2000000030
79410  43.391  -15.913  33.942 0.2000000030
80315  40.831  -15.183  32.528 0.2000000030
123890  39.677  -16.211  32.819 0.2000000030
81214  38.115  -14.410  35.596 0.1000000015
80289  38.510  -15.340  36.163 0.1000000015
79373  39.292  -16.528  36.148 0.2000000030
80288  39.413  -15.432  35.619 0.1000000015
132483  39.689  -17.027  36.032 0.2000000030
77587  38.693  -17.757  34.307 0.2000000030
77574  39.405  -17.700  35.070 0.2000000030
77586  40.064  -17.803  34.820 0.2000000030
78497  40.309  -16.999  33.619 0.2000000030
77594  39.631  -17.709  34.020 0.2000000030
79405  41.137  -16.401  33.533 0.2000000030
140132  41.188  -15.681  32.965 0.2000000030
79412  40.510  -15.945  32.960 0.2000000030
79402  44.050  -16.133  34.729 0.2000000030
80316  40.014  -15.281  32.475 0.2000000030
80298  38.964  -14.635  35.101 0.1000000015
81228  38.484  -13.837  34.577 0.1000000015
79386  39.823  -16.197  35.930 0.2000000030
77560  40.377  -17.291  35.863 0.2000000030
77585  40.880  -17.658  35.269 0.2000000030
78489  42.101  -17.405  35.424 0.2000000030
77584  41.639  -17.445  35.627 0.2000000030
77593  40.566  -17.629  34.631 0.2000000030
78496  41.194  -17.218  34.330 0.2000000030
78495  42.494  -17.118  34.893 0.2000000030
122346  39.777  -14.871  34.915 0.1000000015
81227  39.569  -14.053  34.321 0.1000000015
77559  40.968  -17.091  36.068 0.2000000030
125536  42.424  -17.091  36.130 0.2000000030
132323  45.181  -11.694  27.527 0.2000000030
85143  44.129  -9.303  25.804 0.3000000119
85927  49.734  -8.874  30.831 0.1000000015
128266  28.990  -17.934  29.607 0.1000000015
78543  29.270  -16.910  29.661 0.1000000015
77615  32.551  -17.961  31.024 0.1000000015
83377  37.094  -10.886  23.280 0.3000000119
86864  42.649  -7.678  21.401 0.2000000030
86005  41.380  -8.238  22.577 0.2000000030
82361  35.978  -12.957  26.192 0.2000000030
82360  36.531  -12.662  25.790 0.2000000030
139819  30.058  -15.738  30.008 0.1000000015
144163  41.045  -8.310  23.077 0.2000000030
81313  44.263  -13.213  28.660 0.1000000015
92054  40.088  -1.041  15.044 0.3000000119
134835  41.359  2.471  9.479 0.6000000238
92855  43.406  -0.515  10.337 0.6000000238
132379  44.889  -1.397  11.710 0.6000000238
81348  34.977  -13.477  26.957 0.2000000030
81317  40.149  -13.325  28.703 0.2000000030
137478  40.847  -12.951  27.090 0.2000000030
81333  38.653  -13.199  27.507 0.2000000030
81343  39.455  -12.971  26.816 0.2000000030
82358  38.213  -12.600  26.302 0.2000000030
126762  38.912  -12.667  26.484 0.2000000030
128859  38.026  -13.196  27.336 0.2000000030
81335  36.368  -13.231  27.479 0.2000000030
81346  36.702  -13.034  26.625 0.2000000030
82351  41.575  -12.861  27.312 0.2000000030
81321  36.112  -13.456  28.298 0.2000000030
84277  38.373  -10.169  24.450 0.3000000119
84278  37.752  -10.643  24.487 0.3000000119
81314  43.544  -13.269  28.379 0.1000000015
82349  43.376  -12.736  27.740 0.2000000030
81309  35.861  -13.912  29.023 0.2000000030
84261  41.776  -10.534  26.385 0.2000000030
138308  47.334  -12.366  30.776 0.1000000015
83358  43.247  -11.426  26.970 0.2000000030
85133  42.099  -9.786  26.102 0.3000000119
132853  40.937  -9.371  25.516 0.3000000119
139297  38.929  -9.566  24.093 0.2000000030
81149  37.666  -14.164  42.209 0.1000000015
83300  32.144  -11.384  32.753 0.1000000015
83285  31.255  -10.971  32.810 0.1000000015
80360  28.534  -14.883  29.808 0.1000000015
83350  44.470  -11.790  27.455 0.1000000015
134937  42.494  -10.389  26.432 0.2000000030
85149  40.238  -8.993  24.701 0.3000000119
85984  41.004  -8.818  24.978 0.3000000119
85152  39.469  -9.117  23.640 0.2000000030
85155  40.052  -8.714  23.194 0.4000000060
85995  40.660  -8.668  24.301 0.3000000119
83169  39.685  -12.308  42.630 0.1000000015
82167  38.570  -13.589  42.959 0.1000000015
83159  41.575  -13.620  43.229 0.1000000015
82196  43.384  -12.925  42.219 0.1000000015
81274  30.894  -12.661  31.095 0.1000000015
81294  30.178  -13.149  30.691 0.1000000015
80335  31.918  -13.971  30.998 0.1000000015
79440  29.916  -14.945  30.089 0.1000000015
142747  42.798  -8.605  25.146 0.3000000119
135941  43.494  -8.726  25.328 0.3000000119
140872  42.070  -8.570  24.908 0.3000000119
85993  42.181  -8.155  23.938 0.3000000119
85999  42.247  -7.858  22.942 0.3000000119
86860  42.812  -7.603  22.195 0.2000000030
80307  35.293  -14.121  34.130 0.1000000015
81268  41.358  -13.917  31.447 0.2000000030
91260  38.515  -2.915  17.520 0.2000000030
91273  39.057  -2.457  16.970 0.3000000119
90425  39.547  -3.693  16.975 0.2000000030
89563  40.352  -4.342  16.177 0.3000000119
80308  35.027  -14.438  33.319 0.1000000015
92036  37.245  -0.834  16.611 0.4000000060
78517  34.319  -17.493  31.996 0.1000000015
81269  40.556  -14.080  31.632 0.2000000030
78539  35.091  -16.912  29.995 0.2000000030
95986  42.489  3.777  9.683 0.6000000238
95987  41.613  3.477  10.407 0.6000000238
95220  44.076  3.692  9.364 0.6000000238
94456  43.027  1.749  8.737 0.6000000238
78505  35.366  -16.543  32.854 0.2000000030
76728  34.711  -18.988  31.504 0.2000000030
80330  39.677  -14.478  31.886 0.2000000030
85951  47.827  -8.323  28.882 0.1000000015
94448  43.934  2.422  10.189 0.6000000238
95155  38.718  1.960  16.124 0.2000000030
95156  37.831  2.229  15.589 0.2000000030
79374  38.385  -16.043  36.451 0.1000000015
77588  37.893  -17.546  34.293 0.2000000030
143997  39.128  -17.778  33.821 0.2000000030
78503  38.516  -17.545  32.818 0.2000000030
73402  59.084  -21.335  16.677 0.1000000015
74372  58.461  -20.307  18.275 0.1000000015
74378  58.844  -20.383  17.716 0.1000000015
74373  57.413  -19.965  18.752 0.1000000015
74386  57.938  -20.672  16.974 0.1000000015
126708  58.436  -20.329  17.580 0.1000000015
73403  58.362  -21.384  16.579 0.1000000015
75198  57.242  -19.928  19.605 0.1000000015
74352  57.222  -20.511  20.444 0.1000000015
75205  56.788  -19.878  19.319 0.1000000015
74379  57.756  -20.258  17.852 0.1000000015
72474  57.696  -22.707  16.313 0.1000000015
73396  56.992  -21.178  17.385 0.1000000015
73404  57.331  -21.794  16.744 0.1000000015
74340  57.046  -20.659  21.133 0.1000000015
75186  56.898  -20.166  20.503 0.1000000015
123324  57.181  -21.281  21.270 0.1000000015
74374  56.318  -20.369  18.844 0.1000000015
72483  57.094  -23.882  16.040 0.1000000015
72475  56.697  -23.070  16.529 0.1000000015
73397  55.956  -21.744  17.640 0.1000000015
71575  57.703  -24.503  14.832 0.1000000015
71576  56.804  -24.968  14.852 0.1000000015
71591  56.511  -24.819  13.902 0.1000000015
75175  56.653  -20.498  21.329 0.1000000015
75199  56.558  -19.986  19.907 0.1000000015
74366  54.887  -20.816  19.623 0.1000000015
74365  55.904  -20.304  19.438 0.1000000015
74375  55.235  -20.984  18.984 0.1000000015
73398  55.040  -22.350  17.920 0.1000000015
71553  56.307  -24.048  16.246 0.1000000015
72464  55.369  -22.850  17.288 0.1000000015
72452  54.194  -22.818  18.186 0.1000000015
71562  56.396  -24.733  15.591 0.1000000015
71577  55.907  -25.207  14.544 0.1000000015
71592  55.500  -24.741  13.712 0.1000000015
73505  48.749  -22.677  5.760 0.1000000015
126142  48.161  -23.401  6.380 0.1000000015
126801  48.080  -24.021  6.960 0.1000000015
73514  48.192  -22.017  5.507 0.1000000015
75187  56.211  -20.275  20.647 0.1000000015
75177  54.949  -20.792  21.503 0.1000000015
75188  55.279  -20.565  20.733 0.1000000015
129410  54.714  -20.734  20.110 0.1000000015
73387  53.793  -22.408  18.816 0.1000000015
72453  53.362  -23.196  18.416 0.1000000015
70649  55.516  -25.190  15.562 0.1000000015
126544  55.091  -24.383  16.538 0.1000000015
71544  54.843  -23.812  17.001 0.1000000015
70663  55.344  -25.469  15.021 0.1000000015
141935  54.426  -25.151  14.305 0.1000000015
140288  54.403  -23.867  12.934 0.1000000015
73493  52.482  -21.849  7.409 0.1000000015
72573  51.798  -23.320  7.958 0.1000000015
71653  51.271  -24.021  8.832 0.1000000015
71641  50.643  -24.461  9.429 0.1000000015
72581  51.441  -22.703  7.152 0.1000000015
72574  50.938  -23.581  7.809 0.1000000015
72575  50.002  -23.805  7.687 0.1000000015
71655  49.298  -24.287  8.515 0.1000000015
72583  49.699  -23.414  6.784 0.1000000015
71664  49.090  -23.964  7.569 0.1000000015
71665  48.403  -24.092  7.383 0.1000000015
74481  48.997  -21.334  5.551 0.1000000015
74342  53.173  -21.498  21.985 0.1000000015
74341  54.004  -21.221  21.453 0.1000000015
74367  53.886  -21.298  19.991 0.1000000015
74354  53.224  -21.522  20.876 0.1000000015
74353  54.322  -21.046  20.735 0.1000000015
73374  53.369  -22.119  19.523 0.1000000015
72467  52.941  -23.896  17.940 0.1000000015
70641  54.106  -25.429  16.117 0.1000000015
125540  53.178  -25.634  16.020 0.1000000015
70651  53.895  -25.569  15.408 0.1000000015
71579  53.745  -25.198  14.477 0.1000000015
72510  52.799  -23.862  13.190 0.1000000015
73433  53.713  -22.922  11.986 0.1000000015
73450  52.492  -22.370  11.423 0.1000000015
74435  52.822  -21.244  9.970 0.1000000015
74449  52.597  -20.897  8.944 0.1000000015
74459  52.550  -20.913  8.066 0.1000000015
74469  52.414  -21.398  7.593 0.1000000015
138197  51.955  -24.726  14.387 0.1000000015
72511  51.848  -23.785  13.302 0.1000000015
72528  51.322  -23.266  12.798 0.1000000015
73461  52.211  -21.821  10.733 0.1000000015
74436  51.897  -21.417  9.894 0.1000000015
73494  51.732  -21.939  7.054 0.1000000015
128536  51.045  -23.577  13.489 0.1000000015
73435  51.855  -22.893  12.057 0.1000000015
73452  50.621  -22.191  11.123 0.1000000015
74437  50.811  -21.676  10.036 0.1000000015
74451  50.594  -21.400  9.078 0.1000000015
74470  51.594  -21.713  7.209 0.1000000015
72582  50.660  -23.049  6.829 0.1000000015
73423  49.845  -22.765  13.725 0.1000000015
73436  50.674  -22.723  12.127 0.1000000015
73453  49.751  -22.181  11.754 0.1000000015
74426  49.825  -21.855  10.762 0.1000000015
121695  49.852  -21.527  9.794 0.1000000015
119855  49.874  -21.314  8.768 0.1000000015
74462  49.910  -21.276  7.616 0.1000000015
74471  50.769  -21.620  6.761 0.1000000015
73503  50.733  -22.018  5.932 0.1000000015
73437  49.740  -22.480  12.755 0.1000000015
74413  48.966  -21.638  12.472 0.1000000015
74414  48.702  -21.213  11.745 0.1000000015
74438  48.746  -20.942  10.172 0.1000000015
75283  49.222  -20.896  7.346 0.1000000015
74472  49.926  -21.384  6.508 0.1000000015
73504  50.186  -22.036  5.705 0.1000000015
126786  49.625  -22.458  5.719 0.1000000015
72584  48.775  -23.710  6.844 0.1000000015
75243  48.638  -20.819  12.279 0.1000000015
75244  48.524  -20.611  11.555 0.1000000015
132693  48.517  -19.804  11.341 0.1000000015
75262  48.524  -20.304  10.041 0.1000000015
76099  48.481  -19.769  9.608 0.1000000015
75284  48.783  -20.467  8.113 0.1000000015
74480  49.771  -21.646  5.793 0.1000000015
72594  49.259  -23.130  6.081 0.1000000015
76115  48.480  -19.819  7.581 0.1000000015
75291  48.760  -20.463  6.962 0.1000000015
75296  48.790  -20.697  5.794 0.1000000015
76123  48.511  -19.912  6.419 0.1000000015
74355  52.331  -21.875  20.744 0.1000000015
74368  52.864  -21.964  20.208 0.1000000015
74356  51.479  -21.953  21.000 0.1000000015
73388  52.908  -22.815  19.023 0.1000000015
73366  51.893  -22.300  20.347 0.1000000015
72445  51.983  -23.179  19.151 0.1000000015
73375  52.417  -22.547  19.684 0.1000000015
127400  51.710  -24.661  17.646 0.1000000015
70643  51.515  -25.357  16.339 0.1000000015
71582  50.644  -24.736  15.325 0.1000000015
71563  50.031  -24.563  15.860 0.1000000015
71596  51.328  -24.176  14.044 0.1000000015
141457  50.676  -24.286  14.650 0.1000000015
72496  49.856  -23.152  14.575 0.1000000015
75236  48.978  -20.983  13.545 0.1000000015
142353  48.748  -20.942  12.817 0.1000000015
137682  48.808  -20.356  12.837 0.1000000015
76086  48.811  -19.225  11.901 0.1000000015
76924  48.674  -18.725  10.319 0.1000000015
76930  48.971  -17.915  10.015 0.1000000015
132921  48.511  -19.181  9.337 0.1000000015
76938  48.558  -18.719  8.888 0.1000000015
76944  48.472  -18.894  8.022 0.1000000015
76952  48.448  -18.988  6.937 0.1000000015
123110  52.139  -21.675  22.228 0.1000000015
74344  51.269  -21.699  21.916 0.1000000015
73368  49.810  -22.210  20.478 0.1000000015
73377  50.328  -22.846  19.784 0.1000000015
73376  51.395  -22.820  19.777 0.1000000015
72447  49.815  -23.324  19.110 0.1000000015
71537  49.888  -24.278  17.998 0.1000000015
71549  49.572  -24.334  17.240 0.1000000015
73407  48.869  -22.948  16.757 0.1000000015
71564  49.526  -23.903  15.764 0.1000000015
73410  49.576  -22.695  15.078 0.1000000015
75227  49.461  -21.009  14.543 0.1000000015
76058  49.669  -20.181  14.239 0.1000000015
76068  50.203  -19.372  13.888 0.1000000015
76069  49.306  -19.868  13.444 0.1000000015
76897  49.762  -18.999  13.140 0.1000000015
76905  49.433  -18.716  12.355 0.1000000015
76915  49.187  -18.497  11.586 0.1000000015
77836  49.567  -17.608  10.660 0.1000000015
131113  49.574  -17.336  10.010 0.1000000015
77846  48.791  -17.971  9.180 0.1000000015
77854  48.682  -18.047  8.389 0.1000000015
77853  49.018  -17.321  7.965 0.1000000015
77860  48.651  -18.079  7.444 0.1000000015
77867  48.736  -18.089  6.228 0.1000000015
77866  49.291  -17.291  6.113 0.1000000015
74269  53.558  -21.335  25.665 0.1000000015
74307  52.050  -21.511  23.627 0.1000000015
74306  53.181  -21.487  23.794 0.1000000015
119737  50.853  -21.389  22.655 0.1000000015
74345  50.367  -21.453  21.908 0.1000000015
119906  49.818  -21.562  21.217 0.1000000015
74357  50.558  -21.882  21.173 0.1000000015
74358  49.211  -21.531  20.662 0.1000000015
75178  49.375  -20.602  21.462 0.1000000015
73378  49.351  -22.687  19.619 0.1000000015
141106  48.435  -22.009  18.789 0.1000000015
139253  48.928  -23.292  18.116 0.1000000015
74381  48.719  -21.550  17.376 0.1000000015
75209  49.115  -20.799  17.184 0.1000000015
75213  49.560  -20.887  16.224 0.1000000015
75216  49.692  -20.987  15.384 0.2000000030
76056  51.249  -19.133  14.975 0.2000000030
76885  51.083  -18.942  14.254 0.2000000030
77807  51.894  -17.643  13.274 0.2000000030
76896  50.696  -18.612  13.496 0.1000000015
76903  51.140  -17.919  13.052 0.1000000015
77817  50.729  -17.627  12.260 0.1000000015
77825  50.296  -17.397  11.336 0.1000000015
77824  51.240  -17.022  11.796 0.2000000030
77835  50.174  -17.044  10.420 0.1000000015
77844  49.954  -16.874  9.584 0.1000000015
139279  49.047  -17.459  8.713 0.1000000015
78748  49.705  -16.775  8.590 0.1000000015
78754  49.613  -16.736  7.517 0.1000000015
78753  50.329  -16.342  6.986 0.1000000015
127251  49.808  -16.822  5.590 0.1000000015
143522  55.860  -21.306  25.626 0.1000000015
73304  56.495  -21.943  25.375 0.1000000015
72398  56.269  -22.804  25.610 0.1000000015
74268  55.015  -21.297  25.870 0.1000000015
74270  52.435  -21.364  25.367 0.1000000015
75115  52.531  -20.649  26.508 0.1000000015
75125  52.002  -21.046  25.689 0.1000000015
75133  51.184  -20.636  24.286 0.2000000030
75132  51.469  -20.943  25.064 0.2000000030
74271  51.757  -21.297  24.995 0.1000000015
75980  50.975  -20.022  24.017 0.2000000030
75147  50.688  -20.505  23.518 0.2000000030
134005  50.687  -21.090  23.158 0.2000000030
75166  49.788  -20.521  22.292 0.1000000015
76019  49.460  -19.870  21.727 0.2000000030
74328  49.757  -21.121  21.817 0.1000000015
75189  48.960  -20.800  20.752 0.1000000015
76027  49.112  -19.945  20.878 0.1000000015
76035  49.065  -19.605  19.372 0.2000000030
75206  48.870  -20.539  18.141 0.1000000015
76038  49.912  -19.202  17.888 0.1000000015
76869  51.205  -18.214  17.044 0.2000000030
76045  49.839  -20.143  16.624 0.1000000015
76043  50.869  -18.917  16.579 0.2000000030
76048  51.146  -19.095  15.722 0.2000000030
76884  51.756  -18.479  14.642 0.2000000030
77806  52.437  -17.622  13.739 0.2000000030
77815  52.582  -17.145  13.027 0.2000000030
77816  51.617  -17.341  12.615 0.2000000030
121777  52.993  -16.574  12.477 0.2000000030
78713  52.131  -16.762  12.196 0.2000000030
122113  51.803  -16.470  11.346 0.1000000015
78729  51.578  -16.278  10.478 0.1000000015
121356  50.772  -16.509  9.933 0.1000000015
142958  51.484  -16.120  9.776 0.1000000015
78739  51.072  -16.158  9.169 0.1000000015
78747  50.603  -16.228  8.457 0.1000000015
71459  54.994  -24.236  27.605 0.1000000015
71468  54.810  -23.854  26.462 0.1000000015
72391  55.456  -23.482  26.956 0.1000000015
72399  55.534  -23.365  25.948 0.1000000015
75973  51.684  -20.426  25.539 0.1000000015
75972  52.011  -19.655  26.018 0.2000000030
75979  51.254  -20.015  24.791 0.2000000030
76797  52.107  -18.658  25.565 0.2000000030
129150  51.570  -18.434  23.911 0.2000000030
76798  51.650  -18.787  24.701 0.2000000030
76009  50.112  -20.050  22.945 0.2000000030
76821  51.101  -18.629  23.338 0.2000000030
76830  51.156  -18.005  22.583 0.2000000030
79514  54.755  -15.258  21.449 0.2000000030
79506  55.016  -15.067  22.379 0.2000000030
76839  49.829  -19.056  21.826 0.2000000030
76822  50.370  -18.985  22.649 0.2000000030
79515  53.776  -15.839  20.973 0.2000000030
131552  49.923  -18.614  21.035 0.2000000030
76849  49.432  -19.084  20.552 0.2000000030
76848  50.007  -18.449  20.170 0.2000000030
78629  52.745  -16.329  20.686 0.2000000030
76859  49.512  -18.952  19.719 0.2000000030
77744  50.636  -17.902  19.743 0.2000000030
78646  51.947  -16.848  18.952 0.2000000030
79533  53.446  -15.760  19.429 0.2000000030
76866  49.732  -18.921  18.772 0.2000000030
77755  51.416  -17.427  18.437 0.2000000030
78654  52.932  -16.381  17.626 0.2000000030
78645  52.914  -16.168  18.656 0.2000000030
76865  50.289  -18.650  18.143 0.2000000030
77767  51.609  -17.533  17.527 0.2000000030
77766  52.351  -17.066  17.127 0.2000000030
140923  53.667  -16.014  17.257 0.2000000030
77780  51.849  -17.698  16.634 0.2000000030
77779  52.556  -17.243  16.253 0.2000000030
77778  53.314  -16.747  15.876 0.2000000030
76877  51.702  -18.527  15.371 0.2000000030
77788  52.744  -17.418  15.438 0.2000000030
76876  52.306  -18.027  15.050 0.2000000030
127193  52.839  -17.466  14.190 0.2000000030
77795  53.356  -17.051  14.361 0.2000000030
77805  53.145  -17.126  13.710 0.2000000030
78699  53.890  -16.549  13.886 0.2000000030
123842  53.689  -16.594  13.069 0.2000000030
78728  52.374  -15.958  10.854 0.2000000030
79629  52.152  -15.857  10.002 0.1000000015
72385  55.563  -23.737  27.742 0.1000000015
71452  55.456  -24.700  28.149 0.1000000015
73287  56.450  -22.194  27.390 0.1000000015
72384  56.144  -22.941  27.213 0.1000000015
123196  56.103  -21.317  27.040 0.1000000015
74246  56.371  -21.659  26.892 0.1000000015
74247  55.197  -21.190  26.810 0.1000000015
77695  52.119  -17.837  24.237 0.2000000030
76808  52.275  -17.941  24.998 0.2000000030
78602  53.666  -16.465  23.370 0.2000000030
77707  51.819  -17.724  23.345 0.2000000030
77706  52.583  -17.001  22.931 0.2000000030
78609  53.387  -16.422  22.463 0.2000000030
78618  54.223  -15.829  22.025 0.2000000030
77727  50.590  -18.152  21.678 0.2000000030
77716  52.367  -16.911  22.103 0.2000000030
78619  53.136  -16.306  21.564 0.2000000030
134196  53.977  -15.880  21.482 0.2000000030
77735  50.565  -17.958  20.632 0.2000000030
77726  51.281  -17.456  20.998 0.2000000030
78620  52.090  -16.875  21.273 0.2000000030
77734  51.195  -17.424  20.133 0.2000000030
78630  51.881  -16.907  20.417 0.2000000030
78638  51.730  -17.000  19.702 0.2000000030
78637  52.532  -16.383  19.712 0.2000000030
79526  53.547  -15.763  20.177 0.2000000030
78712  53.781  -15.948  12.135 0.2000000030
74234  54.140  -20.897  27.374 0.1000000015
74233  55.468  -21.063  27.612 0.1000000015
128730  52.800  -22.164  32.863 0.1000000015
73230  52.263  -22.573  33.449 0.1000000015
73220  51.173  -22.399  34.759 0.1000000015
72325  50.722  -22.872  35.368 0.1000000015
73211  49.368  -22.554  35.738 0.1000000015
72300  48.885  -23.690  36.431 0.1000000015
71385  48.477  -24.129  35.971 0.1000000015
70463  48.436  -24.917  36.196 0.1000000015
73231  51.645  -21.987  34.033 0.1000000015
73221  50.536  -22.055  35.166 0.1000000015
73201  49.009  -23.063  36.200 0.1000000015
84386  41.447  -10.437  9.608 0.1000000015
85244  43.258  -9.674  9.378 0.1000000015
74172  52.253  -21.575  33.506 0.1000000015
74165  50.395  -21.374  34.835 0.1000000015
74173  51.610  -20.918  33.927 0.1000000015
72313  48.577  -23.358  35.795 0.1000000015
126830  42.251  -10.293  10.163 0.1000000015
84378  42.416  -10.407  11.013 0.1000000015
84370  40.843  -10.982  10.947 0.1000000015
84385  42.782  -9.933  9.756 0.1000000015
84369  41.821  -10.693  11.567 0.1000000015
83451  41.120  -11.016  11.839 0.1000000015
85243  43.989  -9.355  9.452 0.1000000015
84360  41.524  -10.691  12.492 0.1000000015
84361  40.928  -10.827  12.994 0.1000000015
85238  43.467  -9.677  10.116 0.1000000015
74158  49.878  -21.942  35.320 0.1000000015
73212  48.820  -22.664  35.603 0.1000000015
73222  49.227  -22.060  35.224 0.1000000015
84349  41.335  -10.375  13.305 0.1000000015
84367  43.026  -10.067  11.328 0.1000000015
84358  42.994  -10.036  12.006 0.1000000015
84359  42.328  -10.340  12.244 0.1000000015
127392  40.411  -9.405  14.527 0.1000000015
85205  39.275  -9.179  15.419 0.1000000015
86050  38.426  -8.292  16.662 0.1000000015
86041  37.803  -8.147  17.335 0.1000000015
86095  44.728  -8.878  10.859 0.1000000015
85231  43.582  -9.725  10.921 0.1000000015
141065  40.627  -8.562  14.688 0.1000000015
86057  40.270  -8.039  15.206 0.1000000015
85220  42.779  -9.808  12.659 0.1000000015
84348  42.092  -10.150  12.993 0.1000000015
85212  40.914  -9.942  13.982 0.1000000015
86903  39.492  -7.452  16.175 0.1000000015
86897  38.383  -7.494  17.192 0.1000000015
86899  37.215  -8.011  17.961 0.1000000015
85224  44.097  -9.210  11.994 0.1000000015
85219  43.226  -9.154  13.020 0.1000000015
86073  41.965  -8.847  13.872 0.1000000015
86065  41.385  -8.165  14.399 0.1000000015
86909  40.584  -7.282  15.137 0.1000000015
86910  40.035  -7.410  15.659 0.1000000015
86079  44.473  -8.546  12.275 0.1000000015
86072  43.612  -8.380  13.163 0.1000000015
129393  42.782  -8.471  13.542 0.1000000015
86915  41.888  -7.381  14.235 0.1000000015
86916  41.149  -7.276  14.641 0.1000000015
87769  40.927  -6.525  14.947 0.1000000015
87761  40.386  -6.632  15.600 0.1000000015
86922  44.026  -7.670  13.127 0.2000000030
87774  43.662  -6.866  13.299 0.2000000030
87767  42.376  -6.643  13.906 0.1000000015
87768  41.607  -6.566  14.432 0.1000000015
144074  39.499  -5.990  16.735 0.1000000015
87762  39.887  -6.820  16.078 0.1000000015
88716  41.010  -4.974  15.179 0.2000000030
134128  43.546  -6.107  13.199 0.2000000030
88707  39.520  -5.287  16.859 0.1000000015
89571  40.772  -4.286  15.535 0.2000000030
88706  40.101  -5.013  16.411 0.1000000015
88728  40.707  -5.800  15.416 0.2000000030
88717  40.522  -5.066  15.851 0.1000000015
89557  39.273  -4.435  17.229 0.1000000015
89564  39.823  -4.403  16.695 0.2000000030
90415  38.958  -3.702  17.440 0.1000000015
90416  38.295  -3.731  17.808 0.1000000015
90405  37.807  -3.873  18.166 0.1000000015
90408  36.229  -3.221  19.032 0.2000000030
91247  36.011  -2.523  18.800 0.2000000030
91248  35.091  -2.100  19.017 0.2000000030
91238  34.663  -2.748  19.627 0.2000000030
92012  35.727  -1.669  18.353 0.2000000030
92003  33.745  -1.806  19.371 0.1000000015
92026  35.371  -0.912  17.679 0.2000000030
92797  33.881  -0.825  18.189 0.1000000015
128232  34.808  -1.225  18.293 0.1000000015
135039  35.504  -0.080  16.344 0.3000000119
92027  34.346  -0.446  17.396 0.2000000030
92815  34.866  0.335  16.357 0.3000000119
95157  36.959  2.178  15.160 0.2000000030
94413  43.431  1.855  15.788 0.3000000119
95167  46.295  2.815  15.561 0.3000000119
95168  44.984  2.393  15.610 0.3000000119
95169  44.211  2.433  15.338 0.3000000119
94411  45.066  1.812  16.225 0.2000000030
94394  45.834  1.720  16.630 0.2000000030
95154  45.739  2.316  15.912 0.2000000030
94375  43.847  0.972  17.305 0.2000000030
93589  44.201  0.632  18.077 0.2000000030
143367  56.423  -22.319  26.081 0.1000000015
73294  56.447  -22.252  26.737 0.1000000015
94395  44.353  1.419  16.630 0.2000000030
73279  56.125  -23.013  27.815 0.1000000015
74248  53.860  -21.152  26.527 0.1000000015
140197  52.794  -17.134  23.803 0.2000000030
77787  53.399  -16.960  15.061 0.2000000030
78608  54.572  -15.734  22.914 0.2000000030
74164  51.027  -21.505  34.599 0.1000000015
79524  55.256  -14.488  20.927 0.2000000030
78666  53.123  -16.570  16.746 0.2000000030
78721  52.689  -16.195  11.725 0.2000000030
85230  44.159  -9.319  11.265 0.1000000015
86921  44.677  -7.723  12.507 0.2000000030
87775  43.024  -6.315  13.487 0.2000000030
92808  35.008  -0.306  16.874 0.3000000119
74385  58.753  -20.610  17.044 0.1000000015
75204  58.297  -20.178  18.223 0.1000000015
74380  56.713  -20.617  18.134 0.1000000015
73405  56.302  -22.362  17.036 0.1000000015
73385  55.626  -21.317  18.328 0.1000000015
75200  55.552  -20.314  20.028 0.1000000015
123546  57.394  -24.367  15.362 0.1000000015
72476  55.704  -23.568  16.677 0.1000000015
70648  56.012  -25.256  15.131 0.1000000015
71590  57.473  -24.623  14.113 0.1000000015
71578  55.031  -25.201  14.340 0.1000000015
72507  56.079  -24.170  13.045 0.1000000015
72506  57.093  -24.187  13.167 0.1000000015
73373  54.283  -21.569  19.257 0.1000000015
73386  54.687  -21.943  18.583 0.1000000015
71554  55.666  -24.606  16.149 0.1000000015
72465  54.536  -23.272  17.570 0.1000000015
72466  53.738  -23.587  17.785 0.1000000015
71593  54.388  -24.604  13.658 0.1000000015
70664  54.553  -25.460  14.836 0.1000000015
73513  49.228  -21.939  5.560 0.1000000015
72585  47.270  -23.820  7.039 0.1000000015
71666  47.773  -24.253  7.556 0.1000000015
75176  55.918  -20.527  21.458 0.1000000015
74324  54.393  -21.108  22.163 0.1000000015
72454  52.497  -23.488  18.534 0.1000000015
70640  54.932  -25.099  16.121 0.1000000015
71555  54.385  -24.673  16.617 0.1000000015
70665  52.976  -25.503  15.243 0.1000000015
72525  54.066  -23.415  12.495 0.1000000015
72509  53.698  -23.913  13.100 0.1000000015
72580  52.187  -22.454  7.457 0.1000000015
72572  52.577  -23.032  8.124 0.1000000015
73492  53.112  -21.419  7.613 0.1000000015
71654  50.323  -24.167  8.604 0.1000000015
73495  51.059  -22.184  6.354 0.1000000015
72455  51.627  -23.760  18.584 0.1000000015
71534  52.108  -24.183  18.075 0.1000000015
124258  53.335  -24.263  17.424 0.1000000015
71556  53.404  -24.969  16.738 0.1000000015
70642  52.386  -25.367  16.548 0.1000000015
71546  52.494  -24.668  17.359 0.1000000015
71580  52.724  -24.964  14.407 0.1000000015
70666  52.086  -25.267  15.044 0.1000000015
71595  52.319  -24.356  13.786 0.1000000015
72526  53.254  -23.408  12.577 0.1000000015
73434  52.851  -22.914  12.029 0.1000000015
73449  53.384  -22.353  11.446 0.1000000015
74425  53.096  -21.747  10.798 0.1000000015
74468  53.224  -20.879  7.845 0.1000000015
74460  51.920  -21.278  7.825 0.1000000015
72529  50.472  -23.056  13.172 0.1000000015
73451  51.521  -22.371  11.358 0.1000000015
73462  51.409  -21.906  10.663 0.1000000015
74450  51.610  -21.218  8.778 0.1000000015
72512  50.425  -23.563  14.115 0.1000000015
74461  50.924  -21.408  7.931 0.1000000015
73502  51.087  -21.954  6.393 0.1000000015
72593  50.294  -22.541  5.996 0.1000000015
74406  49.259  -22.029  13.478 0.1000000015
73416  49.543  -22.364  14.294 0.1000000015
74427  49.120  -21.624  11.373 0.1000000015
133801  49.191  -21.397  10.478 0.1000000015
138497  49.222  -21.163  9.539 0.1000000015
75273  49.220  -20.970  8.492 0.1000000015
74479  50.560  -21.845  5.983 0.1000000015
74428  48.682  -21.138  11.013 0.1000000015
75251  48.501  -20.447  10.756 0.1000000015
75274  48.733  -20.584  9.253 0.1000000015
76076  49.037  -19.497  12.672 0.1000000015
76093  48.497  -19.594  10.439 0.1000000015
76107  48.514  -19.699  8.707 0.1000000015
125054  48.522  -19.158  9.865 0.1000000015
75290  49.226  -21.052  6.244 0.1000000015
120295  52.612  -21.569  22.893 0.1000000015
73367  50.874  -22.409  20.481 0.1000000015
71547  51.039  -24.827  17.555 0.1000000015
71536  50.597  -24.437  18.073 0.1000000015
135619  50.921  -24.032  18.516 0.1000000015
70653  51.411  -25.236  15.592 0.1000000015
70644  50.854  -25.139  16.882 0.1000000015
70654  50.730  -25.105  16.128 0.1000000015
72484  50.020  -24.026  15.036 0.1000000015
138948  49.199  -23.659  16.473 0.1000000015
74399  49.550  -21.809  14.979 0.1000000015
121013  49.290  -21.660  14.152 0.1000000015
76916  48.686  -18.985  11.099 0.1000000015
76923  49.042  -18.247  10.835 0.1000000015
124233  48.563  -19.132  5.660 0.1000000015
74326  51.651  -21.549  22.808 0.1000000015
130846  48.705  -22.381  19.227 0.1000000015
131755  49.511  -23.648  18.437 0.1000000015
73399  48.684  -22.774  17.647 0.1000000015
73406  49.088  -22.266  16.283 0.1000000015
72477  49.264  -23.048  15.857 0.1000000015
74390  49.427  -21.619  15.839 0.1000000015
75215  50.072  -20.340  14.980 0.1000000015
76057  50.521  -19.610  14.643 0.1000000015
76914  49.883  -18.039  11.940 0.1000000015
76904  50.258  -18.289  12.721 0.1000000015
77845  49.318  -17.357  9.356 0.1000000015
77859  49.079  -17.324  6.991 0.1000000015
74308  51.307  -21.304  23.398 0.1000000015
140374  51.435  -21.108  24.512 0.1000000015
75165  50.247  -20.736  22.906 0.2000000030
74369  48.688  -21.218  20.088 0.1000000015
74382  48.459  -21.978  18.028 0.1000000015
75207  48.502  -21.277  18.709 0.1000000015
75202  48.545  -20.970  19.482 0.1000000015
76041  49.516  -19.946  17.540 0.1000000015
75212  50.112  -20.296  15.757 0.2000000030
76049  50.651  -19.699  15.351 0.2000000030
138694  51.669  -18.202  13.833 0.2000000030
78730  50.956  -16.747  10.905 0.1000000015
74267  56.005  -21.381  26.279 0.1000000015
74245  56.376  -21.756  26.172 0.1000000015
140547  51.638  -19.555  25.363 0.2000000030
75994  51.214  -19.257  24.015 0.2000000030
75995  50.674  -19.575  23.448 0.2000000030
76840  49.483  -19.295  21.233 0.1000000015
75190  48.709  -20.337  20.010 0.1000000015
76858  50.149  -18.391  19.316 0.2000000030
76039  49.273  -19.744  18.460 0.2000000030
76870  50.560  -18.735  17.439 0.2000000030
127027  50.215  -19.420  17.026 0.1000000015
76873  51.485  -18.393  16.174 0.2000000030
76883  52.337  -17.912  14.379 0.2000000030
72390  56.175  -22.911  26.436 0.1000000015
77743  51.267  -17.419  19.310 0.2000000030
77754  52.130  -16.858  18.030 0.2000000030
77756  50.760  -17.906  18.898 0.2000000030
77768  50.864  -18.088  18.003 0.2000000030
77789  52.088  -17.880  15.797 0.2000000030
77796  52.838  -17.498  14.737 0.2000000030
77717  51.504  -17.434  21.869 0.2000000030
85221  41.682  -9.678  13.620 0.1000000015
85225  43.442  -9.507  12.329 0.1000000015
86066  39.972  -8.853  15.079 0.1000000015
86058  39.547  -8.239  15.673 0.1000000015
86059  38.842  -8.744  15.991 0.1000000015
86904  38.949  -7.485  16.677 0.1000000015
85191  37.162  -9.351  17.046 0.1000000015
86042  37.179  -8.742  17.469 0.1000000015
129651  40.767  -7.847  14.789 0.1000000015
128552  42.471  -9.413  13.329 0.1000000015
87751  39.404  -6.667  16.615 0.1000000015
86071  44.193  -8.250  12.792 0.1000000015
86923  43.291  -7.661  13.457 0.1000000015
86064  42.146  -8.094  13.995 0.1000000015
130477  40.053  -5.920  16.246 0.1000000015
134791  42.979  -6.999  13.578 0.2000000030
92013  34.256  -1.528  18.875 0.1000000015
92002  34.369  -2.118  19.354 0.1000000015
90401  35.511  -3.117  19.401 0.2000000030
94412  44.332  1.862  15.939 0.2000000030
79396  40.290  -15.560  35.423 0.1000000015
80297  40.723  -14.678  34.716 0.1000000015
79395  41.281  -15.882  35.693 0.1000000015
79372  40.708  -16.559  35.973 0.1000000015
78478  41.677  -16.958  36.210 0.1000000015
79385  42.330  -16.420  36.008 0.1000000015
78477  42.818  -17.048  35.996 0.1000000015
81226  41.572  -14.186  34.492 0.1000000015
80287  41.920  -15.204  35.278 0.1000000015
80285  43.907  -15.868  35.791 0.1000000015
80286  42.999  -15.643  35.692 0.1000000015
79394  43.913  -16.254  35.538 0.1000000015
78488  42.754  -17.124  35.663 0.1000000015
80296  42.547  -14.481  34.915 0.1000000015
78487  43.343  -16.700  35.038 0.1000000015
79403  42.629  -16.356  34.040 0.1000000015
90400  36.057  -3.822  19.316 0.1000000015
90407  36.639  -3.757  18.873 0.1000000015
91215  51.884  -2.449  21.112 0.1000000015
90379  51.431  -2.999  21.699 0.1000000015
126964  51.809  0.080  22.150 0.1000000015
93528  52.476  0.623  21.901 0.1000000015
91983  29.809  -1.554  21.342 0.1000000015
92777  28.843  -0.761  21.852 0.1000000015
91993  30.356  -1.155  20.625 0.1000000015
131670  29.351  -0.961  21.438 0.1000000015
92768  27.376  -0.367  22.548 0.1000000015
92791  31.952  -0.599  19.155 0.1000000015
91981  51.376  -1.665  21.284 0.1000000015
92775  51.178  -0.751  21.879 0.1000000015
125612  50.549  -0.349  23.231 0.1000000015
92764  51.384  0.025  22.867 0.1000000015
93519  52.535  0.833  22.912 0.1000000015
93513  52.296  0.845  23.930 0.1000000015
93518  53.477  1.756  22.795 0.1000000015
93508  53.133  1.722  24.681 0.1000000015
93512  53.574  1.798  23.823 0.1000000015
94397  42.731  1.389  16.498 0.1000000015
126669  31.032  -1.523  20.365 0.1000000015
93535  29.453  0.513  21.510 0.1000000015
93536  28.772  0.119  21.982 0.1000000015
93522  27.593  0.533  22.774 0.1000000015
92769  26.362  -0.436  22.489 0.1000000015
94396  43.541  1.364  16.612 0.1000000015
92015  32.637  -0.874  18.950 0.1000000015
92792  31.361  -0.319  19.460 0.1000000015
93534  30.064  0.933  21.117 0.1000000015
138209  29.059  0.874  21.965 0.1000000015
93523  26.758  0.292  22.781 0.1000000015
92798  32.999  -0.493  18.203 0.1000000015
93579  31.794  0.044  18.829 0.1000000015
93565  31.418  0.446  19.411 0.1000000015
93603  33.916  0.139  16.974 0.1000000015
90367  50.989  -3.346  22.258 0.1000000015
91216  51.059  -2.417  21.606 0.1000000015
90380  50.792  -2.912  21.982 0.1000000015
91206  50.371  -2.431  22.076 0.1000000015
91982  50.697  -1.670  21.828 0.1000000015
92765  50.581  -0.856  22.426 0.1000000015
92761  50.529  0.057  24.213 0.1000000015
92760  51.202  0.199  23.714 0.1000000015
93514  51.459  0.522  24.397 0.1000000015
93509  52.177  1.043  24.917 0.1000000015
94275  53.221  2.347  25.135 0.1000000015
94277  53.639  2.551  24.347 0.1000000015
122995  53.530  3.202  23.847 0.1000000015
94286  54.136  3.399  22.436 0.1000000015
95081  53.228  3.807  22.956 0.1000000015
95890  30.204  3.559  21.944 0.1000000015
95878  29.648  2.893  22.247 0.1000000015
135233  28.945  3.090  22.813 0.1000000015
95879  28.867  3.776  23.025 0.1000000015
95867  28.212  3.366  23.325 0.1000000015
95103  30.420  2.697  21.565 0.1000000015
95088  29.035  2.313  22.517 0.1000000015
95075  27.679  2.594  23.385 0.1000000015
141867  31.011  2.850  21.173 0.1000000015
95102  30.996  2.267  20.908 0.1000000015
94313  30.252  1.773  21.330 0.1000000015
94294  29.054  1.533  22.234 0.1000000015
94295  28.456  1.765  22.784 0.1000000015
94282  27.264  1.856  23.328 0.1000000015
94376  43.012  0.990  17.255 0.1000000015
94346  32.211  1.452  19.185 0.1000000015
94347  31.649  1.267  19.541 0.1000000015
93549  31.070  0.911  20.045 0.1000000015
93550  30.472  0.520  20.511 0.1000000015
94296  27.806  1.333  23.027 0.1000000015
93516  26.274  0.851  22.956 0.1000000015
94398  41.844  1.403  16.437 0.2000000030
94364  33.317  1.060  17.873 0.1000000015
94365  32.647  1.142  18.540 0.1000000015
93578  32.323  0.331  18.323 0.1000000015
94414  42.362  1.774  15.737 0.1000000015
94382  34.901  1.438  17.023 0.1000000015
123637  34.190  1.415  17.815 0.1000000015
94384  33.773  0.936  17.313 0.1000000015
93594  32.756  0.006  17.803 0.1000000015
88595  47.724  -5.701  25.662 0.1000000015
135505  47.181  -6.002  26.016 0.1000000015
88609  47.485  -5.120  25.015 0.1000000015
127753  46.900  -5.452  25.526 0.1000000015
88596  46.414  -5.913  26.001 0.1000000015
90368  50.179  -3.149  22.432 0.1000000015
90359  49.832  -3.759  23.077 0.1000000015
89512  49.177  -4.188  23.600 0.1000000015
89503  48.654  -4.501  24.112 0.1000000015
88620  48.095  -4.820  24.545 0.1000000015
89491  46.739  -4.791  25.128 0.1000000015
89492  45.451  -4.570  25.470 0.1000000015
88611  45.059  -5.187  25.766 0.1000000015
88598  44.597  -5.781  26.232 0.1000000015
90369  49.429  -3.187  22.807 0.1000000015
90361  48.251  -3.256  23.674 0.1000000015
89514  47.801  -3.813  24.117 0.1000000015
90357  47.092  -3.599  24.526 0.1000000015
143645  46.122  -4.538  25.269 0.1000000015
89494  43.950  -4.560  25.763 0.1000000015
88612  44.207  -5.138  25.926 0.1000000015
89484  43.318  -4.967  26.043 0.1000000015
91207  49.556  -2.442  22.578 0.1000000015
91201  48.865  -2.014  23.151 0.1000000015
91202  48.342  -2.469  23.637 0.1000000015
139954  47.223  -3.110  24.460 0.1000000015
90358  46.361  -3.466  25.000 0.1000000015
129701  45.619  -3.262  25.357 0.1000000015
90350  45.060  -3.874  25.464 0.1000000015
90351  44.103  -3.850  25.599 0.1000000015
134610  43.464  -4.277  25.740 0.1000000015
89496  41.908  -4.274  26.112 0.1000000015
91975  49.516  -1.500  22.898 0.1000000015
91971  48.436  -1.661  23.934 0.1000000015
91197  47.896  -2.167  24.232 0.1000000015
91198  47.392  -2.640  24.480 0.1000000015
91189  45.475  -2.485  25.465 0.1000000015
91190  44.707  -3.001  25.517 0.1000000015
90352  43.185  -3.663  25.643 0.1000000015
90353  42.327  -3.597  25.747 0.1000000015
91193  41.741  -2.815  25.612 0.1000000015
92756  50.229  0.233  25.157 0.1000000015
120144  49.601  -0.390  24.372 0.1000000015
91968  47.481  -1.974  24.769 0.1000000015
91187  46.866  -2.168  25.157 0.1000000015
91958  45.267  -1.740  25.524 0.1000000015
127671  44.099  -2.282  25.516 0.1000000015
91191  43.687  -2.996  25.548 0.1000000015
91192  42.767  -2.910  25.564 0.1000000015
93497  50.946  0.822  25.813 0.1000000015
93496  51.877  1.202  25.628 0.1000000015
127670  43.250  -2.262  25.483 0.1000000015
94276  52.714  1.681  25.411 0.1000000015
95061  52.882  2.780  25.569 0.1000000015
95067  53.301  2.981  24.889 0.1000000015
131472  51.152  2.778  23.482 0.1000000015
124985  52.839  3.406  23.920 0.1000000015
144540  51.846  3.034  23.064 0.1000000015
94326  40.543  1.761  20.464 0.1000000015
95111  39.762  2.298  20.495 0.1000000015
95896  39.095  3.510  20.652 0.1000000015
93561  42.301  0.551  19.574 0.1000000015
93548  41.722  0.855  20.164 0.1000000015
94339  40.314  1.272  20.047 0.1000000015
133249  39.059  2.794  20.558 0.1000000015
95897  38.233  3.305  20.580 0.1000000015
96631  31.241  5.114  21.320 0.1000000015
96632  30.664  4.451  21.682 0.1000000015
96622  28.411  4.272  23.316 0.1000000015
124637  27.657  4.039  23.539 0.1000000015
129751  26.886  3.934  23.642 0.1000000015
134261  26.205  3.863  23.634 0.1000000015
93562  41.581  0.645  19.417 0.1000000015
94327  39.677  1.766  20.238 0.1000000015
135895  38.447  2.646  20.447 0.1000000015
140632  37.167  4.617  20.539 0.1000000015
96642  36.804  4.067  20.626 0.1000000015
97388  35.766  5.594  20.196 0.1000000015
97373  34.909  5.544  20.262 0.1000000015
137531  33.817  4.783  20.414 0.1000000015
97375  33.197  5.180  20.367 0.1000000015
96647  31.533  4.449  21.079 0.1000000015
95869  26.486  3.251  23.593 0.1000000015
93575  41.970  0.565  18.741 0.1000000015
93576  41.055  0.680  18.742 0.1000000015
94358  40.252  0.971  19.263 0.1000000015
94340  39.564  1.358  19.730 0.1000000015
124467  37.746  2.770  20.419 0.1000000015
95898  37.277  3.388  20.534 0.1000000015
95899  36.387  3.419  20.478 0.1000000015
95900  35.487  3.436  20.383 0.1000000015
96644  35.005  4.107  20.536 0.1000000015
133337  34.082  4.153  20.407 0.1000000015
96645  33.230  4.340  20.346 0.1000000015
143804  32.738  3.318  20.070 0.1000000015
95903  32.614  3.769  20.340 0.1000000015
95118  31.458  2.984  20.755 0.1000000015
95889  31.063  3.508  21.312 0.1000000015
94283  26.294  1.682  23.286 0.1000000015
95870  25.715  3.326  23.527 0.1000000015
93591  42.485  0.669  17.972 0.1000000015
93592  41.643  0.730  17.920 0.1000000015
139648  40.916  0.838  17.846 0.1000000015
94359  39.464  1.144  18.791 0.1000000015
124414  37.975  1.512  19.039 0.1000000015
94342  37.512  1.918  19.676 0.1000000015
95114  36.860  2.766  20.303 0.1000000015
95115  35.926  2.861  20.215 0.1000000015
95126  35.385  2.451  19.663 0.1000000015
95127  34.362  2.530  19.567 0.1000000015
95901  34.456  3.363  20.182 0.1000000015
95911  33.701  2.954  19.771 0.1000000015
95912  32.875  2.804  19.725 0.1000000015
95117  32.166  3.054  20.191 0.1000000015
95871  24.983  3.432  23.356 0.1000000015
123466  40.147  1.604  16.295 0.2000000030
94379  39.472  1.269  17.698 0.1000000015
94360  38.552  1.420  18.204 0.1000000015
94343  36.640  1.958  19.333 0.1000000015
94344  35.755  2.015  19.133 0.1000000015
94345  34.738  1.954  18.926 0.1000000015
95128  33.477  2.398  19.410 0.1000000015
94400  39.493  1.589  16.679 0.2000000030
94401  38.114  1.923  16.430 0.1000000015
94381  37.774  1.753  17.180 0.1000000015
125625  36.829  1.776  17.568 0.1000000015
94362  36.222  1.821  18.395 0.1000000015
124839  35.769  1.720  17.274 0.1000000015
94363  35.214  1.759  18.120 0.1000000015
140437  33.610  1.760  18.782 0.1000000015
139003  36.983  1.872  16.647 0.1000000015
124044  36.272  1.701  16.523 0.1000000015
120778  35.473  1.415  16.341 0.1000000015
133485  50.005  -4.425  23.667 0.1000000015
135939  50.185  -4.823  24.275 0.1000000015
88594  48.638  -5.851  25.945 0.1000000015
88597  45.506  -5.818  26.079 0.1000000015
89502  49.424  -4.701  24.143 0.1000000015
88619  48.893  -5.063  24.619 0.1000000015
88608  48.314  -5.391  25.139 0.1000000015
87653  46.936  -6.447  26.503 0.1000000015
87656  44.090  -6.418  26.765 0.1000000015
88599  43.687  -5.740  26.395 0.1000000015
89485  42.358  -4.986  26.318 0.1000000015
90355  40.832  -3.238  25.964 0.1000000015
89487  40.924  -4.166  26.436 0.1000000015
91966  48.799  -0.852  24.527 0.1000000015
91967  48.035  -1.376  24.834 0.1000000015
91182  40.043  -2.778  26.094 0.1000000015
92744  48.930  0.098  25.598 0.1000000015
126462  47.837  -0.827  25.369 0.1000000015
91957  46.623  -1.369  25.448 0.1000000015
130601  45.774  -1.175  25.521 0.1000000015
130600  44.885  -1.006  25.472 0.1000000015
91959  44.457  -1.619  25.490 0.1000000015
127781  42.415  -2.130  25.445 0.1000000015
91962  41.544  -1.829  25.447 0.1000000015
91194  40.761  -2.350  25.654 0.1000000015
94261  51.672  1.510  26.185 0.1000000015
93499  48.889  0.680  25.968 0.1000000015
92746  46.844  0.097  25.511 0.1000000015
92747  46.294  -0.566  25.502 0.1000000015
136997  42.926  -1.658  25.410 0.1000000015
94260  52.440  1.798  26.000 0.1000000015
94259  52.840  2.207  25.680 0.1000000015
128927  47.299  0.836  25.614 0.1000000015
93501  46.372  0.861  25.508 0.1000000015
92748  45.367  -0.378  25.444 0.1000000015
92749  44.428  -0.256  25.375 0.1000000015
130598  43.096  -0.999  25.360 0.1000000015
91961  42.293  -1.317  25.385 0.1000000015
92752  41.480  -0.927  25.435 0.1000000015
95062  52.673  3.199  25.492 0.1000000015
95070  50.246  2.606  23.745 0.1000000015
138405  50.822  2.531  22.743 0.1000000015
143680  40.477  2.828  20.805 0.1000000015
95895  40.682  3.412  20.851 0.1000000015
134956  39.197  4.217  20.614 0.1000000015
97369  38.856  4.878  20.442 0.1000000015
96640  38.458  4.124  20.626 0.1000000015
97370  37.875  4.935  20.463 0.1000000015
139611  35.960  6.201  19.699 0.1000000015
121110  35.695  6.936  19.199 0.1000000015
98055  35.238  6.256  19.784 0.1000000015
121995  34.797  6.913  19.550 0.1000000015
97360  30.683  5.444  21.659 0.1000000015
96621  29.227  4.494  22.801 0.1000000015
97351  29.330  5.481  22.692 0.1000000015
135891  28.567  5.142  23.261 0.1000000015
97371  37.102  5.224  20.347 0.1000000015
97387  36.557  5.726  20.055 0.1000000015
98036  34.362  6.227  19.967 0.1000000015
98056  33.972  6.885  19.876 0.1000000015
120015  33.382  6.170  20.186 0.1000000015
97376  32.526  5.705  20.495 0.1000000015
97377  31.819  5.343  20.838 0.1000000015
97359  31.324  5.862  21.205 0.1000000015
96615  26.422  4.624  23.662 0.1000000015
98777  33.760  7.471  19.999 0.1000000015
98037  33.242  7.052  20.160 0.1000000015
98038  32.589  6.603  20.432 0.1000000015
98039  31.919  6.211  20.736 0.1000000015
98030  31.406  6.666  21.134 0.1000000015
97345  25.610  5.110  23.608 0.1000000015
96616  25.490  4.183  23.556 0.1000000015
87654  45.991  -6.428  26.531 0.1000000015
87635  44.567  -7.018  27.272 0.1000000015
87657  43.164  -6.347  26.954 0.1000000015
136506  40.725  -4.891  26.976 0.1000000015
91183  39.364  -3.083  26.665 0.1000000015
91184  38.738  -2.584  26.801 0.1000000015
93498  49.837  0.552  25.852 0.1000000015
143476  39.435  -2.447  26.300 0.1000000015
94262  50.742  1.396  26.311 0.1000000015
93500  48.138  0.890  25.813 0.1000000015
94264  47.740  1.586  25.904 0.1000000015
91963  40.643  -1.437  25.562 0.1000000015
91195  39.918  -1.983  25.800 0.1000000015
94247  51.525  2.301  26.533 0.1000000015
95027  52.152  2.965  26.529 0.1000000015
94265  46.785  1.597  25.695 0.1000000015
93503  44.912  0.491  25.398 0.1000000015
130596  44.038  0.385  25.387 0.1000000015
92751  42.351  -0.387  25.422 0.1000000015
92753  40.599  -0.435  25.609 0.1000000015
95028  51.432  3.344  26.798 0.1000000015
95827  51.711  3.594  26.607 0.1000000015
95056  45.310  2.188  25.770 0.1000000015
94267  45.026  1.383  25.521 0.1000000015
95053  51.943  3.584  26.234 0.1000000015
127482  49.472  2.568  23.881 0.1000000015
95069  51.685  3.158  24.513 0.1000000015
94278  49.278  2.172  23.229 0.1000000015
94289  49.082  1.808  22.457 0.1000000015
142955  42.197  3.027  21.312 0.1000000015
95888  41.546  3.228  21.088 0.1000000015
96639  39.872  3.865  20.697 0.1000000015
97384  39.397  5.517  20.084 0.1000000015
97385  38.491  5.651  20.037 0.1000000015
98774  36.580  7.268  18.775 0.1000000015
130829  39.142  6.144  19.563 0.1000000015
98052  38.257  6.395  19.393 0.1000000015
98775  35.136  7.656  19.275 0.1000000015
98760  31.320  7.843  21.321 0.1000000015
99498  36.652  8.194  18.321 0.1000000015
128918  35.369  8.407  19.124 0.1000000015
100188  35.259  9.413  19.391 0.1000000015
98776  34.396  7.551  19.694 0.1000000015
99489  33.930  8.134  20.040 0.1000000015
99483  31.971  7.916  20.921 0.1000000015
144783  31.514  7.331  21.112 0.1000000015
86808  47.029  -7.443  27.606 0.1000000015
87634  45.567  -6.990  27.130 0.1000000015
86809  46.074  -7.526  27.638 0.1000000015
85953  46.012  -8.436  28.853 0.1000000015
86796  45.612  -8.044  28.269 0.1000000015
86811  44.095  -7.592  28.073 0.1000000015
87636  43.620  -6.908  27.469 0.1000000015
87637  42.775  -6.635  27.699 0.1000000015
139955  41.748  -5.883  27.466 0.1000000015
144506  40.739  -5.101  27.392 0.1000000015
89488  40.108  -4.357  27.001 0.1000000015
90347  39.369  -3.732  27.247 0.1000000015
91185  38.094  -2.411  27.250 0.1000000015
91953  38.351  -1.907  26.701 0.1000000015
92731  37.083  -1.298  27.334 0.1000000015
94263  49.677  1.403  26.322 0.1000000015
94250  48.298  2.328  26.318 0.1000000015
134201  38.774  -1.283  26.259 0.1000000015
92741  37.939  -1.122  26.621 0.1000000015
92742  37.286  -0.463  26.827 0.1000000015
94248  50.555  2.567  26.673 0.1000000015
94249  49.319  2.358  26.509 0.1000000015
95031  48.134  3.250  26.532 0.1000000015
95054  47.270  2.487  26.174 0.1000000015
95055  46.237  2.328  25.898 0.1000000015
132042  44.098  1.169  25.498 0.1000000015
93504  43.373  0.675  25.466 0.1000000015
130346  42.755  0.327  25.467 0.1000000015
135514  41.475  -0.158  25.519 0.1000000015
92754  39.739  -0.196  25.824 0.1000000015
124801  38.835  -0.396  26.152 0.1000000015
93494  37.532  0.387  26.621 0.1000000015
94256  36.964  1.123  26.732 0.1000000015
95032  46.562  3.158  26.319 0.1000000015
95033  45.639  2.999  26.189 0.1000000015
95057  44.423  2.024  25.690 0.1000000015
95058  43.071  2.080  25.756 0.1000000015
94270  42.060  1.397  25.705 0.1000000015
94272  40.396  1.051  25.968 0.1000000015
93492  39.442  0.638  26.122 0.1000000015
93493  38.411  0.507  26.382 0.1000000015
132435  37.864  1.177  26.542 0.1000000015
95852  51.306  4.172  26.817 0.1000000015
95064  50.430  3.174  24.662 0.1000000015
95066  48.299  3.118  24.150 0.1000000015
141242  48.567  1.860  22.979 0.1000000015
96638  41.508  4.059  20.801 0.1000000015
125732  40.680  4.396  20.603 0.1000000015
138099  40.655  5.102  20.298 0.1000000015
98051  39.823  5.948  19.680 0.1000000015
98068  38.972  6.865  18.879 0.1000000015
98069  38.093  6.996  18.789 0.1000000015
137768  37.481  7.560  18.402 0.1000000015
98789  38.414  7.512  18.347 0.1000000015
99496  38.000  8.121  17.846 0.1000000015
99497  37.365  8.288  17.994 0.1000000015
100195  36.611  9.164  18.361 0.1000000015
129540  36.771  9.924  18.368 0.1000000015
100196  36.105  9.928  18.852 0.1000000015
129796  34.850  10.183  19.760 0.1000000015
99512  37.736  8.905  17.675 0.1000000015
100194  37.209  9.480  17.989 0.1000000015
100887  36.658  10.680  18.545 0.1000000015
101604  35.961  11.888  19.096 0.1000000015
85954  44.662  -8.273  29.187 0.1000000015
86798  43.619  -7.667  28.863 0.1000000015
86782  43.000  -7.172  29.078 0.1000000015
87638  42.042  -6.283  27.892 0.1000000015
86774  43.761  -7.592  30.313 0.1000000015
87610  41.927  -6.136  28.521 0.1000000015
88580  41.381  -5.767  27.989 0.1000000015
89476  39.771  -4.310  27.678 0.1000000015
90335  39.202  -3.821  27.957 0.1000000015
91172  38.325  -2.870  27.549 0.1000000015
92732  36.581  -0.559  27.360 0.1000000015
93484  36.095  0.770  27.183 0.1000000015
95029  49.946  3.488  26.867 0.1000000015
95831  48.037  4.172  26.710 0.1000000015
142460  47.359  3.390  26.461 0.1000000015
138670  35.295  1.256  27.677 0.1000000015
95828  51.177  4.168  27.035 0.1000000015
126057  49.700  5.168  27.118 0.1000000015
95830  49.196  4.203  26.920 0.1000000015
95832  46.055  3.845  26.396 0.1000000015
95833  45.111  3.685  26.287 0.1000000015
95035  43.732  2.670  25.938 0.1000000015
95059  42.246  2.163  25.927 0.1000000015
94251  41.559  1.861  25.969 0.1000000015
95039  39.978  2.550  26.447 0.1000000015
95040  38.967  2.415  26.487 0.1000000015
94254  38.754  1.408  26.434 0.1000000015
122945  37.153  1.961  26.629 0.1000000015
94235  36.102  1.802  26.887 0.1000000015
95853  50.720  4.644  26.554 0.1000000015
96578  45.608  4.456  26.300 0.1000000015
127873  42.093  2.842  26.267 0.1000000015
95037  41.484  2.507  26.251 0.1000000015
138362  40.174  3.170  26.391 0.1000000015
129514  38.164  2.712  26.491 0.1000000015
94255  38.014  1.984  26.542 0.1000000015
95042  36.787  2.644  26.572 0.1000000015
95065  49.233  3.046  24.346 0.1000000015
95862  49.086  3.881  24.776 0.1000000015
95072  47.739  2.475  23.560 0.1000000015
96629  43.038  4.066  21.016 0.1000000015
96637  42.352  4.472  20.633 0.1000000015
98050  40.477  6.079  19.529 0.1000000015
98067  39.842  6.465  19.197 0.1000000015
98788  39.904  7.112  18.594 0.1000000015
98799  39.853  7.865  17.902 0.1000000015
98800  38.843  8.012  17.847 0.1000000015
100215  40.719  9.846  16.445 0.1000000015
100202  39.114  9.825  17.183 0.1000000015
100203  38.430  9.400  17.446 0.1000000015
101622  41.293  11.249  16.266 0.1000000015
100896  37.983  10.816  17.714 0.1000000015
101614  37.806  11.833  17.944 0.1000000015
102280  37.137  12.104  18.403 0.1000000015
101633  41.840  11.798  16.033 0.1000000015
87604  43.792  -6.774  30.692 0.1000000015
129953  43.329  -6.184  30.422 0.1000000015
88564  42.364  -5.750  29.690 0.1000000015
89462  41.947  -5.242  29.568 0.1000000015
89464  40.701  -4.627  28.871 0.1000000015
89471  39.680  -4.158  28.205 0.1000000015
91167  38.208  -2.858  28.200 0.1000000015
90322  40.024  -3.458  29.153 0.1000000015
90329  39.399  -3.551  28.569 0.1000000015
91160  37.509  -2.203  28.398 0.1000000015
91943  37.018  -1.968  27.959 0.1000000015
92725  36.172  -0.754  28.571 0.1000000015
92733  35.659  0.296  27.816 0.1000000015
96608  49.069  4.921  25.103 0.1000000015
132463  49.296  6.099  25.568 0.1000000015
96593  50.288  5.269  26.918 0.1000000015
96576  47.870  5.064  26.722 0.1000000015
95018  35.116  2.193  27.337 0.1000000015
96594  49.655  5.629  26.294 0.1000000015
97299  49.662  5.483  26.746 0.1000000015
120999  49.053  5.543  26.864 0.1000000015
96595  45.250  4.901  26.026 0.1000000015
96579  44.644  4.264  26.193 0.1000000015
95835  43.265  3.470  26.192 0.1000000015
96598  42.370  4.507  25.701 0.1000000015
137556  48.993  5.703  24.784 0.1000000015
95836  42.402  3.420  26.250 0.1000000015
96582  41.951  3.950  26.120 0.1000000015
95838  40.707  3.501  26.268 0.1000000015
95856  39.102  3.968  25.894 0.1000000015
95840  38.576  3.275  26.344 0.1000000015
95866  46.730  3.334  23.388 0.1000000015
97367  41.519  4.967  20.345 0.1000000015
97382  41.007  5.613  19.909 0.1000000015
98049  41.281  6.178  19.372 0.1000000015
98066  40.651  6.640  18.947 0.1000000015
98798  40.749  8.031  17.621 0.1000000015
99510  40.113  8.545  17.266 0.1000000015
100901  41.429  10.364  16.171 0.1000000015
100201  40.336  9.163  16.767 0.1000000015
99523  41.017  9.160  16.627 0.1000000015
89457  44.272  -4.678  30.789 0.1000000015
88561  43.712  -5.374  30.669 0.1000000015
88562  42.961  -5.544  30.247 0.1000000015
89460  41.867  -4.427  29.801 0.1000000015
128807  41.170  -4.394  29.413 0.1000000015
90320  41.427  -3.820  29.740 0.1000000015
91157  40.520  -2.872  29.597 0.1000000015
91159  38.125  -2.418  28.831 0.1000000015
91935  36.808  -1.487  28.664 0.1000000015
92720  35.887  -0.295  29.079 0.1000000015
92726  35.686  -0.095  28.493 0.1000000015
94231  34.783  1.465  28.470 0.1000000015
94236  34.672  1.897  27.913 0.1000000015
97300  49.116  6.057  26.445 0.1000000015
95044  34.782  2.968  27.121 0.1000000015
97313  48.675  6.464  26.071 0.1000000015
97314  47.516  5.993  26.100 0.1000000015
96596  44.180  4.629  25.869 0.1000000015
96597  43.265  4.541  25.774 0.1000000015
132538  35.764  3.576  26.442 0.1000000015
96609  48.057  4.659  24.168 0.1000000015
97990  46.465  6.000  25.498 0.1000000015
97330  44.341  5.611  24.926 0.1000000015
96599  41.412  4.485  25.658 0.1000000015
96600  40.622  4.121  25.872 0.1000000015
130989  39.244  4.683  25.459 0.1000000015
95857  38.089  3.942  25.941 0.1000000015
95842  36.544  3.390  26.395 0.1000000015
96584  36.181  4.084  26.105 0.1000000015
96585  35.195  4.141  26.322 0.1000000015
134259  47.145  4.114  23.561 0.1000000015
97317  43.725  5.081  25.369 0.1000000015
97332  42.448  5.636  24.701 0.1000000015
139940  41.216  5.115  25.154 0.1000000015
97321  39.796  5.107  25.178 0.1000000015
97322  38.960  5.261  25.097 0.1000000015
96603  37.578  4.658  25.538 0.1000000015
96604  36.641  4.686  25.620 0.1000000015
95875  46.071  3.154  22.945 0.1000000015
97334  40.598  5.543  24.769 0.1000000015
96636  43.203  4.776  20.502 0.1000000015
98048  42.144  6.233  19.232 0.1000000015
126528  41.877  5.666  19.771 0.1000000015
129819  41.375  7.715  17.906 0.1000000015
99509  40.864  8.626  17.049 0.1000000015
102307  42.385  12.553  15.782 0.1000000015
103669  43.749  14.427  15.592 0.1000000015
102961  43.417  13.759  15.430 0.1000000015
101632  42.578  11.560  15.658 0.1000000015
91152  43.941  -2.616  30.561 0.1000000015
90315  44.539  -3.352  30.637 0.1000000015
128868  44.211  -4.027  30.632 0.1000000015
90317  42.973  -3.003  30.389 0.1000000015
90318  42.093  -3.434  30.126 0.1000000015
131282  42.778  -3.968  30.283 0.1000000015
131198  41.332  -3.079  29.894 0.1000000015
91931  40.265  -2.034  29.805 0.1000000015
91934  37.558  -1.815  29.118 0.1000000015
91932  39.378  -1.896  29.618 0.1000000015
92717  38.046  -1.180  29.719 0.1000000015
92718  37.122  -1.082  29.491 0.1000000015
93475  35.533  0.328  29.138 0.1000000015
91928  39.950  -1.261  30.142 0.1000000015
92713  38.644  -0.485  30.246 0.1000000015
95020  33.892  2.938  28.159 0.1000000015
129817  49.277  6.549  24.688 0.1000000015
120684  49.120  6.878  25.266 0.1000000015
97981  49.058  6.568  25.923 0.1000000015
95820  34.067  3.297  27.556 0.1000000015
97341  48.606  5.719  23.955 0.1000000015
97340  49.174  6.668  23.728 0.1000000015
129631  48.909  7.195  25.272 0.1000000015
97989  47.731  6.623  25.549 0.1000000015
96567  33.736  4.100  27.308 0.1000000015
97348  48.176  5.879  23.012 0.1000000015
97994  49.149  7.581  24.507 0.1000000015
98724  48.058  7.654  24.393 0.1000000015
97996  46.519  6.579  24.868 0.1000000015
97329  45.386  6.057  24.852 0.1000000015
96587  33.458  4.932  26.987 0.1000000015
96611  47.355  4.895  23.280 0.1000000015
97349  47.042  5.338  22.407 0.1000000015
98725  46.644  7.189  24.297 0.1000000015
122222  45.443  6.691  24.258 0.1000000015
97997  44.470  6.283  24.368 0.1000000015
136693  43.028  6.240  24.239 0.1000000015
97998  41.979  6.264  24.182 0.1000000015
119877  36.157  5.396  25.284 0.1000000015
96605  35.709  4.776  25.750 0.1000000015
96606  34.811  4.986  25.970 0.1000000015
136674  46.516  4.613  22.646 0.1000000015
96626  46.100  4.875  22.023 0.1000000015
98010  44.407  6.888  23.732 0.1000000015
98011  43.413  6.804  23.707 0.1000000015
143482  41.876  6.807  23.656 0.1000000015
136279  41.217  6.593  23.840 0.1000000015
97335  39.532  5.824  24.565 0.1000000015
97323  38.014  5.380  24.994 0.1000000015
97324  37.042  5.335  25.119 0.1000000015
137874  35.719  5.996  25.067 0.1000000015
96619  45.775  3.955  22.487 0.1000000015
97364  45.218  5.471  20.485 0.1000000015
96635  44.123  5.192  20.309 0.1000000015
97365  43.279  5.343  20.032 0.1000000015
98047  43.035  6.300  19.127 0.1000000015
98786  41.795  7.290  18.327 0.1000000015
98065  41.513  6.732  18.804 0.1000000015
98797  42.042  7.776  17.828 0.1000000015
133902  41.465  8.200  17.428 0.1000000015
99522  41.586  8.760  16.857 0.1000000015
100912  42.006  10.922  15.890 0.1000000015
100214  41.693  9.495  16.338 0.1000000015
103667  45.359  14.582  15.232 0.1000000015
103668  44.551  14.516  15.403 0.1000000015
105094  45.996  15.924  16.875 0.1000000015
104386  44.928  15.022  15.839 0.1000000015
91922  45.341  -1.955  30.930 0.1000000015
91923  44.488  -1.933  30.778 0.1000000015
132468  43.745  -1.849  30.717 0.1000000015
91153  43.075  -2.134  30.561 0.1000000015
91155  41.126  -2.226  30.086 0.1000000015
92709  42.205  -1.024  30.775 0.1000000015
91926  41.677  -1.590  30.452 0.1000000015
91927  40.812  -1.417  30.313 0.1000000015
93474  36.036  0.121  29.679 0.1000000015
92714  37.698  -0.485  30.076 0.1000000015
134642  36.639  0.619  30.320 0.1000000015
94226  35.110  1.658  29.704 0.1000000015
125737  34.581  1.834  29.086 0.1000000015
95008  34.599  2.263  29.495 0.1000000015
137958  48.493  6.839  21.484 0.1000000015
97347  48.913  6.744  22.742 0.1000000015
98021  49.395  7.423  23.388 0.1000000015
98007  49.333  7.772  23.920 0.1000000015
97289  32.902  5.897  28.357 0.1000000015
98029  47.304  6.296  21.110 0.1000000015
97355  47.824  6.217  22.063 0.1000000015
136591  49.278  7.963  23.985 0.1000000015
138317  47.826  8.080  23.722 0.1000000015
97304  33.994  5.339  26.291 0.1000000015
97356  46.644  5.624  21.576 0.1000000015
98747  45.904  7.923  23.060 0.1000000015
98733  44.631  7.649  23.044 0.1000000015
97325  35.312  5.537  25.490 0.1000000015
97326  34.512  5.773  25.721 0.1000000015
97357  45.673  5.172  21.252 0.1000000015
98748  43.531  7.728  22.860 0.1000000015
98734  43.010  7.310  23.314 0.1000000015
98013  40.500  7.014  23.516 0.1000000015
131202  38.913  6.859  23.735 0.1000000015
124049  37.241  6.576  24.292 0.1000000015
97338  36.507  6.107  24.739 0.1000000015
97380  44.792  5.825  19.759 0.1000000015
130064  43.868  6.403  18.975 0.1000000015
98063  43.253  6.823  18.624 0.1000000015
98785  42.639  7.328  18.248 0.1000000015
99521  42.380  8.884  16.698 0.1000000015
100911  42.787  10.684  15.582 0.1000000015
100900  42.236  10.113  15.872 0.1000000015
104384  46.538  15.173  15.645 0.1000000015
103680  45.007  14.073  14.839 0.1000000015
102316  43.874  13.053  15.036 0.1000000015
101646  43.988  11.960  14.983 0.1000000015
92696  44.370  -0.630  31.313 0.1000000015
91924  44.022  -1.298  31.013 0.1000000015
92710  41.332  -0.813  30.680 0.1000000015
92711  40.478  -0.621  30.558 0.1000000015
92712  39.589  -0.488  30.416 0.1000000015
125046  38.276  0.086  30.467 0.1000000015
94225  36.279  1.411  30.443 0.1000000015
120715  49.333  7.512  22.187 0.1000000015
137966  35.640  1.293  30.077 0.1000000015
95813  34.298  2.975  29.547 0.1000000015
95818  33.564  3.868  28.689 0.1000000015
97287  33.229  5.175  28.656 0.1000000015
97971  33.147  6.480  28.621 0.1000000015
141776  48.736  6.788  22.091 0.1000000015
96564  32.863  5.279  28.093 0.1000000015
98699  32.675  7.464  28.088 0.1000000015
99451  49.269  8.466  22.828 0.1000000015
99452  48.781  8.697  22.858 0.1000000015
97305  33.368  5.672  26.667 0.1000000015
97294  32.904  5.591  27.388 0.1000000015
97976  32.555  6.903  27.704 0.1000000015
98043  47.664  7.018  19.746 0.1000000015
98034  46.902  6.419  20.252 0.1000000015
137803  49.047  8.774  22.220 0.1000000015
99441  48.318  8.429  23.348 0.1000000015
98732  47.131  8.290  23.092 0.1000000015
97992  34.272  6.805  25.415 0.1000000015
97982  33.115  6.909  26.311 0.1000000015
98710  32.590  7.129  26.918 0.1000000015
98044  46.464  6.598  19.472 0.1000000015
98061  45.214  6.829  18.679 0.1000000015
138186  47.935  8.665  22.814 0.1000000015
99453  47.150  8.676  22.385 0.1000000015
99469  44.712  8.638  21.724 0.1000000015
99456  43.119  8.197  22.248 0.1000000015
98735  42.195  7.305  23.286 0.1000000015
98736  41.380  7.215  23.355 0.1000000015
120633  40.073  7.555  23.107 0.1000000015
124048  38.640  7.553  23.370 0.1000000015
98004  36.439  7.003  24.327 0.1000000015
97991  34.970  6.322  25.257 0.1000000015
98717  34.198  7.621  25.228 0.1000000015
98709  32.962  7.654  26.223 0.1000000015
99422  32.555  8.106  26.788 0.1000000015
98045  45.333  6.399  19.232 0.1000000015
98062  44.588  6.606  18.828 0.1000000015
130163  43.992  6.840  18.567 0.1000000015
99470  43.607  8.600  21.605 0.1000000015
99471  42.666  8.661  21.545 0.1000000015
99458  41.512  8.384  22.085 0.1000000015
98737  40.765  7.656  22.941 0.1000000015
132985  38.021  8.205  23.254 0.1000000015
98727  36.426  7.691  24.100 0.1000000015
98728  35.703  7.601  24.456 0.1000000015
99439  34.848  8.043  24.743 0.1000000015
98795  43.508  7.947  17.555 0.1000000015
98784  43.589  7.393  18.125 0.1000000015
99507  42.992  8.390  17.163 0.1000000015
100213  42.661  9.492  16.154 0.1000000015
100910  43.584  10.470  15.290 0.1000000015
104383  48.329  15.171  15.448 0.1000000015
103679  45.830  14.135  14.626 0.1000000015
92695  45.253  -0.597  31.370 0.1000000015
91911  45.747  -1.287  31.216 0.1000000015
92697  42.694  -0.508  31.150 0.1000000015
92698  41.839  -0.270  31.096 0.1000000015
92699  40.990  -0.033  30.985 0.1000000015
93469  39.139  0.342  30.713 0.1000000015
93470  38.318  0.772  30.769 0.1000000015
94224  37.518  1.167  30.755 0.1000000015
95003  37.063  1.807  30.818 0.1000000015
95005  35.625  1.956  30.318 0.1000000015
131563  35.761  2.835  30.531 0.1000000015
96556  34.804  4.391  30.002 0.1000000015
97286  33.876  5.218  29.331 0.1000000015
98764  48.746  7.640  20.172 0.1000000015
98695  33.689  6.765  29.022 0.1000000015
123871  48.074  6.926  20.606 0.1000000015
98763  49.300  8.130  20.716 0.1000000015
99404  34.017  8.708  28.867 0.1000000015
99409  33.130  8.191  28.416 0.1000000015
99466  49.307  8.621  21.317 0.1000000015
122573  33.269  9.213  28.457 0.1000000015
98773  46.034  6.869  18.791 0.1000000015
126430  48.811  9.062  20.680 0.1000000015
100153  47.890  9.331  20.895 0.1000000015
100154  46.577  9.155  20.999 0.1000000015
99454  46.065  8.741  21.849 0.1000000015
99430  33.494  8.076  25.620 0.1000000015
100110  32.590  9.430  27.520 0.1000000015
144001  32.635  8.172  27.950 0.1000000015
122670  45.531  7.300  18.219 0.1000000015
100170  47.044  9.453  20.219 0.1000000015
100155  45.268  9.006  21.002 0.1000000015
100156  44.085  8.990  20.918 0.1000000015
100157  43.091  9.099  20.911 0.1000000015
99472  41.825  8.764  21.544 0.1000000015
99473  41.017  8.819  21.639 0.1000000015
98752  40.089  8.130  22.614 0.1000000015
99442  38.711  8.358  22.890 0.1000000015
127466  37.426  8.033  23.530 0.1000000015
99437  36.178  8.827  24.098 0.1000000015
100118  32.625  9.037  26.715 0.1000000015
137280  44.340  7.789  17.695 0.1000000015
100864  42.987  10.356  19.909 0.1000000015
100174  42.595  9.807  20.439 0.1000000015
100159  41.394  9.411  21.133 0.1000000015
100145  40.130  8.897  21.970 0.1000000015
99460  38.833  8.985  22.578 0.1000000015
134730  37.629  10.207  23.447 0.1000000015
100138  36.832  9.155  23.719 0.1000000015
99438  35.521  8.483  24.414 0.1000000015
99429  34.143  8.452  25.136 0.1000000015
100125  33.524  9.028  25.593 0.1000000015
100908  45.266  9.971  14.733 0.1000000015
100211  44.208  9.474  15.799 0.1000000015
100161  39.873  9.822  21.695 0.1000000015
139759  39.254  10.400  22.286 0.1000000015
100136  38.088  9.912  23.016 0.1000000015
101656  46.399  11.901  13.764 0.1000000015
100921  45.011  10.661  14.558 0.1000000015
100212  43.518  9.458  15.985 0.1000000015
99520  43.254  8.934  16.582 0.1000000015
102979  46.910  13.098  13.669 0.1000000015
101645  44.793  11.618  14.564 0.1000000015
100922  44.142  10.978  14.891 0.1000000015
103665  47.375  14.735  14.991 0.1000000015
130448  45.278  13.034  14.312 0.1000000015
92694  46.215  -0.542  31.428 0.1000000015
141225  43.522  -0.629  31.227 0.1000000015
93454  42.387  0.265  31.452 0.1000000015
93456  40.686  0.771  31.296 0.1000000015
93457  39.824  0.962  31.188 0.1000000015
93458  38.999  1.215  31.138 0.1000000015
94215  38.307  1.443  31.064 0.1000000015
94992  37.373  2.696  31.117 0.1000000015
95810  36.057  3.712  30.669 0.1000000015
94214  39.597  1.750  31.459 0.1000000015
130473  38.754  2.062  31.383 0.1000000015
95809  36.631  3.182  30.889 0.1000000015
97283  34.591  5.596  29.697 0.1000000015
99405  33.849  7.669  28.936 0.1000000015
119789  34.848  10.416  29.401 0.1000000015
99408  33.823  9.570  28.804 0.1000000015
100103  34.481  9.519  29.099 0.1000000015
98771  48.376  7.757  19.205 0.1000000015
98770  48.993  8.362  19.921 0.1000000015
99479  49.204  8.641  20.461 0.1000000015
100814  32.926  10.630  28.238 0.1000000015
98781  47.597  7.598  18.527 0.1000000015
98772  47.129  7.125  18.985 0.1000000015
100183  48.450  9.442  19.221 0.1000000015
99410  32.740  8.896  28.038 0.1000000015
100818  32.675  10.317  27.651 0.1000000015
99495  47.365  7.867  17.925 0.1000000015
98794  46.243  7.785  17.735 0.1000000015
100169  48.225  9.365  20.036 0.1000000015
100872  46.659  10.006  18.848 0.1000000015
100185  46.214  9.711  19.553 0.1000000015
100171  45.749  9.395  20.279 0.1000000015
100172  44.541  9.448  20.284 0.1000000015
100865  42.139  10.628  20.188 0.1000000015
100826  32.706  9.952  26.923 0.1000000015
99503  46.994  8.331  17.318 0.1000000015
99504  45.812  8.330  17.177 0.1000000015
100187  43.926  10.096  19.754 0.1000000015
100857  41.009  10.158  20.911 0.1000000015
100845  36.963  10.083  23.817 0.1000000015
100132  36.278  9.645  24.148 0.1000000015
100840  35.733  10.187  24.502 0.1000000015
100124  34.222  9.550  25.147 0.1000000015
100117  33.074  9.593  26.233 0.1000000015
101542  33.283  11.342  26.445 0.1000000015
100232  46.365  9.765  14.628 0.1000000015
99518  45.333  8.834  16.564 0.1000000015
101576  41.058  11.602  20.935 0.1000000015
101577  40.318  11.189  21.550 0.1000000015
101568  39.436  11.319  22.685 0.1000000015
100843  38.178  10.719  23.334 0.1000000015
100844  37.475  10.828  23.806 0.1000000015
131649  36.075  10.957  24.559 0.1000000015
101559  35.198  10.911  24.896 0.1000000015
101548  33.800  10.901  25.791 0.1000000015
101655  47.546  11.403  13.463 0.1000000015
102256  41.326  12.401  21.457 0.1000000015
102257  40.650  12.018  21.848 0.1000000015
101562  38.551  11.368  23.433 0.1000000015
101556  37.274  11.554  24.154 0.1000000015
101557  36.530  11.637  24.475 0.1000000015
101558  35.736  11.708  24.781 0.1000000015
102227  34.471  12.274  25.403 0.1000000015
102892  41.628  13.358  22.713 0.1000000015
102893  40.888  12.985  23.074 0.1000000015
102241  40.100  12.719  23.264 0.1000000015
102243  38.420  12.624  23.774 0.1000000015
102244  37.749  12.265  24.032 0.1000000015
102234  36.197  12.499  24.544 0.1000000015
102877  35.473  13.182  24.627 0.1000000015
101546  35.064  11.747  25.121 0.1000000015
102891  42.215  13.478  22.391 0.1000000015
103580  41.617  13.987  22.812 0.1000000015
122178  40.313  14.360  23.147 0.1000000015
102886  39.528  13.338  23.480 0.1000000015
121241  38.680  13.302  23.658 0.1000000015
102888  37.106  13.745  23.877 0.1000000015
104319  41.054  14.632  22.848 0.1000000015
103566  39.729  14.024  23.377 0.1000000015
103568  38.023  14.113  23.578 0.1000000015
120588  37.152  14.643  23.604 0.1000000015
103567  38.589  14.736  23.368 0.1000000015
104301  37.888  15.116  23.380 0.1000000015
93453  43.839  0.062  31.513 0.1000000015
142213  43.093  -0.000  31.427 0.1000000015
93455  41.540  0.536  31.410 0.1000000015
94213  40.382  1.560  31.554 0.1000000015
94991  38.798  2.980  31.602 0.1000000015
137770  38.178  2.605  31.356 0.1000000015
95800  37.328  3.627  31.196 0.1000000015
136550  34.903  11.312  29.583 0.1000000015
99494  48.353  8.265  18.391 0.1000000015
99487  48.854  8.626  19.083 0.1000000015
100182  48.869  9.163  18.879 0.1000000015
101520  34.165  11.244  29.264 0.1000000015
100804  33.492  10.893  28.748 0.1000000015
99502  48.057  8.494  17.655 0.1000000015
99493  48.594  8.759  18.038 0.1000000015
100168  48.974  9.029  19.741 0.1000000015
101534  32.741  11.231  27.804 0.1000000015
100193  47.821  9.822  18.716 0.1000000015
100883  47.026  10.268  18.149 0.1000000015
100873  45.459  10.223  18.967 0.1000000015
100186  44.974  9.838  19.605 0.1000000015
100885  44.860  10.926  18.559 0.1000000015
100817  32.806  10.869  27.098 0.1000000015
100874  44.396  10.542  19.190 0.1000000015
101592  43.977  11.324  18.898 0.1000000015
100876  42.549  11.249  19.695 0.1000000015
144803  33.365  12.037  26.403 0.1000000015
102278  44.427  12.604  18.332 0.1000000015
102279  43.847  13.002  18.881 0.1000000015
101593  43.150  11.775  19.267 0.1000000015
101594  42.339  12.220  19.790 0.1000000015
136445  33.845  11.747  25.855 0.1000000015
103615  44.679  14.301  19.746 0.1000000015
102916  43.425  13.388  19.613 0.1000000015
102917  42.669  13.036  19.957 0.1000000015
135721  42.189  12.711  20.376 0.1000000015
103601  44.568  14.350  20.826 0.1000000015
102906  43.892  14.026  20.143 0.1000000015
102897  43.046  13.619  21.678 0.1000000015
102255  41.948  12.810  21.158 0.1000000015
102870  34.744  13.038  25.039 0.1000000015
125820  34.007  13.065  25.439 0.1000000015
103589  43.717  13.989  22.239 0.1000000015
102898  42.415  13.292  21.879 0.1000000015
103556  36.374  14.312  23.904 0.1000000015
104302  37.088  15.615  23.469 0.1000000015
131612  35.461  14.110  24.277 0.1000000015
144041  37.279  16.307  23.446 0.1000000015
142963  36.517  15.037  23.669 0.1000000015
136970  41.299  1.452  31.756 0.1000000015
125650  40.106  2.211  31.732 0.1000000015
96543  37.929  4.219  31.433 0.1000000015
100102  35.389  9.369  29.327 0.1000000015
102837  36.485  13.374  30.067 0.1000000015
102838  35.716  13.648  29.842 0.1000000015
101519  35.517  10.971  29.710 0.1000000015
102193  35.399  11.852  29.855 0.1000000015
122819  35.140  12.762  29.783 0.1000000015
102195  34.307  12.861  29.430 0.1000000015
101530  33.062  11.467  28.355 0.1000000015
100882  48.074  9.874  18.003 0.1000000015
101609  46.813  11.164  17.107 0.1000000015
100893  46.339  10.877  17.662 0.1000000015
102208  33.617  12.926  28.940 0.1000000015
102209  33.074  12.986  28.338 0.1000000015
127304  32.754  13.117  27.919 0.1000000015
102287  45.594  12.583  17.325 0.1000000015
101533  32.875  11.916  27.191 0.1000000015
102296  46.104  12.866  16.917 0.1000000015
102937  45.641  13.227  17.456 0.1000000015
101600  44.516  11.766  18.350 0.1000000015
103641  45.992  13.888  17.808 0.1000000015
102924  45.233  13.621  18.078 0.1000000015
102862  33.301  13.203  25.950 0.1000000015
103612  47.292  14.662  19.260 0.1000000015
103627  45.678  14.246  18.548 0.1000000015
103614  45.491  14.491  19.402 0.1000000015
102878  34.222  13.688  24.969 0.1000000015
103558  34.550  14.307  24.562 0.1000000015
142013  34.871  13.644  24.668 0.1000000015
104285  35.425  15.801  23.943 0.1000000015
119882  36.744  16.464  23.566 0.1000000015
105022  35.952  16.643  23.810 0.1000000015
95798  38.778  3.947  31.777 0.1000000015
102836  37.189  13.708  29.951 0.1000000015
100892  47.431  10.484  17.451 0.1000000015
101608  47.747  10.789  16.673 0.1000000015
101620  46.874  11.772  16.486 0.1000000015
101621  46.178  12.320  16.882 0.1000000015
102852  32.765  13.733  28.153 0.1000000015
101619  48.063  11.180  15.836 0.1000000015
102295  46.747  12.497  16.484 0.1000000015
102949  46.686  13.011  16.597 0.1000000015
102863  32.716  13.547  26.637 0.1000000015
102948  47.525  12.733  15.991 0.1000000015
102936  46.370  13.404  17.145 0.1000000015
103552  32.598  14.254  26.207 0.1000000015
103639  48.291  14.116  17.462 0.1000000015
103640  46.973  14.043  17.599 0.1000000015
102872  32.957  13.829  25.889 0.1000000015
103625  47.742  14.439  18.337 0.1000000015
104276  33.350  15.198  24.926 0.1000000015
102871  33.528  13.777  25.423 0.1000000015
104287  33.782  15.852  24.578 0.1000000015
119785  34.143  15.083  24.534 0.1000000015
104286  34.598  15.839  24.262 0.1000000015
105023  35.688  17.630  23.895 0.1000000015
119938  36.167  11.459  30.011 0.1000000015
102192  36.101  12.543  30.150 0.1000000015
103523  35.197  14.475  29.579 0.1000000015
134486  48.189  13.244  15.990 0.1000000015
102935  47.420  13.516  16.713 0.1000000015
103652  48.928  13.619  16.547 0.1000000015
96542  38.489  4.838  31.630 0.1000000015
96544  37.208  4.402  31.113 0.1000000015
125909  39.486  3.407  31.965 0.1000000015
94287  54.072  2.788  23.315 0.1000000015
95080  53.953  3.622  22.714 0.1000000015
95083  50.040  2.262  22.955 0.1000000015
94290  48.113  1.591  22.470 0.1000000015
95887  42.877  3.273  21.368 0.1000000015
140876  40.984  1.209  20.251 0.1000000015
93574  42.830  0.486  18.849 0.1000000015
97358  44.735  4.783  21.047 0.1000000015
94280  47.203  1.995  23.064 0.1000000015
94279  47.903  1.857  23.076 0.1000000015
95084  46.563  2.413  23.066 0.1000000015
120699  34.817  1.100  16.340 0.1000000015
94383  34.290  1.079  16.916 0.1000000015
144799  33.967  0.617  17.010 0.1000000015
92816  34.414  0.025  16.706 0.1000000015
94399  40.943  1.468  16.372 0.2000000030
94380  38.705  1.628  17.044 0.2000000030
92809  33.435  -0.183  17.529 0.1000000015
93593  33.383  0.392  17.412 0.1000000015
93590  43.340  0.638  18.036 0.1000000015
91994  29.810  -0.700  20.974 0.1000000015
92776  29.350  -0.272  21.434 0.1000000015
93551  29.874  0.117  20.943 0.1000000015
92784  30.337  -0.325  20.442 0.1000000015
93521  28.110  0.106  22.475 0.1000000015
92767  28.198  -0.594  22.300 0.1000000015
92766  50.069  -0.994  22.824 0.1000000015
92006  30.859  -0.754  20.011 0.1000000015
93520  28.430  0.889  22.492 0.1000000015
92799  32.323  -0.244  18.430 0.1000000015
94330  30.701  1.369  20.700 0.1000000015
93515  27.000  1.049  23.136 0.1000000015
93564  31.947  0.755  18.905 0.1000000015
93566  30.864  0.070  19.911 0.1000000015
91974  50.072  -1.680  22.338 0.1000000015
92762  49.843  -0.676  23.492 0.1000000015
95068  53.074  3.251  24.663 0.1000000015
95087  29.674  2.083  21.929 0.1000000015
131867  29.470  3.667  22.537 0.1000000015
95074  28.403  2.515  23.075 0.1000000015
95868  27.308  3.288  23.546 0.1000000015
94281  27.949  2.002  23.207 0.1000000015
94329  31.331  1.767  20.189 0.1000000015
94314  29.590  1.291  21.671 0.1000000015
95076  26.832  2.534  23.506 0.1000000015
119809  41.326  1.104  17.156 0.1000000015
128151  32.807  1.948  19.219 0.1000000015
95129  32.068  2.154  19.705 0.1000000015
130653  31.591  2.474  20.317 0.1000000015
93577  32.840  0.533  17.937 0.1000000015
89504  47.384  -4.386  24.581 0.1000000015
90360  48.969  -3.552  23.283 0.1000000015
89513  48.453  -3.967  23.763 0.1000000015
128174  48.060  -4.289  24.199 0.1000000015
89505  46.560  -4.160  24.875 0.1000000015
89493  44.638  -4.543  25.637 0.1000000015
87655  45.042  -6.425  26.618 0.1000000015
90370  48.844  -2.847  23.079 0.1000000015
91203  47.884  -2.755  23.999 0.1000000015
91199  46.823  -2.955  24.762 0.1000000015
91188  46.206  -2.719  25.242 0.1000000015
89486  41.469  -4.954  26.619 0.1000000015
91970  49.119  -1.145  23.675 0.1000000015
127672  44.823  -2.219  25.525 0.1000000015
137906  47.185  -0.715  25.468 0.1000000015
91960  43.632  -1.613  25.444 0.1000000015
95052  52.425  3.136  26.210 0.1000000015
95110  40.461  2.405  20.687 0.1000000015
130855  39.888  2.969  20.722 0.1000000015
95112  39.004  2.222  20.360 0.1000000015
93563  40.959  0.865  19.722 0.1000000015
96641  37.627  4.052  20.634 0.1000000015
95877  29.918  4.217  22.256 0.1000000015
130489  25.973  2.564  23.476 0.1000000015
94328  38.911  1.739  20.080 0.1000000015
133577  38.203  2.195  20.211 0.1000000015
140108  38.284  1.721  19.758 0.1000000015
97372  36.409  4.897  20.504 0.1000000015
96643  35.936  4.118  20.588 0.1000000015
124139  35.451  4.853  20.515 0.1000000015
139382  34.563  4.813  20.471 0.1000000015
97374  34.027  5.447  20.291 0.1000000015
96646  32.384  4.637  20.571 0.1000000015
95904  31.873  3.730  20.688 0.1000000015
94378  40.241  0.914  18.260 0.1000000015
94341  38.788  1.427  19.348 0.1000000015
95113  37.457  2.394  20.189 0.1000000015
95116  35.137  2.915  20.061 0.1000000015
95902  33.375  3.543  20.124 0.1000000015
95089  25.410  1.980  23.170 0.1000000015
121285  40.366  1.211  17.183 0.1000000015
95125  36.261  2.384  19.854 0.1000000015
95124  36.943  2.279  19.965 0.1000000015
96617  24.662  4.166  23.280 0.1000000015
94361  37.135  1.683  18.734 0.1000000015
138461  37.663  1.599  18.179 0.1000000015
122686  41.928  -5.600  26.865 0.1000000015
92745  48.506  -0.533  25.268 0.1000000015
120921  47.989  0.024  25.630 0.1000000015
130599  43.984  -0.929  25.389 0.1000000015
133632  48.670  1.474  26.186 0.1000000015
130597  45.893  0.230  25.460 0.1000000015
93502  45.604  0.896  25.461 0.1000000015
92750  43.427  -0.163  25.375 0.1000000015
132640  41.942  0.543  25.563 0.1000000015
95063  51.643  3.410  25.385 0.1000000015
97368  39.836  4.809  20.440 0.1000000015
97386  37.470  5.902  19.876 0.1000000015
98054  36.601  6.476  19.434 0.1000000015
97350  30.088  5.894  22.105 0.1000000015
98765  33.281  7.830  20.287 0.1000000015
98766  32.614  7.452  20.505 0.1000000015
98767  31.971  7.032  20.745 0.1000000015
98031  30.764  6.314  21.564 0.1000000015
122876  25.628  5.963  23.579 0.1000000015
133005  24.956  4.783  23.463 0.1000000015
91964  39.646  -1.084  25.797 0.1000000015
93507  40.229  0.303  25.797 0.1000000015
132398  50.870  3.773  27.060 0.1000000015
95034  44.715  2.854  26.043 0.1000000015
95860  51.190  3.969  25.882 0.1000000015
95071  48.599  2.350  23.588 0.1000000015
96630  42.259  3.700  21.061 0.1000000015
97383  40.205  5.536  20.023 0.1000000015
98053  37.401  6.770  19.090 0.1000000015
98790  35.855  7.817  18.759 0.1000000015
120827  37.094  8.773  18.024 0.1000000015
99499  35.947  8.787  18.733 0.1000000015
100176  34.401  9.558  20.039 0.1000000015
99488  34.648  8.512  19.670 0.1000000015
99480  34.051  8.842  20.187 0.1000000015
86795  46.519  -7.993  28.199 0.1000000015
130287  44.792  -8.018  28.477 0.1000000015
86812  43.220  -7.159  28.274 0.1000000015
88572  40.937  -5.255  28.389 0.1000000015
91173  37.685  -2.475  27.857 0.1000000015
133146  37.992  -0.234  26.474 0.1000000015
95030  48.939  3.110  26.611 0.1000000015
143773  43.713  1.864  25.657 0.1000000015
94269  42.667  1.597  25.672 0.1000000015
94271  41.275  1.217  25.793 0.1000000015
94253  39.729  1.678  26.357 0.1000000015
95834  44.176  3.550  26.194 0.1000000015
95036  42.807  2.776  26.105 0.1000000015
94252  40.743  1.967  26.247 0.1000000015
96574  50.725  4.744  27.063 0.1000000015
95861  50.051  3.849  25.272 0.1000000015
95863  48.300  3.961  24.403 0.1000000015
95073  47.109  2.656  23.434 0.1000000015
137249  39.189  7.486  18.331 0.1000000015
99511  38.516  8.651  17.535 0.1000000015
100888  36.027  11.004  19.028 0.1000000015
100877  35.426  10.487  19.405 0.1000000015
101595  35.416  11.397  19.455 0.1000000015
100204  37.836  9.834  17.687 0.1000000015
100886  37.279  10.336  18.081 0.1000000015
101602  37.242  11.234  18.244 0.1000000015
101603  36.569  11.570  18.678 0.1000000015
86781  43.503  -7.669  29.604 0.1000000015
87608  43.084  -6.989  29.947 0.1000000015
87609  42.466  -6.444  29.233 0.1000000015
88571  41.475  -5.643  28.597 0.1000000015
96577  46.601  4.700  26.467 0.1000000015
96575  50.343  5.204  27.021 0.1000000015
97303  46.155  5.010  26.288 0.1000000015
96580  43.704  4.120  26.141 0.1000000015
95854  49.929  4.810  25.747 0.1000000015
96583  41.235  3.877  26.125 0.1000000015
95855  39.984  3.710  26.083 0.1000000015
95841  37.587  3.227  26.392 0.1000000015
95865  47.521  3.470  23.856 0.1000000015
97366  42.505  5.189  20.171 0.1000000015
98787  40.841  7.353  18.319 0.1000000015
132839  39.311  8.545  17.439 0.1000000015
100216  39.883  9.798  16.739 0.1000000015
137538  38.445  10.118  17.473 0.1000000015
100895  38.857  10.711  17.362 0.1000000015
101613  38.584  11.603  17.542 0.1000000015
102291  37.623  12.566  18.150 0.1000000015
102926  37.081  12.934  18.498 0.1000000015
91158  39.574  -2.767  29.277 0.1000000015
97312  49.229  6.103  26.208 0.1000000015
97302  47.130  5.382  26.401 0.1000000015
97301  48.338  5.846  26.519 0.1000000015
122613  45.365  5.470  25.500 0.1000000015
97316  44.538  5.110  25.569 0.1000000015
97319  41.969  5.069  25.184 0.1000000015
97318  42.841  5.070  25.246 0.1000000015
96602  38.500  4.655  25.497 0.1000000015
95858  37.123  3.983  26.030 0.1000000015
96612  46.513  4.044  23.094 0.1000000015
125497  42.773  5.742  19.625 0.1000000015
89458  43.458  -4.570  30.485 0.1000000015
122631  38.806  -2.420  29.202 0.1000000015
95844  34.480  3.702  26.874 0.1000000015
130164  43.763  6.036  24.462 0.1000000015
97320  40.579  4.797  25.381 0.1000000015
96586  34.239  4.505  26.584 0.1000000015
97333  41.558  5.610  24.705 0.1000000015
98012  42.581  6.772  23.711 0.1000000015
97999  41.146  6.072  24.330 0.1000000015
97336  38.660  5.769  24.642 0.1000000015
98000  40.371  6.324  24.119 0.1000000015
98064  42.390  6.772  18.719 0.1000000015
102306  43.212  12.239  15.415 0.1000000015
102960  44.202  13.940  15.089 0.1000000015
142010  35.951  0.800  30.085 0.1000000015
95009  33.824  3.080  28.783 0.1000000015
95821  33.522  3.732  28.124 0.1000000015
98008  49.332  7.286  24.290 0.1000000015
97995  47.630  7.096  24.919 0.1000000015
96568  33.145  4.651  27.757 0.1000000015
98731  48.777  8.116  23.981 0.1000000015
98009  45.600  7.324  23.647 0.1000000015
97363  46.223  5.843  20.757 0.1000000015
98750  41.659  7.827  22.724 0.1000000015
98014  39.586  7.139  23.479 0.1000000015
98003  38.063  6.904  23.862 0.1000000015
98005  35.698  6.684  24.746 0.1000000015
97381  43.771  5.816  19.547 0.1000000015
104385  45.722  15.076  15.707 0.1000000015
95006  34.984  2.484  30.047 0.1000000015
121338  49.448  8.302  22.207 0.1000000015
141428  46.248  8.377  22.573 0.1000000015
130067  45.243  8.278  22.457 0.1000000015
98035  45.808  6.074  19.970 0.1000000015
99455  44.117  8.194  22.350 0.1000000015
98749  42.624  7.771  22.797 0.1000000015
98726  37.143  7.422  23.850 0.1000000015
98046  44.476  6.198  19.258 0.1000000015
135827  47.323  15.339  15.727 0.1000000015
102972  45.535  13.558  14.404 0.1000000015
102315  44.667  12.616  14.604 0.1000000015
98028  49.087  7.580  21.077 0.1000000015
96558  34.132  4.399  29.510 0.1000000015
98698  33.153  7.202  28.566 0.1000000015
135809  48.246  8.913  22.276 0.1000000015
98782  46.618  7.376  18.340 0.1000000015
142016  44.916  7.484  17.981 0.1000000015
99468  47.456  9.042  21.674 0.1000000015
99457  42.235  8.268  22.182 0.1000000015
98751  40.853  8.275  22.326 0.1000000015
99459  39.408  8.594  22.522 0.1000000015
100134  34.737  8.959  24.739 0.1000000015
98783  44.596  7.157  18.317 0.1000000015
100173  43.513  9.614  20.340 0.1000000015
100158  42.204  9.251  20.969 0.1000000015
99444  37.446  8.697  23.422 0.1000000015
99443  38.153  9.036  22.963 0.1000000015
99506  43.837  8.405  17.096 0.1000000015
99505  44.773  8.393  17.126 0.1000000015
100184  47.465  9.646  19.437 0.1000000015
100175  41.747  9.993  20.614 0.1000000015
100160  40.625  9.555  21.398 0.1000000015
100146  39.346  9.371  22.229 0.1000000015
99519  44.237  8.970  16.431 0.1000000015
100875  43.445  10.869  19.397 0.1000000015
100866  41.366  10.821  20.569 0.1000000015
100858  40.397  10.360  21.333 0.1000000015
100841  34.951  9.896  24.771 0.1000000015
100832  33.679  10.001  25.682 0.1000000015
101644  45.705  11.270  14.174 0.1000000015
129979  44.957  9.321  15.918 0.1000000015
100224  44.653  9.712  15.297 0.1000000015
100920  46.030  10.343  14.274 0.1000000015
100223  45.593  9.569  15.281 0.1000000015
100225  43.866  9.872  15.444 0.1000000015
101578  39.735  11.042  22.050 0.1000000015
101569  38.870  10.965  22.993 0.1000000015
102323  47.184  12.418  13.498 0.1000000015
102324  46.109  12.923  13.900 0.1000000015
102314  45.475  12.280  14.227 0.1000000015
103678  46.767  14.147  14.424 0.1000000015
99517  46.489  8.767  16.655 0.1000000015
100884  45.901  10.570  18.320 0.1000000015
101585  41.787  11.523  20.227 0.1000000015
100222  46.788  9.447  15.384 0.1000000015
100210  45.985  9.217  16.029 0.1000000015
100867  40.763  10.853  20.965 0.1000000015
100839  36.801  10.904  24.229 0.1000000015
100831  34.386  10.442  25.251 0.1000000015
100231  47.651  9.701  14.635 0.1000000015
100919  47.192  10.076  14.050 0.1000000015
102265  41.728  12.218  20.556 0.1000000015
101567  40.043  11.658  22.336 0.1000000015
101561  39.113  11.664  23.292 0.1000000015
102899  41.840  12.981  22.130 0.1000000015
102246  41.168  12.706  22.442 0.1000000015
102247  40.475  12.359  22.778 0.1000000015
102242  39.216  12.472  23.513 0.1000000015
102233  37.042  12.883  24.210 0.1000000015
102884  41.013  13.746  23.035 0.1000000015
102885  40.309  13.483  23.285 0.1000000015
102887  37.843  13.157  23.875 0.1000000015
102876  36.278  13.451  24.264 0.1000000015
104318  41.827  14.711  22.672 0.1000000015
102890  42.846  13.748  22.283 0.1000000015
103579  42.325  13.943  22.570 0.1000000015
120996  39.415  14.849  23.205 0.1000000015
124007  38.994  14.071  23.468 0.1000000015
105035  41.269  15.534  22.707 0.1000000015
101521  33.903  12.147  29.169 0.1000000015
101599  45.371  11.346  17.954 0.1000000015
101601  43.776  12.214  18.789 0.1000000015
102288  44.963  12.949  17.773 0.1000000015
103628  44.904  14.035  18.832 0.1000000015
102915  44.185  13.714  19.228 0.1000000015
102272  43.157  12.640  19.346 0.1000000015
102907  43.149  13.605  20.541 0.1000000015
102908  42.492  13.222  20.859 0.1000000015
101611  45.036  12.214  17.755 0.1000000015
102859  32.590  13.706  27.544 0.1000000015
103626  46.581  14.401  18.407 0.1000000015
102305  48.699  12.108  14.881 0.1000000015
78742  43.981  -16.062  9.855 0.1000000015
79643  43.695  -15.315  9.549 0.1000000015
79642  44.532  -15.585  9.366 0.1000000015
80549  44.234  -14.850  9.081 0.1000000015
80558  45.557  -14.569  8.254 0.1000000015
79670  47.537  -15.293  5.950 0.1000000015
121675  43.972  -14.247  8.760 0.1000000015
80559  44.682  -14.367  8.524 0.1000000015
79653  45.903  -15.334  8.467 0.1000000015
80570  45.177  -13.819  7.926 0.1000000015
79663  46.363  -14.831  7.883 0.1000000015
80569  46.000  -14.136  7.618 0.1000000015
80579  47.322  -14.548  6.406 0.1000000015
81534  44.771  -13.014  7.534 0.1000000015
82496  44.396  -12.161  7.180 0.1000000015
81543  46.091  -12.660  6.328 0.1000000015
81533  45.768  -13.353  7.179 0.1000000015
82518  46.006  -11.907  5.936 0.1000000015
82495  45.217  -12.475  6.849 0.1000000015
142591  47.482  -15.795  5.539 0.1000000015
82508  45.479  -11.927  6.280 0.1000000015
79654  45.038  -15.095  8.816 0.1000000015
81522  44.178  -13.565  8.248 0.1000000015
81532  46.316  -13.878  7.165 0.1000000015
81542  46.677  -13.685  6.561 0.1000000015
65971  42.183  -30.878  31.988 0.2000000030
65998  40.876  -30.001  29.696 0.1000000015
66874  47.062  -28.861  35.953 0.1000000015
66901  40.273  -30.074  33.008 0.2000000030
66924  43.686  -29.514  30.912 0.2000000030
66935  39.382  -29.869  30.178 0.1000000015
66945  41.366  -29.461  29.333 0.1000000015
67841  33.742  -28.335  28.721 0.2000000030
67861  35.722  -28.748  27.542 0.2000000030
68698  31.684  -27.429  28.626 0.2000000030
68703  38.576  -27.655  27.193 0.1000000015
68705  34.458  -28.207  26.929 0.2000000030
68715  33.790  -27.587  26.631 0.2000000030
69541  37.411  -26.595  33.636 0.1000000015
69551  34.503  -26.229  32.483 0.1000000015
69562  35.225  -27.123  32.020 0.1000000015
69563  34.573  -26.826  31.948 0.1000000015
69564  33.331  -26.619  31.422 0.1000000015
69578  43.583  -26.908  30.024 0.1000000015
69579  32.716  -26.850  30.830 0.1000000015
69580  31.373  -26.615  30.303 0.1000000015
69592  30.869  -26.650  29.680 0.2000000030
69600  29.772  -26.097  28.553 0.2000000030
69616  35.217  -26.639  26.318 0.2000000030
69618  33.350  -26.985  26.315 0.2000000030
69620  31.569  -26.558  26.511 0.2000000030
70481  36.222  -25.821  33.747 0.1000000015
70494  29.917  -25.207  32.066 0.1000000015
70502  29.345  -25.485  30.752 0.1000000015
70527  28.646  -25.288  29.261 0.2000000030
70538  29.270  -25.679  28.089 0.2000000030
70562  31.208  -25.917  26.064 0.2000000030
70564  29.359  -25.341  26.864 0.2000000030
70573  33.390  -25.781  25.609 0.2000000030
70637  51.623  -25.139  17.071 0.1000000015
70650  54.750  -25.481  15.546 0.1000000015
70652  52.264  -25.525  15.823 0.1000000015
71401  33.631  -24.421  34.471 0.1000000015
71438  28.204  -24.832  30.328 0.1000000015
71456  27.747  -24.408  28.186 0.1000000015
71461  39.270  -24.211  27.687 0.1000000015
71473  30.152  -25.032  25.904 0.2000000030
71476  28.012  -24.174  26.838 0.2000000030
71484  31.708  -24.652  24.949 0.2000000030
71487  29.035  -24.329  26.022 0.2000000030
71498  33.615  -24.404  24.659 0.2000000030
71535  51.317  -24.396  18.129 0.1000000015
71545  54.047  -24.128  17.219 0.1000000015
71548  50.329  -24.706  17.426 0.1000000015
71557  50.132  -24.809  16.669 0.1000000015
71558  49.553  -24.287  16.458 0.1000000015
71581  51.318  -24.793  14.823 0.1000000015
71594  53.276  -24.486  13.733 0.1000000015
72361  42.805  -23.555  30.096 0.1000000015
72374  26.880  -23.709  29.024 0.1000000015
72393  37.402  -23.665  26.146 0.1000000015
72404  29.000  -23.700  25.613 0.2000000030
72417  32.388  -23.692  24.151 0.2000000030
72427  32.120  -23.022  23.776 0.2000000030
72446  50.895  -23.420  19.089 0.1000000015
72448  49.004  -23.072  18.889 0.1000000015
72456  50.250  -23.896  18.560 0.1000000015
72457  49.355  -23.860  17.823 0.1000000015
72468  49.053  -23.584  17.267 0.1000000015
72508  55.119  -24.045  12.996 0.1000000015
72527  52.321  -23.381  12.650 0.1000000015
73257  55.576  -22.715  29.821 0.2000000030
73289  40.576  -22.214  27.855 0.1000000015
73292  26.666  -22.888  27.925 0.2000000030
73298  27.276  -22.448  26.684 0.2000000030
73309  28.996  -22.883  25.164 0.2000000030
73324  29.557  -22.403  24.641 0.2000000030
73335  32.280  -22.384  23.441 0.2000000030
73337  30.766  -21.929  23.856 0.2000000030
73363  36.533  -22.174  21.829 0.1000000015
73369  48.927  -22.019  19.985 0.1000000015
73379  48.553  -21.672  19.413 0.1000000015
73389  48.625  -22.589  18.478 0.1000000015
73485  52.922  -22.206  7.644 0.1000000015
74154  30.590  -21.661  36.161 0.1000000015
74202  46.096  -21.919  30.023 0.2000000030
74249  52.782  -21.109  26.160 0.1000000015
74266  56.126  -21.442  25.525 0.1000000015
74278  40.473  -21.589  25.536 0.1000000015
74287  52.296  -21.488  24.517 0.1000000015
74288  51.637  -21.296  24.183 0.1000000015
74289  51.150  -21.037  23.844 0.2000000030
74313  32.492  -21.566  23.007 0.2000000030
74327  50.218  -21.116  22.506 0.2000000030
74343  52.234  -21.722  21.430 0.1000000015
74387  49.050  -21.527  16.646 0.1000000015
74388  48.697  -22.191  17.127 0.1000000015
74434  53.732  -21.093  10.073 0.1000000015
75118  47.810  -20.853  26.265 0.3000000119
75120  27.508  -21.035  26.963 0.2000000030
75134  48.085  -20.295  25.181 0.3000000119
75150  45.661  -20.393  23.922 0.3000000119
75155  31.366  -20.468  23.390 0.3000000119
75201  48.698  -20.403  19.066 0.1000000015
75210  48.644  -21.228  17.888 0.1000000015
75906  34.562  -19.347  31.086 0.2000000030
75908  33.421  -19.428  31.128 0.2000000030
75920  34.009  -19.482  30.834 0.2000000030
75921  33.406  -19.431  30.725 0.2000000030
75923  31.714  -19.617  30.181 0.2000000030
75937  31.841  -19.787  30.029 0.2000000030
76018  49.812  -19.711  22.341 0.2000000030
76044  50.540  -19.630  16.155 0.2000000030
76077  48.597  -20.040  12.137 0.1000000015
76707  37.993  -18.034  33.186 0.2000000030
76726  36.553  -18.627  31.903 0.2000000030
76727  35.258  -18.968  31.421 0.2000000030
76742  51.655  -17.918  30.707 0.3000000119
76747  32.300  -19.390  30.458 0.1000000015
76749  30.991  -19.120  30.220 0.2000000030
76764  33.174  -19.285  29.831 0.1000000015
76766  30.309  -18.826  29.975 0.2000000030
76931  48.633  -18.584  9.608 0.1000000015
77561  39.649  -17.331  35.750 0.2000000030
77570  42.305  -17.274  35.923 0.2000000030
77571  41.775  -17.280  36.021 0.2000000030
77572  41.069  -17.442  35.730 0.2000000030
77573  40.311  -17.625  35.425 0.2000000030
77592  41.454  -17.575  34.977 0.2000000030
77595  38.627  -17.815  33.615 0.2000000030
77601  38.853  -17.725  33.444 0.2000000030
77631  35.107  -18.958  30.732 0.2000000030
77655  32.638  -17.721  28.573 0.2000000030
77719  46.607  -17.394  22.619 0.3000000119
77826  49.560  -17.920  11.286 0.1000000015
77887  48.765  -17.241  3.260 0.1000000015
78468  40.156  -16.925  36.076 0.2000000030
78469  38.890  -16.760  36.129 0.2000000030
78470  37.940  -16.196  36.411 0.1000000015
78476  43.241  -16.623  35.769 0.1000000015
78479  38.975  -17.261  35.676 0.2000000030
78504  37.815  -17.778  32.496 0.2000000030
78507  34.123  -16.576  32.023 0.1000000015
78519  32.954  -16.856  31.311 0.1000000015
78532  31.359  -16.624  30.509 0.2000000030
78533  30.915  -17.184  30.338 0.2000000030
78615  34.123  -16.731  22.562 0.3000000119
78762  49.711  -16.764  6.560 0.1000000015
79383  43.760  -16.236  35.771 0.1000000015
79384  43.147  -16.607  35.886 0.1000000015
79387  39.098  -15.928  36.248 0.2000000030
79388  36.782  -15.636  36.194 0.1000000015
79404  41.862  -16.759  34.155 0.2000000030
79424  33.821  -15.558  31.948 0.1000000015
79468  55.219  -14.755  26.174 0.3000000119
79495  32.542  -15.566  24.810 0.3000000119
79497  54.935  -14.555  23.882 0.3000000119
79606  45.861  -15.114  13.111 0.4000000060
79613  56.999  -14.626  12.464 0.5000000000
79685  50.655  -15.349  4.444 0.2000000030
79686  49.344  -15.468  3.662 0.1000000015
79696  48.195  -16.184  3.251 0.1000000015
80291  36.667  -15.262  36.902 0.1000000015
80314  41.687  -15.093  32.599 0.2000000030
80327  42.605  -14.215  31.995 0.2000000030
80390  55.175  -14.474  25.769 0.3000000119
80392  54.023  -14.234  25.939 0.3000000119
80408  50.668  -14.574  23.060 0.3000000119
80414  54.950  -13.976  21.903 0.3000000119
80445  38.153  -14.803  19.398 0.4000000060
80481  56.867  -14.194  14.211 0.4000000060
80494  57.018  -14.247  13.386 0.4000000060
80531  57.315  -14.018  10.948 0.5000000000
80568  46.750  -14.462  7.162 0.1000000015
80575  53.720  -14.271  6.657 0.4000000060
81136  39.587  -14.028  43.251 0.1000000015
81138  38.187  -13.935  42.621 0.1000000015
81139  37.324  -13.926  42.368 0.1000000015
81147  39.841  -14.148  43.255 0.1000000015
81148  38.632  -13.971  42.686 0.1000000015
81166  37.161  -14.339  41.672 0.1000000015
81167  36.614  -14.241  41.145 0.1000000015
81185  36.088  -14.425  39.474 0.1000000015
81221  46.935  -14.327  35.637 0.1000000015
81248  45.648  -13.811  32.670 0.1000000015
81273  31.716  -13.079  31.271 0.1000000015
81295  29.357  -13.573  30.418 0.1000000015
81300  44.405  -13.395  29.430 0.1000000015
81332  39.309  -13.226  27.320 0.2000000030
81388  49.496  -13.587  20.772 0.3000000119
81398  39.231  -13.099  19.182 0.4000000060
81507  57.097  -13.373  9.814 0.4000000060
81520  57.155  -12.966  9.120 0.5000000000
81521  56.745  -13.419  8.719 0.5000000000
82179  42.579  -13.437  42.719 0.1000000015
82180  42.099  -14.152  43.205 0.1000000015
82181  40.963  -14.495  43.367 0.1000000015
82184  37.140  -13.187  42.438 0.1000000015
82203  35.567  -13.231  40.806 0.1000000015
82244  33.485  -12.019  36.915 0.1000000015
82298  32.636  -12.225  32.415 0.1000000015
82339  45.317  -12.551  28.279 0.1000000015
82509  44.830  -11.711  6.559 0.2000000030
82513  50.374  -12.748  5.811 0.3000000119
83160  40.432  -13.619  43.303 0.1000000015
83161  39.301  -13.301  43.189 0.1000000015
83258  50.878  -11.002  34.332 0.2000000030
83259  50.550  -11.363  34.966 0.1000000015
83292  50.414  -11.630  33.281 0.2000000030
83301  31.393  -11.546  32.149 0.1000000015
83478  57.335  -11.060  8.261 0.6000000238
83487  57.478  -10.847  7.928 0.6000000238
83492  52.006  -10.991  7.723 0.6999999881
83498  56.983  -10.605  7.354 0.6000000238
83506  49.024  -10.928  6.335 0.3000000119
83512  46.373  -11.367  5.709 0.2000000030
84098  39.069  -11.072  41.628 0.1000000015
84195  51.171  -10.493  33.417 0.2000000030
84212  52.115  -10.290  32.137 0.2000000030
84219  52.372  -9.967  31.828 0.2000000030
84233  51.154  -10.270  29.468 0.2000000030
84249  43.945  -11.236  27.067 0.2000000030
84255  48.301  -10.094  26.929 0.2000000030
84368  42.536  -10.334  11.655 0.1000000015
84377  42.946  -10.042  10.577 0.1000000015
84397  40.868  -10.663  9.205 0.1000000015
84426  45.271  -10.501  5.767 0.2000000030
85061  50.863  -9.753  33.170 0.1000000015
85080  51.929  -9.565  32.253 0.2000000030
85139  47.433  -9.187  25.716 0.5000000000
85211  41.173  -9.129  14.236 0.1000000015
85237  44.143  -9.347  10.453 0.1000000015
85251  43.968  -9.128  8.344 0.1000000015
85258  56.712  -9.047  7.185 0.5000000000
85274  44.267  -9.412  6.276 0.2000000030
85275  43.668  -9.558  6.811 0.2000000030
85926  51.080  -8.574  30.938 0.2000000030
85933  53.524  -8.211  29.958 0.2000000030
85934  52.481  -7.960  30.492 0.1000000015
85947  53.800  -7.828  28.933 0.3000000119
85950  48.748  -8.201  29.087 0.1000000015
85992  43.694  -7.970  24.042 0.3000000119
86049  39.069  -8.057  16.258 0.1000000015
86051  37.705  -8.901  16.863 0.1000000015
86078  44.982  -8.204  11.955 0.1000000015
86080  43.862  -8.877  12.610 0.1000000015
86088  44.625  -8.767  11.608 0.2000000030
86113  56.704  -8.121  7.000 0.5000000000
86777  52.964  -7.492  29.943 0.2000000030
86780  44.006  -8.071  29.396 0.1000000015
86797  44.202  -7.963  28.791 0.1000000015
86804  54.028  -7.283  28.312 0.3000000119
86810  45.097  -7.585  27.779 0.1000000015
86914  42.576  -7.544  13.774 0.1000000015
86954  45.925  -7.855  8.599 0.3000000119
86958  56.587  -7.581  6.967 0.5000000000
86961  46.361  -7.276  7.089 0.2000000030
86975  55.656  -6.376  5.899 0.5000000000
86988  47.272  -6.526  4.653 0.3000000119
86990  46.322  -6.859  5.008 0.3000000119
87605  42.755  -6.255  29.912 0.1000000015
87607  53.843  -7.357  29.129 0.2000000030
87620  42.536  -6.658  28.463 0.1000000015
87626  54.346  -6.228  27.606 0.3000000119
87633  46.537  -6.959  27.060 0.1000000015
87649  51.257  -6.109  27.399 0.3000000119
87660  55.030  -6.041  25.611 0.4000000060
87773  44.324  -7.057  12.913 0.3000000119
87787  45.965  -6.775  11.344 0.3000000119
87792  46.749  -6.677  10.388 0.3000000119
87818  56.191  -6.891  6.674 0.5000000000
87819  55.700  -5.955  6.264 0.5000000000
87821  46.494  -6.562  5.361 0.3000000119
87840  48.401  -5.555  4.657 0.4000000060
88560  44.377  -5.390  31.031 0.1000000015
88565  41.873  -5.776  29.105 0.1000000015
88579  42.346  -6.152  27.222 0.1000000015
88581  40.386  -4.773  27.489 0.1000000015
88600  41.193  -5.420  27.293 0.1000000015
88610  46.009  -5.192  25.561 0.1000000015
88733  55.207  -4.886  13.516 0.8999999762
88749  44.917  -5.936  12.361 0.3000000119
88788  55.256  -5.393  6.140 0.5000000000
88798  54.736  -4.986  6.048 0.5000000000
88816  47.610  -5.458  4.745 0.3000000119
89447  44.827  -4.804  31.077 0.1000000015
89459  42.525  -4.924  30.095 0.1000000015
89463  41.348  -5.128  29.126 0.1000000015
89470  40.277  -4.695  28.156 0.1000000015
89495  42.764  -4.303  25.873 0.1000000015
89591  55.146  -3.823  12.590 0.8999999762
89608  44.274  -3.989  11.712 0.5000000000
90316  43.685  -3.567  30.487 0.1000000015
90321  40.712  -3.799  29.392 0.1000000015
90328  40.083  -4.109  28.723 0.1000000015
90330  38.799  -3.349  28.193 0.1000000015
90336  38.734  -3.362  27.793 0.1000000015
90346  40.038  -3.612  26.521 0.1000000015
90348  38.853  -3.168  27.220 0.1000000015
90349  45.851  -3.988  25.218 0.1000000015
90354  41.554  -3.621  25.932 0.1000000015
90362  47.601  -3.204  24.180 0.1000000015
90471  44.782  -3.000  10.782 0.5000000000
90494  49.421  -2.843  7.241 0.5000000000
90508  51.551  -3.090  5.526 0.5000000000
91154  42.108  -2.436  30.313 0.1000000015
91166  38.764  -2.927  28.693 0.1000000015
91245  56.885  -2.224  17.954 0.6000000238
91252  57.206  -1.497  18.041 0.5000000000
91266  51.182  -2.814  17.205 0.6000000238
91271  40.304  -3.036  16.159 0.3000000119
91278  48.709  -2.374  16.069 0.6999999881
91279  48.007  -2.224  15.733 0.6999999881
91282  40.701  -2.788  15.531 0.3000000119
91291  46.682  -2.261  14.815 0.8000000119
91307  42.134  -2.689  13.243 0.4000000060
91357  52.458  -1.865  6.699 0.5000000000
91363  52.648  -1.739  6.064 0.5000000000
91371  51.824  -1.641  5.648 0.5000000000
91372  50.425  -2.519  5.820 0.4000000060
91910  46.726  -1.252  31.325 0.1000000015
91912  44.867  -1.306  31.105 0.1000000015
91925  42.458  -1.684  30.583 0.1000000015
91929  39.032  -1.174  29.917 0.1000000015
91933  38.439  -1.863  29.422 0.1000000015
91944  36.470  -1.231  27.968 0.1000000015
91952  39.136  -1.875  26.237 0.1000000015
91954  37.621  -1.949  27.282 0.1000000015
91956  47.351  -1.433  25.254 0.1000000015
92010  57.171  -0.866  17.834 0.5000000000
92040  47.249  -1.448  15.642 0.6999999881
92049  46.101  -1.993  14.825 0.8000000119
92050  45.531  -1.616  14.457 0.6999999881
92101  52.859  -0.085  9.108 0.8000000119
92116  52.466  -0.434  6.783 0.6000000238
92124  51.074  -0.567  6.040 0.6000000238
92715  36.818  -0.284  29.922 0.1000000015
92719  36.397  -0.702  29.257 0.1000000015
92743  36.737  0.214  26.941 0.1000000015
92757  49.330  -0.174  25.181 0.1000000015
92829  45.653  -0.788  14.811 0.8000000119
92830  44.620  -0.658  13.780 0.6000000238
92860  53.251  0.046  10.023 0.8999999762
92861  52.767  0.168  10.168 0.8999999762
92862  51.709  0.080  10.429 0.8999999762
92871  49.575  -0.375  9.320 0.6000000238
92884  51.062  0.465  7.309 0.6999999881
92885  50.162  -0.147  7.682 0.6999999881
92889  52.375  -0.011  6.372 0.6000000238
92894  52.309  -0.294  5.918 0.6000000238
92895  51.841  -0.079  5.876 0.6000000238
93468  40.133  0.182  30.823 0.1000000015
93471  37.527  0.290  30.426 0.1000000015
93472  35.553  0.860  29.654 0.1000000015
93480  35.266  0.671  28.479 0.1000000015
93505  42.679  0.981  25.549 0.1000000015
93506  40.985  0.430  25.666 0.1000000015
93510  51.194  0.615  25.094 0.1000000015
93546  44.132  0.523  20.460 0.2000000030
93557  46.528  0.527  19.614 0.2000000030
93608  46.751  -0.106  15.322 0.6000000238
93609  36.711  0.809  14.829 0.6000000238
93637  41.630  0.614  10.288 0.6000000238
93650  52.423  0.626  8.582 0.8000000119
93653  42.267  1.882  8.248 0.6000000238
93655  52.128  0.911  7.983 0.8000000119
93660  52.271  0.681  7.769 0.8000000119
93664  52.189  0.436  6.931 0.6000000238
94216  37.870  1.962  31.135 0.1000000015
94228  35.093  1.100  29.134 0.1000000015
94245  52.586  2.540  26.116 0.1000000015
94246  52.170  2.188  26.335 0.1000000015
94266  45.878  1.540  25.584 0.1000000015
94268  43.266  1.386  25.578 0.1000000015
94374  44.678  1.002  17.364 0.2000000030
94377  42.175  1.029  17.193 0.1000000015
94406  53.044  2.630  15.281 0.5000000000
94438  45.136  1.975  12.267 0.6000000238
94462  42.672  2.093  8.080 0.6000000238
94464  42.205  2.289  7.912 0.6000000238
94469  42.552  2.350  7.797 0.6000000238
94470  42.432  2.508  7.743 0.6000000238
94990  39.505  2.555  31.694 0.1000000015
95004  36.446  2.312  30.711 0.1000000015
95014  34.259  2.287  28.483 0.1000000015
95019  34.384  2.554  27.753 0.1000000015
95038  40.761  2.838  26.403 0.1000000015
95041  37.570  2.530  26.535 0.1000000015
95043  35.717  2.827  26.720 0.1000000015
95093  54.068  3.730  21.966 0.2000000030
95098  43.481  2.732  21.613 0.2000000030
95099  42.627  2.374  21.390 0.1000000015
95101  40.987  2.696  20.921 0.1000000015
95137  49.791  2.430  17.906 0.2000000030
95141  51.363  3.374  17.717 0.2000000030
95148  53.782  3.128  15.420 0.4000000060
95149  49.924  3.263  16.770 0.2000000030
95180  52.688  3.828  14.506 0.5000000000
95181  52.083  3.839  14.051 0.5000000000
95205  37.716  2.181  13.445 0.4000000060
95206  37.301  2.164  13.691 0.6000000238
95213  39.858  2.942  11.931 0.5000000000
95228  41.720  2.912  8.659 0.6000000238
95235  42.744  2.650  7.755 0.6000000238
95236  42.531  2.935  7.717 0.6000000238
95237  42.090  2.802  7.930 0.6000000238
95799  38.066  3.347  31.430 0.1000000015
95811  35.057  3.489  30.231 0.1000000015
95814  33.845  3.695  29.194 0.1000000015
95829  50.426  4.562  27.138 0.1000000015
95837  41.513  3.289  26.316 0.1000000015
95839  39.463  3.213  26.369 0.1000000015
95843  35.174  3.430  26.677 0.1000000015
95908  53.745  3.569  18.869 0.3000000119
95918  53.116  3.963  18.198 0.3000000119
95924  52.552  3.909  17.404 0.2000000030
95949  50.966  4.619  13.100 0.5000000000
95959  50.425  4.754  12.538 0.5000000000
95960  49.903  5.015  12.088 0.5000000000
95972  48.498  5.073  11.082 0.6000000238
95973  47.558  5.213  10.577 0.6000000238
95984  45.960  4.807  9.707 0.6000000238
95993  42.860  3.538  8.773 0.6000000238
96554  36.486  4.451  30.772 0.1000000015
96559  33.541  4.430  28.970 0.1000000015
96563  33.250  4.501  28.367 0.1000000015
96581  42.813  4.037  26.137 0.1000000015
96601  39.878  4.380  25.616 0.1000000015
96620  30.002  4.982  22.225 0.1000000015
96671  51.413  4.586  13.653 0.5000000000
96686  48.335  5.397  11.092 0.6000000238
96692  46.635  5.032  10.039 0.6000000238
97290  32.652  6.099  27.907 0.1000000015
97315  46.314  5.436  26.030 0.1000000015
97327  33.714  6.265  26.004 0.1000000015
97331  43.342  5.591  24.781 0.1000000015
97337  38.011  6.135  24.425 0.1000000015
97968  34.183  6.160  29.406 0.1000000015
97969  33.446  5.937  28.931 0.1000000015
97972  32.741  6.648  28.199 0.1000000015
97983  32.966  6.308  26.747 0.1000000015
98001  39.538  6.511  23.965 0.1000000015
98002  38.785  6.337  24.206 0.1000000015
98006  34.933  7.172  24.926 0.1000000015
98703  32.514  7.720  27.487 0.1000000015
98718  33.583  7.214  25.752 0.1000000015
98723  49.068  7.762  24.500 0.1000000015
98730  49.142  8.345  23.430 0.1000000015
98738  39.395  7.867  22.953 0.1000000015
98739  37.848  7.618  23.550 0.1000000015
98746  49.469  8.042  23.196 0.1000000015
98759  49.506  8.006  21.450 0.1000000015
98796  42.820  7.833  17.692 0.1000000015
99414  32.513  8.567  27.431 0.1000000015
99421  32.934  8.500  26.155 0.1000000015
99445  36.769  8.270  23.781 0.1000000015
99467  48.577  9.070  21.545 0.1000000015
99508  42.206  8.315  17.294 0.1000000015
100106  33.353  10.079  28.559 0.1000000015
100107  32.831  9.770  28.130 0.1000000015
100133  35.560  9.328  24.424 0.1000000015
100137  37.517  9.507  23.389 0.1000000015
100147  38.689  9.667  22.593 0.1000000015
100226  43.071  9.987  15.651 0.1000000015
100813  34.002  10.292  29.035 0.1000000015
100825  33.192  10.453  26.365 0.1000000015
100851  38.607  10.320  22.810 0.1000000015
100859  39.881  10.582  21.732 0.1000000015
100909  44.380  10.210  14.967 0.1000000015
100932  47.796  10.556  13.686 0.1000000015
101547  34.473  11.351  25.389 0.1000000015
101563  37.970  11.466  23.761 0.1000000015
101610  45.941  11.752  17.269 0.1000000015
101631  43.369  11.292  15.314 0.1000000015
101643  46.748  10.829  13.801 0.1000000015
102194  34.624  12.032  29.550 0.1000000015
102213  32.801  12.252  27.984 0.1000000015
102219  33.053  12.677  26.578 0.1000000015
102220  32.730  12.881  27.369 0.1000000015
102228  33.654  12.484  25.887 0.1000000015
102235  35.290  12.413  24.933 0.1000000015
102248  39.794  11.996  23.068 0.1000000015
102294  47.571  12.084  15.689 0.1000000015
102925  44.558  13.327  18.470 0.1000000015
102970  47.317  13.494  13.835 0.1000000015
102971  46.367  13.570  14.133 0.1000000015
102973  44.741  13.443  14.672 0.1000000015
103551  32.961  14.549  25.511 0.1000000015
103557  35.811  14.979  23.896 0.1000000015
103559  33.758  14.413  24.935 0.1000000015
103666  46.224  14.661  15.085 0.1000000015
104300  38.671  15.508  23.244 0.1000000015
104303  36.241  15.737  23.691 0.1000000015
119701  35.911  -28.749  29.911 0.2000000030
119810  34.974  15.002  24.196 0.1000000015
121071  49.979  5.180  12.352 0.5000000000
121122  42.578  0.673  20.225 0.2000000030
121230  52.387  -13.413  21.424 0.3000000119
121303  35.055  -24.599  34.765 0.1000000015
121645  36.263  -29.119  28.114 0.2000000030
122039  40.322  -21.612  24.918 0.1000000015
122051  38.719  -13.086  28.832 0.2000000030
122641  48.790  8.836  18.498 0.1000000015
122866  38.794  -29.650  29.637 0.1000000015
122918  41.902  -13.563  29.921 0.2000000030
122924  36.115  8.167  24.156 0.1000000015
122946  30.955  -23.733  34.603 0.1000000015
123725  52.728  -17.803  31.529 0.2000000030
123838  43.160  -13.620  29.665 0.1000000015
124542  45.537  -8.961  5.499 0.2000000030
124768  42.775  -5.684  26.596 0.1000000015
124991  53.206  -0.025  9.925 0.8000000119
125420  48.804  -8.550  25.334 0.4000000060
125596  54.782  -10.194  6.393 0.5000000000
125696  55.428  -10.427  6.461 0.5000000000
125706  50.391  -16.496  9.150 0.1000000015
125904  46.080  -1.966  25.477 0.1000000015
126047  43.568  -9.679  11.650 0.1000000015
126190  37.637  -22.540  22.989 0.1000000015
126983  45.094  1.400  16.825 0.3000000119
126986  36.977  12.175  24.325 0.1000000015
127590  38.312  -26.721  27.054 0.2000000030
128216  47.637  -11.090  5.792 0.2000000030
128265  39.304  -17.770  34.257 0.2000000030
128295  40.891  2.367  10.402 0.6000000238
128322  36.900  -13.155  28.163 0.2000000030
128401  43.806  -4.953  12.570 0.3000000119
128940  49.396  -22.296  15.594 0.1000000015
129513  43.144  2.669  8.009 0.6000000238
129534  48.979  -20.885  32.583 0.2000000030
129799  51.834  -17.388  22.566 0.2000000030
129873  50.472  -14.229  22.364 0.3000000119
129987  37.350  5.888  24.673 0.1000000015
130027  30.377  -26.535  28.975 0.2000000030
130063  43.782  6.450  24.092 0.1000000015
130167  45.388  -26.629  31.759 0.2000000030
130306  43.085  13.040  15.469 0.1000000015
131609  30.922  -26.993  28.171 0.2000000030
131795  49.639  -23.401  15.247 0.1000000015
132169  46.288  -9.591  5.478 0.2000000030
132626  40.945  -30.541  34.112 0.1000000015
132642  34.344  -19.846  21.892 0.2000000030
133048  34.592  -15.006  22.447 0.3000000119
133179  49.050  -19.554  20.139 0.1000000015
133533  33.413  -19.295  22.459 0.2000000030
133650  54.503  -16.122  28.140 0.3000000119
134205  49.378  -21.147  21.203 0.1000000015
134227  46.821  7.728  23.685 0.1000000015
134515  44.756  0.637  20.923 0.2000000030
134586  47.032  4.049  26.545 0.1000000015
134670  46.054  15.444  16.189 0.1000000015
134707  48.061  -7.791  5.250 0.3000000119
134994  38.540  11.966  23.695 0.1000000015
135163  52.648  -2.451  5.976 0.5000000000
135312  32.266  -18.706  30.724 0.2000000030
135601  32.845  -11.447  36.880 0.1000000015
135671  34.138  8.994  25.106 0.1000000015
135742  34.896  -13.374  37.029 0.1000000015
135822  36.167  0.034  27.415 0.1000000015
136081  50.360  -18.377  18.623 0.2000000030
136271  36.752  3.881  30.966 0.1000000015
136336  43.773  7.288  23.334 0.1000000015
136352  32.668  6.404  27.354 0.1000000015
136643  43.120  -1.304  30.843 0.1000000015
136981  45.244  7.839  17.652 0.1000000015
137041  46.341  -6.944  10.760 0.3000000119
137112  28.751  -25.136  30.771 0.1000000015
137271  36.015  -0.468  27.915 0.1000000015
137319  48.843  4.996  27.019 0.1000000015
137443  51.691  4.296  15.701 0.4000000060
137937  38.897  -29.629  28.974 0.1000000015
138160  51.088  -14.170  5.024 0.3000000119
138232  29.506  -16.104  29.748 0.1000000015
138255  40.769  -5.231  27.797 0.1000000015
138398  49.654  1.708  20.096 0.2000000030
138553  52.401  -6.125  16.079 0.8999999762
138625  33.319  12.227  28.601 0.1000000015
138689  34.394  3.778  29.721 0.1000000015
138862  43.379  3.109  8.569 0.6000000238
138909  36.376  10.355  24.274 0.1000000015
138940  29.184  -25.651  29.529 0.1000000015
138963  52.699  -14.785  6.413 0.3000000119
139168  54.348  -0.988  11.527 0.8000000119
139238  40.979  -13.982  34.258 0.1000000015
139500  38.983  9.104  17.284 0.1000000015
139765  34.101  -25.215  33.162 0.1000000015
140153  36.401  -0.896  17.247 0.3000000119
140219  34.336  -24.416  34.830 0.1000000015
140452  34.218  2.444  29.089 0.1000000015
140569  38.837  -1.796  16.660 0.2000000030
140752  45.278  -8.327  28.883 0.1000000015
140838  40.162  10.394  16.612 0.1000000015
140951  32.968  9.046  26.146 0.1000000015
140984  43.913  1.601  16.225 0.1000000015
141271  46.635  -6.359  4.884 0.3000000119
141287  52.682  -9.364  29.859 0.2000000030
141513  34.204  -15.163  32.329 0.1000000015
141554  46.466  1.815  16.750 0.3000000119
141627  34.361  6.287  25.576 0.1000000015
141952  37.497  1.574  26.590 0.1000000015
142030  49.271  -24.032  16.856 0.1000000015
142247  55.412  -15.193  11.402 0.5000000000
142623  41.851  -17.380  34.846 0.2000000030
142819  40.009  6.709  23.745 0.1000000015
142831  45.174  -11.468  6.223 0.2000000030
143065  53.146  -11.341  6.418 0.3000000119
143233  36.857  1.243  30.607 0.1000000015
143580  27.167  -24.045  30.242 0.1000000015
143843  56.789  -2.809  18.248 0.6000000238
144086  34.695  -19.235  31.225 0.2000000030
144133  33.579  11.600  28.864 0.1000000015
144226  45.290  2.116  22.316 0.2000000030
144287  54.236  3.638  16.034 0.3000000119
144341  55.381  -5.747  16.948 0.6999999881
144379  49.592  -16.747  3.777 0.1000000015
144460  47.831  -0.442  15.887 0.6999999881
144474  30.525  -25.382  32.018 0.1000000015
144655  47.832  -4.654  9.775 0.5000000000
144856  34.768  -18.472  21.885 0.2000000030
144916  44.109  -8.884  7.779 0.1000000015
