global_signal	global_signal_derivative1	global_signal_derivative1_power2	global_signal_power2	csf	csf_derivative1	csf_derivative1_power2	csf_power2	white_matter	white_matter_derivative1	white_matter_power2	white_matter_derivative1_power2	csf_wm	tcompcor	std_dvars	dvars	framewise_displacement	rmsd	t_comp_cor_00	t_comp_cor_01	t_comp_cor_02	t_comp_cor_03	t_comp_cor_04	t_comp_cor_05	t_comp_cor_06	c_comp_cor_00	c_comp_cor_01	c_comp_cor_02	c_comp_cor_03	c_comp_cor_04	c_comp_cor_05	c_comp_cor_06	w_comp_cor_00	w_comp_cor_01	w_comp_cor_02	w_comp_cor_03	w_comp_cor_04	w_comp_cor_05	w_comp_cor_06	w_comp_cor_07	w_comp_cor_08	w_comp_cor_09	w_comp_cor_10	w_comp_cor_11	w_comp_cor_12	w_comp_cor_13	w_comp_cor_14	w_comp_cor_15	w_comp_cor_16	w_comp_cor_17	w_comp_cor_18	a_comp_cor_00	a_comp_cor_01	a_comp_cor_02	a_comp_cor_03	a_comp_cor_04	a_comp_cor_05	a_comp_cor_06	a_comp_cor_07	a_comp_cor_08	a_comp_cor_09	a_comp_cor_10	a_comp_cor_11	a_comp_cor_12	a_comp_cor_13	a_comp_cor_14	a_comp_cor_15	edge_comp_00	edge_comp_01	edge_comp_02	edge_comp_03	edge_comp_04	edge_comp_05	edge_comp_06	edge_comp_07	edge_comp_08	edge_comp_09	edge_comp_10	edge_comp_11	edge_comp_12	edge_comp_13	edge_comp_14	edge_comp_15	edge_comp_16	edge_comp_17	edge_comp_18	edge_comp_19	edge_comp_20	edge_comp_21	edge_comp_22	edge_comp_23	cosine00	cosine01	trans_x	trans_x_derivative1	trans_x_power2	trans_x_derivative1_power2	trans_y	trans_y_derivative1	trans_y_derivative1_power2	trans_y_power2	trans_z	trans_z_derivative1	trans_z_derivative1_power2	trans_z_power2	rot_x	rot_x_derivative1	rot_x_derivative1_power2	rot_x_power2	rot_y	rot_y_derivative1	rot_y_derivative1_power2	rot_y_power2	rot_z	rot_z_derivative1	rot_z_derivative1_power2	rot_z_power2	motion_outlier00	motion_outlier01	motion_outlier02	motion_outlier03	motion_outlier04	motion_outlier05	motion_outlier06	motion_outlier07	motion_outlier08	motion_outlier09	motion_outlier10	motion_outlier11	motion_outlier12	motion_outlier13
858.411651164085	n/a	n/a	736870.5628542508	1011.4495593296008	n/a	n/a	1023030.2110680436	845.5835845677199	n/a	715011.5984903943	n/a	875.0558458267102	632.0325341744359	n/a	n/a	n/a	n/a	-0.136712716	0.0617417159	-0.0226284212	0.0052265884	-0.0749413965	0.1139111425	-0.1207568034	-0.1959785447	-0.1858556934	0.0515660781	-0.0358627277	0.020086901	-0.3356833686	0.3056927945	-0.0306397545	-0.028424353	0.1083884731	-0.0042494051	0.1421738794	-0.1203961927	0.1329430441	-0.0975048792	0.0315138377	-0.2979104337	0.0094734076	-0.1312783329	0.1091409337	-0.0327664743	0.1211127889	-0.0916117556	0.1327256867	-0.256085228	0.0553675603	-0.0148435899	0.0228176609	-0.0887471913	0.0023068923	-0.1522083831	0.1067274818	-0.0069807525	0.0932090018	-0.1275672779	-0.2227056302	0.0310551471	-0.0899142222	0.0265425419	-0.1680831632	0.2661088419	-0.3173383403	-0.0138557255	0.1653494124	-0.0150138581	0.2269878334	-0.0679829492	0.0635372618	-0.0621630444	0.1075234895	0.0088962155	-0.1625482726	0.1369588784	-0.165113345	0.1520721038	-0.0743395612	0.0554959875	-0.4377260378	0.0570584898	-0.199993254	0.0362337442	-0.0835090384	0.0113667183	-0.0844321739	0.0935403674	-0.1185003698	0.1561451084	0.1560591586	-0.1074885445183326	n/a	0.0115537872026695	n/a	0.0001783906726586	n/a	n/a	3.1823232091587774e-08	0.0566466167932588	n/a	n/a	0.0032088391941223	0.0004530432838897	n/a	n/a	2.052482170775633e-07	0.0019972674122805	n/a	n/a	3.989077116157646e-06	-0.0010439543117501	n/a	n/a	1.0898406050216251e-06	0.0	0.0	0.0	0.0	0.0	0.0	0.0	0.0	0.0	0.0	0.0	0.0	0.0	0.0
858.8911410422947	0.4794898782097334	0.229910543305585	737693.9921609351	994.9120568264736	-16.537502503127143	273.48898904093653	989850.0008186843	845.9362313329646	0.3526467652446854	715608.1074818189	0.1243597410375402	874.4016670140263	621.2981918874708	1.268297	22.134377	0.1057084437821137	0.0655171181086747	0.0500883915	0.0946043379	-0.0128453514	-0.0942408455	-0.1477594165	-0.0533986718	0.1057689108	-0.0211402114	0.0882442139	0.0326618016	0.1257904932	0.046072471	0.0260205133	-0.1055608883	0.0220673095	0.0710543251	0.0595083868	-0.0337793833	-0.0332615528	0.0129073301	0.0800265565	-0.2184917462	-0.0559842224	-0.0399084352	0.140207123	-0.1009510672	0.1020150195	-0.0071252455	0.0174304912	-0.0907366348	-0.1123153844	0.0236847513	0.2137952643	-0.0413817592	0.0317315158	0.0398425858	0.111970971	0.0159817836	-0.0339790581	0.1308693243	0.1865312009	0.0479554295	-0.088757012	-0.0205271201	-0.0930127199	0.0282367126	-0.1728469149	0.117341394	-0.0504144224	-0.0494282292	0.146654622	0.011477018	0.2122342132	-0.0012629111	0.0290639074	0.1301412638	0.0884337593	0.0264269894	-0.045557351	0.0537489009	-0.0503406617	0.184105497	-0.074135898	-0.0033465468	-0.0751004924	0.0597397532	0.1263942341	0.032941281	0.1234356418	-0.057937123	0.028117015	0.0960360909	0.1840337891	0.155915944	0.1551433414	-0.0872417809670196	0.020246763551313	0.0076111283462974	0.0004099314343027	-0.0042303833445913	-0.0044087740172499	1.9437288335177824e-05	1.7896143242195472e-05	-0.003465537296762	-0.0601121540900208	0.0036134710693424	1.2009948755248469e-05	0.0003857491311674	-6.72941527223e-05	4.528502990612236e-09	1.4880239219640394e-07	0.0023137945582292	0.0003165271459486	1.0018943412242949e-07	5.353645257691059e-06	-0.0010789480555497	-3.499374379959991e-05	1.224562105112037e-09	1.1641289065744783e-06	0.0	0.0	0.0	0.0	0.0	0.0	0.0	0.0	0.0	0.0	0.0	0.0	0.0	0.0
856.8878355787654	-2.0033054635293865	4.013232780206691	734256.7627628612	1003.4425560383314	8.530499211857773	72.76941680350609	1006896.96326874	843.0665415535985	-2.8696897793660128	710761.1934871455	8.235119429797756	872.3275251733727	635.9041801292171	1.278183	22.306917	0.183575590959233	0.0852066442490362	0.040539098	0.0436577582	0.2228432998	0.0838959314	0.2088006881	-0.0077321448	0.0146544475	0.1099918161	-0.013231768	-0.1579779619	0.0519370672	0.1712809532	-0.0849931388	-0.262912362	-0.1826596099	0.0009506142	0.0917779008	-0.082498995	-0.1165278737	-0.0720538202	-0.1415817733	-0.0364842263	-0.0336919819	-0.1590318963	0.175507024	0.0529496417	0.0179564344	0.0700234479	0.030226574	0.1189718066	-0.007739563	0.2578786472	0.1545474964	0.1338381581	0.0594023101	-0.1228526525	0.0154114127	0.0039558493	-0.0163400612	0.1797797434	-0.0677489067	0.1848654197	0.0300149063	0.1683320666	-0.2420198812	-0.0847808347	0.1100883242	0.1076440671	0.1428785258	0.0774132045	0.1714382546	0.0530697898	0.1006209467	0.0679206388	-0.0787397607	-0.0329905345	-0.0289505297	-0.0165690971	-0.1084492189	-0.0614538991	-0.001626605	-0.0595963374	-0.1236356642	-0.0976797138	-0.0401998042	-0.1455578366	0.1875647881	-0.0007594545	0.071708549	-0.1197135591	-0.1747010968	-0.0957592538	0.1375039476	0.1554579513	0.1533170814	-0.0609669190426274	0.0262748619243921	0.0037169652175502	0.0006903683691458	0.0030413735564991	0.0072717569010903	5.287844842855585e-05	9.249953110171984e-06	0.0593303537907985	0.0627958910875605	0.0039433239374807	0.0035200908809413	0.0008379821851824	0.000452233054015	2.0451473514373402e-07	7.022141426830702e-07	0.0014242168757043	-0.0008895776825249	7.913484532463718e-07	2.028393709040917e-06	-0.0006760971711658	0.0004028508843838	1.622888350488903e-07	4.571073848583971e-07	0.0	0.0	0.0	0.0	0.0	0.0	0.0	0.0	0.0	0.0	0.0	0.0	0.0	0.0
853.643348043285	-3.2444875354804026	10.526699367887696	728706.965658549	996.2659299614724	-7.1766260768590655	51.50396184705354	992545.8032019972	843.3507736881222	0.2842321345236769	711240.5274803543	0.0807879062958855	872.1713070795479	607.292823900912	1.179763	20.589291	0.0134129078725841	0.0083498559182907	0.0020779311	-0.1229370314	0.1458270061	-0.1371431455	-0.0333993709	0.0381132421	-0.0843839062	0.0678558093	-0.0375258616	0.0219970778	-0.1834988059	0.078571059	0.1004175522	-0.0545250949	-0.1918426963	-0.0242058383	0.0086781207	0.1423545831	0.0237080229	-0.1115558003	0.0243042389	-0.0158720001	0.1910026068	0.0724555788	0.1930489742	-0.0322253927	0.0261858194	0.0879115672	0.0416276319	0.044587431	0.0090489183	0.0936628371	-0.2127034101	0.1113410259	0.0640149912	-0.0546029704	-0.1584503297	-0.138785496	0.0304920592	-0.0686339194	-0.0107418368	0.2081534348	-0.101794299	-0.0174636642	-0.0416910294	-0.0634367482	-0.0181039596	0.0481444816	0.1565593594	0.0649485727	0.1386905046	0.0107999844	0.0257377799	-0.1127532988	-0.0979566667	0.0348381296	-0.1445718676	-0.0854769585	0.1099043097	-0.0394929269	0.0663226785	0.0808829304	0.0145813108	0.0813679967	-0.0953600918	-0.0370287156	0.192452974	0.1512974009	0.1033229004	0.0632426283	0.0871963394	-0.0467870618	-0.0627380462	0.1547718027	0.1505910958	-0.0641742189184952	-0.0032072998758677	0.0041183303737989	1.0286772493741596e-05	0.0030471262296742	5.752673175100226e-06	3.3093248659517707e-11	9.284978259568508e-06	0.0593742327770598	4.387898626129899e-05	1.9253654353192652e-09	0.0035252995178644	0.0007599395721537	-7.804261302870002e-05	6.090649448347418e-09	5.775081533251486e-07	0.0012992431080729	-0.0001249737676313	1.5618442595987132e-08	1.6880326538749295e-06	-0.0006759940250803	1.0314608550002909e-07	1.0639114953979307e-14	4.569679219442653e-07	0.0	0.0	0.0	0.0	0.0	0.0	0.0	0.0	0.0	0.0	0.0	0.0	0.0	0.0
857.3531577555807	3.709809712295737	13.76268810144378	735054.4371134656	994.8666768449076	-1.3992531165647506	1.957909284216168	989759.7046964298	844.6478550193584	1.2970813312361995	713429.9989888031	1.682419979841472	872.5029717399021	616.6599480244215	1.098154	19.165041	0.1823086642244933	0.0794812078600807	-0.0673588838	0.0664050107	0.0836639715	-0.0529778273	-0.0769305777	-0.0915182332	-0.0968921418	0.0131523825	-0.002152036	0.1113682484	0.0261239319	-0.0103393912	0.1438410796	-0.2383509816	-0.0499940414	0.0974250215	0.0676032026	-0.0798168262	-0.1327827745	-0.0582971925	0.048126707	-0.0185526903	-0.0022399249	-0.0739368586	-0.0206308643	-0.0122198453	0.0234135254	-0.0531547047	0.0022718888	-0.0728145697	0.0835269643	0.1081564593	0.0536481652	0.0072110073	0.0901745632	0.0111341883	0.1001039913	-0.0880836791	-0.1162356633	0.06131155	-0.0802609095	-0.0667868209	-0.0827934304	0.0558629798	-0.0177794723	0.0946221651	-0.0343634843	0.1064216383	0.1763758866	0.0266210832	0.1501975789	-0.0102562936	0.0608224646	-0.0352718855	-0.0179611553	-0.0268389288	0.0503926173	0.0746624044	-0.1303442152	-0.0673959821	-0.0643673504	-0.0669470609	0.0215215411	0.1636441579	-0.0632647021	0.0548098926	0.1989453101	0.0438263456	0.0438596325	-0.1563469952	0.0446761908	0.0553510214	0.0402363424	0.1538585052	0.1469813818	-0.0836630968714047	-0.0194888779529095	0.006999513778114	0.0003798163638634	0.0386114934917145	0.0355643672620403	0.0012648242187492	0.0014908474296607	0.0091620442760813	-0.0502121885009785	0.0025212638740577	8.394305531687411e-05	-0.0002029220700178	-0.0009628616421715	9.271025419651976e-07	4.1177366500308934e-08	0.0018320664955846	0.0005328233875117	2.839007622794432e-07	3.356467644243637e-06	-0.0006308144445922	4.517958048809998e-05	2.0411944930807043e-09	3.979268635061658e-07	0.0	0.0	0.0	0.0	0.0	0.0	0.0	0.0	0.0	0.0	0.0	0.0	0.0	0.0
856.9818496792539	-0.3713080763268408	0.137869687545539	734417.8906796753	997.2703590821684	2.403682237260796	5.777688297723064	994548.1691038772	846.4992134026721	1.851358383313709	716560.9182913427	3.4275278634659503	874.5209622545844	620.8582278920861	1.138986	19.877634	0.1033771631628008	0.0462259600692206	-0.0014746712	-0.1118656011	-0.0783048503	-0.0664389464	0.0176707287	0.0361687324	0.1391698236	-0.0210205419	0.1092937115	-0.0210728531	0.0483308384	0.1040763014	0.0968588336	0.1442210539	0.0639064349	-0.0814448215	-0.0879627025	0.1318945304	0.0364706869	-0.0635395696	-0.0344162459	0.0614365221	-0.0774630635	0.1317618343	-0.0002105187	-0.1372653654	0.0106737149	-0.0456647864	0.0597001229	-0.202360033	0.278576346	-0.0311111598	0.0569641864	0.0140428757	-0.0752062988	0.055019315	-0.0960230508	0.0741124207	0.0853996191	0.0718260101	-0.10792285	-0.0369421146	0.0210593806	-0.1825111817	0.1109944406	0.044019335	-0.0680029406	0.033237994	-0.0056231003	-0.0502153099	-0.0420224986	-0.1183142518	0.017424947	-0.1267686973	-0.0650504392	-0.0033443528	0.0116268994	0.0377966493	0.0547843738	0.0930929621	-0.0900047872	0.1584758186	-0.1314351983	0.0740447563	-0.0951298108	0.09802927	0.1953852105	-0.0397992009	0.0537083103	0.0894946144	0.0487125907	0.065012751	-0.0181535701	0.152719399	0.1425091225	-0.0667298951078976	0.0169332017635071	0.004452878901111	0.0002867333219636	0.0029733892977361	-0.0356381041939784	0.0012700744705408	8.841043915891577e-06	-0.006549477685624	-0.0157115219617052	0.0002468519223531	4.289565795448671e-05	-0.0003649556544806	-0.0001620335844628	2.6254882493863345e-08	1.331926297373631e-07	0.0014251393218784	-0.0004069271737062	1.6558972470051596e-07	2.031022086764026e-06	-0.0007637403912954	-0.0001329259467031	1.7669307306941962e-08	5.832993852960507e-07	0.0	0.0	0.0	0.0	0.0	0.0	0.0	0.0	0.0	0.0	0.0	0.0	0.0	0.0
858.8899419578361	1.9080922785822167	3.640816143585076	737691.9323963351	1001.6486998783068	4.3783407961384455	19.16986812713024	1003300.1179679024	846.0887864914615	-0.4104269112106067	715866.234626594	0.1684502494458792	874.1392977693828	620.7823278890285	1.364223	23.808483	0.2101999185040901	0.1024453575740989	-0.0071111267	0.1773449246	0.0410241432	-0.1220226243	-0.036668581	0.01160619	-0.1602580943	-0.0994061219	-0.0499045867	0.0068459847	-0.1333177402	-0.106925199	0.1563337863	-0.0535276715	0.0469145897	0.0699568193	0.0797204332	0.0419281777	-0.0403179955	0.0283121456	-0.0269573943	-0.0241660141	0.0617732943	-0.1689343909	-0.0137724841	0.1521245599	0.0586201986	-0.2758224351	-0.1062553325	-0.0015746385	-0.0016117883	-0.0251901109	-0.2264447617	-0.1140755653	0.0563500851	-0.0893727042	-0.103604064	0.0340740655	-0.0926898862	-0.0893972275	-0.0297336936	-0.0995992334	-0.1689053601	0.0594930072	-0.123181974	0.1430212101	0.0965762754	-0.1328351725	0.0413413917	0.1758620635	0.0371313046	0.054965783	-0.0360926414	0.102520881	0.029608886	0.0881094011	-0.0834504376	0.0802187087	-0.1692061465	-0.0600300426	0.0611358821	0.017694232	0.1813178432	0.2557774278	0.0534397206	0.0295660218	-0.0448359852	0.0961466328	0.1848680604	0.0720833387	0.1089664721	-0.402491361	0.0896561009	0.1513561561	0.1372005631	-0.0634155255705906	0.003314369537307	0.0040215288833942	1.0985045429828631e-05	0.0548260787924022	0.0518526894946661	0.0026887014078302	0.0030058989157506	0.0375418267472298	0.0440913044328538	0.0019440431265905	0.001409388755519	-1.4001994645305548e-05	0.0003509536598352	1.231684713517876e-07	1.9605585404716526e-10	-1.1997628180271391e-05	-0.0014371369500586	2.06536261322394e-06	1.4394308195204222e-10	-0.0003329999004041	0.0004307404908913	1.855373704932781e-07	1.1088893366914053e-07	0.0	0.0	0.0	0.0	0.0	0.0	0.0	0.0	0.0	0.0	0.0	0.0	0.0	0.0
857.6572633778122	-1.232678580023844	1.5194964816496004	735575.9814247179	1004.3301853008484	2.6814854225415274	7.190364071302714	1008679.1211064364	844.5340404409222	-1.5547460505392792	713237.7454634693	2.417235281667487	873.5739694810333	622.1756092056945	1.51997	26.526596	0.1893361453619897	0.0997635014754028	-0.0784204092	-0.260862129	0.0984071684	0.1873650042	0.1535399632	0.12014099	0.0587845308	0.1009843081	0.0510501221	7.95277e-05	-0.1306345584	0.1009515824	-0.3124040298	0.1299467452	-0.1328530434	-0.1392880425	-0.0669199857	-0.1385341681	0.106005652	-0.2004228998	-0.1175453497	0.1685628218	0.1716030085	0.070960884	-0.1482826151	0.0027882692	0.1009696443	0.0928588693	0.159334207	0.1199772473	0.0349469179	0.0631101032	-0.1079070171	0.173928826	-0.0490416213	-0.0598613037	0.0303739022	-0.0638686708	0.2508749655	-0.062784177	-0.2017957281	0.0993084714	0.144962237	0.1650404417	0.1154632252	0.0011253011	-0.0018111342	0.0735932209	-0.1435668651	0.0451771628	0.018072966	0.0903335906	-0.1532632751	-0.2817297962	0.0549350581	-0.1962106325	-0.1001495255	-0.132168601	-0.0349197449	-0.1098689235	0.0251154923	-0.1812475704	-0.1806204304	0.0441503078	-0.0059858159	-0.1154026638	-0.0071601675	0.0921125407	0.0343886957	0.152769743	-0.0269300626	-0.2318532861	0.0763199984	0.1497707771	0.1310868562	-0.0281115895217425	0.0353039360488481	0.0007902614654389	0.0012463679005411	-0.0234971139721409	-0.0783231927645431	0.0061345225248317	0.0005521143650197	-0.0057133461136089	-0.0432551728608387	0.001871009979221	3.2642323813889924e-05	0.0002039954982084	0.0002179974928537	4.75229068905014e-08	4.161416328929333e-08	-1.2078287456862569e-05	-8.065927659117733e-08	6.505918900212048e-15	1.4588502789060366e-10	-0.000763998622029	-0.0004309987216249	1.8575989804229806e-07	5.836938944622108e-07	1.0	0.0	0.0	0.0	0.0	0.0	0.0	0.0	0.0	0.0	0.0	0.0	0.0	0.0
855.9147680779656	-1.7424952998466097	3.036289869987526	732590.0902139577	997.0219883865184	-7.308196914329983	53.409742138622285	994052.8453262068	845.5416646501659	1.0076242092436587	714940.7066593736	1.0153065470539084	871.7511477938853	607.9576821846898	1.499529	26.169849	0.0993459280066031	0.049709038213225	0.0769836111	0.0251454036	-0.0213005949	-0.1763998661	-0.1440330878	-0.0909959121	0.2455891757	-0.0400925452	0.0314131449	0.0622699154	0.0668156716	0.0424323394	0.2173961697	0.0988469409	-0.0204302494	-0.0092916894	-0.0165029749	-0.0233196377	-0.059149053	0.0493160231	-0.0301046852	0.0416969246	0.0747960504	0.2726044667	-0.1501229984	-0.1650245887	0.0555944493	-0.1590610245	-0.1760250595	0.0355972468	-0.1111249073	-0.0808867377	-0.0109383136	-0.0031301889	0.0031664704	0.0457887657	0.0422914119	-0.0632972746	-0.1339752384	-0.0366025757	-0.0325709591	0.0991259322	0.0848926591	-0.2584584514	0.1623313266	0.0513117362	-0.1745251886	-0.0759084542	0.0533084116	-0.0245801657	-0.0863577117	0.0448282076	-0.1639893554	-0.0649972277	-0.1403686194	0.0809378024	0.0621917734	0.1378689329	-0.0781601639	0.0194093408	0.0599763731	0.2151329993	0.0612524877	-0.1149433463	0.1240502008	0.0920743895	0.0104945165	0.0005040236	-0.0668564432	0.1133569406	0.0970807829	0.0304737857	-0.0017768498	0.1479655889	0.1242038795	-0.031551732685898	-0.0034401431641554	0.0009955118354823	1.18345849898858e-05	-0.0019175501605133	0.0215795638116275	0.0004656775743001	3.676998618084583e-06	-0.0454413954012409	-0.0397280492876319	0.0015783179002005	0.0020649204160119	-7.484675235329955e-05	-0.0002788422505616	7.775300069831365e-08	5.602036337836152e-09	0.0004010289336098	0.0004131072210666	1.706575760974204e-07	1.6082420559221337e-07	-0.0007639846587936	1.3963235400067144e-08	1.9497194283768824e-16	5.836725588719734e-07	0.0	0.0	0.0	0.0	0.0	0.0	0.0	0.0	0.0	0.0	0.0	0.0	0.0	0.0
858.9946617490987	3.07989367113305	9.485745025485414	737871.8289134484	999.4616974605603	2.439709074041957	5.952180365962664	998923.6846907446	846.8387483039788	1.2970836538129331	717135.8656290496	1.6824260049887094	874.0739110021582	619.1973598472931	1.326588	23.151682	0.107559413436581	0.0601243906128163	-0.0052079812	-0.1298252524	0.0234686236	0.1236378391	0.0731233631	-0.0940545745	0.0521536002	0.0199870353	0.0562240662	-0.0799997783	-0.0187489445	-0.0154796869	0.0023251112	-0.1123136537	0.0437192886	-0.1119326025	-0.019099554	-0.0310626914	0.0536302002	-0.0272320797	-0.1135156128	0.1049322591	-0.0768516425	-0.1422054657	-0.0525462638	-0.1172097791	0.1279906587	0.0255290441	0.0189092283	-0.0358877795	-0.0267867915	-0.0428123028	0.035965134	0.0118926959	-0.0491444162	-0.0058159576	0.0172589951	0.0740909141	0.0321603687	0.0302739607	-0.1449638358	-0.0923571574	0.152104867	0.1955041214	0.1066305016	0.0835232795	-0.1230512331	0.1863536407	0.1138897004	0.0009531109	-0.0921061614	-0.0007322976	-0.0226206676	-0.0260555076	0.0278238753	-0.0806837725	-0.0872235005	-0.0228295427	-0.1470902044	-0.0921072242	-0.0543568436	-0.0882922084	-0.1492226464	-0.2016619347	-0.0420411652	-0.0834609006	-0.0944804493	-0.136192569	-0.0388199729	-0.1190436153	-0.0800103574	0.0606237056	-0.0671680729	0.1459432408	0.1165920251	-0.0374259058290107	-0.0058741731431127	0.0014006984271219	3.45059101152666e-05	-0.0373994946239406	-0.0354819444634273	0.0012589683829057	0.0013987221981261	-0.0058739271987349	0.039567468202506	0.0015655845399563	3.4503020736037634e-05	-0.0004618466078601	-0.0003869998555068	1.4976888816228446e-07	2.13302289191881e-07	0.0004561557545952	5.512682098540001e-05	3.038966391956339e-09	2.0807807245031635e-07	-0.0006733947827351	9.058987605849992e-05	8.206525644294375e-09	4.534605334148526e-07	0.0	0.0	0.0	0.0	0.0	0.0	0.0	0.0	0.0	0.0	0.0	0.0	0.0	0.0
857.0111139650685	-1.9835477840301792	3.934461811531034	734468.0494596476	996.3009861721082	-3.1607112884521484	9.99009584894884	992615.6550475152	847.1878286716158	0.3490803676369296	717727.217049327	0.1218571030695339	873.920451664259	622.8309073730819	1.255769	21.915739	0.1323364590772195	0.0717401160443318	0.0910365115	0.0540118196	0.1233182292	0.0165172195	-0.1249566726	0.0084468927	0.2667457214	-0.0528347167	0.0930250247	-0.0202629207	0.0953028976	0.1178067192	-0.0659370085	-0.0223654664	0.1006984959	-0.149269743	0.090600895	-0.0160924575	-0.034214059	-0.0189136243	-0.0149886028	0.0221985639	0.0191737623	0.2875070229	0.0804104134	-0.0469264893	-0.1245616898	-0.1004953289	0.120512919	-0.1685923121	0.0542071979	0.1448143203	-0.0041270062	-0.0749596334	-0.1373706364	-0.1097073743	0.0340888566	-0.0170182603	0.0639370453	0.0424216162	0.0461511345	0.161398265	0.0739430587	-0.2888734987	0.1090772242	0.0563971186	0.0802610132	0.0399368568	0.109021351	0.0853995473	-0.0995513131	0.0777081494	-0.1848035084	-0.0647366449	-0.1009683464	-0.0545938385	0.1379791642	-0.0164164484	-0.0064324418	0.1380118786	0.0882465431	0.1271837569	0.0870274419	-0.1500057283	0.1384108048	0.1019751214	0.0378556105	-0.0121941386	-0.0606419308	0.073935745	0.2269254832	0.0445430431	0.044802871	0.1437067008	0.1082959623	-0.0051869431178204	0.0322389627111903	2.6904378907504418e-05	0.0010393507166935	0.0124874557693743	0.0498869503933149	0.002488707819545	0.000155936551592	-0.0084015269680719	-0.0025275997693369	6.388760593952454e-06	7.058565539523941e-05	-0.0004620013940114	-1.5478615129996829e-07	2.3958752634256676e-14	2.1344528806847685e-07	-1.1956611131846984e-05	-0.000468112365727	2.191291869465726e-07	1.4296054975820718e-10	-0.0001880030105459	0.0004853917721892	2.356051725089723e-07	3.5345131974321785e-08	0.0	0.0	0.0	0.0	0.0	0.0	0.0	0.0	0.0	0.0	0.0	0.0	0.0	0.0
856.1494254974788	-0.8616884675897154	0.742507015177112	732991.838779663	1001.5662555051654	5.2652693330571765	27.723061149632365	1003134.9641666382	844.7486001343854	-2.439228537230406	713600.1974290037	5.949835856839186	873.4121041204222	622.869970336243	1.260255	21.994036	0.1269662338514038	0.0619568872865873	-0.0189690031	0.0665107942	0.03131421	-0.0980832834	0.1425452657	-0.1800303152	0.0770322607	0.0841369042	-0.0004151915	-0.0949536353	0.0074400099	0.2208586069	-0.0199641984	-0.0831914023	-0.0905809756	-0.0802740164	0.1050017956	0.0215312602	-0.266235251	-0.0040018334	-0.0737886756	-0.1100018209	-0.2578438951	0.0687090331	0.0669935519	0.0220389783	0.0509944082	0.1147416207	-0.1147331014	0.241391665	0.0034004064	-0.0001515637	-0.0080993649	0.1022360347	-0.0121418727	-0.1233975994	0.0224494452	0.0749705624	-0.1249804559	0.2929403836	0.0535117591	0.1124026875	0.0705167919	0.0690795801	-0.0569569614	-0.0501893777	0.0986987333	0.0334872688	-0.0546658916	-0.003164379	-0.0669144813	0.0381652007	-0.0497047996	-0.0227710089	-0.079502079	0.0568372846	-0.0671701476	0.1405408925	-0.1253761103	-0.103196813	-0.0456049642	-0.1950460149	0.059671112	-0.3011142244	0.0834706562	-0.0329770804	0.0038975134	-0.055026409	-0.0715744716	0.0619772847	-0.0555136738	0.0735167521	-0.0175397193	0.1412592515	0.0993643757	-0.0344304197967773	-0.0292434766789569	0.0011854538073823	0.0008551809282726	-0.0129268405888751	-0.0254142963582494	0.0006458864593849	0.0001671032076101	-0.0333257367498021	-0.0249242097817301	0.0006212162332436	0.0011106047299171	-0.0004618628802115	1.385137998999829e-07	1.9186072762732502e-14	2.133173201172624e-07	0.0003596758868074	0.0003716324979392	1.3811071352456438e-07	1.293667435506896e-07	-0.0007639170194561	-0.0005759140089101	3.316769456590179e-07	5.835692126146914e-07	0.0	0.0	0.0	0.0	0.0	0.0	0.0	0.0	0.0	0.0	0.0	0.0	0.0	0.0
855.3582204767545	-0.7912050207243055	0.6260053848193488	731637.6853371601	1000.0207033050194	-1.5455522001459483	2.388731603375982	1000041.4070386656	844.4567780891351	-0.2918220452502282	713107.2500606828	0.0851601060940262	873.6733245849609	618.1129858261313	1.211967	21.151302	0.0848841047305277	0.0488087689029009	0.0179941592	-0.0274100585	0.1714131432	0.029191163	-0.028390002	-0.1236906717	0.0105321906	0.0594679524	-0.0169058368	0.0886328067	0.0080845138	0.1321665148	-0.0032413827	-0.1343906942	-0.0955793555	0.0450964478	0.0096225958	-0.0952100585	-0.2565357302	0.0641501926	0.0083475211	0.0081608685	0.0520241939	0.1514876046	0.0003878775	0.0027709095	-0.0312724459	-0.0095999932	0.1076510204	0.0355124411	-0.2801180585	-0.0372706768	0.1813840092	0.0821638923	0.0080557262	0.0025979165	0.1241967284	-0.1192484457	-0.177851512	0.059647211	-0.0101522538	0.1076295752	0.0435346995	-0.0742353108	0.0313087054	0.0407435066	0.1199059419	-0.0536414441	0.0632020548	-0.0687441962	-0.0568100207	0.0195702471	-0.1228823197	0.0066070921	-0.2002996414	-0.160037655	0.0328435276	0.030388427	-0.0934394393	-0.0584985434	0.1262809669	0.0744204859	0.0974926549	-0.1620979908	-0.0389976093	0.0476944407	-0.0060995417	-0.1723319768	-0.2941970031	-0.1378568352	-0.0178296427	-0.1777020267	-0.0554580157	0.1386044847	0.0898496795	-0.0273826999487312	0.007047719848046	0.0007498122564822	4.967035505654293e-05	-0.0515103566954593	-0.0385835161065842	0.001488687715147	0.0026533168468934	-0.0501899027171646	-0.0168641659673625	0.0002844000937747	0.0025190263347584	-0.0004611919865747	6.708936368000082e-07	4.5009827189874134e-13	2.1269804848071825e-07	0.000806676263835	0.0004470003770276	1.9980933706281654e-07	6.507265946347944e-07	-0.0007638142339498	1.0278550629995877e-07	1.056486030533886e-14	5.834121839843198e-07	0.0	0.0	0.0	0.0	0.0	0.0	0.0	0.0	0.0	0.0	0.0	0.0	0.0	0.0
860.1343256175244	4.776105140769914	22.8111803156888	739831.0581055135	1002.5845179397068	2.5638146346873327	6.573145481036941	1005175.7156123942	846.752312854328	2.2955347651928832	716989.4793241537	5.269479858209146	874.545099725891	605.1877004648942	1.3533	23.617867	0.164432085154856	0.0809304285362665	-0.1192024853	-0.0442258132	-0.1583931424	0.0509888902	-0.0604899077	-0.0286052375	-0.1114003072	-0.0549680065	0.0450904726	-0.0339467171	-0.0181163104	0.0468413344	0.0294970544	0.1009113705	0.0269252083	-0.0013874271	-0.1939731226	-0.1269206437	-0.0676746966	-0.151334796	-0.1570844359	0.0176048121	-0.0200323156	-0.0397295556	-0.0259214912	0.1392913899	0.0112835481	0.0807896164	-0.3191467008	0.005428555	0.1577737936	-0.1689031733	0.019032207	0.0004812555	-0.0491659853	0.0869371157	0.0332054334	0.125460965	-0.0220402698	0.0675617026	-0.2976903637	0.0030073475	-0.0505117287	0.0248960884	-0.0153283158	-0.025478114	-0.0230241437	-0.3555267387	-0.1523382553	-0.16647304	0.0227448279	-0.015815552	-0.1773021235	0.0774521768	-0.1216448494	-0.0303108167	-0.3643085369	0.0827590659	0.0616138422	0.0358465527	-0.2203977061	-0.2087986068	-0.0780235653	0.2254621683	0.088370236	0.2084011746	-0.3594685699	-0.1465797379	-0.0913000583	0.1670858466	0.143559527	0.0084410424	0.2375189804	0.1357462967	0.0798077096	-0.0529576094390904	-0.0255749094903591	0.0028045083975032	0.00065407599544	0.0003724294256244	0.0518827861210837	0.0026918234956861	1.387036770709205e-07	-0.0754862489863228	-0.0252963462691581	0.0006399051345691	0.0056981737860251	-0.000236209747486	0.0002249822390887	5.061700790536497e-08	5.5795044807399884e-08	0.0010031845186044	0.0001965082547694	3.861549419251541e-08	1.0063791783675416e-06	-0.0015758846055768	-0.0008120703716269	6.594582884744137e-07	2.4834122900939462e-06	0.0	0.0	0.0	0.0	0.0	0.0	0.0	0.0	0.0	0.0	0.0	0.0	0.0	0.0
859.8202941760142	-0.3140314415102239	0.0986157462569891	739290.9382769276	1004.1745406590152	1.590022719308422	2.528172247916949	1008366.5081077442	846.302947619953	-0.4493652343750227	716228.6791502209	0.2019291138649191	874.409536714761	631.8190809800566	1.318373	23.00831	0.1945610543934222	0.1028470407605442	0.1391149457	-0.0089303122	-0.0753224906	-0.0484678406	0.1098453731	0.004714385	-0.0678557732	0.1194327578	-0.0644296144	-0.1069641033	-0.0844843881	-0.1833628422	0.0424082658	0.0120365712	0.0121310507	-0.0938838233	-0.2191168736	0.1987380857	0.0345864014	0.2237799248	-0.123888847	-0.2163818195	0.0666890716	-0.1674457709	0.0462470297	-0.1551214736	-0.2396667441	-0.0612700564	-0.0069720301	0.1395887391	-0.0772625388	-0.0193286791	0.1726485859	0.0831407099	-0.1216491916	0.0638783753	-0.1805441708	0.2032826285	-0.1401264497	-0.1979663755	-0.0069796972	0.006731649	-0.2213767438	-0.1412974133	-0.0707895699	0.0550106081	0.1768836451	-0.0127752905	0.0119076102	-0.2030700216	0.0576651161	-0.0210187482	0.0500499491	0.2795632475	-0.1276154858	0.2458121824	-0.321484786	-0.0820408608	0.4167841007	0.0753954873	-0.1809123569	-0.0071859561	0.0301565656	-0.0337918638	-0.0890778867	0.023395046	-0.0252524002	-0.0294449193	-0.0071428902	-0.1125355994	-0.1105758969	0.1696998891	-0.0144337274	0.1326888823	0.0692973963	-0.0626660600933064	-0.009708450654216	0.0039270350876178	9.425401410534712e-05	-8.742155999641454e-05	-0.0004598509856208	2.114629289764346e-07	7.642529152206708e-09	-0.0581828983735874	0.0173033506127353	0.0002994059424272	0.0033852496631511	0.0006559818470867	0.0008921915945727	7.96005841426177e-07	4.303121837072786e-07	0.0026242582697131	0.0016210737511087	2.6278801065336315e-06	6.886731466157593e-06	-0.0007473619084412	0.0008285226971356	6.864498596688491e-07	5.585498221888726e-07	0.0	0.0	0.0	0.0	0.0	0.0	0.0	0.0	0.0	0.0	0.0	0.0	0.0	0.0
860.4105994576058	0.5903052815916681	0.3484603254750185	740306.3996589966	1002.6043095106488	-1.570231148366361	2.46562585929994	1005215.4014493248	847.4514624671599	1.148514847206911	718173.9812377281	1.3190863542547149	876.0024070542502	625.5567231989727	1.422015	24.81708	0.2142104452677941	0.1127238478713205	-0.1497679255	0.0671402348	-0.0544209977	-0.0668607799	-0.0218773304	0.0524027372	-0.2160027136	-0.0874746102	-0.0598063289	0.1677815708	0.0061008442	-0.2148526291	-0.070478834	0.0578035937	0.0771442591	0.0368456253	0.0390380409	0.0410657219	0.066830375	0.0108997233	0.2592914215	-0.0190307165	-0.1076952677	-0.0846873601	-0.1273777003	0.108777356	-0.015769059	-0.0600693521	0.1566229252	-0.005127072	-0.0861537623	0.1386711162	0.1387765021	-0.080819715	-0.010674435	0.0253322635	0.0482505893	-0.0440439965	0.0872492038	0.019195624	0.1549910091	-0.3046343387	-0.1386669688	0.1286316475	0.0211558941	0.0589287674	0.0566289564	0.0815459469	0.1557861865	0.0142595066	0.0557857362	-0.0782567005	0.1577907224	0.0379880673	0.1052894923	-0.0391082318	0.2191591943	0.1158822995	-0.0259515362	-0.1013295375	-0.0647135557	-0.0249259534	0.103700803	-0.0259066576	0.044421833	0.0757621879	-0.029731718	-0.120434005	0.1359033317	-0.1308597421	-0.0664677936	0.0173215802	0.0300859479	0.1294367287	0.0583804184	-0.0466777599671104	0.015988300126196	0.0021788132755471	0.0002556257409253	0.0407670910452111	0.0408545126052075	0.001669091200209	0.0016619557122885	0.009707461324794	0.0678903596983814	0.0046091009399756	9.423480537237128e-05	-1.5938252384383963e-05	-0.000671920099471	4.5147662007323133e-07	2.540278890683211e-10	0.0015085065477848	-0.0011157517219283	1.2449019049859663e-06	2.2755920047096142e-06	-0.0007454882730804	1.8736353607999969e-06	3.5105094652401346e-12	5.55752765300397e-07	0.0	0.0	0.0	0.0	0.0	0.0	0.0	0.0	0.0	0.0	0.0	0.0	0.0	0.0
860.0382072259849	-0.3723922316208927	0.1386759741715886	739665.7178884862	999.4243427662368	-3.179966744412013	10.112188495566338	998849.0169137244	846.7348371387583	-0.7166253284016193	716959.8844243995	0.5135518613067287	874.2737232354212	628.8191453029275	1.386267	24.193197	0.1469978920693377	0.0647857318913216	0.0832509516	-0.0408629355	-0.0073286668	0.1365627462	-0.1631870858	0.1398413414	0.0865228644	-0.107555687	0.0634147676	0.0265699027	0.0644110527	0.0199771935	-0.0090525577	0.0705882395	0.0718313027	0.0542188349	-0.0200771014	-0.0207354616	0.1064332209	0.0186533283	0.0551436647	-0.1148121983	0.0423059528	0.2139578166	0.1904013304	0.0080207423	-0.1765703397	0.0736673435	-0.1224078985	-0.046190554	0.0838275696	0.1024279278	-0.0823373803	-0.0945003368	0.0098286366	0.0445481598	0.0280490474	0.0553550474	0.1116146456	-0.0466546579	0.1252702273	0.2022129945	-0.0264865377	-0.1922691778	-0.053840953	-0.1670406939	0.1974333557	-0.0951199743	0.0183322967	0.0156682597	0.0702310957	0.1484497215	0.0294312316	0.1863196604	-0.0489766281	0.0522293879	-0.0123927272	-0.1797963348	0.2314782335	-0.0276764189	0.2115797782	0.0636759842	-0.1505109464	-0.0521459385	0.2138016984	-0.1407475326	0.0915388791	0.2219620894	-0.2429643209	-0.0974165054	-0.076899002	0.1517811531	0.139180875	0.1259946088	0.0471208409	-0.0302835840069093	0.0163941759602011	0.0009170954603035	0.000268769005414	0.0243758847790047	-0.0163912062662063	0.0002686716428613	0.0005941837587593	0.028424732371775	0.018717271046981	0.0003503362354461	0.000807965410407	0.0008306535085653	0.0008465917609496	7.167176097078868e-07	6.899852512918429e-07	0.0008133436838826	-0.0006951628639021	4.832514073487085e-07	6.615279481117188e-07	-0.0003773381220133	0.0003681501510671	1.3553453373072858e-07	1.4238405832452406e-07	0.0	0.0	0.0	0.0	0.0	0.0	0.0	0.0	0.0	0.0	0.0	0.0	0.0	0.0
861.875389587208	1.837182361223085	3.375239028389232	742829.1871761016	1003.600417405032	4.176074638795171	17.43959938878822	1007213.7978155544	847.0332556260371	0.2984184872788091	717465.3361364435	0.0890535935497727	874.907461629905	632.0422519224323	1.311468	22.887796	0.2401512820132285	0.1370717587771319	-0.0063006177	0.0939866468	-0.1785612053	0.0482020924	0.005452421	-0.073409539	-0.0003868065	0.1175687173	-0.0098492445	-0.0403783502	0.1002203375	-0.0457753852	0.0286903304	0.0063858482	0.0814343628	0.1376084583	-0.1816653746	-0.0920872045	0.0589992963	0.2121262194	0.1287758852	-0.0783954199	-0.0359159859	-0.1207485901	-0.1593992603	-0.0542277724	0.0510028819	0.1269157953	-0.089914113	-0.0745319521	0.209080882	0.1622982894	-0.0482333976	-0.019137721	0.0546271633	0.1526931603	0.1001700991	0.1689644953	-0.1231292414	-0.0624745035	0.1206152723	-0.0438054426	-0.0206106835	0.1174355985	0.0201397903	-0.3789968449	-0.1034777982	0.0755524322	-0.0428151308	-0.1765009079	0.0274362525	0.1306794915	0.176802454	0.0575780006	0.0986342476	0.0720421315	0.0942727188	-0.0265572255	0.0220527582	-0.0882851708	0.4723432924	-0.1730144642	-0.1364458882	0.0611278577	-0.0857684874	-0.0319432558	-0.2560475851	0.1109461081	-0.1612654024	0.1276654178	0.055307366	-0.0082282896	-0.2703590805	0.1223675745	0.0355847396	-0.0260113981664034	0.0042721858405058	0.0006765928345711	1.825157185581909e-05	-0.0739930681664873	-0.098368952945492	0.0096764509035924	0.0054749741366904	-0.0334172705843656	-0.0618420029561406	0.0038244333296273	0.0011167139733087	0.0011741318973188	0.0003434783887534	1.1797740354070043e-07	1.378585712301445e-06	0.0008120951973984	-1.2484864841999551e-06	1.5587185012299653e-12	6.594986096375463e-07	-0.0015459740521974	-0.0011686359301841	1.3657099373172569e-06	2.390035770067649e-06	0.0	0.0	0.0	0.0	0.0	0.0	0.0	0.0	0.0	0.0	0.0	0.0	0.0	0.0
861.7455454913833	-0.1298440958247511	0.0168594892205471	742605.3851742417	1002.7315538384942	-0.8688635665378115	0.754923897256806	1005470.5690633608	847.9480208405352	0.9147652144980613	719015.8460473806	0.8367953976556838	874.8783983390358	626.8866572553295	1.345664	23.484589	0.2786555098391803	0.1704903301794313	0.126176884	-0.0439916253	-0.0927129146	-0.0525038265	-0.0642886987	0.0629656656	-0.0167497428	0.008898802	-0.1990377789	0.039951084	0.11017633	-0.1428857302	0.0548602606	-0.0273219032	0.1738835285	0.1555702804	-0.1182930693	0.0644250156	0.0697026344	0.0409609087	0.1056065203	0.1178826329	0.1149796269	-0.1286680713	0.0165807041	-0.0657360142	-0.1616437431	0.187567271	-0.1029060225	0.0381877864	-0.0751543944	0.0803000181	-0.0617253779	-0.1580324522	-0.0248738864	0.2333374716	-0.0918180354	-0.1359015422	0.0107487281	-0.1572369751	-0.01955145	-0.0261210178	0.0412606522	0.1360190997	-0.0857190349	-0.1892616349	-0.0061863963	-0.0025346554	0.0479493662	-0.0323872983	0.0842640994	-0.1789786346	-0.0893691037	0.0417361538	0.0585724783	0.0015957485	0.0849588998	0.002968414	0.1806105099	-0.0592941212	-0.1258256626	0.0922576934	0.1302734428	-0.024634823	0.107362061	0.0138691284	-0.1985958847	-0.1166927108	0.2351019678	0.0319971357	-0.1755679452	-0.0653301077	-0.3585073771	0.1185609488	0.023839813	-0.0199394576761022	0.0060719404903012	0.000397581972417	3.686846131775918e-05	0.0693241499651264	0.1433172181316137	0.0205398250129845	0.0048058377683873	-0.0132079850964288	0.0202092854879368	0.0004084152199329	0.0001744508703074	5.1828307100227104e-05	-0.0011223035902185	1.2595653486174983e-06	2.6861734168754514e-09	0.0009889849124369	0.0001768897150384	3.128997128640171e-08	9.780911570278227e-07	-0.0006640260428679	0.0008819480093295	7.778322911602678e-07	4.409305856068021e-07	0.0	0.0	0.0	0.0	0.0	0.0	0.0	0.0	0.0	0.0	0.0	0.0	0.0	0.0
863.3017995674461	1.556254076062828	2.4219267492621666	745289.9971363909	1003.2072414441056	0.4756876056114834	0.2262786981323861	1006424.769285892	847.4833438839532	-0.4646769565819113	718228.018160727	0.2159246739782275	875.1046746381189	635.7387073071919	1.086308	18.958307	0.1439362500882088	0.0706581371981865	0.0020735345	0.1512548193	-0.1763367999	0.0502466789	-0.0145362644	-0.00846299	-0.1389211999	-0.0793676292	0.0079784274	-0.0841408272	0.0479299153	-0.1841220468	0.1209697363	-0.0598764673	0.1333398827	0.1163470099	-0.0169552623	0.0035792262	0.0478234653	0.0558709296	-0.1039913259	-0.0393121453	-0.1487365329	-0.11881861	0.0198515473	0.0764169188	-0.1057671963	0.0191312677	0.1510299084	0.0491302011	0.0323647641	-0.0467340386	0.0332317992	-0.1496923415	0.0818759679	0.0617717178	-0.0473032398	0.1295607382	-0.0815357904	-0.0444747109	-0.0925440131	-0.1562755632	-0.0728617356	0.0720208872	0.0442129546	0.0888682235	0.1118545493	0.0321594156	-0.0049899593	-0.0146779665	-0.0041702046	0.007664194	-0.0122151666	0.1449680101	0.0563254924	-0.0027184704	0.1225730038	0.1285406426	0.0550387322	0.0044233934	0.0817936522	-0.0629151657	-0.0366346531	0.0160442265	0.1623203767	-0.0319011367	0.0149354641	-0.0288226603	0.122628748	-0.037409253	0.0732009526	0.0460868903	-0.3453507026	0.1145803187	0.0119549848	-0.0020940917040803	0.0178453659720219	4.385220065097934e-06	0.0003184570866753	0.0216788374749086	-0.0476453124902177	0.0022700758022905	0.0004699719942635	-0.0107253534141733	0.0024826316822554	6.1634600697387705e-06	0.0001150332058589	0.0006810731794767	0.0006292448723764	3.959491094120837e-07	4.6386067580250123e-07	0.0003778686653166	-0.0006111162471203	3.734630674943996e-07	1.4278472822814865e-07	-0.0003851283634904	0.0002788976793774	7.778391556215476e-08	1.483238563647937e-07	0.0	0.0	0.0	0.0	0.0	0.0	0.0	0.0	0.0	0.0	0.0	0.0	0.0	0.0
860.6958829803286	-2.6059165871174628	6.790801259013925	740797.4029792876	1006.7058997422122	3.498658298106534	12.24060988690971	1013456.768575777	847.7192376871025	0.2358938031492243	718627.9059448021	0.055645886364205	875.1131277311181	635.6167867452647	1.323097	23.090754	0.0505307598616748	0.0392502253666598	0.0859617147	-0.1672657728	0.0052283171	0.1936845852	0.0574853764	0.1595856244	0.0949934226	-0.01343513	-0.0104458273	-0.131466365	-0.0162314174	-0.0127189054	-0.1413543599	0.2038219363	0.0875913632	-0.1839600618	0.0119139013	-0.0214671697	0.1226208403	-0.1163262614	-0.0588653861	0.122139047	0.1039836417	0.0545987428	-0.0617238122	-0.0326861228	-0.0603221718	0.0762961823	0.1096605937	0.1613322137	0.0361220454	-0.029217054	-0.0898809216	-0.0293826132	-0.1764283667	-0.0513466157	-0.073052404	-0.0453911938	0.1947011407	-0.0990689161	-0.0861380984	0.0682598532	0.1732288861	0.0004787125	0.0197064969	-0.0249959997	-0.0637118651	0.0385799935	-0.0866976177	-0.0049496636	-0.0218082814	-0.1145429249	-0.1752407281	-0.1043674488	0.0384710528	-0.1337399311	0.0448643832	-0.1361910282	0.2097698433	0.0681317326	-0.0130803427	-0.0058436304	-0.1029359592	0.0100208012	0.1282997556	-0.0282076539	0.0073074685	-0.1695984442	0.1098620136	0.0119584926	0.1360587734	-0.1244540625	-0.1234303717	0.1104315261	-0.0	-0.0043768122786076	-0.0022827205745273	1.9156485722170256e-05	5.210813221370249e-06	0.02178339867109	0.0001045611961813	1.0933043746884602e-08	0.0004745164576636	-0.0145678652114753	-0.003842511797302	1.4764896912405048e-05	0.0002122226968197	-6.695374572798278e-05	-0.0007480269252046	5.59544280831172e-07	4.482804067007372e-09	0.0002400129788229	-0.0001378556864937	1.9004190298649305e-08	5.7606230003441846e-08	-0.0003849916493155	1.367141748999639e-07	1.869076561857792e-14	1.4821857004266898e-07	0.0	0.0	0.0	0.0	0.0	0.0	0.0	0.0	0.0	0.0	0.0	0.0	0.0	0.0
859.4362465881459	-1.259636392182756	1.58668384051119	738630.6619495202	999.8116717820756	-6.894227960136618	47.53037916632952	999623.3790316688	846.3868600490874	-1.332377638015032	716370.7168637535	1.7752301702825155	874.3649333334512	619.7710666182393	1.245959	21.744534	0.1251564310156939	0.0568879322094955	-0.0997549934	0.0586843651	-0.1041149908	0.0971893653	-0.0400643279	0.1157204967	0.0510870901	-0.0267897426	0.1262907847	-0.0697458312	-0.0388910777	0.0208439731	0.0100688147	0.0376244692	-0.0022641208	0.0242726462	0.0811243	-0.0217615877	0.0868890127	-0.0390836865	-0.0129584458	-0.0178229099	0.0063446599	0.0573830169	-0.1128348677	-0.0329886989	-0.030859462	0.0573543476	-0.1329427565	-0.176336867	-0.1024771555	-0.1706466446	-0.0504687483	-0.0135024876	0.0554227506	-0.0859538494	-0.0034480381	0.0643769844	0.0329824743	-0.0163966508	-0.0142958116	-0.0026141391	-0.0571369681	-0.1351078658	0.0630114326	-0.0968009701	-0.1653358031	-0.1980436757	-0.1203486243	0.0469855717	0.0085535317	0.0898358452	0.0206505397	0.016816249	0.0182616666	-0.0757341559	0.1394558697	0.0775626442	0.0731686692	0.0503455784	-0.0110185576	-0.0871792001	-0.033145071	0.0430518516	0.1993239442	-0.0350614365	-0.0420172383	0.0299360503	0.0363163042	-0.0076322102	0.0984554312	0.1715218398	-0.0849773066	0.10612066	-0.0119549848	-0.0120404426787388	-0.0076636304001311	0.0001449722598999	5.873123090981508e-05	0.0599589329751637	0.0381755343040737	0.0014573714194015	0.0035950736435201	0.0203466078641696	0.0349144730756449	0.0012190204301499	0.0004139844515782	0.0004809807136824	0.0005479344594103	3.002321718093485e-07	2.3134244693443085e-07	-0.0001000925556471	-0.00034010553447	1.1567177457712437e-07	1.0018519695967811e-08	-0.000384975778479	1.5870836500044005e-08	2.51883451211129e-16	1.4820635001551205e-07	0.0	0.0	0.0	0.0	0.0	0.0	0.0	0.0	0.0	0.0	0.0	0.0	0.0	0.0
859.8258650398583	0.3896184517124084	0.1518025379147743	739300.5181915406	998.0691430166866	-1.742528765389011	3.0364064982081507	996142.0142420632	845.3569090716607	-1.029950977426779	714628.3037151919	1.0607990159023777	874.9121571238063	632.1346569389503	1.507499	26.308941	0.4165436607952644	0.197746809824373	0.0674034232	-0.1824133165	-0.2754618448	-0.0338021665	0.0970843603	-0.1283063973	0.1330320077	0.3355710203	0.0743725773	0.0812301535	0.0531024984	-0.0753723652	0.0592150571	0.2454651398	-0.1643441742	-0.0738964425	-0.2639646196	-0.0198363112	0.1070650396	0.1024181504	0.1726611875	0.0508001849	-0.1504476965	0.0498838517	-0.0913903219	-0.0441254299	0.1258671738	0.0557453841	0.0090777152	0.1371314345	-0.3255660267	-0.2947705638	-0.0598757373	0.2962629243	-0.0414184629	0.1737780648	0.0850156698	0.1495428105	0.0284046746	-0.1052731867	0.1458667936	-0.1349393245	0.0305389053	-0.0497769025	0.1191684707	-0.1102663895	-0.0914676709	0.0418152865	-0.3079918924	-0.3104159774	-0.236619287	0.0209668788	0.0557024191	-0.2384121793	0.161162896	0.1418229048	0.1296645884	-0.0944670109	-0.1012139562	-0.0925521577	-0.0493629924	-0.0662889157	0.1001268308	0.0097161972	0.081728668	0.0901972257	-0.0669591111	0.2284540675	-0.0352840537	0.0378491579	0.1288261801	0.2086468175	0.1778802765	0.1016540472	-0.023839813	-0.0506554797700573	-0.0386150370913185	0.0025659776307346	0.0014911210895639	-0.0602477987212353	-0.120206731696399	0.01444965834513	0.0036297972507544	-0.1327367607052423	-0.1530833685694119	0.0234345177325584	0.0176190476425207	-0.0008149071361055	-0.0012958878497879	1.6793253192279071e-06	6.64073640475668e-07	0.0002148529852461	0.0003149455408932	9.91906937285103e-08	4.616180526916087e-08	-0.0008669128565606	-0.0004819370780816	2.322633472298302e-07	7.515379008700594e-07	0.0	1.0	0.0	0.0	0.0	0.0	0.0	0.0	0.0	0.0	0.0	0.0	0.0	0.0
862.9017232246277	3.0758581847694586	9.460903572813269	744599.383944032	1002.5147758226716	4.445632805985042	19.76365104565044	1005035.8757427814	848.4199103161297	3.063001244469092	719816.3442208297	9.381976623619206	874.9932210423215	631.8827166548194	1.782976	31.116587	0.3471923629009003	0.1866146002809043	0.2198898776	0.0710497678	0.1040014942	0.0558830624	-0.145461984	-0.0320964857	-0.1214267982	-0.0379343784	-0.2598559616	0.1656102673	0.196260778	-0.1516667746	-0.0323723856	-0.0906318757	0.2169204102	0.0838363429	-0.0427985413	-0.0843288448	-0.2444236419	0.1234927697	0.2458366387	0.1397772403	0.0569386751	0.1141064214	0.1263654094	0.0599743767	-0.0743397824	0.1477756365	0.0657374843	0.218096534	-0.0336215587	0.0263566001	-0.1190614137	-0.1876287864	-0.0907977985	0.1808731101	0.134884954	-0.252154002	-0.1423691878	0.0035971908	0.095310292	-0.0384786492	0.1614096151	0.043039136	-0.0064029416	-0.0869996938	0.2633025195	0.0302443068	-0.0147855747	-0.0257104105	0.0014462612	-0.1892917224	-0.1794025286	0.1510985852	-0.0054031699	0.0192937482	0.303896353	-0.1097724037	0.0198725522	-0.1457348719	0.0533526306	-0.0651842046	0.1775745758	0.1119187272	0.0203208513	-0.0056249545	0.0211830871	-0.241946897	-0.0039578903	-0.1555707526	-0.146080402	0.0365156854	0.1103629131	0.0970382431	-0.0355847396	-0.0149605911404506	0.0356948886296067	0.0002238192872717	0.00127412507428	0.0831195713424648	0.1433673700637001	0.0205542027989819	0.006908863140155	-0.0224343348028384	0.1103024259024038	0.0121666251599553	0.0005032993780458	-0.0004930149778422	0.0003218921582633	1.0361456155140545e-07	2.430637683767449e-07	-8.891709068659104e-05	-0.0003037700759326	9.227625903215289e-08	7.906249016167455e-09	-0.0003360215246528	0.0005308913319078	2.818456062948379e-07	1.1291046502999227e-07	0.0	0.0	1.0	0.0	0.0	0.0	0.0	0.0	0.0	0.0	0.0	0.0	0.0	0.0
860.9320055366156	-1.9697176880121103	3.879787770467774	741203.9181572992	1001.3641187903586	-1.1506570323130063	1.324011606011375	1002730.0984007914	847.0733462173326	-1.3465640987971028	717533.2538718291	1.8132348721692535	874.4960251722365	635.9518903363959	1.393299	24.31592	0.1696173452314165	0.1030451311293507	-0.0595325003	0.0982737027	-0.0834163857	0.1163579685	0.0984698659	-0.1138877248	-0.0998618591	-0.0454831133	0.1068645745	-0.0714235986	0.0658103618	-0.0516437586	-0.0882018516	-0.0807097852	0.0534400378	0.0839766611	-0.0172068943	-0.0265507573	-0.0823465047	0.0403024944	-0.0963865642	0.0270356277	-0.2580378198	0.1382884266	0.0303979753	0.1142861641	-0.0951749914	-0.1439269807	-0.0289552458	-0.1263675764	0.0068103812	-0.1414871968	0.0212750988	-0.0648522179	0.0601948382	-0.0045757966	0.0628024274	0.1375563563	-0.0572588115	0.1188593671	-0.0203462051	-0.0300850775	0.0821022429	-0.0326249466	0.0452943198	0.0351497175	0.1999575425	-0.1698028527	0.0378067996	-0.0217298285	-0.1650119462	-0.0060462192	0.0214068745	0.118723055	0.0852121064	-0.0042168447	0.0123512753	0.1030841279	0.0430441595	0.1839856546	-0.038624672	-0.1618186162	0.0268593981	-0.1000132209	0.1174198252	-0.0225221643	0.1731251642	0.1472579459	0.0409146834	-0.2990495368	0.0947224134	-0.10928785	-0.0807616289	0.092280022	-0.0471208409	0.0024792152992034	0.017439806439654	6.146508499804204e-06	0.0003041468486525	-0.0130726686205377	-0.0961922399630025	0.0092529470290998	0.0001708946648623	-0.0059765011730235	0.0164578336298149	0.0002708602877866	3.571856627115128e-05	-6.305018280000513e-05	0.0004299647950421	1.8486972497567665e-07	3.975325551114062e-09	-0.0003784918845766	-0.00028957479389	8.385356125644118e-08	1.4325610669034634e-07	-0.0002650118096061	7.100971504669999e-05	5.042379631013531e-09	7.02312592306998e-08	0.0	0.0	0.0	0.0	0.0	0.0	0.0	0.0	0.0	0.0	0.0	0.0	0.0	0.0
860.4944218396901	-0.4375836969255715	0.1914794918150504	740450.6500172225	1005.6189069533616	4.254788163003013	18.10322231203056	1011269.3860220736	847.5400024414063	0.4666562240736311	718324.0557383789	0.217768031466659	875.8409804429979	626.1360973281569	1.320679	23.048553	0.2132536989265978	0.12621468071936	0.0928194365	-0.1262270066	-0.1097954413	-0.1475941575	0.1937538973	-0.0180624565	-0.1704876845	0.1278823058	-0.1489860005	-0.1633589808	-0.0749307591	-0.0254542269	0.009095621	0.0118415844	0.0294164602	-0.1586160546	-0.0405494243	0.3042235212	-0.0024923462	0.1213426862	-0.1363988134	0.2818372204	-0.0715177655	-0.064498016	-0.143105092	0.092203078	0.0289373378	-0.2855103871	-0.2036505897	-0.059248516	-0.0787816094	0.0400249686	0.116246868	0.061027926	-0.1931696932	0.0359815388	-0.2691432508	0.0497915211	-0.0492220054	0.0053206202	0.0031662289	-0.2130276844	0.227560957	-0.0239169267	0.0199353297	0.1566359538	-0.1233732919	-0.217762471	0.1614955954	0.0025325341	-0.2615191337	-0.2871863631	-0.0029617643	-0.0989611817	0.2873295412	0.0898736683	-0.2243872051	0.0119294498	-0.0372950702	0.2827075716	0.060789824	-0.0520853555	0.055511032	-0.0939230858	-0.0681636325	0.1604317852	-0.0578406886	0.2746909329	-0.0813934471	-0.2748816376	-0.0375656849	-0.2530985504	-0.0377729504	0.0873863672	-0.0583804184	-0.020607727513962	-0.0230869428131654	0.0004246784332897	0.0005330069284583	-0.036448429206942	-0.0233757605864043	0.0005464261829928	0.0013284879916534	0.0242457808049749	0.0302222819779984	0.0009133863279576	0.0005878578868428	-0.0020691669853495	-0.0020061168025494	4.024504625471409e-06	4.281452013260337e-06	-0.0010516729608764	-0.0006731810762997	4.531727614881571e-07	1.1060160166385338e-06	-0.0003170882017374	-5.20763921313e-05	2.7119506174129246e-09	1.0054492768105809e-07	0.0	0.0	0.0	0.0	0.0	0.0	0.0	0.0	0.0	0.0	0.0	0.0	0.0	0.0
862.9325627563832	2.4381409166931007	5.944531129653074	744652.6078652992	1005.8317073007648	0.2128003474032311	0.0452839878549358	1011697.4234115714	848.6342382920527	1.0942358506464416	720180.0704015325	1.1973520968399416	876.3437647380651	630.7684392035577	1.535319	26.794468	0.3418752581638883	0.1704565648169843	-0.0006468976	-0.1637789424	0.0496934597	0.160836681	-0.0353270241	0.2009471837	-0.2063200595	-0.0713305263	-0.0079370807	0.0280320883	-0.2215063445	-0.2880859912	-0.1068673853	0.0806811665	0.1234904866	-0.1138294321	0.0764651386	-0.0289475271	0.1220049514	0.0296569558	0.110317446	0.0388350156	0.2129114855	-0.0196355863	-0.2427119531	0.1086480911	0.0894963388	0.1055322755	0.0979190948	0.0162781467	0.0484793287	-0.0140195322	-0.0233978686	-0.0961352033	-0.1163913841	-0.0989599522	-0.0290545244	-0.0814068234	0.1147337064	-0.2835554461	0.0588601728	-0.040302933	0.0357052207	0.088150305	0.0974541905	-0.0655009446	-0.0620914955	-0.0558051496	-0.0888743176	0.1429905175	0.0129686234	-0.0123642695	-0.0342914066	-0.0492132251	0.170766327	-0.1160706504	0.1782729574	-0.2811033399	0.0851979993	-0.0358665848	-0.02080896	-0.1028088947	0.0108284379	0.1734902877	0.068250797	0.0471172643	-0.029759222	0.0266478675	0.0386699239	0.0917847999	-0.1509067326	0.0748791722	0.202161933	0.0823644609	-0.0692973963	0.0108699822123412	0.0314777097263032	0.0001181565132966	0.0009908462096134	0.1016595527726451	0.1381079819795871	0.0190738146864739	0.0103346646699342	0.068779879574663	0.0445340987696881	0.0019832859532283	0.0047306718343051	-0.0002508518042004	0.001818315181149	3.3062700979972837e-06	6.292662767059584e-08	-0.0012290327803756	-0.0001773598194992	3.1456505572788825e-08	1.5105215752377778e-06	0.0002423461513805	0.0005594343531179	3.129667954484432e-07	5.873165708894021e-08	0.0	0.0	0.0	1.0	0.0	0.0	0.0	0.0	0.0	0.0	0.0	0.0	0.0	0.0
859.1275530903927	-3.8050096659904966	14.478098558281111	738100.1524790855	1001.4770803665848	-4.3546269341800325	18.96277573588619	1002956.342499579	847.1448651609168	-1.4893731311359488	717654.4225685078	2.2182323237497004	875.7531956196325	636.0422360217822	1.41105	24.625706	0.2177431855452844	0.1094413665758117	-0.0518775446	0.1827561404	0.0450739802	-0.0885413199	0.1045907287	0.2479447063	0.0506199092	-0.1280050548	-0.0517841436	0.0385268159	-0.0338033937	0.055737119	-0.0353589964	-0.0125347948	0.0196907172	0.0075201723	0.1705622199	0.132288494	0.1619926681	0.0012426109	0.0690861814	-0.0574510134	0.0138124339	0.0328787008	-0.0352702965	0.0733324032	-0.0384655644	-0.1216933237	-0.1265917151	0.0885957578	0.033317229	0.0926250331	-0.1580354822	-0.0884764064	0.04032833	-0.1175409611	-0.0656540501	-0.0484291119	0.1285360842	0.0533499243	0.1794182946	-0.0869681528	-0.0568096846	-0.087057705	-0.0161614135	0.0286955173	-0.0328458181	-0.1300353447	-0.0223464297	0.2187126372	-0.1006893835	-0.0173009813	0.0464897429	-0.0491045642	0.0802061513	0.1079335058	-0.0073550581	0.0497327094	0.1272531558	0.2425527791	0.1103264803	0.0104632349	0.0892797358	-0.0441315553	0.0416525466	-0.0326913283	0.0413283306	-0.0484264855	-0.0871012329	0.121784615	-0.0347750474	0.0900714394	0.0755545257	0.0772216734	-0.0798077096	0.0474592771486896	0.0365892949363484	0.0022523829874761	0.001338776503939	0.0117119513372045	-0.0899476014354406	0.0080905710039888	0.000137169804125	0.1058357314379634	0.0370558518633004	0.0013731361573148	0.0112012020490087	0.0002749152492517	0.0005257670534521	2.764309944957035e-07	7.557839427112433e-08	-0.001459920011253	-0.0002308872308774	5.3308913382233835e-08	2.13136643925696e-06	0.0005687006132549	0.0003263544618744	1.0650723478532921e-07	3.2342038751649935e-07	0.0	0.0	0.0	0.0	0.0	0.0	0.0	0.0	0.0	0.0	0.0	0.0	0.0	0.0
858.5104675908602	-0.6170854995324362	0.3807945137331963	737040.2229630775	995.8980122469784	-5.579068119606404	31.12600108320854	991812.8507974828	845.9284666888482	-1.2163984720685903	715594.9707545458	1.479625242850801	873.2926577200194	611.8857856590023	1.130377	19.72739	0.0629903467852719	0.0359525136582618	-0.1416339468	0.0042590164	0.0683023078	-0.0448022485	-0.0891825365	0.0036840203	-0.1892761527	-0.1631339519	0.0416864604	0.1111765009	-0.1868985138	-0.0492676423	0.0878453271	-0.0154389077	-0.0364578408	0.2376473326	0.1421306166	-0.0099810559	0.1715370135	0.0434904529	0.156286589	0.0685299205	0.1042091847	0.0104329495	-0.1246345997	0.1959652773	0.0680613137	-0.0827930439	-0.0307141903	0.0545950766	0.0956259385	0.0382563449	-0.0668457499	-0.1064350443	0.2864450073	-0.0606058602	-0.0215723922	-0.0941905873	0.0596150151	-0.1509025825	0.0933883629	-0.0970273078	0.0061623803	0.1004026583	-0.0215861737	-0.0006336337	-0.02384	-0.1061395357	-0.0103548492	0.2088758372	-0.0746192787	0.0078966507	0.0977401389	-0.0178421891	0.1465817344	-0.0430224933	-0.0584913389	-0.1058522493	-0.0357996589	0.0511369838	0.0851468631	-0.0040673174	0.149714841	0.1823577509	0.0351970451	0.1863176194	-0.0162930568	-0.0848909893	-0.1715256529	0.0798978667	-0.177608067	0.1695122964	-0.0738182009	0.0719655524	-0.0898496795	0.0473027539767372	-0.0001565231719524	0.0022375505337837	2.4499503358041328e-08	0.0280866337006386	0.016374682363434	0.0002681302225033	0.0007888589926338	0.1232161587099938	0.0173804272720304	0.0003020792521583	0.0151822217672463	-0.0001240634156669	-0.0003989786649186	1.591839750602285e-07	1.5391731106938012e-08	-0.0013535395099453	0.0001063805013077	1.1316811058477582e-08	1.8320692049829624e-06	0.0006449157265857	7.621511333079996e-05	5.808743500026682e-09	4.159162943975613e-07	0.0	0.0	0.0	0.0	0.0	0.0	0.0	0.0	0.0	0.0	0.0	0.0	0.0	0.0
862.6278430302633	4.117375439403077	16.952780508999677	744126.7955710446	1000.1300298712226	4.232017624244236	17.909973171913826	1000260.0766502126	846.9162363238039	0.9877696349557256	717267.1113488773	0.9756888517405672	874.0801214634324	631.4291895251885	1.203943	21.011267	0.2009123853206215	0.1044196826949059	-0.0829536244	0.1007413968	-0.0746679495	0.0454207854	0.0080059723	0.2123165036	0.0650759218	-0.1451128527	0.0282286151	-0.0035686607	0.1528685296	0.0746359542	0.0452746894	0.096704277	0.0564935599	0.2192489971	0.0715922451	0.0276699303	0.0307059041	-0.1624598785	-0.0477436198	0.1534883283	-0.1248184977	-0.1840376259	0.1996789288	0.0279184027	-0.0860493839	0.0154180746	-0.0646292367	-0.0500663034	0.0174692651	-0.3808156648	-0.1591959588	-0.1253368647	0.1446527062	0.0992364819	-0.0037614836	-0.0113902791	0.1443695668	0.1314577762	-0.0591961988	-0.0748694029	0.123944289	-0.0415151424	-0.2728156015	0.1171285183	0.0092764232	-0.0616639356	-0.2407753434	0.0766890806	0.0269652838	-0.1214438162	0.0735380566	0.083589787	0.099061539	-0.0586303808	-0.0012857786	0.0655126511	-0.0073952295	0.1515647533	-0.0168231867	0.0496667333	-0.1257675943	-0.0785691438	-0.0211623729	-0.269513258	-0.163969245	0.0010876856	-0.1422724973	0.0989157317	-0.185648691	-0.0606628776	0.0812493816	0.066603812	-0.0993643757	-0.0167417847270883	-0.0640445387038255	0.0002802873558481	0.0041017029377858	0.0280744184061632	-1.2215294475398377e-05	1.4921341912069807e-10	0.0007881729688443	0.0851297193304532	-0.0380864393795406	0.0014505768646114	0.0072470691132817	0.0002369513594115	0.0003610147750784	1.3033166782490777e-07	5.6145946726957856e-08	-0.0005580200478487	0.0007955194620965	6.328512145744636e-07	3.113863738010655e-07	-0.0001739338750949	-0.0008188496016806	6.705146701724772e-07	3.0252992905528285e-08	0.0	0.0	0.0	0.0	0.0	0.0	0.0	0.0	0.0	0.0	0.0	0.0	0.0	0.0
861.1966051897479	-1.4312378405154504	2.04844175612333	741659.5927903465	1001.9414160439138	1.8113861726911864	3.2811198666168244	1003886.6011840831	847.2460198596516	0.3297835358476959	717825.8181680212	0.1087571805162085	875.0628121029874	633.4271823015085	1.152976	20.121801	0.0787877411457952	0.0411012990935548	0.0321622153	0.0583083951	0.0528376803	0.0842175778	0.0425660872	-0.026312751	-0.1224219013	-0.0628221238	0.0862590161	-0.1184335462	-0.1568126199	-0.052431936	0.1478826802	0.0431640012	0.0452944633	0.0356955565	0.1108004435	0.025693711	0.0413545604	0.1979101893	-0.0936064257	0.0183844867	0.1089603638	-0.1200683275	0.139221113	0.1096486642	-0.0382986535	0.0292741858	0.1723815202	-0.1711359048	-0.0635482112	0.0124383304	-0.1779064957	-0.0581176858	0.0873584155	-0.1396660846	-0.0677282937	0.1010436731	-0.1313432893	-0.1653690742	0.0117043472	-0.0089594839	-0.0144919728	-0.0021643841	-0.0638792851	0.0635854602	-0.0168265994	0.0476613729	-0.1264860153	0.1111322129	0.0111716683	0.0025990514	0.0688188117	0.1649830204	0.0222486018	-0.037901795	-0.1076983214	-0.1490705321	-0.1255713086	-0.0004052399	0.0132514273	-0.007083562	0.0800813647	-0.003053848	0.0231672385	-0.0944131416	0.0073866988	-0.0460154319	0.0930913092	0.1625331815	-0.002528915	0.0295857482	-0.0118597378	0.0611443214	-0.1082959623	0.004612119266838	0.0213539039939263	2.1271644131538293e-05	0.0004559892157818	0.0281673203305956	9.290192443239809e-05	8.630767563243005e-09	0.0007933979346063	0.1081831205002998	0.0230534011698465	0.0005314593054978	0.0117035875611823	0.0008729475544934	0.0006359961950819	4.044911601586542e-07	7.620374328960076e-07	-0.0006070755358977	-4.905548804899997e-05	2.406440907725579e-09	3.685407062854797e-07	-0.000173234877074	6.989980209000119e-07	4.885982332221335e-13	3.0010322634843894e-08	0.0	0.0	0.0	0.0	0.0	0.0	0.0	0.0	0.0	0.0	0.0	0.0	0.0	0.0
862.2308553292805	1.0342501395326735	1.0696733511233547	743442.0478818627	998.910120621156	-3.0312954227578075	9.188751940032436	997821.4290793724	849.0347022132536	1.788682353601985	720859.9255623482	3.1993845620871357	876.4270636983593	639.0840165264063	1.168923	20.40011	0.1428889637552099	0.0687124297298662	-0.0858319058	0.1520486598	0.0345162361	0.0235265929	-0.0059021075	0.1751502969	0.0644201962	-0.1870805362	-0.019189084	-0.0282742219	0.0776048398	0.0386467552	-0.0547548435	-0.0741682403	0.1596455617	-0.0485972619	0.2064650838	-0.016177107	0.0771487413	-0.1841803643	-0.0086295796	-0.0362598352	-0.0301812547	-0.0228680457	0.0733840739	-0.0059749855	0.0966847973	-0.1147999312	0.0126495892	-0.010083432	-0.2144094162	0.0476732214	0.0090286871	-0.1902347326	-0.0572711954	-0.1189739389	0.0154923567	-0.048348913	0.1497337004	0.131589488	0.0225123394	-0.0397662157	-0.0033787168	-0.0407108934	-0.1040966873	0.1224376228	-0.2305034314	-0.0495897702	0.0891647463	0.1697559506	0.0249475133	-0.0494359935	0.0158016915	0.0419727322	0.0943237658	0.0184713536	0.0232941924	0.1086058249	0.0426572253	0.1218856548	0.0457164585	0.0865279532	-0.0265311301	-6.13404e-05	-0.0633522855	-0.285870669	-0.1491538374	-0.1218059792	-0.014161514	0.117893226	0.1460093646	-0.0270162844	0.1629224399	0.055595093	-0.1165920251	0.0244356260114955	0.0198235067446575	0.0005970998185736	0.0003929714196554	0.0475155702650624	0.0193482499344668	0.0003743547755265	0.002257729417614	0.0853183700712492	-0.0228647504290505	0.0005227968121827	0.0072792242716146	0.0009438669726976	7.091941820420002e-05	5.029563878422217e-09	8.90884862149332e-07	-0.001486768478202	-0.0008796929423043	7.738596727399964e-07	2.210480507775091e-06	0.0004932018953582	0.0006664367724322	4.441379716498479e-07	2.432481095849209e-07	0.0	0.0	0.0	0.0	0.0	0.0	0.0	0.0	0.0	0.0	0.0	0.0	0.0	0.0
856.6267989784491	-5.604056350831456	31.40544758329438	733809.4727280642	999.1071177279013	0.1969971067452434	0.0388078600659968	998215.0326945544	845.037852923638	-3.996849289615625	714088.9728737919	15.974804243900923	873.8139045660104	638.8383174188734	1.54974	27.046131	0.093499422951877	0.0602246746909864	-0.0733203845	0.1548538675	0.0567729311	-0.0293176635	0.2129801854	-0.1498209621	0.0892566941	-0.01553784	0.2304315233	-0.1508049742	-0.2124934903	0.0320082393	0.1122393774	-0.1017114046	-0.2304066257	-0.0239282192	0.1737333267	0.0077301881	0.1605237381	0.2266089672	-0.0768615916	-0.1550759133	-0.01881552	-0.0562324341	0.1389339554	0.2379321668	-0.0203084828	0.015078541	-0.172556821	0.0093144865	-0.0473724359	0.1246011902	-0.0994432943	0.1229546414	0.1946828942	-0.2666426884	-0.0372925322	0.208386236	-0.0503001495	-0.1108046522	0.1435067399	0.0566510575	-0.0709061932	0.0877614607	-0.128299937	0.0082145267	0.0456254299	-0.140491317	0.1021619722	0.160062344	-0.113265515	0.1789026602	0.200591155	0.2092824441	-0.0527585717	0.0189909562	-0.2063689801	-0.0886638071	-0.1438740486	-0.0161311976	-0.1202614928	0.0203905335	0.2755259177	0.0192514644	0.1624788051	-0.0214619989	0.1657770682	0.0346880385	0.0455775507	0.2250937507	-0.0725381935	-0.0372204466	-0.0238763257	0.0499642712	-0.1242038795	0.0255797452068264	0.0011441191953308	0.0006543233648461	1.3090087331246255e-06	0.0697211611284416	0.0222055908633791	0.0004930882655917	0.0048610403090981	0.1425344908112862	0.0572161207400369	0.0032736844725384	0.0203160810708326	0.0010839010417703	0.0001400340690727	1.960954050105773e-08	1.1748414683507418e-06	-0.0016047373448178	-0.0001179688666157	1.3916653490616396e-08	2.5751819458528825e-06	0.0004938708027323	6.689073741000112e-07	4.4743707512537243e-13	2.439083697914464e-07	0.0	0.0	0.0	0.0	1.0	0.0	0.0	0.0	0.0	0.0	0.0	0.0	0.0	0.0
853.293950861124	-3.3328481173250566	11.107876573157174	728110.5665761863	986.5156971792156	-12.59142054868562	158.54387143386245	973213.220780994	841.9693442015521	-3.0685087220858804	708912.3765751916	9.415745777517124	871.4248834272698	613.4972024045984	1.952085	34.067879	0.8129893005324098	0.4247704565914139	-0.1766886181	-0.2466116248	-0.2795973284	0.0046744399	0.069595927	-0.2705956457	0.1818482689	0.548951094	0.4068767074	0.2714545834	0.0657128963	-0.1973891515	-0.0146164572	0.118215274	-0.4595025896	-0.0446197615	-0.3678750812	-0.1792335437	0.1808857179	0.2288473392	0.2155415098	-0.0202340194	-0.0471290146	0.112703925	0.1538134617	0.1499849043	0.0351828511	-0.0706077712	0.1049279464	-0.1188522099	0.0804716468	-0.0608190519	0.0441937007	0.5169897819	0.0386370424	0.2387592813	0.3454242785	0.0779983767	0.1866196625	-0.2036339926	0.2864260845	-0.0663997926	0.0495600932	-0.026026293	-0.0942337304	0.1332878328	0.0323811763	-0.0970447975	0.1963016862	-0.4898689963	-0.3285157923	0.2330199318	0.2903819043	-0.1315750848	-0.0605020139	-0.0709765555	0.0454080365	-0.1415813231	0.0440245139	-0.0790542884	-0.1292475556	0.1669047986	0.1730455237	0.0775734139	-0.0237610349	-0.1900208337	0.0327772648	-0.1471710023	0.0765948258	0.0878592327	-0.0354104747	-0.1904425153	-0.0371992771	0.0442601199	-0.1310868562	-0.0653254091938606	-0.090905154400687	0.0042674090863453	0.0082637470966127	-0.1379556418169443	-0.2076768029453859	0.0431296544816166	0.019031759109125	-0.1778101376130507	-0.3203446284243368	0.1026206809603264	0.031616445037972	0.0011058482937633	2.1947251992999843e-05	4.816818700442354e-10	1.2229004488192017e-06	0.0006073634587773	0.0022121008035951	4.893389965266087e-06	3.6889037105792497e-07	-0.0011533354369196	-0.0016472062396519	2.7132883959481524e-06	1.3301826300545249e-06	0.0	0.0	0.0	0.0	0.0	1.0	0.0	0.0	0.0	0.0	0.0	0.0	0.0	0.0
862.3443214073646	9.050370546240629	81.9092070242599	743637.7286635282	1004.849673024724	18.33397584550835	336.13467030368355	1009722.8653778948	848.7845700964464	6.815225894894297	720435.2464338093	46.447303998437775	877.6114559863938	630.2426174885912	2.370833	41.3759	0.6725146412438896	0.3555437266050404	0.2121807777	0.0389477672	0.0055068437	-0.2461303151	-0.0533602526	-0.0189616713	-0.1401017428	0.1139326642	-0.4952581696	0.2600882049	0.2430262466	0.0115081672	-0.0047494179	-0.0502325389	0.1667672354	0.0384259525	-0.0845312001	0.2028910742	-0.2009228934	-0.0827827745	0.2960532243	0.1127966412	-0.0502293435	0.0492177246	-0.1679781022	0.0160564525	-0.0201449911	0.1064770253	0.0407828215	-0.0170437947	-0.0013890517	0.0268006196	0.0832297959	-0.1118653419	-0.1656756226	0.2589491284	-0.0885011987	-0.3115647197	-0.0255749594	0.121046645	0.1409849806	-0.1478564956	0.0034649602	0.1543268172	0.1555757063	-0.1192712211	0.1538654419	-0.0349677932	0.095258156	-0.0419136776	0.0423469635	-0.3270819995	-0.1538035012	0.0563517173	0.0273644788	0.1761486583	0.098006572	0.0258513267	0.0763856717	-0.3119509972	0.0476134266	-0.0133059662	0.1786714848	0.0370744773	-0.1798923806	-0.1237375126	-0.0021794151	0.023844059	-0.1136474382	0.0480643436	-0.006444333	-0.0314031599	0.2065898357	0.0384910108	-0.1372005631	0.010373316220253	0.0756987254141136	0.0001076056894053	0.0057302970293213	0.1060176508627819	0.2439732926797262	0.0595229675409873	0.0112397422944627	0.0286923507479031	0.2065024883609538	0.0426432776992658	0.0008232509914406	4.977771656617877e-05	-0.0010560705771971	1.1152850640214606e-06	2.477821066542828e-09	-0.0007240151372025	-0.0013313785959798	1.7725689658331437e-06	5.241979188983548e-07	-0.0006139819143146	0.000539353522605	2.9090222234642224e-07	3.769737911054209e-07	0.0	0.0	0.0	0.0	0.0	0.0	1.0	0.0	0.0	0.0	0.0	0.0	0.0	0.0
859.2517246005453	-3.092596806819301	9.56415500954894	738313.5262290115	998.3592497793476	-6.490423245376405	42.12559390412239	996721.1916199818	846.5272787178512	-2.2572913785951414	716608.4336134506	5.095364367879954	874.2992308812895	630.7262472586696	1.578163	27.542179	0.1938740198466217	0.1136426989098471	-0.0617114649	-0.0405233125	0.0949184829	0.1729004166	0.0918655587	-0.1403781178	0.009561557	0.0305632757	0.1330012236	-0.0514391376	-0.0752543074	-0.0704526071	-0.0758227749	-0.1785402535	-0.0610676631	-0.0387058243	-0.0067296688	-0.1160255002	-0.0094488444	0.04161607	-0.1804106094	0.0909636547	-0.0827884947	0.0162535744	-0.0770221458	0.0497714639	-0.0860492185	0.1387411901	0.0910191423	-0.1065936661	0.0422862775	-0.0916172266	0.040142071	0.0575915389	0.0408447738	-0.0918296865	0.0753699785	0.0555113737	-0.0151957795	-0.0345799786	-0.1271908835	-0.0083211291	0.1057598419	0.0908831355	0.1099626732	-0.0334447745	0.1729790008	0.0173057206	-0.0537744256	-0.0098644045	-0.0886460262	0.0419676593	0.0254906763	0.0966131604	-0.0632517875	-0.1913510668	-0.0273585427	-0.0100282407	-0.0262467344	0.0195038227	-0.0700381576	-0.0714984363	-0.0098636395	-0.1349531072	-0.0751634217	-0.1251071961	0.0209603368	0.0612406304	0.0856146706	-0.050887439	-0.1030604383	-0.0408276149	0.0076690301	0.0326654109	-0.1425091225	0.0106920935845522	0.0003187773642991	0.0001143208652208	1.0161900798954452e-07	0.0045862314301103	-0.1014314194326716	0.0102883328481265	2.103351873053157e-05	0.044886869246028	0.0161945184981249	0.0002622624293861	0.00201483103071	0.0007989148743249	0.0007491371577587	5.612064811348152e-07	6.382649764175707e-07	-0.0010430656980893	-0.0003190505608868	1.0179326040218173e-07	1.0879860505305188e-06	-0.0001635835419296	0.000450398372385	2.028586938470572e-07	2.67595751902332e-08	0.0	0.0	0.0	0.0	0.0	0.0	0.0	1.0	0.0	0.0	0.0	0.0	0.0	0.0
857.2860102363298	-1.9657143642155008	3.86403296168315	734939.3033469246	1003.5328250842148	5.1735753048672	26.765881435131732	1007078.1310215052	846.0578116357854	-0.4694670820658757	715813.8206299341	0.2203993411434477	874.9067935095454	619.0259165426513	1.256122	21.921902	0.0926319097958384	0.0506807413583843	0.0923761928	-0.1113981228	0.0732399544	-0.197190326	0.0310201536	-0.0474618149	-0.0052064149	0.116327541	-0.1983133457	0.0658483658	-0.1280766585	0.0989852549	-0.018491265	-0.0315857749	-0.0772816394	-0.0674807026	0.0475569386	0.1054451865	-0.1640891918	0.0182707101	0.0296704254	0.0588346477	0.1179607356	-0.021409335	-0.0305468259	-0.042688522	-0.0483231655	0.1614620626	0.1612359695	-0.0878178044	-0.0651225999	-0.035194632	-0.0185014899	0.1083264993	-0.0832273372	-0.0088810308	-0.1153246215	-0.2108768093	-0.1004669744	0.0230539277	0.0172908677	0.045180292	0.0668381192	-0.000544124	0.0480057293	-0.0527415464	-0.0464955684	0.0500928428	-0.0409619692	0.0144622397	-0.0361711786	-0.1794830251	-0.0738456627	-0.0957330599	-0.0707217348	-0.0463544927	-0.0644674306	0.0073879309	-0.0108907093	-0.1133203509	0.041289008	0.0146589718	0.0974766274	-0.1598644132	-0.2303870712	-0.0736066314	0.0575141543	0.0966860198	-0.0507432362	0.1296086514	0.0669349615	0.1438768908	-0.021596145	0.0267918699	-0.1469813818	-0.0079925790893042	-0.0186846726738564	6.388132049878277e-05	0.0003491169929291	0.0076788572135058	0.0030926257833954	9.564334236122629e-06	5.896484810541006e-05	0.0690817056212296	0.0241948363752016	0.0005853901072227	0.0047722820515382	0.0002938796326565	-0.0005050352416684	2.550605953270592e-07	8.636523849031936e-08	-0.001471026072676	-0.0004279603745867	1.8315008221638857e-07	2.163917706492577e-06	-0.0001637834249422	-1.998830126000129e-07	3.995321872605692e-14	2.682501028579726e-08	0.0	0.0	0.0	0.0	0.0	0.0	0.0	0.0	0.0	0.0	0.0	0.0	0.0	0.0
858.8213353608415	1.5353251245117008	2.3572232379568696	737574.086070979	994.279276065612	-9.253549018602826	85.62816943968531	988591.2788135574	846.9827001521018	0.9248885163164005	717379.6943569451	0.8554187676139525	873.8064152619954	615.7557554153822	1.225956	21.395443	0.0966237070450374	0.0487651290783238	-0.1681273019	-0.0001432618	0.079327939	0.0354742817	-0.0905242705	-0.2015801216	0.0314920518	-0.0948541287	0.0981511031	0.0804582304	-0.0003777377	0.0285707619	-0.0025867123	-0.1719674402	-0.0106507271	0.0472267934	0.0820175526	-0.1268133924	-0.0185433551	0.0090397106	-0.1696192033	0.0317048376	-0.1570012703	0.0841446176	-0.0915077335	-0.0026306546	0.0390367551	0.0990412625	-0.0028975676	-0.2329101188	-0.0525435425	0.1670774462	0.0306342328	-0.0380011836	0.0957974606	-0.0799636503	0.1440019	0.0201990897	-0.0465689466	0.0648992477	-0.1338899986	-0.0233209035	0.1137589172	-0.0378761359	0.1592276231	-0.0402172418	-0.0031879261	-0.0200785128	0.1730904214	0.0745753911	-0.1014069723	0.0572020681	0.0114935665	0.0771192376	-0.0638231887	-0.1232274681	-0.0686325632	0.0825396232	-0.0699075842	-0.0501465462	-0.0792219507	0.0271357981	0.0190155183	0.0276844161	-0.0030941705	-0.1007308273	-0.0309783968	0.1125578406	0.0347687631	-0.0927546343	0.0859416938	0.1696448769	0.0516454166	0.0208790082	-0.1505910958	0.0151516536872406	0.0231442327765448	0.000229572609458	0.0005356555108148	0.0294134657951588	0.021734608581653	0.0004723932101976	0.0008651519700829	0.0700765682783242	0.0009948626570946	9.89751706481328e-07	0.0049107254216666	0.0004078031401152	0.0001139235074587	1.2978565551692486e-08	1.663034010878175e-07	-0.0018869342570699	-0.0004159081843938	1.7297961784583026e-07	3.5605208905039357e-06	0.0003213849438001	0.0004851683687423	2.3538834602806443e-07	1.0328828210139345e-07	0.0	0.0	0.0	0.0	0.0	0.0	0.0	0.0	0.0	0.0	0.0	0.0	0.0	0.0
859.4714112750145	0.6500759141729304	0.4225986941877712	738691.1067990651	1003.9422226380766	9.662946572464648	93.37253646230629	1007899.9863954814	846.123656902482	-0.8590432496197309	715925.2427700291	0.7379553047172273	875.093972175543	630.5977955776236	1.238181	21.608793	0.0794649843444491	0.0391818369642291	0.1025697609	-0.0833479768	0.068158856	-0.1669392619	0.0828885348	0.0637389647	-0.0874641719	0.0936785256	-0.1845311255	-0.0716534322	-0.1046668015	0.1278411598	0.0943700275	0.0347436281	-0.06965929	0.0327173927	0.0569866062	0.202812206	-0.1612918189	-0.0779698124	-0.1013070668	-0.035052138	0.1533398119	0.016871124	-0.0246737725	0.0551490455	-0.0184259202	0.2117276306	-0.0417509545	-0.041783806	-0.0104536981	0.1006756571	0.100930095	0.0626687024	0.0170999789	0.0197973168	-0.2364806426	-0.1149737054	-0.0983940648	0.0853860985	-0.0153356254	0.1667769389	0.0123090159	0.0786044559	0.052419407	-0.0291269966	5.93693e-05	-0.0836732391	0.0103972999	0.1023842378	0.0144947487	-0.0842278972	-0.097230501	-0.1498996309	-0.0360443097	0.0611480058	-0.1060622087	0.0042409138	-0.0065999357	-0.1091504284	0.0241142115	0.030193894	-0.0072501374	-0.0691126438	-0.092329795	-0.0677482736	0.0640568464	-0.0304684666	0.0833962725	0.0806849547	0.0757288756	0.1481775393	-0.1255916876	0.0149355036	-0.1533170814	0.0238426996509417	0.008691045963701	0.000568474326645	7.553427994316514e-05	0.030086057731907	0.0006725919367482	4.523799133786947e-07	0.0009051708698476	0.090167173757564	0.0200906054792397	0.0004036324285224	0.0081301192234267	0.0010810223187073	0.0006732191785921	4.532240624242218e-07	1.1686092535433072e-06	-0.0020162239321082	-0.0001292896750382	1.6715820071509183e-08	4.0651589444058505e-06	0.0005190909094649	0.0001977059656648	3.908764885945109e-08	2.694553722890971e-07	0.0	0.0	0.0	0.0	0.0	0.0	0.0	0.0	0.0	0.0	0.0	0.0	0.0	0.0
860.1753577076033	0.7039464325888503	0.4955405799545687	739901.6460074034	994.4463734573192	-9.495849180757432	90.1711516636916	988923.589682414	847.3478995264104	1.224242623928376	717998.4628318197	1.4987700022430348	874.0716719050442	615.0603546503625	1.256732	21.932549	0.0694285304358956	0.0408498454968585	-0.1305873176	0.0249803269	0.0769545689	0.1087709458	-0.2112937588	-0.0860199264	-0.0571949401	-0.1797839729	0.0883906218	0.0882179594	-0.0628770658	-0.0239447948	0.038450946	-0.1318111252	0.0231834356	0.02537791	0.1081463637	-0.1970233791	0.0960817934	0.0174470982	-0.0364892648	0.01675246	0.0536639602	0.00852053	-0.157823413	-0.0062106908	0.0314317201	-0.1018923161	0.1013044729	-0.1325966929	0.0001614543	0.1321869619	0.079307806	-0.0893299759	0.0877130331	-0.1177335731	0.1381894008	-0.0210197395	-0.0395562103	-0.1107149244	-0.1671913808	-0.072547411	0.0179805916	-0.0375621453	0.1172883023	-0.0155132163	-0.1728488911	-0.0032493691	0.1368639092	0.0936253818	-0.0376719536	0.1162968646	-0.0757351596	-0.0642069542	-0.0067231896	-0.1125339307	-0.0249763487	-0.0137421883	0.0082632799	0.1163018301	-0.0128970206	0.0076828887	-0.0304944353	0.3182709136	-0.0862535866	0.0846412104	0.0845636939	0.0127951783	0.0158583339	-0.067208087	0.1036279373	0.1858074421	-0.1879600848	0.0089700792	-0.1551433414	0.0505731504244835	0.0267304507735418	0.0025576435438574	0.0007145169985567	0.0546470344993963	0.0245609767674893	0.0006032415797731	0.0029862983795782	0.0880982453557095	-0.0020689284018545	4.280464732000239e-06	0.0077613008347547	0.0011282293280505	4.720700934320011e-05	2.228501731128982e-09	1.272901416673283e-06	-0.0019640856038878	5.213832822039983e-05	2.718405269618141e-09	3.857632259399304e-06	0.0007411090617615	0.0002220181522965	4.9292059949196256e-08	5.492426414250108e-07	0.0	0.0	0.0	0.0	0.0	0.0	0.0	0.0	0.0	0.0	0.0	0.0	0.0	0.0
861.8776676718918	1.7023099642884745	2.8978592145158277	742833.11403154	1001.9339543889078	7.487580931588582	56.06386820708893	1003871.6489573938	846.8492299847899	-0.4986695416205293	717153.6183258315	0.2486713117400288	875.2645626285083	635.74133221278	1.237778	21.601755	0.0920341342351745	0.0453788028176417	-0.0369718825	-0.0288604078	-0.0946801978	-0.1159130394	0.1356956549	0.1377770529	0.1221335058	0.0258001416	-0.0523775067	-0.102154541	0.0521321804	0.1375469728	0.126803724	0.1862416702	-0.0329015072	0.0395808325	-0.0599220634	0.2286207447	0.0485282309	-0.1209327305	-0.1153007644	-0.0816693505	0.0031331654	0.1315125085	-0.0780942456	0.0362501214	0.0398889156	-0.07218929	-0.0027410714	0.2203153898	0.0839229185	0.0074422327	-0.0116541176	0.0467596383	0.0497860087	0.099059345	-0.2108651579	0.1040028928	0.0866258388	0.1327784436	0.0096019742	0.0254902955	0.0130114083	-0.0057968141	0.130332657	0.1282191548	-0.0148324038	0.0248364906	-0.045114884	0.0588595309	-0.0595637644	0.016106822	-0.0828217875	-0.1847070473	0.0878697541	0.1226666429	-0.0199528771	0.1137309004	-0.0160365201	-0.062818478	-0.1089853585	-0.0002277037	-0.1470900741	-0.0226891111	-0.0232249011	-0.0428189208	0.0328602848	-0.0378796412	0.094503156	0.1023975868	-0.1034979763	0.1329598855	-0.0236820995	0.0029914899	-0.1560591586	0.0364277313108374	-0.014145419113646	0.0013269796084545	0.0002000928819007	0.0518361073986	-0.0028109271007962	7.90131116599109e-06	0.0026869820302391	0.0524534743790923	-0.0356447709766171	0.0012705496979754	0.002751366974438	0.0009676635876206	-0.0001605657404299	2.5781356999802058e-08	9.363728188067704e-07	-0.0024022348778889	-0.0004381492740011	1.919747863076911e-07	5.770732408545899e-06	0.0005511637353102	-0.0001899453264512	3.6079227040690925e-08	3.037814631210922e-07	0.0	0.0	0.0	0.0	0.0	0.0	0.0	0.0	0.0	0.0	0.0	0.0	0.0	0.0
860.9446279820036	-0.9330396898882328	0.8705630629067295	741225.6524510705	999.127336716384	-2.806617672523771	7.877102759722749	998255.4349739744	847.1463969812984	0.2971669965085084	717657.0179183956	0.0883082238138878	874.0778970807144	630.575144984754	1.166198	20.352551	0.0695033174500384	0.0411117626169924	0.0223451431	-0.0539606981	0.1150250771	0.158582508	-0.062376411	-0.0456227527	-0.0327926509	-0.0387219785	0.0585924297	0.0575413709	-0.0540439331	-0.1171040252	-0.0325221787	0.0023228457	0.002336216	-0.0069261795	0.0848375715	-0.1633904507	-0.0425161182	0.092844443	-0.1023343048	-0.023343829	0.1462157073	0.069248112	-0.0800263946	-0.033563371	0.0095084539	-0.0756351775	0.094689219	-0.0015806804	-0.0331330258	-0.0874503062	-0.0391923363	-0.0269522937	0.0334171911	-0.0774697142	0.1029477827	-0.0553660472	-0.077099572	-0.1546967493	-0.0017692791	0.0769004069	0.0405719586	-0.0107672316	0.1131104836	0.1795296729	0.0638209579	0.0405177505	-0.0354782264	0.0420856726	-0.0929152093	0.1395434701	-0.1399447745	0.0193750518	-0.0887117102	-0.0591354189	0.0344703272	-0.0887458181	-0.0213076024	0.0674500072	0.0334610153	0.0656979879	-0.1182588231	0.0556275122	-0.1172357051	0.032529287	0.054895122	-0.0259933794	0.0705686	-0.1124605209	-0.1195859209	0.0370395675	-0.0137235533	-0.0029914899	-0.1560591586	0.0436770907734711	0.0072493594626336	0.001907688258434	5.255321261847676e-05	0.0220694972297081	-0.0297666101688919	0.0008860510809467	0.000487062707972	0.0524661436173801	1.266923828779909e-05	1.6050959879303437e-10	0.0027526962260795	0.0014088878186531	0.0004412242310324	1.9467882205022088e-07	1.98496488554909e-06	-0.0023849833742657	1.7251503623200246e-05	2.9761437726129116e-10	5.688145695523804e-06	0.000742181572259	0.0001910178369488	3.648781403259834e-08	5.508334862008413e-07	0.0	0.0	0.0	0.0	0.0	0.0	0.0	0.0	0.0	0.0	0.0	0.0	0.0	0.0
861.1480590730916	0.2034310910880776	0.0413842088212857	741575.9796453529	1001.977043794782	2.849707078398069	8.120830432672058	1003957.9962917306	846.9280314487694	-0.2183655325289919	717287.0904536877	0.0476835057966702	875.3812900452481	642.8350700465944	1.103466	19.257751	0.0503481561085025	0.0352731660145891	-0.034503932	0.1499817789	-0.0154885748	-0.0373361213	0.0659032266	0.0954229038	0.2028788256	-0.0437801642	0.0101543124	-0.0131613619	0.0862857316	0.0351848768	-0.0393137456	0.0335407198	0.0029666221	0.0827931965	0.0061480368	0.0216128138	-0.1267998348	-0.1259171859	-0.0493687459	-0.0649443461	-0.1055673749	0.1078475753	-0.0511866351	-0.0575224758	0.1005803007	0.0015361964	0.0227928091	-0.0048801978	-0.011877935	-0.0582248346	-0.0870979593	-0.0318620499	0.0547059301	0.0372839294	0.0186871079	0.0015408379	-0.0072989719	0.2341549437	0.0163530227	0.0304769429	0.0024974405	-0.0217245449	0.1226791954	0.0319536099	-0.0615856667	-0.0642580389	-0.1302337771	0.0602406152	-0.0460259034	0.0615072731	-0.0817458128	-0.0785979725	-0.0419284715	0.1210237876	0.0379138041	0.1883332108	0.0475209481	0.0014452747	-0.0709374045	0.0916672166	-0.0859521173	0.0033324161	-0.0693885003	-0.0042527027	-0.0009781738	-0.0908957216	0.0019517224	-0.0514361825	0.0463152701	-0.0899569441	0.0174387079	-0.0089700792	-0.1551433414	0.0434468534512149	-0.0002302373222562	0.0018876290748113	5.3009224559706256e-08	0.0544115231188868	0.0323420258891787	0.0010460066386163	0.0029606138481171	0.0524602954801025	-5.848137277594812e-06	3.4200709617594046e-11	0.0027520826018596	0.001465038154128	5.615033547490007e-05	3.152860173943821e-09	2.1463367930507776e-06	-0.0023771723384751	7.811035790600013e-06	6.101228012203437e-11	5.650948326811174e-06	0.0004507420483287	-0.0002914395239303	8.493699610871992e-08	2.031683941315521e-07	0.0	0.0	0.0	0.0	0.0	0.0	0.0	0.0	0.0	0.0	0.0	0.0	0.0	0.0
858.2311262466769	-2.9169328264147225	8.508497113815782	736560.6660586395	998.2705054872492	-3.70653830753281	13.738426225208189	996544.002125768	845.8212265149682	-1.106804933801186	715413.5472232852	1.225017161486648	873.7979933256447	636.0944799784264	0.978189	17.071407	0.0794374858608212	0.0396977443564123	-0.0880478358	0.0880386255	0.0765967023	-0.005524152	0.055684893	-0.1215486379	0.0760993837	-0.0428995394	0.0772894601	-0.0008188885	-0.0285411368	0.0544058933	-0.0369048799	-0.0563230487	-0.1267711454	0.0536773807	0.0972700272	-0.1674912057	-0.0405526568	-0.0220417714	-0.132670094	0.0524590958	-0.0718709644	0.0097836077	0.0119310115	-0.1239776754	0.0003314554	0.0201017517	0.000616757	0.0338543023	-0.0195893942	0.026278803	0.0209954548	0.065725036	0.1210765241	-0.0935323976	0.1115793587	-0.0406802559	-0.0316865838	0.0531577889	-0.1373784533	-0.0193324423	0.0417315609	-0.0145750567	-0.0037041108	0.0724999889	0.0197002305	0.0655485823	0.0691699675	0.0413089771	-0.0784613558	0.1175126181	-0.0334891422	0.044931249	-0.1337307082	-0.0144853173	-0.0518399241	0.1466301608	-0.0265941099	-0.1025776472	0.0168173268	0.0166793185	-0.0376952439	0.0897479837	-0.1343124884	-0.0984213424	0.0246428032	0.0054136784	-0.0856034621	-0.162355815	0.0202350529	-0.0098977053	-0.002630631	-0.0149355036	-0.1533170814	0.0352030949710098	-0.0082437584802051	0.0012392578955379	6.795955387995353e-05	0.0402078846044133	-0.0142036385144734	0.0002017433470498	0.0016166739843618	0.0815789927911652	0.0291186973110627	0.0008478985330932	0.0066551320648209	0.0014648065356593	-2.316184686999238e-07	5.3647115042897574e-14	2.1456581869102e-06	-0.0019647786442817	0.0004123936941933	1.700685590104794e-07	3.860355121025435e-06	0.0003059395298892	-0.0001448025184395	2.0967769346421744e-08	9.359899594882469e-08	0.0	0.0	0.0	0.0	0.0	0.0	0.0	0.0	0.0	0.0	0.0	0.0	0.0	0.0
860.350978011544	2.1198517648671213	4.493771505010249	740203.8053654203	997.3962364303932	-0.8742690568560647	0.764346383775993	994799.2524455128	846.290306104812	0.4690795898437727	716207.2822069763	0.220035661608002	874.083183328023	622.9178494003033	1.003015	17.504669	0.0296379614788719	0.0159994871943193	-0.080111328	-0.0437901009	-0.0156153211	-0.1359270904	-0.1137998464	0.0587911089	0.1953974402	-0.1021197152	0.0572485874	0.0281794042	0.0528961491	0.1593291105	0.1085540486	0.2196645921	-0.0457455035	0.1065445838	-0.0118541249	0.0931155001	0.0847836562	-0.1183501092	-0.0551248144	-0.0153150273	0.0147074248	0.1626988004	0.0447145247	-0.2114402155	0.0106103456	-0.0983894986	0.0016895697	0.0240930313	0.1378303814	-0.0440153062	0.0876255293	-0.0148560426	0.148039966	0.081197111	-0.0884583074	0.0397666628	0.1247091954	0.0901493601	-0.024415496	0.0848951317	-0.0200055206	-0.1964548348	0.0605181315	0.0536883896	-0.0222991125	0.1411744363	-0.0305644808	0.0670957155	-0.0169294801	0.076956611	-0.030059907	-0.1365696071	0.0007267731	0.1182866209	-0.0451507555	0.1291191974	0.0235007714	-0.1297892725	-0.0481297878	0.1522539186	-0.1618766425	0.04087835	0.035301532	0.0661096279	-0.0515649416	-0.0058261716	-0.0233106391	-0.1798676401	-0.0239420988	0.0049528395	0.0015380766	-0.0208790082	-0.1505910958	0.0472545161928081	0.0120514212217983	0.0022329893006163	0.0001452367534652	0.0435130348244001	0.0033051502199867	1.0924017976678788e-05	0.0018933841996294	0.0801838380791934	-0.0013951547119718	1.946456670337145e-06	0.0064294478891103	0.0015148323218518	5.002578619249997e-05	2.502579284177721e-09	2.294716963326916e-06	-0.0021717716338855	-0.0002069929896037	4.284609774511884e-08	4.716592029749694e-06	0.0003066454605952	7.059307059999946e-07	4.983381616736508e-13	9.403143850364235e-08	0.0	0.0	0.0	0.0	0.0	0.0	0.0	0.0	0.0	0.0	0.0	0.0	0.0	0.0
861.3752090678366	1.0242310562925925	1.049049256674239	741967.2507966593	1002.4738726240864	5.077636193693252	25.782389315503693	1004953.8652939332	847.1609599695796	0.8706538647676325	717681.6920965797	0.758038152234815	874.2155185293141	641.215022894894	1.084763	18.931343	0.0611190952057627	0.031684165430173	0.0620440898	0.075422158	0.075498227	0.0909565961	0.0280980519	-0.0846910473	0.0067966148	-0.0823105363	0.0506167973	-0.0882107772	-0.0053470456	-0.0970050887	0.0335964474	0.0251784502	-0.0067984247	0.0446710721	0.1127146346	-0.0560004809	0.0505241379	0.1636963976	-0.1510478883	-0.0260620578	-0.0031998751	0.0210485967	-0.0538933023	-0.1384693367	-0.1140012861	-0.1288533941	0.1061289343	0.2066018158	0.1011198439	-0.0575711473	0.03148766	-0.0342930895	0.1162795149	-0.0786769076	-0.0001439071	0.056701978	-0.110225262	-0.0863765486	0.0036764047	-0.0123331507	0.0714387059	-0.0334611186	0.0635982033	0.1503277916	0.1003565795	0.152167697	-0.0675777666	0.0699318606	-0.075202019	0.1202200179	-0.0571605364	0.094069085	-0.1093957549	0.0991912441	0.0271179371	-0.0394441422	0.008154174	0.0289746347	0.0629009927	-0.0053699458	-0.1022657491	0.1255539803	-0.1787154353	0.1937464475	0.0454746461	-0.0517668097	0.00792097	-0.0867643629	0.0257521739	-0.0660680595	0.0228446627	-0.0267918699	-0.1469813818	0.0527836737311133	0.0055291575383051	0.0027861162125526	3.057158308339721e-05	0.055462217776693	0.0119491829522929	0.0001427829732273	0.0030760576007093	0.0964108550727331	0.0162270169935397	0.0002633160805086	0.0092950529758555	0.0013131849180172	-0.0002016474038345	4.0661675473234246e-08	1.7244546289078403e-06	-0.002207095081447	-3.532344756149988e-05	1.2477459476300315e-09	4.871268698547539e-06	0.0006179493636316	0.0003113039030364	9.691012004569637e-08	3.818614160126994e-07	0.0	0.0	0.0	0.0	0.0	0.0	0.0	0.0	0.0	0.0	0.0	0.0	0.0	0.0
860.3196922516466	-1.0555168161899928	1.114115749259859	740149.972875968	1000.159203411488	-2.31466921259846	5.357693563751175	1000318.432168702	846.9949485576258	-0.166011411953832	717400.4428821352	0.0275597888989049	873.9246858440979	629.0194992882343	1.161188	20.26511	0.035839875347911	0.0263971555684758	-0.0424023932	-0.182832604	0.0069492797	-0.0109002338	-0.0518079983	0.091786723	0.1694046867	-0.0463750532	-0.014080234	0.0138363431	0.0331260251	0.0527377035	-0.1092934999	0.2346378612	-0.018593681	0.0081574624	-0.0646366101	0.1210659487	0.1510786681	-0.090902475	-0.1344749075	0.0031518885	-0.0353209832	0.1592608473	0.0827363548	-0.0223114196	0.0085428937	-0.0214659211	0.063929944	0.1708640585	0.0091859456	0.0537708217	0.1253141911	0.0024403895	0.0490785277	0.0366727984	-0.1102273479	0.0687785926	0.2180340323	-0.0062865651	-0.007230591	0.1290482557	0.0575984795	-0.0142548882	0.0379614503	0.0585724152	0.147676576	0.1952746773	0.0415787945	0.0788810917	0.0456534028	0.0973380921	-0.0106723597	-0.1349134132	0.0288680117	0.095767696	-0.0369468908	-0.006583347	0.0455876286	-0.1980459692	-0.1171259169	0.1856635492	-0.172778041	-0.0216823827	0.1493412801	0.1044342145	-0.1136088003	0.00772231	0.0731596913	-0.1592647815	-0.110071101	-0.1729786708	0.0161867721	-0.0326654109	-0.1425091225	0.0528146419173225	3.096818620920011e-05	0.0027893864008549	9.590285570876918e-10	0.0577468344785785	0.0022846167018854	5.219473474534168e-06	0.0033346968922963	0.0986487715488095	0.0022379164760763	5.008270153894181e-06	0.0097315801280892	0.0018161867881072	0.0005030018700899	2.530108813140372e-07	3.298534449295147e-06	-0.0023049658553697	-9.787077392270012e-05	9.57868838822828e-09	5.312867594420173e-06	0.0005930945279695	-2.48548356621e-05	6.17762855789998e-10	3.51761119107364e-07	0.0	0.0	0.0	0.0	0.0	0.0	0.0	0.0	0.0	0.0	0.0	0.0	0.0	0.0
863.6667166749827	3.347024423336052	11.20257249040803	745920.1974921449	1003.4005560928516	3.241352681363651	10.506367204983327	1006812.675967444	848.3752088158532	1.3802602582273948	719740.4949333424	1.9051183804419547	875.5653637291357	633.9844150214989	1.424874	24.866976	0.113820290708439	0.0552412138248967	0.2286375585	0.055420291	0.0013579007	-0.0191624434	-0.1414846137	-0.1723090591	0.0080335598	0.020346231	-0.0424844712	-0.0624148191	0.0263309321	-0.1851093417	0.1052237317	-0.0332987436	0.1142157661	0.1069150706	-0.0962947903	-0.0286262577	-0.116218886	0.3004640309	-0.0865945073	-0.1454286926	0.1646692259	-0.07431755	-0.1254407998	-0.2121549515	0.1706124025	-0.0041584813	-0.2192161766	0.1704813925	0.1168916301	-0.0215066602	-0.0132072185	-0.0789410288	-0.0127647785	0.1056129689	0.02826466	0.0806939436	-0.3471222377	-0.1339903666	0.0880251225	0.0979431379	-0.0808016436	-0.048446703	0.0607798221	-0.0352946345	-0.1221325781	0.160388752	-0.0668839309	-0.0690660224	0.0234717969	0.1259373675	-0.1008487038	0.2319550068	-0.1465342326	0.1107103308	0.0436293888	-0.0536236861	-0.175123941	-0.0035998613	0.2404012977	0.0809431554	-0.1472118572	-0.1292603685	-0.1055222927	0.3313680499	-0.1952333915	0.0825539695	0.1953233335	0.1693536038	-0.1859607917	-0.0748255625	-0.0247658355	-0.0384910108	-0.1372005631	0.0472746614325245	-0.005539980484798	0.0022348936135598	3.0691383771942686e-05	0.0444350597155391	-0.0133117747630394	0.0001772033473418	0.0019744745319235	0.0565603507929211	-0.0420884207558883	0.0017714351617246	0.0031990732818182	0.0015860029051963	-0.0002301838829108	5.298461995193887e-08	2.515405215291104e-06	-0.0020700007848428	0.0002349650705269	5.520858436771111e-08	4.284903249249808e-06	6.411873130337999e-07	-0.0005924533406564	3.510009608550068e-07	4.111211703955042e-13	0.0	0.0	0.0	0.0	0.0	0.0	0.0	0.0	0.0	0.0	0.0	0.0	0.0	0.0
865.9305339679676	2.263817292984868	5.124868736017335	749835.6896580494	997.9503732745568	-5.45018281829482	29.70449275283607	995904.9475188272	849.0924581071972	0.7172492913440465	720958.0024145225	0.5144465459335369	876.6358395786542	632.4157646026027	1.750474	30.549366	0.2948840400132506	0.1753097716898717	0.0066304037	-0.0043229997	-0.262481795	0.1622424549	-0.1766204968	0.101401152	-0.1355247086	-0.0038970796	0.0874550915	0.1229819172	0.2728654564	-0.1247248186	-0.0762326668	-0.0910800895	0.1646708268	0.0212831618	-0.4116214208	-0.1504516222	0.0269898818	-0.3692117568	-0.1385666951	-0.3486829795	0.1442276625	-0.1025741304	-0.0288124247	0.2359995636	0.0352536498	0.0104965973	0.0003766083	0.0192879321	-0.0944711634	0.12521765	0.1017323405	-0.1167378677	-0.1297071405	0.2653565464	0.1715931201	0.1479730391	0.1710402231	-0.0444661765	-0.2531313064	0.3165154468	-0.4582811603	0.298911659	0.0547253201	0.0472629486	-0.0434984055	-0.0928223703	0.0437525209	-0.319041239	0.3948143669	0.316861101	-0.2477450886	0.0093128547	0.5138821103	-0.1611191473	-0.1889343561	0.1840670736	0.0128062709	0.0672783983	0.1588509771	0.0766938034	0.1754165948	-0.1147643627	-0.062001432	0.0404766125	0.1863049171	-0.1500848877	0.0222698387	-0.0156246532	-0.0116179471	0.0337678232	0.1151232921	-0.0442601199	-0.1310868562	0.0362133954188834	-0.011061266013641	0.0013114100077644	0.0001223516058245	0.0280714851596286	-0.0163635745559105	0.0002677665722468	0.0007880082790672	-0.0571099545746562	-0.1136703053675773	0.0129209383223582	0.0032615469115192	0.0032838414977736	0.0016978385925773	2.882655886444867e-06	1.078361498249996e-05	-0.0010160349242498	0.0010539658605929	1.110844035295543e-06	1.0323269672952968e-06	-0.0003233322410391	-0.0003239734283521	1.0495878227823517e-07	1.0454373809536667e-07	0.0	0.0	0.0	0.0	0.0	0.0	0.0	0.0	1.0	0.0	0.0	0.0	0.0	0.0
868.3100233587713	2.3794893908037693	5.661969760947693	753962.29666531	1002.8337830747112	4.883409800154368	23.84769127624373	1005675.5964759368	850.3568604595894	1.2644023523921533	723106.7901306895	1.5987133087348109	875.8676180045632	641.6562222723295	1.633841	28.51387	0.3677041138188544	0.2276407947720669	0.2939250053	0.126259251	-0.2073901348	0.1714374842	-0.2619758894	0.1151927199	0.0005966909	-0.1030926164	-0.011877433	-0.1986826917	0.3066472481	-0.1091206582	0.0379386782	0.0845702348	0.2633604655	-0.013499431	-0.0746613907	-0.118318694	-0.052249928	-0.0387599294	0.0634382276	-0.0588323687	0.1319900518	0.0125465853	0.3596881223	0.1256825581	0.0893550549	-0.2408085951	0.136865541	-0.001629507	0.0020660229	-0.0703725502	0.0853213238	-0.2434657712	-0.1739558263	0.0974291011	0.0965221494	0.0794082885	0.0456767399	-0.0120473029	0.0756070451	0.1842887467	0.0259160082	-0.0027938486	-0.3477642962	0.2557312546	0.0463632266	0.1237457437	0.0556909935	-0.0850413819	0.2835783498	-0.022111972	-0.194477986	0.1558339182	0.068087851	0.0908909044	0.168155741	-0.1291863645	-0.1447919282	0.0298421904	-0.4376969508	0.1216416605	-0.0467869745	-0.0405808207	0.1150887595	-0.0405641288	0.0790817177	0.3420926497	-0.3083832492	0.2008109144	0.0789155175	-0.1452152609	-0.2538354085	-0.0499642712	-0.1242038795	0.0317048879125962	-0.0045085075062872	0.0010051999175502	2.032663993424804e-05	0.1839573336150834	0.1558858484554548	0.024300397748677	0.033840300590771	0.0709891451949999	0.1280990997696561	0.0164093793617963	0.0050394587355167	0.0020129971420436	-0.00127084435573	1.6150453764907995e-06	4.0521574938757006e-06	-0.0010110161812133	5.0187430365000296e-06	2.5187781666417535e-11	1.0221537186751242e-06	-1.4982178056474268e-05	0.0003083500629826	9.507976134138925e-08	2.2446565931589907e-10	0.0	0.0	0.0	0.0	0.0	0.0	0.0	0.0	0.0	1.0	0.0	0.0	0.0	0.0
865.588668877747	-2.721354481024377	7.405770211391458	749243.7436895499	1012.2528815965974	9.419098521886212	88.71941696499903	1024655.896300615	848.8069186860481	-1.5499417735412635	720473.1852093035	2.402319501368237	879.2845449674462	674.9455391061466	1.696759	29.611927	0.1567336959955061	0.1191428719289815	0.1367179599	0.2113232684	-0.1424678289	0.1571760605	0.3762306755	0.0052600889	0.0163245503	0.1047623837	-0.0494330649	-0.4060410953	0.0989320268	0.0139849163	-0.1311727812	-0.1146198678	0.0390803024	-0.1954659727	0.1106400355	0.0606262705	-0.1072959903	0.0938384468	0.0727528497	-0.1624709085	-0.2816662435	-0.1155436677	-0.0631829319	0.0330885507	0.1261263961	0.173037323	0.0069003051	0.0105182053	0.2174943103	0.0265417641	0.0762899261	0.0285246892	-0.1703994679	-0.2142203797	-0.045335323	0.2380959844	-0.1614889159	0.1940842355	0.1043553739	-0.0822117766	-0.0467694819	0.1455338929	0.0008581024	-0.2123273649	-0.0132126904	0.0455608903	0.0851899124	-0.0617705063	-0.0057833384	-0.0085926716	0.0930343925	0.1018007841	-0.0049714031	0.1351506329	0.1901520364	0.0302857148	-0.055236065	0.1012326653	-0.0680590624	-0.3543411271	-0.2046491096	-0.1787492852	-0.0687613312	0.0493721181	0.1542300509	-0.1333406139	0.1209761307	0.1618793926	0.1573147548	-0.072506721	0.0954257006	-0.055595093	-0.1165920251	0.0346719237236357	0.0029670358110394	0.0012021422946976	8.80330150399082e-06	0.0670499824204142	-0.1169073511946692	0.0136673287633537	0.0044957001425778	0.0710349373674574	4.579217245750944e-05	2.096923058378286e-09	0.0050459623267985	0.0014179750613971	-0.0005950220806464	3.540512764568898e-07	2.0106532747441093e-06	-0.0011180400010573	-0.0001070238198439	1.1454098014000948e-08	1.250013443964207e-06	-4.920661391277206e-05	-3.422443585629779e-05	1.1713120096818422e-09	2.421290852760613e-09	0.0	0.0	0.0	0.0	0.0	0.0	0.0	0.0	0.0	0.0	1.0	0.0	0.0	0.0
858.5297793928187	-7.058889484928272	49.82792076043093	737073.3821042819	1000.7170532740904	-11.535828322506973	133.07533508635404	1001434.6207135788	847.9799369339395	-0.8269817521086225	719069.973442488	0.6838988183206471	876.0912621388637	628.9225358142452	1.569451	27.390142	0.1882523973344892	0.1381358341803201	0.0077848521	-0.0335985233	0.2113570685	0.0777138047	0.0726645562	0.007201465	0.0297701014	0.0220408245	5.05185e-05	0.0232301883	-0.1296842445	0.0901790996	-0.2975173629	-0.0772964843	-0.0579168215	-0.2331226523	0.1464238124	0.0157352922	0.0218866208	-0.0859540617	0.2386584174	0.1770386524	-0.0103906105	-0.0606720137	0.1308324284	0.240066379	-0.0248608345	0.0731837721	-0.1059978337	0.1946510139	0.0754088313	-0.0722618798	0.2892156505	0.0735865573	-0.1392260238	-0.2115392076	0.0122861587	-0.156823696	0.1749585589	0.0347058923	0.0719420191	-0.0531949855	0.0589267285	0.1518369976	-0.2130052236	-0.0354998828	0.0953923767	-0.0953955041	-0.0860840819	0.0518013796	0.112563455	-0.0901465679	0.1586717531	-0.0609468401	-0.0363853832	-0.0817875407	-0.0608146773	-0.2122595747	-0.0106153088	0.0319335992	-0.0998620211	-0.0850176649	0.0365441047	-0.1429755866	-0.0840471312	0.1490059485	0.0887416792	-0.1949132502	-0.2597573449	-0.0168392528	0.1354534589	-0.1163639546	-0.0756778327	-0.0611443214	-0.1082959623	0.043445661998632	0.0087737382749963	0.0018875255464993	7.697848331813505e-05	0.0626653686716594	-0.0043846137487548	1.922483772576965e-05	0.0039269484307549	0.196672354243347	0.1256374168758895	0.015784760519246	0.0386800149236205	0.0008586376087211	-0.000559337452676	3.128583859660766e-07	7.372585431102888e-07	-0.0010098857014062	0.0001081542996511	1.169735253301993e-08	1.0198691299046925e-06	0.0002724342024571	0.0003216408163698	1.0345281475507777e-07	7.422039466843618e-08	0.0	0.0	0.0	0.0	0.0	0.0	0.0	0.0	0.0	0.0	0.0	1.0	0.0	0.0
859.5720792317039	1.042299838885242	1.0863889541402014	738864.1593947146	995.3346767211228	-5.382376552967571	28.969977357935072	990691.118683542	847.3887859513275	-0.5911509826120209	718067.7545560647	0.3494594842431578	875.4451677860864	632.1136078406018	1.108311	19.342306	0.071825646468875	0.0415876995138371	-0.1212846317	0.0008315966	0.1097252077	-0.0342335375	-0.0766679374	0.0503322131	0.1770483573	-0.0984039112	0.07275258	0.0737926811	0.0069104466	0.2284320996	-0.0890530432	0.0745056889	-0.021969791	0.0658994959	0.0475510316	0.0666294329	0.1136767126	-0.1311780607	0.199126099	-0.0021565596	-0.1284117875	0.1081594982	0.0913565078	-0.075067955	0.0898895061	0.1703391854	-0.136878755	-0.0351020344	0.0951476202	-0.0821651512	0.1077259964	-0.0257868189	0.0976904177	-0.0432378462	-0.0302546635	0.01706656	0.13560126	0.1266253566	0.1326282877	0.0494510298	-0.0296161017	-0.0810977785	0.0004080765	-0.2864825687	-0.0010129522	-0.0168411629	-0.1204919683	0.0913605104	0.1244132376	0.0489940396	0.2818048275	-0.1120422008	0.0075877282	0.094041678	0.0735595508	-0.04626113	0.0444320929	-0.0211420166	-0.0125392375	0.0097730204	-0.0712239126	-0.0761491467	0.1243536918	0.199706162	-0.0802282695	-0.1627423484	-0.1815995631	-0.0156002596	0.0398358141	-0.1003431508	0.1482390418	-0.066603812	-0.0993643757	0.0442007742086332	0.0007551122100011	0.0019537084406425	5.701944496928952e-07	0.0819283282261693	0.0192629595545099	0.0003710616107986	0.0067122509659349	0.1966551742749231	-1.717996842390268e-05	2.9515131504629314e-10	0.0386732575691003	0.0015322910077523	0.0006736533990312	4.5380890202628925e-07	2.347915732438559e-06	-0.0011326069921309	-0.0001227212907247	1.5060515197136356e-08	1.2827985986238046e-06	0.00051186740742	0.0002394332049629	5.7328259638806085e-08	2.620082427788723e-07	0.0	0.0	0.0	0.0	0.0	0.0	0.0	0.0	0.0	0.0	0.0	0.0	0.0	0.0
860.1750632064911	0.6029839747872074	0.3635896738501796	739901.139362291	993.6849563898666	-1.649720331256276	2.721577171360317	987409.792555531	846.7547311968508	-0.634054754476665	716993.5748042511	0.402025431674464	874.9895725664456	626.4982774854846	1.652489	28.839317	0.2815937712010757	0.1556940721613539	0.2804902301	-0.0656256517	0.0622328785	-0.1784057055	-0.1248884197	-0.0673378127	0.0474482063	0.2303491753	-0.0394908504	0.0528897803	0.0722973836	0.1615181448	-0.0043642108	-0.1265478869	-0.0802781646	-0.1242177808	-0.1471635472	0.0011422021	-0.398220837	-0.0589153534	0.1169548608	0.0824054212	0.1705588892	-0.0807152702	0.0768475116	0.0507828823	0.1202404615	-0.2782702044	-0.026674136	-0.1665469738	0.1016724481	-0.075350112	-0.1636726802	0.1868508389	-0.2436035258	0.1758242807	0.0688499096	-0.1619057563	-0.2207279465	0.1328615906	-0.014369894	0.0883446863	-0.0069522135	0.000625717	-0.2172344073	0.2262993445	-0.1949794701	-0.1081042879	-0.1270026329	-0.2107312606	0.2260934466	-0.1884740902	-0.0387763969	-0.1896159354	-0.2047594849	0.243900369	-0.1169308574	-0.1769677507	-0.4435151189	0.3128481845	0.1671714823	0.0268456319	0.0045947614	0.1751052045	0.2796857177	-0.2690322184	-0.065146992	-0.1492938926	0.0448610975	-0.1850319304	-0.0567011268	0.1066695942	-0.0133093721	-0.0719655524	-0.0898496795	0.0463905361324918	0.0021897619238585	0.00215208184266	4.795057283180914e-06	0.0161988562675219	-0.0657294719586474	0.0043203634839626	0.0002624029443758	0.0749676254156384	-0.1216875488592847	0.0148078595473808	0.0056201448604594	0.0016743810924372	0.0001420900846849	2.018959216576206e-08	2.8035520427111918e-06	-0.000465934946056	0.0006666720460749	4.4445161701769365e-07	2.170953739562077e-07	-0.0005191102310059	-0.0010309776384259	1.0629148909342458e-06	2.6947543193499885e-07	0.0	0.0	0.0	0.0	0.0	0.0	0.0	0.0	0.0	0.0	0.0	0.0	1.0	0.0
862.982816975875	2.807753769383908	7.883481229489542	744739.3423956166	1005.1282783679748	11.443321978108202	130.9496178946542	1010282.855974969	850.5965652870921	3.841834090241264	723514.5168781983	14.75968917693992	879.1459514535078	631.4177273299908	1.604334	27.998911	0.1824160938978839	0.090367936851648	0.0226404515	-0.0777323567	0.0963649411	0.198351064	0.0547698822	-0.2385477482	-0.1454609397	0.0474092749	0.060466198	-0.0565850856	0.0101221358	0.0335526492	-0.2332358646	-0.0849285243	0.144627631	-0.4055520129	-0.0735717637	-0.2026517983	-0.0361482408	0.0371754496	0.0101239277	0.0535260812	-0.1217722992	-0.0562859838	0.0782031864	-0.0952103267	-0.0551795029	0.1017103755	-0.1874977185	-0.1080513467	-0.0198530233	0.1858843012	-0.2562282381	0.032605339	-0.3703050611	-0.1606154032	0.2035884241	0.0867741418	-0.037377171	0.0517051348	-0.1765680252	-0.0852751428	-0.0275300761	-0.1053979037	0.0303312451	-0.2117441283	0.0310904808	-0.0060807677	-0.0401532033	-0.1897161513	0.0116576915	-0.1012181342	-0.1382589469	0.0590904829	-0.1702134306	-0.1880058976	0.1122171177	-0.0564983889	0.0035507122	0.0971083012	-0.0472488966	-0.2329155279	-0.11478916	0.0873683042	-0.0358806791	0.0679341641	0.1161703051	0.1617936793	0.1076331217	0.0012625722	-0.0719548569	0.0609872411	0.0952317865	-0.0772216734	-0.0798077096	0.0506686015996251	0.0042780654671333	0.0025673071880615	1.830184414107848e-05	0.0820809376784978	0.0658820814109759	0.0043404486510424	0.0067372803301814	0.0499117577372487	-0.0250558676783896	0.0006277965051169	0.0024911835604218	0.0007394377676243	-0.0009349433248129	8.741190206121999e-07	5.467682121892082e-07	-0.0008950518958319	-0.0004291169497758	1.8414135658497226e-07	8.011178962322783e-07	-0.000139168918767	0.0003799413122389	1.443554007458173e-07	1.9367987950775843e-08	0.0	0.0	0.0	0.0	0.0	0.0	0.0	0.0	0.0	0.0	0.0	0.0	0.0	1.0
860.0754119244265	-2.9074050514485634	8.453004133188625	739729.7141969719	1000.7383264263024	-4.389951941672393	19.271678050193216	1001477.1979785163	848.9034621517216	-1.6931031353705066	720637.0880531793	2.86659822700144	876.9767904981832	643.8917481985876	1.444885	25.216211	0.1380338672929467	0.0663273196973549	0.0115931184	0.0281288139	0.1632405184	0.0254463423	-0.014145146	0.1665868413	0.1361959492	-0.0266728361	-0.0214079202	0.002452366	0.0256145557	0.0182765139	-0.1228188666	-0.1184850506	0.0527939013	-0.1838118369	0.0499612672	0.0291096877	0.0700700132	-0.0147274546	0.0860200004	-0.2618226191	-0.0230055274	-0.0146609187	-0.0431202396	-0.1655543616	-0.2376956456	0.0346510792	0.1340642597	-0.0029886955	0.0956359999	-0.0773337155	-0.0836169493	-0.0315097908	-0.1617488154	-0.1578165552	-0.0077314456	-0.0080707711	0.1006959105	0.0167864599	0.1277544283	0.0266855409	-0.2392100344	-0.0608573632	0.0975702603	-0.0667271819	0.1562020313	0.1374157316	-0.0060812462	0.0043775161	0.1148184676	0.0543537801	0.067776125	-0.0988713741	-0.1077358479	-0.0237787689	0.1942384854	-0.0209880088	0.1772183808	0.1104817537	-0.0150726526	0.0297626928	0.1276801183	-0.142439129	0.0327954403	0.0527993387	-0.1140809695	0.1324206501	0.0488618336	-0.0884250337	0.0773182183	-0.0858991644	0.1777414563	-0.0823644609	-0.0692973963	0.0585245961546547	0.0078559945550295	0.0034251283550654	6.171665044865467e-05	0.0721543583210291	-0.0099265793574687	9.853697774012396e-05	0.0052062514247194	0.1101625861503521	0.0602508284131034	0.0036301623244652	0.0121357953873337	0.0012640760134218	0.0005246382457975	2.752452889534781e-07	1.5978881677083503e-06	-0.001312924676299	-0.000417872780467	1.746176606553051e-07	1.7237712056348338e-06	0.0001183293543153	0.0002574982730823	6.630536064036673e-08	1.4001836092675806e-08	0.0	0.0	0.0	0.0	0.0	0.0	0.0	0.0	0.0	0.0	0.0	0.0	0.0	0.0
856.3795679419948	-3.695843982431711	13.65926274247669	733385.9643885177	998.0698848038576	-2.6684416224447887	7.120580692395776	996143.4949523855	845.8151866271432	-3.088275524578308	715403.3299291092	9.53744571570942	874.6974326353655	615.6401194249695	1.269093	22.148266	0.0969401153051781	0.0430137324690863	-0.1365176905	-0.0572318222	0.0154943835	-0.1137234664	0.0282227543	0.0746743068	-0.1439431313	0.1282173382	-0.0789141667	0.0775997475	-0.0966261445	0.2040462952	-0.0423862186	-0.0340182999	-0.1623638291	-0.0629201178	0.0038546491	0.0427795629	-0.0766002334	-0.0777312603	0.083385322	-0.0405048191	-0.0399699266	-0.1002515556	-0.045298087	-0.1491536608	0.0149664449	-0.0090768641	-0.0581551746	0.0563432832	-0.1287844304	0.1228987545	-0.1692844079	0.172193717	0.0007552646	-0.0142719583	-0.0298921341	-0.1229565826	0.0068277022	0.1329568652	-0.0693671654	-0.0634417712	-0.1025432645	-0.0221020056	-0.0365520909	-0.0896382802	-0.0843192679	0.0223817397	0.0733466301	-0.0367513281	0.0923939871	-0.0581131175	0.1053525154	-0.1141752552	-0.1293743414	-0.1213388601	-0.0169910162	0.1504188069	0.0864870984	0.0237616133	0.0643168406	-0.177203569	0.0255320702	0.0399774012	0.0485517753	0.0572407008	0.0083848902	0.0772248564	-0.0077521515	0.0584253892	0.0420861716	0.036375363	-0.0399575948	-0.0873863672	-0.0583804184	0.0700975036169779	0.0115729074623232	0.0049136600133322	0.0001339321871314	0.0537070736985896	-0.0184472846224394	0.0003403023099412	0.0028844497652657	0.1428016489128225	0.0326390627624703	0.0010653084180124	0.020392310932221	0.0014851429076979	0.0002210668942761	4.8870571744880384e-08	2.205649456285373e-06	-0.0010097952948324	0.0003031293814665	9.188742190832344e-08	1.0196865374656535e-06	0.0002797502877315	0.0001614209334162	2.6056717744957284e-08	7.826022348585707e-08	0.0	0.0	0.0	0.0	0.0	0.0	0.0	0.0	0.0	0.0	0.0	0.0	0.0	0.0
860.0164962442882	3.636928302293427	13.227247476022947	739628.3738123018	995.4123167830908	-2.657568020766803	7.062667785002382	990845.6804034804	846.6157134739699	0.8005268468266422	716758.166301039	0.6408432324902062	874.3939151862538	626.9581469796584	1.057168	18.449749	0.0496629663526773	0.035265957787997	-0.0719607783	-0.0924703149	-0.0038862651	-0.1764048795	-0.0012352318	0.1186984276	-0.1189182756	-0.0015345025	-0.0493485267	0.0616682901	-0.0617955901	0.0666695023	0.1263323992	0.0312512685	-0.0484878244	0.1343383289	-0.1059030576	0.0987777727	-0.0685789292	-0.0391803587	0.0647598368	-0.0255420326	-0.0284732669	-0.035204583	-0.0592047636	-0.0440469487	-0.2367353729	0.0503612522	-0.0066366123	-0.186668752	-0.0453338803	0.108826232	-0.0870728929	0.0168056025	0.1258311366	0.1342451471	-0.1242862315	-0.0417370567	-0.0029880075	-0.0245840251	-0.0890829273	-0.0181116916	-0.1040489739	-0.0455858011	0.0736443593	-0.1370410281	0.0950034213	-0.0037766084	0.0797076397	0.000954771	0.1555089166	-0.0201084247	0.107744625	-0.088025818	-0.0360241097	0.0467250125	-0.0080258071	0.0662967266	0.1708329765	-0.1165382019	0.0171072599	-0.0262316547	0.0596819401	0.0723368441	0.1158845073	0.0319359439	-0.0611625051	0.1523446535	0.0212308572	-0.0714542282	-0.0221421636	-0.0966266591	0.0109315287	-0.092280022	-0.0471208409	0.0715432064043568	0.0014457027873788	0.0051184303826164	2.090056549435096e-06	0.0844920393750072	0.0307849656764176	0.0009477141116982	0.0071389047177477	0.1478759719056483	0.0050743229928258	2.5748753835520724e-05	0.02186730306704	0.0012381426115139	-0.0002470002961839	6.100914631498368e-08	1.5329971264464604e-06	-0.0010098297524541	-3.4457621699967446e-08	1.1873276932180669e-15	1.0197561289415087e-06	0.0002796255436161	-1.247441154000493e-07	1.5561094326940822e-14	7.819044464259942e-08	0.0	0.0	0.0	0.0	0.0	0.0	0.0	0.0	0.0	0.0	0.0	0.0	0.0	0.0
857.8529557348302	-2.1635405094580165	4.680907536065853	735911.6936629845	997.712951070807	2.300634287716207	5.292918125815459	995431.1327344184	846.1427995799917	-0.472913893978216	715957.6372810659	0.2236475511176393	874.2460333775833	642.0021173685049	1.078986	18.830524	0.0699826356904537	0.039774773616521	-0.044148572	0.1884041287	0.0453062544	-0.1759542098	0.0881139067	0.0203533543	-0.1360097852	-0.019750988	-0.0387822531	0.0994699774	-0.1480635436	0.0179067426	0.1259058236	0.0505244031	-0.1216557297	0.0604287225	0.0499299857	0.0385789824	-0.0683576862	-0.0863269794	0.0600311225	-0.0312563162	-0.0267187363	-0.0679233597	0.0742696237	-0.122891176	-0.1378579761	-0.0704784961	0.1393449435	0.0964157014	-0.048444461	-0.0811414659	-0.1436457151	0.0868502771	0.074569522	-0.0036006921	-0.0843642038	-0.1043855236	-0.0724587742	0.0583540318	-0.0380568011	-0.0930000842	-0.1383262376	-0.1142654304	-0.0679764747	0.1034637884	0.0537750793	0.0670641006	-0.1522358559	-0.0182579261	0.0800689397	-0.0452383771	0.0932493102	0.0082333701	-0.1757693318	0.0887332231	-0.0126936087	0.1673494167	0.042876766	0.0663903468	0.1120823571	-0.0833898909	0.1373034821	-0.0054840481	-0.057912438	-0.002785917	0.0141536006	-0.0011647922	0.1065058463	0.0653424462	0.0128431856	-0.1293437068	-0.0808059887	-0.0970382431	-0.0355847396	0.0653890012778504	-0.0061542051265063	0.0042757214881147	3.787424073911764e-05	0.0537102536860771	-0.0307817856889301	0.0009475183301992	0.0028847913510227	0.1514561992851355	0.0035802273794872	1.281802808882986e-05	0.0229389803018986	0.0016371717816016	0.0003990291700876	1.592242785808786e-07	2.680331442472557e-06	-0.0011997722719023	-0.0001899425194481	3.6078160694329826e-08	1.4394535044256064e-06	0.0002799822039908	3.566603747000405e-07	1.2720662288117332e-13	7.839003455154596e-08	0.0	0.0	0.0	0.0	0.0	0.0	0.0	0.0	0.0	0.0	0.0	0.0	0.0	0.0
858.4761995171871	0.6232437823568944	0.3884328122465279	736981.3851374732	997.0975079054244	-0.6154431653825441	0.3787702898160854	994203.440271208	846.2900599116773	0.1472603316856293	716206.8655053104	0.0216856052881615	874.5166465972301	617.8747789700218	1.262863	22.039543	0.0358968135424996	0.0222110532591741	-0.0147721944	-0.1877853782	0.1389939234	-0.0572062277	-0.1379679295	0.020022241	-0.1186344584	0.0223796404	-0.0633828563	0.0953938499	-0.1631817179	0.0986288514	0.0526498363	-0.0964035605	-0.0883567626	-0.060075364	0.0409947603	0.0365202631	-0.016474446	-0.052503525	-0.0043324027	-0.0931913137	0.1711573571	-0.0067834899	0.0662516554	-0.0487594452	-0.0531704632	-0.003995019	-0.0539440938	-0.1280587991	-0.0772770179	-0.0123531014	0.0395249647	0.0694066371	0.0160195677	-0.0548559069	-0.0703735673	-0.1081395157	-0.0178438246	-0.0548005593	-0.0392944356	0.1573228703	-0.0891475416	-0.0499709746	0.0589261658	-0.0328661847	-0.0333118009	0.068493167	0.0778213162	0.0224619323	0.1216981277	0.0090284638	0.0382900616	-0.1301424757	-0.0958231464	-0.0945287793	-0.0411229706	-0.0937560253	0.0599922129	-0.0668506204	0.047001896	-0.0223615887	0.0663395179	-0.0434440228	0.1000979802	0.0431006612	-0.0524802671	0.1016265179	0.0408957042	-0.1202879209	-0.029143835	0.0065253434	-0.0505883766	-0.1016540472	-0.023839813	0.0655749539904064	0.000185952712556	0.0043000745908439	3.4578411306935645e-08	0.0689543373955814	0.0152440837095043	0.0002323820881423	0.0047547006456636	0.1597666856110748	0.0083104863259392	6.906418297362378e-05	0.025525393831148	0.0014311703562565	-0.0002060014253451	4.2436587244212816e-08	2.0482485886273573e-06	-0.0012367991866881	-3.702691478580018e-05	1.3709924185549079e-09	1.529672228192346e-06	0.0002798847282317	-9.747575910003985e-08	9.501523612129002e-15	7.833546109733255e-08	0.0	0.0	0.0	0.0	0.0	0.0	0.0	0.0	0.0	0.0	0.0	0.0	0.0	0.0
859.3491195847092	0.8729200675221591	0.7619894442828908	738480.9093310148	995.7638415647356	-1.3336663406888647	1.778665908286427	991545.62816776	846.3280655852461	0.0380056735688185	716271.1945972646	0.0014444312234195	874.3607210082376	627.7085380991832	1.206584	21.057358	0.0563261134751609	0.0245027960896272	-0.0715373458	0.1269347074	0.055980228	-0.0816334655	0.0398037088	0.1452060794	0.023343954	-0.014945059	-0.0327918576	0.0662189486	-0.0555465068	-0.0058583869	0.1344104284	-0.0982641416	-0.0673448514	-0.0046091432	0.0958955692	0.0307962896	-0.0545437152	-0.0574120888	0.0914492164	-0.0973981233	-0.002719095	-0.1087819931	-0.027231213	-0.1499268358	-0.0583713178	-0.0891626778	-0.1669887334	-0.2025744879	-0.0910897723	-0.0261159256	0.1470269435	0.0293353087	0.0136634195	-0.0280036848	-0.0023865359	-0.1185152643	-0.0805025074	0.0351065466	-0.0155545974	-0.052214268	-0.1550007804	-0.0628230781	-0.0222581599	0.0151555869	-0.1782913896	-0.061363664	0.0980410711	0.000225872	0.1049809892	-0.031917027	0.0813559613	-0.0448309577	-0.1231357365	-0.0448617085	0.0595960427	0.1461064412	0.0830925925	0.1281310143	0.0233334203	-0.0810761589	0.0632102875	0.0055035018	-0.018892282	-0.006373635	0.0241914912	-0.008449174	0.0271548002	0.083296152	0.0367346393	0.0121983161	0.0294314163	-0.10612066	-0.0119549848	0.057113166324882	-0.0084617876655243	0.0032619137676536	7.160185049642084e-05	0.072784731577812	0.0038303941822305	1.467191959126597e-05	0.0052976171508541	0.1710619575704157	0.0112952719593409	0.0001275831686354	0.0292621933278227	0.0012442623269438	-0.0001869080293127	3.4934611421557134e-08	1.5481887382516e-06	-0.0010096777887604	0.0002271213979277	5.158412939663273e-08	1.0194492371160909e-06	0.0005206284943526	0.0002407437661208	5.7957560926074595e-08	2.710540291318552e-07	0.0	0.0	0.0	0.0	0.0	0.0	0.0	0.0	0.0	0.0	0.0	0.0	0.0	0.0
856.4868770318806	-2.862242552828661	8.192432431223132	733569.7705278237	998.5589748339706	2.795133269235066	7.812769992784709	997120.0262214704	844.96779385457	-1.3602717306761178	713970.5726514591	1.8503391812766008	873.4174242779043	625.9379612793202	1.17269	20.465837	0.0629264075826324	0.0372057851746264	-0.2116139587	-0.0189366668	0.1571885887	-0.0967721774	0.1025250809	-0.0834818258	-0.0271669817	0.0162271751	-0.0174276611	0.1517577386	-0.2180206333	0.0731379834	-0.0497919601	-0.0293246138	-0.1985679362	-0.0298421807	0.0328257274	-0.0997293617	-0.0714715858	-0.1411832421	0.020482497	0.0531431577	0.0315140825	-0.2533908132	-0.1352731701	-0.0925418798	0.1171089737	-0.1103088424	0.009910138	0.1562736861	0.0865578489	0.0744261359	-0.0749800214	0.1797829347	0.0878805933	-0.0853353327	0.0146567325	-0.1354183213	0.0001166602	0.0429280406	-0.1897764136	-0.094892364	-0.0959178434	0.1334812831	-0.0364415332	0.0435499456	-0.019628244	0.1766285688	0.0146688919	0.0673775784	0.1196736164	0.0442537694	0.0931377501	-0.1550135543	-0.0568471144	-0.076639238	-0.0885983855	0.0934380857	-0.0599941678	-0.2060493491	-0.0328344106	-0.2300686987	0.1468250896	-0.0461744989	0.0286399196	-0.0042776434	-0.0694790752	0.0757276313	-0.051499417	-0.0642006041	-0.103655817	0.0203686951	-0.0725190976	-0.1104315261	-0.0	0.0701246502983963	0.0130114839735143	0.0049174665794723	0.000169298715193	0.0729446081667788	0.0001598765889667	2.5560523699657595e-08	0.0053209158606048	0.1992246155061821	0.0281626579357663	0.0007931353020069	0.039690447423586	0.0012448494520072	5.87125063399984e-07	3.447158400724353e-13	1.5496501581626263e-06	-0.0014171926918313	-0.0004075149030709	1.6606839622488509e-07	2.008435125780046e-06	0.0004968827407992	-2.3745753553399947e-05	5.638608118188061e-10	2.46892458104125e-07	0.0	0.0	0.0	0.0	0.0	0.0	0.0	0.0	0.0	0.0	0.0	0.0	0.0	0.0
858.7309450510452	2.244068019164615	5.0358412746374	737418.8359882612	992.946864567446	-5.61211026652461	31.495781643630927	985943.475854322	847.3245597906872	2.356765936117199	717958.9096244818	5.554345677642377	874.476592370618	609.0737743997665	1.480023	25.829443	0.2308950142435146	0.0991002489353645	-0.1143957251	-0.1290947792	-0.0981160557	-0.1467171283	-0.1979747477	-0.0923521669	0.0465346135	-0.0319260909	0.0473778803	0.1341019134	0.1017734603	0.1896996843	0.2193577624	0.1339161417	0.0475107032	0.0799280888	-0.1342262653	-0.0231562089	0.1096884975	-0.0378674306	0.0860579181	0.2190151116	-0.1414288503	-0.041737548	0.2418606795	-0.3213642281	0.069187472	-0.1559991451	0.0095528457	0.0998672638	0.1652584457	0.2359297155	-0.0575467647	-0.0073016875	0.0158449424	0.1613456406	0.0310320611	0.0181523488	0.0788105655	0.0212014621	-0.1358497254	-0.127926042	0.0331485944	-0.3705307672	-0.2791489938	-0.2116431597	0.0345570579	0.2283912512	0.1443000977	-0.1252915261	-0.0530169462	-0.2108904547	0.0842061152	0.0443161306	-0.1027884181	-0.1963063247	-0.0129616259	0.1923375232	0.0433676222	-0.0956505293	0.1454660829	0.2072998262	-0.19885098	0.1281746228	0.1605828957	0.0662205553	0.2544305626	-0.0368410698	-0.2150003525	0.1729109526	-0.1010956624	-0.0315471495	-0.0017027213	-0.1145803187	0.0119549848	0.0600920389495058	-0.0100326113488905	0.0036110531451089	0.0001006532904778	0.0219293182171895	-0.0510152899495892	0.0026025598086406	0.0004808949974707	0.150270491535494	-0.0489541239706881	0.0023965062537374	0.0225812206263189	-6.192699662533515e-05	-0.0013067764486325	1.7076646867006608e-06	3.834952911034271e-09	-0.0005250088389503	0.000892183852881	7.959920273415859e-07	2.75634280975942e-07	0.0002779832628258	-0.0002188994779734	4.791698145702703e-08	7.727469441127781e-08	0.0	0.0	0.0	0.0	0.0	0.0	0.0	0.0	0.0	0.0	0.0	0.0	0.0	0.0
864.1492898697508	5.418344818705577	29.358460574393572	746753.9951823945	1005.8232979077972	12.876433340351127	165.8025355685061	1011680.5066141172	848.5376108355226	1.2130510448354244	720016.0770024569	1.4714928373763148	876.8512047311019	623.1682842101467	1.270462	22.172165	0.146074468422871	0.0848508875502476	0.0014289043	-0.1803672807	-0.2260648061	-0.0599499262	0.1021576782	-0.0934482957	-0.1649265351	0.0197241125	-0.0722326313	-0.237304494	-0.032987174	-0.0516666716	0.1707452993	0.151394915	0.0792575929	0.0033516869	-0.1245519406	0.1168326453	0.0621945382	0.1118246499	-0.161962141	0.3195942213	-0.0846916892	-0.1982269952	0.1212724528	0.0655466366	-0.0429952263	-0.0449191229	0.1114977364	-0.0078921564	-0.1272907019	0.1415564832	0.1247005236	0.0112455973	-0.0927514446	0.0903502444	-0.2438519576	0.231546552	-0.029181464	-0.1006101969	-0.1675238628	-0.2062931339	0.1491654585	0.0021442585	-0.2890401817	-0.0562040419	0.0487171409	0.013207141	0.0305691068	-0.1131107719	-0.1218408272	-0.3378177271	0.1393219981	0.1633185004	0.1967722803	-0.1404662905	-0.1427069988	0.0526203924	-0.091760166	-0.1066366918	0.0911495408	0.1162771609	-0.2031208368	0.0535429152	0.1239426718	0.1530729196	0.1489593676	0.0053236548	0.0640102593	0.0451037924	-0.0370085105	-0.0537382247	0.0547081803	-0.1185609488	0.023839813	0.0720155125491004	0.0119234735995945	0.0051862340477096	0.0001421692226802	0.0267145152964616	0.0047851970792721	2.2898111087474245e-05	0.0007136653275248	0.1740624628678801	0.0237919713323861	0.000566057899881	0.0302977409796321	-0.001337453401362	-0.0012755264047366	1.6269676091804423e-06	1.7887816008147831e-06	-0.0001359851452007	0.0003890236937495	1.5133943429858254e-07	1.849195971525546e-08	0.0007249096925719	0.0004469264297461	1.997432336055957e-07	5.254940623846866e-07	0.0	0.0	0.0	0.0	0.0	0.0	0.0	0.0	0.0	0.0	0.0	0.0	0.0	0.0
863.1104207080061	-1.0388691617446284	1.0792491352239868	744959.5983347513	1006.1116541316	0.2883562238027934	0.0831493118058067	1012260.6605794242	848.4400918876175	-0.0975189479050868	719850.5895222689	0.009509945200515	876.57957169731	637.6196188698763	1.327454	23.16679	0.1565966886511533	0.0844602532820298	0.1205037374	-0.0845593153	-0.0007102656	0.0275078199	0.0051114987	0.0998687297	-0.0552580762	0.0129392923	-0.1005112464	-0.0907114792	-0.1389466682	-0.266666773	0.0040652938	0.0268584998	0.0527370491	-0.1459589591	0.0100448908	0.0344609244	0.0617974415	0.0731826988	-0.0072383251	-0.0277880104	0.1549180759	-0.050359781	-0.0089834462	-0.1045462756	-0.1007493429	-0.0252239617	-0.0031230042	0.0039328324	-0.1305435657	-0.1657014187	0.1280938696	-0.0026480672	-0.1457203178	-0.0941652705	-0.0759672277	-0.0344734817	-0.0526679962	-0.2138008415	0.0075444474	-0.0128599129	-0.0705384853	-0.0869041436	0.0150823596	0.0551690974	-0.0852189338	0.0386585314	-0.0250622559	-0.0153678055	0.0151820344	-0.1049558846	0.0076363258	0.0605442547	0.0038227746	-0.1253583328	0.0032003171	-0.1462170895	0.0357645835	0.1030019621	0.0839850034	0.1265579949	0.0781222961	-0.1114273456	-0.1316234721	-0.0223189271	-0.1519464101	0.0980369638	0.2263921091	0.014225087	0.1178539781	0.066804735	0.0512580331	-0.1223675745	0.0355847396	0.0887068556363459	0.0166913430872455	0.0078689062368875	0.0002786009340561	0.0419938115191058	0.0152792962226442	0.0002334568930593	0.0017634802059021	0.1716650932613816	-0.0023973696064985	5.747381030162775e-06	0.0294689042444388	1.3206501129002997e-05	0.001350659902491	1.824282172197006e-06	1.7441167207035743e-10	-0.0009429952011257	-0.000807010055925	6.512652303640717e-07	8.892399493460995e-07	0.0004380060562926	-0.0002869036362793	8.23136965102849e-08	1.918493053489963e-07	0.0	0.0	0.0	0.0	0.0	0.0	0.0	0.0	0.0	0.0	0.0	0.0	0.0	0.0
861.143109519762	-1.967311188244139	3.870313311390566	741567.4550733648	1004.8247088100134	-1.286945321586586	1.6562282607536014	1009672.6954351282	847.477729405766	-0.9623624818515282	718218.5018387528	0.9261415464754328	876.4634700644965	625.3224638178517	1.081873	18.880903	0.0810440145754334	0.0458712386102816	-0.1363630591	0.0116549722	-0.0231461012	-0.0324761609	0.0054599887	0.0169407088	-0.1299886825	-0.081235392	-0.0224240042	-0.0106852389	-0.0751286385	-0.028005533	0.0021030209	-0.0375769135	0.0065672987	0.0201736051	0.0038920851	-0.0744070568	0.156094592	-0.0591816789	0.0691950148	0.0704300319	-0.0540491326	-0.0849532181	-0.0555865942	-0.0591730665	-0.0132747567	0.0253914067	-0.0446231146	0.0983139654	-0.3072409499	0.0901809064	0.0563274962	-0.0220664539	0.027591734	-0.0300370298	0.0241790964	0.0006735638	0.0550233971	-0.0588449282	-0.1083501172	-0.2230448465	-0.0675950324	0.0017847896	-0.0748428294	-0.1106626514	-0.0730666767	-0.0167584833	0.1342067993	0.0019359278	0.0083900171	-0.1198089276	0.0797940616	0.0881736208	0.0503582417	-0.1715865396	-0.0371604781	0.0891691799	-0.0358005921	-0.03528531	-0.0152624997	0.0687918901	0.0601524416	0.0415281849	0.0021970802	-0.0450642501	-0.0804522761	-0.0052350063	-0.0037987837	0.0163787612	0.1089565606	0.0559957162	0.0044352932	-0.1259946088	0.0471208409	0.0803537922400181	-0.0083530633963277	0.0064567319273519	6.977366810307129e-05	0.076630046327935	0.0346362348088292	0.0011996687617323	0.0058721640002214	0.1979151281733777	0.026250034911996	0.000689064332881	0.0391703979598845	-4.3871550812004826e-05	-5.707805194100782e-05	3.257904013380387e-09	1.924712970650321e-09	-0.0009240059882795	1.8989212846200047e-05	3.6059020451828886e-10	8.537870663763755e-07	0.0002779796919142	-0.0001600263643783	2.5608437296168442e-08	7.727270911671355e-08	0.0	0.0	0.0	0.0	0.0	0.0	0.0	0.0	0.0	0.0	0.0	0.0	0.0	0.0
860.06345424257	-1.079655277192046	1.1656555175686336	739709.1453236612	1002.1842878963172	-2.640420913696176	6.971822601484146	1004373.3469062484	846.4952280230227	-0.982501382743294	716554.1710657493	0.9653089670924848	873.625872102124	627.7606589424906	1.025105	17.890175	0.1183196732833373	0.0546115219091123	0.0148610281	-0.2005606118	0.0840578028	0.0535922785	0.005793855	0.0706457468	0.0717236688	0.0014942879	-0.0393378053	-0.0901039707	-0.1004861976	0.0289814957	-0.0540356071	0.1536816778	-0.0389100502	0.0514770651	-0.0465705075	0.0113665471	0.0718568862	-0.0114354181	-0.0778071781	0.234618166	0.1367036977	0.0703388325	0.063966866	-0.0146862876	-0.0306333649	0.1411098638	-0.2011258695	-0.1087039746	-0.0664256778	0.0295236848	0.0527997832	0.0211452067	0.0578210332	0.0194664724	-0.0686240016	-0.062332168	0.1003369383	-0.1496226165	-0.0728346477	0.1597522243	0.2089301958	0.0113580956	-0.0736523867	-0.1336205441	-0.0332039172	-0.0519712825	0.0436212456	0.0379889534	-0.0066599475	-0.0286171624	0.0201126229	0.0027766881	-0.004219933	-0.1714017136	-0.0489860483	-0.214267866	0.0652348294	-0.0092431787	0.0674258272	0.1421052283	-0.0508304113	-0.09276937	0.0179927425	-0.048159386	-0.0844036004	-0.0039253224	0.1353541522	-0.0143581614	0.127284188	-0.069686469	0.0474694095	-0.1294367287	0.0583804184	0.0902241651487685	0.0098703729087504	0.0081403999767922	9.742426135779404e-05	0.0498987741456034	-0.0267312721823316	0.0007145609124858	0.0024898876612339	0.2059557239839478	0.00804059581057	6.465118098895736e-05	0.042417760241752	0.0004655667970843	0.0005094383478963	2.595274303073165e-07	2.167524425473338e-07	-0.0012817966440004	-0.0003577906557209	1.2801415332119166e-07	1.6430026365706885e-06	0.0008842993359307	0.0006063196440165	3.676235107202953e-07	7.81985315527477e-07	0.0	0.0	0.0	0.0	0.0	0.0	0.0	0.0	0.0	0.0	0.0	0.0	0.0	0.0
859.3405705297417	-0.7228837128282066	0.5225608622722931	738466.216158382	996.0712446362784	-6.113043260038808	37.369297899105895	992157.9243912648	845.5478279046253	-0.9474001183974678	714951.1292742298	0.8975669843395361	873.3863578251993	618.0664907933193	1.040716	18.162636	0.0366736177922172	0.0197869896488141	-0.1374037252	0.0614510722	-0.0078257417	-0.0192975672	-0.1257173779	0.04534055	-0.0082777714	-0.1091604106	0.0733064507	0.0212194382	-0.0044613158	0.0702867183	0.1410359181	-0.0713421354	-0.0458665045	0.3221056617	0.0301939438	-0.083445986	-0.0505686966	-0.0582233173	0.0092557821	0.0455254786	0.0859989684	0.0042188493	-0.0328264083	-0.0255211468	0.0602155924	0.1249346696	-0.083744057	-0.0652593036	-0.0888671912	-0.0166100985	0.090026311	-0.0476816345	0.2522131362	0.0926878504	0.0444640312	-0.0815683713	-0.0718787294	0.0296537385	-0.0612024483	0.0729441215	0.0135532735	0.005832558	-0.091477014	-0.1649516858	-0.1166492232	-0.2059286883	-0.0594250353	0.0349997379	0.0131821395	-0.0053098265	0.069731999	0.0538071194	-0.0040185444	-0.0905965462	-0.0501391075	0.0878392267	0.0140692153	-0.0267329164	-0.0242563346	0.0682454934	0.0177314833	0.0448762296	0.0123780523	-0.0993916363	-0.0787219078	-0.0970674722	-0.0404067858	-0.067893913	0.203068916	0.0407632832	-0.0692835831	-0.1326888823	0.0692973963	0.0783566884868349	-0.0118674766619336	0.0061397706306228	0.0001408370023215	0.0624543851120193	0.0125556109664159	0.0001576433667399	0.0039005502197204	0.205881402619525	-7.432136442278581e-05	5.523665209664532e-09	0.0423871519445829	0.0004509853704965	-1.458142658779997e-05	2.1261800133539988e-10	2.0338780440186538e-07	-0.0010727971198345	0.0002089995241659	4.3680801101572616e-08	1.1508936603251988e-06	0.0009042425611659	1.994322523519998e-05	3.9773223278191727e-10	8.176546094238663e-07	0.0	0.0	0.0	0.0	0.0	0.0	0.0	0.0	0.0	0.0	0.0	0.0	0.0	0.0
860.4337166862686	1.0931461565268137	1.1949685195293451	740346.1808105458	1002.906108727616	6.834864091337636	46.71536714705665	1005820.6629231689	845.988090906734	0.4402630021087361	715695.8499560204	0.193831511025797	873.699025024919	625.3968837001356	1.103373	19.256117	0.0315975656622322	0.0212153640828075	0.0929449832	-0.1664242564	-0.0156217546	-0.0650737351	0.0503121807	-0.0293573196	-0.0126883684	0.0833444148	-0.1095265288	-0.1383881821	-0.0946762494	-0.034169261	0.1169918706	0.0473000381	-0.0625670135	0.1100350208	-0.0465548714	0.0859578751	-0.0376161128	0.1067101128	-0.1798020122	0.1475099706	0.0978359111	-0.0911367916	0.0566618278	-0.0260859422	0.1405337621	0.1919303139	0.1698887456	-0.0649886852	0.1717348726	-0.0423999291	0.0083281025	0.0594387138	0.1026988643	0.0783616637	-0.1336193948	0.0394380175	-0.1088085797	-0.1068044468	-0.0721521323	0.1109604794	0.1902486411	0.1526429993	-0.00414161	-0.0204084311	-0.0728654811	0.1784021392	-0.0883457353	0.0509482103	-0.0060080361	-0.0190589772	-0.0027735898	0.0470111615	0.0249282048	-0.0335262345	-0.1455697041	-0.1652261851	-0.0693579618	-0.2219009651	-0.0106522965	0.0221931627	-0.0587982705	-0.2129491578	0.0298063335	0.0357979387	-0.0707933252	0.0230510566	0.1029030458	-0.0862079002	0.1821821102	0.2062054925	-0.028758367	-0.1357462967	0.0798077096	0.0818698041648389	0.0035131156780039	0.006702664833989	1.2341981767037486e-05	0.0642580517063748	0.0018036665943555	3.2532131835939845e-06	0.0041290972090991	0.2060739560098028	0.0001925533902777	3.7076808107472566e-08	0.0424664753455301	0.0002511577358928	-0.0001998276346037	3.9931083551309855e-08	6.308020829879747e-08	-0.0010728451210659	-4.800123139985305e-08	2.304118215902238e-15	1.1509966537949054e-06	0.0012261315253227	0.0003218889641567	1.0361250524593765e-07	1.5033985173901708e-06	0.0	0.0	0.0	0.0	0.0	0.0	0.0	0.0	0.0	0.0	0.0	0.0	0.0	0.0
862.9521303983996	2.518413712131064	6.342407625449766	744686.3793591365	992.80620424935	-10.099904478266012	102.00807047009783	985664.159196002	849.2183511649613	3.230260258227304	721171.8079553355	10.434581335882728	873.5369530236956	619.8336018184859	1.30581	22.789062	0.1037156233423296	0.0469748226843015	0.0070570324	0.1709108348	-0.0208535576	0.0526859439	-0.2398402813	-0.2944138515	0.0479577043	-0.1775146961	0.1181118584	0.1078360668	0.1153316627	-0.1147672618	0.0450518432	-0.150990385	0.1885969924	0.0728552835	0.1106836072	-0.1810671866	0.0192051257	0.127299875	0.011765977	-0.0125731635	0.0380190052	0.1192768215	0.13202421	-0.1233229784	0.157766624	0.0196314327	-0.0245888264	0.1323086967	-0.1073533873	-0.0726463785	-0.0075604829	-0.2248379867	0.0446025983	-0.0290763769	0.2429861558	0.0254373779	-0.104096025	-0.0817315934	0.0632958563	0.0470646105	0.173282565	-0.0681039728	-0.0415774633	0.0162876396	-0.1153677408	0.1048191331	-0.0335464486	0.0264376859	-0.055561448	0.0428749775	-0.005815184	0.2059250533	0.0583972659	-0.0168103561	0.0887376219	0.0132458271	-0.1889257121	-0.094918111	-0.0542383933	0.0920131309	0.0969846795	0.0474898662	0.033848452	0.1328565125	-0.1123695738	0.0039718793	-0.0569596791	-0.1339401729	0.2127846869	0.130598737	0.0496489096	-0.1386044847	0.0898496795	0.0794555981155866	-0.0024142060492522	0.0063131920719056	5.828390848246392e-06	0.0838486106553233	0.0195905589489484	0.0003837899999322	0.0070305895088279	0.167783855923929	-0.0382901000858738	0.0014661317645862	0.0281514223087017	-0.0001482924660043	-0.0003994502018971	1.5956046379563397e-07	2.1990655473636473e-08	-0.0013580783611766	-0.0002852332401107	8.135800126404834e-08	1.84437683509612e-06	0.0010423998021654	-0.0001837317231573	3.3757346094350736e-08	1.086597347554465e-06	0.0	0.0	0.0	0.0	0.0	0.0	0.0	0.0	0.0	0.0	0.0	0.0	0.0	0.0
866.8463306387623	3.894200240362693	15.164795512040856	751422.5609418864	1002.741926793302	9.93572254395201	98.7185824703962	1005491.3717491438	849.0508318065542	-0.1675193584070484	720887.3149914016	0.0280627354411091	876.7517154697548	647.998955429398	1.219576	21.284109	0.0724998348140779	0.0519481228326208	0.0343773558	0.0906028745	-0.2024627826	0.0678033845	0.0948398635	-0.0705040347	-0.0483525231	0.0550270638	0.0742213137	-0.1872481108	0.2357445857	-0.0609387626	-0.0214209879	0.007998201	0.1251047503	-0.0418912272	-0.0601604319	0.1090594001	0.0517942755	0.1079530843	-0.0464365172	-0.1084600257	-0.128094677	0.0936911546	0.0079610434	-0.0086981279	0.4381094492	0.0708236721	0.1923265744	-0.1522074015	-0.1056850507	0.0143215117	-0.0597291781	-0.0819440213	-0.0457212911	0.0716198816	0.0092539436	0.2349743639	0.0560798898	0.138566296	0.1692149249	-0.013049899	0.1148527458	0.1676672595	0.1631051171	0.083464172	-0.1828571816	0.1562820716	0.1754643132	0.0022701642	-0.0789205149	0.0224650457	0.0069915137	0.0789962046	0.1723178331	0.1943247255	-0.002272243	0.0211272311	-0.0510974877	-0.1504917528	-0.0141216605	-0.1133703486	-0.160873202	0.1017139582	-0.0360261403	-0.1816530201	0.0120323846	0.0282525114	0.0638904456	-0.0157525477	0.1449753133	0.0137134595	-0.0494417858	-0.1412592515	0.0993643757	0.0804428394065297	0.0009872412909431	0.0064710504117847	9.74645366543004e-07	0.0643322994199593	-0.019516311235364	0.0003808864042355	0.0041386447486592	0.1691175271450049	0.0013336712210758	1.7786789259260509e-06	0.0286007379876414	0.0007407739522783	0.0008890664182826	7.90439096117851e-07	5.48746048374013e-07	-0.0014756160143041	-0.0001175376531274	1.3815099902720465e-08	2.1774426216707176e-06	0.0010490479520892	6.648149923800095e-06	4.41978974093232e-11	1.1005016057825444e-06	0.0	0.0	0.0	0.0	0.0	0.0	0.0	0.0	0.0	0.0	0.0	0.0	0.0	0.0
863.8685163173398	-2.9778143214225565	8.86737813286928	746268.8134843219	1007.3452465614577	4.603319768155643	21.19055288789252	1014744.445769964	848.7902613817063	-0.2605704248479696	720444.9078164252	0.0678969463054514	875.8993054047735	641.2036772923077	1.167901	20.382273	0.0288496386839309	0.0181982153252168	0.1500976699	-0.0793589333	0.0302131227	0.2504873707	0.0098149997	0.048327036	0.0172285419	0.0273624125	-0.0260044004	-0.1304501436	0.0407355811	-0.1038458946	-0.1627332804	0.0003497612	0.0905261325	-0.1477012705	0.0713471257	-0.0322790428	0.0995067501	0.0377008664	0.0135237957	-0.0024148924	0.0756896702	0.1195369009	0.0725215921	0.1100041897	0.1863828151	-0.0453551692	-0.2342930719	0.0001201746	0.0683437071	0.0046325654	0.116007631	-0.0798515501	-0.1337458016	-0.1011166626	0.0239838895	0.0291253382	0.091644128	-0.1188600541	0.1283867069	0.1480201589	0.1157366784	0.0517736688	-0.0305350216	-0.0312628489	-0.1339138012	-0.1310745281	0.1520934524	0.0201329656	-0.0602821853	0.071277454	-0.0712878819	0.0564885127	0.0634102234	0.0893871911	-0.0067755528	-0.246899297	0.0816006731	-0.0453541962	0.0115766236	0.0176808382	-0.085646519	0.0947295877	-0.0955492722	-0.1541514231	0.0506278727	-0.1300065268	-0.102004748	-0.1001594223	0.168171034	-0.1416836846	0.0020203863	-0.1437067008	0.1082959623	0.0853029814808792	0.0048601420743494	0.0072765986495272	2.3620980982862227e-05	0.0641501334921059	-0.0001821659278534	3.318442527069132e-08	0.004115239627055	0.1831388224368879	0.014021295291883	0.0001965967216621	0.0335398282835699	0.0007579054348899	1.713148261160008e-05	2.9348769647155587e-10	5.744206482356485e-07	-0.0014750404964953	5.755178088000159e-07	3.3122074824597164e-13	2.1757444663011007e-06	0.0012270616594657	0.0001780137073764	3.1688880013926136e-08	1.5056803161307173e-06	0.0	0.0	0.0	0.0	0.0	0.0	0.0	0.0	0.0	0.0	0.0	0.0	0.0	0.0
863.0840910222465	-0.7844252950932287	0.6153230435820989	744914.1481756975	999.8858694440864	-7.459377117371218	55.64230697916135	999771.7519139568	847.6356608433006	-1.1546005384057023	718486.2135332589	1.3331024032867382	875.8466340058098	650.5399070433403	1.149659	20.063898	0.0510913435643311	0.029686119498003	0.0552826799	0.2127945034	-0.0516172505	0.0202100905	0.0772092253	0.0066035334	0.1085241664	0.0036796715	0.0402165366	-0.0721235765	0.1227015183	-0.0276105633	-0.0238760055	-0.1039059556	0.0362767171	0.0711134722	0.0422324375	-0.0053462431	-0.0295817568	0.0913936161	-0.0243171898	-0.0731410392	-0.089136876	0.0006540898	-0.0135144076	0.1531884853	0.0708916655	0.0151314828	-0.020130065	0.0893893503	-0.074778814	-0.0143395075	-0.2075505113	-0.0495727918	0.0252648613	-0.0103464424	0.0660508365	0.0882002568	-0.0958034383	0.1435327322	0.1244698675	0.0125956228	0.0340249867	0.0542607612	-0.0160045527	-0.0167750075	-0.0614022298	-0.1513798794	-0.0811261139	-0.0040718904	-0.0670550702	0.0478508806	-0.0323140271	0.0512598636	0.0215343538	0.2117483243	0.0810031654	0.0669334067	0.0595245738	0.0538549771	0.0341944838	-0.0060999153	0.023785591	0.0457303328	-0.0910042757	-0.1304632185	0.0180940701	-0.0531043343	-0.0453907957	0.0339296126	0.0922992521	-0.092522778	0.0196371389	-0.1459432408	0.1165920251	0.093208531574362	0.0079055500934828	0.0086878303582488	6.249772228056595e-05	0.0710078296682326	0.0068576961761267	4.702799684406286e-05	0.0050421118741927	0.1564463300314713	-0.0266924924054166	0.0007124891508132	0.024475454180316	0.0007577642393434	-1.4119554650005118e-07	1.9936182351448108e-14	5.742066424276815e-07	-0.0014756104283093	-5.699318140000523e-07	3.2482227260939025e-13	2.177426136135156e-06	0.0010350606890401	-0.0001920009704256	3.686437264437213e-08	1.0713506299961664e-06	0.0	0.0	0.0	0.0	0.0	0.0	0.0	0.0	0.0	0.0	0.0	0.0	0.0	0.0
859.9761592741718	-3.107931748074748	9.659239750690958	739558.9945199557	1000.336145936773	0.4502764926866121	0.2027489198661566	1000672.4048676369	845.1145877264242	-2.521073116876323	714218.666388004	6.355809660636499	873.5430850923493	639.2639209326093	0.946549	16.519226	0.0741455117032559	0.0403758871345045	-0.0105087155	0.1286996252	0.0452209259	0.0275780477	0.0552949119	-0.1075128816	0.0647894418	0.0091983447	0.0092572795	0.0462403303	-0.0014103482	0.0587604943	-0.0565576494	-0.1178673736	-0.1055356514	0.1445279374	0.0729833905	-0.1545461544	-0.0907373639	0.030076851	0.0784099201	0.0471579722	-0.070806133	0.0495428423	-0.1033512738	0.0351104172	-0.1221523761	-0.1471435285	0.0788801098	0.0516691637	0.1189402397	0.1099294645	0.1200909134	0.0346780366	0.1501433093	-0.0264530892	0.1226856191	-0.0988577104	-0.0711058265	0.0134357295	0.0096809638	-0.0458635895	0.0329762343	0.0348997334	0.0004481509	0.0208193138	0.1469901422	-0.0829809761	0.0752562092	0.0128178582	-0.0466898745	0.0550437551	-0.0416975718	0.0775419734	-0.0320162226	-0.0271065063	0.0116717545	0.0511525821	-0.0723531269	0.0733692478	-0.0733802051	-0.0686366087	0.1006194104	0.0487240713	-0.0123714195	0.0283721496	0.0345381901	-0.017684685	-0.0620465859	-0.0321375278	-0.088478778	-0.0084195868	0.0603184824	-0.1479655889	0.1242038795	0.0894344631122123	-0.0037740684621496	0.0079985231921696	1.4243592756992993e-05	0.0806975268946672	0.0096896972264345	9.38902323399742e-05	0.0065120908469155	0.174537118331358	0.0180907882998866	0.0003272766213113	0.0304632056754144	0.0002530430195851	-0.0005047212197583	2.5474350967430613e-07	6.40307697607453e-08	-0.0013723991968142	0.000103211231495	1.0652558306735116e-08	1.883479555416261e-06	0.0007911739859978	-0.0002438867030422	5.948072392084301e-08	6.259562761196469e-07	0.0	0.0	0.0	0.0	0.0	0.0	0.0	0.0	0.0	0.0	0.0	0.0	0.0	0.0
863.4388843019362	3.4627250277644634	11.990464617906404	745526.7069245725	996.7959384703904	-3.54020746638264	12.533068905031389	993602.1429510664	847.6157494469027	2.5011617204784216	718452.4587104345	6.255809951986578	874.9710116144789	627.707714766435	1.012096	17.663147	0.0612934241343976	0.0394641222559068	-0.1017999399	0.0187835879	-0.1908450595	0.0111775569	-0.0267678381	0.0616078286	0.0332177189	-0.00668818	0.075258688	0.0193322486	0.1491665546	0.07774506	0.0781002812	0.1277767832	0.0440198216	0.1123807416	-0.086016724	0.0500192545	-0.0209598471	-0.0317580673	-0.0897959886	-0.0333191023	-0.1002940753	0.0097271876	-0.1317604929	0.1768653542	-0.0553987339	-0.061120561	0.0829095526	0.0560202614	0.1037290888	-0.0896188733	0.003138975	-0.0399456333	0.1068359663	0.148075033	0.0136538839	0.093143457	0.0728640872	0.0778136217	0.0002522266	-0.0466824266	0.0681095912	0.0553180338	0.1177923911	0.1445137941	0.1452274705	-0.0034121615	-0.1711409203	-0.0019473703	-0.1042198155	0.0749179384	-0.0799607631	0.0100910987	0.0664151424	0.0295585042	0.0889560127	0.1069341049	-0.0319961213	0.0322372281	-0.1021576285	-0.0373425293	-0.0714395895	0.0184982449	0.0878718618	-0.0513601893	-0.0511938848	0.0179807466	0.0209046538	0.026092236	-0.2256202666	0.029811422	-0.0132908977	-0.1497707771	0.1310868562	0.0943020383178776	0.0048675752056653	0.0088928744309064	2.369328838280762e-05	0.080453324071243	-0.0002442028234241	5.963501896834558e-08	0.0064727373541124	0.1444189800144499	-0.0301181383169081	0.0009071022556764	0.020856841788414	0.0002532492838122	2.0626422710004306e-07	4.2544931381178135e-14	6.413519975139224e-08	-0.0018933978995416	-0.0005209987027274	2.714396482436339e-07	3.584955605988543e-06	0.0007912391748113	6.518881350003891e-08	4.249581405542855e-15	6.260594317560669e-07	0.0	0.0	0.0	0.0	0.0	0.0	0.0	0.0	0.0	0.0	0.0	0.0	0.0	0.0
862.4443740239275	-0.9945102780087608	0.9890506930650628	743810.2982855241	1005.1620754284804	8.36613695809001	69.99224760151957	1010350.7978796902	847.6386038181001	0.022854371197468	718491.2026826981	0.0005223222828316	875.5502100474092	642.3528274769537	1.10966	19.365837	0.105686553402286	0.0581507242788059	0.1520469007	0.020749054	0.1077855915	0.1360527531	0.0994522257	-0.0089010511	0.0001077802	0.0458469607	-0.034675635	-0.0693644814	-0.0583611376	-0.0967172388	-0.108673163	-0.0715571251	0.0283053058	-0.0558818871	0.0665620089	-0.0180816232	-0.0790822366	0.105049126	-0.0691954266	0.024305207	0.077181938	0.0535149001	0.0380245539	0.1012975224	-0.0625476014	0.131029467	0.0480855646	0.1302230016	0.1729518	-0.1445745964	0.0856630848	-0.0081551309	-0.0595091372	-0.0781402106	-0.0158854728	0.0018600742	-0.095314835	-0.0707327278	0.0800595265	0.0980215697	0.0863440945	0.138760281	0.0075027826	0.0343363255	0.161196068	-0.0150889098	-0.1754733485	0.0448706659	-0.0613059012	0.0310263124	-0.0710772623	-0.0039680372	0.03710012	0.0448891081	0.025093367	-0.1504558525	-0.0418460246	0.0569191883	-0.0228023602	-0.0884658671	0.0184235366	-0.0934729412	-0.0390416385	0.104719219	0.0900494549	-0.1272891608	-0.0104137046	0.0245860567	-0.1034547355	-0.013050569	-0.0036985502	-0.1513561561	0.1372005631	0.0920876390604377	-0.0022143992574399	0.0084801332677254	4.903564071350418e-06	0.0663724856326837	-0.0140808384385592	0.0001982700111328	0.0044053068490608	0.1939547564733317	0.0495357764588818	0.0024537931493843	0.0376184475586294	0.0002538636749227	6.143911104999618e-07	3.774764366613762e-13	6.444676544525829e-08	-0.0014758506540859	0.0004175472454557	1.743457021876427e-07	2.178135153165778e-06	0.0011701883231932	0.0003789491483819	1.436024570593673e-07	1.3693407117377131e-06	0.0	0.0	0.0	0.0	0.0	0.0	0.0	0.0	0.0	0.0	0.0	0.0	0.0	0.0
861.6153156566077	-0.8290583673198171	0.6873377764230008	742380.9521740357	996.8697892735512	-8.29228615492923	68.76200967523098	993749.3767662944	847.5812638274336	-0.0573399906664917	718393.9987913097	0.0032878745296333	874.9635795427577	620.1459468236161	1.018018	17.766506	0.0641698850365909	0.0274233133745958	-0.1432764589	0.031747147	-0.044663116	0.0692758233	-0.0453769343	0.0565220613	0.0430522976	-0.0842471225	0.0945256417	0.0280433456	0.0861970282	0.0715675922	-0.0736778496	0.0776343205	0.0129775258	-0.0259668707	0.0659693078	0.0032964381	0.1340562432	-0.0558763258	-0.0184342007	-0.0305800019	-0.0563790918	-0.0155701173	-0.0502742651	0.0560852182	0.0302379821	0.0927012263	0.0665017082	-0.0790887354	-0.0433139888	-0.0935696292	-0.0781771378	-0.0452297508	0.0353982803	-0.0538509852	0.03824838	0.0559766395	0.1616481792	0.0867139796	0.0628131301	-0.0406633993	0.0115817719	0.0399642605	0.0485866018	0.0113681198	-0.0623637354	-0.0726916223	-0.0687647774	0.053126215	-0.0461171662	0.0825218687	0.0438163207	-0.038460705	0.1022139724	0.0270432249	0.0262990084	0.0191327838	0.0453357973	0.0631253338	-0.0714082976	-0.0607220754	-0.0600154672	0.0395614476	0.060642522	-0.0175309851	-0.0240686212	-0.1459155584	-0.102574838	-0.0008889633	-0.1181176302	0.0465993168	-0.0932302353	-0.152719399	0.1425091225	0.1014587771739314	0.0093711381134937	0.0102938834656294	8.78182295421743e-05	0.0772544561071555	0.0108819704744718	0.0001184172814072	0.0059682509884124	0.2044277734798072	0.0104730170064754	0.0001096840852179	0.0417907145699113	0.0005251072456978	0.0002712435707751	7.357307468682672e-08	2.7573761948432973e-07	-0.0018426854375315	-0.0003668347834455	1.3456775834558024e-07	3.3954896216906557e-06	0.0012009851578155	3.079683462229991e-05	9.484450227532902e-10	1.4423653492931212e-06	0.0	0.0	0.0	0.0	0.0	0.0	0.0	0.0	0.0	0.0	0.0	0.0	0.0	0.0
861.9545264336306	0.3392107770229131	0.1150639512484884	742965.6056394244	1001.7577601229208	4.887970849369594	23.892259024286915	1003518.6099664912	846.3412008910052	-1.240062936428444	716293.4283256289	1.537756086303535	874.743509034213	638.7726441961402	1.135447	19.815876	0.0458132418712292	0.0244917229565393	0.2085665245	-0.0133541349	0.0692701985	-0.057446581	0.0667276936	0.0838746707	-0.0620389387	0.1071953086	-0.1310762139	-0.033330692	-0.0443125981	-0.0702911419	0.1247071078	-0.0213033535	-0.0839021833	-0.0217720265	0.0622901035	0.1940659519	0.0148903875	0.0869887789	0.0120195481	-0.0848718826	0.2190115361	0.0245252813	0.090487742	0.03039669	0.0046867397	0.0842820442	-0.0619790189	-0.1173564503	0.0474488213	-0.0523838456	0.0400344387	0.0470419364	-0.0059635858	-0.00951073	-0.1826539587	-0.0860778384	-0.0454762303	-0.0795249818	0.1661388254	0.1130327902	-0.0462524319	0.029601664	0.0130829458	0.0574396833	-0.0314534671	-0.0935436036	0.0360330069	0.0379927727	0.0050230138	-0.0148469387	-0.0472814772	-0.0655644576	0.0413160329	0.1332489894	-0.0494177392	-0.1585069948	0.0144791159	0.042036637	0.0345524116	-0.0118914776	0.0919622608	-0.0905141894	-0.0450172964	0.1190546601	0.1299808336	-0.0746486734	0.0547258228	0.0542429309	-0.0512400422	0.028973141	-0.1098602148	-0.1538585052	0.1469813818	0.1083039989112961	0.0068452217373647	0.011729756180178	4.685706063369033e-05	0.0641361039587025	-0.013118352148453	0.0001720911630908	0.0041134398310014	0.2049144542402388	0.0004866807604315	2.3685816257427645e-07	0.0419899335565749	0.0005573068795833	3.219963388549998e-05	1.0368164223602384e-09	3.105909580308749e-07	-0.0014756980478389	0.0003669873896925	1.3467974419338814e-07	2.1776847283955407e-06	0.001092912436894	-0.0001080727209214	1.1679713007376397e-08	1.1944575947175816e-06	0.0	0.0	0.0	0.0	0.0	0.0	0.0	0.0	0.0	0.0	0.0	0.0	0.0	0.0
860.4533410048128	-1.5011854288177346	2.253557691694686	740379.9520463448	996.1958375137845	-5.561922609136332	30.9349831100219	992406.1466797905	846.891510063779	0.5503091727738365	717225.2298181079	0.3028401856390242	873.8740080051363	624.8970009236673	1.223983	21.361015	0.0626981663763213	0.0294658286974704	-0.1646273277	-0.0133985766	-0.047610164	0.0764039944	-0.0435433274	0.1102066216	-0.0010351028	-0.0659451941	0.0836668108	0.1901427841	-0.0352313918	-0.1464763303	-0.0673722849	0.0606616206	-0.024131863	0.0677774121	-0.0183285545	-0.0761039846	0.1258576491	-0.0570973908	0.0848597895	-0.0170567112	0.012513588	0.0800989227	-0.1439608707	0.0115736771	-0.1800467474	-0.1004079485	-0.0841151945	-0.0076800883	0.0611609525	0.0573554517	0.0638082202	-0.0228626767	0.0682011282	0.0269272237	0.0899860323	-0.1004470882	0.1173732318	-0.0772885323	-0.0263588475	-0.0821923506	-0.0840139817	-0.0391448703	0.1196438407	0.0686178524	0.0050116301	-0.1088310097	0.0829727204	0.0316413174	-0.026316902	0.090264132	0.008681083	-0.0601413424	0.037085583	-0.0955816599	0.0467429228	0.0508623294	0.0608223219	0.1689089639	-0.0803102015	-0.0451417011	-0.0499543972	0.0175276791	0.0044369302	-0.0529701279	-0.0666566098	0.0152023216	0.0090841801	0.0648170643	-0.0384330895	-0.0045238753	0.0305617919	-0.1547718027	0.1505910958	0.0952040201832176	-0.0130999787280785	0.0090638054590465	0.0001716094426761	0.0693891166097131	0.0052530126510105	2.759414191167735e-05	0.0048148495038763	0.1889868153751166	-0.0159276388651221	0.0002536896798177	0.0357160163856284	0.0004391436495143	-0.000118163230069	1.3962548940339424e-08	1.9284714490873842e-07	-0.0016248309958566	-0.0001491329480176	2.2240636184449978e-08	2.6400757650963504e-06	0.0007918578923385	-0.0003010545445555	9.063383879751954e-08	6.270389216587715e-07	0.0	0.0	0.0	0.0	0.0	0.0	0.0	0.0	0.0	0.0	0.0	0.0	0.0	0.0
860.8398893345731	0.3865483297602168	0.1494196112404133	741045.31506956	999.8719492923008	3.676111778516315	13.513797808146386	999743.9149815852	846.7838621966607	-0.1076478671183167	717042.9092766932	0.0115880632951227	875.8878030550147	642.49956640094	1.266681	22.106188	0.0448094167104517	0.0266182862404462	0.1451782595	-0.0045511646	-0.0445622092	-0.2018304388	0.1260996117	0.036941555	0.0129246425	0.1055210255	-0.0714323562	-0.0090571467	-0.0146746109	0.0367539361	0.1151680376	0.0626143296	-0.0359720799	0.001530139	-0.0410950101	0.2920480661	-0.0637746726	0.0079399547	0.0479117218	-0.0748953201	-0.0338469442	0.1315593668	-0.1231168772	0.131266351	0.0730018969	-0.0892602592	0.1374843514	0.0167880983	-0.0559040053	0.1043276281	-0.1134947946	0.0565700453	-0.0047621776	0.0872662207	-0.2188822096	0.0376881352	-0.0036165863	0.0911381129	0.1505813552	-0.0265932903	-0.0648806231	-0.0255054993	0.1687434631	0.0842538667	0.0543838797	-0.0140641568	0.0781182889	0.0216314887	-0.0441601006	-0.0186864375	-0.0334224533	-0.1449634125	0.0243005732	0.2511452132	-0.0695760394	0.0022047737	0.0870430157	-0.1054477283	0.0725292864	-0.0291634392	0.0907579986	0.0160773002	-0.025031609	0.0364378365	0.1465183511	0.0219935617	0.0078447943	0.1261883025	-0.0930021451	0.0469867619	-0.0670370966	-0.1554579513	0.1533170814	0.1090643761432659	0.0138603559600483	0.0118950381435197	0.0001921094673392	0.0640795467827075	-0.0053095698270056	2.8191531747848307e-05	0.0041061883158771	0.1888858417981538	-0.0001009735769628	1.0195663244665536e-08	0.0356778612317971	0.0004803205111301	4.11768616158e-05	1.6955339325267435e-09	2.307077934122805e-07	-0.0014757348043425	0.000149096191514	2.2229674324009177e-08	2.1777932127477968e-06	0.0011123551861373	0.0003204972937987	1.027185153323543e-07	1.2373340601265472e-06	0.0	0.0	0.0	0.0	0.0	0.0	0.0	0.0	0.0	0.0	0.0	0.0	0.0	0.0
860.2638221615624	-0.5760671730106424	0.3318533878204733	740053.8437200203	1002.215316386705	2.3433670944042437	5.491369339136586	1004435.5404001032	848.369008400166	1.5851462035052464	719729.9744138808	2.512688486487096	876.0321899224708	625.4023282432191	1.258087	21.956188	0.1285081517819769	0.0568291505541827	-0.0596952774	0.0014005275	0.1262260813	0.089401798	-0.059855546	-0.1286437145	-0.109788136	-0.0284151395	0.0254891751	0.170410442	-0.088520855	-0.1163910446	-0.1490663298	0.049232194	0.050663302	-0.157863565	0.0171656872	-0.2144341146	-0.0892312932	0.0393717869	0.0224534608	0.034215314	0.0106933905	-0.0219494839	-0.1497642255	0.0729986513	-0.2651358173	-0.0631946512	0.0094614911	-0.0120367223	0.0477591882	-0.0872123618	0.0271276461	0.0130737016	-0.1565984236	-0.1116216998	0.1609602315	-0.0867799873	-0.0691409679	-0.1135246504	-0.0965392257	-0.1479499677	-0.0460261823	-0.052812716	0.0750918747	0.0803712813	0.1961652186	-0.0398138985	-0.1568111276	-0.0154198738	-0.0754755435	0.0420091908	-0.1552774352	-0.004649673	-0.0767135963	-0.109724645	0.0591357817	0.010542552	0.0352616813	0.034604392	0.0186798207	-0.016694826	0.1795013951	0.1596569145	-0.1857802857	-0.0728789961	-0.0419734313	0.1423190702	-0.1492765529	-0.0696376795	-0.1637651062	-0.0349772647	-0.0299721269	-0.155915944	0.1551433414	0.1091155621951713	5.118605190539138e-05	0.0119062059131682	2.620011909661421e-09	0.0891566688787719	0.0250771220960644	0.0006288620526209	0.0079489116055589	0.147217086470917	-0.0416687553272367	0.0017362851705211	0.0216728705489854	-1.925289097650605e-05	-0.0004995734021066	2.495735840923687e-07	3.70673810953228e-10	-0.001889010950631	-0.0004132761462884	1.707971730910736e-07	3.568362371603834e-06	0.000790982968397	-0.0003213722177402	1.0328010233531877e-07	6.256540562941295e-07	0.0	0.0	0.0	0.0	0.0	0.0	0.0	0.0	0.0	0.0	0.0	0.0	0.0	0.0
860.6677176579393	0.4038954963768901	0.1631315719935344	740748.9202185264	997.2398630420812	-4.975453344623816	24.755135984528312	994487.3444401888	847.6341322637237	-0.7348761364422671	718483.6221784758	0.5400429359123136	875.2605739936711	632.8668911425151	1.02099	17.818371	0.1021213855136244	0.0542795526334373	-0.044718214	-0.0148090164	-0.0285793905	-0.0635093004	0.017350052	0.011069729	0.1783012324	-0.0164698191	0.0520895345	0.0519963319	0.0586706275	0.0894081637	-0.0338513813	-0.0117485715	-0.0016726525	-0.0124500206	-0.064491753	0.0054918029	0.0481845265	-0.0989545411	-0.0787104442	-0.0638274886	-0.1994900357	0.0582949465	0.0208744061	0.0892288095	-0.1617494059	0.0302272105	-0.0115219013	0.0215095963	-0.0696739999	-0.0307849172	-0.2299156455	0.0062152862	-0.0065007362	0.0254885081	0.024791064	0.0655021308	0.1160777775	0.1093013679	-0.048049526	-0.0127138124	-0.0446091338	-0.1195186315	0.0801795099	0.0274658082	0.1560638221	-0.0353142193	-0.0319488639	0.010291818	-0.0993338719	0.0274402983	-0.0650541795	-0.0342103766	-0.0423668311	0.0022463132	0.0012938401	0.1149402221	0.0181610504	0.0820753935	-0.0256686311	0.1825527678	-0.0007757539	-0.1242511473	0.0726244711	-0.0875654186	-0.1024484173	0.1217611252	0.0856204924	0.0875467289	-0.2004444212	0.0537753557	0.1510359458	-0.1561451084	0.1560591586	0.1129388861246241	0.0038233239294528	0.0127551919990708	1.4617805869526474e-05	0.0441802686946886	-0.0449764001840833	0.0020228765735188	0.0019518961419348	0.16153035857009	0.0143132720991729	0.0002048697581849	0.0260920567397818	0.0001891022598721	0.0002083551508486	4.3411868885145376e-08	3.5759664688735244e-08	-0.0017708842661954	0.0001181266844355	1.3953913575747792e-08	3.1360310842584207e-06	0.0012446689191311	0.000453685950734	2.0583094189350418e-07	1.5492007182509807e-06	0.0	0.0	0.0	0.0	0.0	0.0	0.0	0.0	0.0	0.0	0.0	0.0	0.0	0.0
