
Fri Mar  6 07:22:57 CET 2026
cd /out/sourcedata/freesurfer/sub-v1s10x0051024_ses-1
setenv SUBJECTS_DIR /out/sourcedata/freesurfer
/opt/freesurfer/bin/recon-all -autorecon1 -i /work/fmriprep_25_2_wf/sub_v1s10x0051024_ses_1_wf/anat_fit_wf/anat_validate/sub-v1s10x0051024_ses-1_T1w_noise_corrected_ras_valid.nii.gz -noskullstrip -noT2pial -noFLAIRpial -openmp 16 -subjid sub-v1s10x0051024_ses-1 -sd /out/sourcedata/freesurfer

subjid sub-v1s10x0051024_ses-1
setenv SUBJECTS_DIR /out/sourcedata/freesurfer
FREESURFER_HOME /opt/freesurfer
Actual FREESURFER_HOME /opt/freesurfer
build-stamp.txt: freesurfer-linux-ubuntu22_x86_64-7.3.2-20220804-6354275
Linux dna052 5.14.0-427.37.1.el9_4.x86_64 #1 SMP PREEMPT_DYNAMIC Fri Sep 13 12:41:50 EDT 2024 x86_64 x86_64 x86_64 GNU/Linux
cputime      unlimited
filesize     unlimited
datasize     unlimited
stacksize    8192 kbytes
coredumpsize 0 kbytes
memoryuse    67108864 kbytes
vmemoryuse   unlimited
descriptors  1024 
memorylocked unlimited
maxproc      2061970 
maxlocks     unlimited
maxsignal    2061970 
maxmessage   819200 
maxnice      0 
maxrtprio    0 
maxrttime    unlimited

               total        used        free      shared  buff/cache   available
Mem:           503Gi        79Gi       128Gi        13Gi       295Gi       407Gi
Swap:             0B          0B          0B

########################################
program versions used
7.3.2 (freesurfer-linux-ubuntu22_x86_64-7.3.2-20220804-6354275)
7.3.2

ProgramName: lta_convert  ProgramArguments: lta_convert -all-info  ProgramVersion: 7.3.2  TimeStamp: 2026/03/06-06:22:57-GMT  BuildTime: Aug  4 2022 06:17:15  BuildStamp: freesurfer-linux-ubuntu22_x86_64-7.3.2-20220804-6354275  User: oesteban  Machine: dna052  Platform: Linux  PlatformVersion: 5.14.0-427.37.1.el9_4.x86_64  CompilerName: GCC  CompilerVersion: 8.4.0
ProgramName: mri_and  ProgramArguments: mri_and -all-info  ProgramVersion: 7.3.2  TimeStamp: 2026/03/06-06:22:57-GMT  BuildTime: Aug  4 2022 06:17:15  BuildStamp: freesurfer-linux-ubuntu22_x86_64-7.3.2-20220804-6354275  User: oesteban  Machine: dna052  Platform: Linux  PlatformVersion: 5.14.0-427.37.1.el9_4.x86_64  CompilerName: GCC  CompilerVersion: 8.4.0
ProgramName: mri_annotation2label  ProgramArguments: mri_annotation2label -all-info  ProgramVersion: 7.3.2  TimeStamp: 2026/03/06-06:22:57-GMT  BuildTime: Aug  4 2022 06:17:15  BuildStamp: freesurfer-linux-ubuntu22_x86_64-7.3.2-20220804-6354275  User: oesteban  Machine: dna052  Platform: Linux  PlatformVersion: 5.14.0-427.37.1.el9_4.x86_64  CompilerName: GCC  CompilerVersion: 8.4.0
ProgramName: mri_aparc2aseg  ProgramArguments: mri_aparc2aseg -all-info  ProgramVersion: 7.3.2  TimeStamp: 2026/03/06-06:22:57-GMT  BuildTime: Aug  4 2022 06:17:15  BuildStamp: freesurfer-linux-ubuntu22_x86_64-7.3.2-20220804-6354275  User: oesteban  Machine: dna052  Platform: Linux  PlatformVersion: 5.14.0-427.37.1.el9_4.x86_64  CompilerName: GCC  CompilerVersion: 8.4.0
ProgramName: mri_surf2volseg  ProgramArguments: mri_surf2volseg -all-info  ProgramVersion: 7.3.2  TimeStamp: 2026/03/06-06:22:57-GMT  BuildTime: Aug  4 2022 06:17:15  BuildStamp: freesurfer-linux-ubuntu22_x86_64-7.3.2-20220804-6354275  User: oesteban  Machine: dna052  Platform: Linux  PlatformVersion: 5.14.0-427.37.1.el9_4.x86_64  CompilerName: GCC  CompilerVersion: 8.4.0
ProgramName: mri_binarize  ProgramArguments: mri_binarize -all-info  ProgramVersion: 7.3.2  TimeStamp: 2026/03/06-06:22:57-GMT  BuildTime: Aug  4 2022 06:17:15  BuildStamp: freesurfer-linux-ubuntu22_x86_64-7.3.2-20220804-6354275  User: oesteban  Machine: dna052  Platform: Linux  PlatformVersion: 5.14.0-427.37.1.el9_4.x86_64  CompilerName: GCC  CompilerVersion: 8.4.0
ProgramName: mri_ca_label  ProgramArguments: mri_ca_label -all-info  ProgramVersion: 7.3.2  TimeStamp: 2026/03/06-06:22:57-GMT  BuildTime: Aug  4 2022 06:17:15  BuildStamp: freesurfer-linux-ubuntu22_x86_64-7.3.2-20220804-6354275  User: oesteban  Machine: dna052  Platform: Linux  PlatformVersion: 5.14.0-427.37.1.el9_4.x86_64  CompilerName: GCC  CompilerVersion: 8.4.0
ProgramName: mri_ca_normalize  ProgramArguments: mri_ca_normalize -all-info  ProgramVersion: 7.3.2  TimeStamp: 2026/03/06-06:22:57-GMT  BuildTime: Aug  4 2022 06:17:15  BuildStamp: freesurfer-linux-ubuntu22_x86_64-7.3.2-20220804-6354275  User: oesteban  Machine: dna052  Platform: Linux  PlatformVersion: 5.14.0-427.37.1.el9_4.x86_64  CompilerName: GCC  CompilerVersion: 8.4.0
ProgramName: mri_ca_register  ProgramArguments: mri_ca_register -all-info  ProgramVersion: 7.3.2  TimeStamp: 2026/03/06-06:22:57-GMT  BuildTime: Aug  4 2022 06:17:15  BuildStamp: freesurfer-linux-ubuntu22_x86_64-7.3.2-20220804-6354275  User: oesteban  Machine: dna052  Platform: Linux  PlatformVersion: 5.14.0-427.37.1.el9_4.x86_64  CompilerName: GCC  CompilerVersion: 8.4.0
ProgramName: mri_cc  ProgramArguments: mri_cc -all-info  ProgramVersion: 7.3.2  TimeStamp: 2026/03/06-06:22:57-GMT  BuildTime: Aug  4 2022 06:17:15  BuildStamp: freesurfer-linux-ubuntu22_x86_64-7.3.2-20220804-6354275  User: oesteban  Machine: dna052  Platform: Linux  PlatformVersion: 5.14.0-427.37.1.el9_4.x86_64  CompilerName: GCC  CompilerVersion: 8.4.0
ProgramName: mri_compute_overlap  ProgramArguments: mri_compute_overlap -all-info  ProgramVersion: 7.3.2  TimeStamp: 2026/03/06-06:22:57-GMT  BuildTime: Aug  4 2022 06:17:15  BuildStamp: freesurfer-linux-ubuntu22_x86_64-7.3.2-20220804-6354275  User: oesteban  Machine: dna052  Platform: Linux  PlatformVersion: 5.14.0-427.37.1.el9_4.x86_64  CompilerName: GCC  CompilerVersion: 8.4.0
ProgramName: mri_compute_seg_overlap  ProgramArguments: mri_compute_seg_overlap -all-info  ProgramVersion: 7.3.2  TimeStamp: 2026/03/06-06:22:57-GMT  BuildTime: Aug  4 2022 06:17:15  BuildStamp: freesurfer-linux-ubuntu22_x86_64-7.3.2-20220804-6354275  User: oesteban  Machine: dna052  Platform: Linux  PlatformVersion: 5.14.0-427.37.1.el9_4.x86_64  CompilerName: GCC  CompilerVersion: 8.4.0
ProgramName: mri_concat  ProgramArguments: mri_concat -all-info  ProgramVersion: 7.3.2  TimeStamp: 2026/03/06-06:22:57-GMT  BuildTime: Aug  4 2022 06:17:15  BuildStamp: freesurfer-linux-ubuntu22_x86_64-7.3.2-20220804-6354275  User: oesteban  Machine: dna052  Platform: Linux  PlatformVersion: 5.14.0-427.37.1.el9_4.x86_64  CompilerName: GCC  CompilerVersion: 8.4.0
ProgramName: mri_concatenate_lta  ProgramArguments: mri_concatenate_lta -all-info  ProgramVersion: 7.3.2  TimeStamp: 2026/03/06-06:22:57-GMT  BuildTime: Aug  4 2022 06:17:15  BuildStamp: freesurfer-linux-ubuntu22_x86_64-7.3.2-20220804-6354275  User: oesteban  Machine: dna052  Platform: Linux  PlatformVersion: 5.14.0-427.37.1.el9_4.x86_64  CompilerName: GCC  CompilerVersion: 8.4.0
mri_convert -all-info 
ProgramName: mri_convert  ProgramArguments: mri_convert -all-info  ProgramVersion: 7.3.2  TimeStamp: 2026/03/06-06:22:57-GMT  BuildTime: Aug  4 2022 06:17:15  BuildStamp: freesurfer-linux-ubuntu22_x86_64-7.3.2-20220804-6354275  User: oesteban  Machine: dna052  Platform: Linux  PlatformVersion: 5.14.0-427.37.1.el9_4.x86_64  CompilerName: GCC  CompilerVersion: 8.4.0
ProgramName: mri_diff  ProgramArguments: mri_diff -all-info  ProgramVersion: 7.3.2  TimeStamp: 2026/03/06-06:22:57-GMT  BuildTime: Aug  4 2022 06:17:15  BuildStamp: freesurfer-linux-ubuntu22_x86_64-7.3.2-20220804-6354275  User: oesteban  Machine: dna052  Platform: Linux  PlatformVersion: 5.14.0-427.37.1.el9_4.x86_64  CompilerName: GCC  CompilerVersion: 8.4.0
ProgramName: mri_edit_wm_with_aseg  ProgramArguments: mri_edit_wm_with_aseg -all-info  ProgramVersion: 7.3.2  TimeStamp: 2026/03/06-06:22:57-GMT  BuildTime: Aug  4 2022 06:17:15  BuildStamp: freesurfer-linux-ubuntu22_x86_64-7.3.2-20220804-6354275  User: oesteban  Machine: dna052  Platform: Linux  PlatformVersion: 5.14.0-427.37.1.el9_4.x86_64  CompilerName: GCC  CompilerVersion: 8.4.0
ProgramName: mri_em_register  ProgramArguments: mri_em_register -all-info  ProgramVersion: 7.3.2  TimeStamp: 2026/03/06-06:22:57-GMT  BuildTime: Aug  4 2022 06:17:15  BuildStamp: freesurfer-linux-ubuntu22_x86_64-7.3.2-20220804-6354275  User: oesteban  Machine: dna052  Platform: Linux  PlatformVersion: 5.14.0-427.37.1.el9_4.x86_64  CompilerName: GCC  CompilerVersion: 8.4.0
ProgramName: mri_fill  ProgramArguments: mri_fill -all-info  ProgramVersion: 7.3.2  TimeStamp: 2026/03/06-06:22:57-GMT  BuildTime: Aug  4 2022 06:17:15  BuildStamp: freesurfer-linux-ubuntu22_x86_64-7.3.2-20220804-6354275  User: oesteban  Machine: dna052  Platform: Linux  PlatformVersion: 5.14.0-427.37.1.el9_4.x86_64  CompilerName: GCC  CompilerVersion: 8.4.0
ProgramName: mri_fuse_segmentations  ProgramArguments: mri_fuse_segmentations -all-info  ProgramVersion: 7.3.2  TimeStamp: 2026/03/06-06:22:57-GMT  BuildTime: Aug  4 2022 06:17:15  BuildStamp: freesurfer-linux-ubuntu22_x86_64-7.3.2-20220804-6354275  User: oesteban  Machine: dna052  Platform: Linux  PlatformVersion: 5.14.0-427.37.1.el9_4.x86_64  CompilerName: GCC  CompilerVersion: 8.4.0
ProgramName: mri_fwhm  ProgramArguments: mri_fwhm -all-info  ProgramVersion: 7.3.2  TimeStamp: 2026/03/06-06:22:57-GMT  BuildTime: Aug  4 2022 06:17:15  BuildStamp: freesurfer-linux-ubuntu22_x86_64-7.3.2-20220804-6354275  User: oesteban  Machine: dna052  Platform: Linux  PlatformVersion: 5.14.0-427.37.1.el9_4.x86_64  CompilerName: GCC  CompilerVersion: 8.4.0
ProgramName: mri_gcut  ProgramArguments: mri_gcut -all-info  ProgramVersion: 7.3.2  TimeStamp: 2026/03/06-06:22:57-GMT  BuildTime: Aug  4 2022 06:17:15  BuildStamp: freesurfer-linux-ubuntu22_x86_64-7.3.2-20220804-6354275  User: oesteban  Machine: dna052  Platform: Linux  PlatformVersion: 5.14.0-427.37.1.el9_4.x86_64  CompilerName: GCC  CompilerVersion: 8.4.0
ProgramName: mri_info  ProgramArguments: mri_info -all-info  ProgramVersion: 7.3.2  TimeStamp: 2026/03/06-06:22:57-GMT  BuildTime: Aug  4 2022 06:17:15  BuildStamp: freesurfer-linux-ubuntu22_x86_64-7.3.2-20220804-6354275  User: oesteban  Machine: dna052  Platform: Linux  PlatformVersion: 5.14.0-427.37.1.el9_4.x86_64  CompilerName: GCC  CompilerVersion: 8.4.0
ProgramName: mri_label2label  ProgramArguments: mri_label2label -all-info  ProgramVersion: 7.3.2  TimeStamp: 2026/03/06-06:22:57-GMT  BuildTime: Aug  4 2022 06:17:15  BuildStamp: freesurfer-linux-ubuntu22_x86_64-7.3.2-20220804-6354275  User: oesteban  Machine: dna052  Platform: Linux  PlatformVersion: 5.14.0-427.37.1.el9_4.x86_64  CompilerName: GCC  CompilerVersion: 8.4.0
ProgramName: mri_label2vol  ProgramArguments: mri_label2vol -all-info  ProgramVersion: 7.3.2  TimeStamp: 2026/03/06-06:22:57-GMT  BuildTime: Aug  4 2022 06:17:15  BuildStamp: freesurfer-linux-ubuntu22_x86_64-7.3.2-20220804-6354275  User: oesteban  Machine: dna052  Platform: Linux  PlatformVersion: 5.14.0-427.37.1.el9_4.x86_64  CompilerName: GCC  CompilerVersion: 8.4.0
ProgramName: mri_log_likelihood  ProgramArguments: mri_log_likelihood -all-info  ProgramVersion: 7.3.2  TimeStamp: 2026/03/06-06:22:57-GMT  BuildTime: Aug  4 2022 06:17:15  BuildStamp: freesurfer-linux-ubuntu22_x86_64-7.3.2-20220804-6354275  User: oesteban  Machine: dna052  Platform: Linux  PlatformVersion: 5.14.0-427.37.1.el9_4.x86_64  CompilerName: GCC  CompilerVersion: 8.4.0
ProgramName: mri_mask  ProgramArguments: mri_mask -all-info  ProgramVersion: 7.3.2  TimeStamp: 2026/03/06-06:22:57-GMT  BuildTime: Aug  4 2022 06:17:15  BuildStamp: freesurfer-linux-ubuntu22_x86_64-7.3.2-20220804-6354275  User: oesteban  Machine: dna052  Platform: Linux  PlatformVersion: 5.14.0-427.37.1.el9_4.x86_64  CompilerName: GCC  CompilerVersion: 8.4.0
ProgramName: mri_matrix_multiply  ProgramArguments: mri_matrix_multiply -all-info  ProgramVersion: 7.3.2  TimeStamp: 2026/03/06-06:22:57-GMT  BuildTime: Aug  4 2022 06:17:15  BuildStamp: freesurfer-linux-ubuntu22_x86_64-7.3.2-20220804-6354275  User: oesteban  Machine: dna052  Platform: Linux  PlatformVersion: 5.14.0-427.37.1.el9_4.x86_64  CompilerName: GCC  CompilerVersion: 8.4.0
ProgramName: mri_normalize  ProgramArguments: mri_normalize -all-info  ProgramVersion: 7.3.2  TimeStamp: 2026/03/06-06:22:57-GMT  BuildTime: Aug  4 2022 06:17:15  BuildStamp: freesurfer-linux-ubuntu22_x86_64-7.3.2-20220804-6354275  User: oesteban  Machine: dna052  Platform: Linux  PlatformVersion: 5.14.0-427.37.1.el9_4.x86_64  CompilerName: GCC  CompilerVersion: 8.4.0
ProgramName: mri_normalize_tp2  ProgramArguments: mri_normalize_tp2 -all-info  ProgramVersion: 7.3.2  TimeStamp: 2026/03/06-06:22:57-GMT  BuildTime: Aug  4 2022 06:17:15  BuildStamp: freesurfer-linux-ubuntu22_x86_64-7.3.2-20220804-6354275  User: oesteban  Machine: dna052  Platform: Linux  PlatformVersion: 5.14.0-427.37.1.el9_4.x86_64  CompilerName: GCC  CompilerVersion: 8.4.0
ProgramName: mri_or  ProgramArguments: mri_or -all-info  ProgramVersion: 7.3.2  TimeStamp: 2026/03/06-06:22:57-GMT  BuildTime: Aug  4 2022 06:17:15  BuildStamp: freesurfer-linux-ubuntu22_x86_64-7.3.2-20220804-6354275  User: oesteban  Machine: dna052  Platform: Linux  PlatformVersion: 5.14.0-427.37.1.el9_4.x86_64  CompilerName: GCC  CompilerVersion: 8.4.0
ProgramName: mri_relabel_hypointensities  ProgramArguments: mri_relabel_hypointensities -all-info  ProgramVersion: 7.3.2  TimeStamp: 2026/03/06-06:22:57-GMT  BuildTime: Aug  4 2022 06:17:15  BuildStamp: freesurfer-linux-ubuntu22_x86_64-7.3.2-20220804-6354275  User: oesteban  Machine: dna052  Platform: Linux  PlatformVersion: 5.14.0-427.37.1.el9_4.x86_64  CompilerName: GCC  CompilerVersion: 8.4.0
ProgramName: mri_relabel_nonwm_hypos  ProgramArguments: mri_relabel_nonwm_hypos -all-info  ProgramVersion: 7.3.2  TimeStamp: 2026/03/06-06:22:57-GMT  BuildTime: Aug  4 2022 06:17:15  BuildStamp: freesurfer-linux-ubuntu22_x86_64-7.3.2-20220804-6354275  User: oesteban  Machine: dna052  Platform: Linux  PlatformVersion: 5.14.0-427.37.1.el9_4.x86_64  CompilerName: GCC  CompilerVersion: 8.4.0
ProgramName: mri_remove_neck  ProgramArguments: mri_remove_neck -all-info  ProgramVersion: 7.3.2  TimeStamp: 2026/03/06-06:22:57-GMT  BuildTime: Aug  4 2022 06:17:15  BuildStamp: freesurfer-linux-ubuntu22_x86_64-7.3.2-20220804-6354275  User: oesteban  Machine: dna052  Platform: Linux  PlatformVersion: 5.14.0-427.37.1.el9_4.x86_64  CompilerName: GCC  CompilerVersion: 8.4.0
7.3.2

ProgramName: mri_robust_register  ProgramArguments: mri_robust_register -all-info  ProgramVersion: 7.3.2  TimeStamp: 2026/03/06-06:22:57-GMT  BuildTime: Aug  4 2022 06:17:15  BuildStamp: freesurfer-linux-ubuntu22_x86_64-7.3.2-20220804-6354275  User: oesteban  Machine: dna052  Platform: Linux  PlatformVersion: 5.14.0-427.37.1.el9_4.x86_64  CompilerName: GCC  CompilerVersion: 8.4.0
7.3.2

ProgramName: mri_robust_template  ProgramArguments: mri_robust_template -all-info  ProgramVersion: 7.3.2  TimeStamp: 2026/03/06-06:22:57-GMT  BuildTime: Aug  4 2022 06:17:15  BuildStamp: freesurfer-linux-ubuntu22_x86_64-7.3.2-20220804-6354275  User: oesteban  Machine: dna052  Platform: Linux  PlatformVersion: 5.14.0-427.37.1.el9_4.x86_64  CompilerName: GCC  CompilerVersion: 8.4.0
ProgramName: mris_anatomical_stats  ProgramArguments: mris_anatomical_stats -all-info  ProgramVersion: 7.3.2  TimeStamp: 2026/03/06-06:22:57-GMT  BuildTime: Aug  4 2022 06:17:15  BuildStamp: freesurfer-linux-ubuntu22_x86_64-7.3.2-20220804-6354275  User: oesteban  Machine: dna052  Platform: Linux  PlatformVersion: 5.14.0-427.37.1.el9_4.x86_64  CompilerName: GCC  CompilerVersion: 8.4.0
ProgramName: mris_ca_label  ProgramArguments: mris_ca_label -all-info  ProgramVersion: 7.3.2  TimeStamp: 2026/03/06-06:22:57-GMT  BuildTime: Aug  4 2022 06:17:15  BuildStamp: freesurfer-linux-ubuntu22_x86_64-7.3.2-20220804-6354275  User: oesteban  Machine: dna052  Platform: Linux  PlatformVersion: 5.14.0-427.37.1.el9_4.x86_64  CompilerName: GCC  CompilerVersion: 8.4.0
ProgramName: mris_calc  ProgramArguments: mris_calc -all-info  ProgramVersion: 7.3.2  TimeStamp: 2026/03/06-06:22:57-GMT  BuildTime: Aug  4 2022 06:17:15  BuildStamp: freesurfer-linux-ubuntu22_x86_64-7.3.2-20220804-6354275  User: oesteban  Machine: dna052  Platform: Linux  PlatformVersion: 5.14.0-427.37.1.el9_4.x86_64  CompilerName: GCC  CompilerVersion: 8.4.0
ProgramName: mris_convert  ProgramArguments: mris_convert -all-info  ProgramVersion: 7.3.2  TimeStamp: 2026/03/06-06:22:57-GMT  BuildTime: Aug  4 2022 06:17:15  BuildStamp: freesurfer-linux-ubuntu22_x86_64-7.3.2-20220804-6354275  User: oesteban  Machine: dna052  Platform: Linux  PlatformVersion: 5.14.0-427.37.1.el9_4.x86_64  CompilerName: GCC  CompilerVersion: 8.4.0
ProgramName: mris_curvature  ProgramArguments: mris_curvature -all-info  ProgramVersion: 7.3.2  TimeStamp: 2026/03/06-06:22:57-GMT  BuildTime: Aug  4 2022 06:17:15  BuildStamp: freesurfer-linux-ubuntu22_x86_64-7.3.2-20220804-6354275  User: oesteban  Machine: dna052  Platform: Linux  PlatformVersion: 5.14.0-427.37.1.el9_4.x86_64  CompilerName: GCC  CompilerVersion: 8.4.0
ProgramName: mris_curvature_stats  ProgramArguments: mris_curvature_stats -all-info  ProgramVersion: 7.3.2  TimeStamp: 2026/03/06-06:22:57-GMT  BuildTime: Aug  4 2022 06:17:15  BuildStamp: freesurfer-linux-ubuntu22_x86_64-7.3.2-20220804-6354275  User: oesteban  Machine: dna052  Platform: Linux  PlatformVersion: 5.14.0-427.37.1.el9_4.x86_64  CompilerName: GCC  CompilerVersion: 8.4.0
ProgramName: mris_diff  ProgramArguments: mris_diff -all-info  ProgramVersion: 7.3.2  TimeStamp: 2026/03/06-06:22:57-GMT  BuildTime: Aug  4 2022 06:17:15  BuildStamp: freesurfer-linux-ubuntu22_x86_64-7.3.2-20220804-6354275  User: oesteban  Machine: dna052  Platform: Linux  PlatformVersion: 5.14.0-427.37.1.el9_4.x86_64  CompilerName: GCC  CompilerVersion: 8.4.0
ProgramName: mris_divide_parcellation  ProgramArguments: mris_divide_parcellation -all-info  ProgramVersion: 7.3.2  TimeStamp: 2026/03/06-06:22:57-GMT  BuildTime: Aug  4 2022 06:17:15  BuildStamp: freesurfer-linux-ubuntu22_x86_64-7.3.2-20220804-6354275  User: oesteban  Machine: dna052  Platform: Linux  PlatformVersion: 5.14.0-427.37.1.el9_4.x86_64  CompilerName: GCC  CompilerVersion: 8.4.0
ProgramName: mri_segment  ProgramArguments: mri_segment -all-info  ProgramVersion: 7.3.2  TimeStamp: 2026/03/06-06:22:57-GMT  BuildTime: Aug  4 2022 06:17:15  BuildStamp: freesurfer-linux-ubuntu22_x86_64-7.3.2-20220804-6354275  User: oesteban  Machine: dna052  Platform: Linux  PlatformVersion: 5.14.0-427.37.1.el9_4.x86_64  CompilerName: GCC  CompilerVersion: 8.4.0
ProgramName: mri_segstats  ProgramArguments: mri_segstats -all-info  ProgramVersion: 7.3.2  TimeStamp: 2026/03/06-06:22:57-GMT  BuildTime: Aug  4 2022 06:17:15  BuildStamp: freesurfer-linux-ubuntu22_x86_64-7.3.2-20220804-6354275  User: oesteban  Machine: dna052  Platform: Linux  PlatformVersion: 5.14.0-427.37.1.el9_4.x86_64  CompilerName: GCC  CompilerVersion: 8.4.0
ProgramName: mris_euler_number  ProgramArguments: mris_euler_number -all-info  ProgramVersion: 7.3.2  TimeStamp: 2026/03/06-06:22:57-GMT  BuildTime: Aug  4 2022 06:17:15  BuildStamp: freesurfer-linux-ubuntu22_x86_64-7.3.2-20220804-6354275  User: oesteban  Machine: dna052  Platform: Linux  PlatformVersion: 5.14.0-427.37.1.el9_4.x86_64  CompilerName: GCC  CompilerVersion: 8.4.0
ProgramName: mris_fix_topology  ProgramArguments: mris_fix_topology -all-info  ProgramVersion: 7.3.2  TimeStamp: 2026/03/06-06:22:57-GMT  BuildTime: Aug  4 2022 06:17:15  BuildStamp: freesurfer-linux-ubuntu22_x86_64-7.3.2-20220804-6354275  User: oesteban  Machine: dna052  Platform: Linux  PlatformVersion: 5.14.0-427.37.1.el9_4.x86_64  CompilerName: GCC  CompilerVersion: 8.4.0
ProgramName: mris_topo_fixer  ProgramArguments: mris_topo_fixer -all-info  ProgramVersion: 7.3.2  TimeStamp: 2026/03/06-06:22:57-GMT  BuildTime: Aug  4 2022 06:17:15  BuildStamp: freesurfer-linux-ubuntu22_x86_64-7.3.2-20220804-6354275  User: oesteban  Machine: dna052  Platform: Linux  PlatformVersion: 5.14.0-427.37.1.el9_4.x86_64  CompilerName: GCC  CompilerVersion: 8.4.0
ProgramName: mris_jacobian  ProgramArguments: mris_jacobian -all-info  ProgramVersion: 7.3.2  TimeStamp: 2026/03/06-06:22:57-GMT  BuildTime: Aug  4 2022 06:17:15  BuildStamp: freesurfer-linux-ubuntu22_x86_64-7.3.2-20220804-6354275  User: oesteban  Machine: dna052  Platform: Linux  PlatformVersion: 5.14.0-427.37.1.el9_4.x86_64  CompilerName: GCC  CompilerVersion: 8.4.0
ProgramName: mris_label2annot  ProgramArguments: mris_label2annot -all-info  ProgramVersion: 7.3.2  TimeStamp: 2026/03/06-06:22:57-GMT  BuildTime: Aug  4 2022 06:17:15  BuildStamp: freesurfer-linux-ubuntu22_x86_64-7.3.2-20220804-6354275  User: oesteban  Machine: dna052  Platform: Linux  PlatformVersion: 5.14.0-427.37.1.el9_4.x86_64  CompilerName: GCC  CompilerVersion: 8.4.0
ProgramName: mris_left_right_register  ProgramArguments: mris_left_right_register -all-info  ProgramVersion: 7.3.2  TimeStamp: 2026/03/06-06:22:57-GMT  BuildTime: Aug  4 2022 06:17:15  BuildStamp: freesurfer-linux-ubuntu22_x86_64-7.3.2-20220804-6354275  User: oesteban  Machine: dna052  Platform: Linux  PlatformVersion: 5.14.0-427.37.1.el9_4.x86_64  CompilerName: GCC  CompilerVersion: 8.4.0
ProgramName: mris_place_surface  ProgramArguments: mris_place_surface -all-info  ProgramVersion: 7.3.2  TimeStamp: 2026/03/06-06:22:57-GMT  BuildTime: Aug  4 2022 06:17:15  BuildStamp: freesurfer-linux-ubuntu22_x86_64-7.3.2-20220804-6354275  User: oesteban  Machine: dna052  Platform: Linux  PlatformVersion: 5.14.0-427.37.1.el9_4.x86_64  CompilerName: GCC  CompilerVersion: 8.4.0
ProgramName: mrisp_paint  ProgramArguments: mrisp_paint -all-info  ProgramVersion: 7.3.2  TimeStamp: 2026/03/06-06:22:57-GMT  BuildTime: Aug  4 2022 06:17:15  BuildStamp: freesurfer-linux-ubuntu22_x86_64-7.3.2-20220804-6354275  User: oesteban  Machine: dna052  Platform: Linux  PlatformVersion: 5.14.0-427.37.1.el9_4.x86_64  CompilerName: GCC  CompilerVersion: 8.4.0
ProgramName: mris_register  ProgramArguments: mris_register -all-info  ProgramVersion: 7.3.2  TimeStamp: 2026/03/06-06:22:57-GMT  BuildTime: Aug  4 2022 06:17:15  BuildStamp: freesurfer-linux-ubuntu22_x86_64-7.3.2-20220804-6354275  User: oesteban  Machine: dna052  Platform: Linux  PlatformVersion: 5.14.0-427.37.1.el9_4.x86_64  CompilerName: GCC  CompilerVersion: 8.4.0
ProgramName: mris_smooth  ProgramArguments: mris_smooth -all-info  ProgramVersion: 7.3.2  TimeStamp: 2026/03/06-06:22:57-GMT  BuildTime: Aug  4 2022 06:17:15  BuildStamp: freesurfer-linux-ubuntu22_x86_64-7.3.2-20220804-6354275  User: oesteban  Machine: dna052  Platform: Linux  PlatformVersion: 5.14.0-427.37.1.el9_4.x86_64  CompilerName: GCC  CompilerVersion: 8.4.0
ProgramName: mris_sphere  ProgramArguments: mris_sphere -all-info  ProgramVersion: 7.3.2  TimeStamp: 2026/03/06-06:22:57-GMT  BuildTime: Aug  4 2022 06:17:15  BuildStamp: freesurfer-linux-ubuntu22_x86_64-7.3.2-20220804-6354275  User: oesteban  Machine: dna052  Platform: Linux  PlatformVersion: 5.14.0-427.37.1.el9_4.x86_64  CompilerName: GCC  CompilerVersion: 8.4.0
ProgramName: mris_surface_stats  ProgramArguments: mris_surface_stats -all-info  ProgramVersion: 7.3.2  TimeStamp: 2026/03/06-06:22:57-GMT  BuildTime: Aug  4 2022 06:17:15  BuildStamp: freesurfer-linux-ubuntu22_x86_64-7.3.2-20220804-6354275  User: oesteban  Machine: dna052  Platform: Linux  PlatformVersion: 5.14.0-427.37.1.el9_4.x86_64  CompilerName: GCC  CompilerVersion: 8.4.0
ProgramName: mri_stats2seg  ProgramArguments: mri_stats2seg -all-info  ProgramVersion: 7.3.2  TimeStamp: 2026/03/06-06:22:57-GMT  BuildTime: Aug  4 2022 06:17:15  BuildStamp: freesurfer-linux-ubuntu22_x86_64-7.3.2-20220804-6354275  User: oesteban  Machine: dna052  Platform: Linux  PlatformVersion: 5.14.0-427.37.1.el9_4.x86_64  CompilerName: GCC  CompilerVersion: 8.4.0
ProgramName: mris_thickness  ProgramArguments: mris_thickness -all-info  ProgramVersion: 7.3.2  TimeStamp: 2026/03/06-06:22:57-GMT  BuildTime: Aug  4 2022 06:17:15  BuildStamp: freesurfer-linux-ubuntu22_x86_64-7.3.2-20220804-6354275  User: oesteban  Machine: dna052  Platform: Linux  PlatformVersion: 5.14.0-427.37.1.el9_4.x86_64  CompilerName: GCC  CompilerVersion: 8.4.0
ProgramName: mris_thickness_diff  ProgramArguments: mris_thickness_diff -all-info  ProgramVersion: 7.3.2  TimeStamp: 2026/03/06-06:22:58-GMT  BuildTime: Aug  4 2022 06:17:15  BuildStamp: freesurfer-linux-ubuntu22_x86_64-7.3.2-20220804-6354275  User: oesteban  Machine: dna052  Platform: Linux  PlatformVersion: 5.14.0-427.37.1.el9_4.x86_64  CompilerName: GCC  CompilerVersion: 8.4.0
ProgramName: mris_topo_fixer  ProgramArguments: mris_topo_fixer -all-info  ProgramVersion: 7.3.2  TimeStamp: 2026/03/06-06:22:58-GMT  BuildTime: Aug  4 2022 06:17:15  BuildStamp: freesurfer-linux-ubuntu22_x86_64-7.3.2-20220804-6354275  User: oesteban  Machine: dna052  Platform: Linux  PlatformVersion: 5.14.0-427.37.1.el9_4.x86_64  CompilerName: GCC  CompilerVersion: 8.4.0
ProgramName: mri_surf2surf  ProgramArguments: mri_surf2surf -all-info  ProgramVersion: 7.3.2  TimeStamp: 2026/03/06-06:22:58-GMT  BuildTime: Aug  4 2022 06:17:15  BuildStamp: freesurfer-linux-ubuntu22_x86_64-7.3.2-20220804-6354275  User: oesteban  Machine: dna052  Platform: Linux  PlatformVersion: 5.14.0-427.37.1.el9_4.x86_64  CompilerName: GCC  CompilerVersion: 8.4.0
ProgramName: mri_surf2vol  ProgramArguments: mri_surf2vol -all-info  ProgramVersion: 7.3.2  TimeStamp: 2026/03/06-06:22:58-GMT  BuildTime: Aug  4 2022 06:17:15  BuildStamp: freesurfer-linux-ubuntu22_x86_64-7.3.2-20220804-6354275  User: oesteban  Machine: dna052  Platform: Linux  PlatformVersion: 5.14.0-427.37.1.el9_4.x86_64  CompilerName: GCC  CompilerVersion: 8.4.0
ProgramName: mri_surfcluster  ProgramArguments: mri_surfcluster -all-info  ProgramVersion: 7.3.2  TimeStamp: 2026/03/06-06:22:58-GMT  BuildTime: Aug  4 2022 06:17:15  BuildStamp: freesurfer-linux-ubuntu22_x86_64-7.3.2-20220804-6354275  User: oesteban  Machine: dna052  Platform: Linux  PlatformVersion: 5.14.0-427.37.1.el9_4.x86_64  CompilerName: GCC  CompilerVersion: 8.4.0
ProgramName: mris_volmask  ProgramArguments: mris_volmask -all-info  ProgramVersion: 7.3.2  TimeStamp: 2026/03/06-06:22:58-GMT  BuildTime: Aug  4 2022 06:17:15  BuildStamp: freesurfer-linux-ubuntu22_x86_64-7.3.2-20220804-6354275  User: oesteban  Machine: dna052  Platform: Linux  PlatformVersion: 5.14.0-427.37.1.el9_4.x86_64  CompilerName: GCC  CompilerVersion: 8.4.0
ProgramName: mri_tessellate  ProgramArguments: mri_tessellate -all-info  ProgramVersion: 7.3.2  TimeStamp: 2026/03/06-06:22:58-GMT  BuildTime: Aug  4 2022 06:17:15  BuildStamp: freesurfer-linux-ubuntu22_x86_64-7.3.2-20220804-6354275  User: oesteban  Machine: dna052  Platform: Linux  PlatformVersion: 5.14.0-427.37.1.el9_4.x86_64  CompilerName: GCC  CompilerVersion: 8.4.0
ProgramName: mri_vol2surf  ProgramArguments: mri_vol2surf -all-info  ProgramVersion: 7.3.2  TimeStamp: 2026/03/06-06:22:58-GMT  BuildTime: Aug  4 2022 06:17:15  BuildStamp: freesurfer-linux-ubuntu22_x86_64-7.3.2-20220804-6354275  User: oesteban  Machine: dna052  Platform: Linux  PlatformVersion: 5.14.0-427.37.1.el9_4.x86_64  CompilerName: GCC  CompilerVersion: 8.4.0
ProgramName: mri_vol2vol  ProgramArguments: mri_vol2vol -all-info  ProgramVersion: 7.3.2  TimeStamp: 2026/03/06-06:22:58-GMT  BuildTime: Aug  4 2022 06:17:15  BuildStamp: freesurfer-linux-ubuntu22_x86_64-7.3.2-20220804-6354275  User: oesteban  Machine: dna052  Platform: Linux  PlatformVersion: 5.14.0-427.37.1.el9_4.x86_64  CompilerName: GCC  CompilerVersion: 8.4.0
ProgramName: mri_voldiff  ProgramArguments: mri_voldiff -all-info  ProgramVersion: 7.3.2  TimeStamp: 2026/03/06-06:22:58-GMT  BuildTime: Aug  4 2022 06:17:15  BuildStamp: freesurfer-linux-ubuntu22_x86_64-7.3.2-20220804-6354275  User: oesteban  Machine: dna052  Platform: Linux  PlatformVersion: 5.14.0-427.37.1.el9_4.x86_64  CompilerName: GCC  CompilerVersion: 8.4.0
ProgramName: mri_watershed  ProgramArguments: mri_watershed -all-info  ProgramVersion: 7.3.2  TimeStamp: 2026/03/06-06:22:58-GMT  BuildTime: Aug  4 2022 06:17:15  BuildStamp: freesurfer-linux-ubuntu22_x86_64-7.3.2-20220804-6354275  User: oesteban  Machine: dna052  Platform: Linux  PlatformVersion: 5.14.0-427.37.1.el9_4.x86_64  CompilerName: GCC  CompilerVersion: 8.4.0
ProgramName: tkregister2  ProgramArguments: tkregister2_cmdl -all-info  ProgramVersion: 7.3.2  TimeStamp: 2026/03/06-06:22:58-GMT  BuildTime: Aug  4 2022 06:17:15  BuildStamp: freesurfer-linux-ubuntu22_x86_64-7.3.2-20220804-6354275  User: oesteban  Machine: dna052  Platform: Linux  PlatformVersion: 5.14.0-427.37.1.el9_4.x86_64  CompilerName: GCC  CompilerVersion: 8.4.0
mri_motion_correct.fsl 7.3.2
mri_convert -all-info 
ProgramName: mri_convert  ProgramArguments: mri_convert -all-info  ProgramVersion: 7.3.2  TimeStamp: 2026/03/06-06:22:58-GMT  BuildTime: Aug  4 2022 06:17:15  BuildStamp: freesurfer-linux-ubuntu22_x86_64-7.3.2-20220804-6354275  User: oesteban  Machine: dna052  Platform: Linux  PlatformVersion: 5.14.0-427.37.1.el9_4.x86_64  CompilerName: GCC  CompilerVersion: 8.4.0
Program nu_correct, built from:
Package MNI N3, version 1.12.0, compiled by nicks@terrier (x86_64-unknown-linux-gnu) on 2015-06-19 at 01:25:34
#######################################
GCADIR /opt/freesurfer/average
GCA RB_all_2020-01-02.gca
GCASkull RB_all_withskull_2020_01_02.gca
AvgCurvTif folding.atlas.acfb40.noaparc.i12.2016-08-02.tif
GCSDIR /opt/freesurfer/average
GCS DKaparc.atlas.acfb40.noaparc.i12.2016-08-02.gcs
#######################################
/out/sourcedata/freesurfer/sub-v1s10x0051024_ses-1

 mri_convert /work/fmriprep_25_2_wf/sub_v1s10x0051024_ses_1_wf/anat_fit_wf/anat_validate/sub-v1s10x0051024_ses-1_T1w_noise_corrected_ras_valid.nii.gz /out/sourcedata/freesurfer/sub-v1s10x0051024_ses-1/mri/orig/001.mgz 

mri_convert /work/fmriprep_25_2_wf/sub_v1s10x0051024_ses_1_wf/anat_fit_wf/anat_validate/sub-v1s10x0051024_ses-1_T1w_noise_corrected_ras_valid.nii.gz /out/sourcedata/freesurfer/sub-v1s10x0051024_ses-1/mri/orig/001.mgz 
reading from /work/fmriprep_25_2_wf/sub_v1s10x0051024_ses_1_wf/anat_fit_wf/anat_validate/sub-v1s10x0051024_ses-1_T1w_noise_corrected_ras_valid.nii.gz...
TR=0.00, TE=0.00, TI=0.00, flip angle=0.00
i_ras = (1, 0, 0)
j_ras = (0, 1, 0)
k_ras = (0, 0, 1)
writing to /out/sourcedata/freesurfer/sub-v1s10x0051024_ses-1/mri/orig/001.mgz...
#--------------------------------------------
#@# MotionCor Fri Mar  6 07:22:59 CET 2026
Found 1 runs
/out/sourcedata/freesurfer/sub-v1s10x0051024_ses-1/mri/orig/001.mgz
Checking for (invalid) multi-frame inputs...
Only one run found so motion
correction will not be performed. I'll
copy the run to rawavg and continue.

 cp /out/sourcedata/freesurfer/sub-v1s10x0051024_ses-1/mri/orig/001.mgz /out/sourcedata/freesurfer/sub-v1s10x0051024_ses-1/mri/rawavg.mgz 


 mri_info /out/sourcedata/freesurfer/sub-v1s10x0051024_ses-1/mri/rawavg.mgz 

rawavg.mgz ========================================
Volume information for /out/sourcedata/freesurfer/sub-v1s10x0051024_ses-1/mri/rawavg.mgz
          type: MGH
    dimensions: 128 x 256 x 256
   voxel sizes: 1.330002, 1.000000, 1.000000
          type: FLOAT (3)
           fov: 256.000
           dof: 1
        xstart: -85.1, xend: 85.1
        ystart: -128.0, yend: 128.0
        zstart: -128.0, zend: 128.0
            TR: 0.00 msec, TE: 0.00 msec, TI: 0.00 msec, flip angle: 0.00 degrees
       nframes: 1
       PhEncDir: UNKNOWN
       FieldStrength: 0.000000
ras xform present
    xform info: x_r =   1.0000, y_r =   0.0000, z_r =   0.0000, c_r =     3.5567
              : x_a =   0.0000, y_a =   1.0000, z_a =   0.0000, c_a =     1.0000
              : x_s =   0.0000, y_s =   0.0000, z_s =   1.0000, c_s =    -6.2289

talairach xfm : 
Orientation   : RAS
Primary Slice Direction: axial

voxel to ras transform:
                1.3300   0.0000   0.0000   -81.5634
                0.0000   1.0000   0.0000  -127.0000
                0.0000   0.0000   1.0000  -134.2289
                0.0000   0.0000   0.0000     1.0000

voxel-to-ras determinant 1.33

ras to voxel transform:
                0.7519   0.0000   0.0000    61.3258
                0.0000   1.0000   0.0000   127.0000
                0.0000   0.0000   1.0000   134.2289
                0.0000   0.0000   0.0000     1.0000
/out/sourcedata/freesurfer/sub-v1s10x0051024_ses-1

 mri_convert /out/sourcedata/freesurfer/sub-v1s10x0051024_ses-1/mri/rawavg.mgz /out/sourcedata/freesurfer/sub-v1s10x0051024_ses-1/mri/orig.mgz --conform 

mri_convert /out/sourcedata/freesurfer/sub-v1s10x0051024_ses-1/mri/rawavg.mgz /out/sourcedata/freesurfer/sub-v1s10x0051024_ses-1/mri/orig.mgz --conform 
reading from /out/sourcedata/freesurfer/sub-v1s10x0051024_ses-1/mri/rawavg.mgz...
TR=0.00, TE=0.00, TI=0.00, flip angle=0.00
i_ras = (1, 0, 0)
j_ras = (0, 1, 0)
k_ras = (0, 0, 1)
changing data type from float to uchar (noscale = 0)...
MRIchangeType: Building histogram 0 543.3 1000, flo=0, fhi=0.999, dest_type=0
Reslicing using trilinear interpolation 
writing to /out/sourcedata/freesurfer/sub-v1s10x0051024_ses-1/mri/orig.mgz...

 mri_add_xform_to_header -c /out/sourcedata/freesurfer/sub-v1s10x0051024_ses-1/mri/transforms/talairach.xfm /out/sourcedata/freesurfer/sub-v1s10x0051024_ses-1/mri/orig.mgz /out/sourcedata/freesurfer/sub-v1s10x0051024_ses-1/mri/orig.mgz 

INFO: extension is mgz

 mri_info /out/sourcedata/freesurfer/sub-v1s10x0051024_ses-1/mri/orig.mgz 

orig.mgz ========================================
Volume information for /out/sourcedata/freesurfer/sub-v1s10x0051024_ses-1/mri/orig.mgz
          type: MGH
    dimensions: 256 x 256 x 256
   voxel sizes: 1.000000, 1.000000, 1.000000
          type: UCHAR (0)
           fov: 256.000
           dof: 1
        xstart: -128.0, xend: 128.0
        ystart: -128.0, yend: 128.0
        zstart: -128.0, zend: 128.0
            TR: 0.00 msec, TE: 0.00 msec, TI: 0.00 msec, flip angle: 0.00 degrees
       nframes: 1
       PhEncDir: UNKNOWN
       FieldStrength: 0.000000
ras xform present
    xform info: x_r =  -1.0000, y_r =   0.0000, z_r =   0.0000, c_r =     3.5567
              : x_a =   0.0000, y_a =   0.0000, z_a =   1.0000, c_a =     1.0000
              : x_s =   0.0000, y_s =  -1.0000, z_s =   0.0000, c_s =    -6.2289

talairach xfm : /out/sourcedata/freesurfer/sub-v1s10x0051024_ses-1/mri/transforms/talairach.xfm
Orientation   : LIA
Primary Slice Direction: coronal

voxel to ras transform:
               -1.0000   0.0000   0.0000   131.5567
                0.0000   0.0000   1.0000  -127.0000
                0.0000  -1.0000   0.0000   121.7711
                0.0000   0.0000   0.0000     1.0000

voxel-to-ras determinant -1

ras to voxel transform:
               -1.0000  -0.0000  -0.0000   131.5567
               -0.0000  -0.0000  -1.0000   121.7711
               -0.0000   1.0000  -0.0000   127.0000
               -0.0000  -0.0000  -0.0000     1.0000
#--------------------------------------------
#@# Talairach Fri Mar  6 07:23:08 CET 2026
/out/sourcedata/freesurfer/sub-v1s10x0051024_ses-1/mri

 mri_nu_correct.mni --no-rescale --i orig.mgz --o orig_nu.mgz --ants-n4 --n 1 --proto-iters 1000 --distance 50 

/usr/bin/bc
/out/sourcedata/freesurfer/sub-v1s10x0051024_ses-1/mri
/opt/freesurfer/bin/mri_nu_correct.mni
--no-rescale --i orig.mgz --o orig_nu.mgz --ants-n4 --n 1 --proto-iters 1000 --distance 50
nIters 1
mri_nu_correct.mni 7.3.2
Linux dna052 5.14.0-427.37.1.el9_4.x86_64 #1 SMP PREEMPT_DYNAMIC Fri Sep 13 12:41:50 EDT 2024 x86_64 x86_64 x86_64 GNU/Linux
Fri Mar  6 07:23:08 CET 2026
tmpdir is ./tmp.mri_nu_correct.mni.1798159
cd /out/sourcedata/freesurfer/sub-v1s10x0051024_ses-1/mri
AntsN4BiasFieldCorrectionFs -i orig.mgz -o ./tmp.mri_nu_correct.mni.1798159/nu0.mgz --dtype uchar
AntsN4BiasFieldCorrectionFs done
mri_convert ./tmp.mri_nu_correct.mni.1798159/nu0.mgz orig_nu.mgz --like orig.mgz --conform
mri_convert ./tmp.mri_nu_correct.mni.1798159/nu0.mgz orig_nu.mgz --like orig.mgz --conform 
reading from ./tmp.mri_nu_correct.mni.1798159/nu0.mgz...
TR=0.00, TE=0.00, TI=0.00, flip angle=0.00
i_ras = (-1, 0, 0)
j_ras = (0, 0, -1)
k_ras = (0, 1, 0)
INFO: transform src into the like-volume: orig.mgz
writing to orig_nu.mgz...
 
 
Fri Mar  6 07:26:05 CET 2026
mri_nu_correct.mni done

 talairach_avi --i orig_nu.mgz --xfm transforms/talairach.auto.xfm 

talairach_avi log file is transforms/talairach_avi.log...
mv -f /out/sourcedata/freesurfer/sub-v1s10x0051024_ses-1/mri/talsrcimg_to_711-2C_as_mni_average_305_t4_vox2vox.txt /out/sourcedata/freesurfer/sub-v1s10x0051024_ses-1/mri/transforms/talsrcimg_to_711-2C_as_mni_average_305_t4_vox2vox.txt
Started at Fri Mar 6 07:26:05 CET 2026
Ended   at Fri Mar  6 07:27:35 CET 2026
talairach_avi done

 cp transforms/talairach.auto.xfm transforms/talairach.xfm 

lta_convert --src orig.mgz --trg /opt/freesurfer/average/mni305.cor.mgz --inxfm transforms/talairach.xfm --outlta transforms/talairach.xfm.lta --subject fsaverage --ltavox2vox
7.3.2

--src: orig.mgz src image (geometry).
--trg: /opt/freesurfer/average/mni305.cor.mgz trg image (geometry).
--inmni: transforms/talairach.xfm input MNI/XFM transform.
--outlta: transforms/talairach.xfm.lta output LTA.
--s: fsaverage subject name
--ltavox2vox: output LTA as VOX_TO_VOX transform.
 LTA read, type : 1
 1.11167   0.07979  -0.06656  -1.63540;
-0.04153   1.01454   0.50567  -2.80485;
 0.08533  -0.59875   1.27614   26.25658;
 0.00000   0.00000   0.00000   1.00000;
setting subject to fsaverage
Writing  LTA to file transforms/talairach.xfm.lta...
lta_convert successful.
#--------------------------------------------
#@# Talairach Failure Detection Fri Mar  6 07:27:37 CET 2026
/out/sourcedata/freesurfer/sub-v1s10x0051024_ses-1/mri

 talairach_afd -T 0.005 -xfm transforms/talairach.xfm 

talairach_afd: Talairach Transform: transforms/talairach.xfm OK (p=0.4290, pval=0.1049 >= threshold=0.0050)

 awk -f /opt/freesurfer/bin/extract_talairach_avi_QA.awk /out/sourcedata/freesurfer/sub-v1s10x0051024_ses-1/mri/transforms/talairach_avi.log 


 tal_QC_AZS /out/sourcedata/freesurfer/sub-v1s10x0051024_ses-1/mri/transforms/talairach_avi.log 

TalAviQA: 0.96311
z-score: -3
#--------------------------------------------
#@# Nu Intensity Correction Fri Mar  6 07:27:37 CET 2026

 mri_nu_correct.mni --i orig.mgz --o nu.mgz --uchar transforms/talairach.xfm --n 2 --ants-n4 

/usr/bin/bc
/out/sourcedata/freesurfer/sub-v1s10x0051024_ses-1/mri
/opt/freesurfer/bin/mri_nu_correct.mni
--i orig.mgz --o nu.mgz --uchar transforms/talairach.xfm --n 2 --ants-n4
nIters 2
mri_nu_correct.mni 7.3.2
Linux dna052 5.14.0-427.37.1.el9_4.x86_64 #1 SMP PREEMPT_DYNAMIC Fri Sep 13 12:41:50 EDT 2024 x86_64 x86_64 x86_64 GNU/Linux
Fri Mar  6 07:27:37 CET 2026
tmpdir is ./tmp.mri_nu_correct.mni.1799720
cd /out/sourcedata/freesurfer/sub-v1s10x0051024_ses-1/mri
AntsN4BiasFieldCorrectionFs -i orig.mgz -o ./tmp.mri_nu_correct.mni.1799720/nu0.mgz --dtype uchar
AntsN4BiasFieldCorrectionFs done
mri_binarize --i ./tmp.mri_nu_correct.mni.1799720/nu0.mgz --min -1 --o ./tmp.mri_nu_correct.mni.1799720/ones.mgz

7.3.2
cwd /out/sourcedata/freesurfer/sub-v1s10x0051024_ses-1/mri
cmdline mri_binarize --i ./tmp.mri_nu_correct.mni.1799720/nu0.mgz --min -1 --o ./tmp.mri_nu_correct.mni.1799720/ones.mgz 
sysname  Linux
hostname dna052
machine  x86_64
user     oesteban

input      ./tmp.mri_nu_correct.mni.1799720/nu0.mgz
frame      0
nErode3d   0
nErode2d   0
output     ./tmp.mri_nu_correct.mni.1799720/ones.mgz
Binarizing based on threshold
min        -1
max        +infinity
binval        1
binvalnot     0
fstart = 0, fend = 0, nframes = 1
Starting parallel 1
Found 16777216 values in range
Counting number of voxels in first frame
Found 16777215 voxels in final mask
Writing output to ./tmp.mri_nu_correct.mni.1799720/ones.mgz
Count: 16777215 16777215.000000 16777216 99.999994
mri_binarize done
mri_segstats --id 1 --seg ./tmp.mri_nu_correct.mni.1799720/ones.mgz --i orig.mgz --sum ./tmp.mri_nu_correct.mni.1799720/sum.junk --avgwf ./tmp.mri_nu_correct.mni.1799720/input.mean.dat

7.3.2
cwd 
cmdline mri_segstats --id 1 --seg ./tmp.mri_nu_correct.mni.1799720/ones.mgz --i orig.mgz --sum ./tmp.mri_nu_correct.mni.1799720/sum.junk --avgwf ./tmp.mri_nu_correct.mni.1799720/input.mean.dat 
sysname  Linux
hostname dna052
machine  x86_64
user     oesteban
whitesurfname  white
UseRobust  0
Loading ./tmp.mri_nu_correct.mni.1799720/ones.mgz
Loading orig.mgz
Voxel Volume is 1 mm^3
Generating list of segmentation ids
Found   1 segmentations
Computing statistics for each segmentation

Reporting on   1 segmentations
Using PrintSegStat
Computing spatial average of each frame

Writing to ./tmp.mri_nu_correct.mni.1799720/input.mean.dat
mri_segstats done
mri_segstats --id 1 --seg ./tmp.mri_nu_correct.mni.1799720/ones.mgz --i ./tmp.mri_nu_correct.mni.1799720/nu0.mgz --sum ./tmp.mri_nu_correct.mni.1799720/sum.junk --avgwf ./tmp.mri_nu_correct.mni.1799720/output.mean.dat

7.3.2
cwd 
cmdline mri_segstats --id 1 --seg ./tmp.mri_nu_correct.mni.1799720/ones.mgz --i ./tmp.mri_nu_correct.mni.1799720/nu0.mgz --sum ./tmp.mri_nu_correct.mni.1799720/sum.junk --avgwf ./tmp.mri_nu_correct.mni.1799720/output.mean.dat 
sysname  Linux
hostname dna052
machine  x86_64
user     oesteban
whitesurfname  white
UseRobust  0
Loading ./tmp.mri_nu_correct.mni.1799720/ones.mgz
Loading ./tmp.mri_nu_correct.mni.1799720/nu0.mgz
Voxel Volume is 1 mm^3
Generating list of segmentation ids
Found   1 segmentations
Computing statistics for each segmentation

Reporting on   1 segmentations
Using PrintSegStat
Computing spatial average of each frame

Writing to ./tmp.mri_nu_correct.mni.1799720/output.mean.dat
mri_segstats done
mris_calc -o ./tmp.mri_nu_correct.mni.1799720/nu0.mgz ./tmp.mri_nu_correct.mni.1799720/nu0.mgz mul 1.22265969622122232689
Saving result to './tmp.mri_nu_correct.mni.1799720/nu0.mgz' (type = MGH )                       [ ok ]
mri_convert ./tmp.mri_nu_correct.mni.1799720/nu0.mgz nu.mgz --like orig.mgz
mri_convert ./tmp.mri_nu_correct.mni.1799720/nu0.mgz nu.mgz --like orig.mgz 
reading from ./tmp.mri_nu_correct.mni.1799720/nu0.mgz...
TR=0.00, TE=0.00, TI=0.00, flip angle=0.00
i_ras = (-1, 0, 0)
j_ras = (0, 0, -1)
k_ras = (0, 1, 0)
INFO: transform src into the like-volume: orig.mgz
writing to nu.mgz...
mri_make_uchar nu.mgz transforms/talairach.xfm nu.mgz
type change took 0 minutes and 6 seconds.
FIRST_PERCENTILE 0.010000
WM_PERCENTILE    0.900000
MAX_R 50.000000
i1 = 6, i2 = 77
#mri_make_uchar# mapping 15 198 to  3 110  :  b -6.53028 m 0.587548 : thresh 11.1145 maxsat 445.122 : nzero 13947967 nsat 0
 
 
Fri Mar  6 07:30:54 CET 2026
mri_nu_correct.mni done

 mri_add_xform_to_header -c /out/sourcedata/freesurfer/sub-v1s10x0051024_ses-1/mri/transforms/talairach.xfm nu.mgz nu.mgz 

INFO: extension is mgz
#--------------------------------------------
#@# Intensity Normalization Fri Mar  6 07:30:55 CET 2026
/out/sourcedata/freesurfer/sub-v1s10x0051024_ses-1/mri

 mri_normalize -g 1 -seed 1234 -mprage nu.mgz T1.mgz 

using max gradient = 1.000
setting seed for random number genererator to 1234
assuming input volume is MGH (Van der Kouwe) MP-RAGE
reading mri_src from nu.mgz...
normalizing image...
NOT doing gentle normalization with control points/label
talairach transform
 1.11167   0.07979  -0.06656  -1.63540;
-0.04153   1.01454   0.50567  -2.80485;
 0.08533  -0.59875   1.27614   26.25658;
 0.00000   0.00000   0.00000   1.00000;
processing without aseg, no1d=0
MRInormInit(): 
INFO: Modifying talairach volume c_(r,a,s) based on average_305
MRInormalize(): 
MRIsplineNormalize(): npeaks = 13
Starting OpenSpline(): npoints = 13
building Voronoi diagram...
performing soap bubble smoothing, sigma = 8...

Iterating 2 times
---------------------------------
3d normalization pass 1 of 2
white matter peak found at 110
white matter peak found at 110
gm peak at 59 (59), valley at 40 (40)
csf peak at 10, setting threshold to 42
building Voronoi diagram...
performing soap bubble smoothing, sigma = 8...
---------------------------------
3d normalization pass 2 of 2
white matter peak found at 110
white matter peak found at 110
gm peak at 58 (58), valley at 44 (44)
csf peak at 29, setting threshold to 48
building Voronoi diagram...
performing soap bubble smoothing, sigma = 8...
Done iterating ---------------------------------
writing output to T1.mgz
3D bias adjustment took 1 minutes and 25 seconds.

Started at Fri Mar 6 07:22:57 CET 2026 
Ended   at Fri Mar 6 07:32:20 CET 2026
#@#%# recon-all-run-time-hours 0.156
recon-all -s sub-v1s10x0051024_ses-1 finished without error at Fri Mar  6 07:32:20 CET 2026



#New# invocation of recon-all 




Fri Mar  6 07:39:44 CET 2026
cd /out/sourcedata/freesurfer/sub-v1s10x0051024_ses-1
setenv SUBJECTS_DIR /out/sourcedata/freesurfer
/opt/freesurfer/bin/recon-all -openmp 16 -subjid sub-v1s10x0051024_ses-1 -sd /out/sourcedata/freesurfer -gcareg

subjid sub-v1s10x0051024_ses-1
setenv SUBJECTS_DIR /out/sourcedata/freesurfer
FREESURFER_HOME /opt/freesurfer
Actual FREESURFER_HOME /opt/freesurfer
build-stamp.txt: freesurfer-linux-ubuntu22_x86_64-7.3.2-20220804-6354275
Linux dna052 5.14.0-427.37.1.el9_4.x86_64 #1 SMP PREEMPT_DYNAMIC Fri Sep 13 12:41:50 EDT 2024 x86_64 x86_64 x86_64 GNU/Linux
cputime      unlimited
filesize     unlimited
datasize     unlimited
stacksize    8192 kbytes
coredumpsize 0 kbytes
memoryuse    67108864 kbytes
vmemoryuse   unlimited
descriptors  1024 
memorylocked unlimited
maxproc      2061970 
maxlocks     unlimited
maxsignal    2061970 
maxmessage   819200 
maxnice      0 
maxrtprio    0 
maxrttime    unlimited

               total        used        free      shared  buff/cache   available
Mem:           503Gi        79Gi       127Gi        13Gi       295Gi       407Gi
Swap:             0B          0B          0B

########################################
program versions used
7.3.2 (freesurfer-linux-ubuntu22_x86_64-7.3.2-20220804-6354275)
7.3.2

ProgramName: lta_convert  ProgramArguments: lta_convert -all-info  ProgramVersion: 7.3.2  TimeStamp: 2026/03/06-06:39:44-GMT  BuildTime: Aug  4 2022 06:17:15  BuildStamp: freesurfer-linux-ubuntu22_x86_64-7.3.2-20220804-6354275  User: oesteban  Machine: dna052  Platform: Linux  PlatformVersion: 5.14.0-427.37.1.el9_4.x86_64  CompilerName: GCC  CompilerVersion: 8.4.0
ProgramName: mri_and  ProgramArguments: mri_and -all-info  ProgramVersion: 7.3.2  TimeStamp: 2026/03/06-06:39:44-GMT  BuildTime: Aug  4 2022 06:17:15  BuildStamp: freesurfer-linux-ubuntu22_x86_64-7.3.2-20220804-6354275  User: oesteban  Machine: dna052  Platform: Linux  PlatformVersion: 5.14.0-427.37.1.el9_4.x86_64  CompilerName: GCC  CompilerVersion: 8.4.0
ProgramName: mri_annotation2label  ProgramArguments: mri_annotation2label -all-info  ProgramVersion: 7.3.2  TimeStamp: 2026/03/06-06:39:44-GMT  BuildTime: Aug  4 2022 06:17:15  BuildStamp: freesurfer-linux-ubuntu22_x86_64-7.3.2-20220804-6354275  User: oesteban  Machine: dna052  Platform: Linux  PlatformVersion: 5.14.0-427.37.1.el9_4.x86_64  CompilerName: GCC  CompilerVersion: 8.4.0
ProgramName: mri_aparc2aseg  ProgramArguments: mri_aparc2aseg -all-info  ProgramVersion: 7.3.2  TimeStamp: 2026/03/06-06:39:44-GMT  BuildTime: Aug  4 2022 06:17:15  BuildStamp: freesurfer-linux-ubuntu22_x86_64-7.3.2-20220804-6354275  User: oesteban  Machine: dna052  Platform: Linux  PlatformVersion: 5.14.0-427.37.1.el9_4.x86_64  CompilerName: GCC  CompilerVersion: 8.4.0
ProgramName: mri_surf2volseg  ProgramArguments: mri_surf2volseg -all-info  ProgramVersion: 7.3.2  TimeStamp: 2026/03/06-06:39:44-GMT  BuildTime: Aug  4 2022 06:17:15  BuildStamp: freesurfer-linux-ubuntu22_x86_64-7.3.2-20220804-6354275  User: oesteban  Machine: dna052  Platform: Linux  PlatformVersion: 5.14.0-427.37.1.el9_4.x86_64  CompilerName: GCC  CompilerVersion: 8.4.0
ProgramName: mri_binarize  ProgramArguments: mri_binarize -all-info  ProgramVersion: 7.3.2  TimeStamp: 2026/03/06-06:39:44-GMT  BuildTime: Aug  4 2022 06:17:15  BuildStamp: freesurfer-linux-ubuntu22_x86_64-7.3.2-20220804-6354275  User: oesteban  Machine: dna052  Platform: Linux  PlatformVersion: 5.14.0-427.37.1.el9_4.x86_64  CompilerName: GCC  CompilerVersion: 8.4.0
ProgramName: mri_ca_label  ProgramArguments: mri_ca_label -all-info  ProgramVersion: 7.3.2  TimeStamp: 2026/03/06-06:39:44-GMT  BuildTime: Aug  4 2022 06:17:15  BuildStamp: freesurfer-linux-ubuntu22_x86_64-7.3.2-20220804-6354275  User: oesteban  Machine: dna052  Platform: Linux  PlatformVersion: 5.14.0-427.37.1.el9_4.x86_64  CompilerName: GCC  CompilerVersion: 8.4.0
ProgramName: mri_ca_normalize  ProgramArguments: mri_ca_normalize -all-info  ProgramVersion: 7.3.2  TimeStamp: 2026/03/06-06:39:44-GMT  BuildTime: Aug  4 2022 06:17:15  BuildStamp: freesurfer-linux-ubuntu22_x86_64-7.3.2-20220804-6354275  User: oesteban  Machine: dna052  Platform: Linux  PlatformVersion: 5.14.0-427.37.1.el9_4.x86_64  CompilerName: GCC  CompilerVersion: 8.4.0
ProgramName: mri_ca_register  ProgramArguments: mri_ca_register -all-info  ProgramVersion: 7.3.2  TimeStamp: 2026/03/06-06:39:44-GMT  BuildTime: Aug  4 2022 06:17:15  BuildStamp: freesurfer-linux-ubuntu22_x86_64-7.3.2-20220804-6354275  User: oesteban  Machine: dna052  Platform: Linux  PlatformVersion: 5.14.0-427.37.1.el9_4.x86_64  CompilerName: GCC  CompilerVersion: 8.4.0
ProgramName: mri_cc  ProgramArguments: mri_cc -all-info  ProgramVersion: 7.3.2  TimeStamp: 2026/03/06-06:39:44-GMT  BuildTime: Aug  4 2022 06:17:15  BuildStamp: freesurfer-linux-ubuntu22_x86_64-7.3.2-20220804-6354275  User: oesteban  Machine: dna052  Platform: Linux  PlatformVersion: 5.14.0-427.37.1.el9_4.x86_64  CompilerName: GCC  CompilerVersion: 8.4.0
ProgramName: mri_compute_overlap  ProgramArguments: mri_compute_overlap -all-info  ProgramVersion: 7.3.2  TimeStamp: 2026/03/06-06:39:44-GMT  BuildTime: Aug  4 2022 06:17:15  BuildStamp: freesurfer-linux-ubuntu22_x86_64-7.3.2-20220804-6354275  User: oesteban  Machine: dna052  Platform: Linux  PlatformVersion: 5.14.0-427.37.1.el9_4.x86_64  CompilerName: GCC  CompilerVersion: 8.4.0
ProgramName: mri_compute_seg_overlap  ProgramArguments: mri_compute_seg_overlap -all-info  ProgramVersion: 7.3.2  TimeStamp: 2026/03/06-06:39:44-GMT  BuildTime: Aug  4 2022 06:17:15  BuildStamp: freesurfer-linux-ubuntu22_x86_64-7.3.2-20220804-6354275  User: oesteban  Machine: dna052  Platform: Linux  PlatformVersion: 5.14.0-427.37.1.el9_4.x86_64  CompilerName: GCC  CompilerVersion: 8.4.0
ProgramName: mri_concat  ProgramArguments: mri_concat -all-info  ProgramVersion: 7.3.2  TimeStamp: 2026/03/06-06:39:44-GMT  BuildTime: Aug  4 2022 06:17:15  BuildStamp: freesurfer-linux-ubuntu22_x86_64-7.3.2-20220804-6354275  User: oesteban  Machine: dna052  Platform: Linux  PlatformVersion: 5.14.0-427.37.1.el9_4.x86_64  CompilerName: GCC  CompilerVersion: 8.4.0
ProgramName: mri_concatenate_lta  ProgramArguments: mri_concatenate_lta -all-info  ProgramVersion: 7.3.2  TimeStamp: 2026/03/06-06:39:44-GMT  BuildTime: Aug  4 2022 06:17:15  BuildStamp: freesurfer-linux-ubuntu22_x86_64-7.3.2-20220804-6354275  User: oesteban  Machine: dna052  Platform: Linux  PlatformVersion: 5.14.0-427.37.1.el9_4.x86_64  CompilerName: GCC  CompilerVersion: 8.4.0
mri_convert -all-info 
ProgramName: mri_convert  ProgramArguments: mri_convert -all-info  ProgramVersion: 7.3.2  TimeStamp: 2026/03/06-06:39:44-GMT  BuildTime: Aug  4 2022 06:17:15  BuildStamp: freesurfer-linux-ubuntu22_x86_64-7.3.2-20220804-6354275  User: oesteban  Machine: dna052  Platform: Linux  PlatformVersion: 5.14.0-427.37.1.el9_4.x86_64  CompilerName: GCC  CompilerVersion: 8.4.0
ProgramName: mri_diff  ProgramArguments: mri_diff -all-info  ProgramVersion: 7.3.2  TimeStamp: 2026/03/06-06:39:44-GMT  BuildTime: Aug  4 2022 06:17:15  BuildStamp: freesurfer-linux-ubuntu22_x86_64-7.3.2-20220804-6354275  User: oesteban  Machine: dna052  Platform: Linux  PlatformVersion: 5.14.0-427.37.1.el9_4.x86_64  CompilerName: GCC  CompilerVersion: 8.4.0
ProgramName: mri_edit_wm_with_aseg  ProgramArguments: mri_edit_wm_with_aseg -all-info  ProgramVersion: 7.3.2  TimeStamp: 2026/03/06-06:39:44-GMT  BuildTime: Aug  4 2022 06:17:15  BuildStamp: freesurfer-linux-ubuntu22_x86_64-7.3.2-20220804-6354275  User: oesteban  Machine: dna052  Platform: Linux  PlatformVersion: 5.14.0-427.37.1.el9_4.x86_64  CompilerName: GCC  CompilerVersion: 8.4.0
ProgramName: mri_em_register  ProgramArguments: mri_em_register -all-info  ProgramVersion: 7.3.2  TimeStamp: 2026/03/06-06:39:44-GMT  BuildTime: Aug  4 2022 06:17:15  BuildStamp: freesurfer-linux-ubuntu22_x86_64-7.3.2-20220804-6354275  User: oesteban  Machine: dna052  Platform: Linux  PlatformVersion: 5.14.0-427.37.1.el9_4.x86_64  CompilerName: GCC  CompilerVersion: 8.4.0
ProgramName: mri_fill  ProgramArguments: mri_fill -all-info  ProgramVersion: 7.3.2  TimeStamp: 2026/03/06-06:39:44-GMT  BuildTime: Aug  4 2022 06:17:15  BuildStamp: freesurfer-linux-ubuntu22_x86_64-7.3.2-20220804-6354275  User: oesteban  Machine: dna052  Platform: Linux  PlatformVersion: 5.14.0-427.37.1.el9_4.x86_64  CompilerName: GCC  CompilerVersion: 8.4.0
ProgramName: mri_fuse_segmentations  ProgramArguments: mri_fuse_segmentations -all-info  ProgramVersion: 7.3.2  TimeStamp: 2026/03/06-06:39:44-GMT  BuildTime: Aug  4 2022 06:17:15  BuildStamp: freesurfer-linux-ubuntu22_x86_64-7.3.2-20220804-6354275  User: oesteban  Machine: dna052  Platform: Linux  PlatformVersion: 5.14.0-427.37.1.el9_4.x86_64  CompilerName: GCC  CompilerVersion: 8.4.0
ProgramName: mri_fwhm  ProgramArguments: mri_fwhm -all-info  ProgramVersion: 7.3.2  TimeStamp: 2026/03/06-06:39:44-GMT  BuildTime: Aug  4 2022 06:17:15  BuildStamp: freesurfer-linux-ubuntu22_x86_64-7.3.2-20220804-6354275  User: oesteban  Machine: dna052  Platform: Linux  PlatformVersion: 5.14.0-427.37.1.el9_4.x86_64  CompilerName: GCC  CompilerVersion: 8.4.0
ProgramName: mri_gcut  ProgramArguments: mri_gcut -all-info  ProgramVersion: 7.3.2  TimeStamp: 2026/03/06-06:39:44-GMT  BuildTime: Aug  4 2022 06:17:15  BuildStamp: freesurfer-linux-ubuntu22_x86_64-7.3.2-20220804-6354275  User: oesteban  Machine: dna052  Platform: Linux  PlatformVersion: 5.14.0-427.37.1.el9_4.x86_64  CompilerName: GCC  CompilerVersion: 8.4.0
ProgramName: mri_info  ProgramArguments: mri_info -all-info  ProgramVersion: 7.3.2  TimeStamp: 2026/03/06-06:39:44-GMT  BuildTime: Aug  4 2022 06:17:15  BuildStamp: freesurfer-linux-ubuntu22_x86_64-7.3.2-20220804-6354275  User: oesteban  Machine: dna052  Platform: Linux  PlatformVersion: 5.14.0-427.37.1.el9_4.x86_64  CompilerName: GCC  CompilerVersion: 8.4.0
ProgramName: mri_label2label  ProgramArguments: mri_label2label -all-info  ProgramVersion: 7.3.2  TimeStamp: 2026/03/06-06:39:44-GMT  BuildTime: Aug  4 2022 06:17:15  BuildStamp: freesurfer-linux-ubuntu22_x86_64-7.3.2-20220804-6354275  User: oesteban  Machine: dna052  Platform: Linux  PlatformVersion: 5.14.0-427.37.1.el9_4.x86_64  CompilerName: GCC  CompilerVersion: 8.4.0
ProgramName: mri_label2vol  ProgramArguments: mri_label2vol -all-info  ProgramVersion: 7.3.2  TimeStamp: 2026/03/06-06:39:44-GMT  BuildTime: Aug  4 2022 06:17:15  BuildStamp: freesurfer-linux-ubuntu22_x86_64-7.3.2-20220804-6354275  User: oesteban  Machine: dna052  Platform: Linux  PlatformVersion: 5.14.0-427.37.1.el9_4.x86_64  CompilerName: GCC  CompilerVersion: 8.4.0
ProgramName: mri_log_likelihood  ProgramArguments: mri_log_likelihood -all-info  ProgramVersion: 7.3.2  TimeStamp: 2026/03/06-06:39:44-GMT  BuildTime: Aug  4 2022 06:17:15  BuildStamp: freesurfer-linux-ubuntu22_x86_64-7.3.2-20220804-6354275  User: oesteban  Machine: dna052  Platform: Linux  PlatformVersion: 5.14.0-427.37.1.el9_4.x86_64  CompilerName: GCC  CompilerVersion: 8.4.0
ProgramName: mri_mask  ProgramArguments: mri_mask -all-info  ProgramVersion: 7.3.2  TimeStamp: 2026/03/06-06:39:44-GMT  BuildTime: Aug  4 2022 06:17:15  BuildStamp: freesurfer-linux-ubuntu22_x86_64-7.3.2-20220804-6354275  User: oesteban  Machine: dna052  Platform: Linux  PlatformVersion: 5.14.0-427.37.1.el9_4.x86_64  CompilerName: GCC  CompilerVersion: 8.4.0
ProgramName: mri_matrix_multiply  ProgramArguments: mri_matrix_multiply -all-info  ProgramVersion: 7.3.2  TimeStamp: 2026/03/06-06:39:44-GMT  BuildTime: Aug  4 2022 06:17:15  BuildStamp: freesurfer-linux-ubuntu22_x86_64-7.3.2-20220804-6354275  User: oesteban  Machine: dna052  Platform: Linux  PlatformVersion: 5.14.0-427.37.1.el9_4.x86_64  CompilerName: GCC  CompilerVersion: 8.4.0
ProgramName: mri_normalize  ProgramArguments: mri_normalize -all-info  ProgramVersion: 7.3.2  TimeStamp: 2026/03/06-06:39:44-GMT  BuildTime: Aug  4 2022 06:17:15  BuildStamp: freesurfer-linux-ubuntu22_x86_64-7.3.2-20220804-6354275  User: oesteban  Machine: dna052  Platform: Linux  PlatformVersion: 5.14.0-427.37.1.el9_4.x86_64  CompilerName: GCC  CompilerVersion: 8.4.0
ProgramName: mri_normalize_tp2  ProgramArguments: mri_normalize_tp2 -all-info  ProgramVersion: 7.3.2  TimeStamp: 2026/03/06-06:39:44-GMT  BuildTime: Aug  4 2022 06:17:15  BuildStamp: freesurfer-linux-ubuntu22_x86_64-7.3.2-20220804-6354275  User: oesteban  Machine: dna052  Platform: Linux  PlatformVersion: 5.14.0-427.37.1.el9_4.x86_64  CompilerName: GCC  CompilerVersion: 8.4.0
ProgramName: mri_or  ProgramArguments: mri_or -all-info  ProgramVersion: 7.3.2  TimeStamp: 2026/03/06-06:39:44-GMT  BuildTime: Aug  4 2022 06:17:15  BuildStamp: freesurfer-linux-ubuntu22_x86_64-7.3.2-20220804-6354275  User: oesteban  Machine: dna052  Platform: Linux  PlatformVersion: 5.14.0-427.37.1.el9_4.x86_64  CompilerName: GCC  CompilerVersion: 8.4.0
ProgramName: mri_relabel_hypointensities  ProgramArguments: mri_relabel_hypointensities -all-info  ProgramVersion: 7.3.2  TimeStamp: 2026/03/06-06:39:44-GMT  BuildTime: Aug  4 2022 06:17:15  BuildStamp: freesurfer-linux-ubuntu22_x86_64-7.3.2-20220804-6354275  User: oesteban  Machine: dna052  Platform: Linux  PlatformVersion: 5.14.0-427.37.1.el9_4.x86_64  CompilerName: GCC  CompilerVersion: 8.4.0
ProgramName: mri_relabel_nonwm_hypos  ProgramArguments: mri_relabel_nonwm_hypos -all-info  ProgramVersion: 7.3.2  TimeStamp: 2026/03/06-06:39:44-GMT  BuildTime: Aug  4 2022 06:17:15  BuildStamp: freesurfer-linux-ubuntu22_x86_64-7.3.2-20220804-6354275  User: oesteban  Machine: dna052  Platform: Linux  PlatformVersion: 5.14.0-427.37.1.el9_4.x86_64  CompilerName: GCC  CompilerVersion: 8.4.0
ProgramName: mri_remove_neck  ProgramArguments: mri_remove_neck -all-info  ProgramVersion: 7.3.2  TimeStamp: 2026/03/06-06:39:44-GMT  BuildTime: Aug  4 2022 06:17:15  BuildStamp: freesurfer-linux-ubuntu22_x86_64-7.3.2-20220804-6354275  User: oesteban  Machine: dna052  Platform: Linux  PlatformVersion: 5.14.0-427.37.1.el9_4.x86_64  CompilerName: GCC  CompilerVersion: 8.4.0
7.3.2

ProgramName: mri_robust_register  ProgramArguments: mri_robust_register -all-info  ProgramVersion: 7.3.2  TimeStamp: 2026/03/06-06:39:44-GMT  BuildTime: Aug  4 2022 06:17:15  BuildStamp: freesurfer-linux-ubuntu22_x86_64-7.3.2-20220804-6354275  User: oesteban  Machine: dna052  Platform: Linux  PlatformVersion: 5.14.0-427.37.1.el9_4.x86_64  CompilerName: GCC  CompilerVersion: 8.4.0
7.3.2

ProgramName: mri_robust_template  ProgramArguments: mri_robust_template -all-info  ProgramVersion: 7.3.2  TimeStamp: 2026/03/06-06:39:44-GMT  BuildTime: Aug  4 2022 06:17:15  BuildStamp: freesurfer-linux-ubuntu22_x86_64-7.3.2-20220804-6354275  User: oesteban  Machine: dna052  Platform: Linux  PlatformVersion: 5.14.0-427.37.1.el9_4.x86_64  CompilerName: GCC  CompilerVersion: 8.4.0
ProgramName: mris_anatomical_stats  ProgramArguments: mris_anatomical_stats -all-info  ProgramVersion: 7.3.2  TimeStamp: 2026/03/06-06:39:44-GMT  BuildTime: Aug  4 2022 06:17:15  BuildStamp: freesurfer-linux-ubuntu22_x86_64-7.3.2-20220804-6354275  User: oesteban  Machine: dna052  Platform: Linux  PlatformVersion: 5.14.0-427.37.1.el9_4.x86_64  CompilerName: GCC  CompilerVersion: 8.4.0
ProgramName: mris_ca_label  ProgramArguments: mris_ca_label -all-info  ProgramVersion: 7.3.2  TimeStamp: 2026/03/06-06:39:44-GMT  BuildTime: Aug  4 2022 06:17:15  BuildStamp: freesurfer-linux-ubuntu22_x86_64-7.3.2-20220804-6354275  User: oesteban  Machine: dna052  Platform: Linux  PlatformVersion: 5.14.0-427.37.1.el9_4.x86_64  CompilerName: GCC  CompilerVersion: 8.4.0
ProgramName: mris_calc  ProgramArguments: mris_calc -all-info  ProgramVersion: 7.3.2  TimeStamp: 2026/03/06-06:39:44-GMT  BuildTime: Aug  4 2022 06:17:15  BuildStamp: freesurfer-linux-ubuntu22_x86_64-7.3.2-20220804-6354275  User: oesteban  Machine: dna052  Platform: Linux  PlatformVersion: 5.14.0-427.37.1.el9_4.x86_64  CompilerName: GCC  CompilerVersion: 8.4.0
ProgramName: mris_convert  ProgramArguments: mris_convert -all-info  ProgramVersion: 7.3.2  TimeStamp: 2026/03/06-06:39:44-GMT  BuildTime: Aug  4 2022 06:17:15  BuildStamp: freesurfer-linux-ubuntu22_x86_64-7.3.2-20220804-6354275  User: oesteban  Machine: dna052  Platform: Linux  PlatformVersion: 5.14.0-427.37.1.el9_4.x86_64  CompilerName: GCC  CompilerVersion: 8.4.0
ProgramName: mris_curvature  ProgramArguments: mris_curvature -all-info  ProgramVersion: 7.3.2  TimeStamp: 2026/03/06-06:39:44-GMT  BuildTime: Aug  4 2022 06:17:15  BuildStamp: freesurfer-linux-ubuntu22_x86_64-7.3.2-20220804-6354275  User: oesteban  Machine: dna052  Platform: Linux  PlatformVersion: 5.14.0-427.37.1.el9_4.x86_64  CompilerName: GCC  CompilerVersion: 8.4.0
ProgramName: mris_curvature_stats  ProgramArguments: mris_curvature_stats -all-info  ProgramVersion: 7.3.2  TimeStamp: 2026/03/06-06:39:44-GMT  BuildTime: Aug  4 2022 06:17:15  BuildStamp: freesurfer-linux-ubuntu22_x86_64-7.3.2-20220804-6354275  User: oesteban  Machine: dna052  Platform: Linux  PlatformVersion: 5.14.0-427.37.1.el9_4.x86_64  CompilerName: GCC  CompilerVersion: 8.4.0
ProgramName: mris_diff  ProgramArguments: mris_diff -all-info  ProgramVersion: 7.3.2  TimeStamp: 2026/03/06-06:39:44-GMT  BuildTime: Aug  4 2022 06:17:15  BuildStamp: freesurfer-linux-ubuntu22_x86_64-7.3.2-20220804-6354275  User: oesteban  Machine: dna052  Platform: Linux  PlatformVersion: 5.14.0-427.37.1.el9_4.x86_64  CompilerName: GCC  CompilerVersion: 8.4.0
ProgramName: mris_divide_parcellation  ProgramArguments: mris_divide_parcellation -all-info  ProgramVersion: 7.3.2  TimeStamp: 2026/03/06-06:39:44-GMT  BuildTime: Aug  4 2022 06:17:15  BuildStamp: freesurfer-linux-ubuntu22_x86_64-7.3.2-20220804-6354275  User: oesteban  Machine: dna052  Platform: Linux  PlatformVersion: 5.14.0-427.37.1.el9_4.x86_64  CompilerName: GCC  CompilerVersion: 8.4.0
ProgramName: mri_segment  ProgramArguments: mri_segment -all-info  ProgramVersion: 7.3.2  TimeStamp: 2026/03/06-06:39:44-GMT  BuildTime: Aug  4 2022 06:17:15  BuildStamp: freesurfer-linux-ubuntu22_x86_64-7.3.2-20220804-6354275  User: oesteban  Machine: dna052  Platform: Linux  PlatformVersion: 5.14.0-427.37.1.el9_4.x86_64  CompilerName: GCC  CompilerVersion: 8.4.0
ProgramName: mri_segstats  ProgramArguments: mri_segstats -all-info  ProgramVersion: 7.3.2  TimeStamp: 2026/03/06-06:39:44-GMT  BuildTime: Aug  4 2022 06:17:15  BuildStamp: freesurfer-linux-ubuntu22_x86_64-7.3.2-20220804-6354275  User: oesteban  Machine: dna052  Platform: Linux  PlatformVersion: 5.14.0-427.37.1.el9_4.x86_64  CompilerName: GCC  CompilerVersion: 8.4.0
ProgramName: mris_euler_number  ProgramArguments: mris_euler_number -all-info  ProgramVersion: 7.3.2  TimeStamp: 2026/03/06-06:39:44-GMT  BuildTime: Aug  4 2022 06:17:15  BuildStamp: freesurfer-linux-ubuntu22_x86_64-7.3.2-20220804-6354275  User: oesteban  Machine: dna052  Platform: Linux  PlatformVersion: 5.14.0-427.37.1.el9_4.x86_64  CompilerName: GCC  CompilerVersion: 8.4.0
ProgramName: mris_fix_topology  ProgramArguments: mris_fix_topology -all-info  ProgramVersion: 7.3.2  TimeStamp: 2026/03/06-06:39:44-GMT  BuildTime: Aug  4 2022 06:17:15  BuildStamp: freesurfer-linux-ubuntu22_x86_64-7.3.2-20220804-6354275  User: oesteban  Machine: dna052  Platform: Linux  PlatformVersion: 5.14.0-427.37.1.el9_4.x86_64  CompilerName: GCC  CompilerVersion: 8.4.0
ProgramName: mris_topo_fixer  ProgramArguments: mris_topo_fixer -all-info  ProgramVersion: 7.3.2  TimeStamp: 2026/03/06-06:39:44-GMT  BuildTime: Aug  4 2022 06:17:15  BuildStamp: freesurfer-linux-ubuntu22_x86_64-7.3.2-20220804-6354275  User: oesteban  Machine: dna052  Platform: Linux  PlatformVersion: 5.14.0-427.37.1.el9_4.x86_64  CompilerName: GCC  CompilerVersion: 8.4.0
ProgramName: mris_jacobian  ProgramArguments: mris_jacobian -all-info  ProgramVersion: 7.3.2  TimeStamp: 2026/03/06-06:39:44-GMT  BuildTime: Aug  4 2022 06:17:15  BuildStamp: freesurfer-linux-ubuntu22_x86_64-7.3.2-20220804-6354275  User: oesteban  Machine: dna052  Platform: Linux  PlatformVersion: 5.14.0-427.37.1.el9_4.x86_64  CompilerName: GCC  CompilerVersion: 8.4.0
ProgramName: mris_label2annot  ProgramArguments: mris_label2annot -all-info  ProgramVersion: 7.3.2  TimeStamp: 2026/03/06-06:39:44-GMT  BuildTime: Aug  4 2022 06:17:15  BuildStamp: freesurfer-linux-ubuntu22_x86_64-7.3.2-20220804-6354275  User: oesteban  Machine: dna052  Platform: Linux  PlatformVersion: 5.14.0-427.37.1.el9_4.x86_64  CompilerName: GCC  CompilerVersion: 8.4.0
ProgramName: mris_left_right_register  ProgramArguments: mris_left_right_register -all-info  ProgramVersion: 7.3.2  TimeStamp: 2026/03/06-06:39:44-GMT  BuildTime: Aug  4 2022 06:17:15  BuildStamp: freesurfer-linux-ubuntu22_x86_64-7.3.2-20220804-6354275  User: oesteban  Machine: dna052  Platform: Linux  PlatformVersion: 5.14.0-427.37.1.el9_4.x86_64  CompilerName: GCC  CompilerVersion: 8.4.0
ProgramName: mris_place_surface  ProgramArguments: mris_place_surface -all-info  ProgramVersion: 7.3.2  TimeStamp: 2026/03/06-06:39:44-GMT  BuildTime: Aug  4 2022 06:17:15  BuildStamp: freesurfer-linux-ubuntu22_x86_64-7.3.2-20220804-6354275  User: oesteban  Machine: dna052  Platform: Linux  PlatformVersion: 5.14.0-427.37.1.el9_4.x86_64  CompilerName: GCC  CompilerVersion: 8.4.0
ProgramName: mrisp_paint  ProgramArguments: mrisp_paint -all-info  ProgramVersion: 7.3.2  TimeStamp: 2026/03/06-06:39:44-GMT  BuildTime: Aug  4 2022 06:17:15  BuildStamp: freesurfer-linux-ubuntu22_x86_64-7.3.2-20220804-6354275  User: oesteban  Machine: dna052  Platform: Linux  PlatformVersion: 5.14.0-427.37.1.el9_4.x86_64  CompilerName: GCC  CompilerVersion: 8.4.0
ProgramName: mris_register  ProgramArguments: mris_register -all-info  ProgramVersion: 7.3.2  TimeStamp: 2026/03/06-06:39:44-GMT  BuildTime: Aug  4 2022 06:17:15  BuildStamp: freesurfer-linux-ubuntu22_x86_64-7.3.2-20220804-6354275  User: oesteban  Machine: dna052  Platform: Linux  PlatformVersion: 5.14.0-427.37.1.el9_4.x86_64  CompilerName: GCC  CompilerVersion: 8.4.0
ProgramName: mris_smooth  ProgramArguments: mris_smooth -all-info  ProgramVersion: 7.3.2  TimeStamp: 2026/03/06-06:39:44-GMT  BuildTime: Aug  4 2022 06:17:15  BuildStamp: freesurfer-linux-ubuntu22_x86_64-7.3.2-20220804-6354275  User: oesteban  Machine: dna052  Platform: Linux  PlatformVersion: 5.14.0-427.37.1.el9_4.x86_64  CompilerName: GCC  CompilerVersion: 8.4.0
ProgramName: mris_sphere  ProgramArguments: mris_sphere -all-info  ProgramVersion: 7.3.2  TimeStamp: 2026/03/06-06:39:44-GMT  BuildTime: Aug  4 2022 06:17:15  BuildStamp: freesurfer-linux-ubuntu22_x86_64-7.3.2-20220804-6354275  User: oesteban  Machine: dna052  Platform: Linux  PlatformVersion: 5.14.0-427.37.1.el9_4.x86_64  CompilerName: GCC  CompilerVersion: 8.4.0
ProgramName: mris_surface_stats  ProgramArguments: mris_surface_stats -all-info  ProgramVersion: 7.3.2  TimeStamp: 2026/03/06-06:39:44-GMT  BuildTime: Aug  4 2022 06:17:15  BuildStamp: freesurfer-linux-ubuntu22_x86_64-7.3.2-20220804-6354275  User: oesteban  Machine: dna052  Platform: Linux  PlatformVersion: 5.14.0-427.37.1.el9_4.x86_64  CompilerName: GCC  CompilerVersion: 8.4.0
ProgramName: mri_stats2seg  ProgramArguments: mri_stats2seg -all-info  ProgramVersion: 7.3.2  TimeStamp: 2026/03/06-06:39:44-GMT  BuildTime: Aug  4 2022 06:17:15  BuildStamp: freesurfer-linux-ubuntu22_x86_64-7.3.2-20220804-6354275  User: oesteban  Machine: dna052  Platform: Linux  PlatformVersion: 5.14.0-427.37.1.el9_4.x86_64  CompilerName: GCC  CompilerVersion: 8.4.0
ProgramName: mris_thickness  ProgramArguments: mris_thickness -all-info  ProgramVersion: 7.3.2  TimeStamp: 2026/03/06-06:39:44-GMT  BuildTime: Aug  4 2022 06:17:15  BuildStamp: freesurfer-linux-ubuntu22_x86_64-7.3.2-20220804-6354275  User: oesteban  Machine: dna052  Platform: Linux  PlatformVersion: 5.14.0-427.37.1.el9_4.x86_64  CompilerName: GCC  CompilerVersion: 8.4.0
ProgramName: mris_thickness_diff  ProgramArguments: mris_thickness_diff -all-info  ProgramVersion: 7.3.2  TimeStamp: 2026/03/06-06:39:44-GMT  BuildTime: Aug  4 2022 06:17:15  BuildStamp: freesurfer-linux-ubuntu22_x86_64-7.3.2-20220804-6354275  User: oesteban  Machine: dna052  Platform: Linux  PlatformVersion: 5.14.0-427.37.1.el9_4.x86_64  CompilerName: GCC  CompilerVersion: 8.4.0
ProgramName: mris_topo_fixer  ProgramArguments: mris_topo_fixer -all-info  ProgramVersion: 7.3.2  TimeStamp: 2026/03/06-06:39:44-GMT  BuildTime: Aug  4 2022 06:17:15  BuildStamp: freesurfer-linux-ubuntu22_x86_64-7.3.2-20220804-6354275  User: oesteban  Machine: dna052  Platform: Linux  PlatformVersion: 5.14.0-427.37.1.el9_4.x86_64  CompilerName: GCC  CompilerVersion: 8.4.0
ProgramName: mri_surf2surf  ProgramArguments: mri_surf2surf -all-info  ProgramVersion: 7.3.2  TimeStamp: 2026/03/06-06:39:44-GMT  BuildTime: Aug  4 2022 06:17:15  BuildStamp: freesurfer-linux-ubuntu22_x86_64-7.3.2-20220804-6354275  User: oesteban  Machine: dna052  Platform: Linux  PlatformVersion: 5.14.0-427.37.1.el9_4.x86_64  CompilerName: GCC  CompilerVersion: 8.4.0
ProgramName: mri_surf2vol  ProgramArguments: mri_surf2vol -all-info  ProgramVersion: 7.3.2  TimeStamp: 2026/03/06-06:39:44-GMT  BuildTime: Aug  4 2022 06:17:15  BuildStamp: freesurfer-linux-ubuntu22_x86_64-7.3.2-20220804-6354275  User: oesteban  Machine: dna052  Platform: Linux  PlatformVersion: 5.14.0-427.37.1.el9_4.x86_64  CompilerName: GCC  CompilerVersion: 8.4.0
ProgramName: mri_surfcluster  ProgramArguments: mri_surfcluster -all-info  ProgramVersion: 7.3.2  TimeStamp: 2026/03/06-06:39:44-GMT  BuildTime: Aug  4 2022 06:17:15  BuildStamp: freesurfer-linux-ubuntu22_x86_64-7.3.2-20220804-6354275  User: oesteban  Machine: dna052  Platform: Linux  PlatformVersion: 5.14.0-427.37.1.el9_4.x86_64  CompilerName: GCC  CompilerVersion: 8.4.0
ProgramName: mris_volmask  ProgramArguments: mris_volmask -all-info  ProgramVersion: 7.3.2  TimeStamp: 2026/03/06-06:39:44-GMT  BuildTime: Aug  4 2022 06:17:15  BuildStamp: freesurfer-linux-ubuntu22_x86_64-7.3.2-20220804-6354275  User: oesteban  Machine: dna052  Platform: Linux  PlatformVersion: 5.14.0-427.37.1.el9_4.x86_64  CompilerName: GCC  CompilerVersion: 8.4.0
ProgramName: mri_tessellate  ProgramArguments: mri_tessellate -all-info  ProgramVersion: 7.3.2  TimeStamp: 2026/03/06-06:39:44-GMT  BuildTime: Aug  4 2022 06:17:15  BuildStamp: freesurfer-linux-ubuntu22_x86_64-7.3.2-20220804-6354275  User: oesteban  Machine: dna052  Platform: Linux  PlatformVersion: 5.14.0-427.37.1.el9_4.x86_64  CompilerName: GCC  CompilerVersion: 8.4.0
ProgramName: mri_vol2surf  ProgramArguments: mri_vol2surf -all-info  ProgramVersion: 7.3.2  TimeStamp: 2026/03/06-06:39:44-GMT  BuildTime: Aug  4 2022 06:17:15  BuildStamp: freesurfer-linux-ubuntu22_x86_64-7.3.2-20220804-6354275  User: oesteban  Machine: dna052  Platform: Linux  PlatformVersion: 5.14.0-427.37.1.el9_4.x86_64  CompilerName: GCC  CompilerVersion: 8.4.0
ProgramName: mri_vol2vol  ProgramArguments: mri_vol2vol -all-info  ProgramVersion: 7.3.2  TimeStamp: 2026/03/06-06:39:44-GMT  BuildTime: Aug  4 2022 06:17:15  BuildStamp: freesurfer-linux-ubuntu22_x86_64-7.3.2-20220804-6354275  User: oesteban  Machine: dna052  Platform: Linux  PlatformVersion: 5.14.0-427.37.1.el9_4.x86_64  CompilerName: GCC  CompilerVersion: 8.4.0
ProgramName: mri_voldiff  ProgramArguments: mri_voldiff -all-info  ProgramVersion: 7.3.2  TimeStamp: 2026/03/06-06:39:44-GMT  BuildTime: Aug  4 2022 06:17:15  BuildStamp: freesurfer-linux-ubuntu22_x86_64-7.3.2-20220804-6354275  User: oesteban  Machine: dna052  Platform: Linux  PlatformVersion: 5.14.0-427.37.1.el9_4.x86_64  CompilerName: GCC  CompilerVersion: 8.4.0
ProgramName: mri_watershed  ProgramArguments: mri_watershed -all-info  ProgramVersion: 7.3.2  TimeStamp: 2026/03/06-06:39:44-GMT  BuildTime: Aug  4 2022 06:17:15  BuildStamp: freesurfer-linux-ubuntu22_x86_64-7.3.2-20220804-6354275  User: oesteban  Machine: dna052  Platform: Linux  PlatformVersion: 5.14.0-427.37.1.el9_4.x86_64  CompilerName: GCC  CompilerVersion: 8.4.0
ProgramName: tkregister2  ProgramArguments: tkregister2_cmdl -all-info  ProgramVersion: 7.3.2  TimeStamp: 2026/03/06-06:39:44-GMT  BuildTime: Aug  4 2022 06:17:15  BuildStamp: freesurfer-linux-ubuntu22_x86_64-7.3.2-20220804-6354275  User: oesteban  Machine: dna052  Platform: Linux  PlatformVersion: 5.14.0-427.37.1.el9_4.x86_64  CompilerName: GCC  CompilerVersion: 8.4.0
mri_motion_correct.fsl 7.3.2
mri_convert -all-info 
ProgramName: mri_convert  ProgramArguments: mri_convert -all-info  ProgramVersion: 7.3.2  TimeStamp: 2026/03/06-06:39:44-GMT  BuildTime: Aug  4 2022 06:17:15  BuildStamp: freesurfer-linux-ubuntu22_x86_64-7.3.2-20220804-6354275  User: oesteban  Machine: dna052  Platform: Linux  PlatformVersion: 5.14.0-427.37.1.el9_4.x86_64  CompilerName: GCC  CompilerVersion: 8.4.0
Program nu_correct, built from:
Package MNI N3, version 1.12.0, compiled by nicks@terrier (x86_64-unknown-linux-gnu) on 2015-06-19 at 01:25:34
#######################################
GCADIR /opt/freesurfer/average
GCA RB_all_2020-01-02.gca
GCASkull RB_all_withskull_2020_01_02.gca
AvgCurvTif folding.atlas.acfb40.noaparc.i12.2016-08-02.tif
GCSDIR /opt/freesurfer/average
GCS DKaparc.atlas.acfb40.noaparc.i12.2016-08-02.gcs
#######################################
#-------------------------------------
#@# EM Registration Fri Mar  6 07:39:44 CET 2026
/out/sourcedata/freesurfer/sub-v1s10x0051024_ses-1/mri

 mri_em_register -uns 3 -mask brainmask.mgz nu.mgz /opt/freesurfer/average/RB_all_2020-01-02.gca transforms/talairach.lta 

setting unknown_nbr_spacing = 3
using MR volume brainmask.mgz to mask input volume...

== Number of threads available to mri_em_register for OpenMP = 16 == 
reading 1 input volumes...
logging results to talairach.log
reading '/opt/freesurfer/average/RB_all_2020-01-02.gca'...
GCAread took 0 minutes and 1 seconds.
average std = 7.2   using min determinant for regularization = 5.2
0 singular and 884 ill-conditioned covariance matrices regularized
reading 'nu.mgz'...
MRImask(): AllowDiffGeom = 1
MRImask(): AllowDiffGeom = 1
MRImask(): AllowDiffGeom = 1
MRImask(): AllowDiffGeom = 1
MRImask(): AllowDiffGeom = 1
freeing gibbs priors...done.
accounting for voxel sizes in initial transform
bounding unknown intensity as < 5.9 or > 519.0 
total sample mean = 79.1 (1017 zeros)
************************************************
spacing=8, using 2841 sample points, tol=1.00e-05...
************************************************
register_mri: find_optimal_transform
find_optimal_transform: nsamples 2841, passno 0, spacing 8
resetting wm mean[0]: 98 --> 107
resetting gm mean[0]: 61 --> 61
input volume #1 is the most T1-like
using real data threshold=24.0
skull bounding box = (64, 85, 48) --> (196, 212, 198)
finding center of left hemi white matter
using (108, 127, 123) as brain centroid of Right_Cerebral_White_Matter...
MRImask(): AllowDiffGeom = 1
mean wm in atlas = 107, using box (92,111,105) --> (124, 142,141) to find MRI wm
before smoothing, mri peak at 108
robust fit to distribution - 108 +- 4.1
after smoothing, mri peak at 108, scaling input intensities by 0.991
scaling channel 0 by 0.990741
initial log_p = -4.342
************************************************
First Search limited to translation only.
************************************************
max log p =    -4.118677 @ (-10.526, -10.526, -10.526)
max log p =    -3.908525 @ (5.263, -15.789, -5.263)
max log p =    -3.852153 @ (2.632, 2.632, -2.632)
max log p =    -3.843973 @ (-1.316, 3.947, -1.316)
max log p =    -3.828757 @ (-0.658, -1.974, 0.658)
max log p =    -3.821080 @ (0.329, 0.329, -0.987)
max log p =    -3.821080 @ (0.000, 0.000, 0.000)
max log p =    -3.821080 @ (0.000, 0.000, 0.000)
Found translation: (-4.3, -21.4, -20.1): log p = -3.821
****************************************
Nine parameter search.  iteration 0 nscales = 0 ...
****************************************
Result so far: scale 1.000: max_log_p=-3.517, old_max_log_p =-3.821 (thresh=-3.8)
 1.00000   0.00000   0.00000  -4.27632;
 0.00000   1.17326   0.35611  -87.11448;
 0.00000  -0.22520   0.98534   20.44203;
 0.00000   0.00000   0.00000   1.00000;
iteration took 0 minutes and 42 seconds.
****************************************
Nine parameter search.  iteration 1 nscales = 0 ...
****************************************
Result so far: scale 1.000: max_log_p=-3.517, old_max_log_p =-3.517 (thresh=-3.5)
 1.00000   0.00000   0.00000  -4.27632;
 0.00000   1.17326   0.35611  -87.11448;
 0.00000  -0.22520   0.98534   20.44203;
 0.00000   0.00000   0.00000   1.00000;
reducing scale to 0.2500
iteration took 0 minutes and 13 seconds.
****************************************
Nine parameter search.  iteration 2 nscales = 1 ...
****************************************
Result so far: scale 0.250: max_log_p=-3.321, old_max_log_p =-3.517 (thresh=-3.5)
 0.99746  -0.05950  -0.06087   11.45591;
 0.06164   1.04211   0.51268  -98.77448;
 0.02907  -0.45743   0.91348   61.70966;
 0.00000   0.00000   0.00000   1.00000;
iteration took 0 minutes and 12 seconds.
****************************************
Nine parameter search.  iteration 3 nscales = 1 ...
****************************************
Result so far: scale 0.250: max_log_p=-3.321, old_max_log_p =-3.321 (thresh=-3.3)
 0.99746  -0.05950  -0.06087   11.45591;
 0.06164   1.04211   0.51268  -98.77448;
 0.02907  -0.45743   0.91348   61.70966;
 0.00000   0.00000   0.00000   1.00000;
reducing scale to 0.0625
iteration took 0 minutes and 12 seconds.
****************************************
Nine parameter search.  iteration 4 nscales = 2 ...
****************************************
Result so far: scale 0.062: max_log_p=-3.311, old_max_log_p =-3.321 (thresh=-3.3)
 0.99953  -0.05589  -0.06849   11.54704;
 0.06178   1.04455   0.51389  -99.28557;
 0.03725  -0.45791   0.91295   60.76525;
 0.00000   0.00000   0.00000   1.00000;
iteration took 0 minutes and 11 seconds.
****************************************
Nine parameter search.  iteration 5 nscales = 2 ...
****************************************
Result so far: scale 0.062: max_log_p=-3.307, old_max_log_p =-3.311 (thresh=-3.3)
 1.00070  -0.05596  -0.06857   11.41198;
 0.06171   1.04333   0.51328  -99.02943;
 0.03738  -0.45952   0.91616   60.60814;
 0.00000   0.00000   0.00000   1.00000;
iteration took 0 minutes and 11 seconds.
****************************************
Nine parameter search.  iteration 6 nscales = 2 ...
****************************************
Result so far: scale 0.062: max_log_p=-3.307, old_max_log_p =-3.307 (thresh=-3.3)
 0.99952  -0.05589  -0.06849   11.54721;
 0.06171   1.04333   0.51328  -99.02943;
 0.03738  -0.45952   0.91616   60.60814;
 0.00000   0.00000   0.00000   1.00000;
min search scale 0.025000 reached
***********************************************
Computing MAP estimate using 2841 samples...
***********************************************
dt = 5.00e-06, momentum=0.80, tol=1.00e-05
l_intensity = 1.0000
Aligning input volume to GCA...
Transform matrix
 0.99952  -0.05589  -0.06849   11.54721;
 0.06171   1.04333   0.51328  -99.02943;
 0.03738  -0.45952   0.91616   60.60814;
 0.00000   0.00000   0.00000   1.00000;
nsamples 2841
Quasinewton: input matrix
 0.99952  -0.05589  -0.06849   11.54721;
 0.06171   1.04333   0.51328  -99.02943;
 0.03738  -0.45952   0.91616   60.60814;
 0.00000   0.00000   0.00000   1.00000;
 IFLAG= -1  LINE SEARCH FAILED. SEE DOCUMENTATION OF ROUTINE MCSRCH ERROR RETURN OF LINE SEARCH: INFO= 3 POSSIBLE CAUSES: FUNCTION OR GRADIENT ARE INCORRECT OR INCORRECT TOLERANCESoutof QuasiNewtonEMA: 009: -log(p) =   -0.0  tol 0.000010
Resulting transform:
 0.99952  -0.05589  -0.06849   11.54721;
 0.06171   1.04333   0.51328  -99.02943;
 0.03738  -0.45952   0.91616   60.60814;
 0.00000   0.00000   0.00000   1.00000;

pass 1, spacing 8: log(p) = -3.307 (old=-4.342)
transform before final EM align:
 0.99952  -0.05589  -0.06849   11.54721;
 0.06171   1.04333   0.51328  -99.02943;
 0.03738  -0.45952   0.91616   60.60814;
 0.00000   0.00000   0.00000   1.00000;

**************************************************
 EM alignment process ...
 Computing final MAP estimate using 315638 samples. 
**************************************************
dt = 5.00e-06, momentum=0.80, tol=1.00e-07
l_intensity = 1.0000
Aligning input volume to GCA...
Transform matrix
 0.99952  -0.05589  -0.06849   11.54721;
 0.06171   1.04333   0.51328  -99.02943;
 0.03738  -0.45952   0.91616   60.60814;
 0.00000   0.00000   0.00000   1.00000;
nsamples 315638
Quasinewton: input matrix
 0.99952  -0.05589  -0.06849   11.54721;
 0.06171   1.04333   0.51328  -99.02943;
 0.03738  -0.45952   0.91616   60.60814;
 0.00000   0.00000   0.00000   1.00000;
 IFLAG= -1  LINE SEARCH FAILED. SEE DOCUMENTATION OF ROUTINE MCSRCH ERROR RETURN OF LINE SEARCH: INFO= 6 POSSIBLE CAUSES: FUNCTION OR GRADIENT ARE INCORRECT OR INCORRECT TOLERANCESoutof QuasiNewtonEMA: 011: -log(p) =    3.8  tol 0.000000
final transform:
 0.99952  -0.05589  -0.06849   11.54721;
 0.06171   1.04333   0.51328  -99.02943;
 0.03738  -0.45952   0.91616   60.60814;
 0.00000   0.00000   0.00000   1.00000;

writing output transformation to transforms/talairach.lta...
#VMPC# mri_em_register VmPeak  891288
FSRUNTIME@ mri_em_register  0.0478 hours 16 threads
registration took 2 minutes and 52 seconds.

Started at Fri Mar 6 07:39:44 CET 2026 
Ended   at Fri Mar 6 07:42:36 CET 2026
#@#%# recon-all-run-time-hours 0.048
recon-all -s sub-v1s10x0051024_ses-1 finished without error at Fri Mar  6 07:42:36 CET 2026



#New# invocation of recon-all 




Fri Mar  6 07:42:38 CET 2026
cd /out/sourcedata/freesurfer/sub-v1s10x0051024_ses-1
setenv SUBJECTS_DIR /out/sourcedata/freesurfer
/opt/freesurfer/bin/recon-all -autorecon2-volonly -openmp 16 -subjid sub-v1s10x0051024_ses-1 -sd /out/sourcedata/freesurfer -nogcareg

subjid sub-v1s10x0051024_ses-1
setenv SUBJECTS_DIR /out/sourcedata/freesurfer
FREESURFER_HOME /opt/freesurfer
Actual FREESURFER_HOME /opt/freesurfer
build-stamp.txt: freesurfer-linux-ubuntu22_x86_64-7.3.2-20220804-6354275
Linux dna052 5.14.0-427.37.1.el9_4.x86_64 #1 SMP PREEMPT_DYNAMIC Fri Sep 13 12:41:50 EDT 2024 x86_64 x86_64 x86_64 GNU/Linux
cputime      unlimited
filesize     unlimited
datasize     unlimited
stacksize    8192 kbytes
coredumpsize 0 kbytes
memoryuse    67108864 kbytes
vmemoryuse   unlimited
descriptors  1024 
memorylocked unlimited
maxproc      2061970 
maxlocks     unlimited
maxsignal    2061970 
maxmessage   819200 
maxnice      0 
maxrtprio    0 
maxrttime    unlimited

               total        used        free      shared  buff/cache   available
Mem:           503Gi        80Gi       127Gi        13Gi       296Gi       406Gi
Swap:             0B          0B          0B

########################################
program versions used
7.3.2 (freesurfer-linux-ubuntu22_x86_64-7.3.2-20220804-6354275)
7.3.2

ProgramName: lta_convert  ProgramArguments: lta_convert -all-info  ProgramVersion: 7.3.2  TimeStamp: 2026/03/06-06:42:38-GMT  BuildTime: Aug  4 2022 06:17:15  BuildStamp: freesurfer-linux-ubuntu22_x86_64-7.3.2-20220804-6354275  User: oesteban  Machine: dna052  Platform: Linux  PlatformVersion: 5.14.0-427.37.1.el9_4.x86_64  CompilerName: GCC  CompilerVersion: 8.4.0
ProgramName: mri_and  ProgramArguments: mri_and -all-info  ProgramVersion: 7.3.2  TimeStamp: 2026/03/06-06:42:38-GMT  BuildTime: Aug  4 2022 06:17:15  BuildStamp: freesurfer-linux-ubuntu22_x86_64-7.3.2-20220804-6354275  User: oesteban  Machine: dna052  Platform: Linux  PlatformVersion: 5.14.0-427.37.1.el9_4.x86_64  CompilerName: GCC  CompilerVersion: 8.4.0
ProgramName: mri_annotation2label  ProgramArguments: mri_annotation2label -all-info  ProgramVersion: 7.3.2  TimeStamp: 2026/03/06-06:42:38-GMT  BuildTime: Aug  4 2022 06:17:15  BuildStamp: freesurfer-linux-ubuntu22_x86_64-7.3.2-20220804-6354275  User: oesteban  Machine: dna052  Platform: Linux  PlatformVersion: 5.14.0-427.37.1.el9_4.x86_64  CompilerName: GCC  CompilerVersion: 8.4.0
ProgramName: mri_aparc2aseg  ProgramArguments: mri_aparc2aseg -all-info  ProgramVersion: 7.3.2  TimeStamp: 2026/03/06-06:42:38-GMT  BuildTime: Aug  4 2022 06:17:15  BuildStamp: freesurfer-linux-ubuntu22_x86_64-7.3.2-20220804-6354275  User: oesteban  Machine: dna052  Platform: Linux  PlatformVersion: 5.14.0-427.37.1.el9_4.x86_64  CompilerName: GCC  CompilerVersion: 8.4.0
ProgramName: mri_surf2volseg  ProgramArguments: mri_surf2volseg -all-info  ProgramVersion: 7.3.2  TimeStamp: 2026/03/06-06:42:38-GMT  BuildTime: Aug  4 2022 06:17:15  BuildStamp: freesurfer-linux-ubuntu22_x86_64-7.3.2-20220804-6354275  User: oesteban  Machine: dna052  Platform: Linux  PlatformVersion: 5.14.0-427.37.1.el9_4.x86_64  CompilerName: GCC  CompilerVersion: 8.4.0
ProgramName: mri_binarize  ProgramArguments: mri_binarize -all-info  ProgramVersion: 7.3.2  TimeStamp: 2026/03/06-06:42:38-GMT  BuildTime: Aug  4 2022 06:17:15  BuildStamp: freesurfer-linux-ubuntu22_x86_64-7.3.2-20220804-6354275  User: oesteban  Machine: dna052  Platform: Linux  PlatformVersion: 5.14.0-427.37.1.el9_4.x86_64  CompilerName: GCC  CompilerVersion: 8.4.0
ProgramName: mri_ca_label  ProgramArguments: mri_ca_label -all-info  ProgramVersion: 7.3.2  TimeStamp: 2026/03/06-06:42:38-GMT  BuildTime: Aug  4 2022 06:17:15  BuildStamp: freesurfer-linux-ubuntu22_x86_64-7.3.2-20220804-6354275  User: oesteban  Machine: dna052  Platform: Linux  PlatformVersion: 5.14.0-427.37.1.el9_4.x86_64  CompilerName: GCC  CompilerVersion: 8.4.0
ProgramName: mri_ca_normalize  ProgramArguments: mri_ca_normalize -all-info  ProgramVersion: 7.3.2  TimeStamp: 2026/03/06-06:42:38-GMT  BuildTime: Aug  4 2022 06:17:15  BuildStamp: freesurfer-linux-ubuntu22_x86_64-7.3.2-20220804-6354275  User: oesteban  Machine: dna052  Platform: Linux  PlatformVersion: 5.14.0-427.37.1.el9_4.x86_64  CompilerName: GCC  CompilerVersion: 8.4.0
ProgramName: mri_ca_register  ProgramArguments: mri_ca_register -all-info  ProgramVersion: 7.3.2  TimeStamp: 2026/03/06-06:42:38-GMT  BuildTime: Aug  4 2022 06:17:15  BuildStamp: freesurfer-linux-ubuntu22_x86_64-7.3.2-20220804-6354275  User: oesteban  Machine: dna052  Platform: Linux  PlatformVersion: 5.14.0-427.37.1.el9_4.x86_64  CompilerName: GCC  CompilerVersion: 8.4.0
ProgramName: mri_cc  ProgramArguments: mri_cc -all-info  ProgramVersion: 7.3.2  TimeStamp: 2026/03/06-06:42:38-GMT  BuildTime: Aug  4 2022 06:17:15  BuildStamp: freesurfer-linux-ubuntu22_x86_64-7.3.2-20220804-6354275  User: oesteban  Machine: dna052  Platform: Linux  PlatformVersion: 5.14.0-427.37.1.el9_4.x86_64  CompilerName: GCC  CompilerVersion: 8.4.0
ProgramName: mri_compute_overlap  ProgramArguments: mri_compute_overlap -all-info  ProgramVersion: 7.3.2  TimeStamp: 2026/03/06-06:42:38-GMT  BuildTime: Aug  4 2022 06:17:15  BuildStamp: freesurfer-linux-ubuntu22_x86_64-7.3.2-20220804-6354275  User: oesteban  Machine: dna052  Platform: Linux  PlatformVersion: 5.14.0-427.37.1.el9_4.x86_64  CompilerName: GCC  CompilerVersion: 8.4.0
ProgramName: mri_compute_seg_overlap  ProgramArguments: mri_compute_seg_overlap -all-info  ProgramVersion: 7.3.2  TimeStamp: 2026/03/06-06:42:38-GMT  BuildTime: Aug  4 2022 06:17:15  BuildStamp: freesurfer-linux-ubuntu22_x86_64-7.3.2-20220804-6354275  User: oesteban  Machine: dna052  Platform: Linux  PlatformVersion: 5.14.0-427.37.1.el9_4.x86_64  CompilerName: GCC  CompilerVersion: 8.4.0
ProgramName: mri_concat  ProgramArguments: mri_concat -all-info  ProgramVersion: 7.3.2  TimeStamp: 2026/03/06-06:42:38-GMT  BuildTime: Aug  4 2022 06:17:15  BuildStamp: freesurfer-linux-ubuntu22_x86_64-7.3.2-20220804-6354275  User: oesteban  Machine: dna052  Platform: Linux  PlatformVersion: 5.14.0-427.37.1.el9_4.x86_64  CompilerName: GCC  CompilerVersion: 8.4.0
ProgramName: mri_concatenate_lta  ProgramArguments: mri_concatenate_lta -all-info  ProgramVersion: 7.3.2  TimeStamp: 2026/03/06-06:42:38-GMT  BuildTime: Aug  4 2022 06:17:15  BuildStamp: freesurfer-linux-ubuntu22_x86_64-7.3.2-20220804-6354275  User: oesteban  Machine: dna052  Platform: Linux  PlatformVersion: 5.14.0-427.37.1.el9_4.x86_64  CompilerName: GCC  CompilerVersion: 8.4.0
mri_convert -all-info 
ProgramName: mri_convert  ProgramArguments: mri_convert -all-info  ProgramVersion: 7.3.2  TimeStamp: 2026/03/06-06:42:38-GMT  BuildTime: Aug  4 2022 06:17:15  BuildStamp: freesurfer-linux-ubuntu22_x86_64-7.3.2-20220804-6354275  User: oesteban  Machine: dna052  Platform: Linux  PlatformVersion: 5.14.0-427.37.1.el9_4.x86_64  CompilerName: GCC  CompilerVersion: 8.4.0
ProgramName: mri_diff  ProgramArguments: mri_diff -all-info  ProgramVersion: 7.3.2  TimeStamp: 2026/03/06-06:42:38-GMT  BuildTime: Aug  4 2022 06:17:15  BuildStamp: freesurfer-linux-ubuntu22_x86_64-7.3.2-20220804-6354275  User: oesteban  Machine: dna052  Platform: Linux  PlatformVersion: 5.14.0-427.37.1.el9_4.x86_64  CompilerName: GCC  CompilerVersion: 8.4.0
ProgramName: mri_edit_wm_with_aseg  ProgramArguments: mri_edit_wm_with_aseg -all-info  ProgramVersion: 7.3.2  TimeStamp: 2026/03/06-06:42:38-GMT  BuildTime: Aug  4 2022 06:17:15  BuildStamp: freesurfer-linux-ubuntu22_x86_64-7.3.2-20220804-6354275  User: oesteban  Machine: dna052  Platform: Linux  PlatformVersion: 5.14.0-427.37.1.el9_4.x86_64  CompilerName: GCC  CompilerVersion: 8.4.0
ProgramName: mri_em_register  ProgramArguments: mri_em_register -all-info  ProgramVersion: 7.3.2  TimeStamp: 2026/03/06-06:42:38-GMT  BuildTime: Aug  4 2022 06:17:15  BuildStamp: freesurfer-linux-ubuntu22_x86_64-7.3.2-20220804-6354275  User: oesteban  Machine: dna052  Platform: Linux  PlatformVersion: 5.14.0-427.37.1.el9_4.x86_64  CompilerName: GCC  CompilerVersion: 8.4.0
ProgramName: mri_fill  ProgramArguments: mri_fill -all-info  ProgramVersion: 7.3.2  TimeStamp: 2026/03/06-06:42:38-GMT  BuildTime: Aug  4 2022 06:17:15  BuildStamp: freesurfer-linux-ubuntu22_x86_64-7.3.2-20220804-6354275  User: oesteban  Machine: dna052  Platform: Linux  PlatformVersion: 5.14.0-427.37.1.el9_4.x86_64  CompilerName: GCC  CompilerVersion: 8.4.0
ProgramName: mri_fuse_segmentations  ProgramArguments: mri_fuse_segmentations -all-info  ProgramVersion: 7.3.2  TimeStamp: 2026/03/06-06:42:38-GMT  BuildTime: Aug  4 2022 06:17:15  BuildStamp: freesurfer-linux-ubuntu22_x86_64-7.3.2-20220804-6354275  User: oesteban  Machine: dna052  Platform: Linux  PlatformVersion: 5.14.0-427.37.1.el9_4.x86_64  CompilerName: GCC  CompilerVersion: 8.4.0
ProgramName: mri_fwhm  ProgramArguments: mri_fwhm -all-info  ProgramVersion: 7.3.2  TimeStamp: 2026/03/06-06:42:38-GMT  BuildTime: Aug  4 2022 06:17:15  BuildStamp: freesurfer-linux-ubuntu22_x86_64-7.3.2-20220804-6354275  User: oesteban  Machine: dna052  Platform: Linux  PlatformVersion: 5.14.0-427.37.1.el9_4.x86_64  CompilerName: GCC  CompilerVersion: 8.4.0
ProgramName: mri_gcut  ProgramArguments: mri_gcut -all-info  ProgramVersion: 7.3.2  TimeStamp: 2026/03/06-06:42:38-GMT  BuildTime: Aug  4 2022 06:17:15  BuildStamp: freesurfer-linux-ubuntu22_x86_64-7.3.2-20220804-6354275  User: oesteban  Machine: dna052  Platform: Linux  PlatformVersion: 5.14.0-427.37.1.el9_4.x86_64  CompilerName: GCC  CompilerVersion: 8.4.0
ProgramName: mri_info  ProgramArguments: mri_info -all-info  ProgramVersion: 7.3.2  TimeStamp: 2026/03/06-06:42:38-GMT  BuildTime: Aug  4 2022 06:17:15  BuildStamp: freesurfer-linux-ubuntu22_x86_64-7.3.2-20220804-6354275  User: oesteban  Machine: dna052  Platform: Linux  PlatformVersion: 5.14.0-427.37.1.el9_4.x86_64  CompilerName: GCC  CompilerVersion: 8.4.0
ProgramName: mri_label2label  ProgramArguments: mri_label2label -all-info  ProgramVersion: 7.3.2  TimeStamp: 2026/03/06-06:42:38-GMT  BuildTime: Aug  4 2022 06:17:15  BuildStamp: freesurfer-linux-ubuntu22_x86_64-7.3.2-20220804-6354275  User: oesteban  Machine: dna052  Platform: Linux  PlatformVersion: 5.14.0-427.37.1.el9_4.x86_64  CompilerName: GCC  CompilerVersion: 8.4.0
ProgramName: mri_label2vol  ProgramArguments: mri_label2vol -all-info  ProgramVersion: 7.3.2  TimeStamp: 2026/03/06-06:42:38-GMT  BuildTime: Aug  4 2022 06:17:15  BuildStamp: freesurfer-linux-ubuntu22_x86_64-7.3.2-20220804-6354275  User: oesteban  Machine: dna052  Platform: Linux  PlatformVersion: 5.14.0-427.37.1.el9_4.x86_64  CompilerName: GCC  CompilerVersion: 8.4.0
ProgramName: mri_log_likelihood  ProgramArguments: mri_log_likelihood -all-info  ProgramVersion: 7.3.2  TimeStamp: 2026/03/06-06:42:38-GMT  BuildTime: Aug  4 2022 06:17:15  BuildStamp: freesurfer-linux-ubuntu22_x86_64-7.3.2-20220804-6354275  User: oesteban  Machine: dna052  Platform: Linux  PlatformVersion: 5.14.0-427.37.1.el9_4.x86_64  CompilerName: GCC  CompilerVersion: 8.4.0
ProgramName: mri_mask  ProgramArguments: mri_mask -all-info  ProgramVersion: 7.3.2  TimeStamp: 2026/03/06-06:42:38-GMT  BuildTime: Aug  4 2022 06:17:15  BuildStamp: freesurfer-linux-ubuntu22_x86_64-7.3.2-20220804-6354275  User: oesteban  Machine: dna052  Platform: Linux  PlatformVersion: 5.14.0-427.37.1.el9_4.x86_64  CompilerName: GCC  CompilerVersion: 8.4.0
ProgramName: mri_matrix_multiply  ProgramArguments: mri_matrix_multiply -all-info  ProgramVersion: 7.3.2  TimeStamp: 2026/03/06-06:42:38-GMT  BuildTime: Aug  4 2022 06:17:15  BuildStamp: freesurfer-linux-ubuntu22_x86_64-7.3.2-20220804-6354275  User: oesteban  Machine: dna052  Platform: Linux  PlatformVersion: 5.14.0-427.37.1.el9_4.x86_64  CompilerName: GCC  CompilerVersion: 8.4.0
ProgramName: mri_normalize  ProgramArguments: mri_normalize -all-info  ProgramVersion: 7.3.2  TimeStamp: 2026/03/06-06:42:38-GMT  BuildTime: Aug  4 2022 06:17:15  BuildStamp: freesurfer-linux-ubuntu22_x86_64-7.3.2-20220804-6354275  User: oesteban  Machine: dna052  Platform: Linux  PlatformVersion: 5.14.0-427.37.1.el9_4.x86_64  CompilerName: GCC  CompilerVersion: 8.4.0
ProgramName: mri_normalize_tp2  ProgramArguments: mri_normalize_tp2 -all-info  ProgramVersion: 7.3.2  TimeStamp: 2026/03/06-06:42:38-GMT  BuildTime: Aug  4 2022 06:17:15  BuildStamp: freesurfer-linux-ubuntu22_x86_64-7.3.2-20220804-6354275  User: oesteban  Machine: dna052  Platform: Linux  PlatformVersion: 5.14.0-427.37.1.el9_4.x86_64  CompilerName: GCC  CompilerVersion: 8.4.0
ProgramName: mri_or  ProgramArguments: mri_or -all-info  ProgramVersion: 7.3.2  TimeStamp: 2026/03/06-06:42:38-GMT  BuildTime: Aug  4 2022 06:17:15  BuildStamp: freesurfer-linux-ubuntu22_x86_64-7.3.2-20220804-6354275  User: oesteban  Machine: dna052  Platform: Linux  PlatformVersion: 5.14.0-427.37.1.el9_4.x86_64  CompilerName: GCC  CompilerVersion: 8.4.0
ProgramName: mri_relabel_hypointensities  ProgramArguments: mri_relabel_hypointensities -all-info  ProgramVersion: 7.3.2  TimeStamp: 2026/03/06-06:42:38-GMT  BuildTime: Aug  4 2022 06:17:15  BuildStamp: freesurfer-linux-ubuntu22_x86_64-7.3.2-20220804-6354275  User: oesteban  Machine: dna052  Platform: Linux  PlatformVersion: 5.14.0-427.37.1.el9_4.x86_64  CompilerName: GCC  CompilerVersion: 8.4.0
ProgramName: mri_relabel_nonwm_hypos  ProgramArguments: mri_relabel_nonwm_hypos -all-info  ProgramVersion: 7.3.2  TimeStamp: 2026/03/06-06:42:38-GMT  BuildTime: Aug  4 2022 06:17:15  BuildStamp: freesurfer-linux-ubuntu22_x86_64-7.3.2-20220804-6354275  User: oesteban  Machine: dna052  Platform: Linux  PlatformVersion: 5.14.0-427.37.1.el9_4.x86_64  CompilerName: GCC  CompilerVersion: 8.4.0
ProgramName: mri_remove_neck  ProgramArguments: mri_remove_neck -all-info  ProgramVersion: 7.3.2  TimeStamp: 2026/03/06-06:42:38-GMT  BuildTime: Aug  4 2022 06:17:15  BuildStamp: freesurfer-linux-ubuntu22_x86_64-7.3.2-20220804-6354275  User: oesteban  Machine: dna052  Platform: Linux  PlatformVersion: 5.14.0-427.37.1.el9_4.x86_64  CompilerName: GCC  CompilerVersion: 8.4.0
7.3.2

ProgramName: mri_robust_register  ProgramArguments: mri_robust_register -all-info  ProgramVersion: 7.3.2  TimeStamp: 2026/03/06-06:42:38-GMT  BuildTime: Aug  4 2022 06:17:15  BuildStamp: freesurfer-linux-ubuntu22_x86_64-7.3.2-20220804-6354275  User: oesteban  Machine: dna052  Platform: Linux  PlatformVersion: 5.14.0-427.37.1.el9_4.x86_64  CompilerName: GCC  CompilerVersion: 8.4.0
7.3.2

ProgramName: mri_robust_template  ProgramArguments: mri_robust_template -all-info  ProgramVersion: 7.3.2  TimeStamp: 2026/03/06-06:42:38-GMT  BuildTime: Aug  4 2022 06:17:15  BuildStamp: freesurfer-linux-ubuntu22_x86_64-7.3.2-20220804-6354275  User: oesteban  Machine: dna052  Platform: Linux  PlatformVersion: 5.14.0-427.37.1.el9_4.x86_64  CompilerName: GCC  CompilerVersion: 8.4.0
ProgramName: mris_anatomical_stats  ProgramArguments: mris_anatomical_stats -all-info  ProgramVersion: 7.3.2  TimeStamp: 2026/03/06-06:42:38-GMT  BuildTime: Aug  4 2022 06:17:15  BuildStamp: freesurfer-linux-ubuntu22_x86_64-7.3.2-20220804-6354275  User: oesteban  Machine: dna052  Platform: Linux  PlatformVersion: 5.14.0-427.37.1.el9_4.x86_64  CompilerName: GCC  CompilerVersion: 8.4.0
ProgramName: mris_ca_label  ProgramArguments: mris_ca_label -all-info  ProgramVersion: 7.3.2  TimeStamp: 2026/03/06-06:42:38-GMT  BuildTime: Aug  4 2022 06:17:15  BuildStamp: freesurfer-linux-ubuntu22_x86_64-7.3.2-20220804-6354275  User: oesteban  Machine: dna052  Platform: Linux  PlatformVersion: 5.14.0-427.37.1.el9_4.x86_64  CompilerName: GCC  CompilerVersion: 8.4.0
ProgramName: mris_calc  ProgramArguments: mris_calc -all-info  ProgramVersion: 7.3.2  TimeStamp: 2026/03/06-06:42:38-GMT  BuildTime: Aug  4 2022 06:17:15  BuildStamp: freesurfer-linux-ubuntu22_x86_64-7.3.2-20220804-6354275  User: oesteban  Machine: dna052  Platform: Linux  PlatformVersion: 5.14.0-427.37.1.el9_4.x86_64  CompilerName: GCC  CompilerVersion: 8.4.0
ProgramName: mris_convert  ProgramArguments: mris_convert -all-info  ProgramVersion: 7.3.2  TimeStamp: 2026/03/06-06:42:38-GMT  BuildTime: Aug  4 2022 06:17:15  BuildStamp: freesurfer-linux-ubuntu22_x86_64-7.3.2-20220804-6354275  User: oesteban  Machine: dna052  Platform: Linux  PlatformVersion: 5.14.0-427.37.1.el9_4.x86_64  CompilerName: GCC  CompilerVersion: 8.4.0
ProgramName: mris_curvature  ProgramArguments: mris_curvature -all-info  ProgramVersion: 7.3.2  TimeStamp: 2026/03/06-06:42:38-GMT  BuildTime: Aug  4 2022 06:17:15  BuildStamp: freesurfer-linux-ubuntu22_x86_64-7.3.2-20220804-6354275  User: oesteban  Machine: dna052  Platform: Linux  PlatformVersion: 5.14.0-427.37.1.el9_4.x86_64  CompilerName: GCC  CompilerVersion: 8.4.0
ProgramName: mris_curvature_stats  ProgramArguments: mris_curvature_stats -all-info  ProgramVersion: 7.3.2  TimeStamp: 2026/03/06-06:42:38-GMT  BuildTime: Aug  4 2022 06:17:15  BuildStamp: freesurfer-linux-ubuntu22_x86_64-7.3.2-20220804-6354275  User: oesteban  Machine: dna052  Platform: Linux  PlatformVersion: 5.14.0-427.37.1.el9_4.x86_64  CompilerName: GCC  CompilerVersion: 8.4.0
ProgramName: mris_diff  ProgramArguments: mris_diff -all-info  ProgramVersion: 7.3.2  TimeStamp: 2026/03/06-06:42:38-GMT  BuildTime: Aug  4 2022 06:17:15  BuildStamp: freesurfer-linux-ubuntu22_x86_64-7.3.2-20220804-6354275  User: oesteban  Machine: dna052  Platform: Linux  PlatformVersion: 5.14.0-427.37.1.el9_4.x86_64  CompilerName: GCC  CompilerVersion: 8.4.0
ProgramName: mris_divide_parcellation  ProgramArguments: mris_divide_parcellation -all-info  ProgramVersion: 7.3.2  TimeStamp: 2026/03/06-06:42:38-GMT  BuildTime: Aug  4 2022 06:17:15  BuildStamp: freesurfer-linux-ubuntu22_x86_64-7.3.2-20220804-6354275  User: oesteban  Machine: dna052  Platform: Linux  PlatformVersion: 5.14.0-427.37.1.el9_4.x86_64  CompilerName: GCC  CompilerVersion: 8.4.0
ProgramName: mri_segment  ProgramArguments: mri_segment -all-info  ProgramVersion: 7.3.2  TimeStamp: 2026/03/06-06:42:38-GMT  BuildTime: Aug  4 2022 06:17:15  BuildStamp: freesurfer-linux-ubuntu22_x86_64-7.3.2-20220804-6354275  User: oesteban  Machine: dna052  Platform: Linux  PlatformVersion: 5.14.0-427.37.1.el9_4.x86_64  CompilerName: GCC  CompilerVersion: 8.4.0
ProgramName: mri_segstats  ProgramArguments: mri_segstats -all-info  ProgramVersion: 7.3.2  TimeStamp: 2026/03/06-06:42:38-GMT  BuildTime: Aug  4 2022 06:17:15  BuildStamp: freesurfer-linux-ubuntu22_x86_64-7.3.2-20220804-6354275  User: oesteban  Machine: dna052  Platform: Linux  PlatformVersion: 5.14.0-427.37.1.el9_4.x86_64  CompilerName: GCC  CompilerVersion: 8.4.0
ProgramName: mris_euler_number  ProgramArguments: mris_euler_number -all-info  ProgramVersion: 7.3.2  TimeStamp: 2026/03/06-06:42:38-GMT  BuildTime: Aug  4 2022 06:17:15  BuildStamp: freesurfer-linux-ubuntu22_x86_64-7.3.2-20220804-6354275  User: oesteban  Machine: dna052  Platform: Linux  PlatformVersion: 5.14.0-427.37.1.el9_4.x86_64  CompilerName: GCC  CompilerVersion: 8.4.0
ProgramName: mris_fix_topology  ProgramArguments: mris_fix_topology -all-info  ProgramVersion: 7.3.2  TimeStamp: 2026/03/06-06:42:38-GMT  BuildTime: Aug  4 2022 06:17:15  BuildStamp: freesurfer-linux-ubuntu22_x86_64-7.3.2-20220804-6354275  User: oesteban  Machine: dna052  Platform: Linux  PlatformVersion: 5.14.0-427.37.1.el9_4.x86_64  CompilerName: GCC  CompilerVersion: 8.4.0
ProgramName: mris_topo_fixer  ProgramArguments: mris_topo_fixer -all-info  ProgramVersion: 7.3.2  TimeStamp: 2026/03/06-06:42:38-GMT  BuildTime: Aug  4 2022 06:17:15  BuildStamp: freesurfer-linux-ubuntu22_x86_64-7.3.2-20220804-6354275  User: oesteban  Machine: dna052  Platform: Linux  PlatformVersion: 5.14.0-427.37.1.el9_4.x86_64  CompilerName: GCC  CompilerVersion: 8.4.0
ProgramName: mris_jacobian  ProgramArguments: mris_jacobian -all-info  ProgramVersion: 7.3.2  TimeStamp: 2026/03/06-06:42:38-GMT  BuildTime: Aug  4 2022 06:17:15  BuildStamp: freesurfer-linux-ubuntu22_x86_64-7.3.2-20220804-6354275  User: oesteban  Machine: dna052  Platform: Linux  PlatformVersion: 5.14.0-427.37.1.el9_4.x86_64  CompilerName: GCC  CompilerVersion: 8.4.0
ProgramName: mris_label2annot  ProgramArguments: mris_label2annot -all-info  ProgramVersion: 7.3.2  TimeStamp: 2026/03/06-06:42:38-GMT  BuildTime: Aug  4 2022 06:17:15  BuildStamp: freesurfer-linux-ubuntu22_x86_64-7.3.2-20220804-6354275  User: oesteban  Machine: dna052  Platform: Linux  PlatformVersion: 5.14.0-427.37.1.el9_4.x86_64  CompilerName: GCC  CompilerVersion: 8.4.0
ProgramName: mris_left_right_register  ProgramArguments: mris_left_right_register -all-info  ProgramVersion: 7.3.2  TimeStamp: 2026/03/06-06:42:38-GMT  BuildTime: Aug  4 2022 06:17:15  BuildStamp: freesurfer-linux-ubuntu22_x86_64-7.3.2-20220804-6354275  User: oesteban  Machine: dna052  Platform: Linux  PlatformVersion: 5.14.0-427.37.1.el9_4.x86_64  CompilerName: GCC  CompilerVersion: 8.4.0
ProgramName: mris_place_surface  ProgramArguments: mris_place_surface -all-info  ProgramVersion: 7.3.2  TimeStamp: 2026/03/06-06:42:38-GMT  BuildTime: Aug  4 2022 06:17:15  BuildStamp: freesurfer-linux-ubuntu22_x86_64-7.3.2-20220804-6354275  User: oesteban  Machine: dna052  Platform: Linux  PlatformVersion: 5.14.0-427.37.1.el9_4.x86_64  CompilerName: GCC  CompilerVersion: 8.4.0
ProgramName: mrisp_paint  ProgramArguments: mrisp_paint -all-info  ProgramVersion: 7.3.2  TimeStamp: 2026/03/06-06:42:38-GMT  BuildTime: Aug  4 2022 06:17:15  BuildStamp: freesurfer-linux-ubuntu22_x86_64-7.3.2-20220804-6354275  User: oesteban  Machine: dna052  Platform: Linux  PlatformVersion: 5.14.0-427.37.1.el9_4.x86_64  CompilerName: GCC  CompilerVersion: 8.4.0
ProgramName: mris_register  ProgramArguments: mris_register -all-info  ProgramVersion: 7.3.2  TimeStamp: 2026/03/06-06:42:38-GMT  BuildTime: Aug  4 2022 06:17:15  BuildStamp: freesurfer-linux-ubuntu22_x86_64-7.3.2-20220804-6354275  User: oesteban  Machine: dna052  Platform: Linux  PlatformVersion: 5.14.0-427.37.1.el9_4.x86_64  CompilerName: GCC  CompilerVersion: 8.4.0
ProgramName: mris_smooth  ProgramArguments: mris_smooth -all-info  ProgramVersion: 7.3.2  TimeStamp: 2026/03/06-06:42:38-GMT  BuildTime: Aug  4 2022 06:17:15  BuildStamp: freesurfer-linux-ubuntu22_x86_64-7.3.2-20220804-6354275  User: oesteban  Machine: dna052  Platform: Linux  PlatformVersion: 5.14.0-427.37.1.el9_4.x86_64  CompilerName: GCC  CompilerVersion: 8.4.0
ProgramName: mris_sphere  ProgramArguments: mris_sphere -all-info  ProgramVersion: 7.3.2  TimeStamp: 2026/03/06-06:42:38-GMT  BuildTime: Aug  4 2022 06:17:15  BuildStamp: freesurfer-linux-ubuntu22_x86_64-7.3.2-20220804-6354275  User: oesteban  Machine: dna052  Platform: Linux  PlatformVersion: 5.14.0-427.37.1.el9_4.x86_64  CompilerName: GCC  CompilerVersion: 8.4.0
ProgramName: mris_surface_stats  ProgramArguments: mris_surface_stats -all-info  ProgramVersion: 7.3.2  TimeStamp: 2026/03/06-06:42:38-GMT  BuildTime: Aug  4 2022 06:17:15  BuildStamp: freesurfer-linux-ubuntu22_x86_64-7.3.2-20220804-6354275  User: oesteban  Machine: dna052  Platform: Linux  PlatformVersion: 5.14.0-427.37.1.el9_4.x86_64  CompilerName: GCC  CompilerVersion: 8.4.0
ProgramName: mri_stats2seg  ProgramArguments: mri_stats2seg -all-info  ProgramVersion: 7.3.2  TimeStamp: 2026/03/06-06:42:38-GMT  BuildTime: Aug  4 2022 06:17:15  BuildStamp: freesurfer-linux-ubuntu22_x86_64-7.3.2-20220804-6354275  User: oesteban  Machine: dna052  Platform: Linux  PlatformVersion: 5.14.0-427.37.1.el9_4.x86_64  CompilerName: GCC  CompilerVersion: 8.4.0
ProgramName: mris_thickness  ProgramArguments: mris_thickness -all-info  ProgramVersion: 7.3.2  TimeStamp: 2026/03/06-06:42:38-GMT  BuildTime: Aug  4 2022 06:17:15  BuildStamp: freesurfer-linux-ubuntu22_x86_64-7.3.2-20220804-6354275  User: oesteban  Machine: dna052  Platform: Linux  PlatformVersion: 5.14.0-427.37.1.el9_4.x86_64  CompilerName: GCC  CompilerVersion: 8.4.0
ProgramName: mris_thickness_diff  ProgramArguments: mris_thickness_diff -all-info  ProgramVersion: 7.3.2  TimeStamp: 2026/03/06-06:42:38-GMT  BuildTime: Aug  4 2022 06:17:15  BuildStamp: freesurfer-linux-ubuntu22_x86_64-7.3.2-20220804-6354275  User: oesteban  Machine: dna052  Platform: Linux  PlatformVersion: 5.14.0-427.37.1.el9_4.x86_64  CompilerName: GCC  CompilerVersion: 8.4.0
ProgramName: mris_topo_fixer  ProgramArguments: mris_topo_fixer -all-info  ProgramVersion: 7.3.2  TimeStamp: 2026/03/06-06:42:38-GMT  BuildTime: Aug  4 2022 06:17:15  BuildStamp: freesurfer-linux-ubuntu22_x86_64-7.3.2-20220804-6354275  User: oesteban  Machine: dna052  Platform: Linux  PlatformVersion: 5.14.0-427.37.1.el9_4.x86_64  CompilerName: GCC  CompilerVersion: 8.4.0
ProgramName: mri_surf2surf  ProgramArguments: mri_surf2surf -all-info  ProgramVersion: 7.3.2  TimeStamp: 2026/03/06-06:42:38-GMT  BuildTime: Aug  4 2022 06:17:15  BuildStamp: freesurfer-linux-ubuntu22_x86_64-7.3.2-20220804-6354275  User: oesteban  Machine: dna052  Platform: Linux  PlatformVersion: 5.14.0-427.37.1.el9_4.x86_64  CompilerName: GCC  CompilerVersion: 8.4.0
ProgramName: mri_surf2vol  ProgramArguments: mri_surf2vol -all-info  ProgramVersion: 7.3.2  TimeStamp: 2026/03/06-06:42:38-GMT  BuildTime: Aug  4 2022 06:17:15  BuildStamp: freesurfer-linux-ubuntu22_x86_64-7.3.2-20220804-6354275  User: oesteban  Machine: dna052  Platform: Linux  PlatformVersion: 5.14.0-427.37.1.el9_4.x86_64  CompilerName: GCC  CompilerVersion: 8.4.0
ProgramName: mri_surfcluster  ProgramArguments: mri_surfcluster -all-info  ProgramVersion: 7.3.2  TimeStamp: 2026/03/06-06:42:38-GMT  BuildTime: Aug  4 2022 06:17:15  BuildStamp: freesurfer-linux-ubuntu22_x86_64-7.3.2-20220804-6354275  User: oesteban  Machine: dna052  Platform: Linux  PlatformVersion: 5.14.0-427.37.1.el9_4.x86_64  CompilerName: GCC  CompilerVersion: 8.4.0
ProgramName: mris_volmask  ProgramArguments: mris_volmask -all-info  ProgramVersion: 7.3.2  TimeStamp: 2026/03/06-06:42:38-GMT  BuildTime: Aug  4 2022 06:17:15  BuildStamp: freesurfer-linux-ubuntu22_x86_64-7.3.2-20220804-6354275  User: oesteban  Machine: dna052  Platform: Linux  PlatformVersion: 5.14.0-427.37.1.el9_4.x86_64  CompilerName: GCC  CompilerVersion: 8.4.0
ProgramName: mri_tessellate  ProgramArguments: mri_tessellate -all-info  ProgramVersion: 7.3.2  TimeStamp: 2026/03/06-06:42:38-GMT  BuildTime: Aug  4 2022 06:17:15  BuildStamp: freesurfer-linux-ubuntu22_x86_64-7.3.2-20220804-6354275  User: oesteban  Machine: dna052  Platform: Linux  PlatformVersion: 5.14.0-427.37.1.el9_4.x86_64  CompilerName: GCC  CompilerVersion: 8.4.0
ProgramName: mri_vol2surf  ProgramArguments: mri_vol2surf -all-info  ProgramVersion: 7.3.2  TimeStamp: 2026/03/06-06:42:38-GMT  BuildTime: Aug  4 2022 06:17:15  BuildStamp: freesurfer-linux-ubuntu22_x86_64-7.3.2-20220804-6354275  User: oesteban  Machine: dna052  Platform: Linux  PlatformVersion: 5.14.0-427.37.1.el9_4.x86_64  CompilerName: GCC  CompilerVersion: 8.4.0
ProgramName: mri_vol2vol  ProgramArguments: mri_vol2vol -all-info  ProgramVersion: 7.3.2  TimeStamp: 2026/03/06-06:42:38-GMT  BuildTime: Aug  4 2022 06:17:15  BuildStamp: freesurfer-linux-ubuntu22_x86_64-7.3.2-20220804-6354275  User: oesteban  Machine: dna052  Platform: Linux  PlatformVersion: 5.14.0-427.37.1.el9_4.x86_64  CompilerName: GCC  CompilerVersion: 8.4.0
ProgramName: mri_voldiff  ProgramArguments: mri_voldiff -all-info  ProgramVersion: 7.3.2  TimeStamp: 2026/03/06-06:42:38-GMT  BuildTime: Aug  4 2022 06:17:15  BuildStamp: freesurfer-linux-ubuntu22_x86_64-7.3.2-20220804-6354275  User: oesteban  Machine: dna052  Platform: Linux  PlatformVersion: 5.14.0-427.37.1.el9_4.x86_64  CompilerName: GCC  CompilerVersion: 8.4.0
ProgramName: mri_watershed  ProgramArguments: mri_watershed -all-info  ProgramVersion: 7.3.2  TimeStamp: 2026/03/06-06:42:38-GMT  BuildTime: Aug  4 2022 06:17:15  BuildStamp: freesurfer-linux-ubuntu22_x86_64-7.3.2-20220804-6354275  User: oesteban  Machine: dna052  Platform: Linux  PlatformVersion: 5.14.0-427.37.1.el9_4.x86_64  CompilerName: GCC  CompilerVersion: 8.4.0
ProgramName: tkregister2  ProgramArguments: tkregister2_cmdl -all-info  ProgramVersion: 7.3.2  TimeStamp: 2026/03/06-06:42:38-GMT  BuildTime: Aug  4 2022 06:17:15  BuildStamp: freesurfer-linux-ubuntu22_x86_64-7.3.2-20220804-6354275  User: oesteban  Machine: dna052  Platform: Linux  PlatformVersion: 5.14.0-427.37.1.el9_4.x86_64  CompilerName: GCC  CompilerVersion: 8.4.0
mri_motion_correct.fsl 7.3.2
mri_convert -all-info 
ProgramName: mri_convert  ProgramArguments: mri_convert -all-info  ProgramVersion: 7.3.2  TimeStamp: 2026/03/06-06:42:38-GMT  BuildTime: Aug  4 2022 06:17:15  BuildStamp: freesurfer-linux-ubuntu22_x86_64-7.3.2-20220804-6354275  User: oesteban  Machine: dna052  Platform: Linux  PlatformVersion: 5.14.0-427.37.1.el9_4.x86_64  CompilerName: GCC  CompilerVersion: 8.4.0
Program nu_correct, built from:
Package MNI N3, version 1.12.0, compiled by nicks@terrier (x86_64-unknown-linux-gnu) on 2015-06-19 at 01:25:34
#######################################
GCADIR /opt/freesurfer/average
GCA RB_all_2020-01-02.gca
GCASkull RB_all_withskull_2020_01_02.gca
AvgCurvTif folding.atlas.acfb40.noaparc.i12.2016-08-02.tif
GCSDIR /opt/freesurfer/average
GCS DKaparc.atlas.acfb40.noaparc.i12.2016-08-02.gcs
#######################################
#--------------------------------------
#@# CA Normalize Fri Mar  6 07:42:38 CET 2026
/out/sourcedata/freesurfer/sub-v1s10x0051024_ses-1/mri

 mri_ca_normalize -c ctrl_pts.mgz -mask brainmask.mgz nu.mgz /opt/freesurfer/average/RB_all_2020-01-02.gca transforms/talairach.lta norm.mgz 

writing control point volume to ctrl_pts.mgz
using MR volume brainmask.mgz to mask input volume...
reading 1 input volume
reading atlas from '/opt/freesurfer/average/RB_all_2020-01-02.gca'...
reading transform from 'transforms/talairach.lta'...
reading input volume from nu.mgz...
resetting wm mean[0]: 98 --> 107
resetting gm mean[0]: 61 --> 61
input volume #1 is the most T1-like
using real data threshold=24.0
skull bounding box = (64, 85, 48) --> (196, 212, 198)
finding center of left hemi white matter
using (108, 127, 123) as brain centroid of Right_Cerebral_White_Matter...
mean wm in atlas = 107, using box (92,111,105) --> (124, 142,141) to find MRI wm
before smoothing, mri peak at 108
robust fit to distribution - 108 +- 4.1
after smoothing, mri peak at 108, scaling input intensities by 0.991
scaling channel 0 by 0.990741
using 246437 sample points...
INFO: compute sample coordinates transform
 0.99952  -0.05589  -0.06849   11.54721;
 0.06171   1.04333   0.51328  -99.02943;
 0.03738  -0.45952   0.91616   60.60814;
 0.00000   0.00000   0.00000   1.00000;
INFO: transform used
finding control points in Left_Cerebral_White_Matter....
found 40230 control points for structure...
bounding box (128, 84, 45) --> (198, 200, 200)
Left_Cerebral_White_Matter: limiting intensities to 88.0 --> 132.0
21 of 9116 (0.2%) samples deleted
finding control points in Right_Cerebral_White_Matter....
found 39478 control points for structure...
bounding box (65, 85, 48) --> (133, 194, 201)
Right_Cerebral_White_Matter: limiting intensities to 89.0 --> 132.0
15 of 8937 (0.2%) samples deleted
finding control points in Left_Cerebellum_White_Matter....
found 3105 control points for structure...
bounding box (133, 168, 80) --> (183, 209, 131)
Left_Cerebellum_White_Matter: limiting intensities to 88.0 --> 132.0
68 of 68 (100.0%) samples deleted
finding control points in Right_Cerebellum_White_Matter....
found 2710 control points for structure...
bounding box (89, 168, 79) --> (132, 209, 133)
Right_Cerebellum_White_Matter: limiting intensities to 88.0 --> 132.0
53 of 53 (100.0%) samples deleted
finding control points in Brain_Stem....
found 3475 control points for structure...
bounding box (116, 154, 109) --> (152, 212, 141)
Brain_Stem: limiting intensities to 88.0 --> 132.0
142 of 337 (42.1%) samples deleted
using 18511 total control points for intensity normalization...
bias field = 0.995 +- 0.035
83 of 18212 control points discarded
finding control points in Left_Cerebral_White_Matter....
found 40230 control points for structure...
bounding box (128, 84, 45) --> (198, 200, 200)
Left_Cerebral_White_Matter: limiting intensities to 88.0 --> 132.0
18 of 9239 (0.2%) samples deleted
finding control points in Right_Cerebral_White_Matter....
found 39478 control points for structure...
bounding box (65, 85, 48) --> (133, 194, 201)
Right_Cerebral_White_Matter: limiting intensities to 90.0 --> 132.0
18 of 9018 (0.2%) samples deleted
finding control points in Left_Cerebellum_White_Matter....
found 3105 control points for structure...
bounding box (133, 168, 80) --> (183, 209, 131)
Left_Cerebellum_White_Matter: limiting intensities to 88.0 --> 132.0
67 of 67 (100.0%) samples deleted
finding control points in Right_Cerebellum_White_Matter....
found 2710 control points for structure...
bounding box (89, 168, 79) --> (132, 209, 133)
Right_Cerebellum_White_Matter: limiting intensities to 88.0 --> 132.0
67 of 67 (100.0%) samples deleted
finding control points in Brain_Stem....
found 3475 control points for structure...
bounding box (116, 154, 109) --> (152, 212, 141)
Brain_Stem: limiting intensities to 88.0 --> 132.0
204 of 383 (53.3%) samples deleted
using 18774 total control points for intensity normalization...
bias field = 1.003 +- 0.034
56 of 18345 control points discarded
finding control points in Left_Cerebral_White_Matter....
found 40230 control points for structure...
bounding box (128, 84, 45) --> (198, 200, 200)
Left_Cerebral_White_Matter: limiting intensities to 88.0 --> 132.0
75 of 9438 (0.8%) samples deleted
finding control points in Right_Cerebral_White_Matter....
found 39478 control points for structure...
bounding box (65, 85, 48) --> (133, 194, 201)
Right_Cerebral_White_Matter: limiting intensities to 88.0 --> 132.0
38 of 9165 (0.4%) samples deleted
finding control points in Left_Cerebellum_White_Matter....
found 3105 control points for structure...
bounding box (133, 168, 80) --> (183, 209, 131)
Left_Cerebellum_White_Matter: limiting intensities to 88.0 --> 132.0
63 of 63 (100.0%) samples deleted
finding control points in Right_Cerebellum_White_Matter....
found 2710 control points for structure...
bounding box (89, 168, 79) --> (132, 209, 133)
Right_Cerebellum_White_Matter: limiting intensities to 88.0 --> 132.0
66 of 66 (100.0%) samples deleted
finding control points in Brain_Stem....
found 3475 control points for structure...
bounding box (116, 154, 109) --> (152, 212, 141)
Brain_Stem: limiting intensities to 88.0 --> 132.0
231 of 400 (57.8%) samples deleted
using 19132 total control points for intensity normalization...
bias field = 1.003 +- 0.037
96 of 18521 control points discarded
writing normalized volume to norm.mgz...
writing control points to ctrl_pts.mgz
freeing GCA...done.
normalization took 1 minutes and 21 seconds.
#--------------------------------------
#@# CA Reg Fri Mar  6 07:43:59 CET 2026
/out/sourcedata/freesurfer/sub-v1s10x0051024_ses-1/mri

 mri_ca_register -nobigventricles -T transforms/talairach.lta -align-after -mask brainmask.mgz norm.mgz /opt/freesurfer/average/RB_all_2020-01-02.gca transforms/talairach.m3z 

not handling expanded ventricles...
using previously computed transform transforms/talairach.lta
renormalizing sequences with structure alignment, equivalent to:
	-renormalize
	-regularize_mean 0.500
	-regularize 0.500
using MR volume brainmask.mgz to mask input volume...

== Number of threads available to mri_ca_register for OpenMP = 16 == 
reading 1 input volumes...
logging results to talairach.log
reading input volume 'norm.mgz'...
reading GCA '/opt/freesurfer/average/RB_all_2020-01-02.gca'...
label assignment complete, 0 changed (0.00%)
freeing gibbs priors...done.
average std[0] = 5.0
Starting GCAMregister()
label assignment complete, 0 changed (0.00%)
npasses = 1, nlevels = 6
#pass# 1 of 1 ************************
enabling zero nodes
setting smoothness cost coefficient to 0.156

#GCAMreg# pass 0 level1 5 level2 0 tsec 0 sigma 2
l_jacobian=1.00 l_label=1.00 l_log_likelihood=0.20 l_smoothness=0.16 
tol=2.50e-01, dt=5.00e-02, exp_k=20.0, momentum=0.90, levels=6, niter=500, lbl_dist=10.00, avgs=256, sigma=2.0,type=2, relabel=0, neg=no

blurring input image with Gaussian with sigma=2.000...
GCAMRegisterLevel(): init RMS 0.851142
#FOTS# QuadFit found better minimum quadopt=(dt=224.447,rms=0.760608) vs oldopt=(dt=92.48,rms=0.791166)
#GCMRL#    0 dt 224.447106 rms  0.761 10.637% neg 0  invalid 762 tFOTS 4.3280 tGradient 3.5020 tsec 8.1480
#FOTS# QuadFit found better minimum quadopt=(dt=172.223,rms=0.734899) vs oldopt=(dt=92.48,rms=0.740628)
#GCMRL#    1 dt 172.223176 rms  0.735  3.380% neg 0  invalid 762 tFOTS 4.2910 tGradient 3.7620 tsec 8.4240
#FOTS# QuadFit found better minimum quadopt=(dt=187.007,rms=0.724377) vs oldopt=(dt=92.48,rms=0.727563)
#GCMRL#    2 dt 187.007092 rms  0.724  1.432% neg 0  invalid 762 tFOTS 4.3500 tGradient 3.4330 tsec 8.1340
#FOTS# QuadFit found better minimum quadopt=(dt=221.952,rms=0.718712) vs oldopt=(dt=369.92,rms=0.720519)
#GCMRL#    3 dt 221.952000 rms  0.719  0.782% neg 0  invalid 762 tFOTS 4.3890 tGradient 3.9250 tsec 8.6820
#FOTS# QuadFit found better minimum quadopt=(dt=221.952,rms=0.714103) vs oldopt=(dt=369.92,rms=0.715298)
#GCMRL#    4 dt 221.952000 rms  0.714  0.641% neg 0  invalid 762 tFOTS 4.3570 tGradient 3.5110 tsec 8.1970
#FOTS# QuadFit found better minimum quadopt=(dt=129.472,rms=0.711692) vs oldopt=(dt=92.48,rms=0.712107)
#GCMRL#    5 dt 129.472000 rms  0.712  0.338% neg 0  invalid 762 tFOTS 4.5130 tGradient 3.4860 tsec 8.3580
#FOTS# QuadFit found better minimum quadopt=(dt=1183.74,rms=0.702625) vs oldopt=(dt=1479.68,rms=0.703563)
#GCMRL#    6 dt 1183.744000 rms  0.703  1.274% neg 0  invalid 762 tFOTS 4.4070 tGradient 3.4980 tsec 8.2590
#FOTS# QuadFit found better minimum quadopt=(dt=110.976,rms=0.699682) vs oldopt=(dt=92.48,rms=0.699722)
#GCMRL#    7 dt 110.976000 rms  0.700  0.419% neg 0  invalid 762 tFOTS 4.7640 tGradient 3.5880 tsec 8.6930
#FOTS# QuadFit found better minimum quadopt=(dt=1183.74,rms=0.694733) vs oldopt=(dt=1479.68,rms=0.694898)
#GCMRL#    8 dt 1183.744000 rms  0.695  0.707% neg 0  invalid 762 tFOTS 5.4600 tGradient 3.4320 tsec 9.2850
#GCMRL#    9 dt  92.480000 rms  0.694  0.000% neg 0  invalid 762 tFOTS 5.0150 tGradient 3.8350 tsec 9.2700
#GCMRL#   10 dt  92.480000 rms  0.694  0.035% neg 0  invalid 762 tFOTS 0.0000 tGradient 3.8020 tsec 4.1250
#GCMRL#   11 dt  92.480000 rms  0.694  0.046% neg 0  invalid 762 tFOTS 0.0000 tGradient 3.0820 tsec 3.3910
#GCMRL#   12 dt  92.480000 rms  0.693  0.040% neg 0  invalid 762 tFOTS 0.0000 tGradient 3.0390 tsec 3.3410
#GCMRL#   13 dt  92.480000 rms  0.693  0.054% neg 0  invalid 762 tFOTS 0.0000 tGradient 2.9300 tsec 3.2290
#GCMRL#   14 dt  92.480000 rms  0.692  0.089% neg 0  invalid 762 tFOTS 0.0000 tGradient 2.8860 tsec 3.1840
#GCMRL#   15 dt  92.480000 rms  0.691  0.136% neg 0  invalid 762 tFOTS 0.0000 tGradient 3.1480 tsec 3.4490
#GCMRL#   16 dt  92.480000 rms  0.690  0.163% neg 0  invalid 762 tFOTS 0.0000 tGradient 3.0280 tsec 3.3370
#GCMRL#   17 dt  92.480000 rms  0.689  0.176% neg 0  invalid 762 tFOTS 0.0000 tGradient 3.0370 tsec 3.3450
#GCMRL#   18 dt  92.480000 rms  0.688  0.173% neg 0  invalid 762 tFOTS 0.0000 tGradient 3.1850 tsec 3.6070
#GCMRL#   19 dt  92.480000 rms  0.687  0.156% neg 0  invalid 762 tFOTS 0.0000 tGradient 3.2780 tsec 3.6080
#GCMRL#   20 dt  92.480000 rms  0.686  0.121% neg 0  invalid 762 tFOTS 0.0000 tGradient 3.2540 tsec 3.5900
#GCMRL#   21 dt  92.480000 rms  0.685  0.096% neg 0  invalid 762 tFOTS 0.0000 tGradient 3.2220 tsec 3.5950
#GCMRL#   22 dt  92.480000 rms  0.685  0.000% neg 0  invalid 762 tFOTS 4.8900 tGradient 3.2620 tsec 8.5240
#GCMRL#   23 dt  92.480000 rms  0.685  0.004% neg 0  invalid 762 tFOTS 0.0000 tGradient 3.3720 tsec 3.6800
#GCMRL#   24 dt  92.480000 rms  0.685  0.008% neg 0  invalid 762 tFOTS 0.0000 tGradient 2.9410 tsec 3.2390
#GCMRL#   25 dt  92.480000 rms  0.685  0.007% neg 0  invalid 762 tFOTS 0.0000 tGradient 2.9570 tsec 3.2600

#GCAMreg# pass 0 level1 5 level2 1 tsec 159.309 sigma 0.5
l_jacobian=1.00 l_label=1.00 l_log_likelihood=0.20 l_smoothness=0.16 
tol=2.50e-01, dt=5.00e-02, exp_k=20.0, momentum=0.90, levels=6, niter=500, lbl_dist=10.00, avgs=256, sigma=0.5,type=2, relabel=0, neg=no

blurring input image with Gaussian with sigma=0.500...
GCAMRegisterLevel(): init RMS 0.686006
#GCMRL#   27 dt 369.920000 rms  0.684  0.250% neg 0  invalid 762 tFOTS 4.4370 tGradient 3.0000 tsec 7.7750
#FOTS# QuadFit found better minimum quadopt=(dt=517.888,rms=0.682986) vs oldopt=(dt=369.92,rms=0.683053)
#GCMRL#   28 dt 517.888000 rms  0.683  0.000% neg 0  invalid 762 tFOTS 4.3120 tGradient 2.9970 tsec 7.6690
setting smoothness cost coefficient to 0.615

#GCAMreg# pass 0 level1 4 level2 0 tsec 0 sigma 2
l_jacobian=1.00 l_label=1.00 l_log_likelihood=0.20 l_smoothness=0.62 
tol=2.50e-01, dt=5.00e-02, exp_k=20.0, momentum=0.90, levels=6, niter=500, lbl_dist=10.00, avgs=64, sigma=2.0,type=2, relabel=0, neg=no

blurring input image with Gaussian with sigma=2.000...
GCAMRegisterLevel(): init RMS 0.701878
#FOTS# QuadFit found better minimum quadopt=(dt=92.1246,rms=0.696397) vs oldopt=(dt=103.68,rms=0.69648)
#GCMRL#   30 dt  92.124567 rms  0.696  0.781% neg 0  invalid 762 tFOTS 4.6990 tGradient 2.6250 tsec 7.6770
#FOTS# QuadFit found better minimum quadopt=(dt=279.011,rms=0.683698) vs oldopt=(dt=414.72,rms=0.686413)
#GCMRL#   31 dt 279.011236 rms  0.684  1.824% neg 0  invalid 762 tFOTS 4.6110 tGradient 2.6970 tsec 7.6510
#FOTS# QuadFit found better minimum quadopt=(dt=44.2828,rms=0.680812) vs oldopt=(dt=25.92,rms=0.681179)
#GCMRL#   32 dt  44.282828 rms  0.681  0.422% neg 0  invalid 762 tFOTS 4.5060 tGradient 2.8030 tsec 7.6490
#FOTS# QuadFit found better minimum quadopt=(dt=124.416,rms=0.680049) vs oldopt=(dt=103.68,rms=0.680072)
#GCMRL#   33 dt 124.416000 rms  0.680  0.000% neg 0  invalid 762 tFOTS 4.9150 tGradient 2.5570 tsec 7.8630
#GCMRL#   34 dt 124.416000 rms  0.677  0.434% neg 0  invalid 762 tFOTS 0.0000 tGradient 2.7640 tsec 3.1300
#GCMRL#   35 dt 124.416000 rms  0.675  0.372% neg 0  invalid 762 tFOTS 0.0000 tGradient 2.7670 tsec 3.1560
#GCMRL#   36 dt 124.416000 rms  0.673  0.237% neg 0  invalid 762 tFOTS 0.0000 tGradient 2.7900 tsec 3.1350
#GCMRL#   37 dt 124.416000 rms  0.669  0.534% neg 0  invalid 762 tFOTS 0.0000 tGradient 2.2500 tsec 2.5600
#GCMRL#   38 dt 124.416000 rms  0.666  0.465% neg 0  invalid 762 tFOTS 0.0000 tGradient 2.2320 tsec 2.5520
#GCMRL#   39 dt 124.416000 rms  0.665  0.209% neg 0  invalid 762 tFOTS 0.0000 tGradient 2.5270 tsec 2.8350
#GCMRL#   40 dt 124.416000 rms  0.663  0.224% neg 0  invalid 762 tFOTS 0.0000 tGradient 2.3270 tsec 2.6420
#GCMRL#   41 dt 124.416000 rms  0.662  0.220% neg 0  invalid 762 tFOTS 0.0000 tGradient 2.3310 tsec 2.6440
#GCMRL#   42 dt 124.416000 rms  0.661  0.082% neg 0  invalid 762 tFOTS 0.0000 tGradient 2.3110 tsec 2.6230
#GCMRL#   43 dt 124.416000 rms  0.661  0.120% neg 0  invalid 762 tFOTS 0.0000 tGradient 2.3390 tsec 2.6460
#GCMRL#   44 dt 124.416000 rms  0.660  0.055% neg 0  invalid 762 tFOTS 0.0000 tGradient 2.4220 tsec 2.7550
#FOTS# QuadFit found better minimum quadopt=(dt=36.288,rms=0.660131) vs oldopt=(dt=25.92,rms=0.66015)
#GCMRL#   45 dt  36.288000 rms  0.660  0.000% neg 0  invalid 762 tFOTS 4.4660 tGradient 2.3460 tsec 7.1570
#GCMRL#   46 dt  36.288000 rms  0.660  0.004% neg 0  invalid 762 tFOTS 0.0000 tGradient 2.2540 tsec 2.5620

#GCAMreg# pass 0 level1 4 level2 1 tsec 84.048 sigma 0.5
l_jacobian=1.00 l_label=1.00 l_log_likelihood=0.20 l_smoothness=0.62 
tol=2.50e-01, dt=5.00e-02, exp_k=20.0, momentum=0.90, levels=6, niter=500, lbl_dist=10.00, avgs=64, sigma=0.5,type=2, relabel=0, neg=no

blurring input image with Gaussian with sigma=0.500...
GCAMRegisterLevel(): init RMS 0.660769
#GCMRL#   48 dt   0.000000 rms  0.660  0.100% neg 0  invalid 762 tFOTS 4.0980 tGradient 2.3230 tsec 6.7550
setting smoothness cost coefficient to 2.353

#GCAMreg# pass 0 level1 3 level2 0 tsec 0 sigma 2
l_jacobian=1.00 l_label=1.00 l_log_likelihood=0.20 l_smoothness=2.35 
tol=2.50e-01, dt=5.00e-02, exp_k=20.0, momentum=0.90, levels=6, niter=500, lbl_dist=10.00, avgs=16, sigma=2.0,type=2, relabel=0, neg=no

blurring input image with Gaussian with sigma=2.000...
GCAMRegisterLevel(): init RMS 0.716303
#FOTS# QuadFit found better minimum quadopt=(dt=5.72549,rms=0.713267) vs oldopt=(dt=8,rms=0.713725)
#GCMRL#   50 dt   5.725490 rms  0.713  0.424% neg 0  invalid 762 tFOTS 4.1580 tGradient 1.8380 tsec 6.3340
#GCMRL#   51 dt   2.000000 rms  0.713  0.000% neg 0  invalid 762 tFOTS 4.2090 tGradient 1.8190 tsec 6.3860

#GCAMreg# pass 0 level1 3 level2 1 tsec 24.908 sigma 0.5
l_jacobian=1.00 l_label=1.00 l_log_likelihood=0.20 l_smoothness=2.35 
tol=2.50e-01, dt=5.00e-02, exp_k=20.0, momentum=0.90, levels=6, niter=500, lbl_dist=10.00, avgs=16, sigma=0.5,type=2, relabel=0, neg=no

blurring input image with Gaussian with sigma=0.500...
GCAMRegisterLevel(): init RMS 0.713717
#FOTS# QuadFit found better minimum quadopt=(dt=0.7,rms=0.71314) vs oldopt=(dt=0.5,rms=0.713147)
#GCMRL#   53 dt   0.700000 rms  0.713  0.081% neg 0  invalid 762 tFOTS 4.2020 tGradient 1.7770 tsec 6.3170
#FOTS# QuadFit found better minimum quadopt=(dt=0.4,rms=0.71315) vs oldopt=(dt=0.5,rms=0.71315)
setting smoothness cost coefficient to 8.000

#GCAMreg# pass 0 level1 2 level2 0 tsec 0 sigma 2
l_jacobian=1.00 l_label=1.00 l_log_likelihood=0.20 l_smoothness=8.00 
tol=2.50e-01, dt=5.00e-02, exp_k=20.0, momentum=0.90, levels=6, niter=500, lbl_dist=10.00, avgs=4, sigma=2.0,type=2, relabel=0, neg=no

blurring input image with Gaussian with sigma=2.000...
GCAMRegisterLevel(): init RMS 0.82977
#FOTS# QuadFit found better minimum quadopt=(dt=2.48724,rms=0.810733) vs oldopt=(dt=2.88,rms=0.811212)
#GCMRL#   55 dt   2.487245 rms  0.811  2.294% neg 0  invalid 762 tFOTS 4.7290 tGradient 1.7110 tsec 6.8040
#FOTS# QuadFit found better minimum quadopt=(dt=4.09697,rms=0.800329) vs oldopt=(dt=2.88,rms=0.801243)
#GCMRL#   56 dt   4.096970 rms  0.800  1.283% neg 0  invalid 762 tFOTS 4.6290 tGradient 1.8630 tsec 6.8700
#FOTS# QuadFit found better minimum quadopt=(dt=3.06173,rms=0.793183) vs oldopt=(dt=2.88,rms=0.793208)
#GCMRL#   57 dt   3.061728 rms  0.793  0.893% neg 0  invalid 762 tFOTS 4.6190 tGradient 1.9910 tsec 6.9870
#FOTS# QuadFit found better minimum quadopt=(dt=2.2427,rms=0.788918) vs oldopt=(dt=2.88,rms=0.789259)
#GCMRL#   58 dt   2.242697 rms  0.789  0.538% neg 0  invalid 762 tFOTS 4.6780 tGradient 1.9990 tsec 7.0630
#FOTS# QuadFit found better minimum quadopt=(dt=3.78443,rms=0.784445) vs oldopt=(dt=2.88,rms=0.784681)
#GCMRL#   59 dt   3.784431 rms  0.784  0.567% neg 0  invalid 762 tFOTS 4.7480 tGradient 1.9330 tsec 7.0760
#FOTS# QuadFit found better minimum quadopt=(dt=1.75,rms=0.782159) vs oldopt=(dt=0.72,rms=0.782918)
#GCMRL#   60 dt   1.750000 rms  0.782  0.292% neg 0  invalid 762 tFOTS 4.7230 tGradient 1.9700 tsec 7.0730
#FOTS# QuadFit found better minimum quadopt=(dt=6.33333,rms=0.778528) vs oldopt=(dt=2.88,rms=0.77961)
#GCMRL#   61 dt   6.333333 rms  0.779  0.464% neg 0  invalid 762 tFOTS 4.9720 tGradient 1.9860 tsec 7.3360
#FOTS# QuadFit found better minimum quadopt=(dt=1.38636,rms=0.77739) vs oldopt=(dt=0.72,rms=0.777602)
#GCMRL#   62 dt   1.386364 rms  0.777  0.000% neg 0  invalid 762 tFOTS 4.5140 tGradient 1.8880 tsec 6.8070
#GCMRL#   63 dt   1.386364 rms  0.777  0.058% neg 0  invalid 762 tFOTS 0.0000 tGradient 1.8750 tsec 2.2240
#GCMRL#   64 dt   1.386364 rms  0.776  0.090% neg 0  invalid 762 tFOTS 0.0000 tGradient 1.8500 tsec 2.1980
#GCMRL#   65 dt   1.386364 rms  0.776  0.093% neg 0  invalid 762 tFOTS 0.0000 tGradient 1.8760 tsec 2.2240
#GCMRL#   66 dt   1.386364 rms  0.775  0.056% neg 0  invalid 762 tFOTS 0.0000 tGradient 1.9180 tsec 2.2460
#GCMRL#   67 dt   1.386364 rms  0.775  0.015% neg 0  invalid 762 tFOTS 0.0000 tGradient 1.9260 tsec 2.3250
#FOTS# QuadFit found better minimum quadopt=(dt=11.3684,rms=0.77448) vs oldopt=(dt=11.52,rms=0.774481)
#GCMRL#   68 dt  11.368421 rms  0.774  0.062% neg 0  invalid 762 tFOTS 4.6910 tGradient 1.8460 tsec 6.9140
#FOTS# QuadFit found better minimum quadopt=(dt=1.75,rms=0.774334) vs oldopt=(dt=0.72,rms=0.774381)

#GCAMreg# pass 0 level1 2 level2 1 tsec 90.8 sigma 0.5
l_jacobian=1.00 l_label=1.00 l_log_likelihood=0.20 l_smoothness=8.00 
tol=2.50e-01, dt=5.00e-02, exp_k=20.0, momentum=0.90, levels=6, niter=500, lbl_dist=10.00, avgs=4, sigma=0.5,type=2, relabel=0, neg=no

blurring input image with Gaussian with sigma=0.500...
GCAMRegisterLevel(): init RMS 0.774754
#GCMRL#   70 dt   0.000000 rms  0.774  0.054% neg 0  invalid 762 tFOTS 4.1490 tGradient 1.7990 tsec 6.2990
setting smoothness cost coefficient to 20.000

#GCAMreg# pass 0 level1 1 level2 0 tsec 0 sigma 2
l_jacobian=1.00 l_label=1.00 l_log_likelihood=0.20 l_smoothness=20.00 
tol=2.50e-01, dt=5.00e-02, exp_k=20.0, momentum=0.90, levels=6, niter=500, lbl_dist=10.00, avgs=1, sigma=2.0,type=2, relabel=0, neg=no

blurring input image with Gaussian with sigma=2.000...
GCAMRegisterLevel(): init RMS 0.813084
#GCMRL#   72 dt   0.000000 rms  0.813  0.049% neg 0  invalid 762 tFOTS 3.9000 tGradient 1.4060 tsec 5.6420

#GCAMreg# pass 0 level1 1 level2 1 tsec 21.479 sigma 0.5
l_jacobian=1.00 l_label=1.00 l_log_likelihood=0.20 l_smoothness=20.00 
tol=2.50e-01, dt=5.00e-02, exp_k=20.0, momentum=0.90, levels=6, niter=500, lbl_dist=10.00, avgs=1, sigma=0.5,type=2, relabel=0, neg=no

blurring input image with Gaussian with sigma=0.500...
GCAMRegisterLevel(): init RMS 0.813084
#GCMRL#   74 dt   0.000000 rms  0.813  0.049% neg 0  invalid 762 tFOTS 3.7670 tGradient 1.4400 tsec 5.5400
resetting metric properties...
setting smoothness cost coefficient to 40.000

#GCAMreg# pass 0 level1 0 level2 0 tsec 0 sigma 2
l_jacobian=1.00 l_label=1.00 l_log_likelihood=0.20 l_smoothness=40.00 
tol=2.50e-01, dt=5.00e-02, exp_k=20.0, momentum=0.90, levels=6, niter=500, lbl_dist=10.00, avgs=0, sigma=2.0,type=2, relabel=0, neg=no

blurring input image with Gaussian with sigma=2.000...
GCAMRegisterLevel(): init RMS 0.748111
#FOTS# QuadFit found better minimum quadopt=(dt=0.212781,rms=0.743397) vs oldopt=(dt=0.32,rms=0.744192)
#GCMRL#   76 dt   0.212781 rms  0.743  0.630% neg 0  invalid 762 tFOTS 4.0750 tGradient 0.9540 tsec 5.3580
#GCMRL#   77 dt   0.020000 rms  0.743  0.000% neg 0  invalid 762 tFOTS 4.0470 tGradient 0.9510 tsec 5.3510

#GCAMreg# pass 0 level1 0 level2 1 tsec 22.279 sigma 0.5
l_jacobian=1.00 l_label=1.00 l_log_likelihood=0.20 l_smoothness=40.00 
tol=2.50e-01, dt=5.00e-02, exp_k=20.0, momentum=0.90, levels=6, niter=500, lbl_dist=10.00, avgs=0, sigma=0.5,type=2, relabel=0, neg=no

blurring input image with Gaussian with sigma=0.500...
GCAMRegisterLevel(): init RMS 0.743595
#FOTS# QuadFit found better minimum quadopt=(dt=0.007,rms=0.743111) vs oldopt=(dt=0.005,rms=0.743119)
#GCMRL#   79 dt   0.007000 rms  0.743  0.065% neg 0  invalid 762 tFOTS 4.1830 tGradient 1.0480 tsec 5.5810
#FOTS# QuadFit found better minimum quadopt=(dt=0.006,rms=0.743101) vs oldopt=(dt=0.005,rms=0.743102)
#GCMRL#   80 dt   0.006000 rms  0.743  0.000% neg 0  invalid 762 tFOTS 4.3030 tGradient 1.0350 tsec 5.7040
GCAMregister done in 8.21805 min
Starting GCAmapRenormalizeWithAlignment() without scales
renormalizing by structure alignment....
renormalizing input #0
gca peak = 0.10253 (16)
mri peak = 0.07576 ( 6)
Left_Lateral_Ventricle (4): linear fit = 0.31 x + 0.0 (258 voxels, overlap=0.387)
Left_Lateral_Ventricle (4): linear fit = 0.40 x + 0.0 (258 voxels, peak =  5), gca=6.4
gca peak = 0.17690 (16)
mri peak = 0.08541 (32)
Right_Lateral_Ventricle (43): linear fit = 1.72 x + 0.0 (536 voxels, overlap=0.325)
Right_Lateral_Ventricle (43): linear fit = 1.50 x + 0.0 (536 voxels, peak = 27), gca=24.0
gca peak = 0.28275 (96)
mri peak = 0.12973 (102)
Right_Pallidum (52): linear fit = 1.11 x + 0.0 (921 voxels, overlap=0.385)
Right_Pallidum (52): linear fit = 1.11 x + 0.0 (921 voxels, peak = 106), gca=106.1
gca peak = 0.18948 (93)
mri peak = 0.09268 (105)
Left_Pallidum (13): linear fit = 1.11 x + 0.0 (820 voxels, overlap=0.969)
Left_Pallidum (13): linear fit = 1.11 x + 0.0 (820 voxels, peak = 103), gca=102.8
gca peak = 0.20755 (55)
mri peak = 0.11680 (55)
Right_Hippocampus (53): linear fit = 0.99 x + 0.0 (700 voxels, overlap=0.997)
Right_Hippocampus (53): linear fit = 0.99 x + 0.0 (700 voxels, peak = 54), gca=54.2
gca peak = 0.31831 (58)
mri peak = 0.13987 (57)
Left_Hippocampus (17): linear fit = 0.99 x + 0.0 (625 voxels, overlap=0.994)
Left_Hippocampus (17): linear fit = 0.99 x + 0.0 (625 voxels, peak = 57), gca=57.1
gca peak = 0.11957 (102)
mri peak = 0.12612 (108)
Right_Cerebral_White_Matter (41): linear fit = 1.07 x + 0.0 (63318 voxels, overlap=0.422)
Right_Cerebral_White_Matter (41): linear fit = 1.07 x + 0.0 (63318 voxels, peak = 109), gca=108.6
gca peak = 0.11429 (102)
mri peak = 0.15323 (107)
Left_Cerebral_White_Matter (2): linear fit = 1.05 x + 0.0 (67140 voxels, overlap=0.366)
Left_Cerebral_White_Matter (2): linear fit = 1.05 x + 0.0 (67140 voxels, peak = 108), gca=107.6
gca peak = 0.14521 (59)
mri peak = 0.04245 (56)
Left_Cerebral_Cortex (3): linear fit = 0.92 x + 0.0 (23899 voxels, overlap=0.833)
Left_Cerebral_Cortex (3): linear fit = 0.92 x + 0.0 (23899 voxels, peak = 54), gca=54.0
gca peak = 0.14336 (58)
mri peak = 0.04320 (54)
Right_Cerebral_Cortex (42): linear fit = 0.92 x + 0.0 (23005 voxels, overlap=0.928)
Right_Cerebral_Cortex (42): linear fit = 0.92 x + 0.0 (23005 voxels, peak = 53), gca=53.1
gca peak = 0.13305 (70)
mri peak = 0.10766 (66)
Right_Caudate (50): linear fit = 1.04 x + 0.0 (634 voxels, overlap=0.937)
Right_Caudate (50): linear fit = 1.04 x + 0.0 (634 voxels, peak = 73), gca=73.1
gca peak = 0.15761 (71)
mri peak = 0.08564 (82)
Left_Caudate (11): linear fit = 1.07 x + 0.0 (1024 voxels, overlap=0.896)
Left_Caudate (11): linear fit = 1.07 x + 0.0 (1024 voxels, peak = 76), gca=75.6
gca peak = 0.13537 (57)
mri peak = 0.04569 (16)
Left_Cerebellum_Cortex (8): linear fit = 0.26 x + 0.0 (30420 voxels, overlap=0.001)
Left_Cerebellum_Cortex (8): linear fit = 0.26 x + 0.0 (30420 voxels, peak = 15), gca=15.1
gca peak = 0.13487 (56)
mri peak = 0.04869 (16)
Right_Cerebellum_Cortex (47): linear fit = 0.26 x + 0.0 (34906 voxels, overlap=0.001)
Right_Cerebellum_Cortex (47): linear fit = 0.26 x + 0.0 (34906 voxels, peak = 15), gca=14.8
gca peak = 0.19040 (84)
mri peak = 0.03613 (60)
Left_Cerebellum_White_Matter (7): linear fit = 0.71 x + 0.0 (8996 voxels, overlap=0.006)
Left_Cerebellum_White_Matter (7): linear fit = 0.71 x + 0.0 (8996 voxels, peak = 60), gca=60.1
gca peak = 0.18871 (83)
mri peak = 0.04591 (58)
Right_Cerebellum_White_Matter (46): linear fit = 0.77 x + 0.0 (8160 voxels, overlap=0.010)
Right_Cerebellum_White_Matter (46): linear fit = 0.77 x + 0.0 (8160 voxels, peak = 64), gca=64.3
gca peak = 0.24248 (57)
mri peak = 0.08105 (70)
Left_Amygdala (18): linear fit = 1.18 x + 0.0 (386 voxels, overlap=0.891)
Left_Amygdala (18): linear fit = 1.18 x + 0.0 (386 voxels, peak = 68), gca=67.5
gca peak = 0.35833 (56)
mri peak = 0.10119 (56)
Right_Amygdala (54): linear fit = 0.99 x + 0.0 (447 voxels, overlap=0.978)
Right_Amygdala (54): linear fit = 0.99 x + 0.0 (447 voxels, peak = 55), gca=55.2
gca peak = 0.12897 (85)
mri peak = 0.06569 (102)
Left_Thalamus (10): linear fit = 1.18 x + 0.0 (5540 voxels, overlap=0.130)
Left_Thalamus (10): linear fit = 1.18 x + 0.0 (5540 voxels, peak = 101), gca=100.7
gca peak = 0.13127 (83)
mri peak = 0.07080 (97)
Right_Thalamus (49): linear fit = 1.15 x + 0.0 (4505 voxels, overlap=0.370)
Right_Thalamus (49): linear fit = 1.15 x + 0.0 (4505 voxels, peak = 96), gca=95.9
gca peak = 0.12974 (78)
mri peak = 0.06397 (92)
Left_Putamen (12): linear fit = 1.16 x + 0.0 (2359 voxels, overlap=0.436)
Left_Putamen (12): linear fit = 1.16 x + 0.0 (2359 voxels, peak = 91), gca=90.9
gca peak = 0.17796 (79)
mri peak = 0.08310 (87)
Right_Putamen (51): linear fit = 1.12 x + 0.0 (2491 voxels, overlap=0.415)
Right_Putamen (51): linear fit = 1.12 x + 0.0 (2491 voxels, peak = 88), gca=88.1
gca peak = 0.10999 (80)
mri peak = 0.07379 (86)
Brain_Stem (16): linear fit = 1.11 x + 0.0 (11130 voxels, overlap=0.416)
Brain_Stem (16): linear fit = 1.11 x + 0.0 (11130 voxels, peak = 88), gca=88.4
gca peak = 0.13215 (88)
mri peak = 0.14668 (106)
Right_VentralDC (60): linear fit = 1.20 x + 0.0 (1156 voxels, overlap=0.019)
Right_VentralDC (60): linear fit = 1.20 x + 0.0 (1156 voxels, peak = 105), gca=105.2
gca peak = 0.11941 (89)
mri peak = 0.15963 (107)
Left_VentralDC (28): linear fit = 1.20 x + 0.0 (1424 voxels, overlap=0.022)
Left_VentralDC (28): linear fit = 1.20 x + 0.0 (1424 voxels, peak = 106), gca=106.4
gca peak = 0.20775 (25)
uniform distribution in MR - rejecting arbitrary fit
gca peak = 0.13297 (21)
mri peak = 0.05192 (53)
Fourth_Ventricle (15): linear fit = 2.53 x + 0.0 (435 voxels, overlap=0.117)
Fourth_Ventricle (15): linear fit = 2.53 x + 0.0 (435 voxels, peak = 53), gca=53.0
gca peak Unknown = 0.94777 ( 0)
gca peak Left_Inf_Lat_Vent = 0.19087 (28)
gca peak Left_Cerebellum_Cortex = 0.13537 (57)
gca peak Third_Ventricle = 0.20775 (25)
gca peak Fourth_Ventricle = 0.13297 (21)
gca peak CSF = 0.16821 (33)
gca peak Left_Accumbens_area = 0.32850 (63)
gca peak Left_undetermined = 0.98480 (28)
gca peak Left_vessel = 0.40887 (53)
gca peak Left_choroid_plexus = 0.10898 (46)
gca peak Right_Inf_Lat_Vent = 0.17798 (26)
gca peak Right_Cerebellum_Cortex = 0.13487 (56)
gca peak Right_Accumbens_area = 0.30137 (64)
gca peak Right_vessel = 0.47828 (52)
gca peak Right_choroid_plexus = 0.11612 (45)
gca peak Fifth_Ventricle = 0.59466 (35)
gca peak WM_hypointensities = 0.10053 (78)
gca peak non_WM_hypointensities = 0.07253 (60)
gca peak Optic_Chiasm = 0.25330 (73)
not using caudate to estimate GM means
estimating mean gm scale to be 0.99 x + 0.0
estimating mean wm scale to be 1.06 x + 0.0
estimating mean csf scale to be 0.95 x + 0.0
setting left cbm cortex = 0.99 x + 0.00
setting right cbm cortex = 0.99 x + 0.00
Right_Pallidum too bright - rescaling by 0.989 (from 1.105) to 104.9 (was 106.1)
saving intensity scales to talairach.label_intensities.txt
GCAmapRenormalizeWithAlignment() took 3.53277 min
noneg pre
Starting GCAMregister()
label assignment complete, 0 changed (0.00%)
npasses = 1, nlevels = 6
#pass# 1 of 1 ************************
enabling zero nodes
setting smoothness cost coefficient to 0.008

#GCAMreg# pass 0 level1 5 level2 0 tsec 0 sigma 2
l_jacobian=1.00 l_label=1.00 l_log_likelihood=0.20 l_smoothness=0.01 
tol=5.00e-02, dt=5.00e-02, exp_k=20.0, momentum=0.90, levels=6, niter=500, lbl_dist=10.00, avgs=256, sigma=2.0,type=2, relabel=0, neg=no

blurring input image with Gaussian with sigma=2.000...
GCAMRegisterLevel(): init RMS 0.772662
#FOTS# QuadFit found better minimum quadopt=(dt=225.004,rms=0.740469) vs oldopt=(dt=369.92,rms=0.747415)
#GCMRL#   82 dt 225.003710 rms  0.740  4.166% neg 0  invalid 762 tFOTS 4.0160 tGradient 2.7130 tsec 7.0570
#FOTS# QuadFit found better minimum quadopt=(dt=199.033,rms=0.732698) vs oldopt=(dt=92.48,rms=0.735284)
#GCMRL#   83 dt 199.032967 rms  0.733  1.049% neg 0  invalid 762 tFOTS 4.2730 tGradient 2.8060 tsec 7.4030
#FOTS# QuadFit found better minimum quadopt=(dt=171.556,rms=0.727922) vs oldopt=(dt=92.48,rms=0.729271)
#GCMRL#   84 dt 171.555556 rms  0.728  0.652% neg 0  invalid 762 tFOTS 4.2320 tGradient 2.9570 tsec 7.5100
#FOTS# QuadFit found better minimum quadopt=(dt=129.472,rms=0.725297) vs oldopt=(dt=92.48,rms=0.725787)
#GCMRL#   85 dt 129.472000 rms  0.725  0.361% neg 0  invalid 762 tFOTS 4.2440 tGradient 2.7730 tsec 7.3380
#FOTS# QuadFit found better minimum quadopt=(dt=517.888,rms=0.719252) vs oldopt=(dt=369.92,rms=0.720326)
#GCMRL#   86 dt 517.888000 rms  0.719  0.833% neg 0  invalid 762 tFOTS 4.3050 tGradient 2.8180 tsec 7.4830
#FOTS# QuadFit found better minimum quadopt=(dt=110.976,rms=0.717776) vs oldopt=(dt=92.48,rms=0.717835)
#GCMRL#   87 dt 110.976000 rms  0.718  0.205% neg 0  invalid 762 tFOTS 4.3730 tGradient 2.6600 tsec 7.3610
#FOTS# QuadFit found better minimum quadopt=(dt=1183.74,rms=0.711629) vs oldopt=(dt=1479.68,rms=0.712017)
#GCMRL#   88 dt 1183.744000 rms  0.712  0.856% neg 0  invalid 762 tFOTS 4.1800 tGradient 2.5940 tsec 7.1210
#GCMRL#   89 dt  92.480000 rms  0.709  0.327% neg 0  invalid 762 tFOTS 4.6170 tGradient 2.7210 tsec 7.6740
#FOTS# QuadFit found better minimum quadopt=(dt=1183.74,rms=0.707416) vs oldopt=(dt=1479.68,rms=0.707736)
#GCMRL#   90 dt 1183.744000 rms  0.707  0.266% neg 0  invalid 762 tFOTS 4.5060 tGradient 2.7470 tsec 7.5970
#FOTS# QuadFit found better minimum quadopt=(dt=129.472,rms=0.705251) vs oldopt=(dt=92.48,rms=0.705459)
#GCMRL#   91 dt 129.472000 rms  0.705  0.306% neg 0  invalid 762 tFOTS 4.2220 tGradient 2.8350 tsec 7.3720
#FOTS# QuadFit found better minimum quadopt=(dt=110.976,rms=0.705074) vs oldopt=(dt=92.48,rms=0.705079)
#GCMRL#   92 dt 110.976000 rms  0.705  0.000% neg 0  invalid 762 tFOTS 4.3070 tGradient 2.8120 tsec 7.4490
#GCMRL#   93 dt 110.976000 rms  0.705  0.039% neg 0  invalid 762 tFOTS 0.0000 tGradient 2.7830 tsec 3.0920
#GCMRL#   94 dt 110.976000 rms  0.704  0.066% neg 0  invalid 762 tFOTS 0.0000 tGradient 2.7770 tsec 3.0810
#GCMRL#   95 dt 110.976000 rms  0.704  0.086% neg 0  invalid 762 tFOTS 0.0000 tGradient 2.8110 tsec 3.1180
#GCMRL#   96 dt 110.976000 rms  0.703  0.101% neg 0  invalid 762 tFOTS 0.0000 tGradient 2.7930 tsec 3.0990
#GCMRL#   97 dt 110.976000 rms  0.702  0.120% neg 0  invalid 762 tFOTS 0.0000 tGradient 2.8860 tsec 3.2290
#GCMRL#   98 dt 110.976000 rms  0.701  0.131% neg 0  invalid 762 tFOTS 0.0000 tGradient 3.0860 tsec 3.4180
#GCMRL#   99 dt 110.976000 rms  0.700  0.133% neg 0  invalid 762 tFOTS 0.0000 tGradient 3.0320 tsec 3.3880
#GCMRL#  100 dt 110.976000 rms  0.699  0.122% neg 0  invalid 762 tFOTS 0.0000 tGradient 3.0810 tsec 3.4340
#GCMRL#  101 dt 110.976000 rms  0.699  0.115% neg 0  invalid 762 tFOTS 0.0000 tGradient 3.0890 tsec 3.4420
#GCMRL#  102 dt 110.976000 rms  0.698  0.111% neg 0  invalid 762 tFOTS 0.0000 tGradient 3.0410 tsec 3.3870
#GCMRL#  103 dt 110.976000 rms  0.697  0.110% neg 0  invalid 762 tFOTS 0.0000 tGradient 3.1030 tsec 3.4520
#GCMRL#  104 dt 110.976000 rms  0.696  0.102% neg 0  invalid 762 tFOTS 0.0000 tGradient 3.0670 tsec 3.4120
#GCMRL#  105 dt 110.976000 rms  0.696  0.090% neg 0  invalid 762 tFOTS 0.0000 tGradient 3.1260 tsec 3.4710
#GCMRL#  106 dt 110.976000 rms  0.695  0.078% neg 0  invalid 762 tFOTS 0.0000 tGradient 3.1070 tsec 3.4540
#GCMRL#  107 dt 110.976000 rms  0.695  0.072% neg 0  invalid 762 tFOTS 0.0000 tGradient 2.9100 tsec 3.2170
#GCMRL#  108 dt 110.976000 rms  0.694  0.074% neg 0  invalid 762 tFOTS 0.0000 tGradient 2.6550 tsec 2.9640
#GCMRL#  109 dt 110.976000 rms  0.694  0.087% neg 0  invalid 762 tFOTS 0.0000 tGradient 2.6170 tsec 2.9370
#GCMRL#  110 dt 110.976000 rms  0.693  0.083% neg 0  invalid 762 tFOTS 0.0000 tGradient 2.6970 tsec 3.0150
#GCMRL#  111 dt 110.976000 rms  0.693  0.075% neg 0  invalid 762 tFOTS 0.0000 tGradient 2.6760 tsec 2.9950
#GCMRL#  112 dt 110.976000 rms  0.692  0.068% neg 0  invalid 762 tFOTS 0.0000 tGradient 2.6040 tsec 2.9130
#GCMRL#  113 dt 110.976000 rms  0.692  0.064% neg 0  invalid 762 tFOTS 0.0000 tGradient 2.7960 tsec 3.1030
#GCMRL#  114 dt 110.976000 rms  0.691  0.073% neg 0  invalid 762 tFOTS 0.0000 tGradient 2.6300 tsec 2.9330
#GCMRL#  115 dt 110.976000 rms  0.691  0.078% neg 0  invalid 762 tFOTS 0.0000 tGradient 2.6590 tsec 2.9620
#GCMRL#  116 dt 110.976000 rms  0.690  0.070% neg 0  invalid 762 tFOTS 0.0000 tGradient 2.7620 tsec 3.0810
#GCMRL#  117 dt 110.976000 rms  0.690  0.063% neg 0  invalid 762 tFOTS 0.0000 tGradient 2.6150 tsec 2.9220
#GCMRL#  118 dt 110.976000 rms  0.689  0.069% neg 0  invalid 762 tFOTS 0.0000 tGradient 2.6000 tsec 2.9090
#GCMRL#  119 dt 110.976000 rms  0.689  0.069% neg 0  invalid 762 tFOTS 0.0000 tGradient 2.6240 tsec 2.9360
#GCMRL#  120 dt 110.976000 rms  0.688  0.066% neg 0  invalid 762 tFOTS 0.0000 tGradient 2.6830 tsec 2.9890
#GCMRL#  121 dt 110.976000 rms  0.688  0.061% neg 0  invalid 762 tFOTS 0.0000 tGradient 2.5990 tsec 2.8970
#GCMRL#  122 dt 110.976000 rms  0.687  0.055% neg 0  invalid 762 tFOTS 0.0000 tGradient 2.7360 tsec 3.0430
#GCMRL#  123 dt 110.976000 rms  0.687  0.050% neg 0  invalid 762 tFOTS 0.0000 tGradient 2.5400 tsec 2.8390
#GCMRL#  124 dt 110.976000 rms  0.687  0.052% neg 0  invalid 762 tFOTS 0.0000 tGradient 2.5970 tsec 2.9030
#GCMRL#  125 dt 110.976000 rms  0.686  0.053% neg 0  invalid 762 tFOTS 0.0000 tGradient 2.5320 tsec 2.8420
#GCMRL#  126 dt 110.976000 rms  0.686  0.053% neg 0  invalid 762 tFOTS 0.0000 tGradient 2.6120 tsec 2.9190
#GCMRL#  127 dt 110.976000 rms  0.686  0.048% neg 0  invalid 762 tFOTS 0.0000 tGradient 2.6140 tsec 2.9100
#GCMRL#  128 dt 110.976000 rms  0.685  0.046% neg 0  invalid 762 tFOTS 0.0000 tGradient 2.6360 tsec 2.9860
#GCMRL#  129 dt 110.976000 rms  0.685  0.049% neg 0  invalid 762 tFOTS 0.0000 tGradient 2.6900 tsec 3.0000
#GCMRL#  130 dt 110.976000 rms  0.685  0.045% neg 0  invalid 762 tFOTS 0.0000 tGradient 2.6300 tsec 2.9320
#GCMRL#  131 dt 110.976000 rms  0.684  0.052% neg 0  invalid 762 tFOTS 0.0000 tGradient 2.6070 tsec 2.9160
#GCMRL#  132 dt 110.976000 rms  0.684  0.049% neg 0  invalid 762 tFOTS 0.0000 tGradient 2.6370 tsec 2.9450
#GCMRL#  133 dt 110.976000 rms  0.684  0.046% neg 0  invalid 762 tFOTS 0.0000 tGradient 2.5550 tsec 2.8640
#GCMRL#  134 dt 110.976000 rms  0.683  0.046% neg 0  invalid 762 tFOTS 0.0000 tGradient 2.6560 tsec 2.9640
#GCMRL#  135 dt 110.976000 rms  0.683  0.046% neg 0  invalid 762 tFOTS 0.0000 tGradient 2.5530 tsec 2.8550
#GCMRL#  136 dt 110.976000 rms  0.683  0.044% neg 0  invalid 762 tFOTS 0.0000 tGradient 2.6040 tsec 2.9160
#GCMRL#  137 dt 110.976000 rms  0.683  0.042% neg 0  invalid 762 tFOTS 0.0000 tGradient 2.6010 tsec 2.9100
#GCMRL#  138 dt 110.976000 rms  0.682  0.042% neg 0  invalid 762 tFOTS 0.0000 tGradient 2.7220 tsec 3.0260
#GCMRL#  139 dt 110.976000 rms  0.682  0.043% neg 0  invalid 762 tFOTS 0.0000 tGradient 2.5950 tsec 2.9050
#GCMRL#  140 dt 110.976000 rms  0.682  0.042% neg 0  invalid 762 tFOTS 0.0000 tGradient 2.6070 tsec 2.9230
#GCMRL#  141 dt 110.976000 rms  0.681  0.041% neg 0  invalid 762 tFOTS 0.0000 tGradient 2.5270 tsec 2.8370
#GCMRL#  142 dt 110.976000 rms  0.681  0.040% neg 0  invalid 762 tFOTS 0.0000 tGradient 2.6920 tsec 2.9920
#GCMRL#  143 dt 110.976000 rms  0.681  0.037% neg 0  invalid 762 tFOTS 0.0000 tGradient 2.6400 tsec 2.9500
#GCMRL#  144 dt 110.976000 rms  0.681  0.035% neg 0  invalid 762 tFOTS 0.0000 tGradient 2.5860 tsec 2.8910
#GCMRL#  145 dt 110.976000 rms  0.680  0.034% neg 0  invalid 762 tFOTS 0.0000 tGradient 2.5570 tsec 2.8690
#GCMRL#  146 dt 110.976000 rms  0.680  0.036% neg 0  invalid 762 tFOTS 0.0000 tGradient 2.5890 tsec 2.8950
#GCMRL#  147 dt 110.976000 rms  0.680  0.032% neg 0  invalid 762 tFOTS 0.0000 tGradient 2.7930 tsec 3.0930
#GCMRL#  148 dt 110.976000 rms  0.680  0.032% neg 0  invalid 762 tFOTS 0.0000 tGradient 2.9310 tsec 3.2280
#GCMRL#  149 dt 110.976000 rms  0.679  0.032% neg 0  invalid 762 tFOTS 0.0000 tGradient 2.8440 tsec 3.1610
#GCMRL#  150 dt 110.976000 rms  0.679  0.031% neg 0  invalid 762 tFOTS 0.0000 tGradient 2.7930 tsec 3.1080
#GCMRL#  151 dt 110.976000 rms  0.679  0.029% neg 0  invalid 762 tFOTS 0.0000 tGradient 2.8360 tsec 3.1400
#GCMRL#  152 dt 110.976000 rms  0.679  0.030% neg 0  invalid 762 tFOTS 0.0000 tGradient 2.8910 tsec 3.1930
#GCMRL#  153 dt 110.976000 rms  0.679  0.028% neg 0  invalid 762 tFOTS 0.0000 tGradient 2.8500 tsec 3.1530
#GCMRL#  154 dt 110.976000 rms  0.678  0.031% neg 0  invalid 762 tFOTS 0.0000 tGradient 2.7580 tsec 3.0650
#GCMRL#  155 dt 110.976000 rms  0.678  0.028% neg 0  invalid 762 tFOTS 0.0000 tGradient 2.7190 tsec 3.0280
#GCMRL#  156 dt 110.976000 rms  0.678  0.029% neg 0  invalid 762 tFOTS 0.0000 tGradient 2.7250 tsec 3.0300
#GCMRL#  157 dt 110.976000 rms  0.678  0.027% neg 0  invalid 762 tFOTS 0.0000 tGradient 2.7970 tsec 3.1010
#GCMRL#  158 dt 110.976000 rms  0.678  0.026% neg 0  invalid 762 tFOTS 0.0000 tGradient 2.7900 tsec 3.0930
#GCMRL#  159 dt 110.976000 rms  0.678  0.027% neg 0  invalid 762 tFOTS 0.0000 tGradient 2.7990 tsec 3.1060
#GCMRL#  160 dt 110.976000 rms  0.677  0.024% neg 0  invalid 762 tFOTS 0.0000 tGradient 2.7860 tsec 3.0970
#GCMRL#  161 dt 110.976000 rms  0.677  0.027% neg 0  invalid 762 tFOTS 0.0000 tGradient 2.7430 tsec 3.0340
#GCMRL#  162 dt 110.976000 rms  0.677  0.026% neg 0  invalid 762 tFOTS 0.0000 tGradient 2.9010 tsec 3.2020
#GCMRL#  163 dt 110.976000 rms  0.677  0.025% neg 0  invalid 762 tFOTS 0.0000 tGradient 2.8410 tsec 3.1630
#GCMRL#  164 dt 110.976000 rms  0.677  0.023% neg 0  invalid 762 tFOTS 0.0000 tGradient 2.5600 tsec 2.8720
#GCMRL#  165 dt 110.976000 rms  0.677  0.025% neg 0  invalid 762 tFOTS 0.0000 tGradient 2.5490 tsec 2.8660
#GCMRL#  166 dt 110.976000 rms  0.676  0.022% neg 0  invalid 762 tFOTS 0.0000 tGradient 2.5640 tsec 2.8740
#GCMRL#  167 dt 110.976000 rms  0.676  0.024% neg 0  invalid 762 tFOTS 0.0000 tGradient 2.5970 tsec 2.9080
#GCMRL#  168 dt 110.976000 rms  0.676  0.024% neg 0  invalid 762 tFOTS 0.0000 tGradient 2.5900 tsec 2.9200
#FOTS# QuadFit found better minimum quadopt=(dt=8286.21,rms=0.674877) vs oldopt=(dt=5918.72,rms=0.675063)
#GCMRL#  169 dt 8286.208000 rms  0.675  0.174% neg 0  invalid 762 tFOTS 4.7660 tGradient 2.6910 tsec 7.8020
#FOTS# QuadFit found better minimum quadopt=(dt=55.488,rms=0.67476) vs oldopt=(dt=92.48,rms=0.674802)
#GCMRL#  170 dt  55.488000 rms  0.675  0.000% neg 0  invalid 762 tFOTS 4.2410 tGradient 2.7840 tsec 7.3730
#GCMRL#  171 dt  55.488000 rms  0.675  0.004% neg 0  invalid 762 tFOTS 0.0000 tGradient 3.0450 tsec 3.3590

#GCAMreg# pass 0 level1 5 level2 1 tsec 344.752 sigma 0.5
l_jacobian=1.00 l_label=1.00 l_log_likelihood=0.20 l_smoothness=0.01 
tol=5.00e-02, dt=5.00e-02, exp_k=20.0, momentum=0.90, levels=6, niter=500, lbl_dist=10.00, avgs=256, sigma=0.5,type=2, relabel=0, neg=no

blurring input image with Gaussian with sigma=0.500...
GCAMRegisterLevel(): init RMS 0.675509
#FOTS# QuadFit found better minimum quadopt=(dt=129.472,rms=0.674501) vs oldopt=(dt=92.48,rms=0.674548)
#GCMRL#  173 dt 129.472000 rms  0.675  0.149% neg 0  invalid 762 tFOTS 4.3750 tGradient 3.0860 tsec 7.8290
#FOTS# QuadFit found better minimum quadopt=(dt=887.808,rms=0.673275) vs oldopt=(dt=1479.68,rms=0.673721)
#GCMRL#  174 dt 887.808000 rms  0.673  0.182% neg 0  invalid 762 tFOTS 4.4010 tGradient 3.0620 tsec 7.7980
#FOTS# QuadFit found better minimum quadopt=(dt=110.976,rms=0.673166) vs oldopt=(dt=92.48,rms=0.673169)
#GCMRL#  175 dt 110.976000 rms  0.673  0.000% neg 0  invalid 762 tFOTS 4.3920 tGradient 3.0140 tsec 7.7550
#GCMRL#  176 dt 110.976000 rms  0.673  0.021% neg 0  invalid 762 tFOTS 0.0000 tGradient 3.0060 tsec 3.3070
#GCMRL#  177 dt 110.976000 rms  0.673  0.025% neg 0  invalid 762 tFOTS 0.0000 tGradient 3.0830 tsec 3.3840
#GCMRL#  178 dt 110.976000 rms  0.673  0.023% neg 0  invalid 762 tFOTS 0.0000 tGradient 3.0300 tsec 3.3410
#GCMRL#  179 dt 110.976000 rms  0.673  0.024% neg 0  invalid 762 tFOTS 0.0000 tGradient 3.0530 tsec 3.3620
#GCMRL#  180 dt 110.976000 rms  0.672  0.015% neg 0  invalid 762 tFOTS 0.0000 tGradient 3.0550 tsec 3.3860
#GCMRL#  181 dt 369.920000 rms  0.672  0.000% neg 0  invalid 762 tFOTS 4.4500 tGradient 3.0280 tsec 7.8290
#GCMRL#  182 dt 369.920000 rms  0.672  0.026% neg 0  invalid 762 tFOTS 0.0000 tGradient 3.0060 tsec 3.3080
#GCMRL#  183 dt 369.920000 rms  0.672  0.022% neg 0  invalid 762 tFOTS 0.0000 tGradient 2.9550 tsec 3.2530
#GCMRL#  184 dt 369.920000 rms  0.672  0.045% neg 0  invalid 762 tFOTS 0.0000 tGradient 3.0300 tsec 3.3950
#GCMRL#  185 dt 369.920000 rms  0.672  0.027% neg 0  invalid 762 tFOTS 0.0000 tGradient 2.5900 tsec 2.8940
#GCMRL#  186 dt 369.920000 rms  0.671  0.057% neg 0  invalid 762 tFOTS 0.0000 tGradient 2.5880 tsec 2.8970
#GCMRL#  187 dt 369.920000 rms  0.671  0.030% neg 0  invalid 762 tFOTS 0.0000 tGradient 2.7490 tsec 3.0710
#GCMRL#  188 dt 369.920000 rms  0.670  0.104% neg 0  invalid 762 tFOTS 0.0000 tGradient 2.7550 tsec 3.0680
#GCMRL#  189 dt 369.920000 rms  0.670 -0.026% neg 0  invalid 762 tFOTS 0.0000 tGradient 2.7780 tsec 3.3310
setting smoothness cost coefficient to 0.031

#GCAMreg# pass 0 level1 4 level2 0 tsec 0 sigma 2
l_jacobian=1.00 l_label=1.00 l_log_likelihood=0.20 l_smoothness=0.03 
tol=5.00e-02, dt=5.00e-02, exp_k=20.0, momentum=0.90, levels=6, niter=500, lbl_dist=10.00, avgs=64, sigma=2.0,type=2, relabel=0, neg=no

blurring input image with Gaussian with sigma=2.000...
GCAMRegisterLevel(): init RMS 0.673737
#FOTS# QuadFit found better minimum quadopt=(dt=145.152,rms=0.66737) vs oldopt=(dt=103.68,rms=0.668463)
#GCMRL#  191 dt 145.152000 rms  0.667  0.945% neg 0  invalid 762 tFOTS 4.0310 tGradient 2.4200 tsec 6.7810
#FOTS# QuadFit found better minimum quadopt=(dt=248.832,rms=0.659937) vs oldopt=(dt=414.72,rms=0.662478)
#GCMRL#  192 dt 248.832000 rms  0.660  1.114% neg 0  invalid 762 tFOTS 4.5520 tGradient 2.1610 tsec 7.0820
#FOTS# QuadFit found better minimum quadopt=(dt=62.7027,rms=0.656082) vs oldopt=(dt=25.92,rms=0.657122)
#GCMRL#  193 dt  62.702703 rms  0.656  0.584% neg 0  invalid 762 tFOTS 4.9030 tGradient 2.4070 tsec 7.6770
#FOTS# QuadFit found better minimum quadopt=(dt=145.152,rms=0.652067) vs oldopt=(dt=103.68,rms=0.652788)
#GCMRL#  194 dt 145.152000 rms  0.652  0.612% neg 0  invalid 762 tFOTS 4.1030 tGradient 2.0440 tsec 6.4910
#FOTS# QuadFit found better minimum quadopt=(dt=62.5455,rms=0.650391) vs oldopt=(dt=103.68,rms=0.650929)
#GCMRL#  195 dt  62.545455 rms  0.650  0.257% neg 0  invalid 762 tFOTS 4.2870 tGradient 2.0160 tsec 6.6510
#FOTS# QuadFit found better minimum quadopt=(dt=248.832,rms=0.646443) vs oldopt=(dt=414.72,rms=0.647492)
#GCMRL#  196 dt 248.832000 rms  0.646  0.607% neg 0  invalid 762 tFOTS 4.1590 tGradient 2.2070 tsec 6.7640
#FOTS# QuadFit found better minimum quadopt=(dt=57.0667,rms=0.643974) vs oldopt=(dt=25.92,rms=0.644466)
#GCMRL#  197 dt  57.066667 rms  0.644  0.382% neg 0  invalid 762 tFOTS 4.5450 tGradient 2.4360 tsec 7.3320
#FOTS# QuadFit found better minimum quadopt=(dt=145.152,rms=0.64138) vs oldopt=(dt=103.68,rms=0.641849)
#GCMRL#  198 dt 145.152000 rms  0.641  0.403% neg 0  invalid 762 tFOTS 4.3030 tGradient 2.3160 tsec 6.9610
#FOTS# QuadFit found better minimum quadopt=(dt=36.288,rms=0.640507) vs oldopt=(dt=25.92,rms=0.640665)
#GCMRL#  199 dt  36.288000 rms  0.641  0.136% neg 0  invalid 762 tFOTS 4.1990 tGradient 2.1890 tsec 6.7330
#FOTS# QuadFit found better minimum quadopt=(dt=580.608,rms=0.634951) vs oldopt=(dt=414.72,rms=0.635764)
#GCMRL#  200 dt 580.608000 rms  0.635  0.867% neg 0  invalid 762 tFOTS 4.5110 tGradient 2.2140 tsec 7.1450
#FOTS# QuadFit found better minimum quadopt=(dt=66.9091,rms=0.631765) vs oldopt=(dt=25.92,rms=0.632685)
#GCMRL#  201 dt  66.909091 rms  0.632  0.502% neg 0  invalid 762 tFOTS 5.3700 tGradient 2.6560 tsec 8.4250
#FOTS# QuadFit found better minimum quadopt=(dt=36.288,rms=0.631105) vs oldopt=(dt=25.92,rms=0.631195)
#GCMRL#  202 dt  36.288000 rms  0.631  0.104% neg 0  invalid 762 tFOTS 4.7310 tGradient 2.4590 tsec 7.6370
#FOTS# QuadFit found better minimum quadopt=(dt=580.608,rms=0.628052) vs oldopt=(dt=414.72,rms=0.628374)
#GCMRL#  203 dt 580.608000 rms  0.628  0.484% neg 0  invalid 762 tFOTS 4.3300 tGradient 2.0760 tsec 6.7460
#FOTS# QuadFit found better minimum quadopt=(dt=68.766,rms=0.62528) vs oldopt=(dt=25.92,rms=0.62605)
#GCMRL#  204 dt  68.765957 rms  0.625  0.441% neg 0  invalid 762 tFOTS 3.9310 tGradient 2.1280 tsec 6.3790
#FOTS# QuadFit found better minimum quadopt=(dt=36.288,rms=0.624669) vs oldopt=(dt=25.92,rms=0.62473)
#GCMRL#  205 dt  36.288000 rms  0.625  0.098% neg 0  invalid 762 tFOTS 4.1070 tGradient 2.1380 tsec 6.5680
#FOTS# QuadFit found better minimum quadopt=(dt=580.608,rms=0.622498) vs oldopt=(dt=414.72,rms=0.622643)
#GCMRL#  206 dt 580.608000 rms  0.622  0.348% neg 0  invalid 762 tFOTS 4.5080 tGradient 2.1090 tsec 6.9630
#FOTS# QuadFit found better minimum quadopt=(dt=68.5714,rms=0.620199) vs oldopt=(dt=25.92,rms=0.620687)
#GCMRL#  207 dt  68.571429 rms  0.620  0.369% neg 0  invalid 762 tFOTS 4.6630 tGradient 2.1490 tsec 7.1310
#FOTS# QuadFit found better minimum quadopt=(dt=36.288,rms=0.61953) vs oldopt=(dt=25.92,rms=0.619616)
#GCMRL#  208 dt  36.288000 rms  0.620  0.108% neg 0  invalid 762 tFOTS 4.0750 tGradient 2.0370 tsec 6.4410
#GCMRL#  209 dt 414.720000 rms  0.618  0.199% neg 0  invalid 762 tFOTS 3.9500 tGradient 2.0730 tsec 6.3510
#FOTS# QuadFit found better minimum quadopt=(dt=36.288,rms=0.616845) vs oldopt=(dt=25.92,rms=0.617137)
#GCMRL#  210 dt  36.288000 rms  0.617  0.234% neg 0  invalid 762 tFOTS 4.2360 tGradient 2.0730 tsec 6.6230
#FOTS# QuadFit found better minimum quadopt=(dt=145.152,rms=0.616035) vs oldopt=(dt=103.68,rms=0.616165)
#GCMRL#  211 dt 145.152000 rms  0.616  0.131% neg 0  invalid 762 tFOTS 4.2060 tGradient 2.0610 tsec 6.7190
#FOTS# QuadFit found better minimum quadopt=(dt=36.288,rms=0.615749) vs oldopt=(dt=25.92,rms=0.615792)
#GCMRL#  212 dt  36.288000 rms  0.616  0.000% neg 0  invalid 762 tFOTS 5.0100 tGradient 2.8610 tsec 8.2990
#GCMRL#  213 dt  36.288000 rms  0.616  0.026% neg 0  invalid 762 tFOTS 0.0000 tGradient 2.0860 tsec 2.3890
#GCMRL#  214 dt  36.288000 rms  0.615  0.060% neg 0  invalid 762 tFOTS 0.0000 tGradient 2.0820 tsec 2.3880
#GCMRL#  215 dt  36.288000 rms  0.615  0.083% neg 0  invalid 762 tFOTS 0.0000 tGradient 2.0960 tsec 2.3980
#GCMRL#  216 dt  36.288000 rms  0.614  0.105% neg 0  invalid 762 tFOTS 0.0000 tGradient 2.1070 tsec 2.4170
#GCMRL#  217 dt  36.288000 rms  0.613  0.123% neg 0  invalid 762 tFOTS 0.0000 tGradient 2.0980 tsec 2.4000
#GCMRL#  218 dt  36.288000 rms  0.612  0.134% neg 0  invalid 762 tFOTS 0.0000 tGradient 2.1030 tsec 2.4110
#GCMRL#  219 dt  36.288000 rms  0.612  0.137% neg 0  invalid 762 tFOTS 0.0000 tGradient 2.1100 tsec 2.4230
#GCMRL#  220 dt  36.288000 rms  0.611  0.143% neg 0  invalid 762 tFOTS 0.0000 tGradient 2.0760 tsec 2.3870
#GCMRL#  221 dt  36.288000 rms  0.610  0.151% neg 0  invalid 762 tFOTS 0.0000 tGradient 2.1110 tsec 2.4280
#GCMRL#  222 dt  36.288000 rms  0.609  0.155% neg 0  invalid 762 tFOTS 0.0000 tGradient 2.0990 tsec 2.4100
#GCMRL#  223 dt  36.288000 rms  0.608  0.157% neg 0  invalid 762 tFOTS 0.0000 tGradient 2.1090 tsec 2.4220
#GCMRL#  224 dt  36.288000 rms  0.607  0.158% neg 0  invalid 762 tFOTS 0.0000 tGradient 2.1440 tsec 2.4550
#GCMRL#  225 dt  36.288000 rms  0.606  0.150% neg 0  invalid 762 tFOTS 0.0000 tGradient 2.1700 tsec 2.4840
#GCMRL#  226 dt  36.288000 rms  0.605  0.144% neg 0  invalid 762 tFOTS 0.0000 tGradient 2.1340 tsec 2.4540
#GCMRL#  227 dt  36.288000 rms  0.604  0.140% neg 0  invalid 762 tFOTS 0.0000 tGradient 2.2100 tsec 2.5310
#GCMRL#  228 dt  36.288000 rms  0.604  0.140% neg 0  invalid 762 tFOTS 0.0000 tGradient 2.1320 tsec 2.4550
#GCMRL#  229 dt  36.288000 rms  0.603  0.133% neg 0  invalid 762 tFOTS 0.0000 tGradient 2.1380 tsec 2.4580
#GCMRL#  230 dt  36.288000 rms  0.602  0.128% neg 0  invalid 762 tFOTS 0.0000 tGradient 2.1550 tsec 2.4650
#GCMRL#  231 dt  36.288000 rms  0.601  0.123% neg 0  invalid 762 tFOTS 0.0000 tGradient 2.0890 tsec 2.3990
#GCMRL#  232 dt  36.288000 rms  0.600  0.121% neg 0  invalid 762 tFOTS 0.0000 tGradient 2.0750 tsec 2.3820
#GCMRL#  233 dt  36.288000 rms  0.600  0.116% neg 0  invalid 762 tFOTS 0.0000 tGradient 2.0740 tsec 2.3860
#GCMRL#  234 dt  36.288000 rms  0.599  0.103% neg 0  invalid 762 tFOTS 0.0000 tGradient 2.0510 tsec 2.3630
#GCMRL#  235 dt  36.288000 rms  0.599  0.102% neg 0  invalid 762 tFOTS 0.0000 tGradient 2.2030 tsec 2.5170
#GCMRL#  236 dt  36.288000 rms  0.598  0.098% neg 0  invalid 762 tFOTS 0.0000 tGradient 2.1570 tsec 2.4580
#GCMRL#  237 dt  36.288000 rms  0.597  0.089% neg 0  invalid 762 tFOTS 0.0000 tGradient 2.0760 tsec 2.3950
#GCMRL#  238 dt  36.288000 rms  0.597  0.091% neg 0  invalid 762 tFOTS 0.0000 tGradient 2.1040 tsec 2.4100
#GCMRL#  239 dt  36.288000 rms  0.596  0.089% neg 0  invalid 762 tFOTS 0.0000 tGradient 2.0960 tsec 2.4110
#GCMRL#  240 dt  36.288000 rms  0.596  0.091% neg 0  invalid 762 tFOTS 0.0000 tGradient 2.1220 tsec 2.4430
#GCMRL#  241 dt  36.288000 rms  0.595  0.086% neg 0  invalid 762 tFOTS 0.0000 tGradient 2.0880 tsec 2.3900
#GCMRL#  242 dt  36.288000 rms  0.595  0.082% neg 0  invalid 762 tFOTS 0.0000 tGradient 2.0780 tsec 2.3840
#GCMRL#  243 dt  36.288000 rms  0.594  0.079% neg 0  invalid 762 tFOTS 0.0000 tGradient 2.0810 tsec 2.3880
#GCMRL#  244 dt  36.288000 rms  0.594  0.076% neg 0  invalid 762 tFOTS 0.0000 tGradient 2.0780 tsec 2.3780
#GCMRL#  245 dt  36.288000 rms  0.593  0.073% neg 0  invalid 762 tFOTS 0.0000 tGradient 2.0670 tsec 2.3720
#GCMRL#  246 dt  36.288000 rms  0.593  0.073% neg 0  invalid 762 tFOTS 0.0000 tGradient 2.0890 tsec 2.3980
#GCMRL#  247 dt  36.288000 rms  0.593  0.068% neg 0  invalid 762 tFOTS 0.0000 tGradient 2.0820 tsec 2.3900
#GCMRL#  248 dt  36.288000 rms  0.592  0.065% neg 0  invalid 762 tFOTS 0.0000 tGradient 2.4330 tsec 2.7890
#GCMRL#  249 dt  36.288000 rms  0.592  0.062% neg 0  invalid 762 tFOTS 0.0000 tGradient 2.5350 tsec 2.8700
#GCMRL#  250 dt  36.288000 rms  0.592  0.059% neg 0  invalid 762 tFOTS 0.0000 tGradient 2.5020 tsec 2.8500
#GCMRL#  251 dt  36.288000 rms  0.591  0.057% neg 0  invalid 762 tFOTS 0.0000 tGradient 2.5270 tsec 2.8660
#GCMRL#  252 dt  36.288000 rms  0.591  0.055% neg 0  invalid 762 tFOTS 0.0000 tGradient 2.5420 tsec 2.8900
#GCMRL#  253 dt  36.288000 rms  0.591  0.053% neg 0  invalid 762 tFOTS 0.0000 tGradient 2.6290 tsec 2.9940
#GCMRL#  254 dt  36.288000 rms  0.590  0.049% neg 0  invalid 762 tFOTS 0.0000 tGradient 2.5350 tsec 2.8930
#GCMRL#  255 dt  36.288000 rms  0.590  0.047% neg 0  invalid 762 tFOTS 0.0000 tGradient 2.5710 tsec 2.9070
#GCMRL#  256 dt  36.288000 rms  0.590  0.047% neg 0  invalid 762 tFOTS 0.0000 tGradient 2.0530 tsec 2.4180
#GCMRL#  257 dt  36.288000 rms  0.589  0.047% neg 0  invalid 762 tFOTS 0.0000 tGradient 2.0920 tsec 2.4110
#GCMRL#  258 dt  36.288000 rms  0.589  0.043% neg 0  invalid 762 tFOTS 0.0000 tGradient 2.0830 tsec 2.3990
#GCMRL#  259 dt  36.288000 rms  0.589  0.042% neg 0  invalid 762 tFOTS 0.0000 tGradient 2.0840 tsec 2.4240
#GCMRL#  260 dt  36.288000 rms  0.589  0.040% neg 0  invalid 762 tFOTS 0.0000 tGradient 2.1060 tsec 2.4200
#GCMRL#  261 dt  36.288000 rms  0.588  0.039% neg 0  invalid 762 tFOTS 0.0000 tGradient 2.0730 tsec 2.3770
#GCMRL#  262 dt  36.288000 rms  0.588  0.040% neg 0  invalid 762 tFOTS 0.0000 tGradient 2.0570 tsec 2.3630
#GCMRL#  263 dt  36.288000 rms  0.588  0.041% neg 0  invalid 762 tFOTS 0.0000 tGradient 2.0700 tsec 2.3830
#GCMRL#  264 dt  36.288000 rms  0.588  0.039% neg 0  invalid 762 tFOTS 0.0000 tGradient 2.1210 tsec 2.4390
#GCMRL#  265 dt  36.288000 rms  0.588  0.038% neg 0  invalid 762 tFOTS 0.0000 tGradient 2.1010 tsec 2.4170
#GCMRL#  266 dt  36.288000 rms  0.587  0.034% neg 0  invalid 762 tFOTS 0.0000 tGradient 2.0980 tsec 2.4150
#GCMRL#  267 dt  36.288000 rms  0.587  0.035% neg 0  invalid 762 tFOTS 0.0000 tGradient 2.1290 tsec 2.4480
#GCMRL#  268 dt  36.288000 rms  0.587  0.035% neg 0  invalid 762 tFOTS 0.0000 tGradient 2.0800 tsec 2.3880
#GCMRL#  269 dt  36.288000 rms  0.587  0.035% neg 0  invalid 762 tFOTS 0.0000 tGradient 2.0530 tsec 2.3670
#GCMRL#  270 dt  36.288000 rms  0.587  0.035% neg 0  invalid 762 tFOTS 0.0000 tGradient 2.0850 tsec 2.3960
#GCMRL#  271 dt  36.288000 rms  0.586  0.034% neg 0  invalid 762 tFOTS 0.0000 tGradient 2.0580 tsec 2.3820
#GCMRL#  272 dt  36.288000 rms  0.586  0.032% neg 0  invalid 762 tFOTS 0.0000 tGradient 2.0340 tsec 2.4050
#GCMRL#  273 dt  36.288000 rms  0.586  0.031% neg 0  invalid 762 tFOTS 0.0000 tGradient 2.1310 tsec 2.4420
#GCMRL#  274 dt  36.288000 rms  0.586  0.030% neg 0  invalid 762 tFOTS 0.0000 tGradient 2.0570 tsec 2.3730
#GCMRL#  275 dt  36.288000 rms  0.586  0.030% neg 0  invalid 762 tFOTS 0.0000 tGradient 2.0400 tsec 2.3520
#GCMRL#  276 dt  36.288000 rms  0.585  0.031% neg 0  invalid 762 tFOTS 0.0000 tGradient 2.0470 tsec 2.3580
#GCMRL#  277 dt  36.288000 rms  0.585  0.031% neg 0  invalid 762 tFOTS 0.0000 tGradient 2.0290 tsec 2.3320
#GCMRL#  278 dt  36.288000 rms  0.585  0.028% neg 0  invalid 762 tFOTS 0.0000 tGradient 2.0420 tsec 2.3580
#GCMRL#  279 dt  36.288000 rms  0.585  0.030% neg 0  invalid 762 tFOTS 0.0000 tGradient 2.0830 tsec 2.3940
#GCMRL#  280 dt  36.288000 rms  0.585  0.030% neg 0  invalid 762 tFOTS 0.0000 tGradient 2.0260 tsec 2.3340
#GCMRL#  281 dt  36.288000 rms  0.585  0.027% neg 0  invalid 762 tFOTS 0.0000 tGradient 2.0640 tsec 2.3780
#GCMRL#  282 dt  36.288000 rms  0.584  0.027% neg 0  invalid 762 tFOTS 0.0000 tGradient 2.0660 tsec 2.3990
#GCMRL#  283 dt  36.288000 rms  0.584  0.025% neg 0  invalid 762 tFOTS 0.0000 tGradient 2.1870 tsec 2.4990
#GCMRL#  284 dt  36.288000 rms  0.584  0.023% neg 0  invalid 762 tFOTS 0.0000 tGradient 2.0400 tsec 2.3780
#FOTS# QuadFit found better minimum quadopt=(dt=1327.1,rms=0.583966) vs oldopt=(dt=1658.88,rms=0.583972)
#GCMRL#  285 dt 1327.104000 rms  0.584  0.029% neg 0  invalid 762 tFOTS 4.7580 tGradient 2.0430 tsec 7.1580
#FOTS# QuadFit found better minimum quadopt=(dt=62.208,rms=0.5838) vs oldopt=(dt=103.68,rms=0.583837)
#GCMRL#  286 dt  62.208000 rms  0.584  0.000% neg 0  invalid 762 tFOTS 4.3890 tGradient 2.5110 tsec 7.3030
#GCMRL#  287 dt  62.208000 rms  0.584  0.019% neg 0  invalid 762 tFOTS 0.0000 tGradient 2.0780 tsec 2.3860
#GCMRL#  288 dt  62.208000 rms  0.584  0.018% neg 0  invalid 762 tFOTS 0.0000 tGradient 2.1020 tsec 2.4050

#GCAMreg# pass 0 level1 4 level2 1 tsec 362.369 sigma 0.5
l_jacobian=1.00 l_label=1.00 l_log_likelihood=0.20 l_smoothness=0.03 
tol=5.00e-02, dt=5.00e-02, exp_k=20.0, momentum=0.90, levels=6, niter=500, lbl_dist=10.00, avgs=64, sigma=0.5,type=2, relabel=0, neg=no

blurring input image with Gaussian with sigma=0.500...
GCAMRegisterLevel(): init RMS 0.584536
#GCMRL#  290 dt 103.680000 rms  0.583  0.315% neg 0  invalid 762 tFOTS 4.2850 tGradient 2.0150 tsec 6.6220
#FOTS# QuadFit found better minimum quadopt=(dt=145.152,rms=0.581717) vs oldopt=(dt=103.68,rms=0.581817)
#GCMRL#  291 dt 145.152000 rms  0.582  0.168% neg 0  invalid 762 tFOTS 4.4270 tGradient 2.2810 tsec 7.0380
#FOTS# QuadFit found better minimum quadopt=(dt=36.288,rms=0.581467) vs oldopt=(dt=25.92,rms=0.581494)
#GCMRL#  292 dt  36.288000 rms  0.581  0.000% neg 0  invalid 762 tFOTS 4.3610 tGradient 2.1430 tsec 6.8990
#GCMRL#  293 dt  36.288000 rms  0.581  0.016% neg 0  invalid 762 tFOTS 0.0000 tGradient 2.4090 tsec 2.7160
#GCMRL#  294 dt  36.288000 rms  0.581  0.027% neg 0  invalid 762 tFOTS 0.0000 tGradient 2.0640 tsec 2.3820
#GCMRL#  295 dt  36.288000 rms  0.581  0.038% neg 0  invalid 762 tFOTS 0.0000 tGradient 2.0860 tsec 2.4010
#GCMRL#  296 dt  36.288000 rms  0.581  0.060% neg 0  invalid 762 tFOTS 0.0000 tGradient 2.0670 tsec 2.3930
#GCMRL#  297 dt  36.288000 rms  0.580  0.070% neg 0  invalid 762 tFOTS 0.0000 tGradient 2.1100 tsec 2.4530
#GCMRL#  298 dt  36.288000 rms  0.580  0.070% neg 0  invalid 762 tFOTS 0.0000 tGradient 2.2420 tsec 2.5410
#GCMRL#  299 dt  36.288000 rms  0.580  0.056% neg 0  invalid 762 tFOTS 0.0000 tGradient 2.1650 tsec 2.4750
#GCMRL#  300 dt  36.288000 rms  0.579  0.038% neg 0  invalid 762 tFOTS 0.0000 tGradient 2.2700 tsec 2.5790
#GCMRL#  301 dt  36.288000 rms  0.579  0.035% neg 0  invalid 762 tFOTS 0.0000 tGradient 2.4480 tsec 2.7730
#GCMRL#  302 dt  36.288000 rms  0.579  0.041% neg 0  invalid 762 tFOTS 0.0000 tGradient 2.5300 tsec 2.8620
#GCMRL#  303 dt  36.288000 rms  0.579  0.047% neg 0  invalid 762 tFOTS 0.0000 tGradient 2.4460 tsec 2.7810
#GCMRL#  304 dt  36.288000 rms  0.578  0.044% neg 0  invalid 762 tFOTS 0.0000 tGradient 2.1680 tsec 2.4740
#GCMRL#  305 dt  36.288000 rms  0.578  0.039% neg 0  invalid 762 tFOTS 0.0000 tGradient 2.1180 tsec 2.4290
#GCMRL#  306 dt  36.288000 rms  0.578  0.034% neg 0  invalid 762 tFOTS 0.0000 tGradient 2.1360 tsec 2.4430
#GCMRL#  307 dt  36.288000 rms  0.578  0.030% neg 0  invalid 762 tFOTS 0.0000 tGradient 2.1500 tsec 2.4540
#GCMRL#  308 dt  36.288000 rms  0.578  0.037% neg 0  invalid 762 tFOTS 0.0000 tGradient 2.1730 tsec 2.4800
#GCMRL#  309 dt  36.288000 rms  0.577  0.039% neg 0  invalid 762 tFOTS 0.0000 tGradient 2.3110 tsec 2.6070
#GCMRL#  310 dt  36.288000 rms  0.577  0.039% neg 0  invalid 762 tFOTS 0.0000 tGradient 2.6650 tsec 2.9840
#GCMRL#  311 dt  36.288000 rms  0.577  0.034% neg 0  invalid 762 tFOTS 0.0000 tGradient 2.2220 tsec 2.5250
#GCMRL#  312 dt  36.288000 rms  0.577  0.032% neg 0  invalid 762 tFOTS 0.0000 tGradient 2.2500 tsec 2.5560
#GCMRL#  313 dt  36.288000 rms  0.576  0.032% neg 0  invalid 762 tFOTS 0.0000 tGradient 2.2090 tsec 2.5310
#GCMRL#  314 dt  36.288000 rms  0.576  0.036% neg 0  invalid 762 tFOTS 0.0000 tGradient 2.1670 tsec 2.4850
#GCMRL#  315 dt  36.288000 rms  0.576  0.036% neg 0  invalid 762 tFOTS 0.0000 tGradient 2.1190 tsec 2.4320
#GCMRL#  316 dt  36.288000 rms  0.576  0.035% neg 0  invalid 762 tFOTS 0.0000 tGradient 2.1620 tsec 2.4600
#GCMRL#  317 dt  36.288000 rms  0.576  0.030% neg 0  invalid 762 tFOTS 0.0000 tGradient 2.1110 tsec 2.4110
#GCMRL#  318 dt  36.288000 rms  0.576  0.028% neg 0  invalid 762 tFOTS 0.0000 tGradient 2.1250 tsec 2.4410
#GCMRL#  319 dt  36.288000 rms  0.575  0.027% neg 0  invalid 762 tFOTS 0.0000 tGradient 2.2140 tsec 2.5330
#GCMRL#  320 dt  36.288000 rms  0.575  0.028% neg 0  invalid 762 tFOTS 0.0000 tGradient 2.1380 tsec 2.4590
#GCMRL#  321 dt  36.288000 rms  0.575  0.032% neg 0  invalid 762 tFOTS 0.0000 tGradient 2.2300 tsec 2.5510
#GCMRL#  322 dt  36.288000 rms  0.575  0.028% neg 0  invalid 762 tFOTS 0.0000 tGradient 2.3320 tsec 2.6840
#GCMRL#  323 dt  36.288000 rms  0.575  0.025% neg 0  invalid 762 tFOTS 0.0000 tGradient 2.1190 tsec 2.4370
#GCMRL#  324 dt  36.288000 rms  0.575  0.024% neg 0  invalid 762 tFOTS 0.0000 tGradient 2.2630 tsec 2.6410
#FOTS# QuadFit found better minimum quadopt=(dt=145.152,rms=0.57455) vs oldopt=(dt=103.68,rms=0.574562)
#GCMRL#  325 dt 145.152000 rms  0.575  0.000% neg 0  invalid 762 tFOTS 4.8610 tGradient 2.6560 tsec 7.8910
#GCMRL#  326 dt 145.152000 rms  0.575  0.002% neg 0  invalid 762 tFOTS 0.0000 tGradient 2.1180 tsec 2.4450
#GCMRL#  327 dt 145.152000 rms  0.574  0.031% neg 0  invalid 762 tFOTS 0.0000 tGradient 2.1610 tsec 2.4840
#GCMRL#  328 dt 145.152000 rms  0.574 -0.041% neg 0  invalid 762 tFOTS 0.0000 tGradient 2.1030 tsec 2.6800
#FOTS# QuadFit found better minimum quadopt=(dt=9.072,rms=0.574322) vs oldopt=(dt=6.48,rms=0.574324)
#GCMRL#  329 dt   9.072000 rms  0.574  0.002% neg 0  invalid 762 tFOTS 4.9280 tGradient 2.1560 tsec 7.4360
#FOTS# QuadFit found better minimum quadopt=(dt=9.072,rms=0.574323) vs oldopt=(dt=6.48,rms=0.574323)
setting smoothness cost coefficient to 0.118

#GCAMreg# pass 0 level1 3 level2 0 tsec 0 sigma 2
l_jacobian=1.00 l_label=1.00 l_log_likelihood=0.20 l_smoothness=0.12 
tol=5.00e-02, dt=5.00e-02, exp_k=20.0, momentum=0.90, levels=6, niter=500, lbl_dist=10.00, avgs=16, sigma=2.0,type=2, relabel=0, neg=no

blurring input image with Gaussian with sigma=2.000...
GCAMRegisterLevel(): init RMS 0.590396
#FOTS# QuadFit found better minimum quadopt=(dt=38.4,rms=0.586616) vs oldopt=(dt=32,rms=0.586714)
#GCMRL#  331 dt  38.400000 rms  0.587  0.640% neg 0  invalid 762 tFOTS 4.4120 tGradient 1.8790 tsec 6.6510
#FOTS# QuadFit found better minimum quadopt=(dt=76.8,rms=0.582563) vs oldopt=(dt=128,rms=0.583846)
#GCMRL#  332 dt  76.800000 rms  0.583  0.691% neg 0  invalid 762 tFOTS 4.6550 tGradient 1.8370 tsec 6.8480
#FOTS# QuadFit found better minimum quadopt=(dt=30.7071,rms=0.579478) vs oldopt=(dt=32,rms=0.579495)
#GCMRL#  333 dt  30.707071 rms  0.579  0.530% neg 0  invalid 762 tFOTS 4.3400 tGradient 1.8240 tsec 6.4970
#FOTS# QuadFit found better minimum quadopt=(dt=44.8,rms=0.57667) vs oldopt=(dt=32,rms=0.576993)
#GCMRL#  334 dt  44.800000 rms  0.577  0.484% neg 0  invalid 762 tFOTS 4.2800 tGradient 1.8010 tsec 6.4150
#FOTS# QuadFit found better minimum quadopt=(dt=25.6,rms=0.574744) vs oldopt=(dt=32,rms=0.574777)
#GCMRL#  335 dt  25.600000 rms  0.575  0.334% neg 0  invalid 762 tFOTS 4.4410 tGradient 1.8180 tsec 6.6150
#FOTS# QuadFit found better minimum quadopt=(dt=100.766,rms=0.572215) vs oldopt=(dt=32,rms=0.572936)
#GCMRL#  336 dt 100.765957 rms  0.572  0.440% neg 0  invalid 762 tFOTS 4.5250 tGradient 1.7850 tsec 6.6510
#FOTS# QuadFit found better minimum quadopt=(dt=23.5306,rms=0.568934) vs oldopt=(dt=32,rms=0.569448)
#GCMRL#  337 dt  23.530587 rms  0.569  0.573% neg 0  invalid 762 tFOTS 4.2200 tGradient 1.8480 tsec 6.4060
#FOTS# QuadFit found better minimum quadopt=(dt=44.8,rms=0.567459) vs oldopt=(dt=32,rms=0.567533)
#GCMRL#  338 dt  44.800000 rms  0.567  0.259% neg 0  invalid 762 tFOTS 4.2180 tGradient 1.7420 tsec 6.2940
#FOTS# QuadFit found better minimum quadopt=(dt=25.6,rms=0.566063) vs oldopt=(dt=32,rms=0.566112)
#GCMRL#  339 dt  25.600000 rms  0.566  0.246% neg 0  invalid 762 tFOTS 4.1860 tGradient 1.8010 tsec 6.3180
#FOTS# QuadFit found better minimum quadopt=(dt=25.6,rms=0.565407) vs oldopt=(dt=32,rms=0.565409)
#GCMRL#  340 dt  25.600000 rms  0.565  0.116% neg 0  invalid 762 tFOTS 4.2490 tGradient 1.7530 tsec 6.3460
#FOTS# QuadFit found better minimum quadopt=(dt=44.8,rms=0.56398) vs oldopt=(dt=32,rms=0.564283)
#GCMRL#  341 dt  44.800000 rms  0.564  0.252% neg 0  invalid 762 tFOTS 4.3340 tGradient 1.7950 tsec 6.4900
#FOTS# QuadFit found better minimum quadopt=(dt=25.6,rms=0.563421) vs oldopt=(dt=32,rms=0.563457)
#GCMRL#  342 dt  25.600000 rms  0.563  0.099% neg 0  invalid 762 tFOTS 4.1970 tGradient 1.7340 tsec 6.2660
#FOTS# QuadFit found better minimum quadopt=(dt=78.7692,rms=0.562225) vs oldopt=(dt=32,rms=0.562434)
#GCMRL#  343 dt  78.769231 rms  0.562  0.212% neg 0  invalid 762 tFOTS 4.1820 tGradient 1.7370 tsec 6.2470
#FOTS# QuadFit found better minimum quadopt=(dt=24.2791,rms=0.560866) vs oldopt=(dt=32,rms=0.561083)
#GCMRL#  344 dt  24.279070 rms  0.561  0.242% neg 0  invalid 762 tFOTS 4.1920 tGradient 1.8160 tsec 6.3430
#FOTS# QuadFit found better minimum quadopt=(dt=44.8,rms=0.560051) vs oldopt=(dt=32,rms=0.560102)
#GCMRL#  345 dt  44.800000 rms  0.560  0.145% neg 0  invalid 762 tFOTS 4.1640 tGradient 1.8000 tsec 6.2980
#GCMRL#  346 dt  32.000000 rms  0.559  0.169% neg 0  invalid 762 tFOTS 4.1980 tGradient 1.7590 tsec 6.2850
#FOTS# QuadFit found better minimum quadopt=(dt=11.2,rms=0.558837) vs oldopt=(dt=8,rms=0.558881)
#GCMRL#  347 dt  11.200000 rms  0.559  0.000% neg 0  invalid 762 tFOTS 4.2430 tGradient 1.8490 tsec 6.4560
#GCMRL#  348 dt  11.200000 rms  0.559  0.035% neg 0  invalid 762 tFOTS 0.0000 tGradient 1.7730 tsec 2.0950
#GCMRL#  349 dt  11.200000 rms  0.558  0.052% neg 0  invalid 762 tFOTS 0.0000 tGradient 1.7380 tsec 2.0450
#GCMRL#  350 dt  11.200000 rms  0.558  0.083% neg 0  invalid 762 tFOTS 0.0000 tGradient 1.7430 tsec 2.0710
#GCMRL#  351 dt  11.200000 rms  0.557  0.131% neg 0  invalid 762 tFOTS 0.0000 tGradient 1.7440 tsec 2.0600
#GCMRL#  352 dt  11.200000 rms  0.556  0.159% neg 0  invalid 762 tFOTS 0.0000 tGradient 1.7350 tsec 2.0420
#GCMRL#  353 dt  11.200000 rms  0.555  0.151% neg 0  invalid 762 tFOTS 0.0000 tGradient 1.7770 tsec 2.0900
#GCMRL#  354 dt  11.200000 rms  0.555  0.150% neg 0  invalid 762 tFOTS 0.0000 tGradient 1.7500 tsec 2.0670
#GCMRL#  355 dt  11.200000 rms  0.554  0.144% neg 0  invalid 762 tFOTS 0.0000 tGradient 1.7680 tsec 2.0780
#GCMRL#  356 dt  11.200000 rms  0.553  0.156% neg 0  invalid 762 tFOTS 0.0000 tGradient 1.7250 tsec 2.0410
#GCMRL#  357 dt  11.200000 rms  0.552  0.171% neg 0  invalid 762 tFOTS 0.0000 tGradient 1.7620 tsec 2.0720
#GCMRL#  358 dt  11.200000 rms  0.551  0.189% neg 0  invalid 762 tFOTS 0.0000 tGradient 1.7300 tsec 2.0360
#GCMRL#  359 dt  11.200000 rms  0.550  0.189% neg 0  invalid 762 tFOTS 0.0000 tGradient 1.7100 tsec 2.0160
#GCMRL#  360 dt  11.200000 rms  0.549  0.156% neg 0  invalid 762 tFOTS 0.0000 tGradient 1.7440 tsec 2.0500
#GCMRL#  361 dt  11.200000 rms  0.548  0.133% neg 0  invalid 762 tFOTS 0.0000 tGradient 1.7240 tsec 2.0370
#GCMRL#  362 dt  11.200000 rms  0.548  0.118% neg 0  invalid 762 tFOTS 0.0000 tGradient 1.7250 tsec 2.0380
#GCMRL#  363 dt  11.200000 rms  0.547  0.113% neg 0  invalid 762 tFOTS 0.0000 tGradient 1.7350 tsec 2.0480
#GCMRL#  364 dt  11.200000 rms  0.546  0.119% neg 0  invalid 762 tFOTS 0.0000 tGradient 1.7030 tsec 2.0180
#GCMRL#  365 dt  11.200000 rms  0.546  0.133% neg 0  invalid 762 tFOTS 0.0000 tGradient 1.7270 tsec 2.0360
#GCMRL#  366 dt  11.200000 rms  0.545  0.134% neg 0  invalid 762 tFOTS 0.0000 tGradient 1.7410 tsec 2.0480
#GCMRL#  367 dt  11.200000 rms  0.544  0.115% neg 0  invalid 762 tFOTS 0.0000 tGradient 1.7090 tsec 2.0140
#GCMRL#  368 dt  11.200000 rms  0.544  0.088% neg 0  invalid 762 tFOTS 0.0000 tGradient 1.7350 tsec 2.0450
#GCMRL#  369 dt  11.200000 rms  0.543  0.067% neg 0  invalid 762 tFOTS 0.0000 tGradient 1.7260 tsec 2.0310
#GCMRL#  370 dt  11.200000 rms  0.543  0.006% neg 0  invalid 762 tFOTS 0.0000 tGradient 1.7140 tsec 2.1990
#GCMRL#  371 dt  11.200000 rms  0.543  0.005% neg 0  invalid 762 tFOTS 0.0000 tGradient 1.7090 tsec 2.0440
#FOTS# QuadFit found better minimum quadopt=(dt=44.8,rms=0.543302) vs oldopt=(dt=32,rms=0.543311)
#GCMRL#  372 dt  44.800000 rms  0.543  0.022% neg 0  invalid 762 tFOTS 4.1200 tGradient 1.7210 tsec 6.1740
#FOTS# QuadFit found better minimum quadopt=(dt=6.4,rms=0.54329) vs oldopt=(dt=8,rms=0.543291)
#GCMRL#  373 dt   6.400000 rms  0.543  0.000% neg 0  invalid 762 tFOTS 4.1990 tGradient 1.6670 tsec 6.2090
#GCMRL#  374 dt   6.400000 rms  0.543  0.002% neg 0  invalid 762 tFOTS 0.0000 tGradient 1.6840 tsec 1.9890

#GCAMreg# pass 0 level1 3 level2 1 tsec 185.041 sigma 0.5
l_jacobian=1.00 l_label=1.00 l_log_likelihood=0.20 l_smoothness=0.12 
tol=5.00e-02, dt=5.00e-02, exp_k=20.0, momentum=0.90, levels=6, niter=500, lbl_dist=10.00, avgs=16, sigma=0.5,type=2, relabel=0, neg=no

blurring input image with Gaussian with sigma=0.500...
GCAMRegisterLevel(): init RMS 0.544122
#FOTS# QuadFit found better minimum quadopt=(dt=38.4,rms=0.541892) vs oldopt=(dt=32,rms=0.541952)
#GCMRL#  376 dt  38.400000 rms  0.542  0.410% neg 0  invalid 762 tFOTS 4.3790 tGradient 1.6920 tsec 6.3920
#FOTS# QuadFit found better minimum quadopt=(dt=44.8,rms=0.541074) vs oldopt=(dt=32,rms=0.541132)
#GCMRL#  377 dt  44.800000 rms  0.541  0.151% neg 0  invalid 762 tFOTS 4.3950 tGradient 1.6820 tsec 6.4030
#FOTS# QuadFit found better minimum quadopt=(dt=11.2,rms=0.540655) vs oldopt=(dt=8,rms=0.540719)
#GCMRL#  378 dt  11.200000 rms  0.541  0.077% neg 0  invalid 762 tFOTS 4.3720 tGradient 1.7030 tsec 6.4120
#FOTS# QuadFit found better minimum quadopt=(dt=38.4,rms=0.540376) vs oldopt=(dt=32,rms=0.540386)
#GCMRL#  379 dt  38.400000 rms  0.540  0.052% neg 0  invalid 762 tFOTS 4.5190 tGradient 1.7320 tsec 6.5970
#FOTS# QuadFit found better minimum quadopt=(dt=25.6,rms=0.540177) vs oldopt=(dt=32,rms=0.540211)
#GCMRL#  380 dt  25.600000 rms  0.540  0.000% neg 0  invalid 762 tFOTS 4.3130 tGradient 1.7590 tsec 6.4380
#GCMRL#  381 dt  25.600000 rms  0.540  0.029% neg 0  invalid 762 tFOTS 0.0000 tGradient 1.7920 tsec 2.1160
#GCMRL#  382 dt  25.600000 rms  0.540  0.055% neg 0  invalid 762 tFOTS 0.0000 tGradient 2.2530 tsec 2.6610
#GCMRL#  383 dt  25.600000 rms  0.539  0.057% neg 0  invalid 762 tFOTS 0.0000 tGradient 2.4140 tsec 2.8280
#GCMRL#  384 dt  25.600000 rms  0.539  0.103% neg 0  invalid 762 tFOTS 0.0000 tGradient 2.3930 tsec 2.8150
#GCMRL#  385 dt  25.600000 rms  0.539  0.060% neg 0  invalid 762 tFOTS 0.0000 tGradient 2.3870 tsec 2.7950
#GCMRL#  386 dt  25.600000 rms  0.538  0.066% neg 0  invalid 762 tFOTS 0.0000 tGradient 2.4290 tsec 2.8440
#GCMRL#  387 dt  25.600000 rms  0.538  0.062% neg 0  invalid 762 tFOTS 0.0000 tGradient 2.3020 tsec 2.6770
#GCMRL#  388 dt  25.600000 rms  0.537  0.078% neg 0  invalid 762 tFOTS 0.0000 tGradient 2.2560 tsec 2.6490
#GCMRL#  389 dt  25.600000 rms  0.537  0.079% neg 0  invalid 762 tFOTS 0.0000 tGradient 2.3690 tsec 2.8060
#GCMRL#  390 dt  25.600000 rms  0.537  0.077% neg 0  invalid 762 tFOTS 0.0000 tGradient 2.3590 tsec 2.7870
#GCMRL#  391 dt  25.600000 rms  0.536  0.104% neg 0  invalid 762 tFOTS 0.0000 tGradient 2.3790 tsec 2.7680
#GCMRL#  392 dt  25.600000 rms  0.535  0.114% neg 0  invalid 762 tFOTS 0.0000 tGradient 2.3660 tsec 2.7820
#GCMRL#  393 dt  25.600000 rms  0.535  0.099% neg 0  invalid 762 tFOTS 0.0000 tGradient 2.3700 tsec 2.7800
#GCMRL#  394 dt  25.600000 rms  0.534  0.093% neg 0  invalid 762 tFOTS 0.0000 tGradient 2.3790 tsec 2.8020
#GCMRL#  395 dt  25.600000 rms  0.534  0.111% neg 0  invalid 762 tFOTS 0.0000 tGradient 2.3870 tsec 2.8090
#GCMRL#  396 dt  25.600000 rms  0.533  0.101% neg 0  invalid 762 tFOTS 0.0000 tGradient 2.3480 tsec 2.7780
#GCMRL#  397 dt  25.600000 rms  0.533  0.095% neg 0  invalid 762 tFOTS 0.0000 tGradient 2.3450 tsec 2.7620
#GCMRL#  398 dt  25.600000 rms  0.532  0.069% neg 0  invalid 762 tFOTS 0.0000 tGradient 2.4030 tsec 2.8350
#GCMRL#  399 dt  25.600000 rms  0.532  0.106% neg 0  invalid 762 tFOTS 0.0000 tGradient 2.0780 tsec 2.4400
#GCMRL#  400 dt  25.600000 rms  0.532  0.016% neg 0  invalid 762 tFOTS 0.0000 tGradient 1.9790 tsec 2.5380
#GCMRL#  401 dt  25.600000 rms  0.532  0.017% neg 0  invalid 762 tFOTS 0.0000 tGradient 1.9730 tsec 2.5320
#GCMRL#  402 dt  12.800000 rms  0.532  0.004% neg 0  invalid 762 tFOTS 0.0000 tGradient 2.0750 tsec 2.8220
#FOTS# QuadFit found better minimum quadopt=(dt=9.6,rms=0.531576) vs oldopt=(dt=8,rms=0.53158)
#GCMRL#  403 dt   9.600000 rms  0.532  0.008% neg 0  invalid 762 tFOTS 4.2530 tGradient 1.9130 tsec 6.5290
#FOTS# QuadFit found better minimum quadopt=(dt=0.7,rms=0.531573) vs oldopt=(dt=0.5,rms=0.531574)
#GCMRL#  404 dt   0.700000 rms  0.532  0.000% neg 0  invalid 762 tFOTS 3.6920 tGradient 1.9460 tsec 6.0230
setting smoothness cost coefficient to 0.400

#GCAMreg# pass 0 level1 2 level2 0 tsec 0 sigma 2
l_jacobian=1.00 l_label=1.00 l_log_likelihood=0.20 l_smoothness=0.40 
tol=5.00e-02, dt=5.00e-02, exp_k=20.0, momentum=0.90, levels=6, niter=500, lbl_dist=10.00, avgs=4, sigma=2.0,type=2, relabel=0, neg=no

blurring input image with Gaussian with sigma=2.000...
GCAMRegisterLevel(): init RMS 0.563983
#GCMRL#  406 dt   0.000000 rms  0.563  0.137% neg 0  invalid 762 tFOTS 4.3000 tGradient 1.8100 tsec 6.4860
#GCMRL#  407 dt   0.150000 rms  0.563  0.000% neg 0  invalid 762 tFOTS 4.3680 tGradient 1.7790 tsec 6.7820

#GCAMreg# pass 0 level1 2 level2 1 tsec 25.319 sigma 0.5
l_jacobian=1.00 l_label=1.00 l_log_likelihood=0.20 l_smoothness=0.40 
tol=5.00e-02, dt=5.00e-02, exp_k=20.0, momentum=0.90, levels=6, niter=500, lbl_dist=10.00, avgs=4, sigma=0.5,type=2, relabel=0, neg=no

blurring input image with Gaussian with sigma=0.500...
GCAMRegisterLevel(): init RMS 0.563983
#GCMRL#  409 dt   0.000000 rms  0.563  0.137% neg 0  invalid 762 tFOTS 4.6670 tGradient 1.7980 tsec 6.8460
#GCMRL#  410 dt   0.150000 rms  0.563  0.000% neg 0  invalid 762 tFOTS 4.7040 tGradient 1.8100 tsec 7.1510
setting smoothness cost coefficient to 1.000

#GCAMreg# pass 0 level1 1 level2 0 tsec 0 sigma 2
l_jacobian=1.00 l_label=1.00 l_log_likelihood=0.20 l_smoothness=1.00 
tol=5.00e-02, dt=5.00e-02, exp_k=20.0, momentum=0.90, levels=6, niter=500, lbl_dist=10.00, avgs=1, sigma=2.0,type=2, relabel=0, neg=no

blurring input image with Gaussian with sigma=2.000...
GCAMRegisterLevel(): init RMS 0.62584
#FOTS# QuadFit found better minimum quadopt=(dt=1.792,rms=0.619882) vs oldopt=(dt=1.28,rms=0.620163)
#GCMRL#  412 dt   1.792000 rms  0.620  0.952% neg 0  invalid 762 tFOTS 4.9350 tGradient 1.5750 tsec 6.9270
#GCMRL#  413 dt   0.320000 rms  0.620  0.000% neg 0  invalid 762 tFOTS 5.2070 tGradient 1.7500 tsec 7.4130

#GCAMreg# pass 0 level1 1 level2 1 tsec 26.341 sigma 0.5
l_jacobian=1.00 l_label=1.00 l_log_likelihood=0.20 l_smoothness=1.00 
tol=5.00e-02, dt=5.00e-02, exp_k=20.0, momentum=0.90, levels=6, niter=500, lbl_dist=10.00, avgs=1, sigma=0.5,type=2, relabel=0, neg=no

blurring input image with Gaussian with sigma=0.500...
GCAMRegisterLevel(): init RMS 0.620507
#FOTS# QuadFit found better minimum quadopt=(dt=1.024,rms=0.619199) vs oldopt=(dt=1.28,rms=0.619292)
#GCMRL#  415 dt   1.024000 rms  0.619  0.211% neg 0  invalid 762 tFOTS 5.0800 tGradient 1.7460 tsec 7.2000
#FOTS# QuadFit found better minimum quadopt=(dt=0.112,rms=0.61919) vs oldopt=(dt=0.08,rms=0.61919)
#GCMRL#  416 dt   0.112000 rms  0.619  0.000% neg 0  invalid 762 tFOTS 5.0740 tGradient 1.5500 tsec 7.0160
resetting metric properties...
setting smoothness cost coefficient to 2.000

#GCAMreg# pass 0 level1 0 level2 0 tsec 0 sigma 2
l_jacobian=1.00 l_label=1.00 l_log_likelihood=0.20 l_smoothness=2.00 
tol=5.00e-02, dt=5.00e-02, exp_k=20.0, momentum=0.90, levels=6, niter=500, lbl_dist=10.00, avgs=0, sigma=2.0,type=2, relabel=0, neg=no

blurring input image with Gaussian with sigma=2.000...
GCAMRegisterLevel(): init RMS 0.549046
#FOTS# QuadFit found better minimum quadopt=(dt=0.448,rms=0.534289) vs oldopt=(dt=0.32,rms=0.538109)
#GCMRL#  418 dt   0.448000 rms  0.534  2.688% neg 0  invalid 762 tFOTS 4.4890 tGradient 1.0290 tsec 5.8790
#FOTS# QuadFit found better minimum quadopt=(dt=0.448,rms=0.530244) vs oldopt=(dt=0.32,rms=0.531377)
#GCMRL#  419 dt   0.448000 rms  0.530  0.757% neg 0  invalid 762 tFOTS 4.3390 tGradient 1.0890 tsec 5.7850
#FOTS# QuadFit found better minimum quadopt=(dt=0.448,rms=0.527938) vs oldopt=(dt=0.32,rms=0.52859)
#GCMRL#  420 dt   0.448000 rms  0.528  0.435% neg 0  invalid 762 tFOTS 4.4270 tGradient 1.0950 tsec 5.8840
#FOTS# QuadFit found better minimum quadopt=(dt=0.448,rms=0.526504) vs oldopt=(dt=0.32,rms=0.526897)
#GCMRL#  421 dt   0.448000 rms  0.527  0.272% neg 0  invalid 762 tFOTS 3.9610 tGradient 0.9140 tsec 5.2140
#FOTS# QuadFit found better minimum quadopt=(dt=0.448,rms=0.525452) vs oldopt=(dt=0.32,rms=0.525746)
#GCMRL#  422 dt   0.448000 rms  0.525  0.200% neg 0  invalid 762 tFOTS 3.9170 tGradient 0.9160 tsec 5.1700
#FOTS# QuadFit found better minimum quadopt=(dt=0.448,rms=0.524662) vs oldopt=(dt=0.32,rms=0.524871)
#GCMRL#  423 dt   0.448000 rms  0.525  0.150% neg 0  invalid 762 tFOTS 3.9440 tGradient 0.9170 tsec 5.1960
#FOTS# QuadFit found better minimum quadopt=(dt=0.448,rms=0.524015) vs oldopt=(dt=0.32,rms=0.524184)
#GCMRL#  424 dt   0.448000 rms  0.524  0.123% neg 0  invalid 762 tFOTS 3.9170 tGradient 0.9140 tsec 5.1630
#FOTS# QuadFit found better minimum quadopt=(dt=0.448,rms=0.523525) vs oldopt=(dt=0.32,rms=0.523643)
#GCMRL#  425 dt   0.448000 rms  0.524  0.094% neg 0  invalid 762 tFOTS 3.9350 tGradient 0.8630 tsec 5.1370
#FOTS# QuadFit found better minimum quadopt=(dt=0.448,rms=0.523089) vs oldopt=(dt=0.32,rms=0.523188)
#GCMRL#  426 dt   0.448000 rms  0.523  0.083% neg 0  invalid 762 tFOTS 3.9420 tGradient 0.9120 tsec 5.1790
#FOTS# QuadFit found better minimum quadopt=(dt=0.448,rms=0.522756) vs oldopt=(dt=0.32,rms=0.52282)
#GCMRL#  427 dt   0.448000 rms  0.523  0.064% neg 0  invalid 762 tFOTS 3.8920 tGradient 0.8640 tsec 5.0930
#FOTS# QuadFit found better minimum quadopt=(dt=0.448,rms=0.522449) vs oldopt=(dt=0.32,rms=0.522502)
#GCMRL#  428 dt   0.448000 rms  0.522  0.059% neg 0  invalid 762 tFOTS 3.9500 tGradient 0.9110 tsec 5.1980
#FOTS# QuadFit found better minimum quadopt=(dt=0.448,rms=0.52221) vs oldopt=(dt=0.32,rms=0.522236)
#GCMRL#  429 dt   0.448000 rms  0.522  0.000% neg 0  invalid 762 tFOTS 3.9250 tGradient 0.8590 tsec 5.1360
#GCMRL#  430 dt   0.448000 rms  0.522  0.045% neg 0  invalid 762 tFOTS 0.0000 tGradient 0.9090 tsec 1.2330
#GCMRL#  431 dt   0.448000 rms  0.522  0.079% neg 0  invalid 762 tFOTS 0.0000 tGradient 0.8670 tsec 1.1950
#GCMRL#  432 dt   0.448000 rms  0.521  0.084% neg 0  invalid 762 tFOTS 0.0000 tGradient 0.9120 tsec 1.2410
#GCMRL#  433 dt   0.448000 rms  0.521  0.103% neg 0  invalid 762 tFOTS 0.0000 tGradient 0.9140 tsec 1.2410
#GCMRL#  434 dt   0.448000 rms  0.520  0.102% neg 0  invalid 762 tFOTS 0.0000 tGradient 0.9130 tsec 1.2640
#GCMRL#  435 dt   0.448000 rms  0.520  0.081% neg 0  invalid 762 tFOTS 0.0000 tGradient 0.9030 tsec 1.2310
#GCMRL#  436 dt   0.448000 rms  0.519  0.047% neg 0  invalid 762 tFOTS 0.0000 tGradient 0.9570 tsec 1.2840
#GCMRL#  437 dt   0.448000 rms  0.519  0.046% neg 0  invalid 762 tFOTS 0.0000 tGradient 0.9110 tsec 1.2370
#GCMRL#  438 dt   0.224000 rms  0.519  0.012% neg 0  invalid 762 tFOTS 0.0000 tGradient 0.9310 tsec 1.5880
#GCMRL#  439 dt   0.224000 rms  0.519 -0.011% neg 0  invalid 762 tFOTS 0.0000 tGradient 0.8980 tsec 1.4680
#GCMRL#  440 dt   0.320000 rms  0.519  0.004% neg 0  invalid 762 tFOTS 3.8650 tGradient 0.9060 tsec 5.1020
#FOTS# QuadFit found better minimum quadopt=(dt=0.016,rms=0.519064) vs oldopt=(dt=0.02,rms=0.519064)

#GCAMreg# pass 0 level1 0 level2 1 tsec 96.675 sigma 0.5
l_jacobian=1.00 l_label=1.00 l_log_likelihood=0.20 l_smoothness=2.00 
tol=5.00e-02, dt=5.00e-02, exp_k=20.0, momentum=0.90, levels=6, niter=500, lbl_dist=10.00, avgs=0, sigma=0.5,type=2, relabel=0, neg=no

blurring input image with Gaussian with sigma=0.500...
GCAMRegisterLevel(): init RMS 0.51988
#FOTS# QuadFit found better minimum quadopt=(dt=0.384,rms=0.515305) vs oldopt=(dt=0.32,rms=0.515895)
#GCMRL#  442 dt   0.384000 rms  0.515  0.880% neg 0  invalid 762 tFOTS 3.8950 tGradient 0.9110 tsec 5.1420
#FOTS# QuadFit found better minimum quadopt=(dt=0.448,rms=0.514105) vs oldopt=(dt=0.32,rms=0.514425)
#GCMRL#  443 dt   0.448000 rms  0.514  0.233% neg 0  invalid 762 tFOTS 4.3180 tGradient 0.8930 tsec 5.5780
#FOTS# QuadFit found better minimum quadopt=(dt=0.448,rms=0.513828) vs oldopt=(dt=0.32,rms=0.513882)
#GCMRL#  444 dt   0.448000 rms  0.514  0.054% neg 0  invalid 762 tFOTS 4.3190 tGradient 0.9100 tsec 5.5780
#FOTS# QuadFit found better minimum quadopt=(dt=0.384,rms=0.513716) vs oldopt=(dt=0.32,rms=0.513718)
#GCMRL#  445 dt   0.384000 rms  0.514  0.000% neg 0  invalid 762 tFOTS 4.3350 tGradient 0.9240 tsec 5.6610
#GCMRL#  446 dt   0.384000 rms  0.514  0.010% neg 0  invalid 762 tFOTS 0.0000 tGradient 1.0430 tsec 1.4540
#GCMRL#  447 dt   0.384000 rms  0.514  0.017% neg 0  invalid 762 tFOTS 0.0000 tGradient 1.0330 tsec 1.4030
#GCMRL#  448 dt   0.384000 rms  0.514  0.003% neg 0  invalid 762 tFOTS 0.0000 tGradient 0.9560 tsec 1.3190
GCAMregister done in 23.8359 min
********************* ALLOWING NEGATIVE NODES IN DEFORMATION********************************
noneg post
Starting GCAMregister()
label assignment complete, 0 changed (0.00%)
npasses = 1, nlevels = 6
#pass# 1 of 1 ************************
enabling zero nodes
setting smoothness cost coefficient to 0.008

#GCAMreg# pass 0 level1 5 level2 0 tsec 0 sigma 2
l_jacobian=1.00 l_label=1.00 l_log_likelihood=0.20 l_smoothness=0.01 
tol=2.50e-01, dt=5.00e-02, exp_k=20.0, momentum=0.90, levels=6, niter=500, lbl_dist=10.00, avgs=256, sigma=2.0,type=2, relabel=0, neg=yes

blurring input image with Gaussian with sigma=2.000...
GCAMRegisterLevel(): init RMS 0.511461
#FOTS# QuadFit found better minimum quadopt=(dt=32.368,rms=0.510615) vs oldopt=(dt=23.12,rms=0.510623)
#GCMRL#  450 dt  32.368000 rms  0.511  0.165% neg 0  invalid 762 tFOTS 5.1210 tGradient 3.0600 tsec 8.5120
#FOTS# QuadFit found better minimum quadopt=(dt=32.368,rms=0.51058) vs oldopt=(dt=23.12,rms=0.510583)
#GCMRL#  451 dt  32.368000 rms  0.511  0.000% neg 0  invalid 762 tFOTS 5.1350 tGradient 2.6480 tsec 8.2250

#GCAMreg# pass 0 level1 5 level2 1 tsec 30.338 sigma 0.5
l_jacobian=1.00 l_label=1.00 l_log_likelihood=0.20 l_smoothness=0.01 
tol=2.50e-01, dt=5.00e-02, exp_k=20.0, momentum=0.90, levels=6, niter=500, lbl_dist=10.00, avgs=256, sigma=0.5,type=2, relabel=0, neg=yes

blurring input image with Gaussian with sigma=0.500...
GCAMRegisterLevel(): init RMS 0.511392
#FOTS# QuadFit found better minimum quadopt=(dt=129.472,rms=0.510184) vs oldopt=(dt=92.48,rms=0.510258)
#GCMRL#  453 dt 129.472000 rms  0.510  0.236% neg 0  invalid 762 tFOTS 5.3360 tGradient 3.1660 tsec 8.9380
#GCMRL#  454 dt  92.480000 rms  0.510  0.000% neg 0  invalid 762 tFOTS 5.3420 tGradient 3.2800 tsec 8.9820
#GCMRL#  455 dt  92.480000 rms  0.510  0.042% neg 0  invalid 762 tFOTS 0.0000 tGradient 2.8600 tsec 3.1780
#GCMRL#  456 dt  92.480000 rms  0.510  0.039% neg 0  invalid 762 tFOTS 0.0000 tGradient 2.7010 tsec 3.0190
setting smoothness cost coefficient to 0.031

#GCAMreg# pass 0 level1 4 level2 0 tsec 0 sigma 2
l_jacobian=1.00 l_label=1.00 l_log_likelihood=0.20 l_smoothness=0.03 
tol=2.50e-01, dt=5.00e-02, exp_k=20.0, momentum=0.90, levels=6, niter=500, lbl_dist=10.00, avgs=64, sigma=2.0,type=2, relabel=0, neg=yes

blurring input image with Gaussian with sigma=2.000...
GCAMRegisterLevel(): init RMS 0.51033
#FOTS# QuadFit found better minimum quadopt=(dt=36.288,rms=0.508763) vs oldopt=(dt=25.92,rms=0.508913)
#GCMRL#  458 dt  36.288000 rms  0.509  0.307% neg 0  invalid 762 tFOTS 4.7580 tGradient 2.0700 tsec 7.1660
#FOTS# QuadFit found better minimum quadopt=(dt=82.944,rms=0.508234) vs oldopt=(dt=103.68,rms=0.508292)
iter 0, gcam->neg = 2
after 0 iterations, nbhd size=0, neg = 0
#GCMRL#  459 dt  82.944000 rms  0.508  0.000% neg 0  invalid 762 tFOTS 4.7540 tGradient 2.1430 tsec 8.3650
iter 0, gcam->neg = 7
after 0 iterations, nbhd size=0, neg = 0
#GCMRL#  460 dt  82.944000 rms  0.508  0.103% neg 0  invalid 762 tFOTS 0.0000 tGradient 1.8280 tsec 3.2390
iter 0, gcam->neg = 1
after 0 iterations, nbhd size=0, neg = 0
#GCMRL#  461 dt  82.944000 rms  0.508  0.024% neg 0  invalid 762 tFOTS 0.0000 tGradient 1.8410 tsec 3.2600
iter 0, gcam->neg = 11
after 9 iterations, nbhd size=1, neg = 0

#GCAMreg# pass 0 level1 4 level2 1 tsec 39.688 sigma 0.5
l_jacobian=1.00 l_label=1.00 l_log_likelihood=0.20 l_smoothness=0.03 
tol=2.50e-01, dt=5.00e-02, exp_k=20.0, momentum=0.90, levels=6, niter=500, lbl_dist=10.00, avgs=64, sigma=0.5,type=2, relabel=0, neg=yes

blurring input image with Gaussian with sigma=0.500...
GCAMRegisterLevel(): init RMS 0.508384
#FOTS# QuadFit found better minimum quadopt=(dt=103.318,rms=0.505292) vs oldopt=(dt=103.68,rms=0.505293)
iter 0, gcam->neg = 1
after 1 iterations, nbhd size=0, neg = 0
#GCMRL#  463 dt 103.318386 rms  0.505  0.608% neg 0  invalid 762 tFOTS 5.0010 tGradient 1.8920 tsec 8.8110
#FOTS# QuadFit found better minimum quadopt=(dt=36.288,rms=0.504675) vs oldopt=(dt=25.92,rms=0.504716)
#GCMRL#  464 dt  36.288000 rms  0.505  0.000% neg 0  invalid 762 tFOTS 5.0150 tGradient 1.8230 tsec 7.1940
#GCMRL#  465 dt  36.288000 rms  0.504  0.075% neg 0  invalid 762 tFOTS 0.0000 tGradient 1.8360 tsec 2.1500
#GCMRL#  466 dt  36.288000 rms  0.504  0.100% neg 0  invalid 762 tFOTS 0.0000 tGradient 1.8100 tsec 2.1230
#GCMRL#  467 dt  36.288000 rms  0.503  0.113% neg 0  invalid 762 tFOTS 0.0000 tGradient 1.8880 tsec 2.2030
#GCMRL#  468 dt  36.288000 rms  0.503  0.102% neg 0  invalid 762 tFOTS 0.0000 tGradient 1.9030 tsec 2.2160
#GCMRL#  469 dt  36.288000 rms  0.502  0.091% neg 0  invalid 762 tFOTS 0.0000 tGradient 1.8720 tsec 2.2070
#FOTS# QuadFit found better minimum quadopt=(dt=145.152,rms=0.501895) vs oldopt=(dt=103.68,rms=0.501956)
iter 0, gcam->neg = 1
after 0 iterations, nbhd size=0, neg = 0
setting smoothness cost coefficient to 0.118

#GCAMreg# pass 0 level1 3 level2 0 tsec 0 sigma 2
l_jacobian=1.00 l_label=1.00 l_log_likelihood=0.20 l_smoothness=0.12 
tol=2.50e-01, dt=5.00e-02, exp_k=20.0, momentum=0.90, levels=6, niter=500, lbl_dist=10.00, avgs=16, sigma=2.0,type=2, relabel=0, neg=yes

blurring input image with Gaussian with sigma=2.000...
GCAMRegisterLevel(): init RMS 0.503418
#FOTS# QuadFit found better minimum quadopt=(dt=38.4,rms=0.498875) vs oldopt=(dt=32,rms=0.498972)
iter 0, gcam->neg = 14
after 10 iterations, nbhd size=1, neg = 0
#GCMRL#  471 dt  38.400000 rms  0.499  0.886% neg 0  invalid 762 tFOTS 4.9380 tGradient 1.6030 tsec 12.6760
#FOTS# QuadFit found better minimum quadopt=(dt=25.6,rms=0.496815) vs oldopt=(dt=32,rms=0.496858)
iter 0, gcam->neg = 3
after 8 iterations, nbhd size=1, neg = 0
#GCMRL#  472 dt  25.600000 rms  0.497  0.421% neg 0  invalid 762 tFOTS 4.9130 tGradient 1.5740 tsec 11.7530
#FOTS# QuadFit found better minimum quadopt=(dt=22.9091,rms=0.495209) vs oldopt=(dt=32,rms=0.495458)
iter 0, gcam->neg = 5
after 3 iterations, nbhd size=0, neg = 0
#GCMRL#  473 dt  22.909091 rms  0.495  0.332% neg 0  invalid 762 tFOTS 4.9080 tGradient 1.6210 tsec 9.4140
#FOTS# QuadFit found better minimum quadopt=(dt=19.2,rms=0.494242) vs oldopt=(dt=32,rms=0.494431)
iter 0, gcam->neg = 5
after 6 iterations, nbhd size=0, neg = 0
#GCMRL#  474 dt  19.200000 rms  0.494  0.000% neg 0  invalid 762 tFOTS 4.9420 tGradient 1.5960 tsec 10.6360
iter 0, gcam->neg = 5
after 5 iterations, nbhd size=0, neg = 0
#GCMRL#  475 dt  19.200000 rms  0.493  0.184% neg 0  invalid 762 tFOTS 0.0000 tGradient 1.6620 tsec 5.5600
iter 0, gcam->neg = 10
after 10 iterations, nbhd size=1, neg = 0
#GCMRL#  476 dt  19.200000 rms  0.492  0.264% neg 0  invalid 762 tFOTS 0.0000 tGradient 1.6480 tsec 8.0780
iter 0, gcam->neg = 17
after 17 iterations, nbhd size=1, neg = 0
#GCMRL#  477 dt  19.200000 rms  0.491  0.263% neg 0  invalid 762 tFOTS 0.0000 tGradient 1.7070 tsec 11.3420
iter 0, gcam->neg = 16
after 11 iterations, nbhd size=1, neg = 0
#GCMRL#  478 dt  19.200000 rms  0.489  0.310% neg 0  invalid 762 tFOTS 0.0000 tGradient 1.5710 tsec 8.4220
iter 0, gcam->neg = 28
after 8 iterations, nbhd size=0, neg = 0
#GCMRL#  479 dt  19.200000 rms  0.488  0.252% neg 0  invalid 762 tFOTS 0.0000 tGradient 1.5940 tsec 6.7630
iter 0, gcam->neg = 38
after 17 iterations, nbhd size=1, neg = 0
#GCMRL#  480 dt  19.200000 rms  0.487  0.217% neg 0  invalid 762 tFOTS 0.0000 tGradient 1.6530 tsec 11.3840
iter 0, gcam->neg = 47
after 10 iterations, nbhd size=0, neg = 0
#GCMRL#  481 dt  19.200000 rms  0.486  0.163% neg 0  invalid 762 tFOTS 0.0000 tGradient 1.6480 tsec 7.9430
iter 0, gcam->neg = 60
after 20 iterations, nbhd size=1, neg = 0
#GCMRL#  482 dt  19.200000 rms  0.485  0.188% neg 0  invalid 762 tFOTS 0.0000 tGradient 1.5840 tsec 12.6100
iter 0, gcam->neg = 70
after 20 iterations, nbhd size=1, neg = 0
#GCMRL#  483 dt  19.200000 rms  0.485  0.124% neg 0  invalid 762 tFOTS 0.0000 tGradient 1.6170 tsec 12.6550
iter 0, gcam->neg = 58
after 23 iterations, nbhd size=1, neg = 0
#GCMRL#  484 dt  19.200000 rms  0.484  0.159% neg 0  invalid 762 tFOTS 0.0000 tGradient 1.6560 tsec 14.1190
iter 0, gcam->neg = 64
after 20 iterations, nbhd size=1, neg = 0
#GCMRL#  485 dt  19.200000 rms  0.483  0.085% neg 0  invalid 762 tFOTS 0.0000 tGradient 1.6640 tsec 12.4110
iter 0, gcam->neg = 50
after 31 iterations, nbhd size=1, neg = 0
#GCMRL#  486 dt  19.200000 rms  0.483  0.153% neg 0  invalid 762 tFOTS 0.0000 tGradient 1.6560 tsec 17.9160
iter 0, gcam->neg = 50
after 23 iterations, nbhd size=1, neg = 0
#GCMRL#  487 dt  19.200000 rms  0.482  0.052% neg 0  invalid 762 tFOTS 0.0000 tGradient 1.5750 tsec 14.0880
iter 0, gcam->neg = 62
after 32 iterations, nbhd size=1, neg = 0
#GCMRL#  488 dt  19.200000 rms  0.482  0.040% neg 0  invalid 762 tFOTS 0.0000 tGradient 1.6240 tsec 17.5820
#FOTS# QuadFit found better minimum quadopt=(dt=11.2,rms=0.482106) vs oldopt=(dt=8,rms=0.482134)
iter 0, gcam->neg = 16
after 12 iterations, nbhd size=0, neg = 0
#GCMRL#  489 dt  11.200000 rms  0.482  0.000% neg 0  invalid 762 tFOTS 5.1310 tGradient 1.6370 tsec 13.6410
iter 0, gcam->neg = 6
after 3 iterations, nbhd size=0, neg = 0
#GCMRL#  490 dt  11.200000 rms  0.482  0.025% neg 0  invalid 762 tFOTS 0.0000 tGradient 1.6930 tsec 4.6220
iter 0, gcam->neg = 17
after 13 iterations, nbhd size=0, neg = 0
#GCMRL#  491 dt  11.200000 rms  0.482  0.027% neg 0  invalid 762 tFOTS 0.0000 tGradient 1.6860 tsec 9.3260
iter 0, gcam->neg = 18
after 28 iterations, nbhd size=1, neg = 0
#GCMRL#  492 dt  11.200000 rms  0.482  0.023% neg 0  invalid 762 tFOTS 0.0000 tGradient 1.6890 tsec 16.7770
iter 0, gcam->neg = 30
after 21 iterations, nbhd size=1, neg = 0

#GCAMreg# pass 0 level1 3 level2 1 tsec 272.374 sigma 0.5
l_jacobian=1.00 l_label=1.00 l_log_likelihood=0.20 l_smoothness=0.12 
tol=2.50e-01, dt=5.00e-02, exp_k=20.0, momentum=0.90, levels=6, niter=500, lbl_dist=10.00, avgs=16, sigma=0.5,type=2, relabel=0, neg=yes

blurring input image with Gaussian with sigma=0.500...
GCAMRegisterLevel(): init RMS 0.482486
#FOTS# QuadFit found better minimum quadopt=(dt=44.8,rms=0.478967) vs oldopt=(dt=32,rms=0.47927)
iter 0, gcam->neg = 2
after 3 iterations, nbhd size=0, neg = 0
#GCMRL#  494 dt  44.800000 rms  0.479  0.730% neg 0  invalid 762 tFOTS 5.5700 tGradient 1.9380 tsec 10.4320
#FOTS# QuadFit found better minimum quadopt=(dt=25.6,rms=0.477934) vs oldopt=(dt=32,rms=0.477951)
#GCMRL#  495 dt  25.600000 rms  0.478  0.000% neg 0  invalid 762 tFOTS 5.5870 tGradient 1.8510 tsec 7.8480
#GCMRL#  496 dt  25.600000 rms  0.477  0.097% neg 0  invalid 762 tFOTS 0.0000 tGradient 1.8910 tsec 2.2600
#GCMRL#  497 dt  25.600000 rms  0.476  0.261% neg 0  invalid 762 tFOTS 0.0000 tGradient 1.9340 tsec 2.2930
iter 0, gcam->neg = 2
after 1 iterations, nbhd size=0, neg = 0
#GCMRL#  498 dt  25.600000 rms  0.475  0.198% neg 0  invalid 762 tFOTS 0.0000 tGradient 1.9990 tsec 3.9660
iter 0, gcam->neg = 3
after 2 iterations, nbhd size=0, neg = 0
#GCMRL#  499 dt  25.600000 rms  0.474  0.215% neg 0  invalid 762 tFOTS 0.0000 tGradient 1.8940 tsec 4.3620
iter 0, gcam->neg = 4
after 7 iterations, nbhd size=1, neg = 0
#GCMRL#  500 dt  25.600000 rms  0.474  0.030% neg 0  invalid 762 tFOTS 0.0000 tGradient 1.9170 tsec 6.8600
iter 0, gcam->neg = 10
after 9 iterations, nbhd size=1, neg = 0
#GCMRL#  501 dt  25.600000 rms  0.473  0.151% neg 0  invalid 762 tFOTS 0.0000 tGradient 1.9520 tsec 7.9370
iter 0, gcam->neg = 15
after 12 iterations, nbhd size=1, neg = 0
#GCMRL#  502 dt  25.600000 rms  0.473  0.018% neg 0  invalid 762 tFOTS 0.0000 tGradient 1.8830 tsec 9.2670
iter 0, gcam->neg = 8
after 5 iterations, nbhd size=0, neg = 0
#GCMRL#  503 dt  25.600000 rms  0.473  0.026% neg 0  invalid 762 tFOTS 0.0000 tGradient 1.8990 tsec 5.5990
iter 0, gcam->neg = 6
after 9 iterations, nbhd size=1, neg = 0
#GCMRL#  504 dt  25.600000 rms  0.473 -0.092% neg 0  invalid 762 tFOTS 0.0000 tGradient 1.8910 tsec 8.0910
#FOTS# QuadFit found better minimum quadopt=(dt=11.2,rms=0.472838) vs oldopt=(dt=8,rms=0.472889)
#GCMRL#  505 dt  11.200000 rms  0.473  0.066% neg 0  invalid 762 tFOTS 5.5600 tGradient 1.8820 tsec 7.8240
#FOTS# QuadFit found better minimum quadopt=(dt=44.8,rms=0.472527) vs oldopt=(dt=32,rms=0.472569)
iter 0, gcam->neg = 2
after 7 iterations, nbhd size=1, neg = 0
setting smoothness cost coefficient to 0.400

#GCAMreg# pass 0 level1 2 level2 0 tsec 0 sigma 2
l_jacobian=1.00 l_label=1.00 l_log_likelihood=0.20 l_smoothness=0.40 
tol=2.50e-01, dt=5.00e-02, exp_k=20.0, momentum=0.90, levels=6, niter=500, lbl_dist=10.00, avgs=4, sigma=2.0,type=2, relabel=0, neg=yes

blurring input image with Gaussian with sigma=2.000...
GCAMRegisterLevel(): init RMS 0.481131
#FOTS# QuadFit found better minimum quadopt=(dt=1.008,rms=0.480185) vs oldopt=(dt=0.72,rms=0.480197)
#GCMRL#  507 dt   1.008000 rms  0.480  0.197% neg 0  invalid 762 tFOTS 5.7530 tGradient 1.7500 tsec 7.8800
#FOTS# QuadFit found better minimum quadopt=(dt=0.864,rms=0.480151) vs oldopt=(dt=0.72,rms=0.480152)
#GCMRL#  508 dt   0.864000 rms  0.480  0.000% neg 0  invalid 762 tFOTS 5.4140 tGradient 1.8150 tsec 7.6540
#GCMRL#  509 dt   0.864000 rms  0.480  0.000% neg 0  invalid 762 tFOTS 0.0000 tGradient 1.7110 tsec 2.0810

#GCAMreg# pass 0 level1 2 level2 1 tsec 29.751 sigma 0.5
l_jacobian=1.00 l_label=1.00 l_log_likelihood=0.20 l_smoothness=0.40 
tol=2.50e-01, dt=5.00e-02, exp_k=20.0, momentum=0.90, levels=6, niter=500, lbl_dist=10.00, avgs=4, sigma=0.5,type=2, relabel=0, neg=yes

blurring input image with Gaussian with sigma=0.500...
GCAMRegisterLevel(): init RMS 0.481004
#FOTS# QuadFit found better minimum quadopt=(dt=2.304,rms=0.480078) vs oldopt=(dt=2.88,rms=0.480083)
#GCMRL#  511 dt   2.304000 rms  0.480  0.193% neg 0  invalid 762 tFOTS 5.7100 tGradient 1.7320 tsec 7.8430
#FOTS# QuadFit found better minimum quadopt=(dt=1.008,rms=0.480059) vs oldopt=(dt=0.72,rms=0.480064)
#GCMRL#  512 dt   1.008000 rms  0.480  0.000% neg 0  invalid 762 tFOTS 5.7340 tGradient 1.7480 tsec 7.8930
#GCMRL#  513 dt   1.008000 rms  0.480  0.006% neg 0  invalid 762 tFOTS 0.0000 tGradient 1.7440 tsec 2.1200
setting smoothness cost coefficient to 1.000

#GCAMreg# pass 0 level1 1 level2 0 tsec 0 sigma 2
l_jacobian=1.00 l_label=1.00 l_log_likelihood=0.20 l_smoothness=1.00 
tol=2.50e-01, dt=5.00e-02, exp_k=20.0, momentum=0.90, levels=6, niter=500, lbl_dist=10.00, avgs=1, sigma=2.0,type=2, relabel=0, neg=yes

blurring input image with Gaussian with sigma=2.000...
GCAMRegisterLevel(): init RMS 0.49371
#FOTS# QuadFit found better minimum quadopt=(dt=0.448,rms=0.49262) vs oldopt=(dt=0.32,rms=0.492674)
#GCMRL#  515 dt   0.448000 rms  0.493  0.221% neg 0  invalid 762 tFOTS 5.8420 tGradient 1.5910 tsec 7.8180
#FOTS# QuadFit found better minimum quadopt=(dt=0.448,rms=0.492525) vs oldopt=(dt=0.32,rms=0.492531)
#GCMRL#  516 dt   0.448000 rms  0.493  0.000% neg 0  invalid 762 tFOTS 5.8120 tGradient 1.6070 tsec 7.8290

#GCAMreg# pass 0 level1 1 level2 1 tsec 27.621 sigma 0.5
l_jacobian=1.00 l_label=1.00 l_log_likelihood=0.20 l_smoothness=1.00 
tol=2.50e-01, dt=5.00e-02, exp_k=20.0, momentum=0.90, levels=6, niter=500, lbl_dist=10.00, avgs=1, sigma=0.5,type=2, relabel=0, neg=yes

blurring input image with Gaussian with sigma=0.500...
GCAMRegisterLevel(): init RMS 0.49334
#FOTS# QuadFit found better minimum quadopt=(dt=1.536,rms=0.4915) vs oldopt=(dt=1.28,rms=0.491536)
#GCMRL#  518 dt   1.536000 rms  0.492  0.373% neg 0  invalid 762 tFOTS 5.4700 tGradient 1.5900 tsec 7.4300
#FOTS# QuadFit found better minimum quadopt=(dt=1.024,rms=0.491354) vs oldopt=(dt=1.28,rms=0.491373)
#GCMRL#  519 dt   1.024000 rms  0.491  0.000% neg 0  invalid 762 tFOTS 5.6990 tGradient 1.5630 tsec 7.6670
resetting metric properties...
setting smoothness cost coefficient to 2.000

#GCAMreg# pass 0 level1 0 level2 0 tsec 0 sigma 2
l_jacobian=1.00 l_label=1.00 l_log_likelihood=0.20 l_smoothness=2.00 
tol=2.50e-01, dt=5.00e-02, exp_k=20.0, momentum=0.90, levels=6, niter=500, lbl_dist=10.00, avgs=0, sigma=2.0,type=2, relabel=0, neg=yes

blurring input image with Gaussian with sigma=2.000...
GCAMRegisterLevel(): init RMS 0.479864
#FOTS# QuadFit found better minimum quadopt=(dt=1.67617,rms=0.454082) vs oldopt=(dt=1.28,rms=0.455653)
iter 0, gcam->neg = 2317
after 15 iterations, nbhd size=1, neg = 0
#GCMRL#  521 dt   1.676167 rms  0.452  5.739% neg 0  invalid 762 tFOTS 5.6080 tGradient 1.0820 tsec 13.9880
#GCMRL#  522 dt   0.000013 rms  0.452  0.000% neg 0  invalid 762 tFOTS 7.2790 tGradient 1.0380 tsec 8.7250

#GCAMreg# pass 0 level1 0 level2 1 tsec 34.037 sigma 0.5
l_jacobian=1.00 l_label=1.00 l_log_likelihood=0.20 l_smoothness=2.00 
tol=2.50e-01, dt=5.00e-02, exp_k=20.0, momentum=0.90, levels=6, niter=500, lbl_dist=10.00, avgs=0, sigma=0.5,type=2, relabel=0, neg=yes

blurring input image with Gaussian with sigma=0.500...
GCAMRegisterLevel(): init RMS 0.453317
#FOTS# QuadFit found better minimum quadopt=(dt=0.024,rms=0.452288) vs oldopt=(dt=0.02,rms=0.452288)
#GCMRL#  524 dt   0.024000 rms  0.452  0.227% neg 0  invalid 762 tFOTS 5.5440 tGradient 0.9980 tsec 6.9360
label assignment complete, 0 changed (0.00%)
GCAMregister done in 10.7375 min
Starting GCAMcomputeMaxPriorLabels()
Morphing with label term set to 0 *******************************
Starting GCAMregister()
label assignment complete, 0 changed (0.00%)
npasses = 1, nlevels = 6
#pass# 1 of 1 ************************
enabling zero nodes
setting smoothness cost coefficient to 0.008

#GCAMreg# pass 0 level1 5 level2 0 tsec 0 sigma 2
l_jacobian=1.00 l_log_likelihood=0.20 l_smoothness=0.01 
tol=2.50e-01, dt=5.00e-02, exp_k=20.0, momentum=0.90, levels=6, niter=500, lbl_dist=10.00, avgs=256, sigma=2.0,type=2, relabel=0, neg=yes

blurring input image with Gaussian with sigma=2.000...
GCAMRegisterLevel(): init RMS 0.441656
#FOTS# QuadFit found better minimum quadopt=(dt=8.092,rms=0.441653) vs oldopt=(dt=5.78,rms=0.441653)
#GCMRL#  526 dt   8.092000 rms  0.442  0.001% neg 0  invalid 762 tFOTS 4.7280 tGradient 2.3000 tsec 7.3580
#FOTS# QuadFit found better minimum quadopt=(dt=0.50575,rms=0.441653) vs oldopt=(dt=0.36125,rms=0.441653)
#GCMRL#  527 dt   0.505750 rms  0.442  0.000% neg 0  invalid 762 tFOTS 4.4900 tGradient 1.6120 tsec 6.4380

#GCAMreg# pass 0 level1 5 level2 1 tsec 25.397 sigma 0.5
l_jacobian=1.00 l_log_likelihood=0.20 l_smoothness=0.01 
tol=2.50e-01, dt=5.00e-02, exp_k=20.0, momentum=0.90, levels=6, niter=500, lbl_dist=10.00, avgs=256, sigma=0.5,type=2, relabel=0, neg=yes

blurring input image with Gaussian with sigma=0.500...
GCAMRegisterLevel(): init RMS 0.441653
#FOTS# QuadFit found better minimum quadopt=(dt=55.488,rms=0.441617) vs oldopt=(dt=92.48,rms=0.441624)
#GCMRL#  529 dt  55.488000 rms  0.442  0.008% neg 0  invalid 762 tFOTS 4.5850 tGradient 1.6260 tsec 6.5660
#FOTS# QuadFit found better minimum quadopt=(dt=129.472,rms=0.441584) vs oldopt=(dt=92.48,rms=0.441587)
#GCMRL#  530 dt 129.472000 rms  0.442  0.000% neg 0  invalid 762 tFOTS 4.9080 tGradient 2.0740 tsec 7.3510
#GCMRL#  531 dt 129.472000 rms  0.442  0.010% neg 0  invalid 762 tFOTS 0.0000 tGradient 1.8610 tsec 2.1580
#GCMRL#  532 dt 129.472000 rms  0.441  0.011% neg 0  invalid 762 tFOTS 0.0000 tGradient 1.6660 tsec 1.9640
#GCMRL#  533 dt 129.472000 rms  0.441  0.007% neg 0  invalid 762 tFOTS 0.0000 tGradient 1.6980 tsec 2.0020
setting smoothness cost coefficient to 0.031

#GCAMreg# pass 0 level1 4 level2 0 tsec 0 sigma 2
l_jacobian=1.00 l_log_likelihood=0.20 l_smoothness=0.03 
tol=2.50e-01, dt=5.00e-02, exp_k=20.0, momentum=0.90, levels=6, niter=500, lbl_dist=10.00, avgs=64, sigma=2.0,type=2, relabel=0, neg=yes

blurring input image with Gaussian with sigma=2.000...
GCAMRegisterLevel(): init RMS 0.441566
#FOTS# QuadFit found better minimum quadopt=(dt=9.072,rms=0.441539) vs oldopt=(dt=6.48,rms=0.441543)
#GCMRL#  535 dt   9.072000 rms  0.442  0.006% neg 0  invalid 762 tFOTS 4.6940 tGradient 1.2520 tsec 6.2660
#FOTS# QuadFit found better minimum quadopt=(dt=2.268,rms=0.441538) vs oldopt=(dt=1.62,rms=0.441538)
#GCMRL#  536 dt   2.268000 rms  0.442  0.000% neg 0  invalid 762 tFOTS 4.6820 tGradient 1.2760 tsec 6.3030

#GCAMreg# pass 0 level1 4 level2 1 tsec 23.784 sigma 0.5
l_jacobian=1.00 l_log_likelihood=0.20 l_smoothness=0.03 
tol=2.50e-01, dt=5.00e-02, exp_k=20.0, momentum=0.90, levels=6, niter=500, lbl_dist=10.00, avgs=64, sigma=0.5,type=2, relabel=0, neg=yes

blurring input image with Gaussian with sigma=0.500...
GCAMRegisterLevel(): init RMS 0.441538
#FOTS# QuadFit found better minimum quadopt=(dt=145.152,rms=0.441016) vs oldopt=(dt=103.68,rms=0.441081)
iter 0, gcam->neg = 1
after 0 iterations, nbhd size=0, neg = 0
#GCMRL#  538 dt 145.152000 rms  0.441  0.118% neg 0  invalid 762 tFOTS 4.4270 tGradient 1.2640 tsec 7.1200
#FOTS# QuadFit found better minimum quadopt=(dt=62.208,rms=0.440874) vs oldopt=(dt=103.68,rms=0.440916)
iter 0, gcam->neg = 1
after 0 iterations, nbhd size=0, neg = 0
#GCMRL#  539 dt  62.208000 rms  0.441  0.000% neg 0  invalid 762 tFOTS 4.5500 tGradient 1.2750 tsec 7.1520
iter 0, gcam->neg = 3
after 7 iterations, nbhd size=1, neg = 0
#GCMRL#  540 dt  62.208000 rms  0.441  0.019% neg 0  invalid 762 tFOTS 0.0000 tGradient 1.2500 tsec 6.0050
iter 0, gcam->neg = 3
after 0 iterations, nbhd size=0, neg = 0
#GCMRL#  541 dt  62.208000 rms  0.441  0.027% neg 0  invalid 762 tFOTS 0.0000 tGradient 1.2470 tsec 2.6250
iter 0, gcam->neg = 7
after 9 iterations, nbhd size=1, neg = 0
#GCMRL#  542 dt  62.208000 rms  0.441  0.017% neg 0  invalid 762 tFOTS 0.0000 tGradient 1.2650 tsec 6.8770
iter 0, gcam->neg = 11
after 1 iterations, nbhd size=0, neg = 0
setting smoothness cost coefficient to 0.118

#GCAMreg# pass 0 level1 3 level2 0 tsec 0 sigma 2
l_jacobian=1.00 l_log_likelihood=0.20 l_smoothness=0.12 
tol=2.50e-01, dt=5.00e-02, exp_k=20.0, momentum=0.90, levels=6, niter=500, lbl_dist=10.00, avgs=16, sigma=2.0,type=2, relabel=0, neg=yes

blurring input image with Gaussian with sigma=2.000...
GCAMRegisterLevel(): init RMS 0.44111
#FOTS# QuadFit found better minimum quadopt=(dt=23.9581,rms=0.440256) vs oldopt=(dt=32,rms=0.440407)
iter 0, gcam->neg = 29
after 9 iterations, nbhd size=1, neg = 0
#GCMRL#  544 dt  23.958115 rms  0.440  0.174% neg 0  invalid 762 tFOTS 4.5490 tGradient 1.0830 tsec 11.1930
iter 0, gcam->neg = 61
after 12 iterations, nbhd size=1, neg = 0
#GCMRL#  545 dt  32.000000 rms  0.440  0.000% neg 0  invalid 762 tFOTS 4.5790 tGradient 1.0620 tsec 12.4410
iter 0, gcam->neg = 47
after 14 iterations, nbhd size=1, neg = 0
#GCMRL#  546 dt  32.000000 rms  0.440  0.061% neg 0  invalid 762 tFOTS 0.0000 tGradient 1.0860 tsec 9.2760
iter 0, gcam->neg = 75
after 18 iterations, nbhd size=1, neg = 0

#GCAMreg# pass 0 level1 3 level2 1 tsec 53.49 sigma 0.5
l_jacobian=1.00 l_log_likelihood=0.20 l_smoothness=0.12 
tol=2.50e-01, dt=5.00e-02, exp_k=20.0, momentum=0.90, levels=6, niter=500, lbl_dist=10.00, avgs=16, sigma=0.5,type=2, relabel=0, neg=yes

blurring input image with Gaussian with sigma=0.500...
GCAMRegisterLevel(): init RMS 0.439917
#FOTS# QuadFit found better minimum quadopt=(dt=44.8,rms=0.436886) vs oldopt=(dt=32,rms=0.43708)
iter 0, gcam->neg = 10
after 3 iterations, nbhd size=0, neg = 0
#GCMRL#  548 dt  44.800000 rms  0.437  0.683% neg 0  invalid 762 tFOTS 4.7320 tGradient 1.0770 tsec 8.6550
iter 0, gcam->neg = 3
after 7 iterations, nbhd size=1, neg = 0
#GCMRL#  549 dt  32.000000 rms  0.436  0.268% neg 0  invalid 762 tFOTS 4.7590 tGradient 1.0980 tsec 10.3960
#FOTS# QuadFit found better minimum quadopt=(dt=38.4,rms=0.435036) vs oldopt=(dt=32,rms=0.435068)
iter 0, gcam->neg = 3
after 7 iterations, nbhd size=1, neg = 0
#GCMRL#  550 dt  38.400000 rms  0.435  0.000% neg 0  invalid 762 tFOTS 4.6130 tGradient 1.0840 tsec 10.4810
iter 0, gcam->neg = 6
after 9 iterations, nbhd size=1, neg = 0
#GCMRL#  551 dt  38.400000 rms  0.434  0.131% neg 0  invalid 762 tFOTS 0.0000 tGradient 1.0670 tsec 6.7730
iter 0, gcam->neg = 13
after 14 iterations, nbhd size=1, neg = 0
#GCMRL#  552 dt  38.400000 rms  0.434  0.221% neg 0  invalid 762 tFOTS 0.0000 tGradient 1.0750 tsec 8.8420
iter 0, gcam->neg = 21
after 10 iterations, nbhd size=1, neg = 0
#GCMRL#  553 dt  38.400000 rms  0.433  0.191% neg 0  invalid 762 tFOTS 0.0000 tGradient 1.0790 tsec 7.2040
iter 0, gcam->neg = 27
after 15 iterations, nbhd size=1, neg = 0
#GCMRL#  554 dt  38.400000 rms  0.432  0.264% neg 0  invalid 762 tFOTS 0.0000 tGradient 1.0660 tsec 9.5740
iter 0, gcam->neg = 29
after 16 iterations, nbhd size=1, neg = 0
#GCMRL#  555 dt  38.400000 rms  0.431  0.188% neg 0  invalid 762 tFOTS 0.0000 tGradient 1.0730 tsec 10.0170
iter 0, gcam->neg = 19
after 16 iterations, nbhd size=1, neg = 0
#GCMRL#  556 dt  38.400000 rms  0.430  0.193% neg 0  invalid 762 tFOTS 0.0000 tGradient 1.0480 tsec 9.6980
iter 0, gcam->neg = 28
after 20 iterations, nbhd size=2, neg = 0
#GCMRL#  557 dt  38.400000 rms  0.429  0.185% neg 0  invalid 762 tFOTS 0.0000 tGradient 1.0730 tsec 12.1460
iter 0, gcam->neg = 22
after 13 iterations, nbhd size=1, neg = 0
#GCMRL#  558 dt  38.400000 rms  0.429  0.116% neg 0  invalid 762 tFOTS 0.0000 tGradient 1.0710 tsec 8.4700
iter 0, gcam->neg = 18
after 18 iterations, nbhd size=1, neg = 0
#GCMRL#  559 dt  38.400000 rms  0.428  0.074% neg 0  invalid 762 tFOTS 0.0000 tGradient 1.0900 tsec 11.2630
#GCMRL#  560 dt  32.000000 rms  0.428  0.000% neg 0  invalid 762 tFOTS 4.1410 tGradient 1.0890 tsec 5.5550
iter 0, gcam->neg = 2
after 0 iterations, nbhd size=0, neg = 0
#GCMRL#  561 dt  32.000000 rms  0.428  0.024% neg 0  invalid 762 tFOTS 0.0000 tGradient 1.0850 tsec 2.4550
iter 0, gcam->neg = 2
after 1 iterations, nbhd size=0, neg = 0
#GCMRL#  562 dt  32.000000 rms  0.428  0.048% neg 0  invalid 762 tFOTS 0.0000 tGradient 1.0750 tsec 2.9600
iter 0, gcam->neg = 7
after 4 iterations, nbhd size=0, neg = 0
#GCMRL#  563 dt  32.000000 rms  0.428  0.051% neg 0  invalid 762 tFOTS 0.0000 tGradient 1.0660 tsec 4.3710
iter 0, gcam->neg = 7
after 8 iterations, nbhd size=0, neg = 0
#GCMRL#  564 dt  32.000000 rms  0.427  0.032% neg 0  invalid 762 tFOTS 0.0000 tGradient 1.0680 tsec 6.2800
iter 0, gcam->neg = 9
after 8 iterations, nbhd size=0, neg = 0
setting smoothness cost coefficient to 0.400

#GCAMreg# pass 0 level1 2 level2 0 tsec 0 sigma 2
l_jacobian=1.00 l_log_likelihood=0.20 l_smoothness=0.40 
tol=2.50e-01, dt=5.00e-02, exp_k=20.0, momentum=0.90, levels=6, niter=500, lbl_dist=10.00, avgs=4, sigma=2.0,type=2, relabel=0, neg=yes

blurring input image with Gaussian with sigma=2.000...
GCAMRegisterLevel(): init RMS 0.432994
#FOTS# QuadFit found better minimum quadopt=(dt=2.82353,rms=0.432861) vs oldopt=(dt=2.88,rms=0.432861)
iter 0, gcam->neg = 2
after 1 iterations, nbhd size=0, neg = 0
#GCMRL#  566 dt   2.823529 rms  0.433  0.031% neg 0  invalid 762 tFOTS 4.7610 tGradient 0.9940 tsec 7.6360
#GCMRL#  567 dt   0.720000 rms  0.433  0.000% neg 0  invalid 762 tFOTS 4.7870 tGradient 0.9990 tsec 6.1290

#GCAMreg# pass 0 level1 2 level2 1 tsec 24.815 sigma 0.5
l_jacobian=1.00 l_log_likelihood=0.20 l_smoothness=0.40 
tol=2.50e-01, dt=5.00e-02, exp_k=20.0, momentum=0.90, levels=6, niter=500, lbl_dist=10.00, avgs=4, sigma=0.5,type=2, relabel=0, neg=yes

blurring input image with Gaussian with sigma=0.500...
GCAMRegisterLevel(): init RMS 0.432855
#FOTS# QuadFit found better minimum quadopt=(dt=7.11111,rms=0.432508) vs oldopt=(dt=11.52,rms=0.432634)
iter 0, gcam->neg = 1
after 2 iterations, nbhd size=0, neg = 0
#GCMRL#  569 dt   7.111111 rms  0.433  0.080% neg 0  invalid 762 tFOTS 4.7580 tGradient 1.0030 tsec 8.1110
#FOTS# QuadFit found better minimum quadopt=(dt=11.3043,rms=0.432194) vs oldopt=(dt=11.52,rms=0.432195)
iter 0, gcam->neg = 2
after 2 iterations, nbhd size=0, neg = 0
#GCMRL#  570 dt  11.304348 rms  0.432  0.000% neg 0  invalid 762 tFOTS 4.7730 tGradient 0.9870 tsec 8.1580
#GCMRL#  571 dt  11.304348 rms  0.432  0.108% neg 0  invalid 762 tFOTS 0.0000 tGradient 1.0110 tsec 1.3190
iter 0, gcam->neg = 8
after 13 iterations, nbhd size=1, neg = 0
#GCMRL#  572 dt  11.304348 rms  0.431  0.148% neg 0  invalid 762 tFOTS 0.0000 tGradient 1.0200 tsec 8.4980
iter 0, gcam->neg = 23
after 16 iterations, nbhd size=1, neg = 0
#GCMRL#  573 dt  11.304348 rms  0.430  0.192% neg 0  invalid 762 tFOTS 0.0000 tGradient 1.0090 tsec 10.2840
iter 0, gcam->neg = 51
after 19 iterations, nbhd size=1, neg = 0
#GCMRL#  574 dt  11.304348 rms  0.429  0.231% neg 0  invalid 762 tFOTS 0.0000 tGradient 1.0100 tsec 11.3460
iter 0, gcam->neg = 83
after 16 iterations, nbhd size=1, neg = 0
#GCMRL#  575 dt  11.304348 rms  0.428  0.257% neg 0  invalid 762 tFOTS 0.0000 tGradient 0.9820 tsec 10.1930
iter 0, gcam->neg = 104
after 17 iterations, nbhd size=1, neg = 0
#GCMRL#  576 dt  11.304348 rms  0.427  0.215% neg 0  invalid 762 tFOTS 0.0000 tGradient 1.0140 tsec 10.4640
iter 0, gcam->neg = 142
after 16 iterations, nbhd size=1, neg = 0
#GCMRL#  577 dt  11.304348 rms  0.427  0.134% neg 0  invalid 762 tFOTS 0.0000 tGradient 1.2620 tsec 10.3720
iter 0, gcam->neg = 181
after 15 iterations, nbhd size=1, neg = 0
#GCMRL#  578 dt  11.304348 rms  0.427  0.036% neg 0  invalid 762 tFOTS 0.0000 tGradient 0.9830 tsec 9.4410
iter 0, gcam->neg = 189
after 19 iterations, nbhd size=1, neg = 0
#GCMRL#  579 dt  11.304348 rms  0.427 -0.104% neg 0  invalid 762 tFOTS 0.0000 tGradient 1.0310 tsec 11.8960
#FOTS# QuadFit found better minimum quadopt=(dt=6,rms=0.426427) vs oldopt=(dt=2.88,rms=0.426462)
iter 0, gcam->neg = 9
after 6 iterations, nbhd size=0, neg = 0
#GCMRL#  580 dt   6.000000 rms  0.426  0.027% neg 0  invalid 762 tFOTS 5.3330 tGradient 1.2120 tsec 10.7600
#FOTS# QuadFit found better minimum quadopt=(dt=4.032,rms=0.426402) vs oldopt=(dt=2.88,rms=0.426403)
iter 0, gcam->neg = 1
after 17 iterations, nbhd size=2, neg = 0
setting smoothness cost coefficient to 1.000

#GCAMreg# pass 0 level1 1 level2 0 tsec 0 sigma 2
l_jacobian=1.00 l_log_likelihood=0.20 l_smoothness=1.00 
tol=2.50e-01, dt=5.00e-02, exp_k=20.0, momentum=0.90, levels=6, niter=500, lbl_dist=10.00, avgs=1, sigma=2.0,type=2, relabel=0, neg=yes

blurring input image with Gaussian with sigma=2.000...
GCAMRegisterLevel(): init RMS 0.433784
#GCMRL#  582 dt   0.000050 rms  0.434  0.000% neg 0  invalid 762 tFOTS 7.0570 tGradient 1.0560 tsec 8.4710

#GCAMreg# pass 0 level1 1 level2 1 tsec 24.603 sigma 0.5
l_jacobian=1.00 l_log_likelihood=0.20 l_smoothness=1.00 
tol=2.50e-01, dt=5.00e-02, exp_k=20.0, momentum=0.90, levels=6, niter=500, lbl_dist=10.00, avgs=1, sigma=0.5,type=2, relabel=0, neg=yes

blurring input image with Gaussian with sigma=0.500...
GCAMRegisterLevel(): init RMS 0.433784
resetting metric properties...
setting smoothness cost coefficient to 2.000

#GCAMreg# pass 0 level1 0 level2 0 tsec 0 sigma 2
l_jacobian=1.00 l_log_likelihood=0.20 l_smoothness=2.00 
tol=2.50e-01, dt=5.00e-02, exp_k=20.0, momentum=0.90, levels=6, niter=500, lbl_dist=10.00, avgs=0, sigma=2.0,type=2, relabel=0, neg=yes

blurring input image with Gaussian with sigma=2.000...
GCAMRegisterLevel(): init RMS 0.421429
#FOTS# QuadFit found better minimum quadopt=(dt=0.982252,rms=0.412303) vs oldopt=(dt=1.28,rms=0.413247)
iter 0, gcam->neg = 873
after 19 iterations, nbhd size=1, neg = 0
#GCMRL#  585 dt   0.982252 rms  0.414  1.662% neg 0  invalid 762 tFOTS 5.3400 tGradient 0.5030 tsec 14.5580
#FOTS# QuadFit found better minimum quadopt=(dt=0.016,rms=0.414418) vs oldopt=(dt=0.02,rms=0.414418)
#GCMRL#  586 dt   0.016000 rms  0.414  0.000% neg 0  invalid 762 tFOTS 5.0350 tGradient 0.5230 tsec 5.9200
#GCMRL#  587 dt   0.016000 rms  0.414  0.000% neg 0  invalid 762 tFOTS 0.0000 tGradient 0.4010 tsec 0.6970

#GCAMreg# pass 0 level1 0 level2 1 tsec 31.57 sigma 0.5
l_jacobian=1.00 l_log_likelihood=0.20 l_smoothness=2.00 
tol=2.50e-01, dt=5.00e-02, exp_k=20.0, momentum=0.90, levels=6, niter=500, lbl_dist=10.00, avgs=0, sigma=0.5,type=2, relabel=0, neg=yes

blurring input image with Gaussian with sigma=0.500...
GCAMRegisterLevel(): init RMS 0.414418
#FOTS# QuadFit found better minimum quadopt=(dt=0.256,rms=0.413611) vs oldopt=(dt=0.32,rms=0.413673)
#GCMRL#  589 dt   0.256000 rms  0.414  0.195% neg 0  invalid 762 tFOTS 4.4770 tGradient 0.3830 tsec 5.1620
#FOTS# QuadFit found better minimum quadopt=(dt=0.448,rms=0.412728) vs oldopt=(dt=0.32,rms=0.412778)
iter 0, gcam->neg = 9
after 0 iterations, nbhd size=0, neg = 0
#GCMRL#  590 dt   0.448000 rms  0.413  0.215% neg 0  invalid 762 tFOTS 4.3740 tGradient 0.3940 tsec 5.8350
#FOTS# QuadFit found better minimum quadopt=(dt=0.448,rms=0.411981) vs oldopt=(dt=0.32,rms=0.412043)
iter 0, gcam->neg = 15
after 2 iterations, nbhd size=0, neg = 0
#GCMRL#  591 dt   0.448000 rms  0.412  0.000% neg 0  invalid 762 tFOTS 4.8620 tGradient 0.3780 tsec 8.0640
iter 0, gcam->neg = 3
after 0 iterations, nbhd size=0, neg = 0
#GCMRL#  592 dt   0.448000 rms  0.411  0.132% neg 0  invalid 762 tFOTS 0.0000 tGradient 0.5040 tsec 1.9010
iter 0, gcam->neg = 22
after 3 iterations, nbhd size=0, neg = 0
#GCMRL#  593 dt   0.448000 rms  0.411  0.156% neg 0  invalid 762 tFOTS 0.0000 tGradient 0.4970 tsec 3.4900
iter 0, gcam->neg = 58
after 13 iterations, nbhd size=1, neg = 0
#GCMRL#  594 dt   0.448000 rms  0.411 -0.049% neg 0  invalid 762 tFOTS 0.0000 tGradient 0.4860 tsec 8.8660
#FOTS# QuadFit found better minimum quadopt=(dt=0.256,rms=0.410514) vs oldopt=(dt=0.32,rms=0.410533)
#GCMRL#  595 dt   0.256000 rms  0.411  0.070% neg 0  invalid 762 tFOTS 5.5020 tGradient 0.4940 tsec 6.3270
#FOTS# QuadFit found better minimum quadopt=(dt=0.384,rms=0.410215) vs oldopt=(dt=0.32,rms=0.410221)
iter 0, gcam->neg = 1
after 0 iterations, nbhd size=0, neg = 0
#GCMRL#  596 dt   0.384000 rms  0.410  0.073% neg 0  invalid 762 tFOTS 4.8490 tGradient 0.3990 tsec 6.6160
#FOTS# QuadFit found better minimum quadopt=(dt=0.112,rms=0.41013) vs oldopt=(dt=0.08,rms=0.410143)
GCAMregister done in 9.55423 min
writing output transformation to transforms/talairach.m3z...
GCAMwrite
Calls to gcamLogLikelihoodEnergy 4272 tmin = 2.0773
Calls to gcamLabelEnergy         3566 tmin = 1.28905
Calls to gcamJacobianEnergy      4272 tmin = 1.04263
Calls to gcamSmoothnessEnergy    4272 tmin = 5.3877
Calls to gcamLogLikelihoodTerm 598 tmin = 1.01712
Calls to gcamLabelTerm         526 tmin = 4.93263
Calls to gcamJacobianTerm      598 tmin = 1.28558
Calls to gcamSmoothnessTerm    598 tmin = 0.518933
Calls to gcamComputeGradient    598 tmin = 20.3096
Calls to gcamComputeMetricProperties    6790 tmin = 2.71538
mri_ca_register took 0 hours, 56 minutes and 6 seconds.
#VMPC# mri_ca_register VmPeak  3129376
FSRUNTIME@ mri_ca_register  0.9350 hours 16 threads
#--------------------------------------
#@# SubCort Seg Fri Mar  6 08:40:05 CET 2026

 mri_ca_label -relabel_unlikely 9 .3 -prior 0.5 -align norm.mgz transforms/talairach.m3z /opt/freesurfer/average/RB_all_2020-01-02.gca aseg.auto_noCCseg.mgz 

sysname  Linux
hostname dna052
machine  x86_64

setenv SUBJECTS_DIR /out/sourcedata/freesurfer
cd /out/sourcedata/freesurfer/sub-v1s10x0051024_ses-1/mri
mri_ca_label -relabel_unlikely 9 .3 -prior 0.5 -align norm.mgz transforms/talairach.m3z /opt/freesurfer/average/RB_all_2020-01-02.gca aseg.auto_noCCseg.mgz 

relabeling unlikely voxels with window_size = 9 and prior threshold 0.30
using Gibbs prior factor = 0.500
renormalizing sequences with structure alignment, equivalent to:
	-renormalize
	-renormalize_mean 0.500
	-regularize 0.500

== Number of threads available to for OpenMP = 16 == 
reading 1 input volumes
reading classifier array from /opt/freesurfer/average/RB_all_2020-01-02.gca
reading input volume from norm.mgz
average std[0] = 7.2
reading transform from transforms/talairach.m3z
setting orig areas to linear transform determinant scaled 6.68
Atlas used for the 3D morph was /opt/freesurfer/average/RB_all_2020-01-02.gca
average std = 7.2   using min determinant for regularization = 5.2
0 singular and 0 ill-conditioned covariance matrices regularized
labeling volume...
renormalizing by structure alignment....
renormalizing input #0
gca peak = 0.15521 (20)
mri peak = 0.10715 ( 4)
Left_Lateral_Ventricle (4): linear fit = 0.17 x + 0.0 (174 voxels, overlap=0.144)
Left_Lateral_Ventricle (4): linear fit = 0.40 x + 0.0 (174 voxels, peak =  3), gca=8.0
gca peak = 0.20380 (13)
mri peak = 0.07799 (21)
Right_Lateral_Ventricle (43): linear fit = 1.41 x + 0.0 (209 voxels, overlap=0.244)
Right_Lateral_Ventricle (43): linear fit = 1.41 x + 0.0 (209 voxels, peak = 18), gca=18.4
gca peak = 0.26283 (96)
mri peak = 0.19539 (107)
Right_Pallidum (52): linear fit = 1.11 x + 0.0 (807 voxels, overlap=0.025)
Right_Pallidum (52): linear fit = 1.11 x + 0.0 (807 voxels, peak = 106), gca=106.1
gca peak = 0.15814 (97)
mri peak = 0.22990 (107)
Left_Pallidum (13): linear fit = 1.11 x + 0.0 (708 voxels, overlap=0.023)
Left_Pallidum (13): linear fit = 1.11 x + 0.0 (708 voxels, peak = 107), gca=107.2
gca peak = 0.27624 (56)
mri peak = 0.14479 (55)
Right_Hippocampus (53): linear fit = 0.99 x + 0.0 (921 voxels, overlap=1.006)
Right_Hippocampus (53): linear fit = 0.99 x + 0.0 (921 voxels, peak = 55), gca=55.2
gca peak = 0.28723 (59)
mri peak = 0.11067 (60)
Left_Hippocampus (17): linear fit = 1.00 x + 0.0 (1020 voxels, overlap=1.009)
Left_Hippocampus (17): linear fit = 1.00 x + 0.0 (1020 voxels, peak = 59), gca=59.0
gca peak = 0.07623 (103)
mri peak = 0.13675 (108)
Right_Cerebral_White_Matter (41): linear fit = 1.04 x + 0.0 (56270 voxels, overlap=0.452)
Right_Cerebral_White_Matter (41): linear fit = 1.04 x + 0.0 (56270 voxels, peak = 108), gca=107.6
gca peak = 0.07837 (105)
mri peak = 0.15679 (107)
Left_Cerebral_White_Matter (2): linear fit = 1.03 x + 0.0 (61540 voxels, overlap=0.414)
Left_Cerebral_White_Matter (2): linear fit = 1.03 x + 0.0 (61540 voxels, peak = 109), gca=108.7
gca peak = 0.10165 (58)
mri peak = 0.04698 (56)
Left_Cerebral_Cortex (3): linear fit = 0.94 x + 0.0 (30216 voxels, overlap=0.956)
Left_Cerebral_Cortex (3): linear fit = 0.94 x + 0.0 (30216 voxels, peak = 55), gca=54.8
gca peak = 0.11113 (58)
mri peak = 0.04747 (56)
Right_Cerebral_Cortex (42): linear fit = 0.94 x + 0.0 (29642 voxels, overlap=0.922)
Right_Cerebral_Cortex (42): linear fit = 0.94 x + 0.0 (29642 voxels, peak = 55), gca=54.8
gca peak = 0.27796 (67)
mri peak = 0.12501 (74)
Right_Caudate (50): linear fit = 1.10 x + 0.0 (753 voxels, overlap=0.422)
Right_Caudate (50): linear fit = 1.10 x + 0.0 (753 voxels, peak = 73), gca=73.4
gca peak = 0.14473 (69)
mri peak = 0.13113 (74)
Left_Caudate (11): linear fit = 1.05 x + 0.0 (749 voxels, overlap=1.002)
Left_Caudate (11): linear fit = 1.05 x + 0.0 (749 voxels, peak = 73), gca=72.8
gca peak = 0.14301 (56)
mri peak = 0.05199 (50)
Left_Cerebellum_Cortex (8): linear fit = 0.89 x + 0.0 (13171 voxels, overlap=0.496)
Left_Cerebellum_Cortex (8): linear fit = 0.89 x + 0.0 (13171 voxels, peak = 50), gca=50.1
gca peak = 0.14610 (55)
mri peak = 0.04783 (50)
Right_Cerebellum_Cortex (47): linear fit = 0.89 x + 0.0 (13870 voxels, overlap=0.746)
Right_Cerebellum_Cortex (47): linear fit = 0.89 x + 0.0 (13870 voxels, peak = 49), gca=49.2
gca peak = 0.16309 (85)
mri peak = 0.10625 (67)
Left_Cerebellum_White_Matter (7): linear fit = 0.81 x + 0.0 (2780 voxels, overlap=0.019)
Left_Cerebellum_White_Matter (7): linear fit = 0.81 x + 0.0 (2780 voxels, peak = 69), gca=69.3
gca peak = 0.15172 (84)
mri peak = 0.09568 (70)
Right_Cerebellum_White_Matter (46): linear fit = 0.82 x + 0.0 (1838 voxels, overlap=0.050)
Right_Cerebellum_White_Matter (46): linear fit = 0.82 x + 0.0 (1838 voxels, peak = 69), gca=69.3
gca peak = 0.30461 (58)
mri peak = 0.10195 (57)
Left_Amygdala (18): linear fit = 1.00 x + 0.0 (450 voxels, overlap=1.007)
Left_Amygdala (18): linear fit = 1.00 x + 0.0 (450 voxels, peak = 58), gca=58.0
gca peak = 0.32293 (57)
mri peak = 0.11579 (59)
Right_Amygdala (54): linear fit = 1.04 x + 0.0 (565 voxels, overlap=1.018)
Right_Amygdala (54): linear fit = 1.04 x + 0.0 (565 voxels, peak = 60), gca=59.6
gca peak = 0.11083 (90)
mri peak = 0.06991 (102)
Left_Thalamus (10): linear fit = 1.13 x + 0.0 (5042 voxels, overlap=0.291)
Left_Thalamus (10): linear fit = 1.13 x + 0.0 (5042 voxels, peak = 102), gca=102.2
gca peak = 0.11393 (83)
mri peak = 0.07918 (97)
Right_Thalamus (49): linear fit = 1.16 x + 0.0 (4575 voxels, overlap=0.486)
Right_Thalamus (49): linear fit = 1.16 x + 0.0 (4575 voxels, peak = 97), gca=96.7
gca peak = 0.08575 (81)
mri peak = 0.07560 (94)
Left_Putamen (12): linear fit = 1.12 x + 0.0 (2262 voxels, overlap=0.577)
Left_Putamen (12): linear fit = 1.12 x + 0.0 (2262 voxels, peak = 91), gca=91.1
gca peak = 0.08618 (78)
mri peak = 0.08646 (87)
Right_Putamen (51): linear fit = 1.11 x + 0.0 (2186 voxels, overlap=0.613)
Right_Putamen (51): linear fit = 1.11 x + 0.0 (2186 voxels, peak = 86), gca=86.2
gca peak = 0.08005 (78)
mri peak = 0.08301 (86)
Brain_Stem (16): linear fit = 1.10 x + 0.0 (8414 voxels, overlap=0.492)
Brain_Stem (16): linear fit = 1.10 x + 0.0 (8414 voxels, peak = 85), gca=85.4
gca peak = 0.12854 (88)
mri peak = 0.14505 (106)
Right_VentralDC (60): linear fit = 1.16 x + 0.0 (1593 voxels, overlap=0.014)
Right_VentralDC (60): linear fit = 1.16 x + 0.0 (1593 voxels, peak = 103), gca=102.5
gca peak = 0.15703 (87)
mri peak = 0.11847 (107)
Left_VentralDC (28): linear fit = 1.16 x + 0.0 (1649 voxels, overlap=0.013)
Left_VentralDC (28): linear fit = 1.16 x + 0.0 (1649 voxels, peak = 101), gca=101.4
gca peak = 0.17522 (25)
mri peak = 0.22234 ( 9)
gca peak = 0.17113 (14)
mri peak = 0.17294 ( 5)
gca peak Unknown = 0.94777 ( 0)
gca peak Left_Inf_Lat_Vent = 0.16627 (28)
gca peak Third_Ventricle = 0.17522 (25)
gca peak Fourth_Ventricle = 0.17113 (14)
gca peak CSF = 0.20346 (36)
gca peak Left_Accumbens_area = 0.70646 (62)
gca peak Left_undetermined = 1.00000 (28)
gca peak Left_vessel = 0.89917 (53)
gca peak Left_choroid_plexus = 0.11689 (35)
gca peak Right_Inf_Lat_Vent = 0.25504 (23)
gca peak Right_Accumbens_area = 0.31650 (65)
gca peak Right_vessel = 0.77268 (52)
gca peak Right_choroid_plexus = 0.13275 (38)
gca peak Fifth_Ventricle = 0.60973 (33)
gca peak WM_hypointensities = 0.11013 (77)
gca peak non_WM_hypointensities = 0.11354 (41)
gca peak Optic_Chiasm = 0.51646 (76)
not using caudate to estimate GM means
estimating mean gm scale to be 0.99 x + 0.0
estimating mean wm scale to be 1.04 x + 0.0
estimating mean csf scale to be 0.91 x + 0.0
Left_Pallidum too bright - rescaling by 0.979 (from 1.105) to 104.9 (was 107.2)
Right_Pallidum too bright - rescaling by 0.989 (from 1.105) to 104.9 (was 106.1)
saving intensity scales to aseg.auto_noCCseg.label_intensities.txt
renormalizing by structure alignment....
renormalizing input #0
gca peak = 0.31436 ( 7)
mri peak = 0.10715 ( 4)
Left_Lateral_Ventricle (4): linear fit = 0.38 x + 0.0 (174 voxels, overlap=0.631)
Left_Lateral_Ventricle (4): linear fit = 0.40 x + 0.0 (174 voxels, peak =  3), gca=2.8
gca peak = 0.17037 (18)
mri peak = 0.07799 (21)
Right_Lateral_Ventricle (43): linear fit = 1.12 x + 0.0 (209 voxels, overlap=0.584)
Right_Lateral_Ventricle (43): linear fit = 1.12 x + 0.0 (209 voxels, peak = 20), gca=20.2
gca peak = 0.28659 (104)
mri peak = 0.19539 (107)
Right_Pallidum (52): linear fit = 1.01 x + 0.0 (807 voxels, overlap=1.004)
Right_Pallidum (52): linear fit = 1.01 x + 0.0 (807 voxels, peak = 106), gca=105.6
gca peak = 0.15913 (102)
mri peak = 0.22990 (107)
Left_Pallidum (13): linear fit = 1.03 x + 0.0 (708 voxels, overlap=0.773)
Left_Pallidum (13): linear fit = 1.03 x + 0.0 (708 voxels, peak = 106), gca=105.6
gca peak = 0.29348 (55)
mri peak = 0.14479 (55)
Right_Hippocampus (53): linear fit = 0.99 x + 0.0 (921 voxels, overlap=1.006)
Right_Hippocampus (53): linear fit = 0.99 x + 0.0 (921 voxels, peak = 54), gca=54.2
gca peak = 0.28922 (59)
mri peak = 0.11067 (60)
Left_Hippocampus (17): linear fit = 1.00 x + 0.0 (1020 voxels, overlap=1.009)
Left_Hippocampus (17): linear fit = 1.00 x + 0.0 (1020 voxels, peak = 59), gca=59.0
gca peak = 0.07545 (108)
mri peak = 0.13675 (108)
Right_Cerebral_White_Matter (41): linear fit = 1.00 x + 0.0 (56270 voxels, overlap=0.662)
Right_Cerebral_White_Matter (41): linear fit = 1.00 x + 0.0 (56270 voxels, peak = 108), gca=108.0
gca peak = 0.07610 (108)
mri peak = 0.15679 (107)
Left_Cerebral_White_Matter (2): linear fit = 1.00 x + 0.0 (61540 voxels, overlap=0.594)
Left_Cerebral_White_Matter (2): linear fit = 1.00 x + 0.0 (61540 voxels, peak = 108), gca=108.0
gca peak = 0.10456 (55)
mri peak = 0.04698 (56)
Left_Cerebral_Cortex (3): linear fit = 1.02 x + 0.0 (30216 voxels, overlap=0.985)
Left_Cerebral_Cortex (3): linear fit = 1.02 x + 0.0 (30216 voxels, peak = 56), gca=56.4
gca peak = 0.12308 (55)
mri peak = 0.04747 (56)
Right_Cerebral_Cortex (42): linear fit = 1.00 x + 0.0 (29642 voxels, overlap=0.983)
Right_Cerebral_Cortex (42): linear fit = 1.00 x + 0.0 (29642 voxels, peak = 55), gca=55.0
gca peak = 0.22316 (73)
mri peak = 0.12501 (74)
Right_Caudate (50): linear fit = 1.01 x + 0.0 (753 voxels, overlap=1.002)
Right_Caudate (50): linear fit = 1.01 x + 0.0 (753 voxels, peak = 74), gca=74.1
gca peak = 0.14927 (82)
mri peak = 0.13113 (74)
Left_Caudate (11): linear fit = 0.99 x + 0.0 (749 voxels, overlap=1.003)
Left_Caudate (11): linear fit = 0.99 x + 0.0 (749 voxels, peak = 81), gca=80.8
gca peak = 0.15859 (50)
mri peak = 0.05199 (50)
Left_Cerebellum_Cortex (8): linear fit = 0.99 x + 0.0 (13171 voxels, overlap=0.996)
Left_Cerebellum_Cortex (8): linear fit = 0.99 x + 0.0 (13171 voxels, peak = 49), gca=49.2
gca peak = 0.15504 (49)
mri peak = 0.04783 (50)
Right_Cerebellum_Cortex (47): linear fit = 0.98 x + 0.0 (13870 voxels, overlap=1.000)
Right_Cerebellum_Cortex (47): linear fit = 0.98 x + 0.0 (13870 voxels, peak = 48), gca=47.8
gca peak = 0.19758 (69)
mri peak = 0.10625 (67)
Left_Cerebellum_White_Matter (7): linear fit = 0.99 x + 0.0 (2780 voxels, overlap=0.976)
Left_Cerebellum_White_Matter (7): linear fit = 0.99 x + 0.0 (2780 voxels, peak = 68), gca=68.0
gca peak = 0.18069 (69)
mri peak = 0.09568 (70)
Right_Cerebellum_White_Matter (46): linear fit = 0.99 x + 0.0 (1838 voxels, overlap=0.958)
Right_Cerebellum_White_Matter (46): linear fit = 0.99 x + 0.0 (1838 voxels, peak = 68), gca=68.0
gca peak = 0.32270 (58)
mri peak = 0.10195 (57)
Left_Amygdala (18): linear fit = 1.00 x + 0.0 (450 voxels, overlap=1.005)
Left_Amygdala (18): linear fit = 1.00 x + 0.0 (450 voxels, peak = 58), gca=58.0
gca peak = 0.31843 (60)
mri peak = 0.11579 (59)
Right_Amygdala (54): linear fit = 1.02 x + 0.0 (565 voxels, overlap=1.011)
Right_Amygdala (54): linear fit = 1.02 x + 0.0 (565 voxels, peak = 62), gca=61.5
gca peak = 0.10254 (102)
mri peak = 0.06991 (102)
Left_Thalamus (10): linear fit = 1.00 x + 0.0 (5042 voxels, overlap=0.921)
Left_Thalamus (10): linear fit = 1.00 x + 0.0 (5042 voxels, peak = 103), gca=102.5
gca peak = 0.10031 (94)
mri peak = 0.07918 (97)
Right_Thalamus (49): linear fit = 0.96 x + 0.0 (4575 voxels, overlap=0.869)
Right_Thalamus (49): linear fit = 0.96 x + 0.0 (4575 voxels, peak = 91), gca=90.7
gca peak = 0.07585 (86)
mri peak = 0.07560 (94)
Left_Putamen (12): linear fit = 1.00 x + 0.0 (2262 voxels, overlap=0.936)
Left_Putamen (12): linear fit = 1.00 x + 0.0 (2262 voxels, peak = 86), gca=85.6
gca peak = 0.07964 (84)
mri peak = 0.08646 (87)
Right_Putamen (51): linear fit = 1.00 x + 0.0 (2186 voxels, overlap=0.833)
Right_Putamen (51): linear fit = 1.00 x + 0.0 (2186 voxels, peak = 84), gca=83.6
gca peak = 0.07746 (86)
mri peak = 0.08301 (86)
Brain_Stem (16): linear fit = 1.01 x + 0.0 (8414 voxels, overlap=0.731)
Brain_Stem (16): linear fit = 1.01 x + 0.0 (8414 voxels, peak = 87), gca=87.3
gca peak = 0.12187 (104)
mri peak = 0.14505 (106)
Right_VentralDC (60): linear fit = 1.00 x + 0.0 (1593 voxels, overlap=0.821)
Right_VentralDC (60): linear fit = 1.00 x + 0.0 (1593 voxels, peak = 105), gca=104.5
gca peak = 0.12941 (101)
mri peak = 0.11847 (107)
Left_VentralDC (28): linear fit = 1.00 x + 0.0 (1649 voxels, overlap=0.891)
Left_VentralDC (28): linear fit = 1.00 x + 0.0 (1649 voxels, peak = 102), gca=101.5
gca peak = 0.20008 (24)
mri peak = 0.22234 ( 9)
gca peak = 0.23262 (13)
mri peak = 0.17294 ( 5)
gca peak Unknown = 0.94777 ( 0)
gca peak Left_Inf_Lat_Vent = 0.16627 (28)
gca peak Third_Ventricle = 0.20008 (24)
gca peak Fourth_Ventricle = 0.23262 (13)
gca peak CSF = 0.22211 (28)
gca peak Left_Accumbens_area = 0.53052 (65)
gca peak Left_undetermined = 1.00000 (28)
gca peak Left_vessel = 0.88946 (53)
gca peak Left_choroid_plexus = 0.11691 (35)
gca peak Right_Inf_Lat_Vent = 0.25588 (23)
gca peak Right_Accumbens_area = 0.31505 (71)
gca peak Right_vessel = 0.77311 (52)
gca peak Right_choroid_plexus = 0.13414 (38)
gca peak Fifth_Ventricle = 0.60973 (30)
gca peak WM_hypointensities = 0.09650 (80)
gca peak non_WM_hypointensities = 0.13982 (42)
gca peak Optic_Chiasm = 0.74221 (76)
not using caudate to estimate GM means
estimating mean gm scale to be 1.01 x + 0.0
estimating mean wm scale to be 1.00 x + 0.0
estimating mean csf scale to be 0.76 x + 0.0
Left_Pallidum too bright - rescaling by 0.992 (from 1.035) to 104.8 (was 105.6)
Right_Pallidum too bright - rescaling by 0.992 (from 1.015) to 104.8 (was 105.6)
saving intensity scales to aseg.auto_noCCseg.label_intensities.txt
saving sequentially combined intensity scales to aseg.auto_noCCseg.label_intensities.txt
41997 voxels changed in iteration 0 of unlikely voxel relabeling
120 voxels changed in iteration 1 of unlikely voxel relabeling
0 voxels changed in iteration 2 of unlikely voxel relabeling
26985 gm and wm labels changed (%21 to gray, %79 to white out of all changed labels)
353 hippocampal voxels changed.
0 amygdala voxels changed.
Reclassifying using Gibbs Priors
pass 1: 58497 changed. image ll: -2.098, PF=0.500
pass 2: 14864 changed. image ll: -2.097, PF=0.500
pass 3: 5242 changed.
pass 4: 2189 changed.
23902 voxels changed in iteration 0 of unlikely voxel relabeling
113 voxels changed in iteration 1 of unlikely voxel relabeling
11 voxels changed in iteration 2 of unlikely voxel relabeling
10 voxels changed in iteration 3 of unlikely voxel relabeling
0 voxels changed in iteration 4 of unlikely voxel relabeling
5191 voxels changed in iteration 0 of unlikely voxel relabeling
74 voxels changed in iteration 1 of unlikely voxel relabeling
8 voxels changed in iteration 2 of unlikely voxel relabeling
0 voxels changed in iteration 3 of unlikely voxel relabeling
5140 voxels changed in iteration 0 of unlikely voxel relabeling
49 voxels changed in iteration 1 of unlikely voxel relabeling
9 voxels changed in iteration 2 of unlikely voxel relabeling
0 voxels changed in iteration 3 of unlikely voxel relabeling
5028 voxels changed in iteration 0 of unlikely voxel relabeling
34 voxels changed in iteration 1 of unlikely voxel relabeling
0 voxels changed in iteration 2 of unlikely voxel relabeling
 !!!!!!!!! ventricle segment 2 with volume 3166 above threshold 100 - not erasing !!!!!!!!!!
 !!!!!!!!! ventricle segment 5 with volume 112 above threshold 100 - not erasing !!!!!!!!!!
 !!!!!!!!! ventricle segment 1 with volume 4039 above threshold 100 - not erasing !!!!!!!!!!
writing labeled volume to aseg.auto_noCCseg.mgz
mri_ca_label utimesec    1777.373092
mri_ca_label stimesec    4.346332
mri_ca_label ru_maxrss   2115072
mri_ca_label ru_ixrss    0
mri_ca_label ru_idrss    0
mri_ca_label ru_isrss    0
mri_ca_label ru_minflt   5693525
mri_ca_label ru_majflt   8
mri_ca_label ru_nswap    0
mri_ca_label ru_inblock  1142
mri_ca_label ru_oublock  632
mri_ca_label ru_msgsnd   0
mri_ca_label ru_msgrcv   0
mri_ca_label ru_nsignals 0
mri_ca_label ru_nvcsw    2907
mri_ca_label ru_nivcsw   3565
auto-labeling took 28 minutes and 31 seconds.
#--------------------------------------
#@# CC Seg Fri Mar  6 09:08:37 CET 2026

 mri_cc -aseg aseg.auto_noCCseg.mgz -o aseg.auto.mgz -lta /out/sourcedata/freesurfer/sub-v1s10x0051024_ses-1/mri/transforms/cc_up.lta sub-v1s10x0051024_ses-1 

will read input aseg from aseg.auto_noCCseg.mgz
writing aseg with cc labels to aseg.auto.mgz
will write lta as /out/sourcedata/freesurfer/sub-v1s10x0051024_ses-1/mri/transforms/cc_up.lta
reading aseg from /out/sourcedata/freesurfer/sub-v1s10x0051024_ses-1/mri/aseg.auto_noCCseg.mgz
reading norm from /out/sourcedata/freesurfer/sub-v1s10x0051024_ses-1/mri/norm.mgz
47289 voxels in left wm, 43804 in right wm, xrange [125, 135]
searching rotation angles z=[-4 10], y=[-10  4]
searching scale 1 Z rot -4.3  searching scale 1 Z rot -4.1  searching scale 1 Z rot -3.8  searching scale 1 Z rot -3.6  searching scale 1 Z rot -3.3  searching scale 1 Z rot -3.1  searching scale 1 Z rot -2.8  searching scale 1 Z rot -2.6  searching scale 1 Z rot -2.3  searching scale 1 Z rot -2.1  searching scale 1 Z rot -1.8  searching scale 1 Z rot -1.6  searching scale 1 Z rot -1.3  searching scale 1 Z rot -1.1  searching scale 1 Z rot -0.8  searching scale 1 Z rot -0.6  searching scale 1 Z rot -0.3  searching scale 1 Z rot -0.1  searching scale 1 Z rot 0.2  searching scale 1 Z rot 0.4  searching scale 1 Z rot 0.7  searching scale 1 Z rot 0.9  searching scale 1 Z rot 1.2  searching scale 1 Z rot 1.4  searching scale 1 Z rot 1.7  searching scale 1 Z rot 1.9  searching scale 1 Z rot 2.2  searching scale 1 Z rot 2.4  searching scale 1 Z rot 2.7  searching scale 1 Z rot 2.9  searching scale 1 Z rot 3.2  searching scale 1 Z rot 3.4  searching scale 1 Z rot 3.7  searching scale 1 Z rot 3.9  searching scale 1 Z rot 4.2  searching scale 1 Z rot 4.4  searching scale 1 Z rot 4.7  searching scale 1 Z rot 4.9  searching scale 1 Z rot 5.2  searching scale 1 Z rot 5.4  searching scale 1 Z rot 5.7  searching scale 1 Z rot 5.9  searching scale 1 Z rot 6.2  searching scale 1 Z rot 6.4  searching scale 1 Z rot 6.7  searching scale 1 Z rot 6.9  searching scale 1 Z rot 7.2  searching scale 1 Z rot 7.4  searching scale 1 Z rot 7.7  searching scale 1 Z rot 7.9  searching scale 1 Z rot 8.2  searching scale 1 Z rot 8.4  searching scale 1 Z rot 8.7  searching scale 1 Z rot 8.9  searching scale 1 Z rot 9.2  searching scale 1 Z rot 9.4  global minimum found at slice 129.2, rotations (-3.35, 2.68)
final transformation (x=129.2, yr=-3.349, zr=2.680):
 0.99720  -0.04675  -0.05836   11.79850;
 0.04667   0.99891  -0.00273  -4.57762;
 0.05842   0.00000   0.99829   5.64737;
 0.00000   0.00000   0.00000   1.00000;
updating x range to be [125, 130] in xformed coordinates
best xformed slice 128
min_x_fornix = 136
min_x_fornix = 140
min_x_fornix = 140
min_x_fornix = 136
min_x_fornix = 131
cc center is found at 128 127 115
eigenvectors:
-0.00018  -0.00153   1.00000;
-0.37215  -0.92817  -0.00149;
 0.92817  -0.37215  -0.00040;
writing aseg with callosum to /out/sourcedata/freesurfer/sub-v1s10x0051024_ses-1/mri/aseg.auto.mgz...
corpus callosum segmentation took 0.6 minutes
#VMPC# mri_cc VmPeak  554896
mri_cc done
#--------------------------------------
#@# Merge ASeg Fri Mar  6 09:09:15 CET 2026

 cp aseg.auto.mgz aseg.presurf.mgz 

#--------------------------------------------
#@# Intensity Normalization2 Fri Mar  6 09:09:15 CET 2026
/out/sourcedata/freesurfer/sub-v1s10x0051024_ses-1/mri

 mri_normalize -seed 1234 -mprage -aseg aseg.presurf.mgz -mask brainmask.mgz norm.mgz brain.mgz 

setting seed for random number genererator to 1234
assuming input volume is MGH (Van der Kouwe) MP-RAGE
using segmentation for initial intensity normalization
using MR volume brainmask.mgz to mask input volume...
reading mri_src from norm.mgz...
Reading aseg aseg.presurf.mgz
normalizing image...
NOT doing gentle normalization with control points/label
processing with aseg
removing outliers in the aseg WM...
649 control points removed
Building bias image
building Voronoi diagram...
performing soap bubble smoothing, sigma = 0...
Smoothing with sigma 8
Applying bias correction
building Voronoi diagram...
performing soap bubble smoothing, sigma = 8...

Iterating 2 times
---------------------------------
3d normalization pass 1 of 2
white matter peak found at 110
white matter peak found at 110
gm peak at 58 (58), valley at  0 (-1)
csf peak at 29, setting threshold to 48
building Voronoi diagram...
performing soap bubble smoothing, sigma = 8...
---------------------------------
3d normalization pass 2 of 2
white matter peak found at 110
white matter peak found at 110
gm peak at 60 (60), valley at  0 (-1)
csf peak at 30, setting threshold to 50
building Voronoi diagram...
performing soap bubble smoothing, sigma = 8...
Done iterating ---------------------------------
writing output to brain.mgz
3D bias adjustment took 2 minutes and 10 seconds.
#--------------------------------------------
#@# Mask BFS Fri Mar  6 09:11:26 CET 2026
/out/sourcedata/freesurfer/sub-v1s10x0051024_ses-1/mri

 mri_mask -T 5 brain.mgz brainmask.mgz brain.finalsurfs.mgz 

threshold mask volume at 5
DoAbs = 0
Found 1553201 voxels in mask (pct=  9.26)
Writing masked volume to brain.finalsurfs.mgz...done.
#--------------------------------------------
#@# WM Segmentation Fri Mar  6 09:11:27 CET 2026

 AntsDenoiseImageFs -i brain.mgz -o antsdn.brain.mgz 


 mri_segment -wsizemm 13 -mprage antsdn.brain.mgz wm.seg.mgz 

wsizemm = 13, voxres = 1, wsize = 13
Widening wm low from 89 to 79
assuming input volume is MGH (Van der Kouwe) MP-RAGE
wm mean:  110
wsize:    13
wm low:   79
wm hi:    125
gray low: 30
gray hi:  99
Doing initial trinary intensity segmentation 
Using local statistics to label ambiguous voxels
Autodetecting stats
Computing class statistics for intensity windows...
CCS WM (104.0): 104.5 +- 4.3 [79.0 --> 125.0]
CCS GM (71.0) : 69.4 +- 9.1 [30.0 --> 95.0]
 white_mean 104.467
 white_sigma 4.34866
 gray_mean 69.3741
 gray_sigma 9.12577
setting bottom of white matter range wm_low to 78.5
setting top of gray matter range gray_hi to 87.6
 wm_low 78.4999
 wm_hi  125
 gray_low 30
 gray_hi  87.6257
Redoing initial intensity segmentation...
Recomputing local statistics to label ambiguous voxels...
 wm_low 78.4999
 wm_hi  125
 gray_low 30
 gray_hi  87.6257
using local geometry to label remaining ambiguous voxels...
polvwsize = 5, polvlen = 3, gray_hi = 87.6257, wm_low = 78.4999
MRIcpolvMedianCurveSegment(): wsize=5, len=3, gmhi=87.6257, wmlow=78.4999
    108411 voxels processed (0.65%)
     49211 voxels white (0.29%)
     59200 voxels non-white (0.35%)

Reclassifying voxels using Gaussian border classifier niter=1
MRIreclassify(): wm_low=73.4999, gray_hi=87.6257, wsize=13
    177803 voxels tested (1.06%)
     39502 voxels changed (0.24%)
     46845 multi-scale searches  (0.28%)
Recovering bright white
MRIrecoverBrightWhite()
 wm_low 78.4999
 wm_hi 125
 slack 4.34866
 pct_thresh 0.33
 intensity_thresh 129.349
 nvox_thresh 8.58
      257 voxels tested (0.00%)
      162 voxels changed (0.00%)

removing voxels with positive offset direction...
MRIremoveWrongDirection() wsize=3, lowthr=73.4999, hithr=87.6257
  smoothing input volume with sigma = 0.250
    61103 voxels tested (0.36%)
    14908 voxels changed (0.09%)
thicken = 1
removing 1-dimensional structures...
MRIremove1dStructures(): max_iter=10000, thresh=2, WM_MIN_VAL=5
 2261 sparsely connected voxels removed in 1 iterations
thickening thin strands....
thickness 4
nsegments 20
wm_hi 125
998 diagonally connected voxels added...
MRIthickenThinWMStrands(): thickness=4, nsegments=20
  20 segments, 2059 filled
MRIfindBrightNonWM(): 1629 bright non-wm voxels segmented.
MRIfilterMorphology() WM_MIN_VAL=5, DIAGONAL_FILL=230
white matter segmentation took 0.9 minutes
writing output to wm.seg.mgz...

 mri_edit_wm_with_aseg -keep-in wm.seg.mgz brain.mgz aseg.presurf.mgz wm.asegedit.mgz 

preserving editing changes in input volume...
auto filling took 0.42 minutes
reading wm segmentation from wm.seg.mgz...
0 voxels added to wm to prevent paths from MTL structures to cortex
2277 additional wm voxels added
0 additional wm voxels added
SEG EDIT: 28705 voxels turned on, 13516 voxels turned off.
propagating editing to output volume from wm.seg.mgz
writing edited volume to wm.asegedit.mgz....

 mri_pretess wm.asegedit.mgz wm norm.mgz wm.mgz 


Iteration Number : 1
pass   1 (xy+):  18 found -  18 modified     |    TOTAL:  18
pass   2 (xy+):   0 found -  18 modified     |    TOTAL:  18
pass   1 (xy-):   9 found -   9 modified     |    TOTAL:  27
pass   2 (xy-):   0 found -   9 modified     |    TOTAL:  27
pass   1 (yz+):  44 found -  44 modified     |    TOTAL:  71
pass   2 (yz+):   0 found -  44 modified     |    TOTAL:  71
pass   1 (yz-):  23 found -  23 modified     |    TOTAL:  94
pass   2 (yz-):   0 found -  23 modified     |    TOTAL:  94
pass   1 (xz+):  18 found -  18 modified     |    TOTAL: 112
pass   2 (xz+):   0 found -  18 modified     |    TOTAL: 112
pass   1 (xz-):  21 found -  21 modified     |    TOTAL: 133
pass   2 (xz-):   0 found -  21 modified     |    TOTAL: 133
Iteration Number : 1
pass   1 (+++):  15 found -  15 modified     |    TOTAL:  15
pass   2 (+++):   0 found -  15 modified     |    TOTAL:  15
pass   1 (+++):  36 found -  36 modified     |    TOTAL:  51
pass   2 (+++):   0 found -  36 modified     |    TOTAL:  51
pass   1 (+++):  34 found -  34 modified     |    TOTAL:  85
pass   2 (+++):   0 found -  34 modified     |    TOTAL:  85
pass   1 (+++):  24 found -  24 modified     |    TOTAL: 109
pass   2 (+++):   0 found -  24 modified     |    TOTAL: 109
Iteration Number : 1
pass   1 (++):  60 found -  60 modified     |    TOTAL:  60
pass   2 (++):   0 found -  60 modified     |    TOTAL:  60
pass   1 (+-):  28 found -  28 modified     |    TOTAL:  88
pass   2 (+-):   0 found -  28 modified     |    TOTAL:  88
pass   1 (--):  39 found -  39 modified     |    TOTAL: 127
pass   2 (--):   0 found -  39 modified     |    TOTAL: 127
pass   1 (-+):  29 found -  29 modified     |    TOTAL: 156
pass   2 (-+):   0 found -  29 modified     |    TOTAL: 156
Iteration Number : 2
pass   1 (xy+):   5 found -   5 modified     |    TOTAL:   5
pass   2 (xy+):   0 found -   5 modified     |    TOTAL:   5
pass   1 (xy-):   3 found -   3 modified     |    TOTAL:   8
pass   2 (xy-):   0 found -   3 modified     |    TOTAL:   8
pass   1 (yz+):   3 found -   3 modified     |    TOTAL:  11
pass   2 (yz+):   0 found -   3 modified     |    TOTAL:  11
pass   1 (yz-):   7 found -   7 modified     |    TOTAL:  18
pass   2 (yz-):   0 found -   7 modified     |    TOTAL:  18
pass   1 (xz+):   3 found -   3 modified     |    TOTAL:  21
pass   2 (xz+):   0 found -   3 modified     |    TOTAL:  21
pass   1 (xz-):   3 found -   3 modified     |    TOTAL:  24
pass   2 (xz-):   0 found -   3 modified     |    TOTAL:  24
Iteration Number : 2
pass   1 (+++):   0 found -   0 modified     |    TOTAL:   0
pass   1 (+++):   4 found -   4 modified     |    TOTAL:   4
pass   2 (+++):   0 found -   4 modified     |    TOTAL:   4
pass   1 (+++):   4 found -   4 modified     |    TOTAL:   8
pass   2 (+++):   0 found -   4 modified     |    TOTAL:   8
pass   1 (+++):   2 found -   2 modified     |    TOTAL:  10
pass   2 (+++):   0 found -   2 modified     |    TOTAL:  10
Iteration Number : 2
pass   1 (++):   3 found -   3 modified     |    TOTAL:   3
pass   2 (++):   0 found -   3 modified     |    TOTAL:   3
pass   1 (+-):   1 found -   1 modified     |    TOTAL:   4
pass   2 (+-):   0 found -   1 modified     |    TOTAL:   4
pass   1 (--):   1 found -   1 modified     |    TOTAL:   5
pass   2 (--):   0 found -   1 modified     |    TOTAL:   5
pass   1 (-+):   1 found -   1 modified     |    TOTAL:   6
pass   2 (-+):   0 found -   1 modified     |    TOTAL:   6
Iteration Number : 3
pass   1 (xy+):   0 found -   0 modified     |    TOTAL:   0
pass   1 (xy-):   1 found -   1 modified     |    TOTAL:   1
pass   2 (xy-):   0 found -   1 modified     |    TOTAL:   1
pass   1 (yz+):   0 found -   0 modified     |    TOTAL:   1
pass   1 (yz-):   0 found -   0 modified     |    TOTAL:   1
pass   1 (xz+):   0 found -   0 modified     |    TOTAL:   1
pass   1 (xz-):   0 found -   0 modified     |    TOTAL:   1
Iteration Number : 3
pass   1 (+++):   0 found -   0 modified     |    TOTAL:   0
pass   1 (+++):   0 found -   0 modified     |    TOTAL:   0
pass   1 (+++):   0 found -   0 modified     |    TOTAL:   0
pass   1 (+++):   0 found -   0 modified     |    TOTAL:   0
Iteration Number : 3
pass   1 (++):   0 found -   0 modified     |    TOTAL:   0
pass   1 (+-):   0 found -   0 modified     |    TOTAL:   0
pass   1 (--):   0 found -   0 modified     |    TOTAL:   0
pass   1 (-+):   0 found -   0 modified     |    TOTAL:   0
Iteration Number : 4
pass   1 (xy+):   0 found -   0 modified     |    TOTAL:   0
pass   1 (xy-):   0 found -   0 modified     |    TOTAL:   0
pass   1 (yz+):   0 found -   0 modified     |    TOTAL:   0
pass   1 (yz-):   0 found -   0 modified     |    TOTAL:   0
pass   1 (xz+):   0 found -   0 modified     |    TOTAL:   0
pass   1 (xz-):   0 found -   0 modified     |    TOTAL:   0
Iteration Number : 4
pass   1 (+++):   0 found -   0 modified     |    TOTAL:   0
pass   1 (+++):   0 found -   0 modified     |    TOTAL:   0
pass   1 (+++):   0 found -   0 modified     |    TOTAL:   0
pass   1 (+++):   0 found -   0 modified     |    TOTAL:   0
Iteration Number : 4
pass   1 (++):   0 found -   0 modified     |    TOTAL:   0
pass   1 (+-):   0 found -   0 modified     |    TOTAL:   0
pass   1 (--):   0 found -   0 modified     |    TOTAL:   0
pass   1 (-+):   0 found -   0 modified     |    TOTAL:   0

Total Number of Modified Voxels = 439 (out of 638074: 0.068801)
binarizing input wm segmentation...
Ambiguous edge configurations... 

mri_pretess done

#--------------------------------------------
#@# Fill Fri Mar  6 09:13:22 CET 2026
/out/sourcedata/freesurfer/sub-v1s10x0051024_ses-1/mri

 mri_fill -a ../scripts/ponscc.cut.log -xform transforms/talairach.lta -segmentation aseg.presurf.mgz -ctab /opt/freesurfer/SubCorticalMassLUT.txt wm.mgz filled.mgz 

logging cutting plane coordinates to ../scripts/ponscc.cut.log...
INFO: Using transforms/talairach.lta and its offset for Talairach volume ...
using segmentation aseg.presurf.mgz...
reading input volume...done.
searching for cutting planes...voxel to talairach voxel transform
 0.99952  -0.05589  -0.06849   11.54720;
 0.06171   1.04333   0.51328  -99.02942;
 0.03738  -0.45952   0.91616   60.60814;
 0.00000   0.00000   0.00000   1.00000;
voxel to talairach voxel transform
 0.99952  -0.05589  -0.06849   11.54720;
 0.06171   1.04333   0.51328  -99.02942;
 0.03738  -0.45952   0.91616   60.60814;
 0.00000   0.00000   0.00000   1.00000;
reading segmented volume aseg.presurf.mgz
removing CC from segmentation
Looking for area (min, max) = (350, 1400)
area[0] = 1480 (min = 350, max = 1400), aspect = 0.52 (min = 0.10, max = 0.75)
need search nearby
using seed (126, 119, 89), TAL = (2.0, -39.0, 9.0)
talairach voxel to voxel transform
 0.99488   0.06902   0.03570  -6.81686;
-0.03118   0.76661  -0.43183   102.44924;
-0.05623   0.38169   0.87346  -14.49100;
 0.00000   0.00000   0.00000   1.00000;
segmentation indicates cc at (126,  119,  89) --> (2.0, -39.0, 9.0)
done.
filling took 1.1 minutes
talairach cc position changed to (2.00, -39.00, 9.00)
Erasing brainstem...done.
seed_search_size = 9, min_neighbors = 5
search rh wm seed point around talairach space:(20.00, -39.00, 9.00) SRC: (112.02, 151.88, 102.60)
search lh wm seed point around talairach space (-16.00, -39.00, 9.00), SRC: (147.84, 150.75, 100.57)
compute mri_fill using aseg
Erasing Brain Stem and Cerebellum ...
Define left and right masks using aseg:
Building Voronoi diagram ...
Using the Voronoi diagram for separating WM into two hemispheres ...
Find the largest connected component for each hemisphere ...
Embedding colortable
mri_fill done, writing output to filled.mgz...
 cp filled.mgz filled.auto.mgz

Started at Fri Mar 6 07:42:38 CET 2026 
Ended   at Fri Mar 6 09:14:27 CET 2026
#@#%# recon-all-run-time-hours 1.530
recon-all -s sub-v1s10x0051024_ses-1 finished without error at Fri Mar  6 09:14:27 CET 2026



#New# invocation of recon-all 




Fri Mar  6 10:11:52 CET 2026
cd /out/sourcedata/freesurfer/sub-v1s10x0051024_ses-1
setenv SUBJECTS_DIR /out/sourcedata/freesurfer
/opt/freesurfer/bin/recon-all -parallel -subjid sub-v1s10x0051024_ses-1 -sd /out/sourcedata/freesurfer -cortribbon

subjid sub-v1s10x0051024_ses-1
setenv SUBJECTS_DIR /out/sourcedata/freesurfer
FREESURFER_HOME /opt/freesurfer
Actual FREESURFER_HOME /opt/freesurfer
build-stamp.txt: freesurfer-linux-ubuntu22_x86_64-7.3.2-20220804-6354275
Linux dna052 5.14.0-427.37.1.el9_4.x86_64 #1 SMP PREEMPT_DYNAMIC Fri Sep 13 12:41:50 EDT 2024 x86_64 x86_64 x86_64 GNU/Linux
cputime      unlimited
filesize     unlimited
datasize     unlimited
stacksize    8192 kbytes
coredumpsize 0 kbytes
memoryuse    67108864 kbytes
vmemoryuse   unlimited
descriptors  1024 
memorylocked unlimited
maxproc      2061970 
maxlocks     unlimited
maxsignal    2061970 
maxmessage   819200 
maxnice      0 
maxrtprio    0 
maxrttime    unlimited

               total        used        free      shared  buff/cache   available
Mem:           503Gi        54Gi       160Gi        10Gi       288Gi       435Gi
Swap:             0B          0B          0B

########################################
program versions used
7.3.2 (freesurfer-linux-ubuntu22_x86_64-7.3.2-20220804-6354275)
7.3.2

ProgramName: lta_convert  ProgramArguments: lta_convert -all-info  ProgramVersion: 7.3.2  TimeStamp: 2026/03/06-09:11:52-GMT  BuildTime: Aug  4 2022 06:17:15  BuildStamp: freesurfer-linux-ubuntu22_x86_64-7.3.2-20220804-6354275  User: oesteban  Machine: dna052  Platform: Linux  PlatformVersion: 5.14.0-427.37.1.el9_4.x86_64  CompilerName: GCC  CompilerVersion: 8.4.0
ProgramName: mri_and  ProgramArguments: mri_and -all-info  ProgramVersion: 7.3.2  TimeStamp: 2026/03/06-09:11:52-GMT  BuildTime: Aug  4 2022 06:17:15  BuildStamp: freesurfer-linux-ubuntu22_x86_64-7.3.2-20220804-6354275  User: oesteban  Machine: dna052  Platform: Linux  PlatformVersion: 5.14.0-427.37.1.el9_4.x86_64  CompilerName: GCC  CompilerVersion: 8.4.0
ProgramName: mri_annotation2label  ProgramArguments: mri_annotation2label -all-info  ProgramVersion: 7.3.2  TimeStamp: 2026/03/06-09:11:52-GMT  BuildTime: Aug  4 2022 06:17:15  BuildStamp: freesurfer-linux-ubuntu22_x86_64-7.3.2-20220804-6354275  User: oesteban  Machine: dna052  Platform: Linux  PlatformVersion: 5.14.0-427.37.1.el9_4.x86_64  CompilerName: GCC  CompilerVersion: 8.4.0
ProgramName: mri_aparc2aseg  ProgramArguments: mri_aparc2aseg -all-info  ProgramVersion: 7.3.2  TimeStamp: 2026/03/06-09:11:52-GMT  BuildTime: Aug  4 2022 06:17:15  BuildStamp: freesurfer-linux-ubuntu22_x86_64-7.3.2-20220804-6354275  User: oesteban  Machine: dna052  Platform: Linux  PlatformVersion: 5.14.0-427.37.1.el9_4.x86_64  CompilerName: GCC  CompilerVersion: 8.4.0
ProgramName: mri_surf2volseg  ProgramArguments: mri_surf2volseg -all-info  ProgramVersion: 7.3.2  TimeStamp: 2026/03/06-09:11:52-GMT  BuildTime: Aug  4 2022 06:17:15  BuildStamp: freesurfer-linux-ubuntu22_x86_64-7.3.2-20220804-6354275  User: oesteban  Machine: dna052  Platform: Linux  PlatformVersion: 5.14.0-427.37.1.el9_4.x86_64  CompilerName: GCC  CompilerVersion: 8.4.0
ProgramName: mri_binarize  ProgramArguments: mri_binarize -all-info  ProgramVersion: 7.3.2  TimeStamp: 2026/03/06-09:11:52-GMT  BuildTime: Aug  4 2022 06:17:15  BuildStamp: freesurfer-linux-ubuntu22_x86_64-7.3.2-20220804-6354275  User: oesteban  Machine: dna052  Platform: Linux  PlatformVersion: 5.14.0-427.37.1.el9_4.x86_64  CompilerName: GCC  CompilerVersion: 8.4.0
ProgramName: mri_ca_label  ProgramArguments: mri_ca_label -all-info  ProgramVersion: 7.3.2  TimeStamp: 2026/03/06-09:11:52-GMT  BuildTime: Aug  4 2022 06:17:15  BuildStamp: freesurfer-linux-ubuntu22_x86_64-7.3.2-20220804-6354275  User: oesteban  Machine: dna052  Platform: Linux  PlatformVersion: 5.14.0-427.37.1.el9_4.x86_64  CompilerName: GCC  CompilerVersion: 8.4.0
ProgramName: mri_ca_normalize  ProgramArguments: mri_ca_normalize -all-info  ProgramVersion: 7.3.2  TimeStamp: 2026/03/06-09:11:52-GMT  BuildTime: Aug  4 2022 06:17:15  BuildStamp: freesurfer-linux-ubuntu22_x86_64-7.3.2-20220804-6354275  User: oesteban  Machine: dna052  Platform: Linux  PlatformVersion: 5.14.0-427.37.1.el9_4.x86_64  CompilerName: GCC  CompilerVersion: 8.4.0
ProgramName: mri_ca_register  ProgramArguments: mri_ca_register -all-info  ProgramVersion: 7.3.2  TimeStamp: 2026/03/06-09:11:52-GMT  BuildTime: Aug  4 2022 06:17:15  BuildStamp: freesurfer-linux-ubuntu22_x86_64-7.3.2-20220804-6354275  User: oesteban  Machine: dna052  Platform: Linux  PlatformVersion: 5.14.0-427.37.1.el9_4.x86_64  CompilerName: GCC  CompilerVersion: 8.4.0
ProgramName: mri_cc  ProgramArguments: mri_cc -all-info  ProgramVersion: 7.3.2  TimeStamp: 2026/03/06-09:11:52-GMT  BuildTime: Aug  4 2022 06:17:15  BuildStamp: freesurfer-linux-ubuntu22_x86_64-7.3.2-20220804-6354275  User: oesteban  Machine: dna052  Platform: Linux  PlatformVersion: 5.14.0-427.37.1.el9_4.x86_64  CompilerName: GCC  CompilerVersion: 8.4.0
ProgramName: mri_compute_overlap  ProgramArguments: mri_compute_overlap -all-info  ProgramVersion: 7.3.2  TimeStamp: 2026/03/06-09:11:52-GMT  BuildTime: Aug  4 2022 06:17:15  BuildStamp: freesurfer-linux-ubuntu22_x86_64-7.3.2-20220804-6354275  User: oesteban  Machine: dna052  Platform: Linux  PlatformVersion: 5.14.0-427.37.1.el9_4.x86_64  CompilerName: GCC  CompilerVersion: 8.4.0
ProgramName: mri_compute_seg_overlap  ProgramArguments: mri_compute_seg_overlap -all-info  ProgramVersion: 7.3.2  TimeStamp: 2026/03/06-09:11:52-GMT  BuildTime: Aug  4 2022 06:17:15  BuildStamp: freesurfer-linux-ubuntu22_x86_64-7.3.2-20220804-6354275  User: oesteban  Machine: dna052  Platform: Linux  PlatformVersion: 5.14.0-427.37.1.el9_4.x86_64  CompilerName: GCC  CompilerVersion: 8.4.0
ProgramName: mri_concat  ProgramArguments: mri_concat -all-info  ProgramVersion: 7.3.2  TimeStamp: 2026/03/06-09:11:52-GMT  BuildTime: Aug  4 2022 06:17:15  BuildStamp: freesurfer-linux-ubuntu22_x86_64-7.3.2-20220804-6354275  User: oesteban  Machine: dna052  Platform: Linux  PlatformVersion: 5.14.0-427.37.1.el9_4.x86_64  CompilerName: GCC  CompilerVersion: 8.4.0
ProgramName: mri_concatenate_lta  ProgramArguments: mri_concatenate_lta -all-info  ProgramVersion: 7.3.2  TimeStamp: 2026/03/06-09:11:52-GMT  BuildTime: Aug  4 2022 06:17:15  BuildStamp: freesurfer-linux-ubuntu22_x86_64-7.3.2-20220804-6354275  User: oesteban  Machine: dna052  Platform: Linux  PlatformVersion: 5.14.0-427.37.1.el9_4.x86_64  CompilerName: GCC  CompilerVersion: 8.4.0
mri_convert -all-info 
ProgramName: mri_convert  ProgramArguments: mri_convert -all-info  ProgramVersion: 7.3.2  TimeStamp: 2026/03/06-09:11:52-GMT  BuildTime: Aug  4 2022 06:17:15  BuildStamp: freesurfer-linux-ubuntu22_x86_64-7.3.2-20220804-6354275  User: oesteban  Machine: dna052  Platform: Linux  PlatformVersion: 5.14.0-427.37.1.el9_4.x86_64  CompilerName: GCC  CompilerVersion: 8.4.0
ProgramName: mri_diff  ProgramArguments: mri_diff -all-info  ProgramVersion: 7.3.2  TimeStamp: 2026/03/06-09:11:52-GMT  BuildTime: Aug  4 2022 06:17:15  BuildStamp: freesurfer-linux-ubuntu22_x86_64-7.3.2-20220804-6354275  User: oesteban  Machine: dna052  Platform: Linux  PlatformVersion: 5.14.0-427.37.1.el9_4.x86_64  CompilerName: GCC  CompilerVersion: 8.4.0
ProgramName: mri_edit_wm_with_aseg  ProgramArguments: mri_edit_wm_with_aseg -all-info  ProgramVersion: 7.3.2  TimeStamp: 2026/03/06-09:11:52-GMT  BuildTime: Aug  4 2022 06:17:15  BuildStamp: freesurfer-linux-ubuntu22_x86_64-7.3.2-20220804-6354275  User: oesteban  Machine: dna052  Platform: Linux  PlatformVersion: 5.14.0-427.37.1.el9_4.x86_64  CompilerName: GCC  CompilerVersion: 8.4.0
ProgramName: mri_em_register  ProgramArguments: mri_em_register -all-info  ProgramVersion: 7.3.2  TimeStamp: 2026/03/06-09:11:52-GMT  BuildTime: Aug  4 2022 06:17:15  BuildStamp: freesurfer-linux-ubuntu22_x86_64-7.3.2-20220804-6354275  User: oesteban  Machine: dna052  Platform: Linux  PlatformVersion: 5.14.0-427.37.1.el9_4.x86_64  CompilerName: GCC  CompilerVersion: 8.4.0
ProgramName: mri_fill  ProgramArguments: mri_fill -all-info  ProgramVersion: 7.3.2  TimeStamp: 2026/03/06-09:11:52-GMT  BuildTime: Aug  4 2022 06:17:15  BuildStamp: freesurfer-linux-ubuntu22_x86_64-7.3.2-20220804-6354275  User: oesteban  Machine: dna052  Platform: Linux  PlatformVersion: 5.14.0-427.37.1.el9_4.x86_64  CompilerName: GCC  CompilerVersion: 8.4.0
ProgramName: mri_fuse_segmentations  ProgramArguments: mri_fuse_segmentations -all-info  ProgramVersion: 7.3.2  TimeStamp: 2026/03/06-09:11:52-GMT  BuildTime: Aug  4 2022 06:17:15  BuildStamp: freesurfer-linux-ubuntu22_x86_64-7.3.2-20220804-6354275  User: oesteban  Machine: dna052  Platform: Linux  PlatformVersion: 5.14.0-427.37.1.el9_4.x86_64  CompilerName: GCC  CompilerVersion: 8.4.0
ProgramName: mri_fwhm  ProgramArguments: mri_fwhm -all-info  ProgramVersion: 7.3.2  TimeStamp: 2026/03/06-09:11:52-GMT  BuildTime: Aug  4 2022 06:17:15  BuildStamp: freesurfer-linux-ubuntu22_x86_64-7.3.2-20220804-6354275  User: oesteban  Machine: dna052  Platform: Linux  PlatformVersion: 5.14.0-427.37.1.el9_4.x86_64  CompilerName: GCC  CompilerVersion: 8.4.0
ProgramName: mri_gcut  ProgramArguments: mri_gcut -all-info  ProgramVersion: 7.3.2  TimeStamp: 2026/03/06-09:11:52-GMT  BuildTime: Aug  4 2022 06:17:15  BuildStamp: freesurfer-linux-ubuntu22_x86_64-7.3.2-20220804-6354275  User: oesteban  Machine: dna052  Platform: Linux  PlatformVersion: 5.14.0-427.37.1.el9_4.x86_64  CompilerName: GCC  CompilerVersion: 8.4.0
ProgramName: mri_info  ProgramArguments: mri_info -all-info  ProgramVersion: 7.3.2  TimeStamp: 2026/03/06-09:11:52-GMT  BuildTime: Aug  4 2022 06:17:15  BuildStamp: freesurfer-linux-ubuntu22_x86_64-7.3.2-20220804-6354275  User: oesteban  Machine: dna052  Platform: Linux  PlatformVersion: 5.14.0-427.37.1.el9_4.x86_64  CompilerName: GCC  CompilerVersion: 8.4.0
ProgramName: mri_label2label  ProgramArguments: mri_label2label -all-info  ProgramVersion: 7.3.2  TimeStamp: 2026/03/06-09:11:52-GMT  BuildTime: Aug  4 2022 06:17:15  BuildStamp: freesurfer-linux-ubuntu22_x86_64-7.3.2-20220804-6354275  User: oesteban  Machine: dna052  Platform: Linux  PlatformVersion: 5.14.0-427.37.1.el9_4.x86_64  CompilerName: GCC  CompilerVersion: 8.4.0
ProgramName: mri_label2vol  ProgramArguments: mri_label2vol -all-info  ProgramVersion: 7.3.2  TimeStamp: 2026/03/06-09:11:52-GMT  BuildTime: Aug  4 2022 06:17:15  BuildStamp: freesurfer-linux-ubuntu22_x86_64-7.3.2-20220804-6354275  User: oesteban  Machine: dna052  Platform: Linux  PlatformVersion: 5.14.0-427.37.1.el9_4.x86_64  CompilerName: GCC  CompilerVersion: 8.4.0
ProgramName: mri_log_likelihood  ProgramArguments: mri_log_likelihood -all-info  ProgramVersion: 7.3.2  TimeStamp: 2026/03/06-09:11:52-GMT  BuildTime: Aug  4 2022 06:17:15  BuildStamp: freesurfer-linux-ubuntu22_x86_64-7.3.2-20220804-6354275  User: oesteban  Machine: dna052  Platform: Linux  PlatformVersion: 5.14.0-427.37.1.el9_4.x86_64  CompilerName: GCC  CompilerVersion: 8.4.0
ProgramName: mri_mask  ProgramArguments: mri_mask -all-info  ProgramVersion: 7.3.2  TimeStamp: 2026/03/06-09:11:52-GMT  BuildTime: Aug  4 2022 06:17:15  BuildStamp: freesurfer-linux-ubuntu22_x86_64-7.3.2-20220804-6354275  User: oesteban  Machine: dna052  Platform: Linux  PlatformVersion: 5.14.0-427.37.1.el9_4.x86_64  CompilerName: GCC  CompilerVersion: 8.4.0
ProgramName: mri_matrix_multiply  ProgramArguments: mri_matrix_multiply -all-info  ProgramVersion: 7.3.2  TimeStamp: 2026/03/06-09:11:52-GMT  BuildTime: Aug  4 2022 06:17:15  BuildStamp: freesurfer-linux-ubuntu22_x86_64-7.3.2-20220804-6354275  User: oesteban  Machine: dna052  Platform: Linux  PlatformVersion: 5.14.0-427.37.1.el9_4.x86_64  CompilerName: GCC  CompilerVersion: 8.4.0
ProgramName: mri_normalize  ProgramArguments: mri_normalize -all-info  ProgramVersion: 7.3.2  TimeStamp: 2026/03/06-09:11:52-GMT  BuildTime: Aug  4 2022 06:17:15  BuildStamp: freesurfer-linux-ubuntu22_x86_64-7.3.2-20220804-6354275  User: oesteban  Machine: dna052  Platform: Linux  PlatformVersion: 5.14.0-427.37.1.el9_4.x86_64  CompilerName: GCC  CompilerVersion: 8.4.0
ProgramName: mri_normalize_tp2  ProgramArguments: mri_normalize_tp2 -all-info  ProgramVersion: 7.3.2  TimeStamp: 2026/03/06-09:11:52-GMT  BuildTime: Aug  4 2022 06:17:15  BuildStamp: freesurfer-linux-ubuntu22_x86_64-7.3.2-20220804-6354275  User: oesteban  Machine: dna052  Platform: Linux  PlatformVersion: 5.14.0-427.37.1.el9_4.x86_64  CompilerName: GCC  CompilerVersion: 8.4.0
ProgramName: mri_or  ProgramArguments: mri_or -all-info  ProgramVersion: 7.3.2  TimeStamp: 2026/03/06-09:11:52-GMT  BuildTime: Aug  4 2022 06:17:15  BuildStamp: freesurfer-linux-ubuntu22_x86_64-7.3.2-20220804-6354275  User: oesteban  Machine: dna052  Platform: Linux  PlatformVersion: 5.14.0-427.37.1.el9_4.x86_64  CompilerName: GCC  CompilerVersion: 8.4.0
ProgramName: mri_relabel_hypointensities  ProgramArguments: mri_relabel_hypointensities -all-info  ProgramVersion: 7.3.2  TimeStamp: 2026/03/06-09:11:52-GMT  BuildTime: Aug  4 2022 06:17:15  BuildStamp: freesurfer-linux-ubuntu22_x86_64-7.3.2-20220804-6354275  User: oesteban  Machine: dna052  Platform: Linux  PlatformVersion: 5.14.0-427.37.1.el9_4.x86_64  CompilerName: GCC  CompilerVersion: 8.4.0
ProgramName: mri_relabel_nonwm_hypos  ProgramArguments: mri_relabel_nonwm_hypos -all-info  ProgramVersion: 7.3.2  TimeStamp: 2026/03/06-09:11:52-GMT  BuildTime: Aug  4 2022 06:17:15  BuildStamp: freesurfer-linux-ubuntu22_x86_64-7.3.2-20220804-6354275  User: oesteban  Machine: dna052  Platform: Linux  PlatformVersion: 5.14.0-427.37.1.el9_4.x86_64  CompilerName: GCC  CompilerVersion: 8.4.0
ProgramName: mri_remove_neck  ProgramArguments: mri_remove_neck -all-info  ProgramVersion: 7.3.2  TimeStamp: 2026/03/06-09:11:52-GMT  BuildTime: Aug  4 2022 06:17:15  BuildStamp: freesurfer-linux-ubuntu22_x86_64-7.3.2-20220804-6354275  User: oesteban  Machine: dna052  Platform: Linux  PlatformVersion: 5.14.0-427.37.1.el9_4.x86_64  CompilerName: GCC  CompilerVersion: 8.4.0
7.3.2

ProgramName: mri_robust_register  ProgramArguments: mri_robust_register -all-info  ProgramVersion: 7.3.2  TimeStamp: 2026/03/06-09:11:52-GMT  BuildTime: Aug  4 2022 06:17:15  BuildStamp: freesurfer-linux-ubuntu22_x86_64-7.3.2-20220804-6354275  User: oesteban  Machine: dna052  Platform: Linux  PlatformVersion: 5.14.0-427.37.1.el9_4.x86_64  CompilerName: GCC  CompilerVersion: 8.4.0
7.3.2

ProgramName: mri_robust_template  ProgramArguments: mri_robust_template -all-info  ProgramVersion: 7.3.2  TimeStamp: 2026/03/06-09:11:52-GMT  BuildTime: Aug  4 2022 06:17:15  BuildStamp: freesurfer-linux-ubuntu22_x86_64-7.3.2-20220804-6354275  User: oesteban  Machine: dna052  Platform: Linux  PlatformVersion: 5.14.0-427.37.1.el9_4.x86_64  CompilerName: GCC  CompilerVersion: 8.4.0
ProgramName: mris_anatomical_stats  ProgramArguments: mris_anatomical_stats -all-info  ProgramVersion: 7.3.2  TimeStamp: 2026/03/06-09:11:52-GMT  BuildTime: Aug  4 2022 06:17:15  BuildStamp: freesurfer-linux-ubuntu22_x86_64-7.3.2-20220804-6354275  User: oesteban  Machine: dna052  Platform: Linux  PlatformVersion: 5.14.0-427.37.1.el9_4.x86_64  CompilerName: GCC  CompilerVersion: 8.4.0
ProgramName: mris_ca_label  ProgramArguments: mris_ca_label -all-info  ProgramVersion: 7.3.2  TimeStamp: 2026/03/06-09:11:52-GMT  BuildTime: Aug  4 2022 06:17:15  BuildStamp: freesurfer-linux-ubuntu22_x86_64-7.3.2-20220804-6354275  User: oesteban  Machine: dna052  Platform: Linux  PlatformVersion: 5.14.0-427.37.1.el9_4.x86_64  CompilerName: GCC  CompilerVersion: 8.4.0
ProgramName: mris_calc  ProgramArguments: mris_calc -all-info  ProgramVersion: 7.3.2  TimeStamp: 2026/03/06-09:11:52-GMT  BuildTime: Aug  4 2022 06:17:15  BuildStamp: freesurfer-linux-ubuntu22_x86_64-7.3.2-20220804-6354275  User: oesteban  Machine: dna052  Platform: Linux  PlatformVersion: 5.14.0-427.37.1.el9_4.x86_64  CompilerName: GCC  CompilerVersion: 8.4.0
ProgramName: mris_convert  ProgramArguments: mris_convert -all-info  ProgramVersion: 7.3.2  TimeStamp: 2026/03/06-09:11:52-GMT  BuildTime: Aug  4 2022 06:17:15  BuildStamp: freesurfer-linux-ubuntu22_x86_64-7.3.2-20220804-6354275  User: oesteban  Machine: dna052  Platform: Linux  PlatformVersion: 5.14.0-427.37.1.el9_4.x86_64  CompilerName: GCC  CompilerVersion: 8.4.0
ProgramName: mris_curvature  ProgramArguments: mris_curvature -all-info  ProgramVersion: 7.3.2  TimeStamp: 2026/03/06-09:11:52-GMT  BuildTime: Aug  4 2022 06:17:15  BuildStamp: freesurfer-linux-ubuntu22_x86_64-7.3.2-20220804-6354275  User: oesteban  Machine: dna052  Platform: Linux  PlatformVersion: 5.14.0-427.37.1.el9_4.x86_64  CompilerName: GCC  CompilerVersion: 8.4.0
ProgramName: mris_curvature_stats  ProgramArguments: mris_curvature_stats -all-info  ProgramVersion: 7.3.2  TimeStamp: 2026/03/06-09:11:52-GMT  BuildTime: Aug  4 2022 06:17:15  BuildStamp: freesurfer-linux-ubuntu22_x86_64-7.3.2-20220804-6354275  User: oesteban  Machine: dna052  Platform: Linux  PlatformVersion: 5.14.0-427.37.1.el9_4.x86_64  CompilerName: GCC  CompilerVersion: 8.4.0
ProgramName: mris_diff  ProgramArguments: mris_diff -all-info  ProgramVersion: 7.3.2  TimeStamp: 2026/03/06-09:11:52-GMT  BuildTime: Aug  4 2022 06:17:15  BuildStamp: freesurfer-linux-ubuntu22_x86_64-7.3.2-20220804-6354275  User: oesteban  Machine: dna052  Platform: Linux  PlatformVersion: 5.14.0-427.37.1.el9_4.x86_64  CompilerName: GCC  CompilerVersion: 8.4.0
ProgramName: mris_divide_parcellation  ProgramArguments: mris_divide_parcellation -all-info  ProgramVersion: 7.3.2  TimeStamp: 2026/03/06-09:11:52-GMT  BuildTime: Aug  4 2022 06:17:15  BuildStamp: freesurfer-linux-ubuntu22_x86_64-7.3.2-20220804-6354275  User: oesteban  Machine: dna052  Platform: Linux  PlatformVersion: 5.14.0-427.37.1.el9_4.x86_64  CompilerName: GCC  CompilerVersion: 8.4.0
ProgramName: mri_segment  ProgramArguments: mri_segment -all-info  ProgramVersion: 7.3.2  TimeStamp: 2026/03/06-09:11:52-GMT  BuildTime: Aug  4 2022 06:17:15  BuildStamp: freesurfer-linux-ubuntu22_x86_64-7.3.2-20220804-6354275  User: oesteban  Machine: dna052  Platform: Linux  PlatformVersion: 5.14.0-427.37.1.el9_4.x86_64  CompilerName: GCC  CompilerVersion: 8.4.0
ProgramName: mri_segstats  ProgramArguments: mri_segstats -all-info  ProgramVersion: 7.3.2  TimeStamp: 2026/03/06-09:11:52-GMT  BuildTime: Aug  4 2022 06:17:15  BuildStamp: freesurfer-linux-ubuntu22_x86_64-7.3.2-20220804-6354275  User: oesteban  Machine: dna052  Platform: Linux  PlatformVersion: 5.14.0-427.37.1.el9_4.x86_64  CompilerName: GCC  CompilerVersion: 8.4.0
ProgramName: mris_euler_number  ProgramArguments: mris_euler_number -all-info  ProgramVersion: 7.3.2  TimeStamp: 2026/03/06-09:11:52-GMT  BuildTime: Aug  4 2022 06:17:15  BuildStamp: freesurfer-linux-ubuntu22_x86_64-7.3.2-20220804-6354275  User: oesteban  Machine: dna052  Platform: Linux  PlatformVersion: 5.14.0-427.37.1.el9_4.x86_64  CompilerName: GCC  CompilerVersion: 8.4.0
ProgramName: mris_fix_topology  ProgramArguments: mris_fix_topology -all-info  ProgramVersion: 7.3.2  TimeStamp: 2026/03/06-09:11:52-GMT  BuildTime: Aug  4 2022 06:17:15  BuildStamp: freesurfer-linux-ubuntu22_x86_64-7.3.2-20220804-6354275  User: oesteban  Machine: dna052  Platform: Linux  PlatformVersion: 5.14.0-427.37.1.el9_4.x86_64  CompilerName: GCC  CompilerVersion: 8.4.0
ProgramName: mris_topo_fixer  ProgramArguments: mris_topo_fixer -all-info  ProgramVersion: 7.3.2  TimeStamp: 2026/03/06-09:11:52-GMT  BuildTime: Aug  4 2022 06:17:15  BuildStamp: freesurfer-linux-ubuntu22_x86_64-7.3.2-20220804-6354275  User: oesteban  Machine: dna052  Platform: Linux  PlatformVersion: 5.14.0-427.37.1.el9_4.x86_64  CompilerName: GCC  CompilerVersion: 8.4.0
ProgramName: mris_jacobian  ProgramArguments: mris_jacobian -all-info  ProgramVersion: 7.3.2  TimeStamp: 2026/03/06-09:11:52-GMT  BuildTime: Aug  4 2022 06:17:15  BuildStamp: freesurfer-linux-ubuntu22_x86_64-7.3.2-20220804-6354275  User: oesteban  Machine: dna052  Platform: Linux  PlatformVersion: 5.14.0-427.37.1.el9_4.x86_64  CompilerName: GCC  CompilerVersion: 8.4.0
ProgramName: mris_label2annot  ProgramArguments: mris_label2annot -all-info  ProgramVersion: 7.3.2  TimeStamp: 2026/03/06-09:11:52-GMT  BuildTime: Aug  4 2022 06:17:15  BuildStamp: freesurfer-linux-ubuntu22_x86_64-7.3.2-20220804-6354275  User: oesteban  Machine: dna052  Platform: Linux  PlatformVersion: 5.14.0-427.37.1.el9_4.x86_64  CompilerName: GCC  CompilerVersion: 8.4.0
ProgramName: mris_left_right_register  ProgramArguments: mris_left_right_register -all-info  ProgramVersion: 7.3.2  TimeStamp: 2026/03/06-09:11:52-GMT  BuildTime: Aug  4 2022 06:17:15  BuildStamp: freesurfer-linux-ubuntu22_x86_64-7.3.2-20220804-6354275  User: oesteban  Machine: dna052  Platform: Linux  PlatformVersion: 5.14.0-427.37.1.el9_4.x86_64  CompilerName: GCC  CompilerVersion: 8.4.0
ProgramName: mris_place_surface  ProgramArguments: mris_place_surface -all-info  ProgramVersion: 7.3.2  TimeStamp: 2026/03/06-09:11:52-GMT  BuildTime: Aug  4 2022 06:17:15  BuildStamp: freesurfer-linux-ubuntu22_x86_64-7.3.2-20220804-6354275  User: oesteban  Machine: dna052  Platform: Linux  PlatformVersion: 5.14.0-427.37.1.el9_4.x86_64  CompilerName: GCC  CompilerVersion: 8.4.0
ProgramName: mrisp_paint  ProgramArguments: mrisp_paint -all-info  ProgramVersion: 7.3.2  TimeStamp: 2026/03/06-09:11:52-GMT  BuildTime: Aug  4 2022 06:17:15  BuildStamp: freesurfer-linux-ubuntu22_x86_64-7.3.2-20220804-6354275  User: oesteban  Machine: dna052  Platform: Linux  PlatformVersion: 5.14.0-427.37.1.el9_4.x86_64  CompilerName: GCC  CompilerVersion: 8.4.0
ProgramName: mris_register  ProgramArguments: mris_register -all-info  ProgramVersion: 7.3.2  TimeStamp: 2026/03/06-09:11:52-GMT  BuildTime: Aug  4 2022 06:17:15  BuildStamp: freesurfer-linux-ubuntu22_x86_64-7.3.2-20220804-6354275  User: oesteban  Machine: dna052  Platform: Linux  PlatformVersion: 5.14.0-427.37.1.el9_4.x86_64  CompilerName: GCC  CompilerVersion: 8.4.0
ProgramName: mris_smooth  ProgramArguments: mris_smooth -all-info  ProgramVersion: 7.3.2  TimeStamp: 2026/03/06-09:11:52-GMT  BuildTime: Aug  4 2022 06:17:15  BuildStamp: freesurfer-linux-ubuntu22_x86_64-7.3.2-20220804-6354275  User: oesteban  Machine: dna052  Platform: Linux  PlatformVersion: 5.14.0-427.37.1.el9_4.x86_64  CompilerName: GCC  CompilerVersion: 8.4.0
ProgramName: mris_sphere  ProgramArguments: mris_sphere -all-info  ProgramVersion: 7.3.2  TimeStamp: 2026/03/06-09:11:52-GMT  BuildTime: Aug  4 2022 06:17:15  BuildStamp: freesurfer-linux-ubuntu22_x86_64-7.3.2-20220804-6354275  User: oesteban  Machine: dna052  Platform: Linux  PlatformVersion: 5.14.0-427.37.1.el9_4.x86_64  CompilerName: GCC  CompilerVersion: 8.4.0
ProgramName: mris_surface_stats  ProgramArguments: mris_surface_stats -all-info  ProgramVersion: 7.3.2  TimeStamp: 2026/03/06-09:11:52-GMT  BuildTime: Aug  4 2022 06:17:15  BuildStamp: freesurfer-linux-ubuntu22_x86_64-7.3.2-20220804-6354275  User: oesteban  Machine: dna052  Platform: Linux  PlatformVersion: 5.14.0-427.37.1.el9_4.x86_64  CompilerName: GCC  CompilerVersion: 8.4.0
ProgramName: mri_stats2seg  ProgramArguments: mri_stats2seg -all-info  ProgramVersion: 7.3.2  TimeStamp: 2026/03/06-09:11:52-GMT  BuildTime: Aug  4 2022 06:17:15  BuildStamp: freesurfer-linux-ubuntu22_x86_64-7.3.2-20220804-6354275  User: oesteban  Machine: dna052  Platform: Linux  PlatformVersion: 5.14.0-427.37.1.el9_4.x86_64  CompilerName: GCC  CompilerVersion: 8.4.0
ProgramName: mris_thickness  ProgramArguments: mris_thickness -all-info  ProgramVersion: 7.3.2  TimeStamp: 2026/03/06-09:11:52-GMT  BuildTime: Aug  4 2022 06:17:15  BuildStamp: freesurfer-linux-ubuntu22_x86_64-7.3.2-20220804-6354275  User: oesteban  Machine: dna052  Platform: Linux  PlatformVersion: 5.14.0-427.37.1.el9_4.x86_64  CompilerName: GCC  CompilerVersion: 8.4.0
ProgramName: mris_thickness_diff  ProgramArguments: mris_thickness_diff -all-info  ProgramVersion: 7.3.2  TimeStamp: 2026/03/06-09:11:52-GMT  BuildTime: Aug  4 2022 06:17:15  BuildStamp: freesurfer-linux-ubuntu22_x86_64-7.3.2-20220804-6354275  User: oesteban  Machine: dna052  Platform: Linux  PlatformVersion: 5.14.0-427.37.1.el9_4.x86_64  CompilerName: GCC  CompilerVersion: 8.4.0
ProgramName: mris_topo_fixer  ProgramArguments: mris_topo_fixer -all-info  ProgramVersion: 7.3.2  TimeStamp: 2026/03/06-09:11:52-GMT  BuildTime: Aug  4 2022 06:17:15  BuildStamp: freesurfer-linux-ubuntu22_x86_64-7.3.2-20220804-6354275  User: oesteban  Machine: dna052  Platform: Linux  PlatformVersion: 5.14.0-427.37.1.el9_4.x86_64  CompilerName: GCC  CompilerVersion: 8.4.0
ProgramName: mri_surf2surf  ProgramArguments: mri_surf2surf -all-info  ProgramVersion: 7.3.2  TimeStamp: 2026/03/06-09:11:52-GMT  BuildTime: Aug  4 2022 06:17:15  BuildStamp: freesurfer-linux-ubuntu22_x86_64-7.3.2-20220804-6354275  User: oesteban  Machine: dna052  Platform: Linux  PlatformVersion: 5.14.0-427.37.1.el9_4.x86_64  CompilerName: GCC  CompilerVersion: 8.4.0
ProgramName: mri_surf2vol  ProgramArguments: mri_surf2vol -all-info  ProgramVersion: 7.3.2  TimeStamp: 2026/03/06-09:11:52-GMT  BuildTime: Aug  4 2022 06:17:15  BuildStamp: freesurfer-linux-ubuntu22_x86_64-7.3.2-20220804-6354275  User: oesteban  Machine: dna052  Platform: Linux  PlatformVersion: 5.14.0-427.37.1.el9_4.x86_64  CompilerName: GCC  CompilerVersion: 8.4.0
ProgramName: mri_surfcluster  ProgramArguments: mri_surfcluster -all-info  ProgramVersion: 7.3.2  TimeStamp: 2026/03/06-09:11:52-GMT  BuildTime: Aug  4 2022 06:17:15  BuildStamp: freesurfer-linux-ubuntu22_x86_64-7.3.2-20220804-6354275  User: oesteban  Machine: dna052  Platform: Linux  PlatformVersion: 5.14.0-427.37.1.el9_4.x86_64  CompilerName: GCC  CompilerVersion: 8.4.0
ProgramName: mris_volmask  ProgramArguments: mris_volmask -all-info  ProgramVersion: 7.3.2  TimeStamp: 2026/03/06-09:11:52-GMT  BuildTime: Aug  4 2022 06:17:15  BuildStamp: freesurfer-linux-ubuntu22_x86_64-7.3.2-20220804-6354275  User: oesteban  Machine: dna052  Platform: Linux  PlatformVersion: 5.14.0-427.37.1.el9_4.x86_64  CompilerName: GCC  CompilerVersion: 8.4.0
ProgramName: mri_tessellate  ProgramArguments: mri_tessellate -all-info  ProgramVersion: 7.3.2  TimeStamp: 2026/03/06-09:11:52-GMT  BuildTime: Aug  4 2022 06:17:15  BuildStamp: freesurfer-linux-ubuntu22_x86_64-7.3.2-20220804-6354275  User: oesteban  Machine: dna052  Platform: Linux  PlatformVersion: 5.14.0-427.37.1.el9_4.x86_64  CompilerName: GCC  CompilerVersion: 8.4.0
ProgramName: mri_vol2surf  ProgramArguments: mri_vol2surf -all-info  ProgramVersion: 7.3.2  TimeStamp: 2026/03/06-09:11:52-GMT  BuildTime: Aug  4 2022 06:17:15  BuildStamp: freesurfer-linux-ubuntu22_x86_64-7.3.2-20220804-6354275  User: oesteban  Machine: dna052  Platform: Linux  PlatformVersion: 5.14.0-427.37.1.el9_4.x86_64  CompilerName: GCC  CompilerVersion: 8.4.0
ProgramName: mri_vol2vol  ProgramArguments: mri_vol2vol -all-info  ProgramVersion: 7.3.2  TimeStamp: 2026/03/06-09:11:52-GMT  BuildTime: Aug  4 2022 06:17:15  BuildStamp: freesurfer-linux-ubuntu22_x86_64-7.3.2-20220804-6354275  User: oesteban  Machine: dna052  Platform: Linux  PlatformVersion: 5.14.0-427.37.1.el9_4.x86_64  CompilerName: GCC  CompilerVersion: 8.4.0
ProgramName: mri_voldiff  ProgramArguments: mri_voldiff -all-info  ProgramVersion: 7.3.2  TimeStamp: 2026/03/06-09:11:52-GMT  BuildTime: Aug  4 2022 06:17:15  BuildStamp: freesurfer-linux-ubuntu22_x86_64-7.3.2-20220804-6354275  User: oesteban  Machine: dna052  Platform: Linux  PlatformVersion: 5.14.0-427.37.1.el9_4.x86_64  CompilerName: GCC  CompilerVersion: 8.4.0
ProgramName: mri_watershed  ProgramArguments: mri_watershed -all-info  ProgramVersion: 7.3.2  TimeStamp: 2026/03/06-09:11:52-GMT  BuildTime: Aug  4 2022 06:17:15  BuildStamp: freesurfer-linux-ubuntu22_x86_64-7.3.2-20220804-6354275  User: oesteban  Machine: dna052  Platform: Linux  PlatformVersion: 5.14.0-427.37.1.el9_4.x86_64  CompilerName: GCC  CompilerVersion: 8.4.0
ProgramName: tkregister2  ProgramArguments: tkregister2_cmdl -all-info  ProgramVersion: 7.3.2  TimeStamp: 2026/03/06-09:11:52-GMT  BuildTime: Aug  4 2022 06:17:15  BuildStamp: freesurfer-linux-ubuntu22_x86_64-7.3.2-20220804-6354275  User: oesteban  Machine: dna052  Platform: Linux  PlatformVersion: 5.14.0-427.37.1.el9_4.x86_64  CompilerName: GCC  CompilerVersion: 8.4.0
mri_motion_correct.fsl 7.3.2
mri_convert -all-info 
ProgramName: mri_convert  ProgramArguments: mri_convert -all-info  ProgramVersion: 7.3.2  TimeStamp: 2026/03/06-09:11:52-GMT  BuildTime: Aug  4 2022 06:17:15  BuildStamp: freesurfer-linux-ubuntu22_x86_64-7.3.2-20220804-6354275  User: oesteban  Machine: dna052  Platform: Linux  PlatformVersion: 5.14.0-427.37.1.el9_4.x86_64  CompilerName: GCC  CompilerVersion: 8.4.0
Program nu_correct, built from:
Package MNI N3, version 1.12.0, compiled by nicks@terrier (x86_64-unknown-linux-gnu) on 2015-06-19 at 01:25:34
#######################################
GCADIR /opt/freesurfer/average
GCA RB_all_2020-01-02.gca
GCASkull RB_all_withskull_2020_01_02.gca
AvgCurvTif folding.atlas.acfb40.noaparc.i12.2016-08-02.tif
GCSDIR /opt/freesurfer/average
GCS DKaparc.atlas.acfb40.noaparc.i12.2016-08-02.gcs
#######################################
#@# white curv lh Fri Mar  6 10:11:53 CET 2026
cd /out/sourcedata/freesurfer/sub-v1s10x0051024_ses-1/mri
mris_place_surface --curv-map ../surf/lh.white 2 10 ../surf/lh.curv
   Update not needed
#@# white area lh Fri Mar  6 10:11:53 CET 2026
cd /out/sourcedata/freesurfer/sub-v1s10x0051024_ses-1/mri
mris_place_surface --area-map ../surf/lh.white ../surf/lh.area
   Update not needed
#@# pial curv lh Fri Mar  6 10:11:53 CET 2026
cd /out/sourcedata/freesurfer/sub-v1s10x0051024_ses-1/mri
mris_place_surface --curv-map ../surf/lh.pial 2 10 ../surf/lh.curv.pial
   Update not needed
#@# pial area lh Fri Mar  6 10:11:53 CET 2026
cd /out/sourcedata/freesurfer/sub-v1s10x0051024_ses-1/mri
mris_place_surface --area-map ../surf/lh.pial ../surf/lh.area.pial
   Update not needed
#@# thickness lh Fri Mar  6 10:11:53 CET 2026
cd /out/sourcedata/freesurfer/sub-v1s10x0051024_ses-1/mri
mris_place_surface --thickness ../surf/lh.white ../surf/lh.pial 20 5 ../surf/lh.thickness
   Update not needed
#@# area and vertex vol lh Fri Mar  6 10:11:53 CET 2026
cd /out/sourcedata/freesurfer/sub-v1s10x0051024_ses-1/mri
mris_place_surface --thickness ../surf/lh.white ../surf/lh.pial 20 5 ../surf/lh.thickness
   Update not needed
#@# white curv rh Fri Mar  6 10:11:53 CET 2026
cd /out/sourcedata/freesurfer/sub-v1s10x0051024_ses-1/mri
mris_place_surface --curv-map ../surf/rh.white 2 10 ../surf/rh.curv
   Update not needed
#@# white area rh Fri Mar  6 10:11:53 CET 2026
cd /out/sourcedata/freesurfer/sub-v1s10x0051024_ses-1/mri
mris_place_surface --area-map ../surf/rh.white ../surf/rh.area
   Update not needed
#@# pial curv rh Fri Mar  6 10:11:53 CET 2026
cd /out/sourcedata/freesurfer/sub-v1s10x0051024_ses-1/mri
mris_place_surface --curv-map ../surf/rh.pial 2 10 ../surf/rh.curv.pial
   Update not needed
#@# pial area rh Fri Mar  6 10:11:53 CET 2026
cd /out/sourcedata/freesurfer/sub-v1s10x0051024_ses-1/mri
mris_place_surface --area-map ../surf/rh.pial ../surf/rh.area.pial
   Update not needed
#@# thickness rh Fri Mar  6 10:11:53 CET 2026
cd /out/sourcedata/freesurfer/sub-v1s10x0051024_ses-1/mri
mris_place_surface --thickness ../surf/rh.white ../surf/rh.pial 20 5 ../surf/rh.thickness
   Update not needed
#@# area and vertex vol rh Fri Mar  6 10:11:53 CET 2026
cd /out/sourcedata/freesurfer/sub-v1s10x0051024_ses-1/mri
mris_place_surface --thickness ../surf/rh.white ../surf/rh.pial 20 5 ../surf/rh.thickness
   Update not needed
#--------------------------------------------
#@# Cortical ribbon mask Fri Mar  6 10:11:53 CET 2026
/out/sourcedata/freesurfer/sub-v1s10x0051024_ses-1/mri

 mris_volmask --aseg_name aseg.presurf --label_left_white 2 --label_left_ribbon 3 --label_right_white 41 --label_right_ribbon 42 --save_ribbon sub-v1s10x0051024_ses-1 

SUBJECTS_DIR is /out/sourcedata/freesurfer
loading input data...
Running hemis serially
Processing left hemi
computing distance to left white surface 
computing distance to left pial surface 
Processing right hemi
computing distance to right white surface 
computing distance to right pial surface 
 hemi masks overlap voxels = 199
writing volume /out/sourcedata/freesurfer/sub-v1s10x0051024_ses-1/mri/ribbon.mgz
mris_volmask took 2.86 minutes
 writing ribbon files

Started at Fri Mar 6 10:11:52 CET 2026 
Ended   at Fri Mar 6 10:14:45 CET 2026
#@#%# recon-all-run-time-hours 0.048
recon-all -s sub-v1s10x0051024_ses-1 finished without error at Fri Mar  6 10:14:45 CET 2026



#New# invocation of recon-all 




Fri Mar  6 10:22:09 CET 2026
cd /out/sourcedata/freesurfer/sub-v1s10x0051024_ses-1
setenv SUBJECTS_DIR /out/sourcedata/freesurfer
/opt/freesurfer/bin/recon-all -autorecon3 -openmp 16 -subjid sub-v1s10x0051024_ses-1 -sd /out/sourcedata/freesurfer -nosphere -nosurfreg -nojacobian_white -noavgcurv -nocortparc -nopial -noparcstats -nocortparc2 -noparcstats2 -nocortparc3 -noparcstats3 -nopctsurfcon -nocortribbon -nobalabels

subjid sub-v1s10x0051024_ses-1
setenv SUBJECTS_DIR /out/sourcedata/freesurfer
FREESURFER_HOME /opt/freesurfer
Actual FREESURFER_HOME /opt/freesurfer
build-stamp.txt: freesurfer-linux-ubuntu22_x86_64-7.3.2-20220804-6354275
Linux dna052 5.14.0-427.37.1.el9_4.x86_64 #1 SMP PREEMPT_DYNAMIC Fri Sep 13 12:41:50 EDT 2024 x86_64 x86_64 x86_64 GNU/Linux
cputime      unlimited
filesize     unlimited
datasize     unlimited
stacksize    8192 kbytes
coredumpsize 0 kbytes
memoryuse    67108864 kbytes
vmemoryuse   unlimited
descriptors  1024 
memorylocked unlimited
maxproc      2061970 
maxlocks     unlimited
maxsignal    2061970 
maxmessage   819200 
maxnice      0 
maxrtprio    0 
maxrttime    unlimited

               total        used        free      shared  buff/cache   available
Mem:           503Gi        51Gi       163Gi        10Gi       288Gi       437Gi
Swap:             0B          0B          0B

########################################
program versions used
7.3.2 (freesurfer-linux-ubuntu22_x86_64-7.3.2-20220804-6354275)
7.3.2

ProgramName: lta_convert  ProgramArguments: lta_convert -all-info  ProgramVersion: 7.3.2  TimeStamp: 2026/03/06-09:22:09-GMT  BuildTime: Aug  4 2022 06:17:15  BuildStamp: freesurfer-linux-ubuntu22_x86_64-7.3.2-20220804-6354275  User: oesteban  Machine: dna052  Platform: Linux  PlatformVersion: 5.14.0-427.37.1.el9_4.x86_64  CompilerName: GCC  CompilerVersion: 8.4.0
ProgramName: mri_and  ProgramArguments: mri_and -all-info  ProgramVersion: 7.3.2  TimeStamp: 2026/03/06-09:22:09-GMT  BuildTime: Aug  4 2022 06:17:15  BuildStamp: freesurfer-linux-ubuntu22_x86_64-7.3.2-20220804-6354275  User: oesteban  Machine: dna052  Platform: Linux  PlatformVersion: 5.14.0-427.37.1.el9_4.x86_64  CompilerName: GCC  CompilerVersion: 8.4.0
ProgramName: mri_annotation2label  ProgramArguments: mri_annotation2label -all-info  ProgramVersion: 7.3.2  TimeStamp: 2026/03/06-09:22:09-GMT  BuildTime: Aug  4 2022 06:17:15  BuildStamp: freesurfer-linux-ubuntu22_x86_64-7.3.2-20220804-6354275  User: oesteban  Machine: dna052  Platform: Linux  PlatformVersion: 5.14.0-427.37.1.el9_4.x86_64  CompilerName: GCC  CompilerVersion: 8.4.0
ProgramName: mri_aparc2aseg  ProgramArguments: mri_aparc2aseg -all-info  ProgramVersion: 7.3.2  TimeStamp: 2026/03/06-09:22:09-GMT  BuildTime: Aug  4 2022 06:17:15  BuildStamp: freesurfer-linux-ubuntu22_x86_64-7.3.2-20220804-6354275  User: oesteban  Machine: dna052  Platform: Linux  PlatformVersion: 5.14.0-427.37.1.el9_4.x86_64  CompilerName: GCC  CompilerVersion: 8.4.0
ProgramName: mri_surf2volseg  ProgramArguments: mri_surf2volseg -all-info  ProgramVersion: 7.3.2  TimeStamp: 2026/03/06-09:22:09-GMT  BuildTime: Aug  4 2022 06:17:15  BuildStamp: freesurfer-linux-ubuntu22_x86_64-7.3.2-20220804-6354275  User: oesteban  Machine: dna052  Platform: Linux  PlatformVersion: 5.14.0-427.37.1.el9_4.x86_64  CompilerName: GCC  CompilerVersion: 8.4.0
ProgramName: mri_binarize  ProgramArguments: mri_binarize -all-info  ProgramVersion: 7.3.2  TimeStamp: 2026/03/06-09:22:09-GMT  BuildTime: Aug  4 2022 06:17:15  BuildStamp: freesurfer-linux-ubuntu22_x86_64-7.3.2-20220804-6354275  User: oesteban  Machine: dna052  Platform: Linux  PlatformVersion: 5.14.0-427.37.1.el9_4.x86_64  CompilerName: GCC  CompilerVersion: 8.4.0
ProgramName: mri_ca_label  ProgramArguments: mri_ca_label -all-info  ProgramVersion: 7.3.2  TimeStamp: 2026/03/06-09:22:09-GMT  BuildTime: Aug  4 2022 06:17:15  BuildStamp: freesurfer-linux-ubuntu22_x86_64-7.3.2-20220804-6354275  User: oesteban  Machine: dna052  Platform: Linux  PlatformVersion: 5.14.0-427.37.1.el9_4.x86_64  CompilerName: GCC  CompilerVersion: 8.4.0
ProgramName: mri_ca_normalize  ProgramArguments: mri_ca_normalize -all-info  ProgramVersion: 7.3.2  TimeStamp: 2026/03/06-09:22:09-GMT  BuildTime: Aug  4 2022 06:17:15  BuildStamp: freesurfer-linux-ubuntu22_x86_64-7.3.2-20220804-6354275  User: oesteban  Machine: dna052  Platform: Linux  PlatformVersion: 5.14.0-427.37.1.el9_4.x86_64  CompilerName: GCC  CompilerVersion: 8.4.0
ProgramName: mri_ca_register  ProgramArguments: mri_ca_register -all-info  ProgramVersion: 7.3.2  TimeStamp: 2026/03/06-09:22:09-GMT  BuildTime: Aug  4 2022 06:17:15  BuildStamp: freesurfer-linux-ubuntu22_x86_64-7.3.2-20220804-6354275  User: oesteban  Machine: dna052  Platform: Linux  PlatformVersion: 5.14.0-427.37.1.el9_4.x86_64  CompilerName: GCC  CompilerVersion: 8.4.0
ProgramName: mri_cc  ProgramArguments: mri_cc -all-info  ProgramVersion: 7.3.2  TimeStamp: 2026/03/06-09:22:09-GMT  BuildTime: Aug  4 2022 06:17:15  BuildStamp: freesurfer-linux-ubuntu22_x86_64-7.3.2-20220804-6354275  User: oesteban  Machine: dna052  Platform: Linux  PlatformVersion: 5.14.0-427.37.1.el9_4.x86_64  CompilerName: GCC  CompilerVersion: 8.4.0
ProgramName: mri_compute_overlap  ProgramArguments: mri_compute_overlap -all-info  ProgramVersion: 7.3.2  TimeStamp: 2026/03/06-09:22:09-GMT  BuildTime: Aug  4 2022 06:17:15  BuildStamp: freesurfer-linux-ubuntu22_x86_64-7.3.2-20220804-6354275  User: oesteban  Machine: dna052  Platform: Linux  PlatformVersion: 5.14.0-427.37.1.el9_4.x86_64  CompilerName: GCC  CompilerVersion: 8.4.0
ProgramName: mri_compute_seg_overlap  ProgramArguments: mri_compute_seg_overlap -all-info  ProgramVersion: 7.3.2  TimeStamp: 2026/03/06-09:22:09-GMT  BuildTime: Aug  4 2022 06:17:15  BuildStamp: freesurfer-linux-ubuntu22_x86_64-7.3.2-20220804-6354275  User: oesteban  Machine: dna052  Platform: Linux  PlatformVersion: 5.14.0-427.37.1.el9_4.x86_64  CompilerName: GCC  CompilerVersion: 8.4.0
ProgramName: mri_concat  ProgramArguments: mri_concat -all-info  ProgramVersion: 7.3.2  TimeStamp: 2026/03/06-09:22:09-GMT  BuildTime: Aug  4 2022 06:17:15  BuildStamp: freesurfer-linux-ubuntu22_x86_64-7.3.2-20220804-6354275  User: oesteban  Machine: dna052  Platform: Linux  PlatformVersion: 5.14.0-427.37.1.el9_4.x86_64  CompilerName: GCC  CompilerVersion: 8.4.0
ProgramName: mri_concatenate_lta  ProgramArguments: mri_concatenate_lta -all-info  ProgramVersion: 7.3.2  TimeStamp: 2026/03/06-09:22:09-GMT  BuildTime: Aug  4 2022 06:17:15  BuildStamp: freesurfer-linux-ubuntu22_x86_64-7.3.2-20220804-6354275  User: oesteban  Machine: dna052  Platform: Linux  PlatformVersion: 5.14.0-427.37.1.el9_4.x86_64  CompilerName: GCC  CompilerVersion: 8.4.0
mri_convert -all-info 
ProgramName: mri_convert  ProgramArguments: mri_convert -all-info  ProgramVersion: 7.3.2  TimeStamp: 2026/03/06-09:22:09-GMT  BuildTime: Aug  4 2022 06:17:15  BuildStamp: freesurfer-linux-ubuntu22_x86_64-7.3.2-20220804-6354275  User: oesteban  Machine: dna052  Platform: Linux  PlatformVersion: 5.14.0-427.37.1.el9_4.x86_64  CompilerName: GCC  CompilerVersion: 8.4.0
ProgramName: mri_diff  ProgramArguments: mri_diff -all-info  ProgramVersion: 7.3.2  TimeStamp: 2026/03/06-09:22:09-GMT  BuildTime: Aug  4 2022 06:17:15  BuildStamp: freesurfer-linux-ubuntu22_x86_64-7.3.2-20220804-6354275  User: oesteban  Machine: dna052  Platform: Linux  PlatformVersion: 5.14.0-427.37.1.el9_4.x86_64  CompilerName: GCC  CompilerVersion: 8.4.0
ProgramName: mri_edit_wm_with_aseg  ProgramArguments: mri_edit_wm_with_aseg -all-info  ProgramVersion: 7.3.2  TimeStamp: 2026/03/06-09:22:09-GMT  BuildTime: Aug  4 2022 06:17:15  BuildStamp: freesurfer-linux-ubuntu22_x86_64-7.3.2-20220804-6354275  User: oesteban  Machine: dna052  Platform: Linux  PlatformVersion: 5.14.0-427.37.1.el9_4.x86_64  CompilerName: GCC  CompilerVersion: 8.4.0
ProgramName: mri_em_register  ProgramArguments: mri_em_register -all-info  ProgramVersion: 7.3.2  TimeStamp: 2026/03/06-09:22:09-GMT  BuildTime: Aug  4 2022 06:17:15  BuildStamp: freesurfer-linux-ubuntu22_x86_64-7.3.2-20220804-6354275  User: oesteban  Machine: dna052  Platform: Linux  PlatformVersion: 5.14.0-427.37.1.el9_4.x86_64  CompilerName: GCC  CompilerVersion: 8.4.0
ProgramName: mri_fill  ProgramArguments: mri_fill -all-info  ProgramVersion: 7.3.2  TimeStamp: 2026/03/06-09:22:09-GMT  BuildTime: Aug  4 2022 06:17:15  BuildStamp: freesurfer-linux-ubuntu22_x86_64-7.3.2-20220804-6354275  User: oesteban  Machine: dna052  Platform: Linux  PlatformVersion: 5.14.0-427.37.1.el9_4.x86_64  CompilerName: GCC  CompilerVersion: 8.4.0
ProgramName: mri_fuse_segmentations  ProgramArguments: mri_fuse_segmentations -all-info  ProgramVersion: 7.3.2  TimeStamp: 2026/03/06-09:22:09-GMT  BuildTime: Aug  4 2022 06:17:15  BuildStamp: freesurfer-linux-ubuntu22_x86_64-7.3.2-20220804-6354275  User: oesteban  Machine: dna052  Platform: Linux  PlatformVersion: 5.14.0-427.37.1.el9_4.x86_64  CompilerName: GCC  CompilerVersion: 8.4.0
ProgramName: mri_fwhm  ProgramArguments: mri_fwhm -all-info  ProgramVersion: 7.3.2  TimeStamp: 2026/03/06-09:22:09-GMT  BuildTime: Aug  4 2022 06:17:15  BuildStamp: freesurfer-linux-ubuntu22_x86_64-7.3.2-20220804-6354275  User: oesteban  Machine: dna052  Platform: Linux  PlatformVersion: 5.14.0-427.37.1.el9_4.x86_64  CompilerName: GCC  CompilerVersion: 8.4.0
ProgramName: mri_gcut  ProgramArguments: mri_gcut -all-info  ProgramVersion: 7.3.2  TimeStamp: 2026/03/06-09:22:09-GMT  BuildTime: Aug  4 2022 06:17:15  BuildStamp: freesurfer-linux-ubuntu22_x86_64-7.3.2-20220804-6354275  User: oesteban  Machine: dna052  Platform: Linux  PlatformVersion: 5.14.0-427.37.1.el9_4.x86_64  CompilerName: GCC  CompilerVersion: 8.4.0
ProgramName: mri_info  ProgramArguments: mri_info -all-info  ProgramVersion: 7.3.2  TimeStamp: 2026/03/06-09:22:09-GMT  BuildTime: Aug  4 2022 06:17:15  BuildStamp: freesurfer-linux-ubuntu22_x86_64-7.3.2-20220804-6354275  User: oesteban  Machine: dna052  Platform: Linux  PlatformVersion: 5.14.0-427.37.1.el9_4.x86_64  CompilerName: GCC  CompilerVersion: 8.4.0
ProgramName: mri_label2label  ProgramArguments: mri_label2label -all-info  ProgramVersion: 7.3.2  TimeStamp: 2026/03/06-09:22:09-GMT  BuildTime: Aug  4 2022 06:17:15  BuildStamp: freesurfer-linux-ubuntu22_x86_64-7.3.2-20220804-6354275  User: oesteban  Machine: dna052  Platform: Linux  PlatformVersion: 5.14.0-427.37.1.el9_4.x86_64  CompilerName: GCC  CompilerVersion: 8.4.0
ProgramName: mri_label2vol  ProgramArguments: mri_label2vol -all-info  ProgramVersion: 7.3.2  TimeStamp: 2026/03/06-09:22:09-GMT  BuildTime: Aug  4 2022 06:17:15  BuildStamp: freesurfer-linux-ubuntu22_x86_64-7.3.2-20220804-6354275  User: oesteban  Machine: dna052  Platform: Linux  PlatformVersion: 5.14.0-427.37.1.el9_4.x86_64  CompilerName: GCC  CompilerVersion: 8.4.0
ProgramName: mri_log_likelihood  ProgramArguments: mri_log_likelihood -all-info  ProgramVersion: 7.3.2  TimeStamp: 2026/03/06-09:22:09-GMT  BuildTime: Aug  4 2022 06:17:15  BuildStamp: freesurfer-linux-ubuntu22_x86_64-7.3.2-20220804-6354275  User: oesteban  Machine: dna052  Platform: Linux  PlatformVersion: 5.14.0-427.37.1.el9_4.x86_64  CompilerName: GCC  CompilerVersion: 8.4.0
ProgramName: mri_mask  ProgramArguments: mri_mask -all-info  ProgramVersion: 7.3.2  TimeStamp: 2026/03/06-09:22:09-GMT  BuildTime: Aug  4 2022 06:17:15  BuildStamp: freesurfer-linux-ubuntu22_x86_64-7.3.2-20220804-6354275  User: oesteban  Machine: dna052  Platform: Linux  PlatformVersion: 5.14.0-427.37.1.el9_4.x86_64  CompilerName: GCC  CompilerVersion: 8.4.0
ProgramName: mri_matrix_multiply  ProgramArguments: mri_matrix_multiply -all-info  ProgramVersion: 7.3.2  TimeStamp: 2026/03/06-09:22:09-GMT  BuildTime: Aug  4 2022 06:17:15  BuildStamp: freesurfer-linux-ubuntu22_x86_64-7.3.2-20220804-6354275  User: oesteban  Machine: dna052  Platform: Linux  PlatformVersion: 5.14.0-427.37.1.el9_4.x86_64  CompilerName: GCC  CompilerVersion: 8.4.0
ProgramName: mri_normalize  ProgramArguments: mri_normalize -all-info  ProgramVersion: 7.3.2  TimeStamp: 2026/03/06-09:22:09-GMT  BuildTime: Aug  4 2022 06:17:15  BuildStamp: freesurfer-linux-ubuntu22_x86_64-7.3.2-20220804-6354275  User: oesteban  Machine: dna052  Platform: Linux  PlatformVersion: 5.14.0-427.37.1.el9_4.x86_64  CompilerName: GCC  CompilerVersion: 8.4.0
ProgramName: mri_normalize_tp2  ProgramArguments: mri_normalize_tp2 -all-info  ProgramVersion: 7.3.2  TimeStamp: 2026/03/06-09:22:09-GMT  BuildTime: Aug  4 2022 06:17:15  BuildStamp: freesurfer-linux-ubuntu22_x86_64-7.3.2-20220804-6354275  User: oesteban  Machine: dna052  Platform: Linux  PlatformVersion: 5.14.0-427.37.1.el9_4.x86_64  CompilerName: GCC  CompilerVersion: 8.4.0
ProgramName: mri_or  ProgramArguments: mri_or -all-info  ProgramVersion: 7.3.2  TimeStamp: 2026/03/06-09:22:09-GMT  BuildTime: Aug  4 2022 06:17:15  BuildStamp: freesurfer-linux-ubuntu22_x86_64-7.3.2-20220804-6354275  User: oesteban  Machine: dna052  Platform: Linux  PlatformVersion: 5.14.0-427.37.1.el9_4.x86_64  CompilerName: GCC  CompilerVersion: 8.4.0
ProgramName: mri_relabel_hypointensities  ProgramArguments: mri_relabel_hypointensities -all-info  ProgramVersion: 7.3.2  TimeStamp: 2026/03/06-09:22:09-GMT  BuildTime: Aug  4 2022 06:17:15  BuildStamp: freesurfer-linux-ubuntu22_x86_64-7.3.2-20220804-6354275  User: oesteban  Machine: dna052  Platform: Linux  PlatformVersion: 5.14.0-427.37.1.el9_4.x86_64  CompilerName: GCC  CompilerVersion: 8.4.0
ProgramName: mri_relabel_nonwm_hypos  ProgramArguments: mri_relabel_nonwm_hypos -all-info  ProgramVersion: 7.3.2  TimeStamp: 2026/03/06-09:22:09-GMT  BuildTime: Aug  4 2022 06:17:15  BuildStamp: freesurfer-linux-ubuntu22_x86_64-7.3.2-20220804-6354275  User: oesteban  Machine: dna052  Platform: Linux  PlatformVersion: 5.14.0-427.37.1.el9_4.x86_64  CompilerName: GCC  CompilerVersion: 8.4.0
ProgramName: mri_remove_neck  ProgramArguments: mri_remove_neck -all-info  ProgramVersion: 7.3.2  TimeStamp: 2026/03/06-09:22:09-GMT  BuildTime: Aug  4 2022 06:17:15  BuildStamp: freesurfer-linux-ubuntu22_x86_64-7.3.2-20220804-6354275  User: oesteban  Machine: dna052  Platform: Linux  PlatformVersion: 5.14.0-427.37.1.el9_4.x86_64  CompilerName: GCC  CompilerVersion: 8.4.0
7.3.2

ProgramName: mri_robust_register  ProgramArguments: mri_robust_register -all-info  ProgramVersion: 7.3.2  TimeStamp: 2026/03/06-09:22:09-GMT  BuildTime: Aug  4 2022 06:17:15  BuildStamp: freesurfer-linux-ubuntu22_x86_64-7.3.2-20220804-6354275  User: oesteban  Machine: dna052  Platform: Linux  PlatformVersion: 5.14.0-427.37.1.el9_4.x86_64  CompilerName: GCC  CompilerVersion: 8.4.0
7.3.2

ProgramName: mri_robust_template  ProgramArguments: mri_robust_template -all-info  ProgramVersion: 7.3.2  TimeStamp: 2026/03/06-09:22:09-GMT  BuildTime: Aug  4 2022 06:17:15  BuildStamp: freesurfer-linux-ubuntu22_x86_64-7.3.2-20220804-6354275  User: oesteban  Machine: dna052  Platform: Linux  PlatformVersion: 5.14.0-427.37.1.el9_4.x86_64  CompilerName: GCC  CompilerVersion: 8.4.0
ProgramName: mris_anatomical_stats  ProgramArguments: mris_anatomical_stats -all-info  ProgramVersion: 7.3.2  TimeStamp: 2026/03/06-09:22:09-GMT  BuildTime: Aug  4 2022 06:17:15  BuildStamp: freesurfer-linux-ubuntu22_x86_64-7.3.2-20220804-6354275  User: oesteban  Machine: dna052  Platform: Linux  PlatformVersion: 5.14.0-427.37.1.el9_4.x86_64  CompilerName: GCC  CompilerVersion: 8.4.0
ProgramName: mris_ca_label  ProgramArguments: mris_ca_label -all-info  ProgramVersion: 7.3.2  TimeStamp: 2026/03/06-09:22:09-GMT  BuildTime: Aug  4 2022 06:17:15  BuildStamp: freesurfer-linux-ubuntu22_x86_64-7.3.2-20220804-6354275  User: oesteban  Machine: dna052  Platform: Linux  PlatformVersion: 5.14.0-427.37.1.el9_4.x86_64  CompilerName: GCC  CompilerVersion: 8.4.0
ProgramName: mris_calc  ProgramArguments: mris_calc -all-info  ProgramVersion: 7.3.2  TimeStamp: 2026/03/06-09:22:09-GMT  BuildTime: Aug  4 2022 06:17:15  BuildStamp: freesurfer-linux-ubuntu22_x86_64-7.3.2-20220804-6354275  User: oesteban  Machine: dna052  Platform: Linux  PlatformVersion: 5.14.0-427.37.1.el9_4.x86_64  CompilerName: GCC  CompilerVersion: 8.4.0
ProgramName: mris_convert  ProgramArguments: mris_convert -all-info  ProgramVersion: 7.3.2  TimeStamp: 2026/03/06-09:22:09-GMT  BuildTime: Aug  4 2022 06:17:15  BuildStamp: freesurfer-linux-ubuntu22_x86_64-7.3.2-20220804-6354275  User: oesteban  Machine: dna052  Platform: Linux  PlatformVersion: 5.14.0-427.37.1.el9_4.x86_64  CompilerName: GCC  CompilerVersion: 8.4.0
ProgramName: mris_curvature  ProgramArguments: mris_curvature -all-info  ProgramVersion: 7.3.2  TimeStamp: 2026/03/06-09:22:09-GMT  BuildTime: Aug  4 2022 06:17:15  BuildStamp: freesurfer-linux-ubuntu22_x86_64-7.3.2-20220804-6354275  User: oesteban  Machine: dna052  Platform: Linux  PlatformVersion: 5.14.0-427.37.1.el9_4.x86_64  CompilerName: GCC  CompilerVersion: 8.4.0
ProgramName: mris_curvature_stats  ProgramArguments: mris_curvature_stats -all-info  ProgramVersion: 7.3.2  TimeStamp: 2026/03/06-09:22:09-GMT  BuildTime: Aug  4 2022 06:17:15  BuildStamp: freesurfer-linux-ubuntu22_x86_64-7.3.2-20220804-6354275  User: oesteban  Machine: dna052  Platform: Linux  PlatformVersion: 5.14.0-427.37.1.el9_4.x86_64  CompilerName: GCC  CompilerVersion: 8.4.0
ProgramName: mris_diff  ProgramArguments: mris_diff -all-info  ProgramVersion: 7.3.2  TimeStamp: 2026/03/06-09:22:09-GMT  BuildTime: Aug  4 2022 06:17:15  BuildStamp: freesurfer-linux-ubuntu22_x86_64-7.3.2-20220804-6354275  User: oesteban  Machine: dna052  Platform: Linux  PlatformVersion: 5.14.0-427.37.1.el9_4.x86_64  CompilerName: GCC  CompilerVersion: 8.4.0
ProgramName: mris_divide_parcellation  ProgramArguments: mris_divide_parcellation -all-info  ProgramVersion: 7.3.2  TimeStamp: 2026/03/06-09:22:09-GMT  BuildTime: Aug  4 2022 06:17:15  BuildStamp: freesurfer-linux-ubuntu22_x86_64-7.3.2-20220804-6354275  User: oesteban  Machine: dna052  Platform: Linux  PlatformVersion: 5.14.0-427.37.1.el9_4.x86_64  CompilerName: GCC  CompilerVersion: 8.4.0
ProgramName: mri_segment  ProgramArguments: mri_segment -all-info  ProgramVersion: 7.3.2  TimeStamp: 2026/03/06-09:22:09-GMT  BuildTime: Aug  4 2022 06:17:15  BuildStamp: freesurfer-linux-ubuntu22_x86_64-7.3.2-20220804-6354275  User: oesteban  Machine: dna052  Platform: Linux  PlatformVersion: 5.14.0-427.37.1.el9_4.x86_64  CompilerName: GCC  CompilerVersion: 8.4.0
ProgramName: mri_segstats  ProgramArguments: mri_segstats -all-info  ProgramVersion: 7.3.2  TimeStamp: 2026/03/06-09:22:09-GMT  BuildTime: Aug  4 2022 06:17:15  BuildStamp: freesurfer-linux-ubuntu22_x86_64-7.3.2-20220804-6354275  User: oesteban  Machine: dna052  Platform: Linux  PlatformVersion: 5.14.0-427.37.1.el9_4.x86_64  CompilerName: GCC  CompilerVersion: 8.4.0
ProgramName: mris_euler_number  ProgramArguments: mris_euler_number -all-info  ProgramVersion: 7.3.2  TimeStamp: 2026/03/06-09:22:09-GMT  BuildTime: Aug  4 2022 06:17:15  BuildStamp: freesurfer-linux-ubuntu22_x86_64-7.3.2-20220804-6354275  User: oesteban  Machine: dna052  Platform: Linux  PlatformVersion: 5.14.0-427.37.1.el9_4.x86_64  CompilerName: GCC  CompilerVersion: 8.4.0
ProgramName: mris_fix_topology  ProgramArguments: mris_fix_topology -all-info  ProgramVersion: 7.3.2  TimeStamp: 2026/03/06-09:22:09-GMT  BuildTime: Aug  4 2022 06:17:15  BuildStamp: freesurfer-linux-ubuntu22_x86_64-7.3.2-20220804-6354275  User: oesteban  Machine: dna052  Platform: Linux  PlatformVersion: 5.14.0-427.37.1.el9_4.x86_64  CompilerName: GCC  CompilerVersion: 8.4.0
ProgramName: mris_topo_fixer  ProgramArguments: mris_topo_fixer -all-info  ProgramVersion: 7.3.2  TimeStamp: 2026/03/06-09:22:09-GMT  BuildTime: Aug  4 2022 06:17:15  BuildStamp: freesurfer-linux-ubuntu22_x86_64-7.3.2-20220804-6354275  User: oesteban  Machine: dna052  Platform: Linux  PlatformVersion: 5.14.0-427.37.1.el9_4.x86_64  CompilerName: GCC  CompilerVersion: 8.4.0
ProgramName: mris_jacobian  ProgramArguments: mris_jacobian -all-info  ProgramVersion: 7.3.2  TimeStamp: 2026/03/06-09:22:09-GMT  BuildTime: Aug  4 2022 06:17:15  BuildStamp: freesurfer-linux-ubuntu22_x86_64-7.3.2-20220804-6354275  User: oesteban  Machine: dna052  Platform: Linux  PlatformVersion: 5.14.0-427.37.1.el9_4.x86_64  CompilerName: GCC  CompilerVersion: 8.4.0
ProgramName: mris_label2annot  ProgramArguments: mris_label2annot -all-info  ProgramVersion: 7.3.2  TimeStamp: 2026/03/06-09:22:09-GMT  BuildTime: Aug  4 2022 06:17:15  BuildStamp: freesurfer-linux-ubuntu22_x86_64-7.3.2-20220804-6354275  User: oesteban  Machine: dna052  Platform: Linux  PlatformVersion: 5.14.0-427.37.1.el9_4.x86_64  CompilerName: GCC  CompilerVersion: 8.4.0
ProgramName: mris_left_right_register  ProgramArguments: mris_left_right_register -all-info  ProgramVersion: 7.3.2  TimeStamp: 2026/03/06-09:22:09-GMT  BuildTime: Aug  4 2022 06:17:15  BuildStamp: freesurfer-linux-ubuntu22_x86_64-7.3.2-20220804-6354275  User: oesteban  Machine: dna052  Platform: Linux  PlatformVersion: 5.14.0-427.37.1.el9_4.x86_64  CompilerName: GCC  CompilerVersion: 8.4.0
ProgramName: mris_place_surface  ProgramArguments: mris_place_surface -all-info  ProgramVersion: 7.3.2  TimeStamp: 2026/03/06-09:22:09-GMT  BuildTime: Aug  4 2022 06:17:15  BuildStamp: freesurfer-linux-ubuntu22_x86_64-7.3.2-20220804-6354275  User: oesteban  Machine: dna052  Platform: Linux  PlatformVersion: 5.14.0-427.37.1.el9_4.x86_64  CompilerName: GCC  CompilerVersion: 8.4.0
ProgramName: mrisp_paint  ProgramArguments: mrisp_paint -all-info  ProgramVersion: 7.3.2  TimeStamp: 2026/03/06-09:22:09-GMT  BuildTime: Aug  4 2022 06:17:15  BuildStamp: freesurfer-linux-ubuntu22_x86_64-7.3.2-20220804-6354275  User: oesteban  Machine: dna052  Platform: Linux  PlatformVersion: 5.14.0-427.37.1.el9_4.x86_64  CompilerName: GCC  CompilerVersion: 8.4.0
ProgramName: mris_register  ProgramArguments: mris_register -all-info  ProgramVersion: 7.3.2  TimeStamp: 2026/03/06-09:22:09-GMT  BuildTime: Aug  4 2022 06:17:15  BuildStamp: freesurfer-linux-ubuntu22_x86_64-7.3.2-20220804-6354275  User: oesteban  Machine: dna052  Platform: Linux  PlatformVersion: 5.14.0-427.37.1.el9_4.x86_64  CompilerName: GCC  CompilerVersion: 8.4.0
ProgramName: mris_smooth  ProgramArguments: mris_smooth -all-info  ProgramVersion: 7.3.2  TimeStamp: 2026/03/06-09:22:09-GMT  BuildTime: Aug  4 2022 06:17:15  BuildStamp: freesurfer-linux-ubuntu22_x86_64-7.3.2-20220804-6354275  User: oesteban  Machine: dna052  Platform: Linux  PlatformVersion: 5.14.0-427.37.1.el9_4.x86_64  CompilerName: GCC  CompilerVersion: 8.4.0
ProgramName: mris_sphere  ProgramArguments: mris_sphere -all-info  ProgramVersion: 7.3.2  TimeStamp: 2026/03/06-09:22:09-GMT  BuildTime: Aug  4 2022 06:17:15  BuildStamp: freesurfer-linux-ubuntu22_x86_64-7.3.2-20220804-6354275  User: oesteban  Machine: dna052  Platform: Linux  PlatformVersion: 5.14.0-427.37.1.el9_4.x86_64  CompilerName: GCC  CompilerVersion: 8.4.0
ProgramName: mris_surface_stats  ProgramArguments: mris_surface_stats -all-info  ProgramVersion: 7.3.2  TimeStamp: 2026/03/06-09:22:09-GMT  BuildTime: Aug  4 2022 06:17:15  BuildStamp: freesurfer-linux-ubuntu22_x86_64-7.3.2-20220804-6354275  User: oesteban  Machine: dna052  Platform: Linux  PlatformVersion: 5.14.0-427.37.1.el9_4.x86_64  CompilerName: GCC  CompilerVersion: 8.4.0
ProgramName: mri_stats2seg  ProgramArguments: mri_stats2seg -all-info  ProgramVersion: 7.3.2  TimeStamp: 2026/03/06-09:22:09-GMT  BuildTime: Aug  4 2022 06:17:15  BuildStamp: freesurfer-linux-ubuntu22_x86_64-7.3.2-20220804-6354275  User: oesteban  Machine: dna052  Platform: Linux  PlatformVersion: 5.14.0-427.37.1.el9_4.x86_64  CompilerName: GCC  CompilerVersion: 8.4.0
ProgramName: mris_thickness  ProgramArguments: mris_thickness -all-info  ProgramVersion: 7.3.2  TimeStamp: 2026/03/06-09:22:09-GMT  BuildTime: Aug  4 2022 06:17:15  BuildStamp: freesurfer-linux-ubuntu22_x86_64-7.3.2-20220804-6354275  User: oesteban  Machine: dna052  Platform: Linux  PlatformVersion: 5.14.0-427.37.1.el9_4.x86_64  CompilerName: GCC  CompilerVersion: 8.4.0
ProgramName: mris_thickness_diff  ProgramArguments: mris_thickness_diff -all-info  ProgramVersion: 7.3.2  TimeStamp: 2026/03/06-09:22:09-GMT  BuildTime: Aug  4 2022 06:17:15  BuildStamp: freesurfer-linux-ubuntu22_x86_64-7.3.2-20220804-6354275  User: oesteban  Machine: dna052  Platform: Linux  PlatformVersion: 5.14.0-427.37.1.el9_4.x86_64  CompilerName: GCC  CompilerVersion: 8.4.0
ProgramName: mris_topo_fixer  ProgramArguments: mris_topo_fixer -all-info  ProgramVersion: 7.3.2  TimeStamp: 2026/03/06-09:22:09-GMT  BuildTime: Aug  4 2022 06:17:15  BuildStamp: freesurfer-linux-ubuntu22_x86_64-7.3.2-20220804-6354275  User: oesteban  Machine: dna052  Platform: Linux  PlatformVersion: 5.14.0-427.37.1.el9_4.x86_64  CompilerName: GCC  CompilerVersion: 8.4.0
ProgramName: mri_surf2surf  ProgramArguments: mri_surf2surf -all-info  ProgramVersion: 7.3.2  TimeStamp: 2026/03/06-09:22:09-GMT  BuildTime: Aug  4 2022 06:17:15  BuildStamp: freesurfer-linux-ubuntu22_x86_64-7.3.2-20220804-6354275  User: oesteban  Machine: dna052  Platform: Linux  PlatformVersion: 5.14.0-427.37.1.el9_4.x86_64  CompilerName: GCC  CompilerVersion: 8.4.0
ProgramName: mri_surf2vol  ProgramArguments: mri_surf2vol -all-info  ProgramVersion: 7.3.2  TimeStamp: 2026/03/06-09:22:09-GMT  BuildTime: Aug  4 2022 06:17:15  BuildStamp: freesurfer-linux-ubuntu22_x86_64-7.3.2-20220804-6354275  User: oesteban  Machine: dna052  Platform: Linux  PlatformVersion: 5.14.0-427.37.1.el9_4.x86_64  CompilerName: GCC  CompilerVersion: 8.4.0
ProgramName: mri_surfcluster  ProgramArguments: mri_surfcluster -all-info  ProgramVersion: 7.3.2  TimeStamp: 2026/03/06-09:22:09-GMT  BuildTime: Aug  4 2022 06:17:15  BuildStamp: freesurfer-linux-ubuntu22_x86_64-7.3.2-20220804-6354275  User: oesteban  Machine: dna052  Platform: Linux  PlatformVersion: 5.14.0-427.37.1.el9_4.x86_64  CompilerName: GCC  CompilerVersion: 8.4.0
ProgramName: mris_volmask  ProgramArguments: mris_volmask -all-info  ProgramVersion: 7.3.2  TimeStamp: 2026/03/06-09:22:09-GMT  BuildTime: Aug  4 2022 06:17:15  BuildStamp: freesurfer-linux-ubuntu22_x86_64-7.3.2-20220804-6354275  User: oesteban  Machine: dna052  Platform: Linux  PlatformVersion: 5.14.0-427.37.1.el9_4.x86_64  CompilerName: GCC  CompilerVersion: 8.4.0
ProgramName: mri_tessellate  ProgramArguments: mri_tessellate -all-info  ProgramVersion: 7.3.2  TimeStamp: 2026/03/06-09:22:09-GMT  BuildTime: Aug  4 2022 06:17:15  BuildStamp: freesurfer-linux-ubuntu22_x86_64-7.3.2-20220804-6354275  User: oesteban  Machine: dna052  Platform: Linux  PlatformVersion: 5.14.0-427.37.1.el9_4.x86_64  CompilerName: GCC  CompilerVersion: 8.4.0
ProgramName: mri_vol2surf  ProgramArguments: mri_vol2surf -all-info  ProgramVersion: 7.3.2  TimeStamp: 2026/03/06-09:22:09-GMT  BuildTime: Aug  4 2022 06:17:15  BuildStamp: freesurfer-linux-ubuntu22_x86_64-7.3.2-20220804-6354275  User: oesteban  Machine: dna052  Platform: Linux  PlatformVersion: 5.14.0-427.37.1.el9_4.x86_64  CompilerName: GCC  CompilerVersion: 8.4.0
ProgramName: mri_vol2vol  ProgramArguments: mri_vol2vol -all-info  ProgramVersion: 7.3.2  TimeStamp: 2026/03/06-09:22:09-GMT  BuildTime: Aug  4 2022 06:17:15  BuildStamp: freesurfer-linux-ubuntu22_x86_64-7.3.2-20220804-6354275  User: oesteban  Machine: dna052  Platform: Linux  PlatformVersion: 5.14.0-427.37.1.el9_4.x86_64  CompilerName: GCC  CompilerVersion: 8.4.0
ProgramName: mri_voldiff  ProgramArguments: mri_voldiff -all-info  ProgramVersion: 7.3.2  TimeStamp: 2026/03/06-09:22:09-GMT  BuildTime: Aug  4 2022 06:17:15  BuildStamp: freesurfer-linux-ubuntu22_x86_64-7.3.2-20220804-6354275  User: oesteban  Machine: dna052  Platform: Linux  PlatformVersion: 5.14.0-427.37.1.el9_4.x86_64  CompilerName: GCC  CompilerVersion: 8.4.0
ProgramName: mri_watershed  ProgramArguments: mri_watershed -all-info  ProgramVersion: 7.3.2  TimeStamp: 2026/03/06-09:22:09-GMT  BuildTime: Aug  4 2022 06:17:15  BuildStamp: freesurfer-linux-ubuntu22_x86_64-7.3.2-20220804-6354275  User: oesteban  Machine: dna052  Platform: Linux  PlatformVersion: 5.14.0-427.37.1.el9_4.x86_64  CompilerName: GCC  CompilerVersion: 8.4.0
ProgramName: tkregister2  ProgramArguments: tkregister2_cmdl -all-info  ProgramVersion: 7.3.2  TimeStamp: 2026/03/06-09:22:09-GMT  BuildTime: Aug  4 2022 06:17:15  BuildStamp: freesurfer-linux-ubuntu22_x86_64-7.3.2-20220804-6354275  User: oesteban  Machine: dna052  Platform: Linux  PlatformVersion: 5.14.0-427.37.1.el9_4.x86_64  CompilerName: GCC  CompilerVersion: 8.4.0
mri_motion_correct.fsl 7.3.2
mri_convert -all-info 
ProgramName: mri_convert  ProgramArguments: mri_convert -all-info  ProgramVersion: 7.3.2  TimeStamp: 2026/03/06-09:22:09-GMT  BuildTime: Aug  4 2022 06:17:15  BuildStamp: freesurfer-linux-ubuntu22_x86_64-7.3.2-20220804-6354275  User: oesteban  Machine: dna052  Platform: Linux  PlatformVersion: 5.14.0-427.37.1.el9_4.x86_64  CompilerName: GCC  CompilerVersion: 8.4.0
Program nu_correct, built from:
Package MNI N3, version 1.12.0, compiled by nicks@terrier (x86_64-unknown-linux-gnu) on 2015-06-19 at 01:25:34
#######################################
GCADIR /opt/freesurfer/average
GCA RB_all_2020-01-02.gca
GCASkull RB_all_withskull_2020_01_02.gca
AvgCurvTif folding.atlas.acfb40.noaparc.i12.2016-08-02.tif
GCSDIR /opt/freesurfer/average
GCS DKaparc.atlas.acfb40.noaparc.i12.2016-08-02.gcs
#######################################
#--------------------------------------------
#@# WhiteSurfs lh Fri Mar  6 10:22:09 CET 2026
cd /out/sourcedata/freesurfer/sub-v1s10x0051024_ses-1/mri
mris_place_surface --adgws-in ../surf/autodet.gw.stats.lh.dat --seg aseg.presurf.mgz --threads 16 --wm wm.mgz --invol brain.finalsurfs.mgz --lh --i ../surf/lh.white.preaparc --o ../surf/lh.white --white --nsmooth 0 --rip-label ../label/lh.cortex.label --rip-bg --rip-surf ../surf/lh.white.preaparc --aparc ../label/lh.aparc.annot
   Update not needed
#--------------------------------------------
#@# WhiteSurfs rh Fri Mar  6 10:22:09 CET 2026
cd /out/sourcedata/freesurfer/sub-v1s10x0051024_ses-1/mri
mris_place_surface --adgws-in ../surf/autodet.gw.stats.rh.dat --seg aseg.presurf.mgz --threads 16 --wm wm.mgz --invol brain.finalsurfs.mgz --rh --i ../surf/rh.white.preaparc --o ../surf/rh.white --white --nsmooth 0 --rip-label ../label/rh.cortex.label --rip-bg --rip-surf ../surf/rh.white.preaparc --aparc ../label/rh.aparc.annot
   Update not needed
#@# white curv lh Fri Mar  6 10:22:09 CET 2026
cd /out/sourcedata/freesurfer/sub-v1s10x0051024_ses-1/mri
mris_place_surface --curv-map ../surf/lh.white 2 10 ../surf/lh.curv
   Update not needed
#@# white area lh Fri Mar  6 10:22:09 CET 2026
cd /out/sourcedata/freesurfer/sub-v1s10x0051024_ses-1/mri
mris_place_surface --area-map ../surf/lh.white ../surf/lh.area
   Update not needed
#@# pial curv lh Fri Mar  6 10:22:09 CET 2026
cd /out/sourcedata/freesurfer/sub-v1s10x0051024_ses-1/mri
mris_place_surface --curv-map ../surf/lh.pial 2 10 ../surf/lh.curv.pial
   Update not needed
#@# pial area lh Fri Mar  6 10:22:09 CET 2026
cd /out/sourcedata/freesurfer/sub-v1s10x0051024_ses-1/mri
mris_place_surface --area-map ../surf/lh.pial ../surf/lh.area.pial
   Update not needed
#@# thickness lh Fri Mar  6 10:22:09 CET 2026
cd /out/sourcedata/freesurfer/sub-v1s10x0051024_ses-1/mri
mris_place_surface --thickness ../surf/lh.white ../surf/lh.pial 20 5 ../surf/lh.thickness
   Update not needed
#@# area and vertex vol lh Fri Mar  6 10:22:09 CET 2026
cd /out/sourcedata/freesurfer/sub-v1s10x0051024_ses-1/mri
mris_place_surface --thickness ../surf/lh.white ../surf/lh.pial 20 5 ../surf/lh.thickness
   Update not needed
#@# white curv rh Fri Mar  6 10:22:09 CET 2026
cd /out/sourcedata/freesurfer/sub-v1s10x0051024_ses-1/mri
mris_place_surface --curv-map ../surf/rh.white 2 10 ../surf/rh.curv
   Update not needed
#@# white area rh Fri Mar  6 10:22:09 CET 2026
cd /out/sourcedata/freesurfer/sub-v1s10x0051024_ses-1/mri
mris_place_surface --area-map ../surf/rh.white ../surf/rh.area
   Update not needed
#@# pial curv rh Fri Mar  6 10:22:09 CET 2026
cd /out/sourcedata/freesurfer/sub-v1s10x0051024_ses-1/mri
mris_place_surface --curv-map ../surf/rh.pial 2 10 ../surf/rh.curv.pial
   Update not needed
#@# pial area rh Fri Mar  6 10:22:09 CET 2026
cd /out/sourcedata/freesurfer/sub-v1s10x0051024_ses-1/mri
mris_place_surface --area-map ../surf/rh.pial ../surf/rh.area.pial
   Update not needed
#@# thickness rh Fri Mar  6 10:22:09 CET 2026
cd /out/sourcedata/freesurfer/sub-v1s10x0051024_ses-1/mri
mris_place_surface --thickness ../surf/rh.white ../surf/rh.pial 20 5 ../surf/rh.thickness
   Update not needed
#@# area and vertex vol rh Fri Mar  6 10:22:09 CET 2026
cd /out/sourcedata/freesurfer/sub-v1s10x0051024_ses-1/mri
mris_place_surface --thickness ../surf/rh.white ../surf/rh.pial 20 5 ../surf/rh.thickness
   Update not needed

#-----------------------------------------
#@# Curvature Stats lh Fri Mar  6 10:22:09 CET 2026
/out/sourcedata/freesurfer/sub-v1s10x0051024_ses-1/surf

 mris_curvature_stats -m --writeCurvatureFiles -G -o ../stats/lh.curv.stats -F smoothwm sub-v1s10x0051024_ses-1 lh curv sulc 

             Toggling save flag on curvature files                       [ ok ]
                 Outputting results using filestem   [ ../stats/lh.curv.stats ]
             Toggling save flag on curvature files                       [ ok ]
                                   Setting surface [ sub-v1s10x0051024_ses-1/lh.smoothwm ]
                                Reading surface...                       [ ok ]
                                   Setting texture                     [ curv ]
                                Reading texture...                       [ ok ]
                                   Setting texture                     [ sulc ]
                                Reading texture...Gb_filter = 0
                       [ ok ]
      Calculating Discrete Principal Curvatures...
      Determining geometric order for vno faces... [####################] [ ok ]
                      Determining KH curvatures... [####################] [ ok ]
                    Determining k1k2 curvatures... [####################] [ ok ]
                                   deltaViolations                      [ 236 ]
Gb_filter = 0

WARN:    S lookup   min:                          -0.850891
WARN:    S explicit min:                          0.000000	vertex = 65

#-----------------------------------------
#@# Curvature Stats rh Fri Mar  6 10:22:11 CET 2026
/out/sourcedata/freesurfer/sub-v1s10x0051024_ses-1/surf

 mris_curvature_stats -m --writeCurvatureFiles -G -o ../stats/rh.curv.stats -F smoothwm sub-v1s10x0051024_ses-1 rh curv sulc 

             Toggling save flag on curvature files                       [ ok ]
                 Outputting results using filestem   [ ../stats/rh.curv.stats ]
             Toggling save flag on curvature files                       [ ok ]
                                   Setting surface [ sub-v1s10x0051024_ses-1/rh.smoothwm ]
                                Reading surface...                       [ ok ]
                                   Setting texture                     [ curv ]
                                Reading texture...                       [ ok ]
                                   Setting texture                     [ sulc ]
                                Reading texture...Gb_filter = 0
                       [ ok ]
      Calculating Discrete Principal Curvatures...
      Determining geometric order for vno faces... [####################] [ ok ]
                      Determining KH curvatures... [####################] [ ok ]
                    Determining k1k2 curvatures... [####################] [ ok ]
                                   deltaViolations                      [ 226 ]
Gb_filter = 0

WARN:    S lookup   min:                          -0.119173
WARN:    S explicit min:                          0.000000	vertex = 12
#-----------------------------------------
#@# Relabel Hypointensities Fri Mar  6 10:22:14 CET 2026
/out/sourcedata/freesurfer/sub-v1s10x0051024_ses-1/mri

 mri_relabel_hypointensities aseg.presurf.mgz ../surf aseg.presurf.hypos.mgz 

reading input surface ../surf/lh.white...
relabeling lh hypointensities...
7646 voxels changed to hypointensity...
reading input surface ../surf/rh.white...
relabeling rh hypointensities...
8618 voxels changed to hypointensity...
14616 hypointense voxels neighboring cortex changed
#-----------------------------------------
#@# APas-to-ASeg Fri Mar  6 10:22:29 CET 2026
/out/sourcedata/freesurfer/sub-v1s10x0051024_ses-1/mri

 mri_surf2volseg --o aseg.mgz --i aseg.presurf.hypos.mgz --fix-presurf-with-ribbon /out/sourcedata/freesurfer/sub-v1s10x0051024_ses-1/mri/ribbon.mgz --threads 16 --lh-cortex-mask /out/sourcedata/freesurfer/sub-v1s10x0051024_ses-1/label/lh.cortex.label --lh-white /out/sourcedata/freesurfer/sub-v1s10x0051024_ses-1/surf/lh.white --lh-pial /out/sourcedata/freesurfer/sub-v1s10x0051024_ses-1/surf/lh.pial --rh-cortex-mask /out/sourcedata/freesurfer/sub-v1s10x0051024_ses-1/label/rh.cortex.label --rh-white /out/sourcedata/freesurfer/sub-v1s10x0051024_ses-1/surf/rh.white --rh-pial /out/sourcedata/freesurfer/sub-v1s10x0051024_ses-1/surf/rh.pial 

SUBJECTS_DIR /out/sourcedata/freesurfer
outvol aseg.mgz
16 avail.processors, using 16
Loading aseg.presurf.hypos.mgz
Loading /out/sourcedata/freesurfer/sub-v1s10x0051024_ses-1/mri/ribbon.mgz
Loading /out/sourcedata/freesurfer/sub-v1s10x0051024_ses-1/surf/lh.white
Loading /out/sourcedata/freesurfer/sub-v1s10x0051024_ses-1/surf/lh.pial
Loading /out/sourcedata/freesurfer/sub-v1s10x0051024_ses-1/label/lh.cortex.label
Loading /out/sourcedata/freesurfer/sub-v1s10x0051024_ses-1/surf/rh.white
Loading /out/sourcedata/freesurfer/sub-v1s10x0051024_ses-1/surf/rh.pial
Loading /out/sourcedata/freesurfer/sub-v1s10x0051024_ses-1/label/rh.cortex.label
Done loading
112 144   0 224  80  32 160 192  96  64 128 240  48 208  16 176 241 225 209  33   1  17  49 226 210  34   2  65  18  50 242 227 193 211  35  81  97   3 161  19 
 51 228 212  36 145  66   4 229 213  20  52  37 113 177 243 194   5  21 230 214  38  53 244  82  67  22 231   6 215  39 
 98 162  54 245 146 195  23 216 232   7  40  55 246  24 217 233   8  68  41 178  56 247  25   9 234 218  83  42 129  57 114 248 147 196  26  10 235 219 
 69  43 163  99 
 58 249 236 220  11  27  44  59 
250 237 221  12  84 179 
 45 197  28  60  70 251 238 222  13 148  46  29  61 252 239 
223  14 164 100  30  47 253 115 198  71  15  62  31  85 254 180 130 199 
255 149  63  72 165 200 101 201  86 181 202 150 116 203  73 166 102 204 131  87 182 205 151 206  74 117 207 167 103 183 132  88 152  75 118 168 104 184 153  76  89 133 185 169 105 119 
 77 186 154  90 170 187 106  78 134 120 188 155  91 171 107  79 
189 121 135 156 190 108 172  92 136 191 122 109 157 173  93 137 123 110 158  94 174 138 124 111  95 175 159 
139 
125 140 126 141 127 142 143 
nrelabeled = 186505
ndotcheck = 0
Starting Surf2VolSeg free
free done
#VMPC# mri_surf2volseg VmPeak  1967028
mri_surf2volseg done

 mri_brainvol_stats sub-v1s10x0051024_ses-1 

ComputeBrainVolumeStats2 VoxelVol=1, KeepCSF=1
  #CBVS2 MaskVol              1563858.0
  #CBVS2 BrainSegVol          1202438.0
  #CBVS2 BrainSegVolNotVent   1191114.0
  #CBVS2 SupraTentVol         1138229.0
  #CBVS2 SupraTentVolNotVent  1126905.0
  #CBVS2 lhCtxGM               252255.9
  #CBVS2 rhCtxGM               252595.9
  #CBVS2 lhCerebralWM          283203.0
  #CBVS2 rhCerebralWM          278276.0
  #CBVS2 SubCortGMVol           62039.0
  #CBVS2 CerebellumVol          64209.0
  #CBVS2 CerebellumGMVol        51208.0
  #CBVS2 VentChorVol             8743.0
  #CBVS2 3rd4th5thCSF            2581.0
  #CBVS2 AllCSF                 11324.0
  #CBVS2 CCVol                   5060.0
#-----------------------------------------
#@# AParc-to-ASeg aparc Fri Mar  6 10:22:37 CET 2026
/out/sourcedata/freesurfer/sub-v1s10x0051024_ses-1/mri

 mri_surf2volseg --o aparc+aseg.mgz --label-cortex --i aseg.mgz --threads 16 --lh-annot /out/sourcedata/freesurfer/sub-v1s10x0051024_ses-1/label/lh.aparc.annot 1000 --lh-cortex-mask /out/sourcedata/freesurfer/sub-v1s10x0051024_ses-1/label/lh.cortex.label --lh-white /out/sourcedata/freesurfer/sub-v1s10x0051024_ses-1/surf/lh.white --lh-pial /out/sourcedata/freesurfer/sub-v1s10x0051024_ses-1/surf/lh.pial --rh-annot /out/sourcedata/freesurfer/sub-v1s10x0051024_ses-1/label/rh.aparc.annot 2000 --rh-cortex-mask /out/sourcedata/freesurfer/sub-v1s10x0051024_ses-1/label/rh.cortex.label --rh-white /out/sourcedata/freesurfer/sub-v1s10x0051024_ses-1/surf/rh.white --rh-pial /out/sourcedata/freesurfer/sub-v1s10x0051024_ses-1/surf/rh.pial 

SUBJECTS_DIR /out/sourcedata/freesurfer
outvol aparc+aseg.mgz
16 avail.processors, using 16
Loading aseg.mgz
Loading /out/sourcedata/freesurfer/sub-v1s10x0051024_ses-1/surf/lh.white
Loading /out/sourcedata/freesurfer/sub-v1s10x0051024_ses-1/surf/lh.pial
Loading /out/sourcedata/freesurfer/sub-v1s10x0051024_ses-1/label/lh.cortex.label
Ripping lh vertices labeled not in lh.cortex.label
  ripped 8671 vertices from lh hemi
Loading /out/sourcedata/freesurfer/sub-v1s10x0051024_ses-1/label/lh.aparc.annot
Loading /out/sourcedata/freesurfer/sub-v1s10x0051024_ses-1/surf/rh.white
Loading /out/sourcedata/freesurfer/sub-v1s10x0051024_ses-1/surf/rh.pial
Loading /out/sourcedata/freesurfer/sub-v1s10x0051024_ses-1/label/rh.cortex.label
Ripping rh vertices labeled not in rh.cortex.label
  ripped 8713 vertices from rh hemi
Loading /out/sourcedata/freesurfer/sub-v1s10x0051024_ses-1/label/rh.aparc.annot
Done loading
192  48 176  80 144  32 160  16  64  96   0 240 208 112 224 128  33  49  17 241 225 209   1  18  50  34 242   2 210  19 
 51  35   3 243 211 226  20  52  36   4 244 212 227  21  53  37   5 245 213  22  38  54   6 246 214 228  23  55  39 
  7 247 215  24  56  40   8 248 216  25  57  41 229   9 249 217  26  58  42  10 250 218  27  59 
 43  11 251 219 
230  28  60  44  12 252 220 231  29  61  45  13 253 221  30  46  14 254 222 232  31  47  62  15 255 223 233 234  63 235 236 237 238 239 
 65  66  67 193 145  81 113 161  68  97 129 177 194  69 146 195 196 114 197  82 198 162 199 
200 201 202 203 204 205 206 207  70  98 130 178 147  71 115 163  83  72 148  99 
131 179 
116  73 149 164  84 132 100 150 180 117  74 165 151  85  75 101 133 181 118 152 166  76 102  86 182 153 134  77 167 103 119 
183  87 154 135  78 104 168 184 155  88 120  79 
136 105 185 169 156  89 186 157 106 137 121 170 187 158 107  90 159 
138 171 188 122 108 189  91 172 139 
109 123 190 173  92 191 140 110 174 124 111  93 141 175 142 125  94 143  95 126 127 
nrelabeled = 503375
ndotcheck = 33134
Starting Surf2VolSeg free
free done
#VMPC# mri_surf2volseg VmPeak  1951296
mri_surf2volseg done
#-----------------------------------------
#@# AParc-to-ASeg aparc.a2009s Fri Mar  6 10:23:13 CET 2026
/out/sourcedata/freesurfer/sub-v1s10x0051024_ses-1/mri

 mri_surf2volseg --o aparc.a2009s+aseg.mgz --label-cortex --i aseg.mgz --threads 16 --lh-annot /out/sourcedata/freesurfer/sub-v1s10x0051024_ses-1/label/lh.aparc.a2009s.annot 11100 --lh-cortex-mask /out/sourcedata/freesurfer/sub-v1s10x0051024_ses-1/label/lh.cortex.label --lh-white /out/sourcedata/freesurfer/sub-v1s10x0051024_ses-1/surf/lh.white --lh-pial /out/sourcedata/freesurfer/sub-v1s10x0051024_ses-1/surf/lh.pial --rh-annot /out/sourcedata/freesurfer/sub-v1s10x0051024_ses-1/label/rh.aparc.a2009s.annot 12100 --rh-cortex-mask /out/sourcedata/freesurfer/sub-v1s10x0051024_ses-1/label/rh.cortex.label --rh-white /out/sourcedata/freesurfer/sub-v1s10x0051024_ses-1/surf/rh.white --rh-pial /out/sourcedata/freesurfer/sub-v1s10x0051024_ses-1/surf/rh.pial 

SUBJECTS_DIR /out/sourcedata/freesurfer
outvol aparc.a2009s+aseg.mgz
16 avail.processors, using 16
Loading aseg.mgz
Loading /out/sourcedata/freesurfer/sub-v1s10x0051024_ses-1/surf/lh.white
Loading /out/sourcedata/freesurfer/sub-v1s10x0051024_ses-1/surf/lh.pial
Loading /out/sourcedata/freesurfer/sub-v1s10x0051024_ses-1/label/lh.cortex.label
Ripping lh vertices labeled not in lh.cortex.label
  ripped 8671 vertices from lh hemi
Loading /out/sourcedata/freesurfer/sub-v1s10x0051024_ses-1/label/lh.aparc.a2009s.annot
Loading /out/sourcedata/freesurfer/sub-v1s10x0051024_ses-1/surf/rh.white
Loading /out/sourcedata/freesurfer/sub-v1s10x0051024_ses-1/surf/rh.pial
Loading /out/sourcedata/freesurfer/sub-v1s10x0051024_ses-1/label/rh.cortex.label
Ripping rh vertices labeled not in rh.cortex.label
  ripped 8713 vertices from rh hemi
Loading /out/sourcedata/freesurfer/sub-v1s10x0051024_ses-1/label/rh.aparc.a2009s.annot
Done loading
  0 144 112 128  80 208 176  48 240  64  32 192 160 224  16  96  17 225  33   1 209 241  49 226  18  34   2 210 242  50 227  19 
  3  35 211 243  51 228  20   4  36 212 244  52 229  21   5  37 213  22 230 245   6  53  38  23 231   7 214  39 
246  54  24 232   8  40 215 247  55  25 233   9  41 216 248  56  26 234  10  42  27 217 235 249  11  57  43  28 236  12 218 250  58  44  29 237  13 219 
251  45  59 
 30 238  14  46 220 252  60 239 
 31  15  47 221 253  61 222 254 223 255  62  65  63  66  67 193 145 113  68 161  97 129 177  81 194  69 114 195 146 196 197 198 199 
200 201 202 203 204 162 205 206 207  70  98 115 178 130 147  82  71 163 116 148 131  99 
179 
 72  83 149 117 164 132  73 150 180 100  84 118 165 151  74 181 133 101 152  85 166 119 
 75 182 102 153 134  86  76 167 120 103 183 154  77  87 104 135 168 184 155 121  78 105  88 185 169 156 136  79 
122 106 157 186  89 170 137 158 107 187 123  90 159 
108 171 188 138  91 109 124 189 172 110 139 
 92 190 125 111 173 191  93 140 174 126  94 141 175 127  95 142 143 
nrelabeled = 503375
ndotcheck = 33134
Starting Surf2VolSeg free
free done
#VMPC# mri_surf2volseg VmPeak  1951388
mri_surf2volseg done
#-----------------------------------------
#@# AParc-to-ASeg aparc.DKTatlas Fri Mar  6 10:23:49 CET 2026
/out/sourcedata/freesurfer/sub-v1s10x0051024_ses-1/mri

 mri_surf2volseg --o aparc.DKTatlas+aseg.mgz --label-cortex --i aseg.mgz --threads 16 --lh-annot /out/sourcedata/freesurfer/sub-v1s10x0051024_ses-1/label/lh.aparc.DKTatlas.annot 1000 --lh-cortex-mask /out/sourcedata/freesurfer/sub-v1s10x0051024_ses-1/label/lh.cortex.label --lh-white /out/sourcedata/freesurfer/sub-v1s10x0051024_ses-1/surf/lh.white --lh-pial /out/sourcedata/freesurfer/sub-v1s10x0051024_ses-1/surf/lh.pial --rh-annot /out/sourcedata/freesurfer/sub-v1s10x0051024_ses-1/label/rh.aparc.DKTatlas.annot 2000 --rh-cortex-mask /out/sourcedata/freesurfer/sub-v1s10x0051024_ses-1/label/rh.cortex.label --rh-white /out/sourcedata/freesurfer/sub-v1s10x0051024_ses-1/surf/rh.white --rh-pial /out/sourcedata/freesurfer/sub-v1s10x0051024_ses-1/surf/rh.pial 

SUBJECTS_DIR /out/sourcedata/freesurfer
outvol aparc.DKTatlas+aseg.mgz
16 avail.processors, using 16
Loading aseg.mgz
Loading /out/sourcedata/freesurfer/sub-v1s10x0051024_ses-1/surf/lh.white
Loading /out/sourcedata/freesurfer/sub-v1s10x0051024_ses-1/surf/lh.pial
Loading /out/sourcedata/freesurfer/sub-v1s10x0051024_ses-1/label/lh.cortex.label
Ripping lh vertices labeled not in lh.cortex.label
  ripped 8671 vertices from lh hemi
Loading /out/sourcedata/freesurfer/sub-v1s10x0051024_ses-1/label/lh.aparc.DKTatlas.annot
Loading /out/sourcedata/freesurfer/sub-v1s10x0051024_ses-1/surf/rh.white
Loading /out/sourcedata/freesurfer/sub-v1s10x0051024_ses-1/surf/rh.pial
Loading /out/sourcedata/freesurfer/sub-v1s10x0051024_ses-1/label/rh.cortex.label
Ripping rh vertices labeled not in rh.cortex.label
  ripped 8713 vertices from rh hemi
Loading /out/sourcedata/freesurfer/sub-v1s10x0051024_ses-1/label/rh.aparc.DKTatlas.annot
Done loading
  0 208 112 176  32  96  16  48 160 144  80 192 224 128  64 240  49 225  33 209   1  17 241  50 226  34  18   2 210 242  51 227  35  19 
  3 211 243  52 228  36  20   4 212 244  53 229  37  21   5 213 245  54  38  22   6 230  55 214 246  39 
 23   7  56 231 247 215  40  24   8  57 232 248 216  41  25   9  58 233 249 217  42  26  10  59 
234 250 218  43  27  11  60 235 251 219 
 61  44  28  12 236 252 220  45  13  29 253 237 221  62  46  14  30 254 238 222  47  31  15 255 239 
223  63  65  66  67 193 145 113 161  81  68 129 177 194  97 146 195 114  69 196 197 198 199 
162 200 201 202 203 204 205 206 207 147  70  82 130 178 115  98  71 148 163  72 116 131 149  83 179 
 99 
164  73 150 117 132 180 151  74  84 165 100 152 118 133  75 181 166  85 153 101  76 182 119 
134 154 167 102  77  86 155 183 103  78 135 168  87 120 156 104 184  79 
169 136 157  88 105 185 121 158 137 170 159 
 89 186 106 122 187 171 107 138  90 188 108 172 123  91 139 
189 109 173  92 110 140 190 124 174 111 191  93 141 175 125 142  94 143 126  95 127 
nrelabeled = 503375
ndotcheck = 33134
Starting Surf2VolSeg free
free done
#VMPC# mri_surf2volseg VmPeak  1951292
mri_surf2volseg done
#-----------------------------------------
#@# WMParc Fri Mar  6 10:24:28 CET 2026
/out/sourcedata/freesurfer/sub-v1s10x0051024_ses-1/mri

 mri_surf2volseg --o wmparc.mgz --label-wm --i aparc+aseg.mgz --threads 16 --lh-annot /out/sourcedata/freesurfer/sub-v1s10x0051024_ses-1/label/lh.aparc.annot 3000 --lh-cortex-mask /out/sourcedata/freesurfer/sub-v1s10x0051024_ses-1/label/lh.cortex.label --lh-white /out/sourcedata/freesurfer/sub-v1s10x0051024_ses-1/surf/lh.white --lh-pial /out/sourcedata/freesurfer/sub-v1s10x0051024_ses-1/surf/lh.pial --rh-annot /out/sourcedata/freesurfer/sub-v1s10x0051024_ses-1/label/rh.aparc.annot 4000 --rh-cortex-mask /out/sourcedata/freesurfer/sub-v1s10x0051024_ses-1/label/rh.cortex.label --rh-white /out/sourcedata/freesurfer/sub-v1s10x0051024_ses-1/surf/rh.white --rh-pial /out/sourcedata/freesurfer/sub-v1s10x0051024_ses-1/surf/rh.pial 

SUBJECTS_DIR /out/sourcedata/freesurfer
outvol wmparc.mgz
16 avail.processors, using 16
Loading aparc+aseg.mgz
Loading /out/sourcedata/freesurfer/sub-v1s10x0051024_ses-1/surf/lh.white
Loading /out/sourcedata/freesurfer/sub-v1s10x0051024_ses-1/surf/lh.pial
Loading /out/sourcedata/freesurfer/sub-v1s10x0051024_ses-1/label/lh.cortex.label
Ripping lh vertices labeled not in lh.cortex.label
  ripped 8671 vertices from lh hemi
Loading /out/sourcedata/freesurfer/sub-v1s10x0051024_ses-1/label/lh.aparc.annot
Loading /out/sourcedata/freesurfer/sub-v1s10x0051024_ses-1/surf/rh.white
Loading /out/sourcedata/freesurfer/sub-v1s10x0051024_ses-1/surf/rh.pial
Loading /out/sourcedata/freesurfer/sub-v1s10x0051024_ses-1/label/rh.cortex.label
Ripping rh vertices labeled not in rh.cortex.label
  ripped 8713 vertices from rh hemi
Loading /out/sourcedata/freesurfer/sub-v1s10x0051024_ses-1/label/rh.aparc.annot
Done loading
 32  16 160  64  80   0 224 112 192 240 208  48 128 144 176  96 241 209 225  65  49   1  33  17 242 226 210  18  50   2  34 243 227 211  66  19 
 51   3  35 244 228 212  20 245 229 213  52   4  36  21 246 230 214  67  53  22   5  37 247 231 215  23 248 232 216  54   6  38 193  24 249 233 217  55   7  39 
 25 250 234 129 218  56 251 235   8  40  26 219 
 68 252 236  57  27 220   9  41 253 237  28 221 194  58  10  42 238 254 222  29  59 
 43 239 
255 223  30 195  60  44  11  31  45  61 196 130  46  69  12  62  47  63  13 197  81  14 198  15 199 
131 200 201  70 202 203 204 205 206 207  71 145 177  72  82 161  97 132  73 178  83  74 113 146  75 162 179 
 98  84  76 133  77 180 147  85 163  78  99 
114 181  86  79 
134 148 164 182  87 135 100 183 115 136  88 149 165 184 101 137  89 185 150 166 116 186 138  90 102 187 188 167 151 189 139 
 91 190 117 191 103 168 140 152  92 169 118 104 141  93 170 153 119 
142 171  94 105 120 154 143 172  95 106 121 155 173 122 107 156 174 123 175 124 108 157 125 126 158 127 109 159 
110 111 
nrelabeled = 556419
ndotcheck = 3708
Starting Surf2VolSeg free
free done
#VMPC# mri_surf2volseg VmPeak  1951296
mri_surf2volseg done

 mri_segstats --seed 1234 --seg mri/wmparc.mgz --sum stats/wmparc.stats --pv mri/norm.mgz --excludeid 0 --brainmask mri/brainmask.mgz --in mri/norm.mgz --in-intensity-name norm --in-intensity-units MR --subject sub-v1s10x0051024_ses-1 --surf-wm-vol --ctab /opt/freesurfer/WMParcStatsLUT.txt --etiv 

setting seed for random number genererator to 1234

7.3.2
cwd 
cmdline mri_segstats --seed 1234 --seg mri/wmparc.mgz --sum stats/wmparc.stats --pv mri/norm.mgz --excludeid 0 --brainmask mri/brainmask.mgz --in mri/norm.mgz --in-intensity-name norm --in-intensity-units MR --subject sub-v1s10x0051024_ses-1 --surf-wm-vol --ctab /opt/freesurfer/WMParcStatsLUT.txt --etiv 
sysname  Linux
hostname dna052
machine  x86_64
user     oesteban
whitesurfname  white
UseRobust  0
atlas_icv (eTIV) = 1089768 mm^3    (det: 1.787633 )
Loading mri/wmparc.mgz
Getting Brain Volume Statistics
Loading mri/norm.mgz
Loading mri/norm.mgz
Voxel Volume is 1 mm^3
Generating list of segmentation ids
Found 390 segmentations
Computing statistics for each segmentation

Reporting on  70 segmentations
Using PrintSegStat
mri_segstats done
#--------------------------------------------
#@# ASeg Stats Fri Mar  6 10:28:14 CET 2026
/out/sourcedata/freesurfer/sub-v1s10x0051024_ses-1

 mri_segstats --seed 1234 --seg mri/aseg.mgz --sum stats/aseg.stats --pv mri/norm.mgz --empty --brainmask mri/brainmask.mgz --brain-vol-from-seg --excludeid 0 --excl-ctxgmwm --supratent --subcortgray --in mri/norm.mgz --in-intensity-name norm --in-intensity-units MR --etiv --surf-wm-vol --surf-ctx-vol --totalgray --euler --ctab /opt/freesurfer/ASegStatsLUT.txt --subject sub-v1s10x0051024_ses-1 

setting seed for random number genererator to 1234

7.3.2
cwd 
cmdline mri_segstats --seed 1234 --seg mri/aseg.mgz --sum stats/aseg.stats --pv mri/norm.mgz --empty --brainmask mri/brainmask.mgz --brain-vol-from-seg --excludeid 0 --excl-ctxgmwm --supratent --subcortgray --in mri/norm.mgz --in-intensity-name norm --in-intensity-units MR --etiv --surf-wm-vol --surf-ctx-vol --totalgray --euler --ctab /opt/freesurfer/ASegStatsLUT.txt --subject sub-v1s10x0051024_ses-1 
sysname  Linux
hostname dna052
machine  x86_64
user     oesteban
whitesurfname  white
UseRobust  0
atlas_icv (eTIV) = 1089768 mm^3    (det: 1.787633 )
Computing euler number
orig.nofix lheno =  -22, rheno = -20
orig.nofix lhholes =   12, rhholes = 11
Loading mri/aseg.mgz
Getting Brain Volume Statistics
Loading mri/norm.mgz
Loading mri/norm.mgz
Voxel Volume is 1 mm^3
Generating list of segmentation ids
Found  50 segmentations
Computing statistics for each segmentation

Reporting on  45 segmentations
Using PrintSegStat
mri_segstats done

Started at Fri Mar 6 10:22:09 CET 2026 
Ended   at Fri Mar 6 10:28:50 CET 2026
#@#%# recon-all-run-time-hours 0.111
recon-all -s sub-v1s10x0051024_ses-1 finished without error at Fri Mar  6 10:28:51 CET 2026
