
Fri Mar  6 17:37:21 CET 2026
cd /out/sourcedata/freesurfer/sub-v1s10x0051128_ses-1
setenv SUBJECTS_DIR /out/sourcedata/freesurfer
/opt/freesurfer/bin/recon-all -autorecon-hemi lh -noparcstats -noparcstats2 -noparcstats3 -nohyporelabel -nobalabels -lh-only -openmp 16 -subjid sub-v1s10x0051128_ses-1 -sd /out/sourcedata/freesurfer

subjid sub-v1s10x0051128_ses-1
setenv SUBJECTS_DIR /out/sourcedata/freesurfer
FREESURFER_HOME /opt/freesurfer
Actual FREESURFER_HOME /opt/freesurfer
build-stamp.txt: freesurfer-linux-ubuntu22_x86_64-7.3.2-20220804-6354275
Linux dna007 5.14.0-427.37.1.el9_4.x86_64 #1 SMP PREEMPT_DYNAMIC Fri Sep 13 12:41:50 EDT 2024 x86_64 x86_64 x86_64 GNU/Linux
cputime      unlimited
filesize     unlimited
datasize     unlimited
stacksize    8192 kbytes
coredumpsize 0 kbytes
memoryuse    67108864 kbytes
vmemoryuse   unlimited
descriptors  1024 
memorylocked unlimited
maxproc      2061970 
maxlocks     unlimited
maxsignal    2061970 
maxmessage   819200 
maxnice      0 
maxrtprio    0 
maxrttime    unlimited

               total        used        free      shared  buff/cache   available
Mem:           503Gi        55Gi       315Gi       8.5Gi       131Gi       434Gi
Swap:             0B          0B          0B

########################################
program versions used
7.3.2 (freesurfer-linux-ubuntu22_x86_64-7.3.2-20220804-6354275)
7.3.2

ProgramName: lta_convert  ProgramArguments: lta_convert -all-info  ProgramVersion: 7.3.2  TimeStamp: 2026/03/06-16:37:21-GMT  BuildTime: Aug  4 2022 06:17:15  BuildStamp: freesurfer-linux-ubuntu22_x86_64-7.3.2-20220804-6354275  User: oesteban  Machine: dna007  Platform: Linux  PlatformVersion: 5.14.0-427.37.1.el9_4.x86_64  CompilerName: GCC  CompilerVersion: 8.4.0
ProgramName: mri_and  ProgramArguments: mri_and -all-info  ProgramVersion: 7.3.2  TimeStamp: 2026/03/06-16:37:21-GMT  BuildTime: Aug  4 2022 06:17:15  BuildStamp: freesurfer-linux-ubuntu22_x86_64-7.3.2-20220804-6354275  User: oesteban  Machine: dna007  Platform: Linux  PlatformVersion: 5.14.0-427.37.1.el9_4.x86_64  CompilerName: GCC  CompilerVersion: 8.4.0
ProgramName: mri_annotation2label  ProgramArguments: mri_annotation2label -all-info  ProgramVersion: 7.3.2  TimeStamp: 2026/03/06-16:37:21-GMT  BuildTime: Aug  4 2022 06:17:15  BuildStamp: freesurfer-linux-ubuntu22_x86_64-7.3.2-20220804-6354275  User: oesteban  Machine: dna007  Platform: Linux  PlatformVersion: 5.14.0-427.37.1.el9_4.x86_64  CompilerName: GCC  CompilerVersion: 8.4.0
ProgramName: mri_aparc2aseg  ProgramArguments: mri_aparc2aseg -all-info  ProgramVersion: 7.3.2  TimeStamp: 2026/03/06-16:37:21-GMT  BuildTime: Aug  4 2022 06:17:15  BuildStamp: freesurfer-linux-ubuntu22_x86_64-7.3.2-20220804-6354275  User: oesteban  Machine: dna007  Platform: Linux  PlatformVersion: 5.14.0-427.37.1.el9_4.x86_64  CompilerName: GCC  CompilerVersion: 8.4.0
ProgramName: mri_surf2volseg  ProgramArguments: mri_surf2volseg -all-info  ProgramVersion: 7.3.2  TimeStamp: 2026/03/06-16:37:21-GMT  BuildTime: Aug  4 2022 06:17:15  BuildStamp: freesurfer-linux-ubuntu22_x86_64-7.3.2-20220804-6354275  User: oesteban  Machine: dna007  Platform: Linux  PlatformVersion: 5.14.0-427.37.1.el9_4.x86_64  CompilerName: GCC  CompilerVersion: 8.4.0
ProgramName: mri_binarize  ProgramArguments: mri_binarize -all-info  ProgramVersion: 7.3.2  TimeStamp: 2026/03/06-16:37:21-GMT  BuildTime: Aug  4 2022 06:17:15  BuildStamp: freesurfer-linux-ubuntu22_x86_64-7.3.2-20220804-6354275  User: oesteban  Machine: dna007  Platform: Linux  PlatformVersion: 5.14.0-427.37.1.el9_4.x86_64  CompilerName: GCC  CompilerVersion: 8.4.0
ProgramName: mri_ca_label  ProgramArguments: mri_ca_label -all-info  ProgramVersion: 7.3.2  TimeStamp: 2026/03/06-16:37:21-GMT  BuildTime: Aug  4 2022 06:17:15  BuildStamp: freesurfer-linux-ubuntu22_x86_64-7.3.2-20220804-6354275  User: oesteban  Machine: dna007  Platform: Linux  PlatformVersion: 5.14.0-427.37.1.el9_4.x86_64  CompilerName: GCC  CompilerVersion: 8.4.0
ProgramName: mri_ca_normalize  ProgramArguments: mri_ca_normalize -all-info  ProgramVersion: 7.3.2  TimeStamp: 2026/03/06-16:37:21-GMT  BuildTime: Aug  4 2022 06:17:15  BuildStamp: freesurfer-linux-ubuntu22_x86_64-7.3.2-20220804-6354275  User: oesteban  Machine: dna007  Platform: Linux  PlatformVersion: 5.14.0-427.37.1.el9_4.x86_64  CompilerName: GCC  CompilerVersion: 8.4.0
ProgramName: mri_ca_register  ProgramArguments: mri_ca_register -all-info  ProgramVersion: 7.3.2  TimeStamp: 2026/03/06-16:37:21-GMT  BuildTime: Aug  4 2022 06:17:15  BuildStamp: freesurfer-linux-ubuntu22_x86_64-7.3.2-20220804-6354275  User: oesteban  Machine: dna007  Platform: Linux  PlatformVersion: 5.14.0-427.37.1.el9_4.x86_64  CompilerName: GCC  CompilerVersion: 8.4.0
ProgramName: mri_cc  ProgramArguments: mri_cc -all-info  ProgramVersion: 7.3.2  TimeStamp: 2026/03/06-16:37:21-GMT  BuildTime: Aug  4 2022 06:17:15  BuildStamp: freesurfer-linux-ubuntu22_x86_64-7.3.2-20220804-6354275  User: oesteban  Machine: dna007  Platform: Linux  PlatformVersion: 5.14.0-427.37.1.el9_4.x86_64  CompilerName: GCC  CompilerVersion: 8.4.0
ProgramName: mri_compute_overlap  ProgramArguments: mri_compute_overlap -all-info  ProgramVersion: 7.3.2  TimeStamp: 2026/03/06-16:37:21-GMT  BuildTime: Aug  4 2022 06:17:15  BuildStamp: freesurfer-linux-ubuntu22_x86_64-7.3.2-20220804-6354275  User: oesteban  Machine: dna007  Platform: Linux  PlatformVersion: 5.14.0-427.37.1.el9_4.x86_64  CompilerName: GCC  CompilerVersion: 8.4.0
ProgramName: mri_compute_seg_overlap  ProgramArguments: mri_compute_seg_overlap -all-info  ProgramVersion: 7.3.2  TimeStamp: 2026/03/06-16:37:21-GMT  BuildTime: Aug  4 2022 06:17:15  BuildStamp: freesurfer-linux-ubuntu22_x86_64-7.3.2-20220804-6354275  User: oesteban  Machine: dna007  Platform: Linux  PlatformVersion: 5.14.0-427.37.1.el9_4.x86_64  CompilerName: GCC  CompilerVersion: 8.4.0
ProgramName: mri_concat  ProgramArguments: mri_concat -all-info  ProgramVersion: 7.3.2  TimeStamp: 2026/03/06-16:37:21-GMT  BuildTime: Aug  4 2022 06:17:15  BuildStamp: freesurfer-linux-ubuntu22_x86_64-7.3.2-20220804-6354275  User: oesteban  Machine: dna007  Platform: Linux  PlatformVersion: 5.14.0-427.37.1.el9_4.x86_64  CompilerName: GCC  CompilerVersion: 8.4.0
ProgramName: mri_concatenate_lta  ProgramArguments: mri_concatenate_lta -all-info  ProgramVersion: 7.3.2  TimeStamp: 2026/03/06-16:37:21-GMT  BuildTime: Aug  4 2022 06:17:15  BuildStamp: freesurfer-linux-ubuntu22_x86_64-7.3.2-20220804-6354275  User: oesteban  Machine: dna007  Platform: Linux  PlatformVersion: 5.14.0-427.37.1.el9_4.x86_64  CompilerName: GCC  CompilerVersion: 8.4.0
mri_convert -all-info 
ProgramName: mri_convert  ProgramArguments: mri_convert -all-info  ProgramVersion: 7.3.2  TimeStamp: 2026/03/06-16:37:21-GMT  BuildTime: Aug  4 2022 06:17:15  BuildStamp: freesurfer-linux-ubuntu22_x86_64-7.3.2-20220804-6354275  User: oesteban  Machine: dna007  Platform: Linux  PlatformVersion: 5.14.0-427.37.1.el9_4.x86_64  CompilerName: GCC  CompilerVersion: 8.4.0
ProgramName: mri_diff  ProgramArguments: mri_diff -all-info  ProgramVersion: 7.3.2  TimeStamp: 2026/03/06-16:37:21-GMT  BuildTime: Aug  4 2022 06:17:15  BuildStamp: freesurfer-linux-ubuntu22_x86_64-7.3.2-20220804-6354275  User: oesteban  Machine: dna007  Platform: Linux  PlatformVersion: 5.14.0-427.37.1.el9_4.x86_64  CompilerName: GCC  CompilerVersion: 8.4.0
ProgramName: mri_edit_wm_with_aseg  ProgramArguments: mri_edit_wm_with_aseg -all-info  ProgramVersion: 7.3.2  TimeStamp: 2026/03/06-16:37:21-GMT  BuildTime: Aug  4 2022 06:17:15  BuildStamp: freesurfer-linux-ubuntu22_x86_64-7.3.2-20220804-6354275  User: oesteban  Machine: dna007  Platform: Linux  PlatformVersion: 5.14.0-427.37.1.el9_4.x86_64  CompilerName: GCC  CompilerVersion: 8.4.0
ProgramName: mri_em_register  ProgramArguments: mri_em_register -all-info  ProgramVersion: 7.3.2  TimeStamp: 2026/03/06-16:37:21-GMT  BuildTime: Aug  4 2022 06:17:15  BuildStamp: freesurfer-linux-ubuntu22_x86_64-7.3.2-20220804-6354275  User: oesteban  Machine: dna007  Platform: Linux  PlatformVersion: 5.14.0-427.37.1.el9_4.x86_64  CompilerName: GCC  CompilerVersion: 8.4.0
ProgramName: mri_fill  ProgramArguments: mri_fill -all-info  ProgramVersion: 7.3.2  TimeStamp: 2026/03/06-16:37:21-GMT  BuildTime: Aug  4 2022 06:17:15  BuildStamp: freesurfer-linux-ubuntu22_x86_64-7.3.2-20220804-6354275  User: oesteban  Machine: dna007  Platform: Linux  PlatformVersion: 5.14.0-427.37.1.el9_4.x86_64  CompilerName: GCC  CompilerVersion: 8.4.0
ProgramName: mri_fuse_segmentations  ProgramArguments: mri_fuse_segmentations -all-info  ProgramVersion: 7.3.2  TimeStamp: 2026/03/06-16:37:21-GMT  BuildTime: Aug  4 2022 06:17:15  BuildStamp: freesurfer-linux-ubuntu22_x86_64-7.3.2-20220804-6354275  User: oesteban  Machine: dna007  Platform: Linux  PlatformVersion: 5.14.0-427.37.1.el9_4.x86_64  CompilerName: GCC  CompilerVersion: 8.4.0
ProgramName: mri_fwhm  ProgramArguments: mri_fwhm -all-info  ProgramVersion: 7.3.2  TimeStamp: 2026/03/06-16:37:21-GMT  BuildTime: Aug  4 2022 06:17:15  BuildStamp: freesurfer-linux-ubuntu22_x86_64-7.3.2-20220804-6354275  User: oesteban  Machine: dna007  Platform: Linux  PlatformVersion: 5.14.0-427.37.1.el9_4.x86_64  CompilerName: GCC  CompilerVersion: 8.4.0
ProgramName: mri_gcut  ProgramArguments: mri_gcut -all-info  ProgramVersion: 7.3.2  TimeStamp: 2026/03/06-16:37:21-GMT  BuildTime: Aug  4 2022 06:17:15  BuildStamp: freesurfer-linux-ubuntu22_x86_64-7.3.2-20220804-6354275  User: oesteban  Machine: dna007  Platform: Linux  PlatformVersion: 5.14.0-427.37.1.el9_4.x86_64  CompilerName: GCC  CompilerVersion: 8.4.0
ProgramName: mri_info  ProgramArguments: mri_info -all-info  ProgramVersion: 7.3.2  TimeStamp: 2026/03/06-16:37:21-GMT  BuildTime: Aug  4 2022 06:17:15  BuildStamp: freesurfer-linux-ubuntu22_x86_64-7.3.2-20220804-6354275  User: oesteban  Machine: dna007  Platform: Linux  PlatformVersion: 5.14.0-427.37.1.el9_4.x86_64  CompilerName: GCC  CompilerVersion: 8.4.0
ProgramName: mri_label2label  ProgramArguments: mri_label2label -all-info  ProgramVersion: 7.3.2  TimeStamp: 2026/03/06-16:37:21-GMT  BuildTime: Aug  4 2022 06:17:15  BuildStamp: freesurfer-linux-ubuntu22_x86_64-7.3.2-20220804-6354275  User: oesteban  Machine: dna007  Platform: Linux  PlatformVersion: 5.14.0-427.37.1.el9_4.x86_64  CompilerName: GCC  CompilerVersion: 8.4.0
ProgramName: mri_label2vol  ProgramArguments: mri_label2vol -all-info  ProgramVersion: 7.3.2  TimeStamp: 2026/03/06-16:37:21-GMT  BuildTime: Aug  4 2022 06:17:15  BuildStamp: freesurfer-linux-ubuntu22_x86_64-7.3.2-20220804-6354275  User: oesteban  Machine: dna007  Platform: Linux  PlatformVersion: 5.14.0-427.37.1.el9_4.x86_64  CompilerName: GCC  CompilerVersion: 8.4.0
ProgramName: mri_log_likelihood  ProgramArguments: mri_log_likelihood -all-info  ProgramVersion: 7.3.2  TimeStamp: 2026/03/06-16:37:21-GMT  BuildTime: Aug  4 2022 06:17:15  BuildStamp: freesurfer-linux-ubuntu22_x86_64-7.3.2-20220804-6354275  User: oesteban  Machine: dna007  Platform: Linux  PlatformVersion: 5.14.0-427.37.1.el9_4.x86_64  CompilerName: GCC  CompilerVersion: 8.4.0
ProgramName: mri_mask  ProgramArguments: mri_mask -all-info  ProgramVersion: 7.3.2  TimeStamp: 2026/03/06-16:37:21-GMT  BuildTime: Aug  4 2022 06:17:15  BuildStamp: freesurfer-linux-ubuntu22_x86_64-7.3.2-20220804-6354275  User: oesteban  Machine: dna007  Platform: Linux  PlatformVersion: 5.14.0-427.37.1.el9_4.x86_64  CompilerName: GCC  CompilerVersion: 8.4.0
ProgramName: mri_matrix_multiply  ProgramArguments: mri_matrix_multiply -all-info  ProgramVersion: 7.3.2  TimeStamp: 2026/03/06-16:37:21-GMT  BuildTime: Aug  4 2022 06:17:15  BuildStamp: freesurfer-linux-ubuntu22_x86_64-7.3.2-20220804-6354275  User: oesteban  Machine: dna007  Platform: Linux  PlatformVersion: 5.14.0-427.37.1.el9_4.x86_64  CompilerName: GCC  CompilerVersion: 8.4.0
ProgramName: mri_normalize  ProgramArguments: mri_normalize -all-info  ProgramVersion: 7.3.2  TimeStamp: 2026/03/06-16:37:21-GMT  BuildTime: Aug  4 2022 06:17:15  BuildStamp: freesurfer-linux-ubuntu22_x86_64-7.3.2-20220804-6354275  User: oesteban  Machine: dna007  Platform: Linux  PlatformVersion: 5.14.0-427.37.1.el9_4.x86_64  CompilerName: GCC  CompilerVersion: 8.4.0
ProgramName: mri_normalize_tp2  ProgramArguments: mri_normalize_tp2 -all-info  ProgramVersion: 7.3.2  TimeStamp: 2026/03/06-16:37:21-GMT  BuildTime: Aug  4 2022 06:17:15  BuildStamp: freesurfer-linux-ubuntu22_x86_64-7.3.2-20220804-6354275  User: oesteban  Machine: dna007  Platform: Linux  PlatformVersion: 5.14.0-427.37.1.el9_4.x86_64  CompilerName: GCC  CompilerVersion: 8.4.0
ProgramName: mri_or  ProgramArguments: mri_or -all-info  ProgramVersion: 7.3.2  TimeStamp: 2026/03/06-16:37:21-GMT  BuildTime: Aug  4 2022 06:17:15  BuildStamp: freesurfer-linux-ubuntu22_x86_64-7.3.2-20220804-6354275  User: oesteban  Machine: dna007  Platform: Linux  PlatformVersion: 5.14.0-427.37.1.el9_4.x86_64  CompilerName: GCC  CompilerVersion: 8.4.0
ProgramName: mri_relabel_hypointensities  ProgramArguments: mri_relabel_hypointensities -all-info  ProgramVersion: 7.3.2  TimeStamp: 2026/03/06-16:37:21-GMT  BuildTime: Aug  4 2022 06:17:15  BuildStamp: freesurfer-linux-ubuntu22_x86_64-7.3.2-20220804-6354275  User: oesteban  Machine: dna007  Platform: Linux  PlatformVersion: 5.14.0-427.37.1.el9_4.x86_64  CompilerName: GCC  CompilerVersion: 8.4.0
ProgramName: mri_relabel_nonwm_hypos  ProgramArguments: mri_relabel_nonwm_hypos -all-info  ProgramVersion: 7.3.2  TimeStamp: 2026/03/06-16:37:21-GMT  BuildTime: Aug  4 2022 06:17:15  BuildStamp: freesurfer-linux-ubuntu22_x86_64-7.3.2-20220804-6354275  User: oesteban  Machine: dna007  Platform: Linux  PlatformVersion: 5.14.0-427.37.1.el9_4.x86_64  CompilerName: GCC  CompilerVersion: 8.4.0
ProgramName: mri_remove_neck  ProgramArguments: mri_remove_neck -all-info  ProgramVersion: 7.3.2  TimeStamp: 2026/03/06-16:37:21-GMT  BuildTime: Aug  4 2022 06:17:15  BuildStamp: freesurfer-linux-ubuntu22_x86_64-7.3.2-20220804-6354275  User: oesteban  Machine: dna007  Platform: Linux  PlatformVersion: 5.14.0-427.37.1.el9_4.x86_64  CompilerName: GCC  CompilerVersion: 8.4.0
7.3.2

ProgramName: mri_robust_register  ProgramArguments: mri_robust_register -all-info  ProgramVersion: 7.3.2  TimeStamp: 2026/03/06-16:37:21-GMT  BuildTime: Aug  4 2022 06:17:15  BuildStamp: freesurfer-linux-ubuntu22_x86_64-7.3.2-20220804-6354275  User: oesteban  Machine: dna007  Platform: Linux  PlatformVersion: 5.14.0-427.37.1.el9_4.x86_64  CompilerName: GCC  CompilerVersion: 8.4.0
7.3.2

ProgramName: mri_robust_template  ProgramArguments: mri_robust_template -all-info  ProgramVersion: 7.3.2  TimeStamp: 2026/03/06-16:37:21-GMT  BuildTime: Aug  4 2022 06:17:15  BuildStamp: freesurfer-linux-ubuntu22_x86_64-7.3.2-20220804-6354275  User: oesteban  Machine: dna007  Platform: Linux  PlatformVersion: 5.14.0-427.37.1.el9_4.x86_64  CompilerName: GCC  CompilerVersion: 8.4.0
ProgramName: mris_anatomical_stats  ProgramArguments: mris_anatomical_stats -all-info  ProgramVersion: 7.3.2  TimeStamp: 2026/03/06-16:37:21-GMT  BuildTime: Aug  4 2022 06:17:15  BuildStamp: freesurfer-linux-ubuntu22_x86_64-7.3.2-20220804-6354275  User: oesteban  Machine: dna007  Platform: Linux  PlatformVersion: 5.14.0-427.37.1.el9_4.x86_64  CompilerName: GCC  CompilerVersion: 8.4.0
ProgramName: mris_ca_label  ProgramArguments: mris_ca_label -all-info  ProgramVersion: 7.3.2  TimeStamp: 2026/03/06-16:37:21-GMT  BuildTime: Aug  4 2022 06:17:15  BuildStamp: freesurfer-linux-ubuntu22_x86_64-7.3.2-20220804-6354275  User: oesteban  Machine: dna007  Platform: Linux  PlatformVersion: 5.14.0-427.37.1.el9_4.x86_64  CompilerName: GCC  CompilerVersion: 8.4.0
ProgramName: mris_calc  ProgramArguments: mris_calc -all-info  ProgramVersion: 7.3.2  TimeStamp: 2026/03/06-16:37:21-GMT  BuildTime: Aug  4 2022 06:17:15  BuildStamp: freesurfer-linux-ubuntu22_x86_64-7.3.2-20220804-6354275  User: oesteban  Machine: dna007  Platform: Linux  PlatformVersion: 5.14.0-427.37.1.el9_4.x86_64  CompilerName: GCC  CompilerVersion: 8.4.0
ProgramName: mris_convert  ProgramArguments: mris_convert -all-info  ProgramVersion: 7.3.2  TimeStamp: 2026/03/06-16:37:21-GMT  BuildTime: Aug  4 2022 06:17:15  BuildStamp: freesurfer-linux-ubuntu22_x86_64-7.3.2-20220804-6354275  User: oesteban  Machine: dna007  Platform: Linux  PlatformVersion: 5.14.0-427.37.1.el9_4.x86_64  CompilerName: GCC  CompilerVersion: 8.4.0
ProgramName: mris_curvature  ProgramArguments: mris_curvature -all-info  ProgramVersion: 7.3.2  TimeStamp: 2026/03/06-16:37:21-GMT  BuildTime: Aug  4 2022 06:17:15  BuildStamp: freesurfer-linux-ubuntu22_x86_64-7.3.2-20220804-6354275  User: oesteban  Machine: dna007  Platform: Linux  PlatformVersion: 5.14.0-427.37.1.el9_4.x86_64  CompilerName: GCC  CompilerVersion: 8.4.0
ProgramName: mris_curvature_stats  ProgramArguments: mris_curvature_stats -all-info  ProgramVersion: 7.3.2  TimeStamp: 2026/03/06-16:37:21-GMT  BuildTime: Aug  4 2022 06:17:15  BuildStamp: freesurfer-linux-ubuntu22_x86_64-7.3.2-20220804-6354275  User: oesteban  Machine: dna007  Platform: Linux  PlatformVersion: 5.14.0-427.37.1.el9_4.x86_64  CompilerName: GCC  CompilerVersion: 8.4.0
ProgramName: mris_diff  ProgramArguments: mris_diff -all-info  ProgramVersion: 7.3.2  TimeStamp: 2026/03/06-16:37:21-GMT  BuildTime: Aug  4 2022 06:17:15  BuildStamp: freesurfer-linux-ubuntu22_x86_64-7.3.2-20220804-6354275  User: oesteban  Machine: dna007  Platform: Linux  PlatformVersion: 5.14.0-427.37.1.el9_4.x86_64  CompilerName: GCC  CompilerVersion: 8.4.0
ProgramName: mris_divide_parcellation  ProgramArguments: mris_divide_parcellation -all-info  ProgramVersion: 7.3.2  TimeStamp: 2026/03/06-16:37:21-GMT  BuildTime: Aug  4 2022 06:17:15  BuildStamp: freesurfer-linux-ubuntu22_x86_64-7.3.2-20220804-6354275  User: oesteban  Machine: dna007  Platform: Linux  PlatformVersion: 5.14.0-427.37.1.el9_4.x86_64  CompilerName: GCC  CompilerVersion: 8.4.0
ProgramName: mri_segment  ProgramArguments: mri_segment -all-info  ProgramVersion: 7.3.2  TimeStamp: 2026/03/06-16:37:21-GMT  BuildTime: Aug  4 2022 06:17:15  BuildStamp: freesurfer-linux-ubuntu22_x86_64-7.3.2-20220804-6354275  User: oesteban  Machine: dna007  Platform: Linux  PlatformVersion: 5.14.0-427.37.1.el9_4.x86_64  CompilerName: GCC  CompilerVersion: 8.4.0
ProgramName: mri_segstats  ProgramArguments: mri_segstats -all-info  ProgramVersion: 7.3.2  TimeStamp: 2026/03/06-16:37:21-GMT  BuildTime: Aug  4 2022 06:17:15  BuildStamp: freesurfer-linux-ubuntu22_x86_64-7.3.2-20220804-6354275  User: oesteban  Machine: dna007  Platform: Linux  PlatformVersion: 5.14.0-427.37.1.el9_4.x86_64  CompilerName: GCC  CompilerVersion: 8.4.0
ProgramName: mris_euler_number  ProgramArguments: mris_euler_number -all-info  ProgramVersion: 7.3.2  TimeStamp: 2026/03/06-16:37:21-GMT  BuildTime: Aug  4 2022 06:17:15  BuildStamp: freesurfer-linux-ubuntu22_x86_64-7.3.2-20220804-6354275  User: oesteban  Machine: dna007  Platform: Linux  PlatformVersion: 5.14.0-427.37.1.el9_4.x86_64  CompilerName: GCC  CompilerVersion: 8.4.0
ProgramName: mris_fix_topology  ProgramArguments: mris_fix_topology -all-info  ProgramVersion: 7.3.2  TimeStamp: 2026/03/06-16:37:21-GMT  BuildTime: Aug  4 2022 06:17:15  BuildStamp: freesurfer-linux-ubuntu22_x86_64-7.3.2-20220804-6354275  User: oesteban  Machine: dna007  Platform: Linux  PlatformVersion: 5.14.0-427.37.1.el9_4.x86_64  CompilerName: GCC  CompilerVersion: 8.4.0
ProgramName: mris_topo_fixer  ProgramArguments: mris_topo_fixer -all-info  ProgramVersion: 7.3.2  TimeStamp: 2026/03/06-16:37:21-GMT  BuildTime: Aug  4 2022 06:17:15  BuildStamp: freesurfer-linux-ubuntu22_x86_64-7.3.2-20220804-6354275  User: oesteban  Machine: dna007  Platform: Linux  PlatformVersion: 5.14.0-427.37.1.el9_4.x86_64  CompilerName: GCC  CompilerVersion: 8.4.0
ProgramName: mris_jacobian  ProgramArguments: mris_jacobian -all-info  ProgramVersion: 7.3.2  TimeStamp: 2026/03/06-16:37:21-GMT  BuildTime: Aug  4 2022 06:17:15  BuildStamp: freesurfer-linux-ubuntu22_x86_64-7.3.2-20220804-6354275  User: oesteban  Machine: dna007  Platform: Linux  PlatformVersion: 5.14.0-427.37.1.el9_4.x86_64  CompilerName: GCC  CompilerVersion: 8.4.0
ProgramName: mris_label2annot  ProgramArguments: mris_label2annot -all-info  ProgramVersion: 7.3.2  TimeStamp: 2026/03/06-16:37:21-GMT  BuildTime: Aug  4 2022 06:17:15  BuildStamp: freesurfer-linux-ubuntu22_x86_64-7.3.2-20220804-6354275  User: oesteban  Machine: dna007  Platform: Linux  PlatformVersion: 5.14.0-427.37.1.el9_4.x86_64  CompilerName: GCC  CompilerVersion: 8.4.0
ProgramName: mris_left_right_register  ProgramArguments: mris_left_right_register -all-info  ProgramVersion: 7.3.2  TimeStamp: 2026/03/06-16:37:21-GMT  BuildTime: Aug  4 2022 06:17:15  BuildStamp: freesurfer-linux-ubuntu22_x86_64-7.3.2-20220804-6354275  User: oesteban  Machine: dna007  Platform: Linux  PlatformVersion: 5.14.0-427.37.1.el9_4.x86_64  CompilerName: GCC  CompilerVersion: 8.4.0
ProgramName: mris_place_surface  ProgramArguments: mris_place_surface -all-info  ProgramVersion: 7.3.2  TimeStamp: 2026/03/06-16:37:21-GMT  BuildTime: Aug  4 2022 06:17:15  BuildStamp: freesurfer-linux-ubuntu22_x86_64-7.3.2-20220804-6354275  User: oesteban  Machine: dna007  Platform: Linux  PlatformVersion: 5.14.0-427.37.1.el9_4.x86_64  CompilerName: GCC  CompilerVersion: 8.4.0
ProgramName: mrisp_paint  ProgramArguments: mrisp_paint -all-info  ProgramVersion: 7.3.2  TimeStamp: 2026/03/06-16:37:21-GMT  BuildTime: Aug  4 2022 06:17:15  BuildStamp: freesurfer-linux-ubuntu22_x86_64-7.3.2-20220804-6354275  User: oesteban  Machine: dna007  Platform: Linux  PlatformVersion: 5.14.0-427.37.1.el9_4.x86_64  CompilerName: GCC  CompilerVersion: 8.4.0
ProgramName: mris_register  ProgramArguments: mris_register -all-info  ProgramVersion: 7.3.2  TimeStamp: 2026/03/06-16:37:21-GMT  BuildTime: Aug  4 2022 06:17:15  BuildStamp: freesurfer-linux-ubuntu22_x86_64-7.3.2-20220804-6354275  User: oesteban  Machine: dna007  Platform: Linux  PlatformVersion: 5.14.0-427.37.1.el9_4.x86_64  CompilerName: GCC  CompilerVersion: 8.4.0
ProgramName: mris_smooth  ProgramArguments: mris_smooth -all-info  ProgramVersion: 7.3.2  TimeStamp: 2026/03/06-16:37:21-GMT  BuildTime: Aug  4 2022 06:17:15  BuildStamp: freesurfer-linux-ubuntu22_x86_64-7.3.2-20220804-6354275  User: oesteban  Machine: dna007  Platform: Linux  PlatformVersion: 5.14.0-427.37.1.el9_4.x86_64  CompilerName: GCC  CompilerVersion: 8.4.0
ProgramName: mris_sphere  ProgramArguments: mris_sphere -all-info  ProgramVersion: 7.3.2  TimeStamp: 2026/03/06-16:37:21-GMT  BuildTime: Aug  4 2022 06:17:15  BuildStamp: freesurfer-linux-ubuntu22_x86_64-7.3.2-20220804-6354275  User: oesteban  Machine: dna007  Platform: Linux  PlatformVersion: 5.14.0-427.37.1.el9_4.x86_64  CompilerName: GCC  CompilerVersion: 8.4.0
ProgramName: mris_surface_stats  ProgramArguments: mris_surface_stats -all-info  ProgramVersion: 7.3.2  TimeStamp: 2026/03/06-16:37:21-GMT  BuildTime: Aug  4 2022 06:17:15  BuildStamp: freesurfer-linux-ubuntu22_x86_64-7.3.2-20220804-6354275  User: oesteban  Machine: dna007  Platform: Linux  PlatformVersion: 5.14.0-427.37.1.el9_4.x86_64  CompilerName: GCC  CompilerVersion: 8.4.0
ProgramName: mri_stats2seg  ProgramArguments: mri_stats2seg -all-info  ProgramVersion: 7.3.2  TimeStamp: 2026/03/06-16:37:21-GMT  BuildTime: Aug  4 2022 06:17:15  BuildStamp: freesurfer-linux-ubuntu22_x86_64-7.3.2-20220804-6354275  User: oesteban  Machine: dna007  Platform: Linux  PlatformVersion: 5.14.0-427.37.1.el9_4.x86_64  CompilerName: GCC  CompilerVersion: 8.4.0
ProgramName: mris_thickness  ProgramArguments: mris_thickness -all-info  ProgramVersion: 7.3.2  TimeStamp: 2026/03/06-16:37:21-GMT  BuildTime: Aug  4 2022 06:17:15  BuildStamp: freesurfer-linux-ubuntu22_x86_64-7.3.2-20220804-6354275  User: oesteban  Machine: dna007  Platform: Linux  PlatformVersion: 5.14.0-427.37.1.el9_4.x86_64  CompilerName: GCC  CompilerVersion: 8.4.0
ProgramName: mris_thickness_diff  ProgramArguments: mris_thickness_diff -all-info  ProgramVersion: 7.3.2  TimeStamp: 2026/03/06-16:37:21-GMT  BuildTime: Aug  4 2022 06:17:15  BuildStamp: freesurfer-linux-ubuntu22_x86_64-7.3.2-20220804-6354275  User: oesteban  Machine: dna007  Platform: Linux  PlatformVersion: 5.14.0-427.37.1.el9_4.x86_64  CompilerName: GCC  CompilerVersion: 8.4.0
ProgramName: mris_topo_fixer  ProgramArguments: mris_topo_fixer -all-info  ProgramVersion: 7.3.2  TimeStamp: 2026/03/06-16:37:21-GMT  BuildTime: Aug  4 2022 06:17:15  BuildStamp: freesurfer-linux-ubuntu22_x86_64-7.3.2-20220804-6354275  User: oesteban  Machine: dna007  Platform: Linux  PlatformVersion: 5.14.0-427.37.1.el9_4.x86_64  CompilerName: GCC  CompilerVersion: 8.4.0
ProgramName: mri_surf2surf  ProgramArguments: mri_surf2surf -all-info  ProgramVersion: 7.3.2  TimeStamp: 2026/03/06-16:37:21-GMT  BuildTime: Aug  4 2022 06:17:15  BuildStamp: freesurfer-linux-ubuntu22_x86_64-7.3.2-20220804-6354275  User: oesteban  Machine: dna007  Platform: Linux  PlatformVersion: 5.14.0-427.37.1.el9_4.x86_64  CompilerName: GCC  CompilerVersion: 8.4.0
ProgramName: mri_surf2vol  ProgramArguments: mri_surf2vol -all-info  ProgramVersion: 7.3.2  TimeStamp: 2026/03/06-16:37:21-GMT  BuildTime: Aug  4 2022 06:17:15  BuildStamp: freesurfer-linux-ubuntu22_x86_64-7.3.2-20220804-6354275  User: oesteban  Machine: dna007  Platform: Linux  PlatformVersion: 5.14.0-427.37.1.el9_4.x86_64  CompilerName: GCC  CompilerVersion: 8.4.0
ProgramName: mri_surfcluster  ProgramArguments: mri_surfcluster -all-info  ProgramVersion: 7.3.2  TimeStamp: 2026/03/06-16:37:21-GMT  BuildTime: Aug  4 2022 06:17:15  BuildStamp: freesurfer-linux-ubuntu22_x86_64-7.3.2-20220804-6354275  User: oesteban  Machine: dna007  Platform: Linux  PlatformVersion: 5.14.0-427.37.1.el9_4.x86_64  CompilerName: GCC  CompilerVersion: 8.4.0
ProgramName: mris_volmask  ProgramArguments: mris_volmask -all-info  ProgramVersion: 7.3.2  TimeStamp: 2026/03/06-16:37:21-GMT  BuildTime: Aug  4 2022 06:17:15  BuildStamp: freesurfer-linux-ubuntu22_x86_64-7.3.2-20220804-6354275  User: oesteban  Machine: dna007  Platform: Linux  PlatformVersion: 5.14.0-427.37.1.el9_4.x86_64  CompilerName: GCC  CompilerVersion: 8.4.0
ProgramName: mri_tessellate  ProgramArguments: mri_tessellate -all-info  ProgramVersion: 7.3.2  TimeStamp: 2026/03/06-16:37:21-GMT  BuildTime: Aug  4 2022 06:17:15  BuildStamp: freesurfer-linux-ubuntu22_x86_64-7.3.2-20220804-6354275  User: oesteban  Machine: dna007  Platform: Linux  PlatformVersion: 5.14.0-427.37.1.el9_4.x86_64  CompilerName: GCC  CompilerVersion: 8.4.0
ProgramName: mri_vol2surf  ProgramArguments: mri_vol2surf -all-info  ProgramVersion: 7.3.2  TimeStamp: 2026/03/06-16:37:21-GMT  BuildTime: Aug  4 2022 06:17:15  BuildStamp: freesurfer-linux-ubuntu22_x86_64-7.3.2-20220804-6354275  User: oesteban  Machine: dna007  Platform: Linux  PlatformVersion: 5.14.0-427.37.1.el9_4.x86_64  CompilerName: GCC  CompilerVersion: 8.4.0
ProgramName: mri_vol2vol  ProgramArguments: mri_vol2vol -all-info  ProgramVersion: 7.3.2  TimeStamp: 2026/03/06-16:37:21-GMT  BuildTime: Aug  4 2022 06:17:15  BuildStamp: freesurfer-linux-ubuntu22_x86_64-7.3.2-20220804-6354275  User: oesteban  Machine: dna007  Platform: Linux  PlatformVersion: 5.14.0-427.37.1.el9_4.x86_64  CompilerName: GCC  CompilerVersion: 8.4.0
ProgramName: mri_voldiff  ProgramArguments: mri_voldiff -all-info  ProgramVersion: 7.3.2  TimeStamp: 2026/03/06-16:37:21-GMT  BuildTime: Aug  4 2022 06:17:15  BuildStamp: freesurfer-linux-ubuntu22_x86_64-7.3.2-20220804-6354275  User: oesteban  Machine: dna007  Platform: Linux  PlatformVersion: 5.14.0-427.37.1.el9_4.x86_64  CompilerName: GCC  CompilerVersion: 8.4.0
ProgramName: mri_watershed  ProgramArguments: mri_watershed -all-info  ProgramVersion: 7.3.2  TimeStamp: 2026/03/06-16:37:21-GMT  BuildTime: Aug  4 2022 06:17:15  BuildStamp: freesurfer-linux-ubuntu22_x86_64-7.3.2-20220804-6354275  User: oesteban  Machine: dna007  Platform: Linux  PlatformVersion: 5.14.0-427.37.1.el9_4.x86_64  CompilerName: GCC  CompilerVersion: 8.4.0
ProgramName: tkregister2  ProgramArguments: tkregister2_cmdl -all-info  ProgramVersion: 7.3.2  TimeStamp: 2026/03/06-16:37:21-GMT  BuildTime: Aug  4 2022 06:17:15  BuildStamp: freesurfer-linux-ubuntu22_x86_64-7.3.2-20220804-6354275  User: oesteban  Machine: dna007  Platform: Linux  PlatformVersion: 5.14.0-427.37.1.el9_4.x86_64  CompilerName: GCC  CompilerVersion: 8.4.0
mri_motion_correct.fsl 7.3.2
mri_convert -all-info 
ProgramName: mri_convert  ProgramArguments: mri_convert -all-info  ProgramVersion: 7.3.2  TimeStamp: 2026/03/06-16:37:21-GMT  BuildTime: Aug  4 2022 06:17:15  BuildStamp: freesurfer-linux-ubuntu22_x86_64-7.3.2-20220804-6354275  User: oesteban  Machine: dna007  Platform: Linux  PlatformVersion: 5.14.0-427.37.1.el9_4.x86_64  CompilerName: GCC  CompilerVersion: 8.4.0
Program nu_correct, built from:
Package MNI N3, version 1.12.0, compiled by nicks@terrier (x86_64-unknown-linux-gnu) on 2015-06-19 at 01:25:34
#######################################
GCADIR /opt/freesurfer/average
GCA RB_all_2020-01-02.gca
GCASkull RB_all_withskull_2020_01_02.gca
AvgCurvTif folding.atlas.acfb40.noaparc.i12.2016-08-02.tif
GCSDIR /opt/freesurfer/average
GCS DKaparc.atlas.acfb40.noaparc.i12.2016-08-02.gcs
#######################################
#--------------------------------------------
#@# Tessellate lh Fri Mar  6 17:37:21 CET 2026
/out/sourcedata/freesurfer/sub-v1s10x0051128_ses-1/scripts

 mri_pretess ../mri/filled.mgz 255 ../mri/norm.mgz ../mri/filled-pretess255.mgz 


Iteration Number : 1
pass   1 (xy+):   0 found -   0 modified     |    TOTAL:   0
pass   1 (xy-):   3 found -   3 modified     |    TOTAL:   3
pass   2 (xy-):   0 found -   3 modified     |    TOTAL:   3
pass   1 (yz+):   9 found -   9 modified     |    TOTAL:  12
pass   2 (yz+):   0 found -   9 modified     |    TOTAL:  12
pass   1 (yz-):   8 found -   8 modified     |    TOTAL:  20
pass   2 (yz-):   0 found -   8 modified     |    TOTAL:  20
pass   1 (xz+):   4 found -   4 modified     |    TOTAL:  24
pass   2 (xz+):   0 found -   4 modified     |    TOTAL:  24
pass   1 (xz-):   3 found -   3 modified     |    TOTAL:  27
pass   2 (xz-):   0 found -   3 modified     |    TOTAL:  27
Iteration Number : 1
pass   1 (+++):   0 found -   0 modified     |    TOTAL:   0
pass   1 (+++):   0 found -   0 modified     |    TOTAL:   0
pass   1 (+++):   0 found -   0 modified     |    TOTAL:   0
pass   1 (+++):   1 found -   1 modified     |    TOTAL:   1
pass   2 (+++):   0 found -   1 modified     |    TOTAL:   1
Iteration Number : 1
pass   1 (++):   1 found -   1 modified     |    TOTAL:   1
pass   2 (++):   0 found -   1 modified     |    TOTAL:   1
pass   1 (+-):   0 found -   0 modified     |    TOTAL:   1
pass   1 (--):   0 found -   0 modified     |    TOTAL:   1
pass   1 (-+):   0 found -   0 modified     |    TOTAL:   1
Iteration Number : 2
pass   1 (xy+):   0 found -   0 modified     |    TOTAL:   0
pass   1 (xy-):   0 found -   0 modified     |    TOTAL:   0
pass   1 (yz+):   1 found -   1 modified     |    TOTAL:   1
pass   2 (yz+):   0 found -   1 modified     |    TOTAL:   1
pass   1 (yz-):   0 found -   0 modified     |    TOTAL:   1
pass   1 (xz+):   0 found -   0 modified     |    TOTAL:   1
pass   1 (xz-):   0 found -   0 modified     |    TOTAL:   1
Iteration Number : 2
pass   1 (+++):   0 found -   0 modified     |    TOTAL:   0
pass   1 (+++):   0 found -   0 modified     |    TOTAL:   0
pass   1 (+++):   0 found -   0 modified     |    TOTAL:   0
pass   1 (+++):   0 found -   0 modified     |    TOTAL:   0
Iteration Number : 2
pass   1 (++):   0 found -   0 modified     |    TOTAL:   0
pass   1 (+-):   0 found -   0 modified     |    TOTAL:   0
pass   1 (--):   0 found -   0 modified     |    TOTAL:   0
pass   1 (-+):   0 found -   0 modified     |    TOTAL:   0
Iteration Number : 3
pass   1 (xy+):   0 found -   0 modified     |    TOTAL:   0
pass   1 (xy-):   0 found -   0 modified     |    TOTAL:   0
pass   1 (yz+):   0 found -   0 modified     |    TOTAL:   0
pass   1 (yz-):   0 found -   0 modified     |    TOTAL:   0
pass   1 (xz+):   0 found -   0 modified     |    TOTAL:   0
pass   1 (xz-):   0 found -   0 modified     |    TOTAL:   0
Iteration Number : 3
pass   1 (+++):   0 found -   0 modified     |    TOTAL:   0
pass   1 (+++):   0 found -   0 modified     |    TOTAL:   0
pass   1 (+++):   0 found -   0 modified     |    TOTAL:   0
pass   1 (+++):   0 found -   0 modified     |    TOTAL:   0
Iteration Number : 3
pass   1 (++):   0 found -   0 modified     |    TOTAL:   0
pass   1 (+-):   0 found -   0 modified     |    TOTAL:   0
pass   1 (--):   0 found -   0 modified     |    TOTAL:   0
pass   1 (-+):   0 found -   0 modified     |    TOTAL:   0

Total Number of Modified Voxels = 30 (out of 319336: 0.009394)
Ambiguous edge configurations... 

mri_pretess done


 mri_tessellate ../mri/filled-pretess255.mgz 255 ../surf/lh.orig.nofix 

7.3.2
  7.3.2
slice 40: 638 vertices, 714 faces
slice 50: 6024 vertices, 6293 faces
slice 60: 15913 vertices, 16346 faces
slice 70: 28634 vertices, 29055 faces
slice 80: 41275 vertices, 41679 faces
slice 90: 53900 vertices, 54339 faces
slice 100: 65892 vertices, 66351 faces
slice 110: 79158 vertices, 79561 faces
slice 120: 90983 vertices, 91414 faces
slice 130: 102611 vertices, 103066 faces
slice 140: 113820 vertices, 114220 faces
slice 150: 124415 vertices, 124755 faces
slice 160: 133592 vertices, 133933 faces
slice 170: 142112 vertices, 142361 faces
slice 180: 148627 vertices, 148849 faces
slice 190: 153908 vertices, 154081 faces
slice 200: 157312 vertices, 157386 faces
slice 210: 157568 vertices, 157588 faces
slice 220: 157568 vertices, 157588 faces
slice 230: 157568 vertices, 157588 faces
slice 240: 157568 vertices, 157588 faces
slice 250: 157568 vertices, 157588 faces
using the conformed surface RAS to save vertex points...
writing ../surf/lh.orig.nofix
using vox2ras matrix:
-1.00000   0.00000   0.00000   128.00000;
 0.00000   0.00000   1.00000  -128.00000;
 0.00000  -1.00000   0.00000   128.00000;
 0.00000   0.00000   0.00000   1.00000;

 rm -f ../mri/filled-pretess255.mgz 


 mris_extract_main_component ../surf/lh.orig.nofix ../surf/lh.orig.nofix 


counting number of connected components...
   157568 voxel in cpt #1: X=-20 [v=157568,e=472764,f=315176] located at (-29.537323, -16.595566, 13.806560)
For the whole surface: X=-20 [v=157568,e=472764,f=315176]
One single component has been found
nothing to do
done

#--------------------------------------------
#@# Smooth1 lh Fri Mar  6 17:37:25 CET 2026
/out/sourcedata/freesurfer/sub-v1s10x0051128_ses-1/scripts

 mris_smooth -nw -seed 1234 ../surf/lh.orig.nofix ../surf/lh.smoothwm.nofix 

setting seed for random number generator to 1234
smoothing surface tessellation for 10 iterations...
smoothing complete - recomputing first and second fundamental forms...
#--------------------------------------------
#@# Inflation1 lh Fri Mar  6 17:37:29 CET 2026
/out/sourcedata/freesurfer/sub-v1s10x0051128_ses-1/scripts

 mris_inflate -no-save-sulc ../surf/lh.smoothwm.nofix ../surf/lh.inflated.nofix 

Not saving sulc
Reading ../surf/lh.smoothwm.nofix
avg radius = 49.3 mm, total surface area = 84823 mm^2
step 000: RMS=0.149 (target=0.015)   step 005: RMS=0.112 (target=0.015)   step 010: RMS=0.082 (target=0.015)   step 015: RMS=0.068 (target=0.015)   step 020: RMS=0.059 (target=0.015)   step 025: RMS=0.052 (target=0.015)   step 030: RMS=0.045 (target=0.015)   step 035: RMS=0.042 (target=0.015)   step 040: RMS=0.039 (target=0.015)   step 045: RMS=0.037 (target=0.015)   step 050: RMS=0.036 (target=0.015)   step 055: RMS=0.036 (target=0.015)   step 060: RMS=0.037 (target=0.015)   writing inflated surface to ../surf/lh.inflated.nofix
inflation took 0.2 minutes

inflation complete.
Not saving sulc
mris_inflate utimesec    69.684213
mris_inflate stimesec    1.831499
mris_inflate ru_maxrss   247916
mris_inflate ru_ixrss    0
mris_inflate ru_idrss    0
mris_inflate ru_isrss    0
mris_inflate ru_minflt   634625
mris_inflate ru_majflt   35
mris_inflate ru_nswap    0
mris_inflate ru_inblock  1672
mris_inflate ru_oublock  11088
mris_inflate ru_msgsnd   0
mris_inflate ru_msgrcv   0
mris_inflate ru_nsignals 0
mris_inflate ru_nvcsw    10015
mris_inflate ru_nivcsw   388
#--------------------------------------------
#@# QSphere lh Fri Mar  6 17:37:43 CET 2026
/out/sourcedata/freesurfer/sub-v1s10x0051128_ses-1/scripts

 mris_sphere -q -p 6 -a 128 -seed 1234 ../surf/lh.inflated.nofix ../surf/lh.qsphere.nofix 

doing quick spherical unfolding.
limitting unfolding to 6 passes
using n_averages = 128
setting seed for random number genererator to 1234
version: 7.3.2
available threads: 16
scaling brain by 0.296...
inflating...
projecting onto sphere...
surface projected - minimizing metric distortion...
vertex spacing 0.92 +- 0.54 (0.00-->6.36) (max @ vno 115655 --> 116827)
face area 0.02 +- 0.03 (-0.27-->0.65)
Entering MRISinflateToSphere()
inflating to sphere (rms error < 2.00)
000: dt: 0.0000, rms radial error=176.153, avgs=0
005/300: dt: 0.9000, rms radial error=175.893, avgs=0
010/300: dt: 0.9000, rms radial error=175.337, avgs=0
015/300: dt: 0.9000, rms radial error=174.605, avgs=0
020/300: dt: 0.9000, rms radial error=173.771, avgs=0
025/300: dt: 0.9000, rms radial error=172.879, avgs=0
030/300: dt: 0.9000, rms radial error=171.953, avgs=0
035/300: dt: 0.9000, rms radial error=171.010, avgs=0
040/300: dt: 0.9000, rms radial error=170.059, avgs=0
045/300: dt: 0.9000, rms radial error=169.104, avgs=0
050/300: dt: 0.9000, rms radial error=168.149, avgs=0
055/300: dt: 0.9000, rms radial error=167.197, avgs=0
060/300: dt: 0.9000, rms radial error=166.247, avgs=0
065/300: dt: 0.9000, rms radial error=165.301, avgs=0
070/300: dt: 0.9000, rms radial error=164.365, avgs=0
075/300: dt: 0.9000, rms radial error=163.435, avgs=0
080/300: dt: 0.9000, rms radial error=162.511, avgs=0
085/300: dt: 0.9000, rms radial error=161.591, avgs=0
090/300: dt: 0.9000, rms radial error=160.677, avgs=0
095/300: dt: 0.9000, rms radial error=159.767, avgs=0
100/300: dt: 0.9000, rms radial error=158.863, avgs=0
105/300: dt: 0.9000, rms radial error=157.966, avgs=0
110/300: dt: 0.9000, rms radial error=157.075, avgs=0
115/300: dt: 0.9000, rms radial error=156.188, avgs=0
120/300: dt: 0.9000, rms radial error=155.307, avgs=0
125/300: dt: 0.9000, rms radial error=154.430, avgs=0
130/300: dt: 0.9000, rms radial error=153.558, avgs=0
135/300: dt: 0.9000, rms radial error=152.692, avgs=0
140/300: dt: 0.9000, rms radial error=151.829, avgs=0
145/300: dt: 0.9000, rms radial error=150.972, avgs=0
150/300: dt: 0.9000, rms radial error=150.120, avgs=0
155/300: dt: 0.9000, rms radial error=149.272, avgs=0
160/300: dt: 0.9000, rms radial error=148.428, avgs=0
165/300: dt: 0.9000, rms radial error=147.590, avgs=0
170/300: dt: 0.9000, rms radial error=146.757, avgs=0
175/300: dt: 0.9000, rms radial error=145.929, avgs=0
180/300: dt: 0.9000, rms radial error=145.105, avgs=0
185/300: dt: 0.9000, rms radial error=144.286, avgs=0
190/300: dt: 0.9000, rms radial error=143.472, avgs=0
195/300: dt: 0.9000, rms radial error=142.662, avgs=0
200/300: dt: 0.9000, rms radial error=141.857, avgs=0
205/300: dt: 0.9000, rms radial error=141.056, avgs=0
210/300: dt: 0.9000, rms radial error=140.260, avgs=0
215/300: dt: 0.9000, rms radial error=139.468, avgs=0
220/300: dt: 0.9000, rms radial error=138.681, avgs=0
225/300: dt: 0.9000, rms radial error=137.898, avgs=0
230/300: dt: 0.9000, rms radial error=137.120, avgs=0
235/300: dt: 0.9000, rms radial error=136.345, avgs=0
240/300: dt: 0.9000, rms radial error=135.576, avgs=0
245/300: dt: 0.9000, rms radial error=134.811, avgs=0
250/300: dt: 0.9000, rms radial error=134.051, avgs=0
255/300: dt: 0.9000, rms radial error=133.294, avgs=0
260/300: dt: 0.9000, rms radial error=132.542, avgs=0
265/300: dt: 0.9000, rms radial error=131.794, avgs=0
270/300: dt: 0.9000, rms radial error=131.051, avgs=0
275/300: dt: 0.9000, rms radial error=130.311, avgs=0
280/300: dt: 0.9000, rms radial error=129.576, avgs=0
285/300: dt: 0.9000, rms radial error=128.844, avgs=0
290/300: dt: 0.9000, rms radial error=128.117, avgs=0
295/300: dt: 0.9000, rms radial error=127.394, avgs=0
300/300: dt: 0.9000, rms radial error=126.675, avgs=0

spherical inflation complete.
epoch 1 (K=10.0), pass 1, starting sse = 18678.84
taking momentum steps...
taking momentum steps...
taking momentum steps...
taking momentum steps...
pass 1 complete, delta sse/iter = 0.00/13 = 0.00029
epoch 2 (K=40.0), pass 1, starting sse = 3157.63
taking momentum steps...
taking momentum steps...
taking momentum steps...
taking momentum steps...
pass 1 complete, delta sse/iter = 0.00/13 = 0.00003
epoch 3 (K=160.0), pass 1, starting sse = 324.89
taking momentum steps...
taking momentum steps...
taking momentum steps...
taking momentum steps...
pass 1 complete, delta sse/iter = 0.12/14 = 0.00871
epoch 4 (K=640.0), pass 1, starting sse = 15.84
taking momentum steps...
taking momentum steps...
taking momentum steps...
taking momentum steps...
pass 1 complete, delta sse/iter = 0.10/21 = 0.00487
final distance error %100000.00
writing spherical brain to ../surf/lh.qsphere.nofix
spherical transformation took 0.0180 hours
FSRUNTIME@ mris_sphere  0.0180 hours 16 threads
#VMPC# mris_sphere VmPeak  1622112
mris_sphere done
#@# Fix Topology lh Fri Mar  6 17:38:48 CET 2026

 mris_fix_topology -mgz -sphere qsphere.nofix -inflated inflated.nofix -orig orig.nofix -out orig.premesh -ga -seed 1234 sub-v1s10x0051128_ses-1 lh 

reading spherical homeomorphism from 'qsphere.nofix'
reading inflated coordinates from 'inflated.nofix'
reading original coordinates from 'orig.nofix'
using genetic algorithm with optimized parameters
setting seed for random number genererator to 1234

*************************************************************
Topology Correction Parameters
retessellation mode:           genetic search
number of patches/generation : 10
number of generations :        10
surface mri loglikelihood coefficient :         1.0
volume mri loglikelihood coefficient :          10.0
normal dot loglikelihood coefficient :          1.0
quadratic curvature loglikelihood coefficient : 1.0
volume resolution :                             2
eliminate vertices during search :              1
initial patch selection :                       1
select all defect vertices :                    0
ordering dependant retessellation:              0
use precomputed edge table :                    0
smooth retessellated patch :                    2
match retessellated patch :                     1
verbose mode :                                  0

*************************************************************
INFO: assuming .mgz format
writing corrected surface to 'orig.premesh'
7.3.2
  7.3.2
before topology correction, eno=-20 (nv=157568, nf=315176, ne=472764, g=11)
using quasi-homeomorphic spherical map to tessellate cortical surface...

Correction of the Topology
Finding true center and radius of Spherical Surface...done
Surface centered at (0,0,0) with radius 100.0 in 11 iterations
marking ambiguous vertices...
3658 ambiguous faces found in tessellation
segmenting defects...
18 defects found, arbitrating ambiguous regions...
analyzing neighboring defects...
18 defects to be corrected 
0 vertices coincident
reading input surface /out/sourcedata/freesurfer/sub-v1s10x0051128_ses-1/surf/lh.qsphere.nofix...
reading brain volume from brain...
reading wm segmentation from wm...
Reading original properties of orig.nofix
Reading vertex positions of inflated.nofix
Computing Initial Surface Statistics
      -face       loglikelihood: -9.4058  (-4.7029)
      -vertex     loglikelihood: -6.3059  (-3.1530)
      -normal dot loglikelihood: -3.5524  (-3.5524)
      -quad curv  loglikelihood: -6.1576  (-3.0788)
      Total Loglikelihood : -25.4216
CORRECTING DEFECT 0 (vertices=21, convex hull=56, v0=47041)
After retessellation of defect 0 (v0=47041), euler #=-14 (155431,465680,310235) : difference with theory (-15) = -1 
CORRECTING DEFECT 1 (vertices=17, convex hull=22, v0=59637)
After retessellation of defect 1 (v0=59637), euler #=-13 (155435,465699,310251) : difference with theory (-14) = -1 
CORRECTING DEFECT 2 (vertices=428, convex hull=252, v0=63058)
After retessellation of defect 2 (v0=63058), euler #=-12 (155507,466036,310517) : difference with theory (-13) = -1 
CORRECTING DEFECT 3 (vertices=561, convex hull=310, v0=66763)
normal vector of length zero at vertex 156360 with 4 faces
After retessellation of defect 3 (v0=66763), euler #=-12 (155678,466707,311017) : difference with theory (-12) = 0 
CORRECTING DEFECT 4 (vertices=138, convex hull=69, v0=67043)
After retessellation of defect 4 (v0=67043), euler #=-11 (155712,466843,311120) : difference with theory (-11) = 0 
CORRECTING DEFECT 5 (vertices=17, convex hull=32, v0=76231)
After retessellation of defect 5 (v0=76231), euler #=-10 (155717,466868,311141) : difference with theory (-10) = 0 
CORRECTING DEFECT 6 (vertices=177, convex hull=71, v0=87157)
After retessellation of defect 6 (v0=87157), euler #=-9 (155736,466959,311214) : difference with theory (-9) = 0 
CORRECTING DEFECT 7 (vertices=354, convex hull=158, v0=88086)
After retessellation of defect 7 (v0=88086), euler #=-8 (155807,467249,311434) : difference with theory (-8) = 0 
CORRECTING DEFECT 8 (vertices=31, convex hull=52, v0=103624)
After retessellation of defect 8 (v0=103624), euler #=-7 (155817,467299,311475) : difference with theory (-7) = 0 
CORRECTING DEFECT 9 (vertices=32, convex hull=50, v0=105642)
After retessellation of defect 9 (v0=105642), euler #=-6 (155834,467373,311533) : difference with theory (-6) = 0 
CORRECTING DEFECT 10 (vertices=43, convex hull=39, v0=110528)
After retessellation of defect 10 (v0=110528), euler #=-5 (155839,467406,311562) : difference with theory (-5) = 0 
CORRECTING DEFECT 11 (vertices=62, convex hull=53, v0=112567)
After retessellation of defect 11 (v0=112567), euler #=-4 (155846,467447,311597) : difference with theory (-4) = 0 
CORRECTING DEFECT 12 (vertices=32, convex hull=17, v0=113326)
After retessellation of defect 12 (v0=113326), euler #=-3 (155851,467466,311612) : difference with theory (-3) = 0 
CORRECTING DEFECT 13 (vertices=19, convex hull=27, v0=115602)
After retessellation of defect 13 (v0=115602), euler #=-2 (155856,467489,311631) : difference with theory (-2) = 0 
CORRECTING DEFECT 14 (vertices=64, convex hull=30, v0=117989)
After retessellation of defect 14 (v0=117989), euler #=-1 (155865,467527,311661) : difference with theory (-1) = 0 
CORRECTING DEFECT 15 (vertices=33, convex hull=73, v0=120308)
After retessellation of defect 15 (v0=120308), euler #=0 (155881,467606,311725) : difference with theory (0) = 0 
CORRECTING DEFECT 16 (vertices=69, convex hull=33, v0=122262)
After retessellation of defect 16 (v0=122262), euler #=1 (155890,467646,311757) : difference with theory (1) = 0 
CORRECTING DEFECT 17 (vertices=45, convex hull=42, v0=136060)
After retessellation of defect 17 (v0=136060), euler #=2 (155900,467694,311796) : difference with theory (2) = 0 
computing original vertex metric properties...
storing new metric properties...
computing tessellation statistics...
vertex spacing 0.89 +- 0.21 (0.10-->9.46) (max @ vno 72972 --> 155741)
face area -nan +- -nan (1000.00-->-1.00)
performing soap bubble on retessellated vertices for 0 iterations...
vertex spacing 0.89 +- 0.21 (0.10-->9.46) (max @ vno 72972 --> 155741)
face area -nan +- -nan (1000.00-->-1.00)
tessellation finished, orienting corrected surface...
69 mutations (37.1%), 117 crossovers (62.9%), 78 vertices were eliminated
building final representation...
1668 vertices and 0 faces have been removed from triangulation
after topology correction, eno=2 (nv=155900, nf=311796, ne=467694, g=0)
writing corrected surface to /out/sourcedata/freesurfer/sub-v1s10x0051128_ses-1/surf/lh.orig.premesh...

0.000 % of the vertices (0 vertices) exhibit an orientation change
removing intersecting faces
000: 161 intersecting
001: 4 intersecting
terminating search with 0 intersecting
topology fixing took 1.4 minutes
FSRUNTIME@ mris_fix_topology lh  0.0230 hours 16 threads
#VMPC# mris_fix_topology VmPeak  1873344

 mris_euler_number ../surf/lh.orig.premesh 

euler # = v-e+f = 2g-2: 155900 - 467694 + 311796 = 2 --> 0 holes
      F =2V-4:          311796 = 311800-4 (0)
      2E=3F:            935388 = 935388 (0)

total defect index = 0
Fri Mar  6 17:40:12 CET 2026

setenv SUBJECTS_DIR /out/sourcedata/freesurfer
cd /out/sourcedata/freesurfer/sub-v1s10x0051128_ses-1/scripts
/opt/freesurfer/bin/defect2seg --s sub-v1s10x0051128_ses-1 --lh-only --cortex

freesurfer-linux-ubuntu22_x86_64-7.3.2-20220804-6354275
defect2seg 7.3.2
Linux dna007 5.14.0-427.37.1.el9_4.x86_64 #1 SMP PREEMPT_DYNAMIC Fri Sep 13 12:41:50 EDT 2024 x86_64 x86_64 x86_64 GNU/Linux
pid 4186188
mri_label2label --label-cortex /out/sourcedata/freesurfer/sub-v1s10x0051128_ses-1/surf/lh.orig.nofix /out/sourcedata/freesurfer/sub-v1s10x0051128_ses-1/mri/aseg.presurf.mgz 0 /out/sourcedata/freesurfer/sub-v1s10x0051128_ses-1/label/lh.nofix.cortex.label

 Generating cortex label... RemoveHipAmgy=0
 NucAccIsMedialWall=0
 mris->useRealRAS=0
16 non-cortical segments detected
only using segment with 8613 vertices
erasing segment 1 (vno[0] = 63969)
erasing segment 2 (vno[0] = 72350)
erasing segment 3 (vno[0] = 80132)
erasing segment 4 (vno[0] = 81301)
erasing segment 5 (vno[0] = 114506)
erasing segment 6 (vno[0] = 115602)
erasing segment 7 (vno[0] = 115687)
erasing segment 8 (vno[0] = 118997)
erasing segment 9 (vno[0] = 120103)
erasing segment 10 (vno[0] = 120122)
erasing segment 11 (vno[0] = 121200)
erasing segment 12 (vno[0] = 123129)
erasing segment 13 (vno[0] = 125202)
erasing segment 14 (vno[0] = 132124)
erasing segment 15 (vno[0] = 138503)
mri_label2vol --defects /out/sourcedata/freesurfer/sub-v1s10x0051128_ses-1/surf/lh.orig.nofix /out/sourcedata/freesurfer/sub-v1s10x0051128_ses-1/surf/lh.defect_labels /out/sourcedata/freesurfer/sub-v1s10x0051128_ses-1/mri/orig.mgz 1000 0 /out/sourcedata/freesurfer/sub-v1s10x0051128_ses-1/mri/lh.surface.defects.mgz /out/sourcedata/freesurfer/sub-v1s10x0051128_ses-1/label/lh.nofix.cortex.label
mri_label2vol supposed to be reproducible but seed not set
Contraining to label /out/sourcedata/freesurfer/sub-v1s10x0051128_ses-1/label/lh.nofix.cortex.label
Changing input type 0 to MRI_INT
Converting defects to volume: offset=1000, merge=0
Writing to /out/sourcedata/freesurfer/sub-v1s10x0051128_ses-1/mri/lh.surface.defects.mgz
mris_defects_pointset -s /out/sourcedata/freesurfer/sub-v1s10x0051128_ses-1/surf/lh.orig.nofix -d /out/sourcedata/freesurfer/sub-v1s10x0051128_ses-1/surf/lh.defect_labels -o /out/sourcedata/freesurfer/sub-v1s10x0051128_ses-1/surf/lh.defects.pointset --label /out/sourcedata/freesurfer/sub-v1s10x0051128_ses-1/label/lh.nofix.cortex.label
Reading in surface /out/sourcedata/freesurfer/sub-v1s10x0051128_ses-1/surf/lh.orig.nofix
Reading in defect segmentation /out/sourcedata/freesurfer/sub-v1s10x0051128_ses-1/surf/lh.defect_labels
Reading in label /out/sourcedata/freesurfer/sub-v1s10x0051128_ses-1/label/lh.nofix.cortex.label
#VMPC# mris_defects_pointset 1289308
mris_defects_pointset done
 
Started at Fri Mar 6 17:40:12 CET 2026 
Ended   at Fri Mar  6 17:40:30 CET 2026
Defect2seg-Run-Time-Sec 18
Defect2seg-Run-Time-Min 0.36
Defect2seg-Run-Time-Hours 0.00
 
tkmeditfv sub-v1s10x0051128_ses-1 brain.finalsurfs.mgz -defect
defect2seg Done

 mris_remesh --remesh --iters 3 --input /out/sourcedata/freesurfer/sub-v1s10x0051128_ses-1/surf/lh.orig.premesh --output /out/sourcedata/freesurfer/sub-v1s10x0051128_ses-1/surf/lh.orig 

iters = 3
standard remeshing without target
   adjusted l: 0.710863
remeshing to edge length 0.710863 with 3 iterations

avg qual before   : 0.890431  after: 0.971368

Removing intersections
Remeshed surface quality stats nv0 = 155900  nv = 162589  1.04291
Area    325174  0.30283  0.03360 0.079505   0.4762
Corner  975522 60.00000  8.77677 16.703008 146.3863
Edge    487761  0.84419  0.08212 0.476125   1.2509
Hinge   487761  9.42588 10.12774 0.000000 140.3556
mris_remesh done
/out/sourcedata/freesurfer/sub-v1s10x0051128_ses-1/scripts

 mris_remove_intersection ../surf/lh.orig ../surf/lh.orig 

intersection removal took 0.00 hours
writing corrected surface to ../surf/lh.orig

 rm -f ../surf/lh.inflated 

#--------------------------------------------
#@# AutoDetGWStats lh Fri Mar  6 17:41:09 CET 2026
cd /out/sourcedata/freesurfer/sub-v1s10x0051128_ses-1/mri
mris_autodet_gwstats --o ../surf/autodet.gw.stats.lh.dat --i brain.finalsurfs.mgz --wm wm.mgz --surf ../surf/lh.orig.premesh
7.3.2

cd /out/sourcedata/freesurfer/sub-v1s10x0051128_ses-1/mri
setenv SUBJECTS_DIR /out/sourcedata/freesurfer
mris_autodet_gwstats --o ../surf/autodet.gw.stats.lh.dat --i brain.finalsurfs.mgz --wm wm.mgz --surf ../surf/lh.orig.premesh 

border white:    288837 voxels (1.72%)
border gray      327154 voxels (1.95%)
Reading in intensity volume brain.finalsurfs.mgz
Reading in wm volume wm.mgz
Reading in surf ../surf/lh.orig.premesh
Auto detecting stats
MRIclipBrightWM(): nthresh=21652, wmmin=5, clip=110 
Binarizing thresholding at 5
computing class statistics... low=30, hi=110.000000
CCS WM (98.0): 98.0 +- 8.8 [70.0 --> 110.0]
CCS GM (69.0) : 69.3 +- 10.0 [30.0 --> 110.0]
white_mean = 97.985 +/- 8.75148, gray_mean = 69.334 +/- 9.95035
using class modes intead of means, discounting robust sigmas....
MRIScomputeClassModes(): min=0 max=194 nbins=195
intensity peaks found at WM=102+-5.2,    GM=64+-6.1
white_mode = 102, gray_mode = 64
std_scale = 1
Applying sanity checks, max_scale_down = 0.2
setting MIN_GRAY_AT_WHITE_BORDER to 54.0 (was 70.000000)
setting MAX_BORDER_WHITE to 110.8 (was 105.000000)
setting MIN_BORDER_WHITE to 64.0 (was 85.000000)
setting MAX_CSF to 44.1 (was 40.000000)
setting MAX_GRAY to 93.2 (was 95.000000)
setting MAX_GRAY_AT_CSF_BORDER to 54.0 (was 75.000000)
setting MIN_GRAY_AT_CSF_BORDER to 34.1 (was 40.000000)
When placing the white surface
  white_border_hi   = 110.751;
  white_border_low  = 64;
  white_outside_low = 54.0497;
  white_inside_hi   = 120;
  white_outside_hi  = 110.751;
When placing the pial surface
  pial_border_hi   = 54.0497;
  pial_border_low  = 34.149;
  pial_outside_low = 10;
  pial_inside_hi   = 93.2485;
  pial_outside_hi  = 49.0745;
#VMPC# mris_autodet_gwstats VmPeak  1415548
mris_autodet_gwstats done
#--------------------------------------------
#@# WhitePreAparc lh Fri Mar  6 17:41:12 CET 2026
cd /out/sourcedata/freesurfer/sub-v1s10x0051128_ses-1/mri
mris_place_surface --adgws-in ../surf/autodet.gw.stats.lh.dat --wm wm.mgz --threads 16 --invol brain.finalsurfs.mgz --lh --i ../surf/lh.orig --o ../surf/lh.white.preaparc --white --seg aseg.presurf.mgz --nsmooth 5
7.3.2
7.3.2

cd /out/sourcedata/freesurfer/sub-v1s10x0051128_ses-1/mri
setenv SUBJECTS_DIR /out/sourcedata/freesurfer
mris_place_surface --adgws-in ../surf/autodet.gw.stats.lh.dat --wm wm.mgz --threads 16 --invol brain.finalsurfs.mgz --lh --i ../surf/lh.orig --o ../surf/lh.white.preaparc --white --seg aseg.presurf.mgz --nsmooth 5 

Reading in input surface ../surf/lh.orig
Smoothing surface before ripping with 5 iterations
Area    325174  0.26753  0.06277 0.001152   0.5707
Corner  975522 60.00000  9.57406 8.868886 154.5255
Edge    487761  0.79001  0.11398 0.049992   1.3131
Hinge   487761  6.38534  6.47179 0.000004 128.6268
Not reading in aparc
Reading in input volume brain.finalsurfs.mgz
Reading in wm volume wm.mgz
MRIclipBrightWM(): nthresh=21652, wmmin=5, clip=110 
MRIfindBrightNonWM(): 1452 bright non-wm voxels segmented.
Masking bright non-wm for white surface
MRImask(): AllowDiffGeom = 1
MRImask(): AllowDiffGeom = 1
Reading in seg volume aseg.presurf.mgz
Ripping frozen voxels
INFO: rip surface needed but not specified, so using input surface
Freezing midline and others
Entering: MRISripMidline(): inhibiting deformation at non-cortical midline structures...
  which=1, fix_mtl=0, using annot = 0
#FML0# MRISripMidline(): nripped=0
removing 3 vertices from ripped group in thread:0
removing 2 vertices from ripped group in thread:0
removing 3 vertices from ripped group in thread:0
#FML# MRISripMidline(): nmarked=7311, nmarked2=139, nripped=7311
Ripping segs (eg, WMSA, BG, frozen)
Starting MRISripSegs() d = (-2 2 0.5) segnos: 247 
MRISripSegs(): -2 2 0.5 ripped 0
vertex 81295: xyz = (-4.32867,-4.0017,34.4299) oxyz = (-4.32867,-4.0017,34.4299) wxzy = (-4.32867,-4.0017,34.4299) pxyz = (0,0,0) 
CBVO Creating mask 162589
n_averages 4
Iteration 0 =========================================
n_averages=4, current_sigma=2
Freezing midline and others
Ripping frozen voxels
INFO: rip surface needed but not specified, so using input surface
Freezing midline and others
Entering: MRISripMidline(): inhibiting deformation at non-cortical midline structures...
  which=1, fix_mtl=0, using annot = 0
#FML0# MRISripMidline(): nripped=7311
removing 3 vertices from ripped group in thread:0
removing 2 vertices from ripped group in thread:0
removing 3 vertices from ripped group in thread:0
#FML# MRISripMidline(): nmarked=7311, nmarked2=139, nripped=7311
Ripping segs (eg, WMSA, BG, frozen)
Starting MRISripSegs() d = (-2 2 0.5) segnos: 247 247 
MRISripSegs(): -2 2 0.5 ripped 0
Computing target border values 
Entering MRIScomputeBorderValues_new(): 
  inside_hi   = 120.0000000;
  border_hi   = 110.7514800;
  border_low  =  64.0000000;
  outside_low =  54.0496520;
  outside_hi  = 110.7514800;
  sigma = 2;
  max_thickness = 10;
  step_size=0.5;
  STEP_SIZE=0.1;
  which = 1
  thresh = 0
  flags = 0
  CBVfindFirstPeakD1=0
  CBVfindFirstPeakD2=0
  nvertices=162589
  Gdiag_no=-1
  vno start=0, stop=162589
Replacing 255s with 0s
#SI# sigma=2 had to be increased for 136 vertices, nripped=7311
mean border=78.4, 59 (59) missing vertices, mean dist 0.3 [0.5 (%39.2)->0.7 (%60.8))]
%80 local maxima, %15 large gradients and % 0 min vals, 0 gradients ignored
nFirstPeakD1 0
MRIScomputeBorderValues_new() finished in 0.0177 min


Finding expansion regions
mean absolute distance = 0.65 +- 0.81
4793 vertices more than 2 sigmas from mean.
Averaging target values for 5 iterations...
Positioning Surface: tspring = 0.3, nspring = 0.3, spring = 0, niters = 100 l_repulse = 5, l_surf_repulse = 0, checktol = 0
Positioning pial surface
Entering MRISpositionSurface()
  max_mm = 0.3
  MAX_REDUCTIONS = 2, REDUCTION_PCT = 0.5
  parms->check_tol = 0, niterations = 100
tol=1.0e-04, sigma=2.0, host=dna00, nav=4, nbrs=2, l_repulse=5.000, l_tspring=0.300, l_nspring=0.300, l_intensity=0.200, l_curv=1.000
mom=0.00, dt=0.50
complete_dist_mat 0
rms 0
smooth_averages 0
remove_neg 0
ico_order 0
which_surface 0
target_radius 0.000000
nfields 0
scale 0.000000
desired_rms_height 0.000000
momentum 0.000000
nbhd_size 0
max_nbrs 0
niterations 100
nsurfaces 0
SURFACES 3
flags 0 (0)
use curv 0
no sulc 0
no rigid align 0
mris->nsize 2
mris->hemisphere 0
randomSeed 0

000: dt: 0.0000, sse=4243775.5, rms=11.442
001: dt: 0.5000, sse=2258521.8, rms=8.194 (28.388%)
002: dt: 0.5000, sse=1393451.5, rms=6.270 (23.482%)
003: dt: 0.5000, sse=975059.6, rms=5.082 (18.949%)
004: dt: 0.5000, sse=758471.1, rms=4.338 (14.631%)
005: dt: 0.5000, sse=650024.9, rms=3.909 (9.896%)
006: dt: 0.5000, sse=600809.0, rms=3.695 (5.488%)
007: dt: 0.5000, sse=577694.0, rms=3.587 (2.913%)
008: dt: 0.5000, sse=566911.0, rms=3.532 (1.528%)
rms = 3.4999/3.5321, sse=560663.6/566911.0, time step reduction 1 of 3 to 0.250  0 0 1
009: dt: 0.5000, sse=560663.6, rms=3.500 (0.914%)
010: dt: 0.2500, sse=302524.4, rms=1.954 (44.173%)
011: dt: 0.2500, sse=262062.7, rms=1.581 (19.103%)
012: dt: 0.2500, sse=251096.8, rms=1.463 (7.443%)
013: dt: 0.2500, sse=245691.6, rms=1.396 (4.598%)
rms = 1.3563/1.3957, sse=242747.3/245691.6, time step reduction 2 of 3 to 0.125  0 0 1
014: dt: 0.2500, sse=242747.3, rms=1.356 (2.824%)
015: dt: 0.1250, sse=237659.9, rms=1.297 (4.379%)
rms = 1.2864/1.2969, sse=237044.9/237659.9, time step reduction 3 of 3 to 0.062  0 0 1
016: dt: 0.1250, sse=237044.9, rms=1.286 (0.811%)
  maximum number of reductions reached, breaking from loop
positioning took 1.6 minutes
Iteration 1 =========================================
n_averages=2, current_sigma=1
Freezing midline and others
Ripping frozen voxels
INFO: rip surface needed but not specified, so using input surface
Freezing midline and others
Entering: MRISripMidline(): inhibiting deformation at non-cortical midline structures...
  which=1, fix_mtl=0, using annot = 0
#FML0# MRISripMidline(): nripped=7311
removing 4 vertices from ripped group in thread:0
removing 3 vertices from ripped group in thread:0
removing 3 vertices from ripped group in thread:0
#FML# MRISripMidline(): nmarked=7735, nmarked2=160, nripped=7735
Ripping segs (eg, WMSA, BG, frozen)
Starting MRISripSegs() d = (-2 2 0.5) segnos: 247 247 247 
MRISripSegs(): -2 2 0.5 ripped 0
Computing target border values 
Entering MRIScomputeBorderValues_new(): 
  inside_hi   = 120.0000000;
  border_hi   = 110.7514800;
  border_low  =  64.0000000;
  outside_low =  54.0496520;
  outside_hi  = 110.7514800;
  sigma = 1;
  max_thickness = 10;
  step_size=0.5;
  STEP_SIZE=0.1;
  which = 1
  thresh = 0
  flags = 0
  CBVfindFirstPeakD1=0
  CBVfindFirstPeakD2=0
  nvertices=162589
  Gdiag_no=-1
  vno start=0, stop=162589
Replacing 255s with 0s
#SI# sigma=1 had to be increased for 43 vertices, nripped=7735
mean border=81.2, 57 (6) missing vertices, mean dist -0.2 [0.3 (%72.4)->0.2 (%27.6))]
%85 local maxima, %10 large gradients and % 0 min vals, 0 gradients ignored
nFirstPeakD1 0
MRIScomputeBorderValues_new() finished in 0.0120 min


Finding expansion regions
mean absolute distance = 0.29 +- 0.51
2607 vertices more than 2 sigmas from mean.
Averaging target values for 5 iterations...
Positioning Surface: tspring = 0.3, nspring = 0.3, spring = 0, niters = 100 l_repulse = 5, l_surf_repulse = 0, checktol = 0
Positioning pial surface
Entering MRISpositionSurface()
  max_mm = 0.3
  MAX_REDUCTIONS = 2, REDUCTION_PCT = 0.5
  parms->check_tol = 0, niterations = 100
tol=1.0e-04, sigma=1.0, host=dna00, nav=2, nbrs=2, l_repulse=5.000, l_tspring=0.300, l_nspring=0.300, l_intensity=0.200, l_curv=1.000
mom=0.00, dt=0.50
000: dt: 0.0000, sse=938842.6, rms=4.744
017: dt: 0.5000, sse=523642.4, rms=3.020 (36.341%)
rms = 3.1637/3.0198, sse=553873.3/523642.4, time step reduction 1 of 3 to 0.250  0 1 1
   RMS increased, rejecting step
018: dt: 0.2500, sse=384472.4, rms=2.144 (28.994%)
019: dt: 0.2500, sse=313773.2, rms=1.513 (29.421%)
020: dt: 0.2500, sse=290192.9, rms=1.240 (18.045%)
021: dt: 0.2500, sse=285466.6, rms=1.134 (8.550%)
022: dt: 0.2500, sse=282751.7, rms=1.081 (4.704%)
rms = 1.0543/1.0809, sse=276494.7/282751.7, time step reduction 2 of 3 to 0.125  0 0 1
023: dt: 0.2500, sse=276494.7, rms=1.054 (2.455%)
rms = 1.0096/1.0543, sse=273650.5/276494.7, time step reduction 3 of 3 to 0.062  0 0 1
024: dt: 0.1250, sse=273650.5, rms=1.010 (4.241%)
  maximum number of reductions reached, breaking from loop
positioning took 0.8 minutes
Iteration 2 =========================================
n_averages=1, current_sigma=0.5
Freezing midline and others
Ripping frozen voxels
INFO: rip surface needed but not specified, so using input surface
Freezing midline and others
Entering: MRISripMidline(): inhibiting deformation at non-cortical midline structures...
  which=1, fix_mtl=0, using annot = 0
#FML0# MRISripMidline(): nripped=7735
removing 3 vertices from ripped group in thread:0
removing 2 vertices from ripped group in thread:0
removing 3 vertices from ripped group in thread:0
removing 3 vertices from ripped group in thread:0
removing 2 vertices from ripped group in thread:0
removing 3 vertices from ripped group in thread:0
#FML# MRISripMidline(): nmarked=7796, nmarked2=160, nripped=7796
Ripping segs (eg, WMSA, BG, frozen)
Starting MRISripSegs() d = (-2 2 0.5) segnos: 247 247 247 247 
MRISripSegs(): -2 2 0.5 ripped 0
Computing target border values 
Entering MRIScomputeBorderValues_new(): 
  inside_hi   = 120.0000000;
  border_hi   = 110.7514800;
  border_low  =  64.0000000;
  outside_low =  54.0496520;
  outside_hi  = 110.7514800;
  sigma = 0.5;
  max_thickness = 10;
  step_size=0.5;
  STEP_SIZE=0.1;
  which = 1
  thresh = 0
  flags = 0
  CBVfindFirstPeakD1=0
  CBVfindFirstPeakD2=0
  nvertices=162589
  Gdiag_no=-1
  vno start=0, stop=162589
Replacing 255s with 0s
#SI# sigma=0.5 had to be increased for 36 vertices, nripped=7796
mean border=83.1, 53 (3) missing vertices, mean dist -0.1 [0.2 (%68.7)->0.2 (%31.3))]
%89 local maxima, % 6 large gradients and % 0 min vals, 0 gradients ignored
nFirstPeakD1 0
MRIScomputeBorderValues_new() finished in 0.0069 min


Finding expansion regions
mean absolute distance = 0.22 +- 0.39
3327 vertices more than 2 sigmas from mean.
Averaging target values for 5 iterations...
Positioning Surface: tspring = 0.3, nspring = 0.3, spring = 0, niters = 100 l_repulse = 5, l_surf_repulse = 0, checktol = 0
Positioning pial surface
Entering MRISpositionSurface()
  max_mm = 0.3
  MAX_REDUCTIONS = 2, REDUCTION_PCT = 0.5
  parms->check_tol = 0, niterations = 100
tol=1.0e-04, sigma=0.5, host=dna00, nav=1, nbrs=2, l_repulse=5.000, l_tspring=0.300, l_nspring=0.300, l_intensity=0.200, l_curv=1.000
mom=0.00, dt=0.50
000: dt: 0.0000, sse=511262.5, rms=2.963
025: dt: 0.5000, sse=468972.2, rms=2.706 (8.684%)
rms = 2.9765/2.7061, sse=512636.0/468972.3, time step reduction 1 of 3 to 0.250  0 1 1
   RMS increased, rejecting step
026: dt: 0.2500, sse=329685.9, rms=1.693 (37.447%)
027: dt: 0.2500, sse=283309.1, rms=1.183 (30.107%)
028: dt: 0.2500, sse=272131.9, rms=1.018 (13.976%)
rms = 0.9814/1.0178, sse=269036.3/272131.9, time step reduction 2 of 3 to 0.125  0 0 1
029: dt: 0.2500, sse=269036.3, rms=0.981 (3.569%)
030: dt: 0.1250, sse=264221.4, rms=0.902 (8.111%)
rms = 0.8946/0.9018, sse=263491.3/264221.4, time step reduction 3 of 3 to 0.062  0 0 1
031: dt: 0.1250, sse=263491.3, rms=0.895 (0.804%)
  maximum number of reductions reached, breaking from loop
positioning took 0.6 minutes
Iteration 3 =========================================
n_averages=0, current_sigma=0.25
Freezing midline and others
Ripping frozen voxels
INFO: rip surface needed but not specified, so using input surface
Freezing midline and others
Entering: MRISripMidline(): inhibiting deformation at non-cortical midline structures...
  which=1, fix_mtl=0, using annot = 0
#FML0# MRISripMidline(): nripped=7796
removing 3 vertices from ripped group in thread:0
removing 2 vertices from ripped group in thread:0
removing 3 vertices from ripped group in thread:0
removing 3 vertices from ripped group in thread:0
removing 2 vertices from ripped group in thread:0
removing 3 vertices from ripped group in thread:0
removing 3 vertices from ripped group in thread:0
#FML# MRISripMidline(): nmarked=7879, nmarked2=160, nripped=7879
Ripping segs (eg, WMSA, BG, frozen)
Starting MRISripSegs() d = (-2 2 0.5) segnos: 247 247 247 247 247 
MRISripSegs(): -2 2 0.5 ripped 0
Computing target border values 
Entering MRIScomputeBorderValues_new(): 
  inside_hi   = 120.0000000;
  border_hi   = 110.7514800;
  border_low  =  64.0000000;
  outside_low =  54.0496520;
  outside_hi  = 110.7514800;
  sigma = 0.25;
  max_thickness = 10;
  step_size=0.5;
  STEP_SIZE=0.1;
  which = 1
  thresh = 0
  flags = 0
  CBVfindFirstPeakD1=0
  CBVfindFirstPeakD2=0
  nvertices=162589
  Gdiag_no=-1
  vno start=0, stop=162589
Replacing 255s with 0s
#SI# sigma=0.25 had to be increased for 45 vertices, nripped=7879
mean border=83.8, 68 (1) missing vertices, mean dist -0.0 [0.2 (%56.0)->0.2 (%44.0))]
%91 local maxima, % 5 large gradients and % 0 min vals, 0 gradients ignored
nFirstPeakD1 0
MRIScomputeBorderValues_new() finished in 0.0044 min


Finding expansion regions
mean absolute distance = 0.20 +- 0.31
3817 vertices more than 2 sigmas from mean.
Averaging target values for 5 iterations...
Positioning Surface: tspring = 0.3, nspring = 0.3, spring = 0, niters = 100 l_repulse = 5, l_surf_repulse = 0, checktol = 0
Positioning pial surface
Entering MRISpositionSurface()
  max_mm = 0.3
  MAX_REDUCTIONS = 2, REDUCTION_PCT = 0.5
  parms->check_tol = 0, niterations = 100
tol=1.0e-04, sigma=0.2, host=dna00, nav=0, nbrs=2, l_repulse=5.000, l_tspring=0.300, l_nspring=0.300, l_intensity=0.200, l_curv=1.000
mom=0.00, dt=0.50
000: dt: 0.0000, sse=298647.7, rms=1.426
rms = 1.6608/1.4264, sse=323843.8/298647.7, time step reduction 1 of 3 to 0.250  0 1 1
   RMS increased, rejecting step
032: dt: 0.2500, sse=264729.7, rms=0.967 (32.200%)
033: dt: 0.2500, sse=251900.0, rms=0.707 (26.864%)
rms = 0.6971/0.7073, sse=250938.4/251900.0, time step reduction 2 of 3 to 0.125  0 0 1
034: dt: 0.2500, sse=250938.4, rms=0.697 (1.441%)
rms = 0.6860/0.6971, sse=250275.3/250938.4, time step reduction 3 of 3 to 0.062  0 0 1
035: dt: 0.1250, sse=250275.3, rms=0.686 (1.588%)
  maximum number of reductions reached, breaking from loop
positioning took 0.4 minutes


Writing output to ../surf/lh.white.preaparc
#ET# mris_place_surface  3.62 minutes
#VMPC# mris_place_surfaces VmPeak  3393008
mris_place_surface done
#--------------------------------------------
#@# CortexLabel lh Fri Mar  6 17:44:56 CET 2026
cd /out/sourcedata/freesurfer/sub-v1s10x0051128_ses-1/mri
mri_label2label --label-cortex ../surf/lh.white.preaparc aseg.presurf.mgz 0 ../label/lh.cortex.label

 Generating cortex label... RemoveHipAmgy=0
 NucAccIsMedialWall=0
 mris->useRealRAS=0
5 non-cortical segments detected
only using segment with 9478 vertices
erasing segment 0 (vno[0] = 32955)
erasing segment 2 (vno[0] = 100803)
erasing segment 3 (vno[0] = 103578)
erasing segment 4 (vno[0] = 111331)
#--------------------------------------------
#@# CortexLabel+HipAmyg lh Fri Mar  6 17:45:13 CET 2026
cd /out/sourcedata/freesurfer/sub-v1s10x0051128_ses-1/mri
mri_label2label --label-cortex ../surf/lh.white.preaparc aseg.presurf.mgz 1 ../label/lh.cortex+hipamyg.label

 Generating cortex label... RemoveHipAmgy=1
 NucAccIsMedialWall=0
 mris->useRealRAS=0
9 non-cortical segments detected
only using segment with 6882 vertices
erasing segment 0 (vno[0] = 32955)
erasing segment 2 (vno[0] = 59625)
erasing segment 3 (vno[0] = 65030)
erasing segment 4 (vno[0] = 79039)
erasing segment 5 (vno[0] = 99878)
erasing segment 6 (vno[0] = 100803)
erasing segment 7 (vno[0] = 103578)
erasing segment 8 (vno[0] = 111331)
#--------------------------------------------
#@# Smooth2 lh Fri Mar  6 17:45:31 CET 2026
/out/sourcedata/freesurfer/sub-v1s10x0051128_ses-1/scripts

 mris_smooth -n 3 -nw -seed 1234 ../surf/lh.white.preaparc ../surf/lh.smoothwm 

smoothing for 3 iterations
setting seed for random number generator to 1234
smoothing surface tessellation for 3 iterations...
smoothing complete - recomputing first and second fundamental forms...
#--------------------------------------------
#@# Inflation2 lh Fri Mar  6 17:45:34 CET 2026
/out/sourcedata/freesurfer/sub-v1s10x0051128_ses-1/scripts

 mris_inflate ../surf/lh.smoothwm ../surf/lh.inflated 

Reading ../surf/lh.smoothwm
avg radius = 49.4 mm, total surface area = 100920 mm^2
step 000: RMS=0.169 (target=0.015)   step 005: RMS=0.114 (target=0.015)   step 010: RMS=0.084 (target=0.015)   step 015: RMS=0.070 (target=0.015)   step 020: RMS=0.058 (target=0.015)   step 025: RMS=0.048 (target=0.015)   step 030: RMS=0.040 (target=0.015)   step 035: RMS=0.033 (target=0.015)   step 040: RMS=0.028 (target=0.015)   step 045: RMS=0.024 (target=0.015)   step 050: RMS=0.021 (target=0.015)   step 055: RMS=0.019 (target=0.015)   step 060: RMS=0.018 (target=0.015)   writing inflated surface to ../surf/lh.inflated
writing sulcal depths to ../surf/lh.sulc

inflation complete.
inflation took 0.2 minutes
mris_inflate utimesec    68.156506
mris_inflate stimesec    0.642523
mris_inflate ru_maxrss   249048
mris_inflate ru_ixrss    0
mris_inflate ru_idrss    0
mris_inflate ru_isrss    0
mris_inflate ru_minflt   153313
mris_inflate ru_majflt   9
mris_inflate ru_nswap    0
mris_inflate ru_inblock  130
mris_inflate ru_oublock  12712
mris_inflate ru_msgsnd   0
mris_inflate ru_msgrcv   0
mris_inflate ru_nsignals 0
mris_inflate ru_nvcsw    7098
mris_inflate ru_nivcsw   287
#--------------------------------------------
#@# Curv .H and .K lh Fri Mar  6 17:45:48 CET 2026
/out/sourcedata/freesurfer/sub-v1s10x0051128_ses-1/surf

 mris_curvature -w -seed 1234 lh.white.preaparc 

setting seed for random number generator to 1234
total integrated curvature = 17.551*4pi (220.547) --> -17 handles
ICI = 157.6, FI = 1672.2, variation=25996.139
writing Gaussian curvature to ./lh.white.preaparc.K...done.
writing mean curvature to ./lh.white.preaparc.H...done.
rm -f lh.white.H
ln -s lh.white.preaparc.H lh.white.H
rm -f lh.white.K
ln -s lh.white.preaparc.K lh.white.K

 mris_curvature -seed 1234 -thresh .999 -n -a 5 -w -distances 10 10 lh.inflated 

setting seed for random number generator to 1234
normalizing curvature values.
averaging curvature patterns 5 times.
sampling 10 neighbors out to a distance of 10 mm
257 vertices thresholded to be in k1 ~ [-0.15 0.79], k2 ~ [-0.09 0.04]
total integrated curvature = 0.676*4pi (8.499) --> 0 handles
ICI = 1.7, FI = 11.1, variation=186.772
129 vertices thresholded to be in [-0.01 0.01]
writing Gaussian curvature to ./lh.inflated.K...thresholding curvature at 99.90% level
curvature mean = 0.000, std = 0.001
168 vertices thresholded to be in [-0.11 0.30]
done.
writing mean curvature to ./lh.inflated.H...curvature mean = -0.014, std = 0.023
done.
#--------------------------------------------
#@# Sphere lh Fri Mar  6 17:46:45 CET 2026
/out/sourcedata/freesurfer/sub-v1s10x0051128_ses-1/scripts

 mris_sphere -seed 1234 ../surf/lh.inflated ../surf/lh.sphere 

setting seed for random number genererator to 1234
version: 7.3.2
available threads: 16
reading original vertex positions...
projecting onto sphere...
surface projected - minimizing metric distortion...
scaling brain by 0.270...
MRISunfold() max_passes = 1 -------
tol=5.0e-01, sigma=0.0, host=dna00, nav=1024, nbrs=2, l_area=1.000, l_dist=1.000
using quadratic fit line minimization
complete_dist_mat 0
rms 0
smooth_averages 0
remove_neg 0
ico_order 0
which_surface 0
target_radius 0.000000
nfields 0
scale 1.000000
desired_rms_height -1.000000
momentum 0.900000
nbhd_size 7
max_nbrs 8
niterations 25
nsurfaces 0
SURFACES 3
flags 0 (0)
use curv 0
no sulc 0
no rigid align 0
mris->nsize 2
mris->hemisphere 0
randomSeed 1234

singular matrix in quadratic form
singular matrix in quadratic form
singular matrix in quadratic form
singular matrix in quadratic form
--------------------
  mrisRemoveNegativeArea()
pass 1: epoch 1 of 3 starting distance error %20.49
pass 1: epoch 2 of 3 starting distance error %20.49
unfolding complete - removing small folds...
starting distance error %20.42
removing remaining folds...
final distance error %20.42
MRISunfold() return, current seed 1234
-01: dt=0.0000, 106 negative triangles  VmPeak 1717252
107: dt=0.9900, 106 negative triangles
108: dt=0.9900,  33 negative triangles
109: dt=0.9900,  21 negative triangles
110: dt=0.9900,  22 negative triangles
111: dt=0.9900,  17 negative triangles
112: dt=0.9900,  17 negative triangles
113: dt=0.9900,  13 negative triangles
114: dt=0.9900,  12 negative triangles
115: dt=0.9900,  10 negative triangles
116: dt=0.9900,   5 negative triangles
117: dt=0.9900,   3 negative triangles
118: dt=0.9900,   2 negative triangles
119: dt=0.9900,   3 negative triangles
120: dt=0.9900,   1 negative triangles
121: dt=0.9900,   2 negative triangles
122: dt=0.9900,   1 negative triangles
writing spherical brain to ../surf/lh.sphere
spherical transformation took 0.0417 hours
FSRUNTIME@ mris_sphere  0.0417 hours 16 threads
#VMPC# mris_sphere VmPeak  1717252
mris_sphere done
#--------------------------------------------
#@# Surf Reg lh Fri Mar  6 17:49:15 CET 2026
/out/sourcedata/freesurfer/sub-v1s10x0051128_ses-1/scripts

 mris_register -curv ../surf/lh.sphere /opt/freesurfer/average/lh.folding.atlas.acfb40.noaparc.i12.2016-08-02.tif ../surf/lh.sphere.reg 

using smoothwm curvature for final alignment

cwd /out/sourcedata/freesurfer/sub-v1s10x0051128_ses-1/scripts
cmdline mris_register -curv ../surf/lh.sphere /opt/freesurfer/average/lh.folding.atlas.acfb40.noaparc.i12.2016-08-02.tif ../surf/lh.sphere.reg 

0 inflated.H
1 sulc
2 smoothwm (computed)
7.3.2
  7.3.2
reading surface from ../surf/lh.sphere...
reading template parameterization from /opt/freesurfer/average/lh.folding.atlas.acfb40.noaparc.i12.2016-08-02.tif...
MRISregister() -------
max_passes = 4 
min_degrees = 0.500000 
max_degrees = 64.000000 
nangles = 8 
tol=5.0e-01, sigma=0.0, host=dna00, nav=1024, nbrs=1, l_extern=10000.000, l_parea=0.200, l_nlarea=1.000, l_corr=1.000, l_dist=5.000
using quadratic fit line minimization
complete_dist_mat 0
rms 0
smooth_averages 0
remove_neg 0
ico_order 0
which_surface 0
target_radius 0.000000
nfields 0
scale 0.000000
desired_rms_height -1.000000
momentum 0.950000
nbhd_size -10
max_nbrs 10
niterations 25
nsurfaces 0
SURFACES 3
flags 16 (10)
use curv 16
no sulc 0
no rigid align 0
mris->nsize 1
mris->hemisphere 0
randomSeed 0

tol=5.0e-01, sigma=0.0, host=dna00, nav=1024, nbrs=1, l_extern=10000.000, l_parea=0.200, l_nlarea=1.000, l_corr=1.000, l_dist=5.000
using quadratic fit line minimization
--------------------
1 Reading lh.sulc
tol=1.0e+00, sigma=0.5, host=dna00, nav=1024, nbrs=1, l_extern=10000.000, l_parea=0.200, l_nlarea=1.000, l_corr=0.050, l_spring=0.500, l_dist=5.000
using quadratic fit line minimization
curvature mean = 0.000, std = 5.734
curvature mean = 0.034, std = 0.819
curvature mean = 0.007, std = 0.848
Starting MRISrigidBodyAlignGlobal()
Starting new MRISrigidBodyAlignGlobal_findMinSSE()
  new MRISrigidBodyAlignGlobal_findMinSSE min @ (4.50, -5.50, -10.00) sse = 287736.4, elapsed since starting=0.1341 min
MRISrigidBodyAlignGlobal() done   0.13 min
curvature mean = 0.024, std = 0.831
curvature mean = 0.004, std = 0.941
curvature mean = 0.022, std = 0.837
curvature mean = 0.002, std = 0.976
curvature mean = 0.021, std = 0.839
curvature mean = 0.000, std = 0.990
2 Reading smoothwm
curvature mean = -0.015, std = 0.266
curvature mean = 0.048, std = 0.248
curvature mean = 0.048, std = 0.344
curvature mean = 0.044, std = 0.305
curvature mean = 0.031, std = 0.545
curvature mean = 0.044, std = 0.332
curvature mean = 0.018, std = 0.690
curvature mean = 0.043, std = 0.344
curvature mean = 0.006, std = 0.800
MRISregister() return, current seed 0
-01: dt=0.0000,   2 negative triangles  VmPeak 1635432
114: dt=0.9900,   2 negative triangles
115: dt=0.9900,   1 negative triangles
writing registered surface to ../surf/lh.sphere.reg...
registration took 0.07 hours
#VMPC# mris_register VmPeak  1635432
FSRUNTIME@ mris_register  0.0711 hours 16 threads

 ln -sf lh.sphere.reg lh.fsaverage.sphere.reg 

#--------------------------------------------
#@# Jacobian white lh Fri Mar  6 17:53:31 CET 2026
/out/sourcedata/freesurfer/sub-v1s10x0051128_ses-1/scripts

 mris_jacobian ../surf/lh.white.preaparc ../surf/lh.sphere.reg ../surf/lh.jacobian_white 

reading surface from ../surf/lh.white.preaparc...
writing curvature file ../surf/lh.jacobian_white
#--------------------------------------------
#@# AvgCurv lh Fri Mar  6 17:53:32 CET 2026
/out/sourcedata/freesurfer/sub-v1s10x0051128_ses-1/scripts

 mrisp_paint -a 5 /opt/freesurfer/average/lh.folding.atlas.acfb40.noaparc.i12.2016-08-02.tif#6 ../surf/lh.sphere.reg ../surf/lh.avg_curv 

averaging curvature patterns 5 times...
reading surface from ../surf/lh.sphere.reg...
reading template parameterization from /opt/freesurfer/average/lh.folding.atlas.acfb40.noaparc.i12.2016-08-02.tif...
writing curvature file to ../surf/lh.avg_curv...
#-----------------------------------------
#@# Cortical Parc lh Fri Mar  6 17:53:33 CET 2026
/out/sourcedata/freesurfer/sub-v1s10x0051128_ses-1/scripts

 mris_ca_label -l ../label/lh.cortex.label -aseg ../mri/aseg.presurf.mgz -seed 1234 sub-v1s10x0051128_ses-1 lh ../surf/lh.sphere.reg /opt/freesurfer/average/lh.DKaparc.atlas.acfb40.noaparc.i12.2016-08-02.gcs ../label/lh.aparc.annot 

setting seed for random number generator to 1234
using ../mri/aseg.presurf.mgz aseg volume to correct midline
7.3.2
  7.3.2
reading atlas from /opt/freesurfer/average/lh.DKaparc.atlas.acfb40.noaparc.i12.2016-08-02.gcs...
reading color table from GCSA file....
average std = 0.8   using min determinant for regularization = 0.006
0 singular and 342 ill-conditioned covariance matrices regularized
input 0: MEAN CURVATURE, flags 0, avgs 5, name mean_curvature
labeling surface...
1193 labels changed using aseg
relabeling using gibbs priors...
000:   3601 changed, 162589 examined...
001:    888 changed, 14994 examined...
002:    193 changed, 4978 examined...
003:     62 changed, 1196 examined...
004:     32 changed, 384 examined...
005:     21 changed, 188 examined...
006:      5 changed, 122 examined...
007:      3 changed, 32 examined...
008:      0 changed, 17 examined...
235 labels changed using aseg
000: 105 total segments, 55 labels (130 vertices) changed
001: 50 total segments, 0 labels (0 vertices) changed
10 filter iterations complete (10 requested, 8 changed)
rationalizing unknown annotations with cortex label
relabeling unknown label...
relabeling corpuscallosum label...
1891 vertices marked for relabeling...
1891 labels changed in reclassification.
writing output to ../label/lh.aparc.annot...
classification took 0 minutes and 11 seconds.
#--------------------------------------------
#@# WhiteSurfs lh Fri Mar  6 17:53:43 CET 2026
cd /out/sourcedata/freesurfer/sub-v1s10x0051128_ses-1/mri
mris_place_surface --adgws-in ../surf/autodet.gw.stats.lh.dat --seg aseg.presurf.mgz --threads 16 --wm wm.mgz --invol brain.finalsurfs.mgz --lh --i ../surf/lh.white.preaparc --o ../surf/lh.white --white --nsmooth 0 --rip-label ../label/lh.cortex.label --rip-bg --rip-surf ../surf/lh.white.preaparc --aparc ../label/lh.aparc.annot
7.3.2
7.3.2

cd /out/sourcedata/freesurfer/sub-v1s10x0051128_ses-1/mri
setenv SUBJECTS_DIR /out/sourcedata/freesurfer
mris_place_surface --adgws-in ../surf/autodet.gw.stats.lh.dat --seg aseg.presurf.mgz --threads 16 --wm wm.mgz --invol brain.finalsurfs.mgz --lh --i ../surf/lh.white.preaparc --o ../surf/lh.white --white --nsmooth 0 --rip-label ../label/lh.cortex.label --rip-bg --rip-surf ../surf/lh.white.preaparc --aparc ../label/lh.aparc.annot 

Reading in input surface ../surf/lh.white.preaparc
Not smoothing input surface
Area    325174  0.33934  0.11645 0.001152   2.7512
Corner  975522 60.00000 13.30447 0.758691 177.1311
Edge    487761  0.89505  0.19308 0.008468   4.0494
Hinge   487761  9.28862 10.19282 0.000035 179.8177
Reading in aparc ../label/lh.aparc.annot
Reading in input volume brain.finalsurfs.mgz
Reading in wm volume wm.mgz
MRIclipBrightWM(): nthresh=21652, wmmin=5, clip=110 
MRIfindBrightNonWM(): 1452 bright non-wm voxels segmented.
Masking bright non-wm for white surface
MRImask(): AllowDiffGeom = 1
MRImask(): AllowDiffGeom = 1
Reading in seg volume aseg.presurf.mgz
Ripping frozen voxels
Ripping vertices not in label ../label/lh.cortex.label
MRISripNotLabel() ripped 9791/162589 vertices (152798 unripped)
Reading in ripping surface ../surf/lh.white.preaparc
Reading in aparc ../label/lh.aparc.annot for ripsurf
Ripping BG
MRISripBasalGanglia(): 1 -2 2 0.5 ripped 532
Ripping segs (eg, WMSA, BG, frozen)
Starting MRISripSegs() d = (-2 2 0.5) segnos: 247 
MRISripSegs(): -2 2 0.5 ripped 0
vertex 81295: xyz = (-4.19119,-3.87434,34.2159) oxyz = (-4.19119,-3.87434,34.2159) wxzy = (-4.19119,-3.87434,34.2159) pxyz = (0,0,0) 
CBVO Creating mask 162589
n_averages 4
Iteration 0 =========================================
n_averages=4, current_sigma=2
Computing target border values 
Entering MRIScomputeBorderValues_new(): 
  inside_hi   = 120.0000000;
  border_hi   = 110.7514800;
  border_low  =  64.0000000;
  outside_low =  54.0496520;
  outside_hi  = 110.7514800;
  sigma = 2;
  max_thickness = 10;
  step_size=0.5;
  STEP_SIZE=0.1;
  which = 1
  thresh = 0
  flags = 0
  CBVfindFirstPeakD1=0
  CBVfindFirstPeakD2=0
  nvertices=162589
  Gdiag_no=-1
  vno start=0, stop=162589
Replacing 255s with 0s
#SI# sigma=2 had to be increased for 73 vertices, nripped=10323
mean border=77.7, 36 (36) missing vertices, mean dist 0.3 [0.6 (%17.4)->0.5 (%82.6))]
%75 local maxima, %18 large gradients and % 0 min vals, 0 gradients ignored
nFirstPeakD1 0
MRIScomputeBorderValues_new() finished in 0.0163 min


Finding expansion regions
mean absolute distance = 0.52 +- 0.79
2447 vertices more than 2 sigmas from mean.
Averaging target values for 5 iterations...
Positioning Surface: tspring = 0.3, nspring = 0.3, spring = 0, niters = 100 l_repulse = 5, l_surf_repulse = 0, checktol = 0
Positioning pial surface
Entering MRISpositionSurface()
  max_mm = 0.3
  MAX_REDUCTIONS = 2, REDUCTION_PCT = 0.5
  parms->check_tol = 0, niterations = 100
tol=1.0e-04, sigma=2.0, host=dna00, nav=4, nbrs=2, l_repulse=5.000, l_tspring=0.300, l_nspring=0.300, l_intensity=0.200, l_curv=1.000
mom=0.00, dt=0.50
complete_dist_mat 0
rms 0
smooth_averages 0
remove_neg 0
ico_order 0
which_surface 0
target_radius 0.000000
nfields 0
scale 0.000000
desired_rms_height 0.000000
momentum 0.000000
nbhd_size 0
max_nbrs 0
niterations 100
nsurfaces 0
SURFACES 3
flags 0 (0)
use curv 0
no sulc 0
no rigid align 0
mris->nsize 2
mris->hemisphere 0
randomSeed 0

000: dt: 0.0000, sse=2251698.5, rms=8.149
001: dt: 0.5000, sse=886057.8, rms=4.649 (42.948%)
002: dt: 0.5000, sse=603118.1, rms=3.509 (24.522%)
003: dt: 0.5000, sse=553562.8, rms=3.267 (6.902%)
004: dt: 0.5000, sse=527810.5, rms=3.131 (4.168%)
rms = 3.2252/3.1306, sse=546680.5/527810.5, time step reduction 1 of 3 to 0.250  0 1 1
   RMS increased, rejecting step
005: dt: 0.2500, sse=358513.0, rms=2.044 (34.695%)
006: dt: 0.2500, sse=300819.2, rms=1.501 (26.565%)
007: dt: 0.2500, sse=289733.9, rms=1.371 (8.656%)
rms = 1.3607/1.3714, sse=289293.6/289733.9, time step reduction 2 of 3 to 0.125  0 0 1
008: dt: 0.2500, sse=289293.7, rms=1.361 (0.781%)
rms = 1.3233/1.3607, sse=286372.2/289293.6, time step reduction 3 of 3 to 0.062  0 0 1
009: dt: 0.1250, sse=286372.2, rms=1.323 (2.749%)
  maximum number of reductions reached, breaking from loop
positioning took 1.0 minutes
Iteration 1 =========================================
n_averages=2, current_sigma=1
Computing target border values 
Entering MRIScomputeBorderValues_new(): 
  inside_hi   = 120.0000000;
  border_hi   = 110.7514800;
  border_low  =  64.0000000;
  outside_low =  54.0496520;
  outside_hi  = 110.7514800;
  sigma = 1;
  max_thickness = 10;
  step_size=0.5;
  STEP_SIZE=0.1;
  which = 1
  thresh = 0
  flags = 0
  CBVfindFirstPeakD1=0
  CBVfindFirstPeakD2=0
  nvertices=162589
  Gdiag_no=-1
  vno start=0, stop=162589
Replacing 255s with 0s
#SI# sigma=1 had to be increased for 48 vertices, nripped=10323
mean border=80.8, 29 (10) missing vertices, mean dist -0.2 [0.3 (%74.1)->0.2 (%25.9))]
%83 local maxima, %10 large gradients and % 0 min vals, 0 gradients ignored
nFirstPeakD1 0
MRIScomputeBorderValues_new() finished in 0.0120 min


Finding expansion regions
mean absolute distance = 0.30 +- 0.54
2160 vertices more than 2 sigmas from mean.
Averaging target values for 5 iterations...
Positioning Surface: tspring = 0.3, nspring = 0.3, spring = 0, niters = 100 l_repulse = 5, l_surf_repulse = 0, checktol = 0
Positioning pial surface
Entering MRISpositionSurface()
  max_mm = 0.3
  MAX_REDUCTIONS = 2, REDUCTION_PCT = 0.5
  parms->check_tol = 0, niterations = 100
tol=1.0e-04, sigma=1.0, host=dna00, nav=2, nbrs=2, l_repulse=5.000, l_tspring=0.300, l_nspring=0.300, l_intensity=0.200, l_curv=1.000
mom=0.00, dt=0.50
000: dt: 0.0000, sse=959437.4, rms=4.835
010: dt: 0.5000, sse=528488.6, rms=3.037 (37.176%)
rms = 3.1153/3.0374, sse=541204.4/528488.5, time step reduction 1 of 3 to 0.250  0 1 1
   RMS increased, rejecting step
011: dt: 0.2500, sse=395626.9, rms=2.208 (27.320%)
012: dt: 0.2500, sse=322385.2, rms=1.574 (28.695%)
013: dt: 0.2500, sse=296964.2, rms=1.281 (18.595%)
014: dt: 0.2500, sse=288342.5, rms=1.164 (9.141%)
015: dt: 0.2500, sse=284684.7, rms=1.110 (4.654%)
rms = 1.0846/1.1101, sse=282884.7/284684.7, time step reduction 2 of 3 to 0.125  0 0 1
016: dt: 0.2500, sse=282884.7, rms=1.085 (2.298%)
rms = 1.0475/1.0846, sse=280478.1/282884.7, time step reduction 3 of 3 to 0.062  0 0 1
017: dt: 0.1250, sse=280478.1, rms=1.047 (3.421%)
  maximum number of reductions reached, breaking from loop
positioning took 0.9 minutes
Iteration 2 =========================================
n_averages=1, current_sigma=0.5
Computing target border values 
Entering MRIScomputeBorderValues_new(): 
  inside_hi   = 120.0000000;
  border_hi   = 110.7514800;
  border_low  =  64.0000000;
  outside_low =  54.0496520;
  outside_hi  = 110.7514800;
  sigma = 0.5;
  max_thickness = 10;
  step_size=0.5;
  STEP_SIZE=0.1;
  which = 1
  thresh = 0
  flags = 0
  CBVfindFirstPeakD1=0
  CBVfindFirstPeakD2=0
  nvertices=162589
  Gdiag_no=-1
  vno start=0, stop=162589
Replacing 255s with 0s
#SI# sigma=0.5 had to be increased for 45 vertices, nripped=10323
mean border=82.9, 52 (8) missing vertices, mean dist -0.1 [0.2 (%69.5)->0.2 (%30.5))]
%87 local maxima, % 6 large gradients and % 0 min vals, 0 gradients ignored
nFirstPeakD1 0
MRIScomputeBorderValues_new() finished in 0.0070 min


Finding expansion regions
mean absolute distance = 0.23 +- 0.40
3442 vertices more than 2 sigmas from mean.
Averaging target values for 5 iterations...
Positioning Surface: tspring = 0.3, nspring = 0.3, spring = 0, niters = 100 l_repulse = 5, l_surf_repulse = 0, checktol = 0
Positioning pial surface
Entering MRISpositionSurface()
  max_mm = 0.3
  MAX_REDUCTIONS = 2, REDUCTION_PCT = 0.5
  parms->check_tol = 0, niterations = 100
tol=1.0e-04, sigma=0.5, host=dna00, nav=1, nbrs=2, l_repulse=5.000, l_tspring=0.300, l_nspring=0.300, l_intensity=0.200, l_curv=1.000
mom=0.00, dt=0.50
000: dt: 0.0000, sse=526680.7, rms=3.066
018: dt: 0.5000, sse=473469.6, rms=2.734 (10.849%)
rms = 2.9590/2.7335, sse=507350.3/473469.6, time step reduction 1 of 3 to 0.250  0 1 1
   RMS increased, rejecting step
019: dt: 0.2500, sse=336485.6, rms=1.744 (36.209%)
020: dt: 0.2500, sse=288839.1, rms=1.235 (29.185%)
021: dt: 0.2500, sse=276939.2, rms=1.068 (13.474%)
rms = 1.0214/1.0684, sse=273861.1/276939.2, time step reduction 2 of 3 to 0.125  0 0 1
022: dt: 0.2500, sse=273861.2, rms=1.021 (4.405%)
023: dt: 0.1250, sse=270145.9, rms=0.958 (6.219%)
rms = 0.9490/0.9579, sse=269274.7/270145.9, time step reduction 3 of 3 to 0.062  0 0 1
024: dt: 0.1250, sse=269274.7, rms=0.949 (0.928%)
  maximum number of reductions reached, breaking from loop
positioning took 0.7 minutes
Iteration 3 =========================================
n_averages=0, current_sigma=0.25
Computing target border values 
Entering MRIScomputeBorderValues_new(): 
  inside_hi   = 120.0000000;
  border_hi   = 110.7514800;
  border_low  =  64.0000000;
  outside_low =  54.0496520;
  outside_hi  = 110.7514800;
  sigma = 0.25;
  max_thickness = 10;
  step_size=0.5;
  STEP_SIZE=0.1;
  which = 1
  thresh = 0
  flags = 0
  CBVfindFirstPeakD1=0
  CBVfindFirstPeakD2=0
  nvertices=162589
  Gdiag_no=-1
  vno start=0, stop=162589
Replacing 255s with 0s
#SI# sigma=0.25 had to be increased for 35 vertices, nripped=10323
mean border=83.6, 83 (7) missing vertices, mean dist -0.0 [0.2 (%56.3)->0.2 (%43.7))]
%89 local maxima, % 4 large gradients and % 0 min vals, 0 gradients ignored
nFirstPeakD1 0
MRIScomputeBorderValues_new() finished in 0.0044 min


Finding expansion regions
mean absolute distance = 0.20 +- 0.32
3829 vertices more than 2 sigmas from mean.
Averaging target values for 5 iterations...
Positioning Surface: tspring = 0.3, nspring = 0.3, spring = 0, niters = 100 l_repulse = 5, l_surf_repulse = 0, checktol = 0
Positioning pial surface
Entering MRISpositionSurface()
  max_mm = 0.3
  MAX_REDUCTIONS = 2, REDUCTION_PCT = 0.5
  parms->check_tol = 0, niterations = 100
tol=1.0e-04, sigma=0.2, host=dna00, nav=0, nbrs=2, l_repulse=5.000, l_tspring=0.300, l_nspring=0.300, l_intensity=0.200, l_curv=1.000
mom=0.00, dt=0.50
000: dt: 0.0000, sse=304619.8, rms=1.477
rms = 1.6689/1.4772, sse=332830.0/304619.7, time step reduction 1 of 3 to 0.250  0 1 1
   RMS increased, rejecting step
025: dt: 0.2500, sse=271587.5, rms=1.032 (30.141%)
026: dt: 0.2500, sse=259808.4, rms=0.775 (24.861%)
rms = 0.7608/0.7754, sse=258493.3/259808.4, time step reduction 2 of 3 to 0.125  0 0 1
027: dt: 0.2500, sse=258493.3, rms=0.761 (1.886%)
rms = 0.7522/0.7608, sse=257775.5/258493.3, time step reduction 3 of 3 to 0.062  0 0 1
028: dt: 0.1250, sse=257775.5, rms=0.752 (1.127%)
  maximum number of reductions reached, breaking from loop
positioning took 0.4 minutes


Writing output to ../surf/lh.white
#ET# mris_place_surface  3.12 minutes
#VMPC# mris_place_surfaces VmPeak  3263988
mris_place_surface done
#--------------------------------------------
#@# T1PialSurf lh Fri Mar  6 17:56:57 CET 2026
cd /out/sourcedata/freesurfer/sub-v1s10x0051128_ses-1/mri
mris_place_surface --adgws-in ../surf/autodet.gw.stats.lh.dat --seg aseg.presurf.mgz --threads 16 --wm wm.mgz --invol brain.finalsurfs.mgz --lh --i ../surf/lh.white --o ../surf/lh.pial.T1 --pial --nsmooth 0 --rip-label ../label/lh.cortex+hipamyg.label --pin-medial-wall ../label/lh.cortex.label --aparc ../label/lh.aparc.annot --repulse-surf ../surf/lh.white --white-surf ../surf/lh.white
7.3.2
7.3.2

cd /out/sourcedata/freesurfer/sub-v1s10x0051128_ses-1/mri
setenv SUBJECTS_DIR /out/sourcedata/freesurfer
mris_place_surface --adgws-in ../surf/autodet.gw.stats.lh.dat --seg aseg.presurf.mgz --threads 16 --wm wm.mgz --invol brain.finalsurfs.mgz --lh --i ../surf/lh.white --o ../surf/lh.pial.T1 --pial --nsmooth 0 --rip-label ../label/lh.cortex+hipamyg.label --pin-medial-wall ../label/lh.cortex.label --aparc ../label/lh.aparc.annot --repulse-surf ../surf/lh.white --white-surf ../surf/lh.white 

Reading in input surface ../surf/lh.white
Not smoothing input surface
Area    325174  0.34210  0.12912 0.001152   2.3980
Corner  975522 60.00000 14.60178 0.451507 178.9344
Edge    487761  0.89975  0.20992 0.008468   4.0494
Hinge   487761  9.34706 10.34977 0.000011 179.9630
Reading white surface coordinates from ../surf/lh.white
Reading repulsion surface coordinates from ../surf/lh.white
Reading in aparc ../label/lh.aparc.annot
Reading in input volume brain.finalsurfs.mgz
Reading in wm volume wm.mgz
MRIclipBrightWM(): nthresh=21652, wmmin=5, clip=110 
MRIfindBrightNonWM(): 1452 bright non-wm voxels segmented.
Masking bright non-wm for pial surface mid_gray = 63.6987
MRImask(): AllowDiffGeom = 1
MRImask(): AllowDiffGeom = 1
MRImask(): AllowDiffGeom = 1
Reading in seg volume aseg.presurf.mgz
Ripping frozen voxels
Ripping vertices not in label ../label/lh.cortex+hipamyg.label
MRISripNotLabel() ripped 7368/162589 vertices (155221 unripped)
INFO: rip surface needed but not specified, so using input surface
Ripping segs (eg, WMSA, BG, frozen)
Starting MRISripSegs() d = (-2 2 0.5) segnos: 247 
MRISripSegs(): -2 2 0.5 ripped 0
vertex 81295: xyz = (-4.41795,-3.85248,34.1501) oxyz = (-4.41795,-3.85248,34.1501) wxzy = (-4.41795,-3.85248,34.1501) pxyz = (-4.41795,-3.85248,34.1501) 
CBVO Creating mask 162589
n_averages 16
Iteration 0 =========================================
n_averages=16, current_sigma=2
Computing target border values 
Entering MRIScomputeBorderValues_new(): 
  inside_hi   =  93.2485200;
  border_hi   =  54.0496520;
  border_low  =  34.1489600;
  outside_low =  10.0000000;
  outside_hi  =  49.0744780;
  sigma = 2;
  max_thickness = 10;
  step_size=0.5;
  STEP_SIZE=0.1;
  which = 2
  thresh = 0
  flags = 0
  CBVfindFirstPeakD1=0
  CBVfindFirstPeakD2=0
  nvertices=162589
  Gdiag_no=-1
  vno start=0, stop=162589
Replacing 255s with 0s
#SI# sigma=2 had to be increased for 106 vertices, nripped=7368
mean border=53.1, 78 (78) missing vertices, mean dist 1.4 [2.8 (%0.0)->3.0 (%100.0))]
%12 local maxima, %32 large gradients and %52 min vals, 0 gradients ignored
nFirstPeakD1 0
MRIScomputeBorderValues_new() finished in 0.0143 min


Averaging target values for 5 iterations...
Positioning Surface: tspring = 0.3, nspring = 0.3, spring = 0, niters = 100 l_repulse = 0, l_surf_repulse = 5, checktol = 0
Positioning pial surface
Entering MRISpositionSurface()
  max_mm = 0.3
  MAX_REDUCTIONS = 2, REDUCTION_PCT = 0.5
  parms->check_tol = 0, niterations = 100
tol=1.0e-04, sigma=2.0, host=dna00, nav=16, nbrs=2, l_surf_repulse=5.000, l_tspring=0.300, l_nspring=0.300, l_intensity=0.200, l_curv=1.000
mom=0.00, dt=0.50
complete_dist_mat 0
rms 0
smooth_averages 0
remove_neg 0
ico_order 0
which_surface 0
target_radius 0.000000
nfields 0
scale 0.000000
desired_rms_height 0.000000
momentum 0.000000
nbhd_size 0
max_nbrs 0
niterations 100
nsurfaces 0
SURFACES 3
flags 0 (0)
use curv 0
no sulc 0
no rigid align 0
mris->nsize 2
mris->hemisphere 0
randomSeed 0

000: dt: 0.0000, sse=30318066.0, rms=31.137
001: dt: 0.5000, sse=20321314.0, rms=25.442 (18.289%)
002: dt: 0.5000, sse=13376408.0, rms=20.577 (19.122%)
003: dt: 0.5000, sse=8991009.0, rms=16.793 (18.392%)
004: dt: 0.5000, sse=6326497.5, rms=14.000 (16.628%)
005: dt: 0.5000, sse=4648307.5, rms=11.908 (14.944%)
006: dt: 0.5000, sse=3513903.8, rms=10.252 (13.904%)
007: dt: 0.5000, sse=2686011.0, rms=8.848 (13.693%)
008: dt: 0.5000, sse=2047740.2, rms=7.589 (14.231%)
009: dt: 0.5000, sse=1564493.6, rms=6.473 (14.707%)
010: dt: 0.5000, sse=1219337.5, rms=5.538 (14.450%)
011: dt: 0.5000, sse=1007735.2, rms=4.874 (11.986%)
012: dt: 0.5000, sse=871231.4, rms=4.391 (9.915%)
013: dt: 0.5000, sse=791725.3, rms=4.081 (7.057%)
014: dt: 0.5000, sse=741210.1, rms=3.870 (5.174%)
015: dt: 0.5000, sse=714355.8, rms=3.750 (3.089%)
016: dt: 0.5000, sse=689954.7, rms=3.638 (2.989%)
rms = 3.6001/3.6381, sse=682478.2/689954.7, time step reduction 1 of 3 to 0.250  0 0 1
017: dt: 0.5000, sse=682478.2, rms=3.600 (1.043%)
018: dt: 0.2500, sse=590883.6, rms=3.141 (12.758%)
019: dt: 0.2500, sse=571672.7, rms=3.037 (3.307%)
rms = 3.0096/3.0369, sse=567068.2/571672.7, time step reduction 2 of 3 to 0.125  0 0 1
020: dt: 0.2500, sse=567068.2, rms=3.010 (0.901%)
021: dt: 0.1250, sse=557381.3, rms=2.953 (1.872%)
rms = 2.9431/2.9533, sse=555754.8/557381.3, time step reduction 3 of 3 to 0.062  0 0 1
022: dt: 0.1250, sse=555754.8, rms=2.943 (0.342%)
  maximum number of reductions reached, breaking from loop
positioning took 1.9 minutes
Iteration 1 =========================================
n_averages=8, current_sigma=1
Computing target border values 
Entering MRIScomputeBorderValues_new(): 
  inside_hi   =  93.2485200;
  border_hi   =  54.0496520;
  border_low  =  34.1489600;
  outside_low =  10.0000000;
  outside_hi  =  49.0744780;
  sigma = 1;
  max_thickness = 10;
  step_size=0.5;
  STEP_SIZE=0.1;
  which = 2
  thresh = 0
  flags = 0
  CBVfindFirstPeakD1=0
  CBVfindFirstPeakD2=0
  nvertices=162589
  Gdiag_no=-1
  vno start=0, stop=162589
Replacing 255s with 0s
#SI# sigma=1 had to be increased for 18192 vertices, nripped=7368
mean border=52.1, 3159 (18) missing vertices, mean dist 0.1 [0.2 (%47.1)->0.6 (%52.9))]
%18 local maxima, %29 large gradients and %46 min vals, 0 gradients ignored
nFirstPeakD1 0
MRIScomputeBorderValues_new() finished in 0.0044 min


Averaging target values for 5 iterations...
Positioning Surface: tspring = 0.3, nspring = 0.3, spring = 0, niters = 100 l_repulse = 0, l_surf_repulse = 5, checktol = 0
Positioning pial surface
Entering MRISpositionSurface()
  max_mm = 0.3
  MAX_REDUCTIONS = 2, REDUCTION_PCT = 0.5
  parms->check_tol = 0, niterations = 100
tol=1.0e-04, sigma=1.0, host=dna00, nav=8, nbrs=2, l_surf_repulse=5.000, l_tspring=0.300, l_nspring=0.300, l_intensity=0.200, l_curv=1.000
mom=0.00, dt=0.50
000: dt: 0.0000, sse=719821.3, rms=3.502
023: dt: 0.5000, sse=687737.1, rms=3.347 (4.444%)
rms = 3.3599/3.3465, sse=688115.7/687737.1, time step reduction 1 of 3 to 0.250  0 1 1
   RMS increased, rejecting step
024: dt: 0.2500, sse=634777.8, rms=3.077 (8.048%)
025: dt: 0.2500, sse=618933.1, rms=2.992 (2.761%)
rms = 3.0039/2.9922, sse=621380.6/618933.0, time step reduction 2 of 3 to 0.125  0 1 1
   RMS increased, rejecting step
rms = 2.9739/2.9922, sse=615740.8/618933.0, time step reduction 3 of 3 to 0.062  0 0 1
026: dt: 0.1250, sse=615740.8, rms=2.974 (0.612%)
  maximum number of reductions reached, breaking from loop
positioning took 0.4 minutes
Iteration 2 =========================================
n_averages=4, current_sigma=0.5
Computing target border values 
Entering MRIScomputeBorderValues_new(): 
  inside_hi   =  93.2485200;
  border_hi   =  54.0496520;
  border_low  =  34.1489600;
  outside_low =  10.0000000;
  outside_hi  =  49.0744780;
  sigma = 0.5;
  max_thickness = 10;
  step_size=0.5;
  STEP_SIZE=0.1;
  which = 2
  thresh = 0
  flags = 0
  CBVfindFirstPeakD1=0
  CBVfindFirstPeakD2=0
  nvertices=162589
  Gdiag_no=-1
  vno start=0, stop=162589
Replacing 255s with 0s
#SI# sigma=0.5 had to be increased for 19555 vertices, nripped=7368
mean border=51.6, 3552 (11) missing vertices, mean dist 0.1 [0.2 (%43.7)->0.4 (%56.3))]
%27 local maxima, %20 large gradients and %46 min vals, 0 gradients ignored
nFirstPeakD1 0
MRIScomputeBorderValues_new() finished in 0.0028 min


Averaging target values for 5 iterations...
Positioning Surface: tspring = 0.3, nspring = 0.3, spring = 0, niters = 100 l_repulse = 0, l_surf_repulse = 5, checktol = 0
Positioning pial surface
Entering MRISpositionSurface()
  max_mm = 0.3
  MAX_REDUCTIONS = 2, REDUCTION_PCT = 0.5
  parms->check_tol = 0, niterations = 100
tol=1.0e-04, sigma=0.5, host=dna00, nav=4, nbrs=2, l_surf_repulse=5.000, l_tspring=0.300, l_nspring=0.300, l_intensity=0.200, l_curv=1.000
mom=0.00, dt=0.50
000: dt: 0.0000, sse=657946.2, rms=3.173
rms = 3.3905/3.1733, sse=701522.8/657946.2, time step reduction 1 of 3 to 0.250  0 1 1
   RMS increased, rejecting step
027: dt: 0.2500, sse=631342.5, rms=3.032 (4.447%)
rms = 3.0276/3.0322, sse=630699.8/631342.5, time step reduction 2 of 3 to 0.125  0 0 1
028: dt: 0.2500, sse=630699.8, rms=3.028 (0.152%)
rms = 3.0128/3.0276, sse=628406.5/630699.8, time step reduction 3 of 3 to 0.062  0 0 1
029: dt: 0.1250, sse=628406.5, rms=3.013 (0.489%)
  maximum number of reductions reached, breaking from loop
positioning took 0.3 minutes
Iteration 3 =========================================
n_averages=2, current_sigma=0.25
Computing target border values 
Entering MRIScomputeBorderValues_new(): 
  inside_hi   =  93.2485200;
  border_hi   =  54.0496520;
  border_low  =  34.1489600;
  outside_low =  10.0000000;
  outside_hi  =  49.0744780;
  sigma = 0.25;
  max_thickness = 10;
  step_size=0.5;
  STEP_SIZE=0.1;
  which = 2
  thresh = 0
  flags = 0
  CBVfindFirstPeakD1=0
  CBVfindFirstPeakD2=0
  nvertices=162589
  Gdiag_no=-1
  vno start=0, stop=162589
Replacing 255s with 0s
#SI# sigma=0.25 had to be increased for 16203 vertices, nripped=7368
mean border=51.1, 8180 (10) missing vertices, mean dist 0.1 [0.2 (%46.0)->0.3 (%54.0))]
%31 local maxima, %15 large gradients and %44 min vals, 0 gradients ignored
nFirstPeakD1 0
MRIScomputeBorderValues_new() finished in 0.0030 min


Averaging target values for 5 iterations...
Positioning Surface: tspring = 0.3, nspring = 0.3, spring = 0, niters = 100 l_repulse = 0, l_surf_repulse = 5, checktol = 0
Positioning pial surface
Entering MRISpositionSurface()
  max_mm = 0.3
  MAX_REDUCTIONS = 2, REDUCTION_PCT = 0.5
  parms->check_tol = 0, niterations = 100
tol=1.0e-04, sigma=0.2, host=dna00, nav=2, nbrs=2, l_surf_repulse=5.000, l_tspring=0.300, l_nspring=0.300, l_intensity=0.200, l_curv=1.000
mom=0.00, dt=0.50
000: dt: 0.0000, sse=653473.1, rms=3.143
rms = 3.1330/3.1431, sse=649297.8/653473.1, time step reduction 1 of 3 to 0.250  0 0 1
030: dt: 0.5000, sse=649297.8, rms=3.133 (0.322%)
031: dt: 0.2500, sse=605128.7, rms=2.895 (7.607%)
032: dt: 0.2500, sse=586014.9, rms=2.789 (3.666%)
rms = 2.7706/2.7886, sse=582710.3/586014.9, time step reduction 2 of 3 to 0.125  0 0 1
033: dt: 0.2500, sse=582710.2, rms=2.771 (0.643%)
034: dt: 0.1250, sse=566604.7, rms=2.673 (3.538%)
rms = 2.6466/2.6726, sse=562207.8/566604.7, time step reduction 3 of 3 to 0.062  0 0 1
035: dt: 0.1250, sse=562207.8, rms=2.647 (0.973%)
  maximum number of reductions reached, breaking from loop
positioning took 0.5 minutes
Pinning medial wall to white surface
removing intersecting faces
000: 46 intersecting
001: 3 intersecting
002: 2 intersecting
step 1 with no progress (num=6, old_num=2)
003: 6 intersecting
terminating search with 0 intersecting


Writing output to ../surf/lh.pial.T1
#ET# mris_place_surface  3.46 minutes
#VMPC# mris_place_surfaces VmPeak  2508780
mris_place_surface done
#@# white curv lh Fri Mar  6 18:00:31 CET 2026
cd /out/sourcedata/freesurfer/sub-v1s10x0051128_ses-1/mri
mris_place_surface --curv-map ../surf/lh.white 2 10 ../surf/lh.curv
insurf  ../surf/lh.white, nbrs 2, curvature_avgs 10
writing curvature file ../surf/lh.curv
#@# white area lh Fri Mar  6 18:00:33 CET 2026
cd /out/sourcedata/freesurfer/sub-v1s10x0051128_ses-1/mri
mris_place_surface --area-map ../surf/lh.white ../surf/lh.area
writing curvature file ../surf/lh.area
#@# pial curv lh Fri Mar  6 18:00:33 CET 2026
cd /out/sourcedata/freesurfer/sub-v1s10x0051128_ses-1/mri
mris_place_surface --curv-map ../surf/lh.pial 2 10 ../surf/lh.curv.pial
insurf  ../surf/lh.pial, nbrs 2, curvature_avgs 10
writing curvature file ../surf/lh.curv.pial
#@# pial area lh Fri Mar  6 18:00:35 CET 2026
cd /out/sourcedata/freesurfer/sub-v1s10x0051128_ses-1/mri
mris_place_surface --area-map ../surf/lh.pial ../surf/lh.area.pial
writing curvature file ../surf/lh.area.pial
#@# thickness lh Fri Mar  6 18:00:36 CET 2026
cd /out/sourcedata/freesurfer/sub-v1s10x0051128_ses-1/mri
mris_place_surface --thickness ../surf/lh.white ../surf/lh.pial 20 5 ../surf/lh.thickness
0 of 162589 vertices processed
25000 of 162589 vertices processed
50000 of 162589 vertices processed
75000 of 162589 vertices processed
100000 of 162589 vertices processed
125000 of 162589 vertices processed
150000 of 162589 vertices processed
0 of 162589 vertices processed
25000 of 162589 vertices processed
50000 of 162589 vertices processed
75000 of 162589 vertices processed
100000 of 162589 vertices processed
125000 of 162589 vertices processed
150000 of 162589 vertices processed
thickness calculation complete, 83:652 truncations.
72872 vertices at 0 distance
138498 vertices at 1 distance
73485 vertices at 2 distance
25687 vertices at 3 distance
9140 vertices at 4 distance
3343 vertices at 5 distance
1204 vertices at 6 distance
436 vertices at 7 distance
172 vertices at 8 distance
92 vertices at 9 distance
41 vertices at 10 distance
38 vertices at 11 distance
34 vertices at 12 distance
25 vertices at 13 distance
20 vertices at 14 distance
20 vertices at 15 distance
23 vertices at 16 distance
14 vertices at 17 distance
9 vertices at 18 distance
14 vertices at 19 distance
11 vertices at 20 distance
writing curvature file ../surf/lh.thickness
#@# area and vertex vol lh Fri Mar  6 18:01:10 CET 2026
cd /out/sourcedata/freesurfer/sub-v1s10x0051128_ses-1/mri
mris_place_surface --thickness ../surf/lh.white ../surf/lh.pial 20 5 ../surf/lh.thickness
/out/sourcedata/freesurfer/sub-v1s10x0051128_ses-1/surf
mris_calc -o lh.area.mid lh.area add lh.area.pial
Saving result to 'lh.area.mid' (type = MRI_CURV_FILE)                       [ ok ]
mris_calc -o lh.area.mid lh.area.mid div 2
Saving result to 'lh.area.mid' (type = MRI_CURV_FILE)                       [ ok ]
mris_convert --volume sub-v1s10x0051128_ses-1 lh /out/sourcedata/freesurfer/sub-v1s10x0051128_ses-1/surf/lh.volume
masking with /out/sourcedata/freesurfer/sub-v1s10x0051128_ses-1/label/lh.cortex.label
Total face volume 296847
Total vertex volume 296659 (mask=0)
#@# sub-v1s10x0051128_ses-1 lh 296659
 
vertexvol Done

#-----------------------------------------
#@# Curvature Stats lh Fri Mar  6 18:01:12 CET 2026
/out/sourcedata/freesurfer/sub-v1s10x0051128_ses-1/surf

 mris_curvature_stats -m --writeCurvatureFiles -G -o ../stats/lh.curv.stats -F smoothwm sub-v1s10x0051128_ses-1 lh curv sulc 

             Toggling save flag on curvature files                       [ ok ]
                 Outputting results using filestem   [ ../stats/lh.curv.stats ]
             Toggling save flag on curvature files                       [ ok ]
                                   Setting surface [ sub-v1s10x0051128_ses-1/lh.smoothwm ]
                                Reading surface...                       [ ok ]
                                   Setting texture                     [ curv ]
                                Reading texture...                       [ ok ]
                                   Setting texture                     [ sulc ]
                                Reading texture...Gb_filter = 0
                       [ ok ]
      Calculating Discrete Principal Curvatures...
      Determining geometric order for vno faces... [####################] [ ok ]
                      Determining KH curvatures... [####################] [ ok ]
                    Determining k1k2 curvatures... [####################] [ ok ]
                                   deltaViolations                      [ 262 ]
Gb_filter = 0

WARN:    S lookup   min:                          -0.040942
WARN:    S explicit min:                          0.000000	vertex = 110
#-----------------------------------------
#@# Cortical Parc 2 lh Fri Mar  6 18:01:14 CET 2026
/out/sourcedata/freesurfer/sub-v1s10x0051128_ses-1/scripts

 mris_ca_label -l ../label/lh.cortex.label -aseg ../mri/aseg.presurf.mgz -seed 1234 sub-v1s10x0051128_ses-1 lh ../surf/lh.sphere.reg /opt/freesurfer/average/lh.CDaparc.atlas.acfb40.noaparc.i12.2016-08-02.gcs ../label/lh.aparc.a2009s.annot 

setting seed for random number generator to 1234
using ../mri/aseg.presurf.mgz aseg volume to correct midline
7.3.2
  7.3.2
reading atlas from /opt/freesurfer/average/lh.CDaparc.atlas.acfb40.noaparc.i12.2016-08-02.gcs...
reading color table from GCSA file....
average std = 3.0   using min determinant for regularization = 0.088
0 singular and 0 ill-conditioned covariance matrices regularized
input 0: MEAN CURVATURE, flags 0, avgs 5, name mean_curvature
labeling surface...
77 labels changed using aseg
relabeling using gibbs priors...
000:  10812 changed, 162589 examined...
001:   2394 changed, 41721 examined...
002:    722 changed, 12926 examined...
003:    348 changed, 4169 examined...
004:    163 changed, 1953 examined...
005:     84 changed, 965 examined...
006:     52 changed, 491 examined...
007:     34 changed, 302 examined...
008:     16 changed, 192 examined...
009:      2 changed, 97 examined...
010:      3 changed, 14 examined...
011:      1 changed, 13 examined...
012:      0 changed, 6 examined...
45 labels changed using aseg
000: 285 total segments, 200 labels (2671 vertices) changed
001: 95 total segments, 10 labels (84 vertices) changed
002: 85 total segments, 0 labels (0 vertices) changed
10 filter iterations complete (10 requested, 45 changed)
rationalizing unknown annotations with cortex label
relabeling Medial_wall label...
1175 vertices marked for relabeling...
1175 labels changed in reclassification.
writing output to ../label/lh.aparc.a2009s.annot...
classification took 0 minutes and 15 seconds.
#-----------------------------------------
#@# Cortical Parc 3 lh Fri Mar  6 18:01:29 CET 2026
/out/sourcedata/freesurfer/sub-v1s10x0051128_ses-1/scripts

 mris_ca_label -l ../label/lh.cortex.label -aseg ../mri/aseg.presurf.mgz -seed 1234 sub-v1s10x0051128_ses-1 lh ../surf/lh.sphere.reg /opt/freesurfer/average/lh.DKTaparc.atlas.acfb40.noaparc.i12.2016-08-02.gcs ../label/lh.aparc.DKTatlas.annot 

setting seed for random number generator to 1234
using ../mri/aseg.presurf.mgz aseg volume to correct midline
7.3.2
  7.3.2
reading atlas from /opt/freesurfer/average/lh.DKTaparc.atlas.acfb40.noaparc.i12.2016-08-02.gcs...
reading color table from GCSA file....
average std = 1.4   using min determinant for regularization = 0.020
0 singular and 383 ill-conditioned covariance matrices regularized
input 0: MEAN CURVATURE, flags 0, avgs 5, name mean_curvature
labeling surface...
1788 labels changed using aseg
relabeling using gibbs priors...
000:   2333 changed, 162589 examined...
001:    515 changed, 10828 examined...
002:    165 changed, 2979 examined...
003:     79 changed, 973 examined...
004:     44 changed, 450 examined...
005:     24 changed, 235 examined...
006:     16 changed, 127 examined...
007:     11 changed, 83 examined...
008:      9 changed, 54 examined...
009:      8 changed, 52 examined...
010:      6 changed, 48 examined...
011:      4 changed, 37 examined...
012:      4 changed, 28 examined...
013:      3 changed, 30 examined...
014:      1 changed, 21 examined...
015:      0 changed, 7 examined...
323 labels changed using aseg
000: 62 total segments, 29 labels (150 vertices) changed
001: 34 total segments, 1 labels (1 vertices) changed
002: 33 total segments, 0 labels (0 vertices) changed
10 filter iterations complete (10 requested, 4 changed)
rationalizing unknown annotations with cortex label
relabeling unknown label...
relabeling corpuscallosum label...
802 vertices marked for relabeling...
802 labels changed in reclassification.
writing output to ../label/lh.aparc.DKTatlas.annot...
classification took 0 minutes and 12 seconds.
#-----------------------------------------
#@# WM/GM Contrast lh Fri Mar  6 18:01:41 CET 2026
/out/sourcedata/freesurfer/sub-v1s10x0051128_ses-1/scripts

 pctsurfcon --s sub-v1s10x0051128_ses-1 --lh-only 

Log file is /out/sourcedata/freesurfer/sub-v1s10x0051128_ses-1/scripts/pctsurfcon.log
Fri Mar  6 18:01:41 CET 2026
setenv SUBJECTS_DIR /out/sourcedata/freesurfer
cd /out/sourcedata/freesurfer/sub-v1s10x0051128_ses-1/scripts
/opt/freesurfer/bin/pctsurfcon
pctsurfcon 7.3.2
Linux dna007 5.14.0-427.37.1.el9_4.x86_64 #1 SMP PREEMPT_DYNAMIC Fri Sep 13 12:41:50 EDT 2024 x86_64 x86_64 x86_64 GNU/Linux
FREESURFER_HOME /opt/freesurfer
mri_vol2surf --mov /out/sourcedata/freesurfer/sub-v1s10x0051128_ses-1/mri/rawavg.mgz --hemi lh --noreshape --interp trilinear --projdist -1 --o /out/sourcedata/freesurfer/sub-v1s10x0051128_ses-1/surf/tmp.pctsurfcon.4192845/lh.wm.mgh --regheader sub-v1s10x0051128_ses-1 --cortex
srcvol = /out/sourcedata/freesurfer/sub-v1s10x0051128_ses-1/mri/rawavg.mgz
srcreg unspecified
srcregold = 0
srcwarp unspecified
surf = white
hemi = lh
ProjDist = -1
reshape = 0
interp = trilinear
float2int = round
GetProjMax = 0
INFO: float2int code = 0
Done loading volume
Computing registration from header.
  Using /out/sourcedata/freesurfer/sub-v1s10x0051128_ses-1/mri/orig.mgz as target reference.
-------- original matrix -----------
-1.00000   0.00000   0.00000   0.00001;
 0.00000   0.00000   1.00000   0.00000;
 0.00000  -1.00000   0.00000   0.00000;
 0.00000   0.00000   0.00000   1.00000;
-------- original matrix -----------
Loading label /out/sourcedata/freesurfer/sub-v1s10x0051128_ses-1/label/lh.cortex.label
Reading surface /out/sourcedata/freesurfer/sub-v1s10x0051128_ses-1/surf/lh.white
Done reading source surface
Mapping Source Volume onto Source Subject Surface
Projecting -1 -1 1
 1 -1 -1 -1
using old
Done mapping volume to surface
Number of source voxels hit = 85105
Masking with /out/sourcedata/freesurfer/sub-v1s10x0051128_ses-1/label/lh.cortex.label
Writing to /out/sourcedata/freesurfer/sub-v1s10x0051128_ses-1/surf/tmp.pctsurfcon.4192845/lh.wm.mgh
Dim: 162589 1 1
mri_vol2surf --mov /out/sourcedata/freesurfer/sub-v1s10x0051128_ses-1/mri/rawavg.mgz --hemi lh --noreshape --interp trilinear --o /out/sourcedata/freesurfer/sub-v1s10x0051128_ses-1/surf/tmp.pctsurfcon.4192845/lh.gm.mgh --projfrac 0.3 --regheader sub-v1s10x0051128_ses-1 --cortex
srcvol = /out/sourcedata/freesurfer/sub-v1s10x0051128_ses-1/mri/rawavg.mgz
srcreg unspecified
srcregold = 0
srcwarp unspecified
surf = white
hemi = lh
ProjFrac = 0.3
thickness = thickness
reshape = 0
interp = trilinear
float2int = round
GetProjMax = 0
INFO: float2int code = 0
Done loading volume
Computing registration from header.
  Using /out/sourcedata/freesurfer/sub-v1s10x0051128_ses-1/mri/orig.mgz as target reference.
-------- original matrix -----------
-1.00000   0.00000   0.00000   0.00001;
 0.00000   0.00000   1.00000   0.00000;
 0.00000  -1.00000   0.00000   0.00000;
 0.00000   0.00000   0.00000   1.00000;
-------- original matrix -----------
Loading label /out/sourcedata/freesurfer/sub-v1s10x0051128_ses-1/label/lh.cortex.label
Reading surface /out/sourcedata/freesurfer/sub-v1s10x0051128_ses-1/surf/lh.white
Done reading source surface
Reading thickness /out/sourcedata/freesurfer/sub-v1s10x0051128_ses-1/surf/lh.thickness
Done
Mapping Source Volume onto Source Subject Surface
Projecting 0.3 0.3 1
 1 0.3 0.3 0.3
using old
Done mapping volume to surface
Number of source voxels hit = 98615
Masking with /out/sourcedata/freesurfer/sub-v1s10x0051128_ses-1/label/lh.cortex.label
Writing to /out/sourcedata/freesurfer/sub-v1s10x0051128_ses-1/surf/tmp.pctsurfcon.4192845/lh.gm.mgh
Dim: 162589 1 1
mri_concat /out/sourcedata/freesurfer/sub-v1s10x0051128_ses-1/surf/tmp.pctsurfcon.4192845/lh.wm.mgh /out/sourcedata/freesurfer/sub-v1s10x0051128_ses-1/surf/tmp.pctsurfcon.4192845/lh.gm.mgh --paired-diff-norm --mul 100 --o /out/sourcedata/freesurfer/sub-v1s10x0051128_ses-1/surf/lh.w-g.pct.mgh
ninputs = 2
Checking inputs
nframestot = 2
Allocing output
Done allocing
Combining pairs
nframes = 1
Multiplying by 100.000000
Writing to /out/sourcedata/freesurfer/sub-v1s10x0051128_ses-1/surf/lh.w-g.pct.mgh
mri_segstats --in /out/sourcedata/freesurfer/sub-v1s10x0051128_ses-1/surf/lh.w-g.pct.mgh --annot sub-v1s10x0051128_ses-1 lh aparc --sum /out/sourcedata/freesurfer/sub-v1s10x0051128_ses-1/stats/lh.w-g.pct.stats --snr

7.3.2
cwd 
cmdline mri_segstats --in /out/sourcedata/freesurfer/sub-v1s10x0051128_ses-1/surf/lh.w-g.pct.mgh --annot sub-v1s10x0051128_ses-1 lh aparc --sum /out/sourcedata/freesurfer/sub-v1s10x0051128_ses-1/stats/lh.w-g.pct.stats --snr 
sysname  Linux
hostname dna007
machine  x86_64
user     oesteban
whitesurfname  white
UseRobust  0
Constructing seg from annotation

Reading annotation /out/sourcedata/freesurfer/sub-v1s10x0051128_ses-1/label/lh.aparc.annot
Seg base 1000
Loading /out/sourcedata/freesurfer/sub-v1s10x0051128_ses-1/surf/lh.w-g.pct.mgh
Vertex Area is 0.684199 mm^3
Generating list of segmentation ids
Found  36 segmentations
Computing statistics for each segmentation

Reporting on  35 segmentations
Using PrintSegStat
mri_segstats done
Cleaning up

Started at Fri Mar 6 17:37:21 CET 2026 
Ended   at Fri Mar 6 18:01:45 CET 2026
#@#%# recon-all-run-time-hours 0.407
recon-all -s sub-v1s10x0051128_ses-1 finished without error at Fri Mar  6 18:01:45 CET 2026



#New# invocation of recon-all 




Fri Mar  6 18:40:15 CET 2026
cd /out/sourcedata/freesurfer/sub-v1s10x0051128_ses-1
setenv SUBJECTS_DIR /out/sourcedata/freesurfer
/opt/freesurfer/bin/recon-all -autorecon-hemi lh -nohyporelabel -lh-only -openmp 16 -subjid sub-v1s10x0051128_ses-1 -sd /out/sourcedata/freesurfer -notessellate -nosmooth1 -noinflate1 -noqsphere -nofix -nowhite -nosmooth2 -noinflate2 -nocurvHK -nocurvstats -nosphere -nosurfreg -nojacobian_white -noavgcurv -nocortparc -nopial -nocortparc2 -nocortparc3 -nopctsurfcon

subjid sub-v1s10x0051128_ses-1
setenv SUBJECTS_DIR /out/sourcedata/freesurfer
FREESURFER_HOME /opt/freesurfer
Actual FREESURFER_HOME /opt/freesurfer
build-stamp.txt: freesurfer-linux-ubuntu22_x86_64-7.3.2-20220804-6354275
Linux dna007 5.14.0-427.37.1.el9_4.x86_64 #1 SMP PREEMPT_DYNAMIC Fri Sep 13 12:41:50 EDT 2024 x86_64 x86_64 x86_64 GNU/Linux
cputime      unlimited
filesize     unlimited
datasize     unlimited
stacksize    8192 kbytes
coredumpsize 0 kbytes
memoryuse    67108864 kbytes
vmemoryuse   unlimited
descriptors  1024 
memorylocked unlimited
maxproc      2061970 
maxlocks     unlimited
maxsignal    2061970 
maxmessage   819200 
maxnice      0 
maxrtprio    0 
maxrttime    unlimited

               total        used        free      shared  buff/cache   available
Mem:           503Gi        54Gi       316Gi       8.6Gi       132Gi       436Gi
Swap:             0B          0B          0B

########################################
program versions used
7.3.2 (freesurfer-linux-ubuntu22_x86_64-7.3.2-20220804-6354275)
7.3.2

ProgramName: lta_convert  ProgramArguments: lta_convert -all-info  ProgramVersion: 7.3.2  TimeStamp: 2026/03/06-17:40:15-GMT  BuildTime: Aug  4 2022 06:17:15  BuildStamp: freesurfer-linux-ubuntu22_x86_64-7.3.2-20220804-6354275  User: oesteban  Machine: dna007  Platform: Linux  PlatformVersion: 5.14.0-427.37.1.el9_4.x86_64  CompilerName: GCC  CompilerVersion: 8.4.0
ProgramName: mri_and  ProgramArguments: mri_and -all-info  ProgramVersion: 7.3.2  TimeStamp: 2026/03/06-17:40:15-GMT  BuildTime: Aug  4 2022 06:17:15  BuildStamp: freesurfer-linux-ubuntu22_x86_64-7.3.2-20220804-6354275  User: oesteban  Machine: dna007  Platform: Linux  PlatformVersion: 5.14.0-427.37.1.el9_4.x86_64  CompilerName: GCC  CompilerVersion: 8.4.0
ProgramName: mri_annotation2label  ProgramArguments: mri_annotation2label -all-info  ProgramVersion: 7.3.2  TimeStamp: 2026/03/06-17:40:15-GMT  BuildTime: Aug  4 2022 06:17:15  BuildStamp: freesurfer-linux-ubuntu22_x86_64-7.3.2-20220804-6354275  User: oesteban  Machine: dna007  Platform: Linux  PlatformVersion: 5.14.0-427.37.1.el9_4.x86_64  CompilerName: GCC  CompilerVersion: 8.4.0
ProgramName: mri_aparc2aseg  ProgramArguments: mri_aparc2aseg -all-info  ProgramVersion: 7.3.2  TimeStamp: 2026/03/06-17:40:15-GMT  BuildTime: Aug  4 2022 06:17:15  BuildStamp: freesurfer-linux-ubuntu22_x86_64-7.3.2-20220804-6354275  User: oesteban  Machine: dna007  Platform: Linux  PlatformVersion: 5.14.0-427.37.1.el9_4.x86_64  CompilerName: GCC  CompilerVersion: 8.4.0
ProgramName: mri_surf2volseg  ProgramArguments: mri_surf2volseg -all-info  ProgramVersion: 7.3.2  TimeStamp: 2026/03/06-17:40:15-GMT  BuildTime: Aug  4 2022 06:17:15  BuildStamp: freesurfer-linux-ubuntu22_x86_64-7.3.2-20220804-6354275  User: oesteban  Machine: dna007  Platform: Linux  PlatformVersion: 5.14.0-427.37.1.el9_4.x86_64  CompilerName: GCC  CompilerVersion: 8.4.0
ProgramName: mri_binarize  ProgramArguments: mri_binarize -all-info  ProgramVersion: 7.3.2  TimeStamp: 2026/03/06-17:40:15-GMT  BuildTime: Aug  4 2022 06:17:15  BuildStamp: freesurfer-linux-ubuntu22_x86_64-7.3.2-20220804-6354275  User: oesteban  Machine: dna007  Platform: Linux  PlatformVersion: 5.14.0-427.37.1.el9_4.x86_64  CompilerName: GCC  CompilerVersion: 8.4.0
ProgramName: mri_ca_label  ProgramArguments: mri_ca_label -all-info  ProgramVersion: 7.3.2  TimeStamp: 2026/03/06-17:40:15-GMT  BuildTime: Aug  4 2022 06:17:15  BuildStamp: freesurfer-linux-ubuntu22_x86_64-7.3.2-20220804-6354275  User: oesteban  Machine: dna007  Platform: Linux  PlatformVersion: 5.14.0-427.37.1.el9_4.x86_64  CompilerName: GCC  CompilerVersion: 8.4.0
ProgramName: mri_ca_normalize  ProgramArguments: mri_ca_normalize -all-info  ProgramVersion: 7.3.2  TimeStamp: 2026/03/06-17:40:15-GMT  BuildTime: Aug  4 2022 06:17:15  BuildStamp: freesurfer-linux-ubuntu22_x86_64-7.3.2-20220804-6354275  User: oesteban  Machine: dna007  Platform: Linux  PlatformVersion: 5.14.0-427.37.1.el9_4.x86_64  CompilerName: GCC  CompilerVersion: 8.4.0
ProgramName: mri_ca_register  ProgramArguments: mri_ca_register -all-info  ProgramVersion: 7.3.2  TimeStamp: 2026/03/06-17:40:15-GMT  BuildTime: Aug  4 2022 06:17:15  BuildStamp: freesurfer-linux-ubuntu22_x86_64-7.3.2-20220804-6354275  User: oesteban  Machine: dna007  Platform: Linux  PlatformVersion: 5.14.0-427.37.1.el9_4.x86_64  CompilerName: GCC  CompilerVersion: 8.4.0
ProgramName: mri_cc  ProgramArguments: mri_cc -all-info  ProgramVersion: 7.3.2  TimeStamp: 2026/03/06-17:40:15-GMT  BuildTime: Aug  4 2022 06:17:15  BuildStamp: freesurfer-linux-ubuntu22_x86_64-7.3.2-20220804-6354275  User: oesteban  Machine: dna007  Platform: Linux  PlatformVersion: 5.14.0-427.37.1.el9_4.x86_64  CompilerName: GCC  CompilerVersion: 8.4.0
ProgramName: mri_compute_overlap  ProgramArguments: mri_compute_overlap -all-info  ProgramVersion: 7.3.2  TimeStamp: 2026/03/06-17:40:15-GMT  BuildTime: Aug  4 2022 06:17:15  BuildStamp: freesurfer-linux-ubuntu22_x86_64-7.3.2-20220804-6354275  User: oesteban  Machine: dna007  Platform: Linux  PlatformVersion: 5.14.0-427.37.1.el9_4.x86_64  CompilerName: GCC  CompilerVersion: 8.4.0
ProgramName: mri_compute_seg_overlap  ProgramArguments: mri_compute_seg_overlap -all-info  ProgramVersion: 7.3.2  TimeStamp: 2026/03/06-17:40:15-GMT  BuildTime: Aug  4 2022 06:17:15  BuildStamp: freesurfer-linux-ubuntu22_x86_64-7.3.2-20220804-6354275  User: oesteban  Machine: dna007  Platform: Linux  PlatformVersion: 5.14.0-427.37.1.el9_4.x86_64  CompilerName: GCC  CompilerVersion: 8.4.0
ProgramName: mri_concat  ProgramArguments: mri_concat -all-info  ProgramVersion: 7.3.2  TimeStamp: 2026/03/06-17:40:15-GMT  BuildTime: Aug  4 2022 06:17:15  BuildStamp: freesurfer-linux-ubuntu22_x86_64-7.3.2-20220804-6354275  User: oesteban  Machine: dna007  Platform: Linux  PlatformVersion: 5.14.0-427.37.1.el9_4.x86_64  CompilerName: GCC  CompilerVersion: 8.4.0
ProgramName: mri_concatenate_lta  ProgramArguments: mri_concatenate_lta -all-info  ProgramVersion: 7.3.2  TimeStamp: 2026/03/06-17:40:15-GMT  BuildTime: Aug  4 2022 06:17:15  BuildStamp: freesurfer-linux-ubuntu22_x86_64-7.3.2-20220804-6354275  User: oesteban  Machine: dna007  Platform: Linux  PlatformVersion: 5.14.0-427.37.1.el9_4.x86_64  CompilerName: GCC  CompilerVersion: 8.4.0
mri_convert -all-info 
ProgramName: mri_convert  ProgramArguments: mri_convert -all-info  ProgramVersion: 7.3.2  TimeStamp: 2026/03/06-17:40:15-GMT  BuildTime: Aug  4 2022 06:17:15  BuildStamp: freesurfer-linux-ubuntu22_x86_64-7.3.2-20220804-6354275  User: oesteban  Machine: dna007  Platform: Linux  PlatformVersion: 5.14.0-427.37.1.el9_4.x86_64  CompilerName: GCC  CompilerVersion: 8.4.0
ProgramName: mri_diff  ProgramArguments: mri_diff -all-info  ProgramVersion: 7.3.2  TimeStamp: 2026/03/06-17:40:15-GMT  BuildTime: Aug  4 2022 06:17:15  BuildStamp: freesurfer-linux-ubuntu22_x86_64-7.3.2-20220804-6354275  User: oesteban  Machine: dna007  Platform: Linux  PlatformVersion: 5.14.0-427.37.1.el9_4.x86_64  CompilerName: GCC  CompilerVersion: 8.4.0
ProgramName: mri_edit_wm_with_aseg  ProgramArguments: mri_edit_wm_with_aseg -all-info  ProgramVersion: 7.3.2  TimeStamp: 2026/03/06-17:40:15-GMT  BuildTime: Aug  4 2022 06:17:15  BuildStamp: freesurfer-linux-ubuntu22_x86_64-7.3.2-20220804-6354275  User: oesteban  Machine: dna007  Platform: Linux  PlatformVersion: 5.14.0-427.37.1.el9_4.x86_64  CompilerName: GCC  CompilerVersion: 8.4.0
ProgramName: mri_em_register  ProgramArguments: mri_em_register -all-info  ProgramVersion: 7.3.2  TimeStamp: 2026/03/06-17:40:15-GMT  BuildTime: Aug  4 2022 06:17:15  BuildStamp: freesurfer-linux-ubuntu22_x86_64-7.3.2-20220804-6354275  User: oesteban  Machine: dna007  Platform: Linux  PlatformVersion: 5.14.0-427.37.1.el9_4.x86_64  CompilerName: GCC  CompilerVersion: 8.4.0
ProgramName: mri_fill  ProgramArguments: mri_fill -all-info  ProgramVersion: 7.3.2  TimeStamp: 2026/03/06-17:40:15-GMT  BuildTime: Aug  4 2022 06:17:15  BuildStamp: freesurfer-linux-ubuntu22_x86_64-7.3.2-20220804-6354275  User: oesteban  Machine: dna007  Platform: Linux  PlatformVersion: 5.14.0-427.37.1.el9_4.x86_64  CompilerName: GCC  CompilerVersion: 8.4.0
ProgramName: mri_fuse_segmentations  ProgramArguments: mri_fuse_segmentations -all-info  ProgramVersion: 7.3.2  TimeStamp: 2026/03/06-17:40:15-GMT  BuildTime: Aug  4 2022 06:17:15  BuildStamp: freesurfer-linux-ubuntu22_x86_64-7.3.2-20220804-6354275  User: oesteban  Machine: dna007  Platform: Linux  PlatformVersion: 5.14.0-427.37.1.el9_4.x86_64  CompilerName: GCC  CompilerVersion: 8.4.0
ProgramName: mri_fwhm  ProgramArguments: mri_fwhm -all-info  ProgramVersion: 7.3.2  TimeStamp: 2026/03/06-17:40:16-GMT  BuildTime: Aug  4 2022 06:17:15  BuildStamp: freesurfer-linux-ubuntu22_x86_64-7.3.2-20220804-6354275  User: oesteban  Machine: dna007  Platform: Linux  PlatformVersion: 5.14.0-427.37.1.el9_4.x86_64  CompilerName: GCC  CompilerVersion: 8.4.0
ProgramName: mri_gcut  ProgramArguments: mri_gcut -all-info  ProgramVersion: 7.3.2  TimeStamp: 2026/03/06-17:40:16-GMT  BuildTime: Aug  4 2022 06:17:15  BuildStamp: freesurfer-linux-ubuntu22_x86_64-7.3.2-20220804-6354275  User: oesteban  Machine: dna007  Platform: Linux  PlatformVersion: 5.14.0-427.37.1.el9_4.x86_64  CompilerName: GCC  CompilerVersion: 8.4.0
ProgramName: mri_info  ProgramArguments: mri_info -all-info  ProgramVersion: 7.3.2  TimeStamp: 2026/03/06-17:40:16-GMT  BuildTime: Aug  4 2022 06:17:15  BuildStamp: freesurfer-linux-ubuntu22_x86_64-7.3.2-20220804-6354275  User: oesteban  Machine: dna007  Platform: Linux  PlatformVersion: 5.14.0-427.37.1.el9_4.x86_64  CompilerName: GCC  CompilerVersion: 8.4.0
ProgramName: mri_label2label  ProgramArguments: mri_label2label -all-info  ProgramVersion: 7.3.2  TimeStamp: 2026/03/06-17:40:16-GMT  BuildTime: Aug  4 2022 06:17:15  BuildStamp: freesurfer-linux-ubuntu22_x86_64-7.3.2-20220804-6354275  User: oesteban  Machine: dna007  Platform: Linux  PlatformVersion: 5.14.0-427.37.1.el9_4.x86_64  CompilerName: GCC  CompilerVersion: 8.4.0
ProgramName: mri_label2vol  ProgramArguments: mri_label2vol -all-info  ProgramVersion: 7.3.2  TimeStamp: 2026/03/06-17:40:16-GMT  BuildTime: Aug  4 2022 06:17:15  BuildStamp: freesurfer-linux-ubuntu22_x86_64-7.3.2-20220804-6354275  User: oesteban  Machine: dna007  Platform: Linux  PlatformVersion: 5.14.0-427.37.1.el9_4.x86_64  CompilerName: GCC  CompilerVersion: 8.4.0
ProgramName: mri_log_likelihood  ProgramArguments: mri_log_likelihood -all-info  ProgramVersion: 7.3.2  TimeStamp: 2026/03/06-17:40:16-GMT  BuildTime: Aug  4 2022 06:17:15  BuildStamp: freesurfer-linux-ubuntu22_x86_64-7.3.2-20220804-6354275  User: oesteban  Machine: dna007  Platform: Linux  PlatformVersion: 5.14.0-427.37.1.el9_4.x86_64  CompilerName: GCC  CompilerVersion: 8.4.0
ProgramName: mri_mask  ProgramArguments: mri_mask -all-info  ProgramVersion: 7.3.2  TimeStamp: 2026/03/06-17:40:16-GMT  BuildTime: Aug  4 2022 06:17:15  BuildStamp: freesurfer-linux-ubuntu22_x86_64-7.3.2-20220804-6354275  User: oesteban  Machine: dna007  Platform: Linux  PlatformVersion: 5.14.0-427.37.1.el9_4.x86_64  CompilerName: GCC  CompilerVersion: 8.4.0
ProgramName: mri_matrix_multiply  ProgramArguments: mri_matrix_multiply -all-info  ProgramVersion: 7.3.2  TimeStamp: 2026/03/06-17:40:16-GMT  BuildTime: Aug  4 2022 06:17:15  BuildStamp: freesurfer-linux-ubuntu22_x86_64-7.3.2-20220804-6354275  User: oesteban  Machine: dna007  Platform: Linux  PlatformVersion: 5.14.0-427.37.1.el9_4.x86_64  CompilerName: GCC  CompilerVersion: 8.4.0
ProgramName: mri_normalize  ProgramArguments: mri_normalize -all-info  ProgramVersion: 7.3.2  TimeStamp: 2026/03/06-17:40:16-GMT  BuildTime: Aug  4 2022 06:17:15  BuildStamp: freesurfer-linux-ubuntu22_x86_64-7.3.2-20220804-6354275  User: oesteban  Machine: dna007  Platform: Linux  PlatformVersion: 5.14.0-427.37.1.el9_4.x86_64  CompilerName: GCC  CompilerVersion: 8.4.0
ProgramName: mri_normalize_tp2  ProgramArguments: mri_normalize_tp2 -all-info  ProgramVersion: 7.3.2  TimeStamp: 2026/03/06-17:40:16-GMT  BuildTime: Aug  4 2022 06:17:15  BuildStamp: freesurfer-linux-ubuntu22_x86_64-7.3.2-20220804-6354275  User: oesteban  Machine: dna007  Platform: Linux  PlatformVersion: 5.14.0-427.37.1.el9_4.x86_64  CompilerName: GCC  CompilerVersion: 8.4.0
ProgramName: mri_or  ProgramArguments: mri_or -all-info  ProgramVersion: 7.3.2  TimeStamp: 2026/03/06-17:40:16-GMT  BuildTime: Aug  4 2022 06:17:15  BuildStamp: freesurfer-linux-ubuntu22_x86_64-7.3.2-20220804-6354275  User: oesteban  Machine: dna007  Platform: Linux  PlatformVersion: 5.14.0-427.37.1.el9_4.x86_64  CompilerName: GCC  CompilerVersion: 8.4.0
ProgramName: mri_relabel_hypointensities  ProgramArguments: mri_relabel_hypointensities -all-info  ProgramVersion: 7.3.2  TimeStamp: 2026/03/06-17:40:16-GMT  BuildTime: Aug  4 2022 06:17:15  BuildStamp: freesurfer-linux-ubuntu22_x86_64-7.3.2-20220804-6354275  User: oesteban  Machine: dna007  Platform: Linux  PlatformVersion: 5.14.0-427.37.1.el9_4.x86_64  CompilerName: GCC  CompilerVersion: 8.4.0
ProgramName: mri_relabel_nonwm_hypos  ProgramArguments: mri_relabel_nonwm_hypos -all-info  ProgramVersion: 7.3.2  TimeStamp: 2026/03/06-17:40:16-GMT  BuildTime: Aug  4 2022 06:17:15  BuildStamp: freesurfer-linux-ubuntu22_x86_64-7.3.2-20220804-6354275  User: oesteban  Machine: dna007  Platform: Linux  PlatformVersion: 5.14.0-427.37.1.el9_4.x86_64  CompilerName: GCC  CompilerVersion: 8.4.0
ProgramName: mri_remove_neck  ProgramArguments: mri_remove_neck -all-info  ProgramVersion: 7.3.2  TimeStamp: 2026/03/06-17:40:16-GMT  BuildTime: Aug  4 2022 06:17:15  BuildStamp: freesurfer-linux-ubuntu22_x86_64-7.3.2-20220804-6354275  User: oesteban  Machine: dna007  Platform: Linux  PlatformVersion: 5.14.0-427.37.1.el9_4.x86_64  CompilerName: GCC  CompilerVersion: 8.4.0
7.3.2

ProgramName: mri_robust_register  ProgramArguments: mri_robust_register -all-info  ProgramVersion: 7.3.2  TimeStamp: 2026/03/06-17:40:16-GMT  BuildTime: Aug  4 2022 06:17:15  BuildStamp: freesurfer-linux-ubuntu22_x86_64-7.3.2-20220804-6354275  User: oesteban  Machine: dna007  Platform: Linux  PlatformVersion: 5.14.0-427.37.1.el9_4.x86_64  CompilerName: GCC  CompilerVersion: 8.4.0
7.3.2

ProgramName: mri_robust_template  ProgramArguments: mri_robust_template -all-info  ProgramVersion: 7.3.2  TimeStamp: 2026/03/06-17:40:16-GMT  BuildTime: Aug  4 2022 06:17:15  BuildStamp: freesurfer-linux-ubuntu22_x86_64-7.3.2-20220804-6354275  User: oesteban  Machine: dna007  Platform: Linux  PlatformVersion: 5.14.0-427.37.1.el9_4.x86_64  CompilerName: GCC  CompilerVersion: 8.4.0
ProgramName: mris_anatomical_stats  ProgramArguments: mris_anatomical_stats -all-info  ProgramVersion: 7.3.2  TimeStamp: 2026/03/06-17:40:16-GMT  BuildTime: Aug  4 2022 06:17:15  BuildStamp: freesurfer-linux-ubuntu22_x86_64-7.3.2-20220804-6354275  User: oesteban  Machine: dna007  Platform: Linux  PlatformVersion: 5.14.0-427.37.1.el9_4.x86_64  CompilerName: GCC  CompilerVersion: 8.4.0
ProgramName: mris_ca_label  ProgramArguments: mris_ca_label -all-info  ProgramVersion: 7.3.2  TimeStamp: 2026/03/06-17:40:16-GMT  BuildTime: Aug  4 2022 06:17:15  BuildStamp: freesurfer-linux-ubuntu22_x86_64-7.3.2-20220804-6354275  User: oesteban  Machine: dna007  Platform: Linux  PlatformVersion: 5.14.0-427.37.1.el9_4.x86_64  CompilerName: GCC  CompilerVersion: 8.4.0
ProgramName: mris_calc  ProgramArguments: mris_calc -all-info  ProgramVersion: 7.3.2  TimeStamp: 2026/03/06-17:40:16-GMT  BuildTime: Aug  4 2022 06:17:15  BuildStamp: freesurfer-linux-ubuntu22_x86_64-7.3.2-20220804-6354275  User: oesteban  Machine: dna007  Platform: Linux  PlatformVersion: 5.14.0-427.37.1.el9_4.x86_64  CompilerName: GCC  CompilerVersion: 8.4.0
ProgramName: mris_convert  ProgramArguments: mris_convert -all-info  ProgramVersion: 7.3.2  TimeStamp: 2026/03/06-17:40:16-GMT  BuildTime: Aug  4 2022 06:17:15  BuildStamp: freesurfer-linux-ubuntu22_x86_64-7.3.2-20220804-6354275  User: oesteban  Machine: dna007  Platform: Linux  PlatformVersion: 5.14.0-427.37.1.el9_4.x86_64  CompilerName: GCC  CompilerVersion: 8.4.0
ProgramName: mris_curvature  ProgramArguments: mris_curvature -all-info  ProgramVersion: 7.3.2  TimeStamp: 2026/03/06-17:40:16-GMT  BuildTime: Aug  4 2022 06:17:15  BuildStamp: freesurfer-linux-ubuntu22_x86_64-7.3.2-20220804-6354275  User: oesteban  Machine: dna007  Platform: Linux  PlatformVersion: 5.14.0-427.37.1.el9_4.x86_64  CompilerName: GCC  CompilerVersion: 8.4.0
ProgramName: mris_curvature_stats  ProgramArguments: mris_curvature_stats -all-info  ProgramVersion: 7.3.2  TimeStamp: 2026/03/06-17:40:16-GMT  BuildTime: Aug  4 2022 06:17:15  BuildStamp: freesurfer-linux-ubuntu22_x86_64-7.3.2-20220804-6354275  User: oesteban  Machine: dna007  Platform: Linux  PlatformVersion: 5.14.0-427.37.1.el9_4.x86_64  CompilerName: GCC  CompilerVersion: 8.4.0
ProgramName: mris_diff  ProgramArguments: mris_diff -all-info  ProgramVersion: 7.3.2  TimeStamp: 2026/03/06-17:40:16-GMT  BuildTime: Aug  4 2022 06:17:15  BuildStamp: freesurfer-linux-ubuntu22_x86_64-7.3.2-20220804-6354275  User: oesteban  Machine: dna007  Platform: Linux  PlatformVersion: 5.14.0-427.37.1.el9_4.x86_64  CompilerName: GCC  CompilerVersion: 8.4.0
ProgramName: mris_divide_parcellation  ProgramArguments: mris_divide_parcellation -all-info  ProgramVersion: 7.3.2  TimeStamp: 2026/03/06-17:40:16-GMT  BuildTime: Aug  4 2022 06:17:15  BuildStamp: freesurfer-linux-ubuntu22_x86_64-7.3.2-20220804-6354275  User: oesteban  Machine: dna007  Platform: Linux  PlatformVersion: 5.14.0-427.37.1.el9_4.x86_64  CompilerName: GCC  CompilerVersion: 8.4.0
ProgramName: mri_segment  ProgramArguments: mri_segment -all-info  ProgramVersion: 7.3.2  TimeStamp: 2026/03/06-17:40:16-GMT  BuildTime: Aug  4 2022 06:17:15  BuildStamp: freesurfer-linux-ubuntu22_x86_64-7.3.2-20220804-6354275  User: oesteban  Machine: dna007  Platform: Linux  PlatformVersion: 5.14.0-427.37.1.el9_4.x86_64  CompilerName: GCC  CompilerVersion: 8.4.0
ProgramName: mri_segstats  ProgramArguments: mri_segstats -all-info  ProgramVersion: 7.3.2  TimeStamp: 2026/03/06-17:40:16-GMT  BuildTime: Aug  4 2022 06:17:15  BuildStamp: freesurfer-linux-ubuntu22_x86_64-7.3.2-20220804-6354275  User: oesteban  Machine: dna007  Platform: Linux  PlatformVersion: 5.14.0-427.37.1.el9_4.x86_64  CompilerName: GCC  CompilerVersion: 8.4.0
ProgramName: mris_euler_number  ProgramArguments: mris_euler_number -all-info  ProgramVersion: 7.3.2  TimeStamp: 2026/03/06-17:40:16-GMT  BuildTime: Aug  4 2022 06:17:15  BuildStamp: freesurfer-linux-ubuntu22_x86_64-7.3.2-20220804-6354275  User: oesteban  Machine: dna007  Platform: Linux  PlatformVersion: 5.14.0-427.37.1.el9_4.x86_64  CompilerName: GCC  CompilerVersion: 8.4.0
ProgramName: mris_fix_topology  ProgramArguments: mris_fix_topology -all-info  ProgramVersion: 7.3.2  TimeStamp: 2026/03/06-17:40:16-GMT  BuildTime: Aug  4 2022 06:17:15  BuildStamp: freesurfer-linux-ubuntu22_x86_64-7.3.2-20220804-6354275  User: oesteban  Machine: dna007  Platform: Linux  PlatformVersion: 5.14.0-427.37.1.el9_4.x86_64  CompilerName: GCC  CompilerVersion: 8.4.0
ProgramName: mris_topo_fixer  ProgramArguments: mris_topo_fixer -all-info  ProgramVersion: 7.3.2  TimeStamp: 2026/03/06-17:40:16-GMT  BuildTime: Aug  4 2022 06:17:15  BuildStamp: freesurfer-linux-ubuntu22_x86_64-7.3.2-20220804-6354275  User: oesteban  Machine: dna007  Platform: Linux  PlatformVersion: 5.14.0-427.37.1.el9_4.x86_64  CompilerName: GCC  CompilerVersion: 8.4.0
ProgramName: mris_jacobian  ProgramArguments: mris_jacobian -all-info  ProgramVersion: 7.3.2  TimeStamp: 2026/03/06-17:40:16-GMT  BuildTime: Aug  4 2022 06:17:15  BuildStamp: freesurfer-linux-ubuntu22_x86_64-7.3.2-20220804-6354275  User: oesteban  Machine: dna007  Platform: Linux  PlatformVersion: 5.14.0-427.37.1.el9_4.x86_64  CompilerName: GCC  CompilerVersion: 8.4.0
ProgramName: mris_label2annot  ProgramArguments: mris_label2annot -all-info  ProgramVersion: 7.3.2  TimeStamp: 2026/03/06-17:40:16-GMT  BuildTime: Aug  4 2022 06:17:15  BuildStamp: freesurfer-linux-ubuntu22_x86_64-7.3.2-20220804-6354275  User: oesteban  Machine: dna007  Platform: Linux  PlatformVersion: 5.14.0-427.37.1.el9_4.x86_64  CompilerName: GCC  CompilerVersion: 8.4.0
ProgramName: mris_left_right_register  ProgramArguments: mris_left_right_register -all-info  ProgramVersion: 7.3.2  TimeStamp: 2026/03/06-17:40:16-GMT  BuildTime: Aug  4 2022 06:17:15  BuildStamp: freesurfer-linux-ubuntu22_x86_64-7.3.2-20220804-6354275  User: oesteban  Machine: dna007  Platform: Linux  PlatformVersion: 5.14.0-427.37.1.el9_4.x86_64  CompilerName: GCC  CompilerVersion: 8.4.0
ProgramName: mris_place_surface  ProgramArguments: mris_place_surface -all-info  ProgramVersion: 7.3.2  TimeStamp: 2026/03/06-17:40:16-GMT  BuildTime: Aug  4 2022 06:17:15  BuildStamp: freesurfer-linux-ubuntu22_x86_64-7.3.2-20220804-6354275  User: oesteban  Machine: dna007  Platform: Linux  PlatformVersion: 5.14.0-427.37.1.el9_4.x86_64  CompilerName: GCC  CompilerVersion: 8.4.0
ProgramName: mrisp_paint  ProgramArguments: mrisp_paint -all-info  ProgramVersion: 7.3.2  TimeStamp: 2026/03/06-17:40:16-GMT  BuildTime: Aug  4 2022 06:17:15  BuildStamp: freesurfer-linux-ubuntu22_x86_64-7.3.2-20220804-6354275  User: oesteban  Machine: dna007  Platform: Linux  PlatformVersion: 5.14.0-427.37.1.el9_4.x86_64  CompilerName: GCC  CompilerVersion: 8.4.0
ProgramName: mris_register  ProgramArguments: mris_register -all-info  ProgramVersion: 7.3.2  TimeStamp: 2026/03/06-17:40:16-GMT  BuildTime: Aug  4 2022 06:17:15  BuildStamp: freesurfer-linux-ubuntu22_x86_64-7.3.2-20220804-6354275  User: oesteban  Machine: dna007  Platform: Linux  PlatformVersion: 5.14.0-427.37.1.el9_4.x86_64  CompilerName: GCC  CompilerVersion: 8.4.0
ProgramName: mris_smooth  ProgramArguments: mris_smooth -all-info  ProgramVersion: 7.3.2  TimeStamp: 2026/03/06-17:40:16-GMT  BuildTime: Aug  4 2022 06:17:15  BuildStamp: freesurfer-linux-ubuntu22_x86_64-7.3.2-20220804-6354275  User: oesteban  Machine: dna007  Platform: Linux  PlatformVersion: 5.14.0-427.37.1.el9_4.x86_64  CompilerName: GCC  CompilerVersion: 8.4.0
ProgramName: mris_sphere  ProgramArguments: mris_sphere -all-info  ProgramVersion: 7.3.2  TimeStamp: 2026/03/06-17:40:16-GMT  BuildTime: Aug  4 2022 06:17:15  BuildStamp: freesurfer-linux-ubuntu22_x86_64-7.3.2-20220804-6354275  User: oesteban  Machine: dna007  Platform: Linux  PlatformVersion: 5.14.0-427.37.1.el9_4.x86_64  CompilerName: GCC  CompilerVersion: 8.4.0
ProgramName: mris_surface_stats  ProgramArguments: mris_surface_stats -all-info  ProgramVersion: 7.3.2  TimeStamp: 2026/03/06-17:40:16-GMT  BuildTime: Aug  4 2022 06:17:15  BuildStamp: freesurfer-linux-ubuntu22_x86_64-7.3.2-20220804-6354275  User: oesteban  Machine: dna007  Platform: Linux  PlatformVersion: 5.14.0-427.37.1.el9_4.x86_64  CompilerName: GCC  CompilerVersion: 8.4.0
ProgramName: mri_stats2seg  ProgramArguments: mri_stats2seg -all-info  ProgramVersion: 7.3.2  TimeStamp: 2026/03/06-17:40:16-GMT  BuildTime: Aug  4 2022 06:17:15  BuildStamp: freesurfer-linux-ubuntu22_x86_64-7.3.2-20220804-6354275  User: oesteban  Machine: dna007  Platform: Linux  PlatformVersion: 5.14.0-427.37.1.el9_4.x86_64  CompilerName: GCC  CompilerVersion: 8.4.0
ProgramName: mris_thickness  ProgramArguments: mris_thickness -all-info  ProgramVersion: 7.3.2  TimeStamp: 2026/03/06-17:40:16-GMT  BuildTime: Aug  4 2022 06:17:15  BuildStamp: freesurfer-linux-ubuntu22_x86_64-7.3.2-20220804-6354275  User: oesteban  Machine: dna007  Platform: Linux  PlatformVersion: 5.14.0-427.37.1.el9_4.x86_64  CompilerName: GCC  CompilerVersion: 8.4.0
ProgramName: mris_thickness_diff  ProgramArguments: mris_thickness_diff -all-info  ProgramVersion: 7.3.2  TimeStamp: 2026/03/06-17:40:16-GMT  BuildTime: Aug  4 2022 06:17:15  BuildStamp: freesurfer-linux-ubuntu22_x86_64-7.3.2-20220804-6354275  User: oesteban  Machine: dna007  Platform: Linux  PlatformVersion: 5.14.0-427.37.1.el9_4.x86_64  CompilerName: GCC  CompilerVersion: 8.4.0
ProgramName: mris_topo_fixer  ProgramArguments: mris_topo_fixer -all-info  ProgramVersion: 7.3.2  TimeStamp: 2026/03/06-17:40:16-GMT  BuildTime: Aug  4 2022 06:17:15  BuildStamp: freesurfer-linux-ubuntu22_x86_64-7.3.2-20220804-6354275  User: oesteban  Machine: dna007  Platform: Linux  PlatformVersion: 5.14.0-427.37.1.el9_4.x86_64  CompilerName: GCC  CompilerVersion: 8.4.0
ProgramName: mri_surf2surf  ProgramArguments: mri_surf2surf -all-info  ProgramVersion: 7.3.2  TimeStamp: 2026/03/06-17:40:16-GMT  BuildTime: Aug  4 2022 06:17:15  BuildStamp: freesurfer-linux-ubuntu22_x86_64-7.3.2-20220804-6354275  User: oesteban  Machine: dna007  Platform: Linux  PlatformVersion: 5.14.0-427.37.1.el9_4.x86_64  CompilerName: GCC  CompilerVersion: 8.4.0
ProgramName: mri_surf2vol  ProgramArguments: mri_surf2vol -all-info  ProgramVersion: 7.3.2  TimeStamp: 2026/03/06-17:40:16-GMT  BuildTime: Aug  4 2022 06:17:15  BuildStamp: freesurfer-linux-ubuntu22_x86_64-7.3.2-20220804-6354275  User: oesteban  Machine: dna007  Platform: Linux  PlatformVersion: 5.14.0-427.37.1.el9_4.x86_64  CompilerName: GCC  CompilerVersion: 8.4.0
ProgramName: mri_surfcluster  ProgramArguments: mri_surfcluster -all-info  ProgramVersion: 7.3.2  TimeStamp: 2026/03/06-17:40:16-GMT  BuildTime: Aug  4 2022 06:17:15  BuildStamp: freesurfer-linux-ubuntu22_x86_64-7.3.2-20220804-6354275  User: oesteban  Machine: dna007  Platform: Linux  PlatformVersion: 5.14.0-427.37.1.el9_4.x86_64  CompilerName: GCC  CompilerVersion: 8.4.0
ProgramName: mris_volmask  ProgramArguments: mris_volmask -all-info  ProgramVersion: 7.3.2  TimeStamp: 2026/03/06-17:40:16-GMT  BuildTime: Aug  4 2022 06:17:15  BuildStamp: freesurfer-linux-ubuntu22_x86_64-7.3.2-20220804-6354275  User: oesteban  Machine: dna007  Platform: Linux  PlatformVersion: 5.14.0-427.37.1.el9_4.x86_64  CompilerName: GCC  CompilerVersion: 8.4.0
ProgramName: mri_tessellate  ProgramArguments: mri_tessellate -all-info  ProgramVersion: 7.3.2  TimeStamp: 2026/03/06-17:40:16-GMT  BuildTime: Aug  4 2022 06:17:15  BuildStamp: freesurfer-linux-ubuntu22_x86_64-7.3.2-20220804-6354275  User: oesteban  Machine: dna007  Platform: Linux  PlatformVersion: 5.14.0-427.37.1.el9_4.x86_64  CompilerName: GCC  CompilerVersion: 8.4.0
ProgramName: mri_vol2surf  ProgramArguments: mri_vol2surf -all-info  ProgramVersion: 7.3.2  TimeStamp: 2026/03/06-17:40:16-GMT  BuildTime: Aug  4 2022 06:17:15  BuildStamp: freesurfer-linux-ubuntu22_x86_64-7.3.2-20220804-6354275  User: oesteban  Machine: dna007  Platform: Linux  PlatformVersion: 5.14.0-427.37.1.el9_4.x86_64  CompilerName: GCC  CompilerVersion: 8.4.0
ProgramName: mri_vol2vol  ProgramArguments: mri_vol2vol -all-info  ProgramVersion: 7.3.2  TimeStamp: 2026/03/06-17:40:16-GMT  BuildTime: Aug  4 2022 06:17:15  BuildStamp: freesurfer-linux-ubuntu22_x86_64-7.3.2-20220804-6354275  User: oesteban  Machine: dna007  Platform: Linux  PlatformVersion: 5.14.0-427.37.1.el9_4.x86_64  CompilerName: GCC  CompilerVersion: 8.4.0
ProgramName: mri_voldiff  ProgramArguments: mri_voldiff -all-info  ProgramVersion: 7.3.2  TimeStamp: 2026/03/06-17:40:16-GMT  BuildTime: Aug  4 2022 06:17:15  BuildStamp: freesurfer-linux-ubuntu22_x86_64-7.3.2-20220804-6354275  User: oesteban  Machine: dna007  Platform: Linux  PlatformVersion: 5.14.0-427.37.1.el9_4.x86_64  CompilerName: GCC  CompilerVersion: 8.4.0
ProgramName: mri_watershed  ProgramArguments: mri_watershed -all-info  ProgramVersion: 7.3.2  TimeStamp: 2026/03/06-17:40:16-GMT  BuildTime: Aug  4 2022 06:17:15  BuildStamp: freesurfer-linux-ubuntu22_x86_64-7.3.2-20220804-6354275  User: oesteban  Machine: dna007  Platform: Linux  PlatformVersion: 5.14.0-427.37.1.el9_4.x86_64  CompilerName: GCC  CompilerVersion: 8.4.0
ProgramName: tkregister2  ProgramArguments: tkregister2_cmdl -all-info  ProgramVersion: 7.3.2  TimeStamp: 2026/03/06-17:40:16-GMT  BuildTime: Aug  4 2022 06:17:15  BuildStamp: freesurfer-linux-ubuntu22_x86_64-7.3.2-20220804-6354275  User: oesteban  Machine: dna007  Platform: Linux  PlatformVersion: 5.14.0-427.37.1.el9_4.x86_64  CompilerName: GCC  CompilerVersion: 8.4.0
mri_motion_correct.fsl 7.3.2
mri_convert -all-info 
ProgramName: mri_convert  ProgramArguments: mri_convert -all-info  ProgramVersion: 7.3.2  TimeStamp: 2026/03/06-17:40:16-GMT  BuildTime: Aug  4 2022 06:17:15  BuildStamp: freesurfer-linux-ubuntu22_x86_64-7.3.2-20220804-6354275  User: oesteban  Machine: dna007  Platform: Linux  PlatformVersion: 5.14.0-427.37.1.el9_4.x86_64  CompilerName: GCC  CompilerVersion: 8.4.0
Program nu_correct, built from:
Package MNI N3, version 1.12.0, compiled by nicks@terrier (x86_64-unknown-linux-gnu) on 2015-06-19 at 01:25:34
#######################################
GCADIR /opt/freesurfer/average
GCA RB_all_2020-01-02.gca
GCASkull RB_all_withskull_2020_01_02.gca
AvgCurvTif folding.atlas.acfb40.noaparc.i12.2016-08-02.tif
GCSDIR /opt/freesurfer/average
GCS DKaparc.atlas.acfb40.noaparc.i12.2016-08-02.gcs
#######################################
#--------------------------------------------
#@# AutoDetGWStats lh Fri Mar  6 18:40:16 CET 2026
cd /out/sourcedata/freesurfer/sub-v1s10x0051128_ses-1/mri
mris_autodet_gwstats --o ../surf/autodet.gw.stats.lh.dat --i brain.finalsurfs.mgz --wm wm.mgz --surf ../surf/lh.orig.premesh
  Update not needed
#--------------------------------------------
#@# WhitePreAparc lh Fri Mar  6 18:40:16 CET 2026
cd /out/sourcedata/freesurfer/sub-v1s10x0051128_ses-1/mri
mris_place_surface --adgws-in ../surf/autodet.gw.stats.lh.dat --wm wm.mgz --threads 16 --invol brain.finalsurfs.mgz --lh --i ../surf/lh.orig --o ../surf/lh.white.preaparc --white --seg aseg.presurf.mgz --nsmooth 5
   Update not needed
#--------------------------------------------
#@# CortexLabel lh Fri Mar  6 18:40:16 CET 2026
cd /out/sourcedata/freesurfer/sub-v1s10x0051128_ses-1/mri
mri_label2label --label-cortex ../surf/lh.white.preaparc aseg.presurf.mgz 0 ../label/lh.cortex.label
   Update not needed
#--------------------------------------------
#@# CortexLabel+HipAmyg lh Fri Mar  6 18:40:16 CET 2026
cd /out/sourcedata/freesurfer/sub-v1s10x0051128_ses-1/mri
mri_label2label --label-cortex ../surf/lh.white.preaparc aseg.presurf.mgz 1 ../label/lh.cortex+hipamyg.label
   Update not needed
#@# white curv lh Fri Mar  6 18:40:16 CET 2026
cd /out/sourcedata/freesurfer/sub-v1s10x0051128_ses-1/mri
mris_place_surface --curv-map ../surf/lh.white 2 10 ../surf/lh.curv
   Update not needed
#@# white area lh Fri Mar  6 18:40:16 CET 2026
cd /out/sourcedata/freesurfer/sub-v1s10x0051128_ses-1/mri
mris_place_surface --area-map ../surf/lh.white ../surf/lh.area
   Update not needed
#@# pial curv lh Fri Mar  6 18:40:16 CET 2026
cd /out/sourcedata/freesurfer/sub-v1s10x0051128_ses-1/mri
mris_place_surface --curv-map ../surf/lh.pial 2 10 ../surf/lh.curv.pial
   Update not needed
#@# pial area lh Fri Mar  6 18:40:16 CET 2026
cd /out/sourcedata/freesurfer/sub-v1s10x0051128_ses-1/mri
mris_place_surface --area-map ../surf/lh.pial ../surf/lh.area.pial
   Update not needed
#@# thickness lh Fri Mar  6 18:40:16 CET 2026
cd /out/sourcedata/freesurfer/sub-v1s10x0051128_ses-1/mri
mris_place_surface --thickness ../surf/lh.white ../surf/lh.pial 20 5 ../surf/lh.thickness
   Update not needed
#@# area and vertex vol lh Fri Mar  6 18:40:16 CET 2026
cd /out/sourcedata/freesurfer/sub-v1s10x0051128_ses-1/mri
mris_place_surface --thickness ../surf/lh.white ../surf/lh.pial 20 5 ../surf/lh.thickness
   Update not needed
#-----------------------------------------
#@# Parcellation Stats lh Fri Mar  6 18:40:16 CET 2026
/out/sourcedata/freesurfer/sub-v1s10x0051128_ses-1/scripts

 mris_anatomical_stats -th3 -mgz -noglobal -cortex ../label/lh.cortex.label -f ../stats/lh.aparc.stats -b -a ../label/lh.aparc.annot -c ../label/aparc.annot.ctab sub-v1s10x0051128_ses-1 lh white 

computing statistics for each annotation in ../label/lh.aparc.annot.
reading volume /out/sourcedata/freesurfer/sub-v1s10x0051128_ses-1/mri/wm.mgz...
reading input surface /out/sourcedata/freesurfer/sub-v1s10x0051128_ses-1/surf/lh.white...
reading input pial surface /out/sourcedata/freesurfer/sub-v1s10x0051128_ses-1/surf/lh.pial...
reading input white surface /out/sourcedata/freesurfer/sub-v1s10x0051128_ses-1/surf/lh.white...
INFO: using TH3 volume calc
INFO: assuming MGZ format for volumes.
INFO: not computing global stats
INFO: using ../label/lh.cortex.label as mask to calc cortex NumVert, SurfArea and MeanThickness.
Using TH3 vertex volume calc
Total face volume 296847
Total vertex volume 296659 (mask=0)
Saving annotation colortable ../label/aparc.annot.ctab

table columns are:
    number of vertices
    total surface area (mm^2)
    total gray matter volume (mm^3)
    average cortical thickness +- standard deviation (mm)
    integrated rectified mean curvature
    integrated rectified Gaussian curvature
    folding index
    intrinsic curvature index
    structure name

 1487    980   2757  2.590 0.532     0.091     0.012       11     0.7  bankssts
  853    547   1382  2.288 0.637     0.108     0.014       10     0.6  caudalanteriorcingulate
 3973   2715   7823  2.761 0.456     0.111     0.019       32     3.2  caudalmiddlefrontal
 2818   1947   4002  1.913 0.597     0.133     0.026       33     3.4  cuneus
  778    495   1961  3.192 0.805     0.081     0.014        4     0.4  entorhinal
 6344   4309  14317  2.837 0.628     0.115     0.022       63     5.7  fusiform
 8942   6170  16761  2.502 0.509     0.115     0.021       91     7.9  inferiorparietal
 6536   4597  15403  2.831 0.567     0.113     0.021       67     5.6  inferiortemporal
 1627   1099   2742  2.172 0.869     0.105     0.020       19     1.2  isthmuscingulate
 8910   6062  14563  2.179 0.663     0.135     0.029      101    10.8  lateraloccipital
 5063   3609  10771  2.795 0.627     0.127     0.025       63     5.5  lateralorbitofrontal
 5133   3645   8613  2.112 0.681     0.129     0.029       57     6.3  lingual
 2715   1937   5422  2.550 0.597     0.104     0.020       26     2.2  medialorbitofrontal
 5561   3892  13321  2.829 0.613     0.120     0.022       64     5.3  middletemporal
 1110    696   2077  2.643 0.731     0.091     0.022        9     1.0  parahippocampal
 2690   1607   4176  2.466 0.533     0.099     0.017       19     1.8  paracentral
 3091   2140   6038  2.614 0.507     0.105     0.019       29     2.3  parsopercularis
 1313    976   3547  2.947 0.612     0.139     0.031       18     1.7  parsorbitalis
 2625   1881   5179  2.656 0.475     0.122     0.023       29     2.7  parstriangularis
 2358   1685   2168  1.526 0.388     0.141     0.035       29     3.3  pericalcarine
 8606   5755  13340  2.093 0.675     0.107     0.020       70     7.4  postcentral
 1999   1397   3615  2.405 0.799     0.118     0.023       26     2.1  posteriorcingulate
 8625   5594  15315  2.566 0.612     0.105     0.019       64     7.0  precentral
 6650   4512  12025  2.481 0.544     0.110     0.019       59     5.5  precuneus
 1364    919   2287  2.394 0.587     0.122     0.027       51     1.7  rostralanteriorcingulate
 9885   7336  21605  2.573 0.571     0.131     0.028      131    11.1  rostralmiddlefrontal
12533   8802  28160  2.855 0.550     0.117     0.022      125    11.5  superiorfrontal
 9335   6357  15777  2.236 0.554     0.116     0.021       95     7.8  superiorparietal
 6886   4596  15160  2.962 0.643     0.106     0.019       60     5.6  superiortemporal
 6736   4701  13052  2.561 0.476     0.114     0.021       63     5.9  supramarginal
  465    370   1425  2.937 0.616     0.151     0.031        9     0.6  frontalpole
  823    583   2645  3.297 0.719     0.097     0.016        8     0.6  temporalpole
  759    495   1483  2.498 0.590     0.092     0.015        4     0.4  transversetemporal
 4205   2846   7750  2.847 0.639     0.111     0.025       46     4.3  insula

 mris_anatomical_stats -th3 -mgz -noglobal -cortex ../label/lh.cortex.label -f ../stats/lh.aparc.pial.stats -b -a ../label/lh.aparc.annot -c ../label/aparc.annot.ctab sub-v1s10x0051128_ses-1 lh pial 

computing statistics for each annotation in ../label/lh.aparc.annot.
reading volume /out/sourcedata/freesurfer/sub-v1s10x0051128_ses-1/mri/wm.mgz...
reading input surface /out/sourcedata/freesurfer/sub-v1s10x0051128_ses-1/surf/lh.pial...
reading input pial surface /out/sourcedata/freesurfer/sub-v1s10x0051128_ses-1/surf/lh.pial...
reading input white surface /out/sourcedata/freesurfer/sub-v1s10x0051128_ses-1/surf/lh.white...
INFO: using TH3 volume calc
INFO: assuming MGZ format for volumes.
INFO: not computing global stats
INFO: using ../label/lh.cortex.label as mask to calc cortex NumVert, SurfArea and MeanThickness.
Using TH3 vertex volume calc
Total face volume 296847
Total vertex volume 296659 (mask=0)
Saving annotation colortable ../label/aparc.annot.ctab

table columns are:
    number of vertices
    total surface area (mm^2)
    total gray matter volume (mm^3)
    average cortical thickness +- standard deviation (mm)
    integrated rectified mean curvature
    integrated rectified Gaussian curvature
    folding index
    intrinsic curvature index
    structure name

 1487   1122   2757  2.590 0.532     0.128     0.032      206     1.9  bankssts
  853    671   1382  2.288 0.637     0.142     0.040       29     1.5  caudalanteriorcingulate
 3973   2951   7823  2.761 0.456     0.119     0.027       53     4.2  caudalmiddlefrontal
 2818   2336   4002  1.913 0.597     0.136     0.034       41     4.1  cuneus
  778    762   1961  3.192 0.805     0.201     0.060       16     2.5  entorhinal
 6344   5699  14317  2.837 0.628     0.152     0.040      135    11.0  fusiform
 8942   7279  16761  2.502 0.509     0.135     0.032      147    10.9  inferiorparietal
 6536   6104  15403  2.831 0.567     0.148     0.239      272     9.2  inferiortemporal
 1627   1446   2742  2.172 0.869     0.171     0.047       64     3.2  isthmuscingulate
 8910   7407  14563  2.179 0.663     0.133     0.032      173    12.0  lateraloccipital
 5063   4223  10771  2.795 0.627     0.149     0.043      243     8.9  lateralorbitofrontal
 5133   4678   8613  2.112 0.681     0.163     0.059      209    10.5  lingual
 2715   2417   5422  2.550 0.597     0.141     0.037     2429     3.9  medialorbitofrontal
 5561   5243  13321  2.829 0.613     0.161     0.037     9141     8.1  middletemporal
 1110    936   2077  2.643 0.731     0.155     0.042       16     2.4  parahippocampal
 2690   1807   4176  2.466 0.533     0.099     0.019       34     2.0  paracentral
 3091   2604   6038  2.614 0.507     0.146     0.034       44     4.4  parsopercularis
 1313   1453   3547  2.947 0.612     0.211     0.047       29     2.8  parsorbitalis
 2625   2089   5179  2.656 0.475     0.154     0.050      104     4.4  parstriangularis
 2358   1381   2168  1.526 0.388     0.120     0.037       65     3.1  pericalcarine
 8606   6936  13340  2.093 0.675     0.125     0.024      112     9.0  postcentral
 1999   1613   3615  2.405 0.799     0.141     0.039      107     2.9  posteriorcingulate
 8625   6191  15315  2.566 0.612     0.110     0.026      135     9.0  precentral
 6650   5058  12025  2.481 0.544     0.125     0.030      103     8.2  precuneus
 1364   1088   2287  2.394 0.587     0.160     0.049       32     2.7  rostralanteriorcingulate
 9885   9228  21605  2.573 0.571     0.163     0.036      209    15.3  rostralmiddlefrontal
12533  10744  28160  2.855 0.550     0.139     0.030      227    15.8  superiorfrontal
 9335   7577  15777  2.236 0.554     0.129     0.026      128     9.2  superiorparietal
 6886   5642  15160  2.962 0.643     0.151     0.067      731    11.9  superiortemporal
 6736   5397  13052  2.561 0.476     0.138     0.035      148     8.9  supramarginal
  465    586   1425  2.937 0.616     0.208     0.035       11     0.8  frontalpole
  823    990   2645  3.297 0.719     0.196     0.041       23     1.6  temporalpole
  759    744   1483  2.498 0.590     0.173     0.052        9     1.8  transversetemporal
 4205   2824   7750  2.847 0.639     0.159     0.053      106     9.5  insula
#-----------------------------------------
#@# Parcellation Stats 2 lh Fri Mar  6 18:40:39 CET 2026
/out/sourcedata/freesurfer/sub-v1s10x0051128_ses-1/scripts

 mris_anatomical_stats -th3 -mgz -noglobal -cortex ../label/lh.cortex.label -f ../stats/lh.aparc.a2009s.stats -b -a ../label/lh.aparc.a2009s.annot -c ../label/aparc.annot.a2009s.ctab sub-v1s10x0051128_ses-1 lh white 

computing statistics for each annotation in ../label/lh.aparc.a2009s.annot.
reading volume /out/sourcedata/freesurfer/sub-v1s10x0051128_ses-1/mri/wm.mgz...
reading input surface /out/sourcedata/freesurfer/sub-v1s10x0051128_ses-1/surf/lh.white...
reading input pial surface /out/sourcedata/freesurfer/sub-v1s10x0051128_ses-1/surf/lh.pial...
reading input white surface /out/sourcedata/freesurfer/sub-v1s10x0051128_ses-1/surf/lh.white...
INFO: using TH3 volume calc
INFO: assuming MGZ format for volumes.
INFO: not computing global stats
INFO: using ../label/lh.cortex.label as mask to calc cortex NumVert, SurfArea and MeanThickness.
Using TH3 vertex volume calc
Total face volume 296847
Total vertex volume 296659 (mask=0)
Saving annotation colortable ../label/aparc.annot.a2009s.ctab

table columns are:
    number of vertices
    total surface area (mm^2)
    total gray matter volume (mm^3)
    average cortical thickness +- standard deviation (mm)
    integrated rectified mean curvature
    integrated rectified Gaussian curvature
    folding index
    intrinsic curvature index
    structure name

 1679   1196   3342  2.537 0.576     0.131     0.030       24     1.9  G_and_S_frontomargin
 2095   1472   4572  2.576 0.764     0.142     0.032       25     2.5  G_and_S_occipital_inf
 1976   1140   3230  2.376 0.540     0.093     0.018       13     1.5  G_and_S_paracentral
 1963   1432   4662  2.742 0.534     0.134     0.026       24     2.2  G_and_S_subcentral
  961    722   2408  2.571 0.578     0.132     0.024       17     1.0  G_and_S_transv_frontopol
 2647   1889   4985  2.573 0.484     0.121     0.024       63     2.8  G_and_S_cingul-Ant
 1341    902   2465  2.788 0.394     0.102     0.015        9     0.9  G_and_S_cingul-Mid-Ant
 1464   1027   2674  2.495 0.570     0.110     0.021       14     1.4  G_and_S_cingul-Mid-Post
  716    518   1904  2.928 0.735     0.133     0.028       10     0.8  G_cingul-Post-dorsal
  251    182    621  2.486 0.941     0.139     0.034        5     0.3  G_cingul-Post-ventral
 2585   1838   3701  1.800 0.579     0.142     0.029       33     3.3  G_cuneus
 1539   1097   3690  2.626 0.499     0.109     0.023       20     1.4  G_front_inf-Opercular
  502    379   1489  2.856 0.524     0.133     0.030       10     0.7  G_front_inf-Orbital
 1456   1100   3787  2.777 0.521     0.145     0.033       23     2.1  G_front_inf-Triangul
 5043   3844  13431  2.712 0.601     0.138     0.028       79     6.0  G_front_middle
 8471   5944  21375  2.990 0.531     0.124     0.025       99     8.7  G_front_sup
  776    516   1452  2.596 0.564     0.114     0.032       10     0.9  G_Ins_lg_and_S_cent_ins
  887    630   2398  3.036 0.706     0.118     0.027       11     0.9  G_insular_short
 2743   1911   6296  2.622 0.598     0.138     0.029       39     3.1  G_occipital_middle
 1746   1225   2634  1.921 0.525     0.143     0.030       23     2.1  G_occipital_sup
 2826   1918   7446  2.928 0.648     0.124     0.024       37     2.7  G_oc-temp_lat-fusifor
 3497   2508   6468  2.057 0.747     0.146     0.036       51     5.4  G_oc-temp_med-Lingual
 1237    761   2788  2.932 0.791     0.080     0.015        6     0.7  G_oc-temp_med-Parahip
 3082   2295   8572  2.942 0.704     0.140     0.030       45     3.7  G_orbital
 3330   2359   7143  2.492 0.532     0.121     0.023       42     3.4  G_pariet_inf-Angular
 3282   2345   8048  2.735 0.525     0.118     0.021       37     3.0  G_pariet_inf-Supramar
 3232   2248   7202  2.498 0.605     0.126     0.025       41     3.2  G_parietal_sup
 3463   2306   6006  2.163 0.657     0.123     0.026       36     3.8  G_postcentral
 3137   2009   6853  2.670 0.633     0.110     0.022       28     2.8  G_precentral
 3154   2170   7420  2.659 0.575     0.121     0.024       40     3.0  G_precuneus
 1071    827   2852  2.638 0.665     0.131     0.030       17     1.3  G_rectus
  640    451   1222  2.529 0.863     0.125     0.042        7     1.1  G_subcallosal
  586    374   1306  2.646 0.602     0.091     0.016        4     0.3  G_temp_sup-G_T_transv
 2371   1632   7213  3.181 0.627     0.128     0.025       34     2.4  G_temp_sup-Lateral
  948    612   2314  3.265 0.766     0.074     0.010        3     0.4  G_temp_sup-Plan_polar
 1209    775   2063  2.683 0.338     0.087     0.012        6     0.6  G_temp_sup-Plan_tempo
 3644   2646  10994  3.007 0.586     0.125     0.026       50     3.9  G_temporal_inf
 3059   2173   8792  2.963 0.599     0.128     0.026       44     3.3  G_temporal_middle
  340    229    482  2.448 0.307     0.086     0.012        2     0.1  Lat_Fis-ant-Horizont
  469    323    615  2.348 0.401     0.103     0.012        3     0.2  Lat_Fis-ant-Vertical
 1341    879   1697  2.430 0.499     0.113     0.026       12     1.4  Lat_Fis-post
 2508   1666   3610  1.916 0.624     0.136     0.029       30     3.2  Pole_occipital
 2100   1536   6805  3.224 0.697     0.126     0.023       26     2.1  Pole_temporal
 3099   2206   3489  1.797 0.573     0.124     0.028       30     3.7  S_calcarine
 3860   2530   3821  1.767 0.551     0.103     0.019       25     3.0  S_central
 1269    837   1728  2.360 0.467     0.091     0.010        6     0.6  S_cingul-Marginalis
  636    431   1182  3.090 0.527     0.092     0.015        3     0.3  S_circular_insula_ant
 1786   1155   2689  2.940 0.638     0.086     0.013       16     1.0  S_circular_insula_inf
 2210   1439   3166  2.784 0.435     0.090     0.014        9     1.4  S_circular_insula_sup
 1410    945   2182  2.605 0.497     0.096     0.013        8     0.9  S_collat_transv_ant
  766    507    840  2.079 0.467     0.115     0.026        5     0.9  S_collat_transv_post
 3306   2314   5588  2.501 0.457     0.118     0.025       31     3.2  S_front_inf
 1469   1039   2359  2.483 0.445     0.115     0.022       11     1.3  S_front_middle
 3489   2352   5474  2.536 0.452     0.097     0.015       20     2.2  S_front_sup
   99     68    161  2.592 0.335     0.103     0.029        1     0.0  S_interm_prim-Jensen
 3309   2258   4350  2.134 0.394     0.104     0.017       25     2.3  S_intrapariet_and_P_trans
 1303    878   1587  2.068 0.396     0.103     0.018        7     1.1  S_oc_middle_and_Lunatus
 2008   1326   2486  2.060 0.433     0.110     0.020       15     1.8  S_oc_sup_and_transversal
  771    527   1062  2.328 0.418     0.120     0.020        6     0.7  S_occipital_ant
 1298    872   1965  2.628 0.473     0.102     0.016        7     0.9  S_oc-temp_lat
 2508   1672   3725  2.562 0.488     0.098     0.018       14     1.8  S_oc-temp_med_and_Lingual
  542    378    783  2.450 0.464     0.118     0.022        3     0.6  S_orbital_lateral
  911    593   1138  2.437 0.617     0.099     0.015        6     0.5  S_orbital_med-olfact
 1924   1401   3758  2.796 0.521     0.132     0.027       24     2.4  S_orbital-H_Shaped
 2788   1840   3693  2.234 0.526     0.101     0.016       18     2.0  S_parieto_occipital
 1355    819    941  1.426 0.468     0.099     0.014       19     0.9  S_pericallosal
 3948   2615   5496  2.245 0.468     0.095     0.015       24     2.5  S_postcentral
 2298   1513   3710  2.806 0.404     0.089     0.013       11     1.4  S_precentral-inf-part
 1552   1024   2355  2.605 0.501     0.100     0.018        9     1.2  S_precentral-sup-part
  882    581   1137  2.435 0.455     0.095     0.012        5     0.5  S_suborbital
 1303    868   1862  2.469 0.398     0.110     0.019        9     1.1  S_subparietal
 2054   1373   2896  2.473 0.437     0.099     0.016       12     1.4  S_temporal_inf
 6791   4554  11389  2.658 0.507     0.103     0.017       50     4.9  S_temporal_sup
  487    328    619  2.305 0.289     0.096     0.010        3     0.2  S_temporal_transverse
#-----------------------------------------
#@# Parcellation Stats 3 lh Fri Mar  6 18:40:51 CET 2026
/out/sourcedata/freesurfer/sub-v1s10x0051128_ses-1/scripts

 mris_anatomical_stats -th3 -mgz -noglobal -cortex ../label/lh.cortex.label -f ../stats/lh.aparc.DKTatlas.stats -b -a ../label/lh.aparc.DKTatlas.annot -c ../label/aparc.annot.DKTatlas.ctab sub-v1s10x0051128_ses-1 lh white 

computing statistics for each annotation in ../label/lh.aparc.DKTatlas.annot.
reading volume /out/sourcedata/freesurfer/sub-v1s10x0051128_ses-1/mri/wm.mgz...
reading input surface /out/sourcedata/freesurfer/sub-v1s10x0051128_ses-1/surf/lh.white...
reading input pial surface /out/sourcedata/freesurfer/sub-v1s10x0051128_ses-1/surf/lh.pial...
reading input white surface /out/sourcedata/freesurfer/sub-v1s10x0051128_ses-1/surf/lh.white...
INFO: using TH3 volume calc
INFO: assuming MGZ format for volumes.
INFO: not computing global stats
INFO: using ../label/lh.cortex.label as mask to calc cortex NumVert, SurfArea and MeanThickness.
Using TH3 vertex volume calc
Total face volume 296847
Total vertex volume 296659 (mask=0)
Saving annotation colortable ../label/aparc.annot.DKTatlas.ctab

table columns are:
    number of vertices
    total surface area (mm^2)
    total gray matter volume (mm^3)
    average cortical thickness +- standard deviation (mm)
    integrated rectified mean curvature
    integrated rectified Gaussian curvature
    folding index
    intrinsic curvature index
    structure name

 1733   1120   3164  2.572 0.626     0.108     0.017       19     1.2  caudalanteriorcingulate
 4260   2924   8520  2.765 0.462     0.111     0.019       35     3.4  caudalmiddlefrontal
 3892   2674   5526  1.932 0.572     0.125     0.024       40     4.2  cuneus
  715    442   1633  3.112 0.776     0.075     0.012        3     0.3  entorhinal
 5778   3898  12799  2.795 0.611     0.114     0.022       57     5.2  fusiform
 9106   6282  16963  2.489 0.505     0.116     0.021       95     8.1  inferiorparietal
 6637   4698  16517  2.910 0.609     0.116     0.022       70     5.8  inferiortemporal
 1627   1095   2736  2.189 0.858     0.104     0.020       18     1.3  isthmuscingulate
 9001   6124  14582  2.171 0.659     0.134     0.029      101    10.7  lateraloccipital
 5534   3949  11921  2.754 0.684     0.130     0.028       73     6.6  lateralorbitofrontal
 5220   3698   8693  2.102 0.678     0.128     0.028       57     6.3  lingual
 2516   1812   5220  2.553 0.645     0.115     0.026       28     2.9  medialorbitofrontal
 7129   4962  16163  2.783 0.594     0.117     0.021       76     6.4  middletemporal
 1178    746   2199  2.638 0.723     0.094     0.021        9     1.1  parahippocampal
 3136   1890   5075  2.510 0.556     0.100     0.017       22     2.2  paracentral
 2927   2025   5746  2.631 0.483     0.104     0.020       29     2.1  parsopercularis
 1293    923   3079  2.879 0.615     0.122     0.024       16     1.2  parsorbitalis
 3112   2253   6317  2.650 0.493     0.125     0.024       34     3.3  parstriangularis
 2370   1694   2167  1.520 0.387     0.142     0.034       29     3.4  pericalcarine
 9729   6516  15084  2.115 0.661     0.109     0.021       82     8.5  postcentral
 2179   1516   3824  2.399 0.782     0.117     0.022       27     2.2  posteriorcingulate
 8554   5554  15135  2.573 0.609     0.105     0.019       64     7.0  precentral
 6381   4352  11969  2.519 0.531     0.112     0.020       60     5.4  precuneus
 1980   1384   3718  2.528 0.588     0.120     0.025       57     2.2  rostralanteriorcingulate
 7336   5471  16552  2.609 0.561     0.134     0.030       99     8.9  rostralmiddlefrontal
13141   9386  29399  2.793 0.568     0.118     0.022      138    12.2  superiorfrontal
 7253   4953  12587  2.270 0.565     0.115     0.021       75     5.9  superiorparietal
 8810   5900  19619  2.934 0.654     0.104     0.018       76     6.9  superiortemporal
 6071   4208  11715  2.566 0.480     0.113     0.021       56     5.2  supramarginal
  759    496   1470  2.492 0.591     0.092     0.015        4     0.4  transversetemporal
 3441   2308   6567  2.945 0.584     0.102     0.020       36     2.5  insula
/out/sourcedata/freesurfer/sub-v1s10x0051128_ses-1/label
#--------------------------------------------
#@# BA_exvivo Labels lh Fri Mar  6 18:41:03 CET 2026

 mri_label2label --srcsubject fsaverage --srclabel /out/sourcedata/freesurfer/fsaverage/label/lh.BA1_exvivo.label --trgsubject sub-v1s10x0051128_ses-1 --trglabel ./lh.BA1_exvivo.label --hemi lh --regmethod surface 


srclabel = /out/sourcedata/freesurfer/fsaverage/label/lh.BA1_exvivo.label
srcsubject = fsaverage
trgsubject = sub-v1s10x0051128_ses-1
trglabel = ./lh.BA1_exvivo.label
regmethod = surface

srchemi = lh
trghemi = lh
trgsurface = white
srcsurfreg = sphere.reg
trgsurfreg = sphere.reg
usehash = 1
Use ProjAbs  = 0, 0
Use ProjFrac = 0, 0
DoPaint 0

SUBJECTS_DIR    /out/sourcedata/freesurfer
FREESURFER_HOME /opt/freesurfer
Loading source label.
Found 4129 points in source label.
Starting surface-based mapping
Reading source registration 
 /out/sourcedata/freesurfer/fsaverage/surf/lh.sphere.reg
Rescaling ...  original radius = 100
Reading target surface 
 /out/sourcedata/freesurfer/sub-v1s10x0051128_ses-1/surf/lh.white
Reading target registration 
 /out/sourcedata/freesurfer/sub-v1s10x0051128_ses-1/surf/lh.sphere.reg
Rescaling ...  original radius = 100
Building target registration hash (res=16).
Building source registration hash (res=16).
INFO: found  4129 nlabel points
Performing mapping from target back to the source label 162589
Number of reverse mapping hits = 732
Checking for and removing duplicates
Writing label file ./lh.BA1_exvivo.label 4861
mri_label2label: Done


 mri_label2label --srcsubject fsaverage --srclabel /out/sourcedata/freesurfer/fsaverage/label/lh.BA2_exvivo.label --trgsubject sub-v1s10x0051128_ses-1 --trglabel ./lh.BA2_exvivo.label --hemi lh --regmethod surface 


srclabel = /out/sourcedata/freesurfer/fsaverage/label/lh.BA2_exvivo.label
srcsubject = fsaverage
trgsubject = sub-v1s10x0051128_ses-1
trglabel = ./lh.BA2_exvivo.label
regmethod = surface

srchemi = lh
trghemi = lh
trgsurface = white
srcsurfreg = sphere.reg
trgsurfreg = sphere.reg
usehash = 1
Use ProjAbs  = 0, 0
Use ProjFrac = 0, 0
DoPaint 0

SUBJECTS_DIR    /out/sourcedata/freesurfer
FREESURFER_HOME /opt/freesurfer
Loading source label.
Found 7909 points in source label.
Starting surface-based mapping
Reading source registration 
 /out/sourcedata/freesurfer/fsaverage/surf/lh.sphere.reg
Rescaling ...  original radius = 100
Reading target surface 
 /out/sourcedata/freesurfer/sub-v1s10x0051128_ses-1/surf/lh.white
Reading target registration 
 /out/sourcedata/freesurfer/sub-v1s10x0051128_ses-1/surf/lh.sphere.reg
Rescaling ...  original radius = 100
Building target registration hash (res=16).
Building source registration hash (res=16).
INFO: found  7909 nlabel points
Performing mapping from target back to the source label 162589
Number of reverse mapping hits = 1037
Checking for and removing duplicates
Writing label file ./lh.BA2_exvivo.label 8946
mri_label2label: Done


 mri_label2label --srcsubject fsaverage --srclabel /out/sourcedata/freesurfer/fsaverage/label/lh.BA3a_exvivo.label --trgsubject sub-v1s10x0051128_ses-1 --trglabel ./lh.BA3a_exvivo.label --hemi lh --regmethod surface 


srclabel = /out/sourcedata/freesurfer/fsaverage/label/lh.BA3a_exvivo.label
srcsubject = fsaverage
trgsubject = sub-v1s10x0051128_ses-1
trglabel = ./lh.BA3a_exvivo.label
regmethod = surface

srchemi = lh
trghemi = lh
trgsurface = white
srcsurfreg = sphere.reg
trgsurfreg = sphere.reg
usehash = 1
Use ProjAbs  = 0, 0
Use ProjFrac = 0, 0
DoPaint 0

SUBJECTS_DIR    /out/sourcedata/freesurfer
FREESURFER_HOME /opt/freesurfer
Loading source label.
Found 4077 points in source label.
Starting surface-based mapping
Reading source registration 
 /out/sourcedata/freesurfer/fsaverage/surf/lh.sphere.reg
Rescaling ...  original radius = 100
Reading target surface 
 /out/sourcedata/freesurfer/sub-v1s10x0051128_ses-1/surf/lh.white
Reading target registration 
 /out/sourcedata/freesurfer/sub-v1s10x0051128_ses-1/surf/lh.sphere.reg
Rescaling ...  original radius = 100
Building target registration hash (res=16).
Building source registration hash (res=16).
INFO: found  4077 nlabel points
Performing mapping from target back to the source label 162589
Number of reverse mapping hits = 175
Checking for and removing duplicates
Writing label file ./lh.BA3a_exvivo.label 4252
mri_label2label: Done


 mri_label2label --srcsubject fsaverage --srclabel /out/sourcedata/freesurfer/fsaverage/label/lh.BA3b_exvivo.label --trgsubject sub-v1s10x0051128_ses-1 --trglabel ./lh.BA3b_exvivo.label --hemi lh --regmethod surface 


srclabel = /out/sourcedata/freesurfer/fsaverage/label/lh.BA3b_exvivo.label
srcsubject = fsaverage
trgsubject = sub-v1s10x0051128_ses-1
trglabel = ./lh.BA3b_exvivo.label
regmethod = surface

srchemi = lh
trghemi = lh
trgsurface = white
srcsurfreg = sphere.reg
trgsurfreg = sphere.reg
usehash = 1
Use ProjAbs  = 0, 0
Use ProjFrac = 0, 0
DoPaint 0

SUBJECTS_DIR    /out/sourcedata/freesurfer
FREESURFER_HOME /opt/freesurfer
Loading source label.
Found 5983 points in source label.
Starting surface-based mapping
Reading source registration 
 /out/sourcedata/freesurfer/fsaverage/surf/lh.sphere.reg
Rescaling ...  original radius = 100
Reading target surface 
 /out/sourcedata/freesurfer/sub-v1s10x0051128_ses-1/surf/lh.white
Reading target registration 
 /out/sourcedata/freesurfer/sub-v1s10x0051128_ses-1/surf/lh.sphere.reg
Rescaling ...  original radius = 100
Building target registration hash (res=16).
Building source registration hash (res=16).
INFO: found  5983 nlabel points
Performing mapping from target back to the source label 162589
Number of reverse mapping hits = 670
Checking for and removing duplicates
Writing label file ./lh.BA3b_exvivo.label 6653
mri_label2label: Done


 mri_label2label --srcsubject fsaverage --srclabel /out/sourcedata/freesurfer/fsaverage/label/lh.BA4a_exvivo.label --trgsubject sub-v1s10x0051128_ses-1 --trglabel ./lh.BA4a_exvivo.label --hemi lh --regmethod surface 


srclabel = /out/sourcedata/freesurfer/fsaverage/label/lh.BA4a_exvivo.label
srcsubject = fsaverage
trgsubject = sub-v1s10x0051128_ses-1
trglabel = ./lh.BA4a_exvivo.label
regmethod = surface

srchemi = lh
trghemi = lh
trgsurface = white
srcsurfreg = sphere.reg
trgsurfreg = sphere.reg
usehash = 1
Use ProjAbs  = 0, 0
Use ProjFrac = 0, 0
DoPaint 0

SUBJECTS_DIR    /out/sourcedata/freesurfer
FREESURFER_HOME /opt/freesurfer
Loading source label.
Found 5784 points in source label.
Starting surface-based mapping
Reading source registration 
 /out/sourcedata/freesurfer/fsaverage/surf/lh.sphere.reg
Rescaling ...  original radius = 100
Reading target surface 
 /out/sourcedata/freesurfer/sub-v1s10x0051128_ses-1/surf/lh.white
Reading target registration 
 /out/sourcedata/freesurfer/sub-v1s10x0051128_ses-1/surf/lh.sphere.reg
Rescaling ...  original radius = 100
Building target registration hash (res=16).
Building source registration hash (res=16).
INFO: found  5784 nlabel points
Performing mapping from target back to the source label 162589
Number of reverse mapping hits = 449
Checking for and removing duplicates
Writing label file ./lh.BA4a_exvivo.label 6233
mri_label2label: Done


 mri_label2label --srcsubject fsaverage --srclabel /out/sourcedata/freesurfer/fsaverage/label/lh.BA4p_exvivo.label --trgsubject sub-v1s10x0051128_ses-1 --trglabel ./lh.BA4p_exvivo.label --hemi lh --regmethod surface 


srclabel = /out/sourcedata/freesurfer/fsaverage/label/lh.BA4p_exvivo.label
srcsubject = fsaverage
trgsubject = sub-v1s10x0051128_ses-1
trglabel = ./lh.BA4p_exvivo.label
regmethod = surface

srchemi = lh
trghemi = lh
trgsurface = white
srcsurfreg = sphere.reg
trgsurfreg = sphere.reg
usehash = 1
Use ProjAbs  = 0, 0
Use ProjFrac = 0, 0
DoPaint 0

SUBJECTS_DIR    /out/sourcedata/freesurfer
FREESURFER_HOME /opt/freesurfer
Loading source label.
Found 4070 points in source label.
Starting surface-based mapping
Reading source registration 
 /out/sourcedata/freesurfer/fsaverage/surf/lh.sphere.reg
Rescaling ...  original radius = 100
Reading target surface 
 /out/sourcedata/freesurfer/sub-v1s10x0051128_ses-1/surf/lh.white
Reading target registration 
 /out/sourcedata/freesurfer/sub-v1s10x0051128_ses-1/surf/lh.sphere.reg
Rescaling ...  original radius = 100
Building target registration hash (res=16).
Building source registration hash (res=16).
INFO: found  4070 nlabel points
Performing mapping from target back to the source label 162589
Number of reverse mapping hits = 219
Checking for and removing duplicates
Writing label file ./lh.BA4p_exvivo.label 4289
mri_label2label: Done


 mri_label2label --srcsubject fsaverage --srclabel /out/sourcedata/freesurfer/fsaverage/label/lh.BA6_exvivo.label --trgsubject sub-v1s10x0051128_ses-1 --trglabel ./lh.BA6_exvivo.label --hemi lh --regmethod surface 


srclabel = /out/sourcedata/freesurfer/fsaverage/label/lh.BA6_exvivo.label
srcsubject = fsaverage
trgsubject = sub-v1s10x0051128_ses-1
trglabel = ./lh.BA6_exvivo.label
regmethod = surface

srchemi = lh
trghemi = lh
trgsurface = white
srcsurfreg = sphere.reg
trgsurfreg = sphere.reg
usehash = 1
Use ProjAbs  = 0, 0
Use ProjFrac = 0, 0
DoPaint 0

SUBJECTS_DIR    /out/sourcedata/freesurfer
FREESURFER_HOME /opt/freesurfer
Loading source label.
Found 13589 points in source label.
Starting surface-based mapping
Reading source registration 
 /out/sourcedata/freesurfer/fsaverage/surf/lh.sphere.reg
Rescaling ...  original radius = 100
Reading target surface 
 /out/sourcedata/freesurfer/sub-v1s10x0051128_ses-1/surf/lh.white
Reading target registration 
 /out/sourcedata/freesurfer/sub-v1s10x0051128_ses-1/surf/lh.sphere.reg
Rescaling ...  original radius = 100
Building target registration hash (res=16).
Building source registration hash (res=16).
INFO: found  13589 nlabel points
Performing mapping from target back to the source label 162589
Number of reverse mapping hits = 1249
Checking for and removing duplicates
Writing label file ./lh.BA6_exvivo.label 14838
mri_label2label: Done


 mri_label2label --srcsubject fsaverage --srclabel /out/sourcedata/freesurfer/fsaverage/label/lh.BA44_exvivo.label --trgsubject sub-v1s10x0051128_ses-1 --trglabel ./lh.BA44_exvivo.label --hemi lh --regmethod surface 


srclabel = /out/sourcedata/freesurfer/fsaverage/label/lh.BA44_exvivo.label
srcsubject = fsaverage
trgsubject = sub-v1s10x0051128_ses-1
trglabel = ./lh.BA44_exvivo.label
regmethod = surface

srchemi = lh
trghemi = lh
trgsurface = white
srcsurfreg = sphere.reg
trgsurfreg = sphere.reg
usehash = 1
Use ProjAbs  = 0, 0
Use ProjFrac = 0, 0
DoPaint 0

SUBJECTS_DIR    /out/sourcedata/freesurfer
FREESURFER_HOME /opt/freesurfer
Loading source label.
Found 4181 points in source label.
Starting surface-based mapping
Reading source registration 
 /out/sourcedata/freesurfer/fsaverage/surf/lh.sphere.reg
Rescaling ...  original radius = 100
Reading target surface 
 /out/sourcedata/freesurfer/sub-v1s10x0051128_ses-1/surf/lh.white
Reading target registration 
 /out/sourcedata/freesurfer/sub-v1s10x0051128_ses-1/surf/lh.sphere.reg
Rescaling ...  original radius = 100
Building target registration hash (res=16).
Building source registration hash (res=16).
INFO: found  4181 nlabel points
Performing mapping from target back to the source label 162589
Number of reverse mapping hits = 502
Checking for and removing duplicates
Writing label file ./lh.BA44_exvivo.label 4683
mri_label2label: Done


 mri_label2label --srcsubject fsaverage --srclabel /out/sourcedata/freesurfer/fsaverage/label/lh.BA45_exvivo.label --trgsubject sub-v1s10x0051128_ses-1 --trglabel ./lh.BA45_exvivo.label --hemi lh --regmethod surface 


srclabel = /out/sourcedata/freesurfer/fsaverage/label/lh.BA45_exvivo.label
srcsubject = fsaverage
trgsubject = sub-v1s10x0051128_ses-1
trglabel = ./lh.BA45_exvivo.label
regmethod = surface

srchemi = lh
trghemi = lh
trgsurface = white
srcsurfreg = sphere.reg
trgsurfreg = sphere.reg
usehash = 1
Use ProjAbs  = 0, 0
Use ProjFrac = 0, 0
DoPaint 0

SUBJECTS_DIR    /out/sourcedata/freesurfer
FREESURFER_HOME /opt/freesurfer
Loading source label.
Found 3422 points in source label.
Starting surface-based mapping
Reading source registration 
 /out/sourcedata/freesurfer/fsaverage/surf/lh.sphere.reg
Rescaling ...  original radius = 100
Reading target surface 
 /out/sourcedata/freesurfer/sub-v1s10x0051128_ses-1/surf/lh.white
Reading target registration 
 /out/sourcedata/freesurfer/sub-v1s10x0051128_ses-1/surf/lh.sphere.reg
Rescaling ...  original radius = 100
Building target registration hash (res=16).
Building source registration hash (res=16).
INFO: found  3422 nlabel points
Performing mapping from target back to the source label 162589
Number of reverse mapping hits = 1299
Checking for and removing duplicates
Writing label file ./lh.BA45_exvivo.label 4721
mri_label2label: Done


 mri_label2label --srcsubject fsaverage --srclabel /out/sourcedata/freesurfer/fsaverage/label/lh.V1_exvivo.label --trgsubject sub-v1s10x0051128_ses-1 --trglabel ./lh.V1_exvivo.label --hemi lh --regmethod surface 


srclabel = /out/sourcedata/freesurfer/fsaverage/label/lh.V1_exvivo.label
srcsubject = fsaverage
trgsubject = sub-v1s10x0051128_ses-1
trglabel = ./lh.V1_exvivo.label
regmethod = surface

srchemi = lh
trghemi = lh
trgsurface = white
srcsurfreg = sphere.reg
trgsurfreg = sphere.reg
usehash = 1
Use ProjAbs  = 0, 0
Use ProjFrac = 0, 0
DoPaint 0

SUBJECTS_DIR    /out/sourcedata/freesurfer
FREESURFER_HOME /opt/freesurfer
Loading source label.
Found 4641 points in source label.
Starting surface-based mapping
Reading source registration 
 /out/sourcedata/freesurfer/fsaverage/surf/lh.sphere.reg
Rescaling ...  original radius = 100
Reading target surface 
 /out/sourcedata/freesurfer/sub-v1s10x0051128_ses-1/surf/lh.white
Reading target registration 
 /out/sourcedata/freesurfer/sub-v1s10x0051128_ses-1/surf/lh.sphere.reg
Rescaling ...  original radius = 100
Building target registration hash (res=16).
Building source registration hash (res=16).
INFO: found  4641 nlabel points
Performing mapping from target back to the source label 162589
Number of reverse mapping hits = 1667
Checking for and removing duplicates
Writing label file ./lh.V1_exvivo.label 6308
mri_label2label: Done


 mri_label2label --srcsubject fsaverage --srclabel /out/sourcedata/freesurfer/fsaverage/label/lh.V2_exvivo.label --trgsubject sub-v1s10x0051128_ses-1 --trglabel ./lh.V2_exvivo.label --hemi lh --regmethod surface 


srclabel = /out/sourcedata/freesurfer/fsaverage/label/lh.V2_exvivo.label
srcsubject = fsaverage
trgsubject = sub-v1s10x0051128_ses-1
trglabel = ./lh.V2_exvivo.label
regmethod = surface

srchemi = lh
trghemi = lh
trgsurface = white
srcsurfreg = sphere.reg
trgsurfreg = sphere.reg
usehash = 1
Use ProjAbs  = 0, 0
Use ProjFrac = 0, 0
DoPaint 0

SUBJECTS_DIR    /out/sourcedata/freesurfer
FREESURFER_HOME /opt/freesurfer
Loading source label.
Found 8114 points in source label.
Starting surface-based mapping
Reading source registration 
 /out/sourcedata/freesurfer/fsaverage/surf/lh.sphere.reg
Rescaling ...  original radius = 100
Reading target surface 
 /out/sourcedata/freesurfer/sub-v1s10x0051128_ses-1/surf/lh.white
Reading target registration 
 /out/sourcedata/freesurfer/sub-v1s10x0051128_ses-1/surf/lh.sphere.reg
Rescaling ...  original radius = 100
Building target registration hash (res=16).
Building source registration hash (res=16).
INFO: found  8114 nlabel points
Performing mapping from target back to the source label 162589
Number of reverse mapping hits = 3470
Checking for and removing duplicates
Writing label file ./lh.V2_exvivo.label 11584
mri_label2label: Done


 mri_label2label --srcsubject fsaverage --srclabel /out/sourcedata/freesurfer/fsaverage/label/lh.MT_exvivo.label --trgsubject sub-v1s10x0051128_ses-1 --trglabel ./lh.MT_exvivo.label --hemi lh --regmethod surface 


srclabel = /out/sourcedata/freesurfer/fsaverage/label/lh.MT_exvivo.label
srcsubject = fsaverage
trgsubject = sub-v1s10x0051128_ses-1
trglabel = ./lh.MT_exvivo.label
regmethod = surface

srchemi = lh
trghemi = lh
trgsurface = white
srcsurfreg = sphere.reg
trgsurfreg = sphere.reg
usehash = 1
Use ProjAbs  = 0, 0
Use ProjFrac = 0, 0
DoPaint 0

SUBJECTS_DIR    /out/sourcedata/freesurfer
FREESURFER_HOME /opt/freesurfer
Loading source label.
Found 2018 points in source label.
Starting surface-based mapping
Reading source registration 
 /out/sourcedata/freesurfer/fsaverage/surf/lh.sphere.reg
Rescaling ...  original radius = 100
Reading target surface 
 /out/sourcedata/freesurfer/sub-v1s10x0051128_ses-1/surf/lh.white
Reading target registration 
 /out/sourcedata/freesurfer/sub-v1s10x0051128_ses-1/surf/lh.sphere.reg
Rescaling ...  original radius = 100
Building target registration hash (res=16).
Building source registration hash (res=16).
INFO: found  2018 nlabel points
Performing mapping from target back to the source label 162589
Number of reverse mapping hits = 535
Checking for and removing duplicates
Writing label file ./lh.MT_exvivo.label 2553
mri_label2label: Done


 mri_label2label --srcsubject fsaverage --srclabel /out/sourcedata/freesurfer/fsaverage/label/lh.entorhinal_exvivo.label --trgsubject sub-v1s10x0051128_ses-1 --trglabel ./lh.entorhinal_exvivo.label --hemi lh --regmethod surface 


srclabel = /out/sourcedata/freesurfer/fsaverage/label/lh.entorhinal_exvivo.label
srcsubject = fsaverage
trgsubject = sub-v1s10x0051128_ses-1
trglabel = ./lh.entorhinal_exvivo.label
regmethod = surface

srchemi = lh
trghemi = lh
trgsurface = white
srcsurfreg = sphere.reg
trgsurfreg = sphere.reg
usehash = 1
Use ProjAbs  = 0, 0
Use ProjFrac = 0, 0
DoPaint 0

SUBJECTS_DIR    /out/sourcedata/freesurfer
FREESURFER_HOME /opt/freesurfer
Loading source label.
Found 1290 points in source label.
Starting surface-based mapping
Reading source registration 
 /out/sourcedata/freesurfer/fsaverage/surf/lh.sphere.reg
Rescaling ...  original radius = 100
Reading target surface 
 /out/sourcedata/freesurfer/sub-v1s10x0051128_ses-1/surf/lh.white
Reading target registration 
 /out/sourcedata/freesurfer/sub-v1s10x0051128_ses-1/surf/lh.sphere.reg
Rescaling ...  original radius = 100
Building target registration hash (res=16).
Building source registration hash (res=16).
INFO: found  1290 nlabel points
Performing mapping from target back to the source label 162589
Number of reverse mapping hits = 185
Checking for and removing duplicates
Writing label file ./lh.entorhinal_exvivo.label 1475
mri_label2label: Done


 mri_label2label --srcsubject fsaverage --srclabel /out/sourcedata/freesurfer/fsaverage/label/lh.perirhinal_exvivo.label --trgsubject sub-v1s10x0051128_ses-1 --trglabel ./lh.perirhinal_exvivo.label --hemi lh --regmethod surface 


srclabel = /out/sourcedata/freesurfer/fsaverage/label/lh.perirhinal_exvivo.label
srcsubject = fsaverage
trgsubject = sub-v1s10x0051128_ses-1
trglabel = ./lh.perirhinal_exvivo.label
regmethod = surface

srchemi = lh
trghemi = lh
trgsurface = white
srcsurfreg = sphere.reg
trgsurfreg = sphere.reg
usehash = 1
Use ProjAbs  = 0, 0
Use ProjFrac = 0, 0
DoPaint 0

SUBJECTS_DIR    /out/sourcedata/freesurfer
FREESURFER_HOME /opt/freesurfer
Loading source label.
Found 1199 points in source label.
Starting surface-based mapping
Reading source registration 
 /out/sourcedata/freesurfer/fsaverage/surf/lh.sphere.reg
Rescaling ...  original radius = 100
Reading target surface 
 /out/sourcedata/freesurfer/sub-v1s10x0051128_ses-1/surf/lh.white
Reading target registration 
 /out/sourcedata/freesurfer/sub-v1s10x0051128_ses-1/surf/lh.sphere.reg
Rescaling ...  original radius = 100
Building target registration hash (res=16).
Building source registration hash (res=16).
INFO: found  1199 nlabel points
Performing mapping from target back to the source label 162589
Number of reverse mapping hits = 188
Checking for and removing duplicates
Writing label file ./lh.perirhinal_exvivo.label 1387
mri_label2label: Done


 mri_label2label --srcsubject fsaverage --srclabel /out/sourcedata/freesurfer/fsaverage/label/lh.FG1.mpm.vpnl.label --trgsubject sub-v1s10x0051128_ses-1 --trglabel ./lh.FG1.mpm.vpnl.label --hemi lh --regmethod surface 


srclabel = /out/sourcedata/freesurfer/fsaverage/label/lh.FG1.mpm.vpnl.label
srcsubject = fsaverage
trgsubject = sub-v1s10x0051128_ses-1
trglabel = ./lh.FG1.mpm.vpnl.label
regmethod = surface

srchemi = lh
trghemi = lh
trgsurface = white
srcsurfreg = sphere.reg
trgsurfreg = sphere.reg
usehash = 1
Use ProjAbs  = 0, 0
Use ProjFrac = 0, 0
DoPaint 0

SUBJECTS_DIR    /out/sourcedata/freesurfer
FREESURFER_HOME /opt/freesurfer
Loading source label.
Found 414 points in source label.
Starting surface-based mapping
Reading source registration 
 /out/sourcedata/freesurfer/fsaverage/surf/lh.sphere.reg
Rescaling ...  original radius = 100
Reading target surface 
 /out/sourcedata/freesurfer/sub-v1s10x0051128_ses-1/surf/lh.white
Reading target registration 
 /out/sourcedata/freesurfer/sub-v1s10x0051128_ses-1/surf/lh.sphere.reg
Rescaling ...  original radius = 100
Building target registration hash (res=16).
Building source registration hash (res=16).
INFO: found  414 nlabel points
Performing mapping from target back to the source label 162589
Number of reverse mapping hits = 223
Checking for and removing duplicates
Writing label file ./lh.FG1.mpm.vpnl.label 637
mri_label2label: Done


 mri_label2label --srcsubject fsaverage --srclabel /out/sourcedata/freesurfer/fsaverage/label/lh.FG2.mpm.vpnl.label --trgsubject sub-v1s10x0051128_ses-1 --trglabel ./lh.FG2.mpm.vpnl.label --hemi lh --regmethod surface 


srclabel = /out/sourcedata/freesurfer/fsaverage/label/lh.FG2.mpm.vpnl.label
srcsubject = fsaverage
trgsubject = sub-v1s10x0051128_ses-1
trglabel = ./lh.FG2.mpm.vpnl.label
regmethod = surface

srchemi = lh
trghemi = lh
trgsurface = white
srcsurfreg = sphere.reg
trgsurfreg = sphere.reg
usehash = 1
Use ProjAbs  = 0, 0
Use ProjFrac = 0, 0
DoPaint 0

SUBJECTS_DIR    /out/sourcedata/freesurfer
FREESURFER_HOME /opt/freesurfer
Loading source label.
Found 703 points in source label.
Starting surface-based mapping
Reading source registration 
 /out/sourcedata/freesurfer/fsaverage/surf/lh.sphere.reg
Rescaling ...  original radius = 100
Reading target surface 
 /out/sourcedata/freesurfer/sub-v1s10x0051128_ses-1/surf/lh.white
Reading target registration 
 /out/sourcedata/freesurfer/sub-v1s10x0051128_ses-1/surf/lh.sphere.reg
Rescaling ...  original radius = 100
Building target registration hash (res=16).
Building source registration hash (res=16).
INFO: found  703 nlabel points
Performing mapping from target back to the source label 162589
Number of reverse mapping hits = 320
Checking for and removing duplicates
Writing label file ./lh.FG2.mpm.vpnl.label 1023
mri_label2label: Done


 mri_label2label --srcsubject fsaverage --srclabel /out/sourcedata/freesurfer/fsaverage/label/lh.FG3.mpm.vpnl.label --trgsubject sub-v1s10x0051128_ses-1 --trglabel ./lh.FG3.mpm.vpnl.label --hemi lh --regmethod surface 


srclabel = /out/sourcedata/freesurfer/fsaverage/label/lh.FG3.mpm.vpnl.label
srcsubject = fsaverage
trgsubject = sub-v1s10x0051128_ses-1
trglabel = ./lh.FG3.mpm.vpnl.label
regmethod = surface

srchemi = lh
trghemi = lh
trgsurface = white
srcsurfreg = sphere.reg
trgsurfreg = sphere.reg
usehash = 1
Use ProjAbs  = 0, 0
Use ProjFrac = 0, 0
DoPaint 0

SUBJECTS_DIR    /out/sourcedata/freesurfer
FREESURFER_HOME /opt/freesurfer
Loading source label.
Found 1873 points in source label.
Starting surface-based mapping
Reading source registration 
 /out/sourcedata/freesurfer/fsaverage/surf/lh.sphere.reg
Rescaling ...  original radius = 100
Reading target surface 
 /out/sourcedata/freesurfer/sub-v1s10x0051128_ses-1/surf/lh.white
Reading target registration 
 /out/sourcedata/freesurfer/sub-v1s10x0051128_ses-1/surf/lh.sphere.reg
Rescaling ...  original radius = 100
Building target registration hash (res=16).
Building source registration hash (res=16).
INFO: found  1873 nlabel points
Performing mapping from target back to the source label 162589
Number of reverse mapping hits = 383
Checking for and removing duplicates
Writing label file ./lh.FG3.mpm.vpnl.label 2256
mri_label2label: Done


 mri_label2label --srcsubject fsaverage --srclabel /out/sourcedata/freesurfer/fsaverage/label/lh.FG4.mpm.vpnl.label --trgsubject sub-v1s10x0051128_ses-1 --trglabel ./lh.FG4.mpm.vpnl.label --hemi lh --regmethod surface 


srclabel = /out/sourcedata/freesurfer/fsaverage/label/lh.FG4.mpm.vpnl.label
srcsubject = fsaverage
trgsubject = sub-v1s10x0051128_ses-1
trglabel = ./lh.FG4.mpm.vpnl.label
regmethod = surface

srchemi = lh
trghemi = lh
trgsurface = white
srcsurfreg = sphere.reg
trgsurfreg = sphere.reg
usehash = 1
Use ProjAbs  = 0, 0
Use ProjFrac = 0, 0
DoPaint 0

SUBJECTS_DIR    /out/sourcedata/freesurfer
FREESURFER_HOME /opt/freesurfer
Loading source label.
Found 2101 points in source label.
Starting surface-based mapping
Reading source registration 
 /out/sourcedata/freesurfer/fsaverage/surf/lh.sphere.reg
Rescaling ...  original radius = 100
Reading target surface 
 /out/sourcedata/freesurfer/sub-v1s10x0051128_ses-1/surf/lh.white
Reading target registration 
 /out/sourcedata/freesurfer/sub-v1s10x0051128_ses-1/surf/lh.sphere.reg
Rescaling ...  original radius = 100
Building target registration hash (res=16).
Building source registration hash (res=16).
INFO: found  2101 nlabel points
Performing mapping from target back to the source label 162589
Number of reverse mapping hits = 1045
Checking for and removing duplicates
Writing label file ./lh.FG4.mpm.vpnl.label 3146
mri_label2label: Done


 mri_label2label --srcsubject fsaverage --srclabel /out/sourcedata/freesurfer/fsaverage/label/lh.hOc1.mpm.vpnl.label --trgsubject sub-v1s10x0051128_ses-1 --trglabel ./lh.hOc1.mpm.vpnl.label --hemi lh --regmethod surface 


srclabel = /out/sourcedata/freesurfer/fsaverage/label/lh.hOc1.mpm.vpnl.label
srcsubject = fsaverage
trgsubject = sub-v1s10x0051128_ses-1
trglabel = ./lh.hOc1.mpm.vpnl.label
regmethod = surface

srchemi = lh
trghemi = lh
trgsurface = white
srcsurfreg = sphere.reg
trgsurfreg = sphere.reg
usehash = 1
Use ProjAbs  = 0, 0
Use ProjFrac = 0, 0
DoPaint 0

SUBJECTS_DIR    /out/sourcedata/freesurfer
FREESURFER_HOME /opt/freesurfer
Loading source label.
Found 3877 points in source label.
Starting surface-based mapping
Reading source registration 
 /out/sourcedata/freesurfer/fsaverage/surf/lh.sphere.reg
Rescaling ...  original radius = 100
Reading target surface 
 /out/sourcedata/freesurfer/sub-v1s10x0051128_ses-1/surf/lh.white
Reading target registration 
 /out/sourcedata/freesurfer/sub-v1s10x0051128_ses-1/surf/lh.sphere.reg
Rescaling ...  original radius = 100
Building target registration hash (res=16).
Building source registration hash (res=16).
INFO: found  3877 nlabel points
Performing mapping from target back to the source label 162589
Number of reverse mapping hits = 1370
Checking for and removing duplicates
Writing label file ./lh.hOc1.mpm.vpnl.label 5247
mri_label2label: Done


 mri_label2label --srcsubject fsaverage --srclabel /out/sourcedata/freesurfer/fsaverage/label/lh.hOc2.mpm.vpnl.label --trgsubject sub-v1s10x0051128_ses-1 --trglabel ./lh.hOc2.mpm.vpnl.label --hemi lh --regmethod surface 


srclabel = /out/sourcedata/freesurfer/fsaverage/label/lh.hOc2.mpm.vpnl.label
srcsubject = fsaverage
trgsubject = sub-v1s10x0051128_ses-1
trglabel = ./lh.hOc2.mpm.vpnl.label
regmethod = surface

srchemi = lh
trghemi = lh
trgsurface = white
srcsurfreg = sphere.reg
trgsurfreg = sphere.reg
usehash = 1
Use ProjAbs  = 0, 0
Use ProjFrac = 0, 0
DoPaint 0

SUBJECTS_DIR    /out/sourcedata/freesurfer
FREESURFER_HOME /opt/freesurfer
Loading source label.
Found 2919 points in source label.
Starting surface-based mapping
Reading source registration 
 /out/sourcedata/freesurfer/fsaverage/surf/lh.sphere.reg
Rescaling ...  original radius = 100
Reading target surface 
 /out/sourcedata/freesurfer/sub-v1s10x0051128_ses-1/surf/lh.white
Reading target registration 
 /out/sourcedata/freesurfer/sub-v1s10x0051128_ses-1/surf/lh.sphere.reg
Rescaling ...  original radius = 100
Building target registration hash (res=16).
Building source registration hash (res=16).
INFO: found  2919 nlabel points
Performing mapping from target back to the source label 162589
Number of reverse mapping hits = 1419
Checking for and removing duplicates
Writing label file ./lh.hOc2.mpm.vpnl.label 4338
mri_label2label: Done


 mri_label2label --srcsubject fsaverage --srclabel /out/sourcedata/freesurfer/fsaverage/label/lh.hOc3v.mpm.vpnl.label --trgsubject sub-v1s10x0051128_ses-1 --trglabel ./lh.hOc3v.mpm.vpnl.label --hemi lh --regmethod surface 


srclabel = /out/sourcedata/freesurfer/fsaverage/label/lh.hOc3v.mpm.vpnl.label
srcsubject = fsaverage
trgsubject = sub-v1s10x0051128_ses-1
trglabel = ./lh.hOc3v.mpm.vpnl.label
regmethod = surface

srchemi = lh
trghemi = lh
trgsurface = white
srcsurfreg = sphere.reg
trgsurfreg = sphere.reg
usehash = 1
Use ProjAbs  = 0, 0
Use ProjFrac = 0, 0
DoPaint 0

SUBJECTS_DIR    /out/sourcedata/freesurfer
FREESURFER_HOME /opt/freesurfer
Loading source label.
Found 1286 points in source label.
Starting surface-based mapping
Reading source registration 
 /out/sourcedata/freesurfer/fsaverage/surf/lh.sphere.reg
Rescaling ...  original radius = 100
Reading target surface 
 /out/sourcedata/freesurfer/sub-v1s10x0051128_ses-1/surf/lh.white
Reading target registration 
 /out/sourcedata/freesurfer/sub-v1s10x0051128_ses-1/surf/lh.sphere.reg
Rescaling ...  original radius = 100
Building target registration hash (res=16).
Building source registration hash (res=16).
INFO: found  1286 nlabel points
Performing mapping from target back to the source label 162589
Number of reverse mapping hits = 656
Checking for and removing duplicates
Writing label file ./lh.hOc3v.mpm.vpnl.label 1942
mri_label2label: Done


 mri_label2label --srcsubject fsaverage --srclabel /out/sourcedata/freesurfer/fsaverage/label/lh.hOc4v.mpm.vpnl.label --trgsubject sub-v1s10x0051128_ses-1 --trglabel ./lh.hOc4v.mpm.vpnl.label --hemi lh --regmethod surface 


srclabel = /out/sourcedata/freesurfer/fsaverage/label/lh.hOc4v.mpm.vpnl.label
srcsubject = fsaverage
trgsubject = sub-v1s10x0051128_ses-1
trglabel = ./lh.hOc4v.mpm.vpnl.label
regmethod = surface

srchemi = lh
trghemi = lh
trgsurface = white
srcsurfreg = sphere.reg
trgsurfreg = sphere.reg
usehash = 1
Use ProjAbs  = 0, 0
Use ProjFrac = 0, 0
DoPaint 0

SUBJECTS_DIR    /out/sourcedata/freesurfer
FREESURFER_HOME /opt/freesurfer
Loading source label.
Found 1006 points in source label.
Starting surface-based mapping
Reading source registration 
 /out/sourcedata/freesurfer/fsaverage/surf/lh.sphere.reg
Rescaling ...  original radius = 100
Reading target surface 
 /out/sourcedata/freesurfer/sub-v1s10x0051128_ses-1/surf/lh.white
Reading target registration 
 /out/sourcedata/freesurfer/sub-v1s10x0051128_ses-1/surf/lh.sphere.reg
Rescaling ...  original radius = 100
Building target registration hash (res=16).
Building source registration hash (res=16).
INFO: found  1006 nlabel points
Performing mapping from target back to the source label 162589
Number of reverse mapping hits = 527
Checking for and removing duplicates
Writing label file ./lh.hOc4v.mpm.vpnl.label 1533
mri_label2label: Done


 mris_label2annot --s sub-v1s10x0051128_ses-1 --ctab /opt/freesurfer/average/colortable_vpnl.txt --hemi lh --a mpm.vpnl --maxstatwinner --noverbose --l lh.FG1.mpm.vpnl.label --l lh.FG2.mpm.vpnl.label --l lh.FG3.mpm.vpnl.label --l lh.FG4.mpm.vpnl.label --l lh.hOc1.mpm.vpnl.label --l lh.hOc2.mpm.vpnl.label --l lh.hOc3v.mpm.vpnl.label --l lh.hOc4v.mpm.vpnl.label 

Reading ctab /opt/freesurfer/average/colortable_vpnl.txt
Number of ctab entries 9

7.3.2
cwd /out/sourcedata/freesurfer/sub-v1s10x0051128_ses-1/label
cmdline mris_label2annot --s sub-v1s10x0051128_ses-1 --ctab /opt/freesurfer/average/colortable_vpnl.txt --hemi lh --a mpm.vpnl --maxstatwinner --noverbose --l lh.FG1.mpm.vpnl.label --l lh.FG2.mpm.vpnl.label --l lh.FG3.mpm.vpnl.label --l lh.FG4.mpm.vpnl.label --l lh.hOc1.mpm.vpnl.label --l lh.hOc2.mpm.vpnl.label --l lh.hOc3v.mpm.vpnl.label --l lh.hOc4v.mpm.vpnl.label 
sysname  Linux
hostname dna007
machine  x86_64
user     oesteban

subject sub-v1s10x0051128_ses-1
hemi    lh
SUBJECTS_DIR /out/sourcedata/freesurfer
ColorTable /opt/freesurfer/average/colortable_vpnl.txt
AnnotName  mpm.vpnl
nlables 8
LabelThresh 0 0.000000
Loading /out/sourcedata/freesurfer/sub-v1s10x0051128_ses-1/surf/lh.orig
 1 1376057 FG1
 2 16711935 FG2
 3 16711680 FG3
 4 1705837 FG4
 5 25600 hOc1
 6 255 hOc2
 7 16776960 hOc3v
 8 65535 hOc4v
Mapping unhit to unknown
Found 143091 unhit vertices
Writing annot to /out/sourcedata/freesurfer/sub-v1s10x0051128_ses-1/label/lh.mpm.vpnl.annot

 mri_label2label --srcsubject fsaverage --srclabel /out/sourcedata/freesurfer/fsaverage/label/lh.BA1_exvivo.thresh.label --trgsubject sub-v1s10x0051128_ses-1 --trglabel ./lh.BA1_exvivo.thresh.label --hemi lh --regmethod surface 


srclabel = /out/sourcedata/freesurfer/fsaverage/label/lh.BA1_exvivo.thresh.label
srcsubject = fsaverage
trgsubject = sub-v1s10x0051128_ses-1
trglabel = ./lh.BA1_exvivo.thresh.label
regmethod = surface

srchemi = lh
trghemi = lh
trgsurface = white
srcsurfreg = sphere.reg
trgsurfreg = sphere.reg
usehash = 1
Use ProjAbs  = 0, 0
Use ProjFrac = 0, 0
DoPaint 0

SUBJECTS_DIR    /out/sourcedata/freesurfer
FREESURFER_HOME /opt/freesurfer
Loading source label.
Found 1014 points in source label.
Starting surface-based mapping
Reading source registration 
 /out/sourcedata/freesurfer/fsaverage/surf/lh.sphere.reg
Rescaling ...  original radius = 100
Reading target surface 
 /out/sourcedata/freesurfer/sub-v1s10x0051128_ses-1/surf/lh.white
Reading target registration 
 /out/sourcedata/freesurfer/sub-v1s10x0051128_ses-1/surf/lh.sphere.reg
Rescaling ...  original radius = 100
Building target registration hash (res=16).
Building source registration hash (res=16).
INFO: found  1014 nlabel points
Performing mapping from target back to the source label 162589
Number of reverse mapping hits = 145
Checking for and removing duplicates
Writing label file ./lh.BA1_exvivo.thresh.label 1159
mri_label2label: Done


 mri_label2label --srcsubject fsaverage --srclabel /out/sourcedata/freesurfer/fsaverage/label/lh.BA2_exvivo.thresh.label --trgsubject sub-v1s10x0051128_ses-1 --trglabel ./lh.BA2_exvivo.thresh.label --hemi lh --regmethod surface 


srclabel = /out/sourcedata/freesurfer/fsaverage/label/lh.BA2_exvivo.thresh.label
srcsubject = fsaverage
trgsubject = sub-v1s10x0051128_ses-1
trglabel = ./lh.BA2_exvivo.thresh.label
regmethod = surface

srchemi = lh
trghemi = lh
trgsurface = white
srcsurfreg = sphere.reg
trgsurfreg = sphere.reg
usehash = 1
Use ProjAbs  = 0, 0
Use ProjFrac = 0, 0
DoPaint 0

SUBJECTS_DIR    /out/sourcedata/freesurfer
FREESURFER_HOME /opt/freesurfer
Loading source label.
Found 2092 points in source label.
Starting surface-based mapping
Reading source registration 
 /out/sourcedata/freesurfer/fsaverage/surf/lh.sphere.reg
Rescaling ...  original radius = 100
Reading target surface 
 /out/sourcedata/freesurfer/sub-v1s10x0051128_ses-1/surf/lh.white
Reading target registration 
 /out/sourcedata/freesurfer/sub-v1s10x0051128_ses-1/surf/lh.sphere.reg
Rescaling ...  original radius = 100
Building target registration hash (res=16).
Building source registration hash (res=16).
INFO: found  2092 nlabel points
Performing mapping from target back to the source label 162589
Number of reverse mapping hits = 423
Checking for and removing duplicates
Writing label file ./lh.BA2_exvivo.thresh.label 2515
mri_label2label: Done


 mri_label2label --srcsubject fsaverage --srclabel /out/sourcedata/freesurfer/fsaverage/label/lh.BA3a_exvivo.thresh.label --trgsubject sub-v1s10x0051128_ses-1 --trglabel ./lh.BA3a_exvivo.thresh.label --hemi lh --regmethod surface 


srclabel = /out/sourcedata/freesurfer/fsaverage/label/lh.BA3a_exvivo.thresh.label
srcsubject = fsaverage
trgsubject = sub-v1s10x0051128_ses-1
trglabel = ./lh.BA3a_exvivo.thresh.label
regmethod = surface

srchemi = lh
trghemi = lh
trgsurface = white
srcsurfreg = sphere.reg
trgsurfreg = sphere.reg
usehash = 1
Use ProjAbs  = 0, 0
Use ProjFrac = 0, 0
DoPaint 0

SUBJECTS_DIR    /out/sourcedata/freesurfer
FREESURFER_HOME /opt/freesurfer
Loading source label.
Found 1504 points in source label.
Starting surface-based mapping
Reading source registration 
 /out/sourcedata/freesurfer/fsaverage/surf/lh.sphere.reg
Rescaling ...  original radius = 100
Reading target surface 
 /out/sourcedata/freesurfer/sub-v1s10x0051128_ses-1/surf/lh.white
Reading target registration 
 /out/sourcedata/freesurfer/sub-v1s10x0051128_ses-1/surf/lh.sphere.reg
Rescaling ...  original radius = 100
Building target registration hash (res=16).
Building source registration hash (res=16).
INFO: found  1504 nlabel points
Performing mapping from target back to the source label 162589
Number of reverse mapping hits = 59
Checking for and removing duplicates
Writing label file ./lh.BA3a_exvivo.thresh.label 1563
mri_label2label: Done


 mri_label2label --srcsubject fsaverage --srclabel /out/sourcedata/freesurfer/fsaverage/label/lh.BA3b_exvivo.thresh.label --trgsubject sub-v1s10x0051128_ses-1 --trglabel ./lh.BA3b_exvivo.thresh.label --hemi lh --regmethod surface 


srclabel = /out/sourcedata/freesurfer/fsaverage/label/lh.BA3b_exvivo.thresh.label
srcsubject = fsaverage
trgsubject = sub-v1s10x0051128_ses-1
trglabel = ./lh.BA3b_exvivo.thresh.label
regmethod = surface

srchemi = lh
trghemi = lh
trgsurface = white
srcsurfreg = sphere.reg
trgsurfreg = sphere.reg
usehash = 1
Use ProjAbs  = 0, 0
Use ProjFrac = 0, 0
DoPaint 0

SUBJECTS_DIR    /out/sourcedata/freesurfer
FREESURFER_HOME /opt/freesurfer
Loading source label.
Found 1996 points in source label.
Starting surface-based mapping
Reading source registration 
 /out/sourcedata/freesurfer/fsaverage/surf/lh.sphere.reg
Rescaling ...  original radius = 100
Reading target surface 
 /out/sourcedata/freesurfer/sub-v1s10x0051128_ses-1/surf/lh.white
Reading target registration 
 /out/sourcedata/freesurfer/sub-v1s10x0051128_ses-1/surf/lh.sphere.reg
Rescaling ...  original radius = 100
Building target registration hash (res=16).
Building source registration hash (res=16).
INFO: found  1996 nlabel points
Performing mapping from target back to the source label 162589
Number of reverse mapping hits = 206
Checking for and removing duplicates
Writing label file ./lh.BA3b_exvivo.thresh.label 2202
mri_label2label: Done


 mri_label2label --srcsubject fsaverage --srclabel /out/sourcedata/freesurfer/fsaverage/label/lh.BA4a_exvivo.thresh.label --trgsubject sub-v1s10x0051128_ses-1 --trglabel ./lh.BA4a_exvivo.thresh.label --hemi lh --regmethod surface 


srclabel = /out/sourcedata/freesurfer/fsaverage/label/lh.BA4a_exvivo.thresh.label
srcsubject = fsaverage
trgsubject = sub-v1s10x0051128_ses-1
trglabel = ./lh.BA4a_exvivo.thresh.label
regmethod = surface

srchemi = lh
trghemi = lh
trgsurface = white
srcsurfreg = sphere.reg
trgsurfreg = sphere.reg
usehash = 1
Use ProjAbs  = 0, 0
Use ProjFrac = 0, 0
DoPaint 0

SUBJECTS_DIR    /out/sourcedata/freesurfer
FREESURFER_HOME /opt/freesurfer
Loading source label.
Found 2319 points in source label.
Starting surface-based mapping
Reading source registration 
 /out/sourcedata/freesurfer/fsaverage/surf/lh.sphere.reg
Rescaling ...  original radius = 100
Reading target surface 
 /out/sourcedata/freesurfer/sub-v1s10x0051128_ses-1/surf/lh.white
Reading target registration 
 /out/sourcedata/freesurfer/sub-v1s10x0051128_ses-1/surf/lh.sphere.reg
Rescaling ...  original radius = 100
Building target registration hash (res=16).
Building source registration hash (res=16).
INFO: found  2319 nlabel points
Performing mapping from target back to the source label 162589
Number of reverse mapping hits = 309
Checking for and removing duplicates
Writing label file ./lh.BA4a_exvivo.thresh.label 2628
mri_label2label: Done


 mri_label2label --srcsubject fsaverage --srclabel /out/sourcedata/freesurfer/fsaverage/label/lh.BA4p_exvivo.thresh.label --trgsubject sub-v1s10x0051128_ses-1 --trglabel ./lh.BA4p_exvivo.thresh.label --hemi lh --regmethod surface 


srclabel = /out/sourcedata/freesurfer/fsaverage/label/lh.BA4p_exvivo.thresh.label
srcsubject = fsaverage
trgsubject = sub-v1s10x0051128_ses-1
trglabel = ./lh.BA4p_exvivo.thresh.label
regmethod = surface

srchemi = lh
trghemi = lh
trgsurface = white
srcsurfreg = sphere.reg
trgsurfreg = sphere.reg
usehash = 1
Use ProjAbs  = 0, 0
Use ProjFrac = 0, 0
DoPaint 0

SUBJECTS_DIR    /out/sourcedata/freesurfer
FREESURFER_HOME /opt/freesurfer
Loading source label.
Found 1549 points in source label.
Starting surface-based mapping
Reading source registration 
 /out/sourcedata/freesurfer/fsaverage/surf/lh.sphere.reg
Rescaling ...  original radius = 100
Reading target surface 
 /out/sourcedata/freesurfer/sub-v1s10x0051128_ses-1/surf/lh.white
Reading target registration 
 /out/sourcedata/freesurfer/sub-v1s10x0051128_ses-1/surf/lh.sphere.reg
Rescaling ...  original radius = 100
Building target registration hash (res=16).
Building source registration hash (res=16).
INFO: found  1549 nlabel points
Performing mapping from target back to the source label 162589
Number of reverse mapping hits = 60
Checking for and removing duplicates
Writing label file ./lh.BA4p_exvivo.thresh.label 1609
mri_label2label: Done


 mri_label2label --srcsubject fsaverage --srclabel /out/sourcedata/freesurfer/fsaverage/label/lh.BA6_exvivo.thresh.label --trgsubject sub-v1s10x0051128_ses-1 --trglabel ./lh.BA6_exvivo.thresh.label --hemi lh --regmethod surface 


srclabel = /out/sourcedata/freesurfer/fsaverage/label/lh.BA6_exvivo.thresh.label
srcsubject = fsaverage
trgsubject = sub-v1s10x0051128_ses-1
trglabel = ./lh.BA6_exvivo.thresh.label
regmethod = surface

srchemi = lh
trghemi = lh
trgsurface = white
srcsurfreg = sphere.reg
trgsurfreg = sphere.reg
usehash = 1
Use ProjAbs  = 0, 0
Use ProjFrac = 0, 0
DoPaint 0

SUBJECTS_DIR    /out/sourcedata/freesurfer
FREESURFER_HOME /opt/freesurfer
Loading source label.
Found 7035 points in source label.
Starting surface-based mapping
Reading source registration 
 /out/sourcedata/freesurfer/fsaverage/surf/lh.sphere.reg
Rescaling ...  original radius = 100
Reading target surface 
 /out/sourcedata/freesurfer/sub-v1s10x0051128_ses-1/surf/lh.white
Reading target registration 
 /out/sourcedata/freesurfer/sub-v1s10x0051128_ses-1/surf/lh.sphere.reg
Rescaling ...  original radius = 100
Building target registration hash (res=16).
Building source registration hash (res=16).
INFO: found  7035 nlabel points
Performing mapping from target back to the source label 162589
Number of reverse mapping hits = 349
Checking for and removing duplicates
Writing label file ./lh.BA6_exvivo.thresh.label 7384
mri_label2label: Done


 mri_label2label --srcsubject fsaverage --srclabel /out/sourcedata/freesurfer/fsaverage/label/lh.BA44_exvivo.thresh.label --trgsubject sub-v1s10x0051128_ses-1 --trglabel ./lh.BA44_exvivo.thresh.label --hemi lh --regmethod surface 


srclabel = /out/sourcedata/freesurfer/fsaverage/label/lh.BA44_exvivo.thresh.label
srcsubject = fsaverage
trgsubject = sub-v1s10x0051128_ses-1
trglabel = ./lh.BA44_exvivo.thresh.label
regmethod = surface

srchemi = lh
trghemi = lh
trgsurface = white
srcsurfreg = sphere.reg
trgsurfreg = sphere.reg
usehash = 1
Use ProjAbs  = 0, 0
Use ProjFrac = 0, 0
DoPaint 0

SUBJECTS_DIR    /out/sourcedata/freesurfer
FREESURFER_HOME /opt/freesurfer
Loading source label.
Found 1912 points in source label.
Starting surface-based mapping
Reading source registration 
 /out/sourcedata/freesurfer/fsaverage/surf/lh.sphere.reg
Rescaling ...  original radius = 100
Reading target surface 
 /out/sourcedata/freesurfer/sub-v1s10x0051128_ses-1/surf/lh.white
Reading target registration 
 /out/sourcedata/freesurfer/sub-v1s10x0051128_ses-1/surf/lh.sphere.reg
Rescaling ...  original radius = 100
Building target registration hash (res=16).
Building source registration hash (res=16).
INFO: found  1912 nlabel points
Performing mapping from target back to the source label 162589
Number of reverse mapping hits = 218
Checking for and removing duplicates
Writing label file ./lh.BA44_exvivo.thresh.label 2130
mri_label2label: Done


 mri_label2label --srcsubject fsaverage --srclabel /out/sourcedata/freesurfer/fsaverage/label/lh.BA45_exvivo.thresh.label --trgsubject sub-v1s10x0051128_ses-1 --trglabel ./lh.BA45_exvivo.thresh.label --hemi lh --regmethod surface 


srclabel = /out/sourcedata/freesurfer/fsaverage/label/lh.BA45_exvivo.thresh.label
srcsubject = fsaverage
trgsubject = sub-v1s10x0051128_ses-1
trglabel = ./lh.BA45_exvivo.thresh.label
regmethod = surface

srchemi = lh
trghemi = lh
trgsurface = white
srcsurfreg = sphere.reg
trgsurfreg = sphere.reg
usehash = 1
Use ProjAbs  = 0, 0
Use ProjFrac = 0, 0
DoPaint 0

SUBJECTS_DIR    /out/sourcedata/freesurfer
FREESURFER_HOME /opt/freesurfer
Loading source label.
Found 1151 points in source label.
Starting surface-based mapping
Reading source registration 
 /out/sourcedata/freesurfer/fsaverage/surf/lh.sphere.reg
Rescaling ...  original radius = 100
Reading target surface 
 /out/sourcedata/freesurfer/sub-v1s10x0051128_ses-1/surf/lh.white
Reading target registration 
 /out/sourcedata/freesurfer/sub-v1s10x0051128_ses-1/surf/lh.sphere.reg
Rescaling ...  original radius = 100
Building target registration hash (res=16).
Building source registration hash (res=16).
INFO: found  1151 nlabel points
Performing mapping from target back to the source label 162589
Number of reverse mapping hits = 479
Checking for and removing duplicates
Writing label file ./lh.BA45_exvivo.thresh.label 1630
mri_label2label: Done


 mri_label2label --srcsubject fsaverage --srclabel /out/sourcedata/freesurfer/fsaverage/label/lh.V1_exvivo.thresh.label --trgsubject sub-v1s10x0051128_ses-1 --trglabel ./lh.V1_exvivo.thresh.label --hemi lh --regmethod surface 


srclabel = /out/sourcedata/freesurfer/fsaverage/label/lh.V1_exvivo.thresh.label
srcsubject = fsaverage
trgsubject = sub-v1s10x0051128_ses-1
trglabel = ./lh.V1_exvivo.thresh.label
regmethod = surface

srchemi = lh
trghemi = lh
trgsurface = white
srcsurfreg = sphere.reg
trgsurfreg = sphere.reg
usehash = 1
Use ProjAbs  = 0, 0
Use ProjFrac = 0, 0
DoPaint 0

SUBJECTS_DIR    /out/sourcedata/freesurfer
FREESURFER_HOME /opt/freesurfer
Loading source label.
Found 3405 points in source label.
Starting surface-based mapping
Reading source registration 
 /out/sourcedata/freesurfer/fsaverage/surf/lh.sphere.reg
Rescaling ...  original radius = 100
Reading target surface 
 /out/sourcedata/freesurfer/sub-v1s10x0051128_ses-1/surf/lh.white
Reading target registration 
 /out/sourcedata/freesurfer/sub-v1s10x0051128_ses-1/surf/lh.sphere.reg
Rescaling ...  original radius = 100
Building target registration hash (res=16).
Building source registration hash (res=16).
INFO: found  3405 nlabel points
Performing mapping from target back to the source label 162589
Number of reverse mapping hits = 1223
Checking for and removing duplicates
Writing label file ./lh.V1_exvivo.thresh.label 4628
mri_label2label: Done


 mri_label2label --srcsubject fsaverage --srclabel /out/sourcedata/freesurfer/fsaverage/label/lh.V2_exvivo.thresh.label --trgsubject sub-v1s10x0051128_ses-1 --trglabel ./lh.V2_exvivo.thresh.label --hemi lh --regmethod surface 


srclabel = /out/sourcedata/freesurfer/fsaverage/label/lh.V2_exvivo.thresh.label
srcsubject = fsaverage
trgsubject = sub-v1s10x0051128_ses-1
trglabel = ./lh.V2_exvivo.thresh.label
regmethod = surface

srchemi = lh
trghemi = lh
trgsurface = white
srcsurfreg = sphere.reg
trgsurfreg = sphere.reg
usehash = 1
Use ProjAbs  = 0, 0
Use ProjFrac = 0, 0
DoPaint 0

SUBJECTS_DIR    /out/sourcedata/freesurfer
FREESURFER_HOME /opt/freesurfer
Loading source label.
Found 3334 points in source label.
Starting surface-based mapping
Reading source registration 
 /out/sourcedata/freesurfer/fsaverage/surf/lh.sphere.reg
Rescaling ...  original radius = 100
Reading target surface 
 /out/sourcedata/freesurfer/sub-v1s10x0051128_ses-1/surf/lh.white
Reading target registration 
 /out/sourcedata/freesurfer/sub-v1s10x0051128_ses-1/surf/lh.sphere.reg
Rescaling ...  original radius = 100
Building target registration hash (res=16).
Building source registration hash (res=16).
INFO: found  3334 nlabel points
Performing mapping from target back to the source label 162589
Number of reverse mapping hits = 1521
Checking for and removing duplicates
Writing label file ./lh.V2_exvivo.thresh.label 4855
mri_label2label: Done


 mri_label2label --srcsubject fsaverage --srclabel /out/sourcedata/freesurfer/fsaverage/label/lh.MT_exvivo.thresh.label --trgsubject sub-v1s10x0051128_ses-1 --trglabel ./lh.MT_exvivo.thresh.label --hemi lh --regmethod surface 


srclabel = /out/sourcedata/freesurfer/fsaverage/label/lh.MT_exvivo.thresh.label
srcsubject = fsaverage
trgsubject = sub-v1s10x0051128_ses-1
trglabel = ./lh.MT_exvivo.thresh.label
regmethod = surface

srchemi = lh
trghemi = lh
trgsurface = white
srcsurfreg = sphere.reg
trgsurfreg = sphere.reg
usehash = 1
Use ProjAbs  = 0, 0
Use ProjFrac = 0, 0
DoPaint 0

SUBJECTS_DIR    /out/sourcedata/freesurfer
FREESURFER_HOME /opt/freesurfer
Loading source label.
Found 513 points in source label.
Starting surface-based mapping
Reading source registration 
 /out/sourcedata/freesurfer/fsaverage/surf/lh.sphere.reg
Rescaling ...  original radius = 100
Reading target surface 
 /out/sourcedata/freesurfer/sub-v1s10x0051128_ses-1/surf/lh.white
Reading target registration 
 /out/sourcedata/freesurfer/sub-v1s10x0051128_ses-1/surf/lh.sphere.reg
Rescaling ...  original radius = 100
Building target registration hash (res=16).
Building source registration hash (res=16).
INFO: found  513 nlabel points
Performing mapping from target back to the source label 162589
Number of reverse mapping hits = 107
Checking for and removing duplicates
Writing label file ./lh.MT_exvivo.thresh.label 620
mri_label2label: Done


 mri_label2label --srcsubject fsaverage --srclabel /out/sourcedata/freesurfer/fsaverage/label/lh.entorhinal_exvivo.thresh.label --trgsubject sub-v1s10x0051128_ses-1 --trglabel ./lh.entorhinal_exvivo.thresh.label --hemi lh --regmethod surface 


srclabel = /out/sourcedata/freesurfer/fsaverage/label/lh.entorhinal_exvivo.thresh.label
srcsubject = fsaverage
trgsubject = sub-v1s10x0051128_ses-1
trglabel = ./lh.entorhinal_exvivo.thresh.label
regmethod = surface

srchemi = lh
trghemi = lh
trgsurface = white
srcsurfreg = sphere.reg
trgsurfreg = sphere.reg
usehash = 1
Use ProjAbs  = 0, 0
Use ProjFrac = 0, 0
DoPaint 0

SUBJECTS_DIR    /out/sourcedata/freesurfer
FREESURFER_HOME /opt/freesurfer
Loading source label.
Found 470 points in source label.
Starting surface-based mapping
Reading source registration 
 /out/sourcedata/freesurfer/fsaverage/surf/lh.sphere.reg
Rescaling ...  original radius = 100
Reading target surface 
 /out/sourcedata/freesurfer/sub-v1s10x0051128_ses-1/surf/lh.white
Reading target registration 
 /out/sourcedata/freesurfer/sub-v1s10x0051128_ses-1/surf/lh.sphere.reg
Rescaling ...  original radius = 100
Building target registration hash (res=16).
Building source registration hash (res=16).
INFO: found  470 nlabel points
Performing mapping from target back to the source label 162589
Number of reverse mapping hits = 93
Checking for and removing duplicates
Writing label file ./lh.entorhinal_exvivo.thresh.label 563
mri_label2label: Done


 mri_label2label --srcsubject fsaverage --srclabel /out/sourcedata/freesurfer/fsaverage/label/lh.perirhinal_exvivo.thresh.label --trgsubject sub-v1s10x0051128_ses-1 --trglabel ./lh.perirhinal_exvivo.thresh.label --hemi lh --regmethod surface 


srclabel = /out/sourcedata/freesurfer/fsaverage/label/lh.perirhinal_exvivo.thresh.label
srcsubject = fsaverage
trgsubject = sub-v1s10x0051128_ses-1
trglabel = ./lh.perirhinal_exvivo.thresh.label
regmethod = surface

srchemi = lh
trghemi = lh
trgsurface = white
srcsurfreg = sphere.reg
trgsurfreg = sphere.reg
usehash = 1
Use ProjAbs  = 0, 0
Use ProjFrac = 0, 0
DoPaint 0

SUBJECTS_DIR    /out/sourcedata/freesurfer
FREESURFER_HOME /opt/freesurfer
Loading source label.
Found 450 points in source label.
Starting surface-based mapping
Reading source registration 
 /out/sourcedata/freesurfer/fsaverage/surf/lh.sphere.reg
Rescaling ...  original radius = 100
Reading target surface 
 /out/sourcedata/freesurfer/sub-v1s10x0051128_ses-1/surf/lh.white
Reading target registration 
 /out/sourcedata/freesurfer/sub-v1s10x0051128_ses-1/surf/lh.sphere.reg
Rescaling ...  original radius = 100
Building target registration hash (res=16).
Building source registration hash (res=16).
INFO: found  450 nlabel points
Performing mapping from target back to the source label 162589
Number of reverse mapping hits = 97
Checking for and removing duplicates
Writing label file ./lh.perirhinal_exvivo.thresh.label 547
mri_label2label: Done


 mris_label2annot --s sub-v1s10x0051128_ses-1 --hemi lh --ctab /opt/freesurfer/average/colortable_BA.txt --l lh.BA1_exvivo.label --l lh.BA2_exvivo.label --l lh.BA3a_exvivo.label --l lh.BA3b_exvivo.label --l lh.BA4a_exvivo.label --l lh.BA4p_exvivo.label --l lh.BA6_exvivo.label --l lh.BA44_exvivo.label --l lh.BA45_exvivo.label --l lh.V1_exvivo.label --l lh.V2_exvivo.label --l lh.MT_exvivo.label --l lh.perirhinal_exvivo.label --l lh.entorhinal_exvivo.label --a BA_exvivo --maxstatwinner --noverbose 

Reading ctab /opt/freesurfer/average/colortable_BA.txt
Number of ctab entries 15

7.3.2
cwd /out/sourcedata/freesurfer/sub-v1s10x0051128_ses-1/label
cmdline mris_label2annot --s sub-v1s10x0051128_ses-1 --hemi lh --ctab /opt/freesurfer/average/colortable_BA.txt --l lh.BA1_exvivo.label --l lh.BA2_exvivo.label --l lh.BA3a_exvivo.label --l lh.BA3b_exvivo.label --l lh.BA4a_exvivo.label --l lh.BA4p_exvivo.label --l lh.BA6_exvivo.label --l lh.BA44_exvivo.label --l lh.BA45_exvivo.label --l lh.V1_exvivo.label --l lh.V2_exvivo.label --l lh.MT_exvivo.label --l lh.perirhinal_exvivo.label --l lh.entorhinal_exvivo.label --a BA_exvivo --maxstatwinner --noverbose 
sysname  Linux
hostname dna007
machine  x86_64
user     oesteban

subject sub-v1s10x0051128_ses-1
hemi    lh
SUBJECTS_DIR /out/sourcedata/freesurfer
ColorTable /opt/freesurfer/average/colortable_BA.txt
AnnotName  BA_exvivo
nlables 14
LabelThresh 0 0.000000
Loading /out/sourcedata/freesurfer/sub-v1s10x0051128_ses-1/surf/lh.orig
 1 1530880 BA1_exvivo
 2 16749699 BA2_exvivo
 3 16711680 BA3a_exvivo
 4 3368703 BA3b_exvivo
 5 1376196 BA4a_exvivo
 6 13382655 BA4p_exvivo
 7 10036737 BA6_exvivo
 8 2490521 BA44_exvivo
 9 39283 BA45_exvivo
10 3993 V1_exvivo
11 8508928 V2_exvivo
12 10027163 MT_exvivo
13 16422433 perirhinal_exvivo
14 16392598 entorhinal_exvivo
Mapping unhit to unknown
Found 112442 unhit vertices
Writing annot to /out/sourcedata/freesurfer/sub-v1s10x0051128_ses-1/label/lh.BA_exvivo.annot

 mris_label2annot --s sub-v1s10x0051128_ses-1 --hemi lh --ctab /opt/freesurfer/average/colortable_BA.txt --l lh.BA1_exvivo.thresh.label --l lh.BA2_exvivo.thresh.label --l lh.BA3a_exvivo.thresh.label --l lh.BA3b_exvivo.thresh.label --l lh.BA4a_exvivo.thresh.label --l lh.BA4p_exvivo.thresh.label --l lh.BA6_exvivo.thresh.label --l lh.BA44_exvivo.thresh.label --l lh.BA45_exvivo.thresh.label --l lh.V1_exvivo.thresh.label --l lh.V2_exvivo.thresh.label --l lh.MT_exvivo.thresh.label --l lh.perirhinal_exvivo.thresh.label --l lh.entorhinal_exvivo.thresh.label --a BA_exvivo.thresh --maxstatwinner --noverbose 

Reading ctab /opt/freesurfer/average/colortable_BA.txt
Number of ctab entries 15

7.3.2
cwd /out/sourcedata/freesurfer/sub-v1s10x0051128_ses-1/label
cmdline mris_label2annot --s sub-v1s10x0051128_ses-1 --hemi lh --ctab /opt/freesurfer/average/colortable_BA.txt --l lh.BA1_exvivo.thresh.label --l lh.BA2_exvivo.thresh.label --l lh.BA3a_exvivo.thresh.label --l lh.BA3b_exvivo.thresh.label --l lh.BA4a_exvivo.thresh.label --l lh.BA4p_exvivo.thresh.label --l lh.BA6_exvivo.thresh.label --l lh.BA44_exvivo.thresh.label --l lh.BA45_exvivo.thresh.label --l lh.V1_exvivo.thresh.label --l lh.V2_exvivo.thresh.label --l lh.MT_exvivo.thresh.label --l lh.perirhinal_exvivo.thresh.label --l lh.entorhinal_exvivo.thresh.label --a BA_exvivo.thresh --maxstatwinner --noverbose 
sysname  Linux
hostname dna007
machine  x86_64
user     oesteban

subject sub-v1s10x0051128_ses-1
hemi    lh
SUBJECTS_DIR /out/sourcedata/freesurfer
ColorTable /opt/freesurfer/average/colortable_BA.txt
AnnotName  BA_exvivo.thresh
nlables 14
LabelThresh 0 0.000000
Loading /out/sourcedata/freesurfer/sub-v1s10x0051128_ses-1/surf/lh.orig
 1 1530880 BA1_exvivo
 2 16749699 BA2_exvivo
 3 16711680 BA3a_exvivo
 4 3368703 BA3b_exvivo
 5 1376196 BA4a_exvivo
 6 13382655 BA4p_exvivo
 7 10036737 BA6_exvivo
 8 2490521 BA44_exvivo
 9 39283 BA45_exvivo
10 3993 V1_exvivo
11 8508928 V2_exvivo
12 10027163 MT_exvivo
13 16422433 perirhinal_exvivo
14 16392598 entorhinal_exvivo
Mapping unhit to unknown
Found 133527 unhit vertices
Writing annot to /out/sourcedata/freesurfer/sub-v1s10x0051128_ses-1/label/lh.BA_exvivo.thresh.annot

 mris_anatomical_stats -th3 -mgz -noglobal -f ../stats/lh.BA_exvivo.stats -b -a ./lh.BA_exvivo.annot -c ./BA_exvivo.ctab sub-v1s10x0051128_ses-1 lh white 

computing statistics for each annotation in ./lh.BA_exvivo.annot.
reading volume /out/sourcedata/freesurfer/sub-v1s10x0051128_ses-1/mri/wm.mgz...
reading input surface /out/sourcedata/freesurfer/sub-v1s10x0051128_ses-1/surf/lh.white...
reading input pial surface /out/sourcedata/freesurfer/sub-v1s10x0051128_ses-1/surf/lh.pial...
reading input white surface /out/sourcedata/freesurfer/sub-v1s10x0051128_ses-1/surf/lh.white...
INFO: using TH3 volume calc
INFO: assuming MGZ format for volumes.
INFO: not computing global stats
Using TH3 vertex volume calc
Total face volume 296847
Total vertex volume 296659 (mask=0)
Saving annotation colortable ./BA_exvivo.ctab

table columns are:
    number of vertices
    total surface area (mm^2)
    total gray matter volume (mm^3)
    average cortical thickness +- standard deviation (mm)
    integrated rectified mean curvature
    integrated rectified Gaussian curvature
    folding index
    intrinsic curvature index
    structure name

 1561   1031   2663  2.136 0.643     0.123     0.028       16     1.7  BA1_exvivo
 5182   3445   8604  2.368 0.528     0.105     0.018       42     4.0  BA2_exvivo
 1232    811   1014  1.697 0.410     0.131     0.024       12     1.2  BA3a_exvivo
 3156   2141   4356  1.814 0.658     0.106     0.021       26     2.8  BA3b_exvivo
 2139   1213   3558  2.607 0.513     0.090     0.019       12     1.6  BA4a_exvivo
 1532   1000   1934  2.117 0.621     0.103     0.019        9     1.3  BA4p_exvivo
10587   7081  22574  2.812 0.507     0.111     0.020       89     8.7  BA6_exvivo
 2921   1988   5758  2.762 0.453     0.099     0.017       25     2.1  BA44_exvivo
 4022   2940   8584  2.582 0.520     0.130     0.028       51     4.6  BA45_exvivo
 4212   2997   4668  1.595 0.457     0.138     0.032       51     5.6  V1_exvivo
 9589   6684  15297  2.058 0.630     0.137     0.030      111    12.2  V2_exvivo
 2393   1602   4421  2.528 0.569     0.127     0.025       27     2.3  MT_exvivo
  872    617   2194  3.033 0.757     0.099     0.018        5     0.7  perirhinal_exvivo
  749    466   1714  2.792 1.303     0.081     0.018        4     0.4  entorhinal_exvivo

 mris_anatomical_stats -th3 -mgz -f ../stats/lh.BA_exvivo.thresh.stats -noglobal -b -a ./lh.BA_exvivo.thresh.annot -c ./BA_exvivo.thresh.ctab sub-v1s10x0051128_ses-1 lh white 

computing statistics for each annotation in ./lh.BA_exvivo.thresh.annot.
reading volume /out/sourcedata/freesurfer/sub-v1s10x0051128_ses-1/mri/wm.mgz...
reading input surface /out/sourcedata/freesurfer/sub-v1s10x0051128_ses-1/surf/lh.white...
reading input pial surface /out/sourcedata/freesurfer/sub-v1s10x0051128_ses-1/surf/lh.pial...
reading input white surface /out/sourcedata/freesurfer/sub-v1s10x0051128_ses-1/surf/lh.white...
INFO: using TH3 volume calc
INFO: assuming MGZ format for volumes.
INFO: not computing global stats
Using TH3 vertex volume calc
Total face volume 296847
Total vertex volume 296659 (mask=0)
Saving annotation colortable ./BA_exvivo.thresh.ctab

table columns are:
    number of vertices
    total surface area (mm^2)
    total gray matter volume (mm^3)
    average cortical thickness +- standard deviation (mm)
    integrated rectified mean curvature
    integrated rectified Gaussian curvature
    folding index
    intrinsic curvature index
    structure name

  978    652   1624  2.031 0.570     0.127     0.027       11     1.1  BA1_exvivo
 2221   1440   3747  2.449 0.480     0.099     0.018       16     1.7  BA2_exvivo
 1070    709    840  1.632 0.352     0.136     0.028       11     1.2  BA3a_exvivo
 1867   1228   1843  1.465 0.319     0.089     0.016       11     1.2  BA3b_exvivo
 2095   1199   3353  2.518 0.573     0.090     0.019       11     1.7  BA4a_exvivo
 1216    795   1516  2.153 0.609     0.101     0.017        7     0.9  BA4p_exvivo
 5484   3578  11211  2.762 0.529     0.106     0.019       41     4.3  BA6_exvivo
 1862   1290   3671  2.749 0.467     0.096     0.017       16     1.3  BA44_exvivo
 1589   1203   3877  2.723 0.540     0.141     0.030       22     2.0  BA45_exvivo
 4464   3172   5148  1.621 0.469     0.136     0.031       52     5.9  V1_exvivo
 4732   3366   7623  2.015 0.652     0.147     0.031       61     6.6  V2_exvivo
  589    395    847  2.193 0.481     0.114     0.022        5     0.5  MT_exvivo
  392    266    664  2.751 0.653     0.088     0.012        2     0.2  perirhinal_exvivo
  503    305   1358  3.288 0.800     0.060     0.007        1     0.2  entorhinal_exvivo

Started at Fri Mar 6 18:40:15 CET 2026 
Ended   at Fri Mar 6 18:43:59 CET 2026
#@#%# recon-all-run-time-hours 0.062
recon-all -s sub-v1s10x0051128_ses-1 finished without error at Fri Mar  6 18:43:59 CET 2026
