
Fri Mar  6 18:01:47 CET 2026
cd /out/sourcedata/freesurfer/sub-v1s10x0051128_ses-1
setenv SUBJECTS_DIR /out/sourcedata/freesurfer
/opt/freesurfer/bin/recon-all -autorecon-hemi rh -noparcstats -noparcstats2 -noparcstats3 -nohyporelabel -nobalabels -rh-only -openmp 16 -subjid sub-v1s10x0051128_ses-1 -sd /out/sourcedata/freesurfer

subjid sub-v1s10x0051128_ses-1
setenv SUBJECTS_DIR /out/sourcedata/freesurfer
FREESURFER_HOME /opt/freesurfer
Actual FREESURFER_HOME /opt/freesurfer
build-stamp.txt: freesurfer-linux-ubuntu22_x86_64-7.3.2-20220804-6354275
Linux dna007 5.14.0-427.37.1.el9_4.x86_64 #1 SMP PREEMPT_DYNAMIC Fri Sep 13 12:41:50 EDT 2024 x86_64 x86_64 x86_64 GNU/Linux
cputime      unlimited
filesize     unlimited
datasize     unlimited
stacksize    8192 kbytes
coredumpsize 0 kbytes
memoryuse    67108864 kbytes
vmemoryuse   unlimited
descriptors  1024 
memorylocked unlimited
maxproc      2061970 
maxlocks     unlimited
maxsignal    2061970 
maxmessage   819200 
maxnice      0 
maxrtprio    0 
maxrttime    unlimited

               total        used        free      shared  buff/cache   available
Mem:           503Gi        56Gi       315Gi       8.5Gi       131Gi       434Gi
Swap:             0B          0B          0B

########################################
program versions used
7.3.2 (freesurfer-linux-ubuntu22_x86_64-7.3.2-20220804-6354275)
7.3.2

ProgramName: lta_convert  ProgramArguments: lta_convert -all-info  ProgramVersion: 7.3.2  TimeStamp: 2026/03/06-17:01:47-GMT  BuildTime: Aug  4 2022 06:17:15  BuildStamp: freesurfer-linux-ubuntu22_x86_64-7.3.2-20220804-6354275  User: oesteban  Machine: dna007  Platform: Linux  PlatformVersion: 5.14.0-427.37.1.el9_4.x86_64  CompilerName: GCC  CompilerVersion: 8.4.0
ProgramName: mri_and  ProgramArguments: mri_and -all-info  ProgramVersion: 7.3.2  TimeStamp: 2026/03/06-17:01:47-GMT  BuildTime: Aug  4 2022 06:17:15  BuildStamp: freesurfer-linux-ubuntu22_x86_64-7.3.2-20220804-6354275  User: oesteban  Machine: dna007  Platform: Linux  PlatformVersion: 5.14.0-427.37.1.el9_4.x86_64  CompilerName: GCC  CompilerVersion: 8.4.0
ProgramName: mri_annotation2label  ProgramArguments: mri_annotation2label -all-info  ProgramVersion: 7.3.2  TimeStamp: 2026/03/06-17:01:47-GMT  BuildTime: Aug  4 2022 06:17:15  BuildStamp: freesurfer-linux-ubuntu22_x86_64-7.3.2-20220804-6354275  User: oesteban  Machine: dna007  Platform: Linux  PlatformVersion: 5.14.0-427.37.1.el9_4.x86_64  CompilerName: GCC  CompilerVersion: 8.4.0
ProgramName: mri_aparc2aseg  ProgramArguments: mri_aparc2aseg -all-info  ProgramVersion: 7.3.2  TimeStamp: 2026/03/06-17:01:47-GMT  BuildTime: Aug  4 2022 06:17:15  BuildStamp: freesurfer-linux-ubuntu22_x86_64-7.3.2-20220804-6354275  User: oesteban  Machine: dna007  Platform: Linux  PlatformVersion: 5.14.0-427.37.1.el9_4.x86_64  CompilerName: GCC  CompilerVersion: 8.4.0
ProgramName: mri_surf2volseg  ProgramArguments: mri_surf2volseg -all-info  ProgramVersion: 7.3.2  TimeStamp: 2026/03/06-17:01:47-GMT  BuildTime: Aug  4 2022 06:17:15  BuildStamp: freesurfer-linux-ubuntu22_x86_64-7.3.2-20220804-6354275  User: oesteban  Machine: dna007  Platform: Linux  PlatformVersion: 5.14.0-427.37.1.el9_4.x86_64  CompilerName: GCC  CompilerVersion: 8.4.0
ProgramName: mri_binarize  ProgramArguments: mri_binarize -all-info  ProgramVersion: 7.3.2  TimeStamp: 2026/03/06-17:01:47-GMT  BuildTime: Aug  4 2022 06:17:15  BuildStamp: freesurfer-linux-ubuntu22_x86_64-7.3.2-20220804-6354275  User: oesteban  Machine: dna007  Platform: Linux  PlatformVersion: 5.14.0-427.37.1.el9_4.x86_64  CompilerName: GCC  CompilerVersion: 8.4.0
ProgramName: mri_ca_label  ProgramArguments: mri_ca_label -all-info  ProgramVersion: 7.3.2  TimeStamp: 2026/03/06-17:01:47-GMT  BuildTime: Aug  4 2022 06:17:15  BuildStamp: freesurfer-linux-ubuntu22_x86_64-7.3.2-20220804-6354275  User: oesteban  Machine: dna007  Platform: Linux  PlatformVersion: 5.14.0-427.37.1.el9_4.x86_64  CompilerName: GCC  CompilerVersion: 8.4.0
ProgramName: mri_ca_normalize  ProgramArguments: mri_ca_normalize -all-info  ProgramVersion: 7.3.2  TimeStamp: 2026/03/06-17:01:47-GMT  BuildTime: Aug  4 2022 06:17:15  BuildStamp: freesurfer-linux-ubuntu22_x86_64-7.3.2-20220804-6354275  User: oesteban  Machine: dna007  Platform: Linux  PlatformVersion: 5.14.0-427.37.1.el9_4.x86_64  CompilerName: GCC  CompilerVersion: 8.4.0
ProgramName: mri_ca_register  ProgramArguments: mri_ca_register -all-info  ProgramVersion: 7.3.2  TimeStamp: 2026/03/06-17:01:47-GMT  BuildTime: Aug  4 2022 06:17:15  BuildStamp: freesurfer-linux-ubuntu22_x86_64-7.3.2-20220804-6354275  User: oesteban  Machine: dna007  Platform: Linux  PlatformVersion: 5.14.0-427.37.1.el9_4.x86_64  CompilerName: GCC  CompilerVersion: 8.4.0
ProgramName: mri_cc  ProgramArguments: mri_cc -all-info  ProgramVersion: 7.3.2  TimeStamp: 2026/03/06-17:01:47-GMT  BuildTime: Aug  4 2022 06:17:15  BuildStamp: freesurfer-linux-ubuntu22_x86_64-7.3.2-20220804-6354275  User: oesteban  Machine: dna007  Platform: Linux  PlatformVersion: 5.14.0-427.37.1.el9_4.x86_64  CompilerName: GCC  CompilerVersion: 8.4.0
ProgramName: mri_compute_overlap  ProgramArguments: mri_compute_overlap -all-info  ProgramVersion: 7.3.2  TimeStamp: 2026/03/06-17:01:47-GMT  BuildTime: Aug  4 2022 06:17:15  BuildStamp: freesurfer-linux-ubuntu22_x86_64-7.3.2-20220804-6354275  User: oesteban  Machine: dna007  Platform: Linux  PlatformVersion: 5.14.0-427.37.1.el9_4.x86_64  CompilerName: GCC  CompilerVersion: 8.4.0
ProgramName: mri_compute_seg_overlap  ProgramArguments: mri_compute_seg_overlap -all-info  ProgramVersion: 7.3.2  TimeStamp: 2026/03/06-17:01:47-GMT  BuildTime: Aug  4 2022 06:17:15  BuildStamp: freesurfer-linux-ubuntu22_x86_64-7.3.2-20220804-6354275  User: oesteban  Machine: dna007  Platform: Linux  PlatformVersion: 5.14.0-427.37.1.el9_4.x86_64  CompilerName: GCC  CompilerVersion: 8.4.0
ProgramName: mri_concat  ProgramArguments: mri_concat -all-info  ProgramVersion: 7.3.2  TimeStamp: 2026/03/06-17:01:47-GMT  BuildTime: Aug  4 2022 06:17:15  BuildStamp: freesurfer-linux-ubuntu22_x86_64-7.3.2-20220804-6354275  User: oesteban  Machine: dna007  Platform: Linux  PlatformVersion: 5.14.0-427.37.1.el9_4.x86_64  CompilerName: GCC  CompilerVersion: 8.4.0
ProgramName: mri_concatenate_lta  ProgramArguments: mri_concatenate_lta -all-info  ProgramVersion: 7.3.2  TimeStamp: 2026/03/06-17:01:47-GMT  BuildTime: Aug  4 2022 06:17:15  BuildStamp: freesurfer-linux-ubuntu22_x86_64-7.3.2-20220804-6354275  User: oesteban  Machine: dna007  Platform: Linux  PlatformVersion: 5.14.0-427.37.1.el9_4.x86_64  CompilerName: GCC  CompilerVersion: 8.4.0
mri_convert -all-info 
ProgramName: mri_convert  ProgramArguments: mri_convert -all-info  ProgramVersion: 7.3.2  TimeStamp: 2026/03/06-17:01:47-GMT  BuildTime: Aug  4 2022 06:17:15  BuildStamp: freesurfer-linux-ubuntu22_x86_64-7.3.2-20220804-6354275  User: oesteban  Machine: dna007  Platform: Linux  PlatformVersion: 5.14.0-427.37.1.el9_4.x86_64  CompilerName: GCC  CompilerVersion: 8.4.0
ProgramName: mri_diff  ProgramArguments: mri_diff -all-info  ProgramVersion: 7.3.2  TimeStamp: 2026/03/06-17:01:47-GMT  BuildTime: Aug  4 2022 06:17:15  BuildStamp: freesurfer-linux-ubuntu22_x86_64-7.3.2-20220804-6354275  User: oesteban  Machine: dna007  Platform: Linux  PlatformVersion: 5.14.0-427.37.1.el9_4.x86_64  CompilerName: GCC  CompilerVersion: 8.4.0
ProgramName: mri_edit_wm_with_aseg  ProgramArguments: mri_edit_wm_with_aseg -all-info  ProgramVersion: 7.3.2  TimeStamp: 2026/03/06-17:01:47-GMT  BuildTime: Aug  4 2022 06:17:15  BuildStamp: freesurfer-linux-ubuntu22_x86_64-7.3.2-20220804-6354275  User: oesteban  Machine: dna007  Platform: Linux  PlatformVersion: 5.14.0-427.37.1.el9_4.x86_64  CompilerName: GCC  CompilerVersion: 8.4.0
ProgramName: mri_em_register  ProgramArguments: mri_em_register -all-info  ProgramVersion: 7.3.2  TimeStamp: 2026/03/06-17:01:47-GMT  BuildTime: Aug  4 2022 06:17:15  BuildStamp: freesurfer-linux-ubuntu22_x86_64-7.3.2-20220804-6354275  User: oesteban  Machine: dna007  Platform: Linux  PlatformVersion: 5.14.0-427.37.1.el9_4.x86_64  CompilerName: GCC  CompilerVersion: 8.4.0
ProgramName: mri_fill  ProgramArguments: mri_fill -all-info  ProgramVersion: 7.3.2  TimeStamp: 2026/03/06-17:01:47-GMT  BuildTime: Aug  4 2022 06:17:15  BuildStamp: freesurfer-linux-ubuntu22_x86_64-7.3.2-20220804-6354275  User: oesteban  Machine: dna007  Platform: Linux  PlatformVersion: 5.14.0-427.37.1.el9_4.x86_64  CompilerName: GCC  CompilerVersion: 8.4.0
ProgramName: mri_fuse_segmentations  ProgramArguments: mri_fuse_segmentations -all-info  ProgramVersion: 7.3.2  TimeStamp: 2026/03/06-17:01:47-GMT  BuildTime: Aug  4 2022 06:17:15  BuildStamp: freesurfer-linux-ubuntu22_x86_64-7.3.2-20220804-6354275  User: oesteban  Machine: dna007  Platform: Linux  PlatformVersion: 5.14.0-427.37.1.el9_4.x86_64  CompilerName: GCC  CompilerVersion: 8.4.0
ProgramName: mri_fwhm  ProgramArguments: mri_fwhm -all-info  ProgramVersion: 7.3.2  TimeStamp: 2026/03/06-17:01:47-GMT  BuildTime: Aug  4 2022 06:17:15  BuildStamp: freesurfer-linux-ubuntu22_x86_64-7.3.2-20220804-6354275  User: oesteban  Machine: dna007  Platform: Linux  PlatformVersion: 5.14.0-427.37.1.el9_4.x86_64  CompilerName: GCC  CompilerVersion: 8.4.0
ProgramName: mri_gcut  ProgramArguments: mri_gcut -all-info  ProgramVersion: 7.3.2  TimeStamp: 2026/03/06-17:01:47-GMT  BuildTime: Aug  4 2022 06:17:15  BuildStamp: freesurfer-linux-ubuntu22_x86_64-7.3.2-20220804-6354275  User: oesteban  Machine: dna007  Platform: Linux  PlatformVersion: 5.14.0-427.37.1.el9_4.x86_64  CompilerName: GCC  CompilerVersion: 8.4.0
ProgramName: mri_info  ProgramArguments: mri_info -all-info  ProgramVersion: 7.3.2  TimeStamp: 2026/03/06-17:01:47-GMT  BuildTime: Aug  4 2022 06:17:15  BuildStamp: freesurfer-linux-ubuntu22_x86_64-7.3.2-20220804-6354275  User: oesteban  Machine: dna007  Platform: Linux  PlatformVersion: 5.14.0-427.37.1.el9_4.x86_64  CompilerName: GCC  CompilerVersion: 8.4.0
ProgramName: mri_label2label  ProgramArguments: mri_label2label -all-info  ProgramVersion: 7.3.2  TimeStamp: 2026/03/06-17:01:47-GMT  BuildTime: Aug  4 2022 06:17:15  BuildStamp: freesurfer-linux-ubuntu22_x86_64-7.3.2-20220804-6354275  User: oesteban  Machine: dna007  Platform: Linux  PlatformVersion: 5.14.0-427.37.1.el9_4.x86_64  CompilerName: GCC  CompilerVersion: 8.4.0
ProgramName: mri_label2vol  ProgramArguments: mri_label2vol -all-info  ProgramVersion: 7.3.2  TimeStamp: 2026/03/06-17:01:47-GMT  BuildTime: Aug  4 2022 06:17:15  BuildStamp: freesurfer-linux-ubuntu22_x86_64-7.3.2-20220804-6354275  User: oesteban  Machine: dna007  Platform: Linux  PlatformVersion: 5.14.0-427.37.1.el9_4.x86_64  CompilerName: GCC  CompilerVersion: 8.4.0
ProgramName: mri_log_likelihood  ProgramArguments: mri_log_likelihood -all-info  ProgramVersion: 7.3.2  TimeStamp: 2026/03/06-17:01:47-GMT  BuildTime: Aug  4 2022 06:17:15  BuildStamp: freesurfer-linux-ubuntu22_x86_64-7.3.2-20220804-6354275  User: oesteban  Machine: dna007  Platform: Linux  PlatformVersion: 5.14.0-427.37.1.el9_4.x86_64  CompilerName: GCC  CompilerVersion: 8.4.0
ProgramName: mri_mask  ProgramArguments: mri_mask -all-info  ProgramVersion: 7.3.2  TimeStamp: 2026/03/06-17:01:47-GMT  BuildTime: Aug  4 2022 06:17:15  BuildStamp: freesurfer-linux-ubuntu22_x86_64-7.3.2-20220804-6354275  User: oesteban  Machine: dna007  Platform: Linux  PlatformVersion: 5.14.0-427.37.1.el9_4.x86_64  CompilerName: GCC  CompilerVersion: 8.4.0
ProgramName: mri_matrix_multiply  ProgramArguments: mri_matrix_multiply -all-info  ProgramVersion: 7.3.2  TimeStamp: 2026/03/06-17:01:47-GMT  BuildTime: Aug  4 2022 06:17:15  BuildStamp: freesurfer-linux-ubuntu22_x86_64-7.3.2-20220804-6354275  User: oesteban  Machine: dna007  Platform: Linux  PlatformVersion: 5.14.0-427.37.1.el9_4.x86_64  CompilerName: GCC  CompilerVersion: 8.4.0
ProgramName: mri_normalize  ProgramArguments: mri_normalize -all-info  ProgramVersion: 7.3.2  TimeStamp: 2026/03/06-17:01:47-GMT  BuildTime: Aug  4 2022 06:17:15  BuildStamp: freesurfer-linux-ubuntu22_x86_64-7.3.2-20220804-6354275  User: oesteban  Machine: dna007  Platform: Linux  PlatformVersion: 5.14.0-427.37.1.el9_4.x86_64  CompilerName: GCC  CompilerVersion: 8.4.0
ProgramName: mri_normalize_tp2  ProgramArguments: mri_normalize_tp2 -all-info  ProgramVersion: 7.3.2  TimeStamp: 2026/03/06-17:01:47-GMT  BuildTime: Aug  4 2022 06:17:15  BuildStamp: freesurfer-linux-ubuntu22_x86_64-7.3.2-20220804-6354275  User: oesteban  Machine: dna007  Platform: Linux  PlatformVersion: 5.14.0-427.37.1.el9_4.x86_64  CompilerName: GCC  CompilerVersion: 8.4.0
ProgramName: mri_or  ProgramArguments: mri_or -all-info  ProgramVersion: 7.3.2  TimeStamp: 2026/03/06-17:01:47-GMT  BuildTime: Aug  4 2022 06:17:15  BuildStamp: freesurfer-linux-ubuntu22_x86_64-7.3.2-20220804-6354275  User: oesteban  Machine: dna007  Platform: Linux  PlatformVersion: 5.14.0-427.37.1.el9_4.x86_64  CompilerName: GCC  CompilerVersion: 8.4.0
ProgramName: mri_relabel_hypointensities  ProgramArguments: mri_relabel_hypointensities -all-info  ProgramVersion: 7.3.2  TimeStamp: 2026/03/06-17:01:47-GMT  BuildTime: Aug  4 2022 06:17:15  BuildStamp: freesurfer-linux-ubuntu22_x86_64-7.3.2-20220804-6354275  User: oesteban  Machine: dna007  Platform: Linux  PlatformVersion: 5.14.0-427.37.1.el9_4.x86_64  CompilerName: GCC  CompilerVersion: 8.4.0
ProgramName: mri_relabel_nonwm_hypos  ProgramArguments: mri_relabel_nonwm_hypos -all-info  ProgramVersion: 7.3.2  TimeStamp: 2026/03/06-17:01:47-GMT  BuildTime: Aug  4 2022 06:17:15  BuildStamp: freesurfer-linux-ubuntu22_x86_64-7.3.2-20220804-6354275  User: oesteban  Machine: dna007  Platform: Linux  PlatformVersion: 5.14.0-427.37.1.el9_4.x86_64  CompilerName: GCC  CompilerVersion: 8.4.0
ProgramName: mri_remove_neck  ProgramArguments: mri_remove_neck -all-info  ProgramVersion: 7.3.2  TimeStamp: 2026/03/06-17:01:47-GMT  BuildTime: Aug  4 2022 06:17:15  BuildStamp: freesurfer-linux-ubuntu22_x86_64-7.3.2-20220804-6354275  User: oesteban  Machine: dna007  Platform: Linux  PlatformVersion: 5.14.0-427.37.1.el9_4.x86_64  CompilerName: GCC  CompilerVersion: 8.4.0
7.3.2

ProgramName: mri_robust_register  ProgramArguments: mri_robust_register -all-info  ProgramVersion: 7.3.2  TimeStamp: 2026/03/06-17:01:47-GMT  BuildTime: Aug  4 2022 06:17:15  BuildStamp: freesurfer-linux-ubuntu22_x86_64-7.3.2-20220804-6354275  User: oesteban  Machine: dna007  Platform: Linux  PlatformVersion: 5.14.0-427.37.1.el9_4.x86_64  CompilerName: GCC  CompilerVersion: 8.4.0
7.3.2

ProgramName: mri_robust_template  ProgramArguments: mri_robust_template -all-info  ProgramVersion: 7.3.2  TimeStamp: 2026/03/06-17:01:47-GMT  BuildTime: Aug  4 2022 06:17:15  BuildStamp: freesurfer-linux-ubuntu22_x86_64-7.3.2-20220804-6354275  User: oesteban  Machine: dna007  Platform: Linux  PlatformVersion: 5.14.0-427.37.1.el9_4.x86_64  CompilerName: GCC  CompilerVersion: 8.4.0
ProgramName: mris_anatomical_stats  ProgramArguments: mris_anatomical_stats -all-info  ProgramVersion: 7.3.2  TimeStamp: 2026/03/06-17:01:47-GMT  BuildTime: Aug  4 2022 06:17:15  BuildStamp: freesurfer-linux-ubuntu22_x86_64-7.3.2-20220804-6354275  User: oesteban  Machine: dna007  Platform: Linux  PlatformVersion: 5.14.0-427.37.1.el9_4.x86_64  CompilerName: GCC  CompilerVersion: 8.4.0
ProgramName: mris_ca_label  ProgramArguments: mris_ca_label -all-info  ProgramVersion: 7.3.2  TimeStamp: 2026/03/06-17:01:47-GMT  BuildTime: Aug  4 2022 06:17:15  BuildStamp: freesurfer-linux-ubuntu22_x86_64-7.3.2-20220804-6354275  User: oesteban  Machine: dna007  Platform: Linux  PlatformVersion: 5.14.0-427.37.1.el9_4.x86_64  CompilerName: GCC  CompilerVersion: 8.4.0
ProgramName: mris_calc  ProgramArguments: mris_calc -all-info  ProgramVersion: 7.3.2  TimeStamp: 2026/03/06-17:01:48-GMT  BuildTime: Aug  4 2022 06:17:15  BuildStamp: freesurfer-linux-ubuntu22_x86_64-7.3.2-20220804-6354275  User: oesteban  Machine: dna007  Platform: Linux  PlatformVersion: 5.14.0-427.37.1.el9_4.x86_64  CompilerName: GCC  CompilerVersion: 8.4.0
ProgramName: mris_convert  ProgramArguments: mris_convert -all-info  ProgramVersion: 7.3.2  TimeStamp: 2026/03/06-17:01:48-GMT  BuildTime: Aug  4 2022 06:17:15  BuildStamp: freesurfer-linux-ubuntu22_x86_64-7.3.2-20220804-6354275  User: oesteban  Machine: dna007  Platform: Linux  PlatformVersion: 5.14.0-427.37.1.el9_4.x86_64  CompilerName: GCC  CompilerVersion: 8.4.0
ProgramName: mris_curvature  ProgramArguments: mris_curvature -all-info  ProgramVersion: 7.3.2  TimeStamp: 2026/03/06-17:01:48-GMT  BuildTime: Aug  4 2022 06:17:15  BuildStamp: freesurfer-linux-ubuntu22_x86_64-7.3.2-20220804-6354275  User: oesteban  Machine: dna007  Platform: Linux  PlatformVersion: 5.14.0-427.37.1.el9_4.x86_64  CompilerName: GCC  CompilerVersion: 8.4.0
ProgramName: mris_curvature_stats  ProgramArguments: mris_curvature_stats -all-info  ProgramVersion: 7.3.2  TimeStamp: 2026/03/06-17:01:48-GMT  BuildTime: Aug  4 2022 06:17:15  BuildStamp: freesurfer-linux-ubuntu22_x86_64-7.3.2-20220804-6354275  User: oesteban  Machine: dna007  Platform: Linux  PlatformVersion: 5.14.0-427.37.1.el9_4.x86_64  CompilerName: GCC  CompilerVersion: 8.4.0
ProgramName: mris_diff  ProgramArguments: mris_diff -all-info  ProgramVersion: 7.3.2  TimeStamp: 2026/03/06-17:01:48-GMT  BuildTime: Aug  4 2022 06:17:15  BuildStamp: freesurfer-linux-ubuntu22_x86_64-7.3.2-20220804-6354275  User: oesteban  Machine: dna007  Platform: Linux  PlatformVersion: 5.14.0-427.37.1.el9_4.x86_64  CompilerName: GCC  CompilerVersion: 8.4.0
ProgramName: mris_divide_parcellation  ProgramArguments: mris_divide_parcellation -all-info  ProgramVersion: 7.3.2  TimeStamp: 2026/03/06-17:01:48-GMT  BuildTime: Aug  4 2022 06:17:15  BuildStamp: freesurfer-linux-ubuntu22_x86_64-7.3.2-20220804-6354275  User: oesteban  Machine: dna007  Platform: Linux  PlatformVersion: 5.14.0-427.37.1.el9_4.x86_64  CompilerName: GCC  CompilerVersion: 8.4.0
ProgramName: mri_segment  ProgramArguments: mri_segment -all-info  ProgramVersion: 7.3.2  TimeStamp: 2026/03/06-17:01:48-GMT  BuildTime: Aug  4 2022 06:17:15  BuildStamp: freesurfer-linux-ubuntu22_x86_64-7.3.2-20220804-6354275  User: oesteban  Machine: dna007  Platform: Linux  PlatformVersion: 5.14.0-427.37.1.el9_4.x86_64  CompilerName: GCC  CompilerVersion: 8.4.0
ProgramName: mri_segstats  ProgramArguments: mri_segstats -all-info  ProgramVersion: 7.3.2  TimeStamp: 2026/03/06-17:01:48-GMT  BuildTime: Aug  4 2022 06:17:15  BuildStamp: freesurfer-linux-ubuntu22_x86_64-7.3.2-20220804-6354275  User: oesteban  Machine: dna007  Platform: Linux  PlatformVersion: 5.14.0-427.37.1.el9_4.x86_64  CompilerName: GCC  CompilerVersion: 8.4.0
ProgramName: mris_euler_number  ProgramArguments: mris_euler_number -all-info  ProgramVersion: 7.3.2  TimeStamp: 2026/03/06-17:01:48-GMT  BuildTime: Aug  4 2022 06:17:15  BuildStamp: freesurfer-linux-ubuntu22_x86_64-7.3.2-20220804-6354275  User: oesteban  Machine: dna007  Platform: Linux  PlatformVersion: 5.14.0-427.37.1.el9_4.x86_64  CompilerName: GCC  CompilerVersion: 8.4.0
ProgramName: mris_fix_topology  ProgramArguments: mris_fix_topology -all-info  ProgramVersion: 7.3.2  TimeStamp: 2026/03/06-17:01:48-GMT  BuildTime: Aug  4 2022 06:17:15  BuildStamp: freesurfer-linux-ubuntu22_x86_64-7.3.2-20220804-6354275  User: oesteban  Machine: dna007  Platform: Linux  PlatformVersion: 5.14.0-427.37.1.el9_4.x86_64  CompilerName: GCC  CompilerVersion: 8.4.0
ProgramName: mris_topo_fixer  ProgramArguments: mris_topo_fixer -all-info  ProgramVersion: 7.3.2  TimeStamp: 2026/03/06-17:01:48-GMT  BuildTime: Aug  4 2022 06:17:15  BuildStamp: freesurfer-linux-ubuntu22_x86_64-7.3.2-20220804-6354275  User: oesteban  Machine: dna007  Platform: Linux  PlatformVersion: 5.14.0-427.37.1.el9_4.x86_64  CompilerName: GCC  CompilerVersion: 8.4.0
ProgramName: mris_jacobian  ProgramArguments: mris_jacobian -all-info  ProgramVersion: 7.3.2  TimeStamp: 2026/03/06-17:01:48-GMT  BuildTime: Aug  4 2022 06:17:15  BuildStamp: freesurfer-linux-ubuntu22_x86_64-7.3.2-20220804-6354275  User: oesteban  Machine: dna007  Platform: Linux  PlatformVersion: 5.14.0-427.37.1.el9_4.x86_64  CompilerName: GCC  CompilerVersion: 8.4.0
ProgramName: mris_label2annot  ProgramArguments: mris_label2annot -all-info  ProgramVersion: 7.3.2  TimeStamp: 2026/03/06-17:01:48-GMT  BuildTime: Aug  4 2022 06:17:15  BuildStamp: freesurfer-linux-ubuntu22_x86_64-7.3.2-20220804-6354275  User: oesteban  Machine: dna007  Platform: Linux  PlatformVersion: 5.14.0-427.37.1.el9_4.x86_64  CompilerName: GCC  CompilerVersion: 8.4.0
ProgramName: mris_left_right_register  ProgramArguments: mris_left_right_register -all-info  ProgramVersion: 7.3.2  TimeStamp: 2026/03/06-17:01:48-GMT  BuildTime: Aug  4 2022 06:17:15  BuildStamp: freesurfer-linux-ubuntu22_x86_64-7.3.2-20220804-6354275  User: oesteban  Machine: dna007  Platform: Linux  PlatformVersion: 5.14.0-427.37.1.el9_4.x86_64  CompilerName: GCC  CompilerVersion: 8.4.0
ProgramName: mris_place_surface  ProgramArguments: mris_place_surface -all-info  ProgramVersion: 7.3.2  TimeStamp: 2026/03/06-17:01:48-GMT  BuildTime: Aug  4 2022 06:17:15  BuildStamp: freesurfer-linux-ubuntu22_x86_64-7.3.2-20220804-6354275  User: oesteban  Machine: dna007  Platform: Linux  PlatformVersion: 5.14.0-427.37.1.el9_4.x86_64  CompilerName: GCC  CompilerVersion: 8.4.0
ProgramName: mrisp_paint  ProgramArguments: mrisp_paint -all-info  ProgramVersion: 7.3.2  TimeStamp: 2026/03/06-17:01:48-GMT  BuildTime: Aug  4 2022 06:17:15  BuildStamp: freesurfer-linux-ubuntu22_x86_64-7.3.2-20220804-6354275  User: oesteban  Machine: dna007  Platform: Linux  PlatformVersion: 5.14.0-427.37.1.el9_4.x86_64  CompilerName: GCC  CompilerVersion: 8.4.0
ProgramName: mris_register  ProgramArguments: mris_register -all-info  ProgramVersion: 7.3.2  TimeStamp: 2026/03/06-17:01:48-GMT  BuildTime: Aug  4 2022 06:17:15  BuildStamp: freesurfer-linux-ubuntu22_x86_64-7.3.2-20220804-6354275  User: oesteban  Machine: dna007  Platform: Linux  PlatformVersion: 5.14.0-427.37.1.el9_4.x86_64  CompilerName: GCC  CompilerVersion: 8.4.0
ProgramName: mris_smooth  ProgramArguments: mris_smooth -all-info  ProgramVersion: 7.3.2  TimeStamp: 2026/03/06-17:01:48-GMT  BuildTime: Aug  4 2022 06:17:15  BuildStamp: freesurfer-linux-ubuntu22_x86_64-7.3.2-20220804-6354275  User: oesteban  Machine: dna007  Platform: Linux  PlatformVersion: 5.14.0-427.37.1.el9_4.x86_64  CompilerName: GCC  CompilerVersion: 8.4.0
ProgramName: mris_sphere  ProgramArguments: mris_sphere -all-info  ProgramVersion: 7.3.2  TimeStamp: 2026/03/06-17:01:48-GMT  BuildTime: Aug  4 2022 06:17:15  BuildStamp: freesurfer-linux-ubuntu22_x86_64-7.3.2-20220804-6354275  User: oesteban  Machine: dna007  Platform: Linux  PlatformVersion: 5.14.0-427.37.1.el9_4.x86_64  CompilerName: GCC  CompilerVersion: 8.4.0
ProgramName: mris_surface_stats  ProgramArguments: mris_surface_stats -all-info  ProgramVersion: 7.3.2  TimeStamp: 2026/03/06-17:01:48-GMT  BuildTime: Aug  4 2022 06:17:15  BuildStamp: freesurfer-linux-ubuntu22_x86_64-7.3.2-20220804-6354275  User: oesteban  Machine: dna007  Platform: Linux  PlatformVersion: 5.14.0-427.37.1.el9_4.x86_64  CompilerName: GCC  CompilerVersion: 8.4.0
ProgramName: mri_stats2seg  ProgramArguments: mri_stats2seg -all-info  ProgramVersion: 7.3.2  TimeStamp: 2026/03/06-17:01:48-GMT  BuildTime: Aug  4 2022 06:17:15  BuildStamp: freesurfer-linux-ubuntu22_x86_64-7.3.2-20220804-6354275  User: oesteban  Machine: dna007  Platform: Linux  PlatformVersion: 5.14.0-427.37.1.el9_4.x86_64  CompilerName: GCC  CompilerVersion: 8.4.0
ProgramName: mris_thickness  ProgramArguments: mris_thickness -all-info  ProgramVersion: 7.3.2  TimeStamp: 2026/03/06-17:01:48-GMT  BuildTime: Aug  4 2022 06:17:15  BuildStamp: freesurfer-linux-ubuntu22_x86_64-7.3.2-20220804-6354275  User: oesteban  Machine: dna007  Platform: Linux  PlatformVersion: 5.14.0-427.37.1.el9_4.x86_64  CompilerName: GCC  CompilerVersion: 8.4.0
ProgramName: mris_thickness_diff  ProgramArguments: mris_thickness_diff -all-info  ProgramVersion: 7.3.2  TimeStamp: 2026/03/06-17:01:48-GMT  BuildTime: Aug  4 2022 06:17:15  BuildStamp: freesurfer-linux-ubuntu22_x86_64-7.3.2-20220804-6354275  User: oesteban  Machine: dna007  Platform: Linux  PlatformVersion: 5.14.0-427.37.1.el9_4.x86_64  CompilerName: GCC  CompilerVersion: 8.4.0
ProgramName: mris_topo_fixer  ProgramArguments: mris_topo_fixer -all-info  ProgramVersion: 7.3.2  TimeStamp: 2026/03/06-17:01:48-GMT  BuildTime: Aug  4 2022 06:17:15  BuildStamp: freesurfer-linux-ubuntu22_x86_64-7.3.2-20220804-6354275  User: oesteban  Machine: dna007  Platform: Linux  PlatformVersion: 5.14.0-427.37.1.el9_4.x86_64  CompilerName: GCC  CompilerVersion: 8.4.0
ProgramName: mri_surf2surf  ProgramArguments: mri_surf2surf -all-info  ProgramVersion: 7.3.2  TimeStamp: 2026/03/06-17:01:48-GMT  BuildTime: Aug  4 2022 06:17:15  BuildStamp: freesurfer-linux-ubuntu22_x86_64-7.3.2-20220804-6354275  User: oesteban  Machine: dna007  Platform: Linux  PlatformVersion: 5.14.0-427.37.1.el9_4.x86_64  CompilerName: GCC  CompilerVersion: 8.4.0
ProgramName: mri_surf2vol  ProgramArguments: mri_surf2vol -all-info  ProgramVersion: 7.3.2  TimeStamp: 2026/03/06-17:01:48-GMT  BuildTime: Aug  4 2022 06:17:15  BuildStamp: freesurfer-linux-ubuntu22_x86_64-7.3.2-20220804-6354275  User: oesteban  Machine: dna007  Platform: Linux  PlatformVersion: 5.14.0-427.37.1.el9_4.x86_64  CompilerName: GCC  CompilerVersion: 8.4.0
ProgramName: mri_surfcluster  ProgramArguments: mri_surfcluster -all-info  ProgramVersion: 7.3.2  TimeStamp: 2026/03/06-17:01:48-GMT  BuildTime: Aug  4 2022 06:17:15  BuildStamp: freesurfer-linux-ubuntu22_x86_64-7.3.2-20220804-6354275  User: oesteban  Machine: dna007  Platform: Linux  PlatformVersion: 5.14.0-427.37.1.el9_4.x86_64  CompilerName: GCC  CompilerVersion: 8.4.0
ProgramName: mris_volmask  ProgramArguments: mris_volmask -all-info  ProgramVersion: 7.3.2  TimeStamp: 2026/03/06-17:01:48-GMT  BuildTime: Aug  4 2022 06:17:15  BuildStamp: freesurfer-linux-ubuntu22_x86_64-7.3.2-20220804-6354275  User: oesteban  Machine: dna007  Platform: Linux  PlatformVersion: 5.14.0-427.37.1.el9_4.x86_64  CompilerName: GCC  CompilerVersion: 8.4.0
ProgramName: mri_tessellate  ProgramArguments: mri_tessellate -all-info  ProgramVersion: 7.3.2  TimeStamp: 2026/03/06-17:01:48-GMT  BuildTime: Aug  4 2022 06:17:15  BuildStamp: freesurfer-linux-ubuntu22_x86_64-7.3.2-20220804-6354275  User: oesteban  Machine: dna007  Platform: Linux  PlatformVersion: 5.14.0-427.37.1.el9_4.x86_64  CompilerName: GCC  CompilerVersion: 8.4.0
ProgramName: mri_vol2surf  ProgramArguments: mri_vol2surf -all-info  ProgramVersion: 7.3.2  TimeStamp: 2026/03/06-17:01:48-GMT  BuildTime: Aug  4 2022 06:17:15  BuildStamp: freesurfer-linux-ubuntu22_x86_64-7.3.2-20220804-6354275  User: oesteban  Machine: dna007  Platform: Linux  PlatformVersion: 5.14.0-427.37.1.el9_4.x86_64  CompilerName: GCC  CompilerVersion: 8.4.0
ProgramName: mri_vol2vol  ProgramArguments: mri_vol2vol -all-info  ProgramVersion: 7.3.2  TimeStamp: 2026/03/06-17:01:48-GMT  BuildTime: Aug  4 2022 06:17:15  BuildStamp: freesurfer-linux-ubuntu22_x86_64-7.3.2-20220804-6354275  User: oesteban  Machine: dna007  Platform: Linux  PlatformVersion: 5.14.0-427.37.1.el9_4.x86_64  CompilerName: GCC  CompilerVersion: 8.4.0
ProgramName: mri_voldiff  ProgramArguments: mri_voldiff -all-info  ProgramVersion: 7.3.2  TimeStamp: 2026/03/06-17:01:48-GMT  BuildTime: Aug  4 2022 06:17:15  BuildStamp: freesurfer-linux-ubuntu22_x86_64-7.3.2-20220804-6354275  User: oesteban  Machine: dna007  Platform: Linux  PlatformVersion: 5.14.0-427.37.1.el9_4.x86_64  CompilerName: GCC  CompilerVersion: 8.4.0
ProgramName: mri_watershed  ProgramArguments: mri_watershed -all-info  ProgramVersion: 7.3.2  TimeStamp: 2026/03/06-17:01:48-GMT  BuildTime: Aug  4 2022 06:17:15  BuildStamp: freesurfer-linux-ubuntu22_x86_64-7.3.2-20220804-6354275  User: oesteban  Machine: dna007  Platform: Linux  PlatformVersion: 5.14.0-427.37.1.el9_4.x86_64  CompilerName: GCC  CompilerVersion: 8.4.0
ProgramName: tkregister2  ProgramArguments: tkregister2_cmdl -all-info  ProgramVersion: 7.3.2  TimeStamp: 2026/03/06-17:01:48-GMT  BuildTime: Aug  4 2022 06:17:15  BuildStamp: freesurfer-linux-ubuntu22_x86_64-7.3.2-20220804-6354275  User: oesteban  Machine: dna007  Platform: Linux  PlatformVersion: 5.14.0-427.37.1.el9_4.x86_64  CompilerName: GCC  CompilerVersion: 8.4.0
mri_motion_correct.fsl 7.3.2
mri_convert -all-info 
ProgramName: mri_convert  ProgramArguments: mri_convert -all-info  ProgramVersion: 7.3.2  TimeStamp: 2026/03/06-17:01:48-GMT  BuildTime: Aug  4 2022 06:17:15  BuildStamp: freesurfer-linux-ubuntu22_x86_64-7.3.2-20220804-6354275  User: oesteban  Machine: dna007  Platform: Linux  PlatformVersion: 5.14.0-427.37.1.el9_4.x86_64  CompilerName: GCC  CompilerVersion: 8.4.0
Program nu_correct, built from:
Package MNI N3, version 1.12.0, compiled by nicks@terrier (x86_64-unknown-linux-gnu) on 2015-06-19 at 01:25:34
#######################################
GCADIR /opt/freesurfer/average
GCA RB_all_2020-01-02.gca
GCASkull RB_all_withskull_2020_01_02.gca
AvgCurvTif folding.atlas.acfb40.noaparc.i12.2016-08-02.tif
GCSDIR /opt/freesurfer/average
GCS DKaparc.atlas.acfb40.noaparc.i12.2016-08-02.gcs
#######################################
#--------------------------------------------
#@# Tessellate rh Fri Mar  6 18:01:48 CET 2026
/out/sourcedata/freesurfer/sub-v1s10x0051128_ses-1/scripts

 mri_pretess ../mri/filled.mgz 127 ../mri/norm.mgz ../mri/filled-pretess127.mgz 


Iteration Number : 1
pass   1 (xy+):   1 found -   1 modified     |    TOTAL:   1
pass   2 (xy+):   0 found -   1 modified     |    TOTAL:   1
pass   1 (xy-):   4 found -   4 modified     |    TOTAL:   5
pass   2 (xy-):   0 found -   4 modified     |    TOTAL:   5
pass   1 (yz+):  14 found -  14 modified     |    TOTAL:  19
pass   2 (yz+):   0 found -  14 modified     |    TOTAL:  19
pass   1 (yz-):   9 found -   9 modified     |    TOTAL:  28
pass   2 (yz-):   0 found -   9 modified     |    TOTAL:  28
pass   1 (xz+):   1 found -   1 modified     |    TOTAL:  29
pass   2 (xz+):   0 found -   1 modified     |    TOTAL:  29
pass   1 (xz-):   2 found -   2 modified     |    TOTAL:  31
pass   2 (xz-):   0 found -   2 modified     |    TOTAL:  31
Iteration Number : 1
pass   1 (+++):   0 found -   0 modified     |    TOTAL:   0
pass   1 (+++):   0 found -   0 modified     |    TOTAL:   0
pass   1 (+++):   0 found -   0 modified     |    TOTAL:   0
pass   1 (+++):   2 found -   2 modified     |    TOTAL:   2
pass   2 (+++):   0 found -   2 modified     |    TOTAL:   2
Iteration Number : 1
pass   1 (++):   0 found -   0 modified     |    TOTAL:   0
pass   1 (+-):   0 found -   0 modified     |    TOTAL:   0
pass   1 (--):   0 found -   0 modified     |    TOTAL:   0
pass   1 (-+):   0 found -   0 modified     |    TOTAL:   0
Iteration Number : 2
pass   1 (xy+):   0 found -   0 modified     |    TOTAL:   0
pass   1 (xy-):   0 found -   0 modified     |    TOTAL:   0
pass   1 (yz+):   1 found -   1 modified     |    TOTAL:   1
pass   2 (yz+):   0 found -   1 modified     |    TOTAL:   1
pass   1 (yz-):   0 found -   0 modified     |    TOTAL:   1
pass   1 (xz+):   0 found -   0 modified     |    TOTAL:   1
pass   1 (xz-):   0 found -   0 modified     |    TOTAL:   1
Iteration Number : 2
pass   1 (+++):   0 found -   0 modified     |    TOTAL:   0
pass   1 (+++):   2 found -   2 modified     |    TOTAL:   2
pass   2 (+++):   0 found -   2 modified     |    TOTAL:   2
pass   1 (+++):   0 found -   0 modified     |    TOTAL:   2
pass   1 (+++):   0 found -   0 modified     |    TOTAL:   2
Iteration Number : 2
pass   1 (++):   0 found -   0 modified     |    TOTAL:   0
pass   1 (+-):   0 found -   0 modified     |    TOTAL:   0
pass   1 (--):   0 found -   0 modified     |    TOTAL:   0
pass   1 (-+):   0 found -   0 modified     |    TOTAL:   0
Iteration Number : 3
pass   1 (xy+):   0 found -   0 modified     |    TOTAL:   0
pass   1 (xy-):   0 found -   0 modified     |    TOTAL:   0
pass   1 (yz+):   0 found -   0 modified     |    TOTAL:   0
pass   1 (yz-):   0 found -   0 modified     |    TOTAL:   0
pass   1 (xz+):   0 found -   0 modified     |    TOTAL:   0
pass   1 (xz-):   0 found -   0 modified     |    TOTAL:   0
Iteration Number : 3
pass   1 (+++):   0 found -   0 modified     |    TOTAL:   0
pass   1 (+++):   0 found -   0 modified     |    TOTAL:   0
pass   1 (+++):   0 found -   0 modified     |    TOTAL:   0
pass   1 (+++):   0 found -   0 modified     |    TOTAL:   0
Iteration Number : 3
pass   1 (++):   0 found -   0 modified     |    TOTAL:   0
pass   1 (+-):   0 found -   0 modified     |    TOTAL:   0
pass   1 (--):   0 found -   0 modified     |    TOTAL:   0
pass   1 (-+):   0 found -   0 modified     |    TOTAL:   0

Total Number of Modified Voxels = 36 (out of 319827: 0.011256)
Ambiguous edge configurations... 

mri_pretess done


 mri_tessellate ../mri/filled-pretess127.mgz 127 ../surf/rh.orig.nofix 

7.3.2
  7.3.2
slice 40: 518 vertices, 601 faces
slice 50: 5174 vertices, 5398 faces
slice 60: 14402 vertices, 14824 faces
slice 70: 25796 vertices, 26229 faces
slice 80: 38060 vertices, 38484 faces
slice 90: 50366 vertices, 50744 faces
slice 100: 62627 vertices, 63045 faces
slice 110: 75722 vertices, 76205 faces
slice 120: 88022 vertices, 88461 faces
slice 130: 100176 vertices, 100663 faces
slice 140: 111907 vertices, 112296 faces
slice 150: 122149 vertices, 122517 faces
slice 160: 131550 vertices, 131908 faces
slice 170: 140319 vertices, 140587 faces
slice 180: 147597 vertices, 147839 faces
slice 190: 153145 vertices, 153333 faces
slice 200: 156473 vertices, 156569 faces
slice 210: 156868 vertices, 156896 faces
slice 220: 156868 vertices, 156896 faces
slice 230: 156868 vertices, 156896 faces
slice 240: 156868 vertices, 156896 faces
slice 250: 156868 vertices, 156896 faces
using the conformed surface RAS to save vertex points...
writing ../surf/rh.orig.nofix
using vox2ras matrix:
-1.00000   0.00000   0.00000   128.00000;
 0.00000   0.00000   1.00000  -128.00000;
 0.00000  -1.00000   0.00000   128.00000;
 0.00000   0.00000   0.00000   1.00000;

 rm -f ../mri/filled-pretess127.mgz 


 mris_extract_main_component ../surf/rh.orig.nofix ../surf/rh.orig.nofix 


counting number of connected components...
   156868 voxel in cpt #1: X=-28 [v=156868,e=470688,f=313792] located at (28.123989, -14.797677, 12.746889)
For the whole surface: X=-28 [v=156868,e=470688,f=313792]
One single component has been found
nothing to do
done

#--------------------------------------------
#@# Smooth1 rh Fri Mar  6 18:01:52 CET 2026
/out/sourcedata/freesurfer/sub-v1s10x0051128_ses-1/scripts

 mris_smooth -nw -seed 1234 ../surf/rh.orig.nofix ../surf/rh.smoothwm.nofix 

setting seed for random number generator to 1234
smoothing surface tessellation for 10 iterations...
smoothing complete - recomputing first and second fundamental forms...
#--------------------------------------------
#@# Inflation1 rh Fri Mar  6 18:01:55 CET 2026
/out/sourcedata/freesurfer/sub-v1s10x0051128_ses-1/scripts

 mris_inflate -no-save-sulc ../surf/rh.smoothwm.nofix ../surf/rh.inflated.nofix 

Not saving sulc
Reading ../surf/rh.smoothwm.nofix
avg radius = 48.8 mm, total surface area = 83974 mm^2
step 000: RMS=0.150 (target=0.015)   step 005: RMS=0.113 (target=0.015)   step 010: RMS=0.084 (target=0.015)   step 015: RMS=0.069 (target=0.015)   step 020: RMS=0.059 (target=0.015)   step 025: RMS=0.052 (target=0.015)   step 030: RMS=0.047 (target=0.015)   step 035: RMS=0.043 (target=0.015)   step 040: RMS=0.041 (target=0.015)   step 045: RMS=0.038 (target=0.015)   step 050: RMS=0.037 (target=0.015)   step 055: RMS=0.037 (target=0.015)   step 060: RMS=0.037 (target=0.015)   writing inflated surface to ../surf/rh.inflated.nofix
inflation took 0.2 minutes

inflation complete.
Not saving sulc
mris_inflate utimesec    56.660108
mris_inflate stimesec    1.905660
mris_inflate ru_maxrss   247544
mris_inflate ru_ixrss    0
mris_inflate ru_idrss    0
mris_inflate ru_isrss    0
mris_inflate ru_minflt   623766
mris_inflate ru_majflt   15
mris_inflate ru_nswap    0
mris_inflate ru_inblock  0
mris_inflate ru_oublock  11040
mris_inflate ru_msgsnd   0
mris_inflate ru_msgrcv   0
mris_inflate ru_nsignals 0
mris_inflate ru_nvcsw    7510
mris_inflate ru_nivcsw   249
#--------------------------------------------
#@# QSphere rh Fri Mar  6 18:02:08 CET 2026
/out/sourcedata/freesurfer/sub-v1s10x0051128_ses-1/scripts

 mris_sphere -q -p 6 -a 128 -seed 1234 ../surf/rh.inflated.nofix ../surf/rh.qsphere.nofix 

doing quick spherical unfolding.
limitting unfolding to 6 passes
using n_averages = 128
setting seed for random number genererator to 1234
version: 7.3.2
available threads: 16
scaling brain by 0.299...
inflating...
projecting onto sphere...
surface projected - minimizing metric distortion...
vertex spacing 0.93 +- 0.54 (0.00-->5.98) (max @ vno 61136 --> 62296)
face area 0.02 +- 0.03 (-0.20-->0.51)
Entering MRISinflateToSphere()
inflating to sphere (rms error < 2.00)
000: dt: 0.0000, rms radial error=176.269, avgs=0
005/300: dt: 0.9000, rms radial error=176.008, avgs=0
010/300: dt: 0.9000, rms radial error=175.447, avgs=0
015/300: dt: 0.9000, rms radial error=174.712, avgs=0
020/300: dt: 0.9000, rms radial error=173.874, avgs=0
025/300: dt: 0.9000, rms radial error=172.978, avgs=0
030/300: dt: 0.9000, rms radial error=172.049, avgs=0
035/300: dt: 0.9000, rms radial error=171.104, avgs=0
040/300: dt: 0.9000, rms radial error=170.150, avgs=0
045/300: dt: 0.9000, rms radial error=169.199, avgs=0
050/300: dt: 0.9000, rms radial error=168.253, avgs=0
055/300: dt: 0.9000, rms radial error=167.310, avgs=0
060/300: dt: 0.9000, rms radial error=166.371, avgs=0
065/300: dt: 0.9000, rms radial error=165.436, avgs=0
070/300: dt: 0.9000, rms radial error=164.507, avgs=0
075/300: dt: 0.9000, rms radial error=163.582, avgs=0
080/300: dt: 0.9000, rms radial error=162.663, avgs=0
085/300: dt: 0.9000, rms radial error=161.749, avgs=0
090/300: dt: 0.9000, rms radial error=160.840, avgs=0
095/300: dt: 0.9000, rms radial error=159.935, avgs=0
100/300: dt: 0.9000, rms radial error=159.036, avgs=0
105/300: dt: 0.9000, rms radial error=158.142, avgs=0
110/300: dt: 0.9000, rms radial error=157.253, avgs=0
115/300: dt: 0.9000, rms radial error=156.368, avgs=0
120/300: dt: 0.9000, rms radial error=155.488, avgs=0
125/300: dt: 0.9000, rms radial error=154.614, avgs=0
130/300: dt: 0.9000, rms radial error=153.743, avgs=0
135/300: dt: 0.9000, rms radial error=152.878, avgs=0
140/300: dt: 0.9000, rms radial error=152.017, avgs=0
145/300: dt: 0.9000, rms radial error=151.162, avgs=0
150/300: dt: 0.9000, rms radial error=150.311, avgs=0
155/300: dt: 0.9000, rms radial error=149.464, avgs=0
160/300: dt: 0.9000, rms radial error=148.623, avgs=0
165/300: dt: 0.9000, rms radial error=147.786, avgs=0
170/300: dt: 0.9000, rms radial error=146.954, avgs=0
175/300: dt: 0.9000, rms radial error=146.126, avgs=0
180/300: dt: 0.9000, rms radial error=145.303, avgs=0
185/300: dt: 0.9000, rms radial error=144.485, avgs=0
190/300: dt: 0.9000, rms radial error=143.671, avgs=0
195/300: dt: 0.9000, rms radial error=142.862, avgs=0
200/300: dt: 0.9000, rms radial error=142.057, avgs=0
205/300: dt: 0.9000, rms radial error=141.258, avgs=0
210/300: dt: 0.9000, rms radial error=140.462, avgs=0
215/300: dt: 0.9000, rms radial error=139.672, avgs=0
220/300: dt: 0.9000, rms radial error=138.885, avgs=0
225/300: dt: 0.9000, rms radial error=138.103, avgs=0
230/300: dt: 0.9000, rms radial error=137.326, avgs=0
235/300: dt: 0.9000, rms radial error=136.552, avgs=0
240/300: dt: 0.9000, rms radial error=135.783, avgs=0
245/300: dt: 0.9000, rms radial error=135.018, avgs=0
250/300: dt: 0.9000, rms radial error=134.258, avgs=0
255/300: dt: 0.9000, rms radial error=133.502, avgs=0
260/300: dt: 0.9000, rms radial error=132.750, avgs=0
265/300: dt: 0.9000, rms radial error=132.002, avgs=0
270/300: dt: 0.9000, rms radial error=131.259, avgs=0
275/300: dt: 0.9000, rms radial error=130.519, avgs=0
280/300: dt: 0.9000, rms radial error=129.784, avgs=0
285/300: dt: 0.9000, rms radial error=129.053, avgs=0
290/300: dt: 0.9000, rms radial error=128.326, avgs=0
295/300: dt: 0.9000, rms radial error=127.603, avgs=0
300/300: dt: 0.9000, rms radial error=126.884, avgs=0

spherical inflation complete.
epoch 1 (K=10.0), pass 1, starting sse = 18542.89
taking momentum steps...
taking momentum steps...
taking momentum steps...
taking momentum steps...
pass 1 complete, delta sse/iter = 0.00/13 = 0.00026
epoch 2 (K=40.0), pass 1, starting sse = 3107.74
taking momentum steps...
taking momentum steps...
taking momentum steps...
taking momentum steps...
pass 1 complete, delta sse/iter = 0.00/13 = 0.00024
epoch 3 (K=160.0), pass 1, starting sse = 305.10
taking momentum steps...
taking momentum steps...
taking momentum steps...
taking momentum steps...
pass 1 complete, delta sse/iter = 0.07/14 = 0.00483
epoch 4 (K=640.0), pass 1, starting sse = 19.42
taking momentum steps...
taking momentum steps...
taking momentum steps...
taking momentum steps...
pass 1 complete, delta sse/iter = 0.08/16 = 0.00524
final distance error %100000.00
writing spherical brain to ../surf/rh.qsphere.nofix
spherical transformation took 0.0172 hours
FSRUNTIME@ mris_sphere  0.0172 hours 16 threads
#VMPC# mris_sphere VmPeak  1621888
mris_sphere done
#@# Fix Topology rh Fri Mar  6 18:03:11 CET 2026

 mris_fix_topology -mgz -sphere qsphere.nofix -inflated inflated.nofix -orig orig.nofix -out orig.premesh -ga -seed 1234 sub-v1s10x0051128_ses-1 rh 

reading spherical homeomorphism from 'qsphere.nofix'
reading inflated coordinates from 'inflated.nofix'
reading original coordinates from 'orig.nofix'
using genetic algorithm with optimized parameters
setting seed for random number genererator to 1234

*************************************************************
Topology Correction Parameters
retessellation mode:           genetic search
number of patches/generation : 10
number of generations :        10
surface mri loglikelihood coefficient :         1.0
volume mri loglikelihood coefficient :          10.0
normal dot loglikelihood coefficient :          1.0
quadratic curvature loglikelihood coefficient : 1.0
volume resolution :                             2
eliminate vertices during search :              1
initial patch selection :                       1
select all defect vertices :                    0
ordering dependant retessellation:              0
use precomputed edge table :                    0
smooth retessellated patch :                    2
match retessellated patch :                     1
verbose mode :                                  0

*************************************************************
INFO: assuming .mgz format
writing corrected surface to 'orig.premesh'
7.3.2
  7.3.2
before topology correction, eno=-28 (nv=156868, nf=313792, ne=470688, g=15)
using quasi-homeomorphic spherical map to tessellate cortical surface...

Correction of the Topology
Finding true center and radius of Spherical Surface...done
Surface centered at (0,0,0) with radius 100.0 in 10 iterations
marking ambiguous vertices...
6360 ambiguous faces found in tessellation
segmenting defects...
20 defects found, arbitrating ambiguous regions...
analyzing neighboring defects...
      -merging segment 10 into 6
      -merging segment 19 into 18
18 defects to be corrected 
0 vertices coincident
reading input surface /out/sourcedata/freesurfer/sub-v1s10x0051128_ses-1/surf/rh.qsphere.nofix...
reading brain volume from brain...
reading wm segmentation from wm...
Reading original properties of orig.nofix
Reading vertex positions of inflated.nofix
Computing Initial Surface Statistics
      -face       loglikelihood: -9.4190  (-4.7095)
      -vertex     loglikelihood: -6.3483  (-3.1741)
      -normal dot loglikelihood: -3.6349  (-3.6349)
      -quad curv  loglikelihood: -5.9227  (-2.9614)
      Total Loglikelihood : -25.3249
CORRECTING DEFECT 0 (vertices=42, convex hull=102, v0=9201)
After retessellation of defect 0 (v0=9201), euler #=-14 (153130,458226,305082) : difference with theory (-15) = -1 
CORRECTING DEFECT 1 (vertices=111, convex hull=61, v0=14019)
After retessellation of defect 1 (v0=14019), euler #=-13 (153136,458269,305120) : difference with theory (-14) = -1 
CORRECTING DEFECT 2 (vertices=163, convex hull=78, v0=31815)
After retessellation of defect 2 (v0=31815), euler #=-12 (153147,458335,305176) : difference with theory (-13) = -1 
CORRECTING DEFECT 3 (vertices=117, convex hull=63, v0=59945)
After retessellation of defect 3 (v0=59945), euler #=-11 (153171,458433,305251) : difference with theory (-12) = -1 
CORRECTING DEFECT 4 (vertices=256, convex hull=83, v0=62415)
After retessellation of defect 4 (v0=62415), euler #=-10 (153202,458562,305350) : difference with theory (-11) = -1 
CORRECTING DEFECT 5 (vertices=40, convex hull=74, v0=65997)
After retessellation of defect 5 (v0=65997), euler #=-9 (153216,458638,305413) : difference with theory (-10) = -1 
CORRECTING DEFECT 6 (vertices=192, convex hull=255, v0=67355)
After retessellation of defect 6 (v0=67355), euler #=-7 (153288,458968,305673) : difference with theory (-9) = -2 
CORRECTING DEFECT 7 (vertices=302, convex hull=121, v0=69569)
After retessellation of defect 7 (v0=69569), euler #=-6 (153334,459159,305819) : difference with theory (-8) = -2 
CORRECTING DEFECT 8 (vertices=5, convex hull=26, v0=69862)
After retessellation of defect 8 (v0=69862), euler #=-5 (153335,459169,305829) : difference with theory (-7) = -2 
CORRECTING DEFECT 9 (vertices=1552, convex hull=974, v0=70847)
An extra large defect has been detected...
This often happens because cerebellum or dura has not been removed from wm.mgz.
This may cause recon-all to run very slowly or crash.
if so, see https://surfer.nmr.mgh.harvard.edu/fswiki/FsTutorial/TopologicalDefect_freeview
After retessellation of defect 9 (v0=70847), euler #=-5 (153840,461182,307337) : difference with theory (-6) = -1 
CORRECTING DEFECT 10 (vertices=545, convex hull=404, v0=84058)
After retessellation of defect 10 (v0=84058), euler #=-4 (153944,461703,307755) : difference with theory (-5) = -1 
CORRECTING DEFECT 11 (vertices=6, convex hull=25, v0=98913)
After retessellation of defect 11 (v0=98913), euler #=-3 (153945,461713,307765) : difference with theory (-4) = -1 
CORRECTING DEFECT 12 (vertices=6, convex hull=24, v0=109561)
After retessellation of defect 12 (v0=109561), euler #=-2 (153946,461722,307774) : difference with theory (-3) = -1 
CORRECTING DEFECT 13 (vertices=20, convex hull=23, v0=113592)
After retessellation of defect 13 (v0=113592), euler #=-1 (153950,461741,307790) : difference with theory (-2) = -1 
CORRECTING DEFECT 14 (vertices=277, convex hull=55, v0=116801)
After retessellation of defect 14 (v0=116801), euler #=0 (153967,461816,307849) : difference with theory (-1) = -1 
CORRECTING DEFECT 15 (vertices=30, convex hull=54, v0=126918)
After retessellation of defect 15 (v0=126918), euler #=1 (153984,461885,307902) : difference with theory (0) = -1 
CORRECTING DEFECT 16 (vertices=55, convex hull=46, v0=144048)
After retessellation of defect 16 (v0=144048), euler #=0 (153993,461940,307947) : difference with theory (1) = 1 
CORRECTING DEFECT 17 (vertices=37, convex hull=84, v0=155315)
After retessellation of defect 17 (v0=155315), euler #=2 (154004,462006,308004) : difference with theory (2) = 0 
computing original vertex metric properties...
storing new metric properties...
computing tessellation statistics...
vertex spacing 0.89 +- 0.23 (0.07-->12.02) (max @ vno 82620 --> 156109)
face area -nan +- -nan (1000.00-->-1.00)
performing soap bubble on retessellated vertices for 0 iterations...
vertex spacing 0.89 +- 0.23 (0.07-->12.02) (max @ vno 82620 --> 156109)
face area -nan +- -nan (1000.00-->-1.00)
tessellation finished, orienting corrected surface...
49 mutations (30.4%), 112 crossovers (69.6%), 184 vertices were eliminated
building final representation...
2864 vertices and 0 faces have been removed from triangulation
after topology correction, eno=2 (nv=154004, nf=308004, ne=462006, g=0)
writing corrected surface to /out/sourcedata/freesurfer/sub-v1s10x0051128_ses-1/surf/rh.orig.premesh...

0.000 % of the vertices (0 vertices) exhibit an orientation change
removing intersecting faces
000: 278 intersecting
001: 26 intersecting
002: 6 intersecting
terminating search with 0 intersecting
topology fixing took 5.0 minutes
FSRUNTIME@ mris_fix_topology rh  0.0833 hours 16 threads
#VMPC# mris_fix_topology VmPeak  1872852

 mris_euler_number ../surf/rh.orig.premesh 

euler # = v-e+f = 2g-2: 154004 - 462006 + 308004 = 2 --> 0 holes
      F =2V-4:          308004 = 308008-4 (0)
      2E=3F:            924012 = 924012 (0)

total defect index = 0
Fri Mar  6 18:08:11 CET 2026

setenv SUBJECTS_DIR /out/sourcedata/freesurfer
cd /out/sourcedata/freesurfer/sub-v1s10x0051128_ses-1/scripts
/opt/freesurfer/bin/defect2seg --s sub-v1s10x0051128_ses-1 --rh-only --cortex

freesurfer-linux-ubuntu22_x86_64-7.3.2-20220804-6354275
defect2seg 7.3.2
Linux dna007 5.14.0-427.37.1.el9_4.x86_64 #1 SMP PREEMPT_DYNAMIC Fri Sep 13 12:41:50 EDT 2024 x86_64 x86_64 x86_64 GNU/Linux
pid 1711
mri_label2label --label-cortex /out/sourcedata/freesurfer/sub-v1s10x0051128_ses-1/surf/rh.orig.nofix /out/sourcedata/freesurfer/sub-v1s10x0051128_ses-1/mri/aseg.presurf.mgz 0 /out/sourcedata/freesurfer/sub-v1s10x0051128_ses-1/label/rh.nofix.cortex.label

 Generating cortex label... RemoveHipAmgy=0
 NucAccIsMedialWall=0
 mris->useRealRAS=0
21 non-cortical segments detected
only using segment with 7868 vertices
erasing segment 0 (vno[0] = 41414)
erasing segment 2 (vno[0] = 58411)
erasing segment 3 (vno[0] = 62269)
erasing segment 4 (vno[0] = 68524)
erasing segment 5 (vno[0] = 69876)
erasing segment 6 (vno[0] = 94965)
erasing segment 7 (vno[0] = 98414)
erasing segment 8 (vno[0] = 105861)
erasing segment 9 (vno[0] = 105881)
erasing segment 10 (vno[0] = 108366)
erasing segment 11 (vno[0] = 109345)
erasing segment 12 (vno[0] = 110583)
erasing segment 13 (vno[0] = 111611)
erasing segment 14 (vno[0] = 115597)
erasing segment 15 (vno[0] = 115652)
erasing segment 16 (vno[0] = 115743)
erasing segment 17 (vno[0] = 116805)
erasing segment 18 (vno[0] = 117959)
erasing segment 19 (vno[0] = 118897)
erasing segment 20 (vno[0] = 120864)
mri_label2vol --defects /out/sourcedata/freesurfer/sub-v1s10x0051128_ses-1/surf/rh.orig.nofix /out/sourcedata/freesurfer/sub-v1s10x0051128_ses-1/surf/rh.defect_labels /out/sourcedata/freesurfer/sub-v1s10x0051128_ses-1/mri/orig.mgz 2000 0 /out/sourcedata/freesurfer/sub-v1s10x0051128_ses-1/mri/rh.surface.defects.mgz /out/sourcedata/freesurfer/sub-v1s10x0051128_ses-1/label/rh.nofix.cortex.label
mri_label2vol supposed to be reproducible but seed not set
Contraining to label /out/sourcedata/freesurfer/sub-v1s10x0051128_ses-1/label/rh.nofix.cortex.label
Changing input type 0 to MRI_INT
Converting defects to volume: offset=2000, merge=0
Writing to /out/sourcedata/freesurfer/sub-v1s10x0051128_ses-1/mri/rh.surface.defects.mgz
mris_defects_pointset -s /out/sourcedata/freesurfer/sub-v1s10x0051128_ses-1/surf/rh.orig.nofix -d /out/sourcedata/freesurfer/sub-v1s10x0051128_ses-1/surf/rh.defect_labels -o /out/sourcedata/freesurfer/sub-v1s10x0051128_ses-1/surf/rh.defects.pointset --label /out/sourcedata/freesurfer/sub-v1s10x0051128_ses-1/label/rh.nofix.cortex.label
Reading in surface /out/sourcedata/freesurfer/sub-v1s10x0051128_ses-1/surf/rh.orig.nofix
Reading in defect segmentation /out/sourcedata/freesurfer/sub-v1s10x0051128_ses-1/surf/rh.defect_labels
Reading in label /out/sourcedata/freesurfer/sub-v1s10x0051128_ses-1/label/rh.nofix.cortex.label
#VMPC# mris_defects_pointset 1323008
mris_defects_pointset done
 
Started at Fri Mar 6 18:08:11 CET 2026 
Ended   at Fri Mar  6 18:08:30 CET 2026
Defect2seg-Run-Time-Sec 19
Defect2seg-Run-Time-Min 0.38
Defect2seg-Run-Time-Hours 0.01
 
tkmeditfv sub-v1s10x0051128_ses-1 brain.finalsurfs.mgz -defect
defect2seg Done

 mris_remesh --remesh --iters 3 --input /out/sourcedata/freesurfer/sub-v1s10x0051128_ses-1/surf/rh.orig.premesh --output /out/sourcedata/freesurfer/sub-v1s10x0051128_ses-1/surf/rh.orig 

iters = 3
standard remeshing without target
   adjusted l: 0.711566
remeshing to edge length 0.711566 with 3 iterations

avg qual before   : 0.890745  after: 0.97145

Removing intersections
Remeshed surface quality stats nv0 = 154004  nv = 160461  1.04193
Area    320918  0.30352  0.03356 0.081153   0.5169
Corner  962754 60.00000  8.75769 16.914278 146.0083
Edge    481377  0.84514  0.08208 0.452391   1.2872
Hinge   481377  9.56011 10.18560 0.000000 134.3513
mris_remesh done
/out/sourcedata/freesurfer/sub-v1s10x0051128_ses-1/scripts

 mris_remove_intersection ../surf/rh.orig ../surf/rh.orig 

intersection removal took 0.00 hours
writing corrected surface to ../surf/rh.orig

 rm -f ../surf/rh.inflated 

#--------------------------------------------
#@# AutoDetGWStats rh Fri Mar  6 18:09:07 CET 2026
cd /out/sourcedata/freesurfer/sub-v1s10x0051128_ses-1/mri
mris_autodet_gwstats --o ../surf/autodet.gw.stats.rh.dat --i brain.finalsurfs.mgz --wm wm.mgz --surf ../surf/rh.orig.premesh
7.3.2

cd /out/sourcedata/freesurfer/sub-v1s10x0051128_ses-1/mri
setenv SUBJECTS_DIR /out/sourcedata/freesurfer
mris_autodet_gwstats --o ../surf/autodet.gw.stats.rh.dat --i brain.finalsurfs.mgz --wm wm.mgz --surf ../surf/rh.orig.premesh 

border white:    288837 voxels (1.72%)
border gray      327154 voxels (1.95%)
Reading in intensity volume brain.finalsurfs.mgz
Reading in wm volume wm.mgz
Reading in surf ../surf/rh.orig.premesh
Auto detecting stats
MRIclipBrightWM(): nthresh=21652, wmmin=5, clip=110 
Binarizing thresholding at 5
computing class statistics... low=30, hi=110.000000
CCS WM (98.0): 98.0 +- 8.8 [70.0 --> 110.0]
CCS GM (69.0) : 69.3 +- 10.0 [30.0 --> 110.0]
white_mean = 97.985 +/- 8.75148, gray_mean = 69.334 +/- 9.95035
using class modes intead of means, discounting robust sigmas....
MRIScomputeClassModes(): min=0 max=194 nbins=195
intensity peaks found at WM=102+-6.1,    GM=63+-7.8
white_mode = 102, gray_mode = 63
std_scale = 1
Applying sanity checks, max_scale_down = 0.2
setting MIN_GRAY_AT_WHITE_BORDER to 53.0 (was 70.000000)
setting MAX_BORDER_WHITE to 110.8 (was 105.000000)
setting MIN_BORDER_WHITE to 63.0 (was 85.000000)
setting MAX_CSF to 43.1 (was 40.000000)
setting MAX_GRAY to 93.2 (was 95.000000)
setting MAX_GRAY_AT_CSF_BORDER to 53.0 (was 75.000000)
setting MIN_GRAY_AT_CSF_BORDER to 33.1 (was 40.000000)
When placing the white surface
  white_border_hi   = 110.751;
  white_border_low  = 63;
  white_outside_low = 53.0497;
  white_inside_hi   = 120;
  white_outside_hi  = 110.751;
When placing the pial surface
  pial_border_hi   = 53.0497;
  pial_border_low  = 33.149;
  pial_outside_low = 10;
  pial_inside_hi   = 93.2485;
  pial_outside_hi  = 48.0745;
#VMPC# mris_autodet_gwstats VmPeak  1359488
mris_autodet_gwstats done
#--------------------------------------------
#@# WhitePreAparc rh Fri Mar  6 18:09:10 CET 2026
cd /out/sourcedata/freesurfer/sub-v1s10x0051128_ses-1/mri
mris_place_surface --adgws-in ../surf/autodet.gw.stats.rh.dat --wm wm.mgz --threads 16 --invol brain.finalsurfs.mgz --rh --i ../surf/rh.orig --o ../surf/rh.white.preaparc --white --seg aseg.presurf.mgz --nsmooth 5
7.3.2
7.3.2

cd /out/sourcedata/freesurfer/sub-v1s10x0051128_ses-1/mri
setenv SUBJECTS_DIR /out/sourcedata/freesurfer
mris_place_surface --adgws-in ../surf/autodet.gw.stats.rh.dat --wm wm.mgz --threads 16 --invol brain.finalsurfs.mgz --rh --i ../surf/rh.orig --o ../surf/rh.white.preaparc --white --seg aseg.presurf.mgz --nsmooth 5 

Reading in input surface ../surf/rh.orig
Smoothing surface before ripping with 5 iterations
Area    320918  0.26771  0.06299 0.001939   0.5933
Corner  962754 60.00000  9.53229 9.070144 138.4014
Edge    481377  0.79021  0.11405 0.059723   1.3144
Hinge   481377  6.43221  6.45485 0.000003 130.2525
Not reading in aparc
Reading in input volume brain.finalsurfs.mgz
Reading in wm volume wm.mgz
MRIclipBrightWM(): nthresh=21652, wmmin=5, clip=110 
MRIfindBrightNonWM(): 1452 bright non-wm voxels segmented.
Masking bright non-wm for white surface
MRImask(): AllowDiffGeom = 1
MRImask(): AllowDiffGeom = 1
Reading in seg volume aseg.presurf.mgz
Ripping frozen voxels
INFO: rip surface needed but not specified, so using input surface
Freezing midline and others
Entering: MRISripMidline(): inhibiting deformation at non-cortical midline structures...
  which=1, fix_mtl=0, using annot = 0
#FML0# MRISripMidline(): nripped=0
removing 4 vertices from ripped group in thread:0
#FML# MRISripMidline(): nmarked=7279, nmarked2=49, nripped=7279
Ripping segs (eg, WMSA, BG, frozen)
Starting MRISripSegs() d = (-2 2 0.5) segnos: 247 
MRISripSegs(): -2 2 0.5 ripped 0
vertex 80231: xyz = (-1.25916,-2.14362,4.45091) oxyz = (-1.25916,-2.14362,4.45091) wxzy = (-1.25916,-2.14362,4.45091) pxyz = (0,0,0) 
CBVO Creating mask 160461
n_averages 4
Iteration 0 =========================================
n_averages=4, current_sigma=2
Freezing midline and others
Ripping frozen voxels
INFO: rip surface needed but not specified, so using input surface
Freezing midline and others
Entering: MRISripMidline(): inhibiting deformation at non-cortical midline structures...
  which=1, fix_mtl=0, using annot = 0
#FML0# MRISripMidline(): nripped=7279
removing 4 vertices from ripped group in thread:0
#FML# MRISripMidline(): nmarked=7279, nmarked2=49, nripped=7279
Ripping segs (eg, WMSA, BG, frozen)
Starting MRISripSegs() d = (-2 2 0.5) segnos: 247 247 
MRISripSegs(): -2 2 0.5 ripped 0
Computing target border values 
Entering MRIScomputeBorderValues_new(): 
  inside_hi   = 120.0000000;
  border_hi   = 110.7514800;
  border_low  =  63.0000000;
  outside_low =  53.0496520;
  outside_hi  = 110.7514800;
  sigma = 2;
  max_thickness = 10;
  step_size=0.5;
  STEP_SIZE=0.1;
  which = 1
  thresh = 0
  flags = 0
  CBVfindFirstPeakD1=0
  CBVfindFirstPeakD2=0
  nvertices=160461
  Gdiag_no=-1
  vno start=0, stop=160461
Replacing 255s with 0s
#SI# sigma=2 had to be increased for 93 vertices, nripped=7279
mean border=78.3, 33 (33) missing vertices, mean dist 0.3 [0.5 (%39.8)->0.8 (%60.2))]
%81 local maxima, %14 large gradients and % 0 min vals, 0 gradients ignored
nFirstPeakD1 0
MRIScomputeBorderValues_new() finished in 0.0184 min


Finding expansion regions
mean absolute distance = 0.66 +- 0.80
5024 vertices more than 2 sigmas from mean.
Averaging target values for 5 iterations...
Positioning Surface: tspring = 0.3, nspring = 0.3, spring = 0, niters = 100 l_repulse = 5, l_surf_repulse = 0, checktol = 0
Positioning pial surface
Entering MRISpositionSurface()
  max_mm = 0.3
  MAX_REDUCTIONS = 2, REDUCTION_PCT = 0.5
  parms->check_tol = 0, niterations = 100
tol=1.0e-04, sigma=2.0, host=dna00, nav=4, nbrs=2, l_repulse=5.000, l_tspring=0.300, l_nspring=0.300, l_intensity=0.200, l_curv=1.000
mom=0.00, dt=0.50
complete_dist_mat 0
rms 0
smooth_averages 0
remove_neg 0
ico_order 0
which_surface 0
target_radius 0.000000
nfields 0
scale 0.000000
desired_rms_height 0.000000
momentum 0.000000
nbhd_size 0
max_nbrs 0
niterations 100
nsurfaces 0
SURFACES 3
flags 0 (0)
use curv 0
no sulc 0
no rigid align 0
mris->nsize 2
mris->hemisphere 1
randomSeed 0

000: dt: 0.0000, sse=4138505.5, rms=11.373
001: dt: 0.5000, sse=2219795.8, rms=8.177 (28.104%)
002: dt: 0.5000, sse=1393763.5, rms=6.320 (22.709%)
003: dt: 0.5000, sse=988409.2, rms=5.164 (18.288%)
004: dt: 0.5000, sse=775240.3, rms=4.438 (14.061%)
005: dt: 0.5000, sse=656506.1, rms=3.973 (10.485%)
006: dt: 0.5000, sse=601994.9, rms=3.735 (5.975%)
007: dt: 0.5000, sse=572496.4, rms=3.595 (3.759%)
008: dt: 0.5000, sse=560751.8, rms=3.537 (1.617%)
rms = 3.4897/3.5367, sse=551803.4/560751.8, time step reduction 1 of 3 to 0.250  0 0 1
009: dt: 0.5000, sse=551803.4, rms=3.490 (1.330%)
010: dt: 0.2500, sse=296073.7, rms=1.925 (44.826%)
011: dt: 0.2500, sse=257650.1, rms=1.549 (19.546%)
012: dt: 0.2500, sse=249337.1, rms=1.438 (7.152%)
013: dt: 0.2500, sse=244499.3, rms=1.377 (4.233%)
rms = 1.3549/1.3774, sse=239285.3/244499.3, time step reduction 2 of 3 to 0.125  0 0 1
014: dt: 0.2500, sse=239285.3, rms=1.355 (1.633%)
015: dt: 0.1250, sse=233970.4, rms=1.290 (4.796%)
rms = 1.2802/1.2899, sse=233511.1/233970.4, time step reduction 3 of 3 to 0.062  0 0 1
016: dt: 0.1250, sse=233511.1, rms=1.280 (0.752%)
  maximum number of reductions reached, breaking from loop
positioning took 1.6 minutes
Iteration 1 =========================================
n_averages=2, current_sigma=1
Freezing midline and others
Ripping frozen voxels
INFO: rip surface needed but not specified, so using input surface
Freezing midline and others
Entering: MRISripMidline(): inhibiting deformation at non-cortical midline structures...
  which=1, fix_mtl=0, using annot = 0
#FML0# MRISripMidline(): nripped=7279
removing 2 vertices from ripped group in thread:0
removing 4 vertices from ripped group in thread:0
removing 4 vertices from ripped group in thread:0
removing 2 vertices from ripped group in thread:0
removing 3 vertices from ripped group in thread:0
removing 1 vertices from ripped group in thread:0
#FML# MRISripMidline(): nmarked=7446, nmarked2=54, nripped=7446
Ripping segs (eg, WMSA, BG, frozen)
Starting MRISripSegs() d = (-2 2 0.5) segnos: 247 247 247 
MRISripSegs(): -2 2 0.5 ripped 0
Computing target border values 
Entering MRIScomputeBorderValues_new(): 
  inside_hi   = 120.0000000;
  border_hi   = 110.7514800;
  border_low  =  63.0000000;
  outside_low =  53.0496520;
  outside_hi  = 110.7514800;
  sigma = 1;
  max_thickness = 10;
  step_size=0.5;
  STEP_SIZE=0.1;
  which = 1
  thresh = 0
  flags = 0
  CBVfindFirstPeakD1=0
  CBVfindFirstPeakD2=0
  nvertices=160461
  Gdiag_no=-1
  vno start=0, stop=160461
Replacing 255s with 0s
#SI# sigma=1 had to be increased for 64 vertices, nripped=7446
mean border=80.9, 63 (4) missing vertices, mean dist -0.2 [0.3 (%71.9)->0.2 (%28.1))]
%85 local maxima, %10 large gradients and % 0 min vals, 0 gradients ignored
nFirstPeakD1 0
MRIScomputeBorderValues_new() finished in 0.0127 min


Finding expansion regions
mean absolute distance = 0.29 +- 0.53
2791 vertices more than 2 sigmas from mean.
Averaging target values for 5 iterations...
Positioning Surface: tspring = 0.3, nspring = 0.3, spring = 0, niters = 100 l_repulse = 5, l_surf_repulse = 0, checktol = 0
Positioning pial surface
Entering MRISpositionSurface()
  max_mm = 0.3
  MAX_REDUCTIONS = 2, REDUCTION_PCT = 0.5
  parms->check_tol = 0, niterations = 100
tol=1.0e-04, sigma=1.0, host=dna00, nav=2, nbrs=2, l_repulse=5.000, l_tspring=0.300, l_nspring=0.300, l_intensity=0.200, l_curv=1.000
mom=0.00, dt=0.50
000: dt: 0.0000, sse=888109.9, rms=4.597
017: dt: 0.5000, sse=523073.8, rms=3.037 (33.940%)
rms = 3.1788/3.0367, sse=548330.7/523073.8, time step reduction 1 of 3 to 0.250  0 1 1
   RMS increased, rejecting step
018: dt: 0.2500, sse=385503.7, rms=2.172 (28.470%)
019: dt: 0.2500, sse=316970.6, rms=1.581 (27.194%)
020: dt: 0.2500, sse=294385.2, rms=1.327 (16.083%)
021: dt: 0.2500, sse=286032.6, rms=1.217 (8.289%)
022: dt: 0.2500, sse=281782.5, rms=1.155 (5.069%)
rms = 1.1208/1.1554, sse=279747.5/281782.5, time step reduction 2 of 3 to 0.125  0 0 1
023: dt: 0.2500, sse=279747.5, rms=1.121 (2.998%)
rms = 1.0716/1.1208, sse=276282.2/279747.5, time step reduction 3 of 3 to 0.062  0 0 1
024: dt: 0.1250, sse=276282.2, rms=1.072 (4.387%)
  maximum number of reductions reached, breaking from loop
positioning took 0.8 minutes
Iteration 2 =========================================
n_averages=1, current_sigma=0.5
Freezing midline and others
Ripping frozen voxels
INFO: rip surface needed but not specified, so using input surface
Freezing midline and others
Entering: MRISripMidline(): inhibiting deformation at non-cortical midline structures...
  which=1, fix_mtl=0, using annot = 0
#FML0# MRISripMidline(): nripped=7446
removing 3 vertices from ripped group in thread:0
removing 2 vertices from ripped group in thread:0
removing 4 vertices from ripped group in thread:0
removing 3 vertices from ripped group in thread:0
removing 3 vertices from ripped group in thread:0
removing 2 vertices from ripped group in thread:0
#FML# MRISripMidline(): nmarked=7520, nmarked2=55, nripped=7520
Ripping segs (eg, WMSA, BG, frozen)
Starting MRISripSegs() d = (-2 2 0.5) segnos: 247 247 247 247 
MRISripSegs(): -2 2 0.5 ripped 0
Computing target border values 
Entering MRIScomputeBorderValues_new(): 
  inside_hi   = 120.0000000;
  border_hi   = 110.7514800;
  border_low  =  63.0000000;
  outside_low =  53.0496520;
  outside_hi  = 110.7514800;
  sigma = 0.5;
  max_thickness = 10;
  step_size=0.5;
  STEP_SIZE=0.1;
  which = 1
  thresh = 0
  flags = 0
  CBVfindFirstPeakD1=0
  CBVfindFirstPeakD2=0
  nvertices=160461
  Gdiag_no=-1
  vno start=0, stop=160461
Replacing 255s with 0s
#SI# sigma=0.5 had to be increased for 48 vertices, nripped=7520
mean border=82.8, 70 (1) missing vertices, mean dist -0.1 [0.2 (%68.1)->0.2 (%31.9))]
%89 local maxima, % 6 large gradients and % 0 min vals, 0 gradients ignored
nFirstPeakD1 0
MRIScomputeBorderValues_new() finished in 0.0074 min


Finding expansion regions
mean absolute distance = 0.23 +- 0.39
3643 vertices more than 2 sigmas from mean.
Averaging target values for 5 iterations...
Positioning Surface: tspring = 0.3, nspring = 0.3, spring = 0, niters = 100 l_repulse = 5, l_surf_repulse = 0, checktol = 0
Positioning pial surface
Entering MRISpositionSurface()
  max_mm = 0.3
  MAX_REDUCTIONS = 2, REDUCTION_PCT = 0.5
  parms->check_tol = 0, niterations = 100
tol=1.0e-04, sigma=0.5, host=dna00, nav=1, nbrs=2, l_repulse=5.000, l_tspring=0.300, l_nspring=0.300, l_intensity=0.200, l_curv=1.000
mom=0.00, dt=0.50
000: dt: 0.0000, sse=508364.6, rms=2.971
025: dt: 0.5000, sse=459507.1, rms=2.676 (9.939%)
rms = 2.9577/2.6760, sse=505513.5/459507.1, time step reduction 1 of 3 to 0.250  0 1 1
   RMS increased, rejecting step
026: dt: 0.2500, sse=330019.9, rms=1.719 (35.772%)
027: dt: 0.2500, sse=284737.5, rms=1.226 (28.681%)
028: dt: 0.2500, sse=274357.6, rms=1.065 (13.115%)
rms = 1.0251/1.0650, sse=271056.8/274357.6, time step reduction 2 of 3 to 0.125  0 0 1
029: dt: 0.2500, sse=271056.8, rms=1.025 (3.751%)
030: dt: 0.1250, sse=266631.1, rms=0.950 (7.288%)
rms = 0.9402/0.9504, sse=266121.4/266631.1, time step reduction 3 of 3 to 0.062  0 0 1
031: dt: 0.1250, sse=266121.4, rms=0.940 (1.071%)
  maximum number of reductions reached, breaking from loop
positioning took 0.7 minutes
Iteration 3 =========================================
n_averages=0, current_sigma=0.25
Freezing midline and others
Ripping frozen voxels
INFO: rip surface needed but not specified, so using input surface
Freezing midline and others
Entering: MRISripMidline(): inhibiting deformation at non-cortical midline structures...
  which=1, fix_mtl=0, using annot = 0
#FML0# MRISripMidline(): nripped=7520
removing 3 vertices from ripped group in thread:0
removing 2 vertices from ripped group in thread:0
removing 3 vertices from ripped group in thread:0
removing 3 vertices from ripped group in thread:0
removing 3 vertices from ripped group in thread:0
removing 2 vertices from ripped group in thread:0
removing 4 vertices from ripped group in thread:0
#FML# MRISripMidline(): nmarked=7545, nmarked2=55, nripped=7545
Ripping segs (eg, WMSA, BG, frozen)
Starting MRISripSegs() d = (-2 2 0.5) segnos: 247 247 247 247 247 
MRISripSegs(): -2 2 0.5 ripped 0
Computing target border values 
Entering MRIScomputeBorderValues_new(): 
  inside_hi   = 120.0000000;
  border_hi   = 110.7514800;
  border_low  =  63.0000000;
  outside_low =  53.0496520;
  outside_hi  = 110.7514800;
  sigma = 0.25;
  max_thickness = 10;
  step_size=0.5;
  STEP_SIZE=0.1;
  which = 1
  thresh = 0
  flags = 0
  CBVfindFirstPeakD1=0
  CBVfindFirstPeakD2=0
  nvertices=160461
  Gdiag_no=-1
  vno start=0, stop=160461
Replacing 255s with 0s
#SI# sigma=0.25 had to be increased for 43 vertices, nripped=7545
mean border=83.5, 91 (1) missing vertices, mean dist -0.0 [0.2 (%56.0)->0.2 (%44.0))]
%91 local maxima, % 4 large gradients and % 0 min vals, 0 gradients ignored
nFirstPeakD1 0
MRIScomputeBorderValues_new() finished in 0.0048 min


Finding expansion regions
mean absolute distance = 0.20 +- 0.32
3939 vertices more than 2 sigmas from mean.
Averaging target values for 5 iterations...
Positioning Surface: tspring = 0.3, nspring = 0.3, spring = 0, niters = 100 l_repulse = 5, l_surf_repulse = 0, checktol = 0
Positioning pial surface
Entering MRISpositionSurface()
  max_mm = 0.3
  MAX_REDUCTIONS = 2, REDUCTION_PCT = 0.5
  parms->check_tol = 0, niterations = 100
tol=1.0e-04, sigma=0.2, host=dna00, nav=0, nbrs=2, l_repulse=5.000, l_tspring=0.300, l_nspring=0.300, l_intensity=0.200, l_curv=1.000
mom=0.00, dt=0.50
000: dt: 0.0000, sse=302145.4, rms=1.470
rms = 1.6252/1.4701, sse=319618.3/302145.4, time step reduction 1 of 3 to 0.250  0 1 1
   RMS increased, rejecting step
032: dt: 0.2500, sse=268174.9, rms=1.019 (30.682%)
033: dt: 0.2500, sse=252684.9, rms=0.723 (29.016%)
rms = 0.7099/0.7234, sse=251590.3/252684.9, time step reduction 2 of 3 to 0.125  0 0 1
034: dt: 0.2500, sse=251590.3, rms=0.710 (1.866%)
rms = 0.6977/0.7099, sse=250766.0/251590.3, time step reduction 3 of 3 to 0.062  0 0 1
035: dt: 0.1250, sse=250766.0, rms=0.698 (1.716%)
  maximum number of reductions reached, breaking from loop
positioning took 0.4 minutes


Writing output to ../surf/rh.white.preaparc
#ET# mris_place_surface  3.64 minutes
#VMPC# mris_place_surfaces VmPeak  3376660
mris_place_surface done
#--------------------------------------------
#@# CortexLabel rh Fri Mar  6 18:12:55 CET 2026
cd /out/sourcedata/freesurfer/sub-v1s10x0051128_ses-1/mri
mri_label2label --label-cortex ../surf/rh.white.preaparc aseg.presurf.mgz 0 ../label/rh.cortex.label

 Generating cortex label... RemoveHipAmgy=0
 NucAccIsMedialWall=0
 mris->useRealRAS=0
3 non-cortical segments detected
only using segment with 8838 vertices
erasing segment 0 (vno[0] = 36198)
erasing segment 2 (vno[0] = 98445)
#--------------------------------------------
#@# CortexLabel+HipAmyg rh Fri Mar  6 18:13:12 CET 2026
cd /out/sourcedata/freesurfer/sub-v1s10x0051128_ses-1/mri
mri_label2label --label-cortex ../surf/rh.white.preaparc aseg.presurf.mgz 1 ../label/rh.cortex+hipamyg.label

 Generating cortex label... RemoveHipAmgy=1
 NucAccIsMedialWall=0
 mris->useRealRAS=0
9 non-cortical segments detected
only using segment with 6320 vertices
erasing segment 0 (vno[0] = 36198)
erasing segment 2 (vno[0] = 62853)
erasing segment 3 (vno[0] = 70014)
erasing segment 4 (vno[0] = 73988)
erasing segment 5 (vno[0] = 87428)
erasing segment 6 (vno[0] = 98445)
erasing segment 7 (vno[0] = 131469)
erasing segment 8 (vno[0] = 132132)
#--------------------------------------------
#@# Smooth2 rh Fri Mar  6 18:13:29 CET 2026
/out/sourcedata/freesurfer/sub-v1s10x0051128_ses-1/scripts

 mris_smooth -n 3 -nw -seed 1234 ../surf/rh.white.preaparc ../surf/rh.smoothwm 

smoothing for 3 iterations
setting seed for random number generator to 1234
smoothing surface tessellation for 3 iterations...
smoothing complete - recomputing first and second fundamental forms...
#--------------------------------------------
#@# Inflation2 rh Fri Mar  6 18:13:32 CET 2026
/out/sourcedata/freesurfer/sub-v1s10x0051128_ses-1/scripts

 mris_inflate ../surf/rh.smoothwm ../surf/rh.inflated 

Reading ../surf/rh.smoothwm
avg radius = 49.0 mm, total surface area = 100170 mm^2
step 000: RMS=0.171 (target=0.015)   step 005: RMS=0.114 (target=0.015)   step 010: RMS=0.085 (target=0.015)   step 015: RMS=0.070 (target=0.015)   step 020: RMS=0.058 (target=0.015)   step 025: RMS=0.048 (target=0.015)   step 030: RMS=0.040 (target=0.015)   step 035: RMS=0.033 (target=0.015)   step 040: RMS=0.029 (target=0.015)   step 045: RMS=0.025 (target=0.015)   step 050: RMS=0.022 (target=0.015)   step 055: RMS=0.020 (target=0.015)   step 060: RMS=0.019 (target=0.015)   writing inflated surface to ../surf/rh.inflated
writing sulcal depths to ../surf/rh.sulc

inflation complete.
inflation took 0.3 minutes
mris_inflate utimesec    75.878631
mris_inflate stimesec    1.805525
mris_inflate ru_maxrss   245636
mris_inflate ru_ixrss    0
mris_inflate ru_idrss    0
mris_inflate ru_isrss    0
mris_inflate ru_minflt   656631
mris_inflate ru_majflt   12
mris_inflate ru_nswap    0
mris_inflate ru_inblock  0
mris_inflate ru_oublock  12544
mris_inflate ru_msgsnd   0
mris_inflate ru_msgrcv   0
mris_inflate ru_nsignals 0
mris_inflate ru_nvcsw    8180
mris_inflate ru_nivcsw   387
#--------------------------------------------
#@# Curv .H and .K rh Fri Mar  6 18:13:48 CET 2026
/out/sourcedata/freesurfer/sub-v1s10x0051128_ses-1/surf

 mris_curvature -w -seed 1234 rh.white.preaparc 

setting seed for random number generator to 1234
total integrated curvature = 20.918*4pi (262.868) --> -20 handles
ICI = 162.8, FI = 1696.6, variation=26422.475
writing Gaussian curvature to ./rh.white.preaparc.K...done.
writing mean curvature to ./rh.white.preaparc.H...done.
rm -f rh.white.H
ln -s rh.white.preaparc.H rh.white.H
rm -f rh.white.K
ln -s rh.white.preaparc.K rh.white.K

 mris_curvature -seed 1234 -thresh .999 -n -a 5 -w -distances 10 10 rh.inflated 

setting seed for random number generator to 1234
normalizing curvature values.
averaging curvature patterns 5 times.
sampling 10 neighbors out to a distance of 10 mm
206 vertices thresholded to be in k1 ~ [-0.22 0.37], k2 ~ [-0.09 0.07]
total integrated curvature = 0.644*4pi (8.098) --> 0 handles
ICI = 1.8, FI = 11.2, variation=190.969
136 vertices thresholded to be in [-0.01 0.01]
writing Gaussian curvature to ./rh.inflated.K...thresholding curvature at 99.90% level
curvature mean = 0.000, std = 0.001
167 vertices thresholded to be in [-0.13 0.18]
done.
writing mean curvature to ./rh.inflated.H...curvature mean = -0.014, std = 0.023
done.
#--------------------------------------------
#@# Sphere rh Fri Mar  6 18:14:41 CET 2026
/out/sourcedata/freesurfer/sub-v1s10x0051128_ses-1/scripts

 mris_sphere -seed 1234 ../surf/rh.inflated ../surf/rh.sphere 

setting seed for random number genererator to 1234
version: 7.3.2
available threads: 16
reading original vertex positions...
projecting onto sphere...
surface projected - minimizing metric distortion...
scaling brain by 0.272...
MRISunfold() max_passes = 1 -------
tol=5.0e-01, sigma=0.0, host=dna00, nav=1024, nbrs=2, l_area=1.000, l_dist=1.000
using quadratic fit line minimization
complete_dist_mat 0
rms 0
smooth_averages 0
remove_neg 0
ico_order 0
which_surface 0
target_radius 0.000000
nfields 0
scale 1.000000
desired_rms_height -1.000000
momentum 0.900000
nbhd_size 7
max_nbrs 8
niterations 25
nsurfaces 0
SURFACES 3
flags 0 (0)
use curv 0
no sulc 0
no rigid align 0
mris->nsize 2
mris->hemisphere 1
randomSeed 1234

singular matrix in quadratic form
singular matrix in quadratic form
--------------------
  mrisRemoveNegativeArea()
pass 1: epoch 1 of 3 starting distance error %20.61
pass 1: epoch 2 of 3 starting distance error %20.58
unfolding complete - removing small folds...
starting distance error %20.53
removing remaining folds...
final distance error %20.53
MRISunfold() return, current seed 1234
-01: dt=0.0000, 139 negative triangles  VmPeak 1804196
131: dt=0.9900, 139 negative triangles
132: dt=0.9900,  82 negative triangles
133: dt=0.9900,  51 negative triangles
134: dt=0.9900,  63 negative triangles
135: dt=0.9900,  55 negative triangles
136: dt=0.9900,  58 negative triangles
137: dt=0.9900,  53 negative triangles
138: dt=0.9900,  58 negative triangles
139: dt=0.9900,  57 negative triangles
140: dt=0.9900,  50 negative triangles
141: dt=0.9900,  51 negative triangles
142: dt=0.9900,  47 negative triangles
143: dt=0.9900,  50 negative triangles
144: dt=0.9900,  51 negative triangles
145: dt=0.9900,  52 negative triangles
146: dt=0.9900,  49 negative triangles
147: dt=0.9900,  55 negative triangles
148: dt=0.9900,  50 negative triangles
149: dt=0.9900,  54 negative triangles
150: dt=0.9900,  57 negative triangles
151: dt=0.9900,  49 negative triangles
152: dt=0.9405,  52 negative triangles
153: dt=0.9405,  49 negative triangles
154: dt=0.9405,  49 negative triangles
155: dt=0.9405,  51 negative triangles
156: dt=0.9405,  48 negative triangles
157: dt=0.9405,  48 negative triangles
158: dt=0.9405,  49 negative triangles
159: dt=0.9405,  50 negative triangles
160: dt=0.9405,  51 negative triangles
161: dt=0.9405,  50 negative triangles
162: dt=0.8935,  50 negative triangles
163: dt=0.8935,  50 negative triangles
164: dt=0.8935,  53 negative triangles
165: dt=0.8935,  50 negative triangles
166: dt=0.8935,  50 negative triangles
167: dt=0.8935,  48 negative triangles
168: dt=0.8935,  53 negative triangles
169: dt=0.8935,  50 negative triangles
170: dt=0.8935,  52 negative triangles
171: dt=0.8935,  52 negative triangles
172: dt=0.8488,  49 negative triangles
173: dt=0.8488,  48 negative triangles
174: dt=0.8488,  51 negative triangles
175: dt=0.8488,  50 negative triangles
176: dt=0.8488,  48 negative triangles
177: dt=0.8488,  50 negative triangles
178: dt=0.8488,  49 negative triangles
179: dt=0.8488,  52 negative triangles
180: dt=0.8488,  51 negative triangles
181: dt=0.8488,  50 negative triangles
182: dt=0.8064,  47 negative triangles
183: dt=0.8064,  50 negative triangles
184: dt=0.8064,  51 negative triangles
185: dt=0.8064,  49 negative triangles
186: dt=0.8064,  49 negative triangles
187: dt=0.8064,  51 negative triangles
188: dt=0.8064,  53 negative triangles
189: dt=0.8064,  50 negative triangles
190: dt=0.8064,  49 negative triangles
191: dt=0.8064,  49 negative triangles
192: dt=0.7660,  50 negative triangles
expanding nbhd size to 1
193: dt=0.9900,  49 negative triangles
194: dt=0.9900,  47 negative triangles
195: dt=0.9900,  45 negative triangles
196: dt=0.9900,  43 negative triangles
197: dt=0.9900,  43 negative triangles
198: dt=0.9900,  42 negative triangles
199: dt=0.9900,  42 negative triangles
200: dt=0.9900,  41 negative triangles
201: dt=0.9900,  41 negative triangles
202: dt=0.9900,  43 negative triangles
203: dt=0.9900,  43 negative triangles
204: dt=0.9900,  42 negative triangles
205: dt=0.9900,  41 negative triangles
206: dt=0.9900,  41 negative triangles
207: dt=0.9900,  42 negative triangles
208: dt=0.9900,  42 negative triangles
209: dt=0.9900,  42 negative triangles
210: dt=0.9405,  45 negative triangles
211: dt=0.9405,  44 negative triangles
212: dt=0.9405,  42 negative triangles
213: dt=0.9405,  42 negative triangles
214: dt=0.9405,  42 negative triangles
215: dt=0.9405,  42 negative triangles
216: dt=0.9405,  43 negative triangles
217: dt=0.9405,  42 negative triangles
218: dt=0.9405,  41 negative triangles
219: dt=0.9405,  41 negative triangles
220: dt=0.8935,  41 negative triangles
221: dt=0.8935,  40 negative triangles
222: dt=0.8935,  42 negative triangles
223: dt=0.8935,  41 negative triangles
224: dt=0.8935,  40 negative triangles
225: dt=0.8935,  40 negative triangles
226: dt=0.8935,  40 negative triangles
227: dt=0.8935,  40 negative triangles
228: dt=0.8935,  40 negative triangles
229: dt=0.8935,  40 negative triangles
230: dt=0.8935,  44 negative triangles
231: dt=0.8488,  42 negative triangles
232: dt=0.8488,  40 negative triangles
233: dt=0.8488,  39 negative triangles
234: dt=0.8488,  39 negative triangles
235: dt=0.8488,  39 negative triangles
236: dt=0.8488,  40 negative triangles
237: dt=0.8488,  39 negative triangles
238: dt=0.8488,  38 negative triangles
239: dt=0.8488,  38 negative triangles
240: dt=0.8488,  38 negative triangles
241: dt=0.8488,  38 negative triangles
242: dt=0.8488,  39 negative triangles
243: dt=0.8488,  38 negative triangles
244: dt=0.8488,  38 negative triangles
245: dt=0.8488,  38 negative triangles
246: dt=0.8488,  38 negative triangles
247: dt=0.8488,  40 negative triangles
248: dt=0.8064,  39 negative triangles
249: dt=0.8064,  38 negative triangles
250: dt=0.8064,  38 negative triangles
251: dt=0.8064,  38 negative triangles
252: dt=0.8064,  38 negative triangles
253: dt=0.8064,  38 negative triangles
254: dt=0.8064,  40 negative triangles
255: dt=0.8064,  42 negative triangles
256: dt=0.8064,  38 negative triangles
257: dt=0.8064,  38 negative triangles
258: dt=0.7660,  38 negative triangles
259: dt=0.7660,  38 negative triangles
260: dt=0.7660,  38 negative triangles
261: dt=0.7660,  40 negative triangles
262: dt=0.7660,  39 negative triangles
263: dt=0.7660,  38 negative triangles
264: dt=0.7660,  38 negative triangles
265: dt=0.7660,  38 negative triangles
266: dt=0.7660,  38 negative triangles
267: dt=0.7660,  39 negative triangles
268: dt=0.7277,  38 negative triangles
269: dt=0.7277,  38 negative triangles
270: dt=0.7277,  38 negative triangles
271: dt=0.7277,  38 negative triangles
272: dt=0.7277,  38 negative triangles
273: dt=0.7277,  40 negative triangles
274: dt=0.7277,  39 negative triangles
275: dt=0.7277,  38 negative triangles
276: dt=0.7277,  38 negative triangles
277: dt=0.7277,  38 negative triangles
278: dt=0.6914,  38 negative triangles
279: dt=0.6914,  39 negative triangles
280: dt=0.6914,  38 negative triangles
281: dt=0.6914,  38 negative triangles
282: dt=0.6914,  37 negative triangles
283: dt=0.6914,  37 negative triangles
284: dt=0.6914,  37 negative triangles
285: dt=0.6914,  39 negative triangles
286: dt=0.6914,  37 negative triangles
287: dt=0.6914,  36 negative triangles
288: dt=0.6914,  35 negative triangles
289: dt=0.6914,  35 negative triangles
290: dt=0.6914,  32 negative triangles
291: dt=0.6914,  32 negative triangles
292: dt=0.6914,  32 negative triangles
293: dt=0.6914,  34 negative triangles
294: dt=0.6914,  33 negative triangles
295: dt=0.6914,  33 negative triangles
296: dt=0.6914,  33 negative triangles
297: dt=0.6914,  32 negative triangles
298: dt=0.6914,  33 negative triangles
299: dt=0.6914,  32 negative triangles
300: dt=0.6568,  32 negative triangles
301: dt=0.6568,  31 negative triangles
302: dt=0.6568,  29 negative triangles
303: dt=0.6568,  29 negative triangles
304: dt=0.6568,  30 negative triangles
305: dt=0.6568,  29 negative triangles
306: dt=0.6568,  29 negative triangles
307: dt=0.6568,  29 negative triangles
308: dt=0.6568,  29 negative triangles
309: dt=0.6568,  29 negative triangles
310: dt=0.6568,  28 negative triangles
311: dt=0.6568,  29 negative triangles
312: dt=0.6568,  28 negative triangles
313: dt=0.6568,  29 negative triangles
314: dt=0.6568,  29 negative triangles
315: dt=0.6568,  28 negative triangles
316: dt=0.6568,  28 negative triangles
317: dt=0.6568,  28 negative triangles
318: dt=0.6568,  27 negative triangles
319: dt=0.6568,  27 negative triangles
320: dt=0.6568,  28 negative triangles
321: dt=0.6568,  27 negative triangles
322: dt=0.6568,  27 negative triangles
323: dt=0.6568,  27 negative triangles
324: dt=0.6568,  27 negative triangles
325: dt=0.6568,  26 negative triangles
326: dt=0.6568,  26 negative triangles
327: dt=0.6568,  27 negative triangles
328: dt=0.6568,  26 negative triangles
329: dt=0.6568,  26 negative triangles
330: dt=0.6568,  26 negative triangles
331: dt=0.6568,  26 negative triangles
332: dt=0.6568,  26 negative triangles
333: dt=0.6568,  27 negative triangles
334: dt=0.6568,  26 negative triangles
335: dt=0.6239,  26 negative triangles
336: dt=0.6239,  26 negative triangles
337: dt=0.6239,  24 negative triangles
338: dt=0.6239,  24 negative triangles
339: dt=0.6239,  24 negative triangles
340: dt=0.6239,  22 negative triangles
341: dt=0.6239,  23 negative triangles
342: dt=0.6239,  22 negative triangles
343: dt=0.6239,  24 negative triangles
344: dt=0.6239,  24 negative triangles
345: dt=0.6239,  21 negative triangles
346: dt=0.6239,  21 negative triangles
347: dt=0.6239,  21 negative triangles
348: dt=0.6239,  21 negative triangles
349: dt=0.6239,  21 negative triangles
350: dt=0.6239,  20 negative triangles
351: dt=0.6239,  20 negative triangles
352: dt=0.6239,  20 negative triangles
353: dt=0.6239,  20 negative triangles
354: dt=0.6239,  19 negative triangles
355: dt=0.6239,  19 negative triangles
356: dt=0.6239,  19 negative triangles
357: dt=0.6239,  21 negative triangles
358: dt=0.6239,  19 negative triangles
359: dt=0.6239,  18 negative triangles
360: dt=0.6239,  18 negative triangles
361: dt=0.6239,  17 negative triangles
362: dt=0.6239,  17 negative triangles
363: dt=0.6239,  17 negative triangles
364: dt=0.6239,  17 negative triangles
365: dt=0.6239,  18 negative triangles
366: dt=0.6239,  19 negative triangles
367: dt=0.6239,  18 negative triangles
368: dt=0.6239,  17 negative triangles
369: dt=0.6239,  16 negative triangles
370: dt=0.6239,  16 negative triangles
371: dt=0.6239,  14 negative triangles
372: dt=0.6239,  13 negative triangles
373: dt=0.6239,  13 negative triangles
374: dt=0.6239,  13 negative triangles
375: dt=0.6239,  16 negative triangles
376: dt=0.6239,  15 negative triangles
377: dt=0.6239,  15 negative triangles
378: dt=0.6239,  15 negative triangles
379: dt=0.6239,  14 negative triangles
380: dt=0.6239,  12 negative triangles
381: dt=0.6239,  12 negative triangles
382: dt=0.6239,  14 negative triangles
383: dt=0.6239,  15 negative triangles
384: dt=0.6239,  14 negative triangles
385: dt=0.6239,  13 negative triangles
386: dt=0.6239,  11 negative triangles
387: dt=0.6239,  11 negative triangles
388: dt=0.6239,  10 negative triangles
389: dt=0.6239,   9 negative triangles
390: dt=0.6239,   9 negative triangles
391: dt=0.6239,  10 negative triangles
392: dt=0.6239,   9 negative triangles
393: dt=0.6239,   9 negative triangles
394: dt=0.6239,  10 negative triangles
395: dt=0.6239,   9 negative triangles
396: dt=0.6239,   9 negative triangles
397: dt=0.6239,   8 negative triangles
398: dt=0.6239,   7 negative triangles
399: dt=0.6239,   8 negative triangles
400: dt=0.6239,   7 negative triangles
401: dt=0.6239,   6 negative triangles
402: dt=0.6239,   6 negative triangles
403: dt=0.6239,   6 negative triangles
404: dt=0.6239,   7 negative triangles
405: dt=0.6239,   5 negative triangles
406: dt=0.6239,   4 negative triangles
407: dt=0.6239,   4 negative triangles
408: dt=0.6239,   4 negative triangles
409: dt=0.6239,   3 negative triangles
410: dt=0.6239,   3 negative triangles
411: dt=0.6239,   3 negative triangles
412: dt=0.6239,   1 negative triangles
413: dt=0.6239,   1 negative triangles
414: dt=0.6239,   1 negative triangles
415: dt=0.6239,   1 negative triangles
416: dt=0.6239,   3 negative triangles
417: dt=0.6239,   1 negative triangles
writing spherical brain to ../surf/rh.sphere
spherical transformation took 0.0609 hours
FSRUNTIME@ mris_sphere  0.0609 hours 16 threads
#VMPC# mris_sphere VmPeak  1804196
mris_sphere done
#--------------------------------------------
#@# Surf Reg rh Fri Mar  6 18:18:20 CET 2026
/out/sourcedata/freesurfer/sub-v1s10x0051128_ses-1/scripts

 mris_register -curv ../surf/rh.sphere /opt/freesurfer/average/rh.folding.atlas.acfb40.noaparc.i12.2016-08-02.tif ../surf/rh.sphere.reg 

using smoothwm curvature for final alignment

cwd /out/sourcedata/freesurfer/sub-v1s10x0051128_ses-1/scripts
cmdline mris_register -curv ../surf/rh.sphere /opt/freesurfer/average/rh.folding.atlas.acfb40.noaparc.i12.2016-08-02.tif ../surf/rh.sphere.reg 

0 inflated.H
1 sulc
2 smoothwm (computed)
7.3.2
  7.3.2
reading surface from ../surf/rh.sphere...
reading template parameterization from /opt/freesurfer/average/rh.folding.atlas.acfb40.noaparc.i12.2016-08-02.tif...
MRISregister() -------
max_passes = 4 
min_degrees = 0.500000 
max_degrees = 64.000000 
nangles = 8 
tol=5.0e-01, sigma=0.0, host=dna00, nav=1024, nbrs=1, l_extern=10000.000, l_parea=0.200, l_nlarea=1.000, l_corr=1.000, l_dist=5.000
using quadratic fit line minimization
complete_dist_mat 0
rms 0
smooth_averages 0
remove_neg 0
ico_order 0
which_surface 0
target_radius 0.000000
nfields 0
scale 0.000000
desired_rms_height -1.000000
momentum 0.950000
nbhd_size -10
max_nbrs 10
niterations 25
nsurfaces 0
SURFACES 3
flags 16 (10)
use curv 16
no sulc 0
no rigid align 0
mris->nsize 1
mris->hemisphere 1
randomSeed 0

tol=5.0e-01, sigma=0.0, host=dna00, nav=1024, nbrs=1, l_extern=10000.000, l_parea=0.200, l_nlarea=1.000, l_corr=1.000, l_dist=5.000
using quadratic fit line minimization
--------------------
1 Reading rh.sulc
tol=1.0e+00, sigma=0.5, host=dna00, nav=1024, nbrs=1, l_extern=10000.000, l_parea=0.200, l_nlarea=1.000, l_corr=0.050, l_spring=0.500, l_dist=5.000
using quadratic fit line minimization
curvature mean = 0.000, std = 5.738
curvature mean = 0.022, std = 0.815
curvature mean = 0.006, std = 0.849
Starting MRISrigidBodyAlignGlobal()
Starting new MRISrigidBodyAlignGlobal_findMinSSE()
  new MRISrigidBodyAlignGlobal_findMinSSE min @ (6.00, -4.50, -3.50) sse = 276734.9, elapsed since starting=0.1198 min
MRISrigidBodyAlignGlobal() done   0.12 min
curvature mean = 0.001, std = 0.814
curvature mean = 0.003, std = 0.941
curvature mean = -0.005, std = 0.815
curvature mean = 0.002, std = 0.976
curvature mean = -0.007, std = 0.815
curvature mean = 0.000, std = 0.990
2 Reading smoothwm
curvature mean = -0.014, std = 0.262
curvature mean = 0.037, std = 0.238
curvature mean = 0.045, std = 0.347
curvature mean = 0.035, std = 0.296
curvature mean = 0.028, std = 0.552
curvature mean = 0.034, std = 0.322
curvature mean = 0.016, std = 0.699
curvature mean = 0.034, std = 0.334
curvature mean = 0.005, std = 0.809
MRISregister() return, current seed 0
-01: dt=0.0000,  20 negative triangles  VmPeak 1635028
111: dt=0.9900,  20 negative triangles
expanding nbhd size to 1
112: dt=0.9900,  20 negative triangles
113: dt=0.9900,  17 negative triangles
114: dt=0.9900,  20 negative triangles
115: dt=0.9900,  19 negative triangles
116: dt=0.9900,  19 negative triangles
117: dt=0.9900,  18 negative triangles
118: dt=0.9900,  17 negative triangles
119: dt=0.9900,  17 negative triangles
120: dt=0.9900,  15 negative triangles
121: dt=0.9900,  16 negative triangles
122: dt=0.9900,  15 negative triangles
123: dt=0.9900,  13 negative triangles
124: dt=0.9900,  13 negative triangles
125: dt=0.9900,  13 negative triangles
126: dt=0.9900,  14 negative triangles
127: dt=0.9900,  14 negative triangles
128: dt=0.9900,  12 negative triangles
129: dt=0.9900,  11 negative triangles
130: dt=0.9900,  11 negative triangles
131: dt=0.9900,  11 negative triangles
132: dt=0.9900,   9 negative triangles
133: dt=0.9900,   9 negative triangles
134: dt=0.9900,  10 negative triangles
135: dt=0.9900,   8 negative triangles
136: dt=0.9900,   7 negative triangles
137: dt=0.9900,   6 negative triangles
138: dt=0.9900,   8 negative triangles
139: dt=0.9900,   7 negative triangles
140: dt=0.9900,   5 negative triangles
141: dt=0.9900,   5 negative triangles
142: dt=0.9900,   5 negative triangles
143: dt=0.9900,   7 negative triangles
144: dt=0.9900,   4 negative triangles
145: dt=0.9900,   4 negative triangles
146: dt=0.9900,   5 negative triangles
147: dt=0.9900,   3 negative triangles
148: dt=0.9900,   3 negative triangles
149: dt=0.9900,   2 negative triangles
150: dt=0.9900,   1 negative triangles
151: dt=0.9900,   2 negative triangles
152: dt=0.9900,   1 negative triangles
153: dt=0.9900,   1 negative triangles
154: dt=0.9900,   1 negative triangles
155: dt=0.9900,   1 negative triangles
156: dt=0.9900,   1 negative triangles
writing registered surface to ../surf/rh.sphere.reg...
registration took 0.08 hours
#VMPC# mris_register VmPeak  1635028
FSRUNTIME@ mris_register  0.0776 hours 16 threads

 ln -sf rh.sphere.reg rh.fsaverage.sphere.reg 

#--------------------------------------------
#@# Jacobian white rh Fri Mar  6 18:23:00 CET 2026
/out/sourcedata/freesurfer/sub-v1s10x0051128_ses-1/scripts

 mris_jacobian ../surf/rh.white.preaparc ../surf/rh.sphere.reg ../surf/rh.jacobian_white 

reading surface from ../surf/rh.white.preaparc...
writing curvature file ../surf/rh.jacobian_white
#--------------------------------------------
#@# AvgCurv rh Fri Mar  6 18:23:01 CET 2026
/out/sourcedata/freesurfer/sub-v1s10x0051128_ses-1/scripts

 mrisp_paint -a 5 /opt/freesurfer/average/rh.folding.atlas.acfb40.noaparc.i12.2016-08-02.tif#6 ../surf/rh.sphere.reg ../surf/rh.avg_curv 

averaging curvature patterns 5 times...
reading surface from ../surf/rh.sphere.reg...
reading template parameterization from /opt/freesurfer/average/rh.folding.atlas.acfb40.noaparc.i12.2016-08-02.tif...
writing curvature file to ../surf/rh.avg_curv...
#-----------------------------------------
#@# Cortical Parc rh Fri Mar  6 18:23:02 CET 2026
/out/sourcedata/freesurfer/sub-v1s10x0051128_ses-1/scripts

 mris_ca_label -l ../label/rh.cortex.label -aseg ../mri/aseg.presurf.mgz -seed 1234 sub-v1s10x0051128_ses-1 rh ../surf/rh.sphere.reg /opt/freesurfer/average/rh.DKaparc.atlas.acfb40.noaparc.i12.2016-08-02.gcs ../label/rh.aparc.annot 

setting seed for random number generator to 1234
using ../mri/aseg.presurf.mgz aseg volume to correct midline
7.3.2
  7.3.2
reading atlas from /opt/freesurfer/average/rh.DKaparc.atlas.acfb40.noaparc.i12.2016-08-02.gcs...
reading color table from GCSA file....
average std = 0.7   using min determinant for regularization = 0.004
0 singular and 309 ill-conditioned covariance matrices regularized
input 0: MEAN CURVATURE, flags 0, avgs 5, name mean_curvature
labeling surface...
1467 labels changed using aseg
relabeling using gibbs priors...
000:   3180 changed, 160461 examined...
001:    702 changed, 13539 examined...
002:    160 changed, 4032 examined...
003:     46 changed, 1012 examined...
004:     18 changed, 282 examined...
005:      8 changed, 106 examined...
006:      3 changed, 56 examined...
007:      2 changed, 16 examined...
008:      1 changed, 13 examined...
009:      0 changed, 7 examined...
186 labels changed using aseg
000: 94 total segments, 57 labels (226 vertices) changed
001: 42 total segments, 5 labels (8 vertices) changed
002: 37 total segments, 0 labels (0 vertices) changed
10 filter iterations complete (10 requested, 6 changed)
rationalizing unknown annotations with cortex label
relabeling unknown label...
relabeling corpuscallosum label...
1935 vertices marked for relabeling...
1935 labels changed in reclassification.
writing output to ../label/rh.aparc.annot...
classification took 0 minutes and 11 seconds.
#--------------------------------------------
#@# WhiteSurfs rh Fri Mar  6 18:23:12 CET 2026
cd /out/sourcedata/freesurfer/sub-v1s10x0051128_ses-1/mri
mris_place_surface --adgws-in ../surf/autodet.gw.stats.rh.dat --seg aseg.presurf.mgz --threads 16 --wm wm.mgz --invol brain.finalsurfs.mgz --rh --i ../surf/rh.white.preaparc --o ../surf/rh.white --white --nsmooth 0 --rip-label ../label/rh.cortex.label --rip-bg --rip-surf ../surf/rh.white.preaparc --aparc ../label/rh.aparc.annot
7.3.2
7.3.2

cd /out/sourcedata/freesurfer/sub-v1s10x0051128_ses-1/mri
setenv SUBJECTS_DIR /out/sourcedata/freesurfer
mris_place_surface --adgws-in ../surf/autodet.gw.stats.rh.dat --seg aseg.presurf.mgz --threads 16 --wm wm.mgz --invol brain.finalsurfs.mgz --rh --i ../surf/rh.white.preaparc --o ../surf/rh.white --white --nsmooth 0 --rip-label ../label/rh.cortex.label --rip-bg --rip-surf ../surf/rh.white.preaparc --aparc ../label/rh.aparc.annot 

Reading in input surface ../surf/rh.white.preaparc
Not smoothing input surface
Area    320918  0.34201  0.11845 0.001692   2.1370
Corner  962754 60.00000 13.50061 0.476377 178.7250
Edge    481377  0.89915  0.19643 0.022152   2.9709
Hinge   481377  9.42495 10.17014 0.000003 179.9968
Reading in aparc ../label/rh.aparc.annot
Reading in input volume brain.finalsurfs.mgz
Reading in wm volume wm.mgz
MRIclipBrightWM(): nthresh=21652, wmmin=5, clip=110 
MRIfindBrightNonWM(): 1452 bright non-wm voxels segmented.
Masking bright non-wm for white surface
MRImask(): AllowDiffGeom = 1
MRImask(): AllowDiffGeom = 1
Reading in seg volume aseg.presurf.mgz
Ripping frozen voxels
Ripping vertices not in label ../label/rh.cortex.label
MRISripNotLabel() ripped 9177/160461 vertices (151284 unripped)
Reading in ripping surface ../surf/rh.white.preaparc
Reading in aparc ../label/rh.aparc.annot for ripsurf
Ripping BG
MRISripBasalGanglia(): 1 -2 2 0.5 ripped 383
Ripping segs (eg, WMSA, BG, frozen)
Starting MRISripSegs() d = (-2 2 0.5) segnos: 247 
MRISripSegs(): -2 2 0.5 ripped 0
vertex 80231: xyz = (-1.25916,-2.14362,4.45091) oxyz = (-1.25916,-2.14362,4.45091) wxzy = (-1.25916,-2.14362,4.45091) pxyz = (0,0,0) 
CBVO Creating mask 160461
n_averages 4
Iteration 0 =========================================
n_averages=4, current_sigma=2
Computing target border values 
Entering MRIScomputeBorderValues_new(): 
  inside_hi   = 120.0000000;
  border_hi   = 110.7514800;
  border_low  =  63.0000000;
  outside_low =  53.0496520;
  outside_hi  = 110.7514800;
  sigma = 2;
  max_thickness = 10;
  step_size=0.5;
  STEP_SIZE=0.1;
  which = 1
  thresh = 0
  flags = 0
  CBVfindFirstPeakD1=0
  CBVfindFirstPeakD2=0
  nvertices=160461
  Gdiag_no=-1
  vno start=0, stop=160461
Replacing 255s with 0s
#SI# sigma=2 had to be increased for 50 vertices, nripped=9560
mean border=77.6, 55 (55) missing vertices, mean dist 0.3 [0.6 (%18.0)->0.5 (%82.0))]
%77 local maxima, %17 large gradients and % 0 min vals, 0 gradients ignored
nFirstPeakD1 0
MRIScomputeBorderValues_new() finished in 0.0171 min


Finding expansion regions
mean absolute distance = 0.52 +- 0.80
2803 vertices more than 2 sigmas from mean.
Averaging target values for 5 iterations...
Positioning Surface: tspring = 0.3, nspring = 0.3, spring = 0, niters = 100 l_repulse = 5, l_surf_repulse = 0, checktol = 0
Positioning pial surface
Entering MRISpositionSurface()
  max_mm = 0.3
  MAX_REDUCTIONS = 2, REDUCTION_PCT = 0.5
  parms->check_tol = 0, niterations = 100
tol=1.0e-04, sigma=2.0, host=dna00, nav=4, nbrs=2, l_repulse=5.000, l_tspring=0.300, l_nspring=0.300, l_intensity=0.200, l_curv=1.000
mom=0.00, dt=0.50
complete_dist_mat 0
rms 0
smooth_averages 0
remove_neg 0
ico_order 0
which_surface 0
target_radius 0.000000
nfields 0
scale 0.000000
desired_rms_height 0.000000
momentum 0.000000
nbhd_size 0
max_nbrs 0
niterations 100
nsurfaces 0
SURFACES 3
flags 0 (0)
use curv 0
no sulc 0
no rigid align 0
mris->nsize 2
mris->hemisphere 1
randomSeed 0

000: dt: 0.0000, sse=2167483.0, rms=8.013
001: dt: 0.5000, sse=904592.7, rms=4.734 (40.914%)
002: dt: 0.5000, sse=616852.0, rms=3.588 (24.217%)
003: dt: 0.5000, sse=561184.6, rms=3.318 (7.513%)
004: dt: 0.5000, sse=527411.6, rms=3.142 (5.299%)
rms = 3.2021/3.1425, sse=539711.3/527411.6, time step reduction 1 of 3 to 0.250  0 1 1
   RMS increased, rejecting step
005: dt: 0.2500, sse=356728.9, rms=2.038 (35.133%)
006: dt: 0.2500, sse=295703.9, rms=1.448 (28.989%)
007: dt: 0.2500, sse=279785.8, rms=1.248 (13.761%)
008: dt: 0.2500, sse=275758.2, rms=1.190 (4.684%)
rms = 1.1474/1.1899, sse=273297.6/275758.2, time step reduction 2 of 3 to 0.125  0 0 1
009: dt: 0.2500, sse=273297.7, rms=1.147 (3.568%)
rms = 1.1019/1.1474, sse=270490.6/273297.6, time step reduction 3 of 3 to 0.062  0 0 1
010: dt: 0.1250, sse=270490.6, rms=1.102 (3.967%)
  maximum number of reductions reached, breaking from loop
positioning took 1.1 minutes
Iteration 1 =========================================
n_averages=2, current_sigma=1
Computing target border values 
Entering MRIScomputeBorderValues_new(): 
  inside_hi   = 120.0000000;
  border_hi   = 110.7514800;
  border_low  =  63.0000000;
  outside_low =  53.0496520;
  outside_hi  = 110.7514800;
  sigma = 1;
  max_thickness = 10;
  step_size=0.5;
  STEP_SIZE=0.1;
  which = 1
  thresh = 0
  flags = 0
  CBVfindFirstPeakD1=0
  CBVfindFirstPeakD2=0
  nvertices=160461
  Gdiag_no=-1
  vno start=0, stop=160461
Replacing 255s with 0s
#SI# sigma=1 had to be increased for 62 vertices, nripped=9560
mean border=80.6, 50 (22) missing vertices, mean dist -0.2 [0.3 (%73.6)->0.2 (%26.4))]
%84 local maxima, %10 large gradients and % 0 min vals, 0 gradients ignored
nFirstPeakD1 0
MRIScomputeBorderValues_new() finished in 0.0126 min


Finding expansion regions
mean absolute distance = 0.31 +- 0.56
2960 vertices more than 2 sigmas from mean.
Averaging target values for 5 iterations...
Positioning Surface: tspring = 0.3, nspring = 0.3, spring = 0, niters = 100 l_repulse = 5, l_surf_repulse = 0, checktol = 0
Positioning pial surface
Entering MRISpositionSurface()
  max_mm = 0.3
  MAX_REDUCTIONS = 2, REDUCTION_PCT = 0.5
  parms->check_tol = 0, niterations = 100
tol=1.0e-04, sigma=1.0, host=dna00, nav=2, nbrs=2, l_repulse=5.000, l_tspring=0.300, l_nspring=0.300, l_intensity=0.200, l_curv=1.000
mom=0.00, dt=0.50
000: dt: 0.0000, sse=899252.1, rms=4.640
011: dt: 0.5000, sse=516191.4, rms=2.973 (35.931%)
rms = 3.0487/2.9726, sse=528326.0/516191.4, time step reduction 1 of 3 to 0.250  0 1 1
   RMS increased, rejecting step
012: dt: 0.2500, sse=383917.0, rms=2.112 (28.947%)
013: dt: 0.2500, sse=314148.1, rms=1.469 (30.466%)
014: dt: 0.2500, sse=291616.5, rms=1.182 (19.548%)
015: dt: 0.2500, sse=284606.4, rms=1.065 (9.876%)
016: dt: 0.2500, sse=280634.2, rms=1.001 (5.996%)
rms = 0.9769/1.0010, sse=278819.1/280634.2, time step reduction 2 of 3 to 0.125  0 0 1
017: dt: 0.2500, sse=278819.1, rms=0.977 (2.411%)
rms = 0.9300/0.9769, sse=275895.7/278819.1, time step reduction 3 of 3 to 0.062  0 0 1
018: dt: 0.1250, sse=275895.7, rms=0.930 (4.797%)
  maximum number of reductions reached, breaking from loop
positioning took 0.8 minutes
Iteration 2 =========================================
n_averages=1, current_sigma=0.5
Computing target border values 
Entering MRIScomputeBorderValues_new(): 
  inside_hi   = 120.0000000;
  border_hi   = 110.7514800;
  border_low  =  63.0000000;
  outside_low =  53.0496520;
  outside_hi  = 110.7514800;
  sigma = 0.5;
  max_thickness = 10;
  step_size=0.5;
  STEP_SIZE=0.1;
  which = 1
  thresh = 0
  flags = 0
  CBVfindFirstPeakD1=0
  CBVfindFirstPeakD2=0
  nvertices=160461
  Gdiag_no=-1
  vno start=0, stop=160461
Replacing 255s with 0s
#SI# sigma=0.5 had to be increased for 44 vertices, nripped=9560
mean border=82.6, 67 (16) missing vertices, mean dist -0.1 [0.3 (%68.8)->0.2 (%31.2))]
%88 local maxima, % 6 large gradients and % 0 min vals, 0 gradients ignored
nFirstPeakD1 0
MRIScomputeBorderValues_new() finished in 0.0073 min


Finding expansion regions
mean absolute distance = 0.24 +- 0.41
3227 vertices more than 2 sigmas from mean.
Averaging target values for 5 iterations...
Positioning Surface: tspring = 0.3, nspring = 0.3, spring = 0, niters = 100 l_repulse = 5, l_surf_repulse = 0, checktol = 0
Positioning pial surface
Entering MRISpositionSurface()
  max_mm = 0.3
  MAX_REDUCTIONS = 2, REDUCTION_PCT = 0.5
  parms->check_tol = 0, niterations = 100
tol=1.0e-04, sigma=0.5, host=dna00, nav=1, nbrs=2, l_repulse=5.000, l_tspring=0.300, l_nspring=0.300, l_intensity=0.200, l_curv=1.000
mom=0.00, dt=0.50
000: dt: 0.0000, sse=513807.4, rms=2.998
019: dt: 0.5000, sse=459462.2, rms=2.638 (12.016%)
rms = 2.8904/2.6380, sse=494507.2/459462.2, time step reduction 1 of 3 to 0.250  0 1 1
   RMS increased, rejecting step
020: dt: 0.2500, sse=330716.2, rms=1.674 (36.551%)
021: dt: 0.2500, sse=284355.9, rms=1.151 (31.260%)
022: dt: 0.2500, sse=272716.4, rms=0.974 (15.362%)
rms = 0.9313/0.9738, sse=270074.7/272716.4, time step reduction 2 of 3 to 0.125  0 0 1
023: dt: 0.2500, sse=270074.7, rms=0.931 (4.361%)
024: dt: 0.1250, sse=266299.8, rms=0.861 (7.568%)
rms = 0.8550/0.8609, sse=265962.4/266299.8, time step reduction 3 of 3 to 0.062  0 0 1
025: dt: 0.1250, sse=265962.4, rms=0.855 (0.680%)
  maximum number of reductions reached, breaking from loop
positioning took 0.7 minutes
Iteration 3 =========================================
n_averages=0, current_sigma=0.25
Computing target border values 
Entering MRIScomputeBorderValues_new(): 
  inside_hi   = 120.0000000;
  border_hi   = 110.7514800;
  border_low  =  63.0000000;
  outside_low =  53.0496520;
  outside_hi  = 110.7514800;
  sigma = 0.25;
  max_thickness = 10;
  step_size=0.5;
  STEP_SIZE=0.1;
  which = 1
  thresh = 0
  flags = 0
  CBVfindFirstPeakD1=0
  CBVfindFirstPeakD2=0
  nvertices=160461
  Gdiag_no=-1
  vno start=0, stop=160461
Replacing 255s with 0s
#SI# sigma=0.25 had to be increased for 54 vertices, nripped=9560
mean border=83.4, 87 (16) missing vertices, mean dist -0.0 [0.2 (%56.4)->0.2 (%43.6))]
%90 local maxima, % 4 large gradients and % 0 min vals, 0 gradients ignored
nFirstPeakD1 0
MRIScomputeBorderValues_new() finished in 0.0047 min


Finding expansion regions
mean absolute distance = 0.21 +- 0.33
3196 vertices more than 2 sigmas from mean.
Averaging target values for 5 iterations...
Positioning Surface: tspring = 0.3, nspring = 0.3, spring = 0, niters = 100 l_repulse = 5, l_surf_repulse = 0, checktol = 0
Positioning pial surface
Entering MRISpositionSurface()
  max_mm = 0.3
  MAX_REDUCTIONS = 2, REDUCTION_PCT = 0.5
  parms->check_tol = 0, niterations = 100
tol=1.0e-04, sigma=0.2, host=dna00, nav=0, nbrs=2, l_repulse=5.000, l_tspring=0.300, l_nspring=0.300, l_intensity=0.200, l_curv=1.000
mom=0.00, dt=0.50
000: dt: 0.0000, sse=302522.3, rms=1.441
rms = 1.5835/1.4409, sse=324860.3/302522.3, time step reduction 1 of 3 to 0.250  0 1 1
   RMS increased, rejecting step
026: dt: 0.2500, sse=270090.9, rms=0.978 (32.120%)
027: dt: 0.2500, sse=256365.2, rms=0.665 (31.999%)
rms = 0.6507/0.6651, sse=254860.5/256365.2, time step reduction 2 of 3 to 0.125  0 0 1
028: dt: 0.2500, sse=254860.5, rms=0.651 (2.164%)
rms = 0.6417/0.6507, sse=254256.6/254860.5, time step reduction 3 of 3 to 0.062  0 0 1
029: dt: 0.1250, sse=254256.6, rms=0.642 (1.380%)
  maximum number of reductions reached, breaking from loop
positioning took 0.4 minutes


Writing output to ../surf/rh.white
#ET# mris_place_surface  3.11 minutes
#VMPC# mris_place_surfaces VmPeak  3268500
mris_place_surface done
#--------------------------------------------
#@# T1PialSurf rh Fri Mar  6 18:26:26 CET 2026
cd /out/sourcedata/freesurfer/sub-v1s10x0051128_ses-1/mri
mris_place_surface --adgws-in ../surf/autodet.gw.stats.rh.dat --seg aseg.presurf.mgz --threads 16 --wm wm.mgz --invol brain.finalsurfs.mgz --rh --i ../surf/rh.white --o ../surf/rh.pial.T1 --pial --nsmooth 0 --rip-label ../label/rh.cortex+hipamyg.label --pin-medial-wall ../label/rh.cortex.label --aparc ../label/rh.aparc.annot --repulse-surf ../surf/rh.white --white-surf ../surf/rh.white
7.3.2
7.3.2

cd /out/sourcedata/freesurfer/sub-v1s10x0051128_ses-1/mri
setenv SUBJECTS_DIR /out/sourcedata/freesurfer
mris_place_surface --adgws-in ../surf/autodet.gw.stats.rh.dat --seg aseg.presurf.mgz --threads 16 --wm wm.mgz --invol brain.finalsurfs.mgz --rh --i ../surf/rh.white --o ../surf/rh.pial.T1 --pial --nsmooth 0 --rip-label ../label/rh.cortex+hipamyg.label --pin-medial-wall ../label/rh.cortex.label --aparc ../label/rh.aparc.annot --repulse-surf ../surf/rh.white --white-surf ../surf/rh.white 

Reading in input surface ../surf/rh.white
Not smoothing input surface
Area    320918  0.34495  0.13271 0.000388   2.7516
Corner  962754 60.00000 14.97411 0.359426 178.7250
Edge    481377  0.90428  0.21498 0.017924   3.3026
Hinge   481377  9.52523 10.47664 0.000003 179.9968
Reading white surface coordinates from ../surf/rh.white
Reading repulsion surface coordinates from ../surf/rh.white
Reading in aparc ../label/rh.aparc.annot
Reading in input volume brain.finalsurfs.mgz
Reading in wm volume wm.mgz
MRIclipBrightWM(): nthresh=21652, wmmin=5, clip=110 
MRIfindBrightNonWM(): 1452 bright non-wm voxels segmented.
Masking bright non-wm for pial surface mid_gray = 63.1987
MRImask(): AllowDiffGeom = 1
MRImask(): AllowDiffGeom = 1
MRImask(): AllowDiffGeom = 1
Reading in seg volume aseg.presurf.mgz
Ripping frozen voxels
Ripping vertices not in label ../label/rh.cortex+hipamyg.label
MRISripNotLabel() ripped 6806/160461 vertices (153655 unripped)
INFO: rip surface needed but not specified, so using input surface
Ripping segs (eg, WMSA, BG, frozen)
Starting MRISripSegs() d = (-2 2 0.5) segnos: 247 
MRISripSegs(): -2 2 0.5 ripped 0
vertex 80231: xyz = (-1.25916,-2.14362,4.45091) oxyz = (-1.25916,-2.14362,4.45091) wxzy = (-1.25916,-2.14362,4.45091) pxyz = (-1.25916,-2.14362,4.45091) 
CBVO Creating mask 160461
n_averages 16
Iteration 0 =========================================
n_averages=16, current_sigma=2
Computing target border values 
Entering MRIScomputeBorderValues_new(): 
  inside_hi   =  93.2485200;
  border_hi   =  53.0496520;
  border_low  =  33.1489600;
  outside_low =  10.0000000;
  outside_hi  =  48.0744780;
  sigma = 2;
  max_thickness = 10;
  step_size=0.5;
  STEP_SIZE=0.1;
  which = 2
  thresh = 0
  flags = 0
  CBVfindFirstPeakD1=0
  CBVfindFirstPeakD2=0
  nvertices=160461
  Gdiag_no=-1
  vno start=0, stop=160461
Replacing 255s with 0s
#SI# sigma=2 had to be increased for 124 vertices, nripped=6806
mean border=52.5, 98 (98) missing vertices, mean dist 1.4 [2.1 (%0.0)->3.2 (%100.0))]
%12 local maxima, %30 large gradients and %54 min vals, 0 gradients ignored
nFirstPeakD1 0
MRIScomputeBorderValues_new() finished in 0.0147 min


Averaging target values for 5 iterations...
Positioning Surface: tspring = 0.3, nspring = 0.3, spring = 0, niters = 100 l_repulse = 0, l_surf_repulse = 5, checktol = 0
Positioning pial surface
Entering MRISpositionSurface()
  max_mm = 0.3
  MAX_REDUCTIONS = 2, REDUCTION_PCT = 0.5
  parms->check_tol = 0, niterations = 100
tol=1.0e-04, sigma=2.0, host=dna00, nav=16, nbrs=2, l_surf_repulse=5.000, l_tspring=0.300, l_nspring=0.300, l_intensity=0.200, l_curv=1.000
mom=0.00, dt=0.50
complete_dist_mat 0
rms 0
smooth_averages 0
remove_neg 0
ico_order 0
which_surface 0
target_radius 0.000000
nfields 0
scale 0.000000
desired_rms_height 0.000000
momentum 0.000000
nbhd_size 0
max_nbrs 0
niterations 100
nsurfaces 0
SURFACES 3
flags 0 (0)
use curv 0
no sulc 0
no rigid align 0
mris->nsize 2
mris->hemisphere 1
randomSeed 0

000: dt: 0.0000, sse=30798252.0, rms=31.546
001: dt: 0.5000, sse=20882120.0, rms=25.927 (17.810%)
002: dt: 0.5000, sse=13946784.0, rms=21.127 (18.515%)
003: dt: 0.5000, sse=9517838.0, rms=17.379 (17.739%)
004: dt: 0.5000, sse=6794045.5, rms=14.603 (15.976%)
005: dt: 0.5000, sse=5049944.0, rms=12.503 (14.378%)
006: dt: 0.5000, sse=3847722.5, rms=10.819 (13.469%)
007: dt: 0.5000, sse=2946646.2, rms=9.358 (13.503%)
008: dt: 0.5000, sse=2267137.5, rms=8.082 (13.638%)
009: dt: 0.5000, sse=1762196.2, rms=6.983 (13.603%)
010: dt: 0.5000, sse=1398517.5, rms=6.066 (13.119%)
011: dt: 0.5000, sse=1157775.4, rms=5.373 (11.433%)
012: dt: 0.5000, sse=995843.5, rms=4.849 (9.747%)
013: dt: 0.5000, sse=888317.1, rms=4.466 (7.907%)
014: dt: 0.5000, sse=818940.2, rms=4.198 (5.988%)
015: dt: 0.5000, sse=774733.4, rms=4.017 (4.324%)
016: dt: 0.5000, sse=745379.1, rms=3.891 (3.144%)
017: dt: 0.5000, sse=725708.5, rms=3.802 (2.272%)
018: dt: 0.5000, sse=712004.4, rms=3.738 (1.679%)
rms = 3.6890/3.7384, sse=701803.7/712004.4, time step reduction 1 of 3 to 0.250  0 0 1
019: dt: 0.5000, sse=701803.8, rms=3.689 (1.320%)
020: dt: 0.2500, sse=610755.3, rms=3.240 (12.174%)
021: dt: 0.2500, sse=589637.5, rms=3.128 (3.448%)
rms = 3.0969/3.1282, sse=584131.6/589637.5, time step reduction 2 of 3 to 0.125  0 0 1
022: dt: 0.2500, sse=584131.6, rms=3.097 (0.999%)
023: dt: 0.1250, sse=574860.5, rms=3.044 (1.716%)
rms = 3.0324/3.0438, sse=572994.6/574860.5, time step reduction 3 of 3 to 0.062  0 0 1
024: dt: 0.1250, sse=572994.6, rms=3.032 (0.373%)
  maximum number of reductions reached, breaking from loop
positioning took 2.1 minutes
Iteration 1 =========================================
n_averages=8, current_sigma=1
Computing target border values 
Entering MRIScomputeBorderValues_new(): 
  inside_hi   =  93.2485200;
  border_hi   =  53.0496520;
  border_low  =  33.1489600;
  outside_low =  10.0000000;
  outside_hi  =  48.0744780;
  sigma = 1;
  max_thickness = 10;
  step_size=0.5;
  STEP_SIZE=0.1;
  which = 2
  thresh = 0
  flags = 0
  CBVfindFirstPeakD1=0
  CBVfindFirstPeakD2=0
  nvertices=160461
  Gdiag_no=-1
  vno start=0, stop=160461
Replacing 255s with 0s
#SI# sigma=1 had to be increased for 19625 vertices, nripped=6806
mean border=51.5, 2981 (44) missing vertices, mean dist 0.1 [0.2 (%44.6)->0.6 (%55.4))]
%18 local maxima, %27 large gradients and %49 min vals, 0 gradients ignored
nFirstPeakD1 0
MRIScomputeBorderValues_new() finished in 0.0045 min


Averaging target values for 5 iterations...
Positioning Surface: tspring = 0.3, nspring = 0.3, spring = 0, niters = 100 l_repulse = 0, l_surf_repulse = 5, checktol = 0
Positioning pial surface
Entering MRISpositionSurface()
  max_mm = 0.3
  MAX_REDUCTIONS = 2, REDUCTION_PCT = 0.5
  parms->check_tol = 0, niterations = 100
tol=1.0e-04, sigma=1.0, host=dna00, nav=8, nbrs=2, l_surf_repulse=5.000, l_tspring=0.300, l_nspring=0.300, l_intensity=0.200, l_curv=1.000
mom=0.00, dt=0.50
000: dt: 0.0000, sse=739564.6, rms=3.592
025: dt: 0.5000, sse=707224.4, rms=3.440 (4.247%)
rms = 3.5034/3.4399, sse=718049.6/707224.4, time step reduction 1 of 3 to 0.250  0 1 1
   RMS increased, rejecting step
026: dt: 0.2500, sse=657232.1, rms=3.191 (7.240%)
027: dt: 0.2500, sse=645683.1, rms=3.131 (1.878%)
rms = 3.1588/3.1309, sse=651376.0/645683.1, time step reduction 2 of 3 to 0.125  0 1 1
   RMS increased, rejecting step
rms = 3.1169/3.1309, sse=643210.4/645683.1, time step reduction 3 of 3 to 0.062  0 0 1
028: dt: 0.1250, sse=643210.4, rms=3.117 (0.448%)
  maximum number of reductions reached, breaking from loop
positioning took 0.5 minutes
Iteration 2 =========================================
n_averages=4, current_sigma=0.5
Computing target border values 
Entering MRIScomputeBorderValues_new(): 
  inside_hi   =  93.2485200;
  border_hi   =  53.0496520;
  border_low  =  33.1489600;
  outside_low =  10.0000000;
  outside_hi  =  48.0744780;
  sigma = 0.5;
  max_thickness = 10;
  step_size=0.5;
  STEP_SIZE=0.1;
  which = 2
  thresh = 0
  flags = 0
  CBVfindFirstPeakD1=0
  CBVfindFirstPeakD2=0
  nvertices=160461
  Gdiag_no=-1
  vno start=0, stop=160461
Replacing 255s with 0s
#SI# sigma=0.5 had to be increased for 21002 vertices, nripped=6806
mean border=51.1, 3444 (40) missing vertices, mean dist 0.1 [0.2 (%45.3)->0.5 (%54.7))]
%25 local maxima, %19 large gradients and %49 min vals, 0 gradients ignored
nFirstPeakD1 0
MRIScomputeBorderValues_new() finished in 0.0028 min


Averaging target values for 5 iterations...
Positioning Surface: tspring = 0.3, nspring = 0.3, spring = 0, niters = 100 l_repulse = 0, l_surf_repulse = 5, checktol = 0
Positioning pial surface
Entering MRISpositionSurface()
  max_mm = 0.3
  MAX_REDUCTIONS = 2, REDUCTION_PCT = 0.5
  parms->check_tol = 0, niterations = 100
tol=1.0e-04, sigma=0.5, host=dna00, nav=4, nbrs=2, l_surf_repulse=5.000, l_tspring=0.300, l_nspring=0.300, l_intensity=0.200, l_curv=1.000
mom=0.00, dt=0.50
000: dt: 0.0000, sse=676925.6, rms=3.268
rms = 3.5125/3.2679, sse=726511.0/676925.6, time step reduction 1 of 3 to 0.250  0 1 1
   RMS increased, rejecting step
029: dt: 0.2500, sse=655459.7, rms=3.157 (3.396%)
rms = 3.1876/3.1569, sse=661349.9/655459.7, time step reduction 2 of 3 to 0.125  0 1 1
   RMS increased, rejecting step
rms = 3.1465/3.1569, sse=653561.4/655459.7, time step reduction 3 of 3 to 0.062  0 0 1
030: dt: 0.1250, sse=653561.4, rms=3.146 (0.329%)
  maximum number of reductions reached, breaking from loop
positioning took 0.3 minutes
Iteration 3 =========================================
n_averages=2, current_sigma=0.25
Computing target border values 
Entering MRIScomputeBorderValues_new(): 
  inside_hi   =  93.2485200;
  border_hi   =  53.0496520;
  border_low  =  33.1489600;
  outside_low =  10.0000000;
  outside_hi  =  48.0744780;
  sigma = 0.25;
  max_thickness = 10;
  step_size=0.5;
  STEP_SIZE=0.1;
  which = 2
  thresh = 0
  flags = 0
  CBVfindFirstPeakD1=0
  CBVfindFirstPeakD2=0
  nvertices=160461
  Gdiag_no=-1
  vno start=0, stop=160461
Replacing 255s with 0s
#SI# sigma=0.25 had to be increased for 17229 vertices, nripped=6806
mean border=50.7, 8154 (38) missing vertices, mean dist 0.1 [0.2 (%45.2)->0.4 (%54.8))]
%28 local maxima, %15 large gradients and %47 min vals, 0 gradients ignored
nFirstPeakD1 0
MRIScomputeBorderValues_new() finished in 0.0019 min


Averaging target values for 5 iterations...
Positioning Surface: tspring = 0.3, nspring = 0.3, spring = 0, niters = 100 l_repulse = 0, l_surf_repulse = 5, checktol = 0
Positioning pial surface
Entering MRISpositionSurface()
  max_mm = 0.3
  MAX_REDUCTIONS = 2, REDUCTION_PCT = 0.5
  parms->check_tol = 0, niterations = 100
tol=1.0e-04, sigma=0.2, host=dna00, nav=2, nbrs=2, l_surf_repulse=5.000, l_tspring=0.300, l_nspring=0.300, l_intensity=0.200, l_curv=1.000
mom=0.00, dt=0.50
000: dt: 0.0000, sse=678843.6, rms=3.276
031: dt: 0.5000, sse=659605.0, rms=3.193 (2.529%)
rms = 3.2951/3.1929, sse=676474.3/659605.0, time step reduction 1 of 3 to 0.250  0 1 1
   RMS increased, rejecting step
032: dt: 0.2500, sse=618567.1, rms=2.973 (6.888%)
033: dt: 0.2500, sse=597856.4, rms=2.860 (3.800%)
rms = 2.8130/2.8600, sse=589343.8/597856.4, time step reduction 2 of 3 to 0.125  0 0 1
034: dt: 0.2500, sse=589343.8, rms=2.813 (1.644%)
035: dt: 0.1250, sse=578114.5, rms=2.745 (2.431%)
rms = 2.7197/2.7446, sse=573814.2/578114.5, time step reduction 3 of 3 to 0.062  0 0 1
036: dt: 0.1250, sse=573814.2, rms=2.720 (0.907%)
  maximum number of reductions reached, breaking from loop
positioning took 0.5 minutes
Pinning medial wall to white surface
removing intersecting faces
000: 28 intersecting
terminating search with 0 intersecting


Writing output to ../surf/rh.pial.T1
#ET# mris_place_surface  3.51 minutes
#VMPC# mris_place_surfaces VmPeak  2504064
mris_place_surface done
#@# white curv rh Fri Mar  6 18:30:02 CET 2026
cd /out/sourcedata/freesurfer/sub-v1s10x0051128_ses-1/mri
mris_place_surface --curv-map ../surf/rh.white 2 10 ../surf/rh.curv
insurf  ../surf/rh.white, nbrs 2, curvature_avgs 10
writing curvature file ../surf/rh.curv
#@# white area rh Fri Mar  6 18:30:04 CET 2026
cd /out/sourcedata/freesurfer/sub-v1s10x0051128_ses-1/mri
mris_place_surface --area-map ../surf/rh.white ../surf/rh.area
writing curvature file ../surf/rh.area
#@# pial curv rh Fri Mar  6 18:30:05 CET 2026
cd /out/sourcedata/freesurfer/sub-v1s10x0051128_ses-1/mri
mris_place_surface --curv-map ../surf/rh.pial 2 10 ../surf/rh.curv.pial
insurf  ../surf/rh.pial, nbrs 2, curvature_avgs 10
writing curvature file ../surf/rh.curv.pial
#@# pial area rh Fri Mar  6 18:30:07 CET 2026
cd /out/sourcedata/freesurfer/sub-v1s10x0051128_ses-1/mri
mris_place_surface --area-map ../surf/rh.pial ../surf/rh.area.pial
writing curvature file ../surf/rh.area.pial
#@# thickness rh Fri Mar  6 18:30:08 CET 2026
cd /out/sourcedata/freesurfer/sub-v1s10x0051128_ses-1/mri
mris_place_surface --thickness ../surf/rh.white ../surf/rh.pial 20 5 ../surf/rh.thickness
0 of 160461 vertices processed
25000 of 160461 vertices processed
50000 of 160461 vertices processed
75000 of 160461 vertices processed
100000 of 160461 vertices processed
125000 of 160461 vertices processed
150000 of 160461 vertices processed
0 of 160461 vertices processed
25000 of 160461 vertices processed
50000 of 160461 vertices processed
75000 of 160461 vertices processed
100000 of 160461 vertices processed
125000 of 160461 vertices processed
150000 of 160461 vertices processed
thickness calculation complete, 311:979 truncations.
65800 vertices at 0 distance
133278 vertices at 1 distance
75874 vertices at 2 distance
28605 vertices at 3 distance
10644 vertices at 4 distance
4022 vertices at 5 distance
1418 vertices at 6 distance
556 vertices at 7 distance
224 vertices at 8 distance
99 vertices at 9 distance
83 vertices at 10 distance
62 vertices at 11 distance
49 vertices at 12 distance
42 vertices at 13 distance
36 vertices at 14 distance
32 vertices at 15 distance
18 vertices at 16 distance
19 vertices at 17 distance
22 vertices at 18 distance
21 vertices at 19 distance
18 vertices at 20 distance
writing curvature file ../surf/rh.thickness
#@# area and vertex vol rh Fri Mar  6 18:30:42 CET 2026
cd /out/sourcedata/freesurfer/sub-v1s10x0051128_ses-1/mri
mris_place_surface --thickness ../surf/rh.white ../surf/rh.pial 20 5 ../surf/rh.thickness
/out/sourcedata/freesurfer/sub-v1s10x0051128_ses-1/surf
mris_calc -o rh.area.mid rh.area add rh.area.pial
Saving result to 'rh.area.mid' (type = MRI_CURV_FILE)                       [ ok ]
mris_calc -o rh.area.mid rh.area.mid div 2
Saving result to 'rh.area.mid' (type = MRI_CURV_FILE)                       [ ok ]
mris_convert --volume sub-v1s10x0051128_ses-1 rh /out/sourcedata/freesurfer/sub-v1s10x0051128_ses-1/surf/rh.volume
masking with /out/sourcedata/freesurfer/sub-v1s10x0051128_ses-1/label/rh.cortex.label
Total face volume 301543
Total vertex volume 301309 (mask=0)
#@# sub-v1s10x0051128_ses-1 rh 301309
 
vertexvol Done

#-----------------------------------------
#@# Curvature Stats rh Fri Mar  6 18:30:43 CET 2026
/out/sourcedata/freesurfer/sub-v1s10x0051128_ses-1/surf

 mris_curvature_stats -m --writeCurvatureFiles -G -o ../stats/rh.curv.stats -F smoothwm sub-v1s10x0051128_ses-1 rh curv sulc 

             Toggling save flag on curvature files                       [ ok ]
                 Outputting results using filestem   [ ../stats/rh.curv.stats ]
             Toggling save flag on curvature files                       [ ok ]
                                   Setting surface [ sub-v1s10x0051128_ses-1/rh.smoothwm ]
                                Reading surface...                       [ ok ]
                                   Setting texture                     [ curv ]
                                Reading texture...                       [ ok ]
                                   Setting texture                     [ sulc ]
                                Reading texture...Gb_filter = 0
                       [ ok ]
      Calculating Discrete Principal Curvatures...
      Determining geometric order for vno faces... [####################] [ ok ]
                      Determining KH curvatures... [####################] [ ok ]
                    Determining k1k2 curvatures... [####################] [ ok ]
                                   deltaViolations                      [ 281 ]
Gb_filter = 0
#-----------------------------------------
#@# Cortical Parc 2 rh Fri Mar  6 18:30:46 CET 2026
/out/sourcedata/freesurfer/sub-v1s10x0051128_ses-1/scripts

 mris_ca_label -l ../label/rh.cortex.label -aseg ../mri/aseg.presurf.mgz -seed 1234 sub-v1s10x0051128_ses-1 rh ../surf/rh.sphere.reg /opt/freesurfer/average/rh.CDaparc.atlas.acfb40.noaparc.i12.2016-08-02.gcs ../label/rh.aparc.a2009s.annot 

setting seed for random number generator to 1234
using ../mri/aseg.presurf.mgz aseg volume to correct midline
7.3.2
  7.3.2
reading atlas from /opt/freesurfer/average/rh.CDaparc.atlas.acfb40.noaparc.i12.2016-08-02.gcs...
reading color table from GCSA file....
average std = 1.4   using min determinant for regularization = 0.021
0 singular and 0 ill-conditioned covariance matrices regularized
input 0: MEAN CURVATURE, flags 0, avgs 5, name mean_curvature
labeling surface...
0 labels changed using aseg
relabeling using gibbs priors...
000:  10774 changed, 160461 examined...
001:   2442 changed, 42010 examined...
002:    762 changed, 12999 examined...
003:    345 changed, 4358 examined...
004:    174 changed, 2027 examined...
005:    110 changed, 1023 examined...
006:     49 changed, 623 examined...
007:     33 changed, 294 examined...
008:     22 changed, 183 examined...
009:     17 changed, 130 examined...
010:     11 changed, 90 examined...
011:      7 changed, 64 examined...
012:      3 changed, 45 examined...
013:      0 changed, 21 examined...
0 labels changed using aseg
000: 262 total segments, 170 labels (2685 vertices) changed
001: 106 total segments, 16 labels (66 vertices) changed
002: 91 total segments, 1 labels (1 vertices) changed
003: 90 total segments, 0 labels (0 vertices) changed
10 filter iterations complete (10 requested, 41 changed)
rationalizing unknown annotations with cortex label
relabeling Medial_wall label...
1448 vertices marked for relabeling...
1448 labels changed in reclassification.
writing output to ../label/rh.aparc.a2009s.annot...
classification took 0 minutes and 15 seconds.
#-----------------------------------------
#@# Cortical Parc 3 rh Fri Mar  6 18:31:01 CET 2026
/out/sourcedata/freesurfer/sub-v1s10x0051128_ses-1/scripts

 mris_ca_label -l ../label/rh.cortex.label -aseg ../mri/aseg.presurf.mgz -seed 1234 sub-v1s10x0051128_ses-1 rh ../surf/rh.sphere.reg /opt/freesurfer/average/rh.DKTaparc.atlas.acfb40.noaparc.i12.2016-08-02.gcs ../label/rh.aparc.DKTatlas.annot 

setting seed for random number generator to 1234
using ../mri/aseg.presurf.mgz aseg volume to correct midline
7.3.2
  7.3.2
reading atlas from /opt/freesurfer/average/rh.DKTaparc.atlas.acfb40.noaparc.i12.2016-08-02.gcs...
reading color table from GCSA file....
average std = 0.9   using min determinant for regularization = 0.009
0 singular and 325 ill-conditioned covariance matrices regularized
input 0: MEAN CURVATURE, flags 0, avgs 5, name mean_curvature
labeling surface...
1793 labels changed using aseg
relabeling using gibbs priors...
000:   2311 changed, 160461 examined...
001:    545 changed, 10857 examined...
002:    125 changed, 3132 examined...
003:     43 changed, 762 examined...
004:     16 changed, 274 examined...
005:     11 changed, 103 examined...
006:      7 changed, 66 examined...
007:      4 changed, 39 examined...
008:      3 changed, 25 examined...
009:      4 changed, 17 examined...
010:      0 changed, 22 examined...
168 labels changed using aseg
000: 54 total segments, 21 labels (126 vertices) changed
001: 34 total segments, 1 labels (1 vertices) changed
002: 33 total segments, 0 labels (0 vertices) changed
10 filter iterations complete (10 requested, 1 changed)
rationalizing unknown annotations with cortex label
relabeling unknown label...
relabeling corpuscallosum label...
1295 vertices marked for relabeling...
1295 labels changed in reclassification.
writing output to ../label/rh.aparc.DKTatlas.annot...
classification took 0 minutes and 11 seconds.
#-----------------------------------------
#@# WM/GM Contrast rh Fri Mar  6 18:31:12 CET 2026
/out/sourcedata/freesurfer/sub-v1s10x0051128_ses-1/scripts

 pctsurfcon --s sub-v1s10x0051128_ses-1 --rh-only 

Log file is /out/sourcedata/freesurfer/sub-v1s10x0051128_ses-1/scripts/pctsurfcon.log
Fri Mar  6 18:31:12 CET 2026
setenv SUBJECTS_DIR /out/sourcedata/freesurfer
cd /out/sourcedata/freesurfer/sub-v1s10x0051128_ses-1/scripts
/opt/freesurfer/bin/pctsurfcon
pctsurfcon 7.3.2
Linux dna007 5.14.0-427.37.1.el9_4.x86_64 #1 SMP PREEMPT_DYNAMIC Fri Sep 13 12:41:50 EDT 2024 x86_64 x86_64 x86_64 GNU/Linux
FREESURFER_HOME /opt/freesurfer
mri_vol2surf --mov /out/sourcedata/freesurfer/sub-v1s10x0051128_ses-1/mri/rawavg.mgz --hemi rh --noreshape --interp trilinear --projdist -1 --o /out/sourcedata/freesurfer/sub-v1s10x0051128_ses-1/surf/tmp.pctsurfcon.11653/rh.wm.mgh --regheader sub-v1s10x0051128_ses-1 --cortex
srcvol = /out/sourcedata/freesurfer/sub-v1s10x0051128_ses-1/mri/rawavg.mgz
srcreg unspecified
srcregold = 0
srcwarp unspecified
surf = white
hemi = rh
ProjDist = -1
reshape = 0
interp = trilinear
float2int = round
GetProjMax = 0
INFO: float2int code = 0
Done loading volume
Computing registration from header.
  Using /out/sourcedata/freesurfer/sub-v1s10x0051128_ses-1/mri/orig.mgz as target reference.
-------- original matrix -----------
-1.00000   0.00000   0.00000   0.00001;
 0.00000   0.00000   1.00000   0.00000;
 0.00000  -1.00000   0.00000   0.00000;
 0.00000   0.00000   0.00000   1.00000;
-------- original matrix -----------
Loading label /out/sourcedata/freesurfer/sub-v1s10x0051128_ses-1/label/rh.cortex.label
Reading surface /out/sourcedata/freesurfer/sub-v1s10x0051128_ses-1/surf/rh.white
Done reading source surface
Mapping Source Volume onto Source Subject Surface
Projecting -1 -1 1
 1 -1 -1 -1
using old
Done mapping volume to surface
Number of source voxels hit = 84995
Masking with /out/sourcedata/freesurfer/sub-v1s10x0051128_ses-1/label/rh.cortex.label
Writing to /out/sourcedata/freesurfer/sub-v1s10x0051128_ses-1/surf/tmp.pctsurfcon.11653/rh.wm.mgh
Dim: 160461 1 1
mri_vol2surf --mov /out/sourcedata/freesurfer/sub-v1s10x0051128_ses-1/mri/rawavg.mgz --hemi rh --noreshape --interp trilinear --o /out/sourcedata/freesurfer/sub-v1s10x0051128_ses-1/surf/tmp.pctsurfcon.11653/rh.gm.mgh --projfrac 0.3 --regheader sub-v1s10x0051128_ses-1 --cortex
srcvol = /out/sourcedata/freesurfer/sub-v1s10x0051128_ses-1/mri/rawavg.mgz
srcreg unspecified
srcregold = 0
srcwarp unspecified
surf = white
hemi = rh
ProjFrac = 0.3
thickness = thickness
reshape = 0
interp = trilinear
float2int = round
GetProjMax = 0
INFO: float2int code = 0
Done loading volume
Computing registration from header.
  Using /out/sourcedata/freesurfer/sub-v1s10x0051128_ses-1/mri/orig.mgz as target reference.
-------- original matrix -----------
-1.00000   0.00000   0.00000   0.00001;
 0.00000   0.00000   1.00000   0.00000;
 0.00000  -1.00000   0.00000   0.00000;
 0.00000   0.00000   0.00000   1.00000;
-------- original matrix -----------
Loading label /out/sourcedata/freesurfer/sub-v1s10x0051128_ses-1/label/rh.cortex.label
Reading surface /out/sourcedata/freesurfer/sub-v1s10x0051128_ses-1/surf/rh.white
Done reading source surface
Reading thickness /out/sourcedata/freesurfer/sub-v1s10x0051128_ses-1/surf/rh.thickness
Done
Mapping Source Volume onto Source Subject Surface
Projecting 0.3 0.3 1
 1 0.3 0.3 0.3
using old
Done mapping volume to surface
Number of source voxels hit = 97640
Masking with /out/sourcedata/freesurfer/sub-v1s10x0051128_ses-1/label/rh.cortex.label
Writing to /out/sourcedata/freesurfer/sub-v1s10x0051128_ses-1/surf/tmp.pctsurfcon.11653/rh.gm.mgh
Dim: 160461 1 1
mri_concat /out/sourcedata/freesurfer/sub-v1s10x0051128_ses-1/surf/tmp.pctsurfcon.11653/rh.wm.mgh /out/sourcedata/freesurfer/sub-v1s10x0051128_ses-1/surf/tmp.pctsurfcon.11653/rh.gm.mgh --paired-diff-norm --mul 100 --o /out/sourcedata/freesurfer/sub-v1s10x0051128_ses-1/surf/rh.w-g.pct.mgh
ninputs = 2
Checking inputs
nframestot = 2
Allocing output
Done allocing
Combining pairs
nframes = 1
Multiplying by 100.000000
Writing to /out/sourcedata/freesurfer/sub-v1s10x0051128_ses-1/surf/rh.w-g.pct.mgh
mri_segstats --in /out/sourcedata/freesurfer/sub-v1s10x0051128_ses-1/surf/rh.w-g.pct.mgh --annot sub-v1s10x0051128_ses-1 rh aparc --sum /out/sourcedata/freesurfer/sub-v1s10x0051128_ses-1/stats/rh.w-g.pct.stats --snr

7.3.2
cwd 
cmdline mri_segstats --in /out/sourcedata/freesurfer/sub-v1s10x0051128_ses-1/surf/rh.w-g.pct.mgh --annot sub-v1s10x0051128_ses-1 rh aparc --sum /out/sourcedata/freesurfer/sub-v1s10x0051128_ses-1/stats/rh.w-g.pct.stats --snr 
sysname  Linux
hostname dna007
machine  x86_64
user     oesteban
whitesurfname  white
UseRobust  0
Constructing seg from annotation

Reading annotation /out/sourcedata/freesurfer/sub-v1s10x0051128_ses-1/label/rh.aparc.annot
Seg base 2000
Loading /out/sourcedata/freesurfer/sub-v1s10x0051128_ses-1/surf/rh.w-g.pct.mgh
Vertex Area is 0.689884 mm^3
Generating list of segmentation ids
Found  36 segmentations
Computing statistics for each segmentation

Reporting on  35 segmentations
Using PrintSegStat
mri_segstats done
Cleaning up

Started at Fri Mar 6 18:01:47 CET 2026 
Ended   at Fri Mar 6 18:31:16 CET 2026
#@#%# recon-all-run-time-hours 0.491
recon-all -s sub-v1s10x0051128_ses-1 finished without error at Fri Mar  6 18:31:16 CET 2026



#New# invocation of recon-all 




Fri Mar  6 18:44:02 CET 2026
cd /out/sourcedata/freesurfer/sub-v1s10x0051128_ses-1
setenv SUBJECTS_DIR /out/sourcedata/freesurfer
/opt/freesurfer/bin/recon-all -autorecon-hemi rh -nohyporelabel -rh-only -openmp 16 -subjid sub-v1s10x0051128_ses-1 -sd /out/sourcedata/freesurfer -notessellate -nosmooth1 -noinflate1 -noqsphere -nofix -nowhite -nosmooth2 -noinflate2 -nocurvHK -nocurvstats -nosphere -nosurfreg -nojacobian_white -noavgcurv -nocortparc -nopial -nocortparc2 -nocortparc3 -nopctsurfcon

subjid sub-v1s10x0051128_ses-1
setenv SUBJECTS_DIR /out/sourcedata/freesurfer
FREESURFER_HOME /opt/freesurfer
Actual FREESURFER_HOME /opt/freesurfer
build-stamp.txt: freesurfer-linux-ubuntu22_x86_64-7.3.2-20220804-6354275
Linux dna007 5.14.0-427.37.1.el9_4.x86_64 #1 SMP PREEMPT_DYNAMIC Fri Sep 13 12:41:50 EDT 2024 x86_64 x86_64 x86_64 GNU/Linux
cputime      unlimited
filesize     unlimited
datasize     unlimited
stacksize    8192 kbytes
coredumpsize 0 kbytes
memoryuse    67108864 kbytes
vmemoryuse   unlimited
descriptors  1024 
memorylocked unlimited
maxproc      2061970 
maxlocks     unlimited
maxsignal    2061970 
maxmessage   819200 
maxnice      0 
maxrtprio    0 
maxrttime    unlimited

               total        used        free      shared  buff/cache   available
Mem:           503Gi        55Gi       315Gi       8.6Gi       132Gi       435Gi
Swap:             0B          0B          0B

########################################
program versions used
7.3.2 (freesurfer-linux-ubuntu22_x86_64-7.3.2-20220804-6354275)
7.3.2

ProgramName: lta_convert  ProgramArguments: lta_convert -all-info  ProgramVersion: 7.3.2  TimeStamp: 2026/03/06-17:44:02-GMT  BuildTime: Aug  4 2022 06:17:15  BuildStamp: freesurfer-linux-ubuntu22_x86_64-7.3.2-20220804-6354275  User: oesteban  Machine: dna007  Platform: Linux  PlatformVersion: 5.14.0-427.37.1.el9_4.x86_64  CompilerName: GCC  CompilerVersion: 8.4.0
ProgramName: mri_and  ProgramArguments: mri_and -all-info  ProgramVersion: 7.3.2  TimeStamp: 2026/03/06-17:44:02-GMT  BuildTime: Aug  4 2022 06:17:15  BuildStamp: freesurfer-linux-ubuntu22_x86_64-7.3.2-20220804-6354275  User: oesteban  Machine: dna007  Platform: Linux  PlatformVersion: 5.14.0-427.37.1.el9_4.x86_64  CompilerName: GCC  CompilerVersion: 8.4.0
ProgramName: mri_annotation2label  ProgramArguments: mri_annotation2label -all-info  ProgramVersion: 7.3.2  TimeStamp: 2026/03/06-17:44:02-GMT  BuildTime: Aug  4 2022 06:17:15  BuildStamp: freesurfer-linux-ubuntu22_x86_64-7.3.2-20220804-6354275  User: oesteban  Machine: dna007  Platform: Linux  PlatformVersion: 5.14.0-427.37.1.el9_4.x86_64  CompilerName: GCC  CompilerVersion: 8.4.0
ProgramName: mri_aparc2aseg  ProgramArguments: mri_aparc2aseg -all-info  ProgramVersion: 7.3.2  TimeStamp: 2026/03/06-17:44:02-GMT  BuildTime: Aug  4 2022 06:17:15  BuildStamp: freesurfer-linux-ubuntu22_x86_64-7.3.2-20220804-6354275  User: oesteban  Machine: dna007  Platform: Linux  PlatformVersion: 5.14.0-427.37.1.el9_4.x86_64  CompilerName: GCC  CompilerVersion: 8.4.0
ProgramName: mri_surf2volseg  ProgramArguments: mri_surf2volseg -all-info  ProgramVersion: 7.3.2  TimeStamp: 2026/03/06-17:44:02-GMT  BuildTime: Aug  4 2022 06:17:15  BuildStamp: freesurfer-linux-ubuntu22_x86_64-7.3.2-20220804-6354275  User: oesteban  Machine: dna007  Platform: Linux  PlatformVersion: 5.14.0-427.37.1.el9_4.x86_64  CompilerName: GCC  CompilerVersion: 8.4.0
ProgramName: mri_binarize  ProgramArguments: mri_binarize -all-info  ProgramVersion: 7.3.2  TimeStamp: 2026/03/06-17:44:02-GMT  BuildTime: Aug  4 2022 06:17:15  BuildStamp: freesurfer-linux-ubuntu22_x86_64-7.3.2-20220804-6354275  User: oesteban  Machine: dna007  Platform: Linux  PlatformVersion: 5.14.0-427.37.1.el9_4.x86_64  CompilerName: GCC  CompilerVersion: 8.4.0
ProgramName: mri_ca_label  ProgramArguments: mri_ca_label -all-info  ProgramVersion: 7.3.2  TimeStamp: 2026/03/06-17:44:02-GMT  BuildTime: Aug  4 2022 06:17:15  BuildStamp: freesurfer-linux-ubuntu22_x86_64-7.3.2-20220804-6354275  User: oesteban  Machine: dna007  Platform: Linux  PlatformVersion: 5.14.0-427.37.1.el9_4.x86_64  CompilerName: GCC  CompilerVersion: 8.4.0
ProgramName: mri_ca_normalize  ProgramArguments: mri_ca_normalize -all-info  ProgramVersion: 7.3.2  TimeStamp: 2026/03/06-17:44:02-GMT  BuildTime: Aug  4 2022 06:17:15  BuildStamp: freesurfer-linux-ubuntu22_x86_64-7.3.2-20220804-6354275  User: oesteban  Machine: dna007  Platform: Linux  PlatformVersion: 5.14.0-427.37.1.el9_4.x86_64  CompilerName: GCC  CompilerVersion: 8.4.0
ProgramName: mri_ca_register  ProgramArguments: mri_ca_register -all-info  ProgramVersion: 7.3.2  TimeStamp: 2026/03/06-17:44:02-GMT  BuildTime: Aug  4 2022 06:17:15  BuildStamp: freesurfer-linux-ubuntu22_x86_64-7.3.2-20220804-6354275  User: oesteban  Machine: dna007  Platform: Linux  PlatformVersion: 5.14.0-427.37.1.el9_4.x86_64  CompilerName: GCC  CompilerVersion: 8.4.0
ProgramName: mri_cc  ProgramArguments: mri_cc -all-info  ProgramVersion: 7.3.2  TimeStamp: 2026/03/06-17:44:02-GMT  BuildTime: Aug  4 2022 06:17:15  BuildStamp: freesurfer-linux-ubuntu22_x86_64-7.3.2-20220804-6354275  User: oesteban  Machine: dna007  Platform: Linux  PlatformVersion: 5.14.0-427.37.1.el9_4.x86_64  CompilerName: GCC  CompilerVersion: 8.4.0
ProgramName: mri_compute_overlap  ProgramArguments: mri_compute_overlap -all-info  ProgramVersion: 7.3.2  TimeStamp: 2026/03/06-17:44:02-GMT  BuildTime: Aug  4 2022 06:17:15  BuildStamp: freesurfer-linux-ubuntu22_x86_64-7.3.2-20220804-6354275  User: oesteban  Machine: dna007  Platform: Linux  PlatformVersion: 5.14.0-427.37.1.el9_4.x86_64  CompilerName: GCC  CompilerVersion: 8.4.0
ProgramName: mri_compute_seg_overlap  ProgramArguments: mri_compute_seg_overlap -all-info  ProgramVersion: 7.3.2  TimeStamp: 2026/03/06-17:44:02-GMT  BuildTime: Aug  4 2022 06:17:15  BuildStamp: freesurfer-linux-ubuntu22_x86_64-7.3.2-20220804-6354275  User: oesteban  Machine: dna007  Platform: Linux  PlatformVersion: 5.14.0-427.37.1.el9_4.x86_64  CompilerName: GCC  CompilerVersion: 8.4.0
ProgramName: mri_concat  ProgramArguments: mri_concat -all-info  ProgramVersion: 7.3.2  TimeStamp: 2026/03/06-17:44:02-GMT  BuildTime: Aug  4 2022 06:17:15  BuildStamp: freesurfer-linux-ubuntu22_x86_64-7.3.2-20220804-6354275  User: oesteban  Machine: dna007  Platform: Linux  PlatformVersion: 5.14.0-427.37.1.el9_4.x86_64  CompilerName: GCC  CompilerVersion: 8.4.0
ProgramName: mri_concatenate_lta  ProgramArguments: mri_concatenate_lta -all-info  ProgramVersion: 7.3.2  TimeStamp: 2026/03/06-17:44:02-GMT  BuildTime: Aug  4 2022 06:17:15  BuildStamp: freesurfer-linux-ubuntu22_x86_64-7.3.2-20220804-6354275  User: oesteban  Machine: dna007  Platform: Linux  PlatformVersion: 5.14.0-427.37.1.el9_4.x86_64  CompilerName: GCC  CompilerVersion: 8.4.0
mri_convert -all-info 
ProgramName: mri_convert  ProgramArguments: mri_convert -all-info  ProgramVersion: 7.3.2  TimeStamp: 2026/03/06-17:44:02-GMT  BuildTime: Aug  4 2022 06:17:15  BuildStamp: freesurfer-linux-ubuntu22_x86_64-7.3.2-20220804-6354275  User: oesteban  Machine: dna007  Platform: Linux  PlatformVersion: 5.14.0-427.37.1.el9_4.x86_64  CompilerName: GCC  CompilerVersion: 8.4.0
ProgramName: mri_diff  ProgramArguments: mri_diff -all-info  ProgramVersion: 7.3.2  TimeStamp: 2026/03/06-17:44:02-GMT  BuildTime: Aug  4 2022 06:17:15  BuildStamp: freesurfer-linux-ubuntu22_x86_64-7.3.2-20220804-6354275  User: oesteban  Machine: dna007  Platform: Linux  PlatformVersion: 5.14.0-427.37.1.el9_4.x86_64  CompilerName: GCC  CompilerVersion: 8.4.0
ProgramName: mri_edit_wm_with_aseg  ProgramArguments: mri_edit_wm_with_aseg -all-info  ProgramVersion: 7.3.2  TimeStamp: 2026/03/06-17:44:02-GMT  BuildTime: Aug  4 2022 06:17:15  BuildStamp: freesurfer-linux-ubuntu22_x86_64-7.3.2-20220804-6354275  User: oesteban  Machine: dna007  Platform: Linux  PlatformVersion: 5.14.0-427.37.1.el9_4.x86_64  CompilerName: GCC  CompilerVersion: 8.4.0
ProgramName: mri_em_register  ProgramArguments: mri_em_register -all-info  ProgramVersion: 7.3.2  TimeStamp: 2026/03/06-17:44:02-GMT  BuildTime: Aug  4 2022 06:17:15  BuildStamp: freesurfer-linux-ubuntu22_x86_64-7.3.2-20220804-6354275  User: oesteban  Machine: dna007  Platform: Linux  PlatformVersion: 5.14.0-427.37.1.el9_4.x86_64  CompilerName: GCC  CompilerVersion: 8.4.0
ProgramName: mri_fill  ProgramArguments: mri_fill -all-info  ProgramVersion: 7.3.2  TimeStamp: 2026/03/06-17:44:02-GMT  BuildTime: Aug  4 2022 06:17:15  BuildStamp: freesurfer-linux-ubuntu22_x86_64-7.3.2-20220804-6354275  User: oesteban  Machine: dna007  Platform: Linux  PlatformVersion: 5.14.0-427.37.1.el9_4.x86_64  CompilerName: GCC  CompilerVersion: 8.4.0
ProgramName: mri_fuse_segmentations  ProgramArguments: mri_fuse_segmentations -all-info  ProgramVersion: 7.3.2  TimeStamp: 2026/03/06-17:44:02-GMT  BuildTime: Aug  4 2022 06:17:15  BuildStamp: freesurfer-linux-ubuntu22_x86_64-7.3.2-20220804-6354275  User: oesteban  Machine: dna007  Platform: Linux  PlatformVersion: 5.14.0-427.37.1.el9_4.x86_64  CompilerName: GCC  CompilerVersion: 8.4.0
ProgramName: mri_fwhm  ProgramArguments: mri_fwhm -all-info  ProgramVersion: 7.3.2  TimeStamp: 2026/03/06-17:44:02-GMT  BuildTime: Aug  4 2022 06:17:15  BuildStamp: freesurfer-linux-ubuntu22_x86_64-7.3.2-20220804-6354275  User: oesteban  Machine: dna007  Platform: Linux  PlatformVersion: 5.14.0-427.37.1.el9_4.x86_64  CompilerName: GCC  CompilerVersion: 8.4.0
ProgramName: mri_gcut  ProgramArguments: mri_gcut -all-info  ProgramVersion: 7.3.2  TimeStamp: 2026/03/06-17:44:02-GMT  BuildTime: Aug  4 2022 06:17:15  BuildStamp: freesurfer-linux-ubuntu22_x86_64-7.3.2-20220804-6354275  User: oesteban  Machine: dna007  Platform: Linux  PlatformVersion: 5.14.0-427.37.1.el9_4.x86_64  CompilerName: GCC  CompilerVersion: 8.4.0
ProgramName: mri_info  ProgramArguments: mri_info -all-info  ProgramVersion: 7.3.2  TimeStamp: 2026/03/06-17:44:02-GMT  BuildTime: Aug  4 2022 06:17:15  BuildStamp: freesurfer-linux-ubuntu22_x86_64-7.3.2-20220804-6354275  User: oesteban  Machine: dna007  Platform: Linux  PlatformVersion: 5.14.0-427.37.1.el9_4.x86_64  CompilerName: GCC  CompilerVersion: 8.4.0
ProgramName: mri_label2label  ProgramArguments: mri_label2label -all-info  ProgramVersion: 7.3.2  TimeStamp: 2026/03/06-17:44:02-GMT  BuildTime: Aug  4 2022 06:17:15  BuildStamp: freesurfer-linux-ubuntu22_x86_64-7.3.2-20220804-6354275  User: oesteban  Machine: dna007  Platform: Linux  PlatformVersion: 5.14.0-427.37.1.el9_4.x86_64  CompilerName: GCC  CompilerVersion: 8.4.0
ProgramName: mri_label2vol  ProgramArguments: mri_label2vol -all-info  ProgramVersion: 7.3.2  TimeStamp: 2026/03/06-17:44:02-GMT  BuildTime: Aug  4 2022 06:17:15  BuildStamp: freesurfer-linux-ubuntu22_x86_64-7.3.2-20220804-6354275  User: oesteban  Machine: dna007  Platform: Linux  PlatformVersion: 5.14.0-427.37.1.el9_4.x86_64  CompilerName: GCC  CompilerVersion: 8.4.0
ProgramName: mri_log_likelihood  ProgramArguments: mri_log_likelihood -all-info  ProgramVersion: 7.3.2  TimeStamp: 2026/03/06-17:44:02-GMT  BuildTime: Aug  4 2022 06:17:15  BuildStamp: freesurfer-linux-ubuntu22_x86_64-7.3.2-20220804-6354275  User: oesteban  Machine: dna007  Platform: Linux  PlatformVersion: 5.14.0-427.37.1.el9_4.x86_64  CompilerName: GCC  CompilerVersion: 8.4.0
ProgramName: mri_mask  ProgramArguments: mri_mask -all-info  ProgramVersion: 7.3.2  TimeStamp: 2026/03/06-17:44:02-GMT  BuildTime: Aug  4 2022 06:17:15  BuildStamp: freesurfer-linux-ubuntu22_x86_64-7.3.2-20220804-6354275  User: oesteban  Machine: dna007  Platform: Linux  PlatformVersion: 5.14.0-427.37.1.el9_4.x86_64  CompilerName: GCC  CompilerVersion: 8.4.0
ProgramName: mri_matrix_multiply  ProgramArguments: mri_matrix_multiply -all-info  ProgramVersion: 7.3.2  TimeStamp: 2026/03/06-17:44:02-GMT  BuildTime: Aug  4 2022 06:17:15  BuildStamp: freesurfer-linux-ubuntu22_x86_64-7.3.2-20220804-6354275  User: oesteban  Machine: dna007  Platform: Linux  PlatformVersion: 5.14.0-427.37.1.el9_4.x86_64  CompilerName: GCC  CompilerVersion: 8.4.0
ProgramName: mri_normalize  ProgramArguments: mri_normalize -all-info  ProgramVersion: 7.3.2  TimeStamp: 2026/03/06-17:44:02-GMT  BuildTime: Aug  4 2022 06:17:15  BuildStamp: freesurfer-linux-ubuntu22_x86_64-7.3.2-20220804-6354275  User: oesteban  Machine: dna007  Platform: Linux  PlatformVersion: 5.14.0-427.37.1.el9_4.x86_64  CompilerName: GCC  CompilerVersion: 8.4.0
ProgramName: mri_normalize_tp2  ProgramArguments: mri_normalize_tp2 -all-info  ProgramVersion: 7.3.2  TimeStamp: 2026/03/06-17:44:02-GMT  BuildTime: Aug  4 2022 06:17:15  BuildStamp: freesurfer-linux-ubuntu22_x86_64-7.3.2-20220804-6354275  User: oesteban  Machine: dna007  Platform: Linux  PlatformVersion: 5.14.0-427.37.1.el9_4.x86_64  CompilerName: GCC  CompilerVersion: 8.4.0
ProgramName: mri_or  ProgramArguments: mri_or -all-info  ProgramVersion: 7.3.2  TimeStamp: 2026/03/06-17:44:02-GMT  BuildTime: Aug  4 2022 06:17:15  BuildStamp: freesurfer-linux-ubuntu22_x86_64-7.3.2-20220804-6354275  User: oesteban  Machine: dna007  Platform: Linux  PlatformVersion: 5.14.0-427.37.1.el9_4.x86_64  CompilerName: GCC  CompilerVersion: 8.4.0
ProgramName: mri_relabel_hypointensities  ProgramArguments: mri_relabel_hypointensities -all-info  ProgramVersion: 7.3.2  TimeStamp: 2026/03/06-17:44:02-GMT  BuildTime: Aug  4 2022 06:17:15  BuildStamp: freesurfer-linux-ubuntu22_x86_64-7.3.2-20220804-6354275  User: oesteban  Machine: dna007  Platform: Linux  PlatformVersion: 5.14.0-427.37.1.el9_4.x86_64  CompilerName: GCC  CompilerVersion: 8.4.0
ProgramName: mri_relabel_nonwm_hypos  ProgramArguments: mri_relabel_nonwm_hypos -all-info  ProgramVersion: 7.3.2  TimeStamp: 2026/03/06-17:44:02-GMT  BuildTime: Aug  4 2022 06:17:15  BuildStamp: freesurfer-linux-ubuntu22_x86_64-7.3.2-20220804-6354275  User: oesteban  Machine: dna007  Platform: Linux  PlatformVersion: 5.14.0-427.37.1.el9_4.x86_64  CompilerName: GCC  CompilerVersion: 8.4.0
ProgramName: mri_remove_neck  ProgramArguments: mri_remove_neck -all-info  ProgramVersion: 7.3.2  TimeStamp: 2026/03/06-17:44:02-GMT  BuildTime: Aug  4 2022 06:17:15  BuildStamp: freesurfer-linux-ubuntu22_x86_64-7.3.2-20220804-6354275  User: oesteban  Machine: dna007  Platform: Linux  PlatformVersion: 5.14.0-427.37.1.el9_4.x86_64  CompilerName: GCC  CompilerVersion: 8.4.0
7.3.2

ProgramName: mri_robust_register  ProgramArguments: mri_robust_register -all-info  ProgramVersion: 7.3.2  TimeStamp: 2026/03/06-17:44:02-GMT  BuildTime: Aug  4 2022 06:17:15  BuildStamp: freesurfer-linux-ubuntu22_x86_64-7.3.2-20220804-6354275  User: oesteban  Machine: dna007  Platform: Linux  PlatformVersion: 5.14.0-427.37.1.el9_4.x86_64  CompilerName: GCC  CompilerVersion: 8.4.0
7.3.2

ProgramName: mri_robust_template  ProgramArguments: mri_robust_template -all-info  ProgramVersion: 7.3.2  TimeStamp: 2026/03/06-17:44:02-GMT  BuildTime: Aug  4 2022 06:17:15  BuildStamp: freesurfer-linux-ubuntu22_x86_64-7.3.2-20220804-6354275  User: oesteban  Machine: dna007  Platform: Linux  PlatformVersion: 5.14.0-427.37.1.el9_4.x86_64  CompilerName: GCC  CompilerVersion: 8.4.0
ProgramName: mris_anatomical_stats  ProgramArguments: mris_anatomical_stats -all-info  ProgramVersion: 7.3.2  TimeStamp: 2026/03/06-17:44:02-GMT  BuildTime: Aug  4 2022 06:17:15  BuildStamp: freesurfer-linux-ubuntu22_x86_64-7.3.2-20220804-6354275  User: oesteban  Machine: dna007  Platform: Linux  PlatformVersion: 5.14.0-427.37.1.el9_4.x86_64  CompilerName: GCC  CompilerVersion: 8.4.0
ProgramName: mris_ca_label  ProgramArguments: mris_ca_label -all-info  ProgramVersion: 7.3.2  TimeStamp: 2026/03/06-17:44:02-GMT  BuildTime: Aug  4 2022 06:17:15  BuildStamp: freesurfer-linux-ubuntu22_x86_64-7.3.2-20220804-6354275  User: oesteban  Machine: dna007  Platform: Linux  PlatformVersion: 5.14.0-427.37.1.el9_4.x86_64  CompilerName: GCC  CompilerVersion: 8.4.0
ProgramName: mris_calc  ProgramArguments: mris_calc -all-info  ProgramVersion: 7.3.2  TimeStamp: 2026/03/06-17:44:02-GMT  BuildTime: Aug  4 2022 06:17:15  BuildStamp: freesurfer-linux-ubuntu22_x86_64-7.3.2-20220804-6354275  User: oesteban  Machine: dna007  Platform: Linux  PlatformVersion: 5.14.0-427.37.1.el9_4.x86_64  CompilerName: GCC  CompilerVersion: 8.4.0
ProgramName: mris_convert  ProgramArguments: mris_convert -all-info  ProgramVersion: 7.3.2  TimeStamp: 2026/03/06-17:44:02-GMT  BuildTime: Aug  4 2022 06:17:15  BuildStamp: freesurfer-linux-ubuntu22_x86_64-7.3.2-20220804-6354275  User: oesteban  Machine: dna007  Platform: Linux  PlatformVersion: 5.14.0-427.37.1.el9_4.x86_64  CompilerName: GCC  CompilerVersion: 8.4.0
ProgramName: mris_curvature  ProgramArguments: mris_curvature -all-info  ProgramVersion: 7.3.2  TimeStamp: 2026/03/06-17:44:02-GMT  BuildTime: Aug  4 2022 06:17:15  BuildStamp: freesurfer-linux-ubuntu22_x86_64-7.3.2-20220804-6354275  User: oesteban  Machine: dna007  Platform: Linux  PlatformVersion: 5.14.0-427.37.1.el9_4.x86_64  CompilerName: GCC  CompilerVersion: 8.4.0
ProgramName: mris_curvature_stats  ProgramArguments: mris_curvature_stats -all-info  ProgramVersion: 7.3.2  TimeStamp: 2026/03/06-17:44:02-GMT  BuildTime: Aug  4 2022 06:17:15  BuildStamp: freesurfer-linux-ubuntu22_x86_64-7.3.2-20220804-6354275  User: oesteban  Machine: dna007  Platform: Linux  PlatformVersion: 5.14.0-427.37.1.el9_4.x86_64  CompilerName: GCC  CompilerVersion: 8.4.0
ProgramName: mris_diff  ProgramArguments: mris_diff -all-info  ProgramVersion: 7.3.2  TimeStamp: 2026/03/06-17:44:02-GMT  BuildTime: Aug  4 2022 06:17:15  BuildStamp: freesurfer-linux-ubuntu22_x86_64-7.3.2-20220804-6354275  User: oesteban  Machine: dna007  Platform: Linux  PlatformVersion: 5.14.0-427.37.1.el9_4.x86_64  CompilerName: GCC  CompilerVersion: 8.4.0
ProgramName: mris_divide_parcellation  ProgramArguments: mris_divide_parcellation -all-info  ProgramVersion: 7.3.2  TimeStamp: 2026/03/06-17:44:02-GMT  BuildTime: Aug  4 2022 06:17:15  BuildStamp: freesurfer-linux-ubuntu22_x86_64-7.3.2-20220804-6354275  User: oesteban  Machine: dna007  Platform: Linux  PlatformVersion: 5.14.0-427.37.1.el9_4.x86_64  CompilerName: GCC  CompilerVersion: 8.4.0
ProgramName: mri_segment  ProgramArguments: mri_segment -all-info  ProgramVersion: 7.3.2  TimeStamp: 2026/03/06-17:44:02-GMT  BuildTime: Aug  4 2022 06:17:15  BuildStamp: freesurfer-linux-ubuntu22_x86_64-7.3.2-20220804-6354275  User: oesteban  Machine: dna007  Platform: Linux  PlatformVersion: 5.14.0-427.37.1.el9_4.x86_64  CompilerName: GCC  CompilerVersion: 8.4.0
ProgramName: mri_segstats  ProgramArguments: mri_segstats -all-info  ProgramVersion: 7.3.2  TimeStamp: 2026/03/06-17:44:02-GMT  BuildTime: Aug  4 2022 06:17:15  BuildStamp: freesurfer-linux-ubuntu22_x86_64-7.3.2-20220804-6354275  User: oesteban  Machine: dna007  Platform: Linux  PlatformVersion: 5.14.0-427.37.1.el9_4.x86_64  CompilerName: GCC  CompilerVersion: 8.4.0
ProgramName: mris_euler_number  ProgramArguments: mris_euler_number -all-info  ProgramVersion: 7.3.2  TimeStamp: 2026/03/06-17:44:02-GMT  BuildTime: Aug  4 2022 06:17:15  BuildStamp: freesurfer-linux-ubuntu22_x86_64-7.3.2-20220804-6354275  User: oesteban  Machine: dna007  Platform: Linux  PlatformVersion: 5.14.0-427.37.1.el9_4.x86_64  CompilerName: GCC  CompilerVersion: 8.4.0
ProgramName: mris_fix_topology  ProgramArguments: mris_fix_topology -all-info  ProgramVersion: 7.3.2  TimeStamp: 2026/03/06-17:44:02-GMT  BuildTime: Aug  4 2022 06:17:15  BuildStamp: freesurfer-linux-ubuntu22_x86_64-7.3.2-20220804-6354275  User: oesteban  Machine: dna007  Platform: Linux  PlatformVersion: 5.14.0-427.37.1.el9_4.x86_64  CompilerName: GCC  CompilerVersion: 8.4.0
ProgramName: mris_topo_fixer  ProgramArguments: mris_topo_fixer -all-info  ProgramVersion: 7.3.2  TimeStamp: 2026/03/06-17:44:02-GMT  BuildTime: Aug  4 2022 06:17:15  BuildStamp: freesurfer-linux-ubuntu22_x86_64-7.3.2-20220804-6354275  User: oesteban  Machine: dna007  Platform: Linux  PlatformVersion: 5.14.0-427.37.1.el9_4.x86_64  CompilerName: GCC  CompilerVersion: 8.4.0
ProgramName: mris_jacobian  ProgramArguments: mris_jacobian -all-info  ProgramVersion: 7.3.2  TimeStamp: 2026/03/06-17:44:02-GMT  BuildTime: Aug  4 2022 06:17:15  BuildStamp: freesurfer-linux-ubuntu22_x86_64-7.3.2-20220804-6354275  User: oesteban  Machine: dna007  Platform: Linux  PlatformVersion: 5.14.0-427.37.1.el9_4.x86_64  CompilerName: GCC  CompilerVersion: 8.4.0
ProgramName: mris_label2annot  ProgramArguments: mris_label2annot -all-info  ProgramVersion: 7.3.2  TimeStamp: 2026/03/06-17:44:02-GMT  BuildTime: Aug  4 2022 06:17:15  BuildStamp: freesurfer-linux-ubuntu22_x86_64-7.3.2-20220804-6354275  User: oesteban  Machine: dna007  Platform: Linux  PlatformVersion: 5.14.0-427.37.1.el9_4.x86_64  CompilerName: GCC  CompilerVersion: 8.4.0
ProgramName: mris_left_right_register  ProgramArguments: mris_left_right_register -all-info  ProgramVersion: 7.3.2  TimeStamp: 2026/03/06-17:44:02-GMT  BuildTime: Aug  4 2022 06:17:15  BuildStamp: freesurfer-linux-ubuntu22_x86_64-7.3.2-20220804-6354275  User: oesteban  Machine: dna007  Platform: Linux  PlatformVersion: 5.14.0-427.37.1.el9_4.x86_64  CompilerName: GCC  CompilerVersion: 8.4.0
ProgramName: mris_place_surface  ProgramArguments: mris_place_surface -all-info  ProgramVersion: 7.3.2  TimeStamp: 2026/03/06-17:44:02-GMT  BuildTime: Aug  4 2022 06:17:15  BuildStamp: freesurfer-linux-ubuntu22_x86_64-7.3.2-20220804-6354275  User: oesteban  Machine: dna007  Platform: Linux  PlatformVersion: 5.14.0-427.37.1.el9_4.x86_64  CompilerName: GCC  CompilerVersion: 8.4.0
ProgramName: mrisp_paint  ProgramArguments: mrisp_paint -all-info  ProgramVersion: 7.3.2  TimeStamp: 2026/03/06-17:44:02-GMT  BuildTime: Aug  4 2022 06:17:15  BuildStamp: freesurfer-linux-ubuntu22_x86_64-7.3.2-20220804-6354275  User: oesteban  Machine: dna007  Platform: Linux  PlatformVersion: 5.14.0-427.37.1.el9_4.x86_64  CompilerName: GCC  CompilerVersion: 8.4.0
ProgramName: mris_register  ProgramArguments: mris_register -all-info  ProgramVersion: 7.3.2  TimeStamp: 2026/03/06-17:44:02-GMT  BuildTime: Aug  4 2022 06:17:15  BuildStamp: freesurfer-linux-ubuntu22_x86_64-7.3.2-20220804-6354275  User: oesteban  Machine: dna007  Platform: Linux  PlatformVersion: 5.14.0-427.37.1.el9_4.x86_64  CompilerName: GCC  CompilerVersion: 8.4.0
ProgramName: mris_smooth  ProgramArguments: mris_smooth -all-info  ProgramVersion: 7.3.2  TimeStamp: 2026/03/06-17:44:02-GMT  BuildTime: Aug  4 2022 06:17:15  BuildStamp: freesurfer-linux-ubuntu22_x86_64-7.3.2-20220804-6354275  User: oesteban  Machine: dna007  Platform: Linux  PlatformVersion: 5.14.0-427.37.1.el9_4.x86_64  CompilerName: GCC  CompilerVersion: 8.4.0
ProgramName: mris_sphere  ProgramArguments: mris_sphere -all-info  ProgramVersion: 7.3.2  TimeStamp: 2026/03/06-17:44:02-GMT  BuildTime: Aug  4 2022 06:17:15  BuildStamp: freesurfer-linux-ubuntu22_x86_64-7.3.2-20220804-6354275  User: oesteban  Machine: dna007  Platform: Linux  PlatformVersion: 5.14.0-427.37.1.el9_4.x86_64  CompilerName: GCC  CompilerVersion: 8.4.0
ProgramName: mris_surface_stats  ProgramArguments: mris_surface_stats -all-info  ProgramVersion: 7.3.2  TimeStamp: 2026/03/06-17:44:02-GMT  BuildTime: Aug  4 2022 06:17:15  BuildStamp: freesurfer-linux-ubuntu22_x86_64-7.3.2-20220804-6354275  User: oesteban  Machine: dna007  Platform: Linux  PlatformVersion: 5.14.0-427.37.1.el9_4.x86_64  CompilerName: GCC  CompilerVersion: 8.4.0
ProgramName: mri_stats2seg  ProgramArguments: mri_stats2seg -all-info  ProgramVersion: 7.3.2  TimeStamp: 2026/03/06-17:44:02-GMT  BuildTime: Aug  4 2022 06:17:15  BuildStamp: freesurfer-linux-ubuntu22_x86_64-7.3.2-20220804-6354275  User: oesteban  Machine: dna007  Platform: Linux  PlatformVersion: 5.14.0-427.37.1.el9_4.x86_64  CompilerName: GCC  CompilerVersion: 8.4.0
ProgramName: mris_thickness  ProgramArguments: mris_thickness -all-info  ProgramVersion: 7.3.2  TimeStamp: 2026/03/06-17:44:02-GMT  BuildTime: Aug  4 2022 06:17:15  BuildStamp: freesurfer-linux-ubuntu22_x86_64-7.3.2-20220804-6354275  User: oesteban  Machine: dna007  Platform: Linux  PlatformVersion: 5.14.0-427.37.1.el9_4.x86_64  CompilerName: GCC  CompilerVersion: 8.4.0
ProgramName: mris_thickness_diff  ProgramArguments: mris_thickness_diff -all-info  ProgramVersion: 7.3.2  TimeStamp: 2026/03/06-17:44:02-GMT  BuildTime: Aug  4 2022 06:17:15  BuildStamp: freesurfer-linux-ubuntu22_x86_64-7.3.2-20220804-6354275  User: oesteban  Machine: dna007  Platform: Linux  PlatformVersion: 5.14.0-427.37.1.el9_4.x86_64  CompilerName: GCC  CompilerVersion: 8.4.0
ProgramName: mris_topo_fixer  ProgramArguments: mris_topo_fixer -all-info  ProgramVersion: 7.3.2  TimeStamp: 2026/03/06-17:44:02-GMT  BuildTime: Aug  4 2022 06:17:15  BuildStamp: freesurfer-linux-ubuntu22_x86_64-7.3.2-20220804-6354275  User: oesteban  Machine: dna007  Platform: Linux  PlatformVersion: 5.14.0-427.37.1.el9_4.x86_64  CompilerName: GCC  CompilerVersion: 8.4.0
ProgramName: mri_surf2surf  ProgramArguments: mri_surf2surf -all-info  ProgramVersion: 7.3.2  TimeStamp: 2026/03/06-17:44:02-GMT  BuildTime: Aug  4 2022 06:17:15  BuildStamp: freesurfer-linux-ubuntu22_x86_64-7.3.2-20220804-6354275  User: oesteban  Machine: dna007  Platform: Linux  PlatformVersion: 5.14.0-427.37.1.el9_4.x86_64  CompilerName: GCC  CompilerVersion: 8.4.0
ProgramName: mri_surf2vol  ProgramArguments: mri_surf2vol -all-info  ProgramVersion: 7.3.2  TimeStamp: 2026/03/06-17:44:02-GMT  BuildTime: Aug  4 2022 06:17:15  BuildStamp: freesurfer-linux-ubuntu22_x86_64-7.3.2-20220804-6354275  User: oesteban  Machine: dna007  Platform: Linux  PlatformVersion: 5.14.0-427.37.1.el9_4.x86_64  CompilerName: GCC  CompilerVersion: 8.4.0
ProgramName: mri_surfcluster  ProgramArguments: mri_surfcluster -all-info  ProgramVersion: 7.3.2  TimeStamp: 2026/03/06-17:44:02-GMT  BuildTime: Aug  4 2022 06:17:15  BuildStamp: freesurfer-linux-ubuntu22_x86_64-7.3.2-20220804-6354275  User: oesteban  Machine: dna007  Platform: Linux  PlatformVersion: 5.14.0-427.37.1.el9_4.x86_64  CompilerName: GCC  CompilerVersion: 8.4.0
ProgramName: mris_volmask  ProgramArguments: mris_volmask -all-info  ProgramVersion: 7.3.2  TimeStamp: 2026/03/06-17:44:02-GMT  BuildTime: Aug  4 2022 06:17:15  BuildStamp: freesurfer-linux-ubuntu22_x86_64-7.3.2-20220804-6354275  User: oesteban  Machine: dna007  Platform: Linux  PlatformVersion: 5.14.0-427.37.1.el9_4.x86_64  CompilerName: GCC  CompilerVersion: 8.4.0
ProgramName: mri_tessellate  ProgramArguments: mri_tessellate -all-info  ProgramVersion: 7.3.2  TimeStamp: 2026/03/06-17:44:02-GMT  BuildTime: Aug  4 2022 06:17:15  BuildStamp: freesurfer-linux-ubuntu22_x86_64-7.3.2-20220804-6354275  User: oesteban  Machine: dna007  Platform: Linux  PlatformVersion: 5.14.0-427.37.1.el9_4.x86_64  CompilerName: GCC  CompilerVersion: 8.4.0
ProgramName: mri_vol2surf  ProgramArguments: mri_vol2surf -all-info  ProgramVersion: 7.3.2  TimeStamp: 2026/03/06-17:44:02-GMT  BuildTime: Aug  4 2022 06:17:15  BuildStamp: freesurfer-linux-ubuntu22_x86_64-7.3.2-20220804-6354275  User: oesteban  Machine: dna007  Platform: Linux  PlatformVersion: 5.14.0-427.37.1.el9_4.x86_64  CompilerName: GCC  CompilerVersion: 8.4.0
ProgramName: mri_vol2vol  ProgramArguments: mri_vol2vol -all-info  ProgramVersion: 7.3.2  TimeStamp: 2026/03/06-17:44:02-GMT  BuildTime: Aug  4 2022 06:17:15  BuildStamp: freesurfer-linux-ubuntu22_x86_64-7.3.2-20220804-6354275  User: oesteban  Machine: dna007  Platform: Linux  PlatformVersion: 5.14.0-427.37.1.el9_4.x86_64  CompilerName: GCC  CompilerVersion: 8.4.0
ProgramName: mri_voldiff  ProgramArguments: mri_voldiff -all-info  ProgramVersion: 7.3.2  TimeStamp: 2026/03/06-17:44:02-GMT  BuildTime: Aug  4 2022 06:17:15  BuildStamp: freesurfer-linux-ubuntu22_x86_64-7.3.2-20220804-6354275  User: oesteban  Machine: dna007  Platform: Linux  PlatformVersion: 5.14.0-427.37.1.el9_4.x86_64  CompilerName: GCC  CompilerVersion: 8.4.0
ProgramName: mri_watershed  ProgramArguments: mri_watershed -all-info  ProgramVersion: 7.3.2  TimeStamp: 2026/03/06-17:44:02-GMT  BuildTime: Aug  4 2022 06:17:15  BuildStamp: freesurfer-linux-ubuntu22_x86_64-7.3.2-20220804-6354275  User: oesteban  Machine: dna007  Platform: Linux  PlatformVersion: 5.14.0-427.37.1.el9_4.x86_64  CompilerName: GCC  CompilerVersion: 8.4.0
ProgramName: tkregister2  ProgramArguments: tkregister2_cmdl -all-info  ProgramVersion: 7.3.2  TimeStamp: 2026/03/06-17:44:02-GMT  BuildTime: Aug  4 2022 06:17:15  BuildStamp: freesurfer-linux-ubuntu22_x86_64-7.3.2-20220804-6354275  User: oesteban  Machine: dna007  Platform: Linux  PlatformVersion: 5.14.0-427.37.1.el9_4.x86_64  CompilerName: GCC  CompilerVersion: 8.4.0
mri_motion_correct.fsl 7.3.2
mri_convert -all-info 
ProgramName: mri_convert  ProgramArguments: mri_convert -all-info  ProgramVersion: 7.3.2  TimeStamp: 2026/03/06-17:44:02-GMT  BuildTime: Aug  4 2022 06:17:15  BuildStamp: freesurfer-linux-ubuntu22_x86_64-7.3.2-20220804-6354275  User: oesteban  Machine: dna007  Platform: Linux  PlatformVersion: 5.14.0-427.37.1.el9_4.x86_64  CompilerName: GCC  CompilerVersion: 8.4.0
Program nu_correct, built from:
Package MNI N3, version 1.12.0, compiled by nicks@terrier (x86_64-unknown-linux-gnu) on 2015-06-19 at 01:25:34
#######################################
GCADIR /opt/freesurfer/average
GCA RB_all_2020-01-02.gca
GCASkull RB_all_withskull_2020_01_02.gca
AvgCurvTif folding.atlas.acfb40.noaparc.i12.2016-08-02.tif
GCSDIR /opt/freesurfer/average
GCS DKaparc.atlas.acfb40.noaparc.i12.2016-08-02.gcs
#######################################
#--------------------------------------------
#@# AutoDetGWStats rh Fri Mar  6 18:44:02 CET 2026
cd /out/sourcedata/freesurfer/sub-v1s10x0051128_ses-1/mri
mris_autodet_gwstats --o ../surf/autodet.gw.stats.rh.dat --i brain.finalsurfs.mgz --wm wm.mgz --surf ../surf/rh.orig.premesh
  Update not needed
#--------------------------------------------
#@# WhitePreAparc rh Fri Mar  6 18:44:02 CET 2026
cd /out/sourcedata/freesurfer/sub-v1s10x0051128_ses-1/mri
mris_place_surface --adgws-in ../surf/autodet.gw.stats.rh.dat --wm wm.mgz --threads 16 --invol brain.finalsurfs.mgz --rh --i ../surf/rh.orig --o ../surf/rh.white.preaparc --white --seg aseg.presurf.mgz --nsmooth 5
   Update not needed
#--------------------------------------------
#@# CortexLabel rh Fri Mar  6 18:44:02 CET 2026
cd /out/sourcedata/freesurfer/sub-v1s10x0051128_ses-1/mri
mri_label2label --label-cortex ../surf/rh.white.preaparc aseg.presurf.mgz 0 ../label/rh.cortex.label
   Update not needed
#--------------------------------------------
#@# CortexLabel+HipAmyg rh Fri Mar  6 18:44:02 CET 2026
cd /out/sourcedata/freesurfer/sub-v1s10x0051128_ses-1/mri
mri_label2label --label-cortex ../surf/rh.white.preaparc aseg.presurf.mgz 1 ../label/rh.cortex+hipamyg.label
   Update not needed
#@# white curv rh Fri Mar  6 18:44:02 CET 2026
cd /out/sourcedata/freesurfer/sub-v1s10x0051128_ses-1/mri
mris_place_surface --curv-map ../surf/rh.white 2 10 ../surf/rh.curv
   Update not needed
#@# white area rh Fri Mar  6 18:44:02 CET 2026
cd /out/sourcedata/freesurfer/sub-v1s10x0051128_ses-1/mri
mris_place_surface --area-map ../surf/rh.white ../surf/rh.area
   Update not needed
#@# pial curv rh Fri Mar  6 18:44:02 CET 2026
cd /out/sourcedata/freesurfer/sub-v1s10x0051128_ses-1/mri
mris_place_surface --curv-map ../surf/rh.pial 2 10 ../surf/rh.curv.pial
   Update not needed
#@# pial area rh Fri Mar  6 18:44:02 CET 2026
cd /out/sourcedata/freesurfer/sub-v1s10x0051128_ses-1/mri
mris_place_surface --area-map ../surf/rh.pial ../surf/rh.area.pial
   Update not needed
#@# thickness rh Fri Mar  6 18:44:02 CET 2026
cd /out/sourcedata/freesurfer/sub-v1s10x0051128_ses-1/mri
mris_place_surface --thickness ../surf/rh.white ../surf/rh.pial 20 5 ../surf/rh.thickness
   Update not needed
#@# area and vertex vol rh Fri Mar  6 18:44:02 CET 2026
cd /out/sourcedata/freesurfer/sub-v1s10x0051128_ses-1/mri
mris_place_surface --thickness ../surf/rh.white ../surf/rh.pial 20 5 ../surf/rh.thickness
   Update not needed
#-----------------------------------------
#@# Parcellation Stats rh Fri Mar  6 18:44:02 CET 2026
/out/sourcedata/freesurfer/sub-v1s10x0051128_ses-1/scripts

 mris_anatomical_stats -th3 -mgz -noglobal -cortex ../label/rh.cortex.label -f ../stats/rh.aparc.stats -b -a ../label/rh.aparc.annot -c ../label/aparc.annot.ctab sub-v1s10x0051128_ses-1 rh white 

computing statistics for each annotation in ../label/rh.aparc.annot.
reading volume /out/sourcedata/freesurfer/sub-v1s10x0051128_ses-1/mri/wm.mgz...
reading input surface /out/sourcedata/freesurfer/sub-v1s10x0051128_ses-1/surf/rh.white...
reading input pial surface /out/sourcedata/freesurfer/sub-v1s10x0051128_ses-1/surf/rh.pial...
reading input white surface /out/sourcedata/freesurfer/sub-v1s10x0051128_ses-1/surf/rh.white...
INFO: using TH3 volume calc
INFO: assuming MGZ format for volumes.
INFO: not computing global stats
INFO: using ../label/rh.cortex.label as mask to calc cortex NumVert, SurfArea and MeanThickness.
Using TH3 vertex volume calc
Total face volume 301543
Total vertex volume 301309 (mask=0)
Saving annotation colortable ../label/aparc.annot.ctab

table columns are:
    number of vertices
    total surface area (mm^2)
    total gray matter volume (mm^3)
    average cortical thickness +- standard deviation (mm)
    integrated rectified mean curvature
    integrated rectified Gaussian curvature
    folding index
    intrinsic curvature index
    structure name

 1598   1056   2497  2.590 0.441     0.091     0.013        9     1.0  bankssts
 1640   1130   2765  2.293 0.772     0.119     0.020       23     1.5  caudalanteriorcingulate
 4197   2893   8635  2.678 0.488     0.111     0.019       37     3.4  caudalmiddlefrontal
 2683   1860   4458  1.976 0.725     0.138     0.031       29     3.7  cuneus
  858    575   2455  3.298 0.819     0.121     0.022       10     0.8  entorhinal
 5761   4010  12896  2.821 0.592     0.123     0.024       69     5.5  fusiform
 9216   6453  19001  2.697 0.523     0.120     0.023       94     8.5  inferiorparietal
 6056   4345  14438  2.903 0.646     0.119     0.023       75     5.7  inferiortemporal
 1508   1042   2750  2.359 0.865     0.126     0.026       23     1.8  isthmuscingulate
 9376   6615  16973  2.283 0.646     0.132     0.027      107    10.9  lateraloccipital
 4563   3377  10368  3.004 0.701     0.134     0.031       57     6.1  lateralorbitofrontal
 5694   4132   8898  1.999 0.678     0.135     0.030       69     7.2  lingual
 3341   2400   7234  2.684 0.589     0.122     0.027       48     3.8  medialorbitofrontal
 5906   4181  14848  2.909 0.616     0.116     0.022       66     5.3  middletemporal
 1049    669   1972  2.593 0.773     0.097     0.022       13     0.7  parahippocampal
 3193   1996   5349  2.478 0.563     0.103     0.019       23     2.4  paracentral
 2799   1992   5700  2.708 0.449     0.109     0.018       26     2.3  parsopercularis
 1583   1168   4151  2.956 0.712     0.130     0.025       24     1.5  parsorbitalis
 2767   1993   6139  2.741 0.546     0.120     0.023       32     2.6  parstriangularis
 2649   1852   2491  1.549 0.446     0.142     0.036       31     3.8  pericalcarine
 7658   5023  11457  2.083 0.654     0.101     0.017       56     5.7  postcentral
 2043   1368   3896  2.507 0.889     0.112     0.018       22     1.6  posteriorcingulate
 8258   5419  14557  2.542 0.613     0.106     0.020       60     7.2  precentral
 6860   4644  12304  2.562 0.541     0.118     0.023       69     6.4  precuneus
 1383    953   2889  2.723 0.702     0.104     0.019       14     1.1  rostralanteriorcingulate
 9857   7392  21403  2.534 0.570     0.129     0.027      129    11.4  rostralmiddlefrontal
11518   7994  25762  2.914 0.547     0.119     0.025      113    12.1  superiorfrontal
 8705   5885  14590  2.272 0.551     0.112     0.020       78     6.9  superiorparietal
 6355   4198  13793  2.909 0.678     0.101     0.017       50     4.8  superiortemporal
 6558   4559  14139  2.836 0.545     0.115     0.022       61     6.2  supramarginal
  535    409   1617  2.897 0.562     0.155     0.041       12     0.8  frontalpole
  762    576   2600  3.380 0.799     0.116     0.023        9     0.7  temporalpole
  609    401   1148  2.460 0.515     0.113     0.015        6     0.3  transversetemporal
 3746   2573   7138  2.941 0.701     0.116     0.026       36     3.7  insula

 mris_anatomical_stats -th3 -mgz -noglobal -cortex ../label/rh.cortex.label -f ../stats/rh.aparc.pial.stats -b -a ../label/rh.aparc.annot -c ../label/aparc.annot.ctab sub-v1s10x0051128_ses-1 rh pial 

computing statistics for each annotation in ../label/rh.aparc.annot.
reading volume /out/sourcedata/freesurfer/sub-v1s10x0051128_ses-1/mri/wm.mgz...
reading input surface /out/sourcedata/freesurfer/sub-v1s10x0051128_ses-1/surf/rh.pial...
reading input pial surface /out/sourcedata/freesurfer/sub-v1s10x0051128_ses-1/surf/rh.pial...
reading input white surface /out/sourcedata/freesurfer/sub-v1s10x0051128_ses-1/surf/rh.white...
INFO: using TH3 volume calc
INFO: assuming MGZ format for volumes.
INFO: not computing global stats
INFO: using ../label/rh.cortex.label as mask to calc cortex NumVert, SurfArea and MeanThickness.
Using TH3 vertex volume calc
Total face volume 301543
Total vertex volume 301309 (mask=0)
Saving annotation colortable ../label/aparc.annot.ctab

table columns are:
    number of vertices
    total surface area (mm^2)
    total gray matter volume (mm^3)
    average cortical thickness +- standard deviation (mm)
    integrated rectified mean curvature
    integrated rectified Gaussian curvature
    folding index
    intrinsic curvature index
    structure name

 1598    890   2497  2.590 0.441     0.110     0.028       20     1.9  bankssts
 1640   1333   2765  2.293 0.772     0.173     0.054      146     3.3  caudalanteriorcingulate
 4197   3478   8635  2.678 0.488     0.130     0.026       51     4.6  caudalmiddlefrontal
 2683   2520   4458  1.976 0.725     0.155     0.038       69     4.5  cuneus
  858    980   2455  3.298 0.819     0.262     0.075       36     3.5  entorhinal
 5761   5207  12896  2.821 0.592     0.157     0.042      147    10.2  fusiform
 9216   7641  19001  2.697 0.523     0.137     0.031      172    11.7  inferiorparietal
 6056   5487  14438  2.903 0.646     0.156     0.046    11718     9.7  inferiortemporal
 1508   1368   2750  2.359 0.865     0.188     0.063       64     3.6  isthmuscingulate
 9376   8235  16973  2.283 0.646     0.138     0.032      197    12.7  lateraloccipital
 4563   3752  10368  3.004 0.701     0.153     0.045      152     8.3  lateralorbitofrontal
 5694   5056   8898  1.999 0.678     0.156     0.042      136    10.1  lingual
 3341   3091   7234  2.684 0.589     0.164     0.039       81     5.9  medialorbitofrontal
 5906   5851  14848  2.909 0.616     0.148     0.032       99     7.6  middletemporal
 1049    907   1972  2.593 0.773     0.181     0.063       19     3.3  parahippocampal
 3193   2319   5349  2.478 0.563     0.110     0.022       42     2.9  paracentral
 2799   2329   5700  2.708 0.449     0.172     0.049     9122     4.5  parsopercularis
 1583   1624   4151  2.956 0.712     0.154     0.030       19     2.0  parsorbitalis
 2767   2500   6139  2.741 0.546     0.152     0.036       50     4.4  parstriangularis
 2649   1539   2491  1.549 0.446     0.113     0.042      123     3.5  pericalcarine
 7658   6064  11457  2.083 0.654     0.120     0.026       83     7.9  postcentral
 2043   1714   3896  2.507 0.889     0.161     0.042      214     3.6  posteriorcingulate
 8258   6023  14557  2.542 0.613     0.114     0.026      136     8.5  precentral
 6860   4997  12304  2.562 0.541     0.128     0.034      190     8.9  precuneus
 1383   1226   2889  2.723 0.702     0.146     0.037       14     2.4  rostralanteriorcingulate
 9857   9372  21403  2.534 0.570     0.165     0.035     2250    15.3  rostralmiddlefrontal
11518   9449  25762  2.914 0.547     0.142     0.035      884    15.7  superiorfrontal
 8705   6863  14590  2.272 0.551     0.124     0.024      128     8.5  superiorparietal
 6355   5231  13793  2.909 0.678     0.142     0.036      152    10.0  superiortemporal
 6558   5381  14139  2.836 0.545     0.142     0.067      112     9.2  supramarginal
  535    693   1617  2.897 0.562     0.219     0.047       33     0.9  frontalpole
  762    981   2600  3.380 0.799     0.186     0.035        9     1.3  temporalpole
  609    584   1148  2.460 0.515     0.164     0.048        9     1.1  transversetemporal
 3746   2497   7138  2.941 0.701     0.166     0.056      114     9.7  insula
#-----------------------------------------
#@# Parcellation Stats 2 rh Fri Mar  6 18:44:24 CET 2026
/out/sourcedata/freesurfer/sub-v1s10x0051128_ses-1/scripts

 mris_anatomical_stats -th3 -mgz -noglobal -cortex ../label/rh.cortex.label -f ../stats/rh.aparc.a2009s.stats -b -a ../label/rh.aparc.a2009s.annot -c ../label/aparc.annot.a2009s.ctab sub-v1s10x0051128_ses-1 rh white 

computing statistics for each annotation in ../label/rh.aparc.a2009s.annot.
reading volume /out/sourcedata/freesurfer/sub-v1s10x0051128_ses-1/mri/wm.mgz...
reading input surface /out/sourcedata/freesurfer/sub-v1s10x0051128_ses-1/surf/rh.white...
reading input pial surface /out/sourcedata/freesurfer/sub-v1s10x0051128_ses-1/surf/rh.pial...
reading input white surface /out/sourcedata/freesurfer/sub-v1s10x0051128_ses-1/surf/rh.white...
INFO: using TH3 volume calc
INFO: assuming MGZ format for volumes.
INFO: not computing global stats
INFO: using ../label/rh.cortex.label as mask to calc cortex NumVert, SurfArea and MeanThickness.
Using TH3 vertex volume calc
Total face volume 301543
Total vertex volume 301309 (mask=0)
Saving annotation colortable ../label/aparc.annot.a2009s.ctab

table columns are:
    number of vertices
    total surface area (mm^2)
    total gray matter volume (mm^3)
    average cortical thickness +- standard deviation (mm)
    integrated rectified mean curvature
    integrated rectified Gaussian curvature
    folding index
    intrinsic curvature index
    structure name

 1047    777   2354  2.595 0.648     0.130     0.030       14     1.4  G_and_S_frontomargin
 1912   1385   4280  2.502 0.710     0.131     0.024       22     2.1  G_and_S_occipital_inf
 2094   1240   3693  2.482 0.615     0.097     0.020       15     1.6  G_and_S_paracentral
 1905   1323   3553  2.498 0.588     0.117     0.019       20     1.5  G_and_S_subcentral
 1328   1047   3660  2.684 0.595     0.149     0.036       25     2.0  G_and_S_transv_frontopol
 3321   2325   6572  2.756 0.477     0.113     0.022       31     3.1  G_and_S_cingul-Ant
 1761   1201   3469  2.778 0.568     0.119     0.024       17     1.8  G_and_S_cingul-Mid-Ant
 2038   1358   3989  2.811 0.530     0.106     0.019       17     1.6  G_and_S_cingul-Mid-Post
  601    394   1581  2.930 0.687     0.139     0.029       10     0.8  G_cingul-Post-dorsal
  261    186    702  2.923 0.693     0.121     0.029        3     0.3  G_cingul-Post-ventral
 2591   1793   4380  1.966 0.726     0.143     0.034       30     3.8  G_cuneus
 1995   1457   4771  2.672 0.476     0.119     0.020       24     1.8  G_front_inf-Opercular
  586    427   1640  2.827 0.472     0.137     0.029       14     0.5  G_front_inf-Orbital
  932    719   2752  2.920 0.466     0.133     0.030       13     1.2  G_front_inf-Triangul
 5469   4187  14657  2.663 0.565     0.143     0.031       94     7.1  G_front_middle
 7636   5387  19677  2.989 0.590     0.131     0.029      106     9.4  G_front_sup
  721    490   1350  2.657 0.748     0.123     0.028        9     0.7  G_Ins_lg_and_S_cent_ins
  943    681   2367  3.013 0.802     0.135     0.035       12     1.3  G_insular_short
 2796   2018   6951  2.770 0.503     0.142     0.030       41     3.4  G_occipital_middle
 1797   1201   2795  2.008 0.525     0.124     0.027       19     1.8  G_occipital_sup
 2721   1891   7334  2.975 0.590     0.136     0.028       44     2.8  G_oc-temp_lat-fusifor
 3545   2609   6141  1.982 0.750     0.143     0.033       54     4.5  G_oc-temp_med-Lingual
 1487    969   4121  3.171 0.896     0.115     0.023       17     1.4  G_oc-temp_med-Parahip
 3320   2526   9881  3.102 0.776     0.134     0.031       54     4.0  G_orbital
 3561   2566   9549  2.874 0.576     0.130     0.027       45     3.9  G_pariet_inf-Angular
 3131   2274   8756  3.009 0.580     0.123     0.026       38     3.4  G_pariet_inf-Supramar
 2534   1801   5932  2.526 0.551     0.132     0.027       34     2.8  G_parietal_sup
 2539   1671   4343  2.167 0.551     0.118     0.024       25     2.6  G_postcentral
 3115   1986   6823  2.741 0.575     0.106     0.023       24     3.0  G_precentral
 2603   1754   5831  2.736 0.506     0.119     0.025       31     2.6  G_precuneus
  975    732   2821  2.807 0.634     0.137     0.039       17     1.5  G_rectus
  657    487   1311  2.625 1.093     0.134     0.045        7     1.2  G_subcallosal
  482    295    998  2.525 0.504     0.116     0.016        5     0.3  G_temp_sup-G_T_transv
 2241   1499   6641  3.244 0.582     0.125     0.024       29     2.2  G_temp_sup-Lateral
  947    611   1915  2.919 0.895     0.059     0.009        2     0.3  G_temp_sup-Plan_polar
 1149    780   2334  2.876 0.469     0.094     0.015        6     0.8  G_temp_sup-Plan_tempo
 3019   2265   9338  3.152 0.676     0.135     0.029       52     3.2  G_temporal_inf
 3488   2506  10406  3.054 0.598     0.126     0.027       48     3.7  G_temporal_middle
  525    351    764  2.604 0.481     0.109     0.018        4     0.4  Lat_Fis-ant-Horizont
  229    158    335  2.547 0.573     0.119     0.014        2     0.1  Lat_Fis-ant-Vertical
 1579   1053   2037  2.462 0.485     0.098     0.016        9     1.0  Lat_Fis-post
 4344   3090   6245  1.897 0.626     0.146     0.034       57     6.4  Pole_occipital
 2043   1580   6745  3.193 0.655     0.142     0.030       37     2.6  Pole_temporal
 2659   1851   2827  1.818 0.597     0.126     0.029       26     3.3  S_calcarine
 3434   2258   3478  1.768 0.587     0.091     0.016       17     2.3  S_central
 1418    962   2513  2.529 0.543     0.102     0.016       11     0.9  S_cingul-Marginalis
  615    416    981  3.005 0.466     0.104     0.017        3     0.5  S_circular_insula_ant
 1361    881   1930  2.770 0.681     0.080     0.012        6     0.6  S_circular_insula_inf
 1782   1179   2751  2.958 0.461     0.110     0.019       11     1.5  S_circular_insula_sup
 1425    946   2150  2.548 0.422     0.091     0.012        7     0.7  S_collat_transv_ant
  524    356    604  2.176 0.425     0.134     0.032        4     0.7  S_collat_transv_post
 2645   1888   4532  2.501 0.417     0.110     0.020       21     2.1  S_front_inf
 2787   1967   4250  2.364 0.459     0.115     0.020       22     2.5  S_front_middle
 2726   1784   4101  2.580 0.435     0.086     0.014       11     1.6  S_front_sup
  268    179    476  3.059 0.561     0.115     0.032        2     0.3  S_interm_prim-Jensen
 3548   2374   4810  2.264 0.442     0.097     0.014       21     2.2  S_intrapariet_and_P_trans
 1166    788   1372  2.005 0.378     0.103     0.016        8     0.9  S_oc_middle_and_Lunatus
 1649   1119   2222  2.184 0.471     0.106     0.017       11     1.2  S_oc_sup_and_transversal
  890    599   1424  2.675 0.440     0.113     0.019        7     0.7  S_occipital_ant
 1498   1033   2172  2.535 0.408     0.107     0.021       12     1.3  S_oc-temp_lat
 2379   1620   3486  2.454 0.544     0.094     0.017       13     1.7  S_oc-temp_med_and_Lingual
  406    300    578  2.153 0.415     0.115     0.015        3     0.3  S_orbital_lateral
 1061    737   1625  2.699 0.768     0.108     0.021        6     1.1  S_orbital_med-olfact
 1628   1173   3202  3.013 0.505     0.133     0.026       16     2.0  S_orbital-H_Shaped
 2728   1843   3695  2.294 0.635     0.117     0.020       23     2.4  S_parieto_occipital
 2069   1373   2025  1.765 0.711     0.111     0.016       29     1.7  S_pericallosal
 3402   2217   4349  2.276 0.551     0.094     0.015       18     2.2  S_postcentral
 1919   1268   3071  2.696 0.502     0.089     0.014       10     1.0  S_precentral-inf-part
 1730   1126   2673  2.621 0.539     0.099     0.015       11     1.1  S_precentral-sup-part
  352    253    502  2.395 0.421     0.139     0.023        4     0.4  S_suborbital
 1952   1343   3180  2.458 0.452     0.116     0.022       16     1.7  S_subparietal
 1680   1142   2273  2.487 0.502     0.104     0.015       11     1.1  S_temporal_inf
 7253   4856  11712  2.680 0.476     0.099     0.016       45     5.0  S_temporal_sup
  362    254    554  2.703 0.346     0.124     0.014        3     0.2  S_temporal_transverse
#-----------------------------------------
#@# Parcellation Stats 3 rh Fri Mar  6 18:44:36 CET 2026
/out/sourcedata/freesurfer/sub-v1s10x0051128_ses-1/scripts

 mris_anatomical_stats -th3 -mgz -noglobal -cortex ../label/rh.cortex.label -f ../stats/rh.aparc.DKTatlas.stats -b -a ../label/rh.aparc.DKTatlas.annot -c ../label/aparc.annot.DKTatlas.ctab sub-v1s10x0051128_ses-1 rh white 

computing statistics for each annotation in ../label/rh.aparc.DKTatlas.annot.
reading volume /out/sourcedata/freesurfer/sub-v1s10x0051128_ses-1/mri/wm.mgz...
reading input surface /out/sourcedata/freesurfer/sub-v1s10x0051128_ses-1/surf/rh.white...
reading input pial surface /out/sourcedata/freesurfer/sub-v1s10x0051128_ses-1/surf/rh.pial...
reading input white surface /out/sourcedata/freesurfer/sub-v1s10x0051128_ses-1/surf/rh.white...
INFO: using TH3 volume calc
INFO: assuming MGZ format for volumes.
INFO: not computing global stats
INFO: using ../label/rh.cortex.label as mask to calc cortex NumVert, SurfArea and MeanThickness.
Using TH3 vertex volume calc
Total face volume 301543
Total vertex volume 301309 (mask=0)
Saving annotation colortable ../label/aparc.annot.DKTatlas.ctab

table columns are:
    number of vertices
    total surface area (mm^2)
    total gray matter volume (mm^3)
    average cortical thickness +- standard deviation (mm)
    integrated rectified mean curvature
    integrated rectified Gaussian curvature
    folding index
    intrinsic curvature index
    structure name

 1869   1285   3231  2.313 0.773     0.118     0.021       25     1.7  caudalanteriorcingulate
 4250   2930   8729  2.679 0.479     0.110     0.020       37     3.5  caudalmiddlefrontal
 3386   2323   5410  1.979 0.682     0.136     0.029       36     4.3  cuneus
  765    508   2119  3.248 0.841     0.117     0.020        7     0.6  entorhinal
 5244   3631  11505  2.803 0.595     0.121     0.023       59     4.9  fusiform
 9271   6491  19202  2.702 0.522     0.119     0.023       94     8.6  inferiorparietal
 6698   4806  16056  2.909 0.639     0.120     0.024       86     6.3  inferiortemporal
 1493   1034   2714  2.369 0.851     0.125     0.027       23     1.7  isthmuscingulate
 9309   6578  16775  2.264 0.648     0.132     0.028      105    10.8  lateraloccipital
 4986   3679  11735  2.969 0.730     0.134     0.031       65     6.7  lateralorbitofrontal
 5601   4056   8734  2.007 0.674     0.135     0.030       68     7.0  lingual
 2707   2007   6123  2.649 0.662     0.134     0.035       43     3.9  medialorbitofrontal
 7008   4913  16607  2.860 0.600     0.114     0.021       73     6.1  middletemporal
 1136    730   2163  2.626 0.803     0.098     0.022       13     0.8  parahippocampal
 3348   2098   5563  2.474 0.564     0.103     0.019       24     2.6  paracentral
 3257   2324   6625  2.696 0.446     0.109     0.018       30     2.7  parsopercularis
 1341    988   3417  3.024 0.704     0.126     0.025       19     1.3  parsorbitalis
 2637   1885   5662  2.689 0.557     0.120     0.024       31     2.5  parstriangularis
 2617   1837   2411  1.521 0.420     0.141     0.036       30     3.8  pericalcarine
 8521   5612  12908  2.119 0.675     0.102     0.018       64     6.5  postcentral
 2078   1392   3974  2.528 0.870     0.112     0.018       23     1.7  posteriorcingulate
 7892   5171  13820  2.541 0.614     0.107     0.021       59     6.9  precentral
 6975   4746  12731  2.564 0.543     0.117     0.022       70     6.5  precuneus
 1679   1143   3606  2.845 0.682     0.108     0.018       17     1.2  rostralanteriorcingulate
 7325   5537  16198  2.527 0.572     0.134     0.028      100     8.7  rostralmiddlefrontal
14506  10187  32172  2.847 0.549     0.119     0.025      152    15.1  superiorfrontal
 7108   4810  12196  2.308 0.536     0.111     0.019       63     5.7  superiorparietal
 8103   5424  17876  2.914 0.689     0.102     0.017       68     6.2  superiortemporal
 6193   4301  13359  2.830 0.562     0.114     0.023       57     5.9  supramarginal
  599    389   1123  2.453 0.517     0.113     0.014        6     0.3  transversetemporal
 3382   2316   6565  3.009 0.667     0.112     0.022       30     2.8  insula
/out/sourcedata/freesurfer/sub-v1s10x0051128_ses-1/label
#--------------------------------------------
#@# BA_exvivo Labels rh Fri Mar  6 18:44:47 CET 2026

 mri_label2label --srcsubject fsaverage --srclabel /out/sourcedata/freesurfer/fsaverage/label/rh.BA1_exvivo.label --trgsubject sub-v1s10x0051128_ses-1 --trglabel ./rh.BA1_exvivo.label --hemi rh --regmethod surface 


srclabel = /out/sourcedata/freesurfer/fsaverage/label/rh.BA1_exvivo.label
srcsubject = fsaverage
trgsubject = sub-v1s10x0051128_ses-1
trglabel = ./rh.BA1_exvivo.label
regmethod = surface

srchemi = rh
trghemi = rh
trgsurface = white
srcsurfreg = sphere.reg
trgsurfreg = sphere.reg
usehash = 1
Use ProjAbs  = 0, 0
Use ProjFrac = 0, 0
DoPaint 0

SUBJECTS_DIR    /out/sourcedata/freesurfer
FREESURFER_HOME /opt/freesurfer
Loading source label.
Found 3962 points in source label.
Starting surface-based mapping
Reading source registration 
 /out/sourcedata/freesurfer/fsaverage/surf/rh.sphere.reg
Rescaling ...  original radius = 100
Reading target surface 
 /out/sourcedata/freesurfer/sub-v1s10x0051128_ses-1/surf/rh.white
Reading target registration 
 /out/sourcedata/freesurfer/sub-v1s10x0051128_ses-1/surf/rh.sphere.reg
Rescaling ...  original radius = 100
Building target registration hash (res=16).
Building source registration hash (res=16).
INFO: found  3962 nlabel points
Performing mapping from target back to the source label 160461
Number of reverse mapping hits = 332
Checking for and removing duplicates
Writing label file ./rh.BA1_exvivo.label 4294
mri_label2label: Done


 mri_label2label --srcsubject fsaverage --srclabel /out/sourcedata/freesurfer/fsaverage/label/rh.BA2_exvivo.label --trgsubject sub-v1s10x0051128_ses-1 --trglabel ./rh.BA2_exvivo.label --hemi rh --regmethod surface 


srclabel = /out/sourcedata/freesurfer/fsaverage/label/rh.BA2_exvivo.label
srcsubject = fsaverage
trgsubject = sub-v1s10x0051128_ses-1
trglabel = ./rh.BA2_exvivo.label
regmethod = surface

srchemi = rh
trghemi = rh
trgsurface = white
srcsurfreg = sphere.reg
trgsurfreg = sphere.reg
usehash = 1
Use ProjAbs  = 0, 0
Use ProjFrac = 0, 0
DoPaint 0

SUBJECTS_DIR    /out/sourcedata/freesurfer
FREESURFER_HOME /opt/freesurfer
Loading source label.
Found 6687 points in source label.
Starting surface-based mapping
Reading source registration 
 /out/sourcedata/freesurfer/fsaverage/surf/rh.sphere.reg
Rescaling ...  original radius = 100
Reading target surface 
 /out/sourcedata/freesurfer/sub-v1s10x0051128_ses-1/surf/rh.white
Reading target registration 
 /out/sourcedata/freesurfer/sub-v1s10x0051128_ses-1/surf/rh.sphere.reg
Rescaling ...  original radius = 100
Building target registration hash (res=16).
Building source registration hash (res=16).
INFO: found  6687 nlabel points
Performing mapping from target back to the source label 160461
Number of reverse mapping hits = 523
Checking for and removing duplicates
Writing label file ./rh.BA2_exvivo.label 7210
mri_label2label: Done


 mri_label2label --srcsubject fsaverage --srclabel /out/sourcedata/freesurfer/fsaverage/label/rh.BA3a_exvivo.label --trgsubject sub-v1s10x0051128_ses-1 --trglabel ./rh.BA3a_exvivo.label --hemi rh --regmethod surface 


srclabel = /out/sourcedata/freesurfer/fsaverage/label/rh.BA3a_exvivo.label
srcsubject = fsaverage
trgsubject = sub-v1s10x0051128_ses-1
trglabel = ./rh.BA3a_exvivo.label
regmethod = surface

srchemi = rh
trghemi = rh
trgsurface = white
srcsurfreg = sphere.reg
trgsurfreg = sphere.reg
usehash = 1
Use ProjAbs  = 0, 0
Use ProjFrac = 0, 0
DoPaint 0

SUBJECTS_DIR    /out/sourcedata/freesurfer
FREESURFER_HOME /opt/freesurfer
Loading source label.
Found 3980 points in source label.
Starting surface-based mapping
Reading source registration 
 /out/sourcedata/freesurfer/fsaverage/surf/rh.sphere.reg
Rescaling ...  original radius = 100
Reading target surface 
 /out/sourcedata/freesurfer/sub-v1s10x0051128_ses-1/surf/rh.white
Reading target registration 
 /out/sourcedata/freesurfer/sub-v1s10x0051128_ses-1/surf/rh.sphere.reg
Rescaling ...  original radius = 100
Building target registration hash (res=16).
Building source registration hash (res=16).
INFO: found  3980 nlabel points
Performing mapping from target back to the source label 160461
Number of reverse mapping hits = 83
Checking for and removing duplicates
Writing label file ./rh.BA3a_exvivo.label 4063
mri_label2label: Done


 mri_label2label --srcsubject fsaverage --srclabel /out/sourcedata/freesurfer/fsaverage/label/rh.BA3b_exvivo.label --trgsubject sub-v1s10x0051128_ses-1 --trglabel ./rh.BA3b_exvivo.label --hemi rh --regmethod surface 


srclabel = /out/sourcedata/freesurfer/fsaverage/label/rh.BA3b_exvivo.label
srcsubject = fsaverage
trgsubject = sub-v1s10x0051128_ses-1
trglabel = ./rh.BA3b_exvivo.label
regmethod = surface

srchemi = rh
trghemi = rh
trgsurface = white
srcsurfreg = sphere.reg
trgsurfreg = sphere.reg
usehash = 1
Use ProjAbs  = 0, 0
Use ProjFrac = 0, 0
DoPaint 0

SUBJECTS_DIR    /out/sourcedata/freesurfer
FREESURFER_HOME /opt/freesurfer
Loading source label.
Found 4522 points in source label.
Starting surface-based mapping
Reading source registration 
 /out/sourcedata/freesurfer/fsaverage/surf/rh.sphere.reg
Rescaling ...  original radius = 100
Reading target surface 
 /out/sourcedata/freesurfer/sub-v1s10x0051128_ses-1/surf/rh.white
Reading target registration 
 /out/sourcedata/freesurfer/sub-v1s10x0051128_ses-1/surf/rh.sphere.reg
Rescaling ...  original radius = 100
Building target registration hash (res=16).
Building source registration hash (res=16).
INFO: found  4522 nlabel points
Performing mapping from target back to the source label 160461
Number of reverse mapping hits = 243
Checking for and removing duplicates
Writing label file ./rh.BA3b_exvivo.label 4765
mri_label2label: Done


 mri_label2label --srcsubject fsaverage --srclabel /out/sourcedata/freesurfer/fsaverage/label/rh.BA4a_exvivo.label --trgsubject sub-v1s10x0051128_ses-1 --trglabel ./rh.BA4a_exvivo.label --hemi rh --regmethod surface 


srclabel = /out/sourcedata/freesurfer/fsaverage/label/rh.BA4a_exvivo.label
srcsubject = fsaverage
trgsubject = sub-v1s10x0051128_ses-1
trglabel = ./rh.BA4a_exvivo.label
regmethod = surface

srchemi = rh
trghemi = rh
trgsurface = white
srcsurfreg = sphere.reg
trgsurfreg = sphere.reg
usehash = 1
Use ProjAbs  = 0, 0
Use ProjFrac = 0, 0
DoPaint 0

SUBJECTS_DIR    /out/sourcedata/freesurfer
FREESURFER_HOME /opt/freesurfer
Loading source label.
Found 5747 points in source label.
Starting surface-based mapping
Reading source registration 
 /out/sourcedata/freesurfer/fsaverage/surf/rh.sphere.reg
Rescaling ...  original radius = 100
Reading target surface 
 /out/sourcedata/freesurfer/sub-v1s10x0051128_ses-1/surf/rh.white
Reading target registration 
 /out/sourcedata/freesurfer/sub-v1s10x0051128_ses-1/surf/rh.sphere.reg
Rescaling ...  original radius = 100
Building target registration hash (res=16).
Building source registration hash (res=16).
INFO: found  5747 nlabel points
Performing mapping from target back to the source label 160461
Number of reverse mapping hits = 690
Checking for and removing duplicates
Writing label file ./rh.BA4a_exvivo.label 6437
mri_label2label: Done


 mri_label2label --srcsubject fsaverage --srclabel /out/sourcedata/freesurfer/fsaverage/label/rh.BA4p_exvivo.label --trgsubject sub-v1s10x0051128_ses-1 --trglabel ./rh.BA4p_exvivo.label --hemi rh --regmethod surface 


srclabel = /out/sourcedata/freesurfer/fsaverage/label/rh.BA4p_exvivo.label
srcsubject = fsaverage
trgsubject = sub-v1s10x0051128_ses-1
trglabel = ./rh.BA4p_exvivo.label
regmethod = surface

srchemi = rh
trghemi = rh
trgsurface = white
srcsurfreg = sphere.reg
trgsurfreg = sphere.reg
usehash = 1
Use ProjAbs  = 0, 0
Use ProjFrac = 0, 0
DoPaint 0

SUBJECTS_DIR    /out/sourcedata/freesurfer
FREESURFER_HOME /opt/freesurfer
Loading source label.
Found 4473 points in source label.
Starting surface-based mapping
Reading source registration 
 /out/sourcedata/freesurfer/fsaverage/surf/rh.sphere.reg
Rescaling ...  original radius = 100
Reading target surface 
 /out/sourcedata/freesurfer/sub-v1s10x0051128_ses-1/surf/rh.white
Reading target registration 
 /out/sourcedata/freesurfer/sub-v1s10x0051128_ses-1/surf/rh.sphere.reg
Rescaling ...  original radius = 100
Building target registration hash (res=16).
Building source registration hash (res=16).
INFO: found  4473 nlabel points
Performing mapping from target back to the source label 160461
Number of reverse mapping hits = 311
Checking for and removing duplicates
Writing label file ./rh.BA4p_exvivo.label 4784
mri_label2label: Done


 mri_label2label --srcsubject fsaverage --srclabel /out/sourcedata/freesurfer/fsaverage/label/rh.BA6_exvivo.label --trgsubject sub-v1s10x0051128_ses-1 --trglabel ./rh.BA6_exvivo.label --hemi rh --regmethod surface 


srclabel = /out/sourcedata/freesurfer/fsaverage/label/rh.BA6_exvivo.label
srcsubject = fsaverage
trgsubject = sub-v1s10x0051128_ses-1
trglabel = ./rh.BA6_exvivo.label
regmethod = surface

srchemi = rh
trghemi = rh
trgsurface = white
srcsurfreg = sphere.reg
trgsurfreg = sphere.reg
usehash = 1
Use ProjAbs  = 0, 0
Use ProjFrac = 0, 0
DoPaint 0

SUBJECTS_DIR    /out/sourcedata/freesurfer
FREESURFER_HOME /opt/freesurfer
Loading source label.
Found 12256 points in source label.
Starting surface-based mapping
Reading source registration 
 /out/sourcedata/freesurfer/fsaverage/surf/rh.sphere.reg
Rescaling ...  original radius = 100
Reading target surface 
 /out/sourcedata/freesurfer/sub-v1s10x0051128_ses-1/surf/rh.white
Reading target registration 
 /out/sourcedata/freesurfer/sub-v1s10x0051128_ses-1/surf/rh.sphere.reg
Rescaling ...  original radius = 100
Building target registration hash (res=16).
Building source registration hash (res=16).
INFO: found  12256 nlabel points
Performing mapping from target back to the source label 160461
Number of reverse mapping hits = 1233
Checking for and removing duplicates
Writing label file ./rh.BA6_exvivo.label 13489
mri_label2label: Done


 mri_label2label --srcsubject fsaverage --srclabel /out/sourcedata/freesurfer/fsaverage/label/rh.BA44_exvivo.label --trgsubject sub-v1s10x0051128_ses-1 --trglabel ./rh.BA44_exvivo.label --hemi rh --regmethod surface 


srclabel = /out/sourcedata/freesurfer/fsaverage/label/rh.BA44_exvivo.label
srcsubject = fsaverage
trgsubject = sub-v1s10x0051128_ses-1
trglabel = ./rh.BA44_exvivo.label
regmethod = surface

srchemi = rh
trghemi = rh
trgsurface = white
srcsurfreg = sphere.reg
trgsurfreg = sphere.reg
usehash = 1
Use ProjAbs  = 0, 0
Use ProjFrac = 0, 0
DoPaint 0

SUBJECTS_DIR    /out/sourcedata/freesurfer
FREESURFER_HOME /opt/freesurfer
Loading source label.
Found 6912 points in source label.
Starting surface-based mapping
Reading source registration 
 /out/sourcedata/freesurfer/fsaverage/surf/rh.sphere.reg
Rescaling ...  original radius = 100
Reading target surface 
 /out/sourcedata/freesurfer/sub-v1s10x0051128_ses-1/surf/rh.white
Reading target registration 
 /out/sourcedata/freesurfer/sub-v1s10x0051128_ses-1/surf/rh.sphere.reg
Rescaling ...  original radius = 100
Building target registration hash (res=16).
Building source registration hash (res=16).
INFO: found  6912 nlabel points
Performing mapping from target back to the source label 160461
Number of reverse mapping hits = 1247
Checking for and removing duplicates
Writing label file ./rh.BA44_exvivo.label 8159
mri_label2label: Done


 mri_label2label --srcsubject fsaverage --srclabel /out/sourcedata/freesurfer/fsaverage/label/rh.BA45_exvivo.label --trgsubject sub-v1s10x0051128_ses-1 --trglabel ./rh.BA45_exvivo.label --hemi rh --regmethod surface 


srclabel = /out/sourcedata/freesurfer/fsaverage/label/rh.BA45_exvivo.label
srcsubject = fsaverage
trgsubject = sub-v1s10x0051128_ses-1
trglabel = ./rh.BA45_exvivo.label
regmethod = surface

srchemi = rh
trghemi = rh
trgsurface = white
srcsurfreg = sphere.reg
trgsurfreg = sphere.reg
usehash = 1
Use ProjAbs  = 0, 0
Use ProjFrac = 0, 0
DoPaint 0

SUBJECTS_DIR    /out/sourcedata/freesurfer
FREESURFER_HOME /opt/freesurfer
Loading source label.
Found 5355 points in source label.
Starting surface-based mapping
Reading source registration 
 /out/sourcedata/freesurfer/fsaverage/surf/rh.sphere.reg
Rescaling ...  original radius = 100
Reading target surface 
 /out/sourcedata/freesurfer/sub-v1s10x0051128_ses-1/surf/rh.white
Reading target registration 
 /out/sourcedata/freesurfer/sub-v1s10x0051128_ses-1/surf/rh.sphere.reg
Rescaling ...  original radius = 100
Building target registration hash (res=16).
Building source registration hash (res=16).
INFO: found  5355 nlabel points
Performing mapping from target back to the source label 160461
Number of reverse mapping hits = 1542
Checking for and removing duplicates
Writing label file ./rh.BA45_exvivo.label 6897
mri_label2label: Done


 mri_label2label --srcsubject fsaverage --srclabel /out/sourcedata/freesurfer/fsaverage/label/rh.V1_exvivo.label --trgsubject sub-v1s10x0051128_ses-1 --trglabel ./rh.V1_exvivo.label --hemi rh --regmethod surface 


srclabel = /out/sourcedata/freesurfer/fsaverage/label/rh.V1_exvivo.label
srcsubject = fsaverage
trgsubject = sub-v1s10x0051128_ses-1
trglabel = ./rh.V1_exvivo.label
regmethod = surface

srchemi = rh
trghemi = rh
trgsurface = white
srcsurfreg = sphere.reg
trgsurfreg = sphere.reg
usehash = 1
Use ProjAbs  = 0, 0
Use ProjFrac = 0, 0
DoPaint 0

SUBJECTS_DIR    /out/sourcedata/freesurfer
FREESURFER_HOME /opt/freesurfer
Loading source label.
Found 4727 points in source label.
Starting surface-based mapping
Reading source registration 
 /out/sourcedata/freesurfer/fsaverage/surf/rh.sphere.reg
Rescaling ...  original radius = 100
Reading target surface 
 /out/sourcedata/freesurfer/sub-v1s10x0051128_ses-1/surf/rh.white
Reading target registration 
 /out/sourcedata/freesurfer/sub-v1s10x0051128_ses-1/surf/rh.sphere.reg
Rescaling ...  original radius = 100
Building target registration hash (res=16).
Building source registration hash (res=16).
INFO: found  4727 nlabel points
Performing mapping from target back to the source label 160461
Number of reverse mapping hits = 1969
Checking for and removing duplicates
Writing label file ./rh.V1_exvivo.label 6696
mri_label2label: Done


 mri_label2label --srcsubject fsaverage --srclabel /out/sourcedata/freesurfer/fsaverage/label/rh.V2_exvivo.label --trgsubject sub-v1s10x0051128_ses-1 --trglabel ./rh.V2_exvivo.label --hemi rh --regmethod surface 


srclabel = /out/sourcedata/freesurfer/fsaverage/label/rh.V2_exvivo.label
srcsubject = fsaverage
trgsubject = sub-v1s10x0051128_ses-1
trglabel = ./rh.V2_exvivo.label
regmethod = surface

srchemi = rh
trghemi = rh
trgsurface = white
srcsurfreg = sphere.reg
trgsurfreg = sphere.reg
usehash = 1
Use ProjAbs  = 0, 0
Use ProjFrac = 0, 0
DoPaint 0

SUBJECTS_DIR    /out/sourcedata/freesurfer
FREESURFER_HOME /opt/freesurfer
Loading source label.
Found 8016 points in source label.
Starting surface-based mapping
Reading source registration 
 /out/sourcedata/freesurfer/fsaverage/surf/rh.sphere.reg
Rescaling ...  original radius = 100
Reading target surface 
 /out/sourcedata/freesurfer/sub-v1s10x0051128_ses-1/surf/rh.white
Reading target registration 
 /out/sourcedata/freesurfer/sub-v1s10x0051128_ses-1/surf/rh.sphere.reg
Rescaling ...  original radius = 100
Building target registration hash (res=16).
Building source registration hash (res=16).
INFO: found  8016 nlabel points
Performing mapping from target back to the source label 160461
Number of reverse mapping hits = 3581
Checking for and removing duplicates
Writing label file ./rh.V2_exvivo.label 11597
mri_label2label: Done


 mri_label2label --srcsubject fsaverage --srclabel /out/sourcedata/freesurfer/fsaverage/label/rh.MT_exvivo.label --trgsubject sub-v1s10x0051128_ses-1 --trglabel ./rh.MT_exvivo.label --hemi rh --regmethod surface 


srclabel = /out/sourcedata/freesurfer/fsaverage/label/rh.MT_exvivo.label
srcsubject = fsaverage
trgsubject = sub-v1s10x0051128_ses-1
trglabel = ./rh.MT_exvivo.label
regmethod = surface

srchemi = rh
trghemi = rh
trgsurface = white
srcsurfreg = sphere.reg
trgsurfreg = sphere.reg
usehash = 1
Use ProjAbs  = 0, 0
Use ProjFrac = 0, 0
DoPaint 0

SUBJECTS_DIR    /out/sourcedata/freesurfer
FREESURFER_HOME /opt/freesurfer
Loading source label.
Found 1932 points in source label.
Starting surface-based mapping
Reading source registration 
 /out/sourcedata/freesurfer/fsaverage/surf/rh.sphere.reg
Rescaling ...  original radius = 100
Reading target surface 
 /out/sourcedata/freesurfer/sub-v1s10x0051128_ses-1/surf/rh.white
Reading target registration 
 /out/sourcedata/freesurfer/sub-v1s10x0051128_ses-1/surf/rh.sphere.reg
Rescaling ...  original radius = 100
Building target registration hash (res=16).
Building source registration hash (res=16).
INFO: found  1932 nlabel points
Performing mapping from target back to the source label 160461
Number of reverse mapping hits = 678
Checking for and removing duplicates
Writing label file ./rh.MT_exvivo.label 2610
mri_label2label: Done


 mri_label2label --srcsubject fsaverage --srclabel /out/sourcedata/freesurfer/fsaverage/label/rh.entorhinal_exvivo.label --trgsubject sub-v1s10x0051128_ses-1 --trglabel ./rh.entorhinal_exvivo.label --hemi rh --regmethod surface 


srclabel = /out/sourcedata/freesurfer/fsaverage/label/rh.entorhinal_exvivo.label
srcsubject = fsaverage
trgsubject = sub-v1s10x0051128_ses-1
trglabel = ./rh.entorhinal_exvivo.label
regmethod = surface

srchemi = rh
trghemi = rh
trgsurface = white
srcsurfreg = sphere.reg
trgsurfreg = sphere.reg
usehash = 1
Use ProjAbs  = 0, 0
Use ProjFrac = 0, 0
DoPaint 0

SUBJECTS_DIR    /out/sourcedata/freesurfer
FREESURFER_HOME /opt/freesurfer
Loading source label.
Found 1038 points in source label.
Starting surface-based mapping
Reading source registration 
 /out/sourcedata/freesurfer/fsaverage/surf/rh.sphere.reg
Rescaling ...  original radius = 100
Reading target surface 
 /out/sourcedata/freesurfer/sub-v1s10x0051128_ses-1/surf/rh.white
Reading target registration 
 /out/sourcedata/freesurfer/sub-v1s10x0051128_ses-1/surf/rh.sphere.reg
Rescaling ...  original radius = 100
Building target registration hash (res=16).
Building source registration hash (res=16).
INFO: found  1038 nlabel points
Performing mapping from target back to the source label 160461
Number of reverse mapping hits = 152
Checking for and removing duplicates
Writing label file ./rh.entorhinal_exvivo.label 1190
mri_label2label: Done


 mri_label2label --srcsubject fsaverage --srclabel /out/sourcedata/freesurfer/fsaverage/label/rh.perirhinal_exvivo.label --trgsubject sub-v1s10x0051128_ses-1 --trglabel ./rh.perirhinal_exvivo.label --hemi rh --regmethod surface 


srclabel = /out/sourcedata/freesurfer/fsaverage/label/rh.perirhinal_exvivo.label
srcsubject = fsaverage
trgsubject = sub-v1s10x0051128_ses-1
trglabel = ./rh.perirhinal_exvivo.label
regmethod = surface

srchemi = rh
trghemi = rh
trgsurface = white
srcsurfreg = sphere.reg
trgsurfreg = sphere.reg
usehash = 1
Use ProjAbs  = 0, 0
Use ProjFrac = 0, 0
DoPaint 0

SUBJECTS_DIR    /out/sourcedata/freesurfer
FREESURFER_HOME /opt/freesurfer
Loading source label.
Found 752 points in source label.
Starting surface-based mapping
Reading source registration 
 /out/sourcedata/freesurfer/fsaverage/surf/rh.sphere.reg
Rescaling ...  original radius = 100
Reading target surface 
 /out/sourcedata/freesurfer/sub-v1s10x0051128_ses-1/surf/rh.white
Reading target registration 
 /out/sourcedata/freesurfer/sub-v1s10x0051128_ses-1/surf/rh.sphere.reg
Rescaling ...  original radius = 100
Building target registration hash (res=16).
Building source registration hash (res=16).
INFO: found  752 nlabel points
Performing mapping from target back to the source label 160461
Number of reverse mapping hits = 107
Checking for and removing duplicates
Writing label file ./rh.perirhinal_exvivo.label 859
mri_label2label: Done


 mri_label2label --srcsubject fsaverage --srclabel /out/sourcedata/freesurfer/fsaverage/label/rh.FG1.mpm.vpnl.label --trgsubject sub-v1s10x0051128_ses-1 --trglabel ./rh.FG1.mpm.vpnl.label --hemi rh --regmethod surface 


srclabel = /out/sourcedata/freesurfer/fsaverage/label/rh.FG1.mpm.vpnl.label
srcsubject = fsaverage
trgsubject = sub-v1s10x0051128_ses-1
trglabel = ./rh.FG1.mpm.vpnl.label
regmethod = surface

srchemi = rh
trghemi = rh
trgsurface = white
srcsurfreg = sphere.reg
trgsurfreg = sphere.reg
usehash = 1
Use ProjAbs  = 0, 0
Use ProjFrac = 0, 0
DoPaint 0

SUBJECTS_DIR    /out/sourcedata/freesurfer
FREESURFER_HOME /opt/freesurfer
Loading source label.
Found 541 points in source label.
Starting surface-based mapping
Reading source registration 
 /out/sourcedata/freesurfer/fsaverage/surf/rh.sphere.reg
Rescaling ...  original radius = 100
Reading target surface 
 /out/sourcedata/freesurfer/sub-v1s10x0051128_ses-1/surf/rh.white
Reading target registration 
 /out/sourcedata/freesurfer/sub-v1s10x0051128_ses-1/surf/rh.sphere.reg
Rescaling ...  original radius = 100
Building target registration hash (res=16).
Building source registration hash (res=16).
INFO: found  541 nlabel points
Performing mapping from target back to the source label 160461
Number of reverse mapping hits = 394
Checking for and removing duplicates
Writing label file ./rh.FG1.mpm.vpnl.label 935
mri_label2label: Done


 mri_label2label --srcsubject fsaverage --srclabel /out/sourcedata/freesurfer/fsaverage/label/rh.FG2.mpm.vpnl.label --trgsubject sub-v1s10x0051128_ses-1 --trglabel ./rh.FG2.mpm.vpnl.label --hemi rh --regmethod surface 


srclabel = /out/sourcedata/freesurfer/fsaverage/label/rh.FG2.mpm.vpnl.label
srcsubject = fsaverage
trgsubject = sub-v1s10x0051128_ses-1
trglabel = ./rh.FG2.mpm.vpnl.label
regmethod = surface

srchemi = rh
trghemi = rh
trgsurface = white
srcsurfreg = sphere.reg
trgsurfreg = sphere.reg
usehash = 1
Use ProjAbs  = 0, 0
Use ProjFrac = 0, 0
DoPaint 0

SUBJECTS_DIR    /out/sourcedata/freesurfer
FREESURFER_HOME /opt/freesurfer
Loading source label.
Found 721 points in source label.
Starting surface-based mapping
Reading source registration 
 /out/sourcedata/freesurfer/fsaverage/surf/rh.sphere.reg
Rescaling ...  original radius = 100
Reading target surface 
 /out/sourcedata/freesurfer/sub-v1s10x0051128_ses-1/surf/rh.white
Reading target registration 
 /out/sourcedata/freesurfer/sub-v1s10x0051128_ses-1/surf/rh.sphere.reg
Rescaling ...  original radius = 100
Building target registration hash (res=16).
Building source registration hash (res=16).
INFO: found  721 nlabel points
Performing mapping from target back to the source label 160461
Number of reverse mapping hits = 584
Checking for and removing duplicates
Writing label file ./rh.FG2.mpm.vpnl.label 1305
mri_label2label: Done


 mri_label2label --srcsubject fsaverage --srclabel /out/sourcedata/freesurfer/fsaverage/label/rh.FG3.mpm.vpnl.label --trgsubject sub-v1s10x0051128_ses-1 --trglabel ./rh.FG3.mpm.vpnl.label --hemi rh --regmethod surface 


srclabel = /out/sourcedata/freesurfer/fsaverage/label/rh.FG3.mpm.vpnl.label
srcsubject = fsaverage
trgsubject = sub-v1s10x0051128_ses-1
trglabel = ./rh.FG3.mpm.vpnl.label
regmethod = surface

srchemi = rh
trghemi = rh
trgsurface = white
srcsurfreg = sphere.reg
trgsurfreg = sphere.reg
usehash = 1
Use ProjAbs  = 0, 0
Use ProjFrac = 0, 0
DoPaint 0

SUBJECTS_DIR    /out/sourcedata/freesurfer
FREESURFER_HOME /opt/freesurfer
Loading source label.
Found 1523 points in source label.
Starting surface-based mapping
Reading source registration 
 /out/sourcedata/freesurfer/fsaverage/surf/rh.sphere.reg
Rescaling ...  original radius = 100
Reading target surface 
 /out/sourcedata/freesurfer/sub-v1s10x0051128_ses-1/surf/rh.white
Reading target registration 
 /out/sourcedata/freesurfer/sub-v1s10x0051128_ses-1/surf/rh.sphere.reg
Rescaling ...  original radius = 100
Building target registration hash (res=16).
Building source registration hash (res=16).
INFO: found  1523 nlabel points
Performing mapping from target back to the source label 160461
Number of reverse mapping hits = 372
Checking for and removing duplicates
Writing label file ./rh.FG3.mpm.vpnl.label 1895
mri_label2label: Done


 mri_label2label --srcsubject fsaverage --srclabel /out/sourcedata/freesurfer/fsaverage/label/rh.FG4.mpm.vpnl.label --trgsubject sub-v1s10x0051128_ses-1 --trglabel ./rh.FG4.mpm.vpnl.label --hemi rh --regmethod surface 


srclabel = /out/sourcedata/freesurfer/fsaverage/label/rh.FG4.mpm.vpnl.label
srcsubject = fsaverage
trgsubject = sub-v1s10x0051128_ses-1
trglabel = ./rh.FG4.mpm.vpnl.label
regmethod = surface

srchemi = rh
trghemi = rh
trgsurface = white
srcsurfreg = sphere.reg
trgsurfreg = sphere.reg
usehash = 1
Use ProjAbs  = 0, 0
Use ProjFrac = 0, 0
DoPaint 0

SUBJECTS_DIR    /out/sourcedata/freesurfer
FREESURFER_HOME /opt/freesurfer
Loading source label.
Found 1586 points in source label.
Starting surface-based mapping
Reading source registration 
 /out/sourcedata/freesurfer/fsaverage/surf/rh.sphere.reg
Rescaling ...  original radius = 100
Reading target surface 
 /out/sourcedata/freesurfer/sub-v1s10x0051128_ses-1/surf/rh.white
Reading target registration 
 /out/sourcedata/freesurfer/sub-v1s10x0051128_ses-1/surf/rh.sphere.reg
Rescaling ...  original radius = 100
Building target registration hash (res=16).
Building source registration hash (res=16).
INFO: found  1586 nlabel points
Performing mapping from target back to the source label 160461
Number of reverse mapping hits = 728
Checking for and removing duplicates
Writing label file ./rh.FG4.mpm.vpnl.label 2314
mri_label2label: Done


 mri_label2label --srcsubject fsaverage --srclabel /out/sourcedata/freesurfer/fsaverage/label/rh.hOc1.mpm.vpnl.label --trgsubject sub-v1s10x0051128_ses-1 --trglabel ./rh.hOc1.mpm.vpnl.label --hemi rh --regmethod surface 


srclabel = /out/sourcedata/freesurfer/fsaverage/label/rh.hOc1.mpm.vpnl.label
srcsubject = fsaverage
trgsubject = sub-v1s10x0051128_ses-1
trglabel = ./rh.hOc1.mpm.vpnl.label
regmethod = surface

srchemi = rh
trghemi = rh
trgsurface = white
srcsurfreg = sphere.reg
trgsurfreg = sphere.reg
usehash = 1
Use ProjAbs  = 0, 0
Use ProjFrac = 0, 0
DoPaint 0

SUBJECTS_DIR    /out/sourcedata/freesurfer
FREESURFER_HOME /opt/freesurfer
Loading source label.
Found 3667 points in source label.
Starting surface-based mapping
Reading source registration 
 /out/sourcedata/freesurfer/fsaverage/surf/rh.sphere.reg
Rescaling ...  original radius = 100
Reading target surface 
 /out/sourcedata/freesurfer/sub-v1s10x0051128_ses-1/surf/rh.white
Reading target registration 
 /out/sourcedata/freesurfer/sub-v1s10x0051128_ses-1/surf/rh.sphere.reg
Rescaling ...  original radius = 100
Building target registration hash (res=16).
Building source registration hash (res=16).
INFO: found  3667 nlabel points
Performing mapping from target back to the source label 160461
Number of reverse mapping hits = 1459
Checking for and removing duplicates
Writing label file ./rh.hOc1.mpm.vpnl.label 5126
mri_label2label: Done


 mri_label2label --srcsubject fsaverage --srclabel /out/sourcedata/freesurfer/fsaverage/label/rh.hOc2.mpm.vpnl.label --trgsubject sub-v1s10x0051128_ses-1 --trglabel ./rh.hOc2.mpm.vpnl.label --hemi rh --regmethod surface 


srclabel = /out/sourcedata/freesurfer/fsaverage/label/rh.hOc2.mpm.vpnl.label
srcsubject = fsaverage
trgsubject = sub-v1s10x0051128_ses-1
trglabel = ./rh.hOc2.mpm.vpnl.label
regmethod = surface

srchemi = rh
trghemi = rh
trgsurface = white
srcsurfreg = sphere.reg
trgsurfreg = sphere.reg
usehash = 1
Use ProjAbs  = 0, 0
Use ProjFrac = 0, 0
DoPaint 0

SUBJECTS_DIR    /out/sourcedata/freesurfer
FREESURFER_HOME /opt/freesurfer
Loading source label.
Found 2719 points in source label.
Starting surface-based mapping
Reading source registration 
 /out/sourcedata/freesurfer/fsaverage/surf/rh.sphere.reg
Rescaling ...  original radius = 100
Reading target surface 
 /out/sourcedata/freesurfer/sub-v1s10x0051128_ses-1/surf/rh.white
Reading target registration 
 /out/sourcedata/freesurfer/sub-v1s10x0051128_ses-1/surf/rh.sphere.reg
Rescaling ...  original radius = 100
Building target registration hash (res=16).
Building source registration hash (res=16).
INFO: found  2719 nlabel points
Performing mapping from target back to the source label 160461
Number of reverse mapping hits = 1264
Checking for and removing duplicates
Writing label file ./rh.hOc2.mpm.vpnl.label 3983
mri_label2label: Done


 mri_label2label --srcsubject fsaverage --srclabel /out/sourcedata/freesurfer/fsaverage/label/rh.hOc3v.mpm.vpnl.label --trgsubject sub-v1s10x0051128_ses-1 --trglabel ./rh.hOc3v.mpm.vpnl.label --hemi rh --regmethod surface 


srclabel = /out/sourcedata/freesurfer/fsaverage/label/rh.hOc3v.mpm.vpnl.label
srcsubject = fsaverage
trgsubject = sub-v1s10x0051128_ses-1
trglabel = ./rh.hOc3v.mpm.vpnl.label
regmethod = surface

srchemi = rh
trghemi = rh
trgsurface = white
srcsurfreg = sphere.reg
trgsurfreg = sphere.reg
usehash = 1
Use ProjAbs  = 0, 0
Use ProjFrac = 0, 0
DoPaint 0

SUBJECTS_DIR    /out/sourcedata/freesurfer
FREESURFER_HOME /opt/freesurfer
Loading source label.
Found 1228 points in source label.
Starting surface-based mapping
Reading source registration 
 /out/sourcedata/freesurfer/fsaverage/surf/rh.sphere.reg
Rescaling ...  original radius = 100
Reading target surface 
 /out/sourcedata/freesurfer/sub-v1s10x0051128_ses-1/surf/rh.white
Reading target registration 
 /out/sourcedata/freesurfer/sub-v1s10x0051128_ses-1/surf/rh.sphere.reg
Rescaling ...  original radius = 100
Building target registration hash (res=16).
Building source registration hash (res=16).
INFO: found  1228 nlabel points
Performing mapping from target back to the source label 160461
Number of reverse mapping hits = 795
Checking for and removing duplicates
Writing label file ./rh.hOc3v.mpm.vpnl.label 2023
mri_label2label: Done


 mri_label2label --srcsubject fsaverage --srclabel /out/sourcedata/freesurfer/fsaverage/label/rh.hOc4v.mpm.vpnl.label --trgsubject sub-v1s10x0051128_ses-1 --trglabel ./rh.hOc4v.mpm.vpnl.label --hemi rh --regmethod surface 


srclabel = /out/sourcedata/freesurfer/fsaverage/label/rh.hOc4v.mpm.vpnl.label
srcsubject = fsaverage
trgsubject = sub-v1s10x0051128_ses-1
trglabel = ./rh.hOc4v.mpm.vpnl.label
regmethod = surface

srchemi = rh
trghemi = rh
trgsurface = white
srcsurfreg = sphere.reg
trgsurfreg = sphere.reg
usehash = 1
Use ProjAbs  = 0, 0
Use ProjFrac = 0, 0
DoPaint 0

SUBJECTS_DIR    /out/sourcedata/freesurfer
FREESURFER_HOME /opt/freesurfer
Loading source label.
Found 1025 points in source label.
Starting surface-based mapping
Reading source registration 
 /out/sourcedata/freesurfer/fsaverage/surf/rh.sphere.reg
Rescaling ...  original radius = 100
Reading target surface 
 /out/sourcedata/freesurfer/sub-v1s10x0051128_ses-1/surf/rh.white
Reading target registration 
 /out/sourcedata/freesurfer/sub-v1s10x0051128_ses-1/surf/rh.sphere.reg
Rescaling ...  original radius = 100
Building target registration hash (res=16).
Building source registration hash (res=16).
INFO: found  1025 nlabel points
Performing mapping from target back to the source label 160461
Number of reverse mapping hits = 725
Checking for and removing duplicates
Writing label file ./rh.hOc4v.mpm.vpnl.label 1750
mri_label2label: Done


 mris_label2annot --s sub-v1s10x0051128_ses-1 --ctab /opt/freesurfer/average/colortable_vpnl.txt --hemi rh --a mpm.vpnl --maxstatwinner --noverbose --l rh.FG1.mpm.vpnl.label --l rh.FG2.mpm.vpnl.label --l rh.FG3.mpm.vpnl.label --l rh.FG4.mpm.vpnl.label --l rh.hOc1.mpm.vpnl.label --l rh.hOc2.mpm.vpnl.label --l rh.hOc3v.mpm.vpnl.label --l rh.hOc4v.mpm.vpnl.label 

Reading ctab /opt/freesurfer/average/colortable_vpnl.txt
Number of ctab entries 9

7.3.2
cwd /out/sourcedata/freesurfer/sub-v1s10x0051128_ses-1/label
cmdline mris_label2annot --s sub-v1s10x0051128_ses-1 --ctab /opt/freesurfer/average/colortable_vpnl.txt --hemi rh --a mpm.vpnl --maxstatwinner --noverbose --l rh.FG1.mpm.vpnl.label --l rh.FG2.mpm.vpnl.label --l rh.FG3.mpm.vpnl.label --l rh.FG4.mpm.vpnl.label --l rh.hOc1.mpm.vpnl.label --l rh.hOc2.mpm.vpnl.label --l rh.hOc3v.mpm.vpnl.label --l rh.hOc4v.mpm.vpnl.label 
sysname  Linux
hostname dna007
machine  x86_64
user     oesteban

subject sub-v1s10x0051128_ses-1
hemi    rh
SUBJECTS_DIR /out/sourcedata/freesurfer
ColorTable /opt/freesurfer/average/colortable_vpnl.txt
AnnotName  mpm.vpnl
nlables 8
LabelThresh 0 0.000000
Loading /out/sourcedata/freesurfer/sub-v1s10x0051128_ses-1/surf/rh.orig
 1 1376057 FG1
 2 16711935 FG2
 3 16711680 FG3
 4 1705837 FG4
 5 25600 hOc1
 6 255 hOc2
 7 16776960 hOc3v
 8 65535 hOc4v
Mapping unhit to unknown
Found 141680 unhit vertices
Writing annot to /out/sourcedata/freesurfer/sub-v1s10x0051128_ses-1/label/rh.mpm.vpnl.annot

 mri_label2label --srcsubject fsaverage --srclabel /out/sourcedata/freesurfer/fsaverage/label/rh.BA1_exvivo.thresh.label --trgsubject sub-v1s10x0051128_ses-1 --trglabel ./rh.BA1_exvivo.thresh.label --hemi rh --regmethod surface 


srclabel = /out/sourcedata/freesurfer/fsaverage/label/rh.BA1_exvivo.thresh.label
srcsubject = fsaverage
trgsubject = sub-v1s10x0051128_ses-1
trglabel = ./rh.BA1_exvivo.thresh.label
regmethod = surface

srchemi = rh
trghemi = rh
trgsurface = white
srcsurfreg = sphere.reg
trgsurfreg = sphere.reg
usehash = 1
Use ProjAbs  = 0, 0
Use ProjFrac = 0, 0
DoPaint 0

SUBJECTS_DIR    /out/sourcedata/freesurfer
FREESURFER_HOME /opt/freesurfer
Loading source label.
Found 876 points in source label.
Starting surface-based mapping
Reading source registration 
 /out/sourcedata/freesurfer/fsaverage/surf/rh.sphere.reg
Rescaling ...  original radius = 100
Reading target surface 
 /out/sourcedata/freesurfer/sub-v1s10x0051128_ses-1/surf/rh.white
Reading target registration 
 /out/sourcedata/freesurfer/sub-v1s10x0051128_ses-1/surf/rh.sphere.reg
Rescaling ...  original radius = 100
Building target registration hash (res=16).
Building source registration hash (res=16).
INFO: found  876 nlabel points
Performing mapping from target back to the source label 160461
Number of reverse mapping hits = 97
Checking for and removing duplicates
Writing label file ./rh.BA1_exvivo.thresh.label 973
mri_label2label: Done


 mri_label2label --srcsubject fsaverage --srclabel /out/sourcedata/freesurfer/fsaverage/label/rh.BA2_exvivo.thresh.label --trgsubject sub-v1s10x0051128_ses-1 --trglabel ./rh.BA2_exvivo.thresh.label --hemi rh --regmethod surface 


srclabel = /out/sourcedata/freesurfer/fsaverage/label/rh.BA2_exvivo.thresh.label
srcsubject = fsaverage
trgsubject = sub-v1s10x0051128_ses-1
trglabel = ./rh.BA2_exvivo.thresh.label
regmethod = surface

srchemi = rh
trghemi = rh
trgsurface = white
srcsurfreg = sphere.reg
trgsurfreg = sphere.reg
usehash = 1
Use ProjAbs  = 0, 0
Use ProjFrac = 0, 0
DoPaint 0

SUBJECTS_DIR    /out/sourcedata/freesurfer
FREESURFER_HOME /opt/freesurfer
Loading source label.
Found 2688 points in source label.
Starting surface-based mapping
Reading source registration 
 /out/sourcedata/freesurfer/fsaverage/surf/rh.sphere.reg
Rescaling ...  original radius = 100
Reading target surface 
 /out/sourcedata/freesurfer/sub-v1s10x0051128_ses-1/surf/rh.white
Reading target registration 
 /out/sourcedata/freesurfer/sub-v1s10x0051128_ses-1/surf/rh.sphere.reg
Rescaling ...  original radius = 100
Building target registration hash (res=16).
Building source registration hash (res=16).
INFO: found  2688 nlabel points
Performing mapping from target back to the source label 160461
Number of reverse mapping hits = 259
Checking for and removing duplicates
Writing label file ./rh.BA2_exvivo.thresh.label 2947
mri_label2label: Done


 mri_label2label --srcsubject fsaverage --srclabel /out/sourcedata/freesurfer/fsaverage/label/rh.BA3a_exvivo.thresh.label --trgsubject sub-v1s10x0051128_ses-1 --trglabel ./rh.BA3a_exvivo.thresh.label --hemi rh --regmethod surface 


srclabel = /out/sourcedata/freesurfer/fsaverage/label/rh.BA3a_exvivo.thresh.label
srcsubject = fsaverage
trgsubject = sub-v1s10x0051128_ses-1
trglabel = ./rh.BA3a_exvivo.thresh.label
regmethod = surface

srchemi = rh
trghemi = rh
trgsurface = white
srcsurfreg = sphere.reg
trgsurfreg = sphere.reg
usehash = 1
Use ProjAbs  = 0, 0
Use ProjFrac = 0, 0
DoPaint 0

SUBJECTS_DIR    /out/sourcedata/freesurfer
FREESURFER_HOME /opt/freesurfer
Loading source label.
Found 1698 points in source label.
Starting surface-based mapping
Reading source registration 
 /out/sourcedata/freesurfer/fsaverage/surf/rh.sphere.reg
Rescaling ...  original radius = 100
Reading target surface 
 /out/sourcedata/freesurfer/sub-v1s10x0051128_ses-1/surf/rh.white
Reading target registration 
 /out/sourcedata/freesurfer/sub-v1s10x0051128_ses-1/surf/rh.sphere.reg
Rescaling ...  original radius = 100
Building target registration hash (res=16).
Building source registration hash (res=16).
INFO: found  1698 nlabel points
Performing mapping from target back to the source label 160461
Number of reverse mapping hits = 21
Checking for and removing duplicates
Writing label file ./rh.BA3a_exvivo.thresh.label 1719
mri_label2label: Done


 mri_label2label --srcsubject fsaverage --srclabel /out/sourcedata/freesurfer/fsaverage/label/rh.BA3b_exvivo.thresh.label --trgsubject sub-v1s10x0051128_ses-1 --trglabel ./rh.BA3b_exvivo.thresh.label --hemi rh --regmethod surface 


srclabel = /out/sourcedata/freesurfer/fsaverage/label/rh.BA3b_exvivo.thresh.label
srcsubject = fsaverage
trgsubject = sub-v1s10x0051128_ses-1
trglabel = ./rh.BA3b_exvivo.thresh.label
regmethod = surface

srchemi = rh
trghemi = rh
trgsurface = white
srcsurfreg = sphere.reg
trgsurfreg = sphere.reg
usehash = 1
Use ProjAbs  = 0, 0
Use ProjFrac = 0, 0
DoPaint 0

SUBJECTS_DIR    /out/sourcedata/freesurfer
FREESURFER_HOME /opt/freesurfer
Loading source label.
Found 2183 points in source label.
Starting surface-based mapping
Reading source registration 
 /out/sourcedata/freesurfer/fsaverage/surf/rh.sphere.reg
Rescaling ...  original radius = 100
Reading target surface 
 /out/sourcedata/freesurfer/sub-v1s10x0051128_ses-1/surf/rh.white
Reading target registration 
 /out/sourcedata/freesurfer/sub-v1s10x0051128_ses-1/surf/rh.sphere.reg
Rescaling ...  original radius = 100
Building target registration hash (res=16).
Building source registration hash (res=16).
INFO: found  2183 nlabel points
Performing mapping from target back to the source label 160461
Number of reverse mapping hits = 127
Checking for and removing duplicates
Writing label file ./rh.BA3b_exvivo.thresh.label 2310
mri_label2label: Done


 mri_label2label --srcsubject fsaverage --srclabel /out/sourcedata/freesurfer/fsaverage/label/rh.BA4a_exvivo.thresh.label --trgsubject sub-v1s10x0051128_ses-1 --trglabel ./rh.BA4a_exvivo.thresh.label --hemi rh --regmethod surface 


srclabel = /out/sourcedata/freesurfer/fsaverage/label/rh.BA4a_exvivo.thresh.label
srcsubject = fsaverage
trgsubject = sub-v1s10x0051128_ses-1
trglabel = ./rh.BA4a_exvivo.thresh.label
regmethod = surface

srchemi = rh
trghemi = rh
trgsurface = white
srcsurfreg = sphere.reg
trgsurfreg = sphere.reg
usehash = 1
Use ProjAbs  = 0, 0
Use ProjFrac = 0, 0
DoPaint 0

SUBJECTS_DIR    /out/sourcedata/freesurfer
FREESURFER_HOME /opt/freesurfer
Loading source label.
Found 1388 points in source label.
Starting surface-based mapping
Reading source registration 
 /out/sourcedata/freesurfer/fsaverage/surf/rh.sphere.reg
Rescaling ...  original radius = 100
Reading target surface 
 /out/sourcedata/freesurfer/sub-v1s10x0051128_ses-1/surf/rh.white
Reading target registration 
 /out/sourcedata/freesurfer/sub-v1s10x0051128_ses-1/surf/rh.sphere.reg
Rescaling ...  original radius = 100
Building target registration hash (res=16).
Building source registration hash (res=16).
INFO: found  1388 nlabel points
Performing mapping from target back to the source label 160461
Number of reverse mapping hits = 226
Checking for and removing duplicates
Writing label file ./rh.BA4a_exvivo.thresh.label 1614
mri_label2label: Done


 mri_label2label --srcsubject fsaverage --srclabel /out/sourcedata/freesurfer/fsaverage/label/rh.BA4p_exvivo.thresh.label --trgsubject sub-v1s10x0051128_ses-1 --trglabel ./rh.BA4p_exvivo.thresh.label --hemi rh --regmethod surface 


srclabel = /out/sourcedata/freesurfer/fsaverage/label/rh.BA4p_exvivo.thresh.label
srcsubject = fsaverage
trgsubject = sub-v1s10x0051128_ses-1
trglabel = ./rh.BA4p_exvivo.thresh.label
regmethod = surface

srchemi = rh
trghemi = rh
trgsurface = white
srcsurfreg = sphere.reg
trgsurfreg = sphere.reg
usehash = 1
Use ProjAbs  = 0, 0
Use ProjFrac = 0, 0
DoPaint 0

SUBJECTS_DIR    /out/sourcedata/freesurfer
FREESURFER_HOME /opt/freesurfer
Loading source label.
Found 1489 points in source label.
Starting surface-based mapping
Reading source registration 
 /out/sourcedata/freesurfer/fsaverage/surf/rh.sphere.reg
Rescaling ...  original radius = 100
Reading target surface 
 /out/sourcedata/freesurfer/sub-v1s10x0051128_ses-1/surf/rh.white
Reading target registration 
 /out/sourcedata/freesurfer/sub-v1s10x0051128_ses-1/surf/rh.sphere.reg
Rescaling ...  original radius = 100
Building target registration hash (res=16).
Building source registration hash (res=16).
INFO: found  1489 nlabel points
Performing mapping from target back to the source label 160461
Number of reverse mapping hits = 133
Checking for and removing duplicates
Writing label file ./rh.BA4p_exvivo.thresh.label 1622
mri_label2label: Done


 mri_label2label --srcsubject fsaverage --srclabel /out/sourcedata/freesurfer/fsaverage/label/rh.BA6_exvivo.thresh.label --trgsubject sub-v1s10x0051128_ses-1 --trglabel ./rh.BA6_exvivo.thresh.label --hemi rh --regmethod surface 


srclabel = /out/sourcedata/freesurfer/fsaverage/label/rh.BA6_exvivo.thresh.label
srcsubject = fsaverage
trgsubject = sub-v1s10x0051128_ses-1
trglabel = ./rh.BA6_exvivo.thresh.label
regmethod = surface

srchemi = rh
trghemi = rh
trgsurface = white
srcsurfreg = sphere.reg
trgsurfreg = sphere.reg
usehash = 1
Use ProjAbs  = 0, 0
Use ProjFrac = 0, 0
DoPaint 0

SUBJECTS_DIR    /out/sourcedata/freesurfer
FREESURFER_HOME /opt/freesurfer
Loading source label.
Found 6959 points in source label.
Starting surface-based mapping
Reading source registration 
 /out/sourcedata/freesurfer/fsaverage/surf/rh.sphere.reg
Rescaling ...  original radius = 100
Reading target surface 
 /out/sourcedata/freesurfer/sub-v1s10x0051128_ses-1/surf/rh.white
Reading target registration 
 /out/sourcedata/freesurfer/sub-v1s10x0051128_ses-1/surf/rh.sphere.reg
Rescaling ...  original radius = 100
Building target registration hash (res=16).
Building source registration hash (res=16).
INFO: found  6959 nlabel points
Performing mapping from target back to the source label 160461
Number of reverse mapping hits = 592
Checking for and removing duplicates
Writing label file ./rh.BA6_exvivo.thresh.label 7551
mri_label2label: Done


 mri_label2label --srcsubject fsaverage --srclabel /out/sourcedata/freesurfer/fsaverage/label/rh.BA44_exvivo.thresh.label --trgsubject sub-v1s10x0051128_ses-1 --trglabel ./rh.BA44_exvivo.thresh.label --hemi rh --regmethod surface 


srclabel = /out/sourcedata/freesurfer/fsaverage/label/rh.BA44_exvivo.thresh.label
srcsubject = fsaverage
trgsubject = sub-v1s10x0051128_ses-1
trglabel = ./rh.BA44_exvivo.thresh.label
regmethod = surface

srchemi = rh
trghemi = rh
trgsurface = white
srcsurfreg = sphere.reg
trgsurfreg = sphere.reg
usehash = 1
Use ProjAbs  = 0, 0
Use ProjFrac = 0, 0
DoPaint 0

SUBJECTS_DIR    /out/sourcedata/freesurfer
FREESURFER_HOME /opt/freesurfer
Loading source label.
Found 1012 points in source label.
Starting surface-based mapping
Reading source registration 
 /out/sourcedata/freesurfer/fsaverage/surf/rh.sphere.reg
Rescaling ...  original radius = 100
Reading target surface 
 /out/sourcedata/freesurfer/sub-v1s10x0051128_ses-1/surf/rh.white
Reading target registration 
 /out/sourcedata/freesurfer/sub-v1s10x0051128_ses-1/surf/rh.sphere.reg
Rescaling ...  original radius = 100
Building target registration hash (res=16).
Building source registration hash (res=16).
INFO: found  1012 nlabel points
Performing mapping from target back to the source label 160461
Number of reverse mapping hits = 377
Checking for and removing duplicates
Writing label file ./rh.BA44_exvivo.thresh.label 1389
mri_label2label: Done


 mri_label2label --srcsubject fsaverage --srclabel /out/sourcedata/freesurfer/fsaverage/label/rh.BA45_exvivo.thresh.label --trgsubject sub-v1s10x0051128_ses-1 --trglabel ./rh.BA45_exvivo.thresh.label --hemi rh --regmethod surface 


srclabel = /out/sourcedata/freesurfer/fsaverage/label/rh.BA45_exvivo.thresh.label
srcsubject = fsaverage
trgsubject = sub-v1s10x0051128_ses-1
trglabel = ./rh.BA45_exvivo.thresh.label
regmethod = surface

srchemi = rh
trghemi = rh
trgsurface = white
srcsurfreg = sphere.reg
trgsurfreg = sphere.reg
usehash = 1
Use ProjAbs  = 0, 0
Use ProjFrac = 0, 0
DoPaint 0

SUBJECTS_DIR    /out/sourcedata/freesurfer
FREESURFER_HOME /opt/freesurfer
Loading source label.
Found 1178 points in source label.
Starting surface-based mapping
Reading source registration 
 /out/sourcedata/freesurfer/fsaverage/surf/rh.sphere.reg
Rescaling ...  original radius = 100
Reading target surface 
 /out/sourcedata/freesurfer/sub-v1s10x0051128_ses-1/surf/rh.white
Reading target registration 
 /out/sourcedata/freesurfer/sub-v1s10x0051128_ses-1/surf/rh.sphere.reg
Rescaling ...  original radius = 100
Building target registration hash (res=16).
Building source registration hash (res=16).
INFO: found  1178 nlabel points
Performing mapping from target back to the source label 160461
Number of reverse mapping hits = 269
Checking for and removing duplicates
Writing label file ./rh.BA45_exvivo.thresh.label 1447
mri_label2label: Done


 mri_label2label --srcsubject fsaverage --srclabel /out/sourcedata/freesurfer/fsaverage/label/rh.V1_exvivo.thresh.label --trgsubject sub-v1s10x0051128_ses-1 --trglabel ./rh.V1_exvivo.thresh.label --hemi rh --regmethod surface 


srclabel = /out/sourcedata/freesurfer/fsaverage/label/rh.V1_exvivo.thresh.label
srcsubject = fsaverage
trgsubject = sub-v1s10x0051128_ses-1
trglabel = ./rh.V1_exvivo.thresh.label
regmethod = surface

srchemi = rh
trghemi = rh
trgsurface = white
srcsurfreg = sphere.reg
trgsurfreg = sphere.reg
usehash = 1
Use ProjAbs  = 0, 0
Use ProjFrac = 0, 0
DoPaint 0

SUBJECTS_DIR    /out/sourcedata/freesurfer
FREESURFER_HOME /opt/freesurfer
Loading source label.
Found 3232 points in source label.
Starting surface-based mapping
Reading source registration 
 /out/sourcedata/freesurfer/fsaverage/surf/rh.sphere.reg
Rescaling ...  original radius = 100
Reading target surface 
 /out/sourcedata/freesurfer/sub-v1s10x0051128_ses-1/surf/rh.white
Reading target registration 
 /out/sourcedata/freesurfer/sub-v1s10x0051128_ses-1/surf/rh.sphere.reg
Rescaling ...  original radius = 100
Building target registration hash (res=16).
Building source registration hash (res=16).
INFO: found  3232 nlabel points
Performing mapping from target back to the source label 160461
Number of reverse mapping hits = 1329
Checking for and removing duplicates
Writing label file ./rh.V1_exvivo.thresh.label 4561
mri_label2label: Done


 mri_label2label --srcsubject fsaverage --srclabel /out/sourcedata/freesurfer/fsaverage/label/rh.V2_exvivo.thresh.label --trgsubject sub-v1s10x0051128_ses-1 --trglabel ./rh.V2_exvivo.thresh.label --hemi rh --regmethod surface 


srclabel = /out/sourcedata/freesurfer/fsaverage/label/rh.V2_exvivo.thresh.label
srcsubject = fsaverage
trgsubject = sub-v1s10x0051128_ses-1
trglabel = ./rh.V2_exvivo.thresh.label
regmethod = surface

srchemi = rh
trghemi = rh
trgsurface = white
srcsurfreg = sphere.reg
trgsurfreg = sphere.reg
usehash = 1
Use ProjAbs  = 0, 0
Use ProjFrac = 0, 0
DoPaint 0

SUBJECTS_DIR    /out/sourcedata/freesurfer
FREESURFER_HOME /opt/freesurfer
Loading source label.
Found 3437 points in source label.
Starting surface-based mapping
Reading source registration 
 /out/sourcedata/freesurfer/fsaverage/surf/rh.sphere.reg
Rescaling ...  original radius = 100
Reading target surface 
 /out/sourcedata/freesurfer/sub-v1s10x0051128_ses-1/surf/rh.white
Reading target registration 
 /out/sourcedata/freesurfer/sub-v1s10x0051128_ses-1/surf/rh.sphere.reg
Rescaling ...  original radius = 100
Building target registration hash (res=16).
Building source registration hash (res=16).
INFO: found  3437 nlabel points
Performing mapping from target back to the source label 160461
Number of reverse mapping hits = 1661
Checking for and removing duplicates
Writing label file ./rh.V2_exvivo.thresh.label 5098
mri_label2label: Done


 mri_label2label --srcsubject fsaverage --srclabel /out/sourcedata/freesurfer/fsaverage/label/rh.MT_exvivo.thresh.label --trgsubject sub-v1s10x0051128_ses-1 --trglabel ./rh.MT_exvivo.thresh.label --hemi rh --regmethod surface 


srclabel = /out/sourcedata/freesurfer/fsaverage/label/rh.MT_exvivo.thresh.label
srcsubject = fsaverage
trgsubject = sub-v1s10x0051128_ses-1
trglabel = ./rh.MT_exvivo.thresh.label
regmethod = surface

srchemi = rh
trghemi = rh
trgsurface = white
srcsurfreg = sphere.reg
trgsurfreg = sphere.reg
usehash = 1
Use ProjAbs  = 0, 0
Use ProjFrac = 0, 0
DoPaint 0

SUBJECTS_DIR    /out/sourcedata/freesurfer
FREESURFER_HOME /opt/freesurfer
Loading source label.
Found 268 points in source label.
Starting surface-based mapping
Reading source registration 
 /out/sourcedata/freesurfer/fsaverage/surf/rh.sphere.reg
Rescaling ...  original radius = 100
Reading target surface 
 /out/sourcedata/freesurfer/sub-v1s10x0051128_ses-1/surf/rh.white
Reading target registration 
 /out/sourcedata/freesurfer/sub-v1s10x0051128_ses-1/surf/rh.sphere.reg
Rescaling ...  original radius = 100
Building target registration hash (res=16).
Building source registration hash (res=16).
INFO: found  268 nlabel points
Performing mapping from target back to the source label 160461
Number of reverse mapping hits = 59
Checking for and removing duplicates
Writing label file ./rh.MT_exvivo.thresh.label 327
mri_label2label: Done


 mri_label2label --srcsubject fsaverage --srclabel /out/sourcedata/freesurfer/fsaverage/label/rh.entorhinal_exvivo.thresh.label --trgsubject sub-v1s10x0051128_ses-1 --trglabel ./rh.entorhinal_exvivo.thresh.label --hemi rh --regmethod surface 


srclabel = /out/sourcedata/freesurfer/fsaverage/label/rh.entorhinal_exvivo.thresh.label
srcsubject = fsaverage
trgsubject = sub-v1s10x0051128_ses-1
trglabel = ./rh.entorhinal_exvivo.thresh.label
regmethod = surface

srchemi = rh
trghemi = rh
trgsurface = white
srcsurfreg = sphere.reg
trgsurfreg = sphere.reg
usehash = 1
Use ProjAbs  = 0, 0
Use ProjFrac = 0, 0
DoPaint 0

SUBJECTS_DIR    /out/sourcedata/freesurfer
FREESURFER_HOME /opt/freesurfer
Loading source label.
Found 694 points in source label.
Starting surface-based mapping
Reading source registration 
 /out/sourcedata/freesurfer/fsaverage/surf/rh.sphere.reg
Rescaling ...  original radius = 100
Reading target surface 
 /out/sourcedata/freesurfer/sub-v1s10x0051128_ses-1/surf/rh.white
Reading target registration 
 /out/sourcedata/freesurfer/sub-v1s10x0051128_ses-1/surf/rh.sphere.reg
Rescaling ...  original radius = 100
Building target registration hash (res=16).
Building source registration hash (res=16).
INFO: found  694 nlabel points
Performing mapping from target back to the source label 160461
Number of reverse mapping hits = 101
Checking for and removing duplicates
Writing label file ./rh.entorhinal_exvivo.thresh.label 795
mri_label2label: Done


 mri_label2label --srcsubject fsaverage --srclabel /out/sourcedata/freesurfer/fsaverage/label/rh.perirhinal_exvivo.thresh.label --trgsubject sub-v1s10x0051128_ses-1 --trglabel ./rh.perirhinal_exvivo.thresh.label --hemi rh --regmethod surface 


srclabel = /out/sourcedata/freesurfer/fsaverage/label/rh.perirhinal_exvivo.thresh.label
srcsubject = fsaverage
trgsubject = sub-v1s10x0051128_ses-1
trglabel = ./rh.perirhinal_exvivo.thresh.label
regmethod = surface

srchemi = rh
trghemi = rh
trgsurface = white
srcsurfreg = sphere.reg
trgsurfreg = sphere.reg
usehash = 1
Use ProjAbs  = 0, 0
Use ProjFrac = 0, 0
DoPaint 0

SUBJECTS_DIR    /out/sourcedata/freesurfer
FREESURFER_HOME /opt/freesurfer
Loading source label.
Found 291 points in source label.
Starting surface-based mapping
Reading source registration 
 /out/sourcedata/freesurfer/fsaverage/surf/rh.sphere.reg
Rescaling ...  original radius = 100
Reading target surface 
 /out/sourcedata/freesurfer/sub-v1s10x0051128_ses-1/surf/rh.white
Reading target registration 
 /out/sourcedata/freesurfer/sub-v1s10x0051128_ses-1/surf/rh.sphere.reg
Rescaling ...  original radius = 100
Building target registration hash (res=16).
Building source registration hash (res=16).
INFO: found  291 nlabel points
Performing mapping from target back to the source label 160461
Number of reverse mapping hits = 51
Checking for and removing duplicates
Writing label file ./rh.perirhinal_exvivo.thresh.label 342
mri_label2label: Done


 mris_label2annot --s sub-v1s10x0051128_ses-1 --hemi rh --ctab /opt/freesurfer/average/colortable_BA.txt --l rh.BA1_exvivo.label --l rh.BA2_exvivo.label --l rh.BA3a_exvivo.label --l rh.BA3b_exvivo.label --l rh.BA4a_exvivo.label --l rh.BA4p_exvivo.label --l rh.BA6_exvivo.label --l rh.BA44_exvivo.label --l rh.BA45_exvivo.label --l rh.V1_exvivo.label --l rh.V2_exvivo.label --l rh.MT_exvivo.label --l rh.perirhinal_exvivo.label --l rh.entorhinal_exvivo.label --a BA_exvivo --maxstatwinner --noverbose 

Reading ctab /opt/freesurfer/average/colortable_BA.txt
Number of ctab entries 15

7.3.2
cwd /out/sourcedata/freesurfer/sub-v1s10x0051128_ses-1/label
cmdline mris_label2annot --s sub-v1s10x0051128_ses-1 --hemi rh --ctab /opt/freesurfer/average/colortable_BA.txt --l rh.BA1_exvivo.label --l rh.BA2_exvivo.label --l rh.BA3a_exvivo.label --l rh.BA3b_exvivo.label --l rh.BA4a_exvivo.label --l rh.BA4p_exvivo.label --l rh.BA6_exvivo.label --l rh.BA44_exvivo.label --l rh.BA45_exvivo.label --l rh.V1_exvivo.label --l rh.V2_exvivo.label --l rh.MT_exvivo.label --l rh.perirhinal_exvivo.label --l rh.entorhinal_exvivo.label --a BA_exvivo --maxstatwinner --noverbose 
sysname  Linux
hostname dna007
machine  x86_64
user     oesteban

subject sub-v1s10x0051128_ses-1
hemi    rh
SUBJECTS_DIR /out/sourcedata/freesurfer
ColorTable /opt/freesurfer/average/colortable_BA.txt
AnnotName  BA_exvivo
nlables 14
LabelThresh 0 0.000000
Loading /out/sourcedata/freesurfer/sub-v1s10x0051128_ses-1/surf/rh.orig
 1 1530880 BA1_exvivo
 2 16749699 BA2_exvivo
 3 16711680 BA3a_exvivo
 4 3368703 BA3b_exvivo
 5 1376196 BA4a_exvivo
 6 13382655 BA4p_exvivo
 7 10036737 BA6_exvivo
 8 2490521 BA44_exvivo
 9 39283 BA45_exvivo
10 3993 V1_exvivo
11 8508928 V2_exvivo
12 10027163 MT_exvivo
13 16422433 perirhinal_exvivo
14 16392598 entorhinal_exvivo
Mapping unhit to unknown
Found 111205 unhit vertices
Writing annot to /out/sourcedata/freesurfer/sub-v1s10x0051128_ses-1/label/rh.BA_exvivo.annot

 mris_label2annot --s sub-v1s10x0051128_ses-1 --hemi rh --ctab /opt/freesurfer/average/colortable_BA.txt --l rh.BA1_exvivo.thresh.label --l rh.BA2_exvivo.thresh.label --l rh.BA3a_exvivo.thresh.label --l rh.BA3b_exvivo.thresh.label --l rh.BA4a_exvivo.thresh.label --l rh.BA4p_exvivo.thresh.label --l rh.BA6_exvivo.thresh.label --l rh.BA44_exvivo.thresh.label --l rh.BA45_exvivo.thresh.label --l rh.V1_exvivo.thresh.label --l rh.V2_exvivo.thresh.label --l rh.MT_exvivo.thresh.label --l rh.perirhinal_exvivo.thresh.label --l rh.entorhinal_exvivo.thresh.label --a BA_exvivo.thresh --maxstatwinner --noverbose 

Reading ctab /opt/freesurfer/average/colortable_BA.txt
Number of ctab entries 15

7.3.2
cwd /out/sourcedata/freesurfer/sub-v1s10x0051128_ses-1/label
cmdline mris_label2annot --s sub-v1s10x0051128_ses-1 --hemi rh --ctab /opt/freesurfer/average/colortable_BA.txt --l rh.BA1_exvivo.thresh.label --l rh.BA2_exvivo.thresh.label --l rh.BA3a_exvivo.thresh.label --l rh.BA3b_exvivo.thresh.label --l rh.BA4a_exvivo.thresh.label --l rh.BA4p_exvivo.thresh.label --l rh.BA6_exvivo.thresh.label --l rh.BA44_exvivo.thresh.label --l rh.BA45_exvivo.thresh.label --l rh.V1_exvivo.thresh.label --l rh.V2_exvivo.thresh.label --l rh.MT_exvivo.thresh.label --l rh.perirhinal_exvivo.thresh.label --l rh.entorhinal_exvivo.thresh.label --a BA_exvivo.thresh --maxstatwinner --noverbose 
sysname  Linux
hostname dna007
machine  x86_64
user     oesteban

subject sub-v1s10x0051128_ses-1
hemi    rh
SUBJECTS_DIR /out/sourcedata/freesurfer
ColorTable /opt/freesurfer/average/colortable_BA.txt
AnnotName  BA_exvivo.thresh
nlables 14
LabelThresh 0 0.000000
Loading /out/sourcedata/freesurfer/sub-v1s10x0051128_ses-1/surf/rh.orig
 1 1530880 BA1_exvivo
 2 16749699 BA2_exvivo
 3 16711680 BA3a_exvivo
 4 3368703 BA3b_exvivo
 5 1376196 BA4a_exvivo
 6 13382655 BA4p_exvivo
 7 10036737 BA6_exvivo
 8 2490521 BA44_exvivo
 9 39283 BA45_exvivo
10 3993 V1_exvivo
11 8508928 V2_exvivo
12 10027163 MT_exvivo
13 16422433 perirhinal_exvivo
14 16392598 entorhinal_exvivo
Mapping unhit to unknown
Found 132707 unhit vertices
Writing annot to /out/sourcedata/freesurfer/sub-v1s10x0051128_ses-1/label/rh.BA_exvivo.thresh.annot

 mris_anatomical_stats -th3 -mgz -noglobal -f ../stats/rh.BA_exvivo.stats -b -a ./rh.BA_exvivo.annot -c ./BA_exvivo.ctab sub-v1s10x0051128_ses-1 rh white 

computing statistics for each annotation in ./rh.BA_exvivo.annot.
reading volume /out/sourcedata/freesurfer/sub-v1s10x0051128_ses-1/mri/wm.mgz...
reading input surface /out/sourcedata/freesurfer/sub-v1s10x0051128_ses-1/surf/rh.white...
reading input pial surface /out/sourcedata/freesurfer/sub-v1s10x0051128_ses-1/surf/rh.pial...
reading input white surface /out/sourcedata/freesurfer/sub-v1s10x0051128_ses-1/surf/rh.white...
INFO: using TH3 volume calc
INFO: assuming MGZ format for volumes.
INFO: not computing global stats
Using TH3 vertex volume calc
Total face volume 301543
Total vertex volume 301309 (mask=0)
Saving annotation colortable ./BA_exvivo.ctab

table columns are:
    number of vertices
    total surface area (mm^2)
    total gray matter volume (mm^3)
    average cortical thickness +- standard deviation (mm)
    integrated rectified mean curvature
    integrated rectified Gaussian curvature
    folding index
    intrinsic curvature index
    structure name

 1136    706   2243  2.439 0.510     0.122     0.025       11     1.1  BA1_exvivo
 4136   2731   6078  2.258 0.564     0.102     0.018       29     3.1  BA2_exvivo
 1184    786   1039  1.663 0.429     0.124     0.022       10     1.1  BA3a_exvivo
 2286   1483   2749  1.639 0.577     0.089     0.017       14     1.6  BA3b_exvivo
 2050   1238   3214  2.516 0.613     0.089     0.017       11     1.5  BA4a_exvivo
 1500    934   2199  2.384 0.571     0.087     0.019        6     1.2  BA4p_exvivo
 9440   6298  19532  2.770 0.571     0.112     0.022       81     8.8  BA6_exvivo
 4565   3208   9088  2.674 0.463     0.110     0.019       42     3.7  BA44_exvivo
 5154   3799  11862  2.728 0.598     0.125     0.024       66     4.9  BA45_exvivo
 4628   3328   5868  1.677 0.593     0.143     0.035       55     6.9  V1_exvivo
 9470   6672  14849  2.039 0.659     0.138     0.032      117    12.3  V2_exvivo
 2500   1748   4696  2.536 0.523     0.120     0.021       25     2.4  MT_exvivo
  471    323   1140  3.234 0.704     0.119     0.019        4     0.4  perirhinal_exvivo
  736    497   2190  3.277 0.816     0.101     0.017        6     0.5  entorhinal_exvivo

 mris_anatomical_stats -th3 -mgz -f ../stats/rh.BA_exvivo.thresh.stats -noglobal -b -a ./rh.BA_exvivo.thresh.annot -c ./BA_exvivo.thresh.ctab sub-v1s10x0051128_ses-1 rh white 

computing statistics for each annotation in ./rh.BA_exvivo.thresh.annot.
reading volume /out/sourcedata/freesurfer/sub-v1s10x0051128_ses-1/mri/wm.mgz...
reading input surface /out/sourcedata/freesurfer/sub-v1s10x0051128_ses-1/surf/rh.white...
reading input pial surface /out/sourcedata/freesurfer/sub-v1s10x0051128_ses-1/surf/rh.pial...
reading input white surface /out/sourcedata/freesurfer/sub-v1s10x0051128_ses-1/surf/rh.white...
INFO: using TH3 volume calc
INFO: assuming MGZ format for volumes.
INFO: not computing global stats
Using TH3 vertex volume calc
Total face volume 301543
Total vertex volume 301309 (mask=0)
Saving annotation colortable ./BA_exvivo.thresh.ctab

table columns are:
    number of vertices
    total surface area (mm^2)
    total gray matter volume (mm^3)
    average cortical thickness +- standard deviation (mm)
    integrated rectified mean curvature
    integrated rectified Gaussian curvature
    folding index
    intrinsic curvature index
    structure name

  775    492   1525  2.346 0.492     0.126     0.027        8     0.9  BA1_exvivo
 2480   1626   3723  2.199 0.521     0.095     0.015       16     1.8  BA2_exvivo
 1068    705    852  1.654 0.382     0.127     0.023        9     1.1  BA3a_exvivo
 1803   1171   1695  1.423 0.311     0.078     0.014        9     1.0  BA3b_exvivo
 1334    788   2087  2.453 0.589     0.095     0.020        8     1.1  BA4a_exvivo
 1234    764   1795  2.419 0.609     0.084     0.020        5     1.0  BA4p_exvivo
 5927   3961  12172  2.732 0.539     0.115     0.023       54     5.8  BA6_exvivo
 1355    987   3338  2.736 0.501     0.112     0.021       14     1.2  BA44_exvivo
 1326    978   3292  2.737 0.513     0.122     0.024       17     1.4  BA45_exvivo
 4432   3178   5373  1.653 0.578     0.143     0.036       52     6.7  V1_exvivo
 4944   3580   7819  1.952 0.715     0.147     0.034       67     7.1  V2_exvivo
  316    230    688  2.713 0.359     0.117     0.019        3     0.2  MT_exvivo
   41     28     82  3.316 0.548     0.086     0.018        0     0.0  perirhinal_exvivo
  719    489   1893  3.235 0.777     0.109     0.015        5     0.6  entorhinal_exvivo

Started at Fri Mar 6 18:44:02 CET 2026 
Ended   at Fri Mar 6 18:47:34 CET 2026
#@#%# recon-all-run-time-hours 0.059
recon-all -s sub-v1s10x0051128_ses-1 finished without error at Fri Mar  6 18:47:34 CET 2026
