#!ascii label  , from subject sub-v1s10x0051016_ses-1 vox2ras=TkReg
6283
98766  34.705  18.465  37.960 0.2000000030
98091  33.626  17.226  37.340 0.3000000119
98090  34.193  17.836  37.624 0.2000000030
98089  35.000  18.023  37.271 0.2000000030
97408  34.508  16.551  36.306 0.2000000030
123185  35.083  16.958  36.292 0.3000000119
98106  35.519  17.565  36.600 0.3000000119
96686  35.153  15.431  35.684 0.3000000119
123471  35.898  16.043  35.733 0.3000000119
97407  35.765  16.840  36.051 0.4000000060
98105  36.391  17.332  36.263 0.2000000030
95210  36.529  13.328  35.838 0.4000000060
95941  36.428  14.361  35.569 0.3000000119
96685  36.760  15.832  35.607 0.3000000119
97422  36.574  16.608  35.856 0.4000000060
97421  37.423  16.387  35.713 0.3000000119
94463  37.574  12.279  36.564 0.5000000000
128510  36.896  12.645  36.229 0.5000000000
95225  37.311  13.977  35.652 0.5000000000
95940  37.289  14.718  35.528 0.4000000060
92939  38.119  10.710  38.117 0.4000000060
93698  37.613  11.265  37.853 0.5000000000
93713  37.920  11.745  37.206 0.5000000000
131327  38.100  13.649  35.822 0.5000000000
95939  38.138  14.585  35.541 0.5000000000
96684  37.645  15.486  35.520 0.4000000060
92142  39.258  9.141  37.700 0.4000000060
129489  38.994  10.276  38.031 0.4000000060
135708  38.518  11.521  37.770 0.5000000000
93712  38.556  12.286  36.857 0.5000000000
145150  38.100  12.908  36.309 0.5000000000
96683  38.646  15.433  35.494 0.4000000060
136748  39.904  8.106  37.689 0.4000000060
92938  39.866  9.938  37.970 0.4000000060
92925  39.637  10.907  38.203 0.5000000000
94452  39.335  12.050  37.551 0.5000000000
129845  39.460  12.796  36.818 0.5000000000
95208  38.781  13.194  36.267 0.5000000000
95224  38.876  14.023  35.720 0.5000000000
142487  42.109  6.688  38.203 0.5000000000
91318  40.971  8.035  38.049 0.4000000060
141100  40.607  9.728  38.104 0.5000000000
95207  39.546  13.567  36.110 0.5000000000
92176  39.391  10.022  31.667 0.8000000119
91350  40.322  8.348  33.771 0.8999999762
90480  41.426  7.517  34.333 0.8000000119
88764  42.646  5.029  34.952 0.6000000238
90470  43.273  6.363  37.376 0.6000000238
131333  41.979  7.450  38.363 0.5000000000
92126  40.453  10.495  38.271 0.5000000000
94462  40.275  12.532  37.577 0.5000000000
95223  39.666  14.332  35.650 0.4000000060
92179  38.967  10.117  30.728 0.8000000119
92174  39.568  9.587  32.525 0.8999999762
91349  41.158  8.406  33.858 0.8000000119
90478  43.585  6.912  34.635 0.8000000119
90469  43.843  6.145  36.462 0.6999999881
90455  42.972  6.930  38.188 0.5000000000
91303  41.949  9.240  38.449 0.5000000000
127915  41.043  11.037  38.541 0.5000000000
93696  40.819  11.933  38.381 0.5000000000
137558  40.230  13.292  36.667 0.5000000000
92196  38.932  9.836  27.951 0.6999999881
92988  38.817  10.106  29.880 0.8000000119
143749  42.005  8.683  33.641 0.8000000119
89615  43.795  6.239  34.956 0.6999999881
90454  43.789  7.044  37.556 0.6000000238
91302  42.880  8.725  38.494 0.5000000000
124928  41.977  10.838  38.833 0.5000000000
94451  41.278  12.630  37.990 0.5000000000
92987  39.393  10.419  30.186 0.8000000119
92973  40.117  10.024  32.212 0.8999999762
92163  41.346  9.126  33.283 0.8999999762
91336  43.239  7.744  34.293 0.8000000119
90474  44.372  7.370  35.169 0.6999999881
91301  43.760  8.685  38.285 0.5000000000
92124  42.607  9.893  38.666 0.5000000000
93688  41.584  11.564  38.716 0.5000000000
94441  41.766  12.187  38.592 0.5000000000
92979  40.382  10.348  31.569 0.8999999762
92972  40.964  10.109  32.205 0.8999999762
91348  42.944  8.502  33.729 0.8000000119
91335  44.087  7.614  34.474 0.8999999762
90468  44.425  7.355  36.057 0.5000000000
93687  42.468  11.621  39.038 0.5000000000
92205  39.044  9.819  27.010 0.6999999881
92998  39.524  10.560  29.389 0.8000000119
124179  40.863  10.692  30.766 0.8999999762
92161  43.641  8.963  33.289 0.8000000119
91331  44.466  8.095  35.647 0.5000000000
91315  44.031  7.978  37.960 0.6000000238
126154  43.615  10.073  39.032 0.5000000000
130363  42.529  12.286  38.780 0.5000000000
90572  41.613  7.138  22.945 0.6000000238
145602  40.058  7.534  23.237 0.6999999881
92228  39.088  9.139  24.745 0.6999999881
93022  39.489  10.441  26.581 0.6999999881
93007  39.445  10.501  28.407 0.6999999881
142618  40.308  10.946  29.451 0.8999999762
92978  41.391  10.444  31.550 0.8999999762
92170  43.456  9.534  32.650 0.8999999762
91347  43.850  8.304  33.867 0.8999999762
92139  44.058  8.932  38.115 0.5000000000
92914  43.014  10.764  39.189 0.5000000000
90573  40.646  7.357  22.979 0.6999999881
90574  39.607  7.835  23.468 0.6999999881
92997  40.123  11.001  28.749 0.8000000119
93761  40.947  11.048  29.916 0.8000000119
92971  41.988  10.131  32.122 0.8999999762
92160  44.230  8.828  33.606 0.8999999762
92151  44.547  8.879  35.211 0.6000000238
92122  44.283  9.864  38.470 0.5000000000
90586  41.191  7.345  22.347 0.6999999881
90588  40.019  7.790  22.741 0.6999999881
91430  39.382  8.547  23.426 0.6999999881
146505  39.468  10.256  25.120 0.6999999881
93015  39.959  10.986  26.997 0.6999999881
137287  40.969  11.219  29.103 0.8999999762
92970  43.095  10.058  32.066 0.8999999762
92148  44.384  8.891  36.493 0.5000000000
90587  40.607  7.657  22.138 0.6999999881
93035  39.409  9.995  24.467 0.6999999881
93021  39.902  10.948  26.167 0.6999999881
93777  40.614  11.396  27.351 0.8000000119
93768  40.798  11.375  28.240 0.8999999762
93749  41.816  10.990  30.396 0.8000000119
134647  44.065  9.908  32.102 0.8999999762
138925  44.533  9.442  33.623 0.8000000119
134015  44.471  9.772  35.926 0.6000000238
90601  41.302  7.516  21.550 0.6999999881
91453  40.018  8.248  21.942 0.6999999881
92233  39.401  9.156  22.850 0.6999999881
93028  39.807  10.766  25.011 0.6999999881
93776  41.467  11.708  27.681 0.8000000119
93760  41.864  11.303  29.620 0.8000000119
93748  42.832  11.185  30.174 0.8000000119
92984  43.734  10.856  30.639 0.8999999762
146301  44.439  10.025  32.384 0.8999999762
135787  39.566  8.798  22.169 0.6999999881
93042  39.508  9.969  23.398 0.6999999881
93788  40.322  11.312  25.575 0.6999999881
93767  41.886  11.609  28.668 0.8000000119
92240  39.510  9.417  21.947 0.6999999881
93048  39.547  9.997  22.444 0.6999999881
93034  39.997  10.868  23.925 0.6000000238
93793  40.453  11.405  24.629 0.6000000238
93782  41.221  11.732  26.810 0.8000000119
94524  42.045  12.043  27.083 0.8000000119
93775  42.403  11.992  27.910 0.8000000119
93759  42.907  11.519  29.395 0.8000000119
92251  39.564  9.610  21.246 0.6999999881
93057  39.543  10.069  21.576 0.6000000238
93041  39.954  10.745  22.897 0.6000000238
140261  40.647  11.542  23.916 0.6000000238
93792  40.991  11.840  25.092 0.6000000238
94534  41.782  12.138  26.251 0.8000000119
93047  39.902  10.712  21.992 0.6000000238
93798  40.542  11.438  23.230 0.6000000238
139687  41.110  11.921  24.305 0.6999999881
94542  41.630  12.180  25.410 0.8000000119
93056  39.749  10.684  21.104 0.6000000238
93804  40.468  11.381  22.388 0.6000000238
93803  41.101  11.972  22.737 0.6000000238
93811  40.954  11.961  21.908 0.6000000238
142623  34.205  18.765  39.929 0.2000000030
143365  34.533  18.651  38.675 0.2000000030
98765  35.331  19.008  38.515 0.2000000030
140597  35.725  18.175  37.099 0.2000000030
98113  37.195  17.107  36.074 0.2000000030
92177  38.518  9.563  31.325 0.8000000119
95222  40.280  13.931  35.919 0.4000000060
148803  38.390  9.382  29.036 0.6999999881
95193  41.003  13.172  37.219 0.5000000000
92214  38.771  9.170  26.509 0.6999999881
95192  41.802  13.172  37.607 0.5000000000
90571  42.658  7.130  22.785 0.5000000000
89733  41.188  6.992  23.730 0.6000000238
91420  38.984  8.454  25.150 0.6999999881
90570  43.700  7.119  22.910 0.5000000000
92213  39.114  9.829  26.112 0.6999999881
90559  40.187  7.226  23.836 0.6999999881
91419  39.193  8.335  24.231 0.6999999881
92222  38.921  9.157  25.620 0.6999999881
93678  43.467  11.421  39.450 0.5000000000
125202  42.694  7.337  21.953 0.6999999881
92924  44.313  10.265  39.109 0.6000000238
93677  44.297  11.400  39.625 0.6000000238
90584  43.475  7.368  22.145 0.6999999881
129680  44.449  9.724  36.978 0.5000000000
136125  44.307  9.289  37.668 0.5000000000
90600  42.218  7.430  21.323 0.6999999881
90602  40.682  7.915  21.347 0.6999999881
92965  44.628  9.986  32.988 0.8999999762
91454  39.737  8.952  21.356 0.6999999881
92975  44.397  10.890  30.913 0.8999999762
129595  40.312  8.435  21.142 0.6999999881
93766  43.014  11.834  28.628 0.8000000119
91467  40.202  8.829  20.582 0.6999999881
92259  40.149  9.307  19.954 0.6000000238
93064  39.524  10.066  20.773 0.6999999881
94548  41.876  12.362  24.022 0.6999999881
94540  43.093  12.740  25.822 0.8000000119
93063  39.675  10.590  20.238 0.6000000238
93812  40.321  11.352  21.520 0.6000000238
94547  42.728  12.686  24.267 0.6999999881
139619  42.878  12.711  25.044 0.8000000119
94563  41.698  12.428  22.243 0.6999999881
94562  42.538  12.818  22.567 0.6999999881
94571  40.718  11.964  21.037 0.6000000238
94570  41.462  12.487  21.418 0.6999999881
94569  42.272  12.861  21.735 0.6999999881
135980  34.491  19.369  41.035 0.2000000030
127313  34.608  19.223  40.262 0.2000000030
98783  35.508  18.570  37.680 0.2000000030
98791  36.319  17.986  36.737 0.2000000030
98782  36.418  18.564  37.405 0.2000000030
136079  37.015  17.747  36.500 0.2000000030
97420  38.336  16.222  35.618 0.3000000119
96682  39.350  15.386  35.473 0.3000000119
95206  40.916  13.738  36.400 0.5000000000
95205  41.630  13.677  36.829 0.5000000000
95204  42.257  13.621  37.225 0.5000000000
90569  44.590  7.175  22.979 0.6000000238
94449  43.120  12.699  38.667 0.5000000000
94450  42.172  12.698  38.292 0.5000000000
90568  45.471  7.303  23.016 0.6000000238
90583  45.916  7.705  22.321 0.6000000238
130266  45.098  7.527  22.359 0.6000000238
92937  44.598  10.313  37.904 0.5000000000
92912  44.699  10.887  39.460 0.6000000238
90597  45.471  7.835  21.731 0.6000000238
141627  44.313  7.422  22.302 0.6000000238
135155  44.375  11.674  33.507 0.6999999881
148378  44.463  10.681  34.698 0.6999999881
135840  44.160  7.608  21.593 0.6000000238
93736  44.772  10.991  31.965 0.8999999762
127607  44.468  10.494  31.756 0.8999999762
90599  43.261  7.524  21.252 0.6000000238
93746  44.674  11.510  30.423 0.8999999762
93747  44.008  11.288  30.031 0.8999999762
90614  43.552  7.788  20.365 0.6000000238
90615  42.595  7.616  20.486 0.6000000238
90616  41.602  7.685  20.649 0.6999999881
148574  43.789  11.973  28.575 0.8000000119
93758  43.872  11.679  29.181 0.8000000119
144057  41.368  7.970  20.140 0.6000000238
94532  43.401  12.701  26.665 0.8000000119
94523  42.891  12.340  27.292 0.8000000119
142947  40.836  8.132  20.524 0.6999999881
91498  41.650  8.493  18.972 0.5000000000
92273  39.653  9.977  20.047 0.6000000238
94561  43.166  13.087  23.005 0.6999999881
94553  43.303  13.006  23.773 0.6999999881
91480  42.600  8.197  18.992 0.5000000000
92271  40.707  9.025  19.182 0.5000000000
92272  40.076  9.838  19.318 0.5000000000
93072  39.794  10.556  19.466 0.5000000000
93818  40.072  11.310  20.613 0.6000000238
95317  43.006  13.187  21.993 0.6999999881
92288  41.414  9.222  18.121 0.5000000000
92289  40.511  9.831  18.510 0.5000000000
93823  39.845  11.243  19.663 0.5000000000
94580  40.417  11.963  20.106 0.6000000238
94579  41.170  12.576  20.550 0.6000000238
135148  40.270  10.657  18.073 0.5000000000
93080  39.891  11.225  18.687 0.5000000000
94586  40.089  11.989  19.092 0.5000000000
94585  40.846  12.669  19.587 0.6000000238
95333  41.727  13.169  20.027 0.6999999881
94592  40.017  12.078  18.125 0.5000000000
94591  40.557  12.811  18.469 0.5000000000
99458  34.171  19.518  42.399 0.2000000030
100143  34.477  20.252  42.814 0.2000000030
99464  35.148  19.724  40.641 0.2000000030
99478  35.195  19.487  39.990 0.2000000030
99477  35.668  19.505  39.407 0.2000000030
139090  36.961  18.247  36.932 0.2000000030
124167  36.058  19.019  38.022 0.2000000030
98104  37.748  17.629  36.358 0.2000000030
98112  38.028  16.968  35.918 0.2000000030
98781  37.602  18.706  37.469 0.2000000030
98789  38.199  18.213  36.784 0.2000000030
98103  38.568  17.564  36.305 0.3000000119
97419  39.328  16.090  35.556 0.3000000119
98788  39.066  18.187  36.791 0.3000000119
97405  39.874  16.822  35.872 0.3000000119
144622  39.880  15.610  35.487 0.3000000119
129296  39.836  15.003  35.454 0.4000000060
97418  40.282  16.149  35.598 0.3000000119
95937  40.437  14.601  35.608 0.4000000060
96680  41.451  15.473  35.622 0.3000000119
95922  41.514  14.221  36.143 0.5000000000
95935  42.001  14.675  35.917 0.4000000060
95921  42.320  14.240  36.543 0.4000000060
95911  42.946  13.859  37.294 0.4000000060
95191  42.619  13.231  37.886 0.5000000000
123287  46.481  7.469  23.034 0.5000000000
94425  45.365  12.179  39.560 0.6000000238
94439  44.582  12.436  39.392 0.6000000238
143043  47.411  7.773  22.819 0.5000000000
93675  45.808  11.724  39.425 0.6000000238
93686  45.366  11.119  39.274 0.6000000238
91437  49.759  8.607  22.327 0.5000000000
91439  47.842  8.225  22.167 0.5000000000
146983  46.829  8.044  22.131 0.6000000238
94448  45.268  11.580  37.647 0.6000000238
129082  44.729  11.292  37.294 0.6000000238
92951  44.490  10.633  36.672 0.5000000000
91438  48.773  8.398  22.234 0.5000000000
91440  46.146  8.019  21.714 0.6000000238
140332  44.811  7.669  21.815 0.6999999881
94461  44.825  12.130  36.800 0.6000000238
93711  44.464  11.688  36.151 0.5000000000
140465  44.450  10.676  35.555 0.5000000000
90598  44.942  7.923  21.098 0.6000000238
94474  44.431  12.057  35.081 0.5000000000
93729  44.593  11.336  32.680 0.8999999762
91451  46.650  8.370  21.289 0.5000000000
133802  44.525  12.064  31.984 0.8999999762
91462  47.249  8.790  20.687 0.5000000000
91463  46.414  8.602  20.524 0.6000000238
91464  45.542  8.395  20.343 0.6000000238
124905  44.992  12.009  29.999 0.8999999762
94505  44.514  12.002  28.889 0.8000000119
91466  43.771  8.073  19.725 0.6000000238
90630  42.991  7.844  19.696 0.6000000238
94531  44.280  12.940  26.900 0.8999999762
92258  47.030  9.098  19.890 0.5000000000
91465  44.518  8.137  20.156 0.6000000238
91481  41.134  8.323  19.725 0.6000000238
144532  43.461  12.979  25.246 0.8000000119
91476  46.197  8.868  19.688 0.6000000238
91477  45.299  8.677  19.325 0.6000000238
91478  44.295  8.428  19.259 0.6000000238
91494  44.737  8.800  18.492 0.6000000238
91496  43.220  8.504  18.345 0.5000000000
94578  41.985  13.029  20.928 0.6999999881
95316  43.625  13.427  22.444 0.6999999881
91495  44.068  8.949  17.731 0.6000000238
91497  42.385  8.667  18.227 0.5000000000
142064  43.246  14.199  19.843 0.8000000119
91507  43.091  8.971  17.484 0.5000000000
95340  41.456  13.395  19.026 0.6000000238
92286  45.088  9.257  17.629 0.5000000000
92301  43.797  9.307  16.630 0.5000000000
92287  42.328  9.217  17.493 0.5000000000
92304  40.909  10.081  17.567 0.5000000000
131001  40.202  11.534  17.666 0.5000000000
145982  40.325  12.587  17.814 0.5000000000
95348  40.652  13.190  17.407 0.5000000000
95347  41.213  13.771  17.936 0.6000000238
92302  42.807  9.502  16.499 0.5000000000
93087  41.378  10.386  16.597 0.5000000000
93831  40.637  11.768  16.503 0.5000000000
94598  40.425  12.434  17.121 0.5000000000
92318  42.119  10.008  16.113 0.5000000000
93096  41.089  11.067  16.059 0.5000000000
92313  47.015  9.156  15.981 0.4000000060
91514  46.728  8.407  15.544 0.4000000060
135238  35.346  21.519  43.478 0.2000000030
100146  34.463  20.282  42.100 0.2000000030
102284  36.911  23.404  44.095 0.1000000015
101540  36.348  22.587  44.118 0.1000000015
100840  34.786  21.030  42.413 0.2000000030
100149  34.919  20.121  41.392 0.2000000030
101549  36.180  23.102  43.606 0.1000000015
101558  35.432  22.735  42.400 0.1000000015
100148  35.404  20.829  41.367 0.2000000030
100843  35.436  21.686  41.510 0.2000000030
99463  35.847  19.838  40.183 0.2000000030
100856  35.919  21.253  41.055 0.2000000030
100161  35.742  20.340  40.812 0.2000000030
99498  36.315  19.387  38.750 0.2000000030
98764  36.886  19.139  38.108 0.2000000030
145486  36.356  20.793  40.739 0.2000000030
99476  36.728  19.774  39.732 0.2000000030
130189  37.841  19.799  39.760 0.2000000030
140800  37.312  19.473  38.987 0.2000000030
99497  38.211  19.492  39.035 0.2000000030
98780  38.718  18.686  37.477 0.2000000030
98761  40.272  18.889  38.147 0.2000000030
144515  40.209  18.490  37.433 0.3000000119
98779  39.587  18.597  37.483 0.3000000119
138892  40.496  18.226  37.006 0.3000000119
98787  39.879  18.151  36.864 0.3000000119
98087  41.975  17.915  36.940 0.3000000119
98088  41.124  18.079  36.938 0.3000000119
98101  40.433  17.557  36.456 0.3000000119
98098  43.215  17.122  36.547 0.3000000119
98099  42.298  17.235  36.483 0.3000000119
98100  41.397  17.371  36.432 0.3000000119
97404  40.814  16.771  35.935 0.3000000119
97401  43.547  16.270  36.274 0.4000000060
96666  43.436  15.319  36.272 0.3000000119
97402  42.590  16.481  36.158 0.3000000119
97416  41.983  15.935  35.771 0.3000000119
97417  41.157  16.089  35.669 0.3000000119
127290  44.112  15.671  36.410 0.4000000060
95919  44.181  14.937  36.753 0.4000000060
96667  42.671  14.921  36.055 0.4000000060
95189  44.381  13.566  38.371 0.6000000238
95910  43.803  14.129  37.458 0.5000000000
95190  43.463  13.397  38.123 0.5000000000
94438  45.106  12.940  39.231 0.6000000238
95184  44.070  12.870  38.908 0.6000000238
94447  46.604  12.075  38.695 0.6000000238
93694  45.832  11.575  38.411 0.6000000238
95167  46.078  12.662  39.487 0.6000000238
95203  45.156  12.842  36.356 0.6000000238
94460  45.744  12.203  37.497 0.6000000238
95221  44.800  13.284  35.434 0.6000000238
91448  49.384  8.847  21.645 0.6000000238
95230  45.049  13.970  34.914 0.6999999881
95231  44.554  13.354  34.480 0.6000000238
95238  44.366  13.175  33.520 0.8000000119
147202  44.877  14.264  32.894 0.6999999881
95244  44.370  13.228  32.095 0.8999999762
147576  44.500  12.770  31.567 0.8999999762
95965  44.671  14.119  32.028 0.8000000119
95248  44.585  13.353  31.347 0.8999999762
138673  44.833  13.264  30.619 0.8999999762
94504  45.096  12.326  29.264 0.8999999762
95977  45.278  14.506  30.338 0.6999999881
95263  45.379  13.236  29.210 0.8999999762
94503  45.311  12.760  28.639 0.8999999762
94521  44.649  12.653  27.709 0.8999999762
95993  45.624  14.178  28.723 0.8999999762
95276  45.626  13.419  27.537 0.8999999762
95283  45.622  13.535  26.711 0.8999999762
95285  43.956  13.111  25.906 0.8000000119
92268  47.746  9.640  19.144 0.5000000000
92270  46.083  9.209  18.915 0.6000000238
95300  44.707  13.550  24.562 0.8999999762
95301  44.003  13.306  24.120 0.8999999762
92269  46.836  9.444  19.006 0.6000000238
92285  45.612  9.228  18.332 0.6000000238
95307  45.324  13.839  24.247 0.8999999762
95308  44.727  13.695  23.642 0.8999999762
95315  44.408  13.732  22.770 0.8999999762
92282  48.552  10.207  18.251 0.5000000000
92284  46.606  9.712  17.978 0.6000000238
96065  43.905  14.221  20.587 0.8999999762
124345  47.590  10.012  18.099 0.5000000000
92297  47.538  10.137  17.094 0.6000000238
123690  45.968  9.632  17.335 0.6000000238
96073  43.004  14.539  18.593 0.8000000119
137955  46.804  9.883  16.943 0.6000000238
92299  45.504  9.507  16.770 0.5000000000
92315  44.407  9.223  15.861 0.5000000000
95353  41.286  14.155  16.638 0.5000000000
96080  42.886  15.104  16.996 0.8000000119
96097  41.781  15.136  14.715 0.6000000238
123950  46.399  9.452  16.366 0.6000000238
92314  45.412  9.138  15.964 0.5000000000
92325  44.856  8.744  15.359 0.5000000000
92317  42.650  9.631  15.617 0.5000000000
93837  40.919  11.778  15.209 0.5000000000
95354  40.895  13.434  16.096 0.5000000000
95360  41.375  13.839  14.492 0.5000000000
92324  46.265  8.896  15.639 0.5000000000
148943  45.617  8.684  15.385 0.5000000000
91521  45.283  8.264  15.040 0.4000000060
123388  43.158  9.246  15.206 0.5000000000
93101  41.927  10.127  15.591 0.5000000000
93836  41.186  11.071  15.252 0.5000000000
93844  40.959  11.616  14.576 0.5000000000
93852  40.994  12.076  13.994 0.5000000000
102292  37.091  24.244  43.598 0.1000000015
101566  35.517  22.600  41.601 0.1000000015
125426  36.544  20.247  40.381 0.2000000030
98762  39.343  19.069  38.203 0.2000000030
100174  38.408  20.420  40.359 0.2000000030
98760  41.212  18.881  38.286 0.3000000119
99495  39.936  19.436  38.918 0.2000000030
99496  39.060  19.471  38.983 0.2000000030
99492  42.624  19.210  39.034 0.3000000119
99493  41.723  19.300  38.957 0.3000000119
99491  43.567  19.162  39.107 0.3000000119
98758  43.013  18.769  38.379 0.3000000119
98776  42.490  18.366  37.621 0.3000000119
98775  43.440  18.291  37.604 0.3000000119
98085  43.820  17.737  37.007 0.3000000119
98084  44.778  17.617  37.159 0.4000000060
98097  44.164  17.062  36.651 0.4000000060
97400  44.525  16.349  36.527 0.4000000060
96665  44.814  15.621  36.690 0.4000000060
98096  45.139  16.992  36.834 0.4000000060
96658  45.006  15.001  37.185 0.4000000060
95909  44.719  14.332  37.688 0.4000000060
95908  45.764  14.531  37.932 0.4000000060
127849  45.984  13.167  39.318 0.6000000238
94436  47.916  12.943  38.951 0.6000000238
94437  47.243  12.538  39.147 0.6000000238
94446  47.419  12.636  38.567 0.6000000238
94459  46.701  12.505  37.835 0.6000000238
95220  45.496  13.586  35.866 0.6000000238
96723  46.173  15.408  31.092 0.6999999881
130538  45.387  14.895  30.816 0.6999999881
96742  46.790  15.656  29.493 0.6999999881
95986  45.422  14.371  29.594 0.8999999762
96751  46.524  15.533  27.964 0.8999999762
145248  45.948  14.915  28.287 0.8999999762
96011  46.191  13.937  26.230 0.8999999762
96759  46.833  15.593  27.064 0.8000000119
96019  46.660  14.481  25.717 0.8999999762
96028  46.642  14.521  24.829 0.8999999762
96037  45.697  14.194  23.562 0.8999999762
96046  44.900  14.201  22.234 0.8999999762
96057  44.605  14.348  21.285 0.8999999762
127576  45.444  14.992  20.637 0.8999999762
96072  43.855  14.842  18.913 0.8999999762
96086  43.844  16.164  16.098 0.8000000119
96087  43.243  15.884  15.478 0.8000000119
96096  42.763  16.024  15.184 0.6999999881
99473  40.500  19.822  39.637 0.3000000119
100173  39.352  20.368  40.283 0.2000000030
100160  37.774  20.903  40.513 0.2000000030
99469  44.166  19.843  39.623 0.2000000030
99470  43.198  19.789  39.594 0.3000000119
99471  42.284  19.802  39.568 0.3000000119
99494  40.829  19.375  38.912 0.3000000119
100172  40.215  20.371  40.254 0.3000000119
139575  39.126  22.107  40.284 0.2000000030
99467  46.407  19.832  40.031 0.3000000119
99468  45.244  19.893  39.771 0.3000000119
99490  44.601  19.196  39.165 0.3000000119
98757  43.987  18.692  38.458 0.3000000119
99472  41.388  19.818  39.586 0.3000000119
100157  40.832  21.287  40.506 0.3000000119
100159  39.176  21.275  40.490 0.2000000030
101579  38.602  22.701  39.943 0.1000000015
99488  46.986  19.102  39.558 0.3000000119
98755  46.205  18.569  38.724 0.3000000119
99489  45.748  19.206  39.328 0.3000000119
98756  45.039  18.642  38.559 0.3000000119
98773  45.449  18.097  37.853 0.3000000119
98772  46.603  17.943  38.192 0.3000000119
98083  45.824  17.478  37.419 0.3000000119
97398  46.623  16.040  37.233 0.5000000000
96657  45.668  15.464  37.157 0.4000000060
96650  48.522  14.534  38.448 0.5000000000
127672  47.434  15.307  38.154 0.5000000000
95907  46.907  14.492  38.476 0.5000000000
95916  48.944  14.782  37.377 0.6000000238
95180  48.550  14.003  38.556 0.6000000238
95898  47.422  13.660  39.079 0.5000000000
96676  48.394  15.167  35.419 0.5000000000
96677  47.534  14.919  35.127 0.6000000238
95918  47.700  13.906  36.681 0.6000000238
95188  47.803  13.034  38.196 0.6000000238
96703  48.240  15.401  33.728 0.6000000238
95947  46.492  14.812  34.762 0.6000000238
95219  46.526  13.764  36.315 0.6000000238
96714  47.984  15.609  32.774 0.6000000238
96715  46.951  15.552  32.441 0.6000000238
95956  46.233  15.062  33.823 0.6999999881
95948  45.555  14.537  34.336 0.6000000238
148603  48.608  15.659  31.222 0.5000000000
96722  46.891  15.585  31.692 0.6000000238
95957  45.424  14.663  33.363 0.6999999881
96727  49.233  15.660  30.611 0.5000000000
96741  47.887  15.801  30.106 0.6000000238
96729  46.773  15.615  30.370 0.6000000238
96716  46.058  15.308  32.037 0.6999999881
97453  49.023  16.015  28.826 0.6000000238
97463  50.156  16.536  28.136 0.6000000238
97464  48.406  16.530  27.748 0.6999999881
128735  47.202  16.090  27.731 0.6999999881
138917  48.327  16.902  24.844 0.6999999881
129599  47.581  16.088  25.447 0.6999999881
96036  46.606  14.563  23.924 0.8999999762
141066  49.269  17.704  25.271 0.6999999881
97497  48.965  17.804  24.262 0.6999999881
96792  47.254  15.194  23.356 0.8000000119
96044  46.472  14.745  23.004 0.8999999762
97505  48.757  17.508  23.321 0.8000000119
97519  48.427  16.639  22.158 0.8000000119
96810  47.020  15.677  21.406 0.8000000119
96811  46.177  15.311  21.046 0.8999999762
96828  45.842  15.660  18.306 0.8999999762
127918  43.665  17.264  17.808 0.8999999762
97518  48.676  17.345  21.665 0.8000000119
96809  47.785  16.389  20.794 0.8000000119
134124  46.929  15.979  20.185 0.8000000119
126915  46.080  16.323  17.664 0.8999999762
98239  44.662  17.238  16.711 0.8999999762
97527  48.559  17.438  21.099 0.8000000119
97528  48.416  16.816  21.280 0.8000000119
96818  47.533  16.750  19.875 0.8000000119
96826  46.590  16.578  18.275 0.8000000119
98225  47.706  17.382  19.972 0.8000000119
100168  43.778  20.495  40.135 0.2000000030
100169  42.881  20.467  40.191 0.2000000030
100183  47.947  20.369  39.381 0.2000000030
100167  44.721  20.555  40.239 0.2000000030
100170  41.986  20.432  40.188 0.2000000030
100852  39.825  22.094  40.297 0.2000000030
99504  48.623  19.128  38.190 0.2000000030
98752  48.480  18.862  39.101 0.2000000030
126343  48.024  18.940  39.540 0.2000000030
98754  47.483  18.423  39.056 0.3000000119
100155  42.611  21.352  40.545 0.2000000030
101577  40.421  22.645  39.852 0.2000000030
101578  39.566  22.757  39.720 0.2000000030
98753  48.377  18.274  38.996 0.2000000030
98078  47.801  17.867  38.623 0.3000000119
97397  48.723  16.767  36.992 0.4000000060
98080  48.330  17.131  37.626 0.4000000060
126316  47.944  16.857  37.844 0.3000000119
98082  47.110  17.351  37.782 0.3000000119
132844  47.117  16.730  37.493 0.3000000119
97390  48.676  16.060  37.517 0.4000000060
97391  48.430  16.023  37.800 0.4000000060
96655  48.339  15.315  38.296 0.5000000000
96674  48.901  15.896  35.973 0.4000000060
96663  48.998  15.347  37.159 0.6000000238
95904  49.012  15.046  37.752 0.5000000000
96701  49.743  15.911  33.859 0.5000000000
96691  49.013  15.453  34.537 0.5000000000
96675  48.849  15.480  35.627 0.5000000000
95931  48.691  14.910  36.386 0.5000000000
96712  49.647  16.027  32.799 0.4000000060
96702  49.214  15.578  33.596 0.6000000238
98883  42.494  18.323  27.947 0.6000000238
139453  41.872  18.396  28.203 0.6000000238
96719  49.960  16.119  31.686 0.4000000060
129488  48.914  15.553  33.033 0.6000000238
98856  44.194  18.507  28.776 0.6999999881
124353  43.154  18.511  28.052 0.6000000238
98165  41.919  17.805  27.766 0.6000000238
97440  50.409  16.600  31.036 0.4000000060
96720  49.329  15.700  31.387 0.5000000000
96713  49.080  15.659  32.252 0.6000000238
98868  44.583  18.596  27.858 0.6000000238
98869  43.783  18.578  28.150 0.6000000238
98163  43.812  18.518  27.547 0.6000000238
98164  43.095  17.987  27.440 0.6000000238
98180  42.945  17.072  27.083 0.6000000238
96726  50.146  15.955  30.766 0.5000000000
123882  45.150  18.469  28.712 0.6999999881
98882  45.372  18.657  27.146 0.6000000238
124683  44.527  18.570  26.986 0.6000000238
98178  44.207  17.988  26.222 0.6000000238
98179  43.536  17.568  26.709 0.6000000238
98137  50.519  16.677  30.058 0.4000000060
97451  50.820  16.339  29.158 0.5000000000
96739  50.314  15.914  29.960 0.5000000000
98899  45.215  18.730  26.247 0.6000000238
98912  44.788  18.468  25.779 0.6000000238
97461  51.266  16.650  28.346 0.6000000238
97473  51.327  16.951  27.568 0.6000000238
98162  50.771  17.548  26.760 0.6000000238
98898  46.254  18.802  26.540 0.6000000238
131730  45.997  18.973  25.784 0.6000000238
98911  45.468  18.885  25.371 0.6000000238
98919  45.027  18.431  25.016 0.6000000238
98161  51.178  17.472  27.165 0.6999999881
98910  46.433  19.249  25.055 0.6000000238
98917  46.658  19.261  24.154 0.6000000238
98926  46.088  18.849  23.712 0.6000000238
98196  45.696  17.922  23.249 0.6999999881
98177  50.104  17.946  26.029 0.6999999881
98184  49.391  18.161  25.225 0.6999999881
143790  48.413  19.030  25.000 0.6999999881
98909  47.571  19.213  24.606 0.6999999881
98195  46.544  18.475  22.846 0.8000000119
98201  45.940  17.838  22.311 0.8000000119
98194  48.756  18.074  22.742 0.6999999881
98915  48.561  18.586  23.499 0.6999999881
98924  47.977  18.932  22.919 0.6999999881
98208  47.152  18.227  20.721 0.8000000119
98219  46.403  17.896  20.095 0.8000000119
127919  45.705  17.642  19.488 0.8000000119
97541  44.372  17.315  18.638 0.8999999762
98199  48.755  17.848  21.865 0.8000000119
98930  48.580  18.272  21.937 0.6999999881
98938  47.804  18.563  21.418 0.8000000119
98218  47.186  17.840  19.761 0.8000000119
98232  46.348  17.195  18.062 0.8000000119
98942  48.354  18.065  20.863 0.8000000119
98948  47.820  17.879  20.254 0.8000000119
100194  48.989  20.848  36.415 0.2000000030
145010  48.434  20.958  37.492 0.2000000030
100897  48.674  21.854  36.755 0.2000000030
139313  48.501  20.093  37.766 0.2000000030
98786  48.717  18.766  37.017 0.3000000119
98094  48.685  17.747  37.018 0.4000000060
98093  48.960  17.101  36.273 0.4000000060
97396  48.965  16.083  36.842 0.4000000060
98111  49.647  17.438  35.195 0.3000000119
139739  49.159  16.600  35.807 0.3000000119
97389  48.930  15.422  37.535 0.4000000060
97415  49.645  16.512  34.947 0.4000000060
98115  50.578  17.789  33.797 0.4000000060
97432  50.229  16.623  33.215 0.5000000000
98870  42.387  18.604  28.602 0.6999999881
125818  50.444  17.287  32.838 0.4000000060
97438  50.321  16.728  32.188 0.4000000060
98857  43.699  18.494  29.625 0.6000000238
98858  42.760  18.640  29.498 0.5000000000
98129  50.288  17.199  31.984 0.4000000060
98855  45.648  18.406  29.344 0.5000000000
123885  44.768  18.410  29.719 0.5000000000
98133  50.322  17.077  31.106 0.4000000060
140252  45.546  18.576  27.949 0.6999999881
123881  46.452  18.644  27.493 0.5000000000
98147  51.065  16.942  28.873 0.5000000000
98160  51.437  17.094  27.647 0.6000000238
130251  47.043  19.042  25.864 0.6999999881
98852  50.258  17.970  28.736 0.5000000000
98865  51.203  17.517  28.012 0.5000000000
98879  51.071  17.772  27.153 0.6000000238
98897  48.552  18.979  25.752 0.6999999881
98176  50.612  17.947  26.511 0.6999999881
98908  49.231  18.559  25.183 0.6999999881
100896  49.678  21.864  35.486 0.2000000030
100910  50.469  21.739  34.316 0.2000000030
99507  48.768  19.736  36.842 0.2000000030
100193  49.608  20.287  35.657 0.2000000030
138779  49.183  19.450  36.081 0.2000000030
147175  48.890  18.342  36.525 0.2000000030
133109  50.142  19.639  35.066 0.3000000119
99506  49.230  18.817  35.934 0.3000000119
98796  49.896  18.572  35.060 0.3000000119
132782  50.239  17.235  34.258 0.3000000119
125533  50.405  18.144  34.287 0.3000000119
99520  50.539  19.556  33.591 0.3000000119
98805  50.486  18.636  33.510 0.3000000119
98806  49.766  18.785  33.242 0.3000000119
98122  50.491  17.889  33.388 0.3000000119
98842  44.073  18.441  30.595 0.5000000000
98843  43.123  18.552  30.547 0.5000000000
98818  49.400  18.160  32.637 0.3000000119
98817  50.274  17.898  32.836 0.3000000119
98833  45.924  18.369  31.027 0.5000000000
126673  44.982  18.393  30.814 0.5000000000
98130  50.069  17.591  31.961 0.4000000060
98840  46.898  18.235  30.272 0.5000000000
98854  46.417  18.376  29.505 0.5000000000
123883  46.327  18.500  28.599 0.5000000000
98830  48.971  17.925  31.864 0.4000000060
98134  49.694  17.543  31.215 0.4000000060
98135  49.043  17.684  30.589 0.5000000000
98149  48.276  17.984  29.998 0.5000000000
123884  47.593  18.418  29.163 0.5000000000
148944  47.665  18.668  27.982 0.5000000000
124517  47.777  18.868  26.761 0.6000000238
98853  48.950  18.180  29.272 0.5000000000
98867  48.966  18.536  28.406 0.5000000000
98881  49.092  18.824  27.343 0.5000000000
98866  50.300  18.374  27.726 0.6000000238
126823  49.207  18.878  26.477 0.6999999881
98896  49.773  18.506  26.032 0.6999999881
101670  50.251  22.503  34.057 0.2000000030
148193  50.229  22.071  33.847 0.2000000030
138048  49.992  21.161  35.208 0.2000000030
100922  50.644  21.577  34.036 0.2000000030
100909  50.955  21.123  33.965 0.2000000030
100204  51.023  20.830  33.913 0.2000000030
147757  51.049  20.695  33.962 0.2000000030
100923  49.395  21.368  33.777 0.2000000030
100209  50.937  20.169  33.792 0.3000000119
99512  50.923  20.172  34.184 0.3000000119
100211  50.411  21.186  33.717 0.2000000030
100203  51.050  20.223  33.931 0.3000000119
98800  50.768  19.315  34.173 0.3000000119
99521  49.914  19.694  33.423 0.3000000119
132707  48.879  19.365  33.451 0.3000000119
128497  43.032  18.673  31.491 0.5000000000
98807  48.458  18.679  33.164 0.3000000119
98824  43.137  18.907  32.144 0.3000000119
98819  48.080  18.266  32.552 0.3000000119
98831  47.809  18.074  31.702 0.4000000060
98832  46.846  18.233  31.334 0.5000000000
146580  48.625  17.825  31.225 0.4000000060
98839  47.853  18.021  30.841 0.5000000000
101671  49.914  22.967  34.205 0.2000000030
146363  50.053  22.698  33.961 0.2000000030
142045  49.281  23.088  34.142 0.2000000030
125186  49.315  22.248  33.925 0.2000000030
101672  47.927  22.305  34.375 0.2000000030
100924  48.080  21.440  34.258 0.2000000030
100205  48.221  20.560  34.029 0.2000000030
99515  49.443  20.358  33.585 0.3000000119
142474  48.250  19.835  33.768 0.2000000030
99516  47.311  19.916  33.969 0.2000000030
99522  47.741  19.256  33.550 0.3000000119
98834  44.271  18.487  31.582 0.5000000000
148655  43.565  18.617  31.792 0.5000000000
98836  42.479  19.034  31.842 0.3000000119
98808  47.296  18.739  33.092 0.3000000119
98820  46.818  18.396  32.319 0.4000000060
98821  45.636  18.658  32.505 0.5000000000
98822  44.680  18.695  32.330 0.5000000000
99535  44.258  19.214  32.775 0.3000000119
102402  48.773  24.000  34.288 0.2000000030
103118  47.276  23.983  34.262 0.2000000030
102414  46.182  23.812  33.889 0.2000000030
102415  45.481  23.609  33.463 0.2000000030
103142  44.663  24.187  32.171 0.2000000030
124920  47.661  23.159  34.396 0.2000000030
102403  45.641  23.010  33.829 0.2000000030
102421  44.425  23.459  32.588 0.2000000030
102422  43.747  23.098  32.298 0.2000000030
102428  43.426  23.479  31.610 0.2000000030
101673  46.739  22.295  34.412 0.2000000030
101674  45.800  22.288  34.129 0.2000000030
102416  44.884  23.033  33.334 0.2000000030
102429  42.656  23.194  31.428 0.2000000030
102442  42.288  23.597  30.767 0.2000000030
103166  41.907  23.974  30.093 0.2000000030
100925  46.937  21.521  34.437 0.2000000030
100926  45.973  21.557  34.273 0.2000000030
101690  43.427  22.331  32.720 0.2000000030
101699  43.038  22.733  32.045 0.2000000030
102443  41.469  23.368  30.584 0.2000000030
100206  47.089  20.727  34.304 0.2000000030
100207  46.250  20.931  34.309 0.2000000030
100212  46.173  20.123  33.970 0.2000000030
99525  44.730  19.636  33.293 0.2000000030
133971  44.536  20.541  33.652 0.2000000030
99526  43.911  19.852  33.176 0.3000000119
100938  42.397  21.070  32.730 0.3000000119
100939  41.674  20.581  32.290 0.3000000119
100945  41.005  21.216  31.782 0.2000000030
99523  46.682  19.349  33.496 0.2000000030
99524  45.639  19.345  33.286 0.2000000030
137110  45.263  20.063  33.699 0.2000000030
100222  43.147  20.042  32.884 0.3000000119
100223  42.438  20.292  32.631 0.3000000119
99543  41.442  19.833  31.862 0.3000000119
98809  46.350  18.837  32.984 0.2000000030
99534  44.967  19.066  32.861 0.3000000119
103148  44.443  24.429  31.362 0.2000000030
103149  43.855  24.126  31.127 0.2000000030
103164  43.583  24.358  30.371 0.2000000030
103165  42.735  24.163  30.222 0.2000000030
102427  44.102  23.806  31.849 0.2000000030
102441  43.107  23.840  30.925 0.2000000030
101682  45.148  22.395  33.782 0.2000000030
101683  44.494  22.203  33.517 0.2000000030
101689  44.131  22.723  32.972 0.2000000030
101700  42.241  22.404  31.849 0.2000000030
100929  45.016  21.586  33.958 0.2000000030
101684  43.839  22.042  33.235 0.2000000030
102430  41.823  22.930  31.256 0.2000000030
101720  39.912  22.901  29.996 0.2000000030
100213  45.456  20.790  34.092 0.2000000030
100214  43.598  20.628  33.299 0.2000000030
101702  40.609  21.892  31.308 0.2000000030
100930  44.092  21.412  33.508 0.2000000030
103163  44.331  24.568  30.572 0.2000000030
103182  44.156  24.726  29.736 0.2000000030
103183  43.209  24.596  29.647 0.2000000030
103181  44.915  24.732  30.050 0.2000000030
103853  43.579  24.944  29.188 0.2000000030
102444  40.682  23.154  30.338 0.2000000030
102456  40.439  23.651  29.523 0.2000000030
101691  42.661  21.919  32.502 0.2000000030
101701  41.383  22.125  31.629 0.2000000030
100931  43.229  21.452  33.085 0.2000000030
101692  41.841  21.543  32.212 0.2000000030
101714  40.266  22.393  30.683 0.2000000030
98079  34.028  18.174  38.370 0.3000000119
131450  34.495  17.314  36.822 0.2000000030
97423  35.163  16.301  35.940 0.2000000030
123835  36.072  15.226  35.562 0.3000000119
95226  35.670  13.683  35.699 0.3000000119
95209  37.414  13.144  36.042 0.5000000000
140816  38.878  11.008  38.146 0.5000000000
92926  39.238  11.458  37.997 0.5000000000
90456  41.340  6.934  38.166 0.5000000000
92141  40.290  9.025  37.835 0.5000000000
93697  39.907  11.730  38.084 0.5000000000
89591  40.948  6.249  37.974 0.6000000238
89604  42.244  5.358  36.803 0.6000000238
92140  41.163  9.093  38.164 0.4000000060
93689  40.340  11.245  38.339 0.5000000000
91356  39.034  8.986  32.937 0.8000000119
92164  40.434  8.937  33.409 0.8999999762
138220  42.420  5.758  34.669 0.8000000119
90479  42.534  6.989  34.506 0.8000000119
88763  43.236  5.592  34.904 0.6999999881
88744  43.471  5.445  35.888 0.6000000238
91317  41.909  8.391  38.380 0.6000000238
92125  41.370  10.059  38.411 0.5000000000
125740  39.799  10.435  30.841 0.8000000119
92173  40.512  9.580  32.813 0.8999999762
147969  44.140  6.876  34.908 0.6999999881
148988  44.170  6.878  36.567 0.6999999881
91316  43.503  7.775  38.224 0.6000000238
93008  38.786  9.902  28.950 0.8000000119
138073  43.454  9.375  38.593 0.5000000000
148194  40.097  10.744  30.097 0.8999999762
92162  42.513  9.202  33.134 0.8999999762
92154  44.525  8.814  34.220 0.8999999762
91326  44.350  8.072  36.555 0.5000000000
92221  39.222  9.801  25.289 0.6999999881
93006  40.005  11.032  27.880 0.8999999762
92986  41.831  10.712  31.024 0.8999999762
92227  39.264  9.162  23.839 0.6999999881
92955  44.538  9.766  34.691 0.8000000119
92169  44.213  9.506  32.910 0.8999999762
92923  44.833  10.525  38.929 0.5000000000
91441  39.604  8.371  22.762 0.6999999881
93783  40.476  11.375  26.484 0.8000000119
92976  43.782  10.417  31.363 0.8999999762
92985  42.750  10.809  30.858 0.8999999762
92958  44.600  10.261  33.861 0.8000000119
93797  41.174  11.983  23.544 0.6999999881
94541  42.347  12.461  25.636 0.8000000119
94533  42.573  12.423  26.481 0.8000000119
139613  42.170  12.446  24.838 0.8000000119
94555  41.819  12.418  23.093 0.6999999881
147050  43.877  11.868  39.532 0.6000000238
94426  44.523  11.954  39.600 0.6000000238
133368  44.645  10.548  32.470 0.8000000119
91482  40.586  8.689  19.970 0.6000000238
94554  42.589  12.715  23.448 0.6999999881
94546  43.404  12.992  24.551 0.8000000119
94478  44.337  12.431  34.143 0.8000000119
90613  44.104  7.764  20.892 0.6000000238
94522  43.775  12.525  27.468 0.8000000119
94512  44.183  12.278  28.186 0.8000000119
131226  41.978  7.909  19.759 0.6000000238
91479  43.457  8.227  19.094 0.6000000238
140206  40.035  10.439  18.828 0.5000000000
95326  42.781  13.344  21.233 0.6999999881
95332  42.553  13.542  20.399 0.6999999881
95339  42.342  13.820  19.429 0.6999999881
97406  38.929  16.862  35.868 0.3000000119
98102  39.455  17.513  36.332 0.3000000119
96681  40.627  15.377  35.509 0.3000000119
96678  42.740  15.687  35.972 0.3000000119
95920  43.240  14.574  36.637 0.4000000060
93674  46.502  12.076  39.264 0.6000000238
93685  45.964  11.551  39.058 0.6000000238
91450  47.495  8.509  21.451 0.6000000238
125745  44.601  12.575  35.840 0.6000000238
91452  45.862  8.190  21.129 0.5000000000
148580  44.455  12.813  35.012 0.6999999881
94485  44.281  12.330  33.111 0.8999999762
94497  44.786  12.228  30.796 0.8999999762
129831  45.086  12.693  29.945 0.8999999762
95277  45.103  13.097  27.213 0.8999999762
92257  47.880  9.346  20.082 0.5000000000
95293  44.023  13.281  24.963 0.8000000119
130075  43.942  8.586  18.605 0.5000000000
95309  43.862  13.375  23.293 0.8999999762
95324  44.235  13.847  22.047 0.8999999762
95325  43.632  13.695  21.483 0.8000000119
124174  44.089  14.593  19.752 0.8999999762
92300  44.702  9.373  16.780 0.5000000000
92303  41.836  9.726  17.040 0.5000000000
95346  42.072  14.211  18.290 0.6999999881
93088  40.645  10.934  17.104 0.5000000000
96081  41.892  14.489  17.193 0.8000000119
92316  43.506  9.351  15.655 0.5000000000
93095  41.585  10.497  15.870 0.5000000000
124287  35.145  21.761  42.776 0.2000000030
143037  35.641  22.389  43.460 0.1000000015
100844  34.941  20.993  41.829 0.2000000030
100839  35.037  21.867  42.038 0.2000000030
98763  38.455  19.164  38.231 0.2000000030
98777  41.607  18.442  37.628 0.3000000119
98086  42.880  17.813  36.966 0.4000000060
97403  41.713  16.644  36.042 0.3000000119
95900  45.365  13.706  38.592 0.5000000000
95183  46.796  13.057  39.441 0.6000000238
95934  45.904  14.279  35.330 0.6000000238
95958  44.501  13.667  32.844 0.8000000119
95964  45.337  14.764  32.472 0.6999999881
95970  44.876  14.172  30.969 0.6999999881
95255  45.104  13.730  30.112 0.8999999762
96730  45.816  15.197  30.116 0.6999999881
95270  45.549  13.331  28.316 0.8999999762
94520  45.276  12.852  27.973 0.8999999762
139655  46.080  13.958  27.067 0.8999999762
95291  45.553  13.631  25.850 0.8999999762
95284  44.897  13.298  26.330 0.8999999762
96020  46.137  13.998  25.366 0.8999999762
96038  45.072  14.050  22.971 0.8999999762
96029  45.993  14.116  24.491 0.8999999762
96064  44.758  14.744  20.143 0.8999999762
96079  43.789  15.266  17.652 0.8000000119
95359  41.646  14.436  15.219 0.6000000238
96088  42.347  15.186  15.623 0.6000000238
96107  41.549  15.135  14.472 0.6000000238
95370  41.142  13.687  13.921 0.5000000000
92326  43.996  8.982  15.181 0.5000000000
94602  40.829  12.660  15.556 0.5000000000
94609  41.049  12.614  14.224 0.5000000000
93102  41.352  10.669  15.354 0.5000000000
93843  41.115  11.110  14.929 0.5000000000
93111  40.505  11.560  14.329 0.5000000000
99474  39.628  19.824  39.695 0.3000000119
98759  42.094  18.830  38.339 0.3000000119
98774  44.413  18.212  37.671 0.3000000119
97399  45.483  16.279  36.761 0.5000000000
96656  46.465  15.181  37.719 0.5000000000
95899  46.405  13.702  38.894 0.5000000000
95897  48.119  13.930  38.949 0.6000000238
95201  47.257  13.177  37.462 0.6000000238
96743  45.853  15.055  29.137 0.6999999881
139388  46.404  15.467  28.696 0.6000000238
95999  46.192  14.841  27.459 0.8999999762
96769  47.100  15.204  26.068 0.8000000119
96045  45.659  14.464  22.598 0.8999999762
96055  46.300  15.053  22.058 0.8000000119
96071  44.821  15.195  18.992 0.8999999762
96078  44.481  15.341  18.128 0.8000000119
128778  45.145  16.441  17.227 0.8999999762
96844  43.437  16.512  15.417 0.6999999881
96843  44.517  16.706  16.414 0.8000000119
100158  39.984  21.242  40.490 0.2000000030
100166  45.752  20.589  40.384 0.2000000030
100171  41.093  20.392  40.232 0.3000000119
100851  40.635  22.119  40.359 0.2000000030
98095  46.177  16.865  37.137 0.3000000119
96654  48.869  15.232  38.020 0.4000000060
95905  48.884  14.606  38.081 0.6000000238
95199  48.754  14.089  37.923 0.6000000238
95917  48.524  14.263  37.043 0.6000000238
96693  47.199  15.222  34.219 0.6000000238
95933  46.984  14.440  35.731 0.6000000238
96704  47.044  15.436  33.323 0.6999999881
96705  46.111  15.208  32.917 0.6999999881
96740  49.338  15.728  29.697 0.5000000000
147306  48.006  15.899  29.346 0.6000000238
97452  50.495  15.983  29.126 0.5000000000
97474  50.026  16.957  27.054 0.6999999881
97465  47.579  16.293  27.122 0.6000000238
96750  47.366  16.004  28.572 0.6000000238
97462  51.276  16.605  28.441 0.6000000238
96768  47.565  16.158  26.337 0.6999999881
97490  48.576  16.801  26.619 0.6999999881
146243  48.445  16.894  25.696 0.6999999881
97489  49.699  17.456  26.171 0.6999999881
97506  48.460  16.745  23.907 0.8000000119
96785  47.261  15.083  24.248 0.8000000119
96776  47.700  15.968  24.564 0.8000000119
97514  48.439  16.620  23.043 0.8000000119
96791  47.887  15.898  22.759 0.8000000119
96784  47.899  15.829  23.642 0.8000000119
96801  47.130  15.410  22.428 0.8000000119
96063  45.689  15.419  19.389 0.8999999762
124793  46.465  15.971  19.193 0.8999999762
96842  45.274  16.921  17.039 0.8999999762
97548  46.239  16.895  17.696 0.8999999762
98233  45.227  17.422  17.604 0.8999999762
97555  44.380  16.995  16.227 0.8000000119
97549  44.043  17.516  16.434 0.8000000119
98231  46.677  17.296  18.894 0.8000000119
100182  48.346  19.657  38.881 0.2000000030
100156  41.710  21.337  40.520 0.2000000030
98771  48.524  18.208  38.266 0.2000000030
98081  48.257  17.562  38.182 0.2000000030
147008  48.294  16.683  37.689 0.3000000119
97392  47.789  16.119  37.814 0.4000000060
96690  49.484  15.892  34.819 0.5000000000
97426  50.081  16.516  34.092 0.5000000000
146720  42.472  17.875  27.655 0.6000000238
124730  43.313  18.597  28.722 0.6000000238
147320  41.807  17.151  27.520 0.6000000238
98900  43.921  18.306  26.872 0.6000000238
98186  43.895  17.191  25.938 0.6000000238
134468  44.726  17.609  24.799 0.6000000238
98918  45.727  18.994  24.561 0.6000000238
98190  45.272  18.033  24.168 0.6000000238
98197  45.045  17.351  23.546 0.6999999881
145052  47.564  19.153  25.265 0.6000000238
98202  45.203  17.232  22.782 0.6999999881
98189  49.026  18.376  24.336 0.6999999881
98916  47.790  19.127  23.791 0.6999999881
129188  48.621  18.872  24.354 0.6999999881
98925  47.075  19.030  23.319 0.6999999881
98200  46.875  18.332  21.819 0.8000000119
98209  46.147  17.874  21.202 0.8000000119
97536  44.810  17.349  19.690 0.8000000119
98227  45.496  17.535  18.597 0.8999999762
97537  43.904  16.878  20.036 0.8000000119
98226  46.367  17.510  18.850 0.8000000119
98785  49.168  18.007  35.991 0.3000000119
98799  50.667  18.566  33.771 0.3000000119
124085  50.493  17.213  33.570 0.4000000060
98841  45.739  18.368  30.122 0.5000000000
98138  50.147  17.248  30.575 0.4000000060
98148  49.900  17.547  29.793 0.4000000060
100199  50.607  20.742  34.496 0.2000000030
141832  46.037  18.332  31.828 0.5000000000
136765  45.222  18.410  31.731 0.5000000000
99536  43.483  19.380  32.611 0.3000000119
128506  46.504  23.067  34.262 0.2000000030
103135  45.730  24.306  33.318 0.2000000030
102420  45.051  23.866  32.923 0.2000000030
103147  44.897  24.796  31.699 0.2000000030
101713  41.005  22.670  31.025 0.2000000030
100215  42.936  20.683  32.972 0.3000000119
102457  39.716  23.412  29.059 0.2000000030
86364  48.677  2.564  31.298 0.3000000119
86365  48.046  1.906  30.952 0.3000000119
85523  47.325  1.437  30.720 0.3000000119
131186  46.060  1.229  29.967 0.3000000119
81907  54.283  -2.300  33.425 0.2000000030
81890  54.303  -3.014  34.012 0.2000000030
86374  48.186  2.617  30.607 0.3000000119
86375  47.452  2.283  30.252 0.3000000119
85533  46.680  1.725  30.046 0.3000000119
145543  46.134  1.713  29.720 0.3000000119
135309  45.518  1.693  29.516 0.3000000119
83759  53.362  -1.023  33.849 0.2000000030
87194  48.617  3.437  30.612 0.3000000119
147930  46.856  2.290  29.802 0.3000000119
86385  45.405  2.405  29.194 0.3000000119
86386  44.795  2.141  29.104 0.3000000119
84642  54.266  -0.305  32.727 0.2000000030
136351  53.884  2.157  33.188 0.3000000119
86344  53.780  3.131  33.254 0.3000000119
88761  52.782  5.808  34.149 0.3000000119
87200  48.292  3.846  29.948 0.3000000119
87195  47.909  3.138  30.041 0.3000000119
87202  46.318  3.144  29.119 0.3000000119
86392  44.993  2.736  28.877 0.3000000119
86393  44.330  2.720  28.710 0.3000000119
87201  47.661  3.775  29.465 0.3000000119
87208  46.855  3.726  28.987 0.3000000119
87209  46.001  3.649  28.574 0.3000000119
87210  44.873  3.347  28.550 0.3000000119
87211  43.962  3.478  28.413 0.3000000119
90511  52.095  8.573  29.923 0.3000000119
139250  45.292  3.856  28.275 0.3000000119
88019  45.171  4.380  27.671 0.3000000119
88006  44.527  4.011  28.123 0.3000000119
91383  52.741  9.012  28.515 0.3000000119
91392  52.650  9.017  27.560 0.3000000119
91416  52.596  9.045  24.994 0.3000000119
91408  52.779  8.839  25.530 0.3000000119
90553  52.712  8.333  24.536 0.3000000119
85506  49.087  2.006  32.826 0.3000000119
85514  48.410  1.740  31.698 0.3000000119
85515  47.795  1.230  31.463 0.3000000119
84661  47.125  0.754  31.223 0.3000000119
84662  46.418  0.349  31.053 0.3000000119
84670  45.197  0.266  30.272 0.3000000119
80071  54.228  -3.720  34.393 0.2000000030
79157  53.336  -5.113  34.065 0.2000000030
86355  49.506  2.703  32.589 0.3000000119
84669  45.906  0.597  30.412 0.3000000119
84679  44.761  0.537  29.790 0.3000000119
84680  44.075  0.479  29.591 0.3000000119
81908  54.218  -2.463  33.814 0.2000000030
135661  50.906  4.562  34.116 0.3000000119
87177  50.696  4.303  32.972 0.3000000119
87185  49.914  3.564  32.183 0.3000000119
87186  49.248  3.450  31.346 0.3000000119
141252  44.590  1.242  29.399 0.3000000119
85544  43.637  1.083  29.112 0.3000000119
87955  51.518  5.656  35.247 0.3000000119
87967  51.455  5.311  33.782 0.3000000119
87976  51.082  5.159  32.636 0.3000000119
87193  49.799  4.342  31.431 0.3000000119
145463  49.193  4.070  30.849 0.3000000119
85543  43.997  1.889  28.833 0.3000000119
86395  42.495  2.154  28.529 0.2000000030
85493  53.491  1.450  33.459 0.3000000119
86345  53.145  2.568  33.975 0.3000000119
87152  53.402  4.313  33.907 0.3000000119
133219  51.925  6.148  33.196 0.3000000119
132315  50.664  5.844  31.400 0.3000000119
87987  49.490  4.811  30.679 0.3000000119
87995  48.352  4.542  29.480 0.3000000119
86394  43.370  2.660  28.578 0.3000000119
138221  42.574  2.982  28.457 0.2000000030
86331  53.250  3.645  34.193 0.3000000119
87153  52.890  4.673  34.881 0.3000000119
89645  50.717  6.847  30.474 0.3000000119
88802  49.484  5.905  29.630 0.3000000119
88004  46.672  4.290  28.247 0.3000000119
88005  45.816  4.149  28.082 0.3000000119
88008  42.675  4.385  28.050 0.4000000060
87213  42.056  3.721  28.315 0.3000000119
130348  51.195  7.997  29.436 0.3000000119
89652  49.810  6.599  29.284 0.3000000119
88808  49.189  6.045  28.862 0.3000000119
88003  47.507  4.779  28.144 0.3000000119
88020  44.362  4.480  27.596 0.3000000119
88007  43.632  4.290  27.944 0.4000000060
91384  51.939  8.910  28.102 0.3000000119
90520  50.199  7.446  28.098 0.3000000119
89659  49.622  6.713  28.496 0.3000000119
88821  48.317  5.673  27.701 0.3000000119
88823  46.310  4.963  26.872 0.3000000119
88825  44.723  4.831  27.058 0.3000000119
88826  43.839  4.902  27.127 0.4000000060
88021  43.005  4.831  27.478 0.4000000060
90537  50.818  8.192  26.715 0.3000000119
88840  45.757  5.235  26.342 0.3000000119
136634  45.094  5.141  26.539 0.3000000119
88841  44.414  5.239  26.454 0.3000000119
145066  43.154  5.178  26.882 0.4000000060
90546  50.713  8.179  25.761 0.4000000060
91426  52.022  9.039  23.770 0.4000000060
91418  51.776  9.114  24.298 0.4000000060
91434  52.034  8.604  23.231 0.3000000119
91425  52.448  8.894  24.331 0.3000000119
91446  51.851  9.022  21.396 0.5000000000
133361  52.017  8.616  22.115 0.4000000060
92248  50.858  9.429  21.029 0.5000000000
92247  51.631  9.464  20.812 0.5000000000
141474  46.628  -0.519  33.012 0.3000000119
84647  46.897  -0.120  32.427 0.3000000119
83784  46.168  -0.231  31.686 0.3000000119
128254  45.340  -0.525  31.403 0.3000000119
80978  54.240  -3.801  34.692 0.2000000030
141083  54.303  -4.577  35.070 0.2000000030
85494  49.149  1.948  33.657 0.3000000119
85507  48.608  1.311  33.010 0.3000000119
84654  48.055  0.751  32.728 0.3000000119
84663  45.694  -0.031  30.877 0.3000000119
84671  44.472  0.016  30.108 0.3000000119
83807  43.695  -0.182  29.918 0.3000000119
80979  54.151  -3.205  34.455 0.2000000030
80072  54.019  -4.456  34.341 0.2000000030
87166  50.481  4.198  34.606 0.3000000119
86346  49.971  3.312  34.196 0.3000000119
84681  43.245  0.355  29.406 0.3000000119
84682  42.396  0.234  29.227 0.3000000119
87154  50.916  5.395  35.847 0.3000000119
87167  50.191  3.464  33.394 0.3000000119
85545  42.415  1.399  28.643 0.2000000030
84697  41.979  0.807  28.741 0.2000000030
84633  52.341  0.529  34.254 0.3000000119
83774  53.116  -0.149  33.687 0.3000000119
85546  41.614  1.629  28.503 0.2000000030
84644  53.041  0.724  33.683 0.3000000119
87953  52.281  5.672  35.419 0.3000000119
86396  41.794  2.668  28.409 0.2000000030
85481  52.672  1.504  34.177 0.3000000119
145131  40.369  3.770  28.336 0.2000000030
88812  40.710  5.288  28.242 0.4000000060
88009  41.935  4.570  28.129 0.4000000060
90529  50.941  8.225  27.654 0.3000000119
89683  49.285  6.799  26.730 0.3000000119
88838  47.946  5.654  26.802 0.3000000119
139020  47.288  5.510  26.274 0.3000000119
88022  42.237  4.998  27.737 0.4000000060
88829  41.012  5.819  27.689 0.4000000060
90538  50.016  7.499  27.192 0.3000000119
89684  48.518  6.268  26.308 0.3000000119
88855  45.075  5.498  25.844 0.4000000060
88842  43.613  5.371  26.376 0.4000000060
88844  42.032  5.826  26.486 0.4000000060
89687  40.789  6.298  26.910 0.4000000060
90547  49.906  7.470  26.253 0.4000000060
89711  48.962  6.868  24.872 0.4000000060
89697  47.506  6.083  25.140 0.4000000060
89698  46.658  5.980  24.983 0.4000000060
139663  45.414  5.843  25.167 0.4000000060
89701  43.814  6.058  25.051 0.4000000060
88858  42.534  5.951  25.718 0.4000000060
89686  41.265  6.299  26.139 0.4000000060
134932  40.526  6.557  26.175 0.5000000000
91436  50.874  8.753  22.379 0.4000000060
91435  51.723  8.670  22.476 0.4000000060
90565  50.552  8.155  23.850 0.4000000060
130049  49.801  7.473  25.304 0.4000000060
89712  48.035  6.586  24.599 0.4000000060
89713  47.136  6.473  24.456 0.4000000060
89699  45.956  6.012  24.892 0.4000000060
89702  42.982  6.189  25.044 0.4000000060
128625  41.452  6.496  25.229 0.4000000060
89704  40.675  6.682  25.433 0.5000000000
90566  49.467  7.774  23.551 0.4000000060
92250  49.156  9.208  20.876 0.5000000000
123511  54.230  -5.745  36.214 0.2000000030
77315  54.155  -6.507  36.253 0.1000000015
83775  46.734  -0.569  33.795 0.3000000119
83776  46.095  -0.921  33.219 0.3000000119
83785  45.520  -1.067  32.608 0.3000000119
80964  53.512  -3.817  36.150 0.2000000030
80050  54.173  -4.765  35.593 0.2000000030
78231  53.932  -6.406  35.626 0.1000000015
85484  48.961  1.825  35.184 0.3000000119
84635  48.353  0.776  34.478 0.3000000119
84636  47.590  0.077  33.916 0.3000000119
123165  46.167  -0.604  32.490 0.3000000119
83786  45.021  -1.036  31.936 0.3000000119
83792  44.574  -0.818  31.240 0.3000000119
82869  43.789  -1.143  31.079 0.3000000119
81878  53.503  -3.139  35.368 0.3000000119
80963  54.086  -3.870  35.241 0.2000000030
79144  54.003  -5.257  34.760 0.2000000030
78237  53.693  -6.053  35.043 0.1000000015
131233  49.542  2.972  35.333 0.3000000119
85483  49.197  2.098  34.483 0.3000000119
84645  48.193  0.698  33.489 0.3000000119
84646  47.590  0.251  32.955 0.3000000119
125525  44.127  -0.549  30.565 0.3000000119
126940  43.291  -0.777  30.425 0.3000000119
82821  53.053  -1.599  34.357 0.3000000119
81892  52.802  -2.217  35.101 0.3000000119
86322  50.661  5.245  36.503 0.3000000119
86333  50.105  4.060  35.338 0.3000000119
86334  49.594  2.745  34.381 0.3000000119
86347  49.576  2.611  33.462 0.3000000119
83809  41.952  -0.431  29.613 0.2000000030
83760  52.322  -0.580  34.404 0.3000000119
82820  53.983  -1.780  33.749 0.3000000119
84698  41.060  0.791  28.656 0.2000000030
84684  40.558  0.135  29.006 0.2000000030
87938  51.576  5.874  36.119 0.3000000119
86397  40.889  2.294  28.341 0.2000000030
85547  40.600  1.472  28.459 0.2000000030
84699  40.137  0.806  28.651 0.2000000030
86332  52.783  3.771  35.021 0.3000000119
87138  52.335  5.139  35.873 0.3000000119
137073  40.087  2.837  28.279 0.3000000119
88010  40.193  4.569  28.430 0.4000000060
89661  39.394  6.214  28.575 0.6000000238
89673  40.407  6.303  27.538 0.5000000000
89688  39.988  6.686  26.720 0.5000000000
89705  39.979  6.879  25.698 0.6000000238
90539  39.442  7.276  26.089 0.6000000238
91428  50.189  8.375  23.048 0.4000000060
90556  48.627  7.190  23.967 0.4000000060
90557  47.607  6.988  23.917 0.4000000060
89728  45.875  6.877  23.702 0.4000000060
89729  44.940  6.816  23.679 0.4000000060
89717  43.470  6.472  24.360 0.4000000060
89718  42.603  6.542  24.367 0.4000000060
89720  40.876  6.839  24.575 0.5000000000
89721  40.059  7.038  24.813 0.6000000238
90549  39.070  7.837  25.593 0.6000000238
91429  49.156  8.123  22.879 0.4000000060
141572  48.673  7.687  23.322 0.4000000060
90567  47.947  7.495  23.374 0.4000000060
89730  44.025  6.795  23.644 0.4000000060
89731  43.093  6.813  23.624 0.4000000060
89732  42.145  6.852  23.646 0.5000000000
92239  51.353  9.110  21.590 0.4000000060
90582  48.273  7.951  22.806 0.4000000060
91447  50.380  9.018  21.693 0.4000000060
148610  49.983  9.254  21.189 0.5000000000
91449  48.428  8.673  21.538 0.5000000000
81853  53.080  -2.894  38.534 0.2000000030
80945  53.456  -4.381  37.594 0.2000000030
80035  53.728  -4.961  37.180 0.2000000030
80946  53.333  -3.868  37.440 0.2000000030
80034  54.095  -5.147  36.260 0.2000000030
79122  54.018  -5.695  37.057 0.2000000030
84621  48.447  0.963  36.437 0.3000000119
85474  48.892  2.022  36.374 0.3000000119
84629  48.025  0.412  35.756 0.3000000119
83752  47.428  -0.087  35.605 0.3000000119
83762  47.124  -0.328  34.711 0.3000000119
83764  45.989  -1.107  34.026 0.3000000119
82835  45.399  -1.358  33.402 0.3000000119
82846  44.670  -1.530  32.699 0.3000000119
139596  52.735  -2.584  36.077 0.3000000119
80051  53.818  -4.467  36.261 0.2000000030
85465  49.477  3.446  37.433 0.3000000119
85473  49.440  3.211  36.370 0.3000000119
84628  48.474  0.928  35.499 0.3000000119
128645  47.876  0.223  34.961 0.3000000119
132865  43.490  -1.601  31.710 0.3000000119
86315  50.133  4.468  37.452 0.3000000119
83798  42.396  -0.947  30.255 0.3000000119
82871  41.879  -1.547  30.754 0.3000000119
82822  52.229  -1.380  34.967 0.3000000119
82811  52.068  -1.649  36.083 0.3000000119
87131  50.853  5.231  37.313 0.3000000119
83799  41.466  -1.074  30.048 0.2000000030
82880  40.489  -1.151  29.915 0.3000000119
87130  51.291  5.355  37.144 0.3000000119
87140  51.312  5.662  36.708 0.3000000119
83810  41.011  -0.505  29.483 0.2000000030
86320  52.256  4.180  36.078 0.3000000119
86321  51.636  4.723  37.027 0.3000000119
87139  51.661  5.458  36.721 0.3000000119
85548  39.803  1.470  28.489 0.2000000030
84700  39.331  0.978  28.789 0.2000000030
135730  40.037  -0.503  29.461 0.2000000030
88011  39.359  4.556  28.669 0.5000000000
138285  39.166  2.869  28.461 0.3000000119
88814  39.080  5.368  28.928 0.6000000238
89674  39.748  6.604  27.733 0.6000000238
90521  38.412  7.657  28.279 0.6000000238
89675  38.980  7.054  27.989 0.6000000238
90540  38.915  7.800  26.487 0.6000000238
90548  39.523  7.402  25.200 0.6000000238
91411  38.821  8.479  26.027 0.6000000238
131651  53.081  -3.733  38.501 0.2000000030
130701  52.742  -3.504  38.866 0.2000000030
80020  53.307  -4.689  38.028 0.2000000030
80021  53.032  -4.423  38.390 0.2000000030
82801  52.581  -2.345  37.336 0.3000000119
81865  52.996  -3.267  36.812 0.2000000030
85458  49.729  3.576  38.400 0.3000000119
85466  48.803  2.144  37.540 0.3000000119
84622  47.831  0.300  36.435 0.3000000119
83753  46.579  -0.652  35.528 0.3000000119
82823  45.305  -1.464  34.258 0.3000000119
82836  44.659  -1.747  33.733 0.3000000119
86307  50.717  4.234  38.188 0.3000000119
86308  50.260  4.332  38.104 0.3000000119
132543  43.897  -1.724  32.345 0.3000000119
82847  43.248  -2.020  32.375 0.3000000119
86314  50.673  4.702  37.835 0.3000000119
147014  42.857  -1.897  31.774 0.3000000119
82857  42.180  -1.977  31.512 0.3000000119
81941  41.613  -2.385  32.024 0.3000000119
83761  51.668  -0.608  35.420 0.3000000119
86313  51.062  4.862  37.708 0.3000000119
82872  40.931  -1.621  30.560 0.2000000030
82859  40.369  -2.133  31.068 0.2000000030
81943  39.818  -2.552  31.680 0.2000000030
84634  51.726  0.392  35.085 0.3000000119
85464  51.511  3.083  37.095 0.3000000119
146028  39.422  -1.583  30.451 0.2000000030
82860  39.387  -2.050  30.921 0.2000000030
85482  52.018  1.449  35.021 0.3000000119
137413  51.905  2.819  36.029 0.3000000119
138789  38.425  2.900  28.782 0.3000000119
86399  38.787  2.143  28.649 0.2000000030
84686  38.679  0.516  29.342 0.2000000030
83800  38.559  -0.801  30.095 0.2000000030
82875  38.008  -1.228  30.616 0.2000000030
82861  38.430  -1.919  31.082 0.2000000030
85471  52.494  2.618  35.050 0.3000000119
138460  38.049  5.935  29.694 0.5000000000
87997  38.064  4.426  29.490 0.4000000060
138840  37.834  2.932  29.342 0.3000000119
90513  37.732  7.416  29.836 0.5000000000
131464  37.870  8.257  29.544 0.6000000238
91385  38.166  8.340  28.718 0.6000000238
91394  38.414  8.414  27.845 0.6000000238
92206  38.607  9.148  27.431 0.6000000238
91402  38.646  8.465  26.937 0.6000000238
139032  51.267  -4.569  37.132 0.2000000030
80036  52.417  -4.453  38.119 0.2000000030
141123  52.945  -2.493  39.076 0.2000000030
82802  52.116  -1.399  37.707 0.3000000119
85459  49.157  2.758  38.886 0.3000000119
84615  48.444  1.282  38.128 0.3000000119
83737  47.672  0.259  37.376 0.3000000119
83745  47.133  -0.274  36.416 0.3000000119
83746  46.393  -0.690  36.509 0.3000000119
83747  45.789  -1.118  35.991 0.3000000119
82812  45.057  -1.512  35.451 0.3000000119
82837  43.969  -2.079  34.238 0.3000000119
86302  50.453  3.913  38.652 0.3000000119
85453  50.039  3.417  39.282 0.3000000119
81909  43.150  -2.356  33.880 0.3000000119
145850  42.384  -2.458  32.902 0.3000000119
83751  51.528  -0.554  36.621 0.3000000119
142590  50.695  3.857  38.679 0.3000000119
85452  50.658  3.301  39.400 0.3000000119
81929  42.450  -2.273  32.325 0.3000000119
140633  41.870  -2.528  32.788 0.3000000119
81910  42.270  -2.555  33.542 0.3000000119
84627  51.419  0.368  36.048 0.3000000119
81930  41.065  -2.627  32.612 0.2000000030
81931  40.216  -2.802  32.478 0.2000000030
81913  39.752  -3.059  33.207 0.2000000030
132617  51.417  1.406  36.712 0.3000000119
81944  38.890  -2.546  31.641 0.2000000030
81933  38.457  -2.974  32.358 0.2000000030
81945  37.972  -2.423  31.721 0.2000000030
81934  37.519  -2.922  32.483 0.2000000030
85472  51.598  1.441  35.922 0.3000000119
147713  37.480  2.370  29.689 0.3000000119
84687  37.845  0.394  29.792 0.2000000030
83801  37.683  -0.377  30.266 0.2000000030
82862  37.544  -1.686  31.228 0.2000000030
82863  36.700  -1.437  31.387 0.2000000030
81935  36.592  -2.633  32.447 0.2000000030
91369  37.580  8.133  30.478 0.6000000238
138408  37.698  5.771  30.230 0.5000000000
87205  37.732  3.675  29.719 0.4000000060
138278  37.387  1.654  29.748 0.3000000119
84673  36.480  0.470  30.632 0.2000000030
83793  36.405  -0.696  31.101 0.2000000030
82864  35.910  -1.149  31.579 0.2000000030
81936  35.646  -2.339  32.530 0.2000000030
91374  37.911  8.957  30.003 0.6000000238
85526  36.771  1.207  30.301 0.3000000119
83794  35.690  -0.292  31.395 0.2000000030
83795  35.044  -0.137  31.780 0.2000000030
80947  51.740  -3.831  38.131 0.2000000030
79124  50.889  -5.417  36.654 0.2000000030
81843  52.572  -2.643  39.192 0.2000000030
82776  52.572  -1.976  39.174 0.2000000030
83744  51.667  -0.428  37.900 0.3000000119
82790  52.222  -1.244  38.862 0.2000000030
82789  52.762  -2.051  38.791 0.2000000030
85447  49.878  2.837  40.794 0.3000000119
85454  49.541  2.963  39.969 0.3000000119
84610  48.573  1.898  39.394 0.3000000119
132869  47.874  1.130  39.851 0.3000000119
84611  47.099  0.205  38.994 0.3000000119
83736  51.544  -0.097  38.891 0.2000000030
84608  51.313  1.149  39.400 0.3000000119
85446  50.575  2.583  40.514 0.3000000119
126413  47.847  0.663  38.583 0.3000000119
83729  47.053  -0.142  38.042 0.3000000119
83738  46.302  -0.591  37.630 0.3000000119
126595  45.768  -0.951  37.043 0.3000000119
82803  45.030  -1.385  36.503 0.3000000119
82813  44.244  -1.660  35.923 0.3000000119
81893  43.310  -2.206  34.827 0.3000000119
82814  43.425  -1.912  35.660 0.3000000119
147635  51.525  0.221  38.056 0.3000000119
85451  51.259  2.376  39.040 0.3000000119
81894  42.507  -2.467  34.550 0.3000000119
84620  51.380  0.545  37.223 0.3000000119
85457  50.998  3.609  38.716 0.3000000119
81880  41.950  -2.464  35.228 0.3000000119
81895  41.589  -2.662  34.347 0.2000000030
86306  51.148  3.954  38.157 0.3000000119
125314  40.900  -2.761  33.925 0.2000000030
81897  39.932  -2.885  34.877 0.2000000030
81898  39.242  -3.101  34.097 0.2000000030
124715  39.146  -2.956  35.023 0.2000000030
81884  37.778  -3.123  35.221 0.2000000030
81914  38.883  -3.223  33.113 0.2000000030
128028  38.144  -3.253  32.994 0.2000000030
81900  36.736  -3.321  33.824 0.2000000030
80992  35.780  -3.275  33.748 0.2000000030
143078  36.164  -3.093  33.023 0.2000000030
81917  35.443  -2.930  33.115 0.2000000030
80993  34.907  -3.116  33.609 0.2000000030
92175  38.816  9.385  32.185 0.6999999881
90502  37.401  7.502  31.162 0.5000000000
87196  37.417  3.693  30.458 0.4000000060
86366  37.042  3.075  30.785 0.4000000060
83787  35.147  -0.884  31.931 0.2000000030
145946  34.666  -0.997  32.263 0.2000000030
82838  34.080  -1.877  32.864 0.2000000030
81919  33.352  -1.954  33.327 0.3000000119
91357  38.333  8.354  32.721 0.6999999881
90496  37.488  7.547  31.925 0.6000000238
142906  37.366  5.843  32.053 0.5000000000
87989  37.450  4.397  30.894 0.4000000060
85516  36.310  1.702  30.935 0.3000000119
85518  35.081  1.106  31.875 0.3000000119
84665  34.712  0.437  32.008 0.4000000060
83788  34.498  -0.381  32.220 0.2000000030
88784  37.468  4.961  32.041 0.5000000000
87187  37.239  3.748  31.256 0.4000000060
87188  36.866  3.260  31.619 0.3000000119
86357  36.294  2.820  32.048 0.3000000119
80037  50.499  -3.813  36.763 0.2000000030
79136  50.414  -4.661  36.372 0.2000000030
140571  52.039  -3.184  38.959 0.2000000030
80023  43.694  -4.572  37.419 0.1000000015
79097  43.063  -5.003  37.891 0.1000000015
80916  45.016  -3.934  39.442 0.1000000015
80012  44.384  -4.312  38.846 0.1000000015
80003  43.863  -4.786  39.263 0.1000000015
147265  43.548  -5.248  39.712 0.1000000015
79084  43.170  -5.222  38.866 0.1000000015
79085  42.996  -5.695  39.718 0.1000000015
78194  42.304  -6.164  39.517 0.1000000015
77265  42.476  -7.406  41.267 0.1000000015
77266  41.701  -7.999  41.058 0.1000000015
76322  41.683  -8.781  41.551 0.1000000015
76311  41.504  -9.637  41.945 0.2000000030
80001  45.242  -4.147  40.621 0.1000000015
79971  45.447  -5.109  42.507 0.1000000015
79985  44.733  -4.865  41.045 0.1000000015
79067  44.742  -5.518  41.871 0.1000000015
79055  44.447  -6.215  42.260 0.1000000015
78168  44.231  -7.089  42.852 0.1000000015
77240  43.748  -7.681  43.308 0.1000000015
77226  43.282  -7.967  43.480 0.1000000015
76283  42.821  -8.733  43.115 0.1000000015
77228  41.610  -8.688  43.298 0.1000000015
77244  39.798  -8.122  42.509 0.2000000030
82777  51.815  -1.171  39.161 0.2000000030
85439  50.201  2.362  41.215 0.3000000119
85440  49.520  2.253  41.517 0.3000000119
85448  48.905  2.362  40.717 0.3000000119
84602  48.178  1.579  40.916 0.3000000119
79984  45.653  -4.401  41.983 0.1000000015
79970  45.988  -4.474  42.872 0.1000000015
79053  45.682  -5.325  43.629 0.1000000015
144787  45.560  -5.356  44.050 0.1000000015
79047  44.001  -5.695  43.863 0.1000000015
79043  43.816  -6.635  44.116 0.1000000015
78163  42.746  -6.710  43.565 0.1000000015
78164  41.607  -6.756  42.886 0.1000000015
78170  40.545  -6.454  41.995 0.1000000015
78171  39.746  -6.570  41.527 0.1000000015
78172  38.430  -7.117  41.284 0.2000000030
84597  50.046  1.659  41.550 0.3000000119
85441  48.758  1.911  41.499 0.3000000119
84598  47.916  1.247  41.505 0.3000000119
148295  46.996  0.474  39.788 0.3000000119
83723  46.367  -0.100  39.359 0.3000000119
83730  46.355  -0.401  38.497 0.3000000119
83739  45.667  -0.848  38.028 0.3000000119
82804  44.226  -1.475  36.993 0.3000000119
80878  44.614  -4.096  43.104 0.1000000015
79972  43.541  -4.197  42.440 0.1000000015
79973  42.627  -4.478  41.894 0.1000000015
79975  41.020  -5.051  41.156 0.1000000015
79989  39.876  -5.057  40.137 0.1000000015
79070  39.524  -5.696  40.570 0.1000000015
78179  39.187  -6.336  41.002 0.1000000015
78196  37.857  -6.254  40.168 0.1000000015
82794  44.258  -1.315  37.947 0.3000000119
82815  42.866  -1.917  36.128 0.3000000119
80885  42.920  -3.735  41.439 0.1000000015
80917  41.257  -3.295  39.609 0.1000000015
80904  40.921  -3.984  40.057 0.1000000015
80014  39.096  -4.253  38.810 0.1000000015
80006  38.712  -4.918  39.231 0.1000000015
79100  37.119  -5.311  38.650 0.1000000015
142734  35.863  -5.986  39.072 0.1000000015
81869  42.119  -2.143  36.143 0.3000000119
82807  41.926  -2.030  37.083 0.2000000030
81858  41.135  -2.252  37.289 0.2000000030
80927  40.550  -2.685  38.286 0.1000000015
144633  40.173  -3.290  38.662 0.1000000015
80938  38.405  -3.421  37.361 0.1000000015
80025  37.423  -4.194  37.633 0.1000000015
80026  36.804  -4.143  37.208 0.1000000015
79115  35.804  -5.152  37.738 0.1000000015
79116  34.755  -5.259  37.625 0.1000000015
79101  35.323  -5.647  38.393 0.2000000030
81881  40.657  -2.594  35.623 0.2000000030
81872  39.634  -2.632  36.773 0.2000000030
81873  38.750  -2.877  36.503 0.2000000030
81874  37.905  -2.986  36.002 0.2000000030
80940  36.854  -3.673  36.660 0.2000000030
80954  36.484  -3.459  36.034 0.1000000015
80042  35.249  -4.239  36.373 0.1000000015
80029  33.644  -4.791  36.619 0.2000000030
79117  33.457  -5.220  37.253 0.2000000030
80970  36.521  -3.376  35.335 0.2000000030
80981  35.280  -3.450  34.452 0.2000000030
80972  34.766  -3.695  35.148 0.1000000015
80973  32.953  -3.910  35.334 0.1000000015
80974  32.329  -3.690  35.287 0.2000000030
80983  33.413  -3.171  34.215 0.1000000015
81901  32.559  -2.767  34.282 0.2000000030
80984  32.209  -3.195  34.860 0.2000000030
80975  31.601  -3.295  35.357 0.2000000030
83789  33.750  -0.365  32.666 0.2000000030
82839  33.507  -1.152  32.933 0.3000000119
81920  32.633  -2.035  33.723 0.3000000119
86358  35.642  2.450  32.593 0.3000000119
85509  35.131  1.713  32.391 0.4000000060
84657  34.084  0.382  32.503 0.3000000119
83777  33.056  -0.378  33.173 0.4000000060
83778  32.409  -0.481  33.771 0.4000000060
90489  38.407  7.495  33.213 0.6000000238
88777  37.885  5.925  32.997 0.5000000000
87970  37.984  4.424  33.156 0.4000000060
87178  37.241  3.838  32.113 0.3000000119
87179  36.843  3.419  32.501 0.3000000119
69284  31.789  -16.275  37.802 0.1000000015
70228  30.654  -14.896  37.011 0.1000000015
71938  30.313  -13.810  37.025 0.1000000015
147287  32.525  -16.478  37.811 0.1000000015
124311  32.085  -15.566  36.612 0.1000000015
70227  31.410  -15.100  36.631 0.1000000015
142528  30.521  -12.862  37.123 0.1000000015
72799  31.145  -12.110  37.189 0.1000000015
71125  34.102  -14.313  35.521 0.1000000015
140939  33.271  -14.298  35.591 0.1000000015
71947  32.167  -13.578  35.938 0.1000000015
73678  31.903  -11.683  37.115 0.1000000015
73667  31.268  -11.517  37.810 0.1000000015
73632  32.498  -10.911  39.396 0.1000000015
71957  36.571  -13.639  35.126 0.1000000015
71958  35.654  -13.652  35.144 0.1000000015
71960  33.883  -13.425  35.407 0.1000000015
72818  34.153  -12.418  35.322 0.1000000015
73687  33.020  -12.094  35.918 0.1000000015
73645  33.111  -11.174  37.821 0.1000000015
73646  32.654  -11.205  38.669 0.1000000015
71971  37.114  -13.023  34.672 0.1000000015
72833  35.860  -12.146  34.568 0.1000000015
72817  34.961  -12.060  34.906 0.1000000015
73685  34.384  -11.430  35.346 0.1000000015
74581  33.827  -11.181  35.864 0.1000000015
74562  33.659  -10.863  37.081 0.1000000015
74541  34.395  -11.060  38.790 0.1000000015
76365  48.708  -8.745  37.527 0.2000000030
73709  38.779  -11.055  33.741 0.1000000015
73701  36.472  -11.392  34.343 0.1000000015
73702  35.547  -11.178  34.670 0.2000000030
74579  35.224  -10.133  35.627 0.2000000030
74570  34.927  -10.205  36.869 0.2000000030
74560  35.110  -10.405  37.685 0.1000000015
135870  34.635  -10.829  38.082 0.1000000015
79148  45.734  -5.423  34.460 0.2000000030
139208  45.479  -6.068  34.203 0.2000000030
75499  39.004  -9.536  33.617 0.1000000015
75489  37.966  -9.114  34.145 0.1000000015
141401  37.384  -9.323  34.425 0.2000000030
75476  36.088  -9.421  35.577 0.2000000030
75458  35.618  -9.811  37.199 0.2000000030
75447  35.839  -10.122  38.098 0.1000000015
74539  36.029  -10.327  38.974 0.1000000015
80933  51.095  -3.131  37.942 0.2000000030
79137  49.878  -5.354  36.026 0.2000000030
80056  45.806  -4.400  35.208 0.2000000030
80065  45.340  -4.855  34.709 0.2000000030
79149  44.858  -5.533  34.252 0.2000000030
80066  44.508  -4.929  34.749 0.2000000030
76410  39.396  -8.818  33.681 0.1000000015
77337  38.775  -7.876  34.781 0.1000000015
76385  37.931  -8.019  35.856 0.2000000030
76376  37.519  -8.302  36.458 0.2000000030
75445  37.113  -9.315  38.143 0.2000000030
75424  37.218  -9.769  38.976 0.2000000030
74516  37.244  -10.238  39.869 0.2000000030
80968  46.195  -3.944  35.809 0.2000000030
142990  45.659  -3.801  36.463 0.2000000030
80039  44.791  -4.197  36.211 0.2000000030
80057  44.226  -4.625  35.476 0.2000000030
79140  43.070  -5.230  35.022 0.1000000015
79127  42.257  -5.386  36.497 0.1000000015
139605  41.850  -5.660  37.114 0.1000000015
78223  41.097  -6.066  36.062 0.1000000015
143220  40.483  -6.598  37.186 0.1000000015
78225  39.881  -6.885  36.722 0.1000000015
77303  38.804  -7.953  37.695 0.2000000030
76355  39.222  -8.276  38.597 0.2000000030
75423  38.448  -9.558  39.625 0.2000000030
74497  39.296  -10.485  41.160 0.2000000030
80951  46.507  -3.488  36.548 0.2000000030
133443  45.961  -3.433  37.333 0.2000000030
80936  45.063  -3.838  37.325 0.2000000030
80022  44.334  -4.207  37.897 0.1000000015
79114  41.862  -5.796  37.791 0.1000000015
78208  41.916  -6.047  38.641 0.1000000015
126278  41.709  -6.519  39.259 0.1000000015
78215  40.805  -6.605  37.904 0.1000000015
76339  40.348  -8.323  39.834 0.2000000030
76323  40.873  -8.767  40.856 0.2000000030
75403  39.680  -9.834  40.710 0.2000000030
75392  40.197  -10.398  41.574 0.2000000030
80924  46.202  -3.073  39.574 0.2000000030
80915  45.693  -3.567  40.125 0.2000000030
76297  40.688  -8.831  43.145 0.2000000030
76298  38.991  -8.506  42.501 0.2000000030
82767  50.614  -0.446  39.790 0.2000000030
133894  50.260  -0.086  40.406 0.2000000030
83722  49.458  -0.198  40.841 0.2000000030
83714  48.848  0.092  41.824 0.2000000030
84579  48.810  0.928  42.186 0.2000000030
84580  48.230  0.803  42.247 0.2000000030
80900  45.978  -3.741  41.540 0.2000000030
80876  45.930  -4.081  43.167 0.1000000015
80873  45.788  -5.003  43.812 0.1000000015
76312  38.249  -7.894  41.758 0.2000000030
83728  51.244  0.092  39.605 0.3000000119
83721  50.850  0.569  40.439 0.3000000119
83712  50.302  0.692  41.108 0.3000000119
83713  49.606  0.814  41.683 0.3000000119
85421  49.122  1.705  41.893 0.3000000119
85422  48.669  1.407  41.912 0.3000000119
143875  47.483  0.712  41.930 0.3000000119
84604  45.897  0.043  40.536 0.3000000119
83731  45.665  -0.601  38.906 0.3000000119
83732  45.000  -1.084  38.450 0.3000000119
81815  44.472  -2.572  41.804 0.1000000015
127743  37.197  -6.650  40.398 0.2000000030
77268  36.945  -7.132  40.887 0.2000000030
134443  45.292  -0.351  40.066 0.3000000119
82782  44.314  -1.211  38.754 0.3000000119
142018  43.720  -1.373  38.302 0.3000000119
82795  43.406  -1.520  37.527 0.3000000119
82761  43.458  -1.871  40.240 0.1000000015
81830  43.554  -2.499  40.976 0.1000000015
80884  43.871  -3.333  41.913 0.1000000015
79103  33.353  -5.697  38.626 0.2000000030
78181  36.348  -6.680  40.322 0.2000000030
131234  43.097  -1.475  38.309 0.3000000119
142483  42.467  -1.809  38.961 0.2000000030
81838  42.223  -2.250  39.392 0.1000000015
80901  43.080  -3.069  40.982 0.1000000015
79118  32.900  -5.370  37.699 0.2000000030
125840  32.770  -4.670  36.422 0.2000000030
80030  32.353  -4.945  37.083 0.2000000030
79119  32.061  -5.129  37.841 0.2000000030
80957  31.274  -3.749  36.069 0.2000000030
80045  31.090  -4.038  36.833 0.2000000030
82827  31.996  -2.059  34.210 0.3000000119
81886  31.111  -2.537  35.253 0.2000000030
83765  31.782  -0.713  34.271 0.3000000119
83767  30.864  -0.367  35.140 0.3000000119
130613  30.596  -0.993  35.269 0.3000000119
127698  35.586  2.724  33.392 0.3000000119
86349  34.458  2.089  33.998 0.4000000060
85498  33.072  1.175  33.977 0.3000000119
84648  32.783  0.434  33.705 0.4000000060
84637  31.984  0.202  34.434 0.3000000119
85476  31.405  1.239  35.221 0.3000000119
91351  39.695  8.616  33.453 0.6999999881
134677  39.163  7.193  33.734 0.6000000238
88776  38.958  5.301  33.661 0.5000000000
87168  38.044  4.052  33.765 0.4000000060
129277  37.439  3.752  33.820 0.4000000060
87171  36.035  3.147  33.920 0.3000000119
86348  35.226  2.638  34.275 0.4000000060
86324  35.217  2.807  35.117 0.4000000060
91338  40.639  7.839  34.119 0.6999999881
70190  28.528  -14.618  39.170 0.1000000015
71924  28.466  -13.880  38.655 0.1000000015
129255  29.679  -15.588  38.701 0.1000000015
71084  28.946  -14.549  38.336 0.1000000015
72784  28.566  -13.098  38.378 0.1000000015
124157  33.956  -17.138  38.822 0.1000000015
70211  30.364  -15.307  37.579 0.1000000015
71939  29.638  -13.692  37.505 0.1000000015
72800  29.838  -12.806  37.495 0.1000000015
73669  29.480  -12.175  37.909 0.1000000015
72763  47.008  -12.666  40.303 0.1000000015
69266  36.883  -17.352  39.093 0.1000000015
69281  35.674  -17.086  38.182 0.1000000015
130107  33.928  -16.316  36.967 0.1000000015
70209  33.904  -15.617  36.301 0.1000000015
73668  30.356  -11.942  37.659 0.1000000015
73648  30.642  -11.195  38.315 0.1000000015
73624  47.191  -11.880  40.099 0.1000000015
73629  47.437  -11.161  39.910 0.1000000015
142759  36.147  -15.403  36.554 0.1000000015
71114  35.678  -15.003  36.014 0.1000000015
70236  34.265  -14.948  35.799 0.1000000015
73647  31.615  -11.021  38.751 0.1000000015
71123  36.958  -14.279  35.580 0.1000000015
71124  36.067  -14.343  35.512 0.1000000015
74520  33.126  -10.888  40.003 0.1000000015
77330  47.144  -6.934  34.797 0.2000000030
71969  39.068  -13.061  34.863 0.1000000015
71970  38.059  -13.082  34.729 0.1000000015
126911  33.917  -11.005  39.655 0.1000000015
75454  48.327  -9.333  38.048 0.2000000030
77331  46.470  -7.128  34.577 0.2000000030
76394  46.173  -7.906  34.709 0.2000000030
76384  45.852  -8.713  35.001 0.2000000030
75473  45.495  -9.437  35.367 0.2000000030
128360  41.231  -11.339  34.299 0.1000000015
73697  40.410  -11.399  34.035 0.1000000015
73708  39.614  -11.265  33.803 0.1000000015
74518  35.411  -10.610  40.239 0.1000000015
73612  36.782  -10.991  41.675 0.1000000015
77307  48.838  -7.722  36.542 0.2000000030
78240  46.740  -6.286  34.602 0.2000000030
78242  45.242  -6.714  34.091 0.2000000030
76395  45.348  -8.112  34.437 0.2000000030
76396  44.388  -8.286  34.137 0.2000000030
76397  43.533  -8.683  33.936 0.2000000030
74590  43.488  -10.218  34.622 0.2000000030
75488  42.480  -9.460  33.851 0.2000000030
75497  40.576  -9.362  33.505 0.1000000015
147766  40.136  -10.807  33.687 0.1000000015
74499  36.084  -10.734  40.881 0.1000000015
80055  46.600  -4.311  35.258 0.2000000030
80064  46.150  -4.814  34.764 0.2000000030
142973  44.863  -6.195  33.974 0.2000000030
78252  44.511  -6.730  33.842 0.2000000030
77344  43.337  -7.388  33.636 0.2000000030
76406  43.034  -8.089  33.613 0.2000000030
76407  42.284  -8.199  33.512 0.1000000015
147297  40.810  -8.708  33.481 0.1000000015
76409  40.159  -8.732  33.552 0.1000000015
77322  39.319  -7.353  35.241 0.1000000015
133680  36.963  -10.657  40.767 0.2000000030
73611  37.693  -11.409  42.342 0.1000000015
79125  50.181  -6.142  36.383 0.2000000030
78222  49.240  -7.131  36.314 0.2000000030
80967  47.120  -3.680  35.826 0.2000000030
131101  43.143  -5.684  34.366 0.2000000030
78244  42.596  -6.232  34.013 0.2000000030
78245  41.730  -6.319  34.364 0.1000000015
77321  40.085  -7.027  34.876 0.1000000015
74480  38.885  -10.991  41.711 0.2000000030
73610  38.585  -11.417  42.344 0.1000000015
123643  51.639  -2.546  38.996 0.2000000030
129499  50.613  -2.559  37.968 0.2000000030
81866  50.061  -2.974  37.053 0.2000000030
80934  46.803  -3.069  37.410 0.2000000030
140269  46.267  -3.117  38.322 0.2000000030
73590  40.343  -11.186  43.138 0.2000000030
73609  39.430  -11.336  42.501 0.2000000030
81844  51.992  -1.857  39.386 0.2000000030
81857  47.031  -2.724  38.145 0.2000000030
81847  46.832  -2.621  39.057 0.2000000030
80914  46.358  -3.157  41.007 0.2000000030
75369  40.598  -10.654  43.401 0.2000000030
82778  51.183  -1.060  39.378 0.2000000030
82779  50.156  -1.218  39.128 0.2000000030
82768  49.695  -0.726  39.792 0.2000000030
82758  48.557  -0.746  41.258 0.2000000030
83695  48.501  0.061  42.506 0.2000000030
81837  46.791  -2.565  40.363 0.2000000030
81829  47.078  -2.711  42.022 0.2000000030
80899  46.633  -3.245  42.520 0.2000000030
80882  46.175  -3.852  42.843 0.1000000015
76313  37.468  -8.152  41.841 0.2000000030
83687  48.166  -0.720  43.255 0.2000000030
84572  47.748  0.092  42.692 0.3000000119
131446  46.783  0.612  41.162 0.3000000119
83715  45.390  -0.340  40.777 0.3000000119
83697  46.633  -0.326  42.274 0.3000000119
81806  47.601  -1.878  43.616 0.2000000030
82736  46.790  -2.267  43.288 0.2000000030
80875  46.594  -3.043  43.180 0.2000000030
80883  45.078  -3.352  42.879 0.1000000015
80877  45.549  -4.243  43.361 0.1000000015
77269  35.935  -7.344  41.142 0.2000000030
83716  44.724  -0.665  40.177 0.3000000119
83699  44.935  -0.900  41.158 0.3000000119
82745  44.744  -1.771  41.561 0.2000000030
81814  45.697  -2.618  42.764 0.1000000015
78199  34.700  -6.343  39.908 0.2000000030
82772  43.565  -1.478  39.550 0.3000000119
79104  32.489  -5.395  38.507 0.2000000030
138415  30.539  -3.620  37.214 0.3000000119
80031  31.418  -4.626  38.132 0.2000000030
81887  30.528  -2.432  35.711 0.2000000030
81875  30.206  -2.701  36.310 0.2000000030
82818  30.068  -1.228  35.712 0.3000000119
129796  29.558  -1.396  36.364 0.3000000119
85477  30.735  1.320  35.492 0.3000000119
139117  29.899  0.101  35.783 0.3000000119
86325  34.612  2.727  35.266 0.4000000060
86350  33.985  1.956  34.613 0.4000000060
86337  32.787  1.959  35.085 0.3000000119
85475  31.989  1.584  35.117 0.3000000119
89618  40.339  5.950  34.328 0.6000000238
87968  39.523  4.516  34.212 0.5000000000
87155  38.483  4.114  34.321 0.4000000060
87143  37.578  3.964  35.089 0.3000000119
87144  36.334  3.583  35.184 0.2000000030
87147  34.160  3.303  35.462 0.3000000119
86326  33.758  2.403  35.186 0.4000000060
137720  27.419  -11.932  39.365 0.1000000015
73633  28.453  -11.528  38.660 0.1000000015
74546  29.196  -10.986  38.569 0.1000000015
71063  47.431  -14.147  40.862 0.1000000015
72762  47.799  -12.184  40.556 0.1000000015
143328  38.692  -17.293  39.422 0.1000000015
69265  37.781  -17.345  39.212 0.1000000015
69279  37.460  -17.249  38.297 0.1000000015
74544  30.732  -10.706  38.885 0.1000000015
74514  46.994  -10.886  39.213 0.1000000015
69277  39.309  -16.956  38.632 0.2000000030
69294  38.968  -16.624  37.816 0.2000000030
70224  36.892  -15.491  36.544 0.1000000015
74503  32.415  -10.551  40.102 0.1000000015
75455  47.539  -9.570  37.687 0.1000000015
70186  39.844  -16.394  38.024 0.2000000030
71099  39.914  -15.302  36.910 0.2000000030
71121  38.782  -14.439  35.837 0.1000000015
74485  33.012  -10.463  40.755 0.1000000015
71953  40.273  -13.604  35.582 0.1000000015
71955  38.416  -13.693  35.329 0.1000000015
74502  33.786  -10.678  40.591 0.1000000015
77320  46.960  -7.666  35.033 0.2000000030
76374  46.976  -8.922  36.091 0.2000000030
75465  45.790  -9.841  36.127 0.2000000030
74576  45.074  -10.108  35.678 0.2000000030
73696  42.172  -11.234  34.589 0.2000000030
125510  42.218  -12.014  35.189 0.2000000030
143714  35.928  -10.815  41.509 0.1000000015
74569  44.535  -10.814  35.921 0.2000000030
74577  43.683  -10.958  35.294 0.2000000030
73684  42.902  -11.493  35.181 0.2000000030
72813  42.911  -12.159  35.789 0.2000000030
73604  36.920  -11.352  42.550 0.1000000015
135088  48.684  -5.917  35.382 0.2000000030
73603  38.499  -11.703  43.032 0.1000000015
80948  49.443  -3.417  36.226 0.2000000030
79138  48.975  -5.356  35.530 0.2000000030
144899  39.851  -10.938  43.662 0.2000000030
75370  39.561  -10.553  43.705 0.2000000030
74462  39.517  -11.532  43.937 0.2000000030
81846  47.599  -2.288  38.609 0.2000000030
81828  47.392  -1.988  41.253 0.2000000030
76299  37.524  -8.637  42.515 0.2000000030
76300  36.962  -8.764  42.817 0.2000000030
82791  50.712  -1.868  38.702 0.2000000030
82780  49.106  -1.344  39.004 0.2000000030
82769  48.781  -0.998  40.012 0.2000000030
81812  47.727  -2.150  43.022 0.2000000030
76314  36.775  -8.348  42.173 0.2000000030
147807  34.691  -7.337  41.768 0.2000000030
82770  47.993  -1.460  40.515 0.2000000030
82742  48.370  -0.737  42.636 0.2000000030
82735  47.745  -1.915  43.717 0.2000000030
82744  45.720  -1.556  42.251 0.2000000030
77270  34.971  -7.189  41.189 0.2000000030
82743  48.044  -1.510  43.429 0.2000000030
83688  47.620  -0.856  43.226 0.2000000030
83689  46.701  -1.272  42.863 0.2000000030
83698  45.798  -0.629  41.752 0.2000000030
79092  33.312  -5.850  39.567 0.2000000030
78200  33.890  -6.217  40.112 0.2000000030
134850  32.652  -5.501  39.899 0.2000000030
80931  29.867  -2.915  37.895 0.3000000119
79105  31.870  -5.042  38.533 0.2000000030
82787  29.386  -1.657  38.035 0.3000000119
81851  29.533  -2.323  37.577 0.3000000119
83748  29.228  -0.677  36.732 0.3000000119
81876  29.618  -2.207  36.729 0.3000000119
85467  29.565  1.576  36.229 0.3000000119
84631  29.671  0.792  36.016 0.3000000119
138679  32.330  3.386  35.470 0.3000000119
86328  31.228  1.942  35.409 0.3000000119
137675  30.253  2.179  35.810 0.3000000119
88766  40.789  4.910  34.541 0.6000000238
148786  39.747  4.241  34.623 0.5000000000
87941  39.064  4.102  35.285 0.4000000060
87943  37.243  4.194  35.724 0.3000000119
87944  36.309  4.027  35.686 0.4000000060
87945  35.394  4.028  35.703 0.3000000119
137534  33.649  4.174  35.624 0.4000000060
146320  33.240  3.371  35.458 0.3000000119
74524  28.538  -10.637  39.047 0.1000000015
71904  46.783  -13.496  40.514 0.1000000015
69264  39.617  -17.144  39.456 0.1000000015
75443  47.077  -10.119  38.085 0.2000000030
70167  43.622  -15.788  40.524 0.1000000015
70168  42.818  -16.066  40.278 0.1000000015
70169  42.024  -16.335  40.036 0.1000000015
69276  40.155  -16.648  38.826 0.1000000015
76373  47.676  -8.614  36.473 0.2000000030
75463  47.278  -9.297  36.841 0.2000000030
74537  46.633  -10.668  38.467 0.1000000015
70174  42.495  -15.721  39.549 0.1000000015
70201  41.084  -15.413  37.835 0.1000000015
70202  40.291  -15.696  37.584 0.2000000030
74483  34.479  -10.557  41.322 0.1000000015
77319  47.770  -7.224  35.317 0.2000000030
75456  46.812  -9.858  37.268 0.2000000030
71097  41.487  -14.750  37.434 0.2000000030
71098  40.713  -15.041  37.171 0.2000000030
76382  47.368  -8.151  35.720 0.2000000030
75464  46.534  -9.563  36.494 0.2000000030
74567  46.106  -10.199  36.862 0.2000000030
74558  45.690  -10.802  37.264 0.2000000030
73663  44.633  -11.797  37.239 0.2000000030
126526  44.270  -12.412  37.442 0.2000000030
71943  42.261  -13.480  36.613 0.2000000030
71944  41.510  -13.759  36.350 0.2000000030
74538  45.940  -11.014  38.091 0.1000000015
74559  45.034  -11.178  36.932 0.2000000030
73664  44.024  -12.192  36.822 0.2000000030
73675  43.666  -11.874  36.209 0.2000000030
72804  43.296  -12.514  36.532 0.2000000030
123829  42.221  -12.568  35.676 0.2000000030
144948  37.725  -11.651  42.990 0.1000000015
73592  39.218  -11.682  43.708 0.1000000015
80052  49.515  -4.364  35.870 0.2000000030
75357  37.482  -9.181  43.611 0.1000000015
81854  49.776  -2.383  37.566 0.2000000030
80965  48.787  -3.810  35.753 0.2000000030
80053  48.355  -4.576  35.395 0.2000000030
81856  47.763  -2.582  37.533 0.2000000030
77245  35.527  -8.022  42.508 0.1000000015
75371  38.682  -9.773  43.687 0.1000000015
81855  48.861  -2.299  37.355 0.2000000030
81868  48.280  -2.807  36.643 0.2000000030
81845  48.496  -1.934  38.231 0.2000000030
81836  47.390  -2.076  39.764 0.2000000030
77246  34.883  -7.518  42.407 0.2000000030
82792  49.512  -1.781  38.224 0.2000000030
82781  48.189  -1.687  39.276 0.2000000030
78174  33.665  -6.329  41.780 0.2000000030
82759  48.076  -1.440  42.143 0.2000000030
78184  33.710  -6.359  40.930 0.2000000030
78173  34.276  -6.860  41.417 0.2000000030
79990  32.201  -4.583  41.038 0.2000000030
80009  31.135  -4.059  39.290 0.2000000030
80920  31.234  -3.782  39.906 0.2000000030
81841  30.254  -2.597  38.983 0.2000000030
80921  30.728  -3.369  39.276 0.2000000030
136787  29.566  -1.010  38.408 0.3000000119
133270  29.131  0.193  37.739 0.3000000119
86309  28.898  2.398  37.301 0.3000000119
85460  29.020  1.658  36.858 0.3000000119
88758  42.049  4.804  35.766 0.5000000000
144745  40.395  4.826  36.664 0.4000000060
88748  38.240  5.003  36.909 0.4000000060
88749  37.434  5.073  36.627 0.4000000060
87132  30.972  3.678  35.812 0.3000000119
87932  30.321  4.093  36.454 0.3000000119
87134  29.747  3.435  36.547 0.3000000119
87957  40.919  4.478  34.864 0.6000000238
87923  39.819  4.324  35.764 0.4000000060
87924  38.717  4.391  36.187 0.4000000060
87925  37.778  4.528  36.271 0.4000000060
87927  35.821  4.681  36.108 0.4000000060
87928  34.930  4.809  36.017 0.4000000060
138845  33.284  4.898  35.843 0.4000000060
87948  31.912  4.886  35.971 0.3000000119
71064  46.495  -14.284  40.864 0.1000000015
71905  45.944  -13.763  40.340 0.1000000015
71065  45.641  -14.547  40.658 0.1000000015
72769  46.449  -12.258  39.777 0.1000000015
72764  46.227  -13.015  40.030 0.1000000015
72770  45.740  -12.646  39.458 0.1000000015
142173  45.495  -13.378  39.722 0.1000000015
71066  44.842  -14.843  40.382 0.1000000015
71067  44.082  -15.189  40.046 0.1000000015
70173  43.284  -15.458  39.790 0.1000000015
73630  46.694  -11.544  39.516 0.1000000015
71910  44.780  -13.746  39.381 0.1000000015
71073  44.457  -14.473  39.678 0.1000000015
71075  42.958  -15.112  39.059 0.1000000015
71083  41.860  -15.113  38.085 0.1000000015
73643  46.267  -11.269  38.858 0.1000000015
73631  45.948  -11.911  39.209 0.1000000015
72780  45.322  -12.373  38.816 0.1000000015
71909  45.077  -13.045  39.118 0.1000000015
71911  44.122  -14.158  38.963 0.1000000015
71936  42.630  -13.792  37.296 0.1000000015
74557  46.379  -10.437  37.656 0.2000000030
73644  45.576  -11.684  38.478 0.1000000015
72796  44.824  -12.184  38.052 0.1000000015
72781  44.758  -12.800  38.532 0.1000000015
72782  44.199  -13.026  37.930 0.1000000015
71935  43.379  -13.461  37.583 0.2000000030
72797  43.665  -12.785  37.220 0.2000000030
79977  31.866  -3.787  41.205 0.1000000015
79061  32.656  -5.045  41.724 0.1000000015
80905  31.437  -3.287  40.599 0.1000000015
79991  31.667  -4.185  40.487 0.2000000030
82765  31.012  -1.854  39.803 0.2000000030
81834  30.753  -2.612  39.616 0.2000000030
84605  30.352  0.475  39.577 0.2000000030
82774  30.583  -1.307  39.413 0.2000000030
137843  30.466  -2.046  39.345 0.2000000030
83734  29.533  -0.122  38.482 0.3000000119
86303  28.839  2.421  38.845 0.2000000030
129605  28.817  2.143  38.148 0.2000000030
87125  28.953  3.756  38.026 0.3000000119
87939  42.667  4.877  35.223 0.5000000000
87922  41.200  4.671  36.000 0.4000000060
88747  39.277  4.783  36.853 0.4000000060
88737  36.750  5.564  36.675 0.4000000060
87931  31.164  4.522  36.142 0.3000000119
88753  30.760  5.029  36.845 0.3000000119
87915  29.323  4.633  38.161 0.3000000119
88750  35.376  5.523  36.346 0.4000000060
89607  34.054  6.314  36.776 0.4000000060
123825  32.719  5.956  36.679 0.4000000060
88738  32.142  6.115  37.127 0.4000000060
87101  30.462  3.307  43.594 0.2000000030
85419  30.942  2.009  41.945 0.2000000030
85442  31.343  0.913  40.532 0.2000000030
82773  31.341  -1.046  39.880 0.2000000030
81833  31.237  -2.489  40.217 0.2000000030
88704  29.584  5.405  43.890 0.2000000030
87102  29.209  4.065  43.044 0.2000000030
86279  29.236  2.543  41.357 0.2000000030
83725  30.751  -0.382  39.574 0.2000000030
87894  28.707  4.700  42.938 0.2000000030
87896  28.112  4.576  42.300 0.3000000119
87114  28.237  3.327  40.816 0.2000000030
86299  29.210  2.111  39.721 0.2000000030
87903  27.834  4.145  40.834 0.2000000030
86300  28.694  2.865  39.540 0.2000000030
87916  28.791  4.087  38.761 0.2000000030
88733  40.668  5.534  37.519 0.4000000060
139271  39.188  6.305  37.568 0.3000000119
133533  37.182  7.021  37.398 0.4000000060
89594  35.809  6.815  37.198 0.4000000060
89599  31.023  6.302  38.159 0.3000000119
88741  29.899  5.291  38.052 0.3000000119
88729  29.453  5.425  38.556 0.2000000030
90461  36.446  7.431  37.502 0.4000000060
89595  34.425  6.855  37.405 0.4000000060
90464  33.158  7.203  38.104 0.4000000060
89598  31.889  6.469  37.835 0.4000000060
89564  28.438  6.317  43.039 0.3000000119
87897  27.595  5.196  41.997 0.3000000119
89569  27.305  6.763  41.280 0.3000000119
126797  27.537  5.054  41.200 0.2000000030
88726  27.955  5.882  40.068 0.2000000030
135877  28.580  6.022  39.380 0.2000000030
89592  40.079  6.261  37.751 0.3000000119
138218  38.366  6.361  37.455 0.3000000119
148791  30.542  6.512  38.443 0.3000000119
89588  29.266  6.984  38.859 0.3000000119
90460  37.248  7.725  37.511 0.3000000119
90449  31.267  7.693  38.566 0.4000000060
90450  30.368  7.665  38.613 0.3000000119
89570  27.546  6.685  40.424 0.3000000119
89582  28.010  6.688  39.713 0.2000000030
89581  28.683  6.802  39.189 0.2000000030
91310  29.677  8.530  38.574 0.3000000119
90451  29.484  7.625  38.721 0.3000000119
74513  47.783  -10.422  39.583 0.1000000015
78239  47.611  -6.336  34.890 0.2000000030
79146  47.283  -5.569  34.783 0.2000000030
136565  47.647  -4.963  35.007 0.2000000030
76372  48.405  -8.398  36.793 0.2000000030
79139  48.149  -5.591  35.111 0.2000000030
78233  48.361  -6.408  35.323 0.2000000030
80950  47.372  -3.129  36.655 0.2000000030
78232  49.233  -6.293  35.803 0.2000000030
90481  40.677  6.946  34.352 0.6999999881
87956  42.194  4.726  35.064 0.5000000000
92197  38.400  9.144  28.429 0.6000000238
92180  38.337  9.596  30.400 0.6000000238
91368  37.880  8.962  30.931 0.6000000238
138300  38.112  8.957  29.202 0.6000000238
89719  41.745  6.654  24.433 0.4000000060
90560  39.536  7.559  24.359 0.6000000238
136006  47.225  7.345  23.385 0.4000000060
88746  41.349  5.107  36.800 0.5000000000
86356  48.940  2.202  32.088 0.3000000119
86363  49.275  2.838  31.866 0.3000000119
85524  46.605  0.989  30.557 0.3000000119
85534  45.372  0.879  29.824 0.3000000119
86384  46.201  2.344  29.464 0.3000000119
87988  48.800  4.350  30.277 0.3000000119
86383  47.041  2.934  29.560 0.3000000119
87203  45.595  3.016  28.904 0.3000000119
87952  53.142  5.158  34.560 0.3000000119
145803  45.436  3.470  28.569 0.3000000119
87996  47.530  4.341  28.850 0.3000000119
87212  43.054  3.619  28.353 0.3000000119
90518  52.027  8.831  29.025 0.3000000119
90507  51.372  7.723  30.290 0.3000000119
91391  52.941  8.874  27.964 0.3000000119
91393  51.818  8.930  27.168 0.3000000119
91400  52.507  9.035  26.614 0.3000000119
144563  52.255  9.147  24.541 0.4000000060
91410  51.640  8.963  25.276 0.4000000060
91409  52.311  9.093  25.738 0.3000000119
90536  52.841  8.738  26.146 0.3000000119
91401  51.669  8.850  26.222 0.3000000119
85508  48.202  1.167  32.204 0.3000000119
84655  47.523  0.577  32.086 0.3000000119
84656  46.839  0.248  31.688 0.3000000119
83797  44.919  -0.309  30.710 0.3000000119
81891  53.773  -2.461  34.392 0.2000000030
148856  50.922  4.981  34.969 0.3000000119
87184  50.393  4.419  32.162 0.3000000119
137208  43.132  1.655  28.702 0.2000000030
84696  42.811  0.891  28.885 0.2000000030
87966  51.847  6.134  34.514 0.3000000119
88762  52.269  5.955  34.468 0.3000000119
87981  50.534  5.077  31.791 0.3000000119
88783  51.294  5.951  32.195 0.3000000119
87982  50.044  5.168  31.157 0.3000000119
87954  51.913  6.009  35.481 0.3000000119
88782  51.934  6.731  32.522 0.3000000119
88789  51.430  6.638  31.765 0.3000000119
88796  50.859  6.526  31.076 0.3000000119
87994  49.141  5.158  29.962 0.3000000119
88797  50.014  5.864  30.538 0.3000000119
88803  48.786  5.386  29.208 0.3000000119
136509  41.038  3.299  28.332 0.2000000030
89640  51.613  7.399  31.216 0.3000000119
89646  50.063  6.475  29.948 0.3000000119
89651  50.544  7.135  29.737 0.3000000119
88002  48.180  4.944  28.689 0.3000000119
89658  50.350  7.339  28.954 0.3000000119
90519  51.061  8.181  28.564 0.3000000119
88809  48.561  5.587  28.458 0.3000000119
89660  48.926  6.199  28.091 0.3000000119
88822  47.638  5.218  27.513 0.3000000119
88018  46.064  4.509  27.519 0.3000000119
89671  49.447  6.783  27.643 0.3000000119
89672  48.715  6.236  27.232 0.3000000119
88824  45.514  4.834  26.983 0.3000000119
88017  46.904  4.780  27.484 0.3000000119
124296  47.119  5.219  26.844 0.3000000119
88827  42.507  5.326  27.083 0.4000000060
88839  46.576  5.354  26.249 0.4000000060
88843  42.846  5.544  26.361 0.4000000060
90554  50.680  8.203  24.797 0.4000000060
90564  52.447  8.104  23.639 0.3000000119
91427  51.347  8.653  23.274 0.4000000060
82856  44.252  -1.338  31.803 0.3000000119
80962  54.203  -4.325  35.261 0.2000000030
85495  48.768  1.364  34.015 0.3000000119
83808  42.846  -0.329  29.765 0.2000000030
84683  41.501  0.148  29.063 0.2000000030
87937  51.695  5.849  36.168 0.3000000119
133647  41.137  4.374  28.267 0.3000000119
88811  41.500  5.157  28.018 0.4000000060
88830  40.286  5.994  28.229 0.4000000060
88828  41.775  5.522  27.368 0.4000000060
88845  41.393  5.976  26.955 0.4000000060
89695  49.134  6.807  25.795 0.4000000060
89685  47.787  5.847  25.898 0.4000000060
89696  48.319  6.358  25.409 0.4000000060
88853  46.985  5.659  25.654 0.4000000060
88854  46.049  5.610  25.576 0.4000000060
89700  44.684  5.928  25.096 0.4000000060
88856  44.147  5.621  25.743 0.4000000060
88857  43.310  5.760  25.696 0.4000000060
89714  46.288  6.430  24.372 0.4000000060
89703  41.901  6.180  25.727 0.4000000060
123773  42.204  6.331  25.083 0.4000000060
90555  49.677  7.522  24.370 0.4000000060
89715  45.356  6.338  24.461 0.4000000060
89716  44.365  6.410  24.389 0.4000000060
79135  54.136  -5.608  35.563 0.2000000030
82870  42.867  -1.466  31.026 0.3000000119
86323  50.022  4.361  36.453 0.3000000119
143228  40.164  2.019  28.302 0.2000000030
85535  38.640  1.389  28.937 0.2000000030
87214  39.617  3.710  28.423 0.3000000119
86398  39.514  2.135  28.411 0.3000000119
88813  39.896  5.427  28.551 0.5000000000
132836  38.632  6.083  29.158 0.5000000000
90530  39.280  7.200  27.057 0.6000000238
90558  46.760  6.921  23.794 0.4000000060
140415  53.567  -5.335  37.684 0.2000000030
79108  54.034  -6.377  37.432 0.2000000030
136533  48.327  0.860  37.153 0.3000000119
83763  46.435  -0.772  34.594 0.3000000119
142063  43.816  -2.063  33.167 0.3000000119
82858  41.306  -2.066  31.272 0.3000000119
135731  40.009  -1.662  30.431 0.2000000030
84685  39.628  0.248  29.109 0.2000000030
83811  39.100  -0.333  29.594 0.2000000030
82873  39.476  -1.139  29.981 0.2000000030
88012  38.608  4.471  28.985 0.4000000060
87215  38.831  3.682  28.660 0.3000000119
87204  38.207  3.673  29.068 0.3000000119
88804  38.380  5.252  29.368 0.5000000000
89662  38.570  6.855  28.751 0.5000000000
90512  38.093  7.535  29.080 0.6000000238
90531  38.687  7.761  27.406 0.6000000238
83754  45.773  -1.172  34.947 0.3000000119
148252  45.213  -1.481  34.826 0.3000000119
81942  40.734  -2.474  31.827 0.2000000030
82874  38.859  -1.476  30.492 0.2000000030
86387  38.037  2.060  29.150 0.3000000119
83812  38.350  -0.140  29.792 0.2000000030
82876  37.147  -0.977  30.795 0.2000000030
88805  37.861  5.160  29.870 0.5000000000
89654  37.655  6.559  30.182 0.5000000000
89653  38.093  6.713  29.419 0.5000000000
87998  37.666  4.409  30.131 0.4000000060
86388  37.362  2.996  30.016 0.4000000060
90508  37.501  7.299  30.499 0.5000000000
146228  46.292  -0.675  37.075 0.3000000119
147212  44.501  -1.699  35.290 0.3000000119
81911  41.382  -2.671  33.407 0.2000000030
81932  39.337  -2.952  32.381 0.2000000030
81912  40.585  -2.817  33.266 0.2000000030
124337  40.197  -2.915  33.998 0.2000000030
81946  37.066  -2.202  31.808 0.2000000030
81916  36.902  -3.171  32.965 0.2000000030
81915  37.541  -3.272  33.370 0.2000000030
85536  37.974  1.145  29.442 0.2000000030
86376  36.924  2.228  30.324 0.3000000119
84672  37.136  0.397  30.219 0.2000000030
85525  37.380  0.936  29.843 0.2000000030
83802  36.814  -0.223  30.613 0.2000000030
82848  36.224  -1.888  31.944 0.2000000030
91362  38.129  8.855  31.924 0.6999999881
91363  37.621  8.227  31.445 0.6000000238
89647  37.386  6.844  30.885 0.5000000000
88798  37.595  5.153  30.555 0.4000000060
88790  37.435  5.117  31.382 0.5000000000
136532  37.403  6.016  30.982 0.5000000000
83803  36.229  -0.066  30.923 0.2000000030
82849  35.543  -1.567  32.072 0.2000000030
81918  34.784  -2.481  32.933 0.2000000030
82850  34.857  -1.610  32.428 0.2000000030
85527  36.163  1.030  30.793 0.3000000119
84674  35.894  0.479  31.075 0.2000000030
85517  35.672  1.224  31.353 0.2000000030
84664  35.330  0.483  31.561 0.4000000060
83720  51.072  1.412  40.254 0.3000000119
84609  51.111  2.261  39.850 0.3000000119
82793  45.001  -1.243  37.530 0.3000000119
81879  42.699  -2.202  35.438 0.3000000119
84614  51.431  1.019  38.382 0.3000000119
85456  51.357  2.291  37.887 0.3000000119
144842  41.290  -2.621  35.119 0.2000000030
145419  41.450  -2.408  35.721 0.2000000030
126923  38.316  -3.246  33.770 0.2000000030
127025  38.447  -3.115  34.682 0.2000000030
81883  38.578  -2.926  35.570 0.2000000030
81882  39.562  -2.720  35.867 0.2000000030
80969  37.159  -3.181  35.668 0.2000000030
81885  37.002  -3.279  34.866 0.2000000030
81899  37.637  -3.267  34.315 0.2000000030
80980  36.177  -3.398  34.605 0.2000000030
80982  34.334  -3.375  34.286 0.1000000015
80994  33.979  -2.726  33.496 0.3000000119
89641  37.316  6.790  31.604 0.5000000000
82851  34.210  -1.073  32.534 0.3000000119
141748  33.159  -2.577  33.746 0.2000000030
91358  37.797  8.149  32.151 0.6999999881
91352  39.021  8.130  33.392 0.6999999881
89637  37.960  6.907  32.988 0.6000000238
88778  37.772  5.064  32.589 0.5000000000
87983  37.401  4.365  31.706 0.3000000119
86367  36.557  2.506  31.217 0.3000000119
86368  35.833  2.007  31.727 0.3000000119
85510  34.496  1.088  32.424 0.4000000060
85511  33.848  1.033  32.974 0.4000000060
87977  37.562  4.363  32.457 0.4000000060
87180  36.152  3.063  32.946 0.3000000119
80058  43.552  -4.860  35.526 0.1000000015
79112  43.004  -4.923  36.942 0.1000000015
80013  43.729  -4.655  38.357 0.1000000015
79113  42.412  -5.360  37.441 0.1000000015
79098  42.486  -5.507  38.269 0.1000000015
80926  44.956  -3.840  38.408 0.1000000015
80002  44.502  -4.477  39.847 0.1000000015
79068  43.801  -5.638  40.807 0.1000000015
78177  43.557  -6.545  41.623 0.1000000015
78178  42.831  -6.412  40.570 0.1000000015
144427  43.018  -6.890  41.341 0.1000000015
77253  43.110  -8.134  42.645 0.1000000015
77294  41.231  -7.138  39.495 0.1000000015
76296  42.791  -8.890  42.961 0.1000000015
77254  42.406  -8.512  42.085 0.1000000015
77267  41.068  -7.915  40.238 0.1000000015
75366  42.328  -9.506  43.043 0.1000000015
75378  41.816  -10.165  42.865 0.2000000030
75402  40.558  -9.673  41.246 0.2000000030
76285  41.547  -9.619  43.311 0.1000000015
79054  45.256  -5.824  43.053 0.1000000015
79046  45.493  -5.972  43.904 0.1000000015
78162  44.422  -7.206  43.810 0.1000000015
78151  44.991  -6.559  44.037 0.1000000015
78153  43.611  -7.395  43.959 0.1000000015
77242  41.641  -7.760  43.230 0.1000000015
77255  40.826  -7.164  42.622 0.1000000015
77256  39.930  -7.200  42.090 0.1000000015
77257  39.057  -7.607  41.858 0.2000000030
84596  50.676  1.639  41.003 0.3000000119
79959  44.935  -5.021  44.029 0.1000000015
79965  44.250  -4.842  43.453 0.1000000015
79966  43.226  -4.995  42.854 0.1000000015
79048  42.953  -5.833  43.316 0.1000000015
78169  41.220  -6.008  42.202 0.1000000015
79057  41.483  -5.430  41.870 0.1000000015
79059  39.991  -6.024  41.228 0.1000000015
146372  38.797  -6.708  41.129 0.1000000015
78180  37.750  -6.847  40.808 0.1000000015
80886  42.114  -4.040  41.079 0.1000000015
79987  41.368  -4.386  40.739 0.1000000015
79056  42.286  -5.190  42.347 0.1000000015
79988  40.605  -4.710  40.445 0.1000000015
79058  40.728  -5.703  41.535 0.1000000015
79086  39.117  -5.353  39.877 0.1000000015
80005  39.464  -4.655  39.482 0.1000000015
79071  38.733  -5.966  40.351 0.1000000015
79088  37.495  -5.744  39.411 0.1000000015
78197  37.005  -6.279  39.829 0.1000000015
79089  36.676  -5.850  39.171 0.1000000015
82806  42.714  -1.845  36.866 0.3000000119
80902  42.415  -3.316  40.625 0.1000000015
81839  41.513  -2.597  39.197 0.1000000015
81840  40.845  -2.946  38.962 0.1000000015
80918  40.527  -3.622  39.359 0.1000000015
80004  40.212  -4.355  39.737 0.1000000015
80928  39.449  -3.577  38.410 0.1000000015
80015  38.352  -4.487  38.553 0.1000000015
80024  38.049  -4.070  37.909 0.1000000015
80929  38.730  -3.832  38.141 0.1000000015
79099  37.943  -5.144  38.958 0.1000000015
80016  37.590  -4.666  38.263 0.1000000015
80017  36.741  -4.812  37.877 0.1000000015
79087  38.318  -5.586  39.657 0.1000000015
135521  36.261  -5.499  38.447 0.1000000015
146561  36.306  -6.247  39.623 0.2000000030
79090  34.952  -6.037  39.142 0.2000000030
82796  42.537  -1.691  37.704 0.3000000119
81870  41.272  -2.301  36.437 0.2000000030
82785  41.810  -1.937  37.883 0.2000000030
81871  40.397  -2.465  36.611 0.2000000030
123304  41.118  -2.274  38.031 0.2000000030
81848  41.811  -2.094  38.633 0.2000000030
81849  39.788  -2.951  37.997 0.1000000015
81859  40.263  -2.535  37.475 0.2000000030
134115  41.170  -2.484  38.608 0.1000000015
80937  39.138  -3.326  37.809 0.1000000015
81860  39.319  -2.896  37.300 0.1000000015
80939  37.510  -3.625  37.062 0.2000000030
80952  37.983  -3.204  36.645 0.2000000030
80027  35.453  -4.669  37.085 0.1000000015
80041  36.126  -4.086  36.657 0.1000000015
80028  34.581  -4.724  36.805 0.1000000015
133424  34.039  -5.140  37.205 0.1000000015
129779  33.777  -5.484  37.799 0.2000000030
79102  34.338  -5.760  38.465 0.2000000030
80953  37.316  -3.294  36.341 0.2000000030
80956  35.170  -3.874  35.793 0.1000000015
80971  35.745  -3.594  35.364 0.1000000015
80043  34.342  -4.205  35.939 0.1000000015
80059  33.317  -4.294  35.833 0.2000000030
128767  33.709  -3.737  35.068 0.2000000030
129996  32.858  -3.464  34.799 0.2000000030
80061  31.875  -3.953  35.716 0.2000000030
82816  31.372  -1.940  34.717 0.3000000119
84658  33.423  0.358  33.001 0.3000000119
82840  32.823  -1.226  33.414 0.4000000060
82826  32.191  -1.339  33.895 0.3000000119
86359  35.043  2.225  33.280 0.4000000060
85496  34.414  1.638  33.114 0.4000000060
137577  33.340  0.916  33.446 0.3000000119
89629  38.582  6.520  33.465 0.5000000000
135414  38.266  4.980  33.206 0.5000000000
87969  38.699  4.446  33.815 0.4000000060
87169  37.485  3.861  33.027 0.3000000119
87170  36.802  3.458  33.442 0.3000000119
70187  30.911  -15.904  37.841 0.1000000015
70188  30.185  -15.607  38.140 0.1000000015
124532  33.110  -16.742  38.271 0.1000000015
71948  31.443  -13.548  36.348 0.1000000015
69310  33.246  -16.086  36.748 0.1000000015
69283  33.929  -16.722  37.784 0.1000000015
70226  32.865  -15.548  36.252 0.1000000015
71126  32.510  -14.332  35.782 0.1000000015
72809  31.234  -12.788  36.697 0.1000000015
70237  33.504  -14.989  35.758 0.1000000015
71115  35.043  -14.462  35.568 0.1000000015
71959  34.764  -13.610  35.259 0.1000000015
72819  33.370  -12.692  35.605 0.1000000015
73677  32.432  -11.941  36.428 0.1000000015
73665  32.835  -11.261  36.908 0.1000000015
73666  32.180  -11.387  37.829 0.1000000015
71956  37.483  -13.651  35.201 0.1000000015
71972  36.198  -12.953  34.718 0.1000000015
71973  35.333  -12.893  34.905 0.1000000015
131671  34.626  -12.895  35.150 0.1000000015
74572  33.699  -10.983  36.379 0.1000000015
72832  36.767  -12.268  34.400 0.1000000015
73699  38.203  -11.683  34.021 0.1000000015
132062  34.974  -10.738  35.185 0.1000000015
74580  34.431  -10.691  35.840 0.1000000015
74571  34.308  -10.575  36.578 0.1000000015
74519  34.856  -10.821  39.546 0.1000000015
74605  38.520  -10.221  33.677 0.1000000015
74604  39.447  -10.363  33.589 0.1000000015
73710  37.925  -10.866  33.844 0.1000000015
138484  39.273  -12.389  34.438 0.1000000015
75477  36.278  -9.711  34.814 0.2000000030
74606  37.697  -9.932  33.934 0.1000000015
74596  35.613  -10.135  34.936 0.2000000030
144391  35.551  -10.550  39.484 0.1000000015
75498  39.799  -9.477  33.527 0.1000000015
76399  38.325  -8.473  34.442 0.1000000015
76400  37.608  -8.732  34.742 0.1000000015
148117  37.321  -8.537  35.531 0.2000000030
146686  36.751  -8.960  35.553 0.2000000030
76377  36.755  -8.793  36.151 0.2000000030
75466  36.177  -9.278  36.648 0.2000000030
75457  36.373  -9.501  37.623 0.2000000030
75425  36.664  -10.132  39.251 0.2000000030
74517  36.251  -10.380  39.962 0.1000000015
126050  45.022  -4.454  35.288 0.2000000030
79150  43.907  -5.501  34.309 0.2000000030
80067  43.774  -5.032  34.902 0.1000000015
77336  39.571  -7.644  34.446 0.1000000015
77323  38.566  -7.666  35.608 0.1000000015
77309  39.184  -7.246  36.189 0.1000000015
76375  38.402  -7.745  36.628 0.2000000030
76356  38.390  -8.565  38.253 0.2000000030
76368  36.998  -8.782  37.184 0.2000000030
75444  37.929  -9.241  38.786 0.2000000030
127620  37.788  -9.782  39.484 0.2000000030
74498  38.437  -10.548  40.873 0.2000000030
147397  37.708  -10.527  40.612 0.2000000030
126405  44.333  -4.265  37.043 0.1000000015
79151  42.441  -5.757  34.647 0.1000000015
79152  41.860  -5.818  35.030 0.1000000015
79142  41.712  -5.737  35.775 0.1000000015
78214  41.174  -6.109  37.157 0.1000000015
78235  40.574  -6.484  35.428 0.1000000015
78224  40.491  -6.469  36.383 0.1000000015
146563  41.398  -6.224  38.039 0.1000000015
77301  40.118  -7.051  37.625 0.1000000015
77302  39.313  -7.375  37.168 0.1000000015
126949  39.641  -7.608  38.107 0.1000000015
77281  39.999  -7.962  38.977 0.2000000030
76324  40.032  -9.080  40.291 0.2000000030
76341  38.808  -8.917  39.107 0.2000000030
74479  39.795  -10.954  42.017 0.2000000030
80925  45.603  -3.501  38.948 0.2000000030
77280  40.608  -7.686  39.415 0.1000000015
75391  41.096  -10.301  42.220 0.2000000030
74478  40.630  -10.776  42.476 0.2000000030
128335  39.941  -8.984  42.898 0.2000000030
75368  41.327  -10.415  43.236 0.2000000030
129597  38.099  -8.446  42.267 0.2000000030
81808  45.953  -3.521  43.167 0.1000000015
77258  37.598  -7.463  41.320 0.2000000030
83724  44.974  -0.747  39.345 0.3000000119
82746  44.031  -1.959  40.944 0.1000000015
81831  42.772  -2.506  40.208 0.1000000015
82762  42.905  -1.862  39.515 0.1000000015
78198  35.589  -6.354  39.761 0.2000000030
79091  34.057  -6.032  39.285 0.2000000030
82771  44.231  -1.104  39.475 0.3000000119
124092  42.999  -1.545  38.931 0.1000000015
81832  41.973  -2.921  39.878 0.1000000015
80044  31.877  -4.408  36.394 0.2000000030
130441  31.594  -4.608  37.297 0.2000000030
81861  29.993  -2.994  37.166 0.2000000030
82828  31.172  -1.073  34.773 0.3000000119
82817  30.672  -1.759  35.317 0.2000000030
83766  31.395  -0.277  34.722 0.3000000119
84630  31.162  0.472  35.153 0.3000000119
146602  30.503  0.089  35.436 0.3000000119
86335  34.589  2.356  34.884 0.4000000060
86336  33.312  1.687  34.618 0.4000000060
85497  33.734  1.525  33.803 0.3000000119
85485  32.515  1.137  34.579 0.4000000060
85486  31.823  0.907  34.904 0.3000000119
90488  39.866  7.748  33.913 0.6999999881
89628  39.476  6.148  33.952 0.6000000238
88767  39.951  5.081  34.157 0.5000000000
87156  37.836  3.913  34.409 0.4000000060
87157  36.826  3.639  34.521 0.3000000119
87158  35.875  3.181  34.835 0.4000000060
87146  34.996  3.292  35.464 0.4000000060
71923  28.957  -13.787  37.998 0.1000000015
72783  29.137  -12.991  37.837 0.1000000015
130060  27.846  -11.159  39.160 0.1000000015
69268  35.049  -17.288  38.928 0.1000000015
69282  34.787  -16.987  38.050 0.1000000015
74545  29.990  -10.739  38.662 0.1000000015
70207  35.261  -16.090  37.036 0.1000000015
127154  36.690  -16.109  37.081 0.1000000015
130222  35.445  -15.564  36.618 0.1000000015
71113  36.507  -14.898  36.001 0.1000000015
70223  37.667  -15.383  36.456 0.1000000015
72815  40.569  -12.958  35.141 0.1000000015
124735  39.839  -11.965  34.246 0.1000000015
74501  34.601  -10.734  40.404 0.1000000015
76383  46.612  -8.449  35.374 0.2000000030
75472  46.231  -9.185  35.741 0.2000000030
75486  44.131  -9.391  34.467 0.2000000030
74592  41.642  -10.573  34.022 0.2000000030
74593  40.828  -10.742  33.801 0.1000000015
72828  40.724  -12.135  34.619 0.1000000015
77343  44.097  -7.409  33.786 0.2000000030
76405  43.682  -7.972  33.769 0.2000000030
75495  42.758  -8.815  33.730 0.2000000030
74589  44.340  -10.243  35.121 0.2000000030
74578  42.974  -10.860  34.734 0.2000000030
75496  42.036  -8.962  33.576 0.2000000030
74601  41.870  -9.754  33.757 0.2000000030
78253  43.744  -6.717  33.719 0.2000000030
77345  42.563  -7.471  33.555 0.1000000015
77346  41.254  -7.494  33.655 0.1000000015
78255  41.993  -6.909  33.687 0.1000000015
77347  40.636  -8.082  33.577 0.1000000015
80054  47.430  -4.323  35.297 0.2000000030
133233  47.861  -3.272  36.092 0.2000000030
77334  41.226  -6.896  33.979 0.1000000015
73591  39.755  -11.384  43.412 0.2000000030
81867  49.174  -2.755  36.657 0.2000000030
75381  38.565  -9.231  42.998 0.2000000030
81813  47.213  -2.543  43.215 0.2000000030
80881  46.608  -3.029  43.159 0.2000000030
77259  36.768  -7.768  41.510 0.2000000030
81807  47.260  -2.362  43.326 0.2000000030
78182  35.341  -6.775  40.507 0.2000000030
82760  44.171  -1.314  40.409 0.2000000030
147645  32.759  -5.579  39.169 0.2000000030
80019  30.824  -3.950  38.536 0.3000000119
82808  30.002  -1.995  35.960 0.2000000030
138071  29.401  0.103  36.352 0.3000000119
82797  29.254  -1.533  37.190 0.3000000119
147687  30.327  0.694  35.615 0.3000000119
131048  32.842  2.685  35.336 0.3000000119
86327  31.970  2.514  35.358 0.3000000119
89617  41.290  5.784  34.544 0.6999999881
87141  39.175  4.180  34.597 0.4000000060
87142  38.430  4.018  34.892 0.4000000060
144310  36.862  3.862  35.266 0.4000000060
87145  35.712  3.424  35.353 0.3000000119
87946  34.536  4.091  35.665 0.3000000119
69278  38.397  -17.164  38.453 0.1000000015
69295  38.044  -16.776  37.612 0.1000000015
70203  39.460  -15.923  37.362 0.2000000030
70204  38.599  -16.086  37.141 0.1000000015
70185  40.644  -16.047  38.291 0.1000000015
71109  40.321  -14.645  36.535 0.2000000030
135982  38.767  -15.048  36.320 0.1000000015
148243  39.402  -14.319  35.871 0.1000000015
71945  40.721  -14.003  36.138 0.2000000030
74568  45.303  -10.557  36.468 0.2000000030
72814  41.480  -12.604  35.270 0.2000000030
73683  43.973  -11.368  35.898 0.2000000030
73674  44.394  -11.463  36.495 0.2000000030
77261  35.284  -7.677  41.769 0.2000000030
78183  34.485  -6.644  40.663 0.2000000030
80018  31.467  -4.575  38.925 0.2000000030
80008  31.577  -4.481  39.706 0.2000000030
79073  32.613  -5.339  40.764 0.2000000030
80007  32.114  -4.905  40.206 0.2000000030
80930  30.233  -3.149  38.478 0.2000000030
81850  29.774  -2.432  38.308 0.3000000119
83740  29.197  -0.683  37.671 0.3000000119
84616  28.970  0.870  37.329 0.3000000119
84623  29.213  0.864  36.606 0.3000000119
86316  29.531  2.563  36.435 0.3000000119
147637  29.986  2.625  36.062 0.3000000119
87949  31.742  4.060  35.665 0.3000000119
87148  31.587  3.303  35.551 0.3000000119
87149  31.012  2.807  35.593 0.3000000119
87133  30.220  3.086  36.022 0.3000000119
87958  40.205  4.378  34.627 0.6000000238
87942  38.158  4.178  35.596 0.4000000060
87929  34.050  4.898  35.931 0.4000000060
87947  32.665  4.333  35.645 0.3000000119
70184  41.411  -15.706  38.558 0.1000000015
70176  40.941  -16.301  39.064 0.1000000015
71096  42.274  -14.464  37.669 0.1000000015
71937  41.898  -14.117  37.006 0.2000000030
71108  41.134  -14.405  36.748 0.2000000030
76287  36.551  -8.684  43.247 0.1000000015
76288  35.913  -8.264  43.292 0.1000000015
79072  33.114  -5.817  41.285 0.2000000030
80906  31.037  -3.139  39.950 0.2000000030
82786  29.913  -1.725  38.816 0.2000000030
130787  28.915  1.559  37.763 0.3000000119
84612  29.202  0.773  38.219 0.3000000119
87126  29.170  3.355  37.151 0.3000000119
139503  40.703  4.441  35.658 0.5000000000
88734  39.730  5.471  37.412 0.3000000119
88735  38.810  5.547  37.348 0.4000000060
88736  37.490  5.691  37.030 0.4000000060
87926  36.791  4.690  36.261 0.4000000060
148741  31.436  5.185  36.510 0.3000000119
87933  29.651  3.978  36.924 0.3000000119
139535  36.133  5.324  36.390 0.4000000060
89606  35.030  6.393  36.751 0.4000000060
88751  34.471  5.635  36.330 0.4000000060
88752  33.493  5.636  36.325 0.4000000060
88759  32.660  5.254  36.085 0.4000000060
87930  32.026  5.570  36.545 0.4000000060
71906  45.192  -14.111  40.021 0.1000000015
71074  43.698  -14.791  39.362 0.1000000015
71920  44.456  -13.446  38.685 0.1000000015
71081  43.376  -14.474  38.638 0.1000000015
71921  43.763  -13.795  38.276 0.1000000015
82764  31.624  -1.681  40.348 0.2000000030
85449  29.820  1.249  39.598 0.2000000030
83726  30.069  -0.028  39.158 0.2000000030
83733  30.031  -0.764  39.017 0.2000000030
84606  29.668  0.634  39.009 0.2000000030
85450  29.192  1.532  38.792 0.2000000030
131806  28.781  2.914  37.992 0.3000000119
86304  28.717  3.258  38.767 0.2000000030
130814  29.375  4.115  37.479 0.3000000119
89593  37.626  6.389  37.330 0.3000000119
89605  35.964  6.080  36.654 0.4000000060
133101  36.752  6.441  37.131 0.4000000060
88740  30.544  5.530  37.713 0.3000000119
87918  29.956  4.718  37.344 0.3000000119
89608  33.320  6.300  36.868 0.4000000060
89596  33.622  6.744  37.468 0.4000000060
89597  32.753  6.557  37.493 0.4000000060
88739  31.394  5.768  37.255 0.4000000060
148278  30.356  2.966  43.161 0.2000000030
87892  29.925  4.031  43.769 0.2000000030
87889  29.852  4.765  44.034 0.2000000030
143566  30.592  1.884  41.348 0.2000000030
86276  30.377  2.597  42.602 0.2000000030
86278  30.053  2.300  41.758 0.2000000030
83718  31.525  -0.347  40.041 0.2000000030
85443  30.559  1.042  40.112 0.2000000030
85427  30.629  1.529  40.758 0.2000000030
87893  29.357  4.724  43.540 0.2000000030
87104  29.772  3.306  43.006 0.2000000030
87105  28.909  3.535  42.405 0.2000000030
125732  28.598  4.129  42.536 0.2000000030
87108  28.583  3.188  41.580 0.2000000030
85428  29.927  2.054  41.029 0.2000000030
85444  29.902  1.719  40.308 0.2000000030
88707  28.201  5.372  42.654 0.3000000119
87109  28.019  3.745  41.349 0.2000000030
87899  27.790  4.396  41.602 0.2000000030
135745  28.421  3.378  40.126 0.2000000030
86291  29.241  2.318  40.620 0.2000000030
86292  28.724  2.774  40.324 0.2000000030
87913  28.222  4.155  40.037 0.2000000030
147147  28.586  4.357  39.340 0.2000000030
140765  28.945  5.528  39.006 0.2000000030
88725  28.448  5.104  39.591 0.2000000030
140897  38.648  7.163  37.518 0.3000000119
143782  37.844  7.106  37.468 0.3000000119
90462  35.511  7.532  37.642 0.4000000060
139562  35.106  6.998  37.408 0.4000000060
88728  30.161  5.996  38.406 0.2000000030
88724  29.320  6.210  38.848 0.2000000030
91321  35.911  8.242  37.852 0.4000000060
139029  34.725  7.507  37.813 0.4000000060
89584  32.362  7.063  38.224 0.4000000060
89567  27.373  6.548  41.959 0.3000000119
88710  27.374  5.901  41.625 0.2000000030
88713  27.462  5.874  40.833 0.2000000030
87902  27.859  5.007  40.441 0.2000000030
89587  30.029  6.823  38.638 0.3000000119
90452  28.730  7.538  38.974 0.3000000119
89769  52.405  6.402  19.280 0.2000000030
88920  51.274  5.834  19.331 0.3000000119
88921  50.087  5.473  19.909 0.2000000030
138907  37.218  11.606  37.118 0.4000000060
92265  51.643  9.658  19.190 0.4000000060
92266  51.298  10.019  19.714 0.4000000060
91474  52.027  8.367  18.913 0.4000000060
90610  52.503  7.474  19.720 0.4000000060
90624  51.959  7.451  19.095 0.4000000060
90623  52.244  7.358  19.353 0.2000000030
91460  52.404  8.540  20.196 0.3000000119
89756  50.960  6.788  19.704 0.3000000119
89757  49.832  6.544  20.212 0.2000000030
88905  49.462  5.861  20.451 0.2000000030
88083  49.169  5.077  20.484 0.2000000030
88084  48.720  4.193  20.388 0.1000000015
135012  48.450  4.869  21.021 0.1000000015
88893  46.935  5.078  21.499 0.1000000015
88072  46.260  4.426  21.840 0.1000000015
98065  33.577  17.538  40.213 0.2000000030
134208  33.473  17.574  38.073 0.2000000030
97373  33.198  17.058  39.515 0.2000000030
90457  40.453  7.111  37.883 0.3000000119
92267  50.542  10.125  19.652 0.4000000060
93069  50.981  10.281  18.973 0.4000000060
92249  50.217  9.611  20.535 0.4000000060
91490  50.736  9.647  18.035 0.4000000060
88904  50.318  6.116  20.109 0.2000000030
88906  48.482  5.591  20.855 0.2000000030
88071  47.169  4.400  21.611 0.1000000015
88907  47.563  5.656  21.112 0.1000000015
88908  46.626  5.711  21.007 0.1000000015
88073  45.439  4.668  21.696 0.1000000015
88894  46.018  5.177  21.423 0.1000000015
88910  44.799  5.485  20.212 0.2000000030
88085  44.246  4.949  20.695 0.2000000030
88105  42.687  5.041  18.593 0.2000000030
88934  41.725  5.392  18.346 0.2000000030
91461  48.112  8.991  20.832 0.4000000060
142431  48.655  9.425  20.260 0.4000000060
129624  49.764  10.239  19.223 0.4000000060
93077  50.568  10.249  18.291 0.4000000060
91503  50.167  9.685  17.601 0.4000000060
91491  49.991  9.101  17.624 0.3000000119
90626  49.790  7.682  19.387 0.3000000119
90627  48.868  7.488  19.531 0.3000000119
90612  49.362  7.053  20.138 0.3000000119
89771  48.500  6.874  20.162 0.3000000119
136267  48.114  7.233  19.534 0.3000000119
89758  48.954  6.357  20.481 0.2000000030
89759  48.085  6.264  20.661 0.2000000030
89760  47.167  6.236  20.524 0.1000000015
89761  46.252  6.163  20.227 0.1000000015
88909  45.708  5.652  20.655 0.1000000015
146906  39.620  4.621  21.370 0.1000000015
88923  44.595  5.819  19.231 0.2000000030
88924  43.816  5.190  19.593 0.2000000030
88090  39.976  4.824  20.814 0.1000000015
88911  40.356  5.122  20.311 0.1000000015
88925  41.320  5.065  18.974 0.2000000030
132501  48.786  9.848  19.349 0.4000000060
93071  49.509  10.355  18.407 0.4000000060
92295  49.551  10.110  17.357 0.4000000060
91504  49.392  9.649  17.169 0.4000000060
92296  48.865  10.009  16.819 0.4000000060
91492  49.037  8.864  17.428 0.4000000060
90637  49.262  8.268  18.503 0.3000000119
91493  48.192  8.543  17.239 0.4000000060
139351  48.474  8.293  18.032 0.3000000119
134426  48.296  7.715  18.792 0.3000000119
89772  47.655  6.768  19.965 0.3000000119
89773  46.717  6.673  19.551 0.2000000030
89774  45.933  6.397  19.484 0.2000000030
88078  39.116  4.933  21.884 0.1000000015
88922  45.422  5.992  19.801 0.2000000030
88927  40.257  5.758  19.843 0.2000000030
141844  40.795  5.480  19.230 0.2000000030
93086  48.235  10.061  16.749 0.5000000000
92311  48.288  9.617  16.589 0.5000000000
91512  47.977  9.066  16.429 0.4000000060
91506  47.779  8.654  16.531 0.4000000060
90638  47.768  7.935  18.031 0.3000000119
90645  47.456  8.110  17.083 0.4000000060
129976  46.036  6.736  18.786 0.2000000030
89776  40.474  6.177  19.120 0.2000000030
89777  39.785  6.581  19.525 0.2000000030
88935  41.053  5.742  18.664 0.2000000030
89762  39.473  6.299  20.244 0.2000000030
89778  39.106  7.029  19.919 0.2000000030
90663  45.626  7.812  15.197 0.3000000119
89799  44.300  6.672  15.741 0.3000000119
88939  44.121  6.115  17.190 0.3000000119
88940  43.414  5.726  17.224 0.2000000030
88932  43.139  5.371  18.034 0.2000000030
90664  44.822  7.684  14.940 0.3000000119
144193  44.406  7.092  15.062 0.3000000119
89800  43.537  6.411  16.114 0.3000000119
88933  42.413  5.303  18.134 0.2000000030
140647  42.844  6.252  16.365 0.2000000030
89793  42.444  5.917  16.883 0.2000000030
88941  42.783  5.542  17.387 0.2000000030
89784  41.379  6.113  18.021 0.2000000030
89794  41.683  6.377  17.226 0.2000000030
90631  39.429  7.300  19.224 0.2000000030
89785  40.690  6.500  18.439 0.2000000030
89786  40.091  6.914  18.876 0.2000000030
90665  44.060  7.630  14.880 0.3000000119
91522  44.437  8.341  14.950 0.4000000060
90666  43.233  7.597  15.253 0.4000000060
89801  42.140  6.727  16.362 0.2000000030
89806  42.976  6.807  15.798 0.3000000119
90617  38.329  7.418  20.273 0.1000000015
90618  37.457  7.796  20.578 0.2000000030
89795  40.862  6.962  17.679 0.2000000030
91485  36.001  9.320  19.901 0.2000000030
92327  42.307  9.712  15.320 0.4000000060
90633  37.923  8.085  19.863 0.1000000015
93036  36.310  10.512  24.373 0.3000000119
91524  42.618  9.102  15.153 0.4000000060
90667  42.646  8.285  15.268 0.4000000060
90632  38.732  7.678  19.561 0.2000000030
90656  42.412  7.483  15.675 0.3000000119
90641  39.742  7.562  18.519 0.2000000030
90642  39.117  7.973  18.884 0.2000000030
90648  41.300  7.237  16.858 0.2000000030
137389  40.670  7.643  17.177 0.3000000119
91469  35.324  9.229  20.424 0.2000000030
93065  35.410  10.191  20.359 0.3000000119
92334  41.565  10.311  15.284 0.4000000060
93795  36.796  11.080  23.971 0.4000000060
93044  35.728  10.047  23.858 0.3000000119
91525  41.838  8.649  15.421 0.3000000119
91468  36.915  8.596  20.063 0.2000000030
93050  35.595  10.066  22.938 0.3000000119
90657  41.606  7.735  15.975 0.3000000119
90658  40.856  7.973  16.527 0.4000000060
90649  40.149  7.780  17.744 0.2000000030
90640  40.335  7.184  18.282 0.2000000030
93820  35.933  10.864  19.900 0.3000000119
93059  35.238  10.215  21.050 0.3000000119
125826  36.698  11.150  24.845 0.3000000119
92335  41.080  10.521  14.925 0.4000000060
91515  41.037  8.516  15.871 0.4000000060
91526  41.176  9.181  15.422 0.4000000060
93800  36.818  11.026  23.083 0.3000000119
93806  36.750  11.102  22.198 0.3000000119
93049  36.227  10.513  22.562 0.3000000119
93815  35.900  10.732  20.679 0.3000000119
93813  37.268  11.704  21.831 0.3000000119
93110  40.968  11.286  14.596 0.4000000060
93103  40.639  10.767  14.788 0.4000000060
92320  39.757  9.643  16.141 0.4000000060
91499  39.440  8.243  18.143 0.3000000119
92329  40.902  9.894  15.103 0.4000000060
92330  40.240  10.134  15.331 0.4000000060
141400  40.509  8.560  16.368 0.4000000060
91509  39.717  8.560  17.378 0.3000000119
93799  37.289  11.644  23.535 0.4000000060
142648  37.675  12.243  23.838 0.4000000060
94549  37.800  12.666  24.422 0.4000000060
94543  37.399  12.572  25.239 0.4000000060
92319  40.510  9.237  15.806 0.4000000060
91508  40.319  8.254  17.001 0.3000000119
92275  36.043  9.976  19.390 0.3000000119
94565  37.792  12.249  22.260 0.3000000119
93805  37.312  11.615  22.680 0.4000000060
94557  37.776  12.224  23.117 0.4000000060
93074  35.870  10.467  19.673 0.3000000119
93819  36.372  11.362  20.281 0.3000000119
94616  40.947  12.882  13.839 0.4000000060
93853  40.376  12.184  13.864 0.4000000060
94617  40.406  12.852  13.689 0.4000000060
93105  39.284  11.324  15.290 0.4000000060
91500  38.758  8.604  18.523 0.2000000030
142593  38.111  8.855  18.856 0.2000000030
91484  37.607  8.750  19.395 0.3000000119
148997  37.959  13.083  24.957 0.4000000060
95295  37.722  13.317  25.553 0.4000000060
95294  38.009  13.922  25.966 0.4000000060
95303  38.348  13.270  24.385 0.4000000060
130198  38.425  13.640  25.130 0.4000000060
92274  36.786  9.346  19.393 0.3000000119
94564  38.281  12.805  22.716 0.4000000060
94556  38.204  12.900  23.612 0.4000000060
94574  36.974  11.914  20.641 0.3000000119
93814  36.618  11.329  21.240 0.3000000119
94588  36.508  11.844  18.989 0.3000000119
134702  36.314  11.398  19.588 0.3000000119
94582  36.712  11.938  19.753 0.3000000119
94573  37.659  12.452  21.215 0.3000000119
97482  35.270  16.526  27.581 0.4000000060
96765  35.700  15.619  27.626 0.4000000060
96764  36.456  15.501  27.547 0.6000000238
95369  41.360  14.580  14.179 0.4000000060
142532  36.633  15.050  27.453 0.6000000238
96003  37.977  14.841  27.258 0.6000000238
94610  39.787  12.547  14.019 0.4000000060
93098  38.700  10.955  16.210 0.4000000060
96015  37.543  14.204  26.662 0.6000000238
95286  37.342  13.572  26.206 0.4000000060
92306  38.661  9.709  17.411 0.3000000119
96014  38.412  14.436  26.602 0.5000000000
92290  38.223  9.344  18.246 0.3000000119
140704  37.478  9.868  18.367 0.3000000119
92291  37.484  9.359  18.852 0.3000000119
143671  38.816  13.687  24.433 0.4000000060
95311  38.760  13.336  23.024 0.5000000000
128456  38.787  13.515  23.788 0.5000000000
93082  36.578  10.776  18.490 0.3000000119
93073  36.200  10.654  19.012 0.3000000119
94572  38.287  12.872  21.911 0.5000000000
93828  36.450  11.323  18.668 0.3000000119
94587  36.957  12.376  19.232 0.3000000119
95328  38.078  13.123  20.487 0.3000000119
124262  36.046  17.039  27.426 0.3000000119
123817  37.045  15.965  27.621 0.5000000000
95377  39.975  13.360  13.825 0.4000000060
123242  37.141  15.259  27.460 0.5000000000
93846  39.247  12.199  15.004 0.4000000060
94603  38.657  12.688  15.839 0.4000000060
96002  38.866  14.840  27.087 0.6000000238
93099  37.926  11.394  16.774 0.4000000060
93090  37.465  10.925  17.492 0.4000000060
96013  39.394  14.623  26.540 0.6000000238
93081  37.132  10.509  18.152 0.3000000119
96024  39.135  14.025  24.878 0.6000000238
94594  36.851  12.007  18.189 0.3000000119
94593  37.343  12.766  18.216 0.4000000060
95310  39.294  13.798  23.274 0.5000000000
95302  39.325  13.905  24.067 0.5000000000
95319  38.669  13.251  22.347 0.5000000000
95318  39.184  13.745  22.366 0.5000000000
139354  36.972  12.395  18.691 0.3000000119
95335  37.914  13.216  19.692 0.4000000060
94581  37.405  12.567  20.000 0.3000000119
126160  38.284  13.127  21.238 0.5000000000
143948  38.724  13.459  21.679 0.5000000000
98169  37.428  17.321  27.372 0.3000000119
149012  36.700  17.403  27.310 0.3000000119
95375  41.065  14.347  13.864 0.5000000000
97480  37.667  16.520  27.539 0.5000000000
97481  36.837  16.717  27.502 0.4000000060
96109  40.137  14.475  14.723 0.5000000000
96763  37.896  15.699  27.536 0.5000000000
95361  39.386  13.963  15.629 0.4000000060
96762  38.912  15.487  27.411 0.6000000238
94604  38.056  12.918  16.808 0.4000000060
93832  37.332  11.751  17.438 0.4000000060
128298  38.348  13.482  17.022 0.4000000060
94599  37.487  12.486  17.475 0.4000000060
95356  37.854  13.266  17.629 0.4000000060
95350  37.751  13.353  18.410 0.4000000060
96032  39.902  14.249  24.525 0.6000000238
95341  38.149  13.684  19.027 0.5000000000
96083  38.736  14.295  18.559 0.5000000000
142921  39.969  14.189  23.570 0.6999999881
96075  38.825  14.173  19.459 0.5000000000
95334  38.460  13.639  19.972 0.5000000000
96068  38.992  14.081  20.370 0.5000000000
96061  39.209  14.058  21.337 0.5000000000
96060  39.786  14.283  22.060 0.5000000000
96049  39.697  14.102  22.804 0.6999999881
142446  39.875  14.580  21.243 0.5000000000
96066  39.939  14.862  20.428 0.5000000000
96862  41.399  15.269  14.519 0.5000000000
96856  41.275  15.789  15.157 0.6000000238
96099  39.795  14.707  15.883 0.5000000000
95362  38.707  13.395  16.276 0.4000000060
96089  39.501  14.870  16.982 0.5000000000
96022  40.370  14.496  25.316 0.6999999881
96090  38.802  14.323  17.692 0.5000000000
147305  40.370  14.336  24.034 0.6999999881
96074  39.312  14.748  18.990 0.6000000238
96048  40.349  14.426  22.737 0.6999999881
96822  39.909  15.112  19.499 0.6000000238
96067  39.393  14.562  19.911 0.6000000238
132265  40.557  14.714  21.823 0.6000000238
96821  40.653  15.382  20.088 0.6000000238
147272  40.864  15.039  21.389 0.6000000238
96814  41.144  15.332  20.958 0.6000000238
97565  43.070  16.493  15.253 0.5000000000
97557  43.647  17.096  15.783 0.6000000238
96857  40.378  15.391  16.052 0.5000000000
96845  41.777  16.323  15.580 0.6000000238
139790  40.933  16.106  16.717 0.6000000238
97558  42.552  16.789  16.237 0.6999999881
96847  40.169  15.540  17.194 0.6000000238
96837  40.649  15.851  17.864 0.6000000238
97550  43.194  17.247  16.883 0.6999999881
96838  39.906  15.353  18.463 0.6000000238
96830  40.516  15.645  19.001 0.6000000238
97543  41.780  16.304  19.017 0.6000000238
126459  41.128  15.850  19.381 0.6999999881
96819  42.531  16.166  20.422 0.6999999881
97542  42.666  16.782  18.442 0.6000000238
140720  42.323  16.347  19.549 0.6999999881
98068  33.509  17.717  38.891 0.2000000030
90629  46.642  7.113  18.669 0.3000000119
89781  46.251  7.187  17.919 0.3000000119
89782  45.483  6.702  18.019 0.2000000030
89783  44.540  6.187  18.152 0.2000000030
137692  43.220  5.145  18.794 0.2000000030
88931  43.766  5.767  17.816 0.2000000030
92312  47.727  9.408  16.364 0.5000000000
91513  47.354  8.586  16.093 0.4000000060
90662  46.298  7.957  15.397 0.3000000119
90653  46.748  7.897  15.833 0.3000000119
93079  49.244  10.316  17.506 0.4000000060
92283  48.433  10.289  17.240 0.4000000060
91523  43.533  8.568  15.036 0.4000000060
97551  42.083  16.667  17.737 0.6000000238
92246  52.104  9.259  20.571 0.4000000060
92256  51.185  9.813  20.318 0.4000000060
89770  51.965  6.378  19.091 0.3000000119
92254  52.218  9.197  19.745 0.4000000060
91473  52.312  8.378  19.404 0.4000000060
92280  51.032  9.930  18.353 0.4000000060
91489  51.419  9.158  18.541 0.4000000060
90625  50.851  7.710  19.250 0.3000000119
90611  50.135  7.155  19.915 0.3000000119
93078  50.011  10.335  17.883 0.4000000060
137846  50.725  9.189  18.059 0.4000000060
88942  42.085  5.672  17.621 0.2000000030
90636  50.428  8.478  18.486 0.4000000060
90628  47.409  7.309  18.970 0.3000000119
125670  43.824  5.574  18.594 0.2000000030
89775  45.304  6.345  18.942 0.2000000030
90639  47.008  7.562  17.948 0.3000000119
90646  46.715  7.651  16.851 0.3000000119
89790  45.853  7.156  17.107 0.3000000119
90655  45.012  7.272  15.369 0.3000000119
90654  45.852  7.529  15.676 0.3000000119
90647  46.208  7.480  16.248 0.3000000119
89805  43.809  6.875  15.281 0.3000000119
89798  45.030  6.942  16.096 0.3000000119
133360  45.011  6.623  17.066 0.3000000119
92328  41.624  9.673  15.216 0.4000000060
93794  37.255  11.854  24.471 0.4000000060
93104  39.970  10.911  14.747 0.4000000060
91516  40.025  8.917  16.621 0.3000000119
93097  39.485  10.459  15.670 0.4000000060
91510  39.063  8.964  17.798 0.3000000119
92305  39.395  9.312  17.011 0.3000000119
124057  38.809  14.167  25.785 0.5000000000
124755  36.214  16.217  27.592 0.4000000060
96004  36.904  14.565  27.213 0.6000000238
92321  39.070  10.108  16.610 0.4000000060
93838  38.498  11.825  15.947 0.4000000060
92307  37.865  10.122  17.776 0.3000000119
93089  38.264  10.528  17.032 0.3000000119
127023  34.520  17.284  27.502 0.2000000030
95371  39.687  13.745  14.508 0.5000000000
96023  39.607  14.330  25.517 0.6000000238
96846  40.932  15.969  16.010 0.6000000238
96836  41.461  16.400  17.113 0.6000000238
89791  45.593  7.142  16.414 0.3000000119
91311  28.809  8.280  38.771 0.2000000030
96640  30.471  15.148  38.999 0.2000000030
95901  30.137  14.688  38.352 0.2000000030
95902  29.550  14.096  38.452 0.2000000030
95913  30.134  14.146  37.790 0.2000000030
94442  29.099  12.338  38.217 0.2000000030
93691  28.706  11.576  38.502 0.2000000030
94454  30.198  12.657  37.496 0.2000000030
93706  29.979  11.393  37.807 0.2000000030
92947  30.043  10.618  38.056 0.2000000030
92934  28.887  10.190  38.464 0.2000000030
91294  28.116  8.156  39.224 0.2000000030
93705  30.746  11.743  37.429 0.2000000030
92946  30.713  10.776  37.838 0.2000000030
126017  29.714  10.079  38.301 0.2000000030
92133  31.117  9.330  38.452 0.3000000119
136154  30.776  8.495  38.556 0.2000000030
130173  29.689  14.585  39.062 0.2000000030
142092  30.680  15.108  38.243 0.2000000030
95169  28.488  13.466  39.471 0.2000000030
94444  28.111  11.878  39.102 0.2000000030
95194  30.566  13.523  37.313 0.2000000030
94453  31.013  12.714  37.083 0.2000000030
95168  29.043  14.028  39.152 0.2000000030
94427  28.238  12.723  39.255 0.2000000030
93679  27.633  11.289  39.576 0.2000000030
136624  27.627  7.992  39.693 0.2000000030
92932  31.361  10.125  38.183 0.2000000030
92906  27.279  10.603  40.098 0.2000000030
91295  27.578  8.766  39.590 0.2000000030
148391  31.841  9.511  38.446 0.3000000119
97370  33.423  16.627  40.340 0.1000000015
97371  32.920  16.252  39.931 0.1000000015
96638  32.204  15.852  39.612 0.1000000015
96639  31.358  15.544  39.329 0.2000000030
97374  32.624  16.411  39.095 0.1000000015
97375  31.936  15.885  38.795 0.1000000015
96634  30.751  15.292  39.950 0.2000000030
95885  29.248  14.424  39.812 0.2000000030
97387  31.791  15.920  38.061 0.1000000015
96651  31.207  15.496  38.497 0.2000000030
95880  28.807  14.146  40.441 0.2000000030
95170  27.875  13.018  39.926 0.2000000030
95912  31.013  14.414  37.267 0.2000000030
94469  31.784  12.807  36.686 0.2000000030
95159  28.308  13.646  40.158 0.2000000030
93667  27.364  11.540  40.236 0.2000000030
92116  27.350  9.658  39.856 0.2000000030
93704  31.627  11.957  37.022 0.3000000119
92945  31.670  10.967  37.602 0.2000000030
91286  27.338  8.151  40.188 0.2000000030
137801  32.199  10.166  38.202 0.3000000119
90448  32.649  7.826  38.505 0.3000000119
89544  37.881  6.509  45.346 0.1000000015
141005  36.957  4.266  45.661 0.1000000015
98738  33.783  18.261  40.119 0.1000000015
144121  33.564  17.798  39.596 0.1000000015
96631  33.427  15.900  40.617 0.1000000015
96632  32.589  15.701  40.379 0.1000000015
83717  32.773  -0.279  40.768 0.1000000015
82763  32.145  -0.825  40.392 0.1000000015
97386  32.411  16.439  38.307 0.1000000015
146034  30.316  15.006  40.555 0.2000000030
95926  31.792  15.069  37.006 0.2000000030
95879  29.568  14.610  40.733 0.2000000030
95925  32.549  14.771  36.483 0.2000000030
135722  31.994  13.487  36.514 0.2000000030
93719  32.285  12.231  36.716 0.3000000119
95155  28.920  14.118  41.373 0.2000000030
92905  27.249  10.238  40.914 0.2000000030
93718  33.005  12.040  36.624 0.3000000119
93703  32.407  11.509  37.071 0.3000000119
91284  27.311  8.582  40.885 0.2000000030
93702  33.261  11.310  37.126 0.3000000119
92931  33.048  10.137  38.285 0.2000000030
91308  32.973  8.664  38.612 0.3000000119
90402  39.441  8.052  45.206 0.1000000015
136651  39.533  7.116  45.360 0.1000000015
136652  40.636  6.938  45.436 0.1000000015
91254  38.642  8.427  45.292 0.1000000015
90403  38.513  7.480  45.186 0.1000000015
135147  37.617  7.392  45.064 0.1000000015
89545  36.942  6.726  45.168 0.1000000015
88691  37.265  5.741  45.485 0.1000000015
146896  36.572  5.877  45.409 0.1000000015
87880  36.017  4.416  45.624 0.1000000015
87091  35.579  3.491  45.474 0.1000000015
132259  35.337  5.072  45.561 0.1000000015
87092  34.678  3.508  45.422 0.1000000015
86267  34.405  2.199  43.747 0.1000000015
138718  34.018  18.937  41.302 0.1000000015
85424  33.536  0.926  41.605 0.1000000015
98063  33.739  17.294  40.886 0.1000000015
84585  32.627  0.386  40.871 0.1000000015
98737  34.066  18.804  40.626 0.1000000015
84599  32.042  0.164  40.399 0.1000000015
98742  33.990  18.397  39.260 0.1000000015
97393  32.878  16.889  37.768 0.1000000015
96633  31.657  15.525  40.182 0.2000000030
97410  32.643  16.290  37.257 0.1000000015
133144  30.414  14.876  41.458 0.2000000030
126485  33.794  16.703  36.709 0.1000000015
96669  33.381  15.303  36.248 0.2000000030
94415  27.884  12.816  41.463 0.2000000030
93665  27.342  11.634  40.891 0.2000000030
92107  27.284  9.440  40.567 0.2000000030
96687  34.279  15.340  35.879 0.2000000030
95212  33.440  13.530  36.125 0.2000000030
94468  32.664  12.940  36.424 0.2000000030
148826  27.315  7.984  40.778 0.2000000030
95944  33.941  14.728  35.861 0.2000000030
94466  34.492  12.476  36.302 0.2000000030
92943  33.564  10.703  37.835 0.3000000119
92942  34.420  10.680  38.014 0.3000000119
92930  33.882  10.148  38.346 0.2000000030
90447  33.476  7.979  38.416 0.3000000119
92130  34.205  9.517  38.490 0.4000000060
90446  34.279  8.120  38.247 0.3000000119
90463  33.953  7.375  37.960 0.3000000119
137239  43.759  6.374  45.745 0.1000000015
87873  43.732  4.792  45.751 0.1000000015
136511  42.015  7.190  45.467 0.1000000015
88668  44.115  5.609  46.375 0.1000000015
91253  40.331  8.529  45.378 0.1000000015
142126  43.897  7.986  45.832 0.1000000015
89533  44.192  6.845  46.144 0.1000000015
92073  39.314  9.060  45.687 0.1000000015
92072  40.514  9.194  45.694 0.1000000015
91252  41.389  8.895  45.564 0.1000000015
90400  42.726  8.131  45.591 0.1000000015
91240  43.495  8.774  47.613 0.1000000015
90404  37.729  8.058  44.954 0.1000000015
133419  42.589  8.970  45.731 0.1000000015
92070  43.398  9.352  46.203 0.1000000015
91239  44.091  9.173  47.086 0.1000000015
89546  36.272  7.403  44.787 0.1000000015
89555  35.461  7.256  44.725 0.1000000015
132216  35.967  6.423  45.184 0.1000000015
146597  35.438  5.802  45.380 0.1000000015
86250  35.155  2.869  45.183 0.1000000015
89547  35.090  6.430  45.122 0.1000000015
88693  34.804  5.639  45.403 0.1000000015
88694  33.996  5.284  45.437 0.1000000015
86266  35.327  2.157  43.726 0.1000000015
143471  33.088  5.247  45.359 0.1000000015
131947  34.277  4.306  45.513 0.1000000015
128681  33.802  3.596  45.365 0.1000000015
87093  33.323  3.053  45.061 0.1000000015
86268  33.496  2.273  43.667 0.1000000015
86273  33.188  1.983  42.841 0.1000000015
85416  33.791  1.485  42.196 0.1000000015
86262  32.018  2.853  44.172 0.1000000015
86270  31.707  2.545  43.415 0.1000000015
85417  32.919  1.608  42.065 0.1000000015
86271  30.889  2.758  43.270 0.1000000015
85418  31.963  1.745  41.882 0.1000000015
85425  32.674  1.035  41.358 0.1000000015
98734  33.940  18.800  41.849 0.1000000015
98735  33.772  18.237  41.012 0.1000000015
98731  34.065  18.671  42.523 0.1000000015
98059  33.864  17.994  41.733 0.1000000015
98062  34.179  16.916  41.462 0.1000000015
99475  38.755  19.820  39.754 0.1000000015
97368  34.078  16.196  41.032 0.1000000015
96627  32.024  15.358  40.998 0.2000000030
96628  31.052  15.263  40.823 0.2000000030
95876  29.681  14.455  41.670 0.2000000030
90427  27.350  7.748  41.378 0.2000000030
95943  34.631  14.642  35.685 0.2000000030
135991  27.565  12.022  41.519 0.2000000030
92903  27.520  10.181  41.904 0.2000000030
95942  35.457  14.529  35.590 0.2000000030
94476  35.064  13.098  35.953 0.2000000030
93716  34.702  11.685  36.714 0.3000000119
94465  35.374  12.274  36.343 0.3000000119
93700  34.970  11.148  37.501 0.3000000119
94464  36.206  12.493  36.231 0.3000000119
136666  35.885  11.181  37.527 0.3000000119
92941  35.264  10.660  38.132 0.3000000119
142963  36.553  11.486  37.049 0.3000000119
92927  36.203  10.566  38.155 0.3000000119
91305  35.482  9.078  38.283 0.4000000060
93699  36.789  11.157  37.837 0.3000000119
92928  35.433  10.016  38.366 0.3000000119
91322  35.084  8.230  38.061 0.3000000119
130795  37.500  9.953  38.069 0.3000000119
92127  36.784  10.071  38.183 0.3000000119
135893  37.761  9.020  37.707 0.2000000030
136650  38.967  8.075  37.541 0.2000000030
87069  44.441  3.782  47.485 0.1000000015
87856  44.310  4.756  46.851 0.1000000015
92074  38.294  8.845  45.705 0.1000000015
92056  39.925  9.581  46.144 0.1000000015
92055  41.268  9.631  46.352 0.1000000015
91234  43.342  9.500  48.147 0.1000000015
91236  41.883  8.263  49.110 0.1000000015
91255  37.610  8.441  45.262 0.1000000015
90411  36.938  8.256  44.929 0.1000000015
91256  36.725  8.580  45.195 0.1000000015
91268  36.194  8.399  44.847 0.1000000015
91269  35.383  8.474  44.781 0.1000000015
90413  34.975  7.940  44.515 0.1000000015
89556  34.603  7.152  44.684 0.1000000015
89548  34.271  6.290  45.131 0.1000000015
90414  34.075  7.812  44.515 0.1000000015
89557  33.740  6.946  44.662 0.1000000015
89549  33.446  6.078  45.168 0.1000000015
143740  32.756  5.888  45.142 0.1000000015
87881  33.453  4.424  45.436 0.1000000015
126304  32.963  3.752  45.285 0.1000000015
135771  32.390  7.040  44.514 0.1000000015
87883  31.958  4.499  45.133 0.1000000015
88699  31.573  5.246  44.933 0.1000000015
87887  31.231  4.320  44.706 0.1000000015
87100  31.199  3.085  43.905 0.1000000015
99455  34.343  19.431  43.118 0.1000000015
98058  34.351  17.586  42.472 0.1000000015
100175  37.432  20.230  40.263 0.1000000015
96625  33.953  15.523  41.214 0.1000000015
96626  33.051  15.426  41.095 0.1000000015
140542  31.387  15.113  41.695 0.2000000030
88708  27.655  6.031  42.313 0.2000000030
95156  28.348  13.497  41.438 0.2000000030
94412  27.970  12.413  42.298 0.2000000030
91282  27.476  8.561  41.779 0.2000000030
92105  27.390  9.385  41.381 0.2000000030
91319  38.466  8.793  37.619 0.2000000030
94527  35.164  12.889  28.002 0.2000000030
94515  34.099  12.922  28.850 0.3000000119
93769  35.283  12.015  28.082 0.2000000030
95278  36.305  13.163  27.103 0.3000000119
94526  35.796  12.530  27.505 0.2000000030
93778  35.842  11.564  27.330 0.2000000030
131675  36.814  13.053  26.465 0.3000000119
94525  36.409  12.326  26.871 0.3000000119
93784  36.404  11.509  26.400 0.3000000119
93789  36.919  11.802  25.345 0.3000000119
92058  37.846  9.139  46.358 0.1000000015
92057  38.846  9.327  46.238 0.1000000015
92059  36.830  9.085  46.535 0.1000000015
91257  35.883  8.737  45.142 0.1000000015
91258  34.873  8.869  45.211 0.1000000015
91270  34.472  8.462  44.735 0.1000000015
91271  33.533  8.378  44.662 0.1000000015
90415  33.072  7.600  44.503 0.1000000015
89558  31.629  6.911  44.430 0.1000000015
88698  32.095  6.163  44.831 0.1000000015
88700  30.818  5.199  44.613 0.1000000015
87888  30.410  4.517  44.325 0.1000000015
100833  34.935  20.936  43.147 0.1000000015
99454  34.917  19.252  43.784 0.1000000015
98728  34.483  18.506  43.266 0.1000000015
97367  34.845  16.086  41.347 0.1000000015
138835  28.409  7.196  43.016 0.2000000030
143691  30.892  14.815  42.210 0.2000000030
124899  28.748  13.685  42.052 0.2000000030
140452  27.729  11.638  42.326 0.2000000030
90425  27.586  7.782  42.150 0.2000000030
92143  38.338  9.674  37.881 0.3000000119
95271  34.514  13.316  28.382 0.3000000119
95994  34.334  14.144  28.212 0.3000000119
95280  34.980  13.750  27.875 0.3000000119
95279  35.656  13.396  27.541 0.2000000030
95287  36.816  13.800  26.776 0.3000000119
94535  37.216  12.990  25.882 0.3000000119
94536  36.845  12.296  26.008 0.3000000119
139481  36.547  11.227  25.636 0.3000000119
96039  40.947  14.557  23.614 0.6000000238
92046  38.248  9.471  47.108 0.1000000015
143347  36.098  9.030  46.318 0.1000000015
92061  34.752  9.099  46.257 0.1000000015
138954  34.073  9.283  46.708 0.1000000015
91259  33.846  8.827  45.031 0.1000000015
92079  33.162  9.107  45.673 0.1000000015
91272  32.596  8.335  44.602 0.1000000015
90416  32.126  7.707  44.425 0.1000000015
91273  31.696  8.415  44.514 0.1000000015
90417  31.234  7.709  44.292 0.1000000015
89559  30.685  6.755  44.278 0.1000000015
137041  31.201  6.026  44.629 0.1000000015
90418  30.414  7.736  44.020 0.1000000015
138092  30.543  5.857  44.437 0.1000000015
138791  29.874  6.945  43.887 0.1000000015
88701  30.164  5.279  44.296 0.1000000015
100142  34.847  20.135  43.530 0.1000000015
90421  29.662  7.795  43.661 0.2000000030
89563  29.308  6.202  43.692 0.1000000015
100136  35.501  19.949  44.265 0.1000000015
98054  34.880  17.707  43.296 0.1000000015
90422  28.879  7.847  43.302 0.2000000030
138842  29.101  7.060  43.482 0.1000000015
88705  28.909  5.443  43.360 0.1000000015
98057  35.290  16.855  42.751 0.1000000015
97364  35.071  16.415  41.791 0.1000000015
92102  28.257  9.326  42.990 0.2000000030
95875  32.418  15.065  41.864 0.2000000030
147020  27.979  11.348  42.957 0.2000000030
92103  27.698  9.369  42.247 0.2000000030
100853  38.437  21.544  40.437 0.1000000015
98884  41.131  18.089  27.963 0.5000000000
129033  41.302  17.202  27.586 0.5000000000
98166  40.548  17.295  27.607 0.5000000000
127059  40.087  16.631  27.501 0.5000000000
96006  34.851  14.606  27.833 0.3000000119
97491  43.207  16.683  26.462 0.5000000000
97475  42.361  17.199  27.414 0.5000000000
97477  40.765  16.468  27.460 0.5000000000
124504  36.207  14.004  27.258 0.4000000060
126437  36.103  14.858  27.486 0.4000000060
97492  42.434  16.288  26.960 0.5000000000
97476  41.630  16.481  27.354 0.5000000000
97498  44.245  16.931  25.128 0.5000000000
97499  43.545  16.378  25.571 0.6000000238
97500  42.820  15.920  26.049 0.5000000000
96030  41.284  14.674  24.437 0.6000000238
140543  42.538  15.595  21.983 0.6000000238
126587  41.908  15.234  22.237 0.6000000238
139984  43.236  16.461  20.499 0.6000000238
96813  42.002  15.607  21.277 0.6000000238
96058  41.288  15.103  21.719 0.6000000238
128243  36.064  9.145  47.037 0.1000000015
140320  37.389  9.320  47.157 0.1000000015
92033  37.473  9.590  48.091 0.1000000015
92060  35.432  9.131  46.760 0.1000000015
92049  34.635  9.404  47.328 0.1000000015
92050  33.770  9.620  47.283 0.1000000015
92062  33.401  9.379  46.544 0.1000000015
92063  32.618  9.545  46.382 0.1000000015
92080  32.314  9.253  45.566 0.1000000015
92092  31.278  9.104  44.722 0.1000000015
92082  30.801  9.806  45.106 0.1000000015
91274  30.787  8.597  44.309 0.1000000015
100826  35.349  20.849  43.895 0.1000000015
92094  30.098  9.235  44.250 0.2000000030
92098  29.596  9.107  43.852 0.2000000030
98727  35.184  18.313  43.844 0.1000000015
92899  28.543  9.999  43.487 0.2000000030
92099  28.957  9.260  43.546 0.2000000030
98053  35.625  17.371  43.596 0.1000000015
94408  29.056  13.092  43.724 0.2000000030
93659  28.395  11.416  43.511 0.2000000030
92902  27.940  10.088  42.771 0.2000000030
127847  30.205  14.505  42.308 0.2000000030
95149  29.413  13.739  43.238 0.2000000030
129275  28.438  12.750  43.007 0.2000000030
141260  37.022  20.868  40.580 0.1000000015
95153  28.841  13.460  42.817 0.2000000030
100854  37.556  21.935  40.445 0.1000000015
98871  41.420  18.691  28.648 0.5000000000
98885  40.220  18.057  27.802 0.5000000000
98167  39.651  17.355  27.539 0.5000000000
98886  39.491  18.077  27.580 0.4000000060
126672  38.937  17.063  27.476 0.4000000060
97478  39.368  16.411  27.503 0.5000000000
98168  38.227  17.194  27.428 0.4000000060
139126  35.385  14.989  27.655 0.4000000060
96761  40.022  15.743  27.396 0.5000000000
97493  41.685  15.786  27.038 0.5000000000
96760  40.972  15.712  27.232 0.6000000238
96001  39.534  15.065  27.145 0.5000000000
96770  42.025  15.566  26.417 0.6000000238
96012  40.830  14.748  26.092 0.6000000238
96778  43.089  15.721  25.102 0.6000000238
96788  41.804  14.923  24.909 0.6000000238
97515  44.570  16.689  23.254 0.6000000238
97521  43.927  16.140  22.788 0.6000000238
96031  40.664  14.478  24.499 0.6000000238
96804  41.847  14.984  23.125 0.6000000238
96803  42.559  15.400  22.744 0.6000000238
133844  43.768  16.563  20.998 0.6000000238
97530  43.793  16.344  21.878 0.6000000238
96802  43.198  15.818  22.318 0.6000000238
137824  44.411  16.964  20.596 0.6999999881
92048  35.538  9.381  47.623 0.1000000015
92047  36.496  9.370  47.668 0.1000000015
92036  35.008  9.752  48.157 0.1000000015
92034  36.555  9.658  48.493 0.1000000015
92874  34.221  9.891  47.941 0.1000000015
144749  33.339  10.748  47.874 0.1000000015
92051  33.022  9.829  47.106 0.1000000015
92879  32.286  10.207  46.868 0.1000000015
92064  31.845  9.835  46.179 0.2000000030
92880  31.688  10.567  46.506 0.2000000030
92884  31.128  10.402  45.828 0.2000000030
93645  30.747  11.242  45.781 0.2000000030
92885  30.299  10.715  45.288 0.2000000030
92895  29.649  10.666  44.733 0.2000000030
131474  36.098  20.842  44.513 0.1000000015
100135  36.175  20.046  44.656 0.1000000015
93655  29.339  11.395  44.667 0.2000000030
92095  29.324  9.938  44.161 0.2000000030
99445  36.009  19.482  44.599 0.1000000015
94404  29.596  13.039  44.410 0.2000000030
93656  28.849  11.466  44.144 0.2000000030
92896  28.716  10.707  43.866 0.2000000030
98717  37.223  18.869  44.866 0.1000000015
98042  35.972  18.044  44.283 0.1000000015
98052  36.517  17.104  43.845 0.1000000015
95863  31.618  14.355  43.321 0.2000000030
124282  29.908  13.677  43.945 0.2000000030
94409  28.622  12.198  43.687 0.2000000030
97363  36.045  16.066  41.905 0.1000000015
96624  34.850  15.504  41.404 0.1000000015
95870  32.983  14.777  42.410 0.2000000030
95871  30.857  14.485  42.873 0.2000000030
98872  40.564  18.655  28.447 0.5000000000
124712  38.691  17.971  27.324 0.3000000119
98887  37.894  18.641  26.873 0.2000000030
97479  38.512  16.374  27.535 0.4000000060
96772  40.336  15.014  26.860 0.6000000238
96780  41.590  15.014  25.823 0.6000000238
97507  44.552  16.940  24.206 0.6000000238
97508  43.825  16.214  24.667 0.6000000238
96021  41.116  14.660  25.185 0.6000000238
126645  40.128  14.586  26.147 0.6000000238
97516  43.959  16.122  23.728 0.6000000238
96793  43.271  15.662  23.223 0.6000000238
96787  42.481  15.282  24.551 0.6000000238
96795  41.833  14.914  24.031 0.6000000238
97529  44.509  16.818  21.410 0.6999999881
97520  44.559  16.686  22.347 0.6000000238
96794  42.544  15.286  23.629 0.6000000238
98220  45.283  17.417  20.618 0.6999999881
92035  35.814  9.663  48.362 0.1000000015
92864  34.704  10.267  48.506 0.1000000015
92848  35.829  10.527  49.349 0.1000000015
144153  34.565  10.802  48.709 0.1000000015
93621  33.583  11.384  48.108 0.1000000015
94375  33.344  12.142  47.710 0.1000000015
92876  32.831  10.543  47.422 0.1000000015
94376  32.691  12.054  47.358 0.2000000030
93637  32.086  11.310  47.058 0.2000000030
93638  31.306  11.285  46.303 0.2000000030
94384  31.534  12.165  46.419 0.2000000030
94395  30.883  11.971  45.926 0.2000000030
99435  37.512  19.686  45.058 0.1000000015
144559  30.574  12.461  45.487 0.2000000030
93646  30.231  11.750  45.414 0.2000000030
99444  36.681  19.550  44.803 0.1000000015
132666  37.755  18.290  44.751 0.1000000015
98040  38.003  17.482  44.382 0.1000000015
94396  29.957  12.584  45.000 0.2000000030
93647  29.636  11.879  44.993 0.2000000030
98041  37.005  17.901  44.487 0.1000000015
96619  36.298  15.439  41.853 0.1000000015
96620  35.633  15.095  41.727 0.2000000030
95868  34.808  14.817  41.870 0.2000000030
95853  31.539  13.984  44.131 0.2000000030
95145  30.160  13.263  44.622 0.2000000030
94405  29.221  12.274  44.444 0.2000000030
97360  36.279  16.338  42.954 0.1000000015
95864  30.758  14.133  43.665 0.2000000030
95873  34.266  15.087  41.606 0.2000000030
141634  32.414  14.541  42.951 0.2000000030
131182  42.333  18.691  30.270 0.4000000060
98859  41.736  18.798  29.557 0.4000000060
98860  40.805  19.018  29.275 0.5000000000
98873  39.760  18.622  28.132 0.3000000119
98874  39.046  18.616  27.604 0.3000000119
92849  35.135  10.678  49.042 0.1000000015
93613  34.877  11.381  48.993 0.1000000015
93620  34.234  11.382  48.537 0.1000000015
94374  33.811  12.921  47.684 0.2000000030
94382  33.043  12.951  47.223 0.2000000030
95118  31.771  13.041  46.249 0.2000000030
95133  31.485  13.307  45.556 0.2000000030
143130  31.141  12.719  45.827 0.2000000030
148886  31.827  13.614  45.237 0.2000000030
95134  30.746  13.142  45.153 0.2000000030
144432  37.046  16.288  43.294 0.1000000015
96618  36.895  15.155  42.371 0.2000000030
123710  35.380  14.586  42.421 0.2000000030
95143  32.254  13.860  44.752 0.2000000030
95854  30.742  13.686  44.417 0.2000000030
95867  36.257  14.830  42.187 0.2000000030
95860  34.406  14.527  42.805 0.2000000030
95862  32.438  14.196  43.769 0.2000000030
94365  34.618  12.164  48.639 0.1000000015
124294  34.463  12.899  48.139 0.1000000015
95109  34.368  13.694  47.524 0.2000000030
95809  35.211  14.120  47.715 0.1000000015
123510  33.641  13.546  47.203 0.2000000030
95117  32.543  13.368  46.531 0.2000000030
95115  33.818  14.136  46.690 0.2000000030
95131  32.993  13.995  46.214 0.2000000030
95851  34.166  14.289  44.368 0.2000000030
95837  32.981  13.988  45.315 0.2000000030
123959  34.928  14.368  43.570 0.2000000030
123897  34.048  14.338  43.653 0.2000000030
95852  33.291  14.134  44.274 0.2000000030
95861  33.365  14.462  43.172 0.2000000030
95101  35.553  13.701  48.417 0.1000000015
94364  35.807  13.106  49.243 0.1000000015
95810  34.744  14.433  46.990 0.2000000030
95817  35.181  14.789  46.422 0.2000000030
125273  34.412  14.611  46.167 0.2000000030
95850  35.672  14.406  44.165 0.2000000030
95834  35.219  14.745  45.407 0.2000000030
95835  34.281  14.470  45.258 0.2000000030
141136  34.833  14.457  44.558 0.2000000030
95802  36.032  14.375  48.022 0.1000000015
124584  36.449  14.695  44.920 0.2000000030
96668  33.952  16.012  36.263 0.2000000030
143053  34.614  15.926  35.962 0.2000000030
94475  35.758  12.978  35.960 0.3000000119
90458  39.530  7.164  37.644 0.2000000030
100855  36.579  21.682  40.728 0.1000000015
124088  34.854  13.869  35.699 0.2000000030
92940  37.148  10.715  38.108 0.3000000119
85426  31.388  1.478  41.231 0.1000000015
89560  29.983  6.067  44.173 0.1000000015
91320  36.693  8.306  37.707 0.2000000030
134383  31.969  7.609  38.504 0.3000000119
137001  28.850  8.944  38.633 0.2000000030
92135  29.286  9.441  38.478 0.2000000030
86275  31.356  2.275  42.665 0.1000000015
91304  36.251  8.879  38.019 0.2000000030
97385  32.979  17.080  38.600 0.1000000015
96047  41.181  14.775  22.541 0.6000000238
96812  42.995  16.056  21.353 0.6000000238
92134  30.196  9.312  38.425 0.2000000030
91312  28.195  8.891  38.948 0.2000000030
95884  29.956  14.892  39.831 0.2000000030
96652  30.596  14.772  37.848 0.2000000030
95185  28.942  13.249  38.587 0.2000000030
95195  29.956  13.429  37.672 0.2000000030
93690  29.344  11.665  38.074 0.2000000030
148283  30.141  11.979  37.603 0.2000000030
94443  28.583  12.370  38.698 0.2000000030
93692  28.093  11.048  38.950 0.2000000030
133730  29.309  10.899  38.218 0.2000000030
95214  31.323  13.544  36.847 0.2000000030
92935  28.188  10.284  38.823 0.2000000030
92137  27.819  9.605  39.177 0.2000000030
96660  31.236  15.288  37.741 0.2000000030
94428  27.681  12.182  39.750 0.2000000030
92132  32.569  9.413  38.511 0.3000000119
91309  31.909  8.554  38.597 0.3000000119
96659  32.036  15.768  37.461 0.2000000030
130187  28.426  13.771  40.809 0.2000000030
94418  27.552  12.391  40.590 0.2000000030
95213  32.601  13.887  36.324 0.2000000030
92944  32.681  10.776  37.699 0.2000000030
136886  32.536  15.615  36.814 0.2000000030
95924  33.331  14.370  36.092 0.2000000030
93717  33.863  11.839  36.624 0.3000000119
92131  33.411  9.456  38.524 0.2000000030
90401  41.250  8.048  45.378 0.1000000015
86251  34.235  2.927  45.140 0.1000000015
97409  33.193  16.695  37.122 0.1000000015
94467  33.637  12.684  36.325 0.2000000030
95211  34.266  13.284  35.979 0.2000000030
91307  33.822  8.774  38.530 0.2000000030
91306  34.623  8.882  38.423 0.4000000060
92929  34.670  10.148  38.363 0.3000000119
88680  44.205  5.892  46.100 0.1000000015
89532  44.227  7.293  45.997 0.1000000015
90399  43.375  7.251  45.655 0.1000000015
90393  44.223  7.893  46.332 0.1000000015
91235  42.803  8.757  48.601 0.1000000015
86261  32.909  2.667  44.390 0.1000000015
86269  32.590  2.391  43.549 0.1000000015
140777  31.865  3.892  44.935 0.1000000015
86274  32.286  2.098  42.742 0.1000000015
143547  35.400  11.552  36.839 0.3000000119
93715  36.037  11.755  36.657 0.3000000119
92128  36.186  9.659  38.242 0.3000000119
143738  37.332  8.447  37.631 0.2000000030
90459  38.031  8.043  37.530 0.2000000030
95874  33.467  15.074  41.700 0.2000000030
91281  27.918  8.574  42.515 0.2000000030
94514  34.633  12.478  28.516 0.2000000030
93023  36.154  10.745  26.070 0.3000000119
91260  32.936  8.800  44.941 0.1000000015
96005  35.515  14.244  27.587 0.4000000060
91261  32.061  8.878  44.903 0.1000000015
148035  32.368  14.784  42.455 0.2000000030
137135  28.195  10.742  43.223 0.2000000030
96771  41.245  15.266  26.663 0.6000000238
96779  42.324  15.362  25.487 0.6000000238
92081  31.527  9.495  45.385 0.2000000030
92894  30.110  9.939  44.720 0.2000000030
95148  30.047  14.182  43.120 0.2000000030
125640  31.700  14.739  42.499 0.2000000030
96786  43.235  15.649  24.158 0.6000000238
99572  38.384  18.865  27.091 0.2000000030
123993  37.921  17.906  27.160 0.2000000030
94366  33.979  12.160  48.183 0.1000000015
94383  32.259  12.483  46.838 0.2000000030
95132  32.197  13.661  45.749 0.2000000030
95144  31.428  13.611  44.880 0.2000000030
82008  54.299  -1.771  22.741 0.1000000015
81065  53.079  -3.887  23.671 0.1000000015
81064  53.629  -2.968  23.175 0.1000000015
138733  52.655  -2.355  24.987 0.1000000015
81055  53.035  -2.583  24.027 0.1000000015
82937  53.854  -0.359  23.073 0.1000000015
133976  52.458  -2.354  25.791 0.1000000015
81029  52.227  -2.405  26.495 0.1000000015
81998  53.524  -1.453  23.546 0.1000000015
81988  52.966  -1.270  24.537 0.1000000015
82919  53.156  -0.544  23.796 0.1000000015
81966  52.452  -1.588  26.781 0.1000000015
81030  51.533  -3.189  26.762 0.1000000015
81976  52.556  -1.507  26.132 0.1000000015
82903  52.538  -0.863  25.780 0.1000000015
83883  53.797  0.056  22.519 0.1000000015
83872  53.464  -0.052  23.113 0.1000000015
83856  52.934  -0.395  23.833 0.1000000015
83891  54.161  -0.093  21.870 0.1000000015
82958  54.728  -0.386  21.208 0.1000000015
82020  53.858  -2.080  20.996 0.1000000015
127451  51.942  -2.123  28.032 0.1000000015
81958  52.382  -1.607  27.500 0.1000000015
82891  52.483  -0.863  26.310 0.1000000015
83830  52.137  -0.536  26.456 0.1000000015
83844  52.293  -0.644  25.739 0.1000000015
83845  51.947  -0.469  25.921 0.1000000015
83884  53.262  0.083  22.855 0.1000000015
83857  52.304  -0.567  24.828 0.1000000015
83892  53.455  0.030  22.397 0.1000000015
82960  53.221  -0.455  21.993 0.1000000015
82021  52.992  -2.071  21.642 0.1000000015
81090  52.430  -3.631  21.419 0.1000000015
82992  46.487  -0.600  16.937 0.1000000015
82993  45.848  -1.299  16.965 0.1000000015
82070  45.053  -2.921  16.650 0.1000000015
127995  52.569  -0.511  27.691 0.1000000015
82885  52.427  -0.861  27.031 0.1000000015
83846  51.012  -0.711  26.304 0.1000000015
82949  52.867  -0.272  22.602 0.1000000015
82939  51.882  -0.797  23.692 0.1000000015
82921  51.672  -0.697  24.431 0.1000000015
82009  52.436  -1.469  22.362 0.1000000015
82010  51.517  -2.461  22.739 0.1000000015
81079  51.039  -3.598  22.331 0.1000000015
80165  51.898  -4.429  20.913 0.1000000015
80221  50.222  -3.604  16.417 0.1000000015
80205  49.494  -4.204  16.905 0.1000000015
79273  48.313  -5.178  18.613 0.1000000015
80193  47.866  -4.693  17.927 0.1000000015
81137  48.294  -3.264  16.628 0.1000000015
80207  47.216  -4.204  17.396 0.1000000015
81138  47.396  -3.581  16.912 0.1000000015
142799  46.708  -3.170  16.697 0.1000000015
81139  46.299  -3.734  16.989 0.1000000015
81152  45.849  -3.041  16.611 0.1000000015
84792  47.812  0.320  16.607 0.1000000015
82069  45.676  -2.458  16.625 0.1000000015
84702  52.610  0.025  27.933 0.1000000015
83815  53.015  -0.123  28.315 0.1000000015
83818  52.157  -0.312  27.236 0.1000000015
83831  51.645  -0.451  26.744 0.1000000015
146600  50.283  -1.208  25.975 0.1000000015
81999  51.173  -2.025  23.432 0.1000000015
81990  50.137  -2.295  24.327 0.1000000015
81080  50.119  -3.663  22.467 0.1000000015
81104  50.509  -4.156  20.434 0.1000000015
81116  50.671  -3.680  19.502 0.1000000015
82041  50.222  -2.848  18.859 0.1000000015
82049  50.733  -2.431  17.707 0.1000000015
82985  50.321  -1.866  17.116 0.1000000015
134814  50.600  -2.697  16.404 0.1000000015
81082  48.803  -3.164  22.568 0.1000000015
82031  48.901  -3.173  21.266 0.1000000015
130917  49.107  -2.878  20.346 0.1000000015
82042  49.541  -2.437  19.375 0.1000000015
82050  49.904  -2.027  18.190 0.1000000015
82998  50.440  -2.197  16.761 0.1000000015
81150  50.062  -2.934  16.263 0.1000000015
134689  49.109  -2.710  16.396 0.1000000015
82961  48.471  -1.765  21.667 0.1000000015
138899  49.065  -1.897  19.950 0.1000000015
83908  49.294  -1.193  19.314 0.1000000015
138745  49.468  -0.845  18.447 0.1000000015
82986  49.675  -1.239  17.680 0.1000000015
82991  49.658  -1.147  16.962 0.1000000015
82065  49.853  -2.323  16.465 0.1000000015
128011  48.248  -2.571  16.473 0.1000000015
81151  47.469  -2.899  16.590 0.1000000015
83894  48.675  -0.773  21.398 0.1000000015
143983  48.987  -0.556  20.660 0.1000000015
83901  49.163  -0.916  20.027 0.1000000015
84776  49.623  -0.007  18.267 0.1000000015
83920  49.390  -0.044  16.893 0.1000000015
135792  48.822  -0.878  16.517 0.1000000015
83000  47.924  -1.156  16.448 0.1000000015
82068  46.574  -2.425  16.561 0.1000000015
83893  49.050  0.137  21.052 0.1000000015
85617  49.917  0.991  19.671 0.1000000015
84767  49.763  0.406  19.073 0.1000000015
144631  49.956  0.697  18.170 0.1000000015
84785  49.767  0.646  17.237 0.1000000015
84790  49.391  0.910  16.650 0.1000000015
84791  48.665  0.658  16.502 0.1000000015
128291  46.918  -1.500  16.528 0.1000000015
84760  49.524  0.922  20.629 0.1000000015
85610  50.040  1.645  20.205 0.1000000015
85616  50.509  1.728  19.188 0.1000000015
84766  50.235  1.153  18.665 0.1000000015
85631  50.535  2.100  17.262 0.1000000015
85637  49.588  1.663  16.665 0.1000000015
83927  48.248  -0.212  16.452 0.1000000015
83928  47.234  -0.581  16.603 0.1000000015
86487  50.021  2.679  16.889 0.1000000015
86495  49.441  2.076  16.655 0.1000000015
85639  48.319  1.118  16.656 0.1000000015
86488  49.274  2.450  16.872 0.1000000015
84691  53.047  0.410  28.614 0.1000000015
84692  52.366  0.556  28.475 0.1000000015
84703  51.833  0.177  27.906 0.1000000015
83819  51.125  -0.192  27.453 0.1000000015
82892  49.806  -1.065  26.518 0.1000000015
84704  50.547  0.231  28.076 0.1000000015
81977  49.058  -2.060  25.278 0.1000000015
81992  48.715  -2.375  24.439 0.1000000015
82941  48.129  -2.094  23.544 0.1000000015
82942  47.874  -1.392  24.062 0.1000000015
81094  48.930  -3.309  22.020 0.1000000015
82951  48.210  -2.035  22.621 0.1000000015
130965  48.225  -0.320  22.878 0.1000000015
85591  49.298  1.759  21.755 0.1000000015
85602  49.598  1.651  21.074 0.1000000015
85609  50.700  2.429  19.853 0.1000000015
86470  51.198  2.458  18.578 0.1000000015
86469  51.635  3.286  18.103 0.1000000015
86477  51.149  2.647  17.622 0.1000000015
86486  50.651  2.768  17.143 0.1000000015
86478  49.865  3.102  17.177 0.1000000015
85538  52.857  1.036  29.010 0.1000000015
85539  51.916  1.101  29.053 0.1000000015
84694  49.930  0.760  28.476 0.1000000015
84693  51.067  0.775  28.723 0.1000000015
84695  49.210  0.843  28.226 0.1000000015
83820  49.934  -0.239  27.569 0.1000000015
83822  48.419  0.315  27.267 0.1000000015
83847  48.102  -0.798  25.817 0.1000000015
83848  47.778  -0.449  25.206 0.1000000015
134617  48.195  1.375  25.542 0.1000000015
84728  47.838  0.003  24.415 0.1000000015
85581  48.504  1.293  23.260 0.1000000015
86440  48.848  2.099  23.007 0.1000000015
86439  49.269  2.218  22.243 0.1000000015
87266  50.070  3.095  21.665 0.1000000015
86453  49.714  2.366  21.489 0.1000000015
87278  51.165  3.212  20.202 0.1000000015
87286  52.082  3.952  18.597 0.1000000015
86485  51.257  3.360  17.531 0.1000000015
87303  50.653  3.274  17.230 0.1000000015
87296  51.315  3.830  17.697 0.1000000015
87297  50.487  3.767  17.705 0.1000000015
87287  49.872  3.979  18.577 0.1000000015
87288  49.177  3.710  19.301 0.1000000015
83791  54.326  -0.088  31.390 0.1000000015
85530  54.032  1.488  30.086 0.1000000015
84678  54.044  0.707  29.923 0.1000000015
85532  51.076  1.642  29.400 0.1000000015
85531  52.228  1.649  29.533 0.1000000015
85540  50.134  1.430  28.928 0.1000000015
86382  50.809  2.557  29.615 0.1000000015
85542  48.779  1.334  28.038 0.1000000015
86410  48.454  2.026  26.884 0.1000000015
85559  48.191  1.274  26.430 0.1000000015
86416  48.449  2.141  26.039 0.1000000015
86423  48.536  2.333  25.208 0.1000000015
87241  48.839  2.994  24.913 0.1000000015
86429  48.954  2.693  23.575 0.2000000030
87249  49.885  4.015  23.715 0.2000000030
88061  50.759  4.455  22.362 0.2000000030
88060  51.417  4.950  21.933 0.2000000030
87255  50.419  3.772  21.970 0.1000000015
88069  51.278  4.314  21.310 0.1000000015
127627  52.085  4.530  20.110 0.1000000015
87277  51.870  3.870  19.558 0.1000000015
88890  52.675  5.990  20.214 0.2000000030
88093  52.221  4.595  18.613 0.1000000015
88102  51.894  4.377  18.337 0.1000000015
88930  51.832  5.049  18.633 0.1000000015
88094  50.776  5.018  18.943 0.1000000015
88095  49.707  4.583  19.489 0.1000000015
81938  53.684  -1.864  31.881 0.1000000015
81939  52.762  -2.168  31.491 0.1000000015
81005  51.464  -3.170  31.692 0.1000000015
81940  51.777  -2.471  31.271 0.1000000015
83783  54.388  -0.381  32.174 0.1000000015
82854  53.965  -1.237  31.636 0.1000000015
133006  54.419  0.545  31.683 0.1000000015
84653  54.351  0.636  32.357 0.1000000015
84667  54.396  1.203  31.260 0.1000000015
85522  54.096  2.082  30.635 0.2000000030
86370  54.194  2.330  31.171 0.2000000030
84677  54.317  1.015  30.604 0.1000000015
86379  53.665  2.165  30.273 0.2000000030
86372  53.245  2.888  30.624 0.2000000030
86380  52.745  2.292  30.068 0.2000000030
86381  51.667  2.362  29.932 0.1000000015
87198  51.205  3.383  29.962 0.2000000030
86389  50.157  2.332  29.193 0.1000000015
143271  49.705  2.919  28.686 0.1000000015
87207  49.845  3.697  28.148 0.2000000030
87225  49.134  3.267  26.452 0.1000000015
88031  49.796  4.054  26.412 0.1000000015
88037  50.462  4.735  25.914 0.2000000030
87232  49.300  3.543  25.101 0.1000000015
88045  50.458  4.737  25.025 0.2000000030
133087  50.464  4.677  24.144 0.2000000030
88054  50.513  4.587  23.251 0.2000000030
88883  51.162  5.156  22.752 0.2000000030
89740  52.197  6.557  22.392 0.2000000030
88891  52.115  5.282  20.912 0.2000000030
147364  52.410  6.605  21.693 0.2000000030
88881  52.407  6.105  21.390 0.2000000030
88903  52.548  5.335  19.577 0.1000000015
88092  52.555  5.242  19.001 0.1000000015
88918  52.580  5.677  19.256 0.1000000015
88101  52.406  5.047  18.826 0.1000000015
88919  52.353  5.718  18.982 0.1000000015
80074  52.309  -4.922  33.368 0.1000000015
79165  51.218  -5.027  32.862 0.1000000015
80079  52.670  -4.019  32.991 0.1000000015
80080  51.708  -4.319  32.681 0.1000000015
81002  52.043  -3.579  32.336 0.1000000015
85505  54.372  1.557  32.265 0.1000000015
85504  54.404  2.134  31.990 0.1000000015
85491  54.211  2.232  32.574 0.2000000030
86362  53.974  2.976  31.459 0.2000000030
86361  54.218  2.608  31.697 0.2000000030
86354  54.108  3.031  32.320 0.2000000030
87182  53.703  3.856  31.784 0.2000000030
87175  54.029  3.258  31.883 0.2000000030
86373  52.185  3.091  30.487 0.2000000030
87183  53.267  4.280  31.431 0.2000000030
87191  52.886  3.718  30.894 0.2000000030
90501  52.431  7.850  31.448 0.2000000030
89636  52.252  7.264  32.088 0.2000000030
87192  51.938  3.986  30.532 0.2000000030
87985  52.627  4.638  30.829 0.2000000030
91361  52.809  8.328  31.067 0.2000000030
87993  50.820  4.069  29.430 0.2000000030
91367  52.744  8.613  30.268 0.2000000030
88001  50.527  4.294  28.690 0.2000000030
88000  51.182  4.813  29.185 0.2000000030
90509  53.163  8.496  30.176 0.2000000030
141437  51.758  5.930  28.938 0.2000000030
89657  52.491  7.004  28.278 0.2000000030
91382  53.014  8.916  28.919 0.2000000030
88016  49.962  4.141  27.270 0.2000000030
89670  52.458  7.042  27.318 0.2000000030
89681  52.941  7.935  27.044 0.2000000030
90528  53.028  8.667  27.444 0.2000000030
88030  50.459  4.706  26.821 0.2000000030
88837  51.066  5.363  26.356 0.2000000030
89682  52.420  7.058  26.409 0.2000000030
139658  52.954  8.624  26.717 0.2000000030
88851  51.690  6.160  25.018 0.2000000030
89694  52.403  7.072  25.483 0.2000000030
139717  52.873  8.548  25.568 0.2000000030
88865  51.079  5.358  24.576 0.2000000030
88864  51.656  6.143  24.086 0.2000000030
88872  51.088  5.286  23.664 0.2000000030
89727  52.223  7.031  23.546 0.2000000030
89726  52.597  7.740  24.296 0.2000000030
136889  52.254  7.433  22.826 0.2000000030
90581  52.189  8.106  22.595 0.2000000030
89748  52.558  6.654  20.970 0.2000000030
89755  52.686  6.636  20.021 0.1000000015
89768  52.534  6.453  19.440 0.1000000015
80073  53.400  -4.363  33.628 0.1000000015
80991  53.633  -3.603  33.307 0.1000000015
80999  54.245  -2.652  33.499 0.1000000015
81925  54.341  -2.208  33.004 0.1000000015
82833  54.392  -1.720  32.945 0.1000000015
87176  53.850  3.915  32.278 0.2000000030
87165  53.780  4.052  32.976 0.2000000030
87979  53.658  4.632  32.198 0.2000000030
88773  53.244  5.821  33.337 0.2000000030
88774  52.663  6.190  33.617 0.2000000030
87980  53.487  4.965  31.857 0.2000000030
88781  53.446  5.723  32.455 0.2000000030
89625  53.064  6.539  32.888 0.2000000030
89627  52.325  6.737  32.781 0.2000000030
88788  53.137  5.360  31.340 0.2000000030
89639  53.265  6.845  32.143 0.2000000030
89634  52.907  7.180  32.331 0.2000000030
87992  51.406  4.366  29.946 0.2000000030
87986  51.978  4.747  30.360 0.2000000030
88793  53.250  6.472  31.110 0.2000000030
90493  53.163  7.620  31.637 0.2000000030
90494  52.798  7.710  31.757 0.2000000030
88795  51.767  5.282  29.833 0.2000000030
132041  52.916  6.709  30.431 0.2000000030
89644  53.329  7.473  30.765 0.2000000030
90499  53.375  7.970  31.004 0.2000000030
89650  52.546  6.937  29.131 0.2000000030
89656  53.028  7.939  28.780 0.2000000030
91372  53.000  8.676  29.793 0.2000000030
140147  52.266  8.116  21.742 0.2000000030
135204  52.186  8.660  21.152 0.2000000030
82834  54.331  -1.769  33.306 0.1000000015
83773  54.048  -0.887  33.271 0.1000000015
79109  53.626  -5.983  37.762 0.1000000015
78206  53.201  -6.726  38.601 0.1000000015
78212  52.284  -6.415  37.814 0.1000000015
77293  51.237  -7.836  38.412 0.1000000015
76363  50.307  -8.141  37.969 0.1000000015
76364  49.445  -8.433  37.741 0.1000000015
76354  49.084  -9.028  38.369 0.1000000015
75441  48.669  -9.484  38.998 0.1000000015
79096  53.318  -6.239  38.159 0.1000000015
78213  51.308  -6.658  37.336 0.1000000015
89741  37.130  6.246  22.346 0.1000000015
90603  37.060  7.429  21.296 0.1000000015
79110  53.212  -5.445  38.087 0.1000000015
78219  51.672  -5.911  37.268 0.1000000015
79123  51.807  -5.180  37.397 0.1000000015
77300  49.014  -8.188  37.114 0.1000000015
89751  36.620  6.958  21.903 0.1000000015
90589  35.673  7.235  22.051 0.1000000015
89743  35.263  6.738  22.628 0.1000000015
89744  34.274  7.070  22.794 0.1000000015
90619  36.502  8.114  20.790 0.1000000015
78220  50.915  -6.194  36.803 0.1000000015
77299  49.711  -7.600  37.058 0.1000000015
78221  49.745  -6.809  36.473 0.1000000015
77298  50.803  -7.410  37.559 0.1000000015
90575  33.490  7.450  23.118 0.1000000015
90604  36.066  7.684  21.422 0.1000000015
90605  35.041  7.958  21.551 0.1000000015
90590  34.643  7.539  22.160 0.1000000015
91431  33.153  8.335  23.550 0.1000000015
91421  33.157  8.368  24.494 0.1000000015
91403  33.189  8.762  26.472 0.1000000015
131140  32.586  8.465  27.015 0.1000000015
133354  35.993  8.730  20.379 0.1000000015
92236  33.586  8.822  23.870 0.1000000015
90606  34.102  8.364  21.758 0.1000000015
90591  33.705  7.972  22.391 0.1000000015
90592  33.307  8.289  22.874 0.1000000015
92231  33.800  8.857  25.006 0.1000000015
92225  33.822  9.049  26.002 0.1000000015
91395  33.042  9.119  27.270 0.1000000015
91386  32.388  8.941  27.814 0.1000000015
91470  34.648  9.083  20.913 0.1000000015
91456  33.978  9.014  21.479 0.1000000015
91442  33.538  8.841  22.114 0.1000000015
92241  33.340  8.870  22.837 0.1000000015
92230  34.333  9.278  24.508 0.1000000015
92224  34.441  9.367  25.552 0.1000000015
92261  35.022  9.603  20.667 0.1000000015
92262  34.506  9.331  21.186 0.1000000015
93051  34.539  9.634  22.344 0.1000000015
92235  34.047  9.325  23.250 0.1000000015
93037  35.722  10.082  24.749 0.1000000015
92223  35.088  9.695  25.135 0.1000000015
93060  34.672  9.691  21.426 0.2000000030
92229  35.022  9.669  24.162 0.1000000015
93025  35.012  10.014  26.956 0.1000000015
92215  35.068  9.828  26.060 0.1000000015
93058  36.077  10.606  21.618 0.2000000030
93024  35.584  10.375  26.485 0.1000000015
93031  35.669  10.198  25.635 0.2000000030
93017  35.442  10.704  27.268 0.1000000015
93785  35.977  10.919  26.773 0.2000000030
93779  35.098  11.189  27.953 0.1000000015
93030  36.250  10.593  25.240 0.2000000030
93770  34.583  11.658  28.532 0.1000000015
95272  33.774  13.740  28.767 0.2000000030
95995  33.188  14.543  28.825 0.2000000030
145525  32.347  13.962  29.653 0.2000000030
95264  33.445  12.936  29.360 0.2000000030
142866  33.792  14.520  28.463 0.2000000030
138346  32.467  14.563  29.256 0.1000000015
96752  34.209  14.985  28.133 0.2000000030
96753  33.485  15.215  28.430 0.1000000015
96766  33.948  15.821  28.071 0.1000000015
123650  34.819  15.584  27.780 0.3000000119
97484  33.605  16.623  27.969 0.1000000015
99558  40.954  19.182  30.238 0.3000000119
98844  42.401  18.781  31.073 0.3000000119
98845  41.710  18.977  30.655 0.3000000119
99542  42.028  19.484  32.075 0.2000000030
98837  41.840  19.232  31.488 0.2000000030
100235  40.105  20.244  30.870 0.2000000030
100946  40.389  21.246  31.290 0.2000000030
100228  41.054  20.437  31.763 0.2000000030
82845  54.230  -1.599  32.389 0.1000000015
81001  53.065  -3.295  32.570 0.1000000015
81000  53.961  -2.828  32.969 0.1000000015
83772  54.376  -1.106  32.814 0.1000000015
99544  40.719  19.995  31.356 0.2000000030
143985  54.070  -3.862  33.895 0.1000000015
84643  53.917  0.401  33.105 0.1000000015
85492  54.142  1.404  32.802 0.2000000030
87975  53.611  4.866  32.790 0.2000000030
90517  53.074  8.658  28.371 0.2000000030
89709  52.875  7.974  25.049 0.2000000030
89710  52.339  7.043  24.561 0.2000000030
88775  52.360  6.167  33.585 0.2000000030
79111  52.739  -5.408  37.953 0.1000000015
89693  52.909  8.103  26.037 0.2000000030
90596  52.455  7.613  20.784 0.2000000030
91455  35.408  8.491  20.929 0.1000000015
93066  34.913  9.790  20.907 0.2000000030
92234  35.015  9.734  23.326 0.1000000015
133780  35.395  10.116  21.963 0.2000000030
81989  52.667  -1.326  25.462 0.1000000015
82936  54.045  -0.025  22.642 0.1000000015
82920  52.604  -0.746  24.884 0.1000000015
83881  55.533  -0.284  21.286 0.1000000015
83873  53.082  -0.057  23.321 0.1000000015
82970  54.505  -0.938  20.833 0.1000000015
82969  55.296  -0.659  20.485 0.1000000015
81089  53.224  -3.237  21.131 0.1000000015
81101  54.663  -2.827  19.816 0.1000000015
82938  52.694  -0.244  23.207 0.1000000015
83874  52.562  -0.408  23.824 0.1000000015
82904  51.264  -0.755  25.407 0.1000000015
81078  52.024  -3.039  22.130 0.1000000015
83002  46.021  -1.782  16.649 0.1000000015
83001  46.433  -1.127  16.724 0.1000000015
82059  45.235  -2.146  16.817 0.1000000015
81153  45.176  -3.558  16.791 0.1000000015
82882  52.655  -1.039  27.694 0.1000000015
134369  52.813  -0.743  28.254 0.1000000015
83832  50.438  -0.612  27.026 0.1000000015
82950  52.068  -1.117  23.020 0.1000000015
82922  50.655  -1.487  24.818 0.1000000015
81091  51.488  -4.066  21.608 0.1000000015
82011  50.597  -3.129  23.014 0.1000000015
80174  51.366  -4.401  20.346 0.1000000015
81092  50.441  -4.159  21.575 0.1000000015
80222  49.264  -3.481  16.556 0.1000000015
79288  48.933  -4.746  17.794 0.1000000015
80206  48.356  -4.055  17.117 0.1000000015
80208  46.381  -4.369  17.485 0.1000000015
83833  49.288  -0.703  27.064 0.1000000015
82905  49.358  -1.558  25.936 0.1000000015
82923  50.005  -1.631  25.430 0.1000000015
82940  50.947  -1.607  24.124 0.1000000015
81991  49.604  -2.222  24.756 0.1000000015
82000  50.279  -2.686  23.723 0.1000000015
81066  49.748  -3.280  23.185 0.1000000015
81067  48.995  -3.200  23.209 0.1000000015
81093  49.485  -3.675  21.796 0.1000000015
81105  49.569  -3.685  20.838 0.1000000015
81117  49.826  -3.334  19.891 0.1000000015
82048  51.582  -2.789  17.335 0.1000000015
82058  51.109  -2.447  16.877 0.1000000015
82064  51.158  -2.736  16.493 0.1000000015
82012  48.491  -2.704  22.941 0.1000000015
82022  48.575  -2.719  21.999 0.1000000015
82971  48.760  -1.426  20.774 0.1000000015
82980  49.458  -1.622  18.836 0.1000000015
82999  49.535  -1.503  16.667 0.1000000015
83885  48.341  -1.048  22.289 0.1000000015
83915  49.589  -0.390  17.398 0.1000000015
82066  48.765  -1.860  16.431 0.1000000015
82067  47.637  -2.067  16.462 0.1000000015
84747  49.064  0.972  21.617 0.1000000015
84753  48.654  -0.044  21.972 0.1000000015
133110  49.421  0.091  20.082 0.1000000015
129168  49.447  -0.434  19.243 0.1000000015
83926  49.013  0.001  16.547 0.1000000015
142402  49.310  -0.692  16.741 0.1000000015
84775  50.272  1.334  17.654 0.1000000015
84784  49.996  1.515  16.940 0.1000000015
86463  50.031  2.192  20.704 0.1000000015
85623  50.767  1.863  18.094 0.1000000015
86494  50.071  2.171  16.834 0.1000000015
85638  49.034  1.453  16.493 0.1000000015
85632  48.764  1.817  16.664 0.1000000015
84690  53.563  0.865  29.335 0.1000000015
84705  49.532  0.315  27.977 0.1000000015
82906  48.510  -1.514  25.579 0.1000000015
83834  48.362  -0.365  26.740 0.1000000015
82893  48.772  -1.142  26.387 0.1000000015
132436  48.318  -2.267  23.964 0.1000000015
82907  47.943  -1.273  24.924 0.1000000015
82924  48.145  -1.897  24.295 0.1000000015
83858  47.889  -0.590  23.757 0.1000000015
131763  47.898  0.496  25.257 0.1000000015
84748  48.558  0.657  22.590 0.1000000015
129588  49.324  2.740  22.760 0.1000000015
85592  48.885  1.532  22.381 0.1000000015
86452  50.370  2.797  20.857 0.1000000015
86462  51.571  3.145  19.100 0.1000000015
87298  49.517  3.385  18.179 0.1000000015
131610  53.281  1.615  29.629 0.1000000015
83821  48.966  -0.118  27.514 0.1000000015
86390  49.485  2.172  28.688 0.1000000015
85551  48.373  1.153  27.317 0.1000000015
84713  48.106  0.455  26.664 0.1000000015
84721  47.944  0.624  26.043 0.1000000015
135902  48.363  1.735  24.710 0.1000000015
84738  48.177  0.358  23.520 0.1000000015
86430  48.535  1.930  23.856 0.1000000015
143418  49.514  3.348  23.260 0.1000000015
87256  49.802  3.292  22.428 0.1000000015
87265  50.757  3.502  21.114 0.1000000015
87264  51.446  3.855  20.498 0.1000000015
87295  51.815  3.953  18.051 0.1000000015
88103  51.235  4.337  18.161 0.1000000015
88104  50.462  4.339  18.493 0.1000000015
85521  54.285  1.703  30.855 0.1000000015
86391  48.951  1.957  28.264 0.1000000015
86409  48.847  2.721  27.148 0.1000000015
86400  49.173  2.736  28.015 0.1000000015
87233  48.826  2.991  25.696 0.1000000015
132809  49.372  3.613  25.805 0.1000000015
86422  48.693  2.537  24.401 0.2000000030
87240  49.245  3.333  24.220 0.2000000030
87248  50.058  3.953  22.829 0.2000000030
88882  51.829  5.666  22.112 0.2000000030
88082  52.399  4.638  19.073 0.1000000015
81926  54.022  -2.203  32.539 0.1000000015
81927  53.357  -2.556  32.221 0.1000000015
81004  52.395  -2.879  31.922 0.1000000015
134541  54.339  -1.162  32.483 0.1000000015
85513  54.382  1.917  31.459 0.2000000030
87190  53.588  3.350  31.218 0.2000000030
87199  50.287  3.388  29.181 0.1000000015
88015  50.458  4.551  27.747 0.2000000030
87217  49.424  3.447  27.237 0.2000000030
88038  49.840  4.152  25.459 0.1000000015
88836  51.697  6.152  25.919 0.2000000030
88046  49.828  4.093  24.603 0.2000000030
88871  51.679  5.975  23.096 0.2000000030
88902  52.630  5.888  19.383 0.1000000015
88787  53.378  6.121  31.760 0.2000000030
88807  51.080  5.129  28.271 0.2000000030
90510  53.107  8.521  29.475 0.2000000030
89649  53.002  7.546  29.844 0.2000000030
132810  51.697  6.058  27.818 0.2000000030
89669  53.022  8.009  27.805 0.2000000030
88820  51.058  5.298  27.290 0.2000000030
88819  51.693  6.122  26.832 0.2000000030
88794  52.557  5.634  30.510 0.2000000030
88801  52.405  6.294  29.762 0.2000000030
131630  34.553  8.632  21.286 0.1000000015
91412  33.231  8.497  25.527 0.1000000015
92217  33.733  9.299  26.879 0.1000000015
91405  32.145  7.814  26.789 0.1000000015
148518  33.695  9.070  21.817 0.1000000015
92216  34.417  9.534  26.482 0.1000000015
91457  34.017  9.246  21.672 0.1000000015
144420  33.638  9.148  22.197 0.1000000015
95987  32.993  13.839  29.299 0.2000000030
99547  41.129  19.447  31.124 0.2000000030
124116  35.729  14.729  47.168 0.1000000015
96579  36.720  14.917  46.996 0.1000000015
96595  37.021  15.031  46.044 0.1000000015
95816  35.995  15.018  46.195 0.1000000015
130712  37.404  14.772  45.047 0.1000000015
95848  37.387  14.413  44.027 0.1000000015
95859  38.108  14.633  43.569 0.1000000015
95847  38.820  14.553  43.941 0.1000000015
124089  37.242  14.753  43.155 0.1000000015
95849  36.594  14.427  43.619 0.1000000015
95833  38.291  14.603  44.542 0.1000000015
145751  36.645  14.717  42.783 0.1000000015
125059  35.964  14.445  43.041 0.1000000015
146519  33.442  12.291  29.465 0.1000000015
129470  48.066  19.568  39.614 0.1000000015
100190  48.208  20.593  38.465 0.1000000015
100884  48.116  21.495  38.049 0.1000000015
97445  28.535  16.682  30.380 0.1000000015
98846  28.182  18.074  30.215 0.1000000015
136414  29.465  17.920  29.436 0.1000000015
98140  28.488  17.483  30.194 0.1000000015
98141  27.771  17.252  30.413 0.1000000015
98142  26.859  17.472  30.447 0.1000000015
97468  31.438  16.825  28.715 0.1000000015
99466  47.426  19.721  39.954 0.1000000015
100191  47.851  21.131  38.899 0.1000000015
100885  47.650  21.960  38.770 0.1000000015
102340  47.229  23.012  38.712 0.1000000015
101623  48.049  22.427  37.720 0.1000000015
101624  47.568  22.845  38.453 0.1000000015
102364  47.558  23.631  38.027 0.1000000015
101640  48.678  22.867  36.593 0.1000000015
102363  48.035  23.330  37.497 0.1000000015
103077  48.021  24.166  37.354 0.1000000015
101639  49.382  22.551  35.768 0.1000000015
99559  40.148  19.407  29.891 0.1000000015
97456  29.780  17.004  29.585 0.1000000015
98151  28.824  18.064  29.851 0.1000000015
123261  27.937  18.672  30.351 0.1000000015
99552  27.303  19.119  30.564 0.1000000015
98847  26.454  18.426  30.512 0.1000000015
127097  25.689  19.000  30.613 0.1000000015
99548  40.417  19.674  30.690 0.1000000015
97467  32.311  16.363  28.521 0.1000000015
98158  30.885  17.648  28.644 0.1000000015
99562  29.788  19.323  29.125 0.1000000015
99551  28.574  18.860  30.051 0.1000000015
99553  26.347  19.440  30.754 0.1000000015
97485  32.876  16.908  28.173 0.1000000015
98156  32.123  17.247  28.316 0.1000000015
142647  33.920  17.119  27.688 0.1000000015
100164  47.555  20.407  40.007 0.1000000015
100165  46.792  20.650  40.328 0.1000000015
100859  47.044  21.754  40.092 0.1000000015
100869  47.484  21.299  39.664 0.1000000015
101587  47.182  22.317  39.422 0.1000000015
102341  46.785  23.080  38.742 0.1000000015
103078  47.568  24.439  37.778 0.1000000015
102373  48.682  23.734  36.419 0.1000000015
137234  47.985  24.884  37.388 0.1000000015
103090  48.577  24.643  36.312 0.1000000015
101655  49.485  23.266  35.479 0.1000000015
103101  49.451  24.236  34.723 0.1000000015
101654  50.017  22.640  34.758 0.1000000015
102401  49.473  23.624  34.484 0.1000000015
100238  30.218  20.851  30.264 0.1000000015
126517  29.522  21.012  30.665 0.1000000015
100947  29.378  21.845  31.063 0.1000000015
100957  28.644  21.116  31.119 0.1000000015
127272  27.975  21.537  31.458 0.1000000015
126073  29.015  20.354  30.541 0.1000000015
100231  27.691  20.732  31.278 0.1000000015
100965  30.864  20.835  29.852 0.1000000015
126202  30.989  20.356  29.209 0.1000000015
123258  27.826  19.854  30.776 0.1000000015
100241  27.013  20.051  31.003 0.1000000015
99549  39.702  19.895  30.269 0.1000000015
99560  39.415  19.644  29.475 0.1000000015
99568  32.137  19.935  28.056 0.1000000015
99569  31.591  19.491  28.190 0.1000000015
125603  30.959  19.024  28.290 0.1000000015
98861  29.841  18.576  28.935 0.1000000015
100242  26.145  20.275  31.074 0.1000000015
99566  39.234  19.245  28.515 0.2000000030
98891  33.693  18.769  27.024 0.1000000015
138722  32.893  18.899  27.251 0.1000000015
98892  32.392  18.532  27.642 0.1000000015
98157  31.912  18.047  28.054 0.1000000015
98875  31.239  18.287  28.309 0.1000000015
99565  39.969  19.119  28.965 0.1000000015
98889  35.343  18.363  26.880 0.1000000015
98890  34.519  18.175  27.133 0.1000000015
98171  33.819  17.830  27.423 0.1000000015
98172  33.321  17.400  27.768 0.1000000015
101591  40.892  22.697  39.664 0.1000000015
101590  41.614  22.718  39.978 0.1000000015
100874  40.706  22.052  38.482 0.1000000015
144676  40.261  22.558  38.739 0.1000000015
100151  45.986  21.318  40.564 0.1000000015
100152  45.074  21.224  40.562 0.1000000015
100847  44.289  21.811  40.539 0.1000000015
101574  42.930  22.501  40.177 0.1000000015
100863  42.474  22.635  40.020 0.1000000015
101602  41.164  22.515  39.358 0.1000000015
139241  39.959  22.032  38.253 0.1000000015
100875  39.161  22.138  38.218 0.1000000015
100860  46.655  21.542  40.392 0.1000000015
100846  45.310  21.852  40.512 0.1000000015
143943  44.566  22.413  40.132 0.1000000015
100862  43.570  22.496  40.089 0.1000000015
100872  42.352  21.915  38.775 0.1000000015
100891  38.533  21.601  37.268 0.1000000015
101628  38.328  22.314  38.144 0.1000000015
100892  37.160  21.811  37.372 0.1000000015
101588  46.578  22.275  40.099 0.1000000015
101589  45.577  22.345  40.217 0.1000000015
100870  44.251  22.012  38.978 0.1000000015
100871  43.276  21.891  38.898 0.1000000015
100888  41.924  21.593  37.704 0.1000000015
143897  40.726  21.472  36.936 0.1000000015
100902  39.195  21.475  36.455 0.1000000015
100903  37.651  21.540  36.838 0.1000000015
100893  36.529  21.838  37.223 0.1000000015
101599  46.254  22.630  39.545 0.1000000015
101626  44.584  22.279  38.054 0.1000000015
101627  43.756  22.163  37.462 0.1000000015
100898  43.103  21.868  37.268 0.1000000015
100912  40.731  21.636  36.224 0.1000000015
100901  40.064  21.464  36.661 0.1000000015
139229  38.299  21.522  36.251 0.1000000015
100904  36.871  21.653  36.667 0.1000000015
100916  36.597  21.861  35.951 0.1000000015
102366  46.346  23.745  37.922 0.1000000015
101643  42.784  22.115  36.644 0.1000000015
101656  41.208  22.209  35.736 0.1000000015
100913  39.818  21.631  35.878 0.1000000015
100914  38.946  21.734  35.710 0.1000000015
100915  37.442  21.652  36.033 0.1000000015
103079  47.114  24.687  37.956 0.1000000015
134107  38.105  21.888  35.577 0.1000000015
103091  48.139  25.622  36.966 0.1000000015
103102  48.845  25.348  35.625 0.1000000015
103116  49.166  24.807  34.435 0.1000000015
101729  39.252  22.968  28.438 0.1000000015
101735  39.824  22.906  25.792 0.1000000015
102474  39.816  23.591  25.505 0.1000000015
101715  39.524  22.082  30.321 0.1000000015
101721  39.230  22.551  29.514 0.1000000015
101722  38.601  22.167  28.932 0.1000000015
101742  39.539  22.683  24.860 0.1000000015
102475  39.602  23.518  25.324 0.1000000015
123228  30.968  22.970  30.745 0.1000000015
125484  30.827  22.111  30.577 0.1000000015
100956  30.126  21.627  30.662 0.1000000015
127373  29.240  22.603  31.284 0.1000000015
101704  28.601  22.102  31.392 0.1000000015
101705  27.684  22.338  31.557 0.1000000015
145496  26.914  22.088  31.616 0.1000000015
101706  26.268  22.319  31.493 0.1000000015
100961  38.887  21.702  29.815 0.1000000015
100973  39.011  21.876  26.533 0.1000000015
123713  39.506  22.099  25.171 0.1000000015
136223  39.106  23.064  24.898 0.1000000015
101737  37.042  23.059  26.676 0.1000000015
102464  36.304  23.251  27.865 0.1000000015
102466  34.934  23.230  28.911 0.1000000015
101723  34.103  22.811  29.259 0.1000000015
125763  33.199  22.863  29.796 0.1000000015
101726  32.069  22.084  30.007 0.1000000015
101716  31.597  22.477  30.402 0.1000000015
142356  30.708  21.395  30.321 0.1000000015
100949  26.485  21.592  31.479 0.1000000015
100955  39.372  21.250  30.451 0.1000000015
100962  38.423  21.320  29.214 0.1000000015
100968  38.342  21.627  28.217 0.1000000015
101744  37.964  22.043  24.601 0.1000000015
101736  38.058  22.798  25.237 0.1000000015
132589  36.803  22.116  25.843 0.1000000015
101738  35.281  22.101  27.844 0.1000000015
101739  34.793  21.894  28.101 0.1000000015
100970  33.670  21.501  28.573 0.1000000015
100249  32.849  21.327  28.968 0.1000000015
100250  31.553  20.877  29.451 0.1000000015
100964  31.414  21.600  30.082 0.1000000015
100233  25.946  21.040  31.258 0.1000000015
102434  26.103  23.190  31.389 0.1000000015
100236  39.462  20.535  30.416 0.1000000015
100237  38.809  20.901  29.942 0.1000000015
100248  38.533  20.594  29.228 0.1000000015
100255  38.170  20.854  27.285 0.1000000015
145112  38.802  20.948  24.857 0.1000000015
100267  38.604  21.161  24.541 0.1000000015
100985  37.054  21.331  24.889 0.1000000015
100980  36.108  21.103  25.792 0.1000000015
100981  35.158  20.745  26.510 0.1000000015
100262  34.296  20.481  27.044 0.1000000015
100977  33.989  21.015  27.875 0.1000000015
100257  32.464  20.516  28.433 0.1000000015
100958  24.969  21.962  30.940 0.1000000015
99567  38.640  19.419  27.936 0.2000000030
100260  38.142  19.734  27.104 0.1000000015
100261  38.310  20.271  25.751 0.1000000015
100268  38.244  20.497  24.809 0.1000000015
99586  36.485  20.059  25.270 0.1000000015
100274  36.450  20.665  25.149 0.1000000015
99580  35.500  19.674  25.945 0.1000000015
99581  34.619  19.943  26.303 0.1000000015
99582  33.859  19.948  26.799 0.1000000015
100263  33.501  20.326  27.368 0.1000000015
100264  32.735  20.132  27.656 0.1000000015
98901  37.406  19.127  26.166 0.1000000015
98902  36.605  18.941  26.183 0.1000000015
135386  36.212  19.420  25.763 0.1000000015
98903  35.665  18.982  26.281 0.1000000015
98904  34.657  19.112  26.539 0.1000000015
98905  33.967  19.503  26.704 0.1000000015
128386  36.105  17.834  27.149 0.1000000015
134578  36.157  18.432  26.740 0.1000000015
100153  44.277  21.098  40.538 0.1000000015
100154  43.507  21.273  40.554 0.1000000015
100850  41.486  22.171  40.395 0.1000000015
101603  39.742  23.013  38.852 0.1000000015
100848  43.271  22.080  40.500 0.1000000015
100849  42.357  22.176  40.436 0.1000000015
101575  42.036  22.601  40.101 0.1000000015
101592  39.864  23.098  39.190 0.1000000015
101605  38.107  23.382  38.463 0.1000000015
101629  37.569  22.431  38.007 0.1000000015
101630  36.797  22.368  37.779 0.1000000015
100905  36.023  21.873  36.673 0.1000000015
100894  35.214  22.085  37.099 0.1000000015
102367  45.138  23.125  37.521 0.1000000015
101641  44.188  22.698  37.153 0.1000000015
148586  34.610  22.242  36.674 0.1000000015
103080  46.279  24.860  37.536 0.1000000015
102374  45.460  24.057  37.074 0.1000000015
102376  43.724  23.157  36.467 0.1000000015
102377  42.972  22.784  36.223 0.1000000015
101644  42.147  22.309  36.077 0.1000000015
101675  39.967  22.841  34.937 0.1000000015
101658  39.513  22.195  35.306 0.1000000015
101660  37.239  22.280  35.328 0.1000000015
101661  36.289  22.490  35.335 0.1000000015
100917  35.867  22.125  35.884 0.1000000015
103770  46.893  25.648  37.705 0.1000000015
103093  44.703  24.507  36.552 0.1000000015
102387  43.210  23.680  35.920 0.1000000015
102389  41.649  23.086  35.390 0.1000000015
102390  40.788  22.924  35.123 0.1000000015
101677  38.446  22.966  34.702 0.1000000015
127827  47.592  25.272  37.641 0.1000000015
103103  43.334  24.711  35.714 0.1000000015
103104  42.659  24.681  35.305 0.1000000015
102404  41.156  23.850  34.879 0.1000000015
102405  40.315  23.657  34.700 0.1000000015
147970  38.989  23.260  34.623 0.1000000015
133588  37.154  23.523  34.486 0.1000000015
101679  36.772  22.922  34.803 0.1000000015
103781  48.272  26.115  35.956 0.1000000015
103789  49.080  25.957  34.906 0.1000000015
103799  48.960  25.689  33.982 0.1000000015
102462  39.915  23.742  27.708 0.1000000015
103197  40.300  24.383  27.027 0.1000000015
103203  40.020  24.216  26.224 0.1000000015
103208  39.876  23.986  25.653 0.1000000015
103209  39.238  24.265  26.107 0.1000000015
103198  36.838  24.502  28.096 0.1000000015
103199  35.911  24.580  28.747 0.1000000015
103187  35.097  24.104  29.176 0.1000000015
103855  35.024  25.056  29.234 0.1000000015
102432  28.574  23.114  31.428 0.1000000015
103205  37.844  24.460  27.181 0.1000000015
102465  35.710  23.621  28.588 0.1000000015
103188  34.342  24.537  29.483 0.1000000015
125735  33.724  23.420  29.668 0.1000000015
102446  32.652  23.297  30.214 0.1000000015
102447  31.866  23.365  30.485 0.1000000015
103189  33.583  24.865  29.690 0.1000000015
135463  33.067  24.381  30.017 0.1000000015
103167  32.523  23.942  30.308 0.1000000015
103168  31.768  24.361  30.425 0.1000000015
101707  25.497  22.535  31.239 0.1000000015
98888  37.082  18.205  26.901 0.1000000015
102342  38.451  23.935  38.832 0.1000000015
103053  38.161  24.249  38.910 0.1000000015
101606  37.336  23.369  38.257 0.1000000015
101631  35.213  22.464  37.748 0.1000000015
101632  34.369  22.311  37.402 0.1000000015
101633  33.433  22.381  37.305 0.1000000015
103092  45.445  25.044  36.885 0.1000000015
101646  33.910  22.405  36.610 0.1000000015
103771  46.025  25.864  37.392 0.1000000015
103783  44.112  25.090  36.160 0.1000000015
103791  43.718  25.659  35.794 0.1000000015
101662  35.339  22.694  35.404 0.1000000015
101663  34.424  22.574  35.894 0.1000000015
142035  46.664  26.676  37.430 0.1000000015
104439  47.372  26.924  37.262 0.1000000015
103792  42.908  25.489  35.261 0.1000000015
103121  40.554  24.654  34.497 0.1000000015
126372  39.859  24.235  34.452 0.1000000015
127504  37.905  23.592  34.436 0.1000000015
102409  35.264  23.492  34.787 0.1000000015
105164  46.950  27.574  36.991 0.1000000015
105163  47.661  27.235  36.680 0.1000000015
103800  41.994  25.692  34.709 0.1000000015
103801  41.061  25.534  34.411 0.1000000015
104463  48.564  26.677  35.402 0.1000000015
103798  49.126  25.845  34.233 0.1000000015
103814  47.814  25.656  33.682 0.1000000015
102455  41.145  23.807  29.874 0.1000000015
102461  40.315  24.186  28.430 0.1000000015
103204  39.781  24.566  26.427 0.1000000015
103873  36.515  25.365  28.507 0.1000000015
103884  39.236  25.611  27.243 0.1000000015
123220  38.587  25.085  27.165 0.1000000015
137383  37.039  25.925  28.346 0.1000000015
103874  35.627  25.696  28.866 0.1000000015
103875  34.729  25.995  29.074 0.1000000015
103856  34.149  25.397  29.392 0.1000000015
103836  31.272  25.122  30.268 0.1000000015
104537  36.220  26.455  28.528 0.1000000015
105248  35.683  27.247  28.344 0.1000000015
104538  35.239  26.664  28.654 0.1000000015
104539  34.310  26.815  28.654 0.1000000015
104514  33.831  26.201  29.145 0.1000000015
103835  32.093  25.142  30.120 0.1000000015
101593  39.129  23.473  39.200 0.1000000015
101594  38.431  23.728  39.347 0.1000000015
102324  39.086  23.562  38.969 0.1000000015
102325  38.558  23.937  38.938 0.1000000015
102317  37.669  23.921  39.558 0.1000000015
102326  38.147  24.313  38.979 0.1000000015
103054  37.584  24.652  38.910 0.1000000015
102343  37.862  24.134  38.625 0.1000000015
102344  37.117  24.370  38.471 0.1000000015
102345  36.033  24.045  38.437 0.1000000015
101608  35.162  23.099  38.275 0.1000000015
139275  34.525  22.619  38.023 0.1000000015
101609  33.766  22.564  37.998 0.1000000015
101648  32.301  22.596  36.643 0.1000000015
101664  33.620  22.751  35.939 0.1000000015
101649  31.375  22.547  36.898 0.1000000015
103782  45.257  25.938  36.758 0.1000000015
103790  44.418  25.980  36.259 0.1000000015
147115  34.015  22.955  35.596 0.1000000015
101665  32.782  23.054  35.876 0.1000000015
102378  31.833  23.073  36.180 0.1000000015
138437  45.801  26.577  37.121 0.1000000015
104452  45.134  26.808  36.547 0.1000000015
104464  44.285  26.635  35.945 0.1000000015
104465  43.552  26.314  35.470 0.1000000015
104474  42.742  26.292  34.905 0.1000000015
126371  39.716  24.956  34.209 0.1000000015
103803  38.919  25.123  33.965 0.1000000015
103123  38.237  24.427  34.164 0.1000000015
102408  36.527  23.509  34.549 0.1000000015
102410  34.652  23.903  34.752 0.1000000015
102411  33.939  23.929  34.951 0.1000000015
102393  32.225  23.642  35.662 0.1000000015
143026  31.301  24.477  35.568 0.1000000015
104451  46.072  27.303  37.041 0.1000000015
105197  42.554  26.980  34.526 0.1000000015
134169  42.064  26.471  34.516 0.1000000015
104476  40.703  26.138  34.072 0.1000000015
103816  39.498  25.761  33.842 0.1000000015
103136  37.447  24.778  33.966 0.1000000015
134066  35.577  25.277  34.080 0.1000000015
103127  34.436  24.625  34.618 0.1000000015
103106  32.991  23.997  35.260 0.1000000015
103107  32.071  24.489  35.408 0.1000000015
129988  47.641  27.873  36.157 0.1000000015
148410  49.106  26.111  33.974 0.1000000015
127613  49.047  26.527  34.009 0.1000000015
103134  46.761  24.794  33.737 0.1000000015
103815  46.643  25.672  33.272 0.1000000015
103186  40.917  24.448  29.009 0.1000000015
142149  40.586  24.821  27.968 0.1000000015
103202  40.426  25.099  27.192 0.1000000015
103883  40.163  25.104  26.868 0.1000000015
104556  39.788  26.187  27.378 0.1000000015
104557  38.776  26.558  27.647 0.1000000015
144435  37.979  26.001  27.927 0.1000000015
104536  37.094  26.716  28.273 0.1000000015
104558  37.861  27.060  27.952 0.1000000015
105270  37.575  27.918  27.460 0.1000000015
105246  37.100  27.437  28.007 0.1000000015
105272  35.728  27.774  27.864 0.1000000015
105273  34.920  27.837  27.218 0.1000000015
141811  33.208  27.496  27.420 0.1000000015
105271  36.578  27.909  27.644 0.1000000015
106016  35.850  28.138  27.091 0.1000000015
105286  33.582  27.616  25.448 0.1000000015
103045  36.964  25.096  39.496 0.1000000015
103065  37.080  25.102  38.802 0.1000000015
145843  36.986  26.439  39.438 0.1000000015
103762  36.646  25.631  39.035 0.1000000015
103066  35.803  24.868  38.802 0.1000000015
132177  34.236  23.163  38.440 0.1000000015
102347  33.294  23.167  38.565 0.1000000015
101610  32.777  22.531  37.926 0.1000000015
101650  30.586  22.635  36.952 0.1000000015
102395  30.685  24.013  35.849 0.1000000015
105166  45.571  27.576  36.462 0.1000000015
105195  44.378  27.750  35.145 0.1000000015
105181  43.933  27.066  35.381 0.1000000015
103109  29.878  24.513  35.860 0.1000000015
105179  46.887  28.160  36.289 0.1000000015
105180  45.914  28.120  36.106 0.1000000015
105924  45.165  27.985  35.649 0.1000000015
105208  42.350  27.678  33.809 0.1000000015
105198  41.704  27.021  34.110 0.1000000015
104487  40.082  26.350  33.785 0.1000000015
131931  38.675  25.933  33.699 0.1000000015
103819  36.652  25.834  33.734 0.1000000015
103805  35.105  26.047  34.170 0.1000000015
103806  34.204  25.564  34.563 0.1000000015
103129  32.827  25.036  35.079 0.1000000015
129012  31.512  25.180  35.393 0.1000000015
103108  30.733  24.918  35.554 0.1000000015
104472  48.771  27.365  34.328 0.1000000015
104489  38.256  26.695  33.574 0.1000000015
104490  37.306  26.463  33.617 0.1000000015
104492  35.721  26.639  33.849 0.1000000015
104479  33.624  26.115  34.735 0.1000000015
132314  32.185  25.364  35.239 0.1000000015
103794  30.974  25.796  35.425 0.1000000015
103813  48.646  26.377  33.704 0.1000000015
104483  48.719  27.155  33.719 0.1000000015
103141  45.247  24.575  32.543 0.1000000015
103184  42.282  24.541  29.478 0.1000000015
103195  41.596  24.835  28.929 0.1000000015
103196  41.038  25.245  28.287 0.1000000015
103882  40.423  25.867  27.454 0.1000000015
135624  40.147  26.961  27.548 0.1000000015
105268  39.360  27.750  27.398 0.1000000015
105269  38.535  27.483  27.571 0.1000000015
106052  39.797  28.795  25.332 0.1000000015
106035  37.770  28.400  26.592 0.1000000015
106069  40.022  28.671  24.270 0.1000000015
148470  36.351  28.030  25.830 0.1000000015
106037  35.818  28.014  26.177 0.1000000015
105297  34.962  27.585  25.477 0.1000000015
105298  34.210  27.526  24.871 0.1000000015
103749  37.327  27.074  39.599 0.1000000015
104431  37.169  27.430  39.616 0.1000000015
103756  36.058  26.443  39.363 0.1000000015
103757  34.897  26.096  39.598 0.1000000015
103057  34.580  24.973  39.319 0.1000000015
102328  33.857  23.961  39.038 0.1000000015
102348  32.317  23.214  38.693 0.1000000015
103058  33.283  24.902  39.552 0.1000000015
102329  32.803  24.012  39.204 0.1000000015
101611  31.819  22.622  38.126 0.1000000015
101635  31.401  22.482  37.618 0.1000000015
101637  29.971  22.711  37.338 0.1000000015
101651  30.125  22.901  36.783 0.1000000015
103096  29.199  23.899  36.348 0.1000000015
105206  48.201  28.161  33.013 0.1000000015
105961  48.052  28.574  33.428 0.1000000015
105178  47.702  28.420  35.308 0.1000000015
148766  29.523  25.106  35.744 0.1000000015
103110  29.091  24.743  35.988 0.1000000015
105194  48.408  28.112  34.575 0.1000000015
105942  47.139  28.838  34.640 0.1000000015
105944  45.004  28.364  34.926 0.1000000015
105210  40.275  27.829  33.449 0.1000000015
105211  39.501  27.524  33.508 0.1000000015
105212  38.642  27.624  33.498 0.1000000015
133220  48.332  27.646  33.350 0.1000000015
105213  37.669  27.371  33.536 0.1000000015
104491  36.413  26.601  33.681 0.1000000015
104477  35.147  27.087  34.130 0.1000000015
137656  33.440  26.696  34.797 0.1000000015
103793  31.788  25.990  35.272 0.1000000015
104485  47.369  26.356  33.298 0.1000000015
104484  48.046  27.075  33.271 0.1000000015
103824  45.366  25.242  32.175 0.1000000015
103162  44.819  24.848  30.853 0.1000000015
103194  42.163  25.054  28.866 0.1000000015
103871  40.942  25.887  27.844 0.1000000015
104535  41.369  26.470  27.875 0.1000000015
104555  40.899  27.164  27.590 0.1000000015
105267  40.291  27.923  27.370 0.1000000015
106013  39.472  28.341  27.011 0.1000000015
106051  40.635  29.102  25.123 0.1000000015
106033  39.615  28.692  26.284 0.1000000015
145663  40.868  29.078  24.384 0.1000000015
106032  40.470  28.911  26.078 0.1000000015
105140  37.927  28.180  40.028 0.1000000015
105146  37.498  27.815  39.766 0.1000000015
104425  36.119  27.573  39.931 0.1000000015
103758  33.759  25.771  39.827 0.1000000015
103750  34.305  26.479  40.097 0.1000000015
101612  30.973  22.695  38.166 0.1000000015
101613  30.014  22.861  38.184 0.1000000015
102380  29.309  23.066  36.920 0.1000000015
102369  28.491  23.320  37.347 0.1000000015
103097  28.387  24.303  36.421 0.1000000015
105941  48.028  28.558  34.259 0.1000000015
105963  46.663  29.061  34.000 0.1000000015
103795  29.086  25.589  35.707 0.1000000015
105943  45.978  28.780  34.687 0.1000000015
105945  44.073  28.191  34.207 0.1000000015
139980  40.141  28.683  33.265 0.1000000015
105969  39.373  28.371  33.389 0.1000000015
134376  30.033  25.543  35.579 0.1000000015
104497  46.987  26.925  32.624 0.1000000015
105965  43.497  28.520  33.361 0.1000000015
105966  42.648  28.431  33.272 0.1000000015
136503  41.404  29.204  32.831 0.1000000015
105972  36.994  28.015  33.570 0.1000000015
148790  36.430  28.212  33.709 0.1000000015
105199  35.277  28.013  34.125 0.1000000015
105202  32.842  27.154  35.010 0.1000000015
128134  31.274  26.638  35.397 0.1000000015
104467  30.472  26.491  35.468 0.1000000015
104468  29.590  26.418  35.522 0.1000000015
129950  46.115  26.376  32.067 0.1000000015
106767  40.527  29.430  33.010 0.1000000015
106769  38.809  29.251  33.420 0.1000000015
106770  38.007  29.032  33.539 0.1000000015
105973  35.965  28.452  33.890 0.1000000015
105947  34.665  28.509  34.439 0.1000000015
105182  32.222  27.745  35.270 0.1000000015
105183  31.466  27.462  35.401 0.1000000015
103828  45.224  25.275  31.291 0.1000000015
106772  36.009  29.225  34.104 0.1000000015
105946  35.338  28.871  34.242 0.1000000015
103854  42.842  24.962  29.035 0.1000000015
104534  42.085  26.356  28.187 0.1000000015
105266  41.218  27.872  27.372 0.1000000015
106012  40.297  28.506  26.866 0.1000000015
106068  40.736  28.631  23.649 0.1000000015
123609  40.805  27.489  21.699 0.1000000015
105332  40.544  27.827  22.613 0.1000000015
106067  41.549  29.049  23.990 0.1000000015
104406  36.698  27.746  42.254 0.1000000015
105133  37.750  28.406  40.889 0.1000000015
105141  37.034  28.152  40.405 0.1000000015
104422  35.860  27.670  40.587 0.1000000015
104427  33.962  26.450  40.601 0.1000000015
104426  34.912  27.060  40.439 0.1000000015
103751  33.388  25.943  40.330 0.1000000015
103059  32.232  24.967  39.701 0.1000000015
102349  31.328  23.323  38.795 0.1000000015
103752  32.535  25.578  40.392 0.1000000015
103060  31.357  25.010  39.899 0.1000000015
102331  30.710  24.226  39.563 0.1000000015
147595  30.511  23.329  38.775 0.1000000015
102368  29.105  22.981  37.801 0.1000000015
103745  31.868  25.321  40.470 0.1000000015
103049  30.872  24.797  40.050 0.1000000015
103098  27.611  24.304  36.692 0.1000000015
126932  47.559  28.223  32.306 0.1000000015
105977  47.793  28.694  32.708 0.1000000015
103111  28.483  25.100  36.013 0.1000000015
104496  47.756  27.675  32.780 0.1000000015
105981  47.460  28.831  31.803 0.1000000015
105962  47.483  28.895  33.813 0.1000000015
139287  45.809  28.935  33.864 0.1000000015
128183  44.290  28.643  33.488 0.1000000015
103784  27.749  25.010  36.287 0.1000000015
105222  46.920  27.485  31.871 0.1000000015
106762  47.593  29.061  33.088 0.1000000015
106763  47.027  29.291  33.316 0.1000000015
145099  45.588  29.558  32.768 0.1000000015
106766  43.937  29.076  32.815 0.1000000015
105979  42.222  29.055  32.775 0.1000000015
104470  27.252  26.573  35.743 0.1000000015
146291  46.540  26.903  31.983 0.1000000015
103827  45.695  25.876  30.988 0.1000000015
106780  44.698  29.653  32.513 0.1000000015
133376  43.175  29.962  32.286 0.1000000015
107532  42.729  30.492  32.212 0.1000000015
106784  41.242  30.054  32.675 0.1000000015
146981  39.947  30.055  33.165 0.1000000015
107519  39.169  30.300  33.489 0.1000000015
106745  37.322  29.463  33.781 0.1000000015
105949  32.996  28.035  34.970 0.1000000015
105927  31.582  28.297  35.375 0.1000000015
128665  30.758  27.953  35.391 0.1000000015
105185  30.049  27.328  35.422 0.1000000015
103850  45.873  25.359  29.823 0.1000000015
107533  41.922  30.697  32.445 0.1000000015
107534  41.264  31.065  32.800 0.1000000015
123224  39.940  31.042  33.484 0.1000000015
107504  38.596  30.978  33.985 0.1000000015
107505  37.167  30.482  34.334 0.1000000015
125414  35.429  29.689  34.494 0.1000000015
106748  33.874  29.202  34.824 0.1000000015
105926  32.346  28.592  35.256 0.1000000015
106738  30.928  28.833  35.302 0.1000000015
130414  44.899  24.874  29.461 0.1000000015
103868  43.319  25.429  28.739 0.1000000015
104533  42.887  26.215  28.347 0.1000000015
105265  42.133  27.704  27.382 0.1000000015
104554  41.682  27.089  27.715 0.1000000015
145478  41.667  28.159  27.151 0.1000000015
148395  40.743  28.244  27.160 0.1000000015
106010  42.132  28.392  26.828 0.1000000015
106011  41.220  28.542  26.753 0.1000000015
106050  41.461  29.241  24.897 0.1000000015
106031  41.308  29.101  25.822 0.1000000015
105343  42.295  27.285  21.121 0.1000000015
105331  41.725  27.605  21.667 0.1000000015
105357  42.326  27.427  20.355 0.1000000015
105344  41.231  27.281  21.068 0.1000000015
104405  37.844  27.864  43.137 0.1000000015
147112  36.998  27.609  43.017 0.1000000015
104423  34.205  26.638  41.183 0.1000000015
126858  35.621  27.007  42.503 0.1000000015
103737  35.060  27.028  41.638 0.1000000015
103743  33.233  25.978  40.930 0.1000000015
103738  34.310  26.319  42.036 0.1000000015
103744  32.442  25.516  40.891 0.1000000015
102350  29.816  23.625  39.243 0.1000000015
102332  29.153  23.543  39.512 0.1000000015
102352  28.216  23.348  38.147 0.1000000015
102382  27.960  23.715  36.948 0.1000000015
102353  27.478  23.528  38.357 0.1000000015
105230  46.858  26.655  29.752 0.1000000015
105221  47.117  28.101  31.236 0.1000000015
106787  47.365  29.282  32.277 0.1000000015
104455  25.696  25.894  36.997 0.1000000015
105225  46.675  27.206  30.707 0.1000000015
106779  47.090  29.503  32.485 0.1000000015
107529  45.578  30.244  32.128 0.1000000015
105186  27.449  27.333  35.452 0.1000000015
104513  46.547  25.584  29.275 0.1000000015
107531  43.530  30.534  31.964 0.1000000015
146729  30.129  27.964  35.324 0.1000000015
105929  29.408  28.060  35.153 0.1000000015
103851  45.414  25.025  29.568 0.1000000015
107545  43.442  31.361  31.867 0.1000000015
108271  41.678  32.222  33.591 0.1000000015
108258  37.338  31.458  35.069 0.1000000015
107508  34.838  30.279  34.885 0.1000000015
106736  32.452  29.429  35.235 0.1000000015
106737  31.708  29.136  35.316 0.1000000015
103867  45.360  25.072  28.938 0.1000000015
104532  43.802  26.020  28.410 0.1000000015
104552  43.273  26.764  27.935 0.1000000015
128063  42.872  27.345  27.528 0.1000000015
141593  41.939  28.885  26.274 0.1000000015
106066  42.289  29.123  24.559 0.1000000015
106049  42.158  29.162  25.513 0.1000000015
104599  43.965  26.867  20.644 0.1000000015
105330  42.695  27.675  21.880 0.1000000015
106098  42.143  28.131  22.534 0.1000000015
106084  42.442  28.666  23.557 0.1000000015
104396  36.894  26.899  43.931 0.1000000015
104407  36.118  26.735  43.365 0.1000000015
103032  33.650  25.854  41.807 0.1000000015
103040  32.070  24.929  41.269 0.1000000015
103041  31.249  24.775  40.598 0.1000000015
103042  30.546  24.391  40.321 0.1000000015
132487  28.575  23.348  39.864 0.1000000015
105984  47.296  28.755  30.714 0.1000000015
145680  27.856  23.459  38.688 0.1000000015
102371  26.933  23.718  37.882 0.1000000015
103082  26.458  24.280  37.459 0.1000000015
103773  25.605  25.504  37.700 0.1000000015
104440  25.527  26.201  37.474 0.1000000015
105224  47.080  27.773  30.155 0.1000000015
103786  26.275  25.693  36.586 0.1000000015
138463  25.519  26.722  36.961 0.1000000015
106788  47.058  30.307  31.364 0.1000000015
104453  26.452  26.449  36.161 0.1000000015
104454  25.921  27.032  36.358 0.1000000015
104512  47.168  26.085  28.916 0.1000000015
107528  46.622  30.241  31.904 0.1000000015
107530  44.385  30.415  31.960 0.1000000015
142849  28.151  27.895  35.086 0.1000000015
130774  27.212  28.034  35.375 0.1000000015
105187  26.588  27.371  35.788 0.1000000015
103880  47.192  24.795  27.966 0.1000000015
148910  45.398  25.762  27.981 0.1000000015
142230  46.085  31.077  31.457 0.1000000015
107543  45.057  31.148  31.583 0.1000000015
108943  43.493  33.305  33.314 0.1000000015
108256  40.290  32.251  34.625 0.1000000015
123505  37.948  31.165  34.537 0.1000000015
108259  36.527  31.260  35.089 0.1000000015
107497  34.233  30.863  35.181 0.1000000015
107500  31.882  29.868  35.228 0.1000000015
106749  31.061  29.788  35.045 0.1000000015
105950  29.556  28.839  34.924 0.1000000015
105951  28.708  28.790  34.816 0.1000000015
105930  27.158  28.863  35.306 0.1000000015
105931  26.479  28.361  35.734 0.1000000015
104531  44.887  25.727  28.344 0.1000000015
104551  44.125  26.596  27.867 0.1000000015
108942  44.512  33.981  33.217 0.1000000015
108936  42.468  33.401  34.824 0.1000000015
108920  42.253  33.729  35.931 0.1000000015
108922  40.149  32.934  35.729 0.1000000015
108246  38.030  32.239  35.512 0.1000000015
108260  35.762  31.497  35.311 0.1000000015
127171  33.743  31.318  35.161 0.1000000015
107510  31.689  30.576  34.988 0.1000000015
106751  29.222  29.650  34.637 0.1000000015
105263  44.369  27.170  27.287 0.1000000015
105264  43.565  27.295  27.431 0.1000000015
105283  43.853  27.765  26.946 0.1000000015
105284  43.015  28.003  26.983 0.1000000015
106030  42.859  28.832  26.174 0.1000000015
143543  43.008  29.073  25.137 0.1000000015
104606  45.739  26.042  20.207 0.1000000015
105342  43.287  27.241  21.255 0.1000000015
103717  37.319  26.470  44.653 0.1000000015
104395  37.771  27.284  44.036 0.1000000015
126232  34.815  26.306  42.655 0.1000000015
103025  34.133  25.520  42.758 0.1000000015
102310  32.665  24.407  42.156 0.1000000015
102311  31.610  24.058  41.538 0.1000000015
102312  29.950  23.632  40.565 0.1000000015
102321  29.205  23.449  40.202 0.1000000015
102322  27.940  23.222  39.945 0.1000000015
134895  27.344  23.379  40.057 0.1000000015
102354  26.829  23.706  38.717 0.1000000015
103763  25.542  25.194  38.628 0.1000000015
105229  47.267  27.351  29.219 0.1000000015
125288  25.502  25.900  39.101 0.1000000015
105986  47.370  28.602  29.544 0.1000000015
105152  25.725  27.849  38.268 0.1000000015
105157  25.518  27.516  37.478 0.1000000015
147329  47.311  30.289  30.705 0.1000000015
105911  25.694  28.440  37.707 0.1000000015
104530  47.126  25.028  28.398 0.1000000015
104549  46.696  25.185  27.428 0.1000000015
107548  47.366  31.228  30.319 0.1000000015
107549  47.079  31.697  30.500 0.1000000015
143079  45.769  31.995  31.165 0.1000000015
108290  44.293  32.124  31.682 0.1000000015
108279  43.802  32.522  32.231 0.1000000015
105952  27.869  28.800  34.890 0.1000000015
105914  25.923  28.773  36.293 0.1000000015
105915  25.556  28.243  36.878 0.1000000015
104550  45.715  25.847  27.533 0.1000000015
108298  47.753  32.651  29.924 0.1000000015
108299  47.428  33.226  30.294 0.1000000015
108300  46.661  33.434  30.817 0.1000000015
108948  44.792  33.447  32.217 0.1000000015
108934  44.274  34.578  34.331 0.1000000015
108919  42.985  34.299  35.573 0.1000000015
108910  40.824  33.727  36.070 0.1000000015
108911  39.762  33.468  35.822 0.1000000015
108247  37.112  32.233  35.559 0.1000000015
108249  35.361  32.100  35.425 0.1000000015
107499  32.541  30.382  35.168 0.1000000015
107511  30.871  30.740  34.686 0.1000000015
106740  26.459  29.241  35.757 0.1000000015
105262  45.200  26.846  27.038 0.1000000015
109526  44.371  35.294  34.268 0.1000000015
109527  43.799  34.871  35.026 0.1000000015
109512  42.905  34.873  35.489 0.1000000015
109505  40.306  34.089  35.905 0.1000000015
109507  37.584  33.327  35.476 0.1000000015
139508  35.750  32.883  35.430 0.1000000015
108915  34.255  32.472  35.004 0.1000000015
107509  32.233  31.137  34.957 0.1000000015
126310  30.132  30.167  34.664 0.1000000015
106752  28.211  29.532  34.688 0.1000000015
106753  27.562  29.422  34.952 0.1000000015
105304  46.079  27.206  24.482 0.1000000015
105295  45.127  27.920  25.729 0.1000000015
109516  37.401  33.672  35.116 0.1000000015
109509  36.117  33.322  35.187 0.1000000015
108924  35.367  33.182  34.986 0.1000000015
105315  45.860  27.086  23.404 0.1000000015
105306  44.293  28.062  23.949 0.1000000015
106048  43.746  28.695  25.567 0.1000000015
106029  43.769  28.357  26.392 0.1000000015
105327  45.475  26.893  22.458 0.1000000015
106065  43.690  28.619  24.612 0.1000000015
130946  45.046  26.417  20.835 0.1000000015
105317  43.969  27.841  23.018 0.1000000015
106083  43.418  28.397  23.702 0.1000000015
104384  38.378  27.047  44.621 0.1000000015
103729  35.315  26.265  43.242 0.1000000015
102302  33.162  24.299  42.827 0.1000000015
148182  32.148  24.206  41.810 0.1000000015
102313  29.307  22.829  41.024 0.1000000015
101584  27.659  23.038  40.740 0.1000000015
125942  32.085  23.576  42.358 0.1000000015
145169  30.623  22.780  41.883 0.1000000015
101583  28.447  22.882  40.698 0.1000000015
103760  25.553  25.310  39.548 0.1000000015
123982  25.613  26.697  39.182 0.1000000015
105995  47.624  28.099  28.626 0.1000000015
105905  26.583  28.397  39.398 0.1000000015
105907  26.088  28.466  38.589 0.1000000015
105151  25.946  27.643  39.176 0.1000000015
105245  47.673  26.868  28.469 0.1000000015
124779  47.651  29.049  28.750 0.1000000015
129267  47.537  29.756  29.233 0.1000000015
144068  47.516  30.589  29.835 0.1000000015
106729  26.160  30.085  37.479 0.1000000015
130749  47.722  25.525  28.237 0.1000000015
146531  47.658  24.834  27.951 0.1000000015
127122  47.951  30.942  28.897 0.1000000015
105910  25.700  29.238  37.089 0.1000000015
147327  25.906  29.867  36.895 0.1000000015
103879  47.841  24.974  27.559 0.1000000015
107552  47.912  31.865  29.479 0.1000000015
108957  48.131  33.943  29.816 0.1000000015
108947  46.109  34.348  31.403 0.1000000015
108941  45.159  34.674  33.034 0.1000000015
110119  42.649  35.203  34.625 0.1000000015
129946  26.471  30.093  35.819 0.1000000015
103887  48.107  25.192  27.001 0.1000000015
104564  46.148  26.219  26.749 0.1000000015
109543  45.268  35.224  33.048 0.1000000015
128488  41.858  34.963  35.369 0.1000000015
109515  39.190  34.167  35.302 0.1000000015
108261  33.098  32.133  34.814 0.1000000015
108263  31.560  31.488  34.636 0.1000000015
108264  30.608  31.509  34.407 0.1000000015
108266  28.711  31.259  34.398 0.1000000015
107501  27.017  30.567  35.343 0.1000000015
108253  27.074  31.355  35.481 0.1000000015
104569  47.543  26.054  25.612 0.1000000015
105280  46.514  26.650  25.942 0.1000000015
110120  40.700  34.652  34.883 0.1000000015
140502  39.075  34.267  34.884 0.1000000015
109517  36.545  33.561  34.869 0.1000000015
108925  34.530  33.021  34.771 0.1000000015
137147  32.764  32.610  34.506 0.1000000015
108928  31.106  32.224  34.265 0.1000000015
148916  30.360  32.159  34.206 0.1000000015
136056  28.019  31.801  34.630 0.1000000015
129228  27.497  31.100  34.923 0.1000000015
104583  47.671  26.249  23.608 0.1000000015
109546  40.606  33.805  32.940 0.1000000015
134703  38.626  33.888  34.013 0.1000000015
109531  37.069  33.677  34.435 0.1000000015
109519  34.847  33.397  34.342 0.1000000015
109520  33.968  33.320  34.282 0.1000000015
108938  31.461  32.986  34.040 0.1000000015
108939  30.607  32.844  34.014 0.1000000015
126484  28.865  32.228  34.272 0.1000000015
130732  38.852  32.849  31.760 0.1000000015
109548  38.270  33.158  32.677 0.1000000015
131959  36.674  33.459  33.080 0.1000000015
109533  35.099  33.606  33.521 0.1000000015
109534  34.194  33.606  33.634 0.1000000015
109537  31.855  33.576  33.616 0.1000000015
109538  30.905  33.643  33.583 0.1000000015
108929  29.743  32.597  34.094 0.1000000015
108949  40.158  32.976  30.874 0.1000000015
141247  39.324  32.840  31.099 0.1000000015
109562  37.826  32.899  31.563 0.1000000015
146213  36.236  33.283  31.996 0.1000000015
109550  34.918  33.760  32.247 0.1000000015
109552  33.555  33.883  32.996 0.1000000015
109580  38.570  32.964  30.765 0.1000000015
109581  37.701  33.253  30.680 0.1000000015
109564  36.492  33.405  31.286 0.1000000015
109566  34.319  34.099  31.901 0.1000000015
110131  33.622  34.288  32.071 0.1000000015
109582  36.060  33.884  30.846 0.1000000015
110141  34.867  34.152  31.403 0.1000000015
103719  35.522  25.687  43.984 0.1000000015
103015  34.922  24.935  44.103 0.1000000015
103026  33.700  24.617  43.170 0.1000000015
102303  32.721  23.728  42.927 0.1000000015
101561  30.863  22.383  42.571 0.1000000015
123547  29.987  22.224  42.303 0.1000000015
101569  28.771  22.491  41.615 0.1000000015
125947  27.286  28.964  39.596 0.1000000015
106009  48.187  27.728  27.868 0.1000000015
105904  26.691  29.123  38.842 0.1000000015
125777  26.058  29.259  38.033 0.1000000015
104548  48.125  25.301  27.591 0.1000000015
106800  48.105  29.987  28.404 0.1000000015
130490  26.464  30.859  37.260 0.1000000015
108302  48.410  33.250  29.233 0.1000000015
108958  47.531  34.309  30.336 0.1000000015
108959  46.811  34.529  30.804 0.1000000015
109574  46.279  34.791  31.168 0.1000000015
107502  26.612  30.925  35.938 0.1000000015
109555  45.806  35.018  31.836 0.1000000015
110139  45.179  35.341  32.570 0.1000000015
147372  44.299  35.548  33.937 0.1000000015
108916  27.162  32.176  35.667 0.1000000015
108966  45.422  33.992  29.792 0.1000000015
109576  44.278  34.556  30.879 0.1000000015
110140  44.347  35.482  33.033 0.1000000015
110130  43.337  35.283  33.520 0.1000000015
137056  44.179  33.147  29.229 0.1000000015
109577  43.222  34.178  30.919 0.1000000015
109545  41.858  34.498  33.232 0.1000000015
108967  43.302  33.008  29.187 0.1000000015
109590  43.234  33.572  30.033 0.1000000015
109578  42.213  33.761  30.982 0.1000000015
109560  40.949  33.503  31.947 0.1000000015
109539  29.978  33.417  33.788 0.1000000015
108930  29.032  33.275  34.047 0.1000000015
125260  42.293  33.320  30.066 0.1000000015
109579  41.217  33.354  30.987 0.1000000015
110132  32.892  34.246  32.576 0.1000000015
110123  31.500  34.218  33.107 0.1000000015
110142  34.124  34.634  31.345 0.1000000015
110133  32.038  34.662  32.367 0.1000000015
110707  34.206  35.198  30.825 0.1000000015
110143  32.903  34.824  31.781 0.1000000015
102295  33.301  23.870  43.446 0.1000000015
101559  32.321  23.104  43.084 0.1000000015
101562  29.104  22.167  42.356 0.1000000015
105148  26.485  27.296  40.711 0.1000000015
106718  28.691  29.394  41.313 0.1000000015
126916  28.321  29.300  40.612 0.1000000015
128186  27.042  28.336  40.061 0.1000000015
105901  27.669  28.753  40.466 0.1000000015
106724  28.115  29.532  39.847 0.1000000015
106726  27.404  29.713  39.085 0.1000000015
108238  26.731  30.790  37.929 0.1000000015
107556  48.816  31.300  28.015 0.1000000015
108305  48.654  33.231  28.371 0.1000000015
108963  48.312  33.932  29.071 0.1000000015
109573  47.073  34.553  30.440 0.1000000015
108237  27.294  31.458  38.109 0.1000000015
108242  26.877  31.493  37.429 0.1000000015
108244  26.638  31.385  36.657 0.1000000015
108972  48.085  34.124  28.835 0.1000000015
108254  26.816  31.588  35.992 0.1000000015
108981  47.835  33.377  28.118 0.1000000015
108973  46.735  33.231  28.425 0.1000000015
109588  46.421  34.675  30.554 0.1000000015
108317  46.619  32.242  27.609 0.1000000015
128343  46.042  33.611  29.084 0.1000000015
108931  28.271  32.810  34.529 0.1000000015
109523  27.765  33.340  34.891 0.1000000015
107578  46.520  30.951  26.154 0.1000000015
148276  45.818  32.287  27.937 0.1000000015
108974  44.714  32.842  28.812 0.1000000015
127949  29.446  33.977  33.710 0.1000000015
110124  30.752  34.394  33.155 0.1000000015
138306  30.107  34.207  33.439 0.1000000015
110700  32.210  35.231  31.738 0.1000000015
110708  33.472  35.276  31.136 0.1000000015
110709  32.644  35.573  31.286 0.1000000015
100835  30.337  21.843  43.137 0.1000000015
145627  28.678  29.248  41.958 0.1000000015
108314  49.014  32.366  27.720 0.1000000015
107566  49.256  31.401  27.151 0.1000000015
108315  48.921  32.853  27.673 0.1000000015
108971  48.518  33.524  28.318 0.1000000015
108241  27.328  32.198  37.626 0.1000000015
106822  49.551  30.478  26.528 0.1000000015
107575  49.343  31.108  26.559 0.1000000015
107576  49.047  31.460  26.488 0.1000000015
108328  48.689  32.190  27.015 0.1000000015
125496  27.378  33.070  35.523 0.1000000015
107587  49.460  30.725  25.944 0.1000000015
108329  47.292  31.746  26.903 0.1000000015
138397  27.527  33.767  35.328 0.1000000015
107577  47.960  31.278  26.296 0.1000000015
110115  27.792  34.169  34.857 0.1000000015
107589  47.153  30.525  25.565 0.1000000015
110126  28.688  34.875  33.882 0.1000000015
109540  28.824  34.190  33.921 0.1000000015
110135  30.151  35.084  32.965 0.1000000015
110125  29.332  34.803  33.519 0.1000000015
110701  31.462  35.498  31.923 0.1000000015
110724  33.040  36.121  30.727 0.1000000015
105902  27.028  27.939  40.835 0.1000000015
105898  27.662  28.417  41.351 0.1000000015
107480  28.630  30.286  39.755 0.1000000015
106833  49.103  30.150  25.216 0.1000000015
144256  29.471  21.830  43.102 0.1000000015
101570  28.038  22.653  41.514 0.1000000015
101560  31.668  22.633  42.926 0.1000000015
101576  41.244  22.591  40.104 0.1000000015
102385  49.783  23.322  34.529 0.1000000015
103117  48.244  24.898  34.149 0.1000000015
100954  39.985  21.607  30.878 0.1000000015
103852  44.316  25.152  28.943 0.1000000015
103140  45.892  25.081  33.013 0.1000000015
98170  35.287  17.541  27.311 0.1000000015
97483  34.350  16.480  27.758 0.1000000015
100230  39.927  20.894  30.937 0.1000000015
98139  29.070  17.314  29.958 0.1000000015
124916  27.432  18.163  30.394 0.1000000015
143720  31.518  17.613  28.406 0.1000000015
140478  46.852  22.654  39.405 0.1000000015
98150  30.137  17.766  28.978 0.1000000015
98862  29.244  18.734  29.477 0.1000000015
132228  28.057  19.226  30.444 0.1000000015
97455  30.583  16.966  29.105 0.1000000015
147459  30.230  19.574  28.922 0.1000000015
125676  28.543  19.694  30.443 0.1000000015
98173  32.614  17.723  27.892 0.1000000015
98893  31.695  18.820  27.936 0.1000000015
98876  30.527  18.430  28.584 0.1000000015
102365  47.237  23.776  38.203 0.1000000015
102386  49.413  24.049  35.323 0.1000000015
146465  49.329  24.694  35.213 0.1000000015
100239  29.680  20.368  30.220 0.1000000015
100251  30.197  20.097  29.472 0.1000000015
100948  27.254  21.502  31.526 0.1000000015
126272  30.792  19.713  28.698 0.1000000015
137054  30.295  19.146  28.659 0.1000000015
99550  29.313  19.616  29.940 0.1000000015
100232  26.763  20.849  31.363 0.1000000015
100247  39.065  20.224  29.782 0.1000000015
99575  32.339  19.366  27.600 0.1000000015
100258  31.647  20.245  28.686 0.1000000015
99561  38.757  19.897  28.981 0.1000000015
123206  33.100  18.207  27.473 0.1000000015
99574  33.225  19.591  27.108 0.1000000015
101601  41.812  22.513  39.609 0.1000000015
100861  46.065  21.926  40.468 0.1000000015
101572  44.733  22.210  40.305 0.1000000015
101573  43.867  22.319  40.243 0.1000000015
100873  41.526  21.936  38.604 0.1000000015
100890  39.528  21.582  37.394 0.1000000015
100889  40.338  21.603  37.533 0.1000000015
101604  38.872  23.263  38.687 0.1000000015
100886  43.656  21.832  38.004 0.1000000015
100887  42.811  21.649  37.836 0.1000000015
101600  45.232  22.439  39.309 0.1000000015
100911  41.530  21.786  36.373 0.1000000015
139674  35.984  22.172  37.450 0.1000000015
101625  45.776  22.847  38.472 0.1000000015
101642  43.421  22.400  36.838 0.1000000015
101657  40.350  22.158  35.489 0.1000000015
101659  38.687  22.297  35.159 0.1000000015
104450  47.878  26.555  36.972 0.1000000015
103788  49.268  25.119  34.706 0.1000000015
101730  39.044  22.493  27.613 0.1000000015
102463  39.673  23.250  27.122 0.1000000015
102469  40.096  23.762  26.249 0.1000000015
101743  38.845  22.500  24.614 0.1000000015
102470  38.322  23.646  26.041 0.1000000015
127573  31.032  23.833  30.639 0.1000000015
101703  30.059  22.572  30.978 0.1000000015
100950  25.726  21.780  31.300 0.1000000015
101748  38.835  21.873  24.488 0.1000000015
102471  37.043  23.816  27.420 0.1000000015
127565  36.125  22.472  27.356 0.1000000015
101731  35.546  22.811  28.267 0.1000000015
123194  36.369  23.907  28.233 0.1000000015
101732  34.729  22.384  28.527 0.1000000015
102458  34.353  23.689  29.429 0.1000000015
101724  34.068  22.106  28.791 0.1000000015
100963  33.455  22.112  29.208 0.1000000015
126831  32.698  22.109  29.636 0.1000000015
126519  32.135  21.482  29.558 0.1000000015
126406  38.209  20.954  28.587 0.1000000015
100974  38.961  21.281  25.416 0.1000000015
100984  38.011  21.294  24.448 0.1000000015
100975  35.736  21.623  26.919 0.1000000015
100976  34.793  21.366  27.552 0.1000000015
100969  34.358  21.704  28.284 0.1000000015
100256  33.213  20.782  28.160 0.1000000015
143892  32.157  20.862  29.057 0.1000000015
100243  25.327  20.535  30.924 0.1000000015
100254  38.296  20.260  28.311 0.1000000015
99578  37.739  19.873  25.451 0.1000000015
99585  37.473  20.206  24.880 0.1000000015
100273  37.261  20.699  24.740 0.1000000015
100269  35.651  20.314  25.722 0.1000000015
130184  24.737  22.678  30.847 0.1000000015
99573  37.939  19.350  26.305 0.1000000015
99579  36.993  19.572  25.499 0.1000000015
101607  36.252  23.020  38.138 0.1000000015
102375  44.541  23.546  36.763 0.1000000015
103094  43.941  24.098  36.217 0.1000000015
102388  42.474  23.321  35.671 0.1000000015
102406  39.480  23.552  34.591 0.1000000015
133697  44.749  25.343  36.494 0.1000000015
103105  42.069  24.106  35.166 0.1000000015
103119  42.245  24.948  34.982 0.1000000015
103120  41.516  24.793  34.743 0.1000000015
102407  38.686  23.711  34.450 0.1000000015
103124  37.489  24.099  34.255 0.1000000015
104449  48.055  26.805  36.218 0.1000000015
134698  48.990  26.593  34.524 0.1000000015
102448  30.268  23.482  30.887 0.1000000015
103872  37.425  25.203  27.969 0.1000000015
124541  33.726  24.099  29.750 0.1000000015
102445  33.168  23.662  30.011 0.1000000015
103857  33.317  25.617  29.514 0.1000000015
103190  32.848  25.065  29.895 0.1000000015
148862  32.473  24.582  30.201 0.1000000015
142494  30.989  24.527  30.481 0.1000000015
103154  25.651  23.847  31.072 0.1000000015
102391  34.448  23.240  35.223 0.1000000015
103802  40.268  25.567  34.128 0.1000000015
137352  36.086  24.700  34.105 0.1000000015
105165  46.282  27.806  36.671 0.1000000015
104475  41.371  26.308  34.286 0.1000000015
146628  48.636  27.207  35.031 0.1000000015
103185  41.547  24.310  29.508 0.1000000015
105247  36.411  27.322  28.226 0.1000000015
105249  34.842  27.478  28.158 0.1000000015
105250  33.803  27.369  28.156 0.1000000015
104540  33.403  26.864  28.680 0.1000000015
102327  37.550  24.746  39.063 0.1000000015
102346  34.927  23.952  38.745 0.1000000015
101634  32.067  22.413  37.386 0.1000000015
102392  33.623  23.308  35.456 0.1000000015
130282  44.776  27.413  35.963 0.1000000015
104473  43.244  26.826  34.982 0.1000000015
103817  38.090  25.293  33.818 0.1000000015
103137  36.745  25.063  33.859 0.1000000015
127697  34.920  25.191  34.352 0.1000000015
104486  40.762  26.921  33.810 0.1000000015
104488  39.237  26.710  33.613 0.1000000015
137640  37.959  26.007  33.657 0.1000000015
103820  35.926  25.955  33.827 0.1000000015
143942  48.341  27.831  35.240 0.1000000015
144191  40.780  26.494  27.633 0.1000000015
145176  39.313  27.025  27.581 0.1000000015
131676  33.973  27.599  26.492 0.1000000015
105274  34.004  27.599  27.430 0.1000000015
105287  33.079  27.589  26.272 0.1000000015
106015  36.714  28.291  26.680 0.1000000015
146448  35.237  27.913  26.488 0.1000000015
105285  34.432  27.630  26.007 0.1000000015
106038  32.890  27.827  25.317 0.1000000015
103055  36.995  25.601  39.127 0.1000000015
103755  36.939  26.632  39.430 0.1000000015
103056  35.654  25.624  39.187 0.1000000015
105196  43.387  27.476  34.575 0.1000000015
105209  41.284  27.721  33.560 0.1000000015
125154  39.970  27.072  33.623 0.1000000015
104478  34.247  26.657  34.504 0.1000000015
105205  48.491  27.971  33.777 0.1000000015
105214  36.883  27.189  33.588 0.1000000015
105215  36.090  27.536  33.738 0.1000000015
103808  32.763  26.100  35.026 0.1000000015
132997  46.552  26.230  32.822 0.1000000015
103823  45.965  25.743  32.563 0.1000000015
103870  41.671  25.648  28.395 0.1000000015
106014  38.554  28.167  27.137 0.1000000015
106053  38.932  28.561  25.572 0.1000000015
106036  37.101  28.241  25.849 0.1000000015
106071  36.375  27.392  24.906 0.1000000015
105296  35.569  27.436  25.062 0.1000000015
105308  34.845  27.245  24.230 0.1000000015
105309  34.347  27.583  24.316 0.1000000015
105207  43.177  28.013  33.811 0.1000000015
105964  45.013  28.610  34.022 0.1000000015
105967  41.772  28.424  33.201 0.1000000015
105968  40.880  28.539  33.194 0.1000000015
105970  38.549  28.485  33.459 0.1000000015
105201  33.662  27.429  34.728 0.1000000015
104466  32.063  26.859  35.274 0.1000000015
144906  45.562  25.761  31.820 0.1000000015
103869  42.478  25.578  28.597 0.1000000015
102330  31.775  24.152  39.342 0.1000000015
103796  28.056  25.856  35.775 0.1000000015
106765  45.059  29.070  33.237 0.1000000015
106768  39.658  29.309  33.269 0.1000000015
141185  43.315  29.462  32.541 0.1000000015
107518  40.564  30.484  32.987 0.1000000015
106771  36.667  28.827  33.759 0.1000000015
125455  29.007  27.144  35.393 0.1000000015
104499  46.283  26.744  31.317 0.1000000015
107520  38.131  30.088  33.755 0.1000000015
106747  34.646  29.340  34.618 0.1000000015
107506  36.408  30.361  34.537 0.1000000015
104553  42.472  26.920  27.863 0.1000000015
106085  41.474  28.427  23.107 0.1000000015
106099  41.340  27.915  22.307 0.1000000015
104415  36.270  27.803  41.387 0.1000000015
147724  28.663  23.303  38.371 0.1000000015
103081  27.208  23.957  37.175 0.1000000015
103099  26.855  24.795  36.710 0.1000000015
135878  46.430  29.671  32.658 0.1000000015
103785  27.083  25.717  36.177 0.1000000015
106781  43.804  29.811  32.317 0.1000000015
106783  42.004  29.827  32.548 0.1000000015
104503  46.308  26.201  30.282 0.1000000015
108273  39.307  31.465  34.153 0.1000000015
103834  45.300  25.085  30.367 0.1000000015
108280  41.963  31.601  32.810 0.1000000015
108272  40.786  31.666  33.566 0.1000000015
108257  38.716  31.765  34.941 0.1000000015
107507  35.711  30.590  34.852 0.1000000015
106734  34.037  29.993  34.995 0.1000000015
106750  30.197  29.280  34.955 0.1000000015
104601  42.147  27.310  20.746 0.1000000015
102334  27.473  23.498  39.208 0.1000000015
106791  47.326  29.562  31.278 0.1000000015
103866  46.211  25.181  28.786 0.1000000015
107544  44.152  31.232  31.677 0.1000000015
107546  42.726  31.731  32.397 0.1000000015
108944  42.574  32.723  33.520 0.1000000015
108937  41.444  32.813  34.738 0.1000000015
107498  33.430  30.593  35.167 0.1000000015
104607  44.662  26.392  20.005 0.1000000015
105341  44.245  27.033  21.441 0.1000000015
105329  43.628  27.539  22.121 0.1000000015
105318  43.062  28.102  22.792 0.1000000015
103068  25.870  24.471  38.615 0.1000000015
105153  25.576  27.130  38.359 0.1000000015
137299  47.394  29.583  30.257 0.1000000015
107542  46.747  30.993  31.203 0.1000000015
103881  46.060  25.203  28.214 0.1000000015
108288  46.571  31.984  30.766 0.1000000015
108289  44.927  31.983  31.419 0.1000000015
108921  41.229  33.319  35.823 0.1000000015
108923  39.108  32.658  35.659 0.1000000015
108248  36.239  32.333  35.558 0.1000000015
107512  29.376  30.653  34.438 0.1000000015
144450  44.937  26.378  27.714 0.1000000015
108935  43.485  33.950  34.768 0.1000000015
109514  41.806  34.043  36.164 0.1000000015
108912  38.553  33.233  35.678 0.1000000015
108251  33.688  31.990  35.028 0.1000000015
108250  34.459  31.808  35.234 0.1000000015
105282  44.617  27.764  26.535 0.1000000015
106047  44.423  28.353  25.881 0.1000000015
105328  44.526  27.283  22.326 0.1000000015
127035  45.266  33.154  31.618 0.1000000015
109556  45.562  34.689  32.322 0.1000000015
109504  41.179  34.323  36.056 0.1000000015
109506  39.394  33.900  35.652 0.1000000015
108914  36.355  33.059  35.512 0.1000000015
105281  45.605  27.264  26.265 0.1000000015
110129  44.803  35.459  33.552 0.1000000015
110113  41.103  34.632  35.695 0.1000000015
131698  38.404  33.749  35.338 0.1000000015
126686  30.119  30.926  34.460 0.1000000015
148933  28.017  30.958  34.616 0.1000000015
105305  45.148  27.631  24.187 0.1000000015
105314  46.627  26.766  23.769 0.1000000015
105294  45.905  27.347  25.463 0.1000000015
130741  45.383  27.750  25.010 0.1000000015
105303  46.940  26.691  24.322 0.1000000015
105293  46.778  26.781  25.090 0.1000000015
106064  44.586  28.251  25.013 0.1000000015
109530  38.189  33.972  34.825 0.1000000015
109518  35.730  33.442  34.549 0.1000000015
104584  46.824  26.442  22.937 0.1000000015
105316  44.857  27.477  23.229 0.1000000015
130003  44.985  26.764  21.719 0.1000000015
105261  48.265  26.384  27.739 0.1000000015
103888  47.537  25.049  27.251 0.1000000015
104563  47.126  25.629  26.552 0.1000000015
109528  41.363  34.608  34.179 0.1000000015
109529  39.621  34.263  34.399 0.1000000015
125425  31.944  32.394  34.397 0.1000000015
108265  29.670  31.607  34.288 0.1000000015
104568  48.691  25.913  25.296 0.1000000015
104576  47.761  26.222  24.630 0.1000000015
126818  40.316  34.195  33.873 0.1000000015
131398  37.645  33.614  33.690 0.1000000015
109532  36.131  33.576  33.971 0.1000000015
108927  32.307  33.092  34.123 0.1000000015
109561  39.860  33.061  31.874 0.1000000015
109547  39.418  33.468  33.000 0.1000000015
109536  32.667  33.547  33.691 0.1000000015
144542  37.447  33.137  32.480 0.1000000015
109551  34.244  33.853  32.726 0.1000000015
110122  32.322  34.038  33.114 0.1000000015
142236  39.325  33.029  30.440 0.1000000015
145819  40.622  33.095  30.172 0.1000000015
109563  37.159  33.133  31.159 0.1000000015
109565  35.639  33.664  31.528 0.1000000015
109592  38.894  33.421  29.939 0.1000000015
107489  26.682  29.965  38.371 0.1000000015
107557  48.605  32.323  28.607 0.1000000015
108964  47.893  34.500  29.719 0.1000000015
109575  45.485  34.783  30.930 0.1000000015
109557  44.310  35.044  31.849 0.1000000015
109589  44.273  33.828  30.008 0.1000000015
109558  43.253  34.709  32.050 0.1000000015
109559  42.119  34.176  32.087 0.1000000015
108965  46.933  34.611  29.861 0.1000000015
108908  27.170  32.875  36.347 0.1000000015
107574  49.782  30.310  26.000 0.1000000015
85606  40.966  1.905  21.729 0.1000000015
86458  40.719  2.547  21.318 0.1000000015
85605  41.711  2.134  21.989 0.1000000015
86457  41.355  2.503  21.332 0.1000000015
86456  42.170  2.731  21.664 0.1000000015
88074  44.661  4.631  21.485 0.1000000015
87273  40.564  3.157  21.004 0.1000000015
86466  41.039  2.939  20.775 0.1000000015
87271  42.595  3.403  21.329 0.1000000015
87282  41.360  3.539  20.397 0.1000000015
87280  42.970  4.042  20.876 0.1000000015
87281  42.129  3.683  20.529 0.1000000015
88086  43.363  4.576  20.298 0.1000000015
88088  41.120  4.117  20.008 0.1000000015
88926  40.884  4.889  19.712 0.1000000015
88087  42.498  4.234  20.022 0.1000000015
88097  42.107  4.412  19.441 0.1000000015
88096  42.810  4.668  19.286 0.1000000015
88106  42.053  4.799  18.801 0.1000000015
88895  45.119  5.177  21.122 0.1000000015
88098  41.537  4.551  19.453 0.1000000015
87283  40.797  3.583  20.516 0.1000000015
87289  41.749  4.078  19.938 0.1000000015
69262  41.220  -16.558  39.828 0.1000000015
69267  35.984  -17.335  39.008 0.1000000015
69280  36.545  -17.190  38.231 0.1000000015
69296  37.097  -16.786  37.537 0.1000000015
69297  36.233  -16.637  37.593 0.1000000015
69298  35.446  -16.569  37.521 0.1000000015
69299  34.673  -16.478  37.306 0.1000000015
69300  32.438  -16.129  37.062 0.1000000015
70175  41.719  -16.004  39.299 0.1000000015
70183  42.194  -15.404  38.801 0.1000000015
70189  29.098  -15.124  38.671 0.1000000015
70205  37.622  -16.068  36.942 0.1000000015
70206  35.962  -15.934  37.102 0.1000000015
70208  34.687  -15.895  36.716 0.1000000015
70210  31.579  -15.798  37.167 0.1000000015
70212  29.592  -15.107  38.020 0.1000000015
70221  39.105  -15.468  36.748 0.1000000015
70222  38.323  -15.514  36.610 0.1000000015
70225  34.845  -15.262  36.139 0.1000000015
70238  32.839  -14.904  35.782 0.1000000015
71082  42.630  -14.792  38.347 0.1000000015
71100  30.025  -14.558  37.380 0.1000000015
71101  29.388  -14.382  37.801 0.1000000015
71110  39.464  -14.786  36.313 0.1000000015
71111  38.127  -14.948  36.146 0.1000000015
71112  37.321  -14.884  36.035 0.1000000015
71116  32.217  -15.017  36.132 0.1000000015
71117  30.930  -14.263  36.614 0.1000000015
71122  37.835  -14.306  35.677 0.1000000015
71922  43.039  -14.167  37.929 0.1000000015
71946  39.942  -14.217  35.950 0.2000000030
71949  30.851  -13.460  36.705 0.1000000015
71952  41.109  -13.400  35.672 0.2000000030
71954  39.386  -13.774  35.521 0.1000000015
71961  32.949  -13.551  35.627 0.1000000015
72785  28.087  -13.230  38.880 0.1000000015
72798  42.979  -13.166  36.900 0.2000000030
72805  42.581  -12.834  36.253 0.2000000030
72806  41.880  -13.143  35.935 0.2000000030
72807  32.620  -12.761  35.919 0.1000000015
72808  31.918  -12.775  36.317 0.1000000015
72816  39.842  -13.214  35.158 0.1000000015
72827  41.572  -11.883  34.775 0.1000000015
72829  39.897  -12.643  34.722 0.1000000015
72830  38.549  -12.416  34.382 0.1000000015
72831  37.670  -12.366  34.346 0.1000000015
73601  39.785  -11.426  42.879 0.2000000030
73602  39.121  -11.629  42.914 0.2000000030
73623  47.814  -11.485  40.460 0.1000000015
73649  29.124  -11.669  38.281 0.1000000015
73650  28.063  -12.392  38.794 0.1000000015
73662  45.278  -11.440  37.686 0.2000000030
73676  33.227  -11.481  36.201 0.1000000015
73686  33.637  -11.846  35.667 0.1000000015
73698  39.035  -11.814  34.049 0.1000000015
73700  37.350  -11.567  34.130 0.1000000015
73703  34.944  -11.347  34.968 0.1000000015
74459  41.418  -10.552  43.040 0.2000000030
74460  40.875  -10.866  43.120 0.2000000030
74461  40.165  -11.163  43.312 0.2000000030
74470  41.010  -10.826  42.913 0.2000000030
74471  40.207  -11.184  42.771 0.2000000030
74481  37.842  -10.941  41.486 0.2000000030
74500  35.298  -10.745  41.029 0.1000000015
74515  38.089  -10.150  40.110 0.2000000030
74521  31.169  -10.430  39.419 0.1000000015
74523  29.349  -10.289  39.067 0.1000000015
74536  47.256  -10.379  38.813 0.2000000030
74540  35.237  -10.676  38.657 0.1000000015
74542  33.542  -11.189  38.738 0.1000000015
74543  33.148  -11.108  39.321 0.1000000015
74561  34.403  -10.622  37.343 0.1000000015
74591  42.542  -10.234  34.240 0.2000000030
74594  37.092  -10.681  34.129 0.1000000015
74595  36.285  -10.456  34.493 0.2000000030
74602  41.107  -9.981  33.656 0.2000000030
74603  40.320  -10.137  33.571 0.1000000015
75367  41.922  -10.072  43.089 0.2000000030
75379  41.293  -10.627  42.861 0.2000000030
75380  39.800  -9.792  43.419 0.2000000030
75382  37.748  -9.104  43.075 0.2000000030
75404  38.862  -10.013  40.354 0.2000000030
75422  39.235  -9.336  39.890 0.2000000030
75428  28.681  -9.869  39.502 0.1000000015
75446  36.532  -9.839  38.509 0.2000000030
75467  35.442  -9.775  36.303 0.2000000030
75474  44.843  -9.669  35.026 0.2000000030
75475  36.855  -9.148  34.974 0.2000000030
75485  45.027  -8.960  34.666 0.2000000030
75487  43.153  -9.470  34.142 0.2000000030
75490  36.893  -9.833  34.396 0.2000000030
75500  38.352  -9.536  33.796 0.1000000015
76284  42.280  -9.314  43.145 0.1000000015
76286  40.690  -9.750  43.399 0.2000000030
76301  36.236  -8.430  42.613 0.1000000015
76310  42.172  -9.364  42.592 0.1000000015
76340  39.598  -8.623  39.443 0.2000000030
76357  37.649  -8.808  37.922 0.2000000030
76366  47.990  -9.014  37.210 0.2000000030
76367  37.919  -8.299  37.349 0.2000000030
76398  39.067  -8.273  34.130 0.1000000015
76408  41.449  -8.303  33.476 0.1000000015
76411  38.647  -8.918  33.875 0.1000000015
77225  43.858  -7.620  43.807 0.1000000015
77227  42.518  -8.413  43.355 0.1000000015
77241  43.269  -8.147  43.317 0.1000000015
77243  40.687  -7.920  42.825 0.1000000015
77252  43.363  -7.313  42.175 0.1000000015
77260  36.028  -8.047  41.890 0.2000000030
77295  40.520  -7.231  38.596 0.1000000015
77306  50.419  -6.817  36.903 0.1000000015
77308  48.107  -7.878  36.119 0.2000000030
77318  48.628  -7.133  35.832 0.2000000030
77332  45.688  -7.315  34.340 0.2000000030
77333  44.886  -7.425  34.062 0.2000000030
77335  40.465  -7.371  34.069 0.1000000015
77348  39.847  -8.107  33.820 0.1000000015
78152  44.344  -7.084  44.094 0.1000000015
78154  42.626  -7.567  43.560 0.1000000015
78161  44.885  -6.523  43.506 0.1000000015
78195  41.991  -6.801  40.057 0.1000000015
78209  41.243  -6.601  38.659 0.1000000015
78211  52.993  -6.190  38.294 0.1000000015
78234  41.261  -6.119  35.146 0.1000000015
78236  39.883  -6.855  35.781 0.1000000015
78241  45.965  -6.586  34.352 0.2000000030
78243  43.418  -6.131  33.895 0.2000000030
78246  40.857  -6.656  34.562 0.1000000015
78254  42.927  -6.771  33.673 0.2000000030
79041  45.425  -5.890  44.072 0.1000000015
79042  44.715  -6.316  44.160 0.1000000015
79049  41.988  -5.934  42.703 0.1000000015
79069  40.295  -5.397  40.821 0.1000000015
79093  32.092  -5.134  39.285 0.2000000030
79126  42.975  -5.014  35.978 0.1000000015
79128  41.597  -5.767  36.527 0.1000000015
79129  32.999  -5.100  36.979 0.2000000030
79134  54.214  -5.147  35.687 0.2000000030
79141  42.358  -5.449  35.473 0.1000000015
79147  46.497  -5.464  34.606 0.2000000030
79160  44.220  -6.085  33.872 0.2000000030
79958  45.706  -5.435  43.949 0.1000000015
79960  44.983  -5.497  44.169 0.1000000015
79964  45.734  -4.971  43.762 0.1000000015
79974  41.791  -4.747  41.510 0.1000000015
79986  44.048  -4.982  40.086 0.1000000015
80032  30.907  -4.106  37.646 0.3000000119
80038  45.498  -4.144  35.768 0.2000000030
80040  43.783  -4.584  36.353 0.1000000015
80060  32.503  -4.216  35.784 0.2000000030
80063  46.943  -4.854  34.850 0.2000000030
80166  51.103  -4.449  21.004 0.1000000015
80903  41.664  -3.642  40.337 0.1000000015
80919  39.802  -3.937  39.097 0.1000000015
80923  53.075  -2.977  39.109 0.2000000030
80935  45.558  -3.516  38.043 0.2000000030
80941  30.324  -3.479  37.839 0.3000000119
80949  48.601  -3.216  36.076 0.2000000030
80955  35.745  -3.786  36.065 0.1000000015
80958  30.599  -3.397  36.552 0.2000000030
80966  48.012  -3.746  35.658 0.2000000030
80976  30.818  -3.073  35.822 0.2000000030
80990  54.214  -3.217  33.749 0.1000000015
81081  49.342  -3.464  22.584 0.1000000015
81896  40.762  -2.760  34.645 0.2000000030
81902  31.786  -2.641  34.746 0.3000000119
81928  42.907  -2.357  33.009 0.3000000119
82001  49.411  -2.792  23.924 0.1000000015
82002  48.606  -2.625  23.663 0.1000000015
82032  48.678  -2.389  20.967 0.1000000015
82734  47.961  -1.481  43.551 0.2000000030
82783  43.651  -1.372  38.892 0.3000000119
82784  42.450  -1.706  38.411 0.2000000030
82805  43.464  -1.706  36.518 0.3000000119
82824  44.682  -1.711  34.694 0.3000000119
82825  44.027  -1.896  35.110 0.3000000119
82959  53.921  -0.863  21.439 0.1000000015
83686  48.321  0.013  42.737 0.2000000030
83694  49.037  0.763  42.073 0.2000000030
83696  48.209  -0.833  43.233 0.2000000030
83755  30.247  -0.505  35.545 0.3000000119
83756  29.642  -0.605  36.021 0.3000000119
83835  47.841  -0.064  26.024 0.1000000015
83859  47.769  -0.787  24.497 0.1000000015
83875  47.985  -1.307  23.197 0.1000000015
84578  49.368  1.440  41.840 0.3000000119
84581  46.894  0.311  41.968 0.3000000119
84582  46.114  0.101  41.351 0.3000000119
84586  32.075  0.889  40.895 0.1000000015
84600  31.136  0.305  40.014 0.2000000030
84603  46.439  0.321  40.216 0.3000000119
84660  54.448  1.346  31.812 0.1000000015
84706  48.793  0.613  27.791 0.1000000015
85478  30.078  1.328  35.805 0.3000000119
85541  49.359  1.395  28.495 0.1000000015
85549  39.201  1.609  28.619 0.2000000030
85574  48.169  1.017  24.265 0.1000000015
85596  41.364  1.521  22.490 0.1000000015
86259  34.754  2.465  44.598 0.1000000015
86260  33.829  2.531  44.544 0.1000000015
86277  29.416  2.854  42.154 0.2000000030
86280  28.687  2.763  40.953 0.2000000030
86371  53.882  2.627  30.888 0.2000000030
86401  48.651  2.013  27.681 0.1000000015
86479  49.022  2.730  17.683 0.1000000015
87094  32.398  3.326  44.852 0.1000000015
87097  31.545  3.495  44.500 0.1000000015
87098  30.737  3.745  44.215 0.1000000015
87106  28.215  3.867  41.991 0.2000000030
87124  28.562  3.653  39.433 0.2000000030
87226  48.704  2.655  26.452 0.1000000015
87272  41.724  3.087  20.944 0.1000000015
87879  36.695  5.093  45.596 0.1000000015
87882  32.658  4.498  45.322 0.1000000015
87940  41.402  4.501  35.136 0.6000000238
87965  53.379  5.093  33.646 0.3000000119
88685  43.818  5.471  45.753 0.1000000015
88692  36.002  5.439  45.499 0.1000000015
88695  32.320  5.249  45.224 0.1000000015
88730  28.917  4.865  38.879 0.2000000030
88732  41.550  5.725  37.614 0.6000000238
88745  42.903  5.072  35.870 0.6000000238
88757  43.164  5.202  35.251 0.6000000238
88765  41.753  4.865  34.847 0.5000000000
88810  48.059  5.236  28.105 0.3000000119
88852  51.073  5.383  25.466 0.2000000030
88896  39.397  5.293  21.227 0.1000000015
88946  43.147  5.873  16.728 0.2000000030
89554  35.794  7.991  44.572 0.1000000015
89566  27.766  6.960  42.452 0.2000000030
89585  31.589  6.988  38.372 0.4000000060
89586  30.841  6.968  38.523 0.3000000119
89590  42.452  6.098  37.710 0.5000000000
89603  43.087  5.688  36.728 0.6000000238
89612  43.732  5.754  35.433 0.6999999881
89616  43.197  6.228  34.692 0.8000000119
89626  52.594  6.649  32.906 0.2000000030
89635  52.562  7.126  32.385 0.2000000030
89638  37.548  6.800  32.393 0.6000000238
89643  53.351  7.178  31.425 0.2000000030
89792  43.806  6.194  16.578 0.3000000119
90386  44.257  8.577  46.607 0.1000000015
90387  44.242  8.386  46.943 0.1000000015
90405  36.991  7.735  44.856 0.1000000015
90412  36.433  8.022  44.682 0.1000000015
90424  28.157  7.812  42.741 0.2000000030
90429  27.354  7.461  40.673 0.2000000030
90440  28.081  7.429  39.447 0.2000000030
90441  27.544  7.411  39.986 0.2000000030
90475  44.228  6.562  35.579 0.6999999881
90482  39.869  6.846  34.142 0.6000000238
90495  37.856  7.575  32.590 0.6000000238
90500  53.146  8.210  31.139 0.2000000030
90505  53.284  8.179  30.346 0.2000000030
90506  52.242  8.218  30.788 0.2000000030
90545  52.832  8.696  25.027 0.2000000030
90561  39.179  7.871  24.866 0.6999999881
90585  41.926  7.280  22.155 0.6999999881
90652  47.264  8.160  16.290 0.4000000060
91243  44.192  8.290  46.175 0.1000000015
91244  44.143  9.015  46.442 0.1000000015
91251  43.717  8.717  45.923 0.1000000015
91275  30.027  8.512  43.914 0.1000000015
91278  29.325  8.538  43.568 0.2000000030
91279  28.583  8.576  43.136 0.2000000030
91314  44.222  8.391  37.439 0.6000000238
91327  44.153  7.604  37.063 0.5000000000
91334  44.419  8.145  34.717 0.8999999762
91337  42.181  8.045  34.181 0.8000000119
91346  44.274  8.298  34.095 0.8999999762
91365  53.243  8.341  30.645 0.2000000030
91366  53.067  8.506  30.540 0.2000000030
91373  52.753  8.889  29.404 0.2000000030
91399  52.882  8.846  26.928 0.2000000030
91417  52.251  9.209  25.014 0.3000000119
91475  51.369  8.559  18.704 0.4000000060
91483  38.401  8.330  19.210 0.2000000030
91505  48.537  9.283  16.780 0.5000000000
91520  46.058  8.328  15.224 0.3000000119
92017  36.165  10.001  48.980 0.1000000015
92071  42.049  9.373  45.945 0.1000000015
92075  37.315  8.820  45.693 0.1000000015
92076  36.439  8.856  45.664 0.1000000015
92077  35.608  8.957  45.781 0.1000000015
92078  33.999  9.077  45.851 0.1000000015
92093  30.635  9.346  44.593 0.1000000015
92123  43.984  9.558  38.597 0.5000000000
92129  34.874  9.546  38.430 0.4000000060
92136  28.475  9.571  38.704 0.2000000030
92144  36.931  9.186  37.907 0.2000000030
92165  39.783  9.217  33.097 0.8999999762
92171  42.539  9.719  32.523 0.8999999762
92172  41.618  9.663  32.684 0.8999999762
92186  38.355  9.508  29.574 0.6999999881
92212  52.681  8.896  25.939 0.3000000119
92220  52.595  9.026  25.429 0.3000000119
92255  51.823  9.716  20.112 0.4000000060
92260  39.733  9.494  20.654 0.6999999881
92276  35.457  9.849  19.999 0.2000000030
92281  50.396  10.080  17.834 0.4000000060
92292  36.727  10.060  18.763 0.3000000119
92298  47.351  9.735  16.589 0.6000000238
92863  35.416  10.121  48.769 0.1000000015
92865  33.976  10.592  48.267 0.1000000015
92875  33.512  10.151  47.678 0.1000000015
92886  29.793  11.284  45.058 0.2000000030
92913  43.951  10.739  39.517 0.6000000238
92915  27.660  10.418  39.390 0.2000000030
92933  30.539  10.036  38.244 0.3000000119
92977  42.474  10.455  31.512 0.8999999762
93016  39.462  10.467  27.479 0.6999999881
93029  39.535  10.436  25.705 0.6999999881
93043  36.304  10.486  23.478 0.3000000119
93070  50.297  10.379  18.697 0.4000000060
93085  48.918  10.231  17.000 0.4000000060
93091  36.835  11.272  18.026 0.3000000119
93109  41.176  10.829  14.977 0.5000000000
93631  32.940  11.348  47.645 0.1000000015
93662  27.725  10.860  42.486 0.2000000030
93663  27.403  11.098  41.534 0.2000000030
93676  45.053  11.532  39.563 0.6000000238
93695  45.267  11.051  38.503 0.6000000238
93701  34.122  11.191  37.244 0.3000000119
93714  36.750  11.996  36.579 0.3000000119
93722  44.424  11.317  35.147 0.6999999881
93724  44.394  11.335  34.248 0.6999999881
93739  44.712  11.191  31.242 0.8999999762
93757  44.641  11.767  29.652 0.8000000119
93787  41.038  11.788  25.954 0.6000000238
93824  36.172  11.114  19.282 0.3000000119
93839  37.875  12.195  16.690 0.4000000060
93845  39.840  11.732  14.340 0.4000000060
93858  40.766  12.492  13.784 0.4000000060
94414  28.347  13.125  42.213 0.2000000030
94423  46.776  12.578  39.392 0.6000000238
94424  46.153  12.215  39.470 0.6000000238
94440  43.201  12.076  39.193 0.5000000000
94455  29.686  12.159  37.801 0.2000000030
94490  44.261  12.953  32.720 0.8999999762
94511  44.914  12.442  28.457 0.8999999762
94513  43.316  12.180  28.017 0.8000000119
94611  39.423  12.995  14.665 0.4000000060
95102  34.932  13.475  48.089 0.1000000015
95116  33.217  13.646  46.764 0.2000000030
95152  29.381  14.064  42.394 0.2000000030
95160  27.972  13.236  40.686 0.2000000030
95181  48.145  13.464  38.946 0.6000000238
95182  47.604  13.053  39.223 0.6000000238
95187  48.286  13.521  38.445 0.6000000238
95196  29.512  12.943  37.892 0.2000000030
95200  48.231  13.575  37.633 0.6000000238
95202  46.097  13.022  36.873 0.6000000238
95227  34.075  14.053  35.794 0.2000000030
95292  44.757  13.448  25.428 0.8999999762
95299  45.431  13.751  24.996 0.8999999762
95327  38.618  13.618  20.853 0.4000000060
95331  43.228  13.758  20.734 0.6999999881
95342  37.433  12.973  19.024 0.3000000119
95349  38.221  13.829  18.143 0.4000000060
95355  38.403  13.800  17.489 0.5000000000
95372  39.185  13.331  15.410 0.4000000060
95376  40.731  13.588  13.713 0.4000000060
95836  33.609  14.352  45.883 0.2000000030
95869  33.899  14.752  42.210 0.2000000030
95886  28.730  13.987  39.787 0.2000000030
95906  47.905  14.508  38.692 0.5000000000
95923  40.890  14.247  35.855 0.5000000000
95932  48.049  14.582  36.070 0.6000000238
95936  41.315  14.788  35.656 0.3000000119
95938  39.081  14.795  35.505 0.4000000060
95949  44.799  14.026  33.783 0.6999999881
95969  45.301  14.853  31.570 0.6999999881
96000  45.883  14.001  27.877 0.8999999762
96010  46.493  14.625  26.583 0.8999999762
96056  45.504  14.702  21.662 0.8999999762
96059  40.482  15.005  21.008 0.6000000238
96082  39.340  14.893  18.011 0.6000000238
96098  40.659  15.184  14.965 0.6000000238
96100  38.948  14.087  16.763 0.4000000060
96108  40.902  14.804  14.124 0.5000000000
96113  40.421  14.120  13.890 0.5000000000
96623  35.571  15.771  41.615 0.1000000015
96664  48.898  15.261  36.583 0.5000000000
96679  42.060  15.216  35.745 0.4000000060
96692  48.110  15.224  34.601 0.6000000238
96721  48.011  15.710  31.847 0.5000000000
96728  47.591  15.702  31.005 0.6000000238
96777  47.135  15.155  25.155 0.8000000119
96800  47.815  16.109  21.815 0.8000000119
96820  41.642  15.824  20.134 0.6999999881
96827  46.317  15.930  18.341 0.8999999762
96829  41.216  16.122  18.425 0.6000000238
96834  45.329  15.734  17.816 0.8999999762
96835  44.545  15.979  17.183 0.8000000119
96854  43.951  16.816  15.691 0.8000000119
96855  42.012  15.748  14.888 0.6999999881
97362  36.646  15.663  42.072 0.1000000015
97394  32.328  16.304  37.776 0.2000000030
97443  50.464  16.274  30.138 0.5000000000
97472  51.465  16.766  28.010 0.6000000238
97513  48.727  17.367  22.440 0.8000000119
97535  48.200  17.054  20.548 0.8000000119
97540  46.898  16.940  19.035 0.8000000119
97547  46.601  17.014  18.242 0.8000000119
97556  44.013  17.154  15.901 0.8000000119
97564  43.690  16.835  15.475 0.8000000119
98155  51.503  16.863  28.117 0.6000000238
98183  49.892  18.195  25.889 0.6999999881
98185  44.503  17.781  25.491 0.6000000238
98207  48.657  17.736  21.408 0.8000000119
98210  45.282  17.240  21.812 0.8000000119
98216  48.572  17.833  21.097 0.8000000119
98217  48.276  17.669  20.640 0.8000000119
98234  44.497  17.462  17.206 0.8999999762
98718  36.379  18.805  44.629 0.1000000015
98741  34.741  19.065  39.409 0.2000000030
98778  40.813  18.510  37.596 0.3000000119
98790  37.499  18.142  36.758 0.2000000030
98823  43.873  18.792  32.260 0.5000000000
98835  43.610  18.528  31.227 0.5000000000
98880  50.198  18.492  26.768 0.6000000238
98923  48.388  18.508  22.617 0.6999999881
98931  48.177  18.666  22.053 0.6999999881
98932  47.505  18.731  22.413 0.6999999881
98936  48.624  18.035  21.370 0.8000000119
98937  48.323  18.332  21.325 0.8000000119
98943  47.925  18.219  20.639 0.8000000119
99446  35.589  18.984  44.331 0.1000000015
99461  34.245  19.523  41.723 0.2000000030
99519  50.812  19.487  33.814 0.3000000119
99537  42.639  19.546  32.404 0.3000000119
99538  41.982  19.902  32.341 0.2000000030
100210  50.535  20.360  33.608 0.3000000119
100229  40.512  20.653  31.367 0.2000000030
100240  28.344  20.343  30.853 0.1000000015
100272  37.965  20.742  24.523 0.1000000015
100899  42.255  21.671  36.937 0.1000000015
100900  41.378  21.533  36.911 0.1000000015
101550  32.241  22.548  43.622 0.1000000015
101567  30.035  22.837  41.423 0.1000000015
101568  29.429  22.438  41.759 0.1000000015
101636  30.723  22.580  37.511 0.1000000015
101645  35.231  22.170  36.305 0.1000000015
101647  33.110  22.533  36.561 0.1000000015
101676  39.210  22.818  34.828 0.1000000015
101678  37.561  22.912  34.739 0.1000000015
101680  36.007  23.107  34.812 0.1000000015
101725  32.381  22.699  30.172 0.1000000015
102304  31.305  23.138  42.062 0.1000000015
102320  30.021  24.144  39.925 0.1000000015
102333  28.338  23.465  39.053 0.1000000015
102351  29.116  23.371  38.680 0.1000000015
102370  27.694  23.556  37.618 0.1000000015
102379  30.864  23.154  36.403 0.1000000015
102381  28.641  23.559  36.778 0.1000000015
102394  31.480  23.758  35.785 0.1000000015
102435  25.220  23.275  31.056 0.1000000015
103033  33.384  24.977  42.383 0.1000000015
103039  32.901  25.326  41.549 0.1000000015
103047  31.909  25.367  40.071 0.1000000015
103048  31.406  25.146  40.116 0.1000000015
103067  26.300  24.045  38.241 0.1000000015
103083  25.830  24.671  37.915 0.1000000015
103095  30.001  23.550  36.350 0.1000000015
103122  39.172  24.349  34.307 0.1000000015
103125  36.769  24.208  34.234 0.1000000015
103126  35.273  24.434  34.431 0.1000000015
103128  33.635  24.771  34.848 0.1000000015
103718  36.646  26.045  44.550 0.1000000015
103730  34.823  25.593  43.414 0.1000000015
103759  32.734  25.539  39.984 0.1000000015
103769  47.493  26.179  37.469 0.1000000015
103772  26.029  25.084  37.151 0.1000000015
103804  36.189  25.363  33.864 0.1000000015
103807  33.418  25.525  34.840 0.1000000015
103818  37.364  25.569  33.739 0.1000000015
104397  36.217  26.106  44.155 0.1000000015
104432  36.494  27.241  39.597 0.1000000015
104433  35.388  26.966  39.767 0.1000000015
104469  28.087  26.824  35.443 0.1000000015
104562  47.971  25.483  26.421 0.1000000015
105147  37.000  27.980  39.897 0.1000000015
105162  48.132  27.309  35.814 0.1000000015
105167  25.932  27.873  36.238 0.1000000015
105168  25.599  27.475  36.737 0.1000000015
105184  30.823  27.187  35.441 0.1000000015
105200  34.488  27.668  34.433 0.1000000015
105891  28.692  29.023  42.589 0.1000000015
105922  46.561  28.534  35.464 0.1000000015
105923  45.698  28.393  35.413 0.1000000015
105925  33.114  28.890  35.029 0.1000000015
105928  30.186  28.491  35.206 0.1000000015
105948  33.882  28.365  34.706 0.1000000015
105971  37.879  28.203  33.520 0.1000000015
105978  43.035  28.977  32.812 0.1000000015
106719  28.128  28.938  41.104 0.1000000015
106731  26.020  29.625  36.383 0.1000000015
106735  33.225  29.742  35.121 0.1000000015
106739  27.032  29.731  35.311 0.1000000015
106746  36.601  29.697  34.098 0.1000000015
106764  46.174  29.298  33.346 0.1000000015
106782  42.709  29.613  32.496 0.1000000015
106832  49.800  29.912  25.451 0.1000000015
107493  26.220  30.433  36.623 0.1000000015
107496  35.040  31.197  35.223 0.1000000015
107513  28.498  30.370  34.535 0.1000000015
107514  27.635  30.229  34.821 0.1000000015
107588  48.552  30.762  25.750 0.1000000015
108252  33.004  31.349  35.047 0.1000000015
108262  32.428  31.861  34.745 0.1000000015
108267  27.427  31.783  35.081 0.1000000015
108306  45.329  32.490  28.282 0.1000000015
108316  48.220  32.824  27.578 0.1000000015
108327  49.137  32.011  27.126 0.1000000015
108905  27.002  32.186  36.946 0.1000000015
108913  36.935  32.934  35.591 0.1000000015
108917  26.945  32.041  36.343 0.1000000015
108926  33.638  32.745  34.675 0.1000000015
108932  27.613  32.494  34.966 0.1000000015
109508  36.801  33.356  35.318 0.1000000015
109510  27.335  33.790  35.934 0.1000000015
109513  42.473  34.303  35.999 0.1000000015
109521  33.134  33.209  34.217 0.1000000015
109522  28.320  33.722  34.411 0.1000000015
109535  33.422  33.577  33.710 0.1000000015
109544  44.868  35.066  33.732 0.1000000015
109549  36.961  33.083  31.841 0.1000000015
110106  40.536  34.392  35.767 0.1000000015
110107  39.917  34.236  35.626 0.1000000015
110112  41.967  34.580  35.967 0.1000000015
110118  43.779  35.345  34.617 0.1000000015
110121  32.973  33.849  33.225 0.1000000015
110134  31.066  34.887  32.608 0.1000000015
110138  45.476  35.144  32.348 0.1000000015
110149  45.688  35.122  31.855 0.1000000015
110152  35.425  34.130  30.956 0.1000000015
110153  34.905  34.722  30.777 0.1000000015
123898  33.654  14.185  45.001 0.2000000030
123998  26.509  27.755  40.064 0.1000000015
124110  36.859  15.143  35.522 0.3000000119
124198  33.977  -11.056  37.985 0.1000000015
124421  49.514  9.736  19.999 0.4000000060
124580  37.146  11.828  21.259 0.3000000119
124763  41.670  -7.427  40.372 0.1000000015
124819  28.095  11.998  43.028 0.2000000030
124890  34.339  24.872  43.597 0.1000000015
124927  33.184  -16.463  37.408 0.1000000015
125191  30.745  23.687  41.169 0.1000000015
125290  35.978  23.879  34.453 0.1000000015
125720  43.432  -11.580  35.675 0.2000000030
126198  34.978  32.625  35.187 0.1000000015
126798  39.467  14.436  20.678 0.5000000000
126912  41.397  33.167  30.097 0.1000000015
126996  31.892  -10.624  39.529 0.1000000015
127060  25.492  26.749  37.682 0.1000000015
127094  38.056  -8.172  35.125 0.1000000015
127146  47.342  0.909  40.593 0.3000000119
127354  44.430  6.485  16.515 0.3000000119
127382  41.892  -7.642  33.519 0.1000000015
127946  38.451  -6.537  40.791 0.1000000015
128002  33.199  16.158  36.675 0.1000000015
128511  39.178  -6.907  41.452 0.1000000015
128553  39.166  21.662  24.731 0.1000000015
128602  46.821  -0.401  37.142 0.3000000119
128769  40.554  4.181  34.993 0.6000000238
128866  34.282  28.861  34.614 0.1000000015
128891  31.812  14.224  36.651 0.2000000030
129138  35.090  4.262  45.573 0.1000000015
129298  25.474  26.200  38.301 0.1000000015
129724  33.181  -5.898  40.413 0.2000000030
129770  39.470  32.225  35.147 0.1000000015
129822  32.728  22.387  37.166 0.1000000015
129860  42.554  -5.702  38.986 0.1000000015
129918  27.256  11.034  40.703 0.2000000030
130027  37.993  22.429  35.062 0.1000000015
130336  43.879  12.332  39.296 0.6000000238
130573  42.753  24.104  35.516 0.1000000015
130695  37.375  28.709  33.606 0.1000000015
131548  46.871  16.544  19.241 0.8000000119
131636  43.192  16.728  19.410 0.8000000119
132176  28.784  -12.298  38.273 0.1000000015
132425  30.967  -15.443  37.225 0.1000000015
132925  48.899  18.120  23.631 0.6999999881
133189  36.672  24.878  38.647 0.1000000015
133503  44.614  10.799  33.262 0.8000000119
133869  29.013  0.110  37.017 0.3000000119
134669  45.947  17.378  17.973 0.8000000119
134746  35.710  33.544  32.720 0.1000000015
135267  32.920  6.652  44.750 0.1000000015
135441  50.184  3.169  40.076 0.3000000119
136142  28.770  26.357  35.561 0.1000000015
136309  31.746  -14.351  36.167 0.1000000015
136506  29.800  -11.438  38.206 0.1000000015
137083  45.762  32.891  31.268 0.1000000015
137366  48.398  -1.870  24.911 0.1000000015
137658  37.623  32.847  35.650 0.1000000015
137733  40.424  22.768  39.124 0.1000000015
138126  47.124  -0.225  33.197 0.3000000119
138210  41.103  21.575  37.642 0.1000000015
138315  28.613  10.806  38.569 0.2000000030
138373  52.320  5.871  34.884 0.3000000119
138379  45.726  -0.243  39.742 0.3000000119
138519  49.622  2.749  22.115 0.1000000015
138564  44.533  18.449  26.422 0.6000000238
138641  34.848  -10.256  36.186 0.2000000030
138906  41.312  -9.182  33.521 0.1000000015
139051  41.659  6.608  34.503 0.8000000119
139085  38.104  5.755  37.288 0.3000000119
139158  36.191  -4.590  37.303 0.1000000015
139504  52.414  7.280  21.893 0.2000000030
139688  41.553  12.176  24.717 0.6999999881
140757  40.188  7.780  45.300 0.1000000015
141081  37.810  21.819  37.522 0.1000000015
141156  48.646  1.655  32.356 0.3000000119
141412  39.994  34.473  35.319 0.1000000015
142043  45.129  35.121  31.669 0.1000000015
142046  46.125  15.485  20.107 0.8999999762
142061  52.110  8.981  19.049 0.4000000060
142263  45.704  17.153  17.457 0.8000000119
142270  27.289  8.901  40.161 0.2000000030
142383  39.848  4.075  34.878 0.5000000000
142465  36.958  27.744  39.697 0.1000000015
142479  41.312  14.850  14.185 0.6000000238
143407  36.037  29.889  34.405 0.1000000015
143655  31.713  -12.185  36.737 0.1000000015
143912  35.091  12.927  48.607 0.1000000015
144039  39.612  8.692  45.420 0.1000000015
144538  46.101  -5.966  34.405 0.2000000030
144580  47.387  34.312  29.246 0.1000000015
144605  42.690  7.819  38.403 0.6000000238
144613  43.997  26.162  35.869 0.1000000015
144786  25.911  26.354  36.592 0.1000000015
144871  29.141  10.807  44.364 0.2000000030
145037  43.469  -5.355  34.632 0.1000000015
145075  34.697  4.910  45.543 0.1000000015
145206  40.413  22.801  39.416 0.1000000015
145312  37.844  -3.818  37.496 0.2000000030
145485  45.644  -0.690  32.022 0.3000000119
145695  41.074  7.741  20.975 0.6999999881
145800  27.264  9.969  40.337 0.2000000030
145988  36.690  11.716  25.851 0.3000000119
146051  45.346  27.774  36.083 0.1000000015
146362  48.145  1.151  24.969 0.1000000015
146430  43.084  13.131  22.501 0.6999999881
146537  38.558  8.919  32.460 0.6999999881
146551  34.926  27.162  40.954 0.1000000015
146558  47.165  21.127  40.238 0.1000000015
146679  32.330  3.956  45.182 0.1000000015
146795  27.589  28.393  35.134 0.1000000015
146849  29.579  13.621  38.036 0.2000000030
146894  41.921  8.564  45.552 0.1000000015
146901  30.072  -13.300  37.284 0.1000000015
146916  30.462  -14.409  36.980 0.1000000015
146958  31.690  -1.437  34.339 0.3000000119
147125  41.677  6.289  38.044 0.6000000238
147243  47.191  -0.141  42.529 0.3000000119
147338  27.902  -11.746  38.957 0.1000000015
147384  39.865  10.885  25.624 0.6999999881
147986  32.045  1.307  41.332 0.1000000015
148157  28.155  3.725  40.474 0.2000000030
148491  35.414  1.522  31.813 0.3000000119
148568  36.408  -15.709  36.827 0.1000000015
148595  47.223  17.541  19.582 0.8000000119
148654  44.813  -10.987  36.470 0.2000000030
148669  41.299  -8.327  40.876 0.1000000015
148724  42.995  28.856  24.304 0.1000000015
148844  37.713  19.238  38.350 0.2000000030
148890  33.527  34.747  31.562 0.1000000015
148898  46.107  26.742  22.756 0.1000000015
148939  42.093  8.007  15.557 0.3000000119
148951  27.384  7.142  41.888 0.3000000119
