#!ascii label  , from subject sub-v1s10x0051051_ses-1 vox2ras=TkReg
2549
26232  -14.707  -47.472  32.695 0.4444440007
25350  -14.632  -47.852  32.182 0.4444440007
26221  -15.216  -47.182  33.317 0.5555559993
26233  -15.407  -47.487  32.622 0.4444440007
99607  -15.903  -47.816  31.454 0.4444440007
26234  -16.531  -47.451  32.872 0.5555559993
25367  -15.093  -48.682  29.551 0.4444440007
99350  -15.210  -48.324  30.548 0.4444440007
26247  -16.969  -47.735  31.713 0.4444440007
97530  -15.621  -48.430  28.761 0.4444440007
114982  -16.493  -47.815  30.640 0.4444440007
24531  -15.932  -49.454  27.915 0.3333329856
113640  -15.574  -49.295  28.250 0.4444440007
26258  -15.836  -48.109  29.873 0.4444440007
23706  -16.244  -50.153  28.238 0.3333329856
24536  -16.386  -49.027  27.300 0.4444440007
25376  -15.764  -48.812  27.971 0.4444440007
23714  -16.654  -49.814  27.577 0.3333329856
23716  -18.378  -50.613  27.116 0.3333329856
23715  -17.515  -50.228  27.346 0.3333329856
100342  -14.926  -47.061  33.154 0.5555559993
27959  -15.632  -46.557  32.878 0.4444440007
27104  -15.915  -47.302  33.690 0.4444440007
96730  -15.910  -47.335  33.640 0.5555559993
26223  -17.358  -47.356  33.321 0.5555559993
26224  -18.177  -47.390  32.944 0.4444440007
26259  -16.636  -47.726  29.636 0.4444440007
105098  -18.033  -47.902  31.787 0.5555559993
113219  -18.016  -47.624  32.667 0.4444440007
115050  -16.155  -47.931  28.921 0.4444440007
26270  -16.829  -47.656  28.524 0.4444440007
26248  -17.312  -47.711  30.632 0.4444440007
26249  -19.074  -48.114  31.434 0.5555559993
25377  -16.121  -48.082  28.111 0.5555559993
26260  -17.553  -47.559  29.523 0.5555559993
26262  -19.363  -48.022  30.192 0.5555559993
24537  -17.036  -49.459  26.889 0.3333329856
25386  -16.389  -48.424  27.433 0.4444440007
100732  -17.308  -47.581  27.819 0.5555559993
26261  -18.466  -47.609  29.363 0.5555559993
26273  -19.193  -47.684  28.933 0.5555559993
23720  -17.836  -49.878  26.565 0.3333329856
25395  -16.915  -48.195  26.831 0.4444440007
97070  -17.994  -47.448  27.778 0.5555559993
96990  -18.860  -47.466  27.968 0.4444440007
24542  -18.215  -49.542  25.706 0.3333329856
99912  -19.914  -47.447  25.832 0.3333329856
27105  -16.682  -47.219  33.587 0.4444440007
26222  -16.572  -47.241  33.748 0.5555559993
27961  -17.171  -46.462  33.023 0.3333329856
26215  -17.087  -47.161  33.659 0.4444440007
27107  -18.437  -47.045  33.096 0.3333329856
26225  -19.071  -47.510  32.578 0.4444440007
103791  -20.048  -48.270  31.802 0.4444440007
112548  -19.893  -48.336  31.275 0.5555559993
114817  -20.058  -48.342  31.662 0.6666669846
26274  -20.119  -48.100  29.313 0.6666669846
26263  -20.417  -48.387  30.462 0.6666669846
36677  -33.207  -35.637  29.240 0.7777780294
36678  -33.845  -35.323  29.295 0.7777780294
26284  -19.361  -47.436  27.283 0.4444440007
97460  -19.784  -47.704  28.247 0.4444440007
26285  -20.338  -47.747  27.466 0.5555559993
37544  -34.219  -34.367  29.511 0.8888890147
26293  -20.880  -47.964  26.502 0.3333329856
27108  -19.539  -46.951  32.657 0.3333329856
26226  -20.074  -47.748  32.251 0.4444440007
25351  -21.643  -48.650  31.042 0.6666669846
26238  -20.798  -48.267  31.635 0.6666669846
32707  -32.723  -39.607  29.539 0.6666669846
32708  -33.364  -39.802  29.107 0.7777780294
25368  -21.225  -48.569  29.631 0.6666669846
98124  -21.220  -48.642  30.692 0.6666669846
34308  -33.290  -38.125  29.047 0.7777780294
35042  -33.462  -37.691  28.893 0.7777780294
35843  -32.948  -36.457  29.137 0.7777780294
25379  -21.864  -48.675  28.571 0.6666669846
37543  -33.583  -34.764  29.358 0.7777780294
39263  -36.502  -32.020  30.034 0.8888890147
38375  -37.107  -32.537  29.688 0.8888890147
25387  -21.464  -48.396  27.566 0.4444440007
38372  -34.621  -33.372  29.662 0.8888890147
26294  -22.250  -48.579  26.710 0.4444440007
25397  -22.739  -48.509  26.020 0.4444440007
37555  -35.467  -34.622  29.011 0.7777780294
37556  -36.430  -34.266  28.781 0.6666669846
108597  -20.803  -45.965  32.378 0.3333329856
27109  -20.645  -46.687  32.394 0.4444440007
27963  -19.141  -46.469  32.681 0.3333329856
26227  -21.150  -47.710  32.055 0.4444440007
26239  -21.744  -48.371  31.402 0.5555559993
25352  -22.376  -48.765  31.007 0.6666669846
31902  -32.971  -40.491  29.241 0.6666669846
25359  -22.623  -48.864  30.720 0.6666669846
102563  -32.950  -41.467  28.626 0.7777780294
25380  -22.878  -48.865  28.711 0.6666669846
25370  -22.968  -48.893  29.833 0.6666669846
115144  -33.567  -41.362  28.058 0.4444440007
33549  -33.815  -39.554  28.587 0.6666669846
25388  -22.655  -48.771  27.700 0.5555559993
25369  -22.005  -48.883  30.332 0.6666669846
32736  -33.929  -40.846  27.797 0.3333329856
35842  -32.456  -36.727  28.991 0.7777780294
36676  -32.635  -35.936  29.165 0.7777780294
25398  -23.257  -48.491  26.855 0.4444440007
25390  -23.477  -48.237  27.175 0.3333329856
32737  -34.164  -40.296  27.472 0.3333329856
105108  -32.262  -36.395  28.994 0.6666669846
37554  -32.733  -34.645  28.985 0.6666669846
38386  -32.985  -33.815  28.799 0.6666669846
38371  -33.986  -33.849  29.571 0.6666669846
39261  -34.958  -32.496  29.787 0.8888890147
39264  -37.399  -31.771  29.738 0.8888890147
105404  -23.444  -48.070  26.094 0.3333329856
37553  -32.230  -35.062  28.652 0.6666669846
38385  -32.463  -34.268  28.254 0.6666669846
38403  -32.760  -33.505  27.899 0.6666669846
39277  -33.314  -33.045  28.547 0.6666669846
38374  -36.218  -32.707  29.866 0.7777780294
38388  -36.835  -33.442  29.328 0.7777780294
38376  -37.832  -32.373  29.545 0.8888890147
25421  -23.435  -47.763  24.617 0.2222220004
26311  -23.536  -47.678  24.895 0.2222220004
111817  -32.620  -33.193  27.089 0.6666669846
37568  -36.824  -34.634  27.938 0.5555559993
37557  -37.408  -34.015  28.633 0.6666669846
37558  -38.346  -33.754  28.532 0.6666669846
38404  -39.161  -33.509  28.336 0.6666669846
26321  -23.325  -47.510  23.844 0.1111110002
37570  -38.912  -34.247  27.790 0.6666669846
27111  -22.558  -46.808  31.785 0.5555559993
27112  -23.421  -47.103  31.537 0.6666669846
26228  -22.077  -47.701  31.728 0.6666669846
26252  -24.181  -48.111  30.808 0.6666669846
31889  -31.802  -40.512  30.015 0.6666669846
110427  -32.380  -40.254  29.762 0.6666669846
33531  -32.024  -39.647  29.866 0.6666669846
26240  -22.608  -48.464  31.243 0.6666669846
113717  -23.961  -48.560  30.008 0.5555559993
31901  -32.339  -41.197  29.481 0.6666669846
25371  -23.628  -48.704  29.886 0.5555559993
33541  -33.195  -38.909  29.250 0.7777780294
96789  -23.474  -48.662  28.970 0.4444440007
25381  -23.608  -48.369  28.201 0.4444440007
31002  -32.521  -42.483  27.520 0.3333329856
31921  -33.165  -42.023  27.789 0.3333329856
35040  -32.269  -37.400  28.949 0.7777780294
26286  -23.561  -48.085  27.291 0.3333329856
31931  -32.835  -41.846  27.008 0.3333329856
31922  -33.602  -41.430  27.816 0.3333329856
40170  -37.378  -31.341  29.317 0.8888890147
40159  -38.002  -31.524  29.401 0.8888890147
39281  -38.742  -31.696  29.185 0.8888890147
25399  -23.496  -47.949  26.408 0.3333329856
26295  -23.796  -47.480  26.825 0.3333329856
31942  -32.407  -41.474  26.230 0.3333329856
32751  -33.730  -40.891  26.724 0.3333329856
36682  -31.840  -35.660  28.206 0.6666669846
39294  -33.014  -32.825  27.563 0.6666669846
39295  -33.598  -32.395  28.036 0.7777780294
39279  -34.934  -31.931  29.443 0.8888890147
40158  -36.637  -31.681  29.706 0.8888890147
39265  -38.141  -31.938  29.550 0.8888890147
38391  -39.336  -32.556  28.747 0.8888890147
26302  -23.627  -47.521  25.652 0.2222220004
32762  -32.995  -40.808  26.042 0.3333329856
37567  -31.964  -34.803  27.720 0.6666669846
38402  -32.264  -33.896  27.109 0.6666669846
38405  -39.956  -33.276  28.127 0.7777780294
27168  -23.589  -47.243  24.481 0.2222220004
27113  -24.050  -46.397  31.567 0.6666669846
27120  -25.248  -46.428  30.975 0.6666669846
27993  -25.848  -45.966  30.695 0.6666669846
27966  -23.198  -46.008  31.849 0.4444440007
26242  -24.258  -47.468  31.191 0.6666669846
27128  -25.448  -46.683  30.448 0.6666669846
30975  -31.297  -42.508  29.673 0.6666669846
31888  -31.551  -41.491  29.865 0.5555559993
27137  -24.842  -47.451  30.183 0.5555559993
30984  -31.796  -43.051  29.106 0.6666669846
31900  -31.982  -42.141  29.257 0.7777780294
30985  -32.442  -42.437  28.579 0.6666669846
27151  -24.361  -46.943  27.570 0.4444440007
26276  -24.133  -48.042  28.846 0.4444440007
31001  -32.128  -43.106  27.962 0.4444440007
30993  -32.634  -42.577  28.169 0.4444440007
34306  -31.967  -38.143  29.130 0.5555559993
26275  -23.911  -47.768  27.888 0.3333329856
31018  -31.199  -42.323  26.144 0.3333329856
35841  -32.126  -36.943  28.843 0.6666669846
31930  -32.045  -42.127  26.574 0.3333329856
35850  -31.889  -36.486  28.598 0.4444440007
40171  -38.299  -31.281  29.074 0.8888890147
39282  -39.450  -31.789  28.821 0.8888890147
27162  -23.737  -47.195  25.239 0.2222220004
27157  -23.922  -46.931  26.076 0.2222220004
114831  -30.715  -42.006  25.413 0.3333329856
31941  -31.406  -41.671  25.662 0.3333329856
36689  -31.504  -35.461  27.241 0.4444440007
40181  -33.784  -31.931  27.262 0.6666669846
40183  -36.732  -31.275  28.607 0.7777780294
38392  -39.891  -32.295  28.540 0.8888890147
28043  -23.668  -46.097  24.404 0.2222220004
32761  -31.866  -40.940  25.530 0.3333329856
38417  -31.794  -33.763  25.964 0.5555559993
39306  -32.068  -32.938  25.560 0.5555559993
39308  -33.123  -32.124  26.373 0.6666669846
107442  -40.630  -33.413  27.737 0.6666669846
27178  -23.460  -46.520  23.839 0.1111110002
31949  -31.021  -41.222  24.828 0.3333329856
32770  -31.385  -40.512  24.767 0.3333329856
28057  -22.670  -46.063  22.086 0.1111110002
28047  -23.314  -45.736  23.336 0.1111110002
32769  -30.644  -40.894  24.051 0.3333329856
28058  -23.048  -45.426  22.614 0.1111110002
27982  -25.309  -45.467  31.219 0.6666669846
30974  -30.508  -42.775  30.034 0.6666669846
100876  -30.505  -43.926  29.546 0.6666669846
29947  -31.023  -43.463  29.483 0.7777780294
27138  -25.556  -46.795  29.811 0.4444440007
27139  -26.243  -46.332  29.278 0.5555559993
29956  -31.047  -43.988  28.827 0.5555559993
29948  -31.486  -43.645  29.002 0.5555559993
27146  -25.433  -46.765  28.912 0.4444440007
28011  -26.017  -46.231  28.347 0.4444440007
29973  -30.347  -43.567  27.170 0.4444440007
101860  -24.607  -47.252  28.457 0.4444440007
28022  -25.701  -45.836  27.559 0.4444440007
29974  -31.307  -43.307  27.553 0.4444440007
103531  -24.272  -46.656  26.832 0.2222220004
28021  -24.872  -46.098  27.211 0.2222220004
28031  -25.435  -45.357  26.780 0.2222220004
31008  -30.851  -42.903  26.596 0.3333329856
40185  -38.657  -31.120  28.388 0.8888890147
28030  -24.531  -45.847  26.329 0.2222220004
29997  -29.226  -43.020  24.894 0.3333329856
31017  -30.441  -42.499  25.672 0.3333329856
40184  -37.694  -31.161  28.570 0.8888890147
40172  -39.142  -31.374  28.780 1.0000000000
39283  -39.987  -31.591  28.445 0.8888890147
112283  -24.035  -46.304  25.644 0.2222220004
28037  -24.411  -45.377  25.474 0.2222220004
31026  -30.134  -42.163  24.578 0.3333329856
40200  -35.828  -31.534  27.640 0.7777780294
38406  -40.561  -32.367  28.150 0.8888890147
39297  -40.692  -31.521  28.095 0.8888890147
27169  -23.862  -46.229  25.009 0.2222220004
28993  -24.886  -44.534  25.091 0.2222220004
31036  -30.176  -42.023  23.520 0.3333329856
38407  -41.311  -32.948  27.566 0.8888890147
108491  -23.652  -45.405  23.877 0.2222220004
29005  -24.082  -44.512  23.707 0.2222220004
31051  -30.097  -42.285  22.688 0.3333329856
31948  -30.383  -41.567  24.127 0.3333329856
38418  -41.779  -33.787  26.939 0.6666669846
37585  -42.078  -34.382  26.225 0.5555559993
27983  -25.875  -45.193  30.868 0.6666669846
27994  -26.467  -45.447  30.490 0.6666669846
28004  -27.592  -45.420  29.810 0.4444440007
28948  -28.279  -44.947  30.038 0.6666669846
28023  -27.008  -45.420  27.857 0.4444440007
28959  -28.239  -45.184  28.763 0.4444440007
28961  -29.535  -44.677  29.021 0.4444440007
29955  -30.403  -44.224  29.176 0.5555559993
28969  -27.874  -45.005  27.832 0.4444440007
28970  -28.738  -44.853  28.394 0.4444440007
29963  -30.183  -44.166  28.266 0.4444440007
28981  -27.025  -44.881  27.011 0.4444440007
29972  -29.451  -44.079  27.238 0.4444440007
28980  -26.153  -44.701  26.331 0.3333329856
29983  -28.633  -43.437  25.401 0.3333329856
99588  -29.558  -43.572  26.489 0.3333329856
40202  -37.821  -31.429  27.299 0.8888890147
28994  -25.705  -44.303  25.452 0.2222220004
28038  -25.157  -44.908  25.942 0.2222220004
29984  -29.354  -43.282  25.712 0.3333329856
40201  -36.870  -31.494  27.470 0.8888890147
40186  -39.608  -31.068  28.087 1.0000000000
31024  -29.157  -42.846  24.079 0.3333329856
30008  -25.145  -43.723  23.959 0.2222220004
31034  -29.113  -42.754  23.071 0.3333329856
110739  -41.674  -32.316  27.501 0.8888890147
30007  -24.635  -43.792  23.374 0.2222220004
109493  -25.685  -43.550  24.047 0.2222220004
37593  -42.299  -34.879  25.547 0.2222220004
38431  -42.568  -33.956  25.887 0.6666669846
37594  -42.771  -34.436  25.245 0.4444440007
28938  -26.374  -44.642  30.841 0.6666669846
103019  -27.081  -44.059  30.945 0.6666669846
27995  -27.273  -44.964  30.397 0.6666669846
28982  -27.777  -44.411  26.766 0.4444440007
28983  -28.627  -44.463  27.410 0.4444440007
28996  -26.998  -44.384  26.310 0.3333329856
29971  -28.620  -43.834  26.314 0.4444440007
28995  -26.563  -44.131  25.653 0.3333329856
29982  -27.542  -43.929  25.845 0.3333329856
29981  -26.138  -43.872  25.060 0.2222220004
96609  -26.937  -43.647  25.017 0.3333329856
111070  -27.875  -43.511  25.200 0.3333329856
40204  -39.562  -31.021  27.053 0.8888890147
40187  -40.498  -31.165  28.040 1.0000000000
29994  -26.202  -43.587  24.478 0.2222220004
29995  -27.629  -43.340  24.471 0.3333329856
40188  -41.147  -31.117  27.837 0.8888890147
29993  -25.459  -43.916  24.638 0.2222220004
30010  -27.336  -43.179  23.756 0.2222220004
30011  -28.315  -43.069  23.854 0.3333329856
39299  -42.032  -31.865  27.369 0.8888890147
31032  -26.955  -42.980  23.061 0.2222220004
39313  -42.577  -32.293  26.850 0.7777780294
30009  -26.339  -43.295  23.713 0.2222220004
40205  -40.240  -30.893  27.504 0.8888890147
41035  -40.967  -30.755  27.609 1.0000000000
41036  -41.504  -30.716  27.523 0.8888890147
40189  -41.794  -31.103  27.521 0.8888890147
39347  -43.309  -32.801  25.599 0.7777780294
38444  -43.731  -33.724  24.191 0.5555559993
38456  -44.400  -33.566  23.297 0.3333329856
38457  -44.987  -33.374  22.545 0.2222220004
105446  -39.962  -30.904  26.626 0.7777780294
41048  -42.142  -30.419  27.171 1.0000000000
40206  -42.604  -31.128  27.090 0.8888890147
40207  -43.347  -30.786  26.656 0.8888890147
40218  -43.538  -31.406  26.247 0.8888890147
39329  -43.774  -31.803  25.644 0.7777780294
39366  -44.240  -32.746  23.963 0.6666669846
38472  -45.333  -33.566  21.927 0.2222220004
39367  -45.008  -32.571  23.112 0.5555559993
38487  -45.623  -33.544  21.311 0.2222220004
39382  -45.726  -32.778  22.227 0.4444440007
38488  -46.461  -32.870  20.970 0.1111110002
39394  -46.966  -32.219  21.372 0.2222220004
38501  -46.577  -32.865  20.270 0.1111110002
41046  -40.602  -30.597  26.904 0.8888890147
41049  -42.966  -30.133  26.856 1.0000000000
41050  -43.700  -29.948  26.703 0.8888890147
40227  -44.295  -31.134  25.510 0.8888890147
40238  -44.330  -31.836  24.645 0.7777780294
40228  -44.782  -30.871  24.786 0.7777780294
40239  -45.195  -31.488  23.652 0.6666669846
40250  -46.025  -31.935  22.643 0.4444440007
39383  -47.581  -31.575  21.801 0.5555559993
39406  -47.053  -32.153  20.689 0.5555559993
39417  -46.791  -32.303  19.793 0.2222220004
41047  -41.385  -30.351  27.098 0.8888890147
41884  -43.340  -29.376  26.736 1.0000000000
41885  -43.955  -29.330  26.722 1.0000000000
41068  -44.506  -30.410  25.772 0.8888890147
41896  -44.511  -29.274  26.380 1.0000000000
41069  -45.075  -30.072  25.120 0.8888890147
40240  -46.593  -30.955  23.009 0.8888890147
41070  -45.747  -29.705  24.523 0.8888890147
98117  -47.731  -31.087  22.323 0.6666669846
41078  -46.719  -29.834  23.653 0.8888890147
39395  -47.488  -31.652  21.252 0.4444440007
40252  -48.189  -31.104  21.910 0.5555559993
40277  -47.095  -31.745  20.374 0.3333329856
40269  -47.534  -31.388  20.917 0.5555559993
41883  -42.633  -29.797  26.880 1.0000000000
41902  -46.214  -29.051  24.472 1.0000000000
41911  -47.255  -28.965  23.754 0.8888890147
41079  -47.695  -30.316  22.798 0.7777780294
40253  -48.306  -30.760  21.822 0.6666669846
41923  -48.202  -29.765  22.455 0.7777780294
41125  -47.276  -31.208  20.582 0.5555559993
99442  -43.719  -28.907  26.706 1.0000000000
42698  -44.210  -28.708  26.629 1.0000000000
42699  -44.670  -27.789  26.451 1.0000000000
42725  -45.781  -28.455  25.235 1.0000000000
42726  -46.639  -28.303  24.421 1.0000000000
41912  -47.791  -29.542  23.191 0.7777780294
41950  -47.991  -30.151  21.419 0.5555559993
111737  -48.141  -29.490  22.187 0.6666669846
41108  -46.176  -30.230  20.385 0.6666669846
43565  -44.867  -26.955  26.470 1.0000000000
108088  -44.919  -26.193  26.459 1.0000000000
42741  -47.374  -28.240  23.753 1.0000000000
42712  -46.188  -27.837  25.037 1.0000000000
42754  -48.085  -29.009  22.686 0.7777780294
41934  -47.986  -29.535  21.802 0.6666669846
41948  -46.371  -29.587  20.750 0.6666669846
41949  -47.375  -29.597  21.294 0.6666669846
45280  -44.387  -25.459  26.517 0.8888890147
43585  -46.148  -27.253  25.302 1.0000000000
44484  -46.035  -26.513  25.555 1.0000000000
43606  -47.261  -27.505  23.798 0.8888890147
98975  -46.614  -26.855  24.816 1.0000000000
44488  -46.499  -26.168  24.989 1.0000000000
112916  -47.806  -28.448  22.743 0.7777780294
44489  -46.889  -26.669  24.321 0.8888890147
42766  -47.881  -28.927  22.265 0.7777780294
43628  -47.319  -27.998  22.325 0.7777780294
44497  -47.086  -26.880  23.555 0.8888890147
41960  -45.375  -29.558  20.080 0.5555559993
115174  -46.564  -28.959  21.129 0.6666669846
42777  -45.794  -28.741  20.549 0.5555559993
41971  -44.832  -29.050  19.148 0.4444440007
43690  -46.092  -27.037  16.914 0.2222220004
44539  -46.815  -26.760  17.178 0.3333329856
44548  -45.932  -26.873  16.197 0.2222220004
44549  -46.791  -26.773  16.428 0.3333329856
46098  -44.486  -24.578  26.431 1.0000000000
45295  -45.767  -24.997  25.774 1.0000000000
46112  -45.862  -24.377  25.344 1.0000000000
45296  -46.273  -25.243  25.091 1.0000000000
102701  -46.608  -25.917  24.599 1.0000000000
45309  -46.421  -25.190  24.360 1.0000000000
44492  -46.750  -26.030  23.993 1.0000000000
106281  -46.679  -27.806  21.585 0.6666669846
43616  -47.025  -27.023  22.727 0.7777780294
43627  -46.623  -27.043  21.844 0.6666669846
46175  -46.931  -24.324  20.173 0.8888890147
46166  -47.555  -23.624  20.557 0.8888890147
42787  -45.290  -28.458  19.675 0.5555559993
43637  -45.699  -27.759  20.141 0.6666669846
45352  -46.742  -25.451  19.005 0.5555559993
45343  -47.260  -24.778  19.317 0.6666669846
42797  -44.734  -28.625  18.193 0.1111110002
42798  -45.124  -28.129  18.676 0.4444440007
43648  -45.510  -27.543  19.138 0.4444440007
44529  -46.711  -26.102  18.435 0.3333329856
45353  -47.627  -25.435  18.468 0.4444440007
42809  -45.040  -27.911  17.813 0.2222220004
43660  -45.551  -27.469  18.197 0.2222220004
43676  -46.086  -27.024  17.691 0.3333329856
104986  -46.609  -26.623  17.891 0.3333329856
46184  -48.217  -24.685  18.966 0.8888890147
43675  -45.494  -27.420  17.388 0.2222220004
44530  -47.492  -26.283  17.587 0.3333329856
113191  -47.849  -26.723  16.618 0.3333329856
44560  -47.546  -26.716  15.989 0.2222220004
114073  -45.147  -24.502  26.153 1.0000000000
44496  -46.594  -25.940  23.022 0.8888890147
44504  -46.517  -26.256  22.159 0.7777780294
108371  -46.811  -23.814  21.036 0.8888890147
43638  -46.102  -27.020  20.784 0.6666669846
103665  -46.261  -25.989  21.206 0.6666669846
44512  -46.096  -25.929  20.191 0.6666669846
45342  -46.438  -25.185  19.760 0.5555559993
43649  -45.865  -26.821  19.654 0.6666669846
44522  -46.186  -26.022  19.277 0.5555559993
46176  -48.275  -23.900  19.793 0.8888890147
44521  -45.983  -26.782  18.593 0.4444440007
45354  -48.926  -25.245  18.464 0.7777780294
46185  -49.422  -24.529  19.146 0.8888890147
45364  -48.428  -25.812  17.833 0.5555559993
44540  -48.737  -26.443  17.163 0.3333329856
97108  -48.662  -27.014  16.061 0.3333329856
45385  -48.206  -26.482  15.488 0.2222220004
46944  -44.654  -23.840  26.207 1.0000000000
46124  -45.527  -23.497  25.185 1.0000000000
46125  -46.026  -24.141  24.664 1.0000000000
46138  -46.195  -24.327  23.710 1.0000000000
45334  -46.346  -24.895  20.807 0.8888890147
45326  -46.294  -25.234  21.910 0.7777780294
47041  -47.801  -22.969  21.250 1.0000000000
47051  -48.387  -23.251  20.608 0.8888890147
47052  -49.078  -23.231  20.319 0.8888890147
45355  -50.144  -25.243  18.535 0.7777780294
46177  -49.610  -23.642  19.686 0.8888890147
45356  -50.860  -25.189  18.394 0.7777780294
46187  -51.142  -24.737  18.329 0.8888890147
110841  -49.938  -26.654  17.018 0.4444440007
45366  -50.589  -25.843  17.733 0.6666669846
112921  -51.092  -25.452  17.895 0.7777780294
46193  -51.267  -25.395  17.418 0.7777780294
44550  -49.694  -27.102  16.225 0.2222220004
45376  -50.745  -26.400  17.054 0.4444440007
116047  -51.250  -25.910  16.999 0.6666669846
45368  -51.379  -25.798  16.595 0.7777780294
44561  -49.472  -26.865  15.568 0.2222220004
44562  -50.321  -27.054  15.918 0.3333329856
46956  -44.875  -23.304  25.745 1.0000000000
46972  -45.432  -22.881  24.661 1.0000000000
112440  -45.231  -22.504  24.565 1.0000000000
47827  -45.740  -22.436  23.940 1.0000000000
46991  -45.699  -23.205  24.499 1.0000000000
46151  -46.214  -23.581  22.950 1.0000000000
47010  -46.310  -22.502  23.174 1.0000000000
47025  -46.713  -22.853  22.449 1.0000000000
45317  -46.281  -24.674  22.787 0.8888890147
46157  -46.422  -24.038  21.902 0.8888890147
47835  -47.072  -21.751  22.583 1.0000000000
47040  -46.989  -23.194  21.756 0.8888890147
47026  -47.558  -22.314  22.015 1.0000000000
47027  -48.374  -22.050  21.537 1.0000000000
47042  -48.845  -22.580  20.848 0.8888890147
47053  -49.508  -22.857  20.249 0.8888890147
47865  -49.668  -22.272  20.046 1.0000000000
46186  -50.490  -24.382  19.037 0.8888890147
47062  -50.743  -23.674  18.942 1.0000000000
47877  -50.100  -22.328  19.246 1.0000000000
47878  -50.532  -22.880  18.497 1.0000000000
45377  -51.092  -26.320  16.600 0.5555559993
45386  -51.353  -26.181  15.877 0.6666669846
107468  -51.352  -24.712  17.720 0.8888890147
47069  -51.093  -23.986  18.226 1.0000000000
101366  -50.691  -23.192  17.759 1.0000000000
44574  -50.545  -26.678  15.418 0.4444440007
115112  -51.734  -26.007  15.266 0.6666669846
46197  -51.459  -25.059  16.812 0.6666669846
47076  -51.098  -24.005  17.126 1.0000000000
45400  -49.917  -26.266  14.710 0.2222220004
47077  -51.579  -24.482  15.972 0.8888890147
108592  -49.257  -25.593  13.916 0.2222220004
97188  -50.992  -26.250  14.754 0.2222220004
45416  -50.362  -25.850  13.946 0.2222220004
47826  -45.223  -22.081  24.263 1.0000000000
48665  -45.089  -21.600  24.021 1.0000000000
110089  -46.346  -21.810  23.162 1.0000000000
47845  -47.914  -21.416  22.000 1.0000000000
48691  -47.959  -20.787  21.845 1.0000000000
110286  -48.829  -21.863  21.148 1.0000000000
47846  -48.433  -21.283  21.461 1.0000000000
48707  -48.797  -21.310  20.909 1.0000000000
47856  -49.231  -22.062  20.672 1.0000000000
102742  -49.556  -21.522  19.682 1.0000000000
47889  -50.405  -22.316  17.825 1.0000000000
45401  -51.267  -26.349  15.348 0.3333329856
47899  -50.477  -22.647  17.022 1.0000000000
104496  -51.768  -25.986  14.835 0.5555559993
46204  -52.297  -24.787  15.112 0.5555559993
47086  -51.808  -23.857  15.094 0.8888890147
47085  -50.793  -23.101  15.855 1.0000000000
45417  -51.384  -25.780  14.127 0.4444440007
45418  -51.985  -25.455  14.255 0.4444440007
46212  -52.316  -24.704  14.388 0.5555559993
47092  -52.306  -24.028  14.363 0.6666669846
111943  -49.739  -25.362  13.134 0.2222220004
45430  -51.696  -25.239  13.442 0.4444440007
46225  -52.125  -24.911  13.554 0.4444440007
100708  -52.440  -24.068  13.833 0.5555559993
46243  -52.099  -24.723  12.582 0.3333329856
46244  -52.350  -24.369  12.841 0.2222220004
104206  -51.988  -24.564  10.992 0.2222220004
48676  -45.783  -21.143  23.322 1.0000000000
48677  -46.674  -21.197  22.823 1.0000000000
48678  -47.463  -21.038  22.286 1.0000000000
98048  -46.361  -20.812  22.672 1.0000000000
48706  -48.295  -20.762  21.166 1.0000000000
48723  -49.161  -21.416  20.271 1.0000000000
100379  -48.564  -20.872  20.423 1.0000000000
48722  -49.035  -20.787  19.590 0.8888890147
48730  -49.735  -21.036  19.057 1.0000000000
48736  -50.120  -21.466  18.352 1.0000000000
49558  -49.301  -20.352  18.757 1.0000000000
111701  -50.332  -21.405  17.399 1.0000000000
48743  -50.536  -20.385  16.906 1.0000000000
115677  -51.100  -22.936  15.024 0.8888890147
47911  -50.837  -21.913  15.149 1.0000000000
47923  -52.369  -23.233  13.524 0.6666669846
47922  -51.685  -22.830  14.336 0.6666669846
48750  -51.004  -20.508  16.042 1.0000000000
105739  -52.419  -24.286  12.048 0.3333329856
47106  -52.557  -23.886  12.147 0.3333329856
47100  -52.504  -23.762  13.054 0.3333329856
47936  -51.972  -21.976  13.594 0.6666669846
110430  -51.437  -21.601  14.356 0.8888890147
48751  -51.304  -20.631  14.986 1.0000000000
46259  -52.327  -24.386  11.530 0.2222220004
46260  -52.607  -24.096  11.200 0.2222220004
47947  -52.574  -23.133  12.299 0.4444440007
47937  -52.405  -22.334  12.875 0.5555559993
48759  -51.720  -20.796  14.039 0.7777780294
100338  -52.528  -24.362  10.453 0.2222220004
47110  -52.665  -24.201  10.268 0.2222220004
103839  -52.702  -23.733  10.721 0.3333329856
107408  -52.482  -22.290  12.181 0.5555559993
46276  -52.646  -24.503  9.588 0.2222220004
49509  -45.364  -20.810  22.729 1.0000000000
48690  -47.123  -20.685  22.147 1.0000000000
48705  -47.611  -20.561  21.278 1.0000000000
48720  -47.522  -20.738  20.004 0.8888890147
48721  -48.265  -20.501  19.718 0.8888890147
49557  -48.755  -20.255  19.095 0.8888890147
107910  -49.809  -20.449  18.265 1.0000000000
48737  -50.164  -20.413  17.657 1.0000000000
49599  -50.832  -19.621  16.479 1.0000000000
50443  -50.355  -19.021  16.458 1.0000000000
49600  -51.276  -19.673  15.675 1.0000000000
48766  -52.085  -21.094  13.210 0.6666669846
49614  -51.918  -20.027  13.743 0.7777780294
47116  -52.778  -23.970  9.912 0.2222220004
47970  -52.603  -23.285  10.442 0.5555559993
48775  -52.372  -21.741  11.898 0.6666669846
49641  -52.165  -21.105  11.835 0.5555559993
49576  -49.465  -19.977  17.987 0.8888890147
49577  -49.892  -19.945  17.663 0.8888890147
49588  -49.686  -19.509  17.391 0.8888890147
49589  -50.229  -19.654  17.097 1.0000000000
110758  -50.608  -18.733  15.952 0.8888890147
50444  -50.987  -19.061  16.035 1.0000000000
49608  -51.612  -19.819  14.685 1.0000000000
49615  -52.223  -20.254  12.964 0.7777780294
50475  -51.798  -19.267  14.312 0.8888890147
49627  -52.268  -20.608  12.331 0.6666669846
48785  -52.041  -21.511  11.239 0.5555559993
51290  -51.014  -18.674  15.627 1.0000000000
111676  -50.683  -18.316  15.426 1.0000000000
50492  -52.354  -19.369  12.754 0.8888890147
50461  -51.793  -18.476  14.305 0.8888890147
113214  -52.189  -19.659  11.900 0.7777780294
102596  -52.303  -18.431  13.384 0.8888890147
49656  -51.534  -20.817  11.194 0.7777780294
51304  -51.016  -17.599  14.780 1.0000000000
51306  -52.001  -17.617  13.835 0.8888890147
50506  -52.322  -18.918  12.419 0.7777780294
51313  -52.502  -17.628  13.206 1.0000000000
51327  -51.455  -18.349  11.464 0.7777780294
106597  -51.521  -17.757  14.501 0.7777780294
52095  -51.760  -16.291  13.764 0.7777780294
51320  -52.582  -17.894  12.806 0.7777780294
52103  -52.669  -17.023  13.099 0.8888890147
51328  -52.254  -18.051  12.114 0.8888890147
52112  -52.305  -17.101  12.102 0.8888890147
52840  -51.139  -16.750  14.103 0.7777780294
99920  -52.262  -16.676  13.531 0.7777780294
53591  -52.007  -15.024  13.591 0.6666669846
52864  -52.618  -16.589  12.761 0.7777780294
53600  -52.308  -15.275  13.306 0.6666669846
53606  -52.390  -15.186  12.154 0.6666669846
52863  -52.367  -16.175  12.148 0.7777780294
52862  -51.801  -15.796  11.478 0.6666669846
53615  -51.226  -15.460  10.857 0.4444440007
103731  -51.401  -14.575  10.912 0.2222220004
113982  -50.985  -13.882  10.614 0.2222220004
113374  -50.259  -14.016  9.879 0.3333329856
55166  -50.161  -13.277  10.082 0.3333329856
55175  -49.188  -13.179  9.024 0.3333329856
53590  -51.650  -15.183  13.559 0.6666669846
52853  -52.133  -15.752  13.589 0.7777780294
54343  -51.847  -14.467  13.297 0.5555559993
114586  -51.884  -14.055  13.033 0.5555559993
53599  -52.141  -14.388  13.109 0.6666669846
54361  -52.270  -14.153  12.199 0.5555559993
55140  -52.014  -13.670  12.636 0.5555559993
55149  -52.005  -13.241  12.005 0.4444440007
53616  -51.933  -14.759  11.504 0.4444440007
54370  -51.875  -13.824  11.463 0.3333329856
55160  -51.584  -13.186  11.557 0.3333329856
55159  -50.951  -12.865  11.197 0.3333329856
55158  -50.106  -12.362  10.787 0.3333329856
99519  -49.653  -12.515  9.794 0.4444440007
54385  -48.682  -13.963  8.158 0.3333329856
53589  -50.888  -15.479  13.463 0.6666669846
53598  -51.359  -14.565  13.240 0.6666669846
53597  -50.400  -14.900  12.867 0.6666669846
54353  -51.627  -13.821  12.822 0.5555559993
55139  -51.714  -13.203  12.304 0.5555559993
55138  -51.150  -13.088  12.382 0.5555559993
55978  -50.481  -12.467  11.633 0.4444440007
55983  -49.580  -11.828  11.283 0.4444440007
53605  -49.542  -15.366  12.192 0.6666669846
101006  -49.815  -14.340  12.214 0.5555559993
54352  -50.817  -13.915  12.719 0.5555559993
54360  -50.257  -13.218  12.223 0.5555559993
55147  -50.525  -12.572  12.022 0.5555559993
55146  -49.428  -12.525  11.699 0.4444440007
55977  -49.687  -12.129  11.522 0.5555559993
55988  -49.464  -11.570  10.226 0.3333329856
55997  -49.107  -12.248  8.908 0.4444440007
55987  -49.246  -11.432  9.031 0.4444440007
55174  -48.704  -13.038  8.035 0.4444440007
55976  -48.772  -11.514  11.534 0.4444440007
56831  -48.378  -10.541  11.717 0.4444440007
55996  -48.852  -12.211  8.036 0.3333329856
56856  -49.283  -11.338  8.156 0.3333329856
56015  -51.121  -12.077  6.690 0.2222220004
56875  -53.681  -11.931  6.082 0.2222220004
56888  -52.824  -11.060  5.925 0.2222220004
56031  -53.162  -11.522  5.766 0.2222220004
56839  -48.400  -9.843  11.981 0.3333329856
56840  -48.805  -10.185  11.675 0.3333329856
57654  -49.478  -9.554  10.998 0.3333329856
56846  -49.404  -10.614  10.493 0.2222220004
56857  -49.526  -10.549  9.382 0.3333329856
56006  -49.670  -11.566  7.350 0.2222220004
57669  -49.859  -10.434  8.628 0.2222220004
56872  -50.741  -11.343  7.051 0.2222220004
103118  -50.206  -10.797  7.767 0.2222220004
56863  -51.599  -10.523  7.207 0.2222220004
56864  -52.023  -10.420  6.773 0.2222220004
57681  -52.825  -11.135  6.212 0.2222220004
57693  -52.269  -10.580  6.190 0.2222220004
56889  -53.380  -11.569  6.033 0.2222220004
103092  -49.495  -8.569  11.338 0.2222220004
57663  -50.227  -9.505  9.565 0.2222220004
57670  -50.969  -9.842  8.280 0.2222220004
57671  -51.449  -9.660  7.676 0.2222220004
57692  -51.506  -10.070  5.673 0.2222220004
57700  -51.862  -10.658  5.503 0.2222220004
57644  -48.159  -9.514  12.012 0.3333329856
57647  -47.551  -9.626  11.627 0.2222220004
57648  -48.859  -9.167  11.876 0.2222220004
58523  -48.047  -8.994  11.909 0.2222220004
58525  -49.230  -8.273  11.450 0.2222220004
58540  -50.135  -8.576  10.572 0.2222220004
101447  -50.729  -8.603  9.697 0.2222220004
57664  -51.152  -9.061  8.824 0.2222220004
58550  -51.388  -8.921  8.308 0.2222220004
58567  -51.585  -9.561  7.366 0.3333329856
58576  -51.757  -9.917  6.537 0.2222220004
58530  -49.940  -7.905  10.955 0.2222220004
59329  -50.186  -7.278  10.497 0.3333329856
58531  -50.536  -7.953  10.200 0.2222220004
59337  -50.606  -7.461  9.810 0.3333329856
58541  -51.016  -8.339  9.294 0.2222220004
59359  -51.422  -8.814  7.837 0.2222220004
58566  -51.370  -9.065  6.921 0.3333329856
58575  -51.046  -9.345  5.898 0.2222220004
58583  -50.714  -9.572  4.959 0.2222220004
57699  -50.992  -10.279  4.852 0.2222220004
57708  -49.646  -10.314  3.436 0.2222220004
58595  -49.506  -9.232  2.382 0.2222220004
60145  -49.240  -7.177  10.748 0.2222220004
60155  -49.811  -6.820  10.362 0.2222220004
60163  -49.170  -6.245  9.312 0.2222220004
60995  -49.473  -5.906  8.895 0.2222220004
60164  -49.726  -6.311  9.595 0.3333329856
60170  -50.257  -6.747  9.393 0.3333329856
108896  -49.403  -5.700  8.495 0.2222220004
60169  -49.720  -5.974  8.893 0.3333329856
59344  -50.236  -6.863  8.339 0.3333329856
95964  -49.730  -5.750  8.173 0.3333329856
96481  -50.166  -7.211  7.071 0.3333329856
59368  -50.535  -8.388  6.293 0.3333329856
59376  -50.370  -8.686  5.181 0.2222220004
59375  -49.916  -7.974  4.603 0.3333329856
60192  -49.978  -7.016  5.413 0.3333329856
57698  -50.229  -9.813  4.136 0.2222220004
58582  -50.082  -8.931  4.194 0.2222220004
60198  -49.952  -7.410  4.194 0.3333329856
58588  -49.659  -9.277  3.223 0.2222220004
59388  -49.673  -8.501  2.712 0.2222220004
59389  -50.139  -7.878  2.214 0.2222220004
98006  -51.118  -7.370  1.842 0.2222220004
60213  -52.255  -6.963  1.658 0.2222220004
60214  -53.358  -6.544  1.577 0.2222220004
96325  -50.041  -6.416  6.825 0.3333329856
59367  -50.064  -7.663  5.779 0.3333329856
59382  -49.787  -8.257  3.586 0.3333329856
101269  -49.944  -7.641  3.170 0.3333329856
60199  -50.267  -6.787  3.890 0.3333329856
60205  -50.673  -6.895  2.846 0.2222220004
112009  -50.912  -6.141  3.760 0.3333329856
60206  -51.810  -6.526  2.420 0.2222220004
98492  -52.587  -5.707  2.926 0.2222220004
61055  -52.952  -6.124  2.293 0.2222220004
61064  -54.890  -5.214  0.686 0.2222220004
61037  -50.202  -6.411  5.132 0.3333329856
61048  -53.933  -4.850  2.249 0.2222220004
61047  -53.409  -5.009  2.790 0.2222220004
61908  -54.135  -4.418  1.769 0.2222220004
111667  -54.251  -5.166  1.837 0.2222220004
60215  -54.336  -5.903  1.403 0.2222220004
61916  -54.600  -4.499  0.656 0.2222220004
61057  -54.581  -4.809  1.299 0.2222220004
61031  -50.060  -4.370  7.425 0.3333329856
100267  -50.148  -5.725  6.628 0.3333329856
61032  -50.469  -4.984  6.353 0.3333329856
61038  -50.672  -5.716  4.818 0.3333329856
98744  -48.991  -4.724  3.174 0.2222220004
61898  -49.870  -4.099  2.943 0.2222220004
61039  -51.557  -5.057  4.325 0.3333329856
62717  -50.694  -3.430  3.120 0.2222220004
62718  -51.655  -3.316  2.938 0.2222220004
61900  -52.596  -4.712  3.620 0.2222220004
61902  -53.578  -4.109  2.497 0.2222220004
61901  -53.160  -4.149  3.244 0.2222220004
112949  -52.359  -3.728  2.077 0.2222220004
62731  -52.520  -4.302  1.167 0.2222220004
62681  -49.744  -3.630  6.833 0.2222220004
113229  -50.175  -3.400  6.865 0.2222220004
61885  -50.422  -3.737  6.875 0.3333329856
61886  -51.014  -3.416  5.970 0.3333329856
62697  -51.346  -2.925  5.309 0.4444440007
61891  -51.090  -4.334  5.705 0.3333329856
62709  -50.146  -2.910  3.827 0.3333329856
63500  -51.713  -2.956  4.274 0.2222220004
62710  -52.184  -3.304  4.186 0.2222220004
61892  -51.830  -3.774  4.684 0.2222220004
63509  -51.972  -3.070  3.541 0.2222220004
63501  -52.301  -3.204  3.663 0.2222220004
61893  -52.640  -3.799  3.789 0.2222220004
63510  -52.488  -3.283  2.993 0.2222220004
62719  -52.904  -3.511  3.291 0.2222220004
62724  -53.140  -3.583  2.315 0.2222220004
33540  -32.295  -38.832  29.440 0.6666669846
54397  -48.559  -13.767  7.338 0.3333329856
97281  -49.137  -10.965  11.201 0.5555559993
25357  -14.913  -48.102  31.505 0.4444440007
24525  -15.225  -49.185  28.709 0.4444440007
26235  -17.441  -47.636  32.578 0.5555559993
23707  -17.189  -50.534  28.148 0.3333329856
24540  -16.880  -48.783  26.726 0.4444440007
26236  -18.842  -47.926  32.281 0.4444440007
26216  -17.620  -47.160  33.406 0.4444440007
102167  -18.324  -47.798  30.503 0.5555559993
26281  -16.762  -47.861  27.546 0.5555559993
26271  -17.753  -47.477  28.560 0.5555559993
104376  -16.616  -48.627  27.038 0.4444440007
26282  -17.470  -47.668  27.001 0.5555559993
26272  -18.465  -47.495  28.516 0.4444440007
24541  -17.427  -49.070  26.242 0.3333329856
25396  -17.324  -48.457  26.351 0.3333329856
110877  -17.603  -47.959  26.257 0.3333329856
97892  -18.078  -47.647  26.366 0.5555559993
26283  -18.387  -47.439  27.056 0.4444440007
113568  -18.892  -50.401  25.580 0.3333329856
24546  -17.891  -48.475  25.677 0.3333329856
111538  -19.867  -47.460  26.673 0.4444440007
27106  -17.546  -47.039  33.545 0.4444440007
27962  -18.185  -46.527  32.951 0.3333329856
26237  -19.527  -48.034  32.143 0.4444440007
103652  -19.646  -48.240  31.850 0.4444440007
25378  -20.772  -48.215  28.463 0.5555559993
37545  -34.992  -33.999  29.538 0.8888890147
31912  -33.596  -40.543  28.432 0.7777780294
34307  -32.569  -38.060  29.162 0.7777780294
33542  -33.851  -38.793  28.699 0.6666669846
35041  -32.850  -37.317  29.058 0.7777780294
115870  -32.560  -35.332  29.113 0.6666669846
37542  -32.997  -35.137  29.255 0.6666669846
38370  -33.331  -34.275  29.299 0.7777780294
40168  -35.834  -31.633  29.509 0.8888890147
39262  -35.755  -32.221  30.022 0.8888890147
38389  -37.731  -33.177  29.169 0.7777780294
26301  -21.793  -48.333  25.739 0.3333329856
38373  -35.376  -32.965  29.845 0.8888890147
39260  -34.304  -33.101  29.634 0.8888890147
37546  -35.891  -33.689  29.472 0.8888890147
105013  -20.057  -46.248  32.475 0.3333329856
27110  -21.659  -46.742  32.090 0.5555559993
26250  -23.060  -48.835  30.885 0.6666669846
25360  -23.263  -48.811  30.449 0.5555559993
115699  -32.447  -41.872  28.964 0.6666669846
25389  -23.295  -48.588  27.926 0.4444440007
32721  -34.123  -40.055  27.931 0.3333329856
31923  -33.981  -40.781  27.333 0.3333329856
36675  -32.178  -35.832  28.916 0.6666669846
38387  -33.667  -33.402  29.316 0.6666669846
39278  -34.098  -32.540  29.199 0.7777780294
25406  -23.357  -48.120  25.241 0.2222220004
25407  -23.488  -47.864  25.444 0.2222220004
38390  -38.529  -32.715  29.073 0.7777780294
106327  -23.438  -47.642  24.397 0.2222220004
102076  -32.360  -33.117  26.350 0.6666669846
39307  -32.818  -32.681  26.696 0.6666669846
37581  -39.538  -34.708  27.226 0.5555559993
26229  -22.845  -47.707  31.536 0.6666669846
27965  -22.312  -45.924  31.956 0.4444440007
26241  -23.552  -48.268  31.136 0.6666669846
26251  -23.730  -48.609  30.525 0.6666669846
26264  -24.272  -48.143  30.396 0.5555559993
112575  -24.288  -48.124  29.726 0.5555559993
25372  -23.834  -48.528  29.296 0.4444440007
31911  -33.142  -41.975  28.100 0.3333329856
31932  -33.493  -41.408  27.313 0.3333329856
32750  -33.141  -41.311  26.659 0.3333329856
39296  -34.320  -31.899  28.367 0.8888890147
37579  -31.678  -34.668  26.642 0.5555559993
27191  -23.066  -46.646  23.062 0.1111110002
27981  -24.671  -45.856  31.484 0.6666669846
27119  -24.733  -46.775  31.204 0.6666669846
27127  -24.759  -47.365  30.748 0.5555559993
27129  -26.298  -46.156  30.102 0.6666669846
27145  -24.795  -47.407  29.362 0.4444440007
30992  -32.019  -43.121  28.584 0.4444440007
27152  -25.201  -46.530  27.995 0.4444440007
29965  -31.570  -43.539  28.458 0.4444440007
31009  -31.732  -42.757  27.045 0.3333329856
35050  -31.855  -37.220  28.647 0.6666669846
35859  -31.483  -36.234  27.752 0.4444440007
31940  -30.654  -41.664  24.914 0.3333329856
102586  -32.567  -32.550  25.892 0.6666669846
107205  -23.523  -44.882  23.157 0.2222220004
99583  -24.618  -44.934  31.725 0.6666669846
109785  -30.958  -43.929  29.217 0.5555559993
28003  -26.979  -45.897  29.548 0.4444440007
29964  -30.930  -43.748  28.096 0.4444440007
112423  -26.391  -45.762  27.877 0.4444440007
28012  -26.765  -45.932  28.617 0.4444440007
28032  -26.282  -45.289  27.216 0.3333329856
29985  -30.062  -43.071  26.124 0.3333329856
31016  -29.812  -42.744  25.218 0.3333329856
31025  -29.633  -42.600  24.444 0.3333329856
98547  -24.125  -45.080  24.594 0.2222220004
31035  -29.758  -42.425  23.665 0.3333329856
39298  -41.311  -31.819  27.785 0.8888890147
29006  -24.689  -44.192  24.253 0.2222220004
31956  -30.486  -41.573  23.048 0.3333329856
31962  -30.485  -41.805  22.192 0.2222220004
98699  -26.975  -45.619  30.092 0.6666669846
104434  -28.117  -45.237  29.436 0.5555559993
28013  -27.574  -45.535  28.838 0.4444440007
28960  -28.728  -45.021  29.295 0.6666669846
28971  -29.317  -44.500  28.056 0.4444440007
114772  -28.148  -43.659  25.698 0.3333329856
29996  -28.496  -43.224  24.647 0.3333329856
38408  -42.004  -32.782  27.155 0.7777780294
100674  -25.437  -43.393  23.362 0.2222220004
38419  -42.366  -33.379  26.539 0.6666669846
110913  -26.860  -43.399  24.301 0.2222220004
30026  -26.076  -43.038  22.886 0.2222220004
38420  -42.910  -32.842  26.162 0.5555559993
39314  -43.103  -31.743  26.538 0.8888890147
39328  -43.344  -32.103  26.049 0.7777780294
39348  -43.707  -32.768  24.891 0.6666669846
40208  -43.957  -30.733  26.227 0.8888890147
115321  -44.610  -32.127  23.790 0.6666669846
39393  -46.153  -32.847  21.563 0.1111110002
38500  -45.885  -33.469  20.717 0.1111110002
99704  -46.689  -32.233  21.970 0.5555559993
38517  -46.510  -32.895  19.553 0.2222220004
41060  -44.231  -29.881  26.435 1.0000000000
41077  -45.624  -30.444  24.060 0.8888890147
40251  -47.013  -31.611  22.332 0.6666669846
40286  -46.533  -32.056  19.124 0.2222220004
41061  -44.683  -29.780  25.950 1.0000000000
41901  -45.288  -29.282  25.467 1.0000000000
111094  -48.261  -30.602  22.146 0.7777780294
40262  -48.049  -31.112  21.499 0.5555559993
40276  -46.826  -31.666  19.904 0.3333329856
41110  -47.916  -30.815  21.117 0.5555559993
104149  -44.975  -28.564  26.130 1.0000000000
41935  -48.291  -29.943  21.863 0.6666669846
41109  -47.279  -30.433  20.835 0.5555559993
42711  -45.540  -27.831  25.778 1.0000000000
42727  -46.807  -27.534  24.472 1.0000000000
98460  -47.994  -28.961  23.190 0.8888890147
44483  -45.406  -26.553  26.152 1.0000000000
43584  -45.452  -27.140  26.034 1.0000000000
113322  -44.545  -26.715  26.532 1.0000000000
107208  -47.756  -28.337  23.195 0.8888890147
42765  -47.228  -28.732  21.677 0.6666669846
107212  -45.624  -25.890  25.987 1.0000000000
115249  -46.969  -27.115  24.338 1.0000000000
43617  -47.506  -27.739  23.100 0.7777780294
46111  -45.383  -24.037  25.772 1.0000000000
108559  -46.452  -25.249  23.619 1.0000000000
42778  -46.269  -28.146  21.006 0.6666669846
43674  -44.918  -27.774  17.043 0.2222220004
45365  -49.508  -25.904  17.803 0.5555559993
110071  -49.028  -26.891  16.494 0.3333329856
46971  -45.065  -22.850  25.145 1.0000000000
105704  -45.958  -23.303  23.848 1.0000000000
45367  -51.075  -25.913  17.298 0.6666669846
48666  -45.863  -21.692  23.554 1.0000000000
47061  -50.119  -23.233  19.593 1.0000000000
45402  -52.212  -25.491  14.872 0.5555559993
45387  -51.779  -25.493  15.773 0.6666669846
49497  -44.727  -21.243  23.576 1.0000000000
47910  -50.554  -21.624  16.403 1.0000000000
45429  -50.794  -25.465  13.235 0.2222220004
45403  -52.200  -25.045  14.227 0.4444440007
46242  -51.296  -25.089  12.517 0.3333329856
46226  -52.315  -24.472  13.690 0.3333329856
108595  -51.815  -24.735  11.892 0.2222220004
46275  -52.460  -24.635  9.847 0.2222220004
114666  -52.515  -23.138  12.939 0.5555559993
112374  -52.640  -23.569  11.525 0.2222220004
47957  -52.606  -22.864  11.426 0.5555559993
48767  -52.302  -21.377  12.531 0.6666669846
115790  -47.601  -20.568  20.659 0.8888890147
50427  -49.896  -19.161  16.882 0.8888890147
50460  -51.465  -18.983  15.210 1.0000000000
50476  -52.121  -19.272  13.551 0.8888890147
99888  -52.297  -19.985  12.169 0.6666669846
49640  -52.028  -20.492  11.733 0.6666669846
48798  -51.440  -21.635  10.487 0.5555559993
51305  -51.277  -18.275  15.071 1.0000000000
107303  -52.520  -18.424  12.896 0.8888890147
52086  -51.543  -17.061  14.056 0.8888890147
49639  -51.301  -19.869  11.354 0.7777780294
50505  -51.817  -18.980  11.698 0.7777780294
52113  -52.564  -17.346  12.671 0.7777780294
52857  -52.476  -16.146  13.241 0.7777780294
53607  -52.563  -15.691  12.782 0.6666669846
53614  -50.660  -15.072  10.316 0.3333329856
55148  -51.410  -12.757  11.943 0.3333329856
54359  -49.226  -13.782  11.638 0.4444440007
55982  -48.135  -12.126  11.486 0.4444440007
56832  -48.941  -11.161  11.385 0.5555559993
55981  -47.077  -11.729  11.264 0.4444440007
56005  -49.047  -12.161  7.313 0.3333329856
56874  -53.261  -11.606  6.210 0.2222220004
56016  -52.636  -11.911  6.639 0.2222220004
56873  -52.496  -11.146  6.530 0.2222220004
58524  -48.599  -8.743  11.777 0.2222220004
59345  -51.045  -7.932  8.741 0.3333329856
60156  -50.160  -6.764  10.097 0.2222220004
59358  -50.814  -8.098  7.503 0.3333329856
101190  -49.756  -8.755  1.835 0.2222220004
104290  -49.416  -6.574  10.032 0.2222220004
96190  -48.934  -5.953  8.610 0.1111110002
61056  -53.769  -5.608  2.055 0.2222220004
61046  -51.675  -5.918  3.300 0.2222220004
62725  -53.765  -3.852  1.616 0.2222220004
63508  -51.166  -3.022  3.757 0.2222220004
62732  -53.237  -3.842  1.431 0.2222220004
36696  -39.389  -34.978  26.518 0.1111110002
37572  -40.391  -34.213  27.467 0.3333329856
36707  -40.000  -35.324  25.745 0.1111110002
36708  -40.842  -35.465  25.780 0.1111110002
36698  -40.802  -35.133  26.291 0.2222220004
37583  -40.836  -34.759  26.761 0.5555559993
37584  -41.456  -34.642  26.503 0.5555559993
36717  -40.672  -35.804  25.099 0.1111110002
106929  -41.227  -35.461  25.739 0.2222220004
36699  -41.267  -35.167  26.066 0.2222220004
37569  -37.936  -34.422  27.862 0.4444440007
36692  -37.149  -34.891  26.969 0.4444440007
37580  -38.544  -34.693  27.114 0.4444440007
36706  -38.746  -35.241  25.538 0.2222220004
36715  -38.072  -35.630  24.652 0.1111110002
35888  -38.868  -35.845  23.997 0.1111110002
35889  -40.214  -35.858  24.203 0.1111110002
114111  -40.756  -36.217  23.701 0.1111110002
35891  -41.794  -36.158  24.430 0.1111110002
35903  -38.477  -36.485  23.306 0.1111110002
35920  -39.487  -36.512  22.780 0.1111110002
35905  -41.425  -36.504  23.506 0.1111110002
35165  -37.747  -37.140  20.837 0.1111110002
35919  -38.153  -37.014  22.266 0.1111110002
35933  -40.323  -36.596  22.190 0.1111110002
97532  -36.612  -35.475  25.992 0.2222220004
35876  -36.199  -36.437  25.288 0.2222220004
36705  -37.329  -35.489  25.297 0.2222220004
100901  -36.489  -36.883  24.497 0.2222220004
35887  -37.406  -36.259  23.945 0.1111110002
35110  -37.063  -37.476  23.238 0.1111110002
35918  -37.866  -37.071  22.944 0.1111110002
97167  -36.258  -37.495  21.313 0.1111110002
35129  -37.359  -37.361  22.526 0.1111110002
35147  -37.584  -37.199  21.697 0.1111110002
24519  -12.703  -49.955  31.383 0.3333329856
36679  -34.580  -35.004  29.230 0.7777780294
36684  -35.814  -34.978  28.162 0.4444440007
35868  -35.774  -36.405  26.227 0.2222220004
35083  -36.114  -37.783  25.254 0.2222220004
39312  -37.057  -31.875  26.335 0.5555559993
40214  -37.877  -31.781  26.101 0.5555559993
35095  -36.479  -37.932  24.498 0.1111110002
39343  -36.682  -32.716  24.778 0.3333329856
39326  -37.269  -32.352  25.409 0.5555559993
39327  -38.047  -32.265  25.211 0.5555559993
40215  -38.519  -31.701  25.814 0.5555559993
35145  -35.949  -37.646  21.983 0.1111110002
35128  -36.536  -37.791  22.885 0.1111110002
35146  -36.789  -37.438  21.924 0.1111110002
24512  -11.292  -48.978  32.679 0.2222220004
24518  -11.892  -49.502  32.385 0.3333329856
25353  -10.399  -48.698  31.195 0.1111110002
25365  -11.156  -48.218  30.141 0.1111110002
26245  -11.704  -47.494  30.720 0.1111110002
35852  -34.533  -36.747  28.412 0.3333329856
101528  -35.020  -37.554  27.901 0.2222220004
113592  -35.457  -35.746  27.731 0.2222220004
35867  -35.458  -37.341  26.959 0.2222220004
36690  -35.564  -36.156  27.042 0.2222220004
112346  -35.856  -38.112  25.865 0.2222220004
35073  -35.789  -37.486  25.980 0.2222220004
40199  -34.738  -31.730  27.383 0.5555559993
41059  -41.420  -30.099  26.207 0.6666669846
34345  -35.884  -38.499  25.722 0.2222220004
108239  -34.799  -31.959  25.611 0.4444440007
39310  -35.178  -31.794  26.487 0.4444440007
40217  -40.153  -30.835  25.787 0.5555559993
41058  -40.863  -30.416  26.293 0.5555559993
34371  -36.110  -38.852  24.583 0.2222220004
34357  -36.245  -38.521  25.000 0.2222220004
39361  -34.673  -32.717  23.848 0.3333329856
39342  -35.770  -32.508  24.910 0.4444440007
38442  -36.954  -33.097  24.049 0.3333329856
39345  -38.305  -32.564  24.393 0.3333329856
40223  -38.780  -31.961  25.050 0.4444440007
40225  -40.204  -31.000  24.619 0.5555559993
40236  -40.458  -31.310  23.670 0.5555559993
35127  -35.588  -37.954  22.729 0.1111110002
35108  -36.087  -38.424  23.717 0.1111110002
38451  -34.112  -32.921  23.076 0.2222220004
38440  -35.410  -32.746  24.253 0.2222220004
38453  -36.390  -33.293  23.492 0.2222220004
39362  -37.768  -32.998  23.816 0.3333329856
39364  -39.414  -32.404  23.141 0.3333329856
40235  -39.763  -31.703  23.923 0.3333329856
35144  -35.033  -37.629  21.947 0.1111110002
38466  -35.843  -33.432  22.929 0.2222220004
38468  -37.380  -33.411  22.510 0.1111110002
39363  -38.563  -32.766  23.527 0.1111110002
39380  -39.439  -32.698  22.125 0.1111110002
25355  -13.334  -49.237  31.409 0.3333329856
25356  -14.077  -48.565  31.545 0.3333329856
24513  -12.060  -48.785  32.577 0.2222220004
24514  -12.704  -49.027  32.234 0.3333329856
24521  -13.906  -49.419  30.450 0.3333329856
24524  -14.567  -49.487  29.549 0.3333329856
25366  -14.557  -48.789  30.425 0.3333329856
25342  -11.154  -48.473  32.499 0.2222220004
25346  -10.616  -48.555  32.158 0.2222220004
25354  -11.073  -47.948  31.513 0.2222220004
26269  -12.234  -47.401  28.987 0.1111110002
35851  -33.983  -36.904  28.764 0.5555559993
35061  -35.247  -38.332  27.343 0.2222220004
41894  -42.827  -29.159  26.613 0.8888890147
33587  -35.423  -39.331  25.908 0.1111110002
34344  -35.542  -38.917  26.202 0.2222220004
39309  -34.089  -31.839  26.276 0.4444440007
41893  -42.060  -29.561  26.149 0.7777780294
41895  -43.395  -28.717  26.631 0.8888890147
33602  -34.915  -39.450  25.403 0.1111110002
34356  -35.934  -39.043  25.418 0.2222220004
39340  -34.005  -32.233  24.490 0.3333329856
41075  -41.545  -30.288  23.905 0.5555559993
34354  -34.390  -38.878  24.447 0.1111110002
39378  -33.080  -32.581  23.186 0.1111110002
39360  -33.634  -32.413  23.862 0.2222220004
41065  -40.808  -30.486  25.355 0.5555559993
40226  -40.906  -30.660  24.304 0.5555559993
35106  -34.004  -37.999  23.157 0.1111110002
35107  -35.029  -38.226  23.314 0.1111110002
38464  -33.647  -33.131  22.343 0.1111110002
39381  -40.096  -32.201  22.410 0.1111110002
40248  -40.734  -31.646  22.722 0.2222220004
35125  -33.571  -37.647  22.500 0.1111110002
102617  -35.340  -33.471  22.297 0.1111110002
102672  -36.149  -33.527  22.222 0.1111110002
38484  -37.416  -33.429  21.640 0.1111110002
38470  -38.800  -33.045  21.903 0.1111110002
110487  -40.664  -32.003  21.951 0.1111110002
110063  -34.076  -33.419  21.670 0.1111110002
38482  -35.709  -33.536  21.582 0.1111110002
102671  -36.957  -33.452  20.911 0.1111110002
38485  -38.319  -33.174  21.265 0.1111110002
38486  -39.228  -32.837  21.270 0.1111110002
38481  -34.865  -33.505  21.627 0.1111110002
102188  -35.257  -33.542  20.902 0.1111110002
102187  -36.123  -33.522  20.873 0.1111110002
106725  -37.642  -33.330  20.910 0.1111110002
38498  -38.080  -33.169  20.431 0.1111110002
35995  -30.770  -36.758  17.925 0.1111110002
25344  -12.695  -48.208  32.536 0.2222220004
25348  -13.424  -48.455  32.205 0.3333329856
25343  -11.793  -48.302  32.620 0.2222220004
25347  -11.195  -47.981  32.249 0.2222220004
26246  -12.254  -47.012  30.931 0.1111110002
27124  -12.720  -46.764  31.553 0.1111110002
26257  -12.258  -47.162  29.995 0.2222220004
112025  -12.668  -46.864  29.427 0.1111110002
97017  -19.259  -47.535  25.238 0.3333329856
35051  -34.067  -37.775  28.631 0.4444440007
35844  -33.415  -37.050  28.932 0.6666669846
103924  -33.543  -36.212  29.086 0.6666669846
26310  -21.193  -48.012  24.696 0.2222220004
33558  -34.516  -39.697  27.483 0.1111110002
34317  -34.402  -38.457  28.325 0.3333329856
25419  -22.074  -48.254  24.164 0.2222220004
25405  -22.518  -48.376  25.015 0.2222220004
33559  -34.958  -39.304  27.224 0.1111110002
34329  -35.022  -38.855  27.508 0.2222220004
25434  -23.101  -47.919  23.873 0.1111110002
33586  -34.953  -39.735  26.247 0.1111110002
34338  -35.275  -38.909  26.918 0.2222220004
41900  -42.444  -29.067  25.440 0.7777780294
25435  -23.331  -47.675  24.132 0.1111110002
33601  -33.804  -39.410  25.121 0.1111110002
39321  -32.689  -32.172  25.633 0.4444440007
41067  -41.980  -29.641  24.609 0.5555559993
42697  -43.836  -28.138  26.582 0.8888890147
109441  -32.960  -32.250  23.940 0.2222220004
35105  -33.061  -37.889  23.078 0.1111110002
40237  -41.148  -30.955  23.332 0.1111110002
30024  -24.372  -43.529  22.499 0.1111110002
30025  -25.411  -43.112  22.653 0.1111110002
34367  -31.871  -38.402  23.496 0.1111110002
35104  -32.197  -37.862  22.996 0.1111110002
112151  -41.136  -31.672  22.012 0.1111110002
31046  -24.893  -42.966  22.052 0.1111110002
31064  -25.388  -42.527  21.251 0.1111110002
35123  -31.793  -37.622  22.266 0.1111110002
35124  -32.651  -37.572  22.405 0.1111110002
40260  -41.058  -31.889  21.296 0.1111110002
31065  -26.437  -42.480  21.329 0.1111110002
97527  -30.611  -37.859  21.287 0.1111110002
114299  -33.814  -33.476  21.227 0.1111110002
38480  -34.351  -33.540  20.925 0.1111110002
38499  -38.827  -32.903  20.499 0.1111110002
39405  -40.449  -32.268  20.397 0.1111110002
100491  -25.868  -42.315  20.507 0.1111110002
35159  -30.782  -37.394  20.578 0.1111110002
97675  -34.853  -33.573  20.296 0.1111110002
97674  -35.671  -33.540  20.093 0.1111110002
38515  -38.441  -32.946  19.796 0.1111110002
39404  -39.679  -32.609  20.459 0.1111110002
31095  -27.318  -42.266  19.482 0.1111110002
99373  -30.211  -37.499  20.005 0.1111110002
38497  -37.377  -33.344  20.286 0.1111110002
98877  -37.812  -33.190  19.807 0.1111110002
103148  -29.127  -38.091  18.976 0.1111110002
101264  -30.119  -37.194  19.240 0.1111110002
107998  -28.015  -42.180  18.803 0.1111110002
31105  -28.129  -41.982  18.102 0.1111110002
34416  -28.577  -38.754  17.795 0.1111110002
34409  -28.898  -38.025  18.296 0.1111110002
35190  -30.018  -37.081  18.336 0.1111110002
35203  -29.865  -36.998  17.241 0.1111110002
102040  -28.386  -41.786  17.361 0.1111110002
115448  -28.512  -39.184  17.087 0.1111110002
104220  -28.652  -38.467  16.953 0.1111110002
32834  -28.719  -40.618  16.739 0.1111110002
99399  -28.916  -39.838  16.402 0.1111110002
25349  -14.083  -47.884  32.385 0.3333329856
26231  -11.863  -47.378  31.931 0.2222220004
27102  -12.743  -47.037  32.323 0.1111110002
27125  -13.474  -46.363  31.085 0.2222220004
27134  -12.887  -46.648  30.313 0.2222220004
27135  -13.686  -46.207  29.991 0.2222220004
27126  -14.196  -46.000  30.666 0.1111110002
103753  -13.241  -46.459  29.274 0.1111110002
26292  -18.972  -47.428  26.246 0.3333329856
26300  -20.093  -47.493  24.926 0.2222220004
115408  -20.733  -47.781  25.532 0.2222220004
33550  -34.320  -39.322  28.140 0.3333329856
34309  -33.907  -38.256  28.676 0.4444440007
98253  -34.362  -40.137  27.137 0.1111110002
25420  -23.068  -48.241  24.351 0.1111110002
32771  -32.268  -40.158  25.330 0.2222220004
32763  -33.819  -40.429  26.221 0.2222220004
42709  -42.910  -28.541  26.083 0.8888890147
42710  -43.315  -27.962  26.345 0.8888890147
33600  -32.708  -39.396  24.935 0.1111110002
39338  -31.908  -32.454  24.531 0.3333329856
41910  -42.425  -29.307  23.978 0.4444440007
43583  -43.578  -27.250  26.414 0.8888890147
33599  -31.784  -39.642  24.586 0.1111110002
109468  -32.238  -38.830  24.196 0.1111110002
112280  -31.808  -32.885  24.877 0.2222220004
39359  -32.308  -32.270  23.926 0.2222220004
41076  -42.121  -29.977  23.404 0.4444440007
41922  -42.489  -29.631  22.738 0.3333329856
31033  -27.954  -42.906  23.079 0.1111110002
33615  -31.471  -39.168  23.875 0.1111110002
39358  -31.489  -32.508  23.699 0.1111110002
39377  -32.065  -32.490  23.050 0.1111110002
41094  -41.979  -30.781  22.121 0.1111110002
31047  -25.784  -42.780  22.103 0.1111110002
111367  -27.469  -42.761  22.487 0.1111110002
31049  -28.425  -42.664  22.132 0.1111110002
33614  -30.907  -39.587  23.333 0.1111110002
114093  -31.289  -38.772  23.279 0.1111110002
38463  -32.765  -32.908  22.295 0.1111110002
101425  -42.124  -30.851  21.274 0.1111110002
41095  -42.376  -30.243  21.865 0.1111110002
31048  -26.662  -42.743  22.296 0.1111110002
103208  -27.413  -42.583  21.730 0.1111110002
31066  -28.237  -42.518  21.122 0.1111110002
33628  -30.501  -39.381  22.046 0.1111110002
34383  -31.475  -38.145  22.838 0.1111110002
39391  -31.884  -32.743  22.189 0.1111110002
38479  -32.500  -33.108  21.623 0.1111110002
40268  -41.691  -31.446  20.832 0.1111110002
110811  -27.337  -42.426  20.981 0.1111110002
31086  -28.978  -42.347  20.388 0.1111110002
33627  -30.242  -39.584  21.351 0.1111110002
114165  -30.628  -38.684  22.145 0.1111110002
35141  -30.930  -38.017  22.106 0.1111110002
38496  -33.549  -33.516  20.757 0.1111110002
40267  -41.075  -31.857  20.512 0.1111110002
31085  -27.887  -42.343  20.309 0.1111110002
107572  -29.504  -42.026  20.219 0.1111110002
34397  -30.154  -37.997  20.654 0.1111110002
39416  -40.035  -32.383  19.553 0.1111110002
40273  -40.807  -31.897  19.737 0.1111110002
107492  -28.409  -42.170  19.607 0.1111110002
31985  -29.354  -41.453  19.770 0.1111110002
32800  -29.740  -40.600  20.167 0.1111110002
34396  -29.710  -38.629  20.203 0.1111110002
39415  -39.192  -32.691  19.746 0.1111110002
31996  -28.638  -41.722  19.051 0.1111110002
32812  -29.247  -40.457  19.456 0.1111110002
34403  -29.225  -38.700  19.446 0.1111110002
38510  -34.085  -33.625  19.975 0.1111110002
38512  -36.283  -33.477  19.571 0.1111110002
38513  -37.104  -33.335  19.459 0.1111110002
38514  -38.006  -33.045  19.061 0.1111110002
32811  -28.887  -41.015  18.909 0.1111110002
33641  -28.969  -39.525  19.156 0.1111110002
34408  -28.806  -38.715  18.713 0.1111110002
38511  -34.938  -33.578  19.585 0.1111110002
32002  -28.438  -41.327  18.114 0.1111110002
32822  -28.550  -40.464  18.182 0.1111110002
33650  -28.625  -39.538  18.402 0.1111110002
32829  -28.490  -40.756  17.278 0.1111110002
104443  -28.596  -39.867  16.912 0.1111110002
25345  -13.507  -47.781  32.466 0.2222220004
26220  -14.159  -47.234  32.717 0.2222220004
26218  -12.246  -47.628  32.516 0.2222220004
26219  -13.109  -47.409  32.528 0.2222220004
27103  -13.436  -46.954  32.575 0.2222220004
27117  -13.371  -46.623  32.146 0.2222220004
27118  -14.071  -46.223  31.806 0.3333329856
27987  -14.914  -45.741  30.197 0.1111110002
27999  -14.021  -45.941  28.969 0.1111110002
42723  -42.714  -28.649  24.671 0.4444440007
42724  -42.957  -27.971  25.298 0.7777780294
43596  -43.096  -27.251  25.772 0.7777780294
43564  -44.184  -27.132  26.586 0.8888890147
32778  -31.002  -40.038  24.049 0.2222220004
37591  -30.931  -34.562  25.321 0.1111110002
38416  -31.308  -33.918  25.304 0.2222220004
38430  -31.641  -33.310  25.262 0.2222220004
42739  -42.715  -28.853  23.420 0.4444440007
42740  -42.905  -28.116  23.975 0.7777780294
45279  -43.919  -25.627  26.532 0.8888890147
96646  -30.657  -40.594  23.244 0.2222220004
37599  -30.914  -34.078  24.707 0.1111110002
101785  -31.375  -33.360  24.750 0.1111110002
39337  -31.339  -32.901  24.111 0.1111110002
42752  -42.718  -28.841  22.392 0.1111110002
42753  -42.842  -28.252  22.995 0.3333329856
99215  -43.069  -26.548  22.828 0.4444440007
31050  -29.446  -42.514  22.158 0.1111110002
32785  -30.660  -41.120  22.331 0.2222220004
33621  -30.619  -40.035  22.586 0.1111110002
38439  -31.062  -33.435  24.197 0.1111110002
42764  -42.635  -28.572  21.405 0.1111110002
43626  -42.915  -26.977  22.095 0.3333329856
31067  -29.221  -42.498  21.325 0.1111110002
31068  -30.054  -42.191  21.624 0.1111110002
31970  -30.437  -41.461  21.453 0.1111110002
39357  -30.827  -32.769  23.310 0.1111110002
39376  -31.172  -32.550  22.874 0.1111110002
107383  -42.439  -29.212  20.790 0.1111110002
115939  -42.706  -27.966  21.439 0.2222220004
31087  -29.729  -42.198  20.815 0.1111110002
114540  -30.159  -41.956  21.046 0.1111110002
32793  -30.527  -40.420  21.761 0.1111110002
39390  -31.009  -32.658  21.984 0.1111110002
31969  -29.960  -41.574  20.589 0.1111110002
32792  -30.219  -40.595  20.941 0.1111110002
38478  -31.819  -32.998  21.347 0.1111110002
33634  -29.894  -39.636  20.590 0.1111110002
38530  -36.372  -33.426  18.872 0.1111110002
102384  -14.076  -46.779  32.599 0.3333329856
27958  -14.790  -46.346  32.390 0.2222220004
27960  -16.309  -46.757  33.391 0.3333329856
27972  -15.555  -45.859  31.878 0.2222220004
27988  -15.607  -45.686  30.701 0.1111110002
27979  -22.146  -45.510  31.785 0.1111110002
27971  -14.839  -45.874  31.273 0.1111110002
35849  -31.541  -36.933  28.092 0.3333329856
98897  -43.019  -26.556  25.227 0.7777780294
44482  -43.689  -26.334  26.425 0.8888890147
103707  -30.748  -35.852  26.184 0.1111110002
36695  -31.093  -35.328  26.375 0.2222220004
45294  -43.618  -25.320  26.298 0.7777780294
46097  -43.926  -24.798  26.521 0.7777780294
46955  -44.192  -23.279  26.059 0.8888890147
35875  -30.364  -36.066  25.723 0.1111110002
36704  -30.701  -35.276  25.631 0.1111110002
43605  -42.981  -27.298  24.551 0.6666669846
101959  -43.009  -25.748  24.891 0.7777780294
37590  -30.599  -34.824  25.022 0.1111110002
45325  -43.282  -25.065  22.330 0.4444440007
110733  -16.332  -46.030  32.472 0.1111110002
27973  -17.122  -45.794  31.806 0.1111110002
27990  -17.868  -45.623  31.180 0.1111110002
27975  -18.698  -45.857  31.951 0.1111110002
100895  -16.346  -45.700  31.229 0.1111110002
27992  -19.468  -45.560  31.128 0.1111110002
28950  -29.746  -44.195  29.764 0.5555559993
34305  -31.494  -38.714  29.168 0.4444440007
35049  -31.510  -37.629  28.215 0.4444440007
33538  -31.146  -39.597  29.594 0.4444440007
33557  -30.579  -39.098  27.885 0.3333329856
33548  -30.825  -39.308  28.868 0.3333329856
35858  -31.081  -36.696  27.317 0.2222220004
36688  -30.980  -36.008  26.907 0.2222220004
46954  -43.815  -23.400  26.035 0.7777780294
34326  -30.233  -38.899  26.910 0.2222220004
35060  -30.789  -37.229  26.961 0.2222220004
35866  -30.660  -36.534  26.466 0.1111110002
45303  -43.240  -25.005  25.670 0.7777780294
46970  -43.648  -22.949  25.251 0.8888890147
34337  -30.418  -37.967  26.590 0.1111110002
107866  -43.092  -24.862  24.550 0.7777780294
46137  -43.212  -23.998  24.052 0.7777780294
108236  -23.890  -45.372  31.930 0.5555559993
28928  -25.457  -44.570  31.258 0.5555559993
29934  -24.896  -43.609  30.975 0.5555559993
29927  -25.433  -43.960  31.322 0.5555559993
28937  -26.162  -44.011  31.223 0.5555559993
31886  -29.788  -42.084  30.322 0.5555559993
32705  -29.850  -40.766  29.762 0.3333329856
31899  -30.274  -41.209  30.173 0.4444440007
32696  -31.108  -40.854  30.096 0.4444440007
48653  -44.487  -22.039  24.569 0.8888890147
32719  -29.477  -40.456  28.878 0.3333329856
32720  -30.360  -40.078  29.323 0.4444440007
48652  -43.904  -22.228  24.577 0.8888890147
33556  -29.744  -39.654  27.335 0.2222220004
33547  -29.992  -39.848  28.347 0.3333329856
47815  -44.731  -22.423  24.875 0.8888890147
33569  -29.510  -39.394  26.554 0.1111110002
33583  -29.699  -38.677  26.076 0.1111110002
29935  -25.796  -43.366  30.994 0.6666669846
112444  -26.583  -43.500  31.111 0.6666669846
30971  -27.238  -43.171  31.031 0.6666669846
30973  -29.788  -42.970  30.261 0.5555559993
31885  -28.959  -41.901  30.445 0.4444440007
48664  -44.157  -21.729  24.212 0.8888890147
47825  -43.485  -22.564  23.775 0.7777780294
46989  -43.296  -22.768  23.516 0.6666669846
48675  -43.735  -21.665  23.482 0.7777780294
48663  -43.650  -22.164  24.046 0.7777780294
49508  -43.652  -21.425  22.686 0.7777780294
48673  -42.933  -22.424  22.280 0.5555559993
48686  -42.533  -22.079  21.889 0.6666669846
47037  -40.504  -22.671  20.885 0.5555559993
48687  -43.142  -21.616  21.991 0.6666669846
48688  -44.217  -21.072  22.019 0.7777780294
48689  -46.283  -20.607  22.229 0.8888890147
48704  -46.541  -20.645  21.430 0.7777780294
48701  -42.341  -21.781  21.268 0.6666669846
48716  -41.472  -21.806  20.648 0.6666669846
47855  -40.806  -22.131  20.871 0.5555559993
47969  -52.294  -22.596  10.378 0.4444440007
48702  -43.348  -21.436  21.118 0.6666669846
48703  -44.502  -21.232  20.863 0.6666669846
47861  -40.612  -21.913  20.174 0.5555559993
48813  -50.976  -21.982  9.733 0.4444440007
47984  -51.994  -22.793  9.533 0.4444440007
101435  -45.656  -21.166  20.586 0.6666669846
48717  -42.499  -21.626  20.346 0.6666669846
47871  -40.716  -21.924  19.132 0.4444440007
47870  -39.642  -22.481  18.921 0.3333329856
47882  -38.758  -22.622  17.642 0.2222220004
48786  -52.377  -22.212  11.201 0.4444440007
48797  -50.212  -21.236  10.166 0.5555559993
48811  -48.903  -21.367  9.207 0.4444440007
109787  -49.468  -21.985  8.812 0.6666669846
98074  -46.807  -20.910  20.416 0.6666669846
48718  -43.674  -21.584  20.026 0.6666669846
47862  -42.901  -21.721  19.296 0.6666669846
98475  -41.531  -21.879  18.198 0.4444440007
47884  -40.561  -22.004  18.163 0.3333329856
47883  -39.504  -22.269  17.972 0.3333329856
47074  -37.925  -22.849  16.378 0.1111110002
49679  -48.155  -20.914  8.805 0.4444440007
49678  -47.667  -20.270  8.213 0.3333329856
114627  -51.043  -17.198  11.001 0.5555559993
51343  -48.424  -18.626  9.149 0.4444440007
52129  -49.339  -17.530  9.763 0.4444440007
50548  -47.563  -19.580  7.591 0.4444440007
51350  -47.826  -18.887  7.877 0.4444440007
47863  -44.042  -21.850  19.007 0.6666669846
47873  -43.363  -22.002  18.327 0.6666669846
47893  -39.476  -22.061  17.069 0.3333329856
108392  -38.625  -22.349  16.670 0.1111110002
49654  -49.670  -20.403  10.366 0.6666669846
49668  -48.579  -20.512  9.428 0.6666669846
49669  -49.286  -20.944  9.812 0.6666669846
50518  -49.278  -19.553  10.298 0.4444440007
51336  -49.925  -18.798  10.617 0.6666669846
52120  -50.662  -18.021  10.952 0.6666669846
50538  -48.038  -19.930  8.872 0.4444440007
50528  -48.556  -19.498  9.544 0.4444440007
51344  -49.039  -18.539  9.919 0.4444440007
100093  -49.821  -18.006  10.337 0.4444440007
52111  -51.708  -16.728  11.479 0.7777780294
50537  -47.777  -19.501  8.258 0.4444440007
99884  -48.108  -19.081  8.665 0.4444440007
50556  -47.438  -19.603  6.752 0.4444440007
48728  -45.869  -21.611  19.557 0.6666669846
48729  -47.513  -20.881  19.081 0.6666669846
47864  -45.071  -22.077  18.842 0.6666669846
47885  -42.641  -22.072  17.644 0.4444440007
110011  -41.603  -21.952  17.557 0.3333329856
47894  -40.828  -21.978  17.137 0.3333329856
113569  -39.562  -21.897  16.270 0.1111110002
47903  -38.212  -22.347  15.863 0.1111110002
110425  -50.222  -19.690  10.815 0.6666669846
50504  -50.831  -18.966  11.202 0.6666669846
101168  -51.107  -16.121  13.793 0.5555559993
52852  -51.687  -15.769  13.667 0.5555559993
111146  -48.955  -20.219  9.995 0.6666669846
52856  -49.981  -15.817  12.987 0.5555559993
52869  -48.358  -16.581  11.035 0.4444440007
110361  -49.328  -16.133  12.338 0.4444440007
52127  -47.257  -17.799  10.092 0.3333329856
52118  -47.741  -17.218  10.579 0.3333329856
51342  -46.595  -18.335  9.110 0.3333329856
52126  -46.979  -17.680  9.388 0.3333329856
52876  -47.397  -17.067  9.743 0.3333329856
52868  -47.778  -16.222  10.131 0.4444440007
51349  -46.002  -18.295  8.420 0.3333329856
52875  -46.925  -16.894  9.133 0.3333329856
53613  -48.459  -15.569  10.738 0.4444440007
53604  -49.044  -14.937  11.454 0.5555559993
52143  -45.304  -17.757  7.812 0.2222220004
52136  -46.516  -17.530  8.765 0.3333329856
52883  -46.258  -16.587  8.689 0.3333329856
113093  -47.243  -16.362  9.492 0.3333329856
52882  -45.521  -16.301  8.389 0.3333329856
104780  -44.922  -16.594  7.887 0.2222220004
47875  -46.044  -22.052  18.515 0.6666669846
100670  -45.203  -22.392  18.097 0.6666669846
47886  -43.840  -22.456  17.508 0.6666669846
49574  -48.158  -20.237  18.767 0.7777780294
47895  -42.269  -22.138  16.818 0.2222220004
106241  -40.573  -21.893  16.237 0.2222220004
52102  -48.671  -17.280  12.731 0.5555559993
52093  -49.463  -17.271  13.760 0.6666669846
52110  -48.009  -17.393  11.655 0.4444440007
52850  -49.439  -16.631  12.958 0.5555559993
51335  -47.370  -17.941  10.948 0.3333329856
52861  -48.789  -16.700  12.008 0.4444440007
114888  -46.870  -18.252  9.710 0.3333329856
54368  -47.568  -13.998  10.470 0.3333329856
53612  -47.756  -15.069  10.176 0.4444440007
54369  -48.430  -14.474  10.846 0.4444440007
107967  -46.692  -16.003  9.098 0.3333329856
53632  -45.757  -15.561  8.761 0.3333329856
53623  -47.171  -15.544  9.610 0.3333329856
53631  -44.955  -15.609  8.272 0.2222220004
48735  -47.344  -20.961  17.981 0.6666669846
47876  -46.585  -21.974  17.688 0.6666669846
47887  -44.806  -22.641  17.480 0.6666669846
47888  -45.732  -22.474  17.549 0.6666669846
49575  -48.818  -19.936  18.386 0.7777780294
98290  -48.040  -19.986  17.884 0.7777780294
97671  -43.361  -22.521  16.766 0.3333329856
52085  -50.665  -17.404  14.659 0.7777780294
52094  -50.510  -17.026  14.355 0.7777780294
50503  -46.054  -19.100  11.655 0.3333329856
51325  -46.752  -18.519  11.276 0.3333329856
51326  -47.322  -18.108  11.845 0.4444440007
51319  -47.902  -17.873  12.557 0.5555559993
51334  -46.860  -18.409  10.384 0.3333329856
54378  -46.863  -14.545  9.885 0.4444440007
54377  -45.990  -14.037  9.591 0.4444440007
54384  -45.549  -14.530  9.007 0.3333329856
53622  -46.341  -15.038  9.311 0.4444440007
98843  -45.115  -14.905  8.562 0.2222220004
47897  -45.307  -22.720  16.791 0.6666669846
49586  -47.382  -20.610  17.018 0.6666669846
49587  -48.810  -19.552  17.527 0.7777780294
47907  -43.923  -22.850  16.022 0.5555559993
47896  -44.348  -22.767  16.768 0.5555559993
110969  -47.930  -19.787  17.098 0.7777780294
50425  -48.281  -19.280  16.694 0.7777780294
50441  -48.769  -18.776  16.253 0.7777780294
50442  -49.733  -18.681  16.338 0.7777780294
50457  -46.603  -19.973  14.155 0.5555559993
100735  -50.222  -18.489  15.845 0.7777780294
52069  -50.415  -17.961  15.150 0.7777780294
50474  -47.252  -18.920  13.656 0.5555559993
51302  -47.931  -18.602  14.413 0.5555559993
52084  -50.367  -17.681  14.887 0.6666669846
52083  -49.786  -17.706  14.717 0.6666669846
50490  -46.301  -19.211  12.558 0.3333329856
50491  -46.957  -18.792  12.924 0.4444440007
51311  -47.780  -18.340  13.339 0.5555559993
51312  -48.534  -17.791  13.297 0.5555559993
51318  -46.742  -18.642  12.118 0.3333329856
115968  -47.319  -18.355  12.531 0.4444440007
55156  -47.258  -12.862  10.896 0.3333329856
55165  -45.824  -13.053  9.768 0.3333329856
47898  -46.173  -22.345  16.822 0.6666669846
48742  -46.812  -21.597  16.917 0.6666669846
48749  -46.318  -21.940  16.093 0.6666669846
49597  -46.825  -21.140  16.128 0.6666669846
49598  -47.382  -20.081  16.138 0.7777780294
47909  -45.645  -22.504  16.103 0.6666669846
48748  -45.768  -22.047  15.339 0.6666669846
50440  -47.860  -19.197  15.789 0.6666669846
111439  -47.096  -19.876  15.002 0.6666669846
50459  -48.355  -18.655  15.423 0.6666669846
51289  -49.207  -18.446  15.790 0.6666669846
109915  -49.905  -18.173  15.470 0.7777780294
50458  -47.613  -19.091  14.975 0.5555559993
51303  -49.042  -18.260  15.017 0.6666669846
98323  -48.778  -18.011  14.115 0.5555559993
55155  -46.361  -12.420  10.480 0.3333329856
27980  -23.056  -45.322  31.847 0.3333329856
28925  -21.895  -45.116  31.375 0.1111110002
27977  -20.371  -45.685  31.714 0.1111110002
28927  -23.785  -44.693  31.781 0.2222220004
98146  -29.384  -43.579  30.276 0.6666669846
28939  -27.859  -44.405  30.443 0.5555559993
29946  -28.744  -44.206  30.242 0.5555559993
29936  -27.927  -43.705  30.684 0.6666669846
27974  -17.841  -45.944  32.291 0.1111110002
36683  -34.171  -35.975  28.926 0.6666669846
27964  -21.464  -45.978  32.250 0.1111110002
27976  -19.584  -45.926  32.118 0.1111110002
33539  -31.725  -39.118  29.511 0.4444440007
35039  -31.997  -37.490  28.887 0.5555559993
32752  -34.343  -40.235  26.676 0.2222220004
40182  -35.233  -31.589  28.544 0.6666669846
100225  -36.033  -31.385  28.745 0.7777780294
37571  -39.715  -34.214  27.675 0.4444440007
31887  -30.739  -41.790  30.098 0.4444440007
33530  -31.468  -39.998  29.948 0.4444440007
37578  -31.221  -34.607  25.852 0.3333329856
39320  -32.275  -32.462  25.238 0.3333329856
37573  -41.101  -34.074  27.250 0.5555559993
29938  -30.198  -43.553  29.908 0.5555559993
39311  -36.151  -31.842  26.488 0.4444440007
28949  -29.048  -44.667  29.733 0.5555559993
40203  -38.750  -31.288  26.965 0.7777780294
41882  -41.991  -29.997  26.891 0.8888890147
44474  -44.251  -26.281  26.553 0.8888890147
46943  -44.030  -23.903  26.444 0.7777780294
47801  -44.419  -22.833  25.478 0.8888890147
96606  -45.454  -20.819  21.656 0.7777780294
110464  -39.959  -34.982  26.925 0.2222220004
35038  -31.752  -37.901  28.784 0.4444440007
96644  -24.930  -43.340  22.809 0.1111110002
47814  -44.084  -22.437  25.036 0.8888890147
115003  -44.280  -21.060  23.006 0.7777780294
50426  -49.261  -19.099  16.912 0.7777780294
99303  -51.594  -17.596  11.479 0.7777780294
52851  -50.344  -16.388  13.693 0.6666669846
55157  -48.371  -13.331  11.202 0.3333329856
36697  -40.281  -35.108  26.432 0.1111110002
37582  -40.235  -34.831  27.021 0.3333329856
36716  -39.473  -35.538  24.860 0.1111110002
36718  -41.416  -35.877  25.131 0.1111110002
36709  -41.605  -35.563  25.437 0.2222220004
98541  -37.968  -34.979  26.195 0.2222220004
35904  -39.761  -36.146  23.467 0.1111110002
35890  -41.316  -36.174  24.307 0.1111110002
110581  -38.609  -36.774  22.680 0.1111110002
35902  -37.439  -36.878  23.459 0.1111110002
104709  -40.562  -36.428  23.071 0.1111110002
35932  -39.051  -36.755  22.098 0.1111110002
35949  -40.196  -36.715  21.220 0.1111110002
35149  -39.351  -36.809  21.334 0.1111110002
115123  -36.101  -35.568  26.639 0.2222220004
35877  -36.929  -36.019  24.629 0.2222220004
35886  -36.745  -37.183  23.838 0.2222220004
35109  -36.557  -38.030  23.783 0.1111110002
109847  -34.948  -35.669  28.516 0.5555559993
36691  -36.076  -35.277  27.351 0.2222220004
39325  -36.426  -32.275  25.569 0.3333329856
40216  -39.301  -31.285  25.999 0.6666669846
34372  -36.370  -38.451  24.375 0.1111110002
38441  -36.134  -32.964  24.184 0.3333329856
39344  -37.515  -32.734  24.605 0.4444440007
35860  -35.167  -36.567  27.771 0.2222220004
35052  -34.466  -37.530  28.409 0.4444440007
35072  -35.580  -38.313  26.440 0.2222220004
39341  -34.848  -32.303  24.777 0.4444440007
114896  -35.255  -32.200  25.220 0.4444440007
39323  -33.951  -31.956  25.280 0.3333329856
40224  -39.521  -31.502  24.894 0.4444440007
39346  -39.052  -32.186  24.141 0.3333329856
39365  -40.086  -31.871  23.172 0.2222220004
35126  -34.547  -37.797  22.589 0.1111110002
115836  -35.579  -33.121  23.625 0.2222220004
38454  -37.196  -33.312  23.293 0.1111110002
38455  -37.986  -33.180  23.003 0.1111110002
97617  -34.117  -37.518  21.909 0.1111110002
38452  -35.007  -33.241  23.027 0.1111110002
38469  -38.129  -33.253  22.166 0.1111110002
38483  -36.537  -33.523  21.562 0.1111110002
39379  -38.739  -32.935  22.648 0.1111110002
34318  -34.800  -38.313  28.084 0.3333329856
33571  -35.188  -39.345  26.591 0.1111110002
34355  -35.516  -39.156  24.872 0.1111110002
39322  -33.268  -31.953  25.681 0.3333329856
39339  -32.874  -32.055  24.792 0.2222220004
41066  -41.387  -30.033  25.068 0.5555559993
34370  -35.364  -38.742  24.078 0.1111110002
109684  -34.446  -38.403  23.726 0.1111110002
34369  -33.577  -38.315  23.728 0.1111110002
40249  -41.441  -31.198  22.467 0.1111110002
39392  -40.193  -32.378  21.343 0.1111110002
113888  -29.512  -37.141  16.507 0.1111110002
101351  -34.299  -38.770  28.327 0.3333329856
34328  -34.703  -39.008  27.884 0.3333329856
33570  -34.778  -39.765  26.886 0.1111110002
33585  -34.284  -39.927  25.896 0.1111110002
34353  -33.179  -38.735  24.383 0.1111110002
34368  -32.649  -38.276  23.640 0.1111110002
41084  -41.779  -30.594  22.958 0.1111110002
30037  -24.105  -43.200  21.699 0.1111110002
40261  -41.646  -31.362  21.652 0.1111110002
31063  -24.518  -42.680  21.099 0.1111110002
97992  -33.287  -33.322  21.537 0.1111110002
97218  -31.430  -37.401  21.336 0.1111110002
98938  -30.408  -38.610  21.623 0.1111110002
31084  -26.807  -42.294  20.395 0.1111110002
39414  -38.743  -32.771  19.205 0.1111110002
35173  -29.619  -37.857  19.570 0.1111110002
35189  -29.467  -37.567  18.731 0.1111110002
34417  -28.792  -38.008  17.552 0.1111110002
35202  -29.288  -37.506  17.847 0.1111110002
33658  -28.487  -39.748  17.573 0.1111110002
33584  -33.298  -40.002  25.629 0.2222220004
98508  -43.244  -26.652  26.061 0.7777780294
41085  -42.200  -30.265  22.590 0.2222220004
41933  -42.574  -29.498  21.680 0.1111110002
34382  -30.817  -38.885  22.685 0.1111110002
41107  -42.365  -30.106  20.908 0.1111110002
101378  -41.978  -30.777  20.423 0.1111110002
113004  -30.070  -38.778  20.954 0.1111110002
31984  -29.089  -42.039  19.792 0.1111110002
33642  -29.451  -39.593  19.854 0.1111110002
104867  -28.826  -40.222  18.846 0.1111110002
43614  -42.813  -27.923  22.113 0.3333329856
43615  -42.984  -27.385  23.179 0.4444440007
44491  -43.061  -26.438  23.908 0.7777780294
41947  -42.205  -29.588  20.267 0.1111110002
44487  -43.209  -25.948  25.886 0.7777780294
46110  -43.675  -24.304  26.237 0.7777780294
45308  -43.106  -25.580  23.906 0.7777780294
104150  -43.159  -25.789  23.028 0.4444440007
45333  -43.167  -25.258  21.240 0.3333329856
45316  -43.206  -24.922  23.379 0.7777780294
100723  -31.190  -37.285  27.622 0.3333329856
34327  -30.915  -38.087  27.513 0.2222220004
34316  -31.245  -38.434  28.465 0.4444440007
46123  -43.356  -23.869  25.373 0.7777780294
96391  -43.339  -23.156  24.618 0.7777780294
47800  -43.940  -22.841  25.589 0.7777780294
35070  -30.053  -37.740  25.928 0.1111110002
46150  -43.177  -24.175  22.872 0.7777780294
28926  -22.780  -44.960  31.603 0.1111110002
28936  -24.707  -44.267  31.495 0.4444440007
31898  -29.371  -41.389  30.148 0.4444440007
32706  -30.761  -40.427  29.920 0.4444440007
112493  -43.822  -22.431  24.761 0.8888890147
46990  -43.453  -22.644  24.379 0.6666669846
30970  -26.510  -42.866  30.821 0.5555559993
30972  -28.951  -42.678  30.489 0.5555559993
48662  -43.394  -22.280  23.205 0.6666669846
48674  -43.176  -21.935  22.620 0.7777780294
47824  -43.181  -22.768  22.826 0.5555559993
47844  -41.378  -22.473  21.316 0.5555559993
48685  -42.215  -22.410  21.673 0.5555559993
48700  -41.631  -21.885  21.096 0.6666669846
102486  -41.630  -21.695  19.710 0.5555559993
47860  -39.938  -22.389  19.856 0.4444440007
48719  -44.813  -21.655  19.781 0.6666669846
47872  -42.132  -21.779  18.666 0.6666669846
49655  -50.691  -20.601  10.777 0.6666669846
103469  -46.766  -21.358  19.351 0.6666669846
100695  -46.875  -21.533  18.517 0.6666669846
47874  -44.390  -22.296  18.187 0.6666669846
99164  -48.937  -15.936  11.547 0.4444440007
52135  -45.783  -17.181  8.297 0.2222220004
54367  -46.533  -13.491  10.207 0.3333329856
98580  -46.699  -20.773  15.337 0.6666669846
27978  -21.325  -45.647  31.825 0.1111110002
29937  -28.620  -43.430  30.539 0.6666669846
37600  -42.532  -35.318  24.837 0.3333329856
37601  -43.218  -34.836  24.413 0.4444440007
38432  -42.948  -33.572  25.608 0.4444440007
38443  -43.251  -33.719  25.029 0.4444440007
37608  -43.491  -35.552  23.530 0.2222220004
110645  -44.105  -35.238  22.927 0.3333329856
38471  -44.593  -34.347  22.559 0.2222220004
115878  -44.321  -35.876  22.112 0.2222220004
37621  -44.670  -35.211  21.671 0.2222220004
43625  -42.782  -27.429  21.357 0.2222220004
42776  -42.455  -27.943  20.020 0.2222220004
44503  -43.112  -26.051  22.075 0.2222220004
46156  -43.106  -24.373  21.869 0.4444440007
47009  -43.139  -23.076  23.554 0.5555559993
46149  -42.893  -23.433  22.418 0.5555559993
47024  -42.135  -23.135  21.988 0.5555559993
46155  -42.590  -23.722  21.658 0.4444440007
47007  -42.278  -22.718  21.894 0.4444440007
47023  -41.172  -22.849  21.357 0.4444440007
47038  -40.496  -23.194  20.776 0.3333329856
47908  -44.822  -22.818  16.100 0.5555559993
112295  -45.197  -22.584  15.566 0.5555559993
47921  -45.060  -22.385  14.905 0.4444440007
115915  -46.351  -21.479  15.517 0.5555559993
48757  -45.490  -21.705  14.502 0.3333329856
48756  -44.796  -22.038  14.175 0.3333329856
49607  -46.438  -20.546  14.577 0.3333329856
49606  -45.869  -20.857  14.102 0.3333329856
49613  -46.103  -20.157  13.671 0.3333329856
100937  -47.157  -19.332  14.250 0.4444440007
50473  -46.578  -19.447  13.445 0.3333329856
49626  -45.872  -19.800  12.959 0.3333329856
54376  -45.423  -13.600  9.101 0.3333329856
55172  -45.165  -13.298  8.400 0.3333329856
55182  -44.976  -13.368  7.482 0.2222220004
56003  -45.390  -12.690  7.773 0.1111110002
56886  -46.002  -11.934  5.510 0.1111110002
56870  -46.528  -11.608  7.205 0.2222220004
56013  -45.911  -12.221  7.080 0.2222220004
99420  -46.430  -11.796  6.348 0.2222220004
56871  -47.094  -11.116  6.525 0.2222220004
56030  -45.857  -12.327  6.303 0.1111110002
56887  -46.745  -11.192  5.694 0.1111110002
56896  -46.160  -11.076  4.934 0.2222220004
57691  -47.495  -10.367  5.904 0.2222220004
57690  -46.758  -10.448  5.123 0.2222220004
58581  -47.226  -9.664  5.196 0.2222220004
57697  -46.227  -10.444  4.550 0.1111110002
57680  -47.637  -10.381  6.861 0.1111110002
110999  -46.865  -9.100  4.650 0.1111110002
113702  -47.901  -9.771  6.461 0.1111110002
58564  -47.830  -9.359  5.893 0.2222220004
59366  -47.913  -8.280  6.085 0.1111110002
98628  -47.458  -8.721  5.253 0.2222220004
59365  -47.644  -7.629  5.398 0.2222220004
95375  -48.001  -6.871  6.517 0.2222220004
60191  -47.431  -7.081  4.637 0.2222220004
95377  -48.676  -5.627  6.981 0.2222220004
95378  -48.478  -5.329  6.043 0.2222220004
60186  -47.887  -6.430  5.711 0.1111110002
59381  -47.081  -7.625  3.864 0.3333329856
61030  -47.769  -6.021  4.841 0.1111110002
62694  -48.934  -3.906  5.387 0.1111110002
102743  -47.374  -6.609  3.968 0.2222220004
61036  -47.784  -5.629  4.054 0.1111110002
61890  -48.343  -4.694  4.174 0.1111110002
96338  -47.677  -6.288  3.312 0.1111110002
61897  -48.239  -5.344  3.352 0.1111110002
61044  -48.107  -6.174  2.754 0.1111110002
99735  -49.308  -3.184  4.867 0.2222220004
62707  -48.874  -3.945  4.254 0.1111110002
62708  -49.935  -2.598  4.901 0.2222220004
62715  -48.722  -4.424  3.690 0.2222220004
62716  -49.266  -3.496  3.859 0.2222220004
61045  -48.701  -5.788  2.524 0.1111110002
61905  -49.500  -5.485  2.235 0.1111110002
114665  -48.946  -4.390  6.281 0.2222220004
63488  -50.551  -2.593  5.657 0.3333329856
63499  -50.813  -2.588  4.727 0.2222220004
47008  -42.869  -22.802  22.626 0.5555559993
47854  -40.190  -22.367  20.488 0.3333329856
48758  -46.125  -21.281  14.866 0.4444440007
37602  -43.913  -34.588  23.488 0.3333329856
36730  -43.853  -36.012  22.759 0.2222220004
37614  -44.456  -35.285  22.283 0.2222220004
47039  -41.660  -23.579  21.095 0.3333329856
59374  -47.046  -8.244  4.439 0.2222220004
61884  -48.267  -5.008  5.072 0.1111110002
62695  -49.919  -2.887  6.110 0.3333329856
36710  -42.044  -35.531  25.152 0.1111110002
36721  -42.826  -35.832  24.110 0.1111110002
97292  -28.028  -42.834  30.814 0.4444440007
26291  -18.385  -47.796  25.576 0.3333329856
29933  -24.033  -43.925  31.130 0.1111110002
41124  -46.662  -30.980  20.146 0.3333329856
46258  -50.968  -24.788  11.638 0.1111110002
46274  -51.064  -24.599  10.444 0.1111110002
101138  -47.650  -25.843  5.928 0.1111110002
46350  -49.241  -26.076  6.003 0.1111110002
45484  -49.442  -25.960  5.605 0.1111110002
46360  -49.337  -25.759  5.424 0.1111110002
45483  -48.563  -26.118  5.356 0.1111110002
48834  -48.140  -22.073  7.686 0.1111110002
48825  -48.665  -21.831  8.428 0.1111110002
106622  -47.388  -22.767  5.963 0.1111110002
48012  -47.644  -22.182  7.023 0.1111110002
97672  -50.898  -24.789  9.181 0.1111110002
46288  -49.118  -24.553  9.313 0.1111110002
46289  -50.386  -25.034  8.422 0.1111110002
98086  -52.113  -25.018  9.230 0.1111110002
97023  -48.233  -24.523  8.791 0.1111110002
46310  -49.378  -24.854  8.137 0.1111110002
97186  -51.720  -25.489  7.837 0.1111110002
99033  -48.295  -24.754  7.876 0.1111110002
46332  -49.740  -25.755  6.833 0.1111110002
45473  -50.759  -25.923  6.170 0.1111110002
48000  -51.447  -23.427  7.852 0.1111110002
47983  -51.277  -22.681  8.925 0.1111110002
98755  -47.395  -24.757  7.663 0.1111110002
46331  -48.314  -25.342  6.905 0.1111110002
45485  -50.228  -25.818  5.804 0.1111110002
47174  -50.458  -24.994  5.722 0.1111110002
47999  -49.899  -22.607  8.084 0.1111110002
48812  -49.979  -21.772  9.376 0.3333329856
47191  -49.807  -25.226  5.442 0.1111110002
47154  -50.218  -24.091  6.176 0.1111110002
47998  -49.120  -22.619  7.678 0.1111110002
47172  -47.999  -23.652  5.628 0.1111110002
47173  -49.318  -24.074  5.711 0.1111110002
48013  -48.885  -23.122  6.867 0.1111110002
48029  -47.964  -22.982  6.343 0.1111110002
46291  -52.730  -24.892  8.988 0.1111110002
46312  -52.197  -25.256  7.685 0.1111110002
46313  -52.662  -24.918  8.377 0.1111110002
46333  -50.897  -25.932  6.506 0.1111110002
99498  -51.678  -25.748  7.027 0.1111110002
112377  -52.650  -24.506  8.524 0.1111110002
48001  -52.289  -23.717  8.556 0.1111110002
45472  -50.208  -26.080  6.060 0.1111110002
101628  -51.930  -25.308  7.030 0.1111110002
48015  -51.739  -24.423  7.062 0.1111110002
47155  -51.192  -24.834  6.342 0.1111110002
50516  -45.416  -19.520  10.954 0.1111110002
50517  -46.192  -18.929  10.699 0.2222220004
50527  -46.386  -18.847  9.736 0.2222220004
47920  -44.311  -22.562  14.639 0.3333329856
48765  -45.197  -21.324  13.722 0.2222220004
101664  -45.513  -20.528  13.304 0.2222220004
49625  -45.249  -20.145  12.433 0.1111110002
49638  -44.897  -20.073  11.587 0.1111110002
50502  -45.446  -19.641  11.781 0.1111110002
55975  -47.874  -11.056  11.692 0.2222220004
56830  -47.915  -10.227  11.974 0.2222220004
54383  -45.004  -14.131  8.537 0.2222220004
102349  -47.553  -10.137  11.804 0.2222220004
97343  -46.025  -11.620  9.819 0.2222220004
56854  -46.201  -11.308  8.949 0.2222220004
56004  -45.862  -11.975  8.121 0.1111110002
56012  -45.380  -12.793  6.828 0.1111110002
50489  -45.756  -19.554  12.279 0.1111110002
55173  -45.547  -12.796  9.165 0.2222220004
55986  -45.889  -12.212  9.872 0.2222220004
56845  -46.429  -11.438  10.695 0.2222220004
56838  -47.243  -10.788  11.529 0.2222220004
55995  -45.720  -12.093  9.136 0.2222220004
56837  -46.935  -10.465  11.186 0.2222220004
55994  -45.482  -12.583  8.552 0.2222220004
37592  -41.794  -35.122  25.824 0.2222220004
47124  -52.736  -24.627  9.013 0.1111110002
47985  -52.592  -23.788  9.381 0.2222220004
31897  -28.520  -41.515  29.957 0.3333329856
47982  -50.401  -22.468  8.635 0.1111110002
30983  -28.207  -42.067  30.537 0.3333329856
36729  -43.117  -36.338  23.416 0.2222220004
46349  -48.212  -25.757  6.164 0.1111110002
47190  -48.869  -24.849  5.240 0.1111110002
46290  -52.422  -25.172  8.444 0.1111110002
46311  -50.844  -25.690  7.343 0.1111110002
46351  -50.881  -25.620  6.050 0.1111110002
46334  -51.262  -25.722  6.511 0.1111110002
48014  -50.541  -23.541  6.997 0.1111110002
47139  -52.428  -24.675  7.752 0.1111110002
40275  -46.194  -31.398  19.445 0.1111110002
41139  -45.084  -30.984  19.104 0.1111110002
47050  -40.201  -23.527  20.153 0.2222220004
46172  -39.753  -23.408  19.583 0.2222220004
46173  -40.800  -24.330  19.259 0.1111110002
46192  -39.509  -24.248  17.960 0.1111110002
47049  -39.869  -22.925  20.310 0.2222220004
47060  -39.300  -23.141  18.988 0.2222220004
46183  -39.666  -23.910  18.786 0.1111110002
46182  -39.019  -23.418  18.338 0.1111110002
47869  -38.933  -22.786  18.383 0.2222220004
100823  -44.497  -22.749  15.394 0.2222220004
48840  -46.987  -21.255  6.734 0.1111110002
49687  -47.284  -20.507  7.385 0.2222220004
51359  -47.784  -18.924  7.059 0.3333329856
51360  -48.113  -18.317  7.368 0.3333329856
51351  -48.199  -18.256  8.289 0.3333329856
103761  -48.307  -17.752  7.575 0.2222220004
52870  -50.406  -16.085  10.291 0.2222220004
52878  -49.599  -16.643  9.697 0.2222220004
101439  -50.118  -14.655  9.750 0.2222220004
54386  -49.440  -14.159  9.157 0.2222220004
52128  -48.826  -17.044  9.023 0.2222220004
52877  -49.027  -16.328  9.035 0.2222220004
53633  -48.827  -15.706  8.611 0.2222220004
55183  -48.693  -12.945  7.295 0.2222220004
52137  -48.404  -17.412  8.244 0.2222220004
98465  -48.480  -15.646  7.666 0.2222220004
53644  -48.493  -14.748  7.322 0.2222220004
54404  -49.122  -14.640  6.568 0.2222220004
52144  -48.480  -17.029  7.301 0.2222220004
52903  -49.199  -16.304  6.632 0.2222220004
52871  -51.066  -16.421  10.875 0.3333329856
107074  -48.732  -14.895  8.296 0.2222220004
104471  -48.753  -14.934  6.750 0.2222220004
54403  -48.747  -14.267  6.758 0.2222220004
41122  -44.788  -30.082  19.329 0.1111110002
53624  -49.714  -15.670  9.561 0.2222220004
55188  -49.209  -12.941  6.702 0.2222220004
48824  -47.768  -21.230  8.104 0.2222220004
52119  -50.266  -17.138  10.408 0.3333329856
98574  -48.593  -17.877  9.128 0.3333329856
49696  -47.031  -20.333  6.397 0.2222220004
46163  -41.083  -23.975  20.290 0.2222220004
105802  -48.472  -17.757  6.911 0.2222220004
53634  -49.345  -15.047  9.077 0.2222220004
52884  -48.480  -16.494  8.108 0.2222220004
114585  -48.816  -13.556  6.785 0.2222220004
53652  -48.658  -15.667  6.875 0.2222220004
43689  -45.353  -27.293  16.640 0.1111110002
44559  -46.497  -26.434  15.643 0.1111110002
45384  -47.258  -26.181  15.364 0.1111110002
45397  -46.587  -25.729  14.760 0.1111110002
45413  -46.389  -25.172  13.899 0.1111110002
99748  -45.868  -25.593  14.368 0.1111110002
113824  -46.916  -25.347  14.302 0.1111110002
46221  -45.893  -24.734  13.133 0.1111110002
45414  -47.232  -25.092  13.841 0.1111110002
46222  -46.788  -24.713  13.148 0.1111110002
46237  -45.465  -24.408  12.388 0.1111110002
46256  -48.395  -24.565  11.221 0.1111110002
46241  -50.228  -25.122  12.386 0.1111110002
46254  -45.064  -24.092  11.690 0.1111110002
46255  -45.924  -24.232  11.673 0.1111110002
45398  -47.561  -25.649  14.652 0.1111110002
45399  -48.750  -25.987  14.720 0.1111110002
45415  -48.183  -25.291  13.893 0.1111110002
46223  -47.732  -24.816  13.080 0.1111110002
46238  -46.346  -24.454  12.415 0.1111110002
46239  -47.275  -24.548  12.366 0.1111110002
46240  -48.323  -24.719  12.193 0.1111110002
115880  -49.250  -24.959  12.438 0.1111110002
107113  -46.862  -24.381  11.673 0.1111110002
46224  -48.718  -25.047  13.106 0.1111110002
46164  -42.210  -24.458  20.330 0.2222220004
31910  -28.063  -41.108  29.177 0.2222220004
32704  -28.939  -40.946  29.459 0.2222220004
30982  -27.239  -42.340  30.515 0.2222220004
31896  -27.639  -41.665  29.807 0.2222220004
32718  -28.621  -40.697  28.503 0.2222220004
32735  -29.197  -40.271  27.837 0.1111110002
31895  -26.719  -41.814  29.558 0.1111110002
30981  -25.732  -42.684  30.239 0.1111110002
29945  -25.108  -43.045  30.436 0.2222220004
97360  -26.375  -42.329  30.115 0.1111110002
36738  -43.308  -36.632  22.786 0.1111110002
111651  -43.890  -36.376  22.209 0.1111110002
37615  -44.935  -34.412  21.780 0.1111110002
47919  -43.078  -22.586  14.525 0.1111110002
47906  -43.556  -22.751  15.153 0.1111110002
97473  -43.676  -22.552  14.405 0.1111110002
47935  -44.076  -22.279  13.913 0.1111110002
53630  -44.600  -14.761  8.100 0.1111110002
102504  -45.809  -19.345  10.145 0.1111110002
54396  -44.686  -13.973  7.883 0.1111110002
57652  -46.424  -10.870  10.140 0.1111110002
59396  -51.683  -7.716  1.044 0.1111110002
59406  -51.405  -8.497  0.411 0.1111110002
59407  -53.215  -7.991  0.255 0.1111110002
57653  -47.062  -9.767  10.471 0.1111110002
96694  -47.752  -8.910  11.281 0.1111110002
59319  -48.391  -8.527  11.606 0.1111110002
59418  -53.940  -8.453  -0.336 0.1111110002
97109  -53.055  -8.890  -0.387 0.1111110002
57662  -46.841  -10.398  9.119 0.1111110002
59328  -48.410  -8.042  10.860 0.1111110002
59321  -49.591  -7.510  10.915 0.1111110002
59320  -48.974  -7.950  11.422 0.1111110002
60225  -52.752  -7.367  0.967 0.1111110002
59419  -54.786  -7.992  -0.491 0.1111110002
104144  -47.610  -8.855  10.288 0.1111110002
58538  -47.419  -9.429  9.202 0.1111110002
59408  -54.343  -7.489  0.232 0.1111110002
60236  -55.159  -6.883  -0.078 0.1111110002
58539  -47.921  -8.344  9.535 0.1111110002
59336  -48.690  -7.130  9.839 0.1111110002
59343  -48.512  -6.929  8.745 0.1111110002
60227  -54.746  -6.415  0.637 0.1111110002
59420  -55.494  -7.353  -0.936 0.1111110002
107133  -55.815  -6.329  -1.378 0.1111110002
111750  -48.397  -6.811  8.005 0.1111110002
61072  -55.264  -5.602  -0.035 0.1111110002
108131  -55.423  -5.006  -0.896 0.1111110002
61082  -55.762  -5.423  -1.558 0.1111110002
61073  -55.620  -5.997  -0.749 0.1111110002
60268  -56.175  -6.919  -2.955 0.1111110002
59509  -55.427  -8.521  -7.399 0.1111110002
61929  -55.538  -5.082  -1.614 0.1111110002
61937  -55.870  -5.422  -2.228 0.1111110002
106453  -56.054  -5.636  -2.792 0.1111110002
61115  -56.366  -6.388  -4.023 0.1111110002
60306  -57.394  -7.345  -6.477 0.1111110002
60311  -57.646  -6.850  -7.095 0.1111110002
60322  -57.435  -6.760  -7.702 0.1111110002
60321  -56.673  -7.160  -8.020 0.1111110002
59510  -56.506  -7.990  -7.590 0.1111110002
60319  -54.212  -7.565  -8.281 0.1111110002
60320  -55.412  -7.593  -8.071 0.1111110002
95376  -49.871  -5.035  7.662 0.2222220004
107620  -55.091  -4.744  -1.035 0.1111110002
61928  -54.288  -5.154  -1.299 0.1111110002
61095  -55.251  -5.377  -2.413 0.1111110002
61113  -55.153  -5.666  -3.764 0.1111110002
61952  -55.730  -5.480  -3.058 0.1111110002
61965  -55.741  -5.644  -3.871 0.1111110002
61114  -56.114  -5.851  -3.681 0.1111110002
61133  -56.463  -6.252  -4.814 0.1111110002
61132  -56.088  -5.875  -4.781 0.1111110002
96661  -57.058  -6.776  -5.724 0.1111110002
61145  -56.717  -6.075  -5.918 0.1111110002
61146  -57.474  -6.345  -6.613 0.1111110002
61152  -57.165  -5.561  -6.902 0.1111110002
61158  -57.068  -6.378  -8.335 0.1111110002
60336  -56.174  -6.536  -8.718 0.1111110002
60335  -54.820  -6.888  -8.696 0.1111110002
95911  -49.736  -4.518  7.343 0.1111110002
62696  -50.572  -3.053  6.347 0.2222220004
62733  -53.824  -3.972  0.843 0.1111110002
62739  -53.817  -4.437  0.102 0.1111110002
61094  -54.170  -5.891  -2.671 0.1111110002
112684  -54.907  -5.735  -3.074 0.1111110002
61131  -55.670  -5.760  -4.616 0.1111110002
98558  -55.207  -6.147  -5.410 0.1111110002
61985  -56.769  -4.980  -7.401 0.1111110002
61994  -56.902  -4.519  -8.230 0.1111110002
61170  -56.916  -5.722  -8.725 0.1111110002
60334  -53.578  -7.035  -8.701 0.1111110002
61169  -55.385  -6.069  -9.167 0.1111110002
61927  -53.600  -5.279  -0.803 0.1111110002
115903  -53.346  -5.888  -1.424 0.1111110002
61130  -54.460  -6.421  -4.596 0.1111110002
61151  -54.658  -6.036  -6.247 0.1111110002
61993  -55.992  -4.309  -7.991 0.1111110002
62801  -56.460  -4.032  -8.801 0.1111110002
62815  -56.539  -4.177  -9.051 0.1111110002
62005  -56.197  -4.291  -9.385 0.1111110002
62826  -55.456  -3.899  -9.718 0.1111110002
62004  -56.264  -5.366  -9.181 0.1111110002
103082  -53.466  -6.290  -9.224 0.1111110002
61187  -54.017  -5.301  -9.674 0.1111110002
61899  -51.023  -4.281  2.245 0.1111110002
61143  -53.966  -6.604  -5.424 0.1111110002
60305  -53.504  -6.946  -4.700 0.1111110002
61150  -53.451  -6.228  -6.113 0.1111110002
61984  -55.527  -5.213  -7.141 0.1111110002
61992  -55.003  -4.280  -7.936 0.1111110002
62814  -55.760  -3.843  -9.397 0.1111110002
61185  -51.919  -6.258  -9.273 0.1111110002
62825  -54.190  -3.398  -10.039 0.1111110002
62019  -54.670  -4.005  -9.977 0.1111110002
62018  -53.425  -4.383  -10.009 0.1111110002
61983  -54.154  -5.440  -6.964 0.1111110002
62800  -55.601  -3.685  -8.868 0.1111110002
62813  -54.845  -3.335  -9.533 0.1111110002
63598  -54.857  -3.487  -9.794 0.1111110002
63597  -54.050  -3.067  -9.860 0.1111110002
115725  -52.505  -4.098  -10.108 0.1111110002
61991  -53.705  -4.389  -7.664 0.1111110002
63608  -53.001  -2.886  -9.897 0.1111110002
62824  -53.319  -3.327  -10.112 0.1111110002
59417  -52.214  -8.660  -0.114 0.1111110002
60226  -53.837  -6.999  0.902 0.1111110002
62726  -54.309  -4.094  1.069 0.1111110002
61923  -54.921  -4.646  -0.119 0.1111110002
61915  -53.033  -4.437  0.497 0.1111110002
61921  -53.051  -5.226  -0.320 0.1111110002
61922  -54.509  -4.659  -0.382 0.1111110002
95901  -48.716  -6.019  7.804 0.1111110002
108996  -49.678  -5.512  7.862 0.1111110002
62740  -54.364  -4.263  0.394 0.1111110002
31909  -27.198  -41.340  28.853 0.1111110002
102252  -48.160  -7.934  8.794 0.1111110002
60249  -55.761  -7.098  -1.700 0.1111110002
60267  -56.084  -6.064  -2.258 0.1111110002
61096  -56.251  -6.162  -3.209 0.1111110002
61153  -57.575  -5.941  -7.366 0.1111110002
115055  -57.053  -7.510  -7.649 0.1111110002
61159  -57.420  -5.549  -8.183 0.1111110002
59484  -54.450  -8.910  -7.085 0.1111110002
61081  -53.705  -5.908  -1.887 0.1111110002
61936  -54.741  -5.217  -1.881 0.1111110002
61112  -54.268  -6.118  -3.574 0.1111110002
61144  -56.232  -5.632  -6.059 0.1111110002
61986  -57.348  -5.077  -7.733 0.1111110002
61995  -57.152  -4.783  -8.361 0.1111110002
61168  -54.387  -6.189  -9.245 0.1111110002
61188  -55.270  -4.945  -9.595 0.1111110002
61186  -52.910  -5.774  -9.496 0.1111110002
62017  -52.192  -5.205  -9.746 0.1111110002
23689  -9.764  -49.846  32.336 0.1111110002
23697  -13.359  -50.437  30.602 0.2222220004
23721  -18.670  -50.469  26.314 0.2222220004
22943  -19.072  -51.042  26.887 0.2222220004
24516  -9.875  -49.276  31.990 0.1111110002
24517  -10.861  -49.933  32.540 0.2222220004
23699  -13.881  -50.009  29.976 0.2222220004
22922  -14.907  -50.840  29.843 0.2222220004
23701  -15.239  -50.304  29.161 0.2222220004
22928  -16.728  -50.779  28.922 0.2222220004
22921  -14.049  -50.664  30.112 0.2222220004
22935  -18.130  -50.875  27.966 0.2222220004
23734  -18.780  -49.722  24.796 0.2222220004
23735  -19.263  -50.395  24.373 0.2222220004
103129  -19.497  -50.534  23.820 0.2222220004
23742  -19.628  -50.149  23.015 0.2222220004
23751  -20.182  -50.402  22.274 0.2222220004
23761  -20.748  -50.721  21.483 0.2222220004
23762  -21.437  -50.498  20.685 0.2222220004
23789  -21.966  -50.692  20.017 0.1111110002
24511  -10.467  -49.291  32.518 0.1111110002
24520  -13.405  -49.857  30.623 0.2222220004
113862  -14.986  -49.790  29.025 0.2222220004
23702  -15.900  -50.429  28.838 0.2222220004
24547  -18.333  -48.850  25.034 0.2222220004
24556  -19.171  -49.549  23.793 0.2222220004
24574  -20.561  -49.498  21.826 0.2222220004
24579  -21.057  -49.845  21.155 0.2222220004
24590  -21.979  -49.896  20.223 0.2222220004
24607  -22.212  -50.102  19.618 0.1111110002
24591  -22.333  -49.424  19.878 0.1111110002
110742  -22.042  -49.810  18.106 0.1111110002
25404  -18.479  -48.184  24.918 0.2222220004
24567  -19.484  -49.001  22.955 0.2222220004
24566  -19.239  -48.592  23.598 0.2222220004
25447  -20.072  -48.728  22.511 0.2222220004
23750  -19.905  -49.478  22.462 0.2222220004
24580  -21.613  -49.528  20.755 0.2222220004
25431  -19.703  -48.223  23.187 0.2222220004
32717  -27.724  -40.866  28.223 0.1111110002
49718  -47.080  -20.520  4.831 0.1111110002
49717  -46.570  -21.049  4.339 0.1111110002
48877  -47.020  -21.540  2.856 0.1111110002
48069  -48.064  -22.628  0.881 0.1111110002
47225  -49.125  -23.520  -0.885 0.1111110002
49734  -47.386  -20.685  4.042 0.1111110002
48889  -48.492  -22.097  1.817 0.1111110002
48070  -48.897  -22.843  0.298 0.1111110002
48878  -48.146  -21.536  2.596 0.1111110002
47236  -49.575  -23.903  -1.476 0.1111110002
46400  -50.167  -24.445  -2.034 0.1111110002
45540  -50.539  -25.245  -2.311 0.1111110002
50566  -47.569  -19.654  5.832 0.1111110002
50582  -47.499  -20.034  5.172 0.1111110002
48064  -49.156  -22.423  1.081 0.1111110002
48071  -49.746  -22.640  0.428 0.1111110002
48083  -49.458  -23.056  -0.273 0.1111110002
50583  -48.365  -19.663  5.068 0.1111110002
48871  -48.819  -21.186  3.161 0.1111110002
48879  -49.172  -21.685  2.491 0.1111110002
48084  -50.266  -22.846  -0.235 0.1111110002
47237  -50.439  -23.690  -1.588 0.1111110002
23705  -15.518  -49.800  28.527 0.2222220004
23700  -14.543  -50.147  29.523 0.2222220004
22993  -21.212  -51.375  21.011 0.1111110002
23006  -21.654  -51.492  20.356 0.1111110002
23019  -21.901  -51.317  19.664 0.1111110002
24555  -18.764  -48.622  24.309 0.2222220004
97742  -22.157  -50.143  18.803 0.1111110002
24625  -22.293  -49.389  18.625 0.1111110002
49704  -47.007  -20.405  5.604 0.1111110002
49703  -46.605  -20.941  5.174 0.1111110002
48869  -46.972  -21.111  3.609 0.1111110002
106145  -46.351  -21.387  4.769 0.1111110002
48888  -47.573  -21.882  2.148 0.1111110002
48063  -47.558  -22.270  1.594 0.1111110002
98442  -49.238  -24.546  -1.649 0.1111110002
49719  -47.888  -20.216  4.527 0.1111110002
48870  -47.774  -21.083  3.326 0.1111110002
49735  -48.384  -20.631  3.823 0.1111110002
48082  -48.795  -23.253  -0.314 0.1111110002
47226  -49.935  -23.335  -0.916 0.1111110002
19686  -18.911  -55.226  30.899 0.1111110002
19692  -19.789  -54.927  29.917 0.1111110002
19693  -20.090  -55.581  29.315 0.1111110002
20517  -19.638  -54.322  30.658 0.1111110002
21341  -10.661  -52.864  30.921 0.1111110002
103962  -11.002  -52.268  31.285 0.1111110002
101258  -12.549  -53.273  31.365 0.1111110002
20534  -20.322  -54.871  28.886 0.1111110002
96703  -18.128  -55.308  31.576 0.1111110002
20526  -20.194  -54.219  29.648 0.1111110002
19685  -18.075  -55.877  31.281 0.1111110002
22144  -12.023  -52.469  31.305 0.1111110002
22911  -12.362  -51.864  31.334 0.1111110002
20516  -18.676  -54.462  31.576 0.1111110002
22145  -12.903  -52.627  31.448 0.1111110002
106479  -13.284  -53.333  31.654 0.1111110002
21354  -19.362  -53.607  31.048 0.1111110002
21363  -20.297  -53.538  29.072 0.1111110002
20515  -17.505  -54.967  31.901 0.1111110002
22910  -10.370  -51.546  31.811 0.1111110002
103169  -11.431  -51.724  31.472 0.1111110002
22146  -13.724  -52.793  31.771 0.1111110002
22913  -13.951  -52.272  31.611 0.1111110002
22147  -14.723  -52.882  32.122 0.1111110002
22151  -18.044  -53.157  31.797 0.1111110002
22159  -19.535  -52.953  30.438 0.1111110002
22162  -19.838  -52.812  29.615 0.1111110002
21346  -16.457  -53.603  32.222 0.1111110002
21347  -17.192  -53.614  32.149 0.1111110002
22157  -17.876  -52.345  31.184 0.1111110002
22925  -18.685  -51.744  29.352 0.1111110002
22931  -19.505  -51.918  28.132 0.1111110002
22973  -19.925  -51.204  23.528 0.1111110002
115510  -20.108  -51.046  22.843 0.1111110002
116043  -11.906  -51.201  31.533 0.1111110002
102754  -13.691  -51.443  30.928 0.1111110002
22916  -14.440  -52.009  31.481 0.1111110002
101292  -14.611  -51.412  30.716 0.1111110002
22148  -15.850  -52.888  32.120 0.1111110002
22155  -16.206  -52.124  31.506 0.1111110002
22156  -17.074  -52.200  31.339 0.1111110002
22919  -17.413  -51.803  30.659 0.1111110002
22929  -17.862  -51.204  28.990 0.1111110002
22930  -18.777  -51.463  28.536 0.1111110002
22937  -19.550  -51.732  27.194 0.1111110002
22187  -19.530  -51.437  26.066 0.1111110002
23726  -19.294  -50.821  25.062 0.1111110002
22959  -19.716  -51.284  24.394 0.1111110002
25448  -20.951  -48.657  22.094 0.1111110002
24575  -21.309  -49.064  21.373 0.1111110002
25456  -22.087  -49.137  20.429 0.1111110002
25473  -22.451  -49.016  19.293 0.1111110002
23692  -10.151  -50.748  32.314 0.1111110002
23693  -11.054  -50.925  31.894 0.1111110002
23694  -11.858  -50.440  31.889 0.1111110002
22915  -12.644  -51.042  31.108 0.1111110002
22917  -15.588  -51.490  30.654 0.1111110002
22918  -16.592  -51.616  30.624 0.1111110002
25455  -21.871  -48.764  21.014 0.1111110002
110455  -22.136  -48.564  20.696 0.1111110002
26307  -18.909  -47.818  24.694 0.1111110002
26308  -19.586  -47.647  24.397 0.1111110002
25416  -19.269  -47.958  23.988 0.1111110002
25432  -20.471  -48.214  22.844 0.1111110002
25449  -21.847  -48.325  21.851 0.1111110002
25450  -22.154  -48.095  21.458 0.1111110002
25417  -19.905  -47.790  23.607 0.1111110002
113726  -21.269  -48.179  23.000 0.1111110002
99783  -22.423  -47.897  22.902 0.1111110002
113966  -22.217  -47.906  22.225 0.1111110002
100623  -22.357  -48.077  20.699 0.1111110002
103591  -42.729  -27.253  20.539 0.1111110002
111630  -42.845  -26.554  20.226 0.1111110002
111505  -42.471  -28.517  20.600 0.1111110002
44502  -42.952  -26.490  21.103 0.1111110002
44511  -42.958  -25.764  20.322 0.1111110002
45341  -42.523  -25.207  19.699 0.1111110002
46174  -41.793  -24.593  19.687 0.1111110002
102185  -41.813  -22.097  16.072 0.1111110002
102184  -42.929  -22.527  15.977 0.1111110002
47905  -42.437  -22.469  15.114 0.1111110002
56898  -51.115  -11.007  4.730 0.1111110002
56045  -52.214  -11.980  5.086 0.1111110002
56044  -51.074  -11.862  4.689 0.1111110002
54416  -54.378  -13.359  5.758 0.1111110002
56046  -53.319  -12.177  5.504 0.1111110002
55222  -53.243  -13.201  5.257 0.1111110002
107473  -54.640  -14.008  5.746 0.1111110002
53665  -54.129  -14.783  5.412 0.1111110002
53667  -55.446  -15.452  5.953 0.1111110002
52917  -55.491  -15.823  5.899 0.1111110002
52908  -55.409  -16.252  6.311 0.1111110002
52158  -55.198  -16.863  6.555 0.1111110002
51381  -52.742  -18.661  5.833 0.1111110002
50584  -49.569  -19.787  4.875 0.1111110002
51379  -50.556  -18.651  5.742 0.1111110002
50586  -51.687  -19.980  5.065 0.1111110002
56899  -52.113  -11.262  5.300 0.1111110002
54417  -54.818  -13.827  6.025 0.1111110002
56032  -53.756  -11.963  6.010 0.1111110002
53659  -55.476  -15.800  6.115 0.1111110002
55194  -54.688  -13.618  6.091 0.1111110002
55193  -54.390  -13.320  6.205 0.1111110002
53658  -55.284  -15.585  6.246 0.1111110002
54406  -54.625  -14.189  6.303 0.1111110002
55192  -53.695  -12.954  6.469 0.1111110002
50567  -48.455  -19.161  5.729 0.1111110002
97073  -48.975  -18.001  6.460 0.1111110002
51367  -50.049  -17.997  6.245 0.1111110002
110659  -54.532  -16.425  6.663 0.1111110002
53656  -54.071  -14.879  6.630 0.1111110002
50557  -47.998  -19.042  6.319 0.1111110002
113155  -48.606  -18.673  6.159 0.1111110002
51378  -49.357  -18.704  5.810 0.1111110002
51380  -51.621  -18.647  5.752 0.1111110002
51370  -53.416  -17.953  6.325 0.1111110002
97831  -49.134  -19.329  5.359 0.1111110002
50568  -50.076  -19.354  5.358 0.1111110002
56017  -53.541  -12.161  6.304 0.1111110002
106573  -51.156  -12.573  4.735 0.1111110002
98634  -53.823  -13.903  6.580 0.1111110002
108193  -51.869  -13.659  4.903 0.1111110002
96843  -53.209  -15.701  6.653 0.1111110002
96839  -52.834  -14.768  6.634 0.1111110002
54434  -51.018  -14.479  4.721 0.1111110002
98421  -49.570  -17.236  6.542 0.1111110002
52154  -50.627  -17.343  6.417 0.1111110002
52155  -51.703  -17.333  6.415 0.1111110002
52905  -52.373  -16.559  6.558 0.1111110002
52177  -51.574  -17.489  4.263 0.1111110002
112375  -51.166  -16.607  6.497 0.1111110002
51404  -51.542  -18.117  3.809 0.1111110002
102298  -50.827  -18.468  3.388 0.1111110002
111491  -51.093  -18.890  2.731 0.1111110002
50606  -50.768  -19.211  2.122 0.1111110002
50620  -49.358  -19.566  1.545 0.1111110002
104593  -48.424  -19.625  1.735 0.1111110002
101266  -50.116  -11.636  4.336 0.1111110002
52902  -48.683  -16.454  6.881 0.1111110002
96768  -52.495  -13.650  6.662 0.1111110002
55220  -50.730  -13.423  4.665 0.1111110002
52904  -50.134  -16.648  6.515 0.1111110002
53654  -50.371  -15.743  6.488 0.1111110002
96840  -51.388  -14.762  6.501 0.1111110002
97459  -50.763  -16.946  4.461 0.1111110002
52193  -50.499  -17.755  4.023 0.1111110002
52176  -49.723  -17.032  4.377 0.1111110002
51423  -50.298  -18.858  2.860 0.1111110002
52192  -49.381  -17.688  3.986 0.1111110002
51422  -49.354  -18.797  2.999 0.1111110002
51402  -48.908  -18.195  3.563 0.1111110002
52175  -48.783  -17.070  4.215 0.1111110002
51421  -48.354  -18.649  3.071 0.1111110002
104665  -48.616  -17.611  3.848 0.1111110002
50603  -47.826  -19.164  2.494 0.1111110002
51401  -48.061  -17.946  3.520 0.1111110002
54405  -50.804  -13.809  6.494 0.1111110002
55190  -51.696  -12.813  6.652 0.1111110002
56897  -50.239  -10.688  4.224 0.1111110002
53653  -49.206  -15.335  6.582 0.1111110002
56043  -50.056  -12.607  4.459 0.1111110002
55219  -49.628  -13.433  4.427 0.1111110002
101760  -49.962  -15.143  4.619 0.1111110002
54433  -49.785  -14.213  4.539 0.1111110002
111587  -50.079  -16.138  4.588 0.1111110002
55218  -49.118  -12.989  4.193 0.1111110002
53681  -49.261  -15.622  4.497 0.1111110002
97973  -48.972  -14.871  4.414 0.1111110002
54432  -48.827  -13.905  4.231 0.1111110002
52926  -49.037  -16.330  4.420 0.1111110002
53680  -48.483  -15.616  4.251 0.1111110002
55232  -48.565  -13.187  3.739 0.1111110002
54449  -48.156  -14.845  3.897 0.1111110002
53700  -47.893  -15.757  3.777 0.1111110002
98162  -48.217  -13.933  3.477 0.1111110002
54448  -47.719  -15.420  3.284 0.1111110002
105051  -49.445  -13.850  6.539 0.1111110002
55189  -50.227  -12.943  6.541 0.1111110002
96636  -50.008  -14.714  6.475 0.1111110002
56056  -49.283  -12.208  4.064 0.1111110002
56055  -48.795  -12.079  3.411 0.1111110002
96642  -49.130  -10.804  2.930 0.1111110002
57716  -49.347  -10.111  2.473 0.1111110002
56928  -48.740  -11.784  2.077 0.1111110002
52942  -47.613  -16.527  3.463 0.1111110002
56014  -49.869  -12.178  6.770 0.1111110002
22936  -18.946  -51.221  27.655 0.1111110002
98386  -51.948  -11.299  6.864 0.1111110002
56018  -54.136  -12.605  6.038 0.1111110002
55191  -52.943  -12.629  6.686 0.1111110002
25418  -20.952  -48.040  23.575 0.1111110002
26309  -20.206  -47.648  24.164 0.1111110002
25433  -22.212  -48.164  23.413 0.1111110002
99918  -42.621  -27.951  20.886 0.1111110002
45332  -42.882  -24.967  20.437 0.1111110002
52893  -48.507  -16.265  7.227 0.1111110002
51366  -48.322  -18.457  6.669 0.1111110002
22923  -15.986  -50.981  29.641 0.1111110002
21342  -11.651  -53.038  31.107 0.1111110002
21358  -19.988  -53.595  30.179 0.1111110002
21343  -14.028  -53.798  31.845 0.1111110002
20507  -17.063  -54.296  32.190 0.1111110002
21353  -18.633  -53.630  31.639 0.1111110002
22912  -13.205  -52.006  31.343 0.1111110002
22154  -15.244  -52.104  31.545 0.1111110002
22158  -18.784  -52.733  31.006 0.1111110002
22150  -17.415  -52.816  31.773 0.1111110002
22161  -19.112  -52.310  29.964 0.1111110002
22149  -16.714  -52.884  31.973 0.1111110002
22924  -18.175  -51.854  30.174 0.1111110002
22960  -20.275  -52.074  23.950 0.1111110002
97496  -17.136  -51.369  29.806 0.1111110002
22948  -19.729  -51.597  25.153 0.1111110002
25462  -22.424  -48.655  20.075 0.1111110002
107607  -21.606  -48.250  22.564 0.1111110002
26329  -22.481  -47.671  22.564 0.1111110002
55206  -54.118  -12.601  5.916 0.1111110002
54436  -53.687  -14.046  5.317 0.1111110002
52909  -55.637  -16.295  6.070 0.1111110002
54407  -55.130  -14.732  6.042 0.1111110002
53666  -55.141  -14.761  5.908 0.1111110002
52907  -54.944  -16.054  6.571 0.1111110002
51372  -55.870  -17.703  6.226 0.1111110002
52159  -55.719  -16.858  6.241 0.1111110002
51371  -54.737  -17.856  6.470 0.1111110002
51383  -55.330  -18.641  6.165 0.1111110002
50569  -51.105  -19.387  5.398 0.1111110002
55207  -54.518  -13.177  5.996 0.1111110002
56019  -54.472  -13.166  6.122 0.1111110002
53657  -54.849  -15.168  6.431 0.1111110002
96771  -54.310  -15.760  6.674 0.1111110002
51369  -52.209  -17.967  6.186 0.1111110002
51368  -51.121  -17.981  6.157 0.1111110002
52156  -52.868  -17.266  6.494 0.1111110002
52906  -53.592  -16.477  6.665 0.1111110002
52153  -48.842  -17.119  6.756 0.1111110002
53683  -52.094  -15.820  4.830 0.1111110002
53682  -50.964  -15.499  4.700 0.1111110002
53655  -51.876  -15.726  6.537 0.1111110002
52927  -51.853  -16.746  4.592 0.1111110002
97666  -51.099  -16.257  4.642 0.1111110002
51424  -51.744  -18.648  3.115 0.1111110002
51403  -49.871  -18.323  3.523 0.1111110002
50605  -49.842  -19.243  2.232 0.1111110002
50621  -50.320  -19.513  1.310 0.1111110002
50635  -49.664  -19.787  0.700 0.1111110002
111269  -50.333  -19.700  0.464 0.1111110002
50604  -48.861  -19.227  2.401 0.1111110002
50634  -48.866  -19.920  0.942 0.1111110002
49753  -48.125  -19.965  1.146 0.1111110002
52925  -48.227  -16.411  4.090 0.1111110002
52190  -47.457  -17.477  3.274 0.1111110002
52191  -48.072  -17.186  3.818 0.1111110002
56907  -49.379  -11.303  3.641 0.1111110002
115597  -48.810  -12.616  3.805 0.1111110002
105004  -48.518  -12.650  3.307 0.1111110002
114875  -47.624  -15.916  3.362 0.1111110002
56906  -48.784  -11.511  2.779 0.1111110002
22982  -20.496  -51.441  22.311 0.1111110002
23690  -10.104  -50.064  32.532 0.1111110002
24608  -22.352  -49.634  19.278 0.1111110002
25358  -20.579  -48.434  31.333 0.6666669846
26217  -11.578  -47.884  32.463 0.2222220004
27136  -14.315  -45.881  29.787 0.1111110002
28924  -21.055  -45.223  31.064 0.1111110002
33603  -35.554  -39.269  25.424 0.1111110002
38465  -34.504  -33.332  22.345 0.1111110002
38467  -36.636  -33.470  22.779 0.1111110002
39280  -35.499  -31.984  29.965 0.8888890147
39324  -35.592  -32.085  25.686 0.4444440007
40157  -36.039  -31.897  30.023 0.8888890147
40169  -36.554  -31.366  29.275 0.8888890147
41096  -48.238  -30.521  21.601 0.6666669846
41123  -45.628  -30.547  19.794 0.5555559993
41924  -48.352  -30.327  21.914 0.7777780294
44551  -50.523  -26.835  16.451 0.3333329856
44563  -50.917  -26.696  15.918 0.4444440007
45281  -45.111  -25.265  26.300 1.0000000000
46165  -42.761  -24.383  21.043 0.4444440007
47813  -43.679  -22.465  24.458 0.7777780294
54354  -52.404  -14.898  12.730 0.6666669846
54408  -55.415  -15.432  6.071 0.1111110002
61171  -56.940  -4.912  -8.917 0.1111110002
61875  -50.137  -3.880  7.189 0.2222220004
62802  -56.794  -4.424  -8.687 0.1111110002
96225  -33.256  -32.347  27.161 0.6666669846
98381  -36.593  -33.464  20.197 0.1111110002
98480  -22.209  -48.832  29.433 0.6666669846
102304  -39.561  -22.868  19.591 0.2222220004
104852  -48.045  -20.550  20.622 0.8888890147
106533  -36.833  -33.529  22.147 0.1111110002
108289  -46.108  -25.766  25.481 1.0000000000
108684  -43.751  -22.600  24.925 0.7777780294
113602  -40.716  -32.134  20.876 0.1111110002
113770  -23.460  -48.110  26.609 0.3333329856
114075  -30.307  -38.271  21.155 0.1111110002
114910  -46.246  -20.385  14.117 0.3333329856
115551  -29.888  -37.958  20.136 0.1111110002
115611  -18.803  -48.057  24.443 0.2222220004
