#!ascii label  , from subject sub-v1s12x0050137_ses-1 vox2ras=TkReg
4064
8091  -6.174  -78.390  -39.650 0.0000000000
4255  -6.333  -83.684  -45.945 0.0000000000
35429  -11.657  -51.815  -26.697 0.0000000000
13487  -6.433  -72.640  -21.749 0.0000000000
129069  -4.994  -74.480  -35.832 0.0000000000
18779  -2.562  -67.218  -28.866 0.0000000000
18902  2.684  -67.454  -40.736 0.0000000000
3007  1.543  -86.128  -43.710 0.0000000000
13860  5.207  -73.102  -51.270 0.0000000000
24080  -13.485  -61.940  -25.410 0.0000000000
136014  3.014  -66.965  -21.174 0.0000000000
147384  3.152  -73.280  -37.775 0.0000000000
4126  5.796  -83.967  -36.216 0.0000000000
143430  -10.507  -63.713  -30.159 0.0000000000
13753  -5.620  -72.847  -40.332 0.0000000000
17845  -6.244  -68.604  -39.325 0.0000000000
15850  -3.873  -70.016  -44.975 0.0000000000
4220  -3.752  -83.673  -43.730 0.0000000000
6511  0.741  -80.917  -48.557 0.0000000000
41548  -15.707  -45.501  -24.869 0.0000000000
138412  -8.058  -49.788  -22.030 0.0000000000
18711  -9.696  -67.312  -22.783 0.0000000000
131146  -14.546  -65.746  -27.777 0.0000000000
137193  -11.200  -70.921  -27.450 0.0000000000
21990  3.687  -64.604  -30.037 0.0000000000
20806  0.138  -65.248  -22.780 0.0000000000
35459  -17.382  -52.893  -28.179 0.0000000000
146212  -3.030  -74.902  -28.139 0.0000000000
13544  -5.689  -73.197  -26.624 0.0000000000
16744  -7.540  -69.879  -33.127 0.0000000000
17770  0.089  -68.007  -35.279 0.0000000000
24174  1.968  -61.152  -37.947 0.0000000000
4868  -2.978  -82.189  -41.365 0.0000000000
10783  -1.239  -75.592  -46.347 0.0000000000
6487  2.551  -81.236  -46.503 0.0000000000
9950  2.843  -76.527  -53.408 0.0000000000
21834  -5.768  -64.521  -19.324 0.0000000000
16626  -1.420  -69.662  -20.335 0.0000000000
149898  -0.529  -70.266  -29.441 0.0000000000
13686  1.156  -71.870  -36.989 0.0000000000
10738  1.225  -74.900  -42.521 0.0000000000
8118  6.750  -79.273  -43.100 0.0000000000
4179  0.909  -83.025  -40.331 0.0000000000
1963  1.685  -87.975  -36.287 0.0000000000
1575  -1.468  -89.303  -38.500 0.0000000000
134774  -6.562  -86.759  -39.818 0.0000000000
26241  -19.813  -60.834  -26.517 0.0000000000
27438  -17.118  -60.008  -30.420 0.0000000000
29737  -11.326  -57.537  -27.755 0.0000000000
18726  -6.779  -67.430  -24.438 0.0000000000
25133  -5.204  -61.368  -25.106 0.0000000000
30778  -7.192  -55.918  -22.440 0.0000000000
16894  4.768  -68.888  -46.966 0.0000000000
147683  -0.032  -64.446  -47.245 0.0000000000
10714  -6.508  -75.849  -39.929 0.0000000000
14854  -7.075  -71.719  -43.609 0.0000000000
11741  -6.007  -74.683  -43.747 0.0000000000
5633  -6.935  -81.207  -43.242 0.0000000000
7300  -3.822  -79.490  -45.804 0.0000000000
6503  -5.969  -80.233  -47.353 0.0000000000
38527  -16.779  -49.488  -26.539 0.0000000000
39531  -13.842  -48.492  -26.809 0.0000000000
39509  -11.163  -48.249  -25.304 0.0000000000
36456  -10.076  -51.102  -24.207 0.0000000000
15618  -8.402  -70.036  -20.795 0.0000000000
16661  -11.180  -69.738  -25.021 0.0000000000
13498  -9.527  -72.272  -23.455 0.0000000000
23051  2.189  -63.599  -27.576 0.0000000000
34373  -20.336  -53.755  -27.497 0.0000000000
12587  -4.817  -73.836  -32.409 0.0000000000
12581  -7.664  -73.471  -31.498 0.0000000000
13668  -9.080  -72.851  -34.322 0.0000000000
17858  -1.395  -68.935  -40.010 0.0000000000
130597  -2.966  -69.212  -37.139 0.0000000000
18887  0.614  -67.718  -38.306 0.0000000000
21001  3.100  -65.526  -36.488 0.0000000000
22142  1.620  -63.798  -40.576 0.0000000000
3580  -0.530  -84.240  -41.969 0.0000000000
5637  -0.853  -80.985  -44.032 0.0000000000
4239  2.042  -83.862  -45.086 0.0000000000
7392  0.296  -79.988  -53.346 0.0000000000
7364  3.545  -79.147  -51.181 0.0000000000
25085  -7.060  -61.310  -20.621 0.0000000000
19651  -1.087  -66.203  -18.857 0.0000000000
18698  0.074  -67.566  -21.332 0.0000000000
16657  -1.177  -70.011  -24.845 0.0000000000
17695  0.972  -68.393  -25.240 0.0000000000
13643  4.090  -72.417  -33.636 0.0000000000
15749  4.051  -70.119  -33.882 0.0000000000
15791  4.730  -70.858  -37.470 0.0000000000
14829  1.258  -71.913  -41.089 0.0000000000
12719  4.858  -72.503  -41.628 0.0000000000
4849  5.764  -82.896  -41.005 0.0000000000
5615  3.541  -81.732  -43.073 0.0000000000
2964  4.014  -85.731  -40.249 0.0000000000
3516  1.147  -84.812  -37.564 0.0000000000
132681  4.105  -86.633  -36.616 0.0000000000
757  1.945  -91.222  -34.388 0.0000000000
141801  -3.785  -87.410  -37.806 0.0000000000
28559  -15.735  -58.718  -27.476 0.0000000000
25148  -17.109  -62.007  -25.178 0.0000000000
20931  -13.222  -64.975  -30.321 0.0000000000
24125  -15.802  -62.547  -29.570 0.0000000000
25209  -13.141  -62.105  -30.571 0.0000000000
28590  -13.600  -58.292  -29.870 0.0000000000
26262  -10.214  -60.398  -29.249 0.0000000000
16704  -4.778  -69.266  -28.069 0.0000000000
15650  -5.339  -70.841  -23.978 0.0000000000
17683  -4.546  -68.087  -25.369 0.0000000000
24002  1.013  -62.437  -20.589 0.0000000000
22968  -2.338  -63.502  -21.754 0.0000000000
26170  -2.760  -60.309  -21.992 0.0000000000
28487  -5.368  -58.126  -23.884 0.0000000000
128567  -2.635  -57.161  -21.589 0.0000000000
33195  -4.477  -54.028  -22.023 0.0000000000
11774  4.241  -74.557  -47.077 0.0000000000
14890  2.111  -71.765  -47.178 0.0000000000
15903  4.990  -70.479  -49.757 0.0000000000
12690  -5.831  -72.938  -38.197 0.0000000000
14786  -8.695  -71.459  -37.137 0.0000000000
14837  -8.334  -70.394  -40.890 0.0000000000
17878  -4.843  -68.916  -42.295 0.0000000000
17885  -0.582  -68.606  -43.450 0.0000000000
3026  -1.079  -86.443  -45.315 0.0000000000
4261  0.394  -84.777  -47.753 0.0000000000
5661  -1.793  -81.634  -46.646 0.0000000000
8199  -1.202  -78.653  -49.489 0.0000000000
40489  -9.976  -47.549  -22.783 0.0000000000
15646  4.020  -69.733  -25.025 0.0000000000
21918  -11.891  -64.415  -23.375 0.0000000000
20848  -14.957  -65.089  -24.675 0.0000000000
19765  -12.829  -67.009  -24.896 0.0000000000
17722  -12.657  -68.589  -28.149 0.0000000000
18783  -10.155  -67.757  -29.623 0.0000000000
19835  1.117  -67.331  -29.406 0.0000000000
127366  -0.969  -66.403  -26.000 0.0000000000
20875  2.849  -65.920  -26.280 0.0000000000
145701  2.984  -62.805  -23.686 0.0000000000
3060  -4.110  -85.432  -49.989 0.0000000000
4270  -5.618  -82.822  -49.288 0.0000000000
147949  -18.619  -50.489  -26.823 0.0000000000
134288  -15.119  -52.128  -27.735 0.0000000000
11555  -3.651  -74.681  -24.465 0.0000000000
11558  -6.819  -74.707  -24.453 0.0000000000
138783  -5.827  -75.065  -28.130 0.0000000000
14661  -6.548  -71.857  -29.703 0.0000000000
130467  -5.298  -68.646  -31.226 0.0000000000
16783  -6.672  -69.632  -36.165 0.0000000000
143498  -4.327  -69.541  -34.137 0.0000000000
17754  -0.956  -67.849  -32.279 0.0000000000
18829  2.570  -67.496  -33.251 0.0000000000
23130  3.297  -63.783  -34.120 0.0000000000
6409  -5.300  -80.679  -40.219 0.0000000000
9838  -3.782  -76.724  -43.592 0.0000000000
7275  -2.522  -79.064  -43.598 0.0000000000
8163  0.169  -78.246  -46.133 0.0000000000
143511  4.911  -76.593  -47.830 0.0000000000
4931  4.367  -83.202  -48.536 0.0000000000
7346  5.113  -78.913  -50.055 0.0000000000
10829  3.523  -75.744  -49.795 0.0000000000
25135  -12.016  -61.527  -23.741 0.0000000000
22988  -8.937  -63.550  -22.361 0.0000000000
20763  -7.882  -65.956  -20.817 0.0000000000
16606  -6.242  -69.040  -18.729 0.0000000000
22910  -2.585  -62.936  -18.795 0.0000000000
18655  -3.462  -67.490  -18.320 0.0000000000
14549  -3.298  -71.706  -20.307 0.0000000000
14590  -2.149  -72.167  -24.812 0.0000000000
13587  -2.117  -72.183  -29.243 0.0000000000
13646  -2.203  -72.805  -33.340 0.0000000000
16723  2.875  -69.349  -30.117 0.0000000000
14741  0.279  -71.187  -33.512 0.0000000000
12646  -1.260  -73.880  -36.669 0.0000000000
12706  -1.586  -72.934  -39.219 0.0000000000
11733  -1.988  -73.890  -41.784 0.0000000000
9807  -1.952  -76.906  -40.884 0.0000000000
10717  4.401  -75.750  -40.897 0.0000000000
9835  4.359  -76.430  -43.977 0.0000000000
7265  0.780  -79.137  -42.116 0.0000000000
6389  -2.215  -80.354  -39.584 0.0000000000
4821  -2.791  -82.767  -37.653 0.0000000000
131952  -1.809  -85.394  -38.291 0.0000000000
2001  0.699  -87.280  -40.217 0.0000000000
1152  4.104  -90.075  -35.632 0.0000000000
789  2.008  -91.595  -39.005 0.0000000000
1603  0.406  -89.641  -42.391 0.0000000000
2499  -2.921  -86.694  -41.370 0.0000000000
3575  -5.760  -83.878  -40.699 0.0000000000
3010  -6.571  -85.266  -43.142 0.0000000000
1613  -4.407  -88.164  -43.469 0.0000000000
2529  -3.986  -86.592  -46.848 0.0000000000
29723  -20.975  -57.897  -26.853 0.0000000000
23057  -17.671  -63.398  -27.290 0.0000000000
26265  -19.581  -62.096  -30.299 0.0000000000
135368  -19.658  -57.118  -28.787 0.0000000000
32137  -16.923  -55.843  -29.463 0.0000000000
32115  -14.158  -55.366  -28.582 0.0000000000
32091  -12.194  -55.121  -26.914 0.0000000000
13546  -8.098  -72.804  -26.287 0.0000000000
17710  -8.465  -69.054  -26.843 0.0000000000
20877  -8.475  -66.006  -27.402 0.0000000000
19731  -2.902  -65.508  -23.371 0.0000000000
21929  -5.999  -64.346  -25.142 0.0000000000
24088  -7.750  -62.185  -27.379 0.0000000000
129137  -7.961  -59.253  -26.525 0.0000000000
29700  -9.040  -57.069  -25.801 0.0000000000
33231  -10.350  -54.065  -24.328 0.0000000000
35383  -7.987  -53.147  -22.012 0.0000000000
13809  -2.059  -72.703  -46.892 0.0000000000
16882  1.426  -69.213  -46.574 0.0000000000
18931  4.424  -67.041  -43.974 0.0000000000
19017  1.992  -67.420  -51.514 0.0000000000
145871  2.753  -65.646  -48.274 0.0000000000
23238  3.274  -63.832  -44.255 0.0000000000
25332  0.640  -61.529  -42.965 0.0000000000
9803  -6.322  -76.650  -39.815 0.0000000000
10743  -7.308  -75.201  -42.032 0.0000000000
9829  -6.636  -76.319  -42.125 0.0000000000
4901  -7.571  -81.973  -44.087 0.0000000000
7288  -7.023  -79.750  -44.966 0.0000000000
136745  -6.775  -81.370  -46.317 0.0000000000
138164  -13.690  -50.648  -27.481 0.0000000000
140539  -15.346  -48.792  -26.569 0.0000000000
148091  -12.400  -50.367  -27.036 0.0000000000
38514  -11.442  -49.660  -26.179 0.0000000000
36463  -10.727  -51.181  -25.571 0.0000000000
14564  -7.599  -71.462  -21.126 0.0000000000
152297  -9.156  -71.386  -22.335 0.0000000000
129199  -8.238  -72.678  -22.456 0.0000000000
34356  -21.114  -54.000  -26.845 0.0000000000
12620  -5.143  -74.021  -34.089 0.0000000000
12600  -7.022  -74.030  -33.622 0.0000000000
11650  -7.064  -74.330  -35.121 0.0000000000
17856  1.190  -69.013  -40.224 0.0000000000
17839  0.002  -69.440  -38.832 0.0000000000
19981  1.120  -67.752  -39.838 0.0000000000
22113  0.849  -65.056  -39.525 0.0000000000
21068  1.725  -64.886  -40.952 0.0000000000
3579  0.364  -84.867  -42.534 0.0000000000
4218  0.146  -83.602  -43.335 0.0000000000
3597  1.799  -85.113  -44.387 0.0000000000
19664  2.369  -65.975  -20.247 0.0000000000
20760  1.469  -65.733  -20.481 0.0000000000
18696  2.050  -66.623  -22.015 0.0000000000
17666  1.070  -67.772  -23.681 0.0000000000
17665  2.282  -67.621  -23.637 0.0000000000
13675  3.116  -73.024  -35.163 0.0000000000
14767  5.081  -71.209  -35.411 0.0000000000
13703  4.902  -71.760  -37.613 0.0000000000
14816  4.759  -71.402  -39.569 0.0000000000
12702  4.828  -72.730  -39.815 0.0000000000
4148  5.458  -83.914  -39.045 0.0000000000
3550  6.123  -84.730  -41.095 0.0000000000
3526  5.866  -85.195  -38.771 0.0000000000
147776  4.810  -86.311  -38.586 0.0000000000
2919  5.680  -85.375  -35.897 0.0000000000
25159  -14.721  -61.122  -26.738 0.0000000000
26239  -16.876  -60.765  -26.010 0.0000000000
143672  -15.301  -62.494  -25.315 0.0000000000
22017  -11.747  -64.479  -30.597 0.0000000000
23098  -13.037  -63.765  -30.552 0.0000000000
24135  -11.792  -62.856  -30.492 0.0000000000
25200  -11.214  -61.333  -30.056 0.0000000000
24121  -10.378  -61.882  -29.895 0.0000000000
146577  -4.885  -67.483  -28.108 0.0000000000
17709  -4.414  -68.582  -26.499 0.0000000000
19782  -4.164  -66.826  -27.000 0.0000000000
25083  -0.826  -61.116  -20.636 0.0000000000
143984  -1.156  -59.143  -20.799 0.0000000000
146415  -2.448  -58.599  -21.705 0.0000000000
12792  5.283  -74.085  -48.411 0.0000000000
12765  4.114  -72.971  -47.185 0.0000000000
150811  5.459  -71.462  -50.993 0.0000000000
13738  -5.705  -72.343  -39.617 0.0000000000
129394  -7.122  -72.104  -38.918 0.0000000000
13755  -7.898  -72.114  -40.759 0.0000000000
15852  -5.858  -70.945  -44.129 0.0000000000
16852  -6.142  -70.394  -43.402 0.0000000000
129224  -3.790  -69.296  -43.736 0.0000000000
140181  -2.587  -68.859  -43.012 0.0000000000
17897  -1.988  -69.007  -44.132 0.0000000000
3599  -2.506  -84.811  -44.767 0.0000000000
4240  -1.884  -83.714  -45.919 0.0000000000
4906  -3.190  -82.406  -45.054 0.0000000000
8187  -3.449  -78.394  -48.227 0.0000000000
7324  -2.569  -78.867  -47.452 0.0000000000
7352  -2.478  -78.864  -49.997 0.0000000000
7380  -1.783  -80.221  -52.439 0.0000000000
129174  -16.225  -46.834  -25.210 0.0000000000
133924  -9.756  -48.870  -23.289 0.0000000000
40494  -10.526  -47.534  -23.818 0.0000000000
39503  -9.516  -48.271  -22.639 0.0000000000
137905  -7.174  -48.493  -20.734 0.0000000000
19735  -10.750  -66.391  -22.985 0.0000000000
19751  -12.584  -66.408  -23.805 0.0000000000
18728  -10.800  -67.492  -23.999 0.0000000000
15660  -11.274  -70.643  -25.442 0.0000000000
17701  -12.204  -69.078  -26.311 0.0000000000
16697  -11.693  -70.118  -27.708 0.0000000000
17736  -11.681  -68.553  -29.720 0.0000000000
16707  -10.695  -69.812  -28.963 0.0000000000
19833  2.746  -66.638  -29.809 0.0000000000
19816  2.002  -66.756  -28.266 0.0000000000
20906  3.250  -65.598  -28.561 0.0000000000
23021  2.777  -63.284  -25.772 0.0000000000
36499  -19.358  -51.942  -27.346 0.0000000000
131649  -18.343  -51.737  -27.512 0.0000000000
36497  -16.711  -51.475  -27.531 0.0000000000
35444  -16.561  -52.306  -27.861 0.0000000000
11583  -3.061  -75.319  -26.353 0.0000000000
10564  -4.509  -75.670  -26.021 0.0000000000
10603  -4.615  -75.593  -28.088 0.0000000000
13620  -8.430  -71.774  -31.818 0.0000000000
13590  -7.257  -72.592  -30.190 0.0000000000
15714  -7.475  -70.556  -30.827 0.0000000000
16724  -6.669  -69.301  -30.487 0.0000000000
134481  -6.469  -69.033  -31.975 0.0000000000
130982  -8.328  -69.548  -38.278 0.0000000000
133541  -8.192  -70.031  -36.692 0.0000000000
17807  -6.301  -69.005  -37.623 0.0000000000
17792  -1.217  -68.869  -36.255 0.0000000000
16763  -3.663  -69.382  -35.410 0.0000000000
17772  -1.761  -68.626  -34.469 0.0000000000
17756  -2.466  -68.650  -33.024 0.0000000000
134370  -0.862  -68.179  -33.932 0.0000000000
18824  0.544  -67.597  -32.590 0.0000000000
18838  1.547  -67.793  -34.416 0.0000000000
149703  3.211  -62.867  -37.418 0.0000000000
145760  3.558  -64.584  -35.191 0.0000000000
23151  2.567  -62.478  -35.934 0.0000000000
23132  1.537  -63.299  -34.727 0.0000000000
23152  1.316  -62.538  -36.315 0.0000000000
5592  -4.285  -81.885  -40.310 0.0000000000
6435  -3.995  -80.109  -41.779 0.0000000000
5619  -3.216  -81.000  -42.032 0.0000000000
6467  0.903  -80.786  -45.543 0.0000000000
6468  0.124  -80.233  -45.188 0.0000000000
7312  1.294  -79.492  -46.267 0.0000000000
9009  2.637  -77.850  -47.376 0.0000000000
126471  4.079  -79.799  -47.502 0.0000000000
4925  0.630  -82.641  -48.386 0.0000000000
4267  3.100  -84.428  -48.191 0.0000000000
135860  2.141  -81.929  -48.964 0.0000000000
142429  3.197  -77.643  -53.010 0.0000000000
7362  4.878  -79.085  -50.549 0.0000000000
9028  4.620  -77.725  -51.693 0.0000000000
9023  5.320  -77.232  -50.550 0.0000000000
9912  3.744  -76.499  -50.447 0.0000000000
11804  1.778  -74.713  -49.602 0.0000000000
27350  -12.319  -60.533  -23.010 0.0000000000
26183  -10.783  -60.457  -22.212 0.0000000000
24053  -10.521  -62.294  -22.676 0.0000000000
25110  -9.035  -61.655  -21.950 0.0000000000
137397  -6.646  -62.919  -20.271 0.0000000000
21842  -7.513  -64.405  -20.853 0.0000000000
20761  -6.778  -65.080  -19.859 0.0000000000
18672  -7.149  -67.620  -19.310 0.0000000000
19656  -5.723  -66.759  -18.625 0.0000000000
18670  -1.098  -67.620  -19.089 0.0000000000
134552  -2.008  -67.252  -18.465 0.0000000000
16602  -1.904  -68.992  -18.796 0.0000000000
15584  -3.053  -70.082  -18.662 0.0000000000
15614  -2.465  -71.016  -20.203 0.0000000000
14571  -3.081  -72.202  -22.031 0.0000000000
15640  -2.145  -71.026  -22.972 0.0000000000
15674  -0.644  -69.830  -27.360 0.0000000000
14618  -1.486  -71.091  -26.720 0.0000000000
14659  -1.533  -71.381  -29.278 0.0000000000
131523  -2.220  -72.517  -31.234 0.0000000000
14698  -1.055  -71.240  -31.212 0.0000000000
131754  4.385  -70.030  -26.622 0.0000000000
16690  3.538  -68.790  -27.654 0.0000000000
15695  4.286  -70.078  -29.346 0.0000000000
14768  2.620  -70.538  -35.917 0.0000000000
15751  2.049  -70.433  -33.352 0.0000000000
14770  0.708  -71.464  -35.342 0.0000000000
13677  -0.388  -72.567  -35.535 0.0000000000
12644  0.149  -72.980  -36.969 0.0000000000
12686  -1.377  -73.747  -38.328 0.0000000000
12704  -0.024  -73.102  -38.673 0.0000000000
13771  1.467  -72.375  -42.162 0.0000000000
13773  -0.326  -72.825  -41.955 0.0000000000
11731  -0.490  -74.351  -42.078 0.0000000000
10732  -2.205  -75.681  -41.299 0.0000000000
9827  -0.256  -76.139  -41.856 0.0000000000
149307  5.873  -76.779  -39.933 0.0000000000
8944  6.316  -77.310  -41.695 0.0000000000
10727  5.327  -75.764  -42.591 0.0000000000
8961  5.678  -77.547  -43.636 0.0000000000
131459  2.297  -82.743  -41.773 0.0000000000
6431  2.087  -80.192  -42.981 0.0000000000
127929  0.458  -81.046  -41.451 0.0000000000
7258  -0.406  -79.690  -41.152 0.0000000000
5591  -0.564  -81.266  -40.342 0.0000000000
5572  -1.869  -81.713  -38.792 0.0000000000
4832  -0.427  -82.514  -39.218 0.0000000000
2920  1.323  -86.537  -35.855 0.0000000000
2930  -0.728  -85.573  -36.618 0.0000000000
2452  -0.233  -86.709  -37.339 0.0000000000
2467  -0.038  -86.567  -39.519 0.0000000000
1983  1.005  -88.004  -38.786 0.0000000000
1163  0.691  -90.733  -36.729 0.0000000000
774  1.626  -91.439  -37.365 0.0000000000
1174  0.628  -91.150  -38.682 0.0000000000
1189  1.596  -91.117  -40.477 0.0000000000
1191  -0.479  -89.968  -40.706 0.0000000000
2010  -1.362  -88.542  -42.071 0.0000000000
1598  -1.767  -88.763  -40.380 0.0000000000
2454  -5.270  -86.575  -37.915 0.0000000000
2470  -4.697  -86.165  -39.212 0.0000000000
137293  -6.295  -85.460  -39.573 0.0000000000
3577  -7.030  -84.160  -41.431 0.0000000000
2501  -6.585  -86.110  -41.514 0.0000000000
2031  -4.039  -87.329  -45.706 0.0000000000
26229  -19.487  -60.551  -25.449 0.0000000000
27390  -20.400  -59.500  -25.602 0.0000000000
149760  -20.624  -59.066  -26.829 0.0000000000
20878  -15.335  -65.388  -26.384 0.0000000000
21959  -16.574  -64.495  -26.357 0.0000000000
21971  -15.883  -64.851  -27.576 0.0000000000
26274  -16.260  -61.052  -30.243 0.0000000000
25203  -18.978  -60.996  -30.284 0.0000000000
27431  -18.646  -61.015  -31.003 0.0000000000
27433  -18.588  -59.625  -29.432 0.0000000000
148047  -18.501  -58.493  -29.518 0.0000000000
30911  -18.374  -56.584  -29.487 0.0000000000
127732  -16.826  -58.119  -30.124 0.0000000000
28577  -12.080  -58.243  -29.097 0.0000000000
30906  -14.018  -56.887  -29.352 0.0000000000
30890  -12.798  -56.606  -28.244 0.0000000000
32104  -13.439  -55.304  -28.008 0.0000000000
30876  -11.570  -56.741  -27.213 0.0000000000
11585  -6.364  -74.519  -25.780 0.0000000000
11571  -7.932  -74.330  -25.106 0.0000000000
13531  -7.240  -73.160  -25.922 0.0000000000
16659  -6.571  -69.484  -24.444 0.0000000000
140708  -7.373  -70.323  -25.098 0.0000000000
17699  -8.179  -68.560  -25.879 0.0000000000
18756  -8.706  -67.246  -27.116 0.0000000000
139373  -7.870  -66.930  -25.733 0.0000000000
141053  0.129  -66.292  -24.892 0.0000000000
19746  -2.332  -66.083  -24.576 0.0000000000
20832  -1.577  -65.514  -22.914 0.0000000000
139984  -4.075  -62.214  -22.999 0.0000000000
22987  -4.186  -63.953  -22.954 0.0000000000
24065  -5.247  -62.861  -24.709 0.0000000000
23028  -6.693  -63.481  -26.252 0.0000000000
24077  -6.040  -62.044  -25.854 0.0000000000
25157  -7.487  -61.299  -27.109 0.0000000000
26221  -6.190  -60.335  -25.589 0.0000000000
29648  -6.000  -56.892  -23.027 0.0000000000
29681  -7.610  -57.334  -24.628 0.0000000000
30816  -7.922  -56.536  -24.095 0.0000000000
32070  -9.887  -55.416  -25.154 0.0000000000
143982  -8.635  -54.993  -23.132 0.0000000000
34319  -8.961  -53.625  -22.982 0.0000000000
33196  -8.089  -54.450  -22.087 0.0000000000
35381  -3.946  -52.024  -22.109 0.0000000000
9853  -2.527  -76.446  -44.869 0.0000000000
11760  -3.360  -74.273  -45.480 0.0000000000
11764  -1.391  -74.278  -46.736 0.0000000000
15874  4.263  -70.739  -45.498 0.0000000000
15889  1.342  -71.043  -47.217 0.0000000000
16868  3.174  -69.635  -45.060 0.0000000000
17894  3.544  -67.968  -44.363 0.0000000000
132292  4.807  -68.005  -45.134 0.0000000000
21180  0.332  -65.414  -49.778 0.0000000000
22249  0.948  -64.258  -48.537 0.0000000000
22216  2.716  -63.971  -46.559 0.0000000000
23262  1.264  -63.079  -45.640 0.0000000000
24243  1.250  -62.460  -44.149 0.0000000000
23250  0.818  -62.819  -45.297 0.0000000000
11715  -6.187  -74.266  -40.506 0.0000000000
12723  -7.730  -73.297  -41.490 0.0000000000
12736  -7.642  -73.716  -42.210 0.0000000000
12748  -6.543  -73.020  -44.197 0.0000000000
13802  -5.336  -72.031  -45.025 0.0000000000
4891  -4.833  -82.285  -43.297 0.0000000000
5638  -3.981  -81.737  -44.677 0.0000000000
6453  -5.181  -80.317  -44.579 0.0000000000
7315  -5.619  -78.812  -46.555 0.0000000000
7332  -4.533  -79.069  -48.579 0.0000000000
39521  -18.268  -48.152  -25.657 0.0000000000
39520  -17.364  -48.135  -25.652 0.0000000000
40506  -16.015  -47.625  -25.639 0.0000000000
40505  -14.486  -47.091  -25.963 0.0000000000
41562  -12.890  -46.705  -25.902 0.0000000000
40517  -12.615  -48.042  -26.533 0.0000000000
38508  -10.455  -49.775  -24.780 0.0000000000
37478  -9.199  -50.538  -23.201 0.0000000000
145973  -9.297  -68.798  -22.234 0.0000000000
17672  -10.077  -68.110  -24.001 0.0000000000
16640  -9.539  -69.557  -22.609 0.0000000000
15653  -10.616  -70.800  -24.198 0.0000000000
129462  -10.506  -71.960  -25.424 0.0000000000
23095  2.480  -63.714  -30.783 0.0000000000
23074  2.864  -63.861  -29.249 0.0000000000
21991  1.403  -63.746  -29.715 0.0000000000
140225  -21.020  -52.350  -26.454 0.0000000000
34371  -19.054  -53.168  -28.051 0.0000000000
12566  -4.341  -73.979  -31.171 0.0000000000
11629  -5.438  -74.656  -30.370 0.0000000000
137465  -6.337  -74.105  -32.375 0.0000000000
12591  -8.358  -72.918  -32.892 0.0000000000
14743  -8.985  -71.438  -33.105 0.0000000000
17842  -3.886  -68.599  -39.500 0.0000000000
17805  -4.546  -68.925  -38.006 0.0000000000
17822  -2.460  -68.908  -38.785 0.0000000000
126562  -0.746  -69.446  -37.687 0.0000000000
17790  0.272  -68.257  -36.689 0.0000000000
18852  1.554  -67.724  -35.665 0.0000000000
19951  1.437  -66.397  -37.482 0.0000000000
22112  1.801  -64.232  -38.898 0.0000000000
23168  2.627  -62.082  -38.933 0.0000000000
4208  -1.813  -83.049  -41.809 0.0000000000
5617  -1.785  -81.831  -42.897 0.0000000000
4219  -0.631  -83.059  -42.890 0.0000000000
4897  0.231  -82.370  -44.096 0.0000000000
5646  2.160  -82.460  -45.737 0.0000000000
8212  1.016  -78.883  -50.523 0.0000000000
137532  2.522  -79.358  -49.624 0.0000000000
7391  1.733  -79.139  -52.876 0.0000000000
8242  2.347  -78.143  -53.865 0.0000000000
9969  1.983  -76.181  -54.370 0.0000000000
26171  -8.329  -60.013  -21.113 0.0000000000
23978  -5.564  -61.980  -19.531 0.0000000000
22908  -0.797  -62.901  -18.412 0.0000000000
21833  0.023  -64.209  -19.149 0.0000000000
19680  -0.203  -66.501  -20.131 0.0000000000
16625  -0.870  -69.080  -20.872 0.0000000000
16646  -1.025  -69.883  -23.062 0.0000000000
16645  -0.382  -69.283  -23.494 0.0000000000
16666  0.005  -69.005  -25.666 0.0000000000
126022  0.069  -69.221  -27.230 0.0000000000
14695  4.379  -70.700  -31.601 0.0000000000
13626  4.770  -71.588  -33.276 0.0000000000
15766  4.331  -70.334  -35.523 0.0000000000
14801  2.687  -70.755  -37.785 0.0000000000
13718  1.382  -72.074  -38.803 0.0000000000
148833  3.056  -70.783  -39.466 0.0000000000
14841  3.511  -71.547  -41.644 0.0000000000
12739  3.000  -73.445  -42.834 0.0000000000
5613  6.701  -81.872  -43.015 0.0000000000
6438  5.484  -80.787  -43.773 0.0000000000
4875  5.524  -82.971  -43.062 0.0000000000
4194  3.984  -83.947  -41.970 0.0000000000
3538  2.182  -84.361  -40.082 0.0000000000
146519  0.788  -83.810  -39.047 0.0000000000
3527  2.310  -85.153  -38.995 0.0000000000
2926  2.550  -86.168  -36.621 0.0000000000
2432  2.874  -87.270  -35.555 0.0000000000
1145  0.582  -89.847  -34.656 0.0000000000
1545  -1.135  -89.011  -35.878 0.0000000000
1576  -2.362  -88.521  -38.491 0.0000000000
1556  -2.687  -88.266  -36.692 0.0000000000
1569  -6.074  -87.787  -37.627 0.0000000000
28540  -17.753  -57.937  -26.730 0.0000000000
27387  -18.358  -59.992  -25.301 0.0000000000
25150  -18.705  -61.596  -25.467 0.0000000000
20909  -13.851  -65.730  -28.915 0.0000000000
22001  -15.064  -64.144  -29.141 0.0000000000
23078  -14.606  -63.640  -29.804 0.0000000000
137600  -14.005  -62.420  -30.476 0.0000000000
150129  -14.935  -60.662  -30.467 0.0000000000
28604  -15.123  -59.019  -30.382 0.0000000000
26273  -13.077  -60.402  -30.258 0.0000000000
145041  -12.235  -59.251  -29.702 0.0000000000
27420  -10.984  -58.966  -28.721 0.0000000000
15676  -4.294  -71.287  -27.184 0.0000000000
14607  -5.290  -72.113  -25.077 0.0000000000
15667  -4.187  -70.667  -25.674 0.0000000000
16658  -4.774  -69.890  -24.561 0.0000000000
17669  -5.239  -67.848  -24.934 0.0000000000
21864  0.407  -64.061  -21.564 0.0000000000
20784  -1.326  -64.773  -22.073 0.0000000000
24027  -0.648  -62.920  -20.823 0.0000000000
25100  -2.603  -61.775  -21.840 0.0000000000
26181  -3.904  -60.488  -23.151 0.0000000000
27364  -5.447  -59.790  -24.705 0.0000000000
28486  -4.138  -59.074  -23.622 0.0000000000
29646  -4.015  -57.402  -23.022 0.0000000000
30770  -5.069  -56.333  -22.284 0.0000000000
31998  -6.014  -55.235  -21.878 0.0000000000
134203  -3.750  -55.895  -21.838 0.0000000000
134982  -1.604  -54.027  -22.499 0.0000000000
10800  0.989  -75.701  -47.339 0.0000000000
128148  0.519  -74.194  -47.415 0.0000000000
12777  3.320  -73.250  -47.134 0.0000000000
14877  4.113  -71.743  -46.797 0.0000000000
16903  4.483  -69.441  -48.667 0.0000000000
12648  -5.091  -74.188  -36.779 0.0000000000
12650  -7.568  -73.914  -36.799 0.0000000000
12692  -7.531  -72.558  -38.148 0.0000000000
15811  -8.554  -70.520  -39.182 0.0000000000
16829  -7.714  -69.013  -40.445 0.0000000000
14845  -8.084  -71.157  -42.002 0.0000000000
128649  -6.675  -69.519  -42.064 0.0000000000
149112  -5.165  -68.562  -40.927 0.0000000000
17871  -3.336  -68.687  -41.691 0.0000000000
17869  -0.249  -68.817  -41.424 0.0000000000
17874  1.577  -68.434  -41.565 0.0000000000
2521  -0.041  -87.289  -45.435 0.0000000000
3023  1.822  -86.122  -45.640 0.0000000000
3626  -0.616  -85.516  -46.471 0.0000000000
4926  -0.515  -83.090  -47.568 0.0000000000
129697  -0.809  -81.187  -47.717 0.0000000000
6490  -2.931  -80.070  -46.229 0.0000000000
6500  -1.557  -80.360  -47.382 0.0000000000
7351  -0.153  -79.196  -48.925 0.0000000000
7379  -0.480  -79.548  -52.264 0.0000000000
6558  -0.838  -81.450  -53.920 0.0000000000
41547  -12.392  -46.144  -25.411 0.0000000000
17664  3.253  -68.129  -23.403 0.0000000000
23014  -12.847  -63.188  -24.182 0.0000000000
142355  -14.698  -63.608  -24.499 0.0000000000
140214  -13.446  -65.026  -23.864 0.0000000000
147872  -13.867  -66.170  -24.838 0.0000000000
19785  -13.785  -66.642  -26.438 0.0000000000
132448  -11.493  -68.119  -24.978 0.0000000000
133831  -12.851  -67.641  -26.443 0.0000000000
19802  -13.698  -66.831  -28.003 0.0000000000
18800  -12.984  -66.774  -29.403 0.0000000000
18810  -11.795  -66.771  -30.385 0.0000000000
20908  -10.030  -65.846  -29.593 0.0000000000
18792  -0.710  -67.447  -29.449 0.0000000000
142784  -1.524  -66.743  -27.465 0.0000000000
151313  0.291  -66.804  -27.455 0.0000000000
19777  0.944  -66.450  -26.207 0.0000000000
20829  1.949  -65.601  -24.214 0.0000000000
23049  3.332  -64.276  -27.130 0.0000000000
21926  3.317  -64.110  -24.722 0.0000000000
21911  2.807  -63.965  -23.005 0.0000000000
24034  2.225  -62.556  -22.132 0.0000000000
13877  3.443  -72.300  -51.669 0.0000000000
14949  3.589  -71.162  -52.742 0.0000000000
3634  -4.222  -84.124  -47.466 0.0000000000
4927  -4.179  -82.688  -48.338 0.0000000000
38528  -17.680  -49.447  -26.366 0.0000000000
142550  -15.422  -50.971  -27.463 0.0000000000
35441  -13.546  -52.407  -27.588 0.0000000000
13494  -5.016  -73.134  -22.483 0.0000000000
12464  -6.768  -73.438  -22.491 0.0000000000
11543  -5.469  -74.831  -23.947 0.0000000000
11584  -5.821  -75.072  -26.143 0.0000000000
12525  -5.979  -73.829  -27.423 0.0000000000
11608  -6.493  -74.505  -29.490 0.0000000000
13571  -6.478  -73.339  -28.932 0.0000000000
141191  -5.304  -72.082  -28.293 0.0000000000
148776  -5.324  -70.558  -29.107 0.0000000000
17733  -5.730  -68.222  -29.760 0.0000000000
18808  -4.087  -67.971  -30.283 0.0000000000
13679  -9.147  -72.930  -35.970 0.0000000000
15770  -8.564  -70.490  -35.220 0.0000000000
127059  -7.146  -69.990  -34.654 0.0000000000
16781  -4.949  -69.470  -36.463 0.0000000000
126762  -5.448  -69.799  -34.837 0.0000000000
16742  -5.482  -69.715  -33.501 0.0000000000
16733  -4.544  -69.165  -32.520 0.0000000000
17749  -3.039  -68.503  -31.648 0.0000000000
128723  -2.150  -67.763  -30.236 0.0000000000
127058  0.415  -67.474  -30.763 0.0000000000
19861  2.235  -67.083  -31.418 0.0000000000
19859  3.737  -65.803  -31.706 0.0000000000
19902  3.220  -67.157  -34.570 0.0000000000
19883  3.834  -65.738  -33.270 0.0000000000
23117  3.537  -64.050  -32.565 0.0000000000
23124  2.359  -63.540  -33.157 0.0000000000
7247  -6.013  -79.510  -39.905 0.0000000000
8115  -5.708  -77.765  -41.454 0.0000000000
147213  -4.555  -78.550  -41.988 0.0000000000
8125  -3.486  -78.329  -42.954 0.0000000000
8993  -1.703  -77.212  -45.294 0.0000000000
6441  -1.625  -80.531  -43.728 0.0000000000
8136  -0.863  -78.806  -45.189 0.0000000000
8999  -0.283  -77.397  -46.317 0.0000000000
9879  1.581  -76.544  -47.279 0.0000000000
129098  4.311  -75.865  -47.248 0.0000000000
149637  5.602  -75.409  -48.294 0.0000000000
3611  2.693  -85.395  -45.670 0.0000000000
4252  3.901  -83.988  -46.850 0.0000000000
4913  4.889  -82.974  -47.286 0.0000000000
7349  3.807  -79.719  -49.441 0.0000000000
6508  4.930  -81.461  -48.706 0.0000000000
6497  4.960  -80.968  -47.531 0.0000000000
8183  4.848  -78.256  -48.578 0.0000000000
9909  5.792  -76.345  -49.553 0.0000000000
11815  4.827  -74.480  -50.691 0.0000000000
4934  -4.567  -81.854  -48.295 0.0000000000
26224  -13.683  -60.505  -25.935 0.0000000000
129552  -12.952  -60.732  -24.135 0.0000000000
24069  -12.541  -61.920  -24.380 0.0000000000
23004  -11.860  -62.811  -23.559 0.0000000000
21916  -10.863  -63.923  -22.964 0.0000000000
20812  -9.700  -66.001  -22.378 0.0000000000
129028  -7.888  -62.700  -21.501 0.0000000000
140259  -8.477  -64.885  -21.870 0.0000000000
18699  -8.811  -67.372  -21.461 0.0000000000
148411  -8.079  -68.149  -20.133 0.0000000000
16619  -7.392  -69.355  -19.510 0.0000000000
15616  -6.441  -70.921  -19.917 0.0000000000
25040  -4.017  -60.954  -18.907 0.0000000000
22912  -4.641  -63.469  -18.925 0.0000000000
139456  -1.923  -64.754  -18.501 0.0000000000
139595  -2.954  -64.987  -18.371 0.0000000000
140812  -4.487  -66.160  -18.352 0.0000000000
17625  -5.157  -68.486  -18.383 0.0000000000
15605  -5.312  -70.721  -19.132 0.0000000000
14561  -4.718  -72.156  -21.205 0.0000000000
13492  -3.589  -72.699  -22.590 0.0000000000
12493  -2.907  -73.722  -24.386 0.0000000000
12513  -2.365  -73.679  -25.928 0.0000000000
14589  -1.785  -71.371  -24.726 0.0000000000
13558  -2.091  -72.786  -27.204 0.0000000000
12532  -2.558  -73.662  -28.757 0.0000000000
13605  -2.995  -72.999  -31.230 0.0000000000
13631  -3.102  -73.161  -32.445 0.0000000000
12618  -3.464  -73.719  -34.034 0.0000000000
17694  3.025  -68.276  -25.708 0.0000000000
125853  2.432  -68.752  -28.054 0.0000000000
15697  1.298  -69.356  -29.274 0.0000000000
15727  3.308  -69.846  -31.323 0.0000000000
15728  2.006  -69.929  -31.510 0.0000000000
14696  0.191  -70.773  -32.084 0.0000000000
14742  -0.667  -71.556  -33.466 0.0000000000
12616  -1.880  -73.521  -35.079 0.0000000000
129546  -3.482  -74.437  -35.851 0.0000000000
11683  -3.560  -74.022  -37.378 0.0000000000
12688  -3.555  -72.926  -38.685 0.0000000000
13736  -3.604  -72.461  -40.468 0.0000000000
13748  -0.544  -72.282  -40.635 0.0000000000
13762  -1.893  -72.898  -41.409 0.0000000000
12722  -4.492  -73.416  -41.176 0.0000000000
11713  -4.340  -74.876  -40.897 0.0000000000
9809  -3.783  -76.390  -40.109 0.0000000000
8931  -4.464  -77.812  -39.253 0.0000000000
11708  2.883  -74.510  -39.565 0.0000000000
11711  4.759  -73.762  -41.475 0.0000000000
11737  4.550  -74.799  -43.259 0.0000000000
10748  2.833  -75.418  -43.327 0.0000000000
7272  3.679  -79.515  -43.554 0.0000000000
137894  2.365  -77.967  -43.225 0.0000000000
134760  0.778  -76.850  -42.291 0.0000000000
8103  -0.512  -78.157  -41.406 0.0000000000
7246  -2.361  -78.874  -40.128 0.0000000000
8069  -4.687  -79.122  -38.685 0.0000000000
6377  -5.062  -80.660  -38.149 0.0000000000
4823  -4.515  -82.163  -37.962 0.0000000000
4170  -3.911  -83.469  -38.563 0.0000000000
4152  -0.623  -83.413  -37.847 0.0000000000
3520  -2.481  -84.338  -37.451 0.0000000000
3540  -2.843  -84.509  -38.934 0.0000000000
3554  -1.604  -84.558  -40.374 0.0000000000
2982  -0.263  -85.677  -40.792 0.0000000000
2995  1.009  -86.488  -42.249 0.0000000000
2414  4.599  -86.522  -34.028 0.0000000000
1957  3.255  -88.002  -35.449 0.0000000000
1543  2.974  -89.427  -36.456 0.0000000000
755  3.806  -91.637  -35.253 0.0000000000
1161  3.035  -90.660  -36.767 0.0000000000
1565  2.397  -90.093  -37.860 0.0000000000
1582  2.124  -90.168  -39.743 0.0000000000
141172  1.425  -88.667  -41.682 0.0000000000
131813  0.784  -88.338  -43.886 0.0000000000
2509  -0.708  -87.721  -44.226 0.0000000000
3008  -2.285  -85.979  -43.797 0.0000000000
3581  -3.716  -84.677  -42.662 0.0000000000
2003  -3.308  -87.166  -40.141 0.0000000000
2984  -4.068  -85.635  -40.694 0.0000000000
4210  -4.831  -83.351  -42.327 0.0000000000
4870  -6.354  -82.775  -41.740 0.0000000000
4222  -7.341  -83.092  -43.128 0.0000000000
3601  -6.530  -84.331  -44.668 0.0000000000
1586  -5.685  -88.541  -39.383 0.0000000000
2013  -5.838  -87.130  -41.680 0.0000000000
2019  -5.675  -86.798  -43.035 0.0000000000
3016  -5.365  -85.982  -44.993 0.0000000000
3613  -5.576  -84.817  -46.033 0.0000000000
2544  -3.666  -86.377  -49.248 0.0000000000
30880  -21.433  -56.513  -26.606 0.0000000000
23017  -16.430  -63.562  -25.069 0.0000000000
23033  -18.045  -62.875  -26.078 0.0000000000
24097  -18.984  -61.878  -27.415 0.0000000000
23065  -16.663  -63.532  -28.401 0.0000000000
24107  -18.674  -62.121  -29.467 0.0000000000
26252  -19.360  -60.983  -27.790 0.0000000000
27423  -19.738  -59.407  -28.033 0.0000000000
29757  -20.090  -57.683  -28.170 0.0000000000
32105  -20.865  -55.458  -27.314 0.0000000000
32121  -19.759  -55.386  -28.580 0.0000000000
32120  -19.062  -54.972  -28.930 0.0000000000
33291  -17.587  -54.419  -28.832 0.0000000000
29766  -15.432  -57.441  -29.974 0.0000000000
32136  -15.966  -55.795  -29.416 0.0000000000
133175  -16.105  -53.917  -28.572 0.0000000000
150394  -14.464  -54.120  -28.254 0.0000000000
34367  -12.821  -53.807  -27.381 0.0000000000
34355  -12.000  -53.351  -26.827 0.0000000000
12482  -8.617  -73.713  -24.002 0.0000000000
13516  -9.670  -72.991  -24.901 0.0000000000
14623  -9.381  -72.070  -27.082 0.0000000000
14609  -7.144  -71.949  -25.644 0.0000000000
15669  -8.086  -70.910  -26.546 0.0000000000
15679  -9.453  -70.704  -27.910 0.0000000000
17721  -9.254  -68.267  -28.404 0.0000000000
19820  -9.225  -66.656  -28.418 0.0000000000
140670  -9.045  -65.185  -28.287 0.0000000000
19780  -2.875  -66.446  -26.377 0.0000000000
18722  -3.910  -66.379  -24.572 0.0000000000
19715  -5.121  -66.147  -24.311 0.0000000000
20786  -2.612  -64.959  -22.404 0.0000000000
20811  -4.743  -65.210  -23.462 0.0000000000
20845  -6.790  -66.096  -24.896 0.0000000000
21946  -7.488  -64.860  -26.483 0.0000000000
21957  -7.861  -64.365  -27.009 0.0000000000
134729  -9.006  -62.977  -28.632 0.0000000000
25171  -8.822  -61.538  -28.284 0.0000000000
27410  -9.467  -59.898  -28.169 0.0000000000
28557  -9.952  -58.657  -27.767 0.0000000000
28519  -7.141  -58.728  -25.260 0.0000000000
28536  -8.469  -58.502  -26.536 0.0000000000
29718  -10.087  -57.485  -26.923 0.0000000000
30840  -10.339  -56.001  -25.960 0.0000000000
32072  -11.028  -54.716  -25.946 0.0000000000
34345  -10.747  -53.552  -25.525 0.0000000000
35395  -10.142  -52.938  -24.133 0.0000000000
150974  -9.295  -51.937  -23.378 0.0000000000
146561  -8.123  -51.119  -22.246 0.0000000000
34282  -5.926  -53.375  -21.615 0.0000000000
36410  -6.846  -51.769  -21.413 0.0000000000
10750  -4.942  -75.751  -43.752 0.0000000000
12761  -4.467  -73.045  -45.379 0.0000000000
15881  -3.592  -71.015  -46.113 0.0000000000
140196  -0.141  -72.020  -47.373 0.0000000000
15892  -1.301  -70.737  -47.158 0.0000000000
16885  -1.370  -69.663  -46.300 0.0000000000
125835  0.360  -68.107  -44.933 0.0000000000
18927  2.655  -67.265  -43.359 0.0000000000
18916  4.044  -66.624  -42.583 0.0000000000
16933  4.644  -70.137  -52.147 0.0000000000
17964  3.739  -68.760  -51.001 0.0000000000
17939  3.492  -68.196  -48.688 0.0000000000
20104  0.426  -66.369  -51.914 0.0000000000
18991  2.499  -66.715  -49.776 0.0000000000
18962  4.018  -67.166  -47.291 0.0000000000
135480  4.000  -65.774  -46.465 0.0000000000
21113  4.451  -65.148  -43.910 0.0000000000
22158  3.432  -65.111  -42.268 0.0000000000
23212  2.090  -63.375  -42.366 0.0000000000
24218  1.102  -61.689  -41.898 0.0000000000
26357  0.744  -60.985  -40.440 0.0000000000
24206  -0.764  -61.519  -40.841 0.0000000000
24176  -0.284  -61.751  -38.458 0.0000000000
126749  -6.252  -77.576  -39.785 0.0000000000
9820  -6.801  -76.496  -41.390 0.0000000000
126797  -6.583  -76.964  -40.840 0.0000000000
4242  -6.864  -82.803  -45.620 0.0000000000
4907  -7.411  -81.796  -45.104 0.0000000000
4920  -6.859  -82.060  -46.099 0.0000000000
36480  -13.027  -50.930  -27.430 0.0000000000
133910  -13.236  -50.090  -27.336 0.0000000000
36479  -12.331  -51.314  -27.163 0.0000000000
36478  -11.827  -50.981  -26.806 0.0000000000
14563  -6.674  -71.847  -21.044 0.0000000000
14572  -7.962  -72.093  -21.796 0.0000000000
13488  -7.210  -72.175  -21.528 0.0000000000
33264  -22.162  -54.446  -26.372 0.0000000000
11647  -4.867  -74.273  -34.918 0.0000000000
11649  -6.333  -74.281  -34.857 0.0000000000
11666  -6.549  -74.386  -35.633 0.0000000000
17855  1.793  -68.540  -40.675 0.0000000000
18904  1.387  -68.595  -39.993 0.0000000000
19980  1.746  -67.213  -40.494 0.0000000000
21050  1.177  -65.964  -40.578 0.0000000000
19979  2.631  -66.702  -40.758 0.0000000000
147345  1.060  -85.311  -43.177 0.0000000000
3586  1.376  -85.179  -43.729 0.0000000000
3013  1.827  -85.929  -44.352 0.0000000000
18681  3.039  -67.508  -20.508 0.0000000000
135708  2.690  -66.715  -20.392 0.0000000000
19677  2.500  -66.322  -20.914 0.0000000000
149926  2.563  -66.555  -21.490 0.0000000000
18721  1.806  -67.360  -23.107 0.0000000000
17656  2.771  -67.571  -23.055 0.0000000000
12632  3.304  -73.026  -36.064 0.0000000000
13685  4.339  -72.450  -36.474 0.0000000000
13704  4.326  -72.510  -37.755 0.0000000000
13717  4.581  -72.490  -38.785 0.0000000000
12682  3.599  -73.204  -38.463 0.0000000000
4137  5.385  -83.990  -37.300 0.0000000000
4147  5.859  -84.559  -38.928 0.0000000000
140456  5.889  -84.395  -36.830 0.0000000000
3515  5.690  -85.184  -37.684 0.0000000000
3504  6.005  -84.762  -36.423 0.0000000000
25158  -14.129  -61.489  -26.170 0.0000000000
25146  -14.968  -61.855  -26.079 0.0000000000
24081  -14.386  -62.262  -25.577 0.0000000000
21998  -10.811  -64.415  -30.340 0.0000000000
23077  -11.265  -63.668  -30.443 0.0000000000
23076  -10.659  -62.887  -30.181 0.0000000000
24122  -11.202  -62.146  -30.264 0.0000000000
24104  -9.860  -62.654  -29.587 0.0000000000
18780  -3.566  -67.197  -28.744 0.0000000000
18766  -4.184  -66.917  -27.905 0.0000000000
19819  -3.199  -66.933  -28.144 0.0000000000
27302  -0.011  -59.632  -19.991 0.0000000000
12808  5.586  -74.051  -49.740 0.0000000000
13827  5.156  -73.212  -49.011 0.0000000000
13874  5.201  -72.068  -51.559 0.0000000000
13739  -6.539  -72.233  -39.455 0.0000000000
13754  -6.503  -72.615  -40.087 0.0000000000
15851  -4.600  -70.189  -44.521 0.0000000000
15844  -5.288  -70.339  -43.933 0.0000000000
16860  -4.109  -69.694  -44.312 0.0000000000
16859  -3.390  -69.529  -44.447 0.0000000000
16858  -2.581  -69.377  -44.614 0.0000000000
3600  -3.120  -84.242  -44.241 0.0000000000
4898  -2.637  -83.405  -45.198 0.0000000000
4232  -3.360  -83.323  -44.505 0.0000000000
7353  -3.331  -78.991  -49.595 0.0000000000
8201  -3.199  -78.558  -48.878 0.0000000000
7369  -2.967  -79.525  -50.587 0.0000000000
7381  -2.552  -80.038  -51.730 0.0000000000
38501  -8.822  -49.749  -22.574 0.0000000000
38496  -9.138  -48.970  -22.576 0.0000000000
38495  -8.202  -48.972  -21.641 0.0000000000
38494  -7.510  -49.514  -21.036 0.0000000000
19717  -10.088  -66.590  -22.761 0.0000000000
128591  -10.941  -66.914  -23.469 0.0000000000
18727  -10.264  -67.279  -23.390 0.0000000000
15670  -11.425  -70.896  -26.395 0.0000000000
16685  -11.741  -70.286  -26.805 0.0000000000
16708  -11.675  -69.755  -28.693 0.0000000000
15691  -11.002  -70.451  -28.360 0.0000000000
20925  3.470  -66.034  -30.315 0.0000000000
20918  3.455  -65.637  -29.566 0.0000000000
20917  3.450  -64.770  -29.087 0.0000000000
35446  -18.830  -52.527  -27.790 0.0000000000
139512  -18.059  -52.441  -27.885 0.0000000000
35445  -17.415  -52.025  -27.707 0.0000000000
35458  -16.381  -53.107  -28.250 0.0000000000
11597  -3.008  -75.193  -27.217 0.0000000000
10602  -3.688  -75.598  -27.701 0.0000000000
11606  -3.874  -75.311  -28.605 0.0000000000
14701  -8.488  -70.943  -31.832 0.0000000000
14700  -8.033  -71.323  -31.182 0.0000000000
16729  -7.773  -69.905  -31.500 0.0000000000
16728  -7.273  -69.269  -31.801 0.0000000000
16735  -6.943  -69.450  -32.636 0.0000000000
17846  -7.223  -68.740  -38.949 0.0000000000
131610  -6.953  -68.892  -38.145 0.0000000000
17826  -6.237  -68.759  -38.438 0.0000000000
17779  -0.609  -68.492  -35.728 0.0000000000
17780  -1.475  -68.705  -35.442 0.0000000000
17771  -0.743  -68.310  -34.866 0.0000000000
17762  0.251  -67.866  -34.356 0.0000000000
18839  0.961  -67.817  -35.076 0.0000000000
23159  3.006  -62.188  -37.307 0.0000000000
23150  3.153  -62.919  -36.454 0.0000000000
24163  2.257  -61.949  -36.583 0.0000000000
24168  1.430  -61.764  -37.199 0.0000000000
4869  -3.591  -82.211  -40.745 0.0000000000
5609  -3.598  -81.531  -41.250 0.0000000000
5608  -2.894  -81.627  -41.893 0.0000000000
6466  1.820  -81.451  -45.927 0.0000000000
6488  1.550  -80.462  -46.105 0.0000000000
7311  2.376  -80.137  -46.747 0.0000000000
7323  2.862  -79.407  -47.269 0.0000000000
7322  3.695  -80.442  -47.174 0.0000000000
5673  1.035  -82.000  -48.578 0.0000000000
4933  1.790  -82.983  -48.929 0.0000000000
6510  1.814  -80.612  -49.009 0.0000000000
9949  3.220  -76.937  -53.053 0.0000000000
9039  3.949  -77.680  -52.166 0.0000000000
9939  3.586  -76.998  -52.600 0.0000000000
130871  4.266  -77.347  -51.702 0.0000000000
9940  2.976  -76.557  -52.419 0.0000000000
146942  2.077  -75.898  -50.866 0.0000000000
131116  -10.320  -61.048  -22.194 0.0000000000
26182  -9.995  -60.346  -21.742 0.0000000000
141973  -6.003  -63.913  -19.605 0.0000000000
21835  -6.370  -64.515  -19.764 0.0000000000
20752  -6.204  -65.237  -19.461 0.0000000000
19668  -6.032  -66.009  -19.039 0.0000000000
17644  -1.137  -68.988  -20.070 0.0000000000
16616  -1.575  -69.414  -19.417 0.0000000000
16617  -2.227  -69.841  -18.877 0.0000000000
15613  -1.792  -70.378  -20.732 0.0000000000
15626  -2.215  -70.995  -21.187 0.0000000000
15625  -1.686  -70.422  -21.665 0.0000000000
128100  -0.901  -70.088  -28.223 0.0000000000
15687  -1.027  -70.490  -28.998 0.0000000000
131513  -1.437  -71.447  -30.319 0.0000000000
14679  -0.668  -70.771  -30.519 0.0000000000
14632  4.168  -70.863  -28.211 0.0000000000
15684  4.366  -70.108  -28.527 0.0000000000
14645  4.202  -70.864  -28.977 0.0000000000
14784  1.824  -71.173  -36.494 0.0000000000
14769  1.607  -71.073  -35.610 0.0000000000
14785  0.941  -71.630  -36.169 0.0000000000
13687  0.537  -72.394  -36.592 0.0000000000
13706  0.632  -72.614  -37.399 0.0000000000
12684  -0.026  -73.290  -37.740 0.0000000000
13719  0.632  -72.688  -38.291 0.0000000000
11729  1.111  -73.829  -42.588 0.0000000000
12730  0.272  -73.258  -42.291 0.0000000000
11730  0.375  -74.157  -42.316 0.0000000000
10740  -0.656  -75.414  -41.851 0.0000000000
10739  0.272  -75.309  -42.054 0.0000000000
7262  6.970  -80.408  -42.609 0.0000000000
8101  7.047  -78.856  -41.628 0.0000000000
8936  6.885  -78.263  -41.122 0.0000000000
8943  6.809  -78.254  -42.076 0.0000000000
8952  6.231  -77.575  -42.872 0.0000000000
8119  6.101  -78.451  -43.537 0.0000000000
4851  1.425  -82.688  -41.156 0.0000000000
129176  1.659  -82.156  -41.714 0.0000000000
4852  0.590  -82.270  -40.654 0.0000000000
5590  0.195  -81.517  -40.852 0.0000000000
4853  -0.146  -81.999  -40.115 0.0000000000
5571  -0.939  -81.782  -39.486 0.0000000000
4831  0.255  -82.598  -39.968 0.0000000000
2434  1.378  -87.207  -35.817 0.0000000000
2440  0.549  -86.585  -36.167 0.0000000000
1965  0.381  -87.071  -36.696 0.0000000000
1984  0.311  -87.289  -38.291 0.0000000000
1977  0.807  -87.751  -37.692 0.0000000000
139565  -0.187  -90.301  -37.739 0.0000000000
1173  0.907  -91.239  -37.798 0.0000000000
1181  -0.438  -90.180  -38.602 0.0000000000
1180  0.432  -91.046  -39.716 0.0000000000
129495  -0.628  -89.994  -39.518 0.0000000000
1584  -1.615  -89.126  -39.474 0.0000000000
2463  -6.105  -86.550  -38.379 0.0000000000
2957  -6.047  -85.898  -38.933 0.0000000000
2488  -6.627  -85.970  -39.906 0.0000000000
2986  -6.605  -85.187  -40.231 0.0000000000
125870  -6.463  -86.741  -40.664 0.0000000000
1621  -3.660  -89.080  -46.778 0.0000000000
27389  -19.840  -59.720  -25.240 0.0000000000
26230  -20.272  -60.194  -25.980 0.0000000000
27403  -20.584  -59.445  -26.421 0.0000000000
27414  -20.182  -60.233  -26.969 0.0000000000
20895  -14.894  -65.670  -27.150 0.0000000000
20896  -15.507  -65.269  -27.152 0.0000000000
20911  -15.056  -65.169  -27.866 0.0000000000
129808  -16.820  -60.342  -30.394 0.0000000000
26275  -17.828  -60.629  -30.137 0.0000000000
27439  -17.824  -60.087  -30.376 0.0000000000
28595  -18.132  -59.311  -29.828 0.0000000000
28594  -17.506  -58.712  -30.032 0.0000000000
28606  -16.743  -59.016  -30.283 0.0000000000
29753  -11.759  -57.816  -28.468 0.0000000000
29754  -12.591  -57.441  -28.826 0.0000000000
29738  -12.097  -57.108  -27.956 0.0000000000
30877  -12.328  -56.353  -27.525 0.0000000000
13545  -6.361  -73.808  -26.194 0.0000000000
12503  -6.972  -74.020  -25.764 0.0000000000
13529  -5.839  -72.776  -25.871 0.0000000000
17670  -6.455  -68.819  -24.563 0.0000000000
17685  -7.047  -68.679  -24.631 0.0000000000
126858  -7.595  -68.161  -25.170 0.0000000000
18745  -8.091  -67.676  -25.774 0.0000000000
18744  -7.490  -67.306  -25.147 0.0000000000
20831  -0.044  -65.810  -23.513 0.0000000000
19729  -1.019  -65.855  -23.579 0.0000000000
146253  -0.696  -65.579  -23.053 0.0000000000
25124  -4.403  -61.896  -23.625 0.0000000000
24052  -4.826  -62.408  -24.106 0.0000000000
139231  -5.043  -62.091  -24.738 0.0000000000
24066  -5.680  -62.705  -25.302 0.0000000000
133001  -5.496  -62.101  -25.243 0.0000000000
25143  -6.400  -61.008  -26.035 0.0000000000
25134  -5.793  -61.227  -25.540 0.0000000000
30793  -6.762  -56.502  -23.140 0.0000000000
29665  -7.210  -56.916  -23.836 0.0000000000
30794  -7.543  -56.158  -23.288 0.0000000000
30795  -8.292  -55.796  -23.563 0.0000000000
32025  -7.904  -55.449  -22.723 0.0000000000
32010  -8.191  -54.871  -22.401 0.0000000000
32009  -7.585  -55.215  -22.076 0.0000000000
10777  -1.747  -75.911  -45.791 0.0000000000
10778  -2.404  -75.416  -45.537 0.0000000000
11763  -0.932  -75.026  -46.752 0.0000000000
16880  5.067  -69.653  -45.838 0.0000000000
15860  3.901  -70.447  -45.036 0.0000000000
135735  4.902  -69.479  -45.167 0.0000000000
17904  4.762  -68.917  -44.888 0.0000000000
17915  4.831  -68.674  -45.788 0.0000000000
21168  0.458  -64.887  -49.040 0.0000000000
22233  0.803  -63.737  -47.791 0.0000000000
23280  1.067  -63.379  -47.342 0.0000000000
22217  0.973  -63.368  -47.010 0.0000000000
141176  0.993  -63.107  -46.057 0.0000000000
145888  0.586  -63.422  -46.225 0.0000000000
10724  -6.800  -75.179  -40.194 0.0000000000
11717  -7.302  -74.309  -40.839 0.0000000000
10725  -7.214  -75.139  -40.552 0.0000000000
10752  -6.513  -75.202  -43.163 0.0000000000
11742  -6.749  -74.409  -43.417 0.0000000000
11750  -6.306  -73.878  -44.049 0.0000000000
13790  -5.969  -72.353  -44.587 0.0000000000
12747  -5.778  -73.307  -44.545 0.0000000000
5632  -6.229  -81.225  -43.249 0.0000000000
5640  -5.751  -80.723  -43.872 0.0000000000
6443  -6.693  -80.567  -43.754 0.0000000000
6472  -6.844  -79.835  -45.752 0.0000000000
7303  -6.459  -79.435  -45.583 0.0000000000
7316  -6.243  -79.345  -46.397 0.0000000000
8180  -5.060  -78.697  -47.260 0.0000000000
6502  -5.481  -79.734  -47.790 0.0000000000
39534  -17.763  -48.694  -25.966 0.0000000000
39533  -17.091  -48.794  -26.090 0.0000000000
141653  -14.435  -49.105  -26.903 0.0000000000
39518  -15.896  -48.259  -26.076 0.0000000000
139074  -14.587  -48.383  -26.624 0.0000000000
40520  -15.136  -47.842  -26.138 0.0000000000
40519  -14.171  -47.779  -26.489 0.0000000000
40518  -13.353  -47.889  -26.629 0.0000000000
39529  -12.328  -48.815  -26.638 0.0000000000
37489  -10.589  -50.447  -25.216 0.0000000000
38513  -10.949  -49.711  -25.485 0.0000000000
37484  -10.231  -50.486  -24.512 0.0000000000
38507  -10.106  -49.907  -24.135 0.0000000000
37483  -9.860  -50.511  -23.834 0.0000000000
16635  -8.790  -69.564  -21.212 0.0000000000
16636  -9.179  -69.537  -21.809 0.0000000000
14574  -9.375  -71.676  -22.833 0.0000000000
14575  -9.838  -71.063  -23.125 0.0000000000
148002  -9.796  -71.648  -23.413 0.0000000000
14593  -10.463  -71.599  -24.422 0.0000000000
13508  -10.027  -71.996  -23.925 0.0000000000
22035  1.733  -63.702  -31.510 0.0000000000
22009  1.663  -63.739  -30.331 0.0000000000
35448  -20.699  -53.066  -26.985 0.0000000000
35447  -19.743  -52.905  -27.558 0.0000000000
34372  -19.548  -53.793  -28.088 0.0000000000
12578  -4.586  -73.834  -31.770 0.0000000000
11633  -5.101  -74.290  -31.170 0.0000000000
12579  -5.548  -74.088  -31.904 0.0000000000
131241  -7.822  -73.890  -34.042 0.0000000000
12601  -7.791  -73.680  -33.235 0.0000000000
12602  -8.527  -73.271  -33.714 0.0000000000
13632  -8.708  -72.052  -32.599 0.0000000000
13648  -8.999  -72.259  -33.501 0.0000000000
17859  -2.433  -68.704  -40.200 0.0000000000
139645  -2.931  -68.712  -39.528 0.0000000000
17841  -1.927  -68.925  -39.425 0.0000000000
17820  0.578  -68.698  -38.440 0.0000000000
136101  -0.774  -69.471  -38.450 0.0000000000
17802  0.424  -68.299  -37.819 0.0000000000
17803  -0.061  -68.841  -37.229 0.0000000000
147986  0.504  -68.133  -37.310 0.0000000000
132898  0.790  -67.692  -36.964 0.0000000000
19952  0.734  -67.281  -37.836 0.0000000000
22125  1.567  -64.014  -39.712 0.0000000000
21030  1.099  -65.180  -38.677 0.0000000000
23169  2.472  -63.125  -38.961 0.0000000000
23180  2.079  -62.804  -39.763 0.0000000000
4196  -1.350  -83.811  -41.487 0.0000000000
4878  -1.427  -82.627  -42.521 0.0000000000
4207  -1.001  -83.428  -42.222 0.0000000000
4229  1.492  -84.104  -44.448 0.0000000000
4230  0.599  -83.316  -43.929 0.0000000000
4896  1.094  -83.030  -44.528 0.0000000000
4904  1.591  -82.743  -45.168 0.0000000000
137707  2.620  -83.532  -45.624 0.0000000000
7378  0.358  -79.436  -52.501 0.0000000000
7377  1.347  -79.098  -52.239 0.0000000000
132506  1.067  -79.571  -53.448 0.0000000000
8243  1.681  -78.614  -54.197 0.0000000000
9083  2.336  -76.877  -54.356 0.0000000000
21820  1.411  -64.362  -18.427 0.0000000000
18697  0.892  -66.732  -21.400 0.0000000000
19666  0.449  -65.677  -20.184 0.0000000000
18682  -0.045  -67.163  -20.676 0.0000000000
17643  -0.595  -68.217  -20.469 0.0000000000
17653  -0.336  -68.417  -21.447 0.0000000000
16638  -0.508  -69.254  -22.638 0.0000000000
17658  -0.127  -68.477  -22.313 0.0000000000
17681  1.002  -68.141  -24.473 0.0000000000
17696  0.214  -68.847  -24.730 0.0000000000
16681  0.962  -68.548  -25.965 0.0000000000
136812  0.494  -68.861  -26.594 0.0000000000
126810  3.840  -72.239  -31.936 0.0000000000
133404  4.436  -71.486  -32.034 0.0000000000
140823  4.928  -70.915  -36.341 0.0000000000
15765  4.739  -70.706  -35.725 0.0000000000
15782  4.428  -70.492  -36.482 0.0000000000
129759  3.896  -70.212  -36.973 0.0000000000
15793  3.573  -70.399  -37.703 0.0000000000
14809  3.079  -70.647  -38.614 0.0000000000
15803  4.083  -70.521  -38.383 0.0000000000
13758  4.937  -71.875  -40.966 0.0000000000
14826  4.095  -71.232  -40.901 0.0000000000
13759  4.323  -71.798  -41.651 0.0000000000
13769  3.398  -71.883  -42.129 0.0000000000
12726  4.248  -72.451  -42.218 0.0000000000
4164  5.078  -83.018  -40.163 0.0000000000
5587  5.403  -82.069  -41.476 0.0000000000
5603  6.206  -81.938  -42.085 0.0000000000
4866  6.236  -82.761  -41.824 0.0000000000
4874  6.267  -82.867  -42.697 0.0000000000
4865  6.226  -83.216  -42.126 0.0000000000
2981  5.001  -85.624  -40.699 0.0000000000
3569  4.713  -84.620  -41.638 0.0000000000
3552  4.296  -85.207  -41.033 0.0000000000
3553  2.648  -84.173  -40.845 0.0000000000
131395  3.198  -84.884  -40.583 0.0000000000
151069  2.185  -84.757  -39.538 0.0000000000
2965  3.424  -85.841  -39.346 0.0000000000
2450  4.311  -86.506  -37.270 0.0000000000
2940  3.408  -86.245  -37.725 0.0000000000
2451  3.689  -86.587  -37.037 0.0000000000
2439  2.895  -86.775  -35.949 0.0000000000
2431  3.227  -86.981  -35.633 0.0000000000
1156  -0.566  -89.198  -35.267 0.0000000000
1555  -1.784  -88.782  -36.555 0.0000000000
29722  -17.388  -56.993  -26.671 0.0000000000
28560  -16.506  -58.545  -27.486 0.0000000000
25161  -16.580  -61.467  -25.671 0.0000000000
26240  -17.665  -60.417  -25.668 0.0000000000
26226  -17.453  -61.294  -25.365 0.0000000000
26227  -18.290  -60.969  -25.228 0.0000000000
25149  -17.922  -61.763  -25.233 0.0000000000
20921  -13.656  -65.368  -29.728 0.0000000000
20922  -14.202  -65.077  -29.203 0.0000000000
21999  -13.907  -64.706  -30.002 0.0000000000
24136  -12.613  -62.598  -30.566 0.0000000000
24137  -13.374  -63.030  -30.556 0.0000000000
25211  -14.618  -61.807  -30.391 0.0000000000
26281  -14.367  -60.926  -30.506 0.0000000000
26280  -13.887  -60.230  -30.458 0.0000000000
132714  -13.593  -60.862  -30.456 0.0000000000
26271  -11.147  -60.501  -29.654 0.0000000000
26272  -12.111  -60.690  -30.077 0.0000000000
27427  -11.773  -59.824  -29.672 0.0000000000
27421  -11.682  -59.021  -29.262 0.0000000000
26263  -11.002  -59.718  -29.202 0.0000000000
15688  -4.385  -70.343  -27.710 0.0000000000
143293  -4.263  -71.382  -26.214 0.0000000000
132431  -4.139  -70.472  -26.713 0.0000000000
131662  -4.400  -67.989  -25.985 0.0000000000
17697  -4.360  -68.926  -25.643 0.0000000000
129044  -4.566  -69.174  -25.108 0.0000000000
16647  -5.324  -69.280  -24.574 0.0000000000
17684  -4.841  -68.745  -24.949 0.0000000000
22965  1.037  -63.343  -21.001 0.0000000000
22966  -0.077  -63.553  -21.079 0.0000000000
24003  0.084  -62.339  -20.410 0.0000000000
26168  -1.559  -60.625  -21.096 0.0000000000
25099  -1.684  -61.639  -21.205 0.0000000000
130397  -2.290  -60.895  -21.690 0.0000000000
127652  -3.536  -60.972  -22.729 0.0000000000
26180  -3.304  -60.152  -22.590 0.0000000000
27325  -3.802  -59.579  -23.127 0.0000000000
27324  -3.341  -59.281  -22.640 0.0000000000
28451  -2.898  -57.927  -21.785 0.0000000000
29645  -3.543  -57.810  -22.314 0.0000000000
29637  -3.343  -57.335  -21.860 0.0000000000
29639  -4.629  -56.744  -22.605 0.0000000000
30768  -3.393  -56.586  -21.770 0.0000000000
30769  -4.380  -56.333  -22.025 0.0000000000
32004  -1.276  -54.981  -22.054 0.0000000000
10799  1.801  -75.255  -47.356 0.0000000000
127360  1.616  -74.038  -47.432 0.0000000000
143222  3.415  -73.844  -47.112 0.0000000000
14899  4.907  -71.480  -48.709 0.0000000000
14889  4.604  -71.607  -47.600 0.0000000000
127378  4.907  -70.818  -47.956 0.0000000000
138044  4.695  -70.990  -46.830 0.0000000000
15898  4.890  -70.148  -48.550 0.0000000000
12668  -5.514  -73.602  -37.523 0.0000000000
12669  -6.407  -73.475  -37.618 0.0000000000
12691  -6.740  -72.773  -38.245 0.0000000000
14820  -8.323  -71.240  -39.849 0.0000000000
14811  -8.317  -71.372  -38.879 0.0000000000
15818  -8.512  -70.278  -40.125 0.0000000000
16819  -8.312  -69.410  -39.824 0.0000000000
15828  -8.190  -69.676  -40.781 0.0000000000
13776  -7.869  -72.866  -42.264 0.0000000000
145001  -8.032  -71.998  -42.212 0.0000000000
129607  -7.665  -71.417  -42.799 0.0000000000
125600  -5.110  -69.352  -42.931 0.0000000000
16845  -5.929  -69.629  -42.703 0.0000000000
16839  -5.773  -69.079  -41.941 0.0000000000
16840  -6.538  -69.061  -41.462 0.0000000000
140636  -5.068  -68.680  -41.471 0.0000000000
17861  -4.480  -68.519  -40.852 0.0000000000
126000  -3.858  -68.788  -42.373 0.0000000000
17876  -1.204  -68.778  -42.944 0.0000000000
17877  -1.918  -68.829  -42.435 0.0000000000
141144  -0.417  -68.627  -42.514 0.0000000000
17875  0.540  -68.572  -42.022 0.0000000000
18919  1.162  -68.035  -42.790 0.0000000000
3025  -0.194  -86.492  -46.130 0.0000000000
144642  -1.074  -85.754  -45.875 0.0000000000
146061  -1.894  -82.878  -46.178 0.0000000000
134485  -1.354  -83.403  -46.571 0.0000000000
4917  -1.572  -82.509  -46.620 0.0000000000
132002  -0.322  -82.327  -47.916 0.0000000000
138425  -1.453  -81.194  -47.107 0.0000000000
6470  -3.617  -80.365  -45.467 0.0000000000
5649  -3.445  -81.347  -45.235 0.0000000000
8185  -1.707  -78.683  -48.784 0.0000000000
140393  -1.800  -79.350  -47.710 0.0000000000
7331  -1.362  -78.991  -48.354 0.0000000000
7330  -0.701  -79.297  -48.551 0.0000000000
8184  -0.889  -78.813  -48.926 0.0000000000
8213  0.053  -78.756  -50.428 0.0000000000
8214  -0.806  -78.694  -50.309 0.0000000000
6551  -1.605  -81.085  -53.216 0.0000000000
129593  -0.958  -80.819  -53.349 0.0000000000
6568  -1.187  -81.357  -54.723 0.0000000000
40503  -12.318  -47.451  -25.998 0.0000000000
40502  -11.568  -47.507  -25.527 0.0000000000
41545  -10.945  -46.708  -24.210 0.0000000000
133237  -10.324  -46.764  -23.110 0.0000000000
21931  -12.694  -64.425  -23.721 0.0000000000
19752  -13.328  -66.319  -24.426 0.0000000000
19766  -13.537  -66.615  -25.343 0.0000000000
19767  -14.185  -66.174  -25.541 0.0000000000
18747  -13.101  -67.090  -25.984 0.0000000000
130293  -10.226  -69.023  -23.918 0.0000000000
17673  -10.812  -68.242  -24.526 0.0000000000
17686  -11.265  -68.802  -25.078 0.0000000000
17711  -12.506  -68.901  -27.138 0.0000000000
129200  -12.494  -68.278  -26.382 0.0000000000
18757  -12.838  -68.048  -27.176 0.0000000000
18769  -13.202  -67.606  -27.873 0.0000000000
18785  -13.180  -67.203  -28.634 0.0000000000
18784  -12.831  -67.970  -28.788 0.0000000000
18797  -10.921  -67.889  -30.151 0.0000000000
18798  -11.712  -67.616  -30.160 0.0000000000
18809  -11.059  -67.093  -30.373 0.0000000000
19850  -11.120  -66.277  -30.457 0.0000000000
19837  -10.456  -66.530  -30.128 0.0000000000
19836  0.246  -67.301  -28.976 0.0000000000
18777  -0.603  -67.197  -28.457 0.0000000000
138781  1.121  -67.128  -28.601 0.0000000000
20892  2.674  -66.175  -27.072 0.0000000000
19797  1.956  -66.517  -27.465 0.0000000000
19776  1.891  -66.298  -25.897 0.0000000000
19759  1.159  -66.295  -25.158 0.0000000000
20858  2.401  -65.846  -25.289 0.0000000000
23059  2.652  -63.852  -28.365 0.0000000000
21964  3.114  -64.278  -27.912 0.0000000000
23050  3.006  -63.946  -27.384 0.0000000000
146969  3.008  -63.173  -25.162 0.0000000000
21925  3.198  -63.624  -25.206 0.0000000000
23007  3.116  -63.250  -24.344 0.0000000000
21927  2.797  -64.613  -23.933 0.0000000000
23000  3.140  -63.120  -23.379 0.0000000000
21886  2.617  -63.696  -22.334 0.0000000000
22983  2.879  -63.159  -22.522 0.0000000000
3638  -3.379  -84.706  -49.067 0.0000000000
4269  -3.508  -83.918  -49.020 0.0000000000
129122  -4.512  -84.877  -49.729 0.0000000000
37506  -19.419  -50.347  -26.639 0.0000000000
135218  -18.426  -48.985  -26.132 0.0000000000
136371  -18.545  -49.805  -26.490 0.0000000000
36496  -15.777  -51.679  -27.633 0.0000000000
37520  -16.130  -50.888  -27.355 0.0000000000
36495  -14.803  -51.408  -27.588 0.0000000000
35442  -14.393  -52.206  -27.673 0.0000000000
12479  -4.192  -73.839  -23.419 0.0000000000
12480  -4.811  -74.294  -23.525 0.0000000000
11556  -4.506  -74.921  -24.340 0.0000000000
10592  -5.306  -75.388  -27.557 0.0000000000
10565  -5.261  -75.303  -25.650 0.0000000000
10577  -5.175  -75.449  -26.560 0.0000000000
11598  -5.904  -74.834  -27.472 0.0000000000
149322  -6.602  -74.305  -30.601 0.0000000000
11630  -6.243  -74.523  -30.175 0.0000000000
12567  -6.930  -74.101  -30.160 0.0000000000
13589  -6.795  -72.916  -29.484 0.0000000000
14650  -6.082  -72.525  -28.965 0.0000000000
14649  -5.733  -71.698  -29.075 0.0000000000
132041  -5.201  -71.138  -28.818 0.0000000000
141075  -5.847  -70.877  -29.487 0.0000000000
17743  -6.141  -68.763  -31.102 0.0000000000
17734  -6.203  -68.700  -30.140 0.0000000000
17742  -5.570  -68.404  -30.508 0.0000000000
17732  -5.088  -67.974  -30.058 0.0000000000
17741  -4.744  -68.372  -30.824 0.0000000000
13689  -8.650  -72.835  -36.845 0.0000000000
12651  -8.394  -73.663  -36.415 0.0000000000
127088  -8.950  -72.101  -36.585 0.0000000000
16784  -7.545  -69.856  -36.035 0.0000000000
15784  -8.595  -70.608  -36.140 0.0000000000
15769  -7.742  -70.069  -35.282 0.0000000000
15761  -8.036  -70.184  -34.473 0.0000000000
16766  -6.907  -69.808  -35.398 0.0000000000
16795  -3.802  -69.155  -37.338 0.0000000000
16796  -4.741  -69.217  -37.213 0.0000000000
16750  -3.760  -69.376  -34.548 0.0000000000
16751  -4.507  -69.600  -34.931 0.0000000000
16752  -5.840  -69.994  -34.113 0.0000000000
129904  -5.008  -69.770  -34.124 0.0000000000
150239  -5.171  -69.396  -32.882 0.0000000000
16741  -4.577  -69.488  -33.419 0.0000000000
17755  -1.745  -68.278  -32.494 0.0000000000
17757  -3.142  -68.776  -32.593 0.0000000000
17748  -2.160  -68.254  -31.661 0.0000000000
18818  -2.554  -68.151  -30.882 0.0000000000
18817  -1.764  -67.916  -30.974 0.0000000000
125770  -0.998  -67.709  -31.066 0.0000000000
17746  -0.781  -67.723  -31.675 0.0000000000
136204  1.659  -67.588  -32.888 0.0000000000
125971  1.459  -67.480  -31.984 0.0000000000
18823  2.438  -67.287  -32.354 0.0000000000
19860  3.176  -66.576  -31.809 0.0000000000
19869  3.217  -66.969  -32.821 0.0000000000
19936  2.210  -66.668  -36.720 0.0000000000
19919  2.375  -67.284  -35.943 0.0000000000
19935  2.942  -66.512  -36.073 0.0000000000
23138  3.326  -63.749  -34.841 0.0000000000
20984  3.736  -65.474  -34.729 0.0000000000
22071  3.547  -64.290  -33.816 0.0000000000
22063  3.716  -64.641  -33.121 0.0000000000
23122  3.364  -63.897  -33.395 0.0000000000
140675  2.949  -63.695  -32.905 0.0000000000
23123  2.829  -63.546  -33.755 0.0000000000
22073  0.581  -64.084  -34.440 0.0000000000
6410  -5.803  -80.187  -39.792 0.0000000000
8105  -5.319  -78.689  -41.321 0.0000000000
6426  -5.423  -79.731  -40.688 0.0000000000
7276  -3.143  -78.988  -42.988 0.0000000000
8113  -3.867  -78.807  -42.406 0.0000000000
8124  -2.887  -78.320  -43.461 0.0000000000
8966  -2.693  -77.644  -43.946 0.0000000000
8138  -2.287  -78.404  -44.117 0.0000000000
5629  -1.315  -81.420  -43.480 0.0000000000
5630  -1.912  -81.096  -43.184 0.0000000000
8152  0.491  -79.020  -45.890 0.0000000000
146838  -0.173  -78.683  -45.649 0.0000000000
8153  -0.612  -78.050  -45.699 0.0000000000
9865  0.296  -77.020  -46.820 0.0000000000
8998  0.714  -77.742  -46.751 0.0000000000
9008  3.470  -77.581  -47.533 0.0000000000
9877  3.662  -76.589  -47.371 0.0000000000
9876  4.527  -76.393  -47.481 0.0000000000
10795  5.217  -75.498  -47.620 0.0000000000
9875  5.257  -76.103  -47.851 0.0000000000
3036  1.633  -86.070  -46.620 0.0000000000
3623  2.479  -85.437  -47.045 0.0000000000
4266  3.809  -83.886  -48.548 0.0000000000
3622  3.347  -84.636  -47.257 0.0000000000
4259  4.145  -84.112  -47.728 0.0000000000
4914  4.105  -83.366  -46.744 0.0000000000
4924  5.021  -82.895  -47.882 0.0000000000
8222  2.666  -79.039  -50.760 0.0000000000
8195  3.361  -79.046  -49.963 0.0000000000
7347  4.772  -79.469  -49.431 0.0000000000
6529  4.872  -80.428  -49.083 0.0000000000
6528  4.945  -80.326  -48.829 0.0000000000
6496  5.330  -80.831  -47.953 0.0000000000
6506  5.109  -80.347  -48.357 0.0000000000
6495  5.071  -80.079  -48.062 0.0000000000
8182  5.091  -78.691  -48.950 0.0000000000
9897  4.412  -76.254  -50.184 0.0000000000
9910  5.471  -76.502  -50.124 0.0000000000
10828  4.890  -75.700  -50.158 0.0000000000
11801  5.350  -74.976  -50.226 0.0000000000
11802  4.178  -75.182  -49.786 0.0000000000
133369  3.145  -73.422  -50.120 0.0000000000
12809  3.582  -74.419  -49.816 0.0000000000
132596  -3.842  -83.058  -48.947 0.0000000000
4950  -4.189  -82.514  -48.948 0.0000000000
26225  -14.139  -60.001  -26.603 0.0000000000
26200  -11.741  -61.031  -23.240 0.0000000000
25136  -12.631  -61.521  -24.413 0.0000000000
129158  -12.229  -61.818  -24.046 0.0000000000
24068  -12.076  -62.184  -23.890 0.0000000000
24067  -11.780  -61.906  -23.573 0.0000000000
151953  -9.782  -62.814  -22.562 0.0000000000
22989  -10.358  -63.392  -22.840 0.0000000000
130923  -9.631  -63.685  -22.675 0.0000000000
130580  -9.803  -65.100  -22.634 0.0000000000
21894  -9.139  -64.449  -22.453 0.0000000000
25101  -7.687  -60.846  -20.985 0.0000000000
24031  -8.204  -61.770  -21.568 0.0000000000
146227  -7.479  -61.932  -21.039 0.0000000000
20762  -7.373  -65.290  -20.362 0.0000000000
21869  -8.055  -64.279  -21.519 0.0000000000
20787  -7.965  -65.104  -21.154 0.0000000000
20788  -8.365  -65.786  -21.600 0.0000000000
19682  -8.392  -66.644  -21.098 0.0000000000
18684  -8.338  -67.552  -20.644 0.0000000000
19681  -7.895  -66.741  -20.348 0.0000000000
17635  -6.908  -68.556  -18.927 0.0000000000
17636  -7.608  -68.347  -19.590 0.0000000000
16618  -6.676  -69.437  -19.010 0.0000000000
135473  -7.028  -70.609  -20.054 0.0000000000
15606  -6.714  -70.170  -19.484 0.0000000000
25039  -3.282  -61.247  -18.626 0.0000000000
23977  -3.641  -61.608  -19.033 0.0000000000
23968  -3.954  -62.507  -19.063 0.0000000000
22911  -3.916  -63.419  -18.804 0.0000000000
21822  -0.942  -64.200  -18.797 0.0000000000
21823  -1.550  -63.770  -18.697 0.0000000000
20739  -1.466  -65.475  -18.627 0.0000000000
19653  -2.722  -66.774  -18.335 0.0000000000
20740  -3.127  -65.963  -18.296 0.0000000000
19654  -3.774  -66.585  -18.258 0.0000000000
20741  -3.817  -65.634  -18.310 0.0000000000
152322  -4.399  -66.709  -18.300 0.0000000000
19655  -4.932  -66.753  -18.394 0.0000000000
136437  -3.999  -68.011  -18.294 0.0000000000
15603  -3.480  -70.879  -18.870 0.0000000000
15585  -3.952  -70.154  -18.654 0.0000000000
14539  -3.917  -71.440  -19.500 0.0000000000
14540  -4.846  -71.353  -19.626 0.0000000000
14550  -4.318  -71.790  -20.294 0.0000000000
141139  -4.629  -72.656  -21.970 0.0000000000
13485  -3.856  -72.417  -21.767 0.0000000000
127830  -2.502  -71.758  -23.289 0.0000000000
13504  -2.803  -72.584  -23.598 0.0000000000
13515  -2.568  -72.928  -24.419 0.0000000000
12502  -2.610  -73.713  -25.042 0.0000000000
13528  -2.205  -72.754  -25.405 0.0000000000
131352  -0.921  -69.892  -24.043 0.0000000000
15639  -1.535  -70.505  -23.478 0.0000000000
15656  -1.396  -70.594  -25.174 0.0000000000
143551  -1.740  -71.663  -27.541 0.0000000000
13541  -1.824  -71.986  -26.626 0.0000000000
134148  -2.102  -72.429  -27.954 0.0000000000
132315  -2.293  -73.265  -27.985 0.0000000000
127558  -2.393  -72.943  -29.236 0.0000000000
12550  -2.756  -73.492  -29.623 0.0000000000
13588  -2.333  -72.658  -29.968 0.0000000000
14720  -1.960  -72.207  -32.001 0.0000000000
13617  -2.597  -72.863  -31.856 0.0000000000
13647  -2.803  -73.093  -33.039 0.0000000000
12596  -2.806  -73.301  -33.709 0.0000000000
16655  3.757  -69.286  -24.337 0.0000000000
134668  3.412  -68.425  -24.070 0.0000000000
17678  3.588  -68.538  -25.447 0.0000000000
16702  3.469  -68.946  -28.530 0.0000000000
16703  2.352  -69.002  -28.905 0.0000000000
127399  1.267  -69.106  -28.459 0.0000000000
16715  2.256  -69.233  -29.584 0.0000000000
15739  4.130  -70.145  -33.019 0.0000000000
135742  4.071  -70.110  -31.075 0.0000000000
15726  3.898  -70.156  -32.047 0.0000000000
14740  1.209  -70.874  -33.882 0.0000000000
149236  1.985  -70.354  -32.701 0.0000000000
15752  1.162  -70.705  -33.072 0.0000000000
133156  0.807  -70.366  -31.430 0.0000000000
14717  0.478  -70.834  -32.740 0.0000000000
14718  -0.263  -71.193  -32.751 0.0000000000
12635  -0.720  -73.300  -36.040 0.0000000000
13678  -1.079  -72.990  -35.288 0.0000000000
12636  -1.349  -73.632  -35.791 0.0000000000
12638  -2.703  -74.139  -35.432 0.0000000000
11663  -2.761  -74.350  -36.359 0.0000000000
11672  -3.514  -74.364  -36.711 0.0000000000
12647  -2.099  -74.245  -36.950 0.0000000000
12687  -2.450  -73.243  -38.718 0.0000000000
12707  -2.321  -72.686  -39.609 0.0000000000
13721  -4.149  -72.424  -39.672 0.0000000000
128982  -2.675  -72.503  -40.475 0.0000000000
13732  1.494  -71.820  -39.955 0.0000000000
13733  0.623  -72.522  -39.281 0.0000000000
139640  0.533  -72.043  -41.470 0.0000000000
13774  -1.322  -73.050  -41.807 0.0000000000
13761  -0.938  -72.519  -41.449 0.0000000000
13775  -2.002  -73.330  -41.531 0.0000000000
13764  -3.225  -72.912  -41.284 0.0000000000
12720  -2.677  -73.669  -41.564 0.0000000000
11723  -4.070  -74.155  -41.243 0.0000000000
11722  -3.224  -74.190  -41.468 0.0000000000
9808  -2.393  -76.430  -40.886 0.0000000000
10720  -3.127  -75.854  -40.885 0.0000000000
139981  -3.007  -76.583  -40.492 0.0000000000
9800  -4.108  -77.106  -39.551 0.0000000000
8940  -3.267  -77.129  -40.061 0.0000000000
9799  4.976  -76.237  -40.234 0.0000000000
10709  3.869  -75.814  -40.039 0.0000000000
10698  2.727  -75.329  -38.895 0.0000000000
10718  3.691  -75.293  -40.429 0.0000000000
11712  3.830  -74.686  -40.728 0.0000000000
10729  4.467  -74.989  -41.523 0.0000000000
9834  5.100  -76.350  -43.715 0.0000000000
10737  5.060  -75.237  -43.075 0.0000000000
10747  4.014  -75.487  -43.728 0.0000000000
132337  3.686  -74.777  -43.426 0.0000000000
9836  3.240  -76.285  -43.598 0.0000000000
5626  4.489  -81.291  -43.448 0.0000000000
7271  4.889  -79.736  -43.820 0.0000000000
145520  3.533  -80.915  -43.279 0.0000000000
129344  1.354  -79.737  -42.478 0.0000000000
7263  1.874  -79.423  -43.008 0.0000000000
7264  1.460  -78.925  -42.633 0.0000000000
8965  1.830  -77.506  -42.948 0.0000000000
8112  0.968  -78.312  -42.323 0.0000000000
8954  0.506  -77.634  -42.110 0.0000000000
8102  0.234  -78.433  -41.797 0.0000000000
149459  -1.556  -80.219  -40.171 0.0000000000
140174  -1.657  -79.053  -40.491 0.0000000000
138201  -1.992  -79.642  -40.140 0.0000000000
8088  -3.190  -78.653  -39.591 0.0000000000
7233  -2.858  -79.613  -39.433 0.0000000000
7216  -4.471  -79.963  -38.442 0.0000000000
6390  -3.076  -80.538  -38.799 0.0000000000
5559  -2.192  -82.289  -38.100 0.0000000000
5561  -4.007  -81.774  -37.895 0.0000000000
4822  -3.696  -82.642  -37.796 0.0000000000
4156  -4.241  -82.838  -38.183 0.0000000000
4155  -3.643  -83.408  -37.883 0.0000000000
3529  0.768  -84.209  -38.214 0.0000000000
4151  0.168  -83.556  -38.444 0.0000000000
3517  0.372  -84.501  -37.277 0.0000000000
2942  -1.325  -85.338  -36.862 0.0000000000
2943  -1.839  -84.832  -37.112 0.0000000000
2955  -2.230  -84.970  -37.769 0.0000000000
3530  -2.850  -84.510  -38.033 0.0000000000
2968  -2.308  -84.985  -38.591 0.0000000000
3555  -2.382  -84.135  -40.049 0.0000000000
2967  -1.519  -85.361  -39.197 0.0000000000
2966  -0.624  -85.849  -39.841 0.0000000000
2484  0.379  -86.648  -40.620 0.0000000000
2996  0.156  -85.574  -41.580 0.0000000000
2498  0.677  -86.544  -41.492 0.0000000000
2423  5.105  -85.834  -34.471 0.0000000000
126962  4.832  -89.413  -34.569 0.0000000000
129677  4.678  -88.456  -34.415 0.0000000000
1542  3.688  -89.231  -35.599 0.0000000000
138386  3.316  -89.064  -35.832 0.0000000000
1153  3.748  -90.100  -36.010 0.0000000000
749  2.517  -91.444  -33.773 0.0000000000
143645  4.059  -91.919  -33.572 0.0000000000
756  2.921  -91.948  -34.671 0.0000000000
139779  1.995  -91.460  -37.634 0.0000000000
772  2.642  -91.330  -36.536 0.0000000000
780  2.296  -91.121  -37.181 0.0000000000
1162  2.679  -90.398  -37.249 0.0000000000
140749  2.327  -91.010  -38.773 0.0000000000
1573  2.242  -90.161  -38.825 0.0000000000
1179  2.238  -91.059  -39.499 0.0000000000
1201  0.565  -90.442  -41.413 0.0000000000
1595  1.554  -89.730  -41.480 0.0000000000
1602  1.007  -89.425  -42.156 0.0000000000
2015  0.966  -88.538  -43.130 0.0000000000
2016  0.247  -88.769  -43.474 0.0000000000
2022  0.150  -88.360  -44.189 0.0000000000
2017  -0.617  -88.767  -43.057 0.0000000000
2011  -2.228  -87.536  -41.663 0.0000000000
148129  -1.947  -87.104  -42.904 0.0000000000
2505  -2.440  -86.880  -42.190 0.0000000000
3009  -3.046  -85.306  -43.204 0.0000000000
2998  -3.080  -86.107  -41.900 0.0000000000
1985  -3.194  -87.846  -38.532 0.0000000000
1585  -2.553  -88.266  -39.403 0.0000000000
1986  -3.834  -87.252  -38.514 0.0000000000
2985  -5.018  -85.053  -40.071 0.0000000000
2487  -4.382  -85.888  -39.914 0.0000000000
3000  -4.451  -84.912  -40.973 0.0000000000
3573  -4.068  -84.807  -41.824 0.0000000000
4198  -5.326  -83.565  -41.495 0.0000000000
4211  -5.715  -82.921  -41.845 0.0000000000
4199  -6.217  -83.311  -41.181 0.0000000000
3583  -7.090  -84.420  -42.400 0.0000000000
4201  -7.105  -83.316  -41.672 0.0000000000
3591  -7.227  -83.787  -42.815 0.0000000000
3602  -7.013  -83.855  -43.830 0.0000000000
129542  -6.502  -84.781  -44.026 0.0000000000
2012  -4.853  -88.072  -41.980 0.0000000000
137373  -5.202  -87.505  -42.655 0.0000000000
146194  -5.981  -86.713  -42.290 0.0000000000
147084  -5.103  -87.414  -43.403 0.0000000000
2522  -3.735  -87.433  -46.620 0.0000000000
2518  -4.730  -86.813  -45.011 0.0000000000
2523  -4.551  -86.445  -45.879 0.0000000000
3027  -5.272  -85.569  -45.675 0.0000000000
3039  -4.614  -85.638  -46.585 0.0000000000
3049  -3.921  -85.070  -47.518 0.0000000000
3038  -3.827  -86.160  -47.581 0.0000000000
2051  -4.813  -87.612  -50.293 0.0000000000
28526  -21.300  -58.019  -26.030 0.0000000000
30862  -21.895  -56.141  -26.142 0.0000000000
29741  -21.129  -57.090  -26.923 0.0000000000
21934  -15.287  -64.303  -24.534 0.0000000000
23016  -15.612  -63.624  -24.627 0.0000000000
21935  -15.933  -64.147  -24.803 0.0000000000
21960  -17.203  -64.072  -26.840 0.0000000000
23045  -17.010  -63.933  -25.882 0.0000000000
23046  -17.622  -63.466  -26.448 0.0000000000
24089  -18.626  -62.422  -26.704 0.0000000000
23047  -18.219  -62.925  -27.022 0.0000000000
135484  -15.337  -63.399  -29.444 0.0000000000
23079  -15.825  -63.896  -28.792 0.0000000000
23080  -16.186  -63.152  -29.125 0.0000000000
26264  -19.487  -61.934  -30.335 0.0000000000
25187  -19.484  -62.524  -30.009 0.0000000000
25188  -19.594  -62.339  -29.986 0.0000000000
25189  -18.949  -61.722  -29.356 0.0000000000
26266  -18.700  -60.953  -29.066 0.0000000000
27413  -19.607  -60.221  -27.907 0.0000000000
27422  -19.039  -60.155  -28.742 0.0000000000
29756  -19.452  -58.092  -28.744 0.0000000000
30894  -20.287  -56.785  -28.148 0.0000000000
32122  -20.341  -55.893  -28.076 0.0000000000
30893  -19.842  -56.206  -28.773 0.0000000000
30910  -17.422  -56.670  -29.635 0.0000000000
32139  -18.698  -55.737  -29.295 0.0000000000
32138  -17.813  -55.813  -29.415 0.0000000000
33292  -18.429  -54.341  -28.724 0.0000000000
32118  -17.289  -55.144  -29.173 0.0000000000
28591  -14.378  -58.581  -30.190 0.0000000000
28592  -15.187  -58.221  -30.242 0.0000000000
29765  -14.409  -57.660  -29.853 0.0000000000
30892  -14.335  -56.129  -29.129 0.0000000000
32135  -15.191  -56.158  -29.437 0.0000000000
32116  -15.032  -55.464  -29.081 0.0000000000
32117  -15.774  -54.814  -28.901 0.0000000000
137836  -14.745  -54.710  -28.610 0.0000000000
33289  -15.201  -54.027  -28.492 0.0000000000
32103  -12.815  -55.219  -27.490 0.0000000000
134693  -13.255  -54.598  -27.668 0.0000000000
33272  -12.644  -54.613  -27.268 0.0000000000
33263  -12.106  -54.254  -26.846 0.0000000000
12481  -7.066  -74.119  -23.142 0.0000000000
12465  -7.659  -73.419  -22.773 0.0000000000
11545  -7.346  -74.483  -23.877 0.0000000000
12515  -8.126  -73.594  -25.869 0.0000000000
12495  -9.077  -73.604  -25.090 0.0000000000
13532  -8.834  -73.417  -25.825 0.0000000000
13548  -9.963  -72.432  -26.304 0.0000000000
13547  -9.109  -72.791  -26.438 0.0000000000
14592  -5.828  -71.479  -24.598 0.0000000000
148627  -6.531  -71.702  -25.026 0.0000000000
15658  -6.800  -71.091  -24.819 0.0000000000
16669  -8.118  -69.449  -25.918 0.0000000000
16683  -7.865  -70.234  -25.844 0.0000000000
16684  -8.274  -70.048  -26.716 0.0000000000
15678  -8.679  -70.763  -27.304 0.0000000000
16695  -8.760  -69.919  -27.581 0.0000000000
16696  -9.344  -69.871  -28.212 0.0000000000
17720  -8.973  -68.976  -27.813 0.0000000000
19784  -8.361  -66.490  -26.922 0.0000000000
18768  -9.083  -67.365  -27.966 0.0000000000
20894  -8.850  -65.918  -28.000 0.0000000000
20907  -9.432  -65.872  -28.762 0.0000000000
133432  -1.251  -66.522  -26.843 0.0000000000
19799  -2.208  -66.512  -27.031 0.0000000000
19779  -1.957  -66.311  -26.216 0.0000000000
19730  -2.102  -65.774  -23.585 0.0000000000
19732  -3.329  -65.960  -24.273 0.0000000000
18723  -4.482  -66.535  -24.657 0.0000000000
19713  -3.690  -65.366  -23.530 0.0000000000
21866  -1.671  -64.151  -21.697 0.0000000000
20785  -2.178  -64.995  -22.092 0.0000000000
21867  -2.534  -64.468  -22.007 0.0000000000
21914  -5.397  -64.444  -24.039 0.0000000000
21891  -4.473  -64.713  -23.134 0.0000000000
21915  -5.872  -64.859  -24.499 0.0000000000
20833  -5.424  -65.317  -24.000 0.0000000000
21944  -6.360  -65.226  -25.188 0.0000000000
20859  -7.170  -65.578  -25.813 0.0000000000
21945  -6.680  -64.498  -25.967 0.0000000000
23043  -7.350  -63.032  -26.874 0.0000000000
21956  -7.312  -64.010  -26.654 0.0000000000
152126  -7.801  -63.672  -27.092 0.0000000000
23055  -8.281  -63.886  -27.625 0.0000000000
134728  -8.579  -63.035  -28.089 0.0000000000
24094  -8.856  -62.329  -28.506 0.0000000000
24093  -8.384  -62.250  -27.928 0.0000000000
26236  -7.609  -60.491  -26.979 0.0000000000
26249  -8.121  -60.612  -27.467 0.0000000000
27409  -8.676  -59.866  -27.621 0.0000000000
27411  -9.316  -59.080  -27.597 0.0000000000
27398  -8.570  -59.182  -27.085 0.0000000000
27348  -4.918  -59.199  -24.028 0.0000000000
150948  -5.987  -59.377  -24.743 0.0000000000
28501  -5.855  -58.849  -24.421 0.0000000000
129374  -8.129  -57.438  -25.178 0.0000000000
29698  -7.741  -57.996  -25.258 0.0000000000
29699  -8.409  -57.780  -25.831 0.0000000000
29717  -9.193  -57.780  -26.552 0.0000000000
30860  -9.781  -56.894  -26.250 0.0000000000
29719  -10.520  -56.725  -26.663 0.0000000000
30839  -9.492  -56.253  -25.555 0.0000000000
32050  -10.210  -54.645  -24.651 0.0000000000
32071  -10.519  -55.079  -25.460 0.0000000000
33248  -10.571  -54.349  -25.073 0.0000000000
33249  -10.850  -54.113  -25.517 0.0000000000
33232  -10.612  -53.950  -24.905 0.0000000000
35404  -10.561  -52.766  -25.392 0.0000000000
34320  -10.218  -53.585  -24.028 0.0000000000
34305  -8.391  -53.764  -22.219 0.0000000000
35393  -8.982  -52.537  -23.082 0.0000000000
35384  -8.423  -52.963  -22.336 0.0000000000
36435  -8.266  -51.996  -22.292 0.0000000000
36434  -7.776  -52.348  -21.869 0.0000000000
33175  -4.997  -54.968  -21.940 0.0000000000
33176  -5.484  -54.213  -21.808 0.0000000000
35382  -4.158  -51.235  -22.024 0.0000000000
35358  -5.212  -52.204  -21.740 0.0000000000
8955  -4.803  -77.427  -42.504 0.0000000000
8969  -5.104  -76.867  -42.794 0.0000000000
9839  -4.610  -76.443  -43.362 0.0000000000
12759  -2.907  -73.822  -45.965 0.0000000000
11761  -4.149  -73.923  -45.177 0.0000000000
145317  -3.306  -72.741  -46.202 0.0000000000
14882  -3.536  -71.846  -46.280 0.0000000000
133332  -2.828  -72.265  -46.662 0.0000000000
13819  1.599  -72.599  -47.379 0.0000000000
12780  -0.076  -73.507  -47.384 0.0000000000
137285  0.921  -71.902  -47.371 0.0000000000
15877  0.782  -69.752  -46.988 0.0000000000
15890  0.582  -70.402  -47.269 0.0000000000
16896  -0.077  -69.844  -47.033 0.0000000000
15878  -0.968  -70.018  -46.919 0.0000000000
16884  -0.570  -69.407  -46.507 0.0000000000
17909  -0.407  -68.659  -45.368 0.0000000000
128817  0.259  -68.438  -45.656 0.0000000000
18932  4.220  -67.452  -43.990 0.0000000000
18933  3.060  -67.331  -43.973 0.0000000000
18926  3.707  -66.938  -43.220 0.0000000000
18925  4.417  -66.682  -43.310 0.0000000000
15935  4.364  -70.575  -52.522 0.0000000000
15948  3.716  -69.645  -53.398 0.0000000000
19031  2.402  -67.767  -53.213 0.0000000000
17998  3.413  -68.298  -52.881 0.0000000000
17983  3.148  -68.171  -51.785 0.0000000000
17951  3.412  -68.583  -49.766 0.0000000000
17965  2.814  -68.028  -50.742 0.0000000000
21179  1.717  -65.354  -49.410 0.0000000000
20075  1.581  -66.097  -50.351 0.0000000000
20052  2.562  -65.954  -49.085 0.0000000000
18978  2.999  -67.174  -48.838 0.0000000000
18963  3.135  -66.649  -48.105 0.0000000000
20032  4.202  -66.550  -46.642 0.0000000000
20033  3.204  -66.075  -47.253 0.0000000000
22194  3.228  -63.835  -45.062 0.0000000000
22205  3.380  -64.361  -45.654 0.0000000000
144193  3.792  -64.466  -44.339 0.0000000000
21098  4.700  -65.389  -43.127 0.0000000000
22186  3.206  -64.003  -43.491 0.0000000000
22159  2.520  -64.370  -42.289 0.0000000000
23225  2.376  -63.334  -43.101 0.0000000000
25331  0.788  -61.615  -43.187 0.0000000000
24232  1.060  -61.860  -43.068 0.0000000000
25315  0.785  -61.387  -42.518 0.0000000000
25285  1.005  -61.241  -40.662 0.0000000000
25301  0.521  -61.067  -41.633 0.0000000000
22195  -0.523  -64.238  -44.348 0.0000000000
25287  -0.857  -61.332  -40.016 0.0000000000
10713  -5.977  -76.095  -39.796 0.0000000000
137319  -7.263  -75.665  -40.777 0.0000000000
9821  -7.008  -76.274  -40.764 0.0000000000
10742  -6.895  -75.609  -42.457 0.0000000000
5634  -7.338  -81.432  -43.481 0.0000000000
6444  -7.167  -80.625  -43.824 0.0000000000
5641  -7.482  -81.061  -44.274 0.0000000000
5663  -7.047  -80.580  -45.953 0.0000000000
5669  -6.279  -80.917  -46.896 0.0000000000
150078  -14.913  -50.133  -27.285 0.0000000000
38526  -15.917  -49.540  -26.773 0.0000000000
37501  -14.238  -50.021  -27.328 0.0000000000
38524  -13.570  -49.300  -27.025 0.0000000000
38523  -12.753  -49.448  -26.962 0.0000000000
38522  -12.038  -49.599  -26.660 0.0000000000
37500  -11.635  -50.343  -26.546 0.0000000000
37490  -11.109  -50.392  -25.886 0.0000000000
36457  -10.316  -51.209  -24.852 0.0000000000
15627  -8.331  -70.800  -21.188 0.0000000000
15628  -8.885  -70.205  -21.473 0.0000000000
14565  -8.350  -71.460  -21.610 0.0000000000
14573  -8.776  -71.868  -22.199 0.0000000000
13497  -8.961  -72.491  -22.924 0.0000000000
12598  -4.563  -73.838  -33.256 0.0000000000
12588  -5.486  -73.980  -32.768 0.0000000000
12621  -6.111  -74.086  -34.036 0.0000000000
125962  -7.037  -74.166  -34.409 0.0000000000
12623  -8.560  -73.639  -34.540 0.0000000000
17857  0.393  -69.151  -40.330 0.0000000000
138478  -0.252  -69.273  -39.690 0.0000000000
17838  0.898  -69.117  -39.346 0.0000000000
151141  1.150  -68.438  -39.440 0.0000000000
18895  0.788  -67.929  -38.984 0.0000000000
19963  0.458  -66.808  -38.762 0.0000000000
21051  0.321  -65.793  -40.059 0.0000000000
22126  0.971  -64.908  -40.308 0.0000000000
4206  -0.198  -83.907  -42.677 0.0000000000
3587  0.595  -84.484  -43.205 0.0000000000
4217  0.980  -84.285  -43.835 0.0000000000
4228  2.404  -84.963  -45.006 0.0000000000
7411  0.476  -80.130  -54.215 0.0000000000
20737  1.967  -64.989  -18.787 0.0000000000
21831  1.436  -64.848  -19.168 0.0000000000
19665  1.995  -65.465  -20.110 0.0000000000
19697  1.839  -66.200  -21.169 0.0000000000
140939  0.909  -67.099  -21.895 0.0000000000
17657  0.678  -67.758  -22.827 0.0000000000
18708  1.387  -67.146  -22.497 0.0000000000
17680  1.950  -67.914  -24.826 0.0000000000
13663  4.204  -72.422  -34.534 0.0000000000
13674  4.508  -72.270  -35.508 0.0000000000
13673  4.986  -71.649  -36.293 0.0000000000
14800  4.847  -71.261  -37.857 0.0000000000
15810  4.439  -70.889  -38.994 0.0000000000
13716  4.912  -71.832  -38.318 0.0000000000
13731  4.939  -71.904  -39.209 0.0000000000
12711  5.028  -72.721  -40.951 0.0000000000
152233  5.545  -83.601  -39.732 0.0000000000
4177  6.180  -84.259  -40.857 0.0000000000
4163  6.035  -84.323  -39.868 0.0000000000
148467  5.919  -85.446  -40.022 0.0000000000
2963  5.181  -85.917  -40.035 0.0000000000
137401  4.390  -86.151  -39.544 0.0000000000
2949  5.350  -85.826  -38.681 0.0000000000
2938  5.029  -86.170  -37.839 0.0000000000
2436  4.869  -86.218  -36.406 0.0000000000
125929  -15.316  -60.570  -27.096 0.0000000000
26251  -16.225  -60.291  -27.035 0.0000000000
25160  -15.617  -61.390  -26.296 0.0000000000
25147  -16.088  -62.174  -25.413 0.0000000000
20930  -12.374  -65.322  -30.539 0.0000000000
22019  -13.362  -64.341  -30.370 0.0000000000
23097  -12.196  -63.730  -30.610 0.0000000000
136321  -12.612  -63.199  -30.595 0.0000000000
25201  -12.956  -61.229  -30.399 0.0000000000
25199  -10.533  -61.061  -29.695 0.0000000000
17724  -5.192  -68.249  -28.389 0.0000000000
16694  -4.378  -69.424  -27.126 0.0000000000
17719  -4.782  -68.156  -27.471 0.0000000000
18754  -4.443  -67.509  -26.749 0.0000000000
18743  -4.132  -67.091  -25.992 0.0000000000
25082  -0.047  -61.520  -20.295 0.0000000000
26157  -0.011  -60.623  -20.106 0.0000000000
26158  -0.764  -60.223  -20.546 0.0000000000
27311  -1.415  -59.792  -20.943 0.0000000000
27313  -2.777  -59.457  -21.996 0.0000000000
28450  -1.973  -57.838  -21.321 0.0000000000
131826  -1.629  -56.849  -21.349 0.0000000000
30767  -2.356  -56.308  -21.553 0.0000000000
11773  4.791  -74.750  -47.300 0.0000000000
12776  4.252  -73.920  -47.133 0.0000000000
12793  4.685  -73.229  -47.845 0.0000000000
13842  5.162  -72.289  -49.498 0.0000000000
14907  5.237  -71.306  -49.929 0.0000000000
142766  -5.328  -72.528  -38.800 0.0000000000
13722  -6.166  -72.331  -38.864 0.0000000000
151496  -7.994  -71.837  -40.131 0.0000000000
14819  -8.194  -71.491  -40.658 0.0000000000
137985  -6.548  -71.064  -43.770 0.0000000000
15845  -7.047  -70.827  -43.196 0.0000000000
130097  -5.438  -69.843  -43.337 0.0000000000
16844  -4.299  -69.089  -43.034 0.0000000000
16843  -3.384  -68.929  -43.071 0.0000000000
126246  -1.954  -68.882  -43.343 0.0000000000
17886  -1.298  -68.819  -43.774 0.0000000000
3015  -2.029  -85.740  -44.653 0.0000000000
3598  -1.795  -85.352  -45.351 0.0000000000
4241  -2.230  -84.366  -45.351 0.0000000000
4905  -2.422  -82.705  -45.676 0.0000000000
4918  -2.170  -82.121  -46.164 0.0000000000
8165  -4.072  -78.599  -46.787 0.0000000000
7314  -3.579  -79.047  -46.420 0.0000000000
8177  -2.970  -78.429  -47.848 0.0000000000
8186  -2.592  -78.534  -48.575 0.0000000000
8215  -1.646  -78.746  -50.177 0.0000000000
7367  -1.361  -79.108  -51.079 0.0000000000
147632  -1.816  -79.628  -51.670 0.0000000000
39508  -10.646  -48.288  -24.442 0.0000000000
40495  -11.054  -47.538  -24.736 0.0000000000
39504  -10.140  -48.285  -23.537 0.0000000000
39498  -8.660  -48.211  -21.722 0.0000000000
20835  -11.015  -65.454  -23.000 0.0000000000
20837  -12.323  -65.345  -23.411 0.0000000000
19736  -11.373  -66.208  -23.084 0.0000000000
19750  -11.659  -66.876  -23.699 0.0000000000
136250  -12.190  -67.126  -24.333 0.0000000000
17700  -11.689  -69.304  -25.682 0.0000000000
16671  -11.902  -69.693  -26.315 0.0000000000
16686  -12.147  -69.646  -27.013 0.0000000000
16698  -12.217  -69.416  -27.908 0.0000000000
17728  -12.410  -68.698  -29.116 0.0000000000
17727  -11.961  -69.226  -29.239 0.0000000000
16718  -11.263  -69.294  -29.384 0.0000000000
17735  -10.709  -68.610  -29.726 0.0000000000
147441  1.829  -67.180  -29.792 0.0000000000
19834  1.992  -67.049  -29.083 0.0000000000
19815  2.796  -66.378  -28.835 0.0000000000
148350  2.839  -66.162  -27.873 0.0000000000
20891  3.203  -65.528  -27.118 0.0000000000
151445  0.781  -63.497  -26.950 0.0000000000
23037  2.686  -63.565  -26.616 0.0000000000
23038  1.897  -63.258  -25.955 0.0000000000
23022  2.318  -62.944  -25.122 0.0000000000
23008  1.550  -62.630  -24.228 0.0000000000
24061  2.281  -62.528  -23.495 0.0000000000
24062  0.990  -62.157  -23.618 0.0000000000
36483  -20.683  -51.503  -26.517 0.0000000000
36482  -19.871  -51.287  -26.855 0.0000000000
36481  -18.991  -51.095  -27.137 0.0000000000
133927  -18.167  -50.903  -27.126 0.0000000000
36498  -17.507  -51.235  -27.382 0.0000000000
35443  -15.701  -52.543  -27.925 0.0000000000
132305  -3.298  -74.917  -25.023 0.0000000000
10558  -3.857  -75.250  -24.971 0.0000000000
10576  -3.737  -75.787  -26.220 0.0000000000
10591  -4.382  -75.842  -27.034 0.0000000000
10604  -5.433  -75.260  -28.516 0.0000000000
13619  -7.892  -72.430  -31.054 0.0000000000
12568  -7.408  -73.401  -30.629 0.0000000000
14682  -7.358  -71.598  -30.490 0.0000000000
14681  -6.689  -70.861  -30.179 0.0000000000
138861  -6.374  -70.049  -29.915 0.0000000000
15713  -6.936  -70.070  -30.445 0.0000000000
146097  -6.824  -69.078  -31.282 0.0000000000
15794  -8.595  -70.814  -37.744 0.0000000000
139071  -8.611  -70.717  -36.961 0.0000000000
16808  -7.987  -69.519  -37.513 0.0000000000
127804  -7.387  -69.561  -36.789 0.0000000000
16798  -6.464  -69.369  -36.897 0.0000000000
16779  -2.543  -69.197  -36.616 0.0000000000
16780  -3.476  -69.317  -36.389 0.0000000000
16762  -2.862  -69.205  -35.769 0.0000000000
16749  -3.077  -69.171  -34.941 0.0000000000
16739  -3.167  -69.107  -34.174 0.0000000000
17766  -3.172  -68.969  -33.411 0.0000000000
17765  -2.504  -68.783  -33.852 0.0000000000
17764  -1.727  -68.447  -33.466 0.0000000000
126824  -1.001  -67.991  -33.047 0.0000000000
18825  -0.375  -67.721  -32.669 0.0000000000
17763  -0.108  -67.763  -33.368 0.0000000000
18830  0.954  -67.679  -33.550 0.0000000000
148891  1.921  -67.731  -33.641 0.0000000000
22098  3.240  -63.738  -37.268 0.0000000000
20992  3.498  -64.686  -35.862 0.0000000000
22090  3.362  -64.161  -36.451 0.0000000000
22082  3.360  -63.769  -35.629 0.0000000000
23139  3.034  -63.086  -35.240 0.0000000000
143354  2.489  -63.176  -34.416 0.0000000000
23140  2.385  -62.913  -35.135 0.0000000000
23141  1.553  -62.963  -35.456 0.0000000000
5593  -5.068  -81.468  -39.707 0.0000000000
6425  -4.609  -80.316  -41.135 0.0000000000
6424  -3.882  -80.736  -41.513 0.0000000000
6434  -3.521  -80.399  -42.100 0.0000000000
7266  -2.781  -79.748  -43.106 0.0000000000
6449  0.365  -81.117  -44.965 0.0000000000
6450  -0.376  -80.597  -44.616 0.0000000000
7298  0.698  -79.868  -45.704 0.0000000000
8162  0.976  -78.614  -46.457 0.0000000000
8997  1.465  -78.260  -46.921 0.0000000000
8161  1.824  -79.033  -46.863 0.0000000000
8174  3.368  -78.656  -47.560 0.0000000000
128715  4.116  -78.203  -47.882 0.0000000000
145006  0.823  -84.243  -48.188 0.0000000000
3632  1.498  -85.057  -47.919 0.0000000000
4260  1.291  -83.638  -48.554 0.0000000000
4268  2.561  -83.890  -48.814 0.0000000000
5672  3.693  -82.366  -48.930 0.0000000000
8232  3.705  -78.508  -52.339 0.0000000000
7376  4.297  -79.070  -51.322 0.0000000000
7388  4.206  -78.743  -51.815 0.0000000000
7375  4.825  -78.743  -51.356 0.0000000000
8220  5.465  -78.225  -50.899 0.0000000000
9022  5.542  -77.792  -50.473 0.0000000000
9924  4.888  -77.398  -51.169 0.0000000000
147590  4.364  -77.071  -51.058 0.0000000000
11803  2.922  -74.967  -49.548 0.0000000000
10841  2.683  -76.010  -50.081 0.0000000000
27349  -11.368  -60.357  -22.464 0.0000000000
26199  -11.281  -60.895  -22.737 0.0000000000
24054  -11.194  -62.195  -23.011 0.0000000000
25126  -10.677  -61.693  -22.584 0.0000000000
24037  -10.084  -62.108  -22.448 0.0000000000
24036  -9.499  -62.147  -22.252 0.0000000000
24006  -6.849  -62.062  -20.508 0.0000000000
129082  -7.258  -62.828  -20.879 0.0000000000
22937  -7.070  -63.678  -20.608 0.0000000000
21841  -6.939  -64.464  -20.246 0.0000000000
137479  -7.472  -66.130  -20.163 0.0000000000
19669  -7.303  -66.785  -19.709 0.0000000000
19657  -6.550  -66.880  -19.079 0.0000000000
17626  -6.016  -68.257  -18.560 0.0000000000
23966  -2.155  -62.158  -18.534 0.0000000000
18652  -0.786  -66.837  -19.249 0.0000000000
19652  -1.775  -66.462  -18.504 0.0000000000
18653  -1.383  -67.098  -18.733 0.0000000000
18654  -2.602  -67.764  -18.438 0.0000000000
17622  -2.413  -68.527  -18.568 0.0000000000
17623  -3.293  -68.456  -18.439 0.0000000000
16603  -2.702  -69.249  -18.597 0.0000000000
15602  -2.620  -70.681  -19.128 0.0000000000
145238  -3.079  -71.298  -19.503 0.0000000000
14560  -3.170  -71.964  -21.211 0.0000000000
14559  -2.612  -71.592  -21.599 0.0000000000
14570  -2.588  -71.650  -22.450 0.0000000000
16667  -0.968  -69.868  -25.676 0.0000000000
130071  -1.372  -70.721  -25.952 0.0000000000
15675  -1.230  -70.630  -27.474 0.0000000000
14648  -1.406  -70.991  -28.338 0.0000000000
14660  -1.974  -71.893  -29.870 0.0000000000
14699  -1.701  -71.864  -31.190 0.0000000000
149122  -1.577  -71.887  -32.398 0.0000000000
15663  4.149  -69.948  -25.793 0.0000000000
16678  4.237  -69.158  -26.332 0.0000000000
16689  4.278  -69.264  -27.182 0.0000000000
141975  4.210  -69.369  -28.086 0.0000000000
16722  3.681  -69.528  -29.970 0.0000000000
15759  3.260  -70.152  -34.427 0.0000000000
15750  3.120  -70.110  -33.575 0.0000000000
15768  2.382  -70.535  -35.019 0.0000000000
14758  1.386  -70.977  -34.745 0.0000000000
14759  0.501  -71.345  -34.467 0.0000000000
14760  -0.367  -71.629  -34.271 0.0000000000
14771  -0.102  -71.771  -35.098 0.0000000000
13688  -0.064  -72.852  -36.283 0.0000000000
12645  -0.414  -73.452  -36.872 0.0000000000
12664  -1.550  -74.057  -37.499 0.0000000000
12663  -0.824  -73.819  -37.583 0.0000000000
12685  -0.571  -73.550  -38.271 0.0000000000
12705  -0.735  -73.156  -38.921 0.0000000000
14843  1.697  -71.973  -42.038 0.0000000000
13760  0.308  -72.354  -41.751 0.0000000000
13772  0.663  -72.622  -42.072 0.0000000000
12731  -0.762  -73.370  -42.080 0.0000000000
11732  -1.369  -73.992  -41.985 0.0000000000
11721  -1.945  -74.721  -41.739 0.0000000000
10741  -1.187  -74.816  -41.909 0.0000000000
10731  -1.413  -75.558  -41.609 0.0000000000
134750  -1.051  -76.731  -41.411 0.0000000000
9805  5.759  -76.745  -40.870 0.0000000000
9806  5.106  -76.210  -41.151 0.0000000000
9816  5.105  -75.625  -41.801 0.0000000000
130142  5.732  -76.626  -42.632 0.0000000000
9833  5.546  -76.825  -43.387 0.0000000000
134058  5.092  -77.069  -44.005 0.0000000000
4877  2.942  -82.341  -42.455 0.0000000000
5627  2.727  -80.922  -43.027 0.0000000000
5616  2.485  -81.544  -42.542 0.0000000000
6432  1.411  -80.574  -42.315 0.0000000000
6423  0.554  -80.151  -41.783 0.0000000000
7257  0.179  -79.256  -41.639 0.0000000000
6406  -0.148  -80.704  -41.089 0.0000000000
6407  -0.881  -80.417  -40.525 0.0000000000
6408  -1.480  -81.008  -39.739 0.0000000000
5573  -2.461  -81.121  -38.880 0.0000000000
4833  -1.365  -82.286  -38.594 0.0000000000
4820  -1.896  -82.790  -37.801 0.0000000000
2927  1.381  -85.940  -36.143 0.0000000000
3505  0.559  -85.195  -36.624 0.0000000000
2929  -0.098  -85.903  -36.351 0.0000000000
2453  -0.963  -85.964  -36.977 0.0000000000
2459  -0.888  -86.166  -37.672 0.0000000000
2468  -1.000  -85.939  -38.643 0.0000000000
2458  -0.258  -86.664  -38.434 0.0000000000
1991  0.681  -87.494  -39.380 0.0000000000
1135  4.885  -90.066  -33.989 0.0000000000
758  1.391  -90.891  -35.210 0.0000000000
129778  2.303  -91.658  -35.301 0.0000000000
767  1.456  -91.150  -36.379 0.0000000000
783  1.478  -91.747  -38.673 0.0000000000
799  1.854  -91.386  -39.818 0.0000000000
800  1.292  -91.407  -40.099 0.0000000000
1190  0.695  -91.025  -40.726 0.0000000000
1596  -0.003  -89.968  -41.845 0.0000000000
1604  -0.396  -89.384  -42.390 0.0000000000
1597  -1.103  -89.297  -41.509 0.0000000000
137744  -2.020  -88.223  -41.102 0.0000000000
2485  -2.767  -87.277  -40.812 0.0000000000
1987  -4.527  -86.832  -37.964 0.0000000000
2460  -4.260  -86.803  -38.885 0.0000000000
2461  -5.006  -86.357  -38.495 0.0000000000
2969  -5.897  -85.198  -39.521 0.0000000000
3557  -5.869  -84.458  -40.138 0.0000000000
4182  -6.236  -84.020  -40.580 0.0000000000
3576  -6.630  -84.407  -40.648 0.0000000000
3001  -6.857  -85.084  -40.970 0.0000000000
3005  -6.871  -85.177  -41.960 0.0000000000
2024  -4.596  -87.677  -44.071 0.0000000000
2030  -3.475  -88.436  -46.204 0.0000000000
27388  -19.063  -59.695  -24.866 0.0000000000
28542  -20.858  -58.656  -26.499 0.0000000000
28562  -20.617  -58.696  -27.103 0.0000000000
20863  -15.384  -65.204  -25.494 0.0000000000
21958  -15.937  -64.887  -25.943 0.0000000000
20879  -16.054  -64.977  -26.791 0.0000000000
21972  -16.587  -64.510  -27.225 0.0000000000
23056  -17.080  -63.924  -27.641 0.0000000000
25202  -16.909  -61.483  -29.645 0.0000000000
148504  -16.667  -62.351  -29.277 0.0000000000
26276  -18.797  -61.356  -31.152 0.0000000000
26277  -19.234  -61.473  -30.856 0.0000000000
152068  -18.776  -60.066  -29.139 0.0000000000
136187  -18.510  -60.383  -30.550 0.0000000000
28596  -18.902  -58.558  -29.141 0.0000000000
29770  -18.875  -57.563  -29.324 0.0000000000
30912  -19.196  -56.463  -29.218 0.0000000000
132429  -18.110  -57.422  -29.638 0.0000000000
29768  -17.341  -57.623  -29.873 0.0000000000
146619  -16.914  -57.020  -29.782 0.0000000000
28589  -12.796  -58.161  -29.510 0.0000000000
29764  -13.441  -57.520  -29.433 0.0000000000
29755  -13.338  -56.807  -28.905 0.0000000000
30891  -13.518  -56.056  -28.523 0.0000000000
30878  -12.913  -55.889  -27.806 0.0000000000
147647  -12.462  -55.718  -27.293 0.0000000000
30861  -11.916  -55.931  -26.937 0.0000000000
135818  -7.144  -74.493  -25.174 0.0000000000
11559  -7.637  -74.446  -24.581 0.0000000000
12504  -7.705  -74.081  -25.593 0.0000000000
147064  -6.245  -70.020  -24.069 0.0000000000
15651  -6.115  -70.646  -24.197 0.0000000000
16660  -7.217  -69.578  -24.817 0.0000000000
17698  -7.678  -69.031  -25.268 0.0000000000
148044  -8.722  -68.484  -27.185 0.0000000000
18755  -8.558  -67.997  -26.624 0.0000000000
131986  -8.307  -67.075  -26.356 0.0000000000
19783  -7.899  -66.229  -26.167 0.0000000000
128651  0.039  -66.440  -25.686 0.0000000000
19761  -1.671  -66.222  -25.331 0.0000000000
19745  -1.377  -66.082  -24.413 0.0000000000
19711  -2.404  -65.346  -22.795 0.0000000000
24035  -3.692  -63.082  -22.635 0.0000000000
22986  -3.531  -64.083  -22.589 0.0000000000
24051  -4.449  -62.960  -23.414 0.0000000000
141993  -4.981  -63.196  -23.999 0.0000000000
23012  -5.688  -63.510  -25.027 0.0000000000
23027  -6.167  -63.768  -25.663 0.0000000000
129567  -6.073  -63.009  -25.776 0.0000000000
24078  -6.649  -62.561  -26.371 0.0000000000
132543  -7.157  -62.129  -26.880 0.0000000000
25144  -6.772  -61.619  -26.474 0.0000000000
26235  -7.089  -60.742  -26.547 0.0000000000
27396  -7.442  -59.954  -26.576 0.0000000000
29663  -5.809  -57.479  -23.604 0.0000000000
28488  -6.194  -57.984  -24.046 0.0000000000
29664  -6.464  -57.221  -23.672 0.0000000000
29682  -8.290  -56.877  -24.800 0.0000000000
30817  -8.600  -56.160  -24.392 0.0000000000
32048  -8.982  -55.427  -23.953 0.0000000000
33230  -9.905  -54.487  -23.923 0.0000000000
33216  -9.845  -53.920  -23.675 0.0000000000
33215  -9.202  -54.346  -23.322 0.0000000000
33197  -8.563  -54.350  -22.574 0.0000000000
34304  -7.744  -53.716  -21.885 0.0000000000
9854  -3.191  -76.354  -44.306 0.0000000000
10765  -3.560  -75.561  -44.645 0.0000000000
10764  -2.835  -75.815  -44.982 0.0000000000
11759  -2.630  -74.625  -45.792 0.0000000000
12767  -1.774  -73.504  -46.781 0.0000000000
14879  3.205  -71.641  -46.511 0.0000000000
14880  2.523  -70.910  -46.417 0.0000000000
15875  2.379  -69.890  -46.078 0.0000000000
16881  2.213  -68.865  -45.875 0.0000000000
17917  2.057  -68.270  -45.743 0.0000000000
17905  3.863  -68.981  -44.556 0.0000000000
17893  4.325  -68.457  -44.348 0.0000000000
18942  4.692  -67.338  -44.627 0.0000000000
139988  1.266  -67.248  -53.412 0.0000000000
147523  0.134  -65.534  -49.934 0.0000000000
146266  0.961  -64.866  -49.350 0.0000000000
22248  1.763  -64.272  -48.163 0.0000000000
21143  3.007  -64.976  -46.933 0.0000000000
22231  2.180  -64.084  -47.477 0.0000000000
23270  1.922  -63.358  -46.266 0.0000000000
23261  2.234  -63.322  -45.462 0.0000000000
131855  2.338  -63.150  -44.040 0.0000000000
24258  0.947  -62.582  -44.711 0.0000000000
24259  0.874  -62.286  -44.426 0.0000000000
24260  0.488  -62.038  -43.945 0.0000000000
12714  -6.427  -73.396  -40.530 0.0000000000
12715  -7.115  -73.277  -40.654 0.0000000000
144807  -7.477  -73.595  -41.001 0.0000000000
12742  -7.520  -73.230  -43.003 0.0000000000
11735  -7.471  -74.531  -42.094 0.0000000000
12735  -7.337  -74.097  -42.918 0.0000000000
13779  -7.139  -72.688  -43.665 0.0000000000
14866  -6.334  -71.620  -44.200 0.0000000000
14865  -5.615  -71.503  -44.666 0.0000000000
15863  -4.298  -70.737  -45.341 0.0000000000
4890  -4.143  -82.875  -43.939 0.0000000000
4899  -3.839  -82.513  -44.481 0.0000000000
4900  -4.462  -82.034  -44.058 0.0000000000
6471  -4.573  -79.723  -45.263 0.0000000000
7287  -6.454  -79.627  -44.906 0.0000000000
7286  -5.606  -79.593  -44.970 0.0000000000
7301  -4.499  -78.867  -45.969 0.0000000000
8179  -4.415  -78.542  -47.226 0.0000000000
8188  -4.344  -78.510  -47.955 0.0000000000
7354  -4.126  -79.376  -49.319 0.0000000000
40509  -18.551  -47.303  -25.351 0.0000000000
40508  -17.669  -47.395  -25.316 0.0000000000
39532  -16.288  -48.844  -26.301 0.0000000000
39519  -16.589  -48.203  -25.809 0.0000000000
40507  -16.821  -47.489  -25.404 0.0000000000
134191  -15.389  -46.980  -25.594 0.0000000000
41564  -14.764  -46.314  -25.514 0.0000000000
40504  -13.609  -47.195  -26.244 0.0000000000
142140  -12.926  -47.416  -26.376 0.0000000000
39517  -11.855  -48.283  -26.044 0.0000000000
39528  -11.775  -49.051  -26.325 0.0000000000
39516  -11.295  -48.981  -25.778 0.0000000000
39515  -10.761  -49.008  -25.027 0.0000000000
38503  -10.223  -49.108  -24.113 0.0000000000
38502  -9.615  -49.658  -23.407 0.0000000000
128488  -9.413  -68.033  -22.601 0.0000000000
17671  -9.765  -67.877  -23.263 0.0000000000
17659  -9.713  -68.722  -23.168 0.0000000000
16641  -10.000  -69.680  -23.373 0.0000000000
15629  -9.333  -70.270  -22.164 0.0000000000
15643  -10.202  -70.505  -23.555 0.0000000000
16650  -10.571  -69.897  -24.160 0.0000000000
15654  -10.935  -70.432  -24.714 0.0000000000
14610  -11.029  -71.403  -25.894 0.0000000000
14625  -10.922  -71.505  -26.828 0.0000000000
139713  3.601  -64.056  -30.767 0.0000000000
148123  3.327  -64.177  -29.424 0.0000000000
23094  3.194  -63.882  -29.996 0.0000000000
23060  2.086  -63.605  -29.120 0.0000000000
21977  1.260  -63.661  -29.056 0.0000000000
36484  -21.364  -51.595  -26.148 0.0000000000
35431  -20.255  -52.163  -26.977 0.0000000000
35460  -18.333  -53.043  -28.184 0.0000000000
11627  -3.858  -74.571  -29.978 0.0000000000
132397  -4.066  -75.069  -29.343 0.0000000000
11628  -4.527  -74.443  -30.566 0.0000000000
11634  -6.103  -74.380  -31.010 0.0000000000
125761  -7.133  -74.059  -31.960 0.0000000000
12590  -8.200  -72.704  -32.013 0.0000000000
14721  -8.779  -71.204  -32.470 0.0000000000
15754  -8.786  -70.708  -33.199 0.0000000000
17843  -4.759  -68.575  -39.518 0.0000000000
17825  -5.282  -68.677  -38.780 0.0000000000
17824  -4.276  -68.727  -38.779 0.0000000000
17823  -3.392  -68.797  -38.777 0.0000000000
145581  -2.098  -69.101  -38.213 0.0000000000
17840  -0.958  -69.253  -39.202 0.0000000000
16793  -1.458  -69.314  -38.028 0.0000000000
16794  -2.157  -69.199  -37.475 0.0000000000
17804  -0.915  -69.168  -36.959 0.0000000000
17791  -0.404  -68.682  -36.476 0.0000000000
17778  0.129  -68.207  -36.007 0.0000000000
18853  0.692  -67.861  -35.655 0.0000000000
18869  0.790  -67.810  -36.241 0.0000000000
151702  1.331  -67.124  -37.106 0.0000000000
21002  2.337  -65.828  -37.181 0.0000000000
19962  0.752  -66.118  -38.338 0.0000000000
21016  1.801  -65.502  -37.869 0.0000000000
21015  2.877  -64.887  -37.248 0.0000000000
22111  2.913  -63.450  -38.112 0.0000000000
143635  3.020  -62.466  -38.124 0.0000000000
24173  2.677  -61.558  -38.142 0.0000000000
132930  -2.485  -82.752  -41.404 0.0000000000
4879  -2.284  -82.201  -42.109 0.0000000000
4889  -1.012  -82.248  -43.182 0.0000000000
5628  -0.563  -81.858  -43.763 0.0000000000
4888  -0.219  -82.711  -43.506 0.0000000000
5636  -0.106  -81.471  -44.349 0.0000000000
5635  0.716  -82.027  -44.686 0.0000000000
5647  1.222  -81.714  -45.308 0.0000000000
4915  2.901  -82.300  -46.348 0.0000000000
131794  0.915  -79.319  -49.346 0.0000000000
7329  1.677  -79.690  -49.281 0.0000000000
8196  1.438  -79.125  -49.694 0.0000000000
8223  1.765  -78.999  -51.158 0.0000000000
150973  2.489  -79.041  -51.924 0.0000000000
7410  1.249  -79.436  -53.818 0.0000000000
7409  2.044  -78.693  -53.473 0.0000000000
7401  2.594  -78.677  -53.016 0.0000000000
8241  2.853  -77.714  -53.517 0.0000000000
9957  2.691  -76.783  -54.109 0.0000000000
9958  2.321  -76.211  -53.798 0.0000000000
134492  2.167  -76.053  -53.059 0.0000000000
24005  -6.204  -62.059  -19.967 0.0000000000
22921  -5.936  -62.985  -19.646 0.0000000000
22920  -5.428  -63.652  -19.227 0.0000000000
140792  -0.042  -63.395  -18.507 0.0000000000
20738  -0.650  -65.159  -19.073 0.0000000000
20749  1.202  -65.219  -19.766 0.0000000000
20750  0.240  -65.021  -19.581 0.0000000000
19667  -0.396  -65.866  -19.519 0.0000000000
18669  -0.641  -67.510  -19.784 0.0000000000
16634  -1.235  -69.792  -21.244 0.0000000000
16633  -0.671  -69.188  -21.762 0.0000000000
17667  0.100  -68.511  -23.162 0.0000000000
144390  -0.276  -69.264  -24.208 0.0000000000
16656  -0.507  -69.530  -24.857 0.0000000000
15665  -0.373  -69.527  -26.525 0.0000000000
16693  0.093  -69.472  -28.080 0.0000000000
14678  4.048  -71.605  -30.258 0.0000000000
14657  4.261  -70.786  -29.822 0.0000000000
13615  4.086  -71.701  -31.214 0.0000000000
14716  4.558  -70.586  -32.373 0.0000000000
15738  4.594  -70.370  -33.568 0.0000000000
14757  5.131  -71.217  -34.568 0.0000000000
15757  4.813  -70.644  -34.804 0.0000000000
15758  4.196  -70.187  -34.664 0.0000000000
15783  3.718  -70.211  -36.203 0.0000000000
14783  2.906  -70.479  -36.934 0.0000000000
14802  1.939  -71.286  -37.383 0.0000000000
14810  2.029  -71.325  -38.274 0.0000000000
132221  2.232  -71.280  -39.192 0.0000000000
14828  2.215  -71.537  -40.821 0.0000000000
14817  4.365  -70.987  -39.889 0.0000000000
14827  3.124  -71.162  -40.685 0.0000000000
14833  2.961  -71.417  -41.368 0.0000000000
13770  2.355  -72.127  -42.235 0.0000000000
12728  2.143  -72.845  -42.453 0.0000000000
12740  1.953  -73.635  -42.739 0.0000000000
6418  6.643  -80.754  -42.263 0.0000000000
6429  7.090  -80.659  -43.028 0.0000000000
7269  6.735  -80.224  -43.403 0.0000000000
5624  6.381  -81.479  -43.477 0.0000000000
5625  5.548  -81.671  -43.555 0.0000000000
4887  4.924  -82.185  -43.332 0.0000000000
3567  6.000  -83.974  -42.139 0.0000000000
4205  4.669  -83.421  -42.521 0.0000000000
4867  3.390  -83.162  -42.231 0.0000000000
4195  2.749  -83.617  -41.480 0.0000000000
149761  2.028  -83.160  -41.300 0.0000000000
4178  1.834  -83.547  -40.739 0.0000000000
4166  1.229  -83.729  -39.830 0.0000000000
4150  1.538  -84.385  -39.186 0.0000000000
2953  2.007  -85.245  -37.995 0.0000000000
2951  4.112  -86.392  -38.757 0.0000000000
132139  2.518  -85.745  -37.531 0.0000000000
2941  1.674  -85.456  -37.016 0.0000000000
144132  2.042  -86.494  -35.818 0.0000000000
2433  2.143  -87.163  -35.611 0.0000000000
1959  2.012  -87.753  -35.761 0.0000000000
1155  0.414  -90.123  -35.564 0.0000000000
138577  -0.281  -89.790  -36.191 0.0000000000
1165  -1.208  -89.451  -37.592 0.0000000000
1567  -2.107  -88.676  -37.548 0.0000000000
1978  -3.055  -88.027  -37.546 0.0000000000
1547  -2.856  -88.440  -35.184 0.0000000000
1557  -3.318  -88.087  -35.933 0.0000000000
1979  -3.852  -87.561  -37.047 0.0000000000
1980  -5.182  -86.947  -37.252 0.0000000000
1981  -5.711  -87.333  -37.339 0.0000000000
1578  -6.268  -87.565  -38.221 0.0000000000
28524  -18.418  -58.710  -25.697 0.0000000000
27401  -17.076  -59.887  -26.615 0.0000000000
27402  -17.827  -59.304  -26.252 0.0000000000
26228  -18.835  -60.503  -25.091 0.0000000000
125981  -18.953  -61.035  -25.239 0.0000000000
25151  -19.381  -61.340  -25.899 0.0000000000
20910  -14.419  -65.430  -28.442 0.0000000000
21984  -14.788  -64.808  -28.776 0.0000000000
23099  -13.892  -63.873  -30.256 0.0000000000
23100  -14.157  -63.158  -30.301 0.0000000000
24124  -14.856  -62.753  -30.081 0.0000000000
24138  -15.534  -61.878  -30.067 0.0000000000
125748  -15.191  -61.157  -30.388 0.0000000000
26282  -15.557  -60.392  -30.429 0.0000000000
27437  -16.026  -59.582  -30.416 0.0000000000
144173  -15.122  -59.710  -30.460 0.0000000000
27430  -14.314  -59.458  -30.377 0.0000000000
139641  -13.710  -58.963  -30.151 0.0000000000
131466  -12.570  -59.784  -29.995 0.0000000000
27428  -12.926  -58.949  -29.909 0.0000000000
151942  -12.328  -58.716  -29.519 0.0000000000
152164  -11.504  -58.452  -28.769 0.0000000000
28576  -11.078  -58.255  -28.253 0.0000000000
151087  -4.938  -72.502  -26.789 0.0000000000
14620  -4.976  -72.365  -25.927 0.0000000000
148710  -4.552  -71.907  -25.941 0.0000000000
14606  -4.609  -71.664  -25.266 0.0000000000
15657  -4.529  -70.767  -24.728 0.0000000000
16682  -4.151  -69.663  -26.133 0.0000000000
16668  -4.284  -69.866  -25.203 0.0000000000
15649  -4.869  -70.702  -24.116 0.0000000000
16648  -5.699  -69.679  -24.351 0.0000000000
137601  -5.993  -68.660  -24.718 0.0000000000
148819  -6.430  -68.323  -24.645 0.0000000000
21888  0.830  -64.518  -22.193 0.0000000000
21889  -0.268  -64.699  -22.124 0.0000000000
21865  -0.665  -64.146  -21.647 0.0000000000
142150  -0.948  -63.578  -21.329 0.0000000000
22967  -1.538  -63.205  -21.342 0.0000000000
24004  -0.802  -62.024  -20.646 0.0000000000
24029  -2.098  -62.551  -21.527 0.0000000000
24030  -2.939  -62.752  -21.981 0.0000000000
25108  -3.416  -61.874  -22.515 0.0000000000
25109  -4.027  -61.382  -23.071 0.0000000000
26197  -4.317  -60.929  -23.764 0.0000000000
26209  -5.039  -60.664  -24.852 0.0000000000
26198  -4.736  -60.325  -24.320 0.0000000000
28465  -4.451  -58.202  -23.573 0.0000000000
28463  -3.160  -58.634  -22.234 0.0000000000
28464  -3.762  -58.567  -22.959 0.0000000000
29647  -5.049  -57.268  -23.257 0.0000000000
30776  -5.535  -56.534  -22.559 0.0000000000
30771  -5.893  -56.082  -22.099 0.0000000000
32008  -6.757  -55.753  -22.005 0.0000000000
31997  -5.198  -55.831  -22.054 0.0000000000
31996  -4.374  -55.529  -21.971 0.0000000000
32007  -4.178  -54.728  -22.088 0.0000000000
31995  -2.918  -55.723  -21.781 0.0000000000
32005  -2.290  -54.853  -22.102 0.0000000000
33193  -2.509  -53.926  -22.346 0.0000000000
10782  -0.610  -75.732  -46.759 0.0000000000
12778  2.194  -73.294  -47.363 0.0000000000
13818  2.782  -72.474  -47.137 0.0000000000
12766  3.806  -73.064  -47.102 0.0000000000
13807  3.577  -72.245  -46.897 0.0000000000
14878  3.849  -71.330  -46.324 0.0000000000
138932  4.230  -70.893  -46.141 0.0000000000
15873  4.797  -70.449  -45.986 0.0000000000
137131  5.045  -69.770  -46.741 0.0000000000
11674  -5.860  -74.388  -36.177 0.0000000000
11675  -6.758  -74.240  -36.434 0.0000000000
147440  -6.850  -73.888  -37.111 0.0000000000
12670  -7.403  -73.305  -37.573 0.0000000000
13707  -8.193  -72.591  -37.625 0.0000000000
13723  -7.981  -72.014  -38.469 0.0000000000
151522  -8.529  -70.899  -38.424 0.0000000000
126827  -8.524  -69.722  -39.029 0.0000000000
16818  -7.769  -68.888  -39.642 0.0000000000
17863  -7.026  -68.701  -39.913 0.0000000000
12716  -7.594  -72.834  -40.859 0.0000000000
138317  -8.153  -71.719  -41.421 0.0000000000
14836  -8.279  -70.992  -41.217 0.0000000000
15836  -7.567  -70.585  -42.439 0.0000000000
16847  -7.365  -69.929  -42.080 0.0000000000
16841  -7.416  -69.389  -41.373 0.0000000000
17862  -6.832  -68.810  -40.772 0.0000000000
131795  -5.198  -68.538  -40.327 0.0000000000
138506  -4.377  -68.508  -40.101 0.0000000000
17860  -3.523  -68.553  -40.335 0.0000000000
133764  -1.907  -68.762  -40.842 0.0000000000
127269  -2.912  -68.802  -42.376 0.0000000000
127358  -2.399  -68.768  -41.641 0.0000000000
134838  -0.826  -68.920  -40.635 0.0000000000
17868  1.016  -69.032  -40.953 0.0000000000
18911  2.485  -67.995  -41.270 0.0000000000
131865  1.485  -86.852  -44.636 0.0000000000
3012  1.799  -86.291  -44.965 0.0000000000
2514  0.912  -86.865  -45.574 0.0000000000
3037  0.361  -86.051  -46.862 0.0000000000
3625  -0.129  -85.165  -47.152 0.0000000000
4254  -1.039  -84.446  -46.557 0.0000000000
148913  0.008  -83.892  -47.824 0.0000000000
126592  0.234  -83.316  -48.129 0.0000000000
5674  0.104  -81.626  -48.226 0.0000000000
6512  -0.251  -80.739  -48.191 0.0000000000
5648  -2.768  -81.789  -45.657 0.0000000000
5662  -2.430  -81.208  -46.160 0.0000000000
7313  -2.923  -79.222  -46.843 0.0000000000
6501  -2.297  -79.745  -47.044 0.0000000000
6499  -0.969  -79.986  -48.075 0.0000000000
136107  -0.130  -79.958  -48.501 0.0000000000
8197  0.582  -78.884  -49.759 0.0000000000
7365  0.204  -79.049  -51.465 0.0000000000
139280  -1.205  -79.567  -52.007 0.0000000000
7393  -0.422  -80.142  -53.083 0.0000000000
6566  -0.247  -80.773  -54.028 0.0000000000
6573  -0.578  -80.636  -54.942 0.0000000000
42638  -13.212  -45.789  -25.416 0.0000000000
132490  -11.398  -46.924  -25.053 0.0000000000
41546  -11.636  -46.168  -24.900 0.0000000000
128786  3.315  -67.847  -22.451 0.0000000000
16637  3.305  -69.148  -22.674 0.0000000000
16644  3.473  -69.264  -23.522 0.0000000000
15647  3.396  -70.465  -24.530 0.0000000000
13628  2.944  -72.873  -32.406 0.0000000000
13644  2.982  -73.006  -33.280 0.0000000000
12642  2.409  -73.660  -36.537 0.0000000000
151679  -13.293  -62.589  -24.710 0.0000000000
23030  -14.008  -62.800  -24.954 0.0000000000
23015  -13.729  -63.461  -24.424 0.0000000000
21933  -14.415  -64.336  -24.254 0.0000000000
138256  -14.139  -65.102  -24.183 0.0000000000
20846  -13.061  -65.563  -23.768 0.0000000000
20847  -13.745  -65.715  -24.255 0.0000000000
20861  -14.342  -65.714  -24.776 0.0000000000
20862  -14.822  -65.640  -25.530 0.0000000000
19786  -14.544  -65.982  -26.418 0.0000000000
19803  -14.179  -66.295  -27.329 0.0000000000
18735  -11.495  -67.587  -24.450 0.0000000000
18736  -12.109  -67.612  -25.002 0.0000000000
17687  -11.957  -68.401  -25.611 0.0000000000
18746  -12.527  -67.609  -25.729 0.0000000000
18758  -13.284  -67.356  -26.905 0.0000000000
135375  -13.627  -66.955  -27.327 0.0000000000
19823  -14.077  -66.111  -28.183 0.0000000000
19822  -13.529  -66.467  -28.728 0.0000000000
136453  -13.324  -66.051  -29.555 0.0000000000
19838  -12.596  -66.294  -30.263 0.0000000000
17737  -12.340  -67.941  -29.550 0.0000000000
18799  -12.403  -67.184  -30.007 0.0000000000
19851  -11.825  -66.019  -30.531 0.0000000000
20929  -11.221  -65.350  -30.501 0.0000000000
21997  -10.286  -65.100  -30.049 0.0000000000
18793  -1.784  -67.462  -29.534 0.0000000000
145421  -2.242  -66.885  -27.920 0.0000000000
19818  -1.298  -67.049  -28.001 0.0000000000
19798  -0.614  -66.889  -27.565 0.0000000000
19778  -0.110  -66.619  -26.689 0.0000000000
127045  1.081  -66.818  -27.828 0.0000000000
130807  0.978  -66.578  -27.063 0.0000000000
20844  0.654  -66.063  -24.199 0.0000000000
20830  0.987  -65.453  -23.453 0.0000000000
21976  3.161  -64.206  -28.737 0.0000000000
20890  3.315  -64.815  -27.540 0.0000000000
150681  3.422  -64.713  -26.911 0.0000000000
21953  3.441  -64.293  -26.396 0.0000000000
20857  3.228  -65.253  -25.648 0.0000000000
20843  2.980  -65.093  -24.797 0.0000000000
21912  2.048  -64.877  -23.220 0.0000000000
21913  1.190  -64.858  -22.821 0.0000000000
21887  2.050  -64.276  -22.285 0.0000000000
146552  1.705  -63.330  -21.394 0.0000000000
144205  1.734  -62.725  -21.282 0.0000000000
129609  1.651  -61.897  -21.563 0.0000000000
24001  1.132  -61.552  -20.522 0.0000000000
13876  4.313  -72.680  -51.890 0.0000000000
13875  4.774  -72.503  -51.869 0.0000000000
14934  3.043  -71.676  -52.192 0.0000000000
3627  -5.409  -83.977  -46.581 0.0000000000
4263  -4.637  -83.218  -47.450 0.0000000000
4262  -3.801  -83.514  -48.402 0.0000000000
4280  -3.804  -83.662  -49.175 0.0000000000
37522  -17.543  -50.640  -27.048 0.0000000000
37503  -16.416  -50.192  -26.962 0.0000000000
37502  -15.534  -50.281  -27.210 0.0000000000
37519  -14.855  -50.600  -27.435 0.0000000000
36494  -13.796  -51.457  -27.550 0.0000000000
36493  -12.915  -51.808  -27.450 0.0000000000
13495  -5.868  -73.339  -22.375 0.0000000000
144708  -5.662  -74.436  -23.336 0.0000000000
125782  -6.057  -74.917  -24.367 0.0000000000
144857  -4.554  -75.382  -25.177 0.0000000000
11557  -5.341  -75.127  -24.748 0.0000000000
133078  -6.132  -74.902  -25.181 0.0000000000
12514  -6.092  -74.469  -26.658 0.0000000000
10623  -4.781  -75.328  -28.981 0.0000000000
10624  -5.672  -74.952  -29.445 0.0000000000
11607  -6.209  -74.779  -28.784 0.0000000000
12553  -7.134  -73.392  -29.933 0.0000000000
12552  -6.818  -73.835  -29.352 0.0000000000
12533  -6.109  -74.372  -28.121 0.0000000000
13570  -5.984  -73.263  -28.241 0.0000000000
13543  -5.388  -72.788  -27.467 0.0000000000
14635  -4.692  -72.034  -27.437 0.0000000000
15677  -4.630  -71.243  -28.092 0.0000000000
15689  -4.908  -70.255  -28.648 0.0000000000
129989  -5.647  -69.881  -29.351 0.0000000000
16716  -5.896  -68.847  -29.467 0.0000000000
16705  -5.332  -69.118  -28.854 0.0000000000
18781  -5.136  -67.708  -28.852 0.0000000000
18796  -4.688  -67.664  -29.468 0.0000000000
18795  -3.831  -67.518  -29.459 0.0000000000
11667  -7.599  -74.278  -35.831 0.0000000000
12639  -8.573  -73.836  -35.470 0.0000000000
13680  -9.325  -72.337  -35.070 0.0000000000
140264  -8.870  -71.298  -36.394 0.0000000000
132703  -8.992  -71.011  -35.703 0.0000000000
14762  -9.214  -71.225  -34.878 0.0000000000
15762  -8.783  -70.594  -34.188 0.0000000000
15753  -8.247  -70.201  -33.596 0.0000000000
16754  -7.330  -70.074  -33.902 0.0000000000
17806  -5.435  -68.934  -37.836 0.0000000000
16797  -5.590  -69.286  -37.054 0.0000000000
16782  -5.784  -69.541  -36.302 0.0000000000
130185  -4.308  -69.492  -35.909 0.0000000000
16764  -5.151  -69.645  -35.667 0.0000000000
16765  -6.021  -69.736  -35.526 0.0000000000
126499  -6.300  -69.905  -34.755 0.0000000000
16753  -6.580  -70.046  -34.161 0.0000000000
16743  -6.509  -69.851  -33.490 0.0000000000
16734  -6.000  -69.353  -32.796 0.0000000000
16727  -5.444  -69.035  -32.012 0.0000000000
17750  -4.596  -68.812  -31.637 0.0000000000
16732  -3.837  -69.143  -32.976 0.0000000000
17758  -3.817  -68.871  -32.094 0.0000000000
125799  -3.909  -68.483  -31.214 0.0000000000
17740  -3.303  -68.238  -30.806 0.0000000000
126422  -3.069  -67.779  -30.101 0.0000000000
18794  -2.531  -67.503  -29.632 0.0000000000
18807  -1.296  -67.677  -30.276 0.0000000000
18806  -0.425  -67.572  -30.448 0.0000000000
18791  0.301  -67.449  -29.869 0.0000000000
18816  0.525  -67.514  -31.624 0.0000000000
18815  1.282  -67.342  -31.093 0.0000000000
18805  1.164  -67.388  -30.224 0.0000000000
19849  2.045  -67.075  -30.524 0.0000000000
19847  3.644  -65.898  -31.046 0.0000000000
20937  4.172  -65.249  -31.240 0.0000000000
151687  1.654  -67.805  -35.074 0.0000000000
18851  2.355  -67.613  -35.056 0.0000000000
19884  3.248  -67.158  -33.676 0.0000000000
20993  3.497  -65.761  -35.568 0.0000000000
19901  3.717  -66.344  -34.074 0.0000000000
151167  3.627  -66.565  -33.274 0.0000000000
19868  3.721  -66.096  -32.501 0.0000000000
134028  3.932  -65.267  -31.915 0.0000000000
22008  4.177  -64.657  -30.933 0.0000000000
23111  3.190  -63.833  -31.368 0.0000000000
23119  2.190  -63.614  -32.353 0.0000000000
22053  1.099  -63.969  -32.143 0.0000000000
143250  2.194  -63.419  -33.682 0.0000000000
22064  1.459  -63.709  -33.089 0.0000000000
7248  -6.208  -78.713  -40.028 0.0000000000
8106  -5.995  -78.259  -40.744 0.0000000000
133112  -5.812  -78.997  -40.537 0.0000000000
8114  -4.982  -77.923  -41.981 0.0000000000
8126  -4.198  -77.951  -42.588 0.0000000000
7259  -4.471  -79.419  -41.681 0.0000000000
8967  -3.487  -77.563  -43.312 0.0000000000
128311  -2.618  -77.006  -44.414 0.0000000000
8994  -2.193  -76.992  -44.940 0.0000000000
9862  -1.438  -76.695  -45.792 0.0000000000
5618  -2.493  -81.249  -42.592 0.0000000000
6442  -2.322  -80.475  -43.172 0.0000000000
7274  -2.166  -79.805  -43.691 0.0000000000
6451  -1.091  -80.160  -44.337 0.0000000000
7284  -1.313  -79.353  -44.574 0.0000000000
8137  -1.638  -78.546  -44.665 0.0000000000
8154  -1.357  -77.945  -45.234 0.0000000000
9861  -1.090  -77.374  -45.782 0.0000000000
145225  -0.893  -76.854  -46.218 0.0000000000
10801  0.088  -75.911  -47.149 0.0000000000
10798  2.758  -75.351  -47.252 0.0000000000
9010  1.704  -77.555  -47.187 0.0000000000
9878  2.646  -76.205  -47.314 0.0000000000
10797  3.880  -75.226  -47.066 0.0000000000
10796  4.697  -75.285  -47.240 0.0000000000
11772  5.320  -74.853  -47.842 0.0000000000
12826  5.410  -73.943  -50.674 0.0000000000
3596  2.228  -85.715  -44.973 0.0000000000
4238  3.056  -84.607  -45.590 0.0000000000
3631  2.484  -84.881  -47.798 0.0000000000
3610  3.384  -84.651  -46.185 0.0000000000
143147  3.165  -83.209  -46.084 0.0000000000
5660  3.878  -82.126  -46.961 0.0000000000
147663  2.940  -81.310  -49.063 0.0000000000
6509  4.084  -81.512  -48.922 0.0000000000
7348  4.521  -79.389  -49.726 0.0000000000
6530  4.360  -80.758  -49.101 0.0000000000
5671  4.758  -82.345  -48.509 0.0000000000
5665  5.248  -81.796  -48.066 0.0000000000
5666  4.901  -82.117  -47.595 0.0000000000
6498  4.333  -81.375  -47.195 0.0000000000
8172  4.494  -79.057  -48.204 0.0000000000
9013  4.561  -77.632  -48.145 0.0000000000
9017  5.595  -77.771  -49.739 0.0000000000
127003  5.686  -76.982  -49.053 0.0000000000
9887  5.473  -76.448  -48.329 0.0000000000
10826  5.812  -75.681  -49.181 0.0000000000
11814  5.321  -74.347  -50.673 0.0000000000
12827  5.102  -73.877  -51.124 0.0000000000
12829  3.873  -73.054  -51.276 0.0000000000
13861  2.689  -72.556  -50.573 0.0000000000
12810  2.253  -73.992  -49.594 0.0000000000
4928  -5.024  -82.325  -47.481 0.0000000000
132424  -5.377  -81.502  -47.506 0.0000000000
5668  -5.589  -80.864  -47.557 0.0000000000
5676  -4.791  -81.059  -48.661 0.0000000000
6514  -5.030  -80.176  -48.556 0.0000000000
6513  -4.659  -79.774  -48.992 0.0000000000
28521  -15.017  -58.813  -27.052 0.0000000000
27399  -14.694  -59.771  -27.149 0.0000000000
26237  -14.108  -60.752  -26.500 0.0000000000
25145  -13.577  -61.184  -25.824 0.0000000000
24079  -13.092  -61.584  -24.987 0.0000000000
23029  -12.867  -62.155  -24.650 0.0000000000
23013  -12.372  -62.515  -24.059 0.0000000000
21930  -12.156  -63.436  -23.675 0.0000000000
21917  -11.540  -63.665  -23.288 0.0000000000
23003  -11.196  -62.997  -23.108 0.0000000000
141069  -11.252  -64.564  -23.109 0.0000000000
142116  -10.581  -64.801  -22.935 0.0000000000
20813  -10.378  -65.697  -22.752 0.0000000000
19716  -9.528  -66.758  -22.397 0.0000000000
25102  -8.614  -60.906  -21.545 0.0000000000
24032  -8.748  -62.590  -22.056 0.0000000000
22970  -7.654  -63.573  -21.229 0.0000000000
22971  -8.270  -63.485  -21.823 0.0000000000
21893  -8.523  -64.149  -22.071 0.0000000000
20789  -9.039  -65.464  -22.190 0.0000000000
19698  -8.985  -66.501  -21.917 0.0000000000
18700  -9.241  -67.351  -22.161 0.0000000000
17655  -8.997  -68.087  -21.884 0.0000000000
128245  -8.701  -68.065  -21.209 0.0000000000
16629  -8.447  -69.242  -20.686 0.0000000000
18683  -7.763  -67.513  -19.909 0.0000000000
17645  -8.056  -68.885  -20.054 0.0000000000
16628  -7.947  -69.727  -20.167 0.0000000000
15617  -7.679  -70.590  -20.478 0.0000000000
14553  -6.941  -71.189  -20.470 0.0000000000
14552  -6.128  -71.493  -20.444 0.0000000000
25056  -4.882  -61.253  -19.295 0.0000000000
22919  -4.993  -62.501  -19.188 0.0000000000
21825  -5.101  -64.402  -18.845 0.0000000000
22909  -1.734  -62.909  -18.627 0.0000000000
138417  -2.348  -63.930  -18.616 0.0000000000
137812  -2.309  -65.763  -18.383 0.0000000000
137765  -3.328  -63.905  -18.598 0.0000000000
140205  -3.827  -64.812  -18.428 0.0000000000
20742  -4.644  -65.229  -18.542 0.0000000000
20751  -5.522  -65.251  -18.945 0.0000000000
135276  -5.255  -66.026  -18.607 0.0000000000
18657  -5.283  -67.567  -18.397 0.0000000000
138876  -5.667  -69.001  -18.554 0.0000000000
16605  -4.329  -69.530  -18.547 0.0000000000
134053  -5.023  -69.303  -18.509 0.0000000000
128945  -5.838  -69.840  -18.856 0.0000000000
15615  -5.684  -71.172  -19.804 0.0000000000
14551  -5.249  -71.681  -20.401 0.0000000000
14562  -5.765  -72.067  -21.104 0.0000000000
13493  -4.266  -72.927  -22.536 0.0000000000
12461  -3.957  -73.267  -23.105 0.0000000000
13505  -3.372  -72.993  -23.268 0.0000000000
12494  -3.370  -74.046  -24.115 0.0000000000
11569  -2.818  -74.613  -25.589 0.0000000000
11582  -2.560  -74.444  -26.655 0.0000000000
11596  -2.644  -74.544  -27.495 0.0000000000
15633  -1.630  -70.448  -22.576 0.0000000000
14581  -1.932  -71.211  -23.814 0.0000000000
144700  -1.591  -71.193  -25.457 0.0000000000
14605  -1.854  -71.851  -25.396 0.0000000000
13527  -1.878  -72.177  -25.948 0.0000000000
13542  -2.073  -72.816  -26.300 0.0000000000
12524  -2.352  -73.818  -27.355 0.0000000000
151671  -2.787  -74.355  -28.543 0.0000000000
12551  -3.287  -73.973  -30.014 0.0000000000
151287  -3.380  -73.357  -31.010 0.0000000000
12577  -3.751  -73.500  -31.477 0.0000000000
13604  -2.440  -72.732  -30.709 0.0000000000
13618  -3.297  -73.202  -31.863 0.0000000000
12586  -3.952  -73.517  -32.339 0.0000000000
150747  -3.932  -73.773  -33.664 0.0000000000
12619  -4.247  -73.967  -34.250 0.0000000000
149751  -4.217  -74.184  -34.881 0.0000000000
133438  2.695  -67.903  -24.193 0.0000000000
146065  2.039  -68.112  -25.702 0.0000000000
16679  3.574  -68.663  -26.812 0.0000000000
17708  2.715  -68.374  -26.361 0.0000000000
16680  1.599  -68.489  -26.573 0.0000000000
16692  1.163  -68.832  -27.480 0.0000000000
15685  0.452  -69.516  -28.876 0.0000000000
15698  0.278  -69.850  -29.611 0.0000000000
15709  4.175  -69.989  -30.141 0.0000000000
15710  3.549  -69.684  -30.566 0.0000000000
15740  3.005  -70.120  -32.776 0.0000000000
142229  2.648  -70.089  -32.102 0.0000000000
15711  2.525  -69.600  -30.790 0.0000000000
134472  1.407  -69.888  -30.912 0.0000000000
15712  0.366  -70.241  -30.556 0.0000000000
144972  -0.336  -70.386  -29.974 0.0000000000
14697  -0.203  -70.761  -31.298 0.0000000000
14719  -1.103  -71.626  -32.702 0.0000000000
150496  -1.296  -71.880  -33.416 0.0000000000
14761  -1.110  -71.931  -34.093 0.0000000000
13667  -2.124  -73.035  -34.174 0.0000000000
12617  -2.728  -73.708  -34.521 0.0000000000
11664  -3.569  -74.108  -34.906 0.0000000000
143905  -4.217  -74.384  -35.443 0.0000000000
11673  -4.245  -74.460  -36.302 0.0000000000
12667  -4.206  -74.106  -37.100 0.0000000000
139325  -4.088  -73.418  -37.872 0.0000000000
12665  -2.226  -74.029  -37.818 0.0000000000
12666  -3.119  -73.678  -37.943 0.0000000000
141752  -4.499  -72.732  -38.718 0.0000000000
149376  -4.928  -72.388  -39.413 0.0000000000
13737  -4.921  -72.412  -40.168 0.0000000000
13752  -4.635  -72.822  -40.836 0.0000000000
13734  -0.176  -72.651  -39.589 0.0000000000
134249  -0.982  -72.584  -39.847 0.0000000000
144920  -0.107  -72.226  -41.319 0.0000000000
151599  -1.264  -72.334  -40.682 0.0000000000
13735  -1.796  -72.465  -40.146 0.0000000000
149235  -3.231  -72.537  -40.982 0.0000000000
13751  -3.882  -72.591  -41.030 0.0000000000
12713  -5.460  -73.434  -40.801 0.0000000000
11714  -5.046  -74.316  -40.749 0.0000000000
10722  -4.850  -75.337  -40.327 0.0000000000
130047  -2.781  -74.957  -41.386 0.0000000000
10721  -4.027  -75.590  -40.563 0.0000000000
10712  -5.256  -76.021  -39.885 0.0000000000
9802  -5.548  -76.697  -39.596 0.0000000000
137418  -5.012  -77.241  -39.307 0.0000000000
8915  -5.224  -78.002  -39.107 0.0000000000
133179  2.455  -73.766  -37.389 0.0000000000
11696  2.478  -74.625  -38.764 0.0000000000
12662  2.614  -73.832  -38.236 0.0000000000
12703  3.623  -73.787  -39.762 0.0000000000
12712  4.381  -73.651  -40.578 0.0000000000
148738  4.896  -73.192  -41.750 0.0000000000
10728  5.023  -74.996  -42.490 0.0000000000
11720  4.930  -74.028  -42.265 0.0000000000
143777  4.745  -73.175  -42.226 0.0000000000
11738  3.891  -74.044  -43.124 0.0000000000
11739  2.738  -74.370  -43.115 0.0000000000
10749  2.041  -74.961  -43.020 0.0000000000
138492  5.506  -79.054  -43.950 0.0000000000
8121  4.436  -78.740  -43.849 0.0000000000
8962  4.148  -77.621  -43.962 0.0000000000
6440  3.049  -80.247  -43.346 0.0000000000
8122  3.170  -78.542  -43.551 0.0000000000
139933  3.097  -77.662  -43.571 0.0000000000
8964  2.522  -77.076  -43.309 0.0000000000
9837  1.625  -76.717  -42.787 0.0000000000
9825  1.042  -75.961  -42.339 0.0000000000
9826  0.366  -76.252  -42.071 0.0000000000
8946  -0.704  -77.306  -41.474 0.0000000000
8947  -1.406  -77.115  -41.128 0.0000000000
136218  -0.302  -78.867  -41.396 0.0000000000
8097  -1.780  -78.330  -40.581 0.0000000000
8938  -1.910  -77.521  -40.719 0.0000000000
8930  -3.599  -77.822  -39.613 0.0000000000
8089  -4.042  -78.497  -39.153 0.0000000000
8070  -5.321  -78.764  -38.793 0.0000000000
7218  -5.676  -79.434  -38.705 0.0000000000
6378  -5.664  -80.266  -38.626 0.0000000000
5594  -5.647  -80.834  -39.122 0.0000000000
6375  -3.366  -81.277  -38.286 0.0000000000
5562  -4.760  -81.452  -38.017 0.0000000000
5574  -5.194  -81.676  -38.754 0.0000000000
4856  -4.760  -82.219  -39.283 0.0000000000
4855  -4.006  -82.583  -39.941 0.0000000000
4181  -3.708  -83.278  -39.587 0.0000000000
4167  0.368  -83.176  -39.383 0.0000000000
4153  -1.521  -83.411  -37.514 0.0000000000
3518  -0.376  -84.625  -36.784 0.0000000000
4142  -1.898  -84.084  -37.166 0.0000000000
4143  -2.619  -83.795  -37.431 0.0000000000
3541  -3.410  -84.032  -38.268 0.0000000000
4169  -3.353  -83.951  -39.242 0.0000000000
4180  -3.000  -83.573  -40.155 0.0000000000
4197  -2.260  -83.467  -40.950 0.0000000000
3572  -1.669  -84.105  -40.814 0.0000000000
2997  -0.850  -84.735  -41.145 0.0000000000
2983  -1.165  -85.146  -40.180 0.0000000000
3571  -0.111  -84.949  -41.870 0.0000000000
145360  0.537  -85.527  -42.195 0.0000000000
143439  1.200  -86.151  -42.948 0.0000000000
2429  5.048  -86.062  -35.422 0.0000000000
2430  3.890  -86.873  -35.751 0.0000000000
1942  4.544  -87.324  -33.455 0.0000000000
1956  3.935  -87.482  -35.052 0.0000000000
138942  3.002  -87.954  -35.478 0.0000000000
1958  2.716  -88.171  -35.725 0.0000000000
1544  2.385  -88.400  -36.153 0.0000000000
763  4.386  -90.869  -35.340 0.0000000000
766  2.206  -91.639  -36.131 0.0000000000
765  3.096  -91.762  -35.858 0.0000000000
764  3.881  -90.956  -35.897 0.0000000000
1154  3.439  -90.089  -36.345 0.0000000000
1553  2.472  -89.148  -36.891 0.0000000000
1554  1.906  -88.724  -37.135 0.0000000000
1566  1.730  -88.883  -37.825 0.0000000000
1574  1.643  -88.949  -38.800 0.0000000000
2000  1.453  -88.395  -40.682 0.0000000000
1199  1.858  -90.291  -40.686 0.0000000000
152332  1.826  -89.410  -40.835 0.0000000000
2483  1.134  -87.645  -40.970 0.0000000000
135288  1.264  -87.660  -42.373 0.0000000000
2503  1.364  -87.620  -43.179 0.0000000000
2508  1.279  -87.445  -44.098 0.0000000000
2021  0.521  -87.953  -44.380 0.0000000000
2516  0.036  -87.791  -44.744 0.0000000000
3014  -1.428  -86.702  -44.444 0.0000000000
2504  -1.149  -87.839  -43.387 0.0000000000
2510  -1.727  -86.933  -43.612 0.0000000000
3588  -2.738  -85.074  -44.026 0.0000000000
3589  -3.409  -84.482  -43.482 0.0000000000
2002  -2.657  -87.833  -40.192 0.0000000000
2469  -3.938  -86.665  -39.686 0.0000000000
2486  -3.539  -86.480  -40.544 0.0000000000
2500  -3.446  -86.062  -41.201 0.0000000000
2999  -3.724  -85.482  -41.505 0.0000000000
4221  -4.416  -83.097  -43.122 0.0000000000
4880  -5.253  -82.605  -42.564 0.0000000000
4892  -5.715  -81.848  -42.782 0.0000000000
5620  -6.542  -81.821  -42.676 0.0000000000
4871  -6.755  -82.997  -41.614 0.0000000000
4883  -7.068  -82.697  -42.084 0.0000000000
5621  -7.050  -82.003  -42.711 0.0000000000
4893  -7.391  -82.284  -43.285 0.0000000000
4233  -6.821  -83.515  -44.902 0.0000000000
1577  -5.939  -88.425  -38.402 0.0000000000
146410  -6.112  -87.938  -39.626 0.0000000000
1599  -5.264  -88.432  -40.333 0.0000000000
2004  -5.508  -87.727  -41.012 0.0000000000
2005  -6.212  -87.519  -40.149 0.0000000000
2506  -6.351  -86.061  -42.578 0.0000000000
2512  -5.924  -86.202  -43.511 0.0000000000
131089  -4.872  -87.119  -44.412 0.0000000000
2519  -5.431  -86.459  -44.314 0.0000000000
3017  -5.995  -85.638  -44.174 0.0000000000
3028  -6.024  -85.105  -45.046 0.0000000000
3614  -6.242  -84.297  -45.466 0.0000000000
148046  -5.997  -84.232  -46.042 0.0000000000
128807  -4.759  -84.730  -46.774 0.0000000000
3048  -3.453  -85.526  -48.549 0.0000000000
3054  -3.584  -85.436  -49.443 0.0000000000
2537  -3.750  -86.761  -48.354 0.0000000000
2550  -4.343  -85.980  -50.671 0.0000000000
144683  -24.111  -55.302  -26.864 0.0000000000
129756  -23.128  -55.069  -26.456 0.0000000000
24070  -15.017  -62.964  -24.848 0.0000000000
23031  -15.921  -62.930  -24.870 0.0000000000
24082  -16.761  -62.717  -25.104 0.0000000000
21947  -16.317  -64.319  -25.453 0.0000000000
23032  -17.307  -63.211  -25.524 0.0000000000
128028  -17.584  -62.458  -25.338 0.0000000000
24083  -18.410  -62.261  -25.713 0.0000000000
24084  -19.064  -61.948  -26.322 0.0000000000
25162  -19.418  -61.478  -26.968 0.0000000000
21985  -15.477  -64.546  -28.369 0.0000000000
21986  -16.306  -64.292  -28.027 0.0000000000
23066  -17.492  -63.063  -28.002 0.0000000000
25186  -17.928  -61.651  -29.141 0.0000000000
24106  -18.017  -62.175  -28.518 0.0000000000
24095  -18.263  -62.483  -27.837 0.0000000000
25172  -18.491  -61.499  -28.961 0.0000000000
25173  -19.083  -61.281  -28.149 0.0000000000
145081  -20.338  -59.448  -27.261 0.0000000000
150515  -20.241  -58.864  -27.612 0.0000000000
28578  -19.185  -59.183  -28.740 0.0000000000
28579  -19.872  -58.561  -28.142 0.0000000000
128995  -20.457  -58.186  -27.580 0.0000000000
29740  -20.696  -57.364  -27.527 0.0000000000
32106  -21.700  -55.689  -26.477 0.0000000000
33276  -21.511  -54.911  -26.686 0.0000000000
33275  -20.671  -54.579  -27.361 0.0000000000
33274  -20.090  -54.337  -27.883 0.0000000000
32140  -19.367  -55.719  -29.074 0.0000000000
136552  -19.092  -54.262  -28.534 0.0000000000
34387  -17.914  -53.675  -28.509 0.0000000000
28605  -15.812  -58.745  -30.347 0.0000000000
29767  -16.398  -57.333  -29.931 0.0000000000
30909  -16.547  -56.537  -29.672 0.0000000000
30907  -14.853  -56.809  -29.618 0.0000000000
30908  -15.729  -56.664  -29.705 0.0000000000
142369  -16.540  -55.229  -29.188 0.0000000000
33290  -16.725  -54.546  -28.883 0.0000000000
34386  -17.018  -53.748  -28.571 0.0000000000
34385  -15.486  -53.285  -28.213 0.0000000000
34384  -14.660  -53.482  -28.095 0.0000000000
33288  -13.971  -54.655  -28.143 0.0000000000
33273  -13.812  -53.844  -27.836 0.0000000000
34369  -14.130  -52.992  -27.771 0.0000000000
34368  -13.384  -53.173  -27.596 0.0000000000
35440  -12.681  -52.738  -27.346 0.0000000000
35430  -11.971  -52.557  -26.872 0.0000000000
13496  -7.393  -72.768  -22.095 0.0000000000
12466  -8.466  -73.263  -23.174 0.0000000000
13506  -9.138  -73.011  -23.640 0.0000000000
11560  -8.424  -74.087  -24.731 0.0000000000
12483  -9.224  -73.337  -24.382 0.0000000000
13507  -9.670  -72.689  -24.130 0.0000000000
13534  -10.022  -72.602  -25.407 0.0000000000
141458  -10.561  -71.883  -26.343 0.0000000000
14638  -10.550  -71.416  -27.461 0.0000000000
14608  -6.312  -72.319  -25.386 0.0000000000
15668  -7.494  -71.050  -25.735 0.0000000000
14621  -7.971  -71.796  -26.345 0.0000000000
139295  -8.627  -72.235  -26.672 0.0000000000
14622  -8.626  -71.560  -27.004 0.0000000000
14637  -9.901  -71.498  -27.603 0.0000000000
15680  -10.384  -70.999  -28.040 0.0000000000
15690  -10.091  -70.248  -28.467 0.0000000000
16706  -9.715  -69.306  -28.758 0.0000000000
140187  -9.869  -68.447  -29.190 0.0000000000
18767  -8.905  -68.029  -27.485 0.0000000000
18782  -9.504  -67.521  -28.846 0.0000000000
19821  -9.863  -66.754  -29.337 0.0000000000
21983  -9.640  -64.976  -29.114 0.0000000000
137673  -9.507  -64.050  -29.080 0.0000000000
19800  -3.294  -66.665  -27.264 0.0000000000
19781  -3.633  -66.640  -26.466 0.0000000000
19763  -3.454  -66.531  -25.663 0.0000000000
19762  -2.604  -66.275  -25.494 0.0000000000
19747  -3.252  -66.232  -24.722 0.0000000000
18733  -4.002  -66.921  -25.110 0.0000000000
17668  -4.587  -67.382  -25.148 0.0000000000
18724  -5.713  -67.252  -24.702 0.0000000000
19734  -6.490  -66.923  -24.440 0.0000000000
136394  -0.992  -65.169  -22.579 0.0000000000
20807  -1.957  -65.249  -22.372 0.0000000000
19712  -2.987  -65.168  -23.059 0.0000000000
21890  -3.716  -64.689  -22.823 0.0000000000
20810  -4.191  -64.921  -23.016 0.0000000000
136639  -3.563  -65.116  -23.126 0.0000000000
142123  -5.231  -65.745  -24.034 0.0000000000
133226  -5.883  -66.182  -24.328 0.0000000000
19749  -6.965  -66.934  -24.496 0.0000000000
19764  -7.374  -66.485  -25.328 0.0000000000
20860  -7.737  -65.483  -26.440 0.0000000000
137991  -7.982  -65.067  -26.942 0.0000000000
21970  -8.669  -64.568  -27.961 0.0000000000
139398  -8.931  -63.767  -28.430 0.0000000000
23063  -9.419  -63.252  -29.054 0.0000000000
24103  -9.330  -62.492  -29.048 0.0000000000
25184  -9.241  -61.717  -28.973 0.0000000000
26261  -9.376  -60.775  -28.745 0.0000000000
25170  -8.223  -61.437  -27.732 0.0000000000
26250  -8.863  -60.721  -27.932 0.0000000000
149890  -9.767  -60.121  -28.764 0.0000000000
27419  -10.217  -59.552  -28.663 0.0000000000
28575  -10.432  -58.772  -28.187 0.0000000000
28558  -10.504  -58.038  -27.597 0.0000000000
137904  -6.089  -59.766  -25.077 0.0000000000
27382  -6.665  -59.552  -25.474 0.0000000000
27383  -7.324  -59.363  -25.976 0.0000000000
145505  -7.215  -58.032  -24.793 0.0000000000
28520  -7.853  -58.607  -25.904 0.0000000000
28537  -9.052  -58.569  -27.003 0.0000000000
28538  -9.670  -58.255  -27.267 0.0000000000
132387  -10.861  -57.221  -27.155 0.0000000000
152086  -11.022  -56.704  -26.910 0.0000000000
144403  -11.111  -56.127  -26.618 0.0000000000
32090  -11.456  -55.337  -26.508 0.0000000000
32089  -10.899  -55.456  -26.099 0.0000000000
138597  -11.594  -54.666  -26.500 0.0000000000
33262  -11.300  -53.916  -26.267 0.0000000000
133060  -11.226  -52.835  -26.291 0.0000000000
35415  -10.961  -51.937  -25.904 0.0000000000
35403  -10.458  -51.966  -25.119 0.0000000000
36446  -10.116  -51.969  -24.320 0.0000000000
137918  -9.715  -53.213  -23.598 0.0000000000
35394  -9.717  -52.358  -23.691 0.0000000000
36445  -9.635  -51.402  -23.670 0.0000000000
36444  -8.789  -51.442  -22.987 0.0000000000
37470  -7.730  -50.376  -21.746 0.0000000000
31999  -6.889  -55.046  -21.855 0.0000000000
33177  -6.465  -54.333  -21.722 0.0000000000
34283  -6.912  -53.562  -21.636 0.0000000000
34303  -4.824  -53.162  -21.909 0.0000000000
35359  -6.426  -52.603  -21.491 0.0000000000
35360  -7.333  -52.863  -21.681 0.0000000000
132907  -7.494  -51.230  -21.663 0.0000000000
9828  -5.915  -76.643  -42.503 0.0000000000
10751  -5.735  -75.465  -43.453 0.0000000000
10767  -5.234  -74.991  -44.075 0.0000000000
10766  -4.419  -75.284  -44.365 0.0000000000
11748  -4.692  -74.468  -44.623 0.0000000000
12746  -4.970  -73.609  -44.848 0.0000000000
13801  -4.730  -72.187  -45.412 0.0000000000
14869  -4.221  -71.555  -45.743 0.0000000000
15862  -3.416  -70.399  -45.640 0.0000000000
11776  -0.503  -74.313  -47.188 0.0000000000
12781  -1.002  -73.588  -47.162 0.0000000000
13820  -1.474  -72.314  -47.200 0.0000000000
14891  0.262  -71.207  -47.423 0.0000000000
14892  -0.692  -71.343  -47.368 0.0000000000
14893  -1.490  -71.522  -47.236 0.0000000000
15893  -2.169  -70.981  -46.990 0.0000000000
15880  -2.741  -70.579  -46.350 0.0000000000
15861  -2.753  -70.093  -45.706 0.0000000000
16857  -1.852  -69.240  -44.850 0.0000000000
17896  -0.663  -68.638  -44.435 0.0000000000
17895  0.023  -68.318  -43.997 0.0000000000
18935  1.433  -67.618  -44.983 0.0000000000
18928  0.961  -67.758  -44.027 0.0000000000
18918  2.160  -67.726  -42.476 0.0000000000
18917  3.211  -67.227  -42.140 0.0000000000
18910  3.020  -67.389  -41.103 0.0000000000
14932  4.812  -71.702  -52.088 0.0000000000
14919  5.194  -71.223  -51.546 0.0000000000
15913  4.979  -70.412  -51.435 0.0000000000
17997  3.974  -69.127  -52.843 0.0000000000
16918  4.577  -69.505  -51.434 0.0000000000
133923  4.922  -70.051  -50.580 0.0000000000
150865  4.131  -69.272  -49.414 0.0000000000
152361  3.893  -68.906  -48.872 0.0000000000
136519  3.991  -68.128  -48.112 0.0000000000
19032  0.418  -66.616  -52.883 0.0000000000
152033  1.154  -66.859  -51.751 0.0000000000
20090  0.303  -66.036  -51.224 0.0000000000
19002  1.077  -66.424  -51.137 0.0000000000
19001  2.116  -67.089  -50.624 0.0000000000
17940  2.982  -67.687  -49.412 0.0000000000
18977  3.632  -67.593  -48.089 0.0000000000
17927  4.261  -68.053  -47.614 0.0000000000
18951  4.605  -67.407  -46.181 0.0000000000
143690  4.780  -67.113  -45.458 0.0000000000
20020  4.625  -66.470  -45.158 0.0000000000
21142  3.626  -64.989  -46.115 0.0000000000
21128  4.363  -65.683  -44.681 0.0000000000
21112  4.821  -65.847  -43.478 0.0000000000
19990  4.930  -66.024  -42.807 0.0000000000
21083  4.251  -65.722  -42.391 0.0000000000
141116  3.218  -66.254  -41.150 0.0000000000
21067  2.631  -65.275  -41.640 0.0000000000
22160  1.775  -63.852  -41.647 0.0000000000
24231  1.531  -62.509  -43.429 0.0000000000
23213  1.652  -62.558  -41.631 0.0000000000
23199  1.729  -62.637  -40.620 0.0000000000
24205  1.401  -61.727  -40.587 0.0000000000
133059  1.766  -61.063  -39.212 0.0000000000
25257  1.479  -60.960  -38.774 0.0000000000
22207  -0.079  -64.109  -45.702 0.0000000000
150905  -0.208  -63.482  -44.455 0.0000000000
23239  -0.216  -62.569  -43.516 0.0000000000
23227  -0.801  -62.880  -42.790 0.0000000000
24233  -0.227  -61.967  -42.703 0.0000000000
25286  -0.185  -60.876  -40.526 0.0000000000
25270  -0.045  -60.842  -39.797 0.0000000000
24175  0.896  -61.316  -38.128 0.0000000000
470  3.932  -92.045  -34.363 0.0000000000
471  3.303  -91.882  -33.659 0.0000000000
476  4.346  -91.429  -34.753 0.0000000000
771  3.378  -90.892  -36.291 0.0000000000
773  2.101  -91.487  -36.957 0.0000000000
781  2.143  -91.196  -38.055 0.0000000000
782  1.809  -91.646  -38.188 0.0000000000
790  1.401  -91.634  -39.405 0.0000000000
1143  4.640  -90.091  -35.004 0.0000000000
1164  -0.819  -89.566  -36.810 0.0000000000
1188  2.098  -90.966  -40.146 0.0000000000
1200  1.218  -90.606  -41.214 0.0000000000
1206  0.863  -90.096  -41.863 0.0000000000
1536  4.244  -89.286  -35.233 0.0000000000
1568  -5.733  -88.111  -36.814 0.0000000000
1583  1.616  -88.914  -39.875 0.0000000000
1587  -6.320  -87.788  -38.890 0.0000000000
1608  0.515  -89.044  -42.721 0.0000000000
1609  0.088  -89.249  -42.870 0.0000000000
1953  4.313  -87.511  -34.558 0.0000000000
1964  1.182  -87.858  -36.880 0.0000000000
1966  -3.381  -87.900  -36.684 0.0000000000
1988  -6.183  -87.057  -37.876 0.0000000000
1992  -3.421  -87.430  -39.356 0.0000000000
1993  -6.397  -86.991  -38.534 0.0000000000
2009  1.150  -88.613  -42.394 0.0000000000
2018  -1.617  -87.752  -42.534 0.0000000000
2027  -3.998  -87.787  -45.000 0.0000000000
2050  -4.073  -87.025  -49.855 0.0000000000
2424  4.409  -86.692  -34.894 0.0000000000
2437  4.763  -86.327  -37.138 0.0000000000
2438  3.645  -86.712  -36.308 0.0000000000
2441  -0.281  -86.286  -36.592 0.0000000000
2455  -5.779  -86.766  -37.802 0.0000000000
2462  -5.694  -86.326  -38.375 0.0000000000
2471  -6.399  -86.306  -39.110 0.0000000000
2497  1.160  -87.611  -41.619 0.0000000000
2511  -5.330  -86.952  -43.793 0.0000000000
2515  0.604  -87.451  -44.917 0.0000000000
2517  -0.614  -87.286  -44.908 0.0000000000
2549  -3.879  -86.159  -50.095 0.0000000000
2925  5.424  -85.695  -36.929 0.0000000000
2928  0.514  -85.910  -36.170 0.0000000000
2939  4.326  -86.421  -37.957 0.0000000000
2950  4.974  -86.186  -39.213 0.0000000000
2952  2.944  -85.828  -38.418 0.0000000000
2954  -1.516  -85.527  -37.523 0.0000000000
2956  -5.494  -85.880  -38.954 0.0000000000
2962  5.668  -85.669  -39.422 0.0000000000
2980  5.769  -85.334  -40.572 0.0000000000
3003  -2.576  -86.218  -42.837 0.0000000000
3004  -3.373  -85.427  -42.337 0.0000000000
3024  0.894  -86.472  -46.307 0.0000000000
3506  -0.291  -85.348  -36.482 0.0000000000
3519  -1.134  -84.812  -36.755 0.0000000000
3521  -3.128  -83.939  -37.625 0.0000000000
3528  1.531  -84.727  -38.409 0.0000000000
3536  6.069  -85.080  -39.599 0.0000000000
3537  2.833  -85.163  -39.831 0.0000000000
3539  -1.999  -84.805  -39.577 0.0000000000
3542  -6.234  -84.715  -40.054 0.0000000000
3551  5.390  -85.116  -41.201 0.0000000000
3556  -5.233  -84.461  -40.574 0.0000000000
3568  5.778  -84.455  -41.685 0.0000000000
3570  3.538  -84.444  -41.294 0.0000000000
3574  -4.868  -84.232  -41.232 0.0000000000
3582  -4.444  -84.099  -42.094 0.0000000000
3584  -7.250  -83.725  -42.048 0.0000000000
3590  -6.909  -84.435  -43.248 0.0000000000
3612  -1.480  -84.867  -45.941 0.0000000000
3624  1.013  -85.705  -47.490 0.0000000000
3633  -3.534  -84.419  -48.420 0.0000000000
3648  -3.755  -84.567  -49.375 0.0000000000
4125  6.054  -84.222  -35.986 0.0000000000
4136  5.703  -84.596  -37.971 0.0000000000
4140  -0.122  -83.981  -37.532 0.0000000000
4141  -1.062  -84.039  -37.034 0.0000000000
4154  -3.090  -83.347  -37.597 0.0000000000
4168  -0.295  -83.068  -38.634 0.0000000000
4192  6.163  -83.980  -41.673 0.0000000000
4193  5.226  -84.077  -42.180 0.0000000000
4200  -6.673  -83.638  -41.149 0.0000000000
4204  5.765  -83.499  -42.505 0.0000000000
4209  -4.049  -83.895  -42.908 0.0000000000
4212  -7.284  -83.165  -42.327 0.0000000000
4231  -2.797  -84.033  -44.820 0.0000000000
4234  -7.411  -82.885  -43.970 0.0000000000
4237  3.748  -84.079  -46.013 0.0000000000
4243  -7.295  -82.599  -44.733 0.0000000000
4251  4.614  -83.517  -47.421 0.0000000000
4253  -0.539  -83.959  -47.186 0.0000000000
4258  4.595  -83.614  -48.021 0.0000000000
4815  -2.371  -83.394  -37.462 0.0000000000
4819  -0.993  -82.839  -38.217 0.0000000000
4824  -4.942  -81.770  -38.237 0.0000000000
4834  -4.439  -82.910  -38.886 0.0000000000
4835  -4.746  -82.277  -38.482 0.0000000000
4848  6.155  -83.510  -41.389 0.0000000000
4854  -3.151  -82.876  -40.649 0.0000000000
4876  4.145  -82.680  -42.861 0.0000000000
4881  -6.094  -82.336  -42.211 0.0000000000
4882  -6.701  -82.462  -42.160 0.0000000000
4886  6.124  -82.293  -43.263 0.0000000000
4916  -1.072  -83.007  -47.053 0.0000000000
4919  -6.048  -81.869  -46.809 0.0000000000
4921  -7.220  -81.322  -45.738 0.0000000000
4932  3.143  -83.209  -49.061 0.0000000000
5560  -2.959  -81.939  -37.995 0.0000000000
5563  -5.274  -81.151  -38.358 0.0000000000
5602  6.403  -82.452  -42.548 0.0000000000
5605  2.154  -82.064  -42.121 0.0000000000
5606  1.614  -81.458  -42.106 0.0000000000
5607  0.958  -81.756  -41.412 0.0000000000
5610  -4.480  -81.122  -40.718 0.0000000000
5612  6.864  -81.086  -43.238 0.0000000000
5614  6.706  -81.612  -42.730 0.0000000000
5631  -5.277  -81.491  -43.529 0.0000000000
5639  -4.779  -81.171  -44.250 0.0000000000
5650  -7.433  -80.794  -45.122 0.0000000000
5667  -1.106  -82.124  -47.233 0.0000000000
5675  -4.471  -81.915  -48.887 0.0000000000
6376  -4.129  -80.847  -38.202 0.0000000000
6379  -6.035  -79.674  -38.946 0.0000000000
6391  -3.634  -80.016  -38.704 0.0000000000
6392  -6.035  -79.994  -39.208 0.0000000000
6422  0.954  -81.014  -41.848 0.0000000000
6430  7.000  -81.113  -42.958 0.0000000000
6433  -2.990  -80.446  -42.620 0.0000000000
6439  4.154  -80.404  -43.513 0.0000000000
6452  -4.226  -80.774  -44.883 0.0000000000
6454  -6.178  -80.062  -44.343 0.0000000000
6455  -6.929  -80.030  -44.300 0.0000000000
6456  -7.287  -80.287  -44.544 0.0000000000
6469  -2.997  -80.946  -45.708 0.0000000000
6473  -7.257  -80.139  -45.223 0.0000000000
6486  3.346  -81.041  -46.848 0.0000000000
6489  -2.057  -80.704  -46.732 0.0000000000
6491  -6.518  -80.043  -46.594 0.0000000000
6507  5.169  -81.064  -48.443 0.0000000000
6531  3.024  -80.297  -49.185 0.0000000000
6550  -0.457  -80.756  -53.650 0.0000000000
6559  -1.185  -81.450  -53.658 0.0000000000
6567  -0.678  -81.163  -54.301 0.0000000000
6572  -0.156  -80.517  -54.491 0.0000000000
7217  -5.207  -79.810  -38.426 0.0000000000
7219  -6.045  -79.206  -38.979 0.0000000000
7234  -3.778  -79.287  -38.973 0.0000000000
7235  -6.090  -79.201  -39.389 0.0000000000
7245  -1.208  -79.617  -40.551 0.0000000000
7261  7.066  -79.929  -42.772 0.0000000000
7267  -3.523  -79.699  -42.396 0.0000000000
7270  5.959  -80.012  -43.973 0.0000000000
7273  2.602  -79.455  -43.317 0.0000000000
7283  -0.625  -79.754  -44.907 0.0000000000
7285  -1.970  -79.173  -44.192 0.0000000000
7299  -0.068  -79.379  -45.410 0.0000000000
7302  -5.890  -79.207  -45.497 0.0000000000
7321  4.877  -80.075  -47.818 0.0000000000
7325  -5.674  -79.173  -47.180 0.0000000000
7326  -6.067  -79.659  -47.091 0.0000000000
7328  4.889  -79.378  -48.519 0.0000000000
7333  -5.031  -79.078  -47.854 0.0000000000
7350  0.352  -79.133  -49.252 0.0000000000
7361  5.279  -78.659  -50.838 0.0000000000
7363  4.315  -79.187  -50.662 0.0000000000
7366  -0.591  -79.032  -51.295 0.0000000000
7368  -2.132  -79.311  -50.865 0.0000000000
7370  -3.754  -79.849  -50.136 0.0000000000
7389  3.472  -78.935  -52.020 0.0000000000
7390  2.620  -78.907  -52.690 0.0000000000
7394  -1.091  -80.240  -52.799 0.0000000000
7400  3.125  -78.719  -52.625 0.0000000000
7402  1.875  -79.002  -53.256 0.0000000000
7403  0.422  -80.230  -53.806 0.0000000000
8071  -5.813  -78.892  -38.909 0.0000000000
8072  -6.030  -78.714  -39.211 0.0000000000
8090  -4.756  -78.399  -38.946 0.0000000000
8096  -0.967  -78.778  -40.895 0.0000000000
8098  -2.673  -77.914  -40.217 0.0000000000
8104  -1.218  -77.859  -41.048 0.0000000000
8107  -6.375  -77.762  -40.250 0.0000000000
8109  6.993  -79.057  -42.372 0.0000000000
8110  6.645  -78.499  -42.794 0.0000000000
8111  1.656  -78.175  -42.779 0.0000000000
8120  5.189  -78.045  -43.982 0.0000000000
8123  2.129  -78.762  -43.163 0.0000000000
8155  -5.382  -78.792  -45.967 0.0000000000
8156  -5.999  -78.928  -45.968 0.0000000000
8164  -3.330  -78.664  -47.180 0.0000000000
8166  -4.842  -78.631  -46.578 0.0000000000
8173  4.279  -79.197  -47.811 0.0000000000
8175  2.264  -78.443  -47.210 0.0000000000
8176  -2.174  -78.678  -48.114 0.0000000000
8178  -3.759  -78.427  -47.555 0.0000000000
8194  5.303  -78.509  -49.575 0.0000000000
8198  -0.276  -78.764  -49.559 0.0000000000
8200  -2.727  -78.633  -49.276 0.0000000000
8202  -3.869  -78.682  -48.782 0.0000000000
8210  5.472  -78.359  -50.344 0.0000000000
8211  2.120  -78.936  -50.076 0.0000000000
8221  5.153  -78.256  -51.363 0.0000000000
8224  0.921  -79.007  -51.600 0.0000000000
8231  4.423  -78.235  -51.932 0.0000000000
8236  3.615  -78.035  -52.596 0.0000000000
8237  3.126  -78.286  -52.913 0.0000000000
8238  2.619  -78.347  -53.304 0.0000000000
8916  -5.733  -78.355  -39.120 0.0000000000
8932  -5.788  -77.546  -39.437 0.0000000000
8933  -6.045  -78.144  -39.377 0.0000000000
8939  -2.521  -77.078  -40.535 0.0000000000
8945  -0.085  -77.693  -41.726 0.0000000000
8948  -6.254  -77.555  -40.965 0.0000000000
8953  1.227  -77.540  -42.511 0.0000000000
8956  -5.471  -77.277  -42.160 0.0000000000
8957  -6.236  -76.997  -41.643 0.0000000000
8963  3.442  -77.022  -43.741 0.0000000000
8968  -4.296  -77.122  -42.966 0.0000000000
8982  -2.070  -77.678  -44.671 0.0000000000
8983  -3.124  -77.035  -43.896 0.0000000000
9006  5.190  -77.115  -48.388 0.0000000000
9007  4.276  -77.127  -47.686 0.0000000000
9011  0.928  -77.059  -47.121 0.0000000000
9027  5.308  -77.817  -51.116 0.0000000000
9053  3.402  -77.366  -52.717 0.0000000000
9054  3.080  -77.077  -53.461 0.0000000000
9068  2.821  -77.089  -53.936 0.0000000000
9069  2.537  -77.466  -54.076 0.0000000000
9801  -4.692  -76.566  -39.672 0.0000000000
9810  -4.510  -76.006  -40.094 0.0000000000
9811  -6.579  -76.823  -40.257 0.0000000000
9812  -6.985  -75.959  -40.218 0.0000000000
9815  5.586  -76.402  -41.858 0.0000000000
9817  -0.006  -76.940  -41.896 0.0000000000
9818  -0.594  -76.661  -41.645 0.0000000000
9819  -1.616  -76.379  -41.248 0.0000000000
9824  5.302  -76.023  -43.220 0.0000000000
9840  -5.447  -76.205  -43.143 0.0000000000
9841  -6.235  -75.945  -42.846 0.0000000000
9855  -4.090  -76.024  -44.001 0.0000000000
9863  -1.976  -76.549  -45.321 0.0000000000
9866  -0.309  -76.514  -46.687 0.0000000000
9867  -1.067  -76.220  -46.272 0.0000000000
9880  0.568  -76.459  -47.157 0.0000000000
9895  5.751  -76.283  -48.820 0.0000000000
9896  5.217  -76.183  -50.239 0.0000000000
9911  4.891  -76.737  -50.574 0.0000000000
9925  3.704  -76.920  -51.525 0.0000000000
9926  2.844  -76.451  -51.063 0.0000000000
9938  3.705  -77.311  -52.233 0.0000000000
10563  -3.971  -75.598  -25.550 0.0000000000
10699  2.432  -75.210  -38.075 0.0000000000
10710  3.133  -75.364  -39.658 0.0000000000
10711  2.689  -75.014  -39.439 0.0000000000
10719  3.098  -74.957  -40.009 0.0000000000
10723  -5.871  -75.280  -40.096 0.0000000000
10730  -0.933  -76.166  -41.605 0.0000000000
10733  -3.615  -74.960  -41.141 0.0000000000
10734  -7.179  -75.851  -41.542 0.0000000000
10735  -7.452  -75.005  -41.231 0.0000000000
10746  4.830  -75.674  -43.569 0.0000000000
10779  -3.082  -75.075  -45.216 0.0000000000
10784  -1.813  -75.013  -46.202 0.0000000000
10817  5.588  -75.932  -48.236 0.0000000000
10827  5.555  -75.755  -49.950 0.0000000000
10830  2.299  -75.371  -49.739 0.0000000000
11531  -6.206  -74.099  -22.897 0.0000000000
11542  -4.001  -74.299  -23.862 0.0000000000
11544  -6.406  -74.649  -23.660 0.0000000000
11546  -7.886  -73.938  -23.495 0.0000000000
11554  -3.039  -74.336  -24.725 0.0000000000
11570  -3.399  -75.337  -25.587 0.0000000000
11619  -3.206  -74.519  -29.166 0.0000000000
11620  -4.740  -74.952  -29.807 0.0000000000
11648  -5.620  -74.211  -34.646 0.0000000000
11665  -5.693  -74.376  -35.336 0.0000000000
11681  2.230  -74.516  -37.779 0.0000000000
11682  -2.875  -74.217  -37.213 0.0000000000
11707  3.404  -74.433  -40.151 0.0000000000
11716  -7.020  -74.337  -40.478 0.0000000000
11724  -7.533  -74.100  -41.415 0.0000000000
11727  4.608  -73.970  -42.716 0.0000000000
11728  4.077  -73.224  -42.691 0.0000000000
11734  -7.142  -74.897  -42.758 0.0000000000
11740  1.782  -74.333  -42.862 0.0000000000
11747  -3.883  -74.792  -44.964 0.0000000000
11749  -5.506  -74.169  -44.336 0.0000000000
11775  3.360  -74.469  -47.119 0.0000000000
11813  5.565  -74.571  -50.165 0.0000000000
12462  -4.596  -73.537  -23.032 0.0000000000
12463  -5.357  -73.856  -22.911 0.0000000000
12477  -3.081  -73.375  -23.847 0.0000000000
12478  -3.659  -73.665  -23.590 0.0000000000
12505  -8.430  -73.951  -25.365 0.0000000000
12534  -6.505  -74.040  -28.710 0.0000000000
12564  -2.999  -73.240  -30.487 0.0000000000
12565  -3.714  -73.882  -30.709 0.0000000000
12580  -7.006  -74.117  -31.071 0.0000000000
12589  -7.067  -73.991  -32.788 0.0000000000
12597  -3.500  -73.515  -33.183 0.0000000000
12599  -5.488  -74.000  -33.464 0.0000000000
12622  -7.834  -74.180  -34.868 0.0000000000
12637  -1.983  -74.046  -36.029 0.0000000000
12649  -6.080  -74.041  -36.953 0.0000000000
12661  3.393  -73.028  -37.008 0.0000000000
12671  -8.123  -73.337  -37.094 0.0000000000
12683  2.973  -73.832  -39.063 0.0000000000
12689  -4.988  -73.103  -38.066 0.0000000000
12721  -3.503  -73.427  -41.413 0.0000000000
12727  3.196  -72.621  -42.483 0.0000000000
12729  1.229  -73.054  -42.345 0.0000000000
12732  -1.633  -73.424  -41.816 0.0000000000
12733  -2.141  -73.556  -41.577 0.0000000000
12734  -2.662  -73.368  -41.402 0.0000000000
12741  -6.966  -73.566  -43.594 0.0000000000
12760  -3.611  -73.366  -45.736 0.0000000000
12762  -5.247  -72.757  -45.025 0.0000000000
12768  -2.186  -74.086  -46.306 0.0000000000
12775  4.727  -74.074  -47.451 0.0000000000
12779  1.006  -73.395  -47.443 0.0000000000
12828  4.355  -73.808  -50.885 0.0000000000
12840  4.719  -73.205  -51.493 0.0000000000
13486  -5.399  -72.660  -21.812 0.0000000000
13491  -3.002  -72.331  -22.845 0.0000000000
13517  -10.116  -72.335  -24.676 0.0000000000
13530  -6.546  -73.211  -25.913 0.0000000000
13533  -9.518  -73.049  -25.691 0.0000000000
13568  -1.910  -71.851  -28.486 0.0000000000
13569  -2.245  -72.707  -28.606 0.0000000000
13627  4.114  -72.224  -32.683 0.0000000000
13629  -1.759  -72.174  -32.887 0.0000000000
13630  -2.337  -72.774  -32.563 0.0000000000
13642  4.880  -71.750  -34.080 0.0000000000
13645  -1.634  -72.430  -33.731 0.0000000000
13649  -9.312  -71.944  -34.314 0.0000000000
13662  4.965  -71.788  -34.782 0.0000000000
13665  -0.803  -72.175  -34.834 0.0000000000
13666  -1.407  -72.696  -34.519 0.0000000000
13676  0.220  -72.056  -35.856 0.0000000000
13684  4.802  -72.038  -37.033 0.0000000000
13705  1.275  -72.042  -37.854 0.0000000000
13720  -3.122  -72.633  -39.588 0.0000000000
13740  -7.888  -71.801  -39.388 0.0000000000
13746  5.029  -71.982  -40.153 0.0000000000
13747  0.422  -72.219  -40.512 0.0000000000
13749  -1.906  -72.456  -41.004 0.0000000000
13750  -2.587  -72.743  -41.107 0.0000000000
13763  -2.545  -72.983  -41.261 0.0000000000
13765  -3.980  -72.931  -41.246 0.0000000000
13766  -7.975  -72.499  -41.501 0.0000000000
13780  -7.657  -72.324  -42.987 0.0000000000
13800  -4.000  -72.442  -45.825 0.0000000000
13806  3.815  -72.187  -46.899 0.0000000000
13808  -1.411  -73.004  -47.127 0.0000000000
13810  -2.599  -73.218  -46.421 0.0000000000
13841  5.419  -73.188  -50.297 0.0000000000
14548  -2.684  -71.521  -20.871 0.0000000000
14566  -8.939  -71.003  -21.891 0.0000000000
14582  -2.307  -71.995  -24.097 0.0000000000
14583  -10.223  -71.275  -23.725 0.0000000000
14591  -4.965  -71.386  -24.410 0.0000000000
14604  -1.644  -71.492  -26.020 0.0000000000
14619  -4.497  -71.996  -26.577 0.0000000000
14624  -10.239  -71.900  -27.049 0.0000000000
14636  -9.211  -71.336  -27.440 0.0000000000
14658  3.832  -71.616  -29.442 0.0000000000
14677  4.270  -70.748  -30.695 0.0000000000
14680  -2.054  -72.127  -30.543 0.0000000000
14715  4.859  -70.685  -33.054 0.0000000000
14739  5.057  -70.865  -33.885 0.0000000000
14744  -9.170  -71.250  -33.851 0.0000000000
14772  -9.219  -71.786  -35.808 0.0000000000
14782  5.005  -71.243  -37.076 0.0000000000
14803  -8.421  -71.606  -37.912 0.0000000000
14808  4.762  -71.313  -38.676 0.0000000000
14818  3.830  -70.646  -39.267 0.0000000000
14825  4.750  -71.463  -40.326 0.0000000000
14830  -8.365  -70.903  -40.555 0.0000000000
14834  1.966  -71.750  -41.638 0.0000000000
14835  1.067  -71.970  -41.838 0.0000000000
14842  2.627  -71.706  -41.916 0.0000000000
14844  1.023  -72.175  -42.005 0.0000000000
14864  -5.124  -70.824  -44.690 0.0000000000
14870  -4.917  -71.429  -45.185 0.0000000000
14881  -2.925  -71.341  -46.680 0.0000000000
14894  -2.211  -71.829  -47.031 0.0000000000
14906  5.375  -72.236  -50.682 0.0000000000
14933  4.163  -71.922  -52.252 0.0000000000
14948  4.278  -71.158  -52.441 0.0000000000
15586  -4.828  -70.103  -18.693 0.0000000000
15604  -4.424  -70.871  -18.922 0.0000000000
15607  -7.364  -70.117  -19.917 0.0000000000
15634  -2.173  -70.990  -22.078 0.0000000000
15635  -9.723  -70.337  -22.889 0.0000000000
15641  -5.231  -70.182  -24.114 0.0000000000
15642  -5.757  -70.177  -23.987 0.0000000000
15648  -1.456  -70.593  -24.351 0.0000000000
15652  -6.729  -70.197  -24.493 0.0000000000
15659  -10.898  -71.152  -24.963 0.0000000000
15666  -1.092  -70.227  -26.624 0.0000000000
15673  4.392  -70.219  -27.567 0.0000000000
15686  -0.368  -69.884  -28.890 0.0000000000
15696  1.531  -69.580  -30.146 0.0000000000
15699  -0.986  -70.759  -29.750 0.0000000000
15729  -8.075  -70.596  -31.415 0.0000000000
15730  -8.286  -70.277  -31.991 0.0000000000
15741  1.292  -70.463  -32.232 0.0000000000
15742  -8.573  -70.654  -32.441 0.0000000000
15748  4.589  -70.395  -34.133 0.0000000000
15760  2.172  -70.483  -34.164 0.0000000000
15767  3.489  -70.196  -35.292 0.0000000000
15781  4.731  -70.753  -36.961 0.0000000000
15792  4.333  -70.534  -37.434 0.0000000000
15802  4.540  -70.834  -38.118 0.0000000000
15804  -8.578  -70.238  -38.381 0.0000000000
15827  -8.002  -70.255  -41.599 0.0000000000
15843  -4.678  -69.656  -43.691 0.0000000000
15859  4.723  -70.192  -45.033 0.0000000000
15876  1.535  -70.177  -46.884 0.0000000000
15879  -1.812  -70.300  -46.665 0.0000000000
15888  4.989  -70.278  -47.265 0.0000000000
15891  -0.400  -70.554  -47.291 0.0000000000
15922  4.763  -70.917  -52.099 0.0000000000
15936  3.768  -70.460  -53.009 0.0000000000
15949  3.227  -70.072  -53.822 0.0000000000
16604  -3.596  -69.371  -18.531 0.0000000000
16627  -1.972  -70.201  -19.758 0.0000000000
16639  -1.128  -69.846  -22.154 0.0000000000
16649  -6.105  -69.575  -24.329 0.0000000000
16654  3.881  -68.880  -25.021 0.0000000000
16665  4.115  -69.053  -25.578 0.0000000000
16670  -11.614  -70.104  -25.892 0.0000000000
16691  2.513  -68.555  -27.178 0.0000000000
16701  4.075  -69.508  -28.930 0.0000000000
16709  -12.261  -69.215  -28.715 0.0000000000
16713  4.018  -69.647  -29.566 0.0000000000
16714  3.340  -69.199  -29.405 0.0000000000
16717  -6.243  -69.305  -29.833 0.0000000000
16725  -7.221  -69.640  -31.026 0.0000000000
16736  -7.782  -69.680  -32.317 0.0000000000
16740  -3.815  -69.299  -33.768 0.0000000000
16745  -8.296  -70.183  -32.761 0.0000000000
16761  -2.051  -68.991  -36.036 0.0000000000
16778  -1.719  -69.198  -36.805 0.0000000000
16785  -8.130  -70.236  -35.875 0.0000000000
16799  -8.494  -70.077  -37.591 0.0000000000
16807  -2.950  -69.043  -37.974 0.0000000000
16846  -6.851  -70.098  -42.707 0.0000000000
16851  -2.810  -69.097  -43.773 0.0000000000
16856  4.481  -69.072  -44.569 0.0000000000
16866  4.652  -69.555  -44.815 0.0000000000
16867  4.201  -69.769  -44.642 0.0000000000
16869  -0.925  -69.101  -45.862 0.0000000000
16870  -1.165  -69.000  -45.090 0.0000000000
16871  -2.351  -69.633  -45.329 0.0000000000
16872  -3.084  -69.819  -45.152 0.0000000000
16883  0.323  -69.226  -46.640 0.0000000000
16886  -2.136  -69.931  -46.021 0.0000000000
16895  4.325  -68.698  -48.094 0.0000000000
16902  4.830  -69.502  -47.738 0.0000000000
16909  4.317  -69.367  -50.327 0.0000000000
16934  4.368  -69.473  -52.279 0.0000000000
16956  4.250  -69.937  -52.787 0.0000000000
17621  -1.738  -68.010  -18.688 0.0000000000
17624  -4.279  -68.740  -18.411 0.0000000000
17646  -8.438  -68.454  -20.673 0.0000000000
17652  0.313  -67.708  -22.071 0.0000000000
17654  -8.869  -68.821  -21.373 0.0000000000
17679  3.154  -68.227  -24.914 0.0000000000
17682  0.262  -68.647  -23.959 0.0000000000
17693  3.593  -68.582  -26.052 0.0000000000
17725  -5.542  -68.259  -29.107 0.0000000000
17726  -10.428  -69.148  -29.294 0.0000000000
17747  -1.413  -67.942  -31.703 0.0000000000
17773  -2.601  -68.913  -34.535 0.0000000000
17781  -2.331  -68.935  -35.208 0.0000000000
17808  -7.183  -69.180  -37.510 0.0000000000
17821  0.028  -69.265  -38.003 0.0000000000
17827  -7.725  -69.092  -38.227 0.0000000000
17828  -8.104  -69.108  -38.982 0.0000000000
17844  -5.527  -68.562  -39.634 0.0000000000
17870  -1.399  -68.772  -41.533 0.0000000000
17872  -4.230  -68.643  -41.651 0.0000000000
17884  0.222  -68.322  -43.119 0.0000000000
17906  2.679  -68.291  -45.173 0.0000000000
17907  1.841  -67.895  -45.503 0.0000000000
17908  0.994  -68.120  -45.601 0.0000000000
17916  4.479  -68.046  -46.787 0.0000000000
17918  1.548  -68.467  -46.003 0.0000000000
17919  0.711  -68.643  -46.192 0.0000000000
17920  -0.158  -68.830  -46.090 0.0000000000
17952  2.760  -67.650  -50.054 0.0000000000
17982  3.994  -68.826  -52.084 0.0000000000
18013  3.584  -68.846  -53.474 0.0000000000
18656  -4.361  -67.308  -18.286 0.0000000000
18658  -6.070  -67.424  -18.619 0.0000000000
18668  2.745  -67.226  -19.606 0.0000000000
18671  -6.575  -67.738  -18.838 0.0000000000
18695  3.130  -66.966  -21.955 0.0000000000
18707  2.574  -67.143  -22.596 0.0000000000
18709  -3.828  -65.766  -24.047 0.0000000000
18710  -4.393  -65.847  -24.150 0.0000000000
18725  -6.409  -67.635  -24.608 0.0000000000
18734  -7.070  -67.725  -24.526 0.0000000000
18778  -1.514  -67.219  -28.697 0.0000000000
18837  2.543  -67.637  -34.100 0.0000000000
18868  1.538  -67.427  -36.443 0.0000000000
18903  1.981  -68.062  -40.437 0.0000000000
18909  3.532  -66.714  -41.745 0.0000000000
18934  1.999  -67.367  -44.255 0.0000000000
18943  2.332  -67.597  -44.777 0.0000000000
19033  -0.153  -66.673  -53.323 0.0000000000
19678  2.095  -65.840  -20.660 0.0000000000
19679  0.735  -66.308  -20.764 0.0000000000
19714  -4.369  -65.400  -23.629 0.0000000000
19733  -5.950  -66.548  -24.457 0.0000000000
19737  -12.005  -66.082  -23.207 0.0000000000
19744  -0.400  -66.112  -24.283 0.0000000000
19748  -6.402  -66.470  -24.535 0.0000000000
19760  -0.725  -66.266  -25.123 0.0000000000
19801  -8.783  -66.597  -27.604 0.0000000000
19817  0.243  -67.048  -28.140 0.0000000000
19848  2.945  -66.559  -30.799 0.0000000000
19918  3.124  -66.924  -35.419 0.0000000000
19971  0.319  -66.644  -39.606 0.0000000000
19984  3.663  -66.337  -41.738 0.0000000000
19985  3.302  -66.889  -41.034 0.0000000000
19991  4.216  -66.279  -42.379 0.0000000000
19998  4.781  -66.382  -43.278 0.0000000000
19999  4.644  -66.389  -42.852 0.0000000000
20009  4.566  -66.524  -44.112 0.0000000000
20021  4.533  -65.722  -45.798 0.0000000000
20065  1.991  -65.815  -49.785 0.0000000000
20066  1.122  -65.454  -49.924 0.0000000000
20076  0.540  -65.818  -50.552 0.0000000000
20105  -0.019  -66.363  -52.404 0.0000000000
20747  2.302  -65.585  -19.346 0.0000000000
20748  1.825  -65.184  -19.490 0.0000000000
20753  -6.829  -65.912  -19.650 0.0000000000
20808  -2.513  -65.123  -22.552 0.0000000000
20809  -3.101  -64.978  -22.818 0.0000000000
20834  -6.091  -65.736  -24.547 0.0000000000
20836  -11.630  -65.309  -23.147 0.0000000000
20849  -15.667  -64.695  -25.071 0.0000000000
20856  3.504  -64.627  -25.898 0.0000000000
20874  3.451  -65.055  -26.383 0.0000000000
20876  -8.121  -65.763  -26.903 0.0000000000
20893  -8.464  -65.306  -27.549 0.0000000000
20905  3.269  -64.821  -28.285 0.0000000000
20919  -10.577  -65.832  -30.244 0.0000000000
20920  -13.100  -65.629  -30.211 0.0000000000
20924  3.934  -65.334  -30.534 0.0000000000
20955  3.867  -65.275  -32.614 0.0000000000
20975  3.719  -65.147  -33.937 0.0000000000
21031  0.374  -65.881  -39.226 0.0000000000
21066  3.571  -65.843  -41.774 0.0000000000
21129  4.022  -65.123  -45.444 0.0000000000
21155  2.599  -64.886  -47.906 0.0000000000
21167  1.950  -64.911  -48.780 0.0000000000
21181  0.144  -65.325  -49.478 0.0000000000
21824  -4.276  -64.225  -18.637 0.0000000000
21832  0.783  -64.559  -19.164 0.0000000000
21868  -3.056  -64.602  -22.451 0.0000000000
21892  -5.004  -64.780  -23.542 0.0000000000
21895  -10.047  -64.218  -22.820 0.0000000000
21928  -5.630  -64.166  -24.553 0.0000000000
21932  -13.515  -64.259  -24.039 0.0000000000
21942  3.418  -64.115  -25.620 0.0000000000
21943  3.371  -64.626  -25.338 0.0000000000
21969  -8.245  -64.662  -27.409 0.0000000000
21982  -9.154  -64.522  -28.561 0.0000000000
22000  -14.420  -64.379  -29.526 0.0000000000
22018  -12.674  -64.432  -30.548 0.0000000000
22034  4.120  -64.791  -31.522 0.0000000000
22052  3.866  -64.653  -32.198 0.0000000000
22072  1.494  -63.581  -33.994 0.0000000000
22081  3.560  -64.436  -34.456 0.0000000000
22099  2.376  -64.513  -38.064 0.0000000000
22172  3.963  -64.829  -42.887 0.0000000000
22173  3.014  -64.265  -42.803 0.0000000000
22185  3.971  -64.662  -43.664 0.0000000000
22206  2.725  -63.674  -45.853 0.0000000000
22218  0.500  -63.794  -47.239 0.0000000000
22232  1.243  -63.638  -47.815 0.0000000000
22234  0.290  -64.285  -47.928 0.0000000000
22250  0.516  -64.394  -48.404 0.0000000000
22935  0.323  -62.990  -20.618 0.0000000000
22936  -6.488  -63.768  -20.039 0.0000000000
22969  -3.062  -63.775  -22.158 0.0000000000
22984  2.263  -63.389  -21.843 0.0000000000
22985  1.471  -63.846  -21.627 0.0000000000
23001  -4.885  -63.987  -23.573 0.0000000000
23002  -10.646  -62.724  -22.824 0.0000000000
23011  -5.323  -63.721  -24.303 0.0000000000
23020  3.169  -63.690  -25.943 0.0000000000
23036  3.256  -63.959  -26.701 0.0000000000
23044  -8.056  -63.025  -27.462 0.0000000000
23061  1.696  -63.578  -28.414 0.0000000000
23064  -9.943  -63.447  -29.676 0.0000000000
23075  2.324  -63.711  -29.861 0.0000000000
23110  3.754  -64.256  -31.610 0.0000000000
23112  2.549  -63.698  -31.622 0.0000000000
23118  3.105  -63.790  -32.081 0.0000000000
23131  3.018  -63.413  -34.484 0.0000000000
23160  0.439  -62.500  -36.960 0.0000000000
23214  -1.041  -62.650  -42.102 0.0000000000
23226  1.582  -62.555  -42.564 0.0000000000
23249  2.593  -63.371  -44.771 0.0000000000
23251  0.256  -62.712  -44.428 0.0000000000
23263  0.054  -63.503  -45.109 0.0000000000
23271  1.163  -63.295  -46.631 0.0000000000
23279  1.621  -63.492  -47.065 0.0000000000
23967  -2.959  -62.045  -19.019 0.0000000000
24028  -1.395  -62.479  -21.061 0.0000000000
24048  2.786  -62.658  -22.957 0.0000000000
24060  2.721  -62.841  -24.339 0.0000000000
24096  -18.533  -62.206  -27.859 0.0000000000
24105  -17.148  -62.656  -28.794 0.0000000000
24123  -12.143  -61.838  -30.368 0.0000000000
24162  2.851  -62.096  -36.652 0.0000000000
24167  2.468  -61.696  -37.257 0.0000000000
24187  2.326  -61.391  -38.979 0.0000000000
24188  2.118  -61.887  -39.653 0.0000000000
24189  -0.641  -61.486  -39.264 0.0000000000
24219  -0.533  -61.747  -41.733 0.0000000000
24244  0.872  -61.985  -43.931 0.0000000000
24245  0.811  -61.803  -43.645 0.0000000000
24246  0.078  -61.894  -43.265 0.0000000000
24257  1.733  -62.951  -44.853 0.0000000000
24271  0.961  -62.822  -45.199 0.0000000000
25084  -6.435  -61.215  -20.184 0.0000000000
25103  -9.488  -60.967  -21.862 0.0000000000
25107  -3.038  -60.989  -22.194 0.0000000000
25111  -9.877  -61.610  -22.189 0.0000000000
25112  -10.943  -61.123  -22.582 0.0000000000
25125  -4.730  -61.415  -24.375 0.0000000000
25127  -11.431  -61.480  -23.066 0.0000000000
25185  -9.846  -61.279  -29.409 0.0000000000
25210  -13.772  -61.553  -30.526 0.0000000000
25256  2.171  -61.059  -38.604 0.0000000000
25258  0.401  -61.066  -39.016 0.0000000000
25268  1.258  -61.222  -39.950 0.0000000000
25269  0.898  -60.884  -39.659 0.0000000000
25300  0.775  -61.273  -41.833 0.0000000000
25302  -0.082  -61.006  -41.322 0.0000000000
25316  0.732  -61.340  -42.415 0.0000000000
25317  0.144  -61.207  -42.033 0.0000000000
26169  -2.110  -60.043  -21.568 0.0000000000
26210  -5.617  -60.492  -25.200 0.0000000000
26212  -12.801  -61.070  -24.436 0.0000000000
26222  -6.844  -60.135  -26.050 0.0000000000
26223  -13.215  -61.083  -25.191 0.0000000000
26238  -14.565  -60.460  -26.976 0.0000000000
26283  -18.219  -60.486  -30.583 0.0000000000
26358  0.348  -60.802  -40.279 0.0000000000
26376  0.713  -61.139  -41.122 0.0000000000
26377  0.339  -60.866  -40.894 0.0000000000
27303  -0.748  -59.525  -20.545 0.0000000000
27347  -4.224  -59.929  -23.778 0.0000000000
27365  -6.426  -59.111  -24.900 0.0000000000
27397  -8.059  -59.892  -27.052 0.0000000000
27400  -15.514  -59.628  -27.377 0.0000000000
27412  -16.404  -59.398  -27.380 0.0000000000
27429  -13.402  -59.619  -30.226 0.0000000000
27432  -19.225  -61.035  -29.841 0.0000000000
28502  -6.613  -58.389  -24.622 0.0000000000
28561  -17.203  -58.793  -27.189 0.0000000000
28593  -16.057  -58.103  -30.217 0.0000000000
29638  -4.027  -57.026  -22.122 0.0000000000
29680  -6.885  -57.655  -24.260 0.0000000000
29721  -16.637  -57.015  -27.054 0.0000000000
29739  -16.989  -57.693  -27.323 0.0000000000
29769  -18.054  -58.219  -29.777 0.0000000000
30777  -6.359  -56.250  -22.466 0.0000000000
30818  -9.256  -55.804  -24.752 0.0000000000
30838  -8.849  -56.537  -25.147 0.0000000000
30879  -20.925  -56.432  -27.321 0.0000000000
31994  -2.032  -55.555  -21.751 0.0000000000
32006  -3.408  -54.977  -22.121 0.0000000000
32026  -9.329  -54.848  -23.699 0.0000000000
32049  -9.693  -55.083  -24.276 0.0000000000
32092  -23.079  -55.377  -26.154 0.0000000000
32093  -24.323  -55.178  -26.618 0.0000000000
32119  -18.156  -55.056  -29.102 0.0000000000
33178  -7.341  -54.425  -21.822 0.0000000000
33194  -3.512  -53.940  -22.215 0.0000000000
33293  -19.627  -54.613  -28.354 0.0000000000
33294  -20.211  -55.043  -27.941 0.0000000000
34331  -10.372  -53.463  -24.665 0.0000000000
34370  -14.917  -52.775  -27.886 0.0000000000
34388  -18.737  -53.694  -28.386 0.0000000000
36464  -11.278  -51.098  -26.287 0.0000000000
37477  -8.444  -50.497  -22.512 0.0000000000
37504  -17.211  -50.138  -26.769 0.0000000000
37505  -17.947  -50.248  -26.721 0.0000000000
37507  -20.424  -50.656  -26.461 0.0000000000
37508  -21.102  -50.932  -26.259 0.0000000000
37518  -14.264  -50.818  -27.510 0.0000000000
37521  -16.916  -50.741  -27.223 0.0000000000
38525  -15.060  -49.648  -27.006 0.0000000000
38530  -20.190  -49.726  -26.311 0.0000000000
39530  -13.036  -48.633  -26.845 0.0000000000
41561  -11.980  -46.790  -25.535 0.0000000000
41563  -13.860  -46.429  -25.798 0.0000000000
125632  -10.713  -69.057  -24.515 0.0000000000
125746  -0.228  -67.638  -32.021 0.0000000000
125772  5.021  -70.786  -48.977 0.0000000000
125821  3.810  -73.840  -47.050 0.0000000000
125871  6.153  -84.918  -40.360 0.0000000000
125938  -1.567  -69.164  -38.732 0.0000000000
126158  -6.134  -68.587  -40.187 0.0000000000
126351  2.228  -74.625  -47.334 0.0000000000
126489  1.185  -74.810  -47.400 0.0000000000
126551  -5.691  -75.114  -26.884 0.0000000000
126719  0.354  -66.944  -53.616 0.0000000000
126808  1.405  -67.154  -52.416 0.0000000000
127089  4.757  -72.373  -48.302 0.0000000000
127210  0.067  -75.105  -47.250 0.0000000000
127215  0.964  -61.334  -41.224 0.0000000000
127298  1.907  -66.392  -26.660 0.0000000000
127361  2.699  -73.922  -47.264 0.0000000000
127362  1.936  -75.805  -47.341 0.0000000000
127475  3.614  -70.885  -45.817 0.0000000000
127627  3.585  -70.877  -40.073 0.0000000000
127753  4.596  -68.175  -44.458 0.0000000000
127773  -2.508  -88.352  -35.953 0.0000000000
127868  -9.062  -73.212  -35.072 0.0000000000
128195  6.126  -83.504  -42.238 0.0000000000
128294  -1.349  -71.673  -31.917 0.0000000000
128678  4.016  -73.206  -39.185 0.0000000000
128700  -5.287  -80.510  -47.993 0.0000000000
128783  -0.682  -72.758  -47.339 0.0000000000
129117  -5.936  -82.889  -46.587 0.0000000000
129203  -10.049  -64.262  -29.793 0.0000000000
129257  -5.841  -68.696  -41.029 0.0000000000
129434  2.541  -67.769  -52.373 0.0000000000
129544  -7.331  -72.250  -40.008 0.0000000000
129911  -0.654  -71.193  -32.000 0.0000000000
129994  -2.255  -73.526  -26.688 0.0000000000
130326  0.611  -66.585  -40.198 0.0000000000
130327  -3.844  -72.010  -20.939 0.0000000000
130621  -6.239  -74.050  -33.178 0.0000000000
130785  0.939  -87.319  -36.227 0.0000000000
130847  0.399  -72.712  -47.414 0.0000000000
130880  1.809  -67.749  -24.190 0.0000000000
131009  -0.164  -73.650  -42.236 0.0000000000
131166  -5.136  -85.568  -39.462 0.0000000000
131216  -2.525  -74.149  -28.063 0.0000000000
131559  -4.621  -68.024  -18.282 0.0000000000
131694  -3.278  -62.895  -18.935 0.0000000000
132115  2.593  -71.181  -40.047 0.0000000000
132271  5.672  -77.091  -49.922 0.0000000000
132463  -6.014  -70.598  -19.428 0.0000000000
132792  2.589  -77.054  -47.349 0.0000000000
133028  -6.465  -87.235  -39.345 0.0000000000
133104  6.245  -79.407  -43.679 0.0000000000
133321  -3.110  -67.407  -29.373 0.0000000000
133365  -3.691  -68.556  -41.107 0.0000000000
133589  1.824  -75.720  -42.896 0.0000000000
133636  -4.429  -67.358  -28.748 0.0000000000
133763  -2.885  -68.647  -40.975 0.0000000000
134343  1.954  -84.432  -48.324 0.0000000000
134530  4.916  -74.577  -42.816 0.0000000000
134767  5.972  -83.637  -40.497 0.0000000000
134870  -4.257  -61.707  -19.145 0.0000000000
134912  -0.256  -67.589  -31.272 0.0000000000
134922  4.954  -79.407  -49.099 0.0000000000
134951  0.932  -79.451  -52.992 0.0000000000
135064  0.719  -79.776  -48.906 0.0000000000
135168  5.463  -84.171  -38.287 0.0000000000
135418  -0.374  -64.438  -45.052 0.0000000000
135644  5.386  -77.876  -49.007 0.0000000000
135941  -6.667  -72.279  -44.125 0.0000000000
136230  -1.648  -69.416  -45.584 0.0000000000
137173  3.164  -63.769  -23.866 0.0000000000
137278  4.838  -66.322  -46.082 0.0000000000
137363  4.931  -75.918  -47.487 0.0000000000
137380  5.369  -70.757  -50.764 0.0000000000
138061  3.925  -88.385  -35.213 0.0000000000
138437  -12.745  -67.407  -29.263 0.0000000000
138566  -2.292  -76.012  -45.277 0.0000000000
138612  1.448  -63.780  -30.871 0.0000000000
138714  2.349  -76.070  -53.936 0.0000000000
138990  -9.419  -70.955  -22.520 0.0000000000
139055  -12.305  -52.040  -27.155 0.0000000000
139486  4.360  -72.402  -47.424 0.0000000000
139815  0.095  -65.958  -50.966 0.0000000000
140438  -6.713  -68.065  -24.508 0.0000000000
140652  3.192  -65.444  -27.865 0.0000000000
140850  1.177  -61.897  -43.724 0.0000000000
141011  -7.238  -82.602  -42.643 0.0000000000
141484  -1.397  -68.946  -44.440 0.0000000000
141987  -5.205  -79.155  -45.509 0.0000000000
142138  3.919  -64.741  -44.850 0.0000000000
142143  -0.916  -72.003  -47.330 0.0000000000
142217  -4.412  -87.188  -37.321 0.0000000000
142328  -2.543  -74.234  -41.631 0.0000000000
142394  -4.961  -79.561  -48.357 0.0000000000
142426  -2.036  -78.626  -49.350 0.0000000000
142489  -7.756  -73.573  -32.385 0.0000000000
142800  -6.706  -85.806  -40.622 0.0000000000
143086  0.606  -61.813  -20.324 0.0000000000
143183  3.472  -75.851  -47.217 0.0000000000
143249  -6.465  -74.204  -31.670 0.0000000000
143274  6.406  -80.776  -43.695 0.0000000000
143332  5.644  -75.185  -49.859 0.0000000000
143456  -1.169  -68.463  -19.362 0.0000000000
143516  2.043  -80.914  -42.596 0.0000000000
144172  -1.659  -79.804  -44.143 0.0000000000
144220  4.641  -69.818  -49.552 0.0000000000
144265  -9.882  -59.196  -28.076 0.0000000000
144489  -3.486  -75.754  -26.919 0.0000000000
144546  -14.680  -60.212  -30.485 0.0000000000
144679  -4.591  -67.259  -27.458 0.0000000000
144791  -4.160  -82.429  -48.778 0.0000000000
144873  -5.011  -81.157  -48.004 0.0000000000
145035  -3.125  -65.553  -23.646 0.0000000000
145187  1.571  -63.433  -26.854 0.0000000000
145206  -4.231  -69.365  -36.638 0.0000000000
145489  -3.792  -68.927  -38.159 0.0000000000
145536  -0.336  -88.436  -43.769 0.0000000000
145612  1.765  -67.526  -43.500 0.0000000000
145861  2.375  -76.265  -43.188 0.0000000000
145875  5.688  -74.865  -49.113 0.0000000000
145886  3.583  -66.410  -34.909 0.0000000000
145943  -11.808  -60.650  -22.916 0.0000000000
146047  -8.523  -57.128  -25.387 0.0000000000
146499  -7.693  -69.729  -25.357 0.0000000000
146522  3.172  -70.445  -45.536 0.0000000000
146558  -4.768  -73.708  -37.474 0.0000000000
146603  2.434  -67.912  -40.802 0.0000000000
146607  -9.707  -62.005  -29.414 0.0000000000
146708  -1.409  -69.325  -37.418 0.0000000000
146783  -4.514  -56.573  -22.258 0.0000000000
146798  0.044  -90.274  -37.042 0.0000000000
147137  -11.656  -62.384  -23.435 0.0000000000
147187  -1.044  -68.741  -42.178 0.0000000000
147519  2.288  -65.770  -40.940 0.0000000000
147561  -8.571  -69.939  -39.549 0.0000000000
147572  4.680  -71.330  -32.634 0.0000000000
147692  -8.627  -72.141  -37.215 0.0000000000
147981  -10.272  -52.665  -24.711 0.0000000000
148022  -10.436  -67.234  -30.036 0.0000000000
148115  -2.504  -68.512  -32.295 0.0000000000
148318  -16.117  -60.938  -26.521 0.0000000000
148332  -10.395  -68.591  -24.276 0.0000000000
148343  1.430  -61.960  -20.962 0.0000000000
148418  1.813  -61.428  -39.542 0.0000000000
148444  2.450  -63.883  -42.714 0.0000000000
148756  0.010  -90.656  -40.263 0.0000000000
148796  -8.014  -74.218  -24.136 0.0000000000
148859  -4.292  -72.446  -40.545 0.0000000000
149186  -5.420  -69.223  -42.472 0.0000000000
149275  -8.860  -73.715  -24.566 0.0000000000
149329  5.227  -76.486  -48.058 0.0000000000
149542  -3.114  -73.303  -46.097 0.0000000000
149828  4.290  -72.506  -37.047 0.0000000000
149838  2.792  -76.659  -53.534 0.0000000000
150006  -2.843  -65.864  -23.998 0.0000000000
150366  -5.232  -79.282  -38.593 0.0000000000
150512  -5.307  -67.869  -29.448 0.0000000000
151055  -13.775  -56.441  -28.999 0.0000000000
151677  -5.000  -66.674  -24.586 0.0000000000
151727  -18.416  -57.918  -29.584 0.0000000000
152043  -6.603  -74.321  -29.049 0.0000000000
