#!ascii label  , from subject sub-v1s20x0050292_ses-1 vox2ras=TkReg
3166
914  -6.348  -92.843  14.469 0.6999999881
924  -5.967  -93.254  13.013 0.6999999881
387  -7.948  -95.126  12.008 0.6000000238
642  -10.199  -94.712  11.235 0.8000000119
936  -5.836  -93.244  12.019 0.5000000000
133745  -7.398  -94.551  11.044 0.5000000000
651  -9.506  -94.953  10.467 0.8000000119
660  -8.812  -95.095  9.708 0.8000000119
649  -7.024  -94.275  10.371 0.6000000238
1239  -8.918  -92.917  14.531 0.6999999881
902  -7.620  -93.719  15.261 0.8999999762
1238  -6.868  -92.712  14.518 0.6999999881
1263  -14.614  -92.576  11.632 0.6999999881
129808  -12.034  -93.806  10.530 0.8000000119
115377  -8.168  -94.947  8.564 0.6000000238
976  -7.080  -93.868  6.753 0.5000000000
1560  -15.385  -91.124  15.145 0.5000000000
1989  -17.038  -90.043  14.936 0.5000000000
1566  -15.697  -91.190  14.209 0.5000000000
1577  -15.168  -91.703  13.618 0.6000000238
1592  -16.162  -91.740  12.834 0.5000000000
124011  -14.415  -91.881  16.333 0.5000000000
1231  -14.385  -92.205  13.858 0.6999999881
116664  -13.826  -92.496  16.530 0.6000000238
1241  -13.766  -92.587  13.117 0.6999999881
622  -6.539  -93.782  14.273 0.6999999881
631  -9.292  -95.277  11.656 0.8000000119
926  -12.370  -93.497  12.461 0.8000000119
1251  -14.221  -92.429  12.222 0.6999999881
950  -14.428  -93.684  10.578 0.6000000238
641  -7.375  -94.626  12.000 0.6999999881
621  -5.953  -93.085  14.063 0.6000000238
405  -13.938  -95.135  9.907 0.6999999881
400  -8.276  -94.879  9.485 0.6000000238
662  -10.969  -94.820  9.382 0.8000000119
664  -13.198  -94.650  9.636 0.8000000119
402  -10.121  -95.566  8.916 0.8000000119
663  -11.797  -95.077  9.204 0.8000000119
987  -8.849  -93.912  5.268 0.6999999881
121299  -7.472  -93.109  4.902 0.5000000000
116625  -9.900  -93.678  2.655 0.6000000238
1028  -10.584  -93.730  2.730 0.6000000238
1509  -15.390  -91.623  23.924 0.4000000060
1518  -15.175  -91.767  23.140 0.4000000060
123149  -14.458  -91.946  24.161 0.6000000238
1508  -14.880  -92.100  23.573 0.6000000238
1525  -14.966  -91.693  22.274 0.6000000238
1948  -14.546  -91.365  20.363 0.6000000238
2432  -15.881  -89.422  16.769 0.3000000119
1517  -14.285  -92.339  22.799 0.6000000238
125833  -14.676  -92.126  22.688 0.6000000238
1533  -14.402  -92.103  20.942 0.6000000238
1976  -14.906  -90.911  17.328 0.5000000000
1988  -16.492  -89.994  15.344 0.4000000060
1549  -14.685  -91.472  16.881 0.5000000000
1545  -14.398  -91.708  17.727 0.6000000238
1191  -13.700  -92.835  21.456 0.6000000238
1200  -13.698  -93.043  20.091 0.6000000238
3904  -12.306  -86.416  20.855 0.8999999762
114086  -13.497  -93.007  18.361 0.6999999881
917  -12.462  -93.560  13.459 0.6999999881
918  -13.092  -93.119  13.771 0.6999999881
630  -7.282  -94.722  13.194 0.6999999881
625  -11.144  -94.631  13.628 0.8000000119
118896  -13.012  -93.101  12.966 0.6999999881
395  -15.041  -95.305  11.040 0.6000000238
925  -11.477  -94.162  12.615 0.8000000119
938  -12.627  -93.313  11.363 0.6999999881
940  -14.194  -92.919  10.996 0.6999999881
629  -6.600  -93.983  13.106 0.6999999881
655  -14.541  -94.658  10.369 0.6000000238
127136  -5.683  -92.520  13.674 0.6000000238
388  -8.567  -95.389  11.911 0.6999999881
957  -12.628  -93.995  9.896 0.8000000119
392  -8.019  -94.764  10.158 0.6000000238
659  -7.420  -94.474  9.519 0.5000000000
408  -8.050  -94.943  7.968 0.6000000238
128890  -6.659  -93.093  6.135 0.5000000000
985  -7.051  -93.152  5.674 0.5000000000
1013  -9.451  -93.461  3.165 0.6000000238
748  -11.340  -94.828  1.547 0.6999999881
746  -9.136  -94.897  1.870 0.6000000238
494  -12.102  -95.986  0.094 0.6000000238
1915  -15.693  -90.546  24.914 0.3000000119
1500  -15.490  -91.375  24.677 0.4000000060
2373  -15.573  -90.080  23.369 0.3000000119
1904  -13.697  -90.987  25.461 0.5000000000
133947  -15.309  -91.192  22.626 0.4000000060
1498  -14.562  -91.580  24.991 0.4000000060
2356  -11.850  -89.428  25.532 0.5000000000
1497  -13.604  -91.389  24.448 0.5000000000
2364  -11.243  -89.990  24.863 0.6000000238
1914  -12.482  -90.555  24.524 0.5000000000
1506  -13.125  -91.924  23.290 0.6000000238
1496  -10.855  -90.784  24.322 0.6000000238
1977  -15.195  -89.981  17.672 0.4000000060
1184  -12.372  -92.659  22.259 0.6000000238
1201  -14.091  -92.420  19.693 0.6000000238
1504  -9.439  -91.587  23.671 0.6999999881
1515  -9.997  -92.196  23.174 0.6000000238
1206  -14.163  -92.123  18.704 0.6000000238
1997  -16.939  -90.562  14.332 0.5000000000
131587  -13.693  -92.970  19.174 0.6000000238
118516  -14.155  -92.159  17.166 0.6000000238
1591  -15.436  -91.806  12.849 0.6000000238
131097  -13.289  -93.045  16.639 0.6999999881
614  -7.563  -94.348  15.081 0.8000000119
941  -15.098  -93.222  11.109 0.6000000238
644  -15.636  -94.526  11.446 0.6000000238
623  -7.256  -94.608  14.331 0.6999999881
374  -8.076  -95.251  14.379 0.8000000119
129150  -9.544  -95.604  13.323 0.8000000119
958  -13.287  -93.825  10.027 0.6999999881
380  -8.136  -95.417  13.192 0.8000000119
643  -11.141  -94.209  10.875 0.8000000119
394  -14.372  -95.780  10.672 0.6000000238
956  -11.905  -94.368  9.688 0.8000000119
404  -13.194  -95.672  9.699 0.6999999881
2085  -18.850  -90.388  6.386 0.3000000119
1690  -17.721  -91.741  3.827 0.4000000060
116198  -8.691  -95.281  8.580 0.6000000238
411  -9.658  -96.519  8.345 0.6000000238
219  -11.535  -96.195  9.153 0.8000000119
1325  -16.648  -92.546  3.100 0.5000000000
1336  -17.659  -92.695  2.692 0.6000000238
418  -8.399  -95.492  7.435 0.5000000000
417  -7.907  -94.889  7.653 0.5000000000
697  -8.336  -94.282  6.012 0.6000000238
124493  -16.313  -93.438  1.765 0.6000000238
132572  -8.481  -93.485  4.633 0.5000000000
1042  -17.140  -93.568  1.307 0.6000000238
728  -10.030  -94.130  2.198 0.6999999881
121850  -12.135  -94.896  1.547 0.8999999762
486  -10.650  -95.537  1.066 0.6000000238
134866  -12.200  -96.646  0.112 0.6999999881
503  -11.316  -96.929  0.308 0.6000000238
1895  -14.647  -91.021  26.663 0.3000000119
2365  -15.455  -89.111  24.644 0.3000000119
2878  -15.741  -88.451  18.166 0.4000000060
4428  -12.411  -85.809  21.573 1.0000000000
2406  -15.039  -89.490  19.964 0.5000000000
124588  -15.045  -89.549  19.159 0.4000000060
1921  -12.332  -91.260  23.732 0.6000000238
2419  -15.285  -89.215  18.368 0.4000000060
1540  -14.465  -91.434  19.376 0.5000000000
2434  -17.280  -89.182  16.171 0.3000000119
2371  -8.941  -90.234  24.160 0.6999999881
1912  -9.211  -90.437  24.441 0.6999999881
1192  -14.102  -92.541  21.301 0.6000000238
4435  -13.111  -85.415  20.429 1.0000000000
1190  -12.885  -93.092  21.597 0.6000000238
1212  -13.901  -92.394  18.012 0.6000000238
1559  -14.738  -91.660  15.586 0.6999999881
123635  -14.107  -92.341  14.691 0.6999999881
1223  -13.559  -92.753  15.089 0.6999999881
906  -13.071  -93.177  14.644 0.6999999881
1242  -14.666  -92.078  12.929 0.6999999881
1253  -15.710  -92.092  12.306 0.5000000000
131264  -8.161  -94.993  15.088 0.8999999762
904  -11.862  -94.112  14.035 0.8000000119
127069  -11.871  -93.972  13.239 0.6999999881
376  -9.604  -95.631  14.117 0.8000000119
120252  -15.315  -95.974  12.031 0.5000000000
403  -10.919  -95.643  9.006 0.8000000119
114168  -12.473  -95.337  9.366 0.8000000119
410  -9.093  -96.214  7.946 0.6000000238
409  -8.647  -95.677  7.776 0.6000000238
240  -11.675  -96.782  6.619 0.6000000238
1314  -17.061  -91.873  4.358 0.4000000060
1678  -18.325  -91.263  4.328 0.4000000060
428  -9.184  -95.544  6.251 0.6000000238
688  -9.955  -95.121  6.010 0.6000000238
709  -12.299  -94.453  4.858 0.6999999881
1313  -16.582  -92.446  4.042 0.5000000000
427  -8.534  -95.979  6.983 0.5000000000
686  -8.203  -95.072  6.676 0.6000000238
1029  -15.859  -93.656  2.127 0.6000000238
128973  -16.844  -93.187  1.803 0.6000000238
988  -9.575  -93.747  4.839 0.6000000238
119627  -10.774  -93.563  4.093 0.6999999881
1014  -10.363  -93.534  3.349 0.6000000238
766  -17.170  -94.952  0.426 0.5000000000
498  -17.452  -95.781  0.524 0.5000000000
281  -16.445  -96.426  0.291 0.6999999881
282  -17.216  -96.740  0.615 0.6999999881
279  -10.277  -97.391  0.804 0.6000000238
156  -15.530  -97.894  0.668 0.6999999881
126740  -12.546  -98.388  0.717 0.6999999881
110673  -13.536  -98.761  0.896 0.6000000238
2796  -10.434  -88.463  28.762 0.3000000119
2335  -12.693  -88.911  27.928 0.3000000119
2806  -11.140  -88.575  27.874 0.4000000060
2814  -11.809  -88.760  26.977 0.5000000000
2345  -13.555  -90.306  27.020 0.4000000060
1894  -14.055  -90.931  26.542 0.4000000060
1893  -13.226  -90.213  26.044 0.5000000000
123589  -12.599  -90.088  25.184 0.5000000000
1922  -15.724  -90.925  24.084 0.4000000060
2388  -15.283  -89.414  21.781 0.4000000060
4424  -12.294  -85.657  22.602 0.8999999762
2355  -10.280  -89.716  25.526 0.5000000000
131819  -13.639  -91.823  23.824 0.6000000238
1949  -14.784  -90.480  20.676 0.5000000000
1960  -14.734  -90.427  19.705 0.4000000060
6160  -12.208  -82.100  20.530 0.8999999762
6149  -12.668  -82.817  21.431 0.8999999762
2828  -9.070  -89.021  24.928 0.6000000238
5569  -13.607  -83.663  20.584 0.8999999762
4429  -13.012  -85.046  21.241 1.0000000000
1902  -9.465  -90.169  24.741 0.6000000238
1913  -9.354  -90.625  24.450 0.6000000238
1505  -10.487  -91.484  23.706 0.6000000238
1195  -14.046  -92.561  20.526 0.6000000238
866  -13.197  -93.344  20.952 0.6000000238
2439  -16.232  -89.674  15.960 0.3000000119
4972  -13.867  -84.298  19.969 0.8000000119
1550  -15.235  -90.744  16.535 0.3000000119
114163  -13.400  -82.552  19.544 0.8999999762
877  -13.108  -93.642  19.732 0.6999999881
1982  -15.673  -90.047  16.336 0.3000000119
4973  -14.301  -84.172  19.280 0.6999999881
1218  -13.433  -92.844  15.926 0.6999999881
895  -8.128  -94.344  15.557 1.0000000000
905  -12.587  -93.629  15.021 0.6999999881
124973  -10.023  -92.201  14.216 0.5000000000
1228  -8.921  -93.172  15.207 0.8999999762
361  -10.219  -95.416  15.640 0.8999999762
135222  -11.307  -94.682  14.514 0.8000000119
1557  -10.163  -92.148  15.420 0.6999999881
368  -9.511  -95.523  15.070 0.8999999762
615  -10.465  -95.263  14.542 0.8000000119
211  -13.894  -96.831  11.245 0.6000000238
412  -10.399  -96.779  8.763 0.8000000119
215  -12.405  -96.415  9.616 0.6999999881
393  -13.712  -96.094  10.349 0.6999999881
125434  -10.409  -97.805  8.589 0.8000000119
218  -9.853  -97.509  8.143 0.8000000119
1663  -18.089  -91.060  5.086 0.3000000119
226  -9.023  -96.670  7.398 0.6999999881
430  -10.929  -96.082  6.455 0.6999999881
132485  -8.715  -96.221  7.266 0.5000000000
237  -8.961  -96.757  7.031 0.6000000238
238  -9.395  -97.099  6.807 0.6999999881
429  -9.825  -96.160  6.355 0.6000000238
698  -8.778  -94.894  6.153 0.6000000238
700  -10.514  -94.495  5.648 0.6999999881
989  -10.507  -93.870  4.937 0.6999999881
1003  -11.492  -93.832  4.473 0.8000000119
1015  -11.291  -93.698  3.396 0.8000000119
717  -11.955  -94.082  2.956 0.6999999881
733  -15.157  -94.239  1.850 0.6000000238
762  -13.253  -95.042  0.648 0.8999999762
754  -18.197  -94.676  1.449 0.5000000000
730  -12.037  -94.542  2.242 0.8999999762
506  -14.685  -95.367  -0.265 0.6999999881
135403  -14.443  -95.873  -0.369 0.8000000119
287  -15.051  -96.045  -0.328 0.8000000119
493  -10.985  -96.201  0.455 0.5000000000
110668  -10.729  -98.489  0.943 0.6000000238
110669  -11.350  -99.551  1.361 0.5000000000
110677  -12.448  -99.813  1.684 0.6000000238
111560  -14.691  -98.781  0.874 0.6999999881
110657  -11.904  -100.885  1.595 0.6000000238
110665  -12.558  -100.776  1.599 0.6000000238
111634  -13.758  -100.317  1.557 0.6000000238
0  -15.613  -100.652  0.886 0.6000000238
2782  -10.050  -88.152  29.563 0.3000000119
116272  -13.001  -89.589  27.297 0.3000000119
113059  -9.747  -88.917  28.142 0.5000000000
2344  -12.512  -89.339  26.389 0.5000000000
1487  -14.629  -91.281  25.892 0.4000000060
130243  -15.445  -91.181  25.333 0.4000000060
123548  -15.373  -89.148  22.616 0.3000000119
2794  -9.036  -88.555  28.170 0.6000000238
2805  -10.091  -89.236  27.203 0.5000000000
2343  -10.879  -89.245  26.267 0.5000000000
2398  -15.068  -89.538  20.932 0.4000000060
1935  -15.091  -90.615  21.738 0.5000000000
3333  -9.098  -88.839  25.775 0.6000000238
2354  -9.626  -89.743  25.319 0.6000000238
1189  -11.551  -93.181  21.784 0.6999999881
3883  -11.435  -86.930  21.894 0.8999999762
2845  -10.780  -88.401  22.220 0.8999999762
870  -12.571  -93.834  20.449 0.6999999881
3386  -11.910  -87.314  20.927 0.8999999762
121287  -11.120  -89.485  21.024 0.8999999762
4434  -12.671  -85.773  20.845 1.0000000000
887  -12.923  -93.597  17.986 0.6999999881
4442  -13.918  -84.944  19.421 0.8000000119
4441  -13.341  -85.780  19.634 0.8000000119
3905  -12.783  -86.191  20.267 0.8999999762
3914  -12.460  -86.943  20.256 1.0000000000
2397  -12.033  -88.949  20.083 0.8000000119
1221  -8.592  -93.596  15.722 1.0000000000
897  -12.415  -93.862  15.690 0.6999999881
3405  -12.819  -88.069  18.914 0.8000000119
2405  -12.209  -89.296  19.199 0.8999999762
125023  -12.752  -93.660  17.064 0.8000000119
2427  -12.268  -89.467  17.827 0.8999999762
134120  -10.321  -91.874  14.760 0.6000000238
896  -8.523  -94.163  16.075 1.0000000000
609  -8.745  -94.738  16.202 1.0000000000
351  -9.244  -95.079  16.690 0.8999999762
616  -11.933  -94.229  14.998 0.6999999881
360  -9.315  -95.290  15.999 0.8999999762
928  -16.545  -93.737  12.339 0.5000000000
1553  -10.674  -91.639  16.088 0.8999999762
1217  -9.822  -92.615  16.238 1.0000000000
102  -12.121  -98.095  9.919 0.6999999881
101  -11.004  -97.651  9.139 0.6999999881
214  -11.743  -97.563  9.697 0.6999999881
106  -10.189  -98.053  7.953 0.8000000119
239  -10.269  -97.082  6.661 0.6999999881
431  -11.714  -95.560  6.277 0.6999999881
111  -9.434  -97.432  7.216 0.6999999881
122018  -10.317  -98.045  7.287 0.8000000119
1030  -16.495  -93.084  2.316 0.6000000238
708  -11.383  -94.290  5.412 0.6000000238
114351  -15.525  -94.331  2.564 0.6000000238
473  -14.868  -95.330  2.568 0.6000000238
1043  -17.810  -93.771  1.622 0.5000000000
1004  -12.132  -94.133  3.807 0.6999999881
119503  -12.792  -94.993  2.052 0.6999999881
749  -12.636  -95.044  1.138 0.6999999881
117376  -15.979  -94.361  0.387 0.5000000000
1054  -16.695  -94.140  0.678 0.5000000000
701  -12.021  -94.875  5.834 0.6999999881
128226  -12.590  -95.175  5.384 0.6999999881
750  -13.396  -94.914  1.454 0.6999999881
495  -13.108  -95.595  0.025 0.8999999762
497  -16.790  -95.675  0.208 0.5000000000
127591  -14.183  -97.657  0.452 0.8000000119
111556  -13.433  -96.477  -0.108 0.8000000119
110663  -10.588  -99.617  1.124 0.6000000238
157  -17.240  -98.270  1.202 0.6999999881
117774  -11.585  -100.743  1.683 0.5000000000
70  -17.035  -99.828  1.587 0.6000000238
71  -17.482  -99.447  1.939 0.6000000238
111693  -14.917  -100.923  0.802 0.6000000238
25  -16.875  -100.452  -0.042 0.6000000238
111420  -14.668  -100.851  -0.034 0.6000000238
111829  -15.437  -100.665  -0.163 0.6000000238
111892  -15.549  -100.060  -0.865 0.6000000238
74  -18.736  -99.059  -0.821 0.6000000238
7928  -9.487  -79.301  22.584 0.8000000119
7937  -9.342  -79.753  21.899 0.8000000119
3325  -8.946  -88.367  27.318 0.6000000238
2804  -9.326  -89.001  27.419 0.6000000238
1928  -8.936  -91.158  23.333 0.6999999881
6754  -12.063  -81.998  19.909 0.8999999762
3343  -9.376  -88.035  24.954 0.6000000238
1182  -9.489  -92.644  22.511 0.6999999881
3354  -10.914  -87.067  22.812 0.6999999881
2377  -8.916  -90.529  23.535 0.6999999881
864  -10.930  -93.757  21.309 0.6999999881
2378  -9.468  -89.776  22.887 0.6999999881
1181  -9.135  -92.238  22.519 0.6999999881
1188  -10.029  -93.293  21.873 0.6999999881
6161  -12.907  -82.326  20.152 0.8999999762
3893  -11.976  -86.553  21.431 0.8999999762
1933  -9.389  -90.882  21.888 0.8999999762
863  -9.736  -93.799  21.186 0.6999999881
117704  -11.645  -94.005  20.820 0.6999999881
876  -12.154  -94.120  19.724 0.6999999881
6174  -12.684  -82.249  19.200 0.6000000238
2396  -11.549  -89.404  20.517 0.8000000119
1947  -11.023  -90.228  20.576 0.8999999762
869  -10.668  -94.160  20.774 0.6999999881
114046  -12.517  -94.010  19.160 0.6999999881
594  -12.283  -94.240  18.450 0.6999999881
2861  -12.186  -88.058  20.234 0.8000000119
605  -11.914  -94.531  17.039 0.8000000119
3915  -12.944  -86.721  19.606 0.8000000119
2868  -12.440  -88.444  19.489 0.8000000119
1959  -11.717  -90.179  19.206 0.8999999762
886  -12.348  -94.204  17.697 0.8000000119
604  -11.276  -95.061  16.730 0.8000000119
353  -10.849  -95.241  16.228 0.8000000119
3924  -13.441  -86.447  18.903 0.8000000119
1216  -9.069  -93.532  16.351 1.0000000000
352  -10.016  -95.375  16.626 0.8999999762
1981  -11.927  -90.151  16.686 0.8999999762
890  -9.028  -94.445  16.998 1.0000000000
1548  -10.867  -91.404  17.055 1.0000000000
120226  -9.450  -93.342  17.051 1.0000000000
38  -12.846  -98.439  9.538 0.6999999881
124  -11.337  -97.878  7.179 0.8000000119
250  -12.974  -96.770  5.994 0.6999999881
438  -12.456  -95.694  6.055 0.6999999881
1016  -16.009  -93.614  3.033 0.6000000238
439  -13.084  -96.141  5.133 0.6999999881
718  -12.572  -94.788  2.981 0.6000000238
731  -13.551  -95.202  2.048 0.6999999881
732  -14.230  -94.796  1.739 0.6000000238
264  -14.153  -96.922  3.532 0.6000000238
449  -13.423  -96.444  3.805 0.6999999881
158  -17.904  -97.851  1.531 0.6999999881
68  -9.830  -98.898  0.873 0.6000000238
115443  -15.784  -99.304  1.139 0.6999999881
111840  -15.485  -100.569  1.247 0.6000000238
73  -15.505  -99.846  -1.110 0.5000000000
77  -17.322  -98.930  -1.489 0.6000000238
3833  -9.294  -87.415  29.603 0.4000000060
2795  -9.498  -88.493  28.872 0.5000000000
7892  -7.701  -79.583  25.527 0.8000000119
3334  -9.463  -87.697  25.722 0.6000000238
1503  -9.157  -91.483  23.356 0.6999999881
3859  -10.290  -86.983  24.841 0.6000000238
4415  -11.654  -85.607  24.302 0.6000000238
2844  -9.919  -88.803  23.160 0.6999999881
1932  -9.011  -91.652  22.550 0.6999999881
4420  -12.212  -85.187  23.447 0.6999999881
2386  -9.861  -89.918  22.111 0.8999999762
1187  -9.065  -93.041  21.624 0.6999999881
5562  -12.623  -83.534  21.985 1.0000000000
117472  -12.781  -85.024  22.141 1.0000000000
1946  -9.835  -91.018  21.045 0.8999999762
867  -9.303  -93.599  20.739 0.6999999881
875  -11.510  -94.207  20.292 0.6999999881
868  -9.871  -94.150  20.470 0.6999999881
584  -10.645  -94.366  20.220 0.6999999881
1958  -11.741  -89.787  19.934 0.8000000119
588  -11.733  -94.451  19.073 0.6999999881
347  -10.746  -95.325  16.882 0.8000000119
3397  -13.095  -87.299  18.928 0.8000000119
134774  -11.515  -90.624  17.760 1.0000000000
120664  -10.147  -92.309  17.002 1.0000000000
597  -9.618  -95.049  17.311 0.8000000119
1209  -9.307  -93.959  17.792 1.0000000000
461  -14.499  -96.398  3.030 0.6000000238
124349  -7.059  -83.888  -12.613 0.6000000238
113215  -7.600  -84.661  -12.283 0.5000000000
5386  -6.920  -84.172  -13.643 0.6999999881
4802  -7.286  -84.968  -13.314 0.5000000000
111603  -10.432  -99.669  1.047 0.6000000238
13  -17.499  -100.333  1.825 0.6000000238
20  -17.809  -100.477  1.176 0.6000000238
24  -16.187  -100.166  -0.631 0.5000000000
169  -15.822  -98.902  -1.315 0.5000000000
130946  -16.623  -97.271  -1.761 0.5000000000
179  -18.638  -97.386  -3.328 0.5000000000
3841  -9.021  -87.316  28.824 0.5000000000
4383  -9.430  -86.323  28.568 0.6000000238
7904  -8.472  -78.958  24.672 0.8000000119
7330  -8.165  -79.936  21.932 0.8000000119
7308  -10.016  -79.546  22.973 0.8000000119
3846  -9.183  -87.000  28.129 0.6000000238
7331  -8.880  -80.064  21.383 0.8000000119
7320  -9.808  -79.915  22.168 0.8000000119
3851  -10.118  -86.423  26.618 0.6000000238
128486  -10.069  -84.675  27.588 0.6000000238
7342  -9.230  -80.650  20.821 0.8000000119
3854  -10.260  -86.694  25.771 0.6000000238
4396  -10.485  -85.501  26.684 0.6000000238
6751  -9.517  -81.248  20.376 0.8000000119
6735  -9.647  -80.367  21.418 0.8000000119
6720  -10.118  -80.780  21.940 0.8000000119
5529  -10.952  -84.128  24.273 0.8000000119
4405  -10.857  -85.735  25.859 0.6000000238
1522  -8.945  -92.374  21.915 0.6999999881
6737  -11.015  -81.604  21.215 1.0000000000
5554  -10.419  -82.484  22.524 0.8999999762
4951  -11.747  -84.616  23.965 0.8000000119
6135  -11.123  -82.316  21.867 1.0000000000
5543  -11.332  -83.745  23.421 0.8000000119
1532  -10.553  -91.128  20.190 0.8999999762
1531  -9.317  -91.985  20.727 0.8999999762
1193  -8.859  -92.689  21.274 0.8000000119
133129  -8.981  -93.197  20.911 0.8000000119
1537  -9.056  -92.842  20.432 0.8999999762
127410  -11.461  -94.721  18.472 0.8000000119
1539  -11.115  -90.991  19.356 0.8999999762
874  -9.587  -94.010  19.908 0.8000000119
1544  -10.803  -91.480  18.679 0.8999999762
1538  -10.088  -91.943  19.656 0.8999999762
1199  -9.457  -92.915  19.475 0.8999999762
881  -9.469  -94.126  18.348 0.8999999762
585  -9.925  -94.396  19.076 0.8000000119
122017  -10.887  -95.000  18.045 0.8000000119
599  -11.161  -95.105  17.346 0.8000000119
598  -10.375  -95.212  17.401 0.8000000119
1210  -9.655  -93.045  17.815 0.8999999762
885  -9.508  -94.505  17.832 0.8999999762
121423  -10.333  -92.013  17.960 1.0000000000
462  -15.221  -96.164  3.347 0.6000000238
5319  -4.081  -84.125  -7.274 0.6000000238
5898  -4.407  -83.780  -7.987 0.6000000238
258  -13.732  -97.107  4.265 0.6000000238
121529  -3.792  -84.344  -6.502 0.6999999881
5960  -6.837  -83.009  -11.982 0.6000000238
5339  -6.549  -84.684  -8.505 0.6000000238
5859  -3.465  -83.413  -6.058 0.6999999881
6535  -6.913  -82.415  -12.100 0.6999999881
116099  -6.882  -83.075  -13.162 0.6999999881
6541  -7.213  -82.316  -12.854 0.6999999881
5828  -3.072  -82.579  -4.417 0.6999999881
6481  -3.935  -81.936  -7.703 0.6999999881
5980  -7.303  -83.378  -14.455 0.8000000119
122789  -9.908  -82.235  -13.233 0.6999999881
113479  -2.897  -81.598  -4.208 0.6999999881
5402  -7.899  -84.477  -14.783 0.8000000119
4274  -9.845  -86.046  -13.782 0.5000000000
6  -22.079  -99.508  4.120 0.5000000000
9  -20.812  -100.201  4.139 0.5000000000
6417  -3.610  -81.126  -4.907 0.6000000238
4827  -9.090  -84.989  -14.926 0.8000000119
147  -22.338  -98.571  2.022 0.5000000000
63  -22.326  -99.155  2.367 0.5000000000
17  -21.321  -99.782  1.751 0.6000000238
21  -19.224  -100.460  1.395 0.6000000238
4814  -9.682  -85.495  -14.652 0.6000000238
116437  -21.815  -98.657  0.799 0.5000000000
22  -20.888  -99.661  1.147 0.5000000000
117961  -18.859  -100.307  0.808 0.6000000238
26  -18.352  -100.008  0.108 0.6000000238
7014  -4.956  -81.735  -3.058 0.6000000238
2712  -9.539  -88.778  -13.070 0.5000000000
2280  -9.777  -89.943  -13.606 0.6000000238
76  -21.357  -98.173  -0.364 0.5000000000
31  -17.744  -99.793  -0.510 0.6000000238
5798  -5.493  -82.998  -2.443 0.6000000238
115964  -10.418  -86.574  -13.875 0.6000000238
78  -18.087  -98.861  -1.411 0.6000000238
315  -18.868  -97.031  -4.129 0.5000000000
172  -18.043  -98.494  -2.035 0.5000000000
119598  -19.227  -98.037  -3.306 0.6000000238
177  -19.792  -98.164  -2.942 0.6000000238
113447  -19.898  -97.711  -6.559 0.6999999881
3301  -9.723  -86.876  31.117 0.3000000119
4357  -9.458  -86.171  30.937 0.4000000060
113173  -9.285  -86.629  29.451 0.4000000060
122641  -9.455  -85.567  29.154 0.6000000238
4894  -9.657  -84.520  28.777 0.6000000238
4934  -10.985  -84.902  25.385 0.6999999881
5499  -10.171  -84.077  26.189 0.6000000238
6722  -10.459  -81.611  21.854 0.8999999762
5542  -10.465  -83.138  23.059 0.8000000119
5555  -11.188  -83.058  22.583 0.8999999762
117632  -9.392  -93.539  19.209 0.8999999762
126064  -9.494  -93.995  19.109 0.8999999762
1204  -9.425  -93.702  18.521 0.8999999762
592  -10.048  -94.816  18.150 0.8000000119
1205  -9.662  -92.925  18.626 0.8999999762
6508  -5.105  -82.086  -10.212 0.6000000238
6494  -4.529  -82.198  -9.411 0.6000000238
5935  -6.297  -83.625  -9.845 0.6000000238
5948  -6.504  -82.914  -11.070 0.6000000238
7167  -9.535  -81.821  -12.555 0.6999999881
7168  -10.218  -82.015  -12.521 0.6000000238
6542  -7.811  -82.093  -13.298 0.6999999881
6537  -11.268  -82.763  -12.383 0.6000000238
6554  -7.967  -82.593  -14.106 0.6999999881
6544  -10.711  -82.447  -12.907 0.6999999881
6397  -2.712  -80.970  -3.756 0.6999999881
121267  -3.279  -80.203  -4.576 0.6000000238
5994  -10.532  -84.039  -15.173 0.6999999881
4276  -11.205  -86.138  -14.241 0.8000000119
12  -21.735  -99.714  2.390 0.5000000000
128092  -10.328  -84.805  -15.270 0.8000000119
151  -21.996  -98.210  1.040 0.5000000000
4275  -10.519  -86.055  -14.412 0.8000000119
3215  -9.992  -88.060  -13.554 0.8000000119
1465  -9.542  -92.445  -12.755 0.6000000238
288  -21.170  -96.904  -0.894 0.6000000238
75  -21.003  -98.604  -0.222 0.5000000000
28  -20.213  -99.563  0.471 0.5000000000
27  -19.405  -99.337  -0.188 0.6000000238
2293  -9.737  -90.767  -14.332 0.8000000119
163  -21.190  -97.688  -1.112 0.5000000000
80  -20.859  -98.134  -1.096 0.5000000000
173  -20.464  -98.089  -2.257 0.5000000000
322  -21.447  -97.198  -5.895 0.6000000238
1166  -9.137  -92.735  -11.820 0.5000000000
124697  -9.712  -94.054  -9.764 0.5000000000
541  -18.409  -95.373  -6.383 0.6000000238
810  -18.902  -95.427  -7.449 0.6000000238
7893  -8.278  -78.996  25.943 0.8000000119
117745  -9.453  -86.365  31.604 0.3000000119
4876  -9.302  -85.153  30.896 0.4000000060
121593  -9.271  -85.758  31.737 0.4000000060
4370  -9.367  -85.899  30.102 0.5000000000
5473  -9.594  -83.651  29.310 0.6000000238
7903  -7.881  -79.543  24.275 0.8000000119
7927  -8.732  -79.110  22.760 0.8000000119
7916  -9.960  -78.961  23.183 0.8000000119
5488  -9.710  -83.372  27.427 0.6000000238
5498  -9.828  -83.544  26.640 0.6000000238
4919  -10.044  -84.234  27.077 0.6000000238
6706  -9.990  -80.692  22.857 0.8000000119
6121  -9.739  -81.875  23.482 0.8000000119
127262  -10.061  -83.691  25.512 0.8000000119
6721  -10.017  -81.747  22.630 0.8000000119
113225  -10.291  -83.405  23.783 0.8000000119
5512  -9.753  -83.060  25.202 0.8000000119
6122  -9.881  -82.668  23.213 0.8000000119
5934  -5.321  -83.022  -9.645 0.6000000238
112014  -3.929  -82.930  -7.343 0.6000000238
7151  -7.386  -81.630  -11.853 0.6999999881
7120  -4.555  -81.176  -9.871 0.6999999881
7150  -6.537  -81.796  -11.383 0.6999999881
7165  -7.872  -81.745  -12.486 0.6999999881
7153  -9.142  -80.668  -11.280 0.6000000238
134961  -3.812  -82.586  -6.745 0.6000000238
5858  -3.526  -82.335  -5.629 0.6999999881
7045  -4.115  -81.289  -5.494 0.6999999881
5367  -11.454  -84.197  -10.987 0.6000000238
133001  -4.289  -81.507  -5.799 0.6999999881
6556  -10.387  -82.935  -13.832 0.6999999881
5973  -11.733  -83.446  -12.762 0.6999999881
3735  -11.669  -87.315  -12.595 0.8000000119
127949  -11.643  -87.659  -10.875 0.6999999881
6418  -4.134  -80.402  -4.837 0.6999999881
3191  -11.462  -88.387  -10.846 0.6999999881
115094  -11.461  -89.126  -10.276 0.6999999881
3207  -11.595  -88.180  -13.033 0.6999999881
2708  -11.664  -89.132  -12.945 0.6999999881
2713  -10.332  -89.163  -13.669 0.8000000119
2714  -11.104  -89.625  -13.890 0.8000000119
524  -20.656  -96.614  -2.151 0.6000000238
2294  -10.421  -91.136  -14.468 0.8000000119
1167  -10.097  -92.752  -12.220 0.6000000238
840  -10.459  -94.098  -10.094 0.6000000238
523  -20.241  -96.011  -2.746 0.5000000000
131489  -20.523  -97.818  -3.201 0.5000000000
1466  -10.853  -92.313  -13.286 0.6000000238
848  -10.529  -93.405  -10.737 0.6000000238
328  -21.707  -97.319  -6.884 0.5000000000
184  -21.021  -97.453  -5.427 0.6999999881
326  -20.144  -97.226  -7.302 0.6000000238
850  -14.231  -94.552  -10.954 0.4000000060
133965  -18.926  -94.710  -8.359 0.5000000000
1423  -16.882  -92.388  -8.510 0.5000000000
7869  -6.954  -79.957  28.942 0.8000000119
5459  -9.343  -83.911  32.140 0.5000000000
4868  -9.269  -84.856  31.935 0.4000000060
114571  -9.439  -83.393  31.254 0.5000000000
130885  -9.546  -83.016  30.234 0.5000000000
7307  -7.530  -80.445  23.809 0.8000000119
8526  -9.977  -78.749  23.781 0.8000000119
6069  -9.662  -82.636  29.259 0.6000000238
118060  -7.522  -80.827  23.024 0.8000000119
6653  -9.761  -82.125  28.399 0.6000000238
128131  -7.688  -80.724  22.254 0.8000000119
7917  -10.374  -79.133  23.761 0.8000000119
6693  -10.038  -80.870  24.464 0.8000000119
6665  -9.763  -81.880  26.400 0.6999999881
6085  -9.704  -82.282  27.413 0.6000000238
6692  -9.877  -81.128  23.744 0.8000000119
6093  -9.660  -82.780  26.604 0.6000000238
5527  -9.676  -82.729  24.216 0.8000000119
7735  -6.561  -80.265  -10.503 0.6999999881
7734  -5.534  -80.542  -10.445 0.6999999881
7134  -6.000  -81.136  -10.876 0.6999999881
7736  -7.665  -80.177  -10.834 0.6999999881
7136  -9.301  -80.744  -10.703 0.6000000238
7691  -4.315  -80.567  -8.305 0.6999999881
7717  -4.916  -80.378  -10.090 0.6999999881
6524  -10.251  -82.058  -11.101 0.6000000238
7096  -4.219  -80.917  -7.403 0.6999999881
7154  -10.005  -81.741  -11.873 0.6000000238
5949  -10.825  -83.502  -10.736 0.6000000238
6448  -3.898  -81.495  -5.674 0.6999999881
7703  -4.926  -80.092  -8.593 0.6999999881
118403  -11.604  -85.757  -10.520 0.6999999881
4235  -11.556  -86.404  -9.982 0.6000000238
4243  -11.946  -86.483  -10.903 0.6000000238
112043  -11.828  -87.098  -10.469 0.6000000238
128006  -11.351  -84.212  -14.553 0.8000000119
134062  -11.604  -88.480  -10.253 0.6999999881
2691  -11.341  -90.075  -9.869 0.6999999881
2698  -11.240  -89.894  -10.774 0.6999999881
1420  -12.056  -92.369  -8.907 0.6999999881
2256  -11.344  -90.684  -11.632 0.6999999881
514  -20.099  -95.504  -1.748 0.4000000060
1862  -11.098  -92.024  -13.775 0.6999999881
1431  -12.299  -92.946  -9.298 0.6999999881
119017  -19.749  -95.200  -3.360 0.5000000000
534  -20.718  -96.431  -3.973 0.5000000000
539  -21.273  -96.639  -5.281 0.5000000000
316  -21.115  -97.118  -4.670 0.6000000238
118801  -21.826  -96.810  -6.212 0.5000000000
1157  -11.085  -93.100  -10.864 0.6999999881
574  -13.504  -95.021  -10.434 0.4000000060
583  -15.395  -94.216  -12.519 0.4000000060
548  -21.044  -96.390  -8.024 0.5000000000
332  -21.004  -97.152  -7.563 0.6999999881
185  -20.962  -97.668  -6.199 0.6999999881
1424  -17.367  -92.257  -8.563 0.4000000060
553  -20.610  -96.038  -9.017 0.5000000000
552  -19.582  -95.540  -8.490 0.5000000000
1435  -17.839  -91.891  -9.105 0.4000000060
6053  -9.456  -82.920  32.250 0.4000000060
7880  -8.449  -78.876  26.826 0.8000000119
6630  -10.164  -81.484  32.364 0.4000000060
130378  -9.874  -81.803  31.724 0.4000000060
6639  -10.238  -81.441  31.139 0.4000000060
6646  -10.010  -81.703  30.180 0.5000000000
8499  -10.036  -78.483  25.411 0.8000000119
8475  -10.712  -78.391  27.581 0.6000000238
116913  -9.212  -78.631  25.046 0.8000000119
8515  -10.517  -78.766  24.922 0.8000000119
6654  -10.212  -81.463  28.526 0.6000000238
7881  -11.184  -79.171  25.778 0.8000000119
119857  -10.177  -81.362  27.054 0.6999999881
131256  -10.011  -81.633  27.814 0.6000000238
6680  -10.412  -80.522  25.236 0.8000000119
6666  -10.306  -80.977  26.137 0.6999999881
129216  -9.596  -82.315  25.002 0.8000000119
8313  -8.271  -79.356  -10.677 0.6000000238
7097  -9.337  -81.687  -7.547 0.5000000000
134545  -6.685  -79.416  -10.114 0.6999999881
8311  -7.466  -79.359  -10.545 0.6999999881
7704  -8.954  -80.770  -8.964 0.6000000238
116549  -7.914  -80.821  -11.305 0.6999999881
6523  -9.653  -81.610  -10.413 0.6000000238
8274  -5.869  -79.608  -8.701 0.6999999881
7692  -4.864  -80.358  -7.802 0.6999999881
3699  -11.934  -87.055  -9.626 0.5000000000
7676  -5.077  -80.669  -7.092 0.6999999881
4770  -11.017  -85.642  -9.470 0.5000000000
111994  -11.770  -87.850  -10.156 0.6000000238
2668  -12.674  -90.272  -7.251 0.4000000060
5388  -11.897  -84.244  -13.316 0.6999999881
5377  -12.055  -84.158  -12.100 0.6999999881
113808  -4.827  -81.464  -5.185 0.6999999881
4791  -12.256  -85.706  -12.145 0.6999999881
4254  -11.978  -86.485  -12.136 0.8000000119
2682  -12.119  -90.244  -8.187 0.6000000238
1813  -13.978  -91.430  -8.552 0.6000000238
7028  -3.286  -79.398  -4.185 0.6999999881
4264  -11.611  -86.760  -13.456 0.8000000119
2235  -11.811  -91.064  -8.570 0.6999999881
3744  -11.455  -87.467  -13.570 0.8000000119
2703  -11.428  -89.562  -11.787 0.6999999881
1811  -12.245  -91.785  -8.426 0.6999999881
1422  -13.067  -92.194  -8.457 0.6999999881
2270  -13.996  -90.116  -11.952 0.5000000000
118847  -11.425  -90.360  -13.566 0.6999999881
2242  -11.311  -90.999  -9.398 0.6999999881
1832  -14.033  -91.579  -10.233 0.6999999881
2709  -13.445  -89.687  -13.767 0.5000000000
1467  -11.187  -92.225  -12.725 0.6999999881
123448  -11.205  -91.801  -10.969 0.6999999881
119282  -11.228  -92.561  -10.373 0.6999999881
1842  -13.991  -91.853  -11.325 0.6999999881
2257  -13.787  -91.076  -12.151 0.6999999881
1169  -10.988  -92.546  -11.886 0.5000000000
1129  -11.931  -93.666  -9.878 0.6999999881
120594  -15.321  -90.257  -16.046 0.6000000238
111999  -16.529  -89.770  -15.707 0.6000000238
543  -21.747  -96.418  -6.846 0.5000000000
1146  -12.172  -94.347  -10.109 0.5000000000
851  -16.069  -94.540  -11.746 0.5000000000
1486  -16.736  -91.901  -15.203 0.5000000000
124564  -17.358  -91.571  -12.212 0.4000000060
114781  -20.726  -95.096  -10.397 0.5000000000
554  -21.415  -95.727  -8.940 0.4000000060
115936  -16.388  -94.142  -12.303 0.4000000060
1455  -17.119  -92.001  -11.611 0.4000000060
1445  -18.899  -91.622  -10.471 0.5000000000
826  -18.914  -93.891  -9.061 0.5000000000
1834  -18.190  -90.995  -10.480 0.5000000000
576  -14.957  -94.939  -10.854 0.6000000238
7857  -6.300  -79.882  30.071 0.8000000119
8472  -7.406  -79.373  29.589 0.6999999881
6620  -10.388  -81.361  33.561 0.3000000119
7879  -7.664  -79.537  27.443 0.8000000119
8483  -8.078  -79.188  28.047 0.8000000119
7234  -10.885  -80.806  32.841 0.4000000060
7297  -7.310  -80.481  25.228 0.8000000119
117327  -10.761  -80.972  31.771 0.4000000060
7831  -12.484  -78.993  32.629 0.4000000060
115170  -7.150  -81.461  24.931 0.8000000119
8498  -9.182  -78.554  26.068 0.8000000119
117224  -11.278  -78.379  29.448 0.4000000060
7242  -11.213  -80.772  30.777 0.4000000060
7243  -11.949  -80.206  31.051 0.4000000060
128535  -12.214  -79.453  31.024 0.4000000060
6134  -7.633  -82.544  22.593 0.6999999881
8500  -10.798  -78.704  25.810 0.8000000119
116873  -11.412  -80.238  27.968 0.6999999881
113384  -11.786  -80.244  29.020 0.4000000060
7265  -11.052  -80.385  26.896 0.6999999881
7276  -10.963  -80.060  25.911 0.6999999881
8295  -8.258  -78.699  -10.306 0.6000000238
8296  -8.595  -79.505  -10.171 0.6000000238
8914  -7.391  -78.555  -10.085 0.6999999881
8277  -8.847  -80.003  -8.572 0.5000000000
8256  -9.158  -79.993  -7.741 0.5000000000
133623  -9.435  -79.964  -7.070 0.5000000000
7108  -9.265  -81.720  -8.518 0.5000000000
5918  -10.111  -83.470  -9.783 0.6000000238
7080  -4.475  -80.979  -6.622 0.6999999881
121854  -6.240  -79.169  -8.149 0.6999999881
8877  -6.625  -78.443  -7.915 0.6000000238
8842  -8.227  -78.291  -4.507 0.6000000238
7664  -10.280  -79.960  -4.952 0.4000000060
5357  -10.636  -84.271  -10.045 0.6000000238
5917  -9.779  -83.632  -8.824 0.5000000000
7065  -6.462  -81.526  -6.047 0.6000000238
3164  -12.039  -88.708  -8.982 0.6000000238
1801  -13.867  -91.361  -7.612 0.5000000000
1822  -14.186  -91.043  -9.428 0.5000000000
120218  -11.592  -87.881  -11.730 0.6999999881
2268  -11.602  -90.029  -12.770 0.6999999881
2269  -13.555  -90.375  -12.954 0.5000000000
797  -20.244  -94.746  -5.244 0.5000000000
1442  -11.358  -93.276  -10.404 0.6999999881
1131  -13.435  -93.342  -10.063 0.6999999881
2283  -13.218  -90.705  -14.026 0.5000000000
1101  -21.221  -94.508  -8.482 0.4000000060
802  -20.959  -95.254  -6.403 0.5000000000
1130  -12.637  -93.760  -10.028 0.6999999881
113146  -13.724  -92.330  -13.519 0.6999999881
1863  -13.497  -91.706  -14.278 0.6000000238
2720  -17.340  -89.460  -15.249 0.6000000238
1456  -19.470  -91.874  -11.277 0.5000000000
818  -21.659  -95.059  -9.416 0.4000000060
113381  -14.129  -93.737  -11.923 0.6999999881
128153  -15.468  -93.194  -14.355 0.4000000060
116518  -17.843  -89.903  -13.878 0.5000000000
1844  -18.792  -90.781  -11.124 0.5000000000
118237  -14.490  -94.054  -11.876 0.5000000000
1174  -14.698  -93.571  -13.488 0.5000000000
1179  -16.405  -92.971  -14.473 0.4000000060
1476  -17.034  -92.547  -14.072 0.4000000060
1864  -17.359  -91.534  -13.745 0.4000000060
1843  -17.704  -90.969  -11.354 0.4000000060
1170  -16.536  -93.859  -12.958 0.4000000060
127570  -17.691  -90.463  -13.435 0.4000000060
1833  -17.426  -91.498  -10.573 0.4000000060
8458  -6.709  -79.089  30.623 0.6999999881
131554  -6.638  -80.607  28.333 0.8000000119
7289  -7.044  -80.628  26.817 0.8000000119
8460  -9.127  -78.251  29.494 0.6000000238
7824  -12.857  -79.105  33.492 0.3000000119
8418  -12.955  -78.609  33.158 0.3000000119
8484  -9.008  -78.577  27.214 0.6999999881
8474  -9.648  -78.407  27.890 0.6000000238
112169  -10.086  -78.222  28.522 0.5000000000
7838  -11.790  -78.121  31.971 0.4000000060
9043  -12.476  -77.539  32.370 0.3000000119
8485  -10.117  -78.373  26.563 0.6999999881
7870  -11.376  -78.735  27.295 0.6999999881
8425  -11.843  -77.343  32.098 0.4000000060
7259  -11.903  -79.504  28.429 0.6000000238
7847  -12.187  -79.488  29.588 0.4000000060
7252  -12.067  -78.828  30.396 0.4000000060
7277  -11.321  -79.573  26.434 0.6999999881
7266  -11.590  -79.420  27.296 0.6999999881
7858  -11.888  -78.838  29.145 0.4000000060
8276  -8.547  -78.981  -9.337 0.5000000000
8901  -7.616  -78.045  -9.515 0.6000000238
116231  -8.029  -78.101  -8.716 0.5000000000
7663  -9.904  -80.212  -5.818 0.4000000060
8275  -6.519  -78.733  -8.607 0.6000000238
8890  -7.207  -77.824  -8.573 0.6000000238
127785  -9.075  -79.188  -7.298 0.5000000000
124660  -9.543  -83.204  -8.261 0.5000000000
7677  -6.463  -80.107  -6.821 0.6000000238
8841  -7.483  -78.369  -4.964 0.6000000238
8843  -9.118  -78.285  -4.202 0.5000000000
5322  -9.861  -84.156  -7.290 0.5000000000
5341  -10.138  -84.314  -8.995 0.6000000238
7623  -2.766  -79.539  -3.407 0.6999999881
6433  -5.949  -82.579  -5.149 0.6000000238
130382  -7.163  -78.873  -4.708 0.6000000238
8832  -7.691  -78.750  -4.034 0.6000000238
7029  -3.986  -79.725  -4.566 0.6999999881
7649  -7.188  -80.431  -4.568 0.6000000238
6398  -4.645  -80.782  -4.409 0.6999999881
6399  -5.248  -82.514  -3.493 0.6000000238
5846  -6.540  -83.171  -4.303 0.6000000238
132448  -13.871  -91.740  -9.335 0.6999999881
131216  -20.493  -94.425  -6.777 0.4000000060
1454  -13.991  -92.904  -11.638 0.6999999881
2726  -14.149  -89.427  -15.341 0.5000000000
1136  -21.605  -93.100  -10.030 0.4000000060
121659  -13.886  -93.613  -10.936 0.6999999881
1876  -16.290  -91.446  -15.874 0.6000000238
844  -20.975  -94.524  -11.085 0.4000000060
115203  -21.241  -93.190  -12.474 0.4000000060
126079  -14.409  -93.606  -12.802 0.6999999881
1176  -14.473  -92.988  -14.125 0.6999999881
1875  -15.667  -91.960  -15.911 0.5000000000
2306  -16.703  -90.491  -15.603 0.5000000000
2271  -18.595  -90.060  -12.186 0.5000000000
1485  -16.340  -92.125  -15.534 0.5000000000
1872  -17.271  -91.041  -14.487 0.5000000000
2284  -18.272  -89.949  -12.939 0.5000000000
8457  -5.891  -78.225  30.021 0.5000000000
7868  -5.902  -80.507  29.454 0.8000000119
8443  -7.143  -78.110  30.975 0.5000000000
8459  -7.828  -78.639  30.316 0.5000000000
7288  -6.212  -81.609  28.215 0.8000000119
8473  -8.591  -78.747  28.695 0.6999999881
8444  -8.114  -77.757  30.840 0.5000000000
9065  -9.190  -77.498  30.459 0.4000000060
6678  -6.764  -81.558  26.521 0.6999999881
6100  -7.040  -83.705  25.953 0.6000000238
9078  -9.954  -77.980  29.515 0.5000000000
9066  -10.012  -77.399  30.491 0.4000000060
8445  -10.544  -78.040  29.746 0.4000000060
9056  -13.098  -77.221  31.524 0.3000000119
119142  -7.485  -84.536  24.452 0.5000000000
8447  -11.487  -78.263  30.670 0.4000000060
8446  -10.752  -77.718  30.697 0.4000000060
9055  -11.988  -76.847  32.035 0.3000000119
8240  -9.433  -79.427  -6.437 0.5000000000
123107  -7.748  -78.010  -6.971 0.6000000238
114924  -9.621  -79.240  -5.508 0.4000000060
118017  -7.800  -78.014  -6.204 0.6000000238
7607  -2.702  -79.113  -2.628 0.6999999881
8239  -6.581  -79.005  -6.843 0.6000000238
7622  -3.006  -79.056  -3.412 0.8000000119
8189  -3.870  -78.956  -3.081 0.6999999881
7662  -6.608  -80.674  -6.349 0.6000000238
131461  -6.966  -81.989  -5.600 0.6000000238
7048  -7.477  -82.175  -4.311 0.6000000238
1100  -20.480  -93.911  -7.403 0.4000000060
7000  -5.307  -82.178  -1.632 0.6000000238
1873  -13.992  -91.104  -15.458 0.6000000238
852  -21.596  -94.117  -11.625 0.4000000060
1468  -13.957  -93.060  -12.759 0.6999999881
115912  -14.062  -91.958  -15.179 0.6000000238
1853  -20.565  -91.907  -12.552 0.4000000060
2285  -18.795  -89.574  -13.554 0.5000000000
2272  -19.595  -90.479  -12.373 0.5000000000
8442  -6.413  -78.503  30.693 0.5000000000
9702  -7.377  -76.561  30.292 0.5000000000
7275  -5.628  -81.359  29.042 0.8000000119
9064  -7.728  -77.210  30.942 0.4000000060
6664  -5.186  -82.348  28.884 0.6000000238
9678  -9.989  -76.003  30.885 0.4000000060
4932  -5.796  -85.200  26.814 0.6999999881
9053  -10.458  -76.615  31.240 0.4000000060
8436  -11.168  -77.254  31.644 0.4000000060
9681  -12.309  -76.645  31.369 0.3000000119
8862  -7.078  -77.762  -6.800 0.6000000238
8863  -8.632  -78.513  -6.725 0.6000000238
8852  -8.019  -78.167  -5.376 0.6000000238
8853  -8.956  -78.456  -5.031 0.5000000000
7573  -2.651  -80.401  0.302 0.6999999881
8187  -2.769  -78.810  -1.939 0.8000000119
7648  -7.047  -81.166  -5.646 0.6000000238
8170  -3.402  -78.724  -2.028 0.8000000119
121692  -4.098  -79.096  -1.926 0.6999999881
7013  -4.525  -80.018  -3.897 0.6999999881
114922  -8.060  -78.772  -2.838 0.6000000238
7591  -4.720  -80.082  -1.676 0.6999999881
119620  -6.807  -83.599  -2.777 0.6000000238
9088  -6.569  -77.189  29.170 0.5000000000
9077  -6.705  -77.197  30.201 0.5000000000
7867  -5.618  -79.651  29.620 0.5000000000
114860  -5.531  -80.762  29.008 0.8000000119
7878  -5.363  -79.671  28.654 0.6999999881
9050  -7.766  -76.491  30.678 0.4000000060
10383  -9.198  -75.378  29.960 0.4000000060
9051  -8.455  -76.483  30.814 0.4000000060
6099  -6.399  -83.668  27.332 0.6000000238
6083  -4.815  -83.063  28.702 0.6000000238
9691  -9.538  -75.647  30.451 0.4000000060
10385  -10.834  -75.282  29.660 0.4000000060
9704  -12.237  -76.215  30.419 0.3000000119
9679  -10.828  -76.072  31.244 0.4000000060
9693  -11.217  -75.767  30.687 0.3000000119
9680  -11.557  -76.374  31.405 0.3000000119
134042  -3.495  -81.789  2.558 0.5000000000
8850  -6.877  -78.230  -6.302 0.6000000238
7556  -2.547  -79.335  0.764 0.6999999881
8155  -2.563  -78.267  0.207 0.8000000119
8219  -6.965  -79.664  -5.239 0.6000000238
118040  -7.484  -79.328  -3.297 0.6000000238
8778  -2.817  -78.113  -0.384 0.8000000119
7636  -7.420  -81.099  -3.801 0.6000000238
6983  -5.106  -81.129  -1.291 0.6000000238
9087  -5.933  -77.425  28.516 0.5000000000
9713  -7.296  -76.759  28.437 0.5000000000
9075  -5.721  -77.993  29.160 0.6000000238
8471  -5.511  -78.657  28.815 0.6999999881
9714  -8.449  -75.732  28.218 0.4000000060
10432  -11.944  -75.409  26.092 0.3000000119
118467  -5.111  -80.328  28.250 0.8000000119
112905  -7.789  -76.046  29.481 0.4000000060
10404  -8.962  -75.092  28.620 0.4000000060
10406  -11.244  -75.266  27.499 0.3000000119
6663  -4.691  -82.549  28.314 0.6000000238
124479  -8.024  -75.836  30.095 0.4000000060
10394  -9.288  -75.072  29.208 0.4000000060
10395  -10.134  -74.995  28.894 0.3000000119
113386  -11.949  -75.474  27.901 0.3000000119
5508  -4.634  -83.457  27.911 0.6000000238
116900  -11.563  -75.425  28.840 0.3000000119
10397  -12.316  -75.757  28.599 0.3000000119
10386  -11.769  -75.683  29.626 0.3000000119
9969  -4.956  -76.452  4.548 0.6999999881
123389  -7.416  -80.162  -2.919 0.6000000238
9322  -4.894  -76.507  4.052 0.6999999881
117688  -2.863  -80.626  1.317 0.6000000238
121080  -2.759  -79.615  1.802 0.6000000238
8741  -4.444  -78.002  2.487 0.6000000238
7610  -7.674  -80.358  -1.967 0.6000000238
132847  -3.598  -78.732  -1.396 0.8000000119
8140  -4.418  -78.513  1.833 0.6000000238
6400  -7.712  -82.985  -3.011 0.6000000238
127153  -4.443  -79.670  -0.906 0.6999999881
7557  -4.590  -79.371  1.107 0.6000000238
7015  -8.085  -82.158  -2.560 0.6000000238
7574  -4.486  -79.687  0.056 0.6000000238
7575  -5.244  -80.551  0.727 0.6000000238
6401  -8.221  -82.780  -2.059 0.6000000238
7002  -8.581  -82.063  -1.662 0.6000000238
6984  -5.456  -81.875  -0.552 0.6000000238
6372  -5.725  -82.673  -0.719 0.6000000238
5786  -5.869  -83.190  -1.341 0.6000000238
5800  -7.116  -83.553  -1.745 0.6000000238
5788  -7.503  -83.430  -0.838 0.6000000238
6373  -6.372  -83.142  -0.449 0.6000000238
6362  -6.876  -82.645  0.782 0.6000000238
9724  -8.030  -76.643  27.124 0.5000000000
8482  -5.268  -78.167  27.807 0.6999999881
113974  -5.170  -79.074  27.156 0.6999999881
10417  -10.221  -75.272  26.633 0.4000000060
112330  -4.658  -81.458  27.365 0.6000000238
9957  -6.790  -75.964  5.829 0.6999999881
9321  -4.359  -76.649  4.094 0.8000000119
113745  -3.150  -80.903  2.221 0.5000000000
135301  -2.767  -77.925  0.853 0.8000000119
8762  -3.674  -78.045  0.921 0.8000000119
8779  -3.092  -77.917  0.137 0.8000000119
8156  -4.020  -78.695  0.250 0.6999999881
7592  -5.053  -80.679  -0.425 0.6000000238
6351  -6.118  -82.245  0.740 0.6000000238
9722  -5.399  -76.426  27.145 0.6000000238
117893  -8.568  -76.484  26.074 0.5000000000
9725  -8.981  -75.946  26.856 0.4000000060
9097  -5.230  -76.859  27.324 0.6999999881
10416  -9.435  -75.205  27.519 0.4000000060
10429  -9.698  -75.565  26.177 0.4000000060
114611  -4.899  -80.345  27.171 0.6000000238
6676  -4.454  -82.260  26.816 0.6999999881
9299  -6.312  -76.725  6.340 0.6999999881
9287  -7.816  -77.528  7.419 0.6999999881
9298  -5.431  -76.707  5.831 0.8000000119
7519  -3.801  -80.959  4.453 0.5000000000
8124  -2.820  -78.605  2.261 0.6000000238
9346  -3.571  -77.506  2.453 0.8000000119
133087  -3.579  -80.133  4.429 0.5000000000
8739  -2.943  -77.821  1.681 0.6999999881
8740  -3.854  -77.715  2.017 0.6999999881
5789  -8.359  -83.230  -0.842 0.6000000238
6970  -5.579  -81.612  0.351 0.6000000238
6363  -7.775  -82.964  0.641 0.6000000238
6353  -7.357  -82.411  1.432 0.6000000238
9723  -6.958  -76.913  27.456 0.5000000000
9735  -9.159  -76.316  25.397 0.5000000000
118726  -11.970  -75.349  25.249 0.3000000119
9721  -5.121  -76.190  26.958 0.6999999881
10430  -10.432  -75.410  25.719 0.3000000119
129113  -4.853  -76.211  26.644 0.6000000238
117411  -5.057  -77.975  26.041 0.6999999881
10443  -12.106  -75.330  24.399 0.3000000119
6690  -4.641  -82.075  25.280 0.6999999881
8712  -3.599  -77.357  3.847 0.8000000119
120357  -3.290  -78.033  3.643 0.6000000238
8727  -3.162  -77.882  2.723 0.6999999881
8713  -5.355  -77.383  3.939 0.6000000238
8761  -3.042  -77.748  0.891 0.8000000119
8125  -5.032  -78.864  2.557 0.6000000238
8141  -5.040  -79.440  1.991 0.6000000238
6961  -5.785  -81.468  1.277 0.6000000238
6352  -6.479  -82.048  1.473 0.6000000238
6354  -8.290  -82.642  1.261 0.5000000000
9733  -6.026  -76.227  26.788 0.5000000000
115896  -7.671  -76.679  26.400 0.5000000000
9732  -4.992  -75.427  26.686 0.6000000238
9746  -9.227  -76.422  24.292 0.5000000000
9111  -4.755  -77.146  25.261 0.6999999881
132319  -10.659  -75.726  23.754 0.3000000119
10442  -10.950  -75.399  24.685 0.3000000119
8512  -5.070  -78.535  24.828 0.6999999881
10456  -11.426  -75.534  23.694 0.3000000119
9775  -11.878  -75.884  21.820 0.3000000119
9286  -6.788  -77.710  7.302 0.8000000119
8698  -5.177  -78.353  7.021 0.8000000119
8704  -4.249  -77.718  5.850 0.8000000119
8094  -3.547  -78.900  5.211 0.6000000238
9297  -4.712  -77.016  5.646 0.8000000119
9956  -6.112  -76.139  5.567 0.6999999881
116512  -3.852  -79.620  5.786 0.6000000238
9308  -3.799  -77.047  4.363 0.8000000119
9323  -5.874  -76.685  4.444 0.6000000238
8100  -3.343  -79.183  4.318 0.6000000238
8101  -5.907  -78.748  3.884 0.6000000238
8116  -6.273  -79.796  3.674 0.6000000238
8115  -5.626  -79.322  3.250 0.6000000238
6942  -6.459  -80.584  3.358 0.6000000238
7558  -5.480  -80.465  1.846 0.6000000238
6952  -6.640  -81.292  2.906 0.6000000238
6344  -6.978  -81.859  2.179 0.6000000238
9745  -7.002  -76.406  25.724 0.5000000000
9734  -8.283  -76.617  25.153 0.5000000000
9744  -5.325  -74.874  26.313 0.6000000238
9743  -4.547  -75.097  25.468 0.6999999881
119270  -8.408  -76.562  24.089 0.5000000000
9761  -9.879  -76.238  23.265 0.5000000000
10471  -11.707  -75.716  22.774 0.3000000119
7296  -4.804  -80.894  24.764 0.6999999881
8063  -6.788  -79.169  9.645 0.5000000000
120027  -6.876  -78.690  7.884 0.8000000119
8083  -5.200  -79.400  7.483 0.6000000238
8082  -4.349  -79.932  7.152 0.6000000238
8090  -4.470  -78.731  6.639 0.6999999881
7515  -4.151  -80.677  5.987 0.5000000000
120161  -4.052  -79.634  6.497 0.5000000000
8095  -3.916  -78.690  5.953 0.6000000238
9972  -7.230  -75.778  5.386 0.6000000238
8703  -3.703  -77.748  5.231 0.6999999881
9324  -6.781  -76.352  4.634 0.6000000238
134720  -6.704  -77.414  4.545 0.6000000238
8715  -7.211  -78.421  4.626 0.6000000238
7536  -6.887  -80.188  3.803 0.6000000238
9758  -6.625  -75.385  25.168 0.6000000238
10440  -4.975  -74.256  26.052 0.6000000238
9771  -8.357  -76.405  22.526 0.5000000000
9760  -8.846  -76.538  23.301 0.5000000000
9802  -11.094  -76.193  20.797 0.5000000000
9772  -9.258  -76.485  22.362 0.5000000000
9774  -11.088  -76.122  22.045 0.4000000060
114558  -5.185  -78.952  23.911 0.5000000000
8672  -7.159  -78.662  9.989 0.8000000119
9920  -7.373  -77.317  10.194 0.8000000119
9274  -8.589  -77.877  9.538 0.6999999881
8683  -7.826  -78.356  9.548 0.8000000119
9265  -8.189  -77.359  9.956 0.8000000119
8076  -6.558  -79.536  9.019 0.5000000000
8085  -7.202  -78.912  8.538 0.6999999881
8075  -5.583  -80.029  8.444 0.6000000238
118448  -7.483  -77.266  4.640 0.6000000238
123210  -7.255  -75.560  24.065 0.6000000238
9756  -4.693  -75.616  24.135 0.6999999881
10455  -6.315  -73.958  24.807 0.5000000000
10470  -7.208  -74.440  23.741 0.6000000238
9770  -7.650  -75.878  22.867 0.5000000000
9788  -9.556  -76.391  21.391 0.5000000000
119631  -5.383  -77.763  22.717 0.6000000238
129434  -6.513  -76.917  10.071 0.8000000119
10646  -6.770  -75.630  9.206 0.8000000119
11346  -6.451  -74.278  7.964 0.6999999881
8671  -6.250  -78.789  10.395 0.5000000000
124298  -7.152  -76.399  9.820 0.8000000119
10655  -6.489  -74.921  8.569 0.6999999881
115628  -7.224  -74.520  8.272 0.6000000238
9263  -6.861  -78.123  10.304 0.5000000000
8046  -6.536  -79.137  10.119 0.5000000000
7488  -5.693  -80.097  9.263 0.5000000000
8084  -6.354  -79.310  8.141 0.6000000238
7501  -4.480  -80.488  7.931 0.5000000000
10482  -8.277  -75.447  21.462 0.5000000000
10454  -4.712  -74.363  25.056 0.6999999881
11114  -5.423  -73.227  24.647 0.6000000238
10469  -4.990  -74.736  23.143 0.6999999881
10481  -7.729  -75.116  22.462 0.5000000000
9786  -8.099  -76.067  21.888 0.5000000000
9769  -5.053  -75.854  23.027 0.6000000238
10493  -8.909  -75.569  20.792 0.5000000000
10508  -11.530  -75.080  20.120 0.5000000000
10498  -13.753  -75.176  21.008 0.3000000119
11344  -4.198  -74.510  8.064 0.6999999881
11355  -4.666  -74.148  7.591 0.8000000119
130598  -5.615  -74.104  7.651 0.8000000119
9931  -4.756  -76.367  9.353 0.6999999881
10644  -4.303  -75.682  9.012 0.6000000238
11345  -5.359  -74.632  8.191 0.8000000119
9919  -6.251  -77.631  10.348 0.6000000238
10654  -4.637  -75.015  8.597 0.8000000119
12028  -5.799  -73.135  6.829 0.6000000238
9932  -6.020  -76.287  9.535 0.8000000119
7487  -4.675  -80.710  8.965 0.6000000238
117923  -4.907  -73.902  24.385 0.6000000238
11128  -5.552  -72.608  23.879 0.6999999881
11129  -6.308  -73.105  24.154 0.6000000238
11140  -7.271  -73.494  23.220 0.5000000000
11173  -12.257  -74.827  20.028 0.4000000060
9785  -5.357  -75.841  21.828 0.6000000238
11822  -13.091  -73.756  19.349 0.4000000060
9930  -3.841  -76.402  9.487 0.5000000000
9918  -4.159  -77.107  9.830 0.6000000238
12682  -6.922  -73.027  7.144 0.6000000238
119229  -5.301  -72.562  23.350 0.6000000238
11155  -8.623  -74.437  21.160 0.5000000000
11127  -5.017  -73.332  23.642 0.6000000238
11788  -7.078  -72.504  22.550 0.6000000238
11787  -5.595  -71.979  22.997 0.8000000119
11802  -8.669  -73.546  20.711 0.5000000000
11156  -9.365  -74.473  20.449 0.5000000000
11821  -12.165  -73.930  19.507 0.5000000000
13391  -4.017  -71.960  8.315 0.5000000000
14114  -4.204  -71.046  8.255 0.5000000000
118310  -4.396  -70.877  7.273 0.6999999881
123034  -4.071  -71.883  7.154 0.6000000238
129379  -4.352  -72.455  6.339 0.6999999881
12001  -3.635  -74.218  8.229 0.5000000000
118766  -3.893  -72.781  7.275 0.6000000238
13426  -4.288  -71.713  5.514 0.5000000000
11334  -3.986  -74.921  8.803 0.6000000238
11354  -3.969  -74.100  7.615 0.6999999881
12696  -5.329  -72.608  6.210 0.6000000238
12027  -4.752  -73.177  6.734 0.8000000119
12014  -4.313  -73.714  7.217 0.8000000119
12697  -6.495  -72.532  6.478 0.6000000238
11139  -4.988  -73.060  22.578 0.6999999881
11141  -8.074  -73.996  22.161 0.5000000000
11154  -5.123  -73.377  21.328 0.6000000238
12458  -5.338  -71.651  22.112 0.6999999881
12459  -6.183  -71.615  21.992 0.8000000119
11819  -10.261  -73.749  19.576 0.5000000000
11801  -7.801  -72.520  20.730 0.6000000238
11803  -9.372  -73.799  20.036 0.5000000000
11839  -10.813  -73.528  18.844 0.5000000000
121159  -4.622  -70.084  7.330 0.6000000238
124944  -4.373  -70.524  6.503 0.6999999881
14146  -4.101  -70.906  5.636 0.6999999881
12668  -3.883  -72.841  8.414 0.5000000000
13425  -4.111  -71.482  6.290 0.6999999881
121714  -4.175  -73.225  6.973 0.6999999881
13444  -4.794  -71.530  4.961 0.6000000238
12714  -4.987  -72.110  5.516 0.6000000238
12715  -6.057  -72.114  5.700 0.6000000238
11786  -5.019  -72.137  22.281 0.6000000238
12457  -4.929  -71.691  21.635 0.6999999881
129090  -6.230  -71.264  21.273 0.8000000119
11818  -8.530  -73.205  19.885 0.5000000000
128198  -9.319  -73.462  19.295 0.5000000000
11816  -4.740  -72.679  19.979 0.6000000238
11817  -7.845  -72.397  19.644 0.6000000238
11837  -8.570  -72.987  18.975 0.5000000000
11858  -11.251  -73.362  18.171 0.5000000000
11860  -12.857  -73.052  17.910 0.5000000000
14968  -4.131  -70.272  4.871 0.5000000000
13462  -4.490  -70.840  4.490 0.6000000238
13443  -4.217  -71.130  5.050 0.6000000238
13463  -5.359  -71.186  4.431 0.6000000238
123467  -7.293  -72.192  21.645 0.6000000238
11857  -10.494  -73.272  17.999 0.5000000000
121143  -5.401  -70.293  20.041 0.6999999881
13221  -5.820  -70.826  20.761 0.6999999881
12491  -7.268  -71.486  19.390 0.6999999881
12492  -8.045  -72.282  18.656 0.6000000238
11855  -8.828  -72.803  18.165 0.6000000238
12511  -12.380  -72.761  17.235 0.5000000000
13232  -4.528  -70.203  19.275 0.8000000119
12506  -7.536  -71.324  18.375 0.6999999881
12507  -8.408  -72.096  17.816 0.6000000238
11856  -9.643  -73.123  17.950 0.5000000000
13955  -4.042  -70.036  18.628 0.8000000119
120244  -4.747  -69.510  6.777 0.5000000000
14954  -4.269  -70.051  5.813 0.6999999881
16424  -4.847  -67.734  6.262 0.4000000060
131151  -4.789  -69.226  6.030 0.6999999881
14969  -4.402  -69.469  5.159 0.6999999881
14976  -3.855  -69.475  4.155 0.6000000238
14170  -3.943  -70.105  3.917 0.6000000238
12534  -11.823  -72.352  16.600 0.5000000000
13234  -6.530  -70.512  19.316 0.8000000119
12535  -12.853  -72.119  16.554 0.5000000000
13247  -8.103  -71.344  17.455 0.6999999881
12508  -9.282  -72.485  17.488 0.6000000238
12509  -10.207  -72.715  17.337 0.5000000000
13269  -13.448  -71.379  16.314 0.5000000000
13970  -5.081  -69.128  18.586 0.6999999881
13986  -3.624  -69.942  16.695 0.6000000238
14797  -4.698  -68.829  18.039 0.8000000119
14830  -3.542  -69.153  16.167 0.6000000238
15715  -5.012  -68.542  5.705 0.6000000238
15718  -4.565  -68.793  4.588 0.6000000238
15717  -3.984  -68.737  3.576 0.6000000238
17785  -6.201  -65.496  3.808 0.5000000000
13270  -14.185  -71.031  16.685 0.4000000060
13233  -5.521  -69.758  19.130 0.6999999881
12532  -8.909  -71.755  17.129 0.6000000238
12533  -9.761  -72.062  16.828 0.6000000238
120191  -12.868  -71.524  16.051 0.5000000000
13991  -14.726  -69.996  16.545 0.4000000060
13246  -6.784  -70.265  18.471 0.8000000119
133179  -7.485  -70.788  17.769 0.8000000119
126187  -11.456  -71.867  16.187 0.5000000000
13292  -13.208  -70.930  15.759 0.5000000000
14811  -4.028  -68.177  16.900 0.6000000238
16331  -3.483  -66.995  14.637 0.6000000238
17089  -4.392  -66.759  6.069 0.4000000060
17104  -4.923  -66.324  5.296 0.5000000000
16440  -5.541  -66.936  4.622 0.6000000238
17784  -5.255  -65.128  4.455 0.5000000000
18460  -5.678  -64.604  3.998 0.5000000000
16448  -5.815  -66.915  4.020 0.6000000238
14010  -11.036  -70.962  15.429 0.5000000000
13971  -6.153  -69.413  18.344 0.8000000119
13265  -9.310  -71.393  16.482 0.6000000238
14012  -12.791  -70.511  15.228 0.5000000000
13972  -7.063  -70.105  17.633 0.8000000119
13288  -9.624  -70.992  15.919 0.6000000238
14014  -14.438  -69.406  15.970 0.4000000060
13987  -6.604  -69.325  17.440 0.8000000119
13988  -7.388  -70.021  16.765 0.8000000119
13989  -8.143  -70.505  16.342 0.6999999881
13287  -8.915  -70.799  16.130 0.6000000238
130654  -10.482  -70.609  15.250 0.6000000238
15606  -5.381  -67.419  16.201 0.8000000119
14812  -4.926  -68.384  17.547 0.6999999881
15605  -4.254  -67.645  16.281 0.6000000238
16332  -4.809  -66.529  15.066 0.6999999881
17771  -4.839  -65.534  4.933 0.4000000060
16439  -5.271  -67.613  5.238 0.6000000238
17786  -6.729  -64.698  3.614 0.5000000000
14814  -7.000  -69.201  16.532 0.8000000119
14007  -7.760  -69.831  15.952 0.6999999881
14832  -8.207  -69.470  15.133 0.6999999881
14813  -6.074  -68.481  17.258 0.6999999881
14831  -6.539  -68.223  16.247 0.8000000119
15614  -7.405  -68.450  15.104 0.8000000119
15615  -8.416  -68.679  14.498 0.6999999881
17000  -4.168  -65.834  13.366 0.6999999881
16989  -5.499  -66.025  14.594 0.6000000238
17001  -5.021  -65.500  13.830 0.6999999881
19196  -6.085  -63.987  3.743 0.5000000000
15633  -10.341  -68.348  13.694 0.6000000238
15631  -7.828  -67.870  14.383 0.8000000119
15613  -6.480  -67.528  15.600 0.8000000119
115348  -7.161  -67.586  14.919 0.8000000119
16990  -6.636  -66.247  14.676 0.8000000119
17686  -5.247  -64.787  12.162 0.6999999881
17675  -6.798  -64.801  14.050 0.6000000238
18368  -5.777  -64.186  11.579 0.6000000238
18369  -6.629  -63.671  12.475 0.6999999881
17763  -19.133  -65.634  6.734 0.6000000238
17110  -22.288  -66.199  5.699 0.5000000000
19959  -5.869  -62.407  3.120 0.5000000000
19212  -6.387  -63.223  3.466 0.4000000060
19960  -7.205  -62.570  3.381 0.4000000060
16334  -7.345  -66.982  14.565 0.8000000119
16348  -9.484  -67.909  13.647 0.6000000238
16346  -8.109  -67.147  13.949 0.8000000119
16347  -8.906  -67.264  13.563 0.8000000119
129644  -10.071  -67.656  13.417 0.6000000238
17003  -8.486  -66.400  13.732 0.8000000119
17004  -9.325  -66.636  13.342 0.8000000119
16373  -15.539  -67.001  11.847 0.5000000000
17687  -7.289  -64.230  13.521 0.6999999881
18377  -7.179  -63.103  12.171 0.6999999881
18376  -6.376  -63.604  11.096 0.6000000238
127280  -17.318  -65.316  8.858 0.6000000238
17070  -17.892  -66.188  7.837 0.6000000238
20635  -9.661  -61.146  11.669 0.6000000238
17762  -18.483  -65.896  7.319 0.6000000238
127345  -18.313  -65.424  7.944 0.6000000238
20648  -13.397  -59.858  10.891 0.6000000238
20662  -15.771  -59.654  9.536 0.6000000238
20676  -16.587  -60.165  9.195 0.6000000238
19140  -19.376  -61.911  8.757 0.6000000238
120875  -21.048  -62.575  8.080 0.6000000238
19958  -4.909  -62.643  3.471 0.4000000060
20743  -6.518  -61.908  2.922 0.4000000060
17061  -16.672  -66.803  9.402 0.5000000000
18370  -7.677  -63.600  13.242 0.6999999881
19092  -8.157  -62.933  13.012 0.6999999881
19100  -9.762  -61.740  12.680 0.6999999881
19841  -10.548  -61.184  12.352 0.6999999881
20646  -11.798  -60.534  11.694 0.6000000238
20660  -14.182  -60.029  10.451 0.6000000238
19159  -22.476  -62.503  7.980 0.6000000238
19917  -24.078  -61.961  7.348 0.5000000000
20742  -5.327  -61.811  2.739 0.5000000000
18371  -8.839  -63.842  13.564 0.8000000119
19094  -10.186  -63.343  13.007 0.6999999881
19103  -11.878  -63.219  11.332 0.6000000238
19104  -12.847  -63.593  11.151 0.6000000238
17712  -14.986  -64.844  10.944 0.6000000238
18387  -15.394  -64.552  10.384 0.6000000238
19093  -9.300  -63.154  13.314 0.6999999881
19101  -10.440  -62.571  12.774 0.6999999881
19102  -11.137  -62.623  12.032 0.6999999881
19111  -12.372  -62.545  11.058 0.6000000238
19113  -14.307  -63.326  10.465 0.6000000238
17749  -19.067  -64.871  7.710 0.5000000000
118796  -8.793  -62.306  12.740 0.6999999881
119813  -10.671  -61.851  12.543 0.6999999881
19110  -11.712  -62.225  11.593 0.6000000238
19123  -14.653  -62.675  9.874 0.5000000000
19125  -16.099  -63.548  9.415 0.5000000000
18420  -19.845  -63.732  7.981 0.5000000000
18436  -20.017  -64.722  7.033 0.5000000000
19842  -11.282  -61.398  12.113 0.8000000119
19851  -12.780  -61.701  10.798 0.6000000238
18419  -19.105  -63.830  8.345 0.5000000000
18439  -22.565  -63.878  6.818 0.5000000000
18441  -24.232  -63.774  6.565 0.5000000000
134474  -26.355  -62.988  7.929 0.4000000060
21488  -27.502  -60.480  8.529 0.3000000119
20647  -12.655  -60.526  11.298 0.6000000238
19863  -14.125  -61.539  9.928 0.6000000238
127506  -16.956  -62.926  8.945 0.5000000000
127333  -19.026  -62.968  8.604 0.6000000238
18440  -23.427  -63.613  6.857 0.5000000000
19900  -26.480  -62.295  7.770 0.5000000000
23105  -27.379  -58.877  8.871 0.3000000119
133980  -15.683  -61.938  9.051 0.6000000238
19877  -17.065  -61.804  8.899 0.6000000238
19157  -19.673  -62.715  8.501 0.6000000238
19175  -22.904  -63.190  7.676 0.5000000000
20703  -26.769  -61.433  7.468 0.5000000000
23866  -27.272  -58.246  8.263 0.3000000119
19174  -22.148  -63.287  7.670 0.6000000238
117097  -21.725  -62.320  8.037 0.6000000238
129033  -24.952  -62.500  7.093 0.6000000238
21504  -27.445  -60.113  7.654 0.5000000000
22288  -27.460  -59.264  7.520 0.5000000000
19919  -26.172  -61.757  7.110 0.6000000238
20761  -4.852  -61.265  2.394 0.4000000060
18407  -16.897  -64.023  9.119 0.5000000000
18421  -20.614  -63.570  7.738 0.5000000000
24642  -26.560  -56.757  9.207 0.3000000119
20704  -27.301  -60.993  7.929 0.3000000119
23104  -27.117  -58.087  8.936 0.3000000119
23865  -26.987  -57.364  8.491 0.4000000060
21579  -5.733  -60.367  1.397 0.4000000060
22383  -6.134  -59.279  0.542 0.4000000060
22359  -6.709  -59.888  1.146 0.6000000238
22384  -7.249  -59.198  0.564 0.6000000238
27139  -24.893  -53.528  4.305 0.4000000060
27133  -24.417  -53.262  6.538 0.4000000060
27136  -24.508  -53.183  5.440 0.4000000060
27143  -24.990  -53.624  3.893 0.4000000060
26223  -23.106  -54.520  9.252 0.4000000060
27123  -23.103  -53.864  8.485 0.4000000060
27128  -23.093  -53.195  7.782 0.4000000060
26272  -25.609  -54.290  1.844 0.4000000060
26286  -25.544  -54.482  0.894 0.5000000000
28713  -21.174  -52.024  9.408 0.3000000119
27966  -21.440  -52.575  9.726 0.3000000119
27121  -22.003  -53.428  9.074 0.3000000119
27142  -24.663  -53.171  4.117 0.4000000060
123292  -25.214  -53.572  3.270 0.4000000060
27122  -22.469  -53.397  8.464 0.4000000060
27157  -25.435  -53.667  1.246 0.4000000060
27972  -21.595  -52.683  9.028 0.3000000119
27169  -25.204  -53.942  0.436 0.5000000000
28719  -21.156  -51.936  8.628 0.3000000119
27980  -22.344  -52.678  7.766 0.5000000000
112226  -24.586  -52.015  1.177 0.4000000060
27180  -24.468  -53.540  -0.761 0.5000000000
129960  -24.777  -53.565  0.027 0.5000000000
28712  -20.643  -51.497  9.109 0.3000000119
28031  -24.303  -52.557  -0.735 0.5000000000
130735  -23.555  -52.446  -2.002 0.5000000000
27179  -23.968  -53.085  -1.613 0.5000000000
28766  -23.853  -51.359  -0.046 0.4000000060
120270  -23.706  -51.206  -1.056 0.5000000000
28045  -24.058  -51.835  -0.626 0.5000000000
28061  -21.972  -52.241  -2.568 0.5000000000
28043  -22.961  -52.331  -2.446 0.5000000000
111904  -23.511  -51.661  -2.034 0.5000000000
28776  -22.819  -51.474  -2.667 0.5000000000
29545  -23.273  -50.614  -1.982 0.5000000000
28791  -21.787  -51.426  -2.820 0.5000000000
30405  -21.701  -49.750  -3.266 0.4000000060
128490  -22.350  -49.952  -3.025 0.5000000000
29558  -21.710  -50.583  -3.095 0.5000000000
29571  -18.414  -50.723  -3.879 0.3000000119
30404  -20.771  -49.559  -3.397 0.4000000060
130236  -19.148  -50.194  -3.637 0.3000000119
127421  -22.595  -49.175  -1.798 0.3000000119
116331  -22.333  -49.144  -2.683 0.4000000060
30411  -18.624  -49.618  -3.890 0.3000000119
29572  -19.736  -49.339  -3.577 0.3000000119
399  -7.834  -94.690  9.383 0.6000000238
624  -10.257  -95.291  13.504 0.8000000119
426  -8.080  -95.135  7.257 0.5000000000
689  -10.994  -95.084  6.144 0.6000000238
2363  -9.184  -89.787  24.719 0.6999999881
107  -11.016  -98.200  8.762 0.6999999881
3855  -11.050  -86.152  25.082 0.6000000238
125976  -12.553  -84.915  22.831 0.8000000119
4956  -12.602  -84.274  22.474 1.0000000000
471  -13.243  -95.584  2.593 0.6999999881
4935  -11.214  -85.433  25.064 0.6000000238
6771  -11.346  -81.823  19.851 0.8999999762
593  -10.697  -94.722  18.929 0.6999999881
1543  -10.104  -92.236  18.867 0.8999999762
6770  -10.715  -81.576  20.108 0.8999999762
1198  -9.334  -93.514  20.067 0.8999999762
178  -20.962  -97.638  -2.839 0.5000000000
7133  -5.174  -81.157  -10.543 0.6999999881
3723  -11.787  -87.151  -11.407 0.6999999881
308  -21.019  -97.027  -3.208 0.6000000238
129370  -11.660  -89.357  -9.457 0.6999999881
1799  -12.924  -91.744  -7.951 0.6999999881
6638  -9.665  -82.273  31.132 0.5000000000
6719  -7.545  -81.613  22.834 0.6000000238
4769  -11.116  -85.009  -10.305 0.6000000238
2236  -12.545  -91.165  -7.666 0.5000000000
2250  -14.241  -90.478  -10.233 0.6000000238
1421  -12.634  -92.308  -8.662 0.6999999881
853  -14.776  -94.323  -11.798 0.5000000000
6120  -7.528  -82.520  23.629 0.8000000119
2258  -14.082  -90.812  -11.153 0.6000000238
122817  -17.149  -92.581  -12.592 0.4000000060
121696  -11.781  -78.943  27.977 0.6000000238
119962  -9.372  -80.787  -7.275 0.5000000000
1457  -20.120  -93.075  -11.823 0.4000000060
6677  -6.196  -82.622  27.848 0.6000000238
10384  -9.893  -75.212  29.868 0.4000000060
7047  -7.302  -81.699  -4.994 0.6000000238
5847  -7.365  -82.917  -4.021 0.6000000238
10431  -11.147  -75.329  25.724 0.3000000119
8699  -5.753  -77.614  6.752 0.8000000119
9971  -6.483  -75.905  5.185 0.6000000238
8690  -6.018  -78.527  7.467 0.8000000119
9129  -5.034  -76.717  23.269 0.6999999881
9120  -4.707  -76.551  24.416 0.6999999881
9789  -10.566  -76.351  21.310 0.5000000000
10645  -5.446  -75.498  8.883 0.8000000119
10495  -10.767  -75.591  20.368 0.5000000000
10480  -5.184  -74.418  22.268 0.6000000238
10494  -9.779  -75.632  20.496 0.5000000000
13220  -4.979  -70.842  20.616 0.6000000238
133466  -9.248  -73.204  18.567 0.5000000000
12510  -11.271  -72.900  17.374 0.5000000000
14796  -4.008  -68.879  17.388 0.6999999881
14798  -5.620  -68.799  17.991 0.6999999881
16987  -3.604  -66.379  13.810 0.6000000238
17105  -5.658  -66.120  4.426 0.6000000238
14031  -13.171  -69.640  14.875 0.5000000000
18459  -4.520  -64.308  4.264 0.4000000060
120680  -5.013  -63.976  3.877 0.4000000060
116277  -19.884  -65.723  6.183 0.5000000000
120223  -21.116  -65.446  5.767 0.5000000000
17764  -20.609  -65.120  6.189 0.5000000000
17017  -8.997  -65.664  13.513 0.8000000119
17713  -15.509  -65.318  10.632 0.6000000238
17062  -17.091  -66.954  8.637 0.5000000000
17779  -21.820  -65.402  5.700 0.5000000000
17781  -23.549  -65.148  5.868 0.5000000000
18455  -22.160  -64.580  6.066 0.5000000000
19138  -17.725  -63.343  8.840 0.5000000000
116132  -5.792  -61.478  2.435 0.5000000000
17688  -8.461  -64.534  13.760 0.6000000238
17676  -8.018  -65.171  14.099 0.8000000119
18372  -9.862  -64.116  13.199 0.8000000119
131658  -24.187  -62.497  7.434 0.6000000238
122261  -23.458  -62.922  7.693 0.6000000238
21503  -27.081  -60.596  7.123 0.5000000000
21560  -5.543  -60.943  1.915 0.5000000000
23843  -26.394  -57.016  10.205 0.3000000119
24656  -26.162  -56.090  8.840 0.3000000119
27981  -23.061  -52.564  7.200 0.5000000000
27973  -21.981  -52.976  8.487 0.3000000119
27168  -24.568  -52.888  0.024 0.5000000000
28752  -24.091  -51.380  0.815 0.4000000060
29531  -23.650  -50.770  0.498 0.4000000060
29546  -23.352  -50.284  -0.830 0.4000000060
942  -15.968  -93.317  11.720 0.5000000000
645  -16.186  -94.356  12.042 0.5000000000
1579  -16.674  -91.408  13.400 0.5000000000
1243  -16.921  -92.006  12.926 0.5000000000
929  -16.998  -93.019  12.705 0.5000000000
634  -16.461  -94.870  12.718 0.5000000000
633  -15.928  -95.440  12.381 0.5000000000
122845  -15.303  -88.731  21.127 0.4000000060
1998  -17.518  -90.663  14.507 0.5000000000
919  -17.452  -93.743  13.504 0.5000000000
389  -14.638  -96.434  11.676 0.6000000238
209  -12.481  -97.576  10.282 0.6999999881
210  -13.042  -96.906  10.555 0.6000000238
95  -12.932  -98.008  10.507 0.6999999881
108  -11.854  -98.392  9.260 0.6999999881
42  -11.820  -98.490  8.414 0.6999999881
2094  -19.002  -90.495  5.414 0.3000000119
125  -12.763  -97.734  6.685 0.6999999881
1327  -18.039  -92.170  3.305 0.5000000000
1032  -18.025  -93.370  2.334 0.6000000238
66  -18.219  -99.692  2.825 0.6999999881
121731  -8.930  -85.840  -13.740 0.5000000000
121984  -9.147  -86.335  -13.154 0.5000000000
307  -17.404  -96.728  -2.313 0.5000000000
522  -17.895  -96.233  -3.083 0.5000000000
135  -14.897  -97.950  4.759 0.6000000238
117692  -15.508  -96.644  4.121 0.6000000238
5281  -3.487  -84.448  -5.725 0.5000000000
8  -19.804  -100.815  3.828 0.6000000238
10  -18.370  -100.615  2.805 0.6999999881
64  -22.611  -98.885  3.029 0.5000000000
127938  -9.261  -88.241  -12.587 0.5000000000
537  -19.222  -96.921  -5.321 0.6000000238
533  -18.093  -95.810  -4.080 0.5000000000
6734  -8.561  -80.749  20.929 0.8000000119
5320  -5.059  -84.599  -7.519 0.6999999881
3751  -10.579  -87.475  -13.846 0.8000000119
321  -20.160  -97.928  -6.017 0.6000000238
542  -19.189  -96.535  -6.374 0.6999999881
1098  -17.307  -93.499  -6.561 0.5000000000
116787  -2.930  -82.398  -2.891 0.6999999881
3216  -10.877  -88.520  -13.910 0.8000000119
284  -21.138  -96.550  -0.014 0.4000000060
510  -20.704  -95.977  -0.508 0.4000000060
843  -16.049  -94.765  -11.032 0.5000000000
1434  -17.132  -91.975  -9.105 0.4000000060
112932  -12.433  -89.166  -8.039 0.5000000000
1160  -16.860  -93.447  -12.306 0.4000000060
1171  -16.909  -93.179  -13.365 0.4000000060
7222  -11.288  -80.795  34.121 0.3000000119
6998  -2.644  -80.563  -2.918 0.6999999881
6109  -7.257  -82.515  24.758 0.6999999881
125523  -7.467  -83.569  24.639 0.6000000238
121106  -7.658  -83.492  23.478 0.6000000238
6969  -2.936  -81.569  -0.087 0.6999999881
123779  -12.440  -88.029  -8.453 0.5000000000
5526  -7.103  -84.743  25.698 0.6000000238
7590  -2.569  -80.241  -0.867 0.6999999881
7287  -4.756  -80.512  25.839 0.6999999881
112149  -4.719  -83.161  25.509 0.6000000238
7891  -5.048  -79.370  25.814 0.6000000238
114700  -4.547  -81.389  25.939 0.6999999881
7902  -5.032  -79.748  24.560 0.6999999881
8524  -5.076  -77.916  23.875 0.6999999881
10484  -13.301  -75.391  21.674 0.3000000119
8686  -8.057  -78.399  8.756 0.8000000119
8691  -7.638  -78.423  7.982 0.8000000119
9279  -9.085  -77.970  8.477 0.6000000238
9946  -8.147  -76.682  6.753 0.6000000238
10683  -7.701  -75.832  5.070 0.6000000238
9959  -8.463  -75.985  6.130 0.6000000238
112265  -5.431  -76.885  22.201 0.5000000000
9790  -11.326  -76.207  21.300 0.4000000060
10483  -12.547  -75.728  21.520 0.3000000119
10485  -14.148  -74.810  21.832 0.3000000119
10647  -7.842  -75.810  9.450 0.6999999881
10656  -7.492  -75.099  8.797 0.6000000238
10496  -11.626  -75.728  20.513 0.4000000060
11158  -13.207  -75.068  20.374 0.3000000119
11174  -13.632  -74.201  19.950 0.3000000119
116169  -5.302  -74.184  21.524 0.6000000238
11823  -13.957  -73.475  19.470 0.3000000119
11843  -14.254  -72.840  19.097 0.4000000060
11820  -11.222  -73.839  19.539 0.5000000000
11840  -11.672  -73.567  18.821 0.5000000000
11842  -13.450  -73.121  18.677 0.4000000060
128096  -13.502  -72.704  17.933 0.4000000060
14171  -4.888  -70.673  3.768 0.6000000238
121674  -13.224  -72.503  17.295 0.5000000000
15604  -3.643  -68.214  15.850 0.5000000000
14955  -4.852  -68.606  6.519 0.6999999881
14011  -11.868  -70.806  15.196 0.6000000238
14028  -10.161  -70.147  14.874 0.6000000238
14848  -11.570  -69.547  14.329 0.6000000238
14849  -12.555  -69.230  14.383 0.5000000000
14833  -14.085  -68.893  15.352 0.5000000000
14847  -10.629  -69.608  14.436 0.6000000238
15634  -11.362  -68.284  13.580 0.6000000238
17082  -17.477  -67.007  7.895 0.5000000000
19108  -7.151  -63.162  10.862 0.6000000238
17778  -20.633  -65.931  5.772 0.5000000000
19099  -7.779  -62.475  11.901 0.6999999881
19840  -8.549  -61.750  11.503 0.6000000238
20645  -9.922  -60.876  10.649 0.6000000238
21459  -12.582  -59.801  11.247 0.6000000238
19879  -18.926  -61.273  8.925 0.6000000238
19895  -20.117  -61.388  8.429 0.6000000238
20701  -22.990  -61.642  7.499 0.5000000000
16350  -11.797  -67.566  13.359 0.6000000238
16365  -12.190  -66.848  13.225 0.6000000238
17023  -15.001  -66.684  12.617 0.5000000000
17018  -10.809  -66.726  12.887 0.6999999881
17046  -16.202  -66.659  10.271 0.5000000000
17033  -15.827  -66.867  11.136 0.5000000000
17766  -24.325  -64.795  6.112 0.3000000119
20636  -10.543  -60.748  11.682 0.6000000238
20713  -26.535  -61.061  6.688 0.6000000238
21517  -27.313  -59.649  6.777 0.5000000000
119294  -9.956  -66.032  12.962 0.8000000119
17690  -10.297  -65.094  12.688 0.8000000119
17707  -15.000  -65.492  11.456 0.6000000238
18378  -10.575  -64.269  12.485 0.6999999881
18379  -11.347  -64.357  11.932 0.8000000119
17705  -13.715  -64.944  12.063 0.6000000238
18442  -25.025  -64.314  6.576 0.5000000000
134773  -25.534  -63.963  7.123 0.5000000000
20762  -6.880  -61.322  2.571 0.5000000000
125357  -10.808  -63.480  12.264 0.6999999881
25425  -25.810  -55.462  8.374 0.4000000060
27985  -23.275  -52.404  6.360 0.5000000000
27993  -24.405  -52.761  4.433 0.4000000060
27984  -22.574  -52.140  6.845 0.4000000060
28011  -24.800  -52.117  2.229 0.4000000060
28753  -24.377  -51.395  1.761 0.4000000060
30392  -23.248  -50.162  0.120 0.4000000060
29537  -23.578  -50.763  -0.246 0.5000000000
28775  -22.562  -50.636  -2.838 0.5000000000
30400  -22.957  -49.687  -1.377 0.3000000119
30395  -22.844  -49.578  -0.359 0.3000000119
30399  -22.755  -49.837  -2.365 0.4000000060
124534  -6.154  -64.270  12.917 0.6999999881
116679  -17.533  -92.619  13.418 0.5000000000
383  -15.996  -95.931  13.298 0.5000000000
907  -17.901  -93.365  14.121 0.5000000000
96  -13.844  -98.028  10.886 0.6999999881
129111  -12.938  -97.567  10.663 0.6999999881
275  -21.220  -96.157  1.017 0.3000000119
1148  -16.819  -92.743  -10.914 0.4000000060
116766  -17.123  -91.883  -9.896 0.4000000060
6982  -2.736  -81.139  -1.495 0.6999999881
5509  -4.825  -83.871  27.688 0.6000000238
5525  -4.672  -84.049  26.610 0.6000000238
6098  -4.498  -83.276  27.647 0.6999999881
8692  -8.357  -78.144  8.025 0.6999999881
9934  -8.867  -77.007  9.826 0.6000000238
11159  -15.127  -74.000  20.838 0.3000000119
119139  -14.163  -74.586  20.556 0.3000000119
16335  -14.298  -67.379  14.252 0.5000000000
21457  -10.758  -60.397  10.939 0.6000000238
131645  -12.978  -67.636  14.034 0.6000000238
17005  -13.002  -66.472  13.649 0.6000000238
17022  -14.164  -66.023  13.008 0.6000000238
17019  -11.643  -66.419  12.841 0.6000000238
17021  -13.322  -65.908  13.256 0.6000000238
17691  -11.887  -65.703  12.534 0.6000000238
17031  -14.733  -65.975  12.205 0.6000000238
17702  -11.157  -65.104  12.235 0.6999999881
17693  -13.573  -65.438  12.616 0.6000000238
30388  -23.347  -50.135  1.004 0.4000000060
16353  -14.372  -66.854  13.654 0.5000000000
17692  -12.774  -65.499  12.701 0.6000000238
640  -6.719  -94.010  11.773 0.5000000000
923  -5.455  -92.469  12.949 0.5000000000
386  -7.847  -94.826  11.014 0.5000000000
125014  -9.992  -95.196  12.487 0.8000000119
120834  -10.910  -94.471  11.928 0.8000000119
947  -6.338  -93.749  11.027 0.5000000000
650  -7.651  -94.599  10.212 0.5000000000
129075  -8.336  -94.977  10.772 0.6999999881
903  -8.143  -93.477  15.272 0.8999999762
916  -7.611  -93.214  14.881 0.8000000119
122511  -8.376  -92.768  13.938 0.6999999881
915  -6.970  -93.470  14.904 0.6999999881
128448  -8.038  -93.858  15.602 0.8999999762
130674  -13.944  -92.675  11.582 0.6999999881
1264  -15.392  -92.533  11.768 0.6000000238
1252  -14.990  -92.167  12.246 0.6999999881
653  -11.347  -94.314  10.091 0.8000000119
948  -12.924  -93.454  10.551 0.8000000119
652  -10.519  -94.605  10.185 0.8000000119
661  -9.829  -95.033  9.499 0.8000000119
669  -7.513  -94.557  8.694 0.6000000238
401  -9.200  -95.599  8.701 0.6000000238
685  -7.740  -93.920  6.193 0.5000000000
129800  -7.611  -94.672  6.966 0.5000000000
1554  -15.035  -91.259  16.055 0.5000000000
115625  -15.738  -90.441  15.685 0.5000000000
1565  -14.805  -91.768  14.662 0.5000000000
1996  -16.296  -90.555  14.745 0.5000000000
1567  -16.486  -90.940  13.937 0.5000000000
2440  -16.900  -89.521  15.640 0.3000000119
1578  -15.943  -91.415  13.436 0.5000000000
1230  -13.666  -92.691  14.190 0.6999999881
1211  -13.499  -92.898  17.412 0.6999999881
1224  -14.111  -92.234  15.571 0.6999999881
927  -13.334  -92.869  12.090 0.6999999881
381  -9.067  -95.657  12.726 0.8000000119
937  -11.737  -93.793  11.598 0.8000000119
951  -15.043  -94.187  10.760 0.6000000238
949  -13.697  -93.418  10.513 0.6999999881
1001  -8.968  -93.446  4.111 0.5000000000
117702  -8.405  -93.479  3.029 0.5000000000
729  -11.128  -94.156  2.343 0.8000000119
747  -10.321  -94.798  1.658 0.6999999881
2380  -15.424  -90.291  22.553 0.4000000060
1507  -14.128  -92.206  23.430 0.6000000238
1934  -14.720  -91.470  21.321 0.5000000000
1524  -14.505  -92.149  21.820 0.6000000238
122960  -14.316  -92.034  20.187 0.6000000238
118313  -15.368  -90.214  16.920 0.3000000119
1186  -14.224  -92.480  22.055 0.6000000238
1970  -14.626  -91.100  18.241 0.5000000000
882  -13.041  -93.590  18.839 0.6999999881
121547  -12.503  -93.626  14.315 0.6999999881
632  -10.747  -94.760  12.855 0.8000000119
939  -13.428  -92.994  11.151 0.8000000119
487  -11.735  -95.419  0.787 0.6999999881
761  -12.567  -95.407  0.462 0.8999999762
504  -12.911  -96.145  -0.125 0.8000000119
1903  -9.836  -90.329  24.803 0.6000000238
126022  -11.777  -92.022  23.000 0.6000000238
1183  -10.772  -92.690  22.453 0.6999999881
1580  -17.144  -90.964  13.864 0.5000000000
367  -8.813  -95.511  14.640 0.8000000119
375  -8.883  -95.736  13.718 0.8000000119
1326  -17.355  -92.251  3.150 0.5000000000
1031  -17.380  -93.156  2.004 0.6000000238
752  -15.707  -93.824  1.372 0.6000000238
127477  -16.032  -93.942  0.840 0.5000000000
111311  -13.460  -97.386  0.313 0.8000000119
110678  -11.799  -97.776  0.509 0.6000000238
4960  -12.993  -84.267  21.774 1.0000000000
2862  -15.355  -88.602  20.286 0.4000000060
1971  -14.838  -90.270  18.739 0.5000000000
2372  -9.131  -89.754  23.613 0.6999999881
2837  -9.126  -89.233  24.136 0.6999999881
4961  -13.320  -84.212  21.165 0.8999999762
865  -12.225  -93.610  21.154 0.6999999881
898  -12.989  -93.270  15.436 0.6999999881
1254  -16.378  -92.312  12.433 0.5000000000
359  -8.665  -95.160  15.481 0.8999999762
125111  -8.966  -96.376  6.632 0.6000000238
117832  -12.621  -94.819  3.913 0.6999999881
507  -15.471  -94.842  -0.086 0.5000000000
753  -17.540  -94.283  0.943 0.5000000000
126648  -14.906  -97.168  0.375 0.6999999881
286  -14.194  -96.531  -0.102 0.8000000119
132290  -17.675  -97.247  0.968 0.6999999881
130201  -16.408  -97.744  0.753 0.6999999881
121655  -11.647  -86.397  22.634 0.8000000119
2342  -9.770  -89.475  26.197 0.5000000000
6150  -13.227  -82.853  20.823 0.8999999762
6752  -10.612  -81.273  20.732 0.8999999762
5563  -13.138  -83.516  21.343 1.0000000000
2819  -9.263  -89.446  25.307 0.6000000238
5575  -14.001  -83.562  19.729 0.8000000119
6175  -13.961  -82.982  19.347 0.6999999881
610  -11.694  -94.590  16.066 0.8000000119
1564  -10.763  -91.371  14.269 0.6000000238
1222  -9.390  -92.941  15.627 1.0000000000
113769  -11.094  -94.980  15.334 0.8000000119
764  -15.421  -94.226  0.641 0.5000000000
124722  -14.008  -94.661  0.882 0.5000000000
496  -13.895  -95.065  0.061 0.6999999881
734  -18.390  -94.206  2.171 0.5000000000
763  -14.686  -94.607  0.301 0.5000000000
155  -9.914  -98.750  1.017 0.6000000238
110666  -14.900  -100.213  1.430 0.6999999881
126742  -13.561  -100.775  1.362 0.6000000238
112127  -13.467  -101.008  0.958 0.5000000000
111358  -14.549  -100.779  1.322 0.6999999881
19  -16.931  -100.373  1.129 0.6000000238
3308  -9.647  -87.623  29.996 0.3000000119
133570  -9.364  -88.061  29.441 0.4000000060
2846  -15.359  -88.135  22.729 0.3000000119
3313  -8.961  -88.027  28.866 0.6000000238
3326  -9.416  -87.441  26.536 0.6000000238
2812  -9.200  -88.968  26.657 0.6000000238
2341  -9.459  -89.349  25.877 0.6000000238
2850  -11.296  -87.832  21.624 0.8999999762
113010  -11.019  -87.577  22.256 0.8999999762
2379  -10.250  -89.195  22.408 0.8000000119
3366  -10.581  -87.885  22.779 0.8000000119
114722  -10.830  -89.168  21.699 0.8999999762
2860  -11.527  -88.559  20.949 0.8999999762
3396  -12.614  -87.575  19.662 0.8999999762
2876  -12.780  -88.489  18.273 0.8000000119
2418  -12.426  -89.107  18.369 0.8999999762
1968  -11.509  -90.618  18.416 0.8999999762
1969  -12.025  -89.790  18.433 1.0000000000
1975  -11.875  -90.100  17.619 0.8999999762
635  -16.968  -94.243  13.031 0.5000000000
472  -14.050  -95.716  2.470 0.6999999881
116655  -16.581  -99.137  1.270 0.6999999881
134651  -17.870  -99.125  2.236 0.6999999881
65  -17.837  -100.180  2.356 0.6000000238
113901  -17.532  -100.376  0.396 0.6000000238
29  -16.312  -99.589  -1.191 0.5000000000
79  -19.847  -98.505  -1.101 0.6000000238
30  -17.053  -99.638  -0.912 0.6000000238
3850  -9.289  -87.210  27.391 0.6000000238
3320  -8.774  -87.876  28.161 0.6000000238
6172  -10.789  -82.088  19.463 0.8999999762
134840  -9.601  -88.517  23.762 0.6999999881
124580  -9.981  -87.573  24.246 0.6999999881
3869  -10.766  -86.912  23.822 0.6999999881
3353  -10.171  -87.831  23.526 0.6999999881
3870  -11.338  -86.510  23.269 0.6999999881
1929  -9.157  -90.686  22.728 0.8000000119
600  -11.710  -94.743  17.864 0.8000000119
1980  -11.380  -90.852  16.377 0.8999999762
459  -13.029  -95.747  3.319 0.6999999881
460  -13.734  -96.339  2.987 0.6000000238
273  -18.510  -96.921  1.666 0.6000000238
176  -18.811  -98.344  -2.404 0.6000000238
4944  -11.360  -84.826  24.712 0.6999999881
127549  -11.129  -91.127  17.834 0.8999999762
5936  -7.049  -84.214  -10.346 0.6000000238
4758  -7.276  -85.468  -9.068 0.6000000238
4803  -7.893  -85.588  -13.522 0.5000000000
4813  -8.228  -85.431  -14.577 0.6000000238
14  -18.259  -100.533  1.941 0.6000000238
171  -17.451  -97.969  -1.929 0.5000000000
132471  -18.044  -96.917  -2.739 0.5000000000
180  -19.547  -97.634  -4.140 0.6000000238
4905  -9.892  -85.229  28.134 0.6000000238
8513  -9.289  -78.660  24.090 0.8000000119
7319  -7.735  -80.072  22.701 0.8000000119
3847  -9.949  -86.101  27.553 0.6000000238
119366  -9.878  -84.253  27.869 0.6000000238
6736  -10.326  -80.940  21.268 0.8999999762
4943  -10.803  -84.373  24.926 0.8000000119
4745  -6.321  -85.807  -7.361 0.6000000238
5916  -5.889  -83.871  -9.050 0.6000000238
6553  -7.005  -82.673  -13.853 0.6999999881
7079  -4.020  -81.733  -6.792 0.6999999881
5981  -8.573  -83.410  -14.641 0.8000000119
3749  -9.137  -87.121  -12.696 0.5000000000
134203  -22.511  -99.196  3.560 0.5000000000
121905  -21.064  -100.254  3.221 0.5000000000
23  -21.690  -99.102  1.047 0.6000000238
16  -20.140  -100.476  2.071 0.6999999881
114154  -19.910  -100.285  1.432 0.6000000238
131230  -19.188  -100.826  3.203 0.6999999881
159  -21.756  -98.222  0.230 0.4000000060
3752  -11.059  -86.965  -14.081 0.8000000119
81  -19.259  -98.406  -1.852 0.6000000238
1861  -9.155  -91.809  -13.958 0.5000000000
181  -20.135  -97.649  -3.934 0.6000000238
182  -20.736  -97.316  -3.754 0.5000000000
4885  -9.429  -84.804  29.790 0.6000000238
6522  -5.889  -82.022  -10.895 0.6999999881
126110  -9.330  -81.398  -11.839 0.6999999881
5984  -11.406  -83.707  -13.710 0.6999999881
4804  -12.025  -85.904  -13.212 0.8000000119
1477  -9.986  -92.090  -14.217 0.5000000000
127445  -20.353  -98.767  -0.447 0.5000000000
130057  -21.020  -97.357  -2.395 0.6000000238
174  -21.016  -97.730  -1.980 0.5000000000
847  -9.796  -93.085  -11.285 0.6000000238
1099  -18.216  -94.132  -7.381 0.6000000238
115011  -9.155  -85.368  32.669 0.3000000119
5465  -9.447  -84.044  30.465 0.5000000000
6076  -9.634  -82.943  28.309 0.6000000238
120690  -9.810  -83.272  25.983 0.6999999881
6110  -9.640  -81.771  24.381 0.8000000119
7135  -7.015  -81.042  -11.047 0.6999999881
7137  -9.706  -81.271  -11.264 0.6000000238
7063  -4.169  -81.296  -6.068 0.6999999881
7064  -5.233  -81.264  -6.144 0.6999999881
3217  -11.409  -88.853  -13.631 0.6999999881
1156  -10.602  -92.884  -11.638 0.5000000000
568  -11.204  -94.598  -9.630 0.5000000000
849  -11.355  -94.024  -10.158 0.5000000000
1121  -18.274  -92.581  -8.870 0.5000000000
1108  -17.309  -93.125  -7.288 0.5000000000
133747  -9.698  -82.259  30.015 0.6000000238
7905  -10.728  -79.072  24.568 0.8000000119
6679  -9.813  -81.546  25.359 0.6999999881
118361  -9.628  -82.952  -9.139 0.6000000238
1830  -11.127  -91.868  -9.782 0.6999999881
129337  -11.655  -91.024  -12.887 0.6999999881
1432  -13.001  -92.812  -9.143 0.6999999881
792  -20.331  -95.417  -4.523 0.5000000000
842  -13.132  -94.631  -10.453 0.5000000000
859  -16.002  -93.967  -13.314 0.5000000000
1177  -14.923  -93.268  -14.175 0.5000000000
560  -20.980  -95.564  -9.849 0.5000000000
827  -20.092  -95.014  -9.908 0.5000000000
1133  -18.522  -92.312  -9.387 0.5000000000
6619  -9.895  -81.862  33.159 0.3000000119
7258  -10.935  -80.862  28.678 0.5000000000
117436  -10.597  -80.985  27.788 0.6999999881
114264  -14.265  -89.819  -11.005 0.5000000000
2719  -13.628  -90.181  -14.945 0.5000000000
1453  -11.218  -92.526  -11.450 0.6999999881
1850  -13.799  -92.102  -12.450 0.6999999881
2303  -14.517  -90.462  -15.795 0.5000000000
803  -21.430  -95.596  -7.708 0.4000000060
1158  -14.035  -94.262  -11.006 0.6999999881
1149  -19.930  -93.708  -10.905 0.5000000000
834  -19.428  -93.839  -9.895 0.5000000000
2259  -18.294  -90.437  -11.585 0.5000000000
7846  -6.066  -79.432  30.523 0.5000000000
7236  -12.243  -79.742  33.216 0.3000000119
7235  -11.629  -80.394  32.026 0.4000000060
8426  -12.415  -78.078  32.522 0.3000000119
1135  -21.503  -93.570  -9.768 0.4000000060
2295  -17.296  -90.225  -14.862 0.4000000060
1484  -15.778  -92.427  -15.417 0.5000000000
1480  -15.216  -92.828  -14.961 0.5000000000
2296  -18.082  -89.348  -14.472 0.4000000060
6691  -6.788  -82.536  26.147 0.6000000238
1874  -14.744  -91.558  -15.790 0.6000000238
124017  -19.712  -90.124  -13.157 0.5000000000
7572  -2.438  -79.157  -0.353 0.6999999881
6092  -5.566  -83.291  28.303 0.6000000238
128992  -4.856  -81.963  28.538 0.6000000238
4918  -5.298  -84.126  27.697 0.6000000238
5511  -6.447  -84.700  26.807 0.6000000238
8139  -2.624  -78.401  1.246 0.6999999881
9712  -6.195  -77.073  28.046 0.5000000000
134103  -5.393  -76.882  27.436 0.6000000238
7274  -5.038  -81.355  28.613 0.6000000238
116925  -9.571  -74.983  28.364 0.4000000060
9982  -5.468  -76.342  4.627 0.6000000238
8728  -4.168  -77.227  2.859 0.6999999881
7518  -3.442  -80.090  3.829 0.6000000238
9334  -3.941  -76.879  3.650 0.8000000119
8497  -5.112  -77.538  27.026 0.6000000238
10441  -9.947  -75.676  25.034 0.3000000119
9731  -4.765  -74.980  26.419 0.6000000238
119957  -6.132  -81.410  2.161 0.6000000238
125331  -4.556  -75.871  25.739 0.6999999881
10472  -12.686  -75.489  22.499 0.3000000119
118916  -7.661  -76.449  24.546 0.5000000000
11103  -5.186  -73.746  25.150 0.6999999881
8102  -7.861  -79.353  4.509 0.6000000238
9803  -12.010  -76.038  20.977 0.4000000060
9800  -9.383  -76.148  20.824 0.5000000000
125246  -6.279  -73.653  7.437 0.6000000238
126136  -4.885  -77.772  10.313 0.5000000000
10507  -10.843  -74.336  20.049 0.5000000000
11777  -6.276  -72.513  23.503 0.8000000119
11841  -12.534  -73.469  18.710 0.4000000060
11789  -8.060  -73.139  21.506 0.6000000238
116130  -4.359  -70.173  8.160 0.4000000060
11800  -4.769  -72.365  21.106 0.6000000238
12476  -6.964  -71.455  20.505 0.8000000119
13222  -6.433  -70.720  20.110 0.8000000119
13245  -3.810  -70.650  17.794 0.6000000238
126035  -10.773  -72.210  16.581 0.5000000000
13264  -8.516  -71.123  16.738 0.6000000238
13263  -7.779  -70.707  17.070 0.6999999881
128692  -4.778  -68.259  4.079 0.6000000238
118186  -4.476  -68.048  3.250 0.6000000238
13266  -10.108  -71.553  16.228 0.5000000000
13291  -12.476  -71.203  15.639 0.5000000000
15594  -5.190  -67.864  16.925 0.8000000119
16988  -4.275  -66.117  14.251 0.6999999881
14030  -12.192  -70.073  14.728 0.5000000000
131636  -9.241  -70.543  15.620 0.6000000238
14029  -11.118  -70.270  14.876 0.6000000238
16333  -6.334  -66.742  15.134 0.6999999881
14845  -7.380  -69.111  15.699 0.8000000119
118217  -9.007  -69.326  14.622 0.6000000238
17674  -5.667  -64.933  13.385 0.6999999881
17002  -6.161  -65.429  14.347 0.6999999881
19195  -5.099  -63.396  3.702 0.4000000060
15616  -9.419  -68.711  14.132 0.6000000238
14864  -10.999  -68.977  13.988 0.6000000238
15632  -8.654  -67.970  13.916 0.6999999881
117179  -7.458  -66.008  14.376 0.8000000119
17096  -18.670  -66.423  6.737 0.5000000000
16363  -10.092  -67.022  13.170 0.6000000238
16364  -11.472  -67.072  13.070 0.6000000238
17737  -16.800  -65.081  9.241 0.6000000238
18395  -16.324  -64.428  9.532 0.6000000238
17729  -17.081  -66.005  8.948 0.6000000238
18409  -18.413  -64.695  8.342 0.5000000000
19876  -16.384  -61.356  8.943 0.6000000238
20661  -14.880  -60.482  9.656 0.5000000000
21473  -14.964  -59.290  10.112 0.6000000238
19894  -19.584  -60.908  8.677 0.6000000238
19158  -20.442  -62.494  8.287 0.6000000238
19896  -20.948  -61.644  8.026 0.6000000238
19897  -22.165  -61.911  7.988 0.6000000238
124079  -4.840  -62.091  3.090 0.4000000060
17728  -16.473  -65.926  9.680 0.5000000000
115168  -18.577  -62.555  8.780 0.6000000238
134805  -17.675  -61.255  9.018 0.6000000238
19161  -23.664  -62.282  7.735 0.6000000238
19898  -22.720  -61.921  7.895 0.5000000000
19918  -25.527  -61.888  6.905 0.6000000238
19899  -23.220  -61.952  7.793 0.5000000000
17689  -9.452  -64.949  13.266 0.8000000119
124392  -11.423  -63.645  11.693 0.6000000238
18385  -13.824  -63.861  11.031 0.6000000238
18381  -13.342  -64.392  11.596 0.6000000238
18380  -12.286  -64.250  11.625 0.6000000238
17706  -14.277  -64.713  11.457 0.6000000238
18386  -14.662  -64.179  10.729 0.6000000238
18394  -15.812  -64.270  9.876 0.6000000238
17727  -16.022  -65.085  9.920 0.6000000238
19112  -13.303  -62.865  10.579 0.6000000238
19850  -12.085  -61.366  11.577 0.6000000238
116755  -15.214  -63.637  10.071 0.6000000238
19864  -14.995  -61.793  9.349 0.6000000238
19122  -13.979  -62.544  10.224 0.5000000000
18437  -20.923  -64.289  6.867 0.5000000000
19862  -13.380  -60.915  10.576 0.6000000238
18456  -23.015  -64.407  6.068 0.5000000000
18457  -23.733  -64.307  6.141 0.5000000000
18438  -21.738  -64.091  6.855 0.5000000000
18422  -21.371  -63.400  7.670 0.5000000000
19177  -24.757  -63.224  7.125 0.5000000000
19163  -26.146  -63.512  7.733 0.5000000000
19901  -27.005  -61.878  8.220 0.4000000060
22264  -27.481  -59.819  9.248 0.3000000119
20680  -27.401  -61.367  8.736 0.3000000119
19137  -16.241  -62.468  9.035 0.6000000238
19176  -23.961  -62.999  7.432 0.5000000000
19178  -25.902  -62.622  7.461 0.5000000000
23094  -27.114  -58.387  9.570 0.3000000119
23095  -27.314  -59.098  9.584 0.3000000119
22276  -27.504  -59.598  8.311 0.4000000060
23854  -26.877  -57.546  9.455 0.3000000119
119057  -24.804  -61.972  6.784 0.6000000238
24641  -25.862  -56.279  9.702 0.3000000119
25404  -25.384  -55.672  9.189 0.4000000060
25403  -24.495  -55.363  9.446 0.3000000119
26241  -23.732  -54.254  8.525 0.4000000060
27989  -24.205  -52.711  5.031 0.4000000060
26260  -25.254  -54.188  4.608 0.4000000060
116371  -24.592  -53.139  4.648 0.4000000060
26253  -25.009  -53.705  6.020 0.4000000060
27132  -23.991  -52.730  5.911 0.4000000060
26261  -25.179  -54.171  4.001 0.4000000060
124345  -25.297  -54.191  3.473 0.4000000060
130482  -24.654  -53.128  4.317 0.4000000060
26224  -24.073  -54.771  8.974 0.4000000060
131837  -25.460  -54.081  2.760 0.4000000060
27145  -25.432  -53.506  2.290 0.4000000060
26287  -25.245  -54.645  0.181 0.5000000000
27129  -23.751  -52.826  6.974 0.4000000060
27996  -24.443  -52.677  3.960 0.4000000060
27997  -24.842  -53.088  3.645 0.4000000060
28001  -25.141  -52.855  2.784 0.4000000060
28012  -25.123  -52.775  1.548 0.4000000060
28021  -25.030  -53.178  0.647 0.5000000000
27979  -21.634  -52.371  8.154 0.4000000060
28020  -24.718  -52.543  0.704 0.4000000060
27196  -23.143  -53.097  -2.163 0.5000000000
28758  -24.307  -52.059  0.189 0.5000000000
28044  -23.982  -52.098  -1.410 0.5000000000
28790  -20.817  -51.343  -2.901 0.4000000060
29557  -20.744  -50.483  -3.193 0.5000000000
112189  -19.867  -50.300  -3.367 0.3000000119
29556  -19.212  -50.882  -3.584 0.4000000060
29570  -17.377  -50.821  -4.331 0.3000000119
117759  -21.721  -48.861  -3.241 0.3000000119
17045  -15.674  -66.072  10.914 0.5000000000
24657  -26.679  -56.577  8.436 0.4000000060
14865  -11.934  -68.822  13.912 0.6000000238
15635  -13.553  -66.949  14.052 0.5000000000
119140  -10.930  -65.900  12.535 0.6999999881
17704  -13.007  -64.922  12.170 0.6000000238
19141  -26.575  -63.571  8.211 0.4000000060
25424  -25.022  -55.007  8.679 0.4000000060
25402  -23.590  -55.168  9.729 0.3000000119
7  -19.091  -100.846  4.182 0.6000000238
127789  -18.731  -98.370  2.741 0.5000000000
146  -18.763  -99.241  3.417 0.5000000000
283  -17.977  -96.480  0.918 0.5000000000
123367  -19.171  -97.898  3.017 0.5000000000
2899  -12.783  -88.776  17.019 0.6999999881
114837  -13.506  -87.038  18.214 0.6000000238
2890  -13.011  -88.309  17.605 0.6000000238
3418  -13.424  -87.602  17.525 0.5000000000
2889  -12.609  -88.928  17.682 0.8000000119
2431  -12.363  -89.430  17.080 0.6999999881
4446  -13.884  -85.608  18.872 0.6000000238
4447  -14.393  -84.814  18.663 0.6000000238
3925  -13.996  -86.113  18.180 0.6000000238
6173  -11.730  -82.146  19.310 0.6000000238
6768  -9.189  -81.813  20.109 0.6999999881
6171  -9.945  -82.607  19.381 0.6000000238
6749  -8.053  -81.486  21.040 0.6999999881
6159  -8.769  -82.248  20.166 0.6999999881
114327  -7.904  -83.251  21.285 0.6000000238
5553  -7.731  -83.682  22.343 0.5000000000
5568  -8.719  -83.199  19.977 0.6000000238
5567  -8.196  -83.654  20.671 0.6000000238
114309  -7.730  -84.659  22.225 0.5000000000
6147  -7.794  -82.471  21.566 0.6999999881
121819  -7.597  -84.900  23.012 0.5000000000
6769  -9.904  -81.787  19.881 0.6999999881
3  -19.497  -100.373  4.632 0.5000000000
60  -19.008  -100.073  4.222 0.5000000000
626  -16.653  -95.377  13.550 0.3000000119
114282  -16.747  -95.717  14.615 0.3000000119
377  -16.197  -96.251  14.015 0.3000000119
129280  -17.211  -94.761  13.744 0.4000000060
369  -16.857  -96.179  15.403 0.3000000119
195  -15.758  -96.636  13.609 0.3000000119
382  -15.514  -96.426  12.963 0.3000000119
88  -15.699  -96.968  13.628 0.3000000119
206  -15.021  -96.805  12.526 0.4000000060
120733  -17.399  -91.664  13.544 0.4000000060
1232  -18.062  -92.184  14.122 0.4000000060
908  -17.852  -94.158  15.050 0.4000000060
187  -17.284  -96.307  15.745 0.3000000119
87  -15.352  -97.249  12.806 0.4000000060
119853  -14.763  -97.160  12.202 0.4000000060
123344  -13.433  -97.479  10.944 0.5000000000
92  -14.244  -97.427  11.543 0.4000000060
97  -14.803  -98.171  11.123 0.4000000060
128  -15.633  -97.952  5.613 0.5000000000
129219  -14.229  -98.110  5.260 0.5000000000
136  -15.783  -97.180  4.914 0.5000000000
116532  -16.131  -96.163  5.753 0.5000000000
134  -14.043  -97.720  4.721 0.5000000000
130947  -15.145  -97.370  4.194 0.5000000000
440  -15.949  -95.978  4.902 0.5000000000
259  -14.494  -97.428  4.102 0.5000000000
1561  -18.365  -91.377  15.256 0.4000000060
1233  -18.185  -93.094  14.757 0.4000000060
899  -18.173  -93.633  15.674 0.4000000060
611  -17.664  -94.934  16.139 0.3000000119
35  -14.691  -98.476  10.219 0.4000000060
36  -15.690  -98.529  10.281 0.3000000119
41  -16.432  -98.401  9.606 0.3000000119
45  -14.947  -98.697  8.660 0.6000000238
40  -15.582  -98.657  9.283 0.4000000060
47  -16.279  -98.346  8.771 0.3000000119
48  -12.814  -98.592  8.002 0.6000000238
50  -15.181  -98.605  7.611 0.6000000238
46  -15.692  -98.577  8.415 0.5000000000
109  -16.088  -98.323  7.922 0.5000000000
113  -11.038  -98.285  7.844 0.6000000238
115  -13.353  -98.350  7.132 0.6000000238
220  -16.408  -96.840  8.293 0.5000000000
126  -13.888  -98.198  6.090 0.6000000238
228  -16.213  -96.411  7.463 0.5000000000
241  -13.606  -97.696  5.592 0.6000000238
242  -16.172  -97.160  5.948 0.5000000000
419  -16.120  -96.177  6.638 0.5000000000
690  -15.930  -95.160  5.763 0.5000000000
702  -15.849  -94.909  4.973 0.4000000060
450  -15.675  -95.596  4.144 0.5000000000
121185  -15.634  -94.871  3.372 0.5000000000
1346  -23.029  -92.468  1.223 0.3000000119
1737  -21.805  -91.353  0.907 0.3000000119
2147  -21.352  -90.695  0.432 0.3000000119
129183  -19.589  -89.962  -0.231 0.3000000119
1107  -16.700  -93.072  -7.267 0.4000000060
115851  -11.305  -90.962  15.614 0.6000000238
1558  -10.847  -91.339  15.078 0.5000000000
116  -14.448  -98.493  6.704 0.6000000238
413  -16.415  -95.749  8.213 0.4000000060
670  -16.632  -94.914  8.132 0.3000000119
677  -16.289  -94.141  7.119 0.3000000119
977  -16.278  -93.540  6.486 0.3000000119
990  -15.837  -93.953  4.871 0.4000000060
991  -16.086  -93.250  5.478 0.3000000119
1006  -16.095  -93.097  4.531 0.4000000060
1046  -23.627  -93.143  1.548 0.3000000119
5321  -6.119  -84.962  -7.695 0.5000000000
2175  -19.196  -89.964  -1.007 0.3000000119
801  -17.507  -94.409  -5.533 0.4000000060
2437  -12.477  -89.504  16.186 0.6000000238
1292  -16.586  -92.606  5.995 0.3000000119
1302  -16.504  -92.447  4.968 0.4000000060
719  -18.785  -94.141  3.515 0.4000000060
735  -18.815  -94.709  2.905 0.4000000060
488  -18.423  -95.771  1.449 0.4000000060
463  -19.189  -95.305  3.847 0.4000000060
132300  -19.325  -96.085  3.467 0.4000000060
1021  -24.215  -93.967  3.059 0.3000000119
4729  -4.219  -85.263  -5.933 0.4000000060
133657  -17.621  -91.419  5.217 0.3000000119
1328  -18.537  -91.684  3.845 0.3000000119
119195  -18.731  -92.441  3.714 0.4000000060
1007  -19.405  -92.810  4.249 0.5000000000
1018  -18.953  -93.439  3.899 0.5000000000
126061  -19.205  -94.376  4.274 0.5000000000
451  -19.442  -95.103  4.647 0.4000000060
261  -19.900  -96.821  5.231 0.4000000060
441  -20.253  -96.236  6.110 0.4000000060
143  -19.431  -98.248  3.871 0.4000000060
252  -20.392  -97.465  6.184 0.4000000060
115696  -3.294  -83.114  -1.489 0.4000000060
57  -19.582  -99.260  4.802 0.4000000060
118670  -20.484  -99.066  5.752 0.4000000060
456  -25.916  -95.648  4.686 0.3000000119
5797  -3.337  -83.523  -2.219 0.5000000000
5915  -4.740  -83.225  -8.771 0.5000000000
2  -20.723  -99.502  5.425 0.4000000060
722  -23.738  -94.231  3.591 0.3000000119
115159  -3.312  -83.970  -3.771 0.5000000000
5262  -3.235  -83.602  -4.643 0.5000000000
276  -21.744  -97.167  1.192 0.4000000060
340  -14.468  -95.428  -10.192 0.4000000060
704  -20.396  -95.004  5.979 0.5000000000
433  -20.689  -95.832  6.669 0.4000000060
120686  -3.299  -82.292  0.916 0.5000000000
116931  -3.010  -81.404  0.872 0.5000000000
434  -21.214  -95.999  7.269 0.4000000060
6371  -3.134  -82.320  -0.873 0.6000000238
117627  -21.321  -97.620  7.235 0.4000000060
51  -21.087  -98.907  6.228 0.4000000060
129  -20.856  -98.035  6.774 0.4000000060
6383  -2.835  -81.801  -2.230 0.6000000238
130  -21.708  -98.404  6.930 0.4000000060
715  -25.006  -95.089  4.367 0.3000000119
144  -22.445  -97.856  2.708 0.3000000119
571  -14.495  -95.192  -10.516 0.4000000060
581  -15.721  -94.541  -11.904 0.4000000060
123758  -22.390  -95.877  7.869 0.4000000060
115309  -23.220  -96.085  8.156 0.4000000060
230  -22.539  -96.846  7.820 0.4000000060
221  -24.383  -96.322  8.594 0.3000000119
256  -26.950  -96.586  6.973 0.3000000119
55  -21.660  -99.278  5.656 0.4000000060
53  -22.391  -98.647  6.538 0.4000000060
121  -23.981  -97.387  7.825 0.3000000119
255  -25.454  -96.645  6.740 0.3000000119
126100  -26.313  -96.518  6.614 0.3000000119
56  -22.580  -98.951  5.833 0.4000000060
54  -22.992  -98.443  6.500 0.4000000060
142  -22.806  -98.835  5.060 0.4000000060
111925  -22.997  -98.284  4.735 0.3000000119
145  -22.734  -98.100  3.702 0.4000000060
1147  -16.442  -93.885  -10.590 0.5000000000
222  -25.581  -96.792  8.785 0.3000000119
223  -26.329  -96.891  8.966 0.3000000119
247  -27.267  -96.697  7.949 0.3000000119
114955  -7.640  -84.348  23.435 0.5000000000
4942  -6.852  -85.758  25.345 0.5000000000
10648  -8.871  -76.067  9.596 0.5000000000
114663  -9.542  -77.346  9.318 0.5000000000
9289  -9.594  -77.425  7.654 0.5000000000
120028  -8.448  -75.260  8.971 0.5000000000
11356  -7.496  -73.782  7.716 0.5000000000
14189  -4.438  -69.967  3.218 0.5000000000
12490  -4.175  -71.414  18.905 0.6000000238
12475  -4.462  -71.685  19.787 0.5000000000
120070  -5.474  -75.219  21.074 0.5000000000
16451  -5.207  -67.276  3.112 0.5000000000
129270  -4.603  -70.657  19.898 0.5000000000
17115  -5.952  -66.423  3.509 0.5000000000
17791  -6.357  -65.995  2.910 0.4000000060
21525  -26.125  -60.926  5.511 0.5000000000
20722  -26.405  -60.821  6.032 0.5000000000
20721  -25.959  -61.389  6.142 0.5000000000
19197  -7.334  -63.994  3.625 0.5000000000
18467  -7.476  -64.616  3.376 0.5000000000
22294  -26.966  -59.540  5.989 0.4000000060
21516  -26.857  -60.340  6.336 0.5000000000
118648  -7.702  -63.340  3.528 0.5000000000
124756  -27.412  -58.731  6.883 0.4000000060
23114  -27.234  -58.175  6.460 0.4000000060
23110  -27.404  -58.481  7.543 0.4000000060
130041  -27.414  -58.060  7.010 0.4000000060
19224  -8.688  -63.227  2.794 0.5000000000
23870  -26.882  -56.839  6.037 0.3000000119
23871  -27.204  -57.364  6.772 0.4000000060
23868  -27.252  -57.699  7.588 0.3000000119
19961  -8.265  -62.847  3.321 0.5000000000
20744  -7.838  -61.965  3.165 0.4000000060
19973  -8.977  -62.329  2.865 0.4000000060
25434  -26.072  -55.081  6.014 0.3000000119
25435  -26.502  -55.650  6.622 0.3000000119
25426  -26.458  -56.030  8.043 0.3000000119
24659  -26.947  -56.750  7.616 0.4000000060
21580  -6.935  -60.639  1.973 0.4000000060
20763  -8.385  -61.243  2.595 0.4000000060
26254  -25.579  -54.419  6.581 0.3000000119
26242  -24.539  -54.391  8.145 0.3000000119
25431  -26.186  -55.128  6.991 0.3000000119
26250  -25.518  -54.766  7.694 0.3000000119
121226  -26.163  -55.428  7.680 0.3000000119
122003  -8.150  -60.314  1.803 0.4000000060
22360  -7.941  -59.663  1.176 0.4000000060
26249  -24.934  -53.928  7.175 0.3000000119
26258  -25.419  -54.295  5.501 0.3000000119
26257  -24.919  -53.644  5.001 0.3000000119
25456  -25.670  -55.159  1.394 0.4000000060
22385  -8.434  -59.286  0.682 0.4000000060
27130  -23.968  -53.643  7.707 0.3000000119
23172  -7.812  -58.701  0.074 0.4000000060
23194  -8.386  -58.173  -0.277 0.3000000119
27995  -24.126  -52.201  4.324 0.3000000119
28740  -24.356  -51.890  3.651 0.3000000119
27988  -23.603  -52.314  5.444 0.4000000060
27992  -23.946  -52.259  4.801 0.3000000119
28734  -23.283  -51.915  5.104 0.3000000119
28738  -23.614  -51.818  4.626 0.3000000119
28745  -24.519  -51.551  2.775 0.3000000119
28739  -23.852  -51.520  4.056 0.3000000119
28744  -24.132  -51.082  3.278 0.3000000119
29517  -23.587  -50.709  3.692 0.3000000119
121645  -23.719  -50.374  2.847 0.3000000119
29522  -24.092  -50.841  2.322 0.3000000119
29527  -23.842  -50.780  1.366 0.3000000119
29513  -22.965  -50.343  4.079 0.3000000119
30375  -23.257  -49.940  3.280 0.3000000119
131250  -23.277  -49.835  2.472 0.3000000119
30374  -22.645  -49.511  3.640 0.3000000119
30387  -22.897  -49.517  1.651 0.3000000119
30391  -22.798  -49.523  0.592 0.3000000119
1568  -17.697  -91.290  14.050 0.4000000060
125574  -16.200  -93.042  3.746 0.4000000060
1303  -17.127  -91.857  5.380 0.3000000119
475  -19.132  -95.703  2.913 0.4000000060
44  -13.963  -98.656  9.098 0.6000000238
34  -13.745  -98.394  10.032 0.5000000000
114  -12.163  -98.262  7.577 0.6000000238
710  -15.786  -94.633  4.285 0.4000000060
5  -21.253  -99.693  4.913 0.4000000060
116044  -22.740  -98.999  4.112 0.4000000060
112468  -22.078  -97.556  1.839 0.3000000119
121408  -16.503  -93.031  -8.661 0.4000000060
345  -15.258  -95.054  -10.728 0.4000000060
4931  -5.060  -84.876  26.862 0.5000000000
17792  -6.986  -65.259  3.219 0.5000000000
25476  -25.474  -55.278  0.384 0.4000000060
121116  -24.426  -54.365  -0.940 0.4000000060
114525  -17.543  -94.562  14.359 0.4000000060
1017  -18.349  -93.098  3.150 0.5000000000
1987  -11.924  -90.296  15.709 0.6000000238
4711  -3.418  -84.743  -4.147 0.4000000060
27983  -21.792  -51.881  7.282 0.4000000060
28000  -24.753  -52.340  3.234 0.3000000119
30384  -23.539  -50.223  1.917 0.3000000119
267  -19.360  -96.824  3.060 0.4000000060
489  -18.873  -96.244  2.248 0.4000000060
58  -20.002  -99.658  5.240 0.4000000060
617  -17.235  -95.427  15.459 0.3000000119
190  -16.518  -96.430  14.594 0.3000000119
354  -17.269  -95.972  16.343 0.3000000119
117  -15.453  -98.381  6.459 0.5000000000
113405  -16.146  -97.897  6.475 0.5000000000
127  -14.770  -98.340  5.690 0.5000000000
420  -16.160  -95.130  7.328 0.4000000060
691  -16.019  -94.548  6.522 0.3000000119
39  -14.604  -98.633  9.449 0.5000000000
49  -13.911  -98.620  7.681 0.6000000238
103  -16.865  -97.980  9.357 0.3000000119
110  -16.497  -97.870  8.441 0.5000000000
125759  -15.994  -98.319  7.105 0.5000000000
414  -16.942  -95.350  8.871 0.4000000060
703  -15.894  -94.195  5.741 0.3000000119
128853  -20.340  -90.989  0.777 0.3000000119
737  -24.894  -94.372  2.560 0.3000000119
1293  -17.276  -92.115  6.401 0.3000000119
115463  -19.540  -95.853  4.635 0.4000000060
260  -19.530  -96.651  4.106 0.4000000060
723  -24.522  -94.491  3.568 0.3000000119
711  -19.422  -93.705  4.481 0.5000000000
712  -19.740  -94.428  5.056 0.5000000000
452  -19.837  -95.555  5.287 0.4000000060
140  -19.754  -97.850  4.725 0.4000000060
243  -20.789  -96.878  6.945 0.4000000060
141  -20.082  -98.411  5.516 0.4000000060
444  -25.901  -96.075  5.753 0.3000000119
692  -21.112  -95.074  6.768 0.4000000060
229  -21.553  -96.883  7.517 0.4000000060
119  -22.121  -97.668  7.451 0.4000000060
131  -22.646  -98.215  7.090 0.4000000060
454  -24.310  -95.603  5.116 0.3000000119
231  -23.681  -97.049  8.082 0.3000000119
120  -23.092  -97.626  7.617 0.4000000060
246  -26.128  -96.843  7.649 0.3000000119
132  -23.398  -97.826  7.189 0.3000000119
139  -23.419  -98.023  6.589 0.3000000119
234  -26.457  -96.906  8.659 0.3000000119
19213  -8.263  -63.641  3.307 0.5000000000
125899  -26.909  -58.938  5.754 0.4000000060
24661  -26.874  -56.404  6.735 0.4000000060
25432  -26.628  -55.893  7.289 0.4000000060
23949  -8.894  -57.531  -0.651 0.4000000060
131535  -22.086  -51.797  6.436 0.4000000060
30383  -22.801  -49.352  2.683 0.3000000119
117712  -7.691  -81.566  21.903 0.6000000238
992  -20.404  -93.863  5.547 0.4000000060
993  -21.097  -93.169  5.746 0.4000000060
705  -21.049  -94.131  6.272 0.4000000060
1666  -22.235  -90.748  6.278 0.3000000119
1306  -22.329  -91.668  6.259 0.3000000119
1294  -22.319  -92.483  6.547 0.3000000119
694  -22.396  -94.048  7.379 0.4000000060
435  -21.862  -95.204  7.436 0.4000000060
2087  -23.089  -90.197  6.604 0.3000000119
1653  -23.081  -91.112  6.604 0.3000000119
1295  -22.964  -92.049  6.753 0.3000000119
125982  -22.746  -93.004  7.148 0.3000000119
678  -23.174  -94.074  7.846 0.4000000060
422  -22.749  -95.017  7.887 0.4000000060
1667  -23.861  -90.697  6.488 0.3000000119
1654  -23.661  -91.630  6.700 0.3000000119
124199  -20.503  -92.992  5.186 0.4000000060
1304  -20.960  -92.240  5.282 0.3000000119
1665  -21.517  -91.459  5.655 0.3000000119
1664  -20.642  -91.382  5.084 0.3000000119
1316  -20.124  -92.223  4.662 0.3000000119
2096  -22.206  -89.786  6.445 0.3000000119
131308  -16.629  -96.199  8.848 0.3000000119
1315  -19.315  -91.868  4.127 0.3000000119
134771  -21.223  -90.540  5.682 0.3000000119
2105  -19.497  -90.756  4.781 0.3000000119
14898  -17.168  -69.731  10.249 0.4000000060
14911  -18.167  -69.921  9.063 0.4000000060
14927  -19.261  -70.023  7.956 0.3000000119
14942  -19.626  -69.550  7.149 0.3000000119
14941  -18.765  -69.284  7.579 0.4000000060
15617  -12.813  -68.367  14.161 0.4000000060
15619  -15.411  -68.099  14.665 0.3000000119
15637  -15.760  -68.554  13.803 0.3000000119
14872  -16.005  -69.184  12.754 0.3000000119
14883  -16.990  -70.076  11.126 0.3000000119
15644  -15.602  -68.167  12.988 0.3000000119
14897  -16.533  -69.101  10.852 0.4000000060
14899  -17.895  -70.131  9.846 0.3000000119
15667  -16.874  -68.904  9.865 0.4000000060
14957  -20.432  -69.297  6.621 0.4000000060
15709  -21.205  -68.914  6.364 0.3000000119
15677  -16.673  -68.236  9.562 0.4000000060
15678  -17.146  -68.548  8.940 0.4000000060
15688  -18.152  -69.021  7.942 0.4000000060
16374  -15.913  -67.611  11.468 0.4000000060
16386  -16.176  -67.544  10.655 0.4000000060
124857  -21.827  -68.479  6.371 0.3000000119
16432  -21.190  -67.939  6.205 0.4000000060
16397  -16.464  -67.559  9.854 0.4000000060
16408  -17.219  -67.776  8.281 0.4000000060
15707  -18.889  -68.144  6.574 0.4000000060
126297  -19.649  -68.134  6.291 0.4000000060
16443  -21.672  -67.000  5.855 0.3000000119
16398  -16.812  -67.672  9.075 0.4000000060
16418  -18.284  -67.733  6.979 0.4000000060
16430  -18.693  -67.216  6.561 0.4000000060
123201  -20.836  -67.218  5.906 0.4000000060
17099  -23.684  -66.648  6.385 0.3000000119
19880  -26.825  -62.825  8.465 0.3000000119
135022  -27.400  -61.675  9.394 0.3000000119
28729  -21.476  -51.485  6.515 0.3000000119
15652  -16.023  -68.520  11.871 0.4000000060
17098  -20.126  -66.732  5.923 0.4000000060
16442  -20.930  -66.616  5.729 0.4000000060
15666  -16.428  -68.300  10.265 0.4000000060
17767  -24.925  -65.440  6.423 0.3000000119
3206  -9.130  -87.891  -12.309 0.4000000060
14850  -13.498  -68.610  14.694 0.4000000060
16366  -15.543  -67.545  12.358 0.4000000060
126330  -14.875  -67.870  14.737 0.4000000060
16336  -14.860  -67.592  14.153 0.4000000060
16354  -15.120  -67.387  13.312 0.4000000060
679  -23.754  -95.058  8.320 0.3000000119
27987  -22.731  -51.993  5.821 0.3000000119
28733  -22.523  -51.549  5.212 0.3000000119
114197  -21.154  -51.439  7.170 0.3000000119
693  -21.631  -94.349  6.904 0.4000000060
1305  -21.712  -92.386  5.925 0.3000000119
978  -21.812  -93.344  6.609 0.4000000060
1296  -23.549  -92.485  7.097 0.3000000119
1680  -19.847  -91.310  4.574 0.3000000119
14925  -17.800  -69.182  8.598 0.4000000060
14943  -20.538  -70.073  7.099 0.3000000119
14956  -19.618  -68.773  6.598 0.4000000060
15699  -18.263  -68.505  7.301 0.4000000060
15687  -17.629  -68.492  8.032 0.4000000060
113563  -20.241  -67.681  6.084 0.4000000060
28730  -21.923  -51.566  5.790 0.3000000119
12536  -13.689  -71.854  16.903 0.3000000119
12512  -13.946  -72.201  17.604 0.3000000119
12513  -14.712  -71.789  18.158 0.3000000119
12494  -15.106  -72.119  19.191 0.3000000119
13992  -15.594  -69.476  17.043 0.3000000119
4933  -6.421  -85.465  26.228 0.4000000060
14815  -15.354  -68.940  16.341 0.3000000119
14834  -14.979  -68.427  15.753 0.3000000119
12493  -14.128  -72.499  18.404 0.3000000119
15607  -15.238  -68.212  15.303 0.3000000119
16433  -22.124  -67.777  6.298 0.3000000119
13249  -15.294  -70.994  17.908 0.3000000119
129637  -16.059  -70.455  18.536 0.3000000119
118744  -15.495  -88.465  19.103 0.3000000119
2879  -16.208  -87.839  18.364 0.3000000119
2891  -16.340  -88.221  17.672 0.3000000119
2428  -16.480  -88.665  17.012 0.3000000119
893  -17.986  -94.333  16.777 0.3000000119
1990  -17.591  -90.199  15.076 0.3000000119
126396  -18.508  -91.886  16.003 0.3000000119
1225  -18.404  -92.332  15.180 0.3000000119
1  -16.339  -100.529  0.748 0.6000000238
4  -20.137  -100.179  4.848 0.4000000060
11  -20.544  -100.507  2.734 0.5000000000
15  -19.067  -100.642  2.222 0.6000000238
18  -16.160  -100.464  1.093 0.6000000238
43  -12.486  -98.569  8.783 0.6000000238
52  -21.886  -98.915  6.277 0.4000000060
59  -22.321  -99.286  4.972 0.5000000000
61  -22.076  -99.571  3.198 0.5000000000
62  -18.691  -100.468  3.513 0.6000000238
67  -22.057  -99.036  1.527 0.6000000238
69  -16.350  -100.143  1.354 0.6000000238
72  -21.423  -98.781  0.400 0.5000000000
105  -9.695  -97.727  7.610 0.6999999881
112  -9.787  -97.916  7.366 0.8000000119
118  -16.299  -97.668  7.439 0.5000000000
123  -9.808  -97.770  6.948 0.8000000119
137  -20.553  -98.415  6.158 0.4000000060
150  -18.401  -98.143  2.193 0.6999999881
164  -21.478  -97.585  -0.357 0.6000000238
170  -16.664  -98.457  -1.499 0.5000000000
175  -18.260  -97.805  -2.612 0.5000000000
183  -20.314  -97.603  -5.197 0.6000000238
201  -15.434  -96.833  13.198 0.3000000119
205  -14.457  -96.965  11.950 0.4000000060
227  -16.247  -97.080  6.770 0.5000000000
233  -25.599  -96.970  8.543 0.3000000119
235  -27.925  -96.367  8.684 0.3000000119
251  -13.483  -97.096  5.125 0.5000000000
257  -27.711  -96.289  6.851 0.3000000119
265  -14.872  -96.962  3.641 0.5000000000
274  -18.944  -97.326  2.408 0.5000000000
280  -15.716  -96.721  0.284 0.6999999881
297  -21.048  -97.181  -1.687 0.5000000000
327  -20.705  -97.971  -7.002 0.6999999881
333  -21.709  -96.734  -7.508 0.5000000000
341  -14.773  -95.527  -9.825 0.4000000060
343  -14.891  -95.312  -10.392 0.4000000060
344  -15.173  -95.403  -10.040 0.4000000060
362  -17.624  -96.180  16.427 0.3000000119
421  -21.839  -96.178  7.682 0.4000000060
432  -16.015  -95.384  6.440 0.5000000000
443  -24.898  -96.065  5.961 0.3000000119
448  -12.866  -95.437  4.416 0.6999999881
455  -25.149  -95.605  5.234 0.3000000119
474  -18.697  -95.179  2.160 0.4000000060
499  -17.842  -95.285  0.857 0.5000000000
505  -13.813  -95.801  -0.275 0.8000000119
508  -15.895  -95.637  -0.184 0.5000000000
515  -20.607  -96.218  -1.272 0.4000000060
538  -21.307  -95.958  -5.775 0.5000000000
547  -20.209  -96.548  -8.146 0.6000000238
561  -21.493  -95.224  -10.028 0.4000000060
565  -14.200  -95.574  -9.633 0.4000000060
570  -13.871  -95.352  -10.261 0.4000000060
572  -15.503  -95.111  -10.450 0.4000000060
575  -14.303  -94.993  -10.699 0.4000000060
577  -15.456  -94.769  -11.118 0.6000000238
579  -14.734  -94.644  -11.144 0.5000000000
580  -15.169  -94.534  -11.681 0.6000000238
582  -16.105  -94.235  -12.485 0.5000000000
586  -10.216  -94.442  19.756 0.6999999881
587  -11.135  -94.485  19.686 0.6999999881
591  -9.697  -94.348  18.476 0.8000000119
654  -13.896  -94.182  10.056 0.6000000238
658  -6.928  -94.250  9.300 0.5000000000
687  -8.657  -95.723  6.587 0.6000000238
699  -9.583  -94.473  5.610 0.6999999881
751  -14.812  -94.230  1.107 0.5000000000
765  -16.349  -94.877  0.106 0.5000000000
809  -17.784  -94.243  -6.407 0.5000000000
817  -19.758  -95.228  -9.224 0.5000000000
828  -21.687  -94.368  -9.599 0.4000000060
833  -10.276  -94.465  -9.383 0.6000000238
835  -20.327  -94.362  -10.680 0.5000000000
836  -21.564  -94.829  -10.631 0.4000000060
837  -21.756  -94.215  -10.604 0.4000000060
839  -9.671  -93.600  -10.422 0.6000000238
841  -12.397  -94.760  -9.989 0.4000000060
845  -21.526  -94.387  -11.279 0.4000000060
846  -22.021  -93.944  -10.806 0.4000000060
854  -15.039  -94.206  -12.399 0.5000000000
855  -15.738  -94.206  -12.703 0.5000000000
856  -14.772  -93.967  -12.648 0.5000000000
857  -15.052  -93.991  -13.053 0.4000000060
858  -15.417  -93.985  -13.175 0.4000000060
860  -15.068  -93.755  -13.546 0.5000000000
861  -15.416  -93.679  -13.765 0.5000000000
862  -15.994  -93.433  -14.095 0.4000000060
871  -13.334  -93.402  20.428 0.6999999881
891  -12.353  -94.024  16.411 0.8000000119
892  -12.872  -93.428  16.200 0.6999999881
979  -22.927  -93.568  7.537 0.3000000119
986  -8.143  -93.570  5.228 0.5000000000
1002  -9.965  -93.526  4.109 0.6999999881
1005  -15.887  -93.832  3.995 0.4000000060
1008  -19.923  -93.360  4.856 0.4000000060
1036  -24.185  -93.707  2.158 0.3000000119
1109  -18.352  -93.813  -8.134 0.5000000000
1120  -17.753  -92.866  -8.189 0.4000000060
1134  -19.142  -92.922  -10.113 0.5000000000
1145  -11.502  -93.830  -10.198 0.6999999881
1150  -20.656  -94.123  -11.414 0.4000000060
1151  -21.748  -93.315  -10.868 0.4000000060
1159  -16.429  -94.126  -11.608 0.4000000060
1161  -19.737  -93.035  -11.193 0.5000000000
1162  -20.637  -93.768  -11.876 0.4000000060
1163  -21.475  -93.540  -11.897 0.4000000060
1168  -10.741  -92.496  -12.520 0.5000000000
1172  -20.915  -93.007  -12.850 0.4000000060
1173  -10.353  -92.451  -13.070 0.6000000238
1175  -16.478  -93.427  -13.683 0.4000000060
1178  -15.887  -92.920  -14.830 0.4000000060
1180  -16.715  -92.980  -14.123 0.4000000060
1185  -13.612  -92.654  22.130 0.6000000238
1194  -13.684  -92.958  20.801 0.6000000238
1229  -9.659  -92.567  14.908 0.6999999881
1247  -5.420  -91.882  13.405 0.6000000238
1265  -16.010  -92.552  11.996 0.5000000000
1412  -16.941  -92.637  -7.908 0.5000000000
1430  -11.603  -92.732  -9.533 0.6999999881
1433  -16.677  -92.578  -9.074 0.4000000060
1436  -18.408  -91.682  -9.781 0.5000000000
1443  -16.686  -92.614  -9.805 0.4000000060
1444  -17.687  -91.591  -9.748 0.4000000060
1469  -17.222  -92.048  -13.127 0.4000000060
1470  -20.268  -92.590  -12.169 0.4000000060
1473  -9.790  -92.275  -13.575 0.5000000000
1474  -10.528  -92.284  -13.858 0.5000000000
1475  -14.198  -93.059  -13.608 0.6999999881
1478  -13.974  -92.540  -14.383 0.6999999881
1479  -14.550  -92.679  -14.811 0.5000000000
1481  -16.276  -92.524  -15.095 0.4000000060
1482  -16.661  -92.503  -14.817 0.4000000060
1483  -14.980  -92.319  -15.498 0.6000000238
1489  -15.150  -91.504  25.248 0.4000000060
1494  -9.125  -91.068  24.105 0.6999999881
1495  -9.611  -91.032  24.257 0.6000000238
1499  -15.122  -91.826  24.465 0.4000000060
1514  -9.327  -92.064  23.096 0.6999999881
1516  -13.342  -92.366  22.790 0.6000000238
1523  -8.996  -91.883  21.623 0.8000000119
1569  -18.124  -91.348  14.604 0.4000000060
1652  -18.303  -90.881  5.965 0.3000000119
1677  -17.649  -91.454  4.636 0.3000000119
1722  -22.175  -91.902  1.456 0.3000000119
1800  -13.339  -91.464  -7.513 0.5000000000
1810  -11.623  -91.816  -9.071 0.6999999881
1812  -13.419  -91.773  -8.091 0.6000000238
1831  -13.927  -92.666  -10.575 0.6999999881
1841  -11.440  -91.752  -12.236 0.6999999881
1851  -17.747  -90.688  -12.489 0.4000000060
1852  -19.669  -91.186  -11.772 0.5000000000
1868  -9.229  -91.135  -14.219 0.5000000000
1869  -9.840  -91.507  -14.420 0.5000000000
1870  -10.582  -91.892  -14.335 0.8000000119
1871  -10.920  -91.516  -14.225 0.8000000119
1877  -16.822  -91.209  -15.372 0.5000000000
1905  -15.139  -91.181  25.966 0.3000000119
1906  -15.462  -90.601  25.805 0.4000000060
1920  -8.872  -90.922  23.927 0.6999999881
1974  -11.455  -90.690  17.205 0.8999999762
1991  -18.075  -90.679  15.039 0.3000000119
2145  -19.795  -90.523  0.379 0.3000000119
2146  -20.585  -90.444  0.505 0.3000000119
2224  -13.118  -90.955  -6.865 0.5000000000
2249  -11.106  -90.878  -10.318 0.6999999881
2260  -19.013  -90.374  -11.695 0.5000000000
2281  -10.931  -90.724  -14.084 0.8000000119
2282  -11.303  -91.295  -13.695 0.6999999881
2304  -15.448  -91.102  -16.057 0.5000000000
2305  -16.044  -90.496  -16.042 0.6000000238
2353  -9.440  -89.802  25.024 0.6000000238
2387  -10.354  -90.088  21.370 0.8999999762
2433  -16.702  -89.082  16.320 0.3000000119
2602  -19.782  -89.517  -1.566 0.3000000119
2681  -11.649  -90.207  -9.042 0.6999999881
2715  -11.504  -89.560  -13.495 0.6999999881
2718  -10.408  -90.250  -14.062 0.8000000119
2813  -9.485  -89.226  26.689 0.6000000238
2829  -9.462  -88.368  24.274 0.6000000238
2877  -13.144  -87.824  18.251 0.6000000238
3176  -12.120  -87.824  -9.304 0.6000000238
3200  -11.508  -88.685  -11.861 0.6999999881
3214  -9.429  -87.755  -12.918 0.5000000000
3750  -9.745  -86.954  -13.427 0.6000000238
3824  -9.605  -86.647  30.961 0.3000000119
3860  -11.134  -86.384  24.403 0.6000000238
3884  -11.958  -86.282  22.005 0.8999999762
4423  -11.866  -85.946  23.379 0.6999999881
4744  -5.658  -85.322  -7.010 0.5000000000
4780  -11.961  -85.093  -11.352 0.6999999881
4815  -10.759  -85.604  -15.126 0.8000000119
4816  -11.532  -85.147  -14.075 0.8000000119
4828  -11.120  -84.782  -15.299 0.8000000119
4906  -10.262  -85.092  27.300 0.6000000238
4952  -12.175  -84.381  23.181 0.8000000119
4955  -7.527  -85.678  22.691 0.5000000000
4966  -13.439  -84.612  20.591 0.8999999762
5263  -3.346  -84.506  -4.972 0.4000000060
5280  -3.293  -83.457  -5.374 0.5000000000
5298  -4.658  -84.927  -6.785 0.4000000060
5299  -9.892  -83.894  -6.630 0.5000000000
5338  -5.439  -84.209  -8.259 0.6000000238
5355  -6.887  -84.447  -9.400 0.6000000238
5387  -7.164  -85.026  -14.299 0.5000000000
5401  -6.960  -84.122  -14.416 0.8000000119
5417  -9.419  -84.193  -15.017 0.8000000119
5479  -9.704  -83.709  28.300 0.6000000238
5486  -4.800  -83.247  28.471 0.6000000238
5487  -4.859  -83.236  28.542 0.6000000238
5496  -4.913  -83.624  28.133 0.6000000238
5497  -5.210  -83.567  28.226 0.6000000238
5510  -5.762  -84.197  27.696 0.6000000238
5513  -10.493  -84.258  25.473 0.8000000119
5528  -10.206  -83.710  24.751 0.8000000119
5556  -12.064  -83.598  22.675 1.0000000000
5561  -7.921  -84.152  21.503 0.5000000000
5780  -7.163  -83.271  -0.002 0.6000000238
5781  -8.152  -83.304  -0.193 0.6000000238
5787  -6.663  -83.438  -1.147 0.6000000238
5799  -6.229  -83.479  -2.116 0.6000000238
5801  -7.995  -83.275  -1.500 0.6000000238
5813  -3.140  -83.281  -3.262 0.5000000000
5814  -5.808  -83.325  -3.287 0.6000000238
5815  -7.624  -83.345  -2.217 0.6000000238
5829  -5.777  -83.031  -4.311 0.6000000238
5830  -6.361  -83.411  -3.621 0.6000000238
5831  -7.014  -83.416  -3.585 0.6000000238
5845  -3.302  -82.288  -5.129 0.6999999881
5875  -3.768  -82.278  -6.206 0.6000000238
5876  -3.740  -83.322  -6.710 0.6999999881
5899  -9.597  -83.377  -7.337 0.5000000000
5914  -4.122  -82.850  -8.103 0.6000000238
5961  -10.829  -82.796  -11.417 0.6000000238
5962  -11.514  -83.393  -11.691 0.6000000238
5972  -6.866  -83.434  -14.019 0.8000000119
5982  -9.959  -83.456  -14.681 0.6999999881
5983  -10.976  -83.550  -14.655 0.6999999881
6084  -4.958  -82.740  28.842 0.6000000238
6090  -4.742  -83.180  28.510 0.6000000238
6091  -4.820  -82.869  28.794 0.6000000238
6101  -9.666  -82.459  25.771 0.6999999881
6108  -4.490  -82.981  26.387 0.6000000238
6136  -11.963  -82.882  21.992 1.0000000000
6148  -11.941  -82.176  21.221 0.8999999762
6162  -13.653  -82.915  20.090 0.8999999762
6170  -9.246  -82.450  19.778 0.6999999881
6361  -5.897  -82.488  0.000 0.6000000238
6384  -8.777  -82.724  -1.161 0.6000000238
6419  -5.146  -82.197  -4.338 0.6000000238
6431  -3.811  -81.320  -5.398 0.6999999881
6432  -4.145  -81.180  -5.196 0.6999999881
6434  -6.956  -82.599  -5.027 0.6000000238
6449  -6.246  -82.065  -5.724 0.6000000238
6493  -4.100  -82.151  -8.554 0.6000000238
6495  -9.438  -82.530  -8.572 0.5000000000
6509  -5.903  -82.866  -10.368 0.6000000238
6510  -9.873  -82.529  -10.068 0.6000000238
6511  -10.389  -82.854  -10.624 0.6000000238
6534  -6.547  -82.375  -11.454 0.6999999881
6536  -10.652  -82.206  -12.020 0.6000000238
6543  -8.862  -82.112  -13.341 0.6999999881
6545  -11.180  -83.068  -13.408 0.6999999881
6555  -9.285  -82.731  -14.028 0.6999999881
6629  -9.686  -82.104  32.347 0.4000000060
6647  -10.428  -81.331  29.403 0.5000000000
6705  -7.418  -81.535  23.772 0.8000000119
6733  -8.072  -80.651  21.450 0.8000000119
6750  -8.725  -81.434  20.488 0.6999999881
6753  -11.434  -81.749  20.506 0.8999999762
6943  -7.322  -80.886  3.507 0.6000000238
6951  -5.940  -80.759  2.786 0.6000000238
6999  -4.829  -80.755  -2.449 0.6000000238
7001  -7.961  -81.385  -2.059 0.6000000238
7012  -2.779  -79.980  -4.057 0.6999999881
7030  -7.748  -82.158  -3.461 0.6000000238
7046  -4.719  -81.483  -5.724 0.6999999881
7067  -10.213  -80.999  -5.293 0.4000000060
7081  -5.768  -81.026  -6.609 0.6000000238
7107  -4.190  -81.247  -8.957 0.6999999881
7121  -9.208  -81.242  -9.643 0.6000000238
7152  -8.488  -81.193  -11.702 0.6999999881
7166  -8.673  -81.719  -12.530 0.6999999881
7244  -12.141  -79.835  31.926 0.4000000060
7250  -11.188  -80.807  29.648 0.5000000000
7251  -11.937  -80.219  30.089 0.4000000060
7264  -5.707  -80.238  29.471 0.8000000119
7290  -10.836  -79.568  25.169 0.8000000119
7298  -10.234  -80.138  23.644 0.8000000119
7299  -10.533  -79.839  24.424 0.8000000119
7332  -9.957  -80.833  20.784 0.8000000119
7472  -6.052  -79.687  9.840 0.5000000000
7514  -3.724  -80.129  5.077 0.5000000000
7520  -6.808  -79.352  4.289 0.6000000238
7534  -3.163  -80.078  2.860 0.6000000238
7548  -5.534  -79.900  2.633 0.6000000238
7589  -2.511  -79.167  -1.513 0.6999999881
7608  -2.538  -79.927  -2.181 0.6999999881
7609  -4.404  -79.494  -3.019 0.6999999881
7624  -3.937  -79.345  -3.933 0.6999999881
7625  -7.676  -81.212  -2.778 0.6000000238
7678  -9.630  -80.531  -6.555 0.5000000000
7693  -6.029  -80.170  -7.422 0.6000000238
7694  -9.079  -80.899  -8.070 0.5000000000
7718  -5.732  -79.899  -10.061 0.6999999881
7719  -8.894  -80.383  -9.950 0.6000000238
7737  -8.447  -80.152  -11.037 0.6000000238
7738  -8.728  -80.084  -10.704 0.6000000238
7845  -5.922  -78.791  30.458 0.5000000000
7855  -5.808  -79.478  30.213 0.5000000000
7856  -5.873  -80.013  30.034 0.5000000000
7882  -11.333  -78.874  26.483 0.6999999881
7894  -10.952  -78.952  25.195 0.8000000119
7913  -5.311  -79.583  23.565 0.5000000000
7914  -8.007  -79.498  23.192 0.8000000119
7915  -8.592  -78.981  23.640 0.8000000119
7926  -8.248  -79.550  22.461 0.8000000119
7936  -8.846  -79.476  22.058 0.8000000119
8077  -7.313  -78.874  9.240 0.6999999881
8114  -3.080  -78.904  3.287 0.6000000238
8169  -2.657  -78.566  -0.885 0.8000000119
8171  -3.863  -78.811  -0.709 0.6999999881
8188  -3.240  -78.857  -2.960 0.8000000119
8198  -2.893  -78.898  -2.723 0.8000000119
8199  -3.463  -79.037  -3.654 0.6999999881
8211  -7.204  -79.402  -4.178 0.6000000238
8220  -9.802  -78.928  -4.690 0.5000000000
8230  -6.736  -79.298  -6.148 0.6000000238
8231  -7.004  -78.609  -5.467 0.6000000238
8253  -5.742  -79.880  -8.109 0.6999999881
8254  -6.406  -79.097  -7.616 0.6000000238
8255  -8.301  -78.337  -7.590 0.6000000238
8294  -5.254  -79.942  -9.432 0.6999999881
8312  -8.089  -79.399  -10.851 0.6000000238
8427  -13.088  -78.103  32.785 0.3000000119
8456  -5.677  -78.839  29.783 0.5000000000
8461  -10.724  -78.264  28.713 0.5000000000
8462  -11.413  -78.633  28.230 0.6000000238
8486  -10.954  -78.574  26.672 0.6999999881
8514  -9.972  -78.584  24.521 0.8000000119
8525  -9.396  -78.844  23.260 0.8000000119
8527  -10.373  -78.797  24.266 0.8000000119
8697  -4.932  -77.691  6.314 0.8000000119
8714  -6.296  -78.098  4.377 0.6000000238
8729  -4.976  -78.027  3.227 0.6000000238
8760  -2.823  -77.926  0.355 0.8000000119
8780  -3.475  -78.231  -0.059 0.6999999881
8792  -3.213  -78.330  -0.836 0.8000000119
8833  -8.448  -78.308  -3.618 0.6000000238
8834  -9.328  -78.254  -3.345 0.5000000000
8851  -7.226  -77.994  -5.815 0.6000000238
8861  -6.773  -78.169  -7.129 0.6000000238
8864  -8.834  -78.528  -5.884 0.6000000238
8878  -6.968  -77.796  -7.730 0.6000000238
8879  -7.414  -77.751  -7.742 0.6000000238
8889  -6.864  -78.035  -8.411 0.6000000238
8900  -6.969  -78.211  -9.169 0.6000000238
8902  -8.105  -78.298  -9.773 0.6000000238
8915  -8.018  -78.716  -10.667 0.6000000238
9052  -9.362  -76.569  30.871 0.4000000060
9054  -11.345  -76.710  31.610 0.4000000060
9062  -6.251  -77.945  30.485 0.5000000000
9063  -6.960  -77.417  30.776 0.5000000000
9076  -6.167  -77.654  29.668 0.5000000000
9086  -5.498  -77.554  28.087 0.6000000238
9262  -5.738  -78.384  10.592 0.5000000000
9264  -7.743  -77.943  10.035 0.8000000119
9288  -8.715  -77.498  7.513 0.6000000238
9300  -7.225  -76.697  6.630 0.6999999881
9309  -4.296  -76.832  4.975 0.8000000119
9310  -4.967  -76.512  5.149 0.6999999881
9335  -4.265  -76.898  3.632 0.6999999881
9336  -4.598  -77.028  3.555 0.6999999881
9363  -3.329  -77.792  1.584 0.8000000119
9677  -9.165  -76.042  30.723 0.4000000060
9690  -8.637  -75.851  30.410 0.4000000060
9692  -10.389  -75.621  30.563 0.4000000060
9703  -8.475  -75.430  29.257 0.4000000060
9747  -10.148  -75.834  24.178 0.3000000119
9757  -5.334  -73.974  25.482 0.5000000000
9759  -7.853  -76.386  23.527 0.5000000000
9762  -10.831  -75.932  22.957 0.3000000119
9773  -10.193  -76.333  22.179 0.5000000000
9787  -8.744  -76.151  21.215 0.5000000000
9801  -10.179  -76.218  20.768 0.5000000000
9933  -8.102  -76.656  9.896 0.6999999881
9947  -9.046  -76.688  6.812 0.6000000238
9958  -7.616  -75.917  6.047 0.6000000238
9970  -5.641  -76.149  5.026 0.6999999881
9983  -6.178  -76.039  4.800 0.6000000238
9984  -7.594  -76.215  4.756 0.6000000238
10382  -8.703  -75.394  29.682 0.4000000060
10396  -11.003  -75.163  28.418 0.3000000119
10405  -10.330  -75.079  27.685 0.4000000060
10418  -11.041  -75.272  26.640 0.3000000119
10428  -4.863  -74.694  26.461 0.6000000238
10457  -12.366  -75.389  23.536 0.3000000119
10497  -12.348  -75.538  20.526 0.4000000060
10499  -14.589  -74.496  21.212 0.3000000119
10509  -11.945  -75.342  20.256 0.4000000060
10670  -7.980  -75.790  5.545 0.6000000238
10678  -8.279  -75.888  5.219 0.6000000238
11113  -5.192  -73.233  24.569 0.6999999881
11157  -10.198  -74.806  20.188 0.5000000000
11171  -10.071  -74.125  20.117 0.5000000000
11172  -11.573  -74.279  19.858 0.5000000000
11768  -5.341  -72.911  24.098 0.6999999881
11824  -14.917  -72.983  19.769 0.3000000119
11838  -9.970  -73.402  18.695 0.5000000000
11859  -12.002  -73.320  17.959 0.5000000000
12013  -3.802  -73.630  7.577 0.6000000238
12015  -5.207  -73.686  7.193 0.8000000119
12464  -4.698  -71.582  20.890 0.6000000238
12465  -5.392  -71.263  21.398 0.6999999881
12466  -6.924  -71.728  21.274 0.8000000119
13248  -14.435  -71.464  17.355 0.3000000119
13267  -10.881  -71.509  15.975 0.5000000000
13268  -12.202  -71.780  16.102 0.5000000000
13289  -10.318  -71.051  15.683 0.5000000000
13290  -11.645  -71.396  15.718 0.5000000000
13445  -5.686  -71.698  5.027 0.6000000238
13956  -4.566  -69.591  18.880 0.6999999881
13969  -3.999  -69.543  18.065 0.8000000119
13973  -15.000  -70.527  17.200 0.3000000119
13990  -13.915  -70.519  16.100 0.5000000000
14008  -8.571  -70.248  15.655 0.6999999881
14009  -9.837  -70.580  15.388 0.6000000238
14013  -13.616  -70.047  15.490 0.4000000060
14027  -9.229  -70.053  15.033 0.6000000238
14846  -9.773  -69.516  14.510 0.6000000238
14851  -14.494  -67.988  15.015 0.3000000119
14863  -10.229  -69.049  14.145 0.6000000238
14882  -16.393  -69.663  11.831 0.3000000119
14910  -17.451  -69.433  9.406 0.4000000060
14926  -18.480  -69.664  8.294 0.3000000119
15618  -13.685  -67.694  14.421 0.4000000060
15636  -15.345  -67.889  13.858 0.4000000060
15700  -18.995  -68.855  7.006 0.4000000060
15708  -20.366  -68.485  6.315 0.3000000119
16323  -3.709  -67.609  15.468 0.6000000238
16324  -4.377  -67.132  15.633 0.6999999881
16325  -5.484  -66.943  15.661 0.6999999881
16349  -10.848  -67.579  13.245 0.6000000238
16351  -12.623  -67.256  13.663 0.6000000238
16352  -14.005  -66.786  14.001 0.5000000000
16417  -17.717  -67.774  7.525 0.4000000060
16431  -19.414  -67.428  6.218 0.4000000060
16447  -5.409  -67.547  4.108 0.6000000238
17006  -13.752  -66.436  13.705 0.6000000238
17020  -12.506  -66.109  13.083 0.6000000238
17032  -15.316  -66.335  11.696 0.6000000238
17083  -18.093  -66.899  7.186 0.4000000060
17097  -19.248  -66.512  6.288 0.5000000000
17694  -14.247  -65.402  12.174 0.6000000238
17703  -12.101  -65.029  12.126 0.6000000238
17714  -15.955  -65.828  10.251 0.6000000238
17738  -17.740  -65.521  8.452 0.6000000238
17765  -21.344  -64.778  6.126 0.5000000000
17780  -22.691  -65.329  5.751 0.5000000000
18408  -17.619  -64.569  8.788 0.5000000000
19124  -15.456  -62.752  9.441 0.5000000000
19139  -18.430  -63.707  8.621 0.5000000000
19160  -23.095  -62.455  7.919 0.6000000238
19162  -25.588  -63.359  7.383 0.5000000000
19852  -13.443  -61.981  10.284 0.5000000000
19878  -17.875  -61.989  8.863 0.6000000238
19881  -27.228  -62.197  8.967 0.3000000119
20637  -11.132  -60.822  12.084 0.6000000238
20675  -15.631  -60.933  9.089 0.6000000238
20702  -23.491  -61.850  7.551 0.5000000000
21445  -11.216  -60.517  11.610 0.6000000238
21458  -11.615  -59.890  11.087 0.6000000238
22295  -27.177  -58.883  6.268 0.4000000060
110658  -12.597  -101.160  1.075 0.6000000238
110661  -12.710  -100.843  1.470 0.6000000238
110662  -14.308  -100.946  0.619 0.6000000238
110675  -10.962  -100.406  1.348 0.6000000238
111416  -14.392  -100.885  1.177 0.6000000238
112338  -13.548  -91.151  -14.868 0.6000000238
112413  -16.189  -68.240  10.997 0.4000000060
112774  -12.287  -85.013  -12.723 0.6999999881
112881  -19.426  -96.339  -7.290 0.6000000238
112909  -7.087  -83.852  -11.397 0.6000000238
113122  -13.329  -94.140  -10.556 0.6999999881
113523  -9.474  -82.121  -9.369 0.6000000238
114385  -12.256  -68.053  13.698 0.6000000238
114541  -13.451  -91.355  -13.221 0.6999999881
114917  -12.556  -88.681  18.843 0.8000000119
115066  -13.647  -92.434  -9.631 0.6999999881
115182  -7.473  -79.806  26.777 0.8000000119
115675  -8.663  -79.095  -8.188 0.5000000000
115822  -18.951  -89.811  -12.725 0.5000000000
115831  -9.474  -86.742  30.249 0.4000000060
115875  -11.312  -89.116  -11.053 0.6999999881
115939  -11.431  -91.750  -13.140 0.6999999881
116394  -15.550  -91.106  23.313 0.4000000060
116452  -10.569  -84.906  -9.476 0.6000000238
116990  -15.745  -88.901  17.552 0.4000000060
117051  -12.913  -75.655  20.944 0.4000000060
117073  -19.589  -100.603  4.384 0.5000000000
117295  -11.514  -98.098  9.445 0.6999999881
117310  -9.879  -81.882  29.266 0.6000000238
117412  -8.203  -82.485  20.637 0.6999999881
117536  -15.622  -89.940  24.122 0.3000000119
117795  -19.085  -92.338  -10.332 0.5000000000
117838  -20.676  -97.356  -4.706 0.6999999881
117909  -6.393  -79.236  -9.447 0.6999999881
117969  -9.476  -76.600  9.609 0.5000000000
119351  -11.645  -80.339  33.295 0.3000000119
119816  -7.100  -76.670  29.686 0.5000000000
119886  -11.432  -86.277  23.858 0.6999999881
120007  -10.571  -81.242  30.206 0.5000000000
120158  -13.493  -92.133  -8.803 0.6999999881
120677  -11.218  -87.922  -13.743 0.8000000119
120892  -8.757  -76.380  21.791 0.5000000000
121044  -19.317  -90.050  -1.958 0.3000000119
122207  -16.401  -92.927  12.190 0.5000000000
122570  -9.427  -97.148  7.683 0.6999999881
122616  -20.797  -93.328  -12.235 0.4000000060
122737  -13.111  -91.339  -7.291 0.5000000000
122836  -12.881  -74.362  19.816 0.4000000060
123169  -3.416  -77.983  4.487 0.8000000119
123229  -4.556  -80.450  -9.249 0.6999999881
123621  -6.978  -75.804  4.886 0.6000000238
123792  -8.061  -74.562  8.323 0.5000000000
123793  -6.574  -83.493  -10.563 0.6000000238
124085  -9.098  -88.386  26.450 0.6000000238
124214  -17.065  -92.023  3.611 0.5000000000
124637  -13.513  -85.013  20.006 0.8000000119
124727  -17.061  -92.701  2.445 0.6000000238
125484  -16.465  -93.606  1.267 0.5000000000
125495  -8.742  -79.978  -9.360 0.6000000238
125835  -8.476  -77.040  30.873 0.4000000060
125904  -9.613  -87.120  30.426 0.3000000119
125926  -12.632  -82.404  20.865 0.8999999762
126106  -10.565  -97.671  6.878 0.6999999881
126130  -13.370  -98.639  8.562 0.6000000238
126242  -5.385  -77.053  9.845 0.6000000238
126292  -9.339  -84.284  31.333 0.4000000060
126647  -12.746  -97.043  0.147 0.6999999881
126743  -14.974  -100.854  1.197 0.6999999881
127467  -11.764  -88.549  -9.750 0.6999999881
127679  -6.288  -92.491  14.354 0.6999999881
127687  -11.009  -84.193  -15.364 0.6999999881
128022  -7.244  -79.995  -3.679 0.6000000238
128296  -7.173  -84.505  -13.019 0.6999999881
128471  -2.977  -78.751  -2.268 0.8000000119
128481  -17.030  -92.054  -14.570 0.4000000060
128518  -16.124  -100.594  0.133 0.6000000238
128635  -12.102  -85.911  -11.340 0.6000000238
128699  -21.647  -97.388  0.435 0.4000000060
128739  -18.067  -95.437  -5.203 0.5000000000
128834  -12.441  -94.659  9.500 0.8000000119
129091  -21.349  -94.075  -8.976 0.4000000060
129179  -5.923  -80.182  3.199 0.6000000238
129344  -2.924  -78.533  -1.383 0.8000000119
129371  -7.372  -76.130  24.223 0.6000000238
129372  -3.627  -77.335  3.193 0.8000000119
129559  -4.752  -74.911  23.912 0.6999999881
129635  -21.409  -66.122  5.631 0.5000000000
129928  -10.157  -81.285  20.366 0.8000000119
129979  -14.297  -98.687  8.300 0.6000000238
130054  -6.107  -80.628  -6.941 0.6000000238
130455  -10.398  -84.727  26.664 0.6000000238
130464  -9.763  -62.581  13.112 0.6999999881
130647  -19.709  -97.591  -4.999 0.6000000238
130663  -8.830  -75.191  29.155 0.4000000060
130700  -8.783  -95.230  10.932 0.6999999881
131005  -3.929  -77.053  3.126 0.8000000119
131487  -16.743  -92.697  -8.181 0.4000000060
131488  -18.463  -93.879  2.808 0.4000000060
131531  -9.201  -76.091  26.118 0.5000000000
131538  -10.668  -84.840  26.066 0.6000000238
131682  -13.171  -90.306  -6.634 0.4000000060
131712  -11.326  -90.487  19.863 0.8999999762
131966  -6.472  -82.811  0.245 0.6000000238
132051  -16.035  -97.794  -1.435 0.5000000000
132103  -27.427  -58.905  8.106 0.5000000000
132110  -12.316  -87.470  20.271 1.0000000000
132285  -17.432  -66.344  8.341 0.6000000238
132569  -10.685  -75.334  26.159 0.3000000119
132609  -14.223  -85.462  18.414 0.6000000238
133005  -9.573  -67.312  13.407 0.8000000119
133244  -10.260  -96.053  8.756 0.8000000119
133258  -7.933  -63.799  3.493 0.5000000000
133263  -13.818  -92.620  18.592 0.6000000238
133650  -18.194  -90.687  -11.072 0.5000000000
133923  -11.929  -89.517  -8.751 0.6999999881
134149  -15.285  -95.426  -0.315 0.8000000119
134314  -11.161  -88.475  21.625 0.8999999762
134381  -18.527  -90.780  5.266 0.3000000119
134446  -27.272  -96.813  8.822 0.3000000119
134494  -16.534  -91.788  -15.604 0.5000000000
134540  -6.926  -83.391  -0.568 0.6000000238
134574  -23.119  -89.468  6.514 0.3000000119
134630  -4.023  -81.269  -8.146 0.6999999881
135097  -5.048  -77.285  23.505 0.6999999881
135241  -7.978  -78.281  -10.260 0.6000000238
135280  -18.819  -91.133  -10.715 0.5000000000
