global_signal	global_signal_derivative1	global_signal_derivative1_power2	global_signal_power2	csf	csf_derivative1	csf_derivative1_power2	csf_power2	white_matter	white_matter_derivative1	white_matter_power2	white_matter_derivative1_power2	csf_wm	tcompcor	std_dvars	dvars	framewise_displacement	rmsd	t_comp_cor_00	t_comp_cor_01	t_comp_cor_02	t_comp_cor_03	t_comp_cor_04	t_comp_cor_05	c_comp_cor_00	c_comp_cor_01	c_comp_cor_02	c_comp_cor_03	c_comp_cor_04	c_comp_cor_05	c_comp_cor_06	c_comp_cor_07	c_comp_cor_08	c_comp_cor_09	c_comp_cor_10	c_comp_cor_11	c_comp_cor_12	c_comp_cor_13	c_comp_cor_14	c_comp_cor_15	c_comp_cor_16	c_comp_cor_17	c_comp_cor_18	c_comp_cor_19	c_comp_cor_20	c_comp_cor_21	c_comp_cor_22	c_comp_cor_23	c_comp_cor_24	c_comp_cor_25	c_comp_cor_26	c_comp_cor_27	c_comp_cor_28	c_comp_cor_29	c_comp_cor_30	c_comp_cor_31	c_comp_cor_32	c_comp_cor_33	c_comp_cor_34	c_comp_cor_35	c_comp_cor_36	w_comp_cor_00	w_comp_cor_01	w_comp_cor_02	w_comp_cor_03	w_comp_cor_04	w_comp_cor_05	w_comp_cor_06	w_comp_cor_07	w_comp_cor_08	w_comp_cor_09	w_comp_cor_10	w_comp_cor_11	w_comp_cor_12	w_comp_cor_13	w_comp_cor_14	w_comp_cor_15	w_comp_cor_16	w_comp_cor_17	w_comp_cor_18	w_comp_cor_19	w_comp_cor_20	w_comp_cor_21	w_comp_cor_22	w_comp_cor_23	w_comp_cor_24	w_comp_cor_25	w_comp_cor_26	w_comp_cor_27	w_comp_cor_28	w_comp_cor_29	w_comp_cor_30	w_comp_cor_31	w_comp_cor_32	w_comp_cor_33	w_comp_cor_34	w_comp_cor_35	w_comp_cor_36	w_comp_cor_37	w_comp_cor_38	w_comp_cor_39	w_comp_cor_40	w_comp_cor_41	w_comp_cor_42	w_comp_cor_43	w_comp_cor_44	w_comp_cor_45	w_comp_cor_46	w_comp_cor_47	w_comp_cor_48	w_comp_cor_49	w_comp_cor_50	w_comp_cor_51	w_comp_cor_52	w_comp_cor_53	a_comp_cor_00	a_comp_cor_01	a_comp_cor_02	a_comp_cor_03	a_comp_cor_04	a_comp_cor_05	a_comp_cor_06	a_comp_cor_07	a_comp_cor_08	a_comp_cor_09	a_comp_cor_10	a_comp_cor_11	a_comp_cor_12	a_comp_cor_13	a_comp_cor_14	a_comp_cor_15	a_comp_cor_16	a_comp_cor_17	a_comp_cor_18	a_comp_cor_19	a_comp_cor_20	a_comp_cor_21	a_comp_cor_22	a_comp_cor_23	a_comp_cor_24	a_comp_cor_25	a_comp_cor_26	a_comp_cor_27	a_comp_cor_28	a_comp_cor_29	a_comp_cor_30	a_comp_cor_31	a_comp_cor_32	a_comp_cor_33	a_comp_cor_34	a_comp_cor_35	a_comp_cor_36	a_comp_cor_37	a_comp_cor_38	a_comp_cor_39	a_comp_cor_40	a_comp_cor_41	a_comp_cor_42	a_comp_cor_43	a_comp_cor_44	a_comp_cor_45	a_comp_cor_46	a_comp_cor_47	a_comp_cor_48	a_comp_cor_49	a_comp_cor_50	a_comp_cor_51	a_comp_cor_52	a_comp_cor_53	a_comp_cor_54	a_comp_cor_55	a_comp_cor_56	a_comp_cor_57	a_comp_cor_58	a_comp_cor_59	a_comp_cor_60	a_comp_cor_61	a_comp_cor_62	a_comp_cor_63	a_comp_cor_64	a_comp_cor_65	a_comp_cor_66	a_comp_cor_67	a_comp_cor_68	edge_comp_00	edge_comp_01	edge_comp_02	edge_comp_03	edge_comp_04	edge_comp_05	edge_comp_06	edge_comp_07	edge_comp_08	edge_comp_09	edge_comp_10	edge_comp_11	edge_comp_12	edge_comp_13	edge_comp_14	edge_comp_15	edge_comp_16	edge_comp_17	edge_comp_18	edge_comp_19	edge_comp_20	edge_comp_21	edge_comp_22	edge_comp_23	cosine00	cosine01	cosine02	cosine03	non_steady_state_outlier00	non_steady_state_outlier01	trans_x	trans_x_derivative1	trans_x_power2	trans_x_derivative1_power2	trans_y	trans_y_derivative1	trans_y_power2	trans_y_derivative1_power2	trans_z	trans_z_derivative1	trans_z_power2	trans_z_derivative1_power2	rot_x	rot_x_derivative1	rot_x_power2	rot_x_derivative1_power2	rot_y	rot_y_derivative1	rot_y_power2	rot_y_derivative1_power2	rot_z	rot_z_derivative1	rot_z_derivative1_power2	rot_z_power2	motion_outlier00	motion_outlier01
92.43398232481596	n/a	n/a	8544.041088424388	106.44337108939192	n/a	n/a	11330.191248873994	85.42566512921535	n/a	7297.544262768839	n/a	95.44554255681524	90.52579722656093	n/a	n/a	n/a	n/a	0.0	0.0	0.0	0.0	0.0	0.0	0.0	0.0	0.0	0.0	0.0	0.0	0.0	0.0	0.0	0.0	0.0	0.0	0.0	0.0	0.0	0.0	0.0	0.0	0.0	0.0	0.0	0.0	0.0	0.0	0.0	0.0	0.0	0.0	0.0	0.0	0.0	0.0	0.0	0.0	0.0	0.0	0.0	0.0	0.0	0.0	0.0	0.0	0.0	0.0	0.0	0.0	0.0	0.0	0.0	0.0	0.0	0.0	0.0	0.0	0.0	0.0	0.0	0.0	0.0	0.0	0.0	0.0	0.0	0.0	0.0	0.0	0.0	0.0	0.0	0.0	0.0	0.0	0.0	0.0	0.0	0.0	0.0	0.0	0.0	0.0	0.0	0.0	0.0	0.0	0.0	0.0	0.0	0.0	0.0	0.0	0.0	0.0	0.0	0.0	0.0	0.0	0.0	0.0	0.0	0.0	0.0	0.0	0.0	0.0	0.0	0.0	0.0	0.0	0.0	0.0	0.0	0.0	0.0	0.0	0.0	0.0	0.0	0.0	0.0	0.0	0.0	0.0	0.0	0.0	0.0	0.0	0.0	0.0	0.0	0.0	0.0	0.0	0.0	0.0	0.0	0.0	0.0	0.0	0.0	0.0	0.0	0.0	0.0	0.0	0.0	0.0	0.0	0.0	0.0	0.0	0.0	0.0	0.0	0.0	0.0	0.0	0.0	0.0	0.0	0.0	0.0	0.0	0.0	0.0	0.0	0.0	0.0	0.0	0.0	0.0	0.0	0.0	0.0	0.0	0.0	0.0	0.0	0.0	0.0	0.0	0.0	0.0	0.0	0.0	0.0	0.0	0.0	0.0	1.0	0.0	-0.0481052738750946	n/a	0.0023141173745978	n/a	-0.0664598338721589	n/a	0.0044169095183149	n/a	0.0583448355491924	n/a	0.0034041198352623	n/a	-0.0080049926805816	n/a	6.4079907816165e-05	n/a	0.0003838310226844	n/a	1.473262539749524e-07	n/a	-0.000455971911041	n/a	n/a	2.0791038365838166e-07	0.0	0.0
70.74506471963167	-21.688917605184287	470.4091468844729	5004.864182184874	82.08974252745162	-24.353628561940297	593.0992241329542	6738.725828223299	71.8753706993313	-13.550294429884048	5166.068913166292	183.61047913654664	75.72383196320182	66.87079792102485	12.877842	357.652557	0.9726184637753784	0.642493770145602	0.0	0.0	0.0	0.0	0.0	0.0	0.0	0.0	0.0	0.0	0.0	0.0	0.0	0.0	0.0	0.0	0.0	0.0	0.0	0.0	0.0	0.0	0.0	0.0	0.0	0.0	0.0	0.0	0.0	0.0	0.0	0.0	0.0	0.0	0.0	0.0	0.0	0.0	0.0	0.0	0.0	0.0	0.0	0.0	0.0	0.0	0.0	0.0	0.0	0.0	0.0	0.0	0.0	0.0	0.0	0.0	0.0	0.0	0.0	0.0	0.0	0.0	0.0	0.0	0.0	0.0	0.0	0.0	0.0	0.0	0.0	0.0	0.0	0.0	0.0	0.0	0.0	0.0	0.0	0.0	0.0	0.0	0.0	0.0	0.0	0.0	0.0	0.0	0.0	0.0	0.0	0.0	0.0	0.0	0.0	0.0	0.0	0.0	0.0	0.0	0.0	0.0	0.0	0.0	0.0	0.0	0.0	0.0	0.0	0.0	0.0	0.0	0.0	0.0	0.0	0.0	0.0	0.0	0.0	0.0	0.0	0.0	0.0	0.0	0.0	0.0	0.0	0.0	0.0	0.0	0.0	0.0	0.0	0.0	0.0	0.0	0.0	0.0	0.0	0.0	0.0	0.0	0.0	0.0	0.0	0.0	0.0	0.0	0.0	0.0	0.0	0.0	0.0	0.0	0.0	0.0	0.0	0.0	0.0	0.0	0.0	0.0	0.0	0.0	0.0	0.0	0.0	0.0	0.0	0.0	0.0	0.0	0.0	0.0	0.0	0.0	0.0	0.0	0.0	0.0	0.0	0.0	0.0	0.0	0.0	0.0	0.0	0.0	0.0	0.0	0.0	0.0	0.0	0.0	0.0	1.0	0.00042608150531	0.0485313553804045	1.8154544916723558e-07	0.0023552924550591	0.0658899710574445	0.1323498049296034	0.0043414882859508	0.017516470864904	-0.066985590608283	-0.1253304261574754	0.0044870693491404	0.0157077157208144	0.004224448703562	0.0122294413841436	1.784596684902666e-05	0.0001495592365682	0.0002510781631948	-0.0001327528594895	6.304024403327463e-08	1.762332170266547e-08	0.0005099713914837	0.0009659433025247	9.33046463692324e-07	2.600708201318212e-07	1.0	0.0
68.58107926076777	-2.1639854588639054	4.682833066174427	4703.364432571711	78.3309679918511	-3.758774535600523	14.128386009478929	6135.740546540401	71.33759946998106	-0.5377712293502412	5089.053098139441	0.2891978951168698	74.14213435399559	61.70286995755506	2.084247	57.885197	0.2165282088974044	0.1276964559087217	-0.1009158956	-0.0161719114	0.0565158383	0.0882665275	-0.0893022569	0.0969119816	0.2041190671	-0.0622440015	0.0151383595	-0.1719211104	-0.0221544571	0.0688524541	-0.000797381	0.0247225503	-0.0451755044	0.0983945201	-0.0204810412	0.0253371725	-0.0906581158	0.0058133882	-0.0159039601	0.0346585375	-0.1026396334	0.0386737719	-0.1048555197	0.0312109578	-0.1043857433	0.0231117333	-0.0052612287	0.0259355226	-0.0578882795	0.0237280976	-0.1213557715	0.1423665564	-0.0915995886	0.0444367263	-0.0956183556	0.0093438301	-0.0237642769	0.0753928842	0.1136932063	-0.0378617536	0.062636772	0.021177442	0.0540465102	-0.0308837138	0.0354054028	-0.037907274	0.1073951783	-0.0216732686	0.1057152684	-0.0803131915	-0.0077476657	0.1116740961	-0.0545304473	0.0848877989	-0.0017190426	0.0080948245	-0.0398679127	0.0506253966	-0.0024014654	0.0039385425	-0.1223760025	0.0624668475	-0.1205989746	0.1170901653	-0.0774554096	0.0776702505	-0.0448848732	-0.0400822172	0.0232020717	-0.0317749347	-0.0075553169	0.1141980757	-0.0028769133	-0.0732952134	0.08100498	0.052065209	-0.0973277273	-0.0003976039	0.038723994	0.0176585971	-0.0797519838	0.0623861598	-0.1080031528	-0.0639585805	0.0153910133	0.0304961728	0.0026756598	-0.0500916428	0.0400465312	0.0230237446	0.0860641942	-0.1240055763	-0.0404820235	0.1021270237	0.032851726	-0.1610525223	0.0665790485	-0.0329864719	0.0341561277	-0.1486792789	0.1161199796	-0.0653806743	0.0664771622	0.0141870662	-0.0364547027	0.0815030767	-0.0959047034	0.048972141	-0.1211247916	0.025840426	-0.1136827293	0.0949091703	-0.0758714231	0.0876718528	0.0002181698	-0.0096418049	0.0424673715	-0.0232129516	0.0906473412	-0.0498252251	0.0230276355	-0.0947776282	0.0165531579	-0.1094400993	0.0982261068	-0.1534435094	0.0530666489	-0.0436517321	0.0012206979	-0.0252525491	-0.0266643681	0.0931179747	-0.0668595136	0.0083495967	0.0259233151	-0.13863906	-0.0258554362	-0.1260048069	0.0731006181	-0.0544387335	-0.1079002407	0.0864308954	0.0033567773	0.0908070344	-0.0228834982	-0.1006889794	0.0609178871	0.0089870109	0.0438919584	-0.0210303918	-0.0586980864	-0.0910903048	0.0114073096	0.0412183791	0.0931103927	-0.0660424825	-0.0725476313	-0.0021848222	-0.0421723712	0.0050912102	0.1179641395	0.0202165014	-0.1157818817	-0.0878907015	0.1832987136	-0.0048759628	0.0470175675	-0.0042785403	0.0612288554	-0.0547308689	0.022345362	-0.104934999	0.066635392	-0.0292096252	0.026907421	-0.1020313958	0.1018579213	-0.0493685054	0.0614570979	-0.1567484847	0.0249288039	-0.0878738598	0.0465249164	-0.1174248682	0.1060652338	-0.1589806934	0.0280079607	-0.0270306704	0.1059956606	0.1059832789	0.1059626437	0.1059337567	0.0	0.0	-0.0172619810737302	-0.0176880625790402	0.0002979759905898	0.0003128675578	0.1860843992536871	0.1201944281962426	0.0346274036456056	0.0144467005694217	-0.0548767841071864	0.0121088065010966	0.0030114614339467	0.0001466231948809	0.0047580704298335	0.0005336217262715	2.263923421525595e-05	2.847521467489758e-07	-0.0001087464913946	-0.0003598246545894	1.1825799390635813e-08	1.2947378205038106e-07	0.0009472632430433	0.0004372918515596	1.9122416344042325e-07	8.9730765162091e-07	0.0	1.0
68.25817794400662	-0.322901316761147	0.1042652603660825	4659.178856235671	77.81350018257318	-0.5174678092779175	0.2677729336388871	6054.940810663316	71.3003317981685	-0.0372676718125575	5083.737314528918	0.0013888793623284	73.95839328158728	60.56606581297007	0.870915	24.187677	0.0825085453290514	0.0424741668720785	-0.0879504725	-0.0094771524	0.0545503515	0.0557969164	-0.0820721184	0.021297745	0.0340578214	-0.0807216655	0.0644374835	-0.113069002	-0.0785730337	0.0418309971	0.0615122013	0.0361063851	0.0424087568	-0.0671396241	-0.0042264346	0.1304856742	-0.0901748869	-0.0010531967	-0.0062438167	0.1220429093	-0.079374028	0.0020050884	-0.0560989901	0.0067627828	-0.0518543856	0.1006749522	-0.121249349	-0.0500267133	-0.0303226657	0.0749657115	-0.0275086296	0.0136941578	-0.0946858916	0.1090857887	-0.0548005049	-0.0043274437	-0.0143990687	-0.0544676739	0.0209672428	-0.0337680206	-0.0800158231	-0.042140033	-0.0101134339	-0.0755468487	0.0204044788	0.0074099744	0.1183664929	0.0125466902	0.0166000411	-0.0037790463	-0.1292422698	0.017255328	-0.0888579486	0.1073250722	-0.0422980346	-0.103329848	-0.0912196231	-0.0406082378	0.0571867041	-0.044856646	0.0204770737	0.0831859738	0.0699761817	-0.0515494258	-0.0353096722	0.0397283124	-0.0162275934	-0.0299497646	0.1183489341	-0.0945472381	0.0324677292	-0.0327507603	-0.0877494248	-0.0431543448	0.0936218295	-0.0129551193	-0.0441366116	0.0383718721	-0.0035604659	-0.0320974797	-0.1515097002	-0.0520449957	0.0267574932	-0.1495253819	-0.0320006417	-0.0461884209	-0.066610006	-0.1693404215	-0.094439492	0.0773836532	0.1448719791	-0.0240379537	0.0246150528	-0.1161487592	0.009080425	-0.1060819087	0.0853215706	-0.0390671635	0.0479877262	-0.1286298162	0.0234096867	-0.0072865267	0.0895682919	0.03774465	-0.0789565812	0.096977971	-0.029786609	0.0111195423	-0.0161350853	-0.0156984283	-0.069767977	0.1377542229	-0.1124489304	0.1229207337	-0.0379288369	0.0479514625	0.0740882794	-0.0111387001	-0.0202614653	-0.0478309662	0.136473847	-0.0460931887	-0.0364570467	-0.1147133161	0.0494093114	-0.1041690237	0.1254931464	0.0446572611	-0.0135215157	-0.0084732341	-0.0242428654	0.0398092851	0.028182195	0.0352036474	-0.0065784037	0.0422447781	0.0057977367	0.0156669914	-0.0163136147	-0.1394343084	-0.0541390731	0.0580245272	0.0623957503	0.0425684234	0.031625747	0.0116842451	0.182763001	-0.0306071661	-0.0320828195	-0.0320184999	0.0125203594	-0.0139640123	-0.0505495087	-0.0100865444	-0.0774408826	-0.1037793295	-0.0293862346	-0.004211908	-0.0820455262	-0.0077469808	0.0396999562	-0.1259814208	-0.0125210556	-0.0256477583	0.1243360538	0.0124987865	0.0749040211	-0.0406777519	-0.0024010388	-0.0719943727	0.0317297631	-0.1031881867	0.0367552774	-0.0375863397	-0.0049527307	-0.0355561783	0.0846181603	-0.0815990482	0.0389252779	-0.1003878657	0.0736598671	-0.1341220439	0.0485703695	-0.0700098387	0.0772502218	-0.1696413553	0.0278597065	0.0869730816	0.1059626437	0.1058512369	0.1056656457	0.1054060001	0.0	0.0	-0.0277768307409473	-0.010514849667217	0.0007715523260112	0.0001105620635241	0.2107028517899181	0.0246184525362309	0.0443956917524041	0.0006060682052786	-0.0227680188673673	0.032108765239819	0.0005183826831447	0.0010309728052258	0.0046290398326107	-0.0001290305972228	2.1428009771896493e-05	1.6648895019672527e-08	-5.258541012631568e-05	5.616108126828432e-05	2.7652253581528238e-09	3.1540670492228356e-09	0.0008271253638187	-0.0001201378792245	1.4433110024584552e-08	6.841363674722169e-07	0.0	0.0
68.24878780247225	-0.009390141534368	8.817475803546326e-05	4657.897036506885	77.9482965386191	0.1347963560459248	0.0181700576032597	6075.936933272499	71.1744182044213	-0.1259135937471995	5065.797806737858	0.0158542330903348	73.93753825938266	61.00520265976895	0.831874	23.103399	0.092874621865651	0.0473341277949429	-0.085354144	0.0387000003	0.0851699234	0.0662324814	-0.0960093332	-0.0452221866	0.0579606216	-0.0437456488	0.0980843066	-0.1071445302	-0.0759689992	0.0090547787	0.0276286422	0.0419742208	0.0482920451	0.0052599292	0.1397904052	0.0805123873	-0.174739543	0.0222982774	-0.0390073948	-0.0398726077	0.0181282625	0.0102604862	-0.0838826802	0.0095068505	-0.0594636204	-0.0737791486	-0.1741258954	0.1415687781	0.0888473537	0.1560123563	0.1092107311	-0.0499537422	0.0604736798	0.0902547027	-0.1343751032	0.0247308521	0.0252866485	0.0858209187	-0.0517259983	0.0450209525	-0.0245998732	-0.0694611791	-0.0080003988	-0.0959923179	0.0335373719	-0.1060117247	0.0374053515	-0.0855967171	-0.0580940812	0.0160895196	0.0366844497	0.0081727967	-0.1246943447	0.18980687	-0.0892701691	0.077872611	-0.1460159852	0.0033723697	0.0224256788	-0.0869450915	0.131314388	-0.1254500787	0.0091527752	-0.0254603198	-0.0015081012	-0.0224885441	-0.0609546273	0.0399747151	-0.0290037873	0.0069026965	0.0029398757	0.056290286	0.0134886858	-0.0416146227	-0.0594939166	-0.0555258481	0.105824728	-0.0851988217	-0.1382651077	0.0526036133	-0.0199800353	0.0598379599	0.0459023775	0.0668494518	0.0389157373	-0.0236043313	-0.084402846	-0.0820097397	-0.0311843322	-2.61385e-05	-0.0210730376	-0.1003063998	-0.0973673875	-0.0693927619	-0.0055745335	-0.1169678636	0.1030744376	-0.0358723451	0.105895475	-0.1190625318	0.025331742	0.0418775171	0.0488850986	0.0787968271	-0.1050138676	0.1062116352	0.0212909352	-0.0411078262	0.0155049368	0.0258334271	-0.0407863341	0.0543181545	-0.0644871019	0.0087367423	-0.0560717042	0.0483463024	-0.0125850783	0.0348161513	0.0359769081	-0.1198608848	0.1146868303	0.0008819988	0.0501541636	-0.0024885136	0.0547464339	-0.0782654045	-0.0396474065	0.0835813395	-0.0674921883	0.0559784082	-0.0893725714	-0.0649347953	-0.0084625565	0.0746058265	0.003186071	0.1386913122	0.0808757429	0.1061428188	-0.0020804909	0.0523393851	0.0214608964	-0.0200060337	-0.0297172377	-0.0444656767	-0.0587826127	0.1209241812	0.0017253679	-0.0077221683	0.1037304382	-0.0064360658	0.0771856871	-0.0120065605	0.056347378	-0.1155284611	-0.0576594179	0.1199337654	0.0320615689	-0.0248577394	0.1003347071	-0.1133803396	0.0212834062	-0.0629823692	0.0371669949	0.0950448592	0.1158871697	0.0333644659	0.0960381609	-0.0226336702	-0.0338487168	-0.166475518	0.0551002193	-0.1258092191	-0.0232609553	-0.0512654699	0.0025315439	0.0459913677	0.0045626263	-0.0440851319	0.0441894468	-0.0691683549	-0.0038659321	0.0036225079	0.0761789569	0.0548716121	-0.0711496147	-0.0204427848	0.026300877	0.0380170979	0.1058966202	0.1055873175	0.1050724821	0.104353116	0.0	0.0	-0.033055364731453	-0.0052785339905057	0.0010926571375293	2.786292108892403e-05	0.2368572178204573	0.0261543660305391	0.0561013416336475	0.0006840508624594	0.0109734867123165	0.0337415055796838	0.0001204174106253	0.0011384891987838	0.00484600812905	0.0002169682964392	2.348379478681868e-05	4.70752416597719e-08	2.563097643593082e-05	7.82163865622465e-05	6.569469530592408e-10	6.117803126854775e-09	0.0010859450061156	0.0002588196422969	6.698760723869528e-08	1.1792765563074109e-06	0.0	0.0
68.23256126848568	-0.0162265339865683	0.0002633004052172	4655.682417257653	77.92172783890436	-0.026568699714744	0.0007058958045322	6071.795669400282	71.1456548664548	-0.0287633379664953	5061.704206376704	0.0008273296109748	73.96171882468555	60.88849792394552	0.843288	23.420391	0.1054818525648004	0.0458584800058843	-0.068451459	0.0439310073	0.1144985336	0.0586059378	0.0154100571	-0.0859468581	0.0153889599	-0.0540273342	0.0227320125	-0.0479140018	0.0590035199	0.0808768749	0.1370948462	-0.0440050665	0.0506768149	-0.0252590696	0.1159243716	0.0386788753	0.0053489865	-0.1096549508	0.1064430007	-0.0662895532	0.0053388819	0.0134886348	-0.100322458	0.0914777087	0.0465765959	0.0118241371	0.1163255318	0.06870845	-0.0515417056	-0.0165205966	0.0319282986	0.031558635	0.1166908813	-0.1376033984	-0.0848713428	0.0162526477	-0.0314665116	-0.1176990492	-0.0520457682	-0.024231786	0.1244476466	-0.099175649	-0.0744700419	0.0238726506	0.0457719814	-0.016815589	-0.0601791812	0.0288352243	0.0109100904	-0.0791340959	-0.0319179045	0.0737652224	0.0375700154	0.0341965375	0.1354160034	0.2078437455	-0.0662831927	-0.0932996865	-0.0179419285	-0.0323573812	0.0840779465	-0.0292470698	-0.0884148076	-9.00386e-05	-0.0066158558	0.159018779	0.1547658932	-0.0017958474	-0.0484724694	-0.1352000415	-0.1214789948	-0.0609609106	0.0639020539	-0.0612486995	0.124139578	0.1607808877	0.0516154863	0.0618979266	0.0158943337	0.0434137076	0.0132066942	0.1374722531	-0.0122783829	-0.0331362556	-0.0427979708	-0.0027449841	-0.0018820499	0.1321214274	0.0037405859	0.0270958626	-0.0132204876	0.02238794	0.0327987601	0.0217492399	0.0191303627	0.0076472722	0.1106594117	-0.086514353	0.0806046018	-0.1273822671	0.0744673478	0.0501587686	0.0337179953	0.0740618115	-0.0250775187	0.1556540176	0.0613279991	-0.0216947611	0.0529349293	-0.0074615168	-0.0193022032	0.0553434682	0.0397928614	-0.0478979853	-0.00115026	0.0557867382	0.0542105263	0.1411552328	0.0547804198	-0.0714261836	0.0191151288	-0.0597054472	0.0809051248	-0.0414155126	0.0052391147	0.0208866267	0.028388372	0.0055592268	-0.0139448243	-0.1270433656	0.0216668864	-0.0248249891	-0.0076765983	0.0465714958	0.0784262374	0.044827856	0.1120518159	-0.0719004137	0.0590542776	-0.0913898576	0.0274820527	0.0395650965	0.0376065847	0.0418045028	-0.0680049229	-0.009791571	-0.0221931178	0.0953670119	0.0340869436	0.0143745255	0.1099322388	0.1565077216	0.0055889934	-0.0491129096	0.0037296123	0.0274136086	-0.0154971736	0.0682784334	0.0833649786	0.1348380093	-0.0025861085	0.0045004503	0.0840741365	-0.121085662	0.0216380608	0.1121052373	0.13499541	-0.063303035	0.0313737084	-0.1084551808	0.0147485674	-0.0963826003	0.0162395469	-0.0262907411	-0.0158049411	0.0823935962	0.0438755592	0.0159647013	0.0963479501	0.0043473854	-0.0067425518	0.0196032434	0.0981197892	-0.0540844358	-0.116884251	0.0176609863	-0.0627237746	0.0421620776	0.1057976105	0.1051918494	0.1041848154	0.10278035	0.0	0.0	-0.0167913077815455	0.0162640569499075	0.0002819480170145	0.0002645195484698	0.2158710240202168	-0.0209861938002405	0.046600299011537	0.0004404203302212	-0.0197094876868675	-0.030682974399184	0.0003884639048787	0.0009414449179809	0.0051754348225306	0.0003294266934806	2.678512560226234e-05	1.0852194637756123e-07	0.0002091955784284	0.0001835646019924	4.376279003399287e-08	3.3695963104653625e-08	0.0008479637532793	-0.0002379812528363	5.663507670153496e-08	7.190425268755176e-07	0.0	0.0
68.23375427564595	0.0011930071602677	1.4232660844500294e-06	4655.845222549232	77.92777051343474	0.0060426745303772	3.6513915480069466e-05	6072.7374171945485	71.26362979521446	0.1179749287596507	5078.5049315893775	0.0139180838158446	73.97310132831224	60.97965615734631	0.8459489999999998	23.494299	0.0934380677917878	0.0447484337368176	-0.055043553	0.0698257418	0.1196970838	0.0804897095	0.0553003067	-0.1416370708	0.001576834	-0.1322147056	0.020699814	-0.0446180181	-0.0392995124	0.0497338356	0.0984303515	-0.0306114275	-0.0307575735	0.0243757552	0.1160088779	0.0924659272	0.147901108	-0.0561255638	0.1392633557	-0.1484337317	-0.001308505	0.0200218165	0.0617446369	0.0477548162	0.0543031815	-0.032637605	0.1010364141	0.0619034666	0.0586386731	0.0965041096	-0.0394365488	-0.1464353571	0.0088988621	0.0454295819	0.1678167864	-0.0933556342	-0.0183476384	0.0538624594	0.0630751733	0.0227943084	0.1211488818	-0.0681022455	-0.0479877448	-0.1182767237	-0.1688068182	-0.0222672821	0.1029375848	0.0096130758	-0.0676178643	0.0551729894	0.0287808777	0.023813539	0.1240663431	-0.0416736916	0.1157640326	0.0775320534	-0.0927894066	-0.0135744119	0.0523706743	0.0002880818	-0.0963702686	0.0446556087	0.0562523893	-0.0784517665	-0.1581126235	0.0412834959	0.0468053384	-0.1728227034	0.0327734048	-0.1218138447	-0.0230982094	-0.0979009609	0.1250499466	0.0864671131	0.161334646	-0.105123258	0.0224818083	-8.29544e-05	0.0471797203	-0.1355796827	-0.0389697526	0.0276262269	0.0432424901	0.009598593	-0.0081070706	-0.0460551224	-0.1043472009	-0.0388525687	-0.0774672638	0.0395348707	-0.0854860102	-0.0762346818	-0.0305126699	-0.0857488394	0.0352424592	0.0737760348	0.1260876662	-0.0782310114	0.0822690007	-0.1173098218	0.0333198259	0.0679045369	-0.0153865529	0.034152492	-0.0410290832	0.1494705825	-0.0346307095	-0.0777208073	0.0126187439	0.0435190924	0.0798044157	-0.1596471199	-0.0273361938	-8.42665e-05	0.0296890132	0.0217560929	-0.0928205367	0.1610460493	-0.0353171925	-0.105851046	-0.1033869099	0.005807144	0.121615344	0.0593223153	-0.0075822394	0.0419673385	0.0061876948	-0.0060561354	0.021698369	-0.0229948543	0.0889076645	-0.0320532608	-0.0113656348	-0.047715174	0.0427800066	0.00457216	0.0936711109	-0.0047797254	-0.1232495145	0.083053487	-0.1659332348	-0.0168110552	-0.1085123794	-0.1085501658	0.0006175492	0.0887305632	0.1393215284	0.0439579917	-0.10574907	-0.0160076168	0.0262135272	0.0594781259	-0.1060944863	0.0464569438	0.0940835537	-0.0339985071	0.067086381	-0.0557175474	-0.0532053935	0.0476316286	-0.1788403799	0.0617523171	0.0285441663	0.0367028116	-0.0008186168	0.1395853883	0.1562390483	-0.0464116176	-0.0155240534	-0.0446230728	0.0036244437	-0.0972566918	-0.0423962742	-0.0811412242	-0.0031488303	0.0527489693	-0.1122485137	-0.0426951053	0.0164118808	-0.0206510884	0.0883164756	0.0533894905	0.1000485272	0.0456125597	-0.1518302446	0.0541667872	-0.1032142185	-0.0877642963	0.1056656457	0.1046653254	0.1030051337	0.1006955375	0.0	0.0	-0.0337175350228733	-0.0169262272413278	0.0011368721680186	0.000286497168625	0.2268477054548157	0.0109766814345989	0.0514598814701148	0.0001204875353166	-0.0316418564812437	-0.0119323687943761	0.0010012070815796	0.000142381425045	0.00470133061736	-0.0004741042051705	2.210250957372656e-05	2.2477479736044606e-07	0.0002732485525767	6.405297414830002e-05	7.466477148526159e-08	4.10278349724279e-09	0.0013818623803901	0.0005338986271108	2.850477440307971e-07	1.9095436383373933e-06	0.0	0.0
68.0967225132468	-0.1370317623991468	0.0187777039062162	4637.163617046134	77.68328750965208	-0.2444830037826619	0.0597719391385931	6034.6931583072665	71.2963146332207	0.0326848380062472	5083.164480279201	0.0010682986354946	73.82429655695353	60.6437747730098	0.862425	23.951866	0.1176406391309153	0.0539847749946211	-0.0432819304	0.053170375	0.0986274991	0.1223095529	0.0203004763	-0.1387783847	-0.0676701616	-0.1227507529	0.042381635	-0.0271719342	-0.0105214635	0.1088158711	-0.0860627795	-0.079743233	0.0467211707	0.0274477254	-0.0069979458	-0.0643514444	0.0944705637	0.044223419	-0.0148013923	-0.0944651234	-0.025858935	-0.0291818731	0.0032082582	0.0134562922	0.0343140461	0.076778907	0.175359496	0.0272418153	-0.0318414386	0.1035255697	0.0221242181	-0.1144717771	-0.0055905466	-0.0854600167	0.0498255993	-0.078627298	0.0108920467	0.1159275994	0.0705072932	0.0547318797	-0.1293509359	-0.0057072159	0.0208168106	-0.0556616799	-0.119664145	-0.1221311857	-0.0198330882	-0.0252798588	-0.0542904586	0.0385855786	0.0353209952	0.0529984989	-0.0938450926	-0.0416912437	0.045436173	0.0280168244	-0.0035411955	0.0609623347	-0.0650347688	-0.0194231738	-0.0319732668	-0.0728859741	-0.0011254876	0.0813103386	0.0143183059	6.4007e-05	-0.0599469001	-0.0684183622	-0.0524039268	0.1587460001	0.0243692494	-0.0026820794	0.0887806223	-0.0433593685	0.0800773962	-0.0204772094	-0.0218154245	0.0603417427	-0.0246986167	-0.0203119565	-0.0305657276	-0.0373638321	-0.0913687356	0.2031942088	0.0566304784	-0.0162303506	0.0703270841	0.2217393674	-0.0139114318	0.0766088791	-0.0885392739	0.0901970745	-0.0663816233	0.0787870656	0.0420254764	0.0424325747	0.1307445552	-0.056066927	0.0733508455	-0.0557095949	-0.1176469243	0.0089735743	-0.0441754512	-0.0495867604	-0.0436468798	0.0413283504	-0.0451420892	-0.0652261449	-0.003542618	0.0690097533	0.1164502358	-0.138394206	0.0458404441	0.0514148773	0.0343629668	-0.0625934779	-0.0851333404	0.0022092005	-0.0563878654	-0.1232555065	-0.0662530847	0.0526307212	0.1067685106	0.0160484057	-0.0677044686	0.0066876866	0.0436376426	-0.0157843305	-0.0314982355	-0.0235630271	0.0658294112	0.0478056686	-0.0023583419	-0.0279100245	-0.1224231663	-0.2370162043	-0.0075042793	0.1146410192	0.0213581145	0.0980486284	-0.0424107554	-0.040474307	-0.0103949546	0.114331101	-0.0359648431	-0.1285242858	-0.0532217058	-0.0140720637	-0.0408901722	-0.0017611034	0.039737173	0.0386965357	0.0291231953	-0.0246003384	-0.084607485	0.0259464649	-0.146052019	-0.1059668786	0.0527283418	-0.152567598	-0.0042888633	0.1519208099	-0.0243231994	0.0457410824	0.0713538662	0.1345148293	0.1586940741	0.0074118283	0.0293944494	0.0062468962	-0.0446653989	-0.0123529102	0.0364487125	-0.0391354893	0.0265502901	0.0678572591	-0.0278244627	-0.1313402626	-0.0400120585	-0.0587107612	-0.0991294758	0.0847081054	0.0594736489	-0.07866784	-0.1483145073	0.0322771502	-0.0007958476	-0.1043181242	0.1055007667	0.1040084014	0.1015367435	0.0981090648	0.0	0.0	-0.0400972115049427	-0.0063796764820693	0.0016077863704721	4.070027201586938e-05	0.2047483130783121	-0.0220993923765036	0.0419218717084145	0.0004883831434106	-0.0682042519756507	-0.036562395494407	0.004651819987558	0.0013368087642894	0.0048700623457383	0.0001687317283782	2.371750725137803e-05	2.847039616152828e-08	-9.788367431040612e-05	-0.0003711322268871	9.58121369650566e-09	1.3773912983418246e-07	0.0008697428400968	-0.0005121195402933	2.6226642355022093e-07	7.564526078996479e-07	0.0	0.0
68.01802771692036	-0.0786947963264452	0.0061928709688607	4626.452094499746	77.46765372642251	-0.2156337832295634	0.0464979284698943	6001.237373876904	71.31416266555087	0.0178480323301641	5085.7097966886495	0.0003185522580585	73.75742910098248	60.295571384896334	0.91248	25.342031	0.1066384141324983	0.0562836954561388	-0.0816566585	-0.0182483973	0.060816157	0.1568677841	-0.0033193039	0.0311592691	-0.147963078	-0.1109534208	-0.0027240404	-0.038599491	0.0001516736	0.0736279107	-0.1849034906	-0.0133681036	0.0166699227	-0.0890472084	-0.0110463924	-0.1690134883	-0.0620178795	-0.0582236539	-0.1348501989	0.0059161036	0.1333245711	0.0056596426	-0.0648330596	-0.0327083033	0.0934588033	-0.0209836456	0.0110975636	0.01375286	-0.1097635184	0.0833308056	-0.0340129017	0.0655893011	0.0145872022	-0.0273580611	0.0295718127	0.0226215995	-0.0630730932	-0.083352191	0.0335027814	-0.0431537734	-0.0914435572	0.0307509131	0.0410498943	-0.147990092	0.0051826991	0.017212715	0.1042280635	0.0824226211	0.0862450278	0.0860212344	0.0285394006	0.0390481181	-0.0603426726	0.0198274705	0.0701389191	0.0980828645	0.0481236455	0.0347022056	-0.0923553097	0.0771912	-0.0541045293	-0.1297613161	-0.0147895867	-0.0444462455	0.0378098873	-0.0188064732	0.1098887427	0.0522283665	-0.0215812324	0.1156018703	-0.1089760544	-0.0042290066	0.0690541287	-0.0859046857	-0.0203015865	0.0622743381	0.0267589814	-0.1125730843	-0.0480727933	0.0607478488	-0.0193532299	-0.1113155228	0.0548399541	-0.0295443763	-0.1059179522	-0.0313576576	0.0273840219	-0.0333692224	0.0123222153	-0.176789823	0.0118389007	-0.0496079801	-0.0562093202	-0.0388187259	-0.0421997592	-0.0324378145	0.1599798142	-0.0439945502	0.0018762142	0.016934863	-0.1455663323	-0.0650717631	0.0596797906	-0.0871795424	-0.0188017186	-0.0345638886	-0.0441850332	-0.0605236388	-0.0922015596	0.0505555471	0.170101337	0.0234933245	-0.0328093438	0.1324493076	0.1935975241	-0.0127779153	0.0454285357	-0.0848593816	0.0344782997	0.0608491716	0.0966409269	0.1011876468	-0.0327772682	-0.0154403373	0.0462762338	0.0910322694	-0.060940571	0.0555574213	-0.0018175712	0.034502116	0.0300067055	-0.0196809797	0.0997483277	0.0630943745	-0.026189955	-0.0391440123	-0.1557172109	0.0184779886	0.0087033459	0.0181052071	0.0131136875	-0.1047101028	0.0781223192	-0.0798505291	-0.0416997281	-0.0680099649	-0.1060523409	-0.0511610612	0.1946112632	-0.1069372273	-0.0870128296	0.0215088726	-0.0198797694	-0.012443995	-0.0142099561	0.024207238	0.065284035	-0.0484923067	0.0171921222	0.0494222784	-0.0438871434	-0.0181615239	0.0412596477	0.0855635155	0.1873384645	0.0492496927	0.0917238093	-0.0070721907	0.0411995274	0.0218811617	-0.0572806776	0.0024292793	0.0804587504	0.0159261098	0.0523172868	-0.0590308744	0.0560163668	-0.1395059195	-0.1260877585	-0.1143397381	-0.1403024407	0.0549893786	-0.0150991301	0.0190135543	-0.0682827705	0.1653312621	-0.0211271792	0.0578375063	0.105303025	0.1032218959	0.0997837604	0.0950338178	0.0	0.0	-0.039891788912044	0.0002054225928986	0.001591354822603	4.219844167322468e-08	0.2182160621263733	0.0134677490480611	0.0476182497699412	0.0001813802644215	-0.0679287019498176	0.0002755500258331	0.0046143085485871	7.592781673662916e-08	0.0055279485777468	0.0006578862320085	3.055821547821286e-05	4.3281429426634187e-07	0.0005263276341689	0.0006242113084793	2.7702077848983136e-07	3.896397576334474e-07	0.0002980465312705	-0.0005716963088263	3.2683666952561626e-07	8.883173480237713e-08	0.0	0.0
67.96061316625497	-0.0574145506653849	0.003296430628108	4618.6449419333485	77.4232855231263	-0.0443682032962158	0.0019685374637343	5994.365141195538	71.32901911341816	0.0148564478672881	5087.828967682372	0.0002207140432334	73.73918973618449	59.13365957520643	0.954491	26.508797	0.1082107527956287	0.0553998702092242	-0.0277269851	-0.1243072602	-0.0136527967	0.1436471456	0.0397407648	0.0790663423	-0.1274367377	0.0411155192	0.1677836867	-0.0255586202	0.0173786707	0.0601848273	-0.0523889692	0.1143290089	0.0764902991	-0.0858511643	-0.1170010694	-0.0150439931	0.0615494441	0.0428247131	-0.0838059136	-0.0438095791	0.0424835603	-0.0064472492	0.0319694243	-0.0524361139	0.0220285364	0.010053374	-0.1231941696	-0.1197006234	-0.0269877708	0.007557549	-0.0127219837	-0.0732137781	-0.0115403025	-0.0584409091	-0.067997388	-0.0001756843	0.0995994768	-0.0196777258	-0.0357669923	0.0152550118	0.0819722268	0.0291587461	0.0261537604	-0.0274391086	-0.0356317271	0.0312561967	0.0772411225	-0.0629794883	0.1474625107	0.0490148828	0.1130005634	-0.0269245715	0.0390903764	0.0652525968	0.0430441542	-0.0205769136	0.1992465266	0.0676660752	0.0651399659	-0.0196468943	0.0305274363	0.083587506	-0.056581074	-0.0087283345	-0.0516845653	-0.0755310109	-0.1095659725	0.072555982	-0.0678646607	-0.0201791008	0.013672109	0.0272198984	0.0944897792	0.0100187469	0.0196931557	-0.0006237301	-0.0452866447	-0.0887105586	-0.0212408797	0.0390546078	-0.0069070091	-0.0559568009	0.0054104482	0.0570786327	-0.0054204202	-0.187173573	0.1455469043	0.0108695557	-0.0028397847	0.0227135198	-0.1398734537	-0.0319342809	-0.0065217322	0.1695214255	-0.0380250558	-0.0908027761	0.1448497879	-0.0127310455	-0.1058757489	0.1062041489	-0.0747847754	-0.0187512749	0.1214278825	-0.0111989907	0.1026405642	0.0340176545	0.0758263707	-0.0246860841	-0.0779064005	0.0473937574	0.1052696685	0.0707300377	-0.006597448	0.0083665445	0.0237930224	0.0471505092	0.0739242828	-0.1096039765	-0.0160101571	0.1890437852	0.0698631215	-0.1062444115	0.1298027403	-0.0543956369	0.1390958342	0.0616792016	-0.0570375625	0.0329989637	0.0152493523	0.0687253046	0.0521609584	0.0633074239	0.0162957938	-0.1027611516	0.0324045693	0.0269949841	0.0398224765	-0.0803636957	-0.010730981	0.106029539	0.0249247178	0.0017575041	-0.1139057173	0.0217058226	-0.0039495434	0.1237598323	-0.0140818453	-0.0167575015	0.0058764742	0.0801213004	-0.0603481437	-0.0423320597	-0.0219353577	0.0076203234	0.031056127	0.0588827964	-0.0109982764	-0.1129902821	-0.1122008362	0.0470889085	0.0027767645	-0.077485194	-0.0143494225	0.066742257	0.091337373	0.0579188943	-0.1034170717	-0.0474495187	0.0485424101	-0.0327667682	-0.0616302816	-0.11659496	0.0940504003	-0.0444160809	-0.1197599059	-0.1785684587	-0.0950514785	0.0525664003	-0.0086889522	-0.0346779918	-0.1327142609	0.090095907	-0.0178899677	0.0548538914	0.0890732416	0.0223307563	-0.0306855777	0.0837764557	0.1050724821	0.1023067888	0.0977510977	0.091485117	0.0	0.0	-0.0400209244568685	-0.0001291355448245	0.0016016743943823	1.6675988937120572e-08	0.2085842342955572	-0.009631827830816	0.0435073827966639	9.277210736248344e-05	-0.0315543938582294	0.0363743080915881	0.0009956797717602	0.0013230902891417	0.0047873372028306	-0.0007406113749161	2.291859749360592e-05	5.48505208655263e-07	0.0009209743554789	0.00039464672131	8.481937634497753e-07	1.5574603464073282e-07	0.0004042980616123	0.0001062515303418	1.1289387699974449e-08	1.6345692262346314e-07	0.0	0.0
67.86321378471878	-0.0973993815361922	0.0094866395236327	4605.415785190445	77.47258637810863	0.0493008549823343	0.0024305743019891	6002.001640113503	71.23731146821189	-0.0917076452062701	5074.7545452190325	0.0084102921892791	73.70421720019758	58.79071278492303	0.977391	27.144789	0.04999142903093	0.0286032019914834	0.1223190133	-0.0844847256	-0.097519171	0.1558215357	0.0203080261	-0.0936884402	-0.1449003102	0.1697592719	0.1341123779	0.0552744007	-0.1034793636	0.0843373056	0.0170683886	-0.0253307608	0.0661240031	-0.0467294848	-0.0365918981	-0.0981135445	-0.0490497651	-0.003104795	0.0079406433	-0.0268078969	-0.0720431407	-0.0521989741	-0.032822554	0.0225822603	0.039072505	-0.0020521875	-0.0522899123	0.0112056027	-0.1080039697	-0.004440915	0.0598951549	0.027090367	0.0134502265	0.0056971962	-0.1032844211	0.0253857665	-0.0163370727	-0.0001057793	-0.0638579881	-0.0353807308	0.0328437802	-0.0079279322	-0.1555141186	-0.1116993504	0.0255203308	0.0080146132	-0.0883370803	-0.0115566228	0.0428477879	-0.0159730407	-0.0840821194	0.0019264379	-0.0112645853	0.0586463237	0.064109861	-0.1389906645	0.0437053715	-0.0311179399	-0.0032750838	0.141707276	-0.0275719629	0.0972727006	-0.0170387637	0.1090104682	0.1523103695	-0.0738866901	-0.0559995473	-0.0337627197	-0.0199834777	-0.0902125632	0.0801498452	0.0088903019	0.1067191871	-0.0519925959	0.022545758	-0.0019580735	0.0430108347	0.0092845094	-0.0169953555	-0.1219956134	0.018164135	-0.0212300911	-0.0770032475	-0.0287346797	-0.0296906283	0.0370860746	0.0604923038	0.1479926061	0.0709027142	0.0405188713	0.1043662946	0.0449926709	-0.141642981	-0.1139450973	-0.16870537	0.0110948542	0.1596380046	0.034421639	-0.0679802325	0.2019696365	-0.0116725579	0.1290463896	0.0382950369	0.0233649003	0.0404406256	0.1118137315	0.079805888	0.0381683104	-0.0685444893	0.0325024578	0.0319154669	0.032918602	-0.0342261561	0.0069382577	0.0028909011	-0.0435988647	0.1078925588	0.0292587051	-0.1283996566	-0.0092410781	-0.0904902441	-0.061268086	0.0261535019	0.000432482	0.0376544763	0.0266707322	0.0194611636	-0.0121169097	-0.0480938728	-0.0257787651	0.0576119162	0.0349394412	-0.017628469	-0.1085131232	-0.027796379	-0.0158624332	-0.0651178432	-0.0057657899	0.0131711735	-0.0206095298	0.1245710311	-0.0390971073	0.1465976438	0.0746658521	0.0446413118	0.0120129066	0.0355227154	0.2294762575	-0.0394534217	-0.0521742139	-0.0833755634	0.1017764061	0.0386188712	-0.0494797519	-0.0405481904	-0.0187184471	-0.0078775841	0.145723944	0.0577594653	-0.0009790111	0.0401154968	0.0001875549	-0.0867785288	0.005930175	0.0352601938	0.1763919173	-0.0931857089	-0.0195219004	0.0088632015	-0.0600351591	-0.0825055173	-0.0310612672	0.1442912182	-0.1195087967	-0.1033689977	0.0045743753	0.0113194996	0.0712615542	-0.0168205428	0.0836149491	-0.0651414251	0.1712889573	-0.0196520352	-0.0145701928	0.0145401296	0.0400825806	-0.0202095457	0.0302666273	0.1048092098	0.1012642201	0.0954444529	0.087480642	0.0	0.0	-0.0204369815136544	0.0195839429432141	0.0004176702133894	0.000383530821203	0.2118278643185362	0.003243630022979	0.0448710441017521	1.052113572597078e-05	-0.0354691916066514	-0.003914797748422	0.0012580635532293	1.532564141104998e-05	0.0051848548725433	0.0003975176697126	2.6882720049336e-05	1.5802029773381477e-07	0.0008600361668147	-6.09381886642e-05	7.396622082293224e-07	3.713462837673634e-09	0.0003977727536629	-6.525307949399985e-06	4.257964383450264e-11	1.5822316355656614e-07	0.0	0.0
67.79976394693213	-0.0634498377866492	0.0040258819151521	4596.807991259718	77.37793282852617	-0.0946535495824605	0.0089592944485593	5987.344488815908	71.21811913131575	-0.0191923368961397	5072.020492602282	0.0003683457955349	73.68959610520773	58.67773080930747	0.956063	26.552465	0.0794760517540912	0.040656504518663	0.0959761597	0.0636196488	-0.161623071	0.126252483	0.1839663336	0.0048508366	-0.1909488888	0.071196162	0.0025627073	0.0398498789	-0.1092344637	-0.0194835415	0.1061939756	-0.0085511594	0.0709803706	-0.0811583223	-0.059883555	-0.0662222658	0.0242981724	-0.0030749907	-0.0012192924	-0.028279359	-0.0121062056	0.0697798682	0.0366425386	0.0960678726	0.0172462408	0.0835056622	0.058219641	0.0970630013	-0.0448583948	-0.0569749402	-0.0692945801	0.0473946916	0.0335690062	0.069328016	0.1448834441	0.0935365466	-0.0564082772	-0.02918149	0.0551428765	0.1238483285	-0.0924335798	-0.073463932	-0.0777486856	0.0575684152	0.0668532346	0.0151523861	-0.0817581886	-0.0881888303	-0.0584469584	-0.0468998375	0.0051057551	-0.0466348132	0.033637127	0.0134803604	0.1300988204	-0.0682954108	0.0827566972	-0.0058538789	-0.092623621	0.0231654835	-0.0136015914	0.1452847498	0.1113100962	-0.0049343179	-0.0653096398	0.1032799667	-0.0357774147	-0.0540258147	-0.0284270363	-0.0449250669	0.0298789897	0.0265798541	-0.0918621492	-0.0556232434	-0.0444198272	0.0514692112	-0.1596635638	-0.0444407143	-0.0026726691	0.1038685519	-0.113676294	-0.0492184782	0.0298358341	-0.1506215516	-0.0473061903	0.0701893533	0.0611960224	-0.0367201697	0.1246088745	-0.15008829	0.0103926826	0.1186090586	-0.0349878591	0.0028672878	-0.0189800713	0.1498765144	0.0985020745	-0.0005269219	0.0343766943	0.2034091192	-0.0578410129	0.0921000062	0.0269568518	-0.0069075735	0.0218042515	0.077753874	-0.0040917067	0.0446920625	-0.0341233	-0.0437442402	-0.0370695159	0.0753515642	0.0952681446	0.0071685543	-0.0695075513	0.0819047177	-0.1266462137	0.0878741602	-0.1149388504	-0.0059698746	-0.0984481747	0.0081383286	0.0382151004	0.0060900553	-0.0016063101	-0.000422219	-0.1196570697	0.0284285681	-0.059804075	-0.0204079279	-0.0213120882	0.0369067908	0.0488160195	-0.0191826939	-0.0190947376	-0.0266186057	0.0218391513	-0.0006930429	0.0172044393	-0.0797069701	0.0271339127	-0.0781676743	0.0394420389	-0.151684218	0.035262178	-0.0252023125	-0.0815354195	-0.0501883971	-0.0516917504	0.0094439739	0.0558371145	0.0317568242	0.1090707297	0.0785217713	0.0077508331	-0.192292931	0.144904204	0.3045454544	0.1240051936	0.0311985858	0.0372749057	-0.0015235051	0.001209665	-0.0299872663	-0.0717718662	0.1663776532	-0.0129524785	-0.0375170746	-0.0850857472	-0.00593204	-0.086140279	-0.0394874308	0.0896488956	-0.0250189053	-0.0838683617	-0.1150657795	-0.0106766074	0.1705366409	-0.0603626581	0.0683226843	0.0409709434	0.1742828344	0.0316533544	0.0253791051	-0.0095133745	0.0131517215	-0.0943584468	-0.0598412895	0.1045132902	0.1000954889	0.0928702909	0.0830403428	0.0	0.0	-0.0181827485989316	0.0022542329147227	0.0003306123466119	5.081566033819647e-06	0.23058089631553	0.0187530319969937	0.0531675497456732	0.0003516762090802	-0.0053247104918767	0.0301444811147747	2.8352541822301807e-05	0.000908689741679	0.0050019267527047	-0.0001829281198385	2.5019271239422987e-05	3.34626970276851e-08	0.0004800072363047	-0.0003800289305099	2.304069469048761e-07	1.444219880245744e-07	0.0004013018178663	3.5290642033999745e-06	1.2454294151719096e-11	1.61043149022797e-07	0.0	0.0
67.90249694554487	0.1027329986127369	0.0105540690039646	4610.74909143973	77.43895745277405	0.061024624247878	0.0037240047645947	5996.792131372549	71.24625159184868	0.0281324605329302	5076.028365889	0.0007914353356368	73.76089310521789	59.61234768734168	0.960668	26.680351	0.1388850175962221	0.0656036377973245	0.0015538055	0.0935498622	-0.1453071674	0.124813607	-0.0681366835	-0.077185248	-0.148442662	0.0042502759	0.0600892616	-0.0332896443	-0.0764585852	-0.026158423	-0.0401738045	-0.0325635681	-0.0191084302	0.1100810199	-0.073103746	0.0152297716	0.0301769121	0.0823689522	-0.088503904	-0.0038121481	-0.1060143841	-0.1450370463	0.0297204103	0.0975392196	-0.02934786	-0.1299401012	0.0670279103	0.0294435765	-0.0120629632	0.0241155038	0.0474978559	-0.0840752565	0.0537325799	-0.0452247838	0.1400235608	0.0346765563	0.0864213655	0.0502738334	-0.1078677613	0.0621726666	0.072523587	-0.0517277788	0.0169172391	0.0765040814	-0.0176439751	-0.0864230444	-0.0155472622	0.0057538076	0.0730969171	-0.007318664	0.0131878277	-0.010461588	-0.0477026239	-0.0421313816	-0.0231875583	0.1190075003	-0.0105925706	0.0676135144	-0.1361148586	-0.1478229399	-0.1172497606	-0.0295936496	0.0307779352	-0.0235717685	0.0494428149	-0.0383009698	-0.061262316	-0.0174826824	0.0633666417	0.1151665843	0.061858007	-0.0769209756	-0.0657039485	-0.0308265149	-0.0483337926	0.001760189	-0.032306493	0.032179333	0.1569236258	0.0273816653	0.020880705	0.1742226334	0.0267656601	-0.0865278754	-0.1032536466	0.1471209597	-0.1155184143	-0.1085895455	-0.0363909927	0.004785815	-0.0245136575	0.0359044825	-0.0327626477	0.0384813013	-0.0457073931	0.016561524	0.0679747881	-0.0333871	0.1096719346	0.1084737761	-0.1337362098	0.0560333608	0.0272423989	0.0001692668	-0.0623335712	0.0284810861	-0.1199855075	0.0211245592	-0.0269170377	-0.0162232045	-0.0589489879	-0.0591280612	0.130443903	0.0078390683	-0.0483778899	0.0025080305	-0.0700347499	0.0712296541	0.0364684877	0.1017366409	-0.1029005208	-0.0952314587	0.0619723439	0.0249094789	-0.0649070763	0.1020627124	0.0046342217	0.1247127087	-0.0383378208	0.1412745055	-0.0166793828	-0.0725888929	-0.0616994848	0.0671093085	-0.0068230451	-0.1036077253	0.0475843971	-0.0443639578	0.0138394309	0.0357717305	0.1019674871	0.0399836102	0.0439456257	-0.1034115825	0.0339327777	-0.0561319304	-0.0203586652	-0.1768110806	-0.1307571416	-0.002065319	0.0818941553	-0.0904463661	-0.0784220635	0.0180619221	-0.1452412807	0.1737696921	0.074122387	-0.0174243479	-0.0451979938	0.0242693675	-0.0561870965	0.0732036549	-0.0727787655	-0.0053706966	0.0530484967	0.0883401128	0.068376169	-0.0132918257	-0.1635418103	-0.0248713169	-0.0333155604	-0.0324799582	0.0926392322	-0.06443103	-0.0153164155	-0.0421973605	-0.1386730033	0.1001831524	-0.0726644125	0.1446745672	-0.0100600381	0.0532940658	-0.0105171338	-0.0753197573	-0.1643655126	-0.0015702727	0.1256242911	-0.0013987002	0.1041848154	0.0988020511	0.0900358269	0.0781863408	0.0	0.0	-0.0609961623738399	-0.0428134137749083	0.0037205318243358	0.0018329883990615	0.2648037078702856	0.0342228115547556	0.0701210037018515	0.0011712008307123	0.0260837477795874	0.0314084582714641	0.0006803618982291	0.0009864912509903	0.0050550125485999	5.308579589520003e-05	2.5553151866502457e-05	2.818101725826836e-09	0.0002447053342946	-0.0002353019020101	5.988070063223193e-08	5.536698508957072e-08	8.088283586971676e-05	-0.0003204189819965	1.0266832402372673e-07	6.542033138327541e-09	0.0	0.0
68.01365607378428	0.1111591282394073	0.012356351790945	4625.8574125230125	77.69898988618407	0.2600324334100179	0.0676168664251354	6037.133029333334	71.28261353553982	0.0363619436911477	5081.210992457125	0.0013221909489982	73.89155569073876	59.39419784754553	0.956043	26.551918	0.1361631108742829	0.0665003100340747	-0.0575500081	0.0220251837	-0.144729422	-0.0220331769	-0.0777591088	-0.0218792998	-0.0305459972	0.0175622562	-0.1026521254	-0.0832990863	-0.0385083185	-0.0550522908	-0.0964058445	-0.0701172728	-0.0142135187	-0.0624100327	0.0129747598	0.0307274831	0.1727274856	0.001576135	-0.0076941789	0.0620369188	0.1061848089	-0.0455759289	0.0944188091	0.0501269844	-0.0185712902	0.0413097891	-0.0629969295	-0.0130652105	0.0954588459	0.0635005047	0.0266113264	-0.050721596	-0.0752088792	-0.0626427249	0.1137289205	-0.0687614199	0.0277330939	-0.0025729491	0.0818077985	-0.0179127287	-0.0275304953	-0.0731685058	-0.051344397	0.0709523239	0.0512910805	-0.1068338874	-0.1177144457	0.0640605812	0.0678514204	-0.0532334907	-0.0360923857	0.1442981393	-0.0040502751	0.0027358709	-0.0253364167	-0.0259707301	0.0156418252	-0.1123973278	-0.0315591491	-0.0494291485	0.0149213872	0.0522744337	-0.0596934687	0.0752860335	0.0671575441	-0.0214692639	0.0635450358	-0.0979186423	0.0775183856	-0.0154833369	0.1050919717	0.137257483	-0.1062433709	0.0341159556	0.0339884074	0.0168554469	0.1893581913	-0.0663204158	-0.0352499407	0.1964093196	0.1281540156	0.1330094129	-0.0481512529	-0.0249877277	0.0478791584	-0.0601384584	-0.0356390622	-0.0287309219	-0.065806308	0.0064192297	-0.0212364943	-0.1334812387	0.0010750739	-0.0088224983	0.1490568278	-0.0532181715	-0.0587688351	-0.0353091977	0.0658226509	0.0048642555	-0.1050031017	-0.0159902911	0.0406210838	0.0119418445	-0.0259545681	0.0468813694	-0.0846840418	-0.0041342186	0.1572674608	-0.1066919657	0.015545587	-0.0434811029	0.1100954899	0.0332848684	-0.0293323229	-0.0389378844	0.1615371123	-0.020349291	-0.122776361	0.0112044164	-0.0115657623	0.0500693204	-0.0455275067	0.1159886313	-0.1352719753	-0.0782190098	-0.1120787409	0.0533331076	0.0272789661	0.0737691685	-0.0450829533	0.0931274792	0.1209713334	-0.0719584174	0.0568622528	0.1801589313	-0.0653239889	0.1410538706	-0.0164987165	0.0927375817	0.060849962	0.0034947685	-0.0059639081	-0.0142784496	0.1942308115	0.1046045931	-0.197252984	0.0204070119	-0.1970605042	0.0382929094	-0.0072271454	-0.0531286934	0.027815832	0.0696965462	0.1097764151	-0.0308127289	0.0084529134	0.0160576872	0.0596786319	-0.0389007109	-0.0632381966	-0.1592944362	0.0260303622	-0.0217403125	0.0059499354	-0.1316251593	0.0505674752	-0.0078556402	-0.0530086834	-0.0505665609	-0.02339757	-0.074433763	0.0144425016	0.136819763	-0.1599857311	0.1306621892	-0.0469527298	0.2031330887	-0.0373889737	-0.0955725937	0.1553925072	-0.1772544239	0.0557637367	-0.0503035893	0.1549407451	0.0633582273	-0.0120243079	0.0051012936	0.1038238878	0.0973855183	0.0869490055	0.0729428184	0.0	0.0	-0.0287967754251354	0.0321993869487045	0.0008292542748856	0.0010368005198724	0.2278801822570528	-0.0369235256132328	0.0519293774655076	0.001363346743711	0.017828373597986	-0.0082553741816014	0.0003178509051493	6.815120287825099e-05	0.004731909210793	-0.0003231033378069	2.239096477918763e-05	1.0439576690196003e-07	0.0002331822825993	-1.1523051695299996e-05	5.4373976918219806e-08	1.3278072037255608e-10	0.0009219529289824	0.0008410700931126	7.073989015285776e-07	8.499972032592263e-07	0.0	0.0
68.20376583843846	0.1901097646541814	0.0361417226168682	4651.753674544545	77.90494502561037	0.2059551394263081	0.04241751945611	6069.180459443374	71.44247994729139	0.1598664117515653	5104.027941019132	0.025557269606321	74.00330954091547	59.9756421097764	0.961142	26.693504	0.2071601338996579	0.1106462437135371	-0.0496109437	0.0231153468	-0.0936457956	-0.1948935105	-0.0674760782	-0.0889313235	0.060495883	0.031005953	-0.0714546045	-0.0321799623	0.0435761065	-0.0394136215	0.028846726	0.1224642162	0.0121537423	0.0171044994	0.0740838964	0.0463496175	0.2261114809	-0.1012807537	-0.0593071338	0.0639104198	-0.0454889855	-0.0606766017	0.027866104	-0.0733606557	0.1001071741	-0.1103197443	-0.0288407542	0.0261586124	-0.0737398314	-0.1713854426	0.0219077005	0.0407368895	-0.0684745612	-0.1403026108	0.0738119803	0.0152830144	0.0443769267	-0.0639605199	0.0818665471	-0.0460810283	-0.1313656414	0.0749239429	0.0490006163	0.1283004514	0.0266237856	-0.1438094722	-0.0689782502	0.001784912	-0.0566790524	-0.0856249654	0.0472786538	0.0357853732	-0.0679906537	0.0734330047	-0.0109896956	0.0272981293	0.097576347	0.0548709085	-0.0634810628	0.062296534	-0.0037805635	0.1408295402	0.1142258655	0.0466469381	-0.050907802	0.1069462449	0.0913930694	-0.0059392849	0.0439368747	0.2695345387	0.0286133344	0.0123717366	0.004545961	0.1514605042	0.014882599	0.0420908716	0.0590611034	0.0081551279	0.1876555321	-0.1361473084	0.0885214613	-0.0684546828	0.1052888946	-0.0610072612	0.1559363484	-0.0218648984	-0.0319302202	-0.0609183241	0.0543401833	0.0525878894	-0.0532372488	0.0524468127	0.0977600326	-0.0489122069	-0.0476823282	0.0577225563	-0.1199500163	-0.0096479669	0.0195507828	-0.0443536203	0.0207595393	-0.1892043512	0.0909674119	0.0794270344	0.0155782383	0.0479544275	-0.0298421634	0.0569147565	0.1917633453	0.0067971908	0.0580494214	-0.0359440903	0.0247166903	0.1054437575	-0.1300104735	-0.0015152604	0.0652211556	0.0648124437	-0.0610564382	0.1343849662	-0.0993221237	0.0204825367	-0.0869112286	0.0586383792	-0.1735832306	0.0736373161	-0.0480064088	-0.1437484016	-0.0817474403	0.1141593618	-0.084600271	-0.0271575283	0.1008161292	0.0612124866	0.2192305988	0.0444791298	-0.2757390465	0.1209340598	-0.0060788548	-0.0012365836	-0.0811816709	-0.0430686033	-0.1442832688	0.1048809581	-0.024327527	-0.1584571585	0.0194663507	-0.0065849639	-0.0482006006	0.121235524	-0.0909671193	-0.0793685918	0.0827351727	-0.0084157411	0.0330907833	0.0032091544	-0.117017603	-0.0222380863	-0.1236814672	-0.0326012147	-0.0837549483	0.1001814315	-0.0089144465	-0.064312498	-0.1277610416	-0.1373330153	0.0482374229	-0.0056002556	0.0508001538	0.0368907582	0.0652064751	0.0205776135	-0.0192766043	-0.0313360312	-0.1777596892	0.1932417244	-0.0098054777	0.1252145825	0.0120440352	-0.02622442	-0.0627151097	-0.2367436943	0.1136945797	0.0571152234	0.1706843482	0.0910450367	-0.2854426584	-0.1601502966	0.1034306197	0.0958476552	0.0836184785	0.0673358985	0.0	0.0	-0.0194470518609932	0.0093497235641421	0.0003781878260841	8.74173307258759e-05	0.1920871649912499	-0.0357930172658029	0.0368974789543756	0.00128114008499	-0.0179092580609818	-0.0357376316589678	0.0003207415242948	0.001277178316592	0.0029450696542254	-0.0017868395565675	8.673435268239317e-06	3.1927956009146968e-06	0.0008180882255957	0.0005849059429964	6.69268344858321e-07	3.42114962152508e-07	0.0010758026576333	0.0001538497286509	2.3669739005955594e-08	1.1573513581708714e-06	0.0	0.0
68.19811119351307	-0.0056546449253858	3.197500923219149e-05	4650.982370362773	78.00418191593747	0.0992368903270914	0.0098479604017911	6084.652396374666	71.42075850548001	-0.0217214418113798	5100.924745498095	0.0004718210343651	73.95971247116665	59.419056472324186	1.034936	28.74299	0.1668207788679703	0.0730591754036888	0.0342132908	0.0462398689	-0.0716069438	-0.134037011	-0.0031663213	0.1317333447	0.0920618224	-0.0514742682	-0.0556405621	0.0143212501	-0.062105233	-0.0290406307	-0.0144257735	0.1198616662	-0.0339061299	-0.0943448961	-0.0898162666	-0.074581563	-0.0536866367	-0.1006263185	-0.0428571599	-0.1041635765	-0.1339303963	-0.0304353081	-0.0380720853	-0.0048740847	-0.0050974697	-0.0606423248	0.018808368	-0.0799625343	0.1075598318	0.0626901288	0.1243552767	0.054078851	-0.0912787868	-0.0162847989	0.0963584181	-0.0414062543	-0.104637803	-0.1521617581	0.066973771	0.0363117386	0.066801698	0.0652215593	0.0159187703	0.1055627847	-0.14349394	-0.0325438667	0.0737790872	-0.0548117107	0.0422884172	0.0429420678	-0.0318308675	-0.0517339625	0.0016954799	-0.1285582619	-0.0107854644	-0.1479639077	-0.0092896332	-0.1164234217	-0.0619761973	-0.0952377838	0.1318339767	-0.0488644398	-0.1135622949	-0.0583963714	-0.0970920658	-0.0543679925	-0.1107496408	0.0323117971	0.1490329168	-0.0004344488	-0.0004897346	-0.0471739245	0.0940366246	-0.1387415546	-0.0769966608	-0.0778145243	0.0300319732	0.0772575289	0.0504965878	0.0037828239	0.0128969271	-0.0956945001	-0.0039320095	0.0052653865	-0.121360769	-0.0015792811	0.0608328197	-0.1357748977	0.1005208454	0.0265484532	-0.0209018321	0.0003096164	0.0945597772	-0.0007288709	-0.0762887939	0.0082436323	-0.0629431234	0.1204775788	0.018201359	0.007494092	-0.0378954151	-0.1468927981	0.0858910295	0.0233196689	-0.028213043	-0.1038136684	-0.0816015695	-0.0966101482	0.0869297318	0.0084290517	0.1025077688	0.0876144821	0.1018516563	0.0403005427	-0.0934252972	0.0539505193	-0.0468129136	-0.0710097706	-0.1127937066	0.0973255802	-0.0819314578	-0.1298955948	-0.2241114899	0.0045274664	0.0428405086	0.090104295	0.0551809468	-0.0594360242	0.0017124609	0.0811443774	-0.122142945	-0.2886143555	-0.0859286404	0.0918782513	-0.1345901301	0.0160673258	0.0569569655	-0.087570881	-0.0027059064	-0.0673155814	-0.0748089914	0.0166693049	0.0171371087	-0.0209591052	-0.0417212737	0.0539751145	0.1086882645	-0.1549471951	0.1215222911	0.0487525652	-0.0516256003	-0.0524335986	-0.0220340534	0.0063057857	-0.0928358312	-0.0859783885	0.037559101	0.0520395976	-0.0093695183	-0.0390401104	0.0561767161	0.1193261949	-0.1178358751	-0.0677883643	-0.0356080168	-0.1092296828	-0.0202716007	0.1250795357	-0.1016329582	0.1086735906	0.0036844421	-0.0546274358	0.0354476684	0.0905398908	-0.0572277488	-0.0305966311	0.0589419717	0.1373363887	0.0119942336	0.0820597875	-0.0848013629	-0.1389919319	0.0318397832	0.3029405762	-0.0727891199	-0.0761185569	0.08154918	-0.0196917384	0.1030051337	0.0941903779	0.080053581	0.0613935146	0.0	0.0	-0.0608601978068463	-0.0414131459458531	0.0037039636770884	0.0017150486571325	0.2156343579855502	0.0235471929943003	0.0464981763438404	0.0005544702979108	-0.0225218090174337	-0.0046125509564519	0.0005072318814177	2.127562632586534e-05	0.0037064493443879	0.0007613796901625	1.3737766742513492e-05	5.796990325919445e-07	0.0002713145953721	-0.0005467736302236	7.361160966192637e-08	2.989614027078941e-07	0.0004389981985921	-0.0006368044590412	4.0551991905475546e-07	1.927194183671089e-07	0.0	0.0
68.14496136458301	-0.05314982893006	0.0028249043152946	4643.735759380511	77.80244930677635	-0.2017326091611124	0.0406960455989501	6053.221118133504	71.49947077199954	0.0787122665195312	5112.174320676017	0.0061956209006417	73.9476371871564	59.446529976803056	1.038657	28.846331	0.1853732553538367	0.0944819787195561	0.1062732414	-0.0011907884	-0.0907831064	-0.2573542495	0.0655877675	0.1237453912	0.003963508	-0.0046286147	0.0255692127	0.1906782724	0.0083876525	-0.1206477249	-0.034934064	0.0966586467	-0.1058736906	-0.0658375142	0.1122209375	0.125084613	-0.0028549147	0.0842311232	0.0643727344	0.0528216734	-0.0167301178	0.0611406478	0.0176116542	-0.0706049535	-0.0128710821	-0.027080176	-0.0798842587	-0.0516630158	0.1345216084	-0.0284521682	0.048443363	0.0320317546	-0.0072650269	0.0649851999	-0.0223574196	0.0446424892	-0.031310183	0.1696306922	-0.0827322209	0.0323777398	-0.0025012815	0.1031099733	-0.1085382178	0.1075771686	0.0033157385	-0.089084056	-0.0184448788	-0.2891050186	-0.0321389998	-0.1220079708	-0.0739995949	-0.1647059337	0.0953855427	-0.0863760925	-0.019265821	0.0184055167	0.0826768524	0.0327888001	0.0741142955	-0.0386222669	0.0512485253	-0.0561080934	-0.0544745312	-0.0642134532	-0.0117750535	0.0560020595	-0.0070004203	0.0218174208	-0.0782183998	-0.0480141058	-0.0396674125	-0.1076232631	-0.1198082644	0.0439801064	0.0720453602	0.1325027157	0.0289126446	0.0871684528	-0.064213755	0.0170071555	-0.0055119533	-0.0245512871	-0.0279601401	0.1402006466	-0.0374516743	0.0831907692	-0.0249723974	-0.0020099825	-0.1530879259	-0.0296838284	0.0592838468	0.1136924649	0.018905121	0.0118533692	0.0196847309	0.0752511366	-0.1281988998	0.2173953297	-0.1169967953	-0.0096750319	-0.0855600465	-0.1077416579	0.0847165287	-0.0394881397	-0.0146758064	0.0078365049	0.1308510279	-0.1696512696	0.1977459542	-0.0568239275	-0.0796909644	0.133539523	0.1788253016	-0.0202072243	-0.1255215032	-0.0334456154	-0.1155296909	0.030624871	0.1882843401	-0.0327742644	-0.0008893768	0.063183709	-0.1011011136	-0.0762229661	-0.0311621961	-0.0772645193	-0.0736697102	-0.0648594792	0.0914168861	-0.0946057794	0.2083736737	-0.0750257421	-0.0472021232	-0.1193576348	-0.0342600549	-0.0662557704	0.1658438119	-0.0057527289	0.0294396429	-0.1534869131	0.1513587405	-0.1182066833	-0.076653454	0.0440386503	-0.0742439586	-0.0113671348	0.0450754427	0.0335972998	0.0387006667	0.1021671909	-0.0391574624	0.0130761857	0.0291719521	0.0210129227	0.0498507535	-0.0976479729	0.0266111903	0.0374535559	-0.0617420871	-0.0317462423	0.0529519756	0.0014464095	0.055443192	0.0108600829	-0.1822333523	-0.0649739755	-0.1248531631	0.0315320194	0.0120826653	0.0422128192	0.1651105748	-0.0518587857	0.0737194749	0.1683105153	0.0106251454	0.0749991901	0.2229083512	0.1254569863	-0.0620091703	0.1588522381	0.1538297634	-0.2215633847	-0.0007780749	0.0945106744	-0.0748061637	-0.0458696846	-0.0332161254	0.0099934856	0.1025475623	0.0924157511	0.0762643048	0.0551452713	0.0	0.0	-0.0242796940682126	0.0365805037386337	0.0005895035440459	0.0013381332537721	0.1990970979029356	-0.0165372600826146	0.0396396543933711	0.00027348097104	-0.0126413362745623	0.0098804727428714	0.0001598033828065	9.76237416226247e-05	0.0021559613305592	-0.0015504880138287	4.648169258866596e-06	2.404013081026467e-06	7.27255659500603e-05	-0.000198589029422	5.289007942756571e-09	3.9437602606787766e-08	0.0011374215311357	0.0006984233325436	4.877951514413082e-07	1.2937277394910804e-06	0.0	0.0
68.07866976251796	-0.0662916020650499	0.0043945765043509	4634.7052766339775	77.67494018479834	-0.127509121978008	0.0162585761876025	6033.396332712001	71.3567777773656	-0.142692994633947	5091.7897347683365	0.0203612907176036	73.84322910070064	59.5693584283193	1.023488	28.425045	0.1329869222552106	0.0628661852602648	0.092340443	-0.0804018092	-0.1128116098	-0.1029432959	0.0716768161	-0.0820661123	-0.0869283027	0.1320974885	-0.0596957757	0.1736944789	0.1118183034	0.0298752863	-0.0844888515	0.0638010177	-0.1375467017	0.0586922343	-0.1180519762	-0.0311099981	0.1642314104	0.0081477212	0.0372296459	0.0045281818	-0.0062301958	0.0061358477	-0.0796254005	-0.0371201031	-0.0169213828	0.0117219826	-0.0051247266	0.05905537	0.0353623337	0.0458060088	-0.050698755	-0.0298841452	0.1131744616	0.0209087332	-0.0137513187	0.1645424923	-0.0325467896	0.0367382615	0.0112325699	0.0169276216	-0.0062908079	0.0346236153	-0.0535637944	0.0124674396	0.1540415451	0.0821135429	0.0016746546	-0.0075477595	-0.1068068806	-0.0175589139	-0.0177222309	-0.2429277531	-0.0583587637	0.0275956714	-0.0290564447	-0.062844582	-0.1288655634	0.0742634658	-0.0054461693	0.0452382081	-0.0828318824	0.0729277785	-0.0910699473	-0.0261951459	-0.0013757522	0.0392742508	-0.0013250551	0.1187198176	0.0559964122	0.0800505088	0.0477664039	-0.0301884557	-0.0683134552	-0.0155363619	0.0873912076	-0.1530547132	0.0165272169	-0.1114887748	-0.0178544029	0.0369441554	-0.047917076	-0.1115207269	0.0304167682	-0.0358668122	0.0821387767	-0.0526207049	-0.1179911737	-0.0606624614	0.0178863835	0.054717278	0.0079822587	-0.0680881889	0.0218313422	0.1198872515	0.0053710752	0.1234471028	-0.0284320671	0.0592156593	-0.2110619569	0.0915366868	-0.0416507679	-0.132495072	-0.0169407846	-0.1259257922	-0.0478158478	0.0709147606	-0.0616831833	-0.0875349985	-0.0444869923	0.0946082505	-0.1850383473	-0.0660485421	-0.0366903629	-0.1135088766	0.0033548051	-0.0212572563	-0.1227023327	-0.0319097699	-0.0141770645	0.0240482928	0.0253254315	0.1117530643	0.025692029	-0.0514017548	0.066195422	-0.0601643182	-0.0398031398	-0.1553101139	-0.0008751716	-0.0547578053	0.0939579286	0.0971199292	-0.000208305	0.1539694711	0.1474384841	0.0101566846	-0.1005992253	0.0184981564	-0.0735723895	0.0014743474	0.110050534	0.081851142	-0.0064524833	-0.1207437747	-0.0348705995	0.0641319912	-0.019670341	-0.0732834383	-0.0509870541	-0.0386323394	0.0252682956	-0.0261557463	0.0628251683	0.0016676832	0.147446234	0.0382730737	-0.0121499381	-0.2121817845	0.0304429196	-0.0133371732	-0.0522512254	0.0790186567	-0.0684059133	-0.0506597319	-0.1228714651	0.0086030428	-0.1293303383	-0.0279945662	0.0348461118	0.1831639479	0.0560166048	0.0086936319	-0.0067234408	-0.1341133145	-0.0594898865	0.0228335249	-0.0333634572	0.0271425312	0.063209025	-0.0007304875	0.1344833345	0.0446614497	-0.062999969	0.0008503641	-0.0048664182	-0.0987264301	0.0394660345	-0.1472674215	0.1020580481	0.0905259858	0.0722612707	0.048622297	0.0	0.0	-0.0268679418539505	-0.0025882477857379	0.0007218862994672	6.699026600377144e-06	0.170582903753754	-0.0285141941491815	0.0290985270530625	0.0008130592679772	-0.0304418071376204	-0.0178004708630581	0.000926703621804	0.0003168567629465	0.0028783194725796	0.0007223581420204	8.284722986230905e-06	5.218012853431643e-07	-0.0006821587806022	-0.0007548843465522	4.6534060195268053e-07	5.698503766696331e-07	0.0009329838305637	-0.000204437700572	4.179477341516676e-08	8.704588280933149e-07	0.0	0.0
68.01221167591139	-0.0664580866065733	0.0044166772754068	4625.660937048978	77.69497816784437	0.0200379830460235	0.0004015207645527	6036.509632501813	71.19075981630098	-0.166017961064611	5068.124283222254	0.0275619633960507	73.84711933388074	58.77006007046313	0.91108	25.303164	0.1178037267691849	0.0537319040678147	0.1095613723	-0.0654184221	-0.1229351281	-0.0805577393	-0.0109034072	-0.0321638486	-0.0265841945	0.1823252479	0.0130986905	0.1502652298	-0.0021986615	0.0239486725	-0.1410774711	0.0847486579	-0.0850881918	0.0381822932	-0.0666120843	0.1340096107	0.0470064445	-0.0067314094	0.0900638999	0.0117601559	0.1232309549	-0.0197244092	-0.0838090743	0.1042983681	-0.0177270279	-0.0399310565	0.0027192668	0.0001897269	-0.1220699847	0.0866049409	-0.0750503454	-0.0181616667	-0.0158184779	0.1425855692	0.0155919478	0.0312595551	0.011803876	-0.0212555486	0.034181428	-0.1471565032	-0.0435060927	-0.0486084239	-0.0959102911	0.0117987523	0.0869613832	0.132852738	0.0751376779	0.0488271709	0.0846356585	-0.0617628072	0.0748526105	-0.2209201187	0.1367157451	-0.0786144649	-0.1013294493	-0.0956403525	-0.0485484342	0.0334876663	-0.1351548177	0.0158946981	-0.014589588	0.0197635517	0.0178334814	-0.0014092203	-0.0212674199	-0.0198680324	-0.0753609261	0.0840044689	-0.0195081907	-0.0237805863	0.0143608016	0.0441805383	0.0595644842	0.0236427559	0.0348223251	0.1189899931	-0.0607726071	0.0419231734	0.0916156834	-0.0226393092	0.0190770442	-0.038467159	0.0197806906	-0.0040639673	0.0417079968	0.0333919359	0.0007505441	0.0603439886	0.0605269953	-0.0134257971	0.0150300197	0.0664668044	0.1005316834	0.1043183836	0.0067064908	0.0378312757	-0.0420948485	0.071781209	-0.1545072016	0.1238886801	-0.0210417399	-0.0968974913	-0.0652598738	-0.071880065	-0.0535358379	-0.0271199501	-0.0974499431	-0.0978439064	-0.0023160758	-0.0273454098	-0.1552711594	-0.0102057038	-0.0069998644	-0.1766181727	-0.0173168854	-0.0332482858	-0.0330389339	-0.0072999774	-0.0324108673	0.055469717	0.0285870167	0.0669997023	0.0370341054	0.0268575627	-0.1533488306	-0.0081786479	0.0975268293	-0.0867264669	0.0735508801	-0.0158601719	0.0070071411	0.1199734911	-0.0609206678	0.1086195886	-0.0983821593	0.0867123385	0.0417028106	-0.001757668	0.017560829	0.0548899235	-0.0796469929	0.0684455311	0.005543187	0.1019945255	-0.0317551933	0.050998786	-0.1739305432	-0.0281805818	0.0358470588	-0.0758000043	0.0243624469	0.1149371807	-0.0788017794	0.004977224	-0.04688475	0.0021552773	-0.0555103447	-0.0068987839	-0.0487051102	0.1433171444	-0.0411125322	0.0088259585	0.0450360121	0.0457495067	-0.021919808	-0.0403988173	-0.119459526	0.0679687289	-0.0265160445	0.1642830395	-0.0188181366	0.0975295868	0.063137106	-0.0275692354	0.0389316683	0.1811896865	0.1224332972	-0.0264948271	-0.0995074737	0.1040693776	-0.0140391577	-0.0500424274	-0.2386550412	-0.1341512929	-0.0967788673	-0.0178850705	0.022653527	-0.0414417316	0.1015367435	0.0885234364	0.0680556987	0.0418570888	0.0	0.0	-0.0417452497116954	-0.0148773078577449	0.0017426658734918	0.0002213342890941	0.1874018167838187	0.0168189130300646	0.0351194409338759	0.0002828758355128	-0.0391497716276205	-0.00870796449	0.0015327046184948	7.582864555910267e-05	0.0036000361272654	0.0007217166546858	1.296026011761606e-05	5.208749296508626e-07	-7.972338168249493e-05	0.0006024353989197	6.355817586892769e-09	3.6292840987154426e-07	0.0007091450563417	-0.000223838774222	5.010379684520752e-08	5.028867109338728e-07	0.0	0.0
68.15668039803107	0.1444687221196829	0.0208712116708941	4645.333082879353	78.01221861672956	0.3172404488851867	0.1006415024088748	6085.906253504405	71.28276590907245	0.0920060927714701	5081.232715647622	0.0084651211070723	73.94141628415568	59.16120297384078	0.943305	26.198149	0.1951963490076911	0.0973676077352837	0.1043650457	-0.015768209	-0.0815615116	-0.0063208001	-0.0357018197	0.1720474043	0.0849682832	0.1032744623	-0.0034064414	0.0646945827	-0.0597601977	0.0380322391	-0.0913015046	-0.0335819775	0.0198425722	0.0885315759	-0.0941091691	0.0874615788	0.0669805728	0.0348675658	0.0269271106	0.0239081852	0.1066416266	-0.0194777401	0.0797868106	-0.0028501999	-0.0434266611	0.0723847356	0.066687327	0.1385536223	-0.0471364038	-0.1254249462	-0.0018436708	0.0111164685	-0.079481573	0.1075571027	-0.0580643059	-0.0303659591	0.0531011857	0.0348391446	-0.057108041	0.1117241318	0.0044670631	-0.0290460612	-0.1050711961	0.0214718115	0.0448741485	0.0423276456	-0.1093460672	0.1277053649	0.0346999304	0.0048808418	-0.0640086565	-0.0074539482	-0.1210992519	-0.0974846395	-0.0498080137	-0.0941052732	-0.1499008049	0.1114820311	0.0268139038	0.0204773109	-0.1120097675	0.0122189784	-0.0817641422	0.0599016183	0.0324157476	-0.0234242845	0.0527111257	0.0897965049	-0.0741148634	-0.0425350751	-0.0283030042	-0.0621917996	0.0522560932	0.1617917038	-0.0323499057	-0.0734765099	0.0696753245	-0.0143798501	0.015256721	-0.0838017276	0.0669150277	0.159239932	0.0702616119	0.1534697133	0.0804285436	-0.0238768459	0.0350100716	0.0230982402	0.0046864428	-0.0898401988	-0.0416563427	0.0784008545	0.1382233131	0.1387256716	0.0726754728	-0.0892776548	-0.0099251967	0.1432273616	-0.0428249585	0.0987629647	0.0335671254	-0.1351261584	-0.1245767891	0.013497316	-0.0101715721	-0.0770210369	0.0163176535	0.0240073886	-0.019422211	-0.0556398229	-0.1755935885	-0.0585158259	-0.0187397365	-0.1369822425	0.1571171228	-0.008292449	-0.0507796331	0.113229061	0.0827797045	0.017102693	0.068611042	-0.041755775	-0.0762778277	0.310842477	-0.0671155852	-0.0146132939	0.036645856	-0.011037614	0.0092033366	-0.0508503434	-0.0285280626	0.0832434505	-0.0564551785	0.062171715	-0.0039747974	0.0353583518	0.0110789849	-0.0799254899	0.0574615558	0.0662243412	-0.0821325503	0.1462687371	0.1545205523	0.0285252413	0.0685206839	-0.0015421597	0.0531705605	0.1996539803	0.0865916533	0.0875473208	0.065035333	-0.065689627	-0.0663708703	-0.0300253097	0.0218710827	0.1920187903	0.0186480438	0.0040463729	0.1166654065	-0.0259679408	-0.0514973543	-0.1159321168	0.0683000941	-0.0137182324	0.062500041	-0.0386016567	-0.1180296875	0.1858271583	0.0140585787	0.0820138862	-0.0428185625	0.402926689	0.2609555516	0.1237556434	0.3477079553	0.1991207384	0.0575376777	0.0810249978	0.1627368032	-0.2657402425	-0.0632490968	0.1064429724	0.0451927775	-0.142604428	-0.0771149639	0.0046054951	0.1471068775	-0.043355834	0.1009838109	0.0864105979	0.0636593764	0.0348833508	0.0	0.0	-0.0377908644636875	0.0039543852480079	0.0014281494369127	1.563716268966253e-05	0.1575570931118193	-0.0298447236719993	0.0248242375898465	0.000890707531058	-0.0907483862423745	-0.051598614614754	0.0082352696055951	0.0026624170301619	0.0049710160067732	0.0013709798795078	2.471100013959537e-05	1.8795858300152216e-06	-5.7233128426315005e-05	2.249025325617993e-05	3.275630989463066e-09	5.058114915271116e-10	-9.335732035291614e-05	-0.0008025023766946	6.440100646005076e-07	8.715589263477011e-09	0.0	0.0
68.19942208958317	0.042741691552095	0.0018268521967344	4651.1611733531245	78.02549347489379	0.0132748581642374	0.0001762218592806	6087.977632000694	71.21373155138909	-0.069034357683364	5071.3955614733095	0.0047657425407546	73.95102915724799	60.10592406336098	0.968623	26.901289	0.1317366219192674	0.0577355128825311	0.0036053963	0.1088765787	-0.0181339497	0.0125935503	-0.0810495235	0.1365113394	0.0884514026	0.0626836751	-0.0639389318	-0.0415270824	-0.0824972238	0.066405667	0.0096909113	0.1381709585	0.0577623456	0.1136398097	-0.0381721289	0.1243307189	-0.0413861697	0.051129746	0.1008433975	0.0369485611	0.0113969229	0.0945709104	-0.1019028277	0.1374679618	-0.0325224546	0.1458076519	-0.0439396848	-0.1186134908	0.0062912804	-0.0833090897	0.0479547692	-0.0754101427	0.0167386024	0.0424491287	0.0576411743	0.042212317	0.0200710784	0.005997137	0.0294574792	-0.1146687065	0.0141810624	-0.0985217487	0.0342352017	0.0317569093	0.0127522769	0.0202321861	-0.0658683235	0.0914657423	0.0041690358	-0.0213529755	0.0233245961	0.1038214326	0.0008580102	-0.053664049	0.1265046211	0.0883419096	0.0557409639	-0.1094140979	0.0767927083	0.0253187388	0.0882616046	-0.0332218303	-0.035956683	-0.0280058609	0.0506627626	-0.1801198967	-0.0703676779	0.0669778099	0.0079860942	-0.0830328177	-0.053722665	0.0032459551	-0.045725876	0.0510213501	-0.0746922411	-0.082400751	0.0151715231	0.0550052793	0.0386806092	-0.1017749724	0.0879318333	-0.0667400669	-0.0968869608	-0.0026981547	-0.0042804859	0.0302363306	0.0126558705	-0.0591394786	0.0469685942	0.065911447	0.0046715022	0.0591031042	-0.0631148548	0.0195718139	-0.1039585919	-0.0787886368	-0.0256735097	0.055848838	0.0660654743	0.0364360808	0.0723172357	-0.1270598058	-0.0692390896	0.0798728343	0.0369147446	-0.0049702153	0.1280357095	0.0387080147	0.0115635698	-0.0430005118	-0.0862148595	-0.0660167738	0.0861814883	-0.1296431869	0.0227911062	0.0289448813	0.1084353911	-0.0597254588	0.0778153509	0.1129733497	0.0018611381	-0.0053903199	0.0199004774	0.1353276922	0.0175837519	0.0627462235	0.0415863133	0.0252049887	0.0275136224	0.0161740206	-0.0872549473	-0.0638964147	0.0253703667	0.0618291802	-0.0668719845	-0.0333951583	-0.0394346258	-0.0919323346	-0.103233373	0.0015871892	-0.0477376465	0.0215797885	0.0461376147	0.0962360848	-0.1439786119	0.0009746563	-0.0770844404	0.0632588573	0.01391559	0.0073976383	0.038758173	0.0785386568	0.1168588312	0.0350344312	0.1016456842	-0.1677932236	-0.0034233487	-0.0517343453	0.0265724956	-0.0278651626	-0.0393883579	-0.0958587213	-0.0007062733	0.1038069454	-0.0279412939	-0.0547886905	0.0326583081	0.1744771298	0.0049960967	-0.0570226932	0.0464612898	0.0859537012	0.0231764973	0.0218972814	-0.0424676276	-0.0439185661	-0.05794753	0.0550775589	0.1320160293	0.0102404179	-0.0567720618	0.0155819412	-0.0335827632	0.1518677556	0.078620391	-0.0655901263	0.2090821815	-0.0629317219	0.1003994225	0.0841901024	0.059084626	0.0277358257	0.0	0.0	-0.0183122795726404	0.019478584891047	0.0003353395831465	0.0003794152693577	0.1918484993644114	0.034291406252592	0.0368058467083765	0.0011759005427803	-0.0783114884211428	0.0124368978212316	0.0061326892187347	0.0001546764274157	0.0043239905869469	-0.0006470254198263	1.8696894596005396e-05	4.186418939014002e-07	0.0003777944175604	0.0004350275459867	1.4272862193980188e-07	1.8924896576722345e-07	0.000135184372922	0.0002285416932749	5.2231305564965855e-08	1.8274814682314368e-08	0.0	0.0
68.34097729174574	0.1415552021625785	0.0200378752592884	4670.489177190908	77.94830165352933	-0.0771918213644653	0.0059585772855635	6075.937730669603	71.21722059074892	0.0034890393598345	5071.8925086713925	1.2173395654474885e-05	74.04236535307017	60.27957929362048	1.034756	28.737984	0.1097789092839271	0.0559675313808849	-0.0587299479	-0.0670053259	0.0858474638	-0.0213145217	0.070537277	-0.0571542535	0.0475693148	0.0806766131	-0.069488854	0.0692658519	0.1115627636	0.0368378144	0.055851022	0.0487880934	-0.0678415967	0.0509541791	-0.0097982849	0.0123311553	0.0294120312	0.0490152618	0.0511911442	-0.0448887878	-0.027230935	0.0066980827	-0.0037541629	-0.152387873	0.1856750148	-0.0439830626	0.0660781433	0.006662034	-0.0251421951	0.011043282	-0.0278286164	-0.0531560828	0.1162251447	0.0266816434	-0.0093611742	-0.0046025674	0.0622324625	-0.032648991	-0.0615251462	-0.070332752	-0.0655572135	-0.1020816762	0.09802438	-0.0307126576	-0.1372203428	0.0015927691	-0.0310847874	-0.0622523835	-0.0749782256	0.10094762	0.0219884416	0.1044251948	0.0164689815	-0.0671613315	-0.0453671398	-0.1288917611	-0.0760794607	0.2492951447	-0.1743288495	0.0693192913	0.0811742506	-0.0922875232	0.0451070928	0.0247923966	-0.0903667718	-0.0825556256	0.0274554159	-0.0265776121	0.029264286	-0.0848026921	-9.67206e-05	0.0493551982	-0.0349949674	0.0804214264	-0.1296878638	0.0533701109	-0.0091596852	0.0835809985	-0.1761511978	-0.0858530826	-0.0583976862	0.1548553789	0.0261856503	-0.0794657062	0.0607608999	-0.0093275012	0.0220951359	0.0810248667	-0.0652770448	0.0799205313	0.0442552929	-0.0661230224	0.002969073	-0.0588225013	-0.0160126754	0.0356052445	0.0219781737	-0.0525246703	-0.0747431445	-0.04364783	0.252442415	-0.1145502646	-0.0384687144	0.0026318295	0.1037593311	0.0001040554	0.0751085119	0.0902090529	-0.0537087904	0.0285002949	-0.0431681785	-0.0753090725	0.0642460244	-0.0382726478	0.100045128	-0.0438269534	0.0708095782	0.1122566655	0.0014974384	0.0449089396	0.005529123	0.0726147701	-0.0950165337	0.0112188181	0.0148939816	0.033114639	-0.1154051058	-0.0306510127	0.128031821	-0.069282645	-0.0526954518	-0.0459852754	0.0585024157	-0.0043154411	-0.1391852473	-0.0671331097	0.0032508558	-0.064706239	0.0171184021	0.0110131312	-0.0209163693	0.0515271115	-0.0489317583	0.0593833802	0.1152482276	-0.0040949102	0.0165352843	-0.0757519333	-0.0460595247	-0.0058770232	-0.1326644917	-0.1553434031	-0.0663347998	-0.0023231475	0.024421043	0.0442136823	0.0021685771	-0.0245956934	-0.0534459496	0.0268663044	0.2822025553	0.0190872874	0.0637249449	0.0441375984	-0.052738829	0.0100312925	-0.0152732088	-0.0019792909	0.1896334293	0.1122819223	0.0637973453	0.0769691184	-0.0330215675	-0.0233346503	-0.048166355	0.0056916178	-0.0361178361	-0.0579494987	0.0292317011	-0.0032340772	-0.1619329085	0.0023554102	-0.1890733083	-0.0410384906	0.0105013887	-0.0058675143	0.0163319344	-0.0593552755	0.0997837604	0.0818647166	0.0543442699	0.020450122	0.0	0.0	-0.0247810077222681	-0.0064687281496276	0.0006140983437311	4.18444438737858e-05	0.1624626982194144	-0.029385801144997	0.0263941283127325	0.0008635253089333	-0.1107988756628302	-0.0324873872416874	0.0122763908481473	0.0010554303297913	0.0040950290303225	-0.0002289615566243	1.676926275918403e-05	5.242339441186832e-08	-0.0002192184323166	-0.000597012849877	4.805672106734773e-08	3.5642434291825734e-07	0.0001379498213729	2.765448450900009e-06	7.647705134585259e-12	1.9030153216815025e-08	0.0	0.0
68.33841806145183	-0.0025592302939116	6.549659697275347e-06	4670.139383141766	78.0285010933876	0.0801994398582763	0.0064319501535812	6088.446982880791	71.41386660304639	0.1966460122974638	5099.940343197704	0.0386696541524942	74.01906943974527	60.46163733347656	0.975091	27.080933	0.1374380293982962	0.0674855038579114	0.0775845172	0.0246497299	0.1188616263	-0.0095706565	0.0438638939	0.0405316942	0.084111625	0.0194994324	-0.0405808894	0.0992144044	0.0089783202	0.1091615134	0.0589137348	0.0317407075	0.0649759107	0.0239157579	0.0559195933	-0.0438495136	-0.0767824366	0.0070565571	0.0961615931	-0.0179852146	-0.0317574167	-0.0398420455	0.0137126217	-0.2039392672	-0.0538988187	-0.0761918058	-0.0348609244	-0.0686642748	-0.1024476301	-0.0623952193	-0.0936652829	0.0168390199	-0.152327977	0.0195758862	-0.0417452851	-0.0160602174	0.029602208	-0.0191803493	-0.1129397532	0.0363518811	0.1267009953	0.1166805845	-0.0161929876	0.0981047517	-0.0976520977	0.0673743662	0.0076575431	-0.1264513559	0.0351156965	-0.1314965731	0.1676239914	-0.0825997671	0.0294974153	-0.0756201131	-0.0828491362	-0.0258729631	0.1125388476	0.0522568011	0.1194068993	0.0863453695	-0.0565718703	-0.1365255717	0.0673859308	0.0421508434	-0.0770178623	-0.1225421154	0.1498409762	-0.0705151276	-0.1939335266	0.1271412908	0.0106379466	-0.0137373883	-0.0325475867	0.0093129098	-0.1742865412	-0.0421460422	-0.0394946861	0.059797444	-0.078249518	0.1312395335	-0.0317733341	0.0565274399	0.0420563701	-0.1042017017	-0.0018360944	0.0335292192	-0.0092279901	0.0140256421	0.0108215261	-0.0422103575	-0.006282047	0.0395615729	-0.0803501969	-0.0750653621	0.1677642698	0.0446587916	0.0167766684	0.0658556666	-0.0056461552	0.0427139182	0.182055264	-0.0501217176	-0.0765121192	0.0456008724	0.0242336451	-0.0858541679	0.0290422646	0.057374355	-0.0399959997	-0.0259081941	0.0406955793	-0.0473298966	-0.11755143	-0.0590888576	0.0399606943	0.0446677626	-0.0357697377	0.0494549757	-0.0188442439	-0.0213954702	0.126128272	0.124457545	-0.0164413469	-0.1185911579	-0.0265993329	0.1135988756	-0.1014767026	-0.0336352754	0.0114662886	-0.0420441358	-0.0004706239	0.0371065968	-0.0621633454	-0.148368528	-0.1471375308	0.0898381615	0.0017366435	-0.0068016033	-0.2611651086	-0.1176384615	0.0304960124	-0.0098240021	-0.1876968102	-0.1042105887	0.0870694484	0.0032756563	-0.0222511596	-0.0249607911	-0.0745647783	-0.0228508522	0.0310011336	-0.0355185604	-0.1051561565	0.0123559751	-0.1011907137	0.015728138	-0.0540960697	0.0737649674	0.1121350471	0.0288592474	0.0367408776	0.2069791835	0.1252072132	0.0202653644	-0.0764614702	-0.0047407704	-0.0401581395	0.1128225833	-0.0115337468	0.1151845532	0.0154791943	0.0290509643	-0.0718427161	-0.0185863647	-0.0067478568	-0.0151994797	-0.0860876608	0.0207214927	-0.0487584189	-0.0691361432	-0.0655209447	0.1318801761	-0.078073143	0.1307213896	0.0436900775	-0.0189874242	0.0443458454	-0.0651159845	0.0991370163	0.0794373376	0.0494515946	0.0130625369	0.0	0.0	-0.0428782320362586	-0.0180972243139905	0.0018385427825552	0.0003275095278708	0.1806194128486851	0.0181567146292707	0.0326233722978037	0.0003296662861287	-0.0593254085827652	0.051473467080065	0.003519504103512	0.0026495178132425	0.0037219817436225	-0.0003730472866999	1.3853148099859183e-05	1.3916427811423178e-07	0.0003992536400698	0.0006184720723864	1.5940346910898542e-07	3.825077043219285e-07	0.0001352567129599	-2.6931084130000225e-06	7.252832924171499e-12	1.8294378400716775e-08	0.0	0.0
68.21391149914714	-0.1245065623046883	0.0155018840569312	4653.137722013479	77.85553729534149	-0.172963798046112	0.0299164754345362	6061.48468754631	71.35046022747635	-0.0634063755700395	5090.888174672684	0.0040203684629289	73.94356344706605	60.58070252208636	1.008483	28.008293	0.0879043059678886	0.0517169696530573	-0.0722157699	-0.030763807	0.123892794	-0.0324912956	-0.0524461754	0.0167773104	0.0266804469	-0.0262653283	0.0574172723	-0.1242988524	-0.0117317035	0.0312374677	0.1140876436	-0.0153367434	0.0736360894	-0.0844351406	0.0228896122	0.0091709327	-0.0128360055	0.030818524	-0.0312594968	0.1344382734	0.0494133454	0.1154040691	0.0621967404	-0.0549858555	-0.1475376944	0.070342006	0.0336401613	-0.0465199586	-0.0704973165	-0.1912708523	0.012235235	-0.078251174	0.0382011483	-0.0553794098	-0.0198412526	0.0253561436	-0.0765435773	0.0335639474	-0.0277094908	0.0668796276	0.0112481389	0.0553934538	0.0241766423	-0.0567355405	-0.0558320731	-0.0944559285	-0.0568786074	0.053070653	0.056349637	-0.0771701429	0.0297157896	0.0281757886	0.0457728745	-0.0193595068	-0.0061542833	-0.0510905947	0.0219601644	-0.0843667782	0.0840204987	-0.014487557	-0.0313463096	0.0467179361	0.0445241229	-0.0030755178	0.1271760913	0.0787932467	-0.0906313667	-0.0101930325	0.0374559938	0.1173862072	0.0736576312	-0.0249968589	-0.0710096281	0.1390316699	-0.1817767433	-0.0055811395	0.0358616981	-0.0053180137	0.0243949941	0.0789283989	0.0285751014	-0.0386885194	-0.1240366676	0.0928079431	-0.0819059651	-0.0990416504	-0.0719239548	-0.022723974	-0.0941924806	0.0990947203	-0.1673932823	0.0058087856	0.0800408921	-0.0582474842	0.0168679595	-0.0929770733	-0.0396773516	-0.0469481175	0.0118861365	0.0003063743	0.0546247194	0.0021952614	-0.0040103013	-0.0478848701	-0.0181572232	-0.1001917898	0.0301220509	0.0904142776	0.0994493555	-0.0434682368	0.1524065142	0.0025020464	-0.2395916907	-0.013351997	-0.0336908519	-0.0724203027	-0.1310293942	-0.0350387516	0.0241869288	-0.0737465655	0.1465447328	-0.0073291691	-0.1620103872	-0.0798806361	-0.1569904376	0.1274313599	0.0231759786	0.1848999795	0.1636872522	-0.0707920241	-0.0185862326	0.0382048286	0.1112834564	-0.1103230262	-0.0548074595	-0.010689118	0.0313275138	0.0179304331	-0.0629881738	0.089161673	-0.0909008623	-0.0338120119	-0.0315159787	0.0593812848	0.0902454701	-0.067687714	0.0296747766	-0.0437399743	0.0776880202	-0.0853677334	0.0157295065	-0.0008141365	0.0822640141	0.0422352481	0.0369297209	0.0192315843	0.1103981957	-0.0276013996	0.0296766774	-0.2030524955	-0.0892926932	-0.0684217948	-0.0076118518	-0.006329493	0.0598461427	-0.1188735549	-0.0059217448	0.0279768084	0.0504584772	0.0406363813	0.0570480094	0.0144605792	-0.0804734455	0.0342552789	0.021495939	-0.0725376143	-0.0383279439	-0.0732001907	0.0537678799	-0.0357603754	-0.1003246118	0.10034003	-0.1135182684	0.0225851138	0.1304400819	0.098537798	0.0656374884	0.1160960993	0.0984593917	0.0769109895	0.0444203137	0.0056098749	0.0	0.0	-0.0385367028709566	0.004341529165302	0.0014850774681643	1.8848875493167925e-05	0.2111015157103679	0.0304821028616827	0.0445638499352147	0.0009291585948702	-0.0549965639282064	0.0043288446545588	0.0030246220439092	1.873889604330231e-05	0.0038570435650945	0.0001350618214719	1.487678506303689e-05	1.8241695619334382e-08	-0.0004111840097331	-0.0008104376498029	1.690722898601901e-07	6.568091842180481e-07	0.0001647938274119	2.9537114452000014e-05	8.72441130150548e-10	2.7157005553063083e-08	0.0	0.0
68.18069590245989	-0.0332155966872562	0.0011032758632904	4648.60729374371	78.01266841832981	0.1571311229883178	0.0246901898115698	6085.976433748273	71.34960143500511	-0.0008587924712344	5090.765624934084	7.375245086489521e-07	73.92952027332402	59.92810675536344	1.013154	28.138031	0.0364581246011158	0.0237470356128088	0.1081891139	-0.0421688878	0.0851580032	-0.0514350671	0.0035308277	0.0722143085	0.1123753994	0.0691815347	0.0111774683	0.0566450148	0.0855933968	-0.0519757114	-0.0038669669	-0.1061791135	0.0458761529	-0.0206790363	-0.0013305485	0.0657904411	-0.0102926764	0.119467473	-0.026441106	-0.0050507761	-0.0083174066	-0.0365203693	0.0731817351	-0.1217875063	0.0282559628	-0.121626453	-0.0038438749	-0.0037515147	0.0337703729	-0.0869380349	0.1193365705	0.1372392388	-0.1195078268	0.0580748338	-0.0156598483	-0.0789511476	-0.0626390379	0.0604451414	-0.108670543	0.0161469749	-0.0426855185	-0.010335304	-0.0376475707	-0.0567244618	-0.1429439764	0.0108635005	0.035172811	0.0127433241	0.0048068157	0.0443844335	-0.0315465648	-0.0136841552	-0.0527144211	0.0497421112	-0.0158258566	0.0845238713	-0.0532320423	-0.0475867529	0.0367794162	-0.0080626137	0.0918901292	0.0451152163	-0.033026541	-0.154205382	-0.0196505773	0.0014145105	0.089021741	0.1134450362	0.0042451722	0.0352365312	-0.0352169766	0.0152038127	-0.0027975609	0.0710634093	-0.0564944168	-0.0843031381	-0.0779901232	0.1000034685	-0.0277999088	-0.0483761585	-0.0383270225	-0.1482831466	-0.0095466277	-0.004634943	0.0509598424	-0.0555423377	0.1219661391	0.1126788551	0.1428022484	-0.0622784058	0.1533229248	-0.0834358144	0.2007464188	0.0047586714	-0.0382677961	-0.0054142041	-0.0976824946	0.0574265752	0.0259051054	0.0667824638	0.0620366878	0.1422269248	-0.0684019482	-0.1295172988	-0.0008320841	-0.020895764	-0.0077416268	0.2051599482	0.1369917266	0.0018413664	0.1042139565	0.0389101227	-0.0881861755	-0.0698647572	0.0559887377	-0.014554034	0.0300590114	-0.0356954139	0.1671850944	-0.0132663921	-0.026746022	-0.175449354	-0.1248433521	-0.0596621801	-0.0740939537	0.0535363331	0.0095227578	0.0385312723	0.0652199069	-0.0697671027	0.0731834316	-0.1089161425	0.0728004879	-0.0490731925	-0.0225591228	0.075693492	-0.0910082867	0.0080399041	0.1303546758	-0.0052876789	0.0528660366	0.0543604509	0.1321740261	0.0070124264	-0.0303080189	-0.1227116079	0.006868027	-0.0676960871	-0.0075803853	0.0379378223	0.1441650995	-0.0486761463	-0.036719024	0.0424971419	0.0432193053	0.0329122207	0.0076956594	-0.0814231217	-0.0265057142	-0.0364072973	0.0253180627	0.0162417114	0.0565758167	-0.0117502629	-0.0512591016	-0.0244294699	-0.1450719515	0.0623080846	0.0179538713	0.0006272505	0.0242969857	0.0265068218	-0.1089246387	0.0124208577	0.0786596622	-0.1135901049	0.0449988942	0.0040024762	0.0060273375	0.022510102	0.0138751902	0.0769112932	-0.0284882272	0.0402953852	0.112277232	-0.0579407431	-0.0661338502	0.2649181109	0.0977510977	0.0742888199	0.039264529	-0.0018707352	0.0	0.0	-0.0352672044532909	0.0032694984176656	0.0012437757099502	1.0689619903118492e-05	0.2081200612924192	-0.0029814544179486	0.0433139599123603	8.88907044630581e-06	-0.05083455742664	0.0041620065015664	0.0025841522287623	1.7322298119081004e-05	0.0038901280440963	3.3084479001800095e-05	1.5133096199464506e-05	1.0945827508205514e-09	-0.0003748023004248	3.638170930830002e-05	1.4047676440372201e-07	1.3236287721936443e-09	0.0006162309443805	0.0004514371169685	2.037954705769214e-07	3.797405768120829e-07	0.0	0.0
68.18537008335882	0.004674180898931	2.184796707593153e-05	4649.244693404604	77.83706431749255	-0.1756041008372619	0.0308368002308632	6058.608581565472	71.25464887794004	-0.0949525570650706	5077.224986718522	0.0090159880931955	73.93592106344445	60.65229842039916	0.981538	27.259979	0.116376879637868	0.0516758375430921	-0.0480746712	0.0440712723	0.0937335608	-0.0832295342	0.0342511513	-0.0818340487	-0.0304080746	-0.0657034657	-0.1445830786	0.012703776	0.1067092544	-0.0803703192	-0.0010745991	-0.175477394	-0.0958763653	0.0410585908	-0.0360743415	-0.041527758	-0.0214452175	0.0910661042	-0.0165511987	-0.1165392814	-0.0311700213	0.0834925732	-0.0305977058	-0.1012293489	0.0705335791	0.0608853095	0.0466974357	0.0749272865	-0.0502931143	0.0001490157	0.0705964761	0.0380729473	-0.0736162859	-0.0412877767	-0.1292839675	0.0337902147	-0.0742570705	-0.0008048256	-0.0044078107	-0.0252493553	0.1005502857	0.0042892821	0.0578424259	-0.0730816239	0.0996461232	-0.0421760777	0.1304748116	0.0377977232	-0.0099428206	0.1282172461	-0.0835795599	0.0282019443	0.198429753	0.0821681536	-0.0335381548	-0.1015523728	0.0968355612	0.042539844	0.046305474	-0.1784990874	-0.1174841297	-0.1311531195	0.0135424559	0.0473872552	0.0415060176	0.0987581927	-0.0608041828	0.0680073887	-0.1043521336	-0.0406584607	-0.137836679	-0.0392329448	0.0132496767	0.0639194046	-0.0132558044	0.0155150801	-0.0270353722	-0.0309510427	-0.0446319186	-0.1123234013	0.0838524917	0.0913281056	-0.0442929871	0.0205556197	-0.1475727181	0.0284131158	0.0505804239	0.092083337	-0.0162469068	-0.0146269242	0.0326540643	-0.0068920677	-0.0227141442	0.0094872558	-0.0293165912	0.0521004235	-0.1183406711	-0.0935157749	0.0859415813	0.0140111344	0.0244703835	0.0811491286	-0.0391233661	-0.1315630607	0.0277730072	-0.0427907515	0.010363885	0.0853891756	-0.0172309444	0.0213183404	0.0720099606	-0.0362955448	0.0435187893	-0.0677820857	-0.019464528	-0.0302907503	0.0204126471	-0.0764462627	0.1225680019	-0.0234508158	-0.110796853	0.0346794165	-0.0829084964	0.0139201782	0.0932324685	0.0067459573	-0.0391871719	0.0276745492	-0.062811857	-0.0718443591	-0.0241866972	-0.0263220085	-0.095134087	-0.0367235648	0.1051041357	-0.0856274047	0.0169637025	-0.0056612543	0.0367208296	-0.0586194757	0.0247709388	0.0568800744	0.1180884917	0.0173139943	0.1342012572	-0.141790438	-0.0459587929	-0.0706092606	0.0158984493	-0.1315255908	0.0547983679	-0.0061001912	-0.0507261717	0.0886941752	0.0781163873	0.0114720023	-0.1749303334	0.0147864688	-0.0309761044	0.1135147151	0.007380084	-0.1551000888	0.0693529063	-0.0456296898	-0.063231919	-0.0146463912	0.0656220132	-0.0381606984	0.0724583598	-0.0016981786	0.0454059629	0.0206124553	-0.1028432904	0.0179890574	0.0946372693	-0.0022492724	0.0797204897	-0.0361167979	0.1003714837	0.0442016378	0.0265492447	0.0449204596	-0.0954775425	-0.0221760986	0.0798612823	-0.073667255	-0.0411079087	0.1811197598	0.0970123549	0.0715740957	0.0339986915	-0.0093420254	0.0	0.0	-0.0122346538769733	0.0230325505763176	0.0001496867554893	0.0005304983860506	0.2218462642549639	0.0137262029625447	0.0492157649638832	0.0001884086477689	-0.0625893067214207	-0.0117547492947807	0.003917421315868	0.0001381741309831	0.0046103470126827	0.0007202189685864	2.1255299577352297e-05	5.187153627116582e-07	-0.0008291647593203	-0.0004543624588955	6.87514198098691e-07	2.064452440535649e-07	0.0007989170529831	0.0001826861086026	3.3374214276360983e-08	6.382684575472014e-07	0.0	0.0
68.16590698569503	-0.0194630976637881	0.0003788121706701	4646.590875182426	77.71830380517383	-0.1187605123187154	0.0141040592862037	6040.1347463532975	71.30086956986594	0.046220691925896	5083.814001419035	0.0021363523621085	73.91928536297222	60.01443323408621	0.972207	27.000834	0.0953009900384449	0.0449559710070639	0.0982851864	-0.0972146628	0.0866967066	-0.0850383007	0.0829666795	-0.0505974218	-0.0366748152	0.0527637595	0.0079631927	0.1269199332	0.1334572814	-0.0540859052	-0.0161038757	-0.0911503369	-0.1157385288	-0.0104556465	-0.0558178206	-0.0727133697	-0.0652649127	-0.1389845906	-0.0030742681	-0.0726270515	0.0311801966	0.0573297107	-0.2776382363	-0.1026777176	-0.0294008957	0.0599137471	0.1080332705	-0.1234818995	0.1359658257	-0.0874680097	0.0083571729	-0.0394130596	-7.73652e-05	0.001247327	-0.0325710423	-0.1565095628	0.0115743899	0.1326006889	0.0232576889	0.0268811093	-0.0457007208	-0.0474286617	-0.1319597625	0.0304983147	0.0755082081	0.1043726702	-0.0721748153	-0.0249707833	-0.1132462261	0.1676317806	-0.0325208435	0.0035111313	-0.0081385681	0.0411720119	-0.0213730381	-0.0283146087	0.0023116345	0.0285169437	0.0512398572	-0.0273409838	0.1215915168	-0.214423656	0.0234991957	-0.0067132952	0.0106245813	0.0355390129	-0.0317620853	0.0365019442	-0.2230369368	0.0345304883	0.129867771	0.0714250816	0.0422752262	-0.0998474253	-0.080952383	-0.0794397324	-0.0363576012	0.0502478782	0.0128628262	-0.0472377925	0.0704566635	-0.0235150081	-0.0412234758	0.0832172915	0.0188114847	0.0211610005	-0.0128531499	-0.0514735728	0.0552281307	0.0846571595	-0.0610026665	-0.0043350588	0.0922287564	-0.0939235183	-0.0136347921	0.089973501	-0.1035908043	-0.0116522274	-0.0823954219	0.068014127	0.060647188	0.1504014336	-0.0568446385	-0.1433902331	-0.011547679	-0.0540298171	-0.0665120872	0.0369116139	-0.0387383633	-0.1002769166	0.0370463099	-0.0010819806	0.0064931853	-0.017374408	0.0653965541	-0.005611899	0.0847930081	-0.0889730181	0.0465410424	-0.0444978889	-0.1045600492	0.083403766	0.0716813019	0.0160982442	0.166587002	-0.1136569761	-0.0226751868	-0.0001416944	-0.0713481907	-0.1484053815	-0.036153931	-0.0802522257	-0.0473733989	0.0025298155	0.0075615443	0.0014979955	0.0211359207	0.0672435174	-0.0995286145	-0.0203472068	-0.0092626809	-0.0589613159	-0.0317252279	-0.0868801741	0.0611840803	-0.0431518941	-0.0381883393	-0.0452210314	0.0094649881	-0.077239412	-0.0007509592	0.0389127822	0.0557854467	-0.0891358177	-0.1291961652	0.0683449364	-0.0482833232	-0.098910239	-0.1708722313	0.023627721	0.0854475407	-0.0348511503	0.0108844768	0.0093875651	-0.0716410872	0.011041616	-0.12093639	-0.0371594528	-0.0102971144	0.0962842812	-0.0551930912	-0.0364558072	-0.1406686556	0.0006598654	0.1167227313	-0.0298226905	-0.0241917552	-0.060910029	-0.0199499642	0.0253378653	0.1077247518	0.0562703	-0.0350869838	-0.0120851477	0.0398002135	-0.0451901265	-0.0652662198	0.1713484931	0.0962433935	0.068770199	0.0286375605	-0.0167667741	0.0	0.0	-0.0432142464449611	-0.0309795925679878	0.0018674710958058	0.0009597351556785	0.2311959303686706	0.0093496661137066	0.0534515582190351	8.741625643779514e-05	-0.0385901783685653	0.0239991283528554	0.0014892018665176	0.0005759581616968	0.0042728901065343	-0.0003374569061484	1.8257589862518705e-05	1.1387716350725013e-07	-0.0007503610834851	7.880367583519999e-05	5.630417556089332e-07	6.210019325139283e-09	0.0010021085310774	0.0002031914780942	4.128677677014638e-08	1.0042215080581045e-06	0.0	0.0
68.24813973034676	0.0822327446517334	0.0067622242929571	4657.808576652937	77.95119868600091	0.2328948808270752	0.0542400255154575	6076.3893765843895	71.33919445527803	0.038324885412095	5089.280665527972	0.0014687968418502	73.99986751846475	60.671474284263496	1.026382	28.505413	0.0422956470838442	0.019761009382778	0.0035507907	0.1129784101	0.0814363255	-0.0655818275	-0.1072520067	0.0578313248	0.0408151577	0.0226094363	-0.1105062236	-0.099272802	0.0198160812	-0.0421035068	-0.0632338782	-0.1636481676	-0.0031127296	-0.0588045192	0.0113777035	0.0249001484	-0.2330600132	-0.0127796501	-0.0325236401	-0.0687606023	-0.0225965751	-0.132546941	0.080371125	0.0476859284	-0.072053655	-0.0619099898	0.033037872	-0.0234927069	0.1113621196	0.0969090413	0.066487312	0.0608227541	-0.1966656094	-0.0076334956	-0.0104753686	-0.1712863386	0.1006799123	-0.0555077589	-0.1205599512	-0.0811656167	0.0382013258	-0.0371551603	0.0289664239	0.0373830636	-0.0109984309	0.0506181935	-0.0322334083	0.0498666397	0.0809296344	0.0562690019	-0.0219378299	0.0306677676	0.080718766	0.1273921825	0.023084393	-0.0351915041	0.1326709132	-0.0213794816	0.2146429268	0.0179052174	0.104057756	-0.0382595182	0.0506100932	0.0636222445	-0.0190602127	-0.0342149749	0.1014092076	-0.0412011502	-0.036887031	0.0057916398	-0.0969432643	0.0034752683	-0.0586130063	-0.2342308586	-0.1527731885	0.1066954406	-0.0311694747	-0.0389288128	-0.0844292844	-0.1590826617	0.0266549194	-0.0259311746	0.0788826485	0.0028944528	-0.0180750174	0.0733594401	-0.0500254567	-0.1457586321	0.1103623315	-0.1049814088	0.0240127347	-0.0377685685	0.150350528	0.0283391099	0.0706414237	-0.0627224614	-0.1476522151	0.0064375078	0.1361659302	0.0303989218	-0.0090895144	0.0694990182	-0.1091769087	-0.0371453358	-0.0571013206	-0.0641924636	-0.0089727103	0.0929751713	-0.0087057424	-0.0961224033	-0.0147914073	-0.0312427473	-0.0682811988	-0.0149003059	0.0439677504	-0.0151867046	0.1067195381	-0.0794361016	0.0608033845	0.0502235001	-0.0379937846	0.104271208	0.0023036529	-0.123385275	0.1158999531	-0.0720029503	0.0711576365	-0.004670332	-0.0296113272	0.1010658875	0.0014915208	-0.0845726684	-0.1247045674	0.0214906826	-0.0780913083	0.0063569387	0.0878402805	-0.0222260568	0.0421944536	0.0816628374	-0.0525677294	0.0142901384	-0.1397145991	-0.0112434257	-0.0364412268	0.0391989438	-0.0194096047	0.1472291933	-0.0791446737	-0.0300422908	0.0702730756	-0.0594558668	0.0557543379	-0.1472462453	-0.0023361784	-0.0732780524	-0.0785050105	0.0682201105	-0.1384740975	0.0626811579	-0.0711231732	0.0902219725	0.0661320534	0.0464739933	0.0199439107	-0.1119853754	0.044476128	0.0830104261	-0.0834937647	-0.0601820961	0.0521282311	0.0373379911	-0.1190028672	0.0781910974	0.1269800773	-0.0271214464	-0.0307369633	-0.105084386	-0.0422651315	0.0471980919	0.1052623086	-0.0683232127	0.0019336571	0.015399509	0.0742778092	0.0744836961	0.1189427916	0.0328125823	0.0954444529	0.0658806233	0.0231961626	-0.0241079916	0.0	0.0	-0.0409725723530698	0.0022416740918912	0.0016787516852275	5.025102734256681e-06	0.2380930072136919	0.0068970768450213	0.0566882800840591	4.756966900612904e-05	-0.0287691384592037	0.0098210399093616	0.0008276633276848	9.645282490127332e-05	0.004387827131906	0.0001149370253717	1.925302693949044e-05	1.3210519801294868e-08	-0.0008408824795564	-9.052139607129998e-05	7.070833444249194e-07	8.194123146697163e-09	0.000740849827769	-0.0002612587033084	6.825611005438658e-08	5.488584673053569e-07	0.0	0.0
68.23434843793017	-0.0137912924165988	0.0001901997465201	4655.926306748863	77.890877267649	-0.0603214183519043	0.0036386735119854	6066.98876152396	71.35569783744462	0.01650338216659	5091.6356138687	0.0002723616229365	73.97281165330692	59.99881615747663	0.971398	26.978359	0.0800706566040752	0.035260200389796	-0.0146465463	-0.0865356788	0.100874942	-0.0554110359	0.0176164644	0.0020255095	0.0524744748	0.021838823	-0.0829663645	0.0067832776	0.1511400197	-0.0811690122	0.0314521373	-0.132464165	-0.0240007187	-0.0508086136	0.0402788896	-0.0324143603	-0.0942563937	-0.0750141229	0.0791783537	0.0833026576	0.0506938053	0.1007350796	0.1130015259	0.0366977439	-0.0432469998	-0.05514672	-0.0270326325	-0.019441744	0.058044177	0.0652565379	-0.1211410309	0.0697170665	0.0996758613	0.0172405189	0.0613673786	0.0427106517	0.0956057859	-0.0184243272	-0.0885171253	0.0140792119	0.0067169902	0.0133852395	0.1170170222	-0.0105309726	0.0507080828	0.1033553973	-0.2449498078	0.1018937167	0.0225158911	0.0238876525	0.000422622	0.0052899406	0.0812368157	-0.1086117034	0.0928094448	0.0937123303	-0.0760986922	0.012577838	0.0441252452	0.0648177741	-0.0070887524	0.0471977552	0.0553778625	-0.0821167105	0.0592503919	0.0152325034	-0.077757697	0.1478134423	0.1368826711	-0.0263318187	0.0235758699	0.0241641436	0.0195665378	0.0183278774	-0.0420739682	0.1000736636	-0.089957726	-0.0401303019	0.0029699605	-0.0780359107	-0.1385014207	0.0568653661	0.0624088373	0.0712416221	0.0817695569	-0.0079544857	0.0989409102	-0.02292143	-0.1321759111	0.0623064885	-0.040978874	0.1172696784	-0.0410994555	-0.0277760351	-0.0021992591	-0.0285103943	-0.119097764	-0.0489036442	-0.0414762253	-0.0082790298	0.0512432646	0.1030092968	-0.0306265045	-0.1500612172	0.0588148837	-0.054774447	0.0556266948	0.0581244624	-0.004792458	-0.0061686277	-0.0177798537	-0.0218937732	0.0149134123	0.0296749322	0.1039475513	-0.0788906265	-0.0284514648	-0.0969941672	-0.0770341565	0.0839172639	0.074682513	-0.0173275026	0.0682502876	0.0130011508	-0.020866865	0.0485380354	0.0275186016	0.0719503537	0.0082896823	-0.0013861838	-0.089951856	-0.0596201572	-0.130790322	0.0632580054	0.0838840498	0.140236826	0.0099981346	0.1288831363	0.0158742497	0.0942586979	-0.0062963199	0.135156386	-0.0403338121	0.1080570928	-0.0618666612	-0.0441979474	0.0097179065	0.0774451111	0.0439552143	0.0431341315	-0.0231380883	0.0582107962	0.1469705212	-0.1697571983	-0.0391513	-0.0102799646	0.0110721817	0.0652013349	-0.0319617933	-0.0220430086	-0.0833394987	-0.0220960959	-0.0867776831	-0.0922295132	-0.0172660972	-0.0415962973	-0.0756682246	-0.0708185734	0.094136746	-0.0347232016	0.049104806	-0.0053234372	-0.1152154874	0.0391178094	0.0400258821	-0.0606014754	-0.0300374362	-0.1005726986	0.0486141813	-0.0394187742	0.0737633785	-0.0036540857	-0.1409841336	-0.0080609303	0.1104805036	0.023804942	0.0269912012	0.0377676224	0.0946157819	0.0629089685	0.0176897492	-0.0313291043	0.0	0.0	-0.0308786169320995	0.0100939554209703	0.0009534889836393	0.0001018879360405	0.2227474193862662	-0.0153455878274257	0.0496164128432411	0.0002354870657692	-0.053556796887598	-0.0247876584283943	0.0028683304928594	0.0006144280103627	0.0046789646497601	0.000291137517854	2.1892710193704653e-05	8.476105430224602e-08	-0.0009342724666174	-9.338998706100004e-05	8.728650418793608e-07	8.721689683253752e-09	0.0009531914213996	0.0002123415936306	4.50889523855829e-08	9.0857388582979e-07	0.0	0.0
68.2535100810377	0.0191616431075374	0.0003671685665806	4658.541638382316	78.0437641171522	0.1528868495031901	0.023374388751011	6090.829117573692	71.40332505024901	0.0476272128043859	5098.434828231518	0.0022683513995142	74.00988336195275	60.210461188620734	0.960051	26.663218	0.0540140521252499	0.0252168082787271	0.0700191172	0.0896501062	0.0543083274	-0.0544284601	0.0342616538	0.0437588126	0.0433652245	0.0203393736	-0.177713132	0.068319553	0.0319549668	0.0112648702	0.1153231493	-0.0300972639	0.0495207091	0.0350424992	0.0723627063	-0.0823804481	0.0351833717	-0.095991231	0.0209164796	0.0120850929	0.0981065995	0.0078138641	0.1601064097	0.0645099074	0.0355479428	-0.0253625598	0.0852943793	-0.0379606078	0.0542075385	0.0317159005	-0.0007523022	0.0473334442	0.0792188223	-0.0913081668	-0.0616501545	0.1040591454	0.095636815	-0.0826788164	0.1184722046	-0.0328753323	-0.0437144353	0.0649772091	0.0284300226	0.0733746892	-0.0872055972	0.0245133413	-0.0714116376	0.0410687563	-0.0292719777	-0.0078451592	-0.0345540092	0.0128915114	-0.0677967602	-0.1122787869	-0.0277308322	-0.0097787479	0.017568097	-0.1167722544	0.1378372774	-0.083385515	0.0318184739	0.0240386394	-0.0011622253	0.0462292417	0.0237799142	-0.0663510529	0.0264186585	0.1492084606	0.0679533687	0.0484288375	-0.0062213628	0.081295918	0.1001284508	-0.0313340965	-0.0048940353	-0.0021176235	0.0394620138	-0.1008307942	0.1287430839	-0.0642499177	-0.0059768529	-0.0470509443	-0.0012444919	-0.017553626	-0.039630589	0.1122359005	-0.0774331015	0.1622884651	-0.0775332982	-0.2227928626	-0.016093491	-0.1422759647	-0.0865892136	-0.1301604871	-0.0014345896	0.0693266409	-0.1113938972	0.0359887917	0.0812024314	-0.011711707	0.0357023153	0.0712494885	-0.1074669681	-0.0074835651	-0.0170449291	-0.0244242072	0.0532271312	0.0479267065	-0.0386913976	-0.0983022757	-0.0438452969	-0.0587830796	-0.062806097	-0.0191893966	0.0428034948	0.0786466246	-0.0463957754	-0.0746980379	-0.0442694396	0.1062348474	-0.0274844199	-0.0054123158	0.0083763674	-0.0301671805	-0.0017773487	0.1204886359	0.0189051361	-0.0030350282	0.0223069391	0.1106647832	0.0128842811	-0.0250513501	0.0057268551	-0.030530559	0.0938509081	-0.0675138961	0.0559383929	0.1033625457	-0.0301200887	0.1383844122	0.0446601288	-0.0182760112	-0.0368773187	-0.1759660192	-0.0928426101	0.0437133699	0.1684745399	0.0634782209	0.1528401195	-0.0525795077	-0.0615350953	0.2507087784	0.092144247	0.0085533875	-0.0453982442	0.0383623944	0.0372552585	0.0477681492	0.0465879165	-0.0319498025	0.1470050947	0.0258225958	-0.0063527767	-0.0443975467	-0.1060416126	-0.0075062099	-0.0094792888	0.0305057004	-0.0572379613	-0.05621274	0.0511156033	0.0266409063	-0.0768486165	0.0007973617	0.0757676202	-0.0482241643	-0.046891911	-0.1214511338	-0.0335754965	0.0709787586	0.0912531753	0.0304686345	-0.1324362989	0.0708396531	0.0009991478	0.1188203922	-0.022152136	-0.0370332002	0.0937576389	0.059858937	0.012133754	-0.038394137	0.0	0.0	-0.0286131748820537	0.0022654420500458	0.0008187137768309	5.132227682115718e-06	0.2326940496275966	0.0099466302413304	0.0541465207320903	9.893545315774869e-05	-0.0402103525768993	0.0133464443106987	0.0016168724543585	0.0001781275757385	0.0043973287673375	-0.0002816358824225	1.9336500288053937e-05	7.931877026795655e-08	-0.0006819849777111	0.0002522874889063	4.6510350982360965e-07	6.364897705864647e-08	0.000918004082265	-3.518733913460007e-05	1.2381488353733575e-09	8.427314950552048e-07	0.0	0.0
68.25985642915991	0.0063463481222072	4.027613448824344e-05	4659.407999729524	77.90922556644263	-0.1345385507095642	0.0181006216270299	6069.8474283628375	71.35366142780408	-0.0496636224449247	5091.344999153696	0.002466475394352	74.02172230410203	59.85440167957291	1.030184	28.611008	0.1168051593830562	0.061024818916383	-0.1206023371	-0.0106821732	-0.0091220984	-0.0894537386	0.0719683209	-0.0475578816	0.0166290236	-0.0693460251	-0.0563763501	-0.0356518051	0.1740267056	-0.0493191602	0.0885501045	-0.0130567462	-0.0479457259	-0.0437225377	-0.0857375021	0.0110140398	-0.0481697519	-0.0236895985	-0.0894248912	0.0431571904	-0.0248333768	-0.04639594	0.0695942982	-0.0491279078	0.0823234565	0.0828742208	0.0688494948	-0.1567712919	-0.0006143059	-0.0802599795	-0.0372329211	0.0220999336	0.1486394359	-0.0163506261	0.1328714845	0.0247683637	0.0820466031	0.0225529205	-0.0614096984	0.0639886619	-0.0271045354	0.016646677	0.1633596277	0.1194209486	0.06632984	0.065683941	-0.0079362585	0.1181128011	-0.1739169286	0.1304467278	-0.089454049	-0.0153474582	0.043019552	0.0630180308	-0.0771182794	0.1113849552	-0.1406376607	-0.0356275211	-0.0028679912	0.1384522276	-0.0161587925	0.1195821655	0.0586225813	-0.0559423719	-0.1526784867	0.035851009	0.0159130073	0.0188935546	-0.13399561	0.0608730657	0.0089318536	0.0817585939	0.0794369724	-0.0897455345	-0.0167777959	-0.0370754384	0.0566547347	-0.0727777102	0.0633464103	0.0814379827	-0.0134159091	0.0058463079	0.0111953613	-0.0485247572	-0.0148708634	-0.0546813251	0.1078718891	0.0431690239	-0.1044730618	-0.0260150352	0.0263800122	0.1186014422	-0.0666843235	-0.1018236106	-0.024522275	0.0753608908	-0.1212109372	-0.1390425308	-0.0155218347	-0.0704775778	0.0563494518	0.0369850316	0.0657488722	0.0071586099	0.0091381273	-0.0666410166	0.0559464755	-0.0087805835	-0.0442469504	-0.1789374485	-0.0289657173	-0.0689677674	-0.1049213031	0.0999329318	-0.0233726521	0.0359323324	-0.092616504	-0.0766794757	0.0363640807	-0.0319348054	-0.0364552743	0.0391548334	-0.0801603922	-0.029992764	0.0902275153	0.0196706438	0.0288828323	-0.0962657089	-0.1415043232	0.0395526947	-0.0782020351	0.102722864	-0.0954056096	-0.0615017912	0.004427095	0.0577669841	-0.0350533628	0.0533113411	0.0219237203	-0.0342290212	-0.0505473251	-0.1538242074	0.0646773171	0.0520187045	0.1293640652	0.1462955947	0.0206912817	-0.0823992211	0.0535779569	0.0229028672	-0.0093114768	-0.0529137117	0.0452516397	-0.0333333301	0.1203856468	0.0046217327	0.1222681781	-0.0145110916	0.0706956592	-0.0837939625	-0.0038597197	-0.0796611127	0.0512841855	-0.0119841878	-0.0638246831	-0.0672675269	0.0624957771	-0.1466932625	0.0009085392	0.0307710136	0.0536455569	0.0268882464	-0.1067259952	0.0543046374	0.0690726247	-0.0829342134	-0.0165238022	-0.0954181252	0.0121530144	0.0183254417	0.0761076603	-0.002265416	-0.0360359869	0.0023943037	-0.0790214014	-0.0779273572	-0.0815597677	0.050195218	0.0928702909	0.0567343287	0.0065437496	-0.045267892	0.0	0.0	-0.0588902823809576	-0.0302771074989039	0.0034680653589089	0.0009167032385001	0.2607886361173683	0.0280945864897717	0.0680107127279571	0.0007893057900312	0.0041639768275913	0.0443743294044906	1.7338703020717307e-05	0.0019690811100982	0.0044617875590156	6.445879167810056e-05	1.990754822178639e-05	4.154935824600766e-09	-0.0007288343156313	-4.6849337920200026e-05	5.311994596417454e-07	2.194860463561092e-09	0.0007481294920655	-0.0001698745901994	2.885737639544804e-08	5.596977368981831e-07	0.0	0.0
68.29112796118265	0.0312715320227425	0.0009779087150494	4663.678158210623	78.0803939048634	0.1711683384207702	0.0292986000777273	6096.547912338629	71.5218294782376	0.1681680504335219	5115.372091914098	0.0282804931866115	74.05570578658572	59.346886493102616	1.021123	28.359344	0.1044129386737817	0.0577437340695398	0.0542753309	-0.0981604862	-0.0064444849	-0.0729359922	-0.0124588156	0.0371244287	0.0872899684	-0.0547997321	-0.0204467042	-0.0074665078	0.0228576142	-0.0404289308	0.0878657235	-0.1190703692	-0.0280295669	-0.0050575489	-0.1687590778	-0.1347854571	-0.0528635556	-0.0305350941	-0.1744909654	0.1321072602	0.0750139817	-0.0535793208	-0.0566972451	0.0215393692	-0.1421640678	-0.0883979412	0.0593059769	-0.1081971738	0.0640937127	-0.0086516265	-0.0307289709	-0.1469049124	0.0157463424	-0.0687684582	-0.0051887554	0.0023748803	-0.0021476998	0.0610127355	0.0978615659	-0.0038622261	-0.0482908014	0.0474600292	0.0045141759	0.1592187261	0.173344864	0.0037831354	0.1269274805	-0.1068089156	0.0303423723	0.0550873479	0.0992485451	0.0326126746	-0.0055702285	-0.1201408717	-0.0893006738	0.1010882843	-0.0391883882	-0.0934846129	0.0495480571	0.0947666668	-0.0461830274	-0.0353184814	-0.0209855976	-0.084804708	-0.1138576872	0.1316564796	-0.1096601842	-0.0929788849	-0.0020245268	-0.0730708455	0.0866780395	0.0416759946	-0.0216641074	0.1240632758	-0.0183363354	0.0465012626	-0.0080387692	-0.0366799758	-0.1384717956	-0.0128870575	0.1317759698	-0.1320223311	0.0733816973	0.0804080554	0.0359881975	0.0077587746	-0.038170495	-0.0138345608	-0.0229419879	-0.1432647895	-0.0345118432	0.0435677629	-0.0509763566	-0.0502766681	-0.1209003201	-0.0178056182	-0.1181648666	0.0365805721	-0.0409887689	-0.019749857	0.0484630334	0.12447485	0.0973397987	-0.0671031742	-0.0313270398	-0.0999261477	-0.089169755	-0.0402901769	-0.1105036953	-0.1655405703	0.0198005085	-0.0760245365	-0.1106737532	0.1132742581	-0.1289779796	0.1317297785	-0.026042341	-0.0891166853	0.0476326785	-0.1113768872	0.0050677618	0.0048389413	-0.0197311862	0.0913983181	0.0107275796	-0.1393906968	0.0055334352	-0.0278351217	-0.0450600972	-0.0372459695	0.0427846569	-0.0113170332	0.0401110669	0.0331095547	0.1178366498	-0.073667166	0.0751963116	-0.0755886466	-0.0249941273	0.067884965	0.1488112483	-0.2622797825	0.0470944882	0.0862873127	-0.0222367831	0.0256905666	-0.0516805591	-0.0241542289	-0.0506591451	0.1295303614	-0.0271523662	-0.0008100061	-0.1977117525	0.0341138372	0.0562756764	0.1880766844	0.038914449	0.0144790242	-0.083232503	0.1373365118	-0.1071127089	-0.035648242	-0.100366968	0.1334689941	-0.0189354489	-0.0647018723	-0.1067713384	-0.0867955841	-0.12485068	0.0031823885	-0.0276770809	-0.05387405	-0.0706549269	-0.0073928634	0.1235440316	-0.0024199121	-0.0156413169	-0.0525554258	0.0061550817	-0.0166523573	0.1874216832	-0.0090623301	-0.0613921668	-0.0271262496	-0.0442465416	0.146734485	-0.0335463663	0.0448893242	0.0919540145	0.0535390365	0.000935404	-0.0519161246	0.0	0.0	-0.0579541805227279	0.0009361018582297	0.0033586870400609	8.762866889811053e-07	0.2731787545913136	0.0123901184739452	0.0746266319600611	0.0001535150357984	0.0454987530436881	0.0413347762160968	0.0020701365285305	0.0017085637248348	0.0050917280412226	0.0006299404822069	2.5925694445772537e-05	3.968250111231875e-07	-0.0004738178850476	0.0002550164305837	2.245033881909807e-07	6.503337986765107e-08	0.000858211421785	0.0001100819297195	1.2118031250768938e-08	7.365268444822312e-07	0.0	0.0
68.34109892918555	0.0499709680028956	0.0024970976431464	4670.505802848727	78.14942149228828	0.069027587424884	0.0047648078257	6107.33207957933	71.45817400556092	-0.063655472676686	5106.270632209023	0.0040520192016923	74.05715847379311	59.959369338157096	0.970607	26.956396	0.1800255410398439	0.0933830461517714	0.060514725	0.0468407042	0.0375755313	-0.0573134645	-0.0693830806	0.1398724386	0.0891821169	0.0216996798	-0.112007376	-0.027401486	0.0448497877	-0.0250920781	0.0206372731	-0.1449625499	0.0373396983	0.0163585857	-0.0340713704	-0.0665938644	-0.0541730109	-0.004162199	0.009453938	0.1289853435	0.1408553669	0.0986804512	0.0471085083	0.1952860051	0.041341604	-0.1331711248	-0.0744121558	-0.0046823271	-0.1377877579	-0.0333467007	0.0582723421	-0.0360552846	0.0746407889	-0.0143459711	0.0043218199	-0.0618071004	-0.0358681289	-0.0856400905	0.0719068067	-0.1015885367	0.087088242	0.1611582061	-0.04543354	0.0211758617	0.0067137127	0.0214138184	0.1018225908	0.1364793829	-0.0021908535	-0.0836329508	-0.1298704525	0.1264885881	0.1363210583	-0.0056486512	-0.1931201333	0.0513472308	0.1246162273	-0.1050215997	-0.0292345257	-0.1448557564	-0.0305668313	0.1107098247	0.0085262816	-0.1717916095	0.1001318158	-0.1589674909	0.0083267382	-0.1155815345	0.0959694144	-0.0830106666	0.0713518083	0.1056413797	-0.0884758035	-0.0554726404	0.1093895275	-0.1647682139	0.0224714012	-0.1234126998	0.0288506558	0.1226293462	-0.0420848383	0.0248718434	-0.0310320744	0.1018172179	0.0318350951	-0.0123974913	-0.0161944981	0.0014789082	0.0105820782	0.0211041722	0.0555962074	0.085396673	0.0399538458	-0.0115986845	-0.0208910566	-0.0551792651	-0.116799901	0.0887788036	0.1188178116	-0.0502088504	0.0160701643	0.0596980187	-0.0188522316	-0.0741495805	0.0578965985	-0.1107199909	0.0464963412	-0.0721317176	-0.0480466371	-0.1321007065	0.0223665223	-0.0559415606	-0.0054867003	0.0361000824	-0.0794009018	-0.0442287513	0.0139827554	-0.0200774479	-0.0372300474	0.0141722702	0.1233058983	-0.0715534488	-0.0188527195	0.1548670921	0.0565854544	-0.0271364791	0.1956619236	-0.0736702679	-0.0397468642	0.2079584458	0.0878800816	0.1111842192	0.0292709067	-0.138019418	-0.0143946301	0.0070899552	-0.0040346692	-0.0097277208	0.2332159685	0.0653388725	-0.0035386936	-0.0150803405	-0.0557090148	-0.0552232688	-0.1091696143	-0.0138633901	-0.0233807326	-0.079043757	-0.0965933877	0.0748125915	-0.0393969497	0.09919975	-0.1155345803	0.0996622146	-0.1327834026	-0.1088607779	-0.0553284876	-0.0558009851	0.0873242709	0.040748537	0.027337537	0.0128173758	-0.0737750627	-0.021125972	-0.0280950977	-0.0822538272	-0.0540773634	0.060301796	-0.0828175476	-0.107374351	0.046348917	0.0135646308	-0.0598198639	0.0257123953	0.1029386444	-0.1001226773	-0.0702898244	-0.0233316273	0.046371498	-0.0001090355	-0.0148920351	-0.0126768803	-0.095703528	0.0551649395	-0.0245900371	0.1631131337	-0.0483698945	-0.0674504814	0.0910090951	0.0502770413	-0.0046755634	-0.0583057138	0.0	0.0	-0.0270528848148643	0.0309012957078635	0.0007318585768063	0.0009548900764248	0.2261224246409057	-0.0470563299504078	0.051131350925482	0.0022142981884016	-0.0213249169025644	-0.0668236699462525	0.0004547520809012	0.0044654028650856	0.0045381747080268	-0.0005535533331958	2.059502968057413e-05	3.064212926921804e-07	-0.0004122576720761	6.156021297150003e-05	1.699563881856052e-07	3.78965982109644e-09	0.0007684400592459	-8.977136253910008e-05	8.05889753212654e-09	5.905001246538422e-07	0.0	0.0
68.39562264666944	0.0545237174838888	0.0029728357682629	4677.961197225602	77.97736668863962	-0.1720548036486633	0.02960285545858	6080.469715694564	71.40560140522248	-0.0525726003384363	5098.759912041512	0.0027638783063449	74.0975935670394	60.79236244994241	0.926666	25.736025	0.048334180224828	0.0300239729950673	-0.050159057	0.0978549048	0.0274596637	-0.0467316499	-0.0641580735	-0.0221492277	0.0175454108	-0.0410582536	-0.1222225449	-0.0504852935	-0.0295019898	0.0339525148	-0.0383326721	-0.0572278535	-0.1044677935	0.0888239609	0.0781367532	-0.1212230153	-0.0415678481	0.0427894997	-0.0197499665	0.0297191815	-0.0270095588	-0.1080663458	0.0142655881	0.034704696	0.0823100196	0.0915337739	-0.0996737742	-0.0683967392	-0.0711326332	-0.0563941809	-0.0459152597	0.0599307359	0.0908585272	0.0200316143	-0.0911168804	0.0383784953	-0.0237170873	0.0090267713	-0.0456856153	0.0280958538	-0.0224239948	0.0667752929	0.0060081213	-0.0673523398	-0.0137376438	-0.0921765011	-0.061659554	0.0161022569	-0.1376900402	-0.0793074736	-0.0619126656	0.0622979309	-0.0054724091	0.0723341919	-0.006505096	0.0195391471	-0.0594568628	-0.090448108	-0.0286362698	-0.0173467152	-0.0416510925	0.0475249618	0.0814108289	0.0112295359	-0.0536882386	-0.1274837662	0.0313188864	-0.0011250244	-0.0680430677	-0.1126831936	0.0343402899	0.0247474693	-0.1654256705	0.0537910236	0.0200105046	-0.1783115003	-0.0919923181	0.0260176012	0.0240883937	0.0782339861	0.0450905758	0.0381480004	0.1280407397	-0.0475699801	0.0005465726	0.0183931946	0.1476366383	0.0269129073	0.0637581382	0.0280974113	-0.0641408766	0.1128310235	-0.0349601092	0.0987193924	0.1434917792	0.0091490765	-0.0916277609	0.0007362625	0.1342832114	-0.0865652215	0.0523700569	0.0054388501	0.0126528892	-0.0179375468	0.0363026244	-0.0535184778	0.1202443185	-0.0442670006	-0.0284881869	0.011328657	0.0464630748	-0.0839065794	0.0826327652	-0.0446578024	-0.0391525903	-0.0652103479	-0.0179861703	-0.0764680598	0.0137096969	-0.0267399667	0.0038367174	0.0570234485	0.0993017466	0.1318910955	0.0210375274	0.0491434108	0.1162015402	-0.045437413	-0.0530489734	-0.0077942865	0.0291354888	0.1060855813	0.1086752414	-0.0005732341	0.0679867197	0.0352724784	0.0184362956	-0.1336705633	0.099586368	-0.1250818764	-0.0596486715	-0.0521749006	0.0189477994	0.0218401308	-0.156072255	0.0643517937	-0.1186239268	-0.0031885382	0.0459470156	-0.1772398536	-0.1603551271	-0.1773757077	0.0424274179	0.0553502889	-0.1242652425	0.0667764818	-0.0100662708	0.0353653799	0.1069122045	-0.0544549691	0.1257271306	0.1297694705	-0.0186794651	0.0241157429	-0.0737041842	-0.0551168016	0.0702108123	-0.0058092856	0.0038784572	-0.0874104361	0.0579847651	0.036224238	-0.0550287485	-0.0072974022	0.031159761	-0.0190612017	-0.109221655	-0.0760555924	0.0486753352	0.0233243132	0.0120298454	-0.0457959882	-0.0218866848	-0.0626370172	-0.0475170446	-0.0086172783	-0.1138773185	-0.1180747973	0.0900358269	0.0469524072	-0.0102734258	-0.0644048267	0.0	0.0	-0.0324639704403466	-0.0054110856254823	0.0010539093767516	2.9279847646301184e-05	0.2261135055814236	-8.919059482109803e-06	0.0511273174063204	7.95496220454128e-11	-0.047362131682668	-0.0260372147801036	0.0022431715175263	0.0006779365535052	0.0045987704395527	6.059573152589984e-05	2.1148689555703734e-05	3.671842679158932e-09	-0.0006647933162218	-0.0002525356441457	4.4195015329317836e-07	6.377425156408365e-08	0.0007440322197223	-2.44078395236e-05	5.9574263020981e-10	5.535839439848928e-07	0.0	0.0
68.36255658827183	-0.0330660583976083	0.001093364217954	4673.439143284668	77.91861526910648	-0.058751419533138	0.0034517292971587	6071.3106054550335	71.54160275590529	0.1360013506828039	5118.200924883755	0.018496367387547	74.07030849036049	59.87248969814492	0.968488	26.897526	0.0592345711439648	0.0331841470779999	-0.0949185885	-0.0635141595	-0.0068752871	-0.0314753884	0.0925180126	-0.0361978088	-0.022059403	-0.1014424672	-0.0716320406	-0.0105999616	0.0516446867	0.0230402185	0.0167387559	0.0887554336	-0.1652424538	-0.0224547067	0.0158812489	-0.1437200589	-0.0032561774	-0.0304816172	0.0274393393	0.0029530472	0.0257345246	0.0278566983	0.1091259809	-0.0105216435	0.0566428523	0.1034468174	-0.001300013	0.0339983873	0.0492347371	-0.0720532589	0.0839656994	-0.104386616	-0.0608867755	-0.0204969041	-0.2018959446	-0.0120013283	0.0660784752	-0.0440322985	-0.0715990474	0.0018074835	-0.1259656993	0.1155369161	0.1422206297	-0.1465627623	0.1074693837	0.0558492606	-0.0188985643	0.0035997348	0.0297903163	0.1059564207	-0.1205174672	-0.0576487862	-0.0010079786	0.0597695818	-0.0633531079	0.1056452897	0.1854831511	-0.0085005132	-0.011823353	0.0251769414	0.0611599277	-0.069261884	0.0514039253	0.0740446154	0.0988183671	-0.0574152294	-0.0714592086	-0.0423977661	0.1913266137	-0.0485311923	-0.0314094177	0.1268361394	-0.0884466303	0.0701246095	0.0129153944	0.0005768693	-0.1023135337	0.0555656054	-0.0218261525	0.0430955853	-0.0012660968	-0.0493487253	-0.0947589186	0.0359279809	0.0745916816	-0.0896513	-0.1073092451	0.0139383633	0.1393301391	0.069175199	-0.1125974432	-0.043470999	-0.1113904998	0.0200284223	0.0704908253	0.0488552734	-0.0645643236	-0.0663561657	-0.0246462529	-0.1222590332	0.0314642661	0.0279790265	0.0528416207	-0.026579123	0.0616381246	-0.0660728095	0.088915524	-0.0599276139	-0.1296225546	0.1150221831	0.2111026978	-0.0449603922	0.0589560851	-0.0263636809	0.0794534917	-0.1658098722	-0.0786729134	-0.0173669675	-0.1028402168	-0.0331854887	-0.0248085488	0.0369406359	0.0134917007	0.0661187315	0.0049376063	-0.1122044325	0.1141433485	0.0143676228	0.1208352363	-0.1517290703	-0.0795478464	0.1668724156	0.0540838217	-0.0253523606	-0.0630480708	-0.0596285433	-0.0544363867	-0.0437756308	0.0287353713	-0.1389049715	0.0663507535	0.0837612928	-0.0389338902	-0.0028654383	-0.0201220447	0.0011199199	0.0603821626	0.1757465762	-0.0526324561	0.0791744597	0.0711842027	0.020552977	0.0593878026	0.1677715604	0.0504552435	0.0321300837	0.0183802804	-0.0630542765	-0.0178522281	0.0859045936	-0.0135696565	-0.0303971118	-0.1592328876	0.0097251785	-0.0523452718	-0.0005438336	0.0196265309	-0.1564597157	0.0858589423	0.035911125	0.0043323643	0.0132394796	-0.0245561479	-0.0131405118	-0.00741498	-0.0443966051	-0.0176563414	-0.0723296981	0.0257102109	0.0536014303	0.0476912826	-0.066050178	-0.0729385488	-0.0618790301	0.012663974	0.0324480984	-0.0710622842	-0.1069609529	0.0890345132	0.0435692762	-0.0158424933	-0.0701830781	0.0	0.0	-0.0365260474035551	-0.0040620769632084	0.0013341521389267	1.6500469255029163e-05	0.2368755889056757	0.0107620833242521	0.0561100446194106	0.0001158224374781	-0.0492230072812773	-0.0018608755986092	0.0024229044458126	3.462857993499517e-06	0.0051887878269374	0.0005900173873846	2.6923519112973744e-05	3.481205174162669e-07	-0.0008168574274565	-0.0001520641112346	6.672560567908513e-07	2.3123493925599213e-08	0.0006351230131838	-0.0001089092065384	1.1861215268845644e-08	4.033812418756694e-07	0.0	0.0
68.22803873782289	-0.1345178504489439	0.0180950520894044	4655.06527000986	77.84441894708678	-0.0741963220197021	0.0055050942012513	6059.753561209564	71.46533895195077	-0.076263803954518	5107.294671517212	0.0058161677936131	73.95612656450591	59.54887281260435	1.012985	28.133339	0.0467257179116961	0.0247633002385474	0.09443935	-0.0676951103	-0.0471824159	0.0032379192	0.0612144833	-0.0413091846	-0.0126797287	-0.0430719496	0.0886945719	0.1033000615	0.007562166	0.0131688273	-0.0950692367	0.0740948456	-0.0761379474	0.0800630851	0.0890675042	-0.1860210031	-0.0162558799	-0.018758522	0.1300398512	-0.0211963225	0.0193972931	0.0369800566	0.0298936861	0.1106333496	0.1750899449	0.0259544613	-0.0760255804	0.0701335897	0.0363787087	-0.0855254557	-0.0003534729	-0.0340583623	0.0458817563	-0.1160389625	-0.0363709305	-0.0255283013	-0.1240571583	0.0380865632	0.0070421374	0.0577873384	-0.0784980039	0.1242884703	-0.0114178779	-0.0403677186	-0.0515846799	0.0561506117	0.0574534798	0.0348509009	-0.0281137469	0.0147361987	0.1375383632	-0.0282087191	-0.0744207015	-0.0910237029	0.053239565	0.0033851875	0.0520252726	0.0920443224	0.0548355998	0.1192812267	-0.0603152364	0.0555926746	0.0647763722	0.0490148523	0.0993152837	-0.0935488712	-0.0061856599	-0.0955031481	0.0729743794	0.0403696044	-0.0673052756	-0.0583556912	0.1982780069	0.0164811479	-0.0118521044	0.0215550248	-0.0269482406	0.0595604887	-0.1337299214	0.0313427388	0.1646941268	-0.0882012174	0.0049980439	-0.0697549043	-0.0012474259	0.0690335601	-0.0528216519	0.0040106602	0.061238297	-0.0362048318	0.0133681838	0.0377196501	0.0282959801	-0.0152806974	0.0847264412	0.1027474239	-0.0183665855	0.0680149945	-0.0870664991	0.0025312517	-0.0293476444	0.0708974668	0.0048917698	0.0116330388	0.0197417181	-0.1281429947	-0.0277634375	0.0377864085	-0.1489628306	0.1400013134	0.1358503069	0.0365008363	0.0287874069	-0.0217759752	0.0464982165	0.0175293904	0.0331628234	0.0285889295	0.0381608494	0.0016998019	-0.1021669161	0.0690472192	0.0916657534	-0.0984651515	-0.0447087397	-0.1033125821	0.0417627179	-0.1220835372	0.1083511231	-0.0672888412	-0.0372305301	0.0763596556	-0.0296081137	0.0238140513	-0.0346665505	-0.0645808561	-0.0709935491	0.0500013522	-0.0632154694	-0.0239627743	-0.0460102376	-0.0322692377	0.1234669074	-0.0560009213	0.0236245792	0.0565409098	0.0772502926	0.118006452	-0.0135863279	0.1334398887	-0.0981245737	0.0010080511	-0.1514006241	0.0620005818	-0.0816397286	-0.1061608236	0.052550743	-0.0090097599	0.0286988075	-0.1817576161	-0.0580758028	0.0173841208	0.1455286337	-0.1426822785	-0.0873121128	0.0372151692	-0.0923138102	-0.0305820318	-0.0233952006	0.0412987727	-0.1014362333	0.0146996009	-0.0562841473	-0.021803941	0.0449360558	0.0042085728	0.0111337276	-0.0067597682	-0.0250464135	0.1486825915	0.0004950791	-0.0023697822	0.0952323816	-0.0366570768	-0.0179149581	-0.1111248877	-0.0479614326	-0.0690607522	0.0880054659	0.0401318633	-0.0213671566	-0.0756116809	0.0	0.0	-0.0353058386795623	0.0012202087239927	0.0012465022448672	1.488909330108129e-06	0.2304299949727664	-0.0064455939329093	0.0530979825831491	4.154568114795724e-05	-0.0581025936059163	-0.0088795863246389	0.0033759113837342	7.88470532967159e-05	0.0051842022629672	-4.58556397020006e-06	2.6875953103354235e-05	2.1027396924796937e-11	-0.0004248196902856	0.0003920377371709	1.804717692543531e-07	1.5369358736607968e-07	0.0008421062906458	0.0002069832774619	4.284207714891127e-08	7.091430047452285e-07	0.0	0.0
68.04750958158051	-0.1805291562423718	0.0325907762535827	4630.463560255292	77.68351916102476	-0.1608997860620178	0.0258887411548031	6034.7291492413015	71.35529726798381	-0.1100416839669549	5091.578448202338	0.0121091722102831	73.8284436942567	59.920786190217065	0.991298	27.531027	0.1002116243525378	0.0513536001025127	-0.017445642	0.0825917409	-0.1044965368	0.0108948681	-0.046074715	-0.0273960172	-0.0932650861	-0.046412213	0.0212362047	-0.0136338946	-0.1730003251	-0.1118255358	-0.0215199529	0.0507543463	0.0926609303	0.0182062524	-0.0523547588	0.012946047	-0.0852613843	-0.0076653003	0.0061043698	-0.0262694376	0.0247616543	0.1523820169	0.1445673847	0.0437839366	-0.0625153491	0.0679051769	-0.0906681005	-0.0456415948	0.0357506685	0.0794211847	-0.0162955114	0.1239532374	0.0904337399	-0.1046091879	-0.040689697	-0.0949226441	-0.038634801	-0.0815188569	0.0423067732	-0.0262584961	0.0331321558	-0.002181534	0.0890134138	-0.0304242111	0.0196949491	-0.178834596	0.1073019961	0.1296961273	-0.1095842933	0.0108216921	-0.002482195	-0.1315568564	0.015010264	-0.0381942591	0.1794038961	-0.2046638316	0.0565641955	0.0664577631	0.0739154448	-0.0613239353	-0.0717184745	-0.0914260297	-0.0750592622	-0.0972317738	-0.037413036	-0.0361685338	0.0135719945	-0.0292598901	0.0523067931	-0.0347184984	-0.005461347	-0.1144899568	-0.0836189264	0.042469568	-0.0498997687	0.0407489635	0.0436563495	-0.0417252494	-0.0361373746	0.0397500496	0.1225130183	-0.0101048767	-0.0235250545	-0.0739639107	0.0400720801	-0.0377342372	0.0997942382	0.0008254502	0.0259235085	0.0909369041	0.1066071379	0.0704812112	-0.0246537382	-0.0608879194	0.0924336296	0.0262799887	0.00117695	0.0064238122	0.0167818897	0.0723499711	-0.144742536	-0.0340428558	-0.0327814875	0.1669237643	-0.0556168437	-0.1158272645	0.0225524027	0.1041493506	-0.0846462501	0.0657958373	0.0552703828	0.0648933198	-0.0173449835	-0.0004647284	-0.0548861245	0.0148700912	0.0079772903	-0.0483537124	-0.0183746636	0.0057456228	-0.0167336594	0.1428654254	0.0640227514	-0.0430008633	-0.119498677	-0.1367898831	-0.0312768634	-0.037702408	0.1411500886	0.1230436623	-0.1224815945	-0.1041150658	0.0119574652	0.0472963855	-0.0164760484	-0.0404462144	0.0266610607	-0.0920387283	0.0570331187	0.048850007	0.0474248227	0.0256498703	-0.0440567126	-0.0172971267	-0.0284206953	0.1533538402	-0.0158191234	0.0345236069	0.1158482239	0.0355209006	0.0512095707	-0.0540942286	-0.0711388591	-0.0362099706	-0.0302332924	0.0480700884	-0.0398719096	0.096416398	-0.0538046263	-0.0460912247	0.0093132262	-0.0857151629	0.0856957658	-0.1451936553	0.0035486905	-0.0501963104	0.0619656199	-0.0009360353	-0.0891538028	0.0275653083	-0.0517645338	0.0671171846	-0.0095148947	0.0213449685	-0.0013394955	-0.0001444727	-0.0106292863	-0.0561835762	-0.0904264202	0.1008161114	0.0903961533	-0.0573266273	0.0416642231	0.0582939187	0.0319312836	-0.0261950944	0.1313774258	-0.1871813801	0.0869490055	0.0366444511	-0.0268319309	-0.0806635902	0.0	0.0	-0.0420857622435022	-0.0067799235639399	0.0017712113836165	4.596736353286754e-05	0.2626608038170275	0.0322308088442611	0.068990697861807	0.0010388250387553	-0.0317836876650545	0.0263189059408617	0.0010102028015897	0.0006926848099239	0.0057187743357115	0.0005345720727442	3.2704379902792503e-05	2.85767300958137e-07	-0.0005369508110886	-0.000112131120803	2.883161735287055e-07	1.2573388252536993e-08	0.000893042817168	5.093652652219999e-05	2.594529734146782e-09	7.975254732953578e-07	0.0	0.0
68.0105335447103	-0.0369760368702145	0.0013672273026274	4625.4326730361645	77.62921112359956	-0.0543080374252014	0.002949362928977	6026.294419672394	71.32701244704221	-0.0282848209416073	5087.542704620514	0.0008000310956987	73.85533546109032	58.91100221527129	0.964976	26.799994	0.0911791584200513	0.0413333431792932	-0.0583644919	-0.099281303	-0.0903385061	0.0448737695	-0.0676940022	0.0521088593	-0.0373224488	-0.0342404984	0.1145322336	0.019257119	0.0273070095	-0.1906745559	-0.1191305503	0.0951802802	0.0821355861	-0.0337072429	0.0283744312	0.1112428926	-0.1031798165	0.0933876402	-0.0745628347	0.0652617151	-0.0070762295	0.1017435897	-0.0038467197	-0.0531997102	0.0017982875	-0.0034687292	0.1213011772	-0.0010306099	0.0228410133	0.0282382184	-0.0701611307	0.117501756	-0.0135850475	0.1337883562	-0.0509989357	0.0430830569	0.0120681085	-0.1692004818	0.1292720355	0.0164853002	-0.1076007037	-0.0541159656	0.0564591867	-0.0997254575	0.0285523183	0.2268912622	-0.1034763674	0.0172326044	0.0648026874	-0.2041154801	0.0341224274	0.0278508911	0.0538194229	-0.0025652838	-0.0575755905	-0.0571514348	-0.0522396671	-0.0913813626	-0.147172801	0.1256875773	-0.0910505856	-0.0328987582	0.0452550516	-0.094577015	0.074444674	-0.0762424793	-0.0090452706	0.0382936894	0.1049238639	0.1011328683	0.049647508	-0.018928316	-0.0218023247	-0.0357169847	0.0444098723	0.0122319656	-0.0673166037	0.069175411	0.0344494749	0.1394672676	0.0029809008	0.0357494673	-0.1272204459	-0.0021702289	0.0050919041	0.0516861163	-0.0325514773	-0.0202680447	-0.0565681516	0.065250581	0.0154781913	-0.0336043776	-0.0054502125	0.0224047906	0.0937989535	-0.1067267579	-0.0007530866	-0.0712501177	-0.1330967109	0.0627185854	-0.0976403911	-0.0189965304	-0.0460713103	0.1313940191	-0.0034762751	-0.0723086353	0.0093704516	0.0798068736	-0.0330905276	0.0912420428	0.0601738994	0.1059160246	0.041281548	-0.0031114165	-0.0614522318	-0.0474751966	-0.0220292663	-0.0631606346	-0.0489773761	-0.0725472783	0.0758503962	-0.1256407522	0.0891390179	-0.0461605458	-0.0500903445	-0.1278546832	0.0608451578	-0.11373452	-0.0538509465	0.011759609	-0.0162429295	-0.0081401695	0.0087793752	-0.1195855624	0.0325741131	0.0744858621	-0.0049793484	0.0338227842	0.0344936365	-0.1487975441	-0.0060769825	0.0856316591	-0.0584450478	-0.0559607077	0.0510162985	0.0014709823	0.0111894286	0.0042426411	0.0871683742	-0.0520778163	-0.0279227786	-0.047465454	-0.0178827448	-0.0523667553	-0.0338760353	-0.030508254	0.0098959263	0.0722351346	0.0428486495	0.1139519705	0.011803419	0.0688252903	-0.1065558419	0.0180662851	0.1176764297	-0.0787085568	-0.0646193125	-0.0436968031	0.0320345052	0.0158852139	-0.112840458	0.0467351611	0.0297802646	-0.0066592664	-0.046734062	-0.0067066332	-0.0492873218	-0.025836884	-0.0349626757	0.1610933911	-0.0681407574	-0.0099942949	-0.0204679046	0.0056060404	0.0943866936	0.0558165777	0.0136285577	-0.0036816258	0.085865461	0.0331113845	-0.032221499	-0.0853136375	0.0	0.0	-0.0362499437543846	0.0058358184891176	0.001314058422196	3.405677743792683e-05	0.2500082470780569	-0.0126525567389705	0.0625041236070427	0.0001600871920328	-0.0530155631364976	-0.021231875471443	0.0028106499346799	0.0004507925360348	0.0062687323249829	0.0005499579892714	3.929700496228551e-05	3.024537899634417e-07	-0.0006792634909087	-0.00014231267982	4.613988900814736e-07	2.0252898837578293e-08	0.0005561353318491	-0.0003369074853189	1.135066536639048e-07	3.092865073309086e-07	0.0	0.0
68.09752872866707	0.0869951839567733	0.0075681620316728	4637.273418951637	77.7859781509222	0.156767027322644	0.0245759008555786	6050.658396895747	71.30624285969165	-0.0207695873505571	5084.580270765327	0.0004313757587124	73.93450533362883	58.934308612592126	0.973827	27.045807	0.0439882653605797	0.0222925159557387	0.1106475945	-0.0213759977	-0.0871597868	0.0201885058	-0.0217219311	0.0308907802	0.0016381607	0.044154527	0.0682334912	0.1110422931	0.0006752087	-0.1266446287	0.0121067131	0.0696079149	0.0664093715	-0.00558108	0.0107509754	0.0220957631	0.0040543937	0.026048098	0.0419335968	0.017478026	0.1085311035	-0.0457286084	-0.0222936592	0.0081837737	-0.0910046285	0.027176917	0.0815593166	-0.1337843079	0.0228276935	-0.0121797402	-0.0434486293	0.0688955107	0.0261844951	0.0765994926	0.1214408153	-0.1273826778	-0.0572976719	-0.0457470462	0.0870272685	0.0009232494	0.0688867441	-0.0558398426	0.0270066871	0.0475585476	0.0233287193	0.1183086866	-0.0062859221	-0.0856102917	-0.0297983069	0.0882711469	0.0184142106	0.0788243786	0.0633031967	0.0334996658	-0.1265689712	-0.0488070376	0.0778401245	-0.0422752714	-0.017659111	0.1272554379	0.0061332531	0.1260668993	0.0158592638	0.0261333978	0.1366062109	0.2456003855	0.0332132418	-0.0316498339	0.0292522443	0.0138548729	-0.0009831044	-0.1825572353	0.0348842866	-0.0481063076	0.0384481213	0.0812974846	-0.0342482071	0.1020921688	0.031695944	0.0582351364	0.0316949167	0.0351484695	0.1123758325	0.0429627248	0.0015110433	-0.0176310584	0.1066587672	-0.0217007352	-0.1260549528	0.0504430484	-0.0858480368	0.0091630271	-0.0734506746	0.0001765133	-0.0066702108	-0.0166165998	0.0032289362	0.0792057106	-0.0887735116	0.0318547989	-0.0287738805	0.0341886456	-0.1058221204	0.1478826576	-0.0081262598	-0.006609923	0.0966469243	0.0915058961	-0.0240211337	0.0427819355	-0.0126138799	0.1359573117	0.0468210839	-0.0310677801	-0.0196723954	-0.0018098103	-0.0659898988	-0.0064637632	-0.0628589069	-0.0700431013	0.0085095254	-0.0336476725	-0.0569738907	-0.0544702338	0.0172934359	-0.1115688503	0.0739768436	0.0678582139	-0.0869986615	-0.0398712949	0.010541797	-0.0210294822	0.0304400987	-0.0834522641	0.0325281858	0.0434087683	0.0168993165	0.053912862	-0.0439379975	-0.0415926349	0.1273319715	0.1038964462	-0.0300583671	0.0292919947	0.0829769001	0.1466808514	-0.0284351658	0.0058641836	0.0473391084	-0.0081882847	-0.0627663263	-0.0152398149	0.0702621546	0.1011626031	0.0619074276	0.0031313183	0.0430781133	0.0740381071	-0.1437088677	0.0472464462	0.0369178852	0.0557450193	-0.0349962198	0.0928221393	-0.0416806899	0.0155803394	-0.0879932048	0.0320959537	-0.0103095763	-0.0844477554	-0.0280764714	0.0608278875	-0.0240524476	0.0396983278	-0.1177044684	-0.0131651981	0.0424424528	0.0893654507	-0.0467987697	0.0746314662	-0.0182888856	0.0857135869	0.0183249139	-0.0220690426	0.1262776993	-0.0012923909	0.1003697819	0.0625600335	0.0847551701	0.0295370653	-0.037520755	-0.0895386565	0.0	0.0	-0.0311683369479567	0.0050816068064279	0.0009714652281013	2.5822727735134386e-05	0.236258923152306	-0.0137493239257509	0.0558182787690872	0.0001890439084152	-0.0545291325303836	-0.0015135693938859	0.0029734262945161	2.290892310108432e-06	0.0059621748251528	-0.00030655749983	3.5547528645685824e-05	9.397750070208169e-08	-0.0006301975949003	4.906589600840001e-05	3.971490086181226e-07	2.407462151107124e-09	0.0004388834229973	-0.0001172519088517	1.3748010129390812e-08	1.9261865898182693e-07	0.0	0.0
68.14904824714513	0.0515195184780594	0.0026542607842111	4644.292776991715	77.98281711478566	0.1968389638634562	0.038745577694839	6081.319765158108	71.3054006690279	-0.0008421906637465	5084.460164570605	7.092851141019018e-07	73.99383379566252	59.73413763083086	0.979179	27.194464	0.088695656790036	0.0400200272935418	-0.0325743241	0.0853465307	-0.0990258239	-0.0053127021	0.0611408695	0.0077412282	0.0047278046	-0.1511762263	-0.0007710048	-0.0146741542	-0.0764783556	-0.101868598	0.0544778462	-0.0219232468	0.0846834623	-0.0153051929	0.0251684355	-0.0141245747	0.1286531339	0.080478792	0.0048896461	-0.1384945451	0.0079061995	0.0643821243	-0.0328027057	-0.1020410859	0.0049746917	-0.0734352181	0.022785163	0.0469466358	0.0341781574	0.0167676204	-0.1147316138	0.0294257614	0.0672619301	0.0473965696	0.0190468933	0.0352088715	0.1221091593	0.0451771496	-0.0481599968	0.0499013	0.0854053491	-0.0584795496	0.1207063909	0.0248010209	0.0883300416	0.0469653129	0.0624901146	0.049502256	-0.0121826554	0.0504764658	0.08284341	-0.0105084199	-0.0480593307	-0.0678443304	-0.0406198749	0.0996717646	-0.0394030415	-0.0451280045	0.0556519428	0.0976735926	0.0271653023	0.015345432	-0.0635181319	0.0030624694	-0.0371058363	0.0456543726	0.0196966534	0.0474657046	0.0017884377	-0.0019393933	-0.1464247693	0.0648459399	-0.0214457701	0.0232942402	-0.0365060602	-0.0440493505	0.0154200768	0.250596459	0.0039217421	0.0132228005	-0.0469293485	0.0395118911	0.0056454619	-0.0793367624	0.0762857313	0.0152346526	0.0386377709	0.0579466288	0.0294567952	-0.0104685829	-0.0404065817	-0.13748383	-0.0397998278	0.0080735472	-0.0607774686	0.098211495	-0.0291701949	-0.0541548298	-0.0010854831	-0.0928477749	-0.0539598481	0.0126678663	-0.0337183122	0.1560772319	0.0063889126	-0.0814442734	0.0365894083	0.0295489524	-0.037229575	0.0801456048	-0.0470430619	0.0332810675	0.1408020107	-0.033506988	0.020924206	0.0043237281	-0.0722246361	-0.1510455569	-0.0067614228	-0.1020550247	-0.0437773315	-0.0905343502	0.0577019655	-0.0589944015	-0.0537746123	0.0539805162	0.0365649414	0.0862588326	0.0121045078	-0.064002438	0.0100257555	-0.0101778377	-0.0457368701	0.1291035328	0.0605630357	0.0667400359	-0.1917478575	-0.0094543488	-0.0536273252	-0.0574336871	0.0725521081	-0.188118226	-0.1001006693	-0.0003983126	-0.060830907	0.0861661923	0.0498294796	-0.0068364823	0.005153332	0.0111398157	0.0180869562	-0.0001065603	0.0582932331	0.0190150301	0.0054558922	0.0188016081	-0.0070523311	-0.0437586691	0.0384921184	-0.0058543969	0.0033518982	0.0047616887	0.1287073677	0.1372657796	-0.069923548	0.0168449478	0.0662739255	-0.0599564302	-0.0412647568	-0.0044000992	-0.0649541517	0.0800913176	-0.0041892297	0.070650273	0.02869143	0.0142486219	-0.0285196222	-0.0221891222	-0.0598142027	0.2047115587	-0.0717818639	-0.0628680541	0.0466224293	-0.0944287487	-0.0859580181	-0.0122114717	-0.0175304555	0.0468719688	0.0836184785	0.0259259465	-0.0427148457	-0.0933175984	0.0	0.0	-0.0493793532686339	-0.0182110163206772	0.0024383205292285	0.0003316411154319	0.2528605679294742	0.0166016447771681	0.0639384668136162	0.0002756146093072	-0.048147788012578	0.0063813445178056	0.0023182094905041	4.07215578549276e-05	0.0057649487115696	-0.0001972261135832	3.323463364702799e-05	3.889813987913336e-08	-0.0008888183787094	-0.000258620783809	7.899981103316064e-07	6.688470981803322e-08	0.0009330695490927	0.0004941861260954	2.442199272251786e-07	8.706187834440546e-07	0.0	0.0
68.0710824750686	-0.0779657720765385	0.0060786616154907	4633.672269327591	77.824338097905	-0.158479016880662	0.0251155987914611	6056.627600377027	71.36001372556073	0.0546130565328297	5092.251558912216	0.002982585943858	73.92878588078543	58.79512499075292	0.961355	26.69944	0.1107168729901701	0.0473370365486135	0.01930026	-0.1036933597	-0.0869277955	0.0052101329	0.0453531569	-0.0561689016	0.0240512368	0.0408528591	0.0707076146	-0.0161546497	0.0218228804	-0.0609770054	0.0002581326	-0.0647391013	-0.1143730875	0.0675549718	0.0998942712	0.143035061	0.0425996243	0.0727906023	-0.1176997006	0.0484113411	0.0574139651	0.0765585377	0.1539001445	-0.0665017795	0.0432217305	0.0670098056	-0.0980945526	-0.0007719915	-0.0086470458	-0.0281004863	-0.0453129486	0.0857809482	-0.0460483262	-0.0270011605	-0.0846836365	0.0598357714	-0.1027995483	-0.0143934173	0.1100477562	0.0396678769	0.0598974327	-0.0373743042	0.0063563972	-0.0089126466	-0.0278934719	0.0034731982	0.1143554847	0.0117333126	-0.0072050084	-0.0381156605	0.1075108087	-0.1212595983	0.0267367114	0.0103374115	0.0131765449	0.085492761	0.0529400074	-0.1081295608	-0.067824816	-0.0442025616	0.0482113851	0.0296756596	0.032773784	0.0106534373	0.1315829765	0.0358676264	0.201676577	-0.0035052801	-0.0763920459	0.0476141996	-0.0188888801	0.0186621468	-0.0122476465	-0.030841852	-0.0066978614	0.0307191511	0.1252268176	0.0340594061	-0.0640149823	-0.1576788037	-0.0768532012	-0.1467652942	-0.0262304052	-0.0180426653	0.0406274555	0.0228362036	-0.1852921754	0.1191682665	0.0178024248	0.0413327916	0.0814702493	0.0827291193	0.0741382861	0.1282259641	-0.0155592057	0.0654418975	-0.019317233	-0.0499942663	-0.1246479733	-0.02422991	-0.0358332152	0.0399859775	-0.0080436679	0.0262579519	0.0090589326	-0.0714886417	-0.1275598745	0.032304806	0.021813067	0.1007821899	-0.0473626158	0.0206071188	0.0812171486	-0.0407678909	0.1009862787	0.0288972775	0.1368793928	-0.0863172635	-0.0246358761	-0.1652377558	0.0574755952	-0.0241828116	0.0234843501	-0.0041293171	-0.0499383319	-0.0482801653	-0.1106856997	0.0621600253	0.1078323278	0.0828208282	-0.024919194	-0.0173143716	0.1145168865	0.0522272653	0.1141048692	-0.1002116661	0.0654116313	-0.0236597599	0.0272356693	0.0555792381	-0.090309398	0.0012318961	-0.1355355717	-0.0304596742	-0.1250187126	-0.0673131657	0.003175485	-0.1226844673	0.0920324307	0.0232997646	0.0005974501	0.0115049385	-0.1270147002	-0.0560955762	0.0459850974	-0.1300702007	0.0254492715	0.0445728655	0.073465439	-0.1206388693	-0.0369710647	-0.1129374423	0.0154876807	0.0363219031	0.0016206429	0.0074406505	-0.0605652363	-0.0793383596	0.002486696	0.1281950546	-0.1158859925	0.0235206917	-0.0061342287	-0.0139073867	-0.0023057196	0.0699396717	0.0175150404	-0.0231030349	-0.0842177355	0.027643623	-0.0072472081	-0.0467982456	0.0652746163	-0.1002679714	-0.0903575643	0.0912181043	0.0375645323	0.0877143597	0.0824557403	0.0222825273	-0.0477892128	-0.0966316368	0.0	0.0	-0.0315779828130615	0.0178013704555724	0.000997168998542	0.0003168887900965	0.2360980016291591	-0.0167625663003151	0.0557422663732824	0.0002809836289724	-0.0781158617454806	-0.0299680737329026	0.006102087856239	0.0008980854432606	0.0061112326859821	0.0003462839744125	3.7347164942216e-05	1.1991259093491732e-07	-0.0006978373822748	0.0001909809964345	4.869770121001453e-07	3.6473740999152695e-08	0.0005466372699122	-0.0003864322791805	1.4932990639263593e-07	2.988123048570634e-07	0.0	0.0
68.18171325054468	0.110630775476082	0.0122391684824392	4648.7460217795	77.93840375057486	0.1140656526698649	0.0130109731190022	6074.394779187622	71.4082633114736	0.0482495859128704	5099.140069160747	0.0023280225407634	74.01831400864886	59.52376078308933	0.977371	27.144228	0.0545916277585292	0.0354439464699657	0.0817751575	0.0630569649	-0.0250252433	0.0239591867	-0.0117300761	0.0669614813	0.0399859127	0.0796514787	-0.0298644813	0.0408659819	-0.076159737	-0.0387252875	-0.0532856871	0.038974563	0.0062825328	0.0592629479	0.0394522905	0.1135144875	-0.0664472261	-0.0421344764	-0.0923178454	0.030123374	-0.0335904677	-0.2740578832	0.0709825723	-0.0174282286	-0.0460416354	0.1001082949	0.0147679606	0.1101737325	0.1563973879	-0.0596565393	-0.0249284634	0.0787180724	0.1563000406	-0.0613030315	0.0938518296	0.0488252124	0.0773436604	0.0947820969	0.0141375277	0.0601944017	-0.0475953905	0.0758745079	0.0011506049	0.0417666466	0.0272312572	-0.0527468054	-0.047950558	0.1323203649	-0.0595253626	-0.0364409982	0.0351609514	0.0544733503	0.0826285295	-0.0535068496	0.0338720521	-0.1344009168	-0.0295040104	0.0832565975	0.0268398634	0.0341009668	0.048987854	-0.0917511464	-0.0578188159	0.0283826275	0.0090974213	-0.0317799395	-0.0073894521	0.0465666913	-0.0764791529	-0.0963914869	-0.1324584563	-0.0299368803	-0.0796688365	0.1249375588	-0.0622176158	-0.095941194	0.077333466	0.007261152	0.0284677607	0.1230434518	-0.0472188437	-0.1372473369	-0.0537463456	0.0289323529	-0.044596271	0.0983844202	0.0829146945	0.0234411408	-0.0171751701	-0.1184230134	0.0417065919	-0.0961081079	-0.1199109232	0.0495797602	-0.1291498515	-0.0091270706	-0.0308803856	0.0539524308	0.0315752932	-0.0095583503	-0.0237811886	0.0243602783	-0.1573163293	0.0957836161	0.020060249	-0.100813151	-0.0527175413	-0.0620606978	-0.0143522404	0.0362584042	-0.1176224424	0.0175044556	-0.006143229	0.0123691744	0.0278180669	0.0274129152	0.0144656058	0.0604204664	-0.0515922583	0.0222701294	0.0830508446	-0.0919194696	-0.0301862991	-0.0422547299	-0.0447399912	0.0415146703	-0.0560393418	0.1040857302	0.1006168439	0.0633174168	-0.044289291	0.0776846618	0.1602440385	-0.0746807045	0.135299307	-0.0104441736	0.0892999437	0.0579467725	0.0397053156	-0.0405596431	0.048625576	0.0307568619	-0.0029995557	-0.1616881704	-0.0481425725	-0.0763646694	0.0217576573	0.0364249551	-0.1333347272	0.0326416808	-0.0195164286	0.121451126	-0.1109717849	-0.0475643923	0.083745238	0.0144165845	0.0403260213	0.0181613847	-0.0390434358	0.0229685455	0.0739944031	-0.0332328735	-0.0810040182	0.005769181	-0.0131518089	-0.0211916249	0.0006727013	0.1023575451	-0.094340536	-0.004915168	-0.0860897607	0.0268182713	-0.0438382947	-0.0368319177	-0.0089581839	0.0005047209	0.0001764714	0.0408986514	-0.0487122482	0.002983394	0.0153604758	0.0120501886	0.0389435543	-0.0110687817	0.0843642525	-0.0501900084	0.0395276178	-0.082963604	0.0812673177	0.0186113467	-0.0527296337	-0.0994642612	0.0	0.0	-0.0414600078254494	-0.0098820250123879	0.0017189322488863	9.76544183454602e-05	0.2268500200840861	-0.0092479815450729	0.0514609316121502	8.552516265801033e-05	-0.0778054494865472	0.0003104122589333	0.0060536879698036	9.635577049613525e-08	0.0054617009310533	-0.0006495317549288	2.983017706026849e-05	4.2189150066088683e-07	-0.0006821156941427	1.572168813210003e-05	4.652818201957774e-07	2.4717147772301487e-10	0.0005088665341304	-3.7770735781799975e-05	1.4266284814985451e-09	2.589451495578856e-07	0.0	0.0
68.26452450171908	0.0828112511744052	0.0068577033210704	4660.045305445805	78.04250155770501	0.1040978071301452	0.0108363534493049	6090.632049384389	71.47348837458759	0.065225063113985	5108.459540432307	0.0042543088582233	74.05485668375877	60.10898275694485	0.992048	27.551855	0.0574082991236809	0.0276801961063454	-0.0979268	0.0230312193	0.0332393227	-0.0204407697	-0.0971482327	-0.0034464623	0.060229393	0.0002015067	0.0848836737	-0.1620269723	0.0429118495	0.0094079993	0.0089398833	0.046427242	0.0560499351	-0.019860223	-0.0246451049	-0.0516330032	-0.0208558381	0.1676359334	-0.047804119	-0.0099787829	-0.0480387642	0.0122429634	-0.0707806388	0.0698929677	-0.1004027889	-0.0395390988	-0.1014487955	0.0538683007	0.1828443387	-0.0668958839	-0.0732553652	-0.0674398559	0.0537949965	0.0663875776	-0.0223963227	-0.0242936391	0.0761464935	-0.1218114849	0.0327999679	0.0124427256	0.0880001821	0.0310634209	0.1583392008	0.1286984862	-0.0803119129	0.0094329338	-0.1009538629	0.06034258	0.0800708584	0.1213937868	0.0571147895	0.0483004239	-0.1617488904	0.0704461083	-0.0361624042	0.085581387	0.0175808065	0.0649768818	-0.0123728076	0.0286470768	-0.026401023	-0.1976462292	-0.1423550102	0.0643715087	0.0988264746	0.0423876657	0.0144152027	-0.0079011647	-0.0016995587	-0.0350138048	-0.0246231563	-0.0160704487	0.0412737145	0.1167523858	0.0911882307	0.0153458833	-0.0255587364	-0.0166516683	0.1225721529	0.0307556416	-0.0930543511	0.0430512824	0.1132351285	0.0609523398	0.0417085125	-0.0353624167	0.0371803586	-0.0024486182	-0.0154235152	-0.0262158455	0.0975320279	0.1081988834	-0.0169892006	-0.0122956182	0.0784590261	-0.0882493526	-0.0359698382	-0.0812061883	0.0069379191	-0.0530591138	-0.0406435637	-0.0291440523	-0.1406521706	0.0386364319	0.0636801064	-0.0520473686	0.0718249498	-0.1223416469	-0.0167725075	0.07884203	0.0052330962	-0.0945754107	0.0031597196	-0.0015667248	0.0155117643	-0.0597772638	0.1599971662	0.0828620505	0.0042308409	-0.0606046332	0.0172990642	-0.1115557963	-0.0831491783	-0.0548646126	0.0381516327	-0.0191377528	-0.0611316464	0.0626287631	-0.0668779064	0.0876824485	0.1561718597	-0.0829682983	-0.0170229868	-0.0427572144	-0.0374014311	0.0486051231	0.0128664138	-0.0103286584	0.0836989524	-0.0070931273	0.0667926898	-0.1146069924	0.1434891585	-0.2278786555	-0.0117027666	-0.0472420319	-0.0163990997	-0.0044012888	-0.0233912388	0.0258928304	-0.0897625723	-0.0637321365	0.0203687313	-0.2908820795	0.1048919357	0.0647410445	0.0549154262	-0.0647279191	-0.0911222823	-0.013668085	-0.0228234131	-0.0313691169	0.032848114	-0.0388450402	0.067173934	-0.0972469617	0.0686999277	0.0145935744	0.0665790008	-0.0410033242	-0.0194274675	0.0324303721	-0.019196283	-0.0072921667	-0.0403995855	-0.0325426921	0.051030329	0.0071584772	-0.0483184891	0.0184457663	-0.0875955877	0.0230386248	0.088092594	-0.0020673888	0.083562796	-0.1180511894	-0.0543613284	0.0187607693	0.080053581	0.0149169788	-0.057522261	-0.1018013597	0.0	0.0	-0.0397291665400274	0.001730841285422	0.0015784066739652	2.995811555321289e-06	0.2223532136780619	-0.0044968064060242	0.0494409516329618	2.022126785326034e-05	-0.097224036197332	-0.0194185867107847	0.0094525132145001	0.0003770815098442	0.0057501283173934	0.00028842738634	3.306397566648945e-05	8.319035719098109e-08	-0.0007712833868489	-8.916769270620004e-05	5.9487806282911e-07	7.950877422547319e-09	0.0002512203187477	-0.0002576462153827	6.638157230102864e-08	6.3111648551696e-08	0.0	0.0
68.27630271538786	0.0117782136687765	0.0001387263172273	4661.653512483279	78.01434588709543	-0.0281556706095784	0.000792741787475	6086.238164191364	71.3371720489012	-0.1363163256863941	5088.9921159345295	0.018582140648639	74.04015165122694	59.856105429325325	0.928547	25.788254	0.1036144837400556	0.0538026899300026	-0.0437015965	-0.1066252408	0.1023548389	-0.0376044367	0.0063055394	0.1310232978	0.0565381182	0.0797121593	0.0645499401	0.0119804563	0.0941778031	0.0764770506	0.1030388349	0.0629496409	0.016669954	0.0083829299	0.0200523504	-0.0257779368	0.095125631	-0.0127338097	0.0596188631	0.0809828538	0.0085330745	-0.0853985229	0.1303470995	-0.045689377	-0.1943765623	0.0212073068	-0.0477038383	0.1599651045	-0.0638332406	0.0852852216	-0.0673073794	0.0657112876	-0.1424577159	-0.0123025987	0.0462733885	-0.0026295681	-0.0105137044	-0.0056894207	-0.0064562382	-0.0915837353	-0.0131486328	-0.067677504	-0.0681560119	0.0761473928	-0.0460491163	0.1660886783	-0.0551066906	-0.1340723247	-0.0188487525	0.0689924275	-0.0554217505	0.0410190352	-0.0584416323	-0.0284959165	0.0061681848	0.032097853	-0.0336896545	0.0681086304	-0.0828683534	-0.128991767	-0.0498164982	-0.0367933077	0.047024173	-0.0215161401	0.0149494749	-0.0313162898	0.0789721571	-0.1035893623	0.0712223698	0.1640006174	-0.0957269223	-0.0966393624	-0.0369476019	0.0260061241	0.0023389505	-0.0185734763	-0.0174038203	0.0165907088	-0.013539034	0.0316583111	-0.0940449177	-0.0040632588	-0.0269363282	-0.0101228512	0.026413862	0.1311450865	0.0421377545	-0.009779671	0.0665391786	0.039757011	-0.0660815607	-0.1164936368	-0.080120604	-0.0638651375	0.0076763081	-0.0851676401	-0.0339552433	-0.0254378643	-0.1185849212	-0.0248096312	0.0313917564	-0.0239649786	-0.0812515599	-0.010318221	0.1268247048	0.0108255825	0.0739401143	-0.1661830068	0.037143128	-0.015430878	0.0125456498	-0.0166531809	0.0300036412	0.0179851274	0.105752057	0.0968881001	0.0786451945	0.168927689	0.0269295058	-0.0320859311	-0.0283036234	-0.0684478748	-0.009567813	-0.0539774441	0.0396332568	-0.108585749	-0.2130916611	0.097248494	-0.0895475043	-0.0109494524	0.1115868418	-0.03575906	0.0515912607	0.1465112513	-0.1205753999	0.0424739712	-0.1676847497	0.0310263009	0.0097678092	0.0088289572	0.1209431384	0.0335905833	0.0624045244	0.1422642138	0.111326753	-0.0535096452	0.0504685726	0.0046087088	0.0301065946	-0.0444350485	-0.1000348549	0.0215127446	0.0302710592	-0.0154958748	-0.1558628209	-0.0215446102	-0.0250020318	-0.006702808	-0.0742859782	-0.0321603086	0.024416477	0.0069099414	-0.0238880473	0.0042968748	0.0416750991	-0.0677468152	-0.0786871206	0.0251029605	0.1596486105	0.0166937627	0.0290649004	-0.0391736039	-0.0678586088	0.0372498219	-0.0356738062	-0.0379584748	0.0509759905	0.0460701412	0.0389218375	-0.1077242387	-0.1375350779	-0.0557250621	0.1216341597	-0.0533367478	0.0136428366	-0.0550446713	0.0119117178	0.0749013618	0.078814908	0.0112040262	-0.0621536617	-0.1036312889	0.0	0.0	-0.0390513132805665	0.0006778532594609	0.0015250050689369	4.594850413617706e-07	0.1981353027701118	-0.0242179109079501	0.0392575982038038	0.0005865072087454	-0.1362611221267116	-0.0390370859293796	0.0185670934032306	0.0015238940778577	0.0054050996560982	-0.0003450286612951	2.921510229235288e-05	1.1904477711515777e-07	-0.0011026487114154	-0.0003313653245665	1.215834180786042e-06	1.0980297832506188e-07	0.0001339816317441	-0.0001172386870036	1.3744909730328097e-08	1.795107764481162e-08	0.0	0.0
68.42372951516369	0.1474267997758289	0.0217346612921423	4681.806760764282	78.16487186731294	0.1505259802175089	0.0226580707204419	6109.74719403345	71.42186093986581	0.0846888909646139	5101.08222011353	0.0071722082528162	74.152329758806	59.943418070884896	0.934811	25.962233	0.058708696233013	0.0297770979380699	0.0714928735	-0.1010733058	0.1298660376	-0.0723131701	0.0015236618	-0.1068596142	0.1148013727	0.0676284115	0.1012049712	0.1013363125	0.0279619294	0.0487055779	0.0681021858	-0.0365813861	0.1037720161	0.0121199547	0.0871026239	-0.0237880549	0.0723114232	0.0013938622	0.0459304564	0.0943195003	-0.1004428887	-0.1439003187	-0.0151030691	-0.1165162599	0.0528892968	0.0778485741	-0.0751529768	0.0148014407	0.0655956195	0.2153360021	0.0243970287	-0.0230654616	0.0249692429	0.0374057152	-0.0380483664	-0.0289588496	0.085572115	-0.0355152218	-0.0225196415	-0.0787277915	0.0198538441	0.0517335397	-0.0961460098	0.085094049	0.0751146531	0.0290786536	0.0116922508	0.0644230328	-0.0173203221	-0.012800017	0.0284586445	-0.1031569961	-0.0232821509	0.0664111997	-0.0948601723	-0.0361464107	-0.1227099602	0.04285714	0.1455015939	-0.0141763473	0.2096618767	-0.0620462575	-0.0600596643	-0.0444113133	0.0785285178	0.1099829076	0.0050438584	-0.1524181298	0.155020764	-0.0687270988	0.0088159637	-0.0145159445	0.0106920381	-0.1017641262	0.057181959	0.0879979819	-0.0627475094	-0.0328357527	0.1020955095	0.0519094816	0.0457325953	-0.0004644655	-0.0812165336	-0.0223648318	-0.0143196138	0.0138589858	0.0610024197	0.0339388337	-0.178644388	-0.122607232	0.1963416777	-0.0116319729	-0.002532373	0.0400651855	-0.0298227136	0.0088292275	-0.0176391694	0.0505844069	-0.1267669513	-0.1055375081	0.1115692084	-0.0040581029	-0.1018142621	0.0427394862	0.1173035223	0.040458946	0.0197732131	-0.1475470313	0.0539514573	0.0320388177	0.0562848389	0.0297267737	-0.0284377367	-0.0189123872	-0.1137154943	0.0234836432	0.0817335537	0.1189958232	-0.0498241407	-0.0154183752	-0.0282218383	0.1003685992	-0.0169224276	0.0090937282	0.0311956612	-0.0007991187	-0.0194564477	0.0255962298	-0.1305018092	0.1138256232	0.1548478692	-0.0561097549	-0.0425390987	0.1795627722	0.0527049812	-0.0643442635	-0.0405348806	0.1601168137	0.0727998896	0.011009462	-0.0173705468	0.1439424307	0.1044473425	-0.1194207729	0.0839907394	0.0140322282	-0.0138648341	-0.0726436268	0.0689262949	0.0222012964	0.0350808057	0.1028072122	0.095724691	0.1070057211	-0.0384222544	0.0063144357	-0.0102582415	-0.0163846897	0.1913595429	0.0262149623	-0.0508350444	-0.0923379143	-0.0935908519	-0.0107278475	-0.0520177711	0.0220996478	-0.0638731297	0.0119447536	0.1280245618	0.0125182729	0.0103922159	-0.0143531779	-0.1072278051	-0.0487258574	-0.0838077433	0.1134577356	0.0180748659	-0.1010003388	0.0551130507	-0.0849263323	-0.0831969014	-0.0891621644	0.0146114471	-0.0519219635	0.0460100023	-0.0012294557	0.0276108545	0.0945071832	0.0775516848	0.0074771147	-0.0666108546	-0.1049449322	0.0	0.0	-0.0359729335250023	0.0030783797555642	0.0012940519463942	9.476421919467509e-06	0.2020976632506972	0.0039623604805854	0.0408434654913922	1.5700300578104987e-05	-0.137614856122525	-0.0013537339958133	0.0189378486256232	1.832595731420914e-06	0.0057002153565967	0.0002951157004984	3.249245511158084e-05	8.709327668072023e-08	-0.0007436202079262	0.0003590285034892	5.529710136362049e-07	1.2890146631769452e-07	0.0004861218677774	0.0003521402360333	1.2400274583358826e-07	2.3631447033138803e-07	0.0	0.0
68.44687184570344	0.0231423305397555	0.0005355674628113	4684.974265462151	78.15306768860928	-0.011804178703656	0.0001393386348678	6107.901989140344	71.46676905220802	0.0449081123422132	5107.499078761638	0.0020167385541408	74.13436542253217	60.41340067135015	0.920077	25.553041	0.1487852936725816	0.0667184231448933	0.091390096	0.0325501008	0.1230291079	-0.0593095751	0.0937545505	0.0249767913	0.0761815519	-0.0791082311	-0.016683911	0.1537273125	-0.1062557651	-0.046745442	0.0145909852	0.0701299682	0.0684931899	-0.0129102283	0.0015126281	-0.1611721383	0.0856766266	0.0299947628	-0.0440005241	0.0348170135	-0.1351041511	0.0593640192	-0.0354396202	0.0065138235	-0.0627567484	-0.0356697038	-0.0440507979	0.0515583257	0.1223935422	-0.1136488151	0.0402908165	-0.0588252187	-0.0052010176	-0.1743959298	-0.0634464183	0.0021171838	0.0463616685	0.064892994	0.0066604926	-0.0365817334	0.0546826795	0.0706489994	-0.0432064428	-0.0346447572	0.045447018	0.1525766199	0.0016642388	0.0172656165	0.0214312469	0.0324081361	0.0386723986	-0.0426233714	-0.032318948	0.0306592128	-0.0388024017	0.1841857795	0.0409843348	0.1005058903	-0.0680190873	0.0058433574	0.0584011739	-0.0287283279	0.0284820927	0.0187762584	-0.0292053526	-0.0654736534	0.0234410674	-0.1042563341	-0.0735847832	-0.1121669039	-0.0691500666	-0.032002677	-0.0573190985	-0.0410404836	-0.0074204315	-0.0046555235	0.0967718084	-0.1494599249	0.0780706407	-0.0905332754	0.012963471	0.0251703005	0.0302585986	0.0325728699	-0.0445216521	-0.0193746088	-0.0099232842	-0.0394530493	0.13906248	0.0346520733	0.054396769	0.0748736007	0.0293238801	-0.0481703671	0.0443820165	0.0782107031	-0.0168560697	0.1067853683	-0.0369950279	-0.1165043962	0.0307387548	0.0166670366	-0.0212532375	0.066481793	0.0950412028	-0.0242112838	-0.0210479524	-0.0477692013	-0.1175151412	0.0383267263	-0.0161032095	0.1400914702	-0.127401171	0.0444712343	-0.0941938296	-0.0741701404	0.0358607759	0.0081864556	0.0495714266	0.0370417478	-0.1501912102	0.0774285214	0.0077077138	-0.0438719827	-0.0021964668	0.0976441479	-0.0825441491	0.0901294378	0.0198962151	0.0068209184	-0.1590847939	-0.0177700588	-0.0682969676	0.1588880451	-0.0516365823	0.0589242466	-0.099095654	-0.0264443703	-0.0575397806	-0.0321566153	0.0286602129	-0.0286372319	-0.0227047902	0.0792714113	0.0107444523	-0.0365526612	-0.0549746824	0.0589564804	-0.0400675381	-0.0450532376	0.1433942179	0.1062885863	-0.0685261083	-0.0463438014	0.0817637395	-0.0891924838	0.0861981366	-0.0802025818	0.0701040885	0.1050947584	-0.0472680346	0.1128577072	0.0064535452	0.0394403825	-0.0940427323	0.0322931931	-0.0343384691	0.0117715569	0.0140547049	-0.0325915237	0.0204335222	-0.0155874963	-0.0958840133	0.0384393125	-0.0133923084	-0.0382144114	0.1349142047	-0.070687755	-0.1771126882	-0.0954975438	-0.0246809706	-0.0194149829	0.1159269977	-0.0021442725	0.0245428497	0.0512122272	-0.0015269768	-0.0149449182	0.0762643048	0.0037408877	-0.0708813468	-0.1057357452	0.0	0.0	-0.0546512957049856	-0.0186783621799833	0.0029867641222337	0.0003488812137266	0.2257591956600038	0.0236615324093066	0.0509672144250518	0.0005598681159566	-0.0873458186586333	0.0502690374638916	0.0076292920371468	0.0025269761275461	0.0053370519996646	-0.000363163356932	2.8484124047123905e-05	1.3188762381819177e-07	-0.0003050628327392	0.0004385573751869	9.306333191886513e-08	1.9233257133091106e-07	0.0001643153675085	-0.0003218065002689	1.0355942361531752e-07	2.6999539999453418e-08	0.0	0.0
68.38289017700369	-0.0639816686997534	0.004093653929605	4676.219668960148	78.149369426938	-0.003698261671289	1.3677139389325751e-05	6107.323941828031	71.51114196514865	0.0443729129406307	5113.8434251596445	0.0019689554028367	74.09662368263847	60.72124953389629	0.90585	25.157919	0.0444818670193665	0.0256309616354765	0.0121980083	0.1207796961	0.0638764078	-0.0600062138	0.0241715959	0.0009925316	0.0505414883	-0.0620588162	-0.0388800564	-0.0105438688	-0.0574269212	0.0092000706	-0.0199771464	0.0268940137	-0.0561277534	0.0498211286	-0.0165324038	-0.0971025398	-0.0219182633	-0.0250241381	-0.035242924	0.0024241127	-0.104174747	0.1663600469	0.1662672453	-0.0061592772	-0.0200564852	-0.1585793678	-0.0418267479	-0.0043749251	0.0301246438	-0.0395088058	-0.1596048249	-0.1550088022	-0.0038390407	0.0875745773	0.0615300547	0.0458626177	-0.067351952	0.0130100495	0.0123856447	-0.1036746161	0.0732122363	0.1199942852	0.0418007532	0.0910180674	-0.061561444	-0.0640702781	-0.067241548	-0.0331748481	-0.0428098783	0.0702137946	0.0520329356	0.1566986378	0.001236664	-0.0367741942	-0.0506163222	0.0090321215	0.0882670345	-0.0799643937	-0.0192898877	-0.0427214086	0.0272822364	0.0445703997	-0.0213790023	-0.0076409351	0.0514039878	0.0592744526	0.1729312747	0.0363071587	-0.0784135045	0.0296390383	0.0228911445	0.029137019	-0.0461948422	0.0315170505	0.0276112276	-0.0014969472	-0.0227034763	0.0148357745	-0.0585677126	0.1036100019	0.012785449	0.0300901246	-0.0046950199	0.1281892666	-0.156646221	0.0998707242	-0.1474928966	0.0570561858	-0.002529097	0.0714842742	0.0004359135	-0.0401003714	0.0362866972	0.1209521685	-0.1148866201	0.0438193979	-0.0347656766	0.04099138	0.0521257578	-0.1187431799	-0.0480642905	0.0025816391	-0.0059178925	0.0718187304	0.0772469444	-0.0086911854	0.0374579501	-0.0487485938	-0.0549710716	0.0995566991	-0.0209516577	-0.0137216004	0.0259466311	0.0359540636	-0.1482336734	-0.0510890494	-0.0281951347	0.0377145868	0.051652232	0.0849363659	-0.0309306563	-0.0179196334	0.1216258968	-0.0563257102	0.0509442015	0.163291891	0.0227274899	0.0465945064	0.0603442186	0.0408753039	0.0353457046	0.0868961875	0.054128124	-0.0948400177	-0.0788597678	0.0309406899	-0.0088890171	-0.0861043685	0.156595256	0.0180840838	-0.0278600944	0.0594832486	-0.1339163114	0.0698224724	0.0861470466	-0.2189139003	0.0888281547	-0.1062066017	-0.0763656441	-0.0814419097	-0.0048384997	0.096720145	-0.0347726392	-0.056488712	0.0152347454	-0.019113721	0.0164221997	0.0481668332	0.0650044829	-0.0694668287	-0.1411195664	-0.0493485385	0.0723164135	0.09701672	-0.0953540624	-0.0079126043	0.0653797977	0.0093731614	-0.0236938905	-0.1011882787	0.0239804384	-0.0002405447	-0.0721253078	0.0036982571	-0.0227124523	-0.0111156463	-0.013789635	-0.039722049	-0.047571587	0.0199203109	-0.1346224201	-0.0779554382	0.0831857903	-0.0228069583	-0.1126226869	0.0356269934	0.0234245416	-0.0168297678	0.0749531689	0.0	-0.0749531689	-0.105999788	0.0	0.0	-0.0629952480844622	-0.0083439523794766	0.0039684012812229	6.962154131097329e-05	0.2291222658525669	0.0033630701925631	0.0524970127094143	1.1310241120106408e-05	-0.0830656636997915	0.0042801549588418	0.0068999044858868	1.83197264716981e-05	0.0052706355873211	-6.641641234350019e-05	2.777959949433564e-05	4.411139828581844e-09	-0.0003628952995402	-5.783246680099999e-05	1.316929984283715e-07	3.344594216288766e-09	0.0006099602781337	0.0004456449106251	1.9859938636614245e-07	3.720515409009407e-07	0.0	0.0
68.21240208535534	-0.1704880916483517	0.0290661893938967	4652.931798254189	77.84122331336488	-0.308146113573116	0.0949540273102157	6059.25604692114	71.41611576080322	-0.0950262043454301	5100.261590360447	0.0090299795122994	73.967753847446	60.19324913371637	0.948237	26.335112	0.1025401314071883	0.0575447137499121	-0.1023217628	0.0365466636	-0.0218229782	-0.0323203611	0.0716968288	-0.0870117383	-0.0902227046	-0.0587071954	0.0087261977	-0.0230415269	0.091978243	-0.0235971014	0.0250724203	0.0849773778	-0.0313135655	0.0823400153	0.093089839	-0.0970202989	-0.0016512133	-0.0006284784	0.0590146872	-0.0711068754	-0.0427117216	-0.1139764208	-0.0477119663	0.0273709161	0.0416720467	-0.0122076628	0.0437604466	0.0214319504	-0.0717317251	0.004305703	0.036554788	0.0761928699	-0.149706625	-0.0349159318	-0.0206358961	0.0515016672	-0.0919466628	-0.0365500184	0.0171829136	0.0864155395	0.1295091576	-0.0115245802	0.1213969747	-0.0680138255	-0.0227524446	-0.1048915236	-0.1478817092	-0.0801334251	-0.0724538091	0.0993010058	0.0490647688	-0.1174140599	-0.0299823581	-0.1692812753	0.060543069	0.0622556491	-0.013365636	-0.0701066116	-0.0529445473	-0.0329608135	-0.0759425013	0.0551379764	0.0728367295	0.0241050928	0.0018699721	-0.0837573289	-0.0350533086	-0.0886109372	-0.0886677433	0.0085713001	-0.0218589387	-0.0014105105	0.0260184112	-0.1411336927	-0.0815613343	-0.0461174455	0.0866324975	-0.0859110214	-0.1369320659	-0.026725739	0.0139460198	0.0186767818	-0.0023133916	-0.0621321524	0.0056634568	-0.0451214295	-0.0378636155	-0.0643126927	-0.0810545603	0.0730561072	0.0321920385	-0.0258135892	0.0966158823	0.132115664	-0.0264932052	0.0755601273	-0.0216880185	-0.0973302087	-0.0369593275	-0.0177274316	-0.0916990969	0.0020719397	0.0024551738	0.0771881425	0.048849858	-0.0177952298	0.0298854528	-0.0867893701	0.067744491	0.0824629861	-0.0378248429	-0.0692972619	0.0951660872	0.0934341315	0.0342804662	0.0058137459	0.0237036371	0.0339811108	0.0397811386	-0.1323568587	0.0268023618	0.0515825132	-0.0220541643	0.0010136795	0.0429932552	0.1461333022	-0.0027397737	0.0603793217	-0.0241380695	-0.0110448756	0.0660075742	0.0001463385	-0.1411614068	-0.1085550019	0.1277288888	-0.0644969212	0.0320926862	-0.1611278665	-0.0350375532	0.1273673874	-0.1132433308	0.0838412782	0.0233881674	0.0871331871	0.0394751709	0.0590481221	0.1025038494	-0.1020492903	-0.1031272044	0.0526213729	0.0686790617	-0.1127260877	0.0558552513	-0.1684593488	0.0006394152	-0.1638311802	0.0238546001	-0.0240868842	0.1086056189	0.0658475288	0.0438055162	0.0179300646	0.0607236319	-0.0547173222	-0.0250949337	-0.0079458486	0.0894941063	-0.1113527362	0.0319198419	0.0446271449	-0.0165783451	0.1362687877	0.052443858	0.0471621739	-0.0023696402	-0.02207974	-0.0368228784	-0.0166991896	0.0128846566	-0.0997325913	0.0867823542	0.0046047418	0.1991858289	0.1031855124	-0.0810882608	-0.0266350403	0.0225587998	-0.0063521538	0.0736186857	-0.0037408877	-0.078814908	-0.1057357452	0.0	0.0	-0.0515091252451185	0.0114861228393437	0.0026531899835173	0.0001319310178804	0.2319568180125912	0.0028345521600242	0.0538039654225263	8.034685947898366e-06	-0.0889206172526968	-0.0058549535529053	0.0079068761726006	3.4280481106678405e-05	0.0062801646592152	0.0010095290718941	3.944046814685557e-05	1.0191489469993638e-06	-0.0007219662414459	-0.0003590709419057	5.212352537875196e-07	1.2893194132104661e-07	0.0003312702348352	-0.0002786900432985	7.76681402337198e-08	1.0973996848776857e-07	0.0	0.0
68.10963594007576	-0.102766145279574	0.0105608806156225	4638.92250788966	77.76164621530577	-0.0795770980591044	0.0063325145355083	6046.873622114379	71.4532810876129	0.0371653268096707	5105.571378185418	0.0013812615168696	73.93193449073999	58.90468444319459	0.946967	26.299852	0.0549000633658266	0.032222217165361	-0.0272977394	-0.1294541744	-0.0580777639	0.0097491944	0.0466167337	0.0180905993	-0.0777028267	-0.0152757524	0.1386961804	0.0385941717	0.0200115539	-0.1382206619	0.0111225455	0.0096886432	0.0324634824	-0.0146449767	0.063478471	0.0231550546	-0.1265903952	-0.0702482114	0.0619207711	-0.1100922057	-0.1515090711	0.0087995731	-0.0244502533	0.1236320615	-0.0003568688	0.08785217	0.0084132506	-0.0473280759	0.0043840927	-0.042516499	-0.0126698101	-0.0367096686	0.0094971625	-0.1305186467	0.0202849774	-0.0167641808	-0.0259024688	-0.0263078098	-0.0538424876	0.0407849783	0.011478333	0.0299635238	-0.0110449936	-0.0787161453	-0.0869677693	0.1283055579	-0.0226983786	0.0025738809	-0.0148160887	0.0227329824	0.0050479701	0.0572772426	-0.0587453216	-0.18160048	0.0044711751	-0.0168288588	0.0087153425	-0.0309954135	-0.0238497407	-0.0025594463	0.0124031087	0.1081084334	0.0529780911	0.0859970181	-0.0396515615	0.0023501882	-0.027455311	0.0888239117	-0.1555612182	-0.1953357708	-0.0299991395	-0.0413317547	0.0110837145	-0.0179476391	0.1236644951	0.1682757844	-0.0100899829	-0.0704734284	0.0295533692	-0.006326437	0.0087455324	-0.0599616771	-0.023392384	0.0585831014	-0.050883787	0.0625342195	-0.0137194881	-0.1528653722	-0.1021140584	0.1308647947	-0.0154617789	-0.0810387843	0.0275622728	-0.019743348	0.0082438192	-0.0087759192	-0.0198550678	-0.0597677854	-0.1342931085	0.0630253784	-0.0875063768	0.0635050503	0.0230744554	0.0046944815	0.0862445628	-0.0626961013	-0.0151149627	-0.1181106073	0.0626318417	0.0532457399	-0.0388217862	-0.044428338	0.0172258584	0.1301122426	0.0343323201	0.0794887396	0.1090742734	0.0247409551	-0.0446462121	0.0811856504	0.0125067596	0.0614456952	0.0008562634	0.0487399056	0.0949537711	0.1798402936	0.060684422	-0.0456006976	0.0299408865	-0.1635300027	-0.0080639402	0.0561236863	0.0547872587	-0.0284945121	0.1156272304	0.0321422004	0.0782175684	0.004659255	-0.0893554032	0.0276814318	-0.116352123	-0.037996577	0.1311741133	0.0618484806	-0.0905658971	-0.0810859254	0.1355339903	0.0177863267	-0.0309089958	0.0935176873	0.0451249851	-0.0705716382	0.139792652	-0.0280094993	-0.0182366534	0.0536600902	-0.0745744213	0.1557845816	-0.0783935289	0.1020934614	-0.0103568895	0.0999251454	-0.0023597954	0.0408239256	0.038647791	-0.0344075648	-0.0936247973	-0.085714339	-0.0224389264	0.0484472652	-0.1007907066	-0.0108233619	0.0083095667	-0.0031680818	-0.0572559292	-0.0319943384	-0.0357158894	-0.0003238226	-0.0833997655	0.0269533867	-0.0002047406	0.0617279424	0.1021424101	-0.0423961109	-0.0852968865	0.0494859976	-0.0417539287	0.0650911032	0.0722612707	-0.0074771147	-0.0824557403	-0.1049449322	0.0	0.0	-0.0585242000827292	-0.0070150748376106	0.0034250819953233	4.921127497727877e-05	0.244298040272568	0.0123412222599768	0.0596815324810172	0.0001523057668701	-0.0602671971908677	0.0286534200618291	0.0036321350572429	0.0008210184812396	0.0062381313767808	-4.20332824344e-05	3.891428307397712e-05	1.7667968322100395e-09	-0.0007117414222408	1.0224819205099998e-05	5.065758521333568e-07	1.0454692777698175e-10	0.0002457214123465	-8.554882248869999e-05	7.318601029203101e-09	6.037901248555869e-08	0.0	0.0
68.11491478030769	0.0052788402319237	2.786615419417636e-05	4639.641615528579	77.78674505061882	0.0250988353130452	0.0006299515340713	6050.777705569972	71.39548328382159	-0.0577978037913027	5097.315033330448	0.0033405861230979	73.94545948139697	59.49133675638466	0.99921	27.750757	0.0810075479846529	0.0424980707731169	0.0796970471	0.0363730646	-0.0674788441	0.0332840611	-0.0992809971	0.0259417931	-0.0601554456	0.0758152745	0.0747933808	-0.0160383193	-0.058804177	-0.0913612699	-0.0172104728	-0.0292899509	0.0500660313	0.0905821448	0.069308714	0.1118932897	-0.0848328044	0.0188295069	0.0743124707	-0.0801284077	-0.0193534606	-0.0796333807	0.0612938032	0.0002116378	0.0232888733	-0.0415289991	0.1369892103	0.0011714934	-0.0013328662	-0.1537840664	0.15687625	-0.0005174573	-0.0178460763	0.1934136042	0.1164953791	-0.0316466795	-0.0777041275	0.0346515581	0.1151842635	-0.0471250061	-0.0556731608	0.0349413036	-0.0573300277	-0.1024943768	0.0553693079	0.0727201508	0.0561185261	-0.165471771	-0.0719057381	-0.0780944087	-0.0781086941	0.0890381525	0.0971058719	-0.0447783362	0.0479022146	-0.0693856722	0.0680037448	0.0059414274	-0.0039061994	-0.0075098502	0.0398687652	-0.0005359323	0.0544923933	0.0504622867	0.1499007633	-0.0636185492	-0.03869894	0.063336188	-0.0596340739	0.0514620347	0.0391559722	-0.1507418029	0.008258649	0.1046494	0.0411930038	-0.1079995396	-0.001259827	-0.0800296407	0.076282943	-0.0115276781	-0.0679807195	0.1586189183	-0.021354438	-0.016983208	0.074374806	-0.0880689339	-0.1567776544	-0.0103689942	0.1614323047	0.033521599	0.1965315962	0.0224904548	-0.0355387017	-0.0336859489	0.0704041624	-0.0776339244	0.0185936521	0.0692252139	0.0229258516	0.1001442439	-0.080519291	0.0331078485	-0.0385170846	0.090734179	0.0749843704	0.0039078154	0.0601806705	-0.0190484576	0.0296901558	0.0660364893	-0.1240562932	-0.0560431616	-0.017134314	0.0837464304	-0.0492877207	-0.0174953969	0.0366134547	0.0946047936	-0.0536786325	0.0266232652	0.0930606052	-0.0346481026	0.0169447801	0.0455328932	0.0616497246	-0.0455669805	-0.009215702	0.0358222457	-0.0583636066	0.0683466971	-0.0690264849	0.0453374223	-0.0014041703	-0.0674380033	-0.0655138404	0.0436516743	0.1373073444	0.0789352978	-0.1231147764	0.0197489154	0.0296898988	0.0239562226	0.074890354	0.0817107321	0.0331660307	-0.0625011169	-0.045687136	-0.0175995791	0.0051149042	-0.0243995333	0.104727284	0.0240175328	0.0349122365	0.1390903452	-0.1037839865	0.056212362	-0.0124015896	-0.1148990431	-0.1531888651	-0.0666297331	0.0365421725	0.0300970485	0.0162918721	-0.0543159863	0.0238876543	-0.0307912474	-0.0353944719	0.0496466274	-0.0669475432	-0.1005027513	-0.0357629556	0.05229334	0.0320067198	0.0050412843	-0.0606892011	-0.0169271939	-0.0063244191	0.0185803929	-0.103823785	0.0245487433	-0.0353722415	0.0585332028	0.0822303508	-0.0224207129	-0.0598275669	0.0675312315	0.0251010778	-0.0569555486	0.0708813468	-0.0112040262	-0.085865461	-0.1036312889	0.0	0.0	-0.059903976474203	-0.0013797763914738	0.0035884863974218	1.903782890468472e-06	0.2454249582644223	0.0011269179918542	0.0602334101390934	1.269944160364924e-06	-0.0885527325084325	-0.0282855353175648	0.0078415864347099	0.0008000715082012	0.006641064235643	0.0004029328588622	4.410373418193655e-05	1.6235488875086566e-07	-0.0001909535495017	0.0005207878727391	3.6463258067298194e-08	2.7122000839211706e-07	0.0001651357782726	-8.058563407390001e-05	6.494044419092514e-09	2.7269825265697307e-08	0.0	0.0
68.06216074523874	-0.0527540350689434	0.0027829882160553	4632.457725310717	77.56386171246685	-0.2228833381519734	0.0496769824257669	6016.15264375068	71.24555523898623	-0.149928044835363	5075.929141311438	0.0224784186281546	73.8973611792121	59.59914600204777	0.984664	27.3468	0.0812207845215943	0.0378181498915389	-0.0954673061	0.0360228386	-0.1155006261	0.0233040912	-0.0181759066	-0.0577731752	-0.1406422018	-0.0327251746	-0.0190688021	-0.0418918418	-0.0600053435	-0.0791846826	-0.049022611	0.0427447819	-0.0347404404	-0.0214368384	0.0247080449	0.0907882566	0.0604567176	-0.1052850015	-0.0105023453	0.0188718757	-0.0768449652	-0.0422088645	0.0589954377	-0.0445926111	-0.0792088118	0.0845456538	0.0206472602	-0.0843400922	-0.2037434993	0.0012863476	-0.0071232757	0.0731021367	0.0395448122	0.0516868505	-0.0507703311	0.0537765055	-0.1570651049	-0.0310349899	-0.0253315921	0.034648557	-0.0485184495	-0.154081323	0.0211592435	0.0849818262	-0.0945492674	-0.0583895229	0.1104634391	-0.019987564	-0.1251108001	-0.0191385284	0.0588677213	0.050390544	-0.0557169679	0.0335648767	-0.0358759784	-0.0704537337	0.1295035013	0.0072719437	-0.0552804687	0.0550028927	0.0153510786	0.1004870967	-0.0729707321	0.1032595327	0.0467357295	-0.0697820223	-0.1266278314	-0.1180949839	0.0219115651	-0.0445523762	-0.0575931864	-0.0894020866	0.0331802029	-0.0887305925	0.0587828595	0.0472026296	-0.0153726302	-0.1402122268	0.0065252729	-0.0103963171	-0.0070953574	-0.0048562974	-0.0262212412	0.0422634417	0.0437142244	-0.0226749696	0.0214262269	-0.0130228321	-0.0069315921	-0.1508526114	-0.1363583774	0.0078217148	0.1007989337	0.0427794629	0.0292371588	-0.0142580015	0.0276069057	-0.0843736522	-0.0062748548	0.0394769506	-0.1131867402	-0.0197937462	-0.0050404499	0.0598640092	-0.0077767002	0.0571171503	0.0960531991	0.1074384299	0.0817765379	0.0124646173	-0.1089804307	0.06178916	0.0263656078	0.0407039491	-0.1160071371	-0.0108235029	0.0068991621	-0.0157382123	-0.0137441769	-0.0344506636	-0.0268744905	0.0706777214	-0.0152911664	0.0365440138	-0.0419049782	0.112305884	-0.0307284044	0.0335415102	-0.0326623233	-0.0322633429	0.0492837368	-0.09203741	-0.1456127539	-0.0057832977	-0.1254465555	-0.0002720393	0.0566997341	0.0588636779	-0.0469776284	0.0584255836	-0.1515878833	-0.1095957361	0.0977864258	-0.0206833444	0.0321854201	0.1788060446	-0.0401462498	0.0366539918	-0.0849812067	-0.0989032444	-0.1385752151	-0.0014735183	-0.1108419281	0.1211856335	-0.0384157108	0.0953427709	-0.0708104327	-0.1684224673	-0.064876371	0.0944413427	0.0418341286	-0.0305548343	0.0235287084	-0.012047829	-0.00093041	-0.0138863318	0.0531212177	-0.057737979	0.0536540653	-0.0381493508	-0.007766624	0.1091659917	0.042978391	-0.0259009972	-0.0992135729	0.0045706349	0.0207846545	0.0862871618	-0.0249482438	0.087416552	-0.0259423689	0.032532283	0.0625064031	-0.0514245401	-0.010723321	-0.1133292974	-0.0208664319	0.0479027857	0.0694793439	-0.0149169788	-0.0890345132	-0.1018013597	0.0	0.0	-0.0382746488629237	0.0216293276112793	0.0014649487455801	0.000467827812916	0.2338067898965761	-0.0116181683678461	0.0546656150017416	0.0001349818362236	-0.1008449343366564	-0.0122922018282238	0.0101697007813645	0.0001510982257857	0.0063110917679236	-0.0003299724677194	3.982987930315303e-05	1.0888182945283053e-07	-0.0005649543913355	-0.0003740008418338	3.191734642892653e-07	1.398766296923911e-07	0.0001747842030043	9.648424731699992e-06	9.309209980328007e-11	3.0549517619848355e-08	0.0	0.0
67.99539505338805	-0.0667656918506907	0.0044576576083013	4623.373748466308	77.7353600679442	0.1714983554773539	0.0294116859314368	6042.786204892934	71.37490422572564	0.1293489867394157	5094.376953231508	0.0167311603705135	73.89214426198293	58.67529665472578	0.960958	26.688404	0.0724860762144222	0.0442449227574529	0.0431908362	-0.0647223324	-0.13187476	0.0117512065	0.0831602997	-0.0392692279	-0.0786797325	-0.0086701414	0.0297694073	0.0468446551	-0.0015718223	-0.1161030449	-0.0231757944	-0.1184135106	0.0197039007	-0.0622169134	-0.0406920172	0.0404647505	0.0421517241	0.0592940088	0.0113459398	0.0253538986	-0.0093522902	0.0457605484	-0.1495587452	-0.072585149	0.106752906	-0.0427560026	-0.0740137928	-0.0518561469	-0.0549331998	-0.0250463254	0.1209697472	0.0806898038	0.0294202174	-0.0761065179	-0.1003369495	-0.0625428337	-0.0685360215	0.0944269746	-0.0717492154	-0.0733053292	0.0585392832	-0.0749213706	-0.0850208079	-0.0509606148	-0.0550742782	0.048952629	0.1124639826	-0.0023388739	-0.1139087888	-0.0169940155	0.085345083	-0.0327710329	-0.0645975719	-0.0407898268	-0.0262728682	-0.0797956556	-0.0238077607	0.0068603972	-0.0633787578	0.0224877898	0.0901495618	0.0797493802	-0.0656472676	-0.0081443337	0.0911131413	0.0530528269	0.0285946597	0.0904873233	0.0407363297	0.0084662011	0.0581031681	0.0558909526	-0.1426361121	0.0056636281	0.0515699769	-0.0079184076	-0.0095419635	0.0354278583	0.054689093	0.0290264499	-0.0323745934	0.0264793786	0.0871360373	-0.0481912858	-0.1174725952	0.1582279133	0.0227592904	0.061936209	-0.1377876442	-0.050382777	-0.1224900324	-0.0398005958	0.0995605371	-0.1516042678	-0.0357088451	0.0745259648	0.0102578885	-0.0238339259	-0.076027519	0.074733581	-0.0717671568	0.0797771913	0.0346119905	0.0299418482	-0.0466612756	0.0332107441	-0.0545915154	0.1002996346	0.1395915842	0.0447580173	-0.1117387399	0.1946834312	-0.0939988163	0.0024297268	-0.0311166726	0.0175692351	-0.0202666163	-0.0246264388	-0.0932156789	-0.0440587503	-0.0974421422	-0.0860945493	-0.0183819127	0.0731687166	-0.0159517286	0.0650523391	0.0279230388	0.0187547735	-0.0922572631	-0.0092958242	0.0155966923	0.022751918	-0.0513824713	-0.010447249	-0.0237939956	-0.0635230108	-0.0736663727	-0.1035047877	0.0187488558	0.0053738392	-0.0276364392	-0.0386875468	0.1334064562	0.0374707931	-0.1398435144	-0.0948479076	-0.031740631	0.0349879699	-0.0624085604	-0.101061327	-0.0186540299	-0.0893882098	-0.1127038856	0.1394115159	0.1039053383	0.0349712844	0.0396512756	-0.0603775389	-0.030464835	-0.0957635452	-0.0266675992	0.0047443702	0.0181233204	-0.0134308233	-0.0459825957	0.0412485874	-0.0563139158	-0.0755925834	-0.0355258746	0.0187221742	-0.0844242652	0.0678664428	0.0843233158	-0.0054694081	-0.0626324233	0.0963510813	0.0281180871	0.0536742465	0.0474065655	-0.0037604174	0.0357683562	0.1697668606	0.1035337409	-0.0125425296	0.0188008047	0.0112444712	-0.1013844807	0.0080984477	0.0680556987	-0.0186113467	-0.0919540145	-0.0994642612	0.0	0.0	-0.0296031897682809	0.0086714590946428	0.0008763488444568	7.519420283006333e-05	0.2347185816132082	0.000911791716632	0.0550928125545162	8.313641345188792e-07	-0.0600646272885541	0.0407803070481022	0.0036077594513129	0.0016630334429375	0.0062561392878816	-5.495248004200055e-05	3.9139278789375685e-05	3.019775062766468e-09	-0.0004530941494329	0.0001118602419026	2.052943082503231e-07	1.2512713718508197e-08	0.0004504218481606	0.0002756376451563	7.597611142731037e-08	2.0287984130041064e-07	0.0	0.0
68.0408170600468	0.0454220066587538	0.0020631586889078	4629.552786198757	77.82870053690533	0.0933404689611308	0.0087124431458838	6057.306627263288	71.3463959387683	-0.0285082869573471	5090.308213451493	0.0008127224252424	73.946835374628	59.39980281457938	0.962643	26.735209	0.1171083360512515	0.0657781279665399	0.0006347629	0.1226592209	-0.1043881086	0.0625821599	0.031607834	0.0110668429	-0.099547307	0.0388262131	-0.1413315441	-0.073713841	-0.0431269802	-0.0177513087	0.0397374338	0.004432272	0.026367505	0.1462865004	-0.066014875	-0.0514770246	-9.58526e-05	0.02038937	-0.0974318207	-0.0353869398	0.0224043047	0.0025083925	-0.0857940529	-0.0463323574	-0.0084092322	-0.0706165627	-0.1031761133	0.035879377	-0.0219611763	0.0618653621	0.0190972258	-0.0222453083	-0.0776950793	-0.0855179117	0.0827451096	0.2011682921	-0.1698471069	-0.0174203844	0.0014086951	0.1670087315	0.0055128604	-0.0545521256	0.0723037423	-0.0769744119	0.1371244395	-0.1110389353	0.0023587458	0.0364138981	0.2000236361	0.0318133212	-0.0516394931	-0.0581232488	-0.0322796466	-0.0091923458	-0.1074409972	-0.0861123116	-0.1375480096	-0.0845250335	-0.0592987013	-0.0286194133	-0.0958457986	-0.0089975522	0.0649865147	0.1817529132	-0.0330662176	-0.051369199	0.1179902252	0.046532471	-0.002628473	-0.0632606701	0.0280123089	-0.1028571965	0.007751927	0.0691298006	0.065656803	0.033965124	-0.1900678487	0.0023336894	-0.0262985855	-0.0186794639	-0.0126838188	-0.0359497255	0.1138528267	-0.0267684388	-0.2195338436	-0.0654957759	-0.0629250802	-0.0136569737	0.0459431361	0.0611007062	-0.0159615228	-0.0199185263	-0.0758986868	0.011118486	-0.0610449439	0.0493979497	0.0261264034	-0.0529127296	0.0780490196	0.1331003255	-0.0283009796	-0.0272263339	-0.0606278935	0.0475887465	-0.0697447236	0.0104921988	-0.1081436839	0.1309456717	0.0992072856	0.0149968553	-0.1043291123	0.0562928798	-0.0722614152	-0.074558036	0.0285223009	0.0962759823	-0.0855145496	-0.0681835274	-0.1414470269	0.0170590986	0.0070934534	-0.011456677	0.1010679287	-0.1508475733	0.0354027631	-0.0012139566	-0.1465480501	-0.0604408308	-0.0166787448	-0.1107852666	-0.0489754842	0.0959100764	0.0148244637	-0.0570129982	-0.1118082064	-0.0214815376	-0.0065900098	-0.0450818682	0.0381309382	0.0473096773	-0.093445469	0.0093340271	0.0894274977	-0.0054028838	-0.0892379008	-0.0807096767	0.084022452	0.0342230316	-0.0353032251	0.0527665222	0.0369098821	-0.0866624355	-0.0128055628	-0.1144004608	0.0521487353	0.0090070155	-0.1327852277	0.0020689728	0.113819506	-0.0290010395	0.028918237	-0.0927243293	-0.1575781127	0.0653375796	-0.0097561868	0.0180473217	0.0927857009	0.0702863475	-0.084903487	0.0536133348	-0.0480375741	0.0579787432	0.040170427	-0.0020587068	-0.0836644743	0.0236234878	-0.060955962	0.0903765398	-0.0141459123	0.0582973913	-0.0400022938	0.0269984071	0.017114964	0.0376942767	0.0091393975	-0.14696451	0.1313239116	0.0132393953	0.0666108546	-0.0222825273	-0.0946157819	-0.0966316368	0.0	0.0	-0.0561681782678675	-0.0265649884995866	0.0031548642499309	0.0007056986139831	0.2311116801905655	-0.0036069014226426	0.0534126087205062	1.3009737872661892e-05	-0.1168573055404564	-0.0567926782519023	0.0136556298581755	0.003225408303024	0.0061671204291255	-8.901885875609982e-05	3.803337438733709e-05	7.92435721423845e-09	-0.0007408148306806	-0.0002877206812476	5.48806613356326e-07	8.278319041764056e-08	0.000224286030622	-0.0002261358175386	5.1137407973851e-08	5.030422353217272e-08	0.0	0.0
68.27884626757726	0.2380292075304595	0.0566579036375785	4662.00084763145	78.15179765778919	0.3230971208838582	0.1043917495234384	6107.703477144024	71.42366185319533	0.0772659144270306	5101.339472519589	0.0059700215322452	74.11119224822797	59.949093678743225	0.962236	26.723902	0.0583863493700919	0.0256360100835311	-0.1327017776	0.027202517	-0.0036777633	0.0114304755	-0.0836877724	-0.0865887808	0.030306598	-0.0167204297	-0.0722669396	-0.0954975393	-0.0294693194	-0.0768617333	0.0136431042	0.0127990115	0.1136053402	0.0459726737	0.027983131	-0.0233433126	0.0946933796	-0.0271975671	0.049015468	-0.0033353087	0.0429320303	-0.0155060825	-0.0096315787	-0.0677089391	-0.0031663091	-0.0295151313	0.0008219603	-0.040165667	-0.0237780273	-0.0330952325	0.0340302784	0.0080690184	-0.0211944632	0.0042600792	0.069952081	-0.0191408649	0.0544364646	-0.0783789147	-0.0252380308	0.0833657679	-0.0658970822	-0.0632174145	0.0574043349	0.1394562833	-0.0443841197	-0.1127060825	0.0237091165	0.0693931592	0.0838123695	-0.1745483508	-0.0430186532	-0.0306180672	-0.010682919	0.071312271	0.1610075821	0.0858008148	-0.0738600507	-0.029137492	-0.0450832835	0.0998515306	-0.0422656139	-0.0650500965	0.1422729039	0.0667569273	-0.020981933	-0.0818657291	-0.1388473022	0.0263552718	0.0206042096	0.0438672231	0.0852660298	0.0394505141	0.0462154963	-0.0323434275	-0.0561594537	0.0980840695	0.0165322653	-0.1215566289	-0.0418837511	-0.0350850249	0.1267362439	0.0756409595	0.0016201576	0.0536500237	-0.0075012705	0.0706323845	-0.0533397149	0.0467134262	-0.0591756815	0.0012991965	0.1006182637	-0.1047696341	-0.0807191078	-0.0565616457	-0.0122255247	-0.0620459206	-0.0166852631	-0.1186336946	0.0517354249	0.0108675992	0.0598758347	-0.0881521111	-0.0036224356	0.0264436976	-0.0819639324	0.0596691823	-0.0964449661	0.0462042218	0.1420962566	-0.0392516832	-0.0631879382	0.0668928268	-0.0402962369	-0.0763745969	-0.0146896778	-0.0226314025	-0.0713305248	0.0126051248	0.0327372241	0.0314313517	0.1040014817	0.0662006493	0.0166340258	0.0342372551	-0.0674986794	-0.0515305029	-0.1096826125	-0.046289224	0.0421711491	-0.0462301452	0.0172454477	0.0062543219	0.0220696785	-0.0500738784	0.0099101671	0.014920469	0.0881556831	0.0503979996	-0.0194344931	-0.0658809322	0.0113091149	-0.0582522657	0.1111118898	-0.0256016201	-0.0346137971	0.0578353028	-0.0049119883	-0.0533547677	-0.0624089421	-0.141113249	-0.045496419	-0.0186363401	0.0495466324	-0.03247449	-0.0772529213	-0.1266113565	0.1302396781	0.027789026	-0.0312278286	0.0624150938	-0.092081901	0.0871995498	-0.1612414478	-0.0194313516	0.0837612706	-0.0725076293	0.1260715733	0.0145817035	-0.0274283864	0.0369190566	0.0397879288	0.0025079848	0.0022122097	-0.0555429248	-0.1003042167	0.0877726793	-0.0134017097	-0.0216806587	-0.0904097015	-0.0562301506	0.0439108453	-0.037352849	-0.0054593169	-0.0048550816	-0.0101148831	0.0504856471	0.0522956607	-0.0067107616	0.0651452616	-0.0259259465	-0.0970123549	-0.0933175984	0.0	0.0	-0.0685570705607574	-0.0123888922928898	0.0047000719238726	0.0001534846522448	0.2355167935730122	0.0044051133824467	0.0554681600549128	1.940502391221102e-05	-0.1057841693838241	0.0110731361566323	0.0111902904922255	0.0001226143443433	0.0064220241748007	0.0002549037456752	4.124239450172461e-05	6.49759195592472e-08	-0.0008251584952227	-8.434366454210002e-05	6.808865422381905e-07	7.1138537483903005e-09	-4.6850709923161246e-05	-0.0002711367405451	7.35151320734541e-08	2.1949890203041997e-09	0.0	0.0
68.4504992187475	0.1716529511702305	0.0294647356454495	4685.470843295751	78.3428384037905	0.1910407460013061	0.0364965666327355	6137.600329162431	71.56832492023433	0.144663067039005	5122.025131888235	0.0209274029651316	74.21552679734894	60.28810172743779	0.8998859999999999	24.992273	0.051953981616342	0.0236617055735554	-0.1214554328	-0.0342122129	0.0946457366	0.0097074102	-0.0369492352	0.0910790007	0.0951295289	-0.0025223197	-0.0454701741	-0.1342827816	0.0312144145	-0.0256689428	-0.0225257426	-0.0150379626	0.0083521767	-0.0428491749	-0.1244124017	-6.90589e-05	-0.0255540274	-0.052500066	-0.0280963633	-0.0040492675	0.0673904408	-0.0326197175	-0.0914819268	0.027773486	-0.0589076084	0.0145434482	-0.0854590244	0.0217501003	-0.0753466544	-0.0605174096	-0.0563648097	-0.0899302632	0.0419034697	-0.0618658234	0.0646824723	-0.0261313565	0.0603468529	0.0693870269	-0.0533183557	-0.084930098	-0.1317063335	-0.0511532544	0.1360004615	0.0884928388	-0.081555818	0.0581743597	0.0070663471	-0.0973625805	0.05356648	-0.0635825857	-0.0236185459	0.0201865599	-0.0428388622	0.0836791372	0.0373875476	-0.0300320069	-0.0247456175	0.1444051019	0.1800307184	-0.1272141936	-0.0009195328	0.1225740017	0.016059971	0.0260026527	-0.086838856	-0.0613946398	0.0533768045	-0.0629202926	0.0077081402	-0.0121210516	0.1717988515	-0.0090754672	0.1010452137	0.1115678544	0.0471838478	0.0231220734	0.1497534962	-0.0343029014	-0.0617797493	0.1338071721	-0.0875505775	0.0179579613	-0.0184581671	-0.0551885225	-0.0137540078	-0.091851417	0.0066760831	-0.0774887476	0.1265417228	-0.0077260066	0.0015213461	-0.0587216859	0.0553424738	-0.0351821878	-0.211228662	-0.137294584	-0.0295216753	-0.0586939145	0.0422537798	-0.0904880696	0.0623884278	-0.0415493906	-0.0074663901	0.0042157714	-0.0145385738	0.0398122114	-0.0864986694	-0.0367064165	-0.0143975465	-0.0265193212	-0.0743404321	0.1049027298	-0.0927102912	0.0509322146	0.0025773902	0.0274420353	-0.1003125873	0.0349942211	-0.0062143217	0.1332888366	0.0170140212	0.107627589	0.0438423286	-0.0465909312	-0.0016957099	-0.1190361554	-0.0089702482	0.003351309	-0.0099439202	-0.0241402452	-0.0073544047	0.0618357881	-0.0107670737	0.0070258801	-0.0471107861	0.0965643379	0.0799660171	-0.0317540792	-0.0314851191	-0.0074656993	0.0269702145	0.0091410256	0.0287253493	-0.032523422	-0.0067782519	-0.1102863602	-0.0701027676	-0.0422948113	-0.1005337486	0.0040961133	0.0236855484	-0.1002231139	0.0605926999	0.1735627382	-0.1366008277	0.0148765545	-0.0239024568	0.073394058	0.0878612186	0.034284951	-0.1281048491	-0.0326452111	0.0438534113	0.0240924179	0.1011438783	-0.0742759084	0.0730818959	-0.0446480928	0.0631548837	-0.0620939258	0.0220599101	0.0087311361	-0.0705022213	0.0596453286	0.0389121285	-0.0737342691	0.043872259	-0.0012235011	-0.0496975653	-0.0935212429	-0.0141697196	0.0310772349	0.0363980699	-0.0663493315	-0.0224197498	-0.0806003229	-0.052803989	-0.0804941149	0.0636593764	-0.0295370653	-0.0991370163	-0.0895386565	0.0	0.0	-0.0629280696585112	0.0056290009022462	0.0039599419509464	3.168565115748857e-05	0.2396262766631167	0.0041094830901045	0.0574207524674285	1.6887851267854865e-05	-0.1001801226778908	0.0056040467059332	0.0100360569797572	3.140533948228186e-05	0.0066361317299662	0.0002141075551655	4.40382443374642e-05	4.5842045178947726e-08	-0.0011620700006278	-0.0003369115054051	1.350406686359095e-06	1.1350936247433073e-07	0.0001343592478674	0.0001812099577905	3.2837048802456985e-08	1.805240748749343e-08	0.0	0.0
68.49495584510285	0.0444566263553554	0.0019763916268996	4691.558976222589	78.26049490030422	-0.0823435034862711	0.0067804525663935	6124.705062040543	71.49500992976198	-0.0733149904723546	5111.536444856763	0.0053750878279614	74.2198229684638	60.03700206454656	0.8704269999999998	24.174116	0.0487274411687653	0.0243636539686259	-0.079680868	-0.1121792928	0.1418650286	0.0160258152	0.0257998962	0.0710065042	0.1130307306	-0.0367540619	0.0052022738	-0.1278824595	0.0654553092	0.0451471861	0.0194384385	-0.0715984574	0.0156515066	-0.0251731326	0.0235394174	0.0400830448	0.163374945	-0.0039318745	0.0115007674	0.0264620004	-0.1172930902	-0.0456557022	-0.0992640379	-0.0316366164	-0.0278258025	0.0736023113	-0.0831431547	-0.1462853414	-0.0313965762	0.0517260703	0.1217810187	0.0489832678	0.0728176292	0.099304031	0.0917312071	0.0428421055	0.0131697125	-0.0405677893	-0.0601940892	-0.044341096	-0.0075858088	-0.0330251237	0.1027995902	0.025948738	-0.0793936889	0.1712954474	0.0025779445	-0.0510699429	-0.0887151217	-0.0559853804	-0.0155560537	-0.0148453032	-0.0527588319	-0.0252465892	0.0213215277	0.1131590088	-0.0598443072	-0.0312113255	0.1236915342	-0.139324494	-0.1610288927	0.0149189619	-0.1414646026	0.0205428059	-0.1020127791	-0.0058557697	-0.1920815668	-0.0138017012	0.1590965704	-0.0314388244	-0.0973611665	0.0424752797	-0.079336439	0.032195882	0.0444020775	-0.0782206015	-0.0042575623	0.0329024614	-0.0979017709	-0.1531069707	0.1052028962	-0.0114786389	0.1498048512	-0.0523655336	0.047086552	-0.0307831251	0.002012357	-0.0023769452	0.0797432375	0.0791716261	0.0246872457	0.0055381478	0.0618647173	-0.0973663946	-0.0221557275	-0.1042322602	-0.0144217011	-0.0345703296	-0.0348400391	-0.17877225	0.0402440405	0.0059154625	0.0197873042	-0.0865341911	0.0075433945	0.0532249046	-0.0440444199	0.0139428811	0.108785417	-0.0357540663	-0.035196886	0.0096741496	0.0301409873	0.1222587228	-0.0227892151	0.0389550551	-0.1298638739	-0.017574425	-0.0646498892	0.0528079338	0.0038092297	-0.055215941	0.1649854933	0.0016303162	0.0240940365	0.0406595243	-0.0562392025	-0.0639484475	-0.052117846	0.0619065089	-0.0154522768	-0.1106635059	0.0396791821	0.1381931419	-0.0542370359	-0.0816327546	0.0089850849	0.0187256148	-0.0067881948	0.0792556173	0.0125006986	-0.0080783658	-0.0463238995	0.1104152473	0.0491401064	-0.0529704346	0.0619542675	0.1898342228	0.0473642247	0.0455191196	-0.0696575306	-0.0451333332	-0.0277672699	0.1078654858	-0.0245849934	0.0205095216	-0.0065993436	-0.0054589552	-0.0115163996	0.0106452224	-0.0068816367	-0.0039193703	0.0802127957	-0.0243709979	0.0763968772	-0.0109326843	-0.0327741188	-0.052970453	0.0971290521	-0.0580342843	0.0148522099	-0.0808437537	-0.1006027278	0.0621955416	0.0155512106	-0.0470395051	-0.0374761921	0.0395828432	0.0575505025	-0.0378027262	-0.0722733055	-0.0098460696	0.0925137294	0.0265889432	-0.0641888484	-0.0275499067	0.0510070914	-0.1293137524	0.0621536617	-0.0331113845	-0.1009838109	-0.0853136375	0.0	0.0	-0.0614474149860342	0.0014806546724769	0.0037757848084659	2.1923382591279597e-06	0.2258212837099478	-0.0138049929531688	0.0509952521764087	0.000190577830437	-0.1167053438226233	-0.0165252211447325	0.0136201372767567	0.0002730829338823	0.0065620837562957	-7.404797367049996e-05	4.306094322463989e-05	5.483102404707055e-09	-0.0013348731557176	-0.0001728031550897	1.7818863418554638e-06	2.9860930408989464e-08	4.287892865996023e-05	-9.148031920743976e-05	8.368648802295073e-09	1.8386025230259587e-09	0.0	0.0
68.48628054025815	-0.0086753048447008	7.526091414848924e-05	4690.370622238942	78.29147591424542	0.0309810139412007	0.0009598232248248	6129.555200830871	71.4858597177978	-0.009150211964183	5110.228139592666	8.372637898947929e-05	74.17357357494528	60.200039041980126	0.921731	25.59898	0.0894567389989531	0.0503830698420299	0.0655672891	-0.099465821	0.1611455392	0.0113188182	-0.0348395225	-0.0823241446	0.1267595373	-0.1017688783	0.0403319607	0.0864842863	0.0092784916	0.0730020924	0.039344597	-0.0449435514	0.0275698474	-0.1261144899	-0.016868558	0.0717899222	0.1432857931	-0.0624342081	-0.1163515207	0.0219558397	-0.022195128	0.039478902	-0.013423377	0.0184200119	0.0123832111	0.0714293975	0.0408964773	-0.0262666367	-0.0023823342	-0.009021185	0.1671656575	0.0508321628	0.0224636661	0.0261506971	0.1150355154	0.0395004734	0.0349908361	0.1023655608	-0.111251199	-0.0294376173	-0.0353850803	0.0264758048	-0.0384970637	-0.1166823193	-0.1482948409	0.0449933654	-0.1082238673	0.063744458	0.0971106099	-0.0381803675	-0.1234547583	0.0531088634	0.0625213977	-0.0419117179	-0.0553681134	0.0425424213	-0.0201698015	-0.1424493466	-0.0978051169	0.0802525304	0.1443367466	-0.1475843555	0.052263043	-0.0011247758	-0.1582025532	0.0504637279	0.0051040088	0.0080311531	0.0830577748	-0.0448206459	0.0774629291	-0.1296716024	-0.0056172178	-0.0292914007	-0.0175730105	0.0002505775	0.0281736827	-0.0057419419	-0.0752633282	-0.039264167	0.0350492259	-0.0511048815	-0.0196855402	-0.1846701352	0.0638368253	0.0483372493	0.0639094585	-0.0215851803	0.0485499199	0.0082402116	-0.054766617	0.0879104431	0.1607741144	0.1684556197	-0.0236380623	-0.0395915706	0.0460238535	0.0665020816	-0.0503967947	-0.118814353	0.0482082319	0.0446408081	-0.0275714103	-0.0331615294	-0.0053741506	0.116147172	-0.0867152126	0.0782095122	0.0904050297	-0.0274455804	-0.0106858198	-0.0892733468	0.0609709932	0.1369243841	0.1229371392	-0.0531552575	-0.0542736825	-0.0332928291	-0.066424393	-0.0277302906	-0.0288142571	-0.0312761485	0.0675765793	-0.0740327477	0.0191692643	0.0256769132	0.1062105721	-0.1111175235	-0.0890209373	0.1037614616	0.0856025616	-0.1210360762	0.0403924307	0.0708949584	-0.0464950234	-0.0908635233	0.0980516969	0.0164071191	-0.0388628153	-0.0910147425	0.1089726456	0.0756624616	0.0003455073	0.0426265633	0.1228662073	0.1121363209	-0.0701193963	0.0241989	0.018717339	-0.0170571701	0.1127170416	-0.030125796	-0.0056428234	-0.0416924803	0.1000680698	0.1163382654	0.0657972773	-0.0285855329	0.0967937772	-0.0370674832	0.0385530446	0.024533749	0.0960911456	-0.0532068544	0.0065825934	0.0674725591	-0.0650148262	0.0250553614	0.0950999671	-0.0465615821	0.021313919	-0.0533663573	-0.1146356958	-0.0110534138	-0.0107157711	0.0855687239	-0.0220932621	-0.0274751017	0.0556105297	-0.0694615656	-0.024285641	-0.0231047263	0.0193723405	-0.0006373302	-0.1097255754	-0.0181905974	0.007220454	0.0642932421	0.0606285865	-0.0366444511	-0.1025475623	-0.0806635902	0.0	0.0	-0.0628390042685254	-0.0013915892824912	0.0039487404574597	1.93652073114438e-06	0.2071618121687919	-0.0186594715411559	0.0429160164210578	0.0003481758781952	-0.1588224724938953	-0.042117128671272	0.0252245777690741	0.0017738525275124	0.006466048509286	-9.60352470097004e-05	4.18097833244397e-05	9.222768668214172e-09	-0.0009290129127901	0.0004058602429274	8.63064992130746e-07	1.6472253678916926e-07	-9.96571483519865e-07	-4.3875500143480094e-05	1.9250595128405213e-09	9.931547217649844e-13	0.0	0.0
68.48175225946406	-0.0045282807940907	2.0505326950131e-05	4689.750392526611	78.13921683888103	-0.1522590753643982	0.0231828260308214	6105.737208193668	71.56520595025579	0.0793462324579934	5121.578702702526	0.0062958246052779	74.18191260774901	60.51673591551173	0.8951559999999998	24.86092	0.0682844595016037	0.0336746047029858	0.0723964454	0.0296117247	0.1355574267	-0.010925493	0.0542775422	-0.0144824384	0.0317305517	-0.1186518184	0.0310625391	0.1142509015	0.0526346578	0.047945762	0.0797145276	0.0279696852	0.066292581	-0.0566722796	0.0794527707	0.0211942229	-0.0893410168	0.113369412	0.0742681373	0.0424501453	-0.1104992563	-0.0633830251	-0.1048363119	-0.0311963453	-0.0353264389	-0.1277343245	-0.0250817379	-0.0790142504	-0.2112640461	0.184340018	-0.0115444625	-0.140027577	0.0181660275	-0.0663279504	-0.003104643	0.044411606	-0.0200145675	0.027264637	0.0554936689	-0.0176621453	-0.0708440413	0.1261664071	0.0388971003	-0.0383375813	-0.0901061003	0.0169406873	0.0189580033	0.0526304963	0.0226223165	-0.0266775469	0.0405676403	-0.0979169816	0.0612726943	0.1164854162	0.0181928126	-0.0475798597	-0.0660939702	0.0139108705	0.0079573297	-0.0223611035	0.1068384917	0.1428305561	0.0837286313	-0.018430083	-0.0046132007	-0.0233416856	-0.0293669233	-0.0110777499	-0.0451547948	-0.0092443922	-0.0507212065	0.0538014429	0.0030575684	-0.0645245988	0.0707386777	0.060764988	-0.0435205576	0.0960783537	-0.0239149001	-0.089248984	-0.0334219211	0.084728547	-0.1290088688	-0.0328324306	0.2389508022	-0.1390613692	0.0572087807	0.0357550122	0.0494970338	-0.1163304261	-0.1249823265	-0.1568234251	-0.0460550752	0.0425780701	0.0066991522	0.0562744456	0.0635225571	0.0647927372	0.0233792675	-0.1131073849	0.0601602619	0.0268054624	0.0443534552	0.0413111143	0.0103944903	0.0566740943	-0.0509391923	0.1247639913	0.0580396562	0.0147497014	0.0083239647	-0.0527772298	-0.0068832492	0.1539145004	0.1569659492	0.0366170533	6.94678e-05	0.059329702	-0.0167207569	0.0758367259	0.0036872998	0.0369495829	-0.1483654041	0.0789396086	0.0456756922	0.0119917014	0.0338977912	-0.1011162193	-0.0222026263	-0.0102793194	-0.0116596869	0.0553041519	-0.0403706768	0.058242268	-0.2452240329	-0.1307278594	0.0170477889	0.0466396705	0.0071574251	0.0286258189	0.0333357395	0.0409091131	-0.1088991189	0.0801544921	-0.0245602422	0.1425643013	-0.0570286569	-0.0954230141	0.059340127	0.0089573431	0.1540594354	0.0491893931	-0.0150721549	-0.0051509752	0.0967941856	-0.1028872162	-0.0531118923	0.1439029568	-0.0791786011	0.0626245845	-0.0848157021	-0.0452515423	-0.1767767539	0.0413526497	-0.0528688295	0.0993553428	0.0077256071	0.0276067683	0.0526660221	-0.0536585705	0.0382516761	-0.0425196385	-0.0371836127	-0.0015633668	0.0451895162	0.0488045371	0.0973368423	-0.0427708873	-0.062299455	-0.112409264	0.0058008272	0.0141383723	0.0146084881	0.0775863919	-0.0869990097	0.0672370602	0.0073277579	-0.0711402865	0.059084626	-0.0401318633	-0.1038238878	-0.0756116809	0.0	0.0	-0.0510345671696796	0.0118044370988458	0.0026045270461965	0.0001393447352206	0.2038411494772134	-0.0033206626915784	0.0415512142201916	1.1026800711241308e-05	-0.1460907245132219	0.0127317479806734	0.021342499788798	0.0001620974066433	0.0065480886457293	8.204013644330047e-05	4.287746491232898e-05	6.7305839876353586e-09	-0.0004078342195725	0.0005211786932176	1.6632875065431013e-07	2.716272302640053e-07	0.0002043368334657	0.0002053334049492	4.2161807188040314e-08	4.1753541510789223e-08	0.0	0.0
68.45835859037233	-0.0233936690917317	0.0005472637535734	4686.546860888005	78.13205341405647	-0.0071634248245544	5.131465521704301e-05	6104.617770696974	71.52417195608857	-0.0410339941672219	5115.707174004126	0.0016837886773156	74.14867333622895	60.90023854877344	0.894796	24.850914	0.060119406860212	0.0351795783108057	0.0371105893	0.1049565826	0.0907066321	0.0634495886	0.0939040947	0.0330975126	-0.0030795496	-0.0911884784	-0.0284259236	-0.0109871542	-0.0254689796	0.0378388881	0.1121882508	-0.0149589203	0.0692666319	-0.0931752271	-0.0123930584	0.0232928995	-0.1610915367	0.0489504602	0.047470993	-0.0328173379	0.1759477163	0.033406093	-0.0280303934	-0.0501060456	0.2201791296	-0.0475321615	0.0231421244	0.1114161381	0.0837311011	0.0494951316	0.0572178049	-0.0900794987	-0.020105239	-0.0052259904	0.0269546077	0.0385012551	-0.1723269311	0.0072753798	-0.0916471198	-0.0395384309	-0.0934794559	0.0870726727	0.0570068123	-0.0058410368	-0.0116099345	-0.071867855	0.017077177	-0.0256846504	-0.0361501737	0.000813451	-0.0371957558	-0.0821810604	0.0909922367	0.0134771112	0.0902482228	-0.0536783855	-0.0975658281	0.0335401774	-0.0469270843	-0.0905070078	-0.0888581747	-0.0429838311	0.0450598255	-0.0369690998	-0.0567801847	0.1561520554	0.1105451017	-0.0329174598	0.013816755	-0.0030655059	-0.0303388138	0.0747685763	-0.0410476042	-0.0540588872	-0.0188718947	-0.1708705564	-0.0252244738	-0.0558651235	0.0894267467	-0.07292538	-0.0414024372	0.1289740934	-0.1434801948	-0.0447175508	-0.0557974396	0.0210239672	-0.0375766365	-0.0205513723	-0.0746303867	-0.1022903995	-0.1126852969	-0.0577687109	0.0391480166	-0.0062298461	-0.0809636182	0.0894101148	0.0581195332	0.029984675	0.1267713513	-0.0553345595	0.046686579	0.0119318389	0.0851557725	0.0039071025	0.0840450312	-0.0522304196	-0.1131892862	0.0613304205	-0.0187415861	0.0140910313	0.1308047589	0.0377817624	-0.0838001812	-0.0091051932	0.0308812132	0.0477245584	-0.0930912903	0.0677996524	0.0979749244	0.1691966644	-0.0071148843	-0.0898617036	-0.049007269	0.078267623	0.0403044236	-0.0041284348	-0.1368479435	0.0139039417	-0.0461520638	-0.0603080954	0.0619244604	-0.0333332055	-0.0821701629	0.006114616	-0.0156618741	-0.0723052356	0.0578155333	-0.0074858458	0.0001345296	-0.1376396327	-0.0555733335	0.021563834	-0.1033994633	-0.0469542912	-0.0427018648	0.0818551551	-0.1395839615	0.023943926	-0.0534506402	-0.0129140102	-0.0454293693	0.0525676845	0.0728468195	0.0325877813	0.0051413475	0.0666395539	-0.0424975711	-0.0125774794	0.1066427501	-0.0218767147	0.0110907005	-0.1229155316	-0.0957191837	-0.0907602039	-0.0551200222	0.0997873108	0.0561830278	0.0387680248	-0.0782783966	0.0112712976	-0.0302847367	0.0381067413	-0.0764220952	0.0889352761	0.145713212	-0.0447667987	-0.0224637418	0.1029430454	0.1450751145	-0.1784497528	0.0139240917	0.005764177	0.0936855921	0.1057689878	-0.1326868615	-0.0340442789	-0.0217925968	0.0397054265	0.057522261	-0.0435692762	-0.1048092098	-0.0701830781	0.0	0.0	-0.0464771682768798	0.0045573988927997	0.0021601271710374	2.076988466809281e-05	0.2096434639250475	0.0058023144478341	0.0439503819664926	3.366685295154441e-05	-0.1442578180780387	0.0018329064351831	0.0208103180766365	3.3595460001359507e-06	0.0061256375676439	-0.0004224510780854	3.752343561013028e-05	1.7846491337551676e-07	-0.000940872040102	-0.0005330378205295	8.852401958456995e-07	2.8412931811483946e-07	0.0002073836765387	3.0468430730000136e-06	9.283252711488168e-12	4.300798929470815e-08	0.0	0.0
68.35078774653918	-0.1075708438331446	0.0115714864429747	4671.830185572451	78.0044725634331	-0.1275808506233744	0.0162768734457837	6084.697739899387	71.38757727999206	-0.1365946760965073	5096.186189906838	0.0186581055379097	74.05957644921315	61.15870925603839	0.936302	26.003647	0.0597954406199344	0.028894405267344	-0.0655214299	0.1263462573	0.0161911643	0.0604377901	-0.1022693511	-0.1302964177	-0.0429735976	-0.0063696287	0.0410061845	-0.0740865273	-0.0521284073	0.0584246103	-0.0386377925	0.0391572911	-0.010870413	-0.1207841585	-0.0701578699	0.0118711639	0.060389597	-0.1567865524	-0.0387630433	0.0495292237	0.0704030865	-0.0804672106	0.04127868	-0.0712862886	-0.0058240924	-0.0507426597	0.0230394953	0.218673183	0.1496210016	0.0010406862	-0.0943280907	0.002400012	0.0646369563	0.1117006723	0.0601952243	0.0279931411	-0.0576255374	-0.0487193559	-0.034624889	-0.0790252139	0.0346545249	-0.0399538543	-0.0282960902	-0.0591860167	-0.0270820917	-0.1060615904	0.0897935891	-0.1180395345	-0.0457420375	-0.0715179067	0.1073684481	-0.0633842826	0.0319013345	0.0605193012	0.1219598393	-0.1110130317	-0.0138881156	-0.0510429387	0.0023680294	-0.00672341	-0.0072940175	-0.1578911343	0.1888085952	0.0334367518	0.0129429583	-0.0059947772	-0.0350235595	-0.0419706762	0.1050124824	-0.1222547806	-0.0137431382	0.0817573632	0.0037755624	-0.000143906	-0.0192118913	-0.0336401893	0.0875364056	-0.0431592982	0.1694466836	0.0394758875	-0.0728792103	-0.0143938548	0.0491046889	0.0717148618	0.1118809695	-0.0111216706	0.0275458764	0.0306428449	-0.0388411443	0.035911473	-0.0497122881	-0.0684953588	-0.0407241541	-0.0252303852	-0.0269416136	0.026487479	0.0873045453	-0.0385857864	0.1086908015	-0.0241555147	-0.0648828803	-0.047087396	0.0498788947	-0.0289481249	-0.0071678831	-0.0591302868	-0.0933635308	-0.0043972063	0.0249134533	-0.0001998067	0.0975295778	-0.0505288813	-0.1427401714	-0.176286854	-0.042295522	-0.0729122819	-0.0922129783	0.1116934283	0.0512218059	0.0086097683	-0.0526682635	0.1267967205	0.0087033196	0.0667001911	-0.0062560797	-0.0896211417	-0.0346645822	-0.00651091	0.0180684757	0.0513147718	0.0742581441	-0.1399891353	0.0118685564	-0.0572566064	0.0143115157	0.0857103613	-0.0510547949	-0.1314850504	0.0161340026	-0.0419189004	-0.0668686	0.0575258915	-0.1086808712	0.0081512642	-0.0982509085	0.0155460038	-0.0025942142	-0.0366609021	0.0468517513	0.0422074398	-0.004506158	0.0477467802	0.0801642349	-0.0528068106	-0.0127312755	0.1097194307	-0.0300709168	-0.0082868471	0.0157532128	0.0442491568	-0.0485652048	-0.041062397	0.0325776066	-0.1308463305	0.0542905185	-0.0066947203	0.146059189	0.0313916979	-0.0743761289	0.0187590887	0.0236787723	-0.0337321054	-0.0260547063	-0.0373199699	-0.0018576645	0.0491901251	-0.1030308501	-0.1015478195	0.0586476562	0.0257561016	-0.0150069232	-0.0959959209	-0.0229229406	-0.0278886077	-0.00372562	-0.0772479367	0.0208669922	0.0217708195	0.0559419782	-0.0469524072	-0.1055007667	-0.0644048267	0.0	0.0	-0.058404251155224	-0.0119270828783441	0.0034110565530024	0.0001422553059868	0.229836499581495	0.0201930356564474	0.0528248165398745	0.0004077586890225	-0.1342787801474543	0.0099790379305843	0.0180307907978883	9.958119802004186e-05	0.0061435169301171	1.7879362473199184e-05	3.774280027063543e-05	3.1967160244804323e-10	-0.0010191652449926	-7.829320489060004e-05	1.0386977966008265e-06	6.129825932041478e-09	-5.03694391886687e-05	-0.0002577531157273	6.643666866716632e-08	2.537080404180994e-09	0.0	0.0
68.24277819282844	-0.1080095537107439	0.011666063692794	4657.076775475581	77.81926282339317	-0.185209740039923	0.0343026478056558	6055.837666376343	71.45729858065964	0.0697213006675809	5106.145520445542	0.0048610597667792	74.03456715845121	60.287793381640654	0.950579	26.400167	0.0361635516621114	0.0193507229647683	-0.1210678972	-0.015345867	-0.0293231938	0.0769300677	-0.058152579	0.0680645163	-0.0762990669	-0.0193787709	0.0777909904	-0.1359247879	0.0312283313	0.0429270706	-0.2400295714	0.0328644787	-0.0365173651	0.0319859187	0.0519344112	0.0142981731	0.0589023904	0.0298499126	-0.0187649004	0.0851994586	-0.0126002257	0.0618012482	0.1439352074	0.1255330051	0.0934914063	-0.0802346788	0.0925768074	-0.0990751402	0.1197936501	0.0566366645	-0.1375581586	0.012428285	-0.1209332354	-0.0263825244	-0.0741504621	-0.1108562004	0.078935716	0.177413491	-0.1972388704	-0.0947864344	0.023463866	-0.0007150202	0.029240029	-0.1215204347	-0.023541295	0.0774319062	0.0123053982	-0.0015850198	-0.0320720209	-0.0452075768	-0.1125695417	-0.0117142278	-0.130062838	-0.0286898982	0.0424160578	-0.1241229026	0.0021844359	-0.042939008	-0.0415251791	-0.0226472384	0.1715420304	-0.1027662029	-0.072032145	0.0664525214	-0.1637411348	0.0653139662	0.0495457636	0.0468380897	-0.1341287173	-0.0378974108	0.1220403921	-0.0184982067	0.0188718838	-0.1109450908	0.0740277114	0.1507487869	0.0979008003	0.1269581298	0.1723718815	0.0920846235	0.1480559187	-0.0705257879	-0.0081688202	0.0003625003	-0.0506338885	0.0189095585	-0.0789668868	0.0488777856	0.1374435187	0.0429336618	-0.0680845629	0.0020720339	-0.0828429863	0.0066736141	0.0466654025	-0.0842047847	0.0684590036	-0.0474973593	0.009290679	-0.0502622028	-0.1746761024	-0.0169743233	0.094971677	-0.1189908598	0.0202931685	-0.0027123111	-0.0086999858	0.0017596223	-0.0301832175	-0.0214031194	-0.004330723	-0.012673539	-0.0919923734	-0.0598945113	0.0199685046	-0.1155124368	0.0081848153	0.0815787536	0.0593596772	-0.0337322892	-0.0704685786	-0.0154731447	0.0498847523	0.0270476408	-0.1381195508	-0.0382806097	0.1228891568	-0.0551722294	-0.1334597416	-0.1098781995	0.0883600611	-0.0865880225	0.1453724805	-0.0814370632	-0.0774247978	0.0165074087	-0.0153300589	-0.1109183956	-0.1527611724	0.0702607837	-0.0548306412	-0.0947179121	-0.0508501169	-0.0339456949	-0.0336389446	-0.0628150809	-0.1634045355	-0.0200758867	0.1460719006	-0.029979713	0.0576555724	0.0425090639	0.0138448285	-0.0068481497	0.0713249205	-0.0456392316	0.111545975	0.0641749653	-0.0159199358	0.0425576251	0.1074218538	0.0122167524	0.0560927213	-0.1306810117	0.1234946904	-0.040904745	0.0305037715	-0.0710971931	0.000794337	-0.0276850924	0.0218787845	-0.0126530875	0.0586012288	0.0051840086	-0.0162895954	-0.1045323243	-0.042090923	-0.0384416733	0.0115402748	-0.0497175512	0.0271316838	0.0396170322	-0.0599224795	-0.0334539702	0.141467022	0.0603216397	0.0098549205	-0.0158607917	0.0543442699	-0.0502770413	-0.1058966202	-0.0583057138	0.0	0.0	-0.0621897040924181	-0.0037854529371941	0.0038675592951025	1.4329653939711453e-05	0.2223859458863302	-0.0074505536951647	0.0494555089277577	5.551075036453364e-05	-0.1219481975062919	0.0123305826411624	0.0148713628750335	0.0001520432682705	0.0063710206039921	0.000227503673875	4.058990353649186e-05	5.175792162662258e-08	-0.0009981809212471	2.098432374549996e-05	9.963651515417091e-07	4.403418430559535e-10	-5.382068933997182e-05	-3.451250151303119e-06	1.1911127606869799e-11	2.896666601029756e-09	0.0	0.0
68.21242196031157	-0.0303562325168655	0.000921500852618	4652.934509691597	77.87380101791648	0.0545381945233032	0.0029744146618616	6064.328884978049	71.51233322686012	0.0550346462004824	5114.013803549482	0.0030288122824122	74.03428873130393	59.24992664210125	0.8954029999999998	24.867781	0.0505476546957644	0.0269059079538715	-0.0413888346	-0.1099019576	-0.0803304077	0.074776183	-0.0484956367	0.0198718041	-0.0938304721	0.0712124267	0.0636071826	-0.0447994279	0.0523834986	0.0009290886	-0.1078786068	0.0088413859	-0.1186096723	0.007326395	-0.0040494493	-0.0021288591	-0.070897229	-0.1574933887	0.0043288497	0.0415541061	-0.0121386355	0.1016065451	-0.044569102	-0.0182813837	-0.066503861	-0.0102095775	0.0152490417	-0.0419338536	-0.0463117905	0.1059624709	-0.0062200301	-0.0705670206	-0.0186226941	-0.0438409211	-0.0477880874	-0.1100360523	-0.0854761361	0.0744050723	-0.0134950971	-0.0609876763	-0.029177296	0.0094276864	-0.0743968344	-0.1165642427	-0.0251530306	0.0077732434	0.0368344617	-0.0411606498	-0.0186822494	-0.0646535776	0.0657291091	0.0168478413	-0.0142840453	-0.0087168406	-0.0049317248	0.0749414631	0.0507566611	0.0545498987	0.0581829494	-0.0431997574	-0.0687474369	-0.0603781174	-0.0846493624	-0.0416485447	0.0077153779	0.0179699644	0.0365180156	0.0969490555	0.0602913925	0.0488787669	0.1408048267	0.0310813876	0.0199655838	0.0076433262	0.0530307267	0.0242694345	-0.00491022	0.0890489493	0.0501200033	-0.094007299	0.1155737258	0.0613989902	0.0163345513	0.1309249982	-0.0763893342	-0.1721905354	0.0510564025	0.0519524836	-0.0114792865	-0.0097792783	0.1344484205	-0.0384419896	-0.0086318856	-0.1406163326	-0.0278677988	-0.0758049184	0.0672044453	-0.0372327334	-0.0463941425	0.0170731196	-0.0812022504	0.0080189494	0.1249019201	-0.1488173987	0.0134877237	0.035713038	-0.0413468619	0.0804758405	-0.0134195754	-0.086426725	0.020827627	0.0348528902	-0.0119674979	-0.0195117727	-0.0130246305	-0.0612879784	0.0179213519	0.0084353291	0.1012955389	0.0035774749	0.0290304909	-0.0698892479	0.1373842343	0.0471431201	-0.0680398287	-0.0302043568	0.0937025035	-0.0342119571	-0.0236788111	-0.0641884031	-0.0307419831	-0.0385568399	0.1232752253	0.1031518861	0.014017723	0.0813474682	0.0446957007	3.2723e-05	-0.0927340257	0.0476303447	-0.010576544	0.0542866075	-0.0719714924	-0.027500719	0.0558731868	0.0414797792	0.0778693932	-0.0834557117	0.0198420154	-0.0655031347	-0.0713076084	0.0341884213	-0.0635790151	-0.0999812976	0.1664685729	-0.0882741111	0.0411240033	-0.0755681304	0.0523824407	-0.0039458678	-0.0051526637	0.113618087	0.0103232104	0.1314007463	0.1102210518	-0.0124923748	-0.0785751827	-0.0599475936	-0.0219100764	-0.0004047505	-0.0231018671	-0.0705175694	0.0482405259	-0.0001229093	-0.0406679048	-0.030169637	-0.0973841418	0.0449028267	0.0504044634	0.0133031669	0.0815883758	-0.0514517052	-0.0450916031	-0.0780767201	-0.0575479724	0.0869982174	-0.0162751598	0.0399585348	0.0527296337	-0.0535390365	-0.1059956606	-0.0519161246	0.0	0.0	-0.061850256104222	0.0003394479881961	0.0038254541801578	1.1522493669038033e-07	0.2160076383343181	-0.0063783075520121	0.0466592998187695	4.068280722805462e-05	-0.1113512484555272	0.0105969490507647	0.0123991005326045	0.0001122953291845	0.0067820660614125	0.0004110454574203	4.599642006136326e-05	1.689583680659457e-07	-0.0011829625568224	-0.0001847816355752	1.3994004108437898e-06	3.4144252845882914e-08	1.5011219760158526e-05	6.883190910013035e-05	4.7378317103686065e-09	2.2533671868777377e-10	0.0	0.0
68.28314437275492	0.0707224124433452	0.0050016596218066	4662.587805430492	78.0844593131265	0.210658295210024	0.0443769173407936	6097.182786223308	71.50056613257172	-0.0117670942884018	5112.330957278262	0.0001384645079921	74.06289032687026	59.39264825366178	0.931139	25.860256	0.1112158588153401	0.0521048398712246	0.086371603	-0.0244221048	-0.1048185837	0.0730764992	-0.0570455088	-0.0189447508	-0.0095549286	0.0792695978	-0.0405812294	0.0275433277	-0.1291651773	0.0080350039	-0.0641324484	-0.0354701099	-0.0571357556	-0.0703734921	0.0277861319	0.0209073039	-0.1233284245	0.0379320628	0.0516561813	-0.0248761051	-0.0243740008	-0.004861877	-0.0803684657	0.0697016347	-0.1585729863	0.0488231748	-0.056910222	0.1256678834	-0.0561922607	-0.0449895843	-0.073579708	-0.1168617984	0.0032762495	-0.0122977799	-0.0099870185	-0.0663583792	-0.0506739839	0.0614042957	-0.0516661899	0.0298705991	-0.026718304	0.0648618171	-0.0279199545	-0.0462210651	0.1174669112	0.0148992303	0.0656977522	-0.0101240906	-0.0166864816	-0.1302889391	-0.0887588063	0.084085114	-0.0013360374	0.1261727652	0.0127353355	0.0638864402	-0.0794072694	0.115968958	0.0059949186	-0.1500490621	-0.0154944913	0.0304917734	0.0196856406	0.0535925213	-0.1421728915	0.048683004	-0.1320706448	0.1312003086	0.0935765753	0.1580442113	0.0570700623	-0.1522768602	-0.0517690935	-0.0240515006	-0.0266702467	0.1196227632	0.0582512723	0.0030270246	-0.1163947672	0.0464447774	-0.0264008069	0.0064109352	-0.0636215067	0.0338383145	0.0372914361	-0.0256312898	0.0405937753	0.0699523368	0.0029412068	-0.2269335847	0.0771787114	0.0421929568	0.0567170893	0.0372667981	0.0304993227	-0.0377097149	0.0659319621	0.0894806457	0.0326233425	0.017693492	-0.0521951064	0.0980640019	0.1287487924	-0.0468292431	0.0132607001	0.0822772656	-0.0625510495	0.0737818344	0.0622621734	0.027790565	-0.039042142	0.008717639	-0.0025137418	-0.005892857	-0.0023608417	-0.0791448067	-0.0477555302	0.0478846472	0.1639132392	0.129455012	0.0805769597	-0.0049649713	0.0361789988	0.0734069166	0.056685978	-0.0196149284	0.1576930308	-0.0831113958	0.1052237195	-0.0411359887	-0.0878416246	0.0628492396	-0.0219279676	0.0094711279	0.1303747063	0.0231120541	-0.0967759917	0.2363517036	-0.0069738846	0.0097218	0.0334783827	0.0665561786	0.0977418623	-0.0309728869	0.1329763039	0.0364485118	0.0336295982	-0.004042943	0.005407409	-0.0146363492	-0.0752388632	-0.0295819921	-0.0411035741	0.0162265483	-0.0258227195	-0.1366177307	0.0167443394	-0.0831951575	0.0061636893	-0.0889998881	0.1471170096	0.0824026984	0.127826875	0.0500022468	0.013911997	0.0637841003	-0.0743104004	-0.0326202837	-0.0699344864	-0.1032272959	0.0264576645	0.0048234545	0.0507365914	-0.0366162406	-0.0306199633	-0.0246452608	0.0078471106	0.0323213337	0.019994485	0.0211040501	0.0820734267	0.0829195658	-0.0068688163	-0.083360775	0.0833112045	0.0265988941	0.057887778	0.0605388332	0.0510985726	-0.0567343287	-0.1057976105	-0.045267892	0.0	0.0	-0.0493000077323557	0.0125502483718663	0.0024304907624103	0.0001575087341955	0.2222690295724447	0.0062613912381266	0.0494035215070763	3.920502023688864e-05	-0.0914675937808979	0.0198836546746292	0.0083663207120673	0.0003953597232199	0.0062334933350456	-0.0005485727263668	3.885643915805792e-05	3.009320361136133e-07	-0.0004901092859299	0.0006928532708925	2.402071121547164e-07	4.800456549864359e-07	-0.0001939740735948	-0.0002089852933549	4.3674852838658086e-08	3.762594122696089e-08	0.0	0.0
68.23452926389803	-0.0486151088568931	0.0023634288091675	4655.950983865756	77.94303091182265	-0.1414284013038553	0.0200019926953643	6075.11606772134	71.43916973061518	-0.0613964019565429	5103.554971799644	0.0037695181732093	74.05791865600548	59.866812087394095	0.948663	26.346952	0.0829976416544369	0.034781511948764	-0.0127375345	0.1259354403	-0.1440219705	0.0743657742	0.0686222823	-0.0044924491	-0.135053413	-0.0124972321	-0.0711321565	0.0354137222	-0.0996188972	0.0344146379	0.0407328736	-0.0200693216	-0.0131278817	0.0003237438	0.0408814013	-0.0247569435	0.0615110586	-0.0113364117	0.0425052348	0.0590882637	0.0141968005	-0.0538647965	-0.0776454305	0.0895646946	-0.0538238467	0.0045735151	0.0219467822	0.0890757172	-0.0315082899	-0.072059325	-0.0554380103	0.0061842712	0.021617253	0.1346487367	-0.170204681	-0.027574367	-0.0852723924	0.1081643473	-0.0665614988	-0.0144915241	0.1525388275	-0.0391876104	-0.0126244543	0.0158283149	0.0278916675	-0.1832238576	0.1516358267	0.0473737586	0.1313618524	-0.101993345	0.00690802	-0.0324482976	-0.055775752	0.0009481155	0.0540437254	-0.0120908332	-0.0692484123	0.0131879508	-0.0642254057	0.0526601014	0.0162723138	-0.0104066313	-0.0506096949	0.034219141	0.0100510409	0.0611219691	-0.0231381558	0.0238163904	-0.0394641453	0.0159399762	0.1634483775	-0.0912168322	-0.0588284244	-0.1313173751	-0.0198402947	-0.0973089102	-0.0757971205	0.0179915267	-0.0736593962	-0.0378152108	0.1863324283	-0.0535056526	0.1251725159	0.0940240194	0.1529759939	-0.0337591936	0.0352761168	-0.0233138836	-0.0280906738	0.0207644115	-0.092764514	-0.0157848286	-0.0411364505	-0.0123516559	0.0159638582	0.0882784388	0.0730187335	-0.0151672794	0.1031880568	0.036108408	-0.0872356851	0.0578959283	0.0628106931	0.0181341004	0.0011938944	0.0837290981	-0.011456831	-0.0285236793	0.0793238397	-0.0093054699	-0.044255977	-0.020861264	0.0054765956	-0.0513531913	0.0265505718	0.0283942959	-0.0040911327	0.0761096609	0.0663399508	0.0408420412	0.0099412643	0.048293062	-0.0127288553	0.0700005591	0.0504763129	-0.0714525734	0.0570260203	0.1238796981	0.0920955121	-0.0233362248	-0.0211649063	-0.0172865611	-0.0457940209	-0.0032192882	0.0736043588	0.1919514043	-0.0022637464	0.0267979214	-0.0510828347	0.0256520427	-0.0251067098	-0.0811011986	-0.0851465352	-0.046185969	0.0228356188	-0.0567532491	0.0629926581	0.14819111	0.1379349719	-0.0637141594	-0.0828266777	0.0339699487	-0.0899258394	0.1456797063	-0.1119713977	0.0004167989	-0.1066744272	0.017936667	-0.2069626589	-0.083640594	-0.0038482887	-0.0620849922	-0.0123057105	0.0006644988	-0.040099101	0.0934714707	0.0936797223	-0.0619878435	-0.0853732776	-0.0466848559	0.0078385779	0.0430047918	0.0911915468	0.0020987868	-0.0397275522	-0.0382003315	0.0448707079	0.007176272	0.0450063256	0.0822727728	0.0295846376	-0.0080103368	-0.0358621162	-0.040023309	0.0442442679	-7.8882e-06	0.088826823	-0.019900096	0.0494515946	-0.059858937	-0.105303025	-0.038394137	0.0	0.0	-0.0357516301424283	0.0135483775899273	0.0012781790578409	0.0001835585353192	0.2346807280973166	0.0124116985248718	0.0550750441402866	0.0001540502602723	-0.1121251843349071	-0.0206575905540092	0.0125720569621368	0.000426736047497	0.0064150453544789	0.0001815520194332	4.115280690002131e-05	3.29611357603091e-08	-0.0008379948495385	-0.0003478855636086	7.022353678530532e-07	1.2102436536727334e-07	4.18784307586878e-06	0.0001981619166706	3.9268145218593086e-08	1.7538029628102086e-11	0.0	0.0
68.15805076479019	-0.0764784991078357	0.0058489608257872	4645.519884055717	77.794945439627	-0.1480854721956461	0.0219293070754074	6052.053535954542	71.38517645739634	-0.0539932732188361	5095.843417853613	0.0029152735528838	73.98687907163544	59.57985486609902	0.934473	25.952835	0.0388186619948866	0.0277419502198503	-0.120430614	-0.0053387093	-0.1600767326	0.0452673841	0.0624082492	-0.0671413586	-0.2000172239	0.0083062733	-0.0466344839	-0.0210423779	0.0736328784	0.0674241407	0.0863854141	-0.0240482707	-0.0202081798	0.0972915719	0.0458424513	0.0481846372	0.0815606829	0.0290004905	0.0379571646	0.0104036759	-0.0180594154	-0.0093282252	0.0996782323	0.0004742584	0.0152225051	0.1509906846	-0.0155458018	0.0642742652	0.0594595669	0.0230594193	0.0275224187	0.0133081829	-0.0888782729	-0.0094648979	-0.1170932887	0.0121524253	0.0172010111	-0.0556502238	0.0776529755	-0.0120910638	-0.0277094736	-0.160192899	-0.0096958628	0.0233870351	0.0078899139	-0.1074706338	-0.0229261441	-0.0687011537	0.0098034952	0.0112337667	0.0498511193	-0.1167907783	0.0812865114	0.0319262264	0.050361464	-0.1056918774	0.0371635104	0.0069077604	-0.1035857616	-0.1344092272	-0.0904237338	-0.0361769105	-0.0799835113	-0.0255479226	-0.0028530149	0.1228253292	-0.004162879	0.0357958084	-0.0395497452	0.1381290314	-0.0959738984	0.1921144325	0.0307618286	0.0253093406	0.1225224959	-0.0021440524	-0.0586792948	-0.0573249925	0.0187774371	-0.0315814302	-0.0069544316	-0.1296234495	-0.0852205834	-0.0128323857	0.0180964022	0.0191376662	-0.04053856	-0.0471568005	0.0429538191	0.1052227521	0.0439050132	-0.0261151382	-0.0176413498	-0.0464847271	0.1143068055	0.0519628226	0.0722738776	-0.1627024853	0.019083403	0.0897022727	-0.0856140405	0.0208223977	0.0760374294	-0.0354694142	-0.0205062069	0.0441682947	-0.0022214677	-0.1294272543	0.0145646655	-0.063410816	-0.0190782209	-0.0590316068	0.0224376555	-0.0524233403	0.0674437508	0.0972321552	-0.1228801864	0.1270657029	-0.002143544	-0.116637113	0.1422801993	0.0526626262	-0.1137574324	-0.0472646413	-0.0432881471	-0.024610142	0.0283903267	0.0320271933	0.1182655339	0.0629757957	-0.0355080362	0.0249961959	-0.0304849651	-0.0301724871	0.075657764	0.0491652795	-0.1247846386	-0.1333945008	0.0650362432	-0.0018526547	0.1118440616	0.0142199526	-0.0674579428	0.2066505519	0.1134008712	-0.0180009076	0.0713803119	-0.0658967097	0.0698876593	0.0910541153	0.0039748579	0.0550418267	0.0071264658	0.016658419	0.0171719389	0.0314581745	-0.0534236068	-0.0155616654	-0.0706099802	0.0845542976	0.0794539993	0.0371422645	0.0691524207	-0.1019787809	0.063496833	0.0360071018	0.1106802851	-0.1510851164	-0.0214152475	0.0778732918	-0.0055316403	0.0596698486	0.1513153382	-0.017813996	-0.0097286557	0.046086747	0.0568612417	-0.0304361665	-0.0265056491	0.0205628675	-0.0624005574	-0.0016958884	-0.1252369559	-0.0269911757	0.0576081492	-0.0142552751	-0.0644993399	0.0872358162	0.0477892128	-0.0629089685	-0.1045132902	-0.0313291043	0.0	0.0	-0.0625168142109089	-0.0267651840684806	0.0039083520590813	0.0007163750782196	0.2297612206846508	-0.0049195074126658	0.0527902185305008	2.420155318327383e-05	-0.1176584548519343	-0.0055332705170271	0.0138435119981446	3.061708261460236e-05	0.0064000464771247	-1.4998877354199282e-05	4.096059490935629e-05	2.2496632188631202e-10	-0.0008450264889814	-7.031639442900005e-06	7.140697670802321e-07	4.944395325494709e-11	-5.795640061292441e-06	-9.98348313716122e-06	9.966993554998246e-11	3.3589443720057846e-11	0.0	0.0
68.15753152740211	-0.000519237388076	2.6960746517600895e-07	4645.449103908813	77.79944150946861	0.0044960698416076	2.0214644020613965e-05	6052.753099185227	71.4878718787377	0.102695421341366	5110.515825750817	0.0105463495644806	74.01914955580847	58.93424469286257	0.8981789999999998	24.944866	0.0451552643648277	0.0205927290410994	-0.0874959223	-0.087952644	-0.1452979829	0.1191530784	0.0806757732	0.0927575906	-0.1634721851	0.0624857212	0.1148182162	-0.0686391333	0.0639173981	-0.0506318926	-0.0430082725	-0.056421595	-0.0265008851	0.0589179	0.0765296887	0.002949806	-0.0673277436	-0.046369258	-0.0719901156	0.0133292	-0.0463456499	-0.0209327458	0.017849312	0.0461955318	0.0045314992	-0.100033689	-0.000164161	0.1499696346	-0.0528274754	0.0396268782	-0.052206159	-0.0030736871	0.0469459772	-0.0067485711	0.0906247983	0.0722287849	0.1471153318	-0.0470232465	0.028294582	0.0573867866	0.0546243895	-0.0489519739	0.0012318589	-0.0581686761	0.1195615067	-0.0522756171	0.0113463815	-0.2242782089	0.1249471451	0.0396249558	-0.020654697	-0.1555987257	-0.029185416	-0.1266779666	0.0935083954	0.0221990933	0.0916143071	-0.027410986	0.0163713538	0.0791697046	0.0582324612	0.0830334625	-0.1271444107	-0.1158763098	0.0927999927	0.0343830137	-0.0457622452	-0.0814777883	-0.0047313721	0.0462519467	-0.0551764745	0.0105744552	0.0426045949	-0.0364500669	-0.0462849344	-0.0270319781	-0.0108558146	0.1265717702	0.0097206086	0.0063463286	-0.0860823	0.1619748279	-0.0932614534	-0.0432976111	0.0104422542	-0.02963212	0.0172234148	0.0060119707	0.0108355556	-0.0367523301	0.1913785971	-0.0425279626	-0.0939743551	0.0865931644	0.0667649912	-0.0483499438	0.111832472	-0.1010978006	-0.0175239489	0.1406370541	-0.0186796446	0.0471296199	0.1061609199	-0.0336596744	0.0446791165	-0.0298486651	-0.0221238479	-0.0931628714	-0.0224178331	-0.0388821655	0.0116587422	-0.0894455976	0.0183162438	-0.0543696662	-0.0002861766	0.1710072257	0.0131594833	0.0830280332	0.0679488794	0.0358494928	0.025748626	-0.083818911	-0.0763565498	0.0336060646	-0.0203493156	-0.0328125714	0.0168209223	-0.1186246422	0.0460268745	0.0354187103	-0.1948772637	-0.0372262059	-0.0216910314	-0.0120931611	0.0591821703	-0.0098356962	-0.0533186741	-0.1265880706	-0.0457840063	0.0576185791	0.0433410107	-0.1276696203	0.0310981672	0.0914514911	-0.0361659996	-0.045595238	-0.0416948064	-0.0226624215	0.0224427964	0.1211119905	0.121304787	0.0540068848	0.0720894878	-0.0745303782	-0.03173574	-0.0049392214	-0.0605234051	0.0099227001	0.0990534885	0.0058122708	0.173647411	0.0649564659	-0.0897611442	0.1373772011	0.1205085803	0.0333342757	-0.0419170629	-0.0860355866	-0.0717755018	0.09811094	-0.1166331089	0.052481064	0.1282567633	0.0393339822	0.0847545672	-0.0035341664	-0.0291612192	0.1323358519	0.152819709	-0.0064701024	0.0485838759	0.0274395188	0.0086753664	0.0250747642	0.0484917039	-0.0396132234	-0.1053724712	-0.0262855306	0.046111945	-0.0658806233	-0.1034306197	-0.0241079916	0.0	0.0	-0.0585564810811547	0.0039603331297542	0.0034288614766076	1.5684238498628728e-05	0.2253099245683927	-0.0044512961162581	0.0507645621090148	1.9814037114614517e-05	-0.1102286417032942	0.00742981314864	0.0121503534517532	5.520212342370522e-05	0.0066220105667494	0.0002219640896246	4.385102394614072e-05	4.92680570829218e-08	-0.0006019273253332	0.0002430991636482	3.6231650498278e-07	5.909720336645434e-08	-0.0001270088261919	-0.0001212131861306	1.4692636491933316e-08	1.6131241930644266e-08	0.0	0.0
68.28714545138837	0.1296139239862554	0.0167997692911148	4663.134233899072	78.00699627953907	0.2075547700704589	0.043078982579001	6085.091468556022	71.5230971913819	0.0352253126441866	5115.55343184786	0.0012408226508806	74.1399239222327	58.55735841205528	0.945037	26.246241	0.0510742807134116	0.0268229092184502	0.0225335753	-0.1279477341	-0.1341896347	0.1340723863	-0.1213336376	-0.0425212021	-0.0734951394	0.1251729304	0.1153258972	-0.0978445109	-0.1026236663	0.1455571583	-0.0024471294	-0.0219313406	-0.1007053769	-0.0562710127	-0.0909747882	0.1202047626	-0.0299104982	0.0006192273	0.0631646266	-0.0795176482	-0.0591783006	0.0577540284	0.0374811089	-0.0421772351	-0.0134077388	0.0017828412	0.0081789733	-0.0495259805	-0.0135847043	0.0102928411	-0.047729918	-0.1173993131	-0.072948008	-0.0442652726	0.1136816425	-0.0758941857	0.0838973223	-0.0608830381	0.1419818298	0.0159961666	0.0058670493	-0.0219509738	-0.1150305272	0.0196884329	0.0907754082	0.0048737695	-0.0950687166	0.0389402013	0.1504483043	0.0673384951	0.125947902	0.0620678011	0.2045060191	0.0048922242	0.0781491791	-0.0031012716	-0.1410438201	-0.0501774429	-0.027011993	0.0288752014	-0.0346777427	-0.0023872414	0.0186762117	-0.0030177326	0.0860437673	0.0297649264	0.0848807885	0.0955710996	0.0351214799	0.0437456271	0.0339009866	0.0652446487	0.0530189642	0.0617548525	0.0027594583	-0.0100221903	0.1053244819	0.0122413253	-0.0659107371	-0.059893647	0.0424150988	-0.0533567393	0.001967435	-0.0168457396	0.0005310102	-0.0959375514	-0.0098228322	-0.0786013194	-0.1232541213	-0.1448978383	-0.0038722237	0.1100904072	0.0092761167	0.030362484	-0.0481049576	-0.1160754726	0.1031577931	0.0089458691	0.0018723724	0.1199090861	0.0717452534	0.0443108684	0.1542063901	0.0061960077	0.0481690106	0.0168462427	-0.0337302191	-0.0713424244	-0.0023368822	-0.0507991411	-0.0156631676	-0.2367783119	0.0303178278	-0.1324821197	-0.0838706386	0.0502567377	0.0688883444	0.0559960682	-0.07394022	0.0516396278	0.0881876836	-0.0207441962	-0.0831478345	-0.0546530283	0.0408110054	-0.077077709	0.0476638386	-0.0293239667	0.1219431289	-0.0187672522	0.030860493	-0.0260306302	-0.0531074061	-0.0537538695	0.0448160806	-0.2185229691	-0.0113191468	0.1094399489	0.0765169316	-0.1203841131	0.075985303	0.0594306001	-0.0103393612	-0.0365513917	-0.1524307136	0.1459104943	-0.0272628776	-0.014553219	-0.0388417887	-0.1334169239	-0.0169847436	0.0064754029	0.0475902895	-0.0471353909	0.1385651694	-0.0801819907	-0.0209696458	-0.0114339571	-0.0711340671	-0.0144737784	-0.1063012617	-0.0793116361	0.1361045061	-0.0757242604	0.1211417874	0.0156744703	-0.0829708884	-0.0250460745	-0.0641656504	-0.0281986368	-0.0081161759	-0.04824128	0.0916521348	-0.060196569	-0.1255105539	0.0202214973	-0.0897358755	0.0787405802	0.0884391949	0.0645138549	0.0824614861	-0.0270179409	-0.0990190956	-0.0776683887	-0.0083708164	0.0136448066	0.1200317172	-0.0207861239	0.0444203137	-0.068770199	-0.1020580481	-0.0167667741	0.0	0.0	-0.057959708333243	0.0005967727479117	0.0033593277900745	3.561377126500817e-07	0.2289225850074387	0.003612660439046	0.052405549926488	1.305131544784812e-05	-0.1293974346563331	-0.0191687929530389	0.0167436960956399	0.0003674426232764	0.0067029191739646	8.090860721520019e-05	4.492912545270228e-05	6.546202721503545e-09	-0.0009089917314009	-0.0003070644060677	8.262659677552058e-07	9.428854947370937e-08	-0.0002929569043773	-0.0001659480781854	2.753876465342764e-08	8.582374782233051e-08	0.0	0.0
68.33285246664006	0.0457070152516934	0.0020891312432185	4669.378726227597	78.05941620399786	0.052419924458789	0.0027478484802651	6093.272458108963	71.43747720368411	-0.0856199876977825	5103.313149226887	0.0073307822933684	74.14132548566195	59.14484775664724	1.000117	27.775969	0.109719433322525	0.0588200946917475	0.080206749	-0.0132640821	-0.1076503667	-0.0647334468	0.0510562431	-0.0304613889	-0.0238260393	0.1261051713	0.0097516974	-0.0224235976	-0.0424290356	0.0381919912	0.1293165474	0.0042122413	0.0297485951	-0.0356467449	0.0383612451	-0.0383111748	0.0228952758	0.0348339187	0.0485925834	0.0903109241	0.0373441175	-0.0613087977	-0.1338641099	0.0836251192	-0.0041230602	-0.0569272664	0.0129454785	-0.024776778	-0.0741599178	-0.0089197656	0.0382576398	0.0361263508	0.0506853211	0.0267991919	0.0651098498	-0.0138168531	0.0044695144	-0.0112036653	-0.1301372364	0.1058527029	-0.027075833	-0.0796206542	-0.1518633782	-0.1139315521	0.0345102994	0.0289264915	0.1252949594	0.0097051044	-0.0418044592	0.1065468723	-0.1295910712	0.0559265926	-0.037797841	-0.0091085164	-0.0354297046	0.1764106751	-0.094607312	0.052393392	0.0540243243	-0.0661615796	0.0256959785	0.0642910626	0.011197429	-0.0363210557	0.0163881524	-0.0028592331	0.0578637553	-0.1316581246	-0.1357035717	0.1689378552	0.0144595479	0.0446751118	0.1126864995	0.0755415419	0.0404652097	0.0470070188	-0.1014635505	-0.0597274382	-0.0002289699	0.0496019196	-0.0993626332	-0.1069727409	-0.0566528534	-0.1373868719	0.0099781506	-0.0922547589	0.0530361069	0.0508725009	-0.0957451475	-0.0554611488	-0.0711193292	0.1239529827	0.0291212302	0.0219674118	-0.0071954523	0.0246442094	0.0325062798	0.0597904386	0.0020724385	0.119941064	0.141138337	0.0287817006	0.1551109047	0.1189297344	-0.0360398151	0.167776887	0.1246436552	-0.0003710259	-0.0049617966	0.1157560953	-0.0199759883	-0.0396299926	-0.0897052801	-0.0485923213	-0.0494694863	0.1110165663	0.1755033779	-0.104910643	0.1062417061	-0.0959532198	-0.0339174754	-0.0647316239	-0.1778153959	-0.0560117846	0.024523931	-0.1525148686	0.0422483197	-0.1100598014	0.0307949534	-0.0289539934	0.0053701266	0.0928416162	0.0016905993	0.1926979967	-0.091188804	-0.0612706112	0.0399862135	0.0307217122	0.0985655366	0.1136688635	-0.0355833262	-0.1358338831	-0.114076333	-0.1746847861	0.0375805025	-0.1414343626	-0.022396205	-0.0329386512	-0.0675550771	-0.0006051941	0.1055027926	-0.0936300126	0.1295312889	0.0192895888	-0.1223459928	0.0643767314	-0.0027710465	-0.0595953494	0.126535588	-0.042613093	-0.0740469123	-0.0298236604	0.0370098101	0.0059782649	-0.057767003	0.0913114009	-0.0463372529	-0.0309423777	-0.0330257294	-0.038361795	0.0630430529	-0.0165124925	0.1546472185	-0.1696386149	-0.0559541443	0.0267621203	0.139140954	0.1685507574	0.063130983	-0.0634151638	0.0439104933	-0.0265713237	-0.0049858072	0.0354317288	0.1259936026	0.0917144812	-0.0052632105	-0.0696585573	0.0427148457	-0.0715740957	-0.1003994225	-0.0093420254	0.0	0.0	-0.029997781670616	0.027961926662627	0.0008998669051579	0.0007818693426861	0.2077071639202472	-0.0212154210871914	0.0431422659437924	0.0004500940919068	-0.1279415696020365	0.0014558650542965	0.0163690452322327	2.1195430563220293e-06	0.0057863823973529	-0.0009165367766117	3.3482221248395495e-05	8.400396628817656e-07	-0.0007531715900002	0.0001558201414006	5.672674439834294e-07	2.4279916466134125e-08	-0.0004023243967331	-0.0001093674923557	1.1961248384195968e-08	1.6186492020665285e-07	0.0	0.0
68.50091582206426	0.168063355424195	0.0282452914364393	4692.375468461533	78.33475595574046	0.2753397517426066	0.0758119788896802	6136.333990645416	71.55419134000026	0.1167141363161476	5120.002298321368	0.0136221896160243	74.2407027285044	60.54796837594365	0.940747	26.127106	0.0957149516691702	0.0534148824452765	0.0537471943	-0.0250782729	0.0066388512	-0.0503090149	-0.0206703305	-0.1096562962	0.0402386853	0.0534609622	0.0406515099	-0.0604532931	-0.1143550721	-0.0082105968	0.1432622293	0.006918403	-0.0327289898	-0.0273839639	-0.0747454737	0.0558370205	-0.045217051	0.0197602779	-0.0621438163	-0.0835595839	0.1248673149	-0.0455867281	-0.1622114235	-0.028043676	0.1898178287	0.058599302	0.0729289211	0.0803931005	-0.0368088322	-0.1143925546	-0.1061155588	0.085120618	-0.0310601199	-6.07e-05	-0.0580213483	-0.0974919516	0.0955351748	-0.0863662611	0.0022224474	0.0884327469	0.0545530455	0.0238350274	-0.1053581141	-0.0090473698	0.1381969255	0.0813725932	0.0671463618	-0.0220650124	-0.0266865168	-0.0449544783	-0.0988363896	0.047729905	0.0316927321	0.0657101102	-0.0881063116	0.0168729022	-0.006348656	0.1193025694	-0.0166825952	0.0494620007	-0.0302888893	0.04858528	-0.0879957022	0.0218735965	0.0032626972	-0.1190666824	-0.0556047301	0.0260720863	-0.0661523052	0.0707010931	-0.0523639074	0.1407475672	0.0427501583	0.007958933	-0.0500834458	-0.1960771196	0.1030511769	0.0599202318	0.079099594	-0.08007998	0.0179782408	0.0892085774	0.0763315887	0.0037512695	-0.0128565027	0.0658190644	0.0504267226	0.0457132019	-0.0667765386	0.1343620563	0.0106894914	0.2015612319	-0.0272295657	0.1110572306	-0.1247439649	0.0147218088	0.0146504107	0.0462024498	-0.0164192197	0.0887840269	0.1789593477	-0.0195109993	0.1212006194	0.0961242578	-0.1351056842	0.0565913921	0.0377331661	-0.155924094	-0.0322616687	0.0719566904	-0.0008233605	-0.0226304034	-0.1525977826	-0.0572981151	-0.0734738137	0.017426522	0.0608056615	-0.1577665462	-0.0518348723	-0.0290264257	-0.0530581936	-0.0901892576	-0.0708839275	-0.0239537968	0.0325615337	0.076748573	0.0283203659	0.1062523229	0.0308156384	0.0531948003	-0.0765755844	0.0598363134	0.1541656418	-0.0184126091	0.0495929646	0.0007564917	-0.0685794426	-0.0883899866	-0.0826441174	-0.059122964	-0.0855195501	0.1369900203	-0.0303269749	-0.0547211432	0.083914727	0.1838105816	-0.1531788099	-0.0088964835	-0.1130411339	0.0818246407	-0.0815192385	-0.0522360628	0.0130179236	-0.0096432919	-0.0573710223	0.1114815829	-0.0313822601	0.016418968	-0.0546446979	-0.0602791597	-0.0461102093	0.1645013828	0.002819183	-0.0591642384	0.0223223424	0.0453834624	-0.0204265379	-0.0091641953	-0.0779576592	0.0070167781	0.0459623325	-0.0979702899	0.0019497932	-0.1447380291	-0.0003224477	0.1220521598	0.053359263	0.0361959561	-0.0737353778	-0.1338759101	0.027521434	-0.0635740753	0.0085767099	0.0625503008	0.0565533438	0.0453911989	-0.0008205599	-0.0283162357	0.0409960724	-0.0742888199	-0.0984593917	-0.0018707352	0.0	0.0	-0.0789916273353981	-0.0489938456647821	0.0062396771890944	0.0024003969130244	0.2016131114541366	-0.0060940524661106	0.0406478467102181	3.713747545970882e-05	-0.132310987976794	-0.0043694183747574	0.0175061975393953	1.909181693366837e-05	0.005698880078465	-8.750231888790018e-05	3.2477234148725244e-05	7.656655810759773e-09	-0.0004180111988267	0.0003351603911735	1.747333623445349e-07	1.1233248781157356e-07	-0.0007048143899421	-0.000302489993209	9.150019599158085e-08	4.967633242694546e-07	0.0	0.0
68.6086842277341	0.1077684056698444	0.0116140292606201	4707.15155146093	78.5047182676404	0.1699623118999369	0.0288871874663714	6162.990790281592	71.66031139706253	0.1061200570622702	5135.20022952397	0.0112614665108994	74.3291243177071	60.30057800603381	0.900986	25.022812	0.144050794388579	0.0668611487951438	0.0277550971	-0.0956005558	0.0540352697	0.0249663041	-0.0253653223	-0.0847568027	0.1109266162	0.1196174888	0.095701716	-0.0726014049	-0.060010366	0.0321014555	0.1419918337	0.0528126933	-0.1040401956	-0.0718707224	-0.1255560818	0.0818087463	0.0188595408	-0.0261026114	0.0161570191	-0.1933011509	0.1146731418	0.0344878412	0.0120360657	0.0885931679	0.0003211227	0.0122833023	0.0451758968	0.0432747642	0.092889752	-0.0110686191	0.090647538	0.031364667	0.0195333609	-0.0222650919	-0.071169273	0.0466465609	0.0807390131	-0.0731991062	0.0249752807	0.0149220764	-0.0525662726	0.0310207858	0.0335478297	0.1450452658	-0.0816327335	0.0091488966	0.0123269337	-0.0204036031	0.1417591151	-0.0048260345	-0.1102048855	-0.1380842243	0.0138228464	0.0704876955	0.0115043355	-0.0412751868	-0.0275964732	0.087643532	-0.0180865347	0.1612638783	-0.0816311517	0.0438941004	0.0709921703	-0.0263193995	0.0386075702	-0.0675977819	0.0712544862	-0.1328648327	0.0088979466	0.0173341604	0.0496379671	0.0845015244	0.0418274109	0.0211398612	-0.1084379501	0.0777554193	0.0207460382	0.0527054173	-0.0895333041	-0.0593164944	-0.0527242452	0.0166934482	-0.0977202299	0.0633692985	-0.0723317206	0.0182894836	-0.0225397833	0.0010504604	-0.0573319508	-0.0273672576	-0.0970891846	0.03047007	-0.1029345909	-0.0894168212	-0.0042258073	-0.038880525	0.0384750661	0.0344767809	-0.0193479734	0.0310426251	0.1804808167	-0.0103047269	0.106186033	-0.0120394893	-0.1126204725	0.0311290793	-0.1322487946	-0.2176653029	-0.0426972659	-0.0535815168	0.0563473704	0.0257162674	0.0209041155	-0.1158313106	0.0415210661	-0.0738153917	-0.114294147	-0.1409307457	-0.0506705806	-0.0777391113	0.0031949918	-0.0197288295	-0.0584132207	-0.0488269892	-0.0061472293	0.0900474325	0.0146287938	0.0223693155	-0.0006266522	0.1603485526	0.0512042994	-0.1641921998	-0.0843085683	-0.1145722472	-0.1913422602	0.0479013534	-0.0808177352	0.062910674	-0.0027015749	0.129536239	-0.0634236796	-0.0362374044	0.0758944559	-0.0810782378	0.0303808399	-0.0410327948	0.0372345416	0.1970313981	-0.0242799909	0.0209398515	-0.1053178561	0.0584495407	0.0968255517	0.0377912107	0.1019493649	-0.092897796	-0.0413372223	-0.0028251123	-0.0656986006	-0.0597713962	0.1122549435	0.0806879952	-0.0041946723	0.0106304775	0.1177069581	0.0820400387	-0.0257276977	-0.0157942831	-0.0791629434	0.0443863204	-0.0530284329	-0.0952807358	0.0247728757	-0.0326103023	0.044179088	0.1373282554	0.037933527	-0.0286197084	0.1529390228	-0.0628445399	-0.0338565863	-0.0517330413	-0.0956379764	0.1964645473	-0.0006172174	-0.0179531626	-0.0263476783	0.1530560171	0.039264529	-0.0769109895	-0.0962433935	0.0056098749	0.0	0.0	-0.0497098941013973	0.0292817332340008	0.0024710735715721	0.0008574199011871	0.2165288346042757	0.014915723150139	0.0468847362150857	0.0002224787970915	-0.1504084358949882	-0.0180974479181942	0.0226226975883767	0.0003275176211517	0.006705012391409	0.0010061323129439	4.495719116894823e-05	1.0123022311500423e-06	-0.0004960208765627	-7.800967773600006e-05	2.4603670998602933e-07	6.085509820474583e-09	-0.0001538385788972	0.0005509758110449	3.035743443565853e-07	2.366630835711003e-08	0.0	0.0
68.52009089564608	-0.0885933320880241	0.0078487784904589	4695.002856347601	78.30316607896671	-0.2015521886736877	0.0406232847591538	6131.385817990243	71.57338951268328	-0.0869218843792509	5122.75008633428	0.0075554139840398	74.22005156301688	60.36454299947624	0.90357	25.094574	0.027702692442822	0.0119162570603333	0.0609923845	-0.0589162843	0.0820962765	0.0469455664	-0.1211970851	-0.036980118	0.0464169878	0.0141366346	0.1498025773	-0.0659670143	-0.1209814244	0.061883185	0.007163989	-0.1251236234	-0.029617753	-0.0754511199	-0.0437550264	-0.1002568813	0.1354239992	-0.0988285377	0.0044441829	0.0057206707	-0.0409193581	0.0487401115	0.0897543732	0.1197855897	0.0945249698	0.0304805481	-0.0561185505	-0.0107866946	0.0151255894	0.0269589133	0.0445409154	-0.0061720238	-0.0444574361	0.1595661723	-0.044784432	0.0479875123	0.059832566	0.0242124843	0.0212516532	-0.0167970425	-0.1302623946	-0.0418459366	-0.1013706664	-0.0020532006	-0.0478612083	0.0071946138	-0.0661862498	-0.0233275895	0.0862306821	-0.0541714933	-0.1599614803	-0.0522823942	-0.0363242143	0.1173260189	-0.0463139782	-0.0671841346	0.0254736717	0.0526156512	-0.0094847316	0.0799548412	-0.0228279421	0.0314944056	-0.0541148432	-0.1874833252	-0.044942614	-0.0280887692	-0.1045062783	0.0332849717	-0.1171285882	-0.0031048697	-0.0805887781	0.0197700621	0.0156000785	0.1223914554	-0.0352228008	0.0017514511	-0.0009388693	-0.0013390247	0.0242556619	-0.1154430801	-0.0601773605	0.1155024307	0.1689210755	0.0771580948	-0.0449412296	-0.0997434254	0.0031699113	-0.1629471727	0.0143837019	-0.0291178596	0.0043159031	-0.1229258778	0.018875646	-0.044313383	0.0323458903	-0.1242587799	0.0673209535	0.0986430144	0.0217806066	0.0141598217	0.0252374687	0.0843123867	0.0588779168	-0.0278043557	-0.1264335328	0.1125226641	-0.0663485736	-0.064104395	-0.0277040695	0.0442991229	-0.0403196327	-0.0784662718	0.1031482114	-0.06002247	0.0363491104	-0.1303080239	-0.03467481	-0.1879101453	0.0176440899	0.0276685571	-0.1325857706	0.0892778813	-0.0499984266	-0.0497390222	-0.0307616304	0.0407950582	-0.0570494317	0.0209873547	-0.0237673382	0.0163495157	0.0350501904	-0.0539685775	0.0307040703	-0.0065343805	-0.0018291238	0.1078349786	0.0558714867	0.0392430544	0.0616182282	-0.0644949371	0.1167908668	0.0534910092	-0.0664939601	0.1177227857	0.0612051802	-0.0934472935	0.0372425038	0.011086859	-0.0133987297	0.1043322129	0.037142893	0.0254342578	-0.0308128271	-0.012967533	0.0549451907	-0.046551825	0.0624910482	-0.0201457564	0.1533239858	0.0372216076	-0.0413352316	7.25936e-05	-0.0091901718	0.055397379	0.1305841865	0.0789163135	-0.0466134028	0.0133002801	-0.0445928507	-0.1197327328	-0.0110889979	-0.1002573388	-0.024843608	-0.0952279125	0.0557134944	0.0887137157	0.0892329364	-0.0105590078	0.0556112745	-0.0286991293	0.0959220603	-0.0588115873	-0.0929534654	0.0520342716	0.0494769892	-0.0020264387	0.028104185	0.0162104413	0.037520755	-0.0794373376	-0.0937576389	0.0130625369	0.0	0.0	-0.0553717800198114	-0.0056618859184141	0.0030660340225623	3.205695215313588e-05	0.2219107894560181	0.0053819548517424	0.0492443984769932	2.8965438026193785e-05	-0.1524119507670462	-0.0020035148720579	0.0232294027366165	4.0140718425575564e-06	0.006834031447673	0.000129019056264	4.6703985827783525e-05	1.6645916879253348e-08	-0.0005842733717293	-8.825249516659992e-05	3.413753729119247e-07	7.788502903130743e-09	-7.800339431564924e-05	7.583518458155076e-05	5.750975220517874e-09	6.084529524762661e-09	0.0	0.0
68.50110023364259	-0.0189906620034889	0.0003606452433307	4692.400733219549	78.31424839274828	0.0110823137815714	0.0001228176787532	6133.121501321077	71.49256080224973	-0.0808287104335505	5111.186250063374	0.0065332804303507	74.21191548878633	60.7089118722016	0.8798359999999998	24.43544	0.1080163588838025	0.0606199664477311	0.0742961853	0.0307310161	0.088190637	0.0837943591	-0.0141128367	0.0139491329	0.0548916598	-0.0197637776	-0.0203829907	0.0065137861	-0.0618511092	0.0662268529	-0.022759103	0.0135890682	-0.0384925302	0.0302616306	-0.0189923256	0.1885002354	0.1116356987	0.0460940364	-0.0132622516	-0.0419350123	0.1197637872	0.2070769151	-0.1004455143	0.1073604759	-0.132149839	-0.0213368277	0.0157585607	-0.0271929546	-0.0582758332	0.0546064984	0.1625057825	0.0410831408	-0.044277199	-0.1280121308	-0.0733346122	0.052882688	-0.0030190472	0.1094244885	-0.0167870999	0.002318254	-0.0452001293	0.0278617782	-0.0828680784	-0.0376714796	0.0623483282	-0.0745860906	-0.1188025069	0.0522649413	-0.0548058038	0.1311382921	-0.0987853898	0.1247457672	-0.1132684423	0.0386846608	0.0843790087	-0.0228650001	0.0420005963	-0.0379765807	-0.0775308258	0.0221577485	-0.0125793365	-0.093722983	0.0537997175	-0.0314614861	-0.0316476057	-0.0392134376	-0.124104838	0.0153334573	0.0140426589	0.0268524245	-0.0247621632	-0.0972185596	0.0643161328	-0.033419921	0.0186852554	0.0082408503	-0.0586872249	0.1536048968	-0.055855292	-0.010874002	-0.0927415551	-0.0168262682	0.0164525983	-0.0205707752	0.0780872493	0.0882280295	-0.1201075237	0.1089592394	-0.1188225551	-0.0215126862	-0.0790198391	-0.0119220372	0.1390377493	0.1211108873	-0.034084694	-0.0317728693	0.1297230956	0.0978321257	0.0352234013	-0.0490293996	0.0183177939	0.0196848552	-0.0080164809	0.0038263205	-0.0560840737	0.080433879	0.0301804404	-0.0333824812	-0.0341515425	-0.0637698943	-0.0224930147	0.0807917634	0.1807841196	-0.1074994802	0.0301149793	-0.0326343062	0.0300741092	-0.2012414806	0.0517191654	0.0005015641	-0.1299832621	0.1831602369	-0.1271268766	-0.0369450496	-0.0343938425	0.0055234408	-0.1072223293	-0.0478567653	-0.0988627243	-0.0323014859	-0.0231185151	0.0472935792	-0.0492951839	-0.1794543268	0.074894917	-0.0239056805	-0.0101989042	-0.0026808779	0.0997838481	-0.024509049	-0.0835159901	0.0648484235	-0.0098911532	0.0701986426	-0.0736990583	-0.0547692676	0.0636516741	-0.0282930263	0.050755255	-0.1672599555	0.0172731119	0.0627009786	-0.061559868	-0.0666584334	-0.1952232075	0.1610249536	0.0673258993	0.0460877752	-0.1077305961	-0.1051396243	-0.0535735736	-0.0005607544	0.0147918896	0.0351968369	0.0677956809	0.1423331022	-0.0153351092	0.0734738029	0.0394529717	-0.1326686362	0.0135046575	-0.0584387212	0.0142886066	0.0438231897	0.0371034004	0.0400114168	0.1535558945	-0.0478477482	0.0142531707	0.1031988711	0.0203951765	0.0179837733	-0.0995505187	0.1486109863	0.0907621949	0.0470968475	0.0792764715	0.0116675217	0.0357652936	-0.0818647166	-0.0910090951	0.020450122	0.0	0.0	-0.0418257904792511	0.0135459895405603	0.0017493967492142	0.0001834938326329	0.1981697434073339	-0.0237410460486842	0.0392712472021285	0.0005636372674857	-0.2052603748078567	-0.0528484240408105	0.0421318214662618	0.0027929559235973	0.0069319891219129	9.79576742399001e-05	4.805247318631878e-05	9.595705942490388e-09	-0.0007600694420191	-0.0001757960702898	5.777055566912259e-07	3.09042583293363e-08	-0.0001618676348609	-8.386424054525075e-05	7.033210842231679e-09	2.620113121546165e-08	0.0	0.0
68.53667150338721	0.0355712697446222	0.0012653152312446	4697.275340763209	78.53935476791027	0.2251063751619852	0.0506728801385684	6168.430247359669	71.57189602370656	0.0793352214568301	5122.536300428263	0.0062940773636042	74.2460100495984	61.20741656602887	0.856827	23.796419	0.0896364484407913	0.0391831317839189	0.0533280335	0.0796967581	0.1076413786	0.0942473058	0.0170212476	0.0597848165	0.053293354	-0.1294922373	-0.0218628488	0.0594021106	-0.0630477188	0.0861220234	-0.0362911544	-0.0697868807	-0.014083427	0.0980994081	-0.0438860954	-0.0464710919	0.0995203064	-0.0184448634	-0.042810405	-0.0872689733	0.1552978143	0.0759271162	-0.1564154209	0.0557251852	-0.0096763339	-0.1356111504	0.0826294543	0.0376450606	0.0933591372	-0.0965348441	0.1819040527	0.0926183631	-0.0204141032	0.1726481617	0.0540441516	0.0906299514	0.118025249	0.030347728	0.1040144359	0.0601302911	0.0313582179	-0.0076478871	-0.0565754324	0.0103761423	-0.0113945499	-0.0900801177	-0.0505051447	-0.117151538	0.050764206	0.0300182349	0.0227983116	0.0965234925	0.022939185	0.1697456316	-0.0494117386	-0.079945348	0.133021936	-0.0743021414	-0.054995532	0.080376133	0.011760873	-0.0239144129	-0.0764875447	-0.0608292988	-0.0015087747	-0.0322530203	0.0921789661	0.0773792161	-0.0064378019	0.0589338718	0.0487370777	0.0552130361	-0.044346069	-0.0535185532	0.0613325994	-0.056767405	-0.0241540299	-0.1462568123	0.0101413495	-0.0271891866	0.029081754	0.0098665231	0.002262298	-0.1264268598	-0.0657852057	-0.0888100154	0.1598400005	0.181871022	0.0048933699	-0.0778265087	0.0052022	-0.0675345517	-0.0323449271	-0.0253059449	0.0020454875	-0.0038251565	0.1263175013	0.0718895569	0.0837977975	-0.1005777616	-0.0248402222	0.0424485507	-0.0480320186	-0.0479873068	-0.0645917914	0.0419611443	0.0734594092	-0.0091851467	-0.0538862944	-0.1113833475	-0.0445195471	0.0563261139	0.0730290734	-0.0712787218	0.0559483639	0.0964453135	0.0571546088	-0.0669628044	-0.0619005251	0.0014380491	-0.1048118754	-0.0511999085	-0.0759694474	0.0342334694	0.003994434	0.0771827752	-0.0971128012	-0.0425841555	-0.0561268869	-0.065626032	0.0042441087	0.0295154221	0.1533154682	-0.1944751073	0.1247630969	0.002066722	-0.1228060832	-0.022464697	-0.0150421922	0.0574470179	0.0068851662	0.1239634338	0.0031645682	0.005370905	-0.0072138462	0.0418249591	0.0154720434	-0.0378530982	0.0594668063	0.1003610494	0.0701103098	-0.0021148933	-0.0326896732	0.0161884928	-0.0442526739	0.0615021206	-0.0336856445	0.0317990312	-0.0066870362	-0.0157363613	-0.0464565424	-0.0466616921	-0.0995757379	0.0225293111	0.0469132752	0.1401175365	0.029711416	0.0775750468	-0.017034172	-0.0834297849	0.0492707322	-0.0340797896	-0.0499666053	0.0236386524	0.0744792177	-0.0193573194	0.0523895153	0.1388064516	0.0351372354	0.0076135943	0.0375714433	-0.0458808934	-0.0776706145	0.0375063846	-0.0131283322	0.0362983165	-0.0529345326	0.0075183122	0.0339986915	-0.0841901024	-0.0880054659	0.0277358257	0.0	0.0	-0.0671777430834481	-0.0253519526041969	0.0045128491657857	0.0006427215008454	0.1851955953833339	-0.0129741480239999	0.0342974085493875	0.0001683285169486	-0.1992465345223024	0.0060138402855542	0.039699181519147	3.616627498015576e-05	0.0064958442290562	-0.0004361448928567	4.2195992248162736e-05	1.902223675649826e-07	-0.0009718741351152	-0.0002118046930961	9.44539334505918e-07	4.486122801753313e-08	-0.0004198481994489	-0.000257980564588	6.655397170514327e-08	1.7627251058048333e-07	0.0	0.0
68.55341316838404	0.0167416649968288	0.000280283346866	4699.57045703517	78.26712519623513	-0.2722295716751404	0.0741089396944304	6125.742886483144	71.56471240629844	-0.007183617408117	5121.508061796206	5.160435906620183e-05	74.27613211627869	61.5884541231693	0.883343	24.532833	0.2040335164684515	0.1141670718538479	0.0370869765	0.1217738288	0.1209240354	0.06667679	0.0849297483	0.0479665753	-0.0288955097	-0.0993947391	-0.0257293262	0.0758866027	0.0647392059	0.2948329641	-0.1076666966	0.0320662168	0.0700224168	-0.0528544757	-0.0321278361	-0.0111560155	0.045326001	0.0204004492	-0.0227770618	-0.1152399224	-0.0232934848	0.0636257985	0.0140817121	-0.0753292955	-0.0323075393	-0.0241415927	-0.0705773194	0.0856521638	0.0369954266	-0.0282413977	-0.0468753249	0.035522069	-0.0283432269	-0.1262720468	-0.0239966606	-0.1309264019	0.0652311556	-0.0008948772	0.1137650623	0.0086377082	0.0770986698	-0.0139009347	-0.1254173979	0.0263314996	-0.1402811341	-0.0306664784	0.0740900668	0.0299604928	-0.0286565144	0.0265829672	0.0409132941	0.1155221822	0.0054180374	-0.1232778448	0.0041050533	0.0802895385	-0.0432203782	-0.0126325881	0.2159270754	-0.0133975099	0.0011027705	0.0084051168	-0.0259711422	-0.0522829957	-0.0292186085	0.1264620467	0.0216029767	0.0489509747	0.0200348626	0.0422259191	-0.0678550893	-0.0865640121	0.0052506729	0.0239398507	-0.0482446207	0.0626466578	-0.1116636295	-0.0068717258	0.000358623	0.127481261	-0.0722122431	-0.0120871811	-0.0352831183	-0.0159973159	-0.0202556738	0.0694055222	-0.0798510332	-0.2038272409	0.0970566198	0.0106242731	0.1364297075	0.0637907504	-0.1639556641	0.0272276385	0.0623170721	0.0831362557	0.1207733992	0.0401513182	0.0913655467	-0.1103316298	0.0254687913	-0.0654659222	-0.1450489331	-0.1738265884	-0.0688300221	-0.0018532986	0.1382798393	0.0217390045	-0.0283860596	-0.0697098174	0.0484274985	0.0951475938	0.0548195417	-0.0616874292	-0.0289597936	0.1240433768	0.0376090102	0.0057157649	-0.0137621456	-0.0666111017	0.1439882143	-0.1419180656	0.0072696221	-0.0207802975	-0.1254439881	0.1170823076	0.0441846715	-0.0546073312	-0.0768437629	-0.0032267258	-0.0105018564	0.0935544621	-0.1805663085	0.0823378965	0.1055279107	0.0869433178	0.0461686058	0.1539961972	-0.0779019755	0.0170207891	0.0766502577	0.0284992238	-0.1075894546	-0.0006859733	-0.180780612	-0.0198489985	-0.0182879744	-0.0301960443	-0.0805566086	0.0046233816	0.0517119118	-0.1345817607	-0.0179644417	0.0257509353	0.0109022365	-0.0758311518	-0.0506545051	0.1058469744	-0.072870684	0.0950071422	0.0488616827	-0.027800366	0.0314385258	0.054832042	-0.0423450764	0.1726117763	0.0715171137	0.1621768543	0.1061860927	0.0221136189	0.0991577097	-0.048241345	0.0078387469	0.0476736047	0.0741482635	-0.0818675363	0.0164353616	0.0479783079	0.0936174809	0.1245580731	-0.1008973208	-0.0374092706	-0.0366840298	-0.0783892297	0.0278953553	-0.0226701334	-0.0319043597	0.0264446781	0.032221499	-0.0864105979	-0.0847551701	0.0348833508	0.0	0.0	-0.0683172132714418	-0.0011394701879937	0.0046672416291756	1.298392309326415e-06	0.1358228924273277	-0.0493727029560062	0.0184478581073254	0.002437663797182	-0.278195329660754	-0.0789487951384516	0.0773926414450555	0.0062329122538131	0.0053097974430645	-0.0011860467859917	2.81939488863743e-05	1.4067069785612418e-06	-0.0008049889775723	0.0001668851575429	6.480072540128969e-07	2.785065580811856e-08	-0.0005583672196343	-0.0001385190201854	1.9187518953123263e-08	3.117739519621387e-07	0.0	0.0
68.49989060093237	-0.0535225674516652	0.002864665226618	4692.235012339704	78.22728738951129	-0.0398378067238383	0.0015870508445658	6119.508492321192	71.57432581087865	0.0096134045802074	5122.8841152818095	9.24175476227532e-05	74.22370949272602	61.20952890569792	0.827415	22.979563	0.0911232823905374	0.0418099457504855	0.0400388482	0.1167083561	0.096375619	0.1249775347	0.0971458461	0.0163290656	-0.0530551728	-0.0987397896	-0.0485514108	0.0929454469	0.1154884809	0.2049837838	-0.0272420025	-0.0752083448	0.0363536276	-0.0012818157	-0.0096777009	0.0868890704	-0.026937798	0.011492513	-0.0891331673	-0.0715921327	-0.127895362	-0.052038473	-0.0137362706	0.051966457	0.0394159375	-0.0106971538	-0.0804445335	-0.0528305926	0.081075812	-0.0051605637	-0.0245961327	0.0715339492	-0.0378475599	-0.0369638912	0.1115368134	0.0938336787	-0.0221625363	-0.0682045482	0.0365548347	-0.0066247627	0.0712837217	0.0568988985	-0.0327912738	-0.0086180835	-0.0237057566	-0.0653718344	0.0285047953	0.1259248621	-0.0119631595	0.157498569	0.0642180185	0.0052595747	0.0280133583	0.0991703216	0.0736612792	-0.1604180549	0.0132668257	-0.0433436325	-0.0378457126	0.005646991	0.0727344399	0.1615934856	0.0224282802	0.0139003598	-0.1895484281	-0.0338494684	-0.0009494438	0.108852919	-0.0018502464	-0.0091663277	-0.0385535449	0.0524249725	0.107040037	-0.0222005336	-0.0166137672	-0.0257984603	-0.0906188256	-0.0242550666	-0.0345681311	0.0960042287	0.0502896612	0.0724639755	-0.0277851694	0.1931290594	-0.0652433636	0.1475238608	-0.0090625705	-0.1126472634	0.0869387704	0.1039346911	0.0566028164	-0.0026129136	-0.0118358691	0.0951822554	0.086619658	0.1287721489	0.1520550771	0.0132574398	0.0987033567	-0.032768649	0.0179806214	-0.0480266275	-0.1917085805	-0.21999479	-0.0610795748	-0.0043236432	0.0549723468	0.014447294	-0.0712123651	0.0586420133	0.0655690946	-0.0311790905	0.0072499596	0.0186602129	-0.113526567	0.0119816751	0.0200821187	-0.0075789235	-0.0339210785	0.0492736814	0.0796644101	-0.1309084675	0.0099866224	-0.0009344288	-0.0971908965	0.0247250119	0.0015783634	0.0196055817	-0.0956923091	-0.080040187	0.0117563728	0.0440248574	0.0086164164	-0.0011426686	-0.0202373741	0.0380894969	-0.0133641865	0.1038591856	-0.0024566332	-0.0474604551	0.0427479393	-0.0282489717	0.0697001256	-0.0107615813	-0.0211726599	0.0809492381	0.0140891513	0.0099202293	0.0818901904	0.1617688758	0.0021402198	-0.1293967869	-0.0175539854	-0.0231118028	-0.0375026614	-0.0072875382	-0.0598130881	-0.011894777	-0.0233003483	0.0996807174	-0.028319369	0.0597074936	0.0851370132	-0.0642979245	-0.0402373135	0.2005232929	0.0851495351	0.1714455887	0.0822322227	0.0768651952	0.060147034	-0.01264998	-0.0022419689	-0.0535026269	0.0492343678	-0.1290214793	-0.0771559746	0.0786286352	0.0552684982	-0.0038231561	-0.1000091436	-0.1559358352	-0.0333515929	-0.0993354405	0.0816730573	-0.0055971007	-0.0372508724	-0.0740404162	0.0304342698	-0.0885234364	-0.0812673177	0.0418570888	0.0	0.0	-0.0467952274046297	0.0215219858668121	0.002189793307851	0.0004631958756512	0.1182833704360177	-0.0175395219913099	0.0139909557217041	0.0003076348316836	-0.3039335330995243	-0.0257382034387703	0.0923755925423596	0.0006624551162555	0.0053628006876218	5.300324455730001e-05	2.8759631215156848e-05	2.809343933600953e-09	-0.0005681357380056	0.0002368532395667	3.2277821679916777e-07	5.6099457093240594e-08	-0.0007949821573832	-0.0002366149377488	5.598662876591578e-08	6.319966305576469e-07	0.0	0.0
68.53324680616963	0.0333562052372542	0.0011126364278298	4696.80591779536	78.26474927192511	0.0374618824138224	0.001403392633987	6125.370978597302	71.60938598475325	0.0350601738745979	5127.904161113374	0.001229215792117	74.21108590313861	61.022564528378126	0.84856	23.566814	0.0573557582857373	0.0322108254134345	0.0489826249	0.1011822664	0.0694653487	0.0919822859	0.1138466002	0.0370326157	-0.0317275247	-0.0339223194	-0.1526278958	0.1414626857	0.0636658438	0.1512574537	0.0280467229	0.0198667179	-0.0249024995	-0.0551745561	-0.0574551607	0.0692436725	-0.1007820647	-0.1797640014	-0.0840000458	0.0686619628	-0.0936708261	0.0439354687	-0.0330110656	-0.0005558282	-0.0419514228	0.1269478259	0.0834900099	-0.0723383792	0.1276172893	0.009383962	0.0199855227	-0.0420853414	-0.0219591387	0.0806008753	-0.0317335135	0.0960986165	-0.0562923214	0.0227177292	0.0960854719	-0.0538966729	-0.0328336823	0.0577624731	-0.0273882464	-0.0968380283	0.1194411016	-0.157741257	-0.0937869935	-0.0126360845	0.05824118	0.0237670662	0.2215842397	0.1781257048	-0.0512707784	-0.156902919	-0.0444416986	-0.0288346187	-0.0650667768	0.0362480246	-0.0169493534	-0.0809059498	0.0223938658	0.0541470577	-0.0556939225	-0.0536331778	-0.0183848559	-0.0165315999	-0.0017173358	0.0128163876	-0.0834158655	-0.1026764785	0.0391492236	0.1453007205	0.051015109	-0.0413761244	0.0300674552	0.0504100356	-0.0018149486	-0.026222947	0.0200134852	-0.0429661437	-0.1296082514	-0.0605449332	-0.0996268925	-0.0044460741	0.0219845743	-0.0282305606	0.0363465986	0.0019470809	-0.0036589482	0.0973217976	0.0023085266	0.0716810177	-0.0975691775	0.0145636898	-0.0092416669	0.1406702405	0.1135687016	0.029462658	0.0517860612	0.0452980211	0.0458637729	-0.0938071794	-0.1381721457	-0.1571820701	-0.0679280998	-0.0735173881	0.0272467922	-0.0455391446	-0.0647067219	-0.00428274	0.0051091979	0.0346126946	0.0871219806	0.1317776354	-0.0500444978	-0.0356783491	0.098853303	-0.0217271616	0.0477436333	0.1109306491	0.131937587	-0.1172470384	-0.0112072772	0.0369767017	-0.0196898939	-0.0266087388	-0.0040833797	0.192248957	-0.0140859441	-0.0327636887	-0.0496135284	0.101746497	-0.1395917876	0.0270676593	-0.0221357615	-0.079598577	0.0554197914	-0.0506282907	0.0728874202	-0.0314302721	-0.0780641304	-0.0770868279	0.1014653499	0.0563933894	0.0603342919	-0.0265950561	-0.0635154397	-0.0949386159	-0.015993708	-0.0430247648	-0.0657928285	0.0601361753	0.1053923652	0.0774516601	0.0701876912	-0.0239255807	0.1442215954	-0.0775045423	-0.0206013288	-0.0321629714	-0.0607082202	0.0994531316	-0.0154878035	-0.0645673904	-0.0389430591	0.1728850553	0.0662593427	0.1703286327	0.0534769214	0.1446779865	0.0758774877	-0.0770063008	0.0430552491	0.0752289339	0.0613766973	-0.1261021889	0.0188117377	-0.0059346494	-0.0201906565	-0.0100960462	-0.0149403889	-0.0945084539	-0.0554369723	-0.0554297454	-0.0529613415	-0.0788278957	0.0049618037	-0.0059397711	0.0286375605	-0.0905259858	-0.0775516848	0.048622297	0.0	0.0	-0.0688911144063837	-0.0220958870017539	0.0047459856441534	0.0004882282223942	0.1170972440032898	-0.0011861264327279	0.0137117645531659	1.4068959144158248e-06	-0.3056403764140398	-0.0017068433145154	0.0934160396945159	2.913314100306199e-06	0.0054266051631362	6.38044755144002e-05	2.9448043596576463e-05	4.071011095667694e-09	-0.000671963354442	-0.0001038276164363	4.515347497129449e-07	1.0780173934864196e-08	-0.0012746880961672	-0.000479705938784	2.301177877046388e-07	1.624829742510361e-06	0.0	0.0
68.53746607785534	0.004219271685713	1.7802253557859513e-05	4697.384256373171	78.27203414883725	0.0072848769121378	5.306943162499925e-05	6126.511329796745	71.63277785712425	0.0233918723710075	5131.254863528111	0.0005471796930215	74.2087932425653	60.87270445651836	0.905082	25.136581	0.0834434029141705	0.0428283445636001	0.0777550661	0.0310200705	0.0197049862	0.1396109712	-0.0188007581	-0.018053021	-0.0511911768	-0.0020128158	0.029199328	0.1033730146	-0.0758793938	0.1347038699	-0.0048271554	-0.0643183295	0.0084715599	0.1632634634	0.0453527651	-0.0112228965	-0.0808675554	0.0122057998	-0.019682702	0.1099308472	0.0191556743	-0.0371177505	-0.0638742265	-0.1338058538	0.0273822167	0.009751178	0.1318635199	-0.0680521113	-0.1109206183	0.07782731	0.0487881386	0.0543044355	-0.0019633452	-0.0569839853	-0.0448437902	0.077542552	0.0211256325	-0.0004126647	0.0071844627	-0.062163877	0.0176102779	0.0276928856	-0.1230512398	0.0891197074	0.1048580693	-0.0319930475	-0.0017149649	0.0746987121	0.0136230583	0.1416946518	0.0787418433	0.0142982435	0.035203477	-0.0472556919	0.0366426383	0.0751602615	0.0136861757	-0.0144971272	0.0259893719	0.0518166532	-0.1176169788	-0.0270140476	-0.0522593528	0.0608925715	-0.0374529258	0.034946072	-0.0559806533	-0.0680221269	0.1057645107	-0.1179972462	0.0371670752	-0.0822029249	0.0330338254	-0.0129391048	-0.1027979347	-0.0730135878	0.1070589182	-0.200654335	0.1051509734	-0.0582065326	0.0583526359	-0.1164945857	-0.0384041241	0.0449306385	0.0268360533	0.05575852	-0.037427388	0.0305994219	0.0891296375	0.1366081764	0.0385003555	0.003623215	0.098374053	-0.0664100746	0.072279932	0.0251532792	0.1552011848	0.0564753206	0.0159895507	0.0879768235	0.0734328125	-0.038951523	-0.1157234728	-0.0846824243	-0.0715031924	-0.0428284215	0.0056352456	-0.0170883472	-0.1840446936	0.042589126	-0.0367980266	-0.0393860097	0.0585766445	0.1722971655	-0.0555569538	-0.0627933742	0.0321939829	-0.0152958959	-0.0116039296	0.0928239093	0.0037000122	0.0638963494	-0.0517042861	-0.0056312197	-0.1510184313	0.0013131146	0.0266561436	0.0541395554	0.0821105803	0.0629219839	0.120059441	-0.0616108649	-0.0434214921	0.144406342	0.1158228897	-0.1288905928	0.0279676903	0.0409783541	-0.1135356517	-0.1265041131	-0.0377980322	-0.0890403707	-0.113564154	0.0193608765	0.1216123674	-0.1171889748	0.0422137377	0.1379024633	0.0301694584	0.0191538086	0.0102086317	-0.1363140503	0.0167891733	-0.0019003926	-0.0597858335	-0.0030585871	0.1101364021	-0.0481583032	-0.0373355076	-0.0661882615	0.0593790362	-0.2057178506	-0.0590617678	0.020031959	0.0836291435	0.1728454519	0.0287826137	0.1556934872	-0.0149360775	0.1048155447	0.0654778782	0.0217362443	0.0091534069	-0.1283657775	0.0499320768	-0.0560518595	-0.0334758044	-0.0503607052	-0.1687805351	-0.0828906788	0.014858045	-0.0954511707	-0.0971858303	-0.0448886052	0.0292513361	-0.0216695333	-0.1150862075	-0.0993232583	0.0268319309	-0.0924157511	-0.0736186857	0.0551452713	0.0	0.0	-0.0869601527976016	-0.0180690383912179	0.0075620681745822	0.0003264901483833	0.1299931125029019	0.0128958684996121	0.0168982092981921	0.0001663034243592	-0.2714957796611443	0.0341445967528954	0.0737099583738126	0.0011658534874178	0.0054171128472796	-9.492315856600255e-06	2.9345111600161693e-05	9.010406032146468e-11	-0.0005531021587326	0.0001188611957094	3.059219979946622e-07	1.4127983845468294e-08	-0.0015130125700101	-0.0002383244738429	5.6798554832495163e-08	2.289207037008568e-06	0.0	0.0
68.50797839322958	-0.0294876846257636	0.0008695235445884	4693.343103527211	78.36295677340308	0.0909226245658345	0.0082669236579397	6140.75299427024	71.68895035927449	0.0561725021502326	5139.305603614522	0.0031553499978178	74.2429494345268	60.679741872937214	0.976297	27.114401	0.1477901608797512	0.0833856918694755	0.0691356854	0.0368349514	-0.0051729147	0.0428156126	-0.0383055863	0.1058660157	-0.00330675	-0.0093497123	0.045366634	0.048080427	-0.143362747	0.0693143467	-0.1354070542	0.0222167106	0.0379092509	0.0258573947	0.0298899422	-0.166720785	-0.1109388391	-0.0031595682	0.1540718153	-0.0177457961	0.0626150198	-0.0277065793	-0.021081653	-0.1578630109	0.1001697997	-0.0128290193	-0.0636988343	-0.0950371801	0.0827888983	-0.1068676924	0.0958634676	0.0396052914	-0.0450325809	-0.0191750352	0.0554322635	0.0755195222	0.0992542764	-0.0756644973	0.0922598803	-0.0911139936	0.078309534	0.0929317963	-0.0458668289	-0.0054796435	-0.0871695439	-0.0349132018	-0.1021079026	0.0577358007	-0.0487267234	-0.0162674514	-0.0165462466	0.0663074638	-0.0162790094	0.071948695	-0.0418716106	0.0229740568	-0.0947713129	-0.0039887419	-0.0263350934	0.0516154581	-0.0314875785	-0.0269287962	-0.0171575175	-0.0002871928	0.0880727998	0.1444690511	-0.0937515028	-0.1045438585	-0.086444984	-0.0519240737	-0.0657787364	0.0070258486	-0.0857837622	0.0227290513	-0.0874666405	0.0318768276	0.0892055706	-0.0271401359	-0.0490482151	0.0428295423	-0.004962244	0.0078948293	0.0341217047	-0.0921536207	-0.1587577631	-0.0827220981	-0.0653893149	0.0043849953	-0.0335857764	-0.0204985337	-0.1216338195	-0.0945094576	0.0898553864	-0.0046836483	0.1110454055	-0.0266396629	0.0885374049	0.1588230367	0.0201807142	-0.0009804515	-0.0545951873	-0.0237995036	0.1075430035	-0.0465724835	-0.0950161733	-0.1367631987	0.1006567934	-0.078048891	0.0104817019	-0.1760790227	0.1081640231	0.1048149333	0.046896423	0.0101927005	0.0723668413	-0.110380836	0.1420591777	0.098637485	-0.0298588627	-0.094362263	-0.0716480684	0.1079543275	0.0847981201	0.0413755861	-0.0749271012	0.0614559803	-0.0723004479	0.0605092951	0.0207314068	-0.0941851999	-0.1301325854	-0.0885394669	-0.0091763319	0.0356987327	0.0052703415	-0.1099674741	0.0540336043	0.001629947	0.1091283162	0.0646000902	-0.1119634553	0.005789715	0.0091174703	-0.0805841317	0.0512480905	0.0043530089	-0.0451160565	0.1255856945	-0.0237033846	-0.0260856576	-0.131889618	-0.0931755575	-0.0261112732	-0.0162282867	0.0765227763	-0.004512775	-0.0817220471	0.0156974354	0.1360204904	0.0650328802	-0.0043822583	-0.0603101492	-0.0965833311	0.058772781	0.044021933	-0.0139061377	-0.0512154335	0.0857592788	-0.0963973887	-0.0058619132	0.0975073886	-0.1980149076	0.2067791889	0.2972711224	-0.0237643917	-0.0491254789	0.0245588238	-0.0935150764	-0.0728296236	0.0381211217	0.0073563736	-0.0466581927	-0.0416870667	0.0358530535	-0.1013467155	0.2290185657	0.0122440884	0.0406038648	0.0250179432	-0.0941903779	-0.0694793439	0.0613935146	0.0	0.0	-0.0704522313027382	0.0165079214948633	0.0049635168955345	0.0002725114720805	0.163069471079666	0.033076358576764	0.026591652398202	0.0010940454966986	-0.1993425401715356	0.0721532394896087	0.0397374483220402	0.0052060899688448	0.0055808408168222	0.0001637279695426	3.1145784222708684e-05	2.680684801054272e-08	-0.0002680228209193	0.0002850793378132	7.183623253353916e-08	8.12702288480696e-08	-0.0014407670509957	7.224551901440011e-05	5.219415017660048e-09	2.075809695234846e-06	0.0	0.0
68.49365216832712	-0.0143262249024616	0.0002052407199559	4691.380387355782	78.21130223745523	-0.1516545359478556	0.0229990982735594	6117.00779767857	71.66378763181353	-0.0251627274609518	5135.698457737671	0.0006331628532741	74.26276591393989	60.60165908637347	1.000066	27.774555	0.3530125852166867	0.1730022175225556	0.0905568142	-0.0027092699	0.0169569801	-0.1311907989	0.0398922166	-0.0432485521	-0.0014182223	-0.0069943073	0.0232808418	0.2186177558	0.0226678373	0.0320001397	-0.1267054563	0.0496730157	-0.0857157951	-0.0811001262	0.1184850941	-0.038620117	0.0626772517	-0.0422360543	-0.0774708353	0.0470881292	0.0883644895	-0.1126562413	0.0437232078	-0.0163505928	-0.132046622	0.0575814735	-0.0774671261	0.0025463601	-0.1147167563	0.0196031464	-0.0414451138	0.1025511668	0.1272086144	-0.0396779146	0.0985238078	-0.1195735647	0.0293156022	-0.1001807726	0.0864520941	0.0221945485	-0.1246826213	0.0556623477	-0.1982808743	0.0554174036	0.0264661972	-0.0807722015	0.0931650167	0.1203792796	-0.0500901496	-0.0328081526	-0.0127912481	-0.0643115945	-0.059044624	0.0518714279	0.0140724564	0.1044797624	0.0847967003	0.1241276962	0.0781395294	0.0129954435	0.0253030945	-0.0498899922	0.1333871694	0.0979048063	0.0586001888	-0.0693164417	-0.0328381974	-0.042776102	-0.0186812278	0.1027501228	0.0451778694	0.0888269908	-0.0118547519	0.0266598919	0.0377325626	0.0584616391	0.0851850753	0.1396312288	-0.0073398964	0.0776115191	-0.2061998968	-0.0329026253	-0.0051308987	-0.086512293	-0.0538424257	-0.0631756787	0.0154759499	-0.0475698414	-0.0763777787	0.208361718	-0.0395605601	-0.0216233828	0.0567547973	0.0818748154	0.0170911671	0.1246086274	-0.0633620525	0.1338913163	-0.0516002916	-0.0132889563	-0.0329996656	-0.1441185816	0.1365025318	-0.0482780365	-0.05688872	-0.0314540101	0.0116673353	-0.0873877746	0.1751208824	-0.1770024562	0.1856197421	0.1813247079	-0.024479171	0.0132262361	0.0033771115	-0.0276368949	0.1922064886	0.0257007371	-0.0139260333	-0.2117577769	-0.0396286142	0.1265716451	0.207600969	-0.0550078508	-0.0059501974	0.0595008363	0.0656592281	-0.0146980622	0.1032167163	0.1261698451	-0.0363988963	0.2540136611	-0.0040069053	0.0552224393	-0.0782387004	0.0611720764	0.1028432164	0.0483132258	-0.0225368202	-0.0925236438	0.0107729776	0.0509407576	0.125308383	-0.0972922137	-0.0531619536	-0.0283437904	0.1383286159	-0.1179482639	0.0174342904	0.0020376343	0.1060206622	0.0440428581	0.0611715989	-0.0698456876	0.0995148854	0.1061425294	-0.1173811179	-0.0233986458	-0.0823840524	-0.0181776691	0.0932172486	-0.0938270788	0.0075451493	0.0126703875	-0.2129819827	-0.0962276104	-0.036985786	0.0126972548	0.0157265442	0.0565635681	-0.0471455255	-0.3905133185	0.2970912888	0.3074401795	0.0015925368	0.1319608524	0.0325621891	-0.3225812463	0.1022970834	0.0889155283	0.0771012519	0.1613673727	0.1113042449	-0.1024195689	0.0065575199	-0.155679363	-0.0310712775	-0.0643789642	0.0231961626	-0.0958476552	-0.0651452616	0.0673358985	0.0	0.0	-0.0143192172030239	0.0561330140997143	0.0002050399813073	0.0031509152719187	0.153129744711606	-0.0099397263680599	0.0234487187154416	9.879816027190688e-05	-0.1896610092364881	0.0096815309350475	0.0359712984246032	9.373204124628182e-05	0.0032068050942134	-0.0023740357226088	1.0283598912273014e-05	5.636045612222687e-06	0.001094094058079	0.0013621168789983	1.1970418079237744e-06	1.8553623920520688e-06	0.0003682466236745	0.0018090136746701	3.27253047514378e-06	1.356055758476688e-07	0.0	0.0
68.53081684572373	0.0371646773966176	0.0013812132459946	4696.472857542132	78.35316473661467	0.1418624991594441	0.0201249686677632	6139.218424243077	71.58002161760943	-0.0837660142041016	5123.699494777434	0.0070167451356417	74.2275562518582	60.496357689186105	1.123522	31.203262	0.2769713116563969	0.1404396062652606	0.0143106774	-0.0764811538	0.0205452099	-0.0710920162	0.0112820411	0.0215473225	0.0322432679	0.047049802	0.0280010362	0.0494157324	0.1117651096	0.089901115	-0.0306686885	0.1472248068	-0.0197313698	-0.0605481407	-0.2107260336	0.0508199257	0.0299616061	0.1019261224	0.0737513703	0.0100453828	-0.0512038155	0.022961062	0.0282170396	0.0229293563	0.1244361774	-0.0339960946	-0.0064666008	-0.0490631789	0.0455593276	0.0711223021	0.0319051747	-0.1048243415	-0.0150371194	0.1596981453	-0.1534601396	-0.1521201471	-0.0674026615	-0.0727853482	-0.0247148176	0.1503666928	-0.0724338729	0.0128536565	-0.009950449	-0.0788392501	-0.0670684215	0.0215845265	0.0172987731	-0.0160598637	0.0261032032	0.0211180097	0.0978728809	-0.0496250345	-0.0631768404	-0.0505543501	-0.0456050048	-0.0799035685	-0.0675432906	0.0077171894	-0.0581723396	-0.1094214581	-0.0632186662	0.0902581962	-0.0672864797	0.0209990798	0.1224182203	0.0543346342	0.1209877939	-0.0279285548	0.0126942977	-0.0074313164	-0.0562759524	0.0270597552	0.0749730759	0.1066562905	-0.1300569569	0.0709707972	-0.067365413	-0.0780956631	-0.0577185212	0.1182023918	-0.0268277303	-0.0198282031	0.0729344056	-0.0637511498	0.0551392953	0.0825382317	0.0156915858	-0.0223715352	0.0617614162	0.0215008093	-0.0382366409	-0.040305733	0.0908548984	-0.1048568421	-0.0357988497	0.0453460623	0.0099861805	0.0030692902	-0.1467239472	0.1122173783	0.0725855154	-0.2150263965	-0.0009213703	-0.1161099024	0.0042345831	0.0093691644	-0.0104471317	0.11909087	-0.0301145466	0.2144447079	0.0577800865	-0.1448819455	-0.1105489811	-0.007223048	0.0504858238	0.0414675577	-0.0633896084	-0.0781075029	0.0990295632	-0.0189085407	-0.1120480367	-0.0431578014	0.10473495	0.0181685928	0.0357632143	0.0196647066	-0.0740433505	-0.0584028826	-0.1203672441	0.2325498684	-0.011383886	0.1066899149	0.1365322976	0.0120053274	0.0148884461	0.0434943608	0.1332441778	-0.0359475127	0.0673284453	0.0134695317	0.0060668107	-0.0227034832	-0.0129361088	0.004348855	0.0406355424	0.0787189414	0.0089618653	-0.0637745439	0.0278769278	0.0174998135	-0.0777011707	0.134032696	-0.0047917116	-0.0096166437	0.0024692703	-0.0557542499	0.029301384	0.1049424562	-0.0397094133	0.0345234711	0.0693561592	-0.0446435297	-0.0560156715	0.1192633151	-0.0693304078	-0.0606761421	-0.0650300006	0.1218493634	0.1553964201	0.2148922572	-0.0183203049	-0.0032273565	0.0883251264	-0.3389542194	-0.0060136058	-0.081221831	-0.0648910979	-0.2146770945	0.0874603241	0.0554609536	0.0324317391	-0.0137132055	0.2173017966	0.077945012	0.0576792361	0.1476045222	-0.0793593905	-0.1113351778	0.0213671566	-0.0973855183	-0.0606285865	0.0729428184	0.0	0.0	-0.0390570598695063	-0.0247378426664824	0.0015254539256501	0.0006119608597916	0.1025115133653287	-0.0506182313462773	0.0105086103724499	0.0025622053446252	-0.2825705230007003	-0.0929095137642121	0.0798461004688892	0.0086321777479023	0.0035207466227378	0.0003139415285243	1.2395656781519625e-05	9.85592833322366e-08	0.0010309873467253	-6.310671135369996e-05	1.062934909107674e-06	3.9824570178792035e-09	-0.0014288196140359	-0.0017970662377104	3.2294470627186115e-06	2.0415254894536983e-06	0.0	0.0
68.5441128550493	0.0132960093255718	0.0001767838639856	4698.295407085736	78.37428250700928	0.0211177703946106	0.0004459602264394	6142.5281584885015	71.65435634840519	0.0743347307957549	5134.346783704234	0.0055256522024773	74.28542346842504	61.390620869252366	1.063381	29.532961	0.1373856416982063	0.0730534203255681	-0.1081099597	0.0265038669	-0.0247226836	-0.1229122418	-0.0085624967	0.0526436603	0.0297339972	0.0331806285	-0.0562700788	-0.1090486557	-0.0093421193	0.045774683	-0.0953571338	0.1583328376	0.0418253993	-0.0856013176	0.0978892905	0.0010965658	0.0567980083	0.0144418255	0.0184311032	-0.0713156685	0.0504586285	0.0591805979	-8.76132e-05	-0.0015747543	0.036048305	0.0444718414	0.0174803778	-0.1321216631	-0.1095884753	-0.0730928937	-0.118226776	-0.1029297828	0.014631094	-0.0956842065	0.0301076979	-0.0265784777	-0.0590080476	-0.0218628766	-0.0308271026	0.1087248477	-0.059904806	-0.0233085932	0.0953857879	-0.0167699218	-0.0676074142	-0.0979307314	-0.0744349624	-0.0348654707	0.0742429428	-0.0887962126	-0.0504666204	-0.0241257808	0.0234575156	0.0285638995	-0.0437221347	-0.0058327422	0.087863214	0.0154111057	0.0958068261	-0.0719488782	-0.0122685018	0.0186722022	0.0769791821	0.0283371601	-0.0155034437	0.1096418898	-0.0342781658	0.0172607495	0.00164569	-0.1116468489	-0.0567257235	-0.0337687164	0.0036410117	0.000387857	0.0587753129	-0.0635858373	0.1171420139	0.038142465	-0.0697118522	-0.0793586831	-0.0298655737	-0.1224547474	0.0550280524	-0.0793535356	0.0265863972	0.091611828	-0.000618279	0.0821656939	-0.0714064011	0.0456483388	-0.034427392	0.1061839976	0.026528144	-0.0171583507	0.1299135702	-0.0361336129	-0.1031612932	-0.0344462238	-0.0198456861	0.0650352443	0.0197107718	-0.2854776749	0.089303067	0.0482061437	0.0374164636	-0.0642002185	0.0232719388	0.1242575579	0.0752734252	-0.0440670016	0.0373652908	0.0312215069	0.0026658014	0.0538685942	0.033610141	-0.0685875235	-0.0348107817	0.0751021667	-0.04232677	0.0245660678	-0.0421948475	-0.0828744274	-0.0440068013	-0.02848758	0.0939337155	-0.0438284941	-0.0200169707	-0.0091322143	-0.1258864015	-0.0292424464	-0.0151465736	0.0162885197	0.1428460116	0.0407946866	0.1989393852	-0.1673865695	0.2085473801	0.0117109995	-0.0340441282	-0.0491104712	-0.02770306	0.0394503587	-0.0594665199	-0.0025784069	-0.0052488701	-0.1020315303	-0.1032065599	0.1825338365	-0.0004422245	-0.0371995243	0.0188887958	0.0687054306	-0.0517522236	-0.0820663374	-0.0942392054	0.0277377961	0.058426444	0.034059422	-0.0689165486	-0.0054372122	-0.0371050944	0.0606805028	0.1288751638	-0.0184788476	-0.0375812853	-0.1996655118	0.0531855905	0.0578440991	0.0580498329	0.1627535022	0.0465376602	0.0045139363	0.0441835677	0.0344591647	-0.138916196	-0.1341032898	0.1163287087	-0.0002023361	0.0686155966	-0.0981034764	0.0649423305	0.0222600589	0.0178299161	-0.0234122198	-0.0636388111	0.040407941	0.0790667046	-0.1046206983	0.0195314949	-0.0988020511	-0.0559419782	0.0781863408	0.0	0.0	-0.0525811156970092	-0.0135240558275029	0.0027647737279422	0.0001829000860254	0.1428182229883532	0.0403067096230245	0.0203970448175509	0.0016246308406348	-0.2257173381450314	0.0568531848556689	0.0509483167392784	0.0032322846282328	0.003661007811597	0.0001402611888592	1.3402978196574257e-05	1.9673201100196174e-08	0.0007681244658748	-0.0002628628808505	5.900151950754468e-07	6.90968941290242e-08	-0.0012979098559054	0.0001309097581305	1.7137364773786015e-08	1.6845699940563763e-06	0.0	0.0
68.54955847410993	0.0054456190606231	2.9654766953421945e-05	4699.041966995416	78.48099118886992	0.1067086818606384	0.0113867427844349	6159.265977987478	71.67921841035195	0.0248620619467629	5137.9103519189375	0.0006181221242446	74.29636961430289	61.42100735735556	0.927265	25.752651	0.1643505590732108	0.0783019734755523	-0.1162440055	0.0166908734	-0.0330971687	-0.1114187044	-0.1778028451	0.0143286891	0.056734143	0.0735398636	-0.0585552861	-0.0738845154	0.0294896096	-0.0062170096	-0.0565976359	0.1185483189	0.084603143	-0.0558886329	0.0213125433	0.0339609848	-0.0111998668	0.0949450953	0.0523270929	0.0954754678	-0.0384341103	0.1248409388	0.0226444932	0.0121322076	0.0415391153	-0.0225920932	0.1684433668	0.0071080877	-0.0576475606	0.0525099784	0.07208941	-0.0770901962	0.0630959186	-0.0393270908	-0.0464489736	-0.0366548638	0.0977411804	0.1094920995	0.0779603008	0.0273615145	0.0869680094	-0.0362254874	0.1776142512	-0.1023090381	0.1219041658	0.0136285332	-0.1520800132	0.1147476739	-0.0134152447	-0.0731241833	-0.0278041227	-0.004149375	-0.1035450837	0.0274447655	0.0360820818	-0.025929897	0.0740178363	-0.0191173207	0.0325133625	-0.0165471635	-0.0989013117	-0.0887010224	-0.1284899536	-0.11797249	-0.051403842	-0.0217208526	0.0939648332	-0.0273279886	0.0073886198	0.0762618865	0.0744080041	0.0568352392	0.0455741054	-0.0213443111	-0.0570953345	0.0379858586	0.007033372	0.1458346553	0.0622965888	0.0245127848	-0.0546649916	0.0376637679	0.1065004389	0.0363951033	0.0536077279	0.0222530478	-0.0253306276	-0.1139863206	0.118784745	0.0083571202	-0.0655447071	-0.0518947298	-0.1374188996	-0.0080851757	-0.0847047023	-0.1236987417	-0.092053918	-0.0518604614	0.0312690625	0.0748146245	-0.0145154435	-0.2041838041	0.0056187359	0.0551758381	-0.0745271672	0.0287294328	0.0505198214	0.0943911278	-0.021389359	-0.0197883282	0.003474526	0.0212562255	-0.043135817	0.109586888	0.0660847549	-0.2439676101	-0.0607761134	0.0131251929	-0.0347555861	0.0284414573	0.052157856	0.013464209	0.084597398	0.0638660662	0.0675428249	0.0331904327	-0.1239399368	-0.0353894709	0.0889190295	0.0715514094	0.0405830863	0.0550289901	-0.1025240128	-0.1052392646	0.0396304969	-0.0181056578	-0.1445507666	-0.0066618441	0.0131974865	-0.005068663	0.2129807969	-0.0928461464	0.0111363445	-0.0564167649	-0.0332227494	0.0157013312	-0.0029913307	0.0336287241	0.0622929834	-0.0925811719	0.2304548165	-0.0776200408	0.0379566257	-0.0776429911	-0.0441203643	0.0002360615	0.0313572401	-0.1046427118	0.0149338341	0.0085507871	-0.0592406782	0.0053827981	-0.0577433926	0.0565232312	0.0457576029	-0.2231724522	0.0752641606	0.05029618	0.0451898454	0.0226753679	0.1224387607	0.0353176611	0.0431809835	-0.0127977639	-0.1697550842	-0.0263717911	-0.0071363286	0.0162636687	-0.1433278597	-0.1247134202	0.0478240608	0.1306300211	-0.097570434	0.055362573	-0.0711218121	-0.0053171058	0.0166117102	-0.03155794	0.0176897492	-0.1000954889	-0.0510985726	0.0830403428	0.0	0.0	-0.1077774899885355	-0.0551963742915262	0.0116159873482288	0.0030466397349302	0.1448119093059858	0.0019936863176326	0.020970489076845	3.974785133115473e-06	-0.1984039579645795	0.0273133801804519	0.0393641305360106	0.0007460207368819	0.0040109746934571	0.0003499668818601	1.608791799155328e-05	1.224768183988814e-07	0.0004210965696747	-0.0003470278962001	1.773223209917995e-07	1.204283607410674e-07	-0.0021978574435172	-0.0008999475876118	8.099056604482985e-07	4.830577342023963e-06	0.0	0.0
68.52226331764658	-0.027295156463353	0.0007450255663589	4695.3005701728935	78.52212487819583	0.0411336893259033	0.0016919803975599	6165.72409538698	71.53009703399938	-0.1491213763525678	5116.554781693368	0.0222371848852841	74.32341388408054	60.76220992878751	0.8957939999999999	24.878635	0.0569623434399462	0.0244518282484457	-0.1168425488	-0.019364461	-0.0437951119	-0.0797529674	-0.0325510446	0.085153764	0.0231780497	0.0687761845	-0.0782077317	-0.0593539915	-0.0906009721	-0.0942254343	-0.0016528023	0.0498518008	0.0481997211	0.1781697904	-0.0779612266	0.0095689005	0.0545138936	0.1381553345	0.1256519008	0.0218429058	-0.046217488	0.0653016388	-0.002552664	-0.1200480314	0.0154979757	0.127117436	0.0928216246	-0.1313083829	-0.0614800174	0.0609150296	-0.1208851416	0.0401714815	0.0697652224	-0.1147182302	0.0376890584	0.1473636563	0.0117401202	-0.0277158488	0.0070891769	-0.0566681032	-0.0315411735	-0.1531606426	0.0536545026	0.0265746355	-0.1109454537	0.0447135871	0.0075640736	0.0180729946	0.00056849	-0.0285703888	-0.0060360987	0.0335898821	0.006932091	-0.0618667573	0.0169738021	0.0561229243	0.0077440197	0.1171655676	0.1294829351	-0.0596376379	-0.0388105824	0.0433132788	-0.1004385349	-0.041600009	0.0359848636	-0.1007625875	0.0019667658	0.12013135	0.037928063	-0.0100407595	0.1001434124	-0.0636364291	0.0042472164	-0.0423271637	-0.0658476161	0.0501166316	-0.0509697464	-0.0160641927	-0.0395763739	0.0032339068	-0.0371286703	-0.0361616212	-0.0331309933	0.1471222792	-0.1039340238	-0.0021933637	-0.037068924	0.0072878742	-0.0346922363	0.0296521949	-0.0719615502	0.1000338269	0.0414587179	0.0164650417	0.0390321514	-0.0993091319	-0.0889806053	-0.0611181305	0.0134178774	0.0289495928	0.0128968463	-0.1261070309	0.0156171677	-0.0060093356	0.0262608064	0.094615304	0.1630396719	0.1223033603	-0.0675989696	-0.0158512019	-0.0835270825	0.0982305465	-0.0045747202	0.00763161	0.0642852461	-0.1172033728	-0.0885330229	0.069394014	-0.0199284815	0.0336453449	0.0029856071	0.0223348347	0.0076702119	0.0296125524	0.0557966017	0.0641317617	0.1699927824	0.074710035	0.0892970484	0.0107596636	0.0881681558	-0.0451077938	0.0442027233	-0.0244930669	-0.0145824269	-0.0750570207	-0.0397988276	0.1240665591	-0.0274219526	-0.0753661998	0.0040624426	-0.1409635692	0.0287829815	0.0417277681	0.0584315371	0.0399538581	0.067344384	-0.1428798397	-0.0489160628	0.1142705294	-0.0755677024	-0.0374169831	-0.1143677991	-0.0486799338	0.0065078872	0.0754800945	-0.0288645824	0.1592662269	0.0771047262	-0.0018814593	-0.0938491164	0.0130461703	-0.0399151033	-0.0299877204	-0.0162868423	-0.1240660317	0.0301594032	-0.0416387909	0.1041260791	-0.0590433291	0.172827583	0.0849822473	0.0571239262	0.0419380381	-0.1363524971	-0.1138914307	0.0196662112	0.0904952782	-0.0881038232	-0.0520944402	-0.0593172071	0.0980349416	-0.1346597794	-0.0415577171	-0.1815710308	-0.04800086	-0.085572196	0.035773773	0.0158424933	-0.1012642201	-0.046111945	0.087480642	0.0	0.0	-0.0944338893146721	0.0133436006738633	0.0089177594510957	0.0001780516789435	0.1418244632874774	-0.0029874460185084	0.020114178386781	8.924833713501822e-06	-0.2070244104953289	-0.0086204525307494	0.0428591065409384	7.431220183490403e-05	0.0038161173186792	-0.0001948573747779	1.4562751389923328e-05	3.7969396505335067e-08	0.0006172861313393	0.0001961895616645	3.810421679438395e-07	3.849034410614787e-08	-0.0019486874956232	0.000249169947894	6.208566293349874e-08	3.797382955598219e-06	0.0	0.0
68.63106175692002	0.1087984392734426	0.0118371003883369	4710.22263788217	78.72627216993376	0.2041472917379394	0.0416761167239353	6197.825929774488	71.62954230702252	0.0994452730231358	5130.791331113529	0.009889362326646	74.37258664743277	60.93883763715874	0.937243	26.029768	0.2020955660827892	0.0940374962025308	-0.1045953606	0.0044372791	-0.034175329	-0.0572177729	-0.0305107957	-0.0024868402	0.0851710941	0.0856129708	-0.1303203908	-0.1069270675	0.0590318079	-0.0175178782	-0.0148821377	0.0574274148	-0.0546591976	0.1142363958	-0.0437541262	0.0200897458	-0.0628242701	0.0753310458	0.0611332257	-0.0241433474	-0.0040082164	0.0199563992	0.0027783802	0.0037416173	0.0455252638	-0.1172218971	-0.0756053464	-0.0114689345	0.0296366786	0.0854894119	-0.0938974085	0.046303875	0.1436010059	0.0549728508	-0.1239265558	-0.0346142497	0.045786249	-0.0047586608	-0.055535762	0.1498544507	-0.0669891705	-0.1250403584	0.1242579247	0.0445813727	0.0695680413	-0.0392886145	0.0289405598	0.0865039926	0.0141302833	-0.0340278139	-0.010165678	-0.0322837462	0.0934965308	0.0585255019	-0.1076985008	0.1390114583	0.1321687971	0.0335528208	0.0044517843	0.0756604601	0.1339008167	0.0070380244	0.0093120047	-0.0452853127	-0.0287975096	0.1707482557	-0.0464034593	0.0298070753	-0.001573409	0.0013460152	-0.0290214056	-0.0599209249	-0.0688584415	-0.0021950817	-0.1117356717	-0.1470799471	0.0840009801	0.1182023454	0.0126664243	0.148908817	0.0158693591	-0.0882951706	-0.0517084587	0.0375182593	0.0074451909	0.0198576426	0.0913970807	-0.0798558525	0.0499031009	0.0530941879	0.0514926834	-0.0156786442	-0.0415791719	-0.0941895735	0.0508559307	-0.0022259499	-0.0577104841	-0.1356310719	0.0377716779	0.0092766296	0.1321197611	-0.1146685187	-0.0631735775	-0.0287209219	-0.0283026663	0.0713594785	0.0477205105	0.0778168138	-0.130020184	0.0500308711	-0.1454158999	0.0045547843	0.0657895828	0.0977835845	0.0714277178	-0.1016143315	-0.0961462942	0.0114743872	0.0091232662	-0.1997121144	-0.0575439874	0.0768415917	0.0430874213	0.1313155779	0.0339127265	-0.0362603614	0.0898206732	0.0542384472	-0.0537392731	0.0538698906	-0.2095404839	-0.1620393066	0.005698456	-0.012095003	0.1108072391	0.0333897533	-0.0873354262	-0.0872230037	0.0648551416	-0.0160860001	0.0148556449	-0.057601421	0.0376399181	-0.1954483335	0.0098752568	-0.0202082955	0.0316961013	-0.0660499702	-0.1141391607	0.0606803104	0.007507612	0.1169431708	0.0294043237	0.0495320813	-0.0649606898	-0.0889134957	-0.144028902	0.0559451784	-0.0519964133	-0.0847897246	0.0798477175	-0.0086900757	0.1052960035	0.0232721427	0.0311401383	-0.0625879298	0.0848010078	-0.0002689178	0.0949794632	0.082477281	0.0966698152	0.0982335655	0.0351355522	-0.1925275754	-0.0187006887	-0.0178932438	0.0308659613	-0.0271815516	-0.0735886303	0.1035488608	0.0935932589	0.091924016	-0.1009026304	0.2039768009	-0.1935696992	0.0833245387	-0.0804732827	0.1752136956	0.0139903026	-0.1023067888	-0.0409960724	0.091485117	0.0	0.0	-0.1134711843175892	-0.019037295002917	0.0128757096704363	0.000362418601028	0.1366069828009557	-0.0052174804865216	0.0186614677499806	2.7222102627234515e-05	-0.2602870102584944	-0.0532625997631654	0.0677493277093055	0.0028369045335311	0.0049588122266293	0.0011426949079501	2.458981869896824e-05	1.305751652655088e-06	-0.0002797128602312	-0.0008969989915705	7.823928417871883e-08	8.046071908784938e-07	-0.0014968175785401	0.000451869917083	2.041864219646876e-07	2.2404628634266484e-06	0.0	0.0
68.7944540654438	0.1633923085237825	0.0266970464847309	4732.676910162457	78.8702398372251	0.143967667291335	0.0207266892253085	6220.51473198141	71.66298795402597	0.0334456470034467	5135.583842498871	0.0011186113034791	74.50746514460798	61.82316816666258	1.06129	29.474913	0.2534543835814546	0.1099124344296686	-0.0301536806	0.0801871322	0.0821448657	-0.1220833799	-0.0718641771	0.0684618758	0.1529138337	-0.0008365867	-0.1365083954	-0.0549737214	0.0948877404	0.0703537231	-0.0047873459	0.0334364992	-0.0015312888	0.062654244	-0.0506847835	-0.0223227211	0.0494553761	-0.0295948925	-0.0310947875	-0.1050423302	0.0396787736	-0.1208824594	0.0502590036	-0.0324430198	-0.0172056035	0.0841454627	-0.0495178753	0.0217359778	0.0459720089	0.011507868	-0.1138923517	0.0084718885	-0.1210713222	0.0957412105	0.1720440805	0.0020791977	-0.1345254142	-0.0620537881	-0.00387495	0.05099024	0.1340075658	-0.0577731664	-0.00895613	0.1624394027	0.0948778205	-0.022263095	-0.0680722154	-0.0419527158	0.0410901117	0.0087819203	-0.0681335296	0.1802295714	0.045685511	-0.0626073495	-0.1097884506	-0.0911827444	0.1459332403	0.0589230443	0.0925635058	-0.1198890059	-0.0975878329	0.0223928133	0.0005423718	-0.0296174166	-0.0956202206	-0.0187659959	0.1006139913	-0.0054476376	-0.0892433968	-0.0517498086	-0.0372979724	0.0133393719	0.0776270597	-0.0587458976	0.0305827876	0.0959078036	0.1104877017	0.0144779012	0.081069748	0.0034617298	0.100212317	0.0563351695	-0.041377996	-0.0978349738	0.1254675587	-0.0215498464	0.0991194943	0.0871885897	0.0002057351	0.0251690515	-0.0861802417	-0.0322681312	0.0517776608	-0.0576247107	0.0604595176	-0.0565587283	-0.1531938282	-0.0053039222	0.1082208974	-0.0308050875	0.0965188675	-0.1767114191	-0.0831918918	0.0470368104	0.0140639064	-0.0527944672	-0.1256631732	-0.0902714457	0.0840481507	-0.1474484286	0.021426947	-0.1317235752	0.19690634	0.0067469854	0.0489207481	0.0985108843	0.0788532053	0.0627600578	-0.0470465414	-0.0292509643	-0.107792897	-0.1215861466	-0.0310178324	-0.2422361327	0.1213497087	-0.00914585	0.0508651584	0.0156011107	-0.0577029663	-0.1689823107	-0.0875935013	0.0602701125	0.0440415733	-0.0733133639	-0.0484098742	0.0071618593	-0.0971188354	-0.0673667283	-0.1254272118	0.0655225387	0.0149758355	-0.0373293985	0.0549319907	-0.0495640861	0.0635719248	0.111087407	-0.0426769744	-0.0217546986	0.1755193482	-0.0454393935	0.1308094569	0.0487068389	-0.1254152805	0.1208458418	-0.0706932323	-0.0340248748	-0.0026289764	-0.0479226224	0.0516091736	0.0735285074	-0.1169022668	-0.0163578353	-0.0066268042	0.0592790395	-0.0497304072	-0.1992400301	0.0808174261	0.1838967967	-0.0679204633	0.0458599806	-0.1029183731	-0.1194462554	-0.1086906644	0.0202483741	-0.0851328845	0.0024186389	0.0112586233	0.1570027146	0.2422453209	-0.0022080544	0.0707043118	0.1637454914	-0.1401311927	-0.163315851	-0.1490069679	-0.0916676963	-0.1998615455	0.0436350905	0.012133754	-0.1032218959	-0.0357652936	0.0950338178	0.0	0.0	-0.060716165875462	0.0527550184421272	0.0036864527986166	0.0027830919708291	0.1498786210018039	0.0132716382008482	0.0224636010334023	0.0001761363805342	-0.2311317591407302	0.0291552511177641	0.0534218900834885	0.0008500286677398	0.0036980709000837	-0.0012607413265456	1.3675728382045868e-05	1.5894686924599596e-06	0.0004219588090792	0.0007016716693104	1.7804923655953677e-07	4.923431315128434e-07	-0.0002937810579818	0.0012030365205583	1.447296869797021e-06	8.630731002890573e-08	0.0	0.0
68.72099400259036	-0.0734600628534423	0.0053963808344316	4722.5750167040605	78.86116925782936	-0.0090705793957397	8.227541057441834e-05	6219.08401671201	71.77003332453036	0.1070453705043945	5150.937683404199	0.0114587113464231	74.43149411348114	62.15832773077288	1.10883	30.795218	0.1387439356191991	0.0751354551567538	-0.0652928957	0.0703636253	0.0804235275	-0.0920285504	-0.0666527304	-0.0047666506	0.1487752973	-0.004617496	-0.1695704226	-0.0231390422	0.1051225207	0.0203329273	0.0387481352	-0.0584651249	0.0992978089	-0.0416163867	0.1421897903	0.0210461508	-0.0627192523	-0.025355573	-0.089048929	-0.137620941	-0.0811160474	-0.0536275919	0.1066281565	0.1041702315	0.0208534166	0.0957074421	0.0653382636	0.1231927425	-0.2395153111	0.0681287365	-0.0118141152	-0.0886378898	0.0856359943	0.0387148556	-0.0766437753	-0.0101778892	-0.0429741805	0.2041562684	0.0843103909	-0.0407340617	0.0153084851	0.0092920182	-0.0006367613	0.0602556343	0.0311290655	-0.0558636112	0.0254946958	-0.0281537177	0.0231698554	0.0900843343	-0.2084763896	-0.0131740083	-0.0778494831	0.0212429687	0.1005342046	0.0323831343	0.08011098	-0.0349344467	-0.0539898913	0.0313965118	0.0585644858	0.0054336662	0.0127563065	-0.0110051467	-0.0836674646	-0.0350424265	0.0372198972	-0.0707037592	0.0863958904	-0.1166567182	-0.0364308914	0.0063431367	0.0824336328	0.1261852276	0.0178364236	-0.0807549427	-0.085663594	0.0039241902	-0.0560781956	-0.1094223095	-0.1183138014	0.0314378888	0.0335867493	0.1229403335	-0.0681279679	0.0368502382	0.0473542658	0.0175405701	-0.0362559994	-0.1069926904	-0.0135089272	0.098187908	-0.0294299554	-0.0742124913	0.1295512255	-0.084178859	-0.1542558062	-0.0184313768	0.1092219181	-0.0909340076	-0.0758380448	0.0008433149	-0.160826248	-0.0535587652	0.1726849976	0.2809737265	0.0032451838	-0.0419040343	-0.0485248557	0.0248231666	0.0564996748	-0.1035632812	-0.0524067409	0.1148130899	-0.0308497404	0.1842690866	-0.0875591367	-0.1174613497	-0.0681133825	0.0349014046	-0.2286291199	-0.0531262893	-0.0337737441	-0.0348434828	-0.2042456339	-0.1712838663	-0.052498678	-0.0617567867	0.4036756155	-0.0320295249	0.0058740213	0.0693920865	-0.0613536288	0.0014266851	0.0105599407	0.0764137638	0.041650632	0.0300671109	-0.0375621236	-0.0797913655	-0.0481993782	-0.0432589956	0.1214638369	-0.000520117	-0.1076273309	-0.015859745	-0.0783146949	7.34674e-05	0.0279708411	-0.0799671673	-0.0810632704	0.0217418618	0.0534423238	-0.1471975312	0.0032264418	0.0905828036	0.0329086465	-0.0075004919	0.0031182022	0.0287497239	0.0992327148	0.0395742048	-0.0489374961	-0.008889838	-0.1376763541	-0.1402430447	0.0962989661	0.0147763634	0.2610997075	-0.232437328	-0.2558478614	-0.0645440488	0.0970459124	-0.1509606958	0.3680262523	0.1078206408	-0.2610962575	0.1911675605	-0.2854863552	-0.0778137489	0.1891940025	-0.0410211123	-0.0760403401	-0.0217018537	0.0930220794	-0.1822379691	-0.0232617551	-0.0344885943	0.0102734258	-0.1040084014	-0.0304342698	0.0981090648	0.0	0.0	-0.0687848188259465	-0.0080686529504845	0.0047313513009182	6.510316043536233e-05	0.1469752253566554	-0.0029033956451485	0.0216017168686396	8.429706272267397e-06	-0.2316730138990763	-0.000541254758346	0.0536723853690816	2.929567134322942e-07	0.0044023343613401	0.0007042634612563	1.9380547829035747e-05	4.959870228608447e-07	0.0012952309403138	0.0008732721312346	1.6776231887461705e-06	7.626042151910205e-07	-0.0012608581107952	-0.0009670770528133	9.352380260782516e-07	1.5897631755580407e-06	0.0	0.0
68.4993279392405	-0.2216660633498577	0.0491358436410231	4692.157928127615	78.21234646231629	-0.6488227955130697	0.4209710199773946	6117.171139141399	71.72981099907412	-0.0402223254562414	5145.165785962894	0.0016178354651078	74.27912820596262	61.02412712481952	1.05636	29.337975	0.1623992670246844	0.075705007232386	-0.0703810187	-0.0756027632	0.0414434174	-0.1344743193	0.0697767473	-0.006394814	-0.0445562284	0.077911082	-0.0570958374	0.0377810357	0.2218205618	-0.0607213532	-0.0890238541	0.1196802549	0.1553770774	-0.2260907077	-0.0558550073	-0.0669898856	-0.0426689792	-0.0011244653	-0.0021026873	0.0408271381	-0.0214820278	-0.0463768266	0.0240981621	0.0254762837	0.0197451405	0.0171949885	-0.1103808837	-0.0731283008	-0.0433064876	-0.0016470376	0.1001795864	-0.0832491801	-0.0461494855	-0.0478324434	0.0922403917	0.0154323457	0.0729008842	0.0336331518	0.0451787655	-0.1077089452	0.2380750945	0.0222831906	0.0974351415	0.0274510631	0.007820348	0.0651185821	-0.0064228645	-0.0854467338	-0.0903230946	0.0190569456	0.0068557721	0.0751779693	-0.0064597367	0.0335252579	0.156584835	-0.0266353646	0.0394282333	0.028466255	-0.1427872902	0.0476011554	-0.1202340506	-0.0168369772	-0.0510257925	-0.0611335179	0.0521800291	-0.0326890614	-0.0749228037	0.0967503496	-0.0254048771	-0.101308568	-0.0486709491	0.0546591648	0.0344069816	-0.1996333018	-0.0260766063	0.0183304192	0.0132095401	-0.0087732278	-0.0156011274	0.0725971527	-0.0229886337	-0.0540571547	-0.0208205912	0.0202451938	-0.0648570358	-0.0781072023	-0.0358537205	-0.1467358045	-0.1565685126	-0.0757404608	0.1469309141	0.1146070651	-0.0454066366	0.0173950462	0.0470781444	0.0208636979	-0.1097309595	-0.0633561134	-0.1082410044	-0.0106109719	-0.1145939897	-0.0095595943	-0.032142557	-0.1784996471	0.0783854525	0.1574883078	0.1065550293	-0.028273026	0.0661915791	-0.0706465909	0.1530081124	0.0510504687	-0.0583792075	0.0649382119	-0.0383640136	-0.0135737042	-0.0062743889	-0.0433533183	-0.0976583556	0.0593998122	0.0919412993	-0.0722586403	-0.0132627723	0.1326884051	0.116856221	-0.1075409447	-0.1834368025	0.0785563946	0.1250164982	-0.0199364112	-0.1396840566	-0.1617255475	-0.0156756924	-0.0326634989	-0.1348617985	-0.0691151929	0.006101234	-0.1018160933	-0.1455907584	0.1037109088	0.0802544251	0.1365848878	0.0254704605	-0.0508347825	-0.0896387073	0.0616835006	0.2016287722	-0.0034135215	-0.166258261	-0.033046435	0.0183160621	0.0009748063	-0.0426665717	0.0266119049	0.0034268259	0.0097466464	0.0028188334	-0.0054213516	0.0953697556	-0.0142928397	-0.0672180123	0.0037048098	0.0272810637	-0.0060521022	-0.0867052608	-0.0835131136	-0.0422783374	-0.0803559375	0.2229186133	0.0150786346	0.020638716	-0.1656723011	0.1224099892	0.0690860934	0.1673157106	0.0693604535	-0.2896740991	0.0484896662	-0.1797994807	0.0493036019	-0.1550355365	0.0288388101	-0.0072694341	0.1062667039	0.0279670062	0.0845182168	0.2548400526	0.1085835913	0.0084098975	-0.1046653254	-0.0250179432	0.1006955375	0.0	0.0	-0.1183846969957613	-0.0495998781698148	0.0140149364827782	0.0024601479144604	0.1327426971705279	-0.0142325281861274	0.0176206236521064	0.0002025648585689	-0.2396920433822984	-0.0080190294832221	0.0574522756607816	6.43048338527855e-05	0.0041078385959903	-0.0002944957653498	1.6874337930707554e-05	8.67277558089648e-08	0.0007399404320014	-0.0005552905083124	5.475118429104184e-07	3.083475486218436e-07	-0.0022220284608434	-0.0009611703500482	9.238484418117792e-07	4.937410480798089e-06	0.0	0.0
68.48534469939639	-0.0139832398441086	0.0001955309965378	4690.242438595142	78.32150328991025	0.1091568275939636	0.0119152130103782	6134.257877591423	71.63795830350404	-0.0918526955700826	5131.997069894583	0.0084369176834902	74.25283108906167	60.94371379871626	1.062291	29.502691	0.1036932628891026	0.0516922734097865	0.1130976824	-0.0369734029	0.0234088871	-0.07533008	0.0533672695	-0.0694608502	-0.0283483361	0.0800495814	-0.0208034012	0.1466622036	0.1033336459	-0.1020707573	-0.0178118712	-0.0943596538	0.1457990981	0.005520737	-0.1382142809	-0.0283957799	0.0539292124	0.0516259494	1.55015e-05	-0.0394188954	-0.0582998824	0.0650348647	0.0394486163	-0.0224493868	-0.0650964209	-0.0232718793	0.0744856542	0.0718554259	0.0124740694	0.0421428827	-0.0864532751	-0.0048132156	-0.0072483291	-0.0014767142	-0.038413412	0.0852132906	0.0656360342	-0.060631575	-0.1014568122	0.0610174355	-0.0558428815	-0.0129949554	-0.1107820937	-0.0072329714	0.0985050015	-0.0117283006	0.0929348352	-0.0456211447	0.0839355842	0.1107835473	0.1078960423	-0.0427976663	-0.062090258	-0.0631103247	-0.0714887201	0.0263660836	0.0799726024	-0.0289996507	-0.0276033388	0.0700121456	0.0907130444	0.0174649464	0.0267344289	0.0380183806	-0.0426928634	-0.0552316845	0.1677976684	-0.055415043	0.1383359816	0.0021284346	0.0273921285	-0.0833695252	-0.1209803793	0.0529182154	0.0868813843	-0.0905968344	0.039749348	-0.0633989196	-0.1586748434	-0.0472620161	0.0629753796	0.1264540399	0.0432665221	-0.0353216113	-0.0049490275	0.0815975383	0.1720614368	-0.1070549249	-0.0736715417	0.1310148645	-0.0590509055	-0.0212567701	-0.0566136109	0.0408624191	-0.1065272207	0.118878572	-0.0676230523	0.0065358473	-0.0932835091	0.1163846544	-0.0373874213	0.0237413939	-0.12032725	-0.0583318776	0.0227056703	0.1440478137	-0.0549599822	0.0570740068	-0.064006824	-0.0057078102	0.0128277388	0.067609508	-0.0488327975	0.0626857629	-0.1338049711	5.87212e-05	0.1261892154	0.028171806	-0.0520011609	-0.0095619323	0.0931373877	0.1122963308	-0.0208478674	-0.0396413322	0.1269447092	-0.0029405393	0.0885951056	0.0814548246	0.0239149309	-0.0383109376	0.1478437675	-0.167253718	0.0313407024	-0.0868858782	-0.0147718108	0.0901334232	-0.1490716662	-0.0237430347	0.0086242278	-0.0708590797	-0.0469089654	0.0552813084	-0.0680533362	0.1420696987	0.003478068	-0.0370989255	-0.0938441111	-0.0131922507	0.050533554	0.0169186491	-0.0597475101	0.0492475522	-0.076197446	0.0484310451	0.0043768256	0.0971063961	-0.2057228978	0.1077141308	0.180706936	-0.0682572502	-0.0116053558	-0.0240473409	-0.0735875783	0.0252318349	-0.1002912039	0.030943239	-0.0663890317	0.0267571192	0.0391764066	0.0806499785	-0.0369221288	-0.0595868443	-0.0692560099	-0.0387282885	-0.0147748834	0.0180483006	0.0042245331	-0.0050766498	-0.0540868493	-0.0087679683	-0.1530293636	0.0821121239	0.0329133599	-0.0006612141	0.074040343	-0.1255627903	-0.1125876703	0.1000081914	0.0065437496	-0.1051918494	-0.0195314949	0.10278035	0.0	0.0	-0.0757814612889973	0.042603235706764	0.0057428298750957	0.001815035692686	0.1252899788298265	-0.0074527183407013	0.0156975787951783	5.554301066582674e-05	-0.2536481167376507	-0.0139560733553522	0.0643373671245568	0.0001947719834999	0.0040859716878179	-2.1866908172399856e-05	1.6695164633649455e-05	4.781616730201676e-10	0.0010718662326516	0.0003319258006501	1.1488972206987338e-06	1.1017473713727629e-07	-0.0017821964599403	0.000439832000903	1.9345218901842445e-07	3.1762242218237373e-06	0.0	0.0
68.41181264052439	-0.0735320588720043	0.0054069636819559	4680.176108762213	78.21613831852757	-0.1053649713826843	0.0111017771944738	6117.764293463037	71.51710024229978	-0.1208580612042595	5114.695627067154	0.0146066709580525	74.20979243558641	61.40928371409805	0.991624	27.540094	0.1504299143431501	0.072719171775365	0.0098489779	0.1405427894	-0.0140963813	-0.0859517985	0.0867553106	-0.0213131698	-0.1028978865	0.025537186	-0.0757170708	0.0704003493	-0.0332997371	-0.1513907186	-0.0352114862	0.0319335077	0.1419960246	-0.0534029801	-0.0216462701	-0.1010527812	0.0527471403	0.0080078182	-0.0069405213	0.0775836393	-0.0419123858	0.0135453341	-0.0114304596	0.0270629387	-0.024340699	-0.0020614094	-0.0480581435	0.0027891611	-0.0179098348	0.1359136023	-0.0557003987	-0.0042054198	-0.0622690027	0.0812247751	0.0238514234	-0.156504048	-0.007793356	0.0034536684	0.0428068953	0.0139460044	0.0252438966	-0.0860892367	-0.0029894899	-0.0525077186	0.0141041374	-0.0815352602	0.0112241319	-0.0433516119	-0.1101722823	-0.0227695201	0.0915670305	0.000194562	0.1124851794	0.1345652245	0.0667157958	-0.0192023446	-0.0034861517	-0.0567510154	0.0065000435	0.0306987331	0.0602704389	0.0384087169	-0.0731616499	0.0517491129	0.0014328174	-0.1566434241	-0.0531620222	0.0381509424	-0.0373880227	0.0208793982	0.0120836596	-0.120911455	-0.093941017	0.0513228411	-0.0620101193	0.0311092282	-0.1248202382	-0.0640459163	0.1055936707	0.0222884546	-0.1164556967	-0.0750944495	0.0295891225	0.0057981354	0.1137030653	0.0164760629	-0.0508008303	-0.0632815473	-0.0465105562	0.0115270781	-0.0681503208	0.0334761658	0.1089612012	-0.0084815138	-0.088302447	0.1149910381	-0.1211287603	-0.0457676246	0.0561388172	0.1375540951	-0.092898131	-0.0272918972	-0.0714895563	0.0942856893	0.0133512536	0.12042096	-0.1090314581	0.0780476858	-0.0690390706	-0.059394551	0.0513503756	0.0218579419	-0.017228463	0.0841897586	-0.1602673705	0.1532966614	0.0782874004	-0.0748107007	0.0243971433	-0.0655951207	0.0064302702	0.1195803537	0.0393497264	0.1115699811	0.1505542628	-0.0194370174	0.1244741517	0.0352369309	-0.0696148006	-0.0911035697	0.0049252109	0.0361222376	0.1065575337	0.0960110275	-0.1645060142	-0.0072132124	-0.0447033007	0.0207041814	0.1442227602	0.077737875	0.0455580193	0.1585688693	-0.0993471414	0.0876266181	-0.0910588807	-0.0440429228	-0.0180136376	0.1235817111	0.0324423046	0.0817371187	-0.1044227947	-0.0356681549	0.031722599	-0.0454416026	-0.0099071633	-0.0542899595	0.1620557495	-0.0811682491	-0.0394484568	0.0581267243	-0.0169320528	0.0507057712	0.2007167888	0.0212446971	-0.1382799286	-0.0740320177	0.0798646405	0.0269284427	-0.0209195861	0.026423672	-0.1606187448	-0.0357355732	0.0041452738	-0.0434791692	0.0347889377	0.1089366883	-0.0055240947	-0.0148404398	-0.0246718876	0.0728040653	-0.1083428214	0.0089824064	0.0649068451	0.1131894322	0.0240430008	-0.0026511304	-0.0225948395	0.0812318357	0.0046755634	-0.1055873175	-0.0139903026	0.104353116	0.0	0.0	-0.0866710534154435	-0.0108895921264461	0.0075118715001426	0.0001185832166803	0.1652008903098476	0.0399109114800211	0.0272913341591663	0.001592880855166	-0.2178901464486529	0.0357579702889978	0.0474761159194154	0.0012786324391888	0.0046970755819886	0.0006111038941707	2.2062519022913545e-05	3.734479694705943e-07	0.0017308106061748	0.0006589443735232	2.9957053544471785e-06	4.342076873978826e-07	-0.0017895770012001	-7.380541259799974e-06	5.4472389287609784e-11	3.2025858432243427e-06	0.0	0.0
68.5434513639172	0.1316387233928111	0.017328753496489	4698.204724877683	78.46579049631606	0.2496521777884908	0.0623262098745362	6156.880278211764	71.46998630751163	-0.0471139347881433	5107.9589427959	0.0022197228512214	74.30909243886894	61.47812617147291	0.97032	26.948412	0.1507043402298273	0.0724147924233633	-0.110173972	0.0390591259	-0.0144980305	-0.1201992851	-0.0328634776	-0.0502665891	0.002717022	0.0091947754	-0.0906186898	-0.0300668782	-0.0071883872	-0.1257047333	0.049958673	0.1350261598	0.0848447505	0.1632927853	-0.0921416761	-0.1222139824	-0.0277853161	-0.123751142	-0.0809702992	-0.0144204804	-0.04824571	-0.1421146023	0.0096844582	0.1181586108	0.0451578844	0.0407097351	-0.0294042386	-0.009471906	-0.0080963474	-0.0725581288	-0.0205159067	-0.0376466672	-0.0887954992	0.1020357489	-0.1311447732	-0.0693060571	0.0134095215	0.1123708881	0.0673361037	-0.0079683468	-0.0461078352	-0.1662186233	-0.0039200192	0.0028996719	-0.0514771856	-0.0300079223	0.0052712557	0.0215731763	-0.0559360171	0.050137272	0.0231282946	-0.0562231198	0.0782330421	0.126576432	-0.0956274527	0.0887806013	-0.0314042311	-0.1059984414	0.1611558254	0.0651558324	0.0203401153	-0.0967944632	0.1296547061	0.1503600472	0.0784546086	-0.1372482531	0.0113860551	-0.0639146925	0.0787722826	0.0608797956	-0.0706842499	0.0583733327	-0.0498403963	-0.0904934614	0.0803065777	0.1564807834	-0.0012012349	-0.0145186643	-0.0077088532	-0.0182801378	0.1324222274	0.0003629811	-0.0406120025	0.072310083	-0.0388508997	-0.072788546	-0.0737360865	-0.06140552	0.1012273012	-0.0050224544	0.0631638421	0.09241738	-0.0447912495	0.0156444867	-0.0463084062	-0.0142360452	-0.1174359743	-0.1392811101	0.0226432218	0.0471032486	-0.0499985777	-0.0212008968	-0.0299462138	0.0711669507	-0.0803126155	0.0756313877	-0.0450001376	0.0517538979	-0.1080411037	-0.0125458716	0.0201329656	0.0433166949	-0.0031096092	0.0077723295	-0.1239543306	0.0437915858	0.038541525	0.1031836462	0.0965324224	0.0292147227	-0.0009904912	0.1285254701	-0.0872385603	-0.0158108002	0.1353599898	0.1408372231	0.014031194	-0.026844877	-0.0667669318	-0.1036998552	0.1039996499	0.0625558947	-0.0689152885	-0.0372854718	-0.0662447235	0.1000779771	-0.0049387279	0.0821622242	0.0576438025	0.0683524961	0.034853685	0.0424357435	-0.0608350063	-0.0807917439	-0.0563241444	-0.0751159582	-0.0322932545	-0.001612089	0.0519137897	0.1198334357	-0.0703653366	0.0375733599	0.0066888617	-0.0386099111	0.117063487	-0.0552536851	0.2334337429	-0.0508637035	0.0288588172	0.0209699405	0.0817723187	-0.0324956397	-0.0878817481	-0.0667953391	0.0102680423	-0.1092376391	0.0781469596	-0.0747166036	-0.0140398714	0.0269628113	0.0237761308	0.065535903	-0.1275343557	-0.0524731781	-0.0566411725	0.0634241349	0.1154058991	0.0586134627	-0.0547786095	-0.0045947837	-0.0213340104	0.1241229286	-0.0545188088	0.0542786851	-0.106847185	0.0149913059	-0.0460360187	0.0517310841	0.0028059207	-0.1058512369	-0.0084098975	0.1054060001	0.0	0.0	-0.1167477139842958	-0.0300766605688523	0.0136300287205589	0.0009046055109739	0.1754173292970051	0.0102164389871574	0.0307712394176939	0.0001043756255783	-0.1878188120316153	0.0300713344170376	0.0352759061529672	0.0009042851536213	0.0045029871456621	-0.0001940884363264	2.027689323399811e-05	3.7670321115665643e-08	0.000646714752853	-0.0010840958533218	4.18239971557717e-07	1.1752638191895214e-06	-0.0014609631657128	0.0003286138354872	1.0798705287367425e-07	2.1344133715695663e-06	0.0	0.0
68.56187082265646	0.0184194587392596	0.0003392764602472	4700.730130702631	78.50917454930239	0.043384052986326	0.0018821760535203	6163.69048841283	71.5416705280269	0.0716842205152659	5118.210621940752	0.0051386274708812	74.31340621948597	60.7584199076914	0.933257	25.919073	0.1299690332105414	0.0582439316054471	-0.0669090997	-0.0906752212	0.0315797374	-0.0427252004	0.0315190234	0.1181531115	0.009545274	0.0573348578	0.0396370525	-0.1013361521	0.1119625389	-0.0957684475	-0.0147650508	0.0556963445	-0.1932835342	0.0060948372	-0.0224984437	-0.0431581041	-0.0421820202	0.0087244901	0.0477586046	-0.0115848667	0.033152907	-0.1134895619	-0.0460226291	0.0126910843	-0.0261741098	-0.0090643336	0.0317427348	0.0048518699	0.0971898614	0.1478007668	0.1629650328	0.0131060136	-0.0616735561	-0.0376690776	-0.0779318492	0.0340536395	-0.0764665113	0.015267402	-0.0531585647	0.0476323033	0.0582930812	-0.183375057	0.017445131	0.0749987187	-0.1686988471	-0.0037160447	-0.0233342997	0.0762228602	0.0936884108	0.0405190327	0.0909935073	-0.1069268425	-0.0768128942	-0.0686023588	-0.1830443017	0.0473573956	-0.096021154	-0.0995364075	-0.103894693	-0.077111302	-0.0249405419	-0.0303773943	-0.0384410769	-0.0991267305	-0.0156601187	-0.0042725558	-0.042929951	-0.0418835444	0.0299587206	0.014119831	-0.0931036004	-0.0887030798	-0.1371622686	-0.0389867496	-0.1031045274	-0.108174495	-0.0441584682	-0.0617068272	-0.0556824162	-0.052073542	0.02943051	0.0306329489	-0.0047357027	0.0195294052	-0.0893398988	-0.0374486979	-0.0297367496	0.1962079773	0.0043088387	-0.0117114784	0.1066502984	0.0728280394	-0.1475635527	0.0059707765	0.0105703791	-0.0731314955	-0.0791453852	-0.1083656213	-0.066185312	0.0570115133	-0.0149869427	0.0730431012	-0.0578905513	-0.0023802866	0.0004010122	-0.0367175043	-0.0699447984	0.0706316427	-0.0533553489	-0.0066474128	0.0886396953	0.1218662774	0.120090708	-0.0716463961	0.0554923676	0.0770852402	-0.0340083815	0.1325074392	0.0701992016	-0.0809187787	0.0117861408	-0.1689336689	-0.0578113191	-0.0030745216	0.0752238471	0.1321621059	-0.0319470537	-0.0053746539	0.0969316127	-0.002263079	0.022647679	0.077479257	-0.0760861387	0.1791202568	0.0531430991	-0.0017517726	0.0695964501	-0.0864447662	0.041135494	0.0074596665	-0.1047228896	-0.0286186205	-0.0685079201	-0.0330214351	0.0766494873	0.055434675	-0.0267656621	0.0817834048	-0.0259240605	-0.0091705833	-0.0787332822	0.0358639151	-0.1284400762	0.0169553415	0.1134635957	0.0249298229	-0.0113591099	0.0248763093	0.0360444018	-0.1099842186	-0.0368278235	0.0720349269	-0.0792689996	-0.1289030298	0.0932318626	-0.0909213113	-0.0741370563	-0.063233796	0.0069021048	0.0411625121	-0.0637811776	0.0015201074	-0.0899675299	0.0715816482	0.0251332436	0.0056224352	0.0220766337	0.0992042237	0.0098706577	0.0443114457	-0.1163000386	0.0288501649	0.0771929934	0.1465249311	0.0037097327	0.0307488685	0.0076135645	-0.0394303822	0.000935404	-0.1059832789	-0.0028059207	0.1059337567	0.0	0.0	-0.0921337349361977	0.0246139790480981	0.0084886251132935	0.0006058479645802	0.1528264381068425	-0.0225908911901626	0.0233559201844245	0.0005103483647657	-0.203211991638966	-0.0153931796073507	0.0412951135458751	0.0002369499784241	0.0051982888610838	0.0006953017154216	2.7022207083267915e-05	4.834444754683586e-07	0.000759806080437	0.0001130913275839	5.773052798690369e-07	1.2789648374711581e-08	-0.0019999897900057	-0.0005390266242928	2.9054970169659904e-07	3.999959160127044e-06	0.0	0.0
68.60613415978001	0.044263337123553	0.0019592430133133	4706.801644349734	78.67040530470915	0.1612307554067626	0.0259953564890353	6189.03267080721	71.66906203698674	0.127391508959846	5136.454453261455	0.0162285965550665	74.39671648677746	60.77271461916399	0.945279	26.252966	0.0518823914238349	0.0332772511775927	0.0675699128	-0.1050195202	0.0413076281	-0.003254118	-0.1236951706	-0.0684961251	0.1216933745	0.0289455586	0.1113477799	0.0097843605	0.0150230213	-0.1648985694	-0.0727491169	-0.1494907809	0.0126599363	0.1102960695	0.1407668796	0.0516616733	-0.0137426971	-0.0433696409	-0.0489428667	-0.1224769617	0.0546815331	-0.0513768178	-0.0887050189	-0.0414623243	0.0184392782	0.0145637015	0.0147425335	0.05536503	-0.0329302982	0.1035695553	-0.0937869601	-0.0358013794	-0.1124282585	-0.1045059319	-0.0306353926	0.0026541753	-0.0016537599	-0.0190145013	0.0006605273	0.0459599118	0.053900682	-0.012001458	0.0305541578	0.0685332939	-0.0943810191	-0.0129024122	-0.0413921666	0.0649804422	-0.0333146622	-0.15746912	0.0527044381	-0.0144754142	0.112238956	-0.0829037311	-0.0112945383	0.1488596587	-0.0588283617	0.030358367	-0.0779744375	-0.073606347	-0.0263307002	0.0971628731	0.0502796591	-0.1324737091	0.0467615993	-0.0514458012	-0.0261855002	-0.0397173722	0.0126494221	-0.0023923006	-0.1351624978	0.0046281111	-0.0839507314	-0.1532863833	0.1281759923	0.0931829152	0.0114151568	0.0020912638	0.0196943719	0.0377723954	-0.1072812366	0.0678252872	0.1093034292	0.0945387476	0.0179619732	0.0540856919	0.0441390695	0.1179446271	0.1913297189	-0.0352332398	-0.0603036321	0.0170908955	0.0286547581	0.0235982185	-0.022124686	-0.0984575488	-0.0662197791	0.0167110029	-0.0403606598	-0.0008164171	0.0174784188	0.140523513	-0.0718786227	0.0456993443	0.0012934124	-0.0008800746	-0.0630107334	0.0832611338	0.077810565	0.0135662147	0.0609609762	-0.0738746605	0.1197022959	-0.0668697167	0.0631336483	-0.0386694127	-0.0135113789	0.1048794932	0.007454183	-0.0833021299	0.1032276401	-0.1095793116	0.0740106444	-0.0349321506	-0.0089172892	0.0433094571	-0.0405518899	-0.0045300891	0.1119760907	0.004802587	0.0585788577	0.0921448368	-0.080403474	0.1306942049	-0.0190744565	0.0007796375	-0.0988379628	0.0018148446	0.1885996787	0.0042838961	-0.0762283362	-0.0390491014	-0.0159428745	0.0361970916	0.0730574068	0.1577835831	-0.0121142813	-0.1128560147	0.001555237	-0.0510585346	-0.0393187387	0.0778966858	0.103774039	0.0539116401	-0.0495632658	-0.016634343	0.0643777022	0.0747711703	-0.0758103014	-0.0441175344	-0.0672724177	0.0544595838	0.0981598117	0.0834319595	0.0659500747	-0.0311189625	-0.1130727218	0.0286731959	0.0074349625	-0.0572873938	-0.0193776161	0.1071380293	-0.1173669944	0.0181800634	-0.0427823476	0.1251305117	-0.0255896115	-0.0551671818	0.0532276137	0.0130391319	-0.0956402013	0.0484970655	0.0175048364	0.0738060564	-0.0580441941	-0.0446882501	-0.0115911776	-0.0295337989	-0.000935404	-0.1059832789	0.0028059207	0.1059337567	0.0	0.0	-0.0872439576002648	0.0048897773359329	0.0076115081377568	2.390992239500309e-05	0.1581837738065559	0.0053573356997134	0.0250221062956836	2.870104579942385e-05	-0.2337809511570796	-0.0305689595181135	0.0546535331239088	0.00093446128602	0.005224099070374	2.58102092902e-05	2.7291211097082496e-05	6.661669036039262e-10	0.0005662866574622	-0.0001935194229748	3.20680578419711e-07	3.744976706849955e-08	-0.0019979930448692	1.996745136500014e-06	3.986991140136459e-12	3.991976207345697e-06	0.0	0.0
68.64513073949753	0.0389965797175193	0.0015207332296648	4712.1539742427085	78.58864731844082	-0.0817579862683288	0.0066843683186522	6176.175487342275	71.70718572774065	0.0381236907539062	5141.920484992693	0.0014534157966994	74.42923167261364	60.82857362981622	0.887136	24.638174	0.0541296203393706	0.0260773291155534	0.0959491132	-0.0225331019	0.0223483163	-0.029545152	-0.0056697517	-0.0731328198	0.069997928	-0.0069087221	0.0651340108	0.0558121956	0.0671799403	-0.0814485113	0.0398638825	-0.039708036	0.002723901	0.0521962014	0.0559308561	0.0459649577	-0.0270250571	-0.055744858	0.0039865627	-0.0458038294	0.1130467614	0.1159839197	0.1123336923	-0.0089594051	-0.0293169437	-0.133836886	0.0531393718	0.0277514791	-0.0755168033	-0.0081504724	0.0905643798	-0.0703540504	0.113607644	0.0703635696	0.0581583192	-0.0714233549	-0.0010758301	-0.1204470991	0.0473591462	-0.140656221	-0.1299410926	0.0359723276	-0.0965053374	0.0341137641	-0.0350125345	0.0354536703	-0.0309766523	0.1084476389	0.0154561286	-0.1236694051	-0.0703429507	-0.0738670585	0.0230039637	0.0001718412	0.0026315829	-0.0231862518	0.0609398241	-0.0771652778	-0.0710316224	0.0783317086	0.0097568004	-0.1172159953	-0.0852976137	-0.0686443316	0.0455726996	-0.0216943987	0.0231033252	0.0319029488	0.0129928349	-0.0923191746	-0.0773914489	0.0165665703	0.0961366072	0.1276061592	0.0383572104	0.0481957629	-0.0871429628	0.0465775727	-0.0958800507	-0.050556215	0.0519813332	0.0124032644	-0.0320615898	-0.071048096	0.0942381837	-0.0604447839	-0.0676641698	0.0112281692	0.0072327064	-0.0505580576	-0.0357418433	0.0286133518	-0.0161143541	0.0725508737	-0.1381903916	0.0091347361	-0.0454107186	0.0670142213	-0.043663874	-0.0111451679	0.06168029	0.1044379338	-0.0358277382	0.1217689893	-0.0277484664	0.0873727833	0.014312819	0.0789735075	0.0515165115	0.0250540671	0.1013024926	-0.0346487753	0.0307283869	-0.0407192042	0.1201434592	-0.0399107499	0.053696397	-0.0507207278	-0.100647697	0.0847217318	0.0871488123	0.0374452969	0.0942175012	0.041395272	-0.1675849988	-0.054009672	-0.0221144793	-0.0914979663	-0.1655925014	-0.1252013911	0.0628938655	-0.0676174724	-0.0353004171	0.0252310655	-0.0692109293	0.0349034597	0.0337296744	-0.0411435298	0.0625832775	-0.0002210586	-0.0357148068	-0.0768453248	0.0399390516	-0.0599555515	-0.0177646164	0.0184042892	0.0135099732	-0.0797217396	-0.0600117886	0.0071417533	-0.0148364158	0.0969966683	-0.1353893403	-0.0652791065	-0.0698419679	-0.1369235744	0.0153518359	-0.0448124443	-0.1670739297	-0.0673366323	0.0405219934	-0.0377527995	-0.0703440342	-0.0043722167	-0.057628188	0.0371634414	-0.0766306119	-0.0119884727	0.0191957184	-0.0925939377	-0.0063978788	0.0663286267	-0.0853111402	0.0596318965	-0.0561337198	0.0196107267	0.0325299785	-0.0124009604	0.0060136442	-0.0339621823	-0.029984891	0.1148199938	0.0645515754	0.0416058751	0.0560190885	-0.1070830104	0.0597606993	-0.0773723337	-0.0028059207	-0.1058512369	0.0084098975	0.1054060001	0.0	0.0	-0.0804528918312001	0.0067910657690647	0.0064726678040027	4.611857427976232e-05	0.1545398493215515	-0.0036439244850044	0.0238825650283278	1.3278185652414715e-05	-0.2212455989166031	0.0125353522404765	0.0489496150399664	0.0001571350557928	0.0049619307292522	-0.0002621683411218	2.462075656189727e-05	6.873223908655659e-08	0.0009120897418242	0.000345803084362	8.319076971409358e-07	1.195797731542725e-07	-0.0019827789134565	1.5214131412700106e-05	2.3146979464290806e-10	3.931412219647738e-06	0.0	0.0
68.74489832931212	0.09976758981459	0.0099535719774122	4725.86104630746	78.70935856187066	0.120711243429838	0.0145712042903776	6195.163125221122	71.84868229857278	0.1414965708321318	5162.233148041246	0.0200212795572525	74.49200076554484	61.00759902362504	0.842299	23.392912	0.077404598556088	0.0443484973018192	0.0883579177	-0.0257554802	0.0155674799	-0.0165160601	0.0292598803	-0.1194065014	0.0636757163	-0.0183482677	0.1103499394	0.0931866893	0.0675494305	-0.0481080577	0.1961248451	-0.0653546295	-0.0995548668	0.0179127262	0.022182138	-0.0483684553	-0.0747407797	-0.0348571296	0.0121189389	0.0158866866	0.0152342604	0.1028730818	0.0697374651	-0.0503734895	-0.0027236743	0.0650916801	-0.0356107662	0.1755520955	-0.0378729346	0.1390878271	0.0067707145	-0.0623442261	-0.0802708561	-0.0419541352	0.1727783933	-0.0659898157	0.0348855898	-0.0571422882	-0.0010855967	0.0725215407	0.0334685907	0.1584393336	-0.0221608083	0.1043839712	0.1061625485	0.1187968433	-0.0430163429	-0.0147180498	-0.0866241301	-0.089810418	0.1085916715	0.0008734573	-0.0619855852	-0.052683068	0.069885056	0.0399966792	0.0870567601	-0.1206879959	-0.1079956007	-0.008946959	0.0242254143	0.0511681381	0.0137297942	-0.0115315207	-0.1916960851	0.0090612441	-0.0222925506	-0.0859677596	0.0247877618	0.0009310318	-0.0465037956	-0.0052275264	0.1083655937	0.1046452764	-0.0863653422	0.0286150398	-0.0453033212	0.0028063874	0.1279876245	-0.0722443424	-0.0200260281	-0.0857422256	0.0495228773	-0.0364029182	-0.0217033579	-0.0960236214	-0.0431958024	0.0606001764	-0.0758278755	0.0852736045	0.0955284186	-0.0871684848	0.0561156462	-0.0842422786	-0.0182854099	0.0776436779	-0.0205375007	0.0569340219	-0.1061975219	-0.0413023131	0.1037232743	0.0425715379	-0.0537819642	0.1450462147	-0.0285430226	0.0144905885	0.0401117903	-0.0118240993	0.0060168001	-0.0413551518	0.1063489519	-0.0502688853	-0.0450104551	-0.0023534864	0.0559278612	-0.0046361384	-0.0758618373	-0.0090096773	-0.0411701719	0.1339064261	0.0754536787	-0.0083173712	0.1608834513	0.0413660007	-0.1037762538	-0.1182685303	-0.0452671762	0.023505976	-0.1073678163	-0.0843497387	0.0452825738	-0.0177673254	0.0263322954	-0.0557383525	0.0378616964	-0.0079900155	-0.0193232831	-0.1531030598	-0.0210936928	-0.0383319335	-0.0413795317	-0.0201678682	0.0269509642	0.0346864271	0.0560806854	-0.0907490741	0.0661747508	-0.1604558715	-0.0247313666	0.1139508095	0.0689148947	0.0811615096	0.032633252	0.0092607228	-0.0518443093	-0.0119059202	-0.0152315408	-0.0996530989	-0.1150466881	-0.0431456656	-0.0158745289	-0.0600070456	0.068127317	-0.1530347778	-0.0681492923	0.0413881131	-0.0551218521	-0.0325644269	-0.0516424242	-0.0007139026	0.0272926972	0.0396280462	-0.1637992917	-0.00351197	-0.0872412101	0.0791435628	-0.0356431556	-0.0269040975	-0.0516307388	-0.1169000939	-0.0595921783	0.0395204807	0.0189724074	-0.0870253565	-0.0340817269	-0.1061095715	0.0703860793	-0.0605496257	-0.0046755634	-0.1055873175	0.0139903026	0.104353116	0.0	0.0	-0.1083925467190738	-0.0279396548878737	0.0117489441842465	0.0007806243152534	0.1512166824874867	-0.0033231668340647	0.0228664850625213	1.104343780702812e-05	-0.2298372763456626	-0.0085916774290595	0.0528251735979924	7.38169210450105e-05	0.0043278256826687	-0.0006341050465835	1.87300751395668e-05	4.020892101026631e-07	0.0008116816709722	-0.000100408070852	6.588271349922227e-07	1.0081780692220254e-08	-0.0019992677841228	-1.6488870666300174e-05	2.7188285584997435e-10	3.997071672631291e-06	0.0	0.0
68.71965342711728	-0.0252449021948422	0.0006373050868271	4722.390767143112	78.55112347214721	-0.1582350897234476	0.0250383436197875	6170.278998736517	71.73582580986373	-0.1128564887090561	5146.028704623111	0.0127365870437373	74.42861965208557	60.9018133272689	0.856913	23.798803	0.0626161015606096	0.0315323824766775	0.078932145	-0.0304849396	0.0137360092	0.0265418742	-0.0598995469	-0.0501300736	0.0282844906	-0.0332563631	0.0551769333	-0.0073512122	-0.0243073696	-0.0149099822	0.000622964	0.0772490603	0.0021812704	0.0184425934	-0.0480329303	-0.0569308188	-0.0773803511	0.0122618216	-0.0382925358	0.1181078357	-0.0192772483	-0.0394520281	0.010238976	-0.002433233	0.20910768	0.1270826264	-0.0636944153	0.0723992149	0.007870631	-0.0405100324	0.0323629287	0.1023490371	-0.0320686743	-0.0637664605	0.0446072335	0.0639082515	0.1717821664	0.087084397	-0.132935786	0.0275436946	-0.0767345628	0.0014624821	-0.0720163496	0.0020259798	-0.0335296333	0.0447541187	-0.0632187789	-0.0496770651	0.0514422078	0.1394508194	0.0682789947	0.0152780329	0.0225504859	-0.0402906598	0.040937576	-0.0430648269	-0.0580275866	0.1622885979	0.0038441216	0.0008848093	-0.0663534736	0.0642453526	0.0520723001	-0.0257466834	-0.026627659	-0.0766968103	-0.0730168816	0.0383077604	0.0186109057	-0.0085947494	-0.0900610625	-0.0258932243	-0.1398570292	-0.1125184636	0.0127089485	-0.0651792828	0.10610913	0.0742902224	0.0857424669	0.1634325578	0.0540548872	-0.0567979013	0.014280502	-0.0249481888	-0.0512330944	-0.0263182661	0.0560426989	0.0380362367	-0.0068857369	-0.0182546528	-0.0500335064	-0.0399841441	-0.0490914126	-0.0548640238	-0.0639288751	-0.0097836021	-0.0124191201	0.0493995572	-0.0644921967	-0.0196164369	0.0113282236	0.0388103804	-0.0651494714	0.1275600176	-0.0737748347	-0.0804041037	-0.0685175136	-0.0657921986	0.0113851555	-0.0592432323	0.0992582889	-0.0508147528	-0.0183295011	0.0366521264	0.0142093088	0.0805984258	-0.1024655099	0.0472251484	-0.0505720015	0.1316607302	0.047347017	0.1546706511	0.069283438	-0.0991826147	-0.0023476606	-0.034996846	0.0657367566	0.1391557688	0.0015780932	0.0618506381	0.0624086883	-0.043698049	0.0545330367	-0.005179566	0.102780013	0.0849991042	0.028932226	-0.177853146	0.0721679749	0.0791666377	0.0473087452	-0.0750366575	0.0575470041	-0.0173593182	-0.0175582733	0.0324087523	-0.0311707518	0.0132520099	-0.0245259956	-0.0310746581	0.0513980812	-0.1903162828	0.0370194318	0.165524258	0.0437620659	-0.0179959318	0.1086651255	-0.0058757513	-0.0635378618	0.0438651451	0.1943939553	-0.105098857	-0.0354533448	0.0142558582	0.0087204964	-0.0439242332	-0.0629622055	0.0275832228	-0.1091434069	0.0256708327	-0.0256896781	-0.0246760051	-0.1158434537	0.0232503045	-0.0264990573	0.0210359239	-0.0214289512	-0.0901202583	-0.037474943	-0.1100934444	0.0469515599	0.0535490387	-0.0254786249	-0.0327915985	0.0251636302	0.0056690846	0.1014590222	-0.2147922947	-0.0065437496	-0.1051918494	0.0195314949	0.10278035	0.0	0.0	-0.1168120271998418	-0.0084194804807679	0.0136450496985365	7.088765156603314e-05	0.1673045718035553	0.0160878893160685	0.0279908197463709	0.000258820182646	-0.2059307604096645	0.0239065159359981	0.0424074780829026	0.0005715215041981	0.0041022691675365	-0.0002255565151321	1.6828612322920608e-05	5.087574151858234e-08	0.000753405303169	-5.8276367803200015e-05	5.676195508431728e-07	3.3961350443338474e-09	-0.0019990563505027	2.1143362009985733e-07	4.4704175708530796e-14	3.996226292485175e-06	0.0	0.0
68.73007177955618	0.0104183524389043	0.0001085420675412	4723.822766822946	78.6784274134525	0.1273039413052856	0.0162062934718596	6190.294940253913	71.77726092469801	0.0414351148342859	5151.97518585218	0.0017168687413304	74.44572424290345	61.108008759976045	0.909124	25.248846	0.0567766738719935	0.028715464537988	0.0859116856	0.0281308387	-0.0084386047	0.0509026856	-0.088900174	0.0842172121	0.0777892129	-0.001028569	0.024287938	0.0004722732	-0.0918109364	-0.0145599834	-0.0118473991	0.0095525913	-0.0394286122	0.0309890276	0.0033115612	-0.0567498682	-0.1285550055	0.0380023229	0.0786986348	0.033649377	-0.0595623775	-0.0288461864	0.0872549575	0.0845985559	-0.034021717	-0.0381149101	0.2541886604	-0.0339643642	0.0632496342	0.0599643501	-0.0857164729	0.1500863338	0.0275573317	0.0254484162	0.0606828369	0.0890052813	-0.0953125627	0.0306498217	-0.1116577494	-0.1927288929	-0.0583237577	0.0524689019	-0.0447322209	0.0445161788	0.0376163251	0.0289624192	-0.044458981	-0.0758591399	0.0384429931	-0.0752857309	0.0470371152	0.13932683	-0.0392941376	0.056951136	0.0186958734	-0.0489449367	-0.0404846485	0.138166931	0.0712761028	0.059402431	0.1852479328	0.0197813695	0.0371889769	-0.0534687878	0.1207982223	0.0579802819	-0.078687777	-0.0163367727	-0.0163387076	-0.0368202778	-0.0315222187	-0.0429431716	0.0774918761	-0.0920651777	0.0263925552	-0.2038501697	-0.1854268235	-0.0317880073	0.0611761328	-0.0513773758	0.2060711179	0.0867578218	-0.1134227916	-0.0179289701	-0.0030336256	0.0719614666	-0.0939203486	-0.0649485179	-0.0019880701	0.0346352699	-0.0668128527	-0.0379044183	0.0682178557	-0.0389002765	-0.025516312	-0.093029431	0.0039624643	0.1491568437	0.0340932889	-0.0596448135	-0.0232918013	0.0743808515	0.0395159226	0.0848830634	0.0355442916	-0.1122710644	0.0437401351	0.0860158891	-0.0399667286	0.027116499	0.0388494353	0.0023876136	0.0667754504	-0.0295046012	0.0664405132	0.0176253699	-0.0041451409	0.0804294496	0.0788113694	0.1454745202	-0.0474703018	0.0586658602	0.0793199497	-0.0068262281	0.0646449988	-0.0678330772	0.0630182999	-0.0156640274	0.0280025259	0.0284070583	-0.0127086398	-0.0315896461	-0.0524915344	-0.0136986779	0.0197426082	0.104023742	0.0320414329	0.0168817272	0.0130658276	0.0934880854	0.0510869166	0.0345385262	0.0506870487	-0.0473046182	-0.0278464074	-0.0105243507	-0.0207918234	-0.0618049747	-0.0645378567	-0.0171228188	0.0249245953	0.037209705	0.1149406711	0.1629145529	0.2272729543	0.114790279	-0.0532094865	0.0670130922	-0.0068257015	-0.0809337999	-0.0163430392	0.1248080168	0.0718553367	-0.0160080586	0.0140929194	-0.0232518601	-0.0921647513	0.0033324732	-0.1143503781	-0.1510310239	0.0402083388	0.0579266933	-0.0463636828	0.063035329	-0.0415675658	-0.0721114323	-0.0176512584	-0.0166780028	-0.0390054512	-0.0541101738	0.0089277699	0.0092582325	-0.0562482625	0.0015614769	0.0499180706	-0.0273654106	-0.0251187918	-0.0785169081	-0.0084098975	-0.1046653254	0.0250179432	0.1006955375	0.0	0.0	-0.098612002516063	0.0182000246837787	0.009724327040228	0.0003312408984901	0.1710440028316071	0.0037394310280517	0.0292560509046588	1.3983344413556527e-05	-0.2060552757770324	-0.0001245153673679	0.0424587766755488	1.5504076710764486e-08	0.0044817780293793	0.0003795088618428	2.0086334304627e-05	1.4402697621721746e-07	0.0008510124952687	9.760719209970008e-05	7.242222671034592e-07	9.527163949587751e-09	-0.0017819183485893	0.0002171380019134	4.7148911874943784e-08	3.175233001039218e-06	0.0	0.0
68.59696508069317	-0.1331066988630169	0.0177173932822098	4705.543618281838	78.37227190927018	-0.3061555041823141	0.0937311927411269	6142.21300422058	71.73456306195041	-0.0426978627476017	5145.84753768894	0.001823107483213	74.35663257516859	61.1151775558943	0.940988	26.133778	0.079773304228872	0.0436668182784586	0.0246062455	0.1308491781	-0.0542433502	0.1055767506	0.1000556942	0.0298127743	-0.0719336615	-0.1370216391	0.0306493682	0.023133388	-0.0934953083	0.0137419674	0.064122406	-0.0096196939	-0.10296889	0.0693919323	0.0997892718	-0.0599746509	-0.0682728953	0.021475462	0.0387989271	0.080982547	0.0866900372	0.0596006015	0.1026985889	-0.0416316322	-0.0085991906	-0.0487406279	0.0380387101	-0.034752385	-0.033021716	-0.1154229026	0.0134194941	-0.1722913297	-0.1114557906	0.0070364612	-0.0131703938	0.1349414656	0.036752219	-0.1486495326	-0.0205005352	-0.0959194796	-0.0098039564	0.0474113984	-0.0455348287	0.001285033	-0.0051056718	-0.0978722316	-0.0064968921	-0.0371584956	0.0064827911	0.0114602827	-0.0134946183	-0.01882716	0.0422194114	-0.0775244523	0.0542996874	0.0110473919	-0.0230538762	-0.1528209441	0.0398765309	-0.0113136083	-0.006359378	-0.0161999444	-0.0446467563	0.0636350707	-0.0477355883	0.0124482599	0.009175739	0.0299424385	-0.0236679035	0.0616916521	-0.0170549228	-0.0864354553	-0.040048309	0.077550303	-0.0514282118	0.0083128716	-0.0622141207	-0.1741679085	0.048676554	0.044870255	0.0085400282	0.0482851688	-0.0304362412	-0.0853553473	0.1360656594	0.0585034217	0.0565532359	0.044618348	0.1206892751	-0.1490323613	-0.0651211117	0.0271758881	-0.0272576651	0.0271164646	0.1427052299	0.0888165563	0.0565838886	0.0414785549	0.0854964025	-0.0345903597	-0.0182368867	0.0224580988	0.1076304294	0.1316245049	0.1213324165	-0.1366994361	0.0674465698	0.1179451517	0.021836622	-0.0028311196	-0.015448303	-0.0555823645	0.0764181835	-0.0836418547	0.0072863027	0.1257180784	-0.0208473284	-0.0243191914	-0.0285658958	0.0936833588	0.0455381596	0.0025827906	-0.0185961408	0.0038049793	-0.0139720981	-0.0044217384	-0.0506489604	-0.1406654235	-0.0333578361	-0.0498826119	0.0449512178	-0.0128981479	-0.0010342771	-0.000805667	-0.0475891533	0.1213715452	-0.0076414998	0.0036043068	0.0875906385	0.0145754042	0.0075089929	-0.0385801209	0.0734906385	0.0477090361	0.0515352646	-0.0503628023	0.0791629388	0.0828155976	-0.0414175059	-0.0665716716	-0.0754485041	-0.0376204416	0.0194705857	-0.1225593418	-0.018353191	0.0477740413	0.07961235	-0.062414013	0.0999105665	-0.0356711433	-0.0268393034	0.0461760605	-0.0212055263	0.1412335275	-0.08275305	0.0607306408	0.0372084948	-0.0499425247	-0.1171059767	-0.066325347	-0.0158893019	0.1817100447	0.0091686834	0.1345171568	-0.0111955762	-0.0430875252	-0.1373019751	-0.0705935212	0.1921415886	-0.0167381736	-0.0076957639	0.0209505216	0.0431057311	0.1126252384	0.027513726	-0.0180051347	-0.0302006005	-0.0572502332	-0.0102734258	-0.1040084014	0.0304342698	0.0981090648	0.0	0.0	-0.0753937482907076	0.0232182542253554	0.0056842172813225	0.0005390873292732	0.1743471590929317	0.0033031562613246	0.030396931883776	1.0910841286727925e-05	-0.2040026390577054	0.0020526367193269	0.0416170767425084	4.213317501529441e-06	0.0050834309766319	0.0006016529472526	2.5841270494180757e-05	3.619862689377404e-07	0.0004499179826753	-0.0004010945125934	2.0242619113461158e-07	1.6087680803253717e-07	-0.0018031560292006	-2.123768061130008e-05	4.5103907774759134e-10	3.2513716656424757e-06	0.0	0.0
68.52537913034259	-0.0715859503505811	0.0051245482875958	4695.727584957192	78.35279314462528	-0.0194787646449015	0.0003794222720914	6139.160193564439	71.6803449709481	-0.054218091002312	5138.071855154124	0.0029396013919349	74.32929056098634	61.23530267809962	0.932814	25.906776	0.0997314831255862	0.0481002469907247	-0.0801447741	0.0866240886	-0.1003868322	0.0609659739	-0.0565701789	-0.1696808621	-0.0795702074	-0.1135998316	0.0294380954	-0.0513041227	-0.0394565685	0.1006935193	0.0621686803	-0.014063903	-0.0613317734	-0.0877022957	0.1325113235	-0.0043975296	-0.0863150888	0.2038620245	-0.0186424952	0.06071667	0.0601126778	-0.0318770322	0.0772077176	0.0229604294	-0.0947030958	-0.123851138	0.1118488366	-0.0987262855	-0.0514099576	-0.0257996835	0.0375886536	0.0091388864	0.0948715502	0.0567643256	-0.0224287956	-0.0702007682	0.0671965091	0.0023678231	-0.0126986277	0.0773562842	-0.1059162259	0.0122016335	0.0020655688	0.0395517746	0.0346412447	-0.0162996031	0.0318417476	0.0260548632	-0.043024288	-0.0017463166	0.0485590469	0.015721062	0.0008876705	0.0126267519	0.0346324323	0.0473146308	-0.066322249	-0.004112721	-0.0197711675	0.0812483058	-0.0172427045	-0.1027987606	0.1687360311	0.0976875559	-0.1319490167	0.0033004621	-0.0492386011	0.0447614891	-0.0577549869	0.0073514961	0.0716388521	-0.002188267	0.0324030032	0.1215024998	0.2174867752	0.0199160978	-0.1268032051	0.0368743007	0.0358450909	0.0538669155	0.102555977	-0.0158140062	0.0154867889	-0.0283562673	0.1180797507	0.0736919149	0.0453147723	-0.0090551201	-0.0069785275	-0.0158963071	0.1481142682	0.0022873912	0.0412914074	-0.1889161839	-0.0508956774	0.0377694632	0.0401497591	-0.0405168697	0.0367251618	-0.0690048834	-0.0748195244	-0.0112637844	0.0910875803	0.1154261231	-0.0269560757	-0.1801699342	0.0721005268	0.0315400261	0.0369190031	-0.0074403534	-0.0138078169	-0.2176596642	0.0094039695	-0.0068587305	0.0374957297	0.0050454091	-0.0316664841	-0.0802082255	-0.0074008094	-0.0882991721	0.0937764451	0.0200754541	0.0522444059	-0.0104003909	0.0180246912	0.0147318045	-0.1228398102	-0.0126946888	-0.1357173561	-0.0201247722	0.0768603103	0.0224072488	0.0652669091	0.1667297418	-0.0284948306	0.1639712521	-0.0090055696	0.0332707028	-0.0517165894	-0.0418970312	-0.0288366949	0.0734901898	0.0624893132	0.0453803173	-0.0785936822	-0.0232290593	0.1078750913	0.0788471787	0.0317041092	-0.0881436667	-0.0721334282	-0.0820664848	-0.0554435009	0.0004864359	-0.0115746287	-0.0009775691	-0.0434380007	0.0163262891	0.0255831695	0.0850768023	-0.0492877311	0.018683039	-0.0943004126	-0.1898193606	0.0262925721	-0.0159915385	0.1198441481	-0.1031375994	-0.1518496696	0.0086902308	0.0041537971	0.1911485119	0.0322626636	0.0363492925	0.0107923312	0.1458117782	-0.1185616118	-0.1510407848	0.0517117033	0.0511653354	-0.0699284079	-0.0719907372	-0.0724824234	-0.0205540605	0.0859041341	-0.0184736367	-0.1334848163	0.0180500429	-0.012133754	-0.1032218959	0.0357652936	0.0950338178	0.0	0.0	-0.1134956582948518	-0.0381019100041442	0.0128812644517817	0.0014517555459639	0.1918559885735646	0.0175088294806328	0.0368087203515397	0.0003065591097818	-0.18965202225138	0.0143506168063254	0.0359678895440379	0.0002059402027219	0.0049011137464192	-0.0001823172302127	2.402091595533925e-05	3.3239572432430656e-08	9.793045403272416e-05	-0.0003519875286425	9.5903738270555e-09	1.2389522031990816e-07	-0.001864253807035	-6.109777783439995e-05	3.732938456301693e-09	3.475442257044491e-06	0.0	0.0
68.47689509757552	-0.0484840327670639	0.0023507014333577	4689.085162204363	78.28942402296288	-0.0633691216624043	0.0040156455802646	6129.233913847277	71.6241426599135	-0.0562023110345961	5130.017811767641	0.0031586997656294	74.2864917322849	60.11288383016255	0.934774	25.961205	0.0672100547864345	0.0359504625245608	-0.1041038407	-0.0555078447	-0.0891985722	0.0548355648	0.0227291545	0.114441609	-0.1022226391	-0.0646033396	0.0470730696	-0.1153823924	-0.1184965408	-0.0561409583	-0.0170555336	0.0019792858	-0.026453796	-0.0364811611	-0.0323622554	-0.0311326512	0.074757817	0.0237689331	-0.1445732053	0.0412788425	0.0436925066	-0.0834452385	0.0500874721	-0.1158099303	-0.1049253976	0.0547536431	-0.0049648173	0.0195533957	0.0216107905	-0.0571869202	0.1349200982	0.0600771522	0.0182128906	-0.0642630836	-0.0749130172	-0.028512212	0.0820538758	0.0741427145	0.0649892404	0.0235681384	0.0458604998	-0.0942841995	0.0807221854	-0.0367602045	0.1387486414	0.1695275461	0.0682093752	-0.068741602	-0.0839917864	-0.0201392111	0.0058373894	0.0352762397	-0.0411450785	-0.0901398383	0.0642755046	-0.0109855262	-0.050269811	-0.0800325333	0.0014849979	0.083019607	0.0311594262	0.0015072582	-0.0115836661	0.1359661757	-0.0309264388	-0.0144659087	-0.0684406962	-0.1011960598	-0.0624052558	0.1343608575	0.1230848477	0.0058822179	-0.1498802338	0.0345129825	0.0346708908	-0.0589633994	0.0458720919	-0.0402214659	-0.0576169477	-0.0944579299	0.0558589469	0.1248926043	0.0689293808	-0.0871874566	-0.274146584	-0.0643125205	-0.0757674907	0.0169793741	0.114503902	-0.1071332067	-0.0894344423	-0.0002179609	-0.02708297	0.0776772615	0.025522886	-0.0833314914	0.0198969695	-0.058246722	-0.0657254392	-0.053838611	-0.1127032633	0.0506236699	0.1266960286	0.0935755238	-0.0127161707	-0.1724846691	0.0943401723	0.0276387342	-0.0428802287	-0.1282838794	-0.0887873721	-0.0367705107	-0.0247969502	-0.0431637032	0.0017653638	0.0571807147	-0.0361568738	-0.1595740082	0.003606	-0.0063387131	0.0519404721	-0.0571162885	-0.0327591666	0.0002984491	-0.0492850318	-0.003131773	-0.1183827664	0.0528846103	-0.059221699	0.0293634225	0.0386307923	0.0829679634	-0.0613786679	0.1172963329	-0.0992699884	-0.0931734808	-0.1372202226	0.0571428444	-0.113314937	0.0160973149	0.1643973961	-0.0731610381	-0.1267145521	0.1122708247	-0.0323794279	-0.1119831152	-0.0392809104	0.0162533737	-0.1702795728	-0.1078216745	0.0246213828	0.1170472398	-0.0373914834	0.0152967962	0.0488007141	-0.04937524	-0.0038947691	0.0792762087	-0.0079217396	-0.0714174961	0.116713009	-0.0771154024	0.0552062456	-0.0768934637	0.0953106969	-0.0778678257	-0.0390828345	-0.1431367714	-0.1114177763	-0.015560406	-0.0259806026	0.0734090125	0.0388282452	0.1087325643	0.0469956322	-0.066565479	-0.0939090701	-0.0405798198	0.0991191781	-0.0595521323	-0.0365737482	0.0005873553	-0.0057587461	0.0770850604	0.1289280005	0.0352485937	-0.1434666743	0.0592052156	-0.0139903026	-0.1023067888	0.0409960724	0.091485117	0.0	0.0	-0.1150755686042686	-0.0015799103094168	0.0132423864895957	2.496116585801493e-06	0.2022589227836135	0.0104029342100488	0.0409086718455877	0.0001082210401786	-0.1681953463816299	0.0214566758697501	0.0282896745444364	0.0004603889393795	0.0053652587254716	0.0004641449790523	2.878600119124913e-05	2.1543056157955245e-07	0.0002556438776057	0.0001577134235729	6.535379215727811e-08	2.4873523975108883e-08	-0.001810701521716	5.3552285319000094e-05	2.8678472628875924e-09	3.2786400007446378e-06	0.0	0.0
68.60693229963526	0.1300372020597393	0.0169096739195254	4706.911159566736	78.68889404452125	0.3994700215583719	0.1595762981238461	6191.942045949892	71.7350038344707	0.1108611745572005	5145.910775131527	0.012290200024202	74.42792599336123	60.33445016650466	0.959284	26.641924	0.0842182752849299	0.0379625594155756	0.039201985	-0.1040911519	-0.0469986514	0.0157635645	-0.0568824605	-0.039432607	0.0443930125	-0.0880551505	0.175607078	-0.0136907882	-0.0899351487	-0.0263663558	0.0328440757	-0.1344997721	0.0032136046	0.0730235159	-0.0912493061	-0.0588239136	0.0942569918	0.018266072	0.0970912889	-0.0482104181	0.0389189149	-0.0630618114	0.1072079271	-0.062529949	-0.0597288291	-0.0050697341	-0.1482712126	-0.1288791643	-0.0395504037	-0.1587815742	-0.0422224202	-0.0286673334	0.1639456956	-0.0094035511	-0.0081888169	-0.0644658179	-0.180975602	-0.0102086746	-0.1355923986	-0.0705735038	0.0935534213	0.0464078648	0.0588140268	0.0497427233	-0.0363923596	0.0725261879	-0.0617797933	0.0904308168	-0.17561179	-0.0087263847	0.1501006955	-0.0668188523	0.0928036085	0.0709426491	0.0081283842	-0.0308696156	0.0262050168	0.0808782722	-0.0278811926	-0.0277827688	0.011591389	-0.0789195	-0.0864906357	-0.0208631241	-0.0536750967	-0.0395405422	0.1296798634	-0.0613754467	0.1053867299	-0.0001663912	0.1394636744	-0.0976152758	0.0338549766	0.0556014856	0.0626876574	-0.0535103818	-0.1326862636	0.046683338	0.023610671	0.0380032383	-0.0056053881	0.0278957404	-0.0800918408	-0.0282798529	-0.0834729309	-0.0640419561	-0.0712874947	-0.0675035314	0.0414583323	-0.1251514644	-0.0546306632	-0.023316513	0.0101131283	0.0896389066	-0.0812158503	-0.0535650215	-0.014733988	0.0191942291	-0.0929841888	-0.0578122239	-0.0219650244	0.1289122891	0.0228004338	0.1143281599	0.0417581186	-0.0310856693	0.0680642103	0.0642298687	-0.0619755189	-0.1299763893	-0.0320789849	-0.0678274134	-0.0850870837	-0.1848660757	-0.1363366458	-0.0634667473	-0.0024231416	-0.0134768379	-0.0298933789	-0.0666536666	0.0145275257	-0.0003201109	0.0033560007	0.057769359	0.123437109	0.0352561349	-0.1006991039	0.0707345934	0.1123257867	0.103158714	0.1186269284	0.0322637525	-0.0571080945	0.0358874921	0.1065285936	-0.1076757773	-0.0022117336	0.1376146699	-0.1718103281	-0.0214202221	-0.1191243897	0.0355917249	-0.0036809264	0.0288732615	-0.0299918583	-0.0413442556	-0.0284606367	-0.1197592016	0.0640537412	0.0896391121	-0.0303896611	-0.0820505507	-0.1292871626	0.0388853997	-0.1377525094	-0.0192373385	-0.0951878984	-0.0040913591	0.0638003903	0.0628858667	0.0097485792	0.044837721	-0.0015643053	-0.0559409297	0.0222911957	0.0091861693	-0.13301389	-0.0961143745	-0.057965396	-0.1083204345	0.019646695	0.0884157559	-0.0547459029	-0.0117050785	-0.0253464055	0.0791128934	-0.060533664	-0.0689574635	0.0086308706	0.0207531398	-0.0884871167	-0.0860066534	-0.0880430109	-0.0815163777	-0.0983232127	-0.026096244	0.0110490207	-0.0141933058	-0.0158424933	-0.1012642201	0.046111945	0.087480642	0.0	0.0	-0.1081443040340559	0.0069312645702127	0.0116951904950103	4.804242854228589e-05	0.1811678486259182	-0.0210910741576952	0.0328217893757436	0.0004448334091254	-0.1882060485362018	-0.0200107021545719	0.0354215167056111	0.0004004282007189	0.0050179897656675	-0.000347268959804	2.5180221288343772e-05	1.2059573044342125e-07	0.0004770705262853	0.0002214266486796	2.2759628705013318e-07	4.902976074547902e-08	-0.0019657106012813	-0.0001550090795653	2.402781474768161e-08	3.864018167989691e-06	0.0	0.0
68.57854050440434	-0.0283917952309167	0.0008060940364343	4703.016217714227	78.47432228576305	-0.214571758758197	0.0460410396565858	6158.219258209808	71.83951660471224	0.1045127702415413	5160.916145998726	0.0109229191435612	74.41363860083798	60.487515636699385	0.910863	25.297129	0.0773396224375009	0.0410680737456308	0.1070689366	-0.0092381839	-0.0769434647	-0.0564096803	0.0439545308	-0.0616055091	-0.0185839618	-0.1064486666	0.0528078015	0.187874818	-0.0019098982	-0.1596602802	0.1528748916	0.0464411775	-0.0347959855	0.0588196246	-0.024697361	0.0618016325	-0.0054820981	0.0513832398	0.0326602322	-0.0317202368	-0.0646806447	0.0481042967	-0.0095557946	0.0017843507	-0.0252141301	-0.0609769983	0.0095944421	-0.1105603715	0.0181299209	-0.0161679807	0.0107663673	-0.0156177755	0.0822847109	0.0806549882	0.0241687676	-0.1160206612	-0.0408359154	0.0249231652	-0.0903912526	-0.0130654842	-0.0085341279	0.1336776304	0.0022176399	-0.1122820928	-0.1072950895	-0.0573655533	-0.0044652567	-0.0349415945	-0.0797734511	0.0209789035	-0.0374110104	-0.063504876	0.0062651166	0.0354038207	-0.1024046608	-0.0264151816	0.0826315315	0.0406141805	0.0549139488	0.002082258	-0.1090867273	0.034614919	0.045782186	0.0513837942	-0.0144097871	0.138413687	-0.1023739125	0.0349836355	0.1326176261	0.0122916241	-0.0154158798	0.0284521484	0.0562432669	0.0177479555	-0.1364801407	-0.0404477389	-0.0750354281	0.1180509925	0.0207072576	0.0370864187	0.0107581256	0.0320601474	0.0561255148	0.0037363298	0.0522185833	0.0368669257	-0.0593507061	0.1362455372	0.0339130912	-0.0329921279	-0.0077509925	0.0120695838	-0.0256046342	0.0843269966	-0.0975318055	0.1014748199	-0.0475052895	0.0464736895	-0.0723406162	-0.0204089552	-0.0008803531	0.1222302564	-0.0195433109	0.1167278682	-0.0165305209	0.0391961973	0.0719231605	0.0604003722	-0.0873853109	-0.0885889164	0.0021669106	-0.0435344487	-0.045362533	-0.0467219776	-0.0283106709	-0.1417718512	-0.1168768985	0.0317252366	-0.001406186	-0.1038815239	-0.0749092488	-0.1143686334	-0.0837420892	-0.068826325	0.0223600762	-0.0494026272	-0.06449781	-8.70884e-05	0.0392828964	0.1669458219	-0.0475942454	-0.0499753621	0.071390338	0.0019250044	0.0765282297	-0.0989984426	0.0890653474	0.0269738087	-0.0742632696	0.0802238206	-0.1022434775	0.0120575891	0.1576078981	0.0946714151	-0.0686683512	-0.0957957358	-0.0529483788	0.130839978	0.1021018461	0.0797591107	0.111345092	-0.0092800173	0.0556481847	0.0385305336	0.0353009655	-0.1289709405	-0.0177313035	-0.0576875672	0.026346127	0.1526661522	0.009937464	0.0647753932	-0.0479495824	0.0667012307	-0.060843329	0.0718424036	-0.0726652605	-0.0747402208	-0.0610640212	-0.0469402162	-0.0185191342	0.1412382123	0.044824418	0.034579779	0.0581630078	0.1579291488	0.1637249303	-0.0416101017	-0.1260047693	0.0480939796	-0.110162152	-0.1575371754	-0.1183537963	-0.1777882264	-0.0706417686	0.0596556285	-0.0911359881	-0.0273888059	-0.0176897492	-0.1000954889	0.0510985726	0.0830403428	0.0	0.0	-0.101259357625139	0.0068849464089168	0.0102534575066557	4.740248705365757e-05	0.1836678073823492	0.0024999587564309	0.0337338634686397	6.249793783856021e-06	-0.2106513994087748	-0.022445350872573	0.0443740120728751	0.0005037937757929	0.0056978937125195	0.0006799039468519	3.2465992759169246e-05	4.622693769449266e-07	0.0004008431418527	-7.622738443260001e-05	1.606752243703438e-07	5.8106141374353905e-09	-0.0018116546045743	0.000154055996707	2.3733250121387288e-08	3.282092406275263e-06	0.0	0.0
68.60901180621613	0.0304713018117865	0.0009285002341049	4707.196501025504	78.61972690183063	0.1454046160675801	0.0211425023737603	6181.061458118431	71.85630189825635	0.0167852935441032	5163.328122493359	0.0002817460793617	74.41426992336494	60.40058632216091	0.855807	23.768087	0.1085469387074277	0.0559018511338729	0.0917876256	-0.0165196487	-0.0576957305	0.0072671829	0.0288539439	-0.0770184541	0.0302208211	-0.0504498209	0.0029211097	0.032819989	-0.0013814207	-0.132165073	0.0124049925	-2.34477e-05	-0.1822616283	0.0523228102	0.110487476	-0.0544933758	-0.0534524579	-0.0285709049	-0.1297715007	0.1039311533	0.0145606666	0.0736243826	-0.1389888611	0.0363757143	-0.0477472178	-0.0007841911	-0.0918524394	-0.0081918153	-0.0502131078	0.0068686257	0.0297657994	0.0412055271	-0.067617631	0.0158957298	0.0207782371	-0.0326124891	0.0503946654	-0.0803453371	0.0394409675	0.0093206538	0.0359306207	0.1139178852	0.0459496632	-0.1393307775	-0.1532052027	-0.0221405973	0.025360314	-0.065875666	-0.1078151506	0.1242038346	-0.0049618344	-0.0391091515	0.0534142525	-0.137710579	-0.0747272592	0.0066132751	0.0517470752	-0.0875968585	-0.0122867589	-0.0064776086	0.09185358	-0.0165553267	-0.1091821982	-0.0310061362	0.0643140462	-0.0811713385	-0.0225769199	0.0691757194	-0.0500203155	-0.0115718805	0.2443849981	0.1469958688	-0.0003299431	0.0146340396	0.1636357286	0.0880423735	0.0783012172	0.0579312238	0.0080165175	-0.0792830634	0.0437379466	0.0954076802	0.1002718496	-0.1077880311	0.0566987028	0.0185009249	-0.0723311278	-0.0802791849	-0.0295809053	-0.0897309649	0.0015337887	0.1709587307	-0.1363778116	-0.1100882493	0.1539274124	0.1029834195	-0.0401703103	0.0287874581	-0.0393718966	0.0040738326	-0.0379973943	0.147901838	-0.0452401541	0.1006847741	-0.0444291206	-0.0446172525	-0.0352691164	-0.0054783875	-0.1338119808	-0.0172705788	-0.0291503088	-0.1029863386	0.0783385637	0.0913464271	-0.0277333387	-0.1855481541	0.0680381831	0.1255291355	-0.0095092943	-0.0584307773	0.013060952	-0.0712335751	-0.080629608	-0.0366442576	-0.0217842627	-0.0420706761	0.0426757639	-0.1598556931	-0.0182904641	-0.0272346883	-0.0461612072	-0.0563335373	0.0561374864	-0.114562265	-0.0520624376	0.1419435742	0.2473538854	0.0496984221	-0.1289947064	-0.0830895835	-0.0426120198	-0.0048152973	-0.0485199924	0.1683033916	0.0384562035	-0.0320322793	-0.0632524678	-0.1188108683	-0.0042749372	0.0081654941	-0.0742397423	-0.0545464268	0.0801839611	-0.0999462447	0.095695693	0.0555216212	-0.0815360724	-0.0911212286	0.017941498	-0.116566735	-0.0802857442	-0.0124906553	-0.0485838405	0.1456724619	-0.0619616214	0.0685243365	-0.051926555	-0.084609884	-0.1431488781	0.0040535782	0.0180811856	-0.0135720726	-0.0822084429	-0.0246942877	-0.0468719382	0.0350328805	-0.0097281837	-0.0141171128	-0.0631574506	-0.0645437393	0.0119681663	-0.0103790458	0.0175921237	0.0736493914	0.1638479307	-0.141568933	0.0151154983	-0.0066002759	-0.0195314949	-0.0988020511	0.0559419782	0.0781863408	0.0	0.0	-0.1158086396840474	-0.0145492820589084	0.0134116410254695	0.0002116816084296	0.1676866518733533	-0.0159811555089958	0.0281188132164951	0.0002553973314027	-0.1890766359447013	0.0215747634640735	0.0357499742601651	0.0004654704185307	0.0047479183383648	-0.0009499753741546	2.2542728547780764e-05	9.02453211500362e-07	0.000397284676519	-3.5584653336999806e-06	1.578351141968065e-07	1.2662675531144516e-11	-0.0019869555185949	-0.0001753009140206	3.073041045645782e-08	3.947992232874728e-06	0.0	0.0
68.54053489773757	-0.0684769084785585	0.0046890869947808	4697.804924067982	78.38351547995279	-0.2362114218778401	0.0557958358255509	6143.975498995999	71.77281518376202	-0.0834867144943274	5151.33699940246	0.0069700314970573	74.29578261503246	60.60481225539051	1.001761	27.821619	0.1538797097207827	0.0819268396310444	0.0833362919	0.0624297428	-0.0665415525	-0.0605617421	-0.0916157935	0.2083008417	-0.0474707229	0.0083828614	-0.0850744969	0.0243462674	-0.0454741655	-0.0918121272	0.0098263766	-0.0543688832	-0.0340439376	-0.0568493281	-0.2269206031	0.0793597504	-0.0697736342	0.1107105856	-0.0259690589	-0.0093078088	0.0635231651	-0.2254646028	0.0608099312	-0.0213727632	0.0416983867	-0.1643374818	-0.0648500966	-0.0524824568	-0.1417557947	-0.0693393802	0.0874082157	0.0888264059	-0.0253631163	-0.0183845824	-0.0450867681	0.0362176545	0.0336962844	-0.0481727638	0.105125206	0.0761580566	0.0885712007	0.1008946068	-0.0018871948	-0.0729064458	0.081071953	-0.0628837412	-0.0189227827	0.0939405515	0.0108148181	-0.005417135	-0.1099455879	-0.1691153933	0.0709554558	0.0111456817	-0.1070032011	0.0989768564	-0.0407536142	-0.0042128698	-0.0668115428	0.0241605295	-0.0365619641	0.0238487231	0.0448817834	0.0469514216	0.0324635595	-0.0986769078	-0.0676893598	-0.0726947867	-0.2120660046	0.1329079206	-0.0824334341	-0.0500932488	0.0317136826	-0.0503218039	0.0132103967	0.0438702482	0.0124975006	0.0151083975	0.040755815	-0.0945638717	0.0276214388	-0.0033149778	-0.0067276772	0.0461863142	-0.0807615608	0.1836764063	0.1455069747	-0.1087503613	-0.0263880788	-0.0889233435	0.0548208899	-0.1997404802	0.0506105179	-0.0191225372	0.0440799507	-0.051534797	-0.0730857064	0.1110436319	0.0582635496	0.1029805629	-0.0888973998	0.0699407602	0.0113021763	0.0153914306	-0.014510008	-0.121416945	0.0527913338	-0.0122712886	-0.0959246016	0.1240638215	-0.1078995897	-0.1096499534	-0.0471344866	0.2159477715	-0.0007141098	0.141001564	0.0629909242	-0.0018945829	0.189027518	-0.1768900517	-0.0252813372	0.0596608949	0.0046326949	0.0113446006	-0.1809335134	0.0457950578	-0.0645850282	-0.0379741115	-0.0146883249	0.0861698644	-0.1095053843	-0.1092356052	-0.0741954168	-0.1568107584	-0.0174301732	-0.0274057813	-0.0547386414	-0.0076176002	0.0196800939	-0.1218781358	0.0282105176	0.1899959341	0.0408353038	-0.0103628394	0.0369490022	0.0795033334	0.0811796337	0.0505455802	-0.0018759317	-0.1482570599	-0.0004851219	-0.0017552892	0.0664857354	0.1397747989	0.0083993316	-0.1053061648	0.0387407929	-0.0649496997	0.0371616162	0.103848873	-0.1712113484	0.0252533204	-0.0528634854	-0.1190779959	0.0096085799	-0.0455037585	-0.0795058267	0.0603121116	-0.1161354042	-0.066171498	0.0279714926	0.070316176	0.0524742286	-0.2160952485	0.1906585602	-0.139380096	0.0906235471	-0.1066749275	-0.0032298094	0.2362073773	-0.0165410564	-0.0492876956	0.1522813735	0.0181907453	0.1091436715	0.1004116186	-0.1144224727	-0.0568002603	-0.0213671566	-0.0973855183	0.0606285865	0.0729428184	0.0	0.0	-0.0880808617970956	0.0277277778869518	0.007758238214919	0.0007688296665481	0.1545602577988205	-0.0131263940745328	0.0238888732908378	0.0001723022213999	-0.2049129070181194	-0.015836271073418	0.0419892994626164	0.0002507874815107	0.0034049615646682	-0.0013429567736966	1.1593763256867716e-05	1.8035328960175809e-06	0.0009224907084861	0.000525206031967	8.509891072431866e-07	2.758413760146264e-07	-0.0020625780466488	-7.56225280539001e-05	5.7187667492629075e-09	4.254228198517579e-06	0.0	0.0
68.49984489022826	-0.0406900075093119	0.0016556767111078	4692.228749985331	78.32049011075219	-0.0630253692006022	0.0039721971628722	6134.099171188432	71.88573942271941	0.1129242389573903	5167.559532351115	0.0127518837441057	74.32342761168263	60.716335584451485	0.9825910000000002	27.289225	0.1051736600457338	0.0488281076541292	0.0746937545	0.0147694073	-0.0966041864	-0.1144277798	-0.1305942157	0.0530135845	-0.0303975071	0.030542381	-0.0156859991	0.0792095416	-0.0059673449	-0.0178968302	0.0033062566	-0.0774772824	-0.0140408694	-0.1612940082	0.0556227975	0.1392180189	0.0584428956	-0.053598996	-0.0168429032	-0.018355128	0.0695702119	-0.1073288954	0.0451849445	-0.0657849815	-0.0147264459	-0.1730639129	-0.0619428427	-0.0327218388	0.0734024333	-0.1600949416	-0.1499481445	-0.0106136353	-0.0270297245	-0.0967185382	-0.0505680646	0.0158758278	-0.0437244129	0.2115969373	0.0034936228	-0.0178383225	-0.0084408083	0.1224219976	-0.1475723832	-0.0213427036	-0.0994590647	0.0582815205	-0.0269647399	0.002682377	0.1053495944	-0.0535243355	-0.1520599975	-0.0463182466	-0.0899711549	-0.0180449054	-0.0126883512	0.0877405678	-0.0098756782	-0.0674662705	0.1142059233	-0.0653387746	-0.1176349588	0.0115711026	0.0901924257	0.110536323	0.0490312784	-0.0156349837	0.1068421785	0.1845594739	0.0179857787	-0.0746331479	-0.0915967689	0.0051728339	-0.0782296634	0.071843007	-0.162202987	-0.0052005247	-0.0495067275	0.0704415478	0.0736501082	0.0495395672	0.1075888279	-0.07760682	-0.0316552568	-0.0547623234	-0.1195878675	-0.202052754	0.020003455	-0.0155117358	-0.099554057	0.0400306075	0.0397945479	-0.0770007937	-0.0440059557	0.0267869504	0.0478028364	-0.044839305	-0.1282582857	0.1461174123	0.0281685054	0.0440424238	-0.0285713661	0.052801041	0.1577203065	-0.0906018928	0.0065166647	-0.087251484	0.1578254	-0.0348473561	0.1784309027	0.1282160735	-0.08134152	-0.0457273114	-0.1386961071	0.1219756454	0.0618801851	0.1752601959	-0.0862947163	0.1105080912	0.0448996869	-0.0538546685	0.0228939891	0.0367416862	0.0600455941	-0.1543040928	-0.1511423017	0.0232298404	0.2588384508	0.1099516706	-0.0330794976	-0.084039661	0.0813831065	-0.0546722983	-0.0322825638	0.0180839219	0.0110459814	-0.1393522609	-0.140107902	-0.064253339	-0.0448958989	0.0599417814	0.0478513335	0.1873939817	-0.0552595355	-0.1033076588	0.0118733977	-0.0108185122	-0.0919876005	0.0466469407	-0.0349774818	-0.0135836034	-0.0484330342	-0.0080998155	-0.0985794029	-0.1524805329	-0.1330094648	0.0370910003	0.0416031592	-0.0053968314	0.0233277172	0.0288618618	0.0385913258	-0.0148117482	-0.1560155441	0.1231286513	-0.0583003475	-0.1107376891	-0.1066679185	-0.0137686083	-0.0834433936	-0.0885826857	0.1930319992	0.0698505149	0.024909913	-0.0853492519	0.0364421058	-0.1427436319	-0.0814248426	0.1012492367	0.019931556	0.0150969369	0.1754040813	-0.0112319867	0.177931268	-0.1789932597	-0.0101892987	0.110770033	0.0776675715	0.0835171941	-0.0231961626	-0.0958476552	0.0651452616	0.0673358985	0.0	0.0	-0.1007801920247004	-0.0126993302276048	0.0101566471045354	0.0001612729882297	0.1452586434441798	-0.0093016143546406	0.0211000734952433	8.652002960245777e-05	-0.2096632458657978	-0.0047503388476783	0.0439586766669819	2.256571916776248e-05	0.0029950244587482	-0.00040993710592	8.970171508499946e-06	1.6804843081006546e-07	0.000383986077544	-0.0005385046309421	1.4744530774762678e-07	2.899872375460873e-07	-0.0026825838421029	-0.0006200057954541	3.844071863966713e-07	7.196256069911557e-06	0.0	0.0
68.65152789953866	0.1516830093104033	0.0230077353134599	4713.032282941135	78.49308254552442	0.1725924347722269	0.0297881485406054	6161.16400749851	71.91502259630676	0.0292831735873448	5171.770475027312	0.0008575042553465	74.46557021528061	60.24836899668093	1.049822	29.156391	0.1824974092732146	0.0895069696111052	-0.0053432401	-0.0781112769	-0.0506251274	-0.109390623	0.1594166689	-0.0421543438	0.0046972785	0.0271341942	-0.0686830175	-0.0016683607	0.0178352767	-0.0625944325	0.0502090093	-0.1449112513	-0.1010637815	-0.1570480329	-0.0701701153	-0.0150273827	0.076519792	-0.0011315235	0.0756025832	-0.0783082864	-0.1416398776	0.0296732489	-0.006923807	0.0756758523	0.0058126947	0.1035035171	-0.0193276287	0.0187898481	0.0382753569	-0.061810771	-0.1065669833	0.0289275107	0.0803897439	-0.099457329	-0.1408312583	-0.0602713643	-0.082080655	-0.0769301206	-0.008135427	-0.0449060953	0.059558325	0.1438297391	-0.0041568947	0.0294082835	0.0761329099	0.1032866424	-0.1043873673	-0.1018857463	-0.067845929	0.042022713	-0.0797404986	0.0295318056	-0.1681856343	-0.0490235496	0.0807879603	-0.0399022256	-0.0707335759	0.0064724955	-0.0375524099	-0.1270697749	0.0889322114	-0.0718898693	0.221499828	0.0341879011	0.1571668211	0.1188861303	-0.0601855419	-0.1194306154	0.1459294617	-0.0609663457	0.020556024	0.0435451505	0.0178811098	-0.0767902347	-0.0413075648	0.046605569	-0.0493142763	-0.0229506376	-0.0531304892	0.0653137808	0.0149875165	-0.0262351976	0.0492456039	0.0586051692	-0.1020518674	-0.0775128526	0.0504804978	0.064056247	0.1568560215	0.0254167937	0.0593345163	0.0215102523	0.0307077839	0.1185575778	-0.1115195777	0.0906449743	-0.1147097755	0.0125442994	-0.0615464892	-0.0943842027	0.0425167467	0.1094599328	0.1816494747	-0.1456547357	-0.0053193209	-0.0363208683	0.0595456955	-0.0437106759	0.0186336921	0.0945460509	-0.1224173137	0.0649598177	0.0299450968	-0.1477022715	-0.0293534645	-0.0520099576	-0.1324009283	-0.0191961561	-0.148650679	0.1013918421	0.0804357961	0.0003512966	0.0283119744	-0.0181958443	0.1152262794	-0.0729832137	-0.0079659457	0.0415350042	-0.0021356859	-0.0411427806	-0.1398561424	0.0029130376	-0.0031657264	0.0004678489	-0.0229305459	-0.0480366983	0.0341267575	0.0196184073	0.1163868037	0.0240878349	-0.0861435454	-0.0510785083	-0.01087808	0.0448116732	0.0205190314	0.0171000381	0.0236677677	-0.0871870771	-0.0536657052	-0.0603209186	0.0179686892	0.0400500359	0.0585089411	-0.036593555	-0.1121754539	-0.0057521045	0.0699605056	-0.0374863882	0.0279398526	0.0644318653	-0.0197367772	-0.0624773674	-0.0685906501	-0.0533005588	-0.118088007	0.0314598499	-0.0882855369	-0.1956007316	-0.0272182186	-0.0267563206	0.1250958562	-0.0078556819	-0.0243784144	-0.0044560506	0.0452777232	0.0127282011	-0.0305072905	0.0593754277	0.0704229633	-0.0216396009	-0.0045250152	-0.1273701738	-0.0745327148	-0.0118658313	-0.0060468373	0.0585392111	0.1062953554	-0.0410813769	-0.0250179432	-0.0941903779	0.0694793439	0.0613935146	0.0	0.0	-0.1263641135032145	-0.0255839214785141	0.0159678891814532	0.0006545370382187	0.1639822213002162	0.0187235778560364	0.026890168902553	0.000350572367731	-0.1768454705569908	0.032817775308807	0.0312743204565234	0.0010770063762193	0.0043560787683451	0.0013610543095969	1.897542223602697e-05	1.852468833672296e-06	5.1058164199258016e-05	-0.0003329279133447	2.606936131398393e-09	1.1084099548408403e-07	-0.0022691233724474	0.0004134604696555	1.709495599677469e-07	5.148920879387061e-06	0.0	0.0
68.55940867637979	-0.0921192231588747	0.0084859512753945	4700.39251805486	78.4025012587392	-0.0905812867852091	0.0082049695156643	6146.952203626603	71.82613385051762	-0.0888887457891343	5158.993503912473	0.0079012091279653	74.38310650007456	60.27084077248395	0.89949	24.981272	0.0446953488226538	0.0183093358865557	-0.0793681309	-0.0412668045	-0.0542416805	-0.0925891273	0.17348649	0.030690273	-0.0528541674	0.0137840016	-0.0709125576	-0.0291973386	-0.0154654021	-0.0781945979	0.0318896846	-0.059834999	-0.3121323161	-0.0802455613	0.0471197061	-0.0124423792	0.1170592399	0.0620110889	-0.0561333704	-0.0327727057	-0.0191465383	0.0918902926	-0.0204583194	0.0765136126	-0.0727162632	0.0431883211	-0.0064027945	-0.0466576692	0.0390537755	-0.0009293833	-0.0760686972	0.0166715428	-0.0644021373	-0.0475230333	0.0161142128	-0.0106953869	0.0194308587	-0.0602021786	0.0054107294	-0.064602222	0.0524580089	0.0017678327	0.0688399369	0.0168511627	0.0295297552	0.0210368971	0.0149163445	0.0046115489	-0.0267329837	0.1347587098	0.0086156019	-0.017103718	-0.0427120165	0.0131892487	-0.1228729201	0.0534856321	0.0627486051	0.0505943345	-0.0002904512	0.0205880689	-0.1139489989	-0.0342729764	0.0424575491	-0.0474661767	0.0161813259	0.1391374124	-0.0619566586	0.1857357606	0.0551089724	-0.0169420159	-0.0659514458	0.1116701088	0.014523076	-0.0676785976	0.0771112653	0.0925490575	0.1430098558	-0.0101162348	-0.0491597484	0.0593725411	0.0197013533	0.0663447134	-0.0394043671	-0.0577501242	0.1100775416	0.1155673834	-0.1829577143	0.0354198241	0.0820857379	0.060376722	0.0076796161	0.0076077216	0.0669499385	-0.0122437237	-0.0586243606	0.0859224875	-0.0983015954	-0.0699968959	-0.0441949051	-0.0725678119	-0.026900553	0.0533333309	0.1161637033	-0.1049232189	-0.0269024404	-0.0616024994	-0.0486467408	0.0108648111	-0.1213827321	0.1341061386	-0.1614348999	0.0462589835	0.0156691077	-0.0429172323	-0.0061519191	-0.0233084622	0.0538215237	0.0341978479	-0.1114188518	0.1359202328	-0.0230413102	-0.0451421962	-0.0264817182	-0.1590929473	-0.0417995464	0.1213712276	0.0310598646	-0.0294912687	-0.0101648617	0.0255904102	-0.015458785	0.0130865126	0.1031475142	-0.0169151494	-0.0321046853	0.1124285121	-0.0002552318	0.0926576593	0.030594277	0.0636081324	0.0273927937	-0.010836644	-0.020332008	-0.0812174895	0.0430614368	-0.0115909009	0.0619982729	0.0081160337	0.1682795055	-0.0857396185	0.1073268439	-0.058770933	0.0604994131	0.0729692117	0.0757759598	0.1294366576	-0.0283848811	0.023763959	-0.0067888691	0.0394855893	-0.0207387617	-0.0543660735	-0.0577108857	-0.1630050276	-0.0890301126	0.0161173841	-0.0166617266	-0.1766771317	-0.0628835695	0.064917191	0.08727193	-0.0442035738	-0.0411790205	-0.0150893111	0.0642290407	-0.1118543473	-0.0009898558	0.0870765746	-0.0175228027	-0.0483189111	-0.0796526333	-0.0593438763	0.0036347365	0.0253441926	-0.0145512428	-0.0344304438	0.056497031	0.0478030813	-0.0268319309	-0.0924157511	0.0736186857	0.0551452713	0.0	0.0	-0.1350597686582944	-0.0086956551550798	0.018241141110032	7.561441857606747e-05	0.1687001993625045	0.0047179780622882	0.0284597572649487	2.225931699623364e-05	-0.1862163493944493	-0.0093708788374585	0.0346765287817956	8.781337018632792e-05	0.0045187899430625	0.0001627111747173	2.041946254952279e-05	2.6474926377916164e-08	0.000228653747804	0.0001775955836047	5.2282536384815244e-08	3.15401913159089e-08	-0.0023670333494818	-9.79099770344002e-05	9.586363602876773e-09	5.6028468775590295e-06	0.0	0.0
68.68927667004773	0.1298679936679434	0.0168656957793369	4718.216729454363	78.58471761470618	0.1822163559669718	0.0332028003818821	6175.557842583112	71.77539578271568	-0.0507380678019444	5151.70743976548	0.0025743515242747	74.50066076546398	60.51314888129363	0.877479	24.36998	0.0723060110915676	0.0356921172802626	-0.0885876881	-0.0489779593	-0.0453514162	-0.0463840232	0.0558649832	0.1162129969	0.032341882	-0.01545332	-0.0570618236	-0.1008565975	0.0515940396	-0.0861159704	-0.0585319455	-0.0053157199	-0.0680280107	0.1063426337	-0.0053283815	0.0016458072	0.0488840461	0.1158518699	0.0290018862	0.1237726276	-0.045069336	0.0993705365	0.0464552984	-0.0218674432	-0.0058285627	0.0763554035	0.0834560576	-0.0802371472	0.1075424054	0.0329738691	-0.0100010684	0.019375206	0.0312087476	0.0188371126	0.0885598439	0.0727759412	0.0716082911	0.0916948262	0.0586894452	0.0020759652	0.111663681	0.0066079722	0.1417731546	0.08691357	-0.0011958177	0.1020590274	0.072621695	-0.0477228666	0.0701750631	-0.0171220264	-0.0993595083	0.0567900738	0.2178957877	-0.0891777908	-0.0269463115	-0.1156429256	0.0160818388	0.0268285105	0.0175324126	0.0411119387	0.0143058397	-0.010016123	0.1241004646	0.0733741411	-0.0524167018	0.0733570503	0.0612946207	-0.0130244003	0.0256738752	-0.0654992352	0.0757278814	0.1412045517	-0.0313859121	-0.081739664	-0.0334774413	-0.0743100115	-0.0112512243	0.0569642942	-0.0516172539	-0.0615850578	-0.0422873716	-0.0623513505	0.1462216431	0.0344233191	0.0636745271	0.0860764422	-0.0730507229	0.112702964	-0.0162595995	0.0488068458	0.0388229563	-0.0538143901	0.0399003195	-0.0002126252	0.1188369815	-0.0318603781	-0.0704523099	-0.0833503801	0.0055564859	-0.1237159694	0.021031047	0.0251628814	0.06357552	-0.0973840019	-0.0294822545	-0.1195337382	-0.1061478285	-0.0520675923	-0.1054331901	0.1026910963	-0.1792015499	0.0979416723	0.030262066	-0.023698624	0.0429324465	-0.0364289616	-0.002913066	0.0678440746	-0.1117240977	0.0263537943	-0.0466804472	0.0273975724	-0.0384192449	0.0433201944	-0.1057838815	-0.0037014584	0.0008887619	0.051039792	0.0480764585	-0.0119181228	0.0142398687	-0.0389948893	0.0835027943	0.0345565718	-0.1667702762	0.0168044578	0.0877557084	-0.0042361532	0.0240459989	0.0369276115	0.0931086985	-0.061362057	0.0477354585	-0.0181374762	-0.0761030814	0.0305608969	0.0275340079	0.0282089394	-0.0240802372	0.0884826292	-0.0556159454	-0.0998147172	0.0780107875	-0.1125772355	-0.0928355026	0.0210182189	-0.0661713392	0.0390838861	0.0820974378	0.0967168068	-0.0021212687	-0.0465579251	0.1956874329	0.062168669	0.0850536856	-0.0383761006	0.0137101369	-0.1208456799	-0.0474395536	0.0806296083	0.0514647796	-0.0426486917	-0.0015650625	0.034606727	0.1346587015	-0.1463135128	0.1056329415	0.0489132506	-0.1017683346	0.0069106408	-0.1026076825	-0.1099029944	0.0835888387	-0.0705819136	-0.0556836097	-0.0915286731	0.1032015509	0.0256578623	-0.0286375605	-0.0905259858	0.0775516848	0.048622297	0.0	0.0	-0.1442583867258235	-0.0091986180675291	0.0208104821407372	8.461457435227303e-05	0.1706790640831599	0.0019788647206553	0.0291313429163034	3.9159055826545474e-06	-0.2140304093005625	-0.0278140599061131	0.0458090161053663	0.0007736219284608	0.0047389573681225	0.0002201674250599	2.245771693688253e-05	4.847369505755056e-08	0.0003160424170132	8.73886692092e-05	9.988280935154541e-08	7.63677950615498e-09	-0.002725766623158	-0.0003587332736762	1.286895616424435e-07	7.429803683922168e-06	0.0	0.0
68.66601471870118	-0.023261951346555	0.0005411183804494	4715.021577348887	78.45204352500826	-0.1326740896979146	0.0176024140771702	6154.723133249791	71.71122170807024	-0.064174074645436	5142.499318864005	0.0041183118565979	74.46721738510317	60.31144625830681	0.895513	24.870823	0.2536736399762609	0.1053914575605303	-0.101489137	-0.0474689325	-0.0614129328	-0.084866742	0.0270783556	0.084681749	-0.0291857895	-0.0328931863	-0.0180042156	-0.098246966	0.0458984226	-0.0410918598	-0.1057561791	0.0123617291	-0.0393168209	-0.0044117468	-0.0009346764	0.1734879063	0.0790850602	0.0370814144	0.0283056065	-0.0511377874	-0.0812076419	-0.0729208896	-0.0401035651	-0.0261417554	-0.0142156983	-0.0802981804	-0.037700084	0.1273699922	0.0257056757	-0.1066446815	0.020015979	0.0293394537	0.0373153448	-0.0702690902	0.0519406946	0.0557430185	-0.075107377	-0.0997221277	-0.0384623938	-0.1414048181	-0.1283697668	-0.1053045243	0.1203631224	0.1169075857	0.0797542935	0.0044239346	0.0710909644	-0.1012608854	0.0122122097	0.0235751843	-0.0170501452	0.0760710349	-0.1026127829	-0.0482358615	-0.0311621039	-0.0412735802	0.0291743293	0.0136714769	-0.0876379893	-0.0655336089	0.0915752833	0.067979105	0.0536205596	-0.0950402725	-0.0897503776	-0.088612442	0.0289335743	0.0890876195	0.0600239746	-0.0356289643	-0.0338386534	-0.0151350042	-0.0813744543	0.0172362273	0.0429579276	0.0240307677	0.0560179213	-0.0244340354	-0.0539830946	-0.0154129956	0.0153330293	-0.0856406538	-0.1759136434	-0.0520367947	0.0529093754	-0.1176458226	-0.0616959689	0.0795831543	-0.0437354119	-0.0472046442	-0.0306742626	-0.0783746446	0.0696572324	0.0804061855	-0.0639753037	-0.0172627267	-0.0615017203	-0.0806633623	0.0151459219	-0.1273861561	0.0345418595	0.0146702377	0.0620457472	-0.1080958784	0.0127953904	-0.0268364705	-0.0667164062	0.0244243697	-0.0156053805	0.1514795498	-0.1774277121	0.1169714097	0.0243434561	-0.0066560848	-0.0267698062	0.1135789533	0.1196639858	-0.0114447012	0.0497898042	-0.0043945196	0.0814643613	0.0874645712	-0.0295289366	0.0239495009	-0.1308504259	-0.0388661207	-0.0602575015	0.0533886898	-0.1310485879	0.0330068574	0.1318178676	-0.0036607255	0.1083337184	-0.1403431101	-0.0615359361	-0.099789728	0.066557819	-0.0421636114	-0.0127937176	-0.0278567967	-0.0262342018	-0.0329857004	0.1364485699	0.0295743197	-0.078410117	0.0763959946	-0.0232325565	0.0407396031	0.0386133926	0.1493686398	0.085846144	0.0698690109	0.0262334033	0.1376566979	0.0724412119	0.0074165391	-0.0850622058	-0.0854300869	-0.0221456494	-0.2171747437	0.008585719	0.1240444718	0.0332416525	0.0684564127	0.0243091252	-0.0332893846	0.0662608083	-0.0934285235	0.0822933763	0.0251745029	0.0122491876	0.0584268425	0.029965232	-0.146109494	0.0655484503	-0.1439960683	0.2531368062	0.076752112	0.0972188148	0.0365000965	0.1395286072	-0.125931036	0.0938669894	-0.052700926	-0.1343985145	-0.0906149489	0.1225914383	0.0678851279	-0.0304342698	-0.0885234364	0.0812673177	0.0418570888	0.0	0.0	-0.0854368270315291	0.0588215596942943	0.0072994514132154	0.0034599758848694	0.1330665510613045	-0.0376125130218553	0.0177067070113507	0.0014147011358192	-0.2723225407532936	-0.0582921314527311	0.0741595662023292	0.0033979725893024	0.005639868620524	0.0009009112524015	3.180811805677129e-05	8.116410847036404e-07	0.0007840445472977	0.0004680021302845	6.147258521472554e-07	2.1902599395083013e-07	-0.0021157312896964	0.0006100353334616	3.721431080716055e-07	4.476318890200393e-06	0.0	0.0
68.77629530166125	0.1102805829600725	0.0121618069780134	4730.178795421311	78.77567798315093	0.3236344581426635	0.1047392624972954	6205.6074417050895	71.62551116068428	-0.0857105473859576	5130.213849029309	0.0073462979332004	74.49480124524699	61.84426586723082	0.983419	27.312208	0.1281106843325053	0.0711666431966781	-0.0543760169	0.0589976302	0.0831503996	-0.1071692264	0.0299278022	-0.0413797423	0.0681361752	-0.1071138763	-0.0685973045	-0.027975327	-0.0573971004	0.0874067339	0.0057504197	0.004270878	-0.0603589214	-0.0692765577	0.0845031217	0.1714532232	-0.0213383228	-0.0467204355	0.1081081537	0.0286550263	-0.0631069187	-0.0997751504	-0.1296650293	-0.0713578198	0.125654077	-0.078355786	-0.0733090284	-0.0189691163	0.0970894144	0.0075772021	-0.1051369728	0.0619483026	0.079209218	-0.013736724	-0.0575677537	0.0992387938	-0.0548763186	-0.0436342939	0.0964970553	-0.0070889332	-0.0475939803	-0.0008469112	0.2044644629	0.0065978895	0.1090650444	-0.1187425089	0.1154262339	0.0358348055	-0.0747575886	-0.1901794041	0.0513451323	0.0686081175	-0.1314806002	-0.1173312221	-0.0368120915	-0.0740297684	-0.0343039954	-0.1217822384	0.1048762185	0.1353916493	0.0725397227	-0.0040139226	0.0256440315	0.0582695598	0.1750510569	-0.0033544597	-0.0491741786	0.0857778199	-0.095076283	-0.0282345161	-0.0036089344	0.0045033757	0.0057056856	0.0573768829	-0.1049590808	-0.0076070518	0.1045612061	-0.0187840975	-0.0023076951	-0.032057836	-0.1564869136	0.0169947292	-0.0199828985	-0.0781339271	-0.0605672509	0.0666376926	0.0646001403	0.0358905159	-0.0471848848	0.0177310948	0.1270506707	-0.0134696262	0.16468152	-0.0164438456	-0.1169136489	0.0652235409	-0.0635087081	-0.0618404096	0.0730645754	-0.1264725944	0.0680833293	-0.0101307376	-0.0094613707	-0.0262157734	-0.0466163137	-0.0576149411	-0.1973485188	-0.0205769142	0.0664609672	0.186512721	-0.0601565053	0.0713666332	0.0233211175	-0.0274512794	-0.063575051	0.0732842047	0.1476166597	-0.0967611777	-0.0467800326	-0.0446402192	0.1004386776	0.0488553421	-0.0033381948	0.1349932051	0.0410435386	0.0792014487	-0.0327687048	-0.1244266653	0.1401288201	-0.001016218	0.0592480358	-0.0001404262	-0.0402172706	-0.065726613	0.1386352058	-0.0370055454	-0.0224875678	-0.0254706975	-0.196873913	0.0231457648	0.0044190545	-0.0166237614	0.0468128336	-0.0097090462	0.1178034565	0.0158130141	-0.047965198	0.1008206172	-0.0234514215	-0.1013249266	0.0660710448	0.1335205302	-0.0517857714	-0.0355496386	-0.0505073696	-0.0428095883	0.1054229373	-0.0237197723	-0.0361302335	-0.0078698616	0.0666977161	0.061151984	-0.0356521905	-0.0323038703	-0.0125920882	-0.0124387351	0.1518612945	0.0542224008	-0.0363591321	0.0799007752	-0.0619663144	-0.0440389277	-0.1274152501	-0.0718040624	0.038068928	0.1005359072	0.0947969737	-0.0179838259	0.0814005865	0.0594338883	-0.0404264654	-0.027992027	0.0847890797	0.0698246101	0.0830430338	0.1419345363	0.0992767346	-0.0284141494	-0.032221499	-0.0864105979	0.0847551701	0.0348833508	0.0	0.0	-0.1160364617080489	-0.0305996346765198	0.0134644604457234	0.0009363376423364	0.1428056769427286	0.0097391258814241	0.0203934613670709	9.485057293422503e-05	-0.278379365865625	-0.0060568251123314	0.0774950713397475	3.66851304413684e-05	0.004441862574978	-0.001198006045546	1.9730143134990184e-05	1.4352184851647664e-06	0.0006850540275267	-9.899051977099998e-05	4.692990206305527e-07	9.799123004532736e-09	-0.002453036697624	-0.0003373054079275	1.1377493821720443e-07	6.017389039890059e-06	0.0	0.0
68.75678884423205	-0.0195064574292018	0.0003805018814372	4727.4960121703125	78.74013805389404	-0.0355399292568847	0.0012630865715843	6200.009340746293	71.8410544832912	0.2155433226069192	5161.137109271215	0.0464589239204304	74.47299672179673	62.277292831524	0.931328	25.865499	0.1110380976047091	0.05732176878571	-0.0693884908	0.0575313473	0.0865251533	-0.0368990084	-0.1885879449	-0.0425688257	0.0990446524	-0.158166038	0.0141032217	-0.0324574828	-0.0660984382	-0.0687642932	-0.0838660097	-0.0313008734	0.1575395444	-0.093312297	0.0757660564	0.0313905167	0.1062305522	-0.0920901486	0.0459532937	0.0750437929	-0.1094736963	0.0055784268	-0.0485882095	-0.0254683498	0.0351004567	-0.0127623067	0.0403091669	0.0789714503	0.0540379126	-0.0029610183	0.0913977066	-0.0047351113	0.0519951039	-0.0266703686	-0.0075163093	-0.0574754359	-0.1887458536	-0.1565800382	-0.0188110069	0.1581122648	-0.0157604848	0.0160449999	0.1107401738	0.0417185741	-0.0223404803	0.0746847027	0.017479062	-0.0434370229	-0.0597031079	-0.0428053209	-0.1515162206	-0.0918972059	0.0646637289	0.1606426735	-0.0257974502	-0.0135370037	-0.0171331782	0.0131314658	0.0587410841	-0.1007566854	-0.0779637401	0.0088053654	-0.2197846109	0.026395973	0.1123239125	-0.0082732435	0.0564978954	-0.0712007546	-0.1217962855	-0.1149716871	-0.0272609241	-0.0513235863	-0.0026697677	0.0535021213	0.0531872694	0.0417035521	-0.015995139	-0.058267814	-0.0561537248	-0.0338650949	0.1050536746	-0.0388124342	-0.100229284	-0.1163152822	-0.0216890935	0.1205525148	-0.0830871374	0.058400681	-0.0504436947	0.0461747794	-0.1302369723	0.0599637785	0.0149395236	-0.0314402086	-0.1722520531	-0.1149850658	-0.0340230726	-0.0161173469	0.1003974804	-0.1095126902	-0.0827218977	0.0323261873	-0.1073666074	0.0073521893	-0.0304218073	-0.0432537179	-0.1150910372	-0.072695051	0.0894363834	0.1509017149	0.0570754246	0.0829472752	-0.0560106305	-0.0625807625	-0.1591826809	-0.1059112761	0.0207206648	0.0342213394	-0.0768861719	0.0260273579	0.0273022365	-0.0353270229	-0.0101837552	0.0390689191	0.0898186661	0.0777033095	-0.0784900183	-0.1711385471	0.0080615884	0.0075889528	0.1012589142	0.0362750424	-0.1607385941	-0.0093825449	0.0535707571	-0.1102908376	-0.0920283124	-0.1609046306	0.0383984425	-0.0100273834	0.0454870771	0.0371277097	-0.1156100969	-0.0395781639	0.1258825444	0.0338582978	-0.1128916535	0.1290740307	0.0571178992	0.0245462239	0.0244148024	0.0407385201	-0.0104061085	0.0005372325	0.0632296087	0.0269732994	-0.0765544899	0.0376026637	-0.0932456007	0.0125929607	0.1198063149	-0.1050386814	0.0157796011	0.19836257	0.1020614939	-0.0765781543	0.0981004857	0.0860504302	0.0039828053	-0.0924325094	-0.0189005502	-0.0034943135	-0.0937134	-0.006327205	-0.0199080738	0.0902148425	0.0048388943	0.0632017903	-0.0237938147	0.153889974	0.0053001684	-0.0494952293	0.1607312153	-0.0174778999	-0.0896297155	-0.0106715576	0.0509423319	0.0982165637	-0.0339986915	-0.0841901024	0.0880054659	0.0277358257	0.0	0.0	-0.1345580538868915	-0.0185215921788425	0.0181058698658275	0.0003430493768393	0.1498204249102883	0.0070147479675596	0.0224461597202993	4.920668904838276e-05	-0.275638304981193	0.0027410608844319	0.0759764751729051	7.513414772163081e-06	0.0052590601832261	0.0008171976082481	2.7657714010794143e-05	6.678119309264163e-07	2.35860266764032e-05	-0.0006614680008502	5.563006543800034e-10	4.375399161488884e-07	-0.0026295850200031	-0.0001765483223791	3.116931013487473e-08	6.914717377424705e-06	0.0	0.0
68.56061218832396	-0.1961766559080899	0.0384852803232811	4700.557543637756	78.2809163165647	-0.4592217373293437	0.2108846040357807	6127.901859361005	71.86564211451679	0.0245876312255859	5164.670516531809	0.0006045516092854	74.33630562032769	61.77689532876168	0.941267	26.141537	0.0617154751944125	0.0358073829979231	-0.1012339534	0.0185308559	0.0722876684	-0.0893752009	0.0302821193	-0.017810958	-0.1146030958	-0.1190427591	0.0277470743	-0.0148484375	-0.0003745509	-0.11131993	0.0162829907	0.0663466171	0.1591158473	-0.1167136663	0.1443639725	-0.103113164	0.0573901024	-0.0642813321	0.0629116117	0.1109684657	0.1225389667	-0.1558357516	-0.051309188	0.119947129	0.0118740508	-0.0421232597	0.0850811862	-0.0331061815	0.1090250224	0.066569461	-0.072452874	0.0383648915	-0.0290192395	0.0703433069	-0.0635925434	0.1884261201	-0.060315211	0.0397133145	0.0082744897	-0.0420168656	0.0519042103	0.0734886426	0.1307153427	0.0263895083	-0.0827377276	0.0134499823	0.0317991843	0.0080540399	-0.1474726859	0.0430737346	-0.1095593953	-0.0137981838	0.1098893286	0.0195861239	0.1065655249	0.0615401685	-0.0537087472	-0.1026669768	-0.0675076419	-0.0300791316	0.0324313672	-0.0098738153	-0.086453564	0.1152683986	0.1682915926	0.0060734631	0.1094934771	-0.0587913288	-0.082076269	0.0702157845	0.0631853698	0.0493992331	-0.0858118552	0.0795614104	-0.0280004852	0.003539041	-0.127196792	0.0198186597	0.0100108566	0.1058854281	0.0194210448	-0.0777445285	0.098384924	0.1689868748	0.1252313768	-0.0294660783	0.1065273314	-0.0419381887	-0.1112923803	0.0130225361	0.0319177327	-0.0637280507	0.1298923221	-0.0123078317	0.005761016	-0.0015767104	-0.023641684	-0.0823314612	-0.0223123525	-0.060872002	-0.1543681834	0.0539713157	-0.0686858146	0.0418657504	-0.0152670129	0.0262083119	0.1627570196	-0.1440207117	0.0474864286	0.112088166	0.1154110425	0.095280179	-0.1422487251	-0.0114497615	-0.0102252038	-0.0968167169	-0.0756544184	-0.0578210627	0.1232082477	-0.0075012691	-0.0332584147	-0.065913136	-0.1355639231	0.0945690408	-0.0702747765	-0.0133155475	-0.0583424798	-0.143023136	-0.0503205072	-0.0150288389	-0.0416324265	0.0707421393	-0.0107933881	0.1033236028	-0.0159965984	0.0097216641	0.0446943276	-0.1188854341	0.006162606	0.0641965472	-0.0420959612	0.040583499	0.0380250381	-0.0777495214	0.1235354969	-0.0479466926	-0.1604867746	-0.0988585232	-0.0160080134	-0.096173969	-0.0060179376	-0.0700216337	0.0746871324	0.0251563948	-0.0696922715	-0.0488329661	-0.0509372928	0.1491413419	-0.0732406669	0.0712908155	-0.0465438578	-0.02983205	0.0978241692	0.0594043526	0.0188075866	-0.0098694154	0.0883468234	-0.0985376113	0.1026079407	-0.1042800046	0.0262063508	0.0459833094	-0.0525159333	0.0321742104	0.0116258494	0.0643343223	0.1054341141	-0.023861527	0.0206464524	0.0716494397	-0.0274488976	0.0908594076	0.1199508381	-0.0259493213	-0.0018022768	0.0556845666	-0.0482281074	0.0221688628	-0.0357652936	-0.0818647166	0.0910090951	0.020450122	0.0	0.0	-0.1031448066645595	0.0314132472223319	0.0106388511418693	0.0009867921010513	0.1513811495710513	0.001560724660763	0.022916252445453	2.4358614667138222e-06	-0.2728313296218303	0.0028069753593626	0.0744369344232158	7.879110668069334e-06	0.0053514761732001	9.241598997399968e-05	2.8638297232328383e-05	8.54071520287441e-09	0.000349232250721	0.0003256462240445	1.219631649436554e-07	1.0604546323450375e-07	-0.0025289566749826	0.0001006283450205	1.0126063821564828e-08	6.395621863939048e-06	0.0	0.0
68.54799026478796	-0.0126219235360025	0.0001593129537486	4698.826969341464	78.41473426375278	0.1338179471880778	0.0179072429896311	6148.870549654964	71.78883732786966	-0.0768047866471306	5153.637164887332	0.0058989752519112	74.37490770095157	61.09778919305887	0.881209	24.473551	0.0974023549627984	0.0530668110432632	-0.0971265769	-0.0155769975	0.069153314	0.0657324463	0.1304476956	0.0123225479	-0.0681278073	-0.0880272289	0.0207058051	-0.0211336206	0.1307599245	0.0053858452	0.0143060985	0.0325568977	0.1475345818	0.1768177663	0.0705131363	-0.0241796913	-0.0517973468	-0.056917602	0.0305679469	-0.0934894031	0.0826942262	0.0342391518	-0.064342607	0.1373367581	-0.1025676461	0.0015189334	-0.0461448281	-0.0925906455	0.0519006613	0.0101290317	-0.0244771682	0.0863137916	0.0355100962	0.0168263654	0.0906599243	-0.0989891721	-0.0622734174	0.0733033474	0.0672343569	-0.0151723895	-0.0833819893	0.0255823313	0.1305838762	-0.1463305643	-0.0182199727	0.0725575134	0.0938773011	0.0382536183	0.1075903242	0.0637597992	-0.0357431966	0.0114740036	0.0183209221	-0.0197703369	0.0041154111	-0.0281737376	0.0694259132	-0.0106927488	0.0478216593	0.072631079	0.0029181114	0.0420491515	0.1295135913	-0.132996848	0.0574771144	0.0819627465	0.0751791455	0.0194973028	-0.0159712655	0.0349237832	0.1140747688	-0.0349086039	0.0340979686	-0.0781240855	-0.0388324323	-0.0227353371	-0.0084657626	-0.2051430762	0.0154256343	-0.0257994822	-0.1324776953	-0.0172893196	0.0275195948	0.1079610613	0.0324679939	0.0619671642	-0.0595478279	0.0494132146	-0.0155931528	-0.0861987871	-0.0090985584	-0.0486640638	-0.0391746704	-0.0249080758	0.0701815013	0.0319427648	0.0878416032	-0.1386467562	-0.0716713685	-0.0262118735	-0.0470607691	0.0219298471	-0.1463321103	0.0494225554	0.0707667016	0.0391566471	0.0941500249	-0.1441288692	0.0020077439	0.0461323682	0.062529069	0.1195217439	-0.0358022849	-0.0488846791	0.0743151554	0.0175288911	-0.0689035214	-0.0219382931	0.0612660087	0.0713962003	-0.0528177798	0.0229611946	-0.1326486348	0.0535112131	-0.0198982716	0.0196170906	0.0858998637	-0.0990347218	-0.0580658904	0.0284006956	-0.1178386973	0.00830749	0.1311404216	0.0343271107	-0.0440042809	-0.0771833353	0.0067076582	0.0759208597	0.0442550228	0.0321848207	0.1004918202	-0.0084818572	0.0516966449	0.026268967	-0.0870321043	0.1765888281	0.0748425703	0.0285335983	0.065669688	0.0004597128	0.0233937593	-0.0597967785	-0.0687306866	-0.0078984981	-0.0065256735	-0.035253438	0.0018989651	0.0122701039	-0.0719988273	-0.0516911098	-0.1612821794	-0.0356064388	-0.0090022065	-0.0120191179	0.0171256447	0.07573996	0.0832757523	-0.0742744932	0.1671114701	-0.0373386154	-0.0346835994	0.0684245001	-0.0323827699	0.1274602861	0.0180308923	0.0144685215	0.093046521	0.0646887145	-0.0276025283	0.1174479673	0.0075570216	0.0903620732	0.0799861782	-0.01403299	0.0966275142	0.039924635	0.0332359326	0.0714006445	-0.037520755	-0.0794373376	0.0937576389	0.0130625369	0.0	0.0	-0.1189630335622666	-0.0158182268977071	0.0141522033543369	0.0002502163021873	0.1418426087422517	-0.0095385408287995	0.0201193256548075	9.098376114267687e-05	-0.3132096891716571	-0.0403783595498267	0.098100309391006	0.001630411919935	0.0059819910721607	0.0006305148989606	3.5784217187410324e-05	3.975490378112956e-07	0.0003519391650892	2.7069143682000225e-06	1.2386117592368318e-07	7.327385396767727e-12	-0.0025290794153831	-1.2274040049999393e-07	1.506520591489891e-14	6.396242689314523e-06	0.0	0.0
68.66967605566177	0.121685790873812	0.0148074317005851	4715.524409589527	78.55780751760616	0.1430732538533874	0.0204699559681958	6171.32912197326	71.65338944513863	-0.1354478827310288	5134.208218976704	0.0183461289363185	74.44496678565743	60.76830327188647	0.891441	24.757723	0.0653601311403425	0.0289772902680791	-0.0883213916	-0.052141098	0.1015875236	0.0662991966	0.1778153921	0.0211379884	-0.0337049827	-0.0302730035	0.0722459836	0.0102672005	0.1285886686	-0.0349550211	0.1385795595	0.1554978995	0.1377854172	0.0813117019	0.0652816343	-0.0146571961	0.1044320425	-0.0226894819	0.0215532183	-0.0408221068	0.0828777579	-0.0412004062	-0.0369822607	-0.0054935687	-0.0211904518	0.1202438648	-0.060651943	0.1381240694	0.0871105329	-0.076323099	0.0132559959	-0.0152443281	-0.003625088	0.0129349853	-0.1153508286	-0.0111328679	0.0311172017	0.0795873565	-0.100956726	-0.114393778	-0.1126618337	-0.0921144724	0.0633598179	-0.0922425058	0.0719148329	0.05324716	0.0247427596	0.0226393641	-0.1104062371	-0.0385344246	0.1014493211	-0.0715477659	-0.0466259751	-0.0109087001	-0.0494230703	0.0708144787	0.0329409982	0.0816680168	-0.0098372883	-0.0103228367	-0.0418867572	-0.0365494715	0.1700469569	-0.1039996329	-0.0550714407	-0.0016129719	0.0966305356	-0.0254318681	-0.0130915728	-0.0928616302	0.123656775	-0.0148692483	0.0679616058	0.0867339756	-0.0879992659	-0.0201399291	-0.0265703213	-0.0404851383	0.0004131465	0.0406217091	0.1404291224	0.0122230748	-0.1512858303	0.0447805137	-0.0029864861	-0.0437613909	0.1620767004	0.0087432099	-0.0421926599	0.0646565323	0.0553685848	-0.0687804533	-0.023139071	0.0840940305	0.0669568036	0.0842983724	0.0680100435	-0.1523650766	-0.1126234348	-0.0626094392	0.0614642828	-0.0029075989	-0.0785386484	0.1037070811	0.0568200768	-0.0535857621	-0.0110332296	-0.0969501346	0.0417424562	-0.0372841278	0.0709870203	0.1271777966	-0.0932142013	-0.0629682282	0.043633047	0.1090300156	-0.0096644411	-0.028386305	0.2193635949	0.1160649621	0.0026438034	0.0464390722	0.0068281875	0.0710818747	-0.0415006995	0.0160887815	0.073620096	0.1100445619	0.0157269483	0.0701007957	-0.0398239506	-0.0014652342	0.0681584375	-0.1267509158	0.0254595468	-0.1267335345	0.0431012025	0.2137486416	0.0994152787	0.0060300982	0.0774571208	-0.0216354488	-0.0667866663	-0.0019126962	0.0532483851	0.0250449809	0.0299533734	0.077973745	-0.0390855707	-0.0284230399	0.1138725458	-0.043650188	-0.0104420805	-0.0665048543	0.0051030334	-0.0757924183	-0.1452709352	-0.0063309202	-0.0041205798	-0.0190486246	0.0115044936	0.0923269482	0.00600267	0.0620069695	-0.0052231382	0.0741666557	0.0532520094	-0.0773283169	0.0635598918	0.1037485506	-0.1100597746	-0.0002422944	-0.118533179	0.1057968629	0.0201270491	-0.0525325901	0.0198280424	0.0445878048	0.016714389	0.0096806614	0.0492539537	0.0563318437	0.0711527076	-0.0721581152	0.0491433864	0.1310401878	0.0621172022	-0.0745609753	-0.039264529	-0.0769109895	0.0962433935	0.0056098749	0.0	0.0	-0.1325428785784197	-0.0135798450161531	0.0175676146618537	0.0001844121906627	0.1387770701690129	-0.0030655385732388	0.0192590752046951	9.397526744015124e-06	-0.2924565098321565	0.0207531793395006	0.0855308101432062	0.0004306944526974	0.0057978568568557	-0.000184134215305	3.361514413258865e-05	3.3905409245988194e-08	0.0002259476273926	-0.0001259915376966	5.1052330324345206e-08	1.5873867571153785e-08	-0.0027781850266105	-0.0002491056112274	6.205360554497666e-08	7.718312042082785e-06	0.0	0.0
68.6652403152689	-0.0044357403928643	1.967579283288809e-05	4714.91522755363	78.56688193942226	0.0090744218160949	8.234513129642031e-05	6172.754937683116	71.58861895219995	-0.0647704929386776	5124.930363483282	0.0041952167555192	74.41262628194208	60.766840932912345	0.96622	26.834547	0.0572371806234301	0.0278301065490279	0.0281177391	-0.1268268803	0.1105368732	0.1203322891	-0.0289978415	-0.0381621263	0.067783759	0.0797219858	0.1316562147	-0.0314557096	0.0164431513	0.0200855164	0.0713689393	0.0075760649	0.0568477351	0.0744332923	-0.1231908323	-0.0601788003	-0.0202734291	-0.0505401597	-0.0955417157	0.0157785813	0.0091051596	-0.0404940023	0.0705732016	-0.125535768	0.0031395725	0.0751766141	0.0763930063	-0.060815213	0.0395761271	0.0955552339	0.0731814782	-0.1301449013	-0.0533343018	-0.1418280238	0.0107457166	-0.0819493722	-0.0219768235	-0.0098152978	-0.1262464048	0.0007452758	-0.0753996298	-0.136810169	-0.0735447525	-0.0346899445	0.0815763012	0.1361231516	0.0256404836	0.07475044	0.0322802641	-0.0277050894	0.0288178949	-0.0040824974	-0.0161292772	-0.0694199605	0.0660103105	-0.0472013805	-0.0785815812	-0.094407915	0.1202882798	-0.1077114916	-0.0482689956	-0.1937527668	-0.0438902168	0.0526779446	0.1140624697	0.0199291819	-0.0520271907	0.0231135103	0.0290593378	0.0447479961	0.028182902	-0.0379439251	-0.0099790563	0.0256957346	0.0645986481	-0.0882289494	0.0669898738	-0.0388461899	-0.0431366682	0.0125375933	-0.0970482181	0.0201764957	-0.0926935994	0.0108097067	0.1060873379	0.0152528153	0.1471867952	0.0009930848	0.0492273563	-0.0052528826	-0.1319354797	0.0852286225	-0.0125661873	-0.0562318215	0.0545604953	-0.0726013298	0.0806736122	-0.0574038676	-0.058267161	0.0842695979	0.1376304304	0.0425950456	-0.0886471586	0.10545133	0.0537210686	-0.0606679132	-0.1858117336	-0.0585701192	0.0557029741	0.0249640674	0.1332718111	0.0869845081	-0.043143421	-0.115322335	-0.0554487057	0.0340300502	0.0582298211	-0.0581026789	0.0241290134	0.0544414827	-0.0767452606	0.0289177841	0.085097337	0.1245524951	-0.0520113012	0.0404511283	0.1136948586	0.0709313845	-0.0126102276	-0.0092757205	-0.0200370959	-0.0782100225	0.007540115	-0.0046916187	0.0321760335	-0.0179135707	0.0580244705	0.0663904051	0.0345813477	-0.0346455243	0.1096599063	0.0106162692	0.0284235744	0.131513956	0.0117706323	0.0115108565	0.0686126881	-0.0892336447	0.0306640718	-0.1169710518	0.1203943225	-0.1269682086	-0.0627491612	-0.083144989	-0.0261117395	0.0953017722	0.0358900432	-0.0612183799	0.1104380737	0.1128679902	0.0694374373	0.1335850024	0.0137816037	-0.0393893709	0.1083978972	0.0252425508	-0.0569217976	0.0412501936	-0.0004667597	0.0726223846	-0.1834878038	-0.0744436507	-0.1484465757	0.0095978131	-0.0354283127	0.0531315506	0.0025166434	0.0169602781	0.0166592058	0.0588929523	-0.0110694074	0.0112350616	0.0123577572	-0.0567724956	-0.0200430904	0.0810113795	0.1764862029	0.0131494165	-0.0409960724	-0.0742888199	0.0984593917	-0.0018707352	0.0	0.0	-0.1130968398230862	0.0194460387553335	0.0127908951779688	0.0003781484232739	0.1527633002304895	0.0139862300614766	0.0233366258973106	0.0001956146313325	-0.2872759938053164	0.0051805160268401	0.0825274966168321	2.6837746304347237e-05	0.005594312205423	-0.0002035446514326	3.1296329051744755e-05	4.14304251268591e-08	0.0001868680463061	-3.907958108650001e-05	3.4919666730258726e-08	1.5272136578963295e-09	-0.0029080487096869	-0.0001298636830763	1.6864576182167587e-08	8.456747297911644e-06	0.0	0.0
68.6762556834004	0.0110153681314955	0.0001213383350723	4716.428094691785	78.59835428969805	0.0314723502757914	0.0009905088318821	6177.701297048896	71.70220491426801	0.1135859620680577	5141.20618956768	0.0129017707789262	74.41058265494483	61.33723338107498	0.970122	26.942924	0.1777351356526732	0.1006408508384823	0.1113938766	-0.0479212748	0.1143906737	0.0937713128	-0.1258590247	-0.0151803782	0.0808085309	0.1832921455	0.0114981593	0.067727513	-0.0401424911	0.0221252121	0.0151711222	-0.0442171512	0.1148719438	-0.0735906442	0.0765734118	-0.0616797679	-0.0261211284	0.031756643	0.0747795737	-0.0266103409	0.0963919333	0.063721373	0.0597968484	-0.0265791197	-0.0723342668	-0.0463500563	-0.0125301511	0.0724067021	0.0936396606	-0.0971174252	-0.0399828366	0.0392368367	-0.0601421261	-0.0238966154	-0.031280413	-0.1277824687	-0.0307267534	-0.0608560892	0.0527235725	0.1369428878	-0.095808932	-0.0475097912	-0.058061071	-0.0045303499	-0.1821200165	0.0356655527	0.0332625359	0.0324253155	0.1822864348	0.0141313488	-0.0604674597	-0.0039724685	-0.1068734586	-0.0699856867	-0.0268229258	-0.0324232764	-0.0544812287	0.0232138702	-0.0964232489	0.0571647162	0.0330673074	0.1031620133	-0.0370459998	0.076228779	0.0653718735	0.0214851158	0.0770167974	-0.0816373893	0.0596818921	-0.009581998	0.1151022466	0.0797934156	0.0423239787	-0.0117903633	-0.0340627759	-0.008473135	-0.0440940459	-0.0022002077	0.0149880119	-0.0085801387	0.048314473	-0.0848894821	-0.111279916	0.0249946411	0.0795306055	0.056937039	0.1442794501	6.50387e-05	0.0808327766	-0.0144029593	0.0949803835	0.0250136639	0.0503360631	-0.1128058856	-0.0655646067	-0.1333590965	0.0750492329	0.0884639298	0.0614695645	0.1669815223	0.1461042995	0.0471991628	-0.0762648512	-0.039866937	0.0621132587	-0.0231293428	-0.0871558801	0.0132552774	0.1675660828	0.0815101924	0.0741955851	0.1062822016	-0.082452199	0.0250646033	0.0379794382	-0.0300926745	-0.0527802687	0.0039859862	-0.0700712471	-0.0953462956	-0.1121111848	-0.0054560416	-0.1237317015	0.0357501782	-0.0416663155	-0.0030288575	0.0326552124	0.0155698815	-0.0638698624	0.0706930352	0.062058921	0.1045607728	0.0455469131	0.0478250358	0.0154000498	0.1371896797	0.0641946083	-0.0072141876	0.0083488695	-0.0015951105	-0.0375219136	-0.105332764	-0.1129659277	0.126058851	-0.0081203957	-0.0194505877	0.1779230851	-0.0109656895	-0.0378786007	-0.038120023	-0.0679697582	0.0952527198	-0.0068918381	0.0575426441	0.0353952126	0.0024842433	0.0649492399	-0.0447578891	-0.0010889643	0.1749361357	0.0517278377	-0.0224142682	0.052350536	-0.0557637613	0.0958133699	0.0159200613	-0.0745269061	0.164248447	0.0965150501	-0.0166223591	-0.0572713086	-0.0056967171	-0.0391767457	0.0276722634	-0.0537412433	0.0668111529	0.1374743005	-0.0351533998	-0.0206496799	0.0083043053	0.117366516	0.1067737521	0.0030553482	-0.0153336008	0.0947696262	0.0537141139	-0.0253858147	-0.0289103665	-0.0427148457	-0.0715740957	0.1003994225	-0.0093420254	0.0	0.0	-0.0921904763336982	0.020906363489388	0.0084990839266341	0.0004370760343504	0.1127381826178606	-0.0400251176126289	0.012709897819978	0.0016020100399047	-0.3742846600543927	-0.0870086662490763	0.1400890067520323	0.0075705080024431	0.0054117339141573	-0.0001825782912657	2.9286863957640296e-05	3.3334832441502795e-08	0.0001541587963449	-3.2709249961199974e-05	2.376493449050836e-08	1.0698950330242604e-09	-0.0025274364848822	0.0003806122248046	1.4486566567078336e-07	6.387935185113692e-06	0.0	0.0
68.56333047860852	-0.1129252047918782	0.0127521018772876	4700.930286318888	78.35003927142121	-0.2483150182768412	0.0616603483018279	6138.7286538332455	71.8159732774857	0.1137683632176873	5157.53401779254	0.0129432404692316	74.32582807526691	61.288888329244486	0.9377970000000002	26.045156	0.2089911487489697	0.0870277267219519	0.0844192813	0.0706156289	0.0584566041	0.0774416556	-0.0207109583	0.0851724905	-0.0447959154	0.1555853816	-0.11496598	-0.010750237	-0.1933651798	0.0228602603	-0.012281084	-0.1382976383	0.0342368767	-0.1730486261	0.0856639411	-0.0018507276	-0.0830719303	-0.0997835865	-0.1005523028	0.0313621207	-0.0546787633	0.0596078243	0.0144775154	-0.0808374447	0.0642699694	0.1454022544	-0.0583109686	-0.0533533731	0.0712766605	0.0706405511	-0.0276503253	-0.169244135	-0.1103589326	0.1238703115	0.0663563476	0.0677310639	0.0593268152	0.0502763546	-0.0514472442	0.0374370219	-0.0596639662	0.0455096718	-0.0685627139	0.111563562	-0.0993306063	0.0631207814	0.0577158558	0.0306793259	-0.0222970253	-0.0447151479	0.0281436357	0.1375975779	-0.0394160698	0.0185775674	-0.1716242274	-0.0261988866	0.0805662105	0.0271723251	-0.135239617	-0.0118012829	0.0273658762	0.045332259	-0.1143567377	0.1321842968	0.0976753599	0.0441574632	-0.1402199096	0.1153589027	-0.0565223178	-0.0178881213	-0.0265067695	-0.0984399156	0.0080229441	-0.0296208688	0.0227112097	0.0166018757	-0.0057930209	0.0289489716	-0.0324341253	-0.0838354723	-0.0323532091	-0.0456435329	0.0740989637	-0.0090483814	0.0957041461	-0.1306878859	-0.0449776863	-0.1458389598	-0.0326461193	-0.0636310181	0.0325816125	-0.1311550455	-0.1314558774	0.0382675936	0.1280890447	-0.0331951298	-0.0044995008	0.0713310994	0.1671332685	0.1929659185	0.0386031957	0.1422888886	0.0054231306	-0.0571747609	0.1505324719	-0.036247256	0.0354004705	-0.063803714	0.0891408288	0.0354512357	-0.0614478193	0.1004452121	0.0299341969	0.0836450087	-0.0155977357	-0.1591012473	-0.0596025163	0.0375763417	0.0343652816	-0.0249010985	-0.0774455693	-0.1247843049	0.0059285014	0.0285055527	0.0487383469	-0.0348810324	-0.0737055093	-0.0572013236	-0.0917834014	0.0529759996	-0.0430770737	0.0832401375	0.0288983312	0.0322610733	-0.0512252206	0.0325395403	-0.0699169786	-0.0483989113	-0.1353660272	-0.1078646905	-0.0144143873	-0.0428610853	-0.1439302022	-0.1207745286	-0.0808585305	0.0177375457	0.159453027	0.0264139575	-0.0063513856	0.1266614463	0.0392949975	0.0204983505	0.020555878	-0.0050622949	0.0099567854	0.1131618624	-0.0285108183	-0.1614049508	0.0572433113	0.0849448403	0.1065582721	-0.0617122661	0.0999946242	-0.0640768914	0.0163389833	0.0314426511	-0.0404501776	0.1246363251	-0.0124635169	-0.0712239416	-0.0374943641	-0.0070009138	-0.0662526358	0.0325301334	-0.0309885427	-0.0926031088	0.0190817018	0.0543506169	-0.0370956509	0.0382646838	0.0590903939	0.1023332685	0.0321719103	-0.0968376818	0.0853923485	0.0077492376	-0.1022888827	-0.0485656991	-0.0444203137	-0.068770199	0.1020580481	-0.0167667741	0.0	0.0	-0.1366045783056932	-0.0444141019719949	0.0186608108140762	0.0019726124539787	0.143557139919352	0.0308189573014914	0.0206086524218244	0.0009498081291511	-0.3204470244411794	0.0538376356132133	0.1026862954732058	0.0028984910084211	0.0047680705896182	-0.0006436633245391	2.273449714758205e-05	4.143024753567274e-07	-0.0003012184462685	-0.0004553772426134	9.07325523724092e-08	2.0736843309018335e-07	-0.0030268049949751	-0.0004993685100928	2.4936890887240256e-07	9.161548477606214e-06	0.0	0.0
68.52702891544214	-0.0363015631663756	0.0013178034883223	4695.953691977844	78.36791074830433	0.0178714768831156	0.0003193896859837	6141.529435054193	71.75142343328633	-0.0645498441993623	5148.266764702751	0.0041666823861619	74.36679539925468	61.2627600034078	0.920938	25.576948	0.0612084843731631	0.0298862977923729	0.0019060825	0.1203506064	0.0020594613	0.0899036419	0.0034170565	-0.093767926	-0.0561339384	0.0680133538	-0.116799192	-0.0508284375	-0.0523367895	-0.0276509321	-0.0163367152	-0.1076718642	0.0492096306	0.0871767158	0.0438089358	-0.0027641883	0.0271393157	-0.0763224225	0.0800273029	0.0273284625	-0.2019853934	0.1099363823	0.0897863896	-0.0030819773	0.0995170816	0.0256587368	-0.1118570737	0.0527358496	0.0423923133	-0.0651294371	0.0924752936	0.007934345	-0.0160201207	0.0241511157	-0.0816906324	-0.0189641053	0.0552156096	-0.013280919	0.0352637783	0.0630660955	-0.0840050613	0.01656879	-0.0330912909	0.0195844147	-0.0968756542	0.0673319868	0.1014455356	0.0436509304	-0.0509731804	0.0237664984	-0.0158903081	0.0703573067	0.1679083526	0.0124850765	0.0840816562	-0.0467810829	-0.085289158	0.0789457608	-0.0157808302	-0.0085187178	0.0966781595	0.0302546088	-0.036317417	0.0785456112	-0.0423599682	-0.1004314568	0.1455202908	0.0274868067	0.0642528317	0.0577478015	-0.0335244757	-0.102661142	-0.0088885586	0.0297775657	-0.0374938916	-0.0204180452	0.1772785682	0.0597523446	-0.0050749176	-0.0425235251	-0.0139601546	0.0216479473	0.0339793479	-0.0348862922	-0.0265699291	-0.003857313	-0.0638211959	0.0846463323	0.0063275587	0.0981062656	0.0838825772	-0.0371402949	-0.0302755309	0.0444547672	0.0117490571	0.0611663413	-0.0107464976	-0.0446852535	0.1513229202	0.0747299727	-0.0354372956	0.0934670811	-0.043585044	-0.0211431138	0.1451039288	0.0029411693	-0.0165947326	-0.0870646872	0.1723074371	0.0510658998	-0.0793965948	-0.0705428342	0.0516805962	-0.0014731283	0.0426494577	-0.1440388413	0.0861113056	-0.0073027925	0.0038364883	0.0916897024	-0.0649237731	0.0303700297	-0.0199671548	-0.0973983903	0.0239268481	-0.1143574968	0.0236547834	0.1664555175	-0.0649175535	0.0578002264	-0.0995660007	0.0620487501	0.0655563583	0.1172754156	-0.0431488371	-0.0259237653	-0.007654681	0.0322092908	-0.0894798935	-0.0870740216	-0.0824675501	0.0957063155	-0.0201563778	0.016102478	-0.0744224368	0.0510489144	-0.0266516543	-0.0323002765	-0.0573871507	-0.0443094159	0.0219488834	-0.0301781978	-0.0992522933	0.0308477428	0.0889823969	0.0171894621	0.0251172338	0.1298027042	-0.0197229816	-0.133141141	0.1410265394	-0.0250995356	0.0209419208	0.1535106411	-0.0461464617	0.0511379345	0.0736187478	0.045929995	0.0060655604	-0.0617854218	0.0002931855	0.0077440787	-0.033629485	0.0051967694	-0.092741496	-0.0092004234	-0.0467601922	-0.0567997977	0.0841470919	0.0782006585	0.004864137	0.0278431474	-0.0513986774	-0.146358384	0.0078289134	0.0400217456	0.1261559943	-0.0377043901	-0.046111945	-0.0658806233	0.1034306197	-0.0241079916	0.0	0.0	-0.1120388997571524	0.0245656785485408	0.0125527150587932	0.0006034725625502	0.1403864784386712	-0.0031706614806808	0.0197083633284114	1.0053094225073089e-05	-0.3092999920331678	0.0111470324080115	0.0956664850717176	0.0001242563315052	0.0045826749863216	-0.0001853956032965	2.100091003025768e-05	3.4371529721710224e-08	-0.0002469634947455	5.425495152299999e-05	6.09909677369106e-08	2.9435997647630787e-09	-0.0028199533110761	0.000206851683899	4.278761913185182e-08	7.952136676649058e-06	0.0	0.0
68.53495335531883	0.0079244398766888	6.279674735925708e-05	4697.039831415728	78.19502263845399	-0.1728881098503336	0.029890298527621	6114.4615654283325	71.75460168418535	0.0031782508990119	5148.722862856094	1.010127877707004e-05	74.36520984076068	60.8025635888601	0.924367	25.672184	0.0632309073164513	0.0321106778455752	-0.09721357	0.0253007083	-0.0243765429	0.0510990115	0.0875647295	-0.1151839098	-0.1531786451	0.0403786083	-0.1030417665	-0.0747512103	-0.0247842856	-0.081228892	0.1462019438	-0.0104788951	0.0612463411	0.006017465	-0.0173653304	-0.0339360053	0.1192234446	0.0263487605	-0.1238513883	0.0528166407	-0.0336937323	0.1819471935	-0.1049913963	-0.0142603549	0.0246628928	0.0613836458	-0.0557100134	-0.008094658	-0.003604116	-0.0061148845	0.0390069219	-0.0167265207	-0.0607518802	0.0811638325	0.0563083874	0.0085983235	-0.0226519746	0.0496126135	0.0402478365	-0.0252137237	-0.0322360253	0.0131967242	0.0349289064	-0.0779523549	-0.0158300215	-0.0703482103	-0.051851648	0.0493887507	-0.0542865955	-0.0860410909	-0.0347251439	0.0622642515	0.1023611793	-0.0275170901	-0.0874725975	-0.0240450209	-0.0492287799	0.0532223268	-0.0070590013	0.067405	-0.0401340646	-0.0443646665	-0.0564855382	-0.043079324	-0.0527902274	-0.0935648371	0.025267585	0.0296981442	0.0456195088	0.0849484183	0.0690383897	-0.1854490012	0.1257816906	-0.1044368861	0.0405531035	0.0110787976	0.0345191446	-0.1353683186	-0.1085443872	0.0408816686	-0.067881435	0.0286023027	0.0379723978	0.0690666651	0.0200944838	0.0098142691	-0.0385661177	0.0096395006	-0.120010545	0.0443353246	0.140261887	-0.1012962026	-0.024169157	-0.003773773	-0.1544891074	0.0766006254	0.0155519766	-0.1431771152	0.0323242368	0.0307096549	0.0021977921	0.0260641165	-0.0110160097	0.0094489281	0.076100942	0.0237966832	0.0271288031	-0.083100303	0.109702367	-0.0693002045	-0.0580894302	-0.0331670807	-0.0418593608	0.0351650755	0.1522021244	-0.140953348	0.0766217835	-0.0186591	0.0928567136	0.1733385537	-0.0592540691	0.1671482643	-0.0782598595	-0.0979936392	0.0322066005	-0.0447490906	0.0662643601	-0.0010017538	-0.0338270767	-0.0565328288	0.0206710822	-0.0195491953	-0.0271260303	0.0119723784	0.1411910535	-0.034193478	-0.0260375098	0.0440678877	0.0241421848	-0.0395640127	-0.0720365032	-0.0946756267	-0.0504880925	-0.0045749792	-0.0525461407	0.1291214334	0.0329697927	0.0332069732	-0.0871376232	0.0387107775	-0.0337728375	-0.0289950076	-0.1052596523	-0.0177626178	-0.0176577621	-0.0421546139	0.0896665418	-0.0100460345	0.0873544247	0.0163555762	0.0415266248	-0.034525648	-0.129087027	-0.0257982754	-0.0278176662	0.0496406257	0.1192440546	-0.1037635258	0.0461334765	0.036710421	-0.0047124574	0.0160753697	-0.0521316557	0.0410424421	-0.1019334448	-0.0032119378	0.071852283	-0.0965171537	-0.0448969135	-0.0342067119	0.1087612527	0.0645283931	-0.0527859313	-0.0793282172	0.0547054275	-0.0201472588	0.1360589644	-0.0852854977	-0.0477892128	-0.0629089685	0.1045132902	-0.0313291043	0.0	0.0	-0.1273757941747249	-0.0153368944175724	0.0162245929416418	0.0002352203303757	0.1523454514097153	0.0119589729710441	0.0232091365652299	0.0001430170345221	-0.2983909286031831	0.0109090634299847	0.0890371462726699	0.0001190076649194	0.0050166895472466	0.0004340145609249	2.5167174013453296e-05	1.883686390949205e-07	-0.0002484120198626	-1.4485251171000076e-06	6.170853161221677e-08	2.098225014869591e-12	-0.0027548968671612	6.505644391490003e-05	4.232340894852533e-09	7.5894567486945934e-06	0.0	0.0
68.57327056517614	0.0383172098573112	0.0014682085712492	4702.293436004853	78.52109927354857	0.32607663509458	0.1063259719546039	6165.56303112647	71.72845406926007	-0.0261476149252786	5144.971123165951	0.0006836977662806	74.37915174089433	60.35632438104278	0.8925389999999999	24.788216	0.0804513855109165	0.0421343295546891	-0.0872998241	-0.0459536971	-0.0072816056	0.0961334083	0.1427395012	0.0304086148	-0.023021902	0.0434675784	0.0326752931	-0.0841534677	0.0758756993	0.0303635315	0.1214719133	0.1440332636	0.0422977807	0.0142646268	-0.0826164103	0.0867950377	-0.0349223391	-0.1639626455	0.0429892278	0.0765356493	-0.0677281242	0.0835286628	0.0870773216	-0.1353112576	-0.13396105	-0.0940177811	-0.018019496	0.0369769339	-0.0287082286	-0.1425608897	-0.0597091718	0.0265234692	0.0600301276	-0.0781693054	0.0637124512	0.0242222678	-0.0763823548	0.0837661823	-0.0246561776	0.0580318628	0.0823633157	-0.0864502113	0.0129113313	0.0467003973	0.001474711	0.0838138185	0.0319414642	-0.0682740907	-0.0497642983	0.0834576106	-0.0690566779	-0.1154684957	-0.0574787285	-0.0263666496	0.0703625776	-0.1149679808	0.0369396197	-0.0839877277	-0.0590802543	0.0053207251	0.061507696	-0.0564567103	0.0678931638	0.0473864324	-0.0345619627	0.0236474869	0.1217859869	0.0351494079	0.0573927368	0.1732656326	-0.1825591203	-0.0389966307	0.0744720101	0.0729271227	0.0787069279	0.0072399826	0.0951175003	-0.0686289583	-0.047543528	0.1201939229	0.0444719271	0.1665713573	-0.1399663512	0.174837908	0.0778916637	-0.0907704115	-0.0306222625	-0.0514028035	-0.1078731091	0.0665537684	0.0770179268	0.0430215401	0.0575008504	0.0073849679	0.0437199865	0.0560314268	0.0767462456	-0.1357322816	-0.0742309631	0.0385953957	0.0453985819	-0.0578901521	-0.036262036	0.0335403465	0.0605696995	-0.0404404525	-0.0343129993	-0.0187391443	0.0836453387	-0.1171504731	-0.048317377	0.0302751094	0.0823509913	0.040913443	0.0619153338	0.0416106361	-0.0711730216	-0.0693104833	0.0992138598	0.056521267	0.0174492952	-0.0726348821	0.0895463558	-0.1315574466	-0.0376584613	-0.1565340789	0.0350392027	-0.0361748465	-0.0390807468	0.0374463746	0.0660280667	-0.0127052499	-0.1562113003	-0.0985927239	-0.0107166736	-0.052732511	-0.0856967433	0.0189494836	-0.0021471982	-0.0029395145	-0.0582318772	0.0239512527	-0.0149715072	-0.1371051581	0.0147848825	-0.1215352991	0.0024222561	0.0020835575	0.0751526092	0.0392484704	-0.1184706612	-0.0253363257	0.0178492808	-0.0024294481	0.0894195376	0.1431236108	-0.0501644577	0.12452029	0.0138294141	-0.0206248548	-0.1475957496	0.0682310935	-0.0035593875	-0.0453796748	0.0366415359	0.0462558151	0.0259702275	-0.0484970578	0.059958861	0.1637316018	-0.0687729789	0.0037988665	-0.0226991022	0.0785866671	0.006037395	-0.1108584237	0.0249079304	-0.0169198176	-0.0030238558	0.0178214819	0.0278738572	-0.0056296291	-0.0016228869	-0.0473824923	0.0465555227	-0.02315455	0.0543969217	-0.0140654341	-0.0494515946	-0.059858937	0.105303025	-0.038394137	0.0	0.0	-0.1286103821407636	-0.0012345879660387	0.0165406303943932	1.524207445887581e-06	0.14574374905105	-0.0066017023586653	0.0212412403874554	4.3582474032407074e-05	-0.3336402954942556	-0.0352493668910725	0.1113158467774942	0.0012425178662214	0.0054020270796215	0.0003853375323748	2.918189656896399e-05	1.4848501385677689e-07	-0.0003391766779061	-9.076465804350002e-05	1.1504081883541833e-07	8.238223149753493e-09	-0.0030261092426456	-0.0002712123754844	7.355615261589136e-08	9.157337148425128e-06	0.0	0.0
68.56403002392682	-0.0092405412493263	8.538760258050241e-05	4701.026213121938	78.62578394801118	0.1046846744626037	0.0109588810673413	6182.013901439332	71.7126149168802	-0.0158391523798684	5142.699138216748	0.0002508787481126	74.37647007450805	59.93596990258844	0.889977	24.717066	0.0353532940330957	0.0174248027560916	-0.0270298811	-0.1161496777	-0.0193333306	0.0897907049	0.0158496304	0.036930583	0.0294892615	0.0434575115	0.1048947986	-0.0224835461	0.0567519014	0.0331632497	-0.0371907654	0.0147355343	-0.03413148	0.1157051564	-0.0304994553	-0.0068825252	-0.1183045182	-0.0549982505	-0.0090161964	0.0916187089	-0.1301995105	-0.051996542	-0.0672339336	0.0508916894	-0.0540802731	0.0989236811	-0.0788867956	0.0774052913	-0.096479547	-0.1052692112	0.100709081	0.0074231197	0.0775514732	0.0845877968	0.0122426245	-0.0483499634	-0.0104084583	0.0408762722	0.1299513543	-0.034915794	0.0211095161	-0.0355452641	-0.048152804	-0.0411932872	0.0419937355	0.1061715484	0.0460121944	0.0034702611	0.0896325943	-0.0383537119	0.0672583021	0.0953028374	0.1430096353	0.0599725403	-0.0354224292	-0.0255305903	-0.1223470867	-0.0564430374	-0.0228919129	-0.0165974975	-0.037953017	0.0157778654	0.0411515732	-0.0218369294	-0.0165744784	0.0265063018	0.0089844409	-0.2182225221	-0.0672923765	-0.1421538169	-0.0393421181	0.0262370618	0.0175718083	0.08540145	-0.1403741626	-0.004279181	0.0438085308	0.0075734153	0.0423788373	0.0230082452	-0.020198037	0.0216359395	0.0293232025	0.0411355057	0.1323871459	0.1128628555	-0.0650003673	-0.0848999481	0.0519831525	-0.0227094263	-0.0337422293	-0.0026245266	-0.0930261992	0.0844842886	-0.0493791983	-0.0561987632	0.0751175475	-0.0412763709	-0.1283120766	0.0379522678	-0.006684524	-0.0413646793	-0.0234415954	-0.0212594913	0.0082913635	-0.0238422791	-0.118480907	-0.0021749017	0.0659219754	-0.0861577892	-0.0278343935	-0.0675047145	0.0485834052	0.0706275862	-0.0861227398	0.0220954255	-0.0850616004	-0.0548559881	0.0950014953	-0.0002403847	-0.0011705405	-0.035660017	0.0251380857	0.0183176399	-0.0015869983	0.0567686659	0.0119136748	-0.0109819812	0.0504977502	-0.0586183849	-0.0884970384	0.0359381224	-0.0610925387	-0.131549793	-0.0480613315	0.0237787754	0.033569024	-0.0025987679	-0.0184477948	-0.0556027262	0.0212515773	-0.0305757125	-0.0415506877	-0.056091599	0.0170128908	0.0168958228	0.0166529177	0.0845449098	0.0362978162	0.0494946634	-0.0907737931	-0.0083165139	0.0672237803	0.0193589285	-0.0727212831	-0.0956108514	-0.1680102713	-0.0001729278	0.0898971733	0.0404408126	-0.1140193186	-0.1807304613	0.1615425974	0.0827859147	0.0725010736	0.0084681616	-0.0718022564	0.0014874482	0.0143731077	0.1250405139	-0.0842175784	0.0103378874	-0.0535111586	-0.010881946	-0.0269730241	-0.0232390457	-0.0618724739	0.0021281304	-0.0083507699	-0.0018003938	0.0273174192	-0.0798259985	-0.0461461325	-0.0468614153	-0.0410285264	-0.0513094738	0.0354645519	0.0088336913	-0.0510985726	-0.0567343287	0.1057976105	-0.045267892	0.0	0.0	-0.1388646316044202	-0.0102542494636566	0.0192833859106313	0.0001051496320629	0.1370538677464594	-0.0086898813045906	0.0187837626642639	7.551403708787346e-05	-0.3235242086642671	0.0101160868299884	0.1046679135918402	0.0001023352127518	0.0053733757722832	-2.865130733829997e-05	2.8873167190160072e-05	8.208974121937217e-10	-0.0004361350432602	-9.695836535409996e-05	1.902137759595765e-07	9.400924612139132e-09	-0.0030258573866408	2.5185600480018625e-07	6.343144715391143e-14	9.155812924288692e-06	0.0	0.0
68.63592821352451	0.0718981895976895	0.0051693496674253	4710.8906417320895	78.61064798887386	-0.0151359591373108	0.0002290972590063	6179.633977230638	71.77615422065105	0.0635393037708524	5151.816314706683	0.0040372431236846	74.46898914331477	59.928545606335774	0.833306	23.143166	0.043876895051961	0.0309466084661823	-0.0038298205	-0.1213901143	-0.0138935405	0.0668576952	-0.0791487098	0.0610399396	0.0620345503	0.1200033595	0.0996989571	-0.0391958685	0.0847893267	0.0748476463	-0.0696050337	0.0035015086	-0.0758369395	-0.003769607	0.0603347919	-0.0468846833	-0.0333827383	-0.0720958278	-0.1035500653	0.067337121	0.0970541058	0.1418758134	-0.0125370414	-0.1035466754	-0.0011901056	0.0778697488	0.0192880942	0.0964606348	-0.1394895082	-0.0081138637	0.0523649733	0.0487373395	-0.0109023117	0.1667221427	0.0114296925	0.1411276172	-0.1340401534	-0.0251354816	-0.1372781628	0.0322281289	0.1643280737	-0.0526751259	0.019811414	-0.1316622119	0.0264350397	-0.0046505257	-0.0253591219	-0.060621546	0.0945218633	-0.0320803955	-0.0343578655	-0.0679589501	-0.1090271342	-0.0059670198	0.0668435746	-0.0197871492	-0.0418875864	0.0416714162	0.1103257764	0.0498727795	0.024772302	0.0478926638	0.0103186052	-0.0858778204	-0.0451710425	-0.0704929496	0.1098897646	0.0429388972	-0.0744290123	0.075967492	-0.1053757623	-0.0232801448	-0.1556658254	-0.1625871435	0.1123261	-0.0648687922	0.0043805757	0.0459275146	0.0536805214	0.0020801241	0.0946623396	-0.1986067629	0.1301794386	0.0709893354	-0.0602612278	0.013826886	0.0053229473	0.0617266329	-0.0857897656	0.0385842503	-0.1555171659	-0.0361715664	-0.0961931482	-0.0157688091	-0.1188204483	-0.101426443	0.0835291697	0.0297930782	-0.1098474398	-0.0032336446	0.0066621367	-0.1114936092	-0.053172273	0.0058045097	0.0078494077	-0.0364445154	-0.080335908	0.014435821	0.0026217476	-0.0112050584	0.0252685537	-0.0873897729	0.0523433774	0.0295585306	-0.0398016552	0.0871560134	-0.0760418732	-0.0470734982	0.0524439859	-0.1007264735	-0.0901960349	-0.0318062389	0.0199502745	0.0123617875	0.0473274896	-0.0172717873	0.0711997815	-0.0423123911	-0.0510501138	0.0039161607	-0.0453120857	-0.0517429756	-0.0494437695	-0.0263155358	0.0812691232	0.0401273517	-0.077454436	-0.0032658357	0.00976186	-0.000939253	-0.0552836508	0.0048984606	0.0528461291	-0.0238785665	-0.0967526498	-0.0379174573	0.110669759	-0.0812357062	0.0144514225	-0.144236061	-0.0050286402	-0.028435396	0.0475631463	0.0914512297	0.0421178007	0.0238195178	-0.0186905789	-0.0352180585	0.0317724514	-0.0861072011	0.0199660695	-0.0789194511	-0.011288085	0.0936653082	0.1095727008	-0.0324555973	-0.0865189195	0.0892442926	0.0529394039	0.0790312801	-0.0439635538	-0.0174052462	0.0093486495	-0.0353358011	-0.0618449055	-0.0164279073	-0.0776045128	-0.0055876479	0.0852345039	0.0023305874	0.0548721658	-0.0552072921	0.0009379678	0.007681847	-0.0023013865	-0.0692748026	-0.0334645881	0.1195357381	-0.0527296337	-0.0535390365	0.1059956606	-0.0519161246	0.0	0.0	-0.1391129414932237	-0.0002483098888035	0.019352410490897	6.16578008776091e-08	0.130354860080601	-0.0066990076658584	0.016992389546633	4.487670370722965e-05	-0.3533435969349412	-0.029819388270674	0.1248516974949222	0.0008891959168372	0.005432753746752	5.937797446880014e-05	2.951481327284789e-05	3.525743852017481e-09	-0.0005182218930088	-8.208684974859998e-05	2.685539303936241e-07	6.738250901649228e-09	-0.0030251184263257	7.389603151001373e-07	5.460623472928943e-13	9.15134149329528e-06	0.0	0.0
68.58849392081189	-0.047434292712623	0.0022500121251468	4704.381498325249	78.51369430298028	-0.0969536858935811	0.0094000172083511	6164.400193101838	71.7978070854047	0.0216528647536478	5154.9251022729895	0.0004688465520397	74.39195457745734	60.037340989904514	0.86351	23.98201	0.0853095007479665	0.0402562108874656	0.0388518217	-0.1157166799	-0.005495819	0.0913219233	-0.1266485852	-0.0021476898	0.046611366	0.0473447637	0.094867545	0.0121585182	0.0813142423	0.091914982	-0.1003011393	-0.0475329643	0.0673799592	-0.0260173618	0.0924528568	-0.0138897247	-0.0671796481	0.0373119346	-0.1416189052	-0.068031298	0.0279281941	-0.0080647544	0.0080708541	0.0754019727	0.0455159997	-0.0359731858	-0.0047206001	-0.0892402177	0.0224503097	-0.1342843836	-0.0208866414	0.1051418775	-0.1177822842	-0.0180826507	-0.0013645137	0.0080156749	0.0106683558	-0.0393558698	-0.0456605396	-0.0604253277	0.0296186781	-0.0168834847	0.0264886579	0.051670257	0.0971033963	0.1033257251	-0.0232550237	-0.0137105097	0.167756451	0.0907216202	0.1141835628	0.0035550575	0.0767126665	0.0723262829	0.0252949213	-0.0979710787	0.0154732944	-0.0512444004	0.0039668871	-0.1355385445	0.1054982217	0.0540692979	-0.1438653063	0.0642447905	-0.0677086314	-0.0477876951	-0.0002503192	-0.0012900474	0.1029580027	0.0941568472	0.0049381051	0.104264648	0.0463883825	0.134647026	-0.0205960178	-0.046526167	0.0967083815	0.1065407268	0.1172726431	-0.0631272584	0.0202132803	-0.0544325612	0.0381990149	-0.0050925189	-0.0547675179	0.0924041282	-0.0277021837	-0.0691361701	-0.0990037379	-0.1116429663	0.0214105227	-0.0012225344	-0.0433573137	0.1347074397	0.0911488469	-0.1224767817	0.1155821577	0.0800005422	-0.090811609	-0.0294510821	-0.0118474051	-0.0389641977	-0.0476184303	-0.1208960048	0.0676929399	-0.021845222	-0.0170750729	0.0917480462	0.030291808	0.1078546945	-0.0225979423	-0.0595358876	0.0494844976	-0.0166892186	-0.0398631092	0.1012007641	-0.0291213749	-0.0303919841	-0.1212037301	0.0091948815	-0.1086785514	0.0661536275	0.0007639586	-0.0388443391	0.0350665037	0.0500617526	0.1237611212	0.0543595068	-0.0023570993	-0.0206571199	-0.0283501704	0.0326310083	0.0356809602	-0.043058208	-0.0354383424	0.0125304825	-0.0096979713	-0.0417901133	-0.0081223019	0.0350282793	-0.0456219337	-0.0552769229	-0.0307756055	0.0159408364	0.0303493024	0.0257367333	-0.0543426561	-0.0867336134	-0.1463773484	-0.0395419152	-0.1027803777	0.0763360575	0.0965213634	-0.078183922	0.0027058794	-0.0618429548	-0.1647840439	-0.0138685608	-0.0442489139	0.0834064829	-0.0825245927	-0.1612944958	-0.002475572	-0.142026377	0.0934201153	0.0217787146	-0.1095287576	0.1001948823	0.113035602	-0.0077615303	-0.0347854395	0.0392507418	0.0147985004	-0.0029644509	-0.0760004415	0.0362546598	-0.0617919107	-0.0266461864	0.0224674533	0.0475407336	0.0581258387	-0.0892290321	-0.039951396	-0.0456218901	-0.0127401818	-0.0635013979	-0.0416397271	0.0304233551	-0.0543442699	-0.0502770413	0.1058966202	-0.0583057138	0.0	0.0	-0.1168113272235302	0.0223016142696935	0.0136448861677226	0.0004973619990341	0.1170622786873423	-0.0132925813932586	0.0137035770914729	0.0001766927200964	-0.3793123682188906	-0.0259687712839493	0.1438778726838232	0.000674377081998	0.0052889150127498	-0.0001438387340021	2.797262201209022e-05	2.068958139935553e-08	-0.0003840234031562	0.0001341984898525	1.474739741716693e-07	1.8009234678718383e-08	-0.0032220118784922	-0.0001968934521665	3.8767031506041854e-08	1.0381360545144834e-05	0.0	0.0
68.56006769756935	-0.0284262232425334	0.0008080501678343	4700.482882695293	78.56423710667809	0.0505428036978088	0.0025545750056352	6172.339352154335	71.74694972956947	-0.0508573558352338	5147.624795497368	0.0025864706425515	74.41246346457628	60.35004621398955	0.8814039999999999	24.478977	0.1446279469601097	0.0700325256953381	0.1058343462	-0.0580144083	0.00564714	0.061254564	-0.0512275004	-0.0492499275	0.02669182	0.020049454	0.0363333702	0.0717948412	0.0813892723	0.1315453834	-0.1073414111	-0.0958211785	0.112017161	-0.0182945903	0.0089001247	-0.0385025258	-0.0688765752	0.1031481455	0.1625148024	-0.058625384	0.0354402852	0.0016180345	-0.0824080043	0.0669067446	-0.0973252916	0.026571616	-0.0412375569	-0.037644754	0.1198923618	-0.0563283567	0.0083763691	-0.0681553588	-0.0350775715	-0.0849181393	0.0016827244	0.2397986132	0.0684183791	-0.0678957502	-0.0442387709	-0.0043146604	-0.1343288812	0.0040976413	-0.0324736345	-0.1584056736	-0.0359432098	-0.0108542131	-0.0958405573	-0.1746382081	0.0494506471	-0.123250851	0.052252821	0.0146902921	0.0029883156	-0.0817062922	-0.0158631573	-0.0141065103	-0.0022556491	0.0737303433	0.0081856963	0.0787268644	-0.0416336031	-0.1516733063	-0.0764104353	-0.1857638135	0.0093636296	0.0432398419	-0.0782629138	-0.0969294066	0.013001145	0.0016119226	-0.1161085356	0.1721718954	0.0083072726	0.0669940667	0.0314855442	0.1259375013	-0.0100521405	-0.1568677778	0.0658408324	0.0423789667	0.0394189092	-0.0537432529	0.0747380598	-0.0701182071	-0.0363330821	-0.0001931472	0.0874303644	-0.0611629045	-0.034065054	0.0464044365	0.03514476	-0.0896017772	0.1141318666	0.0149821523	-0.0051350973	0.011112479	0.1165372046	0.109092839	-0.0445574377	-0.0378891332	0.0482833929	-0.0427504847	-0.0257030644	-0.1464708969	0.0626789802	-0.0100704949	0.0576280457	0.1176263833	0.1299559601	0.0366610932	-0.0055473092	-0.0232797698	0.0486647272	-0.0113694356	-0.0010983795	0.0365302491	0.0863967332	-0.0374405275	-0.048884957	-0.1537097871	0.0675988828	0.1072261266	-0.0707969839	0.0573884054	0.028441468	-0.07427529	0.0530298434	0.0001787791	0.0442202432	0.0141499326	0.0367559754	-0.0898242611	0.0020908049	0.0137087729	0.0723478143	0.0140837202	0.0686427259	-0.06486493	0.0109126891	0.1505284735	0.0508179286	-0.1086967143	0.0229467213	0.0412295114	0.0576791698	-0.0122111977	-0.0878048014	0.0174421576	-0.0228880368	0.0417352965	0.0565620825	0.0536247164	0.0530731717	-0.0426052077	-0.0301255994	-0.0280486137	0.0962579882	0.0972398773	0.0315523998	0.0166755534	0.0126299362	0.1124981273	0.0558661022	-0.1481237718	0.0059738035	0.1026356446	-0.0586990261	0.1093949588	0.1400836734	0.0113905225	0.0298109284	0.1394743568	0.1340882471	0.061495678	-0.0601450065	0.0806492107	-0.0970396912	-0.0185104129	0.1146551098	-0.1051466258	0.2089831231	-0.0677287224	0.1153454568	0.0890681112	-0.0194391564	0.098474312	-0.0379382884	0.1627085165	-0.0559419782	-0.0469524072	0.1055007667	-0.0644048267	0.0	0.0	-0.1388800583965519	-0.0220687311730217	0.0192876706202296	0.000487028895587	0.1206243459099596	0.0035620672226173	0.0145502328262055	1.2688322898444536e-05	-0.4272072834341713	-0.0478949152152807	0.1825060630192043	0.0022939229034789	0.0061878832962649	0.000898968283515	3.828989968819416e-05	8.081439747660841e-07	-0.000680178206956	-0.0002961548037998	4.626423932178792e-07	8.770766781369806e-08	-0.0034489334581611	-0.0002269215796689	5.149340331942906e-08	1.1895141998823086e-05	0.0	0.0
68.5972725212079	0.0372048236385467	0.0013841989019753	4705.585797348865	78.39206948945689	-0.1721676172212056	0.0296416884196275	6145.316558839837	71.8218759877966	0.074926258227137	5158.381870406434	0.0056139441719196	74.46664013234165	60.09890359156841	0.904683	25.125504	0.2214468892423748	0.1171755384375478	0.0965370253	0.0173933386	-0.0421906769	0.0767269603	0.1054269511	-0.0384061665	-0.0837503329	-0.0485733261	-0.0692037284	0.03422841	0.0194106354	0.1387965137	-0.0425710778	-0.0046106902	-0.0097731587	0.0069273971	-0.0974742449	0.0840519437	0.0308512629	-0.0777556342	0.0708380588	0.152952617	0.1083357005	-0.0370576514	-0.0495145923	-0.0015712432	0.0342442711	-0.1429673014	-0.103277077	0.0696058463	0.0072442072	0.0669702404	0.0111125393	-0.1068004429	0.1118228528	0.0756577981	0.0680521079	0.0102325031	-0.0968329545	-0.0425063151	-0.0902349138	0.0068190712	0.1192885581	0.0718964943	-0.0881081672	-0.0932826491	-0.0382419129	-0.0467682766	-0.0216137816	0.0913762665	-0.0381548305	0.0122899586	-0.0472393764	0.0018303653	-0.0121653715	0.0116676846	0.1123070406	-0.0423990662	0.0309996773	0.0279208934	-0.0204765352	-0.0113942196	0.0880379669	-0.0194785948	-0.0421063445	-0.0845250297	-0.0172600886	0.1092723383	-0.0160820825	-0.0347611597	0.0584236493	0.0690642821	0.0062629237	0.0808518289	-0.0011379578	-0.0166116988	-0.0067778938	-0.0131622884	0.1554688877	0.0435099475	-0.1416408674	0.0284251731	-0.0888924638	0.0543311593	0.1095581652	0.0867249534	-0.0567323428	-0.0275170689	-0.0035260985	-0.1156977885	0.1082042602	-0.0295259723	-0.0384489017	0.1170060608	0.079044037	-0.1046268292	-0.0699548262	0.140093201	0.0953198658	0.0672212701	0.00095432	-0.0629364874	0.0026641889	-0.0058469424	0.0127621372	-0.0634715296	0.0016427996	0.0092153385	0.0005582206	0.0217754344	0.0415792793	-0.0956131975	-0.0906397898	0.0214888517	-0.1056831361	0.0361176523	0.0911641889	-0.0329064384	0.0455334445	0.0189159833	-0.0519670508	-0.0538679776	-0.0081692208	-0.0316427017	-0.057532354	0.044236212	0.0749279895	-0.0626384313	-0.0303376885	0.013466779	0.060272506	0.0596907561	-0.000457301	0.0770505522	-0.0090983117	-0.0995740849	-0.0204921495	0.0420576448	-0.06436074	-0.0487703477	0.1074701976	-0.0318139783	0.0323697626	-0.0407647244	-0.0285293929	-0.0480892093	0.0640613812	-0.0068949505	0.0044353325	-0.0413320237	0.0604064013	-0.0215678703	-0.0559694178	0.0004049524	-0.070235111	-0.1007126992	-0.0136242077	0.0514942636	0.1082074308	0.0767568564	0.0281241002	0.0089677256	-0.0735715931	0.0820706152	0.0599267977	-0.0498379078	-0.1112738085	0.1348673817	-0.0180290161	-0.0021795352	-0.0164114969	0.0114500587	-0.0127412967	0.0302842215	0.0179631963	0.0508941528	-0.0766993527	-0.0672360659	-0.0907852702	-0.016499119	-0.1005284768	-0.1129459491	0.0652582065	0.0272271395	-0.0020856583	0.0088238069	0.0210742609	0.061122398	-0.0437087964	0.0402543085	-0.057522261	-0.0435692762	0.1048092098	-0.0701830781	0.0	0.0	-0.1563237585935866	-0.0174437001970347	0.0244371175008259	0.000304282676564	0.1389755252726843	0.0183511793627247	0.0193141966248185	0.0003367657840028	-0.3266186622517608	0.1005886211824105	0.1066797505311297	0.0101180707113784	0.0054078519267001	-0.0007800313695647	2.9244862461113987e-05	6.084489375051366e-07	0.0001729930340628	0.0008531712410188	2.9926589834253085e-08	7.279011665015593e-07	-0.0035169986175816	-6.806515942049977e-05	4.6328659269380485e-09	1.2369279276070883e-05	0.0	0.0
68.62874036782178	0.0314678466138786	0.0009902253705145	4709.90400447389	78.4829712357632	0.090901746306315	0.0082631274815376	6159.576773993635	71.85015007334017	0.0282740855435719	5162.444065561505	0.0007994239133252	74.46681776247358	60.54383427786858	0.846824	23.51861	0.0757106565865209	0.0405339824172572	0.0803757307	0.0648359805	-0.022282988	0.0515424434	0.0633166809	0.0615029029	-0.0237684601	-0.0144461607	-0.0479534817	0.0157068268	-0.1292548145	0.0658831629	-0.0259091425	-0.0140532909	0.0488339874	0.0011319	-0.0883468178	-0.0381207111	0.004697677	-0.0182562274	0.1029590774	0.0718365018	-0.0071285343	0.0810515165	-0.076299077	0.025952032	-0.0103715003	-0.0087875092	-0.0244855308	0.0652357773	-0.0016213902	0.090618862	0.023588222	0.107668193	-0.036571404	-0.0928494688	0.0395207694	0.0178090127	0.0738865602	0.0495843355	-0.0739416952	-0.0743684443	0.0044113871	0.0576351953	-0.0096691334	0.1054153082	-0.0103974333	-0.0152732924	-0.0502688929	0.1693892486	-0.0365268637	0.0047868159	0.132472266	-0.0391760341	-0.0463661927	-0.0572001537	0.067092086	-0.1548366056	-0.0192650587	0.0909205409	0.0755964762	0.0488286184	-0.0235266678	0.0324665595	0.0424310991	0.0358074999	0.0452589603	0.0581468458	-0.1616273054	-0.0574554982	-0.0726666312	0.0633007906	0.0525814456	0.0081936384	-0.1701591383	-0.0221340213	0.1506488671	0.0609835848	0.0845406063	0.0513493083	-0.0130511104	-0.1392584175	-0.0612541516	-0.0134282013	0.0250703824	0.0636075871	-0.0285993183	-0.0664201901	0.0035660554	0.0224428757	0.1375416816	-0.0773805149	0.0147037025	-0.0228354895	-0.0671211402	0.0600861858	0.0149245644	0.0690682555	0.0636881827	0.064724848	0.0288128657	-0.0448913949	-0.0199524616	-0.0460633856	-0.0082381982	0.0071280689	0.0113586669	-0.0777516276	-0.0535709662	-0.0390017811	-0.0084791307	-0.160853108	-0.1530205094	0.0368350666	-0.1279582815	0.0869959197	0.0122113222	-0.0207351624	0.0102924674	0.041634458	-0.0804096499	-0.0801013291	-0.0579353121	-0.0516483411	0.0601261089	0.0717834481	0.0432905407	0.0030262695	-0.0934482207	0.0056699381	0.0046464694	-0.0084013277	-0.1007781582	0.0636780599	-0.1048849489	0.0096910938	-0.0253158198	-0.0823209272	-0.0076615378	0.0194992144	0.1053958637	-0.0479179951	0.0144197342	0.0059995439	-0.0640064907	0.1070577046	0.0223894901	0.047394305	-0.0440893004	0.0405390223	-0.0178606039	0.0103184813	-0.0918633857	0.0492507724	0.0823146899	-0.0479403489	-0.0014437431	0.1607273081	0.0980815284	0.0486566221	-0.0877793453	-0.0872288609	-0.0461748133	0.1806428641	0.0357395528	-0.0369712533	-0.0384854307	0.0276775889	0.0074455554	0.0784282386	-0.0749262436	0.0610359217	-0.0416240475	-0.008692635	0.0035429432	0.0553983946	0.004823277	-0.0351284004	0.0019286812	-0.0207389663	-0.1310961598	-0.0668545114	0.041077921	-0.0263309631	0.0682618997	-0.0158509361	-0.0289897599	-0.0509021355	-0.0928870393	0.0167704144	-0.059084626	-0.0401318633	0.1038238878	-0.0756116809	0.0	0.0	-0.1812287357540043	-0.0249049771604177	0.0328438546629947	0.0006202578873609	0.144563884577451	0.0055883593047666	0.0208987167241225	3.122975971917254e-05	-0.3276305081287773	-0.0010118458770165	0.1073417498567208	1.023832078835343e-06	0.004960073258341	-0.0004477786683591	2.4602326728109506e-05	2.0050573583744893e-07	-0.000261216546576	-0.0004342095806388	6.823408420509157e-08	1.8853795991852258e-07	-0.0035148773816931	2.121235888500033e-06	4.499641694660525e-12	1.2354363008337742e-05	0.0	0.0
68.6939361668345	0.0651957990127272	0.0042504922089079	4718.856866093133	78.43953946856566	-0.0434317671975463	0.0018863184019018	6152.761352040669	71.83203583901081	-0.0181142343293601	5159.841372776934	0.0003281254853389	74.48864003410112	61.01760260632293	0.848692	23.570478	0.0717130830974386	0.0376276855296499	0.0442023881	0.0868381504	0.0132409816	0.0803952837	-0.027507373	0.119072638	-0.0352293504	0.049601924	-0.0237646026	0.0052087754	-0.0794070531	0.060792746	-0.0275598252	-0.0110199822	0.0517587563	0.0893028794	-0.0827905452	0.1152194636	-0.1524004551	-0.0464797038	-0.0890442359	-0.006112063	0.0352922246	-0.019142832	0.1617797709	0.0981631349	0.1850464833	0.0353843475	-0.0519235102	0.0480938578	0.0687106411	0.0632457269	-0.0063488235	0.0278853581	0.1144887245	-0.0160440288	0.0535736965	-0.0623002414	-0.0017780892	-0.0196564914	-0.0863593518	-0.1287590136	0.0276688819	0.0446240536	-0.0345719343	0.0070347126	-0.0046908813	-0.0133280881	0.0506910491	0.044050185	0.0333480745	0.0632348567	0.0781479654	0.0579544045	-0.0157633311	0.1582454837	-0.00912794	-0.0563634074	-0.0627779697	0.0247029831	-0.0472198124	0.0050962906	-0.1346807265	0.0578970774	-0.0327457853	0.0599280357	0.0473142963	-0.0344283264	0.0191633638	-0.123634479	0.0557436366	0.0050819653	-0.0173762384	0.021279627	0.0629072418	-0.077473372	-0.0463131471	0.132556072	-0.0131193866	0.1674986454	0.0459277331	-0.0256680461	0.0147252096	-0.0395145092	-0.0084806296	0.0753723293	-0.0393881725	0.0566108704	0.021463277	0.0534942367	-0.0326566408	0.1366960212	0.0106823411	0.0416857807	0.0034269019	-0.0175670072	0.079008712	-0.0202342063	0.0582842508	0.0613595929	0.0660414165	-0.0731361437	-0.0380209058	-0.0293090115	-0.0679536101	-0.0227935551	0.0250732592	-0.0148475142	-0.0612505224	-0.075420523	-0.07380547	-0.1000895615	-0.1113186669	-0.0142707003	-0.1446471359	-0.0193988605	0.0481332352	-0.0305767205	0.0228986321	0.0017719986	0.0589024948	-0.0161775214	-0.0712708985	-0.0761270756	0.1193811116	-0.0381009424	0.0360401817	-0.078902342	-0.0826470922	-0.0442487583	0.0150479914	0.0366881934	-0.0261331162	0.0176293461	0.0832005679	-0.0666134817	-0.0645643622	0.0245964243	-0.1261540032	0.0507891808	-0.0233303568	0.0584775027	-0.099796432	0.0800471155	0.0945285419	0.0074540107	0.0400481149	-0.0072685201	-0.0766232641	-0.0870818408	0.0501294048	0.0998787137	-0.1745035258	0.0015418688	-0.0545016125	0.0100092702	0.0326239092	-0.1422383543	0.1181939478	0.0623617335	-0.0368386584	0.0776104596	0.0820188737	0.0012685045	0.010915975	0.0346529224	0.0185640058	-0.0066519665	0.0097759427	0.1187352026	-0.0814292693	-0.0066642481	-0.037809014	-0.0316154638	-0.0125721821	0.0116452105	0.0294206814	-0.1115673958	-0.0843042165	-0.0394995033	-0.0310119956	-0.033342983	-0.009914086	-0.0444236791	0.0709974393	0.0239422653	-0.0160116998	0.0428028062	-0.1405105037	0.0088654245	-0.0606285865	-0.0366444511	0.1025475623	-0.0806635902	0.0	0.0	-0.148927719285794	0.0323010164682102	0.0221794655716682	0.0010433556648795	0.1499509285312257	0.0053870439537747	0.0224852809673767	2.9020242559900615e-05	-0.3162385737973068	0.0113919343314705	0.1000068355573546	0.0001297761678125	0.0051783853949294	0.0002183121365883	2.681567529841812e-05	4.766018898179198e-08	-8.844528202933688e-05	0.0001727712645466	7.822567913248941e-09	2.9849909853053055e-08	-0.0034532990159485	6.157836574460004e-05	3.791895127775731e-09	1.1925274093550875e-05	0.0	0.0
68.61044155351235	-0.0834946133221592	0.0069713504538168	4707.392690167933	78.58637863536214	0.1468391667964823	0.0215617409054851	6175.818907020503	71.89054320711608	0.0585073681052676	5168.250202614224	0.0034231121226052	74.42127618604157	61.12803384542772	0.833821	23.157455	0.0694502231428232	0.0354750760275958	0.037550599	0.1014632565	0.0313048889	0.0827293472	-0.059812828	0.0927721992	0.0249569409	0.0122240862	-0.025740723	0.026988266	-0.0534785551	0.1017333526	-0.111960867	-0.0969429912	0.0457725373	0.1223893139	-0.03976982	-0.0073357969	0.0032981767	-0.0100766104	-0.083927193	0.0261241272	-0.0705716608	0.0131092086	-0.0031847836	-0.016790003	-0.1226804938	-0.0002703212	0.0837802792	-0.0567299785	0.057875015	0.0015395757	-0.0335965279	-0.1072614341	0.0657585988	-0.0256866753	-0.0815299042	-0.0065360981	-0.0525821361	-0.0253054281	-0.0266461279	0.0933750597	0.0681383599	0.0476971414	-0.0174790431	-0.0049016561	-0.0147929088	-0.1312211421	0.001159436	0.0351696866	0.0759476252	0.1026616181	0.0060475884	0.014194304	-0.0730713732	-0.0106155871	0.0261090685	0.0487764168	-0.0971756194	-0.0010644378	0.0552506833	-0.0126106823	0.0197535261	0.1025707648	-0.0114063615	0.0741724394	-0.0328808286	-0.0121413231	-0.0529493701	-0.054363969	-0.1554817963	-0.1375101265	0.0525095303	-0.0031198223	-0.1039358466	0.0901214648	0.0349317045	0.0606952852	-0.0727305761	0.0918432887	-0.0471443181	0.0180309773	-0.0740631912	0.0824517852	-0.1018799543	0.0257530066	-0.000487298	-0.0375184789	-0.0921696303	0.0493564283	0.0102711922	-0.0634883071	0.0867373245	-0.0096910733	-0.0617280249	-0.0185195179	-0.1005980424	-0.0394249115	0.062012731	0.0679862791	0.0828929114	-0.0482868933	-0.078155432	-0.0565409935	-0.0922761542	-0.0522455015	0.058270255	0.0294375867	0.033371739	-0.0025677315	-0.0380031261	-0.0860193742	-0.0147507987	0.0632829783	-0.036336763	-0.1197119357	-0.1052441785	0.0123335749	-0.0757879694	0.0083314902	0.1133236906	-0.0649745373	-0.02426268	0.0062068049	0.0870307749	-0.1471896437	0.0467496757	0.0673776938	0.0147833147	-0.0429639144	0.0271535742	-0.0255374525	-0.0622585026	0.0028464631	0.0874102637	0.0686694983	0.0580078574	-0.0078833302	0.0272896294	0.0201050298	-0.0067448765	-0.0341756289	-0.0112271473	-0.0105501618	0.0630224352	0.0401314802	0.0562306748	-0.037355737	-0.0029486283	0.0403899416	-0.0549832209	0.082580502	-0.0146812435	-0.0020327728	0.0024625553	0.0103210317	-0.1042431314	-0.0423216021	0.1047148137	-0.1417870617	-0.0393005854	-0.05981414	-0.0684252414	-0.1002718268	-0.0735957967	-0.0171996538	0.0070445079	0.0116137368	0.0246260083	0.1227430872	0.0002285814	-0.0851201985	-0.0264695089	-0.0016284387	-0.0057326513	-0.0014544432	-0.0540896741	-0.0681742477	-0.0587414691	-0.0089764198	-0.0135669371	0.018592718	-0.0006530246	-0.0537060539	-0.0557991009	-0.049417154	-0.0044980194	0.0028194993	0.0203820161	0.0011188213	-0.0621536617	-0.0331113845	0.1009838109	-0.0853136375	0.0	0.0	-0.1396863385273832	0.0092413807584108	0.0195122731711867	8.540311832192537e-05	0.1502000950228108	0.000249166491585	0.0225600685448613	6.20839405288144e-08	-0.343190227367721	-0.0269516535704141	0.117779532160708	0.0007263916301796	0.0055309577249714	0.000352572330042	3.0591493355420806e-05	1.243072479112453e-07	-0.0003347227365861	-0.0002462774545567	1.120393103876877e-07	6.065258462295851e-08	-0.003514609677798	-6.13106618495003e-05	3.758997256423772e-09	1.2352481187271362e-05	0.0	0.0
68.59386709559924	-0.0165744579131086	0.0002747126551134	4705.118603128732	78.38019034197164	-0.2061882933904968	0.0425136123312855	6143.454238043704	71.92094424448976	0.0304010373736787	5172.622221019004	0.0009242230733958	74.42914813205722	61.140245129703096	0.82704	22.969147	0.0633693386391541	0.0329683711142109	0.0095947279	0.1035623143	-0.0044295412	0.0706246887	-0.0242661047	-0.0015075664	-0.0570003614	0.0661027041	-0.0820651094	0.0347391754	0.0245837142	0.0354331789	-0.0120602695	0.004057691	0.1383655371	-0.0027510382	-0.0321210085	-0.0241352728	0.0236407501	0.0221296469	-0.152209162	-0.1198838536	0.1238213737	0.0731399588	-0.1684403106	-0.021902868	0.0003732056	0.1088408431	0.0883628676	0.0298500726	-0.0354777697	0.0114422466	-0.0267731349	0.0616401385	0.0950946335	0.058259463	0.0117704939	-0.1082270001	-0.0033251511	-0.0096940769	0.0052271867	-0.0505537536	0.0177770602	0.0984938076	0.0660721502	-0.029699292	-0.0263617659	0.0178893534	-0.1794317334	-0.1277069407	0.0389920763	0.1043983847	0.032352004	-0.0531695542	-0.0460907623	0.0473126416	0.1087419602	0.0863339187	0.0298708211	-0.0007905223	0.1016074413	-0.1142233379	-0.0762084769	-0.0021771424	0.0408967232	0.0901716812	0.0214055689	-0.0568780868	-0.0051541228	0.0555567859	-0.0260978415	-0.0094273557	0.0745391197	-0.0282076033	-0.1159517919	-0.0608981126	-0.0556276192	-0.0741976833	0.053174394	-0.0182503185	0.0707013448	-0.0990066215	-0.0606142008	0.067052615	-0.0061361062	-0.1559674999	0.1563800157	0.0927331458	0.1487870153	-0.048577311	-0.0874092895	-0.0603979199	0.114275714	-0.0417156198	0.0156730901	0.0674954864	0.0129447543	0.0275096325	0.0975640162	0.0300985242	0.0902830496	-0.0132796589	-0.039762594	-0.0528382256	-0.0603445497	-0.0461228405	0.0839432665	0.04433737	0.0669803508	0.0379557347	-6.57494e-05	0.0011984146	0.0263316342	-0.0472736769	-0.023488	-0.1698283074	-0.0845386978	0.0447946297	-0.0479219036	0.1289387442	-0.0049936908	-0.0512406024	0.0611197317	0.1193982753	0.0296465895	-0.1580789569	0.1649087203	0.097037232	-0.0149989562	-0.0973558288	0.0139489841	-0.0015860867	-0.1449353418	-0.0884629703	0.0729498581	0.0316510687	0.0458485853	-0.0473175557	0.044778889	-0.0592541283	0.0102611881	0.0322668913	0.0495422179	-0.0072048055	-0.0118422168	0.0243131292	0.02885281	-0.0178300134	-0.0493756332	0.0584142142	-0.0458417672	-0.0008921651	0.0063872405	-0.0927219334	0.1598792174	0.001519552	0.0273274478	0.0404603439	0.0620876037	-0.0013376088	-0.0800058494	-0.1348837435	0.0284865561	-0.0797510895	-0.0774036662	-0.0240323864	-0.0548908702	0.0533186515	0.0525570053	0.0740314844	0.0341148747	-0.0705034444	0.0316555536	0.019142379	0.044960617	0.0304199525	-0.0732170371	-0.0145497062	-0.1271444494	0.0088360887	0.0098232948	0.026575114	-0.0255884948	-0.0072611744	-0.1007868007	0.057253643	-0.0388062153	-0.0610887044	0.0177257955	0.055597806	-0.0636593764	-0.0295370653	0.0991370163	-0.0895386565	0.0	0.0	-0.1467542267414643	-0.007067888214081	0.0215368030664851	4.995504380674625e-05	0.1377439329891387	-0.012456162033672	0.0189733910753163	0.000155155972609	-0.362034393030882	-0.0188441656631609	0.1310689017372391	0.0003551025795406	0.0051068152633727	-0.0004241424615987	2.607956213421638e-05	1.798968277310047e-07	-0.0004099750348536	-7.525229826750004e-05	1.6807952920321058e-07	5.6629083945407905e-09	-0.0035139819830994	6.276946986003007e-07	3.9400063465092244e-13	1.234806937754719e-05	0.0	0.0
68.53401090762699	-0.0598561879722439	0.0035827632385685	4696.910651086736	78.34252386037693	-0.0376664815947123	0.0014187638357248	6137.551044813728	71.90487062384229	-0.0160736206474751	5170.310419431497	0.0002583612807189	74.3926761245337	61.10288174302728	0.848314	23.559986	0.0602478399676274	0.0326105505227197	-0.0180484596	0.1068898446	-0.044084393	0.0396405193	-0.0124999528	-0.1384752803	-0.0798460385	-0.0121349541	-0.0250934648	0.0398793729	-0.036899154	0.121346067	-0.039201683	-0.0205759163	-0.0517290244	-0.0260387277	0.0021162194	-0.025669239	-0.0267386844	-0.0051185254	0.0684178039	-0.1528684834	-0.1007363699	0.0694481951	0.0294662272	-0.0716778498	-0.1597396709	0.0763725651	0.0759151984	-0.057833748	0.0039817978	0.0801788647	0.071121381	0.1569261679	0.1630204363	-0.0120905568	0.0574686796	-0.0329919751	0.1118301776	-0.0727976725	-0.1814805734	0.0549195938	-0.0118901044	0.0775096001	0.0910102905	-0.0183339073	-0.051980792	-0.0094614443	0.1055176777	-0.0895873501	0.0171170794	0.0027551002	0.0718857408	-0.0500269105	-0.0386282416	-0.0424374658	0.0174393181	0.0506639268	-0.0581408495	-0.0209263531	0.0240800245	-0.1089931572	0.0205185731	-0.0217170908	0.0684904088	-0.0955881132	-0.0580318721	-0.0832707888	-0.0835670583	-0.0304650785	-0.1268743011	-0.0781133332	0.0659564396	-0.010154786	0.0297100875	0.0581088082	-0.0372563369	0.0362011351	-0.099884689	0.0798508403	0.1745303071	-0.0410817933	0.0675841982	0.0561818585	-0.1032211622	0.0186088106	-0.077077128	-0.1399874579	-0.0700217169	-0.004642354	-0.053956525	-0.0073624255	-0.0927130728	0.0674250338	0.0952777504	0.0356452923	0.0153472704	0.0819098633	0.086365897	-0.002702759	0.0888277864	0.02607476	0.0090904539	-0.0649914389	0.019495621	-0.008122896	0.0148458016	-0.0306690737	0.0713811644	0.0405051912	0.0401923485	0.068232519	0.009013959	-0.1242679347	-0.0648656304	-0.0500888435	-0.041666954	0.0553872011	-0.0688714296	-0.0595018528	-0.1259099682	-0.0659721932	0.1037531935	0.0484820264	0.0254261667	0.0013213045	0.1330574521	0.0948850759	0.0477825644	-0.0681740489	0.048292399	0.0229363507	-0.0862368186	-0.0703862649	-0.0329260912	0.0318177952	-0.1240948034	-0.0085610803	0.0363502171	0.0818583784	0.0302709385	-0.0580299251	0.1378079042	-0.0706316999	0.1114647017	-0.0966020138	0.1095702398	-0.1977115721	-0.0716918983	-0.0427436848	0.0453578854	0.0658870675	0.0300269592	0.0071418943	-0.1613634774	0.0193921441	0.0468530753	-0.0560398526	-0.0822892021	-0.0591128905	-0.1232012156	0.0401474761	-0.0632454775	-0.0095822075	-0.0332169097	0.0388560472	-0.0741424813	0.0463833247	0.1063740801	0.0501838741	0.028760199	-0.0042195229	0.0169987878	0.0415928513	0.0749761706	-0.0043968392	-0.1364795333	0.0237563054	-0.0870059696	-0.0344442112	-0.0103687668	0.0582763604	-0.0255446792	-0.0385597582	-0.0419164139	0.0205101323	0.0061924263	-0.0085822031	0.0483801288	0.0442993705	-0.0651452616	-0.0259259465	0.0970123549	-0.0933175984	0.0	0.0	-0.1597551604006781	-0.0130009336592138	0.0255217112746463	0.0001690242760112	0.1332673932371619	-0.0044765397519767	0.0177601981002283	2.00394081510284e-05	-0.3448616699056401	0.0171727231252418	0.1189295713701066	0.0002949024195362	0.0055522150705395	0.0004453998071667	3.082709218952594e-05	1.9838098822422219e-07	-0.0004762590115414	-6.628397668779996e-05	2.268226460743914e-07	4.393565565548808e-09	-0.0035137128983301	2.6908476929987657e-07	7.240661306916779e-14	1.234617833189131e-05	0.0	0.0
68.46615804689219	-0.0678528607348027	0.0046040107098965	4687.61479770202	78.36797510468682	0.0254512443098917	0.0006477658369217	6141.539522008813	71.74566508651873	-0.1592055373235581	5147.440458706912	0.0253464031144828	74.33255205381653	60.60383746676157	0.871245	24.196844	0.0800051743027946	0.0485763434873374	-0.0805972884	0.0578290298	-0.0809364756	0.0448296848	-0.0141547204	-0.1496515374	-0.1333205407	-0.1274630971	-0.0383714436	-0.006134221	-0.0254238142	0.0326171592	-0.009749688	-0.0103324086	-0.121366174	-0.0167340053	0.0712155399	-0.0075583507	0.0046681731	-0.0436957475	0.010868501	-0.0869802701	-0.1305224326	-0.0653329913	0.0213521887	-0.0680677398	-0.0930781063	-0.0588261614	-0.0804571012	0.1237671426	-0.0413022494	0.040923729	0.0105955788	0.0371407986	0.0067950634	0.1246453769	-0.060746927	-0.012997376	0.1525768454	-0.0224540641	0.1118076484	0.0469695065	-0.1076744969	-0.0493985368	0.0536007619	0.0283547132	0.1152286907	-0.0804569623	0.026103606	-0.0696670267	0.0301239557	-0.0874753543	-0.0149545829	-0.117528147	0.0447584952	0.0631128498	0.0809511883	0.0313736587	-0.0625606056	-0.0375711756	0.0795230099	0.0049597845	-0.025391469	0.0183240009	-0.0967384758	0.0300166945	0.0351728778	0.0540573988	0.0402759463	0.0581093232	0.0863455	-0.0794959576	0.0674111859	-0.1512886157	0.1388321669	-0.0984597429	-0.0980635916	0.0752352542	0.0218737941	0.0630870867	0.0022409787	-0.0039165271	-0.0977403546	-0.0214432013	0.0388121513	-0.0557498153	0.0029895006	-0.0414706194	-0.0487748224	0.0133459693	-0.0007547507	0.059509816	-0.1307516041	0.1275829558	-0.0195254917	0.0336677814	0.1184126429	0.0674854434	0.0334322114	-0.0656361549	0.0673300221	0.0385294106	-0.0699804541	-0.0238553924	0.1067245109	0.0017934484	-0.0209906499	-0.0101954812	0.0134713224	-0.0345102352	0.1111196281	0.047500167	0.0385481902	-0.1215794552	-0.0666562709	0.026992491	0.0422597801	-0.0631268739	-0.0559729186	-0.1283623404	-0.0681056881	-0.0449450472	-0.0064967183	-0.0204726907	0.0146828352	0.1461325657	0.0795210134	-0.0254987122	0.0044972637	0.0498117401	0.0444122751	-0.0310028713	0.1251103513	-0.0522559468	-0.1541189321	0.0524239438	-0.0047033871	0.1328397543	0.0417976984	0.0610431827	0.0572747087	-0.165873093	-0.0196852115	0.1109876219	0.1110744467	-0.0208158585	0.001018615	0.0289603034	-0.0603065362	0.0064819099	0.0767636214	0.2141539895	0.0978086811	-0.1094068802	-0.0514009364	0.0240280215	-0.0001976609	-0.1180864838	0.0465599132	0.0321155148	-0.0202708917	-0.0972406818	0.016355729	0.02857357	-0.0769175629	0.0653729735	-0.0086537576	0.014455574	0.1217217907	-0.0439044777	-0.0424230421	0.0370760093	-0.0028750242	0.038583655	0.0737185012	0.0529964866	-0.0019433692	0.010604437	-0.1383137631	-0.0581739663	-0.0123200036	-0.1219792679	0.1328525014	0.0367451562	0.0344488443	0.0683573461	-0.0280700308	0.0512541762	-0.0388576848	0.0524243413	-0.0666108546	-0.0222825273	0.0946157819	-0.0966316368	0.0	0.0	-0.1588864381057959	0.0008687222948822	0.0252449002139469	7.546784256254277e-07	0.1662889829339633	0.0330215896968013	0.0276520258452119	0.0010904253861038	-0.3122765410910091	0.0325851288146309	0.0975166381157647	0.001061790619866	0.0058047470907311	0.0002525320201915	3.3695088787351164e-05	6.377242122205063e-08	-0.0004582022068535	1.805680468789999e-05	2.099492623654176e-07	3.260481955369671e-10	-0.00351370705328	5.845050100178328e-09	3.416461067359469e-17	1.234613725626962e-05	0.0	0.0
68.42832295321634	-0.0378350936758522	0.0014314943134605	4682.435382189674	78.47667129649672	0.1086961918098978	0.0118148621139741	6158.587937778392	71.73842647097527	-0.0072386155434571	5146.4018325315255	5.2397554985979766e-05	74.33922518451801	59.83183384616709	0.893993	24.828602	0.0713159871210283	0.0349038311209463	-0.0984248339	-0.0433228423	-0.0611809597	0.0650128989	0.0214976095	0.0543617083	-0.0313398544	-0.0263096442	0.0517040606	-0.0799551017	0.0506537258	0.0668245328	-0.0270444602	0.0353350968	-0.0315974347	0.0945373084	0.0161880117	-0.074242544	-0.0575139677	-0.0461096701	0.0034242987	-0.0909083711	0.1345084586	-0.0370716534	0.0264967468	-0.0069940893	-0.0148278774	0.0448656414	0.0306995098	-0.014017842	-0.0754743442	-0.0193627111	0.0267996111	0.0552844417	0.116720592	0.005610892	0.0675932412	-0.0047969004	0.0771341458	0.2083148505	-0.1137028997	0.1885681328	0.1321105536	-0.0915506713	0.1045117495	0.0204267815	0.063739404	-0.0668702807	0.0008030815	-0.0117169987	0.0458078697	-0.0155245964	-0.0297930372	-0.048112554	-0.0533694611	-0.0043177805	0.0382925293	0.046140749	-0.0549573099	0.0204372438	-0.0118389435	-0.0135281165	0.0446532262	-0.0103541161	0.0605885565	-0.0735600675	0.1145644477	0.0082347587	0.0664723058	0.0434836972	-0.0290766496	-0.0698721054	-0.0516956646	0.0086296589	0.1112213488	-0.0752072696	0.1852133069	-0.0870094889	-0.0568189511	0.0451727697	0.0564591727	0.0294900182	0.0383172658	0.1054238292	-0.0022150374	-0.0294626376	0.0397484001	0.0967776158	0.0975448801	-0.0625663034	0.1228235511	-0.0429794174	-0.0528070073	0.0641939881	0.0640526773	-0.0542141946	0.0352230409	-0.0539703989	0.0410023482	-0.0807534419	0.0001404911	0.0845723734	-0.0401209994	-0.0837399483	0.0396505636	-0.0400578004	0.0119195004	-0.083194139	-0.0185445026	-0.0054206217	-0.0515240721	0.0145428248	0.0307672326	0.0198788544	-0.0088066594	0.0207198714	0.1312709928	0.0182405763	0.0464693678	-0.032350282	-0.0828176967	-0.0698552021	0.0222212846	0.0238366413	-0.0348423001	-0.0058636548	0.0612786243	-0.0639880502	-0.0471846333	0.1138651897	0.0663342127	-0.0616354372	0.0540971509	-0.0702106679	-0.0698529893	0.0655206826	0.034928219	0.1183867441	0.0459435963	0.0143780137	-0.0318146246	-0.107513136	-0.0373710711	0.0765079213	-0.0715783855	0.0508158043	-0.126347062	-0.117778467	-0.0343873604	-0.0581620743	0.0350468109	0.0115178616	0.0507158835	0.1561247315	0.1051649518	0.1312032698	-0.0295837592	0.0067289025	0.1027912433	0.0014113598	-0.0287207318	-0.0713935729	-0.0618174215	0.0646077293	-0.0445982074	0.1610420272	0.1169983234	-0.0437246368	0.0479094844	-0.0151840992	0.0315700027	0.0987962119	-0.0772783064	0.0113925127	0.0840465732	0.0482328249	0.0132774905	-0.0702477548	0.075921687	-0.031468737	-0.0673191904	-0.0021440812	0.0464151279	0.0173070719	-0.10828797	0.0697006788	0.0170918654	0.0482637431	-0.0484219953	-0.0932635635	-0.0680556987	-0.0186113467	0.0919540145	-0.0994642612	0.0	0.0	-0.1447717138393613	0.0141147242664345	0.0209588491279859	0.0001992254411174	0.1623810901308786	-0.0039078928030847	0.0263676184320925	1.527162616040124e-05	-0.3313980528159632	-0.019121511724954	0.1098246694102119	0.0003656322106475	0.0063000778947555	0.0004953308040244	3.969098147998689e-05	2.45352605415459e-07	-0.0002710753987669	0.0001871268080866	7.348187181663385e-08	3.501644230467922e-08	-0.0035146866077001	-9.795544201000178e-07	9.595268619374821e-13	1.2353021950346436e-05	0.0	0.0
68.5534972675245	0.1251743143081682	0.0156686089625201	4699.58198760849	78.56102957281955	0.0843582763228312	0.0071163187841591	6171.835367541428	71.75821170456912	0.0197852335938506	5149.240947037761	0.0003914554683632	74.45537016523124	60.14324816006644	0.8596279999999998	23.874193	0.0454101879920032	0.0226802537999704	-0.0807689619	-0.0778725216	-0.0186237073	0.0474612981	0.0016302652	0.1448018685	0.0055538065	0.019548043	0.0727721846	-0.0974589132	0.0792084939	0.0318345115	0.0233350766	0.0488713635	-0.0369449234	0.0518824378	-0.0887289478	-0.0333208709	0.0318462405	-0.0558316171	0.2531221253	-0.0010046968	-0.016281866	0.0208124474	-0.0166780251	-0.0226359666	-0.0045046387	-0.0287991091	0.0016351278	0.0135018443	-0.0132779152	-0.0675851197	0.0533062758	0.0923989775	-0.2211325543	-0.0407916474	0.0706837748	-0.0012058648	0.017235337	0.1193162161	0.1286253436	-0.0552295075	-0.1155063069	-0.0539101185	0.0787816324	0.0071605863	0.0028152164	0.0415597974	0.0229194773	0.0347167445	0.0474678652	0.1237324347	0.0683309453	0.0623240616	0.0343662984	0.0622541529	-0.049632904	0.0269174795	0.0124077753	-0.0529341615	0.0476704692	-0.043622622	0.0507602779	-0.0266291246	-0.0137676947	-0.0343637959	-0.104012633	0.0847752195	-0.0715400597	-0.0684838855	-0.0458286128	0.062104031	0.1100125077	-0.0356197535	0.003826299	0.00441607	0.0354853445	0.0727503537	0.0726132243	-0.046530018	0.0171965239	-0.0330988624	-0.0713407393	-0.0090411512	0.0611758071	-0.03481394	-0.149859543	-0.1272575877	0.1630106298	0.0268684276	-0.0277344058	0.1145361399	0.063918033	-0.0420531277	0.0731802427	0.1153780056	0.1111179412	-0.1374140616	0.0366643528	-0.0406072202	-0.0325589133	0.0509226699	0.0364229374	-0.0849643814	-0.0018229676	-0.0243045283	0.0482550899	-0.0291263405	0.0355998378	-0.0221615284	-0.0779253855	-0.0595216371	0.017755673	0.0502539848	-0.0424411361	0.0193357064	0.0607719308	0.0414383158	0.1323909201	0.0383641977	-0.1652970922	0.0022431199	-0.0743855977	0.0041734169	0.0323843918	-0.0490250476	-0.0525102778	-0.0984159327	-0.0328302133	0.034638295	0.0407868265	0.027532487	0.0868615179	-0.054651157	-0.0920174805	-0.0257857939	0.0333760762	0.0602958731	0.0577335788	0.0583379509	0.0748341182	-0.0242352116	-0.0676032514	-0.0375152257	-0.1106692651	0.0080895995	-0.0564248334	-0.0089407973	-0.1028858572	0.003551109	0.0295576726	0.0064524263	0.0835918374	-0.0976562422	0.0030040083	0.0810645413	0.0022053048	-0.1238952702	-0.0659531373	-0.165797589	0.1213912644	-0.0007231718	-0.0162525854	0.0511121255	0.0290580024	-0.0977386865	0.1214511536	-0.0543702236	-0.0503660355	-0.0120301133	0.0711687179	0.0264809283	-0.0910882289	0.0067353625	0.0649040193	0.0740291116	0.0132975126	-0.0243118019	0.00867187	0.028443638	-0.0663651306	0.016222655	-0.0870043493	-0.1298210958	-0.0056887161	0.0708673114	-0.0246163734	0.0473410878	-0.087154199	-0.0510472357	-0.0694793439	-0.0149169788	0.0890345132	-0.1018013597	0.0	0.0	-0.1517361179383272	-0.0069644040989658	0.0230238494869939	4.850292445369301e-05	0.157661743281892	-0.0047193468489865	0.0248572252946852	2.2272234681039643e-05	-0.3497552539012289	-0.0183572010852657	0.1223287376315131	0.0003369868316848	0.0065141280305423	0.0002140501357867	4.24338639982969e-05	4.5817460630347394e-08	-0.0002532084552384	1.786694352850002e-05	6.41145218042168e-08	3.1922767105060877e-10	-0.0034392189678397	7.546763986039998e-05	5.695364666099031e-09	1.182822710874837e-05	0.0	0.0
68.58296888474061	0.0294716172161031	0.0008685762213325	4703.623621045299	78.5273892851763	-0.0336402876432515	0.0011316689527207	6166.550867945622	71.72142013059843	-0.0367915739706887	5143.96210554981	0.0013536199152406	74.41976911125127	60.04890488596343	0.919641	25.540928	0.1596952516790588	0.0770718196615688	-0.0173032527	-0.1133851692	0.0028984401	-0.0261935044	0.0341977848	0.0451875206	0.0066302715	0.1169046042	0.1051319096	-0.0110768981	-0.0466834564	0.0546099071	0.1088037116	0.0100189781	0.0460468367	-0.0020181604	-0.0289925588	-0.0675193873	0.0098510998	0.0665704666	-0.0686510476	-0.1211265788	-0.0253811001	0.0423041042	0.0323770469	0.0078473011	0.0795485567	-0.0790336968	-0.1887733399	-0.0788403268	-0.0263172848	0.0924723203	-0.0824145657	0.0414082867	0.1032375489	-0.0685808587	-0.0478364566	0.0180232578	-0.1424413763	0.022778697	0.1498987159	-0.0794590594	0.0047615164	-0.0835749303	0.0240267048	-0.0108761045	0.0549533869	-0.0612531843	-0.1608205349	0.0046901703	-0.101679774	-0.1353811664	0.0276329331	0.0305126316	-0.0742247291	-0.0061436102	-0.0375067676	0.0444830051	0.0589569784	0.0508390773	-0.0842190726	0.0421351731	0.0939929816	0.1341499217	0.0117822977	-0.018313691	0.002900032	-0.0409183807	-0.0045537853	-0.0804970442	0.0316504218	-0.017456119	-0.1074178562	-0.0902484482	-0.0166466432	0.097325578	0.0989439006	-0.0862448215	0.0125560576	0.0396151373	-0.1019744207	-0.0218502264	0.0437764027	-0.0368092675	-0.0220266108	0.063276721	-0.1172383143	0.0118585338	0.0008001249	0.0295935766	0.0438845777	-0.0638549614	0.0428620381	-0.0182552001	-0.0432185967	0.090239316	0.131731991	-0.0736843206	0.0079434503	0.0020599472	-0.0845444922	0.0342931333	0.0802595876	-0.0002568756	0.116936588	0.0328679628	0.1400298442	0.0900279429	0.1259879518	0.0005291605	-0.0454045175	-0.0633354491	-0.0563744308	0.0217157084	0.0351406789	0.0210563184	-0.1064997619	-0.0634551192	0.1849658161	0.0285677465	-0.0115166568	0.0840808503	-0.0430229327	-0.099942717	0.2394671698	0.0051849994	-0.0936491749	0.0565449709	-0.0658562388	-0.0942556871	0.0835421206	-0.0772578698	0.0038138582	-0.0369240308	-0.0778803112	-0.091829177	-0.0076744211	0.0486706241	-0.0179014205	-0.0983157124	0.0807705988	0.151202863	-0.0530426665	-0.0787499562	-0.0494855149	-0.0525657937	-0.0095284435	0.0203345106	-0.026766172	-0.0046602718	0.0619142886	0.0146330042	0.1389225282	-0.0449971401	-0.0577661289	0.0590273661	-0.0775130052	-0.0499187136	0.0636451969	-0.0505806575	-0.0348549865	-0.0581035781	0.0210004129	0.0635467143	-0.0367030838	-0.0199397388	0.0032384646	-0.0113962197	-0.091780684	-0.0533301487	0.0702811533	-0.0730156968	0.0141423097	-0.0511025291	0.03342973	-0.0212174932	-0.0571735509	-0.0139216524	-0.0648447229	0.0382775305	0.0421910138	0.0050973937	-0.1445369847	-0.0600075143	0.0243685653	0.0329472264	-0.0422746952	0.0511138675	0.0349285166	0.0096766826	-0.0708813468	-0.0112040262	0.085865461	-0.1036312889	0.0	0.0	-0.1584339911867687	-0.0066978732484415	0.0251013295633691	4.486150605218843e-05	0.1425515109083477	-0.0151102323735443	0.0203209332622527	0.0002283191223825	-0.3015236999245303	0.0482315539766985	0.0909165416161782	0.0023262827990071	0.0054140517891938	-0.0011000762413484	2.931195677607259e-05	1.2101677367794422e-06	2.0030441791885067e-06	0.0002552114994175	4.012185983780959e-12	6.513290943497376e-08	-0.0038770430686811	-0.0004378241008414	1.9168994327758053e-07	1.503146295640816e-05	0.0	0.0
68.67229246586523	0.0893235811246171	0.007978702144926	4715.88375251733	78.51325459535732	-0.0141346898189738	0.0001997894562786	6164.331147155398	71.76754839048473	0.0461282598863022	5150.581001980568	0.0021278163601382	74.53714369005529	60.22964136358087	0.8924079999999999	24.784584	0.0868936069134896	0.040843884213441	0.0567959663	-0.0935946312	0.0195649308	-0.0883968801	0.0614332576	-0.0961144727	0.0074668951	0.1239175133	0.1160349685	0.0389871635	-0.0903004941	0.0128353807	0.1310660809	0.0076753966	-0.1158979876	0.0162390651	0.0475377348	-0.1209647917	0.0906780977	0.0779383723	-0.0911632518	-0.0603876463	-0.018230842	-0.0532833749	-0.0959820098	0.1338814559	-0.0101768465	-0.1168972736	0.0065404336	-0.0755969298	-0.0597194124	0.0113133234	-0.1155825474	-0.0012016017	-0.1089567252	-0.0842077985	0.0319825441	0.0191413656	0.0744896126	-0.1260734477	0.009837821	-0.1181418921	-0.0181068795	-0.0004476822	-0.0924676336	-0.1204256797	0.0822271788	0.0072265733	0.0518042779	0.0648583678	-0.0234862244	0.0210894	-0.0014247602	-0.0114933527	0.0832707058	-0.105135486	0.0617258252	0.0434626581	0.1084032998	0.1589948277	-0.0185996429	-0.062695447	0.1767606127	0.0348797934	0.0590304645	-0.0715767869	0.0623013244	0.1541182732	-0.0513408989	0.0216018899	-0.0063407737	-0.0184162841	-0.0512533118	-0.0851815437	-0.023548963	0.0437583883	-0.0804199542	-0.0084129915	-0.0638536246	-0.1008071264	0.0179848688	0.0788169482	0.1253162582	0.0206687286	0.2321796323	0.0578413064	0.0569800421	-0.0670640112	-0.0346153272	0.1102895641	-0.0417704039	-0.0206682259	-0.0690159471	-0.0433107605	-0.10623678	-0.0583422768	-0.0238858801	0.0466374665	-0.0039034043	0.0177843786	-0.1096589908	-0.0160971525	0.1655162944	-0.0233663066	0.1322887659	0.096384588	0.0728094167	0.1227835355	0.0251845631	0.0061875821	-0.0515964614	-0.0153763414	-0.0484933176	-0.0662134595	0.0573191453	0.0252936523	-0.1462201424	-0.0976528388	0.0116660453	0.0287944598	0.0166202555	-0.0441964068	-0.0306943735	-0.0900618979	0.0626785375	0.1218058443	-0.0332459044	0.1033408006	0.1093452672	0.1233700751	0.0833555075	-0.0543940556	0.0528278968	-0.0930631419	0.0530353673	0.0283023467	0.0042458421	-0.0014311565	-0.0273355992	0.0283429896	-0.0286211593	0.0207311172	0.0469082201	-0.0466077666	0.0308534565	-0.0449205837	-0.0977622222	-0.0522568556	-0.0114961891	-0.0069677455	0.1288694507	-0.1486820198	-0.0055592607	0.0174169992	-0.0234609674	-0.0105855363	0.0545219232	0.0744221849	0.0552382521	0.1648938233	-0.1153582751	0.078017697	-0.0826780459	-0.1092940033	-0.0135452645	0.0264321279	-0.0652492595	0.0447627121	-0.0708164778	-0.0890165924	0.0215144413	-0.0031915533	0.0086489018	-0.0573851808	0.0160858864	-0.0782410507	-0.0308327647	0.0557504721	0.0022223321	0.072288754	0.0251663333	-0.1082808366	-0.010941819	-0.0027150722	0.0081556065	0.080404292	-0.1497364241	0.0736430532	0.0088974886	-0.0183195063	-0.0722612707	-0.0074771147	0.0824557403	-0.1049449322	0.0	0.0	-0.1607146923352189	-0.0022807011484501	0.025829212332404	5.201597728542028e-06	0.1592835076154273	0.0167319967070796	0.0253712357982738	0.0002799597138057	-0.2966188630475699	0.0049048368769604	0.087982749915633	2.4057424789590812e-05	0.0057887748041784	0.0003747230149845	3.350991373349067e-05	1.404173379591487e-07	-0.0004519795029966	-0.0004539825471757	2.0428547112905362e-07	2.0610015314021706e-07	-0.0034462271872215	0.0004308158814595	1.856023237178121e-07	1.1876481825944612e-05	0.0	0.0
68.74896557442719	0.0766731085619625	0.0058787655765544	4726.420267553775	78.73479899417522	0.2215443988178975	0.0490819206475836	6199.168572653176	71.83368188525559	0.0661334947708525	5160.077853192097	0.0043736391306063	74.53251806480709	60.86705378921489	0.873143	24.249542	0.098355658044822	0.0454851950728497	0.082224465	-0.075658053	0.0537006061	-0.0921835833	-0.0085809385	-0.1253133554	0.082597073	0.0969404928	0.0791957805	0.0986392079	-0.0391162829	-0.0051312204	0.0317463306	0.0910787309	-0.1606796223	-0.015160857	0.1036242534	0.0008953119	0.0744332736	0.0084270649	-0.0778532201	0.0380129341	-0.0955623982	-0.0790844141	0.0100808991	0.1419637985	0.1096481507	-0.0876720224	0.0658831641	-0.0848623078	0.040654091	-0.0335885457	-0.0210860331	-0.1181645707	-0.0285694806	0.0153888066	0.0445120044	0.0558423915	-0.046683553	0.1371192451	0.0623954301	0.1582000478	0.0121118977	-0.0178113792	-0.0849909921	0.0135400411	0.1068685202	0.0913642003	-0.1693889259	0.0598677201	-0.0351398143	0.029954436	0.0059974669	-0.0926889512	0.0286082522	0.0144117711	-0.0685770743	-0.0323149713	0.0762378007	-0.0746064701	-0.0046296414	0.0483303298	-0.0926781109	0.0549813465	-0.1448016958	0.098074369	-0.1461847	0.029056474	0.0138013805	0.0621738114	-0.0392495173	-0.0186570257	-0.0532373724	0.0108247194	-0.1764762819	-0.050380638	-0.0190342707	0.078605555	-0.1668509296	-0.1088153204	-0.1708921778	5.50992e-05	-0.138728966	-0.0098440447	-0.0685998139	0.062264972	0.0955409236	-0.1683121963	-0.061832709	0.0859577739	0.0074018677	0.1406950659	-0.0333400031	-0.0316662961	-0.0206666412	-0.1587454485	-0.0030871806	0.0194274053	-0.0573707969	0.0282370223	-0.0923300145	0.0196218195	0.0942685522	0.0063636894	0.0365771173	0.0535313514	-0.0814314142	0.1317374619	-0.1348343854	-0.0480083427	-0.0365113754	-0.0007011408	0.0382666059	-0.0985941998	0.0808939581	0.0600676606	-0.0396146126	-0.1132381964	-0.1331977541	0.0276276914	0.119656958	-0.1091842253	0.0713389112	-0.0269419596	-0.0388252533	-0.085266748	-0.0916821408	0.1078926719	-0.1212450652	0.1418430746	-0.0369099894	-0.1481056702	-0.117150583	0.0402260219	0.0073833971	0.0254898958	-0.0576390895	0.0376206267	-0.0523152834	0.1064570222	0.1402585256	0.1185567269	0.0200103938	0.0182175758	0.0044974642	-0.0308314996	-0.208909486	0.0600851217	-0.1469509781	0.0362338253	-0.0420911434	0.0073672541	-0.0178881017	-0.0719154267	-0.0625959784	-0.0046909533	-0.0200460848	0.04059984	-0.0716914588	0.0243621751	-0.0169239997	0.0479302427	0.1739404126	-0.05266809	-0.0124647175	-0.1102340555	-0.013370708	0.0040902948	-0.0627201281	-0.0236575947	-0.0307733833	0.0593501207	-0.0179419356	-0.1053701086	-0.0232171444	-0.0960054305	-0.0016156975	0.1034208859	0.0321586635	-0.0030705896	-0.0098175724	-0.075228254	0.0338443142	0.0399097655	0.0054767276	0.0661301972	-0.1200989765	-0.0592266987	-0.0293746078	0.0826417866	-0.0736186857	-0.0037408877	0.078814908	-0.1057357452	0.0	0.0	-0.1755146763266424	-0.0147999839914234	0.030805401606046	0.0002190395261463	0.1503280102823367	-0.0089554973330906	0.0225985106754463	8.020093248299316e-05	-0.288934783296952	0.0076840797506179	0.0834833089988566	5.904508161385623e-05	0.0052528692761904	-0.000535905527988	2.7592635632745057e-05	2.871947349280973e-07	-0.001033981301312	-0.0005820017983154	1.069117331462857e-06	3.387260932423596e-07	-0.0032258125741311	0.0002204146130904	4.858260166379074e-08	1.0405866763422312e-05	0.0	0.0
68.6501485044303	-0.0988170699968833	0.0097648133227689	4712.842889680334	78.75133653019749	0.0165375360222697	0.0002734900976878	6201.773005292418	71.89739145051449	0.0637095652589039	5169.234897388515	0.0040589087054785	74.48366685565603	60.67454234390799	0.875093	24.303701	0.1156428838511638	0.0564958205665573	0.0946429798	-0.0611155338	0.0510027334	-0.0397010684	-0.0950385136	-0.057948468	0.134343158	0.0333609143	0.0839743717	0.0398959935	-0.0290688384	-0.0615515823	-0.0965128488	-0.0006667312	-0.0454956419	0.0788092738	-0.0293819764	0.0199411755	0.0150068077	-0.0022582132	-0.1058870372	0.0843899714	-0.0458019119	-0.0461281316	-0.0633292356	-0.0318927338	0.0454968124	-0.0723576594	0.0929507466	0.0414773303	0.0284600468	0.0985509155	-0.0380759171	-0.1169920692	-0.0996903623	-0.0250560831	0.0163935882	0.1095577706	-0.091610355	-0.0502847036	-0.0539694891	0.0992342354	-0.0921193931	0.058185796	-0.0188412074	0.007304014	0.0027235977	0.0437852642	-0.1245772149	0.1160851397	0.0898086443	-0.1183975186	0.0417781336	-0.0153093077	-0.0937645269	0.0214933667	0.0225742972	-0.0220896449	-0.0172659761	0.1353765892	-0.0539793827	-0.1043609481	0.0270438105	-0.0337791144	0.0062707325	-0.0431394114	-0.0404662942	-0.0100083623	0.0481991762	-0.0595097155	-0.0849126984	0.0273486722	-9.27952e-05	0.0074795045	-0.0119968495	0.0361637756	-0.0068307825	0.0188131336	0.0203088459	-0.1346138109	-0.104068301	-0.0625879294	0.0599755871	-0.11861514	-0.0946652498	-0.0436697133	0.0484048428	0.0400571458	-0.1020189733	-0.0958513313	0.0259059702	0.0151297473	-0.0372097287	0.0805542212	-0.0167894978	-0.1486758486	0.0265607252	-0.0974204026	-0.0459363486	0.0845876956	-0.0560332389	0.0391026616	-0.0040592772	0.0686787055	-0.0493936488	0.0636503787	-0.0963465644	0.1217408688	-0.1167019746	-0.030226392	0.0290932877	0.0553425752	0.0552825959	-0.0252795476	0.0723246493	0.0726155884	0.0358065218	-0.1405350068	-0.0028358598	-0.0675264781	0.1141177582	0.0136609082	0.211833758	-0.0147219999	-0.0300411908	0.0175405503	0.0051075172	0.0820619945	-0.0184534577	-0.0159652179	-0.0571755573	-0.0673870857	-0.0660339243	0.1132380536	-0.0022087081	0.0025558527	-0.0201261921	-0.086712516	-0.0078905311	-0.0042622976	-0.1110679431	0.0289114347	-0.0185206344	0.0110858694	-0.0143497691	-0.0387635927	-0.0992348224	-0.0514563946	-0.0493759155	0.0443591478	0.0208336876	0.1363130828	-0.0304898413	0.0478836552	0.1146357958	-0.0361221338	-0.050705783	0.0708918877	-0.0013364182	0.0468253262	-0.0434167299	-0.0127738762	-0.0195145695	0.0626110497	-0.0959309887	-0.130265663	0.043925711	-0.0333558568	-0.0783443189	0.0410711307	-0.0104350304	-0.0608297319	-0.0274054664	-0.0772393782	-0.0048017553	-0.0855989423	-0.0110772563	0.0703043043	0.1098490673	0.0013051535	-0.0586691009	-0.0473447442	0.0060466038	0.0039750471	-0.04746939	0.0360625477	-0.0209607358	-0.0183356915	0.0246435346	0.0251138048	-0.0749531689	-0.0	0.0749531689	-0.105999788	0.0	0.0	-0.1433403094349898	0.0321743668916525	0.0205464443089186	0.0010351898848786	0.1495500042880877	-0.0007780059942489	0.022365203782567	6.052933270873547e-07	-0.3111708355840292	-0.0222360522870772	0.0968272889180629	0.0004944420213136	0.0058757612406417	0.0006228919644513	3.4524570157027294e-05	3.879943993780002e-07	-0.0004835854641349	0.0005503958371771	2.3385490112256666e-07	3.0293557758188096e-07	-0.0032616139460664	-3.580137193530007e-05	1.2817382324496912e-09	1.0638125533174834e-05	0.0	0.0
68.70004077986184	0.0498922754315316	0.0024892391477358	4719.69560315468	78.77721809509188	0.0258815648943908	0.0006698554013825	6205.850090801672	71.94518340399506	0.0477919534805693	5176.109415034486	0.0022840708174889	74.49323214071505	60.78004351047322	0.8383429999999998	23.283054	0.0397076663328159	0.0223402685143604	0.0987121667	-0.0323940856	0.0711363736	-0.0424703012	-0.0493739993	-0.0362034921	0.1155215492	-0.0767321176	0.1178690095	0.0845884939	-0.0509710305	-0.0125734435	0.0096618248	-0.0646684745	0.0469755634	0.0890205242	0.0415523522	0.0530779421	0.0829813685	-0.0194015682	-0.119579839	0.0594225556	-0.0202597241	-0.0283749872	-0.0172298033	0.0241358912	0.122026443	0.0956321262	0.0482786095	-0.0729825903	0.0733914417	0.0359217979	0.0449259166	-0.0619236747	0.0951545622	-0.0137368404	-0.166426236	-0.1322529925	0.0230299964	-0.0645470566	0.1813532188	-0.0742331006	0.1236891232	0.0984650767	-0.0103285441	0.1077318763	-0.0589882924	0.038032251	0.1073238743	0.0475002378	-0.0879825088	-0.0103770113	0.0228763434	-0.0051145219	-0.0791257416	0.2112933601	0.0516528233	0.0297557903	-0.0345707876	-0.0340353768	-0.0848874614	0.0354649283	0.0233883059	-0.0163647588	-0.0253903134	-0.2056314728	0.0219496767	-0.0042698997	0.0040748114	0.0457530832	-0.0108947953	-0.0342608328	-0.0677628327	-0.0199710539	-0.0221987581	0.1223266153	-0.0538687524	0.0659170473	0.0622402039	-0.0082890472	0.104014591	-0.0248214406	-0.0306942472	0.0103200056	-0.1308624675	-0.068213031	-0.1096521488	0.1020839462	0.0958394311	0.0439850488	0.0636565175	0.0906927029	-0.0378499939	0.059291874	-0.1594812087	-0.0340365153	0.1369126458	-0.035301359	-0.0139904005	0.0962786932	-0.0702163543	-0.0574240837	-0.0309179799	0.0744333902	-0.024881685	0.0650692626	-0.0683503478	0.1328151949	0.0066940374	-0.0030256199	0.0279895437	0.0062012604	0.0676076744	-0.0016038213	0.0139873716	0.1280553186	0.1222077745	0.0717233221	0.074649335	-0.1165922563	0.070616604	0.0416422936	0.1885698448	0.0480956365	0.0093927148	0.0166511453	0.0151713781	0.1050074865	-0.0524727991	-0.0357065092	-0.0076287077	-0.0542832915	-0.1206285693	-0.0588909816	0.0276404435	0.0100427558	0.060068063	-0.0078609491	0.1130330362	-0.0941198231	-0.0598493659	-0.0698261563	0.0472514786	-0.044430228	-0.0655927095	-0.1137113985	0.0139739237	-0.0101376588	-0.0393547205	-0.0155733526	0.0168117763	0.0819274181	-0.1757907137	0.050852504	0.0649452116	0.1008418403	0.0066265457	0.1276664876	-0.0170093686	-0.0142026291	0.1442938093	0.0559689843	-0.0603248609	-0.0242008573	0.0200819716	0.0544752773	-0.0060079765	-0.0063551277	-0.067848261	0.0149013711	0.0039319555	-0.0905854381	0.016034492	-0.0789968864	-0.0115444538	-0.0074837907	0.0412244616	0.0587835109	0.0617122795	-0.1012538985	-0.0419706361	-0.0418681029	-0.039881703	0.0232052674	-0.0319515236	0.0518029466	-0.0383663463	-0.0216234496	0.0760767895	-0.0454304354	-0.0762643048	0.0037408877	0.0708813468	-0.1057357452	0.0	0.0	-0.1449056689392875	-0.0015653595042977	0.0209976528907423	2.450350377695151e-06	0.1485626468685126	-0.0009873574195751	0.0220708600445783	9.748746739900374e-07	-0.3171211534357923	-0.005950317851763	0.1005658259564473	3.5406282537010484e-05	0.0055039669670445	-0.0003717942735972	3.0293652374317032e-05	1.382309818796699e-07	-0.0006437353945907	-0.0001601499304557	4.143952582488442e-07	2.5648000224997573e-08	-0.003353762373157	-9.214842709059966e-05	8.491332615271562e-09	1.1247722055603672e-05	0.0	0.0
68.73451941724294	0.034478637381099	0.0011887764356573	4724.434159519346	78.65759545148805	-0.119622643603833	0.0143095768627696	6187.017322209954	71.94509430544092	-8.909855414174217e-05	5176.096594618787	7.938552350148962e-09	74.52677419508737	61.1707400984132	0.8561069999999998	23.776409	0.1200773304919037	0.0592462437838259	0.0884858408	0.017647436	0.0791125062	-0.0166825426	-0.0120899357	0.0028246739	0.0482206174	-0.0894279226	0.0409290448	0.0481668395	0.0450845607	-0.0238071068	-0.0141864208	0.0359013707	0.1168339119	-0.0246019968	-0.0083146769	-0.0013736441	-0.0263568098	-0.0444376458	-0.0398157433	-0.1140034901	-0.07453818	0.0922196515	0.1411131641	-0.0179360852	0.0972148747	-0.0119709907	0.0193792955	-0.048296659	-0.1931486933	-0.0269514162	0.0658897367	0.0361410517	-0.0847895692	0.1528274303	-0.0308108787	0.1415213839	0.1653062344	0.0089538526	0.0184671826	-0.0610788074	-0.0058810268	0.0718627585	-0.0334706466	-0.1245881408	-0.0444263099	0.0011941004	0.0116060622	-0.1289467055	-0.0060071664	-0.1042127466	0.0089805985	0.0410174448	0.0277395473	0.0601203584	-0.0482818874	0.040646334	0.0342853039	-0.0108023782	0.0450064153	0.1995516928	0.0158685966	-0.0365095361	-0.085974407	0.0530727405	-0.0962935607	-0.1146309194	0.0378674916	0.077720992	0.0779392456	-0.012964937	-0.0809471606	0.0683865741	0.0245704015	0.0369479127	0.1208927596	-0.0704247179	0.0463584587	-0.0119419994	-0.0809691732	0.0395853134	-0.0326787282	-0.0532464288	-0.050402095	0.0182022403	-0.0532362692	0.0939276722	-0.0127026084	0.075959417	-0.0099409353	0.0313949303	-0.0071820534	0.007679199	0.0744864597	-0.1109820989	0.0424016764	-0.0091106233	0.0549808136	0.1292580658	-0.0439124638	-0.0740315351	-0.0131691053	-0.012908015	-0.052048347	0.0483901433	-0.0101901897	0.0740448804	0.0754871853	0.0209442796	-0.0415293665	-0.058261295	-0.0062307774	-0.0298057065	0.0101330719	0.130533441	0.0798384244	0.0779893749	-0.0403892718	-0.0464725919	-0.1560624232	0.0278226057	-0.0248669566	-0.0099752693	-0.1813947559	0.0960580847	-0.0006813683	0.029272227	0.0705387705	-0.141794892	0.0594075453	-0.0662582458	0.017507771	0.0487212586	0.0143599982	-0.0142713272	0.0173807639	0.0682810948	0.0331179767	-0.0414473557	0.040888214	0.0906305542	0.0853940169	0.062212183	-0.0742939089	-0.0808837118	-0.0022207006	-0.0961900859	0.0803031854	0.002545531	0.0133246359	-0.0652692446	0.051452685	-0.0276653891	-0.1865271558	2.512e-06	0.0744784099	-0.02004044	0.0146179333	-0.0499534185	0.0435888575	-0.1046612137	0.0727893777	-0.0282197691	0.0533186471	-0.0397374392	-0.020484257	0.0521919056	-0.0372627409	0.0559593409	0.0753374619	-0.100355275	-0.0007769353	-0.0058997398	0.0209067817	0.0073640651	-0.0085871207	0.0613003358	0.0643201922	0.0094946301	-0.000898809	-0.0637183673	-0.0145247304	0.0106380505	0.0083065161	0.0729581716	-0.0104064599	0.018148658	-0.0733896706	-0.0666274228	-0.0775516848	0.0074771147	0.0666108546	-0.1049449322	0.0	0.0	-0.1544837840773283	-0.0095781151380408	0.0238652395428505	9.174028959756632e-05	0.1361421366370478	-0.0124205102314647	0.0185346813681005	0.0001542690744099	-0.3612770164012104	-0.0441558629654181	0.1305210825797604	0.0019497402342207	0.0062319294260383	0.0007279624589938	3.883694437112205e-05	5.299293417042999e-07	-0.0003851672083052	0.0002585681862855	1.483537783536213e-07	6.685750695897302e-08	-0.0032618361752967	9.192619786029976e-05	8.450425853050977e-09	1.0639575234474204e-05	0.0	0.0
68.71216182468598	-0.0223575925569576	0.0004998619449429	4721.361182621833	78.70482990908069	0.0472344575926371	0.0022310939840706	6194.4502510173215	71.99095358979811	0.0458592843571921	5182.697398768465	0.0021030739617538	74.50216823149687	61.40147492999122	0.916721	25.459824	0.0872896448138491	0.0553396092192398	0.0700094543	0.0943248952	0.0139383894	-0.0290287992	0.1414129865	0.0131876556	0.0120382967	-0.0886816941	-0.0796982545	0.0346941259	-0.0052561361	0.050100483	-0.0006283937	0.0212816207	0.0208719569	-0.0942653848	-0.0101524898	-0.0507131111	-0.0288103637	0.1698082229	-0.0565157496	0.0618141849	-0.0747508271	-0.0062108461	-0.1075060986	0.0215758847	-0.1005760726	-0.0125627052	0.1183159238	0.0695511217	-0.0581742706	-0.112111359	-0.1294459184	-0.0719073149	-0.0014255604	0.1245017996	-0.0222265242	-0.0118198046	0.1272689102	-0.0226438638	-0.0437234863	0.003471328	-0.0731952399	0.0882528945	-0.0944080638	0.0911558452	-0.0123596191	-0.0822599054	-0.0106386614	0.0359433521	-0.0190058414	0.0249366292	0.0199362486	-0.0869255695	0.0626194562	-0.0661666495	-0.0408336591	-0.0238466979	-0.059552119	0.0514510181	-0.0217041515	0.093686296	-0.0285514234	-0.058877334	-0.0330692428	0.0751660865	-0.0577394486	0.071573238	-0.0027691015	0.0738663705	0.144184921	-0.0550189417	0.073787333	-0.0325156303	0.1263483942	-0.1389538035	-0.0272674836	-0.1452276776	0.0088967776	0.0001290385	0.0377864701	0.0070751453	-0.1702386724	0.1164590319	-0.0811638721	-0.0656017537	-0.1432808589	-0.0927887358	-0.0075481044	0.0810721086	0.0736342473	-0.0330309241	-0.099315486	0.0204991036	0.0119952965	-0.1296367114	0.052141583	0.1770877554	0.0472834735	0.0738321868	0.0033379351	-0.0802868538	-0.0035498255	-0.0724775397	0.0601491273	0.011588492	-0.0039933625	0.0260481776	-0.0289142639	0.073260596	-0.1221374995	-0.1001932809	-0.0174846612	0.0008399339	-0.0149190503	0.1146878277	-0.0799446788	0.0520586505	-0.0745810796	-0.0132278218	-0.0095674852	0.0549768474	-0.0124598976	-0.0686624886	-0.0789093038	0.1198364122	-0.035254566	-0.0561438971	-0.0140158551	0.1436543641	-0.0049984436	-0.0719687218	0.1429877604	-0.0016050061	0.0216912767	0.032167214	0.0142018635	0.0591709651	-0.0256749445	-0.0651475004	-0.063884816	0.0293091642	-0.0710491075	0.1334265626	-0.0486710324	-0.0869441484	0.060303159	0.0452548858	0.0303878232	-0.0028700562	-0.0117516958	-0.2062254684	0.093710598	-0.057464729	0.075222136	-0.0982841916	0.102788753	-0.0438252581	-0.1581765516	0.0113259066	-0.0693638299	0.004125418	0.1396095148	0.039275181	-0.0240331897	0.0771456075	-0.1269609803	0.0677847484	0.0285924042	0.0025365779	-0.0331859771	0.0350658406	0.0005905253	-0.0341290277	0.0115191533	0.044633419	0.0352365983	-0.07133994	-0.0148165252	0.0299713176	-0.0184989917	-0.1239118951	0.0036138472	-0.0947549392	-0.0395148581	0.060866056	-0.0140585069	-0.0061083663	-0.069322172	0.0653702547	-0.078814908	0.0112040262	0.0621536617	-0.1036312889	0.0	0.0	-0.1589194784291976	-0.0044356943518693	0.0252554006242082	1.967538438320522e-05	0.1342987846979753	-0.0018433519390725	0.0180361635713531	3.3979463712823727e-06	-0.350557764258113	0.0107192521430973	0.1228907460816467	0.0001149023665072	0.0058337960500852	-0.000398133375953	3.4033176353989684e-05	1.5851018504781214e-07	-0.0013870125711485	-0.0010018453628433	1.9238038725239726e-06	1.0036941310506234e-06	-0.0032559879864969	5.84818879980015e-06	3.4201312238107924e-11	1.0601457768212136e-05	0.0	0.0
68.59523272200951	-0.1169291026764653	0.0136724150527233	4705.305952186644	78.46361151961393	-0.2412183894667521	0.0581863114169337	6156.538332700892	71.87508545009368	-0.1158681397044318	5166.027908458268	0.0134254257985657	74.41852905079223	61.06626609071341	0.901165	25.027807	0.1480125071741557	0.0672238179406093	0.0250575291	0.1167542656	-0.0398574237	-0.0026327612	-0.0012277017	0.0285584313	-0.0278344537	-0.0424224078	-0.0300172478	0.0315778677	-0.0341329173	0.0735374733	-0.0065366828	0.0964686623	-0.0667321023	-0.0386271536	-0.0810106384	0.057698564	-0.0546487817	0.0366792308	-0.029181517	0.1003464112	0.0212254348	-0.0325639171	0.0580945536	0.017264188	0.0288465295	0.0278963356	0.1835839311	0.1148924138	-0.0602419448	-0.0137622953	0.0850729421	0.0792835731	-0.0869275162	-0.1957693915	0.0476259004	-0.1635044031	-0.1484603934	0.0097231938	0.08471847	-0.0653661923	-0.0592248241	0.0208542773	-0.0937889493	0.0272856669	0.1739113789	-0.1468462299	-0.0160587714	-0.0545214028	-0.0028489789	0.0067025418	0.0072060931	-0.0619183773	0.0378644877	-0.0514926199	-0.1649005743	0.067852863	-0.0103142521	-0.0140706858	0.0596697158	-0.0268511125	-0.0511733218	-0.0491748196	0.0905630668	-0.0349871473	-0.0636181256	-0.2243689416	0.0618080465	-0.0077138392	0.0769378398	-0.1220447138	-0.0689121916	0.0668383109	0.0732881351	-0.1179533972	0.0234593361	-0.0027509448	0.0119034272	0.0723630104	0.0493384794	0.0363106416	-0.0344905997	-0.0372705863	0.0739155505	0.1197235898	-0.0206933747	-0.0793518809	-0.0555734213	-0.029033584	-0.001942538	-0.1078622395	-0.0198055669	-0.0545489719	0.1556692857	-0.0225309372	0.1040945165	0.0342103687	-0.0127438168	0.0536766041	0.0338040884	0.0250489221	-0.0844531484	-0.1205191732	0.0091997356	-0.0045580558	-0.0214727902	-0.0023358807	-0.0912784085	0.010229135	-0.0856707451	-0.0946419983	0.0363008892	-0.0819470295	0.0309004697	-0.0234919732	-0.2025530605	-0.0252525927	-0.0115280659	-0.0707667831	0.1126760498	0.1289002996	-0.0239909051	-0.0433553433	0.0104050636	-0.0096679419	-0.0270418274	-0.0257926797	0.0104661248	0.1202012467	-0.0390612043	-0.0589944029	0.0834322103	0.0767713452	0.016262059	0.0781599047	-0.0492337364	-0.0374082631	0.0112524558	-0.1048178004	-0.0340636356	0.0297664327	0.0139914358	0.0032055397	0.0357777713	0.0178402071	0.0724645915	0.1648858124	0.2005972651	-0.0188957873	-0.0071320281	0.0573654831	0.1070540632	0.124815765	0.0030761384	-0.0645532109	-0.0392914285	0.0193848997	0.0008540637	0.0085965654	0.0488521757	-0.1342018663	-0.0085923022	-0.0118075637	0.0221224954	-0.0718711762	-0.0315437518	-0.0368132265	0.0437394948	0.0735035728	-0.126445639	0.0478400201	-0.0050442089	-0.0447193472	0.0386952657	-0.0274276629	0.023086409	-0.0635330465	-0.0198358037	-0.0248910923	-0.0037466802	0.0049446338	-0.0913308063	-0.0336116239	-0.0349873773	-0.086949803	-0.0592719802	-0.1295796608	-0.0387980399	0.0990691247	-0.080053581	0.0149169788	0.057522261	-0.1018013597	0.0	0.0	-0.1837662976347616	-0.024846819205564	0.0337700521463877	0.0006173644246339	0.1602860441632998	0.0259872594653245	0.0256916159535192	0.000675337654518	-0.3228005790834558	0.0277571851746572	0.1042002138566143	0.0007704613288202	0.0050011754918113	-0.0008326205582739	2.5011756299894e-05	6.932569940603413e-07	-0.0008351603887868	0.0005518521823617	6.974928749985189e-07	3.0454083117737097e-07	-0.0032599401124335	-3.952125936599899e-06	1.5619299418745628e-11	1.062720953665294e-05	0.0	0.0
68.65705889773997	0.0618261757304594	0.0038224760054536	4713.791736487736	78.65708822982256	0.1934767102086283	0.0374332373931535	6186.937528794091	71.8352137399376	-0.0398717101560777	5160.297933062519	0.0015897532707702	74.49452393532509	61.38638264362723	0.912782	25.350418	0.1197045268423699	0.0514474225270506	-0.0535709682	0.0830957544	-0.0454557823	-0.0348986352	-0.1673353115	-0.0538666161	0.0501269012	0.0326201633	-0.0555728557	-0.0766757205	0.0040546509	0.0259491701	-0.167513894	0.1220671733	0.0264593412	0.0278561586	0.0291069501	0.0861342588	0.0120187446	0.0569840505	-0.1073705551	-0.0228556322	0.00705772	0.046591201	0.0614444292	-0.0050103094	0.0446661006	-0.10969602	0.0615747638	0.0057723815	-0.0305150982	-0.0210267551	0.1176001338	-0.0994993411	0.1102323168	-0.0141605872	-0.0435155453	0.0161433643	0.0442296482	-0.0692585728	0.0981683874	-0.0208400134	0.1616302277	-0.0027637789	-0.076599973	0.1529899461	0.0196553298	-0.0176927783	0.1090130294	0.0318309787	0.0921186515	-0.0157041417	-0.1877642916	0.1778646663	-0.0204785011	-0.0811233958	0.2158473877	0.0119035417	0.0307045229	-0.0936872506	-0.0492079898	0.0248666627	-0.0226181104	-0.0845916751	-0.0025616224	-0.1642323493	0.0044140471	-0.0390306406	-0.0455426475	-0.0668962493	-0.0562321641	0.1300597587	-0.0410184435	-0.0562231354	0.0720691844	-0.0772552936	-0.0408885457	-0.0175923648	-0.0017043365	-0.0095909055	0.066612408	-0.0275394501	-0.0006428122	-0.0234536617	0.1146419427	-0.1316046105	0.0706164285	-0.0829570836	-0.1537508958	0.097158263	-0.0167980448	0.1264468398	-0.0347798671	-0.1251041912	-0.1131242493	-0.003020892	-0.015291007	-0.074891203	-0.0379582398	0.023070006	0.0825432973	-0.020895678	-0.0809622262	-0.0978396343	0.0181772977	-0.0035268383	-0.0346049	0.085642542	-0.0031422504	0.0174899694	-0.0925569798	-0.0363662054	0.0306630192	-0.084784127	-0.0144461549	-0.1442209136	-0.0299056769	-0.1155230713	0.1354179391	-0.0645467902	0.0930809442	0.0420030737	0.0867197445	-0.0092652119	-0.0822794277	-0.0090179198	-0.0430742806	-0.0365129404	-0.0055252518	-0.0163070111	-0.0695314956	0.016133452	0.1386061725	0.0069795814	0.106365215	0.0547628359	-0.013722141	-0.0435806672	-0.0702105518	-0.0819995836	-0.104718117	-0.0944162707	0.0586307052	-0.0353239713	0.1375077683	-0.0077319668	0.008291819	-0.0120398725	0.1838831962	0.0465011345	-0.1355171866	-0.0721153544	-0.0211956772	0.0616603583	-0.0039807091	-0.0234017261	0.0117047754	-0.0448860607	-0.0976308805	0.1637291208	0.0510298063	0.0746724208	-0.031079536	0.0366171425	0.0116087583	0.0023165809	0.0329875772	-0.0883196983	0.0716916107	0.0398315586	-0.0507508214	-0.0826362435	0.05594554	-0.0026909405	0.0661616411	-0.051232386	-0.0172089818	0.0709587287	-0.0588992607	-0.0917706111	0.0533927369	-0.0724097134	0.0055723092	-0.034129648	-0.0308800714	0.0243881302	-0.0560255763	-0.0564135735	0.0236147125	0.0220436326	-0.0812673177	0.0186113467	0.0527296337	-0.0994642612	0.0	0.0	-0.1547613309049751	0.0290049667297865	0.0239510695434792	0.000841288094996	0.1396525692909591	-0.0206334748723407	0.0195028401095661	0.0004257402853075	-0.3364927046603085	-0.0136921255768527	0.1132273402896096	0.0001874743028123	0.0054014864214207	0.0004003109296093	2.91760555607922e-05	1.6024884036474197e-07	-0.0005680537805701	0.0002671066082167	3.226850976199833e-07	7.134594015302967e-08	-0.0037200017678752	-0.0004600616554417	2.1165672680775787e-07	1.3838413152994616e-05	0.0	0.0
68.62739386234814	-0.0296650353918295	0.0008800143247984	4709.719188337859	78.39458588666695	-0.2625023431556172	0.0689074801621894	6145.711096342	71.90243631765384	0.0672225777162367	5169.960348414265	0.0045188749548154	74.47626736293688	60.71976008056213	0.905143	25.138271	0.0698513586290845	0.0318319507655745	-0.103529268	0.000618242	-0.0693917443	-0.0247335363	0.0070494864	-0.0278674496	-0.0554059463	-0.027033385	-0.0527472796	0.0620903525	0.0695351973	0.0562880074	-0.0163167619	-0.0900530864	-0.000264321	0.0603643221	0.0126346089	0.1320308507	0.0877408338	0.1125193441	0.0343948151	0.0887693595	0.0889797659	-0.1245311809	0.0284075954	0.176916515	0.0062018969	0.0361701727	-0.0811124192	0.0153807064	-0.1262078034	0.0492148101	-0.0175881488	-0.0325530926	-0.0454276786	-0.0159572851	-0.0797344773	-0.1260320218	0.0279571804	-0.0278452009	-0.052007135	0.0196431511	-0.0276145326	-0.0431820811	-0.0802153071	-0.0768999309	-0.0624681948	0.0226851861	0.0703076942	0.1116300683	0.0201293528	0.0345722333	0.0659375051	0.0244134894	-0.0608384078	0.0794088953	0.1121101036	0.0892223877	0.1123972098	0.0938153379	-0.0444123238	-0.0470684411	-0.1328251778	-0.0022266965	-0.1263668472	0.0501532495	-0.0467262193	0.008639852	-0.0295181316	-0.0026998265	-0.0509840237	-0.0714567258	0.0510842733	-0.0168015343	-0.088252634	-0.1336702867	-0.0179426014	-0.0818758474	-0.0525612567	0.0905991278	-0.0462060534	0.1101193652	0.0109417533	0.0457338021	0.0168394391	-0.0417465536	0.0380787151	0.1549769763	0.0111388017	-0.0329498757	-0.0902442201	0.0183751269	0.0818205926	-0.0143173429	0.1585146604	0.0238241374	0.01682903	0.0031558183	0.0006741007	-0.0575303482	-0.0144268184	-0.0636311357	-0.0796121277	-0.0648920921	0.0365522403	-0.0092127133	-0.0525906244	0.1168812749	0.0285361934	0.0588245526	-0.1084146316	-0.0349754813	0.0282121351	-0.0011517884	0.0662685988	0.0104169018	0.0691060321	-0.0613180401	0.0792289422	0.0827032221	0.0898155279	0.0158529196	0.050458141	0.1769153325	-0.1235364483	-0.1654424449	-0.0826240656	0.0034271167	0.0104962047	-0.0094503563	0.0200682106	0.1303696075	-0.0860023448	0.0443297791	-0.049932577	0.080418999	-0.006193336	0.102768121	0.0300648378	-0.072210331	0.0098299589	0.0876974649	0.0229230924	0.0213176054	0.0376956986	0.0211424587	-0.0146104489	-0.0218446186	0.0472571948	0.0190594289	-0.1384994177	0.0127388992	0.0236161059	0.0882675914	-0.1360742386	0.1024663493	-0.0533137111	0.0502441853	0.0372616606	0.0114059541	-0.0282394708	0.0919522604	0.0118553326	0.1387468507	-0.0817060691	0.0295843953	-0.006669178	-0.0145045628	0.0746100912	-0.1045132357	0.0758606137	-0.0203567756	0.0346628584	0.031986639	0.1299085398	-0.041163893	-0.0282072405	-0.0457762026	0.0827703577	-0.0630196312	0.0063245844	-0.0350420513	0.0003796217	-0.0023400793	-0.0609717798	0.1105969719	0.0892600607	-0.0646479425	-0.0392563779	-0.0729602957	-0.0824557403	0.0222825273	0.0477892128	-0.0966316368	0.0	0.0	-0.1382786140547267	0.0164827168502484	0.019120975104896	0.0002716799547654	0.1510713126638023	0.0114187433728432	0.0228225415099643	0.0001303877002148	-0.3418187858274564	-0.0053260811671478	0.1168400823445565	2.836714059904742e-05	0.0058381810221486	0.0004366946007279	3.408435764737608e-05	1.9070217430490018e-07	-0.0005001995282181	6.785425235199998e-05	2.501995680296098e-07	4.604199562248895e-09	-0.0034920742761782	0.000227927491697	5.1950941471286066e-08	1.21945827503455e-05	0.0	0.0
68.56044500130723	-0.0669488610409132	0.0044821499946755	4700.534618777274	78.4362861805184	0.0417002938514485	0.0017389145072971	6152.250989792181	71.81683533344794	-0.0856009842058966	5157.657837311576	0.0073275284970181	74.42196724340265	60.06251431063796	0.892764	24.794487	0.0944343440879938	0.0514125095204007	-0.0696872661	-0.0748335913	-0.0939773994	-0.0299064512	0.1378109162	0.0703966717	-0.0572294705	-0.0498983344	0.0808673445	0.0174376285	0.0908022333	-0.0411828416	0.0391557196	0.1476852411	-0.0705321917	-0.0875502521	0.0794155101	-0.0065731247	0.0265963825	0.0868760034	0.0467651265	-0.0538276771	0.0115056982	0.051261834	0.0070046074	-0.0035146992	0.0220163815	-0.0152205638	0.0124773892	-0.0153389763	-0.0001985618	0.0487581433	0.0098694697	-0.1262420955	-0.0394515775	0.0646014499	0.0677866685	-0.03041864	0.1181352992	0.004157085	0.043114015	0.0835823775	0.0484910228	0.0054938265	-0.0793588801	-0.1803422534	2.7346e-06	0.0038095689	-0.0126384373	0.0481448818	0.1117704105	0.0015117769	0.0828839479	0.0069907078	-0.0215289244	0.040911611	-0.0521498261	0.0225414261	0.1556546255	-0.0602803338	-0.1306277059	-0.0616244015	-0.0928136131	0.0363774324	0.0909180783	0.0591565351	-0.1344574874	0.0033145134	-0.005851682	0.0142360527	-0.0082593002	0.010845369	-0.0050202373	-0.1092805265	-0.0666501022	-0.0746135891	-0.0614771791	0.0403056213	0.1309623872	0.0556408801	0.1473380955	0.1183095483	0.0653742863	0.1026674655	-0.0700974103	-0.036828148	0.0589294756	-0.0593867102	-0.1070961984	0.0021998111	-0.0483642663	-0.1664464661	-0.0169853126	0.1767431746	0.0082079422	-0.1008245716	-0.1775654103	0.0687442446	-0.016022097	-0.083962601	-0.1121170127	-0.0129519225	-0.0677577599	-0.0291229839	0.1172084934	0.0019962141	-0.0203565743	0.0689776417	-0.0041926955	0.1201801939	-0.0889978209	-0.0344591745	0.1080728624	-0.0010202477	0.0235905038	0.0211728111	0.0550561423	0.0401170911	-0.0058891738	0.2135302357	0.02929259	0.0641146421	-0.0628427001	-0.0537659823	-0.0943159646	-0.0608097125	-0.0911230517	0.0341723684	0.0363238782	-0.0062141056	-0.0993865333	0.1782511305	-0.0279320265	0.0735514753	-0.1129674324	-0.0493765238	-0.0290539098	0.0765247319	0.0417587837	-0.0167528638	0.0540603121	-0.1190005072	0.0100859277	0.0090822992	0.0472629374	0.0026980344	-0.0494516782	-0.0400097586	-0.1048310181	0.032865124	-0.0539516393	0.0065144758	0.0280843562	0.1087659799	-0.0246470072	-0.0904614104	-0.0754365189	0.0093940817	-0.093464845	-0.1354384171	-0.0113642129	-0.0522842139	0.0704984854	-0.0285483217	-0.0006615679	-0.0376644733	-0.0472489732	-0.0083944012	-0.0405218522	-0.1626156467	-0.0024112683	0.0576536487	-0.0476135625	-0.0283737207	0.1258150363	-0.0247419583	0.0345758345	-0.1187853297	0.0233434126	0.0415238128	0.039368887	-0.0194918431	-0.1016519952	0.0069471845	-0.0525679043	0.042257494	-0.0081141631	-0.1056220038	-0.0166608935	-0.1968045955	-0.0836184785	0.0259259465	0.0427148457	-0.0933175984	0.0	0.0	-0.1504851687352015	-0.0122065546804748	0.022645786009262	0.0001489999771674	0.1451919711349063	-0.0058793415288959	0.0210807084820394	3.456665681340107e-05	-0.2949662400233634	0.0468525458040929	0.0870050827535204	0.0021951610483246	0.0055774166522289	-0.0002607643699197	3.110757651256023e-05	6.799805661961817e-08	-0.0003821544424664	0.0001180450857517	1.4604201789680504e-07	1.3934642270126209e-08	-0.003280965690359	0.0002111085858192	4.456683500658263e-08	1.076473586131291e-05	0.0	0.0
68.56982818252963	0.0093831812224038	8.804408985247298e-05	4701.821336981635	78.58688213936118	0.1505959588427856	0.0226791428197779	6175.898044385845	71.81754635889595	0.0007110254480124	5157.759965012169	5.055571877213653e-07	74.46177844250282	59.93769794510752	0.948674	26.347256	0.0933686686610022	0.0418714721543451	0.0634586562	-0.1106551415	-0.0966694163	-0.0169177702	-0.0783229267	-0.086457628	0.0224446496	-0.0515739408	0.0852133656	-0.0434367216	0.0368865334	-0.0843610262	0.0202688295	0.0154322059	-0.0409429909	-0.1744372343	-0.0285953862	-0.012648715	-0.1103819538	0.0968614818	0.0517640116	0.0018395203	0.097287687	0.0311851779	-0.0907574142	-0.0900908206	0.1615111287	0.195724833	0.042504664	0.108380624	-0.0405751269	-0.0266229129	-0.1875181895	-0.0608608819	-0.0467441012	0.0412665507	0.0902926316	0.0319405542	-0.0406313386	0.0345497937	0.1094397455	0.0160519371	0.1377062729	-0.039685411	-0.0751290998	-0.0074554576	-0.1347142742	-0.0808779995	-0.0285666355	0.0635176816	-0.0217077505	0.0730287139	-0.0093206793	-0.081956598	-0.0716927284	0.0538859274	0.0137375146	-0.014214399	0.1120591023	-0.0891477561	0.1805489557	0.1572583685	-0.0745379496	0.0948299447	-0.0739143553	-0.0393180248	-0.0218532609	0.0296163873	-0.0685693695	-0.0948727952	0.0772755249	0.0337500675	-0.0062096351	0.0550161309	0.0125590774	0.0636139032	0.0824068863	0.0180100608	0.0185758495	-0.1067854928	0.1232632575	0.0108362815	0.0765985363	0.1252085127	0.1003464809	0.0165878494	-0.0148461631	0.0604716952	-0.0252077901	0.0763311061	0.0182544786	-0.0193731383	0.0435281295	-0.100682445	0.0319644476	0.143637904	-0.0725965653	-0.0093726574	-0.0345747684	0.0217096733	-0.0745796648	0.012566908	-0.0429648601	0.0134427342	0.0512282975	-0.0168334056	-0.0870824802	0.0002738454	-0.1550207334	0.1607971634	-0.0576075228	-0.0516480358	0.1190229447	-0.0387815186	-0.0076528885	0.0059102972	-0.0222373333	0.017021989	-0.0003002913	0.1479929089	-0.1087154938	-0.0278141262	-0.0384824186	0.0182450558	-0.0779875531	-0.0224892065	-0.050740007	0.010140999	0.0416711901	-0.0090052604	0.0160050949	0.0870851582	0.0774690413	0.0481110935	-0.0243020072	-0.0345307484	0.0319124157	-0.093058089	-0.0291820233	0.0340348314	-0.0157278563	-0.0365086175	-0.1189498235	0.0251525314	0.066112409	0.0187056946	-0.0037258748	0.0835959365	0.1292404013	0.0674946996	-0.0323505744	0.0232861678	0.0352231674	-0.0273005402	0.130055452	-0.0010458206	-0.23225139	0.0227206774	0.0998027177	0.0659697241	-0.0590994032	0.0137826833	-0.0307002492	-0.1239798984	0.0751352657	0.1818404106	0.0179063841	-0.0358845665	-0.086450584	-0.0466881379	-0.0809629781	0.0602189003	-0.0373331553	-0.0655417392	0.0361914772	-0.0928208235	-0.0551305188	0.0875812528	-0.0146464975	-0.0260808855	-0.0053165823	-0.0188787239	-0.0062167038	0.0098587498	-0.1065162033	-0.05348822	-0.0173072299	-0.0695643328	-0.0139355665	-0.0271796429	-0.0847551701	0.0295370653	0.037520755	-0.0895386565	0.0	0.0	-0.1696993012323702	-0.0192141324971686	0.0287978528387547	0.0003691828876187	0.1357997100789276	-0.0093922610559787	0.0184415612575207	8.821456774365425e-05	-0.3085607655199283	-0.0135945254965648	0.0952097460182441	0.0001848111234767	0.0050927021372995	-0.0004847145149294	2.5935615059254892e-05	2.349481609832437e-07	-0.0007807183146364	-0.0003985638721699	6.095210868087008e-07	1.5885316019914406e-07	-0.0034210422954854	-0.0001400766051264	1.9621455303737452e-08	1.1703530387500015e-05	0.0	0.0
68.55946530486078	-0.0103628776688537	0.0001073892335796	4700.400282888409	78.5328671765882	-0.0540149627729817	0.0029176162033666	6167.411226975644	71.91370705508311	0.0961606961871552	5171.58126240431	0.0092468794911983	74.48271836387694	60.01989325194439	0.911876	25.32527	0.0472531203567018	0.0226430146485666	0.0817457329	0.0185457534	-0.132176367	-0.034188613	-0.0686179342	0.1396511517	-0.0141623832	0.0071795113	-0.0354641965	0.0053934169	0.0043665955	-0.0918125091	-0.0902731556	-0.061348476	-0.0378783714	-0.0899318648	0.0285580614	0.0122709215	-0.0582627341	0.1231358084	0.060534285	0.0709018349	0.0868717511	0.0056476425	0.0164505493	-0.1614259831	0.1080973878	0.0396683816	-0.0148321429	0.0120417257	0.0687873602	0.0294060635	0.0003369591	0.0430838361	0.0756010418	-0.0963308691	0.0203543749	0.0323181311	-0.0221582176	0.1683522081	0.0896124697	-0.0688483788	-0.0560087255	0.0292453128	-0.0660362955	0.0754184665	-0.0613383251	-0.0884659001	-0.2039356898	-0.0026800612	0.0172146755	0.0341796523	-0.0227030345	-0.0494110095	0.105826453	0.0649266007	-0.1234230562	-0.042788787	-0.0188751025	-0.0927435569	0.0987293796	-0.0067052525	0.0916807829	-0.0881546095	0.040830888	-0.1013148251	-0.0447907679	0.0708283082	-0.072413747	-0.0763618636	0.0105790478	0.0773046848	0.0631426952	-0.0711290423	0.009550012	-0.0172657436	0.0616697285	-0.050749164	-0.0509487214	0.1194087512	-0.1307778092	-0.0529351019	0.0114746514	0.0421144583	-0.0500707095	-0.1001488364	0.0349177552	0.011617736	0.0353005106	-0.0943848513	-0.1063712927	0.0845936008	-0.0063834872	-0.0250329717	-0.0696102726	-0.0071439343	-0.0760894745	-0.0319982891	-0.061896354	0.1008191419	0.027315251	0.0028684284	-0.090296809	0.0138994173	0.0088867589	-0.0164207378	-0.073312067	-0.0280550265	-0.0983529087	0.1118654823	-0.0540452573	-0.0823068095	0.0138878815	0.0300793764	-0.0444078141	-0.0273533464	0.0806569294	0.0010631106	0.0226955278	0.0607150499	-0.0998517533	-0.0406578866	0.0043523717	-0.0228148228	-0.0513812855	0.0227470335	-0.0473846784	0.0157645807	-0.0731035503	0.0143993648	-0.0254970148	-0.1981961804	-0.0160434055	-0.0371036335	0.0962910496	0.0453938364	0.0880433414	-0.0798502225	-0.0759560104	0.0488449642	0.1420973464	-0.0395193541	0.0012228928	-0.0713409549	-0.0327749161	-0.0116301151	0.1024484397	0.0930081643	0.043418227	-0.0607465747	-0.0409939557	0.0615874192	0.0299183363	-0.0402992441	0.050981135	-0.0350599869	-0.0553361621	-0.0841937297	-0.0553183086	-0.0737721707	0.0166648241	0.0386072162	0.0796324768	0.0301198948	-0.0440266456	0.0560240821	0.0206808272	-0.0611885563	-0.0598530711	0.0304542644	-0.120001266	-0.0336285966	-0.0003700367	-0.0132954083	0.1185691227	-0.0211826769	0.0608714328	-0.0386685389	0.0849572768	0.0209255537	-0.073971994	0.0181577517	0.0270047817	0.0872167398	0.0350804167	-0.0126652136	0.0746514735	-0.140086579	0.0170926044	0.0299126821	-0.085865461	0.0331113845	0.032221499	-0.0853136375	0.0	0.0	-0.1738992327109088	-0.0041999314785385	0.0302409431374428	1.7639424424419328e-05	0.148338042531904	0.0125383324529763	0.0220041748621969	0.0001572097807013	-0.3168124974288702	-0.0082517319089419	0.1003701585271178	6.809107949705004e-05	0.0050778417702471	-1.486036705239998e-05	2.57844770436662e-05	2.2083050893205482e-10	-0.0009139496010774	-0.000133231286441	8.353038733095387e-07	1.775057568672381e-08	-0.0037182131323169	-0.0002971708368314	8.831050626313385e-08	1.382510889733385e-05	0.0	0.0
68.55828506052684	-0.0011802443339377	1.3929766877920635e-06	4700.238450440458	78.64260768058688	0.1097405039986796	0.0120429782178842	6184.659742802703	71.8559473676419	-0.0577596874412051	5163.277172101323	0.0033361814933057	74.4827719338155	60.48393353654918	0.8962099999999998	24.890181	0.0534433336544191	0.0279738744887103	0.0130447362	0.0996245059	-0.091660426	0.012732635	-0.0659810319	0.0962054026	0.0287464477	-0.0941043995	-0.1092979497	-0.0338612347	-0.0319914192	-0.0590975717	-0.1086216653	-0.0951337284	0.0372092838	-0.025407963	-0.0785581048	0.0745182709	-0.0044570969	0.1150813835	0.0785448913	-0.0796307897	0.0027788599	-0.0323671726	-0.0209725381	-0.0360043042	-0.084021755	0.0350718145	-0.0781450401	0.0312017187	-0.0159273999	0.0162570716	0.1622939181	-0.1866209148	-0.1111455145	0.0128005445	0.1165133047	0.0103199642	-0.1236696229	0.0642687011	0.019040338	-0.0551800472	-0.0462717066	-0.0696555787	-0.0251835064	0.1507892569	-0.1260472751	-0.0552811205	-0.0453012846	-0.1047975682	-0.0573313103	0.0192568179	-0.0269371912	0.0343143839	0.0196142303	0.0600415962	-0.0627210427	0.1197905882	-0.0348502361	0.061645387	-0.0730958092	0.0263485542	-0.0267456901	0.0963171546	0.0445535397	-0.0592047604	0.1272703246	0.0130903359	0.0540619967	0.1243423034	-0.0512978961	0.0124231437	0.1105877107	-0.0363288614	0.0403524569	-0.0776057193	-0.0139525561	-0.1082926824	-0.0063411929	-0.0221950517	0.0744806102	-0.1207840329	0.0348352976	-0.1565908132	-0.0915424701	0.008190484	0.0594637433	-0.132227907	-0.0035147865	-0.1356780519	0.0850466155	0.0215666407	0.0341109637	0.0377603802	-0.1114951895	0.0489844783	-0.0543653933	-0.0479623053	-0.0493964352	0.0337833565	0.0962721173	-0.011627622	-0.0950824566	0.038573406	-0.0492095339	-0.0035115231	-0.105092681	0.0507912991	0.0081216824	0.1118007098	0.0127603354	-0.0197057916	0.0268430703	0.0287719973	0.0396035716	-0.1524260819	0.0466785956	0.0451961199	0.0446890458	-0.0255377808	-0.061859766	-0.0145851833	-0.0349912656	-0.0409347658	0.0308149287	-0.0640156792	0.0432022075	-0.0120240915	0.0517408558	0.0580610725	0.0506395892	-0.0027683123	0.0390441446	-0.0796057892	0.1067583042	0.0886894753	0.0324643088	-0.0783716498	-0.0104340875	-0.0495900304	0.0190567556	-0.030145284	0.0819286318	-0.0594600956	-0.0127897981	-0.0517994416	0.0096376607	-0.0187969783	0.0633098563	-0.0325641516	-0.1064607933	0.0117693107	-0.0826198595	-0.1344087477	0.1654451293	0.0631219601	0.1053757629	-0.025040999	-0.0703971308	-0.0728324519	-0.0243442848	0.0156680816	-0.0856701326	0.190517677	-0.0044045856	-0.0261541406	-0.0123013968	-0.042256999	0.0210601963	0.0749230661	-0.0795328313	-0.1317379736	0.0263464778	0.017408549	0.0587489395	-0.0381598127	0.0112282996	-0.0811835809	-0.0204369322	0.0041250098	0.0650669044	0.0614924074	-0.1024381581	0.0328451418	-0.0140211637	0.0128038241	-0.0048570116	-0.1634072292	-0.0285453913	-0.096858932	-0.0869490055	0.0366444511	0.0268319309	-0.0806635902	0.0	0.0	-0.1519892349744509	0.0219099977364578	0.0231007275481188	0.0004800480008115	0.1451738908990592	-0.0031641516328448	0.0210754585987719	1.0011855555634469e-05	-0.3318821263131966	-0.0150696288843263	0.1101457457661685	0.0002270937147113	0.0051791478676789	0.0001013060974318	2.68235726352829e-05	1.0262925376861407e-08	-0.000750136804634	0.0001638127964434	5.627052256665079e-07	2.6834632278606802e-08	-0.0037190853464575	-8.722141406000694e-07	7.607575070627176e-13	1.38315958142349e-05	0.0	0.0
68.60396742278138	0.0456823622545385	0.0020868782211548	4706.504346146049	78.57855220450911	-0.0640554760777689	0.0041031040155496	6174.588866556764	71.750453301526	-0.1054940661159093	5148.127548974462	0.0111289979856678	74.4704309959511	61.01387408402589	0.895239	24.863203	0.0566050234192142	0.0261733452674769	-0.0478739381	0.0968297084	-0.0806636599	-0.1228743386	-0.0517495466	-0.0164454206	-0.003995051	-0.1307861438	-0.0486813894	-0.0346336575	-0.0353505422	-0.1175659733	-0.0727807619	0.0323275668	-0.0317494428	0.0525815056	-0.0542369194	0.0234814653	0.0871334206	0.0104041586	0.0706219299	0.0219048454	-0.0576850664	0.0015295929	-0.0914870779	-0.026533744	-0.008157102	-0.0254053287	0.008650604	0.0959935807	-0.0810860844	0.1634918812	-0.0206991199	0.0459734317	0.0143089163	-0.0487169373	0.0592053945	-0.1010048418	0.045658699	-0.0311587409	-0.0751044891	0.0006391942	-0.0556306912	-0.0330886318	-0.0365240395	0.0540005266	-0.0290110616	-0.0031447266	0.0608595103	0.037446174	-0.0999812545	-0.1130003811	0.0181232669	0.0636576135	-0.025528462	0.0326716698	-0.029448673	-0.0094503007	-0.0001547164	-0.1569390574	0.0296193941	-0.0242306563	-0.0842876339	9.29129e-05	0.081198313	-0.0508804279	-0.1179881321	0.0361439927	-0.0137707123	0.1791128408	-0.0170802627	0.0383512617	0.0095296486	0.1330839373	0.1411942966	0.0326290438	-0.0096046448	0.0697925278	-0.1375494128	-0.0151373642	-0.1750808783	0.0433453138	0.1267518072	0.1272086978	-0.0163082772	-0.0335708899	-0.0682009025	0.0136305974	0.0671943198	-0.0099124848	0.0820157783	0.0233128444	-0.0450234786	-0.030372753	0.0073003205	0.0572643448	0.0121524599	0.0402274584	-0.0872070084	-0.0295823928	0.0600933691	-0.0704870201	-0.0621848767	-0.0105811274	0.0475392926	0.0259564785	-0.128373888	0.0728424659	0.0529198386	0.0884725462	0.060808889	0.0223808822	0.0378795345	0.0227177276	0.0172618198	-0.0938301313	0.1080279793	0.0629246572	0.059032628	0.0779565214	0.0029444235	0.0499283623	-0.0486414706	-0.047962351	0.016415721	0.0700773821	0.0058143547	0.0397339202	0.0155235808	-0.00524985	0.0222328132	0.0721805486	-0.0402383056	0.0086203339	-0.0267893013	-0.0520553139	-0.0224407756	-0.0755181474	-0.0215757209	0.0349684694	-0.099146632	-0.0712363455	0.1376656981	0.0152485083	-0.0038403022	0.0449065855	-0.0546783422	0.0197933617	-0.0666845582	-0.0592773461	0.1894910859	-0.053104411	-0.1913015378	0.1279474652	0.0350948623	0.0406605798	-0.074993831	0.0302931508	-0.0554662628	-0.1551946769	0.1390507653	0.049235425	0.0789277813	0.0072984134	0.0232156957	-0.0185681893	-0.0702855937	-0.050367893	0.0732893054	-0.0393675444	-0.0392877752	-0.0653236247	0.1066998965	0.0033857721	0.1233970122	-0.0538084354	0.0068453062	0.0731751651	0.0479431012	-0.0606448433	0.0895277924	0.0199086557	-0.1530867761	-0.0402093459	-0.008676608	0.0479339032	0.1726492539	-0.0293544176	0.0874665448	0.0669546686	-0.0880054659	0.0401318633	0.0213671566	-0.0756116809	0.0	0.0	-0.1391302886092091	0.0128589463652418	0.0193572372084818	0.0001653525016241	0.1319222759865823	-0.0132516149124768	0.0174034869014799	0.0001756052977885	-0.3218502171044761	0.0100319092087204	0.1035875622501984	0.000100639202372	0.0048738341590118	-0.0003053137086671	2.3754259409550257e-05	9.321646070005909e-08	-0.0006470727274221	0.0001030640772119	4.187031145734754e-07	1.0622204011540484e-08	-0.003719958619234	-8.732727764999317e-07	7.626053421758996e-13	1.3838092128813329e-05	0.0	0.0
68.6466797246345	0.0427123018531148	0.0018243407295915	4712.366637216544	78.65582152577333	0.0772693212642252	0.005970548008634	6186.738259894308	71.82538915774144	0.0749358562154469	5158.886527661001	0.0056153825467421	74.48971759209594	61.29747899710902	0.938591	26.067215	0.1359063583735104	0.0799746389074469	-0.0673786442	0.0828927569	-0.0576345868	-0.1998465069	0.010699387	-0.1598879407	0.0174268995	-0.1361489976	-0.0078352795	-0.0608164063	0.0697088071	0.0204887957	0.0027829682	0.1110792154	-0.0763787763	-0.0311678325	-0.0804100119	0.0229208153	0.0058962427	-0.0253474404	0.1118835901	0.0433117659	0.023402814	-0.0442348868	-0.0536873317	0.1161337673	0.0647672082	0.1205912175	-0.0306727147	-0.0843350126	0.0208953106	-0.0032642161	-0.0642290186	0.0071141484	-0.0178517672	-0.0107912469	0.00254134	-0.114332824	0.0613950908	-0.1517407238	-0.1231117229	0.0728381944	0.0086067656	0.0311733566	0.0397613535	-0.0584839513	-0.0443441446	-0.131064088	-0.0408610358	-0.0973712139	0.0207603324	-0.0602562479	-0.0987400554	0.1002516434	0.1953341898	-0.1442306892	-0.0109625296	0.001855097	-0.2230735737	0.0677901672	0.0037378369	0.0277587765	0.1402879269	0.0667318823	-0.1175189094	0.0921281766	-0.098563471	-0.013264249	-0.0425297453	-0.0499113281	0.0101508872	0.1789466508	-0.201220703	0.1651717636	0.0392017142	-0.0225035816	-0.0848905545	0.0480520593	-0.0244811332	-0.0404036645	0.0080278597	0.0419596491	0.0697614254	0.0225304971	-0.0212202933	0.0425060528	0.0161928991	-0.0684249226	0.0149528057	-0.0848658407	0.0629576253	0.0246134755	-0.0104549473	0.1371233396	-0.0162220865	0.0695522001	-0.0526860592	0.0997142197	-0.0957585963	-0.0488228513	0.0484156828	-0.0062084388	0.0059092349	-0.0837388386	0.0593022741	0.0449300726	-0.2216213704	0.049468506	0.0575274926	-0.0469307158	0.0748493861	0.1722172585	0.0666526604	-0.0861089082	0.0238038819	-0.1267951063	-0.0501966088	0.0117342346	0.0715236319	0.0512229518	-0.130999806	0.0605969476	-0.0541929337	-0.0876184608	-0.0112166962	0.025677145	-0.0591647195	-0.2623968767	0.0433349984	0.1841775754	-0.1121873659	-0.0286381758	-0.121283578	0.1043672394	-0.1639372929	-0.1163619225	0.0392817237	-0.0639106878	0.0889050933	0.0496403761	-0.0152858938	0.1625734041	0.0674138727	-0.028910808	-0.0842905472	0.0345330052	0.1464614229	-0.1007253678	0.0794837358	0.0791198336	0.1314103993	-0.0195839444	-0.1275439231	-0.0092281157	-0.0624563537	0.0082627008	0.0952260361	0.0030481042	0.0335882971	-0.0040022169	0.1136544655	0.0551675612	-0.024656729	0.0107028118	0.0137443493	0.0397935139	-0.0944548078	-0.1051590612	0.1290050676	-0.0330274604	-0.0942462449	0.0827705192	0.1563574095	-0.1045274528	0.0612714549	-0.0807220608	0.0233297267	0.1759368084	-0.0185570914	0.1487395353	0.0873207234	-0.0618151752	-0.1277195002	0.0934962585	0.0121695746	-0.2528300867	0.2063852324	0.2277556535	0.0199391292	0.1186162775	-0.0890345132	0.0435692762	0.0158424933	-0.0701830781	0.0	0.0	-0.1552879152951476	-0.0161576266859385	0.0241143366367129	0.0002610689001221	0.1283241252358635	-0.0035981507507187	0.0164670811175495	1.2946688824898172e-05	-0.312110302364843	0.009739914739633	0.0974128408422737	9.486593913532198e-05	0.0034207642346966	-0.0014530699243151	1.1701627949379415e-05	2.111412204949381e-06	-0.0011621429490251	-0.0005150702216029	1.350576233968756e-06	2.652973331821634e-07	-0.0038800317972602	-0.0001600731780262	2.5623422323407608e-08	1.505464674775022e-05	0.0	0.0
68.80903202639377	0.1623523017592703	0.0263582698865331	4734.682888409283	79.0917454625285	0.4359239367551595	0.1900296786361163	6255.504200309397	71.85674071530683	0.0313515575653866	5163.391186226834	0.0009829201617757	74.59475573211664	61.837862846013664	1.039736	28.876295	0.1860926453258622	0.0897407299154656	0.0207272886	0.0819860682	0.0619531578	-0.138445439	-0.0938794296	0.1544389135	0.1957196731	-0.0114618789	-0.0997632772	0.0321715327	-0.0256240738	-0.0487392576	-0.1148988196	0.0758616037	0.0062210295	-0.1224887268	-0.0303425399	-0.061766717	-0.0115383632	-0.0043383104	0.0110888723	0.0147708151	0.0967665878	0.0107049523	-0.0039025693	0.068494415	-0.0561536118	-0.0555577575	0.0172072584	0.0600431673	0.0172282361	0.0053172084	-0.0983079892	0.1126757015	0.0499736707	-0.0201109085	-0.1196860241	0.0114277332	0.0513153478	-0.0782878809	0.0271283617	0.0808220954	-0.0003412271	-0.012838896	0.0160693806	-0.0136221074	0.1417965733	-0.0685730235	-0.0421813068	-0.0256476317	-0.0541653427	-0.0895225969	-0.0536041568	0.1057783427	-0.0633034005	0.0022663308	-0.0126355725	0.1187779849	0.0672396616	0.1264386302	0.0374453273	-0.0041601223	0.0913871807	-0.0178014978	-0.1018920063	0.1009602759	-0.0873879502	-0.0638228195	0.0849172417	0.0585281061	0.1412850194	0.0098426734	0.0987593461	0.0220235796	0.095396798	0.0264727737	-0.0990202188	0.0439982022	-0.1347742619	-0.0405690056	0.0135748493	-0.0045965715	-0.0882131366	-0.0910358526	0.040849584	0.0034995705	-0.0740958119	0.1506763221	0.0046461135	-0.0334109223	-0.00841979	-0.053042366	-0.0775828305	0.0166746341	-0.0648569312	0.0021262087	0.0270352819	-0.0735321138	-0.1256265411	0.1321873984	0.0745394142	0.031959081	-0.0114405985	-0.119808627	-0.055352707	-0.0240442262	-0.1210032388	0.0027357897	0.0721943416	-0.10157023	-0.0905952795	0.1540627787	0.1193274559	0.0142876765	-0.0320363982	-0.0423043524	0.0341278639	0.0447901507	-0.0346018746	0.0290650836	0.0427096574	-0.0147771375	-0.0971124921	-0.0737267678	0.1431436793	-0.0390998738	0.0841203698	-0.0143105151	0.020394993	0.0256297719	-0.0572773004	-0.0522160192	0.0359103988	0.0041434922	-0.0825702004	-0.0893255085	0.0217879347	0.0078410902	-0.0095453804	0.1412727453	-0.1349859085	0.1760645467	0.0473818991	-0.0333057154	-0.0251968566	0.2150529829	-0.0482439228	0.0248173014	-0.0392285333	-0.0904237381	-0.074067144	0.030042553	0.0559979813	-0.1014313579	-0.0106753154	-0.0053188767	-0.0267093624	-0.0212218699	0.0609630197	0.1861019305	0.0418909322	-0.1309362685	0.0814336464	-0.0426907315	0.0025580183	-0.0674978198	-0.0277145231	-0.1318992006	-0.0240648292	0.1275993791	-0.0319011307	-0.0126618837	0.1683232659	-0.080252128	-0.0010166978	-0.0482405561	0.0944464223	-0.0405592162	-0.0201507867	0.0711815447	-0.0297842664	-0.0259467231	-0.1741467275	0.0877814615	0.1286006692	-0.2015323802	-0.0429003829	0.1069585231	-0.1264689427	0.013858724	-0.0900358269	0.0469524072	0.0102734258	-0.0644048267	0.0	0.0	-0.1748191715705189	-0.0195312562753713	0.0305617427486025	0.0003814699716942	0.0889731357325871	-0.0393509895032764	0.0079162188820893	0.0015485003748869	-0.3707267451437275	-0.0586164427788845	0.1374383195648622	0.0034358873640502	0.0025350081695926	-0.000885756065104	6.4262664199012245e-06	7.845638068685215e-07	-0.0009627871856421	0.0001993557633829	9.269591648366356e-07	3.9742720394018674e-08	-0.0041667991041398	-0.0002867673068795	8.22354882949785e-08	1.7362214774260236e-05	0.0	0.0
68.74157397314303	-0.067458053250732	0.0045505889483786	4725.403992305096	78.8156642165295	-0.276081245998995	0.0762208543923575	6211.908925892729	71.92075488764212	0.0640141723352911	5172.594983608297	0.0040978142597723	74.56358233023649	61.48283509796958	0.91921	25.528948	0.2587061847372072	0.1567282589123656	0.0740487378	0.0405742064	0.0564361825	-0.0740581176	0.0176646432	0.0615650194	0.0966639136	0.0243936988	-0.1003156767	0.1586819138	-0.1165999976	-0.089760304	0.0409260917	0.0887589375	-0.0058274978	-0.0254372187	-0.0213444396	0.0623880943	-0.0391049492	-0.1488561262	-0.0541276611	-0.1343579079	0.0338404352	-0.0034794969	0.0632463952	0.0329724767	-0.1375540979	0.0232425792	-0.0529817211	-0.0243552253	0.0286676866	0.075634593	0.0287352168	-0.044558934	0.0092279058	-0.0805501174	-0.0504109629	0.0835654876	0.059849724	0.0519843639	0.0055574287	0.0821340501	0.0645103466	0.0100224133	-0.0041211378	0.0002905208	-0.0208645377	0.0158426153	0.0580262307	-0.0700678355	-0.0031459657	-0.0117173797	-0.0842450381	0.0364908222	-0.1360536286	0.0923067465	0.0052327973	-0.1447876826	0.0130239917	-0.0974377848	-0.0903976885	-0.0020788136	-0.0903390143	0.0491774889	0.088089072	-0.0662810234	-0.0911674492	0.1082647235	-0.0139320703	0.0350393278	0.0047647594	0.0851673345	-0.00319834	0.1185469195	-0.1465890615	0.0337295879	-0.082038905	0.0055458683	-0.001973989	-0.090573689	0.004765228	-0.1123398117	-0.0158787164	-0.0412550018	-0.0201762613	0.105123743	-0.0859573414	0.0870144938	0.0295965544	0.0024535482	-0.0341988537	0.0070885405	0.0584908772	0.241219004	0.0290933302	0.0403799349	-0.0365951043	0.0292881192	-0.0871899987	0.1161038929	0.0172757042	0.0299503138	-0.0071878076	-0.010729982	0.0378772195	-0.0080485093	-0.082375911	0.1067461096	0.0831370686	-0.0968420639	-0.0732264459	0.0547088456	0.0190563	0.1516846006	0.0419539454	0.0117286686	0.1318622567	0.1219729147	-0.1704180561	0.0081758748	0.022771259	0.0087796582	0.0495931442	-0.0227438199	0.0226146049	0.01997155	0.0849556947	-0.0378373386	-0.0867063454	-0.0979857266	-0.0336636348	0.0619769692	0.0444324209	-0.1615058541	0.0396518705	-0.0733960929	0.0902525271	0.0188414892	-0.0602982856	0.1146039599	-0.0053526539	0.0132525196	-0.2091974783	0.0489912213	0.024709937	0.1051264265	-0.007708088	0.0088357901	-0.1009174972	-0.0263027051	-0.120006276	-0.0551029346	0.0330081571	0.0034573824	-0.1145806722	-0.1012978348	0.0976685346	0.056497503	0.0456180004	-0.0519275476	-0.0219047953	0.014432474	-0.0460938138	-0.1392360801	0.1526720371	-0.0269007359	-0.0607238888	0.0303518022	-0.0495036499	-0.0050612988	0.000338308	-0.0780866388	0.0847788451	0.0069057715	0.03778039	-0.0283260928	0.0218221485	-0.0007905298	0.0658151738	0.0273297453	-0.0258068847	-0.0119174884	-0.0026573205	0.0236819366	-0.0291679799	0.0758415207	-0.0469401318	0.0511810606	0.0242119554	-0.0279030262	-0.0910090951	0.0502770413	0.0046755634	-0.0583057138	0.0	0.0	-0.1693623585951229	0.0054568129753959	0.028683608508903	2.9776807848450052e-05	0.1448044832972783	0.0558313475646912	0.0209683383829917	0.0031171393708893	-0.3419784345972374	0.02874831054649	0.116949249729577	0.0008264653592774	0.0052810730093577	0.0027460648397651	2.7889732130166395e-05	7.540872104194125e-06	-0.0007903095952699	0.0001724775903722	6.245892563756731e-07	2.9748519180600417e-08	-0.0037119472612645	0.0004548518428752	2.068901989670562e-07	1.3778552470409023e-05	0.0	0.0
68.65387175736487	-0.0877022157781652	0.0076916786523998	4713.354107276701	78.65115828292315	-0.1645059336063496	0.0270622021916967	6186.004699245431	71.8984569103346	-0.0222979773075167	5169.388106087242	0.0004971997920065	74.4807686270304	60.99938449988494	0.8770219999999999	24.357285	0.0224586168258446	0.0114941716030528	0.0486533399	0.0879932675	0.0141028621	-0.0550555728	0.1441113188	0.0323008656	-0.0015517179	-0.0990623086	-0.101302493	0.1529031713	-0.0406495723	-0.0501025817	0.0090313275	0.1451229454	-0.0486173521	0.0599668007	-0.1051113589	-0.0308205933	0.0153879571	-0.0319040994	0.0891848537	-0.0697614555	0.0062509193	-0.0385491721	0.1462903857	0.0403763597	0.0242102473	0.0390947191	0.0321018001	0.0833271805	-0.0458319197	0.0056940052	0.0486436058	-0.0042879857	-0.0948532803	0.0942680949	-0.0088807214	-0.0461035931	-0.0348843354	-0.0452765856	-0.0854260551	-0.0776988292	0.1320026323	0.0487242324	-0.0286531465	0.0960144757	-0.021029318	-0.0685301286	0.1433322695	-0.0745322914	0.0290230773	0.1114365903	-0.0029192496	0.0751899172	-0.1778991111	0.0398702788	-0.1138935812	-0.1162251843	-0.1759996577	0.0499568306	0.040081344	0.1031301578	-0.0316500098	-0.1369191053	0.0694125446	0.0137337782	0.0818654475	-0.0296551164	0.0790799184	0.0854440431	0.008118555	-0.0765082123	-0.0895267286	0.0526437253	-0.0750532862	0.0100011758	0.0189421172	-0.0156851881	-0.034775448	-0.0762988355	-0.0186670407	0.0805686057	-0.0279729732	-0.0451053166	0.1145905646	-0.1183158234	0.1477294628	-0.0252014744	-0.0794605502	-0.04676669	0.010095733	-0.030614238	-0.0589352327	0.1036203454	-0.0306173409	0.1327042214	0.0840227272	0.1210348432	-0.0647077471	0.0400721693	0.0751013195	0.0908203836	0.0259930936	-0.0127446728	0.0288269458	-0.0036352285	-0.0849683391	0.0039657481	0.0587706394	-0.095674454	-0.0800203304	0.0417667587	0.0080086925	0.1278002956	0.1081675486	0.0262521007	0.1543649586	0.1046247444	-0.0614904223	0.0490537913	0.0447364495	0.0202046349	0.1409696069	-0.0811853051	0.0166338173	0.0342287078	0.082469948	-0.0421657786	0.0615411738	-0.0389316449	0.0824842048	0.1156087981	0.1625036479	-0.0019727893	0.0673849297	0.0368514239	-0.0591349485	0.0658747678	-0.1166221032	0.0262902667	-0.0144344488	-0.014289115	-0.2153467596	-0.1748500248	0.0166346109	0.0637150349	0.0305510038	0.0620687827	-0.0048484342	0.0949382053	-0.0623990145	-0.1057405108	0.122779935	-0.0140362034	0.0718369654	0.0035497145	-0.0039739512	0.0446017615	-0.0220777894	-0.0147325379	0.0437685917	0.0873876766	-0.0624057604	0.0086243629	-0.0102482861	0.1312167199	-0.0969249752	0.0600289419	0.0298839302	-0.0019375544	-0.100088338	0.0477986712	0.0246090725	-0.0431709325	-0.003538964	-0.0276377123	0.0845398973	-0.0497232127	0.079158149	0.0563971024	-0.0135726376	-0.042056376	-0.05266649	0.0798724822	-0.0488623652	0.0303651812	-0.0080024388	-0.0204712575	0.0121415148	0.0357942081	-0.0919540145	0.0535390365	-0.000935404	-0.0519161246	0.0	0.0	-0.1651254802153801	0.0042368783797428	0.0272664242163598	1.7951138404732145e-05	0.1422146033106059	-0.0025898799866724	0.0202249933947929	6.70747834536623e-06	-0.3472873489012968	-0.0053089143040593	0.120608502706891	2.818457108784636e-05	0.0052709470759615	-1.0125933396200326e-05	2.7782883077587084e-05	1.0253452714428508e-10	-0.0008227222749981	-3.241267972820005e-05	6.768719417780493e-07	1.0505818071628703e-09	-0.0038758675312475	-0.0001639202699829	2.686985491129949e-08	1.502234911977859e-05	0.0	0.0
68.6915597828382	0.0376880254733293	0.0014203872640783	4718.530385399235	78.76970382901125	0.1185455460881002	0.0140530464973258	6204.666241310149	71.76905075563204	-0.1294061547025649	5150.796646364487	0.0167459528749041	74.47037854776929	61.75399476097971	0.942455	26.174538	0.0530453120145269	0.0296873687426189	-0.0491253643	0.0923748241	0.0319083584	-0.0418522992	-0.1189505396	-0.105128238	0.0511699709	-0.0076049763	-0.0166629153	0.0023240058	-0.1323424712	-0.0401296321	-0.0055729992	0.0363237396	-0.0995465986	0.0569377033	-0.0634428914	-0.0997106424	0.0063021139	-0.1963935495	0.0551080601	-0.1045067516	0.0814759597	0.0170824983	0.077958162	-0.0973536232	-0.0269074781	-0.101841996	-0.0818403446	-0.0791166675	-0.1219048549	0.1124972831	0.0067503721	-0.0450911783	0.028203995	-0.0187849004	-0.0725342787	0.053658176	0.0738635402	0.0477389391	0.0080641228	-0.0041085235	-0.0829162398	-0.1020374138	-0.0566022568	0.0894725181	0.0651014511	-0.0802068218	-0.0274651692	0.0279496326	-0.0973011643	0.0180676669	-0.0023266112	0.046303055	0.1256588164	-0.0734835411	0.1232693951	0.0116607206	0.0767259506	0.0476480375	-0.000331738	0.006898146	-0.0076371977	0.0053701837	0.0569648873	0.1010135211	0.0419047986	0.0524501848	0.0918406464	0.0312342989	-0.0701871816	-0.0656782364	-0.0332117039	0.0613295476	-0.1102205356	0.0373764798	0.0121741824	-0.0337588087	-0.0603033612	0.0415743367	0.0188652011	-0.0475212421	-0.1043838574	-0.0225761424	-0.0878034449	0.0201921453	-0.0568122306	-0.042902382	-0.0068843164	-0.0186401148	0.1273836859	-0.013912279	0.0540422743	-0.0525025074	-0.0323015739	-0.1254964215	-0.1128259128	-0.0557026287	-0.0683025544	-0.0435047712	0.1214623394	0.1142524154	0.0225513827	-0.0106372948	0.0302397576	0.0789241739	-0.1245730074	-0.0003282208	0.0167983884	-0.0761833221	-0.0493845929	0.0133628886	0.0056893411	-0.0082916307	0.0817137816	-0.0465825451	0.0366762071	0.0652539323	0.0412141166	0.02094344	-0.0128984719	0.0498949184	0.0604986012	0.0500061417	0.0926315132	0.0962618463	0.022675012	0.064142766	-0.0208119939	-0.0356972322	0.0512929264	-0.002688498	-0.0812626935	-0.0880449672	0.0940067454	-0.0150167268	-0.1112205369	-0.1195024068	-0.0062425408	0.1153358737	-0.0210043429	-0.1659883209	-0.0969235781	0.0252131557	0.0345813446	0.0211520606	0.0601660996	-0.1292855887	0.043674341	-0.1143595569	0.0278694788	0.0045089089	0.069224587	0.0383437383	-0.0684784529	-0.0255544623	0.0637113128	0.0617048161	0.1189023926	-0.0039301381	-0.0730184228	0.1388722734	0.0513399464	-0.0807944133	0.0724508827	-0.0169334073	0.054464467	-0.0820736851	0.0929906378	0.0532029396	-0.1166883825	0.024141291	0.008270665	-0.0446143379	-0.038083258	-0.0936261565	0.0810135534	0.0900533372	-0.0003023803	0.03785703	0.0299292974	0.0826657209	-0.0329714263	0.0461277616	-0.0528390354	0.0504609572	-0.0294299837	-0.0081871444	0.0176953509	-0.0266594684	-0.0928702909	0.0567343287	-0.0065437496	-0.045267892	0.0	0.0	-0.1649654377975196	0.0001600424178604	0.0272135956677273	2.56135755146334e-08	0.1615943558128805	0.0193797525022746	0.0261127358305798	0.0003755748070494	-0.33032923456188	0.0169581143394167	0.1091174032062375	0.0002875776419487	0.0052358457120138	-3.510136394770016e-05	2.741408032001329e-05	1.2321057509889042e-09	-0.0008159115981549	6.8106768432000826e-06	6.657117360036829e-07	4.6385319062501845e-11	-0.0041649035455561	-0.0002890360143085	8.354181756740109e-08	1.7346421543785768e-05	0.0	0.0
68.69945505021836	0.0078952673801637	6.233524700427812e-05	4719.615124196973	78.58503974315732	-0.1846640858539245	0.0341008246042656	6175.608471433617	71.65041929647464	-0.1186314591573989	5133.7825853606255	0.0140734231018136	74.47190509165567	61.718135547146986	0.948905	26.353655	0.0784305960656721	0.0438658273668135	-0.1257732367	0.0175412709	0.0654298806	-0.0637473564	-0.0465117813	0.0235379723	-0.0444951228	0.074820853	-0.0456187928	-0.1633582339	0.0313593253	-0.082815577	0.0398813881	-0.0820731725	0.0460430368	0.0550701979	-0.0804128327	-0.0328189386	-0.0117055822	0.0782959308	0.1531359076	0.0060820893	0.0065460226	-0.0978694964	-0.0688522488	-0.0719518413	-0.1010947404	0.0143576222	0.0845851051	0.0607523936	0.0417554611	-0.0782540419	-0.0688294035	-0.0617729077	-0.0095393372	0.0187294251	-0.0612283185	0.0144501887	0.0442051986	-0.0707416388	0.049830141	-0.1400161812	-0.0670601086	-0.2189096361	-0.0299295372	-0.0320281353	-0.0364731914	0.0152722381	-0.0550804111	-0.0558295046	-0.0045112792	0.1067803837	0.0926668845	0.0004443126	0.1074585307	0.064264109	0.1043954601	0.1425479786	0.0047323507	0.0643788078	-0.0249334456	0.129998163	0.0343201708	0.066072234	0.0286929481	0.0106009717	0.0496270089	-0.0049549662	-0.1247551279	0.0880704591	0.0222360316	-0.0266031514	0.0473027922	0.0858905113	0.0262174142	0.09210906	-0.0286733218	-0.089010294	-0.1123798013	-0.0082765075	-0.0048064588	0.0417620463	0.0626038022	-0.0215102161	-0.0454376104	-0.1429408632	-0.0943855021	0.0585588357	-0.1953335741	0.0752686221	-0.086360561	-0.030099866	-0.0223560534	-0.0477827891	0.0939866211	0.0377098053	0.1174973608	-0.1160925825	-0.0601857377	-0.0983433781	0.0592407127	0.052253131	0.0507526806	0.0327256758	0.0442000361	-0.0380849802	-0.0334052956	0.0606851053	0.155152459	0.0320281217	-0.0594016653	0.0137784799	-0.016638954	0.0143747893	-0.0226181659	-0.0517723798	0.0576837525	0.0817933847	0.0168359704	-0.0700385651	-0.0798318473	-0.017924749	-0.0987837716	0.1347967253	-0.0254388371	0.047305227	-0.0088459335	0.1431632376	-0.0128750735	0.0787602128	-0.0294791762	0.0075046653	0.0486393625	0.1405695309	-0.1031396864	0.0551349133	0.0043276833	-0.039057888	0.0838830942	-0.1212884089	-0.0020253745	-0.0667426401	-0.0186965077	-0.0188776374	-0.0170024499	0.0690869246	-0.0193071753	0.0919497602	0.0234151837	-0.0612145209	0.1355056146	0.0588677837	-0.0281104128	-0.0480880978	-0.0264966782	0.0191660671	0.1478749199	-0.0050062272	0.0015993191	0.0011599895	-0.0859230774	-0.0382399544	-0.0412408946	-0.0255091329	0.0245170269	-0.0747784449	0.0512067436	-0.0631967179	0.0659439139	-0.0423135184	0.1014500235	-0.0919046933	0.1147602218	0.0025269283	0.0132754668	0.0058571235	0.0603156102	0.0411261844	0.0992350485	0.0168216708	-0.0185148513	0.0375502694	0.0295566958	0.1322078842	-0.0513457426	0.0614102481	0.0202810608	-0.0232374117	-0.0101893407	-0.1320957762	-0.0937576389	0.059858937	-0.012133754	-0.038394137	0.0	0.0	-0.1695399883433737	-0.004574550545854	0.0287438076474712	2.0926512696574e-05	0.1453979923628878	-0.0161963634499927	0.0211405761831583	0.0002623221890042	-0.3693481708404604	-0.0390189362785803	0.1364180713031939	0.0015224773883119	0.0055019208606927	0.0002660751486789	3.02711331573255e-05	7.079598474449879e-08	-0.0007972245990015	1.8686999153399957e-05	6.355670612531025e-07	3.4920393735917054e-10	-0.0040768507775635	8.805276799259999e-05	7.753289951158642e-09	1.6620712262520113e-05	0.0	0.0
68.7147720421112	0.0153169918928455	0.0002346102406454	4721.719896799308	78.56947460839915	-0.0155651347581766	0.0002422734200401	6173.162340239878	71.71578665392114	0.0653673574465045	5143.154055390733	0.004272891419539	74.50403317803335	60.96863120449096	0.949456	26.368963	0.0691329358969369	0.0326010071909959	-0.0657111178	-0.094359649	0.093770261	-0.0339014043	0.1328601075	0.0271556217	-0.0441371851	0.0691161516	-0.011470672	-0.0647910622	0.1152161149	0.0986102828	0.1118267949	-0.1239674873	-0.0179527023	-0.0147726772	0.0674561042	-0.1104640282	0.0247558478	0.1596803919	0.0711837583	-0.0783703036	-0.070978626	-0.0631012191	0.1281376326	0.008737511	-0.0502285734	0.029676792	0.0731066507	-0.0543689585	0.0692969474	0.0422513351	0.0065850597	0.0730990244	0.0317990711	0.0526066697	0.0143051897	0.007868456	-0.0443838694	0.0494568307	0.1173719517	-0.0325890054	0.0823252583	-0.1711495245	-0.0889249179	0.0756095034	-0.1439070443	0.0063763068	-0.067883308	-0.0677886697	-0.0612559719	-0.0019964241	-0.0628777676	-0.1216751115	-0.0234126399	-0.0306952279	0.0177104918	0.0435911258	0.1716791019	-0.0901969539	-0.1206289315	-0.0131383394	-0.0648417183	-0.0692330546	0.0606827035	0.1745472576	-0.0236484856	0.0231373291	0.035728978	0.0355050799	-0.0280313411	-0.144666417	-0.0021948771	0.0300207379	0.1498357067	0.0525660698	-0.0045068959	-0.0554207763	0.1215168371	-0.0164615018	0.0267017033	0.1085206296	-0.1050330061	-0.0145337275	0.141807412	0.0374152559	-0.0064517741	-0.0606997307	0.0996416385	-0.1360870927	0.004353268	-0.0944088821	-0.0437859772	-0.0137964181	-0.0921390596	0.0649142934	-0.1849003521	0.0271897586	-0.0377825979	-0.1229553264	-0.0023974604	0.0544641193	0.1476051136	0.0992561324	0.0355284641	-0.1676104856	0.0759362501	0.0295644172	0.0735260002	5.12711e-05	0.0013986434	-0.0619357694	0.0017133647	0.0366454656	0.118323705	-0.0406050127	-0.0933100402	-0.0084625504	-0.0622745421	0.0621618734	-0.0518890276	-0.0918067917	-0.0036010534	0.018909084	-0.0013877211	-0.0475382482	-0.0807058244	0.0927799126	-0.0806470984	-0.0193457542	-0.0340643818	0.0694731425	0.0244373317	0.0424330207	0.1122743594	0.0021301978	-0.019995359	0.022852621	0.0165830575	-0.0913895087	-0.0222145788	-0.0700991647	0.1544819196	0.1400198366	-0.0500454719	0.0299807965	-0.0338751412	0.071070035	-0.0610621583	0.0371146799	0.0686636723	-0.0584704044	-0.035289584	-0.0885851736	-0.0603162762	-0.0151712952	-0.1055411155	-0.0563707626	0.0597034033	-0.0923138078	-0.0398850512	-0.1546377023	-0.1213594061	-0.0115214579	-0.0271149203	0.1210623406	-0.0226278369	0.0504510043	-0.0171638121	-0.0825860486	0.1399937568	0.0198372615	0.049950131	-0.029794243	-0.0279089178	0.025312589	0.0413354341	0.0311994798	-0.0067466169	0.1146103184	0.0970702054	0.0873408387	-0.0086903901	0.0015669266	-0.0266704558	0.0422909305	-0.0514605391	0.0469750859	-0.0103745356	-0.1154052865	-0.0946157819	0.0629089685	-0.0176897492	-0.0313291043	0.0	0.0	-0.1655028602952342	0.0040371280481394	0.0273911967659038	1.6298402877074595e-05	0.1282239956911581	-0.0171739966717296	0.0164413930710061	0.0002949461616805	-0.3878275579389481	-0.0184793870984876	0.1504102146968881	0.0003414877475357	0.0058991363892531	0.0003972155285604	3.4799810139010107e-05	1.5778017612951838e-07	-0.0006857694047364	0.000111455194265	4.702796764725164e-07	1.2422260328671176e-08	-0.0041570285363096	-8.017775874610052e-05	6.428472997547899e-09	1.7280886251692338e-05	0.0	0.0
68.78621564381082	0.0714436016996131	0.0051041882238129	4731.543462596845	78.62344744593598	0.0539728375368326	0.0029130671917773	6181.646488283857	71.9250048059936	0.2092181520724523	5173.206316342202	0.0437722351566117	74.5756869708613	61.05706060208869	0.949072	26.358297	0.0550173896825911	0.032209305807499	0.0869242589	-0.0297716122	0.0912174984	-0.0043806442	0.0827831032	-0.0598815263	-0.0569215751	0.1503834902	-0.0976751063	0.0123477399	-0.000751002	0.0441923965	0.176049632	-0.1214007331	0.0208260478	-0.0392704082	-0.0198134257	-0.0740905231	0.0198761893	0.0738797479	-0.0065709129	-0.0032673276	-0.0239592871	-0.0194458914	-0.0670938278	0.0330545144	0.0927576435	-0.1263455516	0.0370355049	0.015332894	0.0108849979	0.0634252042	0.0242606178	0.1078057873	-0.0146519707	0.0203492312	0.0725802033	-0.0986717206	-0.0263930988	0.1148370853	0.0591703036	-0.0093961474	-0.0490177283	0.047678626	-0.0604946963	0.0660358165	0.0645132351	-0.0020348131	0.1180247699	-0.0531310396	-0.1728749906	-0.0122807585	0.0055169569	-0.0100971765	0.084858675	-0.0570796941	-0.0254273289	0.0238682674	-0.0236444046	-0.0108252072	0.0048548103	-0.1074513546	-0.1166042149	-0.0605671136	-0.0369831761	-0.0086191334	0.0958504305	-0.0637583726	-0.0149336351	0.0095505502	0.0725376518	0.0154754783	0.0045592627	0.0808265542	0.0466522337	-0.0720991056	0.0209123096	0.067594558	-0.0692866076	-0.0372197204	-0.0649354624	-0.029818572	0.034337806	-0.0423561795	0.0360111511	-0.032008946	-0.0339529828	0.0908773353	0.0902268532	-0.0212336634	0.0330767544	0.0681969712	-0.1177633357	-0.1197151618	-0.1423266355	0.0790110894	-0.0544477678	0.0962780575	-0.0384505815	-0.0290299215	0.0739932818	0.1195929212	0.1685759723	0.1170900169	0.0229012569	-0.0894068824	-0.0025571219	-0.0066778551	-0.0648833594	-0.0140737015	-0.0208772333	-0.0356501825	0.0567950406	0.0410218399	0.0019723893	0.0764830376	0.035143769	-0.0556211543	0.0393466849	0.0990490252	0.0090781665	-0.0224887398	0.0618999478	0.0520423725	0.032883768	0.0467215689	0.0294654329	-0.080670053	-0.1004274303	-0.1716255644	-0.0235532781	0.0852514389	0.0663587471	0.0220358096	0.0176833795	0.0449518004	0.068464971	-0.0023692414	-0.0608359818	-0.0638502907	-0.060814287	0.1534701345	0.0926545672	0.0820580568	-0.0055463296	-0.0277815317	-0.0987440524	-0.0511362297	0.0665630376	-0.0270771461	0.0882385635	-0.1089939177	0.0032664885	-0.1495454123	-0.0227729537	0.1092045829	-0.0097343367	-0.0836425607	-0.0050282494	0.1442748691	0.027988711	-0.0861893995	-0.0779431514	0.0073510399	0.0458150607	-0.0480131321	-0.0633619779	0.0823721069	-0.0107779	-0.0039570074	-0.0278455034	0.0519264456	0.011695774	-0.0428489691	-0.0806105078	-0.0017385105	0.0947967171	0.0588238116	0.0382493495	-0.0039977507	-0.0007703178	-0.0378983253	0.0651922704	0.1559506654	-0.0130164118	0.0121130472	0.0394705119	0.0302831067	0.0181797477	-0.0294202521	-0.0954444529	0.0658806233	-0.0231961626	-0.0241079916	0.0	0.0	-0.1632830889772805	0.0022197713179537	0.0266613671459625	4.927384704009908e-06	0.1229614200626798	-0.0052625756284783	0.0151195108238307	2.769470224545395e-05	-0.380474948306194	0.007352609632754	0.144761186288601	5.40608684116681e-05	0.0052999076596676	-0.0005992287295855	2.808902120100329e-05	3.590750703606532e-07	-0.0005573183334155	0.0001284510713209	3.106037247610304e-07	1.6499677723486953e-08	-0.0040810596751479	7.596886116170015e-05	5.7712678662056744e-09	1.6655048072118283e-05	0.0	0.0
68.7642303469392	-0.0219852968716196	0.0004833532785332	4728.519375206914	78.50395962249401	-0.1194878234419718	0.0142773399508998	6162.87167641017	71.91184172499071	-0.0131630810028866	5171.312980280115	0.0001732667014885	74.54099872967954	61.626282360869794	0.926265	25.724878	0.0370708192562313	0.0193796066758123	-0.0009234577	0.1063573273	0.081594991	0.0191678198	0.0200084972	0.0337844184	-0.0622704925	0.079193389	-0.1208190465	-0.0301145155	-0.0636450689	0.059152555	0.1188400815	0.0024051375	0.0555416634	-0.0103244769	0.0783931042	0.0007085297	-0.0333145628	-0.0998034131	0.0631444914	0.2287220697	-0.0667643651	0.0477605284	0.0031535284	-0.0540821788	0.0839263081	-0.1087746198	0.02692636	-0.1463168545	0.015973028	-0.0002507942	0.0473303768	0.0861410696	-0.0653515048	0.0252184372	0.0342756316	-0.1657049867	-0.0384217292	-0.0625830268	-0.0764976452	0.1312183787	-0.0154034996	0.0244293755	0.0814172269	0.0636823462	0.0169807521	-0.0349815255	0.1562992779	0.1551246722	0.1703553032	0.0500851235	-0.0236231377	-0.0069995736	0.0563384925	-0.1766790088	-0.0481263506	0.0068436656	0.1106903247	-0.0561665326	-0.0467440759	-0.0081052842	-0.0140418997	-0.079035792	0.0459661549	-0.053052227	0.1108586701	-0.0162474514	-0.0494609878	0.103288609	-0.0501620592	0.094743347	-0.0016806996	-0.0463321401	-0.0386000226	0.0427111655	0.0880140206	0.0044662426	-0.1151826948	0.0141600522	0.0559020236	-0.0568058134	-0.1071656045	0.1147163386	-0.0380356274	-0.0710687005	-0.0659076047	-0.0034015273	0.0750730638	-0.1200997692	0.0518530136	0.0752302233	-0.0826543158	-0.0455891806	0.1558627529	-0.0207480299	-0.0861224533	0.0397822892	-0.0263680857	-0.0647247076	0.1717871777	0.1552418634	0.1330077022	0.0484843978	-0.0036367676	0.0308092713	0.0038823579	-0.0696826718	-0.0286797063	-0.0643421665	-0.0348555201	-0.0070876152	0.0212789955	0.0458424041	-0.0278769835	0.073075071	-0.0664829346	-0.0133989162	0.0301634106	0.0294871351	-0.0027048678	0.0495532946	0.0899562955	-0.008061731	0.0515283956	-0.0753290462	-0.1334950709	-0.0059129128	0.0261565502	-0.1240386548	0.0206140816	0.0176578772	0.0354021332	-0.0076074789	0.0608467228	0.0311082556	-0.060744534	-0.0510811812	0.0286087151	-0.0195064537	-0.0550925782	0.0672594895	0.0286156505	0.0171652548	0.0296410907	0.0450772398	-0.085818101	-0.0030934155	-0.0227422183	-0.019081744	0.0063219373	-0.0173127227	-0.0862101788	0.0301713473	-0.0268713871	-0.092132039	0.0544609917	-0.0700950674	-0.094225376	0.0069632474	-0.0547799313	-0.0057536686	-0.0874603792	-0.0730277109	0.0376690243	-0.0458544861	0.0037074424	0.008659395	0.0969310016	0.0924622322	-0.0930701677	0.0494080779	-0.0200929059	-0.0549340634	-0.0945976079	0.0081358138	0.077540203	0.0041678649	0.0156046783	-0.0045041754	0.0225911835	0.0360314478	-0.0110642745	0.0463283168	-0.0412898082	0.0336371939	0.0296895703	0.0588314896	-0.0009729591	-0.005698521	-0.0962433935	0.068770199	-0.0286375605	-0.0167667741	0.0	0.0	-0.1704675332339746	-0.007184444256694	0.0290591798868762	5.161623927754476e-05	0.1299136107041363	0.0069521906414564	0.0168775462461858	4.833295471515529e-05	-0.3778018511489733	0.0026730971572206	0.1427342387315909	7.145448411941356e-06	0.005308228389113	8.320729445400812e-06	2.81772886309852e-05	6.923453850356012e-11	-0.0008740554624273	-0.0003167371290118	7.639729513990013e-07	1.0032240889463767e-07	-0.0041612235607079	-8.016388555999975e-05	6.426248548076735e-09	1.7315781522190532e-05	0.0	0.0
68.7920699065366	0.0278395595973961	0.0007750410785769	4732.348882025818	78.5533837107725	0.0494240882784851	0.0024427405021594	6170.634092411858	71.87534790301541	-0.0364938219752986	5166.065636179502	0.0013317990423647	74.56560735748671	62.02121596845728	0.91947	25.536163	0.0746486201811768	0.0341991198471947	-0.1153181726	0.0387591946	0.0632910864	-0.0267734764	-0.0925883661	-0.0600657208	-0.0442455305	0.1396901195	-0.1046266438	-0.1003944614	0.0143332293	-0.004482325	0.0623244536	0.0752966564	-0.0407592708	0.0245663019	0.1424863505	0.0484024932	0.013214584	-0.1658207844	-0.0067453071	0.0325059822	0.039731618	-0.0355210459	-0.104160408	-0.1322164106	0.0044891111	-0.0615101926	0.0495443745	-0.0621017347	-0.0054033796	-0.0025513131	0.1152192984	-0.0307258033	0.0382151355	-0.0122608996	-0.027283511	-0.0938064205	0.1303276907	-0.1004072987	-0.0013590474	0.0324641235	0.0628506092	-0.030501435	0.0930397379	-0.0743146721	0.0484429155	-0.0912898251	-0.0818565994	0.0415124079	-0.0103506651	0.0690421969	-0.1576329527	-0.0839639207	-0.0289879983	-0.0930348661	-0.0864291816	-0.0128250033	0.0292178009	0.0134179642	-0.0879928004	-0.1748388808	0.0370661011	0.1675245494	-0.0106976579	0.0901075858	0.072263066	0.0405217887	-0.1194042223	-0.0752114585	-0.0089715158	0.0233195813	0.0202072419	-0.0209198639	0.1530051328	0.063767816	-0.0017994473	-0.1016662229	0.0611569444	0.0234149767	-0.0975430262	0.0562011722	0.0992630853	-0.1241269914	-0.0725078413	-0.0711187803	-0.0415770013	0.0455234483	0.0170890981	-0.0212209863	-0.0165774262	-0.0537247173	-0.0267153399	-0.0608425224	-0.0201979801	-0.1505955856	0.1349800917	-0.0723959473	-0.0302796414	-0.1053176296	0.1134965316	0.1020808502	0.1042100483	0.0100857715	0.036271317	0.0237800632	-0.041785264	-0.0461776289	0.1214076608	-0.0943215003	-0.0528214773	0.0030618106	0.0085644723	0.0176715906	-0.0817688577	0.0843067528	-0.1103959234	-0.0261953804	-0.0046802935	0.023583463	-0.0367395739	-0.0378465031	-0.0195787908	0.0615212093	0.0533975837	0.0104015045	-0.1145147529	0.0302446799	-0.1215095061	-0.1364971867	-0.0109380594	-0.1502266477	0.0127358122	-0.0578781875	-0.0284099871	0.0763088983	0.0752911457	-0.0090467198	0.0561080287	0.0635377937	0.077568622	0.0758966635	0.0323693481	0.049164094	0.0367116306	0.0577683384	0.1399046227	0.0833235542	0.1598474759	-0.0901129629	0.024129994	-0.0256709388	-0.078352283	0.1328455767	0.0908552019	0.0287226553	0.068482152	0.0298626145	-0.0747583846	-0.0037270999	-0.0262396609	-0.0212845503	0.1051226297	0.010397269	-0.0615496953	0.0474737947	0.083294676	-0.0737594568	0.1056693562	-0.0163217787	0.0158417453	0.0007057583	0.0558421866	-0.0322250091	-0.0687015519	-0.0155026522	0.0700332441	0.0550706133	0.0653946054	0.0548559153	-0.0180447824	0.0292303342	0.0886796274	0.1039124048	-0.1051522953	0.0072544885	0.031732265	-0.0020226391	-0.0551611943	-0.0265081899	-0.0970123549	0.0715740957	-0.0339986915	-0.0093420254	0.0	0.0	-0.1639086086303933	0.0065589246035812	0.0268660319831514	4.301949195546398e-05	0.148045380742829	0.0181317700386927	0.0219174347592892	0.000328761084736	-0.3704983783672304	0.0073034727817429	0.1372690483727474	5.334071467365975e-05	0.0054388377420398	0.0001306093529267	2.9580955984236585e-05	1.7058803071957183e-08	-0.001188939403214	-0.0003148839407866	1.4135769045148622e-06	9.915189616536193e-08	-0.0045688193221376	-0.0004075957614296	1.661343047354568e-07	2.0874109998337875e-05	0.0	0.0
68.76690331493185	-0.0251665916047443	0.0006333573329999	4728.886991525185	78.66381809046102	0.1104343796885274	0.0121957522171898	6187.996276569143	71.86924700780746	-0.0061008952079504	5165.188665469242	3.722092233839252e-05	74.56042895286011	61.14022033677905	0.891572	24.761364	0.0883666417965705	0.0439828691540672	-0.1185974363	-0.0927929949	0.0676746825	0.034393164	0.0065386114	0.1109892685	-0.0300800368	0.1144834646	0.0149327569	-0.1394631652	0.0958223607	0.0198547514	0.0452678545	0.0474113734	-3.2947e-06	-0.0988649312	0.0932403602	0.0123565771	0.0381091912	-0.1255559713	-0.0005925325	-0.0861336855	-0.0268754331	0.0056906974	-0.0543223246	0.0275938998	0.0019293417	-0.1899302842	-0.0092375072	-0.0535504612	0.0093240966	0.032695009	-0.0180580451	0.0067381614	0.0169718304	-0.0023640861	-0.0828321845	0.0647941602	-0.0410091254	0.1387358662	-0.0070636238	-0.1169527841	-0.0346364118	-0.0316079734	0.085364667	0.0326195736	0.0003247238	0.0325486607	0.004931824	-0.1271993912	0.1211958622	0.0230566969	-0.0493024432	-0.0411711659	0.0218654176	0.0775106654	0.0357771524	0.0706149084	-0.0575091747	0.0696223757	0.0526302983	-0.0512322477	0.054462759	0.105152614	0.0672253163	0.0922026956	0.0576948419	-0.0100541869	-0.0835321901	0.128443117	0.0583498681	-0.0135242006	-0.0655178095	-0.0453145705	0.0181637692	0.1111055488	0.0093365109	0.074295588	0.0414699297	-0.0275764905	0.067504251	0.0844176558	0.0986081828	0.0944348229	0.0935807427	0.0306241322	-0.0041647852	0.0756388466	0.0297078815	0.003683986	0.0210336241	0.0775686528	0.0421230827	0.0217550737	0.00501486	-0.0423987785	-0.1047310706	-0.1187539614	-0.0185769259	-0.0861656254	-0.0021643116	0.05041639	0.0882657224	0.0252567576	0.0685150261	-0.0234989755	0.009430807	-0.0614675253	0.0697377792	-0.0243852871	-0.0073219704	-0.0719214988	0.0369027881	0.0341784864	-4.93668e-05	0.0594290578	-0.0531735467	0.1150803177	-0.1302972443	-0.0420726862	-0.0233903182	0.1080865904	-0.0460095658	0.0605894176	0.0572929971	-0.0285170563	-0.10316817	0.039009514	-0.0424680495	0.0304117444	-0.0302190392	-0.1353885029	-0.005047427	-0.0038984631	0.0065019216	0.0616027893	0.097166583	0.0255216017	0.0255741572	0.0270023508	0.0921566983	-0.0829741574	-0.0499430327	0.0938269459	0.072159636	-0.1160562177	0.0993111661	-0.085909336	-0.1107631528	0.0511706839	0.0021130135	0.1174488509	0.0791271825	0.1294230288	-0.0209353747	-0.0360708483	0.0795707516	-0.010566103	-0.0613079028	0.0787334948	0.0054597701	-0.0396142499	-0.0473420165	0.1443984384	0.0939543078	0.1048896512	0.1177764395	-0.0427259088	-0.0260478035	-0.0664197182	0.0327725932	0.0115406367	0.0141713638	-0.0594520213	-0.0496800311	0.0554312551	0.1078831919	-0.0036037889	-0.0581191983	0.0668654409	0.0943244336	0.08784023	-0.0211967013	0.0781433751	3.02621e-05	0.0115843666	-0.0127083625	0.0321775359	-0.0563371823	-0.1950490296	-0.0977510977	0.0742888199	-0.039264529	-0.0018707352	0.0	0.0	-0.1774287505416651	-0.0135201419112717	0.0314809615187764	0.0001827942373009	0.1512159771558288	0.0031705964129997	0.0228662717471921	1.005268161412719e-05	-0.3583997815552564	0.0120985968119739	0.1284504034188555	0.0001463760448187	0.0060254127108353	0.0005865749687955	3.63055983358956e-05	3.440701940174427e-07	-0.0010458873976764	0.0001430520055375	1.093880448618312e-06	2.0463876288329533e-08	-0.0041069001632642	0.0004619191588733	2.1336930933430894e-07	1.686662895101951e-05	0.0	0.0
68.7670316251363	0.0001283102044453	1.646350856481262e-08	4728.904638532496	78.78159046450327	0.1177723740422465	0.0138703320875468	6206.538996116712	71.74999658339614	-0.1192504244113195	5148.062009717358	0.0142206637222798	74.56831320434564	61.04288408869789	0.952726	26.459787	0.0600890592030071	0.0322187725429733	0.0337151463	-0.1000753463	0.0634624355	0.0110516899	-0.0259703194	-0.0325543591	0.0675786367	0.0274519955	0.0936135866	-0.0472196016	-0.002158952	-0.0920485828	0.0686083283	0.0025598045	0.0152032984	-0.1443220497	-0.0995681876	0.0334582711	-0.0021916161	-0.0317349821	0.0191420911	-0.0763590912	0.0695907127	-0.1020142103	0.0507002572	0.0320662186	-0.0243512648	0.0817269763	0.1073402053	-0.0003486766	-0.058301047	0.1250183252	0.1104719277	-0.0504009849	0.102834801	-0.1142773796	-0.0519823368	0.1809959584	-0.0239148614	-0.0323223488	-0.0011428689	-0.0100557005	-0.0299417914	-0.1123473088	-0.1207393469	0.0266457373	-0.0274091093	0.0328515177	0.0598820895	-0.0676391167	0.1312393676	-0.0555359134	0.0095254848	-0.0384661864	-0.0317401378	-0.0299173997	-0.0644559462	0.0711945481	0.0399921969	-0.0530187601	0.0571355787	-0.0670676219	0.0764901912	-0.0161594882	-0.0594796125	0.0533417315	-0.0768801457	-0.0226440338	-0.1564760591	-0.1193764732	-0.0755802834	0.0635325639	0.1665381291	0.0395302488	-0.0222449267	0.008033755	-0.0783318463	0.0170219757	-0.0453212675	-0.0014877742	-0.0215981917	0.0765558609	-0.1542112658	0.0169684585	0.0055075111	0.0820444712	0.0776922084	0.1223427068	0.0171316582	0.1637404016	0.0224356455	0.083697208	0.0395824906	-0.0079517394	0.0015934882	-0.0216682375	-0.0298813918	-0.0687677444	-0.0216828491	-0.0033154958	-0.0531319279	0.0016707317	0.0444342656	0.1204156634	-0.0048783233	-0.038476127	-0.0621847379	0.0649841561	0.0303665611	0.0162271013	0.0887614911	-0.0683204524	0.0096029984	-0.0004776743	0.1059891663	0.0221682961	0.0247510275	0.0222637351	-0.0554254475	-0.1232563659	0.0314869571	0.0883512528	-0.0742961733	0.0456318539	0.0617834809	-0.0471309037	0.0425411842	0.0658602119	0.0335674472	0.0838662126	0.0071913373	0.1882499451	0.0513762764	0.1558058497	-0.0594861146	0.0477687112	0.010695425	0.0623131228	0.0710295051	-0.1644719752	-0.1110570475	-0.050586332	0.0104060864	0.0029670605	0.1223194456	0.0208262498	0.1300133038	-0.0530906036	-0.0751253528	0.094575446	0.0338672856	0.0012662361	-0.0313172634	-0.0831205586	-0.0473814387	-0.127414108	-0.0065232543	-0.1281443417	-0.0750671893	-0.0116954665	0.0683045447	-0.0389670241	0.0019081991	-0.0021259543	-0.0126757382	-0.0522400489	0.0198655113	0.0500925861	-0.1024515189	-0.0425665848	0.0708399297	-0.0941493642	0.0570225045	-0.0288829822	-0.0517510393	0.0137063106	0.0356764065	0.0690440867	-0.0719785521	0.0357177911	0.100421076	0.0381586578	0.0170885413	0.0395272421	-0.0213451943	-0.0225336383	-0.1087695193	-0.0291314441	-0.0574374781	-0.0518381317	-0.0984593917	0.0769109895	-0.0444203137	0.0056098749	0.0	0.0	-0.1738276736577404	0.0036010768839246	0.0302160601292619	1.296775472393677e-05	0.1345022156006337	-0.0167137615551951	0.0180908460014793	0.0002793498253239	-0.3837710442440638	-0.0253712626888073	0.1472802144001791	0.0006437009704244	0.0058903981675839	-0.0001350145432514	3.4696790572675766e-05	1.8228926889384324e-08	-0.0010209894369754	2.4897960700999942e-05	1.0424194304153442e-06	6.199084470685376e-10	-0.0042350468208134	-0.0001281466575491	1.642156584103193e-08	1.7935621574481688e-05	0.0	0.0
68.72514296946008	-0.0418886556762174	0.0017546594743607	4723.145276172729	78.64194642665774	-0.1396440378455281	0.0195004573058032	6184.555737773306	71.72203172018769	-0.027964863208453	5144.0498340716085	0.0007820335742674	74.50852687238138	61.41844914425908	0.956964	26.577486	0.0528457942483132	0.030703831111557	0.0533781928	0.0688379052	0.0208913379	0.0232611965	0.0589489714	-0.0267276897	-0.0184030994	-0.0384118694	-0.0087418279	0.1141018622	-0.0849389908	-0.0130559621	0.0694591737	-0.1374749104	-0.0403485029	-0.0633593372	0.0193707124	0.171602051	-0.0025110803	0.0076042092	0.1411628184	-0.0038216627	0.1481327167	0.0161263452	0.056530914	0.0157194794	-0.0292160923	0.125360209	-0.1697707216	-0.102395643	-0.0286637688	0.0599829445	-0.0146064741	0.0402310773	-0.0848727413	0.0669848982	-0.007085557	0.0705017432	0.0978484182	0.0299077794	0.0175355734	0.0801502543	0.092810483	-0.0964981227	-0.0457013798	-0.0084122918	0.0264575838	-0.0459242703	-0.0191900247	0.1067969979	-0.0557815463	-0.1148080612	0.0601699591	-0.0137700833	-0.0218456129	0.0178579215	-0.055986922	-0.0680109938	0.0933421344	0.07955622	-0.0474949546	-0.2595628391	0.0374632184	0.0046699698	0.1106663808	-0.1042441306	0.0626538397	-0.0085413762	0.10902282	0.0245595429	-0.0398651572	-0.0516675463	0.0645472686	0.0305997174	0.0912096241	-0.0099539567	-0.0594267376	0.006174499	-0.075842823	0.0371168999	-0.1017009299	-0.1155066933	0.0561766077	0.0126240895	0.1791829583	-0.0624397946	0.036306379	0.0175174807	-0.0308135815	0.0670953336	-0.0636340225	-0.0230515822	0.1909969755	0.0033205605	-0.0765128856	0.118897176	0.0101808028	0.1118431972	0.0190935607	-0.0131794079	0.0129650913	0.019317245	-0.0048748995	0.0600861948	-0.1133708975	0.0184047056	-0.0920487535	0.0153040394	0.0340020697	0.0009843659	0.0779921102	-0.0949071743	-0.0928693019	0.0363070398	0.0928138968	0.0703531759	0.005269363	0.0221356866	-0.0361766538	-0.0703650165	0.0788020149	0.016307102	0.0188891102	-0.020699086	0.1266106404	0.0095039465	0.0059092843	-0.0871551073	-0.0490432626	0.0371395608	0.1130153925	0.1001325131	0.0188059423	-0.0199608614	0.1638327105	-0.0067000136	-0.0118916422	-0.0752126879	0.0323599885	-0.0533108473	0.0980527657	0.0047661276	0.0517696911	0.0273455917	-0.1117467181	0.0728855978	0.1096867848	0.0124530072	-0.0356048818	-0.0118971422	0.0651756967	-0.0809993666	-0.0025827388	0.0086628369	0.0606026623	-0.0258008548	-0.0191060979	-0.0492828216	-0.0749070804	-0.0939567486	-0.020422689	0.1373248085	0.0319180125	0.039152995	-0.1352142907	-0.0768349358	-0.0611739724	0.103232088	0.0484069167	0.0295722062	-0.0136359561	0.0118150477	0.0274387859	0.0609431529	-0.0083511711	0.0375307514	0.0107293789	-0.0056510582	0.0026533766	0.0228815033	-0.0565901799	0.0758753677	0.0068081031	0.0404847324	-0.0318833709	0.057839866	-0.0104941732	0.0211277703	0.0429758146	0.0177883798	-0.0991370163	0.0794373376	-0.0494515946	0.0130625369	0.0	0.0	-0.1664651817239928	0.0073624919337476	0.0277106567264019	5.420628747449856e-05	0.1250848268533104	-0.0094173887473232	0.0156462139089226	8.868721081821124e-05	-0.4107470853276211	-0.0269760410835573	0.168713168105136	0.0007277067925417	0.0057932201028371	-9.717806474679978e-05	3.35613991599159e-05	9.443576267933213e-09	-0.001101793916628	-8.080447965260005e-05	1.2139498347184685e-06	6.5293639319274555e-09	-0.0042388617260877	-3.814905274300388e-06	1.455350225188492e-11	1.7967948732891198e-05	0.0	0.0
68.64220478234127	-0.0829381871188132	0.0068787428825552	4711.752277380874	78.44570682215137	-0.1962396045063741	0.0385099823768181	6153.728918826925	71.78932825140997	0.0672965312222828	5153.7076507886895	0.0045288231145516	74.49757493156953	61.857788303183774	0.959331	26.643213	0.1112462701623825	0.0635143627294154	-0.1103778199	0.0612777886	0.0046278204	0.0504721289	-0.0364808421	-0.1253153452	-0.1151406807	-0.0529929504	-0.0270721127	0.0576786227	0.0787224242	-0.0209496556	0.0700833543	-0.0248135911	0.0804726892	0.144337724	-0.0612759331	0.0341679827	-0.0585664835	0.0355005869	-0.0702174912	0.0388004133	0.1069423233	-0.0549677593	0.0220188685	0.1364636238	-0.0509539554	0.0199904735	-0.0006690467	-0.0982135757	0.0968444179	-0.029073466	0.0276957124	-0.1523616264	-0.0864766909	-0.0015593286	-0.0694317368	0.1272577204	-0.0875691271	-0.142868526	-0.0734328324	0.073662851	-0.0191341252	-0.096468365	0.0516916028	-0.0055238847	0.0197262823	-0.0559343976	0.0258337178	0.022560895	-0.0290333002	-0.0250250149	-0.1229793707	0.0315047926	-0.0322092918	-0.1311987066	-0.0077711562	-0.0194113814	0.0490207126	0.0806554458	0.0358381089	0.1642262425	-0.1582283341	-0.0360667214	-0.1436815345	-0.0150347333	-0.0176256625	0.1023878779	0.1213878547	-0.154975264	-0.0433054719	-0.0192481708	0.0331818415	0.0822960071	-0.077017333	-0.0854182225	-0.0331551634	-0.1040240107	-0.0753903029	0.1429668729	0.0555518616	0.0637384141	0.1279357745	-0.0006039213	-0.0406604129	0.0135278476	0.0382881669	-0.1369482005	-0.094927062	-0.0363592043	0.0287619494	-0.080762463	0.1473036428	0.0513647848	0.149077022	0.0190558153	-0.0218857429	0.0299385953	0.0524791027	-0.1224375874	0.0076166362	0.039922207	-0.0298126663	-0.0619275676	-0.1386903833	0.0453396718	-0.0444807115	-0.0702650041	0.0264821561	-0.0193019529	0.1126402323	-0.0100713199	-0.054219147	-0.0277529481	0.0945692268	0.0381152693	-0.0727852017	-0.0641235142	-0.0372175095	-0.0591880529	0.0712739413	-0.1012251566	-0.0024576264	-0.0070606933	0.03582615	0.0576989802	0.0281674351	-0.058485541	0.1066844923	-0.1077992926	0.1147625286	-0.0345224145	0.0384655115	-0.0435115275	0.0956916461	0.0497366402	-0.136723465	0.0447176106	0.0172434843	0.0120994992	0.032230179	0.0681089647	-0.0211418054	-0.0241842047	-0.0477266722	-0.0130914176	0.1177178481	-0.0017084008	-0.0087063131	0.0390262268	-0.0472397525	-0.0065307826	0.0709408569	0.0564022188	-0.0269125522	0.0229038592	-0.0319880639	0.1307792747	-0.0429022135	0.0750162955	0.0999722121	-0.1559876107	0.0829158249	-0.0388110664	-0.1880197207	-0.1230644153	0.0610026044	0.001403685	0.1479051279	0.02979705	0.0176084687	0.1360039609	0.0037296747	0.0340511356	-0.0415937341	0.02194067	-0.0202345049	0.0503978554	-0.0576637534	0.0779034109	-0.0146026833	0.1312805352	0.1314672569	0.0284390418	-0.0122935468	0.0274956537	0.0336073199	-0.0305337401	0.0591036897	0.0885402523	-0.0997837604	0.0818647166	-0.0543442699	0.020450122	0.0	0.0	-0.2041782863114747	-0.0377131045874818	0.0416887726010905	0.0014222782576263	0.1250390158289605	-4.581102434991768e-05	0.015634755479475	2.098649951988751e-09	-0.4310255067833068	-0.0202784214556857	0.1857829874978064	0.0004112143767344	0.0059382996412761	0.000145079538439	3.526340262957986e-05	2.1048072473673332e-08	-0.0020161012184702	-0.0009143073018421	4.064664123117025e-06	8.359578422019638e-07	-0.0042340699044716	4.791821616100325e-06	2.296155440052633e-11	1.7927347955952144e-05	0.0	0.0
68.6891242491954	0.0469194668541348	0.0022014363698762	4718.195790121404	78.69034191619518	0.2446350940438151	0.0598463292378262	6192.169910887704	71.76254781233061	-0.02678043907936	5149.863268517037	0.0007171919172833	74.52493034677548	61.081059541788186	0.938011	26.051109	0.0939751292137101	0.0455659901960779	-0.1278928431	-0.0600691234	0.0245094084	0.0623980401	-0.0033419081	0.102556491	-0.00090913	0.0145589724	-0.00384727	-0.1255764953	0.0861904386	-0.0397306416	-0.091456031	0.0082770389	0.1263217347	-0.0101570693	0.0703338938	-0.0129126474	0.1470954577	-0.0678731439	-0.0217680527	-0.0815481517	0.1426049608	-0.0196596707	0.0179585725	-0.0172298353	-0.0286932414	0.047034961	-0.0432719382	-0.1773299984	0.0032106165	0.0910494603	-0.0244605929	0.0542485241	-0.0907128236	0.0716064388	-0.0848107862	0.0549472772	-0.0035912284	-0.0071928586	-0.0237655957	0.0395716443	-0.0539927976	-0.0779139523	0.0311339242	-0.0828012096	-0.0365372704	0.077363903	-0.0266524405	-0.0461475697	-0.0852759832	-0.0934925927	0.038860553	0.0995401295	-0.0093278641	0.0656183143	-0.1122607121	-0.1109702061	0.0833008806	-0.0538282212	0.0926152069	0.0962844148	-0.1241611407	-0.0720949157	0.0872978663	-0.086251724	0.0545381677	0.0409883196	-0.0968736396	-0.0807503097	-0.0443016895	-0.0199966246	-0.0103340495	-0.0967428907	0.0662700002	0.0161866941	0.0039901811	0.0313886207	0.0786632524	0.0282135489	-0.0332310405	-0.0569581994	-0.0238321469	-0.0718461109	-0.0945144931	-0.0028802473	-0.0305902454	0.0300136319	0.0997848387	-0.0826434038	-0.0201333931	-0.038901618	-0.0604054132	0.0863678621	-0.0276093227	0.0414861116	-0.0452658583	-0.1188537403	0.0454097198	-0.1081728801	-0.0629887295	0.0171184287	-0.0218451243	-0.0106847651	-0.0450428772	-0.0025693281	0.0222597479	-0.1268931859	0.0677558022	-0.0131031849	-0.0302826963	-0.0595296176	0.0492248753	0.0840975846	0.0594930697	0.0245175998	-0.0283934884	0.0322792449	-0.0334794897	-0.0066650395	-0.0355345133	-0.1025017335	-0.0951767893	0.0155583997	-0.0768631853	0.0942638557	0.0579765711	-0.0320652616	0.075980322	-0.0083963673	-0.0723128855	-0.0378440333	0.0204363316	0.0410920972	0.1003931404	-0.0488280165	-0.0585699611	0.0053768967	-0.0439076854	0.1013248897	-0.0782869216	0.0363440925	-0.0350815473	-0.0164502318	-0.0417327703	-0.0355075415	-0.0421786646	0.050353253	-0.0760090873	0.0771125219	-0.1302942312	-0.0605504101	0.090369666	0.1060542019	0.0408797038	-0.0408807021	0.0133039429	0.024581007	-0.0009157629	-0.0875570352	-0.0452163255	-0.0323292288	0.0028364058	0.0305305962	-0.1310514458	-0.1034353714	0.1521353275	-0.0355687017	-0.0078521661	-0.0215012038	0.0848048984	0.0557231843	-0.0150515306	0.0031281147	-0.0063945149	0.1021574466	0.0637383994	-0.017987229	0.0388151175	0.0481759407	-0.0393070728	0.0620312685	0.026319891	-0.0409738584	0.0045165688	-0.0103580784	0.080555551	0.0538531446	-0.0892857047	-0.0759593302	-0.1003994225	0.0841901024	-0.059084626	0.0277358257	0.0	0.0	-0.1884876446103049	0.0156906417011697	0.0355275921707406	0.0002461962369944	0.1185423014341893	-0.0064967143947711	0.0140522772293141	4.220729792722717e-05	-0.4179853593365976	0.0130401474467092	0.1747117606197446	0.0001700454454319	0.0061030756181629	0.0001647759768867	3.724753200101446e-05	2.7151122558999104e-08	-0.0013178917550027	0.0006982094634675	1.7368386779040963e-06	4.874964548755743e-07	-0.0045460369775385	-0.0003119670730668	9.732345467792824e-08	2.066645220114738e-05	0.0	0.0
68.83109860898544	0.1419743597900407	0.0201567188377919	4737.720135719877	78.67339341585026	-0.0169485003449239	0.0002872516639418	6189.502831565151	71.8942955568296	0.1317477444989947	5168.789733612769	0.0173574681805723	74.63311462420097	61.047348386685975	0.88066	24.458309	0.0685200120482953	0.0301179426297005	-0.0852122107	-0.103045954	0.0730942789	0.0743076089	0.0033370143	0.1200884597	0.0288027448	0.0375689969	0.0740782426	-0.0331726236	0.0573549085	0.0668953317	-0.1639954149	-0.0928546043	-0.0582903095	0.0252159789	0.0410961924	-0.0751685924	0.0785866046	0.054129417	-0.0354420065	-0.0908788454	0.0520146558	0.0039519989	0.0544504806	-0.0488797916	0.042559206	0.0811424033	-0.01282389	-0.1350501156	0.0212550618	-0.0116784496	-0.0152817624	0.03304285	0.0504351961	0.1306583565	0.040548781	-0.0458784762	-0.1938887852	-0.0309014908	0.0282715748	0.0741012089	-0.1303886269	-0.0636755577	0.0647497195	-0.0136617301	-0.0289534822	0.0513554113	0.07406693	0.0106579841	0.0865066497	0.0368487171	0.0484829518	0.1407961477	0.0562741166	0.0809548351	0.0928578619	-0.0182083615	0.0279345043	0.0120297054	-0.0667091344	-0.0832147463	0.0070796909	-0.1416382552	0.0271704935	-0.0296656278	0.0328177862	-0.0778412704	-0.0696294813	-0.0433393783	0.0700195467	-0.0135160645	-0.0646550734	0.0936779407	-0.1321444926	0.0698091758	-0.0268317844	0.0295740865	-0.0582588173	0.108234037	-0.0552166619	-0.004870685	0.0027082343	-0.0290379965	-0.0249676203	0.0916136783	0.0431368832	-0.0658189074	0.0344490644	0.0177973342	-0.079384789	-0.1771349308	-0.0311068804	0.0090533141	0.050924034	-0.1137014148	-0.009098613	-0.1119092702	0.0569003948	-0.0324517327	-0.0516471808	-0.0642907479	0.05272791	0.0129190174	-0.0280855241	-0.0486551683	0.0714160459	-0.0795962683	0.0303494164	0.0677438362	-0.0025023493	0.0248868459	0.0517759044	0.0148431444	0.2022148712	-0.0641205404	-0.1506997988	0.0993902849	-0.1108930157	0.0672617278	0.039710632	0.0055593479	0.0312912108	0.0938986815	-0.0803477919	0.0633254221	0.006392325	-0.1470409173	-0.0200720362	0.0351259171	-0.0075946186	0.0562667632	-0.0297884363	0.0430616037	0.0278896373	0.0015144528	-0.0781989404	6.844e-06	-0.0098957212	0.0538658955	-0.0973826005	0.0214991161	-0.1374400475	0.0643110851	-0.0439271769	-0.1219750438	-0.0722962154	-0.0886553558	0.0214001007	-0.0322071752	0.013212762	0.0738016704	-0.0901147194	-0.0456619852	-0.0815018128	0.0055644973	0.0701579005	0.0072698454	0.1070060322	-0.0491839568	-0.0185960324	0.0719291019	0.0078411525	0.057410469	-0.0868647588	0.0832577443	0.0807448363	0.0025886498	-0.0632271318	0.0041405115	0.1059508498	0.0099649115	-0.0118193278	-0.0025021713	-0.0611463536	0.0889303464	0.0207588444	0.0188223871	-0.0899940345	0.0751654749	0.1126009281	0.1169388848	0.0034933573	-0.0744742002	0.0045538119	-0.0004375154	-0.0813905415	0.0928334503	-0.0501638417	-0.0797991743	-0.1009838109	0.0864105979	-0.0636593764	0.0348833508	0.0	0.0	-0.1718797580236497	0.0166078865866552	0.0295426512182683	0.0002758218968752	0.1220711896256716	0.0035288881914822	0.0149013753366266	1.2453051867983191e-05	-0.4366417188397804	-0.0186563595031828	0.1906559906313578	0.000348059749912	0.0063959909047095	0.0002929152865466	4.090869965312665e-05	8.579936509267689e-08	-0.0011815253208553	0.0001363664341474	1.3960020838222194e-06	1.85958043620772e-08	-0.004380781142893	0.0001652558346454	2.7309490884380788e-08	1.91912434219269e-05	0.0	0.0
68.88100864940316	0.0499100404177141	0.0024910121344978	4744.593352559153	78.9518729309703	0.2784795151200399	0.0775508403414925	6233.3982393080805	71.98854912311658	0.0942535662869801	5182.351204851369	0.0088837347578141	74.63857499298017	61.24689513406545	0.905888	25.158958	0.0593146550675614	0.031131393451177	0.0226659686	-0.1062552885	0.0848455234	0.0548049593	-0.0482937564	-0.0548422443	0.1036750551	-0.0467822381	0.0184066101	-0.0339300182	0.0172860533	0.0597148865	-0.0195405277	-0.0958897994	-0.0204262838	-0.0930198368	0.0393430718	-0.0540320755	0.1039327105	-0.0137311824	-0.0738545042	0.0656540668	-0.0644194829	0.0530884914	0.0423672389	0.0224507957	-0.0551478596	-0.037005981	0.1171150689	0.0785946584	-0.1207440143	-0.1018039977	0.015145931	0.0143041896	-0.110194151	-0.034692332	-0.0354396155	0.0229384478	-0.0531621851	-0.08057179	-0.1774942434	0.0382606769	-0.0126465387	0.0963854311	-0.0750227009	0.0519125478	0.0860061349	0.0590266648	0.0845039235	-0.078559939	-0.0664204648	0.0034394594	-0.043955078	0.0153391419	0.0334732414	-0.0121730479	0.0232413431	0.0702221879	-0.0629510089	-0.0240911533	-0.2222149654	0.0097300861	-0.0380355802	-0.032891483	-0.0843071772	0.0703227273	0.0632328157	-0.0622543507	-0.0358951102	-0.0041914253	0.0145773319	-0.0258465637	0.0386595196	-0.0350280746	0.0101837528	-0.052900155	-0.0864601342	0.1026405063	0.1059177001	0.0602822288	-0.0836437961	-0.0600168727	0.0446516275	0.0049496323	-0.0267710935	-0.0234084049	-0.0225462343	-0.0204079413	0.1142184655	-0.053127348	0.032954383	-0.0518013301	0.0039389442	-0.0973457391	0.1032415973	-0.088995192	0.0338817658	-0.0575520799	0.0694781567	0.0396273097	-0.0432000756	-0.0873100886	0.0845468318	0.0446318936	0.0330791019	-0.0526255149	0.0576464505	-0.0541389527	-0.0375370897	0.1312495341	0.0512294617	0.1086836037	0.0950957592	0.0408493919	0.1358410555	0.026671313	-0.1582087773	-0.0245889342	0.0064772212	0.0046256442	0.0096259892	-0.0437259412	0.0889867207	0.123354066	0.01560284	0.0146428859	0.0026074931	-0.1266329668	-0.0397485608	-0.00444117	-0.0384078346	0.0788894381	-0.1156048374	0.0454921554	-0.1247252464	-0.0855851164	-0.0086896665	-0.0336473624	-0.1872755867	-0.0027915252	-0.0400627045	0.0024374224	0.0326130503	-0.0023039161	0.0981811294	0.0363674393	-0.0604876014	-0.0256120853	0.0187740252	-0.0165928934	-0.0733070857	0.01245486	0.0107576772	-0.0249482944	-0.0172618968	-0.1272918921	0.0778890776	0.1570460921	0.1206913926	0.0511622849	0.0483819988	0.0934509624	0.0152055025	0.0102563446	-0.0062125236	0.0356980291	0.053234736	0.074314591	-0.0518084269	0.0245968368	0.1190689416	-0.0140765492	0.0268909914	-0.0070806714	-0.0764136364	0.0277443701	-0.0622844681	0.0664532694	-0.0483693929	-0.0187606523	0.0518351544	0.0482150178	0.0772182804	-0.0388393582	0.0197040241	-0.0608400776	0.0237683704	-0.0683217112	0.0368010695	-0.0728141876	-0.1015367435	0.0885234364	-0.0680556987	0.0418570888	0.0	0.0	-0.1801998309245505	-0.0083200729009008	0.0324719790652365	6.922361307630402e-05	0.1099125134348923	-0.0121586761907792	0.0120807606095753	0.0001478334067122	-0.4456639269498268	-0.0090222081100463	0.1986163357843405	8.140023918098689e-05	0.0058950077168177	-0.0005009831878918	3.475111598134023e-05	2.509841545502308e-07	-0.0011501137974787	3.141152337659994e-05	1.3227617471508762e-06	9.866838008386843e-10	-0.0044446603889413	-6.387924604829998e-05	4.080558075699249e-09	1.9755005973023823e-05	0.0	0.0
68.839899678919	-0.04110897048416	0.0016899474542675	4738.931787803632	78.7106328897698	-0.2412400412004984	0.0581967574784181	6195.363729908111	72.08572021536871	0.0971710922521253	5196.351058968417	0.009442221169471	74.64605045670106	61.439604454519205	0.918809	25.51782	0.0732156600038069	0.0348785902436058	0.064922973	0.0350483649	0.0323346244	0.0549841627	0.0217814067	-0.0108028482	0.012940981	-0.0419364365	0.0238581215	0.0578494835	-0.1114611582	0.044869971	0.1023468374	0.0479735611	-0.0126733625	-0.0045132138	-0.0216687442	0.1227111535	0.0485020493	-0.051575531	-0.1531508246	-0.0761181285	-0.0846039456	-0.0999103546	-0.0501315865	0.0357113859	-0.0017469657	0.0805997752	0.0753551685	-0.1110641654	0.0163965344	-0.0372097968	-0.1144307559	0.0787218291	-0.0457785346	0.0626022794	0.026814646	-0.0011759051	-0.0304377518	-0.0035203491	-0.1067188598	-0.1868547012	-0.0045051774	0.1617344484	0.05632093	0.0064174868	0.0617331647	-0.0355688232	0.026734504	-0.0833427466	-0.0281297291	0.0537470479	0.138604596	0.0891744917	0.0192449845	0.0170556144	0.016836679	-0.0360051816	-0.0369888109	-0.1388762129	0.0022356166	-0.0282790415	-0.0773631564	0.1089489212	-0.0028377261	-0.0108348809	0.0184985959	-0.0736054564	0.0700908611	-0.0894900537	0.07394805	0.0607248459	-0.0428149129	-0.1564923437	-0.0447231487	-0.0599996358	0.0545932891	0.0272045116	-0.0714697518	0.1305946893	-0.0449023209	-0.0528439179	0.0661167631	0.0232700669	0.1109348516	0.0171310966	0.0216626088	-0.0356523244	0.0594733938	-0.0234964796	-0.0423737893	0.0226579953	0.0353810644	0.0646794252	-0.0414754553	-0.1383183913	-0.0323137909	0.0764590663	0.0850259321	0.0771489763	0.029875145	-0.0703825087	0.0662815696	0.0146671947	0.0363645521	0.0350291902	0.0860927283	-0.0551515731	0.0351812036	0.124832531	0.0567213735	0.0604924395	0.0356810111	0.0009103801	-0.0321108587	0.0576902435	-0.1574592027	-0.0816325711	0.0158381292	-0.015574242	0.0248276145	0.0667921308	0.0693919176	0.0217674733	-0.0524231149	-0.1069391155	0.046789706	-0.0328230282	-0.03170412	0.0135996236	0.0687926251	0.0297851518	-0.034029256	-0.0427426022	0.0521879139	0.000842773	0.034691373	0.0850667641	-0.0348089894	-0.0124370598	0.0151060308	0.0728373426	-0.0585457026	-0.0911880037	0.1440026081	0.0162126679	0.0162356313	0.1012367832	-0.0646665319	0.0769184196	0.0900638794	0.0204973677	0.0223807694	0.0504797833	0.0261115101	-0.0433832457	-0.0052448233	-0.0166181361	-0.0533510752	0.001442715	-0.0147276158	0.0536853153	-0.0403452629	0.0073544791	0.0023680854	-0.0013251821	-0.0453408227	0.1064256978	1.80772e-05	0.0187599088	0.0240969622	-0.0336435716	0.0218670992	0.0778751312	-0.0435932023	0.0754515188	0.0098303761	0.0096310468	0.0057416392	0.0074328393	0.0072918692	0.0204957186	0.0361087638	-0.0347316304	0.0169332486	-0.0421889922	0.0029822409	-0.0158544848	-0.0369318876	0.0773808229	-0.1020580481	0.0905259858	-0.0722612707	0.048622297	0.0	0.0	-0.1751314746799295	0.0050683562446209	0.0306710334235667	2.5688235022388543e-05	0.1170333445773934	0.007120831142501	0.0136968037429708	5.070623616001336e-05	-0.4218265533278469	0.0238373736219799	0.1779376410924508	0.0005682203811938	0.0062371258924835	0.0003421181756658	3.8901739398688095e-05	1.1704484612089537e-07	-0.0009068809468188	0.0002432328506598	8.224330517029631e-07	5.91622196401412e-08	-0.0042862294353729	0.0001584309535683	2.510036704859245e-08	1.837176277265709e-05	0.0	0.0
68.74520199061382	-0.0946976883051746	0.008967652170344	4725.902796730295	78.49323279913082	-0.217400090638975	0.0472627994098345	6161.187595258547	71.97738586653263	-0.108334348836081	5180.744076179731	0.0117363311377376	74.55384152615505	61.82742579685982	0.942281	26.169706	0.0733280751336308	0.0350469454688667	-0.0635960419	0.0865570177	-0.014023323	0.0796497908	0.0161754183	-0.1421637668	-0.127075935	-0.091899269	-0.0433735053	0.0120328645	-0.0002896004	0.0893691861	0.1015186362	0.1381834505	0.0511993075	0.1173213021	0.0096099697	0.1760118349	-0.1075387011	0.0647930398	-0.1514462156	-0.130936099	0.0110970459	0.1459713392	0.0167823664	-0.0553970865	-0.0034431219	-0.0975830675	-0.0003552205	-0.0042702968	0.0979297511	0.0254744815	-0.1046725458	0.1045025207	-0.1274485384	-0.1109764068	-0.0272323364	0.0122250057	-0.0640960473	0.0456718773	-0.0303028448	0.0748177017	-0.0294777837	0.0559645791	0.0595056522	-0.031423791	0.0604435779	-0.0459687937	0.0431972341	0.1092996994	0.0153265103	0.0903852864	-0.0424919133	-0.0339910848	-0.0169010198	-0.0259366237	0.0829127047	-0.0527905866	0.1013598911	0.0640833005	0.0369946182	0.0687140038	0.0920828928	0.1044526306	-0.0485980285	-0.0568880322	0.0374270464	-0.1236447917	0.0031912363	-0.035472236	0.0516643548	0.0041370989	-0.1257177925	-0.0724137076	-0.0135633563	0.0214149898	-0.0290297497	0.1297863459	-0.0053339077	-0.0791687399	-0.0597461191	0.065796706	0.0496266868	0.0385128343	0.010758836	-0.2212305122	0.0361587342	-0.08928189	0.0396833602	0.0242556638	-0.0064567454	0.0658029392	-0.0041652095	0.141580567	-0.0040902486	-0.0272693975	-0.0219753954	0.1090042307	0.1025351921	-0.0748180874	0.0782402637	0.0058652865	0.039286293	-0.0946765326	0.0220720791	0.0561670296	0.0263421294	-0.0882384016	0.0511862896	0.0609674735	0.0679778902	0.0402308015	0.0158113292	-0.0137578516	-0.0309105055	0.0548777842	0.0254562693	-0.1062431565	0.026918781	-0.1612526348	-0.033941786	-0.0157230214	-0.0005456997	-0.0943360393	-0.0038542262	-0.195350966	-0.0108068125	-0.0179877827	-0.0003423151	-0.0265273184	0.0940663208	-0.0320938418	0.0915549889	-0.1055901955	-0.0251895298	0.0417374876	0.0695094517	0.0187876551	-0.0058872266	0.0112704667	0.0900417431	0.0599414584	0.0106746873	0.1110324324	0.0680503307	0.0996775042	-0.1066905054	0.1001248882	-0.0629303016	-0.0244653168	-0.1012296041	0.1478486993	-0.001257275	0.1742770064	-0.111579362	0.1143273583	-0.0175845048	0.1223423766	-0.0007753875	-0.0103558576	0.0230308243	0.1074950602	0.004715349	-0.0562983128	0.1132674108	0.0583103869	-0.0096201573	0.0754021377	0.1320639979	0.0051238249	0.0189876477	0.085103088	0.0057378203	0.045824718	-0.0206063258	0.0636685579	-0.0212678262	0.0609828383	-0.0505766153	-0.0070653383	-0.017287247	0.0425495637	0.0513045029	-0.0685838116	0.0441603195	-0.018281949	0.0683654568	-0.0075826184	0.0465027158	0.0339732425	-0.1025475623	0.0924157511	-0.0762643048	0.0551452713	0.0	0.0	-0.1923521969568753	-0.0172207222769457	0.0369993676741365	0.0002965532757396	0.1236174611125449	0.0065841165351515	0.0152812766919115	4.335059054845549e-05	-0.4410684328059204	-0.0192418794780734	0.1945413624178707	0.0003702499258487	0.006049939868436	-0.0001871860240474	3.660177241169141e-05	3.50386075987112e-08	-0.0009082389163397	-1.3579695208999851e-06	8.248979291539126e-07	1.8440812196933357e-12	-0.0047033125786737	-0.0004170831433008	1.7395834842567606e-07	2.212114921271025e-05	0.0	0.0
68.64425131098707	-0.1009506796267487	0.0101910397171024	4712.03323804595	78.39968171230582	-0.093551086825002	0.008751805846139	6146.51009259086	71.80153685316033	-0.1758490133723	5155.460694475741	0.0309228755040113	74.47252232405293	61.16874719149357	0.907518	25.204241	0.0785082236788631	0.0458810785482853	-0.129035451	-0.0168563238	-0.0427430329	0.0302399188	0.0733220655	-0.0290939222	-0.101144654	-0.0654301965	-0.0271711257	0.0008099756	0.1277476553	0.0193975773	0.0316833201	0.0098973509	-0.0673459953	-0.058027417	0.0432208095	0.1144103729	-0.1571758762	-0.0383819601	-0.0301859987	0.0853345054	0.0343625023	-0.0285205744	0.0218475021	0.0211524542	-0.0172974713	0.0908251819	-0.0167489561	-0.003378387	-0.036704556	-0.0991568377	-0.0460244667	-0.0537704639	0.0300124751	-0.1143831961	-0.0076792915	0.0480805565	0.07032247	-0.0138499194	0.0630695271	0.0061825777	-0.0917951878	-0.0445837537	0.0707294508	-0.1952601084	-0.0092197062	-0.0925233185	-0.034942798	-0.0730665153	-0.1102954187	0.0595489356	-0.0191234597	0.0102126632	0.0702993977	0.0583410961	-0.1613639306	0.0164138809	-0.0990636789	-0.0176179606	-0.0941429522	0.0520202179	0.0207842664	-0.0555334051	-0.1098541714	0.0307939042	0.0171833088	0.0557919062	0.074542977	-0.0417879435	0.067957102	-0.0512272186	0.0459435772	-0.0838484129	-0.0457767138	0.01096297	-0.1993478294	0.1320405036	0.0410908411	-0.0703854379	0.2197285332	-0.1297062384	-0.0034757264	-0.0123057569	-0.0115181039	0.0194408767	0.0453080759	-0.0245376645	0.0240519201	0.0397739939	0.1204675166	0.0533686006	0.0233587013	-0.1081664367	-0.0291395675	0.0600922639	-0.0110373044	0.0544138629	0.0698909706	-0.1385492568	-0.0624032197	-0.0083573202	-0.0398139423	-0.0686948663	0.0360833832	-0.016338927	-0.0114679062	-0.0680673749	0.0489519626	0.0854000189	0.0667862065	0.0222811796	-0.0618457448	-0.0410715949	-0.0044614479	0.0763642617	0.0237932104	-0.0786732538	0.0203749777	-0.0950424843	0.0702552459	0.026649105	-0.0472890795	-0.0590687833	-0.0507080317	-0.0617231456	0.0389802116	0.0390632991	-0.0128187959	-0.047443844	0.0529837654	-0.0462570183	0.1042969915	0.0352049735	0.0126223968	-0.1196350885	-0.0011791042	-0.05841775	0.0950625205	0.0653242791	0.0285900393	0.1229915516	-0.0131328664	0.1521774311	-0.0218536492	-0.0348395051	-0.0650925302	0.0120277757	0.0160452057	-0.0402132753	-0.0790837134	-0.0226004475	-0.0102761757	-0.0328895761	0.1343883118	0.1416127788	-0.0904712273	-0.0049306741	0.1187479915	-0.0871125795	0.0736287155	0.1198870757	0.1300916421	-0.0352371381	0.1406619091	0.0319645489	0.0240000646	0.016629034	0.0595970311	-0.1258459533	0.0382462116	0.1273940922	0.0442907208	0.0116052519	0.0034794222	0.0345415282	-0.0004438331	-0.0694668038	-0.016025355	0.013557556	0.011330838	-0.0002679627	0.0653411139	0.0278958625	0.0003139417	0.0274899493	0.0491905053	-0.0169994289	-0.0224375506	0.0064793691	-0.1030051337	0.0941903779	-0.080053581	0.0613935146	0.0	0.0	-0.1917183300024731	0.0006338669544022	0.0367559180589371	4.017873158831294e-07	0.1269077358744823	0.0032902747619374	0.0161055734247873	1.0825908009042291e-05	-0.4015381556347819	0.0395302771711384	0.1612328904305823	0.001562642813227	0.0061440364131841	9.409654474810004e-05	3.774918344653214e-05	8.854159733531193e-09	-0.0011638856171996	-0.0002556467008598	1.3546297299240938e-06	6.535523566055119e-08	-0.004351979728454	0.0003513328502197	1.2343477164349846e-07	1.8939727556874552e-05	0.0	0.0
68.71175454667788	0.0675032356908076	0.0045566868287287	4721.305212882909	78.57309638622195	0.1734146739161275	0.0300726491294368	6173.731475718525	71.79541135053022	-0.0061255026301125	5154.581090991843	3.752178247151611e-05	74.57042472907526	60.40255120653597	0.934614	25.956757	0.1728276828891189	0.0885508533382251	-0.088038546	-0.1170336257	-0.052345497	0.02422542	0.0749045808	0.0674677372	-0.1124669914	-0.1329044393	0.0953406516	-0.1038836517	0.072514917	-0.0285859028	0.0317811092	-0.0064416785	-0.1054544607	-0.0472954078	-0.1296030029	-0.0819299168	-0.0324515599	-0.0406314336	-0.0008862765	-0.0237154531	0.0057963443	-0.0683892211	0.0223570865	-0.1459959777	-0.1007409242	-0.049926696	-0.0116429136	0.0174273485	0.0923985508	-0.0140995574	0.0821816458	-0.0292489821	0.1257480591	0.14002313	-0.0630040857	-0.0071270401	-0.0044762625	-0.0103639846	0.0404127974	-0.0809639998	0.028731317	-0.0842258337	0.0104543498	-0.0485806867	-0.0549872097	0.0578214117	0.0024924548	0.1136996251	0.0058158967	-0.0780958885	-0.1305945203	0.0579307448	0.0889658768	-0.1377743323	0.022689281	-0.0488713914	0.0070943691	0.1555916056	0.0713539653	0.0302946058	-0.0787609518	-0.0440904922	0.1023248088	0.0937886786	-0.0368885787	0.0547786605	0.0329607437	-0.0857450067	0.1101376644	0.0418670511	0.0218556263	0.0367260498	-0.0417434693	0.0527299917	0.1841267902	0.0109462132	0.0266943631	-0.0033776118	0.1041975663	-0.0305158525	-0.0302009215	-0.1707302491	-0.003335295	-0.0269692412	-0.0710156726	-0.0319342118	0.0569296667	-0.0115730929	-0.0831303918	-0.0459727571	0.0322761998	-0.0128227675	-0.0260596935	0.1397954828	0.093096134	-0.0558385286	0.0095416764	-0.1035013733	-0.0865116714	-0.095942673	-0.1023671991	0.0901795577	0.0625295406	-0.0363260057	-0.0687037348	-0.0711205369	-0.0236572758	-0.0458069995	-0.0374730089	-0.0829023953	-0.0313331185	0.0010627789	0.0574433884	-0.0274065406	0.0069361795	0.0403037092	0.1245642599	-0.0677185398	-0.0060863236	0.0372199595	-0.0709521581	-0.0750702314	-0.032022434	0.011981603	0.0127475119	0.0215815645	0.0731947761	-0.1066000902	0.0740731732	0.0091596697	0.0255239631	-0.0182299335	0.0142443106	0.0688361088	-0.0890961131	0.0160781231	-0.0210093375	0.0465956962	-0.0549065667	-0.0401211585	-0.044087037	0.1184190527	-0.0459582499	-0.0946503771	0.1408243049	-0.0413188091	-0.0212034628	-0.0377859121	-0.0036305893	0.0889064397	0.0690383915	-0.0224076663	0.0645751796	0.0375648643	-0.1103659474	0.0575974844	0.0926322652	0.1187239261	-0.0728535817	0.0281317891	0.0662205967	-0.041623016	0.0595588639	-0.0818277209	0.103201005	-0.0138984623	-0.0665193809	-0.1398650216	-0.0877683427	0.0507818573	-0.0302554586	-0.0841923982	-0.0542600854	0.002094499	0.0082447217	-0.0220011468	-0.0885509884	0.045423818	0.0254934108	-0.0133881522	-0.0522876957	-0.1115312114	-0.0200235128	0.0270983052	-0.0469313197	-0.1013497794	-0.0157013418	0.0158999701	-0.1034306197	0.0958476552	-0.0836184785	0.0673358985	0.0	0.0	-0.2245182996456236	-0.0327999696431504	0.050408466875762	0.0010758380085915	0.1541802271862735	0.0272724913117911	0.0237715424552109	0.0007437887823517	-0.3271831373047646	0.0743550183300172	0.1070488053365884	0.0055286687508572	0.0057446254396249	-0.0003994109735592	3.300072144158557e-05	1.5952912579950837e-07	-0.0012070789815634	-4.319336436380016e-05	1.4570396677321352e-06	1.865666725064002e-09	-0.0040265799942938	0.0003253997341602	1.0588498699152897e-07	1.6213346450447058e-05	0.0	0.0
68.727719805524	0.0159652588461227	0.0002548894900237	4723.499469666616	78.7807955658713	0.207699179649353	0.0431389492270142	6206.413749991607	71.85249044698313	0.0570790964529095	5162.780383433801	0.0032580232518805	74.5827657392641	60.54993155656174	1.031025	28.634352	0.3362753881893353	0.1521686750573912	0.0523771207	-0.1177078837	-0.0480512874	-0.0548945756	-0.1540094343	-0.0367695912	0.0397677959	-0.0321540649	0.0819847963	0.0617334865	0.0865723978	0.0024098216	-0.0186830207	-0.0896969347	0.0567955097	0.1024037651	0.0033175325	-0.0148391881	-0.0720277314	-0.0127103227	0.0521239542	0.0244836422	-0.0472159334	-0.0520706511	0.0249905523	0.0381122652	-0.0557360774	0.0224585644	-0.1190637558	-0.0006487671	-0.0224592157	-0.0968716151	0.02238088	-0.0395489716	0.0068276836	-0.0177805785	0.0648937662	-0.027824482	-0.0001421609	0.040339971	0.1074724255	0.2108904811	-0.1014132554	-0.0677253331	-0.0712056852	-0.0251203171	0.0802132179	0.0763225533	0.0505488049	0.0338260029	-0.1313792512	0.069862893	-0.0737529274	0.0009564444	-0.1533905634	-0.0731361292	-0.0185017911	-0.0449374877	-5.32403e-05	-0.0294728137	0.1369625994	0.0313760889	-0.0329255588	0.1310446804	0.0108770182	-0.1548611541	-0.0099645396	-0.0558747626	0.0990443307	-0.0314857355	0.0239416978	-0.0311313833	0.0531839101	-0.0078175859	-0.007455338	0.0264865645	-0.1258718572	0.0824624178	0.056821801	0.0269216439	0.0133946988	-0.1044167553	-0.0418046612	0.1042847979	-0.101251753	0.1522599306	0.1020564145	0.0834986519	-0.0973427352	-0.0507206655	-0.0406100335	-0.1028432351	-0.0974081901	-0.0953971811	0.012989652	0.0238455413	0.0263609475	-0.0562898816	-0.0356596643	0.0343276909	-0.1196021592	-0.0334095544	-0.0417068264	0.0230891583	-0.0664346307	-0.1373874689	-0.0607154805	0.0471786716	0.0257346498	0.0730436853	0.0784034817	0.0879517667	-0.1075224232	-0.1443539972	-0.1369698191	-0.0827590034	-0.0171947444	0.0322428917	0.1139842867	0.0357390647	0.1846881342	0.0004468947	-0.0951242778	-0.0231578291	0.0919382988	0.0521069549	-0.0400124444	0.0271722322	-0.1265203527	0.012002272	-0.0109034014	0.0380633445	-0.0431162114	-0.0474830226	-0.0751658647	-0.0459631807	-0.0801709016	0.025352404	-0.048425735	0.0711217741	0.1070520974	-0.1138510281	-0.0823394148	-0.1313647622	-0.197835086	-0.0107872823	-0.0209339542	0.0655278775	0.1228502702	0.0450612077	0.026115861	0.0895011397	0.0990778291	-0.0636222378	-0.0459386125	0.0814851926	0.033495972	0.0390222715	-0.0063784299	0.1005610879	-0.0812113631	0.0322629924	-0.0320375806	0.0122221072	-0.1531225097	0.0822281803	0.000325926	-0.0559104672	-0.1256104372	-0.0026619905	0.0519972227	-0.0340887422	0.1439368328	0.0744381913	0.0815861196	-0.1813004863	-0.025770647	-0.0428263417	-0.0794936085	-0.1704977179	0.0363693235	0.0946885774	0.1270972399	0.0123636468	0.1056306855	-0.0180059176	-0.0969053787	-0.0702297984	0.1800474391	0.0409640264	-0.1038238878	0.0973855183	-0.0869490055	0.0729428184	0.0	0.0	-0.1725339152079641	0.0519843844376594	0.0297679518969889	0.0027023762253623	0.0799146218625992	-0.0742656053236743	0.0063863467874422	0.0055153801340917	-0.3937537777335862	-0.0665706404288216	0.1550420374794704	0.0044316501671034	0.0039833470735656	-0.0017612783660592	1.5867053908483626e-05	3.102101482748517e-06	-0.0007247743745473	0.0004823046070161	5.252978940004299e-07	2.326177339489547e-07	-0.004652092181202	-0.0006255121869081	3.912654959706787e-07	2.164196166240078e-05	0.0	0.0
68.75439592439933	0.0266761188753292	0.0007116153182506	4727.16695892906	78.68954087967096	-0.0912546862003438	0.0083274177535232	6192.043843853407	71.92424425947557	0.0717538124924459	5173.096912296704	0.005148609607201	74.61166050526427	60.726521057511846	0.968214	26.889936	0.061831659562014	0.0306247940183947	-0.0015016411	-0.0849488688	-0.0021924959	-0.0927916204	0.0996114026	-0.075684174	0.020903708	0.0334786281	0.0819406763	0.0587782513	0.1409323675	0.001066418	0.0467229641	0.0149033313	-0.0428813276	-0.0785549633	-0.1500078631	-0.0077986541	0.0176525609	0.1065693278	-0.0868746973	0.0924593063	-0.1551128358	0.1200274249	0.0395460914	0.124451925	0.0277332323	-0.0575390355	-0.0682732547	0.0817447776	0.0148769383	-0.0250043974	0.1133647001	0.1413293761	0.0661742999	0.0335869099	-0.0309676496	0.0934173141	-0.0221194058	-0.0196943619	0.0164982102	-0.0080600287	-0.0437697905	0.0083435496	-0.1079411104	-0.0813898333	0.0065645162	-0.0721326584	0.0187423955	-0.0203726498	-0.0687028661	0.0532978702	0.024335882	-0.0077835029	-0.0154514757	-0.0454091802	0.0611312123	0.0513962812	-0.0806903066	-0.1148087391	-0.0013156578	0.035214438	-0.0422900658	0.0533947936	0.0491545967	-0.074850359	-0.0087300628	0.0263589928	-0.007980687	0.1226882512	0.0570380003	0.0173815968	-0.00868332	-0.0082995303	-0.1057068301	0.0669685323	0.0487512258	0.0387430865	0.1757523906	0.1335791432	-0.046422675	-0.040716936	0.0349993628	-0.1169268286	-0.1101243978	0.045317437	0.0459217878	0.1039453998	0.0276840294	-0.0676780183	0.0588956318	-0.0289272215	-0.01428408	-0.088945019	-0.0688508721	0.025824075	0.0700110589	0.1088273142	-0.0730631903	-0.0375423759	-0.1242637966	-0.0549461267	0.0016516014	-0.0275765924	0.0170922103	-0.1205978524	-0.0680793367	-0.0033869263	-0.007201844	-0.0542258607	0.0517096386	0.0100448368	0.0499252563	-0.115505148	-0.1072368837	-0.068715006	-0.0108529888	0.043187627	0.1159459689	0.0185182492	0.0724568981	0.013116013	0.0198916863	-0.1729745806	0.0357297829	-0.0180608597	0.0329035565	0.0244782883	0.0220966239	-0.0084473076	-0.0608379369	-0.0053965241	-0.1248473453	-0.1204154012	0.0352184713	-0.0388970589	0.0287478202	0.1202171083	0.0486761362	-0.0492704178	0.0241729659	-0.1362315691	-0.0052437504	-0.0381487322	0.0111385852	0.0499037959	-0.0034963179	-0.0131037154	-0.003459207	0.1594146773	-0.1278117697	-0.1202667036	-0.0001301147	-0.0301587654	-0.0497551112	0.0326532992	-0.0098294228	-0.0122176115	0.0938956065	-0.0001692879	0.045509222	-0.0651077778	0.0116573423	-0.0513176947	0.003534796	-0.03367267	-0.0604379378	0.0033921875	-0.0481414085	-0.0631336709	-0.0180219717	0.1160520861	0.0905834598	-0.0424304812	-0.0495414646	-0.0682669372	0.027855397	-0.0271689753	-0.0768870161	-0.0292391294	0.0434522327	-0.0808411357	-0.0496916073	0.0206593046	0.0761761498	-0.050632823	0.0166054973	0.0457400435	0.0981609883	0.0099662719	-0.1041848154	0.0988020511	-0.0900358269	0.0781863408	0.0	0.0	-0.1843649496889838	-0.0118310344810196	0.0339904346738215	0.000139973376891	0.1041218557731866	0.0242072339105873	0.0108413608496522	0.0005859901736018	-0.3913416763975093	0.0024121013360769	0.1531483076856128	5.818232855504178e-06	0.0041970832939196	0.000213736220354	1.7615508176099003e-05	4.568317189121391e-08	-0.0006080589684687	0.0001167154060786	3.6973570913521947e-07	1.3622486016092521e-08	-0.004789266351456	-0.000137174170254	1.8816752984873503e-08	2.2937072185188668e-05	0.0	0.0
68.76957079272026	0.0151748683209262	0.0002302766285574	4729.253867014963	78.73642076447953	0.0468798848085754	0.0021977235996652	6199.423954801164	72.08013593166247	0.1558916721868968	5195.545995926939	0.0243022134572269	74.59767822155914	60.85532400997756	0.936657	26.013502	0.091501186500685	0.064774196879433	0.0376413306	-0.101518731	-0.0357681155	0.0045381462	-0.1404885837	-0.0709983506	0.0229078826	0.0855640732	0.0958148695	0.0009865678	0.0472443633	-0.003996979	-0.0833467562	-0.0309064127	0.0329215637	0.0282508285	0.0105088502	-0.0722899055	-0.020826343	-0.0968636556	0.0729790842	0.1054972126	-0.0904277761	0.1029947053	-0.0627028926	0.0567163118	-0.0754503512	0.0126837601	-0.0012341592	0.0794428162	0.106292872	0.0846847677	0.0050835501	0.1524232686	0.0378068073	-0.0654925424	0.0532496768	0.0540739725	-0.0462969023	-0.037580378	0.0741196261	0.0767149528	0.0481730499	0.0921037373	0.0507909488	-0.0055031525	0.0204350354	0.1105455146	-0.0323382131	-0.069104228	0.129560411	0.0402059341	0.0193678055	0.0286287837	0.0841659126	0.1063057463	0.1309685926	-0.0261867914	-0.123224475	-0.123188085	0.0523103046	0.0222578391	-0.1273550639	0.0674171526	-0.0102540925	-0.1022937748	0.0447135263	0.0073009696	-0.0157806866	0.0101715798	-0.1730908831	-0.0480814929	0.1056229107	-0.1006700498	0.1219731231	0.0360488971	0.0582384059	-0.1200821435	0.0820860227	0.0457556753	-0.1269461265	0.2179849917	-0.0128321183	-0.0737315693	0.0767344859	0.0492649496	0.0089318944	0.0001005263	-0.012858774	0.0898370916	0.1445241457	-0.0089388346	0.0688279002	-0.0708737707	0.0290315423	0.0566241011	0.0519858896	-0.0871067383	0.0067213386	0.0043073975	-0.1005710702	-0.0098845094	-0.0870201364	0.0216338378	-0.1018334771	-0.0359108063	-0.0717964552	-0.021784392	-0.0623335483	-0.1583837774	-0.0724560499	-0.0119336205	-0.0164003741	-0.082863777	-0.0999403178	0.0012106429	-0.0796827009	-0.0400541033	-0.0127135476	0.0414505724	-0.1705442548	0.0575839805	0.0961036655	-0.0165821705	-0.0415935653	-0.0229224352	0.0631808863	0.0131945923	0.0312073621	-0.0565962408	-0.058716668	-0.0294023833	-0.0982412644	-0.0737101159	-0.0380888902	0.0227966736	0.0567698738	0.0297656264	0.0274730735	-0.0320643837	0.1443710592	-0.1419437501	0.0203480535	-0.0068167833	-0.0310860102	-0.0113980714	-0.1019140811	-0.0118264467	0.0246181894	0.035724417	-0.0857600376	-0.1373230669	0.0221236907	0.0322458441	-0.1235813237	-0.0061008981	0.0086225978	-0.0179025055	-0.0189601792	0.025608081	0.0394719958	-0.1097208786	0.0418359536	0.054838486	0.1084951799	0.0122907567	0.1197272427	-0.0281515282	-0.0696261089	0.0408418309	-0.0561832868	0.0567258737	-0.023075191	-0.031546195	-0.0389380352	-0.0517771452	-0.0339099381	0.0793986604	-0.027652607	-0.0951281133	-0.0520166578	-0.0105417054	-0.0270523798	-0.0754352653	0.077368705	-0.006645562	0.0211425571	-0.0800359054	-0.0394826756	0.0013816092	-0.1045132902	0.1000954889	-0.0928702909	0.0830403428	0.0	0.0	-0.187812185694483	-0.0034472360054992	0.0352734170953389	1.1883436077610113e-05	0.124761483081869	0.0206396273086824	0.0155654276607874	0.0004259942154413	-0.3911529036445458	0.0001887727529634	0.1530005940295593	3.563515226140843e-08	0.0054020607711055	0.0012049774771858	2.9182260574716948e-05	1.4519707205252952e-06	-0.000639149623749	-3.109065528030008e-05	4.085122415384883e-07	9.66628845758451e-10	-0.0046808234752514	0.0001084428762046	1.17598573995263e-08	2.191010840646459e-05	0.0	0.0
68.62211418120037	-0.1474566115198854	0.0217434522809264	4708.9945546977015	78.53543608133182	-0.2009846831477091	0.040394842859985	6167.8147204849565	72.01374151947302	-0.066394412189453	5185.978967633471	0.0044082179699829	74.53309719736507	60.59870402662604	0.878544	24.399548	0.0972283124178365	0.0524148801155371	0.0686564616	-0.0488983495	-0.0747318319	0.036743125	-0.0870690766	0.0033524951	-0.0603883844	0.0473756781	0.1003445122	0.0434255489	-0.0449537798	-0.0469264944	-0.136583821	-0.1329253148	0.1178180098	-0.0294543073	-0.070256528	0.1063852104	0.0287175114	-0.1471880443	0.1679260634	0.0347766663	-0.1406785429	-0.0285163791	-0.0063677182	-0.0171170467	0.0144066819	-0.0354812849	0.2093597169	-0.0036442922	-0.0611995485	-0.0865331022	-0.064665426	-0.0793713876	-0.051749469	-0.0298284865	-0.1637283949	0.0402787135	0.0712000293	-0.0159183537	0.0787460118	0.0612235293	0.1501510426	0.0767538404	0.0479453832	0.0552273316	-0.011781037	0.0122808359	-0.0746976556	-0.0085452123	-0.0085040381	0.2176757055	-0.049551048	-0.0149827194	0.0658128882	-0.0439755929	-0.1213153602	-0.0390198405	-0.0167824938	0.0844108309	0.0325741499	0.0307311729	-0.0290160329	-0.1200882924	0.0154436495	-0.053058284	-0.0443254182	-0.0974865355	-0.1041452983	0.0090137501	-0.035559103	0.0954409125	0.0487072914	-0.1059478624	-0.0037045802	0.0455538105	0.0836173866	-0.002025941	-0.0209922363	-0.0503636559	0.0557007685	0.0730200746	0.0198816267	-0.0874272341	-0.0564100902	-0.0363174808	0.0041280785	0.0708756259	-0.0638889788	0.1087974885	0.0400390675	-0.0206834511	0.070113347	-0.000179454	-0.0121057861	0.0276622457	-0.0709959565	-0.0647095293	0.0160302225	0.0633771629	-0.0786919885	0.0342892185	-0.1323158654	0.0557180864	-0.1194944494	-0.0263517965	-0.0369350319	0.0247168185	0.0735474785	-0.0510497269	0.0766292584	-0.0198293703	-0.048841976	-0.0880031213	-0.1058854208	0.0465829992	-0.0417045514	-0.0712679928	-0.0493652517	0.0571485979	-0.1162893665	0.0677931143	0.0275040263	0.0910327146	-0.0825323635	-0.1218349067	0.0266238444	0.0202570952	-0.0342644382	-0.0092301152	-0.056439844	-0.0182913951	0.0095602697	0.0742972966	0.0644374433	0.0327227137	0.007171379	-0.1168723938	0.0040501001	0.0184311779	0.0625986936	0.0437561526	-0.1320617747	-0.107045258	0.0311273532	-0.0218011984	-0.0230899841	-0.0323430168	0.0805290752	-0.0009430275	0.1501444175	-0.1074990101	0.0301039208	0.0137580167	-0.0323526013	0.0799221939	0.0559515012	0.0357484813	-0.0637762382	0.0140827587	0.0327111382	0.0380806667	0.0173960813	0.1571863059	0.1193731097	0.0680717089	0.0634140704	0.0048049798	-0.0852819477	0.0322628274	0.0172269542	-0.0465941443	0.0696187479	0.0903227964	0.0386992576	0.052610865	-0.04832078	0.0030958628	-0.0532493237	-0.0740684169	-0.112511821	0.0028740805	-0.0135144885	-0.0151397421	0.0290598582	-0.0476474323	0.0486645851	-0.0603904138	-0.1579873556	0.0602386799	-0.1048092098	0.1012642201	-0.0954444529	0.087480642	0.0	0.0	-0.1908566800687907	-0.0030444943743077	0.0364262723268807	9.26894599519126e-06	0.1041982016881775	-0.0205632813936915	0.0108572652350501	0.0004228485416761	-0.4338382767720432	-0.0426853731274973	0.1882156503925359	0.0018220410790336	0.0051508666051705	-0.0002511941659349	2.6531426784260676e-05	6.309850899978024e-08	-0.0009177913654458	-0.0002786417416967	8.42340990486866e-07	7.764122021582618e-08	-0.0047696908380664	-8.886736281500055e-05	7.897408173692942e-09	2.274995069073456e-05	0.0	0.0
68.68247730966294	0.0603631284625691	0.0036437072777886	4717.282689392365	78.57374091481053	0.0383048334787048	0.0014672602678313	6173.83276134777	71.95401331700316	-0.0597282024698557	5177.380032423468	0.00356745817028	74.58425445821156	60.59406021877912	0.826181	22.945288	0.0466199900636747	0.0279388771712488	0.0573109197	-0.0146537929	-0.0641338916	0.0401113865	-0.0153007075	-0.0173637318	-0.0552969863	0.01286972	0.0023283064	-0.0074241164	0.0556577679	-0.1587562672	-0.095294144	-0.0899284337	0.0550205912	0.0589315115	0.0153025091	0.079165138	-0.0193727979	-0.0742183916	-0.093108172	-0.1465817752	-0.1137929165	0.0989633843	-0.070196385	0.0670655973	0.1606080286	-0.0701361287	-0.1110373934	0.0666769586	-0.0342394899	-0.1052977092	-0.0688770747	-0.0896092511	0.0520068102	0.0061053591	0.116419308	-0.0237891776	0.0784842551	-0.0571228941	-0.1439060589	-0.0360568658	-0.0504524592	0.0895274631	-0.0077236157	-0.11096118	-0.0180497738	0.0963124959	-0.0032531365	0.0298232321	-0.0193100755	-0.093741646	0.1912396614	0.061331817	-0.0550185065	0.0272161819	0.0205373845	0.0376971491	0.0198515072	-0.0820998207	0.1117376475	-0.090735059	0.0170450414	0.0153262428	-0.0021278403	0.1746824147	0.0101082922	0.1577466471	0.0649596455	-0.0151205435	-0.0031745976	0.1123790125	-0.1538895871	0.0868843949	0.1217553174	-0.1296279902	0.0074072077	-0.2019180346	-0.0441605966	-0.0444184482	-0.0568006664	-0.1237238828	-0.0200080168	0.0923211246	-0.0389817254	-0.0229999167	-0.0125625073	-0.0602341795	0.0356524063	-0.0090716759	-0.0594833857	0.0016982697	0.0094026548	0.0309688629	-0.007003166	-0.0342830657	-0.0295849446	0.003291699	0.0388707041	0.0298107991	-0.040192972	0.0065457798	-0.0229793554	0.0669680829	-0.1203004092	0.052472807	-0.0174428564	0.0118578407	0.0667037453	0.0107522009	0.0714156004	-0.0414179152	-0.0705439728	0.0492550883	-0.060108894	-0.0043836341	-0.0338671514	-0.0474992547	0.0167303008	0.0298845974	-0.0524175635	0.0128479537	0.0518802302	0.0259116906	-0.0171707236	-0.0194114963	-0.0767600623	-0.0300133951	0.1370895916	0.0174645537	-0.0652279084	-0.0037136647	-0.1517816934	-0.0143564214	-0.0810705426	0.0355463856	0.0412700826	-0.0603751659	-0.1381727502	-0.0642737747	-0.1191868959	-0.062124404	-0.0496373581	-0.080078029	-0.0135299706	-0.0144075643	-0.0585802138	0.0427940446	-0.0822452395	-0.1262625033	0.1105727887	0.0199369117	0.0177889468	0.0683783072	0.050381277	-0.0859716952	0.0390708119	-0.071127772	0.0485833021	-0.0381733416	0.1075866973	-0.0502239955	0.0054722315	-0.0784345566	0.0190266161	-0.0186931175	0.0001467656	0.0524238456	-0.0442545202	0.0374484881	0.0397298401	-0.0520605546	0.0734790188	0.1132583332	0.0236277359	0.0766935186	-0.0998865775	0.0388667923	-0.0044067498	-0.0583566997	-0.1236220844	0.0324315271	0.0321955991	0.0017002519	0.0350905025	0.0269137026	0.0067055549	-0.0423648519	-0.0846260428	0.0920078541	-0.1050724821	0.1023067888	-0.0977510977	0.091485117	0.0	0.0	-0.1959151737039093	-0.0050584936351185	0.0383827552874329	2.5588357856535325e-05	0.1118113680437886	0.0076131663556111	0.0125017820238235	5.796030195820881e-05	-0.4379220528500482	-0.004083776078005	0.1917757243724004	1.6677227055286146e-05	0.0051680682570673	1.7201651896800105e-05	2.6708929509706644e-05	2.9589682797868664e-10	-0.0004070089637107	0.0005107824017351	1.656562965408579e-07	2.608986619222772e-07	-0.0048389978643333	-6.930702626689947e-05	4.803463889960693e-09	2.3415900331022235e-05	0.0	0.0
68.80523198701172	0.1227546773487802	0.0150687108110031	4734.159948786501	78.70676869569823	0.1330277808877014	0.0176963904879062	6194.755438518143	71.83747561043556	-0.1165377065675983	5160.622902079924	0.0135810370520356	74.67357604752169	60.84857542143519	0.8235949999999999	22.873457	0.1047913567116854	0.0540466028224196	0.0596510075	-0.0039994694	-0.0380886075	0.0163726146	0.0480947102	-0.0340109065	-0.0343960017	-0.0299164577	0.0636172805	0.0528198665	0.0378788933	-0.0338802659	-0.0085501678	-0.0221263814	0.0356731513	0.0472030821	0.0238763095	0.0222277051	0.036340154	-0.0668787195	-0.0151410938	0.1174796128	0.1327496572	0.1099705046	-0.0088379585	0.0270245307	-0.0649258803	-0.0008694995	-0.0227933636	0.0991080644	0.0295274625	-0.025291697	0.002491397	0.0499699478	-0.0699177499	-0.0586502167	0.0486128444	-0.0626592408	0.0516089473	0.066164847	-0.0564599962	-0.1559847388	0.0771843973	-0.0539727803	0.0445975786	0.0521456005	-0.0098521114	0.1016725801	-0.0457122094	0.0395853458	-0.0467704018	-0.0687954239	-0.0138465067	-0.0369928481	-0.1244227721	-0.0142154748	-0.0288566994	-0.1489169812	-0.0522018923	-0.1251641433	0.0542955691	-0.054818695	0.086296191	-0.0304531422	0.005413239	0.1058890926	-0.0532597719	-0.0791811376	-0.0420250783	-0.0804985257	-0.0657336341	0.0264475796	-0.1597829534	-0.0811994728	0.0303511339	-0.1058530536	-0.0031855275	-0.0680086603	-0.1115063234	-0.0140903587	0.1563194954	0.0635529416	-0.0476683008	-0.0163064745	-0.0203231978	0.0659652898	0.0671524472	-0.0275891771	-0.0107181294	0.0397022135	-0.1207192608	0.0258363035	0.0254600386	0.03331879	-0.0175239879	-0.0498938276	0.0697845737	0.0613330244	0.0252457961	0.0034968064	-0.0495898743	-0.0708694864	0.0466801801	0.0418586538	-0.0755870366	0.0950675042	-0.0486798372	0.014407046	0.0296645099	-0.0051209716	0.0655245943	-0.0298302331	-0.0589195909	0.0070395078	-0.0652838691	-0.0657417554	0.0473638003	-0.0032995453	0.0009046184	0.0074493137	-0.0519172456	0.0116135632	-0.0280783965	0.0370425176	-0.0069177732	0.0926824641	-0.0028437772	0.0152175486	0.0691042909	0.059652749	-0.0160847027	-0.0247369309	0.0410760144	0.0060813519	0.0179544524	-0.0280445928	-0.0626268104	0.0663174387	-0.1110295649	-0.1282492015	0.0039973462	-0.0459268556	0.0047025542	0.0089507933	-0.0643070982	-0.0854595443	-0.0214159213	-0.0918624247	0.0261713041	0.0508622266	-0.0100690543	0.0953155486	-0.0118234381	-0.0092661044	0.1106922614	-0.0516288183	-0.0619026243	-0.1006347351	0.0933434131	-0.1123547911	-0.0603297403	0.0420005909	-0.0713556068	-0.0434742458	0.0146513074	0.0162490278	-0.0498413362	0.0930804869	-0.0263827661	-0.026039361	-0.0253403569	0.0033414119	0.035662405	0.0480391685	-0.0061881719	0.0503314441	-0.0841293809	0.0009424476	0.0048244608	0.0198376203	-0.0779531206	-0.0508217113	0.0120484584	0.0405479726	0.0291841808	-0.013494869	0.0512544414	0.0171737019	0.0243121046	0.0460467663	-0.105303025	0.1032218959	-0.0997837604	0.0950338178	0.0	0.0	-0.1805423790806912	0.015372794623218	0.032595550644116	0.0002363228145276	0.1168825989834232	0.0050712309396345	0.0136615419451197	2.571738324310711e-05	-0.3940235651122705	0.0438984877377777	0.1552545698637836	0.0019270772256638	0.0054660888551448	0.0002980205980774	2.9878127372338186e-05	8.881627687847044e-08	-0.000794073086316	-0.0003870641226053	6.305520664114176e-07	1.498186350082107e-07	-0.0049628900118716	-0.0001238921475383	1.5349264221652044e-08	2.4630277269934893e-05	0.0	0.0
68.88670252237104	0.0814705353593154	0.0066374481317334	4745.37778440564	79.01006311594054	0.3032944202423095	0.0919875053501186	6242.590073584907	71.81257684515157	-0.0248987652839929	5157.046193140799	0.0006199485126673	74.6845278113792	61.19375595776424	0.815717	22.654667	0.0519540890252448	0.0270906632549617	0.0559255458	-0.0167964781	0.0016086812	0.0250782743	0.0004484696	-0.0363505148	0.0692674344	-0.1073375433	0.0677519255	0.0181555225	-0.0264221144	0.0458471643	0.0697803228	-0.0104114292	0.0706106648	0.0965340175	-0.093018341	-0.0421751375	0.0654573144	0.122663204	-0.0987835	0.1261284918	-0.0089595823	-0.0388322793	0.0065572761	-0.1830626914	0.027209401	-0.0082356801	-0.0811074083	0.0551903887	-0.0204495407	0.1275199613	-0.148427318	0.0048100053	-0.0097158812	-0.0003269969	0.005659398	-0.0563176419	0.0458487194	0.0817171453	0.0426041966	-0.0249045588	-0.0336065688	-0.0687913579	-0.0685407595	0.0264391966	-0.0116541001	0.0673718482	-0.1310014123	0.110388187	-0.0522980491	0.0516829909	0.0165003583	-0.1096922102	0.0493329707	0.0471098577	0.0588776072	-0.075057506	-0.0487353776	-0.0368695927	0.0310903889	-0.062378933	0.1360262326	0.0468965817	0.0088861839	-0.0653612264	0.0490248745	-0.0866040228	-0.0072517097	0.0111789144	-0.0173309486	0.0088007254	0.0888792417	0.1585605555	-0.04555358	-0.0261638154	-0.0217692879	0.0963336142	-0.0175045523	-0.0358283246	0.0268313811	0.0734451082	0.0370898305	0.0228876328	0.1461672916	-0.1003619998	-0.0424383118	-0.0154925488	-0.062754932	0.0240612537	-0.0425802324	0.0422565665	0.0580993368	0.0124976804	0.0081071671	-0.0523705066	0.0113228293	0.0565519012	0.0597296105	0.020549461	-0.0411275367	-0.0726076269	0.0780075482	0.0338838254	-0.0248441161	0.0902326287	-0.097345841	-0.0610761336	-0.0277815505	0.0014604126	0.0344595778	-0.0226109052	-0.0618655586	-0.0228559761	-0.0996073768	0.0009318944	0.0813241114	-0.0018455959	0.0142462353	0.102921944	0.0228572834	0.0166366519	-0.1424754821	0.004421745	0.0182419325	0.0526693935	0.0345040421	0.0171007985	0.019855755	0.0338609917	0.084062594	0.0292325785	0.0447431091	0.0323509361	-0.0371269521	-0.0386666339	-0.0352168731	-0.0336242552	-0.0165660508	-0.0507455188	-0.0642852306	0.0130124849	0.1260544632	0.0723638058	0.085662549	-0.0179545557	-0.1154062182	-0.0112219207	-0.0226742012	-0.0552095539	-0.0575145572	0.0726444563	-0.1001599139	-0.0518118191	0.0803528626	-0.0311012987	0.0433277878	0.0762875806	0.0029483299	0.0123376148	-0.1172040404	-0.0687250238	-0.0162795449	-0.0016601108	-0.0116710784	0.0620138177	0.0027494471	0.0563308431	-0.0089217989	0.0126538854	-0.0561255679	0.0581226148	0.0295852271	0.0288984323	-0.0300936508	0.0154029904	-0.0131146166	0.016551569	0.0166092435	-0.0203413297	-0.1195462908	-0.0537155646	-0.0040714124	0.0370012737	0.1088870499	-0.002719876	0.0362593456	-0.0229167827	0.0405922202	0.0375540168	-0.1055007667	0.1040084014	-0.1015367435	0.0981090648	0.0	0.0	-0.2040768718616306	-0.0235344927809393	0.0416473696288283	0.000553872350456	0.1157800659650263	-0.0011025330183968	0.0134050236748658	1.2155790566553745e-06	-0.4014511201493391	-0.0074275550370686	0.161163001869159	5.516857382868314e-05	0.005390867135374	-7.52217197707997e-05	2.9061448471255475e-05	5.658307125276718e-09	-0.0006598967413045	0.0001341763450115	4.354637091842982e-07	1.8003291560645085e-08	-0.0051512821108661	-0.0001883920989945	3.549158296355349e-08	2.6535707385729104e-05	0.0	0.0
68.90704706431917	0.020344541948134	0.0004139003870793	4748.181135124298	79.13032108406688	0.1202579681263387	0.0144619788978754	6261.60771486752	71.89858388900757	0.0860070438560001	5169.406365244658	0.0073972115928479	74.68766858453459	61.40205186797232	0.8250039999999998	22.912588	0.0572204600459198	0.0253805820415636	0.0565598933	0.0092869634	0.0120886006	0.0334868663	-0.0209667627	0.0653234686	0.0997425582	-0.0994568681	0.0061769934	3.85397e-05	-0.0637311447	0.0480949691	-0.0257472904	-0.0963729953	-0.0723482944	0.0949549871	-0.0580838179	-0.0199456322	-0.0332526273	-0.1292400758	0.1022413472	0.0832263761	0.0384974559	0.0127728437	-0.0991265784	0.0373094485	0.1421327491	-0.0177167091	-0.0307369981	-0.0387360997	-0.0295240046	-0.0968184647	-0.0917489367	-0.0020098697	0.0413902387	0.0070502647	0.0968167135	-0.0307792287	0.0816572788	0.0729447473	0.0402976653	-0.0048413036	0.0342203591	-0.0477706952	0.0135276397	0.0216717553	-0.0161166479	-0.025660681	-0.0153298575	-0.0240375594	0.0160809643	-0.0570924195	0.0835985111	-0.0107426144	0.0171844376	0.0212141833	-0.1102826759	-0.0656468869	-0.0688964123	0.0749789258	0.0357968742	0.0320053359	0.0402363479	0.0549804016	0.0869603708	-0.0390824027	0.0503484823	-0.0120401865	0.018013305	0.1139908681	-0.0143422797	-0.0300470643	-0.0382018063	-0.0379973602	0.0226921916	-0.0033254878	-0.0466864899	0.0169430589	0.0539434018	0.046173427	0.0244403318	0.0215522812	-0.0282227632	0.0950465623	0.0612765187	0.016987904	-0.082514513	-0.1017262344	0.0126494489	0.0764551597	0.1148858543	0.0364043685	-0.0571027098	0.0350229368	0.1270947409	-0.1594983057	0.08464387	-0.0193264831	0.0581983691	0.0766979479	0.0082870604	-0.0481690326	0.0307522661	-0.0011770347	0.0179042213	0.0714250482	-0.0414430292	-0.1075706057	-0.0986780982	-0.0183928828	0.0583053713	0.0967499536	-0.0165789659	0.0101012624	-0.0493927258	0.1182459058	0.0594405277	0.0419253851	0.0020405889	0.0981899324	0.0700800658	0.0117190651	-0.1493244047	-0.0039437291	0.0370087607	0.0661456303	0.137521374	0.0746547339	-0.0452999192	0.0067139817	0.1328470226	-0.0788932832	0.0200027989	0.0500707401	0.0516847265	0.0123019575	0.0204613957	0.0640887599	0.0375720357	0.0631900683	-0.008856443	-0.0661268657	0.1508392909	-0.1408494046	0.0432236705	0.0733372542	-0.0983204326	-0.0294253396	-0.0414759616	-0.0270864624	-0.0298793281	-0.0441226937	-0.0799706899	-0.0093907554	-0.0297650214	0.0436200698	-0.0679200643	-0.1175578387	-0.0573518167	0.0424451892	0.0513547531	-0.0387083476	-0.0173404773	-0.028595603	-0.0132598096	-0.1005472633	0.0600644111	0.0202646419	-0.0163643886	0.0377456691	-0.0702633567	0.037727579	-0.0036670549	-0.0164107947	0.0007196216	0.0124298357	0.0218428832	-0.0020431059	0.0304085359	0.0109130956	-0.1235187859	-0.0681149227	-0.0052010165	-1.08092e-05	0.0553943364	-0.0463486965	0.0005737941	0.0229051329	0.0580658774	-0.0573624129	-0.1056656457	0.1046653254	-0.1030051337	0.1006955375	0.0	0.0	-0.2144060925720907	-0.0103292207104601	0.0459699725320319	0.0001066928004853	0.1261703459895784	0.0103902800245521	0.0159189562071299	0.0001079579189886	-0.3881867752849715	0.0132643448643676	0.1506889725061449	0.0001759428446808	0.0056088473643965	0.0002179802290225	3.145916875709757e-05	4.751538024470163e-08	-0.0004686083434817	0.0001912883978228	2.195937795806629e-07	3.65912511416138e-08	-0.0052067457729516	-5.546366208549966e-05	3.076217811934492e-09	2.7110201544149357e-05	0.0	0.0
68.83639625363023	-0.0706508106889458	0.0049915370510052	4738.449449186797	78.97462886433269	-0.1556922197341919	0.0242400672857598	6236.992004259089	72.06062750860092	0.1620436195933479	5192.734036933332	0.0262581346509136	74.61891488940167	61.89486114276115	0.8747979999999999	24.295525	0.0836123012745974	0.0383949692580529	0.0468283096	0.0515157734	3.0932e-06	0.0155566446	-0.072539807	0.1205580763	0.076417158	-0.0523719848	-0.0193805908	-0.0301106882	-0.1617905518	-0.0024268496	-0.0271475259	0.0929956123	0.0142465518	-0.1234476921	-0.0695149825	-0.1506757203	-0.0525982411	0.0464619086	0.0446742814	-0.0386433002	-0.0061980462	0.0034556206	0.0796559541	0.1038858906	0.0284542164	-0.0150112133	0.0204589949	0.0136657857	-0.0441916753	0.030839305	0.0062261221	0.1032600906	0.0109966026	0.0338189101	0.02380782	0.0077521795	-0.0935519544	0.1688151706	0.0398948842	0.1067023738	-0.0377038986	0.0848367078	0.0844700638	-0.0447013995	0.0326398603	-0.0509223881	-0.0529937522	-0.0263279779	0.1272576008	-0.0473267273	0.0912931816	-0.0066550768	-0.027561463	0.1003411851	-0.0541205194	0.0227548377	0.0149637296	0.0239719302	-0.0872770379	-0.0201694934	0.0746558653	-0.0936789806	-0.0067934974	0.0003760563	-0.0326256861	0.0343647564	0.0278794973	-0.0420087357	-0.0436719853	0.008513405	-0.07338627	-0.0871206124	0.0136446556	0.1174303149	0.1566582962	-0.0570808706	0.015387204	-0.0290385419	0.010468336	-0.0530828499	-0.1199968609	-0.047369399	0.0304656254	0.0866916623	-0.0407519749	0.0425916574	-0.1722087246	-0.0395356039	0.0336798948	0.005449735	0.0301682588	0.006102903	0.0419268848	-0.0448866704	-0.0157055163	-0.0837910683	0.0297902127	0.1324714458	0.0701466144	0.0099743805	-0.0516451097	0.0020224286	0.0954935904	-0.0129798471	0.0790614767	-0.0590039545	-0.0798032773	-0.0201761296	-0.0553360602	0.1365661019	-0.0141355383	0.049185728	0.0811326286	0.0603745702	0.0186595204	-0.0744018436	-0.0816530359	0.0114292886	0.075253584	-0.0210836281	-0.0407378584	0.0013992108	-0.1150391628	0.01156376	0.1567600605	-0.0528315679	-0.0747050283	0.1382521969	0.0111451984	-0.1088737795	-0.0110857997	0.0454336897	0.0073357426	-2.09151e-05	0.0615996245	0.0844986658	0.044561828	0.005746858	0.0335532529	0.1192367789	0.0341174516	-0.0006943685	-0.0252050286	-0.0712175565	0.0369329529	0.0525446591	-0.0037024747	-0.0390264377	0.1174911239	0.0015180278	0.040997516	-0.0181518694	-0.0876714069	-0.1460706976	-0.0654284919	-0.097308839	-0.1452858893	-0.0538856607	-0.0871782862	-0.0077635929	-0.1199555415	0.0926658394	0.0017013413	-0.0448194504	0.044383156	-0.0324182097	-0.0362380336	0.073155878	-0.0517446849	-0.0731617198	0.0053273542	0.0098775504	0.014320322	0.069805285	-0.0306707611	-0.0293378896	-0.0176313164	0.0127399588	-0.0304318458	-0.0122677356	-0.0049000769	-0.0319823242	0.0578594509	0.0612527849	-0.050345549	-0.0090739631	0.0037708392	-0.0032252763	-0.1057976105	0.1051918494	-0.1041848154	0.10278035	0.0	0.0	-0.1841919979589192	0.0302140946131715	0.0339266921120984	0.0009128915132936	0.1314747327772778	0.0053043867876994	0.0172856053588566	2.813651919351996e-05	-0.398811808212983	-0.0106250329280115	0.1590508583701091	0.0001128913247213	0.0058489864267537	0.0002401390623571	3.421064222034901e-05	5.7666769269794994e-08	-0.0006472670126811	-0.0001786586691994	4.189545857051152e-07	3.1918920080100634e-08	-0.0048761677655939	0.0003305780073577	1.0928181894858767e-07	2.3777012078217003e-05	0.0	0.0
68.80726316872513	-0.0291330849050979	0.0008487366360876	4734.439464770197	78.9491496806921	-0.0254791836405843	0.0006491887989906	6232.968235304325	72.12746628052598	0.0668387719250631	5202.371392048412	0.0044674214324506	74.65596250000057	61.674939396451954	0.989136	27.470995	0.2366131039174913	0.1258389529092396	0.0363588145	0.0907264553	-0.0124063188	-0.0403523898	0.0775126626	0.0541024923	0.0647629613	0.0938004381	-0.1137244061	0.0197386767	-0.0929698029	-0.0630052431	-0.0887740648	0.1536090674	-0.0427886489	-0.0381081419	0.180445562	-0.1268921998	-0.0548100642	0.1652658095	-0.0046187615	-0.1258819081	-0.0862252866	-0.0443156241	-0.0578952497	-0.0377642541	-0.0683131382	0.0749627305	-0.0884272838	0.0185116287	-0.0525751867	-0.1043691947	0.1224139709	-0.0133646107	0.005336271	-0.0152620435	0.1218711929	-0.009639181	-0.0202625787	-0.0198003084	-0.1134091489	-0.1619617678	0.0197935428	0.1425035782	-0.0129699827	0.090823417	-0.0104572461	0.0134893359	-0.1042576234	-0.1063824051	0.0949666795	-0.006699442	-0.001368031	-0.007341183	-0.0370264357	0.016973066	0.1545390932	0.0565888963	0.0108792379	0.0918919987	0.0062309168	0.03980026	0.0010899845	-0.0464870435	-0.0567402988	-0.0434409005	0.030340118	0.0420051263	0.1437340236	0.0407788143	0.0557816795	-0.0308311093	0.1340865997	-0.0409952583	-0.1487921289	-0.0377058538	0.079475799	0.0651322561	-0.0405637494	-0.1034085581	-0.0140634963	-0.0796524552	0.0447772353	0.064716526	-0.0595426223	0.0937167496	-0.0302059352	0.0377656053	0.0837592018	0.0369559361	0.0136375312	0.0599749321	-0.0568668866	-0.0674987619	0.0829942019	0.0714221572	0.046733679	0.0176331581	-0.1131521946	0.1028662162	0.0647531324	-0.0184704101	-0.1192361358	-0.0555334267	0.0675694938	0.0195111906	0.3841430079	0.1456473573	-0.0924762125	-0.0104894422	-0.0415615032	0.024386716	0.0311747903	-0.0695114394	0.0028027014	-0.034143867	0.0717039607	0.1134441327	-0.0308343129	-0.1126442908	-0.0378858703	-0.1158276768	0.1583110756	0.0528553923	0.0624294563	0.0413780198	-0.0719984143	0.0352497415	-0.0674838678	0.1110068148	-0.1094432211	0.0575579095	-0.0324019109	0.0689572945	0.0410196248	-0.0762568552	-0.0458948192	-0.0556038429	0.0394709224	0.0745959408	0.0719748808	-0.1116183066	-0.0869562576	-0.0602712192	-0.0346508134	-0.0228224264	0.0769113696	0.0156447686	-0.0180320406	0.0777499765	0.0799518776	0.0169711305	0.110592438	-0.0991225373	0.0302633315	0.0336356285	0.0398715328	0.0298897112	-0.0073136315	0.0527346529	-0.0128847998	-0.0005369199	0.1166261451	0.0208805704	0.0599035382	-0.0827488882	-0.1961575738	-0.0938403036	0.0143687973	-0.0002163625	0.0926736448	-0.2136400646	-0.3138617712	-0.0054200365	0.0769127189	-0.0775822835	-0.0379052787	-0.1233973032	0.1513124403	-0.1359778052	0.1743296245	-0.0119475076	-0.0516571089	-0.049876154	-0.0775939869	-0.0324353613	-0.0682430876	0.0732678191	0.0169022489	0.0200694811	-0.1058966202	0.1055873175	-0.1050724821	0.104353116	0.0	0.0	-0.1296529811668421	0.054539016792077	0.0168098955254495	0.0029745043526464	0.1323621608640905	0.0008874280868126	0.0175197416286113	7.87528609264034e-07	-0.3985497566452665	0.0002620515677165	0.1588419085220011	6.867102414268892e-08	0.0054166960236571	-0.0004322904030965	2.934059581270264e-05	1.8687499260942057e-07	0.0009939882454126	0.0016412552580937	9.880126320184191e-07	2.6937188222202176e-06	-0.0033312212773665	0.0015449464882273	2.3868596514861747e-06	1.1097035198779296e-05	0.0	0.0
68.79320599499104	-0.0140571737340877	0.0001976041333903	4732.505191069271	78.79853123287822	-0.1506184478138834	0.0226859168218635	6209.208524458884	72.10059375500461	-0.0268725255213695	5198.49561982421	0.0007221326278966	74.66080042532994	61.53427569255559	0.910928	25.298941	0.1448726447206866	0.0691007836805893	0.0335642973	0.0868959949	-0.0207742585	0.0066711393	0.0995269647	0.0376021361	-0.0176117973	0.1043502286	-0.0759711022	0.0548604255	-0.056709493	0.046167022	-0.0097347225	0.0493719745	0.0021018293	0.0738298652	0.1221861927	-0.0694899151	-0.0214957298	0.0091836202	-0.0704215821	-0.0300177825	0.0374940899	0.0146284997	0.0092994702	-0.1836337549	-0.056585682	0.0067496365	0.0458685629	0.0670955745	0.0830233324	-0.0168875464	-0.0157015158	-0.1324291733	0.0986637832	0.0804530228	-0.0992286066	-0.0925698921	-0.0886144328	-0.0654692173	0.0089547688	-0.118163551	-0.0498047808	0.1126904531	0.061780469	-0.0196493173	-0.0870953426	0.0883905064	0.11805735	0.0602497744	0.0336764015	-0.0926300738	-0.0614787764	-0.0451121028	0.0169409075	-0.0912908925	0.0108225107	0.1046352582	0.0324204722	0.1064743911	-0.0210145046	0.053926203	0.07581836	0.0208425385	0.0147121117	0.0916063737	-0.1423071704	0.1061966405	0.0036927197	0.0743913351	-0.0412433491	-0.0690028249	-0.006092803	0.0434312147	-0.1059846958	-0.0566537379	-0.0325202641	-0.0153928734	0.0240686177	-0.0869826499	-0.0145099774	-0.0570014136	0.0155114975	0.1014336674	-0.1097686257	0.0100474219	0.0693566903	0.0481609586	-0.0006277954	-0.066332878	-0.0962088822	0.0528561691	-0.0399505191	0.0031210286	-0.1428013296	0.093060055	-0.0244816756	0.0821987649	-0.0386819554	0.0317598761	0.0685121231	0.0052897124	-0.0340713012	-0.0736625252	0.0226607989	0.059574689	0.3318237888	0.0896029077	-0.1881676909	-0.086912355	-0.0617426078	-0.0724597221	-0.0196997167	0.0978615048	-0.0309668301	-0.123197133	0.1557152348	-0.1163988242	0.0095367209	-0.0940328543	-0.030152707	-0.0956529506	0.0395234806	-0.069474361	-0.0006694042	-0.0737577708	-0.1172597534	0.0809728637	0.1715987478	-0.0654056947	-0.0366838389	-0.0166879324	-0.0332464331	-0.0522384011	-0.1452760287	-0.0480752348	0.0397688695	-0.0627196992	0.0195906832	-0.0096898177	-0.0243817014	0.0505947818	0.0656448444	-0.0218104624	-0.0353183406	0.0165298028	0.0855985126	-0.0610665186	0.0023771442	0.0027450388	-0.0591446478	-0.0170301609	-0.0566542049	-0.085424428	0.0408438376	0.083923601	0.0161787405	0.0231001389	0.0594062672	-0.0007136166	-0.0637082407	0.0671063163	-0.1115150454	-0.0440168466	-0.0731458253	-0.0118436564	-0.1411727114	-0.0538627144	0.0614988437	0.0284061309	0.0252610238	-0.0790504317	-0.324723777	0.010704641	-0.0187296885	0.006557424	-0.127362123	-0.1334556728	0.0482259104	0.0568630431	-0.0091416597	-0.1476058264	0.0153191897	-0.1638003577	-0.1705801226	-0.1090829082	-0.0275521257	0.1954062946	0.0711083123	0.0392455735	-0.1059626437	0.1058512369	-0.1056656457	0.1054060001	0.0	0.0	-0.1677816948169379	-0.0381287136500957	0.028150697115644	0.001453798804611	0.1245624140560579	-0.0077997468080325	0.0155157949954728	6.083605026941466e-05	-0.4127425236751847	-0.0141927670299182	0.1703563908497604	0.0002014346359655	0.0055302540996584	0.0001135580760012	3.058371040678854e-05	1.2895436625116932e-08	0.0003302559386622	-0.0006637323067504	1.090689850216508e-07	4.405405750242071e-07	-0.0042489592392676	-0.000917737961901	8.422429667143842e-07	1.80536546169575e-05	0.0	0.0
68.79509848618457	0.00189249119353	3.581522917588896e-06	4732.765575723834	78.75452944844268	-0.0440017844355367	0.0019361570335114	6202.275908645625	72.15804328393499	0.0574495289303769	5206.783210566235	0.0033004483743222	74.65011612440523	61.60540904072107	0.859553	23.872124	0.1678277328032879	0.0743198250748551	0.02351664	0.0862982939	-0.0367393244	0.0007380571	0.0989312707	0.0231907496	-0.0206204073	0.1136685452	-0.035075455	-0.0324903012	-0.0909396283	0.0628645098	0.0482836385	0.0424538506	-0.0193661608	0.0395664819	0.1669110118	0.0021400933	0.0746807579	0.1702599298	-0.0185329033	0.1152838778	0.0353941613	-0.0283313214	0.0057558092	0.0675208268	0.0332594603	0.0793730089	-0.0160894695	0.0723839778	0.1208617996	0.0134469417	0.1352655185	-0.084167971	0.09593854	-0.0873559775	0.0613555007	0.0123858429	-0.0116854224	-0.0669699017	-0.0323677805	0.0244632415	0.1271652039	0.109926802	0.0975711557	0.070675111	-0.0164257582	0.0352495353	0.0708129422	0.0923296011	0.0198503652	-0.0843238562	0.0609091152	-0.1723069488	-0.0421490734	0.0336722734	0.0445587777	0.0647946561	-0.0028082849	-0.0095587333	-0.0794164282	0.0122387253	0.1089008228	-0.0491241613	-0.1000673224	0.028396758	0.0143803804	0.0206230185	-0.0402841229	-0.0401934193	-0.0191598898	-0.0910120793	0.0257304345	0.093533541	0.067471899	-0.0129683916	0.0278166351	-0.0766625456	0.1106666083	-0.0513318059	-0.041478977	0.1019028419	0.0042478555	0.0028480037	0.0432947103	0.0015657462	0.0101629325	-0.0625687584	-0.0361217119	0.0434916943	-0.0894132005	0.0171943545	-0.0483772718	0.0079467869	-0.0381123436	0.0763818145	-0.0379259053	0.0415985796	-0.0308983918	0.0368503267	0.0439952586	0.008675082	-0.043042456	-0.056782549	0.0158630422	0.077245738	0.2083321134	0.015636917	-0.1195450179	0.0169632953	-0.1155603987	-0.0032704481	-0.0672275802	0.0777262872	-0.0867939004	-0.1101374221	0.0592899817	0.0074716297	-0.0062056738	-0.021074477	0.0025876287	-0.0470106673	0.0313646023	0.0106568636	-0.0354071938	0.0681760674	-0.0799815898	-0.0030923808	-0.0064898985	0.0212521707	-0.0999193084	0.0039107798	0.0402813938	-0.0495385431	-0.1032739987	0.0732261217	0.0505409105	0.010432583	0.1606056613	-0.009603436	-0.0666813159	0.1229660311	0.1102616249	0.0321330572	0.0380510997	0.0028859516	0.0468228958	-0.007351792	0.0533650252	-0.0777828024	-0.0101382956	0.026328524	-0.1357274196	0.0235211103	0.0334699629	0.0146699892	-0.0667952227	-0.0082679861	-0.0829152896	-0.0269848782	0.0778599256	-0.0595776357	0.0103356058	-0.0658418707	-0.082439452	0.0916568005	-0.1171998461	-0.0795544256	0.0364719242	-0.0013876704	-0.0593748344	-0.0259124775	-0.2742718362	0.1054733508	-0.0130063121	-0.0493421688	-0.0286343454	-0.1121628839	0.1067489793	-0.0583436597	0.0575446465	-0.0833353593	-0.0387461848	-0.0617776732	0.0296065812	0.0881201305	-0.0162919855	0.020613754	0.0459605739	0.0879721701	-0.1059956606	0.1059832789	-0.1059626437	0.1059337567	0.0	0.0	-0.1421091811815813	0.0256725136353565	0.0201950193760995	0.0006590779563575	0.1433319975469942	0.0187695834909362	0.0205440615208115	0.0003522972644232	-0.3789946368880947	0.03374788678709	0.1436369347899387	0.0011389198625942	0.0057070764418732	0.0001768223422148	3.257072151338406e-05	3.126614070632784e-08	0.001169602730342	0.0008393467916798	1.3679705468234612e-06	7.045030367031736e-07	-0.0034723733953641	0.0007765858439034	6.030855729513109e-07	1.2057376996832408e-05	0.0	0.0
