#!ascii label  , from subject sub-v1s18x0051264_ses-1 vox2ras=TkReg
3161
41895  7.458  -8.804  61.955 0.2222220004
41894  7.800  -8.879  61.850 0.2222220004
42921  7.494  -8.202  62.466 0.2222220004
122979  7.132  -8.682  62.088 0.2222220004
41899  7.359  -9.444  61.497 0.2222220004
44053  8.959  -7.114  62.892 0.1111110002
44062  7.241  -7.070  62.915 0.2222220004
44061  7.985  -7.502  62.786 0.2222220004
42922  6.931  -8.112  62.448 0.2222220004
40891  6.822  -10.193  61.102 0.2222220004
108313  7.184  -6.682  62.657 0.2222220004
45212  8.004  -6.809  62.743 0.1111110002
46292  6.779  -6.452  62.271 0.1111110002
45213  6.706  -6.714  62.601 0.1111110002
111377  7.249  -7.662  62.736 0.2222220004
112960  5.756  -6.057  61.780 0.1111110002
44063  6.721  -7.328  62.648 0.1111110002
45218  5.145  -5.860  61.452 0.2222220004
44064  5.945  -6.807  62.120 0.1111110002
44072  5.419  -7.658  61.626 0.2222220004
42923  6.247  -7.866  62.096 0.2222220004
42926  6.583  -8.741  61.927 0.2222220004
42927  5.783  -8.571  61.627 0.2222220004
41900  6.862  -9.410  61.619 0.2222220004
46297  9.569  -6.089  61.277 0.1111110002
109369  8.759  -6.086  61.818 0.1111110002
46291  7.449  -6.428  62.384 0.1111110002
46299  6.891  -5.924  61.732 0.1111110002
46300  6.161  -5.811  61.619 0.1111110002
46302  4.847  -5.153  60.945 0.3333329856
46301  5.476  -5.374  61.252 0.2222220004
45221  4.579  -5.934  60.850 0.3333329856
116044  5.010  -6.695  61.424 0.3333329856
116403  4.352  -6.820  60.565 0.4444440007
44073  4.689  -7.632  60.969 0.3333329856
42935  4.499  -8.586  60.597 0.4444440007
41902  5.273  -9.190  61.203 0.4444440007
41901  6.134  -9.451  61.514 0.2222220004
117806  6.389  -10.039  61.239 0.2222220004
41910  4.106  -9.098  60.017 0.4444440007
41909  4.784  -9.753  60.530 0.3333329856
41908  5.700  -10.083  61.105 0.2222220004
40897  5.468  -10.608  60.505 0.2222220004
40892  6.169  -10.632  60.787 0.2222220004
39868  5.764  -11.030  60.299 0.2222220004
46298  7.863  -5.391  60.966 0.1111110002
105806  6.580  -4.122  60.734 0.1111110002
47368  7.041  -5.177  61.064 0.1111110002
47369  6.319  -5.052  61.083 0.1111110002
47370  5.757  -4.785  60.969 0.1111110002
47375  4.651  -4.419  60.366 0.3333329856
47381  4.212  -5.036  59.557 0.4444440007
45222  4.046  -6.069  60.148 0.3333329856
45225  4.007  -6.317  59.428 0.4444440007
44078  4.100  -7.653  60.207 0.4444440007
42936  3.913  -8.350  59.798 0.4444440007
41917  4.179  -9.741  59.660 0.4444440007
47374  7.430  -4.185  60.518 0.1111110002
54031  13.590  1.124  59.598 0.4444440007
54032  12.858  0.902  59.800 0.3333329856
48472  6.224  -3.340  60.649 0.1111110002
54022  12.301  0.634  59.852 0.2222220004
51771  12.153  0.097  60.149 0.2222220004
117043  6.031  -4.136  60.808 0.2222220004
48477  5.931  -2.925  60.473 0.2222220004
118480  5.099  -3.783  60.450 0.2222220004
47380  4.433  -4.322  59.864 0.3333329856
48479  4.847  -3.626  60.093 0.3333329856
45228  4.520  -6.119  58.487 0.6666669846
46325  4.292  -5.458  58.984 0.5555559993
44098  4.291  -7.555  57.922 0.6666669846
44092  3.986  -7.691  58.478 0.6666669846
44079  3.864  -7.638  59.512 0.4444440007
111956  3.764  -8.459  58.571 0.5555559993
42939  3.735  -8.193  59.174 0.4444440007
40903  4.764  -10.489  59.992 0.3333329856
39877  4.501  -11.193  58.830 0.4444440007
38933  4.493  -12.791  57.967 0.2222220004
38944  5.623  -13.115  57.676 0.2222220004
118286  11.047  0.466  59.527 0.3333329856
47373  8.200  -4.796  60.177 0.1111110002
52898  11.036  0.122  60.161 0.2222220004
52903  10.681  0.256  59.995 0.2222220004
48471  6.941  -3.140  60.648 0.1111110002
48476  7.780  -2.814  60.528 0.1111110002
54039  12.181  0.885  59.728 0.3333329856
51772  11.375  -0.082  60.241 0.2222220004
49548  6.579  -2.532  60.509 0.1111110002
54038  12.810  1.126  59.295 0.4444440007
52897  11.832  0.252  60.053 0.2222220004
51784  11.703  -0.258  60.220 0.2222220004
50646  10.946  -0.509  60.308 0.1111110002
50651  6.117  -2.028  60.065 0.2222220004
49553  6.004  -2.411  60.251 0.1111110002
54049  13.065  1.103  58.470 0.4444440007
123477  12.206  1.027  59.266 0.3333329856
50656  12.158  -0.888  59.658 0.2222220004
48482  5.170  -2.981  59.857 0.2222220004
107868  5.350  -4.234  58.758 0.5555559993
46333  5.843  -5.517  57.847 0.6666669846
46324  5.070  -5.239  58.447 0.5555559993
45235  4.234  -6.909  58.486 0.5555559993
42954  4.549  -8.309  57.322 0.5555559993
106603  3.734  -9.169  58.077 0.5555559993
112995  3.857  -10.505  57.459 0.4444440007
39883  4.014  -11.458  58.068 0.4444440007
38934  4.048  -12.280  57.762 0.3333329856
48474  8.706  -2.978  60.248 0.1111110002
49547  7.318  -2.274  60.572 0.1111110002
51773  10.494  -0.306  60.281 0.2222220004
51774  9.705  -0.311  60.210 0.2222220004
123447  7.866  -2.075  60.581 0.1111110002
52902  11.522  0.523  59.898 0.3333329856
51795  10.662  -0.505  57.968 0.4444440007
113893  8.986  -1.193  60.608 0.1111110002
51776  7.064  -1.438  60.043 0.3333329856
49557  6.100  -2.006  59.802 0.4444440007
54037  13.624  1.339  59.010 0.4444440007
52911  12.957  0.796  57.702 0.5555559993
52923  12.093  -0.000  57.096 0.4444440007
52912  11.845  0.379  58.065 0.4444440007
118898  6.143  -2.999  58.829 0.3333329856
52921  13.642  0.431  56.511 0.5555559993
51802  12.442  -0.398  56.281 0.4444440007
51803  11.727  -0.713  56.639 0.4444440007
47385  6.313  -3.815  58.310 0.5555559993
54065  14.053  0.904  57.015 0.5555559993
52936  14.080  0.275  55.829 0.6666669846
51813  13.261  -0.505  55.187 0.4444440007
51829  12.983  -0.996  54.756 0.5555559993
50702  12.373  -1.361  55.080 0.5555559993
49628  12.640  -2.405  53.551 0.5555559993
47392  6.851  -4.554  57.633 0.5555559993
46332  6.544  -5.325  57.500 0.6666669846
52954  14.672  0.102  55.127 0.6666669846
52955  13.811  -0.173  55.205 0.6666669846
50715  13.452  -1.213  54.027 0.6666669846
50716  12.714  -1.706  54.285 0.5555559993
49642  12.849  -2.814  52.660 0.6666669846
45232  6.114  -6.137  57.338 0.5555559993
49627  13.333  -2.172  52.963 0.6666669846
44097  4.991  -7.377  57.355 0.5555559993
106997  4.539  -9.244  56.883 0.5555559993
42955  3.931  -9.164  57.647 0.6666669846
41930  3.788  -9.893  57.726 0.5555559993
40922  3.719  -11.422  56.999 0.5555559993
40921  3.685  -11.080  57.741 0.4444440007
38945  3.737  -12.417  57.016 0.5555559993
39892  3.809  -11.682  57.271 0.4444440007
118336  10.341  0.075  59.242 0.2222220004
52904  9.894  0.032  60.046 0.3333329856
51790  9.502  -0.312  59.470 0.2222220004
51785  9.092  -0.302  60.135 0.2222220004
107119  8.816  -0.756  60.388 0.2222220004
124268  7.764  -0.965  59.700 0.4444440007
49564  7.182  -2.180  58.676 0.5555559993
51796  9.909  -0.740  58.360 0.4444440007
50673  8.255  -1.090  59.088 0.4444440007
50674  7.541  -1.470  59.241 0.4444440007
48486  6.845  -2.978  58.351 0.5555559993
51804  10.963  -0.937  56.976 0.5555559993
50694  10.665  -1.704  56.636 0.4444440007
52920  14.315  0.612  56.415 0.5555559993
50703  11.709  -1.827  55.420 0.5555559993
109311  15.008  0.589  56.002 0.6666669846
105788  14.162  -0.358  54.675 0.5555559993
51828  13.618  -0.679  54.659 0.5555559993
50732  13.172  -1.813  53.617 0.6666669846
49612  12.231  -2.273  54.251 0.5555559993
122292  6.665  -6.470  56.732 0.5555559993
51843  14.695  -0.752  53.569 0.5555559993
50747  13.987  -1.857  52.574 0.5555559993
44103  5.453  -7.965  56.760 0.5555559993
42953  5.215  -8.731  56.561 0.5555559993
41943  4.065  -9.856  57.119 0.5555559993
41942  4.748  -10.023  56.289 0.5555559993
125123  3.789  -10.355  57.470 0.6666669846
50672  9.105  -0.929  58.671 0.2222220004
51791  8.798  -0.573  59.612 0.2222220004
50686  10.295  -1.272  57.415 0.4444440007
49577  7.646  -2.770  57.916 0.5555559993
49599  11.265  -2.428  55.338 0.4444440007
50704  10.987  -2.076  55.897 0.5555559993
50695  9.933  -1.964  56.970 0.4444440007
50687  9.548  -1.499  57.748 0.4444440007
49575  9.203  -2.239  57.309 0.4444440007
52935  15.489  0.401  55.367 0.5555559993
49613  11.692  -2.493  54.735 0.4444440007
49589  9.618  -2.692  56.652 0.4444440007
52953  15.526  0.105  54.586 0.6666669846
49614  11.145  -2.882  54.995 0.4444440007
49600  10.684  -2.830  55.570 0.4444440007
47398  7.813  -4.780  56.719 0.5555559993
108751  6.933  -5.791  56.930 0.5555559993
51854  15.061  -0.991  52.795 0.5555559993
50731  13.723  -1.585  53.298 0.6666669846
46331  7.221  -5.080  57.099 0.5555559993
50746  14.685  -1.566  52.351 0.6666669846
49641  13.570  -2.531  52.076 0.6666669846
49629  11.928  -2.857  53.943 0.5555559993
48556  12.979  -3.100  51.958 0.6666669846
48539  12.184  -3.192  53.155 0.6666669846
48540  11.516  -3.589  53.639 0.6666669846
55162  17.023  1.635  56.977 0.4444440007
49563  7.952  -1.933  58.356 0.5555559993
47390  7.962  -4.063  56.965 0.5555559993
54062  16.500  1.157  56.433 0.5555559993
54083  16.712  1.000  55.655 0.5555559993
114604  8.170  -3.314  57.290 0.4444440007
123198  7.347  -3.732  57.656 0.4444440007
54084  15.959  0.735  55.897 0.5555559993
49588  10.343  -2.417  56.318 0.4444440007
49576  8.438  -2.500  57.607 0.4444440007
49601  9.962  -3.073  55.993 0.4444440007
48497  8.621  -3.701  56.651 0.4444440007
51842  15.507  -0.542  53.302 0.5555559993
51826  15.259  -0.278  53.899 0.7777780294
48523  11.327  -3.238  54.414 0.5555559993
48496  9.313  -3.392  56.353 0.4444440007
50763  14.970  -1.776  51.747 0.6666669846
48509  9.672  -3.744  55.716 0.5555559993
47396  9.030  -4.067  56.052 0.4444440007
45240  5.945  -7.091  56.858 0.5555559993
49640  14.358  -2.098  51.835 0.6666669846
48571  13.384  -3.113  51.340 0.6666669846
47397  8.413  -4.425  56.388 0.5555559993
119389  5.796  -8.460  56.220 0.5555559993
41941  5.155  -9.390  56.229 0.5555559993
49657  14.088  -2.663  51.230 0.6666669846
48585  13.765  -3.191  50.576 0.6666669846
48557  12.341  -3.539  52.258 0.6666669846
55161  17.788  1.925  56.663 0.4444440007
54061  17.264  1.425  56.143 0.5555559993
54103  16.936  0.791  54.930 0.5555559993
52952  16.418  0.329  54.406 0.6666669846
52969  15.940  -0.099  53.828 0.6666669846
116303  15.849  -0.816  52.615 0.5555559993
48508  10.249  -3.449  55.452 0.5555559993
50745  15.415  -1.332  52.139 0.6666669846
48524  10.733  -3.430  54.937 0.5555559993
111856  15.170  -2.609  50.323 0.6666669846
49656  14.886  -2.226  51.062 0.6666669846
48541  10.799  -4.009  54.192 0.5555559993
47408  9.393  -4.393  55.428 0.5555559993
49671  14.502  -2.840  50.438 0.6666669846
48572  12.718  -3.597  51.432 0.6666669846
48586  13.084  -3.651  50.703 0.6666669846
108095  13.405  -3.716  49.938 0.6666669846
54082  17.442  1.230  55.387 0.6666669846
54102  17.614  1.090  54.672 0.6666669846
52951  17.161  0.622  54.175 0.6666669846
51841  16.239  -0.305  53.110 0.5555559993
51853  16.609  -0.630  52.481 0.5555559993
120459  16.991  -1.176  51.475 0.5555559993
51864  16.279  -1.168  51.872 0.6666669846
50762  15.628  -1.747  51.416 0.6666669846
50761  16.557  -1.682  50.983 0.6666669846
47407  10.088  -4.051  54.973 0.5555559993
49670  15.721  -2.168  50.620 0.6666669846
47454  11.762  -4.118  52.146 0.6666669846
47455  11.237  -4.474  52.456 0.6666669846
105725  15.748  -2.632  49.816 0.6666669846
49687  14.945  -2.993  49.591 0.6666669846
48584  14.105  -3.311  49.772 0.6666669846
47480  12.442  -4.109  50.799 0.6666669846
47469  11.437  -4.577  51.670 0.6666669846
48596  15.033  -3.175  48.793 0.6666669846
48597  14.401  -3.428  48.980 0.6666669846
51852  17.322  -0.403  52.280 0.5555559993
123210  16.971  -0.850  51.953 0.5555559993
50760  17.490  -1.343  50.917 0.6666669846
50776  17.279  -1.867  50.297 0.6666669846
104591  16.480  -2.623  49.214 0.6666669846
49686  15.648  -2.954  49.023 0.6666669846
47487  12.969  -4.151  49.304 0.6666669846
48609  15.463  -3.130  48.196 0.6666669846
48598  13.685  -3.789  49.143 0.5555559993
54126  18.740  1.137  52.716 0.7777780294
53000  18.009  -0.135  51.985 0.5555559993
51876  18.278  -0.939  50.860 0.5555559993
49685  17.099  -2.236  49.684 0.6666669846
49684  17.362  -2.378  49.043 0.6666669846
118962  16.107  -2.893  48.510 0.5555559993
48611  13.913  -3.770  48.299 0.5555559993
49701  16.118  -2.949  47.817 0.5555559993
123775  19.075  1.696  52.992 0.7777780294
54135  18.944  0.916  51.939 0.6666669846
54125  19.261  1.581  52.316 0.7777780294
51862  18.338  -0.422  51.393 0.5555559993
50790  18.568  -1.730  49.517 0.6666669846
50805  18.150  -2.149  48.922 0.5555559993
49699  17.681  -2.431  48.413 0.5555559993
49700  16.861  -2.703  48.304 0.6666669846
48618  15.584  -3.130  47.466 0.4444440007
52998  19.264  0.596  51.208 0.6666669846
51875  19.454  -0.412  50.148 0.6666669846
51892  19.707  -0.819  49.477 0.7777780294
51893  18.967  -1.091  50.101 0.6666669846
49712  16.788  -2.841  47.378 0.5555559993
104256  18.175  -2.588  47.124 0.4444440007
49713  16.058  -3.002  46.996 0.4444440007
55231  19.968  1.988  51.146 0.6666669846
54146  19.778  1.194  50.763 0.6666669846
53027  19.915  0.013  49.750 0.6666669846
51891  20.178  -0.282  49.130 0.7777780294
51907  20.140  -0.931  48.682 0.7777780294
50803  19.640  -1.598  48.541 0.6666669846
50818  19.761  -1.859  47.698 0.6666669846
50804  18.916  -1.924  48.759 0.6666669846
49710  19.102  -2.316  47.222 0.5555559993
49729  16.836  -2.945  46.407 0.3333329856
49727  18.616  -2.641  46.386 0.5555559993
58448  26.864  4.648  52.009 0.5555559993
106488  26.976  3.913  50.497 0.7777780294
57387  26.300  4.028  50.716 0.8888890147
57400  27.370  3.795  49.914 0.7777780294
57401  26.565  3.808  49.931 0.8888890147
57402  25.721  3.897  49.975 0.8888890147
56346  26.396  3.641  48.460 0.8888890147
57412  26.104  3.770  49.276 0.8888890147
120113  25.036  3.980  49.451 0.7777780294
57403  24.447  4.083  49.967 0.7777780294
57413  25.494  3.828  48.698 0.8888890147
57422  24.938  3.907  47.882 0.7777780294
123069  24.330  4.045  49.279 0.7777780294
107324  23.051  4.102  49.847 0.7777780294
57414  24.612  3.996  48.650 0.7777780294
57424  23.507  3.848  48.066 0.7777780294
56348  22.380  3.488  48.543 0.7777780294
56319  21.622  3.626  50.241 0.7777780294
55216  20.253  2.586  51.645 0.7777780294
57416  23.049  3.821  48.569 0.7777780294
57405  22.603  3.866  49.219 0.7777780294
56334  21.861  3.498  49.303 0.7777780294
110147  20.772  2.634  50.175 0.7777780294
55246  21.368  2.831  48.991 0.7777780294
54145  20.299  1.932  50.226 0.6666669846
54158  20.595  1.501  49.369 0.6666669846
50817  20.350  -1.462  47.323 0.7777780294
50802  20.124  -1.377  48.043 0.6666669846
50832  19.905  -2.026  46.833 0.7777780294
57366  29.348  4.270  51.239 0.5555559993
57385  28.620  4.086  50.765 0.5555559993
57367  28.038  4.319  51.455 0.6666669846
116990  28.199  3.839  49.959 0.5555559993
114789  27.864  3.585  49.032 0.7777780294
56345  27.253  3.495  48.324 0.8888890147
56333  26.928  3.660  49.161 0.8888890147
56358  27.638  3.272  47.568 0.8888890147
56359  26.715  3.408  47.526 0.8888890147
56360  25.250  3.629  47.161 0.7777780294
56372  26.488  3.206  46.628 0.8888890147
124648  26.002  3.458  47.118 0.7777780294
121727  25.644  3.316  46.504 0.7777780294
56361  24.437  3.748  47.237 0.7777780294
57423  24.147  4.002  47.954 0.7777780294
56383  26.137  3.028  45.858 0.7777780294
56373  24.767  3.451  46.511 0.6666669846
116714  24.278  3.217  45.867 0.6666669846
56362  23.686  3.677  47.410 0.7777780294
55297  27.552  2.327  45.485 0.7777780294
55298  26.689  2.459  45.362 0.7777780294
56384  25.164  3.125  45.727 0.7777780294
118349  22.474  3.041  47.071 0.7777780294
56349  21.831  3.152  48.552 0.7777780294
55261  21.030  2.088  48.756 0.6666669846
55310  26.336  2.153  44.689 0.7777780294
55300  25.033  2.811  45.048 0.7777780294
106558  23.201  3.269  46.880 0.6666669846
56364  21.890  2.715  47.221 0.8888890147
54170  21.186  1.868  48.090 0.7777780294
120370  24.542  2.986  45.254 0.7777780294
56375  23.398  3.049  45.965 0.7777780294
56376  22.753  2.933  46.378 0.7777780294
55288  22.225  2.658  46.309 0.7777780294
55275  21.455  2.080  47.417 0.8888890147
54171  20.849  1.117  48.504 0.6666669846
54251  27.188  0.830  42.885 0.7777780294
54238  26.574  1.287  43.491 0.7777780294
54228  25.984  1.840  44.029 0.7777780294
103816  23.632  2.425  44.096 0.7777780294
55301  23.148  2.723  45.124 0.7777780294
55302  22.694  2.689  45.691 0.7777780294
54185  20.934  0.563  47.900 0.7777780294
54252  26.286  1.016  42.760 0.6666669846
54239  25.629  1.494  43.358 0.6666669846
55320  24.096  2.199  43.704 0.7777780294
55321  23.463  2.103  43.586 0.6666669846
51930  20.891  -0.786  46.925 0.7777780294
110216  20.898  -0.113  47.568 0.7777780294
53108  26.910  0.501  42.151 0.5555559993
54253  25.360  1.277  42.607 0.5555559993
54254  24.469  1.553  42.383 0.5555559993
55331  23.892  1.838  42.976 0.6666669846
53109  26.038  0.769  41.983 0.5555559993
57365  30.582  4.316  51.787 0.4444440007
56317  30.296  3.809  50.226 0.4444440007
57384  29.488  3.987  50.438 0.5555559993
57399  28.948  3.887  49.970 0.5555559993
56318  29.672  3.634  49.519 0.4444440007
56332  28.770  3.622  49.232 0.5555559993
56344  28.592  3.381  48.412 0.7777780294
55274  28.141  2.975  46.915 0.7777780294
56371  27.327  3.109  46.784 0.8888890147
55286  27.839  2.642  46.198 0.8888890147
54213  28.072  1.870  44.954 0.8888890147
55309  27.260  2.011  44.800 0.7777780294
54226  27.778  1.470  44.315 0.8888890147
54227  26.924  1.609  44.176 0.8888890147
53093  28.035  0.742  43.005 0.7777780294
54237  27.486  1.162  43.606 0.7777780294
53107  27.757  0.408  42.272 0.8888890147
53126  28.303  0.044  41.679 0.8888890147
53127  27.510  0.130  41.539 0.8888890147
53128  26.685  0.299  41.377 0.5555559993
53129  25.798  0.616  41.187 0.5555559993
54266  25.128  1.177  41.784 0.5555559993
54267  24.285  1.539  41.543 0.5555559993
51973  28.042  -0.259  40.988 0.5555559993
53145  27.286  -0.100  40.820 0.5555559993
53146  26.487  0.147  40.596 0.5555559993
53147  25.613  0.585  40.343 0.5555559993
54284  24.926  1.183  40.949 0.5555559993
53164  26.320  0.043  39.755 0.4444440007
53165  25.425  0.629  39.383 0.4444440007
58443  31.810  4.643  52.857 0.2222220004
57383  30.841  3.932  50.966 0.4444440007
56316  31.103  3.619  50.119 0.4444440007
56331  30.601  3.449  49.461 0.4444440007
55244  32.188  2.815  49.365 0.5555559993
55258  31.650  2.701  48.556 0.5555559993
55245  31.396  3.195  49.379 0.4444440007
56342  30.942  3.137  48.837 0.4444440007
104836  30.215  3.263  48.724 0.5555559993
55257  32.623  2.224  48.712 0.5555559993
55259  30.756  2.875  48.161 0.6666669846
105054  29.394  3.349  48.591 0.6666669846
55270  31.327  2.426  47.641 0.6666669846
55271  30.482  2.611  47.427 0.7777780294
56343  29.958  3.032  47.959 0.6666669846
56356  29.174  3.127  47.800 0.7777780294
56357  28.413  3.192  47.648 0.7777780294
55282  31.014  2.245  46.862 0.7777780294
55272  29.700  2.756  47.242 0.7777780294
55283  30.202  2.377  46.710 0.7777780294
55284  29.420  2.475  46.526 0.8888890147
55295  29.131  2.157  45.805 0.8888890147
54197  30.675  1.997  46.189 0.8888890147
54210  30.404  1.652  45.539 0.7777780294
54212  28.848  1.792  45.118 0.8888890147
54224  29.374  1.408  44.595 0.7777780294
54225  28.580  1.443  44.436 0.7777780294
53080  29.960  1.051  44.024 0.7777780294
54235  29.137  1.102  43.853 0.8888890147
53091  29.734  0.679  43.261 0.7777780294
53092  28.882  0.729  43.101 0.8888890147
53104  30.406  0.299  42.691 0.8888890147
53124  30.351  0.016  41.880 0.8888890147
53125  29.630  -0.110  41.538 0.7777780294
115877  28.990  0.041  41.810 0.8888890147
120837  29.689  -0.353  40.926 0.6666669846
51986  30.247  -0.423  40.416 0.4444440007
51987  29.326  -0.499  40.346 0.6666669846
51989  27.780  -0.403  40.339 0.5555559993
51990  27.132  -0.324  40.047 0.4444440007
116833  29.738  -0.576  39.612 0.3333329856
52006  28.857  -0.624  39.580 0.4444440007
52008  26.994  -0.426  39.164 0.4444440007
52009  26.229  -0.044  38.882 0.4444440007
58426  32.286  4.724  53.396 0.2222220004
57364  31.474  4.192  51.861 0.3333329856
58442  32.686  4.553  52.838 0.3333329856
57382  31.600  3.706  50.899 0.4444440007
56315  32.306  3.463  50.898 0.3333329856
106502  33.053  2.369  49.499 0.6666669846
56330  32.635  2.984  50.162 0.4444440007
105617  31.860  3.314  50.088 0.4444440007
55269  32.270  2.132  47.871 0.6666669846
54196  31.472  1.771  46.307 0.7777780294
116920  31.058  1.613  45.763 0.7777780294
54209  31.742  1.345  45.657 0.7777780294
53078  31.626  0.796  44.407 0.7777780294
54222  31.086  1.278  45.056 0.7777780294
109882  32.174  0.426  43.974 0.8888890147
53079  30.816  0.977  44.206 0.7777780294
105140  32.067  0.042  42.161 0.8888890147
120430  31.094  0.264  42.955 0.7777780294
53123  31.850  0.005  41.401 0.8888890147
103754  31.230  0.048  42.174 0.8888890147
104777  31.846  -0.010  40.512 0.8888890147
51970  30.989  -0.126  41.384 0.8888890147
51971  30.294  -0.236  41.163 0.7777780294
53144  31.664  -0.136  39.555 0.8888890147
123163  30.803  -0.264  40.834 0.6666669846
52027  31.070  -0.410  38.788 0.4444440007
52004  30.675  -0.447  39.603 0.5555559993
109701  34.008  4.239  52.481 0.2222220004
56301  33.575  3.725  51.850 0.5555559993
108858  33.121  3.313  50.996 0.3333329856
57362  33.112  4.213  52.370 0.3333329856
55256  33.488  1.798  48.865 0.7777780294
54180  34.693  1.212  47.601 0.6666669846
54181  33.804  1.188  47.555 0.7777780294
54193  34.791  0.944  46.706 0.8888890147
123582  34.283  1.029  47.148 0.7777780294
54194  33.730  0.987  46.715 0.7777780294
54182  32.886  1.534  47.267 0.8888890147
54207  34.986  0.774  45.856 0.8888890147
53051  34.299  0.701  46.082 0.8888890147
54208  33.450  0.803  45.780 0.7777780294
53075  34.737  0.685  44.538 0.8888890147
53063  34.292  0.559  45.259 0.8888890147
53064  33.324  0.567  44.879 0.8888890147
53065  32.569  0.995  45.377 0.7777780294
53076  33.953  0.388  44.286 0.8888890147
53077  33.006  0.290  43.945 0.8888890147
116688  32.418  0.642  44.606 0.7777780294
119676  33.032  0.139  43.156 0.8888890147
53102  32.585  0.100  42.630 0.8888890147
53101  33.370  0.360  42.472 0.8888890147
53122  32.661  0.188  41.864 0.8888890147
53121  33.249  0.619  41.574 0.8888890147
108853  32.619  0.418  40.930 0.8888890147
53143  32.457  0.369  39.953 0.8888890147
53163  32.478  0.288  39.038 0.6666669846
56312  35.799  3.277  50.786 0.3333329856
57361  35.162  4.440  52.553 0.4444440007
56314  34.077  3.078  51.165 0.5555559993
56313  35.050  3.038  51.116 0.4444440007
55243  34.008  1.924  49.637 0.6666669846
54155  35.272  1.925  49.005 0.6666669846
54157  34.172  1.602  48.884 0.7777780294
54167  34.832  1.512  48.456 0.6666669846
54220  35.401  1.228  44.678 0.8888890147
54221  35.060  1.051  43.955 0.8888890147
53086  34.477  0.666  43.674 0.8888890147
54249  34.394  1.553  42.279 0.8888890147
53100  34.183  0.772  42.799 0.8888890147
53087  33.703  0.343  43.379 0.8888890147
54265  33.632  1.143  41.280 0.8888890147
54264  34.144  1.699  41.334 0.8888890147
54282  34.331  1.937  40.503 0.8888890147
54283  33.753  1.392  40.554 0.7777780294
53142  33.140  0.840  40.264 0.7777780294
107153  34.279  1.751  39.703 0.7777780294
54312  33.871  1.235  38.920 0.7777780294
53162  33.137  0.750  39.409 0.7777780294
56299  35.606  3.887  51.616 0.3333329856
55240  36.151  2.916  49.538 0.5555559993
54179  35.481  1.852  48.355 0.7777780294
107099  35.532  1.337  46.251 0.8888890147
122774  35.681  1.584  45.111 0.8888890147
55318  35.157  2.203  43.212 0.8888890147
55308  35.725  2.111  44.616 0.8888890147
54233  35.362  1.722  43.861 0.8888890147
55329  35.139  3.046  42.849 0.8888890147
55330  34.856  2.231  42.562 0.8888890147
113843  34.912  2.859  42.128 0.8888890147
120378  34.627  2.301  41.780 0.8888890147
55339  35.014  2.948  41.368 0.8888890147
55340  34.665  2.385  40.914 0.8888890147
55353  34.829  2.333  40.065 0.8888890147
55362  34.930  2.221  39.277 0.8888890147
56298  36.372  4.156  51.311 0.3333329856
56311  36.369  3.558  50.318 0.3333329856
55255  35.873  2.419  48.764 0.7777780294
56370  35.956  3.192  46.629 0.7777780294
56355  36.057  2.967  47.402 0.8888890147
56391  35.635  3.213  44.400 1.0000000000
109395  35.818  2.759  45.148 1.0000000000
55294  35.870  1.940  45.605 0.8888890147
55317  35.440  2.653  43.726 0.8888890147
56398  35.398  3.650  43.549 1.0000000000
110284  35.487  3.569  40.973 1.0000000000
55352  35.229  2.886  40.502 0.8888890147
56422  35.817  3.371  40.156 0.8888890147
55361  35.462  2.791  39.595 0.8888890147
56341  36.501  3.660  48.802 0.5555559993
56329  36.530  3.559  49.554 0.3333329856
57430  35.849  3.989  46.112 0.7777780294
57443  35.547  4.394  44.290 0.7777780294
105700  35.750  3.708  45.184 0.7777780294
57452  35.446  4.538  43.290 1.0000000000
124985  35.448  4.156  42.129 1.0000000000
56413  35.206  3.609  41.940 1.0000000000
56421  36.159  4.009  40.568 1.0000000000
105536  36.374  3.743  39.916 1.0000000000
56435  36.136  3.362  39.423 1.0000000000
56450  35.826  2.951  38.878 0.8888890147
56434  36.781  3.906  39.375 1.0000000000
57398  36.865  4.359  49.505 0.3333329856
109448  36.850  4.126  50.178 0.3333329856
114090  36.294  3.846  47.955 0.5555559993
56369  36.042  4.029  47.038 0.7777780294
58505  35.589  5.251  43.752 0.8888890147
57451  35.749  5.273  42.864 1.0000000000
57458  35.593  4.625  42.387 1.0000000000
57471  35.786  4.334  41.502 1.0000000000
57470  36.735  4.778  40.873 1.0000000000
57482  36.882  4.222  40.086 1.0000000000
57496  37.476  4.502  39.483 1.0000000000
56449  37.167  4.163  38.722 1.0000000000
57380  37.472  4.907  50.411 0.3333329856
57421  36.312  5.080  47.619 0.5555559993
57411  36.627  4.670  48.615 0.4444440007
57436  35.757  4.915  45.363 0.6666669846
57429  35.977  5.009  46.534 0.6666669846
58495  35.661  5.305  44.505 0.6666669846
57457  36.203  5.272  41.911 1.0000000000
109485  37.389  4.709  40.207 1.0000000000
58553  37.939  5.045  39.905 1.0000000000
57495  38.043  5.015  39.264 1.0000000000
57526  37.417  4.511  37.949 1.0000000000
58464  37.911  5.837  49.926 0.3333329856
58465  37.198  5.311  49.342 0.3333329856
58472  36.863  5.673  48.435 0.4444440007
58476  36.369  5.859  47.015 0.5555559993
58486  35.884  5.890  45.019 0.6666669846
59570  36.501  6.311  42.925 0.8888890147
58494  35.818  5.938  44.153 0.7777780294
118446  36.195  5.792  42.613 0.8888890147
57469  37.113  5.599  41.355 0.8888890147
58541  37.626  5.228  40.606 1.0000000000
58552  38.527  5.438  39.523 1.0000000000
58566  38.412  5.396  38.698 1.0000000000
58567  37.944  5.089  38.148 1.0000000000
58578  38.299  5.659  37.881 1.0000000000
59637  38.476  6.379  37.599 1.0000000000
58471  37.456  6.272  49.047 0.4444440007
59487  37.133  6.457  48.346 0.4444440007
59486  37.587  6.883  48.814 0.2222220004
59496  36.887  6.530  47.571 0.3333329856
59508  36.657  6.614  46.590 0.4444440007
58481  36.111  5.841  46.008 0.5555559993
59537  36.259  6.543  44.631 0.6666669846
59555  36.893  6.898  43.304 0.8888890147
59556  36.295  6.468  43.748 0.7777780294
58516  36.716  6.050  42.118 0.8888890147
59584  37.538  6.269  41.740 0.8888890147
58528  37.981  5.872  41.006 0.8888890147
59609  39.039  5.982  39.100 1.0000000000
59622  38.816  6.149  38.328 1.0000000000
59654  38.139  6.708  36.903 0.8888890147
114215  36.826  7.238  45.240 0.5555559993
60623  36.776  7.061  46.039 0.6666669846
59536  36.748  7.097  44.178 0.7777780294
59569  37.184  6.620  42.502 0.8888890147
59583  38.405  6.505  41.417 0.8888890147
59595  38.797  6.162  40.666 0.8888890147
58540  38.374  5.556  40.274 0.8888890147
58539  39.056  5.938  39.896 0.8888890147
60742  38.231  7.457  36.897 1.0000000000
121970  38.515  7.002  37.373 0.8888890147
60743  37.785  7.170  36.159 0.8888890147
114754  37.556  7.982  35.822 1.0000000000
60641  37.323  7.737  44.600 0.6666669846
60677  37.627  7.229  42.905 0.8888890147
59568  37.970  6.908  42.130 0.8888890147
59594  39.518  6.588  40.248 0.8888890147
59608  39.493  6.473  39.514 0.8888890147
59621  39.457  6.819  38.718 1.0000000000
60728  38.861  6.904  37.983 1.0000000000
61749  38.196  8.410  37.069 1.0000000000
119977  37.913  7.911  36.435 1.0000000000
61765  37.149  8.141  35.164 0.8888890147
60640  37.868  8.150  44.095 0.7777780294
60676  38.434  7.548  42.571 0.8888890147
59582  39.252  6.828  41.069 0.8888890147
108179  39.956  7.227  39.586 0.8888890147
60727  39.132  7.618  38.219 0.8888890147
113849  38.255  9.243  37.491 1.0000000000
61750  37.671  8.699  36.338 1.0000000000
61766  36.678  8.448  34.555 1.0000000000
62670  35.633  9.112  33.207 0.7777780294
60675  39.235  7.863  42.197 0.7777780294
60692  39.678  7.499  41.431 0.8888890147
60706  39.964  7.272  40.581 0.8888890147
60717  40.181  8.030  39.377 0.8888890147
111065  39.706  7.855  38.791 0.8888890147
61737  38.749  8.496  37.905 1.0000000000
62650  37.770  9.614  36.896 1.0000000000
64444  37.505  10.494  34.679 1.0000000000
62651  37.662  10.374  36.426 1.0000000000
63537  36.990  10.261  34.588 1.0000000000
116534  37.489  10.308  35.804 1.0000000000
62658  37.098  9.833  35.282 1.0000000000
63546  37.076  10.399  33.981 1.0000000000
61758  37.282  8.850  35.640 1.0000000000
111953  36.762  10.207  33.310 1.0000000000
63538  36.557  10.039  33.830 1.0000000000
119574  36.599  9.492  34.399 1.0000000000
61759  36.895  8.977  35.045 1.0000000000
63565  36.776  9.949  32.091 1.0000000000
63547  36.204  9.870  33.144 1.0000000000
63555  36.430  9.978  32.688 0.8888890147
61773  36.139  8.843  33.905 1.0000000000
62681  36.300  9.759  31.501 0.7777780294
62669  36.103  9.543  33.567 0.8888890147
61712  40.067  8.168  41.770 0.8888890147
60691  40.430  7.897  40.962 0.8888890147
60705  40.492  7.873  40.059 0.8888890147
61724  39.905  8.555  39.066 0.8888890147
61730  39.307  8.854  38.528 0.8888890147
107002  37.461  10.463  35.277 1.0000000000
109190  37.307  10.397  33.441 1.0000000000
64453  37.696  10.513  33.962 1.0000000000
64464  37.957  10.462  33.155 1.0000000000
63554  37.250  10.274  32.724 1.0000000000
63564  37.645  10.099  31.906 1.0000000000
63584  37.145  9.828  31.374 0.7777780294
62616  40.922  9.388  40.154 0.7777780294
62620  40.256  9.861  39.585 0.7777780294
61711  40.784  8.569  41.286 0.7777780294
61717  40.839  8.531  40.453 0.7777780294
62626  38.936  10.062  38.614 0.7777780294
61723  40.458  8.781  39.591 0.8888890147
61731  38.539  9.623  38.039 0.8888890147
63505  38.353  10.757  38.023 1.0000000000
63519  38.040  10.819  37.370 1.0000000000
62638  37.813  10.493  37.011 1.0000000000
107707  39.090  10.543  34.507 1.0000000000
64433  38.503  10.652  35.570 1.0000000000
64434  37.839  10.628  35.395 1.0000000000
104498  40.060  10.768  34.203 1.0000000000
64443  38.094  10.620  34.674 1.0000000000
64451  39.500  10.668  33.738 1.0000000000
64452  38.633  10.549  33.696 1.0000000000
106931  39.396  10.664  33.170 1.0000000000
64463  38.817  10.538  32.795 1.0000000000
63553  38.193  10.361  32.364 1.0000000000
64476  39.070  10.539  32.028 1.0000000000
63583  37.962  9.988  31.125 1.0000000000
63563  38.482  10.310  31.596 1.0000000000
62694  38.237  9.764  30.346 1.0000000000
62615  41.303  9.804  40.767 0.7777780294
62621  39.404  10.421  39.147 0.7777780294
63499  38.840  11.115  38.663 0.8888890147
122280  38.626  11.345  38.129 1.0000000000
64431  40.343  10.704  36.015 0.8888890147
63525  39.702  10.849  36.602 1.0000000000
64432  39.240  10.748  36.206 1.0000000000
64422  38.438  10.939  36.583 1.0000000000
122498  38.561  11.192  37.544 1.0000000000
63526  37.959  10.851  36.730 1.0000000000
104028  39.704  10.561  35.237 1.0000000000
64423  37.992  10.770  36.084 1.0000000000
64442  40.731  10.909  34.850 1.0000000000
64450  40.224  10.927  33.212 1.0000000000
64462  39.701  10.735  32.532 1.0000000000
63582  38.728  10.227  30.839 1.0000000000
63562  39.264  10.540  31.295 1.0000000000
63581  39.476  10.409  30.562 1.0000000000
63493  40.772  10.380  40.174 0.5555559993
63492  41.338  10.801  40.967 0.4444440007
63498  39.820  10.998  39.569 0.6666669846
64374  40.533  11.466  40.199 0.5555559993
122301  39.247  11.053  39.166 0.7777780294
64382  39.240  11.600  39.053 1.0000000000
64409  40.720  11.417  37.413 0.8888890147
65309  40.360  11.984  38.198 0.7777780294
64411  38.993  11.841  37.814 1.0000000000
64421  40.119  11.013  36.940 0.8888890147
103971  39.105  11.228  37.147 0.8888890147
64420  41.033  11.049  36.596 0.8888890147
64430  41.453  11.201  35.578 0.8888890147
64441  41.543  11.543  34.454 0.8888890147
64440  42.234  11.814  34.973 0.8888890147
64449  41.055  11.522  32.960 1.0000000000
64461  40.562  11.118  32.422 1.0000000000
64475  40.010  10.812  31.734 1.0000000000
64495  39.921  10.726  30.990 1.0000000000
108159  37.440  7.222  27.796 0.5555559993
120114  36.403  6.673  27.184 0.3333329856
64366  41.576  11.710  41.664 0.5555559993
64373  41.023  12.029  40.828 0.5555559993
64381  39.981  11.880  39.546 0.6666669846
65290  40.293  12.220  38.851 0.6666669846
65278  39.689  11.963  38.846 0.5555559993
65289  41.051  12.477  38.775 0.6666669846
64410  39.676  11.624  37.695 0.8888890147
64393  38.899  11.828  38.321 0.8888890147
65308  41.371  11.934  37.955 0.7777780294
65307  42.445  11.948  37.545 0.7777780294
64408  41.601  11.424  37.120 0.8888890147
64419  42.255  11.578  36.697 0.7777780294
111589  43.055  12.009  36.464 0.7777780294
65328  43.004  12.091  35.384 0.7777780294
65338  41.668  11.804  33.542 0.8888890147
65337  42.256  12.128  34.083 0.8888890147
64460  41.236  11.552  32.291 1.0000000000
64474  40.780  11.204  31.831 1.0000000000
64494  40.680  11.054  31.026 1.0000000000
63580  40.203  10.653  30.323 1.0000000000
63599  39.729  10.166  29.773 1.0000000000
62708  39.279  9.581  29.298 1.0000000000
62725  38.846  8.910  28.856 0.7777780294
62738  39.899  8.823  27.836 0.7777780294
62724  39.587  9.186  28.579 0.7777780294
61831  38.431  8.147  28.475 0.5555559993
60855  37.942  7.541  28.116 0.5555559993
61830  39.183  8.462  28.142 0.5555559993
60854  38.697  7.780  27.594 0.5555559993
60873  37.960  7.287  27.329 0.4444440007
123671  36.804  6.842  25.688 0.3333329856
59833  36.292  6.691  25.739 0.1111110002
60905  35.020  6.793  25.157 0.1111110002
119070  33.282  6.979  25.588 0.1111110002
61862  32.267  8.462  25.521 0.1111110002
104096  32.788  7.696  25.431 0.1111110002
61861  33.038  8.682  24.958 0.1111110002
65268  40.591  12.373  40.131 0.5555559993
65257  41.790  12.824  41.646 0.5555559993
65277  40.416  12.374  39.464 0.5555559993
66164  41.759  13.304  40.537 0.5555559993
66165  41.097  12.876  40.042 0.5555559993
66178  41.692  13.218  40.043 0.5555559993
65306  43.468  12.429  37.350 0.4444440007
119517  44.787  13.594  37.683 0.4444440007
66209  44.211  13.016  37.075 0.5555559993
110380  45.630  14.253  37.201 0.3333329856
66208  44.959  13.641  36.794 0.5555559993
66222  44.234  13.077  36.182 0.4444440007
65327  43.647  12.560  35.767 0.6666669846
111491  43.491  12.692  34.896 0.6666669846
104861  42.880  12.386  34.527 0.7777780294
125098  43.329  12.830  34.261 0.6666669846
65346  42.361  12.294  33.314 0.8888890147
65345  42.986  12.778  33.065 0.6666669846
64473  41.369  11.503  31.524 1.0000000000
63598  40.437  10.477  29.494 1.0000000000
63597  41.164  10.817  29.214 1.0000000000
62707  39.976  9.896  28.995 1.0000000000
62722  41.010  9.907  27.981 1.0000000000
63609  40.702  10.223  28.725 1.0000000000
62723  40.301  9.524  28.289 1.0000000000
62736  41.333  9.582  27.194 1.0000000000
61843  40.160  8.565  27.058 0.7777780294
61844  39.480  8.206  27.354 0.5555559993
61851  40.935  8.892  25.911 0.6666669846
61852  40.279  8.525  26.239 0.6666669846
60901  39.087  7.782  26.142 0.5555559993
60888  38.521  7.492  26.683 0.4444440007
60889  37.743  7.125  26.454 0.3333329856
123672  40.364  8.628  25.548 0.6666669846
104104  39.685  8.228  25.644 0.5555559993
60902  38.334  7.498  25.692 0.3333329856
60903  36.622  6.985  25.200 0.3333329856
60904  35.864  6.843  25.114 0.1111110002
61859  39.001  7.888  25.426 0.3333329856
61860  38.573  7.839  24.851 0.3333329856
60915  37.067  7.328  24.666 0.3333329856
65246  42.274  12.722  42.637 0.4444440007
66132  42.967  12.919  42.845 0.2222220004
66144  42.380  13.297  41.767 0.4444440007
115439  41.855  13.344  41.118 0.5555559993
65267  41.294  12.881  40.747 0.5555559993
66142  43.309  13.429  42.126 0.3333329856
66143  42.846  13.380  42.076 0.5555559993
66192  41.748  12.957  39.462 0.4444440007
66191  42.674  13.099  39.290 0.5555559993
65287  43.094  12.617  38.327 0.4444440007
113277  44.036  12.989  38.034 0.4444440007
67138  45.442  14.236  38.139 0.4444440007
110065  46.488  14.484  38.425 0.1111110002
68171  47.250  14.444  38.016 0.1111110002
67137  46.103  14.536  37.641 0.1111110002
67153  46.198  14.557  36.778 0.1111110002
66221  44.779  13.604  35.766 0.2222220004
110770  45.483  14.161  36.282 0.2222220004
66232  44.115  13.095  35.284 0.4444440007
67172  45.295  14.024  35.345 0.2222220004
66240  43.892  13.150  34.471 0.4444440007
66231  44.557  13.580  34.858 0.4444440007
66248  43.603  13.134  33.657 0.5555559993
65354  42.478  12.335  32.556 0.8888890147
65353  43.135  12.753  32.212 0.7777780294
65366  42.637  12.260  31.701 0.8888890147
65365  43.342  12.599  31.338 0.8888890147
65377  42.823  12.129  30.834 1.0000000000
64472  42.086  11.831  31.181 1.0000000000
64492  42.259  11.736  30.309 1.0000000000
64493  41.515  11.402  30.658 1.0000000000
64510  42.454  11.609  29.453 1.0000000000
64511  41.711  11.294  29.775 1.0000000000
64512  40.930  11.009  30.062 1.0000000000
64526  42.656  11.458  28.615 1.0000000000
64538  42.873  11.255  27.791 1.0000000000
63608  41.421  10.594  28.422 1.0000000000
63633  42.736  10.255  26.496 1.0000000000
63619  42.448  10.627  27.324 1.0000000000
63620  41.738  10.305  27.647 1.0000000000
62745  42.286  9.655  25.981 1.0000000000
63634  42.039  9.949  26.842 1.0000000000
62755  41.628  9.289  25.522 0.8888890147
110819  40.883  8.963  25.152 0.5555559993
61867  40.065  8.666  24.827 0.6666669846
112969  39.255  8.230  24.830 0.4444440007
62766  40.685  9.198  24.420 0.4444440007
103710  42.290  13.539  40.990 0.5555559993
107605  43.120  13.602  41.581 0.3333329856
66154  42.750  13.565  41.339 0.5555559993
67071  42.711  13.597  40.842 0.5555559993
66177  42.376  13.480  40.018 0.4444440007
67104  43.034  13.643  40.476 0.4444440007
66176  43.299  13.584  39.812 0.4444440007
66175  44.262  13.771  39.449 0.4444440007
67119  45.580  14.338  38.876 0.3333329856
67099  46.985  14.193  38.729 0.1111110002
68181  47.149  14.600  37.364 0.1111110002
67136  46.619  14.601  37.305 0.1111110002
66207  48.619  13.431  37.500 0.1111110002
67171  45.939  14.542  35.852 0.2222220004
67191  45.119  13.942  34.447 0.3333329856
66247  44.259  13.594  33.190 0.5555559993
66257  43.688  13.164  32.712 0.6666669846
66256  44.370  13.527  32.315 0.6666669846
66276  44.038  12.928  30.973 0.7777780294
66266  43.852  13.071  31.831 0.7777780294
66286  44.890  13.079  29.788 0.7777780294
65375  44.187  12.828  30.121 0.7777780294
65376  43.517  12.482  30.472 0.8888890147
65400  45.488  12.801  28.286 0.8888890147
65387  44.376  12.642  29.324 0.7777780294
65388  43.686  12.367  29.632 0.8888890147
65389  42.967  12.082  29.953 1.0000000000
65418  44.908  12.255  27.631 0.8888890147
65401  44.606  12.499  28.510 0.8888890147
65402  43.881  12.216  28.812 1.0000000000
64509  43.162  11.941  29.119 1.0000000000
64524  44.072  12.088  27.939 1.0000000000
64525  43.358  11.782  28.284 1.0000000000
63618  43.145  10.915  26.972 1.0000000000
66153  43.616  13.674  41.475 0.3333329856
67070  43.235  13.709  41.004 0.5555559993
67086  43.674  13.777  40.589 0.4444440007
67069  43.963  13.866  40.893 0.3333329856
67102  44.878  14.118  39.642 0.3333329856
67100  46.285  14.348  39.057 0.3333329856
66174  46.684  13.906  39.366 0.2222220004
67135  47.782  14.421  37.393 0.1111110002
67152  47.019  14.729  36.723 0.1111110002
67168  49.023  14.366  35.943 0.1111110002
66219  48.978  13.824  36.561 0.1111110002
66220  48.681  13.834  37.053 0.1111110002
67190  45.793  14.477  34.931 0.2222220004
67209  44.988  13.911  33.573 0.5555559993
67225  44.932  13.903  32.722 0.6666669846
67258  46.014  14.010  30.863 0.6666669846
66274  45.439  13.548  30.283 0.7777780294
67243  45.712  14.187  31.696 0.7777780294
66264  45.229  13.722  31.144 0.7777780294
66255  45.004  13.880  31.933 0.6666669846
66265  44.546  13.389  31.472 0.6666669846
66273  46.221  13.818  29.990 0.7777780294
66275  44.729  13.239  30.631 0.7777780294
66285  45.673  13.281  29.332 0.7777780294
65417  45.786  12.379  27.239 0.8888890147
64536  44.391  11.719  27.075 1.0000000000
64551  43.912  11.109  26.573 1.0000000000
64550  44.696  11.318  26.135 1.0000000000
63632  43.436  10.525  26.113 1.0000000000
63650  43.543  10.411  25.291 1.0000000000
63651  42.922  10.072  25.638 1.0000000000
62754  42.401  9.674  25.033 0.7777780294
115325  43.071  10.071  24.960 1.0000000000
63668  42.769  10.197  24.377 0.7777780294
62765  41.503  9.425  24.712 0.6666669846
66152  44.326  13.695  41.307 0.3333329856
67068  44.745  13.917  40.663 0.3333329856
67084  45.189  14.153  40.020 0.3333329856
67083  46.101  13.970  39.780 0.2222220004
68215  48.651  15.353  34.619 0.1111110002
68201  48.387  14.998  35.438 0.1111110002
68214  49.289  15.450  34.279 0.1111110002
68200  49.030  14.986  35.210 0.1111110002
68202  47.784  14.956  35.672 0.1111110002
121620  47.597  14.760  36.312 0.1111110002
112406  49.456  14.376  35.200 0.1111110002
67223  46.377  14.781  33.528 0.3333329856
67207  46.471  14.786  34.511 0.3333329856
67189  46.524  14.751  35.446 0.1111110002
103823  46.231  14.629  32.453 0.5555559993
67208  45.685  14.436  34.002 0.4444440007
67269  49.222  14.983  29.785 0.3333329856
113307  48.317  14.786  30.058 0.5555559993
67256  47.901  14.882  30.668 0.5555559993
67257  46.937  14.402  30.550 0.5555559993
67242  46.537  14.566  31.496 0.6666669846
121992  45.460  14.210  32.357 0.5555559993
67224  45.576  14.353  33.081 0.5555559993
68311  50.222  15.313  28.543 0.2222220004
67279  49.558  14.639  28.794 0.3333329856
67280  48.416  14.258  29.235 0.5555559993
66283  47.546  13.940  29.249 0.5555559993
67270  47.640  14.382  29.913 0.5555559993
67290  49.575  14.636  27.777 0.4444440007
66295  47.862  13.654  28.361 0.5555559993
110842  46.998  13.634  28.876 0.6666669846
118195  46.445  13.596  29.299 0.7777780294
67291  48.986  14.157  27.134 0.5555559993
66311  48.371  13.662  27.345 0.5555559993
66312  47.711  13.295  27.441 0.6666669846
107397  47.098  13.170  28.008 0.6666669846
66296  46.338  13.202  28.598 0.6666669846
65415  47.946  13.424  26.533 0.6666669846
65416  47.149  12.913  26.955 0.8888890147
108122  46.467  12.557  26.857 0.8888890147
65435  46.099  12.217  26.196 1.0000000000
65436  45.254  11.874  26.664 1.0000000000
64564  44.723  11.214  25.236 1.0000000000
63631  44.113  10.830  25.676 1.0000000000
63649  44.118  10.751  24.861 1.0000000000
63667  43.450  10.479  24.583 1.0000000000
63669  42.001  9.939  24.189 0.7777780294
62780  41.158  9.755  23.965 0.4444440007
63683  42.312  10.622  23.728 0.6666669846
63685  40.778  10.186  23.305 0.4444440007
63697  40.404  10.592  22.643 0.3333329856
110172  48.233  15.551  34.016 0.2222220004
68216  47.935  15.241  34.838 0.1111110002
68228  48.596  15.768  33.170 0.2222220004
68229  47.823  15.449  33.406 0.2222220004
68230  47.327  15.173  34.078 0.3333329856
68217  47.233  14.931  35.088 0.1111110002
68257  49.476  16.073  31.320 0.2222220004
68241  48.504  15.707  32.307 0.4444440007
115791  47.834  15.320  31.968 0.4444440007
68242  47.820  15.413  32.659 0.4444440007
68243  47.129  15.068  33.040 0.4444440007
68275  49.865  15.822  30.465 0.2222220004
68276  48.798  15.359  30.641 0.3333329856
68258  48.439  15.497  31.470 0.4444440007
67241  47.438  14.954  31.377 0.5555559993
68259  47.131  15.026  32.139 0.5555559993
68310  50.532  16.312  28.328 0.2222220004
121513  50.051  16.411  27.582 0.2222220004
68319  49.895  15.527  27.595 0.4444440007
69265  49.807  17.137  27.358 0.3333329856
67302  49.255  14.971  26.765 0.4444440007
66328  48.529  13.897  26.647 0.5555559993
66338  48.338  14.060  26.025 0.6666669846
65433  47.345  12.966  26.006 0.8888890147
65434  46.796  12.633  26.260 0.8888890147
65450  46.669  12.669  25.545 0.8888890147
65457  45.714  12.443  24.553 1.0000000000
65451  45.935  12.186  25.254 1.0000000000
64549  45.392  11.677  25.672 1.0000000000
114743  44.503  14.305  23.638 1.0000000000
66372  44.593  13.259  23.702 1.0000000000
65458  45.068  12.339  24.110 1.0000000000
64577  45.250  11.718  24.759 1.0000000000
66380  43.073  14.056  22.779 0.8888890147
66373  43.614  13.047  23.330 1.0000000000
65470  43.719  12.135  23.572 1.0000000000
64588  44.160  11.579  23.960 1.0000000000
67351  42.723  14.956  22.342 0.8888890147
64589  43.426  11.496  23.677 1.0000000000
63682  43.114  10.785  23.928 0.8888890147
66381  42.264  14.042  22.333 0.8888890147
66374  42.730  13.137  22.817 0.7777780294
110375  42.116  13.101  22.488 0.7777780294
65480  42.267  12.385  22.833 0.5555559993
64590  42.507  11.488  23.347 0.5555559993
63696  41.115  10.918  22.972 0.3333329856
67353  41.711  14.265  21.914 0.7777780294
71001  50.064  19.138  27.738 0.3333329856
69272  49.271  17.071  26.830 0.4444440007
68326  49.400  16.163  26.898 0.4444440007
68333  48.109  15.533  25.603 0.5555559993
113641  48.543  14.841  26.037 0.6666669846
68327  48.731  15.727  26.222 0.4444440007
66339  47.719  13.631  25.663 0.7777780294
66340  47.167  13.206  25.417 0.8888890147
67333  45.741  14.393  24.322 1.0000000000
66371  45.179  13.880  24.017 1.0000000000
66358  45.353  12.994  24.111 1.0000000000
65456  46.281  12.655  24.903 1.0000000000
68358  44.257  15.932  23.355 1.0000000000
67344  43.965  15.132  23.352 1.0000000000
67345  43.312  15.047  22.851 0.8888890147
68359  43.726  15.709  22.881 1.0000000000
68369  42.791  15.243  22.028 0.8888890147
67352  42.214  14.795  21.854 0.7777780294
67359  43.405  14.908  21.307 0.8888890147
68379  42.686  15.034  21.642 0.8888890147
68387  42.613  14.755  21.076 0.6666669846
67360  41.977  14.717  21.221 0.6666669846
125053  41.398  14.593  21.136 0.6666669846
67361  41.549  14.510  21.465 0.6666669846
67372  42.173  14.434  20.534 0.5555559993
70159  48.888  17.638  26.590 0.4444440007
69273  48.803  16.657  26.381 0.4444440007
115531  48.374  18.230  26.055 0.5555559993
112589  48.424  17.194  26.074 0.4444440007
69281  48.281  16.418  25.822 0.4444440007
69282  47.594  16.400  25.290 0.7777780294
121020  47.821  14.580  25.439 0.7777780294
67317  47.121  13.947  25.022 0.8888890147
68334  47.319  15.547  25.120 0.7777780294
67331  47.041  14.858  24.984 0.7777780294
66356  46.708  13.172  24.925 0.8888890147
70178  45.372  17.411  23.892 1.0000000000
69302  45.104  16.604  23.993 1.0000000000
68346  45.554  15.599  24.282 1.0000000000
67332  46.423  14.697  24.628 1.0000000000
111758  46.436  13.869  24.631 1.0000000000
69303  44.705  16.754  23.364 1.0000000000
67343  44.822  15.069  23.877 1.0000000000
69318  44.370  16.597  22.661 1.0000000000
69304  44.076  16.295  22.937 1.0000000000
69319  43.836  15.968  22.393 1.0000000000
68368  43.283  15.426  22.366 0.8888890147
68378  43.244  15.512  21.947 0.8888890147
67371  43.098  14.197  20.468 0.5555559993
109880  41.699  14.188  19.930 0.4444440007
67387  42.631  13.820  19.604 0.3333329856
71010  48.030  19.212  25.598 0.3333329856
71807  47.118  19.724  24.289 0.7777780294
71017  47.207  19.158  24.772 0.6666669846
70167  47.531  18.256  25.261 0.5555559993
108532  47.900  17.277  25.564 0.4444440007
71018  46.463  19.015  24.159 0.7777780294
70176  46.645  18.360  24.555 0.7777780294
69283  47.067  17.400  25.012 0.6666669846
69291  46.738  16.503  24.813 0.7777780294
71029  46.100  18.724  23.846 1.0000000000
71019  45.898  18.294  24.059 1.0000000000
70177  46.165  17.521  24.428 0.7777780294
68345  46.491  15.618  24.694 0.7777780294
71043  45.831  18.178  23.236 1.0000000000
71030  45.582  17.974  23.642 1.0000000000
69292  45.825  16.595  24.369 1.0000000000
70199  46.402  17.124  21.984 0.8888890147
110097  45.726  17.565  22.616 1.0000000000
71044  45.359  17.730  23.161 1.0000000000
70187  45.163  17.447  23.393 1.0000000000
69317  45.487  16.858  22.051 1.0000000000
115888  44.794  16.698  22.304 1.0000000000
70200  44.980  17.184  22.792 1.0000000000
106774  45.782  15.978  21.650 0.7777780294
117675  44.449  16.225  22.098 1.0000000000
68376  45.081  15.525  21.585 0.8888890147
68377  44.000  15.613  21.770 0.7777780294
67358  44.629  14.722  21.176 0.6666669846
67370  44.222  14.006  20.441 0.5555559993
67386  43.560  13.782  19.767 0.5555559993
73357  50.159  21.818  24.518 0.3333329856
73358  49.395  21.716  24.697 0.3333329856
72603  47.871  20.588  24.517 0.4444440007
71817  47.834  20.645  23.917 0.7777780294
71818  47.123  20.008  24.013 0.6666669846
71830  47.624  19.812  23.301 0.7777780294
71028  46.761  19.283  23.611 0.7777780294
71042  47.285  18.842  22.738 1.0000000000
105863  46.389  18.670  23.258 1.0000000000
71056  47.563  18.020  22.082 0.7777780294
70198  46.611  17.991  22.518 1.0000000000
70213  47.346  17.249  21.800 0.7777780294
106786  47.086  16.409  21.522 0.7777780294
69327  46.305  16.382  21.710 0.8888890147
68375  46.657  15.665  21.307 0.7777780294
117000  46.003  15.254  21.318 0.5555559993
68386  45.632  14.673  21.003 0.5555559993
121561  45.159  14.237  20.560 0.5555559993
67385  44.283  13.893  19.354 0.5555559993
67401  43.478  13.771  18.936 0.4444440007
67419  42.564  14.258  17.518 0.2222220004
72600  50.776  21.760  24.108 0.2222220004
73365  50.716  21.870  23.832 0.4444440007
73366  49.935  21.904  24.125 0.5555559993
72612  49.485  21.464  23.586 0.6666669846
120414  48.282  20.434  23.361 0.7777780294
71041  48.110  19.284  22.542 0.8888890147
69326  47.983  16.609  21.147 0.7777780294
68374  47.448  15.831  20.951 0.7777780294
124141  47.058  15.397  20.815 0.6666669846
68385  46.540  14.945  20.680 0.5555559993
106349  44.886  14.293  18.876 0.4444440007
67369  45.087  14.102  19.706 0.5555559993
67416  45.157  14.645  17.167 0.4444440007
68417  45.809  14.886  17.899 0.4444440007
67399  45.008  14.580  18.114 0.3333329856
67400  44.243  14.202  18.415 0.4444440007
67415  46.022  14.684  16.937 0.4444440007
67417  44.222  14.521  17.414 0.3333329856
67432  43.313  14.555  17.033 0.3333329856
67418  43.428  14.170  17.968 0.3333329856
67430  45.426  14.447  16.140 0.2222220004
67431  44.540  14.628  16.506 0.2222220004
67450  43.906  14.758  15.982 0.2222220004
73377  50.448  21.858  23.439 0.4444440007
72609  52.079  21.705  22.989 0.3333329856
73364  51.372  21.840  23.398 0.2222220004
72624  49.864  21.166  22.789 0.6666669846
71843  48.862  19.347  22.094 0.8888890147
71055  48.329  18.497  21.924 0.6666669846
70211  48.913  17.842  21.174 0.7777780294
70222  48.648  17.126  20.986 0.7777780294
69335  48.618  16.676  20.380 0.7777780294
69336  47.999  16.089  20.292 0.6666669846
68393  47.307  15.460  20.142 0.6666669846
67368  45.895  14.380  20.129 0.6666669846
68394  46.586  14.981  19.543 0.6666669846
68402  46.512  15.272  18.489 0.5555559993
67384  45.703  14.639  18.953 0.6666669846
68416  46.618  15.242  17.636 0.5555559993
67429  46.376  14.271  16.057 0.3333329856
67449  44.618  14.601  15.668 0.2222220004
106571  45.262  14.389  15.351 0.2222220004
73374  52.799  21.687  22.232 0.2222220004
72635  51.372  21.327  21.774 0.5555559993
72636  50.234  20.560  21.883 0.5555559993
71854  50.882  20.213  21.117 0.6666669846
71842  49.539  19.630  21.743 0.6666669846
71855  50.045  19.478  21.192 0.6666669846
71054  49.324  18.753  21.374 0.6666669846
71063  49.627  18.049  20.714 0.6666669846
70221  49.252  17.318  20.408 0.6666669846
69354  47.778  16.204  18.593 0.6666669846
69346  47.725  16.006  19.417 0.6666669846
105291  47.232  15.777  18.133 0.6666669846
68401  47.170  15.683  18.992 0.6666669846
68431  46.888  14.792  16.807 0.4444440007
67466  44.783  14.638  14.921 0.1111110002
73376  51.247  22.106  22.951 0.2222220004
73375  51.987  21.856  22.708 0.3333329856
73390  51.858  21.908  22.409 0.3333329856
72623  50.914  21.746  22.621 0.5555559993
73373  53.360  21.564  21.732 0.2222220004
73388  53.084  21.681  21.727 0.2222220004
72634  52.472  21.647  21.613 0.2222220004
72645  51.756  20.913  21.072 0.4444440007
71853  51.495  20.011  20.478 0.5555559993
71062  50.622  19.141  20.536 0.6666669846
71070  50.705  18.388  19.824 0.6666669846
70220  49.983  17.788  20.063 0.6666669846
109225  49.588  17.316  19.494 0.6666669846
70229  49.708  17.361  18.553 0.5555559993
121272  49.058  16.854  19.726 0.6666669846
69344  49.088  16.899  18.858 0.6666669846
69345  48.381  16.470  19.312 0.7777780294
111730  47.433  15.619  17.403 0.4444440007
68414  48.264  15.998  17.188 0.4444440007
67448  45.977  14.115  15.349 0.3333329856
67428  47.245  14.271  16.002 0.4444440007
72644  53.340  21.448  21.228 0.2222220004
72643  53.822  21.185  20.963 0.2222220004
71852  52.613  20.875  20.604 0.3333329856
71863  53.169  20.289  19.767 0.3333329856
71839  54.298  20.636  20.603 0.2222220004
71864  52.067  19.741  19.859 0.4444440007
71850  54.961  20.168  20.039 0.2222220004
71069  51.485  18.838  19.388 0.6666669846
70228  50.245  17.785  19.230 0.6666669846
69352  49.214  16.940  18.041 0.5555559993
69368  48.712  16.547  17.638 0.5555559993
68429  48.789  15.514  16.376 0.4444440007
69377  49.031  16.418  17.042 0.4444440007
68430  47.779  15.122  16.625 0.4444440007
67427  48.147  14.529  15.858 0.4444440007
67447  46.811  13.891  15.272 0.4444440007
72652  53.641  20.862  20.478 0.3333329856
72650  54.625  20.453  19.831 0.2222220004
113026  54.133  20.685  20.306 0.3333329856
71067  55.338  19.580  19.498 0.2222220004
72659  54.764  20.284  19.335 0.2222220004
71862  55.050  20.184  19.342 0.2222220004
120221  50.925  18.220  18.925 0.6666669846
70237  50.396  17.749  18.347 0.6666669846
70247  50.664  17.647  17.603 0.6666669846
70238  49.856  17.334  17.833 0.5555559993
69367  49.409  16.888  17.496 0.5555559993
119908  49.632  16.765  17.018 0.6666669846
68428  49.614  16.201  16.468 0.5555559993
68441  49.644  15.495  15.757 0.5555559993
67445  48.987  14.736  15.520 0.4444440007
119475  48.344  14.055  15.130 0.4444440007
67446  47.616  13.895  15.250 0.4444440007
110061  46.383  13.973  14.613 0.4444440007
69411  45.192  16.617  13.400 0.1111110002
72651  54.230  20.456  19.641 0.3333329856
71066  55.469  19.498  18.736 0.2222220004
71873  55.028  19.986  18.884 0.2222220004
71875  53.534  19.723  18.979 0.4444440007
71068  52.411  19.265  19.124 0.4444440007
71872  55.958  19.172  18.021 0.2222220004
111741  51.645  18.551  18.581 0.6666669846
71074  56.211  18.771  17.748 0.3333329856
70246  51.587  18.141  17.790 0.6666669846
70256  56.603  18.234  16.813 0.3333329856
70259  51.443  17.736  17.004 0.6666669846
70260  50.666  17.319  17.059 0.5555559993
69376  50.313  16.747  16.641 0.5555559993
68427  50.312  16.079  15.937 0.5555559993
67443  50.402  15.437  15.276 0.5555559993
67444  49.743  14.837  15.043 0.4444440007
71114  44.461  18.756  14.040 0.1111110002
111004  49.033  14.238  14.724 0.4444440007
125337  47.894  13.773  14.803 0.4444440007
70295  44.569  17.302  13.508 0.1111110002
67464  47.385  13.774  14.379 0.4444440007
68470  45.517  15.054  13.688 0.1111110002
68471  44.864  15.675  13.753 0.1111110002
67463  48.274  13.813  14.412 0.4444440007
67476  46.681  14.091  13.728 0.4444440007
67477  45.903  14.431  14.065 0.1111110002
122073  45.715  15.796  13.332 0.1111110002
71874  54.552  20.014  18.968 0.3333329856
71885  54.704  19.551  18.197 0.3333329856
117664  55.407  19.455  18.220 0.2222220004
71075  53.826  19.336  18.218 0.3333329856
71076  52.630  18.805  18.229 0.4444440007
71080  56.071  18.937  17.313 0.3333329856
71083  52.371  18.246  17.348 0.5555559993
71091  56.273  18.623  16.807 0.3333329856
105727  53.228  18.702  17.631 0.4444440007
71095  53.267  18.353  16.963 0.5555559993
70258  52.435  17.771  16.652 0.5555559993
69374  51.821  17.284  16.363 0.5555559993
69375  51.117  17.047  16.505 0.5555559993
69387  51.648  16.629  15.781 0.5555559993
69388  50.879  16.511  16.066 0.5555559993
68440  51.045  15.962  15.512 0.5555559993
68456  51.126  15.408  14.807 0.5555559993
67461  50.468  14.905  14.560 0.5555559993
71911  44.821  19.476  14.604 0.1111110002
67462  49.746  14.404  14.231 0.4444440007
110516  44.707  18.040  13.579 0.1111110002
67473  48.937  13.928  13.853 0.4444440007
67474  48.123  13.781  13.611 0.4444440007
67475  47.471  13.914  13.327 0.3333329856
71884  55.157  19.275  17.579 0.3333329856
122217  55.692  19.191  17.648 0.3333329856
71082  54.209  18.911  17.473 0.3333329856
71883  55.608  18.947  17.141 0.3333329856
71081  55.012  18.906  17.058 0.3333329856
71101  56.432  18.421  16.105 0.3333329856
71093  55.366  18.690  16.530 0.4444440007
71094  54.360  18.488  16.575 0.5555559993
70265  56.884  18.022  15.406 0.3333329856
71102  55.804  18.562  15.896 0.3333329856
70257  53.367  17.863  16.281 0.5555559993
69383  57.530  16.993  14.794 0.2222220004
70269  52.583  17.176  15.854 0.4444440007
69386  52.408  16.419  15.210 0.4444440007
68439  51.765  15.939  15.019 0.5555559993
108026  51.818  15.399  14.328 0.5555559993
68455  52.547  15.877  14.523 0.5555559993
68468  52.459  15.361  13.695 0.5555559993
120776  51.734  15.083  13.740 0.5555559993
67460  51.176  14.966  14.132 0.5555559993
67471  51.947  14.977  13.109 0.5555559993
67472  51.223  14.774  13.414 0.4444440007
105282  50.499  14.581  13.793 0.4444440007
67482  50.562  14.456  12.983 0.4444440007
104511  49.728  14.193  13.351 0.4444440007
104294  48.821  13.927  12.908 0.4444440007
67481  51.325  14.717  12.641 0.4444440007
67489  51.325  14.742  11.784 0.4444440007
71112  56.221  18.406  15.202 0.3333329856
71103  55.014  18.378  15.906 0.4444440007
70264  57.245  17.649  14.921 0.3333329856
70276  57.279  17.521  14.264 0.2222220004
71104  54.203  18.027  15.956 0.4444440007
70268  53.598  17.462  15.597 0.4444440007
70288  57.340  17.273  13.488 0.1111110002
69385  53.095  16.783  15.158 0.4444440007
124996  52.834  16.325  14.840 0.4444440007
68467  53.087  15.782  13.953 0.5555559993
121961  53.241  15.587  13.293 0.5555559993
68476  52.691  15.210  12.842 0.5555559993
68475  53.370  15.519  12.556 0.5555559993
104216  52.843  15.248  12.085 0.5555559993
119973  53.415  15.535  11.924 0.5555559993
116264  52.077  14.962  12.244 0.4444440007
122298  51.897  14.923  11.682 0.4444440007
68482  52.352  15.111  11.545 0.5555559993
108211  53.027  15.423  11.389 0.5555559993
70266  55.528  18.297  15.228 0.3333329856
70278  55.952  18.259  14.542 0.3333329856
70267  54.599  17.866  15.378 0.4444440007
70289  56.790  17.785  13.657 0.3333329856
124762  55.664  17.966  14.216 0.4444440007
70279  55.070  17.722  14.626 0.4444440007
70280  53.969  17.153  14.899 0.4444440007
70291  56.100  17.997  13.798 0.4444440007
118143  55.207  17.429  13.895 0.4444440007
70299  57.420  17.044  12.699 0.3333329856
69407  55.438  17.224  13.142 0.4444440007
69396  54.307  16.839  14.180 0.4444440007
70290  56.328  17.672  12.918 0.4444440007
69409  53.752  16.103  13.717 0.4444440007
68466  53.978  15.914  12.975 0.4444440007
68474  54.018  15.883  12.181 0.5555559993
68481  53.809  15.800  11.396 0.4444440007
68489  53.321  15.734  10.664 0.4444440007
68490  52.401  15.338  10.731 0.5555559993
110228  56.905  17.489  12.818 0.3333329856
111329  56.997  17.213  11.872 0.3333329856
69416  55.617  17.292  12.218 0.4444440007
69417  54.733  16.483  12.596 0.4444440007
106918  54.753  16.490  11.561 0.4444440007
69423  54.215  16.239  10.636 0.4444440007
70300  56.420  17.510  12.043 0.4444440007
70305  56.444  17.310  11.136 0.3333329856
70314  56.497  17.127  10.178 0.3333329856
69422  55.750  17.312  11.298 0.4444440007
69443  56.747  16.553  9.433 0.2222220004
69457  56.495  16.606  8.594 0.2222220004
69432  55.127  16.962  10.526 0.4444440007
69444  54.488  16.840  9.769 0.4444440007
70315  55.876  17.326  10.391 0.4444440007
70316  55.306  17.329  9.623 0.4444440007
115998  5.073  -13.792  56.602 0.2222220004
41923  3.714  -9.925  57.994 0.4444440007
38055  4.936  -13.154  57.984 0.2222220004
42949  3.899  -8.376  58.012 0.6666669846
40910  3.961  -10.564  58.367 0.4444440007
46290  8.354  -6.418  62.430 0.1111110002
42928  5.069  -8.351  61.263 0.4444440007
110866  7.708  -5.982  61.850 0.1111110002
47371  5.234  -4.495  60.804 0.3333329856
46310  4.327  -5.239  60.353 0.3333329856
116820  3.949  -6.916  59.839 0.4444440007
46319  4.118  -5.669  59.321 0.4444440007
116634  3.966  -7.110  59.300 0.5555559993
115841  4.062  -7.001  58.902 0.6666669846
45229  4.138  -6.209  58.923 0.6666669846
106391  3.856  -9.747  58.784 0.4444440007
41918  3.779  -8.964  59.219 0.4444440007
121090  4.817  -10.970  59.523 0.3333329856
39876  5.128  -11.514  59.311 0.3333329856
111505  12.549  -0.127  60.139 0.2222220004
48478  5.415  -3.028  60.236 0.3333329856
49558  5.702  -2.434  60.021 0.2222220004
48483  4.850  -3.773  59.589 0.5555559993
46334  5.254  -6.093  57.921 0.6666669846
45233  5.386  -6.704  57.484 0.5555559993
45234  4.687  -6.781  57.921 0.5555559993
122390  3.737  -9.226  58.451 0.4444440007
40904  4.326  -10.418  59.194 0.4444440007
38928  4.705  -12.040  58.508 0.3333329856
38048  4.025  -12.835  57.487 0.4444440007
108901  4.910  -13.559  57.259 0.2222220004
52913  11.128  0.232  58.604 0.4444440007
50645  7.114  -1.992  60.475 0.1111110002
50661  6.625  -1.690  59.978 0.2222220004
52907  12.393  0.890  58.518 0.4444440007
49566  5.778  -2.628  59.510 0.3333329856
52910  13.425  0.725  57.154 0.5555559993
52908  11.700  0.784  59.235 0.2222220004
47386  6.030  -4.788  58.057 0.5555559993
48481  9.371  -3.699  59.499 0.1111110002
49550  9.081  -1.914  60.490 0.1111110002
49551  8.359  -1.803  60.578 0.2222220004
49552  7.763  -1.503  60.503 0.2222220004
50649  8.374  -1.138  60.603 0.2222220004
50675  6.821  -1.745  59.508 0.4444440007
121454  8.111  -0.978  60.470 0.3333329856
54048  13.709  1.088  57.925 0.5555559993
52922  12.868  0.298  56.848 0.4444440007
51794  11.403  -0.291  57.514 0.4444440007
52937  13.207  -0.055  55.855 0.6666669846
51814  12.710  -0.733  55.495 0.4444440007
51815  12.030  -1.055  55.831 0.4444440007
50693  11.361  -1.403  56.233 0.5555559993
50717  12.147  -1.925  54.754 0.5555559993
51827  14.721  -0.291  54.316 0.5555559993
50659  8.133  -0.723  60.108 0.3333329856
50688  8.746  -1.695  58.064 0.4444440007
122710  14.024  -1.086  53.578 0.6666669846
50730  14.344  -1.298  53.015 0.5555559993
40934  4.254  -10.814  56.258 0.4444440007
49590  8.881  -2.964  56.946 0.4444440007
52934  16.193  0.532  55.165 0.5555559993
48558  11.694  -3.867  52.829 0.6666669846
47422  9.620  -4.745  54.767 0.5555559993
47468  12.072  -4.089  51.519 0.6666669846
52968  16.686  0.148  53.639 0.6666669846
54081  17.974  1.473  55.077 0.6666669846
54116  17.871  0.962  53.917 0.5555559993
52985  16.990  -0.108  52.937 0.6666669846
49669  16.483  -2.194  50.119 0.6666669846
51863  17.640  -0.771  51.563 0.5555559993
52984  17.709  0.159  52.682 0.5555559993
50791  17.786  -2.012  49.641 0.6666669846
50775  18.096  -1.535  50.249 0.6666669846
48619  14.984  -3.338  47.531 0.5555559993
52999  18.665  0.178  51.626 0.5555559993
53015  18.971  -0.292  50.848 0.6666669846
49698  18.416  -2.289  48.041 0.5555559993
49711  17.566  -2.610  47.714 0.4444440007
48631  15.255  -3.216  46.736 0.4444440007
54134  19.499  1.391  51.556 0.6666669846
53014  19.599  0.308  50.465 0.6666669846
50789  19.295  -1.448  49.271 0.6666669846
106637  17.434  -2.764  46.991 0.3333329856
49728  17.779  -2.812  46.345 0.4444440007
49730  15.903  -3.065  46.113 0.3333329856
54159  20.057  0.937  49.954 0.6666669846
50819  19.194  -2.021  48.070 0.6666669846
57369  26.585  4.261  51.441 0.7777780294
57368  27.273  4.277  51.474 0.6666669846
57386  27.633  4.003  50.755 0.6666669846
57388  25.451  4.110  50.759 0.7777780294
123718  25.582  3.851  49.365 0.8888890147
106641  25.071  4.057  50.185 0.7777780294
56347  25.814  3.656  47.798 0.8888890147
57415  23.789  4.027  48.733 0.7777780294
57404  23.765  4.083  49.586 0.7777780294
111498  23.232  4.019  49.175 0.7777780294
56335  21.217  3.065  49.774 0.7777780294
55230  20.513  2.581  50.860 0.7777780294
55260  21.548  2.588  48.123 0.7777780294
55247  20.863  2.368  49.534 0.7777780294
53026  20.386  0.527  49.204 0.6666669846
53035  20.627  -0.037  48.440 0.7777780294
51921  20.550  -0.823  47.854 0.7777780294
55287  27.023  2.824  46.034 0.8888890147
55299  25.774  2.671  45.211 0.7777780294
56374  23.954  3.475  46.631 0.6666669846
108895  22.114  3.148  47.859 0.8888890147
55311  25.396  2.361  44.577 0.7777780294
55312  23.474  2.609  44.562 0.7777780294
123352  24.352  2.606  44.526 0.7777780294
54184  21.142  1.307  47.662 0.7777780294
55319  25.026  2.110  43.871 0.7777780294
111302  23.186  2.393  44.123 0.6666669846
53053  21.075  0.021  46.909 0.7777780294
54240  24.698  1.740  43.173 0.6666669846
55296  28.353  2.240  45.622 0.8888890147
54236  28.319  1.105  43.727 0.8888890147
53106  28.580  0.377  42.371 0.8888890147
53148  24.773  1.212  40.119 0.5555559993
110244  24.092  1.700  39.983 0.5555559993
54169  33.173  1.661  48.109 0.6666669846
55273  28.926  2.874  47.064 0.7777780294
54198  29.913  2.096  46.003 0.7777780294
54223  30.190  1.344  44.799 0.7777780294
53105  29.512  0.291  42.375 0.8888890147
53090  30.571  0.603  43.464 0.7777780294
51972  28.919  -0.297  41.105 0.7777780294
51988  28.475  -0.486  40.317 0.6666669846
52007  27.953  -0.602  39.437 0.4444440007
57363  32.339  4.254  52.208 0.3333329856
125134  32.072  3.868  51.533 0.3333329856
55229  33.527  2.654  50.341 0.5555559993
54183  31.921  2.019  46.997 0.8888890147
53089  31.485  0.434  43.600 0.7777780294
53103  31.818  0.113  42.810 0.8888890147
53088  32.361  0.194  43.348 0.8888890147
121583  31.328  -0.152  40.887 0.8888890147
56300  34.622  3.700  51.843 0.3333329856
120822  35.329  1.565  47.857 0.7777780294
54195  32.534  1.349  46.312 0.7777780294
54206  35.480  1.210  45.474 0.8888890147
55227  35.335  2.611  50.347 0.5555559993
119477  35.911  2.869  50.130 0.4444440007
55228  34.502  2.463  50.463 0.6666669846
55242  34.918  2.041  49.774 0.5555559993
54156  34.629  1.754  49.141 0.6666669846
54234  34.820  1.412  43.174 0.8888890147
54250  33.840  0.988  41.961 0.8888890147
54296  33.633  1.226  39.768 0.8888890147
55268  35.819  2.125  47.774 0.7777780294
55281  35.902  2.182  46.677 0.7777780294
55254  36.316  3.024  48.981 0.6666669846
55267  36.188  2.937  48.275 0.7777780294
56382  35.873  2.947  45.902 0.7777780294
56405  35.320  3.947  42.725 1.0000000000
105789  35.369  2.526  38.942 0.8888890147
58504  35.949  5.883  43.334 0.8888890147
57512  37.781  4.744  38.716 1.0000000000
59518  36.379  6.537  45.578 0.5555559993
60622  37.217  7.585  46.186 0.3333329856
61670  37.485  7.954  45.517 0.4444440007
60693  38.846  7.181  41.825 0.8888890147
61684  37.869  8.381  44.915 0.5555559993
60658  37.380  7.505  43.712 0.7777780294
60657  38.062  7.910  43.304 0.7777780294
108262  37.460  9.642  36.082 1.0000000000
62637  38.042  10.158  37.502 1.0000000000
121750  39.722  9.406  39.075 0.8888890147
103833  40.902  11.291  33.807 1.0000000000
65310  39.538  11.972  38.267 0.7777780294
64429  42.309  11.601  35.905 0.7777780294
59793  37.229  6.953  27.169 0.3333329856
59812  36.864  6.762  26.309 0.3333329856
59813  35.979  6.525  26.447 0.1111110002
66179  41.011  12.711  39.492 0.5555559993
65288  42.058  12.486  38.568 0.6666669846
65320  43.744  12.577  36.558 0.4444440007
65355  41.800  11.905  32.788 1.0000000000
60887  39.126  7.807  26.872 0.5555559993
59832  37.351  7.117  25.539 0.3333329856
66163  42.308  13.497  40.496 0.5555559993
66189  44.576  13.682  38.591 0.4444440007
123450  45.275  13.952  37.453 0.4444440007
67118  46.029  14.548  38.287 0.2222220004
65367  41.932  11.907  32.018 1.0000000000
62737  40.605  9.186  27.532 0.8888890147
62747  40.812  8.980  26.718 0.8888890147
62746  41.546  9.345  26.359 0.8888890147
61853  39.657  8.139  26.557 0.5555559993
60914  37.857  7.531  24.829 0.2222220004
66190  43.663  13.321  38.972 0.4444440007
67117  46.581  14.584  37.839 0.1111110002
104397  47.723  13.933  38.365 0.1111110002
66187  48.275  13.631  37.923 0.1111110002
119659  47.941  14.150  37.839 0.1111110002
66239  44.331  13.590  34.008 0.4444440007
64527  41.914  11.128  28.926 1.0000000000
63607  42.139  10.972  28.092 1.0000000000
62781  40.408  9.531  23.722 0.2222220004
67103  43.925  13.808  40.165 0.4444440007
107744  44.894  13.942  38.883 0.4444440007
67101  45.650  14.271  39.314 0.3333329856
68191  47.668  14.607  36.836 0.1111110002
67134  48.369  14.042  37.394 0.1111110002
65305  48.745  12.863  37.525 0.1111110002
67170  46.587  14.729  36.204 0.1111110002
65386  44.993  12.878  29.046 0.8888890147
64537  43.607  11.508  27.449 1.0000000000
67169  48.614  14.665  35.913 0.1111110002
66230  49.357  13.764  35.812 0.1111110002
67150  48.611  14.284  36.560 0.1111110002
67151  48.212  14.403  36.923 0.1111110002
65304  48.847  13.330  37.060 0.1111110002
68203  47.164  14.846  35.957 0.1111110002
66313  46.396  12.801  27.667 0.8888890147
68190  48.152  14.706  36.269 0.1111110002
68293  50.204  15.480  29.491 0.2222220004
66294  48.908  14.014  28.113 0.5555559993
66284  46.954  13.961  29.655 0.6666669846
67303  48.744  14.376  26.489 0.6666669846
64578  44.516  11.274  24.552 1.0000000000
63684  41.517  10.417  23.547 0.3333329856
108039  49.008  15.751  33.819 0.2222220004
69264  50.460  17.326  28.087 0.3333329856
108176  43.829  14.150  23.283 0.8888890147
65469  44.343  12.319  23.777 1.0000000000
112930  44.730  11.763  24.207 1.0000000000
65471  43.035  12.293  23.284 0.8888890147
64579  43.890  10.933  24.220 0.8888890147
64601  41.575  11.718  22.727 0.4444440007
64591  41.788  11.056  23.256 0.4444440007
64602  40.716  11.368  22.337 0.4444440007
66388  41.085  13.934  21.725 0.6666669846
64603  40.019  10.964  21.996 0.3333329856
71002  49.245  18.980  27.016 0.3333329856
70158  49.529  17.984  27.230 0.3333329856
66357  45.977  13.303  24.428 1.0000000000
68357  44.807  16.051  23.826 1.0000000000
71009  48.746  19.392  26.365 0.3333329856
71800  47.787  20.068  25.064 0.4444440007
71808  46.641  19.353  24.015 0.7777780294
69328  45.060  16.336  21.912 1.0000000000
67402  42.616  13.824  18.521 0.4444440007
115160  49.169  21.595  24.170 0.5555559993
112331  48.556  21.216  24.386 0.6666669846
72602  48.746  21.356  24.966 0.3333329856
72613  48.630  21.082  23.767 0.7777780294
72625  48.957  20.758  23.054 0.7777780294
71829  48.515  19.946  22.760 0.7777780294
70212  48.170  17.516  21.525 0.7777780294
71828  49.307  20.217  22.343 0.7777780294
68415  47.934  16.234  17.839 0.6666669846
71061  51.285  19.128  20.027 0.6666669846
69353  48.484  16.581  18.310 0.6666669846
70236  51.019  18.068  18.189 0.6666669846
69366  50.050  17.151  17.308 0.5555559993
70234  56.117  18.335  18.174 0.2222220004
70233  56.463  18.234  17.456 0.2222220004
71092  55.988  18.768  16.623 0.3333329856
70277  56.657  18.124  14.483 0.4444440007
68454  53.361  16.344  14.478 0.4444440007
69408  54.566  16.588  13.418 0.4444440007
122794  56.693  16.924  9.757 0.2222220004
38058  3.322  -12.982  56.641 0.2222220004
38953  3.007  -12.683  56.261 0.4444440007
39916  2.889  -12.409  55.972 0.3333329856
39915  3.006  -12.116  55.549 0.1111110002
39925  2.668  -12.140  54.633 0.1111110002
39906  3.381  -12.120  56.497 0.4444440007
39905  3.352  -11.886  56.421 0.2222220004
40946  3.647  -11.576  55.957 0.2222220004
39914  3.671  -11.690  54.848 0.1111110002
40957  4.497  -11.000  54.272 0.2222220004
40958  3.411  -11.518  54.020 0.1111110002
40945  4.435  -11.084  55.245 0.2222220004
40956  5.230  -10.399  54.201 0.2222220004
40970  3.911  -10.773  53.511 0.1111110002
40969  4.923  -10.326  53.548 0.1111110002
113531  5.667  -9.959  54.629 0.2222220004
40944  5.082  -10.506  54.878 0.2222220004
40968  5.708  -9.952  53.898 0.1111110002
41974  6.204  -9.373  53.526 0.1111110002
41975  5.525  -9.647  53.256 0.1111110002
41985  5.987  -9.125  52.836 0.1111110002
41955  6.067  -9.348  55.113 0.3333329856
41956  5.402  -9.879  55.514 0.2222220004
42984  6.728  -8.707  54.746 0.3333329856
42997  6.795  -8.892  53.818 0.2222220004
41967  6.251  -9.448  54.287 0.1111110002
43013  7.033  -8.314  52.516 0.1111110002
115229  6.653  -8.821  53.024 0.1111110002
44137  7.478  -7.836  51.994 0.1111110002
43030  6.813  -8.018  51.845 0.1111110002
44154  7.332  -7.566  51.182 0.1111110002
122416  7.296  -7.128  50.385 0.1111110002
42967  6.271  -8.617  55.614 0.4444440007
44114  7.220  -7.976  54.750 0.5555559993
109502  7.588  -7.888  53.579 0.4444440007
44113  7.699  -7.500  54.313 0.4444440007
44136  8.101  -7.502  52.377 0.2222220004
44153  8.080  -7.453  51.464 0.1111110002
44166  8.049  -7.257  50.611 0.1111110002
44177  8.071  -6.990  49.981 0.1111110002
45312  7.654  -6.518  49.533 0.1111110002
45246  6.852  -7.098  56.051 0.4444440007
44102  6.207  -7.870  56.177 0.4444440007
44107  7.395  -7.362  55.181 0.5555559993
109097  6.830  -7.956  55.428 0.4444440007
44106  7.840  -6.883  54.884 0.5555559993
46370  8.788  -6.418  53.563 0.4444440007
109331  8.565  -6.965  52.796 0.4444440007
45269  9.317  -6.477  51.798 0.4444440007
45270  8.676  -7.047  51.982 0.3333329856
45287  8.818  -6.920  50.984 0.1111110002
45297  8.663  -6.878  50.073 0.1111110002
45296  9.368  -6.554  50.206 0.2222220004
45327  8.208  -6.165  48.884 0.1111110002
45245  7.611  -6.623  55.566 0.5555559993
46346  7.910  -5.857  55.808 0.4444440007
46357  8.684  -5.965  54.475 0.5555559993
45252  8.252  -6.730  54.298 0.4444440007
46369  9.535  -5.774  53.228 0.4444440007
45295  10.026  -6.047  50.369 0.4444440007
45309  9.876  -6.182  49.597 0.3333329856
45326  8.988  -6.264  48.799 0.1111110002
45325  9.690  -6.088  48.858 0.1111110002
46444  10.633  -5.216  47.640 0.1111110002
46340  7.592  -5.496  56.521 0.4444440007
45239  7.287  -6.226  56.290 0.5555559993
46345  8.590  -5.465  55.306 0.4444440007
47439  9.768  -5.158  53.999 0.4444440007
46356  9.175  -5.342  54.637 0.5555559993
46368  10.097  -5.172  53.272 0.5555559993
46382  10.109  -5.451  52.593 0.4444440007
47470  10.729  -5.098  51.972 0.5555559993
46399  9.987  -5.793  51.742 0.4444440007
46398  11.032  -5.069  51.127 0.4444440007
117497  11.265  -5.291  49.579 0.3333329856
46422  10.608  -5.697  49.782 0.4444440007
47500  11.735  -5.041  48.961 0.3333329856
46431  11.181  -5.279  48.141 0.3333329856
46421  10.928  -5.526  48.948 0.3333329856
112844  12.658  -4.496  47.961 0.4444440007
47499  12.489  -4.569  48.696 0.3333329856
47510  13.241  -4.070  47.395 0.3333329856
47511  12.266  -4.523  47.287 0.2222220004
47526  12.519  -4.170  46.663 0.3333329856
47528  10.888  -4.326  46.525 0.1111110002
46339  8.211  -5.147  56.114 0.4444440007
46344  9.113  -4.938  55.187 0.4444440007
47421  10.170  -4.554  54.332 0.5555559993
47437  11.071  -4.262  53.283 0.5555559993
47456  10.618  -4.850  52.871 0.5555559993
47481  11.744  -4.633  50.795 0.5555559993
115193  12.227  -4.490  50.214 0.5555559993
47489  11.782  -4.912  49.898 0.3333329856
47498  13.177  -4.172  48.464 0.3333329856
48620  14.232  -3.632  47.530 0.3333329856
47525  13.905  -3.658  46.711 0.3333329856
117645  13.092  -3.811  46.328 0.3333329856
48634  12.201  -3.818  45.946 0.2222220004
48648  12.924  -3.434  45.544 0.2222220004
48633  13.724  -3.468  45.855 0.2222220004
48661  13.567  -3.081  45.124 0.2222220004
48610  14.688  -3.430  48.228 0.4444440007
48646  15.109  -3.120  45.779 0.3333329856
117094  14.589  -3.460  46.953 0.3333329856
48647  14.347  -3.145  45.421 0.2222220004
54285  24.074  1.679  40.670 0.4444440007
54286  23.385  1.717  40.714 0.3333329856
54269  22.898  1.622  41.098 0.3333329856
49749  15.694  -2.946  45.262 0.2222220004
49750  14.958  -2.886  44.986 0.2222220004
49770  14.227  -2.746  44.751 0.1111110002
111997  22.949  1.743  40.280 0.3333329856
54297  23.725  1.832  39.524 0.3333329856
54299  22.656  1.527  39.538 0.3333329856
53166  24.509  1.389  39.416 0.3333329856
54298  23.109  1.877  39.600 0.3333329856
109914  22.798  1.798  38.807 0.3333329856
54314  22.079  1.251  38.568 0.2222220004
109781  24.091  1.706  38.825 0.3333329856
55377  23.045  2.097  38.053 0.3333329856
54327  22.367  1.847  37.862 0.2222220004
118498  23.032  2.543  44.590 0.5555559993
55313  22.645  2.259  44.376 0.5555559993
54241  22.845  1.954  43.524 0.5555559993
55332  23.308  1.740  42.801 0.4444440007
54242  22.270  1.519  43.134 0.4444440007
54255  22.774  1.623  42.560 0.4444440007
55341  23.731  1.670  42.137 0.4444440007
55342  23.143  1.663  41.915 0.4444440007
54256  22.245  1.237  42.248 0.4444440007
53094  21.819  0.782  42.862 0.4444440007
55343  22.717  1.512  41.810 0.3333329856
54268  23.569  1.680  41.329 0.4444440007
54270  22.293  1.100  41.338 0.3333329856
49748  16.475  -2.974  45.493 0.2222220004
53130  21.852  0.157  40.715 0.3333329856
114757  16.199  -2.845  44.811 0.2222220004
54287  22.373  1.145  40.327 0.3333329856
53149  21.758  0.126  39.726 0.3333329856
54300  22.100  0.938  39.387 0.2222220004
53167  21.531  0.195  38.817 0.2222220004
52010  21.242  -0.527  39.339 0.2222220004
53184  24.864  1.038  38.671 0.3333329856
54313  23.667  1.877  38.323 0.3333329856
108634  23.359  1.883  38.921 0.3333329856
111385  25.119  0.702  37.973 0.3333329856
54326  23.625  1.917  37.577 0.2222220004
116559  23.078  2.300  37.226 0.2222220004
123321  22.367  2.469  45.549 0.6666669846
123018  21.592  1.864  46.283 0.5555559993
55303  22.252  2.239  45.025 0.6666669846
54214  21.755  1.609  45.045 0.4444440007
54229  22.219  1.865  43.897 0.4444440007
53081  21.484  0.747  44.514 0.4444440007
53067  21.399  0.852  45.335 0.4444440007
103943  21.789  1.210  43.695 0.4444440007
51936  21.225  -0.081  45.326 0.4444440007
51953  21.332  -0.717  43.444 0.4444440007
51946  21.262  -0.380  44.335 0.4444440007
50850  21.023  -1.297  44.066 0.3333329856
51974  21.530  -0.788  41.084 0.2222220004
119723  21.363  -1.005  42.750 0.2222220004
53110  21.804  0.205  41.839 0.2222220004
51958  21.458  -0.873  42.026 0.2222220004
50858  21.096  -1.465  43.189 0.2222220004
49747  17.353  -2.942  45.578 0.2222220004
50865  21.118  -1.490  42.371 0.2222220004
107584  16.921  -2.908  44.802 0.2222220004
51991  21.430  -0.702  40.162 0.2222220004
50883  21.176  -1.201  40.605 0.2222220004
50896  21.019  -1.071  39.926 0.2222220004
52011  20.822  -0.709  39.288 0.2222220004
114805  21.730  2.233  46.628 0.7777780294
54199  21.375  1.468  46.808 0.6666669846
53052  21.227  0.644  46.504 0.6666669846
104985  21.473  1.339  45.943 0.5555559993
111268  21.279  0.526  45.874 0.5555559993
51929  21.120  -0.125  46.251 0.6666669846
51947  20.982  -1.090  44.977 0.3333329856
51937  20.987  -0.967  45.928 0.4444440007
50842  20.602  -1.720  45.499 0.3333329856
50851  20.648  -1.886  44.596 0.2222220004
50859  20.686  -1.984  43.701 0.3333329856
50866  20.712  -1.970  42.808 0.2222220004
49781  20.188  -2.342  43.283 0.2222220004
49767  17.349  -2.763  44.068 0.2222220004
50860  16.339  -2.261  43.243 0.2222220004
108157  20.712  -1.836  42.076 0.2222220004
49791  20.216  -2.185  42.381 0.2222220004
49794  17.033  -2.491  43.363 0.2222220004
50884  20.612  -1.471  40.676 0.2222220004
50875  19.892  -1.832  41.083 0.2222220004
49801  19.662  -2.176  41.895 0.1111110002
50885  20.053  -1.469  40.474 0.2222220004
51992  19.800  -1.091  40.092 0.2222220004
50831  20.525  -1.567  46.425 0.4444440007
49744  20.148  -2.289  45.031 0.2222220004
49745  19.496  -2.527  45.390 0.3333329856
49726  19.368  -2.421  46.256 0.3333329856
49746  18.223  -2.828  45.613 0.2222220004
49765  19.578  -2.581  44.506 0.2222220004
49766  18.760  -2.779  44.837 0.3333329856
49764  20.191  -2.342  44.160 0.2222220004
109905  19.696  -2.539  43.741 0.1111110002
112304  18.406  -2.581  43.085 0.1111110002
49783  18.187  -2.790  44.009 0.1111110002
49782  19.445  -2.490  42.906 0.1111110002
49792  18.806  -2.302  42.241 0.1111110002
122187  18.075  -2.276  42.405 0.2222220004
50876  19.068  -1.961  41.449 0.2222220004
50877  18.248  -1.926  41.814 0.1111110002
50886  19.424  -1.492  40.766 0.2222220004
51975  18.504  -1.319  41.161 0.2222220004
53181  33.195  0.637  38.532 0.4444440007
55375  35.507  2.616  38.459 0.5555559993
55376  34.999  2.162  38.483 0.7777780294
55387  35.385  2.483  37.752 0.5555559993
108679  34.517  1.788  38.919 0.7777780294
54324  33.796  1.034  37.980 0.4444440007
55388  34.813  1.940  37.764 0.5555559993
54311  34.401  1.586  38.234 0.3333329856
55400  34.906  2.091  36.966 0.4444440007
54323  34.316  1.469  37.423 0.3333329856
54339  34.170  1.408  36.465 0.3333329856
55374  35.932  3.014  38.160 0.6666669846
56466  35.918  3.058  37.414 0.5555559993
56482  35.873  3.153  36.670 0.4444440007
110386  35.498  2.669  37.032 0.4444440007
55399  35.358  2.660  36.337 0.4444440007
56508  35.784  3.270  35.903 0.3333329856
55421  35.265  2.760  35.459 0.3333329856
109927  34.675  2.225  35.004 0.2222220004
55422  34.761  2.119  35.963 0.2222220004
55437  34.500  2.259  34.022 0.3333329856
119429  34.104  1.672  34.607 0.2222220004
112111  36.476  3.528  38.643 0.7777780294
56465  36.418  3.512  37.808 0.5555559993
56481  36.344  3.612  37.041 0.5555559993
55436  35.187  2.959  34.426 0.3333329856
104011  35.419  3.602  33.639 0.2222220004
56464  36.871  3.945  38.124 0.5555559993
57527  36.827  4.079  37.435 0.5555559993
111978  36.268  3.714  36.286 0.5555559993
121619  36.546  4.254  35.961 0.4444440007
56507  36.205  3.873  35.547 0.4444440007
56527  36.119  4.111  34.766 0.2222220004
112886  35.721  3.440  35.091 0.2222220004
117872  35.696  3.665  34.384 0.2222220004
57542  37.197  4.725  37.027 0.6666669846
57543  36.696  4.213  36.632 0.5555559993
57562  36.950  4.926  36.059 0.5555559993
57563  36.534  4.581  35.294 0.1111110002
58579  37.736  5.223  37.461 0.7777780294
58593  37.499  5.477  36.622 0.6666669846
58616  37.321  5.781  35.763 0.6666669846
58617  36.879  5.388  35.121 0.3333329856
58592  37.979  5.958  37.135 0.6666669846
59655  37.719  6.275  36.336 0.6666669846
58631  37.141  6.085  35.075 0.5555559993
59673  37.434  6.555  35.548 0.6666669846
59683  37.096  6.719  34.797 0.3333329856
59684  36.667  6.931  34.064 0.4444440007
59698  36.294  6.359  33.421 0.3333329856
59724  35.365  6.085  32.104 0.1111110002
60754  37.360  7.327  35.328 0.6666669846
60764  36.924  7.534  34.645 0.5555559993
60765  36.445  7.848  33.988 0.3333329856
60777  35.572  7.716  32.965 0.2222220004
59699  35.685  6.787  32.707 0.2222220004
62709  38.533  9.358  29.582 0.7777780294
61815  38.071  8.702  29.149 0.7777780294
61833  36.825  7.921  29.041 0.7777780294
61834  35.955  8.007  29.218 0.4444440007
60857  35.443  7.549  28.776 0.3333329856
108021  34.887  7.126  28.318 0.2222220004
61774  35.845  8.250  33.405 0.3333329856
60788  34.950  7.787  32.367 0.3333329856
62682  35.225  9.570  31.969 0.7777780294
62677  34.404  9.282  31.681 0.5555559993
62683  33.586  9.102  31.142 0.2222220004
63600  38.997  9.957  30.067 0.8888890147
121492  36.720  9.592  30.905 0.6666669846
62696  35.969  9.554  30.882 0.5555559993
62713  34.596  9.193  30.344 0.5555559993
62698  34.213  9.485  31.054 0.2222220004
61816  37.255  8.516  29.484 0.6666669846
62695  37.433  9.571  30.633 0.6666669846
62711  36.750  9.141  30.256 0.6666669846
116891  35.532  8.651  29.784 0.5555559993
61818  35.009  8.323  29.459 0.2222220004
61782  35.221  8.611  32.790 0.6666669846
63556  35.820  9.653  32.562 0.7777780294
62676  35.163  9.317  32.512 0.7777780294
61783  34.480  8.820  32.193 0.4444440007
65481  41.628  12.621  22.392 0.5555559993
65482  40.988  12.200  22.100 0.4444440007
65492  40.526  12.956  21.632 0.4444440007
65499  39.173  13.088  20.927 0.2222220004
66389  40.477  13.957  21.364 0.5555559993
66390  39.904  13.520  21.189 0.3333329856
108400  37.830  13.290  20.506 0.2222220004
66396  39.381  14.071  20.724 0.3333329856
66397  38.579  13.724  20.581 0.2222220004
67377  36.925  14.308  20.005 0.2222220004
67379  35.059  14.652  20.515 0.1111110002
70188  37.194  17.566  23.737 0.1111110002
67362  40.856  14.426  21.126 0.5555559993
70202  35.290  17.395  22.198 0.1111110002
67373  41.296  14.494  20.629 0.5555559993
67374  40.428  14.478  20.458 0.4444440007
105092  39.642  14.429  20.362 0.2222220004
67392  37.097  14.908  19.572 0.2222220004
68388  35.003  15.578  20.121 0.1111110002
71021  37.945  18.529  24.120 0.1111110002
71045  36.881  18.748  22.865 0.1111110002
71032  37.351  18.414  23.551 0.1111110002
70189  36.561  17.979  23.076 0.1111110002
70214  35.611  18.046  21.785 0.1111110002
70215  35.106  17.490  21.321 0.1111110002
70223  35.105  17.524  20.522 0.1111110002
67391  38.486  14.710  19.613 0.2222220004
68396  35.759  15.532  19.547 0.1111110002
115742  35.079  17.137  19.811 0.1111110002
104770  39.533  14.544  19.273 0.2222220004
67405  38.951  14.718  19.035 0.2222220004
67407  37.651  15.111  19.092 0.2222220004
68405  36.514  16.287  18.671 0.1111110002
69347  35.782  16.898  19.030 0.1111110002
67404  40.167  14.320  18.920 0.2222220004
68404  37.285  15.789  18.461 0.2222220004
67421  40.364  14.441  17.814 0.2222220004
67422  39.562  14.606  18.419 0.2222220004
108158  38.084  15.450  18.223 0.2222220004
104895  41.758  13.832  19.043 0.2222220004
69355  37.133  16.621  18.179 0.1111110002
40935  3.678  -10.977  57.025 0.4444440007
47438  10.443  -4.681  53.665 0.5555559993
47479  12.756  -4.135  50.079 0.5555559993
47488  12.339  -4.568  49.520 0.4444440007
105466  18.912  -2.679  45.705 0.3333329856
111453  22.689  2.488  45.039 0.6666669846
63566  35.957  9.808  32.092 0.6666669846
62710  37.724  9.186  29.878 0.6666669846
66382  41.643  13.511  22.164 0.6666669846
65491  41.169  13.013  22.029 0.4444440007
67388  40.856  14.299  19.672 0.2222220004
53183  25.613  0.375  38.441 0.3333329856
41976  4.842  -9.695  53.072 0.1111110002
43015  5.585  -8.630  52.330 0.1111110002
42983  7.268  -8.278  54.085 0.3333329856
42996  7.197  -8.391  53.292 0.2222220004
44122  7.588  -7.906  52.834 0.1111110002
43014  6.393  -8.541  52.376 0.1111110002
123586  6.967  -7.450  50.904 0.1111110002
44155  6.617  -7.662  51.311 0.1111110002
44156  5.807  -7.465  51.376 0.1111110002
44121  8.116  -7.307  53.398 0.4444440007
45244  8.169  -6.250  55.065 0.5555559993
45260  9.096  -6.468  52.644 0.4444440007
45286  9.606  -6.304  51.014 0.4444440007
45311  8.507  -6.608  49.454 0.1111110002
45310  9.191  -6.495  49.460 0.1111110002
112432  9.204  -5.738  53.998 0.5555559993
46383  9.620  -6.007  52.418 0.4444440007
45285  10.129  -5.831  51.027 0.4444440007
112903  10.292  -5.882  49.056 0.1111110002
46432  10.316  -5.648  48.292 0.1111110002
46445  9.904  -5.292  47.594 0.1111110002
116679  10.514  -5.466  51.325 0.4444440007
46408  11.185  -5.209  50.307 0.4444440007
46409  10.587  -5.565  50.660 0.4444440007
105443  11.977  -4.866  48.027 0.2222220004
47512  11.313  -4.810  47.289 0.1111110002
47527  11.735  -4.307  46.552 0.1111110002
48662  12.803  -2.896  44.964 0.1111110002
48632  14.493  -3.368  46.229 0.3333329856
106740  23.512  1.791  40.150 0.3333329856
121234  14.819  -2.526  44.432 0.2222220004
55389  22.444  2.374  37.123 0.2222220004
114087  22.099  1.991  44.499 0.4444440007
119381  21.829  1.553  44.311 0.4444440007
104441  21.519  0.235  43.588 0.4444440007
105974  21.557  -0.246  42.745 0.2222220004
50874  21.075  -1.477  41.441 0.2222220004
104721  17.812  -2.904  44.816 0.2222220004
49768  16.433  -2.634  44.055 0.1111110002
50897  20.463  -1.136  39.940 0.2222220004
49725  20.035  -2.134  45.921 0.3333329856
120417  17.708  -2.626  43.456 0.2222220004
49800  20.379  -1.874  41.549 0.2222220004
49793  17.575  -2.390  42.832 0.2222220004
51993  19.075  -0.839  40.444 0.2222220004
104528  19.027  -2.709  43.836 0.1111110002
123483  17.812  -1.394  41.656 0.2222220004
60776  36.136  7.269  33.415 0.2222220004
61817  36.365  8.516  29.681 0.5555559993
121906  35.093  6.723  27.722 0.2222220004
62697  35.011  9.604  30.934 0.5555559993
107818  34.802  9.527  31.400 0.5555559993
61801  33.589  9.128  30.578 0.3333329856
61789  33.759  8.781  31.593 0.3333329856
62712  35.673  9.162  30.348 0.5555559993
61819  33.923  8.750  29.770 0.2222220004
65493  39.757  12.489  21.283 0.3333329856
66395  40.112  14.260  20.877 0.5555559993
65500  38.288  12.563  20.692 0.2222220004
67376  37.902  14.101  20.272 0.2222220004
66398  37.097  13.388  20.313 0.1111110002
67375  38.801  14.449  20.205 0.2222220004
67378  35.855  14.314  20.150 0.1111110002
66400  35.352  13.753  20.657 0.1111110002
67394  35.559  14.981  19.955 0.1111110002
69321  35.032  16.632  22.524 0.1111110002
70201  35.883  17.866  22.485 0.1111110002
69329  34.724  16.830  21.728 0.1111110002
67390  39.209  14.622  19.909 0.2222220004
116115  37.911  14.639  19.821 0.2222220004
67393  36.299  14.921  19.712 0.2222220004
69338  34.682  16.834  20.756 0.1111110002
69337  34.798  16.383  20.143 0.1111110002
71020  38.459  18.633  24.634 0.1111110002
69320  35.820  17.191  23.003 0.1111110002
69330  34.447  16.278  21.373 0.1111110002
71058  35.494  18.085  20.904 0.1111110002
67389  39.954  14.561  19.863 0.2222220004
68395  36.634  15.482  19.126 0.2222220004
108539  35.322  16.271  19.569 0.1111110002
67406  38.345  15.029  18.787 0.2222220004
108995  35.954  16.063  19.109 0.1111110002
67403  41.001  14.055  18.520 0.2222220004
68403  38.871  15.026  18.011 0.2222220004
68421  37.839  16.145  17.821 0.1111110002
68420  38.567  15.730  17.503 0.2222220004
59436  24.466  6.099  55.106 0.4444440007
59425  24.704  5.990  55.752 0.4444440007
58415  26.625  5.636  53.574 0.3333329856
59449  25.090  6.056  54.528 0.4444440007
59416  24.847  5.735  56.166 0.3333329856
58381  24.397  5.481  56.615 0.2222220004
115903  25.872  4.290  51.421 0.6666669846
58433  25.038  5.204  52.826 0.6666669846
124427  28.737  4.409  51.514 0.4444440007
57370  25.068  4.363  51.436 0.7777780294
59438  23.388  5.848  55.523 0.4444440007
58418  23.743  5.329  53.473 0.4444440007
59427  23.492  5.764  56.247 0.3333329856
58434  24.177  5.094  52.772 0.4444440007
59417  24.217  5.740  56.299 0.4444440007
58382  23.618  5.399  56.862 0.3333329856
57389  24.673  4.176  50.720 0.4444440007
58374  24.061  5.069  57.149 0.2222220004
58395  22.767  5.579  55.783 0.3333329856
58405  23.053  5.607  54.881 0.5555559993
58435  23.361  4.971  52.735 0.5555559993
109036  22.787  5.261  54.192 0.5555559993
58451  23.764  4.729  52.066 0.5555559993
57351  22.342  4.433  52.284 0.5555559993
57390  22.811  4.197  50.672 0.5555559993
57300  20.329  3.928  57.126 0.3333329856
56227  19.621  3.349  57.511 0.3333329856
56228  18.946  2.901  57.864 0.3333329856
55130  18.115  2.161  58.694 0.3333329856
55132  16.479  1.896  58.773 0.3333329856
111164  15.606  1.327  59.437 0.3333329856
55124  15.298  1.514  59.329 0.3333329856
55126  14.289  1.402  59.395 0.3333329856
113341  21.406  4.595  55.463 0.4444440007
57325  20.991  4.091  54.916 0.4444440007
56238  20.160  3.661  56.094 0.3333329856
56239  19.656  3.275  56.525 0.3333329856
56240  19.018  2.845  56.912 0.3333329856
57324  21.691  4.598  54.553 0.4444440007
56264  20.524  3.517  54.351 0.4444440007
56253  19.730  3.101  55.588 0.4444440007
57352  21.735  4.161  52.620 0.5555559993
57336  21.723  4.322  53.511 0.5555559993
57337  21.113  3.999  53.954 0.5555559993
57391  22.028  4.052  50.844 0.6666669846
57353  21.166  3.864  53.054 0.5555559993
57406  22.261  4.009  49.980 0.6666669846
56229  18.205  2.477  58.215 0.3333329856
55145  17.566  2.108  57.587 0.3333329856
55146  16.761  1.887  57.888 0.3333329856
55123  16.086  1.582  59.300 0.3333329856
55133  15.642  1.811  58.933 0.3333329856
55125  14.739  1.399  59.393 0.3333329856
56254  19.140  2.662  55.995 0.4444440007
55144  18.326  2.451  57.271 0.3333329856
55134  15.108  1.800  58.982 0.3333329856
56265  19.884  3.028  54.706 0.4444440007
55160  18.502  2.285  56.353 0.4444440007
54046  15.437  1.258  57.495 0.4444440007
54047  14.604  1.191  57.695 0.3333329856
57349  33.460  4.554  52.857 0.2222220004
117635  20.747  3.387  52.763 0.6666669846
55175  19.189  2.455  55.065 0.5555559993
55176  18.497  1.876  55.055 0.5555559993
54063  15.686  0.980  56.646 0.4444440007
54064  14.856  0.906  56.852 0.3333329856
57374  21.825  4.087  51.735 0.6666669846
56274  20.653  3.436  53.487 0.6666669846
56275  20.039  3.024  53.850 0.5555559993
56285  21.144  3.673  52.115 0.6666669846
55185  19.499  2.487  54.175 0.6666669846
55186  18.862  1.971  54.324 0.6666669846
56286  20.514  3.071  52.198 0.6666669846
56287  20.191  2.896  52.980 0.6666669846
55194  19.715  2.526  53.480 0.6666669846
54101  18.249  1.459  54.458 0.5555559993
56303  21.400  3.659  51.135 0.6666669846
56304  20.802  3.140  51.417 0.6666669846
54115  18.599  1.429  53.596 0.6666669846
56320  21.038  3.149  50.580 0.6666669846
55203  20.045  2.589  52.308 0.6666669846
55217  19.753  2.073  51.953 0.6666669846
55205  19.216  2.058  53.564 0.6666669846
54127  18.127  0.761  53.114 0.6666669846
52967  17.425  0.416  53.416 0.5555559993
52983  18.378  0.488  52.346 0.5555559993
55200  38.745  3.246  53.065 0.1111110002
56273  36.949  4.470  53.891 0.2222220004
57331  36.581  4.981  53.482 0.3333329856
117214  36.361  4.759  52.461 0.2222220004
55214  39.023  2.984  52.400 0.1111110002
57344  38.944  4.438  52.689 0.1111110002
57345  38.171  4.666  53.038 0.1111110002
57346  37.310  4.929  53.318 0.2222220004
57360  37.307  4.940  52.141 0.2222220004
55213  39.526  3.550  51.869 0.1111110002
56297  39.126  3.731  52.668 0.1111110002
57359  38.389  4.941  52.097 0.2222220004
57381  36.963  4.427  50.997 0.2222220004
58457  38.359  5.356  51.007 0.2222220004
110012  37.689  4.913  51.428 0.2222220004
60611  37.059  7.281  46.667 0.3333329856
62601  40.406  9.932  43.187 0.6666669846
62606  41.369  9.912  41.973 0.5555559993
61702  40.458  8.840  42.104 0.7777780294
61710  41.166  9.060  40.805 0.6666669846
58632  36.749  5.976  34.295 0.1111110002
61832  37.644  7.985  28.794 0.5555559993
60856  37.193  7.464  28.396 0.5555559993
61870  37.506  7.709  24.082 0.2222220004
62767  40.069  9.020  24.113 0.1111110002
61868  39.456  8.643  24.108 0.2222220004
109130  38.725  8.216  24.137 0.2222220004
61897  38.136  8.665  22.806 0.1111110002
61898  37.429  8.477  22.779 0.1111110002
62796  38.514  9.234  22.434 0.1111110002
54020  13.525  0.930  59.753 0.2222220004
54036  14.376  1.470  58.664 0.3333329856
54045  16.249  1.382  57.270 0.4444440007
107727  23.761  4.203  50.511 0.5555559993
57372  23.334  4.419  51.369 0.5555559993
120995  29.319  4.715  52.106 0.4444440007
62611  41.176  9.320  41.548 0.6666669846
60874  36.767  7.043  27.884 0.4444440007
61869  38.156  7.861  24.266 0.2222220004
58432  26.372  4.988  52.534 0.5555559993
58449  25.571  4.740  52.161 0.6666669846
104082  21.886  2.176  45.797 0.5555559993
105678  36.361  7.407  28.590 0.4444440007
59774  35.813  6.891  28.010 0.3333329856
59450  24.150  5.798  54.284 0.4444440007
59426  24.017  5.966  55.712 0.4444440007
59437  23.720  5.888  54.929 0.4444440007
59435  25.107  6.136  55.323 0.3333329856
58417  24.605  5.538  53.569 0.4444440007
58416  25.528  5.662  53.648 0.4444440007
111102  24.925  5.513  56.410 0.2222220004
57287  24.503  4.466  57.290 0.2222220004
58450  24.629  4.744  52.098 0.5555559993
58404  23.373  5.510  54.170 0.5555559993
57371  24.205  4.416  51.373 0.4444440007
124810  23.448  4.947  57.372 0.3333329856
58406  22.425  5.165  54.785 0.5555559993
57350  22.987  4.661  52.092 0.5555559993
58419  22.899  5.092  53.420 0.5555559993
58420  22.269  4.873  53.882 0.5555559993
57335  22.283  4.602  53.059 0.5555559993
57373  22.534  4.305  51.500 0.5555559993
55131  17.380  2.087  58.495 0.3333329856
55122  17.152  1.729  59.095 0.3333329856
54019  14.051  0.825  59.866 0.3333329856
56252  20.352  3.607  55.262 0.4444440007
55147  15.942  1.735  58.180 0.3333329856
55148  15.151  1.610  58.407 0.3333329856
56284  37.861  4.142  53.716 0.1111110002
62607  40.864  9.561  42.394 0.6666669846
62782  39.692  9.205  23.500 0.1111110002
61880  38.847  8.757  23.295 0.2222220004
61881  38.011  8.177  23.509 0.1111110002
38056  4.242  -13.304  57.298 0.2222220004
38927  5.303  -11.979  59.057 0.2222220004
53196  33.171  0.506  37.687 0.2222220004
53182  32.564  0.194  38.197 0.2222220004
52026  31.894  -0.127  38.593 0.2222220004
54340  33.711  0.895  37.146 0.2222220004
53197  32.498  0.089  37.418 0.2222220004
52054  31.763  -0.275  37.309 0.2222220004
120096  33.537  0.803  36.442 0.2222220004
53227  32.971  0.420  35.912 0.2222220004
110403  21.999  5.061  55.558 0.3333329856
61704  38.863  8.185  42.982 0.6666669846
61703  39.622  8.522  42.556 0.6666669846
124573  34.114  8.246  31.894 0.1111110002
69445  52.256  16.098  9.239 0.3333329856
120322  50.696  14.527  12.280 0.3333329856
67483  49.818  14.275  12.389 0.3333329856
68507  51.892  15.537  9.945 0.3333329856
67496  50.963  14.837  10.906 0.2222220004
67497  50.092  14.703  10.879 0.2222220004
68506  52.773  15.827  9.943 0.3333329856
110672  51.602  15.156  10.550 0.3333329856
68520  50.363  15.663  9.321 0.2222220004
68491  50.948  15.238  10.052 0.2222220004
125151  50.484  14.939  10.472 0.2222220004
52028  30.123  -0.587  38.811 0.3333329856
61694  38.538  8.494  43.748 0.5555559993
62608  40.017  9.217  42.875 0.6666669846
68483  51.775  14.954  11.177 0.2222220004
38057  3.761  -13.061  57.012 0.2222220004
58654  35.888  5.822  32.745 0.1111110002
38065  3.533  -13.618  56.585 0.2222220004
53208  33.057  0.403  36.861 0.2222220004
118746  32.059  -0.142  37.914 0.2222220004
61693  39.235  8.888  43.342 0.6666669846
60800  33.352  7.888  31.391 0.1111110002
69446  51.344  15.847  9.263 0.3333329856
55201  38.081  3.167  53.561 0.1111110002
55202  37.237  2.608  53.745 0.1111110002
123919  28.565  -0.671  39.069 0.3333329856
52029  29.636  -0.658  38.040 0.2222220004
63470  39.598  10.088  44.613 0.3333329856
120589  39.672  9.592  43.686 0.5555559993
63477  40.074  10.247  43.924 0.5555559993
63482  41.206  10.398  42.674 0.4444440007
64359  41.632  11.263  42.577 0.4444440007
112135  41.468  10.034  41.403 0.4444440007
58447  27.614  4.734  52.057 0.4444440007
58429  28.895  5.211  52.867 0.4444440007
52005  29.141  -0.684  38.790 0.3333329856
57347  35.885  5.016  53.164 0.2222220004
63487  41.567  10.574  41.879 0.4444440007
55191  37.290  3.513  54.064 0.1111110002
62602  38.953  9.212  44.329 0.5555559993
112267  36.785  1.204  52.780 0.1111110002
54122  36.968  1.834  53.286 0.1111110002
44070  10.914  -7.683  61.947 0.1111110002
117921  9.515  -7.931  62.278 0.1111110002
103870  10.160  -7.522  62.524 0.1111110002
44071  9.946  -7.908  61.621 0.1111110002
42933  9.675  -8.126  60.600 0.1111110002
44077  10.511  -7.759  60.738 0.1111110002
108389  9.134  -8.377  61.591 0.1111110002
44060  9.494  -7.362  62.807 0.1111110002
42934  8.946  -8.610  60.583 0.1111110002
124344  8.813  -8.890  59.786 0.1111110002
41915  8.480  -9.566  59.461 0.1111110002
41922  8.670  -9.712  58.465 0.1111110002
109896  8.822  -7.405  62.812 0.1111110002
42925  8.364  -8.648  61.942 0.1111110002
42920  8.107  -8.259  62.432 0.1111110002
41907  7.571  -9.975  61.013 0.1111110002
41916  7.854  -10.221  60.141 0.1111110002
40895  7.129  -10.615  60.548 0.1111110002
40901  7.410  -10.887  59.639 0.1111110002
37130  3.623  -14.157  56.233 0.1111110002
37136  4.214  -14.329  55.834 0.1111110002
39873  6.944  -11.603  59.163 0.1111110002
40908  8.285  -10.503  58.123 0.1111110002
121491  6.324  -12.075  59.068 0.1111110002
38071  6.102  -13.339  55.807 0.1111110002
38072  5.559  -13.760  55.429 0.1111110002
38073  4.905  -13.991  56.000 0.1111110002
37137  3.531  -14.379  55.526 0.1111110002
40920  7.914  -11.112  57.869 0.1111110002
37143  4.244  -14.442  54.931 0.1111110002
38066  2.888  -13.382  56.203 0.1111110002
38074  2.516  -13.606  55.560 0.2222220004
37138  2.823  -14.224  55.202 0.1111110002
39882  6.656  -12.139  58.505 0.1111110002
121941  5.493  -13.676  56.122 0.1111110002
37144  3.484  -14.478  54.621 0.1111110002
40919  8.344  -10.767  57.150 0.1111110002
38958  7.271  -12.285  55.819 0.1111110002
110986  6.602  -12.811  56.267 0.1111110002
39912  8.396  -11.400  55.025 0.1111110002
38966  7.574  -12.318  54.226 0.1111110002
120654  6.930  -12.881  54.443 0.1111110002
120863  2.136  -13.186  55.057 0.1111110002
38081  2.267  -13.731  54.748 0.1111110002
108599  1.880  -13.119  54.362 0.1111110002
124131  7.673  -11.540  57.189 0.1111110002
39904  7.742  -11.729  56.228 0.1111110002
37145  2.748  -14.246  54.294 0.1111110002
38976  1.812  -13.026  53.555 0.1111110002
40933  8.629  -10.842  56.205 0.1111110002
40955  8.944  -11.013  54.622 0.1111110002
39923  8.515  -11.503  54.263 0.1111110002
115684  1.869  -12.473  53.971 0.1111110002
38977  1.826  -12.289  53.111 0.1111110002
111514  11.528  -2.859  45.298 0.1111110002
48649  12.193  -3.232  45.316 0.1111110002
49769  15.557  -2.637  44.431 0.1111110002
52032  26.794  -0.436  38.343 0.2222220004
52030  28.331  -0.675  38.565 0.1111110002
52031  27.549  -0.609  38.486 0.1111110002
50867  17.462  -1.867  42.172 0.1111110002
115524  29.770  5.195  52.996 0.2222220004
106443  30.526  -0.572  38.064 0.1111110002
123523  28.799  -0.685  37.927 0.1111110002
107284  27.219  -0.623  37.686 0.1111110002
52033  26.202  -0.100  38.175 0.2222220004
106457  26.919  5.714  55.109 0.2222220004
59423  26.009  5.886  55.443 0.2222220004
59447  27.534  5.898  54.173 0.2222220004
59434  26.526  5.964  54.994 0.2222220004
58431  27.175  5.118  52.735 0.2222220004
52056  30.044  -0.633  37.370 0.1111110002
53198  25.747  0.123  37.567 0.2222220004
51959  17.200  -1.028  41.829 0.1111110002
116229  18.371  -0.320  40.872 0.1111110002
117048  17.796  -0.647  41.397 0.1111110002
115946  17.199  -0.001  41.752 0.1111110002
114281  25.729  6.118  55.173 0.2222220004
59448  26.081  6.040  54.481 0.3333329856
52055  30.894  -0.520  37.345 0.1111110002
52076  30.364  -0.606  36.657 0.1111110002
52088  32.253  0.008  35.640 0.1111110002
52089  31.571  -0.331  35.752 0.1111110002
53210  24.895  0.792  36.313 0.1111110002
54325  24.272  1.386  36.949 0.1111110002
52035  20.516  -0.244  38.750 0.1111110002
113848  19.517  -0.463  39.753 0.1111110002
52113  31.815  -0.157  34.933 0.1111110002
54342  23.619  2.129  36.542 0.1111110002
53185  21.269  0.494  38.127 0.1111110002
52034  21.047  -0.208  38.651 0.1111110002
53186  20.761  0.301  38.160 0.1111110002
53187  20.052  0.412  38.348 0.1111110002
52036  19.779  -0.099  39.019 0.1111110002
55402  22.188  2.982  36.387 0.1111110002
56515  25.350  4.469  34.917 0.1111110002
54357  34.203  1.601  35.489 0.1111110002
53226  33.271  0.728  35.067 0.1111110002
53250  32.564  0.272  35.001 0.1111110002
56532  24.599  3.286  34.645 0.1111110002
56517  23.314  3.542  35.242 0.1111110002
56518  22.698  3.237  35.804 0.1111110002
55403  21.648  2.733  36.700 0.1111110002
120730  21.005  2.409  36.861 0.1111110002
53200  20.931  0.847  37.670 0.1111110002
125291  33.753  1.241  35.073 0.1111110002
55401  22.887  2.640  36.503 0.1111110002
55391  20.405  2.620  37.117 0.1111110002
53201  20.338  1.030  37.769 0.1111110002
58620  23.634  5.268  35.431 0.1111110002
56516  24.027  3.861  34.817 0.1111110002
57570  22.708  4.031  35.427 0.1111110002
56489  22.084  3.739  35.867 0.1111110002
57551  20.814  3.957  36.453 0.1111110002
54373  33.526  1.138  34.365 0.1111110002
54384  33.382  1.412  32.941 0.1111110002
54385  32.779  1.110  32.683 0.1111110002
56541  34.820  2.905  33.363 0.1111110002
61649  37.820  8.163  46.446 0.3333329856
61648  38.336  8.843  46.748 0.1111110002
61669  38.040  8.642  45.807 0.3333329856
62589  38.671  9.306  46.134 0.1111110002
62595  38.413  9.039  45.141 0.1111110002
62588  39.350  10.063  46.537 0.2222220004
62594  39.037  9.812  45.399 0.1111110002
63451  40.081  10.676  46.995 0.2222220004
63461  39.858  10.693  45.813 0.2222220004
109458  40.327  10.908  44.703 0.2222220004
64337  41.065  11.636  45.129 0.2222220004
64350  40.978  11.363  44.266 0.3333329856
63476  40.714  10.675  43.662 0.3333329856
63475  41.334  11.294  43.435 0.3333329856
64349  41.682  11.987  44.387 0.3333329856
65233  42.345  12.380  43.736 0.1111110002
114396  41.875  12.093  43.303 0.3333329856
65231  43.150  12.530  43.533 0.1111110002
65232  42.600  12.374  43.885 0.3333329856
108330  41.849  12.176  42.423 0.3333329856
123214  41.365  12.440  41.209 0.3333329856
65245  42.638  12.816  42.805 0.3333329856
69180  49.407  16.046  33.109 0.1111110002
69194  49.153  16.039  32.643 0.1111110002
69208  49.261  16.106  32.035 0.1111110002
69207  50.087  16.583  31.819 0.1111110002
69217  50.394  16.643  31.088 0.1111110002
68274  50.718  16.582  30.250 0.1111110002
68292  50.800  16.405  29.278 0.1111110002
70152  50.240  18.209  27.860 0.2222220004
71792  49.574  20.218  26.978 0.2222220004
71791  50.366  20.398  27.239 0.2222220004
72594  50.035  21.287  25.861 0.1111110002
72595  49.326  21.265  25.594 0.2222220004
71799  48.806  20.334  25.952 0.2222220004
72596  48.419  20.845  25.216 0.2222220004
38960  2.477  -12.899  55.617 0.2222220004
41898  7.921  -9.252  61.460 0.1111110002
40896  6.549  -10.784  60.634 0.1111110002
39867  6.170  -11.175  60.285 0.1111110002
39875  5.662  -11.515  59.709 0.1111110002
38932  5.129  -12.535  58.523 0.1111110002
108857  6.406  -12.743  57.198 0.1111110002
38943  6.236  -12.624  58.069 0.1111110002
38063  5.761  -13.349  56.728 0.1111110002
58414  27.664  5.646  53.505 0.2222220004
109924  38.307  8.653  44.438 0.4444440007
69248  51.206  17.554  28.855 0.1111110002
70994  50.752  19.185  28.158 0.2222220004
73351  49.793  21.662  25.197 0.2222220004
38064  4.277  -13.950  56.649 0.1111110002
105205  5.576  -12.722  58.401 0.1111110002
69229  51.435  17.135  29.784 0.1111110002
117101  50.038  19.959  27.568 0.2222220004
54328  21.500  1.320  37.649 0.1111110002
117773  24.363  1.374  37.960 0.2222220004
53199  24.968  0.703  37.234 0.1111110002
109025  15.790  -2.339  43.707 0.1111110002
52012  20.174  -0.693  39.408 0.1111110002
54358  33.658  1.025  35.757 0.1111110002
104643  26.887  5.931  54.499 0.2222220004
59415  25.431  5.666  56.010 0.2222220004
38926  5.705  -12.172  59.077 0.1111110002
52074  32.238  -0.058  36.508 0.1111110002
52075  31.280  -0.435  36.579 0.1111110002
37131  3.014  -14.072  56.051 0.1111110002
42919  8.898  -8.075  62.455 0.1111110002
111622  10.301  -7.041  63.311 0.1111110002
41914  9.407  -8.432  59.661 0.1111110002
42932  10.245  -7.963  59.553 0.1111110002
116013  8.500  -8.838  61.295 0.1111110002
41906  8.300  -9.417  60.619 0.1111110002
40900  8.069  -10.324  59.060 0.1111110002
41921  9.111  -8.851  58.864 0.1111110002
40909  7.696  -11.032  58.667 0.1111110002
40902  6.704  -11.196  60.088 0.1111110002
39874  6.221  -11.677  59.640 0.1111110002
38959  6.776  -12.839  55.365 0.1111110002
39891  7.342  -11.618  58.182 0.1111110002
38942  6.948  -12.165  57.658 0.1111110002
123414  8.159  -11.256  56.504 0.1111110002
41940  8.986  -10.224  56.632 0.1111110002
39913  7.849  -11.804  55.411 0.1111110002
38967  7.412  -12.329  54.980 0.1111110002
39924  7.963  -11.849  54.652 0.1111110002
40943  8.780  -10.918  55.401 0.1111110002
118763  7.235  -12.723  53.762 0.1111110002
123617  8.058  -11.892  54.011 0.1111110002
38952  7.126  -12.209  56.715 0.1111110002
39903  8.285  -11.339  55.796 0.1111110002
52059  27.987  -0.690  37.768 0.1111110002
52061  26.526  -0.377  37.621 0.1111110002
57310  26.259  5.329  55.819 0.2222220004
59433  27.465  5.741  54.617 0.2222220004
111483  25.547  0.163  36.632 0.1111110002
53131  17.839  0.337  41.311 0.1111110002
52090  30.664  -0.588  35.837 0.1111110002
108349  31.003  -0.491  34.961 0.1111110002
54341  24.318  1.502  35.991 0.1111110002
55427  23.345  2.744  35.734 0.1111110002
54360  23.985  2.226  35.540 0.1111110002
55390  21.671  2.101  37.197 0.1111110002
53168  19.344  0.832  39.018 0.1111110002
57585  24.743  4.040  34.692 0.1111110002
122261  25.389  3.646  34.545 0.1111110002
55442  25.163  2.666  34.391 0.1111110002
55426  23.897  2.985  35.015 0.1111110002
55443  24.478  2.394  34.843 0.1111110002
56491  20.868  3.104  36.638 0.1111110002
54329  20.773  1.708  37.279 0.1111110002
55392  19.976  1.984  37.566 0.1111110002
56473  19.770  3.019  37.546 0.1111110002
58621  22.818  4.877  35.483 0.1111110002
57569  23.459  4.415  35.139 0.1111110002
58619  24.442  5.570  35.697 0.1111110002
122116  22.234  4.432  35.682 0.1111110002
56490  21.482  3.464  36.276 0.1111110002
57550  21.543  4.454  36.038 0.1111110002
56472  20.292  3.495  36.971 0.1111110002
53264  33.174  1.035  33.510 0.1111110002
54372  33.835  1.637  33.624 0.1111110002
55452  33.733  1.810  32.797 0.1111110002
55451  34.233  2.245  33.062 0.1111110002
62583  39.001  9.419  47.138 0.1111110002
62582  39.697  9.942  47.394 0.1111110002
65219  42.222  12.119  44.693 0.2222220004
72587  49.874  20.895  26.533 0.2222220004
60834  34.456  7.926  28.947 0.1111110002
63708  39.316  10.648  21.715 0.1111110002
64614  40.201  11.806  21.696 0.2222220004
64615  39.626  11.262  21.566 0.2222220004
108071  39.542  11.735  21.322 0.2222220004
67490  50.410  14.557  11.619 0.2222220004
67491  49.539  14.426  11.527 0.2222220004
69420  57.225  16.764  11.293 0.2222220004
118747  53.878  16.756  9.251 0.3333329856
69415  57.668  16.329  12.606 0.1111110002
70304  57.416  16.788  12.067 0.2222220004
112100  56.928  17.763  16.236 0.2222220004
63698  39.683  10.239  22.335 0.1111110002
118308  43.847  14.665  16.651 0.2222220004
108316  57.542  16.142  11.772 0.2222220004
68505  53.643  16.216  9.905 0.3333329856
60858  33.980  7.338  28.444 0.1111110002
63709  38.509  10.408  21.429 0.1111110002
64616  38.964  11.215  21.204 0.1111110002
57307  29.867  4.306  54.751 0.1111110002
57308  29.335  4.514  54.789 0.1111110002
104468  29.607  2.947  54.735 0.1111110002
56249  29.226  3.722  54.830 0.1111110002
56250  28.280  3.462  55.157 0.1111110002
54094  28.199  1.449  54.720 0.1111110002
119925  29.002  4.910  54.803 0.1111110002
115493  28.163  4.828  55.113 0.1111110002
54075  27.680  1.950  55.216 0.1111110002
106730  26.618  0.717  52.663 0.1111110002
52992  27.072  0.500  51.435 0.1111110002
123557  27.446  4.650  55.440 0.1111110002
54095  26.685  1.330  54.802 0.1111110002
107680  25.924  1.447  55.044 0.1111110002
52978  26.008  0.786  52.053 0.1111110002
54110  25.648  1.151  53.297 0.1111110002
57320  34.406  4.468  54.471 0.1111110002
58401  32.715  5.093  54.099 0.1111110002
58402  31.400  5.132  54.101 0.1111110002
57319  34.972  5.009  54.119 0.1111110002
57333  34.277  5.017  53.591 0.1111110002
57334  33.393  5.025  53.736 0.1111110002
104779  31.992  5.016  53.961 0.1111110002
57348  34.298  4.733  52.952 0.1111110002
58425  32.991  4.750  53.337 0.1111110002
58412  32.553  4.880  53.706 0.1111110002
59429  31.305  5.044  53.932 0.1111110002
116943  31.117  4.857  53.267 0.1111110002
55127  22.995  3.290  58.187 0.1111110002
58428  30.521  5.026  53.174 0.1111110002
55142  23.409  2.966  57.963 0.1111110002
55159  22.870  2.498  57.547 0.1111110002
58444  30.966  4.674  52.607 0.1111110002
55158  23.785  2.559  57.326 0.1111110002
109822  28.946  5.674  54.044 0.1111110002
57286  25.203  4.576  56.892 0.1111110002
55157  24.600  2.594  57.099 0.1111110002
55155  26.063  2.915  56.586 0.1111110002
54056  24.987  2.094  56.440 0.1111110002
54098  23.337  1.830  54.606 0.1111110002
55173  26.473  2.389  56.057 0.1111110002
125064  23.698  1.681  54.009 0.1111110002
54112  23.034  1.681  53.600 0.1111110002
54111  24.080  1.531  53.481 0.1111110002
111897  36.296  3.744  54.332 0.1111110002
57332  35.973  4.871  54.000 0.1111110002
56226  23.395  3.782  57.975 0.2222220004
55143  22.623  2.761  58.256 0.1111110002
50655  13.006  -0.703  59.488 0.1111110002
51789  13.889  -0.588  59.341 0.1111110002
56213  22.526  3.728  58.219 0.2222220004
55128  22.279  3.049  58.485 0.2222220004
51783  13.441  -0.058  60.038 0.1111110002
57289  22.285  4.477  57.862 0.2222220004
57288  23.058  4.447  57.786 0.2222220004
56214  21.778  3.299  58.517 0.1111110002
58375  22.890  5.008  57.324 0.2222220004
112767  13.890  0.352  59.979 0.1111110002
57290  21.524  4.344  57.829 0.2222220004
57277  21.741  3.918  58.260 0.2222220004
57278  21.126  3.794  58.214 0.2222220004
50654  17.703  -0.830  59.417 0.1111110002
58383  22.881  5.399  56.743 0.2222220004
114368  21.301  3.469  58.447 0.1111110002
54035  20.535  1.309  58.852 0.1111110002
52900  19.927  0.655  59.048 0.1111110002
51786  19.594  -0.841  59.082 0.1111110002
49570  19.105  -2.507  57.714 0.1111110002
60597  37.960  7.360  48.728 0.1111110002
60603  37.190  7.198  47.401 0.2222220004
54021  12.902  0.742  59.848 0.1111110002
52893  15.367  0.650  59.788 0.1111110002
52894  14.438  0.670  59.821 0.1111110002
51769  14.898  0.322  59.885 0.1111110002
51780  17.229  -0.218  59.830 0.1111110002
51781  16.680  -0.485  59.553 0.1111110002
58384  22.105  4.898  57.195 0.2222220004
115419  17.950  -0.195  59.770 0.1111110002
58396  22.284  5.237  56.410 0.2222220004
57299  21.197  4.509  57.204 0.2222220004
56207  20.051  2.811  58.595 0.1111110002
55120  19.798  2.279  58.822 0.2222220004
52890  18.855  0.872  59.340 0.2222220004
50652  19.187  -0.985  59.240 0.1111110002
57311  21.601  4.852  56.351 0.2222220004
57292  20.145  3.629  57.995 0.2222220004
56216  19.950  3.107  58.395 0.2222220004
56208  19.413  2.565  58.588 0.2222220004
57312  20.853  4.213  56.060 0.2222220004
59477  38.019  6.747  49.350 0.1111110002
60602  37.779  7.661  48.060 0.1111110002
60610  37.617  7.811  47.155 0.2222220004
54018  15.005  1.047  59.622 0.1111110002
54017  16.851  0.987  59.749 0.1111110002
52892  16.258  0.572  59.875 0.1111110002
51766  17.256  0.347  59.933 0.1111110002
54016  17.922  0.833  59.639 0.1111110002
51779  18.656  -0.072  59.617 0.1111110002
55121  18.137  1.800  58.912 0.2222220004
56217  19.005  2.661  58.482 0.2222220004
114722  38.128  8.432  47.202 0.1111110002
120719  15.832  1.032  59.655 0.1111110002
54027  17.460  1.315  59.385 0.2222220004
54028  16.448  1.337  59.443 0.1111110002
60917  35.442  7.201  24.526 0.1111110002
60918  34.557  7.335  24.652 0.1111110002
60927  36.691  7.579  23.951 0.1111110002
60928  35.852  7.567  23.902 0.1111110002
61871  34.284  7.928  24.284 0.1111110002
61882  37.096  8.013  23.393 0.1111110002
61883  36.260  7.977  23.364 0.1111110002
60929  35.005  7.717  24.007 0.1111110002
61885  34.534  8.490  23.702 0.1111110002
65494  39.067  12.068  20.959 0.1111110002
61884  35.439  8.124  23.434 0.1111110002
106338  41.792  13.973  18.077 0.1111110002
123800  39.660  14.886  17.641 0.1111110002
67435  40.978  14.640  17.016 0.1111110002
68419  39.368  15.428  17.208 0.1111110002
68418  40.195  15.048  17.011 0.1111110002
67433  42.441  14.766  16.585 0.1111110002
107083  40.971  15.373  16.351 0.1111110002
67434  41.598  14.879  16.592 0.1111110002
68432  41.893  15.301  16.044 0.1111110002
69369  39.057  16.177  16.899 0.1111110002
67451  43.249  14.822  16.267 0.1111110002
68445  40.802  16.211  15.896 0.1111110002
109044  43.345  15.016  15.679 0.1111110002
68443  42.695  15.177  15.841 0.1111110002
68444  41.453  15.821  15.749 0.1111110002
69389  42.198  15.781  15.364 0.1111110002
107209  43.052  15.400  15.219 0.1111110002
70323  56.424  17.098  9.169 0.2222220004
70324  55.653  17.361  8.679 0.2222220004
105184  49.024  14.160  12.104 0.1111110002
67484  48.330  14.157  12.236 0.1111110002
67486  47.011  14.520  12.903 0.1111110002
70325  54.613  17.332  8.783 0.2222220004
67492  48.700  14.433  11.482 0.1111110002
67485  47.632  14.271  12.488 0.1111110002
70334  55.030  17.547  7.911 0.2222220004
69458  53.609  17.123  8.535 0.2222220004
105354  53.125  16.418  9.235 0.2222220004
69469  55.692  16.790  7.088 0.2222220004
70335  54.212  17.572  7.790 0.2222220004
120163  55.276  17.200  6.824 0.2222220004
68478  46.792  15.280  12.507 0.1111110002
68492  49.914  15.051  10.113 0.1111110002
67498  49.234  14.689  10.785 0.1111110002
67499  48.389  14.803  10.804 0.1111110002
67493  47.862  14.626  11.559 0.1111110002
68477  47.245  14.851  12.040 0.1111110002
70336  53.103  17.488  7.742 0.2222220004
69459  52.658  16.782  8.549 0.2222220004
68484  47.382  15.198  11.244 0.1111110002
70349  53.843  17.666  7.047 0.2222220004
113196  52.172  17.233  7.930 0.1111110002
69460  51.765  16.527  8.564 0.1111110002
69461  50.822  16.342  8.577 0.1111110002
68493  48.901  15.067  10.125 0.1111110002
68494  48.107  15.243  10.245 0.1111110002
67500  47.786  15.057  10.832 0.1111110002
70365  53.601  17.613  6.354 0.2222220004
70351  51.625  17.677  7.201 0.1111110002
70338  50.408  17.017  7.987 0.1111110002
69462  49.728  16.229  8.633 0.1111110002
68508  49.397  15.550  9.457 0.1111110002
68510  47.843  15.691  9.809 0.1111110002
68495  47.452  15.599  10.450 0.1111110002
120035  50.901  17.513  7.447 0.1111110002
68509  48.535  15.563  9.633 0.1111110002
70352  50.225  17.551  7.346 0.1111110002
70339  49.499  17.097  7.924 0.1111110002
69448  48.142  16.087  9.195 0.1111110002
70353  49.333  17.666  7.178 0.1111110002
70340  48.579  17.270  7.898 0.1111110002
69495  47.936  16.244  4.411 0.1111110002
69433  46.985  16.198  10.469 0.1111110002
69463  48.738  16.505  8.495 0.1111110002
69449  47.280  16.259  9.646 0.1111110002
70369  49.588  17.631  6.391 0.1111110002
69464  47.709  16.780  8.625 0.1111110002
69450  46.657  16.785  9.910 0.1111110002
70380  50.701  17.468  5.519 0.1111110002
70370  48.594  17.673  6.684 0.1111110002
70354  48.423  17.650  7.329 0.1111110002
70341  47.794  17.502  7.849 0.1111110002
123957  47.173  17.373  8.425 0.1111110002
70326  46.811  16.986  9.120 0.1111110002
70371  47.694  17.666  6.663 0.1111110002
70355  47.634  17.761  7.248 0.1111110002
106530  47.051  17.779  7.931 0.1111110002
71155  46.114  18.274  8.829 0.1111110002
103837  47.133  17.436  6.248 0.1111110002
121088  47.567  16.672  5.187 0.1111110002
70395  46.322  17.097  5.104 0.1111110002
69434  46.777  16.654  10.556 0.1111110002
70317  46.494  17.342  10.323 0.1111110002
70356  46.626  18.038  7.547 0.1111110002
120453  46.472  18.084  8.177 0.1111110002
71148  46.105  18.366  9.737 0.1111110002
70327  46.384  17.523  9.451 0.1111110002
71163  46.101  18.510  7.982 0.1111110002
71156  45.777  18.941  8.474 0.1111110002
70372  46.762  17.886  6.799 0.1111110002
71960  45.474  19.655  7.527 0.1111110002
71953  45.545  19.569  8.277 0.1111110002
70384  46.461  17.516  5.900 0.1111110002
71172  45.625  18.884  6.474 0.1111110002
71179  45.640  18.617  5.684 0.1111110002
70385  45.936  17.835  5.407 0.1111110002
71946  45.661  19.400  8.886 0.1111110002
71945  45.903  19.451  9.542 0.1111110002
72732  45.539  20.279  8.045 0.1111110002
72739  45.528  20.336  7.189 0.1111110002
72757  45.678  20.157  5.528 0.1111110002
71976  45.506  19.456  5.983 0.1111110002
71986  45.599  19.276  5.037 0.1111110002
72724  46.108  20.450  9.460 0.1111110002
72725  45.617  20.042  8.861 0.1111110002
58392  29.358  5.230  54.465 0.1111110002
58403  30.166  5.235  54.227 0.1111110002
58391  30.942  5.038  54.356 0.1111110002
58393  28.531  4.925  55.008 0.1111110002
56248  30.211  3.559  54.745 0.1111110002
58394  27.437  5.270  55.217 0.1111110002
105997  30.791  5.200  54.105 0.1111110002
103955  25.849  4.648  56.503 0.1111110002
58380  25.379  5.242  56.424 0.1111110002
59430  30.688  5.194  53.981 0.1111110002
59455  30.066  5.308  53.670 0.1111110002
59422  27.907  5.525  54.699 0.1111110002
58373  24.732  5.153  56.809 0.1111110002
56236  26.173  3.808  56.493 0.1111110002
109793  23.783  4.437  57.629 0.1111110002
57298  25.580  4.046  56.875 0.1111110002
56225  24.220  3.704  57.691 0.1111110002
55140  24.843  3.195  57.328 0.1111110002
52895  13.468  0.632  59.899 0.1111110002
51770  12.982  0.264  60.068 0.1111110002
58445  30.197  4.756  52.421 0.1111110002
58413  31.946  4.835  53.743 0.1111110002
58411  33.663  4.820  53.297 0.1111110002
104870  35.132  4.994  53.382 0.1111110002
60916  36.269  7.211  24.527 0.1111110002
68442  43.890  14.944  15.179 0.1111110002
120458  48.059  13.872  12.916 0.1111110002
119188  55.982  17.310  9.600 0.2222220004
107573  56.152  17.107  8.312 0.2222220004
67420  41.742  14.428  17.198 0.1111110002
120854  41.162  14.247  17.673 0.1111110002
118939  19.564  3.170  58.166 0.2222220004
118817  18.725  2.269  58.637 0.2222220004
56224  25.005  3.853  57.230 0.1111110002
59457  28.489  5.666  53.575 0.1111110002
59456  29.302  5.547  53.647 0.1111110002
107093  27.976  5.845  54.120 0.1111110002
107718  27.936  6.066  53.863 0.1111110002
57309  26.880  4.834  55.696 0.1111110002
104882  29.971  4.746  54.615 0.1111110002
119936  28.613  4.303  54.990 0.1111110002
55171  27.962  2.661  55.267 0.1111110002
55170  28.827  2.814  54.899 0.1111110002
54074  28.528  2.066  54.897 0.1111110002
107647  27.395  1.375  54.836 0.1111110002
52948  27.876  0.856  54.207 0.1111110002
103946  27.795  4.082  55.337 0.1111110002
56251  27.460  3.283  55.604 0.1111110002
54076  26.827  1.782  55.461 0.1111110002
55172  27.188  2.520  55.679 0.1111110002
104562  26.662  0.626  51.952 0.1111110002
52977  27.378  0.516  52.405 0.1111110002
52963  27.211  0.688  53.388 0.1111110002
52964  26.435  0.915  53.411 0.1111110002
56235  26.958  4.024  55.838 0.1111110002
54109  26.144  1.186  54.143 0.1111110002
52949  26.961  0.987  54.187 0.1111110002
120166  25.035  1.545  54.953 0.1111110002
54096  25.151  1.380  54.055 0.1111110002
123561  25.994  0.924  52.750 0.1111110002
109574  24.852  1.324  53.108 0.1111110002
119599  34.152  5.075  54.117 0.1111110002
124553  23.641  3.344  57.943 0.1111110002
55141  24.159  3.041  57.677 0.1111110002
59446  28.821  5.946  53.819 0.1111110002
59431  29.553  5.446  54.151 0.1111110002
56237  25.522  3.412  56.948 0.1111110002
54077  24.345  1.772  55.496 0.1111110002
55154  26.732  3.135  56.129 0.1111110002
55174  25.780  2.210  56.344 0.1111110002
105382  25.397  1.740  55.738 0.1111110002
55156  25.347  2.714  56.855 0.1111110002
54099  22.280  1.654  54.261 0.1111110002
114817  26.136  1.853  55.831 0.1111110002
54097  24.293  1.618  54.422 0.1111110002
54124  22.569  1.293  52.858 0.1111110002
118599  14.323  -0.022  59.916 0.1111110002
57291  20.853  3.997  57.848 0.2222220004
57279  20.571  3.584  58.229 0.2222220004
50664  18.651  -1.409  59.016 0.1111110002
55118  21.130  2.928  58.705 0.1111110002
56215  20.672  3.242  58.498 0.1111110002
54024  20.092  1.412  58.985 0.1111110002
122212  20.016  2.176  59.034 0.1111110002
55119  20.477  2.578  58.751 0.1111110002
110407  19.520  0.902  59.127 0.1111110002
52901  19.238  0.267  59.326 0.1111110002
50663  19.513  -1.393  58.883 0.1111110002
49559  19.325  -2.006  58.470 0.1111110002
51768  15.762  0.301  59.915 0.1111110002
51767  16.495  0.050  59.975 0.1111110002
119335  18.076  0.270  59.763 0.1111110002
50653  18.621  -0.661  59.473 0.1111110002
104169  19.018  2.001  58.895 0.2222220004
54026  18.471  1.347  59.192 0.1111110002
68433  39.964  15.918  16.473 0.1111110002
70333  55.579  17.274  7.607 0.2222220004
70348  54.765  17.523  7.100 0.2222220004
68534  55.203  16.777  6.493 0.2222220004
119852  54.275  17.522  6.526 0.2222220004
70350  52.995  17.742  6.874 0.2222220004
70337  51.355  17.165  7.900 0.1111110002
125155  51.862  17.457  7.570 0.1111110002
108012  52.338  17.608  7.315 0.1111110002
104709  52.296  17.748  6.787 0.1111110002
69447  48.907  15.936  9.041 0.1111110002
107624  50.234  17.713  6.719 0.1111110002
70368  50.924  17.693  6.262 0.1111110002
70381  49.909  17.431  5.620 0.1111110002
70342  46.571  17.640  8.678 0.1111110002
70382  49.037  17.383  5.817 0.1111110002
71178  45.994  18.175  6.215 0.1111110002
69486  46.961  16.945  5.575 0.1111110002
71171  46.036  18.524  7.123 0.1111110002
71164  45.692  19.032  7.747 0.1111110002
121647  45.607  19.123  7.116 0.1111110002
71968  45.484  19.617  6.772 0.1111110002
72748  45.560  20.280  6.361 0.1111110002
111165  30.177  5.316  54.059 0.1111110002
59445  29.504  5.496  53.827 0.1111110002
121704  26.412  4.559  56.114 0.1111110002
61790  33.163  8.667  31.178 0.1111110002
61820  32.939  8.877  29.987 0.1111110002
61604  39.609  8.600  48.168 0.1111110002
60601  40.143  8.265  47.956 0.1111110002
62573  39.683  9.693  47.703 0.1111110002
59507  40.246  6.790  47.225 0.1111110002
71785  50.802  19.793  27.757 0.1111110002
70993  51.341  19.191  28.101 0.1111110002
71784  51.345  19.524  27.709 0.1111110002
62553  39.670  9.275  47.952 0.1111110002
62571  41.279  9.672  47.594 0.1111110002
62572  40.306  9.845  47.679 0.1111110002
63438  40.204  10.341  47.452 0.1111110002
71790  50.996  20.071  27.192 0.1111110002
63450  40.700  10.883  47.056 0.1111110002
63437  40.898  10.442  47.440 0.1111110002
63469  40.598  11.298  45.680 0.1111110002
63460  40.670  11.163  46.483 0.1111110002
72586  50.343  20.708  26.543 0.1111110002
71798  50.526  20.483  26.176 0.1111110002
63449  41.447  10.960  47.036 0.1111110002
64311  41.236  11.319  46.530 0.1111110002
64322  41.689  11.597  45.932 0.1111110002
64323  41.213  11.564  45.976 0.1111110002
72611  50.924  21.414  24.375 0.1111110002
69351  53.001  16.052  18.940 0.1111110002
67412  52.507  14.664  17.169 0.1111110002
67413  51.670  14.363  17.366 0.1111110002
67396  52.173  14.933  17.916 0.1111110002
68400  51.906  15.236  18.652 0.1111110002
72610  51.435  21.637  23.658 0.1111110002
71038  52.649  19.301  22.325 0.1111110002
70209  51.848  17.526  21.739 0.1111110002
69324  51.501  16.796  21.408 0.1111110002
70219  52.234  17.204  21.099 0.1111110002
69332  52.639  16.863  20.328 0.1111110002
69349  55.695  17.370  18.107 0.1111110002
69341  53.409  16.844  19.570 0.1111110002
66417  52.935  14.396  16.373 0.1111110002
72621  52.777  21.307  22.673 0.1111110002
71826  53.245  20.464  22.367 0.1111110002
71053  52.162  18.333  22.085 0.1111110002
71841  53.418  19.528  21.879 0.1111110002
70207  53.468  18.651  21.342 0.1111110002
120676  52.828  18.717  21.796 0.1111110002
108804  53.011  17.712  20.898 0.1111110002
70218  53.517  17.571  20.304 0.1111110002
70235  55.420  17.866  18.837 0.1111110002
67411  53.316  14.978  17.031 0.1111110002
67425  54.367  14.878  16.166 0.1111110002
68426  54.233  15.359  16.865 0.1111110002
68411  55.254  16.017  17.034 0.1111110002
72620  53.457  21.333  22.065 0.1111110002
70208  52.590  17.976  21.497 0.1111110002
122548  55.652  15.849  16.504 0.1111110002
68425  55.065  15.443  16.385 0.1111110002
111614  56.820  15.882  15.354 0.1111110002
68436  57.336  16.463  15.122 0.1111110002
69384  57.310  17.238  15.576 0.1111110002
69430  57.342  15.990  10.829 0.1111110002
69442  57.003  15.847  9.919 0.1111110002
68519  56.102  15.413  7.837 0.1111110002
67525  55.727  14.900  7.653 0.1111110002
113829  55.623  16.302  6.914 0.1111110002
67528  53.495  14.508  6.976 0.1111110002
67539  52.879  14.751  6.346 0.1111110002
67548  52.176  14.958  5.656 0.1111110002
69431  56.944  16.681  10.315 0.1111110002
70332  56.112  16.714  7.804 0.1111110002
68527  55.979  16.155  7.429 0.1111110002
68535  54.811  16.331  6.234 0.1111110002
69475  54.599  16.935  5.900 0.1111110002
69481  54.197  17.352  5.921 0.1111110002
70378  53.396  17.359  5.652 0.1111110002
68536  54.066  16.142  5.851 0.1111110002
68541  53.169  16.344  5.378 0.1111110002
69483  53.031  17.016  5.067 0.1111110002
68537  53.128  15.478  5.817 0.1111110002
68542  52.560  15.717  5.347 0.1111110002
68543  51.990  15.543  5.078 0.1111110002
67553  51.428  14.955  5.077 0.1111110002
70364  54.794  17.262  6.354 0.1111110002
123530  52.186  17.627  5.883 0.1111110002
119754  52.396  17.001  4.830 0.1111110002
70976  51.808  18.741  28.116 0.1111110002
68438  55.073  15.048  15.841 0.1111110002
68424  56.280  16.469  16.615 0.1111110002
71840  54.144  19.725  21.393 0.1111110002
68423  56.926  16.479  15.851 0.1111110002
120492  54.249  20.525  21.204 0.1111110002
69373  56.988  17.136  16.292 0.1111110002
72633  53.769  21.190  21.352 0.1111110002
69363  55.978  16.908  17.424 0.1111110002
107511  54.476  15.887  17.476 0.1111110002
107398  53.714  18.232  20.765 0.1111110002
68413  52.921  15.246  17.712 0.1111110002
70225  55.735  18.885  18.905 0.1111110002
68398  53.368  15.789  18.262 0.1111110002
72601  50.263  21.475  25.003 0.1111110002
71059  54.948  19.319  20.275 0.1111110002
70226  55.009  18.396  19.637 0.1111110002
69362  56.646  17.498  16.984 0.1111110002
70245  56.292  17.697  17.664 0.1111110002
60835  33.442  8.215  29.162 0.1111110002
70151  50.961  18.518  28.447 0.1111110002
107146  2.563  -12.517  55.338 0.1111110002
70132  51.585  18.415  28.417 0.1111110002
70366  52.720  17.671  6.182 0.1111110002
61821  32.260  8.536  30.086 0.1111110002
123801  40.505  9.115  47.852 0.1111110002
112911  39.930  7.240  47.993 0.1111110002
68399  52.610  15.485  18.414 0.1111110002
108741  53.832  16.478  18.762 0.1111110002
67397  51.404  14.641  18.196 0.1111110002
69364  55.049  16.515  17.778 0.1111110002
69350  54.760  16.922  18.478 0.1111110002
69340  54.418  17.315  19.210 0.1111110002
70227  54.126  17.646  19.835 0.1111110002
68412  53.725  15.549  17.571 0.1111110002
71827  52.404  20.215  22.899 0.1111110002
71825  53.856  20.567  21.760 0.1111110002
71060  54.334  19.015  20.910 0.1111110002
70217  54.320  18.357  20.331 0.1111110002
68437  56.009  15.605  15.908 0.1111110002
68518  56.363  15.979  8.152 0.1111110002
108614  56.500  15.198  8.514 0.1111110002
68528  55.694  15.674  7.220 0.1111110002
68529  55.279  15.996  6.665 0.1111110002
67538  53.786  15.177  6.383 0.1111110002
67537  54.631  15.603  6.501 0.1111110002
69482  53.857  16.989  5.450 0.1111110002
113922  52.530  17.347  5.365 0.1111110002
68547  52.343  16.380  4.914 0.1111110002
119525  50.959  14.533  5.082 0.1111110002
71851  54.629  19.953  20.791 0.1111110002
69365  54.178  16.167  18.058 0.1111110002
38088  2.174  -13.716  53.928 0.1111110002
38946  3.460  -12.402  56.602 0.4444440007
39869  5.292  -11.104  60.005 0.3333329856
39893  3.589  -11.960  56.839 0.4444440007
41957  4.844  -10.477  55.605 0.2222220004
42968  5.696  -9.090  55.880 0.3333329856
44086  3.842  -7.679  58.920 0.4444440007
45217  6.360  -6.404  62.109 0.1111110002
46311  4.066  -5.473  59.786 0.4444440007
47376  4.206  -4.822  59.987 0.3333329856
47387  4.577  -4.648  59.240 0.3333329856
47391  7.458  -4.458  57.219 0.4444440007
47409  8.785  -4.735  55.751 0.4444440007
48473  5.638  -3.723  60.625 0.2222220004
49556  9.543  -2.623  59.995 0.1111110002
49565  6.412  -2.341  59.097 0.4444440007
50650  6.655  -1.923  60.258 0.2222220004
50660  7.333  -1.140  59.941 0.4444440007
50665  17.717  -1.454  58.769 0.1111110002
50678  19.955  -1.774  58.499 0.1111110002
51775  7.626  -1.136  60.228 0.3333329856
51778  19.229  -0.433  59.347 0.1111110002
51985  31.110  -0.286  40.312 0.8888890147
52891  18.548  0.416  59.534 0.1111110002
52896  12.587  0.418  59.980 0.2222220004
52899  10.355  -0.013  60.168 0.2222220004
53044  21.099  0.646  47.229 0.7777780294
53062  35.026  0.777  45.196 0.8888890147
53066  31.874  1.043  45.015 0.7777780294
54023  20.782  2.131  58.868 0.1111110002
54025  19.455  1.515  59.013 0.1111110002
54029  14.906  1.265  59.458 0.1111110002
54030  14.242  1.172  59.537 0.3333329856
54168  34.020  1.358  48.287 0.7777780294
54192  35.454  1.484  47.139 0.7777780294
54211  29.626  1.718  45.318 0.7777780294
55177  18.037  1.740  55.760 0.6666669846
55204  19.604  2.209  52.796 0.6666669846
55241  35.619  2.419  49.575 0.6666669846
55285  28.633  2.550  46.347 0.7777780294
56283  38.628  3.907  53.278 0.1111110002
56302  32.721  3.797  51.707 0.3333329856
56363  22.908  3.473  47.771 0.7777780294
56385  23.853  2.951  45.190 0.7777780294
58427  31.540  4.844  53.525 0.1111110002
58430  28.026  5.201  52.786 0.4444440007
58436  22.762  4.767  52.705 0.5555559993
58446  28.419  4.781  52.089 0.4444440007
58597  23.753  5.904  35.922 0.1111110002
59421  29.035  5.339  54.517 0.1111110002
59424  25.315  5.954  55.643 0.2222220004
59432  28.362  5.656  54.309 0.1111110002
59443  30.791  5.074  53.679 0.1111110002
59444  30.253  5.288  53.977 0.1111110002
59495  37.401  7.054  48.247 0.2222220004
60609  40.523  7.731  47.432 0.1111110002
60731  38.645  7.630  37.570 1.0000000000
63530  37.775  10.644  35.945 1.0000000000
65336  42.886  12.647  33.806 0.6666669846
67085  44.375  13.932  40.334 0.3333329856
69421  56.874  17.093  10.957 0.2222220004
71079  56.328  18.597  17.224 0.3333329856
71149  45.842  18.892  9.104 0.1111110002
73352  49.327  21.625  25.134 0.2222220004
73387  53.485  21.470  21.401 0.2222220004
73389  52.495  21.823  22.141 0.2222220004
105015  14.079  -0.712  54.113 0.5555559993
105793  12.445  0.449  57.621 0.4444440007
106045  36.685  5.931  47.773 0.4444440007
108078  36.597  17.231  23.474 0.1111110002
108166  5.485  -3.319  59.157 0.2222220004
109675  7.277  -1.566  60.297 0.1111110002
110542  31.400  -0.378  38.016 0.1111110002
111042  33.255  0.913  40.930 0.7777780294
111875  6.094  -12.418  58.682 0.1111110002
112307  46.005  14.505  38.776 0.3333329856
113478  30.069  4.096  51.039 0.4444440007
116026  26.957  4.043  51.012 0.7777780294
117574  18.676  2.186  55.635 0.5555559993
119221  56.010  19.012  18.295 0.2222220004
119721  35.755  9.559  32.982 0.8888890147
120726  26.248  4.557  51.909 0.6666669846
120736  27.952  3.382  48.200 0.8888890147
122663  39.261  8.183  38.352 1.0000000000
122818  25.812  5.254  52.929 0.6666669846
123157  19.734  -1.243  49.024 0.7777780294
123425  29.914  4.407  51.728 0.5555559993
123614  35.492  9.665  31.462 0.6666669846
123684  50.182  18.349  20.393 0.6666669846
124404  5.447  -6.295  61.748 0.2222220004
124425  15.319  1.168  59.530 0.1111110002
125010  48.497  14.136  36.996 0.1111110002
125258  41.741  11.308  36.381 0.8888890147
125368  49.936  18.718  20.821 0.6666669846
