#!ascii label  , from subject sub-v1s15x0050204_ses-1 vox2ras=TkReg
3359
109506  -50.617  14.219  50.686 0.6000000238
80058  -52.644  13.638  47.786 0.6000000238
121656  -52.016  13.636  46.639 0.5000000000
79408  -51.009  13.284  44.568 0.5000000000
79418  -48.485  13.209  42.263 0.4000000060
79423  -47.804  13.050  41.641 0.4000000060
78724  -46.983  12.615  40.480 0.3000000119
78722  -45.093  12.958  40.279 0.4000000060
78739  -44.429  12.195  38.766 0.2000000030
78744  -42.476  12.308  37.714 0.2000000030
78752  -41.771  12.326  37.005 0.2000000030
122643  -50.870  13.802  50.150 0.6000000238
79354  -51.374  13.648  49.458 0.6000000238
80059  -53.172  13.802  48.299 0.6999999881
80074  -52.123  13.761  47.134 0.6000000238
79313  -49.182  14.177  52.708 0.6000000238
118473  -49.788  14.020  51.355 0.6000000238
79355  -52.797  13.700  49.207 0.6999999881
80014  -49.851  14.438  51.172 0.6000000238
79344  -51.572  13.990  50.048 0.6999999881
80073  -50.287  14.689  46.449 0.6000000238
80080  -50.393  14.163  45.929 0.6000000238
107899  -48.140  13.639  43.105 0.4000000060
79397  -49.708  13.936  44.990 0.5000000000
79419  -49.867  13.149  43.239 0.4000000060
79407  -48.955  13.751  44.037 0.4000000060
124184  -47.083  13.280  41.588 0.4000000060
79417  -47.342  13.548  42.322 0.4000000060
78731  -44.773  12.561  39.537 0.3000000119
78723  -46.089  12.812  40.429 0.3000000119
78745  -43.101  11.967  37.851 0.2000000030
80015  -51.670  14.433  50.170 0.6999999881
80622  -53.530  14.410  49.042 0.6999999881
79396  -48.467  14.356  44.410 0.4000000060
121814  -47.257  13.994  43.058 0.4000000060
79429  -46.485  13.162  41.158 0.4000000060
78738  -43.535  12.351  38.594 0.3000000119
78730  -43.931  12.693  39.312 0.4000000060
78743  -41.635  12.781  37.249 0.2000000030
79439  -42.085  12.829  37.804 0.2000000030
80032  -52.717  14.093  49.596 0.6999999881
80652  -53.132  14.794  48.530 0.6999999881
80651  -52.056  15.601  48.116 0.6999999881
80670  -51.509  14.871  47.563 0.6999999881
80669  -50.425  15.306  46.930 0.6000000238
113069  -49.124  15.007  45.661 0.5000000000
81242  -50.847  16.139  47.435 0.6000000238
79422  -46.334  13.682  41.998 0.4000000060
80078  -47.923  14.826  44.366 0.5000000000
80682  -49.425  15.548  46.148 0.6000000238
79428  -45.466  13.452  41.061 0.4000000060
118020  -45.915  13.551  41.561 0.4000000060
79416  -46.630  14.149  42.671 0.4000000060
79406  -47.737  14.326  43.751 0.5000000000
79405  -46.975  14.595  43.240 0.4000000060
81273  -48.695  16.364  44.775 0.6999999881
79415  -45.925  14.464  42.308 0.5000000000
80686  -46.831  15.323  43.237 0.5000000000
80081  -47.333  14.995  43.792 0.5000000000
79427  -44.528  13.627  40.607 0.4000000060
79421  -45.546  14.017  41.767 0.4000000060
78737  -42.708  12.696  38.395 0.3000000119
78729  -43.220  12.967  39.116 0.3000000119
80090  -44.769  14.335  41.227 0.5000000000
124626  -43.626  13.232  39.639 0.3000000119
114495  -44.155  14.228  40.616 0.4000000060
78751  -41.306  12.588  36.533 0.2000000030
79432  -43.160  13.629  39.514 0.4000000060
79431  -42.692  13.459  38.928 0.4000000060
79438  -41.790  13.342  37.570 0.2000000030
82579  -49.396  18.539  36.637 0.8000000119
106866  -50.694  14.831  50.648 0.6000000238
80605  -51.560  15.149  50.211 0.8000000119
81188  -50.696  15.840  50.275 0.6000000238
81202  -53.236  15.163  49.205 0.8000000119
80638  -53.390  15.151  48.909 0.6999999881
80620  -52.003  15.953  49.604 0.6999999881
81228  -52.763  16.058  48.616 0.8000000119
81241  -49.965  16.337  46.556 0.8000000119
81843  -51.121  17.295  46.936 0.8999999762
81844  -52.088  18.341  46.619 0.8999999762
80087  -46.391  14.913  42.760 0.5000000000
81858  -50.173  17.135  45.971 0.8999999762
81276  -47.610  16.485  43.424 0.5000000000
81875  -49.594  17.108  45.064 0.8999999762
81859  -51.545  17.895  45.957 0.8999999762
80091  -45.331  14.848  41.806 0.5000000000
80693  -46.408  15.732  42.643 0.6000000238
81874  -49.269  17.173  44.207 0.8000000119
81876  -50.818  17.611  45.185 0.8999999762
81275  -46.937  16.181  43.056 0.5000000000
81277  -48.393  16.741  43.848 0.8000000119
103829  -50.145  17.488  44.508 0.8999999762
80093  -44.202  14.929  40.717 0.6000000238
80699  -45.384  15.716  41.677 0.6000000238
118366  -46.825  17.153  42.047 0.6999999881
81885  -48.132  17.121  43.073 0.6999999881
81887  -50.145  17.534  43.789 0.8999999762
104765  -51.539  17.681  43.310 0.8999999762
81894  -53.104  18.200  42.921 0.8999999762
81286  -44.927  16.170  41.056 0.6000000238
118435  -46.258  16.857  41.750 0.6999999881
81280  -47.298  17.021  42.666 0.8000000119
81892  -49.872  17.547  42.941 0.8000000119
103945  -50.640  17.527  42.379 0.8999999762
79436  -42.295  13.475  38.286 0.4000000060
123113  -43.239  14.174  39.813 0.5000000000
80703  -44.325  15.759  40.605 0.5000000000
81287  -45.606  16.526  41.416 0.6999999881
81902  -46.717  17.425  41.379 0.8000000119
103640  -49.503  17.571  42.158 0.8000000119
81893  -51.928  17.735  42.474 0.8999999762
103524  -48.580  17.576  41.919 0.8000000119
81905  -51.302  17.516  41.752 0.8999999762
80097  -42.392  14.298  38.540 0.4000000060
81904  -49.399  17.703  41.450 0.8000000119
118220  -50.173  17.630  41.746 0.8000000119
79435  -42.070  13.897  37.896 0.4000000060
80707  -42.561  15.077  38.436 0.6000000238
81292  -43.311  16.147  38.798 0.6999999881
80101  -42.234  14.509  37.774 0.3000000119
80708  -42.935  15.726  38.195 0.4000000060
81300  -43.507  16.346  37.953 0.6999999881
81932  -44.791  17.281  38.054 0.6999999881
81312  -44.175  16.824  37.588 0.6999999881
81933  -45.631  17.541  38.410 0.6999999881
81943  -46.356  17.807  37.765 0.8000000119
82562  -47.805  18.282  37.321 0.8000000119
82546  -47.903  18.382  38.272 0.8000000119
82563  -49.515  18.581  37.741 0.8000000119
105958  -48.619  18.482  37.505 0.8000000119
105992  -50.255  18.655  36.907 0.8000000119
116142  -50.061  18.789  35.780 0.8000000119
81201  -50.800  17.049  49.749 0.6999999881
81216  -52.661  16.282  48.820 0.8000000119
107897  -52.314  16.998  48.421 0.8999999762
81817  -51.237  18.064  49.131 0.8000000119
81818  -52.067  17.491  48.576 0.8000000119
81828  -51.983  18.057  47.360 0.8999999762
82451  -50.756  18.911  48.749 0.8000000119
103181  -52.204  18.666  47.080 0.8999999762
82462  -51.174  19.229  48.065 0.8999999762
104936  -52.310  19.051  46.927 0.8999999762
83070  -50.467  19.647  47.770 0.8999999762
83082  -51.610  19.762  46.494 0.8999999762
82474  -52.550  18.946  46.332 0.8999999762
122718  -52.419  18.576  45.889 0.8999999762
83083  -52.285  19.312  46.436 0.8999999762
82484  -52.766  18.934  45.452 0.8999999762
110096  -52.318  18.338  45.072 0.8999999762
82496  -53.082  18.808  44.529 0.8999999762
112902  -52.896  18.222  44.016 0.8999999762
82507  -53.322  18.739  43.631 0.8999999762
79426  -43.638  14.530  40.252 0.5000000000
82516  -53.387  18.704  42.786 0.8999999762
80095  -42.699  14.204  39.259 0.5000000000
81901  -45.986  17.194  41.055 0.8000000119
81903  -47.558  17.527  41.802 0.8000000119
81906  -52.821  17.804  41.881 0.8999999762
80705  -42.664  15.001  39.127 0.4000000060
80096  -43.120  14.839  39.707 0.6000000238
81914  -47.413  17.839  40.835 0.8000000119
81915  -48.510  17.864  41.071 0.8000000119
81917  -51.814  17.564  41.089 0.8000000119
110840  -52.921  17.735  41.075 0.8000000119
81301  -44.049  16.786  38.662 0.6999999881
81934  -46.461  17.805  38.639 0.8000000119
82545  -47.110  18.124  38.021 0.8000000119
82580  -50.922  18.800  36.048 0.8000000119
111050  -49.689  19.580  47.437 0.8000000119
103526  -49.477  19.545  46.587 0.8000000119
83081  -50.608  19.881  46.847 0.8999999762
83091  -52.204  19.678  45.838 0.8999999762
83089  -50.388  19.797  45.916 0.8999999762
83110  -52.765  19.188  45.040 0.8999999762
83123  -53.181  19.155  44.166 0.8999999762
83137  -53.298  19.103  43.396 0.8999999762
80702  -43.679  15.331  40.179 0.6000000238
81288  -43.897  16.112  40.006 0.6000000238
81290  -45.275  16.891  40.716 0.8000000119
81895  -53.336  18.344  42.198 0.8999999762
81911  -45.038  17.154  39.951 0.8000000119
81913  -46.551  17.620  40.574 0.8000000119
119885  -49.499  17.878  40.850 0.8000000119
82527  -51.068  17.622  40.495 0.8000000119
81907  -53.395  18.127  41.465 0.8999999762
80706  -43.270  15.652  39.475 0.6000000238
81912  -45.797  17.398  40.297 0.8000000119
81924  -47.185  18.025  39.874 0.8000000119
82526  -49.124  18.114  40.397 0.8000000119
81918  -52.311  17.494  40.372 0.8000000119
81919  -53.581  17.715  40.636 0.8999999762
114104  -42.855  15.545  38.869 0.6000000238
81293  -44.311  16.749  39.608 0.6999999881
81923  -46.379  17.695  39.907 0.8000000119
82525  -48.243  18.195  40.179 0.8000000119
82535  -50.922  17.869  39.781 0.8000000119
121600  -43.714  16.343  39.363 0.6999999881
82534  -49.362  18.365  39.528 0.8000000119
120186  -52.202  17.516  39.716 0.8000000119
82537  -54.140  17.565  40.040 0.8000000119
82595  -51.442  19.070  35.666 0.8000000119
83090  -51.535  19.874  45.505 0.8999999762
108119  -52.285  19.715  45.133 0.8999999762
83122  -52.825  19.554  43.968 0.8999999762
83136  -52.637  19.456  42.982 0.8999999762
83142  -52.765  19.259  42.010 1.0000000000
83143  -53.351  18.961  42.578 0.8999999762
83717  -50.513  20.427  40.548 1.0000000000
82520  -53.389  18.529  42.018 0.8999999762
84236  -49.518  21.662  40.121 1.0000000000
83724  -50.732  20.713  39.848 1.0000000000
83718  -51.518  20.102  40.299 1.0000000000
104918  -53.348  18.708  41.685 1.0000000000
84242  -50.230  21.492  39.707 1.0000000000
83150  -53.634  18.409  40.647 1.0000000000
107040  -53.446  18.224  41.109 0.8999999762
83725  -51.717  20.479  39.403 1.0000000000
83153  -52.624  19.585  39.924 1.0000000000
82528  -53.940  17.839  40.484 0.8999999762
82532  -47.206  18.124  38.898 0.8000000119
82533  -48.082  18.379  39.241 0.8000000119
82536  -53.393  17.336  39.980 0.8000000119
82529  -54.209  17.745  40.084 0.8999999762
117620  -50.326  18.345  39.020 0.8000000119
115529  -52.723  17.618  39.277 0.8000000119
103272  -53.926  17.456  39.599 0.8000000119
104024  -55.584  17.752  38.057 0.8000000119
105045  -49.685  18.518  38.614 0.8000000119
103713  -51.880  18.138  38.271 0.8000000119
82550  -53.165  17.855  38.583 0.8000000119
82567  -54.811  17.716  38.139 0.8000000119
82548  -50.574  18.462  38.124 0.8000000119
82566  -53.778  17.822  37.827 0.8000000119
82564  -51.306  18.535  37.155 0.8000000119
82565  -52.509  18.283  37.419 0.8000000119
120209  -54.507  17.731  37.231 0.8000000119
82596  -52.668  18.939  35.548 0.8000000119
82581  -51.999  18.742  36.275 0.8000000119
83106  -48.554  19.487  44.848 0.8000000119
103572  -49.173  19.606  44.251 0.8999999762
104134  -50.830  19.788  45.136 0.8999999762
83108  -51.861  19.833  44.659 0.8999999762
83107  -49.706  19.606  45.050 0.8000000119
103587  -50.954  19.670  42.602 0.8999999762
83121  -51.260  19.647  43.602 0.8999999762
83140  -50.516  19.943  41.785 0.8999999762
113830  -51.646  19.569  42.104 0.8999999762
83711  -50.255  20.258  41.143 1.0000000000
83141  -51.359  19.850  41.247 0.8999999762
84780  -48.474  22.824  40.998 0.8999999762
83723  -49.928  20.898  40.171 1.0000000000
85392  -49.139  23.932  41.467 1.0000000000
84782  -49.208  22.858  40.498 1.0000000000
85390  -50.070  24.730  42.418 0.8999999762
124537  -50.779  24.843  42.063 1.0000000000
84783  -49.926  22.739  39.946 1.0000000000
84243  -51.111  21.351  39.232 1.0000000000
118317  -52.646  19.873  39.215 1.0000000000
83154  -53.716  18.839  39.674 0.8999999762
86090  -51.061  24.623  41.129 1.0000000000
84788  -50.701  22.514  39.518 1.0000000000
83735  -52.329  20.567  38.823 1.0000000000
108295  -51.481  22.567  39.114 1.0000000000
84250  -51.949  21.574  38.665 1.0000000000
83164  -53.361  19.553  38.872 1.0000000000
106782  -54.921  18.304  38.473 0.8999999762
82553  -56.264  17.924  37.867 0.8000000119
82583  -54.819  17.961  36.164 0.8000000119
83197  -53.354  18.927  35.174 0.8000000119
82597  -54.118  18.557  35.090 0.8000000119
84283  -52.821  21.363  35.586 0.8000000119
83766  -53.290  19.358  35.183 0.8000000119
83119  -48.576  19.717  43.526 0.8000000119
83120  -49.710  19.697  43.583 0.8999999762
83134  -48.967  19.888  42.744 0.8999999762
83705  -48.161  20.269  42.224 0.8999999762
83710  -49.427  20.339  41.420 0.8999999762
83135  -49.759  19.933  42.229 0.8999999762
83709  -48.370  20.681  41.499 1.0000000000
84235  -48.885  21.689  40.552 0.8999999762
83715  -48.925  20.858  40.856 1.0000000000
119777  -51.194  25.064  41.858 1.0000000000
86785  -50.510  26.066  41.320 0.8000000119
86077  -51.042  25.406  41.942 0.8000000119
86091  -51.633  24.973  41.076 0.8999999762
84789  -52.404  22.953  38.806 1.0000000000
84251  -52.750  21.185  38.467 1.0000000000
111777  -54.220  19.330  38.576 1.0000000000
124700  -55.038  19.174  38.276 0.8999999762
86092  -51.975  25.078  40.600 1.0000000000
124329  -52.412  24.497  39.709 1.0000000000
85408  -53.575  23.424  38.708 1.0000000000
84253  -55.482  21.200  38.137 1.0000000000
83174  -56.406  18.645  37.712 1.0000000000
82570  -56.692  18.328  36.919 0.8999999762
82599  -56.051  17.872  35.553 0.8999999762
83198  -54.811  18.592  34.722 0.8000000119
83767  -54.190  19.289  34.902 0.8000000119
86786  -51.215  25.784  40.953 0.8000000119
104144  -51.764  25.482  40.533 0.8000000119
85403  -53.905  24.371  38.882 1.0000000000
84796  -55.422  22.912  38.278 1.0000000000
111189  -56.434  20.936  37.651 1.0000000000
83747  -56.544  19.796  37.475 1.0000000000
83756  -56.538  20.195  36.966 0.8999999762
83769  -56.163  19.221  35.824 0.8999999762
83768  -55.290  19.256  34.990 0.8999999762
106084  -54.547  20.501  35.550 0.8999999762
110226  -53.416  20.378  35.430 0.8999999762
86796  -50.481  25.945  39.944 0.8000000119
86817  -51.901  25.589  39.658 0.8999999762
104284  -52.570  25.331  39.178 1.0000000000
86116  -53.838  24.934  38.878 1.0000000000
86798  -52.343  25.249  39.977 0.8999999762
86818  -53.264  25.210  38.899 1.0000000000
86126  -55.043  24.752  37.880 1.0000000000
85418  -55.668  23.227  37.989 0.8999999762
84276  -56.252  21.571  37.271 0.8999999762
84836  -55.432  22.515  35.901 0.8999999762
84275  -55.820  20.619  36.239 0.8999999762
84835  -54.577  22.350  35.519 0.8999999762
84285  -55.123  21.569  35.865 0.8999999762
84834  -53.493  22.305  35.403 0.8999999762
84284  -53.950  21.431  35.600 0.8999999762
84833  -52.384  22.292  35.403 0.8999999762
120403  -50.819  25.531  37.632 0.8999999762
121529  -52.827  25.505  38.090 1.0000000000
106894  -53.211  25.786  37.077 1.0000000000
86849  -54.036  25.900  36.545 1.0000000000
86816  -51.041  25.538  38.766 0.8999999762
86835  -51.645  25.527  37.804 0.8999999762
120781  -53.757  25.250  38.413 1.0000000000
86837  -54.816  25.445  37.041 1.0000000000
86850  -55.221  25.512  36.223 1.0000000000
85432  -55.547  23.505  37.051 1.0000000000
85455  -55.575  23.268  35.982 1.0000000000
85472  -55.087  23.726  35.009 1.0000000000
85454  -55.140  23.123  35.448 0.8999999762
85471  -54.321  23.614  34.637 1.0000000000
85453  -54.340  23.032  35.129 0.8999999762
85469  -52.131  23.805  34.365 0.8999999762
85452  -53.224  23.055  35.029 0.8999999762
85451  -52.045  23.092  34.881 0.8999999762
87480  -51.727  26.057  36.074 0.8999999762
87481  -52.898  26.148  36.266 1.0000000000
87496  -53.829  26.442  35.605 1.0000000000
118079  -54.750  26.658  34.886 1.0000000000
86848  -52.216  25.753  36.960 0.8999999762
86858  -54.861  26.052  35.776 1.0000000000
86168  -55.257  24.410  34.435 1.0000000000
86167  -54.479  24.186  34.129 1.0000000000
116558  -52.067  24.487  33.008 0.8000000119
86166  -53.251  24.119  34.002 1.0000000000
86165  -52.101  24.226  33.865 0.8999999762
87505  -54.929  26.937  34.204 1.0000000000
123270  -55.121  26.669  34.479 1.0000000000
86869  -55.563  25.278  34.064 1.0000000000
87506  -55.453  26.204  33.990 1.0000000000
86184  -54.560  24.392  33.343 1.0000000000
86887  -55.733  25.323  33.201 1.0000000000
86183  -53.391  24.293  33.247 1.0000000000
113236  -51.368  24.693  32.393 0.6999999881
115933  -54.604  24.297  32.525 1.0000000000
86191  -55.021  23.958  31.621 1.0000000000
86190  -53.776  24.064  32.277 1.0000000000
86189  -52.621  24.166  31.976 0.8999999762
116488  -48.320  15.340  44.824 0.6000000238
80684  -47.700  15.352  44.191 0.6000000238
81260  -48.834  15.658  45.467 0.6999999881
81272  -47.887  16.001  44.191 0.5000000000
80687  -47.338  15.722  43.657 0.5000000000
80698  -44.753  15.320  41.257 0.6000000238
81804  -51.948  17.120  49.182 0.8000000119
81227  -52.146  17.069  47.936 0.8999999762
81261  -49.279  16.405  45.697 0.8000000119
81279  -45.956  16.123  42.095 0.6999999881
81888  -51.436  17.745  44.372 0.8999999762
81886  -49.067  17.292  43.384 0.8000000119
118512  -48.011  17.369  42.439 0.8000000119
81921  -44.888  17.240  39.044 0.8000000119
82547  -48.815  18.557  38.520 0.8000000119
81829  -52.060  18.014  47.816 0.8999999762
82463  -51.996  18.828  47.518 0.8999999762
81922  -45.814  17.532  39.389 0.8000000119
103551  -50.048  17.981  40.349 0.8000000119
82549  -51.399  17.981  39.047 0.8000000119
83149  -52.641  19.390  40.895 1.0000000000
83165  -54.350  18.144  39.248 0.8999999762
103147  -54.290  17.668  39.584 0.8999999762
82551  -54.210  17.728  38.892 0.8000000119
82584  -55.899  17.648  36.237 0.8000000119
82582  -53.428  18.347  36.419 0.8000000119
85393  -49.995  24.070  40.920 1.0000000000
83736  -53.339  20.367  38.504 1.0000000000
85401  -51.990  23.814  39.532 1.0000000000
84794  -53.055  22.189  38.492 1.0000000000
86787  -51.473  25.169  41.303 0.8000000119
85402  -52.952  24.210  39.293 1.0000000000
84252  -53.960  21.407  38.304 1.0000000000
83737  -54.503  20.190  38.209 1.0000000000
86103  -53.279  24.765  39.251 1.0000000000
84795  -54.351  22.701  38.402 1.0000000000
111105  -54.667  23.658  38.500 1.0000000000
84254  -55.988  22.124  38.145 1.0000000000
84264  -56.307  21.083  37.860 1.0000000000
86797  -51.339  25.851  40.040 0.8000000119
86117  -54.667  24.397  38.408 1.0000000000
85409  -55.284  23.546  38.219 1.0000000000
84797  -55.762  22.660  38.130 1.0000000000
84819  -55.727  21.857  36.426 0.8999999762
86125  -54.443  25.076  38.119 1.0000000000
85417  -55.354  24.028  37.861 1.0000000000
84820  -55.838  22.588  36.677 0.8999999762
86134  -55.277  24.735  36.895 1.0000000000
86147  -55.485  24.083  35.998 1.0000000000
116245  -55.418  23.711  35.450 1.0000000000
85470  -53.182  23.661  34.500 0.8999999762
87497  -55.226  26.187  34.746 1.0000000000
86859  -55.427  25.298  35.176 1.0000000000
86185  -55.393  24.712  33.516 1.0000000000
86192  -55.491  24.681  32.481 1.0000000000
81328  -42.342  16.570  35.032 0.5000000000
81329  -43.251  16.513  35.340 0.5000000000
80725  -43.230  16.076  36.339 0.5000000000
81311  -43.712  16.357  36.987 0.6000000238
80715  -43.107  15.850  37.278 0.6000000238
81969  -40.636  18.019  34.002 0.3000000119
82606  -41.690  18.230  33.946 0.3000000119
81341  -41.066  17.614  34.118 0.4000000060
81970  -41.368  18.009  33.869 0.4000000060
81972  -43.011  17.750  33.755 0.5000000000
81343  -43.445  17.033  34.413 0.6000000238
81330  -44.112  16.803  34.909 0.6000000238
81951  -45.610  17.391  36.298 0.6999999881
81941  -44.839  17.152  37.014 0.6000000238
103208  -40.179  18.669  36.114 0.2000000030
82587  -39.914  18.342  35.330 0.1000000015
82588  -40.599  18.402  34.859 0.2000000030
82607  -42.510  18.428  33.803 0.4000000060
81971  -42.196  18.105  33.724 0.4000000060
81980  -43.707  18.086  32.935 0.5000000000
81973  -44.095  17.426  33.578 0.6000000238
81960  -44.948  17.148  34.186 0.6999999881
81952  -46.362  17.759  36.771 0.6999999881
81942  -45.560  17.521  37.434 0.6000000238
83181  -40.757  19.288  36.263 0.1000000015
106584  -41.372  19.873  36.371 0.3000000119
80603  -48.869  15.512  51.272 0.6000000238
82575  -40.901  18.859  35.707 0.2000000030
83182  -41.588  19.247  35.713 0.3000000119
82590  -42.018  18.787  34.494 0.3000000119
83204  -43.626  19.076  33.342 0.5000000000
81187  -49.687  16.457  50.245 0.6000000238
83203  -42.815  18.930  34.112 0.3000000119
82608  -43.269  18.667  33.457 0.6000000238
81981  -44.502  18.020  32.559 0.6000000238
82618  -44.938  18.586  32.407 0.6000000238
81982  -45.762  18.112  32.249 0.6000000238
81974  -45.799  17.666  33.224 0.6000000238
82576  -47.572  18.032  34.511 0.6999999881
123394  -47.743  18.180  36.453 0.6999999881
79951  -41.586  14.605  55.862 0.2000000030
106743  -43.093  14.604  55.665 0.2000000030
104561  -43.665  14.570  54.011 0.3000000119
79939  -42.454  14.404  57.039 0.3000000119
103670  -44.532  14.605  53.067 0.3000000119
103471  -45.331  14.769  52.460 0.3000000119
83061  -50.360  19.384  48.426 0.6999999881
79955  -46.179  14.258  55.129 0.5000000000
79993  -47.851  15.004  52.850 0.5000000000
80602  -48.217  15.864  51.028 0.5000000000
81199  -48.931  16.867  50.154 0.6000000238
82440  -50.307  18.593  49.233 0.6999999881
83752  -40.457  20.101  36.632 0.2000000030
80590  -48.409  15.263  52.041 0.6000000238
81186  -48.890  16.112  50.677 0.6000000238
106766  -42.198  19.827  36.115 0.3000000119
104772  -43.345  19.377  35.010 0.6000000238
81200  -49.625  17.402  49.820 0.6000000238
83212  -45.133  18.977  32.403 0.6000000238
83213  -45.947  19.048  32.236 0.6000000238
81975  -46.942  18.228  32.248 0.6000000238
81963  -47.982  18.236  32.575 0.6000000238
82592  -49.178  18.513  34.659 0.6000000238
112258  -49.483  18.530  35.477 0.6000000238
82578  -48.614  18.308  36.230 0.6999999881
80011  -42.602  14.585  50.116 0.1000000015
80030  -43.290  14.806  49.594 0.2000000030
104250  -40.360  14.012  53.021 0.1000000015
79986  -40.902  14.298  51.093 0.1000000015
80010  -41.904  14.404  50.772 0.1000000015
104636  -38.199  13.561  54.917 0.1000000015
79292  -38.703  13.668  53.758 0.1000000015
79293  -39.676  13.819  53.697 0.1000000015
79966  -41.009  14.164  52.293 0.1000000015
105236  -42.767  14.526  50.848 0.2000000030
111218  -37.776  13.630  55.951 0.1000000015
124628  -39.432  13.763  54.518 0.1000000015
120707  -34.536  12.075  56.117 0.1000000015
79252  -38.157  13.841  58.609 0.1000000015
78511  -35.814  13.276  58.082 0.2000000030
81816  -48.662  17.974  49.030 0.5000000000
83068  -49.004  19.014  47.708 0.6000000238
83069  -49.755  19.385  48.259 0.6999999881
79280  -41.550  14.484  57.344 0.2000000030
80013  -45.188  14.937  51.349 0.3000000119
81198  -47.570  16.622  49.617 0.5000000000
81215  -47.283  17.103  48.821 0.5000000000
78533  -41.272  13.532  57.653 0.2000000030
79264  -41.931  14.000  58.427 0.3000000119
79953  -44.155  14.552  55.422 0.3000000119
79991  -46.030  15.099  51.935 0.4000000060
106977  -48.334  16.962  49.797 0.5000000000
82449  -49.006  18.604  48.486 0.6999999881
79923  -42.845  14.038  57.620 0.3000000119
79954  -45.159  14.429  55.269 0.3000000119
79969  -46.292  14.783  53.007 0.4000000060
80589  -46.719  15.359  51.552 0.4000000060
81185  -48.218  16.395  50.280 0.5000000000
81803  -49.499  18.257  49.297 0.6000000238
104104  -45.588  14.615  53.918 0.4000000060
79992  -46.935  15.081  52.465 0.4000000060
109781  -41.131  20.568  36.489 0.2000000030
110203  -41.839  20.520  36.323 0.3000000119
83183  -42.996  19.829  35.836 0.5000000000
83754  -43.810  19.861  35.616 0.5000000000
105698  -44.306  19.484  34.866 0.6000000238
83205  -44.556  19.258  33.215 0.6000000238
112484  -45.440  19.316  33.007 0.6000000238
83206  -46.376  19.443  33.121 0.6000000238
82609  -47.712  18.570  31.967 0.6000000238
82610  -48.411  18.830  32.661 0.6000000238
82593  -49.766  18.885  34.687 0.6000000238
81212  -44.810  16.033  47.816 0.3000000119
80636  -44.365  15.513  48.472 0.2000000030
81213  -45.613  16.545  48.179 0.4000000060
80616  -43.881  15.142  49.080 0.1000000015
80637  -45.187  15.881  48.728 0.3000000119
118256  -39.665  13.923  52.435 0.1000000015
79328  -39.263  14.052  51.507 0.1000000015
103671  -37.581  13.674  53.534 0.1000000015
79308  -37.988  13.763  52.586 0.1000000015
79261  -38.092  13.981  57.588 0.1000000015
79278  -40.244  14.208  55.847 0.1000000015
103470  -41.865  14.207  52.736 0.3000000119
80012  -43.435  14.702  50.407 0.2000000030
78512  -36.953  13.144  58.368 0.2000000030
79295  -41.087  14.345  55.605 0.2000000030
79310  -41.183  14.195  53.900 0.2000000030
78513  -38.070  13.373  58.701 0.2000000030
112595  -40.323  14.590  57.729 0.2000000030
79263  -40.564  14.531  57.961 0.2000000030
113451  -45.947  15.546  50.256 0.4000000060
80618  -46.482  15.934  49.821 0.4000000060
120394  -40.634  14.433  58.564 0.2000000030
116227  -42.057  14.504  54.281 0.3000000119
83080  -48.769  19.168  47.067 0.6999999881
78515  -40.439  13.909  58.792 0.2000000030
80619  -47.383  16.011  50.326 0.5000000000
84273  -42.224  21.240  36.163 0.4000000060
83753  -42.617  20.466  36.140 0.4000000060
84274  -43.044  21.180  35.964 0.6000000238
108250  -44.911  21.086  35.614 0.6000000238
83761  -45.807  20.486  35.306 0.6000000238
83190  -46.662  19.912  34.359 0.6000000238
116006  -45.038  21.983  35.591 0.6000000238
118714  -45.613  21.435  35.610 0.6000000238
83191  -47.753  19.857  34.221 0.6000000238
83208  -48.455  19.124  32.819 0.6000000238
83209  -49.197  18.966  33.288 0.6000000238
114089  -45.963  22.208  35.601 0.6000000238
113191  -46.391  21.278  35.614 0.6000000238
113629  -47.244  21.136  35.627 0.6000000238
83764  -48.819  20.389  35.259 0.6000000238
117104  -49.804  19.912  35.155 0.6000000238
83194  -50.016  19.155  34.959 0.6000000238
82594  -50.512  19.050  35.364 0.6999999881
85464  -46.742  23.858  34.831 0.4000000060
85446  -47.296  23.431  35.137 0.5000000000
84828  -47.528  22.556  35.491 0.5000000000
114212  -46.906  21.944  35.647 0.6000000238
86179  -47.971  24.777  33.846 0.5000000000
86161  -47.412  24.249  34.506 0.5000000000
85465  -47.991  23.785  34.810 0.5000000000
107331  -48.645  25.780  31.711 0.6000000238
86898  -49.147  25.464  32.395 0.6000000238
86885  -48.532  25.161  33.154 0.6000000238
86162  -48.371  24.275  34.367 0.5000000000
86927  -50.122  25.229  30.678 0.6000000238
86913  -49.687  25.482  31.532 0.6000000238
86899  -50.377  25.159  32.215 0.6000000238
86886  -49.556  25.045  33.085 0.6000000238
116498  -50.424  24.921  29.946 0.6999999881
86208  -51.247  24.277  29.411 0.6999999881
86200  -51.405  24.385  30.279 0.6999999881
86900  -51.597  24.538  31.655 0.8000000119
86915  -51.958  24.205  30.883 0.8000000119
86209  -52.419  23.312  28.620 0.6999999881
109418  -52.503  23.535  29.441 0.6999999881
86201  -53.456  23.224  30.000 0.8000000119
86210  -53.985  23.115  28.782 0.6999999881
86928  -54.863  23.116  29.119 0.6999999881
125086  -53.877  23.203  28.582 0.6999999881
85494  -52.520  22.791  27.667 0.6999999881
117225  -42.516  14.684  49.305 0.1000000015
80650  -43.800  15.700  47.711 0.1000000015
117720  -41.213  14.410  50.267 0.1000000015
80047  -41.763  14.613  49.006 0.1000000015
80009  -40.508  14.347  50.213 0.1000000015
80031  -44.123  15.010  49.907 0.2000000030
79307  -37.174  13.784  52.648 0.1000000015
117460  -44.706  15.388  49.331 0.3000000119
79989  -43.503  14.585  51.310 0.2000000030
80600  -45.106  15.235  50.293 0.3000000119
79967  -42.754  14.439  53.198 0.3000000119
81196  -45.942  16.330  49.062 0.4000000060
81214  -46.402  16.915  48.528 0.3000000119
79968  -43.574  14.521  52.438 0.3000000119
81197  -46.754  16.511  49.249 0.4000000060
81815  -47.913  17.963  48.468 0.5000000000
122636  -48.427  18.852  47.365 0.8000000119
83079  -48.336  19.195  46.328 0.8000000119
83088  -49.041  19.435  45.706 0.6999999881
114211  -47.721  21.718  35.628 0.6000000238
113628  -47.955  20.988  35.621 0.6000000238
83765  -50.626  19.808  35.334 0.6000000238
83196  -51.819  19.239  35.575 0.6999999881
85447  -48.178  23.189  35.245 0.5000000000
84829  -48.464  22.307  35.535 0.5000000000
114210  -48.485  21.376  35.619 0.6000000238
124493  -49.046  21.749  35.605 0.6000000238
110773  -50.185  20.825  35.603 0.6999999881
109022  -50.949  20.688  35.553 0.6999999881
113630  -52.542  19.304  35.404 0.6999999881
85466  -48.741  23.718  34.794 0.5000000000
85448  -49.067  23.084  35.231 0.5000000000
84830  -49.451  22.390  35.447 0.6000000238
84831  -50.369  22.349  35.405 0.6000000238
114208  -50.709  21.558  35.600 0.6999999881
114207  -51.705  21.227  35.588 0.6999999881
86181  -49.889  24.611  33.784 0.5000000000
86163  -49.275  24.224  34.328 0.5000000000
86912  -48.116  25.855  30.981 0.4000000060
106075  -49.491  25.346  30.038 0.6000000238
86188  -50.650  24.813  33.068 0.6000000238
86207  -50.069  24.813  29.152 0.6000000238
116427  -51.076  24.148  28.734 0.6000000238
86220  -51.592  23.419  28.138 0.6000000238
86196  -54.673  22.924  30.299 0.6999999881
85489  -53.374  22.934  28.041 0.6999999881
80634  -42.973  15.239  48.023 0.1000000015
80008  -39.275  14.244  50.549 0.1000000015
80029  -41.002  14.474  49.477 0.1000000015
116633  -41.801  14.727  48.327 0.1000000015
81226  -45.246  16.885  47.247 0.4000000060
79327  -38.312  13.929  51.699 0.1000000015
79341  -38.551  14.149  50.894 0.1000000015
80028  -40.125  14.416  49.459 0.1000000015
80045  -40.160  14.566  48.563 0.1000000015
81814  -47.000  17.502  48.034 0.5000000000
118410  -47.486  18.151  47.689 0.6000000238
83133  -47.900  19.960  42.919 0.8000000119
84232  -48.252  21.604  41.044 0.8000000119
85467  -49.625  23.636  34.740 0.5000000000
85450  -50.923  22.978  35.054 0.8000000119
84832  -51.337  22.298  35.410 0.8000000119
86164  -50.220  24.169  34.328 0.5000000000
118657  -51.171  24.051  34.340 0.6000000238
124099  -51.353  23.521  34.663 0.6999999881
118550  -47.674  25.682  30.282 0.4000000060
86182  -50.962  24.471  33.818 0.6000000238
86939  -48.835  25.206  29.295 0.6000000238
115763  -48.172  24.794  28.597 0.4000000060
86949  -49.143  24.666  28.370 0.6000000238
107699  -49.292  24.135  27.459 0.5000000000
86219  -50.422  24.191  28.010 0.6000000238
86195  -53.156  23.566  31.018 0.8000000119
86231  -51.528  22.913  27.288 0.6000000238
85504  -52.359  22.618  26.889 0.6999999881
80046  -41.061  14.603  48.554 0.1000000015
81225  -44.297  16.397  47.082 0.3000000119
79326  -37.297  13.926  51.761 0.1000000015
79340  -37.141  14.128  50.808 0.1000000015
109118  -38.005  14.359  49.661 0.1000000015
80044  -39.440  14.478  49.016 0.1000000015
79325  -36.177  14.147  51.332 0.1000000015
80006  -37.201  14.280  49.967 0.1000000015
111071  -45.927  17.518  47.026 0.5000000000
109107  -46.094  17.296  47.752 0.4000000060
82460  -47.723  18.691  46.996 0.8000000119
82483  -47.274  18.855  46.014 0.8000000119
86059  -45.631  24.525  43.249 0.5000000000
86060  -46.829  24.711  43.215 0.6999999881
103452  -46.850  23.502  43.150 0.6000000238
84777  -47.114  22.530  42.242 0.8999999762
86075  -46.991  25.222  42.652 0.6000000238
85388  -47.623  23.775  42.688 0.6999999881
84779  -47.762  22.715  41.583 0.6999999881
86773  -47.805  25.555  42.533 0.6000000238
86762  -48.479  25.367  43.177 0.6999999881
86782  -47.217  25.322  41.458 0.5000000000
86774  -48.654  25.747  42.671 0.6000000238
86076  -50.467  25.140  42.489 0.8000000119
86795  -47.556  25.414  40.351 0.6000000238
86783  -48.137  25.715  41.531 0.5000000000
86784  -49.271  26.128  41.807 0.6999999881
104824  -47.048  25.192  39.291 0.5000000000
104559  -48.530  25.722  40.499 0.6000000238
103709  -49.569  26.012  40.577 0.6999999881
124713  -48.762  25.638  39.629 0.5000000000
103893  -49.369  25.594  39.215 0.6999999881
86815  -49.955  25.509  38.544 0.6999999881
86948  -47.106  24.434  28.205 0.4000000060
86218  -48.089  24.112  27.578 0.5000000000
86228  -47.585  23.802  26.548 0.5000000000
86229  -48.718  23.756  26.634 0.5000000000
86197  -55.191  23.421  30.604 0.8999999762
86901  -55.464  24.501  31.385 0.8999999762
87514  -55.751  25.323  32.379 0.8999999762
87522  -55.431  26.084  32.605 0.8999999762
87513  -55.478  26.156  33.298 0.8999999762
88117  -54.680  26.895  33.536 0.8999999762
115995  -50.425  23.300  26.064 0.5000000000
85505  -52.914  22.889  27.467 0.6999999881
85503  -51.382  22.931  26.468 0.6000000238
124434  -42.551  15.356  47.474 0.2000000030
80649  -43.049  15.614  47.395 0.2000000030
80056  -41.480  14.850  47.775 0.1000000015
111688  -39.819  14.738  47.784 0.1000000015
80055  -40.650  14.772  47.778 0.1000000015
80025  -37.320  14.398  49.184 0.1000000015
109108  -46.724  17.935  47.210 0.6000000238
105225  -48.266  19.601  44.151 0.6999999881
83704  -47.325  20.488  42.541 0.8000000119
86087  -44.546  24.435  40.626 0.4000000060
86073  -44.725  24.556  41.873 0.4000000060
86074  -45.789  24.776  42.628 0.5000000000
85384  -46.479  24.075  43.521 0.6999999881
84230  -47.099  21.347  42.210 0.8000000119
119509  -45.025  24.538  40.090 0.4000000060
86089  -46.283  24.838  41.331 0.5000000000
86114  -44.235  24.741  38.893 0.3000000119
86100  -44.397  24.547  39.685 0.4000000060
86115  -45.126  24.741  39.228 0.4000000060
86101  -45.741  24.685  40.138 0.4000000060
86810  -44.762  25.141  38.343 0.4000000060
86793  -46.115  24.915  39.256 0.4000000060
86829  -45.303  25.600  37.726 0.4000000060
86811  -45.650  25.179  38.451 0.4000000060
86830  -46.153  25.585  37.772 0.5000000000
86812  -46.554  25.292  38.464 0.5000000000
116770  -46.867  25.574  37.811 0.5000000000
86813  -47.514  25.442  38.365 0.5000000000
86814  -48.479  25.461  38.709 0.5000000000
104404  -49.078  25.511  38.123 0.6000000238
86831  -47.433  25.770  37.391 0.5000000000
87459  -48.865  25.737  37.124 0.6000000238
86834  -50.288  25.489  37.877 0.6999999881
86846  -50.215  25.724  36.909 0.6999999881
87479  -50.707  26.019  36.019 0.6999999881
87504  -53.790  27.034  34.826 0.8999999762
88107  -53.734  27.390  34.101 0.8999999762
86202  -54.871  23.008  29.627 0.6999999881
86203  -55.236  23.151  29.917 0.8000000119
86916  -55.412  24.062  30.513 0.8000000119
105193  -55.628  25.191  31.532 0.8999999762
85501  -48.287  23.725  26.003 0.5000000000
85510  -50.176  23.535  25.394 0.5000000000
80666  -41.770  15.512  46.555 0.2000000030
80678  -38.242  15.540  45.838 0.1000000015
125014  -41.147  15.545  46.366 0.2000000030
81238  -42.959  16.283  46.219 0.2000000030
80070  -38.438  14.830  47.180 0.1000000015
80072  -40.205  15.032  47.097 0.2000000030
80054  -38.054  14.597  48.013 0.1000000015
81827  -46.150  17.979  46.576 0.6999999881
104249  -47.881  19.319  45.439 0.6999999881
103184  -46.957  19.711  43.870 0.8999999762
83117  -46.247  19.923  43.706 0.6999999881
83118  -47.663  19.734  43.661 0.8000000119
121626  -42.537  24.385  40.473 0.4000000060
103648  -43.928  24.379  41.250 0.4000000060
86039  -43.833  24.555  43.128 0.4000000060
85366  -45.049  23.845  43.711 0.5000000000
84219  -46.111  21.567  43.032 0.5000000000
83692  -46.124  20.682  43.216 0.8000000119
83693  -46.963  20.108  43.197 0.8000000119
105989  -43.054  24.455  39.875 0.3000000119
105701  -43.972  24.533  42.408 0.4000000060
86042  -45.828  24.224  43.547 0.5000000000
85367  -45.809  23.562  43.644 0.6000000238
84776  -46.464  22.233  42.755 0.6999999881
115496  -42.842  24.569  38.956 0.3000000119
86099  -43.653  24.561  39.345 0.3000000119
86808  -43.065  24.927  38.164 0.3000000119
86828  -44.418  25.624  37.627 0.4000000060
87456  -45.856  26.043  37.139 0.5000000000
117025  -46.654  25.912  37.211 0.5000000000
87457  -47.200  26.268  36.557 0.5000000000
87458  -48.092  26.013  36.823 0.6000000238
106085  -53.539  25.138  29.199 0.8000000119
87495  -52.509  26.727  35.436 0.8999999762
86940  -53.802  23.723  28.413 0.6999999881
87536  -54.519  24.843  29.861 0.8000000119
87521  -54.451  26.270  31.904 0.8000000119
88126  -54.114  26.804  32.936 0.8999999762
86221  -53.464  23.141  28.039 0.6999999881
88116  -53.414  27.504  33.611 0.8999999762
85516  -51.089  23.602  24.897 0.5000000000
86241  -52.089  23.407  25.458 0.5000000000
86239  -48.043  23.939  25.835 0.4000000060
86247  -49.126  24.208  25.359 0.5000000000
86249  -50.980  23.938  24.631 0.5000000000
80679  -39.162  15.701  45.850 0.1000000015
80680  -40.046  15.861  45.851 0.2000000030
81239  -43.849  16.771  46.297 0.3000000119
81842  -45.353  17.660  46.468 0.5000000000
83104  -46.509  19.488  44.395 0.8000000119
83105  -47.505  19.506  44.512 0.6999999881
88072  -46.530  26.709  36.024 0.5000000000
87490  -47.368  26.802  35.794 0.6000000238
87551  -52.664  25.245  27.898 0.6000000238
86242  -52.368  23.745  26.197 0.6999999881
86250  -51.879  23.900  24.683 0.5000000000
81255  -39.509  16.164  45.192 0.1000000015
120338  -41.546  15.761  46.009 0.2000000030
81256  -40.529  16.396  45.155 0.1000000015
81237  -42.195  15.897  46.022 0.3000000119
81840  -43.778  17.422  45.589 0.4000000060
83087  -46.837  19.164  45.193 0.8000000119
81270  -41.277  16.833  44.649 0.3000000119
81240  -44.659  17.017  46.609 0.4000000060
118794  -46.055  18.455  45.822 0.8000000119
79990  -44.407  14.634  51.845 0.3000000119
80714  -42.569  15.229  37.558 0.5000000000
82561  -47.068  18.060  37.118 0.6999999881
85389  -48.374  23.863  42.011 0.6999999881
86062  -49.610  25.073  43.126 0.6999999881
85386  -48.558  24.739  43.129 0.6999999881
110009  -52.486  20.182  35.395 0.6999999881
83708  -47.694  20.754  41.947 0.8999999762
86776  -50.254  25.802  42.350 0.6999999881
114734  -54.281  23.464  31.175 0.8000000119
81342  -41.949  17.540  34.084 0.5000000000
112929  -42.769  17.010  34.469 0.6000000238
81320  -43.918  16.460  35.998 0.6000000238
111478  -44.283  16.692  36.664 0.6999999881
82605  -41.075  18.131  34.074 0.2000000030
81979  -43.189  18.296  33.444 0.5000000000
116819  -44.783  16.824  35.663 0.6999999881
81961  -45.708  17.314  34.841 0.6999999881
82589  -41.304  18.610  34.793 0.2000000030
82617  -43.921  18.630  32.765 0.5000000000
112922  -45.031  17.624  33.011 0.6999999881
81962  -46.717  17.879  33.873 0.6999999881
110607  -46.528  17.690  35.489 0.6999999881
121748  -47.223  17.970  36.016 0.6999999881
119520  -47.485  15.293  52.038 0.6000000238
83188  -42.489  19.341  35.333 0.3000000119
83211  -44.331  19.007  32.606 0.6000000238
81983  -46.747  18.425  31.944 0.6000000238
82591  -48.707  18.581  33.591 0.6000000238
82577  -48.168  18.186  35.287 0.6999999881
79940  -43.535  14.295  56.611 0.2000000030
121205  -46.584  14.472  54.045 0.4000000060
83214  -47.041  18.812  32.084 0.6000000238
82611  -49.356  18.927  33.677 0.6000000238
79988  -42.550  14.377  51.783 0.2000000030
106732  -36.925  13.616  54.660 0.1000000015
110828  -39.113  14.007  57.172 0.1000000015
79294  -40.567  14.057  54.640 0.1000000015
115650  -37.311  14.099  57.907 0.1000000015
117106  -39.062  13.979  58.477 0.2000000030
78530  -37.422  12.405  57.702 0.2000000030
80588  -45.912  15.367  51.012 0.4000000060
78516  -40.769  13.726  58.735 0.2000000030
84272  -41.425  21.252  36.366 0.2000000030
119908  -43.299  20.393  35.934 0.6000000238
83760  -44.735  19.992  35.461 0.6000000238
83755  -43.959  20.878  35.750 0.6000000238
83189  -45.422  19.607  34.563 0.6000000238
83207  -47.574  19.356  32.798 0.6000000238
82612  -49.581  19.039  34.059 0.6000000238
78531  -39.498  12.803  58.177 0.2000000030
84282  -44.334  21.687  35.612 0.6000000238
83762  -46.917  20.514  35.228 0.6000000238
84826  -44.269  22.383  35.481 0.6000000238
83192  -48.736  19.527  34.112 0.6000000238
83763  -47.873  20.424  35.212 0.6000000238
119942  -49.799  19.186  34.450 0.6000000238
83195  -50.953  19.277  35.436 0.6999999881
115472  -46.697  22.779  35.450 0.5000000000
113627  -49.291  21.020  35.620 0.6000000238
103922  -49.087  25.654  30.865 0.6000000238
86180  -48.906  24.699  33.788 0.5000000000
86914  -50.789  24.939  31.230 0.6999999881
86929  -55.360  23.750  29.964 0.8000000119
112700  -51.568  19.849  35.395 0.6999999881
114209  -49.818  21.678  35.590 0.6999999881
85449  -49.986  22.994  35.089 0.5000000000
86926  -48.479  25.596  30.154 0.4000000060
80007  -38.647  14.305  50.111 0.1000000015
85468  -50.528  23.576  34.698 0.6000000238
86938  -47.709  25.248  29.366 0.4000000060
115487  -46.714  24.970  28.995 0.4000000060
85513  -52.499  22.901  26.614 0.6999999881
105685  -38.083  14.471  48.893 0.1000000015
111267  -39.009  14.712  47.844 0.1000000015
105731  -44.769  24.641  43.037 0.5000000000
85385  -47.451  24.493  43.222 0.6999999881
109082  -46.265  23.267  43.423 0.6000000238
86232  -52.993  23.214  27.297 0.6999999881
80071  -39.358  14.941  47.135 0.1000000015
86085  -43.172  24.383  40.839 0.4000000060
86809  -43.903  25.127  38.199 0.4000000060
87530  -55.263  24.998  30.704 0.8000000119
77167  -44.734  9.461  49.451 0.1000000015
77895  -44.778  10.897  47.777 0.1000000015
78678  -45.491  12.378  46.598 0.2000000030
78684  -45.662  12.666  45.808 0.2000000030
77873  -41.776  11.354  48.939 0.1000000015
77166  -43.086  9.510  49.187 0.1000000015
76462  -44.260  9.036  49.583 0.1000000015
118838  -44.393  8.808  49.311 0.1000000015
77182  -44.726  9.531  48.612 0.1000000015
77908  -44.407  11.446  46.679 0.2000000030
78677  -44.937  12.239  46.212 0.2000000030
78693  -45.526  12.551  44.760 0.2000000030
121082  -46.012  12.317  43.786 0.2000000030
77178  -40.122  11.042  47.190 0.1000000015
119195  -41.532  10.280  48.259 0.1000000015
76473  -43.426  8.074  49.140 0.1000000015
76474  -43.905  8.290  49.230 0.1000000015
114493  -45.972  11.783  42.832 0.2000000030
77189  -39.711  10.188  46.810 0.1000000015
77179  -40.475  9.933  47.421 0.1000000015
76484  -41.871  8.370  48.291 0.1000000015
76491  -39.351  9.292  46.544 0.1000000015
75731  -39.737  8.104  47.041 0.1000000015
75732  -40.728  7.543  47.733 0.1000000015
75742  -38.107  8.745  45.835 0.1000000015
116225  -38.508  7.689  46.176 0.1000000015
74949  -39.814  6.032  47.335 0.1000000015
77865  -45.593  10.823  50.410 0.1000000015
77876  -45.636  11.158  48.905 0.1000000015
78649  -45.985  11.959  48.169 0.2000000030
78679  -46.169  12.659  46.644 0.2000000030
78685  -47.122  12.740  45.503 0.2000000030
78695  -47.807  12.465  44.890 0.2000000030
77850  -42.517  11.772  50.474 0.1000000015
77851  -44.213  10.613  50.675 0.1000000015
77168  -45.239  10.293  49.783 0.1000000015
77875  -45.176  10.355  48.830 0.1000000015
106305  -45.378  11.425  48.027 0.2000000030
78668  -45.732  12.176  47.323 0.2000000030
111730  -46.248  12.715  45.365 0.2000000030
78706  -48.690  11.919  44.330 0.2000000030
77872  -41.037  11.796  48.601 0.1000000015
77863  -42.211  11.545  49.663 0.1000000015
77157  -43.550  9.957  49.638 0.1000000015
78694  -46.596  12.539  44.716 0.2000000030
78705  -47.207  12.239  44.055 0.2000000030
78667  -39.856  12.197  47.963 0.1000000015
77894  -41.295  11.173  48.297 0.1000000015
77944  -45.121  11.595  42.621 0.2000000030
104093  -48.698  11.490  43.513 0.2000000030
77943  -44.287  11.488  42.563 0.2000000030
77877  -46.227  11.795  49.019 0.1000000015
78650  -46.594  12.502  48.342 0.2000000030
79383  -47.050  13.086  46.942 0.2000000030
79390  -47.601  13.001  46.276 0.3000000119
117854  -41.014  12.345  50.939 0.1000000015
78608  -41.839  12.209  51.128 0.1000000015
77150  -45.047  10.291  50.531 0.1000000015
77866  -46.358  11.691  50.045 0.1000000015
125124  -46.956  12.996  47.762 0.4000000060
79371  -47.688  13.246  47.700 0.4000000060
79384  -48.161  13.290  47.014 0.3000000119
78686  -48.377  12.707  45.703 0.2000000030
124824  -40.697  12.203  49.182 0.1000000015
78638  -41.375  11.946  49.370 0.1000000015
78648  -40.279  12.200  48.585 0.1000000015
115784  -47.532  10.996  42.037 0.2000000030
77946  -47.866  11.384  42.776 0.2000000030
77953  -45.885  11.198  41.908 0.2000000030
77228  -49.805  10.645  42.382 0.2000000030
111248  -49.923  13.351  48.134 0.4000000060
79385  -49.584  13.170  47.140 0.3000000119
79360  -49.287  13.349  48.724 0.4000000060
120130  -48.855  13.365  47.800 0.4000000060
78586  -43.517  12.333  53.242 0.2000000030
117934  -44.718  11.975  52.430 0.3000000119
77840  -46.099  11.637  51.481 0.3000000119
108850  -47.261  12.385  50.175 0.2000000030
79359  -48.192  13.254  48.562 0.4000000060
79391  -48.955  12.992  46.457 0.3000000119
78687  -50.064  12.496  46.107 0.3000000119
78605  -38.611  12.339  51.627 0.2000000030
78607  -40.182  12.425  50.979 0.2000000030
103717  -41.171  12.328  51.837 0.2000000030
103243  -43.005  12.165  52.245 0.2000000030
77838  -44.827  11.263  51.714 0.2000000030
120977  -45.675  11.199  51.249 0.2000000030
78639  -46.883  12.384  49.223 0.4000000060
78651  -47.296  12.941  48.476 0.5000000000
78697  -51.406  12.041  45.885 0.2000000030
78696  -49.353  12.302  45.271 0.2000000030
104638  -38.756  12.457  50.807 0.1000000015
104637  -39.455  12.467  50.675 0.1000000015
77924  -50.455  11.733  45.043 0.2000000030
77937  -50.344  11.328  44.118 0.2000000030
78603  -36.547  12.298  51.622 0.1000000015
77938  -52.324  11.227  44.137 0.2000000030
103848  -50.925  10.739  43.357 0.2000000030
105398  -51.351  10.542  42.602 0.2000000030
77241  -51.974  10.439  41.927 0.2000000030
77252  -52.510  10.495  40.853 0.2000000030
77257  -52.636  10.478  39.812 0.2000000030
77258  -53.223  10.959  39.497 0.1000000015
77261  -52.657  10.634  38.897 0.2000000030
78614  -48.563  13.123  51.440 0.4000000060
78625  -48.186  12.865  50.350 0.4000000060
79353  -50.051  13.488  49.815 0.5000000000
108488  -44.201  12.566  54.330 0.3000000119
78569  -45.689  12.932  54.345 0.3000000119
78613  -47.683  12.614  51.836 0.5000000000
78624  -47.691  12.573  50.970 0.4000000060
79361  -50.618  13.437  48.746 0.5000000000
119718  -50.172  13.252  47.645 0.4000000060
78680  -50.727  12.730  46.739 0.3000000119
103719  -39.300  12.260  52.338 0.2000000030
103718  -40.293  12.344  52.110 0.2000000030
78585  -42.454  12.361  53.442 0.2000000030
78567  -43.296  12.659  54.663 0.3000000119
79387  -52.202  13.252  47.124 0.5000000000
79372  -51.460  13.265  47.927 0.5000000000
78681  -52.280  12.677  46.788 0.4000000060
121560  -37.928  12.255  51.865 0.2000000030
103725  -38.233  11.922  53.502 0.2000000030
103724  -39.971  12.185  53.433 0.2000000030
78566  -42.424  12.836  55.397 0.3000000119
79393  -52.564  12.998  46.715 0.4000000060
108039  -52.821  12.447  45.210 0.3000000119
77926  -53.336  11.607  44.353 0.3000000119
77835  -32.073  11.732  52.760 0.1000000015
118322  -34.111  12.318  53.388 0.1000000015
103723  -35.658  12.185  52.736 0.1000000015
103727  -36.298  11.861  53.618 0.2000000030
103729  -38.082  11.795  54.790 0.2000000030
125037  -39.643  12.088  54.315 0.2000000030
79409  -52.896  12.722  45.174 0.3000000119
118228  -53.909  11.416  43.910 0.3000000119
77222  -53.565  11.140  44.020 0.2000000030
78584  -34.656  12.328  52.934 0.1000000015
103728  -35.348  12.011  53.739 0.1000000015
103731  -35.962  11.679  54.803 0.1000000015
78712  -53.195  12.042  43.545 0.3000000119
78713  -53.753  11.547  43.946 0.2000000030
115701  -52.416  10.777  42.783 0.2000000030
78726  -48.745  12.255  40.523 0.2000000030
78718  -50.657  12.223  41.687 0.2000000030
78727  -51.997  11.591  41.262 0.2000000030
78720  -53.256  11.534  43.264 0.3000000119
77242  -52.788  11.017  42.393 0.2000000030
78734  -47.525  12.155  39.875 0.2000000030
78725  -47.797  12.422  40.516 0.2000000030
78717  -49.208  12.494  41.239 0.2000000030
77964  -50.542  11.728  39.519 0.2000000030
77956  -52.987  11.115  40.573 0.2000000030
113333  -52.954  11.102  40.734 0.2000000030
77253  -53.127  10.831  39.942 0.2000000030
104860  -48.334  11.779  39.201 0.2000000030
113511  -49.198  11.849  39.780 0.2000000030
77965  -52.950  11.159  39.613 0.2000000030
77259  -53.226  11.005  39.395 0.1000000015
77971  -48.983  11.601  38.185 0.2000000030
77972  -49.649  11.675  38.854 0.2000000030
79342  -49.149  13.428  50.599 0.5000000000
78570  -46.482  13.105  53.852 0.3000000119
78591  -48.458  13.287  52.513 0.5000000000
120920  -49.417  13.712  51.486 0.5000000000
78552  -44.049  13.109  55.825 0.3000000119
78554  -45.785  13.620  55.504 0.3000000119
79296  -47.785  13.937  54.069 0.4000000060
79362  -52.105  13.442  48.594 0.5000000000
122194  -39.876  12.167  55.523 0.2000000030
121593  -40.905  12.563  54.944 0.3000000119
105863  -43.162  13.072  56.325 0.2000000030
109138  -44.757  13.820  56.189 0.2000000030
78560  -32.486  12.018  54.383 0.1000000015
78546  -34.031  12.125  54.968 0.1000000015
78529  -36.654  11.738  56.175 0.1000000015
78547  -38.916  12.012  56.066 0.2000000030
78532  -40.524  13.074  58.320 0.2000000030
78549  -40.800  12.800  56.790 0.2000000030
79398  -52.099  13.277  45.716 0.3000000119
78562  -34.471  12.176  53.915 0.1000000015
78710  -49.523  12.751  42.089 0.2000000030
78707  -52.292  12.654  44.031 0.3000000119
78733  -46.656  12.327  39.814 0.2000000030
77962  -46.308  12.011  39.127 0.2000000030
77963  -47.232  11.879  39.201 0.2000000030
79330  -49.240  13.767  52.263 0.5000000000
79942  -46.557  14.032  54.958 0.4000000060
78536  -43.218  13.686  57.119 0.2000000030
79281  -45.774  13.995  55.789 0.4000000060
78535  -42.116  13.732  58.247 0.2000000030
79424  -48.558  12.844  41.641 0.3000000119
78732  -45.740  12.476  39.694 0.2000000030
78740  -45.382  12.103  38.970 0.2000000030
114672  -45.927  11.707  38.427 0.2000000030
79297  -48.317  14.060  53.638 0.4000000060
79994  -49.031  14.626  52.580 0.5000000000
79956  -47.165  14.178  54.303 0.4000000060
80591  -49.271  14.885  51.748 0.5000000000
80604  -49.626  15.390  50.821 0.5000000000
80111  -42.015  14.773  36.974 0.4000000060
81259  -43.229  16.843  45.730 0.2000000030
82493  -42.891  18.225  44.411 0.2000000030
81855  -42.932  17.343  45.080 0.2000000030
81873  -43.669  18.074  44.957 0.3000000119
82481  -45.123  18.582  45.194 0.5000000000
82495  -45.020  19.093  44.430 0.5000000000
111532  -45.653  19.567  44.135 0.6000000238
84280  -42.604  22.079  35.791 0.4000000060
84281  -43.579  21.855  35.671 0.4000000060
81271  -42.115  16.872  44.813 0.2000000030
120048  -41.734  17.341  44.266 0.2000000030
82505  -42.505  18.726  43.711 0.2000000030
108813  -43.397  22.666  35.430 0.4000000060
112144  -42.245  23.718  34.725 0.3000000119
108968  -43.340  23.285  35.070 0.4000000060
85444  -44.194  23.116  35.191 0.4000000060
84827  -45.145  22.854  35.412 0.4000000060
86157  -43.658  24.295  34.195 0.3000000119
85462  -44.996  23.692  34.913 0.3000000119
85445  -45.976  23.073  35.349 0.3000000119
86158  -44.567  24.445  34.356 0.3000000119
86935  -43.509  24.596  28.608 0.3000000119
86215  -44.373  23.865  27.781 0.3000000119
86947  -45.947  24.141  28.272 0.3000000119
86226  -44.955  23.878  27.262 0.3000000119
86227  -45.699  23.814  26.989 0.3000000119
86217  -46.174  23.816  27.438 0.3000000119
86954  -44.909  24.427  27.038 0.3000000119
86236  -45.550  24.116  26.759 0.3000000119
111794  -46.599  23.913  26.767 0.3000000119
124348  -47.060  23.974  27.285 0.3000000119
85500  -47.743  23.826  26.099 0.4000000060
86156  -42.829  24.164  34.071 0.3000000119
86159  -45.542  24.472  34.440 0.3000000119
85463  -45.980  23.761  34.907 0.3000000119
119216  -46.538  23.385  35.170 0.3000000119
86174  -43.277  24.617  33.462 0.3000000119
122580  -45.531  23.351  35.182 0.3000000119
123348  -43.190  25.327  32.431 0.3000000119
86880  -43.665  25.134  32.723 0.3000000119
86881  -44.622  25.356  32.890 0.3000000119
86176  -45.084  25.095  33.827 0.3000000119
86882  -45.618  25.500  33.037 0.3000000119
86883  -46.625  25.409  33.118 0.3000000119
104887  -42.688  25.660  30.956 0.3000000119
86894  -43.384  25.622  31.873 0.3000000119
86895  -44.231  25.677  31.974 0.3000000119
121346  -46.194  25.964  32.225 0.4000000060
105991  -47.188  25.770  32.449 0.5000000000
86897  -48.132  25.622  32.478 0.5000000000
86923  -44.196  25.247  29.946 0.3000000119
86908  -44.735  25.717  31.147 0.3000000119
86909  -45.573  25.900  31.445 0.3000000119
86910  -46.272  25.936  31.204 0.3000000119
105990  -47.689  25.978  31.764 0.5000000000
106411  -43.214  25.073  29.518 0.3000000119
103923  -45.398  25.531  30.377 0.3000000119
86937  -45.839  25.074  29.302 0.3000000119
86911  -47.139  25.906  30.911 0.3000000119
87555  -45.261  25.635  27.190 0.2000000030
87556  -46.220  25.896  26.857 0.3000000119
86955  -45.568  24.834  26.731 0.3000000119
86959  -46.251  24.686  26.489 0.3000000119
86237  -46.367  24.064  26.571 0.3000000119
86960  -47.148  24.444  26.055 0.3000000119
86155  -41.465  24.227  34.415 0.3000000119
119712  -42.142  24.343  34.126 0.3000000119
86173  -42.508  24.685  33.539 0.3000000119
86160  -46.472  24.432  34.441 0.3000000119
86177  -46.069  25.080  33.887 0.3000000119
86884  -47.588  25.260  33.174 0.4000000060
88159  -45.749  26.845  27.322 0.2000000030
87557  -47.187  26.384  26.744 0.3000000119
87565  -47.623  25.528  26.128 0.3000000119
114983  -45.320  27.597  27.497 0.2000000030
86961  -48.214  24.714  25.669 0.3000000119
86962  -49.334  24.980  25.388 0.3000000119
115918  -44.560  27.478  27.754 0.2000000030
112540  -46.012  27.720  27.377 0.2000000030
88160  -46.712  27.286  27.265 0.2000000030
86970  -51.359  24.524  24.596 0.4000000060
87558  -48.087  26.590  26.630 0.3000000119
87567  -49.746  26.019  25.951 0.3000000119
87577  -50.555  25.220  25.061 0.4000000060
87566  -48.599  25.750  25.997 0.3000000119
86950  -53.302  23.769  27.820 0.5000000000
86963  -52.305  25.199  26.011 0.5000000000
88161  -47.677  27.368  27.207 0.2000000030
86971  -52.100  24.863  24.724 0.4000000060
87570  -52.825  26.582  25.879 0.4000000060
87578  -51.731  25.461  24.833 0.3000000119
87579  -52.330  25.862  25.267 0.3000000119
87580  -52.921  26.869  25.664 0.4000000060
88171  -49.074  26.783  26.616 0.3000000119
88172  -50.115  27.001  26.527 0.3000000119
88180  -53.204  27.461  25.561 0.3000000119
87568  -50.916  26.275  25.680 0.3000000119
87569  -51.941  26.494  25.501 0.3000000119
88125  -53.197  27.333  32.779 0.6999999881
120132  -53.007  27.003  31.947 0.6999999881
87535  -52.653  26.375  30.269 0.6999999881
87550  -52.267  26.606  28.411 0.6999999881
87559  -52.801  26.682  27.149 0.6000000238
88164  -53.441  27.611  26.528 0.6999999881
87560  -53.317  27.072  26.240 0.6000000238
88165  -53.688  27.682  25.939 0.6000000238
88748  -47.380  28.137  27.376 0.2000000030
87571  -53.406  27.284  25.821 0.6000000238
122271  -48.072  28.055  27.347 0.2000000030
88162  -48.525  27.504  27.130 0.3000000119
88163  -49.439  27.685  26.980 0.3000000119
121131  -51.204  27.380  26.143 0.3000000119
88123  -51.172  28.022  32.161 0.6999999881
88124  -52.137  27.734  32.545 0.6999999881
88139  -51.010  27.909  30.376 0.6999999881
88132  -50.990  27.810  31.204 0.6999999881
87528  -52.059  27.216  31.412 0.6999999881
88140  -51.626  27.350  30.664 0.6999999881
116368  -51.660  27.330  29.898 0.6999999881
87542  -52.318  26.447  29.371 0.6999999881
88730  -51.189  28.162  29.537 0.6999999881
88146  -51.716  27.508  29.058 0.6999999881
88153  -52.138  27.774  28.399 0.6999999881
88154  -52.775  27.563  27.549 0.6999999881
115341  -47.180  28.965  27.392 0.2000000030
113457  -47.956  28.759  27.360 0.2000000030
120961  -48.482  29.227  27.202 0.2000000030
88773  -53.607  28.158  25.595 0.4000000060
87581  -53.524  27.639  25.729 0.4000000060
88749  -48.786  28.448  27.233 0.2000000030
88759  -50.831  28.378  26.424 0.3000000119
88772  -53.029  28.077  25.400 0.3000000119
88760  -51.915  28.190  25.996 0.3000000119
87493  -50.336  26.681  35.506 0.6000000238
87494  -51.257  26.610  35.534 0.6000000238
88093  -52.763  27.501  34.620 0.8000000119
88115  -52.394  28.074  33.533 0.8000000119
88723  -50.322  28.292  30.833 0.6999999881
108797  -50.538  28.564  29.953 0.6999999881
88729  -50.850  28.922  29.165 0.6999999881
88738  -52.440  28.462  27.913 0.6999999881
88750  -53.412  28.254  27.061 0.6999999881
89373  -46.991  29.675  27.277 0.2000000030
111502  -53.795  28.967  26.602 0.6999999881
88761  -53.901  28.242  25.847 0.6000000238
89413  -54.172  29.078  25.792 0.5000000000
88758  -49.834  28.635  26.890 0.3000000119
118579  -52.399  28.783  25.720 0.3000000119
89412  -53.341  28.990  25.479 0.3000000119
88091  -50.849  27.265  35.148 0.6000000238
88092  -51.701  27.460  34.918 0.6999999881
89946  -48.434  30.045  29.165 0.6999999881
89927  -48.119  29.789  30.114 0.6999999881
89342  -48.833  29.581  29.861 0.6999999881
89332  -49.199  29.126  30.634 0.6999999881
89343  -49.531  29.404  29.640 0.6999999881
89344  -50.190  29.206  29.421 0.6999999881
89947  -49.172  29.896  28.968 0.6999999881
89356  -49.899  29.807  28.878 0.6999999881
89969  -50.357  30.352  28.478 0.6999999881
89357  -50.594  29.621  28.772 0.6999999881
89970  -51.274  30.127  28.351 0.6999999881
88737  -51.591  28.542  28.717 0.6999999881
89989  -46.347  30.143  27.215 0.2000000030
89993  -51.666  30.798  27.815 0.6999999881
89971  -52.145  30.175  27.861 0.6999999881
89359  -52.101  29.408  28.119 0.6999999881
89990  -47.276  30.332  26.996 0.2000000030
89374  -47.809  29.642  27.209 0.2000000030
89994  -52.720  30.704  27.460 0.6999999881
89376  -53.200  29.817  27.307 0.6999999881
90008  -46.793  31.110  26.650 0.2000000030
89390  -48.737  29.971  26.818 0.2000000030
89375  -49.137  29.212  27.018 0.2000000030
90549  -53.327  31.379  27.117 0.6999999881
90013  -54.778  30.612  26.111 0.6000000238
105657  -54.226  28.993  25.924 0.5000000000
89394  -54.605  29.831  25.870 0.5000000000
90011  -49.418  30.629  26.217 0.3000000119
89392  -50.938  29.718  26.093 0.2000000030
89393  -51.428  28.987  26.135 0.4000000060
89411  -52.097  29.527  25.768 0.4000000060
88105  -50.915  27.995  34.688 0.6000000238
88689  -51.689  28.260  34.323 0.6000000238
88688  -50.965  28.796  34.211 0.6000000238
88106  -52.584  28.068  34.076 0.6999999881
88716  -50.352  28.363  31.760 0.6999999881
89967  -48.826  30.580  28.604 0.6999999881
89968  -49.598  30.482  28.531 0.6999999881
112820  -50.445  31.495  27.737 0.6999999881
90547  -51.278  31.461  27.640 0.6999999881
90548  -52.222  31.414  27.450 0.6999999881
90565  -53.706  32.032  26.688 0.6000000238
90007  -45.788  30.842  26.834 0.2000000030
90009  -47.712  31.012  26.548 0.2000000030
89991  -48.008  30.384  26.841 0.2000000030
90014  -54.812  30.625  25.845 0.4000000060
90012  -50.394  30.472  25.934 0.4000000060
111419  -53.965  29.889  25.548 0.4000000060
88687  -50.265  29.339  34.188 0.6000000238
88702  -51.648  28.587  33.939 0.6000000238
112401  -48.224  30.509  34.259 0.5000000000
89286  -48.846  30.260  34.271 0.6000000238
88700  -49.958  29.943  33.942 0.6000000238
88701  -50.702  29.156  33.826 0.6999999881
89879  -48.016  30.859  33.891 0.5000000000
89873  -48.526  30.676  34.059 0.6000000238
89880  -48.699  30.632  33.809 0.6000000238
89299  -49.657  30.172  33.618 0.6999999881
89300  -50.112  29.649  33.395 0.6999999881
88710  -51.471  28.512  33.311 0.6999999881
89893  -46.592  30.991  33.090 0.5000000000
89895  -48.316  30.534  33.195 0.6000000238
89881  -49.107  30.362  33.381 0.6999999881
89313  -49.479  29.872  32.867 0.6999999881
88709  -50.659  28.873  32.876 0.6999999881
89894  -47.466  30.754  33.199 0.5000000000
89909  -47.729  30.251  32.284 0.6999999881
89321  -48.558  29.844  32.310 0.6999999881
89322  -49.094  29.184  31.767 0.6999999881
88708  -49.777  28.942  32.323 0.6999999881
107224  -44.991  31.490  33.187 0.5000000000
90489  -45.648  31.236  32.862 0.5000000000
89907  -46.099  30.747  32.037 0.5000000000
109204  -47.175  30.198  31.355 0.6000000238
89926  -47.369  30.045  30.340 0.6000000238
88715  -49.665  28.672  31.295 0.6999999881
90534  -49.244  31.157  28.199 0.6999999881
90535  -50.020  31.012  28.158 0.6999999881
91092  -52.812  31.960  27.133 0.6000000238
91104  -54.046  32.671  26.172 0.5000000000
90561  -46.066  31.657  26.363 0.2000000030
124731  -53.560  30.674  25.306 0.3000000119
90579  -54.263  31.762  25.228 0.3000000119
112884  -47.470  31.590  26.160 0.2000000030
90578  -53.640  31.437  25.014 0.3000000119
90010  -48.528  30.874  26.388 0.2000000030
89410  -51.547  30.377  25.614 0.3000000119
110859  -52.855  30.107  25.403 0.3000000119
108181  -40.196  32.710  33.126 0.4000000060
91043  -41.435  32.570  33.500 0.4000000060
91051  -40.802  32.678  32.827 0.4000000060
91044  -42.374  32.405  33.351 0.4000000060
118701  -43.640  31.834  32.652 0.4000000060
91062  -43.098  31.873  31.852 0.5000000000
90487  -43.958  31.529  31.986 0.5000000000
90488  -44.309  31.676  32.951 0.5000000000
90498  -44.472  31.239  31.299 0.5000000000
90508  -45.015  30.848  30.561 0.6000000238
89943  -45.772  30.631  29.891 0.6000000238
90519  -46.276  30.788  29.144 0.6000000238
89965  -47.054  30.693  28.839 0.6000000238
90499  -45.249  30.927  31.654 0.5000000000
121160  -46.525  30.447  31.431 0.6999999881
89925  -46.566  30.334  30.571 0.6999999881
89945  -47.645  30.230  29.390 0.6000000238
90546  -49.661  31.626  27.756 0.6999999881
91090  -50.928  32.100  27.378 0.6000000238
91091  -51.919  32.082  27.239 0.6000000238
91644  -52.362  33.446  26.270 0.6000000238
91103  -52.907  32.692  26.691 0.6999999881
90567  -54.479  32.108  25.709 0.5000000000
90563  -48.184  31.541  25.931 0.3000000119
90577  -52.392  31.055  25.143 0.3000000119
90576  -50.905  31.054  25.272 0.4000000060
90587  -52.687  31.799  24.517 0.4000000060
90021  -49.928  31.043  25.625 0.3000000119
105555  -51.609  31.496  24.640 0.3000000119
91060  -41.448  32.577  31.209 0.4000000060
91052  -41.632  32.520  32.358 0.4000000060
91061  -42.265  32.322  31.484 0.5000000000
90497  -43.684  31.566  31.027 0.5000000000
90507  -44.299  31.362  30.350 0.5000000000
90533  -47.917  32.028  27.866 0.6000000238
109256  -48.415  31.304  28.277 0.6000000238
113120  -50.132  32.051  27.452 0.6999999881
91649  -53.927  33.236  25.503 0.4000000060
90588  -53.624  32.261  24.610 0.4000000060
91124  -54.147  32.703  24.908 0.3000000119
124166  -50.828  31.405  24.821 0.4000000060
91121  -51.816  32.065  24.027 0.4000000060
90564  -49.128  31.374  25.626 0.3000000119
90575  -50.135  31.470  25.014 0.3000000119
79343  -50.209  13.938  50.877 0.5000000000
79374  -53.034  13.629  48.532 0.5000000000
79392  -52.567  13.127  46.533 0.4000000060
78716  -48.175  12.620  41.113 0.2000000030
79311  -48.226  13.604  53.392 0.4000000060
80580  -48.494  14.801  52.949 0.5000000000
114240  -44.028  14.027  56.832 0.2000000030
86178  -47.039  24.913  33.890 0.3000000119
86925  -46.919  25.497  29.888 0.3000000119
81857  -45.070  18.103  45.831 0.4000000060
87543  -52.820  25.528  28.730 0.6000000238
87529  -53.660  26.198  30.979 0.6999999881
86251  -52.205  24.346  24.987 0.4000000060
81841  -44.521  17.516  46.043 0.3000000119
82482  -45.855  19.077  44.877 0.6000000238
86956  -52.533  24.542  27.078 0.5000000000
107603  -52.507  25.951  26.824 0.5000000000
104912  -38.059  11.987  56.612 0.2000000030
77158  -44.213  9.801  50.011 0.1000000015
77165  -42.115  10.446  48.741 0.1000000015
76472  -42.324  9.187  48.582 0.1000000015
76461  -43.940  8.861  49.606 0.1000000015
77864  -43.283  10.972  50.025 0.1000000015
78704  -45.000  12.253  43.912 0.2000000030
77935  -46.870  11.849  43.219 0.2000000030
77180  -41.300  9.589  47.949 0.1000000015
77892  -39.639  11.779  47.360 0.1000000015
77893  -40.492  11.649  47.853 0.1000000015
75720  -43.102  7.194  48.949 0.1000000015
124469  -43.474  7.391  48.742 0.1000000015
76492  -40.133  9.001  47.180 0.1000000015
122472  -41.425  6.650  48.215 0.1000000015
75725  -42.467  7.166  48.610 0.1000000015
75730  -38.929  8.468  46.369 0.1000000015
115226  -39.335  7.312  46.833 0.1000000015
74950  -40.216  6.750  47.551 0.1000000015
76500  -37.743  9.718  45.675 0.1000000015
77853  -45.342  10.764  51.076 0.2000000030
77836  -43.389  11.445  50.855 0.1000000015
77849  -41.626  12.124  50.222 0.1000000015
77149  -44.631  10.237  50.418 0.1000000015
115802  -40.683  12.341  50.048 0.1000000015
78609  -42.686  11.981  51.360 0.2000000030
124676  -43.428  11.787  51.563 0.2000000030
77852  -44.822  10.602  51.070 0.2000000030
78610  -43.991  11.949  52.190 0.2000000030
107585  -45.125  12.338  53.151 0.3000000119
77827  -45.288  11.848  52.278 0.3000000119
78611  -46.024  11.995  52.139 0.3000000119
78612  -46.866  12.194  52.054 0.3000000119
117659  -47.740  12.843  49.400 0.5000000000
103721  -37.606  12.044  52.567 0.2000000030
123121  -40.928  12.315  52.469 0.2000000030
103678  -42.089  12.235  52.090 0.2000000030
77925  -52.184  11.727  45.242 0.2000000030
103722  -36.630  12.084  52.489 0.1000000015
104641  -36.130  12.379  51.070 0.1000000015
77229  -53.175  11.205  43.464 0.2000000030
78568  -44.901  12.538  54.040 0.3000000119
78589  -46.780  12.558  52.892 0.4000000060
78590  -47.653  12.829  52.774 0.5000000000
78698  -52.492  12.342  46.145 0.3000000119
78563  -39.082  12.086  53.375 0.2000000030
78565  -41.601  12.510  54.341 0.2000000030
120614  -40.795  12.294  53.339 0.2000000030
78689  -52.486  12.812  46.627 0.4000000060
103726  -37.292  11.829  53.557 0.2000000030
78550  -41.811  12.966  56.932 0.2000000030
79399  -52.622  12.733  46.063 0.3000000119
78708  -53.476  11.999  44.262 0.3000000119
77814  -31.147  11.646  54.229 0.1000000015
78582  -32.788  12.101  53.309 0.1000000015
78601  -35.049  12.417  52.000 0.1000000015
103730  -37.042  11.720  54.839 0.1000000015
78719  -52.408  11.820  42.440 0.2000000030
78711  -51.223  12.471  42.777 0.2000000030
77957  -52.845  11.235  42.170 0.2000000030
77959  -50.242  11.974  40.579 0.2000000030
105067  -51.911  11.569  40.104 0.2000000030
104080  -51.899  11.554  39.123 0.2000000030
107553  -46.287  13.877  55.320 0.3000000119
77815  -31.742  11.863  54.540 0.1000000015
78545  -33.089  12.256  55.124 0.1000000015
85460  -43.134  23.719  34.587 0.3000000119
123206  -42.803  23.436  34.961 0.3000000119
85461  -43.990  23.751  34.718 0.4000000060
86175  -44.118  24.856  33.605 0.3000000119
86936  -44.605  24.745  29.050 0.3000000119
119741  -44.047  23.988  28.164 0.3000000119
86953  -44.190  24.113  27.584 0.3000000119
86216  -45.245  23.755  27.601 0.3000000119
86946  -44.899  23.970  28.305 0.3000000119
118916  -42.560  25.701  32.066 0.3000000119
86878  -42.065  25.372  32.906 0.3000000119
86907  -43.622  25.554  30.791 0.3000000119
86896  -45.167  25.814  32.159 0.3000000119
122822  -46.903  26.065  31.757 0.3000000119
86924  -46.336  25.652  30.358 0.3000000119
108449  -50.262  27.791  26.708 0.3000000119
108432  -52.983  29.004  27.456 0.6999999881
107732  -50.537  29.122  26.475 0.3000000119
88722  -49.872  28.863  30.290 0.6999999881
89377  -54.301  29.783  26.324 0.6999999881
89391  -49.855  29.713  26.575 0.2000000030
89966  -47.983  30.660  28.711 0.6000000238
89331  -48.527  29.416  30.994 0.6999999881
89992  -50.807  30.878  28.055 0.6999999881
116654  -54.853  31.320  25.985 0.5000000000
106924  -47.760  30.915  34.073 0.5000000000
89910  -47.879  29.818  31.243 0.6999999881
89944  -46.760  30.399  29.622 0.6000000238
91099  -45.393  31.926  26.076 0.2000000030
91059  -40.676  32.722  31.747 0.4000000060
90518  -45.563  31.183  29.085 0.5000000000
104367  -44.906  31.141  29.681 0.5000000000
80123  -38.935  15.062  34.464 0.1000000015
80729  -39.710  15.326  34.775 0.1000000015
80116  -39.527  14.296  35.118 0.1000000015
79454  -40.033  13.605  35.638 0.1000000015
79447  -40.600  13.075  36.120 0.1000000015
78761  -40.763  12.493  35.757 0.1000000015
79453  -39.458  13.433  34.996 0.1000000015
78760  -39.955  12.841  35.374 0.1000000015
78001  -41.171  11.947  35.171 0.1000000015
79448  -41.298  13.270  36.830 0.1000000015
80738  -38.127  16.054  33.656 0.1000000015
80109  -40.810  13.875  36.288 0.1000000015
77989  -41.496  12.016  35.947 0.1000000015
104604  -43.083  11.498  36.166 0.1000000015
122444  -43.663  11.515  37.054 0.1000000015
81338  -38.710  17.875  33.191 0.1000000015
80750  -35.246  15.805  31.400 0.1000000015
80751  -35.695  15.661  30.917 0.1000000015
80752  -36.182  16.441  31.576 0.1000000015
80747  -37.488  16.841  32.621 0.1000000015
121980  -38.241  18.033  32.471 0.1000000015
108843  -44.066  11.409  35.982 0.1000000015
110041  -45.143  11.391  35.698 0.1000000015
77973  -51.869  11.415  38.193 0.1000000015
123030  -41.405  14.465  36.517 0.1000000015
80745  -35.949  16.794  31.882 0.1000000015
105054  -36.745  17.262  32.123 0.1000000015
81348  -37.623  18.098  32.272 0.1000000015
77977  -44.715  11.470  37.389 0.1000000015
77993  -47.991  11.671  36.193 0.1000000015
111726  -50.708  11.591  36.754 0.1000000015
81347  -36.999  17.724  32.372 0.1000000015
77991  -45.646  11.378  36.680 0.1000000015
110040  -46.273  11.447  35.761 0.1000000015
109949  -48.843  11.702  36.674 0.1000000015
77994  -50.321  12.029  36.165 0.1000000015
80117  -40.196  14.498  35.534 0.1000000015
77968  -44.975  11.696  38.225 0.1000000015
77980  -48.325  11.603  37.570 0.1000000015
77982  -50.481  11.574  37.799 0.1000000015
81339  -39.632  17.696  33.849 0.1000000015
81340  -40.353  17.629  34.076 0.2000000030
80740  -40.064  16.657  34.233 0.2000000030
80730  -40.480  15.574  35.079 0.2000000030
77967  -44.018  11.747  38.023 0.1000000015
77969  -46.814  11.677  38.513 0.1000000015
110042  -47.586  11.521  37.007 0.1000000015
77981  -49.634  11.710  37.189 0.1000000015
81337  -37.933  18.184  32.552 0.1000000015
80118  -40.973  14.833  35.838 0.2000000030
77992  -46.849  11.456  36.453 0.1000000015
110043  -46.540  11.442  37.266 0.1000000015
106316  -49.339  12.075  35.839 0.1000000015
80732  -42.035  15.912  35.640 0.3000000119
80723  -41.705  15.201  36.188 0.2000000030
80110  -41.598  13.954  37.187 0.1000000015
81326  -40.783  16.662  34.529 0.3000000119
80731  -41.240  15.773  35.365 0.3000000119
81967  -39.375  17.817  33.831 0.1000000015
81968  -40.010  17.937  34.086 0.1000000015
81966  -37.574  18.186  32.823 0.1000000015
105552  -38.313  18.097  33.438 0.1000000015
81958  -39.685  18.101  34.483 0.1000000015
80724  -42.514  15.538  36.564 0.4000000060
81327  -41.535  16.664  34.727 0.3000000119
81956  -38.092  17.715  35.153 0.1000000015
81957  -38.993  17.912  34.752 0.1000000015
81959  -40.158  18.150  34.355 0.1000000015
81319  -42.717  16.057  35.826 0.4000000060
107152  -49.606  29.895  34.239 0.4000000060
88104  -50.264  28.469  34.588 0.4000000060
88686  -48.706  29.229  34.512 0.4000000060
88103  -49.580  28.863  34.522 0.4000000060
88684  -46.786  29.252  34.734 0.4000000060
88674  -48.041  28.416  34.812 0.4000000060
123944  -49.059  27.451  35.158 0.4000000060
87492  -49.445  26.910  35.409 0.5000000000
88685  -47.741  29.205  34.634 0.4000000060
88089  -48.747  27.999  34.852 0.4000000060
88090  -49.544  27.855  34.863 0.5000000000
89284  -47.465  30.289  34.452 0.4000000060
88088  -47.800  27.532  35.304 0.5000000000
87491  -48.528  26.998  35.475 0.4000000060
112265  -46.413  30.267  34.554 0.4000000060
89872  -46.885  31.100  34.170 0.4000000060
89878  -47.091  31.241  33.967 0.4000000060
88087  -46.817  27.447  35.482 0.4000000060
88672  -46.161  28.326  35.197 0.4000000060
111346  -47.986  26.488  36.059 0.5000000000
89272  -45.884  29.330  34.891 0.4000000060
88673  -47.216  28.321  34.992 0.4000000060
87478  -49.791  26.135  36.022 0.5000000000
89283  -45.508  30.162  34.683 0.4000000060
89871  -45.931  31.035  34.350 0.4000000060
90482  -46.237  31.372  34.073 0.4000000060
87477  -48.850  26.203  36.155 0.5000000000
88086  -45.276  27.995  35.468 0.4000000060
113851  -45.890  27.315  35.677 0.4000000060
116363  -45.423  28.727  35.226 0.4000000060
88671  -44.759  28.621  35.368 0.4000000060
89271  -45.111  29.363  35.078 0.4000000060
89870  -44.935  30.921  34.491 0.4000000060
90474  -45.383  31.410  34.145 0.4000000060
90480  -44.680  31.684  33.849 0.4000000060
90490  -46.269  31.351  33.727 0.4000000060
87476  -45.617  26.629  36.392 0.4000000060
86845  -49.435  25.836  36.702 0.5000000000
88071  -45.018  27.253  35.866 0.4000000060
88085  -44.489  27.870  35.579 0.4000000060
89865  -44.193  30.326  34.849 0.4000000060
91101  -50.344  32.749  26.966 0.5000000000
87475  -44.626  26.720  36.390 0.4000000060
88670  -43.992  28.453  35.477 0.4000000060
124277  -43.689  29.809  35.182 0.4000000060
115629  -43.445  30.559  35.015 0.4000000060
89869  -43.945  31.296  34.511 0.4000000060
89868  -43.030  31.334  34.799 0.4000000060
90532  -46.403  31.475  28.578 0.4000000060
106792  -47.478  31.387  28.378 0.5000000000
90545  -48.829  31.839  27.765 0.6000000238
91089  -49.372  32.424  27.359 0.6000000238
87473  -42.791  26.659  36.184 0.3000000119
87454  -44.121  26.210  36.955 0.3000000119
88084  -42.507  27.424  35.665 0.3000000119
88069  -43.358  27.280  35.779 0.4000000060
88070  -44.160  27.248  35.846 0.3000000119
89269  -42.163  29.780  35.417 0.4000000060
88669  -43.154  28.129  35.537 0.4000000060
107365  -43.003  29.795  35.337 0.4000000060
90466  -42.233  31.412  35.124 0.4000000060
90471  -42.543  31.938  34.617 0.4000000060
90472  -43.318  31.950  34.282 0.4000000060
90479  -43.786  31.958  33.552 0.4000000060
91082  -46.130  32.455  28.291 0.4000000060
91083  -46.987  32.203  28.071 0.4000000060
91088  -48.385  32.730  27.402 0.4000000060
91637  -48.661  33.564  26.996 0.4000000060
120074  -42.364  24.796  38.330 0.2000000030
86807  -41.653  24.908  38.162 0.2000000030
86825  -41.344  25.441  37.540 0.2000000030
87472  -41.396  26.450  36.481 0.2000000030
87452  -41.773  25.875  36.944 0.2000000030
86827  -43.404  25.591  37.433 0.3000000119
109706  -41.587  27.709  35.589 0.2000000030
88667  -40.981  28.274  35.509 0.2000000030
88668  -42.306  28.157  35.474 0.3000000119
89267  -40.702  29.005  35.462 0.3000000119
114166  -41.264  29.824  35.461 0.4000000060
89863  -41.776  30.702  35.385 0.4000000060
91035  -42.709  32.297  34.105 0.3000000119
110564  -44.909  31.610  29.085 0.4000000060
91086  -46.623  33.029  27.884 0.4000000060
91087  -47.419  32.866  27.619 0.4000000060
91636  -47.814  33.594  27.350 0.3000000119
92146  -48.156  34.415  27.128 0.3000000119
92148  -48.903  34.493  26.719 0.5000000000
106472  -39.880  24.621  39.944 0.2000000030
86111  -41.100  24.674  38.738 0.2000000030
86097  -41.301  24.471  39.699 0.2000000030
86110  -40.363  24.915  38.582 0.2000000030
86112  -41.922  24.561  38.886 0.2000000030
86824  -40.538  25.599  37.580 0.2000000030
87451  -40.956  25.991  37.008 0.2000000030
87450  -40.161  26.185  37.158 0.2000000030
87471  -40.597  26.600  36.566 0.2000000030
88067  -39.439  27.513  36.259 0.2000000030
88068  -40.276  27.240  36.179 0.2000000030
89266  -39.737  29.111  35.508 0.3000000119
112394  -40.361  29.896  35.454 0.3000000119
116455  -41.936  31.972  34.920 0.3000000119
91034  -41.956  32.364  34.276 0.3000000119
91053  -42.486  32.290  32.388 0.3000000119
91081  -45.259  32.903  28.395 0.4000000060
115403  -46.009  33.208  28.187 0.4000000060
118112  -44.194  31.804  29.539 0.4000000060
90531  -45.445  31.942  28.633 0.4000000060
92145  -47.401  34.429  27.469 0.3000000119
86082  -39.286  24.634  40.626 0.2000000030
104560  -40.073  24.458  41.032 0.3000000119
86070  -41.511  24.368  41.732 0.3000000119
104200  -42.652  24.566  42.839 0.3000000119
85365  -44.277  23.885  43.613 0.4000000060
104443  -37.730  25.626  38.979 0.2000000030
86791  -38.323  25.245  39.464 0.2000000030
86083  -40.979  24.400  40.846 0.3000000119
86058  -43.305  24.650  42.873 0.3000000119
107029  -38.444  25.654  38.501 0.2000000030
116896  -39.718  25.705  37.764 0.2000000030
118447  -38.250  26.152  37.956 0.2000000030
86823  -38.911  25.960  37.840 0.2000000030
87449  -38.551  26.524  37.448 0.2000000030
107857  -39.356  26.359  37.292 0.2000000030
88659  -38.914  28.093  36.072 0.2000000030
118642  -40.041  27.778  35.847 0.2000000030
112367  -39.639  30.034  35.477 0.2000000030
89862  -40.881  30.756  35.440 0.4000000060
90464  -40.827  32.183  35.036 0.4000000060
91033  -41.123  32.446  34.361 0.3000000119
91079  -43.814  32.617  29.171 0.4000000060
91074  -42.608  32.607  29.912 0.4000000060
91075  -43.347  32.211  29.783 0.4000000060
91630  -44.841  33.679  28.409 0.4000000060
91069  -42.899  32.024  30.651 0.4000000060
91080  -44.630  32.297  28.834 0.4000000060
91635  -47.005  33.701  27.604 0.3000000119
86068  -39.301  24.558  41.623 0.3000000119
86055  -40.604  24.159  42.340 0.3000000119
85383  -42.123  23.799  43.140 0.3000000119
122058  -43.771  23.589  43.542 0.3000000119
84763  -44.396  23.011  43.616 0.4000000060
123806  -45.403  22.191  43.406 0.5000000000
120615  -38.772  24.658  41.134 0.2000000030
87440  -36.912  26.470  38.262 0.2000000030
88055  -35.876  27.904  37.847 0.2000000030
88052  -36.197  27.117  38.203 0.2000000030
87448  -37.660  26.619  37.704 0.2000000030
88653  -35.867  28.605  37.553 0.2000000030
88065  -36.879  27.921  37.012 0.2000000030
88057  -37.290  27.299  37.280 0.2000000030
88066  -38.548  27.626  36.513 0.2000000030
89259  -37.570  29.185  36.202 0.2000000030
88658  -38.160  28.419  36.214 0.2000000030
88664  -38.903  28.771  35.744 0.2000000030
89861  -40.043  30.793  35.476 0.3000000119
109615  -40.484  31.618  35.358 0.3000000119
111222  -40.353  32.489  34.515 0.3000000119
91068  -42.082  32.559  30.597 0.3000000119
120189  -43.103  32.827  29.417 0.4000000060
83703  -43.166  21.031  43.012 0.3000000119
110978  -41.177  22.505  42.572 0.3000000119
84227  -42.510  21.759  42.715 0.3000000119
121643  -43.964  21.763  43.354 0.3000000119
84217  -44.915  21.894  43.457 0.4000000060
89252  -35.530  29.651  38.549 0.2000000030
89255  -35.573  29.293  37.846 0.2000000030
89256  -36.043  29.303  37.162 0.2000000030
115853  -35.804  30.029  37.367 0.2000000030
113392  -37.163  30.002  36.351 0.2000000030
89260  -38.288  29.178  35.853 0.2000000030
89851  -36.220  30.779  37.090 0.2000000030
89857  -37.679  30.835  36.189 0.2000000030
89264  -37.985  29.935  35.919 0.2000000030
89859  -38.493  30.782  35.776 0.2000000030
89265  -38.883  29.760  35.604 0.2000000030
89860  -39.271  30.787  35.554 0.2000000030
113251  -37.738  32.267  36.142 0.2000000030
90462  -38.891  31.692  35.638 0.2000000030
90463  -39.684  31.678  35.468 0.3000000119
91032  -39.543  32.569  34.695 0.3000000119
91040  -38.840  32.749  33.827 0.3000000119
91050  -39.462  32.827  32.789 0.3000000119
91058  -39.796  33.009  31.759 0.3000000119
91617  -40.802  33.345  30.359 0.3000000119
91618  -41.364  33.411  29.983 0.3000000119
91042  -40.642  32.633  33.711 0.3000000119
91066  -40.871  32.846  30.889 0.3000000119
92137  -42.555  34.059  29.120 0.3000000119
91626  -43.352  33.500  28.967 0.3000000119
91629  -44.316  33.178  28.675 0.4000000060
91619  -41.949  33.084  29.946 0.4000000060
92142  -45.048  34.452  28.432 0.3000000119
83689  -43.391  20.142  43.444 0.2000000030
107791  -39.541  22.632  42.528 0.3000000119
84224  -39.869  21.802  42.503 0.3000000119
84226  -41.639  21.652  42.546 0.3000000119
105107  -44.011  19.945  43.718 0.2000000030
83115  -44.639  20.298  43.618 0.4000000060
90445  -36.291  31.261  39.675 0.2000000030
89844  -35.606  30.693  38.377 0.2000000030
107095  -35.713  30.227  39.114 0.2000000030
114894  -35.553  30.067  37.888 0.2000000030
89850  -35.753  30.758  37.661 0.2000000030
91017  -36.428  32.527  36.965 0.2000000030
91022  -36.627  32.997  36.272 0.2000000030
90457  -36.682  31.640  36.827 0.2000000030
91018  -37.065  32.396  36.430 0.2000000030
91023  -37.375  32.708  35.785 0.2000000030
91598  -37.739  33.317  32.635 0.2000000030
91604  -38.060  33.571  31.957 0.2000000030
123777  -37.136  34.359  31.840 0.2000000030
91024  -38.310  32.339  35.600 0.2000000030
91030  -37.942  32.672  35.179 0.3000000119
91039  -37.914  32.764  34.319 0.3000000119
91608  -37.633  34.237  31.574 0.2000000030
91609  -38.507  34.033  31.120 0.3000000119
92132  -38.710  34.857  30.528 0.3000000119
92591  -39.309  35.429  30.222 0.2000000030
91049  -38.476  33.020  32.703 0.3000000119
91610  -39.432  33.561  31.020 0.3000000119
91615  -39.250  34.197  30.585 0.3000000119
91623  -40.931  33.902  29.856 0.3000000119
91624  -41.781  33.811  29.552 0.3000000119
119816  -41.953  34.462  29.299 0.3000000119
91611  -40.234  33.163  30.951 0.3000000119
123457  -43.653  19.124  44.081 0.2000000030
83116  -45.463  20.151  43.629 0.4000000060
91571  -35.949  33.491  39.079 0.2000000030
110567  -36.332  33.035  39.697 0.2000000030
91008  -36.334  32.151  39.722 0.2000000030
90444  -36.001  31.725  39.225 0.2000000030
91007  -35.930  32.547  39.056 0.2000000030
90448  -35.793  31.648  38.667 0.2000000030
110275  -35.831  33.187  38.458 0.2000000030
91013  -36.051  32.379  37.657 0.2000000030
91016  -35.981  33.135  37.342 0.2000000030
91578  -35.672  33.702  37.710 0.2000000030
91582  -35.924  33.481  36.014 0.2000000030
91586  -36.464  33.195  35.438 0.2000000030
91587  -37.161  32.939  34.854 0.3000000119
91602  -36.547  34.041  32.823 0.2000000030
92586  -37.407  35.481  31.113 0.2000000030
91585  -35.640  33.728  35.086 0.2000000030
91590  -35.685  33.930  34.109 0.2000000030
91596  -36.343  33.642  33.567 0.2000000030
92129  -37.858  34.796  31.016 0.2000000030
92590  -38.685  35.628  30.461 0.2000000030
92594  -40.037  35.292  29.852 0.3000000119
92136  -41.245  34.485  29.525 0.3000000119
82494  -44.364  18.615  44.724 0.2000000030
91576  -36.049  34.231  39.041 0.2000000030
92102  -37.450  34.886  39.813 0.2000000030
92548  -37.021  35.264  39.212 0.2000000030
92101  -36.681  34.589  39.486 0.2000000030
92111  -35.881  34.503  38.496 0.2000000030
91575  -35.741  33.930  38.462 0.2000000030
92581  -35.503  35.620  33.476 0.2000000030
121375  -36.144  35.116  32.416 0.2000000030
92583  -36.239  35.739  32.086 0.2000000030
93089  -37.143  36.221  31.255 0.2000000030
94143  -38.695  37.892  31.023 0.2000000030
93622  -39.333  37.243  30.598 0.2000000030
92120  -35.407  34.537  34.660 0.2000000030
93092  -37.685  35.997  30.860 0.2000000030
93621  -38.500  36.967  30.762 0.2000000030
93094  -39.121  36.298  30.384 0.2000000030
93102  -39.768  35.939  30.028 0.2000000030
93104  -41.293  35.907  29.571 0.2000000030
92596  -41.666  35.144  29.350 0.3000000119
92562  -36.672  35.499  38.504 0.2000000030
115809  -38.425  38.582  31.397 0.2000000030
93080  -35.546  36.576  34.345 0.2000000030
93083  -35.469  36.276  33.770 0.2000000030
93086  -36.009  36.432  32.409 0.2000000030
93614  -37.000  37.157  31.517 0.2000000030
93620  -37.738  36.665  31.023 0.2000000030
94131  -39.148  38.633  31.251 0.2000000030
93095  -40.057  36.720  30.224 0.2000000030
92578  -35.365  35.587  34.358 0.2000000030
92563  -37.499  35.827  38.747 0.2000000030
94662  -37.369  39.415  32.416 0.2000000030
94663  -38.075  39.731  32.093 0.2000000030
94119  -36.547  38.490  34.256 0.2000000030
94121  -36.444  38.456  33.399 0.2000000030
94651  -36.793  39.209  33.727 0.2000000030
94656  -36.760  39.040  32.857 0.2000000030
94678  -37.743  38.911  31.733 0.2000000030
94679  -38.602  39.230  31.609 0.2000000030
120125  -35.816  37.266  34.282 0.2000000030
93609  -36.144  37.723  33.136 0.2000000030
94124  -36.515  38.266  32.651 0.2000000030
94125  -36.975  38.658  32.169 0.2000000030
93096  -41.009  36.642  29.986 0.2000000030
94648  -37.362  39.864  35.158 0.2000000030
94652  -37.247  40.006  34.167 0.2000000030
95196  -37.716  40.172  32.722 0.2000000030
94647  -37.005  39.175  34.669 0.2000000030
94657  -37.199  39.751  33.222 0.2000000030
95181  -37.530  40.499  33.454 0.2000000030
77976  -42.441  11.852  37.034 0.1000000015
81950  -39.260  18.111  35.605 0.1000000015
83691  -45.226  20.924  43.435 0.4000000060
86071  -42.404  24.390  41.584 0.3000000119
85363  -42.738  24.313  43.205 0.3000000119
86826  -42.317  25.311  37.601 0.2000000030
77970  -47.797  11.672  38.432 0.1000000015
77979  -47.223  11.546  37.797 0.1000000015
77978  -45.660  11.476  37.664 0.1000000015
122478  -44.428  19.779  43.805 0.3000000119
106310  -43.991  31.822  34.126 0.4000000060
81978  -37.647  18.212  32.409 0.1000000015
87453  -42.617  25.958  36.848 0.3000000119
112068  -42.090  26.340  36.441 0.2000000030
86094  -39.156  24.894  39.690 0.2000000030
121666  -40.543  24.504  40.135 0.3000000119
86792  -39.091  25.204  38.858 0.2000000030
86069  -40.705  24.376  41.875 0.3000000119
107957  -39.936  24.387  42.042 0.3000000119
86056  -41.351  24.196  42.455 0.3000000119
86781  -37.960  25.076  40.303 0.2000000030
86054  -39.201  24.417  42.188 0.3000000119
84773  -40.335  22.716  42.551 0.3000000119
119088  -40.932  23.248  42.582 0.3000000119
84774  -41.955  22.602  42.701 0.3000000119
84775  -42.715  22.815  43.112 0.3000000119
84762  -43.528  22.831  43.393 0.3000000119
88056  -36.547  27.523  37.547 0.2000000030
111094  -44.536  21.086  43.439 0.3000000119
90452  -36.176  31.591  37.410 0.2000000030
91025  -39.224  32.311  35.288 0.3000000119
91031  -38.729  32.658  34.992 0.3000000119
91605  -38.924  33.265  31.829 0.3000000119
92133  -39.617  34.687  30.176 0.2000000030
91595  -35.921  34.280  33.328 0.2000000030
92582  -35.788  35.718  32.728 0.2000000030
94129  -37.312  38.093  31.656 0.2000000030
93608  -35.925  37.093  32.801 0.2000000030
116403  -36.310  37.622  32.536 0.2000000030
117072  -36.299  37.747  34.651 0.2000000030
79259  -32.698  13.581  56.083 0.1000000015
79247  -33.490  14.068  56.884 0.1000000015
79914  -34.383  14.462  57.376 0.1000000015
78504  -35.492  13.870  58.223 0.1000000015
84261  -36.367  21.434  37.503 0.1000000015
84262  -37.259  21.238  37.352 0.1000000015
84263  -38.191  21.019  37.152 0.1000000015
83742  -36.841  19.847  37.964 0.1000000015
83751  -39.090  20.843  36.962 0.1000000015
106717  -39.834  20.715  36.758 0.1000000015
83745  -39.503  20.075  36.941 0.1000000015
84269  -38.731  21.638  36.767 0.1000000015
84270  -39.578  21.443  36.662 0.1000000015
84271  -40.510  21.174  36.562 0.1000000015
83130  -40.084  19.466  42.550 0.2000000030
112181  -40.718  19.982  42.549 0.2000000030
84806  -36.854  21.985  36.929 0.1000000015
84268  -37.796  21.949  36.767 0.1000000015
84804  -35.289  22.398  37.203 0.1000000015
84813  -35.802  22.732  36.687 0.1000000015
84814  -36.479  22.673  36.553 0.1000000015
85428  -37.896  22.915  36.231 0.1000000015
107686  -38.490  22.336  36.494 0.1000000015
84815  -39.230  22.215  36.471 0.1000000015
84817  -41.011  22.089  36.259 0.1000000015
84812  -35.210  23.047  36.618 0.1000000015
85440  -38.393  23.604  35.693 0.1000000015
85429  -38.836  22.938  36.176 0.1000000015
85431  -40.402  22.621  36.102 0.1000000015
85430  -39.683  22.796  36.135 0.1000000015
84825  -41.756  22.540  35.786 0.2000000030
83699  -38.963  20.202  42.459 0.2000000030
83701  -41.193  20.821  42.535 0.2000000030
110658  -38.500  20.976  42.426 0.2000000030
110657  -39.396  20.994  42.450 0.2000000030
84225  -40.749  21.703  42.513 0.2000000030
86132  -34.450  24.064  36.122 0.1000000015
86133  -35.165  23.685  36.108 0.1000000015
85426  -36.006  23.403  36.081 0.1000000015
85439  -37.605  23.703  35.673 0.1000000015
85441  -39.311  23.588  35.604 0.1000000015
107408  -40.220  23.232  35.735 0.2000000030
84824  -40.989  22.901  35.815 0.2000000030
112063  -42.533  23.038  35.363 0.3000000119
85442  -40.835  23.527  35.334 0.2000000030
114876  -36.835  18.961  42.706 0.1000000015
83127  -37.551  19.359  42.534 0.1000000015
110659  -37.735  20.838  42.415 0.1000000015
83698  -38.092  20.169  42.434 0.1000000015
84222  -37.851  21.709  42.437 0.1000000015
84223  -38.904  21.985  42.473 0.2000000030
85423  -32.896  24.112  36.708 0.1000000015
86130  -32.281  24.632  36.669 0.1000000015
122866  -35.605  23.890  35.774 0.1000000015
86142  -37.466  24.330  35.219 0.1000000015
86143  -38.718  24.193  35.227 0.2000000030
86144  -39.382  24.212  35.071 0.2000000030
86145  -40.038  23.891  35.177 0.2000000030
86154  -40.729  24.681  34.180 0.2000000030
85459  -41.380  23.745  34.925 0.2000000030
82499  -35.779  18.595  43.317 0.2000000030
84771  -38.228  22.631  42.504 0.2000000030
125292  -38.670  23.906  42.506 0.2000000030
107942  -39.831  24.108  42.351 0.2000000030
86138  -33.568  25.122  35.715 0.1000000015
86139  -34.352  24.723  35.590 0.1000000015
86140  -35.215  24.322  35.533 0.1000000015
111684  -33.438  25.811  35.359 0.2000000030
86856  -34.990  25.054  34.996 0.2000000030
86857  -35.919  24.804  34.905 0.2000000030
85437  -36.043  24.149  35.483 0.1000000015
86151  -37.347  24.844  34.725 0.1000000015
86855  -34.192  25.430  35.171 0.2000000030
86863  -35.557  25.528  34.510 0.2000000030
86867  -38.723  25.245  34.295 0.2000000030
121852  -39.420  25.095  34.280 0.2000000030
86172  -41.552  24.883  33.722 0.2000000030
86171  -40.746  25.211  33.626 0.2000000030
86879  -42.932  24.996  32.827 0.2000000030
122316  -37.196  21.842  42.455 0.1000000015
103684  -35.753  23.056  42.649 0.1000000015
106021  -37.367  22.614  42.496 0.2000000030
85378  -37.111  23.673  42.514 0.1000000015
86052  -37.580  24.454  42.315 0.1000000015
86067  -38.611  24.700  41.876 0.1000000015
86862  -34.762  25.810  34.662 0.2000000030
86864  -36.331  25.374  34.387 0.2000000030
86866  -37.895  25.332  34.307 0.2000000030
86874  -38.420  25.706  33.649 0.2000000030
86875  -39.348  25.572  33.565 0.2000000030
86876  -40.242  25.619  33.195 0.2000000030
86877  -41.094  25.568  32.992 0.2000000030
86065  -37.011  24.949  42.112 0.1000000015
86772  -37.011  25.120  41.630 0.1000000015
86080  -38.173  24.815  41.087 0.1000000015
86779  -36.459  25.436  40.734 0.1000000015
86780  -37.422  25.053  40.889 0.1000000015
87502  -35.305  26.262  34.193 0.2000000030
87503  -36.060  25.958  33.997 0.2000000030
86873  -37.497  25.831  33.670 0.2000000030
87509  -35.809  26.649  33.629 0.2000000030
87510  -36.671  26.334  33.400 0.2000000030
86890  -38.888  25.968  32.809 0.2000000030
87518  -38.552  26.386  32.316 0.2000000030
86891  -39.646  25.908  32.538 0.2000000030
86893  -41.386  25.878  31.957 0.2000000030
87519  -39.242  26.164  32.044 0.2000000030
86892  -40.422  25.861  32.235 0.2000000030
87526  -39.580  26.418  31.489 0.2000000030
86919  -40.814  26.076  30.742 0.2000000030
86906  -41.823  25.818  30.987 0.2000000030
86920  -41.488  25.915  30.417 0.2000000030
86921  -42.062  25.565  30.097 0.2000000030
86933  -42.375  25.410  29.469 0.2000000030
86922  -42.689  25.340  29.803 0.2000000030
86934  -42.815  24.916  28.998 0.2000000030
88617  -35.960  28.248  45.516 0.1000000015
88622  -34.955  28.363  44.462 0.1000000015
111000  -36.840  29.303  44.743 0.1000000015
89211  -39.729  29.647  45.535 0.1000000015
89802  -40.383  30.097  44.933 0.1000000015
102864  -42.251  30.373  44.787 0.1000000015
117287  -43.897  30.438  44.819 0.1000000015
102991  -44.754  30.558  44.414 0.1000000015
119096  -34.909  25.524  42.275 0.1000000015
87431  -34.452  27.026  41.948 0.1000000015
89222  -35.456  29.105  43.489 0.1000000015
104400  -36.951  29.652  43.912 0.1000000015
89806  -39.947  30.429  44.066 0.1000000015
103063  -41.396  30.357  44.626 0.1000000015
117276  -42.859  30.547  43.657 0.1000000015
117298  -44.497  30.733  43.386 0.1000000015
102867  -45.962  30.880  44.221 0.1000000015
87432  -34.949  26.322  41.493 0.1000000015
88633  -34.711  28.441  41.614 0.1000000015
89226  -35.035  29.016  42.064 0.1000000015
87437  -35.616  26.544  39.467 0.1000000015
88047  -34.943  27.580  40.343 0.1000000015
86804  -36.987  25.927  38.939 0.1000000015
88131  -39.833  26.666  31.029 0.2000000030
88137  -40.551  26.655  30.626 0.1000000015
87533  -41.273  26.141  30.253 0.2000000030
87534  -41.788  25.766  29.856 0.2000000030
87540  -42.143  26.009  29.388 0.2000000030
87541  -42.661  25.220  28.884 0.2000000030
86944  -43.151  24.605  28.378 0.2000000030
120893  -38.329  30.153  43.981 0.1000000015
89219  -39.442  30.011  44.805 0.1000000015
89223  -36.285  29.488  43.265 0.1000000015
89804  -37.765  30.006  43.496 0.1000000015
89812  -39.644  30.484  43.085 0.1000000015
89814  -41.404  30.490  43.411 0.1000000015
89822  -42.607  30.593  42.242 0.1000000015
89823  -44.188  30.864  42.274 0.1000000015
88634  -35.251  28.965  41.176 0.1000000015
89228  -36.539  29.616  42.259 0.1000000015
89810  -37.947  30.079  42.455 0.1000000015
88648  -35.245  28.338  39.783 0.1000000015
88642  -34.944  28.328  40.724 0.1000000015
88136  -39.991  27.626  30.801 0.1000000015
88721  -40.820  27.920  30.335 0.1000000015
88144  -41.857  27.094  29.656 0.1000000015
87539  -41.619  26.226  29.830 0.1000000015
87548  -43.166  25.435  28.378 0.2000000030
87549  -43.550  24.609  27.886 0.2000000030
86945  -43.642  24.049  27.959 0.2000000030
89233  -37.686  29.980  41.140 0.1000000015
89232  -36.946  29.751  41.256 0.1000000015
89817  -38.103  30.134  41.585 0.1000000015
88650  -35.387  28.308  38.903 0.1000000015
109396  -35.494  28.991  39.720 0.1000000015
114115  -35.773  29.330  40.752 0.1000000015
88720  -39.541  28.536  30.849 0.1000000015
116266  -41.486  27.808  29.873 0.1000000015
87547  -42.840  26.318  28.854 0.1000000015
90441  -37.384  30.875  40.646 0.1000000015
89827  -38.053  30.421  41.089 0.1000000015
89826  -37.287  30.124  40.753 0.1000000015
90991  -38.416  32.307  41.247 0.1000000015
115441  -35.438  28.929  39.104 0.1000000015
89835  -36.635  30.557  40.190 0.1000000015
105865  -37.358  32.838  40.654 0.1000000015
91004  -37.993  33.004  41.017 0.1000000015
92091  -39.020  34.291  40.749 0.1000000015
92094  -42.427  34.592  40.563 0.1000000015
115572  -35.469  28.924  38.490 0.1000000015
92540  -38.774  35.033  40.320 0.1000000015
123290  -39.351  35.440  40.159 0.1000000015
92541  -40.998  35.371  40.239 0.1000000015
92554  -42.510  35.677  39.445 0.1000000015
92565  -44.311  35.888  38.481 0.1000000015
93035  -39.201  36.337  39.103 0.1000000015
93036  -40.103  36.496  39.154 0.1000000015
93037  -41.059  36.490  39.105 0.1000000015
88150  -43.222  27.454  28.651 0.1000000015
88152  -43.978  26.189  27.980 0.1000000015
87554  -44.364  25.136  27.468 0.1000000015
92544  -46.018  35.782  40.116 0.1000000015
93022  -45.177  36.323  39.819 0.1000000015
93040  -45.707  36.593  38.969 0.1000000015
93547  -46.336  37.183  38.539 0.1000000015
93568  -47.178  37.562  37.973 0.1000000015
93068  -46.685  36.582  37.852 0.1000000015
92567  -46.381  36.208  38.314 0.1000000015
91562  -36.865  33.394  40.234 0.1000000015
91563  -37.605  33.618  40.561 0.1000000015
121197  -45.987  37.584  37.375 0.1000000015
92089  -37.114  34.176  40.097 0.1000000015
92550  -38.741  35.666  39.710 0.1000000015
93053  -41.626  36.949  38.278 0.1000000015
93065  -43.334  37.214  37.623 0.1000000015
111753  -38.798  36.676  38.329 0.1000000015
93051  -39.677  36.895  38.377 0.1000000015
93564  -40.214  37.452  37.667 0.1000000015
94091  -41.207  38.265  37.402 0.1000000015
92116  -35.547  34.415  36.950 0.1000000015
92574  -36.039  35.728  36.977 0.1000000015
93063  -38.417  36.922  37.573 0.1000000015
93582  -39.159  37.785  36.866 0.1000000015
93583  -39.887  37.818  37.134 0.1000000015
94616  -40.686  38.952  37.634 0.1000000015
120841  -43.458  26.649  28.454 0.1000000015
88158  -44.877  26.541  27.570 0.1000000015
93530  -42.786  37.600  40.439 0.1000000015
93546  -44.157  37.886  39.587 0.1000000015
94541  -41.320  40.176  43.454 0.1000000015
94552  -42.367  40.310  42.176 0.1000000015
94561  -42.960  39.948  41.226 0.1000000015
94583  -44.270  38.767  39.849 0.1000000015
94054  -45.249  38.453  39.330 0.1000000015
94562  -44.156  40.114  40.706 0.1000000015
94584  -45.706  39.581  39.649 0.1000000015
94070  -46.994  38.560  38.291 0.1000000015
94096  -47.217  38.265  37.926 0.1000000015
93066  -44.793  36.831  37.483 0.1000000015
94572  -44.777  39.762  40.226 0.1000000015
95103  -46.696  39.911  38.912 0.1000000015
94601  -46.212  39.803  38.449 0.1000000015
94620  -45.636  39.018  37.738 0.1000000015
93587  -45.012  37.483  37.326 0.1000000015
115889  -44.194  38.068  37.300 0.1000000015
94597  -41.188  39.551  38.350 0.1000000015
95114  -40.838  40.368  38.815 0.1000000015
94617  -41.710  38.784  37.711 0.1000000015
95653  -40.566  41.154  39.121 0.1000000015
93049  -37.107  36.121  38.044 0.1000000015
93073  -37.290  36.883  36.768 0.1000000015
107733  -40.147  40.710  38.632 0.1000000015
92118  -35.470  34.800  36.066 0.1000000015
115344  -36.476  36.451  36.516 0.1000000015
93593  -36.914  37.220  36.124 0.1000000015
94111  -38.116  38.208  36.107 0.1000000015
94089  -39.516  38.329  36.923 0.1000000015
94596  -40.130  39.889  38.142 0.1000000015
95652  -39.829  41.445  38.755 0.1000000015
121023  -40.302  41.946  39.270 0.1000000015
93599  -35.910  37.033  34.950 0.1000000015
88728  -42.079  28.242  29.387 0.1000000015
88151  -43.885  27.482  28.197 0.1000000015
115713  -43.139  28.902  28.376 0.1000000015
88734  -42.837  28.270  28.771 0.1000000015
88736  -44.222  28.374  27.848 0.1000000015
88746  -45.746  28.404  27.432 0.1000000015
88747  -46.569  28.305  27.405 0.1000000015
95080  -44.551  41.019  41.361 0.1000000015
94573  -46.126  40.415  39.612 0.1000000015
95092  -46.106  40.439  39.511 0.1000000015
95118  -45.918  40.408  38.868 0.1000000015
94600  -44.969  39.729  38.189 0.1000000015
94599  -43.559  39.577  38.137 0.1000000015
94598  -42.275  39.477  38.326 0.1000000015
95115  -41.821  40.212  38.931 0.1000000015
95099  -41.413  40.931  39.361 0.1000000015
95117  -44.477  40.413  38.786 0.1000000015
95116  -43.026  40.292  38.807 0.1000000015
95100  -42.477  40.913  39.425 0.1000000015
123105  -40.797  42.327  39.679 0.1000000015
96656  -39.377  43.221  38.930 0.1000000015
93600  -36.570  37.523  35.396 0.1000000015
94115  -36.842  38.332  35.066 0.1000000015
94636  -38.195  39.105  36.344 0.1000000015
120721  -38.448  39.789  36.968 0.1000000015
95112  -38.808  40.906  37.867 0.1000000015
120642  -38.975  41.707  38.315 0.1000000015
96188  -39.569  42.319  38.865 0.1000000015
96187  -38.818  42.704  38.435 0.1000000015
95127  -38.261  40.659  37.233 0.1000000015
95662  -38.375  41.541  37.627 0.1000000015
89353  -42.410  29.165  28.701 0.1000000015
89354  -43.088  29.563  28.094 0.1000000015
89355  -43.738  29.074  27.969 0.1000000015
88735  -43.533  28.308  28.308 0.1000000015
89370  -43.727  29.874  27.644 0.1000000015
116300  -44.540  29.329  27.543 0.1000000015
89987  -44.371  30.333  27.268 0.1000000015
88745  -44.959  28.396  27.538 0.1000000015
89371  -45.436  29.160  27.424 0.1000000015
92154  -52.588  34.878  25.378 0.3000000119
91645  -53.454  33.428  26.019 0.4000000060
90006  -44.953  30.805  26.773 0.1000000015
89988  -45.335  30.047  27.262 0.1000000015
122359  -45.864  29.651  27.354 0.1000000015
89372  -46.313  29.198  27.387 0.1000000015
92622  -51.894  37.036  25.039 0.3000000119
92624  -52.603  35.379  25.042 0.3000000119
92155  -53.114  34.404  25.282 0.2000000030
92651  -51.903  36.618  24.792 0.3000000119
92165  -52.414  35.494  24.727 0.3000000119
92166  -53.146  34.525  24.854 0.3000000119
92156  -53.539  33.948  25.161 0.3000000119
92164  -51.662  35.568  24.267 0.3000000119
92189  -52.773  34.442  24.413 0.3000000119
91652  -53.277  33.774  24.391 0.3000000119
91123  -53.561  33.005  24.333 0.2000000030
92188  -52.116  34.595  24.065 0.3000000119
91665  -52.499  33.738  23.957 0.3000000119
91122  -52.770  32.532  24.173 0.3000000119
91137  -51.968  32.766  23.767 0.3000000119
90574  -48.577  31.841  25.197 0.2000000030
110117  -49.397  31.677  24.867 0.2000000030
95067  -43.190  41.285  42.988 0.1000000015
95068  -44.227  41.772  42.470 0.1000000015
95090  -45.426  40.750  40.433 0.1000000015
95091  -45.563  41.242  40.274 0.1000000015
95647  -45.531  41.298  40.194 0.1000000015
95646  -44.821  41.576  40.087 0.1000000015
95645  -43.218  41.582  40.003 0.1000000015
96181  -41.558  42.261  40.066 0.1000000015
96179  -40.211  42.910  39.429 0.1000000015
96648  -39.891  43.837  39.384 0.1000000015
97082  -39.206  44.058  38.966 0.1000000015
109913  -37.612  39.740  35.910 0.1000000015
95142  -37.739  40.874  36.604 0.1000000015
95661  -37.832  41.476  37.025 0.1000000015
96196  -38.369  42.326  37.817 0.1000000015
96663  -38.273  43.155  37.854 0.1000000015
96655  -38.686  43.589  38.461 0.1000000015
92140  -43.272  34.378  28.822 0.2000000030
93635  -46.110  37.221  30.076 0.1000000015
89963  -42.301  30.158  28.167 0.1000000015
89964  -43.050  30.197  27.704 0.1000000015
93110  -47.215  37.179  29.322 0.1000000015
92606  -47.562  36.156  27.765 0.2000000030
92610  -48.362  36.255  27.186 0.2000000030
116452  -48.554  35.308  26.872 0.2000000030
93637  -48.384  37.931  29.674 0.1000000015
93116  -47.624  37.000  28.564 0.1000000015
93123  -48.386  37.173  27.752 0.1000000015
93667  -49.364  38.281  27.841 0.1000000015
93136  -49.182  37.478  27.061 0.2000000030
92615  -49.362  36.394  26.551 0.3000000119
116649  -49.256  35.309  26.543 0.4000000060
91642  -50.092  33.681  26.542 0.4000000060
91643  -51.146  33.492  26.411 0.4000000060
93137  -50.124  37.959  26.279 0.2000000030
116852  -50.390  37.027  25.990 0.3000000119
92616  -50.081  35.903  26.135 0.4000000060
124902  -51.738  34.979  25.635 0.3000000119
90005  -44.159  31.117  26.841 0.1000000015
109891  -50.935  35.443  25.808 0.4000000060
93684  -50.260  38.435  25.965 0.2000000030
93138  -50.864  37.864  25.514 0.3000000119
92617  -51.245  36.852  25.497 0.3000000119
115052  -52.114  36.058  25.220 0.3000000119
93685  -50.910  37.978  25.321 0.3000000119
93152  -51.771  37.285  24.998 0.3000000119
92650  -51.180  36.471  24.398 0.3000000119
91664  -51.566  33.522  23.690 0.3000000119
90584  -49.030  31.676  24.105 0.2000000030
91136  -51.040  32.140  23.649 0.3000000119
90594  -50.264  31.800  23.493 0.3000000119
90586  -50.890  31.681  24.140 0.3000000119
97081  -38.581  44.470  38.531 0.1000000015
95168  -37.452  40.690  34.853 0.1000000015
95673  -37.621  41.469  36.253 0.1000000015
113463  -37.702  42.144  36.730 0.1000000015
96195  -37.824  42.763  37.211 0.1000000015
97090  -38.134  44.095  37.769 0.1000000015
97482  -38.103  45.042  37.971 0.1000000015
95690  -37.568  41.431  35.374 0.1000000015
96220  -37.639  42.277  35.880 0.1000000015
96671  -37.714  43.406  36.570 0.1000000015
119987  -37.860  43.500  37.300 0.1000000015
97089  -37.776  44.898  37.237 0.1000000015
94144  -39.626  38.026  30.864 0.1000000015
93624  -41.857  37.249  30.421 0.1000000015
117120  -41.778  36.518  29.872 0.1000000015
93097  -42.504  36.731  30.043 0.1000000015
93105  -42.245  35.902  29.488 0.1000000015
92602  -43.485  35.056  28.888 0.2000000030
91631  -45.590  33.785  28.254 0.3000000119
91632  -46.304  33.822  27.975 0.3000000119
94149  -46.537  38.240  31.231 0.1000000015
93115  -46.688  36.450  28.856 0.2000000030
119609  -46.563  35.156  28.075 0.2000000030
93628  -46.933  37.881  30.660 0.1000000015
93636  -47.176  37.582  29.969 0.1000000015
93109  -46.409  36.825  29.473 0.2000000030
112221  -46.899  35.923  28.246 0.1000000015
92605  -47.104  35.207  27.743 0.2000000030
112342  -47.797  35.254  27.346 0.2000000030
93651  -49.006  37.996  28.695 0.1000000015
91641  -49.322  33.889  26.672 0.4000000060
91102  -51.563  32.725  26.805 0.4000000060
93630  -49.118  38.721  30.394 0.1000000015
93638  -49.491  38.725  29.438 0.1000000015
93652  -49.753  38.884  28.569 0.1000000015
124108  -49.667  38.861  27.942 0.1000000015
90560  -44.743  31.503  26.383 0.1000000015
93668  -49.582  38.659  27.057 0.1000000015
94215  -49.560  38.708  26.731 0.2000000030
124798  -45.356  31.328  26.487 0.1000000015
93695  -50.352  38.291  25.671 0.3000000119
93717  -50.726  38.009  25.040 0.3000000119
91100  -46.209  32.251  25.637 0.1000000015
93716  -49.645  37.955  25.181 0.3000000119
93181  -50.918  37.358  24.651 0.3000000119
90562  -46.929  31.983  25.941 0.2000000030
93180  -49.788  37.223  24.657 0.3000000119
90573  -47.725  31.982  25.491 0.2000000030
92675  -50.558  35.201  24.033 0.3000000119
106989  -47.251  32.377  24.979 0.2000000030
116397  -51.107  32.641  23.545 0.3000000119
91135  -50.275  32.090  23.267 0.3000000119
120547  -39.671  44.517  39.375 0.1000000015
97075  -40.371  44.678  39.752 0.1000000015
106188  -39.189  46.002  39.503 0.1000000015
97073  -38.503  45.354  38.699 0.1000000015
95702  -37.636  41.368  34.497 0.1000000015
96230  -37.816  42.124  34.904 0.1000000015
111171  -37.699  42.987  36.012 0.1000000015
96678  -37.987  43.553  35.717 0.1000000015
96662  -37.735  44.147  36.941 0.1000000015
95735  -38.747  41.143  32.770 0.1000000015
95716  -38.417  41.541  33.367 0.1000000015
95703  -38.127  41.887  34.076 0.1000000015
97102  -37.951  44.197  36.127 0.1000000015
97098  -37.903  44.919  36.452 0.1000000015
117100  -40.802  38.612  31.246 0.1000000015
115601  -40.539  39.313  31.574 0.1000000015
94146  -41.463  38.119  30.950 0.1000000015
94134  -42.227  38.598  31.383 0.1000000015
94147  -42.476  37.914  30.928 0.1000000015
94135  -43.112  38.340  31.311 0.1000000015
93625  -42.861  37.356  30.534 0.1000000015
93098  -43.316  36.867  30.159 0.1000000015
92598  -44.027  35.717  29.243 0.2000000030
92143  -45.996  34.661  28.256 0.2000000030
93616  -44.061  38.067  31.173 0.1000000015
93626  -43.708  37.433  30.621 0.1000000015
93106  -43.690  36.360  29.685 0.1000000015
92599  -44.860  35.833  29.131 0.2000000030
92604  -45.396  35.393  28.662 0.2000000030
94137  -46.079  38.772  31.732 0.1000000015
93617  -45.282  38.123  31.170 0.1000000015
109312  -45.742  37.619  30.661 0.1000000015
93100  -45.094  37.023  30.119 0.1000000015
93114  -45.905  36.142  28.942 0.2000000030
108904  -46.243  35.613  28.481 0.2000000030
92144  -46.703  34.495  27.810 0.3000000119
91638  -49.411  33.159  26.915 0.4000000060
94150  -47.867  38.422  31.357 0.1000000015
94686  -47.990  39.644  32.155 0.1000000015
93629  -48.208  38.201  30.712 0.1000000015
94139  -48.357  39.151  31.699 0.1000000015
94151  -48.747  38.809  31.149 0.1000000015
94688  -48.736  39.444  31.257 0.1000000015
94703  -49.008  39.492  30.526 0.1000000015
94168  -49.474  39.130  29.747 0.1000000015
93639  -49.778  39.103  29.044 0.1000000015
94188  -49.782  39.114  28.612 0.1000000015
94722  -49.354  39.459  29.465 0.1000000015
94204  -49.664  38.998  27.893 0.1000000015
94187  -49.304  39.214  27.964 0.1000000015
94202  -48.649  38.987  27.334 0.1000000015
94221  -50.035  38.662  26.116 0.2000000030
109161  -43.968  31.774  26.288 0.1000000015
91098  -44.622  32.105  25.870 0.1000000015
107901  -48.991  38.882  26.752 0.1000000015
94213  -48.661  38.602  26.162 0.1000000015
107220  -43.794  32.288  25.654 0.1000000015
122383  -48.419  38.293  25.743 0.3000000119
91111  -45.350  32.374  25.394 0.1000000015
93179  -48.565  37.043  24.690 0.3000000119
92649  -49.912  36.040  24.308 0.3000000119
92648  -48.756  36.120  24.361 0.3000000119
106534  -46.258  32.494  24.684 0.2000000030
91112  -48.110  32.075  24.858 0.2000000030
92186  -49.996  33.873  23.519 0.3000000119
91120  -48.170  31.847  24.063 0.1000000015
91134  -48.875  31.300  23.038 0.1000000015
90593  -49.359  31.530  22.888 0.3000000119
97470  -38.398  46.133  38.826 0.1000000015
97835  -37.911  46.636  37.542 0.1000000015
97488  -37.885  45.666  36.726 0.1000000015
95219  -38.918  39.950  31.916 0.1000000015
95198  -39.281  40.602  32.322 0.1000000015
95717  -39.185  41.796  33.130 0.1000000015
113836  -38.489  42.748  34.440 0.1000000015
96685  -39.001  43.463  34.512 0.1000000015
97099  -38.376  45.039  35.795 0.1000000015
94680  -39.513  39.331  31.545 0.1000000015
95199  -40.243  40.653  32.331 0.1000000015
95718  -40.087  41.937  33.070 0.1000000015
114177  -41.297  39.508  31.779 0.1000000015
95200  -41.241  40.640  32.440 0.1000000015
94682  -42.875  39.056  31.733 0.1000000015
94681  -42.018  39.304  31.763 0.1000000015
116636  -43.559  39.539  32.154 0.1000000015
94683  -44.529  39.422  32.112 0.1000000015
94668  -45.284  39.930  32.573 0.1000000015
94684  -45.679  39.390  32.214 0.1000000015
94685  -46.939  39.478  32.258 0.1000000015
95227  -48.536  39.975  31.453 0.1000000015
115771  -48.576  39.986  30.880 0.1000000015
94721  -48.624  39.735  29.968 0.1000000015
94733  -49.401  39.402  28.680 0.1000000015
123087  -48.891  39.636  29.083 0.1000000015
94186  -48.319  39.211  28.253 0.1000000015
94212  -47.939  38.577  26.596 0.1000000015
93683  -47.559  38.069  25.847 0.2000000030
91110  -44.475  32.512  25.198 0.1000000015
93150  -46.927  37.287  25.222 0.2000000030
93715  -48.233  37.725  25.283 0.2000000030
91118  -45.193  32.589  24.395 0.1000000015
107416  -46.303  32.358  23.643 0.1000000015
91119  -47.272  32.168  23.910 0.1000000015
116699  -47.738  36.052  24.328 0.3000000119
92673  -48.858  35.113  24.056 0.3000000119
92674  -49.607  34.867  23.907 0.3000000119
92185  -48.968  34.123  23.599 0.3000000119
91133  -48.334  31.269  22.899 0.1000000015
91683  -49.492  31.807  22.805 0.3000000119
90592  -48.800  30.884  22.189 0.3000000119
90607  -48.975  31.051  22.164 0.3000000119
97476  -38.085  45.917  38.151 0.1000000015
97843  -38.407  46.556  36.381 0.1000000015
96242  -39.597  42.480  33.509 0.1000000015
96231  -39.252  42.996  34.028 0.1000000015
97103  -38.505  44.271  35.466 0.1000000015
97489  -38.354  45.781  36.053 0.1000000015
95719  -41.096  41.964  33.251 0.1000000015
96699  -40.050  43.227  33.915 0.1000000015
97111  -39.122  44.226  34.936 0.1000000015
97104  -39.204  45.341  35.372 0.1000000015
94665  -41.714  39.933  32.172 0.1000000015
95201  -42.378  40.590  32.625 0.1000000015
94666  -42.628  39.742  32.197 0.1000000015
94667  -44.379  40.077  32.612 0.1000000015
95203  -45.604  40.849  32.929 0.1000000015
94669  -46.569  40.299  32.596 0.1000000015
95204  -46.902  41.362  32.777 0.1000000015
94670  -47.739  40.276  32.336 0.1000000015
95205  -47.641  41.091  32.405 0.1000000015
95225  -48.053  40.828  31.847 0.1000000015
95247  -48.242  40.392  31.410 0.1000000015
94702  -48.009  40.177  30.643 0.1000000015
94720  -47.252  39.617  29.816 0.1000000015
94167  -47.698  39.387  29.095 0.1000000015
94185  -46.800  38.723  28.360 0.1000000015
94201  -47.198  38.557  27.378 0.1000000015
93682  -46.809  38.080  26.488 0.1000000015
93693  -46.379  37.515  25.863 0.1000000015
111696  -47.390  36.787  24.684 0.2000000030
92647  -46.813  35.910  24.265 0.2000000030
120581  -46.352  32.062  22.811 0.1000000015
116999  -48.020  35.211  24.058 0.3000000119
91132  -47.452  31.473  22.684 0.1000000015
120688  -48.288  34.497  23.688 0.3000000119
91661  -48.357  33.532  23.021 0.3000000119
91662  -49.325  32.940  23.027 0.3000000119
98216  -38.180  47.773  37.568 0.1000000015
98223  -38.445  47.399  36.770 0.1000000015
97112  -39.939  45.131  34.984 0.1000000015
112208  -39.242  46.940  35.860 0.1000000015
96244  -41.598  42.762  33.689 0.1000000015
96700  -41.057  43.470  33.989 0.1000000015
96686  -39.753  43.918  34.500 0.1000000015
95738  -41.703  41.307  32.946 0.1000000015
95720  -42.196  42.048  33.482 0.1000000015
111180  -43.394  40.258  32.597 0.1000000015
95739  -42.805  41.380  33.249 0.1000000015
95202  -44.279  40.794  33.107 0.1000000015
95740  -43.991  41.558  33.417 0.1000000015
95741  -45.354  41.798  33.342 0.1000000015
95742  -46.711  42.078  33.250 0.1000000015
95224  -47.546  41.353  31.947 0.1000000015
95743  -47.055  42.238  32.610 0.1000000015
95246  -47.402  40.633  31.160 0.1000000015
94701  -46.881  39.988  30.369 0.1000000015
94166  -46.226  38.935  29.128 0.1000000015
94200  -46.017  38.234  27.731 0.1000000015
93681  -45.839  37.603  26.538 0.1000000015
93178  -46.383  36.484  24.723 0.2000000030
92672  -47.203  35.229  23.904 0.2000000030
111715  -47.633  34.482  23.472 0.2000000030
91682  -49.063  31.996  22.405 0.3000000119
98605  -38.765  49.173  37.748 0.1000000015
98217  -39.173  48.645  37.001 0.1000000015
112086  -39.299  47.622  36.198 0.1000000015
115020  -40.593  43.991  34.338 0.1000000015
96701  -42.248  43.815  34.181 0.1000000015
95721  -43.482  42.362  33.613 0.1000000015
96245  -42.842  43.070  33.847 0.1000000015
96702  -43.637  44.294  34.387 0.1000000015
95722  -45.146  42.876  33.717 0.1000000015
95723  -46.660  42.872  33.680 0.1000000015
96247  -46.652  43.591  33.798 0.1000000015
96249  -47.175  43.383  33.453 0.1000000015
95245  -46.474  41.121  31.210 0.1000000015
116889  -46.836  41.810  31.928 0.1000000015
96263  -47.217  43.199  33.265 0.1000000015
94700  -45.767  40.156  30.412 0.1000000015
92183  -46.004  34.790  22.865 0.2000000030
92184  -46.830  34.620  23.158 0.2000000030
92207  -47.443  33.728  22.685 0.2000000030
91681  -48.249  32.507  22.199 0.2000000030
91154  -48.865  31.127  21.858 0.1000000015
105847  -40.709  45.026  34.734 0.1000000015
97496  -39.811  46.718  35.619 0.1000000015
96687  -41.714  44.854  34.541 0.1000000015
92206  -45.630  34.402  22.099 0.2000000030
91680  -46.570  33.834  22.261 0.2000000030
118406  -47.497  32.933  21.989 0.2000000030
91697  -48.210  31.442  21.380 0.1000000015
90625  -47.806  30.941  20.856 0.1000000015
92221  -45.426  34.442  21.469 0.1000000015
91696  -46.241  33.889  21.406 0.1000000015
91708  -46.877  33.300  20.329 0.1000000015
115461  -47.262  32.821  21.269 0.1000000015
91169  -47.641  31.869  20.410 0.1000000015
121618  -45.013  34.651  20.348 0.1000000015
108377  -45.561  34.452  19.724 0.1000000015
79250  -36.077  14.160  58.201 0.1000000015
85443  -41.630  23.257  35.365 0.2000000030
85458  -40.699  24.101  34.754 0.2000000030
86790  -37.284  25.416  39.803 0.1000000015
92141  -44.082  34.122  28.552 0.3000000119
86803  -36.225  26.452  38.853 0.1000000015
88051  -35.590  27.716  38.536 0.1000000015
83702  -42.168  20.749  42.694 0.2000000030
92139  -42.576  34.947  29.076 0.2000000030
89237  -35.837  29.446  40.069 0.1000000015
118820  -36.138  33.183  36.691 0.1000000015
91002  -36.766  32.549  40.285 0.1000000015
92114  -35.660  34.426  37.877 0.1000000015
92576  -35.389  35.196  35.287 0.1000000015
92103  -38.138  35.150  39.999 0.1000000015
92090  -38.031  34.452  40.394 0.1000000015
92561  -35.964  35.040  38.197 0.1000000015
92571  -36.337  35.643  37.756 0.1000000015
93077  -36.192  36.699  35.726 0.1000000015
93076  -35.579  36.165  35.145 0.1000000015
94132  -40.032  38.675  31.216 0.1000000015
93623  -40.815  37.400  30.464 0.1000000015
93050  -38.332  36.108  38.968 0.1000000015
103962  -37.951  36.418  38.227 0.1000000015
95197  -38.406  40.440  32.460 0.1000000015
95715  -37.784  41.203  33.704 0.1000000015
94116  -37.466  38.899  35.567 0.1000000015
86053  -38.480  24.389  42.293 0.1000000015
107228  -36.671  20.624  37.796 0.1000000015
83743  -37.594  20.253  37.625 0.1000000015
83744  -38.611  20.158  37.285 0.1000000015
84260  -35.508  21.641  37.637 0.1000000015
84818  -41.803  21.853  36.106 0.3000000119
83132  -42.167  19.843  42.983 0.2000000030
84805  -36.055  22.162  37.111 0.1000000015
84259  -34.562  21.898  37.738 0.1000000015
112635  -37.195  22.544  36.502 0.1000000015
84816  -40.070  22.066  36.400 0.1000000015
85427  -36.996  23.193  36.097 0.1000000015
85438  -36.820  23.904  35.588 0.1000000015
124307  -38.068  24.142  35.336 0.1000000015
83696  -36.339  20.388  42.544 0.1000000015
86131  -33.671  24.455  36.194 0.1000000015
86844  -32.909  24.864  36.267 0.1000000015
86141  -36.727  24.498  35.087 0.1000000015
86153  -39.041  24.671  34.727 0.2000000030
86152  -38.174  24.706  34.856 0.2000000030
105866  -39.896  24.553  34.591 0.2000000030
85379  -38.073  23.626  42.518 0.1000000015
86150  -36.697  24.938  34.655 0.2000000030
86865  -37.097  25.331  34.287 0.2000000030
86868  -40.072  25.179  33.946 0.2000000030
104457  -35.915  24.429  42.471 0.1000000015
86066  -37.790  24.887  41.923 0.1000000015
86872  -36.744  25.730  33.940 0.2000000030
123183  -35.987  25.289  42.085 0.1000000015
86760  -35.510  25.083  42.319 0.1000000015
118675  -35.203  26.432  40.831 0.1000000015
87512  -38.126  26.130  33.008 0.2000000030
87511  -37.443  26.348  33.041 0.2000000030
87520  -39.874  26.029  31.651 0.2000000030
87527  -40.082  26.098  30.997 0.2000000030
86904  -40.504  25.973  31.271 0.2000000030
86905  -41.130  25.923  30.962 0.2000000030
89210  -37.423  29.215  45.359 0.1000000015
88618  -37.254  28.639  46.050 0.1000000015
122445  -36.353  28.982  44.810 0.1000000015
88623  -35.806  28.644  44.837 0.1000000015
89215  -35.398  28.815  44.157 0.1000000015
88626  -34.788  28.605  43.688 0.1000000015
114782  -34.195  28.163  43.100 0.1000000015
89217  -37.693  29.722  44.539 0.1000000015
89216  -36.142  29.186  44.209 0.1000000015
118252  -38.137  29.533  45.231 0.1000000015
89218  -38.585  29.924  44.699 0.1000000015
103144  -41.081  29.976  45.508 0.1000000015
89807  -40.718  30.455  44.093 0.1000000015
89212  -40.416  29.712  45.696 0.1000000015
117299  -42.932  30.463  44.433 0.1000000015
104321  -42.175  30.474  44.007 0.1000000015
102969  -43.665  30.536  43.915 0.1000000015
103069  -45.073  30.353  45.190 0.1000000015
89824  -45.332  31.081  42.937 0.1000000015
86770  -35.492  25.628  41.907 0.1000000015
86769  -34.664  26.148  42.110 0.1000000015
88041  -34.645  27.696  41.267 0.1000000015
116714  -34.511  28.454  42.412 0.1000000015
89227  -35.605  29.288  42.610 0.1000000015
89224  -37.145  29.811  42.900 0.1000000015
89805  -39.068  30.383  43.985 0.1000000015
106178  -42.340  30.531  43.062 0.1000000015
102965  -43.327  30.640  42.845 0.1000000015
87435  -34.865  26.995  40.984 0.1000000015
88049  -35.302  27.465  39.399 0.1000000015
88138  -41.285  26.962  30.123 0.1000000015
89811  -38.654  30.364  43.015 0.1000000015
90425  -46.077  31.452  42.468 0.1000000015
105546  -35.894  29.401  41.559 0.1000000015
89229  -37.441  29.855  41.862 0.1000000015
89238  -36.427  29.736  40.552 0.1000000015
90429  -38.100  31.388  41.040 0.1000000015
90440  -36.741  31.614  40.260 0.1000000015
91564  -38.435  33.650  40.885 0.1000000015
114766  -39.602  34.907  40.560 0.1000000015
92080  -40.002  34.174  41.063 0.1000000015
92083  -42.784  34.121  41.018 0.1000000015
92093  -41.483  34.693  40.684 0.1000000015
92542  -41.969  35.217  40.106 0.1000000015
92104  -42.989  35.039  39.850 0.1000000015
92552  -40.543  35.975  39.751 0.1000000015
117162  -40.086  35.476  40.265 0.1000000015
92553  -41.505  35.854  39.644 0.1000000015
93038  -42.066  36.366  38.977 0.1000000015
92564  -43.140  36.126  38.726 0.1000000015
106927  -43.614  35.469  39.127 0.1000000015
92555  -44.903  35.359  38.731 0.1000000015
114560  -45.375  35.768  38.308 0.1000000015
93055  -43.879  36.519  38.009 0.1000000015
93052  -40.615  36.980  38.362 0.1000000015
93531  -43.465  37.306  40.124 0.1000000015
93039  -44.488  37.002  39.628 0.1000000015
93566  -42.193  37.429  37.699 0.1000000015
93565  -41.168  37.500  37.709 0.1000000015
112596  -43.836  37.608  37.411 0.1000000015
93054  -42.689  36.791  38.163 0.1000000015
94092  -42.213  38.222  37.393 0.1000000015
93585  -41.689  37.846  37.438 0.1000000015
93062  -37.610  36.638  37.472 0.1000000015
93064  -39.269  37.301  37.529 0.1000000015
93584  -40.730  37.859  37.367 0.1000000015
94090  -40.301  38.317  37.219 0.1000000015
92573  -35.751  35.736  36.065 0.1000000015
93072  -36.775  36.296  37.292 0.1000000015
93581  -38.087  37.173  36.919 0.1000000015
93595  -38.508  37.731  36.570 0.1000000015
94088  -38.791  38.328  36.577 0.1000000015
94615  -39.779  39.076  37.370 0.1000000015
107158  -40.407  39.948  44.544 0.1000000015
94619  -44.143  38.785  37.510 0.1000000015
94618  -42.832  38.771  37.599 0.1000000015
95113  -39.469  40.757  38.263 0.1000000015
93594  -37.781  37.540  36.313 0.1000000015
93601  -37.371  37.953  35.709 0.1000000015
94614  -38.989  39.066  36.940 0.1000000015
95128  -39.078  39.994  37.615 0.1000000015
95143  -37.870  40.138  36.527 0.1000000015
92623  -52.149  36.508  24.999 0.3000000119
93151  -51.487  37.624  25.073 0.3000000119
123118  -53.522  33.980  24.791 0.3000000119
90585  -50.023  31.555  23.828 0.3000000119
95637  -45.384  41.987  40.749 0.1000000015
95160  -37.543  40.609  35.833 0.1000000015
92603  -44.358  35.038  28.708 0.2000000030
92149  -49.854  34.680  26.383 0.4000000060
92150  -50.899  34.370  26.106 0.4000000060
92187  -51.061  34.323  23.802 0.3000000119
91663  -50.673  33.118  23.413 0.3000000119
92597  -43.140  35.694  29.330 0.1000000015
93108  -45.459  36.488  29.491 0.2000000030
94152  -49.119  39.117  30.679 0.1000000015
115762  -49.974  32.666  23.152 0.3000000119
96221  -37.974  42.885  35.317 0.1000000015
96241  -38.809  42.272  33.674 0.1000000015
94133  -41.397  38.902  31.476 0.1000000015
94664  -40.814  40.013  32.023 0.1000000015
116406  -43.795  38.854  31.674 0.1000000015
93107  -44.546  36.415  29.634 0.2000000030
93627  -44.650  37.519  30.656 0.1000000015
94136  -44.845  38.788  31.624 0.1000000015
94687  -48.483  39.929  31.845 0.1000000015
95220  -39.873  40.014  31.901 0.1000000015
95736  -39.666  41.279  32.668 0.1000000015
95737  -40.655  41.327  32.714 0.1000000015
93149  -45.921  36.825  25.332 0.1000000015
96243  -40.528  42.615  33.537 0.1000000015
92671  -46.393  35.275  23.678 0.2000000030
92646  -45.938  35.784  24.198 0.2000000030
96688  -43.098  45.219  34.598 0.1000000015
96246  -44.381  43.668  34.168 0.1000000015
96275  -47.125  43.351  32.839 0.1000000015
92231  -45.753  34.291  20.632 0.1000000015
81269  -39.796  16.637  44.475 0.1000000015
114000  -36.781  17.678  43.531 0.1000000015
81880  -38.348  17.470  43.552 0.1000000015
81871  -40.998  17.346  43.966 0.1000000015
82514  -39.864  18.659  42.774 0.1000000015
81883  -41.296  17.986  43.603 0.1000000015
118835  -43.669  18.710  44.382 0.1000000015
117511  -42.761  20.240  43.133 0.1000000015
83101  -35.224  19.072  43.674 0.1000000015
83687  -34.702  20.511  43.851 0.1000000015
82513  -39.002  18.918  42.704 0.1000000015
82506  -43.191  18.959  43.973 0.1000000015
83112  -42.160  19.196  43.278 0.1000000015
82504  -41.754  18.624  43.403 0.1000000015
82515  -40.895  18.610  43.150 0.1000000015
82512  -38.206  18.624  42.709 0.1000000015
82501  -37.583  17.941  43.123 0.1000000015
81881  -39.337  17.802  43.347 0.1000000015
81882  -40.423  17.878  43.386 0.1000000015
82502  -38.490  18.039  43.101 0.1000000015
77917  -42.584  10.788  45.117 0.1000000015
112211  -42.655  11.204  44.165 0.1000000015
77221  -42.196  10.843  43.481 0.1000000015
77204  -43.328  10.929  45.796 0.1000000015
77907  -43.804  10.911  46.582 0.1000000015
77918  -44.226  11.996  45.206 0.1000000015
77232  -41.956  10.379  42.092 0.1000000015
77226  -42.535  10.903  42.630 0.1000000015
120726  -43.191  11.444  44.799 0.1000000015
76530  -42.328  10.035  41.366 0.1000000015
78692  -44.603  12.234  44.577 0.1000000015
75779  -42.939  8.341  39.636 0.1000000015
77932  -43.699  11.580  43.190 0.1000000015
77233  -42.760  10.564  41.836 0.1000000015
77931  -42.898  11.343  43.325 0.1000000015
78691  -44.179  11.939  43.897 0.1000000015
76535  -42.966  9.600  40.678 0.1000000015
77227  -43.252  11.044  42.203 0.1000000015
75780  -43.862  8.272  39.534 0.1000000015
109628  -43.805  9.371  40.370 0.1000000015
77245  -43.883  10.042  40.849 0.1000000015
77951  -43.970  11.171  41.975 0.1000000015
76545  -44.261  8.834  39.952 0.1000000015
76536  -44.572  9.488  40.298 0.1000000015
77235  -44.410  10.666  41.352 0.1000000015
75786  -44.350  7.766  38.997 0.1000000015
75781  -44.732  8.306  39.422 0.1000000015
77246  -44.908  10.171  40.681 0.1000000015
77247  -45.818  10.136  40.674 0.1000000015
75002  -44.700  7.620  38.473 0.1000000015
75003  -45.242  7.782  38.202 0.1000000015
77237  -46.244  10.509  41.172 0.1000000015
77954  -46.878  10.799  41.616 0.1000000015
77238  -47.787  10.554  41.503 0.1000000015
75011  -45.216  7.864  37.290 0.1000000015
77249  -48.222  10.146  40.764 0.1000000015
77955  -48.457  10.833  42.189 0.1000000015
75799  -45.412  8.276  36.532 0.1000000015
75812  -45.918  8.701  36.073 0.1000000015
75800  -46.751  8.831  36.653 0.1000000015
75795  -47.337  9.021  37.151 0.1000000015
76568  -47.729  9.389  36.324 0.1000000015
76569  -48.982  9.708  36.416 0.1000000015
76555  -49.886  9.692  37.941 0.1000000015
76562  -51.516  10.299  38.093 0.1000000015
76542  -51.481  10.102  40.222 0.1000000015
116644  -49.415  9.678  37.178 0.1000000015
76561  -50.792  10.223  37.130 0.1000000015
76546  -45.129  8.950  39.793 0.1000000015
76537  -45.507  9.547  40.233 0.1000000015
108630  -46.016  9.003  39.724 0.1000000015
76538  -46.461  9.639  40.296 0.1000000015
75788  -45.740  8.189  38.640 0.1000000015
114451  -46.312  8.442  38.368 0.1000000015
75793  -45.856  8.177  37.886 0.1000000015
109812  -46.897  9.124  39.631 0.1000000015
77248  -47.046  10.208  40.877 0.1000000015
75789  -46.964  8.747  38.468 0.1000000015
76547  -47.884  9.297  39.397 0.1000000015
109559  -48.250  9.724  40.040 0.1000000015
77239  -48.938  10.472  41.577 0.1000000015
76554  -48.835  9.405  38.671 0.1000000015
76541  -50.208  10.056  40.463 0.1000000015
77240  -50.433  10.383  41.733 0.1000000015
75790  -47.466  8.982  37.856 0.1000000015
76559  -48.153  9.361  37.275 0.1000000015
76549  -50.152  9.897  39.724 0.1000000015
77251  -51.183  10.208  41.055 0.1000000015
105530  -43.977  11.498  45.862 0.1000000015
77945  -46.814  11.359  42.348 0.1000000015
77236  -45.350  10.678  41.259 0.1000000015
76556  -51.568  10.074  39.249 0.1000000015
76540  -49.111  9.918  40.269 0.1000000015
75794  -46.645  8.633  37.638 0.1000000015
76560  -48.632  9.347  37.938 0.1000000015
76548  -48.989  9.637  39.482 0.1000000015
109979  -50.149  9.757  38.815 0.1000000015
76570  -50.230  10.210  36.420 0.1000000015
77265  -51.720  10.855  37.097 0.1000000015
75783  -46.411  8.593  39.071 0.1000000015
76553  -47.819  9.079  38.515 0.1000000015
87517  -37.822  26.656  32.494 0.1000000015
87525  -38.939  26.614  31.799 0.1000000015
87488  -33.980  26.160  34.867 0.1000000015
87501  -34.532  26.610  34.442 0.1000000015
93177  -45.466  36.230  24.739 0.1000000015
92688  -45.141  34.922  22.656 0.1000000015
93176  -44.499  36.001  24.750 0.1000000015
92645  -45.012  35.754  24.035 0.1000000015
92644  -43.987  35.640  24.011 0.1000000015
92668  -43.461  35.394  23.324 0.1000000015
92687  -44.461  35.038  22.490 0.1000000015
105429  -44.052  35.071  21.939 0.1000000015
116182  -43.394  35.257  22.005 0.1000000015
92694  -42.770  35.577  21.667 0.1000000015
92670  -45.521  35.336  23.426 0.1000000015
92669  -44.495  35.341  23.222 0.1000000015
92686  -43.806  35.223  22.610 0.1000000015
74938  -42.777  6.878  48.666 0.1000000015
74996  -43.374  7.719  38.986 0.1000000015
75721  -43.373  7.520  48.938 0.1000000015
75774  -43.391  8.879  40.082 0.1000000015
75782  -45.545  8.416  39.272 0.1000000015
75787  -45.100  7.891  38.884 0.1000000015
76483  -40.982  8.705  47.740 0.1000000015
76485  -44.334  8.513  48.771 0.1000000015
76531  -43.084  10.197  41.231 0.1000000015
76539  -47.420  9.648  40.191 0.1000000015
76552  -47.193  8.872  39.064 0.1000000015
77159  -44.625  9.830  49.931 0.1000000015
77217  -42.024  10.529  44.435 0.1000000015
77225  -41.712  10.473  42.818 0.1000000015
77234  -43.544  10.627  41.566 0.1000000015
77250  -49.575  10.205  40.976 0.1000000015
77254  -53.290  10.983  39.639 0.1000000015
77262  -53.030  11.095  38.890 0.1000000015
77807  -31.370  12.048  54.765 0.1000000015
77826  -31.840  11.688  53.823 0.1000000015
77837  -44.181  11.281  51.329 0.2000000030
77839  -45.403  11.273  51.584 0.2000000030
77854  -45.982  11.283  50.921 0.2000000030
77874  -42.654  10.729  49.364 0.1000000015
77896  -45.098  11.791  47.077 0.2000000030
77923  -43.875  11.856  44.570 0.1000000015
77933  -44.572  11.787  43.278 0.1000000015
77934  -45.306  11.944  43.307 0.2000000030
77936  -47.775  11.783  43.570 0.2000000030
77939  -53.824  11.391  43.954 0.2000000030
77941  -43.169  11.307  42.763 0.1000000015
77942  -43.649  11.346  42.530 0.1000000015
77947  -49.266  11.106  42.992 0.2000000030
77948  -52.350  10.906  43.420 0.2000000030
77949  -53.328  11.410  43.412 0.2000000030
77952  -44.807  11.259  41.884 0.1000000015
77960  -53.206  10.945  39.807 0.1000000015
77990  -44.619  11.396  36.555 0.1000000015
78505  -36.392  13.775  58.372 0.1000000015
78506  -37.623  13.643  58.627 0.1000000015
78507  -38.344  13.687  58.843 0.2000000030
78514  -39.058  13.811  58.921 0.2000000030
78534  -42.057  13.472  58.206 0.2000000030
78548  -39.063  11.973  54.738 0.2000000030
78551  -42.401  13.125  57.576 0.2000000030
78553  -44.994  13.071  55.172 0.3000000119
78555  -46.273  13.512  54.862 0.3000000119
78561  -33.536  12.234  53.970 0.1000000015
78564  -40.315  12.337  55.145 0.2000000030
78571  -47.378  13.320  53.604 0.5000000000
78583  -33.711  12.338  52.927 0.1000000015
78587  -44.367  12.306  53.134 0.3000000119
78588  -45.890  12.461  53.039 0.3000000119
78604  -37.219  12.250  51.751 0.2000000030
78606  -39.429  12.409  51.399 0.2000000030
78622  -39.866  12.448  50.236 0.1000000015
78623  -46.822  12.037  51.071 0.2000000030
78637  -39.987  12.390  49.473 0.1000000015
78669  -46.394  12.595  47.499 0.2000000030
78683  -44.863  12.390  45.371 0.1000000015
78688  -51.975  12.297  46.535 0.3000000119
78715  -47.368  12.842  41.078 0.4000000060
78735  -48.264  12.054  39.985 0.2000000030
79248  -34.120  13.749  57.351 0.1000000015
79249  -34.901  14.192  57.997 0.1000000015
79251  -37.013  14.003  58.390 0.1000000015
79262  -40.029  14.449  58.630 0.2000000030
79265  -44.920  14.045  56.236 0.2000000030
79277  -39.310  13.825  55.472 0.1000000015
79279  -41.070  14.371  56.627 0.2000000030
79282  -46.869  13.820  54.471 0.4000000060
79283  -47.263  14.074  54.364 0.4000000060
79309  -38.916  13.823  52.535 0.1000000015
79312  -48.953  13.956  52.967 0.6000000238
79329  -40.187  14.083  51.809 0.1000000015
79331  -49.386  14.024  52.477 0.6000000238
79352  -48.732  13.205  49.571 0.4000000060
79373  -52.655  13.568  48.027 0.5000000000
79386  -51.391  12.917  47.231 0.4000000060
79389  -46.600  12.880  46.056 0.2000000030
79433  -44.240  13.104  39.970 0.4000000060
79910  -35.546  14.208  58.117 0.1000000015
79918  -33.222  14.413  56.269 0.1000000015
79922  -42.086  14.202  58.175 0.3000000119
79938  -41.853  14.515  57.436 0.3000000119
79941  -44.593  14.222  56.178 0.2000000030
79952  -42.760  14.588  54.546 0.3000000119
79957  -47.772  14.091  54.078 0.4000000060
79970  -47.232  14.674  53.456 0.5000000000
79971  -48.050  14.467  53.612 0.5000000000
79972  -48.743  14.343  53.130 0.5000000000
79985  -39.994  14.204  50.868 0.1000000015
79987  -41.633  14.244  51.671 0.1000000015
79995  -49.474  14.193  52.143 0.5000000000
80016  -52.559  14.795  49.763 0.6999999881
80026  -38.732  14.428  49.346 0.1000000015
80027  -39.346  14.370  49.776 0.1000000015
80033  -53.338  13.978  49.202 0.6999999881
80042  -37.443  14.501  48.526 0.1000000015
80043  -38.806  14.551  48.587 0.1000000015
80048  -43.133  14.966  48.816 0.1000000015
80049  -53.402  13.847  48.824 0.6999999881
80057  -42.212  14.985  47.875 0.1000000015
80079  -48.790  14.639  45.016 0.5000000000
80601  -46.651  15.644  50.702 0.4000000060
80617  -45.564  15.686  49.571 0.4000000060
80621  -53.241  14.420  49.367 0.6999999881
80635  -43.632  15.289  48.409 0.1000000015
80647  -41.105  15.197  47.037 0.2000000030
80648  -41.960  15.228  47.242 0.1000000015
80662  -37.855  15.156  46.530 0.1000000015
80663  -38.810  15.268  46.510 0.1000000015
80664  -39.692  15.386  46.484 0.2000000030
80665  -40.505  15.474  46.437 0.2000000030
80667  -42.557  15.692  46.830 0.2000000030
80668  -43.397  16.088  46.935 0.2000000030
80681  -40.881  15.874  45.863 0.2000000030
80692  -45.840  15.305  42.280 0.6000000238
81257  -41.603  16.273  45.405 0.2000000030
81258  -42.531  16.523  45.508 0.3000000119
81289  -44.582  16.524  40.358 0.6000000238
81801  -48.066  17.391  49.231 0.5000000000
81802  -48.835  17.513  49.594 0.6000000238
81856  -44.418  18.066  45.405 0.3000000119
81870  -40.064  17.145  43.787 0.1000000015
81872  -42.351  17.524  44.479 0.2000000030
81884  -42.043  17.959  43.906 0.2000000030
81890  -46.586  16.546  42.400 0.6999999881
81891  -48.802  17.411  42.637 0.8000000119
81916  -50.432  17.676  41.069 0.8000000119
82450  -49.893  19.110  48.906 0.6999999881
82452  -51.657  18.447  48.299 0.8999999762
82461  -48.237  18.559  47.778 0.8000000119
82473  -46.782  18.384  46.500 0.8000000119
82475  -52.583  19.153  45.825 0.8999999762
82500  -36.602  18.323  43.061 0.1000000015
82503  -38.985  18.419  42.941 0.1000000015
82510  -36.159  19.043  42.807 0.2000000030
82511  -37.343  18.601  42.758 0.1000000015
82552  -54.539  17.906  38.681 0.8000000119
82568  -56.160  17.682  37.399 0.8000000119
82569  -56.545  18.092  37.413 0.8999999762
82598  -55.410  18.120  35.148 0.8999999762
82600  -56.265  18.412  35.725 0.8999999762
82619  -45.967  18.649  32.054 0.6000000238
82620  -48.024  18.934  32.085 0.6000000238
83071  -51.569  19.505  47.217 0.8999999762
83100  -34.778  19.670  44.136 0.1000000015
83102  -44.193  19.297  44.120 0.3000000119
83103  -44.900  19.655  43.893 0.3000000119
83109  -52.689  19.533  44.582 0.8999999762
83113  -42.825  19.511  43.491 0.1000000015
83114  -43.552  19.492  43.810 0.2000000030
83128  -38.538  19.443  42.528 0.1000000015
83129  -39.388  19.459  42.551 0.1000000015
83131  -41.428  19.354  42.924 0.1000000015
83166  -55.931  18.328  38.160 0.8999999762
83175  -56.685  18.720  37.292 0.8999999762
83184  -56.658  18.948  36.667 0.8999999762
83193  -49.477  19.321  34.272 0.6000000238
83199  -55.685  18.352  35.035 0.8999999762
83690  -43.945  20.704  43.450 0.2000000030
83697  -37.214  20.240  42.445 0.1000000015
83700  -39.814  20.157  42.458 0.2000000030
83706  -48.893  20.182  41.983 0.8999999762
83716  -49.664  20.639  40.711 1.0000000000
83746  -55.968  19.766  37.990 1.0000000000
84218  -45.616  21.599  43.280 0.5000000000
84228  -43.215  21.992  43.007 0.3000000119
84229  -46.599  21.053  42.657 0.8000000119
84231  -47.632  21.506  41.624 0.8000000119
84265  -56.205  21.848  37.965 1.0000000000
84761  -43.038  23.698  43.407 0.3000000119
84764  -45.240  22.865  43.624 0.5000000000
84765  -45.855  22.479  43.354 0.5000000000
84772  -39.697  23.472  42.509 0.2000000030
84807  -55.983  22.570  37.726 0.8999999762
85364  -43.602  24.232  43.372 0.4000000060
85376  -35.434  23.668  42.694 0.1000000015
85377  -36.256  23.717  42.557 0.1000000015
85380  -39.128  24.040  42.460 0.2000000030
85381  -40.458  23.703  42.505 0.3000000119
85382  -41.276  23.933  42.697 0.3000000119
85394  -50.670  23.658  40.138 1.0000000000
85395  -51.444  24.289  40.265 0.8999999762
85502  -49.399  23.541  26.019 0.5000000000
85511  -51.213  23.208  25.598 0.5000000000
85512  -52.081  23.001  25.995 0.6000000238
85517  -51.839  23.387  25.162 0.5000000000
86040  -44.452  24.293  43.398 0.4000000060
86041  -45.159  24.342  43.412 0.5000000000
86051  -36.752  24.469  42.374 0.1000000015
86057  -41.992  24.327  42.991 0.3000000119
86061  -48.095  25.060  43.286 0.6999999881
86063  -49.932  25.363  43.003 0.6999999881
86072  -43.230  24.480  42.004 0.3000000119
86081  -38.605  24.862  40.365 0.2000000030
86084  -41.830  24.350  40.631 0.4000000060
86086  -43.798  24.436  40.212 0.4000000060
86088  -45.354  24.522  41.040 0.5000000000
86095  -39.774  24.855  39.082 0.2000000030
86096  -40.492  24.629  39.316 0.2000000030
86098  -42.249  24.431  39.715 0.3000000119
86102  -52.582  24.893  39.785 1.0000000000
86113  -43.542  24.740  38.701 0.3000000119
86146  -55.426  24.312  35.209 1.0000000000
86230  -50.165  23.495  26.804 0.5000000000
86238  -47.231  23.977  26.273 0.4000000060
86240  -49.134  23.829  25.592 0.5000000000
86248  -50.081  23.827  24.945 0.5000000000
86761  -47.806  25.322  43.065 0.6999999881
86763  -49.264  25.327  43.185 0.6999999881
86771  -36.320  25.337  41.836 0.1000000015
86775  -49.544  25.745  42.750 0.6999999881
86778  -35.601  26.056  40.257 0.1000000015
86789  -36.276  25.875  39.608 0.1000000015
86794  -46.652  25.020  40.243 0.4000000060
86799  -52.986  25.002  39.379 1.0000000000
86805  -39.722  25.233  38.407 0.2000000030
86806  -40.865  25.085  38.072 0.2000000030
86832  -48.247  25.632  37.725 0.5000000000
86833  -49.612  25.572  37.532 0.6999999881
86836  -53.922  25.494  37.567 1.0000000000
86847  -51.172  25.715  36.830 0.6999999881
86851  -55.408  24.852  35.865 1.0000000000
86969  -50.209  24.329  24.827 0.4000000060
86972  -52.300  25.701  25.233 0.4000000060
87424  -33.999  26.513  42.661 0.1000000015
87439  -35.685  27.035  38.844 0.1000000015
87441  -37.669  26.069  38.381 0.2000000030
87447  -36.884  26.939  37.737 0.2000000030
87455  -45.004  26.196  37.086 0.4000000060
87469  -38.960  26.952  36.838 0.2000000030
87470  -39.788  26.777  36.677 0.2000000030
87474  -43.748  26.708  36.280 0.3000000119
87489  -41.899  26.884  35.954 0.2000000030
87564  -46.857  25.386  26.362 0.3000000119
88058  -38.127  27.128  37.084 0.2000000030
88083  -40.705  27.715  35.732 0.2000000030
88173  -52.436  27.372  25.702 0.3000000119
88625  -34.323  27.964  43.940 0.1000000015
88629  -34.824  28.872  42.899 0.1000000015
88643  -35.410  28.911  40.360 0.1000000015
88652  -35.558  28.461  38.177 0.1000000015
88656  -36.454  28.590  37.000 0.2000000030
88657  -37.214  28.483  36.571 0.2000000030
88665  -39.538  28.235  35.773 0.2000000030
88666  -40.275  28.321  35.595 0.2000000030
88751  -53.884  28.237  26.144 0.6999999881
89209  -36.580  28.766  45.381 0.1000000015
89245  -35.634  29.518  39.356 0.1000000015
89258  -36.726  29.263  36.616 0.2000000030
89268  -41.661  28.788  35.458 0.3000000119
89270  -43.460  29.062  35.406 0.4000000060
89282  -44.805  30.014  34.852 0.4000000060
89285  -48.242  29.983  34.491 0.5000000000
89287  -49.301  30.404  33.986 0.6000000238
89358  -51.257  29.341  28.661 0.6999999881
89395  -54.552  29.979  25.782 0.4000000060
89813  -40.507  30.501  43.244 0.1000000015
89832  -43.249  30.777  41.877 0.1000000015
89834  -36.152  29.972  39.780 0.1000000015
89838  -36.120  30.563  39.592 0.2000000030
89856  -36.875  30.818  36.590 0.2000000030
89864  -42.631  30.624  35.248 0.4000000060
89908  -46.929  30.507  32.242 0.5000000000
89924  -45.817  30.569  30.992 0.6999999881
89995  -53.879  30.617  26.806 0.6999999881
90022  -54.411  30.781  25.506 0.3000000119
90451  -35.758  31.570  37.975 0.2000000030
90458  -37.402  31.685  36.423 0.2000000030
90461  -38.146  31.724  36.063 0.2000000030
90465  -41.382  31.600  35.231 0.4000000060
90470  -41.454  32.182  34.833 0.3000000119
90473  -44.608  31.497  34.213 0.4000000060
90481  -45.575  31.484  33.772 0.4000000060
90506  -43.646  31.745  30.249 0.5000000000
90550  -54.378  31.347  26.470 0.6000000238
90566  -54.508  31.927  26.189 0.5000000000
91003  -37.315  31.958  40.671 0.1000000015
91012  -35.837  32.394  38.302 0.2000000030
91026  -40.051  32.236  35.172 0.3000000119
91041  -39.858  32.670  33.811 0.3000000119
91045  -43.178  32.221  33.755 0.3000000119
91054  -43.102  32.160  32.947 0.3000000119
91067  -41.399  32.919  30.459 0.3000000119
91138  -52.888  33.181  24.027 0.3000000119
91572  -36.441  33.849  39.636 0.1000000015
91581  -35.688  33.664  36.775 0.1000000015
91591  -36.246  33.365  34.437 0.2000000030
91597  -37.830  32.948  33.354 0.2000000030
91603  -37.247  33.889  32.252 0.2000000030
91616  -40.076  33.899  30.322 0.3000000119
91625  -42.546  33.317  29.449 0.4000000060
91647  -52.956  34.041  25.702 0.3000000119
91648  -53.433  33.828  25.556 0.2000000030
91653  -53.792  33.496  24.787 0.3000000119
92112  -36.316  34.889  38.863 0.2000000030
92122  -35.495  34.765  33.816 0.2000000030
92124  -35.749  34.990  33.051 0.2000000030
92125  -36.177  34.590  32.743 0.2000000030
92128  -37.086  34.854  31.517 0.2000000030
92135  -40.430  34.560  29.807 0.3000000119
92151  -51.972  34.170  25.862 0.3000000119
92549  -37.854  35.504  39.435 0.2000000030
92551  -39.651  35.948  39.755 0.1000000015
92556  -46.014  35.665  38.624 0.1000000015
92566  -46.069  36.066  38.046 0.1000000015
92570  -35.702  35.069  37.442 0.1000000015
92585  -36.759  35.627  31.539 0.2000000030
92589  -38.080  35.476  30.725 0.2000000030
92595  -40.823  35.219  29.552 0.3000000119
93021  -43.896  36.549  40.407 0.1000000015
93056  -45.123  36.170  37.882 0.1000000015
93058  -47.032  37.070  37.906 0.1000000015
93067  -45.910  36.419  37.687 0.1000000015
93085  -35.636  36.396  33.124 0.2000000030
93088  -36.499  36.402  31.747 0.2000000030
93093  -38.274  36.165  30.638 0.2000000030
93099  -44.159  36.935  30.174 0.1000000015
93103  -40.459  35.962  29.760 0.2000000030
93182  -51.536  37.266  24.814 0.3000000119
93545  -43.305  38.179  40.113 0.1000000015
93567  -47.198  37.537  38.048 0.1000000015
93586  -42.717  37.786  37.430 0.1000000015
93588  -46.196  36.907  37.475 0.1000000015
93589  -46.844  37.495  37.657 0.1000000015
93604  -35.692  37.047  33.607 0.2000000030
93605  -36.129  37.801  33.884 0.2000000030
93612  -36.321  37.130  32.118 0.2000000030
93615  -37.870  37.501  31.222 0.2000000030
93694  -49.403  38.511  25.814 0.3000000119
93696  -51.380  37.733  25.001 0.3000000119
94043  -42.510  38.212  40.553 0.1000000015
94055  -46.405  39.005  39.062 0.1000000015
94056  -46.824  39.300  38.483 0.1000000015
94069  -46.251  38.065  38.661 0.1000000015
94071  -47.248  38.385  38.027 0.1000000015
94093  -43.253  38.209  37.351 0.1000000015
94094  -45.165  38.199  37.347 0.1000000015
94095  -46.386  38.275  37.564 0.1000000015
94128  -36.664  37.869  32.044 0.2000000030
94130  -37.994  38.212  31.391 0.2000000030
94138  -47.393  38.869  31.829 0.1000000015
94145  -40.494  38.078  30.849 0.1000000015
94148  -43.245  37.812  30.929 0.1000000015
94203  -49.533  39.028  27.358 0.1000000015
94214  -49.559  38.796  26.515 0.2000000030
94551  -41.495  39.708  42.486 0.1000000015
94585  -46.663  39.930  39.132 0.1000000015
94602  -46.717  39.506  38.610 0.1000000015
94603  -47.059  38.946  38.135 0.1000000015
94621  -46.852  38.969  37.936 0.1000000015
94671  -48.283  40.288  32.092 0.1000000015
94723  -49.754  39.187  28.962 0.1000000015
94734  -49.676  39.140  28.286 0.1000000015
95079  -43.313  40.819  41.989 0.1000000015
95101  -43.864  40.983  39.444 0.1000000015
95102  -45.403  40.896  39.521 0.1000000015
95119  -46.629  40.118  38.966 0.1000000015
95182  -38.005  40.903  32.999 0.1000000015
95206  -48.115  40.696  32.145 0.1000000015
95226  -48.308  40.510  31.968 0.1000000015
95636  -45.298  42.165  40.728 0.1000000015
95644  -41.993  41.543  39.871 0.1000000015
95724  -47.160  42.938  33.526 0.1000000015
95744  -47.734  41.133  32.218 0.1000000015
95758  -47.215  42.251  32.699 0.1000000015
96208  -37.680  42.730  36.495 0.1000000015
96248  -47.060  43.284  33.622 0.1000000015
96262  -47.195  43.563  33.203 0.1000000015
96679  -38.500  43.525  35.011 0.1000000015
97074  -39.103  44.897  39.174 0.1000000015
97481  -37.851  45.711  37.437 0.1000000015
97495  -38.862  45.885  35.656 0.1000000015
97504  -40.414  46.572  35.420 0.1000000015
97842  -37.932  46.363  36.928 0.1000000015
103712  -50.438  19.687  44.397 0.8999999762
103720  -38.443  12.156  52.497 0.2000000030
103732  -34.984  11.917  54.834 0.1000000015
103967  -45.814  11.140  49.626 0.1000000015
104059  -49.651  13.952  51.906 0.6000000238
104083  -44.315  14.821  50.819 0.3000000119
104402  -35.627  25.810  41.236 0.1000000015
104466  -37.085  33.141  33.898 0.2000000030
104515  -45.952  8.414  37.021 0.1000000015
105111  -34.344  27.829  42.098 0.1000000015
105859  -50.279  17.972  49.563 0.6999999881
105918  -50.205  27.538  35.027 0.5000000000
105965  -41.818  14.520  49.822 0.1000000015
105993  -36.088  12.286  57.235 0.2000000030
106020  -38.899  23.225  42.529 0.2000000030
106098  -47.469  15.639  51.309 0.4000000060
106284  -40.459  12.773  57.523 0.2000000030
106473  -55.489  17.564  37.339 0.8000000119
106542  -35.146  26.799  40.153 0.1000000015
106777  -39.771  12.327  56.618 0.2000000030
107202  -51.282  19.919  46.157 0.8999999762
107278  -52.755  11.180  38.888 0.1000000015
107325  -54.733  31.274  25.683 0.5000000000
107828  -44.460  11.957  45.837 0.1000000015
108598  -43.336  40.861  33.053 0.1000000015
109645  -35.486  34.036  36.029 0.1000000015
110109  -35.814  31.016  39.106 0.2000000030
110145  -43.835  7.790  48.766 0.1000000015
110359  -45.296  37.515  39.132 0.1000000015
111027  -46.374  26.317  36.670 0.5000000000
111277  -43.382  11.632  43.965 0.1000000015
111418  -45.070  10.833  51.356 0.2000000030
111456  -35.606  35.131  36.721 0.1000000015
111475  -40.879  10.737  47.751 0.1000000015
111477  -37.858  14.063  51.110 0.1000000015
111679  -42.213  14.701  55.918 0.2000000030
111822  -37.110  33.434  33.048 0.2000000030
112101  -35.875  32.969  37.935 0.2000000030
112512  -55.198  22.176  38.258 1.0000000000
112575  -40.292  20.892  42.467 0.2000000030
112647  -40.598  19.203  42.738 0.2000000030
112898  -42.470  13.864  38.778 0.5000000000
113026  -56.377  17.840  36.612 0.8999999762
113073  -42.628  28.935  35.461 0.4000000060
113244  -38.526  12.786  58.360 0.2000000030
113338  -37.918  14.216  50.426 0.1000000015
113372  -36.977  21.152  42.438 0.1000000015
113901  -36.304  28.099  37.373 0.2000000030
114126  -50.083  19.734  42.958 0.8999999762
114442  -48.881  25.113  43.307 0.6999999881
114480  -37.967  42.067  37.313 0.1000000015
114490  -44.753  31.331  32.312 0.5000000000
114773  -42.747  7.846  48.858 0.1000000015
115275  -52.651  14.317  47.957 0.6999999881
115334  -41.074  27.087  36.055 0.2000000030
115555  -53.484  14.290  48.811 0.6999999881
115577  -44.293  29.368  35.215 0.4000000060
115653  -36.365  30.025  36.797 0.2000000030
115742  -37.689  27.782  36.735 0.2000000030
116445  -38.881  29.572  45.412 0.1000000015
116751  -40.174  32.761  32.435 0.4000000060
116809  -43.360  26.215  36.726 0.3000000119
116840  -40.058  37.502  30.571 0.1000000015
116935  -35.416  34.424  35.415 0.2000000030
116950  -41.972  24.376  42.496 0.3000000119
117074  -42.956  36.324  29.698 0.1000000015
117629  -51.212  23.373  39.654 1.0000000000
117679  -42.417  14.823  48.541 0.1000000015
117681  -36.319  25.003  42.217 0.1000000015
117694  -41.488  12.300  52.841 0.2000000030
117825  -35.632  19.238  43.074 0.2000000030
117893  -46.588  40.151  39.163 0.1000000015
117927  -52.091  24.729  40.256 0.8999999762
118157  -46.413  10.139  40.723 0.1000000015
118242  -43.823  27.758  35.626 0.4000000060
118288  -41.060  41.649  39.604 0.1000000015
118291  -50.837  11.596  38.682 0.2000000030
118347  -40.555  16.849  44.390 0.1000000015
118420  -52.005  25.490  38.722 0.8999999762
118541  -46.423  11.527  37.943 0.1000000015
118688  -41.479  23.254  42.714 0.3000000119
118697  -39.850  14.309  50.168 0.1000000015
118851  -43.604  32.090  34.004 0.4000000060
118892  -41.805  12.044  36.558 0.2000000030
119104  -36.652  34.548  32.163 0.2000000030
119137  -41.547  20.131  42.684 0.2000000030
119406  -39.173  25.532  38.248 0.2000000030
120032  -53.976  18.834  34.868 0.8000000119
120067  -42.031  12.395  37.392 0.2000000030
120279  -44.668  14.598  54.348 0.3000000119
120293  -45.375  35.984  29.033 0.2000000030
120382  -47.964  25.450  39.415 0.5000000000
120436  -56.463  18.221  36.263 0.8999999762
120502  -37.813  32.339  40.968 0.1000000015
120643  -39.455  14.604  48.359 0.1000000015
120666  -40.235  25.282  38.051 0.2000000030
120691  -52.178  27.904  34.448 0.6999999881
120918  -46.615  17.820  39.335 0.8000000119
121418  -43.730  13.761  40.135 0.4000000060
121813  -49.341  21.032  40.440 1.0000000000
121819  -38.718  37.384  37.044 0.1000000015
121894  -45.370  14.116  55.867 0.4000000060
122002  -52.708  26.713  25.638 0.3000000119
122097  -43.201  24.568  43.118 0.3000000119
122222  -48.163  25.553  42.936 0.6999999881
122431  -46.744  20.543  42.848 0.8000000119
122634  -40.471  12.279  54.085 0.2000000030
122789  -55.131  24.197  38.195 1.0000000000
123029  -49.244  24.611  42.635 0.8999999762
123289  -36.526  35.156  31.891 0.2000000030
123632  -41.536  17.639  43.912 0.1000000015
123945  -34.180  27.959  42.608 0.1000000015
123973  -40.647  12.393  51.461 0.1000000015
124127  -37.467  40.787  34.115 0.1000000015
124155  -43.687  11.619  45.228 0.1000000015
124171  -48.931  32.941  27.149 0.4000000060
124342  -51.661  20.958  38.908 1.0000000000
124354  -47.041  16.223  49.731 0.5000000000
124442  -47.979  9.176  37.932 0.1000000015
124570  -49.947  26.202  41.600 0.8000000119
124579  -43.770  34.632  28.719 0.2000000030
124656  -47.916  26.895  35.646 0.5000000000
124685  -46.934  37.046  37.734 0.1000000015
124718  -45.703  40.255  40.053 0.1000000015
124820  -40.581  14.508  49.016 0.1000000015
125231  -49.111  18.943  33.120 0.6000000238
