#!ascii label  , from subject sub-v1s10x0051093_ses-1 vox2ras=TkReg
3990
64  -7.684  -91.602  -25.281 0.6000000238
131870  -7.696  -78.314  -21.067 1.0000000000
4606  -8.070  -78.076  -19.306 1.0000000000
4655  -7.424  -78.520  -22.486 1.0000000000
116883  -7.946  -78.991  -20.599 1.0000000000
4033  -8.575  -79.828  -20.463 1.0000000000
130466  -8.813  -80.252  -18.385 1.0000000000
4002  -8.620  -79.701  -17.555 1.0000000000
1540  -7.652  -85.262  -19.769 0.8999999762
53  -8.153  -91.406  -23.078 0.6000000238
137  -8.744  -90.383  -25.367 0.6000000238
5207  -7.947  -76.972  -20.369 1.0000000000
4638  -7.415  -78.063  -21.735 1.0000000000
5184  -7.848  -76.725  -19.323 1.0000000000
5247  -7.253  -77.848  -23.146 1.0000000000
4665  -7.555  -78.552  -23.426 1.0000000000
4063  -8.066  -79.375  -22.139 1.0000000000
4047  -8.287  -79.588  -21.308 1.0000000000
4666  -8.138  -79.266  -23.566 1.0000000000
4087  -8.360  -79.547  -24.808 1.0000000000
3340  -8.223  -80.883  -16.035 0.6999999881
115144  -8.550  -82.097  -16.677 0.8000000119
125904  -8.188  -89.023  -21.222 0.6000000238
14562  -3.767  -65.375  -39.651 0.8000000119
46  -8.413  -90.703  -22.165 0.6000000238
124540  -7.903  -91.628  -24.415 0.6000000238
150  -9.724  -89.503  -28.103 0.8000000119
190  -8.353  -89.539  -29.977 0.6999999881
1319  -10.172  -84.831  -31.729 0.8999999762
132481  -9.825  -86.333  -32.769 0.8000000119
2049  -10.751  -83.199  -33.050 0.8999999762
113110  -8.209  -76.260  -21.739 1.0000000000
5855  -8.341  -76.172  -23.247 1.0000000000
5281  -10.024  -77.643  -27.869 1.0000000000
4694  -9.797  -78.706  -27.339 1.0000000000
2277  -8.122  -82.431  -16.044 0.6999999881
1872  -7.822  -83.889  -16.393 0.6999999881
15485  -4.903  -64.412  -36.966 0.8999999762
269  -8.671  -88.419  -22.893 0.8000000119
114243  -8.815  -89.314  -23.937 0.6999999881
13702  -6.524  -66.361  -39.600 0.8999999762
14575  -6.009  -65.016  -40.033 0.8999999762
134  -8.870  -89.506  -24.949 0.6999999881
114335  -11.178  -87.668  -29.700 0.8999999762
113513  -10.033  -84.524  -33.035 0.8000000119
6536  -8.215  -75.440  -22.021 1.0000000000
6545  -8.320  -75.420  -22.759 1.0000000000
118855  -7.972  -76.841  -21.201 1.0000000000
5868  -8.529  -75.992  -24.728 1.0000000000
122421  -7.677  -77.197  -23.495 1.0000000000
5874  -8.404  -76.810  -25.381 1.0000000000
4020  -8.392  -79.336  -19.706 1.0000000000
3381  -8.830  -80.696  -17.534 1.0000000000
3393  -9.013  -81.033  -18.585 1.0000000000
1525  -7.830  -84.238  -17.397 0.6000000238
1873  -8.340  -83.435  -17.112 0.8000000119
121997  -7.777  -87.623  -20.238 0.6999999881
439  -8.450  -88.169  -21.944 0.8000000119
14550  -3.686  -65.189  -38.628 0.8000000119
14551  -5.517  -64.301  -37.616 0.8999999762
122  -8.741  -89.182  -23.062 0.6999999881
133  -8.764  -90.289  -24.388 0.6000000238
86  -8.049  -90.983  -26.789 0.6000000238
304  -9.409  -89.116  -26.501 0.8000000119
187  -5.837  -89.873  -29.879 0.6000000238
177  -6.121  -90.278  -29.334 0.6000000238
125227  -6.901  -90.144  -29.190 0.6000000238
116119  -6.920  -67.521  -38.958 0.8999999762
990  -10.629  -86.229  -31.364 1.0000000000
2480  -11.144  -82.159  -31.643 0.8999999762
1688  -8.972  -85.564  -33.299 0.8000000119
3587  -9.730  -80.424  -34.128 0.8000000119
7417  -7.626  -74.537  -36.154 0.8999999762
121003  -8.747  -75.914  -25.610 1.0000000000
5259  -7.501  -77.927  -24.111 1.0000000000
5272  -8.661  -77.637  -25.839 1.0000000000
124286  -8.784  -80.238  -21.150 1.0000000000
110867  -8.826  -80.270  -19.453 1.0000000000
3403  -8.971  -80.677  -20.492 1.0000000000
121517  -9.013  -82.800  -18.631 0.8999999762
1883  -8.609  -83.383  -18.092 0.8000000119
866  -7.317  -87.273  -18.798 0.6000000238
1202  -7.649  -86.500  -19.920 0.6999999881
874  -8.012  -87.457  -20.505 0.8000000119
888  -8.572  -87.648  -22.487 0.8000000119
453  -8.821  -88.051  -24.272 0.8000000119
285  -8.743  -88.500  -23.605 0.6999999881
301  -9.579  -88.381  -26.314 0.8999999762
114528  -9.120  -88.165  -25.399 0.6999999881
1300  -9.684  -86.077  -29.523 1.0000000000
305  -10.088  -88.757  -27.061 0.8999999762
13691  -6.497  -66.387  -38.624 0.8999999762
178  -8.280  -89.775  -29.205 0.6000000238
180  -9.782  -89.249  -28.889 0.6000000238
12829  -6.687  -67.483  -38.176 0.8999999762
354  -9.031  -88.712  -30.869 0.6999999881
520  -10.459  -87.603  -31.198 0.6999999881
1311  -10.144  -85.826  -30.287 1.0000000000
363  -7.765  -88.467  -31.774 0.6000000238
364  -8.623  -88.342  -31.664 0.6999999881
365  -9.434  -88.128  -31.444 0.6999999881
114266  -9.264  -87.250  -32.486 0.6999999881
12005  -6.913  -68.496  -39.502 0.8999999762
13719  -6.463  -65.910  -40.512 0.8999999762
761  -9.396  -86.244  -33.001 0.8000000119
1351  -8.934  -86.103  -33.588 0.8000000119
5993  -9.615  -76.267  -34.320 0.8999999762
127918  -9.090  -83.233  -33.535 0.8000000119
2048  -9.764  -83.869  -33.359 0.8000000119
3010  -10.620  -80.922  -33.683 0.8000000119
4176  -10.926  -78.948  -33.879 0.8999999762
3008  -8.452  -81.010  -34.126 0.8000000119
8080  -8.625  -73.386  -36.365 0.8999999762
4785  -8.029  -78.880  -35.345 0.8999999762
118134  -9.267  -78.743  -34.460 0.8999999762
123755  -7.646  -80.141  -35.225 0.8000000119
7440  -7.791  -74.656  -36.890 0.8999999762
7238  -7.692  -74.765  -21.543 0.8999999762
6546  -8.415  -75.282  -23.504 1.0000000000
5856  -8.467  -75.788  -23.945 1.0000000000
7267  -8.396  -74.517  -24.888 1.0000000000
6558  -8.759  -75.064  -25.123 1.0000000000
7284  -9.005  -74.179  -26.990 1.0000000000
6571  -9.507  -75.760  -27.498 1.0000000000
4693  -9.128  -78.578  -26.304 1.0000000000
5317  -9.999  -76.999  -29.271 1.0000000000
113086  -8.541  -79.815  -22.634 1.0000000000
114402  -8.444  -79.722  -23.968 1.0000000000
4095  -8.644  -79.313  -25.726 1.0000000000
5305  -10.014  -78.019  -29.180 1.0000000000
3416  -8.759  -80.164  -21.970 1.0000000000
4704  -10.166  -78.632  -28.526 1.0000000000
110512  -9.138  -81.297  -19.658 1.0000000000
2808  -9.139  -82.029  -18.770 1.0000000000
1526  -8.293  -83.984  -18.564 0.8999999762
1211  -8.460  -86.200  -21.910 1.0000000000
1532  -7.422  -85.004  -18.526 0.6999999881
1541  -8.161  -84.501  -20.563 1.0000000000
1236  -8.592  -85.888  -22.892 1.0000000000
1203  -8.157  -86.301  -21.004 1.0000000000
1547  -8.248  -85.030  -21.473 1.0000000000
111089  -8.748  -87.113  -23.928 1.0000000000
880  -8.314  -87.148  -21.180 0.8999999762
905  -8.704  -87.664  -23.529 1.0000000000
117738  -9.447  -86.592  -25.896 1.0000000000
647  -8.818  -87.782  -24.453 0.8999999762
625  -8.570  -87.784  -22.643 0.8000000119
122283  -10.601  -86.953  -27.555 1.0000000000
472  -9.082  -87.804  -25.402 1.0000000000
690  -10.902  -87.641  -27.456 1.0000000000
977  -10.914  -86.633  -29.013 1.0000000000
695  -11.330  -87.584  -27.956 1.0000000000
489  -10.860  -88.031  -27.255 1.0000000000
337  -7.691  -89.313  -30.569 0.6999999881
1656  -10.066  -85.144  -30.990 1.0000000000
114496  -6.001  -88.890  -30.865 0.6000000238
1338  -10.045  -85.760  -32.706 0.8999999762
1666  -10.054  -84.348  -31.311 1.0000000000
741  -8.886  -87.067  -32.992 0.6999999881
131463  -10.835  -81.973  -30.947 0.8999999762
2993  -11.180  -82.397  -32.527 0.8999999762
114765  -11.069  -80.733  -31.822 0.8999999762
1677  -8.728  -84.702  -33.183 0.6999999881
112601  -11.060  -80.847  -32.854 0.8999999762
4195  -9.781  -79.514  -34.282 0.8999999762
10382  -9.459  -70.783  -38.931 0.8999999762
3605  -7.677  -80.793  -35.801 0.6999999881
8097  -9.703  -72.672  -37.490 0.8999999762
5402  -7.871  -77.737  -36.468 0.8999999762
112910  -10.291  -78.824  -36.578 0.8000000119
4243  -10.974  -78.646  -38.061 0.8000000119
126681  -7.902  -74.912  -23.108 1.0000000000
125837  -8.729  -74.371  -25.947 1.0000000000
5888  -8.919  -76.783  -26.148 1.0000000000
7295  -9.294  -75.015  -27.780 1.0000000000
5904  -10.010  -76.543  -28.316 1.0000000000
4106  -9.885  -79.635  -27.837 1.0000000000
5931  -8.127  -75.918  -29.413 1.0000000000
3477  -8.552  -80.233  -25.337 1.0000000000
5903  -6.222  -76.800  -27.942 1.0000000000
3452  -8.694  -80.378  -23.608 1.0000000000
2832  -9.019  -80.827  -21.392 1.0000000000
2310  -9.184  -82.608  -19.354 1.0000000000
131350  -8.503  -84.846  -24.173 1.0000000000
1558  -8.461  -85.153  -22.303 1.0000000000
1237  -8.587  -85.945  -23.891 1.0000000000
1257  -8.976  -86.005  -25.443 1.0000000000
1247  -8.772  -86.527  -24.677 1.0000000000
1261  -9.270  -85.710  -26.058 1.0000000000
952  -10.188  -87.146  -27.117 1.0000000000
967  -10.008  -86.687  -28.154 1.0000000000
2029  -8.944  -83.396  -30.699 1.0000000000
1653  -8.969  -84.735  -30.462 1.0000000000
115199  -8.839  -86.469  -28.812 1.0000000000
3540  -8.838  -80.325  -31.162 1.0000000000
1665  -9.347  -83.872  -30.643 1.0000000000
968  -10.996  -86.865  -28.205 1.0000000000
2031  -9.732  -83.763  -30.802 1.0000000000
122127  -9.435  -81.804  -30.830 1.0000000000
132030  -10.129  -82.970  -30.848 1.0000000000
546  -8.090  -87.425  -33.276 0.6999999881
3542  -10.853  -80.087  -31.472 0.8999999762
119979  -8.693  -86.237  -33.729 0.6999999881
121547  -9.620  -83.470  -33.490 0.8000000119
2991  -10.315  -81.925  -33.790 0.8000000119
4771  -10.847  -78.473  -33.343 0.8999999762
1676  -8.037  -84.310  -33.290 0.6000000238
2046  -8.192  -83.501  -33.419 0.6999999881
5378  -8.276  -76.998  -34.836 0.8999999762
12033  -8.367  -68.710  -41.973 0.8999999762
125171  -9.797  -81.941  -36.902 0.6999999881
115757  -11.010  -80.637  -37.554 0.8000000119
11883  -5.735  -68.836  -25.918 1.0000000000
11059  -4.859  -68.792  -27.015 1.0000000000
7294  -8.881  -74.432  -27.959 1.0000000000
11897  -4.318  -68.347  -26.599 1.0000000000
6582  -9.845  -75.645  -28.637 1.0000000000
6591  -9.271  -75.277  -29.179 1.0000000000
123287  -8.320  -75.011  -29.248 1.0000000000
12694  -3.308  -67.355  -25.530 1.0000000000
4715  -9.261  -78.554  -29.375 1.0000000000
4124  -9.155  -79.581  -29.070 1.0000000000
5302  -7.568  -77.397  -28.963 1.0000000000
12685  -4.473  -66.708  -24.974 1.0000000000
118139  -8.356  -77.947  -29.365 1.0000000000
133951  -5.687  -76.307  -27.707 1.0000000000
3469  -8.561  -80.314  -24.462 1.0000000000
4105  -9.251  -79.572  -26.791 1.0000000000
5902  -5.483  -76.999  -27.263 1.0000000000
6567  -2.070  -76.071  -26.700 1.0000000000
3470  -8.650  -81.093  -24.192 1.0000000000
117513  -8.736  -80.206  -26.184 1.0000000000
5884  -1.568  -76.625  -26.865 1.0000000000
6566  -1.149  -75.837  -26.758 1.0000000000
2833  -9.047  -81.544  -21.727 1.0000000000
5883  -0.684  -76.222  -27.132 1.0000000000
2323  -9.083  -82.277  -21.168 1.0000000000
9443  2.125  -71.954  -32.076 1.0000000000
1902  -8.868  -82.760  -21.900 1.0000000000
111836  -8.621  -83.869  -25.311 1.0000000000
1929  -8.599  -83.370  -23.579 1.0000000000
1913  -8.546  -84.054  -22.179 1.0000000000
132055  -8.723  -83.313  -21.770 1.0000000000
9457  1.043  -71.030  -32.692 1.0000000000
1980  -8.789  -83.551  -26.256 1.0000000000
1573  -8.541  -84.560  -23.541 1.0000000000
14524  -5.825  -65.740  -35.378 0.8999999762
10312  0.627  -70.344  -33.003 1.0000000000
1600  -8.863  -84.823  -25.673 1.0000000000
15471  -5.086  -65.224  -35.714 0.8999999762
1611  -8.996  -84.595  -26.272 1.0000000000
1619  -8.708  -85.228  -27.452 1.0000000000
1644  -7.140  -85.296  -29.461 1.0000000000
14540  -6.331  -65.820  -36.293 0.8999999762
15483  -4.016  -64.169  -38.209 0.8000000119
1298  -7.162  -85.355  -30.071 1.0000000000
1663  -7.533  -84.329  -30.870 1.0000000000
13673  -6.568  -66.285  -36.871 0.8999999762
14552  -6.215  -65.365  -37.126 0.8999999762
16448  -4.242  -63.273  -39.455 0.8000000119
2971  -8.507  -81.260  -31.116 1.0000000000
12805  -6.315  -66.965  -35.955 0.8999999762
12820  -6.553  -67.216  -37.375 0.8999999762
13682  -6.540  -66.302  -37.699 0.8999999762
13680  -2.563  -66.912  -37.839 0.8000000119
11982  -4.232  -68.700  -35.411 0.8999999762
5338  -8.191  -76.805  -31.553 1.0000000000
2472  -9.185  -82.648  -30.753 1.0000000000
11990  -4.987  -68.787  -37.224 0.8999999762
12819  -6.126  -67.902  -37.085 0.8999999762
4145  -9.128  -79.439  -31.189 1.0000000000
124482  -4.575  -69.692  -37.522 0.8999999762
11991  -6.026  -68.325  -37.825 0.8999999762
13679  -1.760  -67.163  -37.621 0.8000000119
13669  -0.533  -66.570  -36.782 0.6999999881
6612  -8.585  -75.415  -31.376 0.8999999762
4146  -10.045  -79.126  -31.112 0.8999999762
11152  -5.373  -70.154  -39.061 0.8999999762
115085  -1.345  -67.378  -38.385 0.6999999881
13678  0.264  -66.698  -37.246 0.6999999881
10396  -5.819  -70.799  -39.522 0.8999999762
12839  -6.959  -67.510  -39.757 0.8999999762
111329  -1.163  -67.422  -39.081 0.6999999881
14549  0.912  -66.285  -36.927 0.6999999881
4757  -10.599  -77.861  -32.492 0.8999999762
10397  -6.499  -71.042  -39.940 0.8999999762
12006  -7.265  -69.160  -40.187 0.8999999762
12840  -7.185  -68.250  -40.067 0.8999999762
13687  0.317  -67.009  -37.990 0.6999999881
14534  0.358  -65.669  -36.575 0.6999999881
119516  -6.594  -71.346  -38.759 0.8999999762
12018  -7.596  -68.668  -40.626 0.8999999762
110826  1.415  -63.697  -36.221 0.6999999881
7351  -10.042  -75.080  -33.838 0.8999999762
10380  -7.052  -71.288  -39.494 0.8999999762
10399  -8.355  -70.499  -40.028 0.8999999762
15482  3.084  -65.077  -36.966 0.6000000238
10362  -8.923  -70.202  -38.094 0.8999999762
14604  -7.123  -65.687  -41.953 0.6999999881
14547  2.409  -65.566  -37.348 0.6000000238
16416  2.534  -63.370  -35.861 0.5000000000
3624  -10.277  -80.521  -36.627 0.8000000119
4815  -9.631  -78.213  -36.790 0.8999999762
6013  -7.914  -76.948  -37.001 0.8999999762
6680  -7.599  -75.361  -36.591 0.8999999762
8746  -9.834  -71.705  -37.090 0.8999999762
131223  -8.928  -70.679  -39.595 0.8999999762
122196  -9.811  -72.704  -38.283 0.8999999762
9527  -9.972  -71.394  -38.630 0.8999999762
10400  -9.143  -70.918  -39.966 0.8999999762
11184  -9.012  -70.090  -41.266 0.8999999762
11183  -8.533  -69.685  -41.015 0.8999999762
11203  -8.731  -69.400  -41.655 0.8999999762
6713  -8.526  -74.893  -38.146 0.8999999762
9542  -10.109  -71.973  -39.285 0.8999999762
9565  -9.624  -71.388  -40.426 0.8999999762
2524  -10.193  -81.808  -37.903 0.6999999881
5409  -10.644  -77.468  -37.445 0.8000000119
6022  -9.835  -76.847  -37.779 0.8000000119
7459  -8.924  -74.476  -38.618 0.8000000119
3658  -10.107  -80.056  -39.433 0.6000000238
4251  -10.403  -79.369  -39.226 0.6999999881
6696  -9.522  -76.677  -38.055 0.8000000119
7460  -8.999  -74.478  -38.873 0.8000000119
132995  -9.591  -73.693  -39.253 0.8000000119
9566  -10.051  -72.037  -40.184 0.8999999762
5433  -9.772  -77.314  -38.613 0.8000000119
5432  -10.159  -78.094  -38.957 0.6999999881
7257  -7.270  -74.604  -23.668 1.0000000000
126827  -8.137  -74.772  -23.980 1.0000000000
132962  -7.986  -73.520  -25.509 1.0000000000
7273  -8.240  -73.725  -25.586 1.0000000000
7951  -8.595  -73.199  -26.367 1.0000000000
7983  -8.233  -73.989  -28.105 1.0000000000
7305  -8.786  -74.594  -28.880 1.0000000000
7303  -7.142  -74.042  -28.745 1.0000000000
6581  -5.511  -75.465  -27.897 1.0000000000
5916  -6.448  -75.816  -28.342 1.0000000000
4714  -8.269  -78.907  -29.153 1.0000000000
4713  -7.292  -78.259  -28.571 1.0000000000
5292  -5.754  -77.778  -27.422 1.0000000000
6580  -4.498  -75.548  -27.424 1.0000000000
5291  -4.917  -78.489  -27.213 1.0000000000
4115  -9.355  -80.246  -28.234 1.0000000000
6568  -3.002  -76.142  -26.670 1.0000000000
6578  -2.644  -75.392  -26.961 1.0000000000
2848  -8.902  -81.552  -22.648 1.0000000000
116120  -8.577  -80.888  -24.982 1.0000000000
2878  -8.601  -81.842  -24.497 1.0000000000
122796  0.344  -75.469  -29.421 1.0000000000
7310  1.877  -74.971  -29.419 1.0000000000
6587  1.317  -75.765  -28.474 1.0000000000
2351  -8.630  -82.280  -23.961 1.0000000000
2334  -8.921  -82.169  -22.216 1.0000000000
116371  1.299  -74.670  -30.006 1.0000000000
2379  -8.670  -82.365  -25.478 1.0000000000
118375  -8.660  -82.698  -23.535 1.0000000000
8001  1.635  -73.265  -31.393 1.0000000000
113812  -8.713  -82.797  -26.302 1.0000000000
124950  -8.544  -82.986  -25.057 1.0000000000
124301  0.961  -72.435  -32.332 1.0000000000
2007  -8.203  -83.162  -27.807 1.0000000000
15454  -5.556  -65.433  -34.323 0.8999999762
10311  1.498  -70.344  -32.865 1.0000000000
2006  -7.464  -83.601  -28.684 1.0000000000
1994  -8.617  -83.926  -27.364 1.0000000000
1631  -8.209  -84.884  -27.966 1.0000000000
1620  -8.966  -84.312  -26.782 1.0000000000
2019  -6.900  -84.337  -29.413 1.0000000000
14525  -5.820  -66.176  -34.452 0.8999999762
1652  -6.959  -84.616  -30.441 1.0000000000
118380  -5.954  -66.279  -34.465 0.8999999762
13662  -6.217  -66.274  -35.512 0.8999999762
2470  -6.823  -82.522  -31.361 1.0000000000
1662  -6.805  -83.850  -30.821 1.0000000000
119528  -3.747  -65.479  -37.449 0.8000000119
133294  -7.402  -83.320  -31.090 1.0000000000
12804  -5.256  -67.883  -35.522 0.8999999762
118573  -6.527  -66.396  -36.269 0.8999999762
2984  -7.678  -80.689  -31.602 1.0000000000
12795  -4.557  -68.509  -34.391 0.8999999762
4144  -8.026  -79.801  -31.587 1.0000000000
4756  -7.669  -78.573  -32.383 1.0000000000
11142  -4.085  -69.772  -36.186 0.8999999762
14536  -1.279  -66.104  -36.239 0.8000000119
10331  -5.008  -70.529  -36.046 0.8999999762
10342  -4.425  -70.232  -37.113 0.8999999762
13670  -1.451  -66.771  -36.808 0.8000000119
122631  -1.815  -61.003  -37.873 0.8999999762
5339  -8.771  -77.338  -31.455 1.0000000000
11996  -5.095  -69.401  -38.224 0.8999999762
5340  -9.523  -76.811  -31.519 0.8999999762
10343  -4.764  -70.727  -37.163 0.8999999762
11153  -6.230  -69.958  -39.926 0.8999999762
19621  -1.472  -60.209  -38.325 0.8999999762
19610  -0.982  -60.645  -38.151 0.8999999762
10345  -7.434  -70.045  -36.479 0.8999999762
12858  -7.511  -67.388  -41.658 0.8999999762
14548  1.715  -66.022  -37.123 0.6999999881
15466  0.588  -64.957  -36.466 0.6999999881
11146  -8.255  -69.851  -37.205 0.8999999762
12032  -7.757  -68.260  -41.414 0.8000000119
118834  2.409  -64.124  -36.082 0.6999999881
7395  -8.018  -74.339  -35.302 0.8999999762
8736  -9.159  -72.567  -35.991 0.8999999762
10363  -9.060  -70.141  -37.124 0.8999999762
11204  -9.330  -69.799  -42.070 0.8000000119
6695  -8.749  -75.889  -38.089 0.8000000119
121078  -8.913  -75.661  -38.524 0.8000000119
11241  -9.692  -69.204  -43.554 0.6999999881
11222  -9.880  -69.742  -43.249 0.6999999881
6024  -10.044  -76.998  -37.899 0.8000000119
8127  -9.934  -73.426  -39.880 0.8000000119
117753  -9.380  -74.517  -40.210 0.6999999881
8798  -10.107  -72.773  -41.335 0.6999999881
5452  -8.930  -76.960  -39.287 0.6000000238
6767  -9.274  -74.612  -40.495 0.5000000000
9397  -8.176  -70.943  -26.161 1.0000000000
7936  -8.242  -72.707  -25.819 1.0000000000
8643  -8.155  -71.868  -26.908 1.0000000000
7967  -8.227  -72.970  -27.492 1.0000000000
7982  -7.571  -73.558  -28.358 1.0000000000
7979  -3.373  -73.445  -29.125 1.0000000000
7301  -3.712  -74.177  -28.605 1.0000000000
6589  -6.582  -74.765  -28.581 1.0000000000
7292  -4.848  -74.885  -28.031 1.0000000000
4702  -5.755  -78.630  -27.617 1.0000000000
118016  -4.707  -77.619  -26.815 1.0000000000
6569  -3.948  -76.209  -26.677 1.0000000000
4701  -4.335  -78.793  -27.852 1.0000000000
5278  -2.761  -77.518  -26.934 1.0000000000
3510  -5.938  -80.441  -28.525 1.0000000000
4122  -6.841  -79.805  -28.239 1.0000000000
4114  -6.570  -78.857  -28.048 1.0000000000
5915  -1.109  -76.578  -28.082 1.0000000000
3512  -7.925  -80.966  -28.544 1.0000000000
112672  -8.513  -80.404  -28.685 1.0000000000
3493  -8.673  -80.896  -26.571 1.0000000000
118409  -8.947  -80.357  -27.130 1.0000000000
5914  -0.225  -76.184  -28.259 1.0000000000
2908  -8.518  -81.459  -26.756 1.0000000000
6596  -0.344  -75.534  -29.357 1.0000000000
132266  -8.751  -81.806  -26.237 1.0000000000
125303  -8.617  -82.014  -25.206 1.0000000000
2909  -8.811  -81.552  -26.066 1.0000000000
6602  0.496  -75.017  -30.067 1.0000000000
2937  -8.016  -81.792  -28.037 1.0000000000
2366  -8.542  -82.385  -24.796 1.0000000000
7998  0.868  -73.722  -31.324 1.0000000000
2440  -6.969  -82.527  -28.888 1.0000000000
2441  -7.848  -82.486  -28.234 1.0000000000
9456  1.856  -71.147  -32.479 1.0000000000
10313  -0.225  -70.369  -32.962 1.0000000000
11117  1.065  -69.525  -33.253 1.0000000000
121165  -5.176  -82.325  -31.005 1.0000000000
2462  -5.645  -82.787  -30.724 1.0000000000
15453  -5.139  -65.124  -34.760 0.8999999762
127946  0.146  -68.955  -33.274 1.0000000000
15407  -1.543  -63.926  -32.109 1.0000000000
117692  -6.616  -84.035  -30.364 1.0000000000
13651  -5.759  -66.753  -34.007 0.8999999762
15469  -4.287  -64.739  -37.058 0.8999999762
2983  -6.597  -81.039  -32.102 1.0000000000
2028  -6.551  -83.178  -31.130 1.0000000000
12781  -6.250  -67.220  -32.600 0.8999999762
13661  -6.015  -66.778  -35.092 0.8999999762
14538  -3.677  -65.626  -36.286 0.8000000119
4157  -6.605  -79.653  -32.948 1.0000000000
3552  -7.058  -80.192  -32.274 1.0000000000
12793  -5.449  -67.731  -33.619 0.8999999762
133495  -3.230  -65.811  -35.901 0.8000000119
4175  -7.092  -78.875  -33.210 1.0000000000
11981  -3.924  -68.954  -34.957 0.8999999762
5349  -7.831  -77.618  -32.050 1.0000000000
9450  -6.796  -71.739  -31.726 1.0000000000
11127  -4.783  -69.089  -33.744 0.8999999762
115121  -7.715  -76.723  -32.191 1.0000000000
11135  -5.932  -70.035  -34.039 0.8999999762
11985  -4.029  -69.200  -35.751 0.8999999762
6611  -7.787  -75.207  -31.513 0.8999999762
10320  -7.022  -70.206  -33.782 0.8999999762
14535  -0.498  -65.734  -36.436 0.8000000119
9469  -8.069  -71.416  -33.254 0.8999999762
10332  -6.369  -70.348  -35.712 0.8999999762
6619  -9.315  -74.918  -31.694 0.8999999762
114235  -8.726  -71.970  -33.736 0.8999999762
10333  -7.803  -69.780  -35.534 0.8999999762
6634  -9.587  -74.770  -32.875 0.8999999762
8702  -9.304  -72.680  -33.900 0.8999999762
11140  -8.220  -69.601  -36.314 0.8999999762
10361  -5.569  -71.193  -38.202 0.8999999762
14533  1.378  -65.702  -36.654 0.6999999881
7373  -9.818  -74.126  -34.002 0.8999999762
10334  -8.726  -69.971  -35.801 0.8999999762
118591  -7.907  -70.537  -38.417 0.8999999762
114469  -7.238  -70.419  -40.208 0.8999999762
8724  -9.299  -71.871  -35.684 0.8999999762
10381  -8.356  -70.597  -39.334 0.8999999762
16432  3.126  -63.873  -36.091 0.5000000000
124715  -9.513  -70.569  -41.634 0.8000000119
9586  -9.987  -71.923  -41.739 0.6999999881
10428  -9.908  -71.058  -41.966 0.8000000119
6060  -9.259  -76.378  -39.028 0.8000000119
7499  -9.872  -73.912  -40.544 0.8000000119
117822  -10.014  -71.832  -42.519 0.6999999881
7520  -9.827  -74.083  -41.471 0.6999999881
6766  -8.878  -74.810  -40.746 0.5000000000
123107  -6.592  -74.245  -24.522 1.0000000000
7926  -7.465  -73.365  -25.488 1.0000000000
9413  -7.435  -71.311  -26.948 1.0000000000
116096  -5.859  -71.103  -27.751 1.0000000000
7966  -7.398  -72.514  -27.990 1.0000000000
132220  -4.335  -71.653  -28.729 1.0000000000
7981  -6.750  -73.321  -28.596 1.0000000000
9421  -2.630  -71.938  -28.924 1.0000000000
114345  -4.925  -72.751  -28.702 1.0000000000
128975  -1.570  -72.592  -28.662 1.0000000000
124628  -6.318  -73.974  -28.464 1.0000000000
11881  -3.826  -67.818  -26.124 1.0000000000
8654  -2.127  -72.629  -29.118 1.0000000000
8641  0.185  -72.745  -27.587 1.0000000000
112929  -2.445  -73.333  -29.101 1.0000000000
114725  0.364  -73.141  -27.266 1.0000000000
7289  -1.428  -74.305  -27.293 1.0000000000
115489  -3.192  -74.780  -27.806 1.0000000000
7283  -1.704  -75.252  -26.848 1.0000000000
4700  -3.628  -78.375  -27.692 1.0000000000
5279  -3.666  -77.662  -26.727 1.0000000000
4121  -5.669  -79.870  -28.313 1.0000000000
6565  -0.166  -75.634  -26.768 1.0000000000
133426  -1.096  -75.722  -29.185 1.0000000000
6603  -0.133  -75.063  -30.045 1.0000000000
7315  2.295  -74.299  -30.002 1.0000000000
2934  -6.061  -81.196  -28.825 1.0000000000
2935  -6.965  -81.560  -28.607 1.0000000000
2936  -7.752  -81.739  -28.420 1.0000000000
3513  -8.189  -81.143  -28.301 1.0000000000
7317  0.018  -74.728  -30.778 1.0000000000
7323  0.206  -74.162  -31.267 1.0000000000
8680  1.601  -72.576  -31.948 1.0000000000
2948  -6.095  -82.031  -29.204 1.0000000000
8002  0.988  -73.084  -31.958 1.0000000000
2455  -5.464  -82.410  -30.133 1.0000000000
14501  -6.075  -65.689  -32.812 1.0000000000
14526  -5.671  -65.704  -33.684 0.8999999762
128500  -4.827  -81.701  -31.211 1.0000000000
2456  -6.109  -82.891  -29.672 1.0000000000
13641  -6.317  -66.071  -32.563 1.0000000000
11118  -0.472  -69.564  -32.929 1.0000000000
132185  0.245  -69.762  -33.116 1.0000000000
13629  -6.741  -66.352  -32.060 0.8999999762
13652  -6.006  -66.120  -33.435 0.8999999762
15438  -5.595  -64.988  -33.832 0.8999999762
14489  -1.232  -64.819  -31.954 1.0000000000
4156  -5.613  -79.658  -32.953 1.0000000000
2469  -5.856  -82.682  -31.344 1.0000000000
121971  -6.611  -67.760  -32.271 1.0000000000
15436  -4.539  -64.181  -34.506 0.8999999762
111301  -2.096  -64.779  -31.678 1.0000000000
3551  -6.034  -80.415  -32.599 1.0000000000
124378  -4.624  -64.989  -35.114 0.8999999762
15452  -4.031  -64.860  -34.998 0.8999999762
15435  -3.630  -63.975  -34.510 0.8999999762
5969  -7.303  -76.667  -33.222 1.0000000000
130324  -5.420  -68.712  -33.259 0.8999999762
11973  -5.724  -68.080  -33.007 0.8999999762
15451  -3.150  -64.979  -35.008 0.8999999762
16360  -0.879  -63.536  -32.726 1.0000000000
111377  -6.902  -69.852  -32.082 1.0000000000
12792  -4.886  -68.603  -33.743 0.8999999762
16396  -2.242  -63.157  -34.018 1.0000000000
130047  -7.179  -74.994  -31.935 1.0000000000
118208  -0.251  -63.105  -34.221 1.0000000000
5955  -7.379  -75.845  -32.435 1.0000000000
8008  -7.378  -73.536  -31.578 0.8999999762
11134  -5.263  -69.574  -33.791 0.8999999762
11139  -4.431  -70.068  -35.252 0.8999999762
15450  -2.365  -65.008  -35.243 0.8999999762
14521  -1.924  -65.625  -35.771 0.8000000119
7328  -7.484  -74.351  -31.571 1.0000000000
10316  -7.489  -70.982  -32.890 0.8999999762
8009  -8.208  -73.851  -31.613 0.8999999762
10327  -7.747  -70.162  -34.610 0.8999999762
15467  -0.445  -64.623  -36.609 0.6999999881
7337  -9.070  -74.159  -31.900 0.8999999762
8025  -9.417  -73.301  -33.586 0.8999999762
17483  0.211  -63.036  -36.734 0.6999999881
8040  -9.412  -73.083  -34.412 0.8999999762
8713  -9.105  -71.623  -35.119 0.8999999762
17470  1.577  -62.838  -35.991 0.6999999881
17469  2.677  -62.496  -35.620 0.5000000000
18508  1.898  -62.021  -35.605 0.5000000000
11242  -9.930  -69.422  -44.687 0.6999999881
115454  -9.984  -70.406  -43.010 0.6000000238
115734  -9.364  -74.514  -41.981 0.6000000238
11044  -5.924  -69.362  -25.803 1.0000000000
9383  -7.863  -70.973  -25.906 1.0000000000
8617  -6.771  -72.537  -25.576 1.0000000000
131920  -7.429  -71.857  -27.497 1.0000000000
8657  -5.774  -72.234  -28.393 1.0000000000
8653  -1.022  -72.243  -28.354 1.0000000000
9422  -3.594  -71.769  -28.913 1.0000000000
7960  2.341  -73.043  -27.032 1.0000000000
7978  -1.002  -72.859  -28.385 1.0000000000
120883  -4.342  -73.494  -28.926 1.0000000000
7962  0.980  -72.973  -27.118 1.0000000000
7290  -2.303  -74.604  -27.534 1.0000000000
7946  2.708  -73.796  -26.600 1.0000000000
7947  1.788  -73.623  -26.581 1.0000000000
7282  -0.681  -74.897  -26.670 1.0000000000
6564  0.879  -75.596  -26.977 1.0000000000
4711  -3.683  -78.417  -28.715 1.0000000000
131046  -3.217  -77.862  -28.714 1.0000000000
5290  -3.209  -78.001  -27.279 1.0000000000
4712  -4.265  -79.058  -28.693 1.0000000000
5289  -2.491  -77.588  -27.470 1.0000000000
6586  2.112  -75.413  -28.633 1.0000000000
5314  -2.756  -77.369  -28.693 1.0000000000
5299  -1.930  -77.017  -28.268 1.0000000000
5288  -1.853  -77.202  -27.632 1.0000000000
4129  -4.434  -79.745  -29.212 1.0000000000
5929  -2.292  -76.570  -29.111 1.0000000000
133272  -4.721  -80.440  -29.406 1.0000000000
113823  -7.863  -80.393  -28.744 1.0000000000
6597  -1.245  -75.078  -29.801 1.0000000000
8679  2.416  -72.711  -31.522 1.0000000000
3519  -4.369  -80.313  -30.145 1.0000000000
3511  -6.950  -80.739  -28.438 1.0000000000
2946  -4.737  -81.042  -29.861 1.0000000000
8004  -0.656  -73.579  -32.249 1.0000000000
131164  0.756  -71.440  -32.657 1.0000000000
2947  -5.345  -81.574  -29.537 1.0000000000
8005  -1.273  -73.340  -33.007 1.0000000000
120492  -0.481  -71.167  -32.980 1.0000000000
2955  -4.557  -81.093  -30.791 1.0000000000
4135  -4.189  -79.693  -30.783 1.0000000000
13630  -6.609  -65.680  -31.925 1.0000000000
124421  -1.018  -70.029  -32.414 1.0000000000
3550  -4.984  -80.383  -32.392 1.0000000000
11958  -1.537  -68.453  -32.620 1.0000000000
11971  -0.518  -68.169  -33.472 1.0000000000
15406  -0.766  -64.158  -32.338 1.0000000000
4173  -5.285  -78.893  -33.279 1.0000000000
12782  -6.946  -67.120  -31.628 1.0000000000
16366  -5.917  -64.910  -33.249 1.0000000000
16400  -5.341  -64.081  -33.888 0.8999999762
116503  -1.738  -65.710  -31.919 1.0000000000
4174  -6.203  -79.003  -33.394 1.0000000000
11121  -7.066  -68.882  -31.703 1.0000000000
16399  -4.802  -63.230  -34.115 0.8999999762
16361  -1.819  -63.089  -32.684 1.0000000000
11960  -6.408  -68.530  -32.504 1.0000000000
15396  -5.655  -64.563  -31.929 1.0000000000
15409  -4.777  -63.684  -32.087 1.0000000000
17456  -4.389  -62.195  -33.803 0.8999999762
6633  -6.898  -76.015  -33.325 1.0000000000
7336  -6.772  -74.389  -32.145 1.0000000000
11128  -5.752  -69.136  -33.108 0.8999999762
17455  -0.728  -62.478  -35.115 1.0000000000
16397  -3.262  -62.733  -34.060 0.8999999762
10315  -7.096  -70.419  -32.949 0.8999999762
11129  -6.450  -69.789  -33.095 0.8999999762
15434  -2.652  -64.163  -34.555 0.8999999762
15433  -1.836  -64.225  -34.833 0.8999999762
16395  -1.023  -63.517  -34.426 1.0000000000
8015  -7.962  -73.213  -31.765 0.8999999762
15449  -1.528  -64.775  -35.713 0.8999999762
9465  -8.276  -72.086  -32.912 0.8999999762
10321  -7.732  -70.689  -33.751 0.8999999762
16434  -0.754  -63.674  -36.901 0.8999999762
17484  -0.727  -63.208  -37.045 0.8999999762
10322  -8.341  -71.204  -33.959 0.8999999762
16433  0.130  -63.919  -36.713 0.6999999881
18520  -0.791  -62.285  -37.200 0.6999999881
10328  -8.298  -70.630  -34.528 0.8999999762
115884  1.158  -61.512  -35.875 0.6000000238
11061  -5.796  -69.411  -26.361 1.0000000000
11898  -5.521  -68.407  -26.252 1.0000000000
110790  -5.100  -70.602  -27.941 1.0000000000
10261  -5.807  -69.981  -27.187 1.0000000000
9396  -7.267  -70.791  -26.274 1.0000000000
11072  -5.294  -69.272  -27.171 1.0000000000
9409  -2.270  -71.296  -28.316 1.0000000000
9393  0.533  -72.154  -26.577 1.0000000000
8639  1.629  -72.717  -27.005 1.0000000000
8628  2.816  -72.950  -26.565 1.0000000000
122018  -1.692  -73.108  -28.774 1.0000000000
7288  -0.683  -73.875  -27.219 1.0000000000
7945  3.457  -73.647  -26.686 1.0000000000
7949  -0.007  -73.993  -26.783 1.0000000000
7277  4.079  -74.167  -26.886 1.0000000000
7297  4.498  -74.434  -28.189 1.0000000000
114467  1.913  -75.806  -27.985 1.0000000000
7299  3.136  -75.025  -28.619 1.0000000000
7314  3.289  -74.463  -29.476 1.0000000000
8674  3.108  -73.173  -31.078 1.0000000000
4724  -4.063  -78.971  -29.434 1.0000000000
5315  -3.266  -77.733  -29.502 1.0000000000
122398  3.334  -71.646  -31.751 1.0000000000
9442  2.789  -71.997  -31.778 1.0000000000
111335  -4.141  -79.545  -29.958 1.0000000000
5930  -2.945  -76.798  -29.634 1.0000000000
7319  -1.828  -74.610  -30.610 1.0000000000
7318  -0.863  -74.466  -30.553 1.0000000000
5325  -3.489  -78.052  -30.479 1.0000000000
6609  -2.493  -74.974  -30.933 1.0000000000
8003  0.156  -73.570  -32.051 1.0000000000
10310  2.377  -70.384  -32.647 1.0000000000
116696  -3.864  -78.426  -31.320 1.0000000000
117573  -3.062  -76.085  -31.826 1.0000000000
7326  -2.129  -74.623  -31.564 1.0000000000
7333  -1.638  -74.198  -32.382 1.0000000000
8690  -0.429  -71.925  -33.025 1.0000000000
8689  0.423  -71.816  -32.674 1.0000000000
11116  2.085  -69.607  -33.104 1.0000000000
5337  -4.042  -78.048  -32.224 1.0000000000
4740  -4.258  -78.926  -32.084 1.0000000000
8013  -2.006  -73.824  -33.366 1.0000000000
9459  -1.302  -71.501  -33.207 1.0000000000
11956  0.996  -68.696  -33.436 1.0000000000
10314  -0.920  -70.764  -32.807 1.0000000000
4755  -4.571  -78.541  -32.893 1.0000000000
11096  -6.854  -68.865  -30.363 1.0000000000
121343  -7.036  -66.322  -31.193 1.0000000000
121381  -6.726  -65.607  -30.987 1.0000000000
12750  -5.775  -66.720  -29.911 1.0000000000
13627  -1.713  -66.669  -32.629 1.0000000000
4768  -5.763  -78.389  -33.632 1.0000000000
5354  -4.918  -77.172  -33.724 1.0000000000
11944  -7.237  -68.376  -30.933 1.0000000000
14478  -5.882  -65.070  -31.112 1.0000000000
13628  -2.151  -66.497  -31.727 1.0000000000
6632  -6.171  -75.826  -33.657 1.0000000000
14479  -6.248  -65.229  -31.759 1.0000000000
16364  -5.185  -63.402  -33.107 1.0000000000
6631  -5.292  -75.557  -33.864 1.0000000000
17420  -4.516  -62.234  -33.286 1.0000000000
9449  -6.630  -71.140  -31.411 1.0000000000
129774  -4.124  -61.823  -32.946 1.0000000000
8014  -6.314  -73.629  -32.566 1.0000000000
8685  -6.378  -72.418  -31.643 1.0000000000
16381  -3.167  -62.413  -33.490 1.0000000000
16418  -1.390  -63.904  -35.865 0.8999999762
19599  -2.226  -60.959  -37.100 0.8999999762
121563  -1.088  -63.382  -36.994 0.8999999762
16417  -1.265  -63.397  -36.752 0.8999999762
17472  -1.246  -62.979  -37.104 0.8999999762
110393  -0.800  -61.296  -37.546 0.8000000119
9381  -5.908  -71.254  -25.610 1.0000000000
10259  -3.828  -69.972  -28.342 1.0000000000
10260  -4.811  -69.861  -27.926 1.0000000000
11882  -5.429  -67.785  -25.942 1.0000000000
9408  -1.297  -71.652  -28.166 1.0000000000
10248  -1.635  -70.409  -26.810 1.0000000000
11896  -2.779  -68.630  -26.722 1.0000000000
11880  -2.342  -68.064  -26.020 1.0000000000
8612  2.810  -72.656  -25.556 1.0000000000
8627  3.536  -72.754  -26.227 1.0000000000
8611  4.168  -72.081  -25.849 1.0000000000
8638  4.803  -72.494  -27.150 1.0000000000
7959  4.627  -73.452  -27.200 1.0000000000
7975  5.467  -73.031  -28.383 1.0000000000
7298  3.794  -74.975  -27.918 1.0000000000
8651  6.200  -72.151  -29.163 1.0000000000
8666  5.694  -72.786  -29.081 1.0000000000
10271  6.756  -70.735  -28.465 1.0000000000
7990  4.807  -73.972  -28.823 1.0000000000
7308  4.034  -74.572  -28.798 1.0000000000
9428  6.476  -71.575  -29.677 1.0000000000
8665  5.924  -72.221  -29.760 1.0000000000
117053  5.380  -72.737  -29.777 1.0000000000
7991  4.278  -73.884  -29.785 1.0000000000
10284  6.296  -70.445  -30.980 1.0000000000
9434  4.996  -71.552  -31.022 1.0000000000
9435  4.434  -72.358  -30.915 1.0000000000
8673  3.928  -73.164  -30.709 1.0000000000
4723  -3.665  -78.406  -29.721 1.0000000000
11092  6.279  -69.516  -31.213 1.0000000000
10285  5.540  -70.867  -31.168 1.0000000000
10296  3.696  -70.921  -31.930 1.0000000000
117188  4.964  -69.757  -31.875 1.0000000000
11104  4.185  -69.998  -32.198 1.0000000000
5941  -3.068  -76.617  -31.131 1.0000000000
6604  -2.216  -75.277  -30.171 1.0000000000
7325  -1.090  -73.937  -32.101 1.0000000000
130083  3.168  -67.929  -33.323 1.0000000000
11954  2.877  -68.833  -33.242 1.0000000000
6610  -2.599  -75.329  -31.924 1.0000000000
8682  -0.512  -72.887  -32.695 1.0000000000
5348  -4.404  -77.653  -33.092 1.0000000000
5947  -3.801  -77.180  -32.408 1.0000000000
5954  -4.280  -76.772  -33.264 1.0000000000
8691  -1.998  -72.028  -33.666 1.0000000000
13637  0.272  -66.512  -33.554 1.0000000000
5966  -4.782  -76.245  -33.768 1.0000000000
124623  -6.435  -68.446  -29.888 1.0000000000
13606  -6.655  -66.564  -30.405 1.0000000000
12791  -1.727  -67.583  -32.951 1.0000000000
14488  -0.652  -64.855  -32.641 1.0000000000
13605  -6.071  -65.866  -30.465 1.0000000000
12780  -1.936  -67.219  -32.050 1.0000000000
126501  -2.406  -65.706  -31.545 1.0000000000
6646  -5.031  -74.773  -34.083 1.0000000000
12752  -6.732  -67.320  -30.215 1.0000000000
11932  -6.312  -67.784  -29.824 1.0000000000
15395  -5.055  -64.477  -31.607 1.0000000000
14490  -3.262  -65.014  -31.413 1.0000000000
119609  -5.871  -75.048  -33.631 1.0000000000
121238  -5.594  -73.169  -33.296 1.0000000000
10302  -6.772  -70.344  -31.325 1.0000000000
15408  -2.760  -63.611  -32.133 1.0000000000
133065  0.357  -63.530  -33.101 1.0000000000
8006  -6.012  -72.838  -32.184 1.0000000000
133012  -5.230  -65.540  -30.748 1.0000000000
14491  -4.053  -63.979  -31.711 1.0000000000
16362  -2.893  -62.491  -32.869 1.0000000000
16379  -0.907  -63.220  -33.336 1.0000000000
112256  -3.822  -62.475  -32.382 1.0000000000
16380  -2.060  -62.982  -33.372 1.0000000000
8007  -6.679  -73.168  -31.750 1.0000000000
16394  -0.935  -63.136  -35.353 0.8999999762
19586  -1.805  -60.320  -35.434 0.8999999762
20626  -2.174  -60.007  -37.756 0.8999999762
19597  0.593  -60.912  -36.216 0.5000000000
20624  0.180  -60.220  -36.718 0.5000000000
20625  -0.337  -59.979  -38.107 0.6999999881
11071  -4.337  -69.298  -27.747 1.0000000000
9395  -1.063  -71.324  -27.317 1.0000000000
10257  -1.961  -70.817  -27.638 1.0000000000
9374  1.256  -72.405  -25.196 1.0000000000
9373  2.136  -72.401  -24.943 1.0000000000
10234  -0.825  -70.926  -26.204 1.0000000000
127836  3.542  -72.341  -25.440 1.0000000000
113183  4.754  -71.550  -26.106 1.0000000000
9405  5.375  -71.827  -27.402 1.0000000000
8652  5.875  -72.248  -28.397 1.0000000000
7976  5.090  -73.771  -28.024 1.0000000000
6563  1.912  -75.422  -26.976 1.0000000000
16245  -4.514  -63.750  -20.363 1.0000000000
116966  7.132  -70.090  -29.770 1.0000000000
8672  4.758  -72.981  -30.195 1.0000000000
10283  6.821  -69.864  -30.563 1.0000000000
11115  3.645  -69.338  -32.695 1.0000000000
115128  2.847  -69.688  -32.853 1.0000000000
5946  -3.281  -76.776  -31.881 1.0000000000
6616  -3.264  -75.730  -32.811 1.0000000000
7335  -2.937  -74.998  -33.279 1.0000000000
11968  2.347  -68.011  -33.448 1.0000000000
11969  1.403  -68.028  -33.504 1.0000000000
6629  -3.818  -75.174  -33.695 1.0000000000
8022  -3.372  -73.293  -34.236 1.0000000000
11105  -1.505  -69.801  -31.476 1.0000000000
12787  1.845  -67.211  -33.469 1.0000000000
6630  -4.613  -75.346  -33.908 1.0000000000
9444  -1.553  -71.097  -32.530 1.0000000000
14487  0.165  -64.934  -33.136 1.0000000000
7371  -4.952  -74.115  -34.261 1.0000000000
8023  -4.385  -73.536  -34.309 1.0000000000
116441  -5.550  -69.936  -29.773 1.0000000000
10288  -4.611  -70.248  -29.721 1.0000000000
10287  -3.538  -70.572  -30.127 1.0000000000
11929  -2.805  -69.196  -30.176 1.0000000000
11942  -2.433  -68.408  -30.757 1.0000000000
12765  -2.551  -67.269  -31.246 1.0000000000
10289  -5.450  -70.777  -30.166 1.0000000000
11094  -5.007  -69.278  -29.428 1.0000000000
112801  -4.635  -68.405  -29.452 1.0000000000
11930  -3.525  -68.417  -29.945 1.0000000000
13617  -2.967  -66.231  -31.233 1.0000000000
15404  0.530  -64.375  -32.854 1.0000000000
7349  -5.498  -74.367  -33.920 1.0000000000
10301  -6.172  -71.014  -30.811 1.0000000000
12767  -4.932  -66.304  -30.361 1.0000000000
12766  -3.675  -66.782  -30.684 1.0000000000
16359  -0.116  -63.949  -33.056 1.0000000000
11931  -5.541  -67.592  -29.602 1.0000000000
14477  -4.642  -64.939  -31.181 1.0000000000
17437  -0.032  -62.954  -34.165 1.0000000000
18495  -1.016  -61.753  -35.291 1.0000000000
17454  -0.135  -61.484  -34.175 1.0000000000
18510  -1.809  -62.307  -36.666 0.8999999762
17471  -1.521  -62.963  -36.769 0.8999999762
18521  -1.634  -62.353  -37.277 0.8999999762
20641  -1.681  -59.322  -38.434 0.8999999762
20640  -0.891  -59.634  -38.515 0.8999999762
21668  -0.050  -59.307  -37.212 0.5000000000
10258  -2.859  -70.361  -28.019 1.0000000000
10237  -6.004  -69.870  -25.893 1.0000000000
10249  -2.547  -69.669  -27.350 1.0000000000
12696  -5.781  -67.613  -25.175 1.0000000000
9390  5.143  -71.307  -26.652 1.0000000000
10256  5.806  -70.960  -27.153 1.0000000000
10295  4.709  -70.682  -31.585 1.0000000000
17301  -4.919  -63.133  -24.095 1.0000000000
11953  3.940  -68.277  -32.906 1.0000000000
113632  -5.117  -62.646  -24.125 1.0000000000
12779  2.776  -67.194  -33.346 1.0000000000
7347  -3.592  -74.268  -34.164 1.0000000000
8021  -2.570  -73.301  -33.990 1.0000000000
8020  -2.005  -72.913  -33.749 1.0000000000
9446  -3.074  -71.548  -31.364 1.0000000000
10300  -2.478  -71.042  -30.669 1.0000000000
123387  -4.616  -63.931  -26.389 1.0000000000
11943  -3.284  -67.653  -30.491 1.0000000000
14486  0.958  -64.861  -32.915 1.0000000000
8701  -4.819  -72.880  -33.778 1.0000000000
9436  -4.425  -71.169  -30.269 1.0000000000
113421  0.657  -63.704  -32.753 1.0000000000
8683  -4.752  -72.161  -31.819 1.0000000000
8694  -5.220  -72.551  -32.659 1.0000000000
16377  0.483  -62.944  -33.172 1.0000000000
17436  0.303  -62.183  -33.755 1.0000000000
19584  0.073  -60.701  -33.692 1.0000000000
19598  -1.959  -61.492  -36.323 0.8999999762
124471  0.548  -59.644  -35.733 0.5000000000
11057  -1.824  -69.409  -26.599 1.0000000000
9358  1.507  -71.865  -24.419 1.0000000000
119272  -0.771  -70.168  -25.574 1.0000000000
11040  -1.195  -69.348  -25.926 1.0000000000
11041  -1.791  -68.723  -26.248 1.0000000000
9356  3.450  -71.563  -24.233 1.0000000000
10218  0.144  -70.978  -24.494 1.0000000000
127194  -0.271  -70.265  -24.857 1.0000000000
11022  -0.518  -69.344  -25.313 1.0000000000
112279  -0.202  -68.501  -25.076 1.0000000000
10233  5.006  -71.043  -24.504 1.0000000000
9371  4.722  -71.446  -25.219 1.0000000000
116274  0.960  -71.188  -24.049 1.0000000000
122096  0.517  -68.469  -24.669 1.0000000000
12682  -0.560  -67.211  -24.682 1.0000000000
12684  -2.644  -66.960  -24.947 1.0000000000
9370  5.141  -71.175  -25.946 1.0000000000
13536  -0.881  -66.715  -24.373 1.0000000000
13537  -1.928  -66.562  -24.422 1.0000000000
13520  -4.133  -65.739  -23.969 1.0000000000
10232  5.557  -70.786  -25.230 1.0000000000
11843  1.726  -67.992  -23.915 1.0000000000
11844  1.007  -67.874  -24.365 1.0000000000
12663  -0.081  -66.878  -24.341 1.0000000000
13519  -2.506  -66.024  -23.907 1.0000000000
14383  -3.546  -64.933  -22.889 1.0000000000
10231  6.493  -70.327  -25.693 1.0000000000
10255  6.652  -70.558  -27.585 1.0000000000
11832  2.299  -68.141  -23.253 1.0000000000
11055  7.133  -69.743  -26.109 1.0000000000
13503  -0.427  -65.853  -23.376 1.0000000000
130166  -0.424  -66.387  -23.984 1.0000000000
14395  -1.652  -65.622  -23.368 1.0000000000
14382  -2.205  -65.112  -22.786 1.0000000000
15280  -3.480  -64.128  -21.739 1.0000000000
11054  7.464  -69.025  -26.499 1.0000000000
124161  7.583  -68.940  -27.386 1.0000000000
14366  1.164  -65.685  -21.237 1.0000000000
15279  -2.223  -64.332  -21.516 1.0000000000
15264  -2.976  -63.788  -21.041 1.0000000000
16244  -3.813  -63.259  -20.541 1.0000000000
11082  7.325  -69.405  -29.237 1.0000000000
117938  7.615  -68.215  -26.848 1.0000000000
12719  7.502  -67.430  -27.238 1.0000000000
117194  7.697  -68.811  -28.170 1.0000000000
11088  7.029  -69.278  -29.917 1.0000000000
11919  7.297  -68.682  -29.419 1.0000000000
11927  6.593  -69.026  -30.597 1.0000000000
129834  -4.550  -62.894  -23.588 1.0000000000
18343  -4.909  -62.511  -23.402 1.0000000000
19385  -4.484  -61.191  -22.155 1.0000000000
13552  7.033  -66.390  -26.790 1.0000000000
11920  6.808  -68.439  -29.836 1.0000000000
11102  5.540  -69.168  -31.713 1.0000000000
12778  3.670  -67.280  -33.052 1.0000000000
18332  -4.922  -61.729  -22.992 1.0000000000
11928  5.956  -68.576  -31.246 1.0000000000
11952  4.849  -68.015  -32.387 1.0000000000
121993  6.609  -65.952  -26.072 1.0000000000
115239  6.455  -67.621  -29.609 1.0000000000
12762  5.417  -67.897  -31.615 1.0000000000
12777  4.357  -67.501  -32.598 1.0000000000
17312  -3.635  -63.689  -25.071 1.0000000000
9461  -2.940  -71.543  -32.790 1.0000000000
12728  6.094  -66.824  -29.090 1.0000000000
128007  4.623  -67.077  -29.525 1.0000000000
12764  4.142  -66.657  -32.182 1.0000000000
13625  2.428  -65.833  -32.690 1.0000000000
13635  2.211  -66.413  -33.227 1.0000000000
17327  -2.669  -64.003  -25.727 1.0000000000
18349  -5.063  -62.940  -24.882 1.0000000000
12748  4.509  -66.845  -30.926 1.0000000000
13626  1.648  -65.546  -32.976 1.0000000000
15330  -3.323  -65.914  -27.240 1.0000000000
8700  -3.898  -72.642  -34.059 1.0000000000
9462  -3.803  -71.814  -32.349 1.0000000000
12730  4.098  -66.879  -29.041 1.0000000000
13603  3.776  -66.556  -30.028 1.0000000000
13615  3.856  -66.235  -31.060 1.0000000000
14484  2.303  -65.156  -32.137 1.0000000000
15403  1.139  -64.177  -32.336 1.0000000000
12738  4.205  -66.917  -29.774 1.0000000000
13604  3.398  -65.991  -30.211 1.0000000000
14475  2.899  -64.917  -31.229 1.0000000000
8693  -4.354  -72.256  -33.159 1.0000000000
13592  3.128  -66.334  -29.321 1.0000000000
15393  2.326  -63.960  -30.858 1.0000000000
16350  1.948  -63.179  -31.152 1.0000000000
16321  -4.355  -64.709  -27.895 1.0000000000
17341  -4.617  -63.999  -27.441 1.0000000000
15376  2.685  -64.917  -29.751 1.0000000000
16342  2.014  -63.325  -30.278 1.0000000000
16358  1.477  -63.206  -32.031 1.0000000000
113498  1.068  -62.854  -32.621 1.0000000000
16320  -3.710  -64.021  -28.478 1.0000000000
18424  1.328  -61.885  -31.001 1.0000000000
17417  1.345  -62.290  -32.231 1.0000000000
17418  0.943  -62.157  -32.925 1.0000000000
18443  1.287  -61.733  -31.813 1.0000000000
18479  0.705  -61.180  -33.198 1.0000000000
17357  -2.464  -63.125  -28.715 1.0000000000
17379  -3.333  -62.545  -28.881 1.0000000000
19585  -0.821  -60.751  -34.558 0.8999999762
20598  -1.215  -59.838  -34.235 1.0000000000
20611  -2.385  -59.788  -36.365 0.8999999762
20612  -2.711  -58.996  -36.893 0.8999999762
22673  -1.155  -57.711  -38.348 0.6000000238
20642  -2.015  -58.395  -38.452 0.8000000119
21669  -0.546  -58.379  -38.083 0.5000000000
10216  2.791  -71.037  -23.700 1.0000000000
9355  4.323  -71.386  -24.299 1.0000000000
127896  1.444  -70.528  -23.766 1.0000000000
133982  0.188  -70.247  -24.488 1.0000000000
10214  4.622  -70.916  -23.767 1.0000000000
10215  3.658  -71.039  -23.520 1.0000000000
10189  2.208  -70.307  -23.474 1.0000000000
10191  0.749  -70.198  -24.083 1.0000000000
10999  1.167  -68.927  -24.220 1.0000000000
11862  0.132  -67.655  -24.687 1.0000000000
10212  6.389  -70.217  -24.739 1.0000000000
11039  7.129  -69.676  -25.170 1.0000000000
12643  1.036  -66.763  -23.487 1.0000000000
11018  7.759  -68.946  -24.683 1.0000000000
12641  2.449  -67.674  -22.495 1.0000000000
14380  0.023  -65.523  -22.478 1.0000000000
14369  -1.582  -64.804  -22.074 1.0000000000
11878  8.260  -68.004  -25.203 1.0000000000
13484  2.163  -66.869  -21.327 1.0000000000
15278  -1.108  -64.546  -21.290 1.0000000000
12707  7.776  -67.443  -26.186 1.0000000000
12681  8.398  -67.181  -24.567 1.0000000000
11907  7.710  -68.122  -27.785 1.0000000000
13551  7.409  -66.854  -26.734 1.0000000000
13516  6.871  -65.844  -23.202 1.0000000000
13533  7.685  -66.381  -24.230 1.0000000000
13564  7.218  -66.824  -27.518 1.0000000000
18342  -3.336  -62.517  -23.744 1.0000000000
20426  -4.471  -59.688  -22.422 1.0000000000
15275  5.938  -64.415  -21.434 1.0000000000
13542  7.561  -66.453  -25.923 1.0000000000
12736  7.391  -67.761  -29.137 1.0000000000
114932  -2.651  -62.840  -24.560 1.0000000000
133268  5.219  -67.866  -32.070 1.0000000000
12727  7.072  -66.939  -28.926 1.0000000000
113229  3.121  -66.400  -32.737 1.0000000000
16293  -1.907  -64.727  -25.999 1.0000000000
13582  5.338  -66.436  -28.395 1.0000000000
17328  -4.202  -64.348  -25.958 1.0000000000
14422  -1.392  -66.897  -26.962 1.0000000000
13591  3.538  -66.654  -29.161 1.0000000000
14438  -1.615  -67.192  -28.204 1.0000000000
14476  2.302  -64.508  -31.517 1.0000000000
15394  1.815  -63.978  -31.634 1.0000000000
126489  -3.456  -65.742  -28.340 1.0000000000
15360  -2.129  -65.688  -29.044 1.0000000000
14439  -2.386  -66.669  -28.402 1.0000000000
15361  -3.158  -65.307  -28.657 1.0000000000
16333  2.396  -64.081  -29.944 1.0000000000
17393  1.042  -62.138  -30.121 1.0000000000
17375  1.437  -62.862  -29.737 1.0000000000
18444  0.916  -61.293  -31.386 1.0000000000
18461  0.984  -61.102  -32.215 1.0000000000
19534  -0.079  -60.360  -31.432 1.0000000000
20574  -0.223  -59.794  -32.904 1.0000000000
20586  -1.026  -59.556  -33.376 1.0000000000
20627  -2.474  -58.829  -37.961 0.8999999762
21670  -2.831  -57.791  -37.949 0.8000000119
22659  -0.912  -57.546  -37.172 0.5000000000
10187  4.030  -70.740  -23.049 1.0000000000
129662  4.917  -70.565  -23.296 1.0000000000
10213  5.532  -70.577  -24.133 1.0000000000
11831  2.777  -68.529  -22.598 1.0000000000
11020  6.495  -70.123  -23.819 1.0000000000
10996  3.409  -70.150  -22.720 1.0000000000
13517  0.259  -66.487  -23.755 1.0000000000
118970  7.654  -69.005  -23.777 1.0000000000
10994  6.580  -69.981  -23.060 1.0000000000
130134  1.304  -67.366  -23.888 1.0000000000
15293  -2.793  -64.621  -22.239 1.0000000000
13485  1.565  -66.331  -21.745 1.0000000000
14368  -0.535  -65.047  -21.854 1.0000000000
11861  8.329  -68.175  -24.144 1.0000000000
12660  8.040  -67.363  -23.550 1.0000000000
13515  7.352  -66.360  -23.531 1.0000000000
13470  1.747  -66.291  -20.797 1.0000000000
124518  7.995  -66.435  -25.049 1.0000000000
18330  -2.708  -61.895  -23.148 1.0000000000
110845  -3.432  -61.606  -22.411 1.0000000000
122581  -4.430  -60.280  -21.603 1.0000000000
13534  6.527  -65.874  -24.114 1.0000000000
112650  -1.633  -61.818  -23.066 1.0000000000
14365  6.128  -64.883  -22.278 1.0000000000
17299  -1.281  -62.741  -24.712 1.0000000000
16254  5.473  -63.784  -21.042 1.0000000000
17310  -0.934  -63.102  -25.361 1.0000000000
17311  -1.976  -63.244  -25.246 1.0000000000
17240  5.407  -62.987  -20.007 1.0000000000
13581  6.370  -66.540  -28.334 1.0000000000
13566  5.737  -66.136  -27.654 1.0000000000
17326  -1.281  -63.590  -25.725 1.0000000000
18350  -4.964  -61.690  -25.096 1.0000000000
13567  4.779  -66.006  -27.787 1.0000000000
16294  -3.450  -65.198  -26.481 1.0000000000
17313  -4.676  -63.590  -25.104 1.0000000000
13583  4.351  -66.506  -28.430 1.0000000000
15359  -1.033  -66.096  -29.175 1.0000000000
18361  -4.824  -63.134  -25.908 1.0000000000
18375  -4.700  -63.092  -27.010 1.0000000000
14458  2.201  -65.910  -29.258 1.0000000000
14449  -0.671  -67.338  -29.025 1.0000000000
15377  2.029  -64.782  -29.301 1.0000000000
16317  0.068  -64.531  -28.832 1.0000000000
17358  -4.316  -63.724  -28.071 1.0000000000
17376  0.569  -62.593  -29.334 1.0000000000
16319  -2.300  -64.148  -28.695 1.0000000000
18425  0.629  -61.517  -30.552 1.0000000000
17377  -0.874  -62.057  -29.279 1.0000000000
20557  -0.521  -59.798  -31.997 1.0000000000
20575  -1.154  -59.493  -32.565 0.8999999762
120385  -2.204  -59.281  -33.885 0.8999999762
20600  -2.992  -59.030  -35.682 0.8999999762
21661  -3.437  -57.690  -36.809 0.8999999762
10174  4.347  -70.283  -22.564 1.0000000000
10997  2.714  -69.918  -22.992 1.0000000000
10977  6.080  -70.005  -22.525 1.0000000000
110795  4.318  -69.899  -21.941 1.0000000000
116811  6.954  -69.563  -22.365 1.0000000000
11819  3.525  -68.901  -21.131 1.0000000000
12626  2.019  -66.943  -22.220 1.0000000000
10993  7.465  -69.054  -22.938 1.0000000000
12615  2.652  -67.539  -20.967 1.0000000000
13501  1.342  -66.500  -22.657 1.0000000000
17217  -4.208  -62.686  -19.111 1.0000000000
12639  7.563  -68.116  -22.805 1.0000000000
112278  2.709  -67.762  -19.957 1.0000000000
15263  -1.767  -64.017  -20.782 1.0000000000
16243  -2.514  -63.387  -20.359 1.0000000000
12661  7.391  -66.973  -22.919 1.0000000000
11842  7.862  -68.385  -23.423 1.0000000000
14355  -0.116  -64.765  -21.047 1.0000000000
13469  2.212  -67.034  -20.386 1.0000000000
15261  0.214  -64.577  -20.206 1.0000000000
17209  -4.243  -62.450  -18.385 1.0000000000
14342  0.982  -65.001  -19.830 1.0000000000
13535  5.980  -65.757  -24.779 1.0000000000
14393  5.853  -65.521  -23.568 1.0000000000
13544  5.901  -65.740  -25.449 1.0000000000
14394  4.905  -65.302  -23.769 1.0000000000
17298  0.454  -62.743  -24.233 1.0000000000
17283  0.165  -62.384  -23.341 1.0000000000
18331  -4.222  -62.379  -22.867 1.0000000000
14409  5.300  -65.586  -25.005 1.0000000000
17309  -0.174  -62.902  -25.067 1.0000000000
17284  -1.776  -62.243  -23.834 1.0000000000
16241  5.005  -63.296  -20.710 1.0000000000
16285  0.772  -63.022  -25.143 1.0000000000
18260  5.291  -61.922  -19.246 1.0000000000
18261  4.719  -61.673  -19.486 1.0000000000
17241  4.557  -62.743  -20.373 1.0000000000
14417  4.772  -65.521  -26.236 1.0000000000
16290  1.818  -63.774  -26.163 1.0000000000
122216  0.321  -63.493  -26.248 1.0000000000
16292  -0.587  -63.974  -26.178 1.0000000000
19320  5.197  -61.024  -19.005 1.0000000000
14432  4.389  -65.632  -27.173 1.0000000000
14420  0.994  -66.350  -26.867 1.0000000000
118033  0.132  -64.519  -26.481 1.0000000000
14421  -0.080  -66.568  -26.612 1.0000000000
14433  3.469  -65.573  -27.337 1.0000000000
14435  1.382  -66.837  -27.463 1.0000000000
14436  0.526  -67.371  -27.454 1.0000000000
18362  -4.762  -61.850  -26.034 0.8999999762
13568  3.872  -66.060  -27.910 1.0000000000
13569  2.897  -66.295  -27.976 1.0000000000
14437  -0.508  -67.529  -27.756 1.0000000000
15331  -4.407  -64.916  -27.036 1.0000000000
13593  2.317  -66.511  -29.077 1.0000000000
14447  1.486  -66.842  -28.974 1.0000000000
13572  0.227  -67.809  -28.436 1.0000000000
17380  -4.094  -62.744  -28.601 1.0000000000
16316  1.114  -64.669  -28.922 1.0000000000
17356  -0.103  -63.270  -28.789 1.0000000000
117141  -1.213  -62.993  -28.776 1.0000000000
18404  0.108  -61.837  -29.673 1.0000000000
17378  -2.005  -62.298  -29.121 1.0000000000
126920  -0.253  -62.480  -29.088 1.0000000000
18407  -2.778  -61.653  -29.488 1.0000000000
114095  -2.986  -59.083  -34.697 0.8999999762
21660  -3.444  -58.320  -36.150 0.8999999762
22662  -3.254  -57.073  -37.382 0.8000000119
22660  -1.858  -56.885  -37.590 0.6000000238
10978  3.579  -69.789  -22.244 1.0000000000
112488  6.258  -69.639  -21.695 1.0000000000
10966  3.889  -69.475  -21.565 1.0000000000
10967  3.199  -69.085  -21.983 1.0000000000
10954  6.228  -69.303  -20.899 1.0000000000
11820  2.948  -68.161  -21.687 1.0000000000
11830  7.333  -68.878  -22.074 1.0000000000
12640  7.414  -67.742  -22.150 1.0000000000
15262  -0.709  -64.291  -20.506 1.0000000000
16232  -3.266  -62.814  -19.862 1.0000000000
17232  -3.839  -62.326  -19.241 1.0000000000
13500  7.287  -66.484  -22.358 1.0000000000
133365  3.490  -68.096  -18.843 1.0000000000
121627  2.285  -67.282  -19.517 1.0000000000
16219  -2.740  -62.339  -19.212 1.0000000000
17215  -3.377  -61.814  -18.590 1.0000000000
17208  -4.047  -61.616  -17.889 1.0000000000
17196  -4.150  -61.515  -17.236 0.8999999762
14364  6.710  -65.123  -21.534 1.0000000000
14378  6.834  -65.470  -22.378 1.0000000000
116003  -2.144  -61.420  -22.557 1.0000000000
18314  -2.798  -60.971  -21.942 1.0000000000
130861  -4.265  -58.229  -21.604 1.0000000000
14352  6.515  -64.989  -20.471 1.0000000000
18313  -1.071  -61.612  -22.490 1.0000000000
15260  5.984  -64.080  -20.527 1.0000000000
15290  5.249  -64.470  -22.199 1.0000000000
14406  5.485  -65.612  -24.300 1.0000000000
17282  1.002  -62.715  -23.421 1.0000000000
21493  -4.395  -59.137  -21.749 1.0000000000
16240  5.599  -63.535  -20.431 1.0000000000
128347  5.172  -64.058  -21.638 1.0000000000
15314  4.002  -64.994  -24.001 1.0000000000
17297  1.332  -63.100  -24.269 1.0000000000
126395  5.418  -62.566  -19.416 1.0000000000
16242  4.073  -63.198  -20.977 1.0000000000
15304  3.149  -64.285  -23.896 1.0000000000
16288  1.592  -63.379  -25.203 1.0000000000
123699  -4.779  -59.475  -24.846 1.0000000000
20440  -4.534  -59.751  -23.441 1.0000000000
22481  -4.021  -57.238  -22.164 1.0000000000
14410  4.703  -65.395  -25.365 1.0000000000
15316  2.854  -64.225  -24.911 1.0000000000
113945  4.152  -65.297  -26.642 1.0000000000
15318  3.427  -64.670  -25.625 1.0000000000
133302  2.325  -64.407  -26.451 1.0000000000
19424  -4.835  -60.500  -25.121 1.0000000000
19438  -4.789  -60.309  -26.514 0.6000000238
19300  5.374  -59.981  -18.487 1.0000000000
19301  4.835  -60.230  -18.943 1.0000000000
19321  4.384  -60.960  -19.253 1.0000000000
14419  2.361  -65.103  -26.900 1.0000000000
20345  5.569  -58.990  -18.398 1.0000000000
14434  2.353  -66.030  -27.452 1.0000000000
131036  -4.684  -62.170  -26.717 0.8000000119
13570  1.954  -66.765  -28.002 1.0000000000
18408  -4.002  -61.705  -29.357 1.0000000000
19508  -0.554  -60.686  -30.697 1.0000000000
19509  -1.365  -60.627  -30.494 1.0000000000
20558  -1.705  -59.631  -31.723 0.8999999762
19536  -2.392  -59.880  -30.961 1.0000000000
20577  -3.363  -59.174  -32.850 0.8999999762
20587  -3.763  -58.934  -33.942 0.8999999762
21649  -4.021  -57.883  -35.655 0.6999999881
21648  -3.946  -58.490  -34.941 0.8999999762
22648  -3.618  -56.923  -36.351 0.6999999881
23629  -2.837  -55.774  -36.648 0.5000000000
10956  4.280  -69.253  -20.819 1.0000000000
10955  5.221  -69.334  -20.710 1.0000000000
11795  6.317  -68.071  -19.827 1.0000000000
11809  3.856  -68.794  -20.251 1.0000000000
12624  7.279  -67.212  -21.382 1.0000000000
124515  4.216  -68.623  -19.573 1.0000000000
14353  1.380  -65.622  -20.295 1.0000000000
15251  -1.325  -63.683  -20.059 1.0000000000
16231  -1.991  -62.964  -19.693 1.0000000000
13467  7.103  -66.642  -20.599 1.0000000000
13456  1.850  -66.423  -19.709 1.0000000000
16230  -0.825  -63.341  -19.322 1.0000000000
17214  -2.127  -61.929  -18.504 1.0000000000
14341  1.449  -65.602  -19.388 1.0000000000
130198  -4.195  -61.791  -16.513 0.8000000119
13483  7.184  -66.018  -21.531 1.0000000000
128233  1.669  -66.296  -18.846 1.0000000000
18298  -1.591  -61.069  -21.941 1.0000000000
20404  -4.258  -59.798  -20.853 1.0000000000
17267  0.679  -62.377  -22.739 1.0000000000
15303  4.427  -64.950  -23.300 1.0000000000
16255  4.643  -63.669  -21.364 1.0000000000
15277  3.723  -64.187  -22.460 1.0000000000
16274  1.894  -63.175  -23.302 1.0000000000
17252  3.273  -62.852  -21.306 1.0000000000
16284  2.230  -63.685  -24.305 1.0000000000
21503  -4.372  -58.029  -22.635 1.0000000000
18262  3.741  -61.518  -19.620 1.0000000000
14407  4.082  -65.063  -24.987 1.0000000000
16287  2.252  -63.796  -25.302 1.0000000000
23465  -4.212  -55.909  -24.766 0.8999999762
23461  -3.886  -56.106  -23.270 0.8999999762
15319  2.644  -64.163  -25.890 1.0000000000
14418  3.595  -64.995  -26.541 1.0000000000
21403  6.181  -57.820  -18.056 1.0000000000
20346  5.070  -59.529  -18.699 1.0000000000
119167  -4.546  -61.063  -27.051 0.8000000119
21404  5.860  -58.241  -18.311 1.0000000000
112106  -4.541  -61.445  -28.717 0.8000000119
22410  5.677  -57.428  -18.608 1.0000000000
17359  -4.458  -62.699  -28.088 0.8999999762
17381  -4.403  -61.947  -28.908 1.0000000000
19491  -4.062  -60.706  -29.767 1.0000000000
20559  -3.026  -59.422  -31.654 0.8999999762
19510  -3.203  -60.388  -30.370 1.0000000000
118969  -4.153  -58.774  -33.337 0.8999999762
21637  -4.355  -58.418  -34.026 0.8000000119
22635  -4.026  -57.408  -35.062 0.6999999881
23617  -3.592  -56.194  -35.418 0.6000000238
11796  5.558  -68.236  -19.407 1.0000000000
11807  5.678  -68.777  -20.100 1.0000000000
12606  6.650  -67.124  -19.770 1.0000000000
12607  5.812  -67.502  -19.094 1.0000000000
11786  4.141  -68.284  -18.867 1.0000000000
120827  1.110  -65.009  -18.979 1.0000000000
15240  0.118  -63.777  -18.910 1.0000000000
16218  -1.413  -62.618  -18.937 1.0000000000
129793  -3.601  -60.929  -17.520 1.0000000000
13454  6.235  -66.544  -19.162 1.0000000000
18215  -4.047  -60.864  -16.753 0.8999999762
16216  5.754  -64.161  -18.890 1.0000000000
14340  6.328  -65.530  -19.371 1.0000000000
19363  -2.188  -60.494  -21.431 1.0000000000
19365  -4.225  -60.581  -21.223 1.0000000000
21472  -4.186  -58.829  -20.798 1.0000000000
16256  3.702  -63.626  -21.752 1.0000000000
18297  0.358  -61.554  -21.548 1.0000000000
113423  -0.571  -61.326  -21.787 1.0000000000
21471  -3.967  -59.210  -20.263 1.0000000000
17229  5.651  -63.213  -19.189 1.0000000000
15276  4.440  -64.135  -22.000 1.0000000000
16265  3.138  -64.063  -22.977 1.0000000000
17265  2.170  -62.846  -22.348 1.0000000000
19364  -3.518  -60.561  -21.182 1.0000000000
21448  -3.171  -58.513  -19.880 1.0000000000
17213  5.540  -62.502  -18.689 1.0000000000
17254  1.669  -62.321  -21.786 1.0000000000
18238  5.460  -61.469  -17.931 1.0000000000
17231  4.140  -62.133  -20.005 1.0000000000
18276  3.194  -61.934  -20.111 1.0000000000
18263  2.738  -61.384  -19.585 1.0000000000
22491  -4.503  -57.807  -23.879 1.0000000000
22490  -4.255  -57.016  -23.532 1.0000000000
21391  6.087  -58.725  -17.996 1.0000000000
19302  3.684  -60.307  -18.985 1.0000000000
21405  5.202  -58.164  -18.652 1.0000000000
134172  -4.387  -60.682  -27.857 0.6000000238
22409  6.211  -56.964  -18.216 1.0000000000
23388  6.148  -56.204  -18.411 1.0000000000
120716  -4.332  -58.219  -33.264 0.8000000119
20560  -3.510  -59.111  -31.177 0.8999999762
118688  -4.433  -57.836  -34.114 0.8000000119
12608  4.974  -68.080  -18.821 1.0000000000
12595  2.355  -67.036  -17.686 1.0000000000
13445  5.667  -66.827  -18.599 1.0000000000
14334  1.367  -65.723  -18.528 1.0000000000
16217  -0.331  -63.022  -18.538 1.0000000000
16209  -0.866  -62.237  -18.177 1.0000000000
17206  -1.669  -61.513  -17.775 1.0000000000
17207  -3.012  -61.224  -18.042 1.0000000000
14332  5.846  -66.062  -18.588 1.0000000000
12594  3.081  -67.310  -17.581 1.0000000000
18228  -3.633  -60.473  -17.011 1.0000000000
19339  -1.677  -60.085  -20.962 1.0000000000
20402  -2.698  -59.940  -20.860 1.0000000000
16206  5.493  -63.590  -18.077 1.0000000000
22470  -4.040  -57.856  -20.986 1.0000000000
110828  5.420  -62.067  -18.149 1.0000000000
17253  2.482  -62.521  -21.562 1.0000000000
18311  0.852  -62.147  -22.020 1.0000000000
21449  -3.868  -58.286  -20.221 1.0000000000
19294  5.703  -60.062  -18.050 1.0000000000
17242  3.649  -62.521  -20.603 1.0000000000
22495  -4.446  -56.948  -24.575 1.0000000000
24417  -3.607  -55.275  -22.808 1.0000000000
20335  5.928  -59.436  -17.595 1.0000000000
20347  4.046  -59.514  -18.732 1.0000000000
22392  6.359  -57.212  -17.400 1.0000000000
119385  4.722  -58.839  -18.659 1.0000000000
14307  2.271  -65.632  -15.989 1.0000000000
12599  5.099  -67.366  -18.404 1.0000000000
13437  3.445  -66.878  -17.137 1.0000000000
13439  2.002  -66.490  -17.141 1.0000000000
122702  1.323  -65.833  -17.505 1.0000000000
14335  1.005  -65.283  -18.215 1.0000000000
15235  0.317  -63.677  -18.022 1.0000000000
18239  -2.618  -60.852  -17.346 1.0000000000
13446  5.176  -66.549  -18.004 1.0000000000
13436  4.305  -66.699  -17.452 1.0000000000
123346  3.899  -66.034  -16.878 1.0000000000
13438  2.732  -66.812  -17.045 1.0000000000
14333  5.504  -65.696  -18.060 1.0000000000
14325  4.853  -65.840  -17.518 1.0000000000
13424  3.110  -65.857  -16.246 1.0000000000
13447  1.712  -66.521  -18.009 1.0000000000
19338  -0.725  -60.074  -20.594 1.0000000000
20382  -1.864  -59.429  -20.377 1.0000000000
17169  -3.739  -61.031  -15.163 0.8000000119
116298  5.355  -64.847  -17.875 1.0000000000
124846  4.919  -63.397  -17.165 1.0000000000
15233  4.775  -64.308  -17.177 1.0000000000
19325  0.683  -59.875  -19.740 1.0000000000
19337  0.341  -60.355  -20.379 1.0000000000
20380  -0.026  -59.745  -20.067 1.0000000000
22469  -3.688  -57.367  -20.414 1.0000000000
17204  5.217  -62.130  -17.439 1.0000000000
18225  5.217  -61.561  -17.009 1.0000000000
17243  2.824  -62.191  -20.822 1.0000000000
18277  2.327  -61.678  -20.200 1.0000000000
18279  0.787  -61.084  -20.758 1.0000000000
19361  -0.107  -60.813  -21.111 1.0000000000
20381  -0.770  -59.299  -19.958 1.0000000000
21429  -1.756  -58.051  -19.228 1.0000000000
23423  -3.148  -56.765  -19.852 1.0000000000
18278  1.563  -61.386  -20.405 1.0000000000
18296  1.200  -61.745  -21.247 1.0000000000
20367  -0.602  -58.517  -19.386 1.0000000000
22431  -0.934  -57.598  -18.903 1.0000000000
22432  -1.907  -57.259  -18.686 1.0000000000
23440  -3.438  -56.442  -20.868 1.0000000000
129639  -3.287  -55.531  -21.583 1.0000000000
18224  5.531  -60.821  -17.531 1.0000000000
19287  5.656  -60.153  -17.033 1.0000000000
18264  1.962  -61.083  -19.700 1.0000000000
133288  -2.182  -56.688  -18.471 1.0000000000
22381  6.289  -56.968  -16.556 1.0000000000
131159  3.226  -59.187  -18.639 1.0000000000
19303  2.695  -60.392  -19.007 1.0000000000
21407  2.524  -58.836  -18.579 1.0000000000
115391  2.006  -58.094  -18.497 1.0000000000
24424  -3.969  -54.699  -24.437 0.8000000119
25387  -3.626  -54.205  -23.419 0.8999999762
24416  -3.343  -54.629  -22.323 0.8999999762
21384  6.228  -58.153  -17.330 1.0000000000
113397  4.121  -58.057  -18.653 1.0000000000
21406  3.608  -58.749  -18.600 1.0000000000
25308  5.858  -55.119  -17.251 1.0000000000
23353  6.358  -56.398  -16.982 1.0000000000
22411  4.700  -57.375  -18.887 1.0000000000
25321  6.014  -55.218  -18.018 1.0000000000
119574  5.856  -56.663  -18.705 1.0000000000
112418  5.228  -56.643  -19.047 1.0000000000
25322  5.493  -54.475  -17.922 1.0000000000
24363  5.933  -55.497  -18.549 1.0000000000
23389  5.698  -55.998  -19.005 1.0000000000
23409  4.954  -55.752  -19.324 1.0000000000
20507  -4.493  -59.690  -28.945 0.6000000238
26311  4.977  -53.644  -18.558 1.0000000000
25330  5.522  -54.669  -18.670 1.0000000000
23408  5.499  -55.198  -19.129 1.0000000000
15206  2.154  -64.942  -15.506 1.0000000000
15207  1.380  -65.138  -15.935 1.0000000000
15208  0.842  -64.372  -15.563 1.0000000000
16196  0.335  -63.869  -16.025 1.0000000000
15223  3.559  -64.366  -15.989 1.0000000000
14327  0.866  -65.181  -17.575 1.0000000000
16208  -0.022  -62.824  -17.681 1.0000000000
17205  -0.558  -61.982  -17.311 1.0000000000
17194  -0.371  -62.003  -16.141 1.0000000000
17195  -1.401  -61.063  -17.044 1.0000000000
18227  -2.549  -60.252  -16.739 1.0000000000
17184  -3.655  -60.038  -16.154 1.0000000000
20366  0.130  -59.279  -19.545 1.0000000000
18203  -3.527  -60.121  -15.079 0.8000000119
113958  -3.312  -61.481  -14.212 0.6999999881
114890  4.416  -63.088  -16.530 1.0000000000
22450  -3.242  -57.678  -19.733 1.0000000000
22433  -2.687  -57.132  -19.052 1.0000000000
19276  5.390  -60.184  -16.023 1.0000000000
19288  5.170  -60.919  -16.374 1.0000000000
19324  1.330  -59.931  -19.379 1.0000000000
24378  -2.225  -55.424  -18.318 1.0000000000
24392  -2.972  -55.662  -20.283 1.0000000000
115346  6.099  -58.865  -17.216 1.0000000000
21385  6.038  -58.503  -16.411 1.0000000000
20365  1.961  -59.989  -19.087 1.0000000000
131691  1.764  -60.527  -19.391 1.0000000000
22417  -1.187  -57.007  -18.290 1.0000000000
23395  -1.639  -56.628  -17.976 1.0000000000
25361  -2.444  -54.610  -20.213 1.0000000000
22412  3.529  -57.238  -18.746 1.0000000000
120179  0.654  -55.975  -18.100 1.0000000000
25332  0.464  -54.415  -17.350 1.0000000000
26344  -2.717  -53.682  -21.266 0.8999999762
24337  6.052  -55.700  -16.598 1.0000000000
115504  2.995  -58.050  -18.532 1.0000000000
25386  -3.219  -53.801  -22.292 0.8999999762
25309  5.200  -54.442  -17.052 1.0000000000
23390  4.289  -56.615  -19.074 1.0000000000
22413  2.414  -57.332  -18.527 1.0000000000
26301  4.163  -51.881  -17.822 1.0000000000
123629  4.576  -52.407  -18.450 1.0000000000
24375  5.201  -54.467  -19.150 1.0000000000
122086  5.646  -50.375  -18.820 1.0000000000
27307  4.677  -52.557  -19.038 1.0000000000
128680  5.042  -53.852  -18.959 1.0000000000
115604  2.771  -63.619  -15.156 1.0000000000
16181  1.728  -63.777  -14.806 1.0000000000
117493  1.449  -64.475  -15.306 1.0000000000
16183  0.452  -63.652  -15.330 1.0000000000
19278  3.958  -60.875  -14.899 1.0000000000
17181  3.437  -62.665  -15.289 1.0000000000
15205  2.910  -64.340  -15.502 1.0000000000
15224  2.995  -65.093  -15.828 1.0000000000
16184  0.078  -63.139  -15.762 1.0000000000
18213  -0.417  -61.528  -15.299 1.0000000000
19277  4.668  -60.502  -15.443 1.0000000000
17180  4.213  -62.066  -15.757 1.0000000000
16195  3.659  -63.519  -15.832 1.0000000000
18226  -1.298  -60.587  -16.338 1.0000000000
19271  -3.447  -59.248  -14.971 0.8999999762
18211  4.422  -61.296  -15.578 1.0000000000
17192  4.711  -62.278  -16.581 1.0000000000
18214  -2.293  -59.582  -16.291 1.0000000000
14326  3.887  -64.999  -16.456 1.0000000000
21428  0.537  -58.791  -19.145 1.0000000000
24379  -2.481  -56.200  -19.053 1.0000000000
17149  -2.734  -61.202  -13.409 0.6999999881
21409  0.918  -58.441  -18.718 1.0000000000
21410  0.101  -57.932  -18.959 1.0000000000
21378  5.498  -58.780  -15.538 1.0000000000
23343  6.104  -56.380  -16.123 1.0000000000
22382  6.209  -57.675  -16.501 1.0000000000
20349  1.930  -59.303  -18.755 1.0000000000
21408  1.586  -58.714  -18.644 1.0000000000
23394  -0.853  -56.538  -17.850 1.0000000000
24369  -1.391  -56.035  -17.332 1.0000000000
119208  -1.974  -56.084  -17.982 1.0000000000
26343  -2.202  -53.718  -19.988 1.0000000000
26383  -3.436  -52.596  -24.821 0.6000000238
128155  -3.512  -53.165  -23.570 0.8000000119
26289  3.906  -52.759  -16.973 1.0000000000
26373  -3.247  -52.099  -24.092 0.6999999881
131081  3.539  -56.612  -18.894 1.0000000000
23391  2.868  -56.601  -18.689 1.0000000000
115259  -2.334  -52.722  -19.532 0.8999999762
27291  4.649  -50.803  -18.660 1.0000000000
120520  4.366  -55.039  -19.358 1.0000000000
24376  5.116  -54.933  -19.395 1.0000000000
28403  7.032  -50.822  -18.787 1.0000000000
26325  4.819  -53.555  -19.183 1.0000000000
132012  6.321  -50.403  -18.849 1.0000000000
28405  4.997  -50.954  -19.550 1.0000000000
18212  3.708  -61.706  -15.087 1.0000000000
17164  2.948  -62.112  -14.588 1.0000000000
17182  2.484  -62.967  -14.700 1.0000000000
17183  0.044  -62.783  -15.105 1.0000000000
18202  -0.287  -61.228  -14.537 1.0000000000
21372  4.443  -58.495  -14.423 1.0000000000
17168  -0.011  -62.162  -14.587 1.0000000000
19279  -1.113  -59.993  -15.727 1.0000000000
19270  -1.961  -58.265  -15.585 0.8000000119
21379  4.860  -58.878  -14.897 1.0000000000
27224  3.017  -52.022  -11.692 0.8999999762
18190  -3.356  -60.361  -14.240 0.6999999881
22370  5.439  -57.233  -14.953 1.0000000000
20324  4.971  -59.600  -15.306 1.0000000000
22416  -0.343  -57.155  -18.438 1.0000000000
23344  5.756  -56.529  -15.418 1.0000000000
130827  5.202  -55.028  -15.844 0.8999999762
114925  5.809  -57.942  -15.615 1.0000000000
22415  0.643  -57.499  -18.481 1.0000000000
124278  -1.983  -55.459  -17.189 1.0000000000
25335  -2.278  -54.689  -17.573 1.0000000000
25360  -2.360  -54.636  -18.974 1.0000000000
124821  1.285  -58.087  -18.549 1.0000000000
26330  -2.455  -53.852  -18.298 1.0000000000
24365  2.508  -55.869  -18.696 1.0000000000
24366  1.577  -55.750  -18.436 1.0000000000
28394  4.273  -50.539  -17.572 1.0000000000
24377  3.189  -55.126  -19.119 1.0000000000
25344  1.467  -54.230  -18.642 1.0000000000
28393  5.264  -49.805  -17.959 1.0000000000
25343  2.732  -54.310  -19.205 1.0000000000
28392  6.401  -50.311  -18.235 1.0000000000
25341  4.784  -54.255  -19.395 1.0000000000
27324  4.542  -52.434  -19.431 1.0000000000
27306  7.838  -51.561  -18.858 1.0000000000
28404  6.300  -50.819  -19.394 1.0000000000
21360  3.403  -58.440  -13.407 1.0000000000
127881  2.983  -60.022  -13.645 1.0000000000
20316  3.642  -59.621  -14.163 1.0000000000
18198  3.238  -61.260  -14.432 1.0000000000
17165  2.050  -62.415  -14.218 1.0000000000
18200  1.360  -61.896  -13.793 1.0000000000
17167  0.459  -62.786  -14.482 1.0000000000
19266  4.170  -60.050  -14.748 1.0000000000
16166  1.001  -63.365  -14.532 1.0000000000
118532  4.728  -56.100  -14.313 0.8999999762
121091  2.557  -52.669  -11.730 0.8999999762
25238  1.575  -53.431  -11.795 0.8999999762
130158  -1.345  -59.085  -15.537 1.0000000000
117704  -3.175  -58.337  -14.860 0.8000000119
24313  4.851  -55.538  -14.776 0.8999999762
22371  4.669  -57.684  -14.357 0.8999999762
27223  4.187  -51.845  -11.187 0.8999999762
17140  -2.338  -61.707  -12.854 0.6999999881
25282  4.789  -54.949  -15.334 0.8999999762
27222  5.332  -51.867  -11.010 0.8999999762
26212  3.740  -52.858  -11.326 0.8999999762
23393  0.116  -56.596  -18.131 1.0000000000
24368  -0.412  -55.918  -17.425 1.0000000000
18171  -2.371  -60.713  -12.771 0.6999999881
26276  3.822  -53.458  -15.997 0.8999999762
122854  0.944  -56.812  -18.312 1.0000000000
133284  -1.825  -53.983  -16.039 1.0000000000
26315  -2.399  -53.926  -16.766 1.0000000000
27280  3.404  -51.225  -16.243 0.8999999762
119402  -2.461  -53.293  -15.984 1.0000000000
112292  -2.652  -53.067  -17.256 0.8999999762
25342  3.897  -54.267  -19.460 1.0000000000
27308  0.656  -53.032  -17.885 1.0000000000
27309  -0.294  -52.686  -16.343 1.0000000000
27310  -1.832  -52.553  -15.713 1.0000000000
27279  3.578  -51.562  -16.837 0.8999999762
25331  2.059  -55.094  -18.756 1.0000000000
26312  0.723  -53.723  -18.037 1.0000000000
27366  -2.589  -51.564  -21.315 0.8999999762
131006  -2.289  -51.631  -19.948 0.8999999762
26328  2.340  -53.512  -19.248 1.0000000000
26329  1.383  -53.316  -18.763 1.0000000000
26326  4.408  -53.332  -19.573 1.0000000000
28413  7.345  -51.177  -19.485 1.0000000000
27323  7.914  -51.917  -19.667 1.0000000000
113218  6.726  -51.199  -20.209 1.0000000000
21359  4.024  -58.077  -13.885 0.8999999762
22363  3.599  -57.638  -13.317 0.8999999762
22347  3.179  -57.095  -12.701 0.8999999762
21361  2.677  -58.754  -12.922 0.8999999762
18186  1.767  -61.089  -13.590 1.0000000000
18201  0.355  -61.946  -14.013 1.0000000000
24314  4.278  -55.513  -14.130 0.8999999762
23326  4.214  -56.316  -13.778 0.8999999762
132145  2.104  -53.224  -12.229 0.8999999762
20287  1.671  -58.945  -12.645 0.8999999762
19258  1.147  -60.493  -13.270 1.0000000000
18188  -0.012  -60.911  -13.903 1.0000000000
25256  1.131  -54.051  -12.135 0.8999999762
19269  -0.966  -58.791  -15.111 0.8999999762
20318  -1.630  -57.860  -15.157 0.8999999762
26263  3.277  -54.025  -14.530 0.8999999762
27230  3.623  -51.251  -11.615 0.8999999762
25237  2.299  -53.473  -11.504 0.8999999762
19260  -0.283  -59.779  -13.919 1.0000000000
19261  -3.025  -59.247  -13.398 0.8000000119
25239  1.081  -53.553  -12.001 0.8000000119
25296  3.951  -54.247  -15.288 0.8999999762
28319  7.347  -50.969  -11.149 0.8999999762
27217  6.319  -52.292  -11.029 0.8000000119
26211  4.908  -52.955  -11.160 0.8000000119
26203  4.557  -53.718  -10.787 0.6999999881
26277  3.057  -52.706  -15.483 0.8999999762
25333  -0.672  -54.364  -16.414 1.0000000000
24367  0.047  -55.173  -17.186 1.0000000000
26313  0.104  -53.649  -16.670 1.0000000000
27330  -2.676  -52.099  -17.978 0.8999999762
110436  4.669  -49.898  -17.126 0.8999999762
27328  1.301  -52.520  -18.781 1.0000000000
27311  -2.650  -52.379  -16.421 0.8999999762
27278  6.878  -50.950  -16.607 0.8999999762
117710  6.214  -49.938  -17.344 0.8999999762
133977  2.037  -52.842  -19.259 1.0000000000
28419  -2.247  -50.970  -19.161 0.8999999762
26310  8.101  -52.463  -18.274 1.0000000000
126537  6.967  -50.850  -17.410 0.8999999762
26327  3.426  -53.502  -19.548 1.0000000000
27327  2.913  -52.793  -19.637 1.0000000000
27325  4.397  -52.440  -19.796 1.0000000000
27326  3.925  -52.703  -19.838 1.0000000000
28414  5.657  -51.143  -20.264 1.0000000000
118221  4.608  -51.547  -20.029 1.0000000000
27347  4.315  -51.838  -20.149 1.0000000000
27322  8.213  -52.851  -20.077 1.0000000000
28431  7.482  -51.658  -20.333 1.0000000000
24301  3.911  -55.591  -13.566 0.8999999762
21346  1.930  -58.061  -12.483 0.8999999762
26244  3.168  -53.726  -13.410 0.8999999762
24286  3.630  -55.049  -12.977 0.8999999762
111212  2.839  -54.007  -12.578 0.8999999762
130009  2.164  -54.377  -12.328 0.8999999762
20288  0.779  -59.039  -12.764 0.8999999762
20308  0.427  -59.707  -13.222 1.0000000000
20289  0.181  -58.871  -13.196 0.8999999762
21348  0.255  -58.335  -12.998 0.8999999762
20309  -0.298  -58.860  -13.790 0.8999999762
26264  2.449  -52.833  -14.531 0.8999999762
28321  4.860  -51.030  -11.142 0.8999999762
23313  0.392  -55.449  -12.912 0.8999999762
21364  -2.659  -57.426  -14.950 0.8000000119
20291  -3.127  -58.147  -14.034 0.6999999881
20290  -2.857  -58.555  -13.093 0.6999999881
128581  6.889  -51.535  -11.068 0.8000000119
21362  -1.150  -57.720  -14.651 0.8999999762
19244  -2.238  -59.826  -12.349 0.6999999881
28377  3.763  -50.086  -15.469 0.8999999762
27254  2.467  -51.873  -15.102 0.8999999762
127449  5.351  -49.735  -15.459 0.8999999762
28378  3.226  -51.059  -15.648 0.8999999762
28318  8.181  -51.238  -11.454 0.8999999762
27216  7.136  -52.723  -10.769 0.8000000119
26201  6.397  -53.328  -10.301 0.6999999881
29372  5.707  -49.766  -16.055 0.8999999762
28384  6.296  -49.960  -16.355 0.8999999762
27277  7.471  -51.914  -16.949 0.8999999762
28385  5.489  -49.713  -16.915 0.8999999762
28417  1.124  -51.575  -18.548 1.0000000000
27329  0.645  -52.338  -17.843 1.0000000000
28407  -1.225  -51.767  -15.863 1.0000000000
27292  -2.338  -51.638  -15.913 0.8999999762
28418  0.181  -51.714  -16.807 1.0000000000
120129  4.954  -51.340  -20.375 1.0000000000
117215  2.170  -52.038  -19.529 1.0000000000
26324  8.395  -53.554  -19.280 1.0000000000
123917  8.330  -53.301  -18.564 1.0000000000
27305  8.153  -52.519  -19.094 1.0000000000
125155  7.020  -51.420  -21.079 1.0000000000
28432  6.173  -51.202  -20.846 1.0000000000
28430  7.823  -51.968  -21.131 1.0000000000
27345  8.317  -52.600  -20.896 1.0000000000
27242  2.202  -51.704  -14.118 0.8999999762
28339  3.182  -50.804  -12.366 0.8999999762
23311  2.667  -56.309  -12.480 0.8999999762
24288  1.985  -55.246  -12.348 0.8999999762
24289  0.879  -54.932  -12.387 0.8999999762
120643  -0.255  -57.029  -13.562 0.8999999762
28356  3.057  -50.632  -13.544 0.8999999762
21363  -2.007  -57.212  -14.824 0.8000000119
28368  4.049  -49.755  -14.310 0.8999999762
21351  -2.483  -57.046  -14.148 0.6999999881
28367  5.358  -49.725  -14.620 0.8999999762
28435  3.718  -51.238  -20.248 1.0000000000
28415  3.365  -52.035  -20.003 1.0000000000
28395  -1.757  -50.900  -15.725 0.8999999762
28408  -2.643  -51.438  -16.967 0.8999999762
25329  8.893  -54.440  -18.376 1.0000000000
26309  8.469  -53.685  -17.784 0.8999999762
117930  -2.195  -50.025  -20.559 0.6999999881
119257  -2.439  -50.525  -17.609 0.8999999762
25356  8.963  -54.474  -20.234 1.0000000000
26342  8.603  -53.797  -20.172 1.0000000000
26355  8.691  -53.234  -20.836 1.0000000000
26354  9.086  -53.941  -20.812 1.0000000000
25220  3.154  -54.443  -10.601 0.6999999881
22350  -0.321  -55.835  -13.540 0.8999999762
28354  5.324  -49.804  -13.536 0.8999999762
130464  5.286  -49.968  -12.593 0.8999999762
28336  6.915  -50.664  -11.835 0.8999999762
28366  6.302  -49.993  -14.039 0.8999999762
28335  7.942  -50.835  -11.719 0.8999999762
28317  8.634  -51.734  -11.554 0.6999999881
28304  8.421  -52.337  -11.077 0.8000000119
24271  0.582  -53.686  -12.143 0.8000000119
24272  -0.306  -53.773  -12.581 0.8000000119
116492  -1.260  -55.559  -14.066 0.8000000119
111558  -2.109  -55.563  -13.935 0.8000000119
27253  6.757  -50.732  -14.567 0.8999999762
28376  6.258  -49.889  -15.278 0.8999999762
26226  9.984  -52.095  -13.059 0.6999999881
27228  9.201  -51.718  -12.312 0.6999999881
27211  7.518  -53.501  -9.580 0.6000000238
26202  5.452  -53.506  -10.491 0.6999999881
25219  4.184  -54.400  -10.106 0.6999999881
25222  1.410  -53.930  -11.350 0.6999999881
111950  0.339  -53.824  -11.593 0.6999999881
114853  0.289  -54.504  -10.621 0.6000000238
22327  -2.484  -55.337  -13.019 0.6999999881
20264  -2.323  -58.886  -11.955 0.6999999881
27266  6.725  -50.801  -15.659 0.8999999762
25267  10.397  -53.497  -13.735 0.5000000000
27227  9.299  -52.174  -11.887 0.6999999881
26191  5.937  -53.878  -9.768 0.6000000238
25218  5.232  -54.225  -9.693 0.6000000238
24250  2.874  -54.886  -10.141 0.6999999881
24251  2.139  -54.804  -10.287 0.6000000238
130193  -2.412  -55.564  -12.032 0.6000000238
27265  7.293  -52.315  -15.933 0.8999999762
26225  9.727  -52.255  -12.477 0.6000000238
27221  9.341  -52.911  -11.047 0.6999999881
27213  9.049  -52.823  -10.744 0.6999999881
27210  8.416  -53.284  -9.500 0.6000000238
25210  3.667  -54.934  -9.298 0.6000000238
24252  -0.585  -54.230  -11.445 0.6999999881
115081  -2.475  -56.351  -12.153 0.6999999881
26298  8.901  -53.822  -16.866 0.8999999762
30518  2.747  -49.636  -19.863 1.0000000000
29423  1.403  -50.606  -18.734 1.0000000000
29424  0.599  -50.814  -17.547 1.0000000000
28406  -0.573  -50.928  -16.219 0.8999999762
26287  7.961  -53.226  -16.383 0.8999999762
29443  3.123  -50.445  -20.173 1.0000000000
28436  2.763  -51.227  -19.923 1.0000000000
28416  1.900  -51.139  -19.385 1.0000000000
29395  -1.936  -50.123  -15.749 0.8999999762
25320  9.793  -54.403  -17.376 0.8999999762
29440  5.823  -50.917  -21.214 1.0000000000
28434  4.572  -51.052  -20.533 1.0000000000
29409  0.991  -49.919  -17.750 1.0000000000
29410  0.028  -50.018  -16.155 0.8999999762
29394  -1.103  -50.170  -15.355 0.8999999762
25340  8.814  -54.538  -19.459 1.0000000000
28433  5.382  -51.158  -20.720 1.0000000000
130213  3.840  -50.533  -20.500 1.0000000000
126628  7.596  -51.433  -21.631 1.0000000000
29441  5.081  -50.656  -21.043 1.0000000000
30519  -2.004  -49.152  -20.514 0.6999999881
30507  -1.823  -48.281  -19.234 0.8000000119
29444  -2.072  -50.125  -19.329 0.8000000119
25355  9.460  -54.639  -20.676 1.0000000000
123604  8.451  -52.224  -21.400 1.0000000000
29439  6.471  -51.082  -21.331 1.0000000000
25373  9.774  -54.024  -21.225 1.0000000000
122952  9.400  -53.302  -21.287 1.0000000000
28450  8.267  -51.666  -21.783 1.0000000000
29457  12.469  -50.663  -22.385 1.0000000000
27252  7.392  -51.932  -14.098 0.8999999762
28353  6.400  -50.071  -12.801 0.8999999762
26262  8.478  -52.854  -14.407 0.8999999762
27240  8.057  -51.228  -12.750 0.8999999762
23298  -2.061  -54.528  -12.553 0.6999999881
26274  9.939  -53.205  -15.301 0.8999999762
26241  10.364  -52.721  -13.820 0.8000000119
27239  9.143  -51.763  -12.743 0.8999999762
24234  1.896  -55.212  -9.156 0.6000000238
114661  7.243  -52.258  -14.958 0.8999999762
25209  4.710  -54.746  -8.862 0.6000000238
25307  10.640  -53.917  -16.631 0.8999999762
26286  9.197  -53.603  -16.117 0.8999999762
114291  9.765  -53.227  -11.912 0.5000000000
26190  6.682  -53.971  -9.092 0.6000000238
30506  2.207  -49.238  -19.101 1.0000000000
25319  10.431  -55.035  -17.763 0.8999999762
29442  4.299  -50.202  -20.829 1.0000000000
25328  9.543  -55.303  -18.816 0.8999999762
29464  4.811  -49.839  -21.309 1.0000000000
30517  3.467  -49.611  -20.408 1.0000000000
121624  1.629  -49.819  -18.746 1.0000000000
30498  0.402  -48.891  -16.646 0.8999999762
30487  -0.791  -49.310  -15.787 0.8999999762
132348  9.681  -55.532  -19.363 0.8999999762
30516  4.112  -49.314  -20.929 1.0000000000
29411  -2.325  -49.891  -16.744 0.8999999762
124862  9.191  -51.927  -21.813 1.0000000000
29463  5.574  -50.186  -21.558 1.0000000000
29425  -2.073  -49.538  -18.472 0.8000000119
25354  10.020  -54.691  -21.118 1.0000000000
26353  10.236  -53.295  -21.511 1.0000000000
27361  9.783  -52.602  -21.614 1.0000000000
29462  6.301  -50.517  -21.751 1.0000000000
25372  10.634  -54.122  -21.485 1.0000000000
27360  10.693  -52.532  -21.781 1.0000000000
29461  7.950  -51.025  -22.231 1.0000000000
27241  7.210  -50.716  -13.385 0.8999999762
26243  8.200  -51.953  -13.490 0.8999999762
26261  10.335  -52.987  -14.490 0.8999999762
26242  9.771  -52.356  -13.553 0.8999999762
24336  11.301  -54.632  -16.889 0.8999999762
25208  5.618  -54.678  -8.382 0.6000000238
25306  11.122  -54.564  -16.963 0.8999999762
24312  10.781  -54.572  -14.998 0.5000000000
23272  0.850  -55.150  -9.695 0.6000000238
23274  -0.927  -55.520  -10.708 0.6000000238
24350  10.929  -55.247  -17.379 0.8999999762
111190  10.840  -53.816  -14.675 0.6999999881
23255  0.635  -56.048  -9.064 0.6000000238
115174  10.544  -55.624  -18.061 0.8999999762
132099  10.517  -56.093  -19.484 0.8999999762
24374  9.959  -55.706  -19.757 0.8999999762
24361  10.262  -55.847  -18.953 0.8999999762
31406  3.612  -48.580  -20.356 1.0000000000
30488  -1.435  -48.788  -15.936 0.8999999762
24385  10.735  -55.783  -20.740 0.8999999762
29480  6.792  -50.049  -22.341 1.0000000000
30537  6.061  -49.746  -22.135 1.0000000000
30538  5.292  -49.295  -21.850 1.0000000000
30539  4.602  -49.107  -21.378 1.0000000000
131540  3.333  -48.190  -19.750 1.0000000000
31407  3.101  -47.782  -19.071 0.8999999762
24404  10.563  -55.112  -21.239 1.0000000000
24403  11.198  -55.650  -21.418 1.0000000000
128823  11.574  -51.702  -22.172 1.0000000000
29479  7.619  -50.253  -22.525 1.0000000000
30557  5.930  -49.052  -22.342 1.0000000000
130852  3.958  -48.122  -20.505 0.8999999762
116898  3.644  -47.721  -19.857 0.8999999762
31401  1.506  -48.945  -17.963 0.8999999762
30499  -2.130  -48.850  -17.291 0.8999999762
25371  11.269  -54.751  -21.707 1.0000000000
27359  11.569  -52.378  -21.980 1.0000000000
29460  8.872  -51.123  -22.239 1.0000000000
30556  6.568  -49.241  -22.533 1.0000000000
29478  8.556  -50.329  -22.565 1.0000000000
122610  11.106  -53.149  -21.710 1.0000000000
28449  10.272  -51.900  -21.975 1.0000000000
28463  13.854  -51.741  -22.439 1.0000000000
111755  11.132  -53.726  -15.539 0.8000000119
25281  10.780  -53.395  -15.205 0.8999999762
25280  10.699  -53.311  -14.690 0.8999999762
23387  10.660  -55.907  -18.234 0.8000000119
22375  9.922  -56.461  -15.721 0.5000000000
24360  10.669  -56.345  -19.014 0.8999999762
24373  10.876  -56.407  -19.632 0.8999999762
31408  2.928  -48.720  -19.640 1.0000000000
31400  2.389  -48.142  -18.396 0.8999999762
23418  11.406  -56.425  -20.757 0.8999999762
129013  10.964  -56.267  -20.226 0.8999999762
31428  4.170  -48.529  -20.991 1.0000000000
31392  1.356  -48.141  -17.442 0.8999999762
32282  2.843  -47.380  -18.499 0.8999999762
32270  -1.119  -47.219  -16.679 0.8999999762
24402  11.774  -55.387  -22.072 1.0000000000
132086  11.023  -50.433  -22.392 1.0000000000
31427  4.751  -48.464  -21.607 1.0000000000
32275  2.061  -47.466  -18.011 0.8999999762
25370  12.046  -54.391  -22.094 1.0000000000
117391  11.902  -51.162  -22.317 1.0000000000
31442  5.483  -48.477  -22.205 1.0000000000
117625  12.847  -53.951  -22.377 1.0000000000
27377  13.060  -52.152  -22.319 1.0000000000
29476  10.443  -50.415  -22.419 1.0000000000
29459  9.884  -51.176  -22.250 1.0000000000
30554  8.213  -49.504  -22.862 1.0000000000
30555  7.323  -49.419  -22.728 1.0000000000
26371  13.001  -52.994  -22.291 1.0000000000
27358  12.333  -52.594  -22.121 1.0000000000
29477  9.530  -50.362  -22.490 1.0000000000
119005  11.110  -55.305  -17.203 0.8000000119
23352  10.719  -55.484  -16.353 0.6999999881
24326  11.323  -54.474  -16.054 0.6999999881
111250  10.696  -56.629  -18.619 0.6999999881
129381  10.140  -56.453  -16.629 0.6000000238
23386  11.032  -56.911  -19.184 0.6999999881
23366  10.763  -55.829  -17.626 0.8000000119
22391  10.172  -56.865  -17.236 0.6000000238
22465  12.668  -57.501  -21.483 0.6000000238
22430  11.324  -57.433  -19.612 0.6000000238
23417  12.107  -56.965  -21.048 0.6999999881
23435  12.348  -56.734  -21.990 0.8000000119
118889  4.272  -47.603  -20.889 1.0000000000
24412  12.259  -56.011  -22.398 0.8999999762
23436  11.753  -56.247  -21.727 0.8999999762
31441  6.325  -48.389  -22.603 1.0000000000
32305  4.997  -47.710  -21.942 1.0000000000
31393  -0.020  -47.610  -16.885 0.8999999762
24411  12.861  -55.847  -22.748 1.0000000000
129500  11.658  -50.330  -22.391 1.0000000000
30536  11.023  -49.814  -22.424 1.0000000000
32321  5.727  -47.821  -22.395 1.0000000000
30552  10.194  -49.483  -22.543 1.0000000000
31440  7.029  -48.737  -22.820 1.0000000000
28447  12.275  -51.790  -22.242 1.0000000000
31438  8.785  -48.649  -22.920 1.0000000000
122360  13.826  -52.622  -22.464 1.0000000000
130913  12.426  -51.227  -22.356 1.0000000000
30553  9.170  -49.523  -22.709 1.0000000000
21466  12.303  -58.226  -21.168 0.5000000000
114325  11.547  -57.858  -20.113 0.6000000238
22407  10.984  -57.840  -18.927 0.4000000060
21440  12.001  -57.670  -20.760 0.6000000238
22477  13.369  -57.609  -22.050 0.6999999881
34108  5.258  -44.934  -21.201 0.8999999762
121262  4.499  -44.881  -20.503 0.8999999762
23445  13.356  -56.927  -22.743 0.6999999881
23444  13.971  -56.668  -23.271 0.6999999881
23446  12.799  -56.482  -22.573 0.6999999881
131750  5.213  -45.650  -21.362 1.0000000000
34109  4.693  -45.442  -20.773 0.8999999762
123814  4.372  -46.554  -20.556 0.8999999762
32289  3.941  -46.885  -19.725 0.8999999762
32281  3.333  -47.126  -19.039 0.8999999762
32276  0.745  -46.998  -17.678 0.8999999762
23457  14.631  -56.305  -23.471 0.6999999881
127103  13.353  -56.214  -23.042 0.8999999762
123459  6.899  -47.014  -22.894 1.0000000000
33237  6.252  -46.423  -22.441 1.0000000000
33238  5.526  -47.069  -22.251 1.0000000000
32306  4.808  -46.864  -21.536 1.0000000000
25393  14.270  -54.823  -23.108 1.0000000000
116284  13.443  -55.362  -22.930 1.0000000000
117506  12.475  -49.794  -22.376 1.0000000000
31426  11.030  -48.967  -22.425 1.0000000000
32320  7.177  -47.898  -23.007 1.0000000000
25383  13.537  -54.390  -22.698 1.0000000000
31439  7.789  -48.694  -23.038 1.0000000000
123923  6.331  -47.425  -22.652 1.0000000000
126117  9.638  -48.735  -22.680 1.0000000000
129934  9.049  -47.828  -22.926 1.0000000000
32319  8.172  -47.881  -23.143 1.0000000000
28446  13.053  -51.244  -22.387 1.0000000000
28462  14.544  -52.165  -22.555 1.0000000000
29475  13.961  -50.887  -22.431 1.0000000000
21488  13.853  -58.653  -22.330 0.4000000060
131231  14.319  -58.148  -22.359 0.6000000238
123928  13.868  -58.013  -22.013 0.6000000238
22476  14.055  -57.518  -22.769 0.6000000238
34924  5.575  -44.096  -21.159 0.8999999762
34911  4.684  -44.327  -20.650 0.8999999762
23456  15.453  -56.480  -23.584 0.6999999881
122427  15.433  -57.305  -23.480 0.6999999881
34097  3.938  -45.279  -19.915 0.8999999762
132879  16.298  -56.396  -23.639 0.6999999881
113007  6.325  -44.637  -21.762 1.0000000000
33215  4.028  -46.038  -19.689 0.8999999762
33206  3.398  -46.242  -19.094 0.8999999762
119027  16.071  -55.675  -23.567 0.6999999881
33225  5.405  -46.259  -21.800 1.0000000000
33226  4.797  -46.097  -21.098 0.8999999762
122601  2.968  -46.808  -18.753 0.8999999762
116231  15.943  -54.807  -23.432 0.8000000119
30535  11.788  -49.279  -22.371 1.0000000000
123887  1.446  -46.536  -18.155 0.8999999762
25382  14.370  -53.708  -22.788 1.0000000000
31425  11.599  -48.544  -22.380 1.0000000000
32318  9.848  -47.928  -22.670 1.0000000000
133239  9.343  -48.294  -22.777 1.0000000000
26369  15.294  -53.249  -22.956 1.0000000000
29456  13.305  -50.208  -22.399 1.0000000000
31437  10.413  -48.522  -22.536 1.0000000000
122272  7.660  -47.071  -23.130 1.0000000000
126213  15.081  -52.517  -22.719 1.0000000000
120771  15.566  -51.008  -22.569 1.0000000000
30551  14.127  -50.161  -22.425 1.0000000000
21498  16.682  -58.428  -23.308 0.4000000060
117964  16.091  -57.113  -23.626 0.5000000000
23455  16.896  -56.849  -23.690 0.6999999881
121279  17.005  -55.892  -23.622 0.6999999881
34125  6.720  -45.496  -22.364 1.0000000000
30534  12.513  -49.062  -22.317 1.0000000000
31424  12.212  -48.506  -22.318 1.0000000000
121043  9.506  -47.080  -22.866 1.0000000000
33236  7.165  -46.281  -22.811 1.0000000000
27375  15.758  -52.481  -22.841 1.0000000000
119726  10.573  -47.841  -22.538 1.0000000000
120793  8.566  -47.040  -23.110 1.0000000000
121796  13.136  -49.264  -22.317 1.0000000000
28460  16.127  -51.748  -22.723 1.0000000000
31436  11.100  -48.181  -22.451 1.0000000000
21497  17.326  -58.192  -23.411 0.4000000060
22483  19.308  -57.059  -23.319 0.5000000000
36491  4.817  -42.775  -20.517 0.8000000119
34910  4.844  -43.613  -20.665 0.8999999762
23454  17.776  -56.592  -23.661 0.6000000238
111674  6.390  -43.822  -21.464 1.0000000000
23453  18.780  -56.290  -23.572 0.6000000238
134036  17.902  -55.788  -23.640 0.6999999881
35689  6.925  -43.209  -21.522 1.0000000000
123825  17.465  -54.970  -23.472 0.8000000119
115657  7.876  -44.079  -22.439 1.0000000000
34935  7.279  -44.709  -22.336 1.0000000000
26367  17.096  -53.202  -23.149 0.8999999762
26379  17.378  -54.018  -23.319 0.8000000119
31423  12.918  -48.533  -22.266 1.0000000000
35701  8.250  -43.762  -22.765 1.0000000000
111322  8.085  -44.819  -22.729 1.0000000000
34124  7.580  -45.477  -22.733 1.0000000000
26368  16.222  -53.143  -23.096 1.0000000000
32304  11.796  -47.814  -22.374 1.0000000000
33235  8.039  -46.232  -23.123 1.0000000000
27374  16.614  -52.458  -22.909 1.0000000000
31422  13.680  -48.646  -22.291 1.0000000000
120794  16.567  -50.940  -22.606 1.0000000000
30533  13.922  -49.446  -22.361 1.0000000000
32316  11.075  -47.423  -22.505 1.0000000000
32317  10.340  -47.194  -22.639 1.0000000000
29474  14.758  -50.536  -22.476 1.0000000000
132998  15.262  -49.245  -22.402 1.0000000000
30550  14.700  -49.696  -22.420 1.0000000000
29473  15.540  -50.028  -22.493 1.0000000000
22474  18.906  -57.969  -23.166 0.4000000060
116584  19.887  -56.751  -23.088 0.5000000000
36510  5.786  -42.196  -20.849 0.8000000119
25389  20.592  -55.060  -23.190 0.6000000238
35690  5.885  -43.200  -21.054 0.8999999762
26378  18.869  -53.995  -23.351 0.6999999881
34139  9.091  -45.076  -23.033 1.0000000000
27373  17.573  -52.509  -22.929 0.8000000119
32303  12.581  -47.883  -22.299 1.0000000000
34122  9.692  -45.691  -22.976 1.0000000000
34123  8.865  -45.198  -22.939 1.0000000000
28459  17.041  -51.769  -22.725 1.0000000000
33234  10.026  -46.412  -22.791 1.0000000000
115431  9.051  -46.124  -22.990 1.0000000000
131246  17.423  -51.178  -22.617 0.8999999762
31435  14.596  -48.780  -22.330 1.0000000000
29471  17.350  -50.413  -22.540 1.0000000000
29472  16.489  -49.981  -22.516 1.0000000000
31434  15.497  -48.581  -22.388 1.0000000000
117197  19.917  -57.375  -22.067 0.4000000060
132616  20.850  -55.805  -21.744 0.5000000000
24401  21.145  -55.412  -22.216 0.5000000000
36509  6.720  -42.511  -21.217 0.8999999762
26376  20.573  -54.406  -23.223 0.6999999881
24409  20.708  -55.490  -22.878 0.6000000238
24419  20.215  -55.609  -23.310 0.6000000238
35688  7.780  -43.202  -22.102 1.0000000000
37401  5.686  -41.037  -20.817 0.8000000119
26377  19.727  -54.152  -23.386 0.6999999881
34949  8.829  -44.490  -23.338 1.0000000000
34934  8.456  -44.514  -22.905 1.0000000000
26365  19.228  -53.363  -23.192 0.6999999881
32315  12.911  -47.309  -22.439 1.0000000000
33232  12.236  -46.768  -22.645 1.0000000000
125216  11.473  -46.553  -22.722 1.0000000000
27372  18.658  -52.492  -22.908 0.6999999881
124609  18.682  -51.687  -22.681 0.8000000119
32314  13.775  -47.384  -22.473 1.0000000000
122492  18.224  -50.957  -22.567 0.8000000119
32302  13.340  -47.945  -22.281 1.0000000000
120598  11.630  -47.028  -22.491 1.0000000000
33233  10.876  -46.636  -22.656 1.0000000000
125310  14.464  -46.829  -22.749 1.0000000000
30547  17.294  -49.570  -22.484 1.0000000000
129725  21.116  -55.382  -21.334 0.4000000060
129889  21.175  -53.970  -22.915 0.6999999881
25369  21.602  -54.838  -21.786 0.5000000000
37400  6.677  -41.690  -21.125 0.8000000119
26364  21.335  -53.211  -22.760 0.6999999881
27370  20.514  -52.398  -22.806 0.6999999881
117606  20.351  -53.458  -23.144 0.6999999881
33231  13.312  -46.711  -22.817 1.0000000000
34137  11.154  -45.736  -23.360 1.0000000000
36508  7.372  -42.632  -21.660 1.0000000000
28455  21.047  -51.664  -22.519 0.6999999881
28457  19.160  -51.210  -22.572 0.6999999881
29470  18.883  -50.500  -22.463 0.6999999881
123654  14.510  -47.527  -22.453 1.0000000000
32312  15.794  -47.862  -22.427 1.0000000000
31433  16.438  -48.482  -22.430 1.0000000000
25353  21.351  -54.817  -20.800 0.4000000060
25337  21.496  -54.098  -20.173 0.5000000000
130637  21.855  -53.993  -22.226 0.6000000238
37391  4.512  -40.726  -20.327 0.6999999881
27369  21.586  -52.428  -22.507 0.6999999881
37399  7.261  -41.094  -21.646 0.8000000119
132719  6.753  -40.748  -21.104 0.8000000119
38355  6.360  -40.113  -20.427 0.6999999881
122802  9.678  -45.287  -23.327 1.0000000000
108638  7.545  -39.297  -19.367 0.6999999881
29469  19.691  -50.641  -22.433 0.6999999881
114250  18.181  -49.904  -22.465 0.6999999881
30546  18.543  -49.086  -22.355 0.6999999881
132120  17.852  -49.157  -22.426 0.8999999762
116708  17.253  -48.816  -22.436 1.0000000000
32311  16.649  -47.642  -22.430 0.8999999762
122838  15.220  -47.324  -22.529 1.0000000000
33230  15.479  -46.579  -22.774 1.0000000000
31432  17.281  -48.096  -22.387 1.0000000000
122341  16.063  -47.115  -22.540 1.0000000000
26323  21.200  -53.521  -19.480 0.4000000060
27320  21.684  -52.908  -19.300 0.4000000060
27344  23.059  -52.374  -20.370 0.6000000238
26341  22.190  -53.673  -20.585 0.6000000238
34948  10.505  -45.293  -23.792 1.0000000000
36526  7.799  -42.248  -22.052 1.0000000000
38347  4.967  -40.017  -20.478 0.6999999881
28444  22.667  -51.820  -21.628 0.6999999881
34136  11.974  -45.703  -23.641 1.0000000000
36525  8.086  -42.979  -22.705 1.0000000000
38354  7.800  -39.907  -20.511 0.6999999881
120017  22.437  -50.208  -21.627 0.6999999881
30544  20.254  -50.054  -22.254 0.6999999881
34118  14.030  -46.121  -23.256 1.0000000000
30545  19.226  -49.750  -22.331 0.6999999881
124902  12.838  -45.574  -23.731 1.0000000000
128540  19.910  -49.328  -22.151 0.6999999881
34117  14.920  -46.016  -23.160 1.0000000000
31431  18.021  -48.464  -22.363 0.8000000119
31421  17.916  -47.815  -22.316 0.8000000119
33229  16.318  -46.338  -22.666 1.0000000000
28412  23.066  -51.955  -19.581 0.4000000060
28411  23.273  -51.118  -19.587 0.6000000238
34969  9.783  -44.569  -24.249 0.8999999762
123405  23.107  -50.018  -20.782 0.6000000238
37408  7.911  -42.215  -22.844 0.8000000119
30529  21.694  -49.610  -21.807 0.6999999881
131947  13.290  -46.068  -23.363 1.0000000000
37423  7.762  -41.304  -23.230 0.8000000119
31418  20.191  -48.631  -21.896 0.6999999881
31419  19.313  -48.132  -22.028 0.6999999881
34135  13.653  -45.464  -23.632 1.0000000000
34134  14.418  -45.385  -23.497 1.0000000000
30532  18.744  -48.470  -22.257 0.6999999881
31420  18.567  -47.892  -22.186 0.6999999881
32300  18.256  -47.245  -22.168 0.8000000119
118123  16.899  -46.865  -22.444 0.8999999762
33228  17.081  -46.076  -22.510 0.8999999762
34116  15.754  -45.783  -22.998 1.0000000000
132502  10.721  -44.733  -24.352 0.8999999762
35736  9.729  -43.567  -24.514 0.8999999762
36546  8.351  -42.658  -23.753 0.8999999762
29437  23.445  -50.262  -19.811 0.5000000000
34947  11.343  -45.208  -24.147 1.0000000000
34968  10.594  -43.945  -24.578 0.8999999762
31405  22.975  -48.905  -20.736 0.5000000000
124555  21.330  -48.905  -21.693 0.6000000238
32298  20.067  -47.721  -21.731 0.6000000238
34946  12.230  -45.047  -24.260 1.0000000000
119161  14.013  -44.883  -23.817 1.0000000000
34133  15.197  -45.197  -23.366 1.0000000000
32299  19.171  -47.273  -21.899 0.6000000238
33224  17.767  -46.550  -22.286 0.8000000119
34106  17.665  -45.793  -22.378 0.8000000119
34115  16.521  -45.528  -22.785 1.0000000000
34945  13.248  -44.769  -24.137 0.8999999762
34967  11.564  -44.328  -24.488 0.8999999762
35737  8.943  -43.017  -24.410 0.8000000119
31417  21.022  -48.109  -21.581 0.6000000238
33220  21.858  -46.464  -21.428 0.5000000000
32297  21.058  -47.210  -21.450 0.6000000238
119279  20.028  -46.980  -21.650 0.5000000000
34933  15.981  -44.965  -23.192 1.0000000000
34944  14.648  -44.638  -23.702 0.8999999762
34104  19.052  -45.704  -21.907 0.6000000238
34114  17.244  -45.270  -22.581 0.6000000238
34932  16.746  -44.687  -22.898 0.6000000238
34942  16.211  -44.107  -23.331 0.8000000119
113333  9.782  -42.747  -24.549 0.8000000119
34966  12.514  -44.284  -24.410 0.8999999762
35716  14.057  -44.223  -24.123 0.8999999762
34943  15.412  -44.372  -23.539 0.8000000119
35715  14.819  -43.872  -23.941 0.8000000119
35732  14.222  -43.402  -24.308 0.8000000119
33223  18.664  -46.516  -22.007 0.6000000238
114253  18.638  -45.052  -22.139 0.5000000000
35700  17.023  -43.826  -23.025 0.4000000060
35714  15.603  -43.559  -23.749 0.4000000060
35734  11.369  -43.257  -24.520 0.8999999762
35735  10.523  -42.989  -24.540 0.8000000119
34965  13.278  -43.686  -24.399 0.8999999762
36545  15.020  -43.101  -24.226 0.5000000000
35733  12.273  -43.465  -24.488 0.8999999762
36565  12.026  -42.509  -24.479 0.8000000119
36564  12.910  -42.722  -24.527 0.8000000119
5825  -7.906  -76.147  -20.837 1.0000000000
6505  -7.903  -75.414  -21.231 1.0000000000
114670  -7.839  -77.052  -22.640 1.0000000000
189  -7.483  -89.792  -29.763 0.6000000238
125865  -9.557  -88.772  -30.272 0.6999999881
3417  -8.980  -80.868  -22.273 1.0000000000
2317  -9.169  -81.575  -20.676 1.0000000000
1901  -8.956  -83.038  -21.087 1.0000000000
1893  -8.730  -83.558  -20.325 1.0000000000
1271  -8.684  -86.196  -27.791 1.0000000000
1287  -7.509  -85.972  -28.875 1.0000000000
130872  -8.122  -86.518  -29.078 1.0000000000
121174  -8.928  -86.509  -28.154 1.0000000000
125978  -7.949  -85.080  -30.782 1.0000000000
119077  -10.705  -80.702  -31.013 1.0000000000
2473  -10.108  -82.308  -30.779 1.0000000000
113987  -10.383  -78.782  -34.163 0.8999999762
5303  -8.361  -76.899  -29.457 1.0000000000
15495  -3.860  -63.806  -39.420 0.8000000119
4159  -8.332  -78.978  -31.619 1.0000000000
5994  -10.429  -76.591  -34.090 0.8999999762
4787  -10.067  -78.007  -34.268 0.8999999762
4813  -7.845  -78.402  -36.050 0.8999999762
7968  -8.688  -73.501  -27.186 1.0000000000
362  -6.954  -88.591  -31.619 0.6000000238
5379  -9.788  -77.163  -34.382 0.8999999762
4217  -7.964  -79.254  -35.650 0.8000000119
4228  -9.595  -79.728  -36.453 0.6999999881
5887  -4.844  -76.476  -27.079 1.0000000000
11132  -3.948  -69.183  -34.806 0.8999999762
14522  -2.789  -65.696  -35.691 0.8000000119
5949  -8.836  -76.227  -31.353 1.0000000000
122762  -9.562  -77.782  -39.182 0.6000000238
7302  -4.636  -74.243  -28.421 1.0000000000
4112  -4.872  -79.463  -28.327 1.0000000000
4769  -6.628  -78.281  -33.676 1.0000000000
15468  -1.132  -65.131  -36.167 0.8999999762
8696  -8.771  -72.705  -33.135 0.8999999762
9485  -8.804  -70.719  -35.121 0.8999999762
7996  2.374  -73.559  -30.921 1.0000000000
10297  2.778  -71.228  -32.191 1.0000000000
5968  -6.519  -76.654  -33.749 1.0000000000
126911  0.561  -62.247  -36.506 0.6999999881
9410  -3.235  -71.000  -28.529 1.0000000000
19609  -0.356  -60.774  -37.387 0.6999999881
8629  1.920  -72.932  -25.850 1.0000000000
5953  -3.579  -76.418  -32.601 1.0000000000
9376  0.003  -71.512  -25.982 1.0000000000
132747  -2.980  -76.384  -30.319 1.0000000000
9372  3.099  -72.153  -24.856 1.0000000000
10247  5.767  -70.848  -26.258 1.0000000000
11069  7.217  -69.784  -27.161 1.0000000000
7334  -2.220  -74.668  -32.799 1.0000000000
12746  5.656  -67.841  -30.599 1.0000000000
124764  -0.538  -59.146  -38.386 0.6999999881
8692  -3.462  -71.966  -33.463 1.0000000000
19572  0.281  -60.338  -33.224 1.0000000000
11021  0.247  -69.433  -24.679 1.0000000000
14357  -5.055  -64.560  -20.881 1.0000000000
19533  0.589  -60.761  -31.687 1.0000000000
133855  5.279  -70.264  -22.772 1.0000000000
10980  2.541  -69.004  -23.143 1.0000000000
15358  0.139  -66.277  -29.166 1.0000000000
16318  -1.077  -64.350  -28.813 1.0000000000
16335  0.885  -63.475  -29.013 1.0000000000
115002  5.241  -69.944  -22.000 1.0000000000
117712  7.217  -68.435  -21.251 1.0000000000
17197  -4.312  -62.347  -17.640 0.8999999762
111654  5.821  -63.691  -19.827 1.0000000000
18344  -5.057  -61.832  -23.951 1.0000000000
115870  5.474  -60.789  -18.401 1.0000000000
18428  -2.174  -60.954  -30.075 1.0000000000
13468  6.785  -66.072  -19.943 1.0000000000
19322  3.207  -60.946  -19.198 1.0000000000
121840  -4.050  -62.853  -15.253 0.8000000119
17185  -4.052  -61.580  -15.780 0.8000000119
15238  5.900  -65.125  -18.693 1.0000000000
17203  5.331  -62.734  -17.781 1.0000000000
23367  6.361  -56.389  -17.802 1.0000000000
12600  4.334  -67.799  -18.252 1.0000000000
19336  1.251  -60.592  -19.938 1.0000000000
24338  5.531  -55.057  -16.382 1.0000000000
27267  3.499  -52.497  -16.223 0.8999999762
25295  4.755  -54.434  -16.087 1.0000000000
23392  1.764  -56.559  -18.457 1.0000000000
21373  3.820  -58.853  -14.019 1.0000000000
19268  2.734  -60.814  -13.824 1.0000000000
20306  2.404  -59.525  -13.163 1.0000000000
25268  3.645  -54.801  -13.810 0.8999999762
123226  -3.222  -59.833  -13.859 0.6999999881
28386  3.816  -50.457  -16.518 0.8999999762
27346  7.990  -52.223  -20.444 1.0000000000
24302  3.775  -55.952  -13.088 0.8999999762
24287  3.095  -55.383  -12.597 0.8999999762
22348  2.257  -57.153  -12.440 0.8999999762
18154  -1.963  -60.696  -11.927 0.6000000238
111701  2.491  -52.412  -12.980 0.8999999762
22349  0.929  -56.955  -12.591 0.8999999762
28338  4.451  -50.535  -11.979 0.8999999762
28334  8.608  -51.240  -11.755 0.8000000119
26199  10.014  -53.334  -9.828 0.5000000000
24273  -1.394  -53.972  -12.619 0.6999999881
26200  9.546  -53.282  -9.616 0.6000000238
24300  9.995  -55.125  -13.652 0.6000000238
22444  11.709  -57.121  -20.279 0.6999999881
21441  11.615  -58.642  -20.503 0.5000000000
24422  15.075  -55.450  -23.448 1.0000000000
27376  14.540  -52.877  -22.655 1.0000000000
21465  13.025  -58.490  -21.840 0.5000000000
115528  15.956  -57.858  -23.404 0.5000000000
28461  15.287  -51.882  -22.639 1.0000000000
120276  14.663  -51.378  -22.509 1.0000000000
22486  16.723  -57.656  -23.528 0.5000000000
128388  16.037  -50.494  -22.560 1.0000000000
26366  18.135  -53.411  -23.203 0.8000000119
22473  19.573  -57.455  -22.759 0.5000000000
24384  20.521  -55.863  -20.990 0.4000000060
27371  19.648  -52.732  -22.984 0.6999999881
38356  4.567  -39.416  -19.478 0.6999999881
133530  10.436  -46.080  -22.836 1.0000000000
26352  22.397  -53.358  -21.425 0.6999999881
27321  20.870  -53.043  -19.009 0.4000000060
37409  7.590  -41.293  -22.203 0.8000000119
30531  19.299  -48.872  -22.209 0.6999999881
32310  17.463  -47.379  -22.348 0.8999999762
35717  8.500  -43.502  -23.655 0.8999999762
36569  8.649  -42.249  -24.261 0.8000000119
34105  18.282  -45.822  -22.179 0.6000000238
36567  10.406  -42.099  -24.492 0.8000000119
33222  19.548  -46.375  -21.743 0.5000000000
1330  -10.573  -85.853  -32.142 0.8999999762
124586  -8.179  -69.049  -41.179 0.8999999762
4019  -8.104  -78.645  -19.818 1.0000000000
3360  -8.513  -80.319  -16.630 0.8999999762
3964  -8.143  -79.959  -16.116 0.6999999881
140  -8.685  -90.431  -26.328 0.6000000238
5812  -7.754  -76.050  -19.891 1.0000000000
2304  -8.777  -82.632  -17.604 1.0000000000
93  -6.909  -90.912  -27.948 0.6000000238
535  -10.296  -87.542  -31.763 0.6999999881
13689  -2.749  -67.148  -39.002 0.8000000119
335  -5.631  -89.413  -30.286 0.5000000000
518  -5.772  -88.508  -31.304 0.5000000000
12851  -6.804  -66.820  -40.293 0.8999999762
13720  -7.016  -66.552  -41.157 0.8999999762
112456  -2.120  -67.284  -38.406 0.8000000119
531  -7.326  -88.060  -32.383 0.6999999881
122571  -8.593  -85.937  -34.004 0.6000000238
3042  -9.618  -81.219  -38.777 0.5000000000
13759  -7.602  -66.236  -42.572 0.6999999881
12069  -8.818  -68.092  -43.287 0.6999999881
3022  -7.339  -82.807  -36.846 0.5000000000
12050  -9.199  -68.825  -43.116 0.6999999881
5453  -9.535  -77.037  -38.960 0.6999999881
14561  0.985  -66.481  -38.349 0.6999999881
12087  -9.774  -68.596  -44.921 0.6999999881
11260  -9.883  -69.064  -44.395 0.6999999881
9622  -9.878  -70.596  -43.455 0.6000000238
6073  -8.648  -76.143  -39.543 0.6000000238
6072  -7.862  -75.885  -39.978 0.5000000000
9621  -9.718  -71.522  -43.118 0.5000000000
11103  4.699  -68.955  -32.310 1.0000000000
10190  1.614  -69.724  -23.722 1.0000000000
23628  -2.158  -55.979  -36.666 0.5000000000
15252  -4.986  -64.292  -20.040 1.0000000000
16234  -4.551  -63.511  -19.608 1.0000000000
16220  -4.593  -63.294  -18.858 0.8999999762
20459  -4.862  -59.213  -26.179 0.8999999762
22496  -4.646  -57.519  -25.196 0.8999999762
11808  4.677  -68.943  -20.116 1.0000000000
19457  -4.540  -60.709  -28.496 0.6000000238
19476  -4.604  -60.364  -29.069 0.6000000238
18409  -4.469  -61.081  -29.327 0.8999999762
19511  -4.075  -59.966  -30.111 0.8999999762
114873  -3.640  -58.744  -30.707 0.8000000119
121800  -4.117  -57.303  -32.562 0.6999999881
133490  -3.420  -53.994  -22.839 0.8999999762
26362  -3.160  -52.575  -22.688 0.8999999762
121913  -1.043  -55.313  -16.798 1.0000000000
26361  -2.588  -52.615  -21.250 0.8999999762
27367  -2.983  -51.580  -22.666 0.8000000119
25254  3.403  -54.260  -12.973 0.8999999762
23312  1.575  -56.112  -12.424 0.8999999762
29465  -2.299  -49.362  -22.052 0.6999999881
28355  4.263  -50.113  -12.977 0.8999999762
120524  3.302  -55.021  -7.853 0.6000000238
23256  -0.345  -56.343  -9.385 0.6000000238
23365  10.459  -56.678  -17.942 0.6999999881
133240  4.003  -43.897  -20.304 0.8999999762
117568  3.567  -44.456  -20.026 0.8999999762
35680  2.935  -43.775  -19.573 0.8000000119
35679  3.763  -43.278  -20.193 0.8000000119
119479  4.661  -41.753  -20.413 0.8000000119
113020  3.142  -39.192  -19.841 0.6999999881
27319  22.581  -52.700  -19.743 0.6000000238
27302  22.199  -52.126  -18.913 0.4000000060
37422  8.194  -41.828  -23.847 0.8000000119
37442  8.641  -41.474  -24.298 0.8000000119
31416  21.993  -48.424  -21.461 0.6000000238
131553  13.693  -42.884  -24.480 0.8000000119
7272  -5.420  -74.141  -24.987 1.0000000000
7934  -5.362  -73.385  -25.571 1.0000000000
113685  -7.766  -66.023  -43.234 0.6999999881
12870  -7.812  -67.133  -42.436 0.8000000119
12884  -9.319  -68.059  -44.525 0.6999999881
19475  -4.545  -60.037  -28.591 0.6000000238
19512  -4.271  -59.542  -29.686 0.6999999881
110278  2.446  -43.967  -19.374 0.8000000119
36492  3.482  -42.373  -20.017 0.6999999881
110761  3.247  -41.158  -19.776 0.6999999881
113391  2.444  -43.110  -19.224 0.6999999881
108612  1.864  -43.444  -18.933 0.6999999881
72  -7.353  -91.596  -26.241 0.6000000238
4584  -8.482  -78.983  -18.128 1.0000000000
121  -8.721  -90.214  -23.252 0.6000000238
141  -8.986  -89.692  -25.920 0.6999999881
115829  -8.047  -78.592  -24.962 1.0000000000
2780  -8.630  -81.215  -16.683 1.0000000000
602  -7.667  -87.937  -20.176 0.6000000238
262  -8.569  -88.710  -22.271 0.8000000119
430  -8.144  -88.109  -21.005 0.6999999881
112  -8.588  -89.543  -22.241 0.6999999881
13690  -3.363  -66.490  -39.115 0.8000000119
307  -10.547  -89.141  -27.782 1.0000000000
306  -9.710  -89.400  -27.306 0.8000000119
321  -10.662  -88.873  -29.198 1.0000000000
149  -9.226  -89.834  -27.521 0.6999999881
119781  -8.970  -89.963  -28.006 0.6999999881
129985  -7.625  -90.031  -28.986 0.6000000238
1329  -10.129  -85.191  -32.408 0.8999999762
1668  -10.396  -84.514  -32.179 0.8999999762
547  -9.985  -87.204  -32.209 0.8000000119
729  -10.834  -86.939  -31.932 0.8000000119
1689  -9.287  -85.427  -33.068 0.8000000119
2992  -10.947  -81.986  -33.261 0.8999999762
2487  -10.324  -82.825  -33.572 0.8000000119
5280  -9.396  -77.682  -26.716 1.0000000000
14539  -5.701  -65.131  -36.591 0.8999999762
15484  -4.457  -63.913  -37.850 0.8000000119
15496  -4.253  -63.494  -38.810 0.8000000119
300  -9.063  -88.836  -25.604 0.6999999881
14563  -6.035  -65.254  -39.077 0.8000000119
114167  -11.246  -88.937  -28.751 1.0000000000
699  -11.350  -87.428  -29.239 1.0000000000
323  -10.896  -88.223  -29.866 0.6999999881
983  -10.571  -86.471  -30.367 1.0000000000
715  -10.763  -86.849  -31.271 0.8000000119
7249  -7.840  -74.862  -22.315 0.8999999762
132365  -8.122  -87.569  -20.786 0.8000000119
15497  -4.843  -63.660  -38.749 0.8000000119
92  -6.096  -91.053  -28.131 0.6000000238
85  -7.211  -91.277  -27.180 0.5000000000
148  -8.585  -90.326  -27.365 0.6000000238
188  -6.579  -89.871  -29.848 0.6000000238
336  -6.315  -89.365  -30.460 0.6000000238
2047  -8.935  -83.945  -33.333 0.8000000119
3586  -8.586  -80.047  -34.459 0.8000000119
4194  -8.683  -79.326  -34.623 0.8999999762
3009  -9.843  -81.228  -33.974 0.8000000119
6647  -8.080  -75.284  -34.808 0.8999999762
8096  -8.830  -73.513  -37.228 0.8999999762
126553  -9.234  -74.981  -26.746 1.0000000000
1888  -8.887  -83.310  -19.245 1.0000000000
887  -8.566  -87.189  -22.216 1.0000000000
123721  -9.624  -87.867  -26.306 1.0000000000
1310  -9.915  -85.445  -30.275 1.0000000000
976  -10.088  -86.415  -28.938 1.0000000000
1301  -10.442  -86.235  -29.558 1.0000000000
310  -11.244  -88.981  -28.166 1.0000000000
165  -8.225  -90.165  -28.345 0.6000000238
340  -10.197  -88.554  -29.957 0.6999999881
355  -9.799  -88.320  -30.702 0.6999999881
1655  -9.334  -84.646  -30.700 1.0000000000
121418  -6.978  -89.526  -30.327 0.6000000238
532  -8.134  -87.869  -32.488 0.6000000238
760  -8.890  -86.392  -33.460 0.6999999881
6648  -9.481  -75.358  -34.288 0.8999999762
6649  -10.235  -75.694  -34.040 0.8999999762
117915  -7.652  -76.326  -35.270 0.8999999762
2485  -8.516  -82.646  -33.660 0.6999999881
126143  -10.721  -79.360  -34.031 0.8999999762
3553  -11.002  -79.897  -32.410 0.8999999762
3585  -7.613  -80.680  -34.700 0.8000000119
8081  -9.393  -72.671  -36.684 0.8999999762
8062  -9.147  -73.214  -35.176 0.8999999762
4808  -7.798  -78.371  -35.786 0.8999999762
5396  -7.885  -77.879  -35.474 0.8999999762
7442  -8.787  -73.950  -38.071 0.8999999762
6694  -8.038  -75.344  -37.490 0.8999999762
5933  -9.629  -76.092  -29.293 1.0000000000
121764  -9.297  -82.114  -19.856 1.0000000000
111925  -8.517  -83.841  -21.260 1.0000000000
917  -8.846  -87.416  -24.569 1.0000000000
656  -9.123  -87.519  -25.451 1.0000000000
933  -9.653  -86.625  -26.471 1.0000000000
934  -9.966  -87.352  -26.983 1.0000000000
117735  -6.777  -88.163  -32.188 0.5000000000
123475  -8.147  -87.006  -34.162 0.6000000238
126678  -9.671  -70.809  -37.782 0.8999999762
3007  -7.464  -81.531  -34.458 0.6999999881
110897  -8.548  -80.535  -36.395 0.6999999881
121177  -7.081  -81.521  -36.135 0.6000000238
8756  -10.054  -72.073  -38.641 0.8999999762
120463  -7.499  -77.101  -36.091 0.8999999762
5407  -8.648  -77.720  -37.074 0.8999999762
5408  -9.899  -77.699  -37.170 0.8000000119
4823  -10.987  -77.946  -37.206 0.8000000119
112509  -9.119  -78.877  -36.483 0.8999999762
4229  -10.698  -79.622  -36.636 0.8000000119
132183  -11.315  -79.632  -36.999 0.8000000119
4252  -10.714  -80.011  -39.029 0.6000000238
4829  -11.097  -78.115  -37.647 0.8000000119
112343  -6.113  -74.495  -23.468 1.0000000000
131816  -8.290  -83.093  -30.946 1.0000000000
2030  -9.585  -83.042  -30.744 1.0000000000
3541  -10.109  -79.932  -30.963 1.0000000000
555  -7.809  -87.261  -33.945 0.6000000238
4160  -10.810  -78.913  -32.443 0.8999999762
4147  -10.663  -79.380  -31.567 1.0000000000
5971  -10.684  -76.945  -33.830 0.8999999762
12871  -8.342  -67.638  -42.870 0.8000000119
113347  -10.392  -80.530  -39.040 0.6000000238
11058  -3.664  -68.978  -27.322 1.0000000000
131858  -7.509  -74.594  -29.053 1.0000000000
4123  -8.161  -79.811  -28.977 1.0000000000
4703  -6.397  -78.178  -27.948 1.0000000000
13538  -3.415  -66.340  -24.471 1.0000000000
5885  -2.376  -76.885  -26.707 1.0000000000
5882  0.203  -75.953  -27.220 1.0000000000
5913  0.562  -76.043  -28.268 1.0000000000
1928  -8.661  -83.720  -22.916 1.0000000000
126094  -5.651  -64.363  -38.516 0.8000000119
15506  -4.671  -63.507  -39.716 0.8000000119
12811  -5.727  -67.925  -36.444 0.8999999762
13672  -3.138  -66.410  -37.029 0.8000000119
4741  -9.437  -78.623  -31.284 0.8999999762
10360  -4.869  -70.738  -37.955 0.8999999762
13671  -2.375  -66.705  -36.903 0.8000000119
5351  -10.360  -76.865  -32.003 0.8999999762
13677  1.004  -66.444  -37.517 0.6999999881
5357  -10.517  -76.969  -33.088 0.8999999762
10344  -5.813  -70.906  -36.915 0.8999999762
5956  -10.273  -76.182  -32.610 0.8999999762
114392  -9.956  -74.957  -34.039 0.8999999762
6012  -7.464  -76.218  -36.296 0.8999999762
8737  -9.518  -71.733  -36.300 0.8999999762
9541  -9.834  -71.400  -39.489 0.8999999762
8772  -10.074  -72.625  -39.809 0.8000000119
3657  -9.335  -80.436  -39.271 0.5000000000
133981  -8.989  -75.821  -38.723 0.8000000119
7477  -9.307  -74.571  -39.814 0.8000000119
6075  -9.149  -76.211  -39.173 0.6999999881
8644  -8.693  -72.518  -26.591 1.0000000000
7291  -4.060  -74.881  -28.022 1.0000000000
6595  1.156  -75.398  -29.268 1.0000000000
7997  1.534  -74.006  -30.745 1.0000000000
5912  1.214  -75.999  -28.047 1.0000000000
2420  -8.219  -82.305  -27.544 1.0000000000
2018  -6.332  -83.719  -30.040 1.0000000000
4158  -7.439  -79.369  -32.379 1.0000000000
10326  -6.779  -70.188  -34.688 0.8999999762
113890  -1.440  -61.573  -37.590 0.8999999762
127285  -10.033  -75.396  -32.061 0.8999999762
8723  -9.170  -72.528  -35.217 0.8999999762
8807  -9.980  -72.584  -42.032 0.6999999881
8618  -7.847  -72.065  -25.652 1.0000000000
119839  -8.685  -72.276  -26.042 1.0000000000
7293  -5.563  -74.437  -28.314 1.0000000000
126067  -8.599  -80.866  -27.678 1.0000000000
2968  -5.227  -81.975  -31.769 1.0000000000
11972  -1.271  -68.137  -33.267 1.0000000000
5356  -7.511  -77.364  -33.057 1.0000000000
8686  -7.237  -72.630  -31.773 0.8999999762
10262  -6.508  -70.517  -26.872 1.0000000000
8642  -6.808  -71.710  -27.816 1.0000000000
8658  -6.473  -72.594  -28.433 1.0000000000
7980  -5.570  -73.395  -28.620 1.0000000000
9407  -0.312  -72.079  -27.994 1.0000000000
8640  0.933  -72.718  -27.054 1.0000000000
7948  0.794  -73.918  -26.570 1.0000000000
6598  -1.864  -75.799  -29.475 1.0000000000
14502  -5.960  -65.364  -32.927 1.0000000000
11119  -1.208  -69.312  -32.334 1.0000000000
14500  -1.246  -65.932  -32.920 1.0000000000
10236  -5.484  -69.991  -25.475 1.0000000000
116733  -6.707  -71.513  -25.625 1.0000000000
7287  3.796  -74.754  -27.277 1.0000000000
6562  2.673  -75.273  -26.991 1.0000000000
123006  -4.120  -79.145  -31.289 1.0000000000
4143  -4.394  -79.818  -31.817 1.0000000000
11959  -1.982  -67.965  -31.950 1.0000000000
11970  0.457  -68.100  -33.541 1.0000000000
13638  -0.718  -66.657  -33.471 1.0000000000
10290  -6.408  -69.947  -30.418 1.0000000000
10250  -6.282  -70.310  -26.311 1.0000000000
10238  -6.241  -70.400  -25.824 1.0000000000
9375  0.592  -72.028  -25.659 1.0000000000
6585  2.790  -75.423  -27.927 1.0000000000
9441  4.106  -71.625  -31.476 1.0000000000
11106  -2.028  -69.513  -30.700 1.0000000000
12749  -4.484  -67.377  -29.880 1.0000000000
118608  -6.153  -71.774  -31.241 1.0000000000
11864  -1.850  -67.612  -25.379 1.0000000000
11879  -1.184  -68.457  -25.610 1.0000000000
9419  6.488  -71.549  -28.873 1.0000000000
9404  6.165  -71.316  -27.976 1.0000000000
10277  6.871  -70.854  -29.364 1.0000000000
9433  5.962  -71.441  -30.520 1.0000000000
131831  -1.824  -70.909  -31.346 1.0000000000
9445  -2.259  -71.306  -31.885 1.0000000000
12788  0.860  -67.286  -33.565 1.0000000000
14499  -0.301  -65.712  -33.287 1.0000000000
9360  0.073  -71.559  -25.096 1.0000000000
14498  0.665  -65.643  -33.309 1.0000000000
10299  -1.882  -70.387  -30.876 1.0000000000
11093  -3.770  -69.466  -29.701 1.0000000000
21659  -0.283  -58.349  -36.296 0.5000000000
9357  2.494  -71.703  -24.310 1.0000000000
14396  -3.050  -65.461  -23.399 1.0000000000
10246  6.585  -70.408  -26.657 1.0000000000
12642  1.802  -67.274  -23.183 1.0000000000
15281  -4.611  -64.433  -21.688 1.0000000000
10270  7.273  -70.098  -28.060 1.0000000000
14381  -0.986  -65.249  -22.715 1.0000000000
11038  7.585  -68.962  -25.592 1.0000000000
13486  0.870  -65.863  -22.137 1.0000000000
12726  7.429  -67.328  -28.297 1.0000000000
13554  5.211  -65.784  -26.979 1.0000000000
13543  6.981  -65.935  -25.092 1.0000000000
118879  4.895  -67.283  -30.243 1.0000000000
126532  3.520  -66.052  -31.881 1.0000000000
111961  2.979  -65.611  -32.018 1.0000000000
132487  -3.951  -65.470  -27.142 1.0000000000
14467  3.121  -65.186  -30.311 1.0000000000
17403  1.602  -62.424  -31.470 1.0000000000
19490  -3.345  -61.072  -29.849 1.0000000000
20599  -2.153  -59.552  -34.956 0.8999999762
11019  7.169  -69.658  -24.244 1.0000000000
12693  8.219  -67.035  -25.388 1.0000000000
112539  6.233  -65.291  -22.925 1.0000000000
21504  -4.476  -58.806  -23.086 1.0000000000
15328  -1.059  -65.696  -26.160 1.0000000000
13584  3.516  -66.545  -28.511 1.0000000000
111530  -0.525  -62.494  -24.067 1.0000000000
14379  5.298  -65.011  -22.973 1.0000000000
14448  0.553  -67.211  -29.034 1.0000000000
130390  -1.948  -59.347  -33.022 0.8999999762
12609  2.837  -67.786  -18.934 1.0000000000
15250  -0.327  -64.033  -19.713 1.0000000000
118273  4.713  -65.363  -24.560 1.0000000000
16291  0.977  -63.903  -26.552 1.0000000000
15326  1.630  -64.844  -26.747 1.0000000000
13586  1.826  -66.914  -28.583 1.0000000000
11806  6.679  -68.706  -20.590 1.0000000000
13455  2.125  -67.081  -18.643 1.0000000000
17266  1.384  -62.599  -22.600 1.0000000000
15292  3.752  -64.589  -23.180 1.0000000000
21510  -4.663  -58.601  -24.359 1.0000000000
23449  -3.617  -56.297  -21.985 1.0000000000
115207  -2.033  -60.388  -30.597 0.8999999762
11797  4.868  -68.531  -19.435 1.0000000000
19362  -1.098  -60.641  -21.331 1.0000000000
16266  2.643  -63.456  -22.741 1.0000000000
16273  2.603  -63.744  -23.429 1.0000000000
16257  2.915  -63.149  -22.025 1.0000000000
23466  -4.520  -56.413  -25.529 0.8000000119
116832  -3.696  -59.102  -32.066 1.0000000000
18295  2.014  -61.937  -21.017 1.0000000000
21447  -2.381  -58.376  -19.593 1.0000000000
19323  2.307  -60.789  -19.225 1.0000000000
22610  -4.129  -58.185  -32.431 0.8000000119
16207  0.302  -63.808  -16.974 1.0000000000
22449  -2.610  -57.886  -19.230 1.0000000000
25378  -2.970  -54.683  -21.307 1.0000000000
22414  1.491  -57.420  -18.435 1.0000000000
26300  4.774  -53.372  -17.712 1.0000000000
19281  -3.055  -59.177  -15.801 1.0000000000
24391  -2.469  -55.341  -19.377 1.0000000000
114731  0.956  -55.118  -18.246 1.0000000000
24364  3.657  -55.965  -19.051 1.0000000000
23336  5.278  -56.298  -14.827 0.8999999762
27290  7.524  -51.403  -17.997 1.0000000000
26314  -1.159  -53.453  -15.880 1.0000000000
26227  2.734  -53.251  -12.707 0.8999999762
27231  2.538  -51.551  -12.060 0.8999999762
26299  8.056  -52.750  -17.380 0.8999999762
21323  -2.472  -57.559  -12.122 0.6999999881
29380  4.712  -49.862  -16.166 0.8999999762
27214  8.866  -52.989  -10.009 0.6999999881
29422  2.231  -50.294  -19.527 1.0000000000
28396  -2.307  -50.787  -16.287 0.8999999762
113462  -2.447  -50.489  -21.424 0.6999999881
28352  7.581  -50.521  -12.383 0.8999999762
27229  8.487  -51.098  -12.130 0.8999999762
22306  -2.036  -56.615  -10.983 0.6000000238
26275  8.081  -53.233  -15.456 0.8999999762
30489  -1.980  -49.288  -16.157 0.8999999762
25339  9.322  -55.181  -19.865 1.0000000000
27362  8.934  -52.683  -21.350 1.0000000000
113078  7.067  -50.911  -21.898 1.0000000000
25294  10.871  -53.558  -15.888 0.8999999762
31387  -1.912  -48.463  -16.524 0.8999999762
24386  9.993  -55.334  -20.546 1.0000000000
133832  11.785  -53.016  -21.891 1.0000000000
123646  11.529  -53.790  -21.791 1.0000000000
25293  11.281  -54.104  -16.350 0.8999999762
118143  10.470  -55.918  -20.106 0.8999999762
22380  10.074  -57.482  -16.603 0.5000000000
29458  10.979  -51.154  -22.284 1.0000000000
28448  11.040  -51.945  -22.045 1.0000000000
31395  -1.918  -47.720  -17.466 0.8999999762
121492  12.263  -53.407  -22.071 1.0000000000
25384  12.646  -55.059  -22.530 1.0000000000
26370  13.627  -53.436  -22.515 1.0000000000
133954  10.519  -57.297  -18.150 0.6000000238
24410  14.085  -55.812  -23.312 1.0000000000
131175  14.102  -53.130  -22.582 1.0000000000
34107  5.861  -45.553  -21.852 1.0000000000
121316  4.403  -45.874  -20.394 0.8999999762
22487  14.709  -57.057  -23.418 0.6999999881
33200  2.383  -46.741  -18.408 0.8999999762
25381  15.159  -54.313  -23.216 1.0000000000
22475  15.073  -57.990  -22.886 0.6000000238
34098  3.464  -45.538  -19.287 0.8999999762
127794  16.692  -54.427  -23.384 0.8000000119
117971  15.998  -53.934  -23.273 1.0000000000
128794  16.643  -55.135  -23.491 0.8000000119
26380  16.681  -53.741  -23.265 1.0000000000
22485  17.559  -57.462  -23.555 0.5000000000
22484  18.456  -57.294  -23.488 0.5000000000
34923  7.131  -43.924  -21.921 1.0000000000
23451  20.308  -56.171  -23.054 0.6000000238
24420  19.456  -55.544  -23.505 0.6000000238
25392  18.221  -54.385  -23.402 0.8000000119
25391  19.137  -54.717  -23.484 0.6000000238
130508  8.350  -45.492  -22.950 1.0000000000
30549  15.981  -49.240  -22.450 1.0000000000
23432  20.464  -56.311  -21.632 0.5000000000
25380  21.190  -54.767  -22.691 0.6000000238
34138  10.421  -45.757  -23.110 1.0000000000
32301  14.147  -48.038  -22.306 1.0000000000
127092  12.243  -47.320  -22.405 1.0000000000
28458  17.930  -51.769  -22.710 0.8999999762
32313  14.956  -48.008  -22.327 1.0000000000
110357  6.019  -39.404  -19.092 0.6999999881
34120  11.689  -46.251  -23.042 1.0000000000
34121  11.004  -46.140  -22.865 1.0000000000
123822  19.453  -51.992  -22.753 0.6999999881
30548  16.684  -49.206  -22.463 1.0000000000
123196  21.958  -54.205  -21.154 0.5000000000
122543  22.028  -53.128  -22.265 0.6999999881
28445  21.942  -51.758  -22.224 0.6999999881
28456  20.075  -51.456  -22.591 0.6999999881
27356  22.843  -52.569  -21.148 0.6999999881
29455  21.382  -50.312  -22.128 0.6999999881
27303  20.986  -52.485  -18.708 0.4000000060
26322  22.091  -53.399  -19.916 0.5000000000
37392  3.408  -39.999  -19.816 0.6999999881
127889  23.115  -51.925  -20.989 0.6000000238
29454  22.252  -51.039  -21.948 0.6999999881
29453  23.041  -51.072  -21.194 0.6999999881
29468  20.637  -50.870  -22.382 0.6999999881
30530  20.772  -49.464  -21.994 0.6000000238
30528  22.435  -49.236  -21.404 0.6000000238
133903  22.674  -48.459  -21.154 0.5000000000
34113  17.924  -45.123  -22.368 0.5000000000
32295  22.669  -47.859  -21.355 0.6000000238
34931  17.500  -44.475  -22.631 0.6000000238
35713  16.442  -43.231  -23.506 0.4000000060
36563  14.391  -42.597  -24.471 0.5000000000
1025  -7.982  -86.695  -34.301 0.6000000238
726  -5.840  -87.632  -32.615 0.5000000000
756  -6.789  -87.287  -34.009 0.5000000000
120074  -5.127  -87.413  -32.333 0.5000000000
1373  -6.703  -85.449  -35.393 0.5000000000
1039  -7.258  -86.406  -34.930 0.5000000000
773  -4.101  -88.023  -35.663 0.4000000060
793  -5.238  -86.730  -36.550 0.4000000060
785  -5.258  -87.313  -36.073 0.5000000000
1061  -5.838  -86.275  -36.364 0.4000000060
777  -7.383  -86.811  -34.742 0.5000000000
1675  -7.368  -83.977  -33.568 0.5000000000
115858  -6.521  -82.730  -34.420 0.5000000000
124693  -7.036  -85.059  -34.421 0.5000000000
1684  -6.434  -84.480  -34.664 0.5000000000
3006  -6.519  -81.933  -34.952 0.5000000000
3584  -7.017  -81.644  -35.099 0.5000000000
1349  -7.741  -85.732  -34.234 0.5000000000
15541  -6.500  -64.723  -42.501 0.5000000000
1695  -6.092  -84.590  -35.565 0.4000000060
2056  -6.511  -83.681  -34.130 0.5000000000
529  -6.017  -88.209  -31.938 0.5000000000
727  -6.442  -87.998  -32.390 0.5000000000
115683  -6.055  -86.983  -34.078 0.5000000000
14615  -6.891  -64.674  -42.685 0.5000000000
3981  -8.277  -79.410  -16.456 0.8000000119
4563  -8.308  -78.805  -17.144 0.8999999762
4548  -7.677  -78.017  -15.965 0.6999999881
4607  -8.323  -78.788  -19.002 0.8999999762
714  -5.481  -88.010  -31.780 0.4000000060
15553  -6.726  -64.406  -43.352 0.5000000000
13779  -8.369  -66.832  -43.724 0.6999999881
12899  -8.848  -67.334  -44.744 0.5000000000
5762  -7.147  -76.327  -16.176 0.8000000119
5150  -7.526  -77.177  -16.297 0.8000000119
4583  -8.216  -78.167  -18.067 0.8999999762
5163  -7.863  -77.269  -17.442 0.8999999762
14590  -6.140  -64.888  -41.015 0.8000000119
15520  -5.997  -64.851  -41.560 0.6999999881
13740  -6.631  -65.598  -41.263 0.6999999881
15540  -5.985  -64.817  -42.303 0.5000000000
12883  -8.902  -67.696  -43.843 0.6000000238
5802  -7.651  -75.886  -18.844 0.8999999762
14589  -5.404  -64.234  -40.433 0.6999999881
14588  -4.820  -65.099  -41.029 0.6999999881
16453  -4.022  -63.478  -39.921 0.6999999881
14616  -7.290  -65.211  -42.760 0.5000000000
15551  -4.716  -64.846  -42.903 0.5000000000
114781  -8.287  -66.580  -44.533 0.6000000238
12900  -9.459  -68.068  -45.470 0.6000000238
12105  -9.761  -68.613  -45.837 0.6000000238
16465  -4.677  -63.782  -40.118 0.6999999881
15519  -5.532  -64.797  -41.036 0.6000000238
14614  -4.184  -65.474  -42.223 0.6000000238
14586  -2.378  -66.569  -41.067 0.6000000238
10476  -9.808  -69.624  -45.216 0.4000000060
13700  -1.508  -67.321  -39.749 0.6000000238
13717  -1.915  -67.058  -40.451 0.6000000238
13716  -0.935  -66.865  -40.249 0.6000000238
13698  0.250  -66.923  -38.924 0.6000000238
7256  -5.091  -74.349  -23.526 0.8999999762
7271  -4.455  -73.938  -25.229 0.8999999762
7950  -3.859  -72.763  -25.851 0.8999999762
8615  -4.852  -72.571  -25.731 0.8999999762
113521  -5.523  -70.662  -25.530 0.8999999762
10221  -3.242  -70.524  -24.772 0.8999999762
9378  -2.848  -71.715  -25.376 0.8999999762
11042  -4.566  -70.202  -25.093 0.8999999762
9380  -4.450  -71.851  -25.743 0.8999999762
11865  -3.637  -69.091  -24.127 0.8000000119
11024  -2.747  -69.977  -24.340 0.8999999762
10220  -2.350  -70.851  -24.427 0.8999999762
11043  -5.656  -69.136  -25.323 0.8999999762
11025  -4.638  -69.390  -24.656 0.8999999762
11002  -2.102  -69.603  -23.817 0.8000000119
11026  -5.888  -68.196  -25.410 0.8999999762
12645  -1.599  -67.951  -22.336 0.8000000119
121296  -4.404  -67.514  -22.689 0.8000000119
11848  -5.760  -67.594  -23.990 0.8000000119
12628  -1.919  -67.323  -21.546 0.8000000119
11867  -5.907  -67.827  -24.691 0.8999999762
12686  -5.768  -67.099  -24.486 0.8999999762
12648  -5.552  -66.623  -23.174 0.8999999762
12647  -5.131  -66.919  -22.511 0.8000000119
128784  -4.901  -66.503  -21.634 0.8000000119
120942  -4.486  -66.381  -20.904 0.8000000119
13459  -2.812  -66.379  -19.483 0.8000000119
13539  -5.066  -66.301  -24.283 0.8999999762
12629  -3.629  -67.268  -22.053 0.8000000119
13473  -3.393  -66.508  -20.326 0.8000000119
21579  -4.216  -59.209  -29.326 0.5000000000
13521  -5.295  -66.060  -23.593 0.8999999762
129407  -2.042  -66.573  -20.080 0.8000000119
13504  -5.356  -66.206  -22.368 0.8000000119
14308  -3.973  -66.044  -15.614 0.6999999881
13429  -3.447  -66.206  -16.497 0.6999999881
13489  -5.283  -65.779  -21.663 0.8000000119
13443  -3.986  -65.979  -17.329 0.8000000119
116436  -4.241  -65.737  -18.256 0.8000000119
15191  -4.244  -64.648  -14.643 0.6000000238
14370  -5.237  -65.164  -21.593 0.8999999762
14356  -5.315  -64.986  -20.277 0.8000000119
15209  -4.312  -64.999  -15.374 0.6999999881
14343  -4.781  -65.506  -19.485 0.8000000119
15226  -4.322  -65.096  -16.180 0.6999999881
16185  -4.226  -63.892  -15.287 0.6999999881
13460  -3.996  -66.208  -19.662 0.8000000119
13451  -3.727  -66.103  -18.873 0.8000000119
14329  -4.629  -65.007  -17.842 0.8000000119
16198  -4.245  -62.892  -15.980 0.6999999881
15236  -4.639  -64.117  -17.507 0.8000000119
16148  -3.383  -63.135  -13.788 0.6999999881
16199  -4.488  -63.295  -17.182 0.6999999881
16168  -3.720  -62.293  -14.770 0.6999999881
17150  -2.655  -62.279  -13.231 0.6000000238
27381  -3.107  -51.640  -23.589 0.6000000238
31410  -1.816  -48.190  -21.048 0.6000000238
32307  -1.091  -47.099  -21.121 0.6000000238
31402  -1.702  -46.952  -18.901 0.8000000119
31394  -1.469  -46.525  -17.401 0.8000000119
31429  -1.501  -48.017  -21.743 0.6000000238
31409  -1.563  -47.395  -20.544 0.6000000238
116480  -0.985  -45.951  -20.366 0.5000000000
32291  -1.362  -46.352  -19.982 0.8000000119
129627  -1.524  -45.924  -18.706 0.8000000119
33201  0.237  -45.569  -18.035 0.8000000119
120614  -1.246  -45.299  -18.025 0.8000000119
33218  -1.258  -45.342  -19.344 0.6999999881
33216  -0.066  -44.895  -19.961 0.6000000238
33207  2.490  -45.859  -18.800 0.8000000119
33202  -0.877  -45.003  -17.968 0.6999999881
33209  -0.822  -44.700  -18.749 0.8000000119
121619  -0.356  -44.659  -19.433 0.6999999881
33217  -0.799  -45.051  -19.761 0.6999999881
34089  2.706  -45.162  -19.034 0.8000000119
34090  1.686  -44.297  -18.781 0.6999999881
34896  0.522  -44.170  -18.800 0.6999999881
34099  0.784  -43.689  -19.667 0.6000000238
34100  0.188  -44.344  -19.515 0.6999999881
110335  0.804  -44.431  -20.293 0.6000000238
34901  2.818  -44.724  -19.199 0.8000000119
34903  0.870  -43.688  -18.845 0.6999999881
34902  1.879  -44.283  -18.819 0.6999999881
108609  1.636  -43.867  -19.107 0.6000000238
34904  0.646  -43.784  -18.970 0.6999999881
111178  1.065  -43.696  -18.847 0.6999999881
108605  1.686  -44.285  -20.798 0.6000000238
36493  1.925  -42.022  -18.925 0.6000000238
110384  1.349  -42.860  -18.756 0.6000000238
108616  0.486  -42.063  -18.703 0.6000000238
110662  1.001  -41.053  -18.741 0.6000000238
132980  2.000  -41.173  -18.957 0.6000000238
38364  7.561  -40.381  -22.554 0.6999999881
39347  8.589  -39.105  -20.063 0.6000000238
109905  6.157  -38.942  -18.998 0.6000000238
108625  1.951  -38.829  -19.967 0.5000000000
40372  8.131  -38.405  -19.827 0.6000000238
125619  4.601  -39.239  -19.137 0.6000000238
36566  11.208  -42.313  -24.460 0.6999999881
38372  7.684  -40.479  -23.594 0.6999999881
111880  11.045  -41.508  -24.466 0.6999999881
38353  7.705  -39.878  -21.307 0.6999999881
125596  5.633  -37.836  -20.536 0.6000000238
112658  3.067  -38.186  -20.341 0.5000000000
42446  5.241  -35.690  -20.872 0.6000000238
109846  4.564  -38.017  -20.408 0.5000000000
110152  7.202  -38.625  -19.195 0.6000000238
41387  6.396  -37.871  -20.798 0.6000000238
111423  6.961  -37.931  -21.168 0.6000000238
114875  12.618  -41.771  -24.652 0.6999999881
112147  11.757  -41.561  -24.531 0.6000000238
117346  11.378  -40.452  -24.626 0.5000000000
118589  8.924  -39.517  -24.489 0.4000000060
118254  12.240  -40.691  -24.827 0.4000000060
38393  10.745  -39.730  -24.601 0.4000000060
39390  10.286  -38.978  -24.625 0.4000000060
787  -6.786  -86.629  -35.257 0.5000000000
110511  -7.188  -82.219  -34.349 0.5000000000
131141  -3.345  -66.811  -40.243 0.6999999881
13450  -2.325  -66.332  -18.654 0.8000000119
128177  -0.856  -46.048  -17.241 0.8000000119
108640  1.075  -43.732  -19.532 0.6000000238
544  -6.985  -87.762  -33.052 0.5000000000
116005  -6.015  -87.123  -34.884 0.5000000000
739  -5.732  -86.975  -33.759 0.5000000000
1012  -4.797  -86.917  -34.315 0.5000000000
6474  -7.498  -75.698  -17.699 0.8000000119
13778  -7.829  -65.991  -44.037 0.5000000000
15562  -7.070  -64.454  -43.281 0.5000000000
13739  -3.988  -66.249  -41.217 0.6999999881
14626  -7.398  -65.116  -43.561 0.5000000000
15571  -7.026  -64.402  -44.152 0.5000000000
114996  -0.797  -67.788  -21.693 0.8000000119
13442  -2.729  -66.270  -17.204 0.8000000119
14294  -4.183  -65.584  -14.665 0.6000000238
28452  -2.679  -50.676  -22.941 0.6000000238
30540  -2.094  -48.976  -23.186 0.6000000238
30541  -2.028  -48.582  -22.092 0.6000000238
124595  0.681  -42.952  -18.897 0.6000000238
126599  9.311  -41.082  -24.453 0.6999999881
121617  7.753  -38.600  -22.457 0.6000000238
37441  10.307  -41.045  -24.502 0.6999999881
38394  9.684  -40.201  -24.525 0.5000000000
39392  7.838  -38.621  -24.163 0.6000000238
13487  -1.996  -66.837  -20.772 0.8000000119
38396  7.861  -39.810  -24.131 0.6000000238
122022  -7.974  -77.377  -18.707 0.8999999762
5792  -7.763  -76.556  -18.177 0.8999999762
14397  -4.480  -65.413  -23.327 0.8999999762
14385  -5.284  -65.603  -22.184 0.8999999762
121055  -4.328  -62.511  -16.824 0.6999999881
33208  1.453  -45.404  -18.443 0.8000000119
16210  -4.589  -63.198  -18.061 0.8000000119
16169  -3.957  -63.562  -14.609 0.6999999881
13701  -2.423  -67.268  -39.883 0.6999999881
3603  -6.542  -81.397  -35.407 0.5000000000
121185  -6.822  -81.233  -36.096 0.5000000000
114707  -4.911  -64.110  -19.276 0.8000000119
110256  1.751  -39.291  -19.507 0.6000000238
38371  8.021  -40.927  -24.019 0.6999999881
14643  -7.421  -65.235  -44.665 0.5000000000
114471  -4.121  -71.184  -25.538 0.8999999762
755  -5.094  -87.304  -35.004 0.5000000000
2503  -5.961  -83.217  -34.570 0.5000000000
13805  -7.777  -66.082  -46.484 0.5000000000
14602  -3.582  -66.082  -41.688 0.6000000238
11846  -2.793  -68.810  -23.637 0.8000000119
11847  -4.788  -68.167  -23.682 0.8000000119
11866  -5.355  -68.342  -24.321 0.8999999762
121239  -5.728  -68.496  -24.870 0.8999999762
12646  -3.012  -67.847  -22.711 0.8000000119
13488  -3.425  -66.814  -21.182 0.8000000119
13474  -4.851  -65.941  -20.350 0.8000000119
14321  -4.115  -65.769  -16.511 0.6999999881
14328  -3.117  -66.158  -18.019 0.8000000119
132486  -4.474  -65.619  -18.836 0.8000000119
14336  -4.908  -64.930  -18.820 0.8000000119
111699  -4.040  -64.384  -13.952 0.6000000238
15210  -4.356  -64.136  -15.981 0.6999999881
15241  -4.834  -64.057  -18.429 0.8000000119
34084  0.589  -44.700  -18.496 0.6999999881
123990  8.269  -39.349  -21.500 0.6000000238
40371  8.432  -38.483  -20.114 0.6000000238
39366  7.558  -39.618  -23.448 0.6999999881
40377  7.444  -37.982  -22.087 0.6000000238
108613  0.409  -42.910  -19.505 0.6000000238
40383  8.407  -36.971  -23.405 0.5000000000
7199  -7.115  -74.341  -17.751 0.6999999881
114614  -7.497  -74.380  -19.750 0.6999999881
6488  -7.572  -75.156  -19.348 0.6999999881
127152  -6.913  -72.266  -20.627 0.6000000238
7897  -7.161  -72.821  -20.120 0.6000000238
7884  -6.537  -72.768  -18.959 0.6000000238
7237  -7.306  -73.825  -21.121 0.6999999881
7214  -7.333  -74.269  -18.711 0.6999999881
114626  -7.558  -74.579  -20.725 0.6999999881
8579  -6.672  -72.140  -21.415 0.6000000238
7904  -7.034  -72.780  -21.235 0.6000000238
113454  -6.730  -73.731  -22.043 0.6999999881
111267  -7.078  -74.368  -22.063 0.6999999881
10195  -4.588  -70.738  -23.367 0.6999999881
10196  -5.602  -70.728  -23.209 0.5000000000
8585  -6.061  -72.240  -22.929 0.6000000238
8607  -2.461  -72.436  -24.773 0.8000000119
8608  -2.906  -73.135  -24.288 0.6999999881
7911  -6.550  -72.616  -22.108 0.6000000238
8584  -4.978  -73.657  -22.916 0.6000000238
7248  -5.932  -74.223  -22.746 0.6999999881
125111  -2.067  -69.980  -22.332 0.6000000238
10983  -3.424  -69.740  -22.255 0.5000000000
10193  -2.201  -70.809  -23.480 0.6999999881
10194  -3.171  -70.820  -23.396 0.6999999881
9340  -2.401  -71.348  -23.847 0.6999999881
9341  -3.447  -71.458  -23.621 0.6999999881
9343  -5.871  -71.354  -23.218 0.6000000238
8606  -2.257  -71.873  -25.040 0.8000000119
7916  -4.265  -73.785  -23.429 0.6999999881
7270  -3.576  -73.511  -25.371 0.8000000119
7247  -4.894  -74.082  -23.114 0.6999999881
7264  -4.676  -74.290  -24.418 0.8000000119
10982  -1.192  -69.834  -22.141 0.6000000238
10192  -1.693  -70.457  -23.077 0.6999999881
11023  -1.776  -70.469  -23.838 0.6999999881
10981  -0.453  -69.406  -22.097 0.5000000000
11001  -1.054  -70.187  -23.342 0.6999999881
10957  -0.437  -68.976  -21.303 0.5000000000
11833  -0.373  -69.027  -22.269 0.6999999881
11821  -0.078  -68.183  -20.767 0.6000000238
12644  -0.498  -68.402  -21.978 0.6999999881
12616  -0.133  -67.651  -20.462 0.6000000238
13472  -0.995  -66.874  -20.299 0.6999999881
111458  -2.406  -49.753  -23.150 0.5000000000
110633  -1.680  -48.491  -22.621 0.5000000000
37440  13.623  -42.017  -24.680 0.5000000000
13458  -1.404  -66.550  -19.384 0.6999999881
1011  -4.344  -86.578  -33.506 0.4000000060
126938  -3.837  -74.082  -24.620 0.6999999881
8614  -3.211  -72.844  -25.550 0.8000000119
9339  -2.128  -71.049  -23.956 0.6999999881
11834  -0.841  -68.794  -22.677 0.6999999881
112461  -1.915  -66.319  -17.834 0.5000000000
7228  -7.395  -73.738  -20.168 0.6999999881
9342  -4.862  -71.348  -23.536 0.6999999881
13471  -0.364  -67.069  -19.701 0.6000000238
5778  -7.460  -76.398  -16.935 0.6000000238
39393  5.080  -38.849  -24.952 0.3000000119
40384  4.812  -37.706  -24.296 0.3000000119
39367  5.050  -39.028  -23.919 0.4000000060
39426  5.455  -38.839  -25.392 0.3000000119
39356  4.839  -38.656  -22.887 0.4000000060
34142  2.167  -44.653  -24.035 0.3000000119
34141  3.643  -45.235  -23.932 0.3000000119
42  -7.995  -90.989  -21.257 0.6000000238
58  -8.462  -91.108  -23.987 0.6000000238
65  -8.433  -91.077  -24.887 0.6000000238
73  -8.261  -91.072  -25.828 0.6000000238
147  -7.741  -90.722  -27.685 0.5000000000
163  -5.699  -90.721  -28.848 0.6000000238
164  -7.314  -90.430  -28.467 0.6000000238
166  -8.988  -89.700  -28.662 0.6000000238
179  -9.007  -89.453  -29.430 0.6000000238
309  -10.671  -89.157  -28.492 1.0000000000
320  -9.695  -89.003  -29.630 0.6999999881
322  -11.219  -88.611  -29.256 1.0000000000
338  -8.471  -89.164  -30.545 0.6999999881
339  -9.036  -89.176  -30.144 0.6999999881
351  -5.434  -88.940  -30.619 0.5000000000
352  -6.921  -89.108  -30.916 0.6000000238
353  -8.182  -88.865  -31.137 0.6999999881
356  -10.450  -88.067  -30.438 0.6999999881
420  -7.585  -88.611  -20.253 0.6000000238
431  -8.410  -88.343  -21.730 0.8000000119
440  -8.553  -88.185  -22.423 0.8000000119
447  -8.677  -88.076  -23.191 0.8000000119
488  -10.291  -88.132  -26.934 1.0000000000
491  -10.855  -88.604  -27.483 0.8999999762
492  -11.373  -88.308  -27.814 1.0000000000
495  -11.507  -88.688  -28.625 1.0000000000
500  -11.477  -88.126  -29.104 1.0000000000
507  -11.073  -88.088  -29.808 0.8999999762
519  -9.993  -87.918  -31.171 0.6999999881
521  -10.679  -87.400  -31.252 0.8000000119
530  -6.336  -88.459  -31.619 0.5000000000
533  -8.989  -87.789  -32.140 0.6999999881
534  -9.785  -87.646  -31.879 0.6999999881
536  -10.648  -87.388  -31.722 0.8000000119
545  -7.591  -87.588  -33.202 0.5000000000
554  -7.309  -87.361  -33.926 0.5000000000
556  -8.378  -87.127  -33.643 0.6000000238
611  -8.053  -87.618  -20.770 0.6999999881
624  -8.360  -87.621  -21.478 0.8000000119
640  -8.698  -87.895  -23.581 0.8000000119
657  -9.567  -87.551  -26.352 1.0000000000
675  -10.242  -87.649  -27.043 1.0000000000
689  -10.462  -87.391  -27.302 1.0000000000
696  -11.474  -87.493  -28.636 1.0000000000
704  -10.994  -87.015  -29.868 1.0000000000
728  -10.569  -87.169  -32.074 0.6999999881
738  -5.120  -86.925  -33.179 0.5000000000
740  -6.442  -87.507  -33.264 0.5000000000
742  -9.277  -86.840  -32.788 0.6999999881
743  -9.969  -86.751  -32.484 0.8000000119
744  -10.476  -86.637  -32.388 0.8000000119
757  -7.402  -87.141  -34.425 0.5000000000
758  -7.647  -87.003  -34.474 0.6000000238
759  -8.544  -86.671  -33.824 0.6000000238
774  -4.981  -87.439  -35.557 0.4000000060
775  -5.952  -87.072  -35.263 0.5000000000
776  -6.987  -86.999  -34.898 0.5000000000
786  -6.081  -86.900  -35.571 0.5000000000
792  -4.649  -87.221  -36.630 0.4000000060
794  -6.239  -86.493  -35.900 0.4000000060
873  -7.606  -87.679  -19.624 0.6000000238
904  -8.682  -87.120  -23.162 1.0000000000
924  -9.165  -87.027  -25.412 1.0000000000
925  -9.648  -87.176  -26.270 1.0000000000
951  -9.742  -86.628  -27.308 1.0000000000
953  -10.882  -87.277  -27.661 1.0000000000
966  -8.084  -86.410  -28.610 1.0000000000
969  -11.246  -87.074  -28.343 1.0000000000
970  -11.232  -86.939  -29.055 1.0000000000
974  -7.763  -86.318  -29.295 1.0000000000
975  -8.406  -86.248  -29.600 1.0000000000
978  -10.774  -86.652  -29.582 1.0000000000
1002  -10.845  -86.516  -32.005 0.8999999762
1013  -10.052  -86.009  -32.713 0.8000000119
1014  -10.495  -86.193  -32.464 0.8999999762
1026  -9.092  -85.967  -33.369 0.8000000119
1027  -9.459  -86.074  -33.096 0.8000000119
1050  -6.665  -86.192  -35.594 0.5000000000
1059  -4.799  -86.433  -36.640 0.4000000060
1062  -6.221  -86.161  -36.119 0.4000000060
1068  -6.029  -86.119  -36.414 0.4000000060
1069  -6.139  -85.917  -36.237 0.4000000060
1272  -9.255  -85.637  -26.810 1.0000000000
1288  -7.973  -85.838  -28.227 1.0000000000
1299  -7.422  -85.846  -29.552 1.0000000000
1302  -10.378  -86.304  -29.867 1.0000000000
1307  -7.659  -85.994  -30.012 1.0000000000
1308  -8.203  -85.682  -30.379 1.0000000000
1309  -9.350  -85.399  -30.108 1.0000000000
1312  -10.328  -85.839  -30.794 1.0000000000
1318  -7.398  -85.039  -30.582 1.0000000000
1320  -10.356  -85.436  -31.609 0.8999999762
1350  -8.015  -86.363  -34.307 0.6000000238
1352  -9.212  -85.975  -33.290 0.8000000119
1353  -9.671  -85.898  -32.911 0.8000000119
1361  -7.052  -85.557  -34.961 0.5000000000
1362  -7.198  -85.845  -34.944 0.5000000000
1374  -6.781  -85.846  -35.517 0.5000000000
1383  -6.084  -85.533  -36.150 0.4000000060
1384  -6.350  -85.899  -36.040 0.5000000000
1391  -5.699  -85.488  -36.278 0.4000000060
1533  -8.208  -84.208  -19.550 1.0000000000
1572  -8.579  -84.602  -22.818 1.0000000000
1590  -8.486  -83.884  -24.413 1.0000000000
1630  -7.489  -84.999  -28.632 1.0000000000
1643  -6.763  -84.651  -30.017 1.0000000000
1654  -9.566  -84.567  -30.548 1.0000000000
1664  -8.449  -84.226  -30.797 1.0000000000
1678  -9.270  -84.898  -33.158 0.8000000119
1685  -7.556  -84.850  -33.702 0.5000000000
1686  -8.349  -85.299  -33.440 0.6000000238
1687  -8.857  -85.470  -33.283 0.6999999881
1696  -6.558  -84.951  -35.018 0.5000000000
1704  -5.743  -84.835  -35.997 0.4000000060
1705  -6.235  -84.992  -35.756 0.4000000060
1711  -5.932  -85.110  -36.074 0.4000000060
1858  -8.293  -83.020  -16.495 0.6999999881
1914  -8.753  -82.836  -22.811 1.0000000000
1946  -8.557  -82.895  -24.241 1.0000000000
1963  -8.715  -82.992  -25.766 1.0000000000
1979  -8.713  -83.414  -26.656 1.0000000000
2025  -6.171  -83.341  -30.675 1.0000000000
2032  -10.466  -83.607  -31.421 1.0000000000
2038  -10.703  -83.895  -32.339 0.8999999762
2057  -9.110  -84.568  -33.208 0.8000000119
2070  -5.773  -84.501  -35.733 0.4000000060
2316  -9.193  -82.738  -20.197 1.0000000000
2401  -8.516  -82.095  -26.700 1.0000000000
2402  -8.846  -82.184  -25.960 1.0000000000
2457  -6.674  -83.436  -29.382 1.0000000000
2463  -5.879  -83.041  -30.286 1.0000000000
2471  -8.103  -82.329  -31.106 1.0000000000
2474  -10.714  -82.651  -31.141 0.8999999762
2481  -10.969  -83.020  -32.009 0.8999999762
2486  -9.720  -82.667  -33.714 0.8000000119
2495  -7.379  -82.934  -33.797 0.5000000000
2496  -7.937  -81.971  -33.968 0.6999999881
2508  -9.098  -82.323  -37.099 0.6999999881
2516  -10.172  -82.137  -37.188 0.6999999881
2517  -10.621  -81.815  -37.174 0.6999999881
2523  -9.702  -81.758  -38.381 0.5000000000
2763  -8.301  -81.679  -16.179 0.6999999881
2863  -8.728  -81.648  -23.562 1.0000000000
2893  -8.753  -81.831  -25.651 1.0000000000
2921  -8.307  -81.586  -27.514 1.0000000000
2956  -4.909  -81.741  -30.428 1.0000000000
2969  -6.173  -81.936  -31.918 1.0000000000
2970  -7.257  -81.629  -31.553 1.0000000000
2972  -9.746  -80.890  -30.900 1.0000000000
2973  -11.076  -81.406  -31.282 0.8999999762
2982  -5.525  -81.231  -32.243 1.0000000000
2985  -11.235  -81.600  -32.251 0.8999999762
2990  -9.064  -81.845  -33.848 0.8000000119
3023  -8.510  -82.171  -36.868 0.6999999881
3024  -10.244  -81.332  -36.792 0.8000000119
3025  -10.774  -81.039  -36.816 0.8000000119
3028  -10.418  -81.718  -36.901 0.6999999881
3029  -10.912  -81.185  -36.900 0.8000000119
3036  -9.144  -81.711  -38.316 0.5000000000
3037  -10.577  -81.154  -37.824 0.6999999881
3041  -9.025  -80.980  -38.843 0.5000000000
3043  -10.198  -81.266  -38.718 0.6000000238
3044  -10.668  -80.587  -38.457 0.6000000238
3430  -8.806  -80.330  -22.799 1.0000000000
3453  -8.839  -80.960  -23.149 1.0000000000
3478  -8.712  -81.067  -25.716 1.0000000000
3509  -5.066  -80.176  -28.795 1.0000000000
3520  -5.253  -80.836  -29.118 1.0000000000
3529  -4.410  -80.437  -31.208 1.0000000000
3539  -4.743  -81.124  -31.738 1.0000000000
3564  -10.947  -80.073  -33.483 0.8999999762
3604  -6.927  -81.580  -35.655 0.6000000238
3621  -7.418  -81.783  -36.654 0.5000000000
3622  -7.591  -81.784  -36.496 0.6000000238
3623  -9.262  -81.130  -36.830 0.8000000119
3625  -10.899  -80.267  -36.707 0.8000000119
3636  -11.070  -80.340  -36.842 0.8000000119
3646  -11.000  -79.744  -37.852 0.6000000238
3656  -8.738  -80.452  -39.459 0.5000000000
3669  -9.432  -79.956  -39.782 0.6000000238
4080  -8.039  -79.252  -22.934 1.0000000000
4081  -8.540  -79.814  -23.254 1.0000000000
4113  -5.806  -79.316  -27.951 1.0000000000
4116  -9.837  -79.526  -28.643 1.0000000000
4155  -4.779  -79.414  -32.659 1.0000000000
4193  -8.403  -78.911  -34.841 0.8999999762
4196  -10.669  -79.962  -33.999 0.8999999762
4230  -11.144  -79.595  -36.850 0.8000000119
4234  -11.265  -78.805  -37.176 0.8000000119
4264  -9.768  -79.445  -39.592 0.6000000238
4622  -7.893  -78.012  -20.298 1.0000000000
4672  -7.996  -78.930  -24.174 1.0000000000
4716  -9.866  -78.967  -29.102 1.0000000000
4742  -9.855  -77.695  -31.482 0.8999999762
4743  -10.394  -78.555  -31.613 1.0000000000
4767  -5.048  -78.071  -33.529 1.0000000000
4770  -7.392  -78.085  -33.245 1.0000000000
4786  -8.619  -78.070  -34.774 0.8999999762
4788  -10.799  -78.180  -33.988 0.8999999762
4814  -8.436  -78.324  -36.443 0.8999999762
4816  -10.684  -78.025  -36.903 0.8000000119
4817  -11.018  -78.744  -36.794 0.8000000119
4834  -10.548  -78.590  -38.765 0.6999999881
4835  -10.641  -77.945  -38.282 0.8000000119
4844  -10.033  -78.607  -39.231 0.6999999881
5221  -7.778  -77.581  -21.095 1.0000000000
5234  -7.765  -77.263  -21.815 1.0000000000
5260  -8.070  -77.588  -25.026 1.0000000000
5293  -6.727  -77.472  -28.259 1.0000000000
5294  -10.288  -77.367  -28.915 1.0000000000
5300  -2.329  -77.550  -27.951 1.0000000000
5301  -3.001  -77.988  -28.002 1.0000000000
5304  -9.323  -77.548  -29.508 1.0000000000
5316  -9.302  -76.754  -29.508 1.0000000000
5324  -3.165  -77.183  -30.410 1.0000000000
5336  -3.424  -77.496  -31.417 1.0000000000
5350  -8.585  -78.158  -31.535 1.0000000000
5355  -7.023  -77.447  -33.666 1.0000000000
5358  -10.747  -77.618  -33.570 0.8999999762
5380  -10.594  -77.370  -34.066 0.8999999762
5401  -7.627  -77.817  -35.954 0.8999999762
5410  -10.564  -77.506  -37.644 0.8000000119
5417  -10.439  -77.512  -38.058 0.8000000119
5840  -8.448  -76.012  -22.458 1.0000000000
5867  -8.048  -76.778  -24.218 1.0000000000
5886  -3.325  -76.908  -26.589 1.0000000000
5889  -9.512  -76.688  -27.110 1.0000000000
5898  0.802  -76.025  -27.596 1.0000000000
5899  0.034  -76.174  -27.669 1.0000000000
5900  -1.367  -76.727  -27.354 1.0000000000
5901  -1.995  -77.247  -27.109 1.0000000000
5917  -7.225  -76.486  -28.916 1.0000000000
5918  -10.126  -76.320  -29.077 1.0000000000
5927  -0.616  -75.976  -28.738 1.0000000000
5928  -1.453  -76.307  -28.762 1.0000000000
5932  -8.836  -76.252  -29.547 1.0000000000
5940  -2.656  -75.989  -29.873 1.0000000000
5948  -7.940  -76.056  -31.470 1.0000000000
5950  -9.845  -76.115  -31.725 0.8999999762
5967  -5.527  -76.538  -33.867 1.0000000000
5970  -10.470  -76.318  -33.637 0.8999999762
5992  -8.355  -76.033  -34.632 0.8999999762
6020  -7.770  -76.063  -37.059 0.8999999762
6021  -8.366  -76.304  -37.627 0.8999999762
6023  -10.199  -77.196  -37.820 0.8000000119
6039  -9.387  -76.722  -38.251 0.8000000119
6040  -9.187  -76.505  -38.650 0.8000000119
6074  -9.055  -76.099  -39.330 0.6000000238
6091  -9.072  -75.069  -39.982 0.5000000000
6456  -7.085  -75.509  -16.682 0.6000000238
6553  -8.547  -75.105  -24.263 1.0000000000
6570  -9.165  -75.844  -26.475 1.0000000000
6575  3.173  -75.200  -27.368 1.0000000000
6576  2.363  -75.529  -27.437 1.0000000000
6577  1.553  -75.806  -27.522 1.0000000000
6579  -3.585  -75.448  -27.092 1.0000000000
6588  0.124  -75.813  -28.831 1.0000000000
6590  -7.346  -75.378  -29.071 1.0000000000
6599  -8.846  -75.687  -29.415 1.0000000000
6605  -2.809  -75.706  -30.807 1.0000000000
6613  -9.355  -75.582  -31.554 1.0000000000
6617  -4.104  -75.926  -33.362 1.0000000000
6618  -6.732  -75.184  -33.022 1.0000000000
6635  -10.079  -75.605  -33.262 0.8999999762
6667  -7.539  -75.326  -35.609 0.8999999762
6725  -8.972  -75.251  -39.048 0.8000000119
6726  -9.024  -75.730  -39.120 0.8000000119
6737  -8.641  -75.325  -40.157 0.5000000000
6738  -8.875  -75.176  -40.026 0.6000000238
6739  -8.951  -75.092  -39.545 0.6999999881
6768  -9.355  -74.540  -40.356 0.6999999881
6784  -9.424  -74.449  -41.141 0.6000000238
6785  -9.666  -74.243  -40.780 0.6999999881
7254  -3.605  -73.788  -24.052 0.6999999881
7255  -4.267  -74.148  -23.770 0.6999999881
7265  -5.512  -74.394  -24.197 0.8000000119
7266  -7.819  -74.160  -24.758 1.0000000000
7278  3.268  -74.664  -26.864 1.0000000000
7279  2.326  -74.729  -26.628 1.0000000000
7280  1.326  -74.830  -26.506 1.0000000000
7281  0.344  -74.890  -26.473 1.0000000000
7286  4.410  -74.348  -27.530 1.0000000000
7300  -2.817  -74.074  -28.575 1.0000000000
7304  -8.014  -74.142  -29.005 1.0000000000
7306  -9.453  -75.060  -28.751 1.0000000000
7309  2.553  -74.886  -29.216 1.0000000000
7316  0.677  -74.434  -30.718 1.0000000000
7324  -0.553  -74.037  -31.427 1.0000000000
7327  -6.870  -73.832  -31.695 1.0000000000
7329  -8.433  -74.623  -31.519 0.8999999762
7346  -2.735  -74.095  -33.761 1.0000000000
7348  -4.459  -74.501  -34.220 1.0000000000
7350  -6.192  -74.386  -33.247 1.0000000000
7372  -9.320  -74.485  -34.456 0.8999999762
7396  -9.210  -73.714  -34.837 0.8999999762
7418  -7.990  -73.977  -36.654 0.8999999762
7441  -8.245  -74.329  -37.448 0.8999999762
7476  -9.534  -73.949  -39.521 0.8000000119
7516  -10.009  -73.834  -41.051 0.8000000119
7885  -7.166  -73.395  -19.065 0.6000000238
7910  -5.746  -73.800  -22.608 0.6000000238
7925  -2.854  -73.093  -25.059 0.8000000119
7933  -4.332  -73.338  -25.660 0.8999999762
7935  -6.297  -73.684  -25.323 1.0000000000
7944  4.071  -73.403  -26.675 1.0000000000
7958  5.307  -72.885  -27.751 1.0000000000
7961  1.617  -72.833  -27.063 1.0000000000
7963  -0.153  -73.175  -28.001 1.0000000000
7964  -1.129  -73.438  -28.091 1.0000000000
7965  -1.979  -73.787  -28.271 1.0000000000
7977  -0.409  -72.582  -28.108 1.0000000000
7989  5.272  -73.391  -28.701 1.0000000000
7995  3.233  -73.782  -30.360 1.0000000000
8016  -8.747  -73.382  -32.327 0.8999999762
8024  -5.209  -73.593  -34.046 1.0000000000
8061  -8.003  -73.831  -35.980 0.8999999762
8111  -9.413  -73.611  -38.626 0.8000000119
8112  -9.906  -72.871  -39.105 0.8000000119
8145  -10.135  -73.333  -41.056 0.8000000119
8146  -10.035  -73.615  -40.578 0.8000000119
8156  -10.006  -73.365  -41.597 0.6999999881
8591  -2.591  -72.172  -24.133 0.8000000119
8592  -3.526  -72.379  -23.614 0.6999999881
8593  -4.858  -72.465  -23.303 0.6999999881
8613  -2.716  -72.383  -25.321 0.8000000119
8616  -5.907  -72.284  -25.611 1.0000000000
8619  -8.338  -71.803  -25.797 1.0000000000
8626  4.300  -72.663  -26.599 1.0000000000
8630  -8.926  -71.548  -26.002 1.0000000000
8655  -3.003  -72.637  -29.256 1.0000000000
8656  -4.075  -72.551  -29.042 1.0000000000
8667  5.089  -73.333  -29.412 1.0000000000
8671  5.250  -72.232  -30.376 1.0000000000
8678  3.446  -72.418  -31.385 1.0000000000
8681  0.302  -72.653  -32.504 1.0000000000
8684  -5.608  -72.298  -31.624 1.0000000000
8688  1.285  -71.820  -32.413 1.0000000000
8695  -8.096  -72.636  -32.284 0.8999999762
8699  -2.862  -72.461  -34.038 1.0000000000
8712  -9.096  -72.273  -34.485 0.8999999762
8755  -10.003  -71.818  -37.961 0.8999999762
8788  -10.159  -72.891  -40.564 0.6999999881
9359  0.649  -71.793  -24.696 1.0000000000
9361  -2.273  -71.481  -24.718 0.8000000119
9362  -2.287  -71.779  -24.553 0.6999999881
9377  -2.508  -71.366  -25.045 0.8999999762
9379  -3.430  -72.167  -25.717 0.8000000119
9382  -7.031  -70.753  -25.911 1.0000000000
9384  -8.134  -71.300  -25.836 1.0000000000
9391  4.675  -71.884  -26.655 1.0000000000
9392  1.119  -72.595  -26.307 1.0000000000
9394  -0.277  -71.775  -26.859 1.0000000000
9406  0.309  -72.464  -27.182 1.0000000000
9411  -4.249  -70.773  -28.541 1.0000000000
9412  -6.882  -70.895  -27.099 1.0000000000
9420  -1.770  -72.053  -28.664 1.0000000000
9423  -4.971  -71.927  -28.541 1.0000000000
9432  6.749  -70.773  -30.238 1.0000000000
9447  -4.141  -71.714  -31.113 1.0000000000
9448  -5.271  -71.756  -30.796 1.0000000000
9458  0.263  -71.057  -32.896 1.0000000000
9460  -2.182  -71.434  -33.118 1.0000000000
9463  -7.011  -70.874  -32.139 1.0000000000
9464  -7.520  -71.757  -32.412 0.8999999762
9468  -2.718  -71.782  -33.526 1.0000000000
9475  -8.776  -71.394  -34.478 0.8999999762
9486  -9.283  -70.953  -35.852 0.8999999762
9499  -9.515  -70.826  -36.757 0.8999999762
9526  -6.692  -71.241  -39.701 0.8999999762
9585  -9.641  -71.312  -41.242 0.8000000119
9606  -10.005  -71.106  -42.462 0.6000000238
10175  -1.084  -70.041  -22.442 0.6999999881
10176  -2.332  -70.434  -22.907 0.6999999881
10177  -4.046  -70.207  -22.836 0.5000000000
10188  3.287  -70.526  -23.033 1.0000000000
10217  1.869  -71.128  -23.871 1.0000000000
10219  -0.442  -71.001  -25.218 1.0000000000
10235  -3.311  -71.078  -25.229 0.8999999762
10276  7.194  -70.135  -28.912 1.0000000000
10286  -2.641  -70.081  -30.274 1.0000000000
10294  5.645  -70.065  -31.506 1.0000000000
10298  -1.441  -70.427  -31.900 1.0000000000
10309  3.255  -70.272  -32.452 1.0000000000
10325  -5.460  -70.271  -34.974 0.8999999762
10330  -4.243  -70.156  -36.238 0.8999999762
10346  -8.651  -69.792  -36.574 0.8999999762
10347  -9.119  -70.251  -36.407 0.8999999762
10378  -5.257  -70.904  -38.835 0.8999999762
10379  -6.170  -71.288  -39.341 0.8999999762
10398  -7.238  -71.105  -39.902 0.8999999762
10416  -8.714  -70.277  -40.582 0.8999999762
10417  -9.213  -70.793  -40.836 0.8999999762
10442  -9.845  -70.279  -42.497 0.6999999881
10454  -9.891  -69.854  -43.733 0.6999999881
10466  -9.785  -70.004  -44.282 0.6000000238
10488  -9.736  -69.506  -45.839 0.4000000060
10964  5.578  -69.597  -21.299 1.0000000000
10965  4.741  -69.624  -21.361 1.0000000000
10979  2.970  -69.403  -22.631 1.0000000000
10995  5.818  -70.298  -23.304 1.0000000000
10998  1.998  -68.841  -23.674 1.0000000000
11000  -0.655  -69.445  -22.753 0.6999999881
11056  -1.282  -70.089  -26.161 1.0000000000
11060  -5.511  -68.877  -26.516 1.0000000000
11068  7.554  -69.517  -27.850 1.0000000000
11070  -3.426  -69.586  -27.837 1.0000000000
11095  -6.046  -69.177  -29.792 1.0000000000
11107  -7.065  -69.344  -31.120 1.0000000000
11120  -6.659  -69.229  -32.465 1.0000000000
11133  -4.331  -69.454  -34.537 0.8999999762
11138  -4.000  -69.498  -35.367 0.8999999762
11145  -4.810  -70.289  -38.171 0.8999999762
11164  -8.145  -69.608  -40.423 0.8999999762
11221  -9.562  -69.471  -42.828 0.6999999881
11787  3.469  -68.310  -19.512 1.0000000000
11798  3.185  -68.285  -20.560 1.0000000000
11822  -0.297  -68.649  -21.493 0.6000000238
11835  -2.057  -68.474  -23.039 0.8000000119
11845  -1.415  -69.187  -23.294 0.6999999881
11863  -0.788  -67.746  -25.076 1.0000000000
11895  7.684  -68.317  -26.029 1.0000000000
11914  7.582  -68.664  -28.870 1.0000000000
11921  6.255  -68.352  -30.348 1.0000000000
11933  -6.907  -67.977  -30.305 1.0000000000
11940  5.347  -68.345  -31.962 1.0000000000
11941  -1.687  -68.923  -31.534 1.0000000000
11955  1.819  -68.810  -33.387 1.0000000000
11957  -0.860  -68.812  -33.070 1.0000000000
11961  -7.099  -67.986  -31.553 1.0000000000
11978  -4.190  -69.008  -34.387 0.8999999762
11986  -4.545  -68.681  -36.188 0.8999999762
11989  -4.293  -69.445  -36.667 0.8999999762
11997  -6.149  -68.905  -38.851 0.8999999762
12034  -8.995  -69.113  -42.431 0.8999999762
12049  -8.636  -68.400  -42.686 0.6999999881
12070  -9.391  -68.527  -43.923 0.6999999881
12106  -10.114  -68.839  -45.215 0.6999999881
12593  3.840  -67.392  -17.675 1.0000000000
12601  3.497  -67.786  -18.276 1.0000000000
12602  2.746  -67.468  -18.150 1.0000000000
12614  6.992  -67.762  -20.490 1.0000000000
12617  -0.804  -67.357  -21.075 0.6999999881
12625  2.478  -67.389  -21.758 1.0000000000
12627  -0.230  -68.019  -21.292 0.6000000238
12662  0.671  -67.126  -24.162 1.0000000000
12664  -3.857  -68.058  -23.146 0.8000000119
12665  -5.354  -67.380  -23.251 0.8000000119
12666  -5.798  -67.057  -23.739 0.8999999762
12683  -1.379  -67.140  -24.824 1.0000000000
12695  -5.090  -67.214  -25.493 1.0000000000
12729  4.901  -66.869  -29.028 1.0000000000
12737  5.371  -67.330  -29.687 1.0000000000
12747  5.140  -67.446  -31.159 1.0000000000
12751  -6.280  -67.139  -29.904 1.0000000000
12763  4.946  -67.389  -31.963 1.0000000000
12768  -7.107  -67.349  -30.806 1.0000000000
12789  -0.161  -67.389  -33.670 1.0000000000
12790  -1.076  -67.498  -33.483 1.0000000000
12796  -5.245  -67.635  -34.577 0.8999999762
12803  -4.450  -68.428  -34.949 0.8999999762
12812  -6.479  -67.100  -36.667 0.8999999762
12828  -1.935  -67.415  -39.105 0.8000000119
12859  -8.017  -67.962  -42.246 0.8000000119
12916  -8.878  -67.454  -46.105 0.6000000238
13425  2.487  -66.252  -16.537 1.0000000000
13457  -0.545  -66.775  -18.974 0.6999999881
13475  -5.311  -65.353  -21.008 0.8000000119
13502  0.560  -66.108  -23.017 1.0000000000
13518  -1.227  -66.173  -23.921 1.0000000000
13540  -5.662  -66.670  -23.810 0.8999999762
13553  5.604  -65.736  -26.194 1.0000000000
13565  6.625  -66.426  -27.558 1.0000000000
13571  1.086  -67.365  -28.324 1.0000000000
13580  7.060  -66.749  -28.197 1.0000000000
13585  2.660  -66.557  -28.617 1.0000000000
13616  3.372  -65.609  -31.112 1.0000000000
13618  -4.100  -65.831  -30.939 1.0000000000
13636  1.272  -66.416  -33.424 1.0000000000
13639  -1.417  -66.889  -33.231 1.0000000000
13640  -6.025  -66.674  -33.027 0.8999999762
13668  0.153  -66.294  -36.770 0.6999999881
13681  -3.219  -66.459  -38.112 0.8000000119
13688  -0.469  -67.301  -38.568 0.6999999881
13699  -0.596  -67.168  -39.458 0.6000000238
13718  -2.702  -66.960  -40.574 0.6999999881
13760  -8.111  -66.865  -43.026 0.8000000119
13793  -7.819  -66.035  -45.110 0.5000000000
13794  -8.349  -66.710  -45.592 0.6000000238
14319  1.691  -65.875  -16.565 1.0000000000
14320  0.995  -65.338  -16.772 1.0000000000
14322  -4.416  -65.043  -16.983 0.8000000119
14344  -5.117  -64.721  -19.635 0.8000000119
14351  6.968  -65.710  -20.800 1.0000000000
14354  0.708  -65.116  -20.716 1.0000000000
14367  0.392  -65.299  -21.588 1.0000000000
14384  -4.685  -65.145  -22.697 0.8999999762
14398  -5.386  -65.897  -22.860 0.8000000119
14411  4.166  -65.117  -25.886 1.0000000000
14423  -2.406  -66.623  -27.553 1.0000000000
14440  -2.739  -66.166  -28.701 1.0000000000
14450  -1.917  -66.782  -29.059 1.0000000000
14457  2.923  -65.789  -29.607 1.0000000000
14485  1.635  -64.739  -32.206 1.0000000000
14492  -6.204  -65.316  -32.494 1.0000000000
14514  -5.814  -66.092  -33.597 0.8999999762
14515  -5.783  -65.691  -33.112 1.0000000000
14523  -3.565  -65.362  -35.582 0.8999999762
14532  2.315  -65.465  -36.769 0.6999999881
14537  -2.158  -66.296  -36.177 0.8000000119
14560  1.727  -66.051  -37.818 0.6000000238
14574  -5.445  -64.113  -39.457 0.8000000119
14587  -4.095  -66.013  -40.553 0.8000000119
14603  -6.564  -64.984  -41.935 0.5000000000
15225  0.687  -64.629  -16.343 1.0000000000
15227  -4.464  -64.196  -16.689 0.8000000119
15234  0.596  -64.588  -17.313 1.0000000000
15239  0.670  -64.541  -18.360 1.0000000000
15249  0.505  -64.462  -19.340 1.0000000000
15265  -4.276  -63.808  -21.148 1.0000000000
15291  4.435  -64.595  -22.671 1.0000000000
15294  -4.108  -64.474  -22.373 1.0000000000
15295  -4.940  -64.933  -22.128 0.8999999762
15315  3.495  -64.658  -24.646 1.0000000000
15325  2.941  -64.651  -26.475 1.0000000000
15327  0.768  -65.037  -26.655 1.0000000000
15329  -2.345  -66.051  -26.535 1.0000000000
15339  -3.130  -66.188  -28.061 1.0000000000
15340  -4.011  -65.575  -27.764 1.0000000000
15357  1.260  -66.088  -29.136 1.0000000000
15388  2.726  -64.524  -30.483 1.0000000000
15397  -5.975  -64.771  -32.452 1.0000000000
15405  -0.095  -64.297  -33.037 1.0000000000
15410  -5.356  -64.003  -32.538 1.0000000000
15411  -6.058  -64.832  -32.897 1.0000000000
15437  -5.182  -64.481  -34.189 0.8999999762
15439  -5.744  -65.314  -33.311 0.8999999762
15465  2.808  -64.701  -36.415 0.5000000000
15470  -4.370  -65.162  -35.840 0.8999999762
15505  -3.991  -64.303  -40.110 0.6999999881
15539  -5.200  -65.033  -42.268 0.6000000238
16165  1.651  -63.093  -14.428 1.0000000000
16167  0.576  -63.366  -14.843 1.0000000000
16182  0.942  -63.940  -14.967 1.0000000000
16194  4.212  -63.930  -16.511 1.0000000000
16197  -0.001  -62.944  -16.619 1.0000000000
16233  -4.157  -62.973  -19.839 1.0000000000
16334  1.757  -63.735  -29.440 1.0000000000
16363  -4.598  -62.781  -32.648 1.0000000000
16365  -5.773  -64.396  -32.926 1.0000000000
16378  0.090  -63.332  -33.457 1.0000000000
16382  -5.101  -62.992  -33.771 0.8999999762
16383  -5.620  -64.110  -33.479 1.0000000000
16398  -4.088  -62.711  -34.178 0.8999999762
16401  -5.689  -64.773  -33.585 0.8999999762
16435  -1.074  -63.956  -36.559 0.8999999762
16446  -3.922  -63.462  -39.755 0.8000000119
16447  -3.994  -63.247  -39.651 0.8000000119
16454  -4.178  -63.277  -39.730 0.8000000119
17166  1.075  -62.685  -14.103 1.0000000000
17193  4.096  -62.724  -15.985 1.0000000000
17216  -4.006  -61.946  -18.529 1.0000000000
17230  4.976  -62.341  -19.759 1.0000000000
17300  -4.209  -63.341  -24.210 1.0000000000
17325  -0.305  -63.241  -25.852 1.0000000000
17392  1.645  -62.586  -30.628 1.0000000000
17419  -3.810  -61.789  -33.121 1.0000000000
17438  -3.882  -61.933  -33.665 0.8999999762
17439  -4.086  -61.776  -33.346 1.0000000000
18187  0.759  -61.213  -13.588 1.0000000000
18189  -0.551  -60.050  -14.708 1.0000000000
18199  2.416  -61.619  -14.014 1.0000000000
18229  -3.922  -61.023  -17.400 1.0000000000
18240  -3.821  -61.307  -17.980 1.0000000000
18244  5.446  -61.591  -18.672 1.0000000000
18312  -0.032  -61.950  -22.420 1.0000000000
18315  -4.326  -61.731  -22.371 1.0000000000
18316  -4.791  -61.985  -22.720 1.0000000000
18329  -0.756  -62.074  -23.190 1.0000000000
18376  -4.558  -61.720  -27.708 0.8000000119
18405  -0.670  -61.523  -29.768 1.0000000000
18406  -1.554  -61.565  -29.621 1.0000000000
18426  -0.171  -61.222  -30.261 1.0000000000
18427  -1.054  -61.076  -30.130 1.0000000000
18509  -0.026  -61.515  -36.916 0.6999999881
19257  2.128  -60.300  -13.387 1.0000000000
19259  0.370  -60.491  -13.516 1.0000000000
19267  3.463  -60.426  -14.297 1.0000000000
19280  -2.070  -58.862  -16.025 0.8000000119
19384  -4.012  -61.216  -21.704 1.0000000000
19386  -4.537  -60.436  -22.371 1.0000000000
19414  -4.703  -60.668  -23.888 1.0000000000
19492  -4.427  -60.207  -29.587 0.8999999762
19507  0.276  -60.924  -30.972 1.0000000000
19535  -1.176  -60.142  -31.098 1.0000000000
19556  0.432  -60.360  -32.419 1.0000000000
19573  -0.361  -60.120  -33.598 1.0000000000
20307  1.456  -59.742  -12.974 0.8999999762
20315  4.297  -59.251  -14.573 1.0000000000
20317  -0.737  -58.546  -14.635 0.8999999762
20323  5.779  -59.405  -16.416 1.0000000000
20325  -2.826  -58.502  -15.690 0.8000000119
20348  2.794  -59.665  -18.782 1.0000000000
20383  -3.140  -59.290  -20.313 1.0000000000
20403  -3.891  -60.007  -20.601 1.0000000000
20520  -4.448  -59.668  -29.270 0.6000000238
20536  -3.328  -59.634  -30.736 1.0000000000
20537  -3.867  -59.259  -30.339 0.8000000119
20576  -2.244  -59.408  -32.354 0.8999999762
21345  2.964  -57.940  -12.746 0.8999999762
21347  0.879  -58.180  -12.622 0.8999999762
21349  -0.503  -57.825  -13.947 0.8999999762
21350  -2.816  -57.651  -13.202 0.6999999881
21371  5.157  -58.190  -14.883 1.0000000000
21427  1.305  -59.213  -18.972 1.0000000000
21446  -1.651  -58.732  -19.756 1.0000000000
21483  19.142  -58.320  -22.626 0.4000000060
21496  18.114  -58.211  -23.360 0.4000000060
21515  -4.764  -58.416  -25.622 0.6999999881
21566  -4.293  -59.261  -29.062 0.6000000238
21596  -3.922  -58.744  -29.829 0.5000000000
21611  -3.778  -58.570  -31.718 0.8000000119
21626  -4.068  -58.770  -32.657 1.0000000000
21681  -1.101  -58.536  -38.688 0.8000000119
22351  -1.629  -56.675  -14.372 0.8000000119
22352  -2.582  -56.486  -13.471 0.6999999881
22362  4.169  -57.247  -13.818 0.8999999762
22376  6.013  -57.131  -15.812 1.0000000000
22622  -4.170  -57.357  -33.395 0.6999999881
22661  -2.784  -56.940  -37.861 0.6000000238
22674  -1.987  -57.638  -38.480 0.8000000119
23273  -0.090  -55.141  -10.043 0.6000000238
23297  -1.503  -54.570  -11.779 0.6999999881
23310  3.356  -56.370  -12.745 0.8999999762
23314  -0.820  -54.718  -13.568 0.8999999762
23315  -1.775  -54.555  -13.465 0.8000000119
23327  3.735  -56.816  -13.236 0.8999999762
23337  4.785  -56.817  -14.305 0.8999999762
23342  10.126  -55.755  -15.298 0.5000000000
23407  11.326  -56.747  -19.870 0.6999999881
23434  12.878  -57.043  -22.201 0.8000000119
23442  20.640  -55.971  -22.418 0.5000000000
23443  20.189  -56.732  -22.473 0.5000000000
23452  19.748  -56.281  -23.351 0.6000000238
23643  -2.664  -56.353  -37.254 0.5000000000
23644  -3.154  -56.375  -37.138 0.5000000000
24233  2.819  -55.123  -9.094 0.6000000238
24274  -1.716  -54.003  -13.084 0.6999999881
24290  -0.176  -54.164  -13.118 0.8000000119
24291  -1.165  -54.009  -13.197 0.8000000119
24327  5.575  -55.638  -15.595 0.8999999762
24351  6.239  -55.759  -17.458 1.0000000000
24362  6.249  -55.793  -18.073 1.0000000000
24421  18.486  -55.275  -23.546 0.6000000238
25221  2.144  -54.164  -11.039 0.6999999881
25236  3.437  -53.737  -11.123 0.8999999762
25255  1.681  -53.491  -12.096 0.8999999762
25257  0.275  -54.013  -12.445 0.8000000119
25283  4.103  -54.850  -14.638 0.8999999762
25334  -1.833  -54.677  -16.571 1.0000000000
25390  20.022  -54.936  -23.460 0.6000000238
26213  1.920  -52.919  -12.007 0.8999999762
26288  4.524  -53.724  -16.771 1.0000000000
26321  22.632  -53.069  -20.487 0.6000000238
27215  8.058  -52.830  -10.409 0.6999999881
27268  3.185  -51.838  -15.883 0.8999999762
27357  22.342  -52.518  -21.951 0.6999999881
28305  7.640  -51.995  -11.162 0.8000000119
28316  8.971  -52.212  -11.507 0.6999999881
28320  6.177  -51.029  -10.988 0.8999999762
28333  8.970  -51.653  -11.838 0.8000000119
28337  5.683  -50.508  -11.878 0.8999999762
28369  2.945  -50.801  -14.763 0.8999999762
28429  23.277  -51.585  -20.370 0.6000000238
29366  4.565  -49.721  -15.214 0.8999999762
29438  23.338  -50.832  -20.365 0.5000000000
29467  21.464  -51.118  -22.276 0.6999999881
31385  -0.834  -48.210  -16.112 0.8999999762
31386  -1.531  -47.778  -16.494 0.8999999762
34085  -0.206  -44.706  -18.617 0.6999999881
34091  1.034  -44.269  -18.605 0.6999999881
34092  0.029  -44.398  -19.046 0.6999999881
34119  12.557  -46.244  -23.227 1.0000000000
34912  0.612  -43.335  -18.780 0.6999999881
36568  9.398  -41.995  -24.486 0.8000000119
38395  8.613  -40.556  -24.341 0.6999999881
39336  8.542  -39.146  -19.361 0.6000000238
39355  8.455  -38.847  -21.048 0.6000000238
39391  8.123  -38.942  -24.360 0.5000000000
108621  1.935  -40.330  -19.331 0.6000000238
108639  7.058  -38.883  -18.872 0.6000000238
110477  -7.391  -79.110  -28.495 1.0000000000
111182  7.904  -38.814  -19.401 0.6999999881
111235  -4.322  -58.084  -34.695 0.8999999762
111348  -8.905  -81.618  -17.611 1.0000000000
111592  -8.761  -83.873  -25.885 1.0000000000
111655  -9.109  -89.830  -26.822 0.6999999881
111921  -9.163  -74.083  -32.998 0.8999999762
111958  -10.041  -72.335  -40.954 0.6999999881
112025  -8.780  -82.193  -23.104 1.0000000000
112399  -9.959  -80.684  -39.078 0.6000000238
112413  -7.408  -66.611  -41.958 0.6999999881
112444  -8.602  -79.546  -18.734 1.0000000000
112545  -8.333  -70.055  -35.101 0.8999999762
112740  -1.200  -72.315  -33.324 1.0000000000
112745  -7.727  -80.113  -15.833 0.6999999881
112835  -10.806  -87.436  -30.480 0.8999999762
113031  -7.221  -67.652  -40.683 0.8999999762
113076  -9.645  -85.372  -32.950 0.8999999762
113161  3.201  -53.491  -15.136 0.8999999762
113186  2.975  -65.176  -27.035 1.0000000000
113344  -8.785  -73.243  -35.767 0.8999999762
113416  3.984  -71.965  -24.890 1.0000000000
113658  6.103  -64.546  -19.668 1.0000000000
113760  -4.730  -63.820  -37.990 0.8000000119
113846  1.094  -54.431  -10.645 0.6000000238
113887  -8.013  -77.985  -16.632 0.8000000119
114293  -9.806  -84.944  -32.810 0.8999999762
114487  -6.928  -84.436  -33.995 0.5000000000
114600  -7.970  -77.433  -19.650 1.0000000000
114625  -6.493  -90.599  -28.679 0.6000000238
114719  -7.507  -71.394  -25.705 1.0000000000
114812  -2.473  -58.866  -19.962 1.0000000000
114815  -8.472  -82.899  -26.988 1.0000000000
115079  -7.981  -79.610  -34.866 0.8999999762
115474  -8.596  -81.510  -25.096 1.0000000000
115751  -8.960  -77.091  -37.597 0.8000000119
115784  -9.855  -71.826  -40.926 0.8999999762
115818  -2.933  -66.216  -36.248 0.8000000119
115819  -6.341  -85.390  -35.828 0.5000000000
116078  -6.136  -65.211  -38.032 0.8999999762
116237  -8.303  -79.386  -36.126 0.8000000119
116313  20.695  -55.393  -20.443 0.4000000060
116454  -8.075  -84.090  -28.081 1.0000000000
116458  -8.634  -85.127  -24.825 1.0000000000
116862  -0.638  -67.158  -37.581 0.6999999881
116865  1.623  -64.751  -36.310 0.6999999881
117472  -6.802  -70.952  -37.702 0.8999999762
117731  -10.667  -87.798  -30.502 0.8000000119
117908  2.500  -51.329  -12.921 0.8999999762
118010  10.138  -52.633  -13.096 0.6000000238
118155  7.274  -42.052  -21.530 0.8000000119
118715  -10.787  -88.456  -29.675 0.6999999881
118802  5.995  -54.240  -8.989 0.6000000238
118951  -8.431  -78.368  -25.600 1.0000000000
118986  -2.100  -61.830  -37.362 0.8999999762
119314  -6.921  -74.617  -22.729 0.8999999762
119459  19.583  -57.875  -22.122 0.4000000060
120067  0.736  -75.770  -28.780 1.0000000000
120122  -7.663  -78.845  -21.549 1.0000000000
120220  7.697  -68.050  -28.544 1.0000000000
120224  9.943  -53.271  -10.477 0.5000000000
120480  -3.941  -78.883  -30.413 1.0000000000
120832  21.806  -47.778  -21.427 0.6000000238
121259  -0.651  -76.381  -27.663 1.0000000000
121283  6.184  -66.001  -26.880 1.0000000000
121797  1.123  -61.648  -32.490 1.0000000000
121803  -6.827  -87.132  -34.630 0.5000000000
122260  -5.646  -68.421  -29.520 1.0000000000
122735  -7.472  -75.011  -18.286 0.6999999881
122913  -5.069  -79.031  -27.695 1.0000000000
123133  2.182  -64.296  -15.191 1.0000000000
123445  -3.618  -73.327  -23.642 0.6999999881
123511  9.529  -52.922  -11.469 0.6999999881
123781  -7.668  -77.247  -35.526 0.8999999762
123788  -3.024  -58.301  -37.209 0.8999999762
124207  -1.426  -74.165  -31.339 1.0000000000
124334  -8.269  -76.785  -39.543 0.6000000238
124773  1.713  -65.944  -27.091 1.0000000000
124779  -3.272  -73.578  -24.704 0.8000000119
124803  -7.937  -71.435  -25.745 1.0000000000
124810  -7.459  -88.894  -31.224 0.6000000238
124969  2.238  -69.510  -23.401 1.0000000000
125030  -8.582  -87.345  -32.864 0.6999999881
125070  -1.434  -70.227  -22.612 0.6000000238
125097  -9.813  -73.942  -40.133 0.8000000119
125648  4.472  -36.122  -20.610 0.5000000000
126128  5.215  -65.609  -25.631 1.0000000000
126182  -8.719  -83.264  -22.341 1.0000000000
126212  -8.032  -83.730  -31.002 1.0000000000
126246  8.329  -38.613  -19.811 0.6000000238
126339  6.931  -69.221  -21.380 1.0000000000
126398  -10.919  -79.316  -33.315 0.8999999762
126508  -9.727  -77.177  -38.335 0.8000000119
126509  9.055  -43.887  -24.279 0.8999999762
126540  -7.239  -74.966  -17.388 0.8000000119
126780  0.885  -53.747  -11.647 0.8000000119
126781  7.130  -69.626  -23.337 1.0000000000
126829  10.754  -57.352  -18.606 0.6000000238
126867  3.212  -63.720  -22.384 1.0000000000
127021  -9.239  -76.538  -37.923 0.8000000119
127296  -10.403  -81.474  -30.869 1.0000000000
127532  -4.135  -76.980  -26.564 1.0000000000
127678  -8.067  -78.636  -16.202 0.8999999762
127703  -5.704  -86.831  -36.193 0.4000000060
127722  2.910  -70.552  -23.255 1.0000000000
127736  3.104  -66.474  -16.649 1.0000000000
127906  -9.894  -69.437  -43.918 0.6999999881
127913  3.184  -59.220  -13.533 1.0000000000
127940  -2.867  -57.528  -14.129 0.6999999881
127993  -5.775  -73.796  -33.550 1.0000000000
128164  5.747  -52.962  -11.054 0.8000000119
128323  -7.355  -77.788  -22.404 1.0000000000
128327  -5.124  -65.953  -21.131 0.8000000119
128454  -4.390  -63.427  -16.496 0.6999999881
128473  4.559  -67.208  -17.901 1.0000000000
128582  -10.768  -79.275  -38.660 0.6000000238
128862  -9.841  -75.626  -29.076 1.0000000000
128971  -8.523  -67.412  -43.315 0.8000000119
129075  2.108  -52.179  -11.902 0.8999999762
129133  -1.505  -49.546  -15.474 0.8999999762
129168  1.005  -63.251  -26.032 1.0000000000
129225  7.497  -69.474  -28.512 1.0000000000
129247  -7.682  -75.299  -20.350 1.0000000000
129297  -10.721  -86.816  -30.711 1.0000000000
129406  5.779  -59.410  -18.156 1.0000000000
129440  -6.468  -88.851  -31.091 0.6000000238
129463  -8.547  -73.668  -35.490 0.8999999762
129574  -5.879  -77.532  -33.882 1.0000000000
129586  -8.423  -87.769  -21.903 0.8000000119
129663  -9.573  -84.924  -32.986 0.8000000119
129678  -3.842  -57.045  -21.218 1.0000000000
129943  1.011  -72.501  -26.924 1.0000000000
130222  4.584  -65.199  -17.148 1.0000000000
130420  -11.582  -88.089  -28.400 1.0000000000
130498  -10.758  -86.560  -28.810 1.0000000000
130500  4.766  -61.641  -16.246 1.0000000000
130581  -4.876  -71.230  -28.324 1.0000000000
130656  -4.934  -70.007  -34.451 0.8999999762
130689  -4.022  -78.319  -27.102 1.0000000000
130802  0.838  -59.405  -19.321 1.0000000000
130936  -9.243  -82.198  -20.453 1.0000000000
131011  -9.475  -80.422  -36.606 0.8000000119
131053  2.615  -64.437  -31.027 1.0000000000
131083  -3.221  -66.582  -41.116 0.6000000238
131361  -8.958  -75.195  -25.940 1.0000000000
131568  -8.858  -88.635  -24.589 0.6999999881
131595  4.958  -62.718  -17.094 1.0000000000
131692  0.358  -63.089  -25.800 1.0000000000
131790  -3.456  -71.317  -30.573 1.0000000000
131815  -2.248  -57.728  -15.374 0.8000000119
131933  -7.941  -85.476  -20.622 1.0000000000
131987  -8.319  -90.113  -21.503 0.6999999881
132026  -8.271  -87.782  -21.310 0.8000000119
132109  -0.100  -71.460  -32.929 1.0000000000
132366  -8.192  -76.828  -24.869 1.0000000000
132536  -5.377  -74.941  -33.867 1.0000000000
132560  -9.926  -82.150  -36.952 0.6999999881
132604  -9.124  -74.682  -41.514 0.5000000000
132612  0.944  -75.915  -28.398 1.0000000000
132777  -4.578  -80.476  -31.845 1.0000000000
132798  -9.393  -73.302  -37.938 0.8999999762
132829  -4.378  -65.676  -40.859 0.6999999881
132859  -4.591  -60.772  -22.958 1.0000000000
132887  -3.910  -65.189  -28.299 1.0000000000
132938  -7.004  -65.023  -42.309 0.5000000000
132989  -8.055  -91.588  -23.832 0.6000000238
133054  -9.978  -71.056  -42.819 0.6999999881
133217  -8.822  -76.807  -31.404 1.0000000000
133278  -1.594  -72.625  -33.526 1.0000000000
133332  -10.316  -77.650  -38.368 0.8000000119
133411  -10.917  -79.524  -33.840 0.8999999762
133960  -9.472  -80.095  -27.494 1.0000000000
134041  -7.647  -85.490  -30.419 1.0000000000
