#!ascii label  , from subject sub-v1s10x0051041_ses-1 vox2ras=TkReg
5097
71467  25.823  15.200  20.084 0.2000000030
70329  25.900  13.703  20.564 0.3000000119
70889  25.463  14.392  20.170 0.2000000030
71470  25.362  15.767  19.534 0.2000000030
70330  25.052  13.589  20.158 0.2000000030
70892  24.593  14.223  19.647 0.3000000119
70891  25.011  15.027  19.659 0.2000000030
71472  24.046  14.992  19.101 0.3000000119
69748  24.132  12.440  19.632 0.3000000119
70336  23.364  13.143  18.894 0.3000000119
70893  23.670  14.020  19.096 0.4000000060
71478  23.552  15.433  18.433 0.2000000030
68494  23.699  10.822  18.403 0.4000000060
69134  23.379  11.519  18.510 0.3000000119
70347  22.724  12.978  18.058 0.4000000060
91363  23.101  13.728  18.476 0.3000000119
70899  23.207  14.607  18.342 0.4000000060
70910  22.536  14.611  17.450 0.3000000119
67857  24.881  9.801  18.163 0.5000000000
68505  23.292  11.458  17.682 0.5000000000
91801  22.998  12.083  18.081 0.5000000000
103382  22.499  13.005  17.279 0.5000000000
70356  22.441  13.668  17.381 0.4000000060
67854  27.575  9.932  17.828 0.4000000060
95127  25.591  10.407  17.152 0.5000000000
68503  24.788  10.277  17.490 0.5000000000
68504  23.887  10.683  17.597 0.5000000000
69781  22.684  12.705  16.688 0.5000000000
70358  22.386  13.477  16.707 0.5000000000
70915  22.316  14.869  16.656 0.4000000060
68493  28.641  10.274  17.851 0.4000000060
68501  27.246  10.541  17.245 0.4000000060
68512  25.078  10.807  16.658 0.5000000000
69155  23.655  11.176  16.893 0.5000000000
69780  23.143  11.919  16.782 0.5000000000
70918  22.368  14.170  16.025 0.4000000060
68499  29.093  10.962  17.501 0.4000000060
68510  26.852  11.126  16.643 0.4000000060
68511  26.025  10.910  16.636 0.5000000000
69154  24.322  11.178  16.368 0.5000000000
69174  23.693  11.717  16.109 0.5000000000
69787  23.168  12.447  15.947 0.5000000000
70361  22.683  13.237  15.912 0.5000000000
69148  30.114  12.116  17.122 0.5000000000
69139  28.664  11.489  17.004 0.4000000060
69152  26.432  11.453  16.216 0.5000000000
69153  25.721  11.377  16.142 0.5000000000
69786  23.857  12.264  15.207 0.5000000000
90987  23.247  12.996  15.131 0.5000000000
70360  22.892  13.790  15.135 0.5000000000
69142  38.908  12.296  17.072 0.8000000119
69775  36.730  12.500  17.551 0.8999999762
69768  34.591  12.543  17.873 0.8000000119
96213  33.021  12.437  18.027 0.6000000238
69772  31.154  12.225  17.442 0.6000000238
98835  28.500  11.994  16.353 0.5000000000
69151  27.123  11.734  16.081 0.5000000000
69171  26.305  11.699  15.576 0.5000000000
108988  24.316  12.454  14.544 0.5000000000
70917  22.843  14.662  15.207 0.4000000060
69161  37.721  11.683  16.124 0.8000000119
69143  37.139  12.113  16.808 0.8999999762
69776  34.753  12.420  17.179 0.8000000119
69147  32.259  12.428  16.584 0.8000000119
69779  30.815  12.431  16.903 0.6999999881
69149  29.241  12.065  16.621 0.5000000000
69170  27.227  11.807  15.474 0.5000000000
69184  25.600  11.944  14.781 0.5000000000
95405  24.929  12.335  14.222 0.5000000000
107564  23.786  12.867  14.470 0.5000000000
70365  23.481  13.531  14.435 0.5000000000
68528  40.727  11.309  15.610 0.6999999881
69160  39.815  12.101  16.526 0.8000000119
69145  34.355  12.113  16.553 0.8000000119
69784  30.893  12.339  16.204 0.6999999881
94544  28.874  11.726  14.901 0.6000000238
69191  25.774  12.205  13.787 0.5000000000
69791  24.320  12.821  13.957 0.5000000000
68519  38.390  11.390  15.526 0.8000000119
69162  36.133  11.546  15.937 0.8999999762
69164  33.846  11.654  15.826 0.8999999762
69146  33.352  12.291  16.545 0.8000000119
69167  30.494  12.035  15.487 0.6999999881
69182  27.397  11.718  14.562 0.5000000000
69790  24.901  12.745  13.450 0.5000000000
70370  24.357  13.384  13.408 0.5000000000
68529  39.052  11.174  15.030 0.6999999881
68522  34.276  10.978  15.209 0.8999999762
94589  32.886  11.849  15.758 0.8000000119
69179  30.941  11.555  14.819 0.8999999762
105890  39.878  11.166  14.471 0.6999999881
68530  37.148  10.688  14.606 0.8000000119
68521  35.348  10.850  15.130 0.8999999762
68524  32.476  11.280  15.091 0.8000000119
69180  29.701  11.480  14.272 0.5000000000
69181  28.240  11.579  14.347 0.6000000238
69190  26.823  11.911  13.756 0.5000000000
70369  24.892  13.301  12.797 0.5000000000
67242  42.804  9.672  11.859 0.6000000238
67896  42.348  10.431  12.473 0.6999999881
68538  41.435  10.913  14.168 0.6999999881
68553  38.282  10.490  13.322 0.6999999881
68540  37.879  10.605  14.049 0.6999999881
68531  35.267  10.330  14.467 0.8999999762
95475  32.021  10.689  14.589 0.8999999762
68536  30.519  11.094  14.218 0.8999999762
69189  27.743  11.680  13.631 0.5000000000
69795  25.496  12.714  12.886 0.5000000000
67229  42.409  10.066  12.546 0.6999999881
68550  41.582  10.544  13.322 0.6999999881
68552  39.744  10.929  13.458 0.6999999881
105440  36.292  10.346  14.220 0.8000000119
68532  34.572  10.408  14.606 0.8000000119
68534  32.869  10.601  14.662 0.8999999762
68543  29.968  10.607  13.547 0.8999999762
69187  29.288  11.212  13.481 0.6000000238
69197  27.269  12.023  12.904 0.5000000000
67241  42.959  10.269  11.875 0.6999999881
68562  42.066  10.695  12.288 0.6999999881
68551  41.049  11.016  13.581 0.6999999881
67883  37.045  9.955  13.253 0.6999999881
67874  35.725  10.026  13.995 0.8999999762
67878  32.329  10.032  14.244 0.8999999762
101518  31.257  10.850  14.409 0.8999999762
90168  28.129  11.733  12.805 0.5000000000
68561  42.792  10.502  11.833 0.6999999881
68563  40.999  10.813  12.542 0.6999999881
67898  38.439  10.247  12.455 0.6999999881
93428  36.073  9.681  13.300 0.8000000119
67884  35.212  9.513  13.421 0.8999999762
67876  34.044  9.895  14.167 0.8000000119
68535  31.551  10.137  14.118 0.8999999762
69194  29.348  10.769  12.988 0.8000000119
69195  28.826  11.285  12.686 0.6000000238
68560  42.972  10.455  11.187 0.6999999881
68571  42.231  10.673  11.407 0.6999999881
67910  39.720  10.400  11.544 0.6999999881
67912  37.612  9.590  11.714 0.6999999881
67900  36.419  9.477  12.577 0.6999999881
67902  34.716  9.005  12.853 0.8000000119
67885  34.359  9.411  13.533 0.8000000119
67219  32.895  8.928  13.243 0.8000000119
67220  31.845  8.981  13.332 0.8999999762
67889  30.333  9.622  13.319 0.8999999762
67919  41.083  10.420  10.539 0.6999999881
67920  39.860  10.095  10.676 0.6999999881
67911  38.597  9.939  11.619 0.6999999881
67913  36.734  9.295  11.831 0.6999999881
67914  35.909  9.034  11.958 0.6000000238
67218  33.748  8.819  12.989 0.8000000119
67921  38.789  9.662  10.829 0.6999999881
67923  37.004  9.136  11.103 0.6000000238
67245  36.250  8.826  11.254 0.6000000238
67233  35.098  8.780  12.093 0.8000000119
91462  34.227  8.582  12.197 0.8000000119
94002  33.214  8.393  12.245 0.8000000119
108007  33.101  8.639  12.822 0.8000000119
67936  39.036  9.369  10.105 0.6999999881
67257  38.080  9.088  10.258 0.6000000238
67258  37.220  8.893  10.419 0.6000000238
102679  36.557  8.731  10.655 0.6000000238
67246  35.466  8.641  11.344 0.6000000238
67248  33.816  8.270  11.435 0.8000000119
97182  32.872  8.028  11.358 0.8000000119
67276  36.502  8.467  9.954 0.6000000238
90141  35.039  8.395  10.793 0.6999999881
67260  34.311  8.183  10.708 0.8000000119
90346  37.472  8.558  9.690 0.6000000238
67277  35.691  8.161  9.863 0.6000000238
66541  36.092  7.828  9.433 0.6000000238
71465  27.358  15.629  20.624 0.2000000030
71469  26.164  15.975  19.814 0.2000000030
72014  25.611  16.614  19.216 0.2000000030
71471  24.642  15.585  19.238 0.2000000030
70909  23.055  15.458  17.794 0.2000000030
71486  22.625  15.528  17.127 0.3000000119
69141  40.203  12.251  17.351 0.8000000119
70922  23.340  14.284  14.463 0.4000000060
68518  40.710  11.537  16.198 0.6999999881
70928  23.880  13.956  13.705 0.5000000000
68527  40.967  11.036  15.028 0.6999999881
67256  41.509  8.489  11.419 0.5000000000
67244  40.786  8.631  12.318 0.6000000238
67881  41.581  10.610  13.993 0.6999999881
66525  41.678  8.010  10.264 0.5000000000
67897  41.740  10.343  13.234 0.6999999881
67255  42.816  9.135  10.783 0.6000000238
67243  41.953  9.375  12.357 0.6999999881
67871  41.202  11.012  14.469 0.6999999881
106232  25.394  13.166  12.348 0.5000000000
69799  25.930  12.729  12.213 0.6000000238
66524  42.880  8.695  9.900 0.6999999881
69196  27.628  11.977  12.138 0.5000000000
67272  43.757  9.647  9.931 0.6999999881
67254  43.396  10.032  10.855 0.6999999881
67890  29.535  9.809  12.814 0.8999999762
67903  30.018  9.001  12.745 0.8999999762
67935  40.118  9.747  9.891 0.6999999881
67234  32.453  8.518  12.744 0.8000000119
67235  31.449  8.419  12.623 0.8000000119
67275  39.328  9.016  9.420 0.6999999881
106937  37.959  8.396  9.314 0.6999999881
66526  34.915  8.102  10.098 0.6999999881
107229  32.711  7.793  10.683 0.8000000119
66558  37.533  7.877  8.968 0.6000000238
66559  36.602  7.378  8.895 0.6000000238
66527  33.955  7.822  10.098 0.6999999881
66528  33.081  7.659  10.121 0.8000000119
66542  35.261  7.640  9.498 0.6999999881
65820  34.825  6.892  9.074 0.6999999881
65832  36.245  6.473  8.482 0.6000000238
66560  35.721  7.104  8.982 0.6999999881
65834  34.386  6.219  8.573 0.6999999881
72009  27.801  16.504  20.345 0.2000000030
72559  27.889  17.192  19.915 0.2000000030
72012  27.265  16.932  19.771 0.2000000030
72017  24.889  16.853  18.682 0.2000000030
71477  24.095  15.846  18.734 0.2000000030
72018  24.185  16.609  18.416 0.2000000030
72019  23.519  16.162  18.116 0.2000000030
72043  22.825  15.940  16.039 0.3000000119
71497  23.030  15.545  15.327 0.3000000119
71508  23.848  14.791  13.958 0.5000000000
70927  24.270  14.536  13.398 0.5000000000
70931  24.517  14.000  12.872 0.5000000000
65817  41.442  6.309  9.064 0.6000000238
65818  40.887  6.874  9.721 0.5000000000
70372  25.163  13.756  12.244 0.5000000000
65028  41.617  5.460  9.056 0.6000000238
65829  42.103  6.144  8.589 0.6000000238
66540  42.261  7.688  9.436 0.6000000238
69802  27.231  12.407  11.503 0.5000000000
69803  26.367  12.860  11.550 0.6000000238
66555  42.864  7.501  8.580 0.6000000238
69209  28.660  11.096  11.087 0.6999999881
69202  28.645  11.173  11.823 0.6999999881
66539  43.713  8.900  9.214 0.6000000238
94452  44.038  10.041  9.898 0.6999999881
67917  43.478  10.177  10.335 0.6999999881
68565  29.048  9.740  11.941 0.8999999762
67271  44.068  9.834  9.314 0.6000000238
67237  29.891  8.586  12.191 0.8999999762
67236  30.543  8.452  12.417 0.8999999762
67944  43.948  9.856  8.864 0.6000000238
67933  43.029  10.349  9.468 0.6000000238
67934  41.452  10.126  9.674 0.6999999881
67250  31.121  7.974  11.887 0.8000000119
67273  42.027  9.953  8.914 0.6000000238
66530  31.268  7.632  10.264 0.8000000119
67249  32.136  8.088  12.028 0.8000000119
67274  40.523  9.440  9.171 0.6999999881
66556  40.270  8.143  8.111 0.5000000000
66557  39.184  7.734  8.283 0.6000000238
91941  38.554  8.299  8.932 0.6000000238
65822  32.955  6.669  9.093 0.6999999881
66544  33.475  7.324  9.603 0.6999999881
65830  38.208  7.324  8.383 0.5000000000
65831  37.279  6.718  8.359 0.6000000238
65835  33.443  6.200  8.517 0.6999999881
65846  39.208  6.636  7.110 0.5000000000
66574  38.800  6.927  7.798 0.5000000000
65833  35.313  6.320  8.549 0.6000000238
65041  34.869  5.661  8.071 0.6000000238
65847  38.353  6.271  7.363 0.5000000000
65848  37.562  6.033  7.669 0.5000000000
65849  36.715  5.864  7.934 0.5000000000
65057  35.313  5.470  7.356 0.6000000238
65058  34.403  5.585  7.306 0.6999999881
65055  37.074  5.573  7.199 0.5000000000
65071  36.548  5.476  6.453 0.5000000000
65072  35.685  5.449  6.464 0.5000000000
72008  28.501  16.453  20.739 0.2000000030
72557  29.461  17.441  20.485 0.2000000030
72564  27.533  17.586  19.495 0.2000000030
72566  26.134  17.206  19.135 0.2000000030
73117  27.352  18.670  18.668 0.2000000030
72565  26.811  17.390  19.322 0.2000000030
72571  25.409  17.451  18.619 0.2000000030
72570  26.280  17.803  18.812 0.2000000030
103931  23.660  17.045  17.674 0.2000000030
72575  24.852  18.019  18.045 0.2000000030
72576  24.184  17.983  17.435 0.2000000030
102829  23.605  17.601  17.033 0.2000000030
72035  22.856  16.189  16.756 0.2000000030
72582  23.903  18.195  16.646 0.2000000030
72034  23.137  16.708  16.230 0.3000000119
73130  23.937  18.290  15.928 0.2000000030
72583  23.506  17.542  16.306 0.3000000119
72042  23.254  16.362  15.510 0.3000000119
72591  23.816  17.594  15.491 0.3000000119
72596  24.287  17.318  14.809 0.3000000119
72047  23.549  16.019  14.827 0.3000000119
71501  23.388  15.154  14.618 0.4000000060
72045  24.898  16.904  14.223 0.3000000119
71500  24.021  15.646  14.217 0.4000000060
72053  24.689  16.114  13.886 0.3000000119
71507  24.440  15.289  13.591 0.5000000000
71506  25.082  15.727  13.243 0.4000000060
71511  24.759  14.861  12.944 0.4000000060
71510  25.341  15.317  12.507 0.4000000060
70930  25.125  14.444  12.270 0.5000000000
64226  42.129  5.004  9.133 0.5000000000
70942  26.498  14.331  10.435 0.6000000238
70935  25.858  14.635  10.922 0.6000000238
70936  25.508  14.132  11.574 0.6000000238
64214  43.275  4.677  9.358 0.5000000000
65040  42.353  5.597  8.632 0.6000000238
70375  26.122  13.678  11.026 0.6000000238
64213  44.776  4.455  9.144 0.5000000000
104985  42.864  5.152  8.750 0.5000000000
65039  43.242  5.585  8.211 0.6000000238
93313  27.519  13.189  10.418 0.6000000238
69811  26.899  12.987  10.938 0.6000000238
64225  43.918  4.935  8.550 0.6000000238
69810  27.742  12.477  10.878 0.6000000238
69203  28.160  11.868  11.476 0.5000000000
97400  28.287  11.601  12.156 0.5000000000
65828  42.997  6.478  8.074 0.6000000238
66554  43.556  8.776  8.503 0.6000000238
92310  28.558  11.879  10.761 0.5000000000
68566  28.757  10.415  11.490 0.8999999762
96137  43.498  7.863  7.925 0.5000000000
68573  28.653  10.242  10.760 0.8999999762
67924  29.010  9.101  11.446 0.8000000119
65053  43.892  6.217  7.686 0.5000000000
65845  43.991  7.417  7.553 0.6000000238
67263  29.160  8.598  10.865 0.8999999762
67251  30.237  8.156  11.733 0.8000000119
104814  43.521  9.038  8.322 0.6000000238
67285  42.698  9.482  8.433 0.6000000238
66531  30.336  7.814  10.266 0.8999999762
66569  44.596  8.205  7.032 0.5000000000
66570  43.887  8.598  7.492 0.6000000238
107297  42.597  9.043  8.024 0.6000000238
67286  41.031  9.021  8.526 0.6000000238
66529  32.204  7.614  10.192 0.8000000119
66582  44.574  8.306  6.539 0.6000000238
67293  43.700  8.869  7.177 0.6000000238
66571  42.454  8.786  7.477 0.6000000238
65823  32.078  6.771  9.034 0.6999999881
67302  43.767  8.859  6.563 0.6000000238
92044  42.165  8.223  5.717 0.6000000238
66572  40.827  7.993  7.413 0.5000000000
66573  39.694  7.378  7.566 0.5000000000
65042  33.950  5.713  8.006 0.6999999881
65836  32.496  6.392  8.332 0.6999999881
66586  40.202  7.228  6.702 0.5000000000
102610  32.852  6.143  7.020 0.8000000119
65873  40.697  7.687  4.727 0.5000000000
65860  40.220  7.085  5.776 0.5000000000
65862  38.652  6.152  6.617 0.5000000000
65073  34.782  5.558  6.466 0.6000000238
65863  33.206  6.057  6.444 0.8000000119
66595  41.732  8.248  4.508 0.5000000000
65874  39.773  6.853  5.118 0.5000000000
65069  38.086  5.865  6.014 0.5000000000
101579  36.841  5.611  5.715 0.5000000000
65088  36.064  5.602  5.478 0.5000000000
65089  35.129  5.641  5.581 0.5000000000
65090  34.242  5.824  5.587 0.6000000238
65884  40.060  7.848  3.705 0.5000000000
65885  39.084  6.757  4.472 0.5000000000
65098  37.435  6.218  4.166 0.5000000000
100262  36.090  5.853  4.572 0.5000000000
97116  35.383  5.837  4.681 0.5000000000
65109  41.633  6.257  3.404 0.4000000060
65110  40.858  6.613  2.590 0.4000000060
92462  30.199  18.638  19.598 0.2000000030
72563  28.261  17.729  19.686 0.2000000030
73635  32.141  19.788  18.759 0.1000000015
73624  30.879  19.119  19.335 0.1000000015
73110  29.486  18.524  19.503 0.2000000030
73112  27.838  18.243  19.222 0.2000000030
74165  30.988  20.377  18.139 0.1000000015
74166  30.006  20.238  18.190 0.1000000015
73116  28.240  18.944  18.768 0.2000000030
97096  28.889  19.477  18.581 0.2000000030
73118  26.514  18.497  18.481 0.2000000030
73638  28.226  19.784  18.171 0.2000000030
73639  27.575  19.265  18.349 0.2000000030
73119  25.622  18.285  18.260 0.2000000030
73122  24.943  18.723  17.495 0.2000000030
74178  27.756  20.496  17.410 0.2000000030
73643  26.333  19.672  17.501 0.2000000030
73651  25.902  20.129  16.765 0.2000000030
73652  25.197  19.846  16.306 0.2000000030
74185  25.731  20.424  15.932 0.2000000030
73129  24.287  18.802  16.281 0.2000000030
94059  26.661  19.018  13.591 0.2000000030
98197  25.445  18.946  14.386 0.3000000119
73136  24.862  19.169  15.135 0.3000000119
73137  24.393  18.831  15.705 0.3000000119
73147  26.178  18.511  13.898 0.3000000119
73142  25.006  18.474  14.648 0.3000000119
72602  27.961  17.838  13.331 0.3000000119
73146  27.065  18.105  13.614 0.3000000119
105361  25.669  18.058  14.220 0.3000000119
72595  24.971  17.727  14.480 0.3000000119
72618  27.579  17.389  13.025 0.3000000119
101747  27.230  17.643  13.389 0.3000000119
72603  26.455  17.642  13.711 0.3000000119
72604  25.642  17.293  13.961 0.3000000119
72617  28.570  17.524  13.008 0.4000000060
72057  26.990  16.898  12.345 0.3000000119
72619  26.833  17.143  13.161 0.3000000119
72052  25.400  16.531  13.609 0.3000000119
72062  26.474  16.247  11.683 0.4000000060
72058  26.369  16.519  12.617 0.4000000060
72059  25.738  16.141  12.920 0.4000000060
72071  26.635  15.999  10.747 0.6000000238
71513  26.010  15.483  11.147 0.5000000000
71514  25.538  14.946  11.660 0.5000000000
71522  26.387  15.175  10.427 0.6000000238
71531  27.551  15.325  9.477 0.6000000238
70382  27.221  13.991  10.060 0.6000000238
71521  27.005  15.673  10.002 0.6000000238
99870  28.387  14.168  9.312 0.6000000238
70950  27.689  14.470  9.550 0.6000000238
69809  28.365  12.640  10.318 0.6000000238
94553  29.565  12.949  9.380 0.6999999881
69820  28.966  12.792  9.733 0.6000000238
69808  29.132  12.011  10.129 0.8000000119
69208  28.970  11.033  10.320 0.8999999762
69217  29.504  11.574  9.577 0.8000000119
68580  28.702  10.019  9.949 0.8999999762
67264  28.953  8.742  10.141 0.8999999762
65844  44.781  7.054  7.233 0.5000000000
69224  29.753  11.364  8.887 0.6999999881
67937  28.693  9.824  9.057 0.8999999762
67279  28.694  9.224  9.625 0.8999999762
66532  29.533  8.233  10.207 0.8999999762
68586  29.185  10.509  8.504 0.8999999762
67946  28.785  9.591  8.166 0.8999999762
67288  29.040  8.395  8.554 0.8999999762
66547  30.740  7.505  9.484 0.8000000119
66568  45.018  7.559  6.783 0.5000000000
67301  44.003  8.649  6.252 0.6000000238
104621  28.830  8.775  7.983 0.8999999762
66562  30.502  7.423  8.719 0.8999999762
66561  31.266  7.071  8.901 0.8999999762
66592  44.259  8.127  5.830 0.6000000238
66583  43.193  8.542  5.899 0.6000000238
66576  30.108  7.603  8.052 0.8999999762
66575  30.980  7.112  8.002 0.8999999762
65870  45.017  6.869  6.083 0.5000000000
65872  43.464  7.676  5.083 0.6000000238
66594  42.555  8.114  4.854 0.6000000238
107574  32.303  6.488  6.947 0.8999999762
65871  44.402  7.279  5.625 0.5000000000
66601  42.760  8.093  4.304 0.6000000238
66610  42.320  8.125  3.760 0.6000000238
65864  32.526  6.442  6.169 0.8000000119
65883  42.872  7.488  4.098 0.6000000238
66611  41.593  8.092  3.492 0.5000000000
66604  40.423  8.098  2.944 0.5000000000
65100  34.583  5.907  4.754 0.5000000000
65887  33.059  6.282  4.707 0.8000000119
65102  33.276  6.247  3.657 0.6000000238
65894  42.076  7.513  3.492 0.6000000238
66612  40.771  8.017  2.906 0.5000000000
66613  40.172  7.990  2.246 0.5000000000
65897  39.915  8.066  2.811 0.5000000000
94857  38.621  7.442  2.768 0.5000000000
106084  35.696  6.163  3.754 0.5000000000
93036  34.133  6.153  3.992 0.5000000000
65895  41.243  7.567  2.951 0.5000000000
65896  40.508  7.631  2.217 0.5000000000
65909  39.953  7.516  1.482 0.4000000060
66621  39.663  7.656  1.589 0.5000000000
65911  38.746  7.449  1.575 0.5000000000
65899  37.759  7.110  2.707 0.5000000000
65099  36.523  6.153  3.928 0.5000000000
65113  35.133  6.323  2.443 0.5000000000
65114  34.105  6.169  2.720 0.5000000000
74164  32.434  20.308  18.321 0.1000000015
74167  29.143  20.032  18.213 0.1000000015
97864  28.650  20.367  17.767 0.1000000015
74179  26.753  20.298  17.142 0.2000000030
73667  25.942  19.486  13.962 0.2000000030
73668  25.484  19.792  14.657 0.2000000030
100881  26.523  21.165  14.805 0.2000000030
73670  27.238  19.414  13.176 0.3000000119
73671  26.462  19.983  13.491 0.2000000030
74204  26.566  20.714  13.717 0.2000000030
73157  30.117  18.426  13.147 0.3000000119
73158  29.196  18.934  12.883 0.3000000119
106804  28.344  18.625  13.197 0.3000000119
106662  27.474  18.503  13.419 0.3000000119
73145  29.514  18.054  13.375 0.3000000119
72601  29.012  17.813  13.246 0.3000000119
72600  30.492  17.765  13.277 0.3000000119
104721  29.724  17.706  13.211 0.3000000119
72615  30.472  17.447  13.049 0.4000000060
72616  29.419  17.506  12.983 0.4000000060
72631  27.676  17.260  12.167 0.4000000060
72061  27.097  16.732  11.334 0.4000000060
72629  29.634  17.520  12.229 0.4000000060
72630  28.565  17.471  11.927 0.4000000060
72644  27.736  17.190  10.957 0.4000000060
72643  28.437  17.434  10.454 0.4000000060
72076  28.284  16.602  9.213 0.6000000238
71530  28.137  15.793  9.064 0.6000000238
70949  28.204  14.920  9.098 0.6000000238
70390  28.961  13.544  9.336 0.6000000238
69827  30.672  12.509  8.579 0.6999999881
69836  30.906  12.325  7.952 0.6999999881
69231  29.758  11.126  7.971 0.8999999762
69230  30.291  11.657  7.473 0.8999999762
67950  29.108  9.313  7.389 0.8999999762
68590  29.777  10.839  7.028 0.8000000119
68597  29.556  9.885  6.795 0.8999999762
67956  29.584  8.990  6.736 0.8999999762
67295  29.948  8.224  6.901 0.8999999762
66587  31.131  7.243  6.961 0.8999999762
96242  31.188  7.467  5.995 0.8999999762
93462  31.796  6.880  4.532 0.8000000119
65888  32.398  6.533  4.084 0.8000000119
65901  31.548  6.696  3.419 0.6999999881
74208  27.771  20.782  12.484 0.3000000119
74809  27.080  21.401  13.487 0.2000000030
74799  27.116  21.518  15.396 0.2000000030
73677  32.631  18.342  13.123 0.2000000030
73678  31.608  18.712  12.850 0.3000000119
73679  30.677  19.091  12.613 0.3000000119
73696  30.330  20.117  11.735 0.3000000119
73682  27.821  19.928  12.634 0.3000000119
74811  28.134  21.348  12.180 0.3000000119
75427  27.910  22.519  13.208 0.2000000030
93648  33.477  17.776  13.226 0.3000000119
73155  31.867  17.811  13.392 0.3000000119
73156  31.029  18.119  13.346 0.3000000119
74222  29.333  20.555  11.721 0.3000000119
74820  29.242  21.617  11.426 0.3000000119
75430  28.023  22.128  12.494 0.2000000030
108533  28.652  23.410  12.815 0.1000000015
72612  33.476  17.428  13.035 0.3000000119
73154  32.613  17.488  13.229 0.3000000119
72599  31.282  17.588  13.293 0.3000000119
72614  31.276  17.314  13.119 0.3000000119
72626  32.459  17.274  13.110 0.3000000119
93842  31.092  17.270  12.922 0.3000000119
72628  30.500  17.496  12.235 0.3000000119
72641  29.839  17.793  11.181 0.5000000000
72642  29.114  17.728  10.863 0.4000000060
72655  29.954  18.009  9.032 0.5000000000
73178  29.660  18.036  10.000 0.5000000000
72657  28.573  17.276  9.519 0.5000000000
72676  30.427  17.625  8.385 0.6000000238
72678  28.859  17.054  8.786 0.6000000238
72107  30.782  16.349  7.698 0.5000000000
71540  29.375  15.750  8.372 0.6000000238
72092  28.726  16.257  8.675 0.6000000238
71551  31.493  15.426  7.550 0.6000000238
70958  30.144  15.078  8.219 0.6000000238
98424  29.413  14.948  8.510 0.6000000238
70967  31.696  14.291  7.678 0.6000000238
70957  31.240  13.783  8.148 0.6000000238
93562  29.924  14.236  8.583 0.6999999881
70399  29.731  13.510  8.978 0.6000000238
70398  30.600  13.378  8.592 0.6999999881
70406  32.198  13.881  7.329 0.5000000000
70407  31.682  13.470  7.705 0.6000000238
69826  31.271  12.982  8.216 0.6000000238
70421  31.655  13.256  6.047 0.6000000238
69841  31.252  12.690  6.526 0.6000000238
69835  31.373  12.793  7.484 0.6000000238
69842  30.745  12.168  6.942 0.6999999881
69242  31.100  11.673  5.107 0.6999999881
69243  30.592  11.066  5.649 0.6999999881
69859  31.540  12.466  4.474 0.6999999881
68604  30.583  10.060  5.471 0.8000000119
67303  30.196  8.574  6.231 0.8999999762
69249  31.570  11.248  4.278 0.8000000119
68603  31.099  10.670  4.872 0.8000000119
67962  30.690  8.941  5.469 0.8000000119
66596  30.647  8.113  5.866 0.8999999762
66605  31.479  7.413  5.093 0.8999999762
67320  30.912  8.241  2.844 0.8999999762
67961  31.219  9.676  4.779 0.8000000119
67308  31.028  8.051  5.302 0.8000000119
101006  31.252  7.920  4.610 0.8999999762
108885  31.209  7.783  3.838 0.8999999762
68611  31.722  10.241  4.147 0.8000000119
96842  31.294  8.739  4.718 0.8000000119
67967  31.731  9.380  4.088 0.8000000119
73694  32.153  19.505  12.055 0.2000000030
73695  31.241  19.768  11.852 0.2000000030
73680  29.770  19.509  12.354 0.3000000119
72609  35.894  17.721  12.520 0.2000000030
73693  33.040  19.387  12.179 0.2000000030
74819  30.058  21.087  11.221 0.2000000030
75436  29.073  22.619  11.479 0.2000000030
76069  28.760  23.319  12.049 0.2000000030
72640  35.656  17.560  11.233 0.2000000030
72625  34.510  17.436  12.015 0.2000000030
72611  34.398  17.501  12.814 0.2000000030
74235  31.402  21.244  10.763 0.2000000030
74834  29.986  22.116  10.944 0.2000000030
75449  29.752  23.089  11.109 0.2000000030
104062  29.699  23.727  11.389 0.2000000030
73173  34.907  17.821  10.796 0.2000000030
73174  33.572  17.661  11.581 0.2000000030
73167  32.153  17.365  12.516 0.3000000119
73168  31.290  17.456  12.270 0.3000000119
73189  33.382  18.445  9.626 0.4000000060
105857  33.643  18.220  10.394 0.4000000060
73175  32.600  17.782  11.443 0.3000000119
73176  31.646  17.915  11.151 0.3000000119
73177  30.611  17.998  10.866 0.3000000119
73207  31.648  18.400  8.979 0.4000000060
73191  31.159  18.362  9.806 0.4000000060
73192  30.400  18.229  9.617 0.5000000000
72691  32.704  17.532  7.579 0.4000000060
72675  31.258  17.865  8.242 0.6000000238
73208  30.763  18.243  8.927 0.5000000000
72104  33.305  16.881  7.130 0.5000000000
72106  31.615  16.505  7.436 0.5000000000
72692  31.813  17.364  7.634 0.5000000000
72693  30.956  17.158  7.786 0.5000000000
72123  33.077  15.994  6.894 0.4000000060
72105  32.464  16.703  7.238 0.6000000238
103158  31.953  16.693  3.183 0.6000000238
104770  33.554  15.313  6.741 0.4000000060
71550  32.356  15.723  7.220 0.6000000238
108921  34.575  16.265  2.979 0.6999999881
72140  33.631  16.595  3.715 0.6000000238
72151  32.876  16.512  2.991 0.6000000238
71565  34.208  15.242  6.510 0.4000000060
71566  33.020  14.988  7.057 0.5000000000
70966  32.333  14.687  7.349 0.6000000238
72161  34.131  15.914  1.923 0.6000000238
72150  33.933  16.252  2.633 0.6000000238
72162  33.215  16.287  2.016 0.6000000238
72170  32.471  16.275  1.229 0.6000000238
70979  33.475  14.689  6.519 0.5000000000
72160  34.819  15.982  2.472 0.6999999881
71588  34.485  15.791  2.337 0.6000000238
72169  33.701  16.003  1.074 0.6000000238
97171  34.490  14.705  6.065 0.4000000060
70980  32.765  14.279  6.975 0.5000000000
71589  34.134  15.459  1.139 0.6000000238
71594  34.271  15.696  -0.049 0.6000000238
70988  33.620  14.398  5.866 0.6000000238
70420  32.059  13.788  5.505 0.6000000238
71013  34.287  15.353  1.579 0.6000000238
71021  34.679  15.170  0.271 0.6000000238
71028  34.926  14.500  -0.704 0.6000000238
70999  32.705  14.223  5.059 0.6999999881
71014  33.327  14.232  2.127 0.6000000238
70444  33.764  13.409  1.112 0.6000000238
91858  34.014  12.627  0.100 0.6999999881
70429  31.604  13.266  5.116 0.6999999881
70428  32.034  13.729  4.201 0.6999999881
70436  32.459  13.343  3.065 0.6999999881
98191  32.970  13.232  2.134 0.6999999881
69873  33.675  11.870  1.053 0.8000000119
69269  33.458  10.835  0.586 0.8000000119
69257  31.990  11.660  3.717 0.6999999881
69858  32.148  12.528  3.491 0.6999999881
69256  32.572  11.422  2.878 0.6999999881
68617  32.759  10.672  2.369 0.8000000119
68625  32.947  10.432  1.318 0.8000000119
67972  32.401  9.923  2.417 0.8000000119
67980  31.505  9.204  1.885 0.8999999762
96113  32.080  9.881  3.487 0.8000000119
67313  31.531  8.519  3.999 0.8000000119
68618  32.293  10.660  3.389 0.8000000119
72638  37.672  17.597  11.374 0.2000000030
72622  37.438  17.924  12.148 0.2000000030
72621  38.499  17.946  11.597 0.2000000030
72639  36.499  17.524  11.109 0.2000000030
97950  34.912  18.249  9.628 0.4000000060
73205  33.570  18.448  8.872 0.4000000060
73206  32.674  18.465  9.103 0.4000000060
72673  35.175  18.029  8.236 0.3000000119
73222  33.797  18.213  8.173 0.3000000119
73223  33.055  18.197  8.152 0.3000000119
72689  34.381  17.923  7.840 0.3000000119
72690  33.576  17.683  7.620 0.4000000060
72102  35.324  16.814  7.197 0.4000000060
72103  34.305  17.057  7.206 0.5000000000
72141  32.461  16.776  3.940 0.6999999881
72122  33.851  16.124  6.787 0.4000000060
72720  32.954  17.080  4.739 0.5000000000
72120  35.772  15.867  6.676 0.4000000060
72149  35.433  15.981  2.880 0.5000000000
71564  35.151  15.168  6.305 0.4000000060
71582  35.290  15.895  2.772 0.6999999881
71005  34.856  15.619  2.664 0.6000000238
71006  33.725  14.821  2.717 0.6999999881
93305  34.361  14.523  5.390 0.5000000000
70998  33.662  14.470  4.702 0.5000000000
71007  32.749  14.100  3.153 0.6999999881
72636  40.115  17.545  10.410 0.2000000030
72637  38.925  17.524  10.864 0.2000000030
72653  39.532  17.172  9.659 0.2000000030
73187  35.602  17.884  10.119 0.2000000030
96499  37.267  17.495  10.145 0.2000000030
73186  36.275  17.889  9.459 0.2000000030
105634  36.894  17.669  9.236 0.3000000119
73203  35.392  18.265  9.062 0.3000000119
92331  35.862  18.018  8.610 0.3000000119
96656  35.017  17.532  7.611 0.3000000119
72688  35.906  17.498  7.856 0.3000000119
93109  37.665  15.876  7.444 0.3000000119
72101  36.378  16.490  7.286 0.3000000119
71549  38.449  14.903  6.817 0.3000000119
91271  35.606  16.266  3.606 0.5000000000
95051  34.715  16.473  3.747 0.5000000000
72719  34.002  16.975  4.649 0.5000000000
72119  37.003  15.480  6.682 0.3000000119
72138  37.137  15.572  3.828 0.5000000000
72148  36.310  15.633  3.400 0.5000000000
71563  36.379  14.819  6.085 0.4000000060
70995  37.054  14.932  3.581 0.5000000000
71575  37.171  15.125  3.626 0.5000000000
71580  36.566  15.344  3.472 0.5000000000
101175  35.607  15.659  3.060 0.5000000000
71562  37.842  14.567  6.066 0.4000000060
70977  36.252  14.487  5.243 0.4000000060
70986  35.928  14.567  4.571 0.5000000000
70996  36.211  14.817  3.788 0.5000000000
71004  36.245  15.331  3.376 0.5000000000
89975  35.445  15.189  3.342 0.5000000000
70997  34.934  14.662  4.354 0.5000000000
92827  34.199  14.820  3.498 0.5000000000
95342  33.009  14.380  3.871 0.6000000238
72652  40.686  17.098  9.367 0.2000000030
72651  41.340  17.339  9.218 0.2000000030
72654  38.373  17.322  10.093 0.2000000030
72669  40.517  16.904  8.549 0.2000000030
72670  40.119  16.418  8.655 0.2000000030
72671  39.080  16.730  8.907 0.2000000030
72672  36.573  17.681  8.657 0.3000000119
72686  40.443  15.908  7.813 0.2000000030
72086  40.278  15.529  7.841 0.2000000030
72088  38.506  16.215  8.225 0.3000000119
90344  37.662  17.315  8.970 0.3000000119
72087  39.824  15.513  8.152 0.2000000030
72089  37.059  16.932  8.050 0.3000000119
72100  39.189  15.207  7.519 0.3000000119
95617  39.630  14.669  6.923 0.3000000119
72718  35.101  16.772  4.587 0.5000000000
71561  38.874  14.690  6.350 0.3000000119
72139  36.181  16.288  4.048 0.5000000000
72709  35.282  17.388  5.400 0.3000000119
70975  38.373  14.627  5.530 0.3000000119
70985  37.918  14.559  4.643 0.4000000060
70976  37.446  14.390  5.208 0.4000000060
91764  37.151  14.499  4.253 0.5000000000
70994  37.691  14.762  4.046 0.5000000000
72668  41.469  17.727  8.715 0.2000000030
101938  41.292  18.105  8.163 0.2000000030
73220  40.643  17.218  8.424 0.2000000030
92268  40.214  18.253  7.880 0.2000000030
72116  40.227  14.966  7.289 0.2000000030
71538  40.106  14.857  7.419 0.3000000119
72117  39.873  14.900  6.693 0.2000000030
72701  40.079  15.527  7.070 0.2000000030
71560  39.293  14.869  6.295 0.3000000119
72132  35.867  16.795  4.840 0.5000000000
73241  34.723  18.172  5.971 0.3000000119
70974  38.370  14.836  4.942 0.4000000060
72129  39.039  15.078  5.735 0.3000000119
71574  37.834  15.095  4.102 0.4000000060
91270  37.779  15.708  4.502 0.5000000000
72131  36.773  16.417  4.596 0.5000000000
92856  36.200  17.156  5.401 0.3000000119
73731  41.466  18.793  7.451 0.2000000030
73742  41.304  19.297  6.725 0.2000000030
73743  39.683  19.512  6.989 0.2000000030
74296  38.423  20.766  5.786 0.2000000030
74892  37.791  21.283  5.035 0.2000000030
104811  40.132  18.915  7.374 0.2000000030
74281  39.129  20.209  6.451 0.2000000030
74893  36.744  21.407  5.365 0.2000000030
97247  35.965  21.444  5.573 0.2000000030
74910  36.228  21.778  4.477 0.2000000030
73732  38.825  18.888  7.424 0.2000000030
107317  37.967  19.351  7.258 0.2000000030
74282  37.802  20.323  6.598 0.2000000030
74880  36.263  20.993  6.174 0.2000000030
74894  35.205  21.636  5.237 0.2000000030
74912  34.617  21.995  4.389 0.2000000030
107491  38.436  18.428  7.333 0.2000000030
74881  35.464  21.094  6.122 0.2000000030
74895  34.223  21.517  5.310 0.2000000030
72687  39.469  17.413  7.638 0.2000000030
73230  38.148  17.922  7.123 0.2000000030
72702  38.954  16.514  6.645 0.2000000030
91443  37.710  17.203  6.286 0.2000000030
72703  36.583  17.663  6.161 0.2000000030
93321  36.099  18.734  6.637 0.2000000030
73232  35.611  17.995  6.083 0.3000000119
99223  35.050  19.985  6.732 0.3000000119
73747  33.820  19.647  6.511 0.3000000119
74286  33.465  20.305  6.349 0.2000000030
105286  39.346  15.454  6.310 0.2000000030
72118  38.463  15.869  5.510 0.2000000030
97805  35.107  19.040  6.545 0.3000000119
73234  33.424  18.983  6.337 0.3000000119
72708  37.278  16.666  5.348 0.3000000119
74924  37.157  21.617  3.138 0.2000000030
74925  36.060  22.094  3.369 0.2000000030
75520  34.212  22.477  3.772 0.2000000030
75519  35.133  22.372  3.585 0.2000000030
74911  35.420  22.015  4.178 0.2000000030
74283  36.659  20.256  6.713 0.2000000030
74913  33.700  21.950  4.506 0.2000000030
74284  35.696  20.456  6.546 0.2000000030
74882  34.679  21.089  6.077 0.2000000030
73744  37.448  19.698  7.098 0.2000000030
74897  32.164  21.367  5.213 0.2000000030
73733  37.694  18.924  7.284 0.2000000030
73231  37.087  18.336  6.820 0.2000000030
97296  32.704  21.224  5.413 0.2000000030
73221  36.726  19.303  7.017 0.2000000030
75531  36.664  22.076  2.750 0.2000000030
75532  35.725  22.550  2.961 0.2000000030
75540  36.441  22.844  2.754 0.2000000030
76163  35.436  23.328  3.067 0.2000000030
74896  33.369  21.390  5.343 0.2000000030
74914  32.732  21.820  4.691 0.2000000030
103400  35.039  20.604  6.428 0.2000000030
74297  33.852  20.948  6.019 0.2000000030
73745  35.835  19.644  6.797 0.2000000030
74285  34.333  20.346  6.489 0.2000000030
74298  33.055  20.784  5.860 0.2000000030
70888  26.380  14.529  20.580 0.3000000119
70335  24.159  13.259  19.565 0.2000000030
69763  23.253  12.320  18.667 0.3000000119
69133  23.731  11.011  19.108 0.3000000119
67855  26.687  9.783  17.798 0.4000000060
68502  26.353  10.405  17.207 0.5000000000
108726  28.625  10.821  17.439 0.5000000000
103249  24.998  11.332  16.072 0.5000000000
69138  29.371  11.705  17.145 0.5000000000
68509  27.794  11.454  16.617 0.5000000000
69173  24.450  11.660  15.668 0.5000000000
69132  30.676  11.487  17.835 0.6000000238
69185  24.744  12.037  14.972 0.5000000000
69774  38.264  12.508  17.656 0.8000000119
69144  35.576  12.148  16.750 0.8999999762
69769  33.671  12.516  17.778 0.8000000119
69777  33.910  12.475  17.231 0.8000000119
69770  32.362  12.498  17.432 0.6999999881
69137  32.050  12.313  17.794 0.6000000238
69785  29.940  12.236  16.377 0.6000000238
69150  27.925  12.054  16.004 0.6000000238
68520  36.676  11.051  15.266 0.8000000119
69163  34.881  11.538  15.871 0.8999999762
69166  31.281  11.968  15.480 0.6999999881
69168  29.625  11.945  15.389 0.6999999881
90609  28.816  12.172  15.968 0.6000000238
69183  26.512  11.837  14.678 0.5000000000
96221  40.492  11.793  16.045 0.8000000119
68523  33.362  11.137  15.177 0.8999999762
69165  32.028  11.914  15.624 0.8000000119
90463  28.994  11.496  14.069 0.5000000000
68539  41.095  11.100  14.390 0.6999999881
68541  36.614  10.206  13.852 0.8999999762
67875  34.863  9.877  14.076 0.8000000119
67877  33.191  9.948  14.236 0.8999999762
68564  39.681  10.653  12.488 0.6999999881
68542  30.785  10.293  13.869 0.8999999762
69798  26.731  12.325  12.153 0.5000000000
68572  40.986  10.706  11.493 0.6999999881
67899  37.366  9.782  12.508 0.6999999881
67901  35.557  9.241  12.699 0.8000000119
67888  31.160  9.558  13.608 0.8999999762
67887  32.617  9.485  13.752 0.8999999762
68554  29.039  10.548  12.289 0.8000000119
67922  37.831  9.374  10.953 0.6999999881
67259  35.784  8.466  10.554 0.6999999881
67261  33.473  7.959  10.711 0.8000000119
70376  25.689  13.371  11.778 0.6000000238
67904  29.436  9.047  12.193 0.8999999762
67287  39.727  8.614  8.734 0.6000000238
66543  34.381  7.478  9.564 0.6999999881
66545  32.559  7.251  9.603 0.8000000119
96358  44.004  9.456  8.913 0.6000000238
66520  31.858  7.775  11.088 0.8000000119
66521  30.737  7.794  11.089 0.8000000119
67294  41.572  8.698  8.009 0.6000000238
107252  38.049  6.570  7.955 0.5000000000
65851  33.120  5.950  7.859 0.6999999881
65861  39.468  6.605  6.228 0.5000000000
65850  35.800  5.728  8.056 0.6000000238
65070  37.331  5.620  6.332 0.5000000000
65056  36.214  5.470  7.328 0.5000000000
65059  33.552  5.813  7.190 0.6999999881
73121  25.933  18.989  17.846 0.2000000030
73123  24.325  18.651  16.911 0.2000000030
100898  23.433  17.047  15.708 0.3000000119
71509  25.906  15.777  12.086 0.4000000060
70941  26.957  14.837  9.892 0.6000000238
105602  26.809  13.620  10.549 0.6000000238
70381  28.137  13.522  9.785 0.6000000238
67925  28.730  9.355  10.574 0.8999999762
66548  29.903  7.831  9.545 0.8999999762
65843  45.281  6.568  7.007 0.5000000000
66546  31.675  7.315  9.576 0.8000000119
91578  41.477  8.064  6.669 0.5000000000
65837  31.726  6.734  8.421 0.8999999762
66585  41.083  7.673  5.740 0.5000000000
65852  32.514  6.304  7.572 0.8000000119
66603  41.126  8.242  3.552 0.5000000000
65085  38.889  6.270  5.606 0.5000000000
65074  33.893  5.795  6.410 0.6999999881
65875  33.312  6.135  5.602 0.6999999881
65097  38.237  6.110  4.921 0.5000000000
65086  37.466  5.770  5.349 0.5000000000
65087  36.759  5.751  4.868 0.5000000000
65101  33.783  6.103  4.754 0.8000000119
97204  39.196  7.533  3.329 0.5000000000
65886  38.345  6.804  3.800 0.5000000000
65111  36.954  6.575  3.183 0.5000000000
73625  29.983  19.130  19.135 0.2000000030
73636  30.491  19.691  18.672 0.1000000015
73111  28.651  18.387  19.374 0.2000000030
73115  29.153  19.017  19.012 0.2000000030
73640  26.818  19.164  18.153 0.2000000030
73644  25.422  19.523  17.136 0.2000000030
73653  24.684  19.388  15.925 0.2000000030
73661  25.247  19.915  15.487 0.2000000030
72051  26.129  16.873  13.379 0.3000000119
72070  27.308  16.488  10.379 0.5000000000
72077  27.649  16.161  9.613 0.6000000238
70959  29.016  14.368  8.872 0.6000000238
69819  29.671  12.286  9.518 0.8000000119
69828  30.178  12.702  9.063 0.6999999881
69216  30.196  12.017  9.093 0.6999999881
68579  29.115  10.723  9.423 0.8999999762
69223  30.356  11.868  8.403 0.6999999881
105247  28.626  9.011  8.762 0.8999999762
67278  29.104  8.417  9.379 0.8999999762
68591  29.292  10.238  7.595 0.8999999762
66577  29.366  8.102  8.000 0.8999999762
106597  30.204  7.600  9.128 0.8999999762
67296  29.362  8.543  7.377 0.8999999762
99793  30.416  7.616  7.299 0.8999999762
107721  29.801  7.947  7.496 0.8999999762
65853  31.827  6.662  7.564 0.8999999762
65865  31.774  6.830  6.524 0.8999999762
65877  31.855  6.891  5.618 0.8000000119
65876  32.488  6.544  5.165 0.8000000119
65116  32.233  6.211  2.557 0.6000000238
65898  39.397  7.754  2.337 0.5000000000
94987  34.853  6.158  3.794 0.5000000000
65112  36.180  6.553  2.621 0.5000000000
65126  35.610  6.578  1.212 0.5000000000
65128  34.482  6.193  1.169 0.5000000000
75431  27.553  21.946  13.099 0.2000000030
74206  29.034  19.846  12.260 0.3000000119
74812  27.547  21.398  12.732 0.3000000119
107682  30.957  17.483  13.195 0.3000000119
100727  28.964  17.705  9.939 0.5000000000
72069  27.943  16.929  9.958 0.5000000000
72656  29.209  17.665  9.216 0.6000000238
71541  28.752  15.352  8.694 0.6000000238
68596  30.098  10.469  6.225 0.8000000119
69237  30.310  11.397  6.511 0.6999999881
66588  30.535  7.821  6.508 0.8999999762
106707  31.417  6.927  3.897 0.8000000119
74223  28.680  21.214  11.761 0.3000000119
74821  28.542  21.950  11.823 0.2000000030
95082  33.451  18.568  12.828 0.2000000030
72613  31.863  17.335  13.195 0.3000000119
72677  29.625  17.364  8.579 0.6000000238
72090  30.167  16.924  8.056 0.6000000238
71552  30.665  15.572  7.821 0.6000000238
71539  30.053  16.098  8.034 0.6000000238
70968  30.994  14.719  7.944 0.6999999881
107308  30.628  14.221  8.335 0.6999999881
70413  31.823  13.258  7.035 0.6000000238
70412  32.314  13.730  6.682 0.5000000000
70989  32.856  14.151  6.266 0.6000000238
69849  30.774  11.981  6.000 0.6999999881
69848  31.250  12.591  5.530 0.6999999881
67955  30.069  9.481  6.124 0.8000000119
66614  31.340  7.274  4.102 0.8000000119
74220  31.766  20.425  11.215 0.2000000030
72624  35.259  17.440  11.852 0.2000000030
101799  36.729  17.658  12.280 0.2000000030
74236  30.660  21.431  10.874 0.2000000030
93765  34.168  17.895  10.928 0.2000000030
103614  33.860  17.419  12.662 0.3000000119
73188  34.143  18.350  9.795 0.4000000060
92370  32.977  18.322  10.285 0.2000000030
73190  32.096  18.379  10.028 0.3000000119
72674  32.153  18.098  8.168 0.5000000000
93074  32.092  16.547  2.297 0.6000000238
72152  31.039  16.818  2.701 0.6000000238
72121  34.739  16.078  6.722 0.4000000060
71595  33.310  15.950  0.290 0.6000000238
71599  34.835  15.400  -0.818 0.6000000238
70443  34.143  14.531  1.052 0.6000000238
70452  34.481  13.943  0.174 0.6000000238
70458  34.340  13.429  -0.718 0.6999999881
108569  32.751  13.774  2.704 0.6000000238
69872  33.656  11.451  -0.036 0.6999999881
69866  32.800  12.247  2.411 0.6999999881
69262  33.273  11.088  1.739 0.8000000119
67979  32.311  9.866  0.948 0.8000000119
67973  31.786  9.228  3.224 0.8999999762
73204  34.475  18.348  8.747 0.3000000119
71581  35.857  15.665  3.200 0.5000000000
70978  35.471  14.730  5.903 0.4000000060
70987  35.211  14.589  5.345 0.4000000060
71548  40.037  14.686  6.992 0.3000000119
74891  39.088  20.703  4.346 0.2000000030
74879  37.232  20.935  6.064 0.2000000030
74909  38.195  21.117  3.444 0.2000000030
92163  37.177  21.516  4.314 0.2000000030
73746  34.488  19.610  6.586 0.3000000119
74915  31.831  21.873  4.657 0.2000000030
63333  40.357  3.841  18.118 0.3000000119
100333  39.672  3.462  17.847 0.3000000119
63355  39.773  3.172  17.189 0.3000000119
104541  39.368  2.720  16.553 0.3000000119
60169  44.288  -0.201  26.501 0.2000000030
60168  44.669  -0.043  26.976 0.2000000030
99755  40.375  3.509  17.382 0.3000000119
97909  39.079  2.371  15.740 0.3000000119
62572  38.349  2.031  15.481 0.3000000119
60950  42.588  1.437  26.148 0.2000000030
63344  41.132  3.932  17.655 0.3000000119
63354  40.270  3.134  16.637 0.3000000119
107923  39.569  2.569  15.878 0.3000000119
90041  38.962  2.156  14.931 0.3000000119
61828  38.129  1.869  14.544 0.3000000119
99918  41.863  1.074  25.470 0.2000000030
61727  41.451  1.831  23.677 0.3000000119
63281  42.341  3.465  22.831 0.3000000119
63280  43.078  4.211  22.527 0.3000000119
90734  41.088  3.532  16.806 0.3000000119
63364  40.885  3.112  16.030 0.3000000119
62571  39.765  2.468  15.266 0.3000000119
62588  38.851  2.126  14.187 0.3000000119
61838  38.248  2.239  13.602 0.3000000119
63353  41.812  3.515  16.095 0.3000000119
62570  40.672  2.751  15.249 0.3000000119
62586  40.213  2.511  14.673 0.3000000119
105343  37.821  2.608  12.865 0.3000000119
63342  45.019  3.581  17.439 0.3000000119
62599  39.288  2.465  13.543 0.3000000119
62609  39.438  2.850  12.784 0.3000000119
62610  38.653  2.716  12.825 0.3000000119
62556  45.114  3.184  16.620 0.3000000119
106194  45.734  3.305  15.298 0.3000000119
62607  46.007  3.187  12.688 0.3000000119
62595  45.989  3.285  13.626 0.3000000119
62608  45.518  2.402  12.271 0.3000000119
98095  40.810  4.629  19.113 0.3000000119
62549  39.146  3.027  17.491 0.3000000119
92928  38.542  2.644  17.171 0.3000000119
62560  37.703  2.237  16.918 0.3000000119
60159  44.797  -0.738  27.105 0.2000000030
59368  44.765  -1.614  27.295 0.2000000030
62559  38.474  2.333  16.324 0.3000000119
62573  37.819  1.991  16.048 0.3000000119
61811  37.546  1.715  15.313 0.3000000119
60948  44.283  0.550  26.841 0.2000000030
64945  43.508  6.588  20.922 0.3000000119
64130  41.680  4.880  18.836 0.3000000119
61829  37.211  1.642  14.517 0.3000000119
103773  44.341  7.054  22.121 0.3000000119
65748  44.247  6.851  21.324 0.3000000119
64955  43.462  6.132  19.932 0.3000000119
64129  42.720  5.117  18.526 0.3000000119
64144  41.902  4.508  18.031 0.3000000119
61839  37.579  1.870  13.944 0.3000000119
62601  36.568  2.272  13.288 0.2000000030
61722  41.696  1.691  24.718 0.3000000119
63263  42.370  3.770  23.837 0.3000000119
64105  43.927  4.974  22.211 0.3000000119
64103  44.848  5.955  21.164 0.3000000119
64963  44.431  5.511  18.956 0.3000000119
64143  43.014  4.795  17.702 0.3000000119
63399  36.370  3.373  12.250 0.2000000030
63262  43.098  4.752  23.479 0.3000000119
64141  45.047  4.942  17.170 0.3000000119
64153  43.357  4.564  16.869 0.3000000119
62585  40.837  2.676  14.416 0.3000000119
94489  40.151  2.511  13.936 0.3000000119
63398  37.076  3.152  12.201 0.4000000060
64140  45.282  4.547  16.680 0.3000000119
64152  44.524  4.755  16.605 0.3000000119
63361  43.749  4.116  15.102 0.3000000119
104758  41.974  3.176  14.618 0.3000000119
62598  40.115  2.791  13.152 0.3000000119
63396  39.084  3.239  12.065 0.3000000119
93930  37.599  3.705  11.631 0.4000000060
101079  45.789  4.076  15.898 0.3000000119
64159  45.399  4.494  15.330 0.3000000119
93905  42.391  3.236  14.067 0.3000000119
63386  40.869  3.133  12.732 0.3000000119
97636  40.022  3.192  12.381 0.3000000119
63411  38.456  3.671  11.471 0.4000000060
64200  38.150  4.258  11.129 0.4000000060
63370  46.041  3.903  14.212 0.3000000119
97120  39.861  3.546  11.583 0.3000000119
63410  39.176  3.687  11.320 0.3000000119
64174  45.708  4.043  12.755 0.4000000060
62627  45.983  3.094  10.919 0.4000000060
62616  46.028  3.109  11.777 0.4000000060
63404  46.090  3.683  11.378 0.4000000060
62628  45.381  2.544  10.560 0.3000000119
62653  44.730  2.881  8.816 0.5000000000
62641  45.232  2.799  9.683 0.4000000060
63442  44.865  3.614  8.380 0.5000000000
62540  38.383  3.030  18.436 0.3000000119
62551  38.012  2.649  17.765 0.3000000119
97614  36.914  1.881  17.091 0.3000000119
60160  44.385  -0.105  27.536 0.2000000030
59357  44.262  -0.995  27.811 0.2000000030
64122  40.608  4.730  19.867 0.3000000119
64132  40.077  4.162  19.320 0.3000000119
63335  38.930  3.420  18.769 0.3000000119
62550  38.595  2.948  17.829 0.3000000119
61793  36.993  1.732  16.195 0.3000000119
97659  36.672  1.530  15.219 0.3000000119
64938  42.835  6.518  21.481 0.3000000119
64939  41.895  5.843  21.127 0.3000000119
64121  41.448  5.204  19.628 0.3000000119
102030  36.381  1.599  14.444 0.3000000119
64928  43.807  7.212  22.525 0.3000000119
64956  42.355  5.862  20.393 0.3000000119
61840  36.866  1.821  13.855 0.2000000030
61841  36.032  1.863  13.813 0.2000000030
61716  42.849  2.344  26.098 0.3000000119
64927  44.224  7.150  22.317 0.3000000119
62602  35.717  2.371  13.274 0.2000000030
62482  42.333  2.763  25.321 0.3000000119
62486  41.928  2.740  24.269 0.3000000119
64092  43.781  5.835  23.187 0.3000000119
62613  35.715  3.268  12.511 0.2000000030
64179  35.578  4.511  12.265 0.2000000030
65006  36.375  5.640  12.194 0.4000000060
65013  36.740  5.078  11.690 0.4000000060
65800  36.723  6.450  12.518 0.4000000060
64166  44.832  4.515  15.008 0.3000000119
63383  44.114  3.945  13.507 0.3000000119
63384  42.917  3.528  13.340 0.3000000119
63385  41.813  3.208  13.211 0.3000000119
64186  37.301  4.419  11.452 0.4000000060
65805  37.016  5.897  11.875 0.4000000060
63371  45.442  4.392  14.551 0.3000000119
63382  45.299  4.301  13.657 0.4000000060
63393  42.525  3.593  12.496 0.3000000119
63395  40.722  3.471  11.894 0.3000000119
101732  39.692  3.967  10.872 0.4000000060
63425  38.905  4.120  10.863 0.4000000060
65011  38.048  5.660  11.082 0.4000000060
65798  38.113  6.909  12.017 0.4000000060
63405  44.117  4.140  12.077 0.4000000060
63407  42.304  3.765  11.683 0.4000000060
63408  41.432  3.752  11.373 0.4000000060
63424  40.325  4.307  10.429 0.4000000060
65018  39.178  5.517  10.321 0.4000000060
65810  38.636  6.113  10.843 0.4000000060
65804  38.898  7.085  11.580 0.4000000060
66515  38.688  7.605  12.491 0.5000000000
63434  45.678  3.611  9.767 0.4000000060
62640  45.797  3.130  10.248 0.4000000060
64183  45.240  4.303  11.818 0.4000000060
64185  42.969  4.057  11.313 0.4000000060
63422  42.267  4.112  10.829 0.4000000060
63423  41.212  4.174  10.588 0.4000000060
65030  39.967  5.300  9.848 0.4000000060
66514  39.604  8.029  12.330 0.5000000000
64182  45.783  4.150  11.126 0.4000000060
94040  45.182  4.381  10.961 0.4000000060
64224  44.757  4.392  8.175 0.5000000000
108706  42.470  -1.556  28.731 0.2000000030
100128  38.540  3.226  19.146 0.3000000119
106777  38.050  2.877  18.917 0.3000000119
62541  37.719  2.564  18.431 0.3000000119
60929  43.989  0.626  28.133 0.2000000030
60149  43.939  -0.330  28.171 0.2000000030
58591  43.056  -2.858  28.514 0.1000000015
63301  40.480  4.601  21.749 0.3000000119
64112  40.524  4.681  20.727 0.3000000119
63316  39.325  3.588  20.371 0.3000000119
63317  38.714  3.203  19.911 0.3000000119
61782  37.280  2.198  17.763 0.3000000119
61794  36.178  1.593  16.816 0.3000000119
61690  44.132  1.286  27.635 0.3000000119
58590  43.853  -2.097  28.088 0.1000000015
64106  41.199  5.347  21.349 0.3000000119
63327  39.275  3.657  19.451 0.3000000119
61812  35.996  1.515  15.913 0.3000000119
61710  43.752  1.987  26.776 0.3000000119
61702  44.030  1.991  27.543 0.3000000119
93640  43.014  7.081  23.029 0.3000000119
64929  42.154  6.282  22.057 0.3000000119
64111  41.250  5.312  20.473 0.3000000119
97291  35.790  1.488  15.041 0.2000000030
60949  43.432  1.034  26.591 0.3000000119
104655  43.244  7.077  22.303 0.3000000119
61842  35.002  1.971  13.902 0.2000000030
92681  43.408  7.045  23.475 0.3000000119
108623  35.493  2.833  12.841 0.2000000030
62603  34.897  2.616  13.233 0.2000000030
63387  34.245  3.056  13.158 0.2000000030
63249  43.240  5.228  24.491 0.3000000119
64077  43.471  6.372  24.075 0.3000000119
64180  34.663  4.345  12.567 0.3000000119
65007  35.682  5.388  12.383 0.4000000060
65788  36.436  7.012  13.202 0.6000000238
66517  37.225  7.231  12.994 0.5000000000
66503  38.499  7.949  13.119 0.5000000000
67232  39.327  8.340  13.131 0.6000000238
67215  38.940  8.601  13.855 0.6000000238
64194  45.617  4.224  10.333 0.5000000000
64184  44.020  4.242  11.297 0.4000000060
94014  43.001  4.399  10.204 0.4000000060
64215  41.409  4.922  9.456 0.4000000060
65029  40.807  5.261  9.530 0.4000000060
65819  39.940  6.248  9.983 0.4000000060
66519  40.012  7.682  11.449 0.4000000060
67231  40.439  8.912  13.143 0.6000000238
67214  40.218  9.255  13.883 0.6000000238
101137  45.410  4.192  9.636 0.4000000060
64195  44.410  4.405  10.190 0.4000000060
65808  40.448  7.348  10.534 0.4000000060
67230  41.517  9.729  13.098 0.6000000238
63435  45.267  3.370  9.143 0.4000000060
64212  45.365  3.931  9.039 0.4000000060
60931  42.005  1.303  29.598 0.2000000030
60151  42.064  0.265  29.275 0.2000000030
59359  42.095  -0.927  28.915 0.2000000030
60930  42.966  0.974  28.915 0.2000000030
60150  43.045  -0.115  28.605 0.2000000030
63282  40.252  4.306  22.661 0.3000000119
93929  39.375  3.425  21.137 0.3000000119
62530  38.161  2.795  19.536 0.3000000119
62531  37.632  2.427  19.141 0.3000000119
61783  36.388  1.646  17.761 0.3000000119
61691  43.601  1.759  28.397 0.3000000119
64896  41.570  6.219  23.976 0.3000000119
64094  40.834  5.092  22.540 0.3000000119
64113  39.911  3.955  20.996 0.3000000119
61773  37.002  1.961  18.628 0.3000000119
64093  41.250  5.424  22.122 0.3000000119
61795  35.249  1.353  16.523 0.3000000119
62471  43.871  2.831  27.354 0.3000000119
64909  42.726  7.151  24.051 0.3000000119
61830  34.900  1.583  14.770 0.2000000030
61814  34.185  1.446  15.346 0.3000000119
64908  43.095  7.148  24.585 0.3000000119
61831  33.968  1.831  14.535 0.2000000030
62481  43.169  3.480  26.209 0.3000000119
64068  43.383  6.680  25.013 0.3000000119
62604  33.320  3.054  13.552 0.2000000030
65801  35.158  5.960  12.786 0.5000000000
65009  34.047  4.914  12.777 0.3000000119
66506  36.091  7.484  13.830 0.6000000238
66505  37.022  7.776  13.746 0.6000000238
67216  37.963  8.437  14.159 0.6000000238
67205  38.119  9.125  14.981 0.6000000238
67204  40.107  9.720  14.575 0.6000000238
67213  41.337  9.925  13.862 0.6000000238
67882  41.109  10.363  14.382 0.6000000238
60920  41.058  0.986  30.273 0.2000000030
61692  42.503  2.110  29.380 0.2000000030
60141  41.246  -0.382  29.692 0.2000000030
108657  43.062  2.460  28.923 0.3000000119
64069  40.726  5.109  24.183 0.3000000119
63264  40.167  4.202  23.551 0.3000000119
63302  39.681  3.647  21.945 0.3000000119
62512  39.070  2.967  21.620 0.3000000119
61756  37.945  1.985  20.756 0.3000000119
62523  37.790  2.195  19.932 0.3000000119
61764  37.231  1.803  19.526 0.3000000119
61774  36.174  1.297  18.638 0.3000000119
64884  42.149  7.014  25.407 0.3000000119
64885  41.433  6.215  24.813 0.3000000119
64078  40.797  5.153  23.289 0.3000000119
61775  35.644  1.174  18.082 0.3000000119
61784  35.486  1.273  17.372 0.3000000119
61785  34.647  1.048  17.099 0.3000000119
62477  43.569  2.831  26.688 0.3000000119
65686  42.785  7.266  25.078 0.3000000119
61796  34.291  1.215  16.239 0.2000000030
61044  33.430  0.987  16.390 0.2000000030
90960  43.350  5.586  25.524 0.3000000119
64894  43.084  7.125  25.262 0.3000000119
61815  33.400  1.535  15.264 0.2000000030
61056  32.973  1.191  15.839 0.2000000030
95550  43.213  4.540  25.935 0.3000000119
63402  33.860  4.173  12.846 0.2000000030
62589  33.234  2.328  14.230 0.2000000030
61833  32.489  2.142  14.707 0.2000000030
61816  32.560  1.570  15.317 0.2000000030
61057  32.225  1.078  15.913 0.2000000030
107472  42.759  3.603  25.545 0.3000000119
63250  42.597  3.970  24.970 0.3000000119
66498  35.846  7.930  14.455 0.5000000000
65790  34.720  6.519  13.402 0.4000000060
64999  33.541  5.460  13.223 0.3000000119
67199  37.321  9.249  15.634 0.5000000000
67868  39.303  10.122  16.089 0.6000000238
67873  40.058  10.289  15.365 0.6000000238
67866  40.742  11.288  15.674 0.6000000238
67872  40.899  10.904  14.941 0.6000000238
60911  39.343  0.615  31.796 0.2000000030
60142  40.318  0.116  30.634 0.2000000030
61680  41.398  2.352  30.436 0.2000000030
62454  42.433  3.214  29.489 0.3000000119
106920  41.928  2.875  30.058 0.2000000030
92971  40.765  5.104  25.155 0.3000000119
63251  40.076  4.052  24.497 0.3000000119
63265  39.630  3.416  23.802 0.3000000119
62502  39.193  2.925  22.470 0.3000000119
100015  38.767  2.484  22.080 0.3000000119
62513  38.478  2.404  21.306 0.3000000119
61757  37.432  1.561  20.326 0.3000000119
61765  36.666  1.433  19.232 0.3000000119
62463  43.406  2.872  28.358 0.3000000119
99421  41.493  6.226  25.542 0.3000000119
61016  35.384  0.711  18.735 0.3000000119
100508  43.486  3.721  28.006 0.3000000119
108768  41.214  5.695  25.958 0.3000000119
61027  34.913  0.797  17.960 0.3000000119
107162  34.834  0.518  18.524 0.3000000119
97658  43.667  3.749  27.164 0.3000000119
64883  42.756  7.087  25.766 0.3000000119
61028  34.066  0.636  17.594 0.2000000030
60246  33.435  0.168  18.016 0.2000000030
63237  43.511  4.847  26.964 0.3000000119
64059  43.203  6.768  25.857 0.3000000119
93106  32.641  0.775  16.456 0.2000000030
61030  32.259  0.314  17.097 0.2000000030
61045  31.832  0.657  16.476 0.2000000030
61031  31.396  0.217  17.100 0.2000000030
91703  43.284  5.977  26.548 0.3000000119
64176  32.511  4.464  13.475 0.3000000119
62605  32.451  3.588  13.684 0.2000000030
104889  31.873  1.416  15.571 0.2000000030
61798  31.477  1.089  15.984 0.2000000030
61046  30.975  0.704  16.516 0.2000000030
67862  39.060  10.448  16.826 0.6000000238
67207  35.623  8.399  15.099 0.5000000000
95341  33.883  6.224  13.488 0.4000000060
65000  32.713  5.289  13.466 0.3000000119
65001  31.878  5.081  13.680 0.3000000119
61834  31.741  2.554  14.656 0.2000000030
62574  31.092  2.264  15.158 0.2000000030
61799  30.678  1.277  16.007 0.2000000030
61047  29.972  0.894  16.543 0.2000000030
64167  31.741  4.225  13.798 0.3000000119
91055  31.045  3.985  14.264 0.2000000030
62575  30.281  2.620  15.244 0.2000000030
60921  40.010  1.392  31.481 0.2000000030
60134  38.904  0.251  31.977 0.2000000030
61681  40.488  2.116  31.207 0.2000000030
62455  41.284  3.514  30.468 0.2000000030
63226  42.739  4.235  28.922 0.3000000119
63218  41.800  4.193  29.790 0.2000000030
63242  40.138  3.597  25.931 0.3000000119
63252  39.848  3.534  25.090 0.3000000119
62487  39.579  3.171  24.531 0.3000000119
93850  39.328  2.805  24.003 0.3000000119
61729  39.006  2.238  23.824 0.3000000119
63227  41.873  4.798  29.347 0.2000000030
64042  41.425  5.210  28.723 0.3000000119
63238  40.710  4.513  26.904 0.3000000119
62491  39.252  2.836  23.317 0.3000000119
103884  38.745  2.228  22.885 0.3000000119
90672  38.336  1.963  22.092 0.3000000119
61749  38.035  1.807  21.464 0.3000000119
61750  37.598  1.394  21.133 0.3000000119
60996  37.029  0.954  20.716 0.3000000119
61004  36.094  0.747  19.468 0.3000000119
60997  36.384  0.501  20.303 0.3000000119
104692  42.479  5.150  28.747 0.3000000119
64045  42.035  5.799  28.176 0.3000000119
64052  41.296  5.701  26.787 0.3000000119
63241  40.701  4.679  25.973 0.3000000119
63233  43.243  4.946  28.078 0.3000000119
64870  42.542  6.141  27.625 0.3000000119
64060  41.997  6.636  26.305 0.3000000119
61005  35.323  0.188  19.541 0.3000000119
61006  34.758  0.215  19.015 0.2000000030
60223  34.620  -0.401  19.731 0.3000000119
64050  43.073  5.942  27.489 0.3000000119
60230  34.161  -0.151  19.123 0.2000000030
60231  33.546  -0.258  18.761 0.2000000030
96458  32.947  -0.321  18.366 0.2000000030
59469  32.851  -0.855  19.003 0.2000000030
59470  31.907  -1.133  18.877 0.2000000030
60247  32.655  -0.031  17.759 0.2000000030
60248  31.835  -0.250  17.673 0.2000000030
60249  30.955  -0.349  17.683 0.2000000030
60250  30.021  -0.391  17.711 0.2000000030
61032  30.482  0.233  17.145 0.2000000030
61033  29.524  0.269  17.222 0.2000000030
68507  40.211  12.191  17.584 0.6999999881
67869  36.455  9.376  16.302 0.5000000000
66500  33.835  7.357  14.518 0.4000000060
95707  32.822  6.550  14.131 0.4000000060
61818  30.496  1.898  15.565 0.2000000030
61800  29.875  1.613  15.973 0.2000000030
61048  28.996  0.873  16.757 0.2000000030
68497  39.549  11.884  18.253 0.6999999881
67863  37.744  10.204  17.197 0.6000000238
106466  34.592  8.623  15.843 0.5000000000
66492  33.413  7.742  15.165 0.4000000060
64989  32.198  5.953  13.881 0.3000000119
103240  31.150  4.824  14.086 0.3000000119
64161  29.772  4.301  14.850 0.3000000119
62576  29.370  2.971  15.460 0.4000000060
61819  29.806  2.221  15.610 0.2000000030
67194  35.383  9.265  16.643 0.6000000238
67195  34.471  8.895  16.502 0.5000000000
65774  31.724  6.841  15.056 0.3000000119
60912  38.957  1.063  32.031 0.2000000030
61671  40.428  2.912  31.236 0.2000000030
61672  39.757  2.261  31.597 0.2000000030
101548  34.128  -2.039  27.891 0.1000000015
102604  33.066  -2.469  27.279 0.1000000015
59381  35.936  -1.706  26.885 0.1000000015
58601  35.014  -1.922  27.383 0.1000000015
97771  34.371  -2.439  26.641 0.1000000015
91152  33.812  -2.851  26.050 0.1000000015
58612  33.410  -2.599  26.743 0.1000000015
58620  33.051  -2.994  26.011 0.1000000015
57802  31.469  -3.176  26.009 0.1000000015
104744  30.754  -3.299  25.667 0.1000000015
57803  29.964  -3.394  25.434 0.1000000015
57816  28.804  -3.547  24.799 0.1000000015
96615  27.778  -3.708  24.631 0.2000000030
59391  35.955  -2.009  25.889 0.1000000015
58618  35.224  -2.448  25.573 0.1000000015
58619  34.393  -2.797  25.545 0.1000000015
57800  33.715  -3.061  25.331 0.1000000015
93369  33.117  -3.247  25.126 0.1000000015
57801  32.338  -3.289  25.334 0.1000000015
57814  31.503  -3.430  24.954 0.1000000015
91112  30.571  -3.673  23.731 0.1000000015
57837  28.836  -3.661  24.095 0.1000000015
57045  27.982  -3.726  23.906 0.1000000015
96614  27.141  -3.856  23.290 0.2000000030
62483  39.581  2.892  25.273 0.3000000119
61724  39.254  2.450  24.595 0.3000000119
104970  34.837  -2.696  24.914 0.1000000015
57799  34.254  -2.935  24.715 0.1000000015
57831  34.045  -2.923  23.911 0.1000000015
57833  32.483  -3.536  23.463 0.1000000015
94087  31.921  -3.660  23.034 0.1000000015
107175  29.430  -3.722  22.786 0.1000000015
90059  28.736  -3.699  22.363 0.1000000015
95262  26.677  -3.786  22.323 0.2000000030
100711  41.439  4.841  29.297 0.2000000030
63234  40.735  4.595  28.116 0.3000000119
62478  40.247  3.468  27.059 0.3000000119
61718  39.220  2.099  25.429 0.3000000119
61730  38.501  1.621  23.619 0.3000000119
60977  38.191  1.542  22.788 0.3000000119
60989  37.215  0.782  21.525 0.3000000119
58643  35.145  -2.183  23.766 0.1000000015
58644  34.484  -2.493  23.432 0.1000000015
58645  33.809  -2.867  23.087 0.1000000015
57855  33.101  -3.238  22.793 0.1000000015
57856  32.412  -3.421  22.562 0.1000000015
57858  30.718  -3.569  22.225 0.1000000015
57859  29.741  -3.599  22.111 0.1000000015
57878  27.015  -3.586  21.522 0.1000000015
60990  36.557  0.312  21.090 0.3000000119
60998  35.814  0.177  20.035 0.3000000119
58658  34.302  -2.333  22.626 0.1000000015
58668  33.376  -2.483  21.548 0.1000000015
57873  32.193  -3.161  21.781 0.1000000015
57889  30.444  -3.123  20.888 0.1000000015
57891  28.778  -3.265  20.795 0.1000000015
94144  27.793  -3.290  20.756 0.1000000015
94143  26.804  -3.256  20.711 0.1000000015
60222  35.305  -0.278  20.248 0.3000000119
59441  34.787  -0.817  20.528 0.2000000030
59442  34.297  -1.352  20.788 0.2000000030
58677  33.825  -1.886  21.109 0.1000000015
58679  32.401  -2.302  20.543 0.1000000015
99799  31.733  -2.367  20.312 0.1000000015
58681  30.120  -2.733  20.211 0.1000000015
58696  28.935  -2.427  19.523 0.1000000015
58697  28.046  -2.444  19.505 0.1000000015
58684  27.463  -2.867  20.048 0.1000000015
58685  26.566  -2.840  20.101 0.2000000030
59451  33.735  -0.803  19.536 0.2000000030
107590  33.108  -1.345  19.662 0.2000000030
59452  32.384  -1.483  19.496 0.2000000030
59453  31.505  -1.685  19.389 0.2000000030
59454  30.495  -1.953  19.336 0.2000000030
59455  29.490  -2.006  19.142 0.1000000015
59456  28.588  -2.003  19.049 0.1000000015
59458  26.729  -1.865  19.126 0.2000000030
58699  26.222  -2.339  19.620 0.2000000030
59471  30.977  -1.378  18.777 0.2000000030
60235  29.601  -0.981  18.242 0.2000000030
102224  28.876  -1.029  18.255 0.1000000015
59475  27.183  -1.315  18.611 0.1000000015
60238  26.638  -0.663  18.258 0.2000000030
60252  28.129  -0.168  17.640 0.1000000015
103571  27.897  0.425  17.312 0.2000000030
105778  26.859  -0.154  17.844 0.2000000030
60239  25.794  -0.590  18.372 0.2000000030
62561  29.049  2.143  15.961 0.2000000030
61801  28.526  1.555  16.479 0.3000000119
61049  28.128  0.944  16.911 0.3000000119
65784  30.471  5.897  14.928 0.3000000119
107957  29.507  4.777  15.047 0.4000000060
104892  28.149  2.388  16.320 0.4000000060
61802  27.586  1.774  16.744 0.4000000060
67851  37.252  10.464  18.249 0.6000000238
99626  36.149  9.767  17.317 0.5000000000
90682  34.088  8.985  17.363 0.4000000060
66485  32.928  8.152  15.908 0.3000000119
66494  31.757  7.295  15.713 0.3000000119
65775  31.117  6.837  15.603 0.3000000119
56931  27.231  -4.595  32.646 0.1000000015
56950  26.344  -4.620  31.700 0.1000000015
56967  25.286  -4.454  30.831 0.1000000015
56949  26.926  -5.000  32.003 0.1000000015
56143  26.592  -5.364  31.290 0.1000000015
56966  25.921  -4.962  31.093 0.1000000015
57760  24.594  -4.007  30.451 0.1000000015
55359  27.443  -6.573  30.119 0.1000000015
55360  26.642  -6.238  29.765 0.1000000015
56162  25.546  -5.273  30.382 0.1000000015
56980  24.262  -4.460  29.733 0.1000000015
56981  23.746  -4.151  29.341 0.1000000015
57767  23.440  -3.497  29.108 0.1000000015
54597  28.906  -7.188  29.578 0.1000000015
55382  28.051  -6.845  29.462 0.1000000015
56177  26.021  -5.976  29.098 0.1000000015
56178  25.351  -5.519  29.563 0.1000000015
56990  24.042  -4.797  28.935 0.1000000015
56991  23.478  -4.268  28.703 0.1000000015
54596  29.604  -7.259  29.293 0.1000000015
55397  27.892  -6.601  28.649 0.1000000015
55398  26.902  -6.301  28.670 0.1000000015
56194  25.350  -5.645  28.652 0.1000000015
56195  24.601  -5.345  28.327 0.1000000015
56196  23.786  -4.965  28.029 0.1000000015
58565  38.458  -2.652  31.813 0.2000000030
55394  30.236  -6.516  28.495 0.1000000015
55396  28.713  -6.655  28.443 0.1000000015
108867  27.503  -6.251  28.097 0.2000000030
55405  26.927  -5.966  27.808 0.2000000030
56207  25.418  -5.574  27.608 0.2000000030
56208  24.493  -5.350  27.422 0.1000000015
56209  23.862  -5.137  27.220 0.1000000015
103433  35.906  -1.694  29.983 0.2000000030
103898  35.704  -2.271  30.071 0.2000000030
56191  30.511  -5.593  28.241 0.1000000015
56192  29.729  -5.888  28.038 0.1000000015
56204  28.389  -5.527  27.539 0.2000000030
56205  27.114  -5.387  27.192 0.2000000030
56206  26.361  -5.587  27.374 0.2000000030
56215  25.058  -5.343  26.723 0.1000000015
99636  39.309  1.551  31.847 0.2000000030
60126  38.776  -0.171  31.852 0.2000000030
92848  35.944  -1.399  29.391 0.2000000030
107837  35.420  -1.786  29.471 0.2000000030
59350  35.241  -2.147  29.654 0.2000000030
59351  34.855  -1.957  29.152 0.2000000030
56989  30.724  -4.348  28.108 0.1000000015
56996  30.101  -3.972  27.679 0.1000000015
56998  28.588  -4.642  27.165 0.2000000030
57008  27.259  -4.739  26.632 0.2000000030
57010  25.608  -4.932  26.055 0.2000000030
57011  24.713  -5.066  25.983 0.2000000030
90581  23.920  -4.989  25.946 0.2000000030
60144  36.597  -0.898  29.152 0.2000000030
59360  36.110  -1.264  28.517 0.2000000030
59361  35.391  -1.599  28.865 0.2000000030
58592  34.219  -2.192  28.731 0.2000000030
58593  33.373  -2.399  28.350 0.1000000015
58604  31.965  -2.699  27.613 0.1000000015
57781  31.211  -2.997  27.681 0.1000000015
57792  30.631  -3.118  27.162 0.1000000015
57783  29.999  -3.513  27.247 0.1000000015
57794  28.691  -3.772  26.352 0.2000000030
57017  27.334  -4.213  26.047 0.2000000030
57018  26.100  -4.460  25.461 0.2000000030
57019  25.228  -4.676  25.336 0.2000000030
59370  35.558  -1.515  27.950 0.2000000030
58613  32.685  -2.588  27.019 0.1000000015
57791  31.275  -2.848  27.025 0.1000000015
107973  30.806  -3.113  26.525 0.1000000015
93840  30.078  -3.297  26.472 0.1000000015
57805  28.678  -3.592  25.564 0.2000000030
57027  28.134  -3.648  25.106 0.2000000030
93992  26.803  -4.254  25.591 0.2000000030
57030  25.728  -4.285  24.594 0.2000000030
60162  36.960  -0.970  27.375 0.2000000030
59380  36.683  -1.259  26.796 0.2000000030
57047  26.439  -4.016  23.957 0.2000000030
57049  24.956  -4.166  23.383 0.2000000030
63219  41.087  4.274  30.062 0.2000000030
63228  40.780  4.500  29.415 0.2000000030
62464  40.082  3.819  29.473 0.2000000030
62473  39.698  2.787  28.543 0.2000000030
94610  39.741  2.586  27.288 0.2000000030
61711  39.260  1.820  26.412 0.2000000030
102002  36.426  -1.587  26.163 0.2000000030
59402  35.897  -2.050  25.013 0.1000000015
58630  35.316  -2.363  24.595 0.1000000015
57861  25.956  -3.792  22.079 0.2000000030
57058  25.489  -3.979  22.774 0.2000000030
62472  40.196  3.633  28.305 0.3000000119
97124  39.674  2.684  26.189 0.3000000119
60968  37.977  1.048  23.416 0.3000000119
107784  37.768  1.027  22.740 0.3000000119
59408  36.263  -1.325  23.856 0.1000000015
57879  26.238  -3.505  21.361 0.2000000030
57862  25.259  -3.799  22.127 0.2000000030
60978  37.346  0.610  22.350 0.3000000119
60979  36.708  0.109  21.907 0.3000000119
59423  35.544  -1.567  23.217 0.1000000015
58657  34.875  -2.029  23.037 0.1000000015
101976  24.933  -2.592  20.090 0.2000000030
93577  25.385  -3.504  21.422 0.2000000030
99608  36.203  -0.587  22.221 0.3000000119
60200  35.536  -0.930  21.745 0.2000000030
107906  34.931  -1.639  22.180 0.1000000015
58700  25.306  -2.233  19.654 0.2000000030
59476  26.253  -1.263  18.693 0.2000000030
59459  25.794  -1.756  19.194 0.2000000030
59460  24.889  -1.651  19.241 0.2000000030
60240  24.950  -0.461  18.496 0.2000000030
61035  27.262  0.974  17.252 0.3000000119
61017  26.174  -0.012  17.967 0.2000000030
61786  26.338  1.424  17.454 0.3000000119
61037  25.792  0.806  17.761 0.3000000119
65776  30.383  6.284  15.463 0.3000000119
64984  29.365  5.232  15.324 0.4000000060
63356  28.021  3.826  16.057 0.3000000119
89955  27.839  3.177  16.289 0.4000000060
107239  26.920  2.410  16.954 0.3000000119
62564  26.765  3.164  16.978 0.3000000119
69758  38.605  12.250  18.484 0.6999999881
68487  38.144  11.462  18.744 0.6000000238
67852  35.978  10.129  18.446 0.5000000000
67197  32.568  8.254  16.674 0.4000000060
66487  31.343  7.435  16.487 0.3000000119
65769  30.611  6.891  16.261 0.4000000060
65770  30.111  6.827  16.872 0.4000000060
69767  36.486  12.581  18.322 0.6999999881
58566  26.258  -2.833  32.186 0.1000000015
58567  25.800  -2.551  31.582 0.1000000015
57735  26.820  -3.874  32.772 0.1000000015
57748  26.401  -3.585  32.264 0.1000000015
58576  25.410  -2.276  31.069 0.1000000015
56120  28.338  -5.629  32.656 0.1000000015
103938  26.204  -3.992  31.933 0.1000000015
56951  25.775  -4.127  31.472 0.1000000015
103210  24.569  -3.123  30.409 0.1000000015
55291  38.886  -6.250  33.914 0.1000000015
55319  29.575  -6.557  32.391 0.1000000015
56141  27.997  -6.039  31.882 0.1000000015
55338  27.694  -6.376  31.025 0.1000000015
57766  23.958  -3.483  29.856 0.1000000015
55314  38.172  -5.936  32.870 0.1000000015
90534  38.950  -5.453  33.411 0.1000000015
55336  29.300  -6.920  31.511 0.1000000015
55358  28.250  -6.867  30.337 0.1000000015
54579  29.700  -7.374  29.968 0.1000000015
57774  23.044  -3.619  28.489 0.1000000015
99186  37.112  -1.865  30.926 0.2000000030
55379  31.414  -6.840  29.280 0.1000000015
54595  30.232  -7.289  29.485 0.1000000015
56992  23.127  -4.294  28.044 0.1000000015
99523  38.462  -3.693  32.004 0.2000000030
58575  36.077  -2.867  30.309 0.2000000030
57759  35.905  -3.755  30.170 0.2000000030
56965  35.784  -4.679  30.117 0.2000000030
56176  32.650  -5.905  29.044 0.1000000015
55392  31.838  -6.129  28.840 0.1000000015
55393  31.030  -6.333  28.656 0.1000000015
57001  22.720  -4.164  27.451 0.1000000015
57795  22.031  -3.958  26.178 0.1000000015
59330  38.145  -1.545  31.546 0.2000000030
59339  36.302  -2.066  30.464 0.2000000030
58583  35.245  -2.906  29.879 0.2000000030
96766  35.141  -3.965  29.832 0.2000000030
56978  34.403  -4.276  29.521 0.2000000030
56174  34.327  -5.381  29.602 0.2000000030
56979  33.654  -4.603  29.228 0.2000000030
56189  32.119  -5.158  28.699 0.1000000015
57013  22.825  -4.473  26.611 0.1000000015
59349  36.460  -1.055  30.010 0.2000000030
57764  34.450  -3.251  29.516 0.2000000030
57765  33.717  -3.523  29.201 0.2000000030
56986  33.010  -3.843  28.890 0.1000000015
56987  32.299  -4.124  28.667 0.1000000015
56988  31.566  -4.278  28.444 0.1000000015
93363  23.296  -4.751  25.999 0.2000000030
57022  22.729  -4.422  25.638 0.1000000015
60143  37.153  -0.400  30.012 0.2000000030
58585  33.840  -2.691  29.060 0.2000000030
57771  33.078  -2.906  28.784 0.1000000015
57772  32.379  -3.198  28.549 0.1000000015
57773  31.240  -3.444  28.121 0.1000000015
57020  24.378  -4.765  25.286 0.2000000030
62446  39.834  2.847  31.451 0.2000000030
61673  39.273  1.905  31.743 0.2000000030
60152  37.298  -0.436  28.741 0.2000000030
60153  36.812  -0.905  28.147 0.2000000030
105746  24.135  -4.518  24.672 0.2000000030
57021  23.523  -4.618  25.218 0.2000000030
62456  40.375  3.453  30.847 0.2000000030
60933  37.933  0.063  28.225 0.2000000030
60161  37.409  -0.554  27.700 0.2000000030
92596  24.379  -4.283  23.966 0.2000000030
63220  40.365  3.838  30.299 0.2000000030
62457  39.908  3.345  30.952 0.2000000030
61703  39.231  1.683  27.583 0.2000000030
60942  37.873  -0.145  27.177 0.2000000030
60952  37.853  -0.193  26.290 0.2000000030
59379  36.925  -1.115  26.036 0.2000000030
59390  36.504  -1.524  25.339 0.1000000015
57060  23.940  -3.857  22.523 0.2000000030
61712  38.809  0.999  26.565 0.2000000030
61719  38.817  1.279  25.620 0.3000000119
60963  38.233  1.011  24.238 0.3000000119
105904  38.442  0.921  25.010 0.3000000119
60959  37.708  -0.237  25.421 0.2000000030
60186  36.733  -1.070  24.526 0.2000000030
59401  36.262  -1.611  24.569 0.1000000015
59409  35.767  -1.878  24.165 0.1000000015
102650  23.358  -3.585  22.091 0.2000000030
60964  37.727  0.426  23.957 0.3000000119
60189  37.244  -0.046  23.633 0.3000000119
60190  36.785  -0.646  23.724 0.2000000030
58687  24.364  -2.675  20.321 0.2000000030
57880  24.590  -3.374  21.279 0.2000000030
59422  36.226  -0.902  23.049 0.1000000015
58701  24.349  -2.175  19.737 0.2000000030
107638  23.847  -0.903  18.905 0.3000000119
96683  24.043  -1.486  19.240 0.2000000030
61018  25.365  0.175  18.154 0.2000000030
61038  24.950  1.065  17.995 0.3000000119
62552  26.156  2.537  17.375 0.3000000119
61787  25.396  1.851  17.693 0.3000000119
65771  29.365  6.235  16.505 0.4000000060
64979  28.933  5.589  15.912 0.4000000060
64981  27.723  5.045  16.776 0.3000000119
63357  27.335  3.725  16.612 0.3000000119
63347  26.250  3.537  17.416 0.3000000119
69122  37.171  11.615  19.512 0.6000000238
67842  35.229  9.647  18.962 0.5000000000
67187  34.357  9.131  18.350 0.4000000060
67189  32.697  8.384  17.567 0.3000000119
66479  31.280  7.546  17.559 0.2000000030
66488  30.724  7.269  17.015 0.4000000060
65763  29.643  6.608  17.494 0.3000000119
65772  28.704  5.750  16.548 0.4000000060
58577  24.904  -2.368  30.602 0.1000000015
58586  24.275  -2.431  30.011 0.1000000015
54506  39.719  -7.442  35.221 0.1000000015
55317  31.213  -7.070  32.890 0.1000000015
55318  30.388  -6.808  32.632 0.1000000015
58587  23.593  -2.485  29.283 0.1000000015
56117  38.342  -5.167  32.368 0.1000000015
54545  31.828  -7.615  32.167 0.2000000030
54546  30.978  -7.393  31.926 0.2000000030
54563  29.876  -7.409  30.840 0.1000000015
58596  23.121  -2.927  28.719 0.1000000015
56947  38.200  -4.551  31.864 0.1000000015
54576  32.059  -7.545  30.713 0.2000000030
54578  30.459  -7.467  30.255 0.1000000015
95056  22.630  -2.979  28.132 0.1000000015
54593  31.733  -7.215  29.999 0.1000000015
54594  30.961  -7.287  29.743 0.1000000015
58574  36.861  -2.767  30.681 0.2000000030
57757  37.376  -3.532  30.867 0.2000000030
56964  36.510  -4.455  30.450 0.2000000030
55376  33.908  -6.234  29.779 0.2000000030
55377  33.071  -6.467  29.614 0.2000000030
57785  21.899  -3.389  26.949 0.1000000015
56159  35.593  -5.528  30.189 0.2000000030
56173  34.976  -5.674  29.948 0.2000000030
55375  34.577  -6.084  29.951 0.2000000030
57796  21.430  -3.253  26.341 0.1000000015
59338  37.399  -1.018  31.113 0.2000000030
57806  22.119  -3.981  25.142 0.1000000015
60913  38.679  1.078  31.657 0.2000000030
60127  38.242  -0.523  31.583 0.2000000030
57032  23.560  -4.314  24.308 0.2000000030
57817  22.298  -3.864  24.347 0.2000000030
57818  21.568  -3.480  24.530 0.2000000030
102177  38.276  0.329  27.524 0.2000000030
57051  22.884  -4.015  23.850 0.2000000030
90590  22.078  -3.575  23.525 0.2000000030
62465  39.684  3.226  29.960 0.2000000030
61682  39.324  2.480  30.784 0.2000000030
61693  39.248  2.088  29.025 0.2000000030
60951  38.322  0.343  26.763 0.2000000030
57838  22.949  -3.759  22.834 0.2000000030
58660  21.301  -2.937  22.144 0.2000000030
61704  38.685  0.841  27.436 0.2000000030
60958  38.326  0.438  25.769 0.2000000030
60185  37.356  -0.333  24.466 0.2000000030
57864  22.733  -3.393  22.006 0.2000000030
102156  37.978  0.356  24.814 0.2000000030
58688  23.623  -2.457  20.248 0.2000000030
57895  22.953  -2.731  20.850 0.2000000030
58689  22.736  -2.111  20.167 0.2000000030
91075  22.092  -2.345  20.691 0.2000000030
60242  23.332  -0.365  18.847 0.3000000119
58702  23.415  -1.829  19.663 0.2000000030
61020  23.552  0.526  18.589 0.3000000119
106373  24.096  1.434  18.321 0.3000000119
61019  24.505  0.382  18.349 0.3000000119
62553  25.309  2.693  17.754 0.3000000119
64974  27.638  5.298  17.535 0.3000000119
63346  26.766  3.857  17.093 0.3000000119
69762  34.086  12.343  18.337 0.6999999881
69123  36.513  11.263  20.096 0.6000000238
67832  35.512  9.696  20.476 0.5000000000
67179  34.774  9.152  19.460 0.4000000060
67181  33.104  8.288  18.567 0.3000000119
94617  32.187  7.755  18.515 0.4000000060
66480  30.477  7.107  17.839 0.3000000119
65759  29.920  6.642  18.440 0.4000000060
64973  28.217  5.589  17.015 0.3000000119
59341  24.642  -1.598  30.248 0.1000000015
54521  38.732  -7.091  34.306 0.1000000015
54526  32.043  -7.293  33.182 0.1000000015
53807  35.123  -8.117  32.988 0.1000000015
53808  34.332  -8.119  32.961 0.1000000015
54543  33.809  -7.911  32.310 0.1000000015
57747  37.961  -3.398  31.330 0.2000000030
56138  37.741  -5.067  31.555 0.1000000015
54559  33.339  -7.689  31.573 0.1000000015
54560  32.409  -7.711  31.482 0.2000000030
107556  22.460  -2.196  27.905 0.1000000015
56948  37.753  -4.250  31.225 0.2000000030
58573  37.667  -2.649  31.135 0.2000000030
56963  37.117  -4.214  30.735 0.2000000030
56157  37.116  -4.987  30.897 0.2000000030
55352  36.037  -6.077  30.659 0.2000000030
55333  36.386  -6.444  31.373 0.2000000030
54573  34.723  -6.953  31.006 0.2000000030
55355  33.445  -6.868  30.283 0.2000000030
56139  37.291  -5.554  31.369 0.1000000015
56140  36.753  -5.793  30.988 0.2000000030
55353  35.150  -6.272  30.409 0.2000000030
55354  34.292  -6.609  30.377 0.2000000030
57807  21.484  -3.503  25.518 0.1000000015
60135  38.575  0.283  31.755 0.2000000030
57819  20.815  -2.984  24.435 0.1000000015
61683  38.759  1.665  31.079 0.2000000030
60914  37.944  0.279  30.789 0.2000000030
60136  37.655  -0.361  31.060 0.2000000030
60923  37.791  0.157  29.478 0.2000000030
95822  21.221  -3.174  23.689 0.1000000015
60922  38.322  0.850  30.257 0.2000000030
60932  38.231  0.619  29.073 0.2000000030
57840  20.860  -2.875  22.975 0.2000000030
61694  38.719  1.373  29.477 0.2000000030
96369  38.871  1.296  28.269 0.2000000030
60941  38.475  0.712  28.263 0.2000000030
58661  20.398  -2.537  22.302 0.2000000030
58672  21.601  -2.609  21.282 0.2000000030
58673  20.727  -2.366  21.475 0.2000000030
59435  20.306  -1.688  21.046 0.2000000030
59463  21.628  -0.880  19.684 0.2000000030
107304  21.202  -1.353  20.192 0.2000000030
61007  22.238  0.428  19.133 0.2000000030
60224  22.498  -0.476  19.209 0.2000000030
104729  23.337  1.434  18.616 0.3000000119
61776  22.785  0.954  18.794 0.3000000119
62544  23.549  2.188  18.652 0.3000000119
62542  24.801  3.167  18.297 0.3000000119
62543  24.285  2.372  18.302 0.3000000119
69129  33.702  11.857  18.828 0.5000000000
68480  33.975  10.815  20.352 0.4000000060
67825  35.166  9.594  21.448 0.4000000060
67172  34.293  8.189  20.536 0.4000000060
64133  27.015  4.952  18.024 0.3000000119
64134  26.307  4.708  18.463 0.3000000119
105979  25.360  3.792  18.286 0.3000000119
69124  35.593  11.298  20.298 0.6000000238
67824  35.529  10.059  21.155 0.4000000060
67171  35.165  9.298  21.268 0.4000000060
65757  31.680  7.027  19.378 0.4000000060
64966  29.315  6.270  18.876 0.4000000060
64967  28.458  5.962  18.069 0.3000000119
54522  37.699  -7.490  33.811 0.1000000015
55292  37.966  -6.706  33.344 0.1000000015
55315  37.463  -6.389  32.470 0.1000000015
54539  37.110  -7.052  33.003 0.1000000015
54523  36.754  -7.748  33.464 0.1000000015
53806  35.910  -7.947  33.214 0.1000000015
54542  34.690  -7.791  32.315 0.1000000015
54540  36.331  -7.418  32.679 0.1000000015
54541  35.517  -7.633  32.460 0.1000000015
56118  37.706  -5.725  31.976 0.1000000015
55316  36.711  -6.737  32.191 0.1000000015
54557  35.132  -7.313  31.710 0.1000000015
55332  37.064  -6.117  31.689 0.1000000015
55334  35.589  -6.709  31.133 0.1000000015
60217  20.014  -0.876  20.645 0.1000000015
59436  19.534  -1.335  21.406 0.1000000015
94944  19.630  -0.020  20.651 0.1000000015
59446  20.675  -1.355  20.499 0.2000000030
60999  20.605  0.597  19.904 0.2000000030
103148  21.034  -0.126  19.685 0.2000000030
62535  21.503  1.679  19.697 0.2000000030
61008  21.430  0.731  19.504 0.2000000030
95600  21.752  -0.093  19.394 0.2000000030
61766  22.816  1.855  18.930 0.3000000119
61767  22.149  1.326  19.221 0.3000000119
63330  23.686  3.313  19.562 0.2000000030
62532  23.945  2.909  18.811 0.2000000030
63337  25.030  4.004  18.926 0.3000000119
103554  33.455  11.330  19.418 0.4000000060
67826  34.664  10.073  21.342 0.4000000060
67160  34.919  8.877  21.591 0.4000000060
95955  33.918  7.564  20.872 0.4000000060
64124  26.917  5.304  19.048 0.3000000119
64125  26.216  4.781  19.629 0.3000000119
95285  32.546  7.233  19.844 0.4000000060
65755  31.221  6.381  19.934 0.4000000060
65756  30.243  6.336  19.420 0.4000000060
64959  28.590  5.867  19.229 0.4000000060
91836  22.061  4.492  22.479 0.2000000030
63311  21.123  3.368  21.653 0.2000000030
96130  20.992  2.436  20.764 0.2000000030
61768  20.896  1.256  19.865 0.2000000030
97433  20.291  -0.132  20.147 0.2000000030
100101  24.121  4.326  23.097 0.2000000030
63291  22.664  3.761  22.159 0.2000000030
63309  22.813  3.462  21.568 0.2000000030
62526  21.636  2.467  20.289 0.2000000030
63289  24.297  3.568  22.563 0.2000000030
63308  23.542  3.503  21.550 0.3000000119
63321  22.881  3.299  20.769 0.2000000030
62533  23.100  2.667  19.288 0.2000000030
63320  23.550  3.508  20.536 0.2000000030
63319  24.244  3.754  20.234 0.2000000030
62524  23.086  3.207  19.939 0.2000000030
63328  24.924  4.126  19.893 0.2000000030
68489  32.003  11.029  18.809 0.4000000060
68469  33.517  10.278  20.670 0.3000000119
67813  33.891  8.734  21.893 0.4000000060
100433  33.816  7.386  21.880 0.4000000060
64951  27.999  5.116  20.428 0.3000000119
64126  25.474  4.396  19.523 0.2000000030
67149  33.749  7.980  22.015 0.4000000060
65754  32.305  6.466  20.523 0.4000000060
65752  31.738  5.797  20.857 0.4000000060
64958  29.643  5.853  19.815 0.4000000060
64950  28.884  5.366  20.299 0.4000000060
90459  24.321  3.384  22.127 0.3000000119
104069  25.018  3.371  22.063 0.3000000119
63307  24.196  3.634  21.338 0.2000000030
63318  24.925  4.014  21.014 0.2000000030
64118  25.654  4.331  20.460 0.2000000030
68482  31.796  10.358  19.319 0.3000000119
67833  32.547  10.011  20.302 0.3000000119
64117  26.607  4.469  20.887 0.3000000119
67162  33.049  8.597  21.787 0.3000000119
64115  29.536  4.761  21.168 0.4000000060
63306  25.974  3.605  21.792 0.3000000119
107073  26.678  3.904  21.611 0.2000000030
102764  29.015  4.205  21.641 0.3000000119
91763  27.578  4.650  20.982 0.3000000119
56929  38.710  -4.376  32.499 0.1000000015
94743  36.625  -1.353  30.535 0.2000000030
59348  37.001  -0.811  30.566 0.2000000030
59329  38.871  -0.913  31.848 0.2000000030
69760  36.185  12.367  18.971 0.6999999881
69128  34.768  11.870  19.225 0.5000000000
69159  40.564  11.879  16.739 0.6000000238
67861  40.487  11.422  16.755 0.6000000238
67867  40.689  11.080  16.182 0.6000000238
108976  41.639  10.265  13.710 0.6000000238
101751  40.509  5.919  9.539 0.4000000060
69130  32.653  11.684  18.617 0.5000000000
64131  40.368  4.136  18.720 0.3000000119
64145  41.009  4.324  18.413 0.3000000119
63343  42.106  4.112  17.073 0.3000000119
62558  40.112  2.763  15.934 0.3000000119
62587  39.542  2.323  14.411 0.3000000119
61717  42.167  1.829  25.574 0.3000000119
62600  37.369  2.240  13.387 0.3000000119
63363  41.335  3.120  15.493 0.3000000119
62569  41.401  2.946  14.864 0.3000000119
63397  38.023  3.116  12.198 0.3000000119
106883  37.508  2.859  12.496 0.3000000119
63351  45.523  3.966  16.632 0.3000000119
63341  45.202  4.469  17.464 0.3000000119
108980  45.065  4.961  17.730 0.3000000119
62568  45.670  3.569  15.922 0.3000000119
63360  45.930  3.917  15.187 0.3000000119
62583  45.905  3.357  14.548 0.3000000119
63390  46.044  3.706  12.245 0.4000000060
63381  45.988  3.792  13.215 0.3000000119
62584  45.451  2.446  14.082 0.3000000119
63334  39.636  3.724  18.639 0.3000000119
63345  39.021  3.297  18.182 0.3000000119
58600  44.509  -2.563  27.362 0.2000000030
61701  44.220  1.293  27.103 0.2000000030
65723  43.818  7.242  21.950 0.3000000119
64943  44.667  6.178  20.670 0.3000000119
64965  42.493  5.522  19.355 0.3000000119
64104  44.562  5.621  21.686 0.3000000119
64937  44.490  6.593  21.965 0.3000000119
64964  43.596  5.721  19.084 0.3000000119
64954  44.349  6.030  19.783 0.3000000119
64128  43.878  5.360  18.270 0.3000000119
62612  36.289  2.800  12.684 0.2000000030
64091  44.251  6.730  22.626 0.3000000119
64109  44.806  5.367  20.270 0.3000000119
64953  44.659  5.516  19.691 0.3000000119
64962  44.713  5.143  18.849 0.3000000119
107523  42.687  4.005  16.354 0.3000000119
62611  37.102  2.621  12.782 0.2000000030
63413  36.008  3.813  12.147 0.2000000030
101463  44.785  5.186  18.075 0.3000000119
64142  44.278  5.057  17.465 0.3000000119
63352  43.584  4.307  16.048 0.3000000119
89926  41.955  3.321  15.244 0.3000000119
63362  42.712  3.740  15.618 0.3000000119
63374  41.579  2.908  14.131 0.3000000119
62597  40.897  2.800  13.575 0.3000000119
63412  36.769  3.787  11.832 0.3000000119
64151  45.258  4.638  16.182 0.3000000119
108194  45.522  4.335  16.166 0.3000000119
64160  44.619  4.573  15.707 0.3000000119
63373  42.664  3.494  14.808 0.3000000119
63372  44.532  4.248  14.348 0.3000000119
91378  43.381  3.654  14.201 0.3000000119
64201  37.986  4.881  10.944 0.4000000060
64165  45.831  4.106  13.899 0.4000000060
63394  41.604  3.459  12.224 0.4000000060
64178  45.858  4.018  11.823 0.4000000060
62617  45.485  2.454  11.394 0.3000000119
63421  46.020  3.696  10.572 0.4000000060
64123  39.912  4.156  20.095 0.3000000119
60940  44.328  0.634  27.300 0.2000000030
108461  35.627  1.651  14.372 0.2000000030
63400  35.233  3.768  12.463 0.2000000030
65014  36.138  4.964  12.014 0.3000000119
64187  36.415  4.377  11.844 0.3000000119
65012  37.437  5.310  11.386 0.4000000060
65799  37.441  6.698  12.310 0.5000000000
95469  37.667  6.153  11.614 0.4000000060
63391  44.799  4.222  12.747 0.4000000060
63392  43.554  3.857  12.662 0.4000000060
63409  40.528  3.823  11.092 0.4000000060
64199  39.528  4.629  10.343 0.4000000060
65019  38.680  4.741  10.636 0.4000000060
108206  38.232  6.376  11.388 0.4000000060
103318  38.484  5.326  10.680 0.4000000060
66516  37.945  7.395  12.731 0.5000000000
63406  43.188  3.930  11.922 0.4000000060
107797  40.237  4.795  9.942 0.4000000060
65809  39.417  6.678  10.694 0.4000000060
64196  43.294  4.251  10.777 0.4000000060
64198  40.932  4.629  9.928 0.4000000060
59358  42.819  -2.083  28.618 0.1000000015
99700  43.214  -1.177  28.431 0.2000000030
64910  41.722  6.134  22.989 0.3000000119
92991  34.087  2.432  13.724 0.2000000030
63401  34.440  3.634  12.764 0.2000000030
63388  33.798  3.535  13.090 0.2000000030
65008  34.882  5.133  12.554 0.3000000119
95340  35.979  6.210  12.694 0.5000000000
65789  35.587  6.772  13.328 0.5000000000
66497  36.541  7.999  14.255 0.5000000000
66504  37.892  7.877  13.438 0.6000000238
64197  41.957  4.527  9.880 0.4000000060
59346  41.448  -1.311  29.497 0.2000000030
63283  39.666  3.525  22.954 0.3000000119
62521  38.870  3.050  20.765 0.3000000119
62522  38.322  2.612  20.354 0.3000000119
61813  35.038  1.426  15.633 0.3000000119
61797  33.645  1.276  15.800 0.2000000030
61832  33.125  1.857  14.799 0.2000000030
64998  34.340  5.691  12.967 0.3000000119
66507  35.138  7.347  13.979 0.5000000000
67217  37.204  8.342  14.391 0.5000000000
90262  38.993  9.166  14.605 0.6000000238
61043  33.919  0.888  16.891 0.2000000030
61029  33.194  0.552  17.177 0.2000000030
64175  33.291  4.705  13.162 0.3000000119
93094  33.175  3.914  13.256 0.3000000119
62590  32.481  2.809  14.159 0.2000000030
91059  31.831  1.891  15.146 0.2000000030
67206  36.649  8.520  14.890 0.5000000000
65780  34.253  6.999  13.939 0.4000000060
65791  33.065  6.038  13.623 0.4000000060
90181  36.223  8.833  15.525 0.5000000000
89889  37.858  9.751  16.374 0.5000000000
61758  36.846  1.149  19.916 0.3000000119
92659  34.238  0.317  18.438 0.2000000030
61817  31.247  1.610  15.561 0.2000000030
68508  39.594  11.316  17.559 0.6999999881
66499  35.029  7.921  14.688 0.4000000060
67208  34.778  8.348  15.354 0.5000000000
67200  35.313  8.822  15.862 0.5000000000
62591  30.881  3.099  14.686 0.2000000030
63375  31.719  3.343  14.201 0.2000000030
64168  30.458  4.579  14.479 0.2000000030
63365  30.002  3.403  14.984 0.4000000060
64041  41.949  5.337  28.792 0.3000000119
64046  41.375  5.493  27.781 0.3000000119
61738  37.796  1.313  22.010 0.3000000119
64040  42.553  5.696  28.204 0.3000000119
64875  42.780  6.615  26.772 0.3000000119
60232  32.274  -0.581  18.315 0.2000000030
60233  31.412  -0.778  18.270 0.2000000030
60234  30.500  -0.909  18.252 0.2000000030
60251  29.021  -0.414  17.761 0.1000000015
61034  28.613  0.329  17.273 0.3000000119
66501  33.048  7.150  14.598 0.4000000060
66491  34.252  7.893  14.964 0.4000000060
65782  32.323  6.730  14.563 0.3000000119
95234  29.284  1.406  16.338 0.3000000119
105459  38.646  11.019  18.141 0.6999999881
67201  33.937  8.391  15.743 0.4000000060
91499  31.694  6.273  14.440 0.3000000119
64991  30.592  5.399  14.553 0.3000000119
65783  31.002  6.203  14.804 0.3000000119
98547  29.380  3.765  15.227 0.4000000060
64992  29.886  5.006  14.786 0.3000000119
67196  33.390  8.629  16.756 0.4000000060
66493  32.472  7.418  15.304 0.3000000119
58602  33.482  -2.335  27.486 0.1000000015
58603  32.765  -2.455  27.783 0.1000000015
59369  36.361  -1.262  27.591 0.2000000030
58611  35.338  -2.159  26.478 0.1000000015
57790  32.110  -2.867  26.503 0.1000000015
90556  30.694  -3.520  24.634 0.1000000015
57815  29.693  -3.575  24.479 0.1000000015
95730  29.274  -3.477  25.234 0.1000000015
108384  28.292  -3.630  24.499 0.1000000015
57046  27.207  -3.864  24.343 0.2000000030
57028  27.387  -3.915  25.267 0.2000000030
57812  33.561  -3.186  24.521 0.1000000015
57813  32.846  -3.404  24.403 0.1000000015
106112  32.154  -3.537  24.349 0.1000000015
57834  31.543  -3.648  23.838 0.1000000015
57836  29.596  -3.707  23.508 0.1000000015
100003  28.786  -3.761  23.252 0.1000000015
103441  28.077  -3.796  23.013 0.1000000015
57057  26.227  -3.955  22.993 0.2000000030
58631  34.715  -2.623  24.215 0.1000000015
57832  33.322  -3.251  23.649 0.1000000015
57835  31.217  -3.692  23.041 0.1000000015
91352  30.223  -3.698  22.874 0.1000000015
57860  27.650  -3.738  22.337 0.1000000015
106655  26.426  -3.669  21.807 0.1000000015
61725  38.798  1.641  24.608 0.3000000119
58659  33.593  -2.726  22.302 0.1000000015
57872  32.915  -3.056  22.014 0.1000000015
57857  31.698  -3.507  22.395 0.1000000015
106586  29.706  -3.465  21.532 0.1000000015
57874  31.177  -3.238  21.435 0.1000000015
57876  29.157  -3.504  21.551 0.1000000015
57877  28.209  -3.553  21.548 0.1000000015
60215  35.908  -0.057  20.683 0.3000000119
58667  34.097  -2.158  21.839 0.1000000015
58669  32.667  -2.663  21.278 0.1000000015
58670  31.899  -2.720  20.937 0.1000000015
58680  31.029  -2.667  20.419 0.1000000015
57890  29.685  -3.258  20.922 0.1000000015
58683  28.401  -2.833  20.011 0.1000000015
58682  29.289  -2.789  20.077 0.1000000015
57892  25.958  -3.183  20.705 0.2000000030
101029  35.407  -0.610  20.981 0.3000000119
59450  34.210  -0.993  20.174 0.2000000030
59434  34.905  -1.189  21.259 0.2000000030
59443  33.607  -1.519  20.284 0.2000000030
58678  33.133  -2.147  20.790 0.1000000015
91306  34.422  -1.654  21.422 0.1000000015
106146  30.521  -2.380  19.858 0.2000000030
58694  31.223  -2.178  19.858 0.2000000030
58693  32.030  -1.996  19.936 0.2000000030
58695  29.795  -2.386  19.651 0.1000000015
59457  27.667  -1.948  19.052 0.1000000015
58698  27.139  -2.419  19.563 0.1000000015
58686  25.680  -2.736  20.124 0.2000000030
59444  32.815  -1.850  20.086 0.2000000030
59472  30.031  -1.503  18.721 0.2000000030
59473  29.137  -1.526  18.649 0.1000000015
59474  28.205  -1.351  18.526 0.1000000015
60236  28.362  -0.730  18.056 0.1000000015
60237  27.537  -0.614  18.065 0.2000000030
60253  27.380  0.138  17.585 0.3000000119
61036  26.632  0.504  17.618 0.3000000119
62562  28.481  3.026  15.870 0.3000000119
64983  30.022  5.628  15.076 0.4000000060
64162  29.094  4.499  15.339 0.4000000060
63366  28.728  3.765  15.564 0.3000000119
62563  27.392  2.784  16.614 0.4000000060
67853  35.002  9.416  17.561 0.5000000000
66486  32.145  7.784  16.178 0.3000000119
56932  26.644  -4.284  32.242 0.1000000015
56121  27.602  -5.321  32.339 0.1000000015
56142  27.288  -5.694  31.560 0.1000000015
56161  26.249  -5.646  30.536 0.1000000015
56968  24.856  -4.886  30.132 0.1000000015
56160  26.944  -6.046  30.744 0.1000000015
104919  27.359  -6.573  29.317 0.1000000015
105398  25.922  -5.805  29.889 0.1000000015
56179  24.687  -5.186  29.248 0.1000000015
55381  28.552  -6.954  28.941 0.1000000015
54614  29.194  -7.083  28.851 0.1000000015
54613  29.906  -7.075  28.865 0.1000000015
56193  26.150  -5.900  28.180 0.1000000015
57000  23.314  -4.690  27.346 0.1000000015
55395  29.463  -6.632  28.410 0.1000000015
55380  30.646  -7.002  29.030 0.1000000015
55404  28.184  -6.245  27.970 0.2000000030
55403  28.950  -6.102  27.948 0.1000000015
106439  27.655  -5.777  27.591 0.2000000030
56190  31.315  -5.342  28.478 0.1000000015
56202  29.936  -4.861  27.812 0.1000000015
56203  29.160  -5.219  27.618 0.1000000015
56999  27.840  -5.049  27.101 0.2000000030
56213  26.655  -5.141  26.801 0.2000000030
56214  25.954  -5.298  26.737 0.2000000030
57012  23.574  -4.939  26.625 0.1000000015
58584  34.583  -2.465  29.365 0.2000000030
56997  29.385  -4.158  27.347 0.1000000015
57007  28.056  -4.254  26.594 0.2000000030
57006  28.805  -4.008  26.887 0.2000000030
57009  26.543  -4.679  26.184 0.2000000030
59371  34.800  -1.807  28.376 0.1000000015
58594  32.509  -2.712  28.247 0.1000000015
58595  31.787  -2.961  28.159 0.1000000015
57782  30.626  -3.460  27.686 0.1000000015
57793  29.348  -3.629  26.795 0.1000000015
57016  28.010  -3.836  25.870 0.2000000030
57031  24.844  -4.484  24.648 0.2000000030
57804  29.311  -3.479  26.030 0.1000000015
57029  26.610  -4.109  24.905 0.2000000030
57048  25.664  -4.123  23.644 0.2000000030
57059  24.759  -3.959  22.646 0.2000000030
92481  24.330  -4.122  23.191 0.2000000030
60969  37.507  0.503  23.153 0.3000000119
57863  24.654  -3.683  21.902 0.2000000030
60210  36.070  -0.330  21.424 0.3000000119
102555  35.688  -1.130  22.471 0.1000000015
57893  24.983  -3.051  20.666 0.2000000030
60199  36.852  -0.127  22.859 0.3000000119
59477  25.360  -1.165  18.767 0.2000000030
59478  24.525  -1.045  18.833 0.2000000030
60241  24.114  -0.337  18.636 0.2000000030
61803  26.827  1.808  17.144 0.3000000119
65777  29.634  5.930  15.687 0.4000000060
64985  28.726  5.051  15.666 0.4000000060
64155  27.755  4.497  16.391 0.4000000060
64154  28.359  4.516  15.822 0.3000000119
69759  37.337  12.221  19.008 0.6999999881
68488  36.972  10.796  19.457 0.6000000238
68478  36.184  10.705  20.383 0.5000000000
67188  33.539  8.725  17.934 0.4000000060
66478  31.944  7.995  17.142 0.3000000119
57749  25.963  -3.376  31.749 0.1000000015
97876  25.276  -3.272  31.062 0.1000000015
59340  25.224  -1.595  30.800 0.1000000015
56119  29.079  -5.955  32.969 0.1000000015
55320  28.787  -6.291  32.136 0.1000000015
55337  28.493  -6.651  31.271 0.1000000015
55357  29.071  -7.169  30.571 0.1000000015
57758  36.657  -3.627  30.511 0.2000000030
56175  33.451  -5.628  29.317 0.2000000030
55378  32.219  -6.663  29.477 0.1000000015
96974  35.076  -4.948  29.805 0.2000000030
56188  32.902  -4.924  28.921 0.2000000030
105986  31.825  -3.505  28.405 0.1000000015
57033  22.825  -4.259  24.740 0.2000000030
57050  23.659  -4.106  23.434 0.2000000030
60171  37.335  -0.732  26.748 0.2000000030
99959  37.410  -0.652  25.946 0.2000000030
60178  37.112  -0.827  25.286 0.2000000030
93522  23.276  -3.228  21.459 0.2000000030
57894  23.958  -3.044  20.890 0.2000000030
59461  23.268  -1.111  19.203 0.3000000119
61788  24.670  1.853  17.980 0.3000000119
64980  28.262  5.177  16.225 0.4000000060
64146  27.167  4.539  17.079 0.3000000119
69747  35.898  11.905  19.601 0.6999999881
67180  34.016  8.585  19.266 0.4000000060
65764  28.902  6.145  17.271 0.3000000119
55335  30.117  -7.156  31.739 0.1000000015
54561  31.538  -7.672  31.279 0.2000000030
54562  30.681  -7.584  31.092 0.1000000015
54544  32.798  -7.806  32.466 0.1000000015
54577  31.235  -7.534  30.517 0.1000000015
55356  32.568  -7.078  30.167 0.2000000030
56158  36.339  -5.299  30.492 0.2000000030
57839  21.513  -3.219  22.956 0.2000000030
91109  22.110  -3.359  22.517 0.2000000030
57883  22.117  -3.049  21.725 0.2000000030
57882  22.681  -3.038  21.429 0.2000000030
59462  22.540  -1.390  19.618 0.2000000030
59445  21.872  -1.694  20.144 0.2000000030
58690  21.164  -1.977  20.695 0.2000000030
61021  22.853  0.202  18.849 0.3000000119
62554  24.848  2.409  17.937 0.3000000119
63348  25.577  3.323  17.770 0.3000000119
64147  26.522  4.276  17.611 0.3000000119
63336  25.888  4.041  17.964 0.3000000119
68467  35.797  10.579  20.783 0.6000000238
66474  33.353  7.789  19.786 0.4000000060
66476  31.241  7.316  18.440 0.4000000060
65760  29.210  6.397  18.026 0.3000000119
65758  30.769  6.844  18.932 0.4000000060
54558  34.259  -7.521  31.610 0.1000000015
54574  33.841  -7.218  30.930 0.2000000030
54575  32.935  -7.440  30.850 0.2000000030
103342  20.496  -2.739  23.711 0.1000000015
69125  34.412  11.353  19.849 0.5000000000
68481  32.805  10.812  19.633 0.3000000119
68468  35.445  10.142  21.237 0.4000000060
107944  34.891  8.636  21.078 0.4000000060
67812  34.655  9.187  21.727 0.4000000060
67148  34.308  8.413  21.715 0.4000000060
64968  27.689  5.574  18.567 0.3000000119
64135  25.649  4.382  18.750 0.3000000119
54556  35.945  -7.036  31.926 0.1000000015
61760  20.253  1.268  20.390 0.2000000030
62534  22.252  2.179  19.510 0.2000000030
61759  20.911  1.879  20.253 0.2000000030
63329  24.389  3.594  19.197 0.3000000119
67827  33.617  9.489  21.426 0.3000000119
66467  33.323  6.940  20.880 0.4000000060
66466  33.754  7.304  21.481 0.4000000060
64960  27.835  5.469  19.604 0.3000000119
64957  30.697  5.821  20.319 0.4000000060
100102  22.804  4.404  22.634 0.2000000030
62515  20.664  2.760  21.298 0.2000000030
62514  21.444  2.893  21.139 0.2000000030
63292  21.642  3.872  22.061 0.2000000030
63310  21.988  3.397  21.591 0.2000000030
64097  23.495  3.949  22.584 0.2000000030
63290  23.581  3.495  22.135 0.2000000030
63322  22.174  3.065  20.927 0.2000000030
62525  22.469  2.860  20.043 0.2000000030
67828  32.261  9.269  20.812 0.3000000119
66452  33.484  7.115  22.174 0.4000000060
65749  33.503  6.645  21.809 0.4000000060
93139  27.161  5.049  20.096 0.2000000030
67163  31.794  8.579  21.119 0.4000000060
65750  33.050  6.231  21.575 0.4000000060
64949  30.112  5.296  20.669 0.4000000060
93620  25.054  3.326  22.594 0.3000000119
64116  28.518  4.729  21.071 0.3000000119
108220  27.179  4.126  21.494 0.3000000119
62667  41.818  2.283  7.157 0.2000000030
61896  40.843  1.310  6.004 0.3000000119
61129  40.434  0.531  4.702 0.2000000030
67856  25.643  9.792  17.811 0.4000000060
62665  44.114  2.826  7.033 0.4000000060
63443  44.555  3.431  7.456 0.4000000060
62677  43.739  2.344  6.355 0.4000000060
104304  43.161  2.767  8.037 0.4000000060
62666  42.799  2.228  6.739 0.4000000060
91680  43.616  2.655  8.717 0.3000000119
61895  41.884  1.444  5.793 0.3000000119
61913  40.812  1.016  4.352 0.2000000030
61139  39.933  0.043  4.125 0.2000000030
61138  40.315  0.549  3.994 0.2000000030
60339  39.260  -0.445  3.510 0.1000000015
61146  38.737  -0.336  2.819 0.1000000015
61154  37.316  0.037  2.366 0.1000000015
61148  36.710  0.211  2.877 0.1000000015
70318  28.247  13.377  22.186 0.2000000030
70328  26.637  13.733  21.002 0.2000000030
104437  28.026  12.853  22.194 0.2000000030
68490  31.204  10.825  18.554 0.3000000119
63455  44.847  3.963  7.086 0.4000000060
64243  44.558  3.865  6.398 0.4000000060
63449  44.812  4.008  7.721 0.4000000060
63463  44.068  2.797  6.036 0.4000000060
62678  42.841  1.823  5.954 0.3000000119
61904  41.119  1.043  5.213 0.2000000030
61145  39.575  0.385  3.391 0.2000000030
61921  38.733  0.631  2.760 0.1000000015
61928  37.964  0.781  2.663 0.1000000015
61141  36.344  0.690  4.058 0.1000000015
61147  37.415  0.923  2.959 0.1000000015
61923  36.963  1.237  3.621 0.1000000015
61914  37.137  2.134  4.257 0.2000000030
62695  36.679  2.530  4.799 0.2000000030
63477  35.745  3.482  4.991 0.2000000030
64266  35.254  4.047  3.894 0.2000000030
65038  44.349  5.322  7.879 0.4000000060
64235  44.952  4.692  7.409 0.4000000060
64242  45.114  4.821  6.766 0.4000000060
63464  43.355  2.857  5.575 0.4000000060
63472  42.492  3.078  4.957 0.3000000119
62693  42.077  1.956  4.901 0.3000000119
105782  41.447  2.177  4.270 0.3000000119
61903  41.798  1.418  5.284 0.3000000119
62694  40.903  1.821  3.940 0.3000000119
62699  40.351  2.245  3.183 0.3000000119
61919  40.238  1.305  3.548 0.2000000030
61920  39.476  1.408  2.993 0.2000000030
61929  37.957  1.642  3.024 0.1000000015
61922  37.566  1.955  3.574 0.1000000015
90126  31.925  4.307  5.917 0.1000000015
63475  37.291  2.827  4.067 0.2000000030
63487  36.183  3.760  4.243 0.2000000030
64255  32.288  4.177  5.024 0.1000000015
64267  34.143  3.963  4.000 0.2000000030
65052  44.932  5.941  7.359 0.4000000060
65051  45.248  5.543  7.152 0.4000000060
65068  45.119  6.007  6.553 0.4000000060
64250  44.694  4.922  6.031 0.4000000060
65084  43.616  5.154  5.276 0.4000000060
108640  42.509  3.969  4.802 0.4000000060
64263  42.671  4.729  4.721 0.4000000060
64264  42.010  4.129  4.409 0.4000000060
63473  41.705  3.004  4.334 0.3000000119
64275  41.578  4.890  3.835 0.4000000060
64265  41.257  3.979  3.853 0.3000000119
63474  40.954  2.928  3.652 0.3000000119
107780  39.942  1.840  3.013 0.3000000119
62700  39.500  2.426  2.722 0.2000000030
62702  37.938  2.517  3.132 0.2000000030
64245  31.488  4.380  6.779 0.1000000015
63476  36.548  3.168  4.655 0.2000000030
64254  32.941  4.057  4.537 0.2000000030
64253  33.785  3.907  4.932 0.2000000030
65095  42.897  6.013  4.500 0.5000000000
65096  42.202  5.382  4.111 0.5000000000
96223  40.654  3.913  3.305 0.3000000119
64276  40.872  5.057  3.253 0.4000000060
63483  39.372  3.586  2.373 0.2000000030
64269  32.328  4.105  4.165 0.2000000030
102660  33.404  3.983  4.083 0.2000000030
64270  31.561  4.227  4.146 0.2000000030
65123  40.222  6.803  1.758 0.3000000119
64290  38.725  4.986  1.066 0.3000000119
64291  37.874  4.593  1.017 0.3000000119
64278  37.137  4.179  2.358 0.2000000030
64279  36.162  4.135  3.159 0.2000000030
65910  39.341  7.268  0.899 0.3000000119
65125  38.911  6.223  0.661 0.3000000119
64292  36.984  4.568  0.746 0.2000000030
64293  36.069  4.471  1.278 0.2000000030
64280  34.286  4.105  2.758 0.2000000030
90667  35.218  4.273  2.285 0.2000000030
64281  33.426  3.946  3.129 0.2000000030
64268  32.787  3.978  3.644 0.2000000030
65138  39.067  6.855  0.652 0.3000000119
105792  38.366  6.834  0.505 0.4000000060
65139  37.349  6.102  -0.093 0.4000000060
64304  36.347  4.870  -0.211 0.2000000030
64303  37.167  5.210  0.021 0.3000000119
105816  30.146  4.604  4.312 0.1000000015
65103  29.329  4.980  4.077 0.2000000030
65104  28.588  5.399  3.613 0.2000000030
65912  37.614  7.100  1.342 0.4000000060
106834  30.867  4.423  4.557 0.1000000015
68606  27.532  10.644  5.692 0.3000000119
65920  37.301  6.607  0.516 0.4000000060
65921  36.552  6.252  -0.024 0.4000000060
64305  35.408  4.779  -0.169 0.2000000030
103144  30.670  4.364  3.588 0.2000000030
65140  36.468  5.562  -0.479 0.3000000119
90419  32.570  3.928  2.313 0.2000000030
64282  31.265  4.162  2.921 0.2000000030
92668  35.013  4.399  0.685 0.2000000030
64294  34.290  4.205  1.119 0.3000000119
65889  28.064  5.913  3.488 0.3000000119
65905  27.638  6.562  3.549 0.3000000119
65900  36.986  7.028  2.141 0.4000000060
65913  36.576  6.792  1.070 0.4000000060
68614  28.003  10.152  5.085 0.4000000060
67963  27.356  9.695  5.519 0.3000000119
65141  35.787  5.785  -0.411 0.3000000119
64312  35.806  5.270  -0.637 0.3000000119
90421  32.049  3.980  3.309 0.2000000030
90420  33.442  4.006  1.714 0.2000000030
65904  28.301  6.343  2.696 0.3000000119
67323  27.772  7.959  3.246 0.3000000119
69244  27.499  11.555  5.660 0.4000000060
64313  34.897  5.316  -0.640 0.4000000060
65127  35.114  6.086  0.168 0.4000000060
64306  34.437  4.616  -0.083 0.3000000119
67968  28.435  9.677  4.334 0.3000000119
67969  27.709  9.204  4.737 0.3000000119
67314  28.118  8.780  3.878 0.3000000119
107935  35.044  6.397  1.210 0.4000000060
65142  34.140  5.601  0.002 0.4000000060
106676  32.835  5.028  -0.445 0.4000000060
90418  31.772  4.007  2.289 0.3000000119
68605  28.113  11.119  5.233 0.4000000060
65147  33.580  5.069  -0.496 0.4000000060
64295  32.649  4.133  0.799 0.3000000119
69251  28.566  11.565  4.628 0.4000000060
69854  28.368  12.473  4.420 0.4000000060
69252  27.987  12.034  5.125 0.4000000060
91117  33.517  4.330  0.271 0.3000000119
68613  28.576  10.629  4.586 0.4000000060
68621  28.994  10.154  3.792 0.3000000119
66617  27.959  7.115  2.872 0.3000000119
65129  33.592  5.876  1.248 0.4000000060
65130  32.662  5.625  1.312 0.4000000060
64314  32.500  4.916  -0.149 0.4000000060
64283  30.447  4.425  2.300 0.2000000030
64271  29.812  4.614  3.078 0.3000000119
70430  28.043  13.444  3.987 0.4000000060
70439  27.689  14.354  3.775 0.4000000060
69862  28.781  12.826  3.741 0.4000000060
65118  29.059  4.969  2.741 0.3000000119
69250  29.050  11.950  4.029 0.4000000060
67322  28.289  8.483  2.729 0.3000000119
66616  28.508  6.976  1.854 0.3000000119
102069  28.255  7.695  2.220 0.3000000119
72124  26.319  16.901  6.246 0.4000000060
72135  26.086  16.080  5.964 0.4000000060
72134  26.711  16.497  5.577 0.6000000238
65115  33.202  6.096  2.333 0.4000000060
72145  27.036  16.105  4.839 0.6000000238
71576  27.370  15.720  4.098 0.6000000238
65143  33.032  5.264  -0.105 0.4000000060
71000  27.183  14.829  4.186 0.6000000238
70431  27.163  13.913  4.467 0.4000000060
64297  31.128  4.256  1.668 0.3000000119
68612  29.123  11.059  4.044 0.5000000000
69861  29.478  12.333  3.393 0.5000000000
96870  29.225  5.350  2.144 0.3000000119
65119  28.670  5.602  2.680 0.3000000119
67974  29.194  9.682  2.646 0.5000000000
69258  29.559  11.449  3.388 0.5000000000
65134  28.966  6.157  1.912 0.3000000119
67983  28.734  8.880  2.067 0.3000000119
72704  26.454  17.748  6.377 0.3000000119
72715  26.944  17.333  5.769 0.4000000060
72133  27.309  16.939  5.040 0.5000000000
65144  32.174  5.109  0.323 0.4000000060
65131  31.259  5.177  0.756 0.4000000060
71583  28.170  15.768  3.171 0.6000000238
91247  30.908  4.826  0.862 0.4000000060
64299  30.262  4.934  1.350 0.4000000060
71008  28.185  14.818  3.213 0.6000000238
64284  29.741  4.832  1.880 0.3000000119
109147  28.635  13.560  3.437 0.6000000238
70437  29.255  13.239  3.166 0.5000000000
68620  29.495  10.557  3.130 0.5000000000
69860  30.089  11.836  2.793 0.5000000000
67327  28.712  7.628  1.382 0.4000000060
105547  28.529  8.207  1.797 0.3000000119
68627  29.693  9.987  1.800 0.5000000000
68619  30.053  10.916  2.460 0.6000000238
72714  27.447  17.841  5.063 0.3000000119
72725  27.780  17.411  4.396 0.5000000000
104600  31.795  5.534  1.323 0.5000000000
72144  27.565  16.594  4.259 0.5000000000
72156  27.878  16.273  3.641 0.6000000238
65132  30.330  5.378  1.380 0.4000000060
65133  29.702  5.436  1.723 0.4000000060
70447  28.891  14.273  2.822 0.6999999881
66623  28.885  7.169  1.333 0.4000000060
70446  29.689  13.690  2.521 0.6000000238
104987  29.275  8.058  1.139 0.5000000000
66628  28.966  7.709  1.109 0.5000000000
67326  29.001  8.284  1.223 0.5000000000
67982  29.364  9.150  1.472 0.5000000000
69867  30.637  12.259  2.238 0.6999999881
68626  30.440  10.156  1.031 0.5000000000
67981  29.935  9.447  0.996 0.5000000000
65117  30.893  6.081  1.768 0.6000000238
65915  29.949  6.125  1.656 0.5000000000
65916  29.434  6.392  1.739 0.5000000000
66627  29.245  7.537  1.233 0.5000000000
69868  29.933  12.753  2.774 0.6999999881
67332  29.791  8.346  1.154 0.6000000238
69875  31.116  12.699  1.596 0.6999999881
67991  29.793  8.747  1.039 0.6000000238
69264  30.679  11.329  1.908 0.6000000238
67331  30.409  8.955  0.884 0.6000000238
67990  30.697  9.547  0.736 0.6000000238
69271  31.280  10.749  0.759 0.6000000238
68632  31.191  9.950  0.336 0.6000000238
65902  30.951  6.868  3.195 0.6000000238
65903  30.296  6.709  2.256 0.5000000000
66615  30.598  7.268  2.931 0.6999999881
66622  29.745  6.941  1.774 0.6000000238
67321  30.057  7.802  1.717 0.6000000238
67325  30.569  8.707  1.290 0.6000000238
67995  31.454  10.021  0.292 0.6999999881
67989  31.268  9.559  0.705 0.6999999881
70325  27.599  13.150  21.791 0.2000000030
105647  27.090  14.364  21.077 0.2000000030
63493  38.685  4.104  1.970 0.2000000030
63485  37.665  3.342  3.060 0.2000000030
63486  36.876  3.599  3.744 0.2000000030
65108  42.405  6.599  3.822 0.5000000000
64288  40.407  5.698  2.395 0.3000000119
65083  43.615  6.642  5.043 0.4000000060
62654  44.118  3.022  7.923 0.4000000060
62679  42.248  1.785  6.316 0.3000000119
91975  43.468  2.585  7.247 0.4000000060
62686  43.490  2.180  5.899 0.4000000060
61894  42.299  1.647  5.534 0.3000000119
61912  41.421  1.441  4.684 0.3000000119
64251  43.933  3.864  5.743 0.4000000060
62701  38.610  1.830  2.854 0.1000000015
63482  40.168  3.219  2.896 0.3000000119
63484  38.551  3.094  2.605 0.2000000030
64277  40.067  4.456  2.593 0.3000000119
65124  39.565  6.748  0.934 0.3000000119
105922  39.326  5.670  1.080 0.3000000119
64289  39.815  5.614  1.804 0.3000000119
64302  38.082  5.708  0.400 0.3000000119
105954  38.339  4.341  1.599 0.3000000119
63494  38.037  3.846  2.115 0.3000000119
65914  35.914  6.358  0.267 0.4000000060
67975  28.660  9.290  3.311 0.3000000119
64307  32.761  4.662  -0.252 0.3000000119
64296  31.845  4.120  1.210 0.3000000119
70438  28.258  14.070  3.431 0.5000000000
71577  26.784  15.277  4.683 0.6000000238
64308  32.096  4.542  0.321 0.4000000060
64315  31.853  4.792  0.474 0.4000000060
71584  27.757  15.739  3.634 0.6000000238
64298  30.557  4.664  1.279 0.3000000119
64309  31.334  4.501  0.787 0.3000000119
71009  27.673  15.193  3.647 0.6000000238
72705  25.838  17.328  6.816 0.2000000030
63492  39.289  4.679  1.858 0.3000000119
63304  28.046  3.906  21.774 0.2000000030
67130  28.574  8.150  24.110 0.2000000030
66427  28.491  7.241  23.718 0.2000000030
65696  29.174  6.434  23.995 0.2000000030
101514  31.510  4.062  24.122 0.2000000030
63266  31.114  3.597  23.593 0.2000000030
101396  29.125  6.365  22.828 0.2000000030
64931  31.218  4.945  23.575 0.2000000030
64095  31.413  4.205  23.141 0.2000000030
63284  29.827  3.374  22.783 0.2000000030
94516  28.025  2.999  22.652 0.2000000030
65727  30.140  5.936  22.994 0.2000000030
106990  31.641  4.777  23.032 0.2000000030
64107  31.217  4.422  22.339 0.2000000030
66426  29.023  7.275  24.462 0.2000000030
67798  28.189  8.934  23.592 0.2000000030
64911  31.622  3.883  24.861 0.2000000030
63267  31.116  3.258  24.220 0.2000000030
65707  28.721  6.633  23.216 0.2000000030
65728  28.424  6.823  22.478 0.2000000030
65695  30.216  5.692  24.352 0.2000000030
64079  31.406  3.579  24.638 0.2000000030
63285  29.013  2.823  23.111 0.2000000030
63305  27.068  3.363  22.220 0.2000000030
64940  31.989  4.992  22.439 0.3000000119
69715  28.774  12.349  23.035 0.1000000015
69087  28.767  11.456  23.462 0.1000000015
68440  28.497  10.598  23.538 0.1000000015
68433  28.615  9.898  23.917 0.2000000030
69095  28.177  11.701  22.736 0.1000000015
67791  28.834  9.111  24.372 0.2000000030
67129  29.230  8.304  24.732 0.2000000030
104951  29.954  6.357  24.827 0.2000000030
68441  28.054  9.921  23.265 0.1000000015
106807  30.843  5.394  25.010 0.2000000030
63253  31.161  3.188  24.866 0.2000000030
107766  27.432  8.437  22.622 0.2000000030
66444  27.761  7.273  22.138 0.2000000030
64898  31.358  4.658  24.939 0.2000000030
63268  29.547  2.811  23.780 0.2000000030
90503  28.019  2.682  23.093 0.2000000030
65726  31.704  5.451  22.994 0.2000000030
63287  26.540  3.022  22.732 0.2000000030
107013  32.314  5.538  22.589 0.3000000119
64948  31.215  5.300  21.172 0.3000000119
68443  22.935  10.878  23.262 0.1000000015
67801  22.143  9.514  23.551 0.1000000015
102991  28.169  14.519  21.662 0.1000000015
69705  29.464  12.277  23.701 0.1000000015
70324  27.899  13.842  21.767 0.1000000015
69078  29.474  11.477  24.123 0.1000000015
68439  29.009  10.755  24.038 0.1000000015
62516  19.794  2.480  21.397 0.1000000015
61761  19.616  1.663  21.020 0.1000000015
69096  27.495  11.155  22.350 0.1000000015
101245  29.810  7.496  25.069 0.2000000030
68450  27.031  10.368  22.166 0.2000000030
67807  26.962  9.531  22.199 0.2000000030
65688  31.188  5.626  25.588 0.2000000030
68456  26.403  10.078  21.640 0.2000000030
67143  27.039  8.536  22.149 0.2000000030
65729  28.253  7.041  21.885 0.3000000119
64897  31.665  3.812  25.604 0.2000000030
66457  27.730  7.423  21.477 0.3000000119
65743  29.133  6.706  22.206 0.3000000119
63286  27.247  2.766  22.919 0.2000000030
66456  28.557  7.329  21.343 0.3000000119
65725  32.575  5.696  22.508 0.2000000030
64947  32.250  5.391  21.774 0.3000000119
99671  24.172  12.792  22.825 0.1000000015
69723  22.637  12.689  22.525 0.1000000015
69089  24.274  11.951  23.335 0.1000000015
69090  23.418  11.567  23.101 0.1000000015
68442  23.901  11.090  23.587 0.1000000015
68437  23.648  10.300  23.829 0.1000000015
68444  22.167  10.411  23.326 0.1000000015
67800  22.900  9.917  23.603 0.1000000015
67139  22.203  8.586  23.812 0.1000000015
105137  21.616  8.160  23.763 0.1000000015
65712  20.338  6.806  23.479 0.1000000015
71464  28.094  15.813  20.956 0.1000000015
64100  19.448  4.554  22.579 0.1000000015
99056  29.128  13.024  23.036 0.1000000015
63312  20.088  3.361  21.790 0.1000000015
71462  27.665  14.975  21.176 0.1000000015
70887  27.022  14.964  20.767 0.1000000015
62527  20.348  2.110  20.827 0.1000000015
71466  26.610  15.418  20.359 0.1000000015
69726  27.181  12.644  21.658 0.1000000015
68420  29.849  9.822  25.060 0.1000000015
67790  29.549  9.183  24.907 0.2000000030
69733  26.208  12.917  20.926 0.1000000015
69104  27.006  11.878  21.768 0.1000000015
109114  30.508  6.718  25.475 0.2000000030
99253  25.484  13.044  20.489 0.1000000015
69105  26.242  11.064  21.399 0.2000000030
67814  26.460  9.051  21.598 0.2000000030
63254  30.586  3.055  24.977 0.2000000030
63269  28.573  2.767  23.560 0.2000000030
69106  25.536  11.200  20.819 0.2000000030
67815  25.933  9.395  20.999 0.2000000030
68470  24.990  10.472  20.370 0.2000000030
67169  25.833  8.903  20.364 0.2000000030
66455  29.736  7.192  21.578 0.3000000119
105944  28.512  7.711  20.650 0.3000000119
65741  32.165  6.347  22.503 0.2000000030
107067  33.160  5.971  22.155 0.3000000119
96150  31.954  7.313  22.033 0.4000000060
65740  33.286  6.112  22.111 0.3000000119
65751  32.509  5.864  21.413 0.3000000119
65739  33.461  6.526  22.143 0.3000000119
70883  21.013  14.087  22.751 0.1000000015
99111  20.535  13.131  23.935 0.1000000015
70321  22.261  13.366  22.417 0.1000000015
70302  20.624  14.097  24.114 0.1000000015
106157  23.441  12.962  22.526 0.1000000015
91952  22.208  14.923  22.327 0.1000000015
71457  21.063  15.005  22.746 0.1000000015
69717  25.058  12.696  23.457 0.1000000015
70313  24.751  13.497  22.888 0.1000000015
70319  23.913  13.513  22.511 0.1000000015
70881  22.258  14.098  22.321 0.1000000015
92496  22.219  15.933  22.343 0.1000000015
69081  24.742  11.351  23.994 0.1000000015
96618  23.641  14.126  22.352 0.1000000015
70880  22.977  14.619  22.206 0.1000000015
105669  22.175  15.434  22.353 0.1000000015
91545  24.167  9.896  24.381 0.1000000015
67794  23.565  9.480  24.175 0.1000000015
67795  22.891  9.027  23.957 0.1000000015
67140  20.920  8.126  23.696 0.1000000015
67133  22.866  8.171  24.319 0.1000000015
66438  20.664  7.394  23.635 0.1000000015
66429  22.940  7.485  24.374 0.1000000015
66430  22.274  7.667  24.021 0.1000000015
66437  21.452  7.470  23.736 0.1000000015
65711  21.162  6.643  23.478 0.1000000015
64917  20.347  6.087  23.154 0.1000000015
64934  19.743  5.400  22.850 0.1000000015
105396  22.011  5.982  23.386 0.1000000015
64932  21.595  5.266  22.807 0.1000000015
64099  20.297  4.667  22.455 0.1000000015
64098  21.179  4.611  22.407 0.1000000015
63293  20.732  3.979  22.098 0.1000000015
72004  28.811  16.086  21.277 0.1000000015
70877  28.524  14.049  22.186 0.1000000015
93730  28.825  14.832  22.093 0.1000000015
70310  29.581  13.633  23.100 0.1000000015
69714  29.686  13.010  23.503 0.1000000015
74193  25.887  20.537  14.982 0.1000000015
74791  26.488  20.963  15.743 0.1000000015
92111  29.983  12.045  24.303 0.1000000015
67785  30.189  9.251  25.423 0.2000000030
67123  29.984  8.414  25.282 0.2000000030
63288  25.826  3.198  22.742 0.2000000030
69115  24.419  11.802  19.910 0.2000000030
94611  29.428  2.901  24.363 0.2000000030
63270  27.494  2.825  23.350 0.2000000030
63271  26.533  2.833  23.046 0.2000000030
99481  23.704  11.807  19.250 0.2000000030
67830  24.733  9.976  19.776 0.2000000030
67167  27.250  7.963  20.287 0.3000000119
67838  25.350  9.284  19.633 0.3000000119
67849  24.665  9.851  18.676 0.3000000119
67184  26.463  8.792  19.058 0.3000000119
98304  28.997  8.166  20.210 0.3000000119
67848  25.279  9.459  18.719 0.3000000119
67183  27.119  8.660  19.105 0.3000000119
66469  31.307  7.926  21.369 0.4000000060
67847  26.155  9.283  18.463 0.3000000119
67165  29.883  8.310  20.389 0.3000000119
66468  32.382  7.903  21.852 0.3000000119
67845  28.115  9.596  18.312 0.3000000119
67836  29.407  9.203  19.180 0.3000000119
67844  29.003  9.721  18.467 0.2000000030
100461  30.819  9.380  19.655 0.2000000030
68483  30.830  9.963  19.060 0.2000000030
70291  21.010  14.051  25.248 0.1000000015
69088  25.039  11.948  23.845 0.1000000015
70312  25.591  13.589  23.395 0.1000000015
70870  25.209  14.256  22.912 0.1000000015
70879  24.393  14.169  22.573 0.1000000015
90739  22.948  16.192  22.263 0.1000000015
72541  22.578  17.475  22.408 0.1000000015
69080  25.327  11.579  24.264 0.1000000015
68436  24.474  10.591  24.226 0.1000000015
68435  25.301  10.880  24.612 0.1000000015
67792  24.891  9.900  24.924 0.1000000015
67793  24.210  9.217  24.830 0.1000000015
100620  23.566  8.556  24.665 0.1000000015
67131  24.242  8.473  25.282 0.1000000015
109101  23.902  7.889  25.130 0.1000000015
67132  23.433  7.674  24.728 0.1000000015
66436  22.739  6.930  24.146 0.1000000015
101449  22.056  6.835  23.808 0.1000000015
65700  23.369  6.951  24.487 0.1000000015
65710  22.604  6.358  23.792 0.1000000015
65709  23.226  6.299  24.011 0.1000000015
64915  22.920  5.715  23.496 0.1000000015
64082  22.463  5.174  22.951 0.1000000015
71460  29.198  15.632  21.847 0.1000000015
100382  26.366  20.556  16.440 0.1000000015
69704  30.276  12.779  24.142 0.1000000015
68431  29.935  10.522  24.912 0.1000000015
68419  30.359  10.078  25.433 0.1000000015
66421  30.601  7.486  25.760 0.2000000030
63244  30.828  3.227  25.469 0.2000000030
63245  29.852  3.288  25.234 0.2000000030
67843  29.878  9.851  18.745 0.2000000030
68492  29.445  10.397  18.059 0.2000000030
70981  24.599  14.457  6.336 0.2000000030
70969  24.001  14.127  6.921 0.3000000119
70416  24.700  13.636  6.620 0.2000000030
92463  25.826  14.242  5.467 0.3000000119
70424  25.309  13.857  5.961 0.2000000030
70414  25.889  13.009  6.197 0.2000000030
70422  26.891  13.291  5.235 0.3000000119
70432  26.434  14.078  5.056 0.3000000119
70423  26.136  13.548  5.606 0.3000000119
69851  26.582  12.738  5.846 0.3000000119
69708  25.666  12.186  24.166 0.1000000015
69716  25.802  12.912  23.848 0.1000000015
69079  25.807  11.506  24.634 0.1000000015
68423  25.650  10.307  25.356 0.1000000015
106899  25.364  9.613  25.703 0.1000000015
67787  24.793  9.022  25.668 0.1000000015
66423  24.463  7.790  25.450 0.1000000015
65708  23.865  6.349  24.283 0.1000000015
73104  29.857  18.077  20.048 0.1000000015
72007  29.156  16.766  20.871 0.1000000015
72003  29.568  16.369  21.500 0.1000000015
70875  29.613  15.125  22.452 0.1000000015
70876  29.261  14.252  22.601 0.1000000015
69077  30.121  11.356  24.723 0.1000000015
63273  24.928  3.693  23.081 0.2000000030
100986  31.473  6.158  26.187 0.2000000030
64053  31.706  4.324  26.374 0.2000000030
63256  28.295  2.923  24.005 0.2000000030
108421  28.110  10.079  17.853 0.3000000119
71568  24.630  15.231  6.385 0.3000000119
94231  23.876  14.930  6.734 0.3000000119
70991  25.316  14.791  5.775 0.3000000119
71001  26.726  14.582  4.696 0.3000000119
69855  27.621  12.934  4.788 0.3000000119
69850  27.282  12.423  5.489 0.3000000119
69245  26.931  11.934  6.070 0.3000000119
69707  26.393  12.707  24.370 0.1000000015
68434  25.917  10.961  25.064 0.1000000015
67786  25.918  9.825  26.152 0.1000000015
67777  25.450  9.129  26.341 0.1000000015
67124  25.201  8.514  26.153 0.1000000015
65699  24.177  7.039  24.911 0.1000000015
66428  24.922  7.270  25.331 0.1000000015
65698  25.169  6.592  24.894 0.1000000015
64902  24.723  5.945  24.250 0.1000000015
64914  23.862  5.510  23.670 0.1000000015
64901  25.512  5.265  24.000 0.1000000015
64913  24.829  4.844  23.565 0.1000000015
64081  23.287  4.878  23.071 0.1000000015
72551  29.913  17.038  21.084 0.1000000015
64072  25.716  4.205  23.538 0.2000000030
71451  30.400  15.436  22.755 0.1000000015
70309  30.327  13.613  23.691 0.1000000015
69693  30.625  12.157  24.729 0.1000000015
64080  26.540  3.339  23.433 0.2000000030
67122  30.718  8.439  25.960 0.2000000030
93916  27.485  3.664  24.148 0.2000000030
63255  28.673  3.466  24.730 0.2000000030
75428  27.515  22.092  13.742 0.1000000015
72727  30.491  17.105  3.659 0.5000000000
72728  29.556  17.242  3.492 0.5000000000
72154  29.137  16.921  2.780 0.5000000000
71567  25.396  15.664  6.171 0.3000000119
72176  32.352  15.989  0.404 0.5000000000
72163  31.323  16.516  1.746 0.5000000000
72153  29.964  16.960  2.671 0.5000000000
70990  26.139  14.845  5.171 0.4000000060
71571  25.821  15.373  5.617 0.4000000060
72171  31.455  16.091  0.925 0.5000000000
72164  30.359  16.675  1.957 0.5000000000
106271  33.824  15.853  -0.584 0.5000000000
71602  31.920  15.573  0.005 0.6000000238
97172  33.610  15.727  -1.269 0.6000000238
70445  30.439  13.214  2.158 0.6000000238
95290  32.457  11.527  -0.070 0.6000000238
69874  31.816  12.144  0.786 0.6000000238
67988  32.137  10.173  0.156 0.6000000238
69276  32.776  10.796  -0.307 0.6000000238
68631  32.000  10.187  -0.018 0.6000000238
69066  26.927  11.483  25.614 0.1000000015
69696  26.766  12.118  24.976 0.1000000015
69706  27.181  12.868  24.788 0.1000000015
68421  27.046  10.834  26.319 0.1000000015
68408  26.574  10.056  26.656 0.1000000015
67775  26.885  9.519  27.453 0.1000000015
67776  26.116  9.268  26.909 0.1000000015
67117  26.666  8.630  27.296 0.1000000015
107430  25.484  8.118  26.285 0.1000000015
65692  25.602  7.061  25.483 0.1000000015
65697  25.950  6.297  24.965 0.1000000015
97426  25.516  5.921  24.498 0.1000000015
72556  30.282  17.668  20.648 0.1000000015
64900  26.172  5.428  24.427 0.2000000030
107454  25.993  4.924  23.940 0.2000000030
72002  30.331  16.635  21.733 0.1000000015
108374  30.712  14.271  23.644 0.1000000015
64071  26.499  4.470  23.980 0.2000000030
104977  30.800  13.336  24.268 0.1000000015
64055  30.048  4.286  26.265 0.2000000030
69703  31.047  12.857  24.680 0.1000000015
104234  30.460  10.826  25.243 0.1000000015
65687  32.086  4.822  26.478 0.2000000030
64054  31.253  3.993  26.421 0.2000000030
64062  30.511  3.598  25.880 0.2000000030
74790  27.246  21.274  16.132 0.1000000015
74778  28.646  20.933  17.273 0.1000000015
66416  31.704  7.101  26.624 0.2000000030
74806  27.695  22.229  14.430 0.1000000015
74789  27.860  21.679  16.024 0.1000000015
75425  28.005  22.646  14.002 0.1000000015
72142  31.451  16.923  3.873 0.5000000000
72722  30.059  17.548  4.419 0.5000000000
72723  29.137  17.694  4.201 0.4000000060
72729  28.778  17.220  3.534 0.4000000060
72724  28.365  17.637  4.165 0.4000000060
72165  29.532  16.536  2.147 0.5000000000
72155  28.473  16.632  3.173 0.4000000060
71570  26.412  15.681  5.296 0.5000000000
72172  30.729  16.299  1.512 0.5000000000
71591  28.828  16.272  2.499 0.5000000000
71031  31.249  15.440  0.615 0.6000000238
71024  29.855  15.319  1.654 0.6000000238
71608  34.046  15.588  -1.877 0.6000000238
71037  32.772  15.151  -1.040 0.6000000238
71023  30.786  14.894  1.010 0.6000000238
69880  33.687  12.401  -0.640 0.6000000238
70466  33.968  13.397  -1.558 0.6000000238
69885  33.353  12.578  -0.956 0.6000000238
71015  30.153  14.233  1.817 0.6000000238
69275  33.236  11.522  -0.580 0.6000000238
70453  31.579  13.155  0.815 0.6000000238
69882  32.421  12.448  -0.018 0.6000000238
69268  33.217  10.727  -0.166 0.6000000238
98947  32.914  11.521  -0.596 0.6000000238
68630  32.909  10.348  0.271 0.6999999881
69054  27.518  11.560  26.154 0.1000000015
69695  27.469  12.301  25.486 0.1000000015
91601  27.566  11.008  26.729 0.1000000015
68393  27.507  10.087  27.919 0.1000000015
67763  27.448  9.310  28.035 0.1000000015
107522  27.075  8.987  27.715 0.1000000015
67112  27.561  8.518  27.748 0.1000000015
66417  26.493  7.916  26.764 0.2000000030
105691  27.396  7.668  27.011 0.2000000030
65684  26.887  7.156  26.300 0.2000000030
65691  26.410  6.718  25.622 0.2000000030
65683  27.782  6.694  26.471 0.2000000030
65690  27.342  6.188  25.750 0.2000000030
72550  30.685  17.281  21.307 0.1000000015
71992  30.723  16.237  22.409 0.1000000015
64889  27.408  5.410  25.189 0.2000000030
71443  30.836  14.963  23.388 0.1000000015
64064  27.960  4.540  24.956 0.2000000030
64899  27.027  4.948  24.615 0.2000000030
70867  31.252  14.558  23.917 0.1000000015
70308  31.005  13.890  24.109 0.1000000015
70298  31.364  13.482  24.591 0.1000000015
65680  32.442  5.303  27.004 0.2000000030
64877  31.896  4.558  27.120 0.2000000030
64063  29.117  4.193  25.607 0.2000000030
69064  31.412  11.526  25.725 0.1000000015
69065  30.840  11.479  25.273 0.1000000015
67116  31.626  8.567  26.591 0.2000000030
72721  31.915  17.241  4.738 0.5000000000
95242  30.965  17.363  4.629 0.5000000000
73253  28.607  18.303  4.634 0.3000000119
73247  28.094  18.936  4.914 0.2000000030
72143  28.106  17.016  3.779 0.4000000060
71590  29.264  15.880  1.990 0.6000000238
71017  28.679  15.379  2.554 0.6000000238
71035  34.942  14.766  -1.473 0.6000000238
71036  33.380  14.553  -1.968 0.6000000238
102196  29.181  15.119  2.168 0.6000000238
70472  33.852  14.193  -2.256 0.6000000238
70459  32.860  13.008  -0.882 0.6000000238
71030  31.665  14.852  -0.104 0.6000000238
70460  32.021  13.715  -0.101 0.6000000238
69684  27.968  12.145  26.072 0.1000000015
69053  28.150  11.572  26.731 0.1000000015
69683  28.531  12.436  26.355 0.1000000015
68406  27.854  10.792  27.400 0.1000000015
68380  28.633  10.367  28.809 0.1000000015
67762  28.073  9.753  28.586 0.1000000015
101057  27.938  8.963  28.347 0.1000000015
67100  28.648  9.020  28.633 0.2000000030
67111  28.456  8.285  28.089 0.2000000030
108222  28.229  7.007  26.976 0.2000000030
66410  28.267  7.633  27.485 0.2000000030
71442  31.508  15.326  23.653 0.1000000015
65682  28.828  6.059  26.747 0.2000000030
71450  31.132  15.774  23.025 0.1000000015
70856  31.599  14.157  24.452 0.1000000015
70297  31.929  13.721  24.967 0.1000000015
64879  29.029  5.092  26.241 0.2000000030
65689  28.176  5.896  26.146 0.2000000030
70287  31.667  13.062  25.092 0.1000000015
69052  31.822  11.180  26.308 0.1000000015
68404  31.900  10.270  26.645 0.2000000030
67774  31.471  9.683  26.406 0.2000000030
107226  32.341  5.477  27.514 0.2000000030
64878  30.298  4.925  26.848 0.2000000030
64888  28.140  5.283  25.608 0.2000000030
69692  31.385  12.285  25.280 0.1000000015
68405  31.108  10.589  25.884 0.1000000015
66415  32.484  6.242  27.480 0.2000000030
97991  32.360  7.414  27.145 0.2000000030
72711  33.398  17.600  5.402 0.4000000060
104373  30.546  17.859  5.123 0.3000000119
73252  29.693  18.262  5.060 0.3000000119
69670  28.829  12.024  27.081 0.1000000015
69044  28.522  11.287  27.621 0.1000000015
69030  28.983  11.123  28.514 0.1000000015
67748  29.819  9.908  29.297 0.2000000030
93729  29.555  9.062  28.884 0.2000000030
66409  29.116  7.392  27.882 0.2000000030
65677  28.954  6.724  27.385 0.2000000030
65676  29.991  6.354  27.812 0.2000000030
65672  30.770  6.447  28.241 0.2000000030
65681  29.727  5.877  27.271 0.2000000030
69681  31.891  12.021  25.966 0.1000000015
68403  32.472  10.824  26.967 0.2000000030
67773  32.169  9.286  26.910 0.2000000030
64865  31.832  5.732  28.217 0.2000000030
64872  30.883  5.327  27.504 0.2000000030
68391  32.731  9.796  27.254 0.2000000030
67110  32.631  8.163  27.332 0.2000000030
103577  32.561  6.118  28.037 0.2000000030
69029  29.952  11.297  28.964 0.1000000015
68378  29.996  10.643  29.333 0.1000000015
68366  30.639  10.246  29.442 0.2000000030
69014  30.708  10.989  29.440 0.1000000015
67735  30.654  9.611  29.330 0.2000000030
67099  30.374  8.257  28.741 0.2000000030
100927  31.160  9.043  29.292 0.2000000030
66398  31.153  7.527  28.745 0.2000000030
95193  33.506  7.077  28.944 0.2000000030
66397  32.149  7.081  28.966 0.2000000030
67109  33.445  7.862  28.279 0.2000000030
65671  32.491  6.306  28.452 0.2000000030
67761  32.938  8.852  27.521 0.2000000030
99065  32.935  6.673  28.733 0.2000000030
91076  33.284  10.363  27.654 0.2000000030
66414  32.944  6.958  28.045 0.2000000030
69028  30.997  11.670  29.061 0.1000000015
69654  30.499  12.133  28.441 0.1000000015
67734  31.477  9.631  29.516 0.2000000030
67720  32.307  9.286  29.642 0.2000000030
67086  32.085  8.637  29.436 0.2000000030
67747  34.183  8.841  29.411 0.2000000030
67084  33.894  8.272  29.181 0.2000000030
66396  32.497  7.645  29.244 0.2000000030
67097  33.898  8.007  29.005 0.2000000030
99500  33.658  9.002  28.139 0.2000000030
69013  31.652  11.233  29.597 0.1000000015
67719  33.084  9.292  29.858 0.2000000030
105724  34.185  8.893  29.716 0.2000000030
69734  25.368  12.173  20.570 0.2000000030
69735  24.737  12.738  20.104 0.2000000030
67839  24.784  9.733  19.213 0.3000000119
68491  30.298  10.594  18.293 0.2000000030
74183  27.848  21.184  16.743 0.1000000015
68471  24.355  10.847  19.741 0.2000000030
67182  27.839  8.893  18.921 0.3000000119
67834  31.552  9.655  19.849 0.2000000030
67173  31.231  9.043  20.289 0.2000000030
64114  30.642  4.771  21.486 0.3000000119
63303  28.984  3.502  22.318 0.2000000030
91713  30.031  4.113  22.056 0.2000000030
67164  30.791  8.437  20.642 0.2000000030
69721  27.607  12.483  22.018 0.1000000015
71016  29.518  14.507  2.183 0.6000000238
69263  31.267  11.757  1.392 0.6000000238
68636  32.639  10.473  -0.078 0.6000000238
67137  28.123  7.983  23.518 0.2000000030
64912  31.009  4.908  24.243 0.2000000030
65706  29.803  5.896  23.579 0.2000000030
104519  31.415  3.853  23.973 0.2000000030
93913  30.319  3.121  23.561 0.2000000030
64096  30.764  3.751  22.894 0.2000000030
68449  27.506  10.150  22.656 0.2000000030
67799  27.537  9.106  22.812 0.2000000030
101927  30.470  2.941  24.327 0.2000000030
64941  31.607  4.884  21.857 0.3000000119
68448  28.093  10.856  22.990 0.1000000015
64070  31.432  3.492  25.267 0.2000000030
67151  26.686  8.276  21.332 0.2000000030
65742  30.600  6.383  22.429 0.2000000030
71461  28.454  15.300  21.502 0.1000000015
69097  26.852  10.954  21.877 0.2000000030
68457  25.702  10.278  20.946 0.2000000030
66458  27.130  7.770  20.992 0.3000000119
66472  27.803  7.637  20.810 0.3000000119
64930  32.765  5.731  22.255 0.2000000030
70320  22.997  13.611  22.287 0.1000000015
101019  19.970  4.068  22.230 0.1000000015
69727  26.192  11.998  21.160 0.1000000015
67152  26.222  8.718  20.964 0.2000000030
67829  25.345  9.647  20.372 0.2000000030
66454  30.966  7.173  21.798 0.3000000119
66471  29.310  7.729  20.831 0.3000000119
66443  33.046  6.225  22.431 0.2000000030
66453  32.944  6.997  22.402 0.4000000060
66470  30.293  7.823  21.060 0.3000000119
70314  20.692  13.614  23.208 0.1000000015
70322  21.570  13.574  22.546 0.1000000015
71456  21.687  15.451  22.468 0.1000000015
71996  22.332  16.708  22.353 0.1000000015
64916  21.162  5.874  23.100 0.1000000015
64933  20.714  5.339  22.750 0.1000000015
67177  26.764  8.353  19.717 0.3000000119
67185  25.824  9.019  19.097 0.3000000119
95220  27.578  8.334  19.616 0.3000000119
67175  29.543  8.698  19.778 0.3000000119
67174  30.342  8.895  19.918 0.3000000119
67835  30.198  9.397  19.354 0.2000000030
67125  24.731  8.332  25.742 0.1000000015
67784  30.834  9.457  25.969 0.2000000030
63272  25.727  3.170  23.053 0.2000000030
69844  25.587  12.435  6.717 0.2000000030
69238  26.556  11.535  6.461 0.3000000119
66418  25.159  7.824  25.857 0.1000000015
71596  30.648  15.734  1.247 0.6000000238
71597  29.968  16.141  1.648 0.6000000238
70454  30.864  13.729  1.380 0.6000000238
66422  25.961  7.615  26.176 0.2000000030
64890  26.719  5.879  25.066 0.2000000030
64886  32.235  4.691  26.943 0.2000000030
93297  28.315  22.523  14.838 0.1000000015
73254  27.917  18.202  4.584 0.2000000030
68379  29.275  10.560  29.144 0.1000000015
98046  29.451  8.092  28.410 0.2000000030
66403  30.477  7.366  28.480 0.2000000030
64866  31.115  5.717  27.936 0.2000000030
56287  45.083  -4.360  16.395 0.1000000015
57090  44.556  -3.950  17.722 0.1000000015
57089  44.502  -4.104  17.136 0.1000000015
56265  43.012  -4.635  18.377 0.1000000015
56288  44.566  -4.895  16.600 0.1000000015
56299  44.857  -5.693  16.021 0.1000000015
89949  43.403  -4.067  19.014 0.1000000015
100640  43.785  -3.866  19.841 0.1000000015
56276  43.609  -4.687  17.624 0.1000000015
55491  44.128  -6.117  16.259 0.1000000015
56277  42.602  -5.499  17.871 0.1000000015
55480  43.043  -6.008  17.206 0.1000000015
57068  42.809  -3.995  20.464 0.1000000015
57886  44.073  -3.689  20.624 0.1000000015
57075  42.531  -4.332  19.625 0.1000000015
55503  44.334  -6.463  15.325 0.1000000015
55492  43.326  -6.360  16.500 0.1000000015
55536  44.780  -6.441  13.995 0.1000000015
55537  43.910  -6.379  14.035 0.1000000015
56327  43.417  -5.846  13.573 0.1000000015
57868  43.351  -3.626  21.191 0.1000000015
57062  42.100  -4.011  21.278 0.1000000015
106775  42.088  -4.397  20.178 0.1000000015
57069  41.332  -4.786  20.022 0.1000000015
57085  42.508  -4.573  18.925 0.1000000015
57076  41.735  -4.963  19.247 0.1000000015
107282  41.191  -5.510  18.873 0.1000000015
55470  41.153  -6.065  18.311 0.1000000015
107043  42.930  -6.704  16.138 0.1000000015
55482  41.118  -6.625  17.555 0.1000000015
108847  40.457  -6.502  18.037 0.1000000015
55518  43.618  -6.576  14.713 0.1000000015
100858  42.295  -6.392  14.287 0.1000000015
55539  41.784  -5.946  13.749 0.1000000015
102717  36.272  -4.461  6.398 0.1000000015
103321  35.978  -5.365  6.064 0.1000000015
56404  36.105  -6.046  6.647 0.1000000015
58007  36.372  -3.936  5.204 0.1000000015
57063  40.930  -4.274  21.380 0.1000000015
105322  41.600  -4.421  20.710 0.1000000015
101170  40.491  -4.656  20.761 0.1000000015
56257  39.566  -5.648  19.388 0.1000000015
56268  39.159  -6.155  18.649 0.1000000015
55519  42.814  -6.657  14.865 0.1000000015
103426  41.801  -6.964  16.120 0.1000000015
102588  40.585  -7.052  16.805 0.1000000015
92921  42.099  -6.716  14.923 0.1000000015
55520  41.389  -6.530  14.489 0.1000000015
55540  40.922  -6.033  13.781 0.1000000015
56329  41.331  -5.383  13.227 0.1000000015
57993  39.617  -4.302  8.755 0.1000000015
57195  39.014  -5.100  8.437 0.1000000015
56395  38.549  -6.063  8.265 0.1000000015
57196  37.625  -4.975  8.374 0.1000000015
56396  37.526  -6.252  7.986 0.1000000015
56397  36.744  -5.440  7.805 0.1000000015
56403  36.814  -6.611  7.292 0.1000000015
58784  36.476  -2.694  5.899 0.1000000015
57871  39.478  -3.525  21.704 0.1000000015
57870  40.356  -3.853  21.922 0.1000000015
57070  39.373  -4.592  20.646 0.1000000015
57064  39.850  -4.236  21.338 0.1000000015
56251  40.028  -5.178  20.173 0.1000000015
55472  38.326  -5.986  18.314 0.1000000015
55506  40.528  -6.840  15.183 0.1000000015
55507  39.494  -6.672  15.448 0.1000000015
55541  40.056  -6.039  13.876 0.1000000015
56350  39.906  -5.079  12.774 0.1000000015
57142  40.248  -4.577  12.038 0.1000000015
57161  39.613  -4.245  11.434 0.1000000015
57174  40.037  -3.877  10.567 0.1000000015
57969  39.578  -3.626  9.920 0.1000000015
57984  38.927  -3.672  9.360 0.1000000015
92816  38.167  -4.966  14.416 0.1000000015
107399  39.113  -5.070  13.057 0.1000000015
57145  37.814  -4.161  12.903 0.1000000015
57162  38.644  -4.100  11.708 0.1000000015
57953  39.104  -3.781  10.808 0.1000000015
57970  38.617  -3.403  10.221 0.1000000015
90757  38.458  -4.078  8.796 0.1000000015
57128  37.702  -3.851  13.496 0.1000000015
57941  37.851  -3.726  12.089 0.1000000015
57955  37.700  -3.104  11.464 0.1000000015
57971  37.901  -3.030  10.619 0.1000000015
58759  38.031  -3.022  9.725 0.1000000015
57985  37.854  -3.144  9.079 0.1000000015
57197  36.812  -4.382  8.069 0.1000000015
58742  37.923  -2.162  13.370 0.1000000015
90353  37.540  -3.087  12.135 0.1000000015
98569  37.511  -2.359  11.677 0.1000000015
104393  37.507  -2.028  10.966 0.1000000015
59529  37.463  -1.410  10.551 0.1000000015
58766  37.592  -2.313  9.358 0.1000000015
59544  37.284  -1.604  8.963 0.1000000015
102743  37.156  -2.890  8.519 0.1000000015
57995  36.762  -3.425  7.993 0.1000000015
102751  36.366  -4.910  7.288 0.1000000015
58743  37.559  -2.479  12.642 0.1000000015
59508  37.633  -1.500  12.166 0.1000000015
60278  37.738  -0.672  11.735 0.1000000015
59520  37.530  -1.427  11.346 0.1000000015
60298  37.380  -0.666  10.085 0.1000000015
60308  37.233  -0.820  9.238 0.1000000015
60314  36.841  -0.938  8.492 0.1000000015
58773  36.650  -2.519  7.802 0.1000000015
58000  36.445  -3.311  6.895 0.1000000015
106652  36.519  -4.046  7.440 0.1000000015
105309  38.153  -0.074  11.983 0.1000000015
60286  37.867  0.086  11.336 0.1000000015
92417  38.206  0.812  10.880 0.1000000015
61094  37.604  0.145  10.476 0.1000000015
61103  37.367  0.086  9.444 0.1000000015
60320  36.741  -0.345  7.871 0.1000000015
59551  36.515  -1.689  7.408 0.1000000015
61117  37.198  0.347  7.518 0.1000000015
60321  36.568  -0.935  7.092 0.1000000015
59556  36.509  -1.697  6.486 0.1000000015
92617  37.187  -0.347  6.061 0.1000000015
58656  39.719  -2.390  22.606 0.1000000015
57887  38.907  -3.885  21.081 0.1000000015
57888  38.206  -3.336  20.550 0.1000000015
57077  38.873  -5.126  19.948 0.1000000015
57071  38.396  -4.281  20.288 0.1000000015
56269  37.799  -5.311  18.583 0.1000000015
57897  37.737  -3.734  19.723 0.1000000015
56290  37.830  -5.695  17.008 0.1000000015
56300  38.010  -5.458  16.009 0.1000000015
90118  38.030  -4.803  15.168 0.1000000015
90014  37.989  -4.134  15.174 0.1000000015
56332  38.650  -5.202  13.737 0.1000000015
57117  37.949  -4.206  14.375 0.1000000015
58730  38.261  -2.398  14.008 0.1000000015
60274  38.672  -0.846  13.240 0.1000000015
89938  39.115  -0.249  12.960 0.1000000015
60277  38.176  -0.628  12.541 0.1000000015
61076  38.672  0.049  12.388 0.1000000015
61082  38.701  0.560  11.768 0.1000000015
61871  38.435  1.411  9.378 0.1000000015
61102  37.732  0.862  8.989 0.1000000015
61109  37.695  0.947  8.048 0.1000000015
61116  37.915  0.892  7.099 0.1000000015
61124  37.491  0.279  6.568 0.1000000015
61132  37.891  -0.043  5.646 0.1000000015
58665  39.089  -2.170  21.957 0.1000000015
91099  39.341  -2.888  22.035 0.1000000015
101200  38.679  -1.842  21.247 0.1000000015
58676  38.253  -2.325  20.617 0.1000000015
58692  37.871  -2.626  19.718 0.1000000015
58708  37.860  -2.379  18.705 0.1000000015
105903  37.466  -3.588  17.835 0.1000000015
57913  37.680  -3.942  16.536 0.1000000015
58714  38.087  -2.969  16.553 0.1000000015
59489  39.286  -1.475  15.896 0.1000000015
58717  38.450  -2.878  15.235 0.1000000015
59496  38.978  -1.879  14.502 0.1000000015
59498  39.564  -1.151  14.263 0.1000000015
60276  40.071  0.046  13.160 0.1000000015
61074  40.439  0.642  12.556 0.1000000015
61075  39.458  0.379  12.494 0.1000000015
61853  39.148  1.272  11.155 0.1000000015
61865  39.693  1.662  10.513 0.1000000015
98045  39.392  1.848  9.610 0.1000000015
100468  38.899  1.788  8.870 0.1000000015
61880  38.305  1.433  8.510 0.1000000015
61888  38.440  1.419  7.614 0.1000000015
61887  39.291  1.735  7.233 0.1000000015
61123  38.340  0.615  6.165 0.1000000015
61131  38.858  0.151  5.270 0.1000000015
59400  40.921  -1.536  24.434 0.1000000015
60198  39.691  -0.740  22.594 0.1000000015
59407  39.818  -1.551  23.082 0.1000000015
60188  40.082  -0.761  23.412 0.1000000015
59433  39.201  -1.192  21.662 0.1000000015
59439  38.988  -1.031  20.938 0.1000000015
60209  39.442  -0.434  21.109 0.1000000015
103028  38.241  -1.782  19.910 0.1000000015
59440  38.599  -1.380  20.430 0.1000000015
59449  38.192  -1.705  19.136 0.1000000015
60221  38.609  -1.045  19.598 0.1000000015
59468  38.296  -1.659  18.303 0.1000000015
59481  38.335  -2.219  17.117 0.1000000015
60262  39.890  -0.857  15.474 0.1000000015
91000  40.145  -0.685  14.099 0.2000000030
60272  40.565  -0.284  13.730 0.2000000030
61847  41.257  0.804  12.548 0.2000000030
61849  42.547  1.462  11.487 0.2000000030
61851  40.904  1.210  11.885 0.1000000015
61850  41.689  1.411  11.498 0.1000000015
62631  41.256  1.886  10.369 0.1000000015
61870  40.383  2.010  9.998 0.1000000015
62645  40.206  2.202  9.266 0.1000000015
62630  42.262  2.074  10.191 0.2000000030
62658  39.579  2.118  8.693 0.1000000015
61886  40.246  1.889  6.907 0.1000000015
61897  39.765  1.349  6.330 0.1000000015
61905  40.233  0.883  5.460 0.1000000015
61140  39.289  -0.297  4.378 0.1000000015
59398  42.821  -1.766  24.993 0.1000000015
59397  44.141  -1.616  24.931 0.1000000015
58625  45.282  -2.331  24.597 0.1000000015
58626  44.753  -2.094  24.341 0.1000000015
60962  40.987  0.121  24.555 0.1000000015
60183  41.332  -0.735  25.040 0.1000000015
59399  41.759  -1.646  24.836 0.1000000015
100614  41.415  0.808  24.811 0.1000000015
60967  40.544  0.186  23.590 0.1000000015
60976  39.961  0.084  22.216 0.2000000030
60975  40.455  0.578  22.657 0.2000000030
60987  40.390  0.724  21.836 0.2000000030
60988  39.911  0.178  21.436 0.2000000030
60995  39.820  0.212  20.619 0.1000000015
61003  39.767  0.258  19.716 0.2000000030
60214  39.190  -0.498  20.224 0.1000000015
60220  39.198  -0.367  19.216 0.1000000015
61015  39.804  0.237  18.768 0.1000000015
61026  39.869  0.119  17.839 0.2000000030
60256  39.591  -0.755  16.441 0.1000000015
61055  40.978  0.170  15.578 0.1000000015
61054  41.731  0.455  15.222 0.2000000030
60261  40.557  -0.408  15.081 0.1000000015
60260  41.237  -0.003  14.690 0.2000000030
93319  42.178  0.329  13.872 0.2000000030
61073  41.815  0.679  12.850 0.2000000030
94639  42.942  1.265  12.131 0.2000000030
103774  44.275  2.138  10.431 0.2000000030
61863  41.966  1.657  10.880 0.2000000030
62629  43.283  2.174  10.094 0.2000000030
62644  41.383  2.327  9.360 0.1000000015
62656  41.495  2.510  8.145 0.1000000015
62657  40.484  2.351  8.475 0.1000000015
62668  40.797  2.267  7.519 0.1000000015
62680  41.310  1.847  6.604 0.1000000015
58610  45.640  -2.500  26.046 0.1000000015
57788  45.237  -3.267  25.946 0.1000000015
57798  45.330  -3.357  25.183 0.1000000015
58617  45.670  -2.220  25.258 0.1000000015
60961  41.555  0.236  25.361 0.1000000015
61723  41.147  0.971  24.067 0.1000000015
61737  40.822  1.316  22.287 0.2000000030
61736  41.329  1.913  22.749 0.2000000030
62490  41.817  2.672  23.237 0.2000000030
61747  41.279  1.944  21.884 0.2000000030
60994  40.342  0.777  21.032 0.2000000030
61754  41.337  1.913  21.053 0.2000000030
61755  40.783  1.371  20.654 0.2000000030
62520  42.088  2.430  20.615 0.2000000030
64120  44.806  4.931  19.332 0.2000000030
63314  44.698  4.557  19.826 0.2000000030
104006  40.810  1.355  19.927 0.2000000030
97200  41.365  1.858  20.214 0.2000000030
63332  44.496  3.639  18.744 0.2000000030
106069  40.904  1.259  18.598 0.2000000030
63331  44.919  3.959  18.226 0.2000000030
61014  40.428  0.712  18.284 0.2000000030
61772  41.542  1.580  18.409 0.2000000030
90235  42.221  1.825  18.001 0.2000000030
61790  43.377  2.222  16.975 0.2000000030
61024  41.272  0.881  16.982 0.2000000030
61791  42.740  1.507  16.340 0.2000000030
61809  43.537  1.846  15.983 0.2000000030
62557  44.317  2.473  16.377 0.2000000030
61041  41.492  0.651  16.117 0.2000000030
61040  42.234  0.939  15.777 0.2000000030
94533  43.659  1.634  15.185 0.2000000030
61808  44.342  2.179  15.474 0.2000000030
100388  45.243  2.589  14.968 0.2000000030
61827  43.321  1.141  14.499 0.2000000030
90296  43.947  1.260  13.910 0.2000000030
93959  44.704  1.715  13.619 0.2000000030
61068  42.699  0.628  13.551 0.2000000030
106903  43.267  0.940  13.205 0.2000000030
61072  42.652  0.861  12.850 0.2000000030
61845  43.707  1.287  12.514 0.2000000030
61844  44.659  1.820  11.900 0.2000000030
61848  43.722  1.609  11.464 0.2000000030
62618  44.731  2.022  11.119 0.2000000030
62655  42.444  2.603  8.603 0.1000000015
97906  42.471  2.570  7.668 0.1000000015
58599  45.291  -2.097  26.637 0.1000000015
57778  44.939  -2.948  26.641 0.1000000015
93877  44.838  -0.693  26.529 0.1000000015
59367  45.156  -1.343  26.519 0.1000000015
59377  45.174  -1.212  25.900 0.1000000015
96788  45.616  -1.856  25.830 0.1000000015
60176  43.265  -0.619  25.998 0.1000000015
59378  44.414  -0.820  25.996 0.1000000015
59388  43.537  -1.241  25.512 0.1000000015
62501  41.805  2.573  22.318 0.2000000030
62511  41.887  2.471  21.471 0.2000000030
63300  43.221  3.695  21.578 0.2000000030
62510  42.603  2.921  21.124 0.2000000030
63299  44.094  4.349  21.160 0.2000000030
64110  44.771  5.002  20.695 0.2000000030
63326  43.643  3.253  19.766 0.2000000030
63315  44.276  4.025  20.232 0.2000000030
61002  40.443  0.922  19.257 0.2000000030
63325  44.357  3.777  19.417 0.2000000030
61771  42.150  2.091  18.862 0.2000000030
62529  42.928  2.626  19.310 0.2000000030
62538  43.804  3.097  18.838 0.2000000030
62539  42.957  2.403  18.461 0.2000000030
104690  42.919  2.182  17.717 0.2000000030
91782  44.369  2.847  17.286 0.2000000030
62537  44.438  3.262  18.118 0.2000000030
62642  44.105  2.435  9.491 0.2000000030
60170  43.233  0.161  26.374 0.1000000015
60957  42.308  0.565  26.074 0.1000000015
108654  40.839  -1.743  30.555 0.1000000015
59337  40.259  -1.402  31.268 0.1000000015
59328  39.567  -1.441  32.013 0.1000000015
58563  39.460  -1.527  32.067 0.1000000015
58557  40.039  -2.467  33.297 0.1000000015
58564  39.180  -2.854  32.673 0.1000000015
57734  39.065  -3.667  32.771 0.1000000015
59347  40.708  -1.085  30.252 0.1000000015
94098  39.911  -0.480  31.133 0.1000000015
100677  39.272  -1.897  32.250 0.1000000015
65075  28.344  5.501  6.365 0.1000000015
107478  29.257  5.121  4.930 0.1000000015
60133  39.349  -0.525  31.754 0.1000000015
65092  28.185  5.617  5.373 0.1000000015
91867  27.694  5.606  6.793 0.1000000015
65091  29.108  5.270  5.679 0.1000000015
65076  27.422  5.886  5.929 0.1000000015
65077  26.924  5.770  6.776 0.1000000015
65866  26.507  6.324  6.046 0.1000000015
93969  28.744  5.365  4.715 0.1000000015
60125  39.079  -0.638  31.871 0.1000000015
65867  25.634  6.834  6.218 0.1000000015
65093  27.560  5.971  5.010 0.1000000015
67311  25.609  8.179  6.065 0.1000000015
67298  24.748  8.209  7.104 0.1000000015
67952  24.630  9.482  7.819 0.1000000015
67947  24.144  9.899  8.332 0.1000000015
65105  28.047  5.734  4.404 0.1000000015
65878  26.904  6.465  5.082 0.1000000015
67304  25.921  8.920  6.249 0.1000000015
65891  26.537  7.059  4.786 0.1000000015
65879  26.167  6.947  5.403 0.1000000015
66598  25.774  7.573  5.721 0.1000000015
67958  25.593  9.431  6.886 0.1000000015
67951  25.183  9.910  7.444 0.1000000015
69233  24.638  11.179  7.962 0.1000000015
69226  23.596  11.166  8.743 0.1000000015
105312  27.522  6.251  4.303 0.1000000015
66597  26.268  7.581  5.042 0.1000000015
67310  26.174  8.336  5.493 0.1000000015
67957  26.274  9.829  6.558 0.1000000015
66607  26.779  7.522  4.464 0.1000000015
67316  26.570  8.081  4.784 0.1000000015
67964  26.633  9.286  5.885 0.1000000015
68599  26.396  10.823  6.700 0.1000000015
66606  27.355  7.356  3.774 0.2000000030
67315  27.240  8.227  4.244 0.2000000030
67309  26.971  8.784  5.144 0.1000000015
68607  26.953  10.229  6.180 0.1000000015
97148  25.764  11.080  7.164 0.1000000015
68600  25.786  10.328  7.088 0.1000000015
69239  25.974  11.635  6.816 0.1000000015
68598  27.053  11.122  6.211 0.2000000030
69843  26.287  12.214  6.386 0.2000000030
70415  25.285  13.169  6.502 0.1000000015
69845  24.928  12.797  7.027 0.1000000015
71553  24.113  15.717  7.015 0.2000000030
71554  23.352  15.422  7.329 0.2000000030
71555  22.649  15.185  7.720 0.2000000030
70970  23.249  14.560  7.391 0.2000000030
72111  22.845  15.947  7.904 0.1000000015
72126  24.908  16.097  6.787 0.2000000030
72109  24.441  16.576  7.432 0.1000000015
72108  25.209  16.919  7.199 0.1000000015
72125  25.640  16.498  6.559 0.3000000119
72694  25.359  17.754  7.366 0.1000000015
72712  32.401  17.722  5.400 0.3000000119
72713  31.400  17.918  5.405 0.3000000119
72710  34.376  17.495  5.366 0.3000000119
73242  33.844  18.254  5.897 0.2000000030
73233  34.212  18.965  6.381 0.2000000030
108674  32.785  19.102  6.307 0.2000000030
73748  33.086  19.658  6.410 0.2000000030
59389  42.386  -1.153  25.446 0.1000000015
59387  45.269  -1.715  25.141 0.1000000015
96290  44.652  -1.279  25.500 0.1000000015
60177  42.199  -0.314  25.824 0.1000000015
62500  42.417  3.160  21.927 0.2000000030
94445  45.187  2.806  15.818 0.2000000030
62596  45.540  2.423  13.166 0.2000000030
61837  44.712  1.710  12.783 0.2000000030
64127  44.986  4.778  18.358 0.2000000030
61826  44.381  1.788  14.533 0.2000000030
61130  39.771  0.285  4.947 0.1000000015
56298  45.533  -4.901  15.906 0.1000000015
56289  43.836  -5.412  16.889 0.1000000015
56266  41.997  -5.290  18.526 0.1000000015
55517  44.788  -6.473  14.710 0.1000000015
55493  42.484  -6.694  16.591 0.1000000015
55481  42.137  -6.408  17.381 0.1000000015
56278  41.811  -6.040  17.954 0.1000000015
55538  43.098  -6.343  14.161 0.1000000015
56326  44.259  -5.902  13.475 0.1000000015
56328  42.603  -5.862  13.675 0.1000000015
56347  42.918  -5.224  13.103 0.1000000015
56346  43.762  -5.164  12.980 0.1000000015
56256  40.723  -5.391  19.452 0.1000000015
101884  41.534  -6.929  16.796 0.1000000015
55504  42.436  -6.818  15.666 0.1000000015
55471  39.646  -6.580  18.063 0.1000000015
56410  35.247  -5.967  5.345 0.1000000015
55599  36.192  -6.939  6.614 0.1000000015
57869  41.421  -3.838  21.938 0.1000000015
57853  40.809  -3.470  22.525 0.1000000015
56258  38.523  -5.568  19.108 0.1000000015
55505  41.544  -6.883  15.397 0.1000000015
95950  39.806  -7.019  16.805 0.1000000015
55483  40.103  -6.890  17.447 0.1000000015
56330  40.456  -5.485  13.285 0.1000000015
55521  40.526  -6.426  14.356 0.1000000015
56349  40.856  -4.906  12.652 0.1000000015
57194  40.130  -5.089  8.329 0.1000000015
89897  38.056  -6.721  8.263 0.1000000015
57994  37.424  -3.756  8.543 0.1000000015
55595  37.313  -7.123  7.653 0.1000000015
58778  36.450  -2.340  6.921 0.1000000015
56280  37.378  -4.974  18.051 0.1000000015
55485  38.312  -6.240  17.519 0.1000000015
55484  39.145  -6.750  17.274 0.1000000015
55494  40.083  -7.050  16.115 0.1000000015
55508  38.660  -6.233  15.706 0.1000000015
55495  39.235  -6.770  16.330 0.1000000015
56310  39.242  -5.831  14.150 0.1000000015
55523  38.943  -6.128  14.869 0.1000000015
106291  38.630  -5.538  14.450 0.1000000015
57143  39.170  -4.617  12.352 0.1000000015
57144  38.291  -4.296  12.428 0.1000000015
57983  40.083  -3.811  9.206 0.1000000015
57127  38.027  -4.501  13.674 0.1000000015
57126  38.413  -4.680  13.034 0.1000000015
57942  37.587  -3.458  12.769 0.1000000015
57954  38.251  -3.510  11.180 0.1000000015
58731  37.642  -3.005  13.395 0.1000000015
58760  37.646  -2.264  10.230 0.1000000015
59537  37.432  -1.511  9.723 0.1000000015
58772  37.320  -2.321  8.815 0.1000000015
59545  36.782  -1.768  8.275 0.1000000015
107917  36.932  -2.373  8.404 0.1000000015
59507  37.958  -1.470  12.996 0.1000000015
60287  37.528  -0.624  10.947 0.1000000015
106130  37.045  -0.313  8.704 0.1000000015
60315  36.586  -1.082  7.844 0.1000000015
61093  37.905  0.840  9.943 0.1000000015
61110  37.215  0.286  8.453 0.1000000015
60327  36.862  -0.287  6.884 0.1000000015
59421  39.417  -1.517  22.378 0.1000000015
57086  37.435  -4.053  18.955 0.1000000015
57100  37.577  -4.882  16.682 0.1000000015
57101  37.410  -4.353  17.418 0.1000000015
56311  38.349  -5.534  15.101 0.1000000015
57109  37.831  -4.465  15.858 0.1000000015
98505  38.156  -3.473  14.861 0.1000000015
108735  38.471  -2.707  15.776 0.1000000015
57932  37.934  -3.343  14.133 0.1000000015
59499  38.747  -1.482  13.759 0.1000000015
60273  39.608  -0.658  13.638 0.1000000015
61081  39.784  1.010  11.899 0.1000000015
101641  38.737  1.381  10.285 0.1000000015
61898  38.799  1.214  6.684 0.1000000015
57904  37.433  -3.607  18.461 0.1000000015
59467  38.655  -0.990  18.713 0.1000000015
109064  38.451  -1.705  17.619 0.1000000015
58711  37.821  -2.902  17.462 0.1000000015
59485  38.684  -2.140  16.253 0.1000000015
58722  38.934  -2.192  15.310 0.1000000015
58723  38.479  -2.675  14.674 0.1000000015
59495  39.547  -1.442  14.980 0.1000000015
61070  41.114  0.298  13.188 0.1000000015
61864  40.508  1.713  10.634 0.1000000015
61852  40.161  1.467  11.225 0.1000000015
61879  38.985  1.892  8.113 0.1000000015
61122  39.300  0.779  5.792 0.1000000015
96383  39.581  -0.486  21.850 0.1000000015
60197  40.104  -0.102  22.902 0.1000000015
94521  40.329  0.808  20.208 0.2000000030
60229  39.278  -0.418  18.299 0.1000000015
59484  38.920  -1.411  16.941 0.1000000015
60245  39.382  -0.590  17.384 0.1000000015
59480  38.785  -1.092  17.866 0.1000000015
60255  40.286  -0.254  15.991 0.1000000015
60270  40.082  -0.827  14.657 0.2000000030
60269  40.699  -0.410  14.316 0.2000000030
60268  41.447  0.002  13.914 0.2000000030
61069  42.006  0.436  13.397 0.2000000030
61846  41.967  1.145  12.206 0.2000000030
89946  41.084  1.542  11.063 0.1000000015
62643  42.829  2.399  9.452 0.2000000030
62669  39.812  2.184  7.809 0.1000000015
61728  40.909  1.170  23.166 0.2000000030
61748  40.787  1.368  21.458 0.2000000030
61025  40.560  0.531  17.401 0.2000000030
60244  40.034  -0.065  16.929 0.2000000030
61042  40.736  0.350  16.497 0.1000000015
61053  42.476  0.757  14.884 0.2000000030
61064  41.963  0.316  14.386 0.2000000030
61063  42.687  0.571  14.123 0.2000000030
61862  43.009  1.790  10.752 0.2000000030
107757  42.695  2.840  20.612 0.2000000030
103518  41.300  1.648  19.286 0.2000000030
107237  41.658  1.492  17.906 0.2000000030
62548  43.656  2.654  17.927 0.2000000030
61780  42.478  1.710  17.177 0.2000000030
61781  41.774  1.389  17.411 0.2000000030
61792  41.976  1.196  16.625 0.2000000030
61067  43.327  0.884  13.760 0.2000000030
62519  43.365  3.334  20.643 0.2000000030
95030  42.800  2.771  20.113 0.2000000030
61763  42.082  2.261  19.732 0.2000000030
65890  27.060  6.838  4.307 0.1000000015
67305  25.291  8.556  6.632 0.1000000015
68593  24.679  10.351  7.921 0.1000000015
67948  23.559  9.473  8.733 0.1000000015
68587  24.147  10.741  8.375 0.1000000015
68592  25.240  10.787  7.536 0.1000000015
72110  23.633  16.256  7.654 0.1000000015
73243  32.883  18.402  5.913 0.2000000030
68364  32.463  10.634  30.024 0.1000000015
69012  32.527  11.494  29.942 0.1000000015
68997  33.621  10.805  30.451 0.1000000015
68348  32.330  9.898  29.841 0.1000000015
68346  34.571  9.764  30.395 0.1000000015
68376  35.549  9.837  30.116 0.1000000015
68377  34.598  9.439  29.530 0.1000000015
68996  34.976  10.582  30.596 0.1000000015
68389  34.874  10.408  29.094 0.1000000015
68390  34.068  9.870  28.520 0.1000000015
69011  35.956  10.526  30.279 0.1000000015
72610  35.171  17.518  12.482 0.1000000015
73152  35.048  17.725  12.763 0.1000000015
107422  36.896  17.846  12.388 0.1000000015
73195  20.556  18.390  9.688 0.1000000015
97452  19.988  19.031  9.856 0.1000000015
73194  21.459  18.557  9.542 0.1000000015
73707  20.788  19.194  9.730 0.1000000015
107036  19.543  19.509  9.787 0.1000000015
98897  18.360  19.000  9.604 0.1000000015
73210  23.606  18.492  8.680 0.1000000015
73153  34.275  17.661  13.044 0.1000000015
73674  35.811  17.963  12.781 0.1000000015
104498  36.545  17.856  12.520 0.1000000015
73165  37.321  18.107  12.257 0.1000000015
73700  37.470  19.418  11.536 0.1000000015
73688  38.429  18.989  11.757 0.1000000015
73164  38.400  18.399  11.790 0.1000000015
74215  38.934  20.209  11.607 0.1000000015
101802  39.293  18.480  11.722 0.1000000015
73687  39.727  19.431  11.892 0.1000000015
74213  40.292  20.216  11.784 0.1000000015
73172  39.633  17.994  11.376 0.1000000015
73163  40.244  18.713  11.779 0.1000000015
97394  32.061  18.371  5.747 0.1000000015
73193  22.306  18.747  9.355 0.1000000015
101706  20.942  19.858  9.671 0.1000000015
73708  20.174  19.843  9.802 0.1000000015
74247  18.638  20.319  9.634 0.1000000015
73710  18.102  19.747  9.521 0.1000000015
73721  17.291  19.895  9.213 0.1000000015
72680  23.413  17.642  8.566 0.1000000015
73211  22.874  18.200  9.042 0.1000000015
74243  22.272  20.101  9.244 0.1000000015
74245  20.679  20.524  9.610 0.1000000015
74248  17.840  20.510  9.422 0.1000000015
72679  24.181  17.918  8.288 0.1000000015
95491  23.069  19.017  9.122 0.1000000015
73676  34.179  18.276  12.999 0.1000000015
73675  34.988  18.082  12.980 0.1000000015
73690  35.613  18.677  12.499 0.1000000015
73689  36.500  18.352  12.436 0.1000000015
74229  38.049  20.921  11.276 0.1000000015
74214  39.880  20.675  11.807 0.1000000015
73686  40.508  19.412  11.807 0.1000000015
74228  40.396  20.371  11.181 0.1000000015
74227  40.960  19.410  10.547 0.1000000015
73162  40.896  18.833  11.380 0.1000000015
73184  41.841  18.446  9.401 0.1000000015
72635  41.276  17.611  9.999 0.1000000015
73202  41.883  18.386  8.588 0.1000000015
74855  21.787  21.774  8.885 0.1000000015
75468  21.564  22.546  8.732 0.1000000015
75469  20.786  22.810  8.922 0.1000000015
75457  20.216  22.154  9.299 0.1000000015
76088  19.958  22.954  9.102 0.1000000015
75467  22.289  22.349  8.510 0.1000000015
75456  21.007  21.976  9.136 0.1000000015
75458  19.393  22.298  9.398 0.1000000015
74854  22.548  21.575  8.596 0.1000000015
74258  22.784  20.700  8.764 0.1000000015
74839  22.010  20.949  9.097 0.1000000015
92737  19.661  21.489  9.561 0.1000000015
94859  18.863  21.641  9.557 0.1000000015
73235  32.195  18.952  6.172 0.1000000015
73244  31.452  18.804  5.915 0.1000000015
101336  24.178  20.119  8.002 0.1000000015
74257  23.509  20.411  8.402 0.1000000015
73720  23.011  19.836  8.956 0.1000000015
74842  19.147  20.879  9.682 0.1000000015
74844  17.630  21.323  9.306 0.1000000015
73245  30.634  18.554  5.579 0.2000000030
73734  25.336  19.425  7.227 0.1000000015
99882  24.763  19.807  7.601 0.1000000015
73209  24.303  18.728  8.284 0.1000000015
104793  23.751  19.433  8.560 0.1000000015
103405  26.475  18.627  6.349 0.1000000015
96132  25.910  19.027  6.811 0.1000000015
73224  25.401  18.580  7.365 0.1000000015
73225  24.811  18.224  7.828 0.1000000015
92922  31.773  23.244  10.517 0.1000000015
76079  31.021  23.472  10.662 0.1000000015
75446  32.267  22.614  10.451 0.1000000015
101058  31.608  23.978  10.698 0.1000000015
73691  34.730  19.012  12.467 0.1000000015
73692  33.875  19.270  12.267 0.1000000015
74219  32.634  20.254  11.276 0.1000000015
74831  32.742  21.816  10.496 0.1000000015
76078  32.583  23.481  10.566 0.1000000015
76698  32.339  24.432  10.889 0.1000000015
104029  32.240  25.131  11.320 0.1000000015
77271  31.735  25.743  11.745 0.1000000015
74216  35.242  19.719  11.506 0.1000000015
74217  34.347  19.919  11.424 0.1000000015
74830  33.753  21.731  10.482 0.1000000015
76077  33.692  23.386  10.609 0.1000000015
76697  33.307  24.163  10.857 0.1000000015
77270  32.820  25.684  11.675 0.1000000015
77862  32.594  26.402  12.194 0.1000000015
77853  33.547  27.242  12.723 0.1000000015
74231  35.738  20.502  10.786 0.1000000015
95701  34.833  20.576  10.781 0.1000000015
97004  34.704  22.025  10.484 0.1000000015
75444  34.148  22.647  10.496 0.1000000015
76696  34.355  24.065  11.009 0.1000000015
76689  33.975  24.723  11.356 0.1000000015
77269  33.793  25.479  11.696 0.1000000015
77861  33.687  26.265  12.203 0.1000000015
74230  36.766  20.527  10.884 0.1000000015
91828  36.215  21.369  10.649 0.1000000015
100849  34.992  22.724  10.630 0.1000000015
76076  34.755  23.384  10.774 0.1000000015
103194  34.937  24.650  11.486 0.1000000015
101415  34.809  25.277  11.746 0.1000000015
95208  35.030  27.012  12.677 0.1000000015
78390  34.999  28.060  13.060 0.1000000015
78903  35.851  29.438  13.165 0.1000000015
74817  38.509  22.161  11.388 0.1000000015
74828  37.292  21.568  10.974 0.1000000015
76075  35.869  23.298  11.061 0.1000000015
76066  35.868  24.218  11.481 0.1000000015
76688  36.066  25.087  11.859 0.1000000015
104359  35.711  26.397  12.443 0.1000000015
74816  39.335  21.524  11.497 0.1000000015
74815  39.825  21.072  11.537 0.1000000015
78389  36.787  28.537  12.927 0.1000000015
74241  39.944  20.427  10.076 0.1000000015
74240  40.868  19.785  9.723 0.1000000015
74254  41.941  19.638  7.749 0.1000000015
73717  41.987  19.002  8.594 0.1000000015
73740  41.994  19.294  7.182 0.1000000015
73218  42.004  18.967  7.776 0.1000000015
73219  41.805  18.561  7.965 0.1000000015
74916  31.063  21.949  4.702 0.1000000015
75512  30.305  22.251  4.958 0.1000000015
74299  32.216  20.716  5.776 0.1000000015
74898  31.392  21.145  5.354 0.1000000015
104896  29.716  22.522  5.299 0.1000000015
76117  22.893  24.084  7.951 0.1000000015
76099  22.230  23.616  8.279 0.1000000015
103215  22.032  22.951  8.470 0.1000000015
76101  20.479  23.718  8.675 0.1000000015
76089  19.150  23.062  9.201 0.1000000015
76090  18.439  23.196  9.130 0.1000000015
76091  17.767  22.931  9.119 0.1000000015
74300  31.460  20.290  5.982 0.1000000015
74899  30.439  21.408  5.216 0.1000000015
97879  29.523  21.760  5.210 0.1000000015
75513  29.045  22.426  5.518 0.1000000015
76132  28.246  23.196  6.482 0.1000000015
75499  27.578  22.825  6.305 0.1000000015
76133  27.536  23.444  6.962 0.1000000015
89978  26.255  24.056  7.440 0.1000000015
106877  25.943  23.432  7.197 0.1000000015
76114  25.439  23.856  7.416 0.1000000015
76115  24.508  23.523  7.439 0.1000000015
75483  23.742  22.885  7.640 0.1000000015
76116  23.643  23.742  7.707 0.1000000015
76098  23.050  23.259  8.017 0.1000000015
75459  18.451  22.445  9.352 0.1000000015
74288  32.071  20.115  6.213 0.1000000015
74301  30.640  20.520  5.699 0.1000000015
92141  29.802  20.784  5.488 0.1000000015
74901  28.557  21.714  5.367 0.1000000015
75514  28.123  22.455  5.785 0.1000000015
74903  27.203  22.299  5.839 0.1000000015
75500  26.892  22.834  6.467 0.1000000015
75501  26.063  22.791  6.647 0.1000000015
90580  25.286  22.976  7.012 0.1000000015
75482  24.476  22.517  7.249 0.1000000015
74867  23.805  21.940  7.663 0.1000000015
75466  23.065  22.324  8.147 0.1000000015
75460  17.632  22.134  9.237 0.1000000015
76103  18.034  23.684  8.830 0.1000000015
73236  31.711  19.575  6.175 0.1000000015
73752  30.809  19.551  5.947 0.1000000015
74302  29.317  20.298  5.575 0.1000000015
74303  28.563  20.281  5.442 0.1000000015
92629  28.261  21.010  5.409 0.1000000015
74902  27.609  21.573  5.490 0.1000000015
103055  26.831  21.766  5.652 0.1000000015
101466  25.562  21.560  6.391 0.1000000015
74884  25.798  22.144  6.292 0.1000000015
74865  25.074  21.187  6.798 0.1000000015
74866  24.498  21.570  7.240 0.1000000015
74853  23.289  21.333  8.236 0.1000000015
76105  16.583  23.012  8.442 0.1000000015
97679  29.892  19.139  5.631 0.2000000030
73753  29.216  19.686  5.539 0.1000000015
109017  28.053  19.997  5.325 0.1000000015
74304  27.679  20.504  5.423 0.1000000015
74305  26.883  20.992  5.610 0.1000000015
73749  25.779  19.924  6.600 0.1000000015
74290  25.652  20.822  6.421 0.1000000015
74270  24.605  20.668  7.389 0.1000000015
73246  28.991  18.964  5.265 0.2000000030
73754  28.407  19.587  5.285 0.1000000015
73755  27.625  19.572  5.337 0.1000000015
73756  26.933  20.049  5.659 0.1000000015
93481  26.992  19.135  5.745 0.1000000015
73237  26.397  19.543  6.202 0.1000000015
73248  27.553  18.693  5.199 0.1000000015
73249  27.037  18.217  5.817 0.1000000015
74833  30.962  22.030  10.635 0.1000000015
76691  31.398  24.823  11.186 0.1000000015
74234  32.252  21.085  10.716 0.1000000015
74832  31.848  21.900  10.528 0.1000000015
76699  30.770  24.249  10.962 0.1000000015
77863  31.741  26.413  12.325 0.1000000015
77854  32.214  27.060  12.668 0.1000000015
78904  34.118  28.451  13.308 0.1000000015
78897  34.836  30.060  13.416 0.1000000015
75442  36.896  22.300  10.999 0.1000000015
76074  37.009  23.203  11.372 0.1000000015
78896  36.595  30.962  13.066 0.1000000015
75433  39.022  22.699  11.290 0.1000000015
74818  37.836  22.469  11.339 0.1000000015
76687  37.632  24.878  12.008 0.1000000015
77256  36.975  26.392  12.441 0.1000000015
78902  37.066  30.140  12.629 0.1000000015
102906  39.371  21.855  11.257 0.1000000015
76062  38.667  23.582  11.476 0.1000000015
76063  38.593  23.689  11.703 0.1000000015
76686  38.517  24.513  11.537 0.1000000015
77267  37.490  25.667  12.200 0.1000000015
100784  37.960  28.093  12.614 0.1000000015
74826  39.803  21.451  11.054 0.1000000015
99766  38.562  25.558  11.706 0.1000000015
77255  38.415  26.477  12.298 0.1000000015
78906  37.497  29.519  12.365 0.1000000015
74256  40.322  20.443  9.091 0.1000000015
74255  41.439  20.027  8.618 0.1000000015
74278  42.067  19.629  6.723 0.1000000015
73741  41.885  19.367  6.930 0.1000000015
75523  31.596  22.442  4.526 0.1000000015
89924  30.231  23.020  5.340 0.1000000015
76147  30.927  23.669  5.628 0.1000000015
76148  29.527  23.080  5.855 0.1000000015
76131  30.119  23.800  6.208 0.1000000015
76742  28.738  24.484  7.060 0.1000000015
77307  28.013  24.970  7.406 0.1000000015
76724  27.425  24.684  7.468 0.1000000015
76725  26.653  24.876  7.581 0.1000000015
76713  21.372  24.284  8.346 0.1000000015
76714  20.507  24.553  8.416 0.1000000015
91375  29.102  23.646  6.574 0.1000000015
76112  27.890  24.220  7.303 0.1000000015
76726  25.697  24.663  7.565 0.1000000015
76727  24.146  24.232  7.593 0.1000000015
76728  23.504  24.568  7.704 0.1000000015
77309  25.876  25.497  7.577 0.1000000015
77310  25.038  25.222  7.576 0.1000000015
77311  24.229  24.957  7.612 0.1000000015
76717  17.457  24.208  8.489 0.1000000015
76104  17.225  23.387  8.723 0.1000000015
76067  30.053  24.460  11.572 0.1000000015
77272  30.716  25.294  11.786 0.1000000015
77258  30.537  25.657  12.560 0.1000000015
77257  31.080  26.039  12.345 0.1000000015
78898  33.184  28.791  13.562 0.1000000015
79358  36.083  31.451  12.987 0.1000000015
79878  36.080  31.391  12.750 0.1000000015
74827  39.225  22.365  11.155 0.1000000015
76685  38.588  23.859  11.519 0.1000000015
76693  38.535  24.329  11.354 0.1000000015
103833  36.596  31.057  12.694 0.1000000015
78895  36.542  31.191  12.662 0.1000000015
74838  38.940  21.683  10.209 0.1000000015
74242  39.357  20.876  9.556 0.1000000015
76694  38.503  25.186  11.244 0.1000000015
77859  38.899  26.840  11.315 0.1000000015
91383  38.866  27.415  11.504 0.1000000015
78901  38.456  28.430  12.166 0.1000000015
79386  36.026  30.672  12.087 0.1000000015
74851  38.674  21.336  8.880 0.1000000015
76695  37.528  25.500  10.579 0.1000000015
92422  37.679  26.285  10.769 0.1000000015
74849  41.280  20.544  8.046 0.1000000015
74877  42.062  20.072  5.863 0.1000000015
74863  41.871  20.315  7.039 0.1000000015
74293  41.724  19.862  4.847 0.1000000015
74280  41.035  19.700  5.708 0.1000000015
75521  33.252  22.574  4.025 0.1000000015
75522  32.349  22.539  4.320 0.1000000015
75524  31.024  22.827  4.811 0.1000000015
77330  28.586  25.452  7.090 0.1000000015
77308  27.355  25.236  7.502 0.1000000015
76757  30.803  24.463  5.978 0.1000000015
77328  30.109  24.758  6.365 0.1000000015
77329  29.382  25.131  6.735 0.1000000015
77891  27.795  25.736  7.327 0.1000000015
77892  26.809  25.890  7.471 0.1000000015
77896  23.014  26.225  7.530 0.1000000015
77908  29.011  26.121  6.489 0.1000000015
77910  27.489  26.596  6.976 0.1000000015
77893  25.880  26.320  7.439 0.1000000015
98195  24.366  25.762  7.559 0.1000000015
77312  23.421  25.512  7.628 0.1000000015
76068  29.302  23.936  11.862 0.1000000015
76059  29.046  23.886  12.668 0.1000000015
76675  29.561  24.457  12.520 0.1000000015
76041  29.191  23.526  14.291 0.1000000015
76664  29.864  24.807  13.230 0.1000000015
77250  30.281  25.494  13.383 0.1000000015
77856  30.723  26.259  13.029 0.1000000015
77855  31.350  26.737  12.824 0.1000000015
78392  31.733  27.496  13.331 0.1000000015
92866  34.694  31.198  13.341 0.1000000015
79888  35.023  32.038  12.746 0.1000000015
79889  33.312  31.485  12.509 0.1000000015
75441  39.063  22.903  11.179 0.1000000015
76073  38.708  23.778  11.395 0.1000000015
76085  38.460  23.701  10.825 0.1000000015
79369  35.662  31.328  12.532 0.1000000015
79890  31.902  31.131  12.372 0.1000000015
75453  38.923  22.542  10.737 0.1000000015
75454  38.519  23.023  10.648 0.1000000015
76086  37.597  23.751  10.231 0.1000000015
76703  37.761  24.689  10.569 0.1000000015
77873  38.021  27.082  11.066 0.1000000015
78406  37.163  27.654  11.263 0.1000000015
78396  37.391  28.693  11.683 0.1000000015
78907  36.691  29.844  11.905 0.1000000015
79387  34.462  30.126  12.096 0.1000000015
79371  32.439  30.409  12.195 0.1000000015
79372  31.264  30.293  12.053 0.1000000015
99510  38.106  22.078  9.498 0.1000000015
76704  36.146  24.538  9.778 0.1000000015
77284  35.668  25.084  9.932 0.1000000015
77281  35.773  25.850  10.328 0.1000000015
78407  35.876  27.467  11.110 0.1000000015
78397  35.250  28.204  11.395 0.1000000015
78908  34.956  29.317  11.775 0.1000000015
79388  32.904  29.679  11.930 0.1000000015
74864  39.001  21.546  8.025 0.1000000015
74878  41.442  21.125  6.671 0.1000000015
74889  42.017  20.092  4.545 0.1000000015
74294  41.223  19.681  4.349 0.1000000015
107875  32.815  22.804  4.023 0.1000000015
76155  32.558  23.232  4.305 0.1000000015
93569  31.845  23.094  4.576 0.1000000015
76146  32.289  23.986  5.057 0.1000000015
76756  31.515  24.277  5.535 0.1000000015
77344  31.340  25.099  5.549 0.1000000015
98348  29.866  25.692  6.151 0.1000000015
101428  30.329  26.285  5.402 0.1000000015
77925  29.549  26.584  5.655 0.1000000015
77926  28.859  26.861  5.867 0.1000000015
78461  28.294  27.450  5.590 0.1000000015
78442  27.605  27.307  6.317 0.1000000015
78463  26.950  27.732  6.140 0.1000000015
78460  29.174  27.309  5.174 0.1000000015
78962  26.965  28.272  5.371 0.1000000015
76660  29.987  24.062  14.535 0.1000000015
76659  30.034  24.812  14.069 0.1000000015
77847  30.661  26.223  13.893 0.1000000015
77846  31.066  26.882  13.557 0.1000000015
77243  30.886  25.515  15.091 0.1000000015
106028  30.762  26.103  14.628 0.1000000015
94846  31.330  27.483  13.959 0.1000000015
78384  32.273  28.194  13.579 0.1000000015
91710  33.506  29.815  13.695 0.1000000015
79879  35.355  32.011  12.808 0.1000000015
76096  36.504  23.006  8.938 0.1000000015
76087  36.407  23.827  9.498 0.1000000015
79373  30.242  30.263  12.058 0.1000000015
74852  38.110  21.834  8.227 0.1000000015
75465  37.333  22.272  8.538 0.1000000015
107787  36.876  22.600  8.715 0.1000000015
77875  35.034  26.517  10.557 0.1000000015
106303  34.636  27.094  10.839 0.1000000015
78909  33.312  28.885  11.616 0.1000000015
79390  30.698  29.584  11.569 0.1000000015
75477  40.076  21.601  7.434 0.1000000015
78408  33.729  27.220  10.779 0.1000000015
78398  33.656  28.051  11.301 0.1000000015
78399  32.428  27.917  11.072 0.1000000015
78910  32.048  28.701  11.407 0.1000000015
79389  31.695  29.544  11.719 0.1000000015
95640  29.768  29.625  11.510 0.1000000015
75494  41.609  21.321  5.649 0.1000000015
74309  41.501  19.732  3.762 0.1000000015
75534  33.922  22.966  3.530 0.1000000015
76154  33.199  23.198  3.885 0.1000000015
77343  32.086  24.866  5.183 0.1000000015
77360  31.795  25.745  4.884 0.1000000015
77924  31.067  25.993  5.156 0.1000000015
101405  31.786  27.938  4.385 0.1000000015
107479  30.645  27.400  4.545 0.1000000015
78459  30.022  27.134  4.862 0.1000000015
108219  32.343  29.033  4.504 0.1000000015
78482  29.559  27.736  4.625 0.1000000015
78981  28.793  28.005  4.672 0.1000000015
99334  28.225  28.513  4.426 0.1000000015
76657  31.331  24.697  15.546 0.1000000015
77242  31.394  25.729  15.718 0.1000000015
78382  31.368  27.878  14.730 0.1000000015
78893  31.826  28.790  14.505 0.1000000015
78899  32.467  29.020  13.919 0.1000000015
79359  33.226  30.369  13.895 0.1000000015
80374  34.556  32.791  13.254 0.1000000015
79880  34.492  32.281  13.431 0.1000000015
80848  34.331  33.229  13.029 0.1000000015
80384  32.622  32.056  12.623 0.1000000015
80385  31.408  31.856  12.697 0.1000000015
79891  30.768  31.048  12.448 0.1000000015
79892  29.715  30.973  12.759 0.1000000015
75511  39.686  23.014  5.993 0.1000000015
75496  38.719  22.655  6.667 0.1000000015
76097  35.798  23.435  8.608 0.1000000015
79374  29.306  30.085  12.143 0.1000000015
75479  37.731  22.445  7.421 0.1000000015
75480  36.776  22.626  7.979 0.1000000015
76705  34.911  24.597  9.308 0.1000000015
77285  34.630  25.246  9.662 0.1000000015
99930  33.765  26.304  10.269 0.1000000015
75510  40.860  22.402  5.487 0.1000000015
97590  32.669  26.610  10.213 0.1000000015
78921  31.375  27.944  10.663 0.1000000015
78911  31.056  28.798  11.166 0.1000000015
74906  41.541  20.180  3.518 0.1000000015
74908  39.653  20.464  2.802 0.1000000015
74923  38.393  21.263  2.667 0.1000000015
75533  34.810  22.842  3.283 0.1000000015
76165  33.785  23.687  3.753 0.1000000015
89879  32.962  23.967  4.434 0.1000000015
76769  32.782  24.750  4.598 0.1000000015
77359  32.521  25.553  4.570 0.1000000015
77942  32.253  26.337  4.458 0.1000000015
78480  32.035  27.095  4.348 0.1000000015
102221  32.502  28.516  4.473 0.1000000015
79472  32.969  29.369  4.605 0.1000000015
78479  32.771  27.630  4.421 0.1000000015
77827  31.963  26.188  16.235 0.1000000015
77241  31.422  26.444  15.723 0.1000000015
93021  31.275  27.045  15.351 0.1000000015
79350  32.380  29.630  14.435 0.1000000015
79337  31.978  29.384  15.094 0.1000000015
79869  32.826  30.747  14.440 0.1000000015
108665  34.660  33.121  13.481 0.1000000015
80849  33.300  32.973  12.892 0.1000000015
80850  32.090  32.587  12.880 0.1000000015
91540  28.788  30.431  12.803 0.1000000015
76127  38.443  23.297  6.175 0.1000000015
75498  36.964  22.962  7.046 0.1000000015
79375  27.994  29.599  11.927 0.1000000015
76111  35.382  23.767  7.882 0.1000000015
77286  33.646  25.573  9.457 0.1000000015
77878  32.999  26.065  9.673 0.1000000015
101332  28.795  29.579  11.493 0.1000000015
75518  41.202  21.269  3.545 0.1000000015
76722  35.196  24.412  7.443 0.1000000015
105564  34.953  24.219  8.108 0.1000000015
77293  33.502  25.455  8.704 0.1000000015
92363  31.962  27.216  10.403 0.1000000015
78411  30.787  27.806  10.139 0.1000000015
78912  30.201  29.028  10.993 0.1000000015
79392  27.971  29.383  11.137 0.1000000015
79393  27.251  29.448  11.611 0.1000000015
75527  40.627  21.458  2.993 0.1000000015
77884  32.506  26.363  8.830 0.1000000015
77876  31.840  26.800  9.843 0.1000000015
78931  30.245  28.208  9.891 0.1000000015
79408  28.665  29.350  10.701 0.1000000015
78415  30.793  27.695  9.687 0.1000000015
108649  37.537  21.703  2.657 0.1000000015
76164  34.517  23.512  3.422 0.1000000015
76768  33.481  24.516  4.093 0.1000000015
77941  32.980  26.201  4.260 0.1000000015
103201  32.703  26.842  4.352 0.1000000015
79960  33.186  30.370  4.745 0.1000000015
100512  33.307  31.165  4.820 0.1000000015
99609  33.790  29.867  4.781 0.1000000015
78363  32.536  27.877  16.694 0.1000000015
93735  32.709  26.427  16.661 0.1000000015
99896  32.222  27.034  16.433 0.1000000015
78364  31.694  27.730  15.904 0.1000000015
104783  32.290  29.948  15.481 0.1000000015
97094  31.750  28.631  15.418 0.1000000015
79857  32.281  30.029  14.920 0.1000000015
80366  34.412  33.652  13.825 0.1000000015
93674  33.236  32.100  14.688 0.1000000015
80842  33.795  33.832  13.391 0.1000000015
80843  32.378  33.596  13.429 0.1000000015
80386  30.438  31.853  13.045 0.1000000015
80836  34.066  34.907  14.855 0.1000000015
81290  33.297  34.972  13.891 0.1000000015
79893  28.031  30.041  12.673 0.1000000015
76143  40.568  23.284  4.994 0.1000000015
76144  39.331  23.715  5.567 0.1000000015
76128  37.454  23.475  6.391 0.1000000015
104934  28.574  29.887  12.201 0.1000000015
76752  40.236  24.222  4.872 0.1000000015
76129  36.552  23.644  6.676 0.1000000015
76130  35.735  23.954  6.997 0.1000000015
79376  27.342  29.752  12.419 0.1000000015
76152  40.621  22.642  3.745 0.1000000015
76145  38.150  23.923  5.792 0.1000000015
76738  37.180  24.166  6.074 0.1000000015
76739  36.349  24.466  6.409 0.1000000015
76740  35.638  24.806  6.774 0.1000000015
76723  34.627  24.725  7.867 0.1000000015
77292  34.081  25.077  8.315 0.1000000015
79395  25.723  29.320  11.502 0.1000000015
75528  39.921  21.718  2.604 0.1000000015
77325  36.294  25.357  6.290 0.1000000015
77304  35.016  25.162  7.203 0.1000000015
77305  34.347  25.455  7.585 0.1000000015
77306  33.662  25.749  7.949 0.1000000015
78418  31.574  27.373  8.732 0.1000000015
78414  31.356  27.255  9.468 0.1000000015
78923  29.847  28.782  10.363 0.1000000015
79409  28.018  29.431  10.330 0.1000000015
92924  27.121  29.341  10.667 0.1000000015
75529  39.095  22.106  2.505 0.1000000015
76160  38.855  23.125  2.767 0.1000000015
77889  33.335  26.648  7.648 0.1000000015
77890  32.727  26.617  8.206 0.1000000015
78419  30.857  27.798  8.969 0.1000000015
92221  30.009  28.456  9.381 0.1000000015
78932  29.529  28.842  9.758 0.1000000015
78924  28.756  29.271  10.026 0.1000000015
79426  26.497  29.445  9.977 0.1000000015
75530  38.262  21.634  2.502 0.1000000015
76162  36.954  23.783  3.107 0.1000000015
94245  34.983  24.250  3.441 0.1000000015
77357  34.717  25.113  3.717 0.1000000015
92854  33.738  26.081  4.117 0.1000000015
77358  33.243  25.416  4.228 0.1000000015
94547  33.481  26.939  4.336 0.1000000015
99980  33.356  28.443  4.540 0.1000000015
80911  34.361  32.478  4.848 0.1000000015
80458  33.790  31.760  4.890 0.1000000015
96488  34.246  33.384  4.389 0.1000000015
80912  33.459  32.648  4.541 0.1000000015
107211  33.783  27.576  17.434 0.1000000015
78362  33.120  27.136  17.087 0.1000000015
79336  32.225  29.388  15.877 0.1000000015
79321  32.771  29.625  16.700 0.1000000015
78874  32.256  28.632  16.282 0.1000000015
79856  32.553  30.819  15.240 0.1000000015
103593  32.718  30.612  16.195 0.1000000015
80357  33.715  33.736  15.371 0.1000000015
80375  31.216  32.664  13.245 0.1000000015
80844  31.294  33.555  13.780 0.1000000015
80387  29.755  31.790  13.482 0.1000000015
79882  28.180  30.568  13.477 0.1000000015
77354  40.274  25.148  3.603 0.1000000015
76766  40.553  24.709  4.073 0.1000000015
76753  39.190  24.495  5.357 0.1000000015
108876  23.595  29.476  12.343 0.1000000015
76775  39.992  24.382  3.297 0.1000000015
76765  40.237  23.852  3.512 0.1000000015
76754  37.998  24.733  5.640 0.1000000015
91917  39.447  23.829  3.096 0.1000000015
77326  35.575  25.703  6.626 0.1000000015
77888  34.143  26.305  7.311 0.1000000015
79410  26.174  29.307  10.687 0.1000000015
76169  37.474  23.035  2.749 0.1000000015
78440  34.776  26.898  6.826 0.1000000015
78423  33.375  27.663  7.249 0.1000000015
78425  32.057  27.686  7.990 0.1000000015
78935  30.306  28.458  8.774 0.1000000015
78936  29.598  28.883  8.978 0.1000000015
79424  28.243  29.537  9.592 0.1000000015
79425  27.391  29.604  9.732 0.1000000015
90499  36.111  23.719  3.066 0.1000000015
100749  34.478  25.904  3.960 0.1000000015
78478  33.623  27.741  4.478 0.1000000015
79471  33.977  29.118  4.683 0.1000000015
78979  34.279  28.269  4.589 0.1000000015
80910  35.160  33.101  4.829 0.1000000015
80454  34.661  31.589  5.067 0.1000000015
99846  34.079  30.742  4.981 0.1000000015
78864  34.033  29.050  17.756 0.1000000015
78865  32.989  28.825  17.085 0.1000000015
92231  33.172  32.166  15.838 0.1000000015
81281  32.900  35.551  14.619 0.1000000015
81282  32.102  34.695  14.166 0.1000000015
80376  30.385  32.736  13.782 0.1000000015
77339  40.149  25.129  4.746 0.1000000015
79881  29.003  31.198  13.615 0.1000000015
79883  27.415  30.208  13.254 0.1000000015
79360  26.825  29.918  12.949 0.1000000015
79379  24.745  29.545  12.724 0.1000000015
94874  23.937  29.595  12.835 0.1000000015
79378  25.588  29.530  12.469 0.1000000015
79381  22.305  29.664  12.184 0.1000000015
77341  37.844  25.659  5.669 0.1000000015
79396  24.795  29.253  11.295 0.1000000015
91216  24.179  29.308  11.999 0.1000000015
79380  23.175  29.360  11.793 0.1000000015
77368  40.065  25.479  3.408 0.1000000015
76776  39.454  24.716  3.295 0.1000000015
77923  37.456  26.470  5.858 0.1000000015
77342  36.964  25.786  5.957 0.1000000015
79412  24.489  29.277  10.514 0.1000000015
79397  23.896  29.193  11.136 0.1000000015
76777  38.251  25.028  3.424 0.1000000015
77371  37.141  25.326  3.577 0.1000000015
77906  36.382  26.338  6.234 0.1000000015
102821  36.123  27.153  6.377 0.1000000015
91792  34.078  28.096  6.820 0.1000000015
78938  32.717  28.095  7.409 0.1000000015
90789  31.467  28.811  7.632 0.1000000015
108627  30.797  28.291  8.497 0.1000000015
79434  29.964  29.225  8.236 0.1000000015
103275  28.498  29.686  8.907 0.1000000015
79914  26.730  29.982  9.331 0.1000000015
79427  25.052  29.430  9.947 0.1000000015
79428  24.159  29.514  9.828 0.1000000015
79414  22.375  29.458  10.548 0.1000000015
79398  22.200  29.429  11.307 0.1000000015
76778  36.382  24.602  3.446 0.1000000015
101620  36.169  25.582  3.758 0.1000000015
77356  35.270  25.776  3.861 0.1000000015
93300  34.192  28.901  6.664 0.1000000015
78947  32.801  28.950  7.072 0.1000000015
79439  32.074  29.261  7.210 0.1000000015
79435  29.133  29.622  8.454 0.1000000015
79928  27.121  30.432  8.830 0.1000000015
79915  25.767  29.890  9.474 0.1000000015
79916  24.727  30.015  9.376 0.1000000015
77939  35.000  26.431  4.153 0.1000000015
78477  35.103  27.274  4.414 0.1000000015
77940  34.335  26.675  4.255 0.1000000015
102526  34.261  27.460  4.446 0.1000000015
104477  34.729  28.939  4.726 0.1000000015
81337  36.208  33.704  4.747 0.1000000015
80906  35.128  32.286  5.060 0.1000000015
78355  34.524  28.190  17.833 0.1000000015
77821  34.166  27.061  17.501 0.1000000015
79819  33.440  30.890  17.176 0.1000000015
80340  34.014  33.809  16.844 0.1000000015
80829  33.965  34.964  16.166 0.1000000015
81269  33.119  35.809  15.358 0.1000000015
81270  32.148  35.231  14.978 0.1000000015
80837  31.143  33.924  14.419 0.1000000015
80377  29.561  32.091  14.109 0.1000000015
79871  28.343  30.856  14.313 0.1000000015
79873  26.692  30.214  13.886 0.1000000015
79362  25.315  29.748  13.355 0.1000000015
77355  40.580  25.683  4.060 0.1000000015
79364  23.575  29.880  13.494 0.1000000015
96165  40.118  26.063  4.735 0.1000000015
79894  21.505  30.248  12.440 0.1000000015
77922  38.875  26.490  5.434 0.1000000015
79895  20.655  30.715  12.110 0.1000000015
77369  39.336  25.691  3.415 0.1000000015
77370  38.055  25.916  3.571 0.1000000015
78458  38.063  27.335  5.786 0.1000000015
78438  36.392  28.002  6.354 0.1000000015
78439  35.440  27.584  6.550 0.1000000015
106771  34.657  27.640  6.725 0.1000000015
79413  23.632  29.318  10.396 0.1000000015
79400  20.798  30.037  11.118 0.1000000015
79382  21.646  29.741  11.766 0.1000000015
90105  36.960  26.178  3.823 0.1000000015
78437  37.438  28.032  6.081 0.1000000015
78945  35.683  28.402  6.502 0.1000000015
94934  34.903  28.409  6.598 0.1000000015
79451  33.657  29.513  6.672 0.1000000015
79452  32.748  29.733  6.791 0.1000000015
79440  31.277  29.504  7.386 0.1000000015
79441  30.463  29.724  7.568 0.1000000015
104065  29.655  30.029  7.698 0.1000000015
79436  28.426  30.227  8.335 0.1000000015
79930  25.254  30.711  8.904 0.1000000015
79415  21.031  29.922  10.495 0.1000000015
91768  35.934  26.549  4.160 0.1000000015
101552  33.301  30.375  6.603 0.1000000015
103559  32.632  30.424  6.646 0.1000000015
94438  31.521  30.803  6.710 0.1000000015
79938  30.207  30.605  7.159 0.1000000015
80430  29.311  30.974  7.257 0.1000000015
79939  28.472  30.905  7.686 0.1000000015
101870  26.437  31.447  8.424 0.1000000015
79929  26.266  30.701  8.818 0.1000000015
79918  23.001  30.203  9.362 0.1000000015
79430  22.592  29.686  9.892 0.1000000015
79469  36.349  29.529  4.796 0.1000000015
78476  36.283  27.671  4.406 0.1000000015
80444  28.634  31.650  7.192 0.1000000015
80431  27.934  31.597  7.596 0.1000000015
80432  27.070  31.726  7.990 0.1000000015
79950  36.127  30.951  5.133 0.1000000015
79470  35.469  29.212  4.790 0.1000000015
78978  35.249  28.282  4.608 0.1000000015
106518  34.728  27.835  4.534 0.1000000015
80452  36.653  31.894  5.131 0.1000000015
79958  35.708  30.053  5.009 0.1000000015
80905  36.069  32.706  5.084 0.1000000015
79951  35.123  30.775  5.083 0.1000000015
79959  34.689  29.795  4.902 0.1000000015
77820  35.213  26.703  17.739 0.1000000015
79838  33.713  32.239  16.975 0.1000000015
81258  33.425  35.324  16.200 0.1000000015
80367  30.371  32.941  14.589 0.1000000015
80830  32.489  35.129  15.903 0.1000000015
80831  31.343  34.136  15.257 0.1000000015
79870  29.028  31.296  14.546 0.1000000015
101198  25.136  29.848  14.027 0.1000000015
79365  22.362  30.155  12.972 0.1000000015
101999  40.604  26.643  4.106 0.1000000015
80380  20.809  31.950  13.052 0.1000000015
80389  20.291  31.650  12.368 0.1000000015
79886  21.796  30.819  13.305 0.1000000015
77935  40.321  26.296  3.676 0.1000000015
77921  40.172  27.041  4.773 0.1000000015
78457  39.382  27.567  5.411 0.1000000015
80394  19.589  31.486  10.995 0.1000000015
78490  39.876  27.188  3.441 0.1000000015
77954  39.052  26.548  3.529 0.1000000015
78960  38.732  28.337  5.799 0.1000000015
79898  20.466  30.514  11.404 0.1000000015
79905  19.877  30.963  10.467 0.1000000015
78989  39.664  28.036  3.577 0.1000000015
77937  37.847  26.751  3.786 0.1000000015
104422  37.044  28.655  6.289 0.1000000015
78944  36.270  29.060  6.463 0.1000000015
79449  35.416  29.000  6.538 0.1000000015
108700  34.273  29.409  6.591 0.1000000015
80441  31.670  31.449  6.554 0.1000000015
79920  20.356  30.567  9.981 0.1000000015
78474  38.538  28.210  3.949 0.1000000015
78475  37.563  27.539  4.114 0.1000000015
79945  34.006  30.334  6.562 0.1000000015
79946  30.816  31.240  6.675 0.1000000015
79947  29.964  31.378  6.782 0.1000000015
98767  25.656  31.586  8.534 0.1000000015
101979  24.789  31.552  8.621 0.1000000015
79931  24.336  30.775  8.897 0.1000000015
79933  22.587  30.839  8.890 0.1000000015
79919  21.243  30.259  9.686 0.1000000015
80403  20.046  31.074  9.464 0.1000000015
100552  37.175  29.199  4.570 0.1000000015
80442  30.257  32.105  6.492 0.1000000015
80895  28.606  32.291  6.905 0.1000000015
80875  27.557  32.379  7.472 0.1000000015
80415  26.244  32.140  8.216 0.1000000015
80416  25.096  32.192  8.457 0.1000000015
80417  23.955  31.631  8.595 0.1000000015
80418  23.067  31.619  8.514 0.1000000015
79934  21.656  30.811  9.017 0.1000000015
80402  20.726  30.866  9.243 0.1000000015
79956  37.770  30.494  4.690 0.1000000015
81325  29.006  33.746  6.566 0.1000000015
99189  28.817  32.895  6.662 0.1000000015
80876  25.928  32.951  8.156 0.1000000015
81303  25.054  32.971  8.326 0.1000000015
80867  23.586  32.502  8.270 0.1000000015
80868  22.580  32.282  8.178 0.1000000015
80870  20.530  32.010  8.312 0.1000000015
81734  28.438  34.402  6.976 0.1000000015
81716  27.668  34.335  7.399 0.1000000015
81309  27.362  33.361  7.413 0.1000000015
81311  25.566  33.748  8.075 0.1000000015
80877  22.934  32.959  7.826 0.1000000015
80878  21.981  32.744  7.689 0.1000000015
80869  21.576  32.112  8.181 0.1000000015
82187  29.281  35.325  6.867 0.1000000015
106978  28.693  35.045  7.045 0.1000000015
106625  26.763  34.783  7.769 0.1000000015
81310  26.457  33.598  7.900 0.1000000015
81326  23.746  33.826  7.417 0.1000000015
82173  28.023  35.963  7.770 0.1000000015
81717  27.318  35.113  7.724 0.1000000015
81718  26.208  34.486  7.841 0.1000000015
81720  24.375  34.395  7.179 0.1000000015
82175  25.874  35.193  7.388 0.1000000015
82176  25.015  35.118  6.891 0.1000000015
79308  33.632  29.908  17.509 0.1000000015
79818  34.109  32.203  17.715 0.1000000015
80819  33.645  34.290  17.247 0.1000000015
80358  30.602  32.687  15.548 0.1000000015
80368  29.693  31.952  14.943 0.1000000015
80851  20.434  32.613  12.773 0.1000000015
95755  40.533  27.241  3.838 0.1000000015
77936  40.588  27.514  4.215 0.1000000015
78456  40.296  27.975  4.825 0.1000000015
80852  19.759  32.456  12.117 0.1000000015
80390  19.723  31.772  11.734 0.1000000015
78489  40.348  27.784  3.671 0.1000000015
78455  40.516  28.254  4.297 0.1000000015
101263  19.184  32.181  10.495 0.1000000015
78943  37.890  28.760  6.165 0.1000000015
79448  36.554  30.083  6.517 0.1000000015
99979  35.441  29.851  6.540 0.1000000015
79944  34.750  30.739  6.548 0.1000000015
80397  19.453  31.558  10.160 0.1000000015
80439  33.772  31.145  6.543 0.1000000015
80440  32.413  31.616  6.527 0.1000000015
80404  19.543  31.653  9.401 0.1000000015
80891  33.360  32.412  6.491 0.1000000015
80892  32.582  32.443  6.453 0.1000000015
105090  31.907  32.054  6.467 0.1000000015
98832  31.155  32.075  6.426 0.1000000015
80421  20.183  31.438  8.887 0.1000000015
108059  31.718  35.008  6.340 0.1000000015
81323  31.356  33.611  6.292 0.1000000015
80893  30.692  32.972  6.326 0.1000000015
81732  30.395  34.693  6.389 0.1000000015
81324  29.806  34.032  6.396 0.1000000015
80879  20.924  32.588  7.712 0.1000000015
82186  30.159  35.636  6.730 0.1000000015
109111  29.732  34.850  6.535 0.1000000015
81327  23.091  33.817  7.039 0.1000000015
81313  22.389  33.449  7.199 0.1000000015
81735  24.148  35.066  6.548 0.1000000015
81736  23.517  34.372  6.765 0.1000000015
80820  32.800  34.461  17.217 0.1000000015
80821  31.616  33.689  16.353 0.1000000015
79858  29.208  30.976  15.483 0.1000000015
80379  21.428  31.770  13.608 0.1000000015
82148  21.101  35.083  13.113 0.1000000015
81700  20.602  34.295  12.840 0.1000000015
80846  21.033  32.670  13.433 0.1000000015
81292  20.754  33.479  13.142 0.1000000015
81705  20.082  34.366  12.310 0.1000000015
81294  20.039  33.486  12.414 0.1000000015
80854  19.384  32.290  11.329 0.1000000015
79446  39.002  29.429  6.118 0.1000000015
98719  36.953  30.967  6.539 0.1000000015
98718  35.867  30.825  6.545 0.1000000015
101242  19.135  33.721  11.039 0.1000000015
81298  18.829  33.412  10.367 0.1000000015
80858  18.803  32.816  9.926 0.1000000015
95977  35.332  31.651  6.541 0.1000000015
80861  19.100  32.182  9.756 0.1000000015
80890  34.778  32.495  6.516 0.1000000015
95976  33.888  32.004  6.524 0.1000000015
105378  34.492  33.576  6.466 0.1000000015
96017  33.307  33.247  6.413 0.1000000015
80880  19.919  32.585  7.943 0.1000000015
80881  19.191  32.829  8.425 0.1000000015
81728  34.481  35.291  6.521 0.1000000015
98706  33.852  34.294  6.421 0.1000000015
98717  32.859  34.227  6.355 0.1000000015
81315  20.268  33.146  7.292 0.1000000015
81328  21.585  33.838  6.616 0.1000000015
81314  21.310  33.218  7.174 0.1000000015
96966  22.522  34.245  6.535 0.1000000015
82193  23.185  35.127  6.208 0.1000000015
81745  22.154  34.926  5.933 0.1000000015
80359  29.970  31.495  15.985 0.1000000015
82147  21.781  35.528  13.539 0.1000000015
99900  37.499  30.369  6.502 0.1000000015
97020  38.582  30.315  6.413 0.1000000015
95978  36.433  31.746  6.546 0.1000000015
81299  18.625  33.647  9.746 0.1000000015
79943  39.169  31.139  6.405 0.1000000015
97793  38.076  31.059  6.590 0.1000000015
80888  37.145  32.720  6.631 0.1000000015
80889  35.991  32.610  6.528 0.1000000015
80862  18.687  33.178  9.032 0.1000000015
95979  37.558  31.827  6.620 0.1000000015
81305  18.522  34.022  8.436 0.1000000015
98707  35.508  34.503  6.558 0.1000000015
108280  34.695  34.569  6.487 0.1000000015
99527  18.824  33.546  8.123 0.1000000015
81330  19.605  33.816  6.890 0.1000000015
81316  19.405  33.266  7.669 0.1000000015
81739  20.123  34.189  6.302 0.1000000015
81329  20.619  33.691  6.682 0.1000000015
81738  20.895  34.265  6.188 0.1000000015
82200  22.614  35.725  5.751 0.1000000015
80845  21.571  32.698  14.036 0.1000000015
81699  21.186  34.249  13.431 0.1000000015
98961  20.461  35.022  12.488 0.1000000015
80887  38.148  32.696  6.605 0.1000000015
96020  36.776  33.615  6.650 0.1000000015
96019  35.643  33.528  6.546 0.1000000015
99326  36.446  34.461  6.614 0.1000000015
79860  27.890  30.362  15.170 0.1000000015
74218  33.491  20.106  11.345 0.1000000015
75448  30.525  22.860  10.731 0.1000000015
73171  40.684  18.110  11.094 0.1000000015
73185  41.735  17.813  9.305 0.1000000015
74279  41.787  19.744  6.129 0.1000000015
74295  39.925  20.239  5.189 0.1000000015
74287  32.693  20.234  6.244 0.1000000015
75539  37.341  22.169  2.594 0.1000000015
73238  25.953  18.159  6.919 0.1000000015
72695  24.675  17.416  7.713 0.1000000015
104424  32.402  19.617  6.317 0.1000000015
73706  21.691  19.437  9.507 0.1000000015
103724  19.394  20.139  9.753 0.1000000015
73709  18.884  19.610  9.706 0.1000000015
74244  21.459  20.332  9.454 0.1000000015
74246  19.915  20.691  9.722 0.1000000015
74841  20.448  21.334  9.478 0.1000000015
74843  18.382  21.057  9.554 0.1000000015
73735  24.856  19.013  7.775 0.1000000015
73701  36.228  19.526  11.551 0.1000000015
73699  41.399  18.783  10.487 0.1000000015
73170  41.261  18.248  10.639 0.1000000015
73718  41.742  19.493  8.790 0.1000000015
74840  21.232  21.159  9.328 0.1000000015
76100  21.415  23.337  8.567 0.1000000015
76102  19.640  23.599  8.871 0.1000000015
96333  18.154  21.728  9.437 0.1000000015
74271  23.942  21.002  7.769 0.1000000015
73719  24.397  19.402  8.102 0.1000000015
74269  25.197  20.309  7.007 0.1000000015
74232  33.993  20.735  10.740 0.1000000015
74233  33.133  20.945  10.714 0.1000000015
75445  33.189  22.612  10.457 0.1000000015
76690  33.053  24.916  11.294 0.1000000015
105167  34.488  21.303  10.538 0.1000000015
74829  35.256  21.347  10.546 0.1000000015
75443  35.783  22.312  10.668 0.1000000015
77268  35.900  25.755  12.198 0.1000000015
76065  37.305  24.077  11.642 0.1000000015
99412  36.628  27.217  12.659 0.1000000015
74900  28.987  20.967  5.434 0.1000000015
107501  28.843  22.956  6.097 0.1000000015
93076  28.331  23.777  6.981 0.1000000015
76134  26.638  23.421  7.111 0.1000000015
76113  27.082  24.102  7.381 0.1000000015
104204  24.851  24.417  7.534 0.1000000015
98364  29.953  19.964  5.764 0.1000000015
99607  26.457  22.245  6.023 0.1000000015
75481  25.139  22.111  6.695 0.1000000015
74856  17.003  21.727  8.966 0.1000000015
75470  17.081  22.578  8.893 0.1000000015
74883  26.166  21.451  5.943 0.1000000015
74289  26.282  20.471  6.032 0.1000000015
78391  32.759  27.828  13.154 0.1000000015
75435  37.917  23.145  11.527 0.1000000015
76064  38.264  24.053  11.870 0.1000000015
77852  38.163  27.231  12.491 0.1000000015
77280  38.426  25.873  11.075 0.1000000015
77266  38.576  26.381  11.175 0.1000000015
78387  39.107  27.768  11.958 0.1000000015
74850  39.894  21.036  8.304 0.1000000015
76741  29.540  24.329  6.631 0.1000000015
76712  22.201  24.408  8.113 0.1000000015
77894  25.164  25.988  7.536 0.1000000015
76729  22.700  24.909  7.842 0.1000000015
77299  17.717  25.019  8.203 0.1000000015
79368  36.505  31.210  12.589 0.1000000015
107295  41.068  21.043  7.503 0.1000000015
102781  31.564  23.592  5.208 0.1000000015
77345  30.607  25.358  5.849 0.1000000015
100232  28.279  26.175  6.959 0.1000000015
77909  28.278  26.786  6.427 0.1000000015
96426  26.964  27.226  6.681 0.1000000015
77911  26.516  26.814  7.145 0.1000000015
76050  28.924  23.671  13.393 0.1000000015
80383  34.121  32.624  12.800 0.1000000015
79370  33.935  30.827  12.357 0.1000000015
75455  37.471  22.816  9.544 0.1000000015
77874  36.464  26.797  10.786 0.1000000015
75478  38.924  22.071  7.355 0.1000000015
75509  41.609  21.320  4.451 0.1000000015
74890  40.633  19.837  3.555 0.1000000015
77944  30.788  26.777  4.751 0.1000000015
78961  27.874  28.105  5.024 0.1000000015
78462  27.531  27.763  5.670 0.1000000015
77247  30.484  25.481  14.363 0.1000000015
77845  31.052  26.310  15.201 0.1000000015
77844  31.016  26.870  14.472 0.1000000015
78385  31.739  28.155  13.923 0.1000000015
76110  36.107  23.198  7.631 0.1000000015
76710  35.291  23.976  8.885 0.1000000015
77282  34.443  25.810  10.100 0.1000000015
75495  40.257  22.224  6.584 0.1000000015
78409  32.814  27.352  10.739 0.1000000015
74920  41.062  20.451  2.950 0.1000000015
74907  40.951  19.883  2.940 0.1000000015
95455  33.362  23.881  4.107 0.1000000015
77943  31.521  26.551  4.612 0.1000000015
98253  30.220  27.854  4.464 0.1000000015
96266  29.646  28.449  4.311 0.1000000015
90302  28.842  28.743  4.157 0.1000000015
75497  37.782  22.924  6.687 0.1000000015
76711  34.608  24.539  8.594 0.1000000015
76706  34.055  24.908  9.006 0.1000000015
77879  32.448  26.376  9.473 0.1000000015
76142  41.065  22.288  4.434 0.1000000015
78922  30.551  28.368  10.501 0.1000000015
79391  29.385  29.283  10.874 0.1000000015
74922  39.263  21.105  2.480 0.1000000015
74921  40.292  20.615  2.718 0.1000000015
76767  34.224  24.410  3.680 0.1000000015
102736  31.644  26.888  15.977 0.1000000015
80365  34.399  33.527  13.663 0.1000000015
77287  32.928  25.857  9.083 0.1000000015
77883  33.057  26.045  8.404 0.1000000015
78410  31.260  27.326  10.050 0.1000000015
79394  26.558  29.343  11.319 0.1000000015
76159  40.211  22.531  3.117 0.1000000015
77880  31.930  26.759  9.194 0.1000000015
78417  32.223  26.983  8.459 0.1000000015
99101  30.416  28.080  9.369 0.1000000015
101261  33.960  25.273  3.892 0.1000000015
76153  40.544  23.808  4.197 0.1000000015
79377  26.504  29.544  12.186 0.1000000015
76755  37.045  25.026  5.936 0.1000000015
103482  39.784  23.063  2.964 0.1000000015
77327  34.872  26.020  6.985 0.1000000015
75538  38.161  22.505  2.600 0.1000000015
76161  38.230  23.917  3.138 0.1000000015
78441  34.056  27.208  7.071 0.1000000015
78424  32.703  27.258  7.777 0.1000000015
78934  31.343  28.154  8.199 0.1000000015
79423  28.969  29.292  9.316 0.1000000015
98675  37.342  24.558  3.372 0.1000000015
102599  35.515  24.936  3.614 0.1000000015
77340  39.062  25.428  5.320 0.1000000015
77907  35.519  26.622  6.576 0.1000000015
78946  33.456  28.557  6.933 0.1000000015
93832  32.057  28.477  7.550 0.1000000015
79437  27.806  30.020  8.960 0.1000000015
79361  26.140  29.849  13.127 0.1000000015
101691  23.117  29.706  12.736 0.1000000015
77953  40.031  26.398  3.412 0.1000000015
77905  36.933  27.216  6.122 0.1000000015
78939  30.743  28.812  7.976 0.1000000015
79442  28.969  30.304  7.820 0.1000000015
79917  23.833  30.119  9.331 0.1000000015
80414  26.926  31.047  8.478 0.1000000015
79940  27.666  30.820  8.218 0.1000000015
80453  35.592  31.666  5.148 0.1000000015
77938  36.897  26.937  4.128 0.1000000015
102523  34.769  29.264  6.573 0.1000000015
79937  31.036  30.331  7.059 0.1000000015
101068  32.914  31.066  6.548 0.1000000015
79932  23.468  30.834  8.869 0.1000000015
92717  22.147  30.221  9.470 0.1000000015
79957  36.669  30.292  4.957 0.1000000015
78977  36.250  28.711  4.613 0.1000000015
107414  37.146  29.826  4.746 0.1000000015
105238  28.180  32.139  7.219 0.1000000015
79949  37.243  31.184  4.982 0.1000000015
103330  40.268  27.009  3.573 0.1000000015
78491  38.767  27.375  3.688 0.1000000015
78975  38.324  29.030  4.264 0.1000000015
78976  37.283  28.385  4.381 0.1000000015
80443  29.300  32.021  6.696 0.1000000015
80419  22.120  31.531  8.534 0.1000000015
79468  38.122  29.804  4.463 0.1000000015
80894  29.714  33.022  6.412 0.1000000015
80874  28.122  32.770  7.047 0.1000000015
98210  26.768  32.690  7.814 0.1000000015
80866  24.458  32.357  8.423 0.1000000015
81733  29.144  34.567  6.643 0.1000000015
81308  28.222  33.577  6.944 0.1000000015
81304  24.283  33.012  8.216 0.1000000015
82188  28.060  35.162  7.553 0.1000000015
99576  26.923  34.305  7.737 0.1000000015
102084  24.576  33.693  7.903 0.1000000015
101073  23.194  33.441  7.500 0.1000000015
82172  28.671  35.681  7.452 0.1000000015
82171  29.378  36.106  7.416 0.1000000015
82174  26.661  35.223  7.658 0.1000000015
81719  25.269  34.438  7.620 0.1000000015
79466  40.495  28.448  3.931 0.1000000015
81295  19.416  33.132  11.637 0.1000000015
79447  37.512  29.507  6.381 0.1000000015
96021  33.150  31.780  6.532 0.1000000015
96018  33.932  32.710  6.488 0.1000000015
95969  32.263  33.397  6.344 0.1000000015
95968  31.656  32.742  6.369 0.1000000015
81731  31.123  34.461  6.299 0.1000000015
97947  30.578  33.889  6.306 0.1000000015
103788  34.467  31.600  6.530 0.1000000015
96207  38.633  31.908  6.564 0.1000000015
62672  33.237  2.964  7.931 0.1000000015
62671  33.745  2.429  7.561 0.1000000015
63450  33.737  3.123  7.257 0.1000000015
62670  34.419  2.546  6.941 0.1000000015
61915  36.621  1.670  4.600 0.1000000015
63451  32.950  3.568  7.338 0.1000000015
63456  35.089  2.956  6.215 0.1000000015
63457  34.202  3.267  6.534 0.1000000015
62681  35.140  2.180  6.401 0.1000000015
62688  36.188  2.834  5.337 0.1000000015
63467  33.644  3.780  5.860 0.1000000015
105675  33.094  4.032  5.266 0.1000000015
97209  35.208  3.336  5.557 0.1000000015
63478  34.772  3.728  4.892 0.1000000015
63458  33.391  3.640  6.622 0.1000000015
63466  34.488  3.535  5.723 0.1000000015
63465  35.620  3.051  5.637 0.1000000015
55496  38.429  -6.309  16.628 0.1000000015
55522  39.757  -6.413  14.605 0.1000000015
56216  24.251  -5.216  26.651 0.1000000015
56267  40.272  -6.047  18.723 0.1000000015
56270  37.513  -4.677  18.654 0.1000000015
56279  37.763  -5.629  17.826 0.1000000015
56291  37.505  -5.167  17.405 0.1000000015
56331  39.558  -5.487  13.460 0.1000000015
57078  37.910  -4.739  19.395 0.1000000015
57091  37.339  -4.234  18.253 0.1000000015
57775  22.718  -3.732  27.977 0.1000000015
57784  22.364  -3.502  27.522 0.1000000015
57787  45.685  -2.693  25.477 0.1000000015
57854  39.948  -3.220  22.333 0.1000000015
57875  30.235  -3.413  21.518 0.1000000015
57881  23.964  -3.483  21.652 0.2000000030
57898  37.550  -3.215  18.986 0.1000000015
57906  37.651  -3.538  17.157 0.1000000015
57918  38.084  -3.500  15.688 0.1000000015
58609  45.776  -2.276  25.630 0.1000000015
58666  38.738  -2.907  21.400 0.1000000015
58671  22.293  -2.769  21.177 0.2000000030
58709  37.621  -2.968  18.224 0.1000000015
60216  20.779  -0.809  20.083 0.2000000030
61013  41.127  1.161  17.840 0.2000000030
61810  42.960  1.289  15.441 0.2000000030
62614  34.982  3.205  12.749 0.2000000030
62687  42.816  2.075  5.516 0.3000000119
63243  31.217  3.239  25.319 0.2000000030
63324  44.724  4.261  18.990 0.2000000030
63376  30.400  3.843  14.592 0.2000000030
64051  42.073  6.250  27.352 0.3000000119
64061  31.414  3.519  25.730 0.2000000030
64150  45.636  4.273  15.617 0.3000000119
64158  45.772  4.181  14.825 0.3000000119
64252  43.051  3.937  5.168 0.4000000060
64871  31.945  5.090  27.749 0.2000000030
64876  32.226  4.963  27.275 0.2000000030
64887  31.742  4.513  25.771 0.2000000030
64895  42.286  7.108  24.717 0.3000000119
64926  44.094  7.310  22.243 0.3000000119
64936  44.461  6.648  21.617 0.3000000119
64944  44.190  6.466  20.503 0.3000000119
64946  32.982  5.795  21.961 0.3000000119
64990  31.386  5.620  14.173 0.3000000119
65037  44.921  5.138  7.512 0.4000000060
65054  37.884  5.751  6.961 0.5000000000
65082  44.502  6.139  5.740 0.5000000000
65666  31.522  6.654  28.559 0.2000000030
65705  42.776  7.280  24.654 0.3000000119
65724  33.182  6.072  22.282 0.2000000030
65738  44.216  7.176  21.926 0.3000000119
65781  33.490  6.749  14.040 0.4000000060
65821  33.902  6.763  9.100 0.6999999881
65859  45.159  6.989  6.564 0.5000000000
66402  33.319  6.843  29.034 0.2000000030
66404  29.882  7.126  28.199 0.2000000030
66434  27.993  7.357  22.949 0.2000000030
66435  27.458  7.884  22.462 0.2000000030
66442  33.301  6.485  22.292 0.4000000060
66563  29.691  7.822  8.765 0.8999999762
66584  42.878  8.747  6.576 0.6000000238
66591  44.927  7.655  6.187 0.6000000238
66593  43.346  8.155  5.425 0.6000000238
66602  42.101  8.349  3.858 0.6000000238
67071  33.609  8.726  29.599 0.2000000030
67072  32.835  8.775  29.598 0.2000000030
67085  33.225  7.961  29.326 0.2000000030
67087  31.382  8.182  29.078 0.2000000030
67098  33.649  7.416  29.098 0.2000000030
67118  25.836  8.471  26.661 0.1000000015
67138  27.726  8.269  23.035 0.2000000030
67150  27.233  7.780  21.755 0.2000000030
67161  34.314  8.066  21.437 0.4000000060
67166  28.079  7.961  20.154 0.3000000119
67168  26.502  8.281  20.476 0.3000000119
67176  28.591  8.599  19.513 0.3000000119
67221  30.813  8.901  13.104 0.8999999762
67247  34.670  8.475  11.412 0.8000000119
67252  29.543  8.540  11.607 0.8999999762
67262  29.856  8.066  11.009 0.8000000119
67292  44.239  8.778  6.859 0.6000000238
67718  34.165  9.141  30.074 0.1000000015
67749  28.882  9.818  29.072 0.1000000015
67760  34.096  8.959  28.917 0.2000000030
67837  28.579  9.193  18.842 0.3000000119
67841  36.032  10.271  19.742 0.5000000000
67846  27.128  9.221  18.455 0.3000000119
67886  33.492  9.413  13.653 0.8000000119
67909  43.083  10.292  11.289 0.6999999881
67915  28.751  9.732  11.243 0.8999999762
67918  42.465  10.462  10.440 0.6999999881
67932  43.983  10.137  9.370 0.6000000238
67945  43.398  10.167  8.910 0.6000000238
68345  35.525  9.945  30.293 0.1000000015
68347  33.380  9.865  30.233 0.1000000015
68363  34.865  9.274  30.102 0.1000000015
68365  31.512  10.465  29.650 0.1000000015
68392  28.214  10.571  28.219 0.1000000015
68407  27.234  10.363  27.084 0.1000000015
68422  26.361  10.682  25.739 0.1000000015
68432  29.316  10.049  24.543 0.1000000015
68477  37.176  11.285  19.574 0.6000000238
68479  35.161  10.707  20.864 0.4000000060
68484  24.252  10.311  19.037 0.3000000119
68486  39.133  12.078  18.450 0.6999999881
68496  39.857  12.347  18.125 0.6999999881
68498  29.825  11.213  17.623 0.4000000060
68500  28.104  10.629  17.392 0.4000000060
68513  24.250  10.731  16.991 0.5000000000
68533  33.728  10.499  14.667 0.8999999762
69067  26.346  11.447  25.092 0.1000000015
69114  24.862  11.280  20.346 0.2000000030
69126  39.507  12.359  18.185 0.6999999881
69127  37.980  11.777  18.949 0.6999999881
69131  31.604  11.703  18.174 0.6000000238
69136  39.790  12.492  17.929 0.6999999881
69169  28.037  11.854  15.326 0.5000000000
69172  25.329  11.655  15.527 0.5000000000
69178  31.681  11.402  14.953 0.8000000119
69188  28.598  11.510  13.463 0.5000000000
69270  31.947  11.087  0.232 0.6000000238
69641  31.873  12.009  29.284 0.1000000015
69719  28.540  12.899  22.564 0.1000000015
69720  28.143  12.370  22.448 0.1000000015
69722  23.431  12.254  22.771 0.1000000015
69746  36.713  11.892  19.573 0.6000000238
69749  23.670  12.584  19.246 0.3000000119
69761  35.129  12.316  18.668 0.6999999881
69765  39.012  12.511  18.166 0.8000000119
69766  37.795  12.523  18.268 0.6999999881
69771  31.632  12.511  17.174 0.6999999881
69773  22.805  12.330  17.443 0.5000000000
69778  31.407  12.464  16.630 0.6999999881
69783  31.565  12.285  16.097 0.6999999881
69794  26.340  12.323  12.947 0.5000000000
69881  33.051  12.049  -0.787 0.6000000238
70286  32.132  13.341  25.438 0.1000000015
70317  28.876  13.529  22.627 0.1000000015
70326  26.932  13.132  21.377 0.1000000015
70348  22.701  13.904  17.948 0.3000000119
70457  34.715  13.969  -1.403 0.6000000238
70467  33.368  13.582  -1.707 0.6000000238
70471  34.489  14.117  -1.956 0.6000000238
70868  30.112  14.454  23.102 0.1000000015
70871  20.706  14.557  23.151 0.1000000015
70882  21.614  14.522  22.487 0.1000000015
70885  27.291  13.746  21.408 0.1000000015
71022  31.285  14.164  0.560 0.6000000238
71029  32.644  14.194  -1.054 0.6000000238
71041  34.388  14.909  -2.118 0.6000000238
71042  33.768  14.941  -2.224 0.6000000238
71455  22.628  15.426  22.283 0.1000000015
71459  29.943  15.966  22.177 0.1000000015
71494  22.572  15.546  16.524 0.3000000119
71498  22.524  15.127  15.933 0.3000000119
71600  34.367  15.856  -1.118 0.5000000000
71601  32.935  15.755  -0.372 0.6000000238
71607  34.633  15.487  -1.507 0.6000000238
71609  33.572  15.227  -1.836 0.6000000238
72010  26.941  16.205  20.119 0.2000000030
72013  26.509  16.723  19.554 0.2000000030
72015  24.782  16.227  18.996 0.2000000030
72025  23.125  16.248  17.397 0.2000000030
72046  24.191  16.471  14.504 0.3000000119
72091  29.420  16.635  8.384 0.6000000238
72130  38.354  15.226  4.830 0.4000000060
72558  28.574  17.163  20.299 0.2000000030
72562  29.032  17.893  19.917 0.2000000030
72569  27.060  18.044  19.038 0.2000000030
72572  24.456  17.374  18.188 0.2000000030
72597  23.700  16.830  15.097 0.3000000119
72623  35.889  17.467  12.116 0.2000000030
72627  31.698  17.192  13.048 0.3000000119
73085  23.064  18.162  22.523 0.1000000015
73143  24.405  18.254  15.171 0.3000000119
73166  33.061  17.353  12.675 0.3000000119
73637  29.633  19.594  18.630 0.2000000030
73642  27.252  19.777  17.808 0.2000000030
73645  24.713  19.240  16.679 0.2000000030
73681  28.535  19.594  12.582 0.3000000119
73705  41.676  19.143  9.601 0.1000000015
73730  41.948  19.034  7.358 0.1000000015
74177  29.393  20.605  17.686 0.1000000015
74184  27.068  20.811  16.618 0.2000000030
74200  26.037  20.263  14.139 0.2000000030
74203  27.111  20.554  12.992 0.3000000119
74207  28.444  20.518  12.170 0.3000000119
74212  40.723  19.516  11.386 0.1000000015
74221  30.914  20.675  11.193 0.2000000030
74268  38.366  19.754  7.072 0.2000000030
74798  27.752  22.045  15.191 0.1000000015
74807  27.132  21.706  14.441 0.1000000015
74808  26.314  20.787  14.337 0.1000000015
75434  38.608  23.177  11.527 0.1000000015
75437  28.491  22.613  12.048 0.2000000030
75447  31.402  22.681  10.531 0.1000000015
76060  28.337  22.879  12.647 0.2000000030
76080  30.244  23.682  10.987 0.1000000015
76665  29.451  24.216  13.585 0.1000000015
76674  30.097  25.074  12.466 0.1000000015
76718  16.674  23.840  8.287 0.1000000015
76779  35.651  24.176  3.318 0.1000000015
77253  39.071  26.884  11.422 0.1000000015
77254  39.164  26.580  11.633 0.1000000015
77850  39.187  27.127  11.633 0.1000000015
77851  39.155  27.291  12.171 0.1000000015
77860  34.726  25.991  12.166 0.1000000015
78356  33.439  28.073  17.328 0.1000000015
78388  38.770  28.000  12.259 0.1000000015
78395  38.427  27.991  11.639 0.1000000015
78473  40.650  27.871  3.948 0.1000000015
79363  24.456  29.764  13.617 0.1000000015
79385  36.773  30.699  12.556 0.1000000015
79399  21.362  29.710  11.196 0.1000000015
79411  25.349  29.294  10.661 0.1000000015
79429  23.350  29.632  9.814 0.1000000015
79431  21.811  29.736  10.104 0.1000000015
79450  34.484  29.861  6.577 0.1000000015
79897  21.014  30.067  11.692 0.1000000015
79899  20.014  30.861  11.056 0.1000000015
79904  20.395  30.442  10.753 0.1000000015
79921  19.797  31.122  9.887 0.1000000015
79936  31.935  30.098  6.846 0.1000000015
80339  33.963  33.295  17.550 0.1000000015
80388  21.052  31.156  12.845 0.1000000015
80393  20.072  31.134  11.628 0.1000000015
80420  21.124  31.433  8.652 0.1000000015
80835  34.381  34.612  13.967 0.1000000015
80857  19.064  32.903  10.808 0.1000000015
80865  25.582  32.382  8.349 0.1000000015
80871  19.657  32.102  8.652 0.1000000015
81279  34.215  34.684  13.820 0.1000000015
81280  33.804  35.423  14.553 0.1000000015
81312  23.740  33.256  7.904 0.1000000015
81730  31.934  34.285  6.297 0.1000000015
81737  21.676  34.411  6.199 0.1000000015
82160  20.294  35.661  12.045 0.1000000015
90004  38.014  -2.271  17.895 0.1000000015
90485  23.225  16.953  16.947 0.2000000030
90731  33.194  7.758  22.168 0.4000000060
90864  25.017  29.316  11.985 0.1000000015
91122  25.128  -4.283  24.063 0.2000000030
91544  33.041  12.552  17.340 0.8000000119
91745  41.004  -7.063  16.072 0.1000000015
92271  23.020  29.258  10.907 0.1000000015
92326  21.726  29.571  10.736 0.1000000015
92785  43.384  -6.645  15.646 0.1000000015
93711  29.565  10.858  24.472 0.1000000015
94240  32.180  30.916  6.603 0.1000000015
95027  29.978  6.479  16.112 0.4000000060
95194  29.890  9.052  19.553 0.2000000030
95505  26.203  11.983  24.640 0.1000000015
95602  28.603  30.738  15.077 0.1000000015
95690  29.279  23.366  11.541 0.2000000030
96078  22.310  -3.952  26.967 0.1000000015
96220  37.976  28.822  12.463 0.1000000015
96259  30.277  11.637  14.789 0.8999999762
96469  37.628  -2.590  10.997 0.1000000015
96793  38.370  8.775  9.629 0.6999999881
96846  35.548  12.546  18.273 0.8000000119
97056  44.346  3.117  6.695 0.4000000060
98309  30.446  9.051  29.096 0.2000000030
98855  22.980  29.425  10.305 0.1000000015
99434  19.102  32.406  9.123 0.1000000015
99685  41.677  18.073  9.969 0.1000000015
99966  32.562  35.102  6.394 0.1000000015
101085  35.548  12.532  17.635 0.8000000119
101844  35.999  10.523  14.580 0.8999999762
102025  34.845  8.861  20.443 0.4000000060
102158  44.272  -6.496  14.509 0.1000000015
102289  40.272  4.112  25.300 0.3000000119
102512  26.713  12.536  21.382 0.1000000015
102606  39.444  -0.975  22.121 0.1000000015
102713  27.686  11.941  22.267 0.1000000015
103109  43.939  1.240  13.294 0.2000000030
103317  32.215  5.493  27.856 0.2000000030
103628  33.699  35.495  15.480 0.1000000015
103914  26.036  8.653  19.740 0.3000000119
104360  24.318  10.221  18.202 0.3000000119
105192  22.934  30.078  13.412 0.1000000015
105195  25.778  29.383  10.121 0.1000000015
105316  29.226  29.152  10.334 0.1000000015
105405  31.874  9.616  13.824 0.8999999762
105475  23.919  13.319  13.948 0.5000000000
105678  22.243  14.147  16.851 0.4000000060
106183  34.512  7.503  14.422 0.4000000060
107079  30.691  24.726  11.346 0.1000000015
107351  27.611  14.281  21.427 0.1000000015
107393  29.265  12.680  23.326 0.1000000015
107437  27.268  29.991  9.191 0.1000000015
107614  38.144  23.165  2.784 0.1000000015
107643  18.904  32.643  9.466 0.1000000015
107644  24.000  11.327  19.485 0.2000000030
107843  36.833  8.074  9.391 0.6000000238
108026  26.661  21.192  14.127 0.2000000030
108260  30.189  33.472  6.344 0.1000000015
108381  29.253  17.628  13.137 0.3000000119
108511  38.864  -6.470  18.004 0.1000000015
108580  22.565  22.899  8.294 0.1000000015
108652  22.494  19.411  9.283 0.1000000015
108775  20.037  0.495  20.344 0.2000000030
108974  25.569  22.503  6.635 0.1000000015
