global_signal	global_signal_derivative1	global_signal_power2	global_signal_derivative1_power2	csf	csf_derivative1	csf_power2	csf_derivative1_power2	white_matter	white_matter_derivative1	white_matter_power2	white_matter_derivative1_power2	csf_wm	tcompcor	std_dvars	dvars	framewise_displacement	rmsd	t_comp_cor_00	t_comp_cor_01	t_comp_cor_02	t_comp_cor_03	c_comp_cor_00	c_comp_cor_01	c_comp_cor_02	c_comp_cor_03	c_comp_cor_04	c_comp_cor_05	w_comp_cor_00	w_comp_cor_01	w_comp_cor_02	w_comp_cor_03	w_comp_cor_04	w_comp_cor_05	w_comp_cor_06	w_comp_cor_07	w_comp_cor_08	w_comp_cor_09	w_comp_cor_10	a_comp_cor_00	a_comp_cor_01	a_comp_cor_02	a_comp_cor_03	a_comp_cor_04	a_comp_cor_05	a_comp_cor_06	a_comp_cor_07	a_comp_cor_08	a_comp_cor_09	a_comp_cor_10	edge_comp_00	edge_comp_01	edge_comp_02	edge_comp_03	edge_comp_04	edge_comp_05	edge_comp_06	edge_comp_07	edge_comp_08	edge_comp_09	edge_comp_10	edge_comp_11	edge_comp_12	edge_comp_13	edge_comp_14	edge_comp_15	edge_comp_16	edge_comp_17	edge_comp_18	edge_comp_19	edge_comp_20	edge_comp_21	edge_comp_22	edge_comp_23	cosine00	cosine01	trans_x	trans_x_derivative1	trans_x_power2	trans_x_derivative1_power2	trans_y	trans_y_derivative1	trans_y_derivative1_power2	trans_y_power2	trans_z	trans_z_derivative1	trans_z_power2	trans_z_derivative1_power2	rot_x	rot_x_derivative1	rot_x_power2	rot_x_derivative1_power2	rot_y	rot_y_derivative1	rot_y_power2	rot_y_derivative1_power2	rot_z	rot_z_derivative1	rot_z_power2	rot_z_derivative1_power2	motion_outlier00	motion_outlier01	motion_outlier02	motion_outlier03	motion_outlier04	motion_outlier05	motion_outlier06	motion_outlier07	motion_outlier08	motion_outlier09	motion_outlier10	motion_outlier11	motion_outlier12	motion_outlier13	motion_outlier14	motion_outlier15	motion_outlier16	motion_outlier17
819.5140940517769	n/a	671603.3503495045	n/a	924.409227319666	n/a	854532.4195537419	n/a	792.7038844144797	n/a	628379.4483658049	n/a	809.2507552258827	533.300624917715	n/a	n/a	n/a	n/a	-0.0788606445	-0.0348158785	0.0181891919	-0.0480388541	0.0476440239	0.036783446	-0.0889238189	0.1265052123	-0.0859463065	0.0506344084	-0.0248233348	0.0299927766	-0.0405254697	0.0917065141	-0.0086731414	0.0745936896	-0.1131940427	0.0406035805	0.0097920956	-0.0937694944	0.0129188181	-0.0308736061	-0.0446275285	0.0533126541	-0.0616657332	0.0133012685	-0.1159074624	0.0961690673	-0.0140967575	-0.0014990891	0.0087822955	-0.0742040992	-0.0571163355	0.0052939964	-0.0496947407	0.0040753844	-0.0002256902	0.0024153467	-0.0099208373	0.0047243191	-0.0269617561	0.0670962872	-0.0376555236	-0.0416390269	0.0990305588	-0.0008282977	0.102209288	-0.0298988547	0.1132084988	-0.1175147124	0.008975644	-0.1267538512	0.0560429261	-0.0088171544	0.0494157513	-0.0646024174	0.1561451084	0.1560591586	-0.0007755938381848	n/a	6.015458018302297e-07	n/a	0.0239869874340001	n/a	n/a	0.0005753755661588	-0.1097232087751791	n/a	0.0120391825439215	n/a	0.0055770531608351	n/a	3.110352195878078e-05	n/a	0.0022629884588438	n/a	5.121116764860237e-06	n/a	-1.2810619579789202e-05	n/a	1.6411197401807842e-10	n/a	0.0	0.0	0.0	0.0	0.0	0.0	0.0	0.0	0.0	0.0	0.0	0.0	0.0	0.0	0.0	0.0	0.0	0.0
817.7124609492846	-1.8016331024922465	668653.6687917353	3.2458818359958377	913.660594218486	-10.748633101179962	834775.681427677	115.53311354378155	790.7738029383406	-1.9300814761390936	625323.2074135656	3.725214504535264	806.5255284285473	538.1973085352498	0.709159	17.03965	0.1390999503886226	0.0689423959435291	-0.0595867657	-0.0476374112	0.0162814863	-0.0531437138	-0.0035851504	-0.1464485124	-0.0438245945	0.0055231388	-0.1187095287	-0.0647313864	-0.0444570587	-0.1408251635	0.0234673475	0.070983457	-0.0747207986	0.1392803436	-0.2296235856	-0.0255129486	-0.0214632789	-0.1705171119	0.1614874202	-0.0397690843	0.1062095752	0.0688314057	-0.0419440658	0.069402939	-0.2390121752	0.1338208514	0.126180013	0.1348934788	0.0776586181	-0.1574921889	-0.0597045645	-0.0208716225	-0.0605306853	-0.006238324	-0.0141883369	-0.0301942104	-0.0070337229	-0.0306225599	-0.0186691323	0.1201209099	-0.0652548893	-0.0844543803	0.0584074129	-0.0587226735	0.0289376077	0.0319448648	0.1481466967	-0.0540872808	0.1603275494	-0.0591057987	0.034213959	0.0378149718	-0.172408837	0.0281934099	0.155915944	0.1551433414	-0.0324028720635993	-0.0316272782254145	0.0010499461179699	0.0010002847279477	0.0153746370145597	-0.0086123504194404	7.417257974723524e-05	0.0002363794633294	-0.0726329726543042	0.0370902361208749	0.0052755487166009	0.0013756856155022	0.0065810706693912	0.0010040175085561	4.331049115552114e-05	1.0080511574871988e-06	0.002031978731569	-0.0002310097272747	4.128937565548762e-06	5.3365494095577365e-08	-1.3185096206745454e-05	-3.744766269562529e-07	1.7384676198113336e-10	1.4023274413653257e-13	0.0	0.0	0.0	0.0	0.0	0.0	0.0	0.0	0.0	0.0	0.0	0.0	0.0	0.0	0.0	0.0	0.0	0.0
816.2992211180531	-1.4132398312315215	666344.4183979401	1.9972468205793	919.2433596430598	5.582765424573722	845008.3542478597	31.16726978581581	791.4093518800373	0.6355489416966975	626328.7622431808	0.4039224572917922	807.5106638274198	533.5110190301879	0.693412	16.66128	0.0392244582846589	0.0272214610809873	-0.0465198734	-0.0314958067	0.0204526765	-0.0450642753	-0.0119888807	-0.0559808902	-0.0230447671	0.0236759718	-0.0427659119	-0.0992715477	-0.0245693951	-0.0647150443	-0.0286032562	0.0646564896	-0.0664695408	0.0101820358	-0.1346823786	0.0190000571	-0.028560697	-0.1537129017	-0.0938756922	-0.0194140351	0.0733906493	0.0676648145	-0.0104488936	-0.0063372273	-0.103449725	0.1234415173	0.0088826135	0.0507291646	-0.003362243	-0.1198609925	-0.0580094705	-0.0116947729	-0.0601106012	-0.0231980954	-0.028590479	-0.0306378807	0.0318377592	0.0068209512	-0.0161323025	0.0900118107	-0.018091187	-0.1724751168	0.0292755821	-0.0598017413	0.0224209165	0.1615457401	0.0424849983	-0.0606083857	0.0126384734	-0.039868282	0.1698818082	-0.007962626	-0.0535832126	-0.0072272597	0.1554579513	0.1533170814	-0.0323271266518361	7.574541176320199e-05	0.0010450431175638	5.737367403177018e-09	0.0342327581385717	0.0188581211240119	0.0003556287323279	0.0011718817297739	-0.0729164321571289	-0.0002834595028246	0.0053168060785251	8.034928974162518e-08	0.0062480632524546	-0.0003330074169366	3.903829440667355e-05	1.1089393973478684e-07	0.0020989829964037	6.700426483470003e-05	4.405729619191856e-06	4.489571506038618e-09	-1.3054133056863896e-05	1.3096314988155816e-07	1.7041038986630674e-10	1.7151346626899468e-14	0.0	0.0	0.0	0.0	0.0	0.0	0.0	0.0	0.0	0.0	0.0	0.0	0.0	0.0	0.0	0.0	0.0	0.0
815.7737027243568	-0.5255183936963022	665486.7340566072	0.2761695821131416	921.3078205005544	2.0644608574946237	848808.1001154818	4.261998632127435	790.9891514838496	-0.4202003961877381	625663.8377651403	0.176568372956332	807.3054965219144	532.2284093331068	0.68087	16.359922	0.1300319358473535	0.0630937326425233	-0.0659337944	-0.0287820771	-0.0062422066	-0.0252921256	0.0102388007	-0.0508274036	0.0161600866	-0.0563467299	0.0104177696	-0.0978027682	-0.0712302898	-0.0483449801	-0.0142661248	0.0085854201	-0.0149291017	0.1154448512	-0.0421290898	0.0317517377	-0.115557334	0.0293689044	-0.1671621104	-0.0765075776	0.0586933854	0.0097220259	-0.0354990958	0.0243901	0.0342330274	0.0738395331	0.044614984	-0.0101751664	-0.085603784	-0.003218147	-0.0668732438	0.0083609726	-0.0508104546	-0.0158080792	-0.0079369074	-0.0330365258	-0.0250432906	-0.0067102652	0.004625979	0.1070011963	-0.0556068599	-0.0391740618	-0.1038565619	-0.0669165586	0.045934755	0.0111603575	0.1169258497	-0.1139508129	-0.0587046927	0.1091019898	-0.0040825276	-0.0549583379	0.098136621	-0.0897841183	0.1547718027	0.1505910958	-0.03262761352957	-0.0003004868777339	0.0010645611646349	9.0292363690269e-08	0.0048528609051174	-0.0293798972334543	0.0008631783614483	2.355025896441687e-05	-0.089414866974181	-0.0164984348170521	0.0079950184360104	0.0002721983514125	0.0067569305039261	0.0005088672514715	4.565610983488702e-05	2.589458796201592e-07	0.0027990748815818	0.0007000918851781	7.834820192702169e-06	4.90128647692226e-07	0.0004550490686758	0.0004681032017326	2.0706965490271293e-07	2.19120607472371e-07	0.0	0.0	0.0	0.0	0.0	0.0	0.0	0.0	0.0	0.0	0.0	0.0	0.0	0.0	0.0	0.0	0.0	0.0
814.4082390318553	-1.365463692501521	663260.7798029674	1.8644910955398888	913.5344264056232	-7.773394094931177	834545.148228251	60.425655755110895	789.5680525574503	-1.4210989263992817	623417.7096193646	2.0195221586131904	805.8431299452557	525.6003856699691	0.612289	14.712068	0.127465227542849	0.0681636409878649	-0.0559550272	-0.0072724158	0.0009725783	-0.041541347	0.0422403697	-0.0422152578	-0.0651605714	-0.0437599322	0.0677011742	-0.0394629641	-0.1237257758	-0.0576706204	-0.0518641408	0.022096394	0.0924869864	-0.0196981972	-0.0036991855	0.0107302878	0.0540535224	0.0551557259	-0.1009916049	-0.1101481832	0.0459483123	0.04675092	-0.0420038411	-0.0092152402	0.0225320467	-0.1469084704	0.0251485123	0.0552719192	-0.1236336935	-0.000471109	-0.0602347146	0.0136060995	-0.0492301147	-0.0157819686	-0.0003360368	-0.008493505	-0.0196168636	0.0264360297	0.0215976631	0.0782600861	-0.0504609177	-0.025537105	-0.0571869579	-0.092049772	-0.0403366751	-0.0670108971	0.0446423965	-0.0963250952	0.0453534963	0.0580139638	-0.009273049	-0.022494966	0.059410459	-0.0941485859	0.1538585052	0.1469813818	-0.0322816783114063	0.0003459352181637	0.0010421067546011	1.1967117516596738e-07	0.0450845876186321	0.0402317267135147	0.0016185918343509	0.0020326200407421	-0.0681331386935397	0.0212817282806413	0.0046421245882331	0.000452911958611	0.0060190706877284	-0.0007378598161977	3.622921194387124e-05	5.444371083593038e-07	0.00269598023482	-0.0001030946467618	7.2683094265401025e-06	1.0628506190940344e-08	-1.6113214975286595e-05	-0.000471162283651	2.596356968398002e-10	2.2199389753530697e-07	0.0	0.0	0.0	0.0	0.0	0.0	0.0	0.0	0.0	0.0	0.0	0.0	0.0	0.0	0.0	0.0	0.0	0.0
815.7189521894387	1.31071315758345	665397.4089610358	1.717968981462378	911.1287406715188	-2.405685734104395	830155.5820776678	5.787323851273403	790.5352863842928	0.9672338268425164	624946.0390186958	0.9355412757884192	805.7523287636346	524.2346083200895	0.554536	13.324369	0.094471265401182	0.0501874076184977	-0.0678695553	0.0112207764	0.0004401433	-0.0452069875	-0.0152831143	-0.1210328405	-0.0548698377	-0.0491699417	-0.0142911736	-0.049666156	-0.1016002155	-0.0248266524	-0.1194967051	0.0562582396	0.0879510103	0.0215192418	-0.1138126045	0.0545192387	0.0425888528	-0.0110288619	-0.0465163616	-0.0931035286	0.0041449396	0.1349003251	-0.0547185358	0.0058790988	-0.0777243174	-0.0925035574	0.0184276152	0.0441635607	-0.1383327514	-0.0725102311	-0.0697104252	0.0432583193	-0.0425939549	-0.0026598177	-0.0229901624	-0.029491842	0.0297321693	0.0201471182	0.0066739341	0.0755652194	-0.0187213493	-0.1337819336	-0.061493288	-0.1070835287	-0.0079403933	0.0796669406	0.0124602916	-0.1399705057	0.0183691451	0.0486858408	0.0143859797	-0.0404492257	0.0441851372	-0.0669992531	0.152719399	0.1425091225	-0.032379887711599	-9.82094001927003e-05	0.0010484571282157	9.645086286209962e-09	0.0071583869020201	-0.037926200716612	0.0014383967007967	5.1242503039012926e-05	-0.0463267578091262	0.0218063808844134	0.0021461684891054	0.0004755182472761	0.0056250666876121	-0.0003940040001163	3.164137524008336e-05	1.552391521076454e-07	0.0029939787012496	0.0002979984664296	8.963908463536242e-06	8.88030859943935e-08	-1.6920236428664102e-05	-8.070214533775072e-07	2.862944008018917e-10	6.51283626211544e-13	0.0	0.0	0.0	0.0	0.0	0.0	0.0	0.0	0.0	0.0	0.0	0.0	0.0	0.0	0.0	0.0	0.0	0.0
816.8061532269073	1.087201037468617	667172.291949338	1.1820060958728371	918.151181607633	7.022440936114208	843001.5922874927	49.31467670121259	791.6461285941208	1.1108422098279789	626703.5929180592	1.2339704151355075	808.1887645510996	527.8855187791025	0.643424	15.460168	0.0621702641355515	0.0362482749424617	-0.0514508379	0.002214397	0.0135980135	-0.0158329684	0.0291378551	-0.0097281995	-0.0318068	-0.034232257	0.0332165079	-0.0275318332	-0.0703937101	-0.0112162229	-0.0714277449	0.0391747973	0.0420156544	-0.0947655799	-0.0289218663	0.0974756639	-0.0555659118	-0.0592085313	-0.0404975241	-0.0646881916	0.012946493	0.0703474274	-0.0109883543	-0.0195439069	-0.0293727271	-0.0216580084	-0.1021078201	-0.0058045761	-0.0462688581	-0.0299346084	-0.0624352001	0.0387264541	-0.0591966176	-0.0487256019	-0.0096334661	-0.0381373851	-0.0113531516	-0.0308911888	0.0084118553	0.085467684	-0.0273566798	-0.1921374922	0.0348492903	-0.0156626202	0.0252576305	0.1144598583	-0.0304984358	-0.0789549167	-0.0840778493	-0.0108671797	0.1204290829	-0.0184948879	-0.0332655539	-0.0052674676	0.1513561561	0.1372005631	-0.0418031486672276	-0.0094232609556286	0.0017475032384943	8.879784703787444e-05	0.0393925954215603	0.0322342085195402	0.0010390441988811	0.0015517765740467	-0.0514904114201186	-0.0051636536109924	0.002651262468213	2.6663318614314848e-05	0.0059190770312837	0.0002940103436715	3.503547290227025e-05	8.644208218589221e-08	0.0030059775999038	1.1998898654200145e-05	9.035901331123413e-06	1.4397356891376601e-10	-1.7893815090670902e-05	-9.735786620067991e-07	3.201886184991217e-10	9.478554111149496e-13	0.0	0.0	0.0	0.0	0.0	0.0	0.0	0.0	0.0	0.0	0.0	0.0	0.0	0.0	0.0	0.0	0.0	0.0
818.2596543803467	1.4535011534393334	669548.8619866443	2.112665603049473	918.4963535618136	0.3451719541806142	843635.5515063482	0.119143677952864	793.9131837675843	2.2670551734635183	630298.1433599821	5.139539159527703	810.0035726074708	523.8527042412351	0.8250039999999998	19.823154	0.1517599614494373	0.0805282445576969	-0.0500142345	-0.0109738503	0.0920094369	0.0608693524	0.0673747235	-0.0361871301	0.0211504329	0.0479200304	0.0938659319	0.0774739906	-0.058483914	0.10306628	-0.0613207028	0.0877940219	0.0621715891	0.0334512785	-0.0097229846	0.1226573845	-0.1597700336	-0.148336821	-0.0379562059	-0.0704676277	-0.1164359125	0.0138679434	-0.090846025	0.0545172503	-0.0298374269	0.1165584181	-0.233905192	0.0363096722	0.0002671909	-0.0672606773	-0.0523849316	0.0124838651	-0.0578735675	-0.0515636786	0.0328040922	-0.0446805652	-0.0759246646	-0.099278274	-0.0036446967	0.1078124823	-0.0601312488	-0.1054957706	0.0456633795	0.0049679781	0.1402480875	-0.0489076603	-0.0475805248	-0.0065899818	-0.1583343668	0.1578798156	-0.1423435337	-0.0089234411	0.0784003408	-0.0414629015	0.1497707771	0.1310868562	-0.032400212386122	0.0094029362811055	0.0010497737626658	8.841521070653197e-05	0.0017017998490871	-0.0376907955724732	0.0014205960708859	2.8961227263528766e-06	-0.0667292652760807	-0.015238853855962	0.0044527948442855	0.0002322226668433	0.0070490152025397	0.001129938171256	4.968861532563581e-05	1.2767602708613542e-06	0.0026618637535709	-0.0003441138463329	7.085518642574562e-06	1.1841433923802277e-07	-0.0003323893122997	-0.000314495497209	1.104826549310675e-07	9.890741776475443e-08	0.0	0.0	0.0	0.0	0.0	0.0	0.0	0.0	0.0	0.0	0.0	0.0	0.0	0.0	0.0	0.0	0.0	0.0
817.3412864362158	-0.918367944130864	668046.7785132081	0.8433996808071499	920.7408097756876	2.2444562138739457	847763.6387863889	5.037583695997367	793.161696856535	-0.7514869110493692	629105.4773603379	0.5647325774785225	809.9866706748664	525.7491792246826	0.739761	17.774952	0.1194738207716346	0.0658655717706796	-0.0150912344	-0.0223968053	0.0959126536	0.0387012561	0.0118178247	-0.0159225701	-0.0097311714	-0.0904708943	0.0025784829	0.0418571714	-0.0113662499	0.0039924468	0.1212695619	0.0413788752	-0.0010604993	0.1135394398	0.1361818352	0.0499150247	-0.1027206802	-0.0185663445	0.0974527012	-0.0187805628	0.0038331309	-0.1106806757	-0.0702977551	0.0212141334	-0.0162031887	0.1361866354	-0.0744965518	-0.0123817681	0.1040880684	0.0595987857	-0.0320727972	-0.0252252802	-0.0572756031	-0.0538810882	0.0502434421	-0.0207094245	-0.0988394046	-0.0346252053	0.0240471993	0.0376406657	-0.0472061817	-0.0497234434	0.083117763	0.0840176925	-0.0125549276	-0.037626383	-0.036277194	0.0928212858	-0.0671943526	0.2058249693	-0.0699404865	0.1381964976	-0.0139868548	0.2242704934	0.1479655889	0.1242038795	-0.0323074138203764	9.279856574560123e-05	0.001043768987761	8.611573804440677e-09	0.0425302009921182	0.040828401143031	0.0016669583398962	0.0018088179964299	-0.0657977830812228	0.0009314821948578	0.0043293482584036	8.676590793372742e-07	0.0079379648814382	0.0008889496788985	6.301128645894619e-05	7.902315316137477e-07	0.0020330749003272	-0.0006287888532437	4.133393550340455e-06	3.953754219635273e-07	-0.0003670735575175	-3.46842452178e-05	1.3474299662855336e-07	1.202996866328482e-09	0.0	0.0	0.0	0.0	0.0	0.0	0.0	0.0	0.0	0.0	0.0	0.0	0.0	0.0	0.0	0.0	0.0	0.0
821.6168849537002	4.2755985174843545	675054.3056410217	18.28074268271441	922.3474557206438	1.606645944956199	850724.829074345	2.5813111924441974	794.0274331780929	0.8657363215579608	630479.5646393908	0.7494993784647088	809.9094704462509	535.3163706597546	0.987418	23.725636	0.1024198346441563	0.0551176360077797	-0.0201600468	-0.0406911677	-0.0075369712	0.0168442768	0.0220637946	-0.0297926583	0.032277724	0.1089250667	-0.0746206737	-0.0071341295	0.0113219616	0.0701246852	0.0159034253	0.074409648	-0.0101636441	-0.0985098411	0.0137213165	-0.0617099577	-0.0170860917	-0.0496240061	-0.1046857359	-0.0072600826	-0.0701159273	0.0078616767	0.0116657917	-0.1162332335	0.0067328428	-0.0262016413	-0.0008508944	0.0976737717	0.0158597073	-0.0162881457	-0.0417577763	0.0095770736	-0.0352576719	-0.04070257	0.0002146434	-0.0181746525	0.0236374428	-0.0176408073	0.0443910974	0.042567282	0.0125018276	-0.1338429575	-0.0815532297	-0.065134588	-0.1112880051	0.1224704261	-0.1006144044	-0.0890085065	-0.060627598	0.1524242083	0.0421006012	0.1289733123	-0.0071087385	0.1467010875	0.1459432408	0.1165920251	-0.0321112421763842	0.0001961716439922	0.0010311318741103	3.848331390660315e-08	0.0298239456133444	-0.0127062553787737	0.0001614489257506	0.0008894677319477	-0.0813738803536381	-0.0155760972724152	0.0066217084038082	0.0002426148062397	0.0069193218460321	-0.0010186430354061	4.787701480897707e-05	1.037633633581354e-06	0.0023412897298911	0.0003082148295639	5.481637599293541e-06	9.499638116310393e-08	-0.000215105215508	0.0001519683420094	4.6270253738743135e-08	2.3094376973116355e-08	0.0	0.0	0.0	0.0	0.0	0.0	0.0	0.0	0.0	0.0	0.0	0.0	0.0	0.0	0.0	0.0	0.0	0.0
816.6497177502475	-4.967167203452618	666916.7615015589	24.672750027055304	926.2254759298788	3.8780202092350464	857893.6322615305	15.039040743235434	791.753226171566	-2.2742070065269218	626873.1711530829	5.172017508536142	808.6778087099433	546.1353445053101	1.09166	26.230354	0.3508007535804076	0.1912679952991741	0.0490448693	-0.1058762726	0.0763534296	0.0098996408	-0.0041091715	0.1009536545	0.0988567592	-0.1527082535	0.092838	-0.1876457515	-0.0241915355	-0.1521283648	0.2062567135	-0.0202869013	0.0047431619	-0.0072538166	0.059123077	-0.0574206048	0.0111550199	0.0305699801	-0.0507993413	-0.0077695302	0.170556012	-0.1932846761	0.050794378	0.0092377524	0.0792142375	-0.0359891016	0.0450353437	0.0744149022	-0.0025937896	0.0145450337	0.0099585472	-0.119416204	-0.0426119569	-0.0287503549	0.0370337154	0.0186249308	-0.0831124527	0.0359874509	0.0620640506	-0.0160693882	-0.0009215811	0.0602380337	-0.0798420916	-0.05133411	-0.0016092768	-0.020517875	-0.1293012176	0.0817695836	-0.1171871389	0.104442793	0.0559501521	-0.1378857228	0.1164640916	-0.112128897	0.1437067008	0.1082959623	0.0035999049639059	0.0357111471402901	1.295931574915434e-05	0.0012752860300754	0.0623776078778632	0.0325536622645188	0.0010597409268323	0.0038909659645644	-0.1038827567107318	-0.0225088763570937	0.010791627141821	0.0005066495148589	0.010038312292997	0.0031189904469649	0.0001007677136917	9.728101408258309e-06	0.0005569413011754	-0.0017843484287157	3.101836129549476e-07	3.183899315060188e-06	-0.0005123076961975	-0.0002972024806894	2.624591755831899e-07	8.83293145279926e-08	0.0	0.0	0.0	0.0	0.0	0.0	0.0	0.0	0.0	0.0	0.0	0.0	0.0	0.0	0.0	0.0	0.0	0.0
815.8389503004454	-0.8107674498021424	665593.1928273326	0.6573438576586695	912.4147296596218	-13.810746270257027	832500.6388998408	190.7367125414184	792.3028105240834	0.5495843525173996	627743.7435643616	0.3020429605319693	810.0414362441572	521.4366047280466	1.023564	24.594152	0.2283277261546753	0.1652210452424684	0.0093810026	0.0330334207	0.0767525582	0.0016690636	0.1137697219	0.0574258137	-0.0947849033	-0.1894987665	0.12674033	-0.0444464397	-0.0316566202	-0.0176081385	0.1853714996	-0.0328052677	0.0825917041	-0.0189366759	0.0142420664	0.0368739672	0.0509241897	0.1686712393	0.0572914221	-0.0215085859	0.0738249544	-0.1961656549	-0.0267991139	-0.0012973616	-0.0356035311	-0.0954862227	0.0686448642	-0.1213876841	-0.043605437	0.1568551567	-0.001472445	-0.1000440062	-0.0479192955	-0.0721425655	0.0696696742	0.0523720457	-0.0712508288	0.0491252285	-0.0294490244	-0.1272034132	0.1010718107	0.2112255626	-0.075466322	0.121437171	-0.0998984944	0.0099186399	0.0822574766	0.0697682125	0.0614910819	-0.1622914205	0.0156803731	-0.0663036358	0.0407158104	-0.0871486983	0.1412592515	0.0993643757	-0.0040330674737418	-0.0076329724376476	1.6265633247754063e-05	5.8262268233889465e-05	0.020459426943546	-0.0419181809343172	0.0017571338928421	0.0004185881508582	-0.2569265329191523	-0.1530437762084205	0.0660112433178562	0.023422397436133	0.0104593324978759	0.0004210202048788	0.0001093976363011	1.772580129162707e-07	0.0005498834403436	-7.057860831799923e-06	3.023717979641136e-07	4.9813399521055496e-11	-0.0005988855619726	-8.657786577510006e-05	3.5866391633923693e-07	7.495726842171241e-09	0.0	0.0	0.0	0.0	0.0	0.0	0.0	0.0	0.0	0.0	0.0	0.0	0.0	0.0	0.0	0.0	0.0	0.0
817.2852541187035	1.4463038182581158	667955.1865998738	2.091794734708005	913.0449728063636	0.6302431467418046	833651.1223669732	0.3972064240150118	792.2219504344313	-0.0808600896521056	627615.6187501345	0.0065383540985465	808.5035358149644	528.0911282840957	0.818457	19.665854	0.1755479443803835	0.098615818247113	0.0396982124	-0.0235346465	0.0486540499	0.0413719233	0.038730353	-0.0106584456	-0.0450593613	-0.0595175243	0.0736571801	-0.0573901358	-0.0313841688	0.010834919	0.1151365428	0.0343942684	0.1411367491	-0.137588101	0.0948720361	0.028164267	0.1232789645	0.1744846258	0.0991299166	-0.0167788189	0.0099072051	-0.1430279086	-0.003183398	-0.0875372393	-0.0381682759	-0.2209504573	-0.0787029729	0.0242781546	-0.0547184399	0.0853400905	0.0173046483	-0.0918505606	-0.0414441727	-0.0779265453	0.073302418	0.0634446758	-0.024993217	0.090805189	-0.0164542529	-0.1226902133	0.1062305357	0.0928118964	-0.0210960417	0.0045612521	-0.2064535766	-0.0157218354	-0.0259470016	0.1147421053	0.1388443359	-0.1443598471	0.0506149883	0.0085334118	0.0033569989	-0.0027730432	0.1386044847	0.0898496795	-0.0142723458542377	-0.0102392783804959	0.0002036998561829	0.0001048428217532	0.0539510778155261	0.0334916508719801	0.0011216906781306	0.0029107187974569	-0.1835447688740998	0.0733817640450525	0.0336886821810467	0.0053848832943637	0.0097214607436191	-0.0007378717542568	9.450679898972722e-05	5.444547257300081e-07	0.0006419595142401	9.20760738965e-05	4.121120179233852e-07	8.478003384193728e-09	-0.0009376427554764	-0.0003387571935038	8.79173936897376e-07	1.1475643615057099e-07	0.0	0.0	0.0	0.0	0.0	0.0	0.0	0.0	0.0	0.0	0.0	0.0	0.0	0.0	0.0	0.0	0.0	0.0
817.9342593099793	0.649005191275819	669016.4525529644	0.4212077383029624	917.9356469850284	4.890674178664767	842605.8520058226	23.918693921858296	794.2795717263524	2.057621291921123	630880.0380617977	4.233805380967151	809.7327516301345	527.8262915570511	0.986402	23.70122	0.1378707812370519	0.0830484310071585	0.005837909	0.0544983445	0.0140202206	0.0362766959	-0.0057164167	0.0831869378	-0.0005377659	0.0978115339	0.1468729559	-0.0393734646	0.0373186413	0.1049452628	0.0682496179	-0.0796129523	-0.0078212442	-0.222331385	0.1371647314	0.098394162	-0.0772985929	0.2670002412	-0.0605113438	0.0423429004	-0.0703210707	-0.0943680998	0.1568485407	-0.0947546249	0.0889999594	-0.1149117277	-0.1593124884	0.0022509844	-0.1532365993	0.2642057342	-0.0027466717	-0.0127037125	-0.0057102236	-0.0177441154	0.0592682382	0.0091311348	-0.0995732637	-0.0185147054	0.0579073345	-0.1513128295	0.0746952837	0.1443337547	-0.0520176402	0.2131001113	-0.0919396142	0.1064420904	-0.0245786018	-0.0122180673	-0.2245996626	0.0492337768	-0.1362907842	-0.0064678563	-0.1288839074	0.3018372037	0.1357462967	0.0798077096	0.0023038834775519	0.0165762293317896	5.307879078136636e-06	0.00027477137886	0.0422964825105083	-0.0116545953050178	0.0001358295917237	0.0017889924327617	-0.1551872375355003	0.0283575313385995	0.0240830786938997	0.0008041495836196	0.0083752894506077	-0.0013461712930114	7.014547338146063e-05	1.8121771501279849e-06	0.0003869776909761	-0.000254981823264	1.4975173331319394e-07	6.501573019503376e-08	-0.0009621381444339	-2.4495388957500023e-05	9.257098089747084e-07	6.000240801792141e-10	0.0	0.0	0.0	0.0	0.0	0.0	0.0	0.0	0.0	0.0	0.0	0.0	0.0	0.0	0.0	0.0	0.0	0.0
823.08508474237	5.150825432390661	677469.0567253544	26.53100263496244	929.5537897058437	11.618142720815284	864070.2479564958	134.9812402812332	796.7046468710597	2.425075144707307	634738.29434594	5.880989457477167	812.6365339610139	540.3989350897634	1.134546	27.260817	0.2451522456818008	0.1294489601142766	0.0058294575	-0.0009152207	-0.0812584076	0.0199721719	0.0232006357	0.1536971581	0.1247439858	0.0508150358	0.0475807026	0.0453553839	0.0782932581	0.1551939925	0.1105744135	0.0758187549	-0.0566625694	0.0232724403	0.0641148519	0.0033328658	-0.1141477829	0.0596217774	0.1750949694	0.0674399136	-0.0959196166	-0.1594040198	0.0041306654	-0.087705756	0.0483882683	0.1113963322	-0.0989696504	-0.0781574254	0.0337677835	0.0903505235	0.011264405	0.0186641575	-0.0136745898	-0.0524003788	0.0919592971	0.0657719946	-0.0514248164	-0.0640484559	-0.0354092921	-0.076239817	0.005712291	0.1554955575	0.0954742734	0.0033108548	0.0327155547	-0.1804533279	0.036785767	-0.0145526543	-0.0185355514	-0.2382478896	-0.1383019283	0.1028496075	0.1572593609	-0.2207973839	0.1326888823	0.0692973963	-0.0036660207862837	-0.0059699042638356	1.3439708405464158e-05	3.563975691936248e-05	0.1110179758384219	0.0687214933279136	0.0047226436452184	0.0123249909592604	-0.256447583346457	-0.1012603458109567	0.065765363004238	0.0102536576337545	0.0078872170988533	-0.0004880723517543	6.220819356444388e-05	2.3821462054706985e-07	0.0010613481856196	0.0006743704946434	1.1264599711180168e-06	4.5477556404571866e-07	-0.0011837053436179	-0.0002215671991839	1.4011583405095705e-06	4.9092023754242286e-08	0.0	0.0	0.0	0.0	0.0	0.0	0.0	0.0	0.0	0.0	0.0	0.0	0.0	0.0	0.0	0.0	0.0	0.0
820.3063635920024	-2.778721150367573	672902.5301495345	7.721291231500091	928.9775758691736	-0.5762138366700356	862999.3364677662	0.3320223855700024	794.916343399241	-1.7883034718187218	631891.9930032201	3.198029307318894	811.8265550435486	541.709149140578	0.973087	23.381308	0.1720308479179471	0.0964730282556579	-0.0255136533	0.0218488532	-0.1503791249	-0.0199070192	-0.0806348608	0.0124422449	0.0726990062	-0.1703860617	-0.1383814597	-0.1400097642	0.0970477034	-0.0242511205	0.1372536829	0.1116318446	-0.1241348406	0.0112719146	0.0807466226	-0.0884495044	-0.0154572449	0.1295540467	-0.0631899408	0.0966506189	0.1090238552	-0.1227036701	-0.0235458196	-0.1904512279	0.0259592916	0.0888455799	0.0918502248	-0.0742312641	0.021641269	0.1217048497	-0.0034463726	0.0507966091	0.0018034536	-0.0527152917	0.0692073267	0.0608867868	0.0494296819	0.0822080905	-0.0763289616	-0.1977104688	0.2213669371	0.0531022287	-0.1217993839	-0.0533906807	-0.1264726887	0.0756570709	0.0974578901	-0.0041234544	0.1536405802	-0.2145413071	0.0463951776	-0.0330235176	0.0103415736	-0.0351786061	0.1294367287	0.0583804184	0.0041682490267476	0.0078342698130313	1.737429994898232e-05	6.137578350337348e-05	0.0299516341623871	-0.0810663416760348	0.0065717517527356	0.0008971003889974	-0.214083928383161	0.042363654963296	0.0458319283919664	0.0017946792618491	0.0073850389421112	-0.0005021781567421	5.453880017649891e-05	2.5218290110889404e-07	0.0010161341887164	-4.521399690319986e-05	1.0325286894783365e-06	2.044305515962566e-09	-0.0009157658679515	0.0002679394756663	8.386271249049641e-07	7.179156262038535e-08	0.0	0.0	0.0	0.0	0.0	0.0	0.0	0.0	0.0	0.0	0.0	0.0	0.0	0.0	0.0	0.0	0.0	0.0
815.2687748646946	-5.037588727307821	664663.1752693801	25.37730018549883	918.011432750805	-10.966143118368564	842744.9906611858	120.2562948925422	792.4348291807537	-2.481514218487291	627952.9584987303	6.157912816554592	809.0697458892791	519.7196376234548	1.062568	25.531338	0.0962768512625568	0.0485375330377451	0.0168939647	0.1029702122	-0.0111464646	0.0470518607	0.0024308739	0.0702758194	-0.0546357306	-0.0393189704	0.1041961618	0.0207542833	0.0023512881	-0.1002002076	0.07342002	-0.0614177439	0.0506671835	-0.1307155919	0.1199247514	0.0834605694	-0.1325069771	0.0876814903	-0.0187585707	0.0118043767	0.0665350215	-0.0739800971	0.025338084	0.0260273795	0.0716704308	-0.1211786749	-0.1275223492	0.0427827561	-0.0419364991	0.1042631155	0.0260191622	0.0477771184	0.0125857312	-0.0200346071	0.0967117787	0.0562403482	-0.10530263	-0.0071146131	0.0138022214	-0.1438910305	0.1349623715	0.1412543743	0.0335969761	0.0839260269	-0.0168800481	-0.1019848744	0.0101625851	-0.0050660742	-0.0967493774	-0.0205617157	-0.0430102425	-0.0998758678	-0.0315073691	0.0210459279	0.1259946088	0.0471208409	0.0277642472720032	0.0235959982452556	0.0007708534265809	0.0005567711331901	0.036408780803697	0.0064571466413098	4.16947427473797e-05	0.0013255993196116	-0.1844999293906397	0.0295839989925213	0.034040223945151	0.0008752129963895	0.0074272734368452	4.22344947339998e-05	5.51643907056663e-05	1.7837525454362563e-09	0.0004028183200894	-0.000613315868627	1.6226259899964637e-07	3.761563547096917e-07	-0.0009930096522599	-7.724378430839997e-05	9.860681694813271e-07	5.966602214282618e-09	0.0	0.0	0.0	0.0	0.0	0.0	0.0	0.0	0.0	0.0	0.0	0.0	0.0	0.0	0.0	0.0	0.0	0.0
816.7712459487202	1.5024710840256148	667115.2682086248	2.257419358333106	920.796392183046	2.784959432240953	847865.9958573139	7.755999039227851	791.6912624986866	-0.7435666820671258	626775.0551167643	0.5528914106803142	808.5818575110096	518.9764688198383	0.803894	19.315929	0.1520593149816249	0.0733585895609415	-0.0132481751	0.1469446747	-0.0212274808	0.0273717631	0.0521672126	0.1433452256	-0.0260547426	-0.0543837339	0.1034218436	0.1355143651	-0.0245309089	-0.0924976666	-0.0518555094	0.0422572771	0.0916565421	0.117412491	0.0112560618	0.0615325168	-0.0910705551	0.0921159424	0.0135964863	-0.0217080022	0.0719637409	-0.0042770377	-0.1637988378	0.1022612162	0.046362722	0.0129908767	-0.0687320348	-0.0639092478	-0.0740333152	0.0649517922	0.0109031403	0.1039426157	0.0144959488	-0.025276942	0.0954516651	0.0090188718	-0.0949585215	-0.0635442721	-0.03254293	-0.1354027014	0.1364604877	-0.0243233644	-0.0054350753	0.0798375279	0.0399881622	-0.0758934251	-0.0014809076	-0.0576860384	0.0018751624	0.0779472724	-0.2225250221	0.0299357206	-0.1413580626	0.0304413012	0.1223675745	0.0355847396	0.0104674119068448	-0.0172968353651584	0.0001095667120275	0.0002991805136493	0.06094386031954	0.024535079515843	0.0006019701268487	0.0037141541106476	-0.1213703796988312	0.0631295496918084	0.0147307690682384	0.0039853400442905	0.0077171036925874	0.0002898302557422	5.9553689402146085e-05	8.400157714358933e-08	0.0010140263225271	0.0006112080024377	1.028249382777834e-06	3.735752222438835e-07	-0.0010339284022563	-4.0918749996400085e-05	1.0690079409922653e-06	1.674344101267892e-09	0.0	0.0	0.0	0.0	0.0	0.0	0.0	0.0	0.0	0.0	0.0	0.0	0.0	0.0	0.0	0.0	0.0	0.0
814.3331273366407	-2.4381186120795064	663138.4422778735	5.9444223665684985	913.9848589510532	-6.811533231992826	835368.3223917766	46.39698497054263	792.0038813820369	0.3126188833502965	627270.1481242115	0.0977305662271863	808.1464974758259	519.6761288602128	1.26921	30.496527	0.2955463775866391	0.1760324095854815	0.0466127867	0.0733678457	0.106918791	0.0730665007	0.0429676437	-0.0388296956	-0.1264537702	-0.0515871454	0.0699472631	0.1124925262	-0.0720927208	0.0141789722	-0.0021900005	-0.0050149861	0.2131674127	-0.0656133561	-0.024299489	0.1733299637	0.0617719713	-0.0667751567	0.069357481	-0.0626907149	-0.0230626704	-0.0016530347	-0.1035379899	0.1033844061	-0.1341411048	-0.1138692006	-0.1965524268	-0.0605737832	0.0920086062	0.0262680425	0.054471995	-0.0380313618	-0.0163171771	-0.0453530253	0.0546385761	0.0454422951	-0.1779174677	-0.0616652303	-0.0107751824	0.0553364825	0.0371831559	0.0290107302	0.2825487995	-0.0041270886	-0.1364446795	-0.2897018856	-0.1400060422	0.2279019571	0.0908562262	-0.022238543	0.1951631313	0.2327003488	0.077657845	0.0103638521	0.1185609488	0.023839813	0.0150656849508834	0.0045982730440386	0.0002269748630392	2.114411498753202e-05	0.1349412107816618	0.0739973504621218	0.005475607875414	0.0182091303672208	-0.1336425551918125	-0.0122721754929813	0.0178603325581966	0.0001506062913305	0.0107802380902394	0.003063134397652	0.0001162135332822	9.382792338078882e-06	9.00057258752529e-05	-0.0009240205966518	8.101030690331171e-09	8.538140630368354e-07	-0.0009275118248102	0.0001064165774461	8.602781851627471e-07	1.1324487955341814e-08	0.0	0.0	0.0	0.0	0.0	0.0	0.0	0.0	0.0	0.0	0.0	0.0	0.0	0.0	0.0	0.0	0.0	0.0
812.0328175763517	-2.3003097602889966	659397.2968209885	5.291424993280821	919.693814045674	5.708955094620819	845836.7115938788	32.592168272397004	791.3794895123832	-0.6243918696536639	626281.4964208802	0.3898652068895979	807.5841113122082	530.7620685854529	2.294529	55.132866	1.2655033612951787	0.753726073130127	-0.1801621353	0.1502247951	-0.3026813159	-0.1040529947	-0.2053704319	-0.1925343392	0.2677798096	0.0224335117	-0.2064233542	0.4486693515	-0.0555734419	0.022817796	-0.4400829188	-0.0187708066	-0.3283173976	-0.0741326491	0.287374645	0.2065119488	0.331620005	-0.0485656418	0.082448378	-0.0283635023	0.0400013108	0.4361307759	0.0959852651	-0.1414196594	0.2361489126	0.2137898021	-0.1643989999	-0.302102559	0.1010900514	-0.0474493716	-0.0997495898	0.3642020817	0.1016361613	0.15351411	-0.2334019442	-0.0328710873	0.2669573485	0.1382400386	-0.0965399288	0.0534909079	0.0076115416	-0.0554189541	0.1181802112	0.2629898028	0.1393673683	-0.026739044	-0.2117824114	0.3195751271	-0.0727234271	-0.1292430352	0.3736089858	0.0456005392	0.0975904711	-0.009384015	0.1145803187	0.0119549848	-0.030331849623181	-0.0453975345740644	0.0009200211015632	0.0020609361454033	-0.0264534104039881	-0.1613946211856499	0.0260482237476594	0.0006997829220018	0.1053400597394045	0.238982614931217	0.0110965281859013	0.0571126902393623	-0.0019326294648331	-0.0127128675550725	3.735056648341074e-06	0.0001616170014728	0.0022999738254652	0.0022099680995899	5.289879597825026e-06	4.883959001205202e-06	0.0005442243326123	0.0014717361574225	2.961801242073033e-07	2.1660073170647454e-06	1.0	0.0	0.0	0.0	0.0	0.0	0.0	0.0	0.0	0.0	0.0	0.0	0.0	0.0	0.0	0.0	0.0	0.0
818.8779901048514	6.845172528499688	670561.162678161	46.85638694492682	913.3093971046242	-6.384416941049835	834134.0548396121	40.76077967716414	793.6477432250977	2.268253712714454	629876.7403262905	5.144974905242906	809.0864700577563	522.112955570221	1.51334	36.362488	0.3470537657978467	0.1692810644948248	-0.1723694124	0.2073596268	-0.3121839381	-0.0631054687	-0.0464441294	-0.1010173334	0.0611137889	0.0373612958	-0.1767133732	0.2076639082	0.0837112406	0.0079812913	-0.3042419463	0.0251592699	-0.2463635947	0.0083459628	0.0457723339	-0.2068350889	-0.036983423	0.1413386829	0.0608327494	0.0831906511	-0.0089903735	0.315321469	0.0365775448	-0.1399672909	0.2051937042	0.1070607634	0.1750437934	-0.0059463318	0.0608589473	0.0973487212	-0.0691629531	0.3909509916	0.1267927984	0.1840260307	-0.1411014971	-0.0012051635	0.1814431987	0.1525935406	0.0050076781	-0.0063244909	-0.0575907396	0.2065952125	-0.0496421543	0.0650287315	0.0381360128	0.0327630314	0.1028387169	0.0077794992	0.0327889382	0.0874930605	-0.2060421794	-0.1407662079	-0.0752799943	0.0569928889	0.1104315261	-0.0	-0.0191420393153123	0.0111898103078687	0.0003664176691489	0.000125211854726	0.0518618447657814	0.0783152551697695	0.0061332791923061	0.00268965094251	0.006196360710831	-0.0991436990285734	3.8394886058730055e-05	0.0098294730570683	-0.0006612046631065	0.0012714248017265	4.371916065137802e-07	1.6165210264455236e-06	0.000573763870207	-0.0017262099552582	3.292049787549152e-07	2.979800809632517e-06	0.0007146896014602	0.0001704652688479	5.107812264353395e-07	2.9058407883386852e-08	0.0	1.0	0.0	0.0	0.0	0.0	0.0	0.0	0.0	0.0	0.0	0.0	0.0	0.0	0.0	0.0	0.0	0.0
817.2571932372011	-1.620796867650256	667909.319897948	2.6269824861848816	914.443883844324	1.1344867396998095	836207.6167002915	1.2870601625547038	792.993221138097	-0.6545220870006005	628838.2487709749	0.4283991623716217	809.0651524121927	522.8898903162052	0.9378820000000002	22.535395	0.1377338295398008	0.1026992026179122	-0.1157438547	0.2078924113	-0.3192302012	-0.0418215265	-0.0578676435	-0.0263757854	0.0231355774	0.0455333845	-0.1376316253	0.1648050073	0.0456816581	-0.0326545826	-0.2737312359	0.0801338181	-0.2039538557	0.0006263887	0.038556209	-0.1693120994	-0.034272576	0.0144091187	-0.0539271531	0.0478390104	3.31909e-05	0.2773679264	0.0320523778	-0.1756413441	0.1887888224	0.039251387	0.1564479474	0.0862063228	-0.0354977281	-0.0203939434	-0.0389523843	0.3734888189	0.12070234	0.1193794157	-0.0932676798	-0.0082026222	0.1673948603	0.0350802859	-0.0093209024	-0.0498019846	0.0311994125	0.0792815725	-0.0920409784	-0.0619991529	-0.0372368091	-0.1330093177	0.0185725701	-0.0792072643	0.0138261902	0.018102085	-0.2292774747	0.1332371566	0.0325171709	-0.0163183048	0.10612066	-0.0119549848	-0.0151896769074539	0.0039523624078584	0.0002307262845528	1.5621168603052257e-05	0.0726007931241952	0.0207389483584138	0.0004301039790129	0.0052708751622621	-0.0123855738569176	-0.0185819345677486	0.0001534024397651	0.00034528829228	0.001225792458312	0.0018869971214184	1.5025671508545765e-06	3.5607581362417047e-06	0.0005749373946881	1.1735244810999728e-06	3.305530078107401e-07	1.3771597077409605e-12	0.0007136485632442	-1.041038216000045e-06	5.092942718205109e-07	1.083760567172557e-12	0.0	0.0	0.0	0.0	0.0	0.0	0.0	0.0	0.0	0.0	0.0	0.0	0.0	0.0	0.0	0.0	0.0	0.0
817.3842940274158	0.1271007902146266	668117.0841226969	0.0161546108731825	910.3059024295292	-4.137981414794808	828656.8359980395	17.122890189187242	793.4197048235543	0.4264836854572422	629514.828002296	0.1818883339611919	809.0554496742179	534.6097872033079	1.821069	43.75658	0.9095194001872444	0.4782223203730698	0.0548584777	0.0006419579	0.0822537663	-0.0585412711	-0.0077351635	-0.0766841935	-0.1063846029	0.0925935664	-0.0180248495	-0.0372724988	0.0613005864	-0.0529496402	-0.0150572075	-0.0407165174	0.0039113239	-0.1002777402	-0.1424507877	-0.2347520497	-0.0731366772	-0.1309304253	0.046812702	0.0376117007	-0.04347584	0.0632009099	0.0556874807	0.0256205491	-0.0547977842	-0.1209261482	0.1383727237	0.3380627382	0.1235962575	-0.0575177295	0.07536887	-0.0231383937	0.1069415444	0.1751566454	-0.0243992361	0.1090155229	0.0058321174	0.1121236614	0.1671003702	0.0905629281	-0.1212767013	0.1705485657	0.0681571248	-0.2837448839	-0.2248993309	-0.0952736511	-0.0971108879	0.0402820778	0.3486966696	0.1855226317	-0.0920317703	-0.1798427557	-0.0727028757	0.2536304126	0.1016540472	-0.023839813	0.1035330316665863	0.1187227085740402	0.0107190886460743	0.0140950815311564	0.1645068097673885	0.0919060166431932	0.0084467158952189	0.0270624904598437	-0.0540542732714186	-0.041668699414501	0.0029218644589011	0.001736280510896	0.0091454700265856	0.0079196775682736	8.36396220071756e-05	6.272129278541604e-05	-0.0035448750372095	-0.0041198124318976	1.2566139029431054e-05	1.6972854474018013e-05	-0.0003913009476948	-0.001104949510939	1.531164316668486e-07	1.220913421724335e-06	0.0	0.0	1.0	0.0	0.0	0.0	0.0	0.0	0.0	0.0	0.0	0.0	0.0	0.0	0.0	0.0	0.0	0.0
817.7205271562815	0.3362331288657287	668666.8605327469	0.1130527169468377	912.523892067574	2.2179896380448554	832699.8535941535	4.9194780344743485	794.4035715996465	0.9838667760922136	631077.0345702748	0.9679938330980858	810.5219268339687	554.4249734858163	1.671858	40.171352	0.6543249653263948	0.402263696372261	0.1225032039	-0.2389075856	0.2811388698	-0.0494883425	-0.0357397999	0.0009763292	-0.1015266501	0.1657474377	0.1743947483	-0.2078143005	0.0343577535	0.0845814396	0.1369999813	-0.291031738	-0.0074233088	-0.160020646	-0.16647656	-0.0484429219	0.0970643089	-0.1887673374	-0.1299913276	0.0274229775	-0.0988051188	-0.1156679803	0.3077722036	0.1518025546	-0.0519455458	-0.1458674826	0.1129053953	0.0832098933	-0.083722797	-0.1370631261	0.07692292	-0.3460649712	0.0654060226	0.1994965292	-0.2100916306	-0.0935220148	0.1180345674	0.1338779999	0.1010195547	-0.0271236067	0.126464859	-0.0655142855	0.0569014837	-0.0381684435	-0.1036130896	0.0106973008	-0.515431557	0.0443115005	-0.0885224578	-0.0671036019	-0.1875446596	0.0228594475	0.103040066	-0.0860129788	0.0970382431	-0.0355847396	0.1520432569617469	0.0485102252951605	0.0231171519875357	0.0023532419581872	0.1989420483405979	0.0344352385732094	0.0011857856555938	0.0395779385979527	-0.0749286544663334	-0.0208743811949147	0.0056143032601351	0.0004357397902706	0.0161799400381365	0.0070344700115509	0.0002617904596376	4.9483768343408944e-05	-0.0065688495538962	-0.0030239745166866	4.31497844617223e-05	9.144421877570558e-06	-0.0013429588247194	-0.0009516578770245	1.803538404891712e-06	9.056527149029684e-07	0.0	0.0	0.0	1.0	0.0	0.0	0.0	0.0	0.0	0.0	0.0	0.0	0.0	0.0	0.0	0.0	0.0	0.0
818.9764502678123	1.2559231115308194	670722.4260932665	1.577342862077255	912.2547422873008	-0.2691497802732101	832208.7148256697	0.0724416042211173	794.8951220934904	0.4915504938438744	631858.255128025	0.2416218879981568	809.8963298281074	551.6175558607803	1.387778	33.345486	0.4429834091099499	0.2414150555579045	0.0885113309	-0.1284714044	0.1665188594	-0.0598974811	-0.0050347007	-0.047452851	-0.0706675605	0.2444072419	0.0024590109	-0.0904912311	0.0827493631	0.3011919412	0.0112839358	-0.4498747114	-0.1200327905	0.290904472	-0.4548377441	0.0695716996	0.1508021776	0.3038300897	-0.2242170517	0.0568181439	-0.2929779073	0.0319073138	0.2267787128	0.3346905169	-0.1637221653	0.1068396404	0.4203899219	-0.3658873915	-0.3653009357	0.1430290127	0.0290167472	-0.2834463627	0.0152181646	0.2190318675	-0.3040411199	-0.4721823244	0.1610759195	-0.4843754999	-0.285756622	-0.0857081752	0.1165545667	0.0442152688	-0.1872840931	0.0635691743	-0.064820983	-0.1894207694	0.1781551947	0.0072348207	0.0822090564	0.0244471419	0.0565490601	-0.0389726432	-0.046522771	0.0726627834	0.092280022	-0.0471208409	0.1255871513304924	-0.0264561056312545	0.0157721325793079	0.000699925525172	0.0860729783247222	-0.1128690700158756	0.0127394269662486	0.007408557597688	-0.1099617227251883	-0.0350330682588548	0.0120915804646911	0.0012273158716295	0.0193513651283262	0.0031714250901896	0.0003744753323297	1.0057937102684734e-05	-0.0051561417448631	0.001412707809033	2.65857976931199e-05	1.9957433537030994e-06	-0.0021313292295759	-0.0007883704048564	4.542564284844599e-06	6.215278952536016e-07	0.0	0.0	0.0	0.0	0.0	0.0	0.0	0.0	0.0	0.0	0.0	0.0	0.0	0.0	0.0	0.0	0.0	0.0
822.7068816825548	3.7304314147424975	676846.6131678332	13.916118540097711	922.0371675233584	9.782425236057634	850152.5382944978	95.69584349905725	794.0484659701963	-0.8466561232941103	630512.9663096219	0.7168265911114118	810.5652061470055	571.0247879598895	1.427099	34.290283	0.3934031183926548	0.2742297163332417	0.1244825508	-0.1956798947	0.1258608848	-0.0263848564	0.0175435283	-0.0246174018	0.0006479295	0.1911099472	-0.0041956956	-0.0185030109	0.0625635491	0.1007023441	-0.0175710857	-0.195402297	0.138416508	0.0426992289	-0.0454254842	0.0076822598	0.0643339134	-0.2350401494	0.2431601595	0.0396968812	-0.1548728219	-0.0075266484	0.0659950638	0.2561078643	-0.1191195643	-0.0091560074	-0.098878126	0.0372916221	0.2327683564	-0.1740346331	0.0983215232	-0.2212873139	0.0469897554	0.1276190531	-0.0725204025	0.0748827709	-0.0334596308	0.0183582245	0.1292530657	0.1691303308	-0.2687770658	0.0193712981	0.2006680237	0.0312330551	0.2720603415	-0.1179487515	0.0006254965	-0.0383429022	0.0677649712	-0.1293190118	-0.043791879	-0.2138376739	0.0070806215	0.1341593345	0.0873863672	-0.0583804184	0.1418582387005926	0.0162710873701002	0.0201237598872343	0.0002647482842054	0.2845841479083759	0.1985111695836536	0.0394066844494701	0.0809881372407363	-0.0968133539770974	0.0131483687480909	0.0093728255082947	0.0001728796007357	0.0164257419467116	-0.0029256231816146	0.0002698049984999	8.559271000800738e-06	-0.0050872901358944	6.88516089687001e-05	2.5880520926768467e-05	4.7405440575787854e-09	-0.001816354166343	0.0003149750632328	3.2991424575915742e-06	9.920929045856932e-08	0.0	0.0	0.0	0.0	0.0	0.0	0.0	0.0	0.0	0.0	0.0	0.0	0.0	0.0	0.0	0.0	0.0	0.0
821.6193214683096	-1.0875602142451726	675058.3094100455	1.1827872196090057	920.7248708364126	-1.3122966869458423	847734.2877767286	1.7221225945690342	793.0289330784278	-1.0195328917684492	628894.8886995096	1.0394473173977363	809.7538318691426	558.6755947618403	1.021296	24.539661	0.233936659228846	0.1021343894952675	0.1219169471	-0.0909500957	0.0400899798	-0.0403004519	-0.0663687445	0.0027947945	-0.002349375	0.0621507937	-0.0386852692	0.0119702797	0.0918721474	0.0382864581	-0.0176156765	-0.1571128	-0.1079090846	0.2231841126	0.1021825374	-0.1182855094	0.1075971235	0.0198132783	0.399879806	0.0851551516	-0.0479814174	0.0044484255	0.0817355215	0.1104976362	0.0790217312	0.1029382954	0.1644516336	-0.1649878474	0.2185143666	-0.0363853067	0.0993556561	-0.1370754689	0.0623360077	0.1003765344	-0.0536412826	-0.0131334337	0.0704068224	0.0003053838	0.0424716442	-0.0842793184	-0.1729927398	0.0834613713	0.1126603171	0.099481069	0.0977921494	0.3053630585	-0.1276332717	-0.192890599	-0.0409718292	-0.160849555	-0.1945102063	0.2968764961	-0.2399254972	-0.250520158	0.0823644609	-0.0692973963	0.1133396003391737	-0.0285186383614189	0.0128458650050436	0.0008133127339893	0.200023472668235	-0.0845606752401408	0.0071505077970685	0.0400093896182601	-0.1301753547766537	-0.0333620007995563	0.0169456229912276	0.0011130230973495	0.0154208707344335	-0.001004871212278	0.0002378032542081	1.009766153265256e-06	-0.0046179314426557	0.0004693586932387	2.1325290809068155e-05	2.202975829187405e-07	-0.0020920311573808	-0.0002756769910378	4.37659436345205e-06	7.599780338765531e-08	0.0	0.0	0.0	0.0	0.0	0.0	0.0	0.0	0.0	0.0	0.0	0.0	0.0	0.0	0.0	0.0	0.0	0.0
824.3014448054402	2.68212333713052	679472.8719083361	7.193785595580156	927.5083243911332	6.783453554720609	860271.6918148476	46.015242129051664	795.262373670747	2.233440592319198	632442.2429764309	4.98825687941913	811.8241455323	567.5415232976278	1.014826	24.384209	0.298312888680778	0.1683448047616964	0.13329602	-0.1102584167	-0.0259962555	0.046092797	-0.0581960795	0.1399823885	0.1542734963	0.0119819728	-0.0449740282	-0.0500503938	0.1345997361	0.0695582967	0.1751578334	-0.1082034946	-0.0327776251	-0.1130422398	0.2176149322	-0.166145497	0.0573907904	0.0747377312	0.1115048119	0.1226220038	-0.0320312612	-0.1861126539	0.1567168556	-0.1084199213	0.1477444942	-0.1145715694	0.0588386219	-0.0432106058	0.1988232873	0.0246602897	0.125448578	-0.1109470829	0.0772960233	0.0039978147	0.0269896081	0.1248085748	0.0392315247	0.0341456036	0.0497731795	-0.0938116667	0.0256496715	0.1522871902	-0.0566917393	0.0765669408	0.085506602	0.2635467221	0.0955034882	-0.0620707573	0.1271713207	-0.0224298522	0.2936864277	-0.0693625409	-0.121920587	0.1695794906	0.0772216734	-0.0798077096	0.111561816367498	-0.0017777839716757	0.0124460388712153	3.1605158499470377e-06	0.050406311603723	-0.149617161064512	0.0223852948850041	0.0025407962494916	-0.2120108526742541	-0.0818354978976003	0.0449486016516642	0.0066970487161481	0.0147238978402349	-0.0006969728941985	0.0002167931676096	4.85771215247572e-07	-0.004025219059272	0.0005927123833837	1.6202388475126564e-05	3.5130796941638645e-07	-0.0021039947947383	-1.1963637357499928e-05	4.426794096285861e-06	1.4312861882176787e-10	0.0	0.0	0.0	0.0	0.0	0.0	0.0	0.0	0.0	0.0	0.0	0.0	0.0	0.0	0.0	0.0	0.0	0.0
818.6018514111548	-5.69959339428533	670108.9911337704	32.485364860180965	929.041226258149	1.5329018670157666	863117.6000872451	2.349788133900423	794.0933529334732	-1.169020737273854	630584.2531731256	1.3666094841763057	811.5057686487196	558.8525499237908	0.976361	23.459957	0.1335486732727849	0.0832893646151012	0.1360739787	-0.0266845264	-0.0320709473	0.0163558642	-0.040546051	0.2111723997	0.1352326088	-0.0649792395	0.0772408252	0.0074338168	0.0996507269	-0.0601874992	0.1063436038	-0.0915786135	-0.0082122419	0.0555233874	0.0664154046	-0.0919543699	-0.012525354	-0.039218054	-0.04167005	0.1092456418	0.0506891203	-0.139945264	0.0168832322	0.1024504503	0.1294337857	0.0276072211	0.0332257045	0.0146567567	0.0173662195	-0.0369197414	0.1262884623	-0.0560974122	0.0704789071	0.0463278544	0.0347698432	0.0556055492	0.0013498571	-0.0160169837	0.0457101826	-0.1438692163	-0.015557765	0.1248523332	-0.0671042429	0.0156478443	0.155815697	0.0672234722	0.0062387182	-0.0322547704	-0.0986054007	0.0567664118	0.0943858514	-0.1354524078	-0.0980371984	-0.1950600792	0.0719655524	-0.0898496795	0.1120555292791181	0.0004937129116201	0.0125564416420232	2.437524391004027e-07	0.1244105338413135	0.0740042222375905	0.0054766249089906	0.0154779809306806	-0.1857300608347998	0.0262807918394543	0.0344956554976984	0.0006906800197087	0.0145314609131311	-0.0001924369271038	0.0002111633562698	3.703197091315349e-08	-0.0040102676930577	1.4951366214299364e-05	1.608224696998233e-05	2.2354335167409247e-10	-0.0025520054271026	-0.0004480106323642	6.512731699961123e-06	2.007135267114598e-07	0.0	0.0	0.0	0.0	0.0	0.0	0.0	0.0	0.0	0.0	0.0	0.0	0.0	0.0	0.0	0.0	0.0	0.0
817.0296910932084	-1.572160317946441	667537.5161278635	2.4716880653254543	920.9365347784918	-8.104691479657163	848124.1010898163	65.68602398042741	793.9751915267751	-0.11816140669805	630396.6047599792	0.0139621180328619	811.4756845916166	535.5301977915642	1.023348	24.588966	0.2711468764194027	0.1219192616336863	0.1138524213	0.0739812275	0.1069680653	0.0622756175	0.0043905308	0.0538453732	0.0137840104	-0.2048157446	0.0363425	0.1039911709	0.0703660686	-0.0766778611	0.0993332401	-0.0029864732	0.0053481721	0.0543850457	0.0457366393	-0.0044901435	-0.0073984177	-0.0392044112	0.0487807592	0.0691712963	0.0747078662	-0.1189519439	-0.068659707	0.0828988036	-0.0117926818	0.0612563566	-0.0379436227	-0.0027523961	0.116299306	-0.013057831	0.1178151408	-0.0608242319	0.045476744	-0.0302633805	0.0547399333	0.085544712	-0.0447607183	0.0382127066	-0.0201474401	-0.0022709378	0.032093204	-0.0354035941	0.0676806455	0.099444767	0.1516658118	-0.0653483187	0.064063472	0.1398593896	0.1613168169	0.1449329529	0.0484547954	0.0306885331	-0.1126367281	0.0112585342	0.066603812	-0.0993643757	0.0720474091286149	-0.0400081201505032	0.005190829162146	0.0016006496779771	0.1606947772782376	0.0362842434369241	0.0013165463217899	0.0258228114445023	-0.1860735501624901	-0.0003434893276903	0.0346233660700727	1.179849182371492e-07	0.016108796805536	0.0015773358924049	0.000259493334522	2.487988517468765e-06	-0.0029561151894521	0.0010541525036056	8.738617013309425e-06	1.1112375008579554e-06	-0.0012932733530274	0.0012587320740751	1.672555965650734e-06	1.5844064343056542e-06	0.0	0.0	0.0	0.0	0.0	0.0	0.0	0.0	0.0	0.0	0.0	0.0	0.0	0.0	0.0	0.0	0.0	0.0
818.2479327793008	1.2182416860923695	669529.6794975991	1.4841128057331794	918.3985803964976	-2.5379543819942683	843455.952474302	6.4412124450839086	793.6436354238775	-0.3315561028975935	629870.2200488286	0.1099294493686396	810.6127733481205	538.8202201117817	0.8749489999999999	21.023247	0.0902825687670416	0.0487569761412334	0.1238437528	0.0648223457	0.0446029562	0.0465706728	-0.0496293472	0.0130847381	-0.0755132923	-0.0586258784	-0.0202685299	0.0299483521	0.0695365943	0.0281331554	-0.0413441882	-0.0463695708	0.1055451983	-0.068776247	0.081911576	-0.0156885863	0.1019754881	0.0108160646	-0.0761019992	0.072836999	-0.0128878312	0.0028680161	-0.0297528425	-0.003021688	0.0379255991	-0.1206581379	-0.0414478392	-0.1421300791	0.0577146615	-0.0126166962	0.1229486072	-0.0347913713	0.0315910651	-0.0209778934	0.030030284	0.0170905912	0.030328686	0.0167891151	-0.0423573752	-0.0592747055	0.0360556757	-0.1306757799	0.0407364648	0.017509798	-0.0260518645	0.2288010858	0.0386915812	0.1087440682	-0.0209928021	-0.0259946871	-0.001026805	-0.0085463615	-0.0035077273	0.071687364	0.0611443214	-0.1082959623	0.0789491957301606	0.0069017866015456	0.0062329755064392	4.763465829327568e-05	0.1482023347017218	-0.0124924425765158	0.0001560611215275	0.0219639320110411	-0.18102365110974	0.0050498990527501	0.0327695622611008	2.5501480442966425e-05	0.0156996370676231	-0.0004091597379129	0.000246478604055	1.6741169112895312e-07	-0.0028733098221689	8.280536728319998e-05	8.255909334172275e-06	6.856728850905645e-09	-0.0021180770585559	-0.0008248037055285	4.486250425980814e-06	6.803011526535446e-07	0.0	0.0	0.0	0.0	0.0	0.0	0.0	0.0	0.0	0.0	0.0	0.0	0.0	0.0	0.0	0.0	0.0	0.0
821.956874060986	3.70894128168527	675613.1028161077	13.756245430989171	920.1298108487516	1.7312304522540671	846638.8688125594	2.9971588788118217	793.4888469840906	-0.1547884397868983	629624.5502881416	0.0239594610916622	809.5106710818491	548.7760563630325	0.836503	20.099468	0.0699026219688612	0.0378165296920852	0.1271436143	-0.0116797836	-0.0058794328	0.0778712171	-0.064489451	0.0739918285	0.0270706319	0.192361169	0.0323585242	0.0505037289	0.0348463853	0.0769475778	-0.0949138449	-0.0189756359	0.2418693424	-0.0896722838	0.0213333083	0.0309030744	0.0723246789	-0.0468815064	0.0752698358	0.0255911487	-0.1392522406	0.0458285241	-0.0583946121	0.0573309292	-0.03912066	-0.2010761874	-0.148733455	-0.050762713	0.029410204	-0.0794735009	0.1237114311	-0.0263859538	0.0469754655	-0.0573084005	0.0428869823	0.0819986063	-0.0134133276	-0.0756496411	0.005074755	0.0200502306	-0.0453581619	-0.0379733245	-0.0252731521	0.0871715538	0.2002572215	0.0320435683	0.0050820562	0.0352570704	-0.0492646094	0.0404999922	0.0271957713	-0.0636150376	-0.0006850341	-0.0041349963	0.055595093	-0.1165920251	0.069116841008423	-0.0098323547217376	0.0047771377109836	9.667519937407573e-05	0.1551125515200624	0.0069102168183405	4.77510964764771e-05	0.024059903639064	-0.176954991634247	0.004068659475493	0.0313130690642764	1.6553989927519042e-05	0.0163901197080707	0.0006904826404476	0.0002686360240448	4.767662767594903e-07	-0.0027948104648669	7.849935730199972e-05	7.81096553452954e-06	6.162149096827017e-09	-0.0019052312372397	0.0002128458213162	3.6299060673539177e-06	4.530334365176777e-08	0.0	0.0	0.0	0.0	0.0	0.0	0.0	0.0	0.0	0.0	0.0	0.0	0.0	0.0	0.0	0.0	0.0	0.0
820.4823611888676	-1.4745128721184528	673191.3050220594	2.1741882100430088	921.3164967717352	1.1866859229835427	848824.0872237427	1.4082234798073026	793.7887753353843	0.2999283512937154	630100.6198484492	0.0899570159097663	809.7858827642596	551.2399646481897	0.8224	19.760605	0.1577800815490029	0.0864666798465455	0.1246278675	-0.0152357279	-0.0187741453	0.0298421011	-0.009904597	0.0556414319	0.0427211823	0.0049620944	-0.1227234285	0.04115445	0.0913636232	-0.0254622076	0.002404177	0.0600759187	0.0835041032	0.0549882232	0.0050532507	-0.0314665665	0.0831810724	-0.039649182	-0.0113141125	0.0837439186	-0.0143567848	0.0016690154	-0.1187933591	0.0242986406	-0.0674451437	-0.0045851293	-4.06155e-05	-0.0346815197	0.0750387236	-0.0520860375	0.1186294447	-0.020687408	0.0089038996	-0.0386979644	0.0502774812	0.0271886923	0.0319404761	-0.0330287581	-0.0463875722	0.0278492589	-0.1229981192	0.0210838352	-0.0368431037	-0.0619550306	0.0740446855	-0.0163664863	0.0686466418	0.0707835017	-0.115341375	0.0790212116	-0.0072245881	0.0519530562	0.1397726004	-0.1744282241	0.0499642712	-0.1242038795	0.0577477638551187	-0.0113690771533042	0.0033348042302665	0.0001292559153177	0.2296216573530785	0.074509105833016	0.0055516068520355	0.0527261055255745	-0.1942462634067396	-0.0172912717724925	0.0377316108474804	0.0002989880795101	0.0172620309089417	0.0008719112008709	0.0002979777111012	7.602291422043092e-07	-0.0030121954744306	-0.0002173850095636	9.073321576180189e-06	4.7256242383009824e-08	-0.0019081475626088	-2.916325369100095e-06	3.6410271206899046e-06	8.504953658456807e-12	0.0	0.0	0.0	0.0	0.0	0.0	0.0	0.0	0.0	0.0	0.0	0.0	0.0	0.0	0.0	0.0	0.0	0.0
818.9560123148143	-1.5263488740532694	670688.9501065823	2.329740885323683	919.5775205251332	-1.7389762466019647	845622.8162551518	3.024038386245857	793.0514540370507	-0.7373212983336543	628930.6087502803	0.5436426969764258	810.5900177338657	554.2640090110974	0.7768199999999998	18.665405	0.0817924924050545	0.0507610452766101	0.1261822767	-0.0095247791	-0.0104689467	0.0199017616	-0.0859244899	-0.0092051645	-0.0418271669	-0.0301162528	-0.1373765466	-0.0147267398	0.0769218951	-0.0766422991	0.0164645957	0.0676126622	0.078843688	0.0199836041	-0.0297832193	-0.1291980558	0.1190942079	-0.1156742935	0.0064824156	0.0745915757	0.0406522112	-0.0049692439	-0.0654735914	-0.0487172205	-0.0413885621	-0.0935370871	0.0954047359	0.0493959476	0.0725334713	-0.1605167986	0.1150008433	-0.0288220692	0.0517241957	-0.0438982158	0.021581274	0.0884827932	0.0426923186	-0.0017937243	-0.014511032	0.0762954564	-0.0439939605	-0.0917769776	-0.0684991907	-0.0553274978	0.0775941502	-0.00711539	0.1254629292	0.0571960312	0.1591339603	-0.0933804593	0.0574357978	0.0715827279	0.0463006127	0.1100328479	0.0442601199	-0.1310868562	0.0598833739658601	0.0021356101107413	0.003586018477535	4.560830545100887e-06	0.1853965888696933	-0.0442250684833852	0.0019558566823601	0.034371895164518	-0.1707104311755216	0.0235358322312179	0.0291420513121324	0.000553935398816	0.0173377686354908	7.5737726549098e-05	0.0003005982212578	5.7362032228259434e-09	-0.0029970037396394	1.519173479120001e-05	8.982031415412548e-06	2.307888059661568e-10	-0.0017611573923549	0.0001469901702539	3.1016753606463114e-06	2.1606110151270513e-08	0.0	0.0	0.0	0.0	0.0	0.0	0.0	0.0	0.0	0.0	0.0	0.0	0.0	0.0	0.0	0.0	0.0	0.0
817.6576023833926	-1.298409931421702	668563.9547353581	1.6858683500145086	921.9927378474056	2.415217322272383	850070.6086433547	5.833274713804581	793.5103123338916	0.4588582968409582	629658.6157802303	0.2105509365797849	809.850658741973	541.7758171721401	0.796895	19.147755	0.0977034025560335	0.0450349053815103	0.1375825526	0.0499481144	-0.0500027009	0.0256516085	-0.1046576609	0.0769554571	0.0435062919	-0.0725638403	-0.0809809453	-0.165466235	0.0879704029	-0.0756065247	0.0402480955	0.0194443852	-0.0302666616	-0.0810525783	0.046097755	-0.1198944846	0.0478988147	-0.1014505921	-0.2639050484	0.1000406165	0.1149709618	-0.0368729711	0.0527365163	-0.1426490715	0.1121766206	-0.0980782279	0.1234526041	-0.0490616361	-0.0038071124	-0.0976007429	0.1202369585	0.0115853927	0.0226011294	-0.0545261773	0.0493720791	0.0174671221	0.0802475221	0.0345840243	-0.0265769042	-0.0428580559	0.0010723721	-0.08346533	-0.1111860623	-0.1453513862	-0.1353894466	0.1691724749	0.0031522435	0.0719835237	-0.076963009	-0.0093998681	0.0842336045	0.0332046745	0.1124435758	-0.0537231552	0.0384910108	-0.1372005631	0.0560258333320291	-0.0038575406338309	0.0031388940005483	1.4880619741657229e-05	0.2097181694516763	0.024321580581983	0.0005915392820058	0.043981710598162	-0.1981943122970761	-0.0274838811215545	0.0392809854269109	0.0007553637215037	0.0171660622216103	-0.0001717064138804	0.0002946736921961	2.9483092567701548e-08	-0.002683874845573	0.0003131288940664	7.203184186699493e-06	9.804970429924683e-08	-0.0021171300887813	-0.0003559726964264	4.482239812823115e-06	1.2671656060108198e-07	0.0	0.0	0.0	0.0	0.0	0.0	0.0	0.0	0.0	0.0	0.0	0.0	0.0	0.0	0.0	0.0	0.0	0.0
819.1136306605124	1.456028277119799	670947.1399338463	2.12001834377245	919.9886769475164	-2.0040608998891685	846379.1657116417	4.016260090464583	793.3711479283586	-0.1391644055330516	629437.7783651615	0.0193667317673676	810.7749707557732	545.4678017094604	0.87846	21.107594	0.1440459405397614	0.0688137599293362	0.1071799342	0.0065848044	-0.0214008624	0.0704698023	-0.0524559593	0.1053504862	-0.0452552344	0.1246291709	0.1152220692	-0.0321341102	0.0553861814	-0.0093638463	-0.0624005559	-0.0221520696	0.0466783122	-0.0659778217	0.0002865964	0.0075508837	-0.031960698	-0.1788529518	-0.1100973746	0.061460548	-0.0259706302	0.0198152732	0.0361974666	0.0454189314	0.0195730247	-0.0386424569	-0.0869746257	0.0210447859	-0.0604592913	-0.174161246	0.108221903	0.0094798086	0.0456221459	-0.0764293117	0.0197196568	0.0691676642	0.0289693789	-0.0645231914	0.0104944535	0.0580736702	-0.0018938487	-0.0886411528	-0.0888996794	0.0305423297	0.0966030371	0.026971709	0.0443267807	-0.0078613116	-0.0763088972	-0.0699742245	-0.072220633	0.0058408441	0.1436661693	0.0922971523	0.0326654109	-0.1425091225	0.0721511611814662	0.016125327849437	0.0052057900598339	0.0002600261982518	0.155853516897011	-0.0538646525546653	0.0029014007948348	0.0242903187291668	-0.1774569005956721	0.020737411701404	0.0314909515690222	0.0004300402440735	0.0174148861579567	0.0002488239363464	0.0003032782598945	6.191335129891828e-08	-0.0021268632943103	0.0005570115512626	4.523547472684463e-06	3.10261868240079e-07	-0.0023776655698573	-0.0002605354810759	5.653293562084839e-06	6.78787368995027e-08	0.0	0.0	0.0	0.0	0.0	0.0	0.0	0.0	0.0	0.0	0.0	0.0	0.0	0.0	0.0	0.0	0.0	0.0
821.0541958212852	1.940565160772849	674129.9924757375	3.765793143205352	921.6189409204432	1.6302639729267412	849381.4722633193	2.657760621422882	794.0214537608473	0.6503058324886979	630470.0690324893	0.4228976757688183	810.1563038419457	541.3077054258085	0.882536	21.205553	0.1004062769192376	0.0568876506566842	0.1373035167	0.0848187625	-0.0659321097	0.0453457128	-0.0208895228	0.0927093226	0.0208575329	-0.0151608145	-0.0918417201	0.0731320082	0.0936150095	0.0315695994	-0.0922099885	0.0409038157	0.1427454013	0.0442384047	0.0486158115	-0.0307138667	0.0857943563	0.0304564102	-0.0208039296	0.0940220588	-0.0540996622	0.0405802474	-0.1522183806	-0.0103356261	0.0245010439	-0.1002129946	0.0257523797	-0.1030041691	0.0721015169	0.007937736	0.1357868195	0.0516451551	0.0206274669	-0.0494571669	0.0952548544	-0.00093847	0.0047156019	-0.0476117545	-0.0661878184	-0.004515554	-0.0704613143	-0.0100318613	0.0417573758	-0.0733223512	0.0358412132	-0.0486901698	0.1198787279	0.1241226265	-0.0845976798	0.0952543631	-0.0005538133	0.1019594895	0.0749056574	-0.0269391384	0.0267918699	-0.1469813818	0.0660018016077828	-0.0061493595736833	0.0043562378154731	3.781462316645168e-05	0.1865896121086478	0.0307360952116368	0.0009447075488588	0.0348156833468556	-0.1910049446547645	-0.0135480440590924	0.0364828888825696	0.0001835494978271	0.016594387817397	-0.0008204983405597	0.0002753737070341	6.732175268612236e-07	-0.0021430243894116	-1.616109510129988e-05	4.592553533612961e-06	2.6118099487325893e-10	-0.0022148694440218	0.0001627961258354	4.905646654061438e-06	2.650257858704788e-08	0.0	0.0	0.0	0.0	0.0	0.0	0.0	0.0	0.0	0.0	0.0	0.0	0.0	0.0	0.0	0.0	0.0	0.0
817.8567145047152	-3.19748131657002	668889.6054604473	10.223886769814348	917.1195288993216	-4.499412021121543	841108.2302885136	20.24470853581305	790.5499250194695	-3.471528741377824	624969.1839482888	12.0515118022123	807.4934711972833	556.5186782392681	1.006575	24.185936	0.1973722720173849	0.0865452213578204	0.1088278312	-0.0087677299	-0.0264046178	0.0315532609	-0.0709439001	0.0003275596	-0.0355431835	0.004982359	-0.0893956462	0.0315866338	0.0199770875	-0.1922075297	-0.0185344495	-0.0283043774	0.1418674029	-0.0157638031	-0.0433841394	-0.1484898011	0.0930520955	-0.0646889438	0.0431132043	0.0332278458	0.1123358431	0.0601600235	-0.0148517017	0.0557728099	-0.0104285633	-0.1722237354	0.0930574347	0.1471214685	-0.000772948	-0.1845874668	0.1051614587	-0.011159618	0.0812558102	0.0026222698	-0.0169769676	0.1079421381	0.0153972016	0.0142716831	0.030348958	0.0854156299	0.0066909581	-0.1098701279	-0.1882170353	-0.1198786682	0.0326044684	-0.1466307093	-0.0408517421	-9.28262e-05	0.1246701517	-0.1139281702	-0.0455860532	0.0536297439	0.1170018946	-0.0267176147	0.0208790082	-0.1505910958	0.0733651208344099	0.007363319226627	0.0053824409550475	5.42184700332163e-05	0.2239716022352382	0.0373819901265904	0.0013974131858245	0.0501632786078197	-0.1458003337740621	0.0452046108807024	0.0212577373286279	0.0020434568448757	0.017957683089213	0.001363295271816	0.0003224783819326	1.8585739981558636e-06	-0.0027651515408093	-0.0006221271513977	7.646063043640047e-06	3.870421925062168e-07	-0.0020518448315662	0.0001630246124556	4.2100672128249286e-06	2.6577024266298577e-08	0.0	0.0	0.0	0.0	0.0	0.0	0.0	0.0	0.0	0.0	0.0	0.0	0.0	0.0	0.0	0.0	0.0	0.0
820.4979230152109	2.6412085104956304	673216.8416722749	6.975982395914547	917.997444359032	0.8779154597103798	842719.3078497141	0.7707355543984874	794.5827936100054	4.032868590535941	631361.8159010805	16.264029068531347	811.139816421922	536.1830448982043	1.048397	25.190836	0.1224403939214314	0.0677490105386622	0.1476527157	0.1012155545	-0.0527885197	0.0143333791	-0.0920052229	0.0793550352	-0.0494955765	0.1862794246	-0.0024548225	0.1044281624	0.1600123269	0.0037919823	-0.0131054108	-0.0685253748	-0.0457808328	-0.1156122537	0.0247071533	0.0076338452	-0.0334239605	0.16344574	0.0492512057	0.1685813517	-0.0439259826	0.0569757075	0.1128861446	0.0119483418	-0.0093471252	0.0109651642	-0.0659836209	0.1177034172	0.0021444675	0.1411974141	0.1422961582	0.0508909615	0.04186329	0.0186016547	0.0626061578	-0.0194070423	0.0195491997	-0.0845333357	-0.0290557776	-0.0585712371	-0.2015241034	0.0319744917	0.0310580586	-0.0264516612	-0.0575780338	0.0227191066	0.0096671288	-0.0676431959	-0.2075498109	0.0348305564	0.0522420889	-0.2006238115	0.0863719322	-0.0523891381	0.0149355036	-0.1533170814	0.1081016273174384	0.0347365064830285	0.0116859618286783	0.0012066248826454	0.2377701264889964	0.0137985242537581	0.0001903992715815	0.0565346330505933	-0.1159957259940824	0.0298046077799797	0.0134550084488942	0.0008883146449184	0.017189949784122	-0.000767733305091	0.0002954943735806	5.894144277459516e-07	-0.0028788638576695	-0.0001137123168601	8.287857110995714e-06	1.2930491005714465e-08	-0.0020524143177083	-5.694861420998433e-07	4.2124045315340265e-06	3.243144660437629e-13	0.0	0.0	0.0	0.0	0.0	0.0	0.0	0.0	0.0	0.0	0.0	0.0	0.0	0.0	0.0	0.0	0.0	0.0
822.7422809225991	2.2443579073882347	676904.860817721	5.037142416456096	937.9479218560296	19.950477496997564	879746.3041140445	398.0215523582062	795.5642089360877	0.9814153260822422	632922.410540103	0.963176042269114	813.9763206550805	576.4135152784169	1.321565	31.75452	0.2419814098574212	0.1268620258939185	0.0951876634	-0.0878673196	-0.1135323095	0.0690539885	-0.0625408141	0.2343573841	0.2112649739	-0.1209927061	0.0023989299	-0.0058853261	0.0904145985	0.0438946749	0.1372672094	-0.0215226288	0.0134569717	-0.0159518496	0.1431326931	-0.0512527193	-0.1445219605	-0.1296283434	-0.0269433882	0.0757039631	-0.0045986297	-0.1857071794	0.0189815088	-0.0622421798	0.1677324804	0.0091193189	0.0038949881	-0.0709418092	0.1369466263	-0.0121520717	0.0883682692	-0.0035992785	0.0736602083	-0.0755783398	-0.0204082964	0.1872600162	0.0456906483	-0.0058185291	0.0735638375	0.0642911151	0.111299067	-0.0917200747	-0.3081799549	0.0728404149	0.1015838945	-0.2091721546	0.0480995828	-0.0266814381	-0.0347056255	0.1820675067	0.0302992202	0.0845560647	-0.0708336777	0.0121560999	0.0089700792	-0.1551433414	0.0719565329954718	-0.0361450943219665	0.0051777426407284	0.0013064678435438	0.2384568771753379	0.0006867506863414	4.716265051905178e-07	0.0568616822722141	-0.1841650121687905	-0.0681692861747081	0.0339167517071307	0.0046470515775692	0.0184634430889274	0.0012734933048054	0.000340898730698	1.62178519738418e-06	-0.0017870550646978	0.0010918087929717	3.193565804262058e-06	1.1920464404103202e-06	-0.0024267177934193	-0.000374303475711	5.8889592488978366e-06	1.4010309192933517e-07	0.0	0.0	0.0	0.0	0.0	0.0	0.0	0.0	0.0	0.0	0.0	0.0	0.0	0.0	0.0	0.0	0.0	0.0
812.4206884044578	-10.3215925181413	660027.3749475731	106.5352721105505	919.6543197631836	-18.29360209284596	845764.0678590839	334.65587753137805	791.2836678420441	-4.280541094043542	626129.8429935584	18.323032057795487	808.9969857693196	528.493882486135	1.807661	43.434418	0.2162997377023149	0.1030999613857533	0.1115101039	0.1324368008	0.0915836639	-0.0319748643	-0.0297669985	0.0726512918	-0.0395586386	-0.1412080369	-0.0521891597	0.1425326427	0.0914948081	-0.285411115	-0.0115317137	-0.041603768	-0.1611545404	0.2703944072	0.034043971	0.0510701491	0.0732038342	-0.0546888617	-0.1263558231	0.1226234044	0.221407355	0.027893554	-0.1014199709	0.2056698504	0.0478757247	0.2324694606	0.0887659617	0.0796578745	-0.0346485665	-0.0165676197	0.1378746338	0.020486386	-0.0039272687	0.0606533512	0.0631408209	-0.2276922933	0.0074300921	0.2480053866	-0.1012193796	-0.1733622636	0.0002978898	-0.275772216	0.1922079318	-0.2826582112	-0.1467544931	-0.0312177191	0.1755168033	0.169458565	-0.2103689776	0.1309139827	-0.1210812909	-0.0114296662	-0.1298986386	0.0447004467	0.0029914899	-0.1560591586	0.0844760930231842	0.0125195600277124	0.0071362102924616	0.0001567393832874	0.2004512821981592	-0.0380055949771787	0.0014444252495693	0.040180716534886	-0.1410546776157417	0.0431103345530488	0.0198964220772808	0.0018585009452757	0.0179560057188734	-0.000507437370054	0.0003224181413762	2.5749268452732095e-07	-0.0031911899541423	-0.0014041348894445	1.0183693323418734e-05	1.9715947877553185e-06	-0.0018850050900303	0.000541712703389	3.5532441894401397e-06	2.934526530130187e-07	0.0	0.0	0.0	0.0	1.0	0.0	0.0	0.0	0.0	0.0	0.0	0.0	0.0	0.0	0.0	0.0	0.0	0.0
797.8822848933274	-14.538403511130356	636616.140546597	211.36517665244745	895.265168885927	-24.38915087725661	801499.7226203474	594.8306805135869	786.237411112725	-5.046256729319111	618169.2666332402	25.46470697819841	804.8822600308249	544.5128751167885	3.429731	82.409439	4.639707336739137	2.9042098094215083	-0.36270692	-0.0591951038	0.2662561892	0.2930646163	0.1817160834	-0.4424910786	0.1968963929	-0.0494422989	0.0632283313	-0.0135595149	-0.5851928893	0.176054229	0.0923455022	0.0536130318	-0.1867162731	-0.1158473346	-0.0714766683	-0.2843816907	0.032747963	0.0007829896	-0.0041302613	-0.5933616424	-0.0102819479	-0.0413619663	0.0780784679	-0.2211533003	-0.0505370158	0.0596202721	0.2246209814	-0.1092012392	0.320430219	0.1669571533	-0.4606239967	-0.1624068236	0.4797173383	-0.1134862015	0.4856395671	-0.3124352868	0.2259918561	0.0311930493	0.1967381017	0.1818458059	0.0787430124	0.054511955	0.0625497581	0.0621876011	-0.0259991501	-0.0175319074	0.038070844	0.0014768427	-0.009187064	-0.0145561431	0.0267061824	-0.0199601699	0.0001070117	-0.0315296552	-0.0029914899	-0.1560591586	-0.1546544399089953	-0.2391305329321795	0.023917995783565	0.0571834117804281	1.4778729651369673	1.277421682938808	1.6318061560422168	2.184108501082732	-0.1527612724719915	-0.0117065948562498	0.023336006367262	0.0001370443631283	0.0709835806702408	0.0530275749513673	0.0050386687247685	0.0028119237052228	0.0014689739872821	0.0046601639414244	2.157884575311471e-06	2.1717127960952204e-05	-0.0064262367174765	-0.0045412316274462	4.129651834904314e-05	2.0622784694117667e-05	0.0	0.0	0.0	0.0	0.0	1.0	0.0	0.0	0.0	0.0	0.0	0.0	0.0	0.0	0.0	0.0	0.0	0.0
798.8863841349562	1.0040992416287509	638219.4547562248	1.0082152870394323	898.8770912789009	3.611922392973952	807980.0252260176	13.04598337286668	787.1539198477057	0.9165087349806528	619611.2935316082	0.8399882612958363	803.9694242027841	582.9979059268267	2.906866	69.846062	1.898434982200523	1.0745436938479478	-0.3905262246	-0.2420301024	-0.1518178226	0.6717731931	0.6026784005	-0.1797507475	0.3405827574	0.124810609	0.2879060693	0.129710696	-0.4721038666	0.2455998281	-0.042717132	-0.0175564477	0.1228324023	0.2944960044	0.3312716468	-0.2222097864	-0.057652858	-0.0064322394	-0.1818897937	-0.5244316767	-0.3043075838	-0.0894773466	-0.1413014884	0.1232283553	0.4650608335	0.0025399018	0.0165570779	0.1875229682	-0.2089255971	-0.1813208998	-0.3847206456	-0.0807714941	0.36226787	-0.4152047048	-0.4941280353	0.1297374093	-0.3128723823	0.0681815322	-0.2532928805	-0.1784435067	-0.1448891495	-0.0058909936	0.0564426156	-0.0983893744	-0.0295702167	0.0341239325	-0.0018113587	-0.0188683908	-0.0148197336	0.0196881498	-0.0297057255	-0.0291407988	-0.0005687924	0.0230793086	-0.0089700792	-0.1551433414	-0.0932487138468332	0.0614057260621621	0.0086953226340885	0.0037706631932212	0.7180601938205058	-0.7598127713164615	0.5773154474556015	0.5156104419495423	0.0137154594131629	0.1664767318851544	0.0001881138269141	0.0277145022591615	0.0545266956097848	-0.016456885060456	0.0029731605341221	0.000270829065893	0.0013932727779513	-7.570120933079994e-05	1.941209033780133e-06	5.730673094145592e-09	-0.0047440279285284	0.0016822087889481	2.250580098665746e-05	2.8298264096142352e-06	0.0	0.0	0.0	0.0	0.0	0.0	1.0	0.0	0.0	0.0	0.0	0.0	0.0	0.0	0.0	0.0	0.0	0.0
826.0433945116175	27.157010376661333	682347.6896162758	737.5032125980913	904.684268848316	5.807177569415103	818453.6263016121	33.723311322717905	796.210231491282	9.05631164357635	633950.7327314009	82.01678058557658	811.2301660229713	547.582217290106	4.012348	96.408539	2.301619712301622	1.53683452895283	0.0547847536	0.0501411034	-0.1199385845	-0.087342087	0.5467949416	0.1141702202	-0.1480949731	-0.0292643075	-0.4592880143	-0.0847006319	0.1020690182	0.1919904792	-0.0529752613	0.2618942739	0.2309131251	0.2037390316	-0.066364311	0.0155733064	-0.0921195683	0.1009734763	0.0398134207	0.0799940029	-0.2417079023	0.0138726503	-0.5094006683	-0.0110339589	-0.1270230145	0.0290398323	0.0844600863	0.0513931793	0.084126039	0.2824504251	0.0331404719	0.1071284441	-0.248868546	-0.1640700408	0.1535844531	-0.201398496	0.013361654	0.0303280001	-0.2412084612	0.0257871598	-0.209065631	0.1781436175	0.0746844779	-0.0047223177	-0.1510244391	0.0655101529	-0.0479908277	0.1576004423	0.1356157399	0.0146393964	0.0242687721	0.1145733731	-0.1054010332	-0.040327954	-0.0149355036	-0.1533170814	-0.048549363143806	0.0446993507030272	0.0023570406616691	0.0019980319532722	0.2780985547865526	-0.4399616390339532	0.1935662438214425	0.0773388061743692	-0.2682421431981794	-0.2819576026113423	0.0719538473875525	0.0795000896703356	0.0243807131635406	-0.0301459824462442	0.0005944191743628	0.0009087802576492	0.0012291165370097	-0.0001641562409415	1.5107274615507175e-06	2.6947271440076613e-08	-0.0043541442166482	0.0003898837118801	1.8958571859370967e-05	1.520093087894824e-07	0.0	0.0	0.0	0.0	0.0	0.0	0.0	1.0	0.0	0.0	0.0	0.0	0.0	0.0	0.0	0.0	0.0	0.0
820.097635970742	-5.945758540875545	672560.1325247997	35.35204462639449	910.7264968253472	6.042227977031189	829422.7520197692	36.50851892641841	794.1472891312611	-2.062942360020884	630669.9168345309	4.255731180768534	808.7356066919019	588.9505893674672	1.961139	47.122181	0.1910113154886967	0.0994520420274015	-0.0427094819	-0.1878063448	-0.0892239783	-0.0240371666	-0.1203000728	-0.1366649105	0.002007647	0.0293255606	-0.1082042661	-0.2593533315	0.0415846236	0.0557485701	0.0410623221	0.1208538043	-0.1386210439	-0.1902890638	-0.0970342378	0.0556589235	-0.0059741388	-0.1146676689	-0.110026123	0.0306512049	-0.0318946342	0.0202361564	0.1427968453	-0.2082422145	-0.1364820299	0.0522984242	-0.0659018987	0.0661688878	-0.0728575904	-0.1388817202	-0.0424510749	0.0219354466	-0.0932795105	-0.152815121	-0.1101387288	0.1249726158	0.0584382427	-0.0765411979	0.0608727532	0.2833711316	0.1399617318	-0.0446263388	-0.2109792889	0.0148652441	-0.1183416961	-0.0245371917	-0.0953355092	-0.0719915286	0.0779034467	-0.0072829622	-0.0193159517	0.1097538161	-0.1284242025	-0.1122344149	-0.0208790082	-0.1505910958	-0.005954717295495	0.042594645848311	3.545865806926729e-05	0.001814303854943	0.2812752436371823	0.0031766888506297	1.0091352053715148e-05	0.0791157626831562	-0.1879474641244485	0.0802946790737309	0.0353242492708108	0.0064472354875534	0.0246302644330727	0.0002495512695321	0.000606649926043	6.227583612508389e-08	0.0005900297490377	-0.000639086787972	3.481351047494912e-07	4.084319225603683e-07	-0.0039438762398318	0.0004102679768164	1.555415979510982e-05	1.683198128010222e-07	0.0	0.0	0.0	0.0	0.0	0.0	0.0	0.0	1.0	0.0	0.0	0.0	0.0	0.0	0.0	0.0	0.0	0.0
821.877027392714	1.7793914219720364	675481.848155884	3.1662338325876656	909.7178551957414	-1.0086416296057903	827586.5760619399	1.0173579369738246	795.9070874950554	1.759798363794289	633468.0919248618	3.0968902812130565	813.0586909654745	560.0726375457568	1.373004	32.990498	0.1956750952700651	0.0878652632857597	-0.0054801803	-0.0732291339	-0.114557507	-0.1336564573	-0.0495057736	-0.0212614073	-0.0576237334	0.159214365	-0.0052761214	-0.081612485	0.1046838146	0.1686685328	-0.0145521893	0.1025603382	-0.0623723381	-0.0168534924	-0.057708125	0.1010402536	-0.2263616354	0.012425211	-0.1782941897	0.0957601223	-0.1669457274	0.0117429731	-0.0037664442	-0.055720454	-0.0955969528	0.1657248904	-0.0674777503	0.1698558712	-0.0882399734	0.1668244056	-0.011729479	0.0758947691	-0.2186201062	-0.1343769746	0.0353087678	-0.1641050741	0.0036457621	-0.0007510276	-0.0178546841	0.1057970016	-0.2299536557	0.0364677176	-0.0589524344	0.0567039809	-0.1453688904	-0.0432889611	-0.0824112561	-0.0814716086	-0.0512424383	-0.1337940802	-0.0139661608	-0.1014479138	0.0506405931	0.0663372695	-0.0267918699	-0.1469813818	-0.0093513179260469	-0.0033966006305519	8.74471469540061e-05	1.1536895843465566e-05	0.3102838324669079	0.0290085888297255	0.000841498225892	0.0962760566903521	-0.1254073720322708	0.0625400920921777	0.0157270089600403	0.003911263118898	0.0249414633410568	0.000311198907984	0.0006220765935932	9.684476033049618e-08	0.0016070222940993	0.0010169925450616	2.582520653732177e-06	1.0342738367108704e-06	-0.0046302810611383	-0.0006864048213065	2.1439502705136025e-05	4.711515787128083e-07	0.0	0.0	0.0	0.0	0.0	0.0	0.0	0.0	0.0	0.0	0.0	0.0	0.0	0.0	0.0	0.0	0.0	0.0
822.4201018552213	0.5430744625073203	676374.8239355526	0.2949298718276148	914.094439119906	4.376583924164606	835568.6436299356	19.154486845256063	794.4495517392702	-1.4575357557852158	631150.0902587273	2.12441047939238	811.1763214141938	583.7733727316571	1.295222	31.121534	0.2317568679491163	0.1479912493787464	-0.0817239537	-0.1706506131	-0.0738967648	-0.0496135697	-0.0343587073	0.0159627212	0.0461357765	0.0433125642	-0.0232982831	-0.1814905652	0.0379711853	0.0594807812	0.0837018088	0.1613581841	-0.1235018814	-0.0381924789	-0.1290073463	0.0433748649	-0.0434387384	-0.0233758528	0.1119894848	0.0166392369	-0.0400848142	-0.0606018112	0.005851264	-0.1593393043	-0.1677430657	0.1050832575	-0.0281763897	0.0827365696	-0.0281026098	-0.0056812202	-0.0785938274	0.0295317602	-0.1764496621	-0.1373114565	-0.0525440093	0.0469493495	0.0186243481	-0.0683639467	0.0438606448	0.2331305873	0.0950738579	0.0634976985	-0.0673345633	0.0880072515	0.01437243	-0.0335284408	-0.0991631869	0.1176785251	0.065599082	0.1296980994	-0.1057185764	0.0786037621	-0.3172226784	-0.1909488249	-0.0326654109	-0.1425091225	-0.0285913140773459	-0.019239996151299	0.0008174632406694	0.000370177451902	0.3363798047111999	0.026095972244292	0.0006809997673748	0.1131513730175449	-0.2118604899832661	-0.0864531179509953	0.0448848672159495	0.0074741416034487	0.0268374200430697	0.0018959567020129	0.0007202471145681	3.594651815907632e-06	0.0015117627157146	-9.525957838470004e-05	2.2854265086247827e-06	9.074387274030812e-09	-0.0046221417094853	8.139351653000011e-06	2.1364193982563693e-05	6.624904533119402e-11	0.0	0.0	0.0	0.0	0.0	0.0	0.0	0.0	0.0	0.0	0.0	0.0	0.0	0.0	0.0	0.0	0.0	0.0
820.221293391359	-2.198808463862292	672762.9701325939	4.8347586607524535	913.9482165156184	-0.1462226042876864	835301.3424720796	0.0213810500046733	790.8179684892485	-3.631583250021663	625393.0592854621	13.188396901837905	807.4339646441766	572.8186514703636	1.220159	29.317944	0.3710802821180142	0.1624194524816218	-0.0833259415	-0.0853689516	-0.1203412636	-0.1733827149	-0.0383734006	-0.0478449207	0.0037370754	-0.1078832322	-0.1006771238	-0.0905199268	0.0055425763	-0.1689346835	-0.0004410204	0.3433887185	-0.1504315037	-0.1869896156	-0.1905905483	-0.0068719961	0.1695710854	0.2120728138	-0.0774555307	0.0099936011	0.2028096129	0.0586761359	-0.0555382837	-0.3029046975	-0.1517856589	0.0146147363	0.0434309938	0.1884892581	-0.3097322901	-0.0146537655	-0.0956923212	0.0575316449	-0.2559308768	-0.0958018058	-0.0036937451	-0.091107412	0.0161533683	0.0558291499	0.0407795779	0.005791808	-0.2501869886	-0.0149808057	-0.0956777184	0.0711231024	-0.1020541032	-0.1194450366	-0.136635168	-0.0529049182	-0.079499666	-0.2551836191	0.023934223	-0.3526703642	-0.2530320263	0.0690742576	-0.0384910108	-0.1372005631	-0.0081799658489103	0.0204113482284356	6.691184128933881e-05	0.0004166231365024	0.4423956744048354	0.1060158696936355	0.0112393646268979	0.1957139327321091	-0.0985581257486529	0.1133023642346131	0.0097137041510872	0.0128374257411529	0.0289643565021116	0.0021269364590418	0.0008389339475814	4.523858700801686e-06	0.0016441020673123	0.0001323393515976	2.7030716077405787e-06	1.7513703981299645e-08	-0.0049898798980723	-0.0003677381885869	2.4898901397186023e-05	1.352313753452477e-07	0.0	0.0	0.0	0.0	0.0	0.0	0.0	0.0	0.0	0.0	0.0	0.0	0.0	0.0	0.0	0.0	0.0	0.0
822.6385947249282	2.417301333569185	676734.2575310047	5.843345737275359	918.3268991418788	4.378682626260456	843324.2936875385	19.172861541515168	794.5711710483213	3.753202559072747	631343.3458611006	14.086529449430218	812.7681867624358	586.2615203042316	1.812206	43.543613	1.5322603109882174	0.6378671615831546	-0.2679399793	-0.0539063557	-0.0543491048	-0.2832528928	-0.0638506596	-0.0038051011	0.03786461	0.1365052149	0.2531623167	-0.1209328129	-0.0440747389	0.1451239248	0.0153766384	0.0370135325	-0.2869180248	0.0231619441	-0.0123066915	0.246806717	-0.378456424	-0.0475241242	0.276948003	-0.0720035833	-0.1037013364	0.0058254336	0.2186766443	-0.0051673179	-0.0999518506	0.3780592634	-0.2925342704	0.2148316606	-0.0205177605	0.1398890298	-0.3058316262	0.0190569237	-0.196567599	0.1245351489	-0.0354792828	0.1594050111	0.0920484367	-0.2616257325	0.4819122859	-0.4723081717	-0.210123521	-0.2697794107	0.0632493198	0.1140961863	-0.1078684889	-0.0676896345	0.1346269121	0.0894902034	0.1318852643	0.0293200547	0.0210456274	0.0679934016	0.0999771086	-0.0856060242	-0.0442601199	-0.1310868562	-0.0496941543106146	-0.0415141884617043	0.0024695089726471	0.0017234278436339	0.8204575811973314	0.3780619067924959	0.1429308053675779	0.6731506425441756	0.2314310996283239	0.3299892253769768	0.0535603538751751	0.1088928888648971	0.0392032863760259	0.0102389298739143	0.0015368976626806	0.0001048356849629	0.003679990105204	0.0020358880378917	1.3542327174399349e-05	4.144840102830517e-06	-0.0083689617934071	-0.0033790818953348	7.003952149950779e-05	1.1418194455379426e-05	0.0	0.0	0.0	0.0	0.0	0.0	0.0	0.0	0.0	1.0	0.0	0.0	0.0	0.0	0.0	0.0	0.0	0.0
818.2636228622507	-4.374971862677512	669555.3564996556	19.14037879921994	912.1960647170608	-6.1308344248179765	832101.6604852922	37.58713074453317	791.7624122040181	-2.8087588443031564	626887.7173791255	7.889126245451203	808.3837693194329	563.1718294518625	1.725008	41.448425	1.4207669803084813	0.6752136306923164	-0.1423092897	-0.0717658434	-0.0394789302	-0.1629055151	-0.0734069051	-0.0369895001	0.04804055	-0.1508133537	-0.0301691731	-0.1325889913	-0.0446002151	-0.0008725794	0.0988586957	0.2794817939	-0.0105216914	0.1404832519	-0.1539147213	0.1546510019	0.145423968	0.2709867953	0.068539789	-0.0422288388	0.0885569199	-0.0573964121	-0.1394491648	-0.1722572921	-0.1838414693	0.0817437675	0.0465321455	-0.1653081305	-0.3140986132	0.026538282	-0.1789490341	0.0185609111	-0.3024286118	-0.073629794	-0.0286471963	-0.1166029695	0.0797706544	-0.0796867552	-0.0198061256	-0.0835630044	0.1716869449	0.2526409054	0.1515327491	-0.2012189027	0.3464787773	0.30190923	-0.1125656054	0.0471379646	0.2772450528	0.2564795761	-0.0953621821	-0.10058795	0.2743282495	-0.0234553303	-0.0499642712	-0.1242038795	-0.038106882229755	0.0115872720808596	0.0014521344732724	0.0001342648742758	0.2503279739616317	-0.5701296072356996	0.3250477690467331	0.0626640945477353	-0.164481999066993	-0.3959130986953169	0.0270543280170742	0.1567471817185277	0.0326339234699401	-0.0065693629060857	0.0010649729610419	4.3156528991856055e-05	0.0017778609250054	-0.0019021291801986	3.1607894686610565e-06	3.618095418162999e-06	-0.0079777138337594	0.0003912479596477	6.364391801335609e-05	1.5307496592848881e-07	0.0	0.0	0.0	0.0	0.0	0.0	0.0	0.0	0.0	0.0	1.0	0.0	0.0	0.0	0.0	0.0	0.0	0.0
816.5897140313749	-1.6739088308758028	666818.7610618427	2.8019707740839968	911.4406602189348	-0.7554044981260404	830724.0771003277	0.5706359557890549	792.5884532204158	0.826041016397653	628196.4561783312	0.6823437607712677	810.4886500627371	568.0374360369821	1.384637	33.270008	0.4642668561319792	0.2458137967360265	-0.2198091219	-0.0990180708	0.0423411623	-0.2310807016	-0.0112121286	-0.088750825	-0.0109513182	-0.0858579978	0.0577727017	-0.1703871282	-0.1209278585	0.0636365375	0.1357536425	0.0914274524	-0.030274684	-0.0075340406	-0.0725822147	0.2155633008	-0.0120014954	-0.0816343391	-0.0123469495	-0.1269030316	0.017082844	-0.1245179099	0.0272330429	-0.1148267706	-0.090394534	0.0374590813	-0.0845320358	-0.1359312094	-0.0737344362	-0.1093455228	-0.2505979249	-0.0479295272	-0.2232763585	0.1383239556	-0.0454648557	0.1002710437	-0.0362373519	-0.0399731229	0.1352299287	0.0446178409	0.210612613	0.2010865915	-0.0449073425	-0.3827034895	0.2091057076	-0.0468303408	0.0242572176	0.0998455917	-0.3863079691	-0.2472357186	0.089267822	0.1988126165	-0.1315438762	0.3139817544	-0.055595093	-0.1165920251	0.0227117013986344	0.0608185836283894	0.0005158213804207	0.0036989001145633	0.4725930950372685	0.2222651210756367	0.0494017840467674	0.2233442334769046	-0.1580731374071149	0.0064088616598781	0.0249871167697286	4.107350777545563e-05	0.035434220061537	0.0028002965915968	0.0012555839513694	7.8416610009092e-06	0.0012752016240125	-0.0005026593009929	1.6261391818841174e-06	2.526663728746709e-07	-0.0081702437365311	-0.0001925299027717	6.675288271432568e-05	3.7067763461280814e-08	0.0	0.0	0.0	0.0	0.0	0.0	0.0	0.0	0.0	0.0	0.0	0.0	0.0	0.0	0.0	0.0	0.0	0.0
809.2532943051285	-7.33641972624639	654890.8943437029	53.82305439965716	917.045142405742	5.604482186807218	840971.7932099677	31.41022058223941	788.8624505634549	-3.7260026569608726	622303.9659089793	13.883095799679484	808.3080552693236	556.6354495072976	1.640225	39.411266	0.8950888294066993	0.4394350110056641	-0.1060531396	-0.0220521586	0.1081132033	-0.2321445412	0.0086942624	0.086825509	0.0587348016	-0.2486427208	0.193169942	-0.0083910771	-0.0616936529	-0.3230249503	0.170160736	-0.0007495665	-0.0348387246	0.2685914204	0.0560540587	0.1186241745	0.0572370125	-0.0909566583	-0.1017715326	-0.0402038804	0.3174261506	-0.1600121937	-0.0704216444	0.1673206892	0.0790483239	0.1626527641	0.0506249724	0.0259204044	-0.1668948811	-0.1442668738	-0.0792582303	-0.0898363014	-0.1753387817	0.1342552379	-0.0346984652	-0.1317743566	-0.0943470256	0.4940562414	-0.0155342229	-0.1103644747	0.21500502	-0.1436990013	0.0096708054	-0.0536928724	0.135754292	-0.2229078013	0.1672811542	-0.1662857123	0.0446511024	0.0277566494	0.0815834311	-0.0580393158	-0.1080459208	-0.2514647684	-0.0611443214	-0.1082959623	0.0845601146111647	0.0618484132125302	0.0071504129830533	0.0038252262169078	0.3536791033918263	-0.1189139916454422	0.0141405374090522	0.1250889081760461	-0.0147558383968231	0.1433172990102918	0.0002177347667931	0.0205398481956053	0.0297445691922672	-0.0056896508692697	0.0008847393964335	3.2372127014182586e-05	-0.0018390082211721	-0.0031142098451846	3.3819512375385715e-06	9.69830295984469e-06	-0.0055539219402168	0.0026163217963143	3.0846048918021546e-05	6.845139741869289e-06	0.0	0.0	0.0	0.0	0.0	0.0	0.0	0.0	0.0	0.0	0.0	1.0	0.0	0.0	0.0	0.0	0.0	0.0
792.507929220543	-16.7453650845855	628068.8178774333	280.4072518160552	896.2948110425795	-20.75033136316256	803344.3883018532	430.5762516810477	785.894106949432	-2.968343614022956	617629.5473378452	8.811063810910863	805.3554550982047	494.9957730872	2.277052	54.712917	0.727372909895143	0.495901247477529	-0.1665048454	0.3282968637	0.3420627636	0.0417667542	0.0258883662	-0.1063583012	-0.4012920223	-0.139892641	0.2363281953	0.1705679845	-0.2022697668	-0.3341402817	-0.176788283	-0.3509519488	-0.0364745193	0.0162811138	0.0373893743	0.1963333548	-0.267361251	0.1073677801	-0.0834669688	-0.1331003759	0.325400571	0.1963504949	0.1313615383	0.3634250564	0.0669278671	0.0126959214	-0.096638255	0.0867799304	-0.0124691606	0.3161299225	-0.0649080246	0.1102261191	0.0601789139	0.3654426509	0.0043712537	-0.2179114706	-0.6410577458	0.0378864406	0.1205393741	0.1790593946	0.0097297298	-0.0770954076	-0.2579339914	0.1596149414	-0.0215664854	0.2591094178	0.0519304893	0.221973317	0.1275945695	-0.0958824987	-0.0594005632	0.0203937919	0.1016241252	-0.0552957146	-0.066603812	-0.0993643757	0.0640789869885907	-0.0204811276225739	0.0041061165734839	0.0004194765886921	0.3157169786740752	-0.037962124717751	0.001441122913086	0.0996772106230864	0.1805573170560848	0.1953131554529079	0.0326009447424915	0.0381472286929717	0.0220491309885194	-0.0076954382037478	0.0004861641773488	5.92197691477012e-05	-0.0001171326908346	0.0017218755303375	1.3720067262153989e-08	2.9648553419750466e-06	-0.0054989056322639	5.501630795289991e-05	3.0237963152543644e-05	3.026794140768317e-09	0.0	0.0	0.0	0.0	0.0	0.0	0.0	0.0	0.0	0.0	0.0	0.0	1.0	0.0	0.0	0.0	0.0	0.0
805.8572439618471	13.349314741304056	649405.897645784	178.20420406239776	907.5389937323492	11.244182689769788	823627.025144725	126.43164436091853	789.6814787659464	3.787371816514451	623596.8379059718	14.344185276527972	807.151582402236	493.13795908903467	2.243507	53.90691	0.9779362433658896	0.5333439050909659	0.0356533833	0.4084086022	0.0827080588	0.1202830334	0.0910693177	0.1507865132	-0.4559539015	0.0810937095	-0.0588971781	0.1358169539	-0.0312631812	-0.195243098	-0.2429448513	-0.1095489814	0.1951286905	-0.1778697841	-0.2360621589	-0.2425588036	-0.4035138356	0.1742016657	0.1725429223	0.0198954611	0.1326005076	0.2611340894	-0.0019684392	0.1277780358	0.0315775793	-0.2470279397	-0.0189748087	0.1311861922	0.0939895256	0.2603539919	0.0901227209	0.2423581816	0.1720754546	0.1619092972	-0.0012057679	0.0015687421	-0.2221288075	-0.2944529927	0.0842349876	0.0516888235	0.1076585263	0.1256347247	0.2743267743	-0.2266380264	-0.1335210018	-0.0309524832	-0.1048188018	-0.3184896723	-0.0225427608	0.0459176821	0.2747127251	-0.0126106985	-0.1724542906	-0.1761475681	-0.0719655524	-0.0898496795	0.0788644484975407	0.01478546150895	0.0062196012368212	0.0002186098720326	0.1421770784674692	-0.173539900206606	0.0301160969637187	0.0202143216415448	0.0073496445605911	-0.1732076724954937	5.4017275167026346e-05	0.0300008978113062	0.0118330044946871	-0.0102161264938322	0.0001400199953712	0.0001043692405379	-0.0014323767672217	-0.0013152440763871	2.051703203276488e-06	1.7298669804713554e-06	-0.0047022120193865	0.0007966936128774	2.211079787526287e-05	6.347207127996446e-07	0.0	0.0	0.0	0.0	0.0	0.0	0.0	0.0	0.0	0.0	0.0	0.0	0.0	1.0	0.0	0.0	0.0	0.0
813.4167514889488	7.559507527101687	661646.8116028343	57.14615405230706	904.5724521327664	-2.966541599582797	818251.3211574861	8.80036906205526	790.6618034266219	0.9803246606754784	625146.087397838	0.9610364403284916	808.8050089293761	523.4001955440921	1.905825	45.793079	0.5344416002110761	0.3385918496705967	0.0536751574	0.1598138926	0.0657613822	0.0563837317	0.0234685415	-0.0449550765	-0.1532308666	-0.2821580847	-0.0386989222	0.0645841507	-0.0426647474	-0.0711768404	-0.1142280539	0.06483168	0.1558063456	-0.0377426594	-0.0103746901	0.0657495612	-0.0102714606	-0.0166410132	-0.0101242702	-0.0276560724	0.0986560102	0.0663653306	-0.1367556617	-0.0246817434	-0.0176716318	-0.1386775539	-0.0800556914	-0.2206750699	-0.0133809683	-0.0840083264	0.066188276	0.0995834733	-0.0059813502	-0.0966225395	0.0693466718	0.0472591198	0.0433576771	-0.0737495162	-0.0513639824	-0.0270231068	0.2969704317	-0.2869320462	0.0969073827	0.0961944963	0.003248631	0.0064654617	-0.1805399427	-0.168476731	0.1372043201	-0.1895648845	-0.2476083981	-0.1547907868	0.0604971819	0.1504417091	-0.0772216734	-0.0798077096	0.0460773985182783	-0.0327870499792624	0.0021231266542122	0.0010749906463426	0.1533635425500676	0.0111864640825984	0.0001251369786712	0.0235203761835063	-0.0450102613181542	-0.0523599058787453	0.0020259236239285	0.002741559743631	0.0173459583149622	0.0055129538202751	0.0003008822698644	3.0392659824485827e-05	0.0013290991408143	0.002761475908036	1.7665045261133102e-06	7.62574919066325e-06	-0.0051899458964848	-0.0004877338770983	2.6935538408439416e-05	2.378843348693396e-07	0.0	0.0	0.0	0.0	0.0	0.0	0.0	0.0	0.0	0.0	0.0	0.0	0.0	0.0	1.0	0.0	0.0	0.0
818.154199906514	4.737448417565247	669376.2948246681	22.44341750909146	917.2345916129448	12.662139480178324	841319.2960513656	160.32977621549065	791.7260740256007	1.064270598978851	626830.176291991	1.1326719078508023	808.6171850512475	528.2447679975094	1.476521	35.477798	0.1938237201262785	0.0863976478653505	0.0876217101	0.2395208273	-0.1131443558	0.0862463382	-0.0266658774	0.1184563425	0.0171460399	0.1110482146	0.0356732881	0.2187009186	0.0476120706	-0.0266285947	-0.2061920829	0.0728608075	0.1749439517	0.081668098	0.0879190217	0.0520222789	0.084756987	0.21027948	-0.0214337156	0.0517917813	-0.0137647569	0.1354464357	-0.1785095871	0.0104717388	0.1176809431	-0.1067325335	-0.0396592766	-0.1038062358	-0.1569046517	0.0402371117	0.089111519	0.1929961478	0.0473937801	-0.062818903	0.1053723295	-0.1572960624	-0.1334143267	-0.0981652515	-0.0356125306	-0.1692666532	0.0642720804	-0.0480564911	0.0215347623	-0.0395416198	0.0622953029	0.0049381096	-0.1444962213	-0.2261398401	-0.0012164386	-0.0763896787	0.1027469592	0.0839232711	0.1220411738	0.1035919924	-0.0823644609	-0.0692973963	0.0443805789689122	-0.0016968195493661	0.0019696357896158	2.879196583110986e-06	0.1215935706109121	-0.0317699719391555	0.0010093311170147	0.0147849964139108	-0.0918890758531461	-0.0468788145349918	0.0084436022611452	0.0021976232522061	0.0160595729194792	-0.001286385395483	0.000257909882356	1.6547873857119582e-06	0.0021091114631242	0.0007800123223099	4.448351163881903e-06	6.084192229552833e-07	-0.0049867813322224	0.0002031645642624	2.4867988055401813e-05	4.1275840171930986e-08	0.0	0.0	0.0	0.0	0.0	0.0	0.0	0.0	0.0	0.0	0.0	0.0	0.0	0.0	0.0	0.0	0.0	0.0
799.9938052857875	-18.160394620726493	639990.0884956345	329.7999327805117	900.9779933207744	-16.256598292170338	811761.3444483294	264.2769880329956	786.663555676424	-5.062518349176685	618839.5498294743	25.629092035750624	803.8581050769496	527.9561570159391	3.078689	73.974625	2.475392336921884	1.5223169383996509	-0.3087510732	0.1879660219	0.3058691124	-0.1953636648	-0.0007209176	-0.356702518	-0.0453304502	-0.2452988684	0.0058846618	-0.0726130058	-0.2826399924	-0.1635948792	0.1993963708	-0.0714515065	-0.0310136571	-0.0960004224	-0.1555531575	-0.0188554511	0.1685926113	0.0851534783	0.2837209832	-0.2692453742	0.1971949137	-0.0441382696	0.0874326428	0.0504079186	-0.2981696386	-0.0802927044	0.1248763154	-0.0344189685	0.1801701471	0.1224790862	-0.3068821744	-0.117663372	-0.0488584932	0.4313017266	0.3155979638	0.3906810295	0.0154317214	-0.0294692751	-0.5731110703	-0.0148156935	-0.1311131482	-0.0763427482	-0.075392679	0.0380728612	-0.0406832716	-0.0001786629	-0.1471075561	-0.1089736032	0.0017261874	0.0948450983	0.0047043693	0.0112562437	0.0221781592	0.0336752455	-0.0873863672	-0.0583804184	0.098888993674393	0.0545084147054808	0.0097790330699341	0.0029711672737046	0.7805532353107338	0.6589596646998217	0.4342278397013014	0.6092633531540538	0.0076470034541102	0.0995360793072563	5.847666182717333e-05	0.0099074310838604	0.0446047730039806	0.0285452000845014	0.0019895857747366	0.0008148284478642	-0.0010672467088606	-0.0031763581719848	1.1390155375737822e-06	1.008925123673462e-05	-0.0065129866399227	-0.0015262053077003	4.241899497181159e-05	2.3293026412525683e-06	0.0	0.0	0.0	0.0	0.0	0.0	0.0	0.0	0.0	0.0	0.0	0.0	0.0	0.0	0.0	1.0	0.0	0.0
807.3772182510331	7.383412965245611	651857.9725507764	54.514787015356994	898.6633198712323	-2.3146734495421697	807595.7624819847	5.357713178015447	790.3298505469213	3.666294870497268	624621.2726655189	13.441718077434578	806.834902412315	545.6199950112236	2.539576	61.02084	2.01238614040738	1.1962771794980445	-0.0640463733	0.0070697162	0.1367916475	-0.0330711304	-0.3229717819	-0.3122987321	-0.0660830873	-0.0397280951	0.1919592311	0.1488266243	-0.1037121097	0.0022117055	-0.0447651271	-0.1540918689	-0.0411562278	-0.2149979217	0.0192015066	0.3005180451	0.1818818115	-0.1262384356	0.0734893001	-0.0775308463	0.0668098236	0.1223776012	0.2883606004	-0.0267647187	-0.1429391607	-0.1228881769	-0.259624945	-0.2572925615	-0.0548633214	-0.1814846549	-0.0173900358	-0.0277687638	-0.0518627984	0.0359718754	-0.1216733715	0.2115395467	0.0543106914	-0.1211124511	-0.0376595253	0.2694823452	0.2854597472	-0.0305673699	0.3223341902	0.0963140856	-0.2189783775	0.1309825491	0.2975692112	0.1172631514	-0.1490433966	-0.0408611292	-0.1061332979	-0.3188832588	0.0870863326	-0.0889352384	-0.092280022	-0.0471208409	0.0482061702479512	-0.0506828234264417	0.0023238348499744	0.0025687485904758	0.167876500822615	-0.6126767344881189	0.3753727809830249	0.0281825195284454	-0.089410957560517	-0.0970579610146271	0.0079943193318885	0.0094202477963168	0.0225340926042296	-0.022070680399751	0.0005077853294959	0.0004871149333079	2.131037810104708e-05	0.0010885570869616	4.54132214809587e-10	1.1849565315744269e-06	-0.0046328516970715	0.0018801349428512	2.146331484705828e-05	3.534907403330086e-06	0.0	0.0	0.0	0.0	0.0	0.0	0.0	0.0	0.0	0.0	0.0	0.0	0.0	0.0	0.0	0.0	1.0	0.0
823.1123120885742	15.735093837541058	677513.8783117983	247.59317807622256	918.6365888440932	19.97326897286098	843893.1823631116	398.9314734622511	793.2584245899055	2.9285740429842235	629258.9281828589	8.57654592524096	811.2713045447377	553.8311717632489	1.991707	47.856663	0.1966252449119677	0.0997327143567264	0.032481259	-0.0136836408	0.0418040406	-0.0113850729	0.0153545985	0.0611139002	0.0401093885	0.0425486291	0.0844795921	0.1680743834	0.0402961885	0.008895904	0.0182544695	-0.0135041581	0.0851005759	0.1119254471	0.0513366896	0.124250034	-0.0387511314	-0.0483443844	-0.0057947742	0.034763749	-0.0123397785	-0.0514984062	-0.0729497372	0.1018842475	0.0447571817	0.0980297283	-0.1330741457	-0.0924103333	-0.0074181652	-0.0939176096	0.0367461095	-0.0127219114	-0.0515020003	-0.0215143751	-0.0182004885	-0.1288577116	-0.0897310171	0.1307601732	0.0067674764	-0.0028004514	-0.021495535	0.0363414702	0.0950714696	0.2024298174	0.1242857684	-0.1294593673	0.0021084401	-0.2607333114	0.0386271829	0.0383099205	-0.0065929714	0.0723775699	0.1796716926	0.186210592	-0.0970382431	-0.0355847396	0.0571800989869331	0.0089739287389819	0.0032695637201554	8.053139701232532e-05	0.2280787962949944	0.0602022954723794	0.0036243163801436	0.0520199373193735	-0.0520297801705282	0.0373811773899887	0.0027070980245934	0.0013973524230618	0.0216847670397551	-0.0008493255644744	0.0004702291215684	7.213539144699278e-07	0.0001518830794999	0.0001305727013988	2.3068469838372944e-08	1.7049230350594007e-08	-0.0054543102974105	-0.000821458600339	2.974950082043822e-05	6.747942320709097e-07	0.0	0.0	0.0	0.0	0.0	0.0	0.0	0.0	0.0	0.0	0.0	0.0	0.0	0.0	0.0	0.0	0.0	1.0
819.3294003823273	-3.782911706246864	671300.6663308641	14.31042097725956	906.937578046644	-11.699010797449205	822535.7704731126	136.86685363883308	793.1598004691208	-0.0986241207847342	629102.4690802156	0.0097267172005618	808.8172218070226	562.935799614996	1.117194	26.843901	0.1427131027065704	0.0763756360586483	-0.0001541918	-0.0613715162	0.0212795639	-0.0674207706	0.0273454184	-0.0931208104	-0.1631527309	0.1440826715	-0.0355920737	-0.0560851913	-0.0149014439	0.0840445144	-0.0379855695	-0.0686759966	0.059464996	-0.098198348	0.0060226424	0.0983553048	-0.0366519793	-0.0191920468	0.060727984	-0.0177176668	-0.1010972025	0.0625935196	0.0472046464	0.0151851414	-0.0779785201	-0.1097069535	-0.1026255896	0.0456981654	0.0581856146	0.0969762829	0.0167037004	-0.0260952276	-0.0454267587	0.0501093208	-0.0602116515	0.0649134558	0.0026642266	0.0231492745	0.0321527512	0.0853947362	0.0510201333	0.0540841465	0.118637337	0.1603839468	-0.1453396053	-0.0805753738	0.0871843955	-0.1169562122	-0.0567430161	0.0919614164	0.0656834725	-0.0056210682	0.0716996113	0.0203474249	-0.1016540472	-0.023839813	0.0488657818922178	-0.0083143170947153	0.0023878646399378	6.912786875147518e-05	0.286626797084196	0.0585480007892016	0.0034278683964123	0.0821549208067448	-0.0371497549543846	0.0148800252161436	0.0013801042931708	0.000221415150433	0.0212493358331646	-0.0004354312065904	0.0004515342733506	1.8960033567285714e-07	-0.0001468068340648	-0.0002986899135647	2.1552246528129723e-08	8.921566446528796e-08	-0.0049690162254355	0.000485294071975	2.469112224864126e-05	2.355103362940769e-07	0.0	0.0	0.0	0.0	0.0	0.0	0.0	0.0	0.0	0.0	0.0	0.0	0.0	0.0	0.0	0.0	0.0	0.0
822.7391160998488	3.4097157175215216	676899.6531607605	11.626161274313304	917.5637060629356	10.626128016291544	841923.1546839492	112.9145966186161	793.5987017184873	0.438901249366495	629798.8993692686	0.1926343066954702	811.2118994618131	568.2415953008538	0.864692	20.776793	0.1031300274613312	0.0658594282166384	0.0055750827	-0.0959339671	-0.0134205563	-0.0494094533	-0.0226349606	0.035792468	0.0444710964	0.0943425328	0.0273772934	0.0009436313	0.0158401413	0.0513840602	0.0500748415	-0.0542750615	0.0393164354	-0.0693032818	0.116655858	0.1113230348	-0.0175357963	0.0314027505	-0.0679733979	0.0254187681	-0.0503953668	-0.0616383316	0.0862339322	0.0044437876	0.0513880541	-0.0277094075	-0.1330793778	0.0408275178	-0.0645390776	0.0430734436	0.0207029293	-0.0513631056	-0.0610116692	-0.0141757342	-0.0629129006	-0.042302066	0.0237031852	0.1554786955	0.0242346337	-0.0144693981	0.0554119434	0.0099796241	0.0414072399	0.1441973803	-0.0332712019	-0.0245828048	-0.0049100701	-0.2202230496	0.0324389263	0.1292293297	0.1597287026	0.0217474884	0.0997595997	0.1219438239	-0.10612066	-0.0119549848	0.0483736600421593	-0.0004921218500584	0.0023400109858743	2.4218391530499484e-07	0.2544063756877222	-0.0322204213964738	0.0010381555549663	0.0647226039905624	-0.0313807261112657	0.0057690288431188	0.0009847499712702	3.3281693792737754e-05	0.0222288826032174	0.0009795467700528	0.0004941232217876	9.59511874720874e-07	0.0001597220035036	0.0003065288375684	2.5511118403204012e-08	9.395992826103453e-08	-0.0049759097252479	-6.8934998123998045e-06	2.475967759381663e-05	4.7520339663556135e-11	0.0	0.0	0.0	0.0	0.0	0.0	0.0	0.0	0.0	0.0	0.0	0.0	0.0	0.0	0.0	0.0	0.0	0.0
821.4400531815214	-1.2990629183274225	674763.7609708607	1.687564465773359	910.3828020869074	-7.180903976028162	828796.8463356092	51.56538191293707	793.7814868009543	0.1827850824670349	630089.0487879337	0.0334103863724807	808.9291267662852	563.4272577823737	0.825558	19.836466	0.1333119078616359	0.0595974036392021	-0.0112697082	-0.0770235507	-0.0142429236	-0.0526266461	-0.0675815011	-0.0299112903	0.0270403853	0.2106907513	0.0182375127	-0.1082402102	0.0189215755	0.1530060716	-0.0252425562	-0.0309360392	0.0436936187	-0.1229056094	0.0021809878	0.0261558821	0.0395402571	0.0195764539	-0.0476548459	0.0120856828	-0.1811848571	0.0398175716	0.0789866787	-0.0531079516	-0.0400280637	-0.1285500206	0.0166311631	0.0312009722	-0.0746160914	0.0587913398	0.0070496852	-0.0220796751	-0.0530786819	-0.0071615364	-0.0588591449	0.0277694031	0.0543290153	0.0107316496	0.0584580735	0.0751784977	-0.0129739007	0.0131744526	0.0021728302	0.067268154	-0.211260571	0.1291601621	-0.0041545417	-0.0767503816	-0.0043879914	0.0940433778	0.0633723258	0.0521387311	0.1181933928	-0.0091551412	-0.1104315261	-0.0	0.0049329201446681	-0.0434407398974912	2.433370115367235e-05	0.0018870978828414	0.2623815927869657	0.0079752170992435	6.36040877800665e-05	0.0688441002334251	-0.0370540352087118	-0.005673309097446	0.0013730015252484	3.218643611516462e-05	0.0215975590532189	-0.0006313235499985	0.0004664545570572	3.985694247827101e-07	0.0005665938001446	0.0004068717966409	3.210285343622989e-07	1.6554465890187525e-07	-0.0044896522365383	0.0004862574887096	2.0156977205053355e-05	2.3644634532616682e-07	0.0	0.0	0.0	0.0	0.0	0.0	0.0	0.0	0.0	0.0	0.0	0.0	0.0	0.0	0.0	0.0	0.0	0.0
824.8458133407663	3.405760159244892	680370.6157857903	11.59920226229979	926.8303007177404	16.447498630833024	859014.4063285372	270.5202112112542	794.9385145163234	1.157027715369054	631927.2418614188	1.3387131341321328	812.1497108819133	581.607537159553	0.919066	22.083275	0.1780048005265007	0.1204631811430303	0.00944532	-0.1738671295	-0.078690567	-0.0306780736	-0.0200081898	0.0472017875	0.1810938936	0.004697649	-0.047287548	-0.1159898502	0.056070077	0.0759737443	0.0768324791	0.0199830944	-0.0935064159	-0.0154240432	0.0207552472	0.0664209252	-0.0914705972	-0.1398081248	-0.1566730238	0.0507050447	-0.0356439569	-0.0998342539	0.0472907408	-0.0625065339	0.0678953299	0.1188197562	0.0063439411	-0.0335604458	0.0551808688	-0.0593999932	0.0137812671	-0.0688895223	-0.0526209174	-0.0114338988	-0.060370072	-0.0123036004	0.038203688	0.1493366269	0.0133293995	0.1007472858	-0.0385582365	0.2033548364	-0.0697602316	0.0195277484	-0.0446796665	-0.0432529195	0.0824697219	-0.0501745161	-0.0701549064	-0.069758584	-0.007045149	0.1003995729	0.2701149564	0.0003535822	-0.1145803187	0.0119549848	0.0070971366991301	0.002164216554462	5.036934932613929e-05	4.68383329460737e-06	0.2740968880522842	0.0117152952653185	0.0001372481431535	0.0751291040399464	-0.1504557862456721	-0.1134017510369603	0.0226369436148033	0.0128599571382487	0.0216968121207227	9.925306750379824e-05	0.0004707516562019	9.851171408913528e-09	-0.0002211133508795	-0.0007877071510241	4.8891113937160896e-08	6.204825557745043e-07	-0.0046171627714056	-0.0001275105348673	2.1318192057653843e-05	1.6258936502145076e-08	0.0	0.0	0.0	0.0	0.0	0.0	0.0	0.0	0.0	0.0	0.0	0.0	0.0	0.0	0.0	0.0	0.0	0.0
820.8111106422201	-4.034702698546198	673730.8793537149	16.27882586565597	911.269967981287	-15.56033273645346	830412.9545446158	242.12395486914525	792.8558014495463	-2.082713066777046	628620.3218922025	4.337693718523849	810.7597630232004	568.8693614169064	0.945373	22.715391	0.1893692120494703	0.1055867416226669	0.0073352214	-0.1022312778	0.0072166021	-0.0819054354	0.0151236259	0.0011325088	-0.0391150899	0.0661343524	0.0314927136	-0.0911848404	0.0350128218	0.0225090933	0.0306442205	-0.0194991968	-0.0725979046	0.063303966	-0.003877398	-0.0139350168	0.0025544261	-0.1647114502	0.139870735	0.0284440561	-0.0471233684	-0.0349876758	0.0560743427	0.0261948476	-0.0198071747	0.0902240231	0.0292299944	0.046025477	0.0956211121	-0.1355675709	0.0184429723	-0.0796628627	-0.0211319309	0.0581008694	-0.0899863487	0.023620327	0.0632621042	0.0999836365	-0.00431423	0.0515125017	-0.0774606882	0.0899483753	0.1779632128	0.1607700108	-0.0871926318	0.1102314431	0.2337615723	-0.0951404191	-0.0316216761	-0.0187422895	-0.1248953404	0.3339352616	-0.0962263948	-0.0027054554	-0.1185609488	0.023839813	0.017589158968164	0.0104920222690339	0.0003093785132073	0.0001100825312939	0.2464506784719589	-0.0276462095803253	0.0007643129041592	0.0607379369192888	-0.068340579154011	0.0821152070916611	0.0046704347591056	0.0067429072357063	0.0215195833206208	-0.0001772288001018	0.0004630924662931	3.1410047585559025e-08	-0.0012120179323527	-0.0009909045814732	1.468987468344514e-06	9.818918895845777e-07	-0.0044029806908117	0.0002141820805938	1.938623896366068e-05	4.587396364753182e-08	0.0	0.0	0.0	0.0	0.0	0.0	0.0	0.0	0.0	0.0	0.0	0.0	0.0	0.0	0.0	0.0	0.0	0.0
825.9205502758805	5.109439633660372	682144.7553680133	26.10637337001944	915.6239838471284	4.354015865841461	838367.2797960865	18.95745415999917	795.2084598782697	2.3526584287233163	632356.4946619696	5.535001682242863	811.3111585733764	572.4147929081805	0.925092	22.228065	0.2945417370636689	0.1592901705912908	0.0541014397	-0.1069333134	-0.0674903018	-0.0103196775	-0.0048760055	-0.0456749552	0.0638097327	0.1297689046	-0.0750034158	-0.0213530569	0.0945027028	0.1334675714	0.0058313816	0.0122687382	0.0117884942	0.0192131584	0.0220615701	-0.0697794684	-0.0222060393	-0.0963987955	-0.0176610328	0.0660270253	-0.1312609675	-0.0219711628	-0.0067426877	-0.0286234423	-0.0042324979	0.0292826299	0.0261013997	0.0524016533	0.0768385136	-0.0428171299	0.0493462176	-0.0362018867	0.0050285199	-0.0265863171	-0.0403381437	0.0067458094	0.098823715	0.0871179326	0.0248579285	0.006048508	-0.0098486938	-0.0074090229	-0.0196005753	0.007758086	-0.0834462964	0.0254743296	0.0412937759	-0.0916016371	0.0634153661	0.0630944479	0.1031885035	0.1653827345	0.022426057	0.1065712879	-0.1223675745	0.0355847396	0.0069549693047861	-0.0106341896633779	4.8371598030516846e-05	0.0001130859897966	0.194527745375538	-0.0519229330964209	0.0026959909813354	0.0378410437208901	-0.055347997877746	0.012992581276265	0.0030634008690749	0.0001688071682203	0.0190342212211738	-0.002485362099447	0.0003623015774965	6.177024765367602e-06	0.000460259152138	0.0016722770844906	2.118384871267906e-07	2.7965106473127157e-06	-0.0041807792141973	0.0002222014766144	1.747891483786419e-05	4.9373496209620075e-08	0.0	0.0	0.0	0.0	0.0	0.0	0.0	0.0	0.0	0.0	0.0	0.0	0.0	0.0	0.0	0.0	0.0	0.0
820.2084430487193	-5.712107227161141	672741.8900484043	32.628168974586536	921.1190982509304	5.495114403801949	848460.3931626071	30.19628231087165	792.3763323433792	-2.8321275348904464	627860.2520579454	8.020946373884637	809.6556100185321	569.5709672748533	0.907919	21.815447	0.0922923875300112	0.0558513423809299	0.0399642131	-0.0665435988	-0.072534582	0.0294824904	-0.0238120359	0.1125169887	0.0970366139	-0.0828900256	0.0118012923	-0.0951559524	0.0283083843	-0.1050348611	0.1014358558	0.0053698363	-0.0862712482	-0.1161196911	0.0815240055	-0.0638510167	-0.0059076895	-0.0106453679	-0.0685381006	0.0430925164	0.1095448567	-0.0807598825	0.07012454	-0.0876170153	0.0836698949	-0.03892674	0.0263591066	0.0447346159	0.024233408	-0.0022007212	0.0398561893	-0.0043658897	0.0131673981	-0.0283248183	-0.0090085148	0.0188712355	0.0417244667	0.0173904844	0.0300611976	-0.0377127241	0.0448213878	0.022255521	-0.0728042785	0.0169277057	-0.0377184304	0.1190959886	-0.0243925185	0.0228220805	-0.1186760005	0.1205717739	0.0602250957	-0.0450574309	0.0010632194	-0.0756921625	-0.1259946088	0.0471208409	6.693225289211568e-05	-0.0068880370518939	4.479926477214129e-09	4.744505442826437e-05	0.2064805109177854	0.0119527655422474	0.0001428686041079	0.0426342013888697	-0.0576069111577908	-0.0022589132800448	0.0033185562131416	5.102689206762762e-06	0.0180858063653103	-0.0009484148558634	0.0003270963918834	8.994907388225829e-07	0.0007904519266899	0.0003301927745519	6.248142484077751e-07	1.090272683662819e-07	-0.0043260250168984	-0.0001452458027011	1.87144924468308e-05	2.1096343202287005e-08	0.0	0.0	0.0	0.0	0.0	0.0	0.0	0.0	0.0	0.0	0.0	0.0	0.0	0.0	0.0	0.0	0.0	0.0
818.0512152830712	-2.1572277656481447	669207.7908261097	4.653631632883287	918.8640935743176	-2.2550046766127707	844311.2224601523	5.0850460915454665	791.8883952853046	-0.4879370580746354	627087.2305875347	0.2380825726425301	809.3690895991197	545.968387062733	0.857144	20.595413	0.1553787151763879	0.0703924680147554	0.0419720509	0.0388913095	-0.0309096469	0.007692255	0.0289997532	0.1077530453	0.0058005257	0.010400423	0.1138255105	0.0423769288	0.0125213278	-0.0357009276	-0.0037339092	-0.0370305695	0.0177816308	-0.0020461234	0.0457726007	-0.0177636433	-0.0053829258	0.0312834768	-0.0998829058	0.0083102629	0.0223558493	-0.0323013876	-0.0088810956	0.0325550386	0.1180266762	-0.047265077	0.0108095872	0.0111808441	-0.0796364828	0.0049275828	0.0333093695	0.0249533397	0.0279014894	-0.0366203165	0.0160786186	-0.0152115379	-0.0127069577	-0.0097586629	0.0314931665	-0.0529280688	-0.0219011871	0.0621875273	-0.1335542716	0.021171293	-0.0072067585	-0.0451782325	-0.0272259706	-0.0506918793	-0.0424194105	0.0286337928	0.0310524036	-0.0084433652	0.0717813889	0.0556768205	-0.1294367287	0.0583804184	-0.0147916578153655	-0.0148585900682576	0.0002187931409268	0.0002207776988165	0.1559271019085741	-0.0505534090092113	0.0025556471624526	0.0243132611096068	-0.0391866651761318	0.018420245981659	0.0015355947276262	0.0003393054620248	0.0178051481187069	-0.0002806582466034	0.000317023299529	7.876905138649516e-08	0.0015168499290663	0.0007263980023764	2.3008337073084395e-06	5.276540578564245e-07	-0.0047498981702638	-0.0004238731533654	2.25615326278754e-05	1.7966845014392809e-07	0.0	0.0	0.0	0.0	0.0	0.0	0.0	0.0	0.0	0.0	0.0	0.0	0.0	0.0	0.0	0.0	0.0	0.0
820.4629223037509	2.411707020679728	673159.4068752108	5.8163307535958895	915.5495097186116	-3.3145838557060188	838230.9047459901	10.986466136506978	792.9728982176962	1.084502932391615	628806.0173077728	1.176146610366012	809.7978067197197	546.6823578976158	0.758946	18.235918	0.1263663244582719	0.0744426578748983	0.0353750117	0.0270464903	-0.0128090345	0.0433681568	0.0430326358	-0.0026075771	-0.0176283181	-0.0696752889	-0.071475043	0.0185095715	-0.0058126296	0.074673234	-0.0827469822	0.0335676419	0.0837080011	-0.0087715854	-0.0361958134	-0.0243817029	0.1148186876	-0.0266475033	0.0109239042	-0.0044863656	-0.0851251931	0.0519969469	-0.0721398059	-0.0235804221	-0.0490013447	-0.1068287189	0.0505868931	-0.0760707992	0.0342488479	-0.0299385609	0.0391927539	0.0319521026	0.0284547231	-0.0252564695	0.0295582683	0.0116242946	0.0059690789	-0.0700802159	-0.0239228612	0.0316825652	-0.0681027722	0.0286435225	0.0148109315	-0.0417913047	0.0485905385	-0.061382577	0.0322686623	0.0382635815	0.0132143317	-0.1032432268	-0.164650352	0.0366305047	0.07109104	-0.0307361928	-0.1326888823	0.0692973963	-0.014278120481407	0.0005135373339585	0.0002038647244815	2.637205933692052e-07	0.199354193465183	0.0434270915566089	0.001885912281066	0.0397420944521536	-0.0602290025673113	-0.0210423373911795	0.0036275327502531	0.0004427799628842	0.016778571598543	-0.0010265765201638	0.0002815204648874	1.0538593517518207e-06	0.0015977874214885	8.093749242219991e-05	2.5529246442668694e-06	6.5508776795936695e-09	-0.0046297450193194	0.0001201531509444	2.1434538943912788e-05	1.4436779681867928e-08	0.0	0.0	0.0	0.0	0.0	0.0	0.0	0.0	0.0	0.0	0.0	0.0	0.0	0.0	0.0	0.0	0.0	0.0
819.3511828421506	-1.1117394616003369	671336.3608248313	1.2359646304794063	922.772964580639	7.223454862027438	851509.9441609413	52.17830014374783	791.7568854319899	-1.2160127857063117	626878.9656289652	1.4786870950012243	808.5286861255153	554.9703025241724	0.7461839999999998	17.929289	0.0870077088322574	0.0590425424442737	0.0536060461	0.0359259414	-0.051182765	0.0258145153	-4.82803e-05	0.0176205227	0.0333123923	-0.1093510919	-0.1202351121	-0.0419186001	-0.0073572984	-0.036206312	-0.0362865859	0.0591205607	0.1064399166	-0.0194435532	-0.0436406174	-0.0220585002	0.082413646	-0.0869824114	-0.0469535346	-0.0015862807	0.0551168366	0.0341314547	-0.0945408409	-0.0361027585	-0.0234597624	-0.0720493846	0.0312644294	-0.0959584431	0.0235941441	-0.1485856806	0.0373538351	0.0370264559	0.0272157714	-0.0588272504	0.0262663801	-0.010327865	0.0534848077	-0.0243809006	-0.0372997834	-0.0212525966	0.0608774398	-0.1187853282	-0.0317541349	-0.078433824	0.0432981864	0.0939465354	-0.0283109946	0.0056380829	0.0756041715	-0.1076843979	0.0385694859	-0.0045668171	-0.0152186913	0.0648396664	-0.1357462967	0.0798077096	-0.013951824335578	0.000326296145829	0.0001946534022908	1.0646917478286012e-07	0.1417126679004212	-0.0576415255647617	0.003322545469433	0.020082480243455	-0.062355559550653	-0.0021265569833417	0.003888215806875	4.522244603399357e-06	0.0166167739510951	-0.0001617976474478	0.0002761171765417	2.6178478719674653e-08	0.001858714751826	0.0002609273303374	3.4548205286555885e-06	6.808307171705485e-08	-0.0047452866443005	-0.0001155416249811	2.2517745336576696e-05	1.3349867103273178e-08	0.0	0.0	0.0	0.0	0.0	0.0	0.0	0.0	0.0	0.0	0.0	0.0	0.0	0.0	0.0	0.0	0.0	0.0
818.3443712491219	-1.006811593028715	669687.5099551206	1.0136695838570189	919.7507607743548	-3.0222038062842103	845941.4619450045	9.133715846718768	792.8443080564089	1.0874226244189913	628602.0968174457	1.1824879640982866	810.2067441337684	546.7736378561738	0.704276	16.922329	0.0418078816259175	0.022153951106265	0.0231303069	0.031206472	0.0041168993	0.0403742838	0.0163444458	0.0300293669	-0.0300714875	-0.0282550046	0.0317691997	0.0264639308	0.0256911774	0.0105741353	-0.0577944462	0.0104822861	-0.004005798	-0.0190147881	-0.0707368016	0.0553490222	-0.0145966527	-0.0551180734	-0.0400924191	0.0248140871	-0.0269622913	0.0438628625	-0.0114253997	0.0260878258	-0.0331003216	0.0208506708	-0.0525276586	-0.0373992792	-0.0125587979	-0.0380934291	0.033782223	0.0241434637	0.0316844747	-0.0174348304	0.012038823	-0.0161950598	-0.0047945288	-0.0416998245	-0.0392665163	0.0299620357	-0.0079664963	-0.0383071122	0.0432366576	-0.0425855084	0.0111445924	0.0153958306	0.0344206925	0.0974273845	-0.0367969208	-0.1084398881	-0.1356133233	0.0098608834	0.1076504815	0.0562885205	-0.1386044847	0.0898496795	-0.0202981769471506	-0.0063463526115725	0.0004120159873778	4.027619147041435e-05	0.1519413385755115	0.0102286706750903	0.0001046257037794	0.0230861703681182	-0.0483555990782633	0.0139999604723897	0.0023382639622177	0.0001959988932284	0.0164657502431335	-0.0001510237079615	0.0002711209310692	2.28081603664704e-08	0.0018297027947487	-2.901195707730002e-05	3.347812317111203e-06	8.416936534550985e-10	-0.0047899089365989	-4.462229229840013e-05	2.294322762091e-05	1.9911489699638603e-09	0.0	0.0	0.0	0.0	0.0	0.0	0.0	0.0	0.0	0.0	0.0	0.0	0.0	0.0	0.0	0.0	0.0	0.0
821.1105601937861	2.7661889446642363	674222.5520617532	7.651801277582641	920.2509999661831	0.5002391918283138	846861.90293876	0.2502392490410445	793.1113251794743	0.2670171230654432	629025.5741279419	0.071298144010146	810.1882874575876	551.9262159013341	0.7736849999999998	18.590069	0.0816450337147567	0.0399172167789521	0.0331055386	0.0272350405	0.0130069148	0.0332933647	0.0239571601	0.0791436877	0.0333739326	-0.0251964409	0.0408011861	0.1099582472	0.0327580184	-0.0073127479	0.0131328723	0.0340207354	0.0315538868	0.1055858525	0.0419514593	0.0487533874	-0.054388077	0.0187787867	0.0541344995	0.0164666815	-8.97218e-05	-0.0429390994	-0.1076490727	0.0453660917	0.0055220482	0.0841135653	-0.0816240866	-0.109723049	0.0399066279	-0.0152333738	0.025247087	0.0096370522	0.0104609858	-0.0429064863	0.026981578	-0.0338936162	-0.0507771947	-0.0409448714	-0.0352243488	-0.0146725963	0.0292210267	-0.0310255482	0.0968258313	0.1386946763	0.1151977447	-0.0387732119	-0.0214318339	0.103521877	0.0177832729	0.0441761422	-0.0277368071	0.009340701	-0.1155584364	0.1025906714	-0.1412592515	0.0993643757	-0.0227501609388411	-0.0024519839916905	0.0005175698227431	6.012225495506487e-06	0.1707244201223972	0.0187830815468856	0.0003528041523969	0.0291468276261287	-0.0461077695363627	0.0022478295419006	0.0021259264116183	5.052737649441064e-06	0.0170697209986286	0.000603970755495	0.000291375374971	3.6478067349332106e-07	0.0020559427909641	0.0002262399962154	4.226900759717253e-06	5.1184535887544275e-08	-0.005122940957574	-0.000333032020975	2.624452405478921e-05	1.1091032699475928e-07	0.0	0.0	0.0	0.0	0.0	0.0	0.0	0.0	0.0	0.0	0.0	0.0	0.0	0.0	0.0	0.0	0.0	0.0
820.4121681036944	-0.6983920900917155	673076.1255726045	0.4877515115026749	927.0827131529112	6.831713186728052	859482.357026963	46.67230506571396	794.1257612976847	1.0144361182103694	630635.7247566272	1.0290806379297226	811.2245937642027	553.9894360782754	0.721839	17.344311	0.0992221232666145	0.0603007211229374	0.0369451689	0.0100523084	-0.0485646534	0.0514401872	-0.011788732	0.0852248612	0.0472329613	-0.034868425	-0.0332248387	0.0844098031	0.0666100858	-0.0169612045	0.1009596414	-0.0072236662	-0.0844376027	0.0561060372	0.1096215207	-0.0180218522	-0.0167703088	0.0578356272	-0.0396545819	0.0639592768	0.0382600126	-0.0960413344	-0.0057781877	-0.0087718799	0.0537588496	0.1083155926	-0.0066214665	-0.0306554216	0.0556316668	0.1041047932	0.0228339008	0.0253776019	0.0291387559	-0.0367842944	0.0279234831	0.0079675653	-0.0125670878	-0.0511065601	0.0079095078	-0.0511051339	0.0194270545	0.0394017107	-0.0388257501	0.0217366206	0.0531103652	-0.0814587886	-0.0615198593	0.062128779	-0.055922218	0.1072551474	-0.0312674861	-0.0330974671	-0.0742490471	-0.1042195404	-0.1437067008	0.1082959623	-0.0243364019802214	-0.0015862410413803	0.0005922604613429	2.5161606413592605e-06	0.1740835016093314	0.0033590814869342	1.1283428435864084e-05	0.030305065532566	-0.0482919579782077	-0.002184188441845	0.0023321132053689	4.770679149489297e-06	0.0161105252589684	-0.0009591957396602	0.0002595490241198	9.200564669822794e-07	0.0024577826044744	0.0004018398135103	6.0406953308569655e-06	1.6147523572199277e-07	-0.0046421242648154	0.0004808166927585	2.154931768998792e-05	2.311846920353178e-07	0.0	0.0	0.0	0.0	0.0	0.0	0.0	0.0	0.0	0.0	0.0	0.0	0.0	0.0	0.0	0.0	0.0	0.0
817.5720047210867	-2.8401633826076704	668423.9829036567	8.066528039905444	925.5711862718736	-1.5115268810376392	856682.0208567233	2.2847135120993736	792.0199389397344	-2.1058223579502737	627295.5836781006	4.43448780324325	810.0497735577337	544.747046175166	0.761588	18.299417	0.1871722694607545	0.0968863153292348	0.0239909103	0.0470994894	0.0544436049	0.0426949032	-0.0037125684	0.1140812812	0.016284129	-0.093323872	0.0355712732	0.1347671974	0.0007571483	-0.0976577189	0.0783024749	-0.0029186658	-0.0149928477	0.0974722021	0.0786935592	-0.0180711558	-0.0246358868	0.0329868439	0.0685681173	0.0074796174	0.1034412932	-0.0901697874	-0.0677222992	0.0816485044	0.044378691	0.0710629772	-0.0414106313	-0.0211300301	0.0356190541	-0.0073536717	0.0130594857	-0.019326569	-0.0049126822	-0.0422491305	0.0168377494	-0.0246534458	-0.0163483143	0.0127963725	-0.0475815374	-0.044765019	0.060577692	-0.0742758485	0.0830128134	0.0825059887	0.1259082828	-0.0714148461	-0.0958292047	0.1163014944	0.0926938705	0.1017450289	0.0134199454	-0.0478881308	-0.1623833902	-0.0529743957	-0.1459432408	0.1165920251	-0.0233531418134731	0.0009832601667483	0.0005453692325601	9.668005555138991e-07	0.2113172703165275	0.0372337687071961	0.0013863535321409	0.0446549887340283	-0.0183181987854226	0.0299737591927851	0.0003355564067422	0.000898426240147	0.0179018616172024	0.0017913363582339	0.0003204766493614	3.208885948331046e-06	0.0020163138267856	-0.0004414687776888	4.065521448086791e-06	1.948946816740432e-07	-0.0047889487567731	-0.0001468244919577	2.2934030194998622e-05	2.1557431438636873e-08	0.0	0.0	0.0	0.0	0.0	0.0	0.0	0.0	0.0	0.0	0.0	0.0	0.0	0.0	0.0	0.0	0.0	0.0
819.2380523484013	1.6660476273145832	671150.9864156019	2.7757146964805526	915.4170163128828	-10.154169958990792	837988.3137551807	103.10716755607106	792.586013262785	0.5660743230505432	628192.5884197955	0.3204401392171307	809.247641759507	542.0499564358312	0.798787	19.193228	0.1150040939472964	0.0554496972531308	0.0203649524	0.026481293	0.0317227117	0.0234894385	-0.0057672447	-0.0262417091	-0.0781501921	0.0619065449	0.0260388271	-0.0475267389	-0.0177369419	0.0406516326	0.0067008317	-0.0240294941	0.0601738819	-0.0131223181	-0.0011482449	0.02030327	0.0724574577	0.0763562272	-0.018938311	-0.0222380563	-0.0382717933	0.0107031097	-0.0305263064	0.0289919633	-0.0514214019	-0.0559589999	-0.0003242536	-0.0307894113	8.44821e-05	0.0713867481	0.0102915175	-0.0144186666	0.0178795395	-0.0037310956	-0.013570557	-0.0016804817	-0.0014650751	-0.0018970522	0.0255940716	-0.0225618685	-0.011823819	-0.019836935	-0.0280967522	0.0040649961	-0.0748457531	0.0092362781	-0.1143728428	0.0668186793	0.0199079475	0.0410039186	0.0106448378	-0.013899388	-0.0288730687	-0.0648420645	-0.1479655889	0.1242038795	-0.0242276915916619	-0.0008745497781888	0.0005869810398606	7.648373145300799e-07	0.1814686969463537	-0.0298485733701737	0.0008909373322346	0.0329308879714075	0.0149002385225713	0.0332184373079939	0.0002220171080295	0.0011034645771851	0.0174792212901837	-0.0004226403270186	0.0003055231769112	1.7862484602247265e-07	0.0024517818584104	0.0004354680316248	6.011234281230355e-06	1.896324065671779e-07	-0.0046258064455978	0.0001631423111753	2.139808527213415e-05	2.661541369561861e-08	0.0	0.0	0.0	0.0	0.0	0.0	0.0	0.0	0.0	0.0	0.0	0.0	0.0	0.0	0.0	0.0	0.0	0.0
820.2257711347968	0.987718786395476	672770.315633672	0.9755884009985518	924.2555980166874	8.838581703804607	854248.4104651844	78.12052653482955	792.0282462880581	-0.5577669747268601	627308.7429181368	0.3111039980959538	809.3655793124001	554.8053518676351	0.720928	17.322432	0.1123245824874655	0.053632242832338	0.033118104	-0.0135333251	-0.0139696944	0.0499321046	-0.0147924804	0.117369754	0.1053948789	-0.1118101138	0.0262122862	-0.0387541591	-0.0019695864	-0.0522067953	0.0665052246	-0.0365317249	0.0233008131	-0.0769696028	0.0659525188	-0.0365043388	-0.037284473	0.1061618905	-0.0312160618	0.0095978011	0.0680578995	-0.0779735648	0.0412141402	-0.0318271975	0.1127748788	-0.0730356634	-0.0128792814	-0.0439199077	-0.0237358221	0.0698997364	0.0158348939	-0.0201395397	0.0220810939	-0.0224551102	0.0003128243	-0.002343109	0.0044977315	0.0050580728	0.0308371608	-0.0472212715	-0.0152956311	0.0123531646	-0.0727089297	0.0500110261	0.0332717076	0.0186989156	-0.0907801214	0.0742287316	-0.1121824231	0.0474481736	0.0470860598	-0.119079387	-0.0445944317	-0.0580320551	-0.1497707771	0.1310868562	-0.0235766754543078	0.000651016137354	0.0005558596254777	4.238220110954493e-07	0.2063831159554752	0.0249144190091215	0.000620728274562	0.0425939905514911	-0.0180572208080036	-0.0329574593305749	0.0003260632233089	0.0010861941255264	0.0169198727899119	-0.0005593485002718	0.0002862820952268	3.128707447563129e-07	0.0019451024196315	-0.0005066794387789	3.783423422856317e-06	2.567240536813012e-07	-0.0046158006244402	1.0005821157599812e-05	2.130561540458254e-05	1.0011645703787208e-10	0.0	0.0	0.0	0.0	0.0	0.0	0.0	0.0	0.0	0.0	0.0	0.0	0.0	0.0	0.0	0.0	0.0	0.0
818.4398090239256	-1.7859621108711965	669843.7209951198	3.1896606614674994	914.7236627114786	-9.531935305208776	836719.3791243029	90.85779066268552	792.5886928703211	0.5604465822630118	628196.8360658842	0.3141003715702908	809.9113111735107	544.3125607972471	0.819596	19.693213	0.0955184786680778	0.0524889604196056	0.0240906932	0.021814331	0.0234732627	-0.0037568732	0.0532565292	0.0297365396	-0.0482632588	0.0066517741	0.0982544535	0.0033882121	-0.0031649648	0.027852403	-0.0151022004	-0.0352027983	0.0599926906	0.0323809447	0.0084312068	0.0155105006	0.0190013501	0.0051626837	0.0337013886	-0.0067426304	-0.0296394991	-0.018593263	-0.0425650734	0.0772577553	0.0245996739	-0.0163909855	-0.0088976949	-0.0259208749	0.0263044462	0.0246826147	0.0180342473	-0.0248206362	0.0279962718	0.000358382	-0.0018547875	0.0176006038	0.0013279135	-0.0081847417	0.0172135103	-0.0429036029	-0.0196934937	0.0752723655	-0.0493078456	0.0182119919	0.0290994151	-0.0672267127	-0.0053302669	0.0204823379	-0.0688547693	0.0078890465	0.0322097753	-0.1059674018	-0.0232879517	-0.0782519729	-0.1513561561	0.1372005631	-2.457064593386349e-05	0.0235521048083739	6.037166416072823e-10	0.0005547016409046	0.1625435071965455	-0.0438396087589297	0.001921911296136	0.0264203917317534	-0.0239591684139526	-0.005901947605949	0.0005740417510881	3.483298554336714e-05	0.0169216425715832	1.7697816713027614e-06	0.0002863419873204	3.132127164079196e-12	0.0021178330850162	0.0001727306653847	4.485216975989236e-06	2.983588276424123e-08	-0.0048857965272807	-0.0002699959028405	2.3871007705988156e-05	7.289778755065705e-08	0.0	0.0	0.0	0.0	0.0	0.0	0.0	0.0	0.0	0.0	0.0	0.0	0.0	0.0	0.0	0.0	0.0	0.0
821.2558329555756	2.8160239316499656	674461.1431635562	7.92999078362533	917.8522001730428	3.1285374615641786	842452.6613624954	9.787746648410431	792.6615744964986	0.0728816261774909	628312.3716832682	0.0053117314342755	809.5366390614715	553.0740284318598	0.7581219999999999	18.216122	0.0934896946287366	0.0515570542287095	0.0280080085	-0.0085977824	-0.0084083667	0.0319542712	0.0153433677	-0.0568019205	-0.0146612669	0.0480820143	-0.0417713186	0.0161656135	0.0083605332	0.024531726	0.0015276848	0.0075773374	0.0201817434	-0.0099767204	0.0410064991	-0.0126458073	0.0746542342	0.0594568623	0.0237501177	0.007206202	-0.0406820691	-0.0151198181	0.0181521419	-0.0259347153	0.0173471828	-0.0479967915	0.0033383368	0.0836007077	-0.02483969	0.056368676	0.0210698786	-0.0315851485	0.0353907603	-0.0160882281	0.0122431818	0.0089800203	0.0234899875	0.0318808439	-0.0036036858	-0.0522730439	-0.0110535614	0.0411680757	-0.0516692099	-0.0247576278	0.0173654828	-0.0508876105	-0.0331434562	0.0700899355	0.0125037335	0.0242534642	0.0948069537	-0.0306550166	-0.0458183883	-0.0426299145	-0.152719399	0.1425091225	-0.0188960611679362	-0.0188714905220023	0.0003570611276623	0.000356133154522	0.2061930500918549	0.0436495428953093	0.0019052825949694	0.0425155739061821	-0.0121308722576429	0.0118282961563097	0.0001471580617312	0.0001399085899613	0.0167734914751576	-0.0001481510964256	0.0002813500162671	2.194874737210825e-08	0.0021687326286916	5.089954367539992e-05	4.7034012147515775e-06	2.590763546363944e-09	-0.0047020398662794	0.0001837566610013	2.2109178904080797e-05	3.3766510462346975e-08	0.0	0.0	0.0	0.0	0.0	0.0	0.0	0.0	0.0	0.0	0.0	0.0	0.0	0.0	0.0	0.0	0.0	0.0
821.3882347960181	0.132401840442526	674678.6322613185	0.0175302473525681	915.4297137904812	-2.422486382561601	838011.5608905223	5.868440273696392	793.8469684938841	1.1853939973855177	630193.0093869298	1.4051589290376163	809.4991308765162	555.7548902513635	0.710528	17.072552	0.1606085530651947	0.0728510583733495	0.0212158589	-0.0352941411	-0.0197935055	0.0167363883	-0.0525871688	-0.0200973699	0.0486609886	0.1269241096	-0.0137105075	-0.0354630287	0.0515548597	0.0657390432	-0.0186805886	-0.0421687631	-0.0735041823	-0.0687358886	-0.0195999643	-0.1063834348	-0.0092754382	0.0266348968	-0.0556099936	0.0391311435	-0.0874479128	0.0391695665	0.1016577043	-0.0480303853	0.0358892518	-0.0296999146	0.0965948035	0.0822143219	-0.0476642103	0.0293807814	0.0216962301	-0.0147642214	0.0586456307	0.0125981654	-0.0207160338	0.0081044979	0.0561672553	0.0011846165	0.0430191499	-0.026335542	-0.0499956373	-0.0329858289	-0.0646486402	-0.1202266258	-0.0895215698	0.0721418825	-0.0613791721	0.0360134322	0.0035631921	0.0292672569	-0.0204043281	0.0159558505	0.0193925923	-0.0322170158	-0.1538585052	0.1469813818	-0.0319733637929999	-0.0130773026250637	0.0010222959922395	0.0001710158439474	0.1651030454510333	-0.0410900046408216	0.0016883884813827	0.0272590156172059	0.0184095254254117	0.0305403976830545	0.0003389106263888	0.0009327158906391	0.015979340834206	-0.0007941506409515	0.0002553393334957	6.306752405238336e-07	0.0019460758323246	-0.000222656796367	3.787211145157885e-06	4.957604896841572e-08	-0.0042008303412729	0.0005012095250064	1.7646975556158988e-05	2.512109879572413e-07	0.0	0.0	0.0	0.0	0.0	0.0	0.0	0.0	0.0	0.0	0.0	0.0	0.0	0.0	0.0	0.0	0.0	0.0
821.0259431573315	-0.3622916386865427	674083.5993373859	0.1312552314621803	922.1489518655312	6.719238075050043	850358.6894266978	45.14816030920221	792.8401941227007	-1.0067743711833828	628595.5734165218	1.0135946344716955	809.6064465062668	564.4202532679097	0.658314	15.817952	0.071856949675581	0.0400933548843942	0.0254791186	-0.0455714177	-0.0451693795	0.0178160321	-0.0192138969	0.0114257922	0.1091393535	0.0266879716	-0.0443659984	-0.0639469841	0.0472059759	-0.026960026	0.0068168337	-0.0038037309	-0.113997777	-0.0073287119	-0.0019409851	-0.1068880982	-0.013765419	-0.0523224459	-0.0412389306	0.0458854406	0.0257992275	-0.0067804637	0.0735732831	-0.0426103367	0.0785809695	0.0647708701	0.0698903904	0.0497726134	0.0408750043	-0.0421257999	0.0199872539	-0.0050947363	0.0628010552	0.0118951519	-0.0166794134	-0.0116725914	0.0277221317	-0.0126688962	0.0499389639	0.0056755576	-0.0546794053	0.0016098584	-0.0658198844	-0.08467792	0.0080606835	0.0140540143	0.0740936337	0.0859675426	-0.0154773197	0.0260916755	0.0090356008	0.0265749012	0.0014507398	0.0891050678	-0.1547718027	0.1505910958	-0.0374409248014302	-0.0054675610084303	0.0014018228499863	2.9894223380907368e-05	0.1424241131989134	-0.0226789322521198	0.0005143339680962	0.0202846280204969	0.0165854428150709	-0.0018240826103408	0.0002750769133719	3.3272773693477065e-06	0.0153015572433715	-0.0006777835908345	0.0002341376540721	4.593905960045098e-07	0.0021020262238868	0.0001559503915621	4.4185142459078e-06	2.4320524628403487e-08	-0.0041968368475758	3.993493697099573e-06	1.7613439525169978e-05	1.594799190877402e-11	0.0	0.0	0.0	0.0	0.0	0.0	0.0	0.0	0.0	0.0	0.0	0.0	0.0	0.0	0.0	0.0	0.0	0.0
818.7942939834131	-2.231649173918413	670424.0958597959	4.980258035450735	915.1709679268502	-6.977983938681064	837537.9005361678	48.69225984849089	793.1587733498103	0.3185792271095806	629100.8397417758	0.1014927239457377	810.2296796395044	550.6181494337626	0.65324	15.696026	0.1090563235794056	0.055755838560825	0.021126771	-0.0120034175	-0.0017536498	-0.0014183062	0.0023045415	0.0282002431	-0.0362493283	0.0597407389	0.0392204068	-0.0327152823	0.053940304	0.0116282177	0.0399814264	-0.0585723407	-0.1233816364	0.0602263106	0.0094716763	-0.1177444507	0.0035786403	0.0725445427	0.0238268198	0.0475332922	-0.017765806	-0.0386492464	0.0658454264	0.0069886164	0.0638823747	0.0535324804	0.1165126325	0.0551048985	-0.0151084423	0.0282906136	0.0181420211	-0.0248313043	0.0500200353	0.0177282415	-0.005695878	-0.00689169	0.0094772034	0.0074535626	0.0330466624	-0.0066059104	-0.079473056	0.0982725522	-0.0887350937	-0.065291925	-0.0161313687	-0.0468759079	0.0594115868	0.0374560006	0.0013275017	0.0055945048	-0.0575673331	-0.0164229335	0.0163050878	-0.0043373524	-0.1554579513	0.1533170814	-0.0244285507964718	0.0130123740049584	0.0005967540940158	0.0001693218772449	0.1608806973516579	0.0184565841527444	0.0003406454985873	0.0258825987803557	-0.0110858729942719	-0.0276713158093427	0.0001228965800451	0.0007657017186203	0.0160485284140272	0.0007469711706557	0.0002575552642558	5.579659297907476e-07	0.0019739735823569	-0.0001280526415298	3.896571703842934e-06	1.6397479002785066e-08	-0.0043201340276374	-0.0001232971800615	1.8663558016750545e-05	1.5202194611142568e-08	0.0	0.0	0.0	0.0	0.0	0.0	0.0	0.0	0.0	0.0	0.0	0.0	0.0	0.0	0.0	0.0	0.0	0.0
822.6214784540927	3.8271844706795264	676706.0968139973	14.647340972610529	914.3266496400576	-0.8443182867925998	835993.2222420125	0.7128733694123908	793.4250644249253	0.2662910751149638	629523.3328576968	0.0709109366858833	809.6568903181713	558.195616506868	0.7276399999999998	17.483715	0.1067147862867895	0.0533000717839117	0.0220481349	-0.0100537137	-0.0493244192	0.028140511	0.038163271	-0.0838517638	0.0116426887	0.0486429344	-0.1673850153	0.0341832148	0.0182569424	0.0719100382	-0.0759386258	0.0214778018	0.0648443526	0.051022488	-0.0886848392	-0.1401860126	0.0479732243	-0.0949114482	0.0258937208	0.0063637866	-0.0985430134	0.0817634287	-0.0488463208	-0.0068485242	-0.0582066158	-0.0287013306	0.1337435745	0.0721019485	0.0413631698	-0.0800674413	0.0241305173	0.0057989491	0.0533735829	-0.0077436496	0.0102457573	0.0148790843	0.0365052727	-0.0546101441	-0.0385620878	0.0213736037	-0.0972652125	0.0104216948	0.0037801755	-0.1354475945	0.0699706282	-0.04994027	0.0413483357	0.0141468581	0.1308631663	-0.1811027067	-0.0201111917	0.0188535129	-0.0073294648	-0.0757071067	-0.155915944	0.1551433414	-0.0271436010229848	-0.002715050226513	0.0007367750764949	7.371497732488308e-06	0.1893783283963444	0.0284976310446865	0.000812114975159	0.0358641512661936	-0.0149627143344019	-0.00387684134013	0.0002238828202529	1.5029898776540984e-05	0.0154835263200685	-0.0005650020939587	0.0002397395873042	3.1922736617771615e-07	0.00245976355177	0.0004857899694131	6.050436730616166e-06	2.359918943823807e-07	-0.0047018472377748	-0.0003817132101374	2.210736744737052e-05	1.4570497479339906e-07	0.0	0.0	0.0	0.0	0.0	0.0	0.0	0.0	0.0	0.0	0.0	0.0	0.0	0.0	0.0	0.0	0.0	0.0
821.4291869512995	-1.1922915027931822	674745.9091754729	1.4215590276328247	917.7105057175096	3.383856077452037	842192.5723042872	11.450481952909088	792.7586284106291	-0.6664360142962096	628466.2429195018	0.4441369611510176	808.7608193844228	558.4935444460975	0.674242	16.200668	0.1138028856359813	0.0701164003514937	0.0317404922	-0.0069113423	-0.0263900785	0.0442064404	-0.0092355615	-0.064158986	0.0160367009	0.0198729878	-0.1504631947	0.031943849	0.0013690762	0.0159619183	-0.1230561101	0.0333637329	-0.0013766742	0.074471502	-0.0722131203	-0.081895289	0.0551012219	-0.0781635144	0.0667865058	-0.002176587	-0.039917735	0.1285702108	-0.0561921433	0.0197837178	-0.0750759188	0.0425504951	0.0789927091	0.0308926233	0.0666905295	-0.1032302909	0.0216046754	0.0079919781	0.0654683068	0.0060624439	0.0102470154	-0.0315890027	0.0605360347	-0.0354082514	-0.016773504	-0.0045039114	-0.0449539339	-0.1321508175	0.035948587	-0.1059954096	0.1266092128	0.069506831	0.0435992588	0.0462111814	0.0787054118	-0.1521395427	-0.057188992	-0.0125646237	-0.1808292057	0.0544726729	-0.1561451084	0.1560591586	-0.0232215472538541	0.0039220537691307	0.0005392402568629	1.5382505767952346e-05	0.1729903038800699	-0.0163880245162744	0.000268567347546	0.0299256452365189	0.0172037389938992	0.0321664533283011	0.0002959686353702	0.0010346807197217	0.0144466701953348	-0.0010368561247337	0.0002087062797327	1.075070623397786e-06	0.0024499803642752	-9.783187494800257e-06	6.002403785334041e-06	9.571075755841608e-11	-0.0045219594695578	0.000179887768217	2.0448117444323457e-05	3.2359609154093303e-08	0.0	0.0	0.0	0.0	0.0	0.0	0.0	0.0	0.0	0.0	0.0	0.0	0.0	0.0	0.0	0.0	0.0	0.0
